grid_cell_id,lon,lat,lat_abs,land_fraction,ocean_basin,psl_trend_forced
0,1.25,-88.75,88.75,1.0,0,-100.81070690712107
1,3.75,-88.75,88.75,1.0,0,-100.66753118709144
2,6.25,-88.75,88.75,1.0,0,-100.50254714839181
3,8.75,-88.75,88.75,1.0,0,-100.33053274539338
4,11.25,-88.75,88.75,1.0,0,-100.14721080047751
5,13.75,-88.75,88.75,1.0,0,-99.95023129924091
6,16.25,-88.75,88.75,1.0,0,-99.73652828755968
7,18.75,-88.75,88.75,1.0,0,-99.50091847907751
8,21.25,-88.75,88.75,1.0,0,-99.26343228391157
9,23.75,-88.75,88.75,1.0,0,-99.01901485766797
10,26.25,-88.75,88.75,1.0,0,-98.7657263040588
11,28.75,-88.75,88.75,1.0,0,-98.49033939871407
12,31.25,-88.75,88.75,1.0,0,-98.21849339220192
13,33.75,-88.75,88.75,1.0,0,-97.95535315459792
14,36.25,-88.75,88.75,1.0,0,-97.69776757054251
15,38.75,-88.75,88.75,1.0,0,-97.4316985535333
16,41.25,-88.75,88.75,1.0,0,-97.168283189754
17,43.75,-88.75,88.75,1.0,0,-96.9323230734592
18,46.25,-88.75,88.75,1.0,0,-96.70981579926963
19,48.75,-88.75,88.75,1.0,0,-96.50558461559247
20,51.25,-88.75,88.75,1.0,0,-96.31401845034658
21,53.75,-88.75,88.75,1.0,0,-96.15200975313766
22,56.25,-88.75,88.75,1.0,0,-96.01867853074482
23,58.75,-88.75,88.75,1.0,0,-95.90993863023672
24,61.25,-88.75,88.75,1.0,0,-95.82024397248009
25,63.75,-88.75,88.75,1.0,0,-95.74933611184103
26,66.25,-88.75,88.75,1.0,0,-95.70130687525575
27,68.75,-88.75,88.75,1.0,0,-95.66897681452319
28,71.25,-88.75,88.75,1.0,0,-95.64804729996659
29,73.75,-88.75,88.75,1.0,0,-95.63640460804555
30,76.25,-88.75,88.75,1.0,0,-95.6232562954121
31,78.75,-88.75,88.75,1.0,0,-95.60458513630924
32,81.25,-88.75,88.75,1.0,0,-95.57797732474208
33,83.75,-88.75,88.75,1.0,0,-95.53940705564813
34,86.25,-88.75,88.75,1.0,0,-95.47935682505303
35,88.75,-88.75,88.75,1.0,0,-95.39394022167988
36,91.25,-88.75,88.75,1.0,0,-95.28241918455103
37,93.75,-88.75,88.75,1.0,0,-95.14120182500598
38,96.25,-88.75,88.75,1.0,0,-94.95857807643516
39,98.75,-88.75,88.75,1.0,0,-94.75138262265116
40,101.25,-88.75,88.75,1.0,0,-94.51561676351173
41,103.75,-88.75,88.75,1.0,0,-94.24637212494528
42,106.25,-88.75,88.75,1.0,0,-93.94540381506624
43,108.75,-88.75,88.75,1.0,0,-93.60895790536142
44,111.25,-88.75,88.75,1.0,0,-93.26663349447017
45,113.75,-88.75,88.75,1.0,0,-92.90837300924673
46,116.25,-88.75,88.75,1.0,0,-92.54472773378285
47,118.75,-88.75,88.75,1.0,0,-92.15699857563537
48,121.25,-88.75,88.75,1.0,0,-91.78274868275287
49,123.75,-88.75,88.75,1.0,0,-91.4210546045937
50,126.25,-88.75,88.75,1.0,0,-91.07736782823761
51,128.75,-88.75,88.75,1.0,0,-90.74115055596373
52,131.25,-88.75,88.75,1.0,0,-90.41947707063909
53,133.75,-88.75,88.75,1.0,0,-90.14449988110174
54,136.25,-88.75,88.75,1.0,0,-89.90551770343897
55,138.75,-88.75,88.75,1.0,0,-89.696974475175
56,141.25,-88.75,88.75,1.0,0,-89.52100415562678
57,143.75,-88.75,88.75,1.0,0,-89.39456093649696
58,146.25,-88.75,88.75,1.0,0,-89.30122781729516
59,148.75,-88.75,88.75,1.0,0,-89.24336626433856
60,151.25,-88.75,88.75,1.0,0,-89.21768619460998
61,153.75,-88.75,88.75,1.0,0,-89.22387100109626
62,156.25,-88.75,88.75,1.0,0,-89.25786613364671
63,158.75,-88.75,88.75,1.0,0,-89.31637210165125
64,161.25,-88.75,88.75,1.0,0,-89.39168394886833
65,163.75,-88.75,88.75,1.0,0,-89.48444354808808
66,166.25,-88.75,88.75,1.0,0,-89.58495859208347
67,168.75,-88.75,88.75,1.0,0,-89.69067986794417
68,171.25,-88.75,88.75,1.0,0,-89.80143335393747
69,173.75,-88.75,88.75,1.0,0,-89.90856136465581
70,176.25,-88.75,88.75,1.0,0,-89.97780766599524
71,178.75,-88.75,88.75,1.0,0,-89.58883208750764
72,181.25,-88.75,88.75,1.0,0,-89.72582211857767
73,183.75,-88.75,88.75,1.0,0,-90.35981553065704
74,186.25,-88.75,88.75,1.0,0,-90.51288540290594
75,188.75,-88.75,88.75,1.0,0,-90.58910569913638
76,191.25,-88.75,88.75,1.0,0,-90.65115258087617
77,193.75,-88.75,88.75,1.0,0,-90.71694185035929
78,196.25,-88.75,88.75,1.0,0,-90.87276952975233
79,198.75,-88.75,88.75,1.0,0,-91.0956425027786
80,201.25,-88.75,88.75,1.0,0,-91.22729922831294
81,203.75,-88.75,88.75,1.0,0,-91.3276159765619
82,206.25,-88.75,88.75,1.0,0,-91.38997531692007
83,208.75,-88.75,88.75,1.0,0,-91.49867890523687
84,211.25,-88.75,88.75,1.0,0,-91.71045941194261
85,213.75,-88.75,88.75,1.0,0,-91.96649662837505
86,216.25,-88.75,88.75,1.0,0,-92.2417423522347
87,218.75,-88.75,88.75,1.0,0,-92.48477737907301
88,221.25,-88.75,88.75,1.0,0,-92.69430416535837
89,223.75,-88.75,88.75,1.0,0,-92.87343502839373
90,226.25,-88.75,88.75,1.0,0,-93.06412802644252
91,228.75,-88.75,88.75,1.0,0,-93.28700695382167
92,231.25,-88.75,88.75,1.0,0,-93.5441493202148
93,233.75,-88.75,88.75,1.0,0,-93.81451073973177
94,236.25,-88.75,88.75,1.0,0,-94.10384358989907
95,238.75,-88.75,88.75,1.0,0,-94.41474510224839
96,241.25,-88.75,88.75,1.0,0,-94.74523626666107
97,243.75,-88.75,88.75,1.0,0,-95.10748991876666
98,246.25,-88.75,88.75,1.0,0,-95.45583129607974
99,248.75,-88.75,88.75,1.0,0,-95.80838998225752
100,251.25,-88.75,88.75,1.0,0,-96.16204474617075
101,253.75,-88.75,88.75,1.0,0,-96.5299415717276
102,256.25,-88.75,88.75,1.0,0,-96.88888642576025
103,258.75,-88.75,88.75,1.0,0,-97.24359601938235
104,261.25,-88.75,88.75,1.0,0,-97.58333912921958
105,263.75,-88.75,88.75,1.0,0,-97.91018282670055
106,266.25,-88.75,88.75,1.0,0,-98.24224238333122
107,268.75,-88.75,88.75,1.0,0,-98.55868337355007
108,271.25,-88.75,88.75,1.0,0,-98.88206402688081
109,273.75,-88.75,88.75,1.0,0,-99.21280152777749
110,276.25,-88.75,88.75,1.0,0,-99.55531038249113
111,278.75,-88.75,88.75,1.0,0,-99.86351503507112
112,281.25,-88.75,88.75,1.0,0,-100.14481371931235
113,283.75,-88.75,88.75,1.0,0,-100.40806387089441
114,286.25,-88.75,88.75,1.0,0,-100.66235089503512
115,288.75,-88.75,88.75,1.0,0,-100.9058661096606
116,291.25,-88.75,88.75,1.0,0,-101.10980572589584
117,293.75,-88.75,88.75,1.0,0,-101.28688939093063
118,296.25,-88.75,88.75,1.0,0,-101.44878702515767
119,298.75,-88.75,88.75,1.0,0,-101.59893260878005
120,301.25,-88.75,88.75,1.0,0,-101.71894441031239
121,303.75,-88.75,88.75,1.0,0,-101.81640033645665
122,306.25,-88.75,88.75,1.0,0,-101.90182644374526
123,308.75,-88.75,88.75,1.0,0,-101.97923393785736
124,311.25,-88.75,88.75,1.0,0,-102.04195862110078
125,313.75,-88.75,88.75,1.0,0,-102.07756690834985
126,316.25,-88.75,88.75,1.0,0,-102.09423779524094
127,318.75,-88.75,88.75,1.0,0,-102.09189296906592
128,321.25,-88.75,88.75,1.0,0,-102.07548893769876
129,323.75,-88.75,88.75,1.0,0,-102.04882351244703
130,326.25,-88.75,88.75,1.0,0,-102.00753792299147
131,328.75,-88.75,88.75,1.0,0,-101.95852631536962
132,331.25,-88.75,88.75,1.0,0,-101.90449734185005
133,333.75,-88.75,88.75,1.0,0,-101.84231687894844
134,336.25,-88.75,88.75,1.0,0,-101.77613149952315
135,338.75,-88.75,88.75,1.0,0,-101.7080911821535
136,341.25,-88.75,88.75,1.0,0,-101.6406045322327
137,343.75,-88.75,88.75,1.0,0,-101.56351270063995
138,346.25,-88.75,88.75,1.0,0,-101.4782129152508
139,348.75,-88.75,88.75,1.0,0,-101.38637072318703
140,351.25,-88.75,88.75,1.0,0,-101.29031289958633
141,353.75,-88.75,88.75,1.0,0,-101.18368533466018
142,356.25,-88.75,88.75,1.0,0,-101.0656846703176
143,358.75,-88.75,88.75,1.0,0,-100.94391163438239
144,1.25,-86.25,86.25,1.0,0,-100.2422761828183
145,3.75,-86.25,86.25,1.0,0,-100.45868525343886
146,6.25,-86.25,86.25,1.0,0,-100.64521584246734
147,8.75,-86.25,86.25,1.0,0,-100.77860187880127
148,11.25,-86.25,86.25,1.0,0,-100.86676932872074
149,13.75,-86.25,86.25,1.0,0,-100.90743263625725
150,16.25,-86.25,86.25,1.0,0,-100.89889647239646
151,18.75,-86.25,86.25,1.0,0,-100.83007385281164
152,21.25,-86.25,86.25,1.0,0,-100.70315751837376
153,23.75,-86.25,86.25,1.0,0,-100.52054411603811
154,26.25,-86.25,86.25,1.0,0,-100.28081180335325
155,28.75,-86.25,86.25,1.0,0,-99.95838706701596
156,31.25,-86.25,86.25,1.0,0,-99.58482382942042
157,33.75,-86.25,86.25,1.0,0,-99.16131863822109
158,36.25,-86.25,86.25,1.0,0,-98.69043970203154
159,38.75,-86.25,86.25,1.0,0,-98.1755509111086
160,41.25,-86.25,86.25,1.0,0,-97.61402855439039
161,43.75,-86.25,86.25,1.0,0,-97.07359409023255
162,46.25,-86.25,86.25,1.0,0,-96.5342515030719
163,48.75,-86.25,86.25,1.0,0,-96.0160050588114
164,51.25,-86.25,86.25,1.0,0,-95.51153191983838
165,53.75,-86.25,86.25,1.0,0,-95.07952279722599
166,56.25,-86.25,86.25,1.0,0,-94.7179378730023
167,58.75,-86.25,86.25,1.0,0,-94.42533068918247
168,61.25,-86.25,86.25,1.0,0,-94.21557388648841
169,63.75,-86.25,86.25,1.0,0,-94.09746549270075
170,66.25,-86.25,86.25,1.0,0,-94.0809306158421
171,68.75,-86.25,86.25,1.0,0,-94.15939441726596
172,71.25,-86.25,86.25,1.0,0,-94.32601104577253
173,73.75,-86.25,86.25,1.0,0,-94.5937124055664
174,76.25,-86.25,86.25,1.0,0,-94.92726656392031
175,78.75,-86.25,86.25,1.0,0,-95.3035933421633
176,81.25,-86.25,86.25,1.0,0,-95.70639289971376
177,83.75,-86.25,86.25,1.0,0,-96.12660708060028
178,86.25,-86.25,86.25,1.0,0,-96.54739021986026
179,88.75,-86.25,86.25,1.0,0,-96.90433995498405
180,91.25,-86.25,86.25,1.0,0,-97.19519594929655
181,93.75,-86.25,86.25,1.0,0,-97.39591338807637
182,96.25,-86.25,86.25,1.0,0,-97.4724924937424
183,98.75,-86.25,86.25,1.0,0,-97.40213270026891
184,101.25,-86.25,86.25,1.0,0,-97.19488703797724
185,103.75,-86.25,86.25,1.0,0,-96.84590109707472
186,106.25,-86.25,86.25,1.0,0,-96.35359611762775
187,108.75,-86.25,86.25,1.0,0,-95.70961738718321
188,111.25,-86.25,86.25,1.0,0,-94.99404413595366
189,113.75,-86.25,86.25,1.0,0,-94.205042271372
190,116.25,-86.25,86.25,1.0,0,-93.37423318161251
191,118.75,-86.25,86.25,1.0,0,-92.49063727257084
192,121.25,-86.25,86.25,1.0,0,-91.68015040815182
193,123.75,-86.25,86.25,1.0,0,-90.96098721473332
194,126.25,-86.25,86.25,1.0,0,-90.34051479167672
195,128.75,-86.25,86.25,1.0,0,-89.83382547332715
196,131.25,-86.25,86.25,1.0,0,-89.47323557113359
197,133.75,-86.25,86.25,1.0,0,-89.2791974553318
198,136.25,-86.25,86.25,1.0,0,-89.22701246250473
199,138.75,-86.25,86.25,1.0,0,-89.31154973972453
200,141.25,-86.25,86.25,1.0,0,-89.54671499410877
201,143.75,-86.25,86.25,1.0,0,-89.90756567726471
202,146.25,-86.25,86.25,1.0,0,-90.35569462315755
203,148.75,-86.25,86.25,1.0,0,-90.87064295209983
204,151.25,-86.25,86.25,1.0,0,-91.44446524472514
205,153.75,-86.25,86.25,1.0,0,-92.0823994680218
206,156.25,-86.25,86.25,1.0,0,-92.73702108738918
207,158.75,-86.25,86.25,1.0,0,-93.40563779363899
208,161.25,-86.25,86.25,1.0,0,-94.06529802704331
209,163.75,-86.25,86.25,1.0,0,-94.83201740979287
210,166.25,-86.25,86.25,1.0,0,-95.63566076004626
211,168.75,-86.25,86.25,1.0,0,-96.40415642735537
212,171.25,-86.25,86.25,1.0,0,-97.2945725528834
213,173.75,-86.25,86.25,1.0,0,-98.28102205004011
214,176.25,-86.25,86.25,1.0,0,-99.20311513583647
215,178.75,-86.25,86.25,1.0,0,-99.85002288464774
216,181.25,-86.25,86.25,1.0,0,-100.61889498965944
217,183.75,-86.25,86.25,1.0,0,-101.57468695600386
218,186.25,-86.25,86.25,1.0,0,-102.44354405549586
219,188.75,-86.25,86.25,1.0,0,-103.11070509121359
220,191.25,-86.25,86.25,1.0,0,-103.6333117000358
221,193.75,-86.25,86.25,1.0,0,-104.1218993180144
222,196.25,-86.25,86.25,1.0,0,-104.62607116129365
223,198.75,-86.25,86.25,1.0,0,-105.13602827474963
224,201.25,-86.25,86.25,1.0,0,-105.51438713971365
225,203.75,-86.25,86.25,1.0,0,-105.81128732538662
226,206.25,-86.25,86.25,1.0,0,-106.01970818017593
227,208.75,-86.25,86.25,1.0,0,-106.17646250397455
228,211.25,-86.25,86.25,1.0,0,-106.29021203185283
229,213.75,-86.25,86.25,1.0,0,-106.35067701758577
230,216.25,-86.25,86.25,1.0,0,-106.35027635266779
231,218.75,-86.25,86.25,1.0,0,-106.2701473990025
232,221.25,-86.25,86.25,1.0,0,-106.09812811393275
233,223.75,-86.25,86.25,1.0,0,-105.82707742640561
234,226.25,-86.25,86.25,1.0,0,-105.49363171856882
235,228.75,-86.25,86.25,1.0,0,-105.15805975778073
236,231.25,-86.25,86.25,1.0,0,-104.75263984126045
237,233.75,-86.25,86.25,1.0,0,-104.37396141452481
238,236.25,-86.25,86.25,1.0,0,-104.15739732756388
239,238.75,-86.25,86.25,1.0,0,-103.87759609166672
240,241.25,-86.25,86.25,1.0,0,-103.58958880101127
241,243.75,-86.25,86.25,1.0,0,-103.2817961495342
242,246.25,-86.25,86.25,1.0,0,-102.95765743485397
243,248.75,-86.25,86.25,1.0,0,-102.67127586744252
244,251.25,-86.25,86.25,1.0,0,-102.38622734783655
245,253.75,-86.25,86.25,1.0,0,-102.07023224317679
246,256.25,-86.25,86.25,1.0,0,-101.73488615234054
247,258.75,-86.25,86.25,1.0,0,-101.37802448108583
248,261.25,-86.25,86.25,1.0,0,-101.0177635498426
249,263.75,-86.25,86.25,1.0,0,-100.7158515505519
250,266.25,-86.25,86.25,1.0,0,-100.39988556468607
251,268.75,-86.25,86.25,1.0,0,-100.14253525358448
252,271.25,-86.25,86.25,1.0,0,-100.03960751501398
253,273.75,-86.25,86.25,1.0,0,-99.88109285773243
254,276.25,-86.25,86.25,1.0,0,-99.84802368482721
255,278.75,-86.25,86.25,1.0,0,-99.90643524172478
256,281.25,-86.25,86.25,1.0,0,-99.97472841381617
257,283.75,-86.25,86.25,1.0,0,-100.0949466644334
258,286.25,-86.25,86.25,1.0,0,-100.280605427656
259,288.75,-86.25,86.25,1.0,0,-100.49455731768495
260,291.25,-86.25,86.25,1.0,0,-100.67527761826805
261,293.75,-86.25,86.25,1.0,0,-100.81984204828203
262,296.25,-86.25,86.25,1.0,0,-100.95309524499544
263,298.75,-86.25,86.25,1.0,0,-101.03642741840076
264,301.25,-86.25,86.25,1.0,0,-101.04465132282706
265,303.75,-86.25,86.25,1.0,0,-101.0143185828684
266,306.25,-86.25,86.25,1.0,0,-100.90191326041786
267,308.75,-86.25,86.25,1.0,0,-100.69944643238671
268,311.25,-86.25,86.25,1.0,0,-100.41309908422633
269,313.75,-86.25,86.25,1.0,0,-100.10471481913784
270,316.25,-86.25,86.25,1.0,0,-99.78590056697074
271,318.75,-86.25,86.25,1.0,0,-99.46345688423182
272,321.25,-86.25,86.25,1.0,0,-99.13243825611322
273,323.75,-86.25,86.25,1.0,0,-98.8259077726618
274,326.25,-86.25,86.25,1.0,0,-98.554108402328
275,328.75,-86.25,86.25,1.0,0,-98.32800190104257
276,331.25,-86.25,86.25,1.0,0,-98.15946819382724
277,333.75,-86.25,86.25,1.0,0,-98.05650469217733
278,336.25,-86.25,86.25,1.0,0,-98.03348641594374
279,338.75,-86.25,86.25,1.0,0,-98.08022859930678
280,341.25,-86.25,86.25,1.0,0,-98.18678397732967
281,343.75,-86.25,86.25,1.0,0,-98.36567130473676
282,346.25,-86.25,86.25,1.0,0,-98.59115784134514
283,348.75,-86.25,86.25,1.0,0,-98.84578088469955
284,351.25,-86.25,86.25,1.0,0,-99.12393953765012
285,353.75,-86.25,86.25,1.0,0,-99.4165563743762
286,356.25,-86.25,86.25,1.0,0,-99.7204762800867
287,358.75,-86.25,86.25,1.0,0,-99.99294378764499
288,1.25,-83.75,83.75,1.0,0,-102.80388762097355
289,3.75,-83.75,83.75,1.0,0,-102.58374667326078
290,6.25,-83.75,83.75,1.0,0,-102.25492015582721
291,8.75,-83.75,83.75,1.0,0,-101.88558226588722
292,11.25,-83.75,83.75,1.0,0,-101.54899325289746
293,13.75,-83.75,83.75,1.0,0,-101.26765593265715
294,16.25,-83.75,83.75,1.0,0,-101.06232521982406
295,18.75,-83.75,83.75,1.0,0,-100.93732639006726
296,21.25,-83.75,83.75,1.0,0,-100.86412975976596
297,23.75,-83.75,83.75,1.0,0,-100.80015477390121
298,26.25,-83.75,83.75,1.0,0,-100.69457803628372
299,28.75,-83.75,83.75,1.0,0,-100.49345449950017
300,31.25,-83.75,83.75,1.0,0,-100.18557180527435
301,33.75,-83.75,83.75,1.0,0,-99.75321781955056
302,36.25,-83.75,83.75,1.0,0,-99.21419988520312
303,38.75,-83.75,83.75,1.0,0,-98.58930984649614
304,41.25,-83.75,83.75,1.0,0,-97.89449997323786
305,43.75,-83.75,83.75,1.0,0,-97.22969101210055
306,46.25,-83.75,83.75,1.0,0,-96.5742666908315
307,48.75,-83.75,83.75,1.0,0,-95.93698010215206
308,51.25,-83.75,83.75,1.0,0,-95.29025836191363
309,53.75,-83.75,83.75,1.0,0,-94.68307301539919
310,56.25,-83.75,83.75,1.0,0,-94.08481146977873
311,58.75,-83.75,83.75,1.0,0,-93.4644051572401
312,61.25,-83.75,83.75,1.0,0,-92.78325473203084
313,63.75,-83.75,83.75,1.0,0,-92.06040325962229
314,66.25,-83.75,83.75,1.0,0,-91.375520997033
315,68.75,-83.75,83.75,1.0,0,-90.71672100925312
316,71.25,-83.75,83.75,1.0,0,-90.05274593942869
317,73.75,-83.75,83.75,1.0,0,-89.35391196914946
318,76.25,-83.75,83.75,1.0,0,-88.71433725999296
319,78.75,-83.75,83.75,1.0,0,-88.13136875844123
320,81.25,-83.75,83.75,1.0,0,-87.63405075338999
321,83.75,-83.75,83.75,1.0,0,-87.25983445680129
322,86.25,-83.75,83.75,1.0,0,-87.06386220615663
323,88.75,-83.75,83.75,1.0,0,-87.09777123427172
324,91.25,-83.75,83.75,1.0,0,-87.33613515463831
325,93.75,-83.75,83.75,1.0,0,-87.79468838278086
326,96.25,-83.75,83.75,1.0,0,-88.52182501969514
327,98.75,-83.75,83.75,1.0,0,-89.4168923889814
328,101.25,-83.75,83.75,1.0,0,-90.39102385545858
329,103.75,-83.75,83.75,1.0,0,-91.37061429833929
330,106.25,-83.75,83.75,1.0,0,-92.2754982230958
331,108.75,-83.75,83.75,1.0,0,-93.04162470308918
332,111.25,-83.75,83.75,1.0,0,-93.57206027520417
333,113.75,-83.75,83.75,1.0,0,-93.92273549301535
334,116.25,-83.75,83.75,1.0,0,-94.1096763705708
335,118.75,-83.75,83.75,1.0,0,-94.20183156731937
336,121.25,-83.75,83.75,1.0,0,-94.26684040929732
337,123.75,-83.75,83.75,1.0,0,-94.39115269233366
338,126.25,-83.75,83.75,1.0,0,-94.6306238455677
339,128.75,-83.75,83.75,1.0,0,-95.01688273400777
340,131.25,-83.75,83.75,1.0,0,-95.57072706116217
341,133.75,-83.75,83.75,1.0,0,-96.21173122730495
342,136.25,-83.75,83.75,1.0,0,-96.93030114082522
343,138.75,-83.75,83.75,1.0,0,-97.67209709200343
344,141.25,-83.75,83.75,1.0,0,-98.45345174965021
345,143.75,-83.75,83.75,1.0,0,-99.20938587737828
346,146.25,-83.75,83.75,1.0,0,-99.95609832651442
347,148.75,-83.75,83.75,1.0,0,-100.72930586192484
348,151.25,-83.75,83.75,1.0,0,-101.57155132233032
349,153.75,-83.75,83.75,1.0,0,-102.52939071364413
350,156.25,-83.75,83.75,1.0,0,-103.55006003818401
351,158.75,-83.75,83.75,1.0,0,-104.70688494432643
352,161.25,-83.75,83.75,1.0,0,-106.03290165235128
353,163.75,-83.75,83.75,1.0,0,-107.48100831651209
354,166.25,-83.75,83.75,1.0,0,-108.87542470366948
355,168.75,-83.75,83.75,1.0,0,-110.34673819730926
356,171.25,-83.75,83.75,1.0,0,-111.81787611643611
357,173.75,-83.75,83.75,1.0,0,-113.17421619995439
358,176.25,-83.75,83.75,1.0,0,-114.49108947552389
359,178.75,-83.75,83.75,1.0,0,-115.66948984516057
360,181.25,-83.75,83.75,1.0,0,-116.78878605346574
361,183.75,-83.75,83.75,1.0,0,-117.8389227596987
362,186.25,-83.75,83.75,1.0,0,-118.85964327268135
363,188.75,-83.75,83.75,1.0,0,-119.76420091910877
364,191.25,-83.75,83.75,1.0,0,-120.58157416925397
365,193.75,-83.75,83.75,1.0,0,-121.2921973684672
366,196.25,-83.75,83.75,1.0,0,-121.89510439107599
367,198.75,-83.75,83.75,1.0,0,-122.4208360712641
368,201.25,-83.75,83.75,1.0,0,-122.82503389267998
369,203.75,-83.75,83.75,1.0,0,-123.1646518297216
370,206.25,-83.75,83.75,1.0,0,-123.44589789646203
371,208.75,-83.75,83.75,1.0,0,-123.68890737711334
372,211.25,-83.75,83.75,1.0,0,-123.88499230723033
373,213.75,-83.75,83.75,1.0,0,-124.05355519005495
374,216.25,-83.75,83.75,1.0,0,-124.20061516120326
375,218.75,-83.75,83.75,1.0,0,-124.3389492222737
376,221.25,-83.75,83.75,1.0,0,-124.44892314146898
377,223.75,-83.75,83.75,1.0,0,-124.45463167409278
378,226.25,-83.75,83.75,1.0,0,-124.3792046502622
379,228.75,-83.75,83.75,1.0,0,-124.25677104275
380,231.25,-83.75,83.75,1.0,0,-124.03162445601843
381,233.75,-83.75,83.75,1.0,0,-123.58513254274489
382,236.25,-83.75,83.75,1.0,0,-122.79027639627236
383,238.75,-83.75,83.75,1.0,0,-121.87506178801178
384,241.25,-83.75,83.75,1.0,0,-120.72885582144512
385,243.75,-83.75,83.75,1.0,0,-119.28836939244594
386,246.25,-83.75,83.75,1.0,0,-117.6779855381495
387,248.75,-83.75,83.75,1.0,0,-115.91404765971582
388,251.25,-83.75,83.75,1.0,0,-114.00379082128684
389,253.75,-83.75,83.75,1.0,0,-111.83362815860839
390,256.25,-83.75,83.75,1.0,0,-109.6663708817815
391,258.75,-83.75,83.75,1.0,0,-107.5896532315411
392,261.25,-83.75,83.75,1.0,0,-105.67103468329027
393,263.75,-83.75,83.75,1.0,0,-103.94202170907477
394,266.25,-83.75,83.75,1.0,0,-102.47265964764965
395,268.75,-83.75,83.75,1.0,0,-101.3914463825757
396,271.25,-83.75,83.75,1.0,0,-100.83213994248608
397,273.75,-83.75,83.75,1.0,0,-100.5861000532866
398,276.25,-83.75,83.75,1.0,0,-100.67317093175653
399,278.75,-83.75,83.75,1.0,0,-100.99154131400314
400,281.25,-83.75,83.75,1.0,0,-101.46305100859006
401,283.75,-83.75,83.75,1.0,0,-102.09495221453622
402,286.25,-83.75,83.75,1.0,0,-102.7084746015354
403,288.75,-83.75,83.75,1.0,0,-103.29502278511859
404,291.25,-83.75,83.75,1.0,0,-103.74497102302492
405,293.75,-83.75,83.75,1.0,0,-104.05831827056726
406,296.25,-83.75,83.75,1.0,0,-104.2313684364023
407,298.75,-83.75,83.75,1.0,0,-104.20268336100237
408,301.25,-83.75,83.75,1.0,0,-103.97343235277852
409,303.75,-83.75,83.75,1.0,0,-103.64522264744397
410,306.25,-83.75,83.75,1.0,0,-103.19478919266066
411,308.75,-83.75,83.75,1.0,0,-102.65102404730594
412,311.25,-83.75,83.75,1.0,0,-101.95002065322606
413,313.75,-83.75,83.75,1.0,0,-101.25457052538847
414,316.25,-83.75,83.75,1.0,0,-100.6014046351266
415,318.75,-83.75,83.75,1.0,0,-100.07764467831296
416,321.25,-83.75,83.75,1.0,0,-99.75317545803023
417,323.75,-83.75,83.75,1.0,0,-99.46039004968168
418,326.25,-83.75,83.75,1.0,0,-99.26592795666109
419,328.75,-83.75,83.75,1.0,0,-99.19119074788085
420,331.25,-83.75,83.75,1.0,0,-99.23877825503995
421,333.75,-83.75,83.75,1.0,0,-99.38459495234805
422,336.25,-83.75,83.75,1.0,0,-99.6284718768372
423,338.75,-83.75,83.75,1.0,0,-99.96199057713075
424,341.25,-83.75,83.75,1.0,0,-100.38038302068836
425,343.75,-83.75,83.75,1.0,0,-100.89491103108975
426,346.25,-83.75,83.75,1.0,0,-101.3985375483441
427,348.75,-83.75,83.75,1.0,0,-101.86034459921946
428,351.25,-83.75,83.75,1.0,0,-102.2782517204518
429,353.75,-83.75,83.75,1.0,0,-102.61407860184165
430,356.25,-83.75,83.75,1.0,0,-102.83278418843082
431,358.75,-83.75,83.75,1.0,0,-102.89289657441076
432,1.25,-81.25,81.25,1.0,0,-103.21260364372657
433,3.75,-81.25,81.25,1.0,0,-103.07818226525312
434,6.25,-81.25,81.25,1.0,0,-102.669927939767
435,8.75,-81.25,81.25,1.0,0,-102.07444488956664
436,11.25,-81.25,81.25,1.0,0,-101.5670007199756
437,13.75,-81.25,81.25,1.0,0,-101.30689549173896
438,16.25,-81.25,81.25,1.0,0,-101.46545776645402
439,18.75,-81.25,81.25,1.0,0,-102.06090947596468
440,21.25,-81.25,81.25,1.0,0,-102.8311500931591
441,23.75,-81.25,81.25,1.0,0,-103.58871522565592
442,26.25,-81.25,81.25,1.0,0,-104.10928364756873
443,28.75,-81.25,81.25,1.0,0,-104.21474384400734
444,31.25,-81.25,81.25,1.0,0,-103.78095616852765
445,33.75,-81.25,81.25,1.0,0,-102.90330649864084
446,36.25,-81.25,81.25,1.0,0,-101.79678027580165
447,38.75,-81.25,81.25,1.0,0,-100.71301448187887
448,41.25,-81.25,81.25,1.0,0,-99.7692535258795
449,43.75,-81.25,81.25,1.0,0,-99.06760204045308
450,46.25,-81.25,81.25,1.0,0,-98.54630096778246
451,48.75,-81.25,81.25,1.0,0,-98.06175817996207
452,51.25,-81.25,81.25,1.0,0,-97.38699479381923
453,53.75,-81.25,81.25,1.0,0,-96.38448740197283
454,56.25,-81.25,81.25,1.0,0,-95.02923337004353
455,58.75,-81.25,81.25,1.0,0,-93.39903642301111
456,61.25,-81.25,81.25,1.0,0,-91.61563601335672
457,63.75,-81.25,81.25,1.0,0,-89.97970873172132
458,66.25,-81.25,81.25,1.0,0,-88.9493581789663
459,68.75,-81.25,81.25,1.0,0,-88.58757151240047
460,71.25,-81.25,81.25,1.0,0,-88.93079018588567
461,73.75,-81.25,81.25,1.0,0,-90.00669574657644
462,76.25,-81.25,81.25,1.0,0,-91.43768727788802
463,78.75,-81.25,81.25,1.0,0,-92.77431125000402
464,81.25,-81.25,81.25,1.0,0,-93.6569868117632
465,83.75,-81.25,81.25,1.0,0,-93.75093032769789
466,86.25,-81.25,81.25,1.0,0,-92.78899175819294
467,88.75,-81.25,81.25,1.0,0,-91.05095517545857
468,91.25,-81.25,81.25,1.0,0,-88.88710493795367
469,93.75,-81.25,81.25,1.0,0,-86.75135758753277
470,96.25,-81.25,81.25,1.0,0,-85.13173092986928
471,98.75,-81.25,81.25,1.0,0,-84.61679633045821
472,101.25,-81.25,81.25,1.0,0,-85.18462220033682
473,103.75,-81.25,81.25,1.0,0,-86.63431854005798
474,106.25,-81.25,81.25,1.0,0,-88.64539253592437
475,108.75,-81.25,81.25,1.0,0,-90.84493010750701
476,111.25,-81.25,81.25,1.0,0,-92.64271363921631
477,113.75,-81.25,81.25,1.0,0,-93.97688855724081
478,116.25,-81.25,81.25,1.0,0,-94.8702515809418
479,118.75,-81.25,81.25,1.0,0,-95.52830159677835
480,121.25,-81.25,81.25,1.0,0,-96.21388916478517
481,123.75,-81.25,81.25,1.0,0,-97.20228671216529
482,126.25,-81.25,81.25,1.0,0,-98.61805834350812
483,128.75,-81.25,81.25,1.0,0,-100.4459819978853
484,131.25,-81.25,81.25,1.0,0,-102.54275245333517
485,133.75,-81.25,81.25,1.0,0,-104.4396821340266
486,136.25,-81.25,81.25,1.0,0,-105.93657418091612
487,138.75,-81.25,81.25,1.0,0,-106.89749462804316
488,141.25,-81.25,81.25,1.0,0,-107.37079530278095
489,143.75,-81.25,81.25,1.0,0,-107.52994660871894
490,146.25,-81.25,81.25,1.0,0,-107.6888882782413
491,148.75,-81.25,81.25,1.0,0,-108.09924700424457
492,151.25,-81.25,81.25,1.0,0,-108.91990056266614
493,153.75,-81.25,81.25,1.0,0,-110.22620977950623
494,156.25,-81.25,81.25,1.0,0,-111.7942683735441
495,158.75,-81.25,81.25,1.0,0,-113.56997116083956
496,161.25,-81.25,81.25,1.0,0,-115.35043243070687
497,163.75,-81.25,81.25,1.0,0,-117.00233671885415
498,166.25,-81.25,81.25,1.0,0,-118.2704140639568
499,168.75,-81.25,81.25,1.0,0,-119.2953240128754
500,171.25,-81.25,81.25,1.0,0,-120.16672523795762
501,173.75,-81.25,81.25,1.0,0,-120.92427602983804
502,176.25,-81.25,81.25,1.0,0,-121.5780946573087
503,178.75,-81.25,81.25,1.0,0,-122.09380190160006
504,181.25,-81.25,81.25,1.0,0,-122.53381991276154
505,183.75,-81.25,81.25,1.0,0,-122.91689174815453
506,186.25,-81.25,81.25,1.0,0,-123.27113916940817
507,188.75,-81.25,81.25,1.0,0,-123.56549076292194
508,191.25,-81.25,81.25,1.0,0,-123.8007261678211
509,193.75,-81.25,81.25,1.0,0,-123.97297767002566
510,196.25,-81.25,81.25,1.0,0,-124.07517962284929
511,198.75,-81.25,81.25,1.0,0,-124.10085860481243
512,201.25,-81.25,81.25,1.0,0,-124.06284297179927
513,203.75,-81.25,81.25,1.0,0,-123.99545372283836
514,206.25,-81.25,81.25,1.0,0,-123.93552032312553
515,208.75,-81.25,81.25,1.0,0,-123.94279229230479
516,211.25,-81.25,81.25,1.0,0,-124.08555671886903
517,213.75,-81.25,81.25,1.0,0,-124.41361999461
518,216.25,-81.25,81.25,1.0,0,-124.96254955016485
519,218.75,-81.25,81.25,1.0,0,-125.75508573709632
520,221.25,-81.25,81.25,1.0,0,-126.81837774830866
521,223.75,-81.25,81.25,1.0,0,-128.02075775522928
522,226.25,-81.25,81.25,1.0,0,-129.2788950637754
523,228.75,-81.25,81.25,1.0,0,-130.47910763712085
524,231.25,-81.25,81.25,1.0,0,-131.51145979449274
525,233.75,-81.25,81.25,1.0,0,-131.98261890955771
526,236.25,-81.25,81.25,1.0,0,-131.95460728015735
527,238.75,-81.25,81.25,1.0,0,-131.4918064942539
528,241.25,-81.25,81.25,1.0,0,-130.5521412471349
529,243.75,-81.25,81.25,1.0,0,-128.9854011554022
530,246.25,-81.25,81.25,1.0,0,-126.92449616940769
531,248.75,-81.25,81.25,1.0,0,-124.36917238817927
532,251.25,-81.25,81.25,1.0,0,-121.31123453129099
533,253.75,-81.25,81.25,1.0,0,-117.67878796629373
534,256.25,-81.25,81.25,1.0,0,-113.96397887399712
535,258.75,-81.25,81.25,1.0,0,-110.35980848749934
536,261.25,-81.25,81.25,1.0,0,-106.9703708751316
537,263.75,-81.25,81.25,1.0,0,-104.14633520259977
538,266.25,-81.25,81.25,1.0,0,-102.26597174192563
539,268.75,-81.25,81.25,1.0,0,-101.38608345502479
540,271.25,-81.25,81.25,1.0,0,-101.40990399143094
541,273.75,-81.25,81.25,1.0,0,-102.0246423093004
542,276.25,-81.25,81.25,1.0,0,-102.97622880158671
543,278.75,-81.25,81.25,1.0,0,-104.07216963217357
544,281.25,-81.25,81.25,1.0,0,-105.30355967139643
545,283.75,-81.25,81.25,1.0,0,-106.56505680627829
546,286.25,-81.25,81.25,1.0,0,-107.84769940956338
547,288.75,-81.25,81.25,1.0,0,-109.00965936821169
548,291.25,-81.25,81.25,1.0,0,-109.81417610045992
549,293.75,-81.25,81.25,1.0,0,-110.24614212167062
550,296.25,-81.25,81.25,1.0,0,-110.28001701555932
551,298.75,-81.25,81.25,1.0,0,-109.90750960800861
552,301.25,-81.25,81.25,1.0,0,-109.24366366700795
553,303.75,-81.25,81.25,1.0,0,-108.41783908002472
554,306.25,-81.25,81.25,1.0,0,-107.50898617840747
555,308.75,-81.25,81.25,1.0,0,-106.58123207124919
556,311.25,-81.25,81.25,1.0,0,-105.71018993223691
557,313.75,-81.25,81.25,1.0,0,-105.01902000096051
558,316.25,-81.25,81.25,1.0,0,-104.442674538494
559,318.75,-81.25,81.25,1.0,0,-103.98577841111808
560,321.25,-81.25,81.25,1.0,0,-103.663425706133
561,323.75,-81.25,81.25,1.0,0,-103.49440858942332
562,326.25,-81.25,81.25,1.0,0,-103.44621109351596
563,328.75,-81.25,81.25,1.0,0,-103.47321565850879
564,331.25,-81.25,81.25,1.0,0,-103.5297414998543
565,333.75,-81.25,81.25,1.0,0,-103.54795046924188
566,336.25,-81.25,81.25,1.0,0,-103.53770110366895
567,338.75,-81.25,81.25,1.0,0,-103.3674899680112
568,341.25,-81.25,81.25,1.0,0,-103.04600152489334
569,343.75,-81.25,81.25,1.0,0,-102.64444019899885
570,346.25,-81.25,81.25,1.0,0,-102.30293033803905
571,348.75,-81.25,81.25,1.0,0,-102.11595652947393
572,351.25,-81.25,81.25,1.0,0,-102.12867288567037
573,353.75,-81.25,81.25,1.0,0,-102.34930946006078
574,356.25,-81.25,81.25,1.0,0,-102.74922834054537
575,358.75,-81.25,81.25,1.0,0,-103.08656232635937
576,1.25,-78.75,78.75,1.0,0,-105.39463429642711
577,3.75,-78.75,78.75,1.0,0,-106.27499043958015
578,6.25,-78.75,78.75,1.0,0,-106.37012811576938
579,8.75,-78.75,78.75,1.0,0,-105.63859496407218
580,11.25,-78.75,78.75,1.0,0,-104.46353963108743
581,13.75,-78.75,78.75,1.0,0,-103.35999278680515
582,16.25,-78.75,78.75,1.0,0,-102.66988423481591
583,18.75,-78.75,78.75,1.0,0,-102.5816901533535
584,21.25,-78.75,78.75,1.0,0,-102.89146322800873
585,23.75,-78.75,78.75,1.0,0,-103.17165015557556
586,26.25,-78.75,78.75,1.0,0,-103.16478595188462
587,28.75,-78.75,78.75,1.0,0,-102.54902707377833
588,31.25,-78.75,78.75,1.0,0,-101.41166159278703
589,33.75,-78.75,78.75,1.0,0,-100.22274223336626
590,36.25,-78.75,78.75,1.0,0,-99.17419450499595
591,38.75,-78.75,78.75,1.0,0,-98.37560950426841
592,41.25,-78.75,78.75,1.0,0,-97.86378244183138
593,43.75,-78.75,78.75,1.0,0,-97.4268757497558
594,46.25,-78.75,78.75,1.0,0,-96.70383397897668
595,48.75,-78.75,78.75,1.0,0,-95.54591071792191
596,51.25,-78.75,78.75,1.0,0,-93.84411340676557
597,53.75,-78.75,78.75,1.0,0,-91.74289418329218
598,56.25,-78.75,78.75,1.0,0,-89.343396125948
599,58.75,-78.75,78.75,1.0,0,-86.91646422790893
600,61.25,-78.75,78.75,1.0,0,-84.47358432115726
601,63.75,-78.75,78.75,1.0,0,-82.03110126519398
602,66.25,-78.75,78.75,1.0,0,-79.9516941901053
603,68.75,-78.75,78.75,1.0,0,-78.26858905097976
604,71.25,-78.75,78.75,1.0,0,-77.2705193445756
605,73.75,-78.75,78.75,1.0,0,-77.28868995435401
606,76.25,-78.75,78.75,1.0,0,-78.48865808849014
607,78.75,-78.75,78.75,1.0,0,-80.70984206170836
608,81.25,-78.75,78.75,1.0,0,-83.61051177506293
609,83.75,-78.75,78.75,1.0,0,-86.54171582858251
610,86.25,-78.75,78.75,1.0,0,-88.51499647472644
611,88.75,-78.75,78.75,1.0,0,-88.80400651220842
612,91.25,-78.75,78.75,1.0,0,-87.57956083435057
613,93.75,-78.75,78.75,1.0,0,-85.29670835602047
614,96.25,-78.75,78.75,1.0,0,-82.76334321461637
615,98.75,-78.75,78.75,1.0,0,-81.42212146669803
616,101.25,-78.75,78.75,1.0,0,-81.93713619734464
617,103.75,-78.75,78.75,1.0,0,-84.26660124303835
618,106.25,-78.75,78.75,1.0,0,-87.93418552137642
619,108.75,-78.75,78.75,1.0,0,-91.99861354886022
620,111.25,-78.75,78.75,1.0,0,-94.98970554524655
621,113.75,-78.75,78.75,1.0,0,-96.57705319348294
622,116.25,-78.75,78.75,1.0,0,-96.75375309177498
623,118.75,-78.75,78.75,1.0,0,-95.91906183566124
624,121.25,-78.75,78.75,1.0,0,-95.11336882535458
625,123.75,-78.75,78.75,1.0,0,-95.27051202299072
626,126.25,-78.75,78.75,1.0,0,-96.84416487257089
627,128.75,-78.75,78.75,1.0,0,-99.8392102339109
628,131.25,-78.75,78.75,1.0,0,-103.78319129344705
629,133.75,-78.75,78.75,1.0,0,-107.29924784566903
630,136.25,-78.75,78.75,1.0,0,-109.74303675191355
631,138.75,-78.75,78.75,1.0,0,-110.70766748390858
632,141.25,-78.75,78.75,1.0,0,-110.18544329207707
633,143.75,-78.75,78.75,1.0,0,-108.91945609730756
634,146.25,-78.75,78.75,1.0,0,-107.91453610553916
635,148.75,-78.75,78.75,1.0,0,-107.80857030071392
636,151.25,-78.75,78.75,1.0,0,-108.86518408610382
637,153.75,-78.75,78.75,1.0,0,-110.87122175120305
638,156.25,-78.75,78.75,1.0,0,-112.86533896550327
639,158.75,-78.75,78.75,1.0,0,-114.66123981618361
640,161.25,-78.75,78.75,1.0,0,-116.36158395676337
641,163.75,-78.75,78.75,1.0,0,-118.05330929137382
642,166.25,-78.75,78.75,1.0,0,-119.4967156524022
643,168.75,-78.75,78.75,1.0,0,-120.76535538262861
644,171.25,-78.75,78.75,1.0,0,-121.65875149629801
645,173.75,-78.75,78.75,1.0,0,-122.0483851268926
646,176.25,-78.75,78.75,1.0,0,-121.83828899279645
647,178.75,-78.75,78.75,1.0,0,-121.18331284611068
648,181.25,-78.75,78.75,1.0,0,-120.27536864916547
649,183.75,-78.75,78.75,1.0,0,-119.30259297500842
650,186.25,-78.75,78.75,1.0,0,-118.41821881597618
651,188.75,-78.75,78.75,1.0,0,-117.85833602348526
652,191.25,-78.75,78.75,1.0,0,-117.6451226127333
653,193.75,-78.75,78.75,1.0,0,-117.7528306066659
654,196.25,-78.75,78.75,1.0,0,-118.13738999320508
655,198.75,-78.75,78.75,1.0,0,-118.75293627654023
656,201.25,-78.75,78.75,1.0,0,-119.49386149132829
657,203.75,-78.75,78.75,1.0,0,-120.36259114333718
658,206.25,-78.75,78.75,1.0,0,-121.37069163274924
659,208.75,-78.75,78.75,1.0,0,-122.67964144146269
660,211.25,-78.75,78.75,1.0,0,-124.2748987410464
661,213.75,-78.75,78.75,1.0,0,-126.14462233440935
662,216.25,-78.75,78.75,1.0,0,-128.30820925225754
663,218.75,-78.75,78.75,1.0,0,-130.72476518706023
664,221.25,-78.75,78.75,1.0,0,-133.0545075056331
665,223.75,-78.75,78.75,1.0,0,-134.97628050094326
666,226.25,-78.75,78.75,1.0,0,-136.33159381037544
667,228.75,-78.75,78.75,1.0,0,-136.90469947292726
668,231.25,-78.75,78.75,1.0,0,-136.49106727779915
669,233.75,-78.75,78.75,1.0,0,-135.3179239335313
670,236.25,-78.75,78.75,1.0,0,-134.0316800491602
671,238.75,-78.75,78.75,1.0,0,-133.03422230930352
672,241.25,-78.75,78.75,1.0,0,-132.62327080469416
673,243.75,-78.75,78.75,1.0,0,-132.49229881884975
674,246.25,-78.75,78.75,1.0,0,-132.39411695724732
675,248.75,-78.75,78.75,1.0,0,-131.97308148436275
676,251.25,-78.75,78.75,1.0,0,-130.9051478551379
677,253.75,-78.75,78.75,1.0,0,-128.7901475821946
678,256.25,-78.75,78.75,1.0,0,-125.6685478777624
679,258.75,-78.75,78.75,1.0,0,-121.7926651534479
680,261.25,-78.75,78.75,1.0,0,-117.49556661760498
681,263.75,-78.75,78.75,1.0,0,-113.22587210622234
682,266.25,-78.75,78.75,1.0,0,-109.48066031534155
683,268.75,-78.75,78.75,1.0,0,-107.10657433350161
684,271.25,-78.75,78.75,1.0,0,-105.83433935275914
685,273.75,-78.75,78.75,1.0,0,-105.38045469989432
686,276.25,-78.75,78.75,1.0,0,-106.1582114915921
687,278.75,-78.75,78.75,1.0,0,-107.45584860767832
688,281.25,-78.75,78.75,1.0,0,-108.83269002143552
689,283.75,-78.75,78.75,1.0,0,-110.43094227663595
690,286.25,-78.75,78.75,1.0,0,-112.10266298887989
691,288.75,-78.75,78.75,1.0,0,-113.61893540183652
692,291.25,-78.75,78.75,1.0,0,-114.63210697389775
693,293.75,-78.75,78.75,1.0,0,-115.13067948934435
694,296.25,-78.75,78.75,1.0,0,-115.10769956351916
695,298.75,-78.75,78.75,1.0,0,-114.56930708782289
696,301.25,-78.75,78.75,1.0,0,-113.64109736076159
697,303.75,-78.75,78.75,1.0,0,-112.43578338023076
698,306.25,-78.75,78.75,1.0,0,-111.00090581572961
699,308.75,-78.75,78.75,1.0,0,-109.36363390740918
700,311.25,-78.75,78.75,1.0,0,-107.56742306917553
701,313.75,-78.75,78.75,1.0,0,-105.87924947890214
702,316.25,-78.75,78.75,1.0,0,-104.29569631465006
703,318.75,-78.75,78.75,1.0,0,-102.87882020805343
704,321.25,-78.75,78.75,1.0,0,-101.64340245955043
705,323.75,-78.75,78.75,1.0,0,-100.81576756891295
706,326.25,-78.75,78.75,1.0,0,-100.54885875325807
707,328.75,-78.75,78.75,1.0,0,-100.97731842954451
708,331.25,-78.75,78.75,1.0,0,-102.16512200902469
709,333.75,-78.75,78.75,1.0,0,-103.98543878732553
710,336.25,-78.75,78.75,1.0,0,-105.79961668438955
711,338.75,-78.75,78.75,1.0,0,-107.01116895796784
712,341.25,-78.75,78.75,1.0,0,-107.31816232740475
713,343.75,-78.75,78.75,1.0,0,-106.51984825651469
714,346.25,-78.75,78.75,1.0,0,-104.8382646365185
715,348.75,-78.75,78.75,1.0,0,-103.100628501727
716,351.25,-78.75,78.75,1.0,0,-101.89852727486448
717,353.75,-78.75,78.75,1.0,0,-101.67592137830911
718,356.25,-78.75,78.75,1.0,0,-102.55701460074937
719,358.75,-78.75,78.75,1.0,0,-103.99576251520347
720,1.25,-76.25,76.25,1.0,0,-107.08949414307465
721,3.75,-76.25,76.25,1.0,0,-107.41663489774544
722,6.25,-76.25,76.25,1.0,0,-107.39288407939476
723,8.75,-76.25,76.25,1.0,0,-107.02846389427648
724,11.25,-76.25,76.25,1.0,0,-106.61491226308051
725,13.75,-76.25,76.25,1.0,0,-106.37370585374569
726,16.25,-76.25,76.25,1.0,0,-106.35691146338648
727,18.75,-76.25,76.25,1.0,0,-106.58088816064256
728,21.25,-76.25,76.25,1.0,0,-106.64248195285005
729,23.75,-76.25,76.25,1.0,0,-106.28365300159282
730,26.25,-76.25,76.25,1.0,0,-105.45702652409837
731,28.75,-76.25,76.25,1.0,0,-104.11697811212382
732,31.25,-76.25,76.25,1.0,0,-102.81029015121739
733,33.75,-76.25,76.25,1.0,0,-101.85265127751856
734,36.25,-76.25,76.25,1.0,0,-101.0729800878809
735,38.75,-76.25,76.25,1.0,0,-100.11566481949849
736,41.25,-76.25,76.25,1.0,0,-98.53188282593939
737,43.75,-76.25,76.25,1.0,0,-96.03101162281392
738,46.25,-76.25,76.25,1.0,0,-92.56359760686657
739,48.75,-76.25,76.25,1.0,0,-88.75288242632391
740,51.25,-76.25,76.25,1.0,0,-85.54732531292402
741,53.75,-76.25,76.25,1.0,0,-84.48911345092797
742,56.25,-76.25,76.25,1.0,0,-85.87963034018281
743,58.75,-76.25,76.25,1.0,0,-89.29584507236704
744,61.25,-76.25,76.25,1.0,0,-93.73964067494649
745,63.75,-76.25,76.25,1.0,0,-97.92678334037343
746,66.25,-76.25,76.25,1.0,0,-100.10896408928672
747,68.75,-76.25,76.25,1.0,0,-99.84391984741978
748,71.25,-76.25,76.25,1.0,0,-96.88330522618463
749,73.75,-76.25,76.25,1.0,0,-90.85368468041919
750,76.25,-76.25,76.25,1.0,0,-83.29223214058244
751,78.75,-76.25,76.25,1.0,0,-75.91248658392004
752,81.25,-76.25,76.25,1.0,0,-70.33231531222218
753,83.75,-76.25,76.25,1.0,0,-67.72935758676384
754,86.25,-76.25,76.25,1.0,0,-68.38634536096616
755,88.75,-76.25,76.25,1.0,0,-70.6971952816542
756,91.25,-76.25,76.25,1.0,0,-73.23325876759985
757,93.75,-76.25,76.25,1.0,0,-74.93264311448164
758,96.25,-76.25,76.25,1.0,0,-75.88229967426797
759,98.75,-76.25,76.25,1.0,0,-77.1857319296098
760,101.25,-76.25,76.25,1.0,0,-80.06420715309982
761,103.75,-76.25,76.25,1.0,0,-84.6915949957196
762,106.25,-76.25,76.25,1.0,0,-90.56619643295654
763,108.75,-76.25,76.25,1.0,0,-96.61461934257504
764,111.25,-76.25,76.25,1.0,0,-101.26306077298327
765,113.75,-76.25,76.25,1.0,0,-104.39376731188909
766,116.25,-76.25,76.25,1.0,0,-105.92425526467046
767,118.75,-76.25,76.25,1.0,0,-105.76739949546189
768,121.25,-76.25,76.25,1.0,0,-103.98480283454268
769,123.75,-76.25,76.25,1.0,0,-101.1728711803601
770,126.25,-76.25,76.25,1.0,0,-98.23234398702961
771,128.75,-76.25,76.25,1.0,0,-96.28664828370049
772,131.25,-76.25,76.25,1.0,0,-96.54549948996387
773,133.75,-76.25,76.25,1.0,0,-99.03437545604072
774,136.25,-76.25,76.25,1.0,0,-102.78083011152047
775,138.75,-76.25,76.25,1.0,0,-106.50101212474445
776,141.25,-76.25,76.25,1.0,0,-109.08009706149981
777,143.75,-76.25,76.25,1.0,0,-109.98410091484564
778,146.25,-76.25,76.25,1.0,0,-110.0757740125331
779,148.75,-76.25,76.25,1.0,0,-110.18592643528312
780,151.25,-76.25,76.25,1.0,0,-110.76624585993062
781,153.75,-76.25,76.25,1.0,0,-111.62644300488864
782,156.25,-76.25,76.25,1.0,0,-112.04801611814497
783,158.75,-76.25,76.25,1.0,0,-112.0536229422312
784,161.25,-76.25,76.25,1.0,0,-112.09082679977209
785,163.75,-76.25,76.25,0.0,4,-112.6177232857438
786,166.25,-76.25,76.25,0.0,4,-113.98011295343615
787,168.75,-76.25,76.25,0.0,4,-115.47230104732172
788,171.25,-76.25,76.25,0.0,4,-116.23716164269919
789,173.75,-76.25,76.25,0.0,4,-115.83163883911129
790,176.25,-76.25,76.25,0.0,4,-114.13585485666844
791,178.75,-76.25,76.25,0.0,4,-111.77431477505195
792,181.25,-76.25,76.25,0.0,4,-109.31208340835492
793,183.75,-76.25,76.25,0.0,4,-107.39468967452312
794,186.25,-76.25,76.25,0.0,4,-106.5501743797792
795,188.75,-76.25,76.25,0.0,4,-106.97457023162453
796,191.25,-76.25,76.25,0.0,4,-108.21837189986341
797,193.75,-76.25,76.25,0.0,4,-109.90542320038998
798,196.25,-76.25,76.25,0.0,4,-111.80735195212671
799,198.75,-76.25,76.25,0.0,4,-113.8326538633312
800,201.25,-76.25,76.25,0.0,4,-115.78761808109272
801,203.75,-76.25,76.25,0.0,4,-117.80087665966306
802,206.25,-76.25,76.25,0.0,4,-119.88733781840318
803,208.75,-76.25,76.25,0.0,4,-122.21582069830279
804,211.25,-76.25,76.25,0.0,4,-124.6925758634958
805,213.75,-76.25,76.25,1.0,0,-127.33770916134135
806,216.25,-76.25,76.25,1.0,0,-130.10890317337189
807,218.75,-76.25,76.25,1.0,0,-133.07701871888065
808,221.25,-76.25,76.25,1.0,0,-136.32241487944043
809,223.75,-76.25,76.25,1.0,0,-139.13711643591276
810,226.25,-76.25,76.25,1.0,0,-141.32717950641975
811,228.75,-76.25,76.25,1.0,0,-142.54742803693563
812,231.25,-76.25,76.25,1.0,0,-142.58461863198363
813,233.75,-76.25,76.25,1.0,0,-141.43569055352228
814,236.25,-76.25,76.25,1.0,0,-139.72508896039008
815,238.75,-76.25,76.25,1.0,0,-137.95824268405028
816,241.25,-76.25,76.25,1.0,0,-136.3933847645679
817,243.75,-76.25,76.25,1.0,0,-135.10147676078037
818,246.25,-76.25,76.25,1.0,0,-134.10883686760593
819,248.75,-76.25,76.25,1.0,0,-133.0527514492301
820,251.25,-76.25,76.25,1.0,0,-131.84582110628094
821,253.75,-76.25,76.25,1.0,0,-130.21356482558636
822,256.25,-76.25,76.25,1.0,0,-128.3043551525111
823,258.75,-76.25,76.25,1.0,0,-126.11346158344645
824,261.25,-76.25,76.25,1.0,0,-123.69938357653197
825,263.75,-76.25,76.25,1.0,0,-121.09918383295405
826,266.25,-76.25,76.25,1.0,0,-118.39340418496371
827,268.75,-76.25,76.25,1.0,0,-116.0129640364681
828,271.25,-76.25,76.25,1.0,0,-114.0885616987181
829,273.75,-76.25,76.25,1.0,0,-112.81511276888673
830,276.25,-76.25,76.25,1.0,0,-112.41029782956167
831,278.75,-76.25,76.25,1.0,0,-112.56276799363343
832,281.25,-76.25,76.25,1.0,0,-112.88838372686868
833,283.75,-76.25,76.25,1.0,0,-113.30535506752315
834,286.25,-76.25,76.25,1.0,0,-113.56634765140454
835,288.75,-76.25,76.25,1.0,0,-113.59907887588055
836,291.25,-76.25,76.25,1.0,0,-113.41631269523562
837,293.75,-76.25,76.25,1.0,0,-112.9540874391866
838,296.25,-76.25,76.25,1.0,0,-112.17822114673139
839,298.75,-76.25,76.25,1.0,0,-111.08104801174233
840,301.25,-76.25,76.25,1.0,0,-109.98278615219263
841,303.75,-76.25,76.25,0.0,0,-109.02468555023323
842,306.25,-76.25,76.25,0.0,4,-107.91565617520389
843,308.75,-76.25,76.25,0.0,4,-106.32060000475462
844,311.25,-76.25,76.25,0.0,4,-104.17654802297476
845,313.75,-76.25,76.25,0.0,4,-101.9786473611928
846,316.25,-76.25,76.25,0.0,4,-99.87932295073342
847,318.75,-76.25,76.25,0.0,4,-98.01118033504952
848,321.25,-76.25,76.25,0.0,4,-96.3734537072627
849,323.75,-76.25,76.25,0.0,4,-95.17304799107383
850,326.25,-76.25,76.25,0.0,4,-94.52400763926985
851,328.75,-76.25,76.25,0.0,4,-94.72579685577195
852,331.25,-76.25,76.25,0.0,4,-96.12059204019798
853,333.75,-76.25,76.25,0.0,0,-98.73357172579854
854,336.25,-76.25,76.25,1.0,0,-101.69832978417068
855,338.75,-76.25,76.25,1.0,0,-104.44734809861608
856,341.25,-76.25,76.25,1.0,0,-106.50079943472467
857,343.75,-76.25,76.25,1.0,0,-107.70409655901916
858,346.25,-76.25,76.25,1.0,0,-107.97507514640648
859,348.75,-76.25,76.25,1.0,0,-107.65226321925118
860,351.25,-76.25,76.25,1.0,0,-107.19874630617386
861,353.75,-76.25,76.25,1.0,0,-106.8449554935718
862,356.25,-76.25,76.25,1.0,0,-106.690880054439
863,358.75,-76.25,76.25,1.0,0,-106.79368270727267
864,1.25,-73.75,73.75,1.0,0,-110.19222257808593
865,3.75,-73.75,73.75,1.0,0,-109.76425878482418
866,6.25,-73.75,73.75,1.0,0,-109.197302093861
867,8.75,-73.75,73.75,1.0,0,-108.30425038793038
868,11.25,-73.75,73.75,1.0,0,-107.01962908292987
869,13.75,-73.75,73.75,1.0,0,-105.76956992833219
870,16.25,-73.75,73.75,1.0,0,-104.8413675253105
871,18.75,-73.75,73.75,1.0,0,-104.11367299213049
872,21.25,-73.75,73.75,1.0,0,-103.60718754552236
873,23.75,-73.75,73.75,1.0,0,-103.54300564289075
874,26.25,-73.75,73.75,1.0,0,-103.37403572641689
875,28.75,-73.75,73.75,1.0,0,-102.64601744998753
876,31.25,-73.75,73.75,1.0,0,-102.53365588104546
877,33.75,-73.75,73.75,1.0,0,-102.79453507127774
878,36.25,-73.75,73.75,1.0,0,-102.98058621037232
879,38.75,-73.75,73.75,1.0,0,-102.87186011736225
880,41.25,-73.75,73.75,1.0,0,-102.27651030753253
881,43.75,-73.75,73.75,1.0,0,-101.1097771573185
882,46.25,-73.75,73.75,1.0,0,-99.27503258148559
883,48.75,-73.75,73.75,1.0,0,-96.75634453096036
884,51.25,-73.75,73.75,1.0,0,-93.64675886772997
885,53.75,-73.75,73.75,1.0,0,-91.4168958357284
886,56.25,-73.75,73.75,1.0,0,-91.52890250647938
887,58.75,-73.75,73.75,1.0,0,-94.83702105487245
888,61.25,-73.75,73.75,1.0,0,-100.58898007336047
889,63.75,-73.75,73.75,1.0,0,-106.84954366820864
890,66.25,-73.75,73.75,1.0,0,-110.69381228671787
891,68.75,-73.75,73.75,1.0,0,-111.52328431643332
892,71.25,-73.75,73.75,1.0,0,-108.97952658093864
893,73.75,-73.75,73.75,1.0,0,-102.14776542526694
894,76.25,-73.75,73.75,1.0,0,-91.71774472310973
895,78.75,-73.75,73.75,1.0,0,-79.68496361077875
896,81.25,-73.75,73.75,1.0,0,-69.34944252719632
897,83.75,-73.75,73.75,1.0,0,-64.23139365462988
898,86.25,-73.75,73.75,1.0,0,-66.08232945926673
899,88.75,-73.75,73.75,1.0,0,-72.07777737398742
900,91.25,-73.75,73.75,1.0,0,-78.71223474228346
901,93.75,-73.75,73.75,1.0,0,-83.50519705047887
902,96.25,-73.75,73.75,1.0,0,-86.24267249783335
903,98.75,-73.75,73.75,1.0,0,-88.97461170340719
904,101.25,-73.75,73.75,1.0,0,-93.96942278892199
905,103.75,-73.75,73.75,1.0,0,-101.33753648139981
906,106.25,-73.75,73.75,1.0,0,-109.48518218464376
907,108.75,-73.75,73.75,1.0,0,-115.70627253068923
908,111.25,-73.75,73.75,1.0,0,-118.225533369292
909,113.75,-73.75,73.75,1.0,0,-118.298218767685
910,116.25,-73.75,73.75,1.0,0,-117.60254607742631
911,118.75,-73.75,73.75,1.0,0,-117.56716692027838
912,121.25,-73.75,73.75,1.0,0,-117.8545001948484
913,123.75,-73.75,73.75,1.0,0,-116.73428269066886
914,126.25,-73.75,73.75,1.0,0,-113.204869606157
915,128.75,-73.75,73.75,1.0,0,-107.90616632115842
916,131.25,-73.75,73.75,1.0,0,-103.73154584437754
917,133.75,-73.75,73.75,1.0,0,-103.61715064806151
918,136.25,-73.75,73.75,1.0,0,-107.2476652247704
919,138.75,-73.75,73.75,1.0,0,-112.65109973564456
920,141.25,-73.75,73.75,1.0,0,-117.12839401505431
921,143.75,-73.75,73.75,1.0,0,-118.35264572365823
922,146.25,-73.75,73.75,1.0,0,-117.03897095537741
923,148.75,-73.75,73.75,1.0,0,-114.72920778206353
924,151.25,-73.75,73.75,1.0,0,-112.81731540468867
925,153.75,-73.75,73.75,1.0,0,-111.9804949717704
926,156.25,-73.75,73.75,1.0,0,-111.95319647234061
927,158.75,-73.75,73.75,1.0,0,-112.04399720561503
928,161.25,-73.75,73.75,1.0,0,-111.95521793469915
929,163.75,-73.75,73.75,1.0,0,-111.85725462967754
930,166.25,-73.75,73.75,0.0,4,-111.601763519101
931,168.75,-73.75,73.75,0.0,4,-111.00453143031392
932,171.25,-73.75,73.75,0.0,4,-109.6551307654631
933,173.75,-73.75,73.75,0.0,4,-107.36493060993244
934,176.25,-73.75,73.75,0.0,4,-103.95361743298463
935,178.75,-73.75,73.75,0.0,4,-100.4661106204889
936,181.25,-73.75,73.75,0.0,4,-97.62034845738384
937,183.75,-73.75,73.75,0.0,4,-96.21480673859533
938,186.25,-73.75,73.75,0.0,4,-96.81886278301208
939,188.75,-73.75,73.75,0.0,4,-99.14905950604782
940,191.25,-73.75,73.75,0.0,4,-102.34776084572337
941,193.75,-73.75,73.75,0.0,4,-105.88965544346087
942,196.25,-73.75,73.75,0.0,4,-109.54787911175043
943,198.75,-73.75,73.75,0.0,4,-113.26168818045036
944,201.25,-73.75,73.75,0.0,4,-116.65577533338886
945,203.75,-73.75,73.75,0.0,4,-119.85700768022262
946,206.25,-73.75,73.75,0.0,4,-122.78602335985161
947,208.75,-73.75,73.75,0.0,4,-125.50834057360267
948,211.25,-73.75,73.75,0.0,4,-127.79018334312903
949,213.75,-73.75,73.75,0.0,4,-129.76273830069104
950,216.25,-73.75,73.75,0.0,4,-131.51906485768131
951,218.75,-73.75,73.75,0.0,4,-133.1357023797465
952,221.25,-73.75,73.75,0.0,4,-134.72556856842988
953,223.75,-73.75,73.75,0.0,4,-136.18281491004714
954,226.25,-73.75,73.75,0.0,4,-137.55311947814306
955,228.75,-73.75,73.75,0.0,4,-138.834359877617
956,231.25,-73.75,73.75,0.0,4,-140.06804845329512
957,233.75,-73.75,73.75,0.0,0,-141.0307274256027
958,236.25,-73.75,73.75,1.0,0,-141.5339330123253
959,238.75,-73.75,73.75,1.0,0,-141.55400233395218
960,241.25,-73.75,73.75,0.0,4,-141.04859742423614
961,243.75,-73.75,73.75,0.0,4,-140.05358756580418
962,246.25,-73.75,73.75,0.0,4,-138.79157494657994
963,248.75,-73.75,73.75,0.0,4,-137.2956181569732
964,251.25,-73.75,73.75,0.0,4,-135.63237261560727
965,253.75,-73.75,73.75,0.0,4,-133.73423598188663
966,256.25,-73.75,73.75,0.0,0,-131.7687053023149
967,258.75,-73.75,73.75,1.0,0,-129.79364240783084
968,261.25,-73.75,73.75,1.0,0,-127.82753851300733
969,263.75,-73.75,73.75,1.0,0,-125.81588078920419
970,266.25,-73.75,73.75,1.0,0,-123.60384456460284
971,268.75,-73.75,73.75,1.0,0,-121.41076135720681
972,271.25,-73.75,73.75,1.0,0,-119.46631023645783
973,273.75,-73.75,73.75,1.0,0,-118.15116483788736
974,276.25,-73.75,73.75,1.0,0,-117.53161410436415
975,278.75,-73.75,73.75,1.0,0,-117.15258595630456
976,281.25,-73.75,73.75,1.0,0,-116.44952970524554
977,283.75,-73.75,73.75,1.0,0,-115.16861882535453
978,286.25,-73.75,73.75,1.0,0,-113.18120741676347
979,288.75,-73.75,73.75,1.0,0,-110.85358042182054
980,291.25,-73.75,73.75,1.0,0,-109.34246753760736
981,293.75,-73.75,73.75,1.0,0,-108.46764250766766
982,296.25,-73.75,73.75,1.0,0,-107.23748994948421
983,298.75,-73.75,73.75,0.0,0,-104.59252553304201
984,301.25,-73.75,73.75,0.0,4,-101.68791087533565
985,303.75,-73.75,73.75,0.0,4,-100.40268187338884
986,306.25,-73.75,73.75,0.0,4,-99.94099892297815
987,308.75,-73.75,73.75,0.0,4,-98.8267263897044
988,311.25,-73.75,73.75,0.0,4,-96.64810614156224
989,313.75,-73.75,73.75,0.0,4,-94.64425653686709
990,316.25,-73.75,73.75,0.0,4,-93.29792213069254
991,318.75,-73.75,73.75,0.0,4,-92.52831490340664
992,321.25,-73.75,73.75,0.0,4,-92.0729281573698
993,323.75,-73.75,73.75,0.0,4,-91.8905509529003
994,326.25,-73.75,73.75,0.0,4,-92.13999953128292
995,328.75,-73.75,73.75,0.0,4,-93.07664369526012
996,331.25,-73.75,73.75,0.0,4,-94.76908573310821
997,333.75,-73.75,73.75,0.0,4,-96.85413115013495
998,336.25,-73.75,73.75,0.0,4,-98.62602730584757
999,338.75,-73.75,73.75,0.0,4,-100.02989954240206
1000,341.25,-73.75,73.75,0.0,0,-101.24887331750253
1001,343.75,-73.75,73.75,1.0,0,-102.74700402156721
1002,346.25,-73.75,73.75,1.0,0,-104.85709600068984
1003,348.75,-73.75,73.75,1.0,0,-107.56432853601308
1004,351.25,-73.75,73.75,1.0,0,-110.20227949630514
1005,353.75,-73.75,73.75,1.0,0,-111.863663154314
1006,356.25,-73.75,73.75,1.0,0,-111.64552789841397
1007,358.75,-73.75,73.75,1.0,0,-110.75698333237683
1008,1.25,-71.25,71.25,1.0,0,-103.52544280495874
1009,3.75,-71.25,71.25,1.0,0,-104.68794906884185
1010,6.25,-71.25,71.25,1.0,0,-105.59577618705278
1011,8.75,-71.25,71.25,1.0,0,-105.82443499836265
1012,11.25,-71.25,71.25,1.0,0,-105.63526511897415
1013,13.75,-71.25,71.25,1.0,0,-105.25699639571907
1014,16.25,-71.25,71.25,1.0,0,-104.85334425378275
1015,18.75,-71.25,71.25,1.0,0,-104.4290470703052
1016,21.25,-71.25,71.25,1.0,0,-103.93538022342929
1017,23.75,-71.25,71.25,1.0,0,-103.50716212944836
1018,26.25,-71.25,71.25,1.0,0,-103.24142127349126
1019,28.75,-71.25,71.25,1.0,0,-103.26160219558224
1020,31.25,-71.25,71.25,1.0,0,-103.64903361157239
1021,33.75,-71.25,71.25,1.0,0,-104.14561177277517
1022,36.25,-71.25,71.25,1.0,0,-104.6760142330569
1023,38.75,-71.25,71.25,1.0,0,-104.7428202807384
1024,41.25,-71.25,71.25,1.0,0,-104.46402445773722
1025,43.75,-71.25,71.25,1.0,0,-103.95543175534321
1026,46.25,-71.25,71.25,1.0,0,-103.15112821726314
1027,48.75,-71.25,71.25,1.0,0,-101.52778784516286
1028,51.25,-71.25,71.25,1.0,0,-98.62354132896175
1029,53.75,-71.25,71.25,1.0,0,-94.6184816507879
1030,56.25,-71.25,71.25,1.0,0,-91.43567676385007
1031,58.75,-71.25,71.25,1.0,0,-92.23612311115073
1032,61.25,-71.25,71.25,1.0,0,-97.6068091904693
1033,63.75,-71.25,71.25,1.0,0,-105.14063910823039
1034,66.25,-71.25,71.25,1.0,0,-109.51756047387944
1035,68.75,-71.25,71.25,1.0,0,-110.44199995429304
1036,71.25,-71.25,71.25,1.0,0,-108.01299764719818
1037,73.75,-71.25,71.25,1.0,0,-103.26470078964314
1038,76.25,-71.25,71.25,1.0,0,-97.36913953881677
1039,78.75,-71.25,71.25,1.0,0,-91.12786595427127
1040,81.25,-71.25,71.25,1.0,0,-85.54032816421491
1041,83.75,-71.25,71.25,1.0,0,-82.03613956002937
1042,86.25,-71.25,71.25,1.0,0,-82.42666430236702
1043,88.75,-71.25,71.25,1.0,0,-86.14964058412627
1044,91.25,-71.25,71.25,1.0,0,-91.33131226564515
1045,93.75,-71.25,71.25,1.0,0,-96.03773317558972
1046,96.25,-71.25,71.25,1.0,0,-99.15003737840777
1047,98.75,-71.25,71.25,1.0,0,-101.46230206242997
1048,101.25,-71.25,71.25,1.0,0,-105.33378124956103
1049,103.75,-71.25,71.25,1.0,0,-111.6913491010684
1050,106.25,-71.25,71.25,1.0,0,-119.63294920492865
1051,108.75,-71.25,71.25,1.0,0,-126.43265093599845
1052,111.25,-71.25,71.25,1.0,0,-129.19494479229348
1053,113.75,-71.25,71.25,1.0,0,-128.21383773344093
1054,116.25,-71.25,71.25,1.0,0,-125.15904293130892
1055,118.75,-71.25,71.25,1.0,0,-122.41167382018277
1056,121.25,-71.25,71.25,1.0,0,-121.7364260651062
1057,123.75,-71.25,71.25,1.0,0,-122.04746119616522
1058,126.25,-71.25,71.25,1.0,0,-121.34876013267714
1059,128.75,-71.25,71.25,1.0,0,-118.3284850257497
1060,131.25,-71.25,71.25,1.0,0,-114.042596375613
1061,133.75,-71.25,71.25,1.0,0,-111.54085068187314
1062,136.25,-71.25,71.25,1.0,0,-111.87902454130852
1063,138.75,-71.25,71.25,1.0,0,-114.20562588076857
1064,141.25,-71.25,71.25,1.0,0,-116.36443878489162
1065,143.75,-71.25,71.25,1.0,0,-116.49553191822596
1066,146.25,-71.25,71.25,1.0,0,-114.9514806047859
1067,148.75,-71.25,71.25,1.0,0,-112.73020183523342
1068,151.25,-71.25,71.25,1.0,0,-110.373715073704
1069,153.75,-71.25,71.25,1.0,0,-107.77238520121811
1070,156.25,-71.25,71.25,1.0,0,-104.9566724605083
1071,158.75,-71.25,71.25,1.0,0,-102.26935086806604
1072,161.25,-71.25,71.25,1.0,0,-100.30256029349913
1073,163.75,-71.25,71.25,1.0,0,-99.73161198820918
1074,166.25,-71.25,71.25,1.0,0,-99.78859683406523
1075,168.75,-71.25,71.25,0.0,4,-99.47097653484474
1076,171.25,-71.25,71.25,0.0,4,-98.54358942549754
1077,173.75,-71.25,71.25,0.0,4,-96.95088585417179
1078,176.25,-71.25,71.25,0.0,4,-95.02887222746388
1079,178.75,-71.25,71.25,0.0,4,-93.73947901423051
1080,181.25,-71.25,71.25,0.0,4,-93.46227770969146
1081,183.75,-71.25,71.25,0.0,4,-94.34726896114474
1082,186.25,-71.25,71.25,0.0,4,-96.42154039170674
1083,188.75,-71.25,71.25,0.0,4,-99.19612299655915
1084,191.25,-71.25,71.25,0.0,4,-102.31012176598217
1085,193.75,-71.25,71.25,0.0,4,-105.61104514132279
1086,196.25,-71.25,71.25,0.0,4,-109.0587434581798
1087,198.75,-71.25,71.25,0.0,4,-112.66737753206542
1088,201.25,-71.25,71.25,0.0,4,-116.10284621833675
1089,203.75,-71.25,71.25,0.0,4,-119.5264945689144
1090,206.25,-71.25,71.25,0.0,4,-122.88929387363775
1091,208.75,-71.25,71.25,0.0,4,-126.27944907191863
1092,211.25,-71.25,71.25,0.0,4,-129.32031557616017
1093,213.75,-71.25,71.25,0.0,4,-132.04640472864043
1094,216.25,-71.25,71.25,0.0,4,-134.49162377655543
1095,218.75,-71.25,71.25,0.0,4,-136.6569428855267
1096,221.25,-71.25,71.25,0.0,4,-138.4867894303736
1097,223.75,-71.25,71.25,0.0,4,-139.8039366435419
1098,226.25,-71.25,71.25,0.0,4,-140.74726856491256
1099,228.75,-71.25,71.25,0.0,4,-141.4015978841469
1100,231.25,-71.25,71.25,0.0,4,-141.9032168119231
1101,233.75,-71.25,71.25,0.0,4,-142.2829804061815
1102,236.25,-71.25,71.25,0.0,4,-142.51680966021559
1103,238.75,-71.25,71.25,0.0,4,-142.50879245084118
1104,241.25,-71.25,71.25,0.0,4,-142.1682168972793
1105,243.75,-71.25,71.25,0.0,4,-141.46867270004202
1106,246.25,-71.25,71.25,0.0,4,-140.56391175751958
1107,248.75,-71.25,71.25,0.0,4,-139.45031176350554
1108,251.25,-71.25,71.25,0.0,4,-138.05108923361752
1109,253.75,-71.25,71.25,0.0,4,-136.13947356817795
1110,256.25,-71.25,71.25,0.0,4,-133.85266369962426
1111,258.75,-71.25,71.25,0.0,4,-131.36535651156987
1112,261.25,-71.25,71.25,0.0,4,-128.8900738484913
1113,263.75,-71.25,71.25,0.0,4,-126.55772317245557
1114,266.25,-71.25,71.25,0.0,4,-124.38696260968078
1115,268.75,-71.25,71.25,0.0,4,-122.5968789612831
1116,271.25,-71.25,71.25,0.0,4,-121.2190414908942
1117,273.75,-71.25,71.25,0.0,4,-120.37005826131578
1118,276.25,-71.25,71.25,0.0,4,-119.75818039535622
1119,278.75,-71.25,71.25,0.0,4,-118.67538881367895
1120,281.25,-71.25,71.25,0.0,4,-116.81965078370342
1121,283.75,-71.25,71.25,0.0,4,-114.26561662338855
1122,286.25,-71.25,71.25,1.0,0,-110.86735383409763
1123,288.75,-71.25,71.25,1.0,0,-107.38970078426371
1124,291.25,-71.25,71.25,1.0,0,-106.22592187529209
1125,293.75,-71.25,71.25,1.0,0,-106.67856432155764
1126,296.25,-71.25,71.25,1.0,0,-105.3550511071185
1127,298.75,-71.25,71.25,0.0,4,-99.22967829505617
1128,301.25,-71.25,71.25,0.0,4,-92.03858533801323
1129,303.75,-71.25,71.25,0.0,4,-88.56565905290509
1130,306.25,-71.25,71.25,0.0,4,-87.44975373322848
1131,308.75,-71.25,71.25,0.0,4,-85.94649810689923
1132,311.25,-71.25,71.25,0.0,4,-84.15361705115484
1133,313.75,-71.25,71.25,0.0,4,-83.98016624683058
1134,316.25,-71.25,71.25,0.0,4,-85.01999415022607
1135,318.75,-71.25,71.25,0.0,4,-86.21130044376564
1136,321.25,-71.25,71.25,0.0,4,-86.98195559615252
1137,323.75,-71.25,71.25,0.0,4,-87.43997512461716
1138,326.25,-71.25,71.25,0.0,4,-88.15192727427849
1139,328.75,-71.25,71.25,0.0,4,-89.50661792090008
1140,331.25,-71.25,71.25,0.0,4,-91.56256582636607
1141,333.75,-71.25,71.25,0.0,4,-93.89837035414334
1142,336.25,-71.25,71.25,0.0,4,-95.6636356270988
1143,338.75,-71.25,71.25,0.0,4,-96.75639089263657
1144,341.25,-71.25,71.25,0.0,4,-97.33825160701527
1145,343.75,-71.25,71.25,0.0,4,-97.81199639058951
1146,346.25,-71.25,71.25,0.0,4,-98.5356867658857
1147,348.75,-71.25,71.25,0.0,4,-99.640591194931
1148,351.25,-71.25,71.25,1.0,0,-100.82987859587811
1149,353.75,-71.25,71.25,1.0,0,-101.7379767596328
1150,356.25,-71.25,71.25,1.0,0,-102.23772037988296
1151,358.75,-71.25,71.25,1.0,0,-102.69358452148997
1152,1.25,-68.75,68.75,0.0,4,-96.65179248279445
1153,3.75,-68.75,68.75,0.0,4,-96.77175274882994
1154,6.25,-68.75,68.75,0.0,4,-97.00676258396415
1155,8.75,-68.75,68.75,0.0,4,-97.66625477468912
1156,11.25,-68.75,68.75,0.0,4,-98.64041601028178
1157,13.75,-68.75,68.75,0.0,4,-99.53134768358933
1158,16.25,-68.75,68.75,0.0,4,-99.94948148969466
1159,18.75,-68.75,68.75,0.0,4,-99.81373372266395
1160,21.25,-68.75,68.75,0.0,4,-99.4956501304919
1161,23.75,-68.75,68.75,0.0,4,-99.23324891574852
1162,26.25,-68.75,68.75,0.0,4,-98.94940338455507
1163,28.75,-68.75,68.75,0.0,4,-98.36628467189541
1164,31.25,-68.75,68.75,0.0,4,-97.47316577332768
1165,33.75,-68.75,68.75,0.0,4,-96.64295642589958
1166,36.25,-68.75,68.75,0.0,4,-96.10487128825746
1167,38.75,-68.75,68.75,0.0,4,-96.06996833329053
1168,41.25,-68.75,68.75,1.0,0,-96.70656034313222
1169,43.75,-68.75,68.75,1.0,0,-97.67652107329886
1170,46.25,-68.75,68.75,1.0,0,-99.36767907758299
1171,48.75,-68.75,68.75,1.0,0,-101.660134680589
1172,51.25,-68.75,68.75,1.0,0,-103.411462348743
1173,53.75,-68.75,68.75,1.0,0,-102.25103063643797
1174,56.25,-68.75,68.75,1.0,0,-98.9670901750908
1175,58.75,-68.75,68.75,1.0,0,-97.13638682974846
1176,61.25,-68.75,68.75,1.0,0,-99.20520133293266
1177,63.75,-68.75,68.75,1.0,0,-103.98090549419523
1178,66.25,-68.75,68.75,1.0,0,-106.55655324886682
1179,68.75,-68.75,68.75,1.0,0,-105.81078426276194
1180,71.25,-68.75,68.75,0.0,4,-102.33481702688283
1181,73.75,-68.75,68.75,0.0,4,-97.16886803530414
1182,76.25,-68.75,68.75,0.0,4,-93.37084639823254
1183,78.75,-68.75,68.75,0.0,0,-93.60088691321133
1184,81.25,-68.75,68.75,1.0,0,-97.35131063367547
1185,83.75,-68.75,68.75,1.0,0,-101.59414499760669
1186,86.25,-68.75,68.75,1.0,0,-103.48722072302256
1187,88.75,-68.75,68.75,1.0,0,-103.58299711695538
1188,91.25,-68.75,68.75,1.0,0,-104.0274147407589
1189,93.75,-68.75,68.75,1.0,0,-105.87045449009358
1190,96.25,-68.75,68.75,1.0,0,-109.63463197035148
1191,98.75,-68.75,68.75,1.0,0,-114.19604491804043
1192,101.25,-68.75,68.75,1.0,0,-118.36876399511074
1193,103.75,-68.75,68.75,1.0,0,-121.31926215792026
1194,106.25,-68.75,68.75,1.0,0,-122.81056531084394
1195,108.75,-68.75,68.75,1.0,0,-123.83769186791295
1196,111.25,-68.75,68.75,1.0,0,-124.99813457532726
1197,113.75,-68.75,68.75,1.0,0,-125.79228040300669
1198,116.25,-68.75,68.75,1.0,0,-125.31896451317847
1199,118.75,-68.75,68.75,1.0,0,-123.24164372285327
1200,121.25,-68.75,68.75,1.0,0,-120.9680296677994
1201,123.75,-68.75,68.75,1.0,0,-119.47310394680073
1202,126.25,-68.75,68.75,1.0,0,-118.54238384668066
1203,128.75,-68.75,68.75,1.0,0,-117.26835232339575
1204,131.25,-68.75,68.75,1.0,0,-115.28253509410816
1205,133.75,-68.75,68.75,1.0,0,-113.59878019258286
1206,136.25,-68.75,68.75,1.0,0,-112.81068692424729
1207,138.75,-68.75,68.75,1.0,0,-112.41092819579158
1208,141.25,-68.75,68.75,1.0,0,-110.83087274070535
1209,143.75,-68.75,68.75,1.0,0,-108.03129060431607
1210,146.25,-68.75,68.75,1.0,0,-104.89880192044315
1211,148.75,-68.75,68.75,1.0,0,-101.92759291552733
1212,151.25,-68.75,68.75,1.0,0,-98.60555632349914
1213,153.75,-68.75,68.75,1.0,0,-94.14566476185236
1214,156.25,-68.75,68.75,0.0,4,-89.36671121946543
1215,158.75,-68.75,68.75,0.0,4,-85.31392272989365
1216,161.25,-68.75,68.75,0.0,4,-82.93175142708117
1217,163.75,-68.75,68.75,0.0,4,-82.65818262622969
1218,166.25,-68.75,68.75,0.0,4,-83.22383336812942
1219,168.75,-68.75,68.75,0.0,4,-83.60769724791103
1220,171.25,-68.75,68.75,0.0,4,-83.62472086607072
1221,173.75,-68.75,68.75,0.0,4,-83.45896326106715
1222,176.25,-68.75,68.75,0.0,4,-83.50479613413454
1223,178.75,-68.75,68.75,0.0,4,-84.02984805067209
1224,181.25,-68.75,68.75,0.0,4,-85.09212103367997
1225,183.75,-68.75,68.75,0.0,4,-86.67209870232413
1226,186.25,-68.75,68.75,0.0,4,-88.90120022984163
1227,188.75,-68.75,68.75,0.0,4,-91.60469119085099
1228,191.25,-68.75,68.75,0.0,4,-94.6807305270558
1229,193.75,-68.75,68.75,0.0,4,-97.95816859995824
1230,196.25,-68.75,68.75,0.0,4,-101.2368507101752
1231,198.75,-68.75,68.75,0.0,4,-104.41740911686742
1232,201.25,-68.75,68.75,0.0,4,-107.36827955994617
1233,203.75,-68.75,68.75,0.0,4,-110.49362181033051
1234,206.25,-68.75,68.75,0.0,4,-113.8914832900009
1235,208.75,-68.75,68.75,0.0,4,-117.67236334382375
1236,211.25,-68.75,68.75,0.0,4,-121.30528266295288
1237,213.75,-68.75,68.75,0.0,4,-124.74390387822855
1238,216.25,-68.75,68.75,0.0,4,-128.02253841918863
1239,218.75,-68.75,68.75,0.0,4,-131.14520709712298
1240,221.25,-68.75,68.75,0.0,4,-134.01760694348752
1241,223.75,-68.75,68.75,0.0,4,-136.26432956834367
1242,226.25,-68.75,68.75,0.0,4,-137.9738468216359
1243,228.75,-68.75,68.75,0.0,4,-139.12967712571097
1244,231.25,-68.75,68.75,0.0,4,-139.81572045424144
1245,233.75,-68.75,68.75,0.0,4,-140.0968149384757
1246,236.25,-68.75,68.75,0.0,4,-140.11156726334468
1247,238.75,-68.75,68.75,0.0,4,-139.8504382367389
1248,241.25,-68.75,68.75,0.0,4,-139.244133297239
1249,243.75,-68.75,68.75,0.0,4,-138.26986861791315
1250,246.25,-68.75,68.75,0.0,4,-137.14965425288509
1251,248.75,-68.75,68.75,0.0,4,-135.9224447628558
1252,251.25,-68.75,68.75,0.0,4,-134.53905626387515
1253,253.75,-68.75,68.75,0.0,4,-132.79632974271135
1254,256.25,-68.75,68.75,0.0,4,-130.8435434601143
1255,258.75,-68.75,68.75,0.0,4,-128.84615393668386
1256,261.25,-68.75,68.75,0.0,4,-126.92340132435541
1257,263.75,-68.75,68.75,0.0,4,-125.06176375213002
1258,266.25,-68.75,68.75,0.0,4,-123.11489825206144
1259,268.75,-68.75,68.75,0.0,4,-121.15049906110752
1260,271.25,-68.75,68.75,0.0,4,-119.13365829010209
1261,273.75,-68.75,68.75,0.0,4,-117.22339072230321
1262,276.25,-68.75,68.75,0.0,4,-115.45402416375403
1263,278.75,-68.75,68.75,0.0,4,-113.6843412980005
1264,281.25,-68.75,68.75,0.0,4,-111.29135202159921
1265,283.75,-68.75,68.75,0.0,4,-107.95133143125405
1266,286.25,-68.75,68.75,0.0,4,-103.69626436306011
1267,288.75,-68.75,68.75,0.0,4,-99.22104987042378
1268,291.25,-68.75,68.75,0.0,4,-96.26770443230377
1269,293.75,-68.75,68.75,1.0,0,-94.20840154796258
1270,296.25,-68.75,68.75,1.0,0,-90.87807063132215
1271,298.75,-68.75,68.75,0.0,4,-84.73664261868346
1272,301.25,-68.75,68.75,0.0,4,-79.96408642976854
1273,303.75,-68.75,68.75,0.0,4,-77.93866922134451
1274,306.25,-68.75,68.75,0.0,4,-76.71290435189188
1275,308.75,-68.75,68.75,0.0,4,-76.07924295809651
1276,311.25,-68.75,68.75,0.0,4,-78.30461549833967
1277,313.75,-68.75,68.75,0.0,4,-82.1971180683463
1278,316.25,-68.75,68.75,0.0,4,-85.35587109771282
1279,318.75,-68.75,68.75,0.0,4,-86.98799068081054
1280,321.25,-68.75,68.75,0.0,4,-87.7181135151631
1281,323.75,-68.75,68.75,0.0,4,-88.2904404426933
1282,326.25,-68.75,68.75,0.0,4,-88.8639784490237
1283,328.75,-68.75,68.75,0.0,4,-89.31987784561564
1284,331.25,-68.75,68.75,0.0,4,-89.74777211021251
1285,333.75,-68.75,68.75,0.0,4,-90.4395219127723
1286,336.25,-68.75,68.75,0.0,4,-91.31636873842426
1287,338.75,-68.75,68.75,0.0,4,-92.10418235575028
1288,341.25,-68.75,68.75,0.0,4,-92.610459155431
1289,343.75,-68.75,68.75,0.0,4,-92.95216244665806
1290,346.25,-68.75,68.75,0.0,4,-93.34003747271487
1291,348.75,-68.75,68.75,0.0,4,-93.83377163099621
1292,351.25,-68.75,68.75,0.0,4,-94.39471254406773
1293,353.75,-68.75,68.75,0.0,4,-95.0290790503817
1294,356.25,-68.75,68.75,0.0,4,-95.7441872579718
1295,358.75,-68.75,68.75,0.0,4,-96.32394133448302
1296,1.25,-66.25,66.25,0.0,4,-89.58077110525755
1297,3.75,-66.25,66.25,0.0,4,-89.57558561427304
1298,6.25,-66.25,66.25,0.0,4,-89.42808752449653
1299,8.75,-66.25,66.25,0.0,4,-89.27830195114467
1300,11.25,-66.25,66.25,0.0,4,-89.18585831846684
1301,13.75,-66.25,66.25,0.0,4,-89.18363280270442
1302,16.25,-66.25,66.25,0.0,4,-89.26957118519344
1303,18.75,-66.25,66.25,0.0,4,-89.42338005617827
1304,21.25,-66.25,66.25,0.0,4,-89.65633584173062
1305,23.75,-66.25,66.25,0.0,4,-90.03961821926792
1306,26.25,-66.25,66.25,0.0,4,-90.52224591285056
1307,28.75,-66.25,66.25,0.0,4,-90.8789418645893
1308,31.25,-66.25,66.25,0.0,4,-90.74357933564816
1309,33.75,-66.25,66.25,0.0,4,-90.12718645187284
1310,36.25,-66.25,66.25,0.0,4,-89.3150128253638
1311,38.75,-66.25,66.25,0.0,4,-88.68389874178115
1312,41.25,-66.25,66.25,0.0,4,-88.45817269810672
1313,43.75,-66.25,66.25,0.0,4,-88.45384690238369
1314,46.25,-66.25,66.25,0.0,4,-88.58646477448863
1315,48.75,-66.25,66.25,0.0,4,-89.2560025023933
1316,51.25,-66.25,66.25,0.0,4,-90.97730626404153
1317,53.75,-66.25,66.25,1.0,0,-92.47299584022612
1318,56.25,-66.25,66.25,0.0,4,-92.81909359619361
1319,58.75,-66.25,66.25,0.0,4,-92.70748614829127
1320,61.25,-66.25,66.25,0.0,4,-93.33118390195021
1321,63.75,-66.25,66.25,0.0,4,-94.77333342738
1322,66.25,-66.25,66.25,0.0,4,-95.71836041037697
1323,68.75,-66.25,66.25,0.0,4,-95.14401675913284
1324,71.25,-66.25,66.25,0.0,4,-92.82211864790276
1325,73.75,-66.25,66.25,0.0,4,-89.33576887449382
1326,76.25,-66.25,66.25,0.0,4,-86.46973073379944
1327,78.75,-66.25,66.25,0.0,4,-85.28178843241461
1328,81.25,-66.25,66.25,0.0,4,-85.97152912697335
1329,83.75,-66.25,66.25,0.0,4,-88.2726119086717
1330,86.25,-66.25,66.25,0.0,4,-92.11383061312131
1331,88.75,-66.25,66.25,0.0,4,-97.00603300957022
1332,91.25,-66.25,66.25,0.0,4,-102.21251769795111
1333,93.75,-66.25,66.25,0.0,4,-106.38325868363847
1334,96.25,-66.25,66.25,0.0,0,-109.34492549421628
1335,98.75,-66.25,66.25,0.0,0,-111.8372609627033
1336,101.25,-66.25,66.25,0.0,0,-114.51155600798845
1337,103.75,-66.25,66.25,1.0,0,-116.88387112327649
1338,106.25,-66.25,66.25,0.0,4,-118.18424789790517
1339,108.75,-66.25,66.25,0.0,4,-118.24526735282878
1340,111.25,-66.25,66.25,0.0,4,-117.61426182274167
1341,113.75,-66.25,66.25,0.0,4,-116.51593078882006
1342,116.25,-66.25,66.25,0.0,4,-114.90578754061339
1343,118.75,-66.25,66.25,0.0,4,-112.74765507357161
1344,121.25,-66.25,66.25,0.0,4,-110.7562758044073
1345,123.75,-66.25,66.25,0.0,4,-109.27290830229525
1346,126.25,-66.25,66.25,0.0,4,-108.2055298129863
1347,128.75,-66.25,66.25,0.0,4,-107.07869554364574
1348,131.25,-66.25,66.25,0.0,4,-105.74919187419664
1349,133.75,-66.25,66.25,0.0,0,-104.63596959389398
1350,136.25,-66.25,66.25,0.0,4,-103.89077171246252
1351,138.75,-66.25,66.25,0.0,4,-103.0939397109526
1352,141.25,-66.25,66.25,0.0,4,-101.07481567953414
1353,143.75,-66.25,66.25,0.0,4,-98.01997746523585
1354,146.25,-66.25,66.25,0.0,4,-94.65922852895083
1355,148.75,-66.25,66.25,0.0,4,-91.24084311350084
1356,151.25,-66.25,66.25,0.0,4,-87.71802909336158
1357,153.75,-66.25,66.25,0.0,4,-83.96210677150168
1358,156.25,-66.25,66.25,0.0,4,-80.3969766515429
1359,158.75,-66.25,66.25,0.0,4,-77.18196041482489
1360,161.25,-66.25,66.25,0.0,4,-74.62709283304436
1361,163.75,-66.25,66.25,0.0,4,-72.76425645263899
1362,166.25,-66.25,66.25,0.0,4,-71.56976680881274
1363,168.75,-66.25,66.25,0.0,4,-70.6703484944224
1364,171.25,-66.25,66.25,0.0,4,-69.91451610530446
1365,173.75,-66.25,66.25,0.0,4,-69.39655703756887
1366,176.25,-66.25,66.25,0.0,4,-69.40323848000972
1367,178.75,-66.25,66.25,0.0,4,-70.06585112005176
1368,181.25,-66.25,66.25,0.0,4,-71.36084816569073
1369,183.75,-66.25,66.25,0.0,4,-73.19707902915385
1370,186.25,-66.25,66.25,0.0,4,-75.56564541458137
1371,188.75,-66.25,66.25,0.0,4,-78.10276807005609
1372,191.25,-66.25,66.25,0.0,4,-80.764542068106
1373,193.75,-66.25,66.25,0.0,4,-83.56721072538699
1374,196.25,-66.25,66.25,0.0,4,-86.48332815967652
1375,198.75,-66.25,66.25,0.0,4,-89.46875298643036
1376,201.25,-66.25,66.25,0.0,4,-92.31486705066098
1377,203.75,-66.25,66.25,0.0,4,-95.32534153549797
1378,206.25,-66.25,66.25,0.0,4,-98.54567247718708
1379,208.75,-66.25,66.25,0.0,4,-102.10714068340255
1380,211.25,-66.25,66.25,0.0,4,-105.67470714879036
1381,213.75,-66.25,66.25,0.0,4,-109.35668586823911
1382,216.25,-66.25,66.25,0.0,4,-113.16100698306082
1383,218.75,-66.25,66.25,0.0,4,-116.92375266950886
1384,221.25,-66.25,66.25,0.0,4,-120.3998121749294
1385,223.75,-66.25,66.25,0.0,4,-123.22709996376554
1386,226.25,-66.25,66.25,0.0,4,-125.68727478145512
1387,228.75,-66.25,66.25,0.0,4,-127.8007418017725
1388,231.25,-66.25,66.25,0.0,4,-129.58010028628772
1389,233.75,-66.25,66.25,0.0,4,-130.8088362835959
1390,236.25,-66.25,66.25,0.0,4,-131.60355752632012
1391,238.75,-66.25,66.25,0.0,4,-132.0127708734853
1392,241.25,-66.25,66.25,0.0,4,-132.00203194692205
1393,243.75,-66.25,66.25,0.0,4,-131.51533447528718
1394,246.25,-66.25,66.25,0.0,4,-130.67211172159782
1395,248.75,-66.25,66.25,0.0,4,-129.5057080009687
1396,251.25,-66.25,66.25,0.0,4,-127.96980651067345
1397,253.75,-66.25,66.25,0.0,4,-125.91131887808643
1398,256.25,-66.25,66.25,0.0,4,-123.6128426074729
1399,258.75,-66.25,66.25,0.0,4,-121.25883216718746
1400,261.25,-66.25,66.25,0.0,4,-118.86951800687416
1401,263.75,-66.25,66.25,0.0,4,-116.31589348334883
1402,266.25,-66.25,66.25,0.0,4,-113.45247057449266
1403,268.75,-66.25,66.25,0.0,4,-110.58273418250506
1404,271.25,-66.25,66.25,0.0,4,-107.63634427596698
1405,273.75,-66.25,66.25,0.0,4,-104.57640462060472
1406,276.25,-66.25,66.25,0.0,4,-101.21734738679551
1407,278.75,-66.25,66.25,0.0,4,-98.03494108654066
1408,281.25,-66.25,66.25,0.0,4,-95.16460986343868
1409,283.75,-66.25,66.25,0.0,4,-92.44701427831568
1410,286.25,-66.25,66.25,0.0,4,-89.589665081412
1411,288.75,-66.25,66.25,0.0,4,-86.48033814909355
1412,291.25,-66.25,66.25,0.0,4,-83.54234493986024
1413,293.75,-66.25,66.25,0.0,4,-80.42862304436572
1414,296.25,-66.25,66.25,1.0,0,-76.5988076984023
1415,298.75,-66.25,66.25,0.0,0,-71.79678745641087
1416,301.25,-66.25,66.25,0.0,4,-68.04538861622598
1417,303.75,-66.25,66.25,0.0,4,-66.06451053703874
1418,306.25,-66.25,66.25,0.0,4,-65.36998659010683
1419,308.75,-66.25,66.25,0.0,4,-66.10592495645108
1420,311.25,-66.25,66.25,0.0,4,-68.81368995761655
1421,313.75,-66.25,66.25,0.0,4,-71.93760843049802
1422,316.25,-66.25,66.25,0.0,4,-74.22140379642241
1423,318.75,-66.25,66.25,0.0,4,-75.46716681952077
1424,321.25,-66.25,66.25,0.0,4,-76.3397962500299
1425,323.75,-66.25,66.25,0.0,4,-77.33958255062106
1426,326.25,-66.25,66.25,0.0,4,-78.3419800679566
1427,328.75,-66.25,66.25,0.0,4,-79.1022969663075
1428,331.25,-66.25,66.25,0.0,4,-79.73997937850496
1429,333.75,-66.25,66.25,0.0,4,-80.6181171526518
1430,336.25,-66.25,66.25,0.0,4,-81.58284694914083
1431,338.75,-66.25,66.25,0.0,4,-82.36273660411582
1432,341.25,-66.25,66.25,0.0,4,-82.909658543174
1433,343.75,-66.25,66.25,0.0,4,-83.51897531644994
1434,346.25,-66.25,66.25,0.0,4,-84.30251603938589
1435,348.75,-66.25,66.25,0.0,4,-85.1773117253925
1436,351.25,-66.25,66.25,0.0,4,-86.13881222656876
1437,353.75,-66.25,66.25,0.0,4,-87.26699339135737
1438,356.25,-66.25,66.25,0.0,4,-88.45300601912423
1439,358.75,-66.25,66.25,0.0,4,-89.24614109681991
1440,1.25,-63.75,63.75,0.0,4,-77.2974914859552
1441,3.75,-63.75,63.75,0.0,4,-77.86681136144864
1442,6.25,-63.75,63.75,0.0,4,-78.33803540653757
1443,8.75,-63.75,63.75,0.0,4,-78.41492895983863
1444,11.25,-63.75,63.75,0.0,4,-78.2720404339834
1445,13.75,-63.75,63.75,0.0,4,-78.1442489429191
1446,16.25,-63.75,63.75,0.0,4,-78.07084387793405
1447,18.75,-63.75,63.75,0.0,4,-77.97268523884678
1448,21.25,-63.75,63.75,0.0,4,-77.88288359957495
1449,23.75,-63.75,63.75,0.0,4,-77.92091677895435
1450,26.25,-63.75,63.75,0.0,4,-78.13818738779324
1451,28.75,-63.75,63.75,0.0,4,-78.5219589298951
1452,31.25,-63.75,63.75,0.0,4,-78.87622704592228
1453,33.75,-63.75,63.75,0.0,4,-79.0118362933867
1454,36.25,-63.75,63.75,0.0,4,-78.83491367454022
1455,38.75,-63.75,63.75,0.0,4,-78.44668710877781
1456,41.25,-63.75,63.75,0.0,4,-78.13697209916695
1457,43.75,-63.75,63.75,0.0,4,-78.00364412469423
1458,46.25,-63.75,63.75,0.0,4,-77.83379958757882
1459,48.75,-63.75,63.75,0.0,4,-77.51463086512997
1460,51.25,-63.75,63.75,0.0,4,-77.26613691048385
1461,53.75,-63.75,63.75,0.0,4,-77.4262092104133
1462,56.25,-63.75,63.75,0.0,4,-77.83686751617063
1463,58.75,-63.75,63.75,0.0,4,-78.14439898547478
1464,61.25,-63.75,63.75,0.0,4,-78.04232823476964
1465,63.75,-63.75,63.75,0.0,4,-77.37790230189373
1466,66.25,-63.75,63.75,0.0,4,-76.33047237991833
1467,68.75,-63.75,63.75,0.0,4,-75.04923895498794
1468,71.25,-63.75,63.75,0.0,4,-73.63445049166151
1469,73.75,-63.75,63.75,0.0,4,-72.1698906319577
1470,76.25,-63.75,63.75,0.0,4,-71.03134375158137
1471,78.75,-63.75,63.75,0.0,4,-70.32247961469069
1472,81.25,-63.75,63.75,0.0,4,-70.06305854094259
1473,83.75,-63.75,63.75,0.0,4,-70.59006322456719
1474,86.25,-63.75,63.75,0.0,4,-72.89331015532403
1475,88.75,-63.75,63.75,0.0,4,-77.17345010920054
1476,91.25,-63.75,63.75,0.0,4,-82.76900717828725
1477,93.75,-63.75,63.75,0.0,4,-88.43637188493996
1478,96.25,-63.75,63.75,0.0,4,-93.65883083697128
1479,98.75,-63.75,63.75,0.0,4,-97.90329917742154
1480,101.25,-63.75,63.75,0.0,4,-101.25992879876303
1481,103.75,-63.75,63.75,0.0,4,-103.68939638940869
1482,106.25,-63.75,63.75,0.0,4,-105.26544777464952
1483,108.75,-63.75,63.75,0.0,4,-106.05378797422138
1484,111.25,-63.75,63.75,0.0,4,-105.92973907280862
1485,113.75,-63.75,63.75,0.0,4,-104.98318096394712
1486,116.25,-63.75,63.75,0.0,4,-103.5468180439741
1487,118.75,-63.75,63.75,0.0,4,-102.10590744921447
1488,121.25,-63.75,63.75,0.0,4,-100.98492572543753
1489,123.75,-63.75,63.75,0.0,4,-99.83450691503228
1490,126.25,-63.75,63.75,0.0,4,-98.37460245824263
1491,128.75,-63.75,63.75,0.0,4,-96.62289829993625
1492,131.25,-63.75,63.75,0.0,4,-94.8358355117981
1493,133.75,-63.75,63.75,0.0,4,-93.2999545544082
1494,136.25,-63.75,63.75,0.0,4,-91.7450438925442
1495,138.75,-63.75,63.75,0.0,4,-89.84081250509082
1496,141.25,-63.75,63.75,0.0,4,-87.17863451054494
1497,143.75,-63.75,63.75,0.0,4,-84.07662370897336
1498,146.25,-63.75,63.75,0.0,4,-80.87454513615553
1499,148.75,-63.75,63.75,0.0,4,-77.67942860885516
1500,151.25,-63.75,63.75,0.0,4,-74.35990057190828
1501,153.75,-63.75,63.75,0.0,4,-70.76825960112389
1502,156.25,-63.75,63.75,0.0,4,-67.35699826535198
1503,158.75,-63.75,63.75,0.0,4,-64.10616766616963
1504,161.25,-63.75,63.75,0.0,4,-61.0328761010962
1505,163.75,-63.75,63.75,0.0,4,-58.04694570818701
1506,166.25,-63.75,63.75,0.0,4,-55.62181876960357
1507,168.75,-63.75,63.75,0.0,4,-53.88035175914897
1508,171.25,-63.75,63.75,0.0,4,-52.84221595323239
1509,173.75,-63.75,63.75,0.0,4,-52.512608542780676
1510,176.25,-63.75,63.75,0.0,4,-52.889325695936215
1511,178.75,-63.75,63.75,0.0,4,-53.71056356447325
1512,181.25,-63.75,63.75,0.0,4,-54.83578491128004
1513,183.75,-63.75,63.75,0.0,4,-56.27964246349979
1514,186.25,-63.75,63.75,0.0,4,-58.23809251634163
1515,188.75,-63.75,63.75,0.0,4,-60.4885342043574
1516,191.25,-63.75,63.75,0.0,4,-62.969049486650924
1517,193.75,-63.75,63.75,0.0,4,-65.73559716172511
1518,196.25,-63.75,63.75,0.0,4,-68.81472460086458
1519,198.75,-63.75,63.75,0.0,4,-72.09238383267099
1520,201.25,-63.75,63.75,0.0,4,-75.14886297552485
1521,203.75,-63.75,63.75,0.0,4,-78.21294062088892
1522,206.25,-63.75,63.75,0.0,4,-81.34182107282774
1523,208.75,-63.75,63.75,0.0,4,-84.72962072206569
1524,211.25,-63.75,63.75,0.0,4,-88.09114739591155
1525,213.75,-63.75,63.75,0.0,4,-91.47805274822592
1526,216.25,-63.75,63.75,0.0,4,-94.88855940794375
1527,218.75,-63.75,63.75,0.0,4,-98.32673796650107
1528,221.25,-63.75,63.75,0.0,4,-101.86100122262167
1529,223.75,-63.75,63.75,0.0,4,-105.19444839297941
1530,226.25,-63.75,63.75,0.0,4,-108.44123564631106
1531,228.75,-63.75,63.75,0.0,4,-111.44373737718861
1532,231.25,-63.75,63.75,0.0,4,-114.13910993061741
1533,233.75,-63.75,63.75,0.0,4,-116.15523082061678
1534,236.25,-63.75,63.75,0.0,4,-117.60785120231142
1535,238.75,-63.75,63.75,0.0,4,-118.55890793251531
1536,241.25,-63.75,63.75,0.0,4,-118.97184777932769
1537,243.75,-63.75,63.75,0.0,4,-118.76692881050667
1538,246.25,-63.75,63.75,0.0,4,-118.0359458340146
1539,248.75,-63.75,63.75,0.0,4,-116.88783052765797
1540,251.25,-63.75,63.75,0.0,4,-115.37081463625655
1541,253.75,-63.75,63.75,0.0,4,-113.38139438586632
1542,256.25,-63.75,63.75,0.0,4,-111.02295625069974
1543,258.75,-63.75,63.75,0.0,4,-108.27219587024241
1544,261.25,-63.75,63.75,0.0,4,-105.12775419248419
1545,263.75,-63.75,63.75,0.0,4,-101.58183163106055
1546,266.25,-63.75,63.75,0.0,4,-97.57388415727517
1547,268.75,-63.75,63.75,0.0,4,-93.50708306490449
1548,271.25,-63.75,63.75,0.0,4,-89.32569311270771
1549,273.75,-63.75,63.75,0.0,4,-85.11507078936657
1550,276.25,-63.75,63.75,0.0,4,-80.69438683581608
1551,278.75,-63.75,63.75,0.0,4,-76.54896864645727
1552,281.25,-63.75,63.75,0.0,4,-72.82088443381681
1553,283.75,-63.75,63.75,0.0,4,-69.53924005507541
1554,286.25,-63.75,63.75,0.0,4,-66.62017616244289
1555,288.75,-63.75,63.75,0.0,4,-64.01103187666085
1556,291.25,-63.75,63.75,0.0,4,-61.917505324033236
1557,293.75,-63.75,63.75,0.0,4,-60.06643955055855
1558,296.25,-63.75,63.75,0.0,4,-58.04281198977399
1559,298.75,-63.75,63.75,0.0,4,-55.2836761213605
1560,301.25,-63.75,63.75,0.0,4,-52.22578869161765
1561,303.75,-63.75,63.75,0.0,4,-49.708503455474386
1562,306.25,-63.75,63.75,0.0,4,-48.320543363888284
1563,308.75,-63.75,63.75,0.0,4,-48.05707133630705
1564,311.25,-63.75,63.75,0.0,4,-48.94297209691243
1565,313.75,-63.75,63.75,0.0,4,-50.6075241621637
1566,316.25,-63.75,63.75,0.0,4,-52.45346364982961
1567,318.75,-63.75,63.75,0.0,4,-53.982445202447494
1568,321.25,-63.75,63.75,0.0,4,-55.30656298743163
1569,323.75,-63.75,63.75,0.0,4,-56.754879121053136
1570,326.25,-63.75,63.75,0.0,4,-58.37152287024498
1571,328.75,-63.75,63.75,0.0,4,-59.85095411038668
1572,331.25,-63.75,63.75,0.0,4,-61.13315223472473
1573,333.75,-63.75,63.75,0.0,4,-62.535198857021946
1574,336.25,-63.75,63.75,0.0,4,-63.976534814017
1575,338.75,-63.75,63.75,0.0,4,-65.35827840232682
1576,341.25,-63.75,63.75,0.0,4,-66.72167602606363
1577,343.75,-63.75,63.75,0.0,4,-68.27932199630422
1578,346.25,-63.75,63.75,0.0,4,-69.70200004366109
1579,348.75,-63.75,63.75,0.0,4,-70.94834011956068
1580,351.25,-63.75,63.75,0.0,4,-72.35224080824098
1581,353.75,-63.75,63.75,0.0,4,-74.0993367797286
1582,356.25,-63.75,63.75,0.0,4,-75.7401499864248
1583,358.75,-63.75,63.75,0.0,4,-76.69086167572036
1584,1.25,-61.25,61.25,0.0,4,-59.03942991757692
1585,3.75,-61.25,61.25,0.0,4,-60.12702189691948
1586,6.25,-61.25,61.25,0.0,4,-60.8425034090536
1587,8.75,-61.25,61.25,0.0,4,-61.18273125987541
1588,11.25,-61.25,61.25,0.0,4,-61.54454974279112
1589,13.75,-61.25,61.25,0.0,4,-61.8199261381355
1590,16.25,-61.25,61.25,0.0,4,-61.716982582359684
1591,18.75,-61.25,61.25,0.0,4,-61.331653739526764
1592,21.25,-61.25,61.25,0.0,4,-61.147779752915284
1593,23.75,-61.25,61.25,0.0,4,-61.366487406810315
1594,26.25,-61.25,61.25,0.0,4,-61.909205796210244
1595,28.75,-61.25,61.25,0.0,4,-62.55723596645397
1596,31.25,-61.25,61.25,0.0,4,-62.93761593038985
1597,33.75,-61.25,61.25,0.0,4,-62.98205701947328
1598,36.25,-61.25,61.25,0.0,4,-62.715503272351704
1599,38.75,-61.25,61.25,0.0,4,-62.16298280771069
1600,41.25,-61.25,61.25,0.0,4,-61.44744202073264
1601,43.75,-61.25,61.25,0.0,4,-60.80879802171762
1602,46.25,-61.25,61.25,0.0,4,-60.21173382860717
1603,48.75,-61.25,61.25,0.0,4,-59.50859750853822
1604,51.25,-61.25,61.25,0.0,4,-58.53217469821882
1605,53.75,-61.25,61.25,0.0,4,-57.29654810966103
1606,56.25,-61.25,61.25,0.0,4,-55.92987687125557
1607,58.75,-61.25,61.25,0.0,4,-54.73013458981928
1608,61.25,-61.25,61.25,0.0,4,-53.98165183687309
1609,63.75,-61.25,61.25,0.0,4,-53.58631356308687
1610,66.25,-61.25,61.25,0.0,4,-53.156744838253445
1611,68.75,-61.25,61.25,0.0,4,-52.60187388100764
1612,71.25,-61.25,61.25,0.0,4,-51.97709782926243
1613,73.75,-61.25,61.25,0.0,4,-51.23267053840173
1614,76.25,-61.25,61.25,0.0,4,-50.50472207923916
1615,78.75,-61.25,61.25,0.0,4,-50.04098226455545
1616,81.25,-61.25,61.25,0.0,4,-49.81883828386099
1617,83.75,-61.25,61.25,0.0,4,-49.71096279993392
1618,86.25,-61.25,61.25,0.0,4,-50.2455287911089
1619,88.75,-61.25,61.25,0.0,4,-52.310875669826004
1620,91.25,-61.25,61.25,0.0,4,-56.0934893806853
1621,93.75,-61.25,61.25,0.0,4,-61.040537357021975
1622,96.25,-61.25,61.25,0.0,4,-66.77104800256807
1623,98.75,-61.25,61.25,0.0,4,-72.1139776962354
1624,101.25,-61.25,61.25,0.0,4,-76.58373961919652
1625,103.75,-61.25,61.25,0.0,4,-80.00317898361182
1626,106.25,-61.25,61.25,0.0,4,-82.48083591676834
1627,108.75,-61.25,61.25,0.0,4,-84.0699916723806
1628,111.25,-61.25,61.25,0.0,4,-84.63982405790273
1629,113.75,-61.25,61.25,0.0,4,-84.58871442415646
1630,116.25,-61.25,61.25,0.0,4,-84.39403090367324
1631,118.75,-61.25,61.25,0.0,4,-84.44320384769257
1632,121.25,-61.25,61.25,0.0,4,-84.63630204857559
1633,123.75,-61.25,61.25,0.0,4,-84.63857621606074
1634,126.25,-61.25,61.25,0.0,4,-84.27290903326615
1635,128.75,-61.25,61.25,0.0,4,-83.52936550023769
1636,131.25,-61.25,61.25,0.0,4,-82.37665605319097
1637,133.75,-61.25,61.25,0.0,4,-80.79070819798561
1638,136.25,-61.25,61.25,0.0,4,-78.64126927918117
1639,138.75,-61.25,61.25,0.0,4,-75.93927288387668
1640,141.25,-61.25,61.25,0.0,4,-72.5749602626787
1641,143.75,-61.25,61.25,0.0,4,-68.9682627161611
1642,146.25,-61.25,61.25,0.0,4,-65.36546074809677
1643,148.75,-61.25,61.25,0.0,4,-61.90165373789887
1644,151.25,-61.25,61.25,0.0,4,-58.52268218657945
1645,153.75,-61.25,61.25,0.0,4,-55.119518567446335
1646,156.25,-61.25,61.25,0.0,4,-52.05988389997921
1647,158.75,-61.25,61.25,0.0,4,-49.196149805147996
1648,161.25,-61.25,61.25,0.0,4,-46.31560262376464
1649,163.75,-61.25,61.25,0.0,4,-43.11056934387116
1650,166.25,-61.25,61.25,0.0,4,-40.207641252291985
1651,168.75,-61.25,61.25,0.0,4,-38.00409007054451
1652,171.25,-61.25,61.25,0.0,4,-36.516326771212206
1653,173.75,-61.25,61.25,0.0,4,-35.63918248892368
1654,176.25,-61.25,61.25,0.0,4,-35.406604824224644
1655,178.75,-61.25,61.25,0.0,4,-35.70902766236014
1656,181.25,-61.25,61.25,0.0,4,-36.32151470405448
1657,183.75,-61.25,61.25,0.0,4,-37.21802816191067
1658,186.25,-61.25,61.25,0.0,4,-38.640700899667074
1659,188.75,-61.25,61.25,0.0,4,-40.45764510827577
1660,191.25,-61.25,61.25,0.0,4,-42.557256741366864
1661,193.75,-61.25,61.25,0.0,4,-45.04411257550243
1662,196.25,-61.25,61.25,0.0,4,-48.10112943283428
1663,198.75,-61.25,61.25,0.0,4,-51.7554182102151
1664,201.25,-61.25,61.25,0.0,4,-55.39503144331394
1665,203.75,-61.25,61.25,0.0,4,-58.93577449684244
1666,206.25,-61.25,61.25,0.0,4,-62.19117124899071
1667,208.75,-61.25,61.25,0.0,4,-65.3902886545266
1668,211.25,-61.25,61.25,0.0,4,-68.50065034109146
1669,213.75,-61.25,61.25,0.0,4,-71.58933071807704
1670,216.25,-61.25,61.25,0.0,4,-74.60393500406664
1671,218.75,-61.25,61.25,0.0,4,-77.71709757616111
1672,221.25,-61.25,61.25,0.0,4,-81.22179108704087
1673,223.75,-61.25,61.25,0.0,4,-84.64347741850966
1674,226.25,-61.25,61.25,0.0,4,-87.91029022575034
1675,228.75,-61.25,61.25,0.0,4,-90.96606153608626
1676,231.25,-61.25,61.25,0.0,4,-93.95262315548858
1677,233.75,-61.25,61.25,0.0,4,-96.4138643079269
1678,236.25,-61.25,61.25,0.0,4,-98.30242213774471
1679,238.75,-61.25,61.25,0.0,4,-99.64741385632153
1680,241.25,-61.25,61.25,0.0,4,-100.45222712898907
1681,243.75,-61.25,61.25,0.0,4,-100.64848371574787
1682,246.25,-61.25,61.25,0.0,4,-100.16383042161024
1683,248.75,-61.25,61.25,0.0,4,-98.97314676283592
1684,251.25,-61.25,61.25,0.0,4,-97.13902740979579
1685,253.75,-61.25,61.25,0.0,4,-94.80005883351771
1686,256.25,-61.25,61.25,0.0,4,-92.23268466042808
1687,258.75,-61.25,61.25,0.0,4,-89.18169408282088
1688,261.25,-61.25,61.25,0.0,4,-85.51282004296712
1689,263.75,-61.25,61.25,0.0,4,-81.36027386113679
1690,266.25,-61.25,61.25,0.0,4,-76.73512132117769
1691,268.75,-61.25,61.25,0.0,4,-71.8081961233519
1692,271.25,-61.25,61.25,0.0,4,-66.389421727548
1693,273.75,-61.25,61.25,0.0,4,-60.814714421389965
1694,276.25,-61.25,61.25,0.0,4,-55.19004218631861
1695,278.75,-61.25,61.25,0.0,4,-50.21665379241042
1696,281.25,-61.25,61.25,0.0,4,-45.89547288737234
1697,283.75,-61.25,61.25,0.0,4,-42.11603202585886
1698,286.25,-61.25,61.25,0.0,4,-38.73265714190775
1699,288.75,-61.25,61.25,0.0,4,-35.7484173244474
1700,291.25,-61.25,61.25,0.0,4,-33.376296781050435
1701,293.75,-61.25,61.25,0.0,4,-31.339771627528346
1702,296.25,-61.25,61.25,0.0,4,-29.56832658391651
1703,298.75,-61.25,61.25,0.0,4,-27.954214558494833
1704,301.25,-61.25,61.25,0.0,4,-26.423366457873193
1705,303.75,-61.25,61.25,0.0,4,-25.04380839030528
1706,306.25,-61.25,61.25,0.0,4,-24.25224697653101
1707,308.75,-61.25,61.25,0.0,4,-24.331635833396597
1708,311.25,-61.25,61.25,0.0,4,-25.075577841596452
1709,313.75,-61.25,61.25,0.0,4,-25.97607518859953
1710,316.25,-61.25,61.25,0.0,4,-26.94066876795185
1711,318.75,-61.25,61.25,0.0,4,-27.93581121542227
1712,321.25,-61.25,61.25,0.0,4,-29.208262263782828
1713,323.75,-61.25,61.25,0.0,4,-31.0402428052014
1714,326.25,-61.25,61.25,0.0,4,-33.26530349700341
1715,328.75,-61.25,61.25,0.0,4,-35.31083818697888
1716,331.25,-61.25,61.25,0.0,4,-37.01908920651003
1717,333.75,-61.25,61.25,0.0,4,-38.88475412327458
1718,336.25,-61.25,61.25,0.0,4,-40.860268717888374
1719,338.75,-61.25,61.25,0.0,4,-42.803448879293406
1720,341.25,-61.25,61.25,0.0,4,-44.76544641786485
1721,343.75,-61.25,61.25,0.0,4,-46.9970111592034
1722,346.25,-61.25,61.25,0.0,4,-48.97547336597612
1723,348.75,-61.25,61.25,0.0,4,-50.71105692960047
1724,351.25,-61.25,61.25,0.0,4,-52.65097234068515
1725,353.75,-61.25,61.25,0.0,4,-54.85466667285409
1726,356.25,-61.25,61.25,0.0,4,-56.7050321472502
1727,358.75,-61.25,61.25,0.0,4,-57.90769170087206
1728,1.25,-58.75,58.75,0.0,1,-35.59260295427674
1729,3.75,-58.75,58.75,0.0,1,-37.04303077291603
1730,6.25,-58.75,58.75,0.0,1,-38.11849599825088
1731,8.75,-58.75,58.75,0.0,1,-38.97859399911667
1732,11.25,-58.75,58.75,0.0,1,-39.74775074441221
1733,13.75,-58.75,58.75,0.0,1,-40.20116912691796
1734,16.25,-58.75,58.75,0.0,1,-40.47243095647068
1735,18.75,-58.75,58.75,0.0,1,-40.97894796093687
1736,21.25,-58.75,58.75,0.0,1,-41.4729322499834
1737,23.75,-58.75,58.75,0.0,1,-41.730401565333565
1738,26.25,-58.75,58.75,0.0,1,-41.95453320207159
1739,28.75,-58.75,58.75,0.0,1,-42.412118872711
1740,31.25,-58.75,58.75,0.0,3,-42.785579170006876
1741,33.75,-58.75,58.75,0.0,3,-42.88506299500794
1742,36.25,-58.75,58.75,0.0,3,-42.79055660416083
1743,38.75,-58.75,58.75,0.0,3,-42.510061655170446
1744,41.25,-58.75,58.75,0.0,3,-42.00132371262012
1745,43.75,-58.75,58.75,0.0,3,-41.41076049093373
1746,46.25,-58.75,58.75,0.0,3,-40.652688896048495
1747,48.75,-58.75,58.75,0.0,3,-39.4531536834661
1748,51.25,-58.75,58.75,0.0,3,-37.61389620524206
1749,53.75,-58.75,58.75,0.0,3,-35.51967429020838
1750,56.25,-58.75,58.75,0.0,3,-33.497053444480926
1751,58.75,-58.75,58.75,0.0,3,-31.80715565542748
1752,61.25,-58.75,58.75,0.0,3,-30.620416848049935
1753,63.75,-58.75,58.75,0.0,3,-29.800546573698075
1754,66.25,-58.75,58.75,0.0,3,-29.059406740445322
1755,68.75,-58.75,58.75,0.0,3,-28.311257920609968
1756,71.25,-58.75,58.75,0.0,3,-27.55323272963596
1757,73.75,-58.75,58.75,0.0,3,-26.56618220598847
1758,76.25,-58.75,58.75,0.0,3,-25.356135316621142
1759,78.75,-58.75,58.75,0.0,3,-24.258562191060143
1760,81.25,-58.75,58.75,0.0,3,-23.424860132241207
1761,83.75,-58.75,58.75,0.0,3,-22.794245403206368
1762,86.25,-58.75,58.75,0.0,3,-22.753629017619637
1763,88.75,-58.75,58.75,0.0,3,-23.994414353828226
1764,91.25,-58.75,58.75,0.0,3,-26.555185037203476
1765,93.75,-58.75,58.75,0.0,3,-29.998464042138178
1766,96.25,-58.75,58.75,0.0,3,-34.28009433036108
1767,98.75,-58.75,58.75,0.0,3,-38.77930673771142
1768,101.25,-58.75,58.75,0.0,3,-43.07613247012932
1769,103.75,-58.75,58.75,0.0,3,-46.977379517254164
1770,106.25,-58.75,58.75,0.0,3,-50.47988865201625
1771,108.75,-58.75,58.75,0.0,3,-53.49951194781286
1772,111.25,-58.75,58.75,0.0,3,-55.88765284948046
1773,113.75,-58.75,58.75,0.0,3,-58.135654841572595
1774,116.25,-58.75,58.75,0.0,3,-60.262798290494864
1775,118.75,-58.75,58.75,0.0,3,-62.250305928780804
1776,121.25,-58.75,58.75,0.0,2,-64.02788548555677
1777,123.75,-58.75,58.75,0.0,2,-65.6190667591711
1778,126.25,-58.75,58.75,0.0,2,-66.68296296352594
1779,128.75,-58.75,58.75,0.0,2,-66.96228434051817
1780,131.25,-58.75,58.75,0.0,2,-66.38829609149586
1781,133.75,-58.75,58.75,0.0,2,-64.98519659895089
1782,136.25,-58.75,58.75,0.0,2,-62.817565697637505
1783,138.75,-58.75,58.75,0.0,2,-60.162799435360014
1784,141.25,-58.75,58.75,0.0,2,-57.158429331730865
1785,143.75,-58.75,58.75,0.0,2,-54.096995858833196
1786,146.25,-58.75,58.75,0.0,2,-50.946210906020525
1787,148.75,-58.75,58.75,0.0,2,-47.71955132445016
1788,151.25,-58.75,58.75,0.0,2,-44.383112660873934
1789,153.75,-58.75,58.75,0.0,2,-40.83698744408137
1790,156.25,-58.75,58.75,0.0,2,-37.4906056393916
1791,158.75,-58.75,58.75,0.0,2,-34.37053095920872
1792,161.25,-58.75,58.75,0.0,2,-31.463832759896462
1793,163.75,-58.75,58.75,0.0,2,-28.423962818618772
1794,166.25,-58.75,58.75,0.0,2,-25.54088937475113
1795,168.75,-58.75,58.75,0.0,2,-23.07995758684052
1796,171.25,-58.75,58.75,0.0,2,-21.1261522592391
1797,173.75,-58.75,58.75,0.0,2,-19.6284661177154
1798,176.25,-58.75,58.75,0.0,2,-18.61230860732858
1799,178.75,-58.75,58.75,0.0,2,-18.064552199880573
1800,181.25,-58.75,58.75,0.0,2,-17.75627253413764
1801,183.75,-58.75,58.75,0.0,2,-17.673907485451892
1802,186.25,-58.75,58.75,0.0,2,-18.070571588087507
1803,188.75,-58.75,58.75,0.0,2,-19.09221758110348
1804,191.25,-58.75,58.75,0.0,2,-20.725751014791314
1805,193.75,-58.75,58.75,0.0,2,-22.940500213001933
1806,196.25,-58.75,58.75,0.0,2,-25.648294862039478
1807,198.75,-58.75,58.75,0.0,2,-28.814431891698405
1808,201.25,-58.75,58.75,0.0,2,-32.20889493906157
1809,203.75,-58.75,58.75,0.0,2,-35.90893626882368
1810,206.25,-58.75,58.75,0.0,2,-39.55910617489909
1811,208.75,-58.75,58.75,0.0,2,-43.099242933762966
1812,211.25,-58.75,58.75,0.0,2,-46.27814518657674
1813,213.75,-58.75,58.75,0.0,2,-49.158947607127075
1814,216.25,-58.75,58.75,0.0,2,-51.80763609055545
1815,218.75,-58.75,58.75,0.0,2,-54.63299499651124
1816,221.25,-58.75,58.75,0.0,2,-58.003647652905784
1817,223.75,-58.75,58.75,0.0,2,-61.25281065774532
1818,226.25,-58.75,58.75,0.0,2,-64.36443246779739
1819,228.75,-58.75,58.75,0.0,2,-67.50454355228395
1820,231.25,-58.75,58.75,0.0,2,-70.74569739173029
1821,233.75,-58.75,58.75,0.0,2,-73.24084117766651
1822,236.25,-58.75,58.75,0.0,2,-74.9974022221375
1823,238.75,-58.75,58.75,0.0,2,-76.28469981986478
1824,241.25,-58.75,58.75,0.0,2,-77.08810497050804
1825,243.75,-58.75,58.75,0.0,2,-77.1175543768224
1826,246.25,-58.75,58.75,0.0,2,-76.35120977540248
1827,248.75,-58.75,58.75,0.0,2,-74.94411905430874
1828,251.25,-58.75,58.75,0.0,2,-72.99323538736297
1829,253.75,-58.75,58.75,0.0,2,-70.61124432234074
1830,256.25,-58.75,58.75,0.0,2,-68.10346269319577
1831,258.75,-58.75,58.75,0.0,2,-65.07168935603615
1832,261.25,-58.75,58.75,0.0,2,-61.15839780003696
1833,263.75,-58.75,58.75,0.0,2,-56.50615946972956
1834,266.25,-58.75,58.75,0.0,2,-51.38721878815241
1835,268.75,-58.75,58.75,0.0,2,-46.10311148597764
1836,271.25,-58.75,58.75,0.0,2,-40.361496825539405
1837,273.75,-58.75,58.75,0.0,2,-34.452764132022395
1838,276.25,-58.75,58.75,0.0,2,-28.37417774179521
1839,278.75,-58.75,58.75,0.0,2,-22.83957825866502
1840,281.25,-58.75,58.75,0.0,1,-17.99272124279981
1841,283.75,-58.75,58.75,0.0,1,-13.68388676435716
1842,286.25,-58.75,58.75,0.0,1,-9.578540356083467
1843,288.75,-58.75,58.75,0.0,1,-5.784644270688429
1844,291.25,-58.75,58.75,0.0,1,-2.8975315417856184
1845,293.75,-58.75,58.75,0.0,1,-0.4703019452948791
1846,296.25,-58.75,58.75,0.0,1,1.729098760189253
1847,298.75,-58.75,58.75,0.0,1,3.49906234371664
1848,301.25,-58.75,58.75,0.0,1,4.4569474080808815
1849,303.75,-58.75,58.75,0.0,1,4.639420580382627
1850,306.25,-58.75,58.75,0.0,1,3.821999828102093
1851,308.75,-58.75,58.75,0.0,1,2.0425728299559287
1852,311.25,-58.75,58.75,0.0,1,0.1757007121856342
1853,313.75,-58.75,58.75,0.0,1,-0.9157833653457484
1854,316.25,-58.75,58.75,0.0,1,-1.575468357113418
1855,318.75,-58.75,58.75,0.0,1,-2.0682265375413453
1856,321.25,-58.75,58.75,0.0,1,-2.6449355352091386
1857,323.75,-58.75,58.75,0.0,1,-3.667079148099627
1858,326.25,-58.75,58.75,0.0,1,-5.233923500726783
1859,328.75,-58.75,58.75,0.0,1,-7.100340152327023
1860,331.25,-58.75,58.75,0.0,1,-9.23243915760314
1861,333.75,-58.75,58.75,0.0,1,-11.76836158735224
1862,336.25,-58.75,58.75,0.0,1,-14.13475799999953
1863,338.75,-58.75,58.75,0.0,1,-16.334041780939387
1864,341.25,-58.75,58.75,0.0,1,-18.71964572914657
1865,343.75,-58.75,58.75,0.0,1,-21.62464582120406
1866,346.25,-58.75,58.75,0.0,1,-24.24938179016729
1867,348.75,-58.75,58.75,0.0,1,-26.46761621253457
1868,351.25,-58.75,58.75,0.0,1,-28.622356565263203
1869,353.75,-58.75,58.75,0.0,1,-30.74249185936611
1870,356.25,-58.75,58.75,0.0,1,-32.51521611558696
1871,358.75,-58.75,58.75,0.0,1,-33.99588512303884
1872,1.25,-56.25,56.25,0.0,1,-9.900626149191806
1873,3.75,-56.25,56.25,0.0,1,-11.153018703697143
1874,6.25,-56.25,56.25,0.0,1,-12.405627396368509
1875,8.75,-56.25,56.25,0.0,1,-13.54425144051772
1876,11.25,-56.25,56.25,0.0,1,-14.577132069638624
1877,13.75,-56.25,56.25,0.0,1,-15.49597932331701
1878,16.25,-56.25,56.25,0.0,1,-16.388472350767568
1879,18.75,-56.25,56.25,0.0,1,-17.348654124444465
1880,21.25,-56.25,56.25,0.0,1,-18.24345404503149
1881,23.75,-56.25,56.25,0.0,1,-19.154575072848843
1882,26.25,-56.25,56.25,0.0,1,-20.074282923295048
1883,28.75,-56.25,56.25,0.0,1,-20.892596248080796
1884,31.25,-56.25,56.25,0.0,3,-21.378574639143345
1885,33.75,-56.25,56.25,0.0,3,-21.74681768900962
1886,36.25,-56.25,56.25,0.0,3,-22.146834975656557
1887,38.75,-56.25,56.25,0.0,3,-22.388956932977244
1888,41.25,-56.25,56.25,0.0,3,-22.190990684131204
1889,43.75,-56.25,56.25,0.0,3,-21.69398243934849
1890,46.25,-56.25,56.25,0.0,3,-20.953192880292434
1891,48.75,-56.25,56.25,0.0,3,-19.756853092078327
1892,51.25,-56.25,56.25,0.0,3,-17.905667356985397
1893,53.75,-56.25,56.25,0.0,3,-15.681725014662536
1894,56.25,-56.25,56.25,0.0,3,-13.307633215232249
1895,58.75,-56.25,56.25,0.0,3,-10.99098547113895
1896,61.25,-56.25,56.25,0.0,3,-8.810785695214374
1897,63.75,-56.25,56.25,0.0,3,-6.649742225090776
1898,66.25,-56.25,56.25,0.0,3,-4.714555507239856
1899,68.75,-56.25,56.25,0.0,3,-3.026410576059929
1900,71.25,-56.25,56.25,0.0,3,-1.4868575513975437
1901,73.75,-56.25,56.25,0.0,3,0.28087266829501667
1902,76.25,-56.25,56.25,0.0,3,2.400684313753912
1903,78.75,-56.25,56.25,0.0,3,4.662902478810658
1904,81.25,-56.25,56.25,0.0,3,6.607737113628859
1905,83.75,-56.25,56.25,0.0,3,7.849627961889915
1906,86.25,-56.25,56.25,0.0,3,8.029120111548703
1907,88.75,-56.25,56.25,0.0,3,6.952868038168966
1908,91.25,-56.25,56.25,0.0,3,4.828475430824247
1909,93.75,-56.25,56.25,0.0,3,2.0314170508070553
1910,96.25,-56.25,56.25,0.0,3,-1.5799269966906009
1911,98.75,-56.25,56.25,0.0,3,-5.624866923668899
1912,101.25,-56.25,56.25,0.0,3,-9.798853926798943
1913,103.75,-56.25,56.25,0.0,3,-14.073853710730774
1914,106.25,-56.25,56.25,0.0,3,-18.432577846877486
1915,108.75,-56.25,56.25,0.0,3,-22.528048115937345
1916,111.25,-56.25,56.25,0.0,3,-26.05743177188972
1917,113.75,-56.25,56.25,0.0,3,-29.673176146117367
1918,116.25,-56.25,56.25,0.0,3,-33.33870640747893
1919,118.75,-56.25,56.25,0.0,3,-36.99581698888074
1920,121.25,-56.25,56.25,0.0,2,-40.33923726800825
1921,123.75,-56.25,56.25,0.0,2,-43.29315574259907
1922,126.25,-56.25,56.25,0.0,2,-45.54343830690636
1923,128.75,-56.25,56.25,0.0,2,-46.97352598465208
1924,131.25,-56.25,56.25,0.0,2,-47.44053658077899
1925,133.75,-56.25,56.25,0.0,2,-46.70859207794211
1926,136.25,-56.25,56.25,0.0,2,-45.1296097491458
1927,138.75,-56.25,56.25,0.0,2,-43.26111232618623
1928,141.25,-56.25,56.25,0.0,2,-41.29482883716096
1929,143.75,-56.25,56.25,0.0,2,-39.29743148331895
1930,146.25,-56.25,56.25,0.0,2,-37.044870815291254
1931,148.75,-56.25,56.25,0.0,2,-34.27793970636501
1932,151.25,-56.25,56.25,0.0,2,-30.957077923357247
1933,153.75,-56.25,56.25,0.0,2,-27.351422229016187
1934,156.25,-56.25,56.25,0.0,2,-23.96870952478166
1935,158.75,-56.25,56.25,0.0,2,-20.614017604153556
1936,161.25,-56.25,56.25,0.0,2,-17.31339814907859
1937,163.75,-56.25,56.25,0.0,2,-13.988670432114473
1938,166.25,-56.25,56.25,0.0,2,-10.91443013664428
1939,168.75,-56.25,56.25,0.0,2,-8.051775311810061
1940,171.25,-56.25,56.25,0.0,2,-5.535014148902123
1941,173.75,-56.25,56.25,0.0,2,-3.557504968173106
1942,176.25,-56.25,56.25,0.0,2,-2.11239699276124
1943,178.75,-56.25,56.25,0.0,2,-0.9938881329046674
1944,181.25,-56.25,56.25,0.0,2,-0.012201480242559614
1945,183.75,-56.25,56.25,0.0,2,0.711168877235347
1946,186.25,-56.25,56.25,0.0,2,0.9941625119672306
1947,188.75,-56.25,56.25,0.0,2,0.6732990418722096
1948,191.25,-56.25,56.25,0.0,2,-0.24274173149107509
1949,193.75,-56.25,56.25,0.0,2,-1.536980978801318
1950,196.25,-56.25,56.25,0.0,2,-2.9739121862525826
1951,198.75,-56.25,56.25,0.0,2,-4.840475775261153
1952,201.25,-56.25,56.25,0.0,2,-7.521541984666939
1953,203.75,-56.25,56.25,0.0,2,-11.095808377068915
1954,206.25,-56.25,56.25,0.0,2,-14.990215842117644
1955,208.75,-56.25,56.25,0.0,2,-18.841137770351196
1956,211.25,-56.25,56.25,0.0,2,-22.15905326050352
1957,213.75,-56.25,56.25,0.0,2,-25.11411205744678
1958,216.25,-56.25,56.25,0.0,2,-27.91365901139766
1959,218.75,-56.25,56.25,0.0,2,-30.864164887065737
1960,221.25,-56.25,56.25,0.0,2,-33.972840655273224
1961,223.75,-56.25,56.25,0.0,2,-36.53932957932279
1962,226.25,-56.25,56.25,0.0,2,-38.9241298603655
1963,228.75,-56.25,56.25,0.0,2,-41.651029523456984
1964,231.25,-56.25,56.25,0.0,2,-44.80080581411229
1965,233.75,-56.25,56.25,0.0,2,-47.24500918977909
1966,236.25,-56.25,56.25,0.0,2,-48.798844497256425
1967,238.75,-56.25,56.25,0.0,2,-49.70178648927742
1968,241.25,-56.25,56.25,0.0,2,-49.984553947192786
1969,243.75,-56.25,56.25,0.0,2,-49.39159468067491
1970,246.25,-56.25,56.25,0.0,2,-48.041038804054914
1971,248.75,-56.25,56.25,0.0,2,-46.30864387392269
1972,251.25,-56.25,56.25,0.0,2,-44.32645463650625
1973,253.75,-56.25,56.25,0.0,2,-41.7886967773069
1974,256.25,-56.25,56.25,0.0,2,-38.89063225873827
1975,258.75,-56.25,56.25,0.0,2,-35.779052634095734
1976,261.25,-56.25,56.25,0.0,2,-32.19785735527465
1977,263.75,-56.25,56.25,0.0,2,-27.836589318407302
1978,266.25,-56.25,56.25,0.0,2,-22.661731978859958
1979,268.75,-56.25,56.25,0.0,2,-17.30659413948924
1980,271.25,-56.25,56.25,0.0,2,-11.705635781939714
1981,273.75,-56.25,56.25,0.0,2,-6.057433064897482
1982,276.25,-56.25,56.25,0.0,2,-0.2614504587037241
1983,278.75,-56.25,56.25,0.0,2,5.11052548883176
1984,281.25,-56.25,56.25,0.0,1,10.17239164309768
1985,283.75,-56.25,56.25,0.0,1,15.099114364002926
1986,286.25,-56.25,56.25,0.0,1,19.750663666013768
1987,288.75,-56.25,56.25,0.0,1,23.284758309751023
1988,291.25,-56.25,56.25,0.0,1,25.390581399047655
1989,293.75,-56.25,56.25,0.0,1,27.391593885511195
1990,296.25,-56.25,56.25,0.0,1,29.76308404988083
1991,298.75,-56.25,56.25,0.0,1,32.00867188506922
1992,301.25,-56.25,56.25,0.0,1,33.269065677820535
1993,303.75,-56.25,56.25,0.0,1,33.54898099337147
1994,306.25,-56.25,56.25,0.0,1,32.773845188768405
1995,308.75,-56.25,56.25,0.0,1,30.989331234539947
1996,311.25,-56.25,56.25,0.0,1,28.695717032816983
1997,313.75,-56.25,56.25,0.0,1,26.623198427992207
1998,316.25,-56.25,56.25,0.0,1,24.936947096054475
1999,318.75,-56.25,56.25,0.0,1,23.866016375579257
2000,321.25,-56.25,56.25,0.0,1,23.08818348929669
2001,323.75,-56.25,56.25,0.0,1,22.107317223409343
2002,326.25,-56.25,56.25,0.0,1,20.912121034861453
2003,328.75,-56.25,56.25,0.0,1,19.5822260140047
2004,331.25,-56.25,56.25,0.0,1,17.89254288429957
2005,333.75,-56.25,56.25,0.0,1,15.66621722215216
2006,336.25,-56.25,56.25,0.0,1,13.267079505974644
2007,338.75,-56.25,56.25,0.0,1,10.536893076930395
2008,341.25,-56.25,56.25,0.0,1,7.569340189474105
2009,343.75,-56.25,56.25,0.0,1,4.649463878493022
2010,346.25,-56.25,56.25,0.0,1,2.185357665436704
2011,348.75,-56.25,56.25,0.0,1,-0.21397518462129433
2012,351.25,-56.25,56.25,0.0,1,-2.626253777532388
2013,353.75,-56.25,56.25,0.0,1,-4.90878404792425
2014,356.25,-56.25,56.25,0.0,1,-6.948663764553219
2015,358.75,-56.25,56.25,0.0,1,-8.53582197940072
2016,1.25,-53.75,53.75,0.0,1,12.207213239970953
2017,3.75,-53.75,53.75,0.0,1,10.976450172598208
2018,6.25,-53.75,53.75,0.0,1,9.612049488937808
2019,8.75,-53.75,53.75,0.0,1,8.366014278743144
2020,11.25,-53.75,53.75,0.0,1,7.1662215470843575
2021,13.75,-53.75,53.75,0.0,1,5.959314265307202
2022,16.25,-53.75,53.75,0.0,1,4.704464614616123
2023,18.75,-53.75,53.75,0.0,1,3.258153521024992
2024,21.25,-53.75,53.75,0.0,1,1.6582279370751565
2025,23.75,-53.75,53.75,0.0,1,-0.03264044155201946
2026,26.25,-53.75,53.75,0.0,1,-1.5742438553205882
2027,28.75,-53.75,53.75,0.0,1,-3.0199939660810835
2028,31.25,-53.75,53.75,0.0,3,-4.256797265647015
2029,33.75,-53.75,53.75,0.0,3,-5.247191128005892
2030,36.25,-53.75,53.75,0.0,3,-6.036402724674129
2031,38.75,-53.75,53.75,0.0,3,-6.569618118514889
2032,41.25,-53.75,53.75,0.0,3,-6.576523922263238
2033,43.75,-53.75,53.75,0.0,3,-6.07638482447663
2034,46.25,-53.75,53.75,0.0,3,-5.1920341803851615
2035,48.75,-53.75,53.75,0.0,3,-3.8730621263306713
2036,51.25,-53.75,53.75,0.0,3,-2.1210145653449506
2037,53.75,-53.75,53.75,0.0,3,-0.22360626060813332
2038,56.25,-53.75,53.75,0.0,3,1.9594743509238064
2039,58.75,-53.75,53.75,0.0,3,4.55428473012706
2040,61.25,-53.75,53.75,0.0,3,7.577585841669443
2041,63.75,-53.75,53.75,0.0,3,10.984108494906152
2042,66.25,-53.75,53.75,0.0,3,14.181677067885254
2043,68.75,-53.75,53.75,0.0,3,17.097771541198384
2044,71.25,-53.75,53.75,0.0,3,19.689601823376705
2045,73.75,-53.75,53.75,0.0,3,22.178077009993807
2046,76.25,-53.75,53.75,0.0,3,24.852529554349047
2047,78.75,-53.75,53.75,0.0,3,27.93683962314663
2048,81.25,-53.75,53.75,0.0,3,30.765870527016947
2049,83.75,-53.75,53.75,0.0,3,32.41469238557416
2050,86.25,-53.75,53.75,0.0,3,32.56962476094177
2051,88.75,-53.75,53.75,0.0,3,31.62544214466606
2052,91.25,-53.75,53.75,0.0,3,29.81004868740326
2053,93.75,-53.75,53.75,0.0,3,27.225385745903502
2054,96.25,-53.75,53.75,0.0,3,23.62193807025217
2055,98.75,-53.75,53.75,0.0,3,19.44099564730449
2056,101.25,-53.75,53.75,0.0,3,15.009877264604972
2057,103.75,-53.75,53.75,0.0,3,10.326291858717518
2058,106.25,-53.75,53.75,0.0,3,5.3612184062042125
2059,108.75,-53.75,53.75,0.0,3,0.3372266991246194
2060,111.25,-53.75,53.75,0.0,3,-4.173943421854825
2061,113.75,-53.75,53.75,0.0,3,-8.500062109206244
2062,116.25,-53.75,53.75,0.0,3,-12.65131697764581
2063,118.75,-53.75,53.75,0.0,3,-16.869108178982703
2064,121.25,-53.75,53.75,0.0,2,-20.75231725313322
2065,123.75,-53.75,53.75,0.0,2,-24.256570019416365
2066,126.25,-53.75,53.75,0.0,2,-27.242953744476065
2067,128.75,-53.75,53.75,0.0,2,-29.559596286772287
2068,131.25,-53.75,53.75,0.0,2,-31.05092730797932
2069,133.75,-53.75,53.75,0.0,2,-31.618811488175627
2070,136.25,-53.75,53.75,0.0,2,-31.636832911769527
2071,138.75,-53.75,53.75,0.0,2,-31.221417028434278
2072,141.25,-53.75,53.75,0.0,2,-30.05362040763714
2073,143.75,-53.75,53.75,0.0,2,-28.1684908851884
2074,146.25,-53.75,53.75,0.0,2,-25.892579753468873
2075,148.75,-53.75,53.75,0.0,2,-23.263751928975854
2076,151.25,-53.75,53.75,0.0,2,-20.21136549657037
2077,153.75,-53.75,53.75,0.0,2,-16.624173373528688
2078,156.25,-53.75,53.75,0.0,2,-12.86638858718822
2079,158.75,-53.75,53.75,0.0,2,-9.036949706037834
2080,161.25,-53.75,53.75,0.0,2,-5.317793393757497
2081,163.75,-53.75,53.75,0.0,2,-1.534272628240163
2082,166.25,-53.75,53.75,0.0,2,1.9781214859197012
2083,168.75,-53.75,53.75,0.0,2,5.096568039654704
2084,171.25,-53.75,53.75,0.0,2,7.6804205505272884
2085,173.75,-53.75,53.75,0.0,2,9.7723736742918
2086,176.25,-53.75,53.75,0.0,2,11.574899152482393
2087,178.75,-53.75,53.75,0.0,2,13.092130324213224
2088,181.25,-53.75,53.75,0.0,2,14.411198435708465
2089,183.75,-53.75,53.75,0.0,2,15.48551622025758
2090,186.25,-53.75,53.75,0.0,2,16.303470913511234
2091,188.75,-53.75,53.75,0.0,2,16.68731652650078
2092,191.25,-53.75,53.75,0.0,2,16.6644272248718
2093,193.75,-53.75,53.75,0.0,2,16.555322715293574
2094,196.25,-53.75,53.75,0.0,2,16.422526550230963
2095,198.75,-53.75,53.75,0.0,2,15.401462338848665
2096,201.25,-53.75,53.75,0.0,2,12.91790158831496
2097,203.75,-53.75,53.75,0.0,2,9.365699075265143
2098,206.25,-53.75,53.75,0.0,2,5.603718293164623
2099,208.75,-53.75,53.75,0.0,2,1.9833676438375387
2100,211.25,-53.75,53.75,0.0,2,-1.1699614004380547
2101,213.75,-53.75,53.75,0.0,2,-4.095742194832317
2102,216.25,-53.75,53.75,0.0,2,-6.939378223895056
2103,218.75,-53.75,53.75,0.0,2,-9.770665336901713
2104,221.25,-53.75,53.75,0.0,2,-12.475497708231337
2105,223.75,-53.75,53.75,0.0,2,-14.595572631064202
2106,226.25,-53.75,53.75,0.0,2,-16.52063765215437
2107,228.75,-53.75,53.75,0.0,2,-18.63637663554707
2108,231.25,-53.75,53.75,0.0,2,-20.874706072289385
2109,233.75,-53.75,53.75,0.0,2,-22.466745747959614
2110,236.25,-53.75,53.75,0.0,2,-23.496583591096247
2111,238.75,-53.75,53.75,0.0,2,-24.008358536348812
2112,241.25,-53.75,53.75,0.0,2,-23.852632176125358
2113,243.75,-53.75,53.75,0.0,2,-22.973491482793825
2114,246.25,-53.75,53.75,0.0,2,-21.554452914822946
2115,248.75,-53.75,53.75,0.0,2,-19.806332409092015
2116,251.25,-53.75,53.75,0.0,2,-17.84794092729185
2117,253.75,-53.75,53.75,0.0,2,-15.321114622250258
2118,256.25,-53.75,53.75,0.0,2,-12.331427904002506
2119,258.75,-53.75,53.75,0.0,2,-9.190122030468677
2120,261.25,-53.75,53.75,0.0,2,-5.785416394131906
2121,263.75,-53.75,53.75,0.0,2,-1.6936572086576804
2122,266.25,-53.75,53.75,0.0,2,3.3706492010229945
2123,268.75,-53.75,53.75,0.0,2,8.702820747664774
2124,271.25,-53.75,53.75,0.0,2,14.1300339602882
2125,273.75,-53.75,53.75,0.0,2,19.42429414717304
2126,276.25,-53.75,53.75,0.0,2,24.68183966054977
2127,278.75,-53.75,53.75,0.0,2,29.661813068129092
2128,281.25,-53.75,53.75,0.0,1,34.96280248747555
2129,283.75,-53.75,53.75,0.0,1,39.99878798510226
2130,286.25,-53.75,53.75,0.0,1,42.697028131980446
2131,288.75,-53.75,53.75,1.0,0,42.41442258901153
2132,291.25,-53.75,53.75,1.0,0,42.64187420274735
2133,293.75,-53.75,53.75,0.0,1,44.89823652622891
2134,296.25,-53.75,53.75,0.0,1,48.22624279220139
2135,298.75,-53.75,53.75,0.0,1,51.123727765843505
2136,301.25,-53.75,53.75,0.0,1,52.690559695511
2137,303.75,-53.75,53.75,0.0,1,53.513389390029445
2138,306.25,-53.75,53.75,0.0,1,53.61993010865716
2139,308.75,-53.75,53.75,0.0,1,52.88518200524546
2140,311.25,-53.75,53.75,0.0,1,51.35182313123599
2141,313.75,-53.75,53.75,0.0,1,49.3255152519908
2142,316.25,-53.75,53.75,0.0,1,47.26374069937782
2143,318.75,-53.75,53.75,0.0,1,45.57769720740409
2144,321.25,-53.75,53.75,0.0,1,43.80987298202412
2145,323.75,-53.75,53.75,0.0,1,41.80049756448059
2146,326.25,-53.75,53.75,0.0,1,40.01387361861639
2147,328.75,-53.75,53.75,0.0,1,38.67995911419132
2148,331.25,-53.75,53.75,0.0,1,37.49265194151546
2149,333.75,-53.75,53.75,0.0,1,35.95451166769337
2150,336.25,-53.75,53.75,0.0,1,34.039315366228976
2151,338.75,-53.75,53.75,0.0,1,31.60672976909008
2152,341.25,-53.75,53.75,0.0,1,28.915160184277216
2153,343.75,-53.75,53.75,0.0,1,26.34834257316553
2154,346.25,-53.75,53.75,0.0,1,24.032178628028067
2155,348.75,-53.75,53.75,0.0,1,21.58081337095861
2156,351.25,-53.75,53.75,0.0,1,19.20402840027102
2157,353.75,-53.75,53.75,0.0,1,17.037050678808473
2158,356.25,-53.75,53.75,0.0,1,14.988068220869863
2159,358.75,-53.75,53.75,0.0,1,13.440806416372794
2160,1.25,-51.25,51.25,0.0,1,29.941863214919405
2161,3.75,-51.25,51.25,0.0,1,28.307026301013185
2162,6.25,-51.25,51.25,0.0,1,26.43241307038528
2163,8.75,-51.25,51.25,0.0,1,24.513043523889532
2164,11.25,-51.25,51.25,0.0,1,22.680034810381905
2165,13.75,-51.25,51.25,0.0,1,21.159620338067523
2166,16.25,-51.25,51.25,0.0,1,19.874794437103024
2167,18.75,-51.25,51.25,0.0,1,18.385617328649893
2168,21.25,-51.25,51.25,0.0,1,16.55560936958791
2169,23.75,-51.25,51.25,0.0,1,14.472178506196363
2170,26.25,-51.25,51.25,0.0,1,12.380174050447819
2171,28.75,-51.25,51.25,0.0,1,10.311631712513408
2172,31.25,-51.25,51.25,0.0,3,8.633946784662289
2173,33.75,-51.25,51.25,0.0,3,7.192163674907945
2174,36.25,-51.25,51.25,0.0,3,5.875678218954747
2175,38.75,-51.25,51.25,0.0,3,5.032237161125714
2176,41.25,-51.25,51.25,0.0,3,5.04712333063669
2177,43.75,-51.25,51.25,0.0,3,5.633171571474841
2178,46.25,-51.25,51.25,0.0,3,6.480883662891261
2179,48.75,-51.25,51.25,0.0,3,7.62685329417592
2180,51.25,-51.25,51.25,0.0,3,9.243701886966976
2181,53.75,-51.25,51.25,0.0,3,11.124538669850319
2182,56.25,-51.25,51.25,0.0,3,13.327086337847268
2183,58.75,-51.25,51.25,0.0,3,16.086491697192855
2184,61.25,-51.25,51.25,0.0,3,19.51038482344273
2185,63.75,-51.25,51.25,0.0,3,23.35934074883569
2186,66.25,-51.25,51.25,0.0,3,26.951818129688046
2187,68.75,-51.25,51.25,0.0,3,30.455214192243186
2188,71.25,-51.25,51.25,0.0,3,33.813737624003885
2189,73.75,-51.25,51.25,0.0,3,37.06450388978575
2190,76.25,-51.25,51.25,0.0,3,40.02576565908154
2191,78.75,-51.25,51.25,0.0,3,42.74107446941018
2192,81.25,-51.25,51.25,0.0,3,44.97185697032645
2193,83.75,-51.25,51.25,0.0,3,46.39757358084403
2194,86.25,-51.25,51.25,0.0,3,47.07026555875074
2195,88.75,-51.25,51.25,0.0,3,47.17249595057204
2196,91.25,-51.25,51.25,0.0,3,46.44060640415938
2197,93.75,-51.25,51.25,0.0,3,44.65155634985066
2198,96.25,-51.25,51.25,0.0,3,41.60267612050319
2199,98.75,-51.25,51.25,0.0,3,37.72403023706605
2200,101.25,-51.25,51.25,0.0,3,33.38309401776864
2201,103.75,-51.25,51.25,0.0,3,28.74010302273347
2202,106.25,-51.25,51.25,0.0,3,23.8589185773613
2203,108.75,-51.25,51.25,0.0,3,18.63749579187733
2204,111.25,-51.25,51.25,0.0,3,13.700391788758154
2205,113.75,-51.25,51.25,0.0,3,9.21759748486263
2206,116.25,-51.25,51.25,0.0,3,5.111385335970994
2207,118.75,-51.25,51.25,0.0,3,0.7133043861498534
2208,121.25,-51.25,51.25,0.0,2,-3.536990819021414
2209,123.75,-51.25,51.25,0.0,2,-7.581427752018691
2210,126.25,-51.25,51.25,0.0,2,-11.313872144810095
2211,128.75,-51.25,51.25,0.0,2,-14.446438167082173
2212,131.25,-51.25,51.25,0.0,2,-17.052405598191143
2213,133.75,-51.25,51.25,0.0,2,-19.098357855141405
2214,136.25,-51.25,51.25,0.0,2,-20.558366835023307
2215,138.75,-51.25,51.25,0.0,2,-21.2830986642023
2216,141.25,-51.25,51.25,0.0,2,-21.042774825909124
2217,143.75,-51.25,51.25,0.0,2,-19.764336065494447
2218,146.25,-51.25,51.25,0.0,2,-17.711201830006228
2219,148.75,-51.25,51.25,0.0,2,-14.932212839049381
2220,151.25,-51.25,51.25,0.0,2,-11.495817985938897
2221,153.75,-51.25,51.25,0.0,2,-7.416295937220003
2222,156.25,-51.25,51.25,0.0,2,-3.218509548245747
2223,158.75,-51.25,51.25,0.0,2,0.9329349775345002
2224,161.25,-51.25,51.25,0.0,2,4.969499777267429
2225,163.75,-51.25,51.25,0.0,2,9.112720810885746
2226,166.25,-51.25,51.25,0.0,2,12.818574890301456
2227,168.75,-51.25,51.25,0.0,2,15.999597684979033
2228,171.25,-51.25,51.25,0.0,2,18.62160794193207
2229,173.75,-51.25,51.25,0.0,2,20.861997083864335
2230,176.25,-51.25,51.25,0.0,2,22.929961244724844
2231,178.75,-51.25,51.25,0.0,2,24.6883340682201
2232,181.25,-51.25,51.25,0.0,2,26.37290393596139
2233,183.75,-51.25,51.25,0.0,2,27.99242975222617
2234,186.25,-51.25,51.25,0.0,2,29.497559028362172
2235,188.75,-51.25,51.25,0.0,2,30.635506840522066
2236,191.25,-51.25,51.25,0.0,2,31.405377745600596
2237,193.75,-51.25,51.25,0.0,2,32.028824469568264
2238,196.25,-51.25,51.25,0.0,2,32.33260054791419
2239,198.75,-51.25,51.25,0.0,2,31.474889647097893
2240,201.25,-51.25,51.25,0.0,2,29.267244755179302
2241,203.75,-51.25,51.25,0.0,2,26.121696454740214
2242,206.25,-51.25,51.25,0.0,2,22.73537052302959
2243,208.75,-51.25,51.25,0.0,2,19.38026910307192
2244,211.25,-51.25,51.25,0.0,2,16.400849602956086
2245,213.75,-51.25,51.25,0.0,2,13.63233563115438
2246,216.25,-51.25,51.25,0.0,2,10.894554222895593
2247,218.75,-51.25,51.25,0.0,2,8.249400015678134
2248,221.25,-51.25,51.25,0.0,2,5.9134559453258175
2249,223.75,-51.25,51.25,0.0,2,4.213201510222819
2250,226.25,-51.25,51.25,0.0,2,2.901881341470113
2251,228.75,-51.25,51.25,0.0,2,1.6793328357172492
2252,231.25,-51.25,51.25,0.0,2,0.5497764195645571
2253,233.75,-51.25,51.25,0.0,2,-0.09282381848313322
2254,236.25,-51.25,51.25,0.0,2,-0.4534258750859898
2255,238.75,-51.25,51.25,0.0,2,-0.4335189268215878
2256,241.25,-51.25,51.25,0.0,2,0.22869070437825934
2257,243.75,-51.25,51.25,0.0,2,1.4068920671586582
2258,246.25,-51.25,51.25,0.0,2,2.6729376838515093
2259,248.75,-51.25,51.25,0.0,2,4.052088882049084
2260,251.25,-51.25,51.25,0.0,2,5.762959330820686
2261,253.75,-51.25,51.25,0.0,2,8.122868795090309
2262,256.25,-51.25,51.25,0.0,2,10.791372535886621
2263,258.75,-51.25,51.25,0.0,2,13.61278753901348
2264,261.25,-51.25,51.25,0.0,2,16.827934150169877
2265,263.75,-51.25,51.25,0.0,2,20.667132711070966
2266,266.25,-51.25,51.25,0.0,2,25.305298528844194
2267,268.75,-51.25,51.25,0.0,2,30.326264548424415
2268,271.25,-51.25,51.25,0.0,2,35.53633355098611
2269,273.75,-51.25,51.25,0.0,2,40.55246459246803
2270,276.25,-51.25,51.25,0.0,2,45.424777046507494
2271,278.75,-51.25,51.25,0.0,2,50.103499213649705
2272,281.25,-51.25,51.25,0.0,1,55.154273897884394
2273,283.75,-51.25,51.25,0.0,1,58.8845753198769
2274,286.25,-51.25,51.25,1.0,0,57.60404147580203
2275,288.75,-51.25,51.25,1.0,0,53.78794108637471
2276,291.25,-51.25,51.25,0.0,1,54.299444448595644
2277,293.75,-51.25,51.25,0.0,1,57.11173853033503
2278,296.25,-51.25,51.25,0.0,1,60.32165909202631
2279,298.75,-51.25,51.25,0.0,1,62.96355148683494
2280,301.25,-51.25,51.25,0.0,1,64.57467917196088
2281,303.75,-51.25,51.25,0.0,1,65.8618629025906
2282,306.25,-51.25,51.25,0.0,1,66.53804614966658
2283,308.75,-51.25,51.25,0.0,1,66.35270914801119
2284,311.25,-51.25,51.25,0.0,1,65.27063058605754
2285,313.75,-51.25,51.25,0.0,1,63.57602759133759
2286,316.25,-51.25,51.25,0.0,1,61.79290293914847
2287,318.75,-51.25,51.25,0.0,1,60.01022336444847
2288,321.25,-51.25,51.25,0.0,1,57.7652652344959
2289,323.75,-51.25,51.25,0.0,1,55.42580984916245
2290,326.25,-51.25,51.25,0.0,1,53.357006285790746
2291,328.75,-51.25,51.25,0.0,1,51.80610740260049
2292,331.25,-51.25,51.25,0.0,1,50.74758423002968
2293,333.75,-51.25,51.25,0.0,1,49.59797856149316
2294,336.25,-51.25,51.25,0.0,1,48.1332666891743
2295,338.75,-51.25,51.25,0.0,1,46.36714257938477
2296,341.25,-51.25,51.25,0.0,1,44.414532507944166
2297,343.75,-51.25,51.25,0.0,1,42.37274419963044
2298,346.25,-51.25,51.25,0.0,1,40.38487673471206
2299,348.75,-51.25,51.25,0.0,1,38.22879962860252
2300,351.25,-51.25,51.25,0.0,1,36.09510026021802
2301,353.75,-51.25,51.25,0.0,1,34.25142170247173
2302,356.25,-51.25,51.25,0.0,1,32.68802622216866
2303,358.75,-51.25,51.25,0.0,1,31.36460484367483
2304,1.25,-48.75,48.75,0.0,1,41.169039599555646
2305,3.75,-48.75,48.75,0.0,1,39.2928787360679
2306,6.25,-48.75,48.75,0.0,1,37.19261714032372
2307,8.75,-48.75,48.75,0.0,1,35.30456349869236
2308,11.25,-48.75,48.75,0.0,1,33.35405016100118
2309,13.75,-48.75,48.75,0.0,1,31.342845520786277
2310,16.25,-48.75,48.75,0.0,1,29.53355771019376
2311,18.75,-48.75,48.75,0.0,1,27.692022248749957
2312,21.25,-48.75,48.75,0.0,1,25.48604169211759
2313,23.75,-48.75,48.75,0.0,1,23.094061968034147
2314,26.25,-48.75,48.75,0.0,1,20.838018477783415
2315,28.75,-48.75,48.75,0.0,1,18.550401460217614
2316,31.25,-48.75,48.75,0.0,3,16.465542642869632
2317,33.75,-48.75,48.75,0.0,3,14.465689782315625
2318,36.25,-48.75,48.75,0.0,3,12.8873704933322
2319,38.75,-48.75,48.75,0.0,3,12.241486454684074
2320,41.25,-48.75,48.75,0.0,3,12.119890589370826
2321,43.75,-48.75,48.75,0.0,3,12.327671387727644
2322,46.25,-48.75,48.75,0.0,3,13.164589148809206
2323,48.75,-48.75,48.75,0.0,3,14.421248025921622
2324,51.25,-48.75,48.75,0.0,3,15.932417989698587
2325,53.75,-48.75,48.75,0.0,3,17.717660423258444
2326,56.25,-48.75,48.75,0.0,3,19.95326376829108
2327,58.75,-48.75,48.75,0.0,3,22.795122186683855
2328,61.25,-48.75,48.75,0.0,3,26.34026175534217
2329,63.75,-48.75,48.75,0.0,3,30.276864237790882
2330,66.25,-48.75,48.75,0.0,3,33.943281151293164
2331,68.75,-48.75,48.75,0.0,3,37.70527197877302
2332,71.25,-48.75,48.75,0.0,3,41.32910512501753
2333,73.75,-48.75,48.75,0.0,3,44.73497254034766
2334,76.25,-48.75,48.75,0.0,3,47.781789154725644
2335,78.75,-48.75,48.75,0.0,3,50.25994138256972
2336,81.25,-48.75,48.75,0.0,3,52.22922388586439
2337,83.75,-48.75,48.75,0.0,3,53.89402088151032
2338,86.25,-48.75,48.75,0.0,3,55.41210141825128
2339,88.75,-48.75,48.75,0.0,3,56.75050414593426
2340,91.25,-48.75,48.75,0.0,3,57.34987157600997
2341,93.75,-48.75,48.75,0.0,3,56.74054942812694
2342,96.25,-48.75,48.75,0.0,3,54.67952890237421
2343,98.75,-48.75,48.75,0.0,3,51.52738899284522
2344,101.25,-48.75,48.75,0.0,3,47.87008428840377
2345,103.75,-48.75,48.75,0.0,3,43.86689420168245
2346,106.25,-48.75,48.75,0.0,3,39.54651875936014
2347,108.75,-48.75,48.75,0.0,3,34.773407381344406
2348,111.25,-48.75,48.75,0.0,3,30.076066560778983
2349,113.75,-48.75,48.75,0.0,3,25.65225232035266
2350,116.25,-48.75,48.75,0.0,3,21.427175190351957
2351,118.75,-48.75,48.75,0.0,3,16.784004411295037
2352,121.25,-48.75,48.75,0.0,2,12.231437546445925
2353,123.75,-48.75,48.75,0.0,2,7.813256094816179
2354,126.25,-48.75,48.75,0.0,2,3.4806092582518104
2355,128.75,-48.75,48.75,0.0,2,-0.5826209645837365
2356,131.25,-48.75,48.75,0.0,2,-4.349131548182122
2357,133.75,-48.75,48.75,0.0,2,-7.532839055692698
2358,136.25,-48.75,48.75,0.0,2,-10.087207491734912
2359,138.75,-48.75,48.75,0.0,2,-11.957625209658836
2360,141.25,-48.75,48.75,0.0,2,-12.806861620044588
2361,143.75,-48.75,48.75,0.0,2,-12.135424151448522
2362,146.25,-48.75,48.75,0.0,2,-10.457101596808776
2363,148.75,-48.75,48.75,0.0,2,-7.72922435249717
2364,151.25,-48.75,48.75,0.0,2,-3.8278468276777637
2365,153.75,-48.75,48.75,0.0,2,0.7576090534594502
2366,156.25,-48.75,48.75,0.0,2,5.078814501244316
2367,158.75,-48.75,48.75,0.0,2,9.253511331790572
2368,161.25,-48.75,48.75,0.0,2,13.423406606855112
2369,163.75,-48.75,48.75,0.0,2,17.634766544623872
2370,166.25,-48.75,48.75,0.0,2,21.039044583202294
2371,168.75,-48.75,48.75,0.0,2,23.893885198924714
2372,171.25,-48.75,48.75,0.0,2,26.65439205787769
2373,173.75,-48.75,48.75,0.0,2,29.366775115547874
2374,176.25,-48.75,48.75,0.0,2,31.716897611681414
2375,178.75,-48.75,48.75,0.0,2,33.517151420236445
2376,181.25,-48.75,48.75,0.0,2,35.46859057329187
2377,183.75,-48.75,48.75,0.0,2,37.68628193658947
2378,186.25,-48.75,48.75,0.0,2,40.165070640762565
2379,188.75,-48.75,48.75,0.0,2,42.41100857306616
2380,191.25,-48.75,48.75,0.0,2,43.89518732520281
2381,193.75,-48.75,48.75,0.0,2,44.78327144556417
2382,196.25,-48.75,48.75,0.0,2,44.984520964923284
2383,198.75,-48.75,48.75,0.0,2,43.96142224382703
2384,201.25,-48.75,48.75,0.0,2,42.115024616634145
2385,203.75,-48.75,48.75,0.0,2,39.6091702806514
2386,206.25,-48.75,48.75,0.0,2,36.795804353251015
2387,208.75,-48.75,48.75,0.0,2,33.87188822046592
2388,211.25,-48.75,48.75,0.0,2,31.203830445718094
2389,213.75,-48.75,48.75,0.0,2,28.78436058025125
2390,216.25,-48.75,48.75,0.0,2,26.33447079164112
2391,218.75,-48.75,48.75,0.0,2,24.013265491857126
2392,221.25,-48.75,48.75,0.0,2,22.091399533766005
2393,223.75,-48.75,48.75,0.0,2,20.55591242860545
2394,226.25,-48.75,48.75,0.0,2,19.370204914806354
2395,228.75,-48.75,48.75,0.0,2,18.65129848546029
2396,231.25,-48.75,48.75,0.0,2,18.368546953060456
2397,233.75,-48.75,48.75,0.0,2,18.355912734348404
2398,236.25,-48.75,48.75,0.0,2,18.567428056260585
2399,238.75,-48.75,48.75,0.0,2,19.107136218548295
2400,241.25,-48.75,48.75,0.0,2,19.949854870654466
2401,243.75,-48.75,48.75,0.0,2,21.16785880086525
2402,246.25,-48.75,48.75,0.0,2,22.440136546551233
2403,248.75,-48.75,48.75,0.0,2,23.673313054265627
2404,251.25,-48.75,48.75,0.0,2,25.247019693838897
2405,253.75,-48.75,48.75,0.0,2,27.52301121125978
2406,256.25,-48.75,48.75,0.0,2,30.014785034063934
2407,258.75,-48.75,48.75,0.0,2,32.59785753423909
2408,261.25,-48.75,48.75,0.0,2,35.60836007746468
2409,263.75,-48.75,48.75,0.0,2,39.30219746984825
2410,266.25,-48.75,48.75,0.0,2,43.57836143183547
2411,268.75,-48.75,48.75,0.0,2,47.873247168412554
2412,271.25,-48.75,48.75,0.0,2,52.178868198875804
2413,273.75,-48.75,48.75,0.0,2,56.29765287096696
2414,276.25,-48.75,48.75,0.0,2,60.24827355523537
2415,278.75,-48.75,48.75,0.0,2,63.934448066770216
2416,281.25,-48.75,48.75,0.0,1,67.83910817939463
2417,283.75,-48.75,48.75,0.0,1,70.00106194318975
2418,286.25,-48.75,48.75,1.0,0,65.90146292568937
2419,288.75,-48.75,48.75,1.0,0,59.79176195271273
2420,291.25,-48.75,48.75,1.0,0,59.60669618468117
2421,293.75,-48.75,48.75,0.0,1,61.726661953305815
2422,296.25,-48.75,48.75,0.0,1,64.97067459932603
2423,298.75,-48.75,48.75,0.0,1,68.31278179057867
2424,301.25,-48.75,48.75,0.0,1,70.35478015765334
2425,303.75,-48.75,48.75,0.0,1,71.84258278708064
2426,306.25,-48.75,48.75,0.0,1,72.40164840336764
2427,308.75,-48.75,48.75,0.0,1,72.25076351385461
2428,311.25,-48.75,48.75,0.0,1,71.5571829696359
2429,313.75,-48.75,48.75,0.0,1,70.3088879330284
2430,316.25,-48.75,48.75,0.0,1,68.90242844671835
2431,318.75,-48.75,48.75,0.0,1,67.1538261473027
2432,321.25,-48.75,48.75,0.0,1,64.8157686910399
2433,323.75,-48.75,48.75,0.0,1,62.62103377719406
2434,326.25,-48.75,48.75,0.0,1,60.73744175957819
2435,328.75,-48.75,48.75,0.0,1,59.23359668924852
2436,331.25,-48.75,48.75,0.0,1,58.12140449857879
2437,333.75,-48.75,48.75,0.0,1,57.136641277060605
2438,336.25,-48.75,48.75,0.0,1,56.07815287822863
2439,338.75,-48.75,48.75,0.0,1,54.831570778067594
2440,341.25,-48.75,48.75,0.0,1,53.57905652720808
2441,343.75,-48.75,48.75,0.0,1,52.25509269738423
2442,346.25,-48.75,48.75,0.0,1,50.686332770251006
2443,348.75,-48.75,48.75,0.0,1,48.98353392808901
2444,351.25,-48.75,48.75,0.0,1,47.45871866759524
2445,353.75,-48.75,48.75,0.0,1,46.112261450849985
2446,356.25,-48.75,48.75,0.0,1,44.529944333011294
2447,358.75,-48.75,48.75,0.0,1,42.85504496770792
2448,1.25,-46.25,46.25,0.0,1,47.80748087504494
2449,3.75,-46.25,46.25,0.0,1,45.95748509933555
2450,6.25,-46.25,46.25,0.0,1,43.66493659323462
2451,8.75,-46.25,46.25,0.0,1,41.575256335854625
2452,11.25,-46.25,46.25,0.0,1,39.17978856561866
2453,13.75,-46.25,46.25,0.0,1,36.5890281667397
2454,16.25,-46.25,46.25,0.0,1,34.18389657046386
2455,18.75,-46.25,46.25,0.0,1,31.75886261167766
2456,21.25,-46.25,46.25,0.0,1,29.252307290845
2457,23.75,-46.25,46.25,0.0,1,26.7048539038329
2458,26.25,-46.25,46.25,0.0,1,24.118834941037957
2459,28.75,-46.25,46.25,0.0,1,21.326218850655568
2460,31.25,-46.25,46.25,0.0,3,19.180547100994524
2461,33.75,-46.25,46.25,0.0,3,17.571509112157315
2462,36.25,-46.25,46.25,0.0,3,16.216751828148375
2463,38.75,-46.25,46.25,0.0,3,15.248056305723875
2464,41.25,-46.25,46.25,0.0,3,14.757603268295274
2465,43.75,-46.25,46.25,0.0,3,15.018257215187317
2466,46.25,-46.25,46.25,0.0,3,15.830310545899142
2467,48.75,-46.25,46.25,0.0,3,16.89106329888962
2468,51.25,-46.25,46.25,0.0,3,18.47999551093379
2469,53.75,-46.25,46.25,0.0,3,20.42148961402227
2470,56.25,-46.25,46.25,0.0,3,22.68219474604715
2471,58.75,-46.25,46.25,0.0,3,25.587856948656633
2472,61.25,-46.25,46.25,0.0,3,29.26221817333563
2473,63.75,-46.25,46.25,0.0,3,33.25179967206127
2474,66.25,-46.25,46.25,0.0,3,36.71132231221028
2475,68.75,-46.25,46.25,0.0,3,40.36987109157299
2476,71.25,-46.25,46.25,0.0,3,44.29101653204489
2477,73.75,-46.25,46.25,0.0,3,48.09568103514579
2478,76.25,-46.25,46.25,0.0,3,51.40221772204132
2479,78.75,-46.25,46.25,0.0,3,54.011120903301446
2480,81.25,-46.25,46.25,0.0,3,56.09482361414841
2481,83.75,-46.25,46.25,0.0,3,57.95818309583549
2482,86.25,-46.25,46.25,0.0,3,59.83977261684158
2483,88.75,-46.25,46.25,0.0,3,62.02282218022008
2484,91.25,-46.25,46.25,0.0,3,63.74359131409823
2485,93.75,-46.25,46.25,0.0,3,64.19500194803162
2486,96.25,-46.25,46.25,0.0,3,63.283801034116614
2487,98.75,-46.25,46.25,0.0,3,61.50711616502196
2488,101.25,-46.25,46.25,0.0,3,59.27051094759033
2489,103.75,-46.25,46.25,0.0,3,56.347891864714335
2490,106.25,-46.25,46.25,0.0,3,52.83971164257468
2491,108.75,-46.25,46.25,0.0,3,48.89238169715374
2492,111.25,-46.25,46.25,0.0,3,44.762432561909186
2493,113.75,-46.25,46.25,0.0,3,40.27395783972781
2494,116.25,-46.25,46.25,0.0,3,35.510790407905546
2495,118.75,-46.25,46.25,0.0,3,30.397895318504457
2496,121.25,-46.25,46.25,0.0,2,25.23212885868985
2497,123.75,-46.25,46.25,0.0,2,20.109624352865858
2498,126.25,-46.25,46.25,0.0,2,15.125203834903914
2499,128.75,-46.25,46.25,0.0,2,10.29831852347613
2500,131.25,-46.25,46.25,0.0,2,5.837347808459369
2501,133.75,-46.25,46.25,0.0,2,1.9909891230622083
2502,136.25,-46.25,46.25,0.0,2,-1.129867444529093
2503,138.75,-46.25,46.25,0.0,2,-3.450342478181182
2504,141.25,-46.25,46.25,0.0,2,-4.9781808844567035
2505,143.75,-46.25,46.25,0.0,2,-4.949698209642749
2506,146.25,-46.25,46.25,0.0,2,-3.8381223282096366
2507,148.75,-46.25,46.25,0.0,2,-1.5310411973293934
2508,151.25,-46.25,46.25,0.0,2,2.365450460382996
2509,153.75,-46.25,46.25,0.0,2,7.108030637921254
2510,156.25,-46.25,46.25,0.0,2,11.543945475407616
2511,158.75,-46.25,46.25,0.0,2,15.878566385945243
2512,161.25,-46.25,46.25,0.0,2,19.924913345299345
2513,163.75,-46.25,46.25,0.0,2,23.877277972611576
2514,166.25,-46.25,46.25,0.0,2,26.931277762207056
2515,168.75,-46.25,46.25,1.0,0,28.646720644968763
2516,171.25,-46.25,46.25,0.0,2,30.814397849014135
2517,173.75,-46.25,46.25,0.0,2,34.11672601614808
2518,176.25,-46.25,46.25,0.0,2,37.63433027142489
2519,178.75,-46.25,46.25,0.0,2,40.36842918419124
2520,181.25,-46.25,46.25,0.0,2,43.21390246895599
2521,183.75,-46.25,46.25,0.0,2,46.50141497912418
2522,186.25,-46.25,46.25,0.0,2,49.769031900284176
2523,188.75,-46.25,46.25,0.0,2,52.55253052190436
2524,191.25,-46.25,46.25,0.0,2,54.43729662626986
2525,193.75,-46.25,46.25,0.0,2,55.350116177850154
2526,196.25,-46.25,46.25,0.0,2,55.27161894497588
2527,198.75,-46.25,46.25,0.0,2,54.146520205681846
2528,201.25,-46.25,46.25,0.0,2,52.83943189076412
2529,203.75,-46.25,46.25,0.0,2,51.06041533453022
2530,206.25,-46.25,46.25,0.0,2,48.830003605333516
2531,208.75,-46.25,46.25,0.0,2,46.389257426391396
2532,211.25,-46.25,46.25,0.0,2,44.01402484611997
2533,213.75,-46.25,46.25,0.0,2,41.786421627548684
2534,216.25,-46.25,46.25,0.0,2,39.51963672831585
2535,218.75,-46.25,46.25,0.0,2,37.50265796182472
2536,221.25,-46.25,46.25,0.0,2,35.93505128436662
2537,223.75,-46.25,46.25,0.0,2,34.720841487153535
2538,226.25,-46.25,46.25,0.0,2,33.73863346129023
2539,228.75,-46.25,46.25,0.0,2,33.0993155000886
2540,231.25,-46.25,46.25,0.0,2,33.03502210901314
2541,233.75,-46.25,46.25,0.0,2,33.3662574188235
2542,236.25,-46.25,46.25,0.0,2,34.049698611427644
2543,238.75,-46.25,46.25,0.0,2,34.86660269500711
2544,241.25,-46.25,46.25,0.0,2,35.57424236086907
2545,243.75,-46.25,46.25,0.0,2,36.48810964954374
2546,246.25,-46.25,46.25,0.0,2,37.4830616583942
2547,248.75,-46.25,46.25,0.0,2,38.68222202866644
2548,251.25,-46.25,46.25,0.0,2,40.390396936263244
2549,253.75,-46.25,46.25,0.0,2,42.61226689104537
2550,256.25,-46.25,46.25,0.0,2,44.93588286861959
2551,258.75,-46.25,46.25,0.0,2,47.5018599701636
2552,261.25,-46.25,46.25,0.0,2,50.52029675557105
2553,263.75,-46.25,46.25,0.0,2,53.97919944127734
2554,266.25,-46.25,46.25,0.0,2,57.613162680553174
2555,268.75,-46.25,46.25,0.0,2,60.887364740586435
2556,271.25,-46.25,46.25,0.0,2,63.853302305260655
2557,273.75,-46.25,46.25,0.0,2,66.51861410636505
2558,276.25,-46.25,46.25,0.0,2,69.0082300936437
2559,278.75,-46.25,46.25,0.0,2,71.119029467608
2560,281.25,-46.25,46.25,0.0,1,72.92463798934082
2561,283.75,-46.25,46.25,0.0,1,72.56006488699411
2562,286.25,-46.25,46.25,1.0,0,67.15034488921053
2563,288.75,-46.25,46.25,1.0,0,60.99239724880872
2564,291.25,-46.25,46.25,1.0,0,59.60152398004884
2565,293.75,-46.25,46.25,0.0,1,60.42912106740894
2566,296.25,-46.25,46.25,0.0,1,63.721095732389216
2567,298.75,-46.25,46.25,0.0,1,66.98368412504529
2568,301.25,-46.25,46.25,0.0,1,68.98109269513444
2569,303.75,-46.25,46.25,0.0,1,71.15887185266705
2570,306.25,-46.25,46.25,0.0,1,72.24246971966778
2571,308.75,-46.25,46.25,0.0,1,72.54535830539739
2572,311.25,-46.25,46.25,0.0,1,72.40437957920449
2573,313.75,-46.25,46.25,0.0,1,71.70729016540308
2574,316.25,-46.25,46.25,0.0,1,70.66973423932684
2575,318.75,-46.25,46.25,0.0,1,69.09549037843556
2576,321.25,-46.25,46.25,0.0,1,67.0213271901632
2577,323.75,-46.25,46.25,0.0,1,64.95985343819088
2578,326.25,-46.25,46.25,0.0,1,63.27541062875466
2579,328.75,-46.25,46.25,0.0,1,62.05052542019097
2580,331.25,-46.25,46.25,0.0,1,60.90252453647358
2581,333.75,-46.25,46.25,0.0,1,59.774619378662294
2582,336.25,-46.25,46.25,0.0,1,58.8292111700815
2583,338.75,-46.25,46.25,0.0,1,57.88953214376672
2584,341.25,-46.25,46.25,0.0,1,57.267006217694416
2585,343.75,-46.25,46.25,0.0,1,56.94495169583558
2586,346.25,-46.25,46.25,0.0,1,56.47687595056712
2587,348.75,-46.25,46.25,0.0,1,55.70579700096379
2588,351.25,-46.25,46.25,0.0,1,54.566120470662874
2589,353.75,-46.25,46.25,0.0,1,53.03626752803528
2590,356.25,-46.25,46.25,0.0,1,51.06134815862787
2591,358.75,-46.25,46.25,0.0,1,49.29356236245649
2592,1.25,-43.75,43.75,0.0,1,50.39579302331394
2593,3.75,-43.75,43.75,0.0,1,48.24420158081178
2594,6.25,-43.75,43.75,0.0,1,45.66212816640975
2595,8.75,-43.75,43.75,0.0,1,42.94921967558362
2596,11.25,-43.75,43.75,0.0,1,39.996201916692314
2597,13.75,-43.75,43.75,0.0,1,37.166524348889844
2598,16.25,-43.75,43.75,0.0,1,34.3805186067902
2599,18.75,-43.75,43.75,0.0,1,31.290260394754586
2600,21.25,-43.75,43.75,0.0,1,28.228782036006805
2601,23.75,-43.75,43.75,0.0,1,25.083505212877967
2602,26.25,-43.75,43.75,0.0,1,22.383487297407445
2603,28.75,-43.75,43.75,0.0,1,20.478837778030243
2604,31.25,-43.75,43.75,0.0,3,19.05412879238882
2605,33.75,-43.75,43.75,0.0,3,17.684163793965148
2606,36.25,-43.75,43.75,0.0,3,16.571151808590454
2607,38.75,-43.75,43.75,0.0,3,15.770883092908981
2608,41.25,-43.75,43.75,0.0,3,15.135827480622536
2609,43.75,-43.75,43.75,0.0,3,14.838627649841472
2610,46.25,-43.75,43.75,0.0,3,15.36483857319326
2611,48.75,-43.75,43.75,0.0,3,17.120867960370003
2612,51.25,-43.75,43.75,0.0,3,19.680195803704013
2613,53.75,-43.75,43.75,0.0,3,21.912357640565897
2614,56.25,-43.75,43.75,0.0,3,24.265070967918525
2615,58.75,-43.75,43.75,0.0,3,27.395270093428763
2616,61.25,-43.75,43.75,0.0,3,31.121996141135085
2617,63.75,-43.75,43.75,0.0,3,35.17953088125371
2618,66.25,-43.75,43.75,0.0,3,38.97635769555778
2619,68.75,-43.75,43.75,0.0,3,42.61781684123348
2620,71.25,-43.75,43.75,0.0,3,46.27336966575541
2621,73.75,-43.75,43.75,0.0,3,49.96621661178624
2622,76.25,-43.75,43.75,0.0,3,53.22128493121633
2623,78.75,-43.75,43.75,0.0,3,55.661889066143786
2624,81.25,-43.75,43.75,0.0,3,57.44660973890984
2625,83.75,-43.75,43.75,0.0,3,59.281082269375936
2626,86.25,-43.75,43.75,0.0,3,61.50477404412148
2627,88.75,-43.75,43.75,0.0,3,64.11140076331559
2628,91.25,-43.75,43.75,0.0,3,66.35390410759544
2629,93.75,-43.75,43.75,0.0,3,67.42698382399621
2630,96.25,-43.75,43.75,0.0,3,67.48205414266116
2631,98.75,-43.75,43.75,0.0,3,66.84679096561749
2632,101.25,-43.75,43.75,0.0,3,65.6383373788596
2633,103.75,-43.75,43.75,0.0,3,63.67113898733585
2634,106.25,-43.75,43.75,0.0,3,61.06049761266625
2635,108.75,-43.75,43.75,0.0,3,57.75256645913513
2636,111.25,-43.75,43.75,0.0,3,53.924800758331116
2637,113.75,-43.75,43.75,0.0,3,49.42527761330422
2638,116.25,-43.75,43.75,0.0,3,44.23168482149041
2639,118.75,-43.75,43.75,0.0,3,38.52030337452133
2640,121.25,-43.75,43.75,0.0,2,32.97139065307817
2641,123.75,-43.75,43.75,0.0,2,27.804701964194283
2642,126.25,-43.75,43.75,0.0,2,22.917206263608144
2643,128.75,-43.75,43.75,0.0,2,17.91599682705998
2644,131.25,-43.75,43.75,0.0,2,13.359569657204917
2645,133.75,-43.75,43.75,0.0,2,9.78059171558023
2646,136.25,-43.75,43.75,0.0,2,6.946204672217101
2647,138.75,-43.75,43.75,0.0,2,4.839751850450809
2648,141.25,-43.75,43.75,0.0,2,3.7371849148062832
2649,143.75,-43.75,43.75,0.0,2,3.985826950888302
2650,146.25,-43.75,43.75,0.0,2,3.73109569968914
2651,148.75,-43.75,43.75,0.0,2,3.2167128572268
2652,151.25,-43.75,43.75,0.0,2,5.232762318874634
2653,153.75,-43.75,43.75,0.0,2,10.139619908928193
2654,156.25,-43.75,43.75,0.0,2,14.973855042146344
2655,158.75,-43.75,43.75,0.0,2,19.345182256229414
2656,161.25,-43.75,43.75,0.0,2,23.361646407167033
2657,163.75,-43.75,43.75,0.0,2,27.020806830561337
2658,166.25,-43.75,43.75,0.0,2,30.65703238469303
2659,168.75,-43.75,43.75,0.0,2,33.75298136778488
2660,171.25,-43.75,43.75,1.0,0,36.353255083796405
2661,173.75,-43.75,43.75,0.0,2,39.17101819030021
2662,176.25,-43.75,43.75,0.0,2,42.96592230918371
2663,178.75,-43.75,43.75,0.0,2,47.11208825064378
2664,181.25,-43.75,43.75,0.0,2,51.14248424777314
2665,183.75,-43.75,43.75,0.0,2,55.1885535327079
2666,186.25,-43.75,43.75,0.0,2,58.42330492221126
2667,188.75,-43.75,43.75,0.0,2,60.810838337750496
2668,191.25,-43.75,43.75,0.0,2,62.70938277700588
2669,193.75,-43.75,43.75,0.0,2,63.478571643213265
2670,196.25,-43.75,43.75,0.0,2,63.15606662224801
2671,198.75,-43.75,43.75,0.0,2,62.15089578571025
2672,201.25,-43.75,43.75,0.0,2,61.062641867720906
2673,203.75,-43.75,43.75,0.0,2,59.3797529854066
2674,206.25,-43.75,43.75,0.0,2,57.17338973659166
2675,208.75,-43.75,43.75,0.0,2,54.846103177484
2676,211.25,-43.75,43.75,0.0,2,52.67756619777993
2677,213.75,-43.75,43.75,0.0,2,50.587017121415805
2678,216.25,-43.75,43.75,0.0,2,48.50321803972203
2679,218.75,-43.75,43.75,0.0,2,46.87112870226635
2680,221.25,-43.75,43.75,0.0,2,45.656424102136455
2681,223.75,-43.75,43.75,0.0,2,44.94118558394846
2682,226.25,-43.75,43.75,0.0,2,44.62891772243388
2683,228.75,-43.75,43.75,0.0,2,44.625779657304534
2684,231.25,-43.75,43.75,0.0,2,44.99746779321763
2685,233.75,-43.75,43.75,0.0,2,45.441630745256575
2686,236.25,-43.75,43.75,0.0,2,45.89651717277176
2687,238.75,-43.75,43.75,0.0,2,46.17298415624359
2688,241.25,-43.75,43.75,0.0,2,46.562419521291524
2689,243.75,-43.75,43.75,0.0,2,47.16693876621386
2690,246.25,-43.75,43.75,0.0,2,48.015611737765624
2691,248.75,-43.75,43.75,0.0,2,49.434544594499954
2692,251.25,-43.75,43.75,0.0,2,51.02315209920232
2693,253.75,-43.75,43.75,0.0,2,52.91320673531668
2694,256.25,-43.75,43.75,0.0,2,55.077269970486974
2695,258.75,-43.75,43.75,0.0,2,57.411513942594965
2696,261.25,-43.75,43.75,0.0,2,60.1194399794669
2697,263.75,-43.75,43.75,0.0,2,63.09654538675977
2698,266.25,-43.75,43.75,0.0,2,65.74381749740172
2699,268.75,-43.75,43.75,0.0,2,67.77366862820872
2700,271.25,-43.75,43.75,0.0,2,69.45098909383556
2701,273.75,-43.75,43.75,0.0,2,70.7268448647582
2702,276.25,-43.75,43.75,0.0,2,71.6938895429548
2703,278.75,-43.75,43.75,0.0,2,71.58892265976793
2704,281.25,-43.75,43.75,0.0,1,70.86558039936261
2705,283.75,-43.75,43.75,0.0,1,68.10644134224881
2706,286.25,-43.75,43.75,0.0,1,61.885938013543665
2707,288.75,-43.75,43.75,1.0,0,56.65010633090955
2708,291.25,-43.75,43.75,1.0,0,55.992613110577985
2709,293.75,-43.75,43.75,1.0,0,56.314721605618665
2710,296.25,-43.75,43.75,0.0,1,59.278650838889384
2711,298.75,-43.75,43.75,0.0,1,62.46194907026207
2712,301.25,-43.75,43.75,0.0,1,64.90364816707974
2713,303.75,-43.75,43.75,0.0,1,67.048394745666
2714,306.25,-43.75,43.75,0.0,1,67.7428173275689
2715,308.75,-43.75,43.75,0.0,1,68.28251044720932
2716,311.25,-43.75,43.75,0.0,1,68.8897081534862
2717,313.75,-43.75,43.75,0.0,1,69.05558884274866
2718,316.25,-43.75,43.75,0.0,1,68.38367738221984
2719,318.75,-43.75,43.75,0.0,1,66.96096717370703
2720,321.25,-43.75,43.75,0.0,1,65.11392328223202
2721,323.75,-43.75,43.75,0.0,1,63.20471237613151
2722,326.25,-43.75,43.75,0.0,1,61.53421725300677
2723,328.75,-43.75,43.75,0.0,1,60.08343858904984
2724,331.25,-43.75,43.75,0.0,1,58.95515545225211
2725,333.75,-43.75,43.75,0.0,1,58.2184856391499
2726,336.25,-43.75,43.75,0.0,1,57.86992095817284
2727,338.75,-43.75,43.75,0.0,1,57.88986059045493
2728,341.25,-43.75,43.75,0.0,1,58.271715525054915
2729,343.75,-43.75,43.75,0.0,1,58.54429553844562
2730,346.25,-43.75,43.75,0.0,1,58.53288333733497
2731,348.75,-43.75,43.75,0.0,1,58.129007464304884
2732,351.25,-43.75,43.75,0.0,1,57.17676174550754
2733,353.75,-43.75,43.75,0.0,1,55.77304390028188
2734,356.25,-43.75,43.75,0.0,1,53.979170175378364
2735,358.75,-43.75,43.75,0.0,1,52.22080405865585
2736,1.25,-41.25,41.25,0.0,1,49.748769011858265
2737,3.75,-41.25,41.25,0.0,1,47.23790847290171
2738,6.25,-41.25,41.25,0.0,1,44.088835376773446
2739,8.75,-41.25,41.25,0.0,1,40.690246584171895
2740,11.25,-41.25,41.25,0.0,1,37.09608310426233
2741,13.75,-41.25,41.25,0.0,1,33.24832803906663
2742,16.25,-41.25,41.25,0.0,1,29.289220429731515
2743,18.75,-41.25,41.25,0.0,1,25.515787022622636
2744,21.25,-41.25,41.25,0.0,1,22.851406278518187
2745,23.75,-41.25,41.25,0.0,1,21.04059091282331
2746,26.25,-41.25,41.25,0.0,1,19.765604269220947
2747,28.75,-41.25,41.25,0.0,1,18.935254935430546
2748,31.25,-41.25,41.25,0.0,3,18.37608740160673
2749,33.75,-41.25,41.25,0.0,3,17.65748200943261
2750,36.25,-41.25,41.25,0.0,3,16.71769573922023
2751,38.75,-41.25,41.25,0.0,3,15.358869959792942
2752,41.25,-41.25,41.25,0.0,3,13.9367991139321
2753,43.75,-41.25,41.25,0.0,3,13.521889472759929
2754,46.25,-41.25,41.25,0.0,3,15.151070996680517
2755,48.75,-41.25,41.25,0.0,3,18.773273018495534
2756,51.25,-41.25,41.25,0.0,3,22.64336822784613
2757,53.75,-41.25,41.25,0.0,3,25.49281212250667
2758,56.25,-41.25,41.25,0.0,3,27.9056409722799
2759,58.75,-41.25,41.25,0.0,3,30.618308901766863
2760,61.25,-41.25,41.25,0.0,3,33.885621631385675
2761,63.75,-41.25,41.25,0.0,3,37.48776537330109
2762,66.25,-41.25,41.25,0.0,3,41.0426536458042
2763,68.75,-41.25,41.25,0.0,3,44.53756369961657
2764,71.25,-41.25,41.25,0.0,3,48.07856850356506
2765,73.75,-41.25,41.25,0.0,3,51.458198099320256
2766,76.25,-41.25,41.25,0.0,3,53.935560545069755
2767,78.75,-41.25,41.25,0.0,3,55.80925602787683
2768,81.25,-41.25,41.25,0.0,3,57.384286442263154
2769,83.75,-41.25,41.25,0.0,3,59.28776232060742
2770,86.25,-41.25,41.25,0.0,3,61.61795102746513
2771,88.75,-41.25,41.25,0.0,3,63.85036120875671
2772,91.25,-41.25,41.25,0.0,3,65.8437637225585
2773,93.75,-41.25,41.25,0.0,3,67.19887525968461
2774,96.25,-41.25,41.25,0.0,3,67.99642761167418
2775,98.75,-41.25,41.25,0.0,3,67.87567038574129
2776,101.25,-41.25,41.25,0.0,3,66.94465218294788
2777,103.75,-41.25,41.25,0.0,3,65.39615394178401
2778,106.25,-41.25,41.25,0.0,3,62.984224469658315
2779,108.75,-41.25,41.25,0.0,3,59.95091779447229
2780,111.25,-41.25,41.25,0.0,3,56.40283041885014
2781,113.75,-41.25,41.25,0.0,3,52.072054141078354
2782,116.25,-41.25,41.25,0.0,3,47.22938566863259
2783,118.75,-41.25,41.25,0.0,3,41.919439705368326
2784,121.25,-41.25,41.25,0.0,2,36.88090387786952
2785,123.75,-41.25,41.25,0.0,2,32.174524168836875
2786,126.25,-41.25,41.25,0.0,2,27.841540156720775
2787,128.75,-41.25,41.25,0.0,2,23.682650549664235
2788,131.25,-41.25,41.25,0.0,2,19.884596426065155
2789,133.75,-41.25,41.25,0.0,2,17.197492605409902
2790,136.25,-41.25,41.25,0.0,2,15.32219399578295
2791,138.75,-41.25,41.25,0.0,2,13.888563052339636
2792,141.25,-41.25,41.25,0.0,2,13.115827971353239
2793,143.75,-41.25,41.25,0.0,2,12.516812520874096
2794,146.25,-41.25,41.25,1.0,0,10.36967595296195
2795,148.75,-41.25,41.25,0.0,2,7.693497571520271
2796,151.25,-41.25,41.25,0.0,2,7.5313493477535935
2797,153.75,-41.25,41.25,0.0,2,11.680242272459884
2798,156.25,-41.25,41.25,0.0,2,16.786726463327554
2799,158.75,-41.25,41.25,0.0,2,21.307077593887957
2800,161.25,-41.25,41.25,0.0,2,25.78565988778542
2801,163.75,-41.25,41.25,0.0,2,29.64775119546291
2802,166.25,-41.25,41.25,0.0,2,33.26343722943027
2803,168.75,-41.25,41.25,0.0,2,37.6757002242651
2804,171.25,-41.25,41.25,0.0,2,42.08000875993291
2805,173.75,-41.25,41.25,1.0,0,45.21662840364868
2806,176.25,-41.25,41.25,0.0,2,48.71072956919673
2807,178.75,-41.25,41.25,0.0,2,53.471118605117894
2808,181.25,-41.25,41.25,0.0,2,58.37412812570116
2809,183.75,-41.25,41.25,0.0,2,62.610243004758765
2810,186.25,-41.25,41.25,0.0,2,65.52792931031117
2811,188.75,-41.25,41.25,0.0,2,67.53154569084286
2812,191.25,-41.25,41.25,0.0,2,68.97463203948385
2813,193.75,-41.25,41.25,0.0,2,69.33570261271618
2814,196.25,-41.25,41.25,0.0,2,68.73336181882345
2815,198.75,-41.25,41.25,0.0,2,67.42767207269115
2816,201.25,-41.25,41.25,0.0,2,65.97291794879311
2817,203.75,-41.25,41.25,0.0,2,64.18219828811192
2818,206.25,-41.25,41.25,0.0,2,62.018199437997566
2819,208.75,-41.25,41.25,0.0,2,59.595648991632494
2820,211.25,-41.25,41.25,0.0,2,57.40331031703957
2821,213.75,-41.25,41.25,0.0,2,55.65623827515623
2822,216.25,-41.25,41.25,0.0,2,54.12003971558933
2823,218.75,-41.25,41.25,0.0,2,52.821311858694244
2824,221.25,-41.25,41.25,0.0,2,51.92418177092287
2825,223.75,-41.25,41.25,0.0,2,51.80203258385992
2826,226.25,-41.25,41.25,0.0,2,52.070576574746845
2827,228.75,-41.25,41.25,0.0,2,52.60358754322385
2828,231.25,-41.25,41.25,0.0,2,53.13363743468625
2829,233.75,-41.25,41.25,0.0,2,53.33745889114751
2830,236.25,-41.25,41.25,0.0,2,53.4437492235196
2831,238.75,-41.25,41.25,0.0,2,53.37818714409926
2832,241.25,-41.25,41.25,0.0,2,53.70138194158359
2833,243.75,-41.25,41.25,0.0,2,54.13601833125715
2834,246.25,-41.25,41.25,0.0,2,54.93040776183232
2835,248.75,-41.25,41.25,0.0,2,56.21432117748337
2836,251.25,-41.25,41.25,0.0,2,57.53211754024932
2837,253.75,-41.25,41.25,0.0,2,59.1413954180943
2838,256.25,-41.25,41.25,0.0,2,60.77617772201009
2839,258.75,-41.25,41.25,0.0,2,62.55189909809854
2840,261.25,-41.25,41.25,0.0,2,64.48690174988404
2841,263.75,-41.25,41.25,0.0,2,66.72132046943915
2842,266.25,-41.25,41.25,0.0,2,68.59686315664375
2843,268.75,-41.25,41.25,0.0,2,69.51282977189219
2844,271.25,-41.25,41.25,0.0,2,70.015668009309
2845,273.75,-41.25,41.25,0.0,2,69.87078820077731
2846,276.25,-41.25,41.25,0.0,2,69.4739821220649
2847,278.75,-41.25,41.25,0.0,2,67.9841353053053
2848,281.25,-41.25,41.25,0.0,1,65.14876334665507
2849,283.75,-41.25,41.25,0.0,1,60.503287827147716
2850,286.25,-41.25,41.25,0.0,1,53.47881263076725
2851,288.75,-41.25,41.25,1.0,0,48.839493653456124
2852,291.25,-41.25,41.25,1.0,0,50.7840009028308
2853,293.75,-41.25,41.25,1.0,0,51.93219624310515
2854,296.25,-41.25,41.25,0.0,1,54.657499922588066
2855,298.75,-41.25,41.25,0.0,1,57.607221990514894
2856,301.25,-41.25,41.25,0.0,1,59.275985098663945
2857,303.75,-41.25,41.25,0.0,1,60.3369717390852
2858,306.25,-41.25,41.25,0.0,1,60.9089310609475
2859,308.75,-41.25,41.25,0.0,1,61.98064923358484
2860,311.25,-41.25,41.25,0.0,1,62.66337510457482
2861,313.75,-41.25,41.25,0.0,1,62.89216825526427
2862,316.25,-41.25,41.25,0.0,1,62.12164569047463
2863,318.75,-41.25,41.25,0.0,1,61.08187228441434
2864,321.25,-41.25,41.25,0.0,1,59.70042907027153
2865,323.75,-41.25,41.25,0.0,1,58.16732444975196
2866,326.25,-41.25,41.25,0.0,1,56.96958627072935
2867,328.75,-41.25,41.25,0.0,1,56.12316371222055
2868,331.25,-41.25,41.25,0.0,1,55.83065618449818
2869,333.75,-41.25,41.25,0.0,1,55.84121316270856
2870,336.25,-41.25,41.25,0.0,1,56.34649916338744
2871,338.75,-41.25,41.25,0.0,1,56.88667691519475
2872,341.25,-41.25,41.25,0.0,1,57.35621382268679
2873,343.75,-41.25,41.25,0.0,1,57.37326427172371
2874,346.25,-41.25,41.25,0.0,1,57.38886696832311
2875,348.75,-41.25,41.25,0.0,1,57.29823702943875
2876,351.25,-41.25,41.25,0.0,1,56.794313752710295
2877,353.75,-41.25,41.25,0.0,1,55.632994427915825
2878,356.25,-41.25,41.25,0.0,1,53.874725995461915
2879,358.75,-41.25,41.25,0.0,1,52.03252606896041
2880,1.25,-38.75,38.75,0.0,1,47.29289169418304
2881,3.75,-38.75,38.75,0.0,1,44.31413886209572
2882,6.25,-38.75,38.75,0.0,1,39.76854622305209
2883,8.75,-38.75,38.75,0.0,1,34.653436263261256
2884,11.25,-38.75,38.75,0.0,1,29.70730462059676
2885,13.75,-38.75,38.75,0.0,1,25.30976844539281
2886,16.25,-38.75,38.75,0.0,1,22.0266253020682
2887,18.75,-38.75,38.75,0.0,1,20.164195311314433
2888,21.25,-38.75,38.75,0.0,1,19.56633263469763
2889,23.75,-38.75,38.75,0.0,1,19.474572072645113
2890,26.25,-38.75,38.75,0.0,1,19.664776996880583
2891,28.75,-38.75,38.75,0.0,1,20.200870439176914
2892,31.25,-38.75,38.75,0.0,3,20.436446187142312
2893,33.75,-38.75,38.75,0.0,3,19.842869069050334
2894,36.25,-38.75,38.75,0.0,3,19.174493400269835
2895,38.75,-38.75,38.75,0.0,3,18.283529219605978
2896,41.25,-38.75,38.75,0.0,3,17.179881786924362
2897,43.75,-38.75,38.75,0.0,3,17.48015947033178
2898,46.25,-38.75,38.75,0.0,3,19.678521222492037
2899,48.75,-38.75,38.75,0.0,3,23.001066377825907
2900,51.25,-38.75,38.75,0.0,3,26.276801612626706
2901,53.75,-38.75,38.75,0.0,3,28.997269540992747
2902,56.25,-38.75,38.75,0.0,3,31.478415528352514
2903,58.75,-38.75,38.75,0.0,3,34.03717400789965
2904,61.25,-38.75,38.75,0.0,3,36.861221728564864
2905,63.75,-38.75,38.75,0.0,3,39.93912393091684
2906,66.25,-38.75,38.75,0.0,3,42.901844765324626
2907,68.75,-38.75,38.75,0.0,3,45.731265416301696
2908,71.25,-38.75,38.75,0.0,3,48.32494748258432
2909,73.75,-38.75,38.75,0.0,3,50.65128207894782
2910,76.25,-38.75,38.75,0.0,3,52.50673693025831
2911,78.75,-38.75,38.75,0.0,3,54.132289398272796
2912,81.25,-38.75,38.75,0.0,3,55.68082412980516
2913,83.75,-38.75,38.75,0.0,3,57.48335158083043
2914,86.25,-38.75,38.75,0.0,3,59.75420868937657
2915,88.75,-38.75,38.75,0.0,3,61.73925415419138
2916,91.25,-38.75,38.75,0.0,3,63.44348693002099
2917,93.75,-38.75,38.75,0.0,3,64.68380836966303
2918,96.25,-38.75,38.75,0.0,3,65.32450617475467
2919,98.75,-38.75,38.75,0.0,3,65.08585400046164
2920,101.25,-38.75,38.75,0.0,3,63.89241520079369
2921,103.75,-38.75,38.75,0.0,3,62.16388146445408
2922,106.25,-38.75,38.75,0.0,3,59.80923820843957
2923,108.75,-38.75,38.75,0.0,3,57.25584947538322
2924,111.25,-38.75,38.75,0.0,3,54.44298131586539
2925,113.75,-38.75,38.75,0.0,3,51.05888677487059
2926,116.25,-38.75,38.75,0.0,3,47.270883646607174
2927,118.75,-38.75,38.75,0.0,3,42.685426824284065
2928,121.25,-38.75,38.75,0.0,2,38.367947148095006
2929,123.75,-38.75,38.75,0.0,2,34.59627139822562
2930,126.25,-38.75,38.75,0.0,2,31.24044900501382
2931,128.75,-38.75,38.75,0.0,2,28.356647052822588
2932,131.25,-38.75,38.75,0.0,2,25.94626055145011
2933,133.75,-38.75,38.75,0.0,2,24.216824761146096
2934,136.25,-38.75,38.75,0.0,2,22.954034445204943
2935,138.75,-38.75,38.75,0.0,2,21.874355024693454
2936,141.25,-38.75,38.75,0.0,2,20.835593077319835
2937,143.75,-38.75,38.75,0.0,2,19.303535284490223
2938,146.25,-38.75,38.75,1.0,0,16.39229088164422
2939,148.75,-38.75,38.75,0.0,2,12.741769046020707
2940,151.25,-38.75,38.75,0.0,2,10.700765834818649
2941,153.75,-38.75,38.75,0.0,2,13.39839450652389
2942,156.25,-38.75,38.75,0.0,2,18.495330007823544
2943,158.75,-38.75,38.75,0.0,2,23.212719872099864
2944,161.25,-38.75,38.75,0.0,2,27.848047726358796
2945,163.75,-38.75,38.75,0.0,2,32.347174577706255
2946,166.25,-38.75,38.75,0.0,2,36.59585641307741
2947,168.75,-38.75,38.75,0.0,2,41.24683216967183
2948,171.25,-38.75,38.75,0.0,2,46.5043749885895
2949,173.75,-38.75,38.75,0.0,2,51.417912704551256
2950,176.25,-38.75,38.75,1.0,0,55.31208206966616
2951,178.75,-38.75,38.75,0.0,2,59.55475798790642
2952,181.25,-38.75,38.75,0.0,2,64.53265918313596
2953,183.75,-38.75,38.75,0.0,2,68.74499279264849
2954,186.25,-38.75,38.75,0.0,2,71.33326094318889
2955,188.75,-38.75,38.75,0.0,2,72.82478105225272
2956,191.25,-38.75,38.75,0.0,2,73.51546709226287
2957,193.75,-38.75,38.75,0.0,2,73.40815915361253
2958,196.25,-38.75,38.75,0.0,2,72.33466225403926
2959,198.75,-38.75,38.75,0.0,2,70.56555670550416
2960,201.25,-38.75,38.75,0.0,2,68.72734951984668
2961,203.75,-38.75,38.75,0.0,2,66.75368382507179
2962,206.25,-38.75,38.75,0.0,2,64.5238901755557
2963,208.75,-38.75,38.75,0.0,2,62.259494550697966
2964,211.25,-38.75,38.75,0.0,2,60.38052014959143
2965,213.75,-38.75,38.75,0.0,2,58.94593937748939
2966,216.25,-38.75,38.75,0.0,2,57.729344919498466
2967,218.75,-38.75,38.75,0.0,2,56.63265516078547
2968,221.25,-38.75,38.75,0.0,2,56.07648039207551
2969,223.75,-38.75,38.75,0.0,2,56.389235599381664
2970,226.25,-38.75,38.75,0.0,2,56.947293355935265
2971,228.75,-38.75,38.75,0.0,2,57.52452043542807
2972,231.25,-38.75,38.75,0.0,2,57.749975806730326
2973,233.75,-38.75,38.75,0.0,2,57.66190282717325
2974,236.25,-38.75,38.75,0.0,2,57.72118714013804
2975,238.75,-38.75,38.75,0.0,2,57.88465609687584
2976,241.25,-38.75,38.75,0.0,2,58.26174010312885
2977,243.75,-38.75,38.75,0.0,2,58.550321612506515
2978,246.25,-38.75,38.75,0.0,2,59.22453150864793
2979,248.75,-38.75,38.75,0.0,2,59.985931515804666
2980,251.25,-38.75,38.75,0.0,2,60.8170341792162
2981,253.75,-38.75,38.75,0.0,2,61.74750833287425
2982,256.25,-38.75,38.75,0.0,2,62.550888502926654
2983,258.75,-38.75,38.75,0.0,2,63.72643219788783
2984,261.25,-38.75,38.75,0.0,2,64.93511199868402
2985,263.75,-38.75,38.75,0.0,2,66.22473174588211
2986,266.25,-38.75,38.75,0.0,2,66.92831469968681
2987,268.75,-38.75,38.75,0.0,2,66.76107331482245
2988,271.25,-38.75,38.75,0.0,2,66.35137829889933
2989,273.75,-38.75,38.75,0.0,2,65.66320223931321
2990,276.25,-38.75,38.75,0.0,2,64.32578254391967
2991,278.75,-38.75,38.75,0.0,2,61.86455298600049
2992,281.25,-38.75,38.75,0.0,1,57.77564100540833
2993,283.75,-38.75,38.75,0.0,1,51.58965909777314
2994,286.25,-38.75,38.75,0.0,1,43.70693584959665
2995,288.75,-38.75,38.75,1.0,0,39.570610552832235
2996,291.25,-38.75,38.75,1.0,0,43.84438107026188
2997,293.75,-38.75,38.75,1.0,0,45.921836672198054
2998,296.25,-38.75,38.75,1.0,0,48.549133949312036
2999,298.75,-38.75,38.75,0.0,1,52.245032136363
3000,301.25,-38.75,38.75,0.0,1,54.21092846738544
3001,303.75,-38.75,38.75,0.0,1,55.230191092162265
3002,306.25,-38.75,38.75,0.0,1,56.11303909120286
3003,308.75,-38.75,38.75,0.0,1,57.61729855153576
3004,311.25,-38.75,38.75,0.0,1,57.83954747815225
3005,313.75,-38.75,38.75,0.0,1,57.398150177711294
3006,316.25,-38.75,38.75,0.0,1,56.37328512628442
3007,318.75,-38.75,38.75,0.0,1,55.62938058045198
3008,321.25,-38.75,38.75,0.0,1,54.64084611056812
3009,323.75,-38.75,38.75,0.0,1,53.86045712067661
3010,326.25,-38.75,38.75,0.0,1,53.36246163202266
3011,328.75,-38.75,38.75,0.0,1,52.98912005781765
3012,331.25,-38.75,38.75,0.0,1,53.168380969435354
3013,333.75,-38.75,38.75,0.0,1,53.598175171665716
3014,336.25,-38.75,38.75,0.0,1,54.47740817822278
3015,338.75,-38.75,38.75,0.0,1,54.66368722691053
3016,341.25,-38.75,38.75,0.0,1,54.856139293661926
3017,343.75,-38.75,38.75,0.0,1,54.89616000825527
3018,346.25,-38.75,38.75,0.0,1,55.34589896087749
3019,348.75,-38.75,38.75,0.0,1,55.420928900374804
3020,351.25,-38.75,38.75,0.0,1,54.77425599313041
3021,353.75,-38.75,38.75,0.0,1,53.56283754806478
3022,356.25,-38.75,38.75,0.0,1,51.83162080411039
3023,358.75,-38.75,38.75,0.0,1,49.87295535987216
3024,1.25,-36.25,36.25,0.0,1,44.14369047054592
3025,3.75,-36.25,36.25,0.0,1,39.62516962344364
3026,6.25,-36.25,36.25,0.0,1,32.9477686535557
3027,8.75,-36.25,36.25,0.0,1,27.27968272083869
3028,11.25,-36.25,36.25,0.0,1,23.556443971627036
3029,13.75,-36.25,36.25,0.0,1,21.33960955176723
3030,16.25,-36.25,36.25,0.0,1,19.147102299763226
3031,18.75,-36.25,36.25,0.0,1,17.458020627502663
3032,21.25,-36.25,36.25,0.0,1,17.274983018486576
3033,23.75,-36.25,36.25,0.0,1,17.267479920444856
3034,26.25,-36.25,36.25,0.0,1,18.00428547191721
3035,28.75,-36.25,36.25,0.0,1,20.19893791680015
3036,31.25,-36.25,36.25,0.0,3,22.113732722950086
3037,33.75,-36.25,36.25,0.0,3,22.50620510613326
3038,36.25,-36.25,36.25,0.0,3,22.591897098989662
3039,38.75,-36.25,36.25,0.0,3,22.86247185984551
3040,41.25,-36.25,36.25,0.0,3,22.841366876293762
3041,43.75,-36.25,36.25,0.0,3,23.16316561291954
3042,46.25,-36.25,36.25,0.0,3,24.00035802565524
3043,48.75,-36.25,36.25,0.0,3,25.470739413413373
3044,51.25,-36.25,36.25,0.0,3,27.91494724993612
3045,53.75,-36.25,36.25,0.0,3,30.5816791661737
3046,56.25,-36.25,36.25,0.0,3,33.24214512115839
3047,58.75,-36.25,36.25,0.0,3,36.09878213383108
3048,61.25,-36.25,36.25,0.0,3,38.85117390959727
3049,63.75,-36.25,36.25,0.0,3,41.648133139622104
3050,66.25,-36.25,36.25,0.0,3,43.85721306356099
3051,68.75,-36.25,36.25,0.0,3,45.56023069101489
3052,71.25,-36.25,36.25,0.0,3,47.03617097859643
3053,73.75,-36.25,36.25,0.0,3,48.477899379664
3054,76.25,-36.25,36.25,0.0,3,49.887211899008754
3055,78.75,-36.25,36.25,0.0,3,50.94249134790339
3056,81.25,-36.25,36.25,0.0,3,52.10745460777703
3057,83.75,-36.25,36.25,0.0,3,53.66821939547653
3058,86.25,-36.25,36.25,0.0,3,55.60443186757797
3059,88.75,-36.25,36.25,0.0,3,57.432069514677146
3060,91.25,-36.25,36.25,0.0,3,58.765406028958544
3061,93.75,-36.25,36.25,0.0,3,59.66766690274751
3062,96.25,-36.25,36.25,0.0,3,59.65698306946985
3063,98.75,-36.25,36.25,0.0,3,58.964619474460115
3064,101.25,-36.25,36.25,0.0,3,57.65707740712126
3065,103.75,-36.25,36.25,0.0,3,56.02187590170592
3066,106.25,-36.25,36.25,0.0,3,54.40738739229888
3067,108.75,-36.25,36.25,0.0,3,52.568323665076555
3068,111.25,-36.25,36.25,0.0,3,50.59949267839459
3069,113.75,-36.25,36.25,0.0,3,48.30494972465795
3070,116.25,-36.25,36.25,0.0,3,45.33005797423364
3071,118.75,-36.25,36.25,0.0,3,41.7873608859241
3072,121.25,-36.25,36.25,0.0,2,38.18841633264212
3073,123.75,-36.25,36.25,0.0,2,35.45965325716684
3074,126.25,-36.25,36.25,0.0,2,33.542170538605156
3075,128.75,-36.25,36.25,0.0,2,32.02646012955572
3076,131.25,-36.25,36.25,0.0,2,30.8081251267446
3077,133.75,-36.25,36.25,0.0,2,29.781612423913497
3078,136.25,-36.25,36.25,0.0,2,28.97582681906401
3079,138.75,-36.25,36.25,0.0,2,27.9724335984684
3080,141.25,-36.25,36.25,1.0,0,26.148572593327422
3081,143.75,-36.25,36.25,1.0,0,24.173531144736643
3082,146.25,-36.25,36.25,1.0,0,22.14489601809441
3083,148.75,-36.25,36.25,1.0,0,18.469199574861786
3084,151.25,-36.25,36.25,0.0,2,13.898304934691797
3085,153.75,-36.25,36.25,0.0,2,14.340282412151169
3086,156.25,-36.25,36.25,0.0,2,19.42619873444779
3087,158.75,-36.25,36.25,0.0,2,25.16106147519387
3088,161.25,-36.25,36.25,0.0,2,30.43035440862289
3089,163.75,-36.25,36.25,0.0,2,35.288022694962365
3090,166.25,-36.25,36.25,0.0,2,40.14302068430184
3091,168.75,-36.25,36.25,0.0,2,45.17602535629784
3092,171.25,-36.25,36.25,0.0,2,50.24049615671752
3093,173.75,-36.25,36.25,0.0,2,55.469078587355355
3094,176.25,-36.25,36.25,0.0,2,60.828093912689226
3095,178.75,-36.25,36.25,0.0,2,65.46780752263837
3096,181.25,-36.25,36.25,0.0,2,69.86350204276859
3097,183.75,-36.25,36.25,0.0,2,73.1146279974081
3098,186.25,-36.25,36.25,0.0,2,75.1633675823137
3099,188.75,-36.25,36.25,0.0,2,76.04907470894221
3100,191.25,-36.25,36.25,0.0,2,76.02785160023778
3101,193.75,-36.25,36.25,0.0,2,75.4730891336487
3102,196.25,-36.25,36.25,0.0,2,74.15763971285533
3103,198.75,-36.25,36.25,0.0,2,72.32207899814273
3104,201.25,-36.25,36.25,0.0,2,70.17728791659133
3105,203.75,-36.25,36.25,0.0,2,68.15128466383143
3106,206.25,-36.25,36.25,0.0,2,65.99912684941256
3107,208.75,-36.25,36.25,0.0,2,63.96471592220972
3108,211.25,-36.25,36.25,0.0,2,62.45392095341578
3109,213.75,-36.25,36.25,0.0,2,61.27231369228227
3110,216.25,-36.25,36.25,0.0,2,60.19420699304321
3111,218.75,-36.25,36.25,0.0,2,59.34037822117874
3112,221.25,-36.25,36.25,0.0,2,59.14890741743936
3113,223.75,-36.25,36.25,0.0,2,59.42826532546355
3114,226.25,-36.25,36.25,0.0,2,59.72457650445701
3115,228.75,-36.25,36.25,0.0,2,59.81159923816554
3116,231.25,-36.25,36.25,0.0,2,59.64554941814825
3117,233.75,-36.25,36.25,0.0,2,59.74067065132614
3118,236.25,-36.25,36.25,0.0,2,60.14160977802056
3119,238.75,-36.25,36.25,0.0,2,60.532761025656505
3120,241.25,-36.25,36.25,0.0,2,60.870883401834426
3121,243.75,-36.25,36.25,0.0,2,61.18152622975671
3122,246.25,-36.25,36.25,0.0,2,61.478313213574395
3123,248.75,-36.25,36.25,0.0,2,61.810140308311155
3124,251.25,-36.25,36.25,0.0,2,61.90255798796609
3125,253.75,-36.25,36.25,0.0,2,61.7340452761566
3126,256.25,-36.25,36.25,0.0,2,61.88364358664174
3127,258.75,-36.25,36.25,0.0,2,61.964536625621776
3128,261.25,-36.25,36.25,0.0,2,62.206652917171446
3129,263.75,-36.25,36.25,0.0,2,62.60578165751655
3130,266.25,-36.25,36.25,0.0,2,62.414339975241454
3131,268.75,-36.25,36.25,0.0,2,62.21237729169435
3132,271.25,-36.25,36.25,0.0,2,61.301643478738164
3133,273.75,-36.25,36.25,0.0,2,60.17086729007549
3134,276.25,-36.25,36.25,0.0,2,58.22871556220162
3135,278.75,-36.25,36.25,0.0,2,55.12508292821782
3136,281.25,-36.25,36.25,0.0,1,50.5505576124265
3137,283.75,-36.25,36.25,0.0,1,43.95899884744474
3138,286.25,-36.25,36.25,0.0,1,36.63526541862273
3139,288.75,-36.25,36.25,1.0,0,34.482834229015104
3140,291.25,-36.25,36.25,1.0,0,39.341784344049096
3141,293.75,-36.25,36.25,1.0,0,40.10526042804052
3142,296.25,-36.25,36.25,1.0,0,41.236972883231545
3143,298.75,-36.25,36.25,1.0,0,45.56683731530369
3144,301.25,-36.25,36.25,1.0,0,47.97010554096239
3145,303.75,-36.25,36.25,0.0,1,49.217630783070035
3146,306.25,-36.25,36.25,0.0,1,49.71966000904489
3147,308.75,-36.25,36.25,0.0,1,50.8056410728891
3148,311.25,-36.25,36.25,0.0,1,51.515635877380895
3149,313.75,-36.25,36.25,0.0,1,51.57909912743334
3150,316.25,-36.25,36.25,0.0,1,51.241714199853476
3151,318.75,-36.25,36.25,0.0,1,51.03315991096659
3152,321.25,-36.25,36.25,0.0,1,50.798123431405344
3153,323.75,-36.25,36.25,0.0,1,50.27207198022922
3154,326.25,-36.25,36.25,0.0,1,49.89625407116031
3155,328.75,-36.25,36.25,0.0,1,49.4479199692963
3156,331.25,-36.25,36.25,0.0,1,49.831176587175186
3157,333.75,-36.25,36.25,0.0,1,50.43022277284831
3158,336.25,-36.25,36.25,0.0,1,51.19753793305409
3159,338.75,-36.25,36.25,0.0,1,51.521759053919375
3160,341.25,-36.25,36.25,0.0,1,52.36044623497286
3161,343.75,-36.25,36.25,0.0,1,53.01845188693696
3162,346.25,-36.25,36.25,0.0,1,53.467791956844515
3163,348.75,-36.25,36.25,0.0,1,53.033731783917666
3164,351.25,-36.25,36.25,0.0,1,52.17884765170122
3165,353.75,-36.25,36.25,0.0,1,51.05135847916873
3166,356.25,-36.25,36.25,0.0,1,49.35062425616564
3167,358.75,-36.25,36.25,0.0,1,47.198373495643715
3168,1.25,-33.75,33.75,0.0,1,40.20784786315589
3169,3.75,-33.75,33.75,0.0,1,34.39564929045459
3170,6.25,-33.75,33.75,0.0,1,28.007051338382997
3171,8.75,-33.75,33.75,0.0,1,24.325410443127602
3172,11.25,-33.75,33.75,0.0,1,22.347381912948812
3173,13.75,-33.75,33.75,0.0,1,20.216527778825633
3174,16.25,-33.75,33.75,0.0,1,16.8004958363015
3175,18.75,-33.75,33.75,1.0,0,15.381333404103943
3176,21.25,-33.75,33.75,1.0,0,16.6409979900913
3177,23.75,-33.75,33.75,1.0,0,16.939583773000294
3178,26.25,-33.75,33.75,0.0,1,16.353439053312858
3179,28.75,-33.75,33.75,0.0,1,17.21442068467677
3180,31.25,-33.75,33.75,0.0,3,18.418635737763054
3181,33.75,-33.75,33.75,0.0,3,20.224320337343155
3182,36.25,-33.75,33.75,0.0,3,22.12474958542685
3183,38.75,-33.75,33.75,0.0,3,23.353985076106184
3184,41.25,-33.75,33.75,0.0,3,23.762160828921182
3185,43.75,-33.75,33.75,0.0,3,23.941530404726887
3186,46.25,-33.75,33.75,0.0,3,24.630841183900692
3187,48.75,-33.75,33.75,0.0,3,26.266065704779702
3188,51.25,-33.75,33.75,0.0,3,28.53328361455684
3189,53.75,-33.75,33.75,0.0,3,31.223289031529454
3190,56.25,-33.75,33.75,0.0,3,34.15492958442771
3191,58.75,-33.75,33.75,0.0,3,37.306068682462204
3192,61.25,-33.75,33.75,0.0,3,40.08999974942031
3193,63.75,-33.75,33.75,0.0,3,42.079099210545635
3194,66.25,-33.75,33.75,0.0,3,43.350877727828134
3195,68.75,-33.75,33.75,0.0,3,44.15069617991847
3196,71.25,-33.75,33.75,0.0,3,45.065396024282784
3197,73.75,-33.75,33.75,0.0,3,46.00157278625748
3198,76.25,-33.75,33.75,0.0,3,46.52205760831635
3199,78.75,-33.75,33.75,0.0,3,46.99147981068218
3200,81.25,-33.75,33.75,0.0,3,47.575053845341365
3201,83.75,-33.75,33.75,0.0,3,48.74258266338748
3202,86.25,-33.75,33.75,0.0,3,50.01548851723777
3203,88.75,-33.75,33.75,0.0,3,51.343327982078776
3204,91.25,-33.75,33.75,0.0,3,52.17607193257038
3205,93.75,-33.75,33.75,0.0,3,52.70380897784432
3206,96.25,-33.75,33.75,0.0,3,52.86917240829706
3207,98.75,-33.75,33.75,0.0,3,52.42335097499182
3208,101.25,-33.75,33.75,0.0,3,51.49438209291393
3209,103.75,-33.75,33.75,0.0,3,50.36048495403988
3210,106.25,-33.75,33.75,0.0,3,49.188189272244024
3211,108.75,-33.75,33.75,0.0,3,47.94914835854478
3212,111.25,-33.75,33.75,0.0,3,45.80644903805631
3213,113.75,-33.75,33.75,0.0,3,42.298988254126655
3214,116.25,-33.75,33.75,1.0,0,38.31419345382056
3215,118.75,-33.75,33.75,1.0,0,36.188689931613126
3216,121.25,-33.75,33.75,1.0,0,34.584129970273864
3217,123.75,-33.75,33.75,0.0,2,33.942075885555596
3218,126.25,-33.75,33.75,0.0,2,34.079856956143
3219,128.75,-33.75,33.75,0.0,2,34.16768962994056
3220,131.25,-33.75,33.75,0.0,2,34.20540052311229
3221,133.75,-33.75,33.75,0.0,2,33.912008173896474
3222,136.25,-33.75,33.75,1.0,0,33.28045090575736
3223,138.75,-33.75,33.75,1.0,0,31.81587156519184
3224,141.25,-33.75,33.75,1.0,0,30.062877610552164
3225,143.75,-33.75,33.75,1.0,0,28.210200600615703
3226,146.25,-33.75,33.75,1.0,0,26.509012867657223
3227,148.75,-33.75,33.75,1.0,0,24.716771761966985
3228,151.25,-33.75,33.75,0.0,2,20.711577180335105
3229,153.75,-33.75,33.75,0.0,2,19.48500017426452
3230,156.25,-33.75,33.75,0.0,2,24.15941863693973
3231,158.75,-33.75,33.75,0.0,2,29.740107284625974
3232,161.25,-33.75,33.75,0.0,2,34.81568945567213
3233,163.75,-33.75,33.75,0.0,2,39.766169327457035
3234,166.25,-33.75,33.75,0.0,2,44.26017008501875
3235,168.75,-33.75,33.75,0.0,2,48.61797770700807
3236,171.25,-33.75,33.75,0.0,2,53.398023284641035
3237,173.75,-33.75,33.75,0.0,2,58.530049627052534
3238,176.25,-33.75,33.75,0.0,2,64.12139343461254
3239,178.75,-33.75,33.75,0.0,2,68.99245215089836
3240,181.25,-33.75,33.75,0.0,2,72.70857314685296
3241,183.75,-33.75,33.75,0.0,2,75.04739493379289
3242,186.25,-33.75,33.75,0.0,2,76.44664260034422
3243,188.75,-33.75,33.75,0.0,2,76.68743583691943
3244,191.25,-33.75,33.75,0.0,2,76.31579788654925
3245,193.75,-33.75,33.75,0.0,2,75.64245293168271
3246,196.25,-33.75,33.75,0.0,2,74.30769015172152
3247,198.75,-33.75,33.75,0.0,2,72.34127370552636
3248,201.25,-33.75,33.75,0.0,2,70.22058874761633
3249,203.75,-33.75,33.75,0.0,2,68.20425662637923
3250,206.25,-33.75,33.75,0.0,2,66.02987645012959
3251,208.75,-33.75,33.75,0.0,2,64.40657679871524
3252,211.25,-33.75,33.75,0.0,2,63.34678447858751
3253,213.75,-33.75,33.75,0.0,2,62.38407819863885
3254,216.25,-33.75,33.75,0.0,2,61.57402413002231
3255,218.75,-33.75,33.75,0.0,2,61.08243945449293
3256,221.25,-33.75,33.75,0.0,2,61.0924187938608
3257,223.75,-33.75,33.75,0.0,2,61.27862224598762
3258,226.25,-33.75,33.75,0.0,2,61.45799134802312
3259,228.75,-33.75,33.75,0.0,2,61.529235778515755
3260,231.25,-33.75,33.75,0.0,2,61.54083409971169
3261,233.75,-33.75,33.75,0.0,2,61.88505502747034
3262,236.25,-33.75,33.75,0.0,2,62.27105599875865
3263,238.75,-33.75,33.75,0.0,2,62.44510114344929
3264,241.25,-33.75,33.75,0.0,2,62.46201465435819
3265,243.75,-33.75,33.75,0.0,2,62.79831305601905
3266,246.25,-33.75,33.75,0.0,2,62.64090895137626
3267,248.75,-33.75,33.75,0.0,2,62.24889999870278
3268,251.25,-33.75,33.75,0.0,2,61.37418560910923
3269,253.75,-33.75,33.75,0.0,2,60.26771546547966
3270,256.25,-33.75,33.75,0.0,2,59.33651072374689
3271,258.75,-33.75,33.75,0.0,2,58.629920755279706
3272,261.25,-33.75,33.75,0.0,2,58.057080350380836
3273,263.75,-33.75,33.75,0.0,2,57.627095647468714
3274,266.25,-33.75,33.75,0.0,2,57.04419005719869
3275,268.75,-33.75,33.75,0.0,2,56.175158030951415
3276,271.25,-33.75,33.75,0.0,2,55.06420658998383
3277,273.75,-33.75,33.75,0.0,2,53.827277914070564
3278,276.25,-33.75,33.75,0.0,2,51.522076502456976
3279,278.75,-33.75,33.75,0.0,2,48.39874721824079
3280,281.25,-33.75,33.75,0.0,1,43.717305517952326
3281,283.75,-33.75,33.75,0.0,1,38.462388808355676
3282,286.25,-33.75,33.75,0.0,1,32.2618238839089
3283,288.75,-33.75,33.75,1.0,0,30.60410027896422
3284,291.25,-33.75,33.75,1.0,0,32.434808827819936
3285,293.75,-33.75,33.75,1.0,0,32.77754755572985
3286,296.25,-33.75,33.75,1.0,0,33.78251819090711
3287,298.75,-33.75,33.75,1.0,0,37.79281195933866
3288,301.25,-33.75,33.75,1.0,0,39.44386032797165
3289,303.75,-33.75,33.75,1.0,0,40.65187602983895
3290,306.25,-33.75,33.75,1.0,0,41.71271651714658
3291,308.75,-33.75,33.75,0.0,1,42.64497169408139
3292,311.25,-33.75,33.75,0.0,1,43.99255560257223
3293,313.75,-33.75,33.75,0.0,1,44.926546883013074
3294,316.25,-33.75,33.75,0.0,1,46.09262262676758
3295,318.75,-33.75,33.75,0.0,1,46.351870475704274
3296,321.25,-33.75,33.75,0.0,1,46.84310454432059
3297,323.75,-33.75,33.75,0.0,1,46.43679124209996
3298,326.25,-33.75,33.75,0.0,1,46.42390315643016
3299,328.75,-33.75,33.75,0.0,1,46.187790143879965
3300,331.25,-33.75,33.75,0.0,1,46.69664131738046
3301,333.75,-33.75,33.75,0.0,1,47.24260366329794
3302,336.25,-33.75,33.75,0.0,1,48.315104994590115
3303,338.75,-33.75,33.75,0.0,1,49.53337913012143
3304,341.25,-33.75,33.75,0.0,1,50.763716396248874
3305,343.75,-33.75,33.75,0.0,1,51.54988122975838
3306,346.25,-33.75,33.75,0.0,1,51.52005412605286
3307,348.75,-33.75,33.75,0.0,1,50.97179292841925
3308,351.25,-33.75,33.75,0.0,1,50.32115408963786
3309,353.75,-33.75,33.75,0.0,1,48.9917488407493
3310,356.25,-33.75,33.75,0.0,1,47.184714702517255
3311,358.75,-33.75,33.75,0.0,1,44.39743566340148
3312,1.25,-31.25,31.25,0.0,1,35.7425336061986
3313,3.75,-31.25,31.25,0.0,1,30.19257671057965
3314,6.25,-31.25,31.25,0.0,1,25.899354249743745
3315,8.75,-31.25,31.25,0.0,1,23.795489847486255
3316,11.25,-31.25,31.25,0.0,1,22.348053469533408
3317,13.75,-31.25,31.25,0.0,1,20.271825742650538
3318,16.25,-31.25,31.25,0.0,1,17.847161669070825
3319,18.75,-31.25,31.25,1.0,0,15.920357265579556
3320,21.25,-31.25,31.25,1.0,0,14.154470955140747
3321,23.75,-31.25,31.25,1.0,0,13.063419993353053
3322,26.25,-31.25,31.25,1.0,0,13.924588566467456
3323,28.75,-31.25,31.25,1.0,0,17.379444536363643
3324,31.25,-31.25,31.25,0.0,3,16.52993596046194
3325,33.75,-31.25,31.25,0.0,3,17.867755754191535
3326,36.25,-31.25,31.25,0.0,3,20.93686422209466
3327,38.75,-31.25,31.25,0.0,3,22.495551007552532
3328,41.25,-31.25,31.25,0.0,3,22.86929950330513
3329,43.75,-31.25,31.25,0.0,3,23.287644790093452
3330,46.25,-31.25,31.25,0.0,3,24.216046455830817
3331,48.75,-31.25,31.25,0.0,3,26.26976377782048
3332,51.25,-31.25,31.25,0.0,3,29.04450315852644
3333,53.75,-31.25,31.25,0.0,3,32.054737113613214
3334,56.25,-31.25,31.25,0.0,3,35.0824718100166
3335,58.75,-31.25,31.25,0.0,3,38.01201312594391
3336,61.25,-31.25,31.25,0.0,3,40.606998098083906
3337,63.75,-31.25,31.25,0.0,3,42.273113304764124
3338,66.25,-31.25,31.25,0.0,3,43.21104153373911
3339,68.75,-31.25,31.25,0.0,3,43.83250940688217
3340,71.25,-31.25,31.25,0.0,3,44.05577379015268
3341,73.75,-31.25,31.25,0.0,3,44.256928611710514
3342,76.25,-31.25,31.25,0.0,3,43.94227238623317
3343,78.75,-31.25,31.25,0.0,3,44.0341799903221
3344,81.25,-31.25,31.25,0.0,3,44.310132129718426
3345,83.75,-31.25,31.25,0.0,3,45.07962165660338
3346,86.25,-31.25,31.25,0.0,3,45.96434916849521
3347,88.75,-31.25,31.25,0.0,3,46.77401401771128
3348,91.25,-31.25,31.25,0.0,3,47.42553138029698
3349,93.75,-31.25,31.25,0.0,3,47.78554554053082
3350,96.25,-31.25,31.25,0.0,3,48.01216080582297
3351,98.75,-31.25,31.25,0.0,3,48.05063743506066
3352,101.25,-31.25,31.25,0.0,3,47.46117848693512
3353,103.75,-31.25,31.25,0.0,3,46.78889739853896
3354,106.25,-31.25,31.25,0.0,3,45.71802939124661
3355,108.75,-31.25,31.25,0.0,3,44.596548255912936
3356,111.25,-31.25,31.25,0.0,3,41.99119412906422
3357,113.75,-31.25,31.25,0.0,3,37.937568903128785
3358,116.25,-31.25,31.25,1.0,0,33.22700660257599
3359,118.75,-31.25,31.25,1.0,0,30.871416641205663
3360,121.25,-31.25,31.25,1.0,0,30.883930001559218
3361,123.75,-31.25,31.25,1.0,0,31.654297132786013
3362,126.25,-31.25,31.25,1.0,0,33.0918301065527
3363,128.75,-31.25,31.25,0.0,2,34.46608694593081
3364,131.25,-31.25,31.25,0.0,2,35.81400896037146
3365,133.75,-31.25,31.25,1.0,0,36.362790699722495
3366,136.25,-31.25,31.25,1.0,0,36.01410895474172
3367,138.75,-31.25,31.25,1.0,0,34.67980734867727
3368,141.25,-31.25,31.25,1.0,0,32.29688192883664
3369,143.75,-31.25,31.25,1.0,0,30.298574438469345
3370,146.25,-31.25,31.25,1.0,0,28.91715249158922
3371,148.75,-31.25,31.25,1.0,0,29.186940485801447
3372,151.25,-31.25,31.25,1.0,0,28.409003483102065
3373,153.75,-31.25,31.25,0.0,2,27.74125959332957
3374,156.25,-31.25,31.25,0.0,2,31.53800111714604
3375,158.75,-31.25,31.25,0.0,2,36.588727725160254
3376,161.25,-31.25,31.25,0.0,2,40.59055482029067
3377,163.75,-31.25,31.25,0.0,2,44.225164002109445
3378,166.25,-31.25,31.25,0.0,2,47.720439007230226
3379,168.75,-31.25,31.25,0.0,2,51.403810101416425
3380,171.25,-31.25,31.25,0.0,2,55.63803602931622
3381,173.75,-31.25,31.25,0.0,2,60.53359592226569
3382,176.25,-31.25,31.25,0.0,2,65.52817980434028
3383,178.75,-31.25,31.25,0.0,2,69.52102717253129
3384,181.25,-31.25,31.25,0.0,2,72.41203159004593
3385,183.75,-31.25,31.25,0.0,2,74.19440104391187
3386,186.25,-31.25,31.25,0.0,2,75.08897220313493
3387,188.75,-31.25,31.25,0.0,2,75.03784366908476
3388,191.25,-31.25,31.25,0.0,2,74.47367400995769
3389,193.75,-31.25,31.25,0.0,2,73.65417553618101
3390,196.25,-31.25,31.25,0.0,2,72.41218861827899
3391,198.75,-31.25,31.25,0.0,2,70.69187619636381
3392,201.25,-31.25,31.25,0.0,2,68.84207298378628
3393,203.75,-31.25,31.25,0.0,2,66.8304523297076
3394,206.25,-31.25,31.25,0.0,2,64.87944260574342
3395,208.75,-31.25,31.25,0.0,2,63.36641525223651
3396,211.25,-31.25,31.25,0.0,2,62.69329126446432
3397,213.75,-31.25,31.25,0.0,2,62.38867940331876
3398,216.25,-31.25,31.25,0.0,2,62.26680179878929
3399,218.75,-31.25,31.25,0.0,2,62.13352173512846
3400,221.25,-31.25,31.25,0.0,2,62.110863951607996
3401,223.75,-31.25,31.25,0.0,2,62.38652041807585
3402,226.25,-31.25,31.25,0.0,2,62.70210485504963
3403,228.75,-31.25,31.25,0.0,2,62.928407804988375
3404,231.25,-31.25,31.25,0.0,2,63.11825974806355
3405,233.75,-31.25,31.25,0.0,2,63.469338303204005
3406,236.25,-31.25,31.25,0.0,2,63.55644436082481
3407,238.75,-31.25,31.25,0.0,2,63.64868126414266
3408,241.25,-31.25,31.25,0.0,2,63.44330925366964
3409,243.75,-31.25,31.25,0.0,2,62.79377923518139
3410,246.25,-31.25,31.25,0.0,2,61.8786250273672
3411,248.75,-31.25,31.25,0.0,2,60.65253038053034
3412,251.25,-31.25,31.25,0.0,2,58.96745901043786
3413,253.75,-31.25,31.25,0.0,2,57.38343311048328
3414,256.25,-31.25,31.25,0.0,2,55.72875518654805
3415,258.75,-31.25,31.25,0.0,2,54.61486574429897
3416,261.25,-31.25,31.25,0.0,2,53.58957369628298
3417,263.75,-31.25,31.25,0.0,2,52.69162458157803
3418,266.25,-31.25,31.25,0.0,2,51.7600638415025
3419,268.75,-31.25,31.25,0.0,2,50.74191826478766
3420,271.25,-31.25,31.25,0.0,2,49.23721892529833
3421,273.75,-31.25,31.25,0.0,2,47.36595154887683
3422,276.25,-31.25,31.25,0.0,2,44.79680506745598
3423,278.75,-31.25,31.25,0.0,2,41.84447898589198
3424,281.25,-31.25,31.25,0.0,1,37.44835547740338
3425,283.75,-31.25,31.25,0.0,1,33.14826270836226
3426,286.25,-31.25,31.25,0.0,1,27.239805313549937
3427,288.75,-31.25,31.25,1.0,0,27.439755564164408
3428,291.25,-31.25,31.25,1.0,0,25.07823091735186
3429,293.75,-31.25,31.25,1.0,0,25.997537216080424
3430,296.25,-31.25,31.25,1.0,0,28.33516518174826
3431,298.75,-31.25,31.25,1.0,0,29.725573530906825
3432,301.25,-31.25,31.25,1.0,0,31.24814644658287
3433,303.75,-31.25,31.25,1.0,0,31.84664780017755
3434,306.25,-31.25,31.25,1.0,0,33.38874688576435
3435,308.75,-31.25,31.25,0.0,1,35.31328674217027
3436,311.25,-31.25,31.25,0.0,1,38.460132288714206
3437,313.75,-31.25,31.25,0.0,1,39.90619994172925
3438,316.25,-31.25,31.25,0.0,1,41.78076867885439
3439,318.75,-31.25,31.25,0.0,1,42.68309743348
3440,321.25,-31.25,31.25,0.0,1,43.54436631942417
3441,323.75,-31.25,31.25,0.0,1,43.6559847131527
3442,326.25,-31.25,31.25,0.0,1,43.87311101183962
3443,328.75,-31.25,31.25,0.0,1,43.80407078684587
3444,331.25,-31.25,31.25,0.0,1,44.4545413157409
3445,333.75,-31.25,31.25,0.0,1,45.45758092413095
3446,336.25,-31.25,31.25,0.0,1,46.866154734724475
3447,338.75,-31.25,31.25,0.0,1,48.018562298453
3448,341.25,-31.25,31.25,0.0,1,48.978698944678705
3449,343.75,-31.25,31.25,0.0,1,49.457620460176244
3450,346.25,-31.25,31.25,0.0,1,49.36223464369531
3451,348.75,-31.25,31.25,0.0,1,48.834620781176184
3452,351.25,-31.25,31.25,0.0,1,47.67853169505408
3453,353.75,-31.25,31.25,0.0,1,45.92942943347196
3454,356.25,-31.25,31.25,0.0,1,43.6255418898788
3455,358.75,-31.25,31.25,0.0,1,40.426785155514764
3456,1.25,-28.75,28.75,0.0,1,30.46595006420453
3457,3.75,-28.75,28.75,0.0,1,26.698355700799134
3458,6.25,-28.75,28.75,0.0,1,24.653809183373443
3459,8.75,-28.75,28.75,0.0,1,23.46981368229139
3460,11.25,-28.75,28.75,0.0,1,22.07469860689191
3461,13.75,-28.75,28.75,0.0,1,20.44628025144501
3462,16.25,-28.75,28.75,0.0,1,19.258450362723643
3463,18.75,-28.75,28.75,1.0,0,15.390809888799327
3464,21.25,-28.75,28.75,1.0,0,12.288576132958234
3465,23.75,-28.75,28.75,1.0,0,10.894419659321754
3466,26.25,-28.75,28.75,1.0,0,14.60405432577548
3467,28.75,-28.75,28.75,1.0,0,20.24966588758846
3468,31.25,-28.75,28.75,1.0,0,18.193310868438793
3469,33.75,-28.75,28.75,0.0,3,17.467621274563434
3470,36.25,-28.75,28.75,0.0,3,20.330266579082135
3471,38.75,-28.75,28.75,0.0,3,22.497319999414625
3472,41.25,-28.75,28.75,0.0,3,22.769390149789093
3473,43.75,-28.75,28.75,0.0,3,22.394464272502134
3474,46.25,-28.75,28.75,0.0,3,23.532074069482025
3475,48.75,-28.75,28.75,0.0,3,26.869338224074912
3476,51.25,-28.75,28.75,0.0,3,30.409261198225316
3477,53.75,-28.75,28.75,0.0,3,33.492587068634116
3478,56.25,-28.75,28.75,0.0,3,36.603263443567165
3479,58.75,-28.75,28.75,0.0,3,39.500863651233956
3480,61.25,-28.75,28.75,0.0,3,41.63157619638816
3481,63.75,-28.75,28.75,0.0,3,43.25171044527666
3482,66.25,-28.75,28.75,0.0,3,43.81685851546675
3483,68.75,-28.75,28.75,0.0,3,44.03476314726923
3484,71.25,-28.75,28.75,0.0,3,43.73967066296234
3485,73.75,-28.75,28.75,0.0,3,43.197335109972926
3486,76.25,-28.75,28.75,0.0,3,42.67599430772807
3487,78.75,-28.75,28.75,0.0,3,42.46272476081166
3488,81.25,-28.75,28.75,0.0,3,42.58783451330922
3489,83.75,-28.75,28.75,0.0,3,42.868461781094005
3490,86.25,-28.75,28.75,0.0,3,43.38394733495925
3491,88.75,-28.75,28.75,0.0,3,44.05027399449492
3492,91.25,-28.75,28.75,0.0,3,44.49090724965869
3493,93.75,-28.75,28.75,0.0,3,44.89640232001004
3494,96.25,-28.75,28.75,0.0,3,45.04147018122256
3495,98.75,-28.75,28.75,0.0,3,45.120100602013316
3496,101.25,-28.75,28.75,0.0,3,44.77450210229101
3497,103.75,-28.75,28.75,0.0,3,44.30193058779493
3498,106.25,-28.75,28.75,0.0,3,43.54122098449681
3499,108.75,-28.75,28.75,0.0,3,42.591350061158316
3500,111.25,-28.75,28.75,0.0,3,40.3262443596814
3501,113.75,-28.75,28.75,0.0,3,37.04287768179411
3502,116.25,-28.75,28.75,1.0,0,32.06006622183906
3503,118.75,-28.75,28.75,1.0,0,29.9404022849647
3504,121.25,-28.75,28.75,1.0,0,31.323660414469664
3505,123.75,-28.75,28.75,1.0,0,32.224507931788665
3506,126.25,-28.75,28.75,1.0,0,33.48162122168494
3507,128.75,-28.75,28.75,1.0,0,35.43204898417735
3508,131.25,-28.75,28.75,1.0,0,37.75074101634083
3509,133.75,-28.75,28.75,1.0,0,38.528783109395064
3510,136.25,-28.75,28.75,1.0,0,37.23501255117324
3511,138.75,-28.75,28.75,1.0,0,35.0863694353016
3512,141.25,-28.75,28.75,1.0,0,32.76884823054636
3513,143.75,-28.75,28.75,1.0,0,31.72900662053289
3514,146.25,-28.75,28.75,1.0,0,31.248476800984356
3515,148.75,-28.75,28.75,1.0,0,32.22744444289219
3516,151.25,-28.75,28.75,1.0,0,33.46360838031934
3517,153.75,-28.75,28.75,0.0,2,34.32706944757446
3518,156.25,-28.75,28.75,0.0,2,37.088373658245835
3519,158.75,-28.75,28.75,0.0,2,40.57064240976817
3520,161.25,-28.75,28.75,0.0,2,43.03828842185979
3521,163.75,-28.75,28.75,0.0,2,45.70731436255707
3522,166.25,-28.75,28.75,0.0,2,48.849483383036365
3523,168.75,-28.75,28.75,0.0,2,52.392402161934
3524,171.25,-28.75,28.75,0.0,2,56.24385011280253
3525,173.75,-28.75,28.75,0.0,2,60.42961020391436
3526,176.25,-28.75,28.75,0.0,2,64.41123765835144
3527,178.75,-28.75,28.75,0.0,2,67.4388621062746
3528,181.25,-28.75,28.75,0.0,2,69.62335727693853
3529,183.75,-28.75,28.75,0.0,2,71.03038196259762
3530,186.25,-28.75,28.75,0.0,2,71.80543086273181
3531,188.75,-28.75,28.75,0.0,2,71.73168493039474
3532,191.25,-28.75,28.75,0.0,2,71.30352579680518
3533,193.75,-28.75,28.75,0.0,2,70.54089113342113
3534,196.25,-28.75,28.75,0.0,2,69.38909460358022
3535,198.75,-28.75,28.75,0.0,2,67.83248540168435
3536,201.25,-28.75,28.75,0.0,2,66.13520540942206
3537,203.75,-28.75,28.75,0.0,2,64.32493566536779
3538,206.25,-28.75,28.75,0.0,2,62.75736189406213
3539,208.75,-28.75,28.75,0.0,2,61.757135322815245
3540,211.25,-28.75,28.75,0.0,2,61.77665055660027
3541,213.75,-28.75,28.75,0.0,2,61.95292091518724
3542,216.25,-28.75,28.75,0.0,2,62.15430265371928
3543,218.75,-28.75,28.75,0.0,2,62.240094058848385
3544,221.25,-28.75,28.75,0.0,2,62.48240771055046
3545,223.75,-28.75,28.75,0.0,2,62.75708375380774
3546,226.25,-28.75,28.75,0.0,2,63.06226151091804
3547,228.75,-28.75,28.75,0.0,2,63.33363727074717
3548,231.25,-28.75,28.75,0.0,2,63.515951330697895
3549,233.75,-28.75,28.75,0.0,2,63.60196359218361
3550,236.25,-28.75,28.75,0.0,2,63.77456756532484
3551,238.75,-28.75,28.75,0.0,2,63.543986940719414
3552,241.25,-28.75,28.75,0.0,2,62.72254803068199
3553,243.75,-28.75,28.75,0.0,2,61.24627582591648
3554,246.25,-28.75,28.75,0.0,2,59.49713705773032
3555,248.75,-28.75,28.75,0.0,2,57.58882694173615
3556,251.25,-28.75,28.75,0.0,2,55.55089272121069
3557,253.75,-28.75,28.75,0.0,2,53.32806415257092
3558,256.25,-28.75,28.75,0.0,2,51.64319673767853
3559,258.75,-28.75,28.75,0.0,2,50.17432342997327
3560,261.25,-28.75,28.75,0.0,2,48.84292133409052
3561,263.75,-28.75,28.75,0.0,2,47.74779494356784
3562,266.25,-28.75,28.75,0.0,2,46.185800796671714
3563,268.75,-28.75,28.75,0.0,2,44.94653993372104
3564,271.25,-28.75,28.75,0.0,2,42.95981569175735
3565,273.75,-28.75,28.75,0.0,2,41.278838607160914
3566,276.25,-28.75,28.75,0.0,2,38.58394580827382
3567,278.75,-28.75,28.75,0.0,2,35.7496543448234
3568,281.25,-28.75,28.75,0.0,1,32.141502371944874
3569,283.75,-28.75,28.75,0.0,1,28.252259991460594
3570,286.25,-28.75,28.75,0.0,1,20.903519091021465
3571,288.75,-28.75,28.75,1.0,0,28.18764610438282
3572,291.25,-28.75,28.75,1.0,0,29.233504202397945
3573,293.75,-28.75,28.75,1.0,0,24.63120056257711
3574,296.25,-28.75,28.75,1.0,0,23.832595148682532
3575,298.75,-28.75,28.75,1.0,0,22.087780742433182
3576,301.25,-28.75,28.75,1.0,0,22.374535943363394
3577,303.75,-28.75,28.75,1.0,0,21.631658442596436
3578,306.25,-28.75,28.75,1.0,0,25.171217205621193
3579,308.75,-28.75,28.75,1.0,0,30.84575233838884
3580,311.25,-28.75,28.75,0.0,1,36.170319400378034
3581,313.75,-28.75,28.75,0.0,1,37.20331525382669
3582,316.25,-28.75,28.75,0.0,1,38.30395436239098
3583,318.75,-28.75,28.75,0.0,1,39.553567216797305
3584,321.25,-28.75,28.75,0.0,1,40.611128731369654
3585,323.75,-28.75,28.75,0.0,1,40.952681187517484
3586,326.25,-28.75,28.75,0.0,1,41.24795298559855
3587,328.75,-28.75,28.75,0.0,1,41.706381518632554
3588,331.25,-28.75,28.75,0.0,1,42.63502921025393
3589,333.75,-28.75,28.75,0.0,1,43.82331561375274
3590,336.25,-28.75,28.75,0.0,1,45.04864706315505
3591,338.75,-28.75,28.75,0.0,1,45.870463216192476
3592,341.25,-28.75,28.75,0.0,1,46.368215152703414
3593,343.75,-28.75,28.75,0.0,1,46.30818237078667
3594,346.25,-28.75,28.75,0.0,1,45.76338388354739
3595,348.75,-28.75,28.75,0.0,1,44.7068344281432
3596,351.25,-28.75,28.75,0.0,1,43.239915840226445
3597,353.75,-28.75,28.75,0.0,1,41.39170600905052
3598,356.25,-28.75,28.75,0.0,1,38.66272250912095
3599,358.75,-28.75,28.75,0.0,1,35.06477175456234
3600,1.25,-26.25,26.25,0.0,1,25.297950289464527
3601,3.75,-26.25,26.25,0.0,1,24.206668532854337
3602,6.25,-26.25,26.25,0.0,1,23.347131770972723
3603,8.75,-26.25,26.25,0.0,1,22.425367954350033
3604,11.25,-26.25,26.25,0.0,1,21.1300841559025
3605,13.75,-26.25,26.25,0.0,1,20.03391794126563
3606,16.25,-26.25,26.25,1.0,0,17.868128876359677
3607,18.75,-26.25,26.25,1.0,0,11.53847802061121
3608,21.25,-26.25,26.25,1.0,0,10.156786087117371
3609,23.75,-26.25,26.25,1.0,0,9.52976966060517
3610,26.25,-26.25,26.25,1.0,0,13.696733112105445
3611,28.75,-26.25,26.25,1.0,0,21.336901617644095
3612,31.25,-26.25,26.25,1.0,0,19.632618167450563
3613,33.75,-26.25,26.25,0.0,3,17.005119203890228
3614,36.25,-26.25,26.25,0.0,3,19.930986745751863
3615,38.75,-26.25,26.25,0.0,3,22.959454548314767
3616,41.25,-26.25,26.25,0.0,3,23.130859899504536
3617,43.75,-26.25,26.25,0.0,3,21.759058278075226
3618,46.25,-26.25,26.25,0.0,3,22.7869212745866
3619,48.75,-26.25,26.25,0.0,3,27.598739718752324
3620,51.25,-26.25,26.25,0.0,3,32.22268035226657
3621,53.75,-26.25,26.25,0.0,3,36.01327925199007
3622,56.25,-26.25,26.25,0.0,3,38.753745323669065
3623,58.75,-26.25,26.25,0.0,3,40.90564478296141
3624,61.25,-26.25,26.25,0.0,3,42.57229495616325
3625,63.75,-26.25,26.25,0.0,3,43.67068862774041
3626,66.25,-26.25,26.25,0.0,3,44.097909700225415
3627,68.75,-26.25,26.25,0.0,3,43.73914918982168
3628,71.25,-26.25,26.25,0.0,3,43.304767380938344
3629,73.75,-26.25,26.25,0.0,3,42.5288599540332
3630,76.25,-26.25,26.25,0.0,3,42.03867643660541
3631,78.75,-26.25,26.25,0.0,3,41.68230544079641
3632,81.25,-26.25,26.25,0.0,3,41.58853632045309
3633,83.75,-26.25,26.25,0.0,3,41.82254880777033
3634,86.25,-26.25,26.25,0.0,3,42.179687299437845
3635,88.75,-26.25,26.25,0.0,3,42.769953028292676
3636,91.25,-26.25,26.25,0.0,3,43.16220442021045
3637,93.75,-26.25,26.25,0.0,3,43.38739110366428
3638,96.25,-26.25,26.25,0.0,3,43.36381425778624
3639,98.75,-26.25,26.25,0.0,3,43.222392817861305
3640,101.25,-26.25,26.25,0.0,3,43.09818108709151
3641,103.75,-26.25,26.25,0.0,3,42.89997238338306
3642,106.25,-26.25,26.25,0.0,3,42.808965141425666
3643,108.75,-26.25,26.25,0.0,3,42.41015575030311
3644,111.25,-26.25,26.25,0.0,3,40.64513770346285
3645,113.75,-26.25,26.25,1.0,0,37.02059377069824
3646,116.25,-26.25,26.25,1.0,0,31.676112158623148
3647,118.75,-26.25,26.25,1.0,0,30.92804662151758
3648,121.25,-26.25,26.25,1.0,0,32.0481403305962
3649,123.75,-26.25,26.25,1.0,0,33.081241953337155
3650,126.25,-26.25,26.25,1.0,0,34.214099258344035
3651,128.75,-26.25,26.25,1.0,0,36.73215063608337
3652,131.25,-26.25,26.25,1.0,0,39.27520811732174
3653,133.75,-26.25,26.25,1.0,0,39.70306046126911
3654,136.25,-26.25,26.25,1.0,0,38.13616062794464
3655,138.75,-26.25,26.25,1.0,0,35.65074268081583
3656,141.25,-26.25,26.25,1.0,0,33.37381435526194
3657,143.75,-26.25,26.25,1.0,0,33.378413960460165
3658,146.25,-26.25,26.25,1.0,0,34.81661267333153
3659,148.75,-26.25,26.25,1.0,0,35.92283176256366
3660,151.25,-26.25,26.25,1.0,0,36.832278332699275
3661,153.75,-26.25,26.25,0.0,2,38.66782629186166
3662,156.25,-26.25,26.25,0.0,2,40.620724445826326
3663,158.75,-26.25,26.25,0.0,2,42.49741742180482
3664,161.25,-26.25,26.25,0.0,2,43.974735519911434
3665,163.75,-26.25,26.25,0.0,2,45.77084256461839
3666,166.25,-26.25,26.25,0.0,2,48.323236867340455
3667,168.75,-26.25,26.25,0.0,2,51.46997811120288
3668,171.25,-26.25,26.25,0.0,2,54.8535330798455
3669,173.75,-26.25,26.25,0.0,2,58.24804050150029
3670,176.25,-26.25,26.25,0.0,2,61.34282401305919
3671,178.75,-26.25,26.25,0.0,2,63.70800286723655
3672,181.25,-26.25,26.25,0.0,2,65.48955574573769
3673,183.75,-26.25,26.25,0.0,2,66.69823162239292
3674,186.25,-26.25,26.25,0.0,2,67.5676072782954
3675,188.75,-26.25,26.25,0.0,2,67.706108879056
3676,191.25,-26.25,26.25,0.0,2,67.33975283373348
3677,193.75,-26.25,26.25,0.0,2,66.53137676575574
3678,196.25,-26.25,26.25,0.0,2,65.53982682049454
3679,198.75,-26.25,26.25,0.0,2,64.00148095700087
3680,201.25,-26.25,26.25,0.0,2,62.45792959659966
3681,203.75,-26.25,26.25,0.0,2,61.144072444324834
3682,206.25,-26.25,26.25,0.0,2,60.181382057113794
3683,208.75,-26.25,26.25,0.0,2,60.02854156769643
3684,211.25,-26.25,26.25,0.0,2,60.51834438531398
3685,213.75,-26.25,26.25,0.0,2,61.01921186612973
3686,216.25,-26.25,26.25,0.0,2,61.4192362034661
3687,218.75,-26.25,26.25,0.0,2,61.54201332434329
3688,221.25,-26.25,26.25,0.0,2,61.876848254083804
3689,223.75,-26.25,26.25,0.0,2,62.00935012785727
3690,226.25,-26.25,26.25,0.0,2,62.35449185405908
3691,228.75,-26.25,26.25,0.0,2,62.479215759154016
3692,231.25,-26.25,26.25,0.0,2,62.75640856092823
3693,233.75,-26.25,26.25,0.0,2,62.59017121623212
3694,236.25,-26.25,26.25,0.0,2,62.40381765726186
3695,238.75,-26.25,26.25,0.0,2,61.54042684872489
3696,241.25,-26.25,26.25,0.0,2,60.045766989484676
3697,243.75,-26.25,26.25,0.0,2,57.85140902580173
3698,246.25,-26.25,26.25,0.0,2,55.74456327103142
3699,248.75,-26.25,26.25,0.0,2,53.555129362138175
3700,251.25,-26.25,26.25,0.0,2,51.45068753153925
3701,253.75,-26.25,26.25,0.0,2,48.9966556891881
3702,256.25,-26.25,26.25,0.0,2,46.8525003512821
3703,258.75,-26.25,26.25,0.0,2,45.12816433632847
3704,261.25,-26.25,26.25,0.0,2,43.56524741253435
3705,263.75,-26.25,26.25,0.0,2,41.99265580079565
3706,266.25,-26.25,26.25,0.0,2,40.531916606707526
3707,268.75,-26.25,26.25,0.0,2,38.921282236830415
3708,271.25,-26.25,26.25,0.0,2,37.2764170207193
3709,273.75,-26.25,26.25,0.0,2,35.48821884954613
3710,276.25,-26.25,26.25,0.0,2,33.15558123405507
3711,278.75,-26.25,26.25,0.0,2,30.9457676441966
3712,281.25,-26.25,26.25,0.0,1,27.230831080744238
3713,283.75,-26.25,26.25,0.0,1,24.032474676233413
3714,286.25,-26.25,26.25,0.0,1,16.204028219887174
3715,288.75,-26.25,26.25,0.0,1,24.316085046144927
3716,291.25,-26.25,26.25,1.0,0,39.866799909276
3717,293.75,-26.25,26.25,1.0,0,31.243303779685323
3718,296.25,-26.25,26.25,1.0,0,22.554494326261423
3719,298.75,-26.25,26.25,1.0,0,16.00261287786972
3720,301.25,-26.25,26.25,1.0,0,14.056852332129102
3721,303.75,-26.25,26.25,1.0,0,12.546411581257768
3722,306.25,-26.25,26.25,1.0,0,16.1161796689131
3723,308.75,-26.25,26.25,1.0,0,25.327724869674935
3724,311.25,-26.25,26.25,1.0,0,32.44651169410268
3725,313.75,-26.25,26.25,0.0,1,33.77539060447246
3726,316.25,-26.25,26.25,0.0,1,34.65607194547113
3727,318.75,-26.25,26.25,0.0,1,35.86596418380263
3728,321.25,-26.25,26.25,0.0,1,37.22437549370963
3729,323.75,-26.25,26.25,0.0,1,37.84191998612636
3730,326.25,-26.25,26.25,0.0,1,38.67365208183061
3731,328.75,-26.25,26.25,0.0,1,39.63139619799468
3732,331.25,-26.25,26.25,0.0,1,40.785745886126485
3733,333.75,-26.25,26.25,0.0,1,41.89014008751333
3734,336.25,-26.25,26.25,0.0,1,42.6124872220043
3735,338.75,-26.25,26.25,0.0,1,42.93317696377683
3736,341.25,-26.25,26.25,0.0,1,42.71525823422725
3737,343.75,-26.25,26.25,0.0,1,42.19404702927236
3738,346.25,-26.25,26.25,0.0,1,41.08823374619176
3739,348.75,-26.25,26.25,0.0,1,39.644596963487835
3740,351.25,-26.25,26.25,0.0,1,37.58503024917504
3741,353.75,-26.25,26.25,0.0,1,34.89834727288482
3742,356.25,-26.25,26.25,0.0,1,31.44207107249026
3743,358.75,-26.25,26.25,0.0,1,27.880059831276593
3744,1.25,-23.75,23.75,0.0,1,22.656946892891796
3745,3.75,-23.75,23.75,0.0,1,22.37885402937412
3746,6.25,-23.75,23.75,0.0,1,21.79971049877186
3747,8.75,-23.75,23.75,0.0,1,20.695070571140025
3748,11.25,-23.75,23.75,0.0,1,19.186359907489372
3749,13.75,-23.75,23.75,0.0,1,18.24597602185561
3750,16.25,-23.75,23.75,1.0,0,15.477215453730743
3751,18.75,-23.75,23.75,1.0,0,11.030426232527239
3752,21.25,-23.75,23.75,1.0,0,8.681916167298562
3753,23.75,-23.75,23.75,1.0,0,7.367105279614656
3754,26.25,-23.75,23.75,1.0,0,9.812084205927187
3755,28.75,-23.75,23.75,1.0,0,15.238315991660208
3756,31.25,-23.75,23.75,1.0,0,14.240553556961299
3757,33.75,-23.75,23.75,1.0,0,13.524201699577844
3758,36.25,-23.75,23.75,0.0,3,19.16306306023056
3759,38.75,-23.75,23.75,0.0,3,23.255424664727222
3760,41.25,-23.75,23.75,0.0,3,23.402619481126557
3761,43.75,-23.75,23.75,0.0,0,20.132822000759948
3762,46.25,-23.75,23.75,1.0,0,21.024421543113736
3763,48.75,-23.75,23.75,0.0,3,29.414906745243634
3764,51.25,-23.75,23.75,0.0,3,34.5404205183332
3765,53.75,-23.75,23.75,0.0,3,37.74503505868725
3766,56.25,-23.75,23.75,0.0,3,39.90424461256201
3767,58.75,-23.75,23.75,0.0,3,41.06586043287113
3768,61.25,-23.75,23.75,0.0,3,41.920688040987514
3769,63.75,-23.75,23.75,0.0,3,42.183328468257876
3770,66.25,-23.75,23.75,0.0,3,42.58017883948878
3771,68.75,-23.75,23.75,0.0,3,42.568484877208434
3772,71.25,-23.75,23.75,0.0,3,42.31584640750171
3773,73.75,-23.75,23.75,0.0,3,41.72981621204786
3774,76.25,-23.75,23.75,0.0,3,41.1126320553712
3775,78.75,-23.75,23.75,0.0,3,40.579381615036624
3776,81.25,-23.75,23.75,0.0,3,40.40593454756614
3777,83.75,-23.75,23.75,0.0,3,40.493416418585326
3778,86.25,-23.75,23.75,0.0,3,40.97056098753473
3779,88.75,-23.75,23.75,0.0,3,41.48214043973459
3780,91.25,-23.75,23.75,0.0,3,41.91786134269857
3781,93.75,-23.75,23.75,0.0,3,41.936845516321775
3782,96.25,-23.75,23.75,0.0,3,41.68946590057191
3783,98.75,-23.75,23.75,0.0,3,41.49012908533896
3784,101.25,-23.75,23.75,0.0,3,41.59343831906014
3785,103.75,-23.75,23.75,0.0,3,42.07474368292141
3786,106.25,-23.75,23.75,0.0,3,42.83003851532579
3787,108.75,-23.75,23.75,0.0,3,42.93722053744353
3788,111.25,-23.75,23.75,0.0,3,41.47350828463548
3789,113.75,-23.75,23.75,1.0,0,37.06794294640458
3790,116.25,-23.75,23.75,1.0,0,30.986953057011227
3791,118.75,-23.75,23.75,1.0,0,30.628474801207748
3792,121.25,-23.75,23.75,1.0,0,32.08748485013731
3793,123.75,-23.75,23.75,1.0,0,32.3165826276947
3794,126.25,-23.75,23.75,1.0,0,32.34148348899111
3795,128.75,-23.75,23.75,1.0,0,34.23353567494389
3796,131.25,-23.75,23.75,1.0,0,37.67028457042991
3797,133.75,-23.75,23.75,1.0,0,40.14812826123287
3798,136.25,-23.75,23.75,1.0,0,38.986551182000895
3799,138.75,-23.75,23.75,1.0,0,36.50851482172085
3800,141.25,-23.75,23.75,1.0,0,33.99643337471581
3801,143.75,-23.75,23.75,1.0,0,34.25149130401467
3802,146.25,-23.75,23.75,1.0,0,36.72838532014004
3803,148.75,-23.75,23.75,1.0,0,38.397489917224604
3804,151.25,-23.75,23.75,0.0,2,40.23522882337094
3805,153.75,-23.75,23.75,0.0,2,42.212888926998836
3806,156.25,-23.75,23.75,0.0,2,43.59613374461569
3807,158.75,-23.75,23.75,0.0,2,44.316153710468605
3808,161.25,-23.75,23.75,0.0,2,44.90575552189456
3809,163.75,-23.75,23.75,0.0,2,45.9068009301123
3810,166.25,-23.75,23.75,0.0,2,47.68306756963206
3811,168.75,-23.75,23.75,0.0,2,50.09597661607854
3812,171.25,-23.75,23.75,0.0,2,52.842666741258604
3813,173.75,-23.75,23.75,0.0,2,55.710710005311874
3814,176.25,-23.75,23.75,0.0,2,58.27963046588958
3815,178.75,-23.75,23.75,0.0,2,60.098111536412226
3816,181.25,-23.75,23.75,0.0,2,61.44123546316081
3817,183.75,-23.75,23.75,0.0,2,62.406568358049
3818,186.25,-23.75,23.75,0.0,2,62.97509770400775
3819,188.75,-23.75,23.75,0.0,2,63.049341793070866
3820,191.25,-23.75,23.75,0.0,2,62.75826973609316
3821,193.75,-23.75,23.75,0.0,2,62.28457203944153
3822,196.25,-23.75,23.75,0.0,2,61.42355691274165
3823,198.75,-23.75,23.75,0.0,2,60.02818031619382
3824,201.25,-23.75,23.75,0.0,2,58.90087547681564
3825,203.75,-23.75,23.75,0.0,2,58.3404833437118
3826,206.25,-23.75,23.75,0.0,2,58.327350153461495
3827,208.75,-23.75,23.75,0.0,2,58.76200048289834
3828,211.25,-23.75,23.75,0.0,2,59.39182650574367
3829,213.75,-23.75,23.75,0.0,2,59.94390462447412
3830,216.25,-23.75,23.75,0.0,2,60.25878753538595
3831,218.75,-23.75,23.75,0.0,2,60.563898282465274
3832,221.25,-23.75,23.75,0.0,2,60.88442585073652
3833,223.75,-23.75,23.75,0.0,2,60.77801472971597
3834,226.25,-23.75,23.75,0.0,2,60.83035134525334
3835,228.75,-23.75,23.75,0.0,2,60.711135687122535
3836,231.25,-23.75,23.75,0.0,2,60.45235536051836
3837,233.75,-23.75,23.75,0.0,2,59.815712078538674
3838,236.25,-23.75,23.75,0.0,2,58.794879723877045
3839,238.75,-23.75,23.75,0.0,2,57.13331340618434
3840,241.25,-23.75,23.75,0.0,2,55.2247709776508
3841,243.75,-23.75,23.75,0.0,2,52.81979938030909
3842,246.25,-23.75,23.75,0.0,2,50.51356906031306
3843,248.75,-23.75,23.75,0.0,2,48.17389718131062
3844,251.25,-23.75,23.75,0.0,2,45.67764727122604
3845,253.75,-23.75,23.75,0.0,2,43.28987589181924
3846,256.25,-23.75,23.75,0.0,2,41.28636279687777
3847,258.75,-23.75,23.75,0.0,2,39.47519957262243
3848,261.25,-23.75,23.75,0.0,2,37.95327600070742
3849,263.75,-23.75,23.75,0.0,2,36.49240848504524
3850,266.25,-23.75,23.75,0.0,2,35.16210370572328
3851,268.75,-23.75,23.75,0.0,2,33.632916488218996
3852,271.25,-23.75,23.75,0.0,2,32.41677482641925
3853,273.75,-23.75,23.75,0.0,2,30.579790673581506
3854,276.25,-23.75,23.75,0.0,2,29.33473070831799
3855,278.75,-23.75,23.75,0.0,2,26.338419449520142
3856,281.25,-23.75,23.75,0.0,1,24.07603636572804
3857,283.75,-23.75,23.75,0.0,1,20.608453793168433
3858,286.25,-23.75,23.75,0.0,1,16.473969905225523
3859,288.75,-23.75,23.75,0.0,1,17.8088435639716
3860,291.25,-23.75,23.75,1.0,0,46.54969162931938
3861,293.75,-23.75,23.75,1.0,0,42.59063629250078
3862,296.25,-23.75,23.75,1.0,0,21.233180639444054
3863,298.75,-23.75,23.75,1.0,0,11.324861763639037
3864,301.25,-23.75,23.75,1.0,0,7.015906329204052
3865,303.75,-23.75,23.75,1.0,0,5.053824728549357
3866,306.25,-23.75,23.75,1.0,0,7.956368228656249
3867,308.75,-23.75,23.75,1.0,0,16.94919154716127
3868,311.25,-23.75,23.75,1.0,0,23.75757232284648
3869,313.75,-23.75,23.75,0.0,1,28.60011810806981
3870,316.25,-23.75,23.75,0.0,1,31.559727669455597
3871,318.75,-23.75,23.75,0.0,1,32.076673512204295
3872,321.25,-23.75,23.75,0.0,1,33.930320284685315
3873,323.75,-23.75,23.75,0.0,1,35.18129938900668
3874,326.25,-23.75,23.75,0.0,1,36.674778405199234
3875,328.75,-23.75,23.75,0.0,1,37.849505548214594
3876,331.25,-23.75,23.75,0.0,1,38.8901316424797
3877,333.75,-23.75,23.75,0.0,1,39.4042655548817
3878,336.25,-23.75,23.75,0.0,1,39.44797330560763
3879,338.75,-23.75,23.75,0.0,1,38.958217546159375
3880,341.25,-23.75,23.75,0.0,1,37.954764240473935
3881,343.75,-23.75,23.75,0.0,1,36.45950495017335
3882,346.25,-23.75,23.75,0.0,1,34.319430520545815
3883,348.75,-23.75,23.75,0.0,1,31.792935819608047
3884,351.25,-23.75,23.75,0.0,1,28.780946673481974
3885,353.75,-23.75,23.75,0.0,1,26.116918957835924
3886,356.25,-23.75,23.75,0.0,1,23.719728113903383
3887,358.75,-23.75,23.75,0.0,1,22.74287803166879
3888,1.25,-21.25,21.25,0.0,1,20.792315705181792
3889,3.75,-21.25,21.25,0.0,1,20.358678236189547
3890,6.25,-21.25,21.25,0.0,1,19.4929987642001
3891,8.75,-21.25,21.25,0.0,1,18.05230690562202
3892,11.25,-21.25,21.25,0.0,1,16.7855082759242
3893,13.75,-21.25,21.25,0.0,1,16.033770987077197
3894,16.25,-21.25,21.25,1.0,0,12.631014975340662
3895,18.75,-21.25,21.25,1.0,0,12.306454673714448
3896,21.25,-21.25,21.25,1.0,0,7.604963095598805
3897,23.75,-21.25,21.25,1.0,0,4.30547394079451
3898,26.25,-21.25,21.25,1.0,0,5.553586880487076
3899,28.75,-21.25,21.25,1.0,0,9.954302248463891
3900,31.25,-21.25,21.25,1.0,0,10.311904181557097
3901,33.75,-21.25,21.25,1.0,0,10.484937879977126
3902,36.25,-21.25,21.25,0.0,3,17.358119161297534
3903,38.75,-21.25,21.25,0.0,3,21.832993236996682
3904,41.25,-21.25,21.25,0.0,3,22.899307592901273
3905,43.75,-21.25,21.25,0.0,3,21.251753975067075
3906,46.25,-21.25,21.25,1.0,0,24.18146870388355
3907,48.75,-21.25,21.25,0.0,3,32.90263296382257
3908,51.25,-21.25,21.25,0.0,3,36.09433176496808
3909,53.75,-21.25,21.25,0.0,3,38.51930944755665
3910,56.25,-21.25,21.25,0.0,3,39.34387366970198
3911,58.75,-21.25,21.25,0.0,3,39.680615464035284
3912,61.25,-21.25,21.25,0.0,3,39.82757100667686
3913,63.75,-21.25,21.25,0.0,3,40.09767416110966
3914,66.25,-21.25,21.25,0.0,3,40.13301586639239
3915,68.75,-21.25,21.25,0.0,3,40.23778138111005
3916,71.25,-21.25,21.25,0.0,3,40.1529075361475
3917,73.75,-21.25,21.25,0.0,3,39.72933869485061
3918,76.25,-21.25,21.25,0.0,3,39.266639895606986
3919,78.75,-21.25,21.25,0.0,3,38.794583800372294
3920,81.25,-21.25,21.25,0.0,3,38.76169120440826
3921,83.75,-21.25,21.25,0.0,3,38.956093483861686
3922,86.25,-21.25,21.25,0.0,3,39.51095143300016
3923,88.75,-21.25,21.25,0.0,3,40.02649122595428
3924,91.25,-21.25,21.25,0.0,3,40.44512334200756
3925,93.75,-21.25,21.25,0.0,3,40.557640807261926
3926,96.25,-21.25,21.25,0.0,3,40.489676534205735
3927,98.75,-21.25,21.25,0.0,3,40.70377570915171
3928,101.25,-21.25,21.25,0.0,3,41.13274216804069
3929,103.75,-21.25,21.25,0.0,3,41.58068236255251
3930,106.25,-21.25,21.25,0.0,3,42.0031605461099
3931,108.75,-21.25,21.25,0.0,3,42.46339336302164
3932,111.25,-21.25,21.25,0.0,3,41.7874453599481
3933,113.75,-21.25,21.25,0.0,3,38.86552459951674
3934,116.25,-21.25,21.25,0.0,3,34.38813555747775
3935,118.75,-21.25,21.25,1.0,0,31.419164427382373
3936,121.25,-21.25,21.25,1.0,0,30.803882458730804
3937,123.75,-21.25,21.25,1.0,0,29.719164957017973
3938,126.25,-21.25,21.25,1.0,0,29.7210934672598
3939,128.75,-21.25,21.25,1.0,0,31.824962281880858
3940,131.25,-21.25,21.25,1.0,0,35.866474364205565
3941,133.75,-21.25,21.25,1.0,0,38.38905696884817
3942,136.25,-21.25,21.25,1.0,0,38.29126851358835
3943,138.75,-21.25,21.25,1.0,0,36.402511237703905
3944,141.25,-21.25,21.25,1.0,0,34.702908026498186
3945,143.75,-21.25,21.25,1.0,0,35.90655277783609
3946,146.25,-21.25,21.25,1.0,0,38.618972885802215
3947,148.75,-21.25,21.25,0.0,0,41.37805254605877
3948,151.25,-21.25,21.25,0.0,2,43.756057975101825
3949,153.75,-21.25,21.25,0.0,2,44.98064381975926
3950,156.25,-21.25,21.25,0.0,2,45.782907641411114
3951,158.75,-21.25,21.25,0.0,2,46.19298950725837
3952,161.25,-21.25,21.25,0.0,2,46.561589798541505
3953,163.75,-21.25,21.25,0.0,2,46.79602933593213
3954,166.25,-21.25,21.25,0.0,2,48.03713421422556
3955,168.75,-21.25,21.25,0.0,2,49.53848539759226
3956,171.25,-21.25,21.25,0.0,2,51.626670260700024
3957,173.75,-21.25,21.25,0.0,2,53.95930192588469
3958,176.25,-21.25,21.25,0.0,2,55.72186739666734
3959,178.75,-21.25,21.25,0.0,2,57.17162568573077
3960,181.25,-21.25,21.25,0.0,2,58.212684914691636
3961,183.75,-21.25,21.25,0.0,2,58.86466116223862
3962,186.25,-21.25,21.25,0.0,2,58.9033717550998
3963,188.75,-21.25,21.25,0.0,2,58.71433821222743
3964,191.25,-21.25,21.25,0.0,2,58.37944932740215
3965,193.75,-21.25,21.25,0.0,2,58.154253990757375
3966,196.25,-21.25,21.25,0.0,2,57.65445900653599
3967,198.75,-21.25,21.25,0.0,2,56.8961701400512
3968,201.25,-21.25,21.25,0.0,2,56.411882016184634
3969,203.75,-21.25,21.25,0.0,2,56.54684629296149
3970,206.25,-21.25,21.25,0.0,2,56.88060464801477
3971,208.75,-21.25,21.25,0.0,2,57.384865754382645
3972,211.25,-21.25,21.25,0.0,2,57.80610120794116
3973,213.75,-21.25,21.25,0.0,2,58.35540670040182
3974,216.25,-21.25,21.25,0.0,2,58.593325403963455
3975,218.75,-21.25,21.25,0.0,2,58.584611229890086
3976,221.25,-21.25,21.25,0.0,2,58.30482851720816
3977,223.75,-21.25,21.25,0.0,2,57.97274089054595
3978,226.25,-21.25,21.25,0.0,2,57.36610966232576
3979,228.75,-21.25,21.25,0.0,2,56.59154762101783
3980,231.25,-21.25,21.25,0.0,2,55.53551445204157
3981,233.75,-21.25,21.25,0.0,2,54.148865473143694
3982,236.25,-21.25,21.25,0.0,2,52.50313770782832
3983,238.75,-21.25,21.25,0.0,2,50.71930311871492
3984,241.25,-21.25,21.25,0.0,2,48.63785738946788
3985,243.75,-21.25,21.25,0.0,2,46.53357268774504
3986,246.25,-21.25,21.25,0.0,2,44.30069526713855
3987,248.75,-21.25,21.25,0.0,2,42.05893925527854
3988,251.25,-21.25,21.25,0.0,2,39.96445334162524
3989,253.75,-21.25,21.25,0.0,2,37.789912902892965
3990,256.25,-21.25,21.25,0.0,2,35.89301136177191
3991,258.75,-21.25,21.25,0.0,2,34.420082442536035
3992,261.25,-21.25,21.25,0.0,2,33.01170942167931
3993,263.75,-21.25,21.25,0.0,2,31.77811580763458
3994,266.25,-21.25,21.25,0.0,2,30.5012650405465
3995,268.75,-21.25,21.25,0.0,2,29.299373076483473
3996,271.25,-21.25,21.25,0.0,2,28.222904955988135
3997,273.75,-21.25,21.25,0.0,2,26.85630508721197
3998,276.25,-21.25,21.25,0.0,2,25.469519805632995
3999,278.75,-21.25,21.25,0.0,2,23.01632158348012
4000,281.25,-21.25,21.25,0.0,1,21.593593181717043
4001,283.75,-21.25,21.25,0.0,1,18.162381678449616
4002,286.25,-21.25,21.25,0.0,1,17.95204398257147
4003,288.75,-21.25,21.25,0.0,1,17.41376721581671
4004,291.25,-21.25,21.25,1.0,0,47.96770072221255
4005,293.75,-21.25,21.25,1.0,0,55.44540737703852
4006,296.25,-21.25,21.25,1.0,0,22.495984676534654
4007,298.75,-21.25,21.25,1.0,0,7.587283092851788
4008,301.25,-21.25,21.25,1.0,0,2.4549739135751687
4009,303.75,-21.25,21.25,1.0,0,0.6620666805312252
4010,306.25,-21.25,21.25,1.0,0,3.556239610072923
4011,308.75,-21.25,21.25,1.0,0,8.979071514623959
4012,311.25,-21.25,21.25,1.0,0,17.175381489337948
4013,313.75,-21.25,21.25,1.0,0,24.9964667695044
4014,316.25,-21.25,21.25,1.0,0,28.70446582760153
4015,318.75,-21.25,21.25,0.0,1,30.762060074030135
4016,321.25,-21.25,21.25,0.0,1,32.73149696153312
4017,323.75,-21.25,21.25,0.0,1,33.8481777064703
4018,326.25,-21.25,21.25,0.0,1,34.9282204240675
4019,328.75,-21.25,21.25,0.0,1,35.41979493836436
4020,331.25,-21.25,21.25,0.0,1,35.591966140202025
4021,333.75,-21.25,21.25,0.0,1,35.03230304561718
4022,336.25,-21.25,21.25,0.0,1,33.79002651313812
4023,338.75,-21.25,21.25,0.0,1,32.06663605025558
4024,341.25,-21.25,21.25,0.0,1,29.84467448339079
4025,343.75,-21.25,21.25,0.0,1,27.414890269834782
4026,346.25,-21.25,21.25,0.0,1,25.040711455763436
4027,348.75,-21.25,21.25,0.0,1,23.1595979324338
4028,351.25,-21.25,21.25,0.0,1,21.84045345829588
4029,353.75,-21.25,21.25,0.0,1,21.027894716600226
4030,356.25,-21.25,21.25,0.0,1,20.937791428732186
4031,358.75,-21.25,21.25,0.0,1,21.01129539818876
4032,1.25,-18.75,18.75,0.0,1,18.636466852865283
4033,3.75,-18.75,18.75,0.0,1,17.754040432852385
4034,6.25,-18.75,18.75,0.0,1,16.64930438252657
4035,8.75,-18.75,18.75,0.0,1,14.625123262432432
4036,11.25,-18.75,18.75,0.0,1,13.374462843263117
4037,13.75,-18.75,18.75,1.0,0,12.255042879062803
4038,16.25,-18.75,18.75,1.0,0,7.125740107142334
4039,18.75,-18.75,18.75,1.0,0,3.464740071152747
4040,21.25,-18.75,18.75,1.0,0,3.045016362782979
4041,23.75,-18.75,18.75,1.0,0,2.5211686446968242
4042,26.25,-18.75,18.75,1.0,0,2.6484136813116597
4043,28.75,-18.75,18.75,1.0,0,6.600970093591034
4044,31.25,-18.75,18.75,1.0,0,9.72873305719591
4045,33.75,-18.75,18.75,1.0,0,7.843316257843078
4046,36.25,-18.75,18.75,0.0,3,11.430951015857408
4047,38.75,-18.75,18.75,0.0,3,18.09586288144913
4048,41.25,-18.75,18.75,0.0,3,22.491480432582367
4049,43.75,-18.75,18.75,0.0,3,21.482010543308977
4050,46.25,-18.75,18.75,1.0,0,25.60224750436142
4051,48.75,-18.75,18.75,0.0,3,34.996120653037224
4052,51.25,-18.75,18.75,0.0,3,36.78976258612349
4053,53.75,-18.75,18.75,0.0,3,37.61830019014234
4054,56.25,-18.75,18.75,0.0,3,38.031132295649556
4055,58.75,-18.75,18.75,0.0,3,37.97895265526947
4056,61.25,-18.75,18.75,0.0,3,37.87755918169957
4057,63.75,-18.75,18.75,0.0,3,37.73147468789873
4058,66.25,-18.75,18.75,0.0,3,37.94897104023756
4059,68.75,-18.75,18.75,0.0,3,38.24517895521568
4060,71.25,-18.75,18.75,0.0,3,38.221105559496074
4061,73.75,-18.75,18.75,0.0,3,37.98755320394414
4062,76.25,-18.75,18.75,0.0,3,37.7467616524921
4063,78.75,-18.75,18.75,0.0,3,37.73312640620131
4064,81.25,-18.75,18.75,0.0,3,37.732301521052726
4065,83.75,-18.75,18.75,0.0,3,38.01554116042747
4066,86.25,-18.75,18.75,0.0,3,38.45889658652121
4067,88.75,-18.75,18.75,0.0,3,39.02659801825617
4068,91.25,-18.75,18.75,0.0,3,39.53180669188908
4069,93.75,-18.75,18.75,0.0,3,39.860129150101386
4070,96.25,-18.75,18.75,0.0,3,40.196892275759325
4071,98.75,-18.75,18.75,0.0,3,40.42365486058975
4072,101.25,-18.75,18.75,0.0,3,40.46346031255526
4073,103.75,-18.75,18.75,0.0,3,40.369346667946104
4074,106.25,-18.75,18.75,0.0,3,40.44865532960605
4075,108.75,-18.75,18.75,0.0,3,40.758170241338405
4076,111.25,-18.75,18.75,0.0,3,40.5217564933035
4077,113.75,-18.75,18.75,0.0,3,39.343721884055334
4078,116.25,-18.75,18.75,0.0,3,37.44599269865359
4079,118.75,-18.75,18.75,0.0,3,35.94308208098297
4080,121.25,-18.75,18.75,0.0,2,34.321524811894214
4081,123.75,-18.75,18.75,1.0,0,31.520894001755455
4082,126.25,-18.75,18.75,1.0,0,31.340242689749843
4083,128.75,-18.75,18.75,1.0,0,31.924360884070555
4084,131.25,-18.75,18.75,1.0,0,33.021278028041166
4085,133.75,-18.75,18.75,1.0,0,34.19612066332884
4086,136.25,-18.75,18.75,1.0,0,34.77496079045704
4087,138.75,-18.75,18.75,1.0,0,34.123078822534
4088,141.25,-18.75,18.75,1.0,0,34.275600380780034
4089,143.75,-18.75,18.75,1.0,0,38.140332473304284
4090,146.25,-18.75,18.75,0.0,2,42.32589683544939
4091,148.75,-18.75,18.75,0.0,2,43.95295496569882
4092,151.25,-18.75,18.75,0.0,2,45.16231569840366
4093,153.75,-18.75,18.75,0.0,2,46.01103494933474
4094,156.25,-18.75,18.75,0.0,2,46.608920612715906
4095,158.75,-18.75,18.75,0.0,2,47.0205708627998
4096,161.25,-18.75,18.75,0.0,2,47.55979290132122
4097,163.75,-18.75,18.75,0.0,2,47.92082244415952
4098,166.25,-18.75,18.75,0.0,2,48.39003791435186
4099,168.75,-18.75,18.75,0.0,2,49.264235664280875
4100,171.25,-18.75,18.75,0.0,2,51.39943084103698
4101,173.75,-18.75,18.75,0.0,2,53.00482521964976
4102,176.25,-18.75,18.75,0.0,2,53.32738374754989
4103,178.75,-18.75,18.75,0.0,2,54.16701360348798
4104,181.25,-18.75,18.75,0.0,2,55.28707323457338
4105,183.75,-18.75,18.75,0.0,2,55.708997713764546
4106,186.25,-18.75,18.75,0.0,2,55.68101377711618
4107,188.75,-18.75,18.75,0.0,2,55.28424000898044
4108,191.25,-18.75,18.75,0.0,2,54.77251562171734
4109,193.75,-18.75,18.75,0.0,2,54.31065299674432
4110,196.25,-18.75,18.75,0.0,2,53.944425949528224
4111,198.75,-18.75,18.75,0.0,2,53.59212557389857
4112,201.25,-18.75,18.75,0.0,2,53.454404109347
4113,203.75,-18.75,18.75,0.0,2,53.8171216946184
4114,206.25,-18.75,18.75,0.0,2,54.13658095805843
4115,208.75,-18.75,18.75,0.0,2,54.48366662535195
4116,211.25,-18.75,18.75,0.0,2,54.65796505884031
4117,213.75,-18.75,18.75,0.0,2,54.84086336484325
4118,216.25,-18.75,18.75,0.0,2,54.662548119069406
4119,218.75,-18.75,18.75,0.0,2,54.26749197644779
4120,221.25,-18.75,18.75,0.0,2,53.62514631430627
4121,223.75,-18.75,18.75,0.0,2,52.9083181995216
4122,226.25,-18.75,18.75,0.0,2,52.13749673366485
4123,228.75,-18.75,18.75,0.0,2,51.17923718494143
4124,231.25,-18.75,18.75,0.0,2,49.99923536908699
4125,233.75,-18.75,18.75,0.0,2,48.65566059919527
4126,236.25,-18.75,18.75,0.0,2,47.194977100432475
4127,238.75,-18.75,18.75,0.0,2,45.522023026544424
4128,241.25,-18.75,18.75,0.0,2,43.746487142932914
4129,243.75,-18.75,18.75,0.0,2,41.59914347826857
4130,246.25,-18.75,18.75,0.0,2,39.612110995325864
4131,248.75,-18.75,18.75,0.0,2,37.54398262099253
4132,251.25,-18.75,18.75,0.0,2,35.414927050704534
4133,253.75,-18.75,18.75,0.0,2,33.63922178786336
4134,256.25,-18.75,18.75,0.0,2,31.876399395630806
4135,258.75,-18.75,18.75,0.0,2,30.453349191709833
4136,261.25,-18.75,18.75,0.0,2,29.03062789230521
4137,263.75,-18.75,18.75,0.0,2,27.92301879395442
4138,266.25,-18.75,18.75,0.0,2,26.71031782402798
4139,268.75,-18.75,18.75,0.0,2,25.691136840295883
4140,271.25,-18.75,18.75,0.0,2,24.563166159959057
4141,273.75,-18.75,18.75,0.0,2,23.33415005468944
4142,276.25,-18.75,18.75,0.0,2,21.935349163489725
4143,278.75,-18.75,18.75,0.0,2,20.37431912792285
4144,281.25,-18.75,18.75,0.0,1,18.589416964223183
4145,283.75,-18.75,18.75,0.0,1,16.531747602260374
4146,286.25,-18.75,18.75,0.0,1,15.511727340511692
4147,288.75,-18.75,18.75,0.0,1,26.644795656964554
4148,291.25,-18.75,18.75,1.0,0,53.32945812019135
4149,293.75,-18.75,18.75,1.0,0,53.67823210229729
4150,296.25,-18.75,18.75,1.0,0,17.337115064744346
4151,298.75,-18.75,18.75,1.0,0,5.509323445891257
4152,301.25,-18.75,18.75,1.0,0,0.4887547275142385
4153,303.75,-18.75,18.75,1.0,0,-1.332604177202968
4154,306.25,-18.75,18.75,1.0,0,2.692450593658893
4155,308.75,-18.75,18.75,1.0,0,7.605321746656331
4156,311.25,-18.75,18.75,1.0,0,13.106491449030264
4157,313.75,-18.75,18.75,1.0,0,17.715071081699282
4158,316.25,-18.75,18.75,1.0,0,23.876582144643958
4159,318.75,-18.75,18.75,1.0,0,29.64389353941157
4160,321.25,-18.75,18.75,0.0,1,31.807526952797677
4161,323.75,-18.75,18.75,0.0,1,32.35549748630514
4162,326.25,-18.75,18.75,0.0,1,32.27598707005862
4163,328.75,-18.75,18.75,0.0,1,31.625494508536086
4164,331.25,-18.75,18.75,0.0,1,30.261544536739446
4165,333.75,-18.75,18.75,0.0,1,28.38096521644686
4166,336.25,-18.75,18.75,0.0,1,26.296114743882978
4167,338.75,-18.75,18.75,0.0,1,24.436771211760675
4168,341.25,-18.75,18.75,0.0,1,22.670465085539963
4169,343.75,-18.75,18.75,0.0,1,21.281301799881717
4170,346.25,-18.75,18.75,0.0,1,20.297330487815653
4171,348.75,-18.75,18.75,0.0,1,19.800279367378806
4172,351.25,-18.75,18.75,0.0,1,19.5081614733937
4173,353.75,-18.75,18.75,0.0,1,19.433943698457988
4174,356.25,-18.75,18.75,0.0,1,19.26801009091421
4175,358.75,-18.75,18.75,0.0,1,18.864879296998076
4176,1.25,-16.25,16.25,0.0,1,15.947941531171285
4177,3.75,-16.25,16.25,0.0,1,15.122999961330564
4178,6.25,-16.25,16.25,0.0,1,14.070770023700764
4179,8.75,-16.25,16.25,0.0,1,11.932423920102183
4180,11.25,-16.25,16.25,0.0,1,10.895163809927126
4181,13.75,-16.25,16.25,1.0,0,9.09633248696309
4182,16.25,-16.25,16.25,1.0,0,6.15144398511399
4183,18.75,-16.25,16.25,1.0,0,4.610597083149113
4184,21.25,-16.25,16.25,1.0,0,5.778027765241889
4185,23.75,-16.25,16.25,1.0,0,5.059845085447167
4186,26.25,-16.25,16.25,1.0,0,4.027059120353405
4187,28.75,-16.25,16.25,1.0,0,1.2325621363647536
4188,31.25,-16.25,16.25,1.0,0,0.8268010617224527
4189,33.75,-16.25,16.25,1.0,0,1.693006957698306
4190,36.25,-16.25,16.25,1.0,0,5.92104729123655
4191,38.75,-16.25,16.25,0.0,0,13.310151113567104
4192,41.25,-16.25,16.25,0.0,3,21.509622826022685
4193,43.75,-16.25,16.25,0.0,3,22.13259322792258
4194,46.25,-16.25,16.25,0.0,3,22.77458404241202
4195,48.75,-16.25,16.25,1.0,0,30.289801719072813
4196,51.25,-16.25,16.25,0.0,3,37.272967964398696
4197,53.75,-16.25,16.25,0.0,3,35.75386272297025
4198,56.25,-16.25,16.25,0.0,3,35.87610169586878
4199,58.75,-16.25,16.25,0.0,3,35.52510410838215
4200,61.25,-16.25,16.25,0.0,3,35.748157729492334
4201,63.75,-16.25,16.25,0.0,3,35.65285874855045
4202,66.25,-16.25,16.25,0.0,3,35.633690284744354
4203,68.75,-16.25,16.25,0.0,3,36.056968838220975
4204,71.25,-16.25,16.25,0.0,3,36.314207594723776
4205,73.75,-16.25,16.25,0.0,3,36.70324939565276
4206,76.25,-16.25,16.25,0.0,3,36.87779989525884
4207,78.75,-16.25,16.25,0.0,3,36.936872600409835
4208,81.25,-16.25,16.25,0.0,3,36.84543959235157
4209,83.75,-16.25,16.25,0.0,3,36.870000746781926
4210,86.25,-16.25,16.25,0.0,3,37.240140486054
4211,88.75,-16.25,16.25,0.0,3,37.83352581564397
4212,91.25,-16.25,16.25,0.0,3,38.54750825909112
4213,93.75,-16.25,16.25,0.0,3,39.128450981888335
4214,96.25,-16.25,16.25,0.0,3,39.35626586418443
4215,98.75,-16.25,16.25,0.0,3,39.22221778197588
4216,101.25,-16.25,16.25,0.0,3,38.844111157077016
4217,103.75,-16.25,16.25,0.0,3,38.18303739966061
4218,106.25,-16.25,16.25,0.0,3,37.56629040102267
4219,108.75,-16.25,16.25,0.0,3,37.4074539446757
4220,111.25,-16.25,16.25,0.0,3,37.45215425077293
4221,113.75,-16.25,16.25,0.0,3,37.28825820417013
4222,116.25,-16.25,16.25,0.0,3,36.936984081168745
4223,118.75,-16.25,16.25,0.0,3,36.89907445232555
4224,121.25,-16.25,16.25,0.0,2,36.78058171161098
4225,123.75,-16.25,16.25,0.0,0,35.068042977808076
4226,126.25,-16.25,16.25,1.0,0,33.56367392831111
4227,128.75,-16.25,16.25,1.0,0,31.74938805000136
4228,131.25,-16.25,16.25,1.0,0,30.892001511848704
4229,133.75,-16.25,16.25,1.0,0,31.216621136318018
4230,136.25,-16.25,16.25,1.0,0,32.665860115559354
4231,138.75,-16.25,16.25,0.0,2,34.278960599836026
4232,141.25,-16.25,16.25,0.0,2,33.582310333245346
4233,143.75,-16.25,16.25,1.0,0,38.63303020212445
4234,146.25,-16.25,16.25,0.0,2,43.442374632689294
4235,148.75,-16.25,16.25,0.0,2,43.95890360549233
4236,151.25,-16.25,16.25,0.0,2,44.851153334476805
4237,153.75,-16.25,16.25,0.0,2,45.49553351627062
4238,156.25,-16.25,16.25,0.0,2,46.050274137095926
4239,158.75,-16.25,16.25,0.0,2,46.89099944152947
4240,161.25,-16.25,16.25,0.0,2,47.569533711090855
4241,163.75,-16.25,16.25,0.0,2,47.776331920504944
4242,166.25,-16.25,16.25,0.0,2,47.548285428868354
4243,168.75,-16.25,16.25,0.0,2,49.16159347442407
4244,171.25,-16.25,16.25,0.0,2,51.08305811727912
4245,173.75,-16.25,16.25,0.0,2,51.69426757086095
4246,176.25,-16.25,16.25,0.0,2,51.34156242568842
4247,178.75,-16.25,16.25,0.0,2,51.655935030307184
4248,181.25,-16.25,16.25,0.0,2,52.310755316376046
4249,183.75,-16.25,16.25,0.0,2,52.12227662604887
4250,186.25,-16.25,16.25,0.0,2,51.94236474688474
4251,188.75,-16.25,16.25,0.0,2,51.33669041701274
4252,191.25,-16.25,16.25,0.0,2,50.79247815023743
4253,193.75,-16.25,16.25,0.0,2,50.16815819938093
4254,196.25,-16.25,16.25,0.0,2,49.751798342469876
4255,198.75,-16.25,16.25,0.0,2,49.45061299958676
4256,201.25,-16.25,16.25,0.0,2,49.38691850393336
4257,203.75,-16.25,16.25,0.0,2,49.614187602511194
4258,206.25,-16.25,16.25,0.0,2,49.96929986942899
4259,208.75,-16.25,16.25,0.0,2,49.996092073475864
4260,211.25,-16.25,16.25,0.0,2,49.98061902054909
4261,213.75,-16.25,16.25,0.0,2,49.81202596510265
4262,216.25,-16.25,16.25,0.0,2,49.579837044669375
4263,218.75,-16.25,16.25,0.0,2,49.13838727557415
4264,221.25,-16.25,16.25,0.0,2,48.72344498071845
4265,223.75,-16.25,16.25,0.0,2,48.37476484400552
4266,226.25,-16.25,16.25,0.0,2,47.81370072043792
4267,228.75,-16.25,16.25,0.0,2,47.03502519647788
4268,231.25,-16.25,16.25,0.0,2,46.029256307097356
4269,233.75,-16.25,16.25,0.0,2,44.69613203466741
4270,236.25,-16.25,16.25,0.0,2,43.339328660340584
4271,238.75,-16.25,16.25,0.0,2,41.623680365948886
4272,241.25,-16.25,16.25,0.0,2,39.77467028503799
4273,243.75,-16.25,16.25,0.0,2,37.653434570249274
4274,246.25,-16.25,16.25,0.0,2,35.50740987262719
4275,248.75,-16.25,16.25,0.0,2,33.455871974218226
4276,251.25,-16.25,16.25,0.0,2,31.61924289248771
4277,253.75,-16.25,16.25,0.0,2,29.71414784760472
4278,256.25,-16.25,16.25,0.0,2,28.15939982005815
4279,258.75,-16.25,16.25,0.0,2,26.73800282636913
4280,261.25,-16.25,16.25,0.0,2,25.42601339579377
4281,263.75,-16.25,16.25,0.0,2,24.19136820831008
4282,266.25,-16.25,16.25,0.0,2,22.914301491805023
4283,268.75,-16.25,16.25,0.0,2,21.858058749280826
4284,271.25,-16.25,16.25,0.0,2,20.702058683470675
4285,273.75,-16.25,16.25,0.0,2,19.77421704183005
4286,276.25,-16.25,16.25,0.0,2,18.54041885676594
4287,278.75,-16.25,16.25,0.0,2,17.289231528621443
4288,281.25,-16.25,16.25,0.0,1,15.131692669110809
4289,283.75,-16.25,16.25,0.0,1,16.87746634610078
4290,286.25,-16.25,16.25,0.0,1,31.474641198887557
4291,288.75,-16.25,16.25,1.0,0,54.5517896046174
4292,291.25,-16.25,16.25,1.0,0,57.388145888937395
4293,293.75,-16.25,16.25,1.0,0,30.3021881686321
4294,296.25,-16.25,16.25,1.0,0,5.558289332614704
4295,298.75,-16.25,16.25,1.0,0,2.8966144830650475
4296,301.25,-16.25,16.25,1.0,0,0.08667998478138025
4297,303.75,-16.25,16.25,1.0,0,-0.3503875201907125
4298,306.25,-16.25,16.25,1.0,0,3.9557551822240757
4299,308.75,-16.25,16.25,1.0,0,6.824555986089618
4300,311.25,-16.25,16.25,1.0,0,11.002288854794504
4301,313.75,-16.25,16.25,1.0,0,13.596848633143797
4302,316.25,-16.25,16.25,1.0,0,20.621347268429712
4303,318.75,-16.25,16.25,1.0,0,25.98725803048632
4304,321.25,-16.25,16.25,0.0,1,29.831778049242313
4305,323.75,-16.25,16.25,0.0,1,30.299247540167645
4306,326.25,-16.25,16.25,0.0,1,29.274738192115624
4307,328.75,-16.25,16.25,0.0,1,28.0766838486129
4308,331.25,-16.25,16.25,0.0,1,26.400550275242498
4309,333.75,-16.25,16.25,0.0,1,24.524868199969816
4310,336.25,-16.25,16.25,0.0,1,23.138827419908687
4311,338.75,-16.25,16.25,0.0,1,22.011156615928908
4312,341.25,-16.25,16.25,0.0,1,21.175935734439793
4313,343.75,-16.25,16.25,0.0,1,20.247995775277705
4314,346.25,-16.25,16.25,0.0,1,19.53649680988093
4315,348.75,-16.25,16.25,0.0,1,18.826087441715625
4316,351.25,-16.25,16.25,0.0,1,18.27618568367795
4317,353.75,-16.25,16.25,0.0,1,17.61766252622148
4318,356.25,-16.25,16.25,0.0,1,17.08330749395969
4319,358.75,-16.25,16.25,0.0,1,16.65389487604233
4320,1.25,-13.75,13.75,0.0,1,13.87588963456642
4321,3.75,-13.75,13.75,0.0,1,13.220922884583837
4322,6.25,-13.75,13.75,0.0,1,12.091145306854836
4323,8.75,-13.75,13.75,0.0,1,10.966393681605373
4324,11.25,-13.75,13.75,0.0,1,10.827821889530362
4325,13.75,-13.75,13.75,1.0,0,12.583118900618912
4326,16.25,-13.75,13.75,1.0,0,17.39363443048953
4327,18.75,-13.75,13.75,1.0,0,18.16121522374218
4328,21.25,-13.75,13.75,1.0,0,12.299236869014582
4329,23.75,-13.75,13.75,1.0,0,11.247317472622978
4330,26.25,-13.75,13.75,1.0,0,12.712812550209653
4331,28.75,-13.75,13.75,1.0,0,5.3448855377390245
4332,31.25,-13.75,13.75,1.0,0,-0.567822976925728
4333,33.75,-13.75,13.75,1.0,0,2.7834305480246733
4334,36.25,-13.75,13.75,1.0,0,5.895377941985637
4335,38.75,-13.75,13.75,1.0,0,9.276084755662584
4336,41.25,-13.75,13.75,0.0,3,20.964945618725263
4337,43.75,-13.75,13.75,0.0,3,23.5212278310245
4338,46.25,-13.75,13.75,0.0,3,22.68916733494737
4339,48.75,-13.75,13.75,1.0,0,26.359489862993605
4340,51.25,-13.75,13.75,0.0,3,34.23719818756792
4341,53.75,-13.75,13.75,0.0,3,32.21610584318615
4342,56.25,-13.75,13.75,0.0,3,32.399526809409
4343,58.75,-13.75,13.75,0.0,3,32.35835736780224
4344,61.25,-13.75,13.75,0.0,3,32.664927529339394
4345,63.75,-13.75,13.75,0.0,3,32.74134960394686
4346,66.25,-13.75,13.75,0.0,3,32.84925290456271
4347,68.75,-13.75,13.75,0.0,3,33.12944184632464
4348,71.25,-13.75,13.75,0.0,3,33.43786542226852
4349,73.75,-13.75,13.75,0.0,3,34.08968628094148
4350,76.25,-13.75,13.75,0.0,3,34.400729055939266
4351,78.75,-13.75,13.75,0.0,3,34.579609301501826
4352,81.25,-13.75,13.75,0.0,3,34.535088172655044
4353,83.75,-13.75,13.75,0.0,3,34.65963983891125
4354,86.25,-13.75,13.75,0.0,3,35.3655682566027
4355,88.75,-13.75,13.75,0.0,3,36.296143314870655
4356,91.25,-13.75,13.75,0.0,3,37.268627299993156
4357,93.75,-13.75,13.75,0.0,3,37.60815668905317
4358,96.25,-13.75,13.75,0.0,3,37.38651122869635
4359,98.75,-13.75,13.75,0.0,3,36.71140640672963
4360,101.25,-13.75,13.75,0.0,3,35.950962152255734
4361,103.75,-13.75,13.75,0.0,3,35.120181506862636
4362,106.25,-13.75,13.75,0.0,3,34.303590051792085
4363,108.75,-13.75,13.75,0.0,3,33.83173563111169
4364,111.25,-13.75,13.75,0.0,3,33.772502578897374
4365,113.75,-13.75,13.75,0.0,3,33.79494502116865
4366,116.25,-13.75,13.75,0.0,3,34.23118514348481
4367,118.75,-13.75,13.75,0.0,3,34.575698555750954
4368,121.25,-13.75,13.75,0.0,2,34.9471222076834
4369,123.75,-13.75,13.75,0.0,2,35.10429579060449
4370,126.25,-13.75,13.75,0.0,2,33.984587435255754
4371,128.75,-13.75,13.75,0.0,2,32.091458902648085
4372,131.25,-13.75,13.75,1.0,0,30.581612736777487
4373,133.75,-13.75,13.75,1.0,0,29.941806690334303
4374,136.25,-13.75,13.75,1.0,0,32.2197822701792
4375,138.75,-13.75,13.75,0.0,2,35.07044478023558
4376,141.25,-13.75,13.75,0.0,2,34.170816742893905
4377,143.75,-13.75,13.75,0.0,2,38.86878485066721
4378,146.25,-13.75,13.75,0.0,2,41.895190998594835
4379,148.75,-13.75,13.75,0.0,2,42.906288341628375
4380,151.25,-13.75,13.75,0.0,2,44.065518144560585
4381,153.75,-13.75,13.75,0.0,2,44.436008491028424
4382,156.25,-13.75,13.75,0.0,2,44.93935942481546
4383,158.75,-13.75,13.75,0.0,2,45.777804001088946
4384,161.25,-13.75,13.75,0.0,2,46.643038473057814
4385,163.75,-13.75,13.75,0.0,2,47.07914459791655
4386,166.25,-13.75,13.75,0.0,2,47.239212183865256
4387,168.75,-13.75,13.75,0.0,2,48.719785119833915
4388,171.25,-13.75,13.75,0.0,2,49.33155285291919
4389,173.75,-13.75,13.75,0.0,2,49.48890912423235
4390,176.25,-13.75,13.75,0.0,2,49.27691387884211
4391,178.75,-13.75,13.75,0.0,2,49.02474135098004
4392,181.25,-13.75,13.75,0.0,2,48.46198066855057
4393,183.75,-13.75,13.75,0.0,2,47.94386920176457
4394,186.25,-13.75,13.75,0.0,2,47.53918741149245
4395,188.75,-13.75,13.75,0.0,2,47.06426922144721
4396,191.25,-13.75,13.75,0.0,2,46.520218260698684
4397,193.75,-13.75,13.75,0.0,2,45.79716630965198
4398,196.25,-13.75,13.75,0.0,2,45.26649104815263
4399,198.75,-13.75,13.75,0.0,2,45.05558523240906
4400,201.25,-13.75,13.75,0.0,2,45.0580792004273
4401,203.75,-13.75,13.75,0.0,2,45.123970767410796
4402,206.25,-13.75,13.75,0.0,2,45.19282344572569
4403,208.75,-13.75,13.75,0.0,2,45.05540095652388
4404,211.25,-13.75,13.75,0.0,2,44.88015218195798
4405,213.75,-13.75,13.75,0.0,2,44.71432520052557
4406,216.25,-13.75,13.75,0.0,2,44.56827724813071
4407,218.75,-13.75,13.75,0.0,2,44.461199876412174
4408,221.25,-13.75,13.75,0.0,2,44.17539011435519
4409,223.75,-13.75,13.75,0.0,2,43.77613918575526
4410,226.25,-13.75,13.75,0.0,2,43.31158803465952
4411,228.75,-13.75,13.75,0.0,2,42.66582086407283
4412,231.25,-13.75,13.75,0.0,2,41.7811274077859
4413,233.75,-13.75,13.75,0.0,2,40.672230928745066
4414,236.25,-13.75,13.75,0.0,2,39.1080256480585
4415,238.75,-13.75,13.75,0.0,2,37.42324792702242
4416,241.25,-13.75,13.75,0.0,2,35.48079239326404
4417,243.75,-13.75,13.75,0.0,2,33.45924168256896
4418,246.25,-13.75,13.75,0.0,2,31.623854431473415
4419,248.75,-13.75,13.75,0.0,2,29.716379073347422
4420,251.25,-13.75,13.75,0.0,2,27.94310499500645
4421,253.75,-13.75,13.75,0.0,2,26.193900967069652
4422,256.25,-13.75,13.75,0.0,2,24.6134131250233
4423,258.75,-13.75,13.75,0.0,2,22.91617910094514
4424,261.25,-13.75,13.75,0.0,2,21.566559365778105
4425,263.75,-13.75,13.75,0.0,2,20.127834940069974
4426,266.25,-13.75,13.75,0.0,2,19.191792039205335
4427,268.75,-13.75,13.75,0.0,2,18.033166456365276
4428,271.25,-13.75,13.75,0.0,2,17.302093461481384
4429,273.75,-13.75,13.75,0.0,2,16.11333975925909
4430,276.25,-13.75,13.75,0.0,2,15.331542114680152
4431,278.75,-13.75,13.75,0.0,2,13.72138244375059
4432,281.25,-13.75,13.75,0.0,1,13.926194951715589
4433,283.75,-13.75,13.75,0.0,1,30.0199365096512
4434,286.25,-13.75,13.75,1.0,0,56.51014863025833
4435,288.75,-13.75,13.75,1.0,0,59.84506250394145
4436,291.25,-13.75,13.75,1.0,0,28.172082869072593
4437,293.75,-13.75,13.75,1.0,0,5.324737652174928
4438,296.25,-13.75,13.75,1.0,0,2.125269100328649
4439,298.75,-13.75,13.75,1.0,0,2.0251346199503244
4440,301.25,-13.75,13.75,1.0,0,0.5183073891666732
4441,303.75,-13.75,13.75,1.0,0,1.3074163049084404
4442,306.25,-13.75,13.75,1.0,0,3.1332617122052078
4443,308.75,-13.75,13.75,1.0,0,1.5994349431727484
4444,311.25,-13.75,13.75,1.0,0,8.203542137128785
4445,313.75,-13.75,13.75,1.0,0,10.77448046275181
4446,316.25,-13.75,13.75,1.0,0,15.211531721573257
4447,318.75,-13.75,13.75,1.0,0,22.59818278578273
4448,321.25,-13.75,13.75,0.0,1,29.685042677113785
4449,323.75,-13.75,13.75,0.0,1,29.07248058322622
4450,326.25,-13.75,13.75,0.0,1,28.363866643784224
4451,328.75,-13.75,13.75,0.0,1,27.90817127417325
4452,331.25,-13.75,13.75,0.0,1,26.84749052059253
4453,333.75,-13.75,13.75,0.0,1,25.625540806169646
4454,336.25,-13.75,13.75,0.0,1,24.513282024250763
4455,338.75,-13.75,13.75,0.0,1,23.17865943544761
4456,341.25,-13.75,13.75,0.0,1,21.864658651614782
4457,343.75,-13.75,13.75,0.0,1,20.36393942095148
4458,346.25,-13.75,13.75,0.0,1,19.13609660950205
4459,348.75,-13.75,13.75,0.0,1,17.954764177317884
4460,351.25,-13.75,13.75,0.0,1,17.018783473540807
4461,353.75,-13.75,13.75,0.0,1,15.990042899785207
4462,356.25,-13.75,13.75,0.0,1,15.345943721964016
4463,358.75,-13.75,13.75,0.0,1,14.27244294772027
4464,1.25,-11.25,11.25,0.0,1,12.52308503410283
4465,3.75,-11.25,11.25,0.0,1,11.62788025920806
4466,6.25,-11.25,11.25,0.0,1,11.692717727815944
4467,8.75,-11.25,11.25,0.0,1,10.552759831623945
4468,11.25,-11.25,11.25,0.0,1,10.447102625381437
4469,13.75,-11.25,11.25,1.0,0,14.626975940111741
4470,16.25,-11.25,11.25,1.0,0,20.838747727248755
4471,18.75,-11.25,11.25,1.0,0,20.50317730941597
4472,21.25,-11.25,11.25,1.0,0,16.09593486677997
4473,23.75,-11.25,11.25,1.0,0,16.927408094399606
4474,26.25,-11.25,11.25,1.0,0,15.819954712497687
4475,28.75,-11.25,11.25,1.0,0,10.625111626623125
4476,31.25,-11.25,11.25,1.0,0,5.308868590843768
4477,33.75,-11.25,11.25,1.0,0,5.649099141923336
4478,36.25,-11.25,11.25,1.0,0,3.5522754183866194
4479,38.75,-11.25,11.25,1.0,0,10.05664001400586
4480,41.25,-11.25,11.25,0.0,3,22.423228752278852
4481,43.75,-11.25,11.25,0.0,3,24.050532515308184
4482,46.25,-11.25,11.25,0.0,3,24.206322568196406
4483,48.75,-11.25,11.25,0.0,3,25.35900275617858
4484,51.25,-11.25,11.25,0.0,3,27.64263523687023
4485,53.75,-11.25,11.25,0.0,3,27.113323165871503
4486,56.25,-11.25,11.25,0.0,3,27.153578246766262
4487,58.75,-11.25,11.25,0.0,3,27.214448708195818
4488,61.25,-11.25,11.25,0.0,3,27.770980214330606
4489,63.75,-11.25,11.25,0.0,3,28.16595560524202
4490,66.25,-11.25,11.25,0.0,3,28.312505802995922
4491,68.75,-11.25,11.25,0.0,3,28.55128691755788
4492,71.25,-11.25,11.25,0.0,3,28.685639308993988
4493,73.75,-11.25,11.25,0.0,3,29.366479484799378
4494,76.25,-11.25,11.25,0.0,3,29.94789312307386
4495,78.75,-11.25,11.25,0.0,3,30.371142398481485
4496,81.25,-11.25,11.25,0.0,3,30.761003764711866
4497,83.75,-11.25,11.25,0.0,3,31.30402902995439
4498,86.25,-11.25,11.25,0.0,3,32.26961672390085
4499,88.75,-11.25,11.25,0.0,3,33.65456742350992
4500,91.25,-11.25,11.25,0.0,3,34.879632280918464
4501,93.75,-11.25,11.25,0.0,3,35.32716444683121
4502,96.25,-11.25,11.25,0.0,3,34.92241054690963
4503,98.75,-11.25,11.25,0.0,3,34.07460971612248
4504,101.25,-11.25,11.25,0.0,3,33.049122548159076
4505,103.75,-11.25,11.25,0.0,3,31.722204723277457
4506,106.25,-11.25,11.25,0.0,3,30.81495940625169
4507,108.75,-11.25,11.25,0.0,3,30.42673237705683
4508,111.25,-11.25,11.25,0.0,3,30.40101125996401
4509,113.75,-11.25,11.25,0.0,3,30.69120325076699
4510,116.25,-11.25,11.25,0.0,3,31.08715913984534
4511,118.75,-11.25,11.25,0.0,3,31.81502946035107
4512,121.25,-11.25,11.25,0.0,2,32.431266243084856
4513,123.75,-11.25,11.25,0.0,2,32.53949204392246
4514,126.25,-11.25,11.25,0.0,2,33.15491903417813
4515,128.75,-11.25,11.25,0.0,2,33.64213137807881
4516,131.25,-11.25,11.25,0.0,2,32.451157055745156
4517,133.75,-11.25,11.25,0.0,2,31.711183437844504
4518,136.25,-11.25,11.25,0.0,2,32.73398691858806
4519,138.75,-11.25,11.25,0.0,2,34.20696514432301
4520,141.25,-11.25,11.25,0.0,2,34.70140861111986
4521,143.75,-11.25,11.25,0.0,2,36.91908685798225
4522,146.25,-11.25,11.25,0.0,2,38.61810760564984
4523,148.75,-11.25,11.25,0.0,2,41.33885229494267
4524,151.25,-11.25,11.25,0.0,2,43.42293587712769
4525,153.75,-11.25,11.25,0.0,2,43.706781992490676
4526,156.25,-11.25,11.25,0.0,2,43.46576780625055
4527,158.75,-11.25,11.25,0.0,2,43.9439454625286
4528,161.25,-11.25,11.25,0.0,2,45.11533495512788
4529,163.75,-11.25,11.25,0.0,2,46.17095125650753
4530,166.25,-11.25,11.25,0.0,2,46.3474047156691
4531,168.75,-11.25,11.25,0.0,2,46.55226827419774
4532,171.25,-11.25,11.25,0.0,2,46.380972805109714
4533,173.75,-11.25,11.25,0.0,2,46.09912208172608
4534,176.25,-11.25,11.25,0.0,2,45.60498959225505
4535,178.75,-11.25,11.25,0.0,2,45.14390151219661
4536,181.25,-11.25,11.25,0.0,2,44.386503711132704
4537,183.75,-11.25,11.25,0.0,2,43.70885769234969
4538,186.25,-11.25,11.25,0.0,2,43.00801722572113
4539,188.75,-11.25,11.25,0.0,2,42.6243743336073
4540,191.25,-11.25,11.25,0.0,2,42.02827204719602
4541,193.75,-11.25,11.25,0.0,2,41.53779815806056
4542,196.25,-11.25,11.25,0.0,2,41.03611312095851
4543,198.75,-11.25,11.25,0.0,2,40.776464253282654
4544,201.25,-11.25,11.25,0.0,2,40.58788351886681
4545,203.75,-11.25,11.25,0.0,2,40.49693746056932
4546,206.25,-11.25,11.25,0.0,2,40.34900127480309
4547,208.75,-11.25,11.25,0.0,2,40.14233081867057
4548,211.25,-11.25,11.25,0.0,2,39.80826834148444
4549,213.75,-11.25,11.25,0.0,2,39.556716908516485
4550,216.25,-11.25,11.25,0.0,2,39.287011710530315
4551,218.75,-11.25,11.25,0.0,2,39.00233827303495
4552,221.25,-11.25,11.25,0.0,2,38.56319897790029
4553,223.75,-11.25,11.25,0.0,2,38.16500994024756
4554,226.25,-11.25,11.25,0.0,2,37.46552719845107
4555,228.75,-11.25,11.25,0.0,2,36.75662876162606
4556,231.25,-11.25,11.25,0.0,2,35.899128235417926
4557,233.75,-11.25,11.25,0.0,2,34.92479769815619
4558,236.25,-11.25,11.25,0.0,2,33.85523506296496
4559,238.75,-11.25,11.25,0.0,2,32.5244232022244
4560,241.25,-11.25,11.25,0.0,2,31.08646387777128
4561,243.75,-11.25,11.25,0.0,2,29.586578220763492
4562,246.25,-11.25,11.25,0.0,2,27.91035973402373
4563,248.75,-11.25,11.25,0.0,2,26.472536234601563
4564,251.25,-11.25,11.25,0.0,2,24.879116484968016
4565,253.75,-11.25,11.25,0.0,2,23.271065374306517
4566,256.25,-11.25,11.25,0.0,2,21.720570543643106
4567,258.75,-11.25,11.25,0.0,2,20.307767762562648
4568,261.25,-11.25,11.25,0.0,2,19.001418183932344
4569,263.75,-11.25,11.25,0.0,2,17.59061848530125
4570,266.25,-11.25,11.25,0.0,2,16.42300796486712
4571,268.75,-11.25,11.25,0.0,2,15.19614261623939
4572,271.25,-11.25,11.25,0.0,2,14.146924961097248
4573,273.75,-11.25,11.25,0.0,2,13.02236009027606
4574,276.25,-11.25,11.25,0.0,2,12.740268680492687
4575,278.75,-11.25,11.25,0.0,2,10.71032658001936
4576,281.25,-11.25,11.25,0.0,1,20.783717221864435
4577,283.75,-11.25,11.25,1.0,0,42.65196458452383
4578,286.25,-11.25,11.25,1.0,0,36.10190270657958
4579,288.75,-11.25,11.25,1.0,0,13.650595445992463
4580,291.25,-11.25,11.25,1.0,0,5.71170540014708
4581,293.75,-11.25,11.25,1.0,0,6.446743597968477
4582,296.25,-11.25,11.25,1.0,0,4.717543137215558
4583,298.75,-11.25,11.25,1.0,0,2.5046172346851323
4584,301.25,-11.25,11.25,1.0,0,2.830472256272047
4585,303.75,-11.25,11.25,1.0,0,2.0224469336870117
4586,306.25,-11.25,11.25,1.0,0,2.176518175550177
4587,308.75,-11.25,11.25,1.0,0,-0.5074575296715408
4588,311.25,-11.25,11.25,1.0,0,3.448873130716906
4589,313.75,-11.25,11.25,1.0,0,7.29297333425518
4590,316.25,-11.25,11.25,1.0,0,11.769026373084554
4591,318.75,-11.25,11.25,1.0,0,19.761812753860333
4592,321.25,-11.25,11.25,1.0,0,26.050320610562196
4593,323.75,-11.25,11.25,0.0,1,28.22092908537747
4594,326.25,-11.25,11.25,0.0,1,28.73236620771018
4595,328.75,-11.25,11.25,0.0,1,28.093915000574317
4596,331.25,-11.25,11.25,0.0,1,27.286290710925016
4597,333.75,-11.25,11.25,0.0,1,25.975475451749464
4598,336.25,-11.25,11.25,0.0,1,24.767344688784092
4599,338.75,-11.25,11.25,0.0,1,23.38712152460849
4600,341.25,-11.25,11.25,0.0,1,21.70907466169142
4601,343.75,-11.25,11.25,0.0,1,20.061176274943573
4602,346.25,-11.25,11.25,0.0,1,18.270023406499647
4603,348.75,-11.25,11.25,0.0,1,17.05257555165319
4604,351.25,-11.25,11.25,0.0,1,15.72833217358454
4605,353.75,-11.25,11.25,0.0,1,14.798096486981994
4606,356.25,-11.25,11.25,0.0,1,13.6595987390753
4607,358.75,-11.25,11.25,0.0,1,12.874041262112852
4608,1.25,-8.75,8.75,0.0,1,11.364230803383828
4609,3.75,-8.75,8.75,0.0,1,11.098547952235357
4610,6.25,-8.75,8.75,0.0,1,10.559767712294317
4611,8.75,-8.75,8.75,0.0,1,10.224499510238706
4612,11.25,-8.75,8.75,0.0,1,10.051453229974063
4613,13.75,-8.75,8.75,1.0,0,13.14842732887831
4614,16.25,-8.75,8.75,1.0,0,16.28200587357931
4615,18.75,-8.75,8.75,1.0,0,18.31414707508143
4616,21.25,-8.75,8.75,1.0,0,17.788848958258445
4617,23.75,-8.75,8.75,1.0,0,17.167681720424305
4618,26.25,-8.75,8.75,1.0,0,13.09773575443925
4619,28.75,-8.75,8.75,1.0,0,13.113341841637613
4620,31.25,-8.75,8.75,1.0,0,9.270546394675058
4621,33.75,-8.75,8.75,1.0,0,3.5074675643150792
4622,36.25,-8.75,8.75,1.0,0,2.833042828564576
4623,38.75,-8.75,8.75,1.0,0,16.348638442783535
4624,41.25,-8.75,8.75,0.0,3,22.92428549565943
4625,43.75,-8.75,8.75,0.0,3,23.108612352211154
4626,46.25,-8.75,8.75,0.0,3,22.78583426746348
4627,48.75,-8.75,8.75,0.0,3,22.35887966414121
4628,51.25,-8.75,8.75,0.0,3,21.89205649748457
4629,53.75,-8.75,8.75,0.0,3,21.904691336109234
4630,56.25,-8.75,8.75,0.0,3,21.66225081455691
4631,58.75,-8.75,8.75,0.0,3,22.107842006188314
4632,61.25,-8.75,8.75,0.0,3,22.37073064552471
4633,63.75,-8.75,8.75,0.0,3,23.069212787345837
4634,66.25,-8.75,8.75,0.0,3,23.50630262254295
4635,68.75,-8.75,8.75,0.0,3,23.78205550476584
4636,71.25,-8.75,8.75,0.0,3,24.019828990231638
4637,73.75,-8.75,8.75,0.0,3,24.648196887021115
4638,76.25,-8.75,8.75,0.0,3,25.43240854124999
4639,78.75,-8.75,8.75,0.0,3,26.17513741693238
4640,81.25,-8.75,8.75,0.0,3,27.112758009472095
4641,83.75,-8.75,8.75,0.0,3,27.873549787464167
4642,86.25,-8.75,8.75,0.0,3,29.149706509264366
4643,88.75,-8.75,8.75,0.0,3,30.596960451281053
4644,91.25,-8.75,8.75,0.0,3,31.902580161944503
4645,93.75,-8.75,8.75,0.0,3,32.52986865870337
4646,96.25,-8.75,8.75,0.0,3,32.43548498404203
4647,98.75,-8.75,8.75,0.0,3,31.960430646624072
4648,101.25,-8.75,8.75,0.0,3,31.03837908130366
4649,103.75,-8.75,8.75,0.0,3,30.10567224246214
4650,106.25,-8.75,8.75,0.0,3,28.80037088799509
4651,108.75,-8.75,8.75,0.0,3,28.02806823227442
4652,111.25,-8.75,8.75,0.0,3,27.868491821889414
4653,113.75,-8.75,8.75,0.0,3,29.096236536126398
4654,116.25,-8.75,8.75,0.0,3,30.58618515908845
4655,118.75,-8.75,8.75,0.0,3,30.032535726130238
4656,121.25,-8.75,8.75,0.0,2,30.877861468444994
4657,123.75,-8.75,8.75,0.0,2,31.30935488305687
4658,126.25,-8.75,8.75,0.0,2,31.932671625898724
4659,128.75,-8.75,8.75,0.0,2,31.980074224261198
4660,131.25,-8.75,8.75,0.0,2,31.887957784084268
4661,133.75,-8.75,8.75,0.0,2,32.30403646654586
4662,136.25,-8.75,8.75,0.0,2,32.13128241800613
4663,138.75,-8.75,8.75,0.0,2,31.71674951755259
4664,141.25,-8.75,8.75,0.0,2,32.25586713439434
4665,143.75,-8.75,8.75,0.0,2,35.54103951855024
4666,146.25,-8.75,8.75,0.0,2,39.406804730233716
4667,148.75,-8.75,8.75,0.0,2,41.877347014455694
4668,151.25,-8.75,8.75,0.0,2,42.64300548894222
4669,153.75,-8.75,8.75,0.0,2,42.09840884932597
4670,156.25,-8.75,8.75,0.0,2,41.57054423694678
4671,158.75,-8.75,8.75,0.0,2,42.50933235877691
4672,161.25,-8.75,8.75,0.0,2,43.69512752733929
4673,163.75,-8.75,8.75,0.0,2,44.26594978172809
4674,166.25,-8.75,8.75,0.0,2,43.88123445178668
4675,168.75,-8.75,8.75,0.0,2,43.65245703368515
4676,171.25,-8.75,8.75,0.0,2,43.3787192285633
4677,173.75,-8.75,8.75,0.0,2,43.081889659979026
4678,176.25,-8.75,8.75,0.0,2,42.69116169086831
4679,178.75,-8.75,8.75,0.0,2,41.988488640292054
4680,181.25,-8.75,8.75,0.0,2,41.36681442547618
4681,183.75,-8.75,8.75,0.0,2,40.572948574354264
4682,186.25,-8.75,8.75,0.0,2,39.926403555888925
4683,188.75,-8.75,8.75,0.0,2,39.28699028206032
4684,191.25,-8.75,8.75,0.0,2,38.75281584682427
4685,193.75,-8.75,8.75,0.0,2,38.15745507265229
4686,196.25,-8.75,8.75,0.0,2,37.7117582194766
4687,198.75,-8.75,8.75,0.0,2,37.150468150650305
4688,201.25,-8.75,8.75,0.0,2,36.817313870197296
4689,203.75,-8.75,8.75,0.0,2,36.452051171970446
4690,206.25,-8.75,8.75,0.0,2,36.090077199645314
4691,208.75,-8.75,8.75,0.0,2,35.56542768097487
4692,211.25,-8.75,8.75,0.0,2,35.13777675769457
4693,213.75,-8.75,8.75,0.0,2,34.630354893980645
4694,216.25,-8.75,8.75,0.0,2,34.22224840188109
4695,218.75,-8.75,8.75,0.0,2,33.71019900500061
4696,221.25,-8.75,8.75,0.0,2,32.996056521870635
4697,223.75,-8.75,8.75,0.0,2,32.22724159397162
4698,226.25,-8.75,8.75,0.0,2,31.5716367717567
4699,228.75,-8.75,8.75,0.0,2,30.79816600188418
4700,231.25,-8.75,8.75,0.0,2,30.06106726162934
4701,233.75,-8.75,8.75,0.0,2,29.18926458781669
4702,236.25,-8.75,8.75,0.0,2,28.26550312641563
4703,238.75,-8.75,8.75,0.0,2,27.346169956348593
4704,241.25,-8.75,8.75,0.0,2,26.260269573144143
4705,243.75,-8.75,8.75,0.0,2,25.21871752313513
4706,246.25,-8.75,8.75,0.0,2,24.214802282368925
4707,248.75,-8.75,8.75,0.0,2,23.21854077671281
4708,251.25,-8.75,8.75,0.0,2,22.070983854533914
4709,253.75,-8.75,8.75,0.0,2,20.979200874426564
4710,256.25,-8.75,8.75,0.0,2,19.769726594448166
4711,258.75,-8.75,8.75,0.0,2,18.541642768746172
4712,261.25,-8.75,8.75,0.0,2,17.21559315730245
4713,263.75,-8.75,8.75,0.0,2,15.891283487243008
4714,266.25,-8.75,8.75,0.0,2,14.518349685230618
4715,268.75,-8.75,8.75,0.0,2,13.236169724104036
4716,271.25,-8.75,8.75,0.0,2,12.003074553836695
4717,273.75,-8.75,8.75,0.0,2,11.292103704338105
4718,276.25,-8.75,8.75,0.0,2,10.311857564636032
4719,278.75,-8.75,8.75,0.0,2,11.729668255962913
4720,281.25,-8.75,8.75,0.0,1,27.508367951478537
4721,283.75,-8.75,8.75,1.0,0,34.86870536556259
4722,286.25,-8.75,8.75,1.0,0,10.06155542095371
4723,288.75,-8.75,8.75,1.0,0,7.831318093581208
4724,291.25,-8.75,8.75,1.0,0,9.587037156879196
4725,293.75,-8.75,8.75,1.0,0,9.42177805425152
4726,296.25,-8.75,8.75,1.0,0,7.792065339514471
4727,298.75,-8.75,8.75,1.0,0,5.329626279122911
4728,301.25,-8.75,8.75,1.0,0,3.703629891723068
4729,303.75,-8.75,8.75,1.0,0,3.223220113949597
4730,306.25,-8.75,8.75,1.0,0,2.0709294715578337
4731,308.75,-8.75,8.75,1.0,0,-0.11686104460215095
4732,311.25,-8.75,8.75,1.0,0,0.6039982194413532
4733,313.75,-8.75,8.75,1.0,0,3.221307353742699
4734,316.25,-8.75,8.75,1.0,0,6.058933161533448
4735,318.75,-8.75,8.75,1.0,0,14.082223161264759
4736,321.25,-8.75,8.75,1.0,0,16.228868450434117
4737,323.75,-8.75,8.75,1.0,0,22.055303774534256
4738,326.25,-8.75,8.75,0.0,1,27.36139108076504
4739,328.75,-8.75,8.75,0.0,1,26.397287869532278
4740,331.25,-8.75,8.75,0.0,1,25.354397701743782
4741,333.75,-8.75,8.75,0.0,1,24.051730635761555
4742,336.25,-8.75,8.75,0.0,1,22.978949165779078
4743,338.75,-8.75,8.75,0.0,1,21.65214588967298
4744,341.25,-8.75,8.75,0.0,1,20.147084008848356
4745,343.75,-8.75,8.75,0.0,1,18.834817064052626
4746,346.25,-8.75,8.75,0.0,1,17.34176993023695
4747,348.75,-8.75,8.75,0.0,1,16.06497024219839
4748,351.25,-8.75,8.75,0.0,1,14.704758741552974
4749,353.75,-8.75,8.75,0.0,1,13.522033846717532
4750,356.25,-8.75,8.75,0.0,1,12.382430003616538
4751,358.75,-8.75,8.75,0.0,1,11.905174915885713
4752,1.25,-6.25,6.25,0.0,1,10.276070009998834
4753,3.75,-6.25,6.25,0.0,1,9.968146012889191
4754,6.25,-6.25,6.25,0.0,1,9.925139486586188
4755,8.75,-6.25,6.25,0.0,1,9.832085162520384
4756,11.25,-6.25,6.25,0.0,1,10.301801295877095
4757,13.75,-6.25,6.25,1.0,0,15.758289714728337
4758,16.25,-6.25,6.25,1.0,0,16.064049639608058
4759,18.75,-6.25,6.25,1.0,0,15.691916926909194
4760,21.25,-6.25,6.25,1.0,0,15.741973032651751
4761,23.75,-6.25,6.25,1.0,0,15.3242661130263
4762,26.25,-6.25,6.25,1.0,0,12.50803839529938
4763,28.75,-6.25,6.25,1.0,0,13.796078152678795
4764,31.25,-6.25,6.25,1.0,0,12.31146114544053
4765,33.75,-6.25,6.25,1.0,0,7.951254308620151
4766,36.25,-6.25,6.25,1.0,0,7.659774920444969
4767,38.75,-6.25,6.25,1.0,0,19.95225400750011
4768,41.25,-6.25,6.25,0.0,3,21.63632275242675
4769,43.75,-6.25,6.25,0.0,3,21.08090281392295
4770,46.25,-6.25,6.25,0.0,3,20.00750710999484
4771,48.75,-6.25,6.25,0.0,3,19.200889264423875
4772,51.25,-6.25,6.25,0.0,3,18.298922283553868
4773,53.75,-6.25,6.25,0.0,3,17.978991540230414
4774,56.25,-6.25,6.25,0.0,3,17.75021908259293
4775,58.75,-6.25,6.25,0.0,3,17.949823020220492
4776,61.25,-6.25,6.25,0.0,3,18.577682702676775
4777,63.75,-6.25,6.25,0.0,3,18.999561240199256
4778,66.25,-6.25,6.25,0.0,3,19.56437805423847
4779,68.75,-6.25,6.25,0.0,3,20.203068275401336
4780,71.25,-6.25,6.25,0.0,3,20.892323900010435
4781,73.75,-6.25,6.25,0.0,3,21.419319054686113
4782,76.25,-6.25,6.25,0.0,3,22.025831710469134
4783,78.75,-6.25,6.25,0.0,3,22.805284890630464
4784,81.25,-6.25,6.25,0.0,3,23.76264608440485
4785,83.75,-6.25,6.25,0.0,3,24.861901331607072
4786,86.25,-6.25,6.25,0.0,3,26.236301538354763
4787,88.75,-6.25,6.25,0.0,3,27.51342999930975
4788,91.25,-6.25,6.25,0.0,3,28.70452178318095
4789,93.75,-6.25,6.25,0.0,3,29.361561681166766
4790,96.25,-6.25,6.25,0.0,3,29.733495738582818
4791,98.75,-6.25,6.25,0.0,3,29.420445988464323
4792,101.25,-6.25,6.25,0.0,3,29.178456219698038
4793,103.75,-6.25,6.25,0.0,3,27.58973871460088
4794,106.25,-6.25,6.25,0.0,3,25.255191727230194
4795,108.75,-6.25,6.25,0.0,3,24.994801154061925
4796,111.25,-6.25,6.25,0.0,3,25.996611774567633
4797,113.75,-6.25,6.25,0.0,3,27.51369468374881
4798,116.25,-6.25,6.25,0.0,3,28.73076384716472
4799,118.75,-6.25,6.25,0.0,3,28.268656338392308
4800,121.25,-6.25,6.25,0.0,2,29.142868703091864
4801,123.75,-6.25,6.25,0.0,2,30.41672072298084
4802,126.25,-6.25,6.25,0.0,2,31.502679827014177
4803,128.75,-6.25,6.25,0.0,2,31.990659623859308
4804,131.25,-6.25,6.25,0.0,2,31.98769394630517
4805,133.75,-6.25,6.25,0.0,2,32.14890454127949
4806,136.25,-6.25,6.25,0.0,2,33.268381943921426
4807,138.75,-6.25,6.25,1.0,0,34.448075531165756
4808,141.25,-6.25,6.25,1.0,0,36.80413685698417
4809,143.75,-6.25,6.25,1.0,0,41.845017208430406
4810,146.25,-6.25,6.25,0.0,0,43.158917662545505
4811,148.75,-6.25,6.25,0.0,2,41.718694378343095
4812,151.25,-6.25,6.25,0.0,2,40.65755235669351
4813,153.75,-6.25,6.25,0.0,2,40.86637980571737
4814,156.25,-6.25,6.25,0.0,2,40.875610187424925
4815,158.75,-6.25,6.25,0.0,2,41.96202051659388
4816,161.25,-6.25,6.25,0.0,2,42.36584111079209
4817,163.75,-6.25,6.25,0.0,2,42.37385190923556
4818,166.25,-6.25,6.25,0.0,2,42.26503017457247
4819,168.75,-6.25,6.25,0.0,2,42.15178096343256
4820,171.25,-6.25,6.25,0.0,2,41.98514792605776
4821,173.75,-6.25,6.25,0.0,2,41.6973131976688
4822,176.25,-6.25,6.25,0.0,2,41.1813332793167
4823,178.75,-6.25,6.25,0.0,2,40.550500432214655
4824,181.25,-6.25,6.25,0.0,2,39.90626324225412
4825,183.75,-6.25,6.25,0.0,2,39.09174504762013
4826,186.25,-6.25,6.25,0.0,2,38.46109477566905
4827,188.75,-6.25,6.25,0.0,2,37.75385240376689
4828,191.25,-6.25,6.25,0.0,2,37.02596823715387
4829,193.75,-6.25,6.25,0.0,2,36.24348018170713
4830,196.25,-6.25,6.25,0.0,2,35.59080556154497
4831,198.75,-6.25,6.25,0.0,2,34.8943117872612
4832,201.25,-6.25,6.25,0.0,2,34.349327172945685
4833,203.75,-6.25,6.25,0.0,2,33.75658640136003
4834,206.25,-6.25,6.25,0.0,2,33.15974989595021
4835,208.75,-6.25,6.25,0.0,2,32.52317852486651
4836,211.25,-6.25,6.25,0.0,2,31.887494977396088
4837,213.75,-6.25,6.25,0.0,2,31.266767439580075
4838,216.25,-6.25,6.25,0.0,2,30.63043104577516
4839,218.75,-6.25,6.25,0.0,2,29.880417110307974
4840,221.25,-6.25,6.25,0.0,2,29.066398866129557
4841,223.75,-6.25,6.25,0.0,2,28.219508853562175
4842,226.25,-6.25,6.25,0.0,2,27.421337069221387
4843,228.75,-6.25,6.25,0.0,2,26.546151476587575
4844,231.25,-6.25,6.25,0.0,2,25.782701123557167
4845,233.75,-6.25,6.25,0.0,2,24.99448924918791
4846,236.25,-6.25,6.25,0.0,2,24.188133661938732
4847,238.75,-6.25,6.25,0.0,2,23.213600468831604
4848,241.25,-6.25,6.25,0.0,2,22.366326352596626
4849,243.75,-6.25,6.25,0.0,2,21.4807977107184
4850,246.25,-6.25,6.25,0.0,2,20.628576079533968
4851,248.75,-6.25,6.25,0.0,2,19.90013366485586
4852,251.25,-6.25,6.25,0.0,2,19.17392205167118
4853,253.75,-6.25,6.25,0.0,2,18.318788305289154
4854,256.25,-6.25,6.25,0.0,2,17.429603450284265
4855,258.75,-6.25,6.25,0.0,2,16.38249911366875
4856,261.25,-6.25,6.25,0.0,2,15.363111775337124
4857,263.75,-6.25,6.25,0.0,2,14.216939703483204
4858,266.25,-6.25,6.25,0.0,2,13.118136117428858
4859,268.75,-6.25,6.25,0.0,2,12.080144309513377
4860,271.25,-6.25,6.25,0.0,2,10.851898085331616
4861,273.75,-6.25,6.25,0.0,2,10.041814855623592
4862,276.25,-6.25,6.25,0.0,2,8.457692763322918
4863,278.75,-6.25,6.25,0.0,2,14.819414258417881
4864,281.25,-6.25,6.25,1.0,0,26.553187632175266
4865,283.75,-6.25,6.25,1.0,0,19.110021171316017
4866,286.25,-6.25,6.25,1.0,0,6.083796977828902
4867,288.75,-6.25,6.25,1.0,0,12.089577433082166
4868,291.25,-6.25,6.25,1.0,0,11.707979355449666
4869,293.75,-6.25,6.25,1.0,0,11.454691166759014
4870,296.25,-6.25,6.25,1.0,0,10.918877695979392
4871,298.75,-6.25,6.25,1.0,0,8.978152297401904
4872,301.25,-6.25,6.25,1.0,0,4.0241144111978455
4873,303.75,-6.25,6.25,1.0,0,0.15263260370117143
4874,306.25,-6.25,6.25,1.0,0,-1.7767521584193526
4875,308.75,-6.25,6.25,1.0,0,-3.3858613504886725
4876,311.25,-6.25,6.25,1.0,0,-4.62039271136816
4877,313.75,-6.25,6.25,1.0,0,-0.2930853924469241
4878,316.25,-6.25,6.25,1.0,0,4.430520432192069
4879,318.75,-6.25,6.25,1.0,0,9.370147824441608
4880,321.25,-6.25,6.25,1.0,0,10.059441527949804
4881,323.75,-6.25,6.25,1.0,0,16.736448455202023
4882,326.25,-6.25,6.25,0.0,1,24.503382632876335
4883,328.75,-6.25,6.25,0.0,1,23.77375795470576
4884,331.25,-6.25,6.25,0.0,1,22.528177148994637
4885,333.75,-6.25,6.25,0.0,1,21.217109781085227
4886,336.25,-6.25,6.25,0.0,1,20.111115247827538
4887,338.75,-6.25,6.25,0.0,1,19.279572422203213
4888,341.25,-6.25,6.25,0.0,1,18.216009634614974
4889,343.75,-6.25,6.25,0.0,1,17.012045630328423
4890,346.25,-6.25,6.25,0.0,1,15.770294491019802
4891,348.75,-6.25,6.25,0.0,1,14.494662160749197
4892,351.25,-6.25,6.25,0.0,1,13.435973517822635
4893,353.75,-6.25,6.25,0.0,1,12.125218319998579
4894,356.25,-6.25,6.25,0.0,1,11.51385697103292
4895,358.75,-6.25,6.25,0.0,1,10.757108664438247
4896,1.25,-3.75,3.75,0.0,1,9.505815788323325
4897,3.75,-3.75,3.75,0.0,1,9.649562213130013
4898,6.25,-3.75,3.75,0.0,1,9.48625036105951
4899,8.75,-3.75,3.75,0.0,1,9.582474986627338
4900,11.25,-3.75,3.75,0.0,1,12.417035992126074
4901,13.75,-3.75,3.75,1.0,0,16.586520580440105
4902,16.25,-3.75,3.75,1.0,0,15.045920750305621
4903,18.75,-3.75,3.75,1.0,0,14.50695280199135
4904,21.25,-3.75,3.75,1.0,0,15.136909131691032
4905,23.75,-3.75,3.75,1.0,0,15.031928330574267
4906,26.25,-3.75,3.75,1.0,0,16.336424790060168
4907,28.75,-3.75,3.75,1.0,0,21.90026316960694
4908,31.25,-3.75,3.75,1.0,0,18.381865230245506
4909,33.75,-3.75,3.75,1.0,0,13.75846403968919
4910,36.25,-3.75,3.75,1.0,0,11.599840057271125
4911,38.75,-3.75,3.75,1.0,0,21.142003917480444
4912,41.25,-3.75,3.75,0.0,3,20.622648858360314
4913,43.75,-3.75,3.75,0.0,3,19.188551113672396
4914,46.25,-3.75,3.75,0.0,3,18.270389679134976
4915,48.75,-3.75,3.75,0.0,3,17.068973101467822
4916,51.25,-3.75,3.75,0.0,3,16.17116553175501
4917,53.75,-3.75,3.75,0.0,3,15.601856079625453
4918,56.25,-3.75,3.75,0.0,3,15.444460980968612
4919,58.75,-3.75,3.75,0.0,3,15.52697671261682
4920,61.25,-3.75,3.75,0.0,3,16.135195794818962
4921,63.75,-3.75,3.75,0.0,3,16.769613016580042
4922,66.25,-3.75,3.75,0.0,3,17.547268866028
4923,68.75,-3.75,3.75,0.0,3,18.082523359539746
4924,71.25,-3.75,3.75,0.0,3,18.78620990058236
4925,73.75,-3.75,3.75,0.0,3,19.52968285573204
4926,76.25,-3.75,3.75,0.0,3,20.318024433295424
4927,78.75,-3.75,3.75,0.0,3,21.08719003254643
4928,81.25,-3.75,3.75,0.0,3,21.977492402601534
4929,83.75,-3.75,3.75,0.0,3,23.24509775281829
4930,86.25,-3.75,3.75,0.0,3,24.407413064211116
4931,88.75,-3.75,3.75,0.0,3,25.62471017581928
4932,91.25,-3.75,3.75,0.0,3,26.436056205591655
4933,93.75,-3.75,3.75,0.0,3,27.136760524780893
4934,96.25,-3.75,3.75,0.0,3,27.570342422715434
4935,98.75,-3.75,3.75,0.0,3,27.779014554107132
4936,101.25,-3.75,3.75,0.0,3,27.40755746914308
4937,103.75,-3.75,3.75,1.0,0,24.123165448306082
4938,106.25,-3.75,3.75,0.0,3,23.191124593383886
4939,108.75,-3.75,3.75,0.0,3,24.38304534469012
4940,111.25,-3.75,3.75,0.0,3,24.808361139843313
4941,113.75,-3.75,3.75,0.0,3,25.591149295557724
4942,116.25,-3.75,3.75,0.0,3,27.10204419259062
4943,118.75,-3.75,3.75,0.0,3,29.709144938416745
4944,121.25,-3.75,3.75,1.0,0,29.773658308914836
4945,123.75,-3.75,3.75,0.0,2,30.191729467905194
4946,126.25,-3.75,3.75,0.0,2,30.939076742632665
4947,128.75,-3.75,3.75,0.0,2,32.23092963397542
4948,131.25,-3.75,3.75,0.0,2,33.119153370479644
4949,133.75,-3.75,3.75,0.0,2,34.53996393535243
4950,136.25,-3.75,3.75,1.0,0,37.54781585303946
4951,138.75,-3.75,3.75,1.0,0,39.76633634150362
4952,141.25,-3.75,3.75,1.0,0,40.20846702510693
4953,143.75,-3.75,3.75,0.0,2,41.30597621291775
4954,146.25,-3.75,3.75,0.0,2,40.404362169069906
4955,148.75,-3.75,3.75,0.0,2,39.32913841689564
4956,151.25,-3.75,3.75,0.0,2,39.721594630271184
4957,153.75,-3.75,3.75,0.0,2,40.6696315309
4958,156.25,-3.75,3.75,0.0,2,40.714258176247704
4959,158.75,-3.75,3.75,0.0,2,41.101533037675495
4960,161.25,-3.75,3.75,0.0,2,41.281404974730734
4961,163.75,-3.75,3.75,0.0,2,41.57965694317515
4962,166.25,-3.75,3.75,0.0,2,41.57570082992233
4963,168.75,-3.75,3.75,0.0,2,41.48014381323879
4964,171.25,-3.75,3.75,0.0,2,41.19050199730213
4965,173.75,-3.75,3.75,0.0,2,40.80411905694804
4966,176.25,-3.75,3.75,0.0,2,40.26840350809597
4967,178.75,-3.75,3.75,0.0,2,39.74163236348105
4968,181.25,-3.75,3.75,0.0,2,39.13165610514994
4969,183.75,-3.75,3.75,0.0,2,38.63226541841581
4970,186.25,-3.75,3.75,0.0,2,37.99629635199594
4971,188.75,-3.75,3.75,0.0,2,37.42216643880754
4972,191.25,-3.75,3.75,0.0,2,36.650386419316426
4973,193.75,-3.75,3.75,0.0,2,36.017840060951144
4974,196.25,-3.75,3.75,0.0,2,35.28929457251927
4975,198.75,-3.75,3.75,0.0,2,34.7316239284319
4976,201.25,-3.75,3.75,0.0,2,34.04784518221201
4977,203.75,-3.75,3.75,0.0,2,33.40548640796608
4978,206.25,-3.75,3.75,0.0,2,32.723899747452606
4979,208.75,-3.75,3.75,0.0,2,31.93672242069633
4980,211.25,-3.75,3.75,0.0,2,31.22848526769776
4981,213.75,-3.75,3.75,0.0,2,30.560521579431207
4982,216.25,-3.75,3.75,0.0,2,29.761414201621616
4983,218.75,-3.75,3.75,0.0,2,28.893334998384596
4984,221.25,-3.75,3.75,0.0,2,27.797597359680864
4985,223.75,-3.75,3.75,0.0,2,26.905990705459324
4986,226.25,-3.75,3.75,0.0,2,25.852723375603645
4987,228.75,-3.75,3.75,0.0,2,24.87465336476306
4988,231.25,-3.75,3.75,0.0,2,23.85490815033762
4989,233.75,-3.75,3.75,0.0,2,22.91366677055945
4990,236.25,-3.75,3.75,0.0,2,21.91244705885597
4991,238.75,-3.75,3.75,0.0,2,20.992505754428862
4992,241.25,-3.75,3.75,0.0,2,20.053698069634386
4993,243.75,-3.75,3.75,0.0,2,19.083476237668762
4994,246.25,-3.75,3.75,0.0,2,18.33547466380474
4995,248.75,-3.75,3.75,0.0,2,17.57309566321596
4996,251.25,-3.75,3.75,0.0,2,16.872272181365606
4997,253.75,-3.75,3.75,0.0,2,16.03998194425574
4998,256.25,-3.75,3.75,0.0,2,15.348758884308737
4999,258.75,-3.75,3.75,0.0,2,14.440670113325746
5000,261.25,-3.75,3.75,0.0,2,13.577759472870722
5001,263.75,-3.75,3.75,0.0,2,12.642241904504685
5002,266.25,-3.75,3.75,0.0,2,11.839308889028368
5003,268.75,-3.75,3.75,0.0,2,11.151692313830297
5004,271.25,-3.75,3.75,0.0,2,9.865383281657886
5005,273.75,-3.75,3.75,0.0,2,9.165115698565502
5006,276.25,-3.75,3.75,0.0,2,7.477659026767553
5007,278.75,-3.75,3.75,0.0,2,16.599543184217964
5008,281.25,-3.75,3.75,1.0,0,27.01747382111393
5009,283.75,-3.75,3.75,1.0,0,9.8194591221891
5010,286.25,-3.75,3.75,1.0,0,6.787211377501542
5011,288.75,-3.75,3.75,1.0,0,13.842857009065408
5012,291.25,-3.75,3.75,1.0,0,13.318946008506552
5013,293.75,-3.75,3.75,1.0,0,13.562298298391507
5014,296.25,-3.75,3.75,1.0,0,12.082131478047861
5015,298.75,-3.75,3.75,1.0,0,8.679214789240962
5016,301.25,-3.75,3.75,1.0,0,2.8224972623676847
5017,303.75,-3.75,3.75,1.0,0,-1.4222552961572086
5018,306.25,-3.75,3.75,1.0,0,-3.097892198278777
5019,308.75,-3.75,3.75,1.0,0,-6.176566845839254
5020,311.25,-3.75,3.75,1.0,0,-4.765770952898955
5021,313.75,-3.75,3.75,1.0,0,0.9565700058278994
5022,316.25,-3.75,3.75,1.0,0,6.207732879218378
5023,318.75,-3.75,3.75,1.0,0,8.419994482352369
5024,321.25,-3.75,3.75,0.0,1,12.308097464725181
5025,323.75,-3.75,3.75,0.0,1,17.34965829999208
5026,326.25,-3.75,3.75,0.0,1,20.881979517137367
5027,328.75,-3.75,3.75,0.0,1,20.30920996517993
5028,331.25,-3.75,3.75,0.0,1,19.27938835091991
5029,333.75,-3.75,3.75,0.0,1,18.21422608391574
5030,336.25,-3.75,3.75,0.0,1,17.389823467017067
5031,338.75,-3.75,3.75,0.0,1,16.62769416642542
5032,341.25,-3.75,3.75,0.0,1,15.739548187436544
5033,343.75,-3.75,3.75,0.0,1,14.928379219871026
5034,346.25,-3.75,3.75,0.0,1,13.889111053256515
5035,348.75,-3.75,3.75,0.0,1,12.614287852903075
5036,351.25,-3.75,3.75,0.0,1,11.66421809537081
5037,353.75,-3.75,3.75,0.0,1,10.481193245623064
5038,356.25,-3.75,3.75,0.0,1,9.938260694170316
5039,358.75,-3.75,3.75,0.0,1,9.468255537006035
5040,1.25,-1.25,1.25,0.0,1,8.908667376540272
5041,3.75,-1.25,1.25,0.0,1,9.47111766037727
5042,6.25,-1.25,1.25,0.0,1,9.581319860204303
5043,8.75,-1.25,1.25,0.0,1,10.29163110745871
5044,11.25,-1.25,1.25,1.0,0,13.162428331825481
5045,13.75,-1.25,1.25,1.0,0,15.592451566620117
5046,16.25,-1.25,1.25,1.0,0,14.602623573032254
5047,18.75,-1.25,1.25,1.0,0,14.684629645503493
5048,21.25,-1.25,1.25,1.0,0,15.25446939908222
5049,23.75,-1.25,1.25,1.0,0,15.201320140626866
5050,26.25,-1.25,1.25,1.0,0,17.700705329742796
5051,28.75,-1.25,1.25,1.0,0,25.94652867994448
5052,31.25,-1.25,1.25,1.0,0,25.68034104814867
5053,33.75,-1.25,1.25,1.0,0,24.79227428549146
5054,36.25,-1.25,1.25,1.0,0,19.834070661816206
5055,38.75,-1.25,1.25,1.0,0,21.4149799124655
5056,41.25,-1.25,1.25,0.0,3,20.423923195338578
5057,43.75,-1.25,1.25,0.0,3,18.398405954356196
5058,46.25,-1.25,1.25,0.0,3,16.895497930937324
5059,48.75,-1.25,1.25,0.0,3,16.015329006751482
5060,51.25,-1.25,1.25,0.0,3,14.82371499404324
5061,53.75,-1.25,1.25,0.0,3,14.591794583541295
5062,56.25,-1.25,1.25,0.0,3,14.464834868493792
5063,58.75,-1.25,1.25,0.0,3,14.961903771522568
5064,61.25,-1.25,1.25,0.0,3,15.564984864368247
5065,63.75,-1.25,1.25,0.0,3,16.153102227413633
5066,66.25,-1.25,1.25,0.0,3,16.81358905403752
5067,68.75,-1.25,1.25,0.0,3,17.66540028501421
5068,71.25,-1.25,1.25,0.0,3,18.371134823707028
5069,73.75,-1.25,1.25,0.0,3,19.03747540408028
5070,76.25,-1.25,1.25,0.0,3,19.713692637189364
5071,78.75,-1.25,1.25,0.0,3,20.625890062037953
5072,81.25,-1.25,1.25,0.0,3,21.572413090970393
5073,83.75,-1.25,1.25,0.0,3,22.79277695947891
5074,86.25,-1.25,1.25,0.0,3,23.83707520056957
5075,88.75,-1.25,1.25,0.0,3,24.786126706605415
5076,91.25,-1.25,1.25,0.0,3,25.582870940908712
5077,93.75,-1.25,1.25,0.0,3,26.238917608576834
5078,96.25,-1.25,1.25,0.0,3,26.2131243051195
5079,98.75,-1.25,1.25,0.0,3,26.60847739759689
5080,101.25,-1.25,1.25,1.0,0,25.863788638057784
5081,103.75,-1.25,1.25,1.0,0,23.56511711754453
5082,106.25,-1.25,1.25,0.0,3,22.360152243208812
5083,108.75,-1.25,1.25,0.0,3,23.4938903237352
5084,111.25,-1.25,1.25,1.0,0,24.741791632867336
5085,113.75,-1.25,1.25,1.0,0,26.907869736096753
5086,116.25,-1.25,1.25,1.0,0,26.4587350554028
5087,118.75,-1.25,1.25,0.0,3,29.35139838232045
5088,121.25,-1.25,1.25,1.0,0,30.86079468264274
5089,123.75,-1.25,1.25,0.0,2,29.92431169719927
5090,126.25,-1.25,1.25,0.0,2,30.107844883367058
5091,128.75,-1.25,1.25,0.0,2,31.52185255006066
5092,131.25,-1.25,1.25,0.0,2,32.66499242545448
5093,133.75,-1.25,1.25,0.0,0,33.87820922671384
5094,136.25,-1.25,1.25,0.0,2,35.334784591858224
5095,138.75,-1.25,1.25,0.0,2,37.63142974292624
5096,141.25,-1.25,1.25,0.0,2,37.67055583137352
5097,143.75,-1.25,1.25,0.0,2,37.658350458464604
5098,146.25,-1.25,1.25,0.0,2,38.394977738553614
5099,148.75,-1.25,1.25,0.0,2,39.14480751655816
5100,151.25,-1.25,1.25,0.0,2,39.82313796135844
5101,153.75,-1.25,1.25,0.0,2,40.16376426219853
5102,156.25,-1.25,1.25,0.0,2,40.6693492467606
5103,158.75,-1.25,1.25,0.0,2,40.91562002267885
5104,161.25,-1.25,1.25,0.0,2,41.17870160497904
5105,163.75,-1.25,1.25,0.0,2,41.32901006561417
5106,166.25,-1.25,1.25,0.0,2,41.46244047559751
5107,168.75,-1.25,1.25,0.0,2,41.39159746836529
5108,171.25,-1.25,1.25,0.0,2,41.2136305984598
5109,173.75,-1.25,1.25,0.0,2,40.89754006612631
5110,176.25,-1.25,1.25,0.0,2,40.448564503616296
5111,178.75,-1.25,1.25,0.0,2,40.06375320921054
5112,181.25,-1.25,1.25,0.0,2,39.57314805563777
5113,183.75,-1.25,1.25,0.0,2,39.196016085319336
5114,186.25,-1.25,1.25,0.0,2,38.7706762380651
5115,188.75,-1.25,1.25,0.0,2,38.30188090088964
5116,191.25,-1.25,1.25,0.0,2,37.7815923735543
5117,193.75,-1.25,1.25,0.0,2,37.196163110496634
5118,196.25,-1.25,1.25,0.0,2,36.73006900717844
5119,198.75,-1.25,1.25,0.0,2,36.179633367339974
5120,201.25,-1.25,1.25,0.0,2,35.613340677117435
5121,203.75,-1.25,1.25,0.0,2,34.9234147822097
5122,206.25,-1.25,1.25,0.0,2,34.33710033572366
5123,208.75,-1.25,1.25,0.0,2,33.55328193990939
5124,211.25,-1.25,1.25,0.0,2,32.703391202304935
5125,213.75,-1.25,1.25,0.0,2,31.763181760126287
5126,216.25,-1.25,1.25,0.0,2,30.8147440169753
5127,218.75,-1.25,1.25,0.0,2,29.646870757191007
5128,221.25,-1.25,1.25,0.0,2,28.380844524787893
5129,223.75,-1.25,1.25,0.0,2,27.031179809845646
5130,226.25,-1.25,1.25,0.0,2,25.69788653369518
5131,228.75,-1.25,1.25,0.0,2,24.398382971331007
5132,231.25,-1.25,1.25,0.0,2,23.05951565468446
5133,233.75,-1.25,1.25,0.0,2,21.948648709722566
5134,236.25,-1.25,1.25,0.0,2,20.69836873718737
5135,238.75,-1.25,1.25,0.0,2,19.461608249225236
5136,241.25,-1.25,1.25,0.0,2,18.24671096692371
5137,243.75,-1.25,1.25,0.0,2,17.23363976426274
5138,246.25,-1.25,1.25,0.0,2,16.17846255198762
5139,248.75,-1.25,1.25,0.0,2,15.303578060634205
5140,251.25,-1.25,1.25,0.0,2,14.517052910948856
5141,253.75,-1.25,1.25,0.0,2,13.730277815611725
5142,256.25,-1.25,1.25,0.0,2,12.837282286385443
5143,258.75,-1.25,1.25,0.0,2,11.941104289192284
5144,261.25,-1.25,1.25,0.0,2,11.24886157940895
5145,263.75,-1.25,1.25,0.0,2,10.50825086630089
5146,266.25,-1.25,1.25,0.0,2,10.57732955404448
5147,268.75,-1.25,1.25,0.0,2,10.255321320449525
5148,271.25,-1.25,1.25,0.0,2,9.120712077636686
5149,273.75,-1.25,1.25,0.0,2,9.265169135568536
5150,276.25,-1.25,1.25,0.0,2,8.869055874677517
5151,278.75,-1.25,1.25,0.0,2,15.581526839829245
5152,281.25,-1.25,1.25,1.0,0,29.326525714741422
5153,283.75,-1.25,1.25,1.0,0,17.936387635852558
5154,286.25,-1.25,1.25,1.0,0,10.420083101064419
5155,288.75,-1.25,1.25,1.0,0,14.719193021781724
5156,291.25,-1.25,1.25,1.0,0,14.426326460344699
5157,293.75,-1.25,1.25,1.0,0,13.832377363667186
5158,296.25,-1.25,1.25,1.0,0,11.605162244449174
5159,298.75,-1.25,1.25,1.0,0,7.087266645557022
5160,301.25,-1.25,1.25,1.0,0,5.120039016495915
5161,303.75,-1.25,1.25,1.0,0,4.7995689149873595
5162,306.25,-1.25,1.25,1.0,0,-1.6139548789058638
5163,308.75,-1.25,1.25,1.0,0,-5.527753688826887
5164,311.25,-1.25,1.25,1.0,0,2.5501912980919843
5165,313.75,-1.25,1.25,0.0,1,6.838562102490364
5166,316.25,-1.25,1.25,0.0,1,10.62797812000231
5167,318.75,-1.25,1.25,0.0,1,12.215649155488483
5168,321.25,-1.25,1.25,0.0,1,14.675510378071671
5169,323.75,-1.25,1.25,0.0,1,16.49762861200707
5170,326.25,-1.25,1.25,0.0,1,16.666169596452978
5171,328.75,-1.25,1.25,0.0,1,16.34806935112436
5172,331.25,-1.25,1.25,0.0,1,15.456171002410061
5173,333.75,-1.25,1.25,0.0,1,15.004276690145904
5174,336.25,-1.25,1.25,0.0,1,13.987326666456164
5175,338.75,-1.25,1.25,0.0,1,13.399413460706043
5176,341.25,-1.25,1.25,0.0,1,12.717530736997304
5177,343.75,-1.25,1.25,0.0,1,11.654308394231448
5178,346.25,-1.25,1.25,0.0,1,11.054708741304541
5179,348.75,-1.25,1.25,0.0,1,10.114958742766651
5180,351.25,-1.25,1.25,0.0,1,9.4926097584811
5181,353.75,-1.25,1.25,0.0,1,8.673577555788546
5182,356.25,-1.25,1.25,0.0,1,8.557192187000016
5183,358.75,-1.25,1.25,0.0,1,8.782699776617395
5184,1.25,1.25,1.25,0.0,1,8.93284418990403
5185,3.75,1.25,1.25,0.0,1,9.798122200872406
5186,6.25,1.25,1.25,0.0,1,9.83243211113919
5187,8.75,1.25,1.25,0.0,1,10.788989272945882
5188,11.25,1.25,1.25,1.0,0,13.21557303754555
5189,13.75,1.25,1.25,1.0,0,15.030786925219754
5190,16.25,1.25,1.25,1.0,0,14.935808531952794
5191,18.75,1.25,1.25,1.0,0,15.143937216638093
5192,21.25,1.25,1.25,1.0,0,16.208360681349713
5193,23.75,1.25,1.25,1.0,0,15.66914046806879
5194,26.25,1.25,1.25,1.0,0,16.500962585172374
5195,28.75,1.25,1.25,1.0,0,24.119140386508946
5196,31.25,1.25,1.25,1.0,0,23.332298327214147
5197,33.75,1.25,1.25,1.0,0,21.911644086691105
5198,36.25,1.25,1.25,1.0,0,19.25200247943617
5199,38.75,1.25,1.25,1.0,0,18.249357893958617
5200,41.25,1.25,1.25,1.0,0,20.089057591694804
5201,43.75,1.25,1.25,0.0,3,19.61432338832538
5202,46.25,1.25,1.25,0.0,3,16.705764961099124
5203,48.75,1.25,1.25,0.0,3,14.97454766994234
5204,51.25,1.25,1.25,0.0,3,14.1693132098472
5205,53.75,1.25,1.25,0.0,3,13.937038542280911
5206,56.25,1.25,1.25,0.0,3,14.195151158073823
5207,58.75,1.25,1.25,0.0,3,14.625787743557764
5208,61.25,1.25,1.25,0.0,3,15.279394484382966
5209,63.75,1.25,1.25,0.0,3,16.429114491911655
5210,66.25,1.25,1.25,0.0,3,17.254821718356602
5211,68.75,1.25,1.25,0.0,3,17.950425573656776
5212,71.25,1.25,1.25,0.0,3,18.644655081894594
5213,73.75,1.25,1.25,0.0,3,19.64718137394789
5214,76.25,1.25,1.25,0.0,3,20.33555250339659
5215,78.75,1.25,1.25,0.0,3,20.927143509758544
5216,81.25,1.25,1.25,0.0,3,21.74911486716155
5217,83.75,1.25,1.25,0.0,3,22.735374676004074
5218,86.25,1.25,1.25,0.0,3,23.59512777684643
5219,88.75,1.25,1.25,0.0,3,24.320261316835765
5220,91.25,1.25,1.25,0.0,3,25.03317056390509
5221,93.75,1.25,1.25,0.0,3,25.200224979706952
5222,96.25,1.25,1.25,0.0,3,26.885726816492983
5223,98.75,1.25,1.25,0.0,3,26.300079844132487
5224,101.25,1.25,1.25,1.0,0,25.327011569056484
5225,103.75,1.25,1.25,0.0,3,23.45810030551238
5226,106.25,1.25,1.25,0.0,3,21.81394921602974
5227,108.75,1.25,1.25,0.0,3,22.831145241220693
5228,111.25,1.25,1.25,1.0,0,24.658750135282734
5229,113.75,1.25,1.25,1.0,0,29.050977359388497
5230,116.25,1.25,1.25,1.0,0,29.376686551377766
5231,118.75,1.25,1.25,0.0,3,27.988276096883464
5232,121.25,1.25,1.25,0.0,2,28.426667388768685
5233,123.75,1.25,1.25,0.0,2,28.467839311338626
5234,126.25,1.25,1.25,0.0,2,29.15948233359693
5235,128.75,1.25,1.25,0.0,2,31.291372152979918
5236,131.25,1.25,1.25,0.0,2,33.13888152330038
5237,133.75,1.25,1.25,0.0,2,34.63617017479818
5238,136.25,1.25,1.25,0.0,2,35.298626371129615
5239,138.75,1.25,1.25,0.0,2,36.38828574352981
5240,141.25,1.25,1.25,0.0,2,37.560848600163055
5241,143.75,1.25,1.25,0.0,2,38.64865177020993
5242,146.25,1.25,1.25,0.0,2,39.29426683953894
5243,148.75,1.25,1.25,0.0,2,39.8524835561431
5244,151.25,1.25,1.25,0.0,2,40.228780841327044
5245,153.75,1.25,1.25,0.0,2,40.666426067943554
5246,156.25,1.25,1.25,0.0,2,40.93391224807382
5247,158.75,1.25,1.25,0.0,2,41.159393806301686
5248,161.25,1.25,1.25,0.0,2,41.478304314005
5249,163.75,1.25,1.25,0.0,2,41.473152264745615
5250,166.25,1.25,1.25,0.0,2,41.62669526895577
5251,168.75,1.25,1.25,0.0,2,41.56453461749351
5252,171.25,1.25,1.25,0.0,2,41.46310539850331
5253,173.75,1.25,1.25,0.0,2,41.15520483696712
5254,176.25,1.25,1.25,0.0,2,40.773014972951124
5255,178.75,1.25,1.25,0.0,2,40.28153945922598
5256,181.25,1.25,1.25,0.0,2,39.84304843322891
5257,183.75,1.25,1.25,0.0,2,39.43658485003897
5258,186.25,1.25,1.25,0.0,2,39.07452806768199
5259,188.75,1.25,1.25,0.0,2,38.58162708013607
5260,191.25,1.25,1.25,0.0,2,38.148939456492215
5261,193.75,1.25,1.25,0.0,2,37.67879852780191
5262,196.25,1.25,1.25,0.0,2,37.21445736932471
5263,198.75,1.25,1.25,0.0,2,36.678075823858656
5264,201.25,1.25,1.25,0.0,2,36.11843086949714
5265,203.75,1.25,1.25,0.0,2,35.57379039245842
5266,206.25,1.25,1.25,0.0,2,34.920000256640904
5267,208.75,1.25,1.25,0.0,2,34.09697855782438
5268,211.25,1.25,1.25,0.0,2,33.16036658418558
5269,213.75,1.25,1.25,0.0,2,32.14746749730066
5270,216.25,1.25,1.25,0.0,2,31.150704984544294
5271,218.75,1.25,1.25,0.0,2,29.89194450715389
5272,221.25,1.25,1.25,0.0,2,28.46532015181813
5273,223.75,1.25,1.25,0.0,2,27.033169735258696
5274,226.25,1.25,1.25,0.0,2,25.608546103974277
5275,228.75,1.25,1.25,0.0,2,24.00948227672891
5276,231.25,1.25,1.25,0.0,2,22.489814776759932
5277,233.75,1.25,1.25,0.0,2,20.944454148927264
5278,236.25,1.25,1.25,0.0,2,19.783956917245998
5279,238.75,1.25,1.25,0.0,2,18.54104808070911
5280,241.25,1.25,1.25,0.0,2,17.22070831965055
5281,243.75,1.25,1.25,0.0,2,15.807268306171432
5282,246.25,1.25,1.25,0.0,2,14.705337114203878
5283,248.75,1.25,1.25,0.0,2,13.653414112434872
5284,251.25,1.25,1.25,0.0,2,12.552789383989735
5285,253.75,1.25,1.25,0.0,2,11.561513004629068
5286,256.25,1.25,1.25,0.0,2,10.792996516920805
5287,258.75,1.25,1.25,0.0,2,10.32783039824787
5288,261.25,1.25,1.25,0.0,2,10.082559726718475
5289,263.75,1.25,1.25,0.0,2,10.235731275293073
5290,266.25,1.25,1.25,0.0,2,10.931304491715998
5291,268.75,1.25,1.25,0.0,2,10.731622319527506
5292,271.25,1.25,1.25,0.0,2,9.321065392070015
5293,273.75,1.25,1.25,0.0,2,9.961323781228911
5294,276.25,1.25,1.25,0.0,2,11.35195112576373
5295,278.75,1.25,1.25,0.0,2,13.276047539883516
5296,281.25,1.25,1.25,0.0,0,22.30363897230398
5297,283.75,1.25,1.25,1.0,0,27.520806008370798
5298,286.25,1.25,1.25,1.0,0,19.46074059715401
5299,288.75,1.25,1.25,1.0,0,14.663008377259892
5300,291.25,1.25,1.25,1.0,0,13.579145557232716
5301,293.75,1.25,1.25,1.0,0,14.696682698412069
5302,296.25,1.25,1.25,1.0,0,12.3238286607159
5303,298.75,1.25,1.25,1.0,0,8.271407225016235
5304,301.25,1.25,1.25,1.0,0,8.755305167244815
5305,303.75,1.25,1.25,1.0,0,7.244820645214584
5306,306.25,1.25,1.25,1.0,0,-3.872426268134719
5307,308.75,1.25,1.25,1.0,0,1.8367771924655072
5308,311.25,1.25,1.25,0.0,1,10.336053525071627
5309,313.75,1.25,1.25,0.0,1,10.774803729955694
5310,316.25,1.25,1.25,0.0,1,11.646499989847724
5311,318.75,1.25,1.25,0.0,1,12.283403377171316
5312,321.25,1.25,1.25,0.0,1,13.331261085497115
5313,323.75,1.25,1.25,0.0,1,13.575407340524418
5314,326.25,1.25,1.25,0.0,1,13.21481814137971
5315,328.75,1.25,1.25,0.0,1,12.842563937184824
5316,331.25,1.25,1.25,0.0,1,12.238435900834562
5317,333.75,1.25,1.25,0.0,1,11.86948959892951
5318,336.25,1.25,1.25,0.0,1,11.337293075486308
5319,338.75,1.25,1.25,0.0,1,10.873527007612957
5320,341.25,1.25,1.25,0.0,1,10.156490024782963
5321,343.75,1.25,1.25,0.0,1,9.575263913514787
5322,346.25,1.25,1.25,0.0,1,9.232669041001813
5323,348.75,1.25,1.25,0.0,1,8.380638035440784
5324,351.25,1.25,1.25,0.0,1,8.313452766503374
5325,353.75,1.25,1.25,0.0,1,7.962913815858915
5326,356.25,1.25,1.25,0.0,1,8.03159936918574
5327,358.75,1.25,1.25,0.0,1,8.373329425116347
5328,1.25,3.75,3.75,0.0,1,9.142904009257405
5329,3.75,3.75,3.75,0.0,1,9.676441690943149
5330,6.25,3.75,3.75,0.0,1,9.931308985954548
5331,8.75,3.75,3.75,0.0,1,12.411197754901899
5332,11.25,3.75,3.75,1.0,0,15.573939093355776
5333,13.75,3.75,3.75,1.0,0,17.45440022481977
5334,16.25,3.75,3.75,1.0,0,18.49892168239829
5335,18.75,3.75,3.75,1.0,0,17.877118471594567
5336,21.25,3.75,3.75,1.0,0,17.245396430386823
5337,23.75,3.75,3.75,1.0,0,18.555421724386694
5338,26.25,3.75,3.75,1.0,0,20.847197626585782
5339,28.75,3.75,3.75,1.0,0,23.967578813889478
5340,31.25,3.75,3.75,1.0,0,22.234520643646782
5341,33.75,3.75,3.75,1.0,0,21.02046123965782
5342,36.25,3.75,3.75,1.0,0,16.958548041507804
5343,38.75,3.75,3.75,1.0,0,16.483834904056874
5344,41.25,3.75,3.75,1.0,0,17.47453632581012
5345,43.75,3.75,3.75,1.0,0,18.489724274056204
5346,46.25,3.75,3.75,1.0,0,16.962711273399904
5347,48.75,3.75,3.75,0.0,3,14.049046197318187
5348,51.25,3.75,3.75,0.0,3,13.172104833046374
5349,53.75,3.75,3.75,0.0,3,13.197752347567391
5350,56.25,3.75,3.75,0.0,3,13.54425444990293
5351,58.75,3.75,3.75,0.0,3,14.329017761612322
5352,61.25,3.75,3.75,0.0,3,15.192360758307922
5353,63.75,3.75,3.75,0.0,3,16.059650172119397
5354,66.25,3.75,3.75,0.0,3,17.06582009031773
5355,68.75,3.75,3.75,0.0,3,18.152369072006653
5356,71.25,3.75,3.75,0.0,3,19.16278283954685
5357,73.75,3.75,3.75,0.0,3,19.936181577925836
5358,76.25,3.75,3.75,0.0,3,20.848842899767536
5359,78.75,3.75,3.75,0.0,3,21.790860089037587
5360,81.25,3.75,3.75,0.0,3,23.0884347639173
5361,83.75,3.75,3.75,0.0,3,23.43643873013161
5362,86.25,3.75,3.75,0.0,3,24.103408225028232
5363,88.75,3.75,3.75,0.0,3,24.51371299383608
5364,91.25,3.75,3.75,0.0,3,25.187892433769978
5365,93.75,3.75,3.75,0.0,3,25.69570729962745
5366,96.25,3.75,3.75,0.0,3,27.285266125477726
5367,98.75,3.75,3.75,1.0,0,27.277339435747333
5368,101.25,3.75,3.75,1.0,0,27.04055033970866
5369,103.75,3.75,3.75,0.0,3,22.862135195109627
5370,106.25,3.75,3.75,0.0,3,20.80571201211389
5371,108.75,3.75,3.75,0.0,3,21.959761726732637
5372,111.25,3.75,3.75,0.0,3,23.699885828951665
5373,113.75,3.75,3.75,0.0,3,27.162952640259807
5374,116.25,3.75,3.75,1.0,0,30.10817769846928
5375,118.75,3.75,3.75,0.0,3,28.708901893726615
5376,121.25,3.75,3.75,0.0,2,28.037143620797288
5377,123.75,3.75,3.75,0.0,2,28.888770520146526
5378,126.25,3.75,3.75,0.0,2,30.15235192971812
5379,128.75,3.75,3.75,0.0,2,32.246882028306054
5380,131.25,3.75,3.75,0.0,2,34.69359892605987
5381,133.75,3.75,3.75,0.0,2,35.95519474296149
5382,136.25,3.75,3.75,0.0,2,36.980609725522534
5383,138.75,3.75,3.75,0.0,2,37.913899502548624
5384,141.25,3.75,3.75,0.0,2,38.4989827269243
5385,143.75,3.75,3.75,0.0,2,39.014512413565306
5386,146.25,3.75,3.75,0.0,2,39.399321724581505
5387,148.75,3.75,3.75,0.0,2,39.86715573945073
5388,151.25,3.75,3.75,0.0,2,40.07899166344887
5389,153.75,3.75,3.75,0.0,2,40.359561502298604
5390,156.25,3.75,3.75,0.0,2,40.39739517540548
5391,158.75,3.75,3.75,0.0,2,40.431053407922114
5392,161.25,3.75,3.75,0.0,2,40.44003045679544
5393,163.75,3.75,3.75,0.0,2,40.494528053204675
5394,166.25,3.75,3.75,0.0,2,40.37175388361809
5395,168.75,3.75,3.75,0.0,2,40.333093442375194
5396,171.25,3.75,3.75,0.0,2,40.139168807318796
5397,173.75,3.75,3.75,0.0,2,39.942588944454364
5398,176.25,3.75,3.75,0.0,2,39.541498414884174
5399,178.75,3.75,3.75,0.0,2,39.1797357847143
5400,181.25,3.75,3.75,0.0,2,38.668277141975096
5401,183.75,3.75,3.75,0.0,2,38.28623638323266
5402,186.25,3.75,3.75,0.0,2,37.88316263739846
5403,188.75,3.75,3.75,0.0,2,37.48982930021412
5404,191.25,3.75,3.75,0.0,2,37.08541826412467
5405,193.75,3.75,3.75,0.0,2,36.57829225010916
5406,196.25,3.75,3.75,0.0,2,36.0851223474176
5407,198.75,3.75,3.75,0.0,2,35.65559323501261
5408,201.25,3.75,3.75,0.0,2,35.16849571683556
5409,203.75,3.75,3.75,0.0,2,34.69053688266539
5410,206.25,3.75,3.75,0.0,2,33.943839899404324
5411,208.75,3.75,3.75,0.0,2,33.233965670823444
5412,211.25,3.75,3.75,0.0,2,32.174141069114434
5413,213.75,3.75,3.75,0.0,2,31.2559061973498
5414,216.25,3.75,3.75,0.0,2,30.272270641965736
5415,218.75,3.75,3.75,0.0,2,29.17364463939795
5416,221.25,3.75,3.75,0.0,2,27.750193565305914
5417,223.75,3.75,3.75,0.0,2,26.32812687063592
5418,226.25,3.75,3.75,0.0,2,24.916156589660005
5419,228.75,3.75,3.75,0.0,2,23.557705228487666
5420,231.25,3.75,3.75,0.0,2,22.007809768825297
5421,233.75,3.75,3.75,0.0,2,20.729644350500596
5422,236.25,3.75,3.75,0.0,2,19.322084890145966
5423,238.75,3.75,3.75,0.0,2,18.070374730772613
5424,241.25,3.75,3.75,0.0,2,16.940025577574136
5425,243.75,3.75,3.75,0.0,2,15.8480849361667
5426,246.25,3.75,3.75,0.0,2,14.955321837478943
5427,248.75,3.75,3.75,0.0,2,14.096144465237263
5428,251.25,3.75,3.75,0.0,2,13.364160626050511
5429,253.75,3.75,3.75,0.0,2,12.69446078290388
5430,256.25,3.75,3.75,0.0,2,12.123012169581603
5431,258.75,3.75,3.75,0.0,2,11.809679090775541
5432,261.25,3.75,3.75,0.0,2,11.857059313920786
5433,263.75,3.75,3.75,0.0,2,12.32344540653637
5434,266.25,3.75,3.75,0.0,2,12.690490051594356
5435,268.75,3.75,3.75,0.0,2,11.841121632461292
5436,271.25,3.75,3.75,0.0,2,10.983968675369113
5437,273.75,3.75,3.75,0.0,2,11.27923169203968
5438,276.25,3.75,3.75,0.0,2,12.138836509588625
5439,278.75,3.75,3.75,0.0,2,11.873935266018437
5440,281.25,3.75,3.75,0.0,1,16.380820057422376
5441,283.75,3.75,3.75,1.0,0,31.95118160066099
5442,286.25,3.75,3.75,1.0,0,31.741571751648575
5443,288.75,3.75,3.75,1.0,0,14.371320833500251
5444,291.25,3.75,3.75,1.0,0,13.058903211474357
5445,293.75,3.75,3.75,1.0,0,21.73676021670146
5446,296.25,3.75,3.75,1.0,0,22.20736834421989
5447,298.75,3.75,3.75,1.0,0,12.267206680006346
5448,301.25,3.75,3.75,1.0,0,1.1622795376877417
5449,303.75,3.75,3.75,1.0,0,-5.956503216901306
5450,306.25,3.75,3.75,1.0,0,-9.077277905721145
5451,308.75,3.75,3.75,0.0,1,4.916516359865837
5452,311.25,3.75,3.75,0.0,1,9.132392997077732
5453,313.75,3.75,3.75,0.0,1,9.498501299637866
5454,316.25,3.75,3.75,0.0,1,10.16846235895548
5455,318.75,3.75,3.75,0.0,1,10.80264562299729
5456,321.25,3.75,3.75,0.0,1,11.12959341198578
5457,323.75,3.75,3.75,0.0,1,11.040948124022854
5458,326.25,3.75,3.75,0.0,1,10.868930854266512
5459,328.75,3.75,3.75,0.0,1,10.466890922041314
5460,331.25,3.75,3.75,0.0,1,10.215202153449649
5461,333.75,3.75,3.75,0.0,1,9.91862169123539
5462,336.25,3.75,3.75,0.0,1,10.059206646069171
5463,338.75,3.75,3.75,0.0,1,10.032188354253874
5464,341.25,3.75,3.75,0.0,1,10.446298549099334
5465,343.75,3.75,3.75,0.0,1,9.861281000760787
5466,346.25,3.75,3.75,0.0,1,10.018402054476388
5467,348.75,3.75,3.75,0.0,1,9.936965674040144
5468,351.25,3.75,3.75,0.0,1,9.245053572621007
5469,353.75,3.75,3.75,0.0,1,7.405723111489686
5470,356.25,3.75,3.75,0.0,1,7.93261211476523
5471,358.75,3.75,3.75,0.0,1,8.885121142098543
5472,1.25,6.25,6.25,0.0,1,9.295800278634564
5473,3.75,6.25,6.25,0.0,1,10.94686480643979
5474,6.25,6.25,6.25,1.0,0,11.88063926601488
5475,8.75,6.25,6.25,1.0,0,14.452496833131837
5476,11.25,6.25,6.25,1.0,0,18.261514058791345
5477,13.75,6.25,6.25,1.0,0,21.162324598990775
5478,16.25,6.25,6.25,1.0,0,27.306110012146846
5479,18.75,6.25,6.25,1.0,0,27.460620705504954
5480,21.25,6.25,6.25,1.0,0,22.290161657258235
5481,23.75,6.25,6.25,1.0,0,22.63230695655777
5482,26.25,6.25,6.25,1.0,0,25.219999554595784
5483,28.75,6.25,6.25,1.0,0,25.49357979266966
5484,31.25,6.25,6.25,1.0,0,23.424798730410245
5485,33.75,6.25,6.25,1.0,0,23.467532992787532
5486,36.25,6.25,6.25,1.0,0,24.41776477937274
5487,38.75,6.25,6.25,1.0,0,29.082460750423262
5488,41.25,6.25,6.25,1.0,0,21.46901575112886
5489,43.75,6.25,6.25,1.0,0,20.705457660668912
5490,46.25,6.25,6.25,1.0,0,18.260877130737263
5491,48.75,6.25,6.25,0.0,0,14.54369722572103
5492,51.25,6.25,6.25,0.0,3,11.525668299829702
5493,53.75,6.25,6.25,0.0,3,11.651422533490424
5494,56.25,6.25,6.25,0.0,3,12.163111179194125
5495,58.75,6.25,6.25,0.0,3,12.659623623676337
5496,61.25,6.25,6.25,0.0,3,13.724301987283937
5497,63.75,6.25,6.25,0.0,3,15.219065692946703
5498,66.25,6.25,6.25,0.0,3,16.43264437058697
5499,68.75,6.25,6.25,0.0,3,17.892253920345382
5500,71.25,6.25,6.25,0.0,3,19.563704841466343
5501,73.75,6.25,6.25,0.0,3,21.137420059862258
5502,76.25,6.25,6.25,0.0,3,22.01842885787083
5503,78.75,6.25,6.25,0.0,3,23.813756303793376
5504,81.25,6.25,6.25,0.0,3,25.692931020848295
5505,83.75,6.25,6.25,0.0,3,25.039069691403228
5506,86.25,6.25,6.25,0.0,3,24.98755431323858
5507,88.75,6.25,6.25,0.0,3,25.252577127159693
5508,91.25,6.25,6.25,0.0,3,25.645291379095788
5509,93.75,6.25,6.25,0.0,3,25.81729093626669
5510,96.25,6.25,6.25,0.0,3,26.198521853089964
5511,98.75,6.25,6.25,0.0,3,27.37998802857449
5512,101.25,6.25,6.25,1.0,0,27.088284004619922
5513,103.75,6.25,6.25,0.0,3,22.66188138033712
5514,106.25,6.25,6.25,0.0,3,20.553209047144403
5515,108.75,6.25,6.25,0.0,3,21.096237437150624
5516,111.25,6.25,6.25,0.0,3,22.67028169750385
5517,113.75,6.25,6.25,0.0,3,24.336917805193572
5518,116.25,6.25,6.25,0.0,0,26.707293136373956
5519,118.75,6.25,6.25,0.0,3,27.606651318735082
5520,121.25,6.25,6.25,0.0,2,27.90202147752379
5521,123.75,6.25,6.25,0.0,2,29.074374553542217
5522,126.25,6.25,6.25,0.0,2,31.827463629961418
5523,128.75,6.25,6.25,0.0,2,33.527423208371616
5524,131.25,6.25,6.25,0.0,2,35.82389076558552
5525,133.75,6.25,6.25,0.0,2,37.292563761881944
5526,136.25,6.25,6.25,0.0,2,38.63969133402515
5527,138.75,6.25,6.25,0.0,2,39.353523366480516
5528,141.25,6.25,6.25,0.0,2,39.71239160806952
5529,143.75,6.25,6.25,0.0,2,39.751774857460234
5530,146.25,6.25,6.25,0.0,2,39.887599444060406
5531,148.75,6.25,6.25,0.0,2,39.9540152006045
5532,151.25,6.25,6.25,0.0,2,40.01569265573754
5533,153.75,6.25,6.25,0.0,2,39.86861397917666
5534,156.25,6.25,6.25,0.0,2,39.569323645859704
5535,158.75,6.25,6.25,0.0,2,39.280788291707104
5536,161.25,6.25,6.25,0.0,2,39.02332742434299
5537,163.75,6.25,6.25,0.0,2,38.76560268800356
5538,166.25,6.25,6.25,0.0,2,38.61919514620473
5539,168.75,6.25,6.25,0.0,2,38.434764223482276
5540,171.25,6.25,6.25,0.0,2,38.154887115279756
5541,173.75,6.25,6.25,0.0,2,37.87669103264646
5542,176.25,6.25,6.25,0.0,2,37.504416757357674
5543,178.75,6.25,6.25,0.0,2,37.335691959924254
5544,181.25,6.25,6.25,0.0,2,37.08605929513912
5545,183.75,6.25,6.25,0.0,2,36.75687543722703
5546,186.25,6.25,6.25,0.0,2,36.46729057059622
5547,188.75,6.25,6.25,0.0,2,36.11296679882053
5548,191.25,6.25,6.25,0.0,2,35.935026515268184
5549,193.75,6.25,6.25,0.0,2,35.594642753786324
5550,196.25,6.25,6.25,0.0,2,35.16978213757288
5551,198.75,6.25,6.25,0.0,2,34.603918538872236
5552,201.25,6.25,6.25,0.0,2,34.0207644303476
5553,203.75,6.25,6.25,0.0,2,33.35560277353786
5554,206.25,6.25,6.25,0.0,2,32.59528756687251
5555,208.75,6.25,6.25,0.0,2,31.691684042110197
5556,211.25,6.25,6.25,0.0,2,30.71508766952241
5557,213.75,6.25,6.25,0.0,2,29.590164932383445
5558,216.25,6.25,6.25,0.0,2,28.4934206267457
5559,218.75,6.25,6.25,0.0,2,27.292760800744002
5560,221.25,6.25,6.25,0.0,2,25.90847210468733
5561,223.75,6.25,6.25,0.0,2,24.507709516751543
5562,226.25,6.25,6.25,0.0,2,23.16046898180791
5563,228.75,6.25,6.25,0.0,2,21.84938754252137
5564,231.25,6.25,6.25,0.0,2,20.39437888268433
5565,233.75,6.25,6.25,0.0,2,19.165561475809014
5566,236.25,6.25,6.25,0.0,2,18.06514474696639
5567,238.75,6.25,6.25,0.0,2,17.243842137387514
5568,241.25,6.25,6.25,0.0,2,16.31801134889075
5569,243.75,6.25,6.25,0.0,2,15.493796089338767
5570,246.25,6.25,6.25,0.0,2,14.78776256333304
5571,248.75,6.25,6.25,0.0,2,14.333075994174898
5572,251.25,6.25,6.25,0.0,2,13.798797173536402
5573,253.75,6.25,6.25,0.0,2,13.262346439789633
5574,256.25,6.25,6.25,0.0,2,12.740810416357712
5575,258.75,6.25,6.25,0.0,2,12.370836630583353
5576,261.25,6.25,6.25,0.0,2,12.35218371652011
5577,263.75,6.25,6.25,0.0,2,12.344489548350696
5578,266.25,6.25,6.25,0.0,2,12.431116303148045
5579,268.75,6.25,6.25,0.0,2,11.956958321337328
5580,271.25,6.25,6.25,0.0,2,11.670394772576026
5581,273.75,6.25,6.25,0.0,2,11.316806715679935
5582,276.25,6.25,6.25,0.0,2,12.253138425980943
5583,278.75,6.25,6.25,0.0,2,12.135568672600895
5584,281.25,6.25,6.25,0.0,1,14.14300888969761
5585,283.75,6.25,6.25,1.0,0,26.943146517031476
5586,286.25,6.25,6.25,1.0,0,33.353241989760605
5587,288.75,6.25,6.25,1.0,0,17.513604280412892
5588,291.25,6.25,6.25,1.0,0,14.832559474571868
5589,293.75,6.25,6.25,1.0,0,23.167767517251903
5590,296.25,6.25,6.25,1.0,0,13.510387254873043
5591,298.75,6.25,6.25,1.0,0,-5.170807458472771
5592,301.25,6.25,6.25,1.0,0,-8.419126849157914
5593,303.75,6.25,6.25,0.0,1,-5.106617092532046
5594,306.25,6.25,6.25,0.0,1,-2.7632890194418054
5595,308.75,6.25,6.25,0.0,1,4.088590834581905
5596,311.25,6.25,6.25,0.0,1,5.596520764548485
5597,313.75,6.25,6.25,0.0,1,6.072252681819657
5598,316.25,6.25,6.25,0.0,1,6.590379427237716
5599,318.75,6.25,6.25,0.0,1,7.144441222282353
5600,321.25,6.25,6.25,0.0,1,7.532919150429544
5601,323.75,6.25,6.25,0.0,1,7.359047112237851
5602,326.25,6.25,6.25,0.0,1,7.182783181294675
5603,328.75,6.25,6.25,0.0,1,6.7491364170632355
5604,331.25,6.25,6.25,0.0,1,6.56931625060361
5605,333.75,6.25,6.25,0.0,1,6.424023931087269
5606,336.25,6.25,6.25,0.0,1,6.8584903109512165
5607,338.75,6.25,6.25,0.0,1,7.693470546893346
5608,341.25,6.25,6.25,0.0,1,8.896519122205218
5609,343.75,6.25,6.25,0.0,1,9.595760774026049
5610,346.25,6.25,6.25,0.0,1,9.704149946824657
5611,348.75,6.25,6.25,0.0,1,9.50276073454636
5612,351.25,6.25,6.25,1.0,0,9.376709613030485
5613,353.75,6.25,6.25,1.0,0,4.587183333669983
5614,356.25,6.25,6.25,1.0,0,6.038332183916696
5615,358.75,6.25,6.25,1.0,0,7.681047674507567
5616,1.25,8.75,8.75,1.0,0,10.48563029652998
5617,3.75,8.75,8.75,1.0,0,13.86888976117229
5618,6.25,8.75,8.75,1.0,0,15.159809177288377
5619,8.75,8.75,8.75,1.0,0,15.063128911872374
5620,11.25,8.75,8.75,1.0,0,18.37448131306676
5621,13.75,8.75,8.75,1.0,0,22.234082759681165
5622,16.25,8.75,8.75,1.0,0,33.7192101044145
5623,18.75,8.75,8.75,1.0,0,33.45427839286641
5624,21.25,8.75,8.75,1.0,0,28.83708750295928
5625,23.75,8.75,8.75,1.0,0,27.27320325054936
5626,26.25,8.75,8.75,1.0,0,27.755842958497382
5627,28.75,8.75,8.75,1.0,0,21.83808118472461
5628,31.25,8.75,8.75,1.0,0,19.175813701728643
5629,33.75,8.75,8.75,1.0,0,27.968256506487073
5630,36.25,8.75,8.75,1.0,0,36.64779766023602
5631,38.75,8.75,8.75,1.0,0,45.5723863472542
5632,41.25,8.75,8.75,1.0,0,31.702404509961045
5633,43.75,8.75,8.75,1.0,0,24.997017650720245
5634,46.25,8.75,8.75,1.0,0,23.378416250960477
5635,48.75,8.75,8.75,1.0,0,18.992760498485758
5636,51.25,8.75,8.75,0.0,3,10.846700518658508
5637,53.75,8.75,8.75,0.0,3,9.395153097728347
5638,56.25,8.75,8.75,0.0,3,9.868377449155624
5639,58.75,8.75,8.75,0.0,3,10.730001680231503
5640,61.25,8.75,8.75,0.0,3,12.074639940969439
5641,63.75,8.75,8.75,0.0,3,13.804348108597834
5642,66.25,8.75,8.75,0.0,3,15.602556431104627
5643,68.75,8.75,8.75,0.0,3,17.54902101731727
5644,71.25,8.75,8.75,0.0,3,19.495451301045634
5645,73.75,8.75,8.75,0.0,3,21.363987167424416
5646,76.25,8.75,8.75,0.0,3,24.839281618186764
5647,78.75,8.75,8.75,0.0,3,29.371717940591157
5648,81.25,8.75,8.75,0.0,3,29.506706598439806
5649,83.75,8.75,8.75,0.0,3,26.91313808574481
5650,86.25,8.75,8.75,0.0,3,26.3362135033404
5651,88.75,8.75,8.75,0.0,3,26.337918128288162
5652,91.25,8.75,8.75,0.0,3,26.541866822923776
5653,93.75,8.75,8.75,0.0,3,26.64157669847377
5654,96.25,8.75,8.75,0.0,3,26.36790140599311
5655,98.75,8.75,8.75,1.0,0,26.3346791240757
5656,101.25,8.75,8.75,0.0,3,25.49505739972114
5657,103.75,8.75,8.75,0.0,3,23.106866741764758
5658,106.25,8.75,8.75,0.0,3,21.536787239629522
5659,108.75,8.75,8.75,0.0,3,20.611332063582424
5660,111.25,8.75,8.75,0.0,3,21.807128930902216
5661,113.75,8.75,8.75,0.0,3,22.982435495212037
5662,116.25,8.75,8.75,0.0,3,24.333456888895935
5663,118.75,8.75,8.75,0.0,3,25.729377388820424
5664,121.25,8.75,8.75,0.0,2,26.42883062284793
5665,123.75,8.75,8.75,1.0,0,27.858431122601072
5666,126.25,8.75,8.75,1.0,0,30.804793541895858
5667,128.75,8.75,8.75,0.0,2,33.22199080427341
5668,131.25,8.75,8.75,0.0,2,35.546308272665534
5669,133.75,8.75,8.75,0.0,2,37.315652179505854
5670,136.25,8.75,8.75,0.0,2,38.82675401625983
5671,138.75,8.75,8.75,0.0,2,39.51120959574311
5672,141.25,8.75,8.75,0.0,2,39.72605388389586
5673,143.75,8.75,8.75,0.0,2,39.228703374818636
5674,146.25,8.75,8.75,0.0,2,39.011758312071926
5675,148.75,8.75,8.75,0.0,2,38.78088727150849
5676,151.25,8.75,8.75,0.0,2,38.311653566878825
5677,153.75,8.75,8.75,0.0,2,37.76026035579724
5678,156.25,8.75,8.75,0.0,2,37.260838853556585
5679,158.75,8.75,8.75,0.0,2,36.723088808220496
5680,161.25,8.75,8.75,0.0,2,36.23925391744641
5681,163.75,8.75,8.75,0.0,2,35.81675363968711
5682,166.25,8.75,8.75,0.0,2,35.58079126313646
5683,168.75,8.75,8.75,0.0,2,35.2140369612148
5684,171.25,8.75,8.75,0.0,2,34.96256436305771
5685,173.75,8.75,8.75,0.0,2,34.71903593226195
5686,176.25,8.75,8.75,0.0,2,34.49806870084849
5687,178.75,8.75,8.75,0.0,2,34.3707173129029
5688,181.25,8.75,8.75,0.0,2,34.31638945160601
5689,183.75,8.75,8.75,0.0,2,34.15495560197413
5690,186.25,8.75,8.75,0.0,2,34.08837846724925
5691,188.75,8.75,8.75,0.0,2,33.965325465050086
5692,191.25,8.75,8.75,0.0,2,33.88153134120969
5693,193.75,8.75,8.75,0.0,2,33.5888998429396
5694,196.25,8.75,8.75,0.0,2,33.090550654961376
5695,198.75,8.75,8.75,0.0,2,32.45479594460962
5696,201.25,8.75,8.75,0.0,2,31.80709260083876
5697,203.75,8.75,8.75,0.0,2,30.982078006534746
5698,206.25,8.75,8.75,0.0,2,30.004670950425393
5699,208.75,8.75,8.75,0.0,2,28.785455587587666
5700,211.25,8.75,8.75,0.0,2,27.68508254686893
5701,213.75,8.75,8.75,0.0,2,26.401980474548804
5702,216.25,8.75,8.75,0.0,2,25.282891719531598
5703,218.75,8.75,8.75,0.0,2,23.84133359533292
5704,221.25,8.75,8.75,0.0,2,22.606712978407497
5705,223.75,8.75,8.75,0.0,2,21.215723792422672
5706,226.25,8.75,8.75,0.0,2,20.08856347992473
5707,228.75,8.75,8.75,0.0,2,18.878824386746064
5708,231.25,8.75,8.75,0.0,2,17.609258815689095
5709,233.75,8.75,8.75,0.0,2,16.542855757651303
5710,236.25,8.75,8.75,0.0,2,15.624370353212509
5711,238.75,8.75,8.75,0.0,2,14.764198471132858
5712,241.25,8.75,8.75,0.0,2,14.056229846066772
5713,243.75,8.75,8.75,0.0,2,13.481401514597701
5714,246.25,8.75,8.75,0.0,2,13.019953466485834
5715,248.75,8.75,8.75,0.0,2,12.390909314536744
5716,251.25,8.75,8.75,0.0,2,12.07480734778235
5717,253.75,8.75,8.75,0.0,2,11.752175512388932
5718,256.25,8.75,8.75,0.0,2,11.314760963884586
5719,258.75,8.75,8.75,0.0,2,11.04643577382086
5720,261.25,8.75,8.75,0.0,2,10.9257625167928
5721,263.75,8.75,8.75,0.0,2,11.064013838865998
5722,266.25,8.75,8.75,0.0,2,10.81505044304735
5723,268.75,8.75,8.75,0.0,2,10.754948689119912
5724,271.25,8.75,8.75,0.0,2,10.129991876912595
5725,273.75,8.75,8.75,0.0,2,11.323899310626516
5726,276.25,8.75,8.75,0.0,2,11.012288720198256
5727,278.75,8.75,8.75,0.0,2,8.199059616795074
5728,281.25,8.75,8.75,0.0,0,8.462495993858507
5729,283.75,8.75,8.75,0.0,1,15.285390751774328
5730,286.25,8.75,8.75,1.0,0,21.931356919225337
5731,288.75,8.75,8.75,1.0,0,17.138398143045396
5732,291.25,8.75,8.75,1.0,0,9.618075522322524
5733,293.75,8.75,8.75,1.0,0,1.806524633264227
5734,296.25,8.75,8.75,1.0,0,-11.84389857256024
5735,298.75,8.75,8.75,0.0,1,-12.466205193768708
5736,301.25,8.75,8.75,0.0,1,-4.909030943856195
5737,303.75,8.75,8.75,0.0,1,-2.235997314591081
5738,306.25,8.75,8.75,0.0,1,-1.7882099935284013
5739,308.75,8.75,8.75,0.0,1,-0.34832727188258933
5740,311.25,8.75,8.75,0.0,1,0.7163738368112771
5741,313.75,8.75,8.75,0.0,1,1.235485281975079
5742,316.25,8.75,8.75,0.0,1,2.2005371354501344
5743,318.75,8.75,8.75,0.0,1,2.6269122586677884
5744,321.25,8.75,8.75,0.0,1,3.186486417828592
5745,323.75,8.75,8.75,0.0,1,3.1231968444610003
5746,326.25,8.75,8.75,0.0,1,3.077299868399047
5747,328.75,8.75,8.75,0.0,1,2.7088068502572504
5748,331.25,8.75,8.75,0.0,1,2.149155255431729
5749,333.75,8.75,8.75,0.0,1,1.7360463283834244
5750,336.25,8.75,8.75,0.0,1,2.0665094096833294
5751,338.75,8.75,8.75,0.0,1,3.629348099021637
5752,341.25,8.75,8.75,0.0,1,5.845435578136298
5753,343.75,8.75,8.75,0.0,1,8.134198160169536
5754,346.25,8.75,8.75,0.0,1,7.842274068505797
5755,348.75,8.75,8.75,1.0,0,7.664424482139186
5756,351.25,8.75,8.75,1.0,0,9.995554554760124
5757,353.75,8.75,8.75,1.0,0,7.762048740839639
5758,356.25,8.75,8.75,1.0,0,9.092327502012756
5759,358.75,8.75,8.75,1.0,0,8.317999344140631
5760,1.25,11.25,11.25,1.0,0,9.526638321853495
5761,3.75,11.25,11.25,1.0,0,11.697654034311403
5762,6.25,11.25,11.25,1.0,0,15.468239233737311
5763,8.75,11.25,11.25,1.0,0,20.326799749738296
5764,11.25,11.25,11.25,1.0,0,26.480559777191562
5765,13.75,11.25,11.25,1.0,0,28.097186146072332
5766,16.25,11.25,11.25,1.0,0,34.3208221474791
5767,18.75,11.25,11.25,1.0,0,40.878635835615235
5768,21.25,11.25,11.25,1.0,0,39.68362583350283
5769,23.75,11.25,11.25,1.0,0,27.519946478013708
5770,26.25,11.25,11.25,1.0,0,23.78827678564593
5771,28.75,11.25,11.25,1.0,0,17.056308153043393
5772,31.25,11.25,11.25,1.0,0,12.55265195517455
5773,33.75,11.25,11.25,1.0,0,21.993643609095322
5774,36.25,11.25,11.25,1.0,0,39.91392891876766
5775,38.75,11.25,11.25,1.0,0,50.531310922861564
5776,41.25,11.25,11.25,1.0,0,31.992774204627207
5777,43.75,11.25,11.25,1.0,0,18.95919003025896
5778,46.25,11.25,11.25,0.0,3,13.575129909663108
5779,48.75,11.25,11.25,0.0,3,11.603881817737339
5780,51.25,11.25,11.25,0.0,3,6.294013917316892
5781,53.75,11.25,11.25,0.0,3,5.397632908476414
5782,56.25,11.25,11.25,0.0,3,7.257272068740442
5783,58.75,11.25,11.25,0.0,3,8.50014862863362
5784,61.25,11.25,11.25,0.0,3,10.007413684386613
5785,63.75,11.25,11.25,0.0,3,12.303602254267371
5786,66.25,11.25,11.25,0.0,3,14.170349194261096
5787,68.75,11.25,11.25,0.0,3,16.398264866824853
5788,71.25,11.25,11.25,0.0,3,18.96518755753558
5789,73.75,11.25,11.25,0.0,3,22.55468810519148
5790,76.25,11.25,11.25,0.0,0,30.73447233728225
5791,78.75,11.25,11.25,1.0,0,35.59910477809133
5792,81.25,11.25,11.25,0.0,3,31.918245689123736
5793,83.75,11.25,11.25,0.0,3,28.846576711031737
5794,86.25,11.25,11.25,0.0,3,28.399053813394474
5795,88.75,11.25,11.25,0.0,3,28.45991862013181
5796,91.25,11.25,11.25,0.0,3,28.50307151621813
5797,93.75,11.25,11.25,0.0,3,28.15707414811188
5798,96.25,11.25,11.25,0.0,3,27.48797121689065
5799,98.75,11.25,11.25,1.0,0,27.485455093518542
5800,101.25,11.25,11.25,0.0,3,27.749355982479624
5801,103.75,11.25,11.25,1.0,0,25.42146146196105
5802,106.25,11.25,11.25,1.0,0,24.11796045710276
5803,108.75,11.25,11.25,0.0,3,22.536418897403987
5804,111.25,11.25,11.25,0.0,3,21.557735952677568
5805,113.75,11.25,11.25,0.0,3,22.195443406027678
5806,116.25,11.25,11.25,0.0,3,23.115727787567273
5807,118.75,11.25,11.25,0.0,3,23.86946575001518
5808,121.25,11.25,11.25,0.0,2,24.52407045108453
5809,123.75,11.25,11.25,1.0,0,25.487031089914954
5810,126.25,11.25,11.25,0.0,2,27.477942072005824
5811,128.75,11.25,11.25,0.0,2,30.468625906025235
5812,131.25,11.25,11.25,0.0,2,32.977546938600035
5813,133.75,11.25,11.25,0.0,2,34.790507361388826
5814,136.25,11.25,11.25,0.0,2,36.04403147192519
5815,138.75,11.25,11.25,0.0,2,36.66571255914677
5816,141.25,11.25,11.25,0.0,2,36.57770781023613
5817,143.75,11.25,11.25,0.0,2,36.04491772275923
5818,146.25,11.25,11.25,0.0,2,35.49123118595062
5819,148.75,11.25,11.25,0.0,2,34.87703096909678
5820,151.25,11.25,11.25,0.0,2,33.877022048482424
5821,153.75,11.25,11.25,0.0,2,32.89288703783953
5822,156.25,11.25,11.25,0.0,2,31.864540545214197
5823,158.75,11.25,11.25,0.0,2,31.183017870209966
5824,161.25,11.25,11.25,0.0,2,30.64324550435032
5825,163.75,11.25,11.25,0.0,2,30.193083831739425
5826,166.25,11.25,11.25,0.0,2,29.956572739259812
5827,168.75,11.25,11.25,0.0,2,29.892637007540337
5828,171.25,11.25,11.25,0.0,2,29.80077049374292
5829,173.75,11.25,11.25,0.0,2,29.77465597657776
5830,176.25,11.25,11.25,0.0,2,29.664358346361883
5831,178.75,11.25,11.25,0.0,2,29.757143499186483
5832,181.25,11.25,11.25,0.0,2,29.821152714799798
5833,183.75,11.25,11.25,0.0,2,29.976764544314374
5834,186.25,11.25,11.25,0.0,2,30.158032812985304
5835,188.75,11.25,11.25,0.0,2,30.422072174882906
5836,191.25,11.25,11.25,0.0,2,30.488956037731526
5837,193.75,11.25,11.25,0.0,2,30.33379473915527
5838,196.25,11.25,11.25,0.0,2,29.78702577588982
5839,198.75,11.25,11.25,0.0,2,28.999813137638416
5840,201.25,11.25,11.25,0.0,2,28.045469689746806
5841,203.75,11.25,11.25,0.0,2,26.98659274610912
5842,206.25,11.25,11.25,0.0,2,25.592426861511044
5843,208.75,11.25,11.25,0.0,2,24.023208767733724
5844,211.25,11.25,11.25,0.0,2,22.576145563288645
5845,213.75,11.25,11.25,0.0,2,20.989706424994345
5846,216.25,11.25,11.25,0.0,2,19.49407753442456
5847,218.75,11.25,11.25,0.0,2,18.066574166467976
5848,221.25,11.25,11.25,0.0,2,16.69245741431089
5849,223.75,11.25,11.25,0.0,2,15.496955738619898
5850,226.25,11.25,11.25,0.0,2,14.342392654450851
5851,228.75,11.25,11.25,0.0,2,13.307810342555577
5852,231.25,11.25,11.25,0.0,2,12.242273168418555
5853,233.75,11.25,11.25,0.0,2,11.449201113741339
5854,236.25,11.25,11.25,0.0,2,10.891648633750323
5855,238.75,11.25,11.25,0.0,2,10.46029405507204
5856,241.25,11.25,11.25,0.0,2,10.136794663331754
5857,243.75,11.25,11.25,0.0,2,9.964046760479208
5858,246.25,11.25,11.25,0.0,2,9.7382337063992
5859,248.75,11.25,11.25,0.0,2,9.72460817858913
5860,251.25,11.25,11.25,0.0,2,9.70112949295751
5861,253.75,11.25,11.25,0.0,2,9.732140107364556
5862,256.25,11.25,11.25,0.0,2,9.768554809062943
5863,258.75,11.25,11.25,0.0,2,9.619484252897674
5864,261.25,11.25,11.25,0.0,2,9.188858632893364
5865,263.75,11.25,11.25,0.0,2,8.974181768634326
5866,266.25,11.25,11.25,0.0,2,8.601797551261285
5867,268.75,11.25,11.25,0.0,2,8.641501767808661
5868,271.25,11.25,11.25,0.0,2,9.006456510086874
5869,273.75,11.25,11.25,0.0,2,9.700293035410294
5870,276.25,11.25,11.25,0.0,2,1.822824775148139
5871,278.75,11.25,11.25,0.0,2,-0.8451708544437825
5872,281.25,11.25,11.25,0.0,1,0.8485245608949373
5873,283.75,11.25,11.25,0.0,1,4.762889121825467
5874,286.25,11.25,11.25,0.0,1,5.809329856873818
5875,288.75,11.25,11.25,1.0,0,3.690871878345964
5876,291.25,11.25,11.25,1.0,0,-1.9286870280516097
5877,293.75,11.25,11.25,0.0,1,-7.766689746559726
5878,296.25,11.25,11.25,0.0,1,-11.340000127967981
5879,298.75,11.25,11.25,0.0,1,-8.720788396841582
5880,301.25,11.25,11.25,0.0,1,-7.610810774067393
5881,303.75,11.25,11.25,0.0,1,-7.547756200005603
5882,306.25,11.25,11.25,0.0,1,-6.781381071812801
5883,308.75,11.25,11.25,0.0,1,-6.183733168609049
5884,311.25,11.25,11.25,0.0,1,-5.254055095368304
5885,313.75,11.25,11.25,0.0,1,-4.653146049962595
5886,316.25,11.25,11.25,0.0,1,-3.9963743049168934
5887,318.75,11.25,11.25,0.0,1,-3.6046706223508234
5888,321.25,11.25,11.25,0.0,1,-3.0909077153127855
5889,323.75,11.25,11.25,0.0,1,-2.8279166514846166
5890,326.25,11.25,11.25,0.0,1,-2.6770850384949694
5891,328.75,11.25,11.25,0.0,1,-2.6268950155191093
5892,331.25,11.25,11.25,0.0,1,-3.080765601434138
5893,333.75,11.25,11.25,0.0,1,-3.5044041017572454
5894,336.25,11.25,11.25,0.0,1,-4.055449175289416
5895,338.75,11.25,11.25,0.0,1,-2.6432277890608553
5896,341.25,11.25,11.25,0.0,1,1.3458358304468814
5897,343.75,11.25,11.25,0.0,1,6.34629197199396
5898,346.25,11.25,11.25,1.0,0,8.60134778476847
5899,348.75,11.25,11.25,1.0,0,7.922908455633542
5900,351.25,11.25,11.25,1.0,0,6.914841888656792
5901,353.75,11.25,11.25,1.0,0,11.720747022779761
5902,356.25,11.25,11.25,1.0,0,10.01279656983761
5903,358.75,11.25,11.25,1.0,0,6.986772687692892
5904,1.25,13.75,13.75,1.0,0,11.791329745386626
5905,3.75,13.75,13.75,1.0,0,15.524033107264664
5906,6.25,13.75,13.75,1.0,0,20.550356048011885
5907,8.75,13.75,13.75,1.0,0,20.756099716630285
5908,11.25,13.75,13.75,1.0,0,18.52395152481077
5909,13.75,13.75,13.75,1.0,0,18.62380826821485
5910,16.25,13.75,13.75,1.0,0,22.672125485116016
5911,18.75,13.75,13.75,1.0,0,31.55412956036056
5912,21.25,13.75,13.75,1.0,0,40.779248217006966
5913,23.75,13.75,13.75,1.0,0,36.4066171213377
5914,26.25,13.75,13.75,1.0,0,20.74299528674131
5915,28.75,13.75,13.75,1.0,0,8.453802806830994
5916,31.25,13.75,13.75,1.0,0,8.770079691067126
5917,33.75,13.75,13.75,1.0,0,13.717484539987906
5918,36.25,13.75,13.75,1.0,0,37.23224327702334
5919,38.75,13.75,13.75,1.0,0,53.581272420343886
5920,41.25,13.75,13.75,1.0,0,30.38573712489805
5921,43.75,13.75,13.75,1.0,0,34.18780782595122
5922,46.25,13.75,13.75,0.0,3,23.188833507957796
5923,48.75,13.75,13.75,0.0,3,7.388008647002684
5924,51.25,13.75,13.75,0.0,3,2.448191172361545
5925,53.75,13.75,13.75,0.0,3,1.9614874788699
5926,56.25,13.75,13.75,0.0,3,3.9159597367939902
5927,58.75,13.75,13.75,0.0,3,6.370696935894405
5928,61.25,13.75,13.75,0.0,3,8.624759535308664
5929,63.75,13.75,13.75,0.0,3,10.612250088366363
5930,66.25,13.75,13.75,0.0,3,12.790982141376789
5931,68.75,13.75,13.75,0.0,3,15.472019151228606
5932,71.25,13.75,13.75,0.0,3,18.235368083220564
5933,73.75,13.75,13.75,0.0,3,25.406608711030373
5934,76.25,13.75,13.75,1.0,0,39.728432628816584
5935,78.75,13.75,13.75,1.0,0,43.729766917010075
5936,81.25,13.75,13.75,0.0,3,36.58849248828187
5937,83.75,13.75,13.75,0.0,3,32.918186142554795
5938,86.25,13.75,13.75,0.0,3,31.973184986385114
5939,88.75,13.75,13.75,0.0,3,31.396236395719765
5940,91.25,13.75,13.75,0.0,3,30.909540289739958
5941,93.75,13.75,13.75,0.0,3,30.524865604025983
5942,96.25,13.75,13.75,0.0,3,29.9672448033733
5943,98.75,13.75,13.75,1.0,0,30.83608142084001
5944,101.25,13.75,13.75,1.0,0,31.586498139879453
5945,103.75,13.75,13.75,1.0,0,28.83849889047078
5946,106.25,13.75,13.75,1.0,0,27.257609313955925
5947,108.75,13.75,13.75,0.0,0,24.71969129268347
5948,111.25,13.75,13.75,0.0,3,21.767359145261892
5949,113.75,13.75,13.75,0.0,3,21.700017038544438
5950,116.25,13.75,13.75,0.0,3,22.220117645665137
5951,118.75,13.75,13.75,0.0,3,22.698203533142472
5952,121.25,13.75,13.75,1.0,0,23.921551136337428
5953,123.75,13.75,13.75,0.0,2,23.125551602993987
5954,126.25,13.75,13.75,0.0,2,24.184487469305335
5955,128.75,13.75,13.75,0.0,2,26.517279149310895
5956,131.25,13.75,13.75,0.0,2,28.69577122669136
5957,133.75,13.75,13.75,0.0,2,30.102948723071446
5958,136.25,13.75,13.75,0.0,2,31.03898952878332
5959,138.75,13.75,13.75,0.0,2,31.470945875453967
5960,141.25,13.75,13.75,0.0,2,31.49512956151697
5961,143.75,13.75,13.75,0.0,2,31.055547972467355
5962,146.25,13.75,13.75,0.0,2,30.38436296856454
5963,148.75,13.75,13.75,0.0,2,29.64228426276944
5964,151.25,13.75,13.75,0.0,2,28.37975307957141
5965,153.75,13.75,13.75,0.0,2,27.232395318333264
5966,156.25,13.75,13.75,0.0,2,26.241415554310894
5967,158.75,13.75,13.75,0.0,2,25.480923740067745
5968,161.25,13.75,13.75,0.0,2,24.846599416120267
5969,163.75,13.75,13.75,0.0,2,24.52670887664783
5970,166.25,13.75,13.75,0.0,2,24.439436573140252
5971,168.75,13.75,13.75,0.0,2,24.43493909035721
5972,171.25,13.75,13.75,0.0,2,24.58212494479268
5973,173.75,13.75,13.75,0.0,2,24.787035836369746
5974,176.25,13.75,13.75,0.0,2,25.10680770752617
5975,178.75,13.75,13.75,0.0,2,25.318046025139193
5976,181.25,13.75,13.75,0.0,2,25.774909160083343
5977,183.75,13.75,13.75,0.0,2,26.256375616866723
5978,186.25,13.75,13.75,0.0,2,26.81789339072189
5979,188.75,13.75,13.75,0.0,2,27.327586037010285
5980,191.25,13.75,13.75,0.0,2,27.748599193049007
5981,193.75,13.75,13.75,0.0,2,27.970636393353676
5982,196.25,13.75,13.75,0.0,2,27.784613241332362
5983,198.75,13.75,13.75,0.0,2,27.190923611763083
5984,201.25,13.75,13.75,0.0,2,25.91169790429958
5985,203.75,13.75,13.75,0.0,2,24.138572892761108
5986,206.25,13.75,13.75,0.0,2,22.202719413057338
5987,208.75,13.75,13.75,0.0,2,20.122857367893022
5988,211.25,13.75,13.75,0.0,2,17.951834397294956
5989,213.75,13.75,13.75,0.0,2,15.978496731474428
5990,216.25,13.75,13.75,0.0,2,13.92456722216497
5991,218.75,13.75,13.75,0.0,2,12.119312487351921
5992,221.25,13.75,13.75,0.0,2,10.157975250966262
5993,223.75,13.75,13.75,0.0,2,8.646344180794578
5994,226.25,13.75,13.75,0.0,2,7.187371509607697
5995,228.75,13.75,13.75,0.0,2,5.925890036032911
5996,231.25,13.75,13.75,0.0,2,4.81589612071413
5997,233.75,13.75,13.75,0.0,2,4.203550753329895
5998,236.25,13.75,13.75,0.0,2,3.842006614718117
5999,238.75,13.75,13.75,0.0,2,3.652600363988463
6000,241.25,13.75,13.75,0.0,2,4.106097539319326
6001,243.75,13.75,13.75,0.0,2,4.858535934927274
6002,246.25,13.75,13.75,0.0,2,5.497974915666652
6003,248.75,13.75,13.75,0.0,2,6.01638376235348
6004,251.25,13.75,13.75,0.0,2,6.946984655678319
6005,253.75,13.75,13.75,0.0,2,7.80724385782704
6006,256.25,13.75,13.75,0.0,2,8.50329134326121
6007,258.75,13.75,13.75,0.0,2,8.06297697274107
6008,261.25,13.75,13.75,0.0,2,7.442967944489469
6009,263.75,13.75,13.75,0.0,2,6.548021955971625
6010,266.25,13.75,13.75,0.0,2,8.104250006391332
6011,268.75,13.75,13.75,0.0,2,9.282587785051156
6012,271.25,13.75,13.75,1.0,0,7.918537817406925
6013,273.75,13.75,13.75,1.0,0,4.6140322359388275
6014,276.25,13.75,13.75,1.0,0,-5.198404802880913
6015,278.75,13.75,13.75,0.0,2,-6.164617843975821
6016,281.25,13.75,13.75,0.0,1,-4.660257286263113
6017,283.75,13.75,13.75,0.0,1,-4.2039779960634895
6018,286.25,13.75,13.75,0.0,1,-5.38113581333268
6019,288.75,13.75,13.75,0.0,1,-7.556969997497236
6020,291.25,13.75,13.75,0.0,1,-10.128247919205158
6021,293.75,13.75,13.75,0.0,1,-11.522590053845581
6022,296.25,13.75,13.75,0.0,1,-12.322158651295227
6023,298.75,13.75,13.75,0.0,1,-12.853075003736974
6024,301.25,13.75,13.75,0.0,1,-12.956633959949425
6025,303.75,13.75,13.75,0.0,1,-12.6874655677708
6026,306.25,13.75,13.75,0.0,1,-12.520001666706218
6027,308.75,13.75,13.75,0.0,1,-11.808102727980966
6028,311.25,13.75,13.75,0.0,1,-11.204959047004115
6029,313.75,13.75,13.75,0.0,1,-10.83135918402393
6030,316.25,13.75,13.75,0.0,1,-10.573033788705189
6031,318.75,13.75,13.75,0.0,1,-10.322042846680432
6032,321.25,13.75,13.75,0.0,1,-10.08130203423724
6033,323.75,13.75,13.75,0.0,1,-9.817576050445187
6034,326.25,13.75,13.75,0.0,1,-9.760002107929317
6035,328.75,13.75,13.75,0.0,1,-9.48831984155693
6036,331.25,13.75,13.75,0.0,1,-9.27001378487123
6037,333.75,13.75,13.75,0.0,1,-8.631525807343893
6038,336.25,13.75,13.75,0.0,1,-10.887380172591154
6039,338.75,13.75,13.75,0.0,1,-9.842633688898133
6040,341.25,13.75,13.75,0.0,1,-4.763985856308225
6041,343.75,13.75,13.75,1.0,0,0.37582666362446854
6042,346.25,13.75,13.75,1.0,0,3.4442125376893
6043,348.75,13.75,13.75,1.0,0,4.591573043853402
6044,351.25,13.75,13.75,1.0,0,2.695777538186108
6045,353.75,13.75,13.75,1.0,0,5.175609574675537
6046,356.25,13.75,13.75,1.0,0,7.092251311295512
6047,358.75,13.75,13.75,1.0,0,9.127315181938593
6048,1.25,16.25,16.25,1.0,0,2.8970575633717197
6049,3.75,16.25,16.25,1.0,0,5.113837499020191
6050,6.25,16.25,16.25,1.0,0,8.529971545584166
6051,8.75,16.25,16.25,1.0,0,7.55082239289074
6052,11.25,16.25,16.25,1.0,0,2.0631692466866616
6053,13.75,16.25,16.25,1.0,0,0.7998839054632625
6054,16.25,16.25,16.25,1.0,0,2.2507462160210516
6055,18.75,16.25,16.25,1.0,0,6.90622509815277
6056,21.25,16.25,16.25,1.0,0,15.645531261658723
6057,23.75,16.25,16.25,1.0,0,7.763918250973257
6058,26.25,16.25,16.25,1.0,0,-7.314129711300607
6059,28.75,16.25,16.25,1.0,0,-9.349969562549497
6060,31.25,16.25,16.25,1.0,0,-2.328434127248585
6061,33.75,16.25,16.25,1.0,0,8.092936084080115
6062,36.25,16.25,16.25,1.0,0,23.259378696054533
6063,38.75,16.25,16.25,1.0,0,28.228925301413643
6064,41.25,16.25,16.25,1.0,0,26.888370566034443
6065,43.75,16.25,16.25,1.0,0,44.462362625774695
6066,46.25,16.25,16.25,1.0,0,26.111470483976774
6067,48.75,16.25,16.25,1.0,0,5.667716844940086
6068,51.25,16.25,16.25,1.0,0,2.7011984872640804
6069,53.75,16.25,16.25,0.0,3,2.915235217008306
6070,56.25,16.25,16.25,0.0,3,3.992577124137723
6071,58.75,16.25,16.25,0.0,3,5.770920315731371
6072,61.25,16.25,16.25,0.0,3,8.162904305568949
6073,63.75,16.25,16.25,0.0,3,10.207828294939663
6074,66.25,16.25,16.25,0.0,3,12.0839084059561
6075,68.75,16.25,16.25,0.0,3,14.950551008745785
6076,71.25,16.25,16.25,0.0,3,19.7727451401546
6077,73.75,16.25,16.25,0.0,0,31.864197902594913
6078,76.25,16.25,16.25,1.0,0,46.46090613296817
6079,78.75,16.25,16.25,1.0,0,48.32841722804937
6080,81.25,16.25,16.25,0.0,3,43.652530286063616
6081,83.75,16.25,16.25,0.0,3,40.66917026531008
6082,86.25,16.25,16.25,0.0,3,38.183264340481074
6083,88.75,16.25,16.25,0.0,3,36.19777351686261
6084,91.25,16.25,16.25,0.0,3,34.41166891158088
6085,93.75,16.25,16.25,0.0,3,32.51815334627349
6086,96.25,16.25,16.25,0.0,3,32.83486499865857
6087,98.75,16.25,16.25,1.0,0,35.57287593062119
6088,101.25,16.25,16.25,1.0,0,35.751654062139565
6089,103.75,16.25,16.25,1.0,0,32.331659593874406
6090,106.25,16.25,16.25,1.0,0,29.24139590321576
6091,108.75,16.25,16.25,0.0,3,26.142472866238457
6092,111.25,16.25,16.25,0.0,3,22.472493579629234
6093,113.75,16.25,16.25,0.0,3,21.721304593069597
6094,116.25,16.25,16.25,0.0,3,21.675585920166544
6095,118.75,16.25,16.25,0.0,3,22.002351613683125
6096,121.25,16.25,16.25,1.0,0,23.066935740235856
6097,123.75,16.25,16.25,0.0,2,21.352013732413447
6098,126.25,16.25,16.25,0.0,2,21.17601940323181
6099,128.75,16.25,16.25,0.0,2,22.540491869768843
6100,131.25,16.25,16.25,0.0,2,24.024202874426287
6101,133.75,16.25,16.25,0.0,2,25.034264443999962
6102,136.25,16.25,16.25,0.0,2,25.75605630004593
6103,138.75,16.25,16.25,0.0,2,26.4079516043969
6104,141.25,16.25,16.25,0.0,2,26.601371279471856
6105,143.75,16.25,16.25,0.0,2,26.34319744577739
6106,146.25,16.25,16.25,0.0,2,25.779582224928525
6107,148.75,16.25,16.25,0.0,2,24.946650893873976
6108,151.25,16.25,16.25,0.0,2,23.996913210139148
6109,153.75,16.25,16.25,0.0,2,23.021279310026756
6110,156.25,16.25,16.25,0.0,2,22.151073367566966
6111,158.75,16.25,16.25,0.0,2,21.344540122385506
6112,161.25,16.25,16.25,0.0,2,20.764804206554818
6113,163.75,16.25,16.25,0.0,2,20.347278201493904
6114,166.25,16.25,16.25,0.0,2,20.31168413131633
6115,168.75,16.25,16.25,0.0,2,20.418644099757948
6116,171.25,16.25,16.25,0.0,2,20.62546905239075
6117,173.75,16.25,16.25,0.0,2,20.902642440872615
6118,176.25,16.25,16.25,0.0,2,21.42632722108984
6119,178.75,16.25,16.25,0.0,2,21.92111612263193
6120,181.25,16.25,16.25,0.0,2,22.544581896907996
6121,183.75,16.25,16.25,0.0,2,23.082174593566585
6122,186.25,16.25,16.25,0.0,2,23.84844897282845
6123,188.75,16.25,16.25,0.0,2,24.583466044453754
6124,191.25,16.25,16.25,0.0,2,25.202837529781434
6125,193.75,16.25,16.25,0.0,2,25.560639892169707
6126,196.25,16.25,16.25,0.0,2,25.88334842569572
6127,198.75,16.25,16.25,0.0,2,25.98251128395164
6128,201.25,16.25,16.25,0.0,2,25.793924759324742
6129,203.75,16.25,16.25,0.0,2,24.590076217623093
6130,206.25,16.25,16.25,0.0,2,22.158622467508575
6131,208.75,16.25,16.25,0.0,2,19.252174875778213
6132,211.25,16.25,16.25,0.0,2,16.69749946618856
6133,213.75,16.25,16.25,0.0,2,14.149690075395572
6134,216.25,16.25,16.25,0.0,2,11.638725298957388
6135,218.75,16.25,16.25,0.0,2,9.015208270156515
6136,221.25,16.25,16.25,0.0,2,6.336513751998176
6137,223.75,16.25,16.25,0.0,2,4.058990850233993
6138,226.25,16.25,16.25,0.0,2,1.940929110951843
6139,228.75,16.25,16.25,0.0,2,0.15750534657667525
6140,231.25,16.25,16.25,0.0,2,-1.414881486189473
6141,233.75,16.25,16.25,0.0,2,-2.617464302233377
6142,236.25,16.25,16.25,0.0,2,-3.1560773308533814
6143,238.75,16.25,16.25,0.0,2,-3.2595658173754427
6144,241.25,16.25,16.25,0.0,2,-2.51287707454667
6145,243.75,16.25,16.25,0.0,2,-1.2127031961189998
6146,246.25,16.25,16.25,0.0,2,0.46178217352610035
6147,248.75,16.25,16.25,0.0,2,2.3378035523085394
6148,251.25,16.25,16.25,0.0,2,4.629242766008924
6149,253.75,16.25,16.25,0.0,2,6.061002853806228
6150,256.25,16.25,16.25,0.0,2,7.521849867105865
6151,258.75,16.25,16.25,0.0,2,9.795507138664025
6152,261.25,16.25,16.25,0.0,2,13.857673223077326
6153,263.75,16.25,16.25,0.0,0,5.528096789494982
6154,266.25,16.25,16.25,0.0,2,-0.16575449035484663
6155,268.75,16.25,16.25,1.0,0,-0.775512068860565
6156,271.25,16.25,16.25,1.0,0,-3.9290851205297805
6157,273.75,16.25,16.25,0.0,2,-5.73336811105284
6158,276.25,16.25,16.25,0.0,2,-9.717270840308242
6159,278.75,16.25,16.25,0.0,2,-9.830853267305189
6160,281.25,16.25,16.25,0.0,1,-8.633772765080415
6161,283.75,16.25,16.25,0.0,1,-8.40931911937683
6162,286.25,16.25,16.25,0.0,1,-8.860693219514625
6163,288.75,16.25,16.25,0.0,1,-11.550220343868085
6164,291.25,16.25,16.25,0.0,1,-14.7903271039905
6165,293.75,16.25,16.25,0.0,1,-15.593562153872059
6166,296.25,16.25,16.25,0.0,1,-15.893052709461656
6167,298.75,16.25,16.25,0.0,1,-16.948044797057488
6168,301.25,16.25,16.25,0.0,1,-17.26651469198732
6169,303.75,16.25,16.25,0.0,1,-17.24279494038169
6170,306.25,16.25,16.25,0.0,1,-16.9532908508124
6171,308.75,16.25,16.25,0.0,1,-16.953525858256395
6172,311.25,16.25,16.25,0.0,1,-16.706657692245564
6173,313.75,16.25,16.25,0.0,1,-16.527053265075555
6174,316.25,16.25,16.25,0.0,1,-16.52598731313835
6175,318.75,16.25,16.25,0.0,1,-16.500655280736208
6176,321.25,16.25,16.25,0.0,1,-16.395418491832487
6177,323.75,16.25,16.25,0.0,1,-16.300039347830413
6178,326.25,16.25,16.25,0.0,1,-16.240647069969008
6179,328.75,16.25,16.25,0.0,1,-15.855413401276738
6180,331.25,16.25,16.25,0.0,1,-15.40086657611574
6181,333.75,16.25,16.25,0.0,1,-14.43806673928537
6182,336.25,16.25,16.25,0.0,1,-16.199965496398544
6183,338.75,16.25,16.25,0.0,1,-14.841227378621381
6184,341.25,16.25,16.25,0.0,1,-10.358538583555067
6185,343.75,16.25,16.25,0.0,0,-5.991380499346735
6186,346.25,16.25,16.25,1.0,0,-5.634344073072439
6187,348.75,16.25,16.25,1.0,0,-7.6392740546522795
6188,351.25,16.25,16.25,1.0,0,-10.139957025327687
6189,353.75,16.25,16.25,1.0,0,-9.370459436920557
6190,356.25,16.25,16.25,1.0,0,-5.714358505217293
6191,358.75,16.25,16.25,1.0,0,-0.8127368807423219
6192,1.25,18.75,18.75,1.0,0,-6.578268004568572
6193,3.75,18.75,18.75,1.0,0,-6.61024153222133
6194,6.25,18.75,18.75,1.0,0,-5.355033478057558
6195,8.75,18.75,18.75,1.0,0,-7.959384378399806
6196,11.25,18.75,18.75,1.0,0,-14.15201955275656
6197,13.75,18.75,18.75,1.0,0,-13.424598245006356
6198,16.25,18.75,18.75,1.0,0,-8.824185397236715
6199,18.75,18.75,18.75,1.0,0,-14.346269571176101
6200,21.25,18.75,18.75,1.0,0,-19.674289212934518
6201,23.75,18.75,18.75,1.0,0,-25.412776824612163
6202,26.25,18.75,18.75,1.0,0,-29.91810616248296
6203,28.75,18.75,18.75,1.0,0,-28.551499207799136
6204,31.25,18.75,18.75,1.0,0,-18.082215020980435
6205,33.75,18.75,18.75,1.0,0,-1.8998179083502986
6206,36.25,18.75,18.75,1.0,0,7.289676130697278
6207,38.75,18.75,18.75,1.0,0,8.973724400807171
6208,41.25,18.75,18.75,1.0,0,23.950975055374254
6209,43.75,18.75,18.75,1.0,0,21.113426917519007
6210,46.25,18.75,18.75,1.0,0,-5.233654392243896
6211,48.75,18.75,18.75,1.0,0,-11.166285540987138
6212,51.25,18.75,18.75,1.0,0,-6.5947227868559395
6213,53.75,18.75,18.75,1.0,0,-1.134667392426368
6214,56.25,18.75,18.75,1.0,0,3.4674249325090916
6215,58.75,18.75,18.75,0.0,3,6.524515447659669
6216,61.25,18.75,18.75,0.0,3,8.199531988479196
6217,63.75,18.75,18.75,0.0,3,9.898071710877584
6218,66.25,18.75,18.75,0.0,3,12.196494731304902
6219,68.75,18.75,18.75,0.0,3,15.93288891288483
6220,71.25,18.75,18.75,0.0,3,21.413781452970994
6221,73.75,18.75,18.75,1.0,0,37.6398031376597
6222,76.25,18.75,18.75,1.0,0,52.88753256089719
6223,78.75,18.75,18.75,1.0,0,55.33384306832976
6224,81.25,18.75,18.75,1.0,0,54.33039874013876
6225,83.75,18.75,18.75,0.0,3,52.7913708490946
6226,86.25,18.75,18.75,0.0,3,48.000503359558024
6227,88.75,18.75,18.75,0.0,3,42.41927447186248
6228,91.25,18.75,18.75,0.0,3,38.34878163666166
6229,93.75,18.75,18.75,0.0,3,35.567255411240936
6230,96.25,18.75,18.75,1.0,0,38.12928096358868
6231,98.75,18.75,18.75,1.0,0,42.01632431162974
6232,101.25,18.75,18.75,1.0,0,41.44667985378758
6233,103.75,18.75,18.75,1.0,0,37.51665738182767
6234,106.25,18.75,18.75,1.0,0,30.94558886748264
6235,108.75,18.75,18.75,1.0,0,26.082498937205802
6236,111.25,18.75,18.75,0.0,3,23.831870603315288
6237,113.75,18.75,18.75,0.0,3,22.21236483566504
6238,116.25,18.75,18.75,0.0,3,21.22639083975901
6239,118.75,18.75,18.75,0.0,3,21.190155802980126
6240,121.25,18.75,18.75,0.0,2,20.987965112124595
6241,123.75,18.75,18.75,0.0,2,18.846355632443895
6242,126.25,18.75,18.75,0.0,2,17.944984095954474
6243,128.75,18.75,18.75,0.0,2,18.85966674308182
6244,131.25,18.75,18.75,0.0,2,19.453860494987694
6245,133.75,18.75,18.75,0.0,2,20.122238212645353
6246,136.25,18.75,18.75,0.0,2,20.86210671047111
6247,138.75,18.75,18.75,0.0,2,21.580257460741443
6248,141.25,18.75,18.75,0.0,2,21.978800630057712
6249,143.75,18.75,18.75,0.0,2,22.076285892997042
6250,146.25,18.75,18.75,0.0,2,21.718805381220008
6251,148.75,18.75,18.75,0.0,2,21.321518890512152
6252,151.25,18.75,18.75,0.0,2,20.83830191607207
6253,153.75,18.75,18.75,0.0,2,20.11270654137705
6254,156.25,18.75,18.75,0.0,2,19.394729920337976
6255,158.75,18.75,18.75,0.0,2,18.723429095705583
6256,161.25,18.75,18.75,0.0,2,18.24465968397501
6257,163.75,18.75,18.75,0.0,2,17.910406975069527
6258,166.25,18.75,18.75,0.0,2,17.83322008910053
6259,168.75,18.75,18.75,0.0,2,17.94551051512902
6260,171.25,18.75,18.75,0.0,2,18.17583631679025
6261,173.75,18.75,18.75,0.0,2,18.73947981042194
6262,176.25,18.75,18.75,0.0,2,19.299367936049148
6263,178.75,18.75,18.75,0.0,2,19.93072162895702
6264,181.25,18.75,18.75,0.0,2,20.56533018198114
6265,183.75,18.75,18.75,0.0,2,21.3019236892819
6266,186.25,18.75,18.75,0.0,2,21.95508142201399
6267,188.75,18.75,18.75,0.0,2,22.60989506087968
6268,191.25,18.75,18.75,0.0,2,23.17793930540766
6269,193.75,18.75,18.75,0.0,2,23.578702251215837
6270,196.25,18.75,18.75,0.0,2,23.757111969567294
6271,198.75,18.75,18.75,0.0,2,23.639637925845026
6272,201.25,18.75,18.75,0.0,2,23.666381183681576
6273,203.75,18.75,18.75,0.0,2,24.84922847609265
6274,206.25,18.75,18.75,0.0,2,24.329310633679828
6275,208.75,18.75,18.75,0.0,2,20.37116614910114
6276,211.25,18.75,18.75,0.0,2,17.381507847281647
6277,213.75,18.75,18.75,0.0,2,14.315803418191607
6278,216.25,18.75,18.75,0.0,2,11.317421351253152
6279,218.75,18.75,18.75,0.0,2,8.248096582542988
6280,221.25,18.75,18.75,0.0,2,5.07161668414707
6281,223.75,18.75,18.75,0.0,2,2.1619336292439906
6282,226.25,18.75,18.75,0.0,2,-0.49957424776335824
6283,228.75,18.75,18.75,0.0,2,-3.0848556276934618
6284,231.25,18.75,18.75,0.0,2,-5.731991916409676
6285,233.75,18.75,18.75,0.0,2,-7.606929020267898
6286,236.25,18.75,18.75,0.0,2,-8.78384648389098
6287,238.75,18.75,18.75,0.0,2,-9.172249351336626
6288,241.25,18.75,18.75,0.0,2,-9.014996615741989
6289,243.75,18.75,18.75,0.0,2,-7.011841683609086
6290,246.25,18.75,18.75,0.0,2,-4.1019478517710635
6291,248.75,18.75,18.75,0.0,2,-0.5266044037622793
6292,251.25,18.75,18.75,0.0,2,2.0046778135796783
6293,253.75,18.75,18.75,0.0,2,5.71617154571649
6294,256.25,18.75,18.75,0.0,2,14.065476195198604
6295,258.75,18.75,18.75,1.0,0,22.99729687891781
6296,261.25,18.75,18.75,1.0,0,22.90557390351888
6297,263.75,18.75,18.75,0.0,0,-0.22591399322992048
6298,266.25,18.75,18.75,0.0,2,-12.87475503259008
6299,268.75,18.75,18.75,0.0,2,-13.897492652864116
6300,271.25,18.75,18.75,1.0,0,-15.695764818268955
6301,273.75,18.75,18.75,0.0,2,-13.780663120598165
6302,276.25,18.75,18.75,0.0,2,-14.049626813821583
6303,278.75,18.75,18.75,0.0,2,-13.744652283006863
6304,281.25,18.75,18.75,0.0,1,-13.136670924386674
6305,283.75,18.75,18.75,0.0,1,-12.176359476947244
6306,286.25,18.75,18.75,0.0,1,-11.266550792746754
6307,288.75,18.75,18.75,1.0,0,-14.586438255373778
6308,291.25,18.75,18.75,0.0,1,-19.28690455855172
6309,293.75,18.75,18.75,0.0,1,-19.686223114356906
6310,296.25,18.75,18.75,0.0,1,-19.054880418260993
6311,298.75,18.75,18.75,0.0,1,-20.562276982631644
6312,301.25,18.75,18.75,0.0,1,-20.958743181822236
6313,303.75,18.75,18.75,0.0,1,-21.479456536174084
6314,306.25,18.75,18.75,0.0,1,-21.72733725407848
6315,308.75,18.75,18.75,0.0,1,-21.652982016553363
6316,311.25,18.75,18.75,0.0,1,-21.532959346707703
6317,313.75,18.75,18.75,0.0,1,-21.592024816607086
6318,316.25,18.75,18.75,0.0,1,-21.628779651447147
6319,318.75,18.75,18.75,0.0,1,-21.741911085832403
6320,321.25,18.75,18.75,0.0,1,-21.82857646320906
6321,323.75,18.75,18.75,0.0,1,-21.914798059539635
6322,326.25,18.75,18.75,0.0,1,-21.858894271107687
6323,328.75,18.75,18.75,0.0,1,-21.62260370879148
6324,331.25,18.75,18.75,0.0,1,-20.879362353227805
6325,333.75,18.75,18.75,0.0,1,-19.791576495236125
6326,336.25,18.75,18.75,0.0,1,-19.508868182392966
6327,338.75,18.75,18.75,0.0,1,-18.46607395944578
6328,341.25,18.75,18.75,0.0,1,-15.831353677940456
6329,343.75,18.75,18.75,0.0,1,-12.750589696509167
6330,346.25,18.75,18.75,1.0,0,-14.413707769655527
6331,348.75,18.75,18.75,1.0,0,-17.58727134529734
6332,351.25,18.75,18.75,1.0,0,-19.963327666902305
6333,353.75,18.75,18.75,1.0,0,-18.473653128669135
6334,356.25,18.75,18.75,1.0,0,-15.841228220632441
6335,358.75,18.75,18.75,1.0,0,-10.932341001043643
6336,1.25,21.25,21.25,1.0,0,-16.975032680419517
6337,3.75,21.25,21.25,1.0,0,-14.598679794879326
6338,6.25,21.25,21.25,1.0,0,-15.334033572509899
6339,8.75,21.25,21.25,1.0,0,-21.672583421132906
6340,11.25,21.25,21.25,1.0,0,-25.940223903199144
6341,13.75,21.25,21.25,1.0,0,-24.169766654885755
6342,16.25,21.25,21.25,1.0,0,-19.93219657129923
6343,18.75,21.25,21.25,1.0,0,-27.280185830666674
6344,21.25,21.25,21.25,1.0,0,-38.64219108387917
6345,23.75,21.25,21.25,1.0,0,-40.06135662303291
6346,26.25,21.25,21.25,1.0,0,-39.30877648766197
6347,28.75,21.25,21.25,1.0,0,-40.79514834025018
6348,31.25,21.25,21.25,1.0,0,-32.69180278597848
6349,33.75,21.25,21.25,1.0,0,-19.039911659961135
6350,36.25,21.25,21.25,1.0,0,-10.953350809275012
6351,38.75,21.25,21.25,1.0,0,-2.901362103203596
6352,41.25,21.25,21.25,1.0,0,10.28340932678005
6353,43.75,21.25,21.25,1.0,0,-3.426860060323824
6354,46.25,21.25,21.25,1.0,0,-19.50897783305694
6355,48.75,21.25,21.25,1.0,0,-22.15635422662189
6356,51.25,21.25,21.25,1.0,0,-16.00664601103147
6357,53.75,21.25,21.25,1.0,0,-6.126189644514527
6358,56.25,21.25,21.25,1.0,0,3.0125426031171383
6359,58.75,21.25,21.25,0.0,3,9.116470724252773
6360,61.25,21.25,21.25,0.0,3,9.26241097779197
6361,63.75,21.25,21.25,0.0,3,10.98980818665179
6362,66.25,21.25,21.25,0.0,3,12.233315445512325
6363,68.75,21.25,21.25,0.0,3,15.578477320160726
6364,71.25,21.25,21.25,0.0,0,23.056572319315556
6365,73.75,21.25,21.25,1.0,0,40.09393400675606
6366,76.25,21.25,21.25,1.0,0,55.5281802225018
6367,78.75,21.25,21.25,1.0,0,61.989094330281475
6368,81.25,21.25,21.25,1.0,0,63.298610445312555
6369,83.75,21.25,21.25,1.0,0,64.39498019016985
6370,86.25,21.25,21.25,1.0,0,58.861753370062985
6371,88.75,21.25,21.25,0.0,3,51.213932038591764
6372,91.25,21.25,21.25,0.0,3,46.981441159053
6373,93.75,21.25,21.25,1.0,0,44.675527816274375
6374,96.25,21.25,21.25,1.0,0,46.393879987475565
6375,98.75,21.25,21.25,1.0,0,49.09019273313774
6376,101.25,21.25,21.25,1.0,0,49.747456674956176
6377,103.75,21.25,21.25,1.0,0,44.22589565342658
6378,106.25,21.25,21.25,1.0,0,33.232402241860264
6379,108.75,21.25,21.25,1.0,0,26.424543918079006
6380,111.25,21.25,21.25,0.0,3,25.14181838916271
6381,113.75,21.25,21.25,0.0,3,23.28925476808866
6382,116.25,21.25,21.25,0.0,3,21.90035179930173
6383,118.75,21.25,21.25,0.0,3,21.757410379286952
6384,121.25,21.25,21.25,0.0,2,20.70064539145087
6385,123.75,21.25,21.25,0.0,2,17.27474648106128
6386,126.25,21.25,21.25,0.0,2,15.522663538742263
6387,128.75,21.25,21.25,0.0,2,15.891505334528642
6388,131.25,21.25,21.25,0.0,2,16.17289409263784
6389,133.75,21.25,21.25,0.0,2,16.77948319309932
6390,136.25,21.25,21.25,0.0,2,17.53193859835916
6391,138.75,21.25,21.25,0.0,2,17.93737708424692
6392,141.25,21.25,21.25,0.0,2,18.485408502656973
6393,143.75,21.25,21.25,0.0,2,18.69531938129992
6394,146.25,21.25,21.25,0.0,2,18.56753628125266
6395,148.75,21.25,21.25,0.0,2,18.494729671945635
6396,151.25,21.25,21.25,0.0,2,18.39241418842745
6397,153.75,21.25,21.25,0.0,2,18.00585601750999
6398,156.25,21.25,21.25,0.0,2,17.483856015548287
6399,158.75,21.25,21.25,0.0,2,17.047295310668996
6400,161.25,21.25,21.25,0.0,2,16.769671409229534
6401,163.75,21.25,21.25,0.0,2,16.659205038233782
6402,166.25,21.25,21.25,0.0,2,16.740796851394695
6403,168.75,21.25,21.25,0.0,2,17.048669235815826
6404,171.25,21.25,21.25,0.0,2,17.48334127650413
6405,173.75,21.25,21.25,0.0,2,18.144713635511284
6406,176.25,21.25,21.25,0.0,2,18.93586159498478
6407,178.75,21.25,21.25,0.0,2,19.860337687135164
6408,181.25,21.25,21.25,0.0,2,20.797717602363306
6409,183.75,21.25,21.25,0.0,2,21.839976191431603
6410,186.25,21.25,21.25,0.0,2,22.788578523344356
6411,188.75,21.25,21.25,0.0,2,23.598833940996947
6412,191.25,21.25,21.25,0.0,2,23.88521659653112
6413,193.75,21.25,21.25,0.0,2,24.167510052429012
6414,196.25,21.25,21.25,0.0,2,24.433076579157607
6415,198.75,21.25,21.25,0.0,2,24.154345880868732
6416,201.25,21.25,21.25,0.0,2,24.68331601181895
6417,203.75,21.25,21.25,0.0,2,27.102628389500516
6418,206.25,21.25,21.25,0.0,2,26.593865565641273
6419,208.75,21.25,21.25,0.0,2,22.17531117490527
6420,211.25,21.25,21.25,0.0,2,18.58071822978214
6421,213.75,21.25,21.25,0.0,2,15.05886826762381
6422,216.25,21.25,21.25,0.0,2,11.702838460688069
6423,218.75,21.25,21.25,0.0,2,8.067606888562217
6424,221.25,21.25,21.25,0.0,2,4.555093212494929
6425,223.75,21.25,21.25,0.0,2,1.2849703893739102
6426,226.25,21.25,21.25,0.0,2,-1.963820293079951
6427,228.75,21.25,21.25,0.0,2,-4.821130995806929
6428,231.25,21.25,21.25,0.0,2,-7.860218955813127
6429,233.75,21.25,21.25,0.0,2,-10.141807481070487
6430,236.25,21.25,21.25,0.0,2,-11.973662401514908
6431,238.75,21.25,21.25,0.0,2,-12.951064194434412
6432,241.25,21.25,21.25,0.0,2,-13.174817333579727
6433,243.75,21.25,21.25,0.0,2,-11.03897494451924
6434,246.25,21.25,21.25,0.0,2,-7.093774877250939
6435,248.75,21.25,21.25,0.0,2,-2.6369141977197867
6436,251.25,21.25,21.25,0.0,2,-0.28137939163736614
6437,253.75,21.25,21.25,0.0,2,8.541904189930088
6438,256.25,21.25,21.25,1.0,0,27.70147857388595
6439,258.75,21.25,21.25,1.0,0,32.777486988128445
6440,261.25,21.25,21.25,1.0,0,9.568202336158768
6441,263.75,21.25,21.25,0.0,2,-14.63764930642034
6442,266.25,21.25,21.25,0.0,2,-18.59001771409869
6443,268.75,21.25,21.25,0.0,2,-19.185786320342427
6444,271.25,21.25,21.25,0.0,2,-20.239691392936876
6445,273.75,21.25,21.25,0.0,2,-17.523196458475763
6446,276.25,21.25,21.25,0.0,2,-17.75704574911443
6447,278.75,21.25,21.25,0.0,2,-18.905911546076997
6448,281.25,21.25,21.25,0.0,1,-18.89916480911468
6449,283.75,21.25,21.25,0.0,1,-17.13487349239315
6450,286.25,21.25,21.25,0.0,1,-15.450286233931898
6451,288.75,21.25,21.25,0.0,1,-16.84695183080047
6452,291.25,21.25,21.25,0.0,1,-19.779377853095195
6453,293.75,21.25,21.25,0.0,1,-21.334123823305642
6454,296.25,21.25,21.25,0.0,1,-21.942142774204235
6455,298.75,21.25,21.25,0.0,1,-23.150696801171716
6456,301.25,21.25,21.25,0.0,1,-23.862349268238958
6457,303.75,21.25,21.25,0.0,1,-24.38179033136988
6458,306.25,21.25,21.25,0.0,1,-24.753141668666114
6459,308.75,21.25,21.25,0.0,1,-24.978173766838466
6460,311.25,21.25,21.25,0.0,1,-25.117302972979154
6461,313.75,21.25,21.25,0.0,1,-24.981595180553967
6462,316.25,21.25,21.25,0.0,1,-25.05143823744722
6463,318.75,21.25,21.25,0.0,1,-25.257962002209453
6464,321.25,21.25,21.25,0.0,1,-25.636498308255728
6465,323.75,21.25,21.25,0.0,1,-26.06995754426054
6466,326.25,21.25,21.25,0.0,1,-26.378114092896435
6467,328.75,21.25,21.25,0.0,1,-26.43357116425555
6468,331.25,21.25,21.25,0.0,1,-25.90676058790975
6469,333.75,21.25,21.25,0.0,1,-25.07664430495335
6470,336.25,21.25,21.25,0.0,1,-23.958385380335894
6471,338.75,21.25,21.25,0.0,1,-23.185940934701232
6472,341.25,21.25,21.25,0.0,1,-22.260913822599065
6473,343.75,21.25,21.25,1.0,0,-22.813775369475525
6474,346.25,21.25,21.25,1.0,0,-25.524099102647334
6475,348.75,21.25,21.25,1.0,0,-27.006516636279578
6476,351.25,21.25,21.25,1.0,0,-28.47949374612768
6477,353.75,21.25,21.25,1.0,0,-26.72177906636026
6478,356.25,21.25,21.25,1.0,0,-23.903090089402035
6479,358.75,21.25,21.25,1.0,0,-19.94859339582655
6480,1.25,23.75,23.75,1.0,0,-27.60132923405338
6481,3.75,23.75,23.75,1.0,0,-19.42882865958099
6482,6.25,23.75,23.75,1.0,0,-14.051907307902946
6483,8.75,23.75,23.75,1.0,0,-20.11542820032791
6484,11.25,23.75,23.75,1.0,0,-29.2238207007494
6485,13.75,23.75,23.75,1.0,0,-34.51939705839633
6486,16.25,23.75,23.75,1.0,0,-37.37315748860672
6487,18.75,23.75,23.75,1.0,0,-40.16107899917244
6488,21.25,23.75,23.75,1.0,0,-45.08821405178817
6489,23.75,23.75,23.75,1.0,0,-45.75068881083147
6490,26.25,23.75,23.75,1.0,0,-43.98497397816946
6491,28.75,23.75,23.75,1.0,0,-46.10251310522383
6492,31.25,23.75,23.75,1.0,0,-42.873446816009
6493,33.75,23.75,23.75,1.0,0,-37.01963375269111
6494,36.25,23.75,23.75,1.0,0,-31.67439761492309
6495,38.75,23.75,23.75,1.0,0,-17.179379076309825
6496,41.25,23.75,23.75,1.0,0,-12.699863172206989
6497,43.75,23.75,23.75,1.0,0,-22.36453415628155
6498,46.25,23.75,23.75,1.0,0,-27.436643792048233
6499,48.75,23.75,23.75,1.0,0,-27.39405547870616
6500,51.25,23.75,23.75,1.0,0,-20.396942119579418
6501,53.75,23.75,23.75,1.0,0,-8.404091416640895
6502,56.25,23.75,23.75,1.0,0,0.6691174883504197
6503,58.75,23.75,23.75,0.0,3,9.837785000686816
6504,61.25,23.75,23.75,0.0,3,12.081354808687609
6505,63.75,23.75,23.75,0.0,3,12.366882455763964
6506,66.25,23.75,23.75,0.0,3,13.58166440855393
6507,68.75,23.75,23.75,1.0,0,16.48427273086793
6508,71.25,23.75,23.75,1.0,0,22.8246276062727
6509,73.75,23.75,23.75,1.0,0,37.82864469397208
6510,76.25,23.75,23.75,1.0,0,54.318296311347915
6511,78.75,23.75,23.75,1.0,0,64.1057779818119
6512,81.25,23.75,23.75,1.0,0,66.91644328545904
6513,83.75,23.75,23.75,1.0,0,71.77050273799063
6514,86.25,23.75,23.75,1.0,0,72.80687460113151
6515,88.75,23.75,23.75,1.0,0,67.79842083142742
6516,91.25,23.75,23.75,1.0,0,62.99438338431367
6517,93.75,23.75,23.75,1.0,0,58.5009730135167
6518,96.25,23.75,23.75,1.0,0,53.0020378519938
6519,98.75,23.75,23.75,1.0,0,58.111750478320545
6520,101.25,23.75,23.75,1.0,0,63.223739523459706
6521,103.75,23.75,23.75,1.0,0,58.507716458244424
6522,106.25,23.75,23.75,1.0,0,41.439196069884
6523,108.75,23.75,23.75,1.0,0,28.031269374455306
6524,111.25,23.75,23.75,1.0,0,25.55092939191498
6525,113.75,23.75,23.75,1.0,0,25.06144744096523
6526,116.25,23.75,23.75,1.0,0,23.422020822005383
6527,118.75,23.75,23.75,0.0,3,20.613796393193212
6528,121.25,23.75,23.75,0.0,2,18.2524961516796
6529,123.75,23.75,23.75,0.0,2,15.974928582182807
6530,126.25,23.75,23.75,0.0,2,14.631328771560417
6531,128.75,23.75,23.75,0.0,2,14.209468670050335
6532,131.25,23.75,23.75,0.0,2,14.399121459122254
6533,133.75,23.75,23.75,0.0,2,15.155621799999707
6534,136.25,23.75,23.75,0.0,2,15.812270098950846
6535,138.75,23.75,23.75,0.0,2,16.206715471081647
6536,141.25,23.75,23.75,0.0,2,16.874955476928246
6537,143.75,23.75,23.75,0.0,2,17.10369035205741
6538,146.25,23.75,23.75,0.0,2,17.098490839583917
6539,148.75,23.75,23.75,0.0,2,17.18988160230259
6540,151.25,23.75,23.75,0.0,2,17.550774412111345
6541,153.75,23.75,23.75,0.0,2,17.24114805946944
6542,156.25,23.75,23.75,0.0,2,16.81565126823508
6543,158.75,23.75,23.75,0.0,2,16.300829542040685
6544,161.25,23.75,23.75,0.0,2,16.20848827725503
6545,163.75,23.75,23.75,0.0,2,16.455321841024897
6546,166.25,23.75,23.75,0.0,2,16.904330318299355
6547,168.75,23.75,23.75,0.0,2,17.46961635229804
6548,171.25,23.75,23.75,0.0,2,18.25820671307514
6549,173.75,23.75,23.75,0.0,2,19.259276427899024
6550,176.25,23.75,23.75,0.0,2,20.40127597303583
6551,178.75,23.75,23.75,0.0,2,21.625158853317025
6552,181.25,23.75,23.75,0.0,2,23.039107698902434
6553,183.75,23.75,23.75,0.0,2,24.522748235451196
6554,186.25,23.75,23.75,0.0,2,25.915519319789443
6555,188.75,23.75,23.75,0.0,2,26.99517724295936
6556,191.25,23.75,23.75,0.0,2,27.950946709805066
6557,193.75,23.75,23.75,0.0,2,28.519629663477097
6558,196.25,23.75,23.75,0.0,2,28.67707890992127
6559,198.75,23.75,23.75,0.0,2,29.220423292664048
6560,201.25,23.75,23.75,0.0,2,30.217495627805423
6561,203.75,23.75,23.75,0.0,2,30.157919350344812
6562,206.25,23.75,23.75,0.0,2,28.12520424927995
6563,208.75,23.75,23.75,0.0,2,24.878815918882193
6564,211.25,23.75,23.75,0.0,2,21.00389050806873
6565,213.75,23.75,23.75,0.0,2,16.920735205103995
6566,216.25,23.75,23.75,0.0,2,12.826874916163893
6567,218.75,23.75,23.75,0.0,2,8.815026559599847
6568,221.25,23.75,23.75,0.0,2,4.642838523174062
6569,223.75,23.75,23.75,0.0,2,0.9746154291466551
6570,226.25,23.75,23.75,0.0,2,-2.426425481072955
6571,228.75,23.75,23.75,0.0,2,-5.642442040513047
6572,231.25,23.75,23.75,0.0,2,-8.879285311100535
6573,233.75,23.75,23.75,0.0,2,-11.286981781853617
6574,236.25,23.75,23.75,0.0,2,-13.047986386327656
6575,238.75,23.75,23.75,0.0,2,-13.778211209417643
6576,241.25,23.75,23.75,0.0,2,-13.868174483243372
6577,243.75,23.75,23.75,0.0,2,-12.175418609247016
6578,246.25,23.75,23.75,0.0,2,-7.832786338043751
6579,248.75,23.75,23.75,0.0,2,-4.434673772298559
6580,251.25,23.75,23.75,0.0,2,1.4943253998525872
6581,253.75,23.75,23.75,0.0,2,18.148695670602372
6582,256.25,23.75,23.75,1.0,0,31.60980230060467
6583,258.75,23.75,23.75,1.0,0,19.020699332056132
6584,261.25,23.75,23.75,1.0,0,-13.380794508245849
6585,263.75,23.75,23.75,0.0,2,-23.257612377475056
6586,266.25,23.75,23.75,0.0,2,-20.05567662903276
6587,268.75,23.75,23.75,0.0,2,-20.957884650798157
6588,271.25,23.75,23.75,0.0,2,-21.335430288241895
6589,273.75,23.75,23.75,0.0,2,-21.023186399619657
6590,276.25,23.75,23.75,0.0,2,-21.818806410053774
6591,278.75,23.75,23.75,0.0,2,-23.07956888887361
6592,281.25,23.75,23.75,0.0,1,-22.239946702219378
6593,283.75,23.75,23.75,0.0,1,-20.483290103070622
6594,286.25,23.75,23.75,0.0,1,-19.906453746244768
6595,288.75,23.75,23.75,0.0,1,-20.63800774022726
6596,291.25,23.75,23.75,0.0,1,-21.704143891697772
6597,293.75,23.75,23.75,0.0,1,-22.760023918879
6598,296.25,23.75,23.75,0.0,1,-23.594379316108128
6599,298.75,23.75,23.75,0.0,1,-24.316416270545968
6600,301.25,23.75,23.75,0.0,1,-24.8314035115368
6601,303.75,23.75,23.75,0.0,1,-25.30985413844145
6602,306.25,23.75,23.75,0.0,1,-25.626032211247278
6603,308.75,23.75,23.75,0.0,1,-25.39750938012854
6604,311.25,23.75,23.75,0.0,1,-25.34617672362288
6605,313.75,23.75,23.75,0.0,1,-25.27056014536804
6606,316.25,23.75,23.75,0.0,1,-25.151376096608725
6607,318.75,23.75,23.75,0.0,1,-25.02661410039689
6608,321.25,23.75,23.75,0.0,1,-25.417093833135453
6609,323.75,23.75,23.75,0.0,1,-26.113522433253518
6610,326.25,23.75,23.75,0.0,1,-27.25325184569904
6611,328.75,23.75,23.75,0.0,1,-28.503519450833842
6612,331.25,23.75,23.75,0.0,1,-29.423570829980378
6613,333.75,23.75,23.75,0.0,1,-29.615621579168682
6614,336.25,23.75,23.75,0.0,1,-29.282047489160266
6615,338.75,23.75,23.75,0.0,1,-28.965498859797307
6616,341.25,23.75,23.75,0.0,1,-28.432199151941493
6617,343.75,23.75,23.75,0.0,1,-29.20283539194387
6618,346.25,23.75,23.75,1.0,0,-31.448050907744207
6619,348.75,23.75,23.75,1.0,0,-33.44822428766075
6620,351.25,23.75,23.75,1.0,0,-34.579514504676744
6621,353.75,23.75,23.75,1.0,0,-33.413392845774965
6622,356.25,23.75,23.75,1.0,0,-32.044110096343076
6623,358.75,23.75,23.75,1.0,0,-30.838681979468095
6624,1.25,26.25,26.25,1.0,0,-35.73439842722456
6625,3.75,26.25,26.25,1.0,0,-31.030372986733177
6626,6.25,26.25,26.25,1.0,0,-26.824059065879098
6627,8.75,26.25,26.25,1.0,0,-29.56884257832999
6628,11.25,26.25,26.25,1.0,0,-34.05153038203654
6629,13.75,26.25,26.25,1.0,0,-37.98332976376352
6630,16.25,26.25,26.25,1.0,0,-40.77007602373358
6631,18.75,26.25,26.25,1.0,0,-45.43457850670957
6632,21.25,26.25,26.25,1.0,0,-49.880687158239
6633,23.75,26.25,26.25,1.0,0,-50.608200458336526
6634,26.25,26.25,26.25,1.0,0,-50.45676298066401
6635,28.75,26.25,26.25,1.0,0,-49.749600623124756
6636,31.25,26.25,26.25,1.0,0,-46.87217064193588
6637,33.75,26.25,26.25,1.0,0,-44.459836620748945
6638,36.25,26.25,26.25,1.0,0,-38.00650973402385
6639,38.75,26.25,26.25,1.0,0,-26.29873453136615
6640,41.25,26.25,26.25,1.0,0,-27.51131605149492
6641,43.75,26.25,26.25,1.0,0,-33.51533811033205
6642,46.25,26.25,26.25,1.0,0,-34.9744746826119
6643,48.75,26.25,26.25,1.0,0,-33.66908021974529
6644,51.25,26.25,26.25,1.0,0,-21.42982016623562
6645,53.75,26.25,26.25,1.0,0,0.4309591081507731
6646,56.25,26.25,26.25,1.0,0,8.840243799550777
6647,58.75,26.25,26.25,1.0,0,14.805870671581967
6648,61.25,26.25,26.25,1.0,0,18.375373975714012
6649,63.75,26.25,26.25,1.0,0,20.228798340936162
6650,66.25,26.25,26.25,1.0,0,21.55095461564563
6651,68.75,26.25,26.25,1.0,0,21.029491263237077
6652,71.25,26.25,26.25,1.0,0,23.82271332544037
6653,73.75,26.25,26.25,1.0,0,34.42024311653717
6654,76.25,26.25,26.25,1.0,0,49.22853503840423
6655,78.75,26.25,26.25,1.0,0,61.30761541570318
6656,81.25,26.25,26.25,1.0,0,70.97334754783023
6657,83.75,26.25,26.25,1.0,0,77.8093923428521
6658,86.25,26.25,26.25,1.0,0,80.08470883124701
6659,88.75,26.25,26.25,1.0,0,75.04616672272041
6660,91.25,26.25,26.25,1.0,0,73.95520690760974
6661,93.75,26.25,26.25,1.0,0,68.59267412355986
6662,96.25,26.25,26.25,1.0,0,60.03085877541273
6663,98.75,26.25,26.25,1.0,0,67.32205404862074
6664,101.25,26.25,26.25,1.0,0,74.34222772098616
6665,103.75,26.25,26.25,1.0,0,61.53419519085934
6666,106.25,26.25,26.25,1.0,0,38.485278436493815
6667,108.75,26.25,26.25,1.0,0,22.94375729663994
6668,111.25,26.25,26.25,1.0,0,13.19016307539913
6669,113.75,26.25,26.25,1.0,0,13.585145236121782
6670,116.25,26.25,26.25,1.0,0,17.208234382165692
6671,118.75,26.25,26.25,1.0,0,15.443747863884454
6672,121.25,26.25,26.25,0.0,2,9.188241248647856
6673,123.75,26.25,26.25,0.0,2,8.958240773154165
6674,126.25,26.25,26.25,0.0,2,11.405449069307785
6675,128.75,26.25,26.25,0.0,2,13.071649519774898
6676,131.25,26.25,26.25,0.0,2,13.563303571141455
6677,133.75,26.25,26.25,0.0,2,14.486291412729335
6678,136.25,26.25,26.25,0.0,2,15.496429898116885
6679,138.75,26.25,26.25,0.0,2,16.515387841554947
6680,141.25,26.25,26.25,0.0,2,17.388551972620796
6681,143.75,26.25,26.25,0.0,2,18.050249752005435
6682,146.25,26.25,26.25,0.0,2,18.42562512482586
6683,148.75,26.25,26.25,0.0,2,19.04068805469985
6684,151.25,26.25,26.25,0.0,2,19.74910669097777
6685,153.75,26.25,26.25,0.0,2,19.992713757283678
6686,156.25,26.25,26.25,0.0,2,20.00951968354003
6687,158.75,26.25,26.25,0.0,2,20.021739041984542
6688,161.25,26.25,26.25,0.0,2,20.248019661743637
6689,163.75,26.25,26.25,0.0,2,20.627338510185428
6690,166.25,26.25,26.25,0.0,2,21.255772528625535
6691,168.75,26.25,26.25,0.0,2,21.995976077084155
6692,171.25,26.25,26.25,0.0,2,22.909828909485643
6693,173.75,26.25,26.25,0.0,2,23.903664940209932
6694,176.25,26.25,26.25,0.0,2,25.407024692555655
6695,178.75,26.25,26.25,0.0,2,27.10473547584063
6696,181.25,26.25,26.25,0.0,2,28.78690864599661
6697,183.75,26.25,26.25,0.0,2,30.268563578051427
6698,186.25,26.25,26.25,0.0,2,31.75371470866611
6699,188.75,26.25,26.25,0.0,2,33.09006974056684
6700,191.25,26.25,26.25,0.0,2,34.117994335077
6701,193.75,26.25,26.25,0.0,2,34.990314656055006
6702,196.25,26.25,26.25,0.0,2,35.63638135148556
6703,198.75,26.25,26.25,0.0,2,35.740543642891375
6704,201.25,26.25,26.25,0.0,2,35.23298655440043
6705,203.75,26.25,26.25,0.0,2,33.72791671115966
6706,206.25,26.25,26.25,0.0,2,31.683035459098505
6707,208.75,26.25,26.25,0.0,2,28.340475929127503
6708,211.25,26.25,26.25,0.0,2,24.43912154718668
6709,213.75,26.25,26.25,0.0,2,20.369267043624617
6710,216.25,26.25,26.25,0.0,2,15.9587480579245
6711,218.75,26.25,26.25,0.0,2,11.303477872804484
6712,221.25,26.25,26.25,0.0,2,6.562750763082028
6713,223.75,26.25,26.25,0.0,2,2.371514350511628
6714,226.25,26.25,26.25,0.0,2,-1.4818865340560528
6715,228.75,26.25,26.25,0.0,2,-4.909935996317801
6716,231.25,26.25,26.25,0.0,2,-8.251177744512102
6717,233.75,26.25,26.25,0.0,2,-11.13721895347822
6718,236.25,26.25,26.25,0.0,2,-13.359824041219458
6719,238.75,26.25,26.25,0.0,2,-14.09500725445387
6720,241.25,26.25,26.25,0.0,2,-14.072356599882449
6721,243.75,26.25,26.25,0.0,2,-11.462009894344943
6722,246.25,26.25,26.25,0.0,2,-9.149666741716619
6723,248.75,26.25,26.25,1.0,0,-5.691575155427289
6724,251.25,26.25,26.25,1.0,0,12.005093677166684
6725,253.75,26.25,26.25,1.0,0,30.527185120739045
6726,256.25,26.25,26.25,1.0,0,21.61263468229302
6727,258.75,26.25,26.25,1.0,0,-3.6008341709369915
6728,261.25,26.25,26.25,1.0,0,-25.558080619899933
6729,263.75,26.25,26.25,0.0,2,-26.463888203054594
6730,266.25,26.25,26.25,0.0,2,-23.908886488460077
6731,268.75,26.25,26.25,0.0,2,-24.222188462738245
6732,271.25,26.25,26.25,0.0,2,-24.589859948425
6733,273.75,26.25,26.25,0.0,2,-25.244518541687867
6734,276.25,26.25,26.25,0.0,2,-25.978439023876394
6735,278.75,26.25,26.25,0.0,2,-26.21871225466646
6736,281.25,26.25,26.25,0.0,1,-24.38604655977883
6737,283.75,26.25,26.25,0.0,1,-23.02027919593352
6738,286.25,26.25,26.25,0.0,1,-23.199340421025916
6739,288.75,26.25,26.25,0.0,1,-22.96223799093189
6740,291.25,26.25,26.25,0.0,1,-22.834879101378103
6741,293.75,26.25,26.25,0.0,1,-23.21009587222848
6742,296.25,26.25,26.25,0.0,1,-23.78029637474724
6743,298.75,26.25,26.25,0.0,1,-23.96873212331927
6744,301.25,26.25,26.25,0.0,1,-24.242439965079374
6745,303.75,26.25,26.25,0.0,1,-24.2809999646635
6746,306.25,26.25,26.25,0.0,1,-23.9684274329252
6747,308.75,26.25,26.25,0.0,1,-23.570742382324806
6748,311.25,26.25,26.25,0.0,1,-23.191248625941395
6749,313.75,26.25,26.25,0.0,1,-22.501997726478802
6750,316.25,26.25,26.25,0.0,1,-21.980746359072164
6751,318.75,26.25,26.25,0.0,1,-21.5774348864638
6752,321.25,26.25,26.25,0.0,1,-21.66178495430361
6753,323.75,26.25,26.25,0.0,1,-22.246258799478905
6754,326.25,26.25,26.25,0.0,1,-23.19633833577571
6755,328.75,26.25,26.25,0.0,1,-24.691483855803234
6756,331.25,26.25,26.25,0.0,1,-26.57674164201296
6757,333.75,26.25,26.25,0.0,1,-28.837431618332275
6758,336.25,26.25,26.25,0.0,1,-30.92191031863996
6759,338.75,26.25,26.25,0.0,1,-32.392909196329214
6760,341.25,26.25,26.25,0.0,1,-32.56077755902434
6761,343.75,26.25,26.25,0.0,1,-32.23412426848986
6762,346.25,26.25,26.25,0.0,1,-32.92899203248753
6763,348.75,26.25,26.25,1.0,0,-34.47024507672362
6764,351.25,26.25,26.25,1.0,0,-35.86437668911359
6765,353.75,26.25,26.25,1.0,0,-36.209030277585306
6766,356.25,26.25,26.25,1.0,0,-36.00990721091411
6767,358.75,26.25,26.25,1.0,0,-36.50087951185701
6768,1.25,28.75,28.75,1.0,0,-36.6141878765818
6769,3.75,28.75,28.75,1.0,0,-36.21898517626627
6770,6.25,28.75,28.75,1.0,0,-36.94013979677322
6771,8.75,28.75,28.75,1.0,0,-36.88065933658886
6772,11.25,28.75,28.75,1.0,0,-35.8908754148869
6773,13.75,28.75,28.75,1.0,0,-37.000561081784575
6774,16.25,28.75,28.75,1.0,0,-40.36636333192361
6775,18.75,28.75,28.75,1.0,0,-46.693927506829276
6776,21.25,28.75,28.75,1.0,0,-51.80810876700252
6777,23.75,28.75,28.75,1.0,0,-53.8548035431705
6778,26.25,28.75,28.75,1.0,0,-53.98220510145485
6779,28.75,28.75,28.75,1.0,0,-53.29108046904607
6780,31.25,28.75,28.75,1.0,0,-50.13710435920595
6781,33.75,28.75,28.75,1.0,0,-43.92373562595006
6782,36.25,28.75,28.75,1.0,0,-37.204284939793574
6783,38.75,28.75,28.75,1.0,0,-33.20622841057774
6784,41.25,28.75,28.75,1.0,0,-34.74565037906268
6785,43.75,28.75,28.75,1.0,0,-39.44867227103569
6786,46.25,28.75,28.75,1.0,0,-40.36536057094965
6787,48.75,28.75,28.75,1.0,0,-34.29954923262863
6788,51.25,28.75,28.75,1.0,0,-2.8526444159816933
6789,53.75,28.75,28.75,1.0,0,33.98031216301532
6790,56.25,28.75,28.75,1.0,0,36.73566623744489
6791,58.75,28.75,28.75,1.0,0,25.106930796837375
6792,61.25,28.75,28.75,1.0,0,16.458230631527307
6793,63.75,28.75,28.75,1.0,0,16.065242707482533
6794,66.25,28.75,28.75,1.0,0,20.539134649561877
6795,68.75,28.75,28.75,1.0,0,25.917880884183386
6796,71.25,28.75,28.75,1.0,0,27.33884267847228
6797,73.75,28.75,28.75,1.0,0,33.927924278100136
6798,76.25,28.75,28.75,1.0,0,52.379307566909546
6799,78.75,28.75,28.75,1.0,0,70.52649597062616
6800,81.25,28.75,28.75,1.0,0,72.97296451919989
6801,83.75,28.75,28.75,1.0,0,55.371454536011015
6802,86.25,28.75,28.75,1.0,0,42.43993241257099
6803,88.75,28.75,28.75,1.0,0,37.16144456456491
6804,91.25,28.75,28.75,1.0,0,61.41246673045139
6805,93.75,28.75,28.75,1.0,0,76.01540723728351
6806,96.25,28.75,28.75,1.0,0,69.77089331731655
6807,98.75,28.75,28.75,1.0,0,58.25908196231901
6808,101.25,28.75,28.75,1.0,0,81.05842691669694
6809,103.75,28.75,28.75,1.0,0,44.55951379893783
6810,106.25,28.75,28.75,1.0,0,9.359104612057012
6811,108.75,28.75,28.75,1.0,0,9.96043151397079
6812,111.25,28.75,28.75,1.0,0,-2.6384165784718343
6813,113.75,28.75,28.75,1.0,0,-3.582275017478542
6814,116.25,28.75,28.75,1.0,0,1.0911251037508798
6815,118.75,28.75,28.75,1.0,0,2.7243908949493725
6816,121.25,28.75,28.75,0.0,0,-1.98534472178804
6817,123.75,28.75,28.75,0.0,2,-0.8940174953811842
6818,126.25,28.75,28.75,0.0,2,3.834006128703637
6819,128.75,28.75,28.75,0.0,2,9.278614554394926
6820,131.25,28.75,28.75,0.0,2,12.159923046695493
6821,133.75,28.75,28.75,0.0,2,13.970820563559922
6822,136.25,28.75,28.75,0.0,2,15.450250238718292
6823,138.75,28.75,28.75,0.0,2,17.40020804834874
6824,141.25,28.75,28.75,0.0,2,19.215962830892714
6825,143.75,28.75,28.75,0.0,2,20.961698630354483
6826,146.25,28.75,28.75,0.0,2,22.29812356126041
6827,148.75,28.75,28.75,0.0,2,23.761429254974697
6828,151.25,28.75,28.75,0.0,2,25.0240645814579
6829,153.75,28.75,28.75,0.0,2,26.14371119769595
6830,156.25,28.75,28.75,0.0,2,26.80989256638003
6831,158.75,28.75,28.75,0.0,2,27.534590926987025
6832,161.25,28.75,28.75,0.0,2,28.218924782485292
6833,163.75,28.75,28.75,0.0,2,29.06899170078221
6834,166.25,28.75,28.75,0.0,2,29.986703141883595
6835,168.75,28.75,28.75,0.0,2,30.924120442435097
6836,171.25,28.75,28.75,0.0,2,31.94954514511396
6837,173.75,28.75,28.75,0.0,2,33.01604439517543
6838,176.25,28.75,28.75,0.0,2,34.4374335399798
6839,178.75,28.75,28.75,0.0,2,36.18123923534558
6840,181.25,28.75,28.75,0.0,2,37.953321889416905
6841,183.75,28.75,28.75,0.0,2,39.5249690469996
6842,186.25,28.75,28.75,0.0,2,40.80022470137203
6843,188.75,28.75,28.75,0.0,2,41.82488410620186
6844,191.25,28.75,28.75,0.0,2,42.57646670587464
6845,193.75,28.75,28.75,0.0,2,42.90059883280512
6846,196.25,28.75,28.75,0.0,2,42.816536511504175
6847,198.75,28.75,28.75,0.0,2,42.00622995942466
6848,201.25,28.75,28.75,0.0,2,40.71775183939007
6849,203.75,28.75,28.75,0.0,2,38.90119667491249
6850,206.25,28.75,28.75,0.0,2,36.34962078795187
6851,208.75,28.75,28.75,0.0,2,32.96539948717802
6852,211.25,28.75,28.75,0.0,2,29.258580270588585
6853,213.75,28.75,28.75,0.0,2,24.894019609907616
6854,216.25,28.75,28.75,0.0,2,20.509562094371965
6855,218.75,28.75,28.75,0.0,2,15.674503412835671
6856,221.25,28.75,28.75,0.0,2,10.531762114523955
6857,223.75,28.75,28.75,0.0,2,5.881616196209994
6858,226.25,28.75,28.75,0.0,2,1.618791483621813
6859,228.75,28.75,28.75,0.0,2,-2.3129941134872367
6860,231.25,28.75,28.75,0.0,2,-6.53155339341879
6861,233.75,28.75,28.75,0.0,2,-10.147496941023709
6862,236.25,28.75,28.75,0.0,2,-12.756986628280506
6863,238.75,28.75,28.75,0.0,2,-14.233810635421015
6864,241.25,28.75,28.75,0.0,2,-14.27234432025203
6865,243.75,28.75,28.75,0.0,2,-12.533201796195954
6866,246.25,28.75,28.75,0.0,0,-12.119511139422016
6867,248.75,28.75,28.75,1.0,0,-3.648859796401616
6868,251.25,28.75,28.75,1.0,0,19.79928311697776
6869,253.75,28.75,28.75,1.0,0,26.57452273074142
6870,256.25,28.75,28.75,1.0,0,3.047918229513736
6871,258.75,28.75,28.75,1.0,0,-21.592360224699902
6872,261.25,28.75,28.75,1.0,0,-33.14444293977891
6873,263.75,28.75,28.75,0.0,2,-32.222089083990056
6874,266.25,28.75,28.75,0.0,2,-30.495383981114145
6875,268.75,28.75,28.75,0.0,2,-30.545759971579468
6876,271.25,28.75,28.75,0.0,2,-30.322725443296886
6877,273.75,28.75,28.75,0.0,2,-30.12239336651422
6878,276.25,28.75,28.75,0.0,2,-31.607798935251658
6879,278.75,28.75,28.75,0.0,2,-31.950483785310393
6880,281.25,28.75,28.75,0.0,1,-28.708406924783667
6881,283.75,28.75,28.75,0.0,1,-26.330030421267125
6882,286.25,28.75,28.75,0.0,1,-25.43630666090706
6883,288.75,28.75,28.75,0.0,1,-23.867232962890576
6884,291.25,28.75,28.75,0.0,1,-22.761630946999325
6885,293.75,28.75,28.75,0.0,1,-21.998770573201192
6886,296.25,28.75,28.75,0.0,1,-21.70406323406446
6887,298.75,28.75,28.75,0.0,1,-21.42879735056209
6888,301.25,28.75,28.75,0.0,1,-21.484474930051295
6889,303.75,28.75,28.75,0.0,1,-21.302373323116715
6890,306.25,28.75,28.75,0.0,1,-20.876955373130848
6891,308.75,28.75,28.75,0.0,1,-20.065960119978655
6892,311.25,28.75,28.75,0.0,1,-19.41385876432028
6893,313.75,28.75,28.75,0.0,1,-18.92205040043065
6894,316.25,28.75,28.75,0.0,1,-18.31818638174157
6895,318.75,28.75,28.75,0.0,1,-17.804411353844806
6896,321.25,28.75,28.75,0.0,1,-17.671336836997565
6897,323.75,28.75,28.75,0.0,1,-17.665318368958513
6898,326.25,28.75,28.75,0.0,1,-18.30230509270087
6899,328.75,28.75,28.75,0.0,1,-19.585797158664892
6900,331.25,28.75,28.75,0.0,1,-21.476819012733433
6901,333.75,28.75,28.75,0.0,1,-24.072030708978197
6902,336.25,28.75,28.75,0.0,1,-27.121233533403334
6903,338.75,28.75,28.75,0.0,1,-30.34715748683259
6904,341.25,28.75,28.75,0.0,1,-32.69068063414741
6905,343.75,28.75,28.75,0.0,1,-33.24009154291902
6906,346.25,28.75,28.75,0.0,1,-33.88120689240914
6907,348.75,28.75,28.75,0.0,1,-34.883353413290656
6908,351.25,28.75,28.75,1.0,0,-34.05630968725955
6909,353.75,28.75,28.75,1.0,0,-31.8126168968971
6910,356.25,28.75,28.75,1.0,0,-34.983164276969624
6911,358.75,28.75,28.75,1.0,0,-37.646941285422656
6912,1.25,31.25,31.25,1.0,0,-30.536933846388536
6913,3.75,31.25,31.25,1.0,0,-34.33611918730184
6914,6.25,31.25,31.25,1.0,0,-39.43009391201493
6915,8.75,31.25,31.25,1.0,0,-37.822572320685175
6916,11.25,31.25,31.25,1.0,0,-35.29530643624812
6917,13.75,31.25,31.25,1.0,0,-37.457207775498134
6918,16.25,31.25,31.25,0.0,1,-41.937923900285064
6919,18.75,31.25,31.25,0.0,1,-47.04353231021157
6920,21.25,31.25,31.25,1.0,0,-50.643019364084616
6921,23.75,31.25,31.25,1.0,0,-52.575181067058416
6922,26.25,31.25,31.25,0.0,1,-53.14558603137258
6923,28.75,31.25,31.25,0.0,1,-53.734251384365386
6924,31.25,31.25,31.25,0.0,2,-51.921333651447505
6925,33.75,31.25,31.25,0.0,2,-46.436686168506675
6926,36.25,31.25,31.25,1.0,0,-39.15691515730982
6927,38.75,31.25,31.25,1.0,0,-34.84142511594589
6928,41.25,31.25,31.25,1.0,0,-39.16712904072588
6929,43.75,31.25,31.25,1.0,0,-42.70053691966572
6930,46.25,31.25,31.25,1.0,0,-37.64225122973355
6931,48.75,31.25,31.25,1.0,0,-16.67546481644682
6932,51.25,31.25,31.25,1.0,0,28.18452534185123
6933,53.75,31.25,31.25,1.0,0,48.87633188643161
6934,56.25,31.25,31.25,1.0,0,39.41581055393565
6935,58.75,31.25,31.25,1.0,0,24.62308500026698
6936,61.25,31.25,31.25,1.0,0,14.176428657465225
6937,63.75,31.25,31.25,1.0,0,13.660822767838988
6938,66.25,31.25,31.25,1.0,0,22.838966998980844
6939,68.75,31.25,31.25,1.0,0,27.31108798355777
6940,71.25,31.25,31.25,1.0,0,27.330857919457994
6941,73.75,31.25,31.25,1.0,0,38.61154987224582
6942,76.25,31.25,31.25,1.0,0,66.09824149580524
6943,78.75,31.25,31.25,1.0,0,70.26945645212331
6944,81.25,31.25,31.25,1.0,0,49.17191156586164
6945,83.75,31.25,31.25,1.0,0,36.11201973702427
6946,86.25,31.25,31.25,1.0,0,44.078862127768154
6947,88.75,31.25,31.25,1.0,0,44.915937898827025
6948,91.25,31.25,31.25,1.0,0,53.09831232635862
6949,93.75,31.25,31.25,1.0,0,56.63450395058478
6950,96.25,31.25,31.25,1.0,0,56.786598789486426
6951,98.75,31.25,31.25,1.0,0,47.88617681289445
6952,101.25,31.25,31.25,1.0,0,85.75396323692395
6953,103.75,31.25,31.25,1.0,0,43.81957620612674
6954,106.25,31.25,31.25,1.0,0,-1.8489584425606265
6955,108.75,31.25,31.25,1.0,0,0.8597191842446426
6956,111.25,31.25,31.25,1.0,0,-12.591253251489803
6957,113.75,31.25,31.25,1.0,0,-16.22986790460376
6958,116.25,31.25,31.25,1.0,0,-14.875550610470434
6959,118.75,31.25,31.25,1.0,0,-13.421477761366488
6960,121.25,31.25,31.25,1.0,0,-14.759957060882376
6961,123.75,31.25,31.25,0.0,2,-11.490071244925073
6962,126.25,31.25,31.25,0.0,2,-5.203004987296617
6963,128.75,31.25,31.25,0.0,2,2.8080372461925793
6964,131.25,31.25,31.25,0.0,2,8.043706161407105
6965,133.75,31.25,31.25,0.0,2,10.910172213267542
6966,136.25,31.25,31.25,0.0,2,13.31113253526561
6967,138.75,31.25,31.25,0.0,2,16.369797967550227
6968,141.25,31.25,31.25,0.0,2,19.562916134869557
6969,143.75,31.25,31.25,0.0,2,22.979416720660037
6970,146.25,31.25,31.25,0.0,2,25.88569606668763
6971,148.75,31.25,31.25,0.0,2,28.630950552715216
6972,151.25,31.25,31.25,0.0,2,31.07978649953182
6973,153.75,31.25,31.25,0.0,2,33.131221905869054
6974,156.25,31.25,31.25,0.0,2,34.83907786394946
6975,158.75,31.25,31.25,0.0,2,36.56109906223558
6976,161.25,31.25,31.25,0.0,2,38.14322913040205
6977,163.75,31.25,31.25,0.0,2,39.774275106690745
6978,166.25,31.25,31.25,0.0,2,41.21921468737393
6979,168.75,31.25,31.25,0.0,2,42.688043655585105
6980,171.25,31.25,31.25,0.0,2,43.89883996328967
6981,173.75,31.25,31.25,0.0,2,45.10811445129094
6982,176.25,31.25,31.25,0.0,2,46.38183787204925
6983,178.75,31.25,31.25,0.0,2,48.041736252458904
6984,181.25,31.25,31.25,0.0,2,49.727212346935715
6985,183.75,31.25,31.25,0.0,2,51.1612967429163
6986,186.25,31.25,31.25,0.0,2,52.32387133341957
6987,188.75,31.25,31.25,0.0,2,52.90837013949093
6988,191.25,31.25,31.25,0.0,2,52.934723086640155
6989,193.75,31.25,31.25,0.0,2,52.41073530794592
6990,196.25,31.25,31.25,0.0,2,51.34077717078247
6991,198.75,31.25,31.25,0.0,2,49.66211179244913
6992,201.25,31.25,31.25,0.0,2,47.584739594948026
6993,203.75,31.25,31.25,0.0,2,45.07858007599474
6994,206.25,31.25,31.25,0.0,2,42.12057328356931
6995,208.75,31.25,31.25,0.0,2,38.485446464567396
6996,211.25,31.25,31.25,0.0,2,34.43160766291601
6997,213.75,31.25,31.25,0.0,2,30.347183466652137
6998,216.25,31.25,31.25,0.0,2,25.786078141610343
6999,218.75,31.25,31.25,0.0,2,20.72970306507014
7000,221.25,31.25,31.25,0.0,2,15.426279291537755
7001,223.75,31.25,31.25,0.0,2,10.534593890041547
7002,226.25,31.25,31.25,0.0,2,5.909919716024889
7003,228.75,31.25,31.25,0.0,2,1.3699998926687627
7004,231.25,31.25,31.25,0.0,2,-3.304242545878084
7005,233.75,31.25,31.25,0.0,2,-8.182071616396351
7006,236.25,31.25,31.25,0.0,2,-12.253573417516268
7007,238.75,31.25,31.25,0.0,2,-14.869853533670877
7008,241.25,31.25,31.25,0.0,2,-14.346275348503658
7009,243.75,31.25,31.25,0.0,2,-15.598387833867083
7010,246.25,31.25,31.25,1.0,0,-16.08193248710936
7011,248.75,31.25,31.25,1.0,0,-3.7649404600301875
7012,251.25,31.25,31.25,1.0,0,12.250128704813138
7013,253.75,31.25,31.25,1.0,0,9.46212091241547
7014,256.25,31.25,31.25,1.0,0,-10.37839588617598
7015,258.75,31.25,31.25,1.0,0,-26.378297816595598
7016,261.25,31.25,31.25,1.0,0,-37.11480112937385
7017,263.75,31.25,31.25,1.0,0,-42.657520192115385
7018,266.25,31.25,31.25,1.0,0,-43.86369462607316
7019,268.75,31.25,31.25,1.0,0,-42.73961850639058
7020,271.25,31.25,31.25,1.0,0,-39.60770115354986
7021,273.75,31.25,31.25,1.0,0,-37.51419676520451
7022,276.25,31.25,31.25,1.0,0,-38.031761355757666
7023,278.75,31.25,31.25,0.0,2,-38.04753623061082
7024,281.25,31.25,31.25,0.0,1,-34.06402534069327
7025,283.75,31.25,31.25,0.0,1,-29.798296407859187
7026,286.25,31.25,31.25,0.0,1,-27.154780970621115
7027,288.75,31.25,31.25,0.0,1,-24.091185443688282
7028,291.25,31.25,31.25,0.0,1,-21.076222498685848
7029,293.75,31.25,31.25,0.0,1,-18.713616070828973
7030,296.25,31.25,31.25,0.0,1,-17.185563537690935
7031,298.75,31.25,31.25,0.0,1,-16.117086834467433
7032,301.25,31.25,31.25,0.0,1,-15.443898859561395
7033,303.75,31.25,31.25,0.0,1,-14.958335641747567
7034,306.25,31.25,31.25,0.0,1,-14.514660126935807
7035,308.75,31.25,31.25,0.0,1,-14.022432147278368
7036,311.25,31.25,31.25,0.0,1,-13.628384254947914
7037,313.75,31.25,31.25,0.0,1,-13.012039347247299
7038,316.25,31.25,31.25,0.0,1,-12.77849278969472
7039,318.75,31.25,31.25,0.0,1,-12.58520634818199
7040,321.25,31.25,31.25,0.0,1,-12.24776964207625
7041,323.75,31.25,31.25,0.0,1,-12.110633523918496
7042,326.25,31.25,31.25,0.0,1,-12.749834827411586
7043,328.75,31.25,31.25,0.0,1,-13.892177305135117
7044,331.25,31.25,31.25,0.0,1,-15.916499160383117
7045,333.75,31.25,31.25,0.0,1,-18.406489456910148
7046,336.25,31.25,31.25,0.0,1,-21.22006079361642
7047,338.75,31.25,31.25,0.0,1,-24.575449243475997
7048,341.25,31.25,31.25,0.0,1,-27.65406102634983
7049,343.75,31.25,31.25,0.0,1,-30.358612978896616
7050,346.25,31.25,31.25,0.0,1,-32.38142861084741
7051,348.75,31.25,31.25,0.0,1,-33.08297052933888
7052,351.25,31.25,31.25,1.0,0,-29.618575716351522
7053,353.75,31.25,31.25,1.0,0,-23.576471765019175
7054,356.25,31.25,31.25,1.0,0,-22.247150795027597
7055,358.75,31.25,31.25,1.0,0,-27.90464877895238
7056,1.25,33.75,33.75,1.0,0,-22.02848501291837
7057,3.75,33.75,33.75,1.0,0,-27.893704760376473
7058,6.25,33.75,33.75,1.0,0,-34.36713864079878
7059,8.75,33.75,33.75,1.0,0,-36.539819562299414
7060,11.25,33.75,33.75,0.0,1,-37.170506797079526
7061,13.75,33.75,33.75,0.0,1,-39.82136891989409
7062,16.25,33.75,33.75,0.0,1,-43.55201162525073
7063,18.75,33.75,33.75,0.0,1,-46.454992708420065
7064,21.25,33.75,33.75,0.0,1,-49.107205879411495
7065,23.75,33.75,33.75,0.0,1,-52.423708544665786
7066,26.25,33.75,33.75,0.0,1,-55.24886060044139
7067,28.75,33.75,33.75,0.0,1,-54.81022798776676
7068,31.25,33.75,33.75,0.0,2,-52.105009189585225
7069,33.75,33.75,33.75,0.0,2,-48.51683047658691
7070,36.25,33.75,33.75,1.0,0,-41.27895119848122
7071,38.75,33.75,33.75,1.0,0,-37.503009695063064
7072,41.25,33.75,33.75,1.0,0,-41.873424429456115
7073,43.75,33.75,33.75,1.0,0,-38.86658200006261
7074,46.25,33.75,33.75,1.0,0,-16.813354092252457
7075,48.75,33.75,33.75,1.0,0,18.00778542476398
7076,51.25,33.75,33.75,1.0,0,37.7621789232059
7077,53.75,33.75,33.75,1.0,0,23.750796823148036
7078,56.25,33.75,33.75,1.0,0,14.395282142552357
7079,58.75,33.75,33.75,1.0,0,12.11368366368685
7080,61.25,33.75,33.75,1.0,0,9.7476129144719
7081,63.75,33.75,33.75,1.0,0,17.38832492744097
7082,66.25,33.75,33.75,1.0,0,20.118813062673503
7083,68.75,33.75,33.75,1.0,0,13.013523246198474
7084,71.25,33.75,33.75,1.0,0,27.240449506670632
7085,73.75,33.75,33.75,1.0,0,45.71677918577532
7086,76.25,33.75,33.75,1.0,0,60.222681367840615
7087,78.75,33.75,33.75,1.0,0,84.50114234404138
7088,81.25,33.75,33.75,1.0,0,111.93757352477412
7089,83.75,33.75,33.75,1.0,0,91.99473829385586
7090,86.25,33.75,33.75,1.0,0,77.72869428022898
7091,88.75,33.75,33.75,1.0,0,86.63256472437132
7092,91.25,33.75,33.75,1.0,0,101.96039886963219
7093,93.75,33.75,33.75,1.0,0,114.93539022018389
7094,96.25,33.75,33.75,1.0,0,105.98443640707686
7095,98.75,33.75,33.75,1.0,0,85.66769243502272
7096,101.25,33.75,33.75,1.0,0,89.50332372508167
7097,103.75,33.75,33.75,1.0,0,48.48397876607738
7098,106.25,33.75,33.75,1.0,0,-2.8588424002109907
7099,108.75,33.75,33.75,1.0,0,-12.64777004571065
7100,111.25,33.75,33.75,1.0,0,-19.833085076103078
7101,113.75,33.75,33.75,1.0,0,-23.625267402490003
7102,116.25,33.75,33.75,1.0,0,-25.472712706505828
7103,118.75,33.75,33.75,1.0,0,-24.14781694671955
7104,121.25,33.75,33.75,0.0,2,-23.646189794357454
7105,123.75,33.75,33.75,0.0,2,-19.6000445009464
7106,126.25,33.75,33.75,0.0,2,-13.145956400008227
7107,128.75,33.75,33.75,0.0,2,-5.714198107054528
7108,131.25,33.75,33.75,0.0,2,-0.4949958458792024
7109,133.75,33.75,33.75,1.0,0,3.6776302065624753
7110,136.25,33.75,33.75,0.0,2,8.864028836567359
7111,138.75,33.75,33.75,0.0,2,13.734522159554585
7112,141.25,33.75,33.75,0.0,2,16.570231536566403
7113,143.75,33.75,33.75,0.0,2,20.56792683423123
7114,146.25,33.75,33.75,0.0,2,25.544240025349232
7115,148.75,33.75,33.75,0.0,2,29.673710711231273
7116,151.25,33.75,33.75,0.0,2,33.4640186762486
7117,153.75,33.75,33.75,0.0,2,37.27012344452298
7118,156.25,33.75,33.75,0.0,2,40.41671696389181
7119,158.75,33.75,33.75,0.0,2,43.26473388639543
7120,161.25,33.75,33.75,0.0,2,46.009839779045485
7121,163.75,33.75,33.75,0.0,2,48.93637335097927
7122,166.25,33.75,33.75,0.0,2,51.60193138269121
7123,168.75,33.75,33.75,0.0,2,53.902784819160516
7124,171.25,33.75,33.75,0.0,2,55.692232500911025
7125,173.75,33.75,33.75,0.0,2,57.26590412695822
7126,176.25,33.75,33.75,0.0,2,58.725253796624294
7127,178.75,33.75,33.75,0.0,2,60.11628513904318
7128,181.25,33.75,33.75,0.0,2,61.60942093775173
7129,183.75,33.75,33.75,0.0,2,63.14564301199218
7130,186.25,33.75,33.75,0.0,2,64.15399008506297
7131,188.75,33.75,33.75,0.0,2,64.52809553049103
7132,191.25,33.75,33.75,0.0,2,64.18642961478709
7133,193.75,33.75,33.75,0.0,2,63.066002569035575
7134,196.25,33.75,33.75,0.0,2,61.04123187389328
7135,198.75,33.75,33.75,0.0,2,58.33147922341708
7136,201.25,33.75,33.75,0.0,2,55.5924107100546
7137,203.75,33.75,33.75,0.0,2,52.507451113873444
7138,206.25,33.75,33.75,0.0,2,48.743145362075296
7139,208.75,33.75,33.75,0.0,2,44.7047022433558
7140,211.25,33.75,33.75,0.0,2,40.35775449120621
7141,213.75,33.75,33.75,0.0,2,35.822120709110145
7142,216.25,33.75,33.75,0.0,2,31.056572141504017
7143,218.75,33.75,33.75,0.0,2,25.96941716738078
7144,221.25,33.75,33.75,0.0,2,20.30604500409301
7145,223.75,33.75,33.75,0.0,2,15.38689065759162
7146,226.25,33.75,33.75,0.0,2,10.765972708287844
7147,228.75,33.75,33.75,0.0,2,5.735262184810014
7148,231.25,33.75,33.75,0.0,2,0.04142966360620714
7149,233.75,33.75,33.75,0.0,2,-6.259647633989816
7150,236.25,33.75,33.75,0.0,2,-11.702268588899914
7151,238.75,33.75,33.75,0.0,2,-15.664410273189528
7152,241.25,33.75,33.75,0.0,2,-16.026289043472797
7153,243.75,33.75,33.75,1.0,0,-18.959207805476925
7154,246.25,33.75,33.75,1.0,0,-17.368884911903876
7155,248.75,33.75,33.75,1.0,0,-4.662112311761484
7156,251.25,33.75,33.75,1.0,0,2.025687437879464
7157,253.75,33.75,33.75,1.0,0,-0.9897777962421082
7158,256.25,33.75,33.75,1.0,0,-14.78904498398597
7159,258.75,33.75,33.75,1.0,0,-29.279704583466106
7160,261.25,33.75,33.75,1.0,0,-41.68192351507059
7161,263.75,33.75,33.75,1.0,0,-48.44981603941644
7162,266.25,33.75,33.75,1.0,0,-48.77427351221137
7163,268.75,33.75,33.75,1.0,0,-47.84377544401637
7164,271.25,33.75,33.75,1.0,0,-45.01700031509483
7165,273.75,33.75,33.75,1.0,0,-41.40158861913494
7166,276.25,33.75,33.75,1.0,0,-39.748494975502
7167,278.75,33.75,33.75,1.0,0,-40.88167155444524
7168,281.25,33.75,33.75,0.0,1,-39.80077181718949
7169,283.75,33.75,33.75,0.0,1,-35.29605054787212
7170,286.25,33.75,33.75,0.0,1,-29.68813187905634
7171,288.75,33.75,33.75,0.0,1,-24.554766004026384
7172,291.25,33.75,33.75,0.0,1,-19.527099904962657
7173,293.75,33.75,33.75,0.0,1,-15.117360764982283
7174,296.25,33.75,33.75,0.0,1,-11.532072574440884
7175,298.75,33.75,33.75,0.0,1,-9.10381483733997
7176,301.25,33.75,33.75,0.0,1,-7.515127462893322
7177,303.75,33.75,33.75,0.0,1,-6.418191016137227
7178,306.25,33.75,33.75,0.0,1,-5.7881817980891865
7179,308.75,33.75,33.75,0.0,1,-5.348816343088705
7180,311.25,33.75,33.75,0.0,1,-5.116954601994963
7181,313.75,33.75,33.75,0.0,1,-5.174636722050777
7182,316.25,33.75,33.75,0.0,1,-5.498454373746476
7183,318.75,33.75,33.75,0.0,1,-5.642002463905825
7184,321.25,33.75,33.75,0.0,1,-5.611677352944956
7185,323.75,33.75,33.75,0.0,1,-5.5129390483050695
7186,326.25,33.75,33.75,0.0,1,-5.945477135243434
7187,328.75,33.75,33.75,0.0,1,-7.227868292049205
7188,331.25,33.75,33.75,0.0,1,-9.303313062886975
7189,333.75,33.75,33.75,0.0,1,-11.921380205332772
7190,336.25,33.75,33.75,0.0,1,-14.78430177295851
7191,338.75,33.75,33.75,0.0,1,-17.978903371742646
7192,341.25,33.75,33.75,0.0,1,-21.397330627770526
7193,343.75,33.75,33.75,0.0,1,-24.794327512286316
7194,346.25,33.75,33.75,0.0,1,-27.705355645328343
7195,348.75,33.75,33.75,0.0,1,-29.584743480973096
7196,351.25,33.75,33.75,0.0,1,-28.81615977702234
7197,353.75,33.75,33.75,0.0,0,-26.528804489100388
7198,356.25,33.75,33.75,1.0,0,-26.573393804054252
7199,358.75,33.75,33.75,1.0,0,-23.698042600674963
7200,1.25,36.25,36.25,0.0,1,-30.499901137245935
7201,3.75,36.25,36.25,0.0,0,-29.096766370510572
7202,6.25,36.25,36.25,0.0,0,-26.97636659772666
7203,8.75,36.25,36.25,0.0,0,-31.059004403934477
7204,11.25,36.25,36.25,0.0,1,-37.3656570197656
7205,13.75,36.25,36.25,0.0,1,-41.55865496109181
7206,16.25,36.25,36.25,0.0,1,-45.835796033922776
7207,18.75,36.25,36.25,0.0,1,-47.928339372801666
7208,21.25,36.25,36.25,0.0,1,-50.86022413196979
7209,23.75,36.25,36.25,0.0,1,-55.99010318545347
7210,26.25,36.25,36.25,0.0,1,-57.42045651364562
7211,28.75,36.25,36.25,0.0,1,-50.291154741170864
7212,31.25,36.25,36.25,0.0,2,-42.25450396198198
7213,33.75,36.25,36.25,0.0,2,-40.89183246729638
7214,36.25,36.25,36.25,1.0,0,-42.017810180373345
7215,38.75,36.25,36.25,1.0,0,-41.98006565583256
7216,41.25,36.25,36.25,1.0,0,-35.415771031077355
7217,43.75,36.25,36.25,1.0,0,-19.317814792808672
7218,46.25,36.25,36.25,1.0,0,3.73654340518706
7219,48.75,36.25,36.25,1.0,0,13.111188855290004
7220,51.25,36.25,36.25,1.0,0,-5.4862594651739744
7221,53.75,36.25,36.25,1.0,0,-12.356814635690894
7222,56.25,36.25,36.25,1.0,0,-1.433430049578454
7223,58.75,36.25,36.25,1.0,0,-4.086346507425916
7224,61.25,36.25,36.25,1.0,0,-20.160908410550473
7225,63.75,36.25,36.25,1.0,0,-16.44059553567532
7226,66.25,36.25,36.25,1.0,0,-10.398442622998507
7227,68.75,36.25,36.25,1.0,0,-8.35513210765685
7228,71.25,36.25,36.25,1.0,0,12.325506948637821
7229,73.75,36.25,36.25,1.0,0,28.766333693831978
7230,76.25,36.25,36.25,1.0,0,56.81932678777238
7231,78.75,36.25,36.25,1.0,0,71.74419911778438
7232,81.25,36.25,36.25,1.0,0,72.64578441501553
7233,83.75,36.25,36.25,1.0,0,58.120147445525156
7234,86.25,36.25,36.25,1.0,0,64.22687976022699
7235,88.75,36.25,36.25,1.0,0,75.26495767469164
7236,91.25,36.25,36.25,1.0,0,84.11010609600973
7237,93.75,36.25,36.25,1.0,0,83.56710648547406
7238,96.25,36.25,36.25,1.0,0,62.73010658089797
7239,98.75,36.25,36.25,1.0,0,67.36207892039259
7240,101.25,36.25,36.25,1.0,0,56.356406679982506
7241,103.75,36.25,36.25,1.0,0,6.9611346100201885
7242,106.25,36.25,36.25,1.0,0,-25.96644158349521
7243,108.75,36.25,36.25,1.0,0,-23.686988028515124
7244,111.25,36.25,36.25,1.0,0,-20.781950155463477
7245,113.75,36.25,36.25,1.0,0,-23.88150839035371
7246,116.25,36.25,36.25,1.0,0,-30.16405266730209
7247,118.75,36.25,36.25,1.0,0,-31.137303665251366
7248,121.25,36.25,36.25,0.0,2,-29.8413161861691
7249,123.75,36.25,36.25,0.0,2,-25.990408087837178
7250,126.25,36.25,36.25,0.0,2,-20.420606497432075
7251,128.75,36.25,36.25,0.0,2,-14.929628424503559
7252,131.25,36.25,36.25,0.0,2,-9.596755120021683
7253,133.75,36.25,36.25,0.0,2,-3.64920493328497
7254,136.25,36.25,36.25,0.0,2,3.8177507222321787
7255,138.75,36.25,36.25,1.0,0,9.189888950831705
7256,141.25,36.25,36.25,0.0,2,11.345002651851116
7257,143.75,36.25,36.25,0.0,2,14.222047871150279
7258,146.25,36.25,36.25,0.0,2,18.80850361212607
7259,148.75,36.25,36.25,0.0,2,23.010509376474776
7260,151.25,36.25,36.25,0.0,2,27.71566616619896
7261,153.75,36.25,36.25,0.0,2,33.36230342090529
7262,156.25,36.25,36.25,0.0,2,38.709109521277774
7263,158.75,36.25,36.25,0.0,2,43.81341942676666
7264,161.25,36.25,36.25,0.0,2,48.558073924529026
7265,163.75,36.25,36.25,0.0,2,53.35420027888115
7266,166.25,36.25,36.25,0.0,2,57.88248887829041
7267,168.75,36.25,36.25,0.0,2,61.80205262328872
7268,171.25,36.25,36.25,0.0,2,65.23885525416911
7269,173.75,36.25,36.25,0.0,2,67.91695843569347
7270,176.25,36.25,36.25,0.0,2,69.9859786684539
7271,178.75,36.25,36.25,0.0,2,71.60161955927072
7272,181.25,36.25,36.25,0.0,2,72.95827721468551
7273,183.75,36.25,36.25,0.0,2,74.26316670977332
7274,186.25,36.25,36.25,0.0,2,75.14085583921468
7275,188.75,36.25,36.25,0.0,2,75.27566648518508
7276,191.25,36.25,36.25,0.0,2,74.80111159147461
7277,193.75,36.25,36.25,0.0,2,73.62523090257511
7278,196.25,36.25,36.25,0.0,2,71.23667128147622
7279,198.75,36.25,36.25,0.0,2,67.85050538483722
7280,201.25,36.25,36.25,0.0,2,63.93285771284694
7281,203.75,36.25,36.25,0.0,2,60.12756863498348
7282,206.25,36.25,36.25,0.0,2,56.01320871443352
7283,208.75,36.25,36.25,0.0,2,51.36029273597735
7284,211.25,36.25,36.25,0.0,2,46.60599436662119
7285,213.75,36.25,36.25,0.0,2,41.65010807854411
7286,216.25,36.25,36.25,0.0,2,36.34817540327617
7287,218.75,36.25,36.25,0.0,2,30.65536763841784
7288,221.25,36.25,36.25,0.0,2,25.354683310790573
7289,223.75,36.25,36.25,0.0,2,20.494608293159718
7290,226.25,36.25,36.25,0.0,2,15.458106596517734
7291,228.75,36.25,36.25,0.0,2,9.870219248826269
7292,231.25,36.25,36.25,0.0,2,3.1125472101554386
7293,233.75,36.25,36.25,0.0,2,-4.960382298285592
7294,236.25,36.25,36.25,0.0,2,-12.766540232729781
7295,238.75,36.25,36.25,0.0,2,-16.752510668574402
7296,241.25,36.25,36.25,1.0,0,-18.502931791831628
7297,243.75,36.25,36.25,1.0,0,-19.926767594235425
7298,246.25,36.25,36.25,1.0,0,-23.090069191270803
7299,248.75,36.25,36.25,1.0,0,-25.610051123723398
7300,251.25,36.25,36.25,1.0,0,-27.03479610088671
7301,253.75,36.25,36.25,1.0,0,-9.85208773356941
7302,256.25,36.25,36.25,1.0,0,-11.244086586319613
7303,258.75,36.25,36.25,1.0,0,-29.857151222576164
7304,261.25,36.25,36.25,1.0,0,-41.75906842369041
7305,263.75,36.25,36.25,1.0,0,-47.10279768024056
7306,266.25,36.25,36.25,1.0,0,-46.04250556197493
7307,268.75,36.25,36.25,1.0,0,-45.26403397769567
7308,271.25,36.25,36.25,1.0,0,-45.912578640567745
7309,273.75,36.25,36.25,1.0,0,-44.62982947246992
7310,276.25,36.25,36.25,1.0,0,-42.295283769495235
7311,278.75,36.25,36.25,1.0,0,-41.60617045460125
7312,281.25,36.25,36.25,1.0,0,-42.79988710397479
7313,283.75,36.25,36.25,0.0,1,-41.52064824037258
7314,286.25,36.25,36.25,0.0,1,-35.11556306036914
7315,288.75,36.25,36.25,0.0,1,-26.7545683170369
7316,291.25,36.25,36.25,0.0,1,-19.445093853673562
7317,293.75,36.25,36.25,0.0,1,-12.99510729733355
7318,296.25,36.25,36.25,0.0,1,-8.006668999928637
7319,298.75,36.25,36.25,0.0,1,-4.426854945745532
7320,301.25,36.25,36.25,0.0,1,-1.927258385388454
7321,303.75,36.25,36.25,0.0,1,-0.016467937393847037
7322,306.25,36.25,36.25,0.0,1,1.417365719876423
7323,308.75,36.25,36.25,0.0,1,2.1003344906713344
7324,311.25,36.25,36.25,0.0,1,2.3979452479691
7325,313.75,36.25,36.25,0.0,1,2.2273696843720177
7326,316.25,36.25,36.25,0.0,1,1.8892857830401133
7327,318.75,36.25,36.25,0.0,1,1.8833796634196343
7328,321.25,36.25,36.25,0.0,1,2.6539266915056228
7329,323.75,36.25,36.25,0.0,1,2.8287201787555603
7330,326.25,36.25,36.25,0.0,1,1.990534029624949
7331,328.75,36.25,36.25,0.0,1,0.2983465021092608
7332,331.25,36.25,36.25,0.0,1,-1.8680187081172275
7333,333.75,36.25,36.25,0.0,1,-4.343174102906631
7334,336.25,36.25,36.25,0.0,1,-7.1820929970326635
7335,338.75,36.25,36.25,0.0,1,-10.066984201376442
7336,341.25,36.25,36.25,0.0,1,-13.635435327057941
7337,343.75,36.25,36.25,0.0,1,-17.484527506859497
7338,346.25,36.25,36.25,0.0,1,-21.44372949143809
7339,348.75,36.25,36.25,0.0,1,-25.471286238768435
7340,351.25,36.25,36.25,0.0,1,-30.39491228399132
7341,353.75,36.25,36.25,0.0,1,-34.571482753616664
7342,356.25,36.25,36.25,1.0,0,-40.21942435167613
7343,358.75,36.25,36.25,0.0,1,-37.31919045807043
7344,1.25,38.75,38.75,0.0,1,-35.02459596852703
7345,3.75,38.75,38.75,0.0,1,-33.273963041067574
7346,6.25,38.75,38.75,0.0,1,-30.139717770332773
7347,8.75,38.75,38.75,0.0,1,-33.54637994578706
7348,11.25,38.75,38.75,0.0,1,-37.507366467038466
7349,13.75,38.75,38.75,0.0,1,-41.37512125326736
7350,16.25,38.75,38.75,0.0,1,-48.78626744877015
7351,18.75,38.75,38.75,0.0,1,-49.6207933858456
7352,21.25,38.75,38.75,0.0,1,-50.41539349293623
7353,23.75,38.75,38.75,1.0,0,-56.85819082192591
7354,26.25,38.75,38.75,0.0,1,-58.56743920293627
7355,28.75,38.75,38.75,0.0,0,-47.76465638544496
7356,31.25,38.75,38.75,1.0,0,-37.23600454589709
7357,33.75,38.75,38.75,1.0,0,-35.99586811267735
7358,36.25,38.75,38.75,1.0,0,-37.37944073357144
7359,38.75,38.75,38.75,1.0,0,-38.41483232916607
7360,41.25,38.75,38.75,1.0,0,-28.929020229468286
7361,43.75,38.75,38.75,1.0,0,-13.797552972893087
7362,46.25,38.75,38.75,1.0,0,-9.575874347314578
7363,48.75,38.75,38.75,1.0,0,-27.00682145212667
7364,51.25,38.75,38.75,1.0,0,-43.63183813760841
7365,53.75,38.75,38.75,1.0,0,-39.14034151292021
7366,56.25,38.75,38.75,1.0,0,-31.670218399902488
7367,58.75,38.75,38.75,1.0,0,-35.06700556227135
7368,61.25,38.75,38.75,1.0,0,-43.46887424075182
7369,63.75,38.75,38.75,1.0,0,-41.240971249598665
7370,66.25,38.75,38.75,1.0,0,-33.005217188913804
7371,68.75,38.75,38.75,1.0,0,-14.46804598464317
7372,71.25,38.75,38.75,1.0,0,14.768852938624681
7373,73.75,38.75,38.75,1.0,0,38.15651059382058
7374,76.25,38.75,38.75,1.0,0,32.316371417262694
7375,78.75,38.75,38.75,1.0,0,-13.054878943764722
7376,81.25,38.75,38.75,1.0,0,-34.62905204992732
7377,83.75,38.75,38.75,1.0,0,-26.043008134858734
7378,86.25,38.75,38.75,1.0,0,-7.4469758367425545
7379,88.75,38.75,38.75,1.0,0,6.206081793873487
7380,91.25,38.75,38.75,1.0,0,11.534333261386905
7381,93.75,38.75,38.75,1.0,0,11.69393279113202
7382,96.25,38.75,38.75,1.0,0,20.040019099509234
7383,98.75,38.75,38.75,1.0,0,25.401505505830837
7384,101.25,38.75,38.75,1.0,0,-3.8983367988561537
7385,103.75,38.75,38.75,1.0,0,-34.834516503434614
7386,106.25,38.75,38.75,1.0,0,-41.21836935170859
7387,108.75,38.75,38.75,1.0,0,-31.62778115844842
7388,111.25,38.75,38.75,1.0,0,-22.437723693392574
7389,113.75,38.75,38.75,1.0,0,-21.804541362143393
7390,116.25,38.75,38.75,1.0,0,-31.132839387837837
7391,118.75,38.75,38.75,1.0,0,-35.69215092059936
7392,121.25,38.75,38.75,1.0,0,-35.761068211203416
7393,123.75,38.75,38.75,1.0,0,-31.93882058594911
7394,126.25,38.75,38.75,1.0,0,-24.78822051342417
7395,128.75,38.75,38.75,0.0,2,-19.718394282565317
7396,131.25,38.75,38.75,0.0,2,-16.22433531536358
7397,133.75,38.75,38.75,0.0,2,-10.518492663193948
7398,136.25,38.75,38.75,0.0,2,-2.5630694959597133
7399,138.75,38.75,38.75,0.0,2,3.992635061718775
7400,141.25,38.75,38.75,0.0,2,7.096613497678792
7401,143.75,38.75,38.75,0.0,2,9.588454183769224
7402,146.25,38.75,38.75,0.0,2,12.323834414401194
7403,148.75,38.75,38.75,0.0,2,16.126002076066403
7404,151.25,38.75,38.75,0.0,2,21.809865325473766
7405,153.75,38.75,38.75,0.0,2,28.812705638188984
7406,156.25,38.75,38.75,0.0,2,35.87170246455594
7407,158.75,38.75,38.75,0.0,2,42.728617710914406
7408,161.25,38.75,38.75,0.0,2,49.38794751501554
7409,163.75,38.75,38.75,0.0,2,55.90747190902835
7410,166.25,38.75,38.75,0.0,2,61.87998677770483
7411,168.75,38.75,38.75,0.0,2,67.21102411937541
7412,171.25,38.75,38.75,0.0,2,71.80064732883432
7413,173.75,38.75,38.75,0.0,2,75.70625809624069
7414,176.25,38.75,38.75,0.0,2,78.76662386127586
7415,178.75,38.75,38.75,0.0,2,80.72460832255926
7416,181.25,38.75,38.75,0.0,2,82.27456782685022
7417,183.75,38.75,38.75,0.0,2,83.45645675917388
7418,186.25,38.75,38.75,0.0,2,83.96489727204008
7419,188.75,38.75,38.75,0.0,2,83.84726131290329
7420,191.25,38.75,38.75,0.0,2,83.12424824778792
7421,193.75,38.75,38.75,0.0,2,81.6349785370782
7422,196.25,38.75,38.75,0.0,2,78.92312548476096
7423,198.75,38.75,38.75,0.0,2,75.11750929281311
7424,201.25,38.75,38.75,0.0,2,70.85995669304695
7425,203.75,38.75,38.75,0.0,2,66.33863164722992
7426,206.25,38.75,38.75,0.0,2,61.27820675211895
7427,208.75,38.75,38.75,0.0,2,55.875058093878
7428,211.25,38.75,38.75,0.0,2,50.5058537595946
7429,213.75,38.75,38.75,0.0,2,45.08177261820127
7430,216.25,38.75,38.75,0.0,2,39.64212551926025
7431,218.75,38.75,38.75,0.0,2,34.168360395983996
7432,221.25,38.75,38.75,0.0,2,28.99037436205794
7433,223.75,38.75,38.75,0.0,2,23.998640185529656
7434,226.25,38.75,38.75,0.0,2,19.200209835460395
7435,228.75,38.75,38.75,0.0,2,13.602601964431258
7436,231.25,38.75,38.75,0.0,2,6.223992097518143
7437,233.75,38.75,38.75,0.0,2,-3.858880622620128
7438,236.25,38.75,38.75,0.0,2,-11.767917892439085
7439,238.75,38.75,38.75,1.0,0,-13.034917219507362
7440,241.25,38.75,38.75,1.0,0,-19.43744824280077
7441,243.75,38.75,38.75,1.0,0,-31.94344768286003
7442,246.25,38.75,38.75,1.0,0,-41.194754913771405
7443,248.75,38.75,38.75,1.0,0,-47.13964799011493
7444,251.25,38.75,38.75,1.0,0,-42.963628335907615
7445,253.75,38.75,38.75,1.0,0,-12.672294421562661
7446,256.25,38.75,38.75,1.0,0,-11.551296615665265
7447,258.75,38.75,38.75,1.0,0,-30.215923607878267
7448,261.25,38.75,38.75,1.0,0,-38.46275881442973
7449,263.75,38.75,38.75,1.0,0,-42.31242294808688
7450,266.25,38.75,38.75,1.0,0,-42.18743504822054
7451,268.75,38.75,38.75,1.0,0,-42.41006725337465
7452,271.25,38.75,38.75,1.0,0,-43.56354858662067
7453,273.75,38.75,38.75,1.0,0,-43.92804097095325
7454,276.25,38.75,38.75,1.0,0,-44.250360395213306
7455,278.75,38.75,38.75,1.0,0,-42.6797883263929
7456,281.25,38.75,38.75,1.0,0,-42.185130273747454
7457,283.75,38.75,38.75,1.0,0,-41.02679963605881
7458,286.25,38.75,38.75,0.0,1,-36.33577778246269
7459,288.75,38.75,38.75,0.0,1,-29.294232428950625
7460,291.25,38.75,38.75,0.0,1,-23.033269550201137
7461,293.75,38.75,38.75,0.0,1,-16.561158537823033
7462,296.25,38.75,38.75,0.0,1,-10.408820613412884
7463,298.75,38.75,38.75,0.0,1,-5.929913449181825
7464,301.25,38.75,38.75,0.0,1,-2.8241834347207524
7465,303.75,38.75,38.75,0.0,1,-0.5552024255694249
7466,306.25,38.75,38.75,0.0,1,0.8353083721018965
7467,308.75,38.75,38.75,0.0,1,0.5765235315527865
7468,311.25,38.75,38.75,0.0,1,-1.0984906995950383
7469,313.75,38.75,38.75,0.0,1,-2.173453029440482
7470,316.25,38.75,38.75,0.0,1,-0.7217858523134706
7471,318.75,38.75,38.75,0.0,1,3.038470562115051
7472,321.25,38.75,38.75,0.0,1,7.200545460188164
7473,323.75,38.75,38.75,0.0,1,9.449609726756925
7474,326.25,38.75,38.75,0.0,1,9.906833697395074
7475,328.75,38.75,38.75,0.0,1,8.402635363708606
7476,331.25,38.75,38.75,0.0,1,5.7596352904842405
7477,333.75,38.75,38.75,0.0,1,3.586841767183977
7478,336.25,38.75,38.75,0.0,1,1.1378050333619463
7479,338.75,38.75,38.75,0.0,1,-1.8892161279869633
7480,341.25,38.75,38.75,0.0,1,-5.290590020545434
7481,343.75,38.75,38.75,0.0,1,-9.48521939504872
7482,346.25,38.75,38.75,0.0,1,-14.189437674513668
7483,348.75,38.75,38.75,0.0,1,-20.79197388812563
7484,351.25,38.75,38.75,0.0,1,-29.313076363399293
7485,353.75,38.75,38.75,1.0,0,-34.434822699324855
7486,356.25,38.75,38.75,1.0,0,-36.08936276361971
7487,358.75,38.75,38.75,1.0,0,-36.176903670379616
7488,1.25,41.25,41.25,0.0,1,-31.07740443059681
7489,3.75,41.25,41.25,0.0,1,-31.00989249521089
7490,6.25,41.25,41.25,0.0,1,-31.774749387917176
7491,8.75,41.25,41.25,0.0,1,-37.8143637142108
7492,11.25,41.25,41.25,0.0,1,-42.918827035967546
7493,13.75,41.25,41.25,0.0,1,-46.055911703453454
7494,16.25,41.25,41.25,1.0,0,-50.34378687278709
7495,18.75,41.25,41.25,1.0,0,-47.688416832513326
7496,21.25,41.25,41.25,1.0,0,-45.14829180747982
7497,23.75,41.25,41.25,1.0,0,-52.148279154340294
7498,26.25,41.25,41.25,1.0,0,-59.588448646791626
7499,28.75,41.25,41.25,0.0,1,-57.27981729002579
7500,31.25,41.25,41.25,0.0,2,-50.976976060497144
7501,33.75,41.25,41.25,1.0,0,-49.85204890965764
7502,36.25,41.25,41.25,1.0,0,-50.99419618308313
7503,38.75,41.25,41.25,0.0,2,-49.85953470817489
7504,41.25,41.25,41.25,0.0,2,-37.34974929430903
7505,43.75,41.25,41.25,1.0,0,-26.45286614922084
7506,46.25,41.25,41.25,1.0,0,-29.42712846106042
7507,48.75,41.25,41.25,1.0,0,-43.754686787881035
7508,51.25,41.25,41.25,1.0,0,-49.5576483216114
7509,53.75,41.25,41.25,1.0,0,-47.05455761027629
7510,56.25,41.25,41.25,1.0,0,-48.55891802983407
7511,58.75,41.25,41.25,1.0,0,-51.382903800011384
7512,61.25,41.25,41.25,1.0,0,-52.96485689783264
7513,63.75,41.25,41.25,1.0,0,-51.10636916301351
7514,66.25,41.25,41.25,1.0,0,-46.21873731102018
7515,68.75,41.25,41.25,1.0,0,-34.46157004024557
7516,71.25,41.25,41.25,1.0,0,-13.476716829188083
7517,73.75,41.25,41.25,1.0,0,5.905479813043645
7518,76.25,41.25,41.25,1.0,0,7.891409799837417
7519,78.75,41.25,41.25,1.0,0,-10.87380465901911
7520,81.25,41.25,41.25,1.0,0,-30.898900884119335
7521,83.75,41.25,41.25,1.0,0,-42.215025712341664
7522,86.25,41.25,41.25,1.0,0,-52.021245190815506
7523,88.75,41.25,41.25,1.0,0,-63.64656927918232
7524,91.25,41.25,41.25,1.0,0,-66.04121078679182
7525,93.75,41.25,41.25,1.0,0,-52.25215824214754
7526,96.25,41.25,41.25,1.0,0,-33.017966960735976
7527,98.75,41.25,41.25,1.0,0,-41.09678433873362
7528,101.25,41.25,41.25,1.0,0,-55.96351243796047
7529,103.75,41.25,41.25,1.0,0,-56.62487747309873
7530,106.25,41.25,41.25,1.0,0,-50.06491794547766
7531,108.75,41.25,41.25,1.0,0,-43.3704619686035
7532,111.25,41.25,41.25,1.0,0,-36.293838304800296
7533,113.75,41.25,41.25,1.0,0,-31.40031771088886
7534,116.25,41.25,41.25,1.0,0,-33.92817390124542
7535,118.75,41.25,41.25,1.0,0,-38.16003551807597
7536,121.25,41.25,41.25,1.0,0,-41.66110749921475
7537,123.75,41.25,41.25,1.0,0,-38.526382557985094
7538,126.25,41.25,41.25,1.0,0,-29.995467585272632
7539,128.75,41.25,41.25,1.0,0,-24.220351970082007
7540,131.25,41.25,41.25,0.0,2,-21.693469031108897
7541,133.75,41.25,41.25,0.0,2,-17.685054006322083
7542,136.25,41.25,41.25,0.0,2,-10.102218227525178
7543,138.75,41.25,41.25,0.0,2,-0.7774580065478817
7544,141.25,41.25,41.25,0.0,2,6.1001341835087475
7545,143.75,41.25,41.25,0.0,2,7.91654109905611
7546,146.25,41.25,41.25,0.0,2,9.816359524815777
7547,148.75,41.25,41.25,0.0,2,14.797743826612265
7548,151.25,41.25,41.25,0.0,2,22.032718331546633
7549,153.75,41.25,41.25,0.0,2,30.580556042786817
7550,156.25,41.25,41.25,0.0,2,39.00133754262086
7551,158.75,41.25,41.25,0.0,2,46.96480186374229
7552,161.25,41.25,41.25,0.0,2,54.381368605360144
7553,163.75,41.25,41.25,0.0,2,61.445896766281805
7554,166.25,41.25,41.25,0.0,2,67.8704196569165
7555,168.75,41.25,41.25,0.0,2,73.56407743273536
7556,171.25,41.25,41.25,0.0,2,78.582872718457
7557,173.75,41.25,41.25,0.0,2,82.7904486442997
7558,176.25,41.25,41.25,0.0,2,85.87102977982987
7559,178.75,41.25,41.25,0.0,2,87.92265912882057
7560,181.25,41.25,41.25,0.0,2,89.38143908112484
7561,183.75,41.25,41.25,0.0,2,90.16525325158874
7562,186.25,41.25,41.25,0.0,2,90.07296929702667
7563,188.75,41.25,41.25,0.0,2,89.80714421414656
7564,191.25,41.25,41.25,0.0,2,89.05591702281616
7565,193.75,41.25,41.25,0.0,2,87.20992466255439
7566,196.25,41.25,41.25,0.0,2,84.3069908363001
7567,198.75,41.25,41.25,0.0,2,79.98121420384636
7568,201.25,41.25,41.25,0.0,2,75.36746173557897
7569,203.75,41.25,41.25,0.0,2,70.60710367925795
7570,206.25,41.25,41.25,0.0,2,64.96444675071949
7571,208.75,41.25,41.25,0.0,2,58.55551780728256
7572,211.25,41.25,41.25,0.0,2,52.30990652891157
7573,213.75,41.25,41.25,0.0,2,46.58269895276537
7574,216.25,41.25,41.25,0.0,2,41.09089167437295
7575,218.75,41.25,41.25,0.0,2,35.83729887877859
7576,221.25,41.25,41.25,0.0,2,31.119580191885998
7577,223.75,41.25,41.25,0.0,2,26.551267427458093
7578,226.25,41.25,41.25,0.0,2,21.819866688687082
7579,228.75,41.25,41.25,0.0,2,16.353028749920764
7580,231.25,41.25,41.25,0.0,2,10.161590640568573
7581,233.75,41.25,41.25,0.0,2,1.2099120099552965
7582,236.25,41.25,41.25,0.0,2,-5.749927339520014
7583,238.75,41.25,41.25,1.0,0,-10.670421364286186
7584,241.25,41.25,41.25,1.0,0,-25.199699908967794
7585,243.75,41.25,41.25,1.0,0,-45.14426880970766
7586,246.25,41.25,41.25,1.0,0,-50.45831175535141
7587,248.75,41.25,41.25,1.0,0,-50.11880781267143
7588,251.25,41.25,41.25,1.0,0,-46.57194161088306
7589,253.75,41.25,41.25,1.0,0,-21.930407332045714
7590,256.25,41.25,41.25,1.0,0,-17.580785854422434
7591,258.75,41.25,41.25,1.0,0,-28.515236307393174
7592,261.25,41.25,41.25,1.0,0,-34.63972176258443
7593,263.75,41.25,41.25,1.0,0,-38.74911035936975
7594,266.25,41.25,41.25,1.0,0,-40.52325216714631
7595,268.75,41.25,41.25,1.0,0,-41.17218690028163
7596,271.25,41.25,41.25,1.0,0,-39.83039689610944
7597,273.75,41.25,41.25,1.0,0,-38.952098590392545
7598,276.25,41.25,41.25,1.0,0,-39.5270865292865
7599,278.75,41.25,41.25,1.0,0,-38.563277664421776
7600,281.25,41.25,41.25,1.0,0,-38.20171195714131
7601,283.75,41.25,41.25,1.0,0,-37.24947046296037
7602,286.25,41.25,41.25,1.0,0,-34.95148437757612
7603,288.75,41.25,41.25,0.0,1,-30.912732757628724
7604,291.25,41.25,41.25,0.0,1,-26.454228768069495
7605,293.75,41.25,41.25,0.0,1,-21.19947462192254
7606,296.25,41.25,41.25,0.0,1,-16.09683211559419
7607,298.75,41.25,41.25,0.0,1,-12.265140305729647
7608,301.25,41.25,41.25,0.0,1,-8.269283349795653
7609,303.75,41.25,41.25,0.0,1,-5.492308946270129
7610,306.25,41.25,41.25,0.0,1,-5.185818851021503
7611,308.75,41.25,41.25,0.0,1,-8.435919644283436
7612,311.25,41.25,41.25,0.0,1,-15.314351559003324
7613,313.75,41.25,41.25,0.0,1,-19.44294104214163
7614,316.25,41.25,41.25,0.0,1,-16.23855751312786
7615,318.75,41.25,41.25,0.0,1,-6.214023818246431
7616,321.25,41.25,41.25,0.0,1,5.663583958194134
7617,323.75,41.25,41.25,0.0,1,12.73852762615589
7618,326.25,41.25,41.25,0.0,1,15.74342524859635
7619,328.75,41.25,41.25,0.0,1,16.29753272898011
7620,331.25,41.25,41.25,0.0,1,14.740092327214487
7621,333.75,41.25,41.25,0.0,1,12.330117048649434
7622,336.25,41.25,41.25,0.0,1,10.225134513811733
7623,338.75,41.25,41.25,0.0,1,7.314385710838586
7624,341.25,41.25,41.25,0.0,1,4.0011882100305645
7625,343.75,41.25,41.25,0.0,1,0.13077118634848484
7626,346.25,41.25,41.25,0.0,1,-5.0349093273631595
7627,348.75,41.25,41.25,0.0,1,-12.088487052758694
7628,351.25,41.25,41.25,0.0,0,-21.106733182604376
7629,353.75,41.25,41.25,1.0,0,-28.73031636083012
7630,356.25,41.25,41.25,1.0,0,-28.975623472407197
7631,358.75,41.25,41.25,1.0,0,-30.052424249484755
7632,1.25,43.75,43.75,1.0,0,-24.184219579101704
7633,3.75,43.75,43.75,0.0,0,-27.252425524257912
7634,6.25,43.75,43.75,0.0,0,-29.434152144143624
7635,8.75,43.75,43.75,0.0,1,-37.59886689669549
7636,11.25,43.75,43.75,1.0,0,-46.026907724540315
7637,13.75,43.75,43.75,1.0,0,-50.598604096816494
7638,16.25,43.75,43.75,1.0,0,-51.312117114093446
7639,18.75,43.75,43.75,1.0,0,-47.365310238810615
7640,21.25,43.75,43.75,1.0,0,-46.023241399369006
7641,23.75,43.75,43.75,1.0,0,-51.50805201927985
7642,26.25,43.75,43.75,1.0,0,-58.6487172758425
7643,28.75,43.75,43.75,0.0,1,-61.51879770703062
7644,31.25,43.75,43.75,0.0,2,-61.705027943928734
7645,33.75,43.75,43.75,0.0,2,-62.85462435016764
7646,36.25,43.75,43.75,0.0,2,-65.04449749514494
7647,38.75,43.75,43.75,0.0,2,-63.34480458916387
7648,41.25,43.75,43.75,0.0,0,-51.78788638677328
7649,43.75,43.75,43.75,1.0,0,-46.12807026089231
7650,46.25,43.75,43.75,1.0,0,-49.571959017996484
7651,48.75,43.75,43.75,1.0,0,-53.90381998937726
7652,51.25,43.75,43.75,1.0,0,-54.18109484071812
7653,53.75,43.75,43.75,1.0,0,-54.1489561214029
7654,56.25,43.75,43.75,1.0,0,-57.158583334871814
7655,58.75,43.75,43.75,1.0,0,-59.94161852941314
7656,61.25,43.75,43.75,1.0,0,-61.61401002471369
7657,63.75,43.75,43.75,1.0,0,-62.91403583419888
7658,66.25,43.75,43.75,1.0,0,-62.744165892645746
7659,68.75,43.75,43.75,1.0,0,-59.91655168955376
7660,71.25,43.75,43.75,1.0,0,-53.38667012624277
7661,73.75,43.75,43.75,1.0,0,-46.32254537677854
7662,76.25,43.75,43.75,1.0,0,-37.235566355501625
7663,78.75,43.75,43.75,1.0,0,-28.15173495781797
7664,81.25,43.75,43.75,1.0,0,-29.303837486147025
7665,83.75,43.75,43.75,1.0,0,-35.41334231745278
7666,86.25,43.75,43.75,1.0,0,-54.88556766663417
7667,88.75,43.75,43.75,1.0,0,-79.77679486802965
7668,91.25,43.75,43.75,1.0,0,-84.35581220652446
7669,93.75,43.75,43.75,1.0,0,-73.9365762532802
7670,96.25,43.75,43.75,1.0,0,-65.48361700475128
7671,98.75,43.75,43.75,1.0,0,-61.08382276119308
7672,101.25,43.75,43.75,1.0,0,-55.00568217884345
7673,103.75,43.75,43.75,1.0,0,-53.09305454297045
7674,106.25,43.75,43.75,1.0,0,-57.271442524455665
7675,108.75,43.75,43.75,1.0,0,-59.34967676574571
7676,111.25,43.75,43.75,1.0,0,-56.5248913190549
7677,113.75,43.75,43.75,1.0,0,-48.35199506580062
7678,116.25,43.75,43.75,1.0,0,-42.828109559219826
7679,118.75,43.75,43.75,1.0,0,-44.179059110668646
7680,121.25,43.75,43.75,1.0,0,-46.545665755632925
7681,123.75,43.75,43.75,1.0,0,-45.380632655176655
7682,126.25,43.75,43.75,1.0,0,-38.95976352742908
7683,128.75,43.75,43.75,1.0,0,-30.959851519638896
7684,131.25,43.75,43.75,1.0,0,-28.28164091905693
7685,133.75,43.75,43.75,1.0,0,-25.131262970863737
7686,136.25,43.75,43.75,0.0,2,-15.86703755715834
7687,138.75,43.75,43.75,0.0,2,-4.80051129281552
7688,141.25,43.75,43.75,0.0,2,1.8649848539675196
7689,143.75,43.75,43.75,1.0,0,4.073252880550954
7690,146.25,43.75,43.75,0.0,2,7.39862798610401
7691,148.75,43.75,43.75,0.0,2,14.028531400938498
7692,151.25,43.75,43.75,0.0,2,23.366964633566887
7693,153.75,43.75,43.75,0.0,2,34.31078559938634
7694,156.25,43.75,43.75,0.0,2,43.98215698025895
7695,158.75,43.75,43.75,0.0,2,52.702903686169954
7696,161.25,43.75,43.75,0.0,2,60.378324753432025
7697,163.75,43.75,43.75,0.0,2,67.37442274741495
7698,166.25,43.75,43.75,0.0,2,73.70257172532122
7699,168.75,43.75,43.75,0.0,2,78.97172012051408
7700,171.25,43.75,43.75,0.0,2,83.79311694046771
7701,173.75,43.75,43.75,0.0,2,88.00218189720509
7702,176.25,43.75,43.75,0.0,2,90.94050617794919
7703,178.75,43.75,43.75,0.0,2,92.92934991645399
7704,181.25,43.75,43.75,0.0,2,93.87502428338578
7705,183.75,43.75,43.75,0.0,2,93.98770105828609
7706,186.25,43.75,43.75,0.0,2,93.35748473342522
7707,188.75,43.75,43.75,0.0,2,92.39608115274555
7708,191.25,43.75,43.75,0.0,2,91.27813564779177
7709,193.75,43.75,43.75,0.0,2,89.34573110416125
7710,196.25,43.75,43.75,0.0,2,86.28376427568092
7711,198.75,43.75,43.75,0.0,2,81.7215055350275
7712,201.25,43.75,43.75,0.0,2,76.76100202589254
7713,203.75,43.75,43.75,0.0,2,71.36617548947785
7714,206.25,43.75,43.75,0.0,2,65.27303220472734
7715,208.75,43.75,43.75,0.0,2,58.56137589065438
7716,211.25,43.75,43.75,0.0,2,52.02590022273992
7717,213.75,43.75,43.75,0.0,2,46.14192054625831
7718,216.25,43.75,43.75,0.0,2,40.61441144619263
7719,218.75,43.75,43.75,0.0,2,35.731306855556355
7720,221.25,43.75,43.75,0.0,2,31.366646126721133
7721,223.75,43.75,43.75,0.0,2,27.05518662803251
7722,226.25,43.75,43.75,0.0,2,23.13869127241835
7723,228.75,43.75,43.75,0.0,2,18.716382918296375
7724,231.25,43.75,43.75,0.0,2,13.719691631966604
7725,233.75,43.75,43.75,0.0,2,7.452630908688998
7726,236.25,43.75,43.75,0.0,2,0.9399715957405005
7727,238.75,43.75,43.75,1.0,0,-8.0681843794373
7728,241.25,43.75,43.75,1.0,0,-23.71454843965308
7729,243.75,43.75,43.75,1.0,0,-42.771382419530184
7730,246.25,43.75,43.75,1.0,0,-45.937145999176
7731,248.75,43.75,43.75,1.0,0,-36.33456129575696
7732,251.25,43.75,43.75,1.0,0,-29.03749170959621
7733,253.75,43.75,43.75,1.0,0,-22.082834410360032
7734,256.25,43.75,43.75,1.0,0,-21.860628901684642
7735,258.75,43.75,43.75,1.0,0,-27.74412535334551
7736,261.25,43.75,43.75,1.0,0,-33.78598170914083
7737,263.75,43.75,43.75,1.0,0,-37.29105197813057
7738,266.25,43.75,43.75,1.0,0,-38.99272068449012
7739,268.75,43.75,43.75,1.0,0,-39.26962663446988
7740,271.25,43.75,43.75,1.0,0,-35.94893841946538
7741,273.75,43.75,43.75,1.0,0,-33.33238792600751
7742,276.25,43.75,43.75,1.0,0,-33.06656265478221
7743,278.75,43.75,43.75,1.0,0,-33.17389179903757
7744,281.25,43.75,43.75,1.0,0,-33.68585367549786
7745,283.75,43.75,43.75,1.0,0,-33.34522082113233
7746,286.25,43.75,43.75,1.0,0,-32.95638322201129
7747,288.75,43.75,43.75,1.0,0,-30.13597496315745
7748,291.25,43.75,43.75,0.0,1,-25.981755414208415
7749,293.75,43.75,43.75,0.0,1,-22.217205202541603
7750,296.25,43.75,43.75,0.0,1,-19.126977429159595
7751,298.75,43.75,43.75,0.0,1,-16.27526886398982
7752,301.25,43.75,43.75,0.0,1,-12.682903724327758
7753,303.75,43.75,43.75,0.0,1,-9.686755790637996
7754,306.25,43.75,43.75,0.0,1,-7.524503593509327
7755,308.75,43.75,43.75,0.0,1,-7.23713490957383
7756,311.25,43.75,43.75,0.0,1,-9.103818534600455
7757,313.75,43.75,43.75,0.0,1,-9.661743685976441
7758,316.25,43.75,43.75,0.0,1,-8.05213450697304
7759,318.75,43.75,43.75,0.0,1,-2.756682212374564
7760,321.25,43.75,43.75,0.0,1,6.513424135508491
7761,323.75,43.75,43.75,0.0,1,13.87335674802532
7762,326.25,43.75,43.75,0.0,1,18.312974685747868
7763,328.75,43.75,43.75,0.0,1,21.380812842305083
7764,331.25,43.75,43.75,0.0,1,22.573000001640896
7765,333.75,43.75,43.75,0.0,1,21.40124007778514
7766,336.25,43.75,43.75,0.0,1,19.56759207221514
7767,338.75,43.75,43.75,0.0,1,16.956293809741492
7768,341.25,43.75,43.75,0.0,1,13.641129629137183
7769,343.75,43.75,43.75,0.0,1,9.914752963947311
7770,346.25,43.75,43.75,0.0,1,5.503338167575402
7771,348.75,43.75,43.75,0.0,1,0.43781223649986734
7772,351.25,43.75,43.75,0.0,1,-4.678023399800506
7773,353.75,43.75,43.75,0.0,1,-8.762970121797409
7774,356.25,43.75,43.75,0.0,1,-11.33323019515992
7775,358.75,43.75,43.75,0.0,1,-17.267143767576293
7776,1.25,46.25,46.25,1.0,0,-19.237183592672878
7777,3.75,46.25,46.25,1.0,0,-22.254458207460466
7778,6.25,46.25,46.25,1.0,0,-25.56108100425056
7779,8.75,46.25,46.25,1.0,0,-30.561933599349988
7780,11.25,46.25,46.25,1.0,0,-35.17436565729224
7781,13.75,46.25,46.25,1.0,0,-41.11347430460873
7782,16.25,46.25,46.25,1.0,0,-47.5541896093664
7783,18.75,46.25,46.25,1.0,0,-51.235254651276016
7784,21.25,46.25,46.25,1.0,0,-51.12761835570014
7785,23.75,46.25,46.25,1.0,0,-49.91812033551714
7786,26.25,46.25,46.25,1.0,0,-53.32934908670424
7787,28.75,46.25,46.25,1.0,0,-59.3257092009384
7788,31.25,46.25,46.25,0.0,2,-61.88775549596447
7789,33.75,46.25,46.25,1.0,0,-62.76185157662508
7790,36.25,46.25,46.25,1.0,0,-63.3541333509682
7791,38.75,46.25,46.25,1.0,0,-63.32533016103987
7792,41.25,46.25,46.25,1.0,0,-61.57631515059546
7793,43.75,46.25,46.25,1.0,0,-62.07021092026752
7794,46.25,46.25,46.25,1.0,0,-62.5098438435827
7795,48.75,46.25,46.25,1.0,0,-59.563133965676826
7796,51.25,46.25,46.25,1.0,0,-57.23001575784007
7797,53.75,46.25,46.25,1.0,0,-59.35078738908628
7798,56.25,46.25,46.25,1.0,0,-63.43527621842928
7799,58.75,46.25,46.25,1.0,0,-66.50903429886732
7800,61.25,46.25,46.25,1.0,0,-68.20992146247352
7801,63.75,46.25,46.25,1.0,0,-70.23800519975492
7802,66.25,46.25,46.25,1.0,0,-71.76169417739077
7803,68.75,46.25,46.25,1.0,0,-73.34982227302751
7804,71.25,46.25,46.25,1.0,0,-76.23015218034807
7805,73.75,46.25,46.25,1.0,0,-79.08314341725959
7806,76.25,46.25,46.25,1.0,0,-77.62644626302422
7807,78.75,46.25,46.25,1.0,0,-72.91383058913334
7808,81.25,46.25,46.25,1.0,0,-71.76791968704944
7809,83.75,46.25,46.25,1.0,0,-79.99859957414073
7810,86.25,46.25,46.25,1.0,0,-90.09560033174286
7811,88.75,46.25,46.25,1.0,0,-85.21733668462242
7812,91.25,46.25,46.25,1.0,0,-69.91214090409468
7813,93.75,46.25,46.25,1.0,0,-61.266304144975685
7814,96.25,46.25,46.25,1.0,0,-54.16049824935835
7815,98.75,46.25,46.25,1.0,0,-44.37904271365185
7816,101.25,46.25,46.25,1.0,0,-43.14280755839496
7817,103.75,46.25,46.25,1.0,0,-50.13157223013328
7818,106.25,46.25,46.25,1.0,0,-56.39087339433612
7819,108.75,46.25,46.25,1.0,0,-56.30644149428172
7820,111.25,46.25,46.25,1.0,0,-56.37308911817375
7821,113.75,46.25,46.25,1.0,0,-56.2816170687114
7822,116.25,46.25,46.25,1.0,0,-53.865287347165534
7823,118.75,46.25,46.25,1.0,0,-49.76717027509324
7824,121.25,46.25,46.25,1.0,0,-46.87210388653672
7825,123.75,46.25,46.25,1.0,0,-46.60500297701033
7826,126.25,46.25,46.25,1.0,0,-43.51309438253598
7827,128.75,46.25,46.25,1.0,0,-37.02571067556363
7828,131.25,46.25,46.25,1.0,0,-32.91708970857658
7829,133.75,46.25,46.25,1.0,0,-29.05794717476621
7830,136.25,46.25,46.25,1.0,0,-21.459152495579115
7831,138.75,46.25,46.25,0.0,2,-13.407713961382022
7832,141.25,46.25,46.25,0.0,2,-8.630880278086444
7833,143.75,46.25,46.25,0.0,2,-4.567148854081443
7834,146.25,46.25,46.25,0.0,2,2.551217778972294
7835,148.75,46.25,46.25,0.0,2,12.253677815069368
7836,151.25,46.25,46.25,0.0,2,23.149256050559153
7837,153.75,46.25,46.25,0.0,2,35.38177902695361
7838,156.25,46.25,46.25,0.0,2,46.333897275687725
7839,158.75,46.25,46.25,0.0,2,56.22547325894314
7840,161.25,46.25,46.25,0.0,2,64.73531335283337
7841,163.75,46.25,46.25,0.0,2,71.36245585427338
7842,166.25,46.25,46.25,0.0,2,76.57810188302818
7843,168.75,46.25,46.25,0.0,2,80.91186275437678
7844,171.25,46.25,46.25,0.0,2,84.6292053425114
7845,173.75,46.25,46.25,0.0,2,88.17135320809938
7846,176.25,46.25,46.25,0.0,2,91.4433351040742
7847,178.75,46.25,46.25,0.0,2,93.81863276583995
7848,181.25,46.25,46.25,0.0,2,94.83150154012864
7849,183.75,46.25,46.25,0.0,2,94.61689976321341
7850,186.25,46.25,46.25,0.0,2,93.53735099478556
7851,188.75,46.25,46.25,0.0,2,91.86441843776048
7852,191.25,46.25,46.25,0.0,2,89.83291736431109
7853,193.75,46.25,46.25,0.0,2,87.3674119277214
7854,196.25,46.25,46.25,0.0,2,84.04426360655313
7855,198.75,46.25,46.25,0.0,2,79.34597027009406
7856,201.25,46.25,46.25,0.0,2,74.12208185167849
7857,203.75,46.25,46.25,0.0,2,68.29038405649385
7858,206.25,46.25,46.25,0.0,2,62.17255622266439
7859,208.75,46.25,46.25,0.0,2,55.68194488029456
7860,211.25,46.25,46.25,0.0,2,49.19116222535425
7861,213.75,46.25,46.25,0.0,2,43.39897531572596
7862,216.25,46.25,46.25,0.0,2,38.06993162367069
7863,218.75,46.25,46.25,0.0,2,33.412000139552
7864,221.25,46.25,46.25,0.0,2,29.793438141568014
7865,223.75,46.25,46.25,0.0,2,26.414567780491996
7866,226.25,46.25,46.25,0.0,2,23.036443499345534
7867,228.75,46.25,46.25,0.0,2,19.115463581055625
7868,231.25,46.25,46.25,0.0,2,14.751587751268218
7869,233.75,46.25,46.25,0.0,2,9.832180250014474
7870,236.25,46.25,46.25,0.0,2,2.27017212576376
7871,238.75,46.25,46.25,1.0,0,-8.111817018158849
7872,241.25,46.25,46.25,1.0,0,-16.392195091456028
7873,243.75,46.25,46.25,1.0,0,-21.13767556820309
7874,246.25,46.25,46.25,1.0,0,-21.77653591190674
7875,248.75,46.25,46.25,1.0,0,-18.46839469522875
7876,251.25,46.25,46.25,1.0,0,-17.727765687126634
7877,253.75,46.25,46.25,1.0,0,-21.53739005258177
7878,256.25,46.25,46.25,1.0,0,-26.17103813871011
7879,258.75,46.25,46.25,1.0,0,-31.822238588907528
7880,261.25,46.25,46.25,1.0,0,-37.42388976137135
7881,263.75,46.25,46.25,1.0,0,-39.324976703302546
7882,266.25,46.25,46.25,1.0,0,-38.216431189331814
7883,268.75,46.25,46.25,1.0,0,-36.15993570557218
7884,271.25,46.25,46.25,1.0,0,-33.04513573652536
7885,273.75,46.25,46.25,1.0,0,-31.556141929354563
7886,276.25,46.25,46.25,1.0,0,-31.75320879675424
7887,278.75,46.25,46.25,1.0,0,-32.38060566785459
7888,281.25,46.25,46.25,1.0,0,-33.04388890636525
7889,283.75,46.25,46.25,1.0,0,-32.35048106089307
7890,286.25,46.25,46.25,1.0,0,-30.860219446912954
7891,288.75,46.25,46.25,1.0,0,-27.996809387539173
7892,291.25,46.25,46.25,1.0,0,-25.300407522222343
7893,293.75,46.25,46.25,1.0,0,-23.70153556367889
7894,296.25,46.25,46.25,0.0,0,-22.260016521369373
7895,298.75,46.25,46.25,0.0,1,-19.288227911812243
7896,301.25,46.25,46.25,0.0,1,-14.628987204957092
7897,303.75,46.25,46.25,0.0,1,-9.77284081589996
7898,306.25,46.25,46.25,0.0,1,-4.777762597838567
7899,308.75,46.25,46.25,0.0,1,-0.43022604341575316
7900,311.25,46.25,46.25,0.0,1,3.00197816804626
7901,313.75,46.25,46.25,0.0,1,6.683796144699748
7902,316.25,46.25,46.25,0.0,1,9.966368340657786
7903,318.75,46.25,46.25,0.0,1,12.881228747380177
7904,321.25,46.25,46.25,0.0,1,16.37456392430675
7905,323.75,46.25,46.25,0.0,1,19.510141954420085
7906,326.25,46.25,46.25,0.0,1,22.23814135073544
7907,328.75,46.25,46.25,0.0,1,24.88922111602743
7908,331.25,46.25,46.25,0.0,1,27.32603677533481
7909,333.75,46.25,46.25,0.0,1,28.061799739548935
7910,336.25,46.25,46.25,0.0,1,26.811596323590702
7911,338.75,46.25,46.25,0.0,1,24.76954936245751
7912,341.25,46.25,46.25,0.0,1,21.91202360292996
7913,343.75,46.25,46.25,0.0,1,18.077918337182094
7914,346.25,46.25,46.25,0.0,1,14.111906915962765
7915,348.75,46.25,46.25,0.0,1,9.967845511783624
7916,351.25,46.25,46.25,0.0,1,5.748595490212809
7917,353.75,46.25,46.25,0.0,1,0.5863749382236283
7918,356.25,46.25,46.25,0.0,1,-6.711690063617086
7919,358.75,46.25,46.25,0.0,1,-13.744373426317008
7920,1.25,48.75,48.75,1.0,0,-14.161318938084895
7921,3.75,48.75,48.75,1.0,0,-19.06266425286816
7922,6.25,48.75,48.75,1.0,0,-22.316197138978424
7923,8.75,48.75,48.75,1.0,0,-25.040086803138006
7924,11.25,48.75,48.75,1.0,0,-28.257708030231566
7925,13.75,48.75,48.75,1.0,0,-32.14139525128516
7926,16.25,48.75,48.75,1.0,0,-37.8202361442456
7927,18.75,48.75,48.75,1.0,0,-43.073021547799584
7928,21.25,48.75,48.75,1.0,0,-44.34903396809974
7929,23.75,48.75,48.75,1.0,0,-44.07277926628664
7930,26.25,48.75,48.75,1.0,0,-47.45173471830766
7931,28.75,48.75,48.75,1.0,0,-53.050671173228594
7932,31.25,48.75,48.75,1.0,0,-55.87253665807372
7933,33.75,48.75,48.75,1.0,0,-56.802528340530024
7934,36.25,48.75,48.75,1.0,0,-57.53923385737547
7935,38.75,48.75,48.75,1.0,0,-58.91675011811516
7936,41.25,48.75,48.75,1.0,0,-59.91142252310806
7937,43.75,48.75,48.75,1.0,0,-60.23395046390257
7938,46.25,48.75,48.75,1.0,0,-60.04620381493475
7939,48.75,48.75,48.75,1.0,0,-59.4051126927381
7940,51.25,48.75,48.75,1.0,0,-59.94266446201999
7941,53.75,48.75,48.75,1.0,0,-61.74999656169025
7942,56.25,48.75,48.75,1.0,0,-64.10786162581309
7943,58.75,48.75,48.75,1.0,0,-66.80288395194209
7944,61.25,48.75,48.75,1.0,0,-69.28723155455977
7945,63.75,48.75,48.75,1.0,0,-71.75581557745063
7946,66.25,48.75,48.75,1.0,0,-73.34033744163384
7947,68.75,48.75,48.75,1.0,0,-74.16250479420097
7948,71.25,48.75,48.75,1.0,0,-75.74428442526457
7949,73.75,48.75,48.75,1.0,0,-78.42064147139669
7950,76.25,48.75,48.75,1.0,0,-82.28208773610437
7951,78.75,48.75,48.75,1.0,0,-86.09667926190758
7952,81.25,48.75,48.75,1.0,0,-87.62591963605527
7953,83.75,48.75,48.75,1.0,0,-87.05471165693686
7954,86.25,48.75,48.75,1.0,0,-77.16119061480927
7955,88.75,48.75,48.75,1.0,0,-58.69104568907536
7956,91.25,48.75,48.75,1.0,0,-57.379393688770364
7957,93.75,48.75,48.75,1.0,0,-69.61583969290263
7958,96.25,48.75,48.75,1.0,0,-64.11442179917638
7959,98.75,48.75,48.75,1.0,0,-47.81335821376922
7960,101.25,48.75,48.75,1.0,0,-44.75396547501693
7961,103.75,48.75,48.75,1.0,0,-55.00235521024598
7962,106.25,48.75,48.75,1.0,0,-63.06550854073584
7963,108.75,48.75,48.75,1.0,0,-57.072263980126266
7964,111.25,48.75,48.75,1.0,0,-53.26066407871831
7965,113.75,48.75,48.75,1.0,0,-57.89621958157151
7966,116.25,48.75,48.75,1.0,0,-58.71900542578562
7967,118.75,48.75,48.75,1.0,0,-52.090071262452
7968,121.25,48.75,48.75,1.0,0,-45.23517853130474
7969,123.75,48.75,48.75,1.0,0,-41.81415193036094
7970,126.25,48.75,48.75,1.0,0,-40.88024033963697
7971,128.75,48.75,48.75,1.0,0,-39.0826120804719
7972,131.25,48.75,48.75,1.0,0,-34.39795869910886
7973,133.75,48.75,48.75,1.0,0,-29.57926923305666
7974,136.25,48.75,48.75,1.0,0,-26.613193400130022
7975,138.75,48.75,48.75,1.0,0,-23.14660989017768
7976,141.25,48.75,48.75,1.0,0,-19.475498410063434
7977,143.75,48.75,48.75,0.0,2,-14.494968718586518
7978,146.25,48.75,48.75,0.0,2,-3.8536424410925116
7979,148.75,48.75,48.75,0.0,2,9.742935072766343
7980,151.25,48.75,48.75,0.0,2,21.715935757582276
7981,153.75,48.75,48.75,0.0,2,32.82091787436417
7982,156.25,48.75,48.75,0.0,2,43.19343469205828
7983,158.75,48.75,48.75,0.0,2,53.01394196918275
7984,161.25,48.75,48.75,0.0,2,62.14878080333781
7985,163.75,48.75,48.75,0.0,2,69.25254991738633
7986,166.25,48.75,48.75,0.0,2,73.67232716223064
7987,168.75,48.75,48.75,0.0,2,77.06112240683444
7988,171.25,48.75,48.75,0.0,2,79.84089315003004
7989,173.75,48.75,48.75,0.0,2,82.87237949969321
7990,176.25,48.75,48.75,0.0,2,86.14799260579362
7991,178.75,48.75,48.75,0.0,2,88.23711877759659
7992,181.25,48.75,48.75,0.0,2,89.42719492984892
7993,183.75,48.75,48.75,0.0,2,89.55570003320024
7994,186.25,48.75,48.75,0.0,2,88.13176068506995
7995,188.75,48.75,48.75,0.0,2,86.09247533563797
7996,191.25,48.75,48.75,0.0,2,83.73397418070145
7997,193.75,48.75,48.75,0.0,2,80.65906457194556
7998,196.25,48.75,48.75,0.0,2,76.83044492330748
7999,198.75,48.75,48.75,0.0,2,72.34014110093234
8000,201.25,48.75,48.75,0.0,2,67.60197760016003
8001,203.75,48.75,48.75,0.0,2,62.16443801498753
8002,206.25,48.75,48.75,0.0,2,56.41114874404791
8003,208.75,48.75,48.75,0.0,2,50.39588224911998
8004,211.25,48.75,48.75,0.0,2,44.45570705276108
8005,213.75,48.75,48.75,0.0,2,39.307027045051875
8006,216.25,48.75,48.75,0.0,2,34.842453208377655
8007,218.75,48.75,48.75,0.0,2,30.709232574598094
8008,221.25,48.75,48.75,0.0,2,27.39063914735495
8009,223.75,48.75,48.75,0.0,2,24.542442128666025
8010,226.25,48.75,48.75,0.0,2,21.47886353144789
8011,228.75,48.75,48.75,0.0,2,17.75078499413959
8012,231.25,48.75,48.75,0.0,2,12.45507352044159
8013,233.75,48.75,48.75,0.0,2,6.235019615929815
8014,236.25,48.75,48.75,1.0,0,-1.727600825548991
8015,238.75,48.75,48.75,1.0,0,-11.226584856118658
8016,241.25,48.75,48.75,1.0,0,-18.437031660489872
8017,243.75,48.75,48.75,1.0,0,-20.404799318280563
8018,246.25,48.75,48.75,1.0,0,-19.808178022645645
8019,248.75,48.75,48.75,1.0,0,-20.3577028879556
8020,251.25,48.75,48.75,1.0,0,-22.292389925848937
8021,253.75,48.75,48.75,1.0,0,-26.216239175085047
8022,256.25,48.75,48.75,1.0,0,-30.678323889038513
8023,258.75,48.75,48.75,1.0,0,-34.814332053557834
8024,261.25,48.75,48.75,1.0,0,-38.97219481685883
8025,263.75,48.75,48.75,1.0,0,-40.84817960497331
8026,266.25,48.75,48.75,1.0,0,-38.8397678111369
8027,268.75,48.75,48.75,1.0,0,-36.81460266807908
8028,271.25,48.75,48.75,1.0,0,-36.87705106302217
8029,273.75,48.75,48.75,1.0,0,-37.00954213209048
8030,276.25,48.75,48.75,1.0,0,-36.65426605284094
8031,278.75,48.75,48.75,1.0,0,-36.5385726140147
8032,281.25,48.75,48.75,1.0,0,-35.47239171928284
8033,283.75,48.75,48.75,1.0,0,-33.08520375041849
8034,286.25,48.75,48.75,1.0,0,-30.720767808293523
8035,288.75,48.75,48.75,1.0,0,-28.085921555809918
8036,291.25,48.75,48.75,1.0,0,-25.74682242483141
8037,293.75,48.75,48.75,1.0,0,-24.310367171693752
8038,296.25,48.75,48.75,0.0,1,-23.015454507832175
8039,298.75,48.75,48.75,0.0,1,-20.16684045046718
8040,301.25,48.75,48.75,0.0,1,-15.875244975255573
8041,303.75,48.75,48.75,1.0,0,-11.020010670652182
8042,306.25,48.75,48.75,0.0,1,-4.567269660859262
8043,308.75,48.75,48.75,0.0,1,3.5800728489887765
8044,311.25,48.75,48.75,0.0,1,11.020155237965227
8045,313.75,48.75,48.75,0.0,1,15.992371389397013
8046,316.25,48.75,48.75,0.0,1,19.554207642230324
8047,318.75,48.75,48.75,0.0,1,22.20208035318754
8048,321.25,48.75,48.75,0.0,1,24.18126768012899
8049,323.75,48.75,48.75,0.0,1,25.963980876921077
8050,326.25,48.75,48.75,0.0,1,27.721668941270558
8051,328.75,48.75,48.75,0.0,1,29.207842119721686
8052,331.25,48.75,48.75,0.0,1,30.3743121716987
8053,333.75,48.75,48.75,0.0,1,30.7682163386319
8054,336.25,48.75,48.75,0.0,1,30.633181030701138
8055,338.75,48.75,48.75,0.0,1,29.792063754590114
8056,341.25,48.75,48.75,0.0,1,27.28505295912035
8057,343.75,48.75,48.75,0.0,1,23.762718877414844
8058,346.25,48.75,48.75,0.0,1,20.11488158277467
8059,348.75,48.75,48.75,0.0,1,15.122022134370782
8060,351.25,48.75,48.75,0.0,1,9.1474532503297
8061,353.75,48.75,48.75,0.0,1,2.968722429581546
8062,356.25,48.75,48.75,0.0,1,-3.05647776395903
8063,358.75,48.75,48.75,0.0,0,-8.497034068825844
8064,1.25,51.25,51.25,0.0,1,-8.22137170518378
8065,3.75,51.25,51.25,1.0,0,-13.59796552692728
8066,6.25,51.25,51.25,1.0,0,-18.941358735460007
8067,8.75,51.25,51.25,1.0,0,-22.89806886844817
8068,11.25,51.25,51.25,1.0,0,-25.834163898257657
8069,13.75,51.25,51.25,1.0,0,-27.968837781104664
8070,16.25,51.25,51.25,1.0,0,-30.344184724174877
8071,18.75,51.25,51.25,1.0,0,-33.20429125838594
8072,21.25,51.25,51.25,1.0,0,-35.301922281356
8073,23.75,51.25,51.25,1.0,0,-37.71813929551423
8074,26.25,51.25,51.25,1.0,0,-41.23719863428674
8075,28.75,51.25,51.25,1.0,0,-45.28203396794409
8076,31.25,51.25,51.25,1.0,0,-48.46398799512786
8077,33.75,51.25,51.25,1.0,0,-50.76482075823764
8078,36.25,51.25,51.25,1.0,0,-52.222363571901965
8079,38.75,51.25,51.25,1.0,0,-53.21417707297384
8080,41.25,51.25,51.25,1.0,0,-54.2284763709821
8081,43.75,51.25,51.25,1.0,0,-55.21013783108802
8082,46.25,51.25,51.25,1.0,0,-56.04969478185877
8083,48.75,51.25,51.25,1.0,0,-56.57236528608714
8084,51.25,51.25,51.25,1.0,0,-57.463432248002086
8085,53.75,51.25,51.25,1.0,0,-59.24672770941506
8086,56.25,51.25,51.25,1.0,0,-61.39740987804508
8087,58.75,51.25,51.25,1.0,0,-63.355886732677746
8088,61.25,51.25,51.25,1.0,0,-65.71259056620788
8089,63.75,51.25,51.25,1.0,0,-69.0455850026065
8090,66.25,51.25,51.25,1.0,0,-71.27902934031047
8091,68.75,51.25,51.25,1.0,0,-72.8085197780642
8092,71.25,51.25,51.25,1.0,0,-75.15091987060596
8093,73.75,51.25,51.25,1.0,0,-77.1370729844868
8094,76.25,51.25,51.25,1.0,0,-79.85214666926419
8095,78.75,51.25,51.25,1.0,0,-84.76073610863743
8096,81.25,51.25,51.25,1.0,0,-87.57185582810237
8097,83.75,51.25,51.25,1.0,0,-82.65316303249219
8098,86.25,51.25,51.25,1.0,0,-66.81411254937083
8099,88.75,51.25,51.25,1.0,0,-55.38627582867771
8100,91.25,51.25,51.25,1.0,0,-61.27731754793456
8101,93.75,51.25,51.25,1.0,0,-70.18266688730891
8102,96.25,51.25,51.25,1.0,0,-64.9205059318142
8103,98.75,51.25,51.25,1.0,0,-54.431741727538714
8104,101.25,51.25,51.25,1.0,0,-53.67505171194704
8105,103.75,51.25,51.25,1.0,0,-64.85195498753006
8106,106.25,51.25,51.25,1.0,0,-74.97506604292472
8107,108.75,51.25,51.25,1.0,0,-70.10887244490816
8108,111.25,51.25,51.25,1.0,0,-59.33193194815484
8109,113.75,51.25,51.25,1.0,0,-55.067111522142866
8110,116.25,51.25,51.25,1.0,0,-52.772045222435494
8111,118.75,51.25,51.25,1.0,0,-46.17896389015149
8112,121.25,51.25,51.25,1.0,0,-39.77466057425354
8113,123.75,51.25,51.25,1.0,0,-38.983622095067965
8114,126.25,51.25,51.25,1.0,0,-41.01401543616267
8115,128.75,51.25,51.25,1.0,0,-38.77064463730904
8116,131.25,51.25,51.25,1.0,0,-31.35041199120419
8117,133.75,51.25,51.25,1.0,0,-27.769006622041942
8118,136.25,51.25,51.25,1.0,0,-28.92523400174334
8119,138.75,51.25,51.25,1.0,0,-29.159917772268226
8120,141.25,51.25,51.25,1.0,0,-27.598221390436606
8121,143.75,51.25,51.25,0.0,2,-22.19588557392433
8122,146.25,51.25,51.25,0.0,2,-9.997452388499966
8123,148.75,51.25,51.25,0.0,2,4.949382017695383
8124,151.25,51.25,51.25,0.0,2,17.92386778730138
8125,153.75,51.25,51.25,0.0,2,28.051267296540995
8126,156.25,51.25,51.25,0.0,2,34.971434435706264
8127,158.75,51.25,51.25,0.0,2,42.0651001858456
8128,161.25,51.25,51.25,0.0,2,50.98468560609701
8129,163.75,51.25,51.25,0.0,2,58.592704733705204
8130,166.25,51.25,51.25,0.0,2,63.29641150334295
8131,168.75,51.25,51.25,0.0,2,67.03204467944735
8132,171.25,51.25,51.25,0.0,2,69.81127805763688
8133,173.75,51.25,51.25,0.0,2,72.1326934627565
8134,176.25,51.25,51.25,0.0,2,74.83947691322908
8135,178.75,51.25,51.25,0.0,2,76.75073073459968
8136,181.25,51.25,51.25,0.0,2,77.68344275353508
8137,183.75,51.25,51.25,0.0,2,77.65376157046666
8138,186.25,51.25,51.25,0.0,2,76.60826871887325
8139,188.75,51.25,51.25,0.0,2,75.21776261624527
8140,191.25,51.25,51.25,0.0,2,73.30117706845125
8141,193.75,51.25,51.25,0.0,2,70.44507889343208
8142,196.25,51.25,51.25,0.0,2,66.88762528686041
8143,198.75,51.25,51.25,0.0,2,62.91952075449157
8144,201.25,51.25,51.25,0.0,2,58.87583769708027
8145,203.75,51.25,51.25,0.0,2,54.313785893696675
8146,206.25,51.25,51.25,0.0,2,49.407780845351525
8147,208.75,51.25,51.25,0.0,2,44.36454772962735
8148,211.25,51.25,51.25,0.0,2,39.43968596481182
8149,213.75,51.25,51.25,0.0,2,34.67301298637813
8150,216.25,51.25,51.25,0.0,2,30.431939853173375
8151,218.75,51.25,51.25,0.0,2,27.043857376160787
8152,221.25,51.25,51.25,0.0,2,24.632909594709727
8153,223.75,51.25,51.25,0.0,2,22.13760968405882
8154,226.25,51.25,51.25,0.0,2,18.438689913940497
8155,228.75,51.25,51.25,0.0,2,13.836489155000027
8156,231.25,51.25,51.25,0.0,2,8.52551112159431
8157,233.75,51.25,51.25,1.0,0,1.9914923322429676
8158,236.25,51.25,51.25,1.0,0,-3.832325967654592
8159,238.75,51.25,51.25,1.0,0,-7.33477740095029
8160,241.25,51.25,51.25,1.0,0,-9.9422766055592
8161,243.75,51.25,51.25,1.0,0,-10.6666930282661
8162,246.25,51.25,51.25,1.0,0,-12.881121365709003
8163,248.75,51.25,51.25,1.0,0,-18.555735287553134
8164,251.25,51.25,51.25,1.0,0,-24.12674522219653
8165,253.75,51.25,51.25,1.0,0,-28.035923732837887
8166,256.25,51.25,51.25,1.0,0,-31.783713347841086
8167,258.75,51.25,51.25,1.0,0,-36.87899735942971
8168,261.25,51.25,51.25,1.0,0,-41.93431668463556
8169,263.75,51.25,51.25,1.0,0,-43.18460521636583
8170,266.25,51.25,51.25,1.0,0,-39.99820308491075
8171,268.75,51.25,51.25,1.0,0,-38.93754838595665
8172,271.25,51.25,51.25,1.0,0,-40.893796008217045
8173,273.75,51.25,51.25,1.0,0,-41.99460862833697
8174,276.25,51.25,51.25,1.0,0,-43.0250396345629
8175,278.75,51.25,51.25,1.0,0,-43.539444967744274
8176,281.25,51.25,51.25,1.0,0,-41.346893406001286
8177,283.75,51.25,51.25,1.0,0,-37.2986799340258
8178,286.25,51.25,51.25,1.0,0,-33.64965911444962
8179,288.75,51.25,51.25,1.0,0,-29.253949423371537
8180,291.25,51.25,51.25,1.0,0,-25.71161588598079
8181,293.75,51.25,51.25,1.0,0,-24.860272099327645
8182,296.25,51.25,51.25,1.0,0,-23.777765681498224
8183,298.75,51.25,51.25,1.0,0,-20.96667026237603
8184,301.25,51.25,51.25,1.0,0,-18.08782244904879
8185,303.75,51.25,51.25,0.0,0,-12.994744713546119
8186,306.25,51.25,51.25,0.0,1,-3.6330844218844915
8187,308.75,51.25,51.25,0.0,1,8.147955676874279
8188,311.25,51.25,51.25,0.0,1,18.889324295788946
8189,313.75,51.25,51.25,0.0,1,25.503854071350624
8190,316.25,51.25,51.25,0.0,1,29.225626237048097
8191,318.75,51.25,51.25,0.0,1,31.31534878926588
8192,321.25,51.25,51.25,0.0,1,32.643184659070165
8193,323.75,51.25,51.25,0.0,1,33.41507545293184
8194,326.25,51.25,51.25,0.0,1,33.67295419520155
8195,328.75,51.25,51.25,0.0,1,33.76806890097116
8196,331.25,51.25,51.25,0.0,1,33.65771931944983
8197,333.75,51.25,51.25,0.0,1,33.009639115366895
8198,336.25,51.25,51.25,0.0,1,32.75689766051171
8199,338.75,51.25,51.25,0.0,1,32.42633000015331
8200,341.25,51.25,51.25,0.0,1,30.4910230064391
8201,343.75,51.25,51.25,0.0,1,26.689800845729668
8202,346.25,51.25,51.25,0.0,1,22.004387306075852
8203,348.75,51.25,51.25,0.0,1,16.256886602565906
8204,351.25,51.25,51.25,0.0,1,9.420764681778612
8205,353.75,51.25,51.25,0.0,1,2.2543181794754776
8206,356.25,51.25,51.25,1.0,0,-2.647014029267516
8207,358.75,51.25,51.25,0.0,0,-4.806177540285133
8208,1.25,53.75,53.75,0.0,1,-6.19508723422551
8209,3.75,53.75,53.75,0.0,1,-9.306639668047506
8210,6.25,53.75,53.75,0.0,1,-13.738249267481775
8211,8.75,53.75,53.75,0.0,1,-17.922267878747203
8212,11.25,53.75,53.75,1.0,0,-21.094363998012522
8213,13.75,53.75,53.75,1.0,0,-22.732056029472005
8214,16.25,53.75,53.75,1.0,0,-23.40113199201014
8215,18.75,53.75,53.75,1.0,0,-24.948366825471293
8216,21.25,53.75,53.75,1.0,0,-27.863972106439004
8217,23.75,53.75,53.75,1.0,0,-31.29015878297512
8218,26.25,53.75,53.75,1.0,0,-34.31416569973192
8219,28.75,53.75,53.75,1.0,0,-37.07340639727691
8220,31.25,53.75,53.75,1.0,0,-39.705263540507424
8221,33.75,53.75,53.75,1.0,0,-41.93699122023614
8222,36.25,53.75,53.75,1.0,0,-43.74073598829662
8223,38.75,53.75,53.75,1.0,0,-45.319525893539726
8224,41.25,53.75,53.75,1.0,0,-46.694892450526325
8225,43.75,53.75,53.75,1.0,0,-47.665689772150486
8226,46.25,53.75,53.75,1.0,0,-48.66988115019218
8227,48.75,53.75,53.75,1.0,0,-50.000207285636186
8228,51.25,53.75,53.75,1.0,0,-51.510709639538085
8229,53.75,53.75,53.75,1.0,0,-53.05453048075139
8230,56.25,53.75,53.75,1.0,0,-54.02360324281898
8231,58.75,53.75,53.75,1.0,0,-54.95165259858219
8232,61.25,53.75,53.75,1.0,0,-57.42954211748117
8233,63.75,53.75,53.75,1.0,0,-61.490204609287076
8234,66.25,53.75,53.75,1.0,0,-64.63894685279442
8235,68.75,53.75,53.75,1.0,0,-66.82362358247508
8236,71.25,53.75,53.75,1.0,0,-69.3227751420102
8237,73.75,53.75,53.75,1.0,0,-72.16030066162814
8238,76.25,53.75,53.75,1.0,0,-74.97011373977722
8239,78.75,53.75,53.75,1.0,0,-78.71847162568521
8240,81.25,53.75,53.75,1.0,0,-82.28946461868237
8241,83.75,53.75,53.75,1.0,0,-83.54098407263298
8242,86.25,53.75,53.75,1.0,0,-80.5118835210635
8243,88.75,53.75,53.75,1.0,0,-76.41169986840009
8244,91.25,53.75,53.75,1.0,0,-75.67551904646534
8245,93.75,53.75,53.75,1.0,0,-73.84024192620878
8246,96.25,53.75,53.75,1.0,0,-66.19965681782756
8247,98.75,53.75,53.75,1.0,0,-60.188881468156545
8248,101.25,53.75,53.75,1.0,0,-62.02738368917004
8249,103.75,53.75,53.75,1.0,0,-69.42946367373773
8250,106.25,53.75,53.75,1.0,0,-76.67387368842664
8251,108.75,53.75,53.75,1.0,0,-75.24745627749957
8252,111.25,53.75,53.75,1.0,0,-60.840884208271696
8253,113.75,53.75,53.75,1.0,0,-47.096993608462135
8254,116.25,53.75,53.75,1.0,0,-41.84563921681301
8255,118.75,53.75,53.75,1.0,0,-40.367507705196275
8256,121.25,53.75,53.75,1.0,0,-38.65627940581141
8257,123.75,53.75,53.75,1.0,0,-39.08937222674322
8258,126.25,53.75,53.75,1.0,0,-39.109607355581225
8259,128.75,53.75,53.75,1.0,0,-35.111570856335746
8260,131.25,53.75,53.75,1.0,0,-29.191087373208052
8261,133.75,53.75,53.75,1.0,0,-27.566045248242666
8262,136.25,53.75,53.75,1.0,0,-31.65885884896567
8263,138.75,53.75,53.75,1.0,0,-37.44397015543817
8264,141.25,53.75,53.75,1.0,0,-36.95284091760008
8265,143.75,53.75,53.75,0.0,2,-28.191176211413595
8266,146.25,53.75,53.75,0.0,2,-14.401008076371324
8267,148.75,53.75,53.75,0.0,2,-0.9352901776512315
8268,151.25,53.75,53.75,0.0,2,10.544085099701624
8269,153.75,53.75,53.75,0.0,2,20.428522133540326
8270,156.25,53.75,53.75,0.0,2,24.02458730985041
8271,158.75,53.75,53.75,1.0,0,25.579161911713218
8272,161.25,53.75,53.75,0.0,2,32.58179903735467
8273,163.75,53.75,53.75,0.0,2,41.109726124182025
8274,166.25,53.75,53.75,0.0,2,46.93533602231281
8275,168.75,53.75,53.75,0.0,2,51.553914082579325
8276,171.25,53.75,53.75,0.0,2,54.87894522749058
8277,173.75,53.75,53.75,0.0,2,57.19600553461259
8278,176.25,53.75,53.75,0.0,2,59.288821188548276
8279,178.75,53.75,53.75,0.0,2,60.6828090082913
8280,181.25,53.75,53.75,0.0,2,61.1833352522718
8281,183.75,53.75,53.75,0.0,2,60.989910414685205
8282,186.25,53.75,53.75,0.0,2,60.436482724023136
8283,188.75,53.75,53.75,0.0,2,59.47739674531734
8284,191.25,53.75,53.75,0.0,2,57.65009287859702
8285,193.75,53.75,53.75,0.0,2,55.28036060628701
8286,196.25,53.75,53.75,0.0,2,53.08477563908949
8287,198.75,53.75,53.75,0.0,2,50.820357690939545
8288,201.25,53.75,53.75,0.0,2,48.19629150278265
8289,203.75,53.75,53.75,0.0,2,45.17785170337298
8290,206.25,53.75,53.75,0.0,2,41.70165818993845
8291,208.75,53.75,53.75,0.0,2,37.54957419352539
8292,211.25,53.75,53.75,0.0,2,33.505384391110056
8293,213.75,53.75,53.75,0.0,2,29.854182978716246
8294,216.25,53.75,53.75,0.0,2,26.473719615413767
8295,218.75,53.75,53.75,0.0,2,23.37582408895951
8296,221.25,53.75,53.75,0.0,2,20.812006010422728
8297,223.75,53.75,53.75,0.0,2,17.969423950355353
8298,226.25,53.75,53.75,0.0,2,13.582997054103284
8299,228.75,53.75,53.75,1.0,0,8.24607749930144
8300,231.25,53.75,53.75,1.0,0,2.7791297619905313
8301,233.75,53.75,53.75,1.0,0,-2.012060115253302
8302,236.25,53.75,53.75,1.0,0,-4.966299683942589
8303,238.75,53.75,53.75,1.0,0,-5.837433208758217
8304,241.25,53.75,53.75,1.0,0,-5.235611017889197
8305,243.75,53.75,53.75,1.0,0,-6.0595224676837365
8306,246.25,53.75,53.75,1.0,0,-12.258725601234854
8307,248.75,53.75,53.75,1.0,0,-19.980337167330976
8308,251.25,53.75,53.75,1.0,0,-25.243799651293664
8309,253.75,53.75,53.75,1.0,0,-28.72523170470261
8310,256.25,53.75,53.75,1.0,0,-32.98900805687382
8311,258.75,53.75,53.75,1.0,0,-38.21761949104451
8312,261.25,53.75,53.75,1.0,0,-42.856018018444644
8313,263.75,53.75,53.75,1.0,0,-44.92856358265476
8314,266.25,53.75,53.75,1.0,0,-44.642159283046034
8315,268.75,53.75,53.75,1.0,0,-45.31430985794076
8316,271.25,53.75,53.75,1.0,0,-47.17366955075578
8317,273.75,53.75,53.75,1.0,0,-48.760297217359884
8318,276.25,53.75,53.75,1.0,0,-50.53373078598154
8319,278.75,53.75,53.75,0.0,2,-50.921053646016205
8320,281.25,53.75,53.75,0.0,1,-48.82539771641287
8321,283.75,53.75,53.75,1.0,0,-43.69021362096728
8322,286.25,53.75,53.75,1.0,0,-37.473546315406374
8323,288.75,53.75,53.75,1.0,0,-33.22144796028942
8324,291.25,53.75,53.75,1.0,0,-30.64769491529082
8325,293.75,53.75,53.75,1.0,0,-28.42668585761722
8326,296.25,53.75,53.75,1.0,0,-25.98505385095371
8327,298.75,53.75,53.75,1.0,0,-24.907952493681744
8328,301.25,53.75,53.75,1.0,0,-22.83391250630568
8329,303.75,53.75,53.75,0.0,1,-14.410420650020683
8330,306.25,53.75,53.75,0.0,1,-0.5263045968444668
8331,308.75,53.75,53.75,0.0,1,14.318577258309755
8332,311.25,53.75,53.75,0.0,1,26.07593787777956
8333,313.75,53.75,53.75,0.0,1,32.69197564359749
8334,316.25,53.75,53.75,0.0,1,36.356906033834676
8335,318.75,53.75,53.75,0.0,1,38.59353621014474
8336,321.25,53.75,53.75,0.0,1,40.20422289967683
8337,323.75,53.75,53.75,0.0,1,40.92934969247841
8338,326.25,53.75,53.75,0.0,1,40.539454496669265
8339,328.75,53.75,53.75,0.0,1,39.17804770568401
8340,331.25,53.75,53.75,0.0,1,37.354258351219165
8341,333.75,53.75,53.75,0.0,1,35.93508239018467
8342,336.25,53.75,53.75,0.0,1,35.15102187025741
8343,338.75,53.75,53.75,0.0,1,33.8078598138839
8344,341.25,53.75,53.75,0.0,1,31.171086980265766
8345,343.75,53.75,53.75,0.0,1,27.247186922972354
8346,346.25,53.75,53.75,0.0,1,22.683058016447568
8347,348.75,53.75,53.75,0.0,1,17.644192496176657
8348,351.25,53.75,53.75,1.0,0,11.65332195461479
8349,353.75,53.75,53.75,0.0,0,4.167893975642894
8350,356.25,53.75,53.75,1.0,0,-2.412613306225657
8351,358.75,53.75,53.75,1.0,0,-4.76906122486268
8352,1.25,56.25,56.25,0.0,1,-6.976740743066832
8353,3.75,56.25,56.25,0.0,1,-10.434332184838885
8354,6.25,56.25,56.25,0.0,1,-14.576821845518818
8355,8.75,56.25,56.25,1.0,0,-17.390279065432757
8356,11.25,56.25,56.25,0.0,0,-19.152831649916322
8357,13.75,56.25,56.25,0.0,0,-20.24930497987261
8358,16.25,56.25,56.25,0.0,1,-20.704966360332236
8359,18.75,56.25,56.25,0.0,1,-21.53962873872257
8360,21.25,56.25,56.25,0.0,1,-23.62866870507076
8361,23.75,56.25,56.25,1.0,0,-26.4628370830628
8362,26.25,56.25,56.25,1.0,0,-29.223989288233685
8363,28.75,56.25,56.25,1.0,0,-31.835489581758388
8364,31.25,56.25,56.25,1.0,0,-33.793547061224004
8365,33.75,56.25,56.25,1.0,0,-34.98813952466294
8366,36.25,56.25,56.25,1.0,0,-36.01520726919016
8367,38.75,56.25,56.25,1.0,0,-37.324151591552166
8368,41.25,56.25,56.25,1.0,0,-38.5880244232764
8369,43.75,56.25,56.25,1.0,0,-39.453373416011665
8370,46.25,56.25,56.25,1.0,0,-40.70673927647706
8371,48.75,56.25,56.25,1.0,0,-42.74017696539883
8372,51.25,56.25,56.25,1.0,0,-44.72166514699327
8373,53.75,56.25,56.25,1.0,0,-45.90818765192686
8374,56.25,56.25,56.25,1.0,0,-46.83365584799158
8375,58.75,56.25,56.25,1.0,0,-48.119959163537914
8376,61.25,56.25,56.25,1.0,0,-49.92263343958737
8377,63.75,56.25,56.25,1.0,0,-52.33806071528788
8378,66.25,56.25,56.25,1.0,0,-55.11477056269069
8379,68.75,56.25,56.25,1.0,0,-57.89658524750984
8380,71.25,56.25,56.25,1.0,0,-60.176023221784114
8381,73.75,56.25,56.25,1.0,0,-62.255654418919534
8382,76.25,56.25,56.25,1.0,0,-64.44047505291586
8383,78.75,56.25,56.25,1.0,0,-66.94118189276534
8384,81.25,56.25,56.25,1.0,0,-70.15898302291006
8385,83.75,56.25,56.25,1.0,0,-74.02739666926988
8386,86.25,56.25,56.25,1.0,0,-76.68125823902766
8387,88.75,56.25,56.25,1.0,0,-76.90220320154774
8388,91.25,56.25,56.25,1.0,0,-76.34100512016667
8389,93.75,56.25,56.25,1.0,0,-74.7702268042664
8390,96.25,56.25,56.25,1.0,0,-71.76524234366745
8391,98.75,56.25,56.25,1.0,0,-70.33434163961097
8392,101.25,56.25,56.25,1.0,0,-70.23159286820251
8393,103.75,56.25,56.25,1.0,0,-68.50241528098957
8394,106.25,56.25,56.25,1.0,0,-65.13603794589743
8395,108.75,56.25,56.25,1.0,0,-60.356651283997195
8396,111.25,56.25,56.25,1.0,0,-51.853510363152054
8397,113.75,56.25,56.25,1.0,0,-42.8555970067553
8398,116.25,56.25,56.25,1.0,0,-37.61439692691461
8399,118.75,56.25,56.25,1.0,0,-35.61184261848059
8400,121.25,56.25,56.25,1.0,0,-35.82370753160494
8401,123.75,56.25,56.25,1.0,0,-36.78743183709035
8402,126.25,56.25,56.25,1.0,0,-34.92433911960679
8403,128.75,56.25,56.25,1.0,0,-30.506425362861314
8404,131.25,56.25,56.25,1.0,0,-28.667340025480794
8405,133.75,56.25,56.25,1.0,0,-30.38358192266808
8406,136.25,56.25,56.25,1.0,0,-35.51136387221415
8407,138.75,56.25,56.25,0.0,2,-41.701368057856925
8408,141.25,56.25,56.25,0.0,2,-41.009023524625164
8409,143.75,56.25,56.25,0.0,2,-33.21320504061816
8410,146.25,56.25,56.25,0.0,2,-23.327796680683193
8411,148.75,56.25,56.25,0.0,2,-13.809109260283643
8412,151.25,56.25,56.25,0.0,2,-4.720920053493992
8413,153.75,56.25,56.25,0.0,2,4.673545045993982
8414,156.25,56.25,56.25,0.0,2,8.567987393635713
8415,158.75,56.25,56.25,1.0,0,7.293224920402861
8416,161.25,56.25,56.25,1.0,0,9.511382386345803
8417,163.75,56.25,56.25,0.0,2,18.38714667110784
8418,166.25,56.25,56.25,0.0,2,26.40514710485066
8419,168.75,56.25,56.25,0.0,2,31.88196026256477
8420,171.25,56.25,56.25,0.0,2,35.309136795530115
8421,173.75,56.25,56.25,0.0,2,37.75311502858611
8422,176.25,56.25,56.25,0.0,2,39.37145300004207
8423,178.75,56.25,56.25,0.0,2,39.89053674768728
8424,181.25,56.25,56.25,0.0,2,40.070081372498336
8425,183.75,56.25,56.25,0.0,2,39.99573286254393
8426,186.25,56.25,56.25,0.0,2,39.20351948627523
8427,188.75,56.25,56.25,0.0,2,38.11901432149951
8428,191.25,56.25,56.25,0.0,2,37.30969218743083
8429,193.75,56.25,56.25,0.0,2,36.77953929570418
8430,196.25,56.25,56.25,0.0,2,36.45559189262631
8431,198.75,56.25,56.25,0.0,2,35.99809818267358
8432,201.25,56.25,56.25,1.0,0,34.90694888738745
8433,203.75,56.25,56.25,0.0,2,33.34890653307603
8434,206.25,56.25,56.25,0.0,2,31.895442628308583
8435,208.75,56.25,56.25,0.0,2,30.287433365387578
8436,211.25,56.25,56.25,0.0,2,27.667781440430655
8437,213.75,56.25,56.25,0.0,2,24.409136355120545
8438,216.25,56.25,56.25,0.0,2,21.545389034534292
8439,218.75,56.25,56.25,0.0,2,19.16882128531993
8440,221.25,56.25,56.25,0.0,2,16.13071119257769
8441,223.75,56.25,56.25,0.0,2,12.042573819463191
8442,226.25,56.25,56.25,1.0,0,6.932487327100846
8443,228.75,56.25,56.25,1.0,0,1.472868260209449
8444,231.25,56.25,56.25,1.0,0,-2.4429272724102287
8445,233.75,56.25,56.25,1.0,0,-3.011310247808826
8446,236.25,56.25,56.25,1.0,0,-4.035437270985751
8447,238.75,56.25,56.25,1.0,0,-7.872069782752305
8448,241.25,56.25,56.25,1.0,0,-12.007391419598486
8449,243.75,56.25,56.25,1.0,0,-15.00553876307097
8450,246.25,56.25,56.25,1.0,0,-18.374635191652516
8451,248.75,56.25,56.25,1.0,0,-21.98175336065643
8452,251.25,56.25,56.25,1.0,0,-25.46390172546538
8453,253.75,56.25,56.25,1.0,0,-30.13285611563802
8454,256.25,56.25,56.25,1.0,0,-35.47307611352538
8455,258.75,56.25,56.25,1.0,0,-39.94624213253666
8456,261.25,56.25,56.25,1.0,0,-43.76957367390083
8457,263.75,56.25,56.25,1.0,0,-47.439619426887525
8458,266.25,56.25,56.25,1.0,0,-50.82031094133529
8459,268.75,56.25,56.25,1.0,0,-53.94790452216724
8460,271.25,56.25,56.25,1.0,0,-56.570010268330726
8461,273.75,56.25,56.25,0.0,2,-57.84383409073945
8462,276.25,56.25,56.25,0.0,2,-57.76778798808552
8463,278.75,56.25,56.25,0.0,2,-57.14967549198709
8464,281.25,56.25,56.25,0.0,1,-56.10519044147537
8465,283.75,56.25,56.25,1.0,0,-52.13678456068747
8466,286.25,56.25,56.25,1.0,0,-46.004064440147495
8467,288.75,56.25,56.25,1.0,0,-42.5403843316183
8468,291.25,56.25,56.25,1.0,0,-39.44394427452969
8469,293.75,56.25,56.25,1.0,0,-35.074832858870465
8470,296.25,56.25,56.25,1.0,0,-33.19334790700025
8471,298.75,56.25,56.25,0.0,1,-32.094531705882574
8472,301.25,56.25,56.25,0.0,1,-23.5119588591028
8473,303.75,56.25,56.25,0.0,1,-9.232165733342313
8474,306.25,56.25,56.25,0.0,1,6.8827505243869425
8475,308.75,56.25,56.25,0.0,1,20.702733706736772
8476,311.25,56.25,56.25,0.0,1,29.99271889234578
8477,313.75,56.25,56.25,0.0,1,35.722611757172146
8478,316.25,56.25,56.25,0.0,1,39.654588866412
8479,318.75,56.25,56.25,0.0,1,42.43222266066127
8480,321.25,56.25,56.25,0.0,1,44.40833044473078
8481,323.75,56.25,56.25,0.0,1,45.228643478796435
8482,326.25,56.25,56.25,0.0,1,44.94622781214977
8483,328.75,56.25,56.25,0.0,1,43.55906098174873
8484,331.25,56.25,56.25,0.0,1,41.22326800240687
8485,333.75,56.25,56.25,0.0,1,38.8232592228792
8486,336.25,56.25,56.25,0.0,1,36.83072495282938
8487,338.75,56.25,56.25,0.0,1,34.11072621056615
8488,341.25,56.25,56.25,0.0,1,30.06228238093592
8489,343.75,56.25,56.25,0.0,1,24.804041756159204
8490,346.25,56.25,56.25,0.0,1,19.745846531759696
8491,348.75,56.25,56.25,0.0,1,15.442249878519997
8492,351.25,56.25,56.25,0.0,1,11.100812110278417
8493,353.75,56.25,56.25,0.0,1,5.22624856032063
8494,356.25,56.25,56.25,1.0,0,-1.1474038400463875
8495,358.75,56.25,56.25,0.0,1,-4.608580711574174
8496,1.25,58.75,58.75,0.0,1,-7.767808840577084
8497,3.75,58.75,58.75,0.0,1,-13.067518295576294
8498,6.25,58.75,58.75,0.0,1,-18.763913281262884
8499,8.75,58.75,58.75,1.0,0,-22.032981572365458
8500,11.25,58.75,58.75,1.0,0,-23.06249301070847
8501,13.75,58.75,58.75,1.0,0,-23.253751569766283
8502,16.25,58.75,58.75,1.0,0,-22.976150843049727
8503,18.75,58.75,58.75,0.0,1,-22.893775243235492
8504,21.25,58.75,58.75,0.0,1,-24.014887710440753
8505,23.75,58.75,58.75,1.0,0,-26.266442377931714
8506,26.25,58.75,58.75,1.0,0,-28.433982272985755
8507,28.75,58.75,58.75,1.0,0,-29.41356133621301
8508,31.25,58.75,58.75,1.0,0,-29.652442113746428
8509,33.75,58.75,58.75,1.0,0,-30.272634687825565
8510,36.25,58.75,58.75,1.0,0,-31.458285455267355
8511,38.75,58.75,58.75,1.0,0,-32.677421004872606
8512,41.25,58.75,58.75,1.0,0,-33.591722238189504
8513,43.75,58.75,58.75,1.0,0,-34.57397215726922
8514,46.25,58.75,58.75,1.0,0,-35.58220794361961
8515,48.75,58.75,58.75,1.0,0,-36.6630841982681
8516,51.25,58.75,58.75,1.0,0,-38.37541633891373
8517,53.75,58.75,58.75,1.0,0,-40.383216572734604
8518,56.25,58.75,58.75,1.0,0,-41.92616586476603
8519,58.75,58.75,58.75,1.0,0,-43.06451599944969
8520,61.25,58.75,58.75,1.0,0,-44.69860890059685
8521,63.75,58.75,58.75,1.0,0,-47.11663065901481
8522,66.25,58.75,58.75,1.0,0,-49.16323731472117
8523,68.75,58.75,58.75,1.0,0,-50.68906154414098
8524,71.25,58.75,58.75,1.0,0,-52.06107659140298
8525,73.75,58.75,58.75,1.0,0,-53.91879449242818
8526,76.25,58.75,58.75,1.0,0,-55.97608227182901
8527,78.75,58.75,58.75,1.0,0,-57.885337269911616
8528,81.25,58.75,58.75,1.0,0,-59.92826751459352
8529,83.75,58.75,58.75,1.0,0,-62.32894079935916
8530,86.25,58.75,58.75,1.0,0,-64.48382015220658
8531,88.75,58.75,58.75,1.0,0,-65.67011761966991
8532,91.25,58.75,58.75,1.0,0,-66.11702899927155
8533,93.75,58.75,58.75,1.0,0,-65.76247070829469
8534,96.25,58.75,58.75,1.0,0,-64.70167390815561
8535,98.75,58.75,58.75,1.0,0,-63.665318212838784
8536,101.25,58.75,58.75,1.0,0,-62.262747230898746
8537,103.75,58.75,58.75,1.0,0,-60.24909762933252
8538,106.25,58.75,58.75,1.0,0,-58.395206449949406
8539,108.75,58.75,58.75,1.0,0,-56.27806565667294
8540,111.25,58.75,58.75,1.0,0,-52.51682231113657
8541,113.75,58.75,58.75,1.0,0,-48.12420470363906
8542,116.25,58.75,58.75,1.0,0,-44.76151577367933
8543,118.75,58.75,58.75,1.0,0,-42.50141470853672
8544,121.25,58.75,58.75,1.0,0,-41.85403779462581
8545,123.75,58.75,58.75,1.0,0,-41.76857119622385
8546,126.25,58.75,58.75,1.0,0,-40.36698018814182
8547,128.75,58.75,58.75,1.0,0,-39.176845046774524
8548,131.25,58.75,58.75,1.0,0,-41.40719433040863
8549,133.75,58.75,58.75,1.0,0,-42.40751638056955
8550,136.25,58.75,58.75,1.0,0,-38.43601240959975
8551,138.75,58.75,58.75,1.0,0,-33.32572713531284
8552,141.25,58.75,58.75,1.0,0,-32.53951670783447
8553,143.75,58.75,58.75,0.0,2,-32.40250398163797
8554,146.25,58.75,58.75,0.0,2,-30.308582151909203
8555,148.75,58.75,58.75,0.0,2,-27.35911145540591
8556,151.25,58.75,58.75,0.0,2,-24.14822968751983
8557,153.75,58.75,58.75,0.0,2,-19.835692960240557
8558,156.25,58.75,58.75,0.0,2,-16.191081504827984
8559,158.75,58.75,58.75,1.0,0,-14.88331390679699
8560,161.25,58.75,58.75,1.0,0,-13.758607275882886
8561,163.75,58.75,58.75,0.0,2,-7.804021943592691
8562,166.25,58.75,58.75,0.0,2,0.5522925052994577
8563,168.75,58.75,58.75,0.0,2,6.110558750954616
8564,171.25,58.75,58.75,0.0,2,8.127191408865414
8565,173.75,58.75,58.75,0.0,2,8.703760882119695
8566,176.25,58.75,58.75,0.0,2,9.180187423752063
8567,178.75,58.75,58.75,0.0,2,9.103453746094036
8568,181.25,58.75,58.75,0.0,2,8.811199876121432
8569,183.75,58.75,58.75,0.0,2,8.293370047413273
8570,186.25,58.75,58.75,0.0,2,7.2044326077787115
8571,188.75,58.75,58.75,0.0,2,7.31038145403299
8572,191.25,58.75,58.75,0.0,2,10.339147297192206
8573,193.75,58.75,58.75,0.0,2,14.947401609715993
8574,196.25,58.75,58.75,0.0,2,18.421621367381633
8575,198.75,58.75,58.75,1.0,0,19.68321066123521
8576,201.25,58.75,58.75,1.0,0,19.866525230238228
8577,203.75,58.75,58.75,1.0,0,19.611099178179437
8578,206.25,58.75,58.75,1.0,0,19.01448910949126
8579,208.75,58.75,58.75,0.0,2,18.77998734650759
8580,211.25,58.75,58.75,0.0,2,18.877062823951267
8581,213.75,58.75,58.75,0.0,2,18.369200314410342
8582,216.25,58.75,58.75,0.0,2,16.40361739835621
8583,218.75,58.75,58.75,0.0,2,11.802426466768775
8584,221.25,58.75,58.75,0.0,2,5.124960250032964
8585,223.75,58.75,58.75,1.0,0,-0.1251126806192088
8586,226.25,58.75,58.75,1.0,0,-2.7666792658160606
8587,228.75,58.75,58.75,1.0,0,-2.362188003058706
8588,231.25,58.75,58.75,1.0,0,-0.12767863864298368
8589,233.75,58.75,58.75,1.0,0,-0.6889506428669745
8590,236.25,58.75,58.75,1.0,0,-6.543893009262212
8591,238.75,58.75,58.75,1.0,0,-14.489264122845107
8592,241.25,58.75,58.75,1.0,0,-20.184493046056303
8593,243.75,58.75,58.75,1.0,0,-23.462317426893133
8594,246.25,58.75,58.75,1.0,0,-26.276037762426476
8595,248.75,58.75,58.75,1.0,0,-29.06924107132292
8596,251.25,58.75,58.75,1.0,0,-31.273472418764968
8597,253.75,58.75,58.75,1.0,0,-33.73807685532369
8598,256.25,58.75,58.75,1.0,0,-37.34261957547763
8599,258.75,58.75,58.75,1.0,0,-41.454711891095684
8600,261.25,58.75,58.75,1.0,0,-46.518293597368924
8601,263.75,58.75,58.75,1.0,0,-53.072933856207655
8602,266.25,58.75,58.75,0.0,2,-59.28170801211613
8603,268.75,58.75,58.75,0.0,2,-62.625457151405136
8604,271.25,58.75,58.75,0.0,2,-63.870780092681656
8605,273.75,58.75,58.75,0.0,2,-63.59719031638272
8606,276.25,58.75,58.75,0.0,2,-62.52509261016084
8607,278.75,58.75,58.75,0.0,2,-61.82515338792986
8608,281.25,58.75,58.75,0.0,1,-60.930916282241064
8609,283.75,58.75,58.75,1.0,0,-57.71230766882614
8610,286.25,58.75,58.75,1.0,0,-53.70253938794573
8611,288.75,58.75,58.75,1.0,0,-52.39875802372746
8612,291.25,58.75,58.75,0.0,1,-50.854761139232515
8613,293.75,58.75,58.75,0.0,1,-47.501608600643316
8614,296.25,58.75,58.75,1.0,0,-43.7041435703003
8615,298.75,58.75,58.75,0.0,1,-36.633995517807854
8616,301.25,58.75,58.75,0.0,1,-22.882416594529627
8617,303.75,58.75,58.75,0.0,1,-6.166828006400237
8618,306.25,58.75,58.75,0.0,1,9.36977784180477
8619,308.75,58.75,58.75,0.0,1,21.325851189600026
8620,311.25,58.75,58.75,0.0,1,30.479679415712937
8621,313.75,58.75,58.75,0.0,1,36.33236955583304
8622,316.25,58.75,58.75,0.0,1,39.47251993053862
8623,318.75,58.75,58.75,0.0,1,41.835951800747104
8624,321.25,58.75,58.75,0.0,1,44.38383447243722
8625,323.75,58.75,58.75,0.0,1,45.970115458191934
8626,326.25,58.75,58.75,0.0,1,45.75935578603427
8627,328.75,58.75,58.75,0.0,1,44.29257621542559
8628,331.25,58.75,58.75,0.0,1,42.55974220639299
8629,333.75,58.75,58.75,0.0,1,40.23157926121002
8630,336.25,58.75,58.75,0.0,1,36.79572716079994
8631,338.75,58.75,58.75,0.0,1,32.51290154303858
8632,341.25,58.75,58.75,0.0,1,27.997772432463698
8633,343.75,58.75,58.75,0.0,1,22.896879021272117
8634,346.25,58.75,58.75,0.0,1,17.289406793586302
8635,348.75,58.75,58.75,0.0,1,11.759661104107217
8636,351.25,58.75,58.75,0.0,1,6.890455484054529
8637,353.75,58.75,58.75,0.0,1,2.709279195078305
8638,356.25,58.75,58.75,0.0,1,-0.8302166099319028
8639,358.75,58.75,58.75,0.0,1,-3.8707173778948007
8640,1.25,61.25,61.25,0.0,1,-7.535599323879124
8641,3.75,61.25,61.25,0.0,1,-12.612357327133683
8642,6.25,61.25,61.25,1.0,0,-18.42371649639365
8643,8.75,61.25,61.25,1.0,0,-22.219756891858026
8644,11.25,61.25,61.25,1.0,0,-22.9423375413442
8645,13.75,61.25,61.25,1.0,0,-23.248877895733656
8646,16.25,61.25,61.25,1.0,0,-24.05827269843533
8647,18.75,61.25,61.25,0.0,1,-24.53337212849333
8648,21.25,61.25,61.25,0.0,1,-24.611136222922312
8649,23.75,61.25,61.25,1.0,0,-24.863110317704056
8650,26.25,61.25,61.25,1.0,0,-25.629099710618174
8651,28.75,61.25,61.25,1.0,0,-26.758831546661668
8652,31.25,61.25,61.25,1.0,0,-27.75785990086419
8653,33.75,61.25,61.25,1.0,0,-28.562492353520348
8654,36.25,61.25,61.25,1.0,0,-29.139894683944227
8655,38.75,61.25,61.25,1.0,0,-29.400891530338967
8656,41.25,61.25,61.25,1.0,0,-30.105723402927374
8657,43.75,61.25,61.25,1.0,0,-31.604490603715842
8658,46.25,61.25,61.25,1.0,0,-33.48312786422254
8659,48.75,61.25,61.25,1.0,0,-35.3560097479836
8660,51.25,61.25,61.25,1.0,0,-37.42484819011577
8661,53.75,61.25,61.25,1.0,0,-39.48569634227254
8662,56.25,61.25,61.25,1.0,0,-41.27896087302984
8663,58.75,61.25,61.25,1.0,0,-43.016610812961
8664,61.25,61.25,61.25,1.0,0,-45.159420921850476
8665,63.75,61.25,61.25,1.0,0,-47.57797849910867
8666,66.25,61.25,61.25,1.0,0,-49.42252655818246
8667,68.75,61.25,61.25,1.0,0,-50.905815309521756
8668,71.25,61.25,61.25,1.0,0,-52.28075138628263
8669,73.75,61.25,61.25,1.0,0,-53.550636543246114
8670,76.25,61.25,61.25,1.0,0,-54.636118499282446
8671,78.75,61.25,61.25,1.0,0,-55.91014318346427
8672,81.25,61.25,61.25,1.0,0,-57.434170628355446
8673,83.75,61.25,61.25,1.0,0,-58.90196217389345
8674,86.25,61.25,61.25,1.0,0,-59.900907804294945
8675,88.75,61.25,61.25,1.0,0,-59.96426438089091
8676,91.25,61.25,61.25,1.0,0,-58.8176537022901
8677,93.75,61.25,61.25,1.0,0,-56.91652923546964
8678,96.25,61.25,61.25,1.0,0,-55.66680783421304
8679,98.75,61.25,61.25,1.0,0,-55.68044652437786
8680,101.25,61.25,61.25,1.0,0,-55.72165966619973
8681,103.75,61.25,61.25,1.0,0,-55.43788966901679
8682,106.25,61.25,61.25,1.0,0,-55.27378041173682
8683,108.75,61.25,61.25,1.0,0,-54.851924833301105
8684,111.25,61.25,61.25,1.0,0,-53.58229665699053
8685,113.75,61.25,61.25,1.0,0,-52.14124086393292
8686,116.25,61.25,61.25,1.0,0,-51.302847936584804
8687,118.75,61.25,61.25,1.0,0,-50.78943591340054
8688,121.25,61.25,61.25,1.0,0,-50.45062991230901
8689,123.75,61.25,61.25,1.0,0,-50.6664821105998
8690,126.25,61.25,61.25,1.0,0,-51.491035938005375
8691,128.75,61.25,61.25,1.0,0,-52.93423839562911
8692,131.25,61.25,61.25,1.0,0,-53.54160032629928
8693,133.75,61.25,61.25,1.0,0,-49.26409822201799
8694,136.25,61.25,61.25,1.0,0,-37.77517487779304
8695,138.75,61.25,61.25,1.0,0,-22.827663034511332
8696,141.25,61.25,61.25,1.0,0,-15.150406600210228
8697,143.75,61.25,61.25,1.0,0,-18.441431335500404
8698,146.25,61.25,61.25,1.0,0,-23.362503614433038
8699,148.75,61.25,61.25,1.0,0,-27.000565716014734
8700,151.25,61.25,61.25,1.0,0,-30.696943661940534
8701,153.75,61.25,61.25,1.0,0,-32.6911290257442
8702,156.25,61.25,61.25,1.0,0,-30.81624552052722
8703,158.75,61.25,61.25,1.0,0,-27.7233421821214
8704,161.25,61.25,61.25,1.0,0,-25.760030464786084
8705,163.75,61.25,61.25,1.0,0,-24.221701178167663
8706,166.25,61.25,61.25,1.0,0,-22.603446348477583
8707,168.75,61.25,61.25,1.0,0,-22.36909605922854
8708,171.25,61.25,61.25,1.0,0,-23.7978968083966
8709,173.75,61.25,61.25,0.0,2,-25.52607814118656
8710,176.25,61.25,61.25,0.0,2,-27.137097798847385
8711,178.75,61.25,61.25,0.0,2,-28.421502454148072
8712,181.25,61.25,61.25,0.0,2,-28.65503384824254
8713,183.75,61.25,61.25,0.0,2,-27.50694812582978
8714,186.25,61.25,61.25,0.0,2,-24.651461550335537
8715,188.75,61.25,61.25,0.0,2,-19.907710787871963
8716,191.25,61.25,61.25,0.0,2,-12.997959845583283
8717,193.75,61.25,61.25,0.0,2,-5.069465201732767
8718,196.25,61.25,61.25,1.0,0,1.5766514404115666
8719,198.75,61.25,61.25,1.0,0,5.440128131680416
8720,201.25,61.25,61.25,1.0,0,7.135532000328933
8721,203.75,61.25,61.25,1.0,0,7.895286673426298
8722,206.25,61.25,61.25,1.0,0,7.712473815866582
8723,208.75,61.25,61.25,1.0,0,7.003450224146993
8724,211.25,61.25,61.25,1.0,0,7.064645324368271
8725,213.75,61.25,61.25,1.0,0,7.301633750393496
8726,216.25,61.25,61.25,1.0,0,5.499799305463899
8727,218.75,61.25,61.25,1.0,0,1.4301581988131489
8728,221.25,61.25,61.25,1.0,0,-1.4119969249241673
8729,223.75,61.25,61.25,1.0,0,-1.3005960198994195
8730,226.25,61.25,61.25,1.0,0,-0.8783583575763825
8731,228.75,61.25,61.25,1.0,0,-1.1280694045257313
8732,231.25,61.25,61.25,1.0,0,-1.7627719532227322
8733,233.75,61.25,61.25,1.0,0,-5.887435651320597
8734,236.25,61.25,61.25,1.0,0,-15.139941481639568
8735,238.75,61.25,61.25,1.0,0,-25.15383920496292
8736,241.25,61.25,61.25,1.0,0,-31.553099682588872
8737,243.75,61.25,61.25,1.0,0,-34.11636358260797
8738,246.25,61.25,61.25,1.0,0,-35.172524693397364
8739,248.75,61.25,61.25,1.0,0,-35.91156659378907
8740,251.25,61.25,61.25,1.0,0,-36.36854505458868
8741,253.75,61.25,61.25,1.0,0,-37.686516622593274
8742,256.25,61.25,61.25,1.0,0,-41.50936551626312
8743,258.75,61.25,61.25,1.0,0,-46.82017049386489
8744,261.25,61.25,61.25,1.0,0,-52.33106466082876
8745,263.75,61.25,61.25,1.0,0,-57.85836053519852
8746,266.25,61.25,61.25,0.0,2,-62.48696959034296
8747,268.75,61.25,61.25,0.0,2,-64.90152444270805
8748,271.25,61.25,61.25,0.0,2,-65.86624994780462
8749,273.75,61.25,61.25,0.0,2,-65.9568181321459
8750,276.25,61.25,61.25,0.0,2,-65.85418399192511
8751,278.75,61.25,61.25,0.0,2,-65.68990678290075
8752,281.25,61.25,61.25,0.0,1,-64.7216418540605
8753,283.75,61.25,61.25,1.0,0,-62.28962919774162
8754,286.25,61.25,61.25,1.0,0,-59.74549296481249
8755,288.75,61.25,61.25,0.0,1,-57.54033255642042
8756,291.25,61.25,61.25,0.0,1,-53.60296500359163
8757,293.75,61.25,61.25,0.0,1,-48.9962495232701
8758,296.25,61.25,61.25,0.0,1,-44.952883155730156
8759,298.75,61.25,61.25,0.0,1,-38.573981042636575
8760,301.25,61.25,61.25,0.0,1,-25.57300778313989
8761,303.75,61.25,61.25,0.0,1,-8.869298524169423
8762,306.25,61.25,61.25,0.0,1,6.4923212045776895
8763,308.75,61.25,61.25,0.0,1,19.28008509062001
8764,311.25,61.25,61.25,0.0,1,29.805640294642203
8765,313.75,61.25,61.25,1.0,0,37.25321297147571
8766,316.25,61.25,61.25,1.0,0,37.85765300168845
8767,318.75,61.25,61.25,0.0,1,38.143199065937786
8768,321.25,61.25,61.25,0.0,1,41.890176561674416
8769,323.75,61.25,61.25,0.0,1,43.46829934344879
8770,326.25,61.25,61.25,0.0,1,44.138291342332785
8771,328.75,61.25,61.25,0.0,1,42.435211808139115
8772,331.25,61.25,61.25,0.0,1,39.135262081541924
8773,333.75,61.25,61.25,0.0,1,36.5077300977531
8774,336.25,61.25,61.25,0.0,1,34.61282253524584
8775,338.75,61.25,61.25,0.0,1,31.915934916033155
8776,341.25,61.25,61.25,0.0,1,27.75731115243849
8777,343.75,61.25,61.25,0.0,1,22.116341765527018
8778,346.25,61.25,61.25,0.0,1,16.0213627255449
8779,348.75,61.25,61.25,0.0,1,10.064519188875192
8780,351.25,61.25,61.25,0.0,1,4.918001175229391
8781,353.75,61.25,61.25,0.0,1,1.214412208939104
8782,356.25,61.25,61.25,0.0,1,-1.1964008708630618
8783,358.75,61.25,61.25,0.0,1,-3.722295900096855
8784,1.25,63.75,63.75,0.0,1,-4.993231768281927
8785,3.75,63.75,63.75,0.0,1,-7.446445214747747
8786,6.25,63.75,63.75,0.0,1,-11.47237179256557
8787,8.75,63.75,63.75,0.0,1,-16.32606475753812
8788,11.25,63.75,63.75,1.0,0,-19.95746722698195
8789,13.75,63.75,63.75,1.0,0,-21.51047455140936
8790,16.25,63.75,63.75,1.0,0,-22.029645796992746
8791,18.75,63.75,63.75,0.0,0,-22.469266647662383
8792,21.25,63.75,63.75,0.0,1,-23.013813874120714
8793,23.75,63.75,63.75,1.0,0,-23.55806177104908
8794,26.25,63.75,63.75,1.0,0,-24.05260650191528
8795,28.75,63.75,63.75,1.0,0,-24.589114795352348
8796,31.25,63.75,63.75,1.0,0,-25.187848782839232
8797,33.75,63.75,63.75,1.0,0,-26.17420941496396
8798,36.25,63.75,63.75,1.0,0,-27.59275929967478
8799,38.75,63.75,63.75,1.0,0,-29.217163583928766
8800,41.25,63.75,63.75,1.0,0,-30.81039783725256
8801,43.75,63.75,63.75,1.0,0,-32.420713133634564
8802,46.25,63.75,63.75,1.0,0,-34.490692252102356
8803,48.75,63.75,63.75,1.0,0,-36.99433364019703
8804,51.25,63.75,63.75,1.0,0,-39.50535454817981
8805,53.75,63.75,63.75,1.0,0,-41.41987090334887
8806,56.25,63.75,63.75,1.0,0,-43.24209118898959
8807,58.75,63.75,63.75,1.0,0,-45.52977696931999
8808,61.25,63.75,63.75,1.0,0,-48.10493276418831
8809,63.75,63.75,63.75,1.0,0,-50.15397878680645
8810,66.25,63.75,63.75,1.0,0,-51.4168176081686
8811,68.75,63.75,63.75,1.0,0,-52.598914071303504
8812,71.25,63.75,63.75,1.0,0,-53.91822766673721
8813,73.75,63.75,63.75,1.0,0,-55.1456654821097
8814,76.25,63.75,63.75,1.0,0,-56.032988302471075
8815,78.75,63.75,63.75,1.0,0,-56.893326400009066
8816,81.25,63.75,63.75,1.0,0,-57.7817376268002
8817,83.75,63.75,63.75,1.0,0,-58.47836198274069
8818,86.25,63.75,63.75,1.0,0,-58.749258661196194
8819,88.75,63.75,63.75,1.0,0,-58.344803433342065
8820,91.25,63.75,63.75,1.0,0,-57.03495977136833
8821,93.75,63.75,63.75,1.0,0,-55.12734604970767
8822,96.25,63.75,63.75,1.0,0,-53.59001812683295
8823,98.75,63.75,63.75,1.0,0,-52.91515086127887
8824,101.25,63.75,63.75,1.0,0,-52.303654133624846
8825,103.75,63.75,63.75,1.0,0,-51.47099822814498
8826,106.25,63.75,63.75,1.0,0,-50.67324080904942
8827,108.75,63.75,63.75,1.0,0,-49.903703821850186
8828,111.25,63.75,63.75,1.0,0,-49.00484728091235
8829,113.75,63.75,63.75,1.0,0,-48.60455393071389
8830,116.25,63.75,63.75,1.0,0,-49.59644255760529
8831,118.75,63.75,63.75,1.0,0,-51.80284129309038
8832,121.25,63.75,63.75,1.0,0,-53.19585540080449
8833,123.75,63.75,63.75,1.0,0,-52.57502823475124
8834,126.25,63.75,63.75,1.0,0,-49.8876368719924
8835,128.75,63.75,63.75,1.0,0,-46.04845848192732
8836,131.25,63.75,63.75,1.0,0,-41.91551431498294
8837,133.75,63.75,63.75,1.0,0,-36.62634616621259
8838,136.25,63.75,63.75,1.0,0,-28.869467612261044
8839,138.75,63.75,63.75,1.0,0,-20.896304843999843
8840,141.25,63.75,63.75,1.0,0,-18.253881957581527
8841,143.75,63.75,63.75,1.0,0,-23.014127916684696
8842,146.25,63.75,63.75,1.0,0,-30.589192254077254
8843,148.75,63.75,63.75,1.0,0,-38.57836993540462
8844,151.25,63.75,63.75,1.0,0,-45.599392184788506
8845,153.75,63.75,63.75,1.0,0,-48.410251878421974
8846,156.25,63.75,63.75,1.0,0,-45.132912603809785
8847,158.75,63.75,63.75,1.0,0,-38.73325941711685
8848,161.25,63.75,63.75,1.0,0,-33.841070921665484
8849,163.75,63.75,63.75,1.0,0,-33.26684435300268
8850,166.25,63.75,63.75,1.0,0,-35.702550319527475
8851,168.75,63.75,63.75,1.0,0,-39.00985795340904
8852,171.25,63.75,63.75,1.0,0,-42.750976349821855
8853,173.75,63.75,63.75,1.0,0,-47.09694016443298
8854,176.25,63.75,63.75,1.0,0,-51.4032287099758
8855,178.75,63.75,63.75,1.0,0,-53.793267411429426
8856,181.25,63.75,63.75,0.0,2,-54.35509945945442
8857,183.75,63.75,63.75,0.0,2,-53.41841175026414
8858,186.25,63.75,63.75,0.0,2,-50.15940069434871
8859,188.75,63.75,63.75,0.0,2,-43.55990453076724
8860,191.25,63.75,63.75,0.0,2,-33.908801543603204
8861,193.75,63.75,63.75,0.0,2,-23.107374817486054
8862,196.25,63.75,63.75,0.0,2,-13.897221488557944
8863,198.75,63.75,63.75,1.0,0,-8.217203305261862
8864,201.25,63.75,63.75,1.0,0,-5.299056058034989
8865,203.75,63.75,63.75,1.0,0,-2.8911803488765395
8866,206.25,63.75,63.75,1.0,0,-0.6134640629083686
8867,208.75,63.75,63.75,1.0,0,0.7571194821267057
8868,211.25,63.75,63.75,1.0,0,1.062931814533181
8869,213.75,63.75,63.75,1.0,0,1.8227430053923819
8870,216.25,63.75,63.75,1.0,0,2.556925477436779
8871,218.75,63.75,63.75,1.0,0,1.8557669816001388
8872,221.25,63.75,63.75,1.0,0,-0.360477896306282
8873,223.75,63.75,63.75,1.0,0,-2.1017725779408063
8874,226.25,63.75,63.75,1.0,0,-2.3323347513938097
8875,228.75,63.75,63.75,1.0,0,-1.9686926226902524
8876,231.25,63.75,63.75,1.0,0,-4.5910860204203825
8877,233.75,63.75,63.75,1.0,0,-13.3331421633465
8878,236.25,63.75,63.75,1.0,0,-24.870545799343024
8879,238.75,63.75,63.75,1.0,0,-33.77411128222229
8880,241.25,63.75,63.75,1.0,0,-37.79218896356548
8881,243.75,63.75,63.75,1.0,0,-37.95268607532364
8882,246.25,63.75,63.75,1.0,0,-37.39356499108925
8883,248.75,63.75,63.75,1.0,0,-37.7924251113153
8884,251.25,63.75,63.75,1.0,0,-39.423193500965496
8885,253.75,63.75,63.75,1.0,0,-42.93917145792712
8886,256.25,63.75,63.75,1.0,0,-47.768491211248616
8887,258.75,63.75,63.75,1.0,0,-52.52412212225062
8888,261.25,63.75,63.75,1.0,0,-56.46838710177957
8889,263.75,63.75,63.75,1.0,0,-59.98890337443562
8890,266.25,63.75,63.75,1.0,0,-63.13267135872247
8891,268.75,63.75,63.75,0.0,0,-64.7986004277227
8892,271.25,63.75,63.75,0.0,2,-65.06425883954387
8893,273.75,63.75,63.75,0.0,2,-64.98561871329328
8894,276.25,63.75,63.75,0.0,2,-65.85875864535801
8895,278.75,63.75,63.75,0.0,2,-66.92107416565084
8896,281.25,63.75,63.75,0.0,1,-66.62088289270554
8897,283.75,63.75,63.75,0.0,1,-64.86680977447556
8898,286.25,63.75,63.75,0.0,1,-62.17266751988169
8899,288.75,63.75,63.75,0.0,0,-57.499425106645496
8900,291.25,63.75,63.75,1.0,0,-50.89342585795166
8901,293.75,63.75,63.75,1.0,0,-45.77883102048614
8902,296.25,63.75,63.75,0.0,1,-43.768074897487104
8903,298.75,63.75,63.75,0.0,1,-40.1492171296365
8904,301.25,63.75,63.75,0.0,1,-29.407111503151864
8905,303.75,63.75,63.75,0.0,1,-15.030121714705256
8906,306.25,63.75,63.75,0.0,1,-1.3909870091165175
8907,308.75,63.75,63.75,0.0,1,13.283380653627175
8908,311.25,63.75,63.75,1.0,0,34.77322872540963
8909,313.75,63.75,63.75,1.0,0,46.97097520469625
8910,316.25,63.75,63.75,1.0,0,39.64122206820955
8911,318.75,63.75,63.75,0.0,1,28.819128877265975
8912,321.25,63.75,63.75,0.0,1,31.774605448101976
8913,323.75,63.75,63.75,0.0,1,34.8625408360871
8914,326.25,63.75,63.75,0.0,1,35.94158698801885
8915,328.75,63.75,63.75,0.0,1,35.99107733274982
8916,331.25,63.75,63.75,0.0,1,34.33326596370797
8917,333.75,63.75,63.75,0.0,1,32.029805998153584
8918,336.25,63.75,63.75,0.0,1,30.09862470940513
8919,338.75,63.75,63.75,0.0,1,27.527403079874333
8920,341.25,63.75,63.75,0.0,0,23.442344714317546
8921,343.75,63.75,63.75,0.0,1,17.898531906261542
8922,346.25,63.75,63.75,0.0,1,12.191765027662312
8923,348.75,63.75,63.75,0.0,1,7.1173962862266755
8924,351.25,63.75,63.75,0.0,1,2.9876603634547556
8925,353.75,63.75,63.75,0.0,1,-0.10669918359776945
8926,356.25,63.75,63.75,0.0,1,-2.119393863216994
8927,358.75,63.75,63.75,0.0,1,-3.421579191394748
8928,1.25,66.25,66.25,0.0,5,-4.152691492070749
8929,3.75,66.25,66.25,0.0,5,-3.1547707917227985
8930,6.25,66.25,66.25,0.0,5,-4.164118404023414
8931,8.75,66.25,66.25,0.0,5,-7.283394722851314
8932,11.25,66.25,66.25,0.0,5,-12.245702306394536
8933,13.75,66.25,66.25,1.0,0,-17.91319218611254
8934,16.25,66.25,66.25,1.0,0,-21.449530823997723
8935,18.75,66.25,66.25,1.0,0,-21.441989396819892
8936,21.25,66.25,66.25,1.0,0,-20.27546394779648
8937,23.75,66.25,66.25,1.0,0,-19.88057089611552
8938,26.25,66.25,66.25,1.0,0,-20.56625832738886
8939,28.75,66.25,66.25,1.0,0,-22.15412092253856
8940,31.25,66.25,66.25,1.0,0,-24.22381519335925
8941,33.75,66.25,66.25,1.0,0,-26.60661243810808
8942,36.25,66.25,66.25,0.0,0,-29.37679542896647
8943,38.75,66.25,66.25,0.0,0,-32.07578738514134
8944,41.25,66.25,66.25,0.0,0,-34.479559149694076
8945,43.75,66.25,66.25,1.0,0,-36.358328094853114
8946,46.25,66.25,66.25,1.0,0,-38.29565677138372
8947,48.75,66.25,66.25,1.0,0,-40.72021193003946
8948,51.25,66.25,66.25,1.0,0,-43.6266606408273
8949,53.75,66.25,66.25,1.0,0,-46.04869417654837
8950,56.25,66.25,66.25,1.0,0,-47.76782195523704
8951,58.75,66.25,66.25,1.0,0,-49.18486472212986
8952,61.25,66.25,66.25,1.0,0,-50.90925078195733
8953,63.75,66.25,66.25,1.0,0,-53.12944655564864
8954,66.25,66.25,66.25,1.0,0,-55.026973688631905
8955,68.75,66.25,66.25,1.0,0,-56.2714863896224
8956,71.25,66.25,66.25,1.0,0,-56.81270247642497
8957,73.75,66.25,66.25,1.0,0,-56.99203574845284
8958,76.25,66.25,66.25,1.0,0,-57.44378419043984
8959,78.75,66.25,66.25,1.0,0,-58.40116885311498
8960,81.25,66.25,66.25,1.0,0,-59.48193816955313
8961,83.75,66.25,66.25,1.0,0,-60.060991072570296
8962,86.25,66.25,66.25,1.0,0,-59.52467425984982
8963,88.75,66.25,66.25,1.0,0,-57.83479952235433
8964,91.25,66.25,66.25,1.0,0,-55.25807518423285
8965,93.75,66.25,66.25,1.0,0,-52.196030009419076
8966,96.25,66.25,66.25,1.0,0,-49.37117053921928
8967,98.75,66.25,66.25,1.0,0,-48.005524360027806
8968,101.25,66.25,66.25,1.0,0,-47.99800176737618
8969,103.75,66.25,66.25,1.0,0,-48.47792491656668
8970,106.25,66.25,66.25,1.0,0,-48.4152678955391
8971,108.75,66.25,66.25,1.0,0,-47.383742113146816
8972,111.25,66.25,66.25,1.0,0,-46.60591732886628
8973,113.75,66.25,66.25,1.0,0,-47.51801268899865
8974,116.25,66.25,66.25,1.0,0,-50.25339672679866
8975,118.75,66.25,66.25,1.0,0,-52.98602008873584
8976,121.25,66.25,66.25,1.0,0,-52.823779524999935
8977,123.75,66.25,66.25,1.0,0,-49.29737664744943
8978,126.25,66.25,66.25,1.0,0,-43.22082601265431
8979,128.75,66.25,66.25,1.0,0,-37.469590386418076
8980,131.25,66.25,66.25,1.0,0,-34.82664488122507
8981,133.75,66.25,66.25,1.0,0,-34.45691177221679
8982,136.25,66.25,66.25,1.0,0,-33.9356047975836
8983,138.75,66.25,66.25,1.0,0,-33.04247926881305
8984,141.25,66.25,66.25,1.0,0,-33.625469751430415
8985,143.75,66.25,66.25,1.0,0,-37.93755266862994
8986,146.25,66.25,66.25,1.0,0,-45.693180151466905
8987,148.75,66.25,66.25,1.0,0,-54.86204677290533
8988,151.25,66.25,66.25,1.0,0,-62.27369302808934
8989,153.75,66.25,66.25,1.0,0,-64.55234028516351
8990,156.25,66.25,66.25,1.0,0,-61.333938034730956
8991,158.75,66.25,66.25,1.0,0,-55.164834741690946
8992,161.25,66.25,66.25,1.0,0,-49.25377271108929
8993,163.75,66.25,66.25,1.0,0,-46.70058516965491
8994,166.25,66.25,66.25,1.0,0,-48.15660444934908
8995,168.75,66.25,66.25,1.0,0,-51.21515844426164
8996,171.25,66.25,66.25,1.0,0,-54.23953077630907
8997,173.75,66.25,66.25,1.0,0,-56.78648462987361
8998,176.25,66.25,66.25,1.0,0,-59.48885347606082
8999,178.75,66.25,66.25,1.0,0,-63.96855595388159
9000,181.25,66.25,66.25,1.0,0,-71.4796686983758
9001,183.75,66.25,66.25,1.0,0,-79.96750955008444
9002,186.25,66.25,66.25,1.0,0,-83.80764631403845
9003,188.75,66.25,66.25,0.0,5,-77.22275172470721
9004,191.25,66.25,66.25,0.0,5,-62.68525840957339
9005,193.75,66.25,66.25,0.0,5,-45.14488379719663
9006,196.25,66.25,66.25,1.0,0,-29.467429731056257
9007,198.75,66.25,66.25,1.0,0,-20.227974351833065
9008,201.25,66.25,66.25,1.0,0,-16.694561321646795
9009,203.75,66.25,66.25,1.0,0,-14.217666968326796
9010,206.25,66.25,66.25,1.0,0,-11.350007801209397
9011,208.75,66.25,66.25,1.0,0,-9.93116497208441
9012,211.25,66.25,66.25,1.0,0,-11.332871884430794
9013,213.75,66.25,66.25,1.0,0,-13.266992737351984
9014,216.25,66.25,66.25,1.0,0,-14.362328108801584
9015,218.75,66.25,66.25,1.0,0,-16.020790608132838
9016,221.25,66.25,66.25,1.0,0,-20.224749533640157
9017,223.75,66.25,66.25,1.0,0,-24.858032436732298
9018,226.25,66.25,66.25,1.0,0,-27.73744612990071
9019,228.75,66.25,66.25,1.0,0,-29.23222139389501
9020,231.25,66.25,66.25,1.0,0,-32.431455175355815
9021,233.75,66.25,66.25,1.0,0,-38.21125956923002
9022,236.25,66.25,66.25,1.0,0,-43.287631464309676
9023,238.75,66.25,66.25,1.0,0,-45.5576703339325
9024,241.25,66.25,66.25,1.0,0,-44.70823068294268
9025,243.75,66.25,66.25,1.0,0,-42.45680932567511
9026,246.25,66.25,66.25,1.0,0,-41.977522538463205
9027,248.75,66.25,66.25,1.0,0,-43.56941909780268
9028,251.25,66.25,66.25,1.0,0,-46.41304862759769
9029,253.75,66.25,66.25,1.0,0,-50.060321400731844
9030,256.25,66.25,66.25,1.0,0,-53.84105284455572
9031,258.75,66.25,66.25,1.0,0,-57.08310117768455
9032,261.25,66.25,66.25,1.0,0,-59.27076622902255
9033,263.75,66.25,66.25,1.0,0,-60.381363455587085
9034,266.25,66.25,66.25,1.0,0,-60.787655626586925
9035,268.75,66.25,66.25,1.0,0,-60.95873178427043
9036,271.25,66.25,66.25,1.0,0,-61.68400494379671
9037,273.75,66.25,66.25,1.0,0,-63.600952599483016
9038,276.25,66.25,66.25,0.0,0,-66.21192891780917
9039,278.75,66.25,66.25,0.0,5,-66.86633874857978
9040,281.25,66.25,66.25,0.0,5,-65.00351390303082
9041,283.75,66.25,66.25,0.0,5,-62.22472895912789
9042,286.25,66.25,66.25,0.0,5,-59.26880060612457
9043,288.75,66.25,66.25,1.0,0,-54.632944871272585
9044,291.25,66.25,66.25,1.0,0,-48.335192404123745
9045,293.75,66.25,66.25,1.0,0,-43.57125755999436
9046,296.25,66.25,66.25,1.0,0,-42.890316745252875
9047,298.75,66.25,66.25,0.0,5,-42.48075982807425
9048,301.25,66.25,66.25,0.0,5,-35.66773676987901
9049,303.75,66.25,66.25,0.0,5,-24.315691726897455
9050,306.25,66.25,66.25,0.0,5,-12.745097978401063
9051,308.75,66.25,66.25,1.0,0,4.558473772404401
9052,311.25,66.25,66.25,1.0,0,33.5909921339552
9053,313.75,66.25,66.25,1.0,0,48.88533496556833
9054,316.25,66.25,66.25,1.0,0,45.09259589138449
9055,318.75,66.25,66.25,1.0,0,32.70020836224193
9056,321.25,66.25,66.25,0.0,0,25.33791497052266
9057,323.75,66.25,66.25,0.0,5,21.744497491311495
9058,326.25,66.25,66.25,0.0,5,18.497080568624217
9059,328.75,66.25,66.25,0.0,5,17.215019281128495
9060,331.25,66.25,66.25,0.0,5,18.298296437670196
9061,333.75,66.25,66.25,0.0,5,19.584689610931772
9062,336.25,66.25,66.25,0.0,5,19.992589818369648
9063,338.75,66.25,66.25,0.0,5,19.44948962807243
9064,341.25,66.25,66.25,0.0,5,17.389861639927524
9065,343.75,66.25,66.25,1.0,0,12.788388474387247
9066,346.25,66.25,66.25,0.0,5,6.83666981622552
9067,348.75,66.25,66.25,0.0,5,1.5543588762232095
9068,351.25,66.25,66.25,0.0,5,-2.3528100221007398
9069,353.75,66.25,66.25,0.0,5,-5.115082252652756
9070,356.25,66.25,66.25,0.0,5,-6.447841594887883
9071,358.75,66.25,66.25,0.0,5,-5.817837439220239
9072,1.25,68.75,68.75,0.0,5,-0.28210229122234337
9073,3.75,68.75,68.75,0.0,5,0.9813237513968152
9074,6.25,68.75,68.75,0.0,5,0.4566675672570133
9075,8.75,68.75,68.75,0.0,5,-1.1818036235521518
9076,11.25,68.75,68.75,0.0,5,-3.20628318364446
9077,13.75,68.75,68.75,0.0,5,-5.935648080449189
9078,16.25,68.75,68.75,1.0,0,-9.661598654684777
9079,18.75,68.75,68.75,1.0,0,-13.603131230888858
9080,21.25,68.75,68.75,1.0,0,-16.46123305347625
9081,23.75,68.75,68.75,1.0,0,-18.331215339374666
9082,26.25,68.75,68.75,1.0,0,-19.468980183520806
9083,28.75,68.75,68.75,1.0,0,-20.509587795509184
9084,31.25,68.75,68.75,1.0,0,-22.01845949013275
9085,33.75,68.75,68.75,1.0,0,-24.557179483692636
9086,36.25,68.75,68.75,1.0,0,-28.370606343870133
9087,38.75,68.75,68.75,0.0,5,-33.41889007805339
9088,41.25,68.75,68.75,0.0,5,-39.30837440046196
9089,43.75,68.75,68.75,0.0,5,-44.739091435190254
9090,46.25,68.75,68.75,0.0,5,-49.61295488119498
9091,48.75,68.75,68.75,0.0,5,-53.688425246761376
9092,51.25,68.75,68.75,0.0,5,-56.95382796197717
9093,53.75,68.75,68.75,1.0,0,-59.169456460679235
9094,56.25,68.75,68.75,1.0,0,-60.55075937637848
9095,58.75,68.75,68.75,1.0,0,-61.20963432903306
9096,61.25,68.75,68.75,1.0,0,-61.33602202607005
9097,63.75,68.75,68.75,1.0,0,-61.18451745366115
9098,66.25,68.75,68.75,1.0,0,-60.783688002210546
9099,68.75,68.75,68.75,1.0,0,-60.11978409752918
9100,71.25,68.75,68.75,1.0,0,-59.47299155517184
9101,73.75,68.75,68.75,1.0,0,-59.133353175337064
9102,76.25,68.75,68.75,1.0,0,-59.263043353804086
9103,78.75,68.75,68.75,1.0,0,-59.61796615850257
9104,81.25,68.75,68.75,1.0,0,-59.902704940760195
9105,83.75,68.75,68.75,1.0,0,-59.745443973449156
9106,86.25,68.75,68.75,1.0,0,-58.53148206277555
9107,88.75,68.75,68.75,1.0,0,-56.16478733205122
9108,91.25,68.75,68.75,1.0,0,-52.65958946409495
9109,93.75,68.75,68.75,1.0,0,-48.50682979077129
9110,96.25,68.75,68.75,1.0,0,-44.857109844780176
9111,98.75,68.75,68.75,1.0,0,-44.113788991582005
9112,101.25,68.75,68.75,1.0,0,-46.09892094696938
9113,103.75,68.75,68.75,1.0,0,-48.99175582692002
9114,106.25,68.75,68.75,1.0,0,-51.06077421844182
9115,108.75,68.75,68.75,1.0,0,-51.76549913164179
9116,111.25,68.75,68.75,1.0,0,-52.25337074044164
9117,113.75,68.75,68.75,1.0,0,-53.70062478224274
9118,116.25,68.75,68.75,1.0,0,-55.835065493191344
9119,118.75,68.75,68.75,1.0,0,-57.14031652381097
9120,121.25,68.75,68.75,1.0,0,-56.059686973767974
9121,123.75,68.75,68.75,1.0,0,-52.88286901090609
9122,126.25,68.75,68.75,1.0,0,-49.02488082642989
9123,128.75,68.75,68.75,1.0,0,-46.78215783543818
9124,131.25,68.75,68.75,1.0,0,-47.54851212587087
9125,133.75,68.75,68.75,1.0,0,-49.88788253086957
9126,136.25,68.75,68.75,1.0,0,-52.31595427961984
9127,138.75,68.75,68.75,1.0,0,-54.67551657520346
9128,141.25,68.75,68.75,1.0,0,-57.85566763156042
9129,143.75,68.75,68.75,1.0,0,-62.26224840133424
9130,146.25,68.75,68.75,1.0,0,-67.30901106557914
9131,148.75,68.75,68.75,1.0,0,-71.87923840219356
9132,151.25,68.75,68.75,1.0,0,-74.78504147838031
9133,153.75,68.75,68.75,1.0,0,-75.17289930889302
9134,156.25,68.75,68.75,1.0,0,-73.6189050657147
9135,158.75,68.75,68.75,1.0,0,-71.44400764767161
9136,161.25,68.75,68.75,1.0,0,-69.66732560038716
9137,163.75,68.75,68.75,1.0,0,-68.82823668702075
9138,166.25,68.75,68.75,1.0,0,-69.28557268846401
9139,168.75,68.75,68.75,1.0,0,-70.85557203899475
9140,171.25,68.75,68.75,1.0,0,-73.05884838007624
9141,173.75,68.75,68.75,1.0,0,-75.48254273242294
9142,176.25,68.75,68.75,1.0,0,-78.56854983944801
9143,178.75,68.75,68.75,1.0,0,-84.05968768974505
9144,181.25,68.75,68.75,0.0,5,-92.66516199289019
9145,183.75,68.75,68.75,0.0,5,-101.45954604789694
9146,186.25,68.75,68.75,0.0,5,-104.9834657969382
9147,188.75,68.75,68.75,0.0,5,-99.59498279369754
9148,191.25,68.75,68.75,0.0,5,-88.53444599380535
9149,193.75,68.75,68.75,0.0,5,-74.47042882161678
9150,196.25,68.75,68.75,1.0,0,-59.25151105247696
9151,198.75,68.75,68.75,1.0,0,-47.48361643477843
9152,201.25,68.75,68.75,1.0,0,-41.184032265977436
9153,203.75,68.75,68.75,1.0,0,-36.66290160614987
9154,206.25,68.75,68.75,1.0,0,-31.93534215395481
9155,208.75,68.75,68.75,1.0,0,-27.734818077659497
9156,211.25,68.75,68.75,1.0,0,-26.760705054640702
9157,213.75,68.75,68.75,1.0,0,-29.094368345127112
9158,216.25,68.75,68.75,1.0,0,-34.193946715175166
9159,218.75,68.75,68.75,1.0,0,-41.756942420066196
9160,221.25,68.75,68.75,1.0,0,-50.49132528786699
9161,223.75,68.75,68.75,1.0,0,-56.8371396688039
9162,226.25,68.75,68.75,1.0,0,-59.74481554253215
9163,228.75,68.75,68.75,1.0,0,-59.72738847116704
9164,231.25,68.75,68.75,1.0,0,-57.84311850193447
9165,233.75,68.75,68.75,1.0,0,-55.67238515261809
9166,236.25,68.75,68.75,1.0,0,-54.09923214752487
9167,238.75,68.75,68.75,1.0,0,-53.13521156984774
9168,241.25,68.75,68.75,1.0,0,-52.49872472863196
9169,243.75,68.75,68.75,1.0,0,-52.16876341950856
9170,246.25,68.75,68.75,1.0,0,-52.56945599573482
9171,248.75,68.75,68.75,1.0,0,-53.486946720155345
9172,251.25,68.75,68.75,1.0,0,-54.74111912250156
9173,253.75,68.75,68.75,1.0,0,-56.464001630594865
9174,256.25,68.75,68.75,1.0,0,-58.42031755659618
9175,258.75,68.75,68.75,1.0,0,-60.20984596003182
9176,261.25,68.75,68.75,1.0,0,-61.561815958534375
9177,263.75,68.75,68.75,1.0,0,-62.38800901348834
9178,266.25,68.75,68.75,1.0,0,-62.592209080958824
9179,268.75,68.75,68.75,1.0,0,-62.362214481881225
9180,271.25,68.75,68.75,1.0,0,-62.21005353623614
9181,273.75,68.75,68.75,1.0,0,-62.3743447046035
9182,276.25,68.75,68.75,1.0,0,-62.55094249367882
9183,278.75,68.75,68.75,0.0,5,-62.18506230116154
9184,281.25,68.75,68.75,0.0,5,-61.041403746685226
9185,283.75,68.75,68.75,0.0,5,-59.02927209500461
9186,286.25,68.75,68.75,1.0,0,-55.83524008093418
9187,288.75,68.75,68.75,1.0,0,-51.475868168751084
9188,291.25,68.75,68.75,1.0,0,-47.46232046260844
9189,293.75,68.75,68.75,0.0,5,-45.24575370021991
9190,296.25,68.75,68.75,0.0,5,-44.910231514019316
9191,298.75,68.75,68.75,0.0,5,-43.2747261577774
9192,301.25,68.75,68.75,0.0,5,-36.37128858449407
9193,303.75,68.75,68.75,0.0,5,-26.020155853298213
9194,306.25,68.75,68.75,0.0,5,-14.46628447553084
9195,308.75,68.75,68.75,1.0,0,2.5470389515596645
9196,311.25,68.75,68.75,1.0,0,28.816328315801552
9197,313.75,68.75,68.75,1.0,0,46.13638354530076
9198,316.25,68.75,68.75,1.0,0,51.065416952126974
9199,318.75,68.75,68.75,1.0,0,50.345484993453134
9200,321.25,68.75,68.75,1.0,0,51.35662466190001
9201,323.75,68.75,68.75,1.0,0,47.277700882022025
9202,326.25,68.75,68.75,1.0,0,33.84678324430307
9203,328.75,68.75,68.75,0.0,0,15.353444390015564
9204,331.25,68.75,68.75,0.0,0,3.452785534031773
9205,333.75,68.75,68.75,0.0,5,-0.5505075156646261
9206,336.25,68.75,68.75,0.0,5,1.111551801462569
9207,338.75,68.75,68.75,0.0,5,4.849720094310336
9208,341.25,68.75,68.75,0.0,5,8.802485000697168
9209,343.75,68.75,68.75,0.0,5,12.273561511325997
9210,346.25,68.75,68.75,0.0,5,12.750233264685873
9211,348.75,68.75,68.75,0.0,5,9.375765176235005
9212,351.25,68.75,68.75,0.0,5,3.8340074917887152
9213,353.75,68.75,68.75,0.0,5,-1.1018913700178319
9214,356.25,68.75,68.75,0.0,5,-3.159586834516204
9215,358.75,68.75,68.75,0.0,5,-2.2828105003202683
9216,1.25,71.25,71.25,0.0,5,4.837060043244803
9217,3.75,71.25,71.25,0.0,5,5.267495783343216
9218,6.25,71.25,71.25,0.0,5,4.8315783542520485
9219,8.75,71.25,71.25,0.0,5,3.02094514381979
9220,11.25,71.25,71.25,0.0,5,0.4364769931729936
9221,13.75,71.25,71.25,0.0,5,-2.4272865562018664
9222,16.25,71.25,71.25,0.0,5,-5.451325065316147
9223,18.75,71.25,71.25,0.0,5,-8.664013588890874
9224,21.25,71.25,71.25,0.0,5,-11.637978819505083
9225,23.75,71.25,71.25,0.0,5,-14.305414474654738
9226,26.25,71.25,71.25,0.0,5,-16.56489631063431
9227,28.75,71.25,71.25,0.0,5,-18.696824048025896
9228,31.25,71.25,71.25,0.0,5,-20.982062228140453
9229,33.75,71.25,71.25,0.0,5,-24.151424643575254
9230,36.25,71.25,71.25,0.0,5,-28.87031441070065
9231,38.75,71.25,71.25,0.0,5,-35.70230186016001
9232,41.25,71.25,71.25,0.0,5,-44.811268899831674
9233,43.75,71.25,71.25,0.0,5,-54.41115419056979
9234,46.25,71.25,71.25,0.0,5,-63.6880013998227
9235,48.75,71.25,71.25,0.0,5,-71.4912676972917
9236,51.25,71.25,71.25,0.0,5,-77.06965381439063
9237,53.75,71.25,71.25,0.0,5,-79.72665184109667
9238,56.25,71.25,71.25,1.0,0,-80.49691090205638
9239,58.75,71.25,71.25,0.0,5,-79.83344003691177
9240,61.25,71.25,71.25,0.0,5,-77.74993191378424
9241,63.75,71.25,71.25,0.0,5,-74.15664706246895
9242,66.25,71.25,71.25,0.0,5,-69.87493282299548
9243,68.75,71.25,71.25,1.0,0,-65.63025537566678
9244,71.25,71.25,71.25,1.0,0,-62.304340510418136
9245,73.75,71.25,71.25,1.0,0,-60.45741690520078
9246,76.25,71.25,71.25,1.0,0,-60.21664196415568
9247,78.75,71.25,71.25,1.0,0,-60.68410368158249
9248,81.25,71.25,71.25,1.0,0,-61.12414321687486
9249,83.75,71.25,71.25,1.0,0,-61.12478752088884
9250,86.25,71.25,71.25,1.0,0,-60.48245702984214
9251,88.75,71.25,71.25,1.0,0,-59.36171963664553
9252,91.25,71.25,71.25,1.0,0,-58.03524161341329
9253,93.75,71.25,71.25,1.0,0,-56.87864996978921
9254,96.25,71.25,71.25,1.0,0,-56.279556613792764
9255,98.75,71.25,71.25,1.0,0,-56.57077980107
9256,101.25,71.25,71.25,1.0,0,-57.444044057312496
9257,103.75,71.25,71.25,1.0,0,-58.355481649285274
9258,106.25,71.25,71.25,1.0,0,-58.981293015542676
9259,108.75,71.25,71.25,1.0,0,-59.51396101204945
9260,111.25,71.25,71.25,1.0,0,-60.52578886335129
9261,113.75,71.25,71.25,1.0,0,-62.21769578183155
9262,116.25,71.25,71.25,1.0,0,-64.14099766414667
9263,118.75,71.25,71.25,1.0,0,-65.59366252119874
9264,121.25,71.25,71.25,1.0,0,-65.99578138088553
9265,123.75,71.25,71.25,1.0,0,-65.86621536911423
9266,126.25,71.25,71.25,1.0,0,-66.2110652808324
9267,128.75,71.25,71.25,1.0,0,-67.82517608553444
9268,131.25,71.25,71.25,1.0,0,-70.59650000722972
9269,133.75,71.25,71.25,1.0,0,-73.09134694872236
9270,136.25,71.25,71.25,1.0,0,-74.78252057701208
9271,138.75,71.25,71.25,1.0,0,-75.75460847888141
9272,141.25,71.25,71.25,1.0,0,-76.60194994271377
9273,143.75,71.25,71.25,1.0,0,-77.86997530908896
9274,146.25,71.25,71.25,1.0,0,-79.56407716013685
9275,148.75,71.25,71.25,1.0,0,-81.32273849484714
9276,151.25,71.25,71.25,0.0,5,-82.831477728674
9277,153.75,71.25,71.25,0.0,5,-84.11651843882761
9278,156.25,71.25,71.25,0.0,5,-85.48351416605323
9279,158.75,71.25,71.25,0.0,5,-87.24174922013012
9280,161.25,71.25,71.25,0.0,5,-89.25672630448446
9281,163.75,71.25,71.25,0.0,5,-91.2491424721957
9282,166.25,71.25,71.25,0.0,5,-92.98785252586495
9283,168.75,71.25,71.25,0.0,5,-94.90118353813247
9284,171.25,71.25,71.25,0.0,5,-97.24788064533315
9285,173.75,71.25,71.25,0.0,5,-99.74516890501356
9286,176.25,71.25,71.25,0.0,5,-101.49204542177756
9287,178.75,71.25,71.25,0.0,5,-101.91047116318282
9288,181.25,71.25,71.25,0.0,5,-101.66679275106586
9289,183.75,71.25,71.25,0.0,5,-101.34792308638211
9290,186.25,71.25,71.25,0.0,5,-100.90788218147901
9291,188.75,71.25,71.25,0.0,5,-99.61440920137854
9292,191.25,71.25,71.25,0.0,5,-96.88448691161096
9293,193.75,71.25,71.25,0.0,5,-92.63588331903968
9294,196.25,71.25,71.25,0.0,5,-87.29087209081267
9295,198.75,71.25,71.25,0.0,5,-81.7495367153496
9296,201.25,71.25,71.25,0.0,5,-77.23810656145544
9297,203.75,71.25,71.25,1.0,0,-73.57654746901542
9298,206.25,71.25,71.25,0.0,5,-70.80182657327423
9299,208.75,71.25,71.25,0.0,5,-69.0448877745571
9300,211.25,71.25,71.25,0.0,5,-68.59607690247708
9301,213.75,71.25,71.25,0.0,5,-68.95894424365143
9302,216.25,71.25,71.25,0.0,5,-69.66180246703607
9303,218.75,71.25,71.25,0.0,5,-70.43876735845897
9304,221.25,71.25,71.25,0.0,5,-70.98993922898492
9305,223.75,71.25,71.25,0.0,5,-70.86088421260615
9306,226.25,71.25,71.25,0.0,5,-69.9014839071348
9307,228.75,71.25,71.25,0.0,5,-68.348031011625
9308,231.25,71.25,71.25,0.0,5,-66.42704003684189
9309,233.75,71.25,71.25,0.0,5,-64.59921144284537
9310,236.25,71.25,71.25,0.0,5,-62.97499120569775
9311,238.75,71.25,71.25,0.0,5,-61.53956448927871
9312,241.25,71.25,71.25,0.0,5,-59.88151806997633
9313,243.75,71.25,71.25,1.0,0,-57.67129694870632
9314,246.25,71.25,71.25,1.0,0,-55.947931667066364
9315,248.75,71.25,71.25,1.0,0,-55.409802103857146
9316,251.25,71.25,71.25,1.0,0,-56.543211053216915
9317,253.75,71.25,71.25,1.0,0,-59.214390761670636
9318,256.25,71.25,71.25,0.0,5,-62.0397259845439
9319,258.75,71.25,71.25,0.0,5,-63.97248050339135
9320,261.25,71.25,71.25,0.0,5,-64.63998136130027
9321,263.75,71.25,71.25,0.0,5,-63.900265313015964
9322,266.25,71.25,71.25,1.0,0,-61.98357884377186
9323,268.75,71.25,71.25,1.0,0,-59.98937145209349
9324,271.25,71.25,71.25,1.0,0,-58.62044317269742
9325,273.75,71.25,71.25,1.0,0,-57.99469389928138
9326,276.25,71.25,71.25,1.0,0,-57.341275428812075
9327,278.75,71.25,71.25,1.0,0,-55.32234101805477
9328,281.25,71.25,71.25,1.0,0,-51.39314569318407
9329,283.75,71.25,71.25,1.0,0,-46.461906574117386
9330,286.25,71.25,71.25,1.0,0,-42.69374676769763
9331,288.75,71.25,71.25,0.0,5,-42.0937520554088
9332,291.25,71.25,71.25,0.0,5,-43.87618355461281
9333,293.75,71.25,71.25,0.0,5,-45.389805483889184
9334,296.25,71.25,71.25,0.0,5,-44.14437439903775
9335,298.75,71.25,71.25,0.0,5,-38.39134763438323
9336,301.25,71.25,71.25,0.0,5,-29.71946850141342
9337,303.75,71.25,71.25,0.0,5,-18.845957836143636
9338,306.25,71.25,71.25,1.0,0,-2.7148248817401717
9339,308.75,71.25,71.25,1.0,0,20.380914898141455
9340,311.25,71.25,71.25,1.0,0,43.77136388862121
9341,313.75,71.25,71.25,1.0,0,55.000270851373976
9342,316.25,71.25,71.25,1.0,0,53.61757848105326
9343,318.75,71.25,71.25,1.0,0,49.14964364753832
9344,321.25,71.25,71.25,1.0,0,49.02091053411023
9345,323.75,71.25,71.25,1.0,0,53.01417460569278
9346,326.25,71.25,71.25,1.0,0,53.709189988061325
9347,328.75,71.25,71.25,1.0,0,42.6411323420738
9348,331.25,71.25,71.25,1.0,0,21.43311004309363
9349,333.75,71.25,71.25,1.0,0,-0.5914745501705114
9350,336.25,71.25,71.25,1.0,0,-9.989586953217565
9351,338.75,71.25,71.25,0.0,5,-9.468412145187722
9352,341.25,71.25,71.25,0.0,5,-4.751828397709279
9353,343.75,71.25,71.25,0.0,5,1.3678820162031018
9354,346.25,71.25,71.25,0.0,5,8.566679724485635
9355,348.75,71.25,71.25,0.0,5,13.78073566153952
9356,351.25,71.25,71.25,0.0,5,14.317725577697434
9357,353.75,71.25,71.25,0.0,5,10.914208993995313
9358,356.25,71.25,71.25,0.0,5,6.894920700430482
9359,358.75,71.25,71.25,0.0,5,4.980722541407458
9360,1.25,73.75,73.75,0.0,5,9.27516226845069
9361,3.75,73.75,73.75,0.0,5,6.324746405664194
9362,6.25,73.75,73.75,0.0,5,2.8640180388981262
9363,8.75,73.75,73.75,0.0,5,-1.2149381470695535
9364,11.25,73.75,73.75,0.0,5,-5.97114357889831
9365,13.75,73.75,73.75,0.0,5,-11.11904296263768
9366,16.25,73.75,73.75,0.0,5,-16.22096903987643
9367,18.75,73.75,73.75,0.0,5,-20.82862300985452
9368,21.25,73.75,73.75,0.0,5,-24.454147505541624
9369,23.75,73.75,73.75,0.0,5,-27.553109653108596
9370,26.25,73.75,73.75,0.0,5,-30.39480837556469
9371,28.75,73.75,73.75,0.0,5,-33.34164553240762
9372,31.25,73.75,73.75,0.0,5,-36.331651377298726
9373,33.75,73.75,73.75,0.0,5,-39.65182346238638
9374,36.25,73.75,73.75,0.0,5,-43.74345212219031
9375,38.75,73.75,73.75,0.0,5,-49.157236926352866
9376,41.25,73.75,73.75,0.0,5,-56.33324434274984
9377,43.75,73.75,73.75,0.0,5,-64.2394014433729
9378,46.25,73.75,73.75,0.0,5,-72.44008681702358
9379,48.75,73.75,73.75,0.0,5,-80.03733529305953
9380,51.25,73.75,73.75,0.0,5,-86.00161155456712
9381,53.75,73.75,73.75,0.0,5,-88.5362406590647
9382,56.25,73.75,73.75,1.0,0,-88.19242901559375
9383,58.75,73.75,73.75,0.0,5,-85.84062151081726
9384,61.25,73.75,73.75,0.0,5,-82.05750519598888
9385,63.75,73.75,73.75,0.0,5,-77.57965274587505
9386,66.25,73.75,73.75,0.0,5,-73.59056175458562
9387,68.75,73.75,73.75,0.0,5,-70.33384997826462
9388,71.25,73.75,73.75,0.0,5,-68.00938445744389
9389,73.75,73.75,73.75,0.0,5,-66.56328300798246
9390,76.25,73.75,73.75,0.0,5,-65.91938947253811
9391,78.75,73.75,73.75,0.0,5,-65.62947666089781
9392,81.25,73.75,73.75,0.0,5,-65.3584992682381
9393,83.75,73.75,73.75,1.0,0,-64.9679786809154
9394,86.25,73.75,73.75,1.0,0,-64.5460699849033
9395,88.75,73.75,73.75,1.0,0,-64.3654099941035
9396,91.25,73.75,73.75,1.0,0,-64.56432994403205
9397,93.75,73.75,73.75,1.0,0,-65.11260933917444
9398,96.25,73.75,73.75,1.0,0,-65.84683981245482
9399,98.75,73.75,73.75,1.0,0,-66.46003625260616
9400,101.25,73.75,73.75,1.0,0,-66.90631425262907
9401,103.75,73.75,73.75,1.0,0,-67.27786490739638
9402,106.25,73.75,73.75,1.0,0,-67.91662421152513
9403,108.75,73.75,73.75,1.0,0,-69.22355753014693
9404,111.25,73.75,73.75,1.0,0,-71.10927360573511
9405,113.75,73.75,73.75,1.0,0,-73.24735775987428
9406,116.25,73.75,73.75,1.0,0,-75.18385268997936
9407,118.75,73.75,73.75,0.0,5,-76.7582373658434
9408,121.25,73.75,73.75,0.0,5,-77.98234279879036
9409,123.75,73.75,73.75,0.0,5,-79.30456045016979
9410,126.25,73.75,73.75,0.0,5,-81.06540846304885
9411,128.75,73.75,73.75,0.0,5,-83.26327068076945
9412,131.25,73.75,73.75,0.0,5,-85.42772184958
9413,133.75,73.75,73.75,0.0,5,-86.74473659364698
9414,136.25,73.75,73.75,0.0,5,-87.17520187082559
9415,138.75,73.75,73.75,0.0,5,-86.97494717154667
9416,141.25,73.75,73.75,0.0,5,-86.7074659998547
9417,143.75,73.75,73.75,0.0,5,-87.03888005778899
9418,146.25,73.75,73.75,0.0,5,-88.0476278165567
9419,148.75,73.75,73.75,0.0,5,-89.42298796266667
9420,151.25,73.75,73.75,0.0,5,-90.78758419590923
9421,153.75,73.75,73.75,0.0,5,-91.96273926989205
9422,156.25,73.75,73.75,0.0,5,-93.01275412469198
9423,158.75,73.75,73.75,0.0,5,-94.17861423734153
9424,161.25,73.75,73.75,0.0,5,-95.43628604565174
9425,163.75,73.75,73.75,0.0,5,-96.61431191368129
9426,166.25,73.75,73.75,0.0,5,-97.3989535267419
9427,168.75,73.75,73.75,0.0,5,-97.89715370418055
9428,171.25,73.75,73.75,0.0,5,-98.30731838071398
9429,173.75,73.75,73.75,0.0,5,-98.70765065673494
9430,176.25,73.75,73.75,0.0,5,-98.89195242350094
9431,178.75,73.75,73.75,0.0,5,-98.52592691502375
9432,181.25,73.75,73.75,0.0,5,-97.51739304806796
9433,183.75,73.75,73.75,0.0,5,-95.96957070141553
9434,186.25,73.75,73.75,0.0,5,-93.97334621446214
9435,188.75,73.75,73.75,0.0,5,-91.79548180172762
9436,191.25,73.75,73.75,0.0,5,-89.35405230090856
9437,193.75,73.75,73.75,0.0,5,-86.52229252377984
9438,196.25,73.75,73.75,0.0,5,-83.26642972187744
9439,198.75,73.75,73.75,0.0,5,-79.75908316677048
9440,201.25,73.75,73.75,0.0,5,-76.68743445679534
9441,203.75,73.75,73.75,0.0,5,-74.13744940608615
9442,206.25,73.75,73.75,0.0,5,-72.17423800558294
9443,208.75,73.75,73.75,0.0,5,-70.60063445228087
9444,211.25,73.75,73.75,0.0,5,-69.26884432463783
9445,213.75,73.75,73.75,0.0,5,-67.94213904510659
9446,216.25,73.75,73.75,0.0,5,-66.6226465279867
9447,218.75,73.75,73.75,0.0,5,-65.47998410667229
9448,221.25,73.75,73.75,0.0,5,-64.71601403680167
9449,223.75,73.75,73.75,0.0,5,-64.32455771392448
9450,226.25,73.75,73.75,0.0,5,-64.0284463903026
9451,228.75,73.75,73.75,0.0,5,-63.635955502743684
9452,231.25,73.75,73.75,0.0,5,-63.036139721091146
9453,233.75,73.75,73.75,0.0,5,-62.32008053627758
9454,236.25,73.75,73.75,0.0,5,-61.54048344929567
9455,238.75,73.75,73.75,1.0,0,-60.78500060165811
9456,241.25,73.75,73.75,1.0,0,-60.04292768955705
9457,243.75,73.75,73.75,0.0,5,-59.27213670190135
9458,246.25,73.75,73.75,0.0,5,-58.65179343118698
9459,248.75,73.75,73.75,0.0,5,-58.325296543983484
9460,251.25,73.75,73.75,0.0,5,-58.49866328460943
9461,253.75,73.75,73.75,1.0,0,-59.208459866212024
9462,256.25,73.75,73.75,0.0,5,-60.02971258076582
9463,258.75,73.75,73.75,0.0,5,-60.532051387600106
9464,261.25,73.75,73.75,1.0,0,-60.54648674971834
9465,263.75,73.75,73.75,1.0,0,-60.03782303361942
9466,266.25,73.75,73.75,1.0,0,-59.06644782415625
9467,268.75,73.75,73.75,1.0,0,-57.88379431779986
9468,271.25,73.75,73.75,1.0,0,-56.35251945680737
9469,273.75,73.75,73.75,0.0,5,-54.0978007556379
9470,276.25,73.75,73.75,0.0,5,-50.468501498818156
9471,278.75,73.75,73.75,0.0,5,-46.06624178266034
9472,281.25,73.75,73.75,0.0,5,-42.21910588953325
9473,283.75,73.75,73.75,0.0,5,-40.27624408494446
9474,286.25,73.75,73.75,0.0,5,-40.81913130838494
9475,288.75,73.75,73.75,0.0,5,-42.94749556942339
9476,291.25,73.75,73.75,0.0,5,-44.09518441228799
9477,293.75,73.75,73.75,0.0,5,-42.751261295745195
9478,296.25,73.75,73.75,0.0,5,-38.63558800787091
9479,298.75,73.75,73.75,0.0,5,-31.914108075084705
9480,301.25,73.75,73.75,0.0,5,-22.763330787616876
9481,303.75,73.75,73.75,0.0,5,-8.268775988675944
9482,306.25,73.75,73.75,1.0,0,12.307017167171725
9483,308.75,73.75,73.75,1.0,0,35.14155863726179
9484,311.25,73.75,73.75,1.0,0,54.828691261303895
9485,313.75,73.75,73.75,1.0,0,62.514371053438985
9486,316.25,73.75,73.75,1.0,0,60.85307296495567
9487,318.75,73.75,73.75,1.0,0,54.349939967374745
9488,321.25,73.75,73.75,1.0,0,46.73401317544643
9489,323.75,73.75,73.75,1.0,0,44.08269557107793
9490,326.25,73.75,73.75,1.0,0,44.9088273220713
9491,328.75,73.75,73.75,1.0,0,41.52818359499294
9492,331.25,73.75,73.75,1.0,0,29.982888005370103
9493,333.75,73.75,73.75,1.0,0,9.96698616403996
9494,336.25,73.75,73.75,1.0,0,-6.748066250152364
9495,338.75,73.75,73.75,0.0,0,-15.567629260506052
9496,341.25,73.75,73.75,0.0,5,-16.337826839179293
9497,343.75,73.75,73.75,0.0,5,-12.52726714310047
9498,346.25,73.75,73.75,0.0,5,-6.376304491843704
9499,348.75,73.75,73.75,0.0,5,1.2523554732029456
9500,351.25,73.75,73.75,0.0,5,8.464431143724747
9501,353.75,73.75,73.75,0.0,5,12.976564398341612
9502,356.25,73.75,73.75,0.0,5,13.709237195899709
9503,358.75,73.75,73.75,0.0,5,11.955037883694978
9504,1.25,76.25,76.25,0.0,5,-0.030051817007518012
9505,3.75,76.25,76.25,0.0,5,-2.724194028744795
9506,6.25,76.25,76.25,0.0,5,-8.557430822754679
9507,8.75,76.25,76.25,0.0,5,-16.338853506520216
9508,11.25,76.25,76.25,0.0,5,-25.198362738208615
9509,13.75,76.25,76.25,0.0,5,-34.481055702890316
9510,16.25,76.25,76.25,0.0,5,-43.43761331117892
9511,18.75,76.25,76.25,0.0,5,-51.209134748069545
9512,21.25,76.25,76.25,0.0,5,-56.73875001441523
9513,23.75,76.25,76.25,0.0,5,-60.73323181110313
9514,26.25,76.25,76.25,0.0,5,-63.56640025470932
9515,28.75,76.25,76.25,0.0,5,-65.72092418781898
9516,31.25,76.25,76.25,0.0,5,-67.41432179923709
9517,33.75,76.25,76.25,0.0,5,-69.02523039809397
9518,36.25,76.25,76.25,0.0,5,-70.88187753452918
9519,38.75,76.25,76.25,0.0,5,-73.35580449952646
9520,41.25,76.25,76.25,0.0,5,-76.85058119258551
9521,43.75,76.25,76.25,0.0,5,-81.0509714224813
9522,46.25,76.25,76.25,0.0,5,-85.80121352969411
9523,48.75,76.25,76.25,0.0,5,-90.60446613404248
9524,51.25,76.25,76.25,0.0,5,-94.82789947814777
9525,53.75,76.25,76.25,0.0,5,-96.9239734345449
9526,56.25,76.25,76.25,0.0,5,-96.40622129044381
9527,58.75,76.25,76.25,0.0,5,-93.5604411906454
9528,61.25,76.25,76.25,1.0,0,-89.14783876616987
9529,63.75,76.25,76.25,0.0,5,-84.10682903783524
9530,66.25,76.25,76.25,0.0,0,-79.83947542300665
9531,68.75,76.25,76.25,0.0,5,-76.56485270079214
9532,71.25,76.25,76.25,0.0,5,-74.345847230518
9533,73.75,76.25,76.25,0.0,5,-72.94100899760346
9534,76.25,76.25,76.25,0.0,5,-72.15465104101467
9535,78.75,76.25,76.25,0.0,5,-71.6241207854558
9536,81.25,76.25,76.25,0.0,5,-71.18304508439658
9537,83.75,76.25,76.25,0.0,5,-70.79507130868276
9538,86.25,76.25,76.25,0.0,5,-70.51872510309454
9539,88.75,76.25,76.25,0.0,5,-70.47162290068357
9540,91.25,76.25,76.25,0.0,5,-70.66869291702986
9541,93.75,76.25,76.25,0.0,5,-71.06197068048951
9542,96.25,76.25,76.25,1.0,0,-71.58443188059384
9543,98.75,76.25,76.25,1.0,0,-72.11996331248169
9544,101.25,76.25,76.25,1.0,0,-72.75583999444473
9545,103.75,76.25,76.25,1.0,0,-73.62039464391161
9546,106.25,76.25,76.25,1.0,0,-74.91209320434166
9547,108.75,76.25,76.25,1.0,0,-76.7533830457497
9548,111.25,76.25,76.25,1.0,0,-78.8085296870402
9549,113.75,76.25,76.25,0.0,5,-80.86882680196487
9550,116.25,76.25,76.25,0.0,5,-82.7113134399281
9551,118.75,76.25,76.25,0.0,5,-84.38809054179299
9552,121.25,76.25,76.25,0.0,5,-85.87596044296112
9553,123.75,76.25,76.25,0.0,5,-87.35888401307886
9554,126.25,76.25,76.25,0.0,5,-88.90693359003261
9555,128.75,76.25,76.25,0.0,5,-90.45697602555416
9556,131.25,76.25,76.25,0.0,5,-91.79389010539163
9557,133.75,76.25,76.25,0.0,5,-92.61850133314178
9558,136.25,76.25,76.25,0.0,5,-93.00476123542454
9559,138.75,76.25,76.25,0.0,5,-93.10520637973313
9560,141.25,76.25,76.25,0.0,5,-93.1750909304001
9561,143.75,76.25,76.25,0.0,5,-93.40714481691748
9562,146.25,76.25,76.25,0.0,5,-93.77744217966462
9563,148.75,76.25,76.25,0.0,5,-94.14100555887676
9564,151.25,76.25,76.25,0.0,5,-94.3524351308359
9565,153.75,76.25,76.25,0.0,5,-94.38500421680502
9566,156.25,76.25,76.25,0.0,5,-94.39143570124195
9567,158.75,76.25,76.25,0.0,5,-94.52599941285563
9568,161.25,76.25,76.25,0.0,5,-94.82600034697586
9569,163.75,76.25,76.25,0.0,5,-95.19687009654255
9570,166.25,76.25,76.25,0.0,5,-95.36394164163212
9571,168.75,76.25,76.25,0.0,5,-95.1774847693951
9572,171.25,76.25,76.25,0.0,5,-94.60760160458838
9573,173.75,76.25,76.25,0.0,5,-93.69394983077814
9574,176.25,76.25,76.25,0.0,5,-92.4987315940677
9575,178.75,76.25,76.25,0.0,5,-91.20380913454532
9576,181.25,76.25,76.25,0.0,5,-89.77874674018577
9577,183.75,76.25,76.25,0.0,5,-88.21580398339208
9578,186.25,76.25,76.25,0.0,5,-86.40082887956876
9579,188.75,76.25,76.25,0.0,5,-84.4645725752757
9580,191.25,76.25,76.25,0.0,5,-82.38924585791513
9581,193.75,76.25,76.25,0.0,5,-80.16271622547698
9582,196.25,76.25,76.25,0.0,5,-77.79195834163474
9583,198.75,76.25,76.25,0.0,5,-75.33510602070245
9584,201.25,76.25,76.25,0.0,5,-73.1340831251805
9585,203.75,76.25,76.25,0.0,5,-71.15025990729683
9586,206.25,76.25,76.25,0.0,5,-69.40138971057739
9587,208.75,76.25,76.25,0.0,5,-67.76091166873145
9588,211.25,76.25,76.25,0.0,5,-66.28399585809855
9589,213.75,76.25,76.25,0.0,5,-64.89678675477647
9590,216.25,76.25,76.25,0.0,5,-63.6052598480892
9591,218.75,76.25,76.25,0.0,5,-62.45655011526742
9592,221.25,76.25,76.25,0.0,5,-61.497288687232555
9593,223.75,76.25,76.25,0.0,5,-60.76700233459143
9594,226.25,76.25,76.25,0.0,5,-60.12516391791074
9595,228.75,76.25,76.25,0.0,5,-59.502555967994006
9596,231.25,76.25,76.25,0.0,5,-58.85052697330953
9597,233.75,76.25,76.25,0.0,5,-58.27843836873624
9598,236.25,76.25,76.25,0.0,5,-57.839542940978774
9599,238.75,76.25,76.25,0.0,5,-57.53249126584408
9600,241.25,76.25,76.25,1.0,0,-57.26993545335153
9601,243.75,76.25,76.25,1.0,0,-56.85997541646342
9602,246.25,76.25,76.25,1.0,0,-56.25223851710584
9603,248.75,76.25,76.25,1.0,0,-55.53750633490803
9604,251.25,76.25,76.25,1.0,0,-54.94426168086687
9605,253.75,76.25,76.25,0.0,5,-54.70902678134545
9606,256.25,76.25,76.25,0.0,5,-54.89828898154703
9607,258.75,76.25,76.25,0.0,0,-55.26235995740024
9608,261.25,76.25,76.25,1.0,0,-55.53606066281681
9609,263.75,76.25,76.25,1.0,0,-55.42926638818066
9610,266.25,76.25,76.25,1.0,0,-54.475733557502096
9611,268.75,76.25,76.25,1.0,0,-52.32868319388417
9612,271.25,76.25,76.25,1.0,0,-48.813356634672985
9613,273.75,76.25,76.25,1.0,0,-44.22811651654878
9614,276.25,76.25,76.25,1.0,0,-39.24835890106558
9615,278.75,76.25,76.25,0.0,5,-35.5637350711523
9616,281.25,76.25,76.25,0.0,5,-33.594960186530955
9617,283.75,76.25,76.25,0.0,5,-33.209519381325585
9618,286.25,76.25,76.25,0.0,5,-33.2901697568374
9619,288.75,76.25,76.25,0.0,5,-32.628734592704
9620,291.25,76.25,76.25,0.0,0,-30.347325518225396
9621,293.75,76.25,76.25,0.0,0,-26.16906689117819
9622,296.25,76.25,76.25,0.0,5,-19.822973983055437
9623,298.75,76.25,76.25,0.0,5,-10.426549257979026
9624,301.25,76.25,76.25,0.0,0,2.183403867447276
9625,303.75,76.25,76.25,1.0,0,17.476583365813074
9626,306.25,76.25,76.25,1.0,0,33.18888418620086
9627,308.75,76.25,76.25,1.0,0,47.86306639343122
9628,311.25,76.25,76.25,1.0,0,57.8071938399532
9629,313.75,76.25,76.25,1.0,0,60.741241763959025
9630,316.25,76.25,76.25,1.0,0,58.556863947602125
9631,318.75,76.25,76.25,1.0,0,52.29682755696615
9632,321.25,76.25,76.25,1.0,0,44.216345266322634
9633,323.75,76.25,76.25,1.0,0,40.66747299329858
9634,326.25,76.25,76.25,1.0,0,41.634926739371636
9635,328.75,76.25,76.25,1.0,0,41.93407755514756
9636,331.25,76.25,76.25,1.0,0,36.731231457144396
9637,333.75,76.25,76.25,1.0,0,23.02445248460593
9638,336.25,76.25,76.25,1.0,0,4.629063846299977
9639,338.75,76.25,76.25,1.0,0,-12.5097295644336
9640,341.25,76.25,76.25,0.0,5,-23.033964983711726
9641,343.75,76.25,76.25,0.0,5,-26.80615098840186
9642,346.25,76.25,76.25,0.0,5,-25.899187614316762
9643,348.75,76.25,76.25,0.0,5,-22.455684161464642
9644,351.25,76.25,76.25,0.0,5,-17.103296042949957
9645,353.75,76.25,76.25,0.0,5,-10.5012362268088
9646,356.25,76.25,76.25,0.0,5,-4.18898919951453
9647,358.75,76.25,76.25,0.0,5,-0.5383876057971424
9648,1.25,78.75,78.75,0.0,5,-25.615309701344902
9649,3.75,78.75,78.75,0.0,5,-26.59542266234327
9650,6.25,78.75,78.75,0.0,5,-30.357721297894813
9651,8.75,78.75,78.75,0.0,5,-36.36798119733545
9652,11.25,78.75,78.75,0.0,5,-43.76823416255931
9653,13.75,78.75,78.75,1.0,0,-51.47811033524376
9654,16.25,78.75,78.75,1.0,0,-58.66142471695579
9655,18.75,78.75,78.75,1.0,0,-64.70967715049511
9656,21.25,78.75,78.75,0.0,5,-68.75706703522725
9657,23.75,78.75,78.75,0.0,5,-71.52209857009316
9658,26.25,78.75,78.75,0.0,5,-73.31029300543985
9659,28.75,78.75,78.75,0.0,5,-74.60535010424887
9660,31.25,78.75,78.75,0.0,5,-75.6882916991345
9661,33.75,78.75,78.75,0.0,5,-76.80405160882164
9662,36.25,78.75,78.75,0.0,5,-78.0174324976594
9663,38.75,78.75,78.75,0.0,5,-79.31047578971064
9664,41.25,78.75,78.75,0.0,5,-80.63036408395158
9665,43.75,78.75,78.75,0.0,5,-81.78560076097727
9666,46.25,78.75,78.75,0.0,5,-82.77634668550473
9667,48.75,78.75,78.75,0.0,5,-83.51929182961764
9668,51.25,78.75,78.75,0.0,5,-83.91311327971464
9669,53.75,78.75,78.75,0.0,5,-83.78144815417248
9670,56.25,78.75,78.75,0.0,5,-83.12328614788271
9671,58.75,78.75,78.75,0.0,5,-82.00164876940896
9672,61.25,78.75,78.75,0.0,5,-80.54985679950424
9673,63.75,78.75,78.75,0.0,5,-78.98691814732062
9674,66.25,78.75,78.75,0.0,5,-77.69722035576694
9675,68.75,78.75,78.75,0.0,5,-76.7631378620069
9676,71.25,78.75,78.75,0.0,5,-76.22045703098541
9677,73.75,78.75,78.75,0.0,5,-76.02441563057648
9678,76.25,78.75,78.75,0.0,5,-76.09827110658054
9679,78.75,78.75,78.75,0.0,5,-76.31106626129015
9680,81.25,78.75,78.75,0.0,5,-76.59624395064186
9681,83.75,78.75,78.75,0.0,5,-76.925489929462
9682,86.25,78.75,78.75,0.0,5,-77.29497332387585
9683,88.75,78.75,78.75,0.0,5,-77.67431393927441
9684,91.25,78.75,78.75,0.0,5,-78.07353251007993
9685,93.75,78.75,78.75,0.0,5,-78.48068014263316
9686,96.25,78.75,78.75,0.0,5,-78.91496073303631
9687,98.75,78.75,78.75,0.0,5,-79.36252193750353
9688,101.25,78.75,78.75,1.0,0,-79.85872389385925
9689,103.75,78.75,78.75,0.0,5,-80.47160963210686
9690,106.25,78.75,78.75,0.0,5,-81.23107697265488
9691,108.75,78.75,78.75,0.0,5,-82.16825064012855
9692,111.25,78.75,78.75,0.0,5,-83.19926249150475
9693,113.75,78.75,78.75,0.0,5,-84.33558502174067
9694,116.25,78.75,78.75,0.0,5,-85.54374085655935
9695,118.75,78.75,78.75,0.0,5,-86.86636089695705
9696,121.25,78.75,78.75,0.0,5,-88.17724190216262
9697,123.75,78.75,78.75,0.0,5,-89.4793262261069
9698,126.25,78.75,78.75,0.0,5,-90.77280509099333
9699,128.75,78.75,78.75,0.0,5,-92.04557312433174
9700,131.25,78.75,78.75,0.0,5,-93.2627832576038
9701,133.75,78.75,78.75,0.0,5,-94.28033519985387
9702,136.25,78.75,78.75,0.0,5,-95.14698656409965
9703,138.75,78.75,78.75,0.0,5,-95.85538346350856
9704,141.25,78.75,78.75,0.0,5,-96.41492215014152
9705,143.75,78.75,78.75,0.0,5,-96.74498192954971
9706,146.25,78.75,78.75,0.0,5,-96.83430115065525
9707,148.75,78.75,78.75,0.0,5,-96.66282030556155
9708,151.25,78.75,78.75,0.0,5,-96.21311293536318
9709,153.75,78.75,78.75,0.0,5,-95.49232798943571
9710,156.25,78.75,78.75,0.0,5,-94.65934569750397
9711,158.75,78.75,78.75,0.0,5,-93.77259648817471
9712,161.25,78.75,78.75,0.0,5,-92.88747793927061
9713,163.75,78.75,78.75,0.0,5,-91.97026327432306
9714,166.25,78.75,78.75,0.0,5,-91.06312305825165
9715,168.75,78.75,78.75,0.0,5,-90.10302649303671
9716,171.25,78.75,78.75,0.0,5,-89.04411593984563
9717,173.75,78.75,78.75,0.0,5,-87.85756637986779
9718,176.25,78.75,78.75,0.0,5,-86.52979595713565
9719,178.75,78.75,78.75,0.0,5,-85.20689804019509
9720,181.25,78.75,78.75,0.0,5,-83.85133031323605
9721,183.75,78.75,78.75,0.0,5,-82.47363897122887
9722,186.25,78.75,78.75,0.0,5,-81.00048004120403
9723,188.75,78.75,78.75,0.0,5,-79.55201398391185
9724,191.25,78.75,78.75,0.0,5,-78.10557396230898
9725,193.75,78.75,78.75,0.0,5,-76.64203492370609
9726,196.25,78.75,78.75,0.0,5,-75.14465020137578
9727,198.75,78.75,78.75,0.0,5,-73.59487872248812
9728,201.25,78.75,78.75,0.0,5,-72.12590869507154
9729,203.75,78.75,78.75,0.0,5,-70.65342024191928
9730,206.25,78.75,78.75,0.0,5,-69.17023487186967
9731,208.75,78.75,78.75,0.0,5,-67.59642936586422
9732,211.25,78.75,78.75,0.0,5,-66.08589944473583
9733,213.75,78.75,78.75,0.0,5,-64.64973706072466
9734,216.25,78.75,78.75,0.0,5,-63.30392901289582
9735,218.75,78.75,78.75,0.0,5,-62.066792939447694
9736,221.25,78.75,78.75,0.0,5,-60.94903914830599
9737,223.75,78.75,78.75,0.0,5,-60.0194765336464
9738,226.25,78.75,78.75,0.0,5,-59.17008283055142
9739,228.75,78.75,78.75,0.0,5,-58.35441240519125
9740,231.25,78.75,78.75,0.0,5,-57.488548938293334
9741,233.75,78.75,78.75,0.0,5,-56.62856104542795
9742,236.25,78.75,78.75,0.0,5,-55.77834768168566
9743,238.75,78.75,78.75,0.0,5,-54.96700493789021
9744,241.25,78.75,78.75,0.0,5,-54.242554118436445
9745,243.75,78.75,78.75,0.0,5,-53.67052862998089
9746,246.25,78.75,78.75,0.0,5,-53.33217687121022
9747,248.75,78.75,78.75,0.0,5,-53.17695209684765
9748,251.25,78.75,78.75,0.0,5,-53.13815356274851
9749,253.75,78.75,78.75,0.0,5,-53.07389503313068
9750,256.25,78.75,78.75,0.0,5,-52.7544644361968
9751,258.75,78.75,78.75,0.0,0,-51.959794703550024
9752,261.25,78.75,78.75,0.0,5,-50.50668413674561
9753,263.75,78.75,78.75,0.0,5,-48.23670111444427
9754,266.25,78.75,78.75,1.0,0,-44.99354259855153
9755,268.75,78.75,78.75,1.0,0,-41.25769501207269
9756,271.25,78.75,78.75,1.0,0,-37.372439618946146
9757,273.75,78.75,78.75,1.0,0,-33.900948091724985
9758,276.25,78.75,78.75,1.0,0,-31.179754755798665
9759,278.75,78.75,78.75,1.0,0,-29.39244256782848
9760,281.25,78.75,78.75,1.0,0,-27.899378251240474
9761,283.75,78.75,78.75,0.0,5,-26.178358892880947
9762,286.25,78.75,78.75,0.0,5,-23.507916613237626
9763,288.75,78.75,78.75,0.0,5,-19.435110738611847
9764,291.25,78.75,78.75,0.0,0,-14.19521762319269
9765,293.75,78.75,78.75,0.0,0,-7.402600962349341
9766,296.25,78.75,78.75,1.0,0,0.6532213206106492
9767,298.75,78.75,78.75,1.0,0,9.75456051433268
9768,301.25,78.75,78.75,1.0,0,18.49805416819222
9769,303.75,78.75,78.75,1.0,0,26.642588986282988
9770,306.25,78.75,78.75,1.0,0,34.39775515084565
9771,308.75,78.75,78.75,1.0,0,41.353777459142435
9772,311.25,78.75,78.75,1.0,0,46.69351455846955
9773,313.75,78.75,78.75,1.0,0,49.02770582124031
9774,316.25,78.75,78.75,1.0,0,48.36604344191411
9775,318.75,78.75,78.75,1.0,0,44.990607396730866
9776,321.25,78.75,78.75,1.0,0,39.933939744827285
9777,323.75,78.75,78.75,1.0,0,35.26962156435519
9778,326.25,78.75,78.75,1.0,0,30.928884157796194
9779,328.75,78.75,78.75,1.0,0,26.294114785943872
9780,331.25,78.75,78.75,1.0,0,20.029729558404906
9781,333.75,78.75,78.75,1.0,0,9.987931449228117
9782,336.25,78.75,78.75,1.0,0,-2.2702870090917444
9783,338.75,78.75,78.75,1.0,0,-15.145647788919534
9784,341.25,78.75,78.75,0.0,5,-25.328417907431888
9785,343.75,78.75,78.75,0.0,5,-32.13124053806368
9786,346.25,78.75,78.75,0.0,5,-35.36768606588799
9787,348.75,78.75,78.75,0.0,5,-36.19148140294979
9788,351.25,78.75,78.75,0.0,5,-35.19663336744516
9789,353.75,78.75,78.75,0.0,5,-32.73837533865523
9790,356.25,78.75,78.75,0.0,5,-29.45724536953572
9791,358.75,78.75,78.75,0.0,5,-26.804694389805498
9792,1.25,81.25,81.25,0.0,5,-47.2231469495655
9793,3.75,81.25,81.25,0.0,5,-48.5931070605637
9794,6.25,81.25,81.25,0.0,5,-50.64946108707849
9795,8.75,81.25,81.25,0.0,5,-53.064662509858856
9796,11.25,81.25,81.25,0.0,5,-55.58014082557899
9797,13.75,81.25,81.25,0.0,5,-57.94110074983202
9798,16.25,81.25,81.25,0.0,5,-59.89752599483063
9799,18.75,81.25,81.25,0.0,5,-61.362890718005495
9800,21.25,81.25,81.25,0.0,5,-62.341762329780416
9801,23.75,81.25,81.25,0.0,5,-63.07856933396141
9802,26.25,81.25,81.25,0.0,5,-63.732888188545516
9803,28.75,81.25,81.25,0.0,5,-64.50134841178135
9804,31.25,81.25,81.25,0.0,5,-65.37774539196378
9805,33.75,81.25,81.25,0.0,5,-66.33481341538584
9806,36.25,81.25,81.25,0.0,5,-67.3062006499641
9807,38.75,81.25,81.25,0.0,5,-68.19899768396738
9808,41.25,81.25,81.25,0.0,5,-68.90045074851675
9809,43.75,81.25,81.25,0.0,5,-69.29314278825592
9810,46.25,81.25,81.25,0.0,5,-69.43068267797445
9811,48.75,81.25,81.25,0.0,5,-69.36735915869895
9812,51.25,81.25,81.25,0.0,5,-69.19562961902261
9813,53.75,81.25,81.25,0.0,5,-69.06808261530864
9814,56.25,81.25,81.25,0.0,5,-69.10225171481794
9815,58.75,81.25,81.25,0.0,5,-69.37595172931304
9816,61.25,81.25,81.25,0.0,5,-69.92751485305998
9817,63.75,81.25,81.25,0.0,5,-70.76560228785532
9818,66.25,81.25,81.25,0.0,5,-71.72582671683459
9819,68.75,81.25,81.25,0.0,5,-72.74849720894953
9820,71.25,81.25,81.25,0.0,5,-73.7521685355937
9821,73.75,81.25,81.25,0.0,5,-74.7140510573382
9822,76.25,81.25,81.25,0.0,5,-75.50807371850338
9823,78.75,81.25,81.25,0.0,5,-76.15679316875362
9824,81.25,81.25,81.25,0.0,5,-76.6914186546119
9825,83.75,81.25,81.25,0.0,5,-77.14436978929042
9826,86.25,81.25,81.25,0.0,5,-77.54889065597725
9827,88.75,81.25,81.25,0.0,5,-77.90419954754941
9828,91.25,81.25,81.25,0.0,5,-78.25645723867903
9829,93.75,81.25,81.25,0.0,5,-78.61664842509583
9830,96.25,81.25,81.25,0.0,5,-79.0438607050478
9831,98.75,81.25,81.25,0.0,5,-79.51248414466332
9832,101.25,81.25,81.25,0.0,5,-80.02032644238236
9833,103.75,81.25,81.25,0.0,5,-80.58196848299372
9834,106.25,81.25,81.25,0.0,5,-81.21514431952649
9835,108.75,81.25,81.25,0.0,5,-81.94673778622413
9836,111.25,81.25,81.25,0.0,5,-82.71871122800245
9837,113.75,81.25,81.25,0.0,5,-83.56536981390431
9838,116.25,81.25,81.25,0.0,5,-84.4806795102487
9839,118.75,81.25,81.25,0.0,5,-85.50214353908305
9840,121.25,81.25,81.25,0.0,5,-86.51108211567652
9841,123.75,81.25,81.25,0.0,5,-87.48008912109398
9842,126.25,81.25,81.25,0.0,5,-88.38568338428709
9843,128.75,81.25,81.25,0.0,5,-89.20107360252132
9844,131.25,81.25,81.25,0.0,5,-89.89212118319554
9845,133.75,81.25,81.25,0.0,5,-90.38519035127796
9846,136.25,81.25,81.25,0.0,5,-90.72707905847929
9847,138.75,81.25,81.25,0.0,5,-90.92720583444176
9848,141.25,81.25,81.25,0.0,5,-90.99919843691215
9849,143.75,81.25,81.25,0.0,5,-90.9480721197692
9850,146.25,81.25,81.25,0.0,5,-90.7977316459691
9851,148.75,81.25,81.25,0.0,5,-90.55052357027901
9852,151.25,81.25,81.25,0.0,5,-90.1975832240469
9853,153.75,81.25,81.25,0.0,5,-89.71682891716777
9854,156.25,81.25,81.25,0.0,5,-89.14881870299517
9855,158.75,81.25,81.25,0.0,5,-88.48175703766651
9856,161.25,81.25,81.25,0.0,5,-87.72593295727079
9857,163.75,81.25,81.25,0.0,5,-86.85126841073009
9858,166.25,81.25,81.25,0.0,5,-85.95350945310612
9859,168.75,81.25,81.25,0.0,5,-85.04833307444581
9860,171.25,81.25,81.25,0.0,5,-84.14083309844835
9861,173.75,81.25,81.25,0.0,5,-83.22907331981618
9862,176.25,81.25,81.25,0.0,5,-82.30510270684643
9863,178.75,81.25,81.25,0.0,5,-81.43436803027147
9864,181.25,81.25,81.25,0.0,5,-80.5554741712851
9865,183.75,81.25,81.25,0.0,5,-79.64463885616686
9866,186.25,81.25,81.25,0.0,5,-78.62712847941714
9867,188.75,81.25,81.25,0.0,5,-77.56593613063751
9868,191.25,81.25,81.25,0.0,5,-76.44623384730228
9869,193.75,81.25,81.25,0.0,5,-75.25850700744763
9870,196.25,81.25,81.25,0.0,5,-73.99743771882618
9871,198.75,81.25,81.25,0.0,5,-72.66613111057757
9872,201.25,81.25,81.25,0.0,5,-71.41031689230856
9873,203.75,81.25,81.25,0.0,5,-70.18890700952606
9874,206.25,81.25,81.25,0.0,5,-69.02232551287855
9875,208.75,81.25,81.25,0.0,5,-67.86660795370813
9876,211.25,81.25,81.25,0.0,5,-66.82416991062195
9877,213.75,81.25,81.25,0.0,5,-65.8564224259328
9878,216.25,81.25,81.25,0.0,5,-64.92105577393444
9879,218.75,81.25,81.25,0.0,5,-63.97596789588936
9880,221.25,81.25,81.25,0.0,5,-62.968732979486745
9881,223.75,81.25,81.25,0.0,5,-61.96343377592301
9882,226.25,81.25,81.25,0.0,5,-60.90548696452559
9883,228.75,81.25,81.25,0.0,5,-59.811215569428015
9884,231.25,81.25,81.25,0.0,5,-58.66428686999362
9885,233.75,81.25,81.25,0.0,5,-57.635772887066466
9886,236.25,81.25,81.25,0.0,5,-56.77464140947518
9887,238.75,81.25,81.25,0.0,5,-56.11697021808691
9888,241.25,81.25,81.25,0.0,5,-55.683914048827276
9889,243.75,81.25,81.25,0.0,5,-55.46274196018277
9890,246.25,81.25,81.25,0.0,5,-55.36502101547134
9891,248.75,81.25,81.25,0.0,5,-55.237142362862926
9892,251.25,81.25,81.25,0.0,5,-54.92980389347473
9893,253.75,81.25,81.25,0.0,5,-54.231568786903765
9894,256.25,81.25,81.25,0.0,5,-53.04761183034912
9895,258.75,81.25,81.25,0.0,5,-51.34926253686302
9896,261.25,81.25,81.25,0.0,5,-49.15090067855954
9897,263.75,81.25,81.25,0.0,5,-46.519246680471355
9898,266.25,81.25,81.25,0.0,5,-43.5586521962999
9899,268.75,81.25,81.25,1.0,0,-40.77140412048163
9900,271.25,81.25,81.25,1.0,0,-38.261103201708906
9901,273.75,81.25,81.25,1.0,0,-36.2218352432855
9902,276.25,81.25,81.25,1.0,0,-34.68925110137473
9903,278.75,81.25,81.25,1.0,0,-33.70423038649331
9904,281.25,81.25,81.25,1.0,0,-32.84134802323044
9905,283.75,81.25,81.25,1.0,0,-31.577539661600326
9906,286.25,81.25,81.25,1.0,0,-30.108616426819324
9907,288.75,81.25,81.25,0.0,0,-28.395228905622886
9908,291.25,81.25,81.25,0.0,5,-26.293179048756645
9909,293.75,81.25,81.25,0.0,0,-23.953435072920698
9910,296.25,81.25,81.25,0.0,0,-21.310642995373243
9911,298.75,81.25,81.25,0.0,0,-18.012730690801952
9912,301.25,81.25,81.25,1.0,0,-14.553928206557865
9913,303.75,81.25,81.25,1.0,0,-10.807185357631676
9914,306.25,81.25,81.25,1.0,0,-6.582448217702701
9915,308.75,81.25,81.25,1.0,0,-1.8832576496052131
9916,311.25,81.25,81.25,1.0,0,2.9977234897985463
9917,313.75,81.25,81.25,1.0,0,6.9785367407943335
9918,316.25,81.25,81.25,1.0,0,9.976222632259004
9919,318.75,81.25,81.25,1.0,0,11.062291938347466
9920,321.25,81.25,81.25,1.0,0,9.837602620945024
9921,323.75,81.25,81.25,1.0,0,6.339708890394748
9922,326.25,81.25,81.25,1.0,0,1.0892495250240393
9923,328.75,81.25,81.25,1.0,0,-5.115317256966693
9924,331.25,81.25,81.25,1.0,0,-12.1532615107628
9925,333.75,81.25,81.25,1.0,0,-19.70704233371442
9926,336.25,81.25,81.25,1.0,0,-26.529124752420206
9927,338.75,81.25,81.25,1.0,0,-32.21119447163608
9928,341.25,81.25,81.25,1.0,0,-36.794701820829765
9929,343.75,81.25,81.25,1.0,0,-40.579778827373865
9930,346.25,81.25,81.25,0.0,0,-43.11072334339398
9931,348.75,81.25,81.25,0.0,5,-44.68251640677529
9932,351.25,81.25,81.25,0.0,5,-45.54243100706312
9933,353.75,81.25,81.25,0.0,5,-45.92010206057063
9934,356.25,81.25,81.25,0.0,5,-46.10351650086722
9935,358.75,81.25,81.25,0.0,5,-46.44222693549516
9936,1.25,83.75,83.75,0.0,5,-52.969659928542995
9937,3.75,83.75,83.75,0.0,5,-53.266993966876576
9938,6.25,83.75,83.75,0.0,5,-53.76820355098622
9939,8.75,83.75,83.75,0.0,5,-54.41910297787745
9940,11.25,83.75,83.75,0.0,5,-55.175083269517984
9941,13.75,83.75,83.75,0.0,5,-56.00360280704755
9942,16.25,83.75,83.75,0.0,5,-56.876580958998055
9943,18.75,83.75,83.75,0.0,5,-57.77465437941436
9944,21.25,83.75,83.75,0.0,5,-58.59818716304922
9945,23.75,83.75,83.75,0.0,5,-59.38735755981902
9946,26.25,83.75,83.75,0.0,5,-60.14139839310757
9947,28.75,83.75,83.75,0.0,5,-60.899545094081375
9948,31.25,83.75,83.75,0.0,5,-61.59871051980481
9949,33.75,83.75,83.75,0.0,5,-62.25147739023414
9950,36.25,83.75,83.75,0.0,5,-62.86617244298477
9951,38.75,83.75,83.75,0.0,5,-63.44853257212234
9952,41.25,83.75,83.75,0.0,5,-64.00004840622142
9953,43.75,83.75,83.75,0.0,5,-64.47629217453793
9954,46.25,83.75,83.75,0.0,5,-64.91727439796345
9955,48.75,83.75,83.75,0.0,5,-65.33550018682348
9956,51.25,83.75,83.75,0.0,5,-65.77251920450848
9957,53.75,83.75,83.75,0.0,5,-66.2132889458094
9958,56.25,83.75,83.75,0.0,5,-66.68189475482099
9959,58.75,83.75,83.75,0.0,5,-67.19598717264682
9960,61.25,83.75,83.75,0.0,5,-67.76913800952015
9961,63.75,83.75,83.75,0.0,5,-68.40961156408792
9962,66.25,83.75,83.75,0.0,5,-69.04519105070337
9963,68.75,83.75,83.75,0.0,5,-69.68888648197526
9964,71.25,83.75,83.75,0.0,5,-70.32670101666933
9965,73.75,83.75,83.75,0.0,5,-70.97685365853091
9966,76.25,83.75,83.75,0.0,5,-71.57633121901306
9967,78.75,83.75,83.75,0.0,5,-72.13912329880331
9968,81.25,83.75,83.75,0.0,5,-72.68048703816679
9969,83.75,83.75,83.75,0.0,5,-73.21663549221684
9970,86.25,83.75,83.75,0.0,5,-73.76564744830367
9971,88.75,83.75,83.75,0.0,5,-74.28910933856855
9972,91.25,83.75,83.75,0.0,5,-74.81907273746643
9973,93.75,83.75,83.75,0.0,5,-75.35847915861633
9974,96.25,83.75,83.75,0.0,5,-75.94037432359882
9975,98.75,83.75,83.75,0.0,5,-76.51301903302925
9976,101.25,83.75,83.75,0.0,5,-77.08325268927433
9977,103.75,83.75,83.75,0.0,5,-77.66059773281236
9978,106.25,83.75,83.75,0.0,5,-78.2543000210065
9979,108.75,83.75,83.75,0.0,5,-78.87307858607512
9980,111.25,83.75,83.75,0.0,5,-79.4628554707282
9981,113.75,83.75,83.75,0.0,5,-80.05223961788039
9982,116.25,83.75,83.75,0.0,5,-80.63442081467424
9983,118.75,83.75,83.75,0.0,5,-81.2319333442084
9984,121.25,83.75,83.75,0.0,5,-81.77805731793245
9985,123.75,83.75,83.75,0.0,5,-82.27170584628085
9986,126.25,83.75,83.75,0.0,5,-82.71046633348615
9987,128.75,83.75,83.75,0.0,5,-83.08824013793114
9988,131.25,83.75,83.75,0.0,5,-83.39404364525997
9989,133.75,83.75,83.75,0.0,5,-83.59765298302118
9990,136.25,83.75,83.75,0.0,5,-83.72206007796154
9991,138.75,83.75,83.75,0.0,5,-83.77246594731167
9992,141.25,83.75,83.75,0.0,5,-83.75160416213406
9993,143.75,83.75,83.75,0.0,5,-83.66649900963579
9994,146.25,83.75,83.75,0.0,5,-83.53117192293625
9995,148.75,83.75,83.75,0.0,5,-83.34857894871091
9996,151.25,83.75,83.75,0.0,5,-83.11553683458153
9997,153.75,83.75,83.75,0.0,5,-82.82022116015564
9998,156.25,83.75,83.75,0.0,5,-82.48355030252682
9999,158.75,83.75,83.75,0.0,5,-82.09152232195832
10000,161.25,83.75,83.75,0.0,5,-81.640888946712
10001,163.75,83.75,83.75,0.0,5,-81.09980500341149
10002,166.25,83.75,83.75,0.0,5,-80.51473115122751
10003,168.75,83.75,83.75,0.0,5,-79.88883022136658
10004,171.25,83.75,83.75,0.0,5,-79.22254160955671
10005,173.75,83.75,83.75,0.0,5,-78.51298700577226
10006,176.25,83.75,83.75,0.0,5,-77.75703621543954
10007,178.75,83.75,83.75,0.0,5,-77.0286100520905
10008,181.25,83.75,83.75,0.0,5,-76.29874389956429
10009,183.75,83.75,83.75,0.0,5,-75.57148616918127
10010,186.25,83.75,83.75,0.0,5,-74.81169146971126
10011,188.75,83.75,83.75,0.0,5,-74.08151202889603
10012,191.25,83.75,83.75,0.0,5,-73.36491447480337
10013,193.75,83.75,83.75,0.0,5,-72.64575700170488
10014,196.25,83.75,83.75,0.0,5,-71.90578668932298
10015,198.75,83.75,83.75,0.0,5,-71.1235456309349
10016,201.25,83.75,83.75,0.0,5,-70.35859914939822
10017,203.75,83.75,83.75,0.0,5,-69.5664564073877
10018,206.25,83.75,83.75,0.0,5,-68.74267410813198
10019,208.75,83.75,83.75,0.0,5,-67.83616415764648
10020,211.25,83.75,83.75,0.0,5,-66.92197862273278
10021,213.75,83.75,83.75,0.0,5,-65.99277296303589
10022,216.25,83.75,83.75,0.0,5,-65.04271599513308
10023,218.75,83.75,83.75,0.0,5,-64.07043775311186
10024,221.25,83.75,83.75,0.0,5,-63.08357099666535
10025,223.75,83.75,83.75,0.0,5,-62.195714105368936
10026,226.25,83.75,83.75,0.0,5,-61.385876704224835
10027,228.75,83.75,83.75,0.0,5,-60.682092081293405
10028,231.25,83.75,83.75,0.0,5,-60.08786187559603
10029,233.75,83.75,83.75,0.0,5,-59.67641319209417
10030,236.25,83.75,83.75,0.0,5,-59.42175736425658
10031,238.75,83.75,83.75,0.0,5,-59.29279690956209
10032,241.25,83.75,83.75,0.0,5,-59.25399801713701
10033,243.75,83.75,83.75,0.0,5,-59.251604374520696
10034,246.25,83.75,83.75,0.0,5,-59.213227595499255
10035,248.75,83.75,83.75,0.0,5,-59.07438673354704
10036,251.25,83.75,83.75,0.0,5,-58.78128745983245
10037,253.75,83.75,83.75,0.0,5,-58.25568911453961
10038,256.25,83.75,83.75,0.0,5,-57.510494924162934
10039,258.75,83.75,83.75,0.0,5,-56.568849389978155
10040,261.25,83.75,83.75,0.0,5,-55.45952762707632
10041,263.75,83.75,83.75,0.0,5,-54.22018212722207
10042,266.25,83.75,83.75,0.0,5,-52.91622110484854
10043,268.75,83.75,83.75,0.0,5,-51.766974444921665
10044,271.25,83.75,83.75,0.0,5,-50.79587208577296
10045,273.75,83.75,83.75,0.0,5,-50.07774297059223
10046,276.25,83.75,83.75,0.0,5,-49.642472579945476
10047,278.75,83.75,83.75,0.0,5,-49.55549790205533
10048,281.25,83.75,83.75,0.0,5,-49.7296573676806
10049,283.75,83.75,83.75,0.0,5,-50.07980587107121
10050,286.25,83.75,83.75,0.0,5,-50.53534568390917
10051,288.75,83.75,83.75,0.0,5,-50.98101748351508
10052,291.25,83.75,83.75,0.0,5,-51.282816613258156
10053,293.75,83.75,83.75,0.0,5,-51.41913838130606
10054,296.25,83.75,83.75,0.0,5,-51.36857338028077
10055,298.75,83.75,83.75,0.0,5,-51.07946075456982
10056,301.25,83.75,83.75,0.0,5,-50.566448205630344
10057,303.75,83.75,83.75,0.0,5,-49.85761566959104
10058,306.25,83.75,83.75,0.0,5,-48.97935380174651
10059,308.75,83.75,83.75,0.0,5,-47.963751651263316
10060,311.25,83.75,83.75,0.0,5,-46.863320377163184
10061,313.75,83.75,83.75,0.0,5,-45.89900375689087
10062,316.25,83.75,83.75,0.0,5,-45.065514401263265
10063,318.75,83.75,83.75,0.0,5,-44.532340051496845
10064,321.25,83.75,83.75,0.0,5,-44.35224097157405
10065,323.75,83.75,83.75,0.0,5,-44.67207692385944
10066,326.25,83.75,83.75,0.0,5,-45.36023461519767
10067,328.75,83.75,83.75,0.0,5,-46.29457627415196
10068,331.25,83.75,83.75,0.0,0,-47.4278628126201
10069,333.75,83.75,83.75,0.0,5,-48.67439029192428
10070,336.25,83.75,83.75,0.0,5,-49.8087007862255
10071,338.75,83.75,83.75,0.0,5,-50.807540010707015
10072,341.25,83.75,83.75,0.0,5,-51.62612704395042
10073,343.75,83.75,83.75,0.0,5,-52.25427805666331
10074,346.25,83.75,83.75,0.0,5,-52.637733798555224
10075,348.75,83.75,83.75,0.0,5,-52.83156701444443
10076,351.25,83.75,83.75,0.0,5,-52.88488189808425
10077,353.75,83.75,83.75,0.0,5,-52.851884964032344
10078,356.25,83.75,83.75,0.0,5,-52.80500264964015
10079,358.75,83.75,83.75,0.0,5,-52.82702709206829
10080,1.25,86.25,86.25,0.0,5,-58.77899639957352
10081,3.75,86.25,86.25,0.0,5,-59.04362764304361
10082,6.25,86.25,86.25,0.0,5,-59.354735948905926
10083,8.75,86.25,86.25,0.0,5,-59.68521705062971
10084,11.25,86.25,86.25,0.0,5,-60.035641333067815
10085,13.75,86.25,86.25,0.0,5,-60.4044358278813
10086,16.25,86.25,86.25,0.0,5,-60.79444274776916
10087,18.75,86.25,86.25,0.0,5,-61.204626678430344
10088,21.25,86.25,86.25,0.0,5,-61.5934070252049
10089,23.75,86.25,86.25,0.0,5,-61.97629554740804
10090,26.25,86.25,86.25,0.0,5,-62.34929515427935
10091,28.75,86.25,86.25,0.0,5,-62.72624618241842
10092,31.25,86.25,86.25,0.0,5,-63.07455698838146
10093,33.75,86.25,86.25,0.0,5,-63.401073384120224
10094,36.25,86.25,86.25,0.0,5,-63.712414099775984
10095,38.75,86.25,86.25,0.0,5,-64.01740440026127
10096,41.25,86.25,86.25,0.0,5,-64.32109095080736
10097,43.75,86.25,86.25,0.0,5,-64.60354755546132
10098,46.25,86.25,86.25,0.0,5,-64.88395845592615
10099,48.75,86.25,86.25,0.0,5,-65.16622519207033
10100,51.25,86.25,86.25,0.0,5,-65.46854490862671
10101,53.75,86.25,86.25,0.0,5,-65.76986727147363
10102,56.25,86.25,86.25,0.0,5,-66.07742082060048
10103,58.75,86.25,86.25,0.0,5,-66.39792827997508
10104,61.25,86.25,86.25,0.0,5,-66.73682665575168
10105,63.75,86.25,86.25,0.0,5,-67.10352799447108
10106,66.25,86.25,86.25,0.0,5,-67.4648609097521
10107,68.75,86.25,86.25,0.0,5,-67.83824792753407
10108,71.25,86.25,86.25,0.0,5,-68.22077973393206
10109,73.75,86.25,86.25,0.0,5,-68.63264272049575
10110,76.25,86.25,86.25,0.0,5,-69.0376006349778
10111,78.75,86.25,86.25,0.0,5,-69.43875836356581
10112,81.25,86.25,86.25,0.0,5,-69.842863572148
10113,83.75,86.25,86.25,0.0,5,-70.25600373376967
10114,86.25,86.25,86.25,0.0,5,-70.68261356009852
10115,88.75,86.25,86.25,0.0,5,-71.08641875936878
10116,91.25,86.25,86.25,0.0,5,-71.48634123757162
10117,93.75,86.25,86.25,0.0,5,-71.882452700252
10118,96.25,86.25,86.25,0.0,5,-72.29345453628687
10119,98.75,86.25,86.25,0.0,5,-72.68235974641026
10120,101.25,86.25,86.25,0.0,5,-73.05587687413774
10121,103.75,86.25,86.25,0.0,5,-73.41892817144506
10122,106.25,86.25,86.25,0.0,5,-73.77715210785769
10123,108.75,86.25,86.25,0.0,5,-74.13299616985367
10124,111.25,86.25,86.25,0.0,5,-74.45489981228747
10125,113.75,86.25,86.25,0.0,5,-74.75985375222325
10126,116.25,86.25,86.25,0.0,5,-75.0459855392464
10127,118.75,86.25,86.25,0.0,5,-75.32361048407101
10128,121.25,86.25,86.25,0.0,5,-75.56464446784734
10129,123.75,86.25,86.25,0.0,5,-75.77412333215925
10130,126.25,86.25,86.25,0.0,5,-75.95439716949167
10131,128.75,86.25,86.25,0.0,5,-76.10592324606354
10132,131.25,86.25,86.25,0.0,5,-76.22482008900656
10133,133.75,86.25,86.25,0.0,5,-76.30112826197352
10134,136.25,86.25,86.25,0.0,5,-76.34206423775888
10135,138.75,86.25,86.25,0.0,5,-76.34889799049265
10136,141.25,86.25,86.25,0.0,5,-76.31815682528817
10137,143.75,86.25,86.25,0.0,5,-76.25250984075058
10138,146.25,86.25,86.25,0.0,5,-76.1552859693065
10139,148.75,86.25,86.25,0.0,5,-76.02811845270773
10140,151.25,86.25,86.25,0.0,5,-75.86980744718063
10141,153.75,86.25,86.25,0.0,5,-75.6752425500791
10142,156.25,86.25,86.25,0.0,5,-75.46361935629557
10143,158.75,86.25,86.25,0.0,5,-75.22811195786733
10144,161.25,86.25,86.25,0.0,5,-74.96967236852593
10145,163.75,86.25,86.25,0.0,5,-74.67429585067056
10146,166.25,86.25,86.25,0.0,5,-74.36624931764928
10147,168.75,86.25,86.25,0.0,5,-74.04400932653418
10148,171.25,86.25,86.25,0.0,5,-73.70432966361398
10149,173.75,86.25,86.25,0.0,5,-73.34119295795121
10150,176.25,86.25,86.25,0.0,5,-72.9486977283383
10151,178.75,86.25,86.25,0.0,5,-72.55793628035089
10152,181.25,86.25,86.25,0.0,5,-72.15284624094602
10153,183.75,86.25,86.25,0.0,5,-71.73211761507993
10154,186.25,86.25,86.25,0.0,5,-71.27055315011461
10155,188.75,86.25,86.25,0.0,5,-70.80537141998126
10156,191.25,86.25,86.25,0.0,5,-70.3288607421627
10157,193.75,86.25,86.25,0.0,5,-69.83375813319783
10158,196.25,86.25,86.25,0.0,5,-69.3087694960536
10159,198.75,86.25,86.25,0.0,5,-68.74222879075504
10160,201.25,86.25,86.25,0.0,5,-68.18423661191858
10161,203.75,86.25,86.25,0.0,5,-67.61014989635665
10162,206.25,86.25,86.25,0.0,5,-67.02299010805645
10163,208.75,86.25,86.25,0.0,5,-66.39458161200932
10164,211.25,86.25,86.25,0.0,5,-65.78711407083406
10165,213.75,86.25,86.25,0.0,5,-65.19715437374792
10166,216.25,86.25,86.25,0.0,5,-64.62273125216869
10167,218.75,86.25,86.25,0.0,5,-64.06281677340937
10168,221.25,86.25,86.25,0.0,5,-63.522441336023476
10169,223.75,86.25,86.25,0.0,5,-63.053777441688254
10170,226.25,86.25,86.25,0.0,5,-62.63272653511729
10171,228.75,86.25,86.25,0.0,5,-62.262888163073384
10172,231.25,86.25,86.25,0.0,5,-61.93057671488202
10173,233.75,86.25,86.25,0.0,5,-61.66230685019284
10174,236.25,86.25,86.25,0.0,5,-61.44110042110501
10175,238.75,86.25,86.25,0.0,5,-61.250770768123374
10176,241.25,86.25,86.25,0.0,5,-61.07750819708254
10177,243.75,86.25,86.25,0.0,5,-60.906344025574136
10178,246.25,86.25,86.25,0.0,5,-60.73531829978399
10179,248.75,86.25,86.25,0.0,5,-60.5457141694609
10180,251.25,86.25,86.25,0.0,5,-60.329858533141405
10181,253.75,86.25,86.25,0.0,5,-60.066949006793905
10182,256.25,86.25,86.25,0.0,5,-59.777866143580546
10183,258.75,86.25,86.25,0.0,5,-59.46631877915427
10184,261.25,86.25,86.25,0.0,5,-59.13635675786898
10185,263.75,86.25,86.25,0.0,5,-58.792750218031756
10186,266.25,86.25,86.25,0.0,5,-58.446770137027045
10187,268.75,86.25,86.25,0.0,5,-58.14507381551975
10188,271.25,86.25,86.25,0.0,5,-57.88245985899762
10189,273.75,86.25,86.25,0.0,5,-57.67075966127881
10190,276.25,86.25,86.25,0.0,5,-57.51199703848395
10191,278.75,86.25,86.25,0.0,5,-57.42428482555839
10192,281.25,86.25,86.25,0.0,5,-57.393645502199774
10193,283.75,86.25,86.25,0.0,5,-57.40783503618861
10194,286.25,86.25,86.25,0.0,5,-57.454705496986286
10195,288.75,86.25,86.25,0.0,5,-57.519626471629834
10196,291.25,86.25,86.25,0.0,5,-57.57835307945891
10197,293.75,86.25,86.25,0.0,5,-57.619330746948066
10198,296.25,86.25,86.25,0.0,5,-57.63269089494762
10199,298.75,86.25,86.25,0.0,5,-57.605761245469445
10200,301.25,86.25,86.25,0.0,5,-57.53663486528977
10201,303.75,86.25,86.25,0.0,5,-57.43088898041641
10202,306.25,86.25,86.25,0.0,5,-57.29352248137395
10203,308.75,86.25,86.25,0.0,5,-57.12925434548025
10204,311.25,86.25,86.25,0.0,5,-56.94527945903414
10205,313.75,86.25,86.25,0.0,5,-56.77371284602954
10206,316.25,86.25,86.25,0.0,5,-56.61683403108327
10207,318.75,86.25,86.25,0.0,5,-56.48786107313193
10208,321.25,86.25,86.25,0.0,5,-56.39554545966155
10209,323.75,86.25,86.25,0.0,5,-56.3560450997691
10210,326.25,86.25,86.25,0.0,5,-56.367567276560145
10211,328.75,86.25,86.25,0.0,5,-56.426547619438
10212,331.25,86.25,86.25,0.0,5,-56.53027965080087
10213,333.75,86.25,86.25,0.0,5,-56.676008681107
10214,336.25,86.25,86.25,0.0,5,-56.84026762825869
10215,338.75,86.25,86.25,0.0,5,-57.01856518385675
10216,341.25,86.25,86.25,0.0,5,-57.20282045794525
10217,343.75,86.25,86.25,0.0,5,-57.396995184342266
10218,346.25,86.25,86.25,0.0,5,-57.58083160252363
10219,348.75,86.25,86.25,0.0,5,-57.759019115459566
10220,351.25,86.25,86.25,0.0,5,-57.93647834080969
10221,353.75,86.25,86.25,0.0,5,-58.12205076902668
10222,356.25,86.25,86.25,0.0,5,-58.32770256299677
10223,358.75,86.25,86.25,0.0,5,-58.54131040793708
10224,1.25,88.75,88.75,0.0,5,-61.820958831324674
10225,3.75,88.75,88.75,0.0,5,-61.98375410938567
10226,6.25,88.75,88.75,0.0,5,-62.159600184817755
10227,8.75,88.75,88.75,0.0,5,-62.331974328076896
10228,11.25,88.75,88.75,0.0,5,-62.5020822101014
10229,13.75,88.75,88.75,0.0,5,-62.67309233461837
10230,16.25,88.75,88.75,0.0,5,-62.847137704446936
10231,18.75,88.75,88.75,0.0,5,-63.02627299835076
10232,21.25,88.75,88.75,0.0,5,-63.19428912902764
10233,23.75,88.75,88.75,0.0,5,-63.36070237180116
10234,26.25,88.75,88.75,0.0,5,-63.524256526394765
10235,28.75,88.75,88.75,0.0,5,-63.694568598619654
10236,31.25,88.75,88.75,0.0,5,-63.85571633408576
10237,33.75,88.75,88.75,0.0,5,-64.01245258393868
10238,36.25,88.75,88.75,0.0,5,-64.16730511241862
10239,38.75,88.75,88.75,0.0,5,-64.3225368190473
10240,41.25,88.75,88.75,0.0,5,-64.48267912761261
10241,43.75,88.75,88.75,0.0,5,-64.6332122224839
10242,46.25,88.75,88.75,0.0,5,-64.78345330088501
10243,48.75,88.75,88.75,0.0,5,-64.93484966389964
10244,51.25,88.75,88.75,0.0,5,-65.09562902691943
10245,53.75,88.75,88.75,0.0,5,-65.25259236325329
10246,56.25,88.75,88.75,0.0,5,-65.40869383142272
10247,58.75,88.75,88.75,0.0,5,-65.56766578534409
10248,61.25,88.75,88.75,0.0,5,-65.73225276419888
10249,63.75,88.75,88.75,0.0,5,-65.9057652349212
10250,66.25,88.75,88.75,0.0,5,-66.07408197052679
10251,68.75,88.75,88.75,0.0,5,-66.24522229065467
10252,71.25,88.75,88.75,0.0,5,-66.42007792524495
10253,73.75,88.75,88.75,0.0,5,-66.60646853618839
10254,76.25,88.75,88.75,0.0,5,-66.79039425392949
10255,78.75,88.75,88.75,0.0,5,-66.97196725747455
10256,81.25,88.75,88.75,0.0,5,-67.15534558878298
10257,83.75,88.75,88.75,0.0,5,-67.3427543407551
10258,86.25,88.75,88.75,0.0,5,-67.53663223598745
10259,88.75,88.75,88.75,0.0,5,-67.72069219218704
10260,91.25,88.75,88.75,0.0,5,-67.90270700456608
10261,93.75,88.75,88.75,0.0,5,-68.08120518304445
10262,96.25,88.75,88.75,0.0,5,-68.26644138045843
10263,98.75,88.75,88.75,0.0,5,-68.44058834922483
10264,101.25,88.75,88.75,0.0,5,-68.60618507295877
10265,103.75,88.75,88.75,0.0,5,-68.76486969427931
10266,106.25,88.75,88.75,0.0,5,-68.92024200809333
10267,108.75,88.75,88.75,0.0,5,-69.07154086788724
10268,111.25,88.75,88.75,0.0,5,-69.20536642933425
10269,113.75,88.75,88.75,0.0,5,-69.32936250543061
10270,116.25,88.75,88.75,0.0,5,-69.4433626197498
10271,118.75,88.75,88.75,0.0,5,-69.55070162180287
10272,121.25,88.75,88.75,0.0,5,-69.64155612661462
10273,123.75,88.75,88.75,0.0,5,-69.71786127022801
10274,126.25,88.75,88.75,0.0,5,-69.78113798741008
10275,128.75,88.75,88.75,0.0,5,-69.83250340092737
10276,131.25,88.75,88.75,0.0,5,-69.86952990026886
10277,133.75,88.75,88.75,0.0,5,-69.89100991050647
10278,136.25,88.75,88.75,0.0,5,-69.89707002520166
10279,138.75,88.75,88.75,0.0,5,-69.88998046102871
10280,141.25,88.75,88.75,0.0,5,-69.86806589963247
10281,143.75,88.75,88.75,0.0,5,-69.83188166613267
10282,146.25,88.75,88.75,0.0,5,-69.78241527262331
10283,148.75,88.75,88.75,0.0,5,-69.72079392788436
10284,151.25,88.75,88.75,0.0,5,-69.64443222686559
10285,153.75,88.75,88.75,0.0,5,-69.55219486389686
10286,156.25,88.75,88.75,0.0,5,-69.45274546247116
10287,158.75,88.75,88.75,0.0,5,-69.34242092305001
10288,161.25,88.75,88.75,0.0,5,-69.22127449213669
10289,163.75,88.75,88.75,0.0,5,-69.08354241930745
10290,166.25,88.75,88.75,0.0,5,-68.93979852162393
10291,168.75,88.75,88.75,0.0,5,-68.79019287202775
10292,171.25,88.75,88.75,0.0,5,-68.63220001861512
10293,173.75,88.75,88.75,0.0,5,-68.4640737942626
10294,176.25,88.75,88.75,0.0,5,-68.28156932020738
10295,178.75,88.75,88.75,0.0,5,-68.10171838362274
10296,181.25,88.75,88.75,0.0,5,-67.91629641562008
10297,183.75,88.75,88.75,0.0,5,-67.72487284411217
10298,186.25,88.75,88.75,0.0,5,-67.51879646336236
10299,188.75,88.75,88.75,0.0,5,-67.31538136199447
10300,191.25,88.75,88.75,0.0,5,-67.11179816375687
10301,193.75,88.75,88.75,0.0,5,-66.90605534413318
10302,196.25,88.75,88.75,0.0,5,-66.6951544544489
10303,198.75,88.75,88.75,0.0,5,-66.4756024674604
10304,201.25,88.75,88.75,0.0,5,-66.2676142638234
10305,203.75,88.75,88.75,0.0,5,-66.06058103038828
10306,206.25,88.75,88.75,0.0,5,-65.85681250241633
10307,208.75,88.75,88.75,0.0,5,-65.64400945978979
10308,211.25,88.75,88.75,0.0,5,-65.4435159835796
10309,213.75,88.75,88.75,0.0,5,-65.25168795730728
10310,216.25,88.75,88.75,0.0,5,-65.0650393873999
10311,218.75,88.75,88.75,0.0,5,-64.88199427002675
10312,221.25,88.75,88.75,0.0,5,-64.70026619746832
10313,223.75,88.75,88.75,0.0,5,-64.53563184115202
10314,226.25,88.75,88.75,0.0,5,-64.37723086837659
10315,228.75,88.75,88.75,0.0,5,-64.22648309506381
10316,231.25,88.75,88.75,0.0,5,-64.0754452686354
10317,233.75,88.75,88.75,0.0,5,-63.93667617341932
10318,236.25,88.75,88.75,0.0,5,-63.80616877040857
10319,238.75,88.75,88.75,0.0,5,-63.68170025251669
10320,241.25,88.75,88.75,0.0,5,-63.55865831538314
10321,243.75,88.75,88.75,0.0,5,-63.435725887701146
10322,246.25,88.75,88.75,0.0,5,-63.32230666807721
10323,248.75,88.75,88.75,0.0,5,-63.210631202853435
10324,251.25,88.75,88.75,0.0,5,-63.1006885570416
10325,253.75,88.75,88.75,0.0,5,-62.98535883534621
10326,256.25,88.75,88.75,0.0,5,-62.87406922947619
10327,258.75,88.75,88.75,0.0,5,-62.765472690734185
10328,261.25,88.75,88.75,0.0,5,-62.656423431535835
10329,263.75,88.75,88.75,0.0,5,-62.54515314496316
10330,266.25,88.75,88.75,0.0,5,-62.42992274268755
10331,268.75,88.75,88.75,0.0,5,-62.32004216166974
10332,271.25,88.75,88.75,0.0,5,-62.21043724188158
10333,273.75,88.75,88.75,0.0,5,-62.10168358061689
10334,276.25,88.75,88.75,0.0,5,-61.986358132239715
10335,278.75,88.75,88.75,0.0,5,-61.87619371579396
10336,281.25,88.75,88.75,0.0,5,-61.769117781558606
10337,283.75,88.75,88.75,0.0,5,-61.662810313866025
10338,286.25,88.75,88.75,0.0,5,-61.55639559587524
10339,288.75,88.75,88.75,0.0,5,-61.44710112904527
10340,291.25,88.75,88.75,0.0,5,-61.34572127626442
10341,293.75,88.75,88.75,0.0,5,-61.245796406210566
10342,296.25,88.75,88.75,0.0,5,-61.1485447906618
10343,298.75,88.75,88.75,0.0,5,-61.049217749534414
10344,301.25,88.75,88.75,0.0,5,-60.957058074560855
10345,303.75,88.75,88.75,0.0,5,-60.871989387120635
10346,306.25,88.75,88.75,0.0,5,-60.791179503889495
10347,308.75,88.75,88.75,0.0,5,-60.715215135929824
10348,311.25,88.75,88.75,0.0,5,-60.645038760236915
10349,313.75,88.75,88.75,0.0,5,-60.5873901224828
10350,316.25,88.75,88.75,0.0,5,-60.53904199928276
10351,318.75,88.75,88.75,0.0,5,-60.50146706544866
10352,321.25,88.75,88.75,0.0,5,-60.47439716837286
10353,323.75,88.75,88.75,0.0,5,-60.46012936591603
10354,326.25,88.75,88.75,0.0,5,-60.461115249847374
10355,328.75,88.75,88.75,0.0,5,-60.47491237576181
10356,331.25,88.75,88.75,0.0,5,-60.50240682048117
10357,333.75,88.75,88.75,0.0,5,-60.54713651106239
10358,336.25,88.75,88.75,0.0,5,-60.60388465523242
10359,338.75,88.75,88.75,0.0,5,-60.67391340461683
10360,341.25,88.75,88.75,0.0,5,-60.75658538828572
10361,343.75,88.75,88.75,0.0,5,-60.85712418831389
10362,346.25,88.75,88.75,0.0,5,-60.96731922784326
10363,348.75,88.75,88.75,0.0,5,-61.08632000016087
10364,351.25,88.75,88.75,0.0,5,-61.21542448933981
10365,353.75,88.75,88.75,0.0,5,-61.355590362621484
10366,356.25,88.75,88.75,0.0,5,-61.509429144457535
10367,358.75,88.75,88.75,0.0,5,-61.6619101447119
