grid_cell_id,lon,lat,lat_abs,land_fraction,ocean_basin,tas_trend_forced
0,1.25,-88.75,88.75,1.0,0,1.2102909972310225
1,3.75,-88.75,88.75,1.0,0,1.2096626450211487
2,6.25,-88.75,88.75,1.0,0,1.2083857012349148
3,8.75,-88.75,88.75,1.0,0,1.2071018802462958
4,11.25,-88.75,88.75,1.0,0,1.2058612746138162
5,13.75,-88.75,88.75,1.0,0,1.2046006176947521
6,16.25,-88.75,88.75,1.0,0,1.2032954103208753
7,18.75,-88.75,88.75,1.0,0,1.2019403388048147
8,21.25,-88.75,88.75,1.0,0,1.2005624342264107
9,23.75,-88.75,88.75,1.0,0,1.1992504021714658
10,26.25,-88.75,88.75,1.0,0,1.1979440447023713
11,28.75,-88.75,88.75,1.0,0,1.1965783033659676
12,31.25,-88.75,88.75,1.0,0,1.1952463436869867
13,33.75,-88.75,88.75,1.0,0,1.1940340016824482
14,36.25,-88.75,88.75,1.0,0,1.1929458314790085
15,38.75,-88.75,88.75,1.0,0,1.1919054752392495
16,41.25,-88.75,88.75,1.0,0,1.1908069575441294
17,43.75,-88.75,88.75,1.0,0,1.1896065829165194
18,46.25,-88.75,88.75,1.0,0,1.188421341762751
19,48.75,-88.75,88.75,1.0,0,1.187356238129577
20,51.25,-88.75,88.75,1.0,0,1.1863567054807567
21,53.75,-88.75,88.75,1.0,0,1.185361712960066
22,56.25,-88.75,88.75,1.0,0,1.1845083625601702
23,58.75,-88.75,88.75,1.0,0,1.1838437404225328
24,61.25,-88.75,88.75,1.0,0,1.1832374740805431
25,63.75,-88.75,88.75,1.0,0,1.182622209565738
26,66.25,-88.75,88.75,1.0,0,1.1819484217835579
27,68.75,-88.75,88.75,1.0,0,1.1812580765745406
28,71.25,-88.75,88.75,1.0,0,1.1806346497677767
29,73.75,-88.75,88.75,1.0,0,1.1800303950613373
30,76.25,-88.75,88.75,1.0,0,1.1793020445716713
31,78.75,-88.75,88.75,1.0,0,1.1785007137836274
32,81.25,-88.75,88.75,1.0,0,1.1776618579501175
33,83.75,-88.75,88.75,1.0,0,1.1766418055076573
34,86.25,-88.75,88.75,1.0,0,1.1755400584670388
35,88.75,-88.75,88.75,1.0,0,1.1744598979622936
36,91.25,-88.75,88.75,1.0,0,1.1733511924150324
37,93.75,-88.75,88.75,1.0,0,1.1721351259312
38,96.25,-88.75,88.75,1.0,0,1.170841925330277
39,98.75,-88.75,88.75,1.0,0,1.1696668084240454
40,101.25,-88.75,88.75,1.0,0,1.1685293503754182
41,103.75,-88.75,88.75,1.0,0,1.167333807937174
42,106.25,-88.75,88.75,1.0,0,1.1660815592312679
43,108.75,-88.75,88.75,1.0,0,1.1646953881041795
44,111.25,-88.75,88.75,1.0,0,1.1631842042639993
45,113.75,-88.75,88.75,1.0,0,1.1616632421492759
46,116.25,-88.75,88.75,1.0,0,1.1601014013765056
47,118.75,-88.75,88.75,1.0,0,1.1584340593677311
48,121.25,-88.75,88.75,1.0,0,1.1567012853656604
49,123.75,-88.75,88.75,1.0,0,1.1549581845472694
50,126.25,-88.75,88.75,1.0,0,1.1532184652914763
51,128.75,-88.75,88.75,1.0,0,1.151522645794464
52,131.25,-88.75,88.75,1.0,0,1.150025622564638
53,133.75,-88.75,88.75,1.0,0,1.1488359150503598
54,136.25,-88.75,88.75,1.0,0,1.1478755001815715
55,138.75,-88.75,88.75,1.0,0,1.1470949974568554
56,141.25,-88.75,88.75,1.0,0,1.1464128052768539
57,143.75,-88.75,88.75,1.0,0,1.1458945116874508
58,146.25,-88.75,88.75,1.0,0,1.145516597396595
59,148.75,-88.75,88.75,1.0,0,1.1450309329713768
60,151.25,-88.75,88.75,1.0,0,1.1447038227722046
61,153.75,-88.75,88.75,1.0,0,1.1447775387317207
62,156.25,-88.75,88.75,1.0,0,1.1451504859530517
63,158.75,-88.75,88.75,1.0,0,1.145659112557473
64,161.25,-88.75,88.75,1.0,0,1.1462300346674315
65,163.75,-88.75,88.75,1.0,0,1.146905270792548
66,166.25,-88.75,88.75,1.0,0,1.1475916206871979
67,168.75,-88.75,88.75,1.0,0,1.148071540648171
68,171.25,-88.75,88.75,1.0,0,1.1482730048960565
69,173.75,-88.75,88.75,1.0,0,1.1483377681107716
70,176.25,-88.75,88.75,1.0,0,1.148349390710355
71,178.75,-88.75,88.75,1.0,0,1.1482999406798329
72,181.25,-88.75,88.75,1.0,0,1.1482469169026264
73,183.75,-88.75,88.75,1.0,0,1.1484270213651282
74,186.25,-88.75,88.75,1.0,0,1.1487793819639966
75,188.75,-88.75,88.75,1.0,0,1.149184681267493
76,191.25,-88.75,88.75,1.0,0,1.1498587348401714
77,193.75,-88.75,88.75,1.0,0,1.150841806856139
78,196.25,-88.75,88.75,1.0,0,1.1520328792260202
79,198.75,-88.75,88.75,1.0,0,1.1533822364579362
80,201.25,-88.75,88.75,1.0,0,1.1547321464499931
81,203.75,-88.75,88.75,1.0,0,1.155830954204638
82,206.25,-88.75,88.75,1.0,0,1.1567051673551652
83,208.75,-88.75,88.75,1.0,0,1.1575095650279663
84,211.25,-88.75,88.75,1.0,0,1.1581870439455644
85,213.75,-88.75,88.75,1.0,0,1.1587376244944654
86,216.25,-88.75,88.75,1.0,0,1.1592982584183709
87,218.75,-88.75,88.75,1.0,0,1.159890249878031
88,221.25,-88.75,88.75,1.0,0,1.1605568470293777
89,223.75,-88.75,88.75,1.0,0,1.1612927171956828
90,226.25,-88.75,88.75,1.0,0,1.1620794636091833
91,228.75,-88.75,88.75,1.0,0,1.1630224573008632
92,231.25,-88.75,88.75,1.0,0,1.1641367996231924
93,233.75,-88.75,88.75,1.0,0,1.1653668008602711
94,236.25,-88.75,88.75,1.0,0,1.1667337279330348
95,238.75,-88.75,88.75,1.0,0,1.1682819176576675
96,241.25,-88.75,88.75,1.0,0,1.1700313368863124
97,243.75,-88.75,88.75,1.0,0,1.171988257936196
98,246.25,-88.75,88.75,1.0,0,1.1741249814459844
99,248.75,-88.75,88.75,1.0,0,1.1765315710996442
100,251.25,-88.75,88.75,1.0,0,1.1791924392103528
101,253.75,-88.75,88.75,1.0,0,1.1821041093090496
102,256.25,-88.75,88.75,1.0,0,1.1851340249116165
103,258.75,-88.75,88.75,1.0,0,1.1879702388212758
104,261.25,-88.75,88.75,1.0,0,1.1907245133937927
105,263.75,-88.75,88.75,1.0,0,1.1935830203816562
106,266.25,-88.75,88.75,1.0,0,1.196572158452718
107,268.75,-88.75,88.75,1.0,0,1.1997046122535149
108,271.25,-88.75,88.75,1.0,0,1.202893579069867
109,273.75,-88.75,88.75,1.0,0,1.2059634373642383
110,276.25,-88.75,88.75,1.0,0,1.2088993208370273
111,278.75,-88.75,88.75,1.0,0,1.2116357888634106
112,281.25,-88.75,88.75,1.0,0,1.2140163474379684
113,283.75,-88.75,88.75,1.0,0,1.2161451883574939
114,286.25,-88.75,88.75,1.0,0,1.2180995672387054
115,288.75,-88.75,88.75,1.0,0,1.219803430564201
116,291.25,-88.75,88.75,1.0,0,1.2212901149808928
117,293.75,-88.75,88.75,1.0,0,1.2225851580260563
118,296.25,-88.75,88.75,1.0,0,1.2236239064042436
119,298.75,-88.75,88.75,1.0,0,1.224436631066549
120,301.25,-88.75,88.75,1.0,0,1.2250558363458357
121,303.75,-88.75,88.75,1.0,0,1.2255154350919604
122,306.25,-88.75,88.75,1.0,0,1.2258896147807936
123,308.75,-88.75,88.75,1.0,0,1.2261725105634953
124,311.25,-88.75,88.75,1.0,0,1.2263459871235343
125,313.75,-88.75,88.75,1.0,0,1.2264204268078287
126,316.25,-88.75,88.75,1.0,0,1.2264512981167088
127,318.75,-88.75,88.75,1.0,0,1.2264968918037682
128,321.25,-88.75,88.75,1.0,0,1.2264053252001001
129,323.75,-88.75,88.75,1.0,0,1.2260642304938336
130,326.25,-88.75,88.75,1.0,0,1.225576983389597
131,328.75,-88.75,88.75,1.0,0,1.2250505318273612
132,331.25,-88.75,88.75,1.0,0,1.22442531109426
133,333.75,-88.75,88.75,1.0,0,1.2236690891299813
134,336.25,-88.75,88.75,1.0,0,1.222911301991555
135,338.75,-88.75,88.75,1.0,0,1.22208379033891
136,341.25,-88.75,88.75,1.0,0,1.2211246030878458
137,343.75,-88.75,88.75,1.0,0,1.2200254439999267
138,346.25,-88.75,88.75,1.0,0,1.2187761189089061
139,348.75,-88.75,88.75,1.0,0,1.2174290038582087
140,351.25,-88.75,88.75,1.0,0,1.2160232348850553
141,353.75,-88.75,88.75,1.0,0,1.2146372229877618
142,356.25,-88.75,88.75,1.0,0,1.2133176777516566
143,358.75,-88.75,88.75,1.0,0,1.211489546482645
144,1.25,-86.25,86.25,1.0,0,1.2134457154076863
145,3.75,-86.25,86.25,1.0,0,1.213383288232782
146,6.25,-86.25,86.25,1.0,0,1.210708620208688
147,8.75,-86.25,86.25,1.0,0,1.206564273939972
148,11.25,-86.25,86.25,1.0,0,1.2014996167727892
149,13.75,-86.25,86.25,1.0,0,1.1956816268174415
150,16.25,-86.25,86.25,1.0,0,1.1896179027275955
151,18.75,-86.25,86.25,1.0,0,1.18339719440204
152,21.25,-86.25,86.25,1.0,0,1.1768319295512268
153,23.75,-86.25,86.25,1.0,0,1.1703927372639555
154,26.25,-86.25,86.25,1.0,0,1.1644203132685498
155,28.75,-86.25,86.25,1.0,0,1.1585437233025053
156,31.25,-86.25,86.25,1.0,0,1.1526122626346909
157,33.75,-86.25,86.25,1.0,0,1.1471438973200543
158,36.25,-86.25,86.25,1.0,0,1.14202796646595
159,38.75,-86.25,86.25,1.0,0,1.1373923699867503
160,41.25,-86.25,86.25,1.0,0,1.1336835737338837
161,43.75,-86.25,86.25,1.0,0,1.130744032986784
162,46.25,-86.25,86.25,1.0,0,1.1280456671424994
163,48.75,-86.25,86.25,1.0,0,1.125718154948322
164,51.25,-86.25,86.25,1.0,0,1.1243892804112832
165,53.75,-86.25,86.25,1.0,0,1.1238676569879735
166,56.25,-86.25,86.25,1.0,0,1.1234434236059974
167,58.75,-86.25,86.25,1.0,0,1.1234655701498015
168,61.25,-86.25,86.25,1.0,0,1.123946946366501
169,63.75,-86.25,86.25,1.0,0,1.1252724391730102
170,66.25,-86.25,86.25,1.0,0,1.127492865645257
171,68.75,-86.25,86.25,1.0,0,1.130824816660194
172,71.25,-86.25,86.25,1.0,0,1.1352749967292668
173,73.75,-86.25,86.25,1.0,0,1.1409859330034406
174,76.25,-86.25,86.25,1.0,0,1.1474826968871759
175,78.75,-86.25,86.25,1.0,0,1.1544264477246007
176,81.25,-86.25,86.25,1.0,0,1.1617832671846577
177,83.75,-86.25,86.25,1.0,0,1.1690869199872322
178,86.25,-86.25,86.25,1.0,0,1.175460501410502
179,88.75,-86.25,86.25,1.0,0,1.1812908270905664
180,91.25,-86.25,86.25,1.0,0,1.1864334407542456
181,93.75,-86.25,86.25,1.0,0,1.190900261153096
182,96.25,-86.25,86.25,1.0,0,1.1947249353800737
183,98.75,-86.25,86.25,1.0,0,1.1981394451531835
184,101.25,-86.25,86.25,1.0,0,1.2015390722771704
185,103.75,-86.25,86.25,1.0,0,1.2046171878035539
186,106.25,-86.25,86.25,1.0,0,1.207221879286347
187,108.75,-86.25,86.25,1.0,0,1.2095682429045995
188,111.25,-86.25,86.25,1.0,0,1.2120461354659575
189,113.75,-86.25,86.25,1.0,0,1.2141568426810636
190,116.25,-86.25,86.25,1.0,0,1.213554696296683
191,118.75,-86.25,86.25,1.0,0,1.208430710483803
192,121.25,-86.25,86.25,1.0,0,1.1980010999993282
193,123.75,-86.25,86.25,1.0,0,1.1808743687708778
194,126.25,-86.25,86.25,1.0,0,1.1613235113380636
195,128.75,-86.25,86.25,1.0,0,1.1416731598072434
196,131.25,-86.25,86.25,1.0,0,1.1233991741327778
197,133.75,-86.25,86.25,1.0,0,1.106369926092234
198,136.25,-86.25,86.25,1.0,0,1.0921985378431511
199,138.75,-86.25,86.25,1.0,0,1.079996041003288
200,141.25,-86.25,86.25,1.0,0,1.0678847541272865
201,143.75,-86.25,86.25,1.0,0,1.0554140778509051
202,146.25,-86.25,86.25,1.0,0,1.0409406256013036
203,148.75,-86.25,86.25,1.0,0,1.0244273697506407
204,151.25,-86.25,86.25,1.0,0,1.005392446988842
205,153.75,-86.25,86.25,1.0,0,0.9853927363995758
206,156.25,-86.25,86.25,1.0,0,0.9635074225667395
207,158.75,-86.25,86.25,1.0,0,0.9456889034152957
208,161.25,-86.25,86.25,1.0,0,0.9313926909763575
209,163.75,-86.25,86.25,1.0,0,0.9180710072182495
210,166.25,-86.25,86.25,1.0,0,0.9058160489063811
211,168.75,-86.25,86.25,1.0,0,0.8946839109815268
212,171.25,-86.25,86.25,1.0,0,0.8873531003668433
213,173.75,-86.25,86.25,1.0,0,0.8858514294406079
214,176.25,-86.25,86.25,1.0,0,0.8865936186821615
215,178.75,-86.25,86.25,1.0,0,0.8856024058153478
216,181.25,-86.25,86.25,1.0,0,0.8846009437890663
217,183.75,-86.25,86.25,1.0,0,0.8932048269949258
218,186.25,-86.25,86.25,1.0,0,0.9070777824015684
219,188.75,-86.25,86.25,1.0,0,0.9188145030979582
220,191.25,-86.25,86.25,1.0,0,0.9313252951735526
221,193.75,-86.25,86.25,1.0,0,0.9419967450874711
222,196.25,-86.25,86.25,1.0,0,0.9501151441830062
223,198.75,-86.25,86.25,1.0,0,0.9584610227866731
224,201.25,-86.25,86.25,1.0,0,0.970449279211083
225,203.75,-86.25,86.25,1.0,0,0.9873901264157235
226,206.25,-86.25,86.25,1.0,0,0.9940393300341829
227,208.75,-86.25,86.25,1.0,0,0.9893690477101138
228,211.25,-86.25,86.25,1.0,0,0.9842465934789631
229,213.75,-86.25,86.25,1.0,0,0.9817939733898252
230,216.25,-86.25,86.25,1.0,0,0.9772809174745063
231,218.75,-86.25,86.25,1.0,0,0.9742572611780743
232,221.25,-86.25,86.25,1.0,0,0.9733263300720606
233,223.75,-86.25,86.25,1.0,0,0.9716424924542807
234,226.25,-86.25,86.25,1.0,0,0.9708437007987657
235,228.75,-86.25,86.25,1.0,0,0.9680463802360709
236,231.25,-86.25,86.25,1.0,0,0.9668353294269882
237,233.75,-86.25,86.25,1.0,0,0.9671753292394931
238,236.25,-86.25,86.25,1.0,0,0.9697580995855382
239,238.75,-86.25,86.25,1.0,0,0.9751314660463708
240,241.25,-86.25,86.25,1.0,0,0.983030410405738
241,243.75,-86.25,86.25,1.0,0,0.9936500055329825
242,246.25,-86.25,86.25,1.0,0,1.0071766598187086
243,248.75,-86.25,86.25,1.0,0,1.0229615506706828
244,251.25,-86.25,86.25,1.0,0,1.0402918293402577
245,253.75,-86.25,86.25,1.0,0,1.0593147080691325
246,256.25,-86.25,86.25,1.0,0,1.0792245819062716
247,258.75,-86.25,86.25,1.0,0,1.1027412141040458
248,261.25,-86.25,86.25,1.0,0,1.1250987932470087
249,263.75,-86.25,86.25,1.0,0,1.1427843979378152
250,266.25,-86.25,86.25,1.0,0,1.15681613889537
251,268.75,-86.25,86.25,1.0,0,1.1660154152614755
252,271.25,-86.25,86.25,1.0,0,1.169580063222015
253,273.75,-86.25,86.25,1.0,0,1.1697827826682037
254,276.25,-86.25,86.25,1.0,0,1.1669753552016213
255,278.75,-86.25,86.25,1.0,0,1.164160477009842
256,281.25,-86.25,86.25,1.0,0,1.165307755294983
257,283.75,-86.25,86.25,1.0,0,1.1708108795302548
258,286.25,-86.25,86.25,1.0,0,1.1751155396066268
259,288.75,-86.25,86.25,1.0,0,1.175666258864461
260,291.25,-86.25,86.25,1.0,0,1.176131547377179
261,293.75,-86.25,86.25,1.0,0,1.1755860447440418
262,296.25,-86.25,86.25,1.0,0,1.1904107905144206
263,298.75,-86.25,86.25,1.0,0,1.202325488509678
264,301.25,-86.25,86.25,1.0,0,1.2044837369524464
265,303.75,-86.25,86.25,1.0,0,1.2053179752562222
266,306.25,-86.25,86.25,1.0,0,1.2061337071886735
267,308.75,-86.25,86.25,1.0,0,1.2066224660120535
268,311.25,-86.25,86.25,1.0,0,1.2065946344238174
269,313.75,-86.25,86.25,1.0,0,1.2053850807979902
270,316.25,-86.25,86.25,1.0,0,1.2028545993539204
271,318.75,-86.25,86.25,1.0,0,1.1992390769598074
272,321.25,-86.25,86.25,1.0,0,1.1945032321687221
273,323.75,-86.25,86.25,1.0,0,1.1892170483099072
274,326.25,-86.25,86.25,1.0,0,1.1837681657028478
275,328.75,-86.25,86.25,1.0,0,1.178548434876137
276,331.25,-86.25,86.25,1.0,0,1.1747345952476544
277,333.75,-86.25,86.25,1.0,0,1.1723952099180182
278,336.25,-86.25,86.25,1.0,0,1.1712735148265403
279,338.75,-86.25,86.25,1.0,0,1.17166303133718
280,341.25,-86.25,86.25,1.0,0,1.173744255024608
281,343.75,-86.25,86.25,1.0,0,1.1776152052522557
282,346.25,-86.25,86.25,1.0,0,1.1828660367244335
283,348.75,-86.25,86.25,1.0,0,1.1892271345854588
284,351.25,-86.25,86.25,1.0,0,1.1961655403127354
285,353.75,-86.25,86.25,1.0,0,1.202269914671156
286,356.25,-86.25,86.25,1.0,0,1.2076572815184083
287,358.75,-86.25,86.25,1.0,0,1.2117944641457528
288,1.25,-83.75,83.75,1.0,0,1.209709115375538
289,3.75,-83.75,83.75,1.0,0,1.2120051053901468
290,6.25,-83.75,83.75,1.0,0,1.2148286618308175
291,8.75,-83.75,83.75,1.0,0,1.2160323689590393
292,11.25,-83.75,83.75,1.0,0,1.2143387919320776
293,13.75,-83.75,83.75,1.0,0,1.2084381160026507
294,16.25,-83.75,83.75,1.0,0,1.1990583842236489
295,18.75,-83.75,83.75,1.0,0,1.1869887315025385
296,21.25,-83.75,83.75,1.0,0,1.1730134270456019
297,23.75,-83.75,83.75,1.0,0,1.158791713213707
298,26.25,-83.75,83.75,1.0,0,1.1452603519796882
299,28.75,-83.75,83.75,1.0,0,1.1324906109929722
300,31.25,-83.75,83.75,1.0,0,1.120621443295129
301,33.75,-83.75,83.75,1.0,0,1.110233447969474
302,36.25,-83.75,83.75,1.0,0,1.101831903798036
303,38.75,-83.75,83.75,1.0,0,1.0944071769107921
304,41.25,-83.75,83.75,1.0,0,1.0878824941898912
305,43.75,-83.75,83.75,1.0,0,1.0825597963427585
306,46.25,-83.75,83.75,1.0,0,1.0782533834825274
307,48.75,-83.75,83.75,1.0,0,1.0753079766506455
308,51.25,-83.75,83.75,1.0,0,1.0725589992346143
309,53.75,-83.75,83.75,1.0,0,1.067569366733987
310,56.25,-83.75,83.75,1.0,0,1.0599116967918665
311,58.75,-83.75,83.75,1.0,0,1.0498842163703561
312,61.25,-83.75,83.75,1.0,0,1.0376764696693856
313,63.75,-83.75,83.75,1.0,0,1.0254838197465224
314,66.25,-83.75,83.75,1.0,0,1.0154114698799555
315,68.75,-83.75,83.75,1.0,0,1.0081085492053006
316,71.25,-83.75,83.75,1.0,0,1.0043142088690118
317,73.75,-83.75,83.75,1.0,0,1.0046467476925272
318,76.25,-83.75,83.75,1.0,0,1.0085434763340708
319,78.75,-83.75,83.75,1.0,0,1.014972187942219
320,81.25,-83.75,83.75,1.0,0,1.023668547024078
321,83.75,-83.75,83.75,1.0,0,1.034227014480975
322,86.25,-83.75,83.75,1.0,0,1.0460162566065676
323,88.75,-83.75,83.75,1.0,0,1.058630546752925
324,91.25,-83.75,83.75,1.0,0,1.0715013754252956
325,93.75,-83.75,83.75,1.0,0,1.0841408069656084
326,96.25,-83.75,83.75,1.0,0,1.0961949538280942
327,98.75,-83.75,83.75,1.0,0,1.107528082388749
328,101.25,-83.75,83.75,1.0,0,1.1178489552588748
329,103.75,-83.75,83.75,1.0,0,1.1271330671845103
330,106.25,-83.75,83.75,1.0,0,1.1362287137030027
331,108.75,-83.75,83.75,1.0,0,1.1459296469425524
332,111.25,-83.75,83.75,1.0,0,1.1563762257547363
333,113.75,-83.75,83.75,1.0,0,1.16653381805142
334,116.25,-83.75,83.75,1.0,0,1.1752658944083743
335,118.75,-83.75,83.75,1.0,0,1.1816001782270635
336,121.25,-83.75,83.75,1.0,0,1.18509484601905
337,123.75,-83.75,83.75,1.0,0,1.1860230272422758
338,126.25,-83.75,83.75,1.0,0,1.1845612500869147
339,128.75,-83.75,83.75,1.0,0,1.1799434689465875
340,131.25,-83.75,83.75,1.0,0,1.1714900297863882
341,133.75,-83.75,83.75,1.0,0,1.158921427696183
342,136.25,-83.75,83.75,1.0,0,1.1414485503649672
343,138.75,-83.75,83.75,1.0,0,1.118807901284018
344,141.25,-83.75,83.75,1.0,0,1.0905422577140067
345,143.75,-83.75,83.75,1.0,0,1.057502712981701
346,146.25,-83.75,83.75,1.0,0,1.0236598634081948
347,148.75,-83.75,83.75,1.0,0,0.9924885253337964
348,151.25,-83.75,83.75,1.0,0,0.9679280800546823
349,153.75,-83.75,83.75,1.0,0,0.9524442670196468
350,156.25,-83.75,83.75,1.0,0,0.9430717220628623
351,158.75,-83.75,83.75,1.0,0,0.9431030440313652
352,161.25,-83.75,83.75,1.0,0,0.9565549134389925
353,163.75,-83.75,83.75,1.0,0,0.9731571854625631
354,166.25,-83.75,83.75,1.0,0,0.9887980096488925
355,168.75,-83.75,83.75,1.0,0,1.005515158906958
356,171.25,-83.75,83.75,1.0,0,1.022029437831723
357,173.75,-83.75,83.75,1.0,0,1.0419289144233312
358,176.25,-83.75,83.75,1.0,0,1.0623703181549369
359,178.75,-83.75,83.75,1.0,0,1.0777636367492653
360,181.25,-83.75,83.75,1.0,0,1.1003220124631516
361,183.75,-83.75,83.75,1.0,0,1.1294714062994893
362,186.25,-83.75,83.75,1.0,0,1.1583228463597872
363,188.75,-83.75,83.75,1.0,0,1.188598787091022
364,191.25,-83.75,83.75,1.0,0,1.2213508162136293
365,193.75,-83.75,83.75,1.0,0,1.2538774720342767
366,196.25,-83.75,83.75,1.0,0,1.2800809987400215
367,198.75,-83.75,83.75,1.0,0,1.2982210579831728
368,201.25,-83.75,83.75,1.0,0,1.3079301211380652
369,203.75,-83.75,83.75,1.0,0,1.3099788475053307
370,206.25,-83.75,83.75,1.0,0,1.3037281985104352
371,208.75,-83.75,83.75,1.0,0,1.287783641403224
372,211.25,-83.75,83.75,1.0,0,1.264673933096192
373,213.75,-83.75,83.75,1.0,0,1.2360659739663462
374,216.25,-83.75,83.75,1.0,0,1.2055102212979505
375,218.75,-83.75,83.75,1.0,0,1.1758826080385838
376,221.25,-83.75,83.75,1.0,0,1.1463738490641764
377,223.75,-83.75,83.75,1.0,0,1.1166084778095695
378,226.25,-83.75,83.75,1.0,0,1.0863714362490597
379,228.75,-83.75,83.75,1.0,0,1.054492463531793
380,231.25,-83.75,83.75,1.0,0,1.0207833227475551
381,233.75,-83.75,83.75,1.0,0,0.9877595268529681
382,236.25,-83.75,83.75,1.0,0,0.9574749884180741
383,238.75,-83.75,83.75,1.0,0,0.929817681519967
384,241.25,-83.75,83.75,1.0,0,0.9059950996310291
385,243.75,-83.75,83.75,1.0,0,0.8884565146351112
386,246.25,-83.75,83.75,1.0,0,0.8782768794065039
387,248.75,-83.75,83.75,1.0,0,0.8736045315888542
388,251.25,-83.75,83.75,1.0,0,0.873448971131496
389,253.75,-83.75,83.75,1.0,0,0.8796175873135353
390,256.25,-83.75,83.75,1.0,0,0.8949066613143455
391,258.75,-83.75,83.75,1.0,0,0.9195198314848168
392,261.25,-83.75,83.75,1.0,0,0.9495895992129568
393,263.75,-83.75,83.75,1.0,0,0.9807326172690222
394,266.25,-83.75,83.75,1.0,0,1.0143886741442187
395,268.75,-83.75,83.75,1.0,0,1.0528001752350982
396,271.25,-83.75,83.75,1.0,0,1.0919714103265727
397,273.75,-83.75,83.75,1.0,0,1.1266909790877888
398,276.25,-83.75,83.75,1.0,0,1.1524474823523374
399,278.75,-83.75,83.75,1.0,0,1.1722153983093748
400,281.25,-83.75,83.75,1.0,0,1.1900038087152147
401,283.75,-83.75,83.75,1.0,0,1.1964866720292269
402,286.25,-83.75,83.75,1.0,0,1.198952478783763
403,288.75,-83.75,83.75,1.0,0,1.2003900203783182
404,291.25,-83.75,83.75,1.0,0,1.205085946538393
405,293.75,-83.75,83.75,1.0,0,1.2151937555538161
406,296.25,-83.75,83.75,1.0,0,1.2156516052441015
407,298.75,-83.75,83.75,1.0,0,1.2043101684885
408,301.25,-83.75,83.75,1.0,0,1.1807260219975746
409,303.75,-83.75,83.75,1.0,0,1.1589137180118112
410,306.25,-83.75,83.75,1.0,0,1.1486913594172494
411,308.75,-83.75,83.75,1.0,0,1.1428425271643425
412,311.25,-83.75,83.75,1.0,0,1.1356924956279244
413,313.75,-83.75,83.75,1.0,0,1.12928354887409
414,316.25,-83.75,83.75,1.0,0,1.1244492601627651
415,318.75,-83.75,83.75,1.0,0,1.119992763523939
416,321.25,-83.75,83.75,1.0,0,1.119985220995592
417,323.75,-83.75,83.75,1.0,0,1.132251330014552
418,326.25,-83.75,83.75,1.0,0,1.1455108256809063
419,328.75,-83.75,83.75,1.0,0,1.1542978021808603
420,331.25,-83.75,83.75,1.0,0,1.1630860794078932
421,333.75,-83.75,83.75,1.0,0,1.1717255691568056
422,336.25,-83.75,83.75,1.0,0,1.1834574857750633
423,338.75,-83.75,83.75,1.0,0,1.1949727530302288
424,341.25,-83.75,83.75,1.0,0,1.2007678863192044
425,343.75,-83.75,83.75,1.0,0,1.2010307044505502
426,346.25,-83.75,83.75,1.0,0,1.1983953904482902
427,348.75,-83.75,83.75,1.0,0,1.1947949496045274
428,351.25,-83.75,83.75,1.0,0,1.191546844311413
429,353.75,-83.75,83.75,1.0,0,1.1945160647535393
430,356.25,-83.75,83.75,1.0,0,1.2002412145825614
431,358.75,-83.75,83.75,1.0,0,1.2052760469510677
432,1.25,-81.25,81.25,1.0,0,1.1099883442183862
433,3.75,-81.25,81.25,1.0,0,1.1082155054404987
434,6.25,-81.25,81.25,1.0,0,1.106477356000398
435,8.75,-81.25,81.25,1.0,0,1.1052209475915657
436,11.25,-81.25,81.25,1.0,0,1.1048606152861464
437,13.75,-81.25,81.25,1.0,0,1.105442370704907
438,16.25,-81.25,81.25,1.0,0,1.1063185944296798
439,18.75,-81.25,81.25,1.0,0,1.1060923589694067
440,21.25,-81.25,81.25,1.0,0,1.1039730036452173
441,23.75,-81.25,81.25,1.0,0,1.1001844487678836
442,26.25,-81.25,81.25,1.0,0,1.0941947112576789
443,28.75,-81.25,81.25,1.0,0,1.0868677727179985
444,31.25,-81.25,81.25,1.0,0,1.080357250976892
445,33.75,-81.25,81.25,1.0,0,1.07416194323284
446,36.25,-81.25,81.25,1.0,0,1.0682526413340214
447,38.75,-81.25,81.25,1.0,0,1.062718228467416
448,41.25,-81.25,81.25,1.0,0,1.0580288602239234
449,43.75,-81.25,81.25,1.0,0,1.0558620771245624
450,46.25,-81.25,81.25,1.0,0,1.056054439587754
451,48.75,-81.25,81.25,1.0,0,1.0561534650981
452,51.25,-81.25,81.25,1.0,0,1.0530015256543332
453,53.75,-81.25,81.25,1.0,0,1.0451202157009658
454,56.25,-81.25,81.25,1.0,0,1.0323377156753935
455,58.75,-81.25,81.25,1.0,0,1.015371496866983
456,61.25,-81.25,81.25,1.0,0,0.9974623439680753
457,63.75,-81.25,81.25,1.0,0,0.9804867266453274
458,66.25,-81.25,81.25,1.0,0,0.9656386950841054
459,68.75,-81.25,81.25,1.0,0,0.9542993711644809
460,71.25,-81.25,81.25,1.0,0,0.9449519298043083
461,73.75,-81.25,81.25,1.0,0,0.9378395884542318
462,76.25,-81.25,81.25,1.0,0,0.9344163782119348
463,78.75,-81.25,81.25,1.0,0,0.9357999817191043
464,81.25,-81.25,81.25,1.0,0,0.943249982697393
465,83.75,-81.25,81.25,1.0,0,0.9554147463074847
466,86.25,-81.25,81.25,1.0,0,0.9706963000808496
467,88.75,-81.25,81.25,1.0,0,0.9882750433350185
468,91.25,-81.25,81.25,1.0,0,1.0067208302275714
469,93.75,-81.25,81.25,1.0,0,1.024548650125385
470,96.25,-81.25,81.25,1.0,0,1.0412692275831497
471,98.75,-81.25,81.25,1.0,0,1.0572125080979724
472,101.25,-81.25,81.25,1.0,0,1.0726797599512827
473,103.75,-81.25,81.25,1.0,0,1.0875960012647106
474,106.25,-81.25,81.25,1.0,0,1.101079316108581
475,108.75,-81.25,81.25,1.0,0,1.1131504948026127
476,111.25,-81.25,81.25,1.0,0,1.124524051999825
477,113.75,-81.25,81.25,1.0,0,1.1354279669030782
478,116.25,-81.25,81.25,1.0,0,1.1464653495779153
479,118.75,-81.25,81.25,1.0,0,1.1577395093501912
480,121.25,-81.25,81.25,1.0,0,1.167275936071136
481,123.75,-81.25,81.25,1.0,0,1.1728880815989993
482,126.25,-81.25,81.25,1.0,0,1.1741316576178087
483,128.75,-81.25,81.25,1.0,0,1.172387899030235
484,131.25,-81.25,81.25,1.0,0,1.1690828436641598
485,133.75,-81.25,81.25,1.0,0,1.164132372349724
486,136.25,-81.25,81.25,1.0,0,1.1589079993682463
487,138.75,-81.25,81.25,1.0,0,1.1530223127292547
488,141.25,-81.25,81.25,1.0,0,1.1424370453360098
489,143.75,-81.25,81.25,1.0,0,1.123740139393049
490,146.25,-81.25,81.25,1.0,0,1.0963882177112783
491,148.75,-81.25,81.25,1.0,0,1.0611160651015752
492,151.25,-81.25,81.25,1.0,0,1.0278259353180275
493,153.75,-81.25,81.25,1.0,0,1.01007357741286
494,156.25,-81.25,81.25,1.0,0,1.0063703999599967
495,158.75,-81.25,81.25,1.0,0,1.009248166525492
496,161.25,-81.25,81.25,1.0,0,1.0338689985811658
497,163.75,-81.25,81.25,1.0,0,1.0895008400721398
498,166.25,-81.25,81.25,1.0,0,1.1532310756397304
499,168.75,-81.25,81.25,1.0,0,1.2163305628459549
500,171.25,-81.25,81.25,1.0,0,1.2708360171957724
501,173.75,-81.25,81.25,1.0,0,1.3090722684017404
502,176.25,-81.25,81.25,1.0,0,1.32793143778871
503,178.75,-81.25,81.25,1.0,0,1.334619480352016
504,181.25,-81.25,81.25,1.0,0,1.3366127091740323
505,183.75,-81.25,81.25,1.0,0,1.3405909031846253
506,186.25,-81.25,81.25,1.0,0,1.3507258924608396
507,188.75,-81.25,81.25,1.0,0,1.3646822148117523
508,191.25,-81.25,81.25,1.0,0,1.3814103788958876
509,193.75,-81.25,81.25,1.0,0,1.3977484422730309
510,196.25,-81.25,81.25,1.0,0,1.4046283646528952
511,198.75,-81.25,81.25,1.0,0,1.3914502440570768
512,201.25,-81.25,81.25,1.0,0,1.3569857322425303
513,203.75,-81.25,81.25,1.0,0,1.310526485409693
514,206.25,-81.25,81.25,1.0,0,1.2656602308707041
515,208.75,-81.25,81.25,1.0,0,1.229081672703902
516,211.25,-81.25,81.25,1.0,0,1.2041757916461067
517,213.75,-81.25,81.25,1.0,0,1.1869414287400504
518,216.25,-81.25,81.25,1.0,0,1.166105567121338
519,218.75,-81.25,81.25,1.0,0,1.1372603420071883
520,221.25,-81.25,81.25,1.0,0,1.1006543176040906
521,223.75,-81.25,81.25,1.0,0,1.057734886877064
522,226.25,-81.25,81.25,1.0,0,1.0171058441373524
523,228.75,-81.25,81.25,1.0,0,0.9857075966989227
524,231.25,-81.25,81.25,1.0,0,0.9631443959695796
525,233.75,-81.25,81.25,1.0,0,0.9472250393470004
526,236.25,-81.25,81.25,1.0,0,0.9347213290912999
527,238.75,-81.25,81.25,1.0,0,0.9255591634574829
528,241.25,-81.25,81.25,1.0,0,0.9144814587135126
529,243.75,-81.25,81.25,1.0,0,0.896315291419554
530,246.25,-81.25,81.25,1.0,0,0.8767701922278432
531,248.75,-81.25,81.25,1.0,0,0.8623342214361855
532,251.25,-81.25,81.25,1.0,0,0.8523270336279328
533,253.75,-81.25,81.25,1.0,0,0.8439311774161685
534,256.25,-81.25,81.25,1.0,0,0.8387561795086498
535,258.75,-81.25,81.25,1.0,0,0.8371659163550588
536,261.25,-81.25,81.25,1.0,0,0.8387407670048329
537,263.75,-81.25,81.25,1.0,0,0.849553982997649
538,266.25,-81.25,81.25,1.0,0,0.8740388452211113
539,268.75,-81.25,81.25,1.0,0,0.910737647267701
540,271.25,-81.25,81.25,1.0,0,0.958110351192418
541,273.75,-81.25,81.25,1.0,0,1.0110784976174367
542,276.25,-81.25,81.25,1.0,0,1.0635905853901386
543,278.75,-81.25,81.25,1.0,0,1.1120423633021113
544,281.25,-81.25,81.25,1.0,0,1.1515363094842572
545,283.75,-81.25,81.25,1.0,0,1.187543354600738
546,286.25,-81.25,81.25,1.0,0,1.2198333492953586
547,288.75,-81.25,81.25,1.0,0,1.23863737193298
548,291.25,-81.25,81.25,1.0,0,1.2855794341431177
549,293.75,-81.25,81.25,1.0,0,1.3492747841048205
550,296.25,-81.25,81.25,1.0,0,1.3764833331156652
551,298.75,-81.25,81.25,1.0,0,1.3836959648067628
552,301.25,-81.25,81.25,1.0,0,1.3816904392597442
553,303.75,-81.25,81.25,1.0,0,1.3693954990817103
554,306.25,-81.25,81.25,1.0,0,1.3475436798627627
555,308.75,-81.25,81.25,1.0,0,1.3076658419012173
556,311.25,-81.25,81.25,1.0,0,1.2607778492597566
557,313.75,-81.25,81.25,1.0,0,1.2316635477492712
558,316.25,-81.25,81.25,1.0,0,1.211691081703826
559,318.75,-81.25,81.25,1.0,0,1.1771471917504763
560,321.25,-81.25,81.25,1.0,0,1.1444112343249018
561,323.75,-81.25,81.25,1.0,0,1.1286668342564563
562,326.25,-81.25,81.25,1.0,0,1.1239919125786695
563,328.75,-81.25,81.25,1.0,0,1.121583571236047
564,331.25,-81.25,81.25,1.0,0,1.11704168580735
565,333.75,-81.25,81.25,1.0,0,1.1121300758730104
566,336.25,-81.25,81.25,1.0,0,1.10646671921495
567,338.75,-81.25,81.25,1.0,0,1.099452122577896
568,341.25,-81.25,81.25,1.0,0,1.0912105881359129
569,343.75,-81.25,81.25,1.0,0,1.0908531111387885
570,346.25,-81.25,81.25,1.0,0,1.0991143191693051
571,348.75,-81.25,81.25,1.0,0,1.1040950085172077
572,351.25,-81.25,81.25,1.0,0,1.1074314704071353
573,353.75,-81.25,81.25,1.0,0,1.1113254129806622
574,356.25,-81.25,81.25,1.0,0,1.1132048488152853
575,358.75,-81.25,81.25,1.0,0,1.1130236075910882
576,1.25,-78.75,78.75,1.0,0,1.0589887871059536
577,3.75,-78.75,78.75,1.0,0,1.0569566032333277
578,6.25,-78.75,78.75,1.0,0,1.052702469501634
579,8.75,-78.75,78.75,1.0,0,1.0500780176045572
580,11.25,-78.75,78.75,1.0,0,1.047864392793741
581,13.75,-78.75,78.75,1.0,0,1.0446813317000159
582,16.25,-78.75,78.75,1.0,0,1.0435788074124508
583,18.75,-78.75,78.75,1.0,0,1.0447547422379064
584,21.25,-78.75,78.75,1.0,0,1.0452054707525817
585,23.75,-78.75,78.75,1.0,0,1.043948312509449
586,26.25,-78.75,78.75,1.0,0,1.0361845891219819
587,28.75,-78.75,78.75,1.0,0,1.0282473297412271
588,31.25,-78.75,78.75,1.0,0,1.0213997297873627
589,33.75,-78.75,78.75,1.0,0,1.0150176668669442
590,36.25,-78.75,78.75,1.0,0,1.0120843719648331
591,38.75,-78.75,78.75,1.0,0,1.0153712234525272
592,41.25,-78.75,78.75,1.0,0,1.0292001728822642
593,43.75,-78.75,78.75,1.0,0,1.0492788806208915
594,46.25,-78.75,78.75,1.0,0,1.0684074397117351
595,48.75,-78.75,78.75,1.0,0,1.0766955918552834
596,51.25,-78.75,78.75,1.0,0,1.0694090069888802
597,53.75,-78.75,78.75,1.0,0,1.0512460591393542
598,56.25,-78.75,78.75,1.0,0,1.0220340877985246
599,58.75,-78.75,78.75,1.0,0,0.9888646514662051
600,61.25,-78.75,78.75,1.0,0,0.9603926637538154
601,63.75,-78.75,78.75,1.0,0,0.9441538612690261
602,66.25,-78.75,78.75,1.0,0,0.9423085429891092
603,68.75,-78.75,78.75,1.0,0,0.9520543576167938
604,71.25,-78.75,78.75,1.0,0,0.9703431985478913
605,73.75,-78.75,78.75,1.0,0,0.9883248036302225
606,76.25,-78.75,78.75,1.0,0,0.9999079920289708
607,78.75,-78.75,78.75,1.0,0,1.0049738423885355
608,81.25,-78.75,78.75,1.0,0,1.0036980169523175
609,83.75,-78.75,78.75,1.0,0,0.9973405499269443
610,86.25,-78.75,78.75,1.0,0,0.9890280721457496
611,88.75,-78.75,78.75,1.0,0,0.9820598823525335
612,91.25,-78.75,78.75,1.0,0,0.9782352133716419
613,93.75,-78.75,78.75,1.0,0,0.9751248938558664
614,96.25,-78.75,78.75,1.0,0,0.9757593016947693
615,98.75,-78.75,78.75,1.0,0,0.9866432714153802
616,101.25,-78.75,78.75,1.0,0,1.00739812838022
617,103.75,-78.75,78.75,1.0,0,1.0340743337084084
618,106.25,-78.75,78.75,1.0,0,1.0605297441638954
619,108.75,-78.75,78.75,1.0,0,1.08189229421134
620,111.25,-78.75,78.75,1.0,0,1.100527149367602
621,113.75,-78.75,78.75,1.0,0,1.1163005408727877
622,116.25,-78.75,78.75,1.0,0,1.130703313350304
623,118.75,-78.75,78.75,1.0,0,1.1441849479890103
624,121.25,-78.75,78.75,1.0,0,1.1556291656398152
625,123.75,-78.75,78.75,1.0,0,1.1623738433026896
626,126.25,-78.75,78.75,1.0,0,1.165282818545406
627,128.75,-78.75,78.75,1.0,0,1.1668505055941147
628,131.25,-78.75,78.75,1.0,0,1.1679198205917318
629,133.75,-78.75,78.75,1.0,0,1.1699605947590173
630,136.25,-78.75,78.75,1.0,0,1.1732921830215468
631,138.75,-78.75,78.75,1.0,0,1.1767721836838314
632,141.25,-78.75,78.75,1.0,0,1.1796293824214215
633,143.75,-78.75,78.75,1.0,0,1.1814262520351289
634,146.25,-78.75,78.75,1.0,0,1.1809166483286986
635,148.75,-78.75,78.75,1.0,0,1.1744203347015552
636,151.25,-78.75,78.75,1.0,0,1.1619215212272351
637,153.75,-78.75,78.75,1.0,0,1.1474855670134774
638,156.25,-78.75,78.75,1.0,0,1.1345709931974488
639,158.75,-78.75,78.75,1.0,0,1.1294790038344953
640,161.25,-78.75,78.75,1.0,0,1.1358504635618778
641,163.75,-78.75,78.75,1.0,0,1.1665549454304875
642,166.25,-78.75,78.75,1.0,0,1.199515966054556
643,168.75,-78.75,78.75,1.0,0,1.2236030471465182
644,171.25,-78.75,78.75,1.0,0,1.2637864501220752
645,173.75,-78.75,78.75,1.0,0,1.301785661126957
646,176.25,-78.75,78.75,1.0,0,1.323258411775054
647,178.75,-78.75,78.75,1.0,0,1.3295123777002318
648,181.25,-78.75,78.75,1.0,0,1.3221848354643373
649,183.75,-78.75,78.75,1.0,0,1.3097284993071496
650,186.25,-78.75,78.75,1.0,0,1.2966535790717524
651,188.75,-78.75,78.75,1.0,0,1.2864703018033063
652,191.25,-78.75,78.75,1.0,0,1.2683250980036422
653,193.75,-78.75,78.75,1.0,0,1.181598163407585
654,196.25,-78.75,78.75,1.0,0,1.0634255324456516
655,198.75,-78.75,78.75,1.0,0,1.1252415203269275
656,201.25,-78.75,78.75,1.0,0,1.1441077526384718
657,203.75,-78.75,78.75,1.0,0,1.1014382283502222
658,206.25,-78.75,78.75,1.0,0,1.0580296260718862
659,208.75,-78.75,78.75,1.0,0,1.0288031488865967
660,211.25,-78.75,78.75,1.0,0,1.003412130510962
661,213.75,-78.75,78.75,1.0,0,0.9762262719105661
662,216.25,-78.75,78.75,1.0,0,0.9484945157226562
663,218.75,-78.75,78.75,1.0,0,0.9161623877963845
664,221.25,-78.75,78.75,1.0,0,0.8814696260110735
665,223.75,-78.75,78.75,1.0,0,0.8480879902258922
666,226.25,-78.75,78.75,1.0,0,0.8355303324183555
667,228.75,-78.75,78.75,1.0,0,0.8297937001630239
668,231.25,-78.75,78.75,1.0,0,0.8320636517365456
669,233.75,-78.75,78.75,1.0,0,0.8420751991833874
670,236.25,-78.75,78.75,1.0,0,0.8581956351214451
671,238.75,-78.75,78.75,1.0,0,0.8844564429543779
672,241.25,-78.75,78.75,1.0,0,0.9153329132410376
673,243.75,-78.75,78.75,1.0,0,0.9399387475829856
674,246.25,-78.75,78.75,1.0,0,0.9455445841516107
675,248.75,-78.75,78.75,1.0,0,0.9399286900970938
676,251.25,-78.75,78.75,1.0,0,0.928662607591218
677,253.75,-78.75,78.75,1.0,0,0.9164364955385544
678,256.25,-78.75,78.75,1.0,0,0.9049147762826665
679,258.75,-78.75,78.75,1.0,0,0.8909328950877224
680,261.25,-78.75,78.75,1.0,0,0.8751067817541957
681,263.75,-78.75,78.75,1.0,0,0.8615941840370429
682,266.25,-78.75,78.75,1.0,0,0.8573179029823561
683,268.75,-78.75,78.75,1.0,0,0.8666344745315677
684,271.25,-78.75,78.75,1.0,0,0.8860696596422187
685,273.75,-78.75,78.75,1.0,0,0.92901852077778
686,276.25,-78.75,78.75,1.0,0,1.0172311552728086
687,278.75,-78.75,78.75,1.0,0,1.0968118401089486
688,281.25,-78.75,78.75,1.0,0,1.1708037984223794
689,283.75,-78.75,78.75,1.0,0,1.23902128313163
690,286.25,-78.75,78.75,1.0,0,1.30086894517447
691,288.75,-78.75,78.75,1.0,0,1.356154240147264
692,291.25,-78.75,78.75,1.0,0,1.3992904366991499
693,293.75,-78.75,78.75,1.0,0,1.448394410658365
694,296.25,-78.75,78.75,1.0,0,1.4891270260492533
695,298.75,-78.75,78.75,1.0,0,1.518305163856195
696,301.25,-78.75,78.75,1.0,0,1.5332991014844373
697,303.75,-78.75,78.75,1.0,0,1.5170894649208122
698,306.25,-78.75,78.75,1.0,0,1.4521245871771806
699,308.75,-78.75,78.75,1.0,0,1.3677560627445047
700,311.25,-78.75,78.75,1.0,0,1.2975072218149994
701,313.75,-78.75,78.75,1.0,0,1.2957014789269705
702,316.25,-78.75,78.75,1.0,0,1.3559878580554856
703,318.75,-78.75,78.75,1.0,0,1.402049586464159
704,321.25,-78.75,78.75,1.0,0,1.3835750013802524
705,323.75,-78.75,78.75,1.0,0,1.2792681917927506
706,326.25,-78.75,78.75,1.0,0,1.1690914129274554
707,328.75,-78.75,78.75,1.0,0,1.114828785849795
708,331.25,-78.75,78.75,1.0,0,1.0827403801672093
709,333.75,-78.75,78.75,1.0,0,1.048323493537853
710,336.25,-78.75,78.75,1.0,0,1.0187960699295948
711,338.75,-78.75,78.75,1.0,0,1.0013781239089
712,341.25,-78.75,78.75,1.0,0,0.9817193584956585
713,343.75,-78.75,78.75,1.0,0,0.9719550892522086
714,346.25,-78.75,78.75,1.0,0,0.9773320940383008
715,348.75,-78.75,78.75,1.0,0,0.9945380392185147
716,351.25,-78.75,78.75,1.0,0,1.0140753236765068
717,353.75,-78.75,78.75,1.0,0,1.0313079559652654
718,356.25,-78.75,78.75,1.0,0,1.044455084605652
719,358.75,-78.75,78.75,1.0,0,1.0553184917847476
720,1.25,-76.25,76.25,1.0,0,1.00998459854694
721,3.75,-76.25,76.25,1.0,0,1.0041859780280427
722,6.25,-76.25,76.25,1.0,0,0.9947348873472671
723,8.75,-76.25,76.25,1.0,0,0.989604762465045
724,11.25,-76.25,76.25,1.0,0,0.9903945661040641
725,13.75,-76.25,76.25,1.0,0,0.9958177091290092
726,16.25,-76.25,76.25,1.0,0,1.000053767635703
727,18.75,-76.25,76.25,1.0,0,0.9997891672456877
728,21.25,-76.25,76.25,1.0,0,0.9954501958385702
729,23.75,-76.25,76.25,1.0,0,0.9931440497506094
730,26.25,-76.25,76.25,1.0,0,0.994246519568885
731,28.75,-76.25,76.25,1.0,0,0.9918392648310769
732,31.25,-76.25,76.25,1.0,0,0.987647958938238
733,33.75,-76.25,76.25,1.0,0,0.9839280101109169
734,36.25,-76.25,76.25,1.0,0,0.9795188117475293
735,38.75,-76.25,76.25,1.0,0,0.9787404745413171
736,41.25,-76.25,76.25,1.0,0,0.9845230452879188
737,43.75,-76.25,76.25,1.0,0,0.9964261953714695
738,46.25,-76.25,76.25,1.0,0,1.0103695104046035
739,48.75,-76.25,76.25,1.0,0,1.023038341447895
740,51.25,-76.25,76.25,1.0,0,1.0346396535828304
741,53.75,-76.25,76.25,1.0,0,1.0380839537494286
742,56.25,-76.25,76.25,1.0,0,1.0288484057023843
743,58.75,-76.25,76.25,1.0,0,1.0060954383148837
744,61.25,-76.25,76.25,1.0,0,0.9870182491608551
745,63.75,-76.25,76.25,1.0,0,0.9816499484107468
746,66.25,-76.25,76.25,1.0,0,0.9687605424743558
747,68.75,-76.25,76.25,1.0,0,0.9373637317985182
748,71.25,-76.25,76.25,1.0,0,0.904287442908387
749,73.75,-76.25,76.25,1.0,0,0.877809625129584
750,76.25,-76.25,76.25,1.0,0,0.8595155457229318
751,78.75,-76.25,76.25,1.0,0,0.850571294511276
752,81.25,-76.25,76.25,1.0,0,0.847691693662865
753,83.75,-76.25,76.25,1.0,0,0.8473304939127482
754,86.25,-76.25,76.25,1.0,0,0.8484758499002989
755,88.75,-76.25,76.25,1.0,0,0.8528174269866501
756,91.25,-76.25,76.25,1.0,0,0.8647700213844357
757,93.75,-76.25,76.25,1.0,0,0.8827539684915503
758,96.25,-76.25,76.25,1.0,0,0.9058044877753443
759,98.75,-76.25,76.25,1.0,0,0.9358467506503504
760,101.25,-76.25,76.25,1.0,0,0.966867996092959
761,103.75,-76.25,76.25,1.0,0,0.99121755428037
762,106.25,-76.25,76.25,1.0,0,1.0101999241969097
763,108.75,-76.25,76.25,1.0,0,1.029890051055281
764,111.25,-76.25,76.25,1.0,0,1.0553371692953637
765,113.75,-76.25,76.25,1.0,0,1.0835413888348242
766,116.25,-76.25,76.25,1.0,0,1.101672455487108
767,118.75,-76.25,76.25,1.0,0,1.1042936966182952
768,121.25,-76.25,76.25,1.0,0,1.0923986811991089
769,123.75,-76.25,76.25,1.0,0,1.0755315025511252
770,126.25,-76.25,76.25,1.0,0,1.0665982843555513
771,128.75,-76.25,76.25,1.0,0,1.0689726995886688
772,131.25,-76.25,76.25,1.0,0,1.0777618562236246
773,133.75,-76.25,76.25,1.0,0,1.09103577344777
774,136.25,-76.25,76.25,1.0,0,1.1064915215411304
775,138.75,-76.25,76.25,1.0,0,1.122423886119613
776,141.25,-76.25,76.25,1.0,0,1.1367383928026091
777,143.75,-76.25,76.25,1.0,0,1.1470378239315264
778,146.25,-76.25,76.25,1.0,0,1.154773719452044
779,148.75,-76.25,76.25,1.0,0,1.1554765786922554
780,151.25,-76.25,76.25,1.0,0,1.1409175638132087
781,153.75,-76.25,76.25,1.0,0,1.1116005346280424
782,156.25,-76.25,76.25,1.0,0,1.0821624734612418
783,158.75,-76.25,76.25,1.0,0,1.0665506738943307
784,161.25,-76.25,76.25,1.0,0,1.0711017389996702
785,163.75,-76.25,76.25,0.0,4,1.0480898558635607
786,166.25,-76.25,76.25,0.0,4,0.9735007646372755
787,168.75,-76.25,76.25,0.0,4,0.9646896744724472
788,171.25,-76.25,76.25,0.0,4,0.907119640949225
789,173.75,-76.25,76.25,0.0,4,0.814775459547327
790,176.25,-76.25,76.25,0.0,4,0.7160279285825584
791,178.75,-76.25,76.25,0.0,4,0.5426093956223587
792,181.25,-76.25,76.25,0.0,4,0.40472625596503164
793,183.75,-76.25,76.25,0.0,4,0.37750848052625324
794,186.25,-76.25,76.25,0.0,4,0.41071912333989646
795,188.75,-76.25,76.25,0.0,4,0.48630166974183586
796,191.25,-76.25,76.25,0.0,4,0.5787891244614499
797,193.75,-76.25,76.25,0.0,4,0.6669776898463987
798,196.25,-76.25,76.25,0.0,4,0.7453470464891663
799,198.75,-76.25,76.25,0.0,4,0.8248845115358624
800,201.25,-76.25,76.25,0.0,4,0.8998758403329287
801,203.75,-76.25,76.25,0.0,4,0.9873208740290927
802,206.25,-76.25,76.25,0.0,4,1.025748282294111
803,208.75,-76.25,76.25,0.0,4,1.0346193861118231
804,211.25,-76.25,76.25,0.0,4,1.0276659128058505
805,213.75,-76.25,76.25,1.0,0,0.9830153741893591
806,216.25,-76.25,76.25,1.0,0,0.9161175577876509
807,218.75,-76.25,76.25,1.0,0,0.8800429223400034
808,221.25,-76.25,76.25,1.0,0,0.8532273162997548
809,223.75,-76.25,76.25,1.0,0,0.8427982889167414
810,226.25,-76.25,76.25,1.0,0,0.836994815257721
811,228.75,-76.25,76.25,1.0,0,0.8334314106262981
812,231.25,-76.25,76.25,1.0,0,0.8315799774654646
813,233.75,-76.25,76.25,1.0,0,0.8338438974976182
814,236.25,-76.25,76.25,1.0,0,0.8433209503799457
815,238.75,-76.25,76.25,1.0,0,0.8642659617968482
816,241.25,-76.25,76.25,1.0,0,0.8956931187229139
817,243.75,-76.25,76.25,1.0,0,0.9450113440263677
818,246.25,-76.25,76.25,1.0,0,0.9843080236153887
819,248.75,-76.25,76.25,1.0,0,0.9985730956904155
820,251.25,-76.25,76.25,1.0,0,1.000200328697727
821,253.75,-76.25,76.25,1.0,0,0.9923524172897144
822,256.25,-76.25,76.25,1.0,0,0.9929775192906494
823,258.75,-76.25,76.25,1.0,0,1.0022974848157364
824,261.25,-76.25,76.25,1.0,0,1.0088932290236163
825,263.75,-76.25,76.25,1.0,0,1.013798195176178
826,266.25,-76.25,76.25,1.0,0,1.0195950961946467
827,268.75,-76.25,76.25,1.0,0,1.028920249380124
828,271.25,-76.25,76.25,1.0,0,1.046226772139689
829,273.75,-76.25,76.25,1.0,0,1.0741806813522037
830,276.25,-76.25,76.25,1.0,0,1.1088258180866664
831,278.75,-76.25,76.25,1.0,0,1.158496245820497
832,281.25,-76.25,76.25,1.0,0,1.2320744135329775
833,283.75,-76.25,76.25,1.0,0,1.3074510201979364
834,286.25,-76.25,76.25,1.0,0,1.2908842034877357
835,288.75,-76.25,76.25,1.0,0,1.222649439924127
836,291.25,-76.25,76.25,1.0,0,1.1946192034439023
837,293.75,-76.25,76.25,1.0,0,1.225144430279342
838,296.25,-76.25,76.25,1.0,0,1.2925544433847487
839,298.75,-76.25,76.25,1.0,0,1.3668153881788818
840,301.25,-76.25,76.25,1.0,0,1.4172260552425116
841,303.75,-76.25,76.25,1.0,0,1.272040433620353
842,306.25,-76.25,76.25,0.0,4,1.1661381953182526
843,308.75,-76.25,76.25,0.0,4,1.1804920354148967
844,311.25,-76.25,76.25,0.0,4,1.1844637676110232
845,313.75,-76.25,76.25,0.0,4,1.2032281904332358
846,316.25,-76.25,76.25,0.0,4,1.2287122875750232
847,318.75,-76.25,76.25,0.0,4,1.238073486503727
848,321.25,-76.25,76.25,0.0,4,1.2317524202224193
849,323.75,-76.25,76.25,0.0,4,1.2171646169590409
850,326.25,-76.25,76.25,0.0,4,1.1800960716928501
851,328.75,-76.25,76.25,0.0,4,1.1213699081587498
852,331.25,-76.25,76.25,0.0,4,1.0683431790062343
853,333.75,-76.25,76.25,1.0,0,1.0890925729415408
854,336.25,-76.25,76.25,1.0,0,1.0787016030850842
855,338.75,-76.25,76.25,1.0,0,1.049288359452072
856,341.25,-76.25,76.25,1.0,0,1.013689304887963
857,343.75,-76.25,76.25,1.0,0,0.9778320803322447
858,346.25,-76.25,76.25,1.0,0,0.9528072511040269
859,348.75,-76.25,76.25,1.0,0,0.942298747532119
860,351.25,-76.25,76.25,1.0,0,0.9448457059854333
861,353.75,-76.25,76.25,1.0,0,0.959886293671701
862,356.25,-76.25,76.25,1.0,0,0.980690137520283
863,358.75,-76.25,76.25,1.0,0,1.0014352908850195
864,1.25,-73.75,73.75,1.0,0,0.9679368667114816
865,3.75,-73.75,73.75,1.0,0,0.9494925554065893
866,6.25,-73.75,73.75,1.0,0,0.9415266117571675
867,8.75,-73.75,73.75,1.0,0,0.9452245060990814
868,11.25,-73.75,73.75,1.0,0,0.9524450596891446
869,13.75,-73.75,73.75,1.0,0,0.9611698153983125
870,16.25,-73.75,73.75,1.0,0,0.9648398890068849
871,18.75,-73.75,73.75,1.0,0,0.9576933111146961
872,21.25,-73.75,73.75,1.0,0,0.9490159652593746
873,23.75,-73.75,73.75,1.0,0,0.9585320386575518
874,26.25,-73.75,73.75,1.0,0,0.9871468817337927
875,28.75,-73.75,73.75,1.0,0,1.0107010539965544
876,31.25,-73.75,73.75,1.0,0,1.0042274778535774
877,33.75,-73.75,73.75,1.0,0,0.9820089745347743
878,36.25,-73.75,73.75,1.0,0,0.9663239108837638
879,38.75,-73.75,73.75,1.0,0,0.9658269399272502
880,41.25,-73.75,73.75,1.0,0,0.970220213900471
881,43.75,-73.75,73.75,1.0,0,0.9735832701889858
882,46.25,-73.75,73.75,1.0,0,0.9776866716559839
883,48.75,-73.75,73.75,1.0,0,0.9843397101432111
884,51.25,-73.75,73.75,1.0,0,0.991556934631537
885,53.75,-73.75,73.75,1.0,0,0.9993017897752091
886,56.25,-73.75,73.75,1.0,0,1.0067201282864722
887,58.75,-73.75,73.75,1.0,0,1.0076520024184434
888,61.25,-73.75,73.75,1.0,0,1.0027586570719869
889,63.75,-73.75,73.75,1.0,0,1.0084209084717322
890,66.25,-73.75,73.75,1.0,0,0.9895839311304725
891,68.75,-73.75,73.75,1.0,0,0.8954466337532688
892,71.25,-73.75,73.75,1.0,0,0.8592155650298489
893,73.75,-73.75,73.75,1.0,0,0.8437942432848146
894,76.25,-73.75,73.75,1.0,0,0.8349526119719558
895,78.75,-73.75,73.75,1.0,0,0.83726347555412
896,81.25,-73.75,73.75,1.0,0,0.8381919097784135
897,83.75,-73.75,73.75,1.0,0,0.8388924950183113
898,86.25,-73.75,73.75,1.0,0,0.837233514001197
899,88.75,-73.75,73.75,1.0,0,0.8364378406367076
900,91.25,-73.75,73.75,1.0,0,0.8437622563060564
901,93.75,-73.75,73.75,1.0,0,0.8648248207098829
902,96.25,-73.75,73.75,1.0,0,0.8926589372866155
903,98.75,-73.75,73.75,1.0,0,0.9245653364948644
904,101.25,-73.75,73.75,1.0,0,0.9591500866274125
905,103.75,-73.75,73.75,1.0,0,0.992075915088775
906,106.25,-73.75,73.75,1.0,0,1.0196954763035289
907,108.75,-73.75,73.75,1.0,0,1.0331296480364225
908,111.25,-73.75,73.75,1.0,0,1.0192244173916871
909,113.75,-73.75,73.75,1.0,0,0.9841799785637872
910,116.25,-73.75,73.75,1.0,0,0.950143464920073
911,118.75,-73.75,73.75,1.0,0,0.9266729732718442
912,121.25,-73.75,73.75,1.0,0,0.9138882611376897
913,123.75,-73.75,73.75,1.0,0,0.9110106835656362
914,126.25,-73.75,73.75,1.0,0,0.9169882341424859
915,128.75,-73.75,73.75,1.0,0,0.92807716707575
916,131.25,-73.75,73.75,1.0,0,0.9454985438889612
917,133.75,-73.75,73.75,1.0,0,0.968264309523261
918,136.25,-73.75,73.75,1.0,0,0.994050881539558
919,138.75,-73.75,73.75,1.0,0,1.0197809592811318
920,141.25,-73.75,73.75,1.0,0,1.0451920329333309
921,143.75,-73.75,73.75,1.0,0,1.067160092039157
922,146.25,-73.75,73.75,1.0,0,1.077527479334825
923,148.75,-73.75,73.75,1.0,0,1.077676030604725
924,151.25,-73.75,73.75,1.0,0,1.078650609489455
925,153.75,-73.75,73.75,1.0,0,1.073850800171714
926,156.25,-73.75,73.75,1.0,0,1.0610768422117385
927,158.75,-73.75,73.75,1.0,0,1.046116145497739
928,161.25,-73.75,73.75,1.0,0,1.0338054925194406
929,163.75,-73.75,73.75,1.0,0,1.0234215482536961
930,166.25,-73.75,73.75,0.0,4,0.9425847521145274
931,168.75,-73.75,73.75,0.0,4,0.8652746174632423
932,171.25,-73.75,73.75,0.0,4,0.7276754467994553
933,173.75,-73.75,73.75,0.0,4,0.6498425047752583
934,176.25,-73.75,73.75,0.0,4,0.5722461347339264
935,178.75,-73.75,73.75,0.0,4,0.4986550213804524
936,181.25,-73.75,73.75,0.0,4,0.4714556008280666
937,183.75,-73.75,73.75,0.0,4,0.4902732883914325
938,186.25,-73.75,73.75,0.0,4,0.5305450118054448
939,188.75,-73.75,73.75,0.0,4,0.5902708960817202
940,191.25,-73.75,73.75,0.0,4,0.6552242356266275
941,193.75,-73.75,73.75,0.0,4,0.7210779959477487
942,196.25,-73.75,73.75,0.0,4,0.787984835469727
943,198.75,-73.75,73.75,0.0,4,0.8471432628068768
944,201.25,-73.75,73.75,0.0,4,0.8999394638975794
945,203.75,-73.75,73.75,0.0,4,0.9511075143525238
946,206.25,-73.75,73.75,0.0,4,0.9961587633645136
947,208.75,-73.75,73.75,0.0,4,1.035708560191786
948,211.25,-73.75,73.75,0.0,4,1.0694283674377936
949,213.75,-73.75,73.75,0.0,4,1.0978182507729197
950,216.25,-73.75,73.75,0.0,4,1.1165698000491953
951,218.75,-73.75,73.75,0.0,4,1.1208801978928327
952,221.25,-73.75,73.75,0.0,4,1.1167363144686244
953,223.75,-73.75,73.75,0.0,4,1.085635446369891
954,226.25,-73.75,73.75,0.0,4,1.0604105840811489
955,228.75,-73.75,73.75,0.0,4,1.041267216552136
956,231.25,-73.75,73.75,0.0,4,1.0080592730613671
957,233.75,-73.75,73.75,1.0,0,1.0490483279945022
958,236.25,-73.75,73.75,0.0,4,1.078441539081755
959,238.75,-73.75,73.75,0.0,4,1.0610689627046417
960,241.25,-73.75,73.75,0.0,4,1.0560137183727458
961,243.75,-73.75,73.75,0.0,4,1.0493611748446703
962,246.25,-73.75,73.75,0.0,4,1.0411966281130043
963,248.75,-73.75,73.75,0.0,4,1.003843163680281
964,251.25,-73.75,73.75,0.0,4,0.9455851708021563
965,253.75,-73.75,73.75,0.0,4,0.9011078975319713
966,256.25,-73.75,73.75,0.0,0,0.9477648493117451
967,258.75,-73.75,73.75,1.0,0,1.0765011175233823
968,261.25,-73.75,73.75,1.0,0,1.06763361336036
969,263.75,-73.75,73.75,1.0,0,1.0582444991881566
970,266.25,-73.75,73.75,1.0,0,1.0581812998578946
971,268.75,-73.75,73.75,1.0,0,1.064281256434168
972,271.25,-73.75,73.75,1.0,0,1.082906338904543
973,273.75,-73.75,73.75,1.0,0,1.1053547654000115
974,276.25,-73.75,73.75,0.0,0,1.1132342890644338
975,278.75,-73.75,73.75,0.0,0,1.1242333003543563
976,281.25,-73.75,73.75,1.0,0,1.1481914126066524
977,283.75,-73.75,73.75,1.0,0,1.073349660276205
978,286.25,-73.75,73.75,1.0,0,1.0260340808954354
979,288.75,-73.75,73.75,1.0,0,1.0041296277956522
980,291.25,-73.75,73.75,1.0,0,1.003145676868827
981,293.75,-73.75,73.75,1.0,0,1.0205935435081925
982,296.25,-73.75,73.75,1.0,0,1.0723332147093587
983,298.75,-73.75,73.75,1.0,0,1.1338926631913895
984,301.25,-73.75,73.75,0.0,4,1.0563745233364137
985,303.75,-73.75,73.75,0.0,4,1.0066227012941558
986,306.25,-73.75,73.75,0.0,4,1.0051554821271935
987,308.75,-73.75,73.75,0.0,4,1.0462403290538298
988,311.25,-73.75,73.75,0.0,4,1.0962347265964096
989,313.75,-73.75,73.75,0.0,4,1.1473493111318651
990,316.25,-73.75,73.75,0.0,4,1.2044216384807704
991,318.75,-73.75,73.75,0.0,4,1.2555852552205045
992,321.25,-73.75,73.75,0.0,4,1.29598117044597
993,323.75,-73.75,73.75,0.0,4,1.3228411977166956
994,326.25,-73.75,73.75,0.0,4,1.3440614849661976
995,328.75,-73.75,73.75,0.0,4,1.350540018338098
996,331.25,-73.75,73.75,0.0,4,1.3335850323269367
997,333.75,-73.75,73.75,0.0,4,1.31940088808186
998,336.25,-73.75,73.75,0.0,4,1.3838138758978369
999,338.75,-73.75,73.75,0.0,4,1.3438904979930688
1000,341.25,-73.75,73.75,1.0,0,1.2334153345278307
1001,343.75,-73.75,73.75,1.0,0,1.101879999384514
1002,346.25,-73.75,73.75,1.0,0,1.005714463675041
1003,348.75,-73.75,73.75,1.0,0,0.9533923649649951
1004,351.25,-73.75,73.75,1.0,0,0.9383988106234596
1005,353.75,-73.75,73.75,1.0,0,0.947847052081668
1006,356.25,-73.75,73.75,1.0,0,0.9721174458898068
1007,358.75,-73.75,73.75,1.0,0,0.9832513296664322
1008,1.25,-71.25,71.25,1.0,0,0.9968846813831078
1009,3.75,-71.25,71.25,1.0,0,0.9661291191804474
1010,6.25,-71.25,71.25,1.0,0,0.9499189440499971
1011,8.75,-71.25,71.25,1.0,0,0.9433280884151525
1012,11.25,-71.25,71.25,1.0,0,0.9547175624994785
1013,13.75,-71.25,71.25,1.0,0,0.9648382011979253
1014,16.25,-71.25,71.25,1.0,0,0.9640207566299571
1015,18.75,-71.25,71.25,1.0,0,0.9663920252122822
1016,21.25,-71.25,71.25,1.0,0,0.9862202020129446
1017,23.75,-71.25,71.25,1.0,0,1.0229929223325798
1018,26.25,-71.25,71.25,1.0,0,1.0495444462705907
1019,28.75,-71.25,71.25,1.0,0,1.0389894832797908
1020,31.25,-71.25,71.25,1.0,0,1.0211108052710565
1021,33.75,-71.25,71.25,1.0,0,1.008574938610182
1022,36.25,-71.25,71.25,1.0,0,0.9906894845524699
1023,38.75,-71.25,71.25,1.0,0,0.9777075868204619
1024,41.25,-71.25,71.25,1.0,0,0.9477576146299098
1025,43.75,-71.25,71.25,1.0,0,0.9209792306451114
1026,46.25,-71.25,71.25,1.0,0,0.9092036726831534
1027,48.75,-71.25,71.25,1.0,0,0.9038730258804198
1028,51.25,-71.25,71.25,1.0,0,0.8997317495460426
1029,53.75,-71.25,71.25,1.0,0,0.9011119214949401
1030,56.25,-71.25,71.25,1.0,0,0.9078965333725875
1031,58.75,-71.25,71.25,1.0,0,0.9155317525583719
1032,61.25,-71.25,71.25,1.0,0,0.919077837360883
1033,63.75,-71.25,71.25,1.0,0,0.9304761663011398
1034,66.25,-71.25,71.25,1.0,0,0.9396431786199078
1035,68.75,-71.25,71.25,1.0,0,1.031937046543281
1036,71.25,-71.25,71.25,1.0,0,1.0243925002726066
1037,73.75,-71.25,71.25,1.0,0,0.8531638296438513
1038,76.25,-71.25,71.25,1.0,0,0.8059882075371756
1039,78.75,-71.25,71.25,1.0,0,0.8007823401948589
1040,81.25,-71.25,71.25,1.0,0,0.8094517766786875
1041,83.75,-71.25,71.25,1.0,0,0.8215247099164639
1042,86.25,-71.25,71.25,1.0,0,0.8290646753329919
1043,88.75,-71.25,71.25,1.0,0,0.8310999901786053
1044,91.25,-71.25,71.25,1.0,0,0.8340195289294938
1045,93.75,-71.25,71.25,1.0,0,0.8469212072345391
1046,96.25,-71.25,71.25,1.0,0,0.8669998234454229
1047,98.75,-71.25,71.25,1.0,0,0.8907822580720707
1048,101.25,-71.25,71.25,1.0,0,0.9114151444088957
1049,103.75,-71.25,71.25,1.0,0,0.9192734291964452
1050,106.25,-71.25,71.25,1.0,0,0.9053212260239604
1051,108.75,-71.25,71.25,1.0,0,0.8594427103266894
1052,111.25,-71.25,71.25,0.0,0,0.8069769321134882
1053,113.75,-71.25,71.25,1.0,0,0.7667194207496838
1054,116.25,-71.25,71.25,0.0,0,0.7357285444022936
1055,118.75,-71.25,71.25,0.0,0,0.7123248955817861
1056,121.25,-71.25,71.25,0.0,0,0.7008305611706117
1057,123.75,-71.25,71.25,0.0,0,0.7039086388862149
1058,126.25,-71.25,71.25,1.0,0,0.7189731391463442
1059,128.75,-71.25,71.25,1.0,0,0.7430427078625869
1060,131.25,-71.25,71.25,1.0,0,0.7774606779195512
1061,133.75,-71.25,71.25,1.0,0,0.8171842988718213
1062,136.25,-71.25,71.25,1.0,0,0.8528802400142077
1063,138.75,-71.25,71.25,1.0,0,0.884493049941495
1064,141.25,-71.25,71.25,1.0,0,0.913019976742858
1065,143.75,-71.25,71.25,1.0,0,0.9343904938015765
1066,146.25,-71.25,71.25,1.0,0,0.9339643900522087
1067,148.75,-71.25,71.25,1.0,0,0.9053502067602974
1068,151.25,-71.25,71.25,1.0,0,0.8267054260846659
1069,153.75,-71.25,71.25,1.0,0,0.7313165803171019
1070,156.25,-71.25,71.25,1.0,0,0.6960509948734834
1071,158.75,-71.25,71.25,1.0,0,0.7188289386618396
1072,161.25,-71.25,71.25,1.0,0,0.7529506086219394
1073,163.75,-71.25,71.25,1.0,0,0.8004922753231873
1074,166.25,-71.25,71.25,1.0,0,0.819277259054649
1075,168.75,-71.25,71.25,0.0,4,0.7775014480353276
1076,171.25,-71.25,71.25,0.0,4,0.6065710945731527
1077,173.75,-71.25,71.25,0.0,4,0.5307597269278693
1078,176.25,-71.25,71.25,0.0,4,0.5022388663417542
1079,178.75,-71.25,71.25,0.0,4,0.5016831553154664
1080,181.25,-71.25,71.25,0.0,4,0.5213929123562147
1081,183.75,-71.25,71.25,0.0,4,0.5591695572055355
1082,186.25,-71.25,71.25,0.0,4,0.6120773832394804
1083,188.75,-71.25,71.25,0.0,4,0.6622666707772871
1084,191.25,-71.25,71.25,0.0,4,0.7073117302339174
1085,193.75,-71.25,71.25,0.0,4,0.7420130229881092
1086,196.25,-71.25,71.25,0.0,4,0.7735889348544679
1087,198.75,-71.25,71.25,0.0,4,0.8037910403566493
1088,201.25,-71.25,71.25,0.0,4,0.8376269984672895
1089,203.75,-71.25,71.25,0.0,4,0.8723461059961142
1090,206.25,-71.25,71.25,0.0,4,0.907348772148258
1091,208.75,-71.25,71.25,0.0,4,0.9422521828086344
1092,211.25,-71.25,71.25,0.0,4,0.9724162618913332
1093,213.75,-71.25,71.25,0.0,4,0.9989647959633098
1094,216.25,-71.25,71.25,0.0,4,1.0253740141069676
1095,218.75,-71.25,71.25,0.0,4,1.0491883992651738
1096,221.25,-71.25,71.25,0.0,4,1.0727481765846714
1097,223.75,-71.25,71.25,0.0,4,1.1000032934760562
1098,226.25,-71.25,71.25,0.0,4,1.138064278037852
1099,228.75,-71.25,71.25,0.0,4,1.1738091606964174
1100,231.25,-71.25,71.25,0.0,4,1.201378814644949
1101,233.75,-71.25,71.25,0.0,4,1.218137760552234
1102,236.25,-71.25,71.25,0.0,4,1.224702453331132
1103,238.75,-71.25,71.25,0.0,4,1.2257176438407353
1104,241.25,-71.25,71.25,0.0,4,1.2273958137241543
1105,243.75,-71.25,71.25,0.0,4,1.2315392460185448
1106,246.25,-71.25,71.25,0.0,4,1.242145990021665
1107,248.75,-71.25,71.25,0.0,4,1.2650924306723066
1108,251.25,-71.25,71.25,0.0,4,1.2996404510687267
1109,253.75,-71.25,71.25,0.0,4,1.3409713725410595
1110,256.25,-71.25,71.25,0.0,4,1.3711940237583238
1111,258.75,-71.25,71.25,0.0,4,1.3735971453997962
1112,261.25,-71.25,71.25,0.0,4,1.3627153866391435
1113,263.75,-71.25,71.25,0.0,4,1.3582468439925544
1114,266.25,-71.25,71.25,0.0,4,1.3682689973528692
1115,268.75,-71.25,71.25,0.0,4,1.3529696805201326
1116,271.25,-71.25,71.25,0.0,4,1.3201815604412168
1117,273.75,-71.25,71.25,0.0,4,1.2961616058417906
1118,276.25,-71.25,71.25,0.0,4,1.287255999301868
1119,278.75,-71.25,71.25,0.0,4,1.287650401134442
1120,281.25,-71.25,71.25,0.0,4,1.2718453723044836
1121,283.75,-71.25,71.25,0.0,4,1.1689518366428036
1122,286.25,-71.25,71.25,1.0,0,1.1214099538847606
1123,288.75,-71.25,71.25,1.0,0,1.067613464037131
1124,291.25,-71.25,71.25,1.0,0,1.0320128486314282
1125,293.75,-71.25,71.25,1.0,0,1.0356090452773616
1126,296.25,-71.25,71.25,1.0,0,1.0723425858043314
1127,298.75,-71.25,71.25,0.0,4,1.1620889309003173
1128,301.25,-71.25,71.25,0.0,4,1.263967886344834
1129,303.75,-71.25,71.25,0.0,4,1.218066630839269
1130,306.25,-71.25,71.25,0.0,4,1.19016848371983
1131,308.75,-71.25,71.25,0.0,4,1.2044358944409146
1132,311.25,-71.25,71.25,0.0,4,1.2355427100361667
1133,313.75,-71.25,71.25,0.0,4,1.271846780156502
1134,316.25,-71.25,71.25,0.0,4,1.3038624814203426
1135,318.75,-71.25,71.25,0.0,4,1.3402095921705826
1136,321.25,-71.25,71.25,0.0,4,1.3858187346344009
1137,323.75,-71.25,71.25,0.0,4,1.4327154079697928
1138,326.25,-71.25,71.25,0.0,4,1.475503967563195
1139,328.75,-71.25,71.25,0.0,4,1.5097186824417812
1140,331.25,-71.25,71.25,0.0,4,1.5472640899329217
1141,333.75,-71.25,71.25,0.0,4,1.585341583961183
1142,336.25,-71.25,71.25,0.0,4,1.6204365523781346
1143,338.75,-71.25,71.25,0.0,4,1.6415136138202508
1144,341.25,-71.25,71.25,0.0,4,1.6358893386428048
1145,343.75,-71.25,71.25,0.0,4,1.5812525154193204
1146,346.25,-71.25,71.25,0.0,4,1.4382476311630572
1147,348.75,-71.25,71.25,0.0,4,1.3354227061391946
1148,351.25,-71.25,71.25,1.0,0,1.1922736829072837
1149,353.75,-71.25,71.25,1.0,0,1.107067789070224
1150,356.25,-71.25,71.25,1.0,0,1.0676569301776686
1151,358.75,-71.25,71.25,1.0,0,1.0335954732217258
1152,1.25,-68.75,68.75,0.0,4,1.6401715527790228
1153,3.75,-68.75,68.75,0.0,4,1.6373949292551322
1154,6.25,-68.75,68.75,0.0,4,1.6288883794449622
1155,8.75,-68.75,68.75,0.0,4,1.6180786675488057
1156,11.25,-68.75,68.75,0.0,4,1.62565890148543
1157,13.75,-68.75,68.75,0.0,4,1.7269569440487302
1158,16.25,-68.75,68.75,0.0,4,1.7772051315175184
1159,18.75,-68.75,68.75,0.0,4,1.8137187173784775
1160,21.25,-68.75,68.75,0.0,4,1.8403997286656002
1161,23.75,-68.75,68.75,0.0,4,1.8841136139858594
1162,26.25,-68.75,68.75,0.0,4,1.8988896164829996
1163,28.75,-68.75,68.75,0.0,4,1.9135236968486535
1164,31.25,-68.75,68.75,0.0,4,1.876985186664827
1165,33.75,-68.75,68.75,0.0,4,1.9205220026957233
1166,36.25,-68.75,68.75,0.0,4,2.033484876829507
1167,38.75,-68.75,68.75,0.0,4,2.0355126008035183
1168,41.25,-68.75,68.75,0.0,4,1.2703589764561118
1169,43.75,-68.75,68.75,1.0,0,0.9550585884222449
1170,46.25,-68.75,68.75,1.0,0,0.8880069899460519
1171,48.75,-68.75,68.75,1.0,0,0.8555992111344465
1172,51.25,-68.75,68.75,1.0,0,0.8223145481487459
1173,53.75,-68.75,68.75,1.0,0,0.8080181896657627
1174,56.25,-68.75,68.75,1.0,0,0.7997777445423166
1175,58.75,-68.75,68.75,1.0,0,0.7929018240260316
1176,61.25,-68.75,68.75,1.0,0,0.7924939719542103
1177,63.75,-68.75,68.75,1.0,0,0.812109014188844
1178,66.25,-68.75,68.75,1.0,0,0.861762157150517
1179,68.75,-68.75,68.75,1.0,0,0.9533161248790426
1180,71.25,-68.75,68.75,0.0,4,1.093409406046787
1181,73.75,-68.75,68.75,0.0,4,1.0889961595185804
1182,76.25,-68.75,68.75,0.0,4,1.0376409830205555
1183,78.75,-68.75,68.75,0.0,0,0.8317483482873413
1184,81.25,-68.75,68.75,1.0,0,0.7794994404042639
1185,83.75,-68.75,68.75,1.0,0,0.7653304702448542
1186,86.25,-68.75,68.75,1.0,0,0.764397366600928
1187,88.75,-68.75,68.75,1.0,0,0.7640859213558356
1188,91.25,-68.75,68.75,1.0,0,0.7695419409372188
1189,93.75,-68.75,68.75,1.0,0,0.7832641139693043
1190,96.25,-68.75,68.75,1.0,0,0.7932386936313046
1191,98.75,-68.75,68.75,1.0,0,0.7848276170594952
1192,101.25,-68.75,68.75,1.0,0,0.7570003711762373
1193,103.75,-68.75,68.75,1.0,0,0.7265306769629495
1194,106.25,-68.75,68.75,0.0,0,0.7029038572562268
1195,108.75,-68.75,68.75,0.0,0,0.6774567166010557
1196,111.25,-68.75,68.75,0.0,0,0.6491919981894037
1197,113.75,-68.75,68.75,1.0,0,0.6207581407300433
1198,116.25,-68.75,68.75,0.0,0,0.6010148765680886
1199,118.75,-68.75,68.75,0.0,0,0.5867148889421694
1200,121.25,-68.75,68.75,0.0,0,0.5839195984334246
1201,123.75,-68.75,68.75,0.0,0,0.5879161859606786
1202,126.25,-68.75,68.75,0.0,0,0.590073869780839
1203,128.75,-68.75,68.75,0.0,0,0.5834333462920688
1204,131.25,-68.75,68.75,0.0,0,0.5788151980264672
1205,133.75,-68.75,68.75,1.0,0,0.5910545845308349
1206,136.25,-68.75,68.75,1.0,0,0.6210517479457689
1207,138.75,-68.75,68.75,1.0,0,0.6627932145322707
1208,141.25,-68.75,68.75,1.0,0,0.7209128800703903
1209,143.75,-68.75,68.75,1.0,0,0.7538765181219711
1210,146.25,-68.75,68.75,1.0,0,0.7508669971391386
1211,148.75,-68.75,68.75,1.0,0,0.7586112923218961
1212,151.25,-68.75,68.75,1.0,0,0.7503415804194339
1213,153.75,-68.75,68.75,1.0,0,0.764641961790651
1214,156.25,-68.75,68.75,0.0,4,0.7917212349079342
1215,158.75,-68.75,68.75,0.0,4,0.7938893794237255
1216,161.25,-68.75,68.75,0.0,4,0.7347572647145909
1217,163.75,-68.75,68.75,0.0,4,0.6522875029864793
1218,166.25,-68.75,68.75,0.0,4,0.5847721354145635
1219,168.75,-68.75,68.75,0.0,4,0.5346708066106792
1220,171.25,-68.75,68.75,0.0,4,0.5095820019874713
1221,173.75,-68.75,68.75,0.0,4,0.5159854956800127
1222,176.25,-68.75,68.75,0.0,4,0.5378289462699036
1223,178.75,-68.75,68.75,0.0,4,0.5564242261753362
1224,181.25,-68.75,68.75,0.0,4,0.5728700939747682
1225,183.75,-68.75,68.75,0.0,4,0.5974717168313648
1226,186.25,-68.75,68.75,0.0,4,0.6252972426969731
1227,188.75,-68.75,68.75,0.0,4,0.651865194159057
1228,191.25,-68.75,68.75,0.0,4,0.6784645310195974
1229,193.75,-68.75,68.75,0.0,4,0.7054227308045307
1230,196.25,-68.75,68.75,0.0,4,0.7311409019391417
1231,198.75,-68.75,68.75,0.0,4,0.7575825410089281
1232,201.25,-68.75,68.75,0.0,4,0.7893312868871822
1233,203.75,-68.75,68.75,0.0,4,0.825163362848169
1234,206.25,-68.75,68.75,0.0,4,0.8641380486833046
1235,208.75,-68.75,68.75,0.0,4,0.9124066972838805
1236,211.25,-68.75,68.75,0.0,4,0.9690559413191574
1237,213.75,-68.75,68.75,0.0,4,1.0300847869861889
1238,216.25,-68.75,68.75,0.0,4,1.082677278248913
1239,218.75,-68.75,68.75,0.0,4,1.1211327266357682
1240,221.25,-68.75,68.75,0.0,4,1.1406187246845712
1241,223.75,-68.75,68.75,0.0,4,1.1492583301899524
1242,226.25,-68.75,68.75,0.0,4,1.155505192585445
1243,228.75,-68.75,68.75,0.0,4,1.1669041855418203
1244,231.25,-68.75,68.75,0.0,4,1.183372453208549
1245,233.75,-68.75,68.75,0.0,4,1.2061958759686493
1246,236.25,-68.75,68.75,0.0,4,1.2321593827300017
1247,238.75,-68.75,68.75,0.0,4,1.2558544128203382
1248,241.25,-68.75,68.75,0.0,4,1.2757296220051841
1249,243.75,-68.75,68.75,0.0,4,1.2934351238443655
1250,246.25,-68.75,68.75,0.0,4,1.312982812110534
1251,248.75,-68.75,68.75,0.0,4,1.3343333118713965
1252,251.25,-68.75,68.75,0.0,4,1.363361982862304
1253,253.75,-68.75,68.75,0.0,4,1.3984634407750511
1254,256.25,-68.75,68.75,0.0,4,1.4379655965445333
1255,258.75,-68.75,68.75,0.0,4,1.4813672818012857
1256,261.25,-68.75,68.75,0.0,4,1.5112655549554839
1257,263.75,-68.75,68.75,0.0,4,1.5193521219627772
1258,266.25,-68.75,68.75,0.0,4,1.503258807900134
1259,268.75,-68.75,68.75,0.0,4,1.4741229961403406
1260,271.25,-68.75,68.75,0.0,4,1.444075639429948
1261,273.75,-68.75,68.75,0.0,4,1.4195318624776445
1262,276.25,-68.75,68.75,0.0,4,1.3959863145654408
1263,278.75,-68.75,68.75,0.0,4,1.379981199837937
1264,281.25,-68.75,68.75,0.0,4,1.3808892545762057
1265,283.75,-68.75,68.75,0.0,4,1.390800962771533
1266,286.25,-68.75,68.75,0.0,4,1.3779599122943256
1267,288.75,-68.75,68.75,0.0,4,1.2958701337092111
1268,291.25,-68.75,68.75,0.0,4,1.2323171114263034
1269,293.75,-68.75,68.75,1.0,0,1.197775140949349
1270,296.25,-68.75,68.75,1.0,0,1.2336786798538817
1271,298.75,-68.75,68.75,0.0,4,1.3590256465554833
1272,301.25,-68.75,68.75,0.0,4,1.4408809138149619
1273,303.75,-68.75,68.75,0.0,4,1.4000523482486487
1274,306.25,-68.75,68.75,0.0,4,1.372825667420904
1275,308.75,-68.75,68.75,0.0,4,1.3544325315849137
1276,311.25,-68.75,68.75,0.0,4,1.339964120038121
1277,313.75,-68.75,68.75,0.0,4,1.3283722735620564
1278,316.25,-68.75,68.75,0.0,4,1.32114981489043
1279,318.75,-68.75,68.75,0.0,4,1.3302694922313099
1280,321.25,-68.75,68.75,0.0,4,1.3536308419605445
1281,323.75,-68.75,68.75,0.0,4,1.3829564085563293
1282,326.25,-68.75,68.75,0.0,4,1.411553918456705
1283,328.75,-68.75,68.75,0.0,4,1.4354740858960444
1284,331.25,-68.75,68.75,0.0,4,1.4575379464665454
1285,333.75,-68.75,68.75,0.0,4,1.4776303047831074
1286,336.25,-68.75,68.75,0.0,4,1.4988124428103815
1287,338.75,-68.75,68.75,0.0,4,1.5196436928910488
1288,341.25,-68.75,68.75,0.0,4,1.5309339115843663
1289,343.75,-68.75,68.75,0.0,4,1.5415623046263425
1290,346.25,-68.75,68.75,0.0,4,1.5547225058415153
1291,348.75,-68.75,68.75,0.0,4,1.5709148299113513
1292,351.25,-68.75,68.75,0.0,4,1.5834751295699143
1293,353.75,-68.75,68.75,0.0,4,1.591390232747623
1294,356.25,-68.75,68.75,0.0,4,1.6072011358908578
1295,358.75,-68.75,68.75,0.0,4,1.6339082745069764
1296,1.25,-66.25,66.25,0.0,4,1.344966617204629
1297,3.75,-66.25,66.25,0.0,4,1.369120681203546
1298,6.25,-66.25,66.25,0.0,4,1.4099768378844972
1299,8.75,-66.25,66.25,0.0,4,1.463498099960666
1300,11.25,-66.25,66.25,0.0,4,1.5233476630335696
1301,13.75,-66.25,66.25,0.0,4,1.5821599382225224
1302,16.25,-66.25,66.25,0.0,4,1.644087837774867
1303,18.75,-66.25,66.25,0.0,4,1.710551942856803
1304,21.25,-66.25,66.25,0.0,4,1.7792834119155616
1305,23.75,-66.25,66.25,0.0,4,1.8575469019233624
1306,26.25,-66.25,66.25,0.0,4,1.9403555223697224
1307,28.75,-66.25,66.25,0.0,4,2.0245199250055244
1308,31.25,-66.25,66.25,0.0,4,2.0903615701054803
1309,33.75,-66.25,66.25,0.0,4,2.134172220537978
1310,36.25,-66.25,66.25,0.0,4,2.2047237231725267
1311,38.75,-66.25,66.25,0.0,4,2.2782105953112084
1312,41.25,-66.25,66.25,0.0,4,2.241161518351046
1313,43.75,-66.25,66.25,0.0,4,2.082579907098629
1314,46.25,-66.25,66.25,0.0,4,1.8456151394781282
1315,48.75,-66.25,66.25,0.0,4,1.561170657442953
1316,51.25,-66.25,66.25,0.0,4,1.2505677318394468
1317,53.75,-66.25,66.25,1.0,0,1.0821563576332054
1318,56.25,-66.25,66.25,0.0,4,1.2725449635756376
1319,58.75,-66.25,66.25,0.0,4,1.2680995365075731
1320,61.25,-66.25,66.25,0.0,4,1.1130895827591634
1321,63.75,-66.25,66.25,0.0,4,1.0369191010020395
1322,66.25,-66.25,66.25,0.0,4,1.011622112311145
1323,68.75,-66.25,66.25,0.0,4,1.0855259984717605
1324,71.25,-66.25,66.25,0.0,4,1.1464569787993724
1325,73.75,-66.25,66.25,0.0,4,1.183006076646213
1326,76.25,-66.25,66.25,0.0,4,1.2189311124598248
1327,78.75,-66.25,66.25,0.0,4,1.1956878641249458
1328,81.25,-66.25,66.25,0.0,4,1.158244819380338
1329,83.75,-66.25,66.25,0.0,4,1.0727214454721405
1330,86.25,-66.25,66.25,0.0,4,0.9574727352274622
1331,88.75,-66.25,66.25,0.0,4,0.8919014208757824
1332,91.25,-66.25,66.25,0.0,4,0.8071133159364555
1333,93.75,-66.25,66.25,0.0,4,0.7439809596163875
1334,96.25,-66.25,66.25,1.0,0,0.7226796387218399
1335,98.75,-66.25,66.25,1.0,0,0.7287020704047036
1336,101.25,-66.25,66.25,1.0,0,0.6917544240200276
1337,103.75,-66.25,66.25,0.0,0,0.7155457664873949
1338,106.25,-66.25,66.25,0.0,4,0.7449517564156307
1339,108.75,-66.25,66.25,0.0,4,0.7319026360218083
1340,111.25,-66.25,66.25,0.0,4,0.7150119613365139
1341,113.75,-66.25,66.25,0.0,4,0.7706822992788187
1342,116.25,-66.25,66.25,0.0,4,0.9795465320797836
1343,118.75,-66.25,66.25,0.0,4,1.0220162676434656
1344,121.25,-66.25,66.25,0.0,4,0.9185100910608199
1345,123.75,-66.25,66.25,0.0,4,0.8118242818797029
1346,126.25,-66.25,66.25,0.0,4,0.7805403358959906
1347,128.75,-66.25,66.25,0.0,4,0.810402497176717
1348,131.25,-66.25,66.25,0.0,4,0.6982437053057278
1349,133.75,-66.25,66.25,0.0,0,0.6747853336545633
1350,136.25,-66.25,66.25,0.0,4,0.6913184677045524
1351,138.75,-66.25,66.25,0.0,4,0.743146539479641
1352,141.25,-66.25,66.25,0.0,4,0.7474827332756216
1353,143.75,-66.25,66.25,0.0,4,0.808195906252283
1354,146.25,-66.25,66.25,0.0,4,0.901803633561274
1355,148.75,-66.25,66.25,0.0,4,0.8640799773585182
1356,151.25,-66.25,66.25,0.0,4,0.7855638436976821
1357,153.75,-66.25,66.25,0.0,4,0.7081434573619042
1358,156.25,-66.25,66.25,0.0,4,0.6397685985743069
1359,158.75,-66.25,66.25,0.0,4,0.5820088351558341
1360,161.25,-66.25,66.25,0.0,4,0.537786337048308
1361,163.75,-66.25,66.25,0.0,4,0.5096434294840673
1362,166.25,-66.25,66.25,0.0,4,0.4980289871681577
1363,168.75,-66.25,66.25,0.0,4,0.4982626215443372
1364,171.25,-66.25,66.25,0.0,4,0.5019014557380626
1365,173.75,-66.25,66.25,0.0,4,0.5073758252956106
1366,176.25,-66.25,66.25,0.0,4,0.506260620405228
1367,178.75,-66.25,66.25,0.0,4,0.49986483851967234
1368,181.25,-66.25,66.25,0.0,4,0.5062660949680856
1369,183.75,-66.25,66.25,0.0,4,0.5284648849731958
1370,186.25,-66.25,66.25,0.0,4,0.5629421534420115
1371,188.75,-66.25,66.25,0.0,4,0.6043008309482009
1372,191.25,-66.25,66.25,0.0,4,0.6427623616982945
1373,193.75,-66.25,66.25,0.0,4,0.6691470814529112
1374,196.25,-66.25,66.25,0.0,4,0.6910812297105723
1375,198.75,-66.25,66.25,0.0,4,0.7126850545581351
1376,201.25,-66.25,66.25,0.0,4,0.7406741685279965
1377,203.75,-66.25,66.25,0.0,4,0.7798412147372894
1378,206.25,-66.25,66.25,0.0,4,0.8240897622953004
1379,208.75,-66.25,66.25,0.0,4,0.8764733535104213
1380,211.25,-66.25,66.25,0.0,4,0.9331217537184586
1381,213.75,-66.25,66.25,0.0,4,0.9934869397468015
1382,216.25,-66.25,66.25,0.0,4,1.0560933344729388
1383,218.75,-66.25,66.25,0.0,4,1.115216809758261
1384,221.25,-66.25,66.25,0.0,4,1.1614143643464023
1385,223.75,-66.25,66.25,0.0,4,1.1956859969011813
1386,226.25,-66.25,66.25,0.0,4,1.2192199380595345
1387,228.75,-66.25,66.25,0.0,4,1.2356900946866858
1388,231.25,-66.25,66.25,0.0,4,1.2504988793846024
1389,233.75,-66.25,66.25,0.0,4,1.2671911202327026
1390,236.25,-66.25,66.25,0.0,4,1.2854272734182244
1391,238.75,-66.25,66.25,0.0,4,1.3032644519708683
1392,241.25,-66.25,66.25,0.0,4,1.3200232132239849
1393,243.75,-66.25,66.25,0.0,4,1.3360706861401508
1394,246.25,-66.25,66.25,0.0,4,1.3527504182703163
1395,248.75,-66.25,66.25,0.0,4,1.36824980021777
1396,251.25,-66.25,66.25,0.0,4,1.3821874320402487
1397,253.75,-66.25,66.25,0.0,4,1.4039077928259063
1398,256.25,-66.25,66.25,0.0,4,1.4301063378120435
1399,258.75,-66.25,66.25,0.0,4,1.4592827684848018
1400,261.25,-66.25,66.25,0.0,4,1.4828724184155795
1401,263.75,-66.25,66.25,0.0,4,1.500896219232545
1402,266.25,-66.25,66.25,0.0,4,1.5094159330646366
1403,268.75,-66.25,66.25,0.0,4,1.5018848463968977
1404,271.25,-66.25,66.25,0.0,4,1.4822276444852396
1405,273.75,-66.25,66.25,0.0,4,1.4646478440741901
1406,276.25,-66.25,66.25,0.0,4,1.4504743755135165
1407,278.75,-66.25,66.25,0.0,4,1.4315487886952896
1408,281.25,-66.25,66.25,0.0,4,1.4000004979960499
1409,283.75,-66.25,66.25,0.0,4,1.3687993755064147
1410,286.25,-66.25,66.25,0.0,4,1.3569904893745728
1411,288.75,-66.25,66.25,0.0,4,1.3628355165895303
1412,291.25,-66.25,66.25,0.0,4,1.3643229249459519
1413,293.75,-66.25,66.25,0.0,4,1.3144249688905378
1414,296.25,-66.25,66.25,1.0,0,1.2728146231003017
1415,298.75,-66.25,66.25,1.0,0,1.3075296002129213
1416,301.25,-66.25,66.25,0.0,4,1.441380422426237
1417,303.75,-66.25,66.25,0.0,4,1.4290567225863642
1418,306.25,-66.25,66.25,0.0,4,1.3694985780096807
1419,308.75,-66.25,66.25,0.0,4,1.3178942732938217
1420,311.25,-66.25,66.25,0.0,4,1.2819195904561287
1421,313.75,-66.25,66.25,0.0,4,1.2587571553097676
1422,316.25,-66.25,66.25,0.0,4,1.2455686554636378
1423,318.75,-66.25,66.25,0.0,4,1.2433817155984521
1424,321.25,-66.25,66.25,0.0,4,1.246766624811167
1425,323.75,-66.25,66.25,0.0,4,1.2547333143116184
1426,326.25,-66.25,66.25,0.0,4,1.2666112005947714
1427,328.75,-66.25,66.25,0.0,4,1.2769268885585368
1428,331.25,-66.25,66.25,0.0,4,1.288163132959078
1429,333.75,-66.25,66.25,0.0,4,1.2979130111271202
1430,336.25,-66.25,66.25,0.0,4,1.307485664530887
1431,338.75,-66.25,66.25,0.0,4,1.3160528086033407
1432,341.25,-66.25,66.25,0.0,4,1.320399240092636
1433,343.75,-66.25,66.25,0.0,4,1.3235679413389347
1434,346.25,-66.25,66.25,0.0,4,1.326654467630984
1435,348.75,-66.25,66.25,0.0,4,1.3307690992688335
1436,351.25,-66.25,66.25,0.0,4,1.3307871167465837
1437,353.75,-66.25,66.25,0.0,4,1.3308508008460955
1438,356.25,-66.25,66.25,0.0,4,1.3316842554813453
1439,358.75,-66.25,66.25,0.0,4,1.3349399101341293
1440,1.25,-63.75,63.75,0.0,4,1.168798658298115
1441,3.75,-63.75,63.75,0.0,4,1.1933663246635773
1442,6.25,-63.75,63.75,0.0,4,1.2375056315069122
1443,8.75,-63.75,63.75,0.0,4,1.2966861463106227
1444,11.25,-63.75,63.75,0.0,4,1.363644633267894
1445,13.75,-63.75,63.75,0.0,4,1.4105538238654154
1446,16.25,-63.75,63.75,0.0,4,1.4298752808023496
1447,18.75,-63.75,63.75,0.0,4,1.443773705251585
1448,21.25,-63.75,63.75,0.0,4,1.4559505893961044
1449,23.75,-63.75,63.75,0.0,4,1.4545705710816266
1450,26.25,-63.75,63.75,0.0,4,1.4486897888143748
1451,28.75,-63.75,63.75,0.0,4,1.4396404256182365
1452,31.25,-63.75,63.75,0.0,4,1.4224895149036632
1453,33.75,-63.75,63.75,0.0,4,1.402054448578376
1454,36.25,-63.75,63.75,0.0,4,1.3780210928621417
1455,38.75,-63.75,63.75,0.0,4,1.3522086663401913
1456,41.25,-63.75,63.75,0.0,4,1.3448323527937123
1457,43.75,-63.75,63.75,0.0,4,1.3737768576082088
1458,46.25,-63.75,63.75,0.0,4,1.4533418531070563
1459,48.75,-63.75,63.75,0.0,4,1.5733779817768925
1460,51.25,-63.75,63.75,0.0,4,1.697900917681205
1461,53.75,-63.75,63.75,0.0,4,1.7630258967559256
1462,56.25,-63.75,63.75,0.0,4,1.7498489732417217
1463,58.75,-63.75,63.75,0.0,4,1.6887540411640705
1464,61.25,-63.75,63.75,0.0,4,1.5915270904782222
1465,63.75,-63.75,63.75,0.0,4,1.4879086798622583
1466,66.25,-63.75,63.75,0.0,4,1.4229215357746408
1467,68.75,-63.75,63.75,0.0,4,1.404354775097753
1468,71.25,-63.75,63.75,0.0,4,1.3977623230876366
1469,73.75,-63.75,63.75,0.0,4,1.3663204532075497
1470,76.25,-63.75,63.75,0.0,4,1.3232107885042528
1471,78.75,-63.75,63.75,0.0,4,1.2832391945343846
1472,81.25,-63.75,63.75,0.0,4,1.2579858451451762
1473,83.75,-63.75,63.75,0.0,4,1.2267925171773884
1474,86.25,-63.75,63.75,0.0,4,1.1761792092648227
1475,88.75,-63.75,63.75,0.0,4,1.1409308705206154
1476,91.25,-63.75,63.75,0.0,4,1.1347821666072333
1477,93.75,-63.75,63.75,0.0,4,1.14946570152405
1478,96.25,-63.75,63.75,0.0,4,1.1696957344022634
1479,98.75,-63.75,63.75,0.0,4,1.1582627464722608
1480,101.25,-63.75,63.75,0.0,4,1.1460581523734725
1481,103.75,-63.75,63.75,0.0,4,1.1539414840784066
1482,106.25,-63.75,63.75,0.0,4,1.1436734392547487
1483,108.75,-63.75,63.75,0.0,4,1.1546348720240642
1484,111.25,-63.75,63.75,0.0,4,1.1687830672057058
1485,113.75,-63.75,63.75,0.0,4,1.1563324876640773
1486,116.25,-63.75,63.75,0.0,4,1.12293551143655
1487,118.75,-63.75,63.75,0.0,4,1.0954773395039585
1488,121.25,-63.75,63.75,0.0,4,1.080717846003085
1489,123.75,-63.75,63.75,0.0,4,1.0604667311133542
1490,126.25,-63.75,63.75,0.0,4,1.0236324335317812
1491,128.75,-63.75,63.75,0.0,4,0.9778943899370569
1492,131.25,-63.75,63.75,0.0,4,0.9181019958554203
1493,133.75,-63.75,63.75,0.0,4,0.8590479812552201
1494,136.25,-63.75,63.75,0.0,4,0.8178336614213214
1495,138.75,-63.75,63.75,0.0,4,0.793841564203942
1496,141.25,-63.75,63.75,0.0,4,0.7627764398324038
1497,143.75,-63.75,63.75,0.0,4,0.7111425007286286
1498,146.25,-63.75,63.75,0.0,4,0.6388488708444708
1499,148.75,-63.75,63.75,0.0,4,0.5708160334194315
1500,151.25,-63.75,63.75,0.0,4,0.5110047391808622
1501,153.75,-63.75,63.75,0.0,4,0.4613449831145886
1502,156.25,-63.75,63.75,0.0,4,0.4334597291013925
1503,158.75,-63.75,63.75,0.0,4,0.4204560097134757
1504,161.25,-63.75,63.75,0.0,4,0.40939940476800174
1505,163.75,-63.75,63.75,0.0,4,0.4001286147506604
1506,166.25,-63.75,63.75,0.0,4,0.39848938944583157
1507,168.75,-63.75,63.75,0.0,4,0.403932947094165
1508,171.25,-63.75,63.75,0.0,4,0.406787141147706
1509,173.75,-63.75,63.75,0.0,4,0.39702686408843474
1510,176.25,-63.75,63.75,0.0,4,0.3689653970465462
1511,178.75,-63.75,63.75,0.0,4,0.34403161790755055
1512,181.25,-63.75,63.75,0.0,4,0.3405246414071886
1513,183.75,-63.75,63.75,0.0,4,0.3525244386500041
1514,186.25,-63.75,63.75,0.0,4,0.38065855799234033
1515,188.75,-63.75,63.75,0.0,4,0.4237010904263763
1516,191.25,-63.75,63.75,0.0,4,0.4763355077440178
1517,193.75,-63.75,63.75,0.0,4,0.5173770325119893
1518,196.25,-63.75,63.75,0.0,4,0.5515389910025532
1519,198.75,-63.75,63.75,0.0,4,0.586371463724294
1520,201.25,-63.75,63.75,0.0,4,0.6265757982339963
1521,203.75,-63.75,63.75,0.0,4,0.6722566695997961
1522,206.25,-63.75,63.75,0.0,4,0.7139496230892872
1523,208.75,-63.75,63.75,0.0,4,0.7493251635885164
1524,211.25,-63.75,63.75,0.0,4,0.7775166816751584
1525,213.75,-63.75,63.75,0.0,4,0.8086424994271023
1526,216.25,-63.75,63.75,0.0,4,0.8510979228283225
1527,218.75,-63.75,63.75,0.0,4,0.902329522704125
1528,221.25,-63.75,63.75,0.0,4,0.9452327104269018
1529,223.75,-63.75,63.75,0.0,4,0.9715358579830783
1530,226.25,-63.75,63.75,0.0,4,0.9831838184027127
1531,228.75,-63.75,63.75,0.0,4,0.9849452249111614
1532,231.25,-63.75,63.75,0.0,4,0.982170520191955
1533,233.75,-63.75,63.75,0.0,4,0.9800772847205881
1534,236.25,-63.75,63.75,0.0,4,0.9821220830254881
1535,238.75,-63.75,63.75,0.0,4,0.9843709412556836
1536,241.25,-63.75,63.75,0.0,4,0.9869169778353127
1537,243.75,-63.75,63.75,0.0,4,0.9905823402839542
1538,246.25,-63.75,63.75,0.0,4,0.9957271983589423
1539,248.75,-63.75,63.75,0.0,4,1.0027587304634547
1540,251.25,-63.75,63.75,0.0,4,1.0105516319301013
1541,253.75,-63.75,63.75,0.0,4,1.0151526958965797
1542,256.25,-63.75,63.75,0.0,4,1.0148761552870351
1543,258.75,-63.75,63.75,0.0,4,1.0106531654994921
1544,261.25,-63.75,63.75,0.0,4,1.0072521620604615
1545,263.75,-63.75,63.75,0.0,4,1.00944333012324
1546,266.25,-63.75,63.75,0.0,4,1.013800170001808
1547,268.75,-63.75,63.75,0.0,4,1.0103243838274414
1548,271.25,-63.75,63.75,0.0,4,0.9957844726951055
1549,273.75,-63.75,63.75,0.0,4,0.9816580035911915
1550,276.25,-63.75,63.75,0.0,4,0.9761687553543493
1551,278.75,-63.75,63.75,0.0,4,0.9839900787181861
1552,281.25,-63.75,63.75,0.0,4,1.0055283423078274
1553,283.75,-63.75,63.75,0.0,4,1.0307322777241206
1554,286.25,-63.75,63.75,0.0,4,1.0599879730093136
1555,288.75,-63.75,63.75,0.0,4,1.105526371935243
1556,291.25,-63.75,63.75,0.0,4,1.172642331726239
1557,293.75,-63.75,63.75,0.0,4,1.2287709902571977
1558,296.25,-63.75,63.75,0.0,4,1.2406446509288505
1559,298.75,-63.75,63.75,0.0,4,1.243311662864635
1560,301.25,-63.75,63.75,0.0,4,1.249463560059193
1561,303.75,-63.75,63.75,0.0,4,1.2111545033079523
1562,306.25,-63.75,63.75,0.0,4,1.151719413445171
1563,308.75,-63.75,63.75,0.0,4,1.13028513517418
1564,311.25,-63.75,63.75,0.0,4,1.1167013195211455
1565,313.75,-63.75,63.75,0.0,4,1.110275570131281
1566,316.25,-63.75,63.75,0.0,4,1.1042884594861684
1567,318.75,-63.75,63.75,0.0,4,1.10103740099589
1568,321.25,-63.75,63.75,0.0,4,1.1027597968694025
1569,323.75,-63.75,63.75,0.0,4,1.111902418797298
1570,326.25,-63.75,63.75,0.0,4,1.1256582325880862
1571,328.75,-63.75,63.75,0.0,4,1.1336716417697144
1572,331.25,-63.75,63.75,0.0,4,1.1386380204463702
1573,333.75,-63.75,63.75,0.0,4,1.1406682148701541
1574,336.25,-63.75,63.75,0.0,4,1.1454064507614434
1575,338.75,-63.75,63.75,0.0,4,1.152164951061789
1576,341.25,-63.75,63.75,0.0,4,1.157811980617008
1577,343.75,-63.75,63.75,0.0,4,1.1620604772176224
1578,346.25,-63.75,63.75,0.0,4,1.1616633383454367
1579,348.75,-63.75,63.75,0.0,4,1.1567850098028143
1580,351.25,-63.75,63.75,0.0,4,1.1490825678410304
1581,353.75,-63.75,63.75,0.0,4,1.1450858281369687
1582,356.25,-63.75,63.75,0.0,4,1.1486673879676603
1583,358.75,-63.75,63.75,0.0,4,1.1572782384527462
1584,1.25,-61.25,61.25,0.0,4,1.1090792568340921
1585,3.75,-61.25,61.25,0.0,4,1.1390726286722208
1586,6.25,-61.25,61.25,0.0,4,1.1790279028877948
1587,8.75,-61.25,61.25,0.0,4,1.2152957563137017
1588,11.25,-61.25,61.25,0.0,4,1.2336113519680776
1589,13.75,-61.25,61.25,0.0,4,1.2316978517583426
1590,16.25,-61.25,61.25,0.0,4,1.213354330536235
1591,18.75,-61.25,61.25,0.0,4,1.1721925769617147
1592,21.25,-61.25,61.25,0.0,4,1.1076714413365616
1593,23.75,-61.25,61.25,0.0,4,1.0244758762245498
1594,26.25,-61.25,61.25,0.0,4,0.950877288783666
1595,28.75,-61.25,61.25,0.0,4,0.8966344870078553
1596,31.25,-61.25,61.25,0.0,4,0.8573355925092017
1597,33.75,-61.25,61.25,0.0,4,0.8271989253950245
1598,36.25,-61.25,61.25,0.0,4,0.8060049084958562
1599,38.75,-61.25,61.25,0.0,4,0.791181508585016
1600,41.25,-61.25,61.25,0.0,4,0.7814752856248468
1601,43.75,-61.25,61.25,0.0,4,0.7777204202189069
1602,46.25,-61.25,61.25,0.0,4,0.7798763723604677
1603,48.75,-61.25,61.25,0.0,4,0.7879549164833202
1604,51.25,-61.25,61.25,0.0,4,0.8040600016413615
1605,53.75,-61.25,61.25,0.0,4,0.8275189050078696
1606,56.25,-61.25,61.25,0.0,4,0.8555463500732324
1607,58.75,-61.25,61.25,0.0,4,0.8839909011920654
1608,61.25,-61.25,61.25,0.0,4,0.912417104846938
1609,63.75,-61.25,61.25,0.0,4,0.9420277217211063
1610,66.25,-61.25,61.25,0.0,4,0.9833182418284709
1611,68.75,-61.25,61.25,0.0,4,1.0611691045095637
1612,71.25,-61.25,61.25,0.0,4,1.1349771600128147
1613,73.75,-61.25,61.25,0.0,4,1.1324263145925928
1614,76.25,-61.25,61.25,0.0,4,1.0805692106547367
1615,78.75,-61.25,61.25,0.0,4,1.047496706469779
1616,81.25,-61.25,61.25,0.0,4,1.0338377566944057
1617,83.75,-61.25,61.25,0.0,4,1.0154505132475171
1618,86.25,-61.25,61.25,0.0,4,0.9833906095640157
1619,88.75,-61.25,61.25,0.0,4,0.9661789073517861
1620,91.25,-61.25,61.25,0.0,4,0.9726101210877379
1621,93.75,-61.25,61.25,0.0,4,0.9910820756389925
1622,96.25,-61.25,61.25,0.0,4,1.009403299806355
1623,98.75,-61.25,61.25,0.0,4,1.0150573699919672
1624,101.25,-61.25,61.25,0.0,4,1.004586548834667
1625,103.75,-61.25,61.25,0.0,4,0.9838969437161519
1626,106.25,-61.25,61.25,0.0,4,0.9549296989455833
1627,108.75,-61.25,61.25,0.0,4,0.9266940986425002
1628,111.25,-61.25,61.25,0.0,4,0.9012993852422194
1629,113.75,-61.25,61.25,0.0,4,0.8750703609930586
1630,116.25,-61.25,61.25,0.0,4,0.8402867576655701
1631,118.75,-61.25,61.25,0.0,4,0.7890952101858949
1632,121.25,-61.25,61.25,0.0,4,0.7332311227582254
1633,123.75,-61.25,61.25,0.0,4,0.6767308316039159
1634,126.25,-61.25,61.25,0.0,4,0.6257408833261816
1635,128.75,-61.25,61.25,0.0,4,0.5812949214785834
1636,131.25,-61.25,61.25,0.0,4,0.541493299293661
1637,133.75,-61.25,61.25,0.0,4,0.5116947376847197
1638,136.25,-61.25,61.25,0.0,4,0.49136735653905794
1639,138.75,-61.25,61.25,0.0,4,0.4713248527658877
1640,141.25,-61.25,61.25,0.0,4,0.4500848338581714
1641,143.75,-61.25,61.25,0.0,4,0.43054784809795255
1642,146.25,-61.25,61.25,0.0,4,0.40849212789466466
1643,148.75,-61.25,61.25,0.0,4,0.37787321887898284
1644,151.25,-61.25,61.25,0.0,4,0.3437153709017416
1645,153.75,-61.25,61.25,0.0,4,0.32046212673758856
1646,156.25,-61.25,61.25,0.0,4,0.3062884607669009
1647,158.75,-61.25,61.25,0.0,4,0.3023641827040022
1648,161.25,-61.25,61.25,0.0,4,0.31056321225499545
1649,163.75,-61.25,61.25,0.0,4,0.32732364381892604
1650,166.25,-61.25,61.25,0.0,4,0.34263417048301137
1651,168.75,-61.25,61.25,0.0,4,0.3404686389211099
1652,171.25,-61.25,61.25,0.0,4,0.3298404742484494
1653,173.75,-61.25,61.25,0.0,4,0.3189292766895522
1654,176.25,-61.25,61.25,0.0,4,0.31003007199347143
1655,178.75,-61.25,61.25,0.0,4,0.30744456754319155
1656,181.25,-61.25,61.25,0.0,4,0.3102400090330899
1657,183.75,-61.25,61.25,0.0,4,0.31660383003596704
1658,186.25,-61.25,61.25,0.0,4,0.3258533305292051
1659,188.75,-61.25,61.25,0.0,4,0.33441205107342564
1660,191.25,-61.25,61.25,0.0,4,0.34733980481084753
1661,193.75,-61.25,61.25,0.0,4,0.36357712848375867
1662,196.25,-61.25,61.25,0.0,4,0.37626264633943607
1663,198.75,-61.25,61.25,0.0,4,0.38709197772427856
1664,201.25,-61.25,61.25,0.0,4,0.40184941568638227
1665,203.75,-61.25,61.25,0.0,4,0.4226221669836553
1666,206.25,-61.25,61.25,0.0,4,0.4493074775424296
1667,208.75,-61.25,61.25,0.0,4,0.4775312104867932
1668,211.25,-61.25,61.25,0.0,4,0.5009199403923433
1669,213.75,-61.25,61.25,0.0,4,0.5242243059121178
1670,216.25,-61.25,61.25,0.0,4,0.5592065069145546
1671,218.75,-61.25,61.25,0.0,4,0.6053235571816867
1672,221.25,-61.25,61.25,0.0,4,0.6443413677184394
1673,223.75,-61.25,61.25,0.0,4,0.6665254125473972
1674,226.25,-61.25,61.25,0.0,4,0.6791247850214581
1675,228.75,-61.25,61.25,0.0,4,0.6826174301685028
1676,231.25,-61.25,61.25,0.0,4,0.6726881354066523
1677,233.75,-61.25,61.25,0.0,4,0.6594784609129358
1678,236.25,-61.25,61.25,0.0,4,0.6513387952256087
1679,238.75,-61.25,61.25,0.0,4,0.652505704895501
1680,241.25,-61.25,61.25,0.0,4,0.6589306095378777
1681,243.75,-61.25,61.25,0.0,4,0.6628058206017126
1682,246.25,-61.25,61.25,0.0,4,0.6634711334157983
1683,248.75,-61.25,61.25,0.0,4,0.6685624030708233
1684,251.25,-61.25,61.25,0.0,4,0.6799281945694385
1685,253.75,-61.25,61.25,0.0,4,0.6873827855371855
1686,256.25,-61.25,61.25,0.0,4,0.6902060528184256
1687,258.75,-61.25,61.25,0.0,4,0.6897410987655338
1688,261.25,-61.25,61.25,0.0,4,0.6887586227009144
1689,263.75,-61.25,61.25,0.0,4,0.6898706702535377
1690,266.25,-61.25,61.25,0.0,4,0.6908384040774003
1691,268.75,-61.25,61.25,0.0,4,0.6870695189531146
1692,271.25,-61.25,61.25,0.0,4,0.6792903273700245
1693,273.75,-61.25,61.25,0.0,4,0.673073130348618
1694,276.25,-61.25,61.25,0.0,4,0.6700126067490362
1695,278.75,-61.25,61.25,0.0,4,0.6700917576134277
1696,281.25,-61.25,61.25,0.0,4,0.6711296022139074
1697,283.75,-61.25,61.25,0.0,4,0.6751367374976445
1698,286.25,-61.25,61.25,0.0,4,0.6818723483251019
1699,288.75,-61.25,61.25,0.0,4,0.6935865199598157
1700,291.25,-61.25,61.25,0.0,4,0.7130096247313935
1701,293.75,-61.25,61.25,0.0,4,0.7449237533186697
1702,296.25,-61.25,61.25,0.0,4,0.7631114122218832
1703,298.75,-61.25,61.25,0.0,4,0.7739236694437724
1704,301.25,-61.25,61.25,0.0,4,0.7950363782557183
1705,303.75,-61.25,61.25,0.0,4,0.822979751842905
1706,306.25,-61.25,61.25,0.0,4,0.8443772295858365
1707,308.75,-61.25,61.25,0.0,4,0.8674880409949737
1708,311.25,-61.25,61.25,0.0,4,0.8890530795197629
1709,313.75,-61.25,61.25,0.0,4,0.8965121252139314
1710,316.25,-61.25,61.25,0.0,4,0.894433640211818
1711,318.75,-61.25,61.25,0.0,4,0.9039195928742955
1712,321.25,-61.25,61.25,0.0,4,0.9247111977249745
1713,323.75,-61.25,61.25,0.0,4,0.9501745715370739
1714,326.25,-61.25,61.25,0.0,4,0.9759180422072548
1715,328.75,-61.25,61.25,0.0,4,0.9912634639349579
1716,331.25,-61.25,61.25,0.0,4,0.9988627919456129
1717,333.75,-61.25,61.25,0.0,4,1.0024474944639779
1718,336.25,-61.25,61.25,0.0,4,1.0158594778993282
1719,338.75,-61.25,61.25,0.0,4,1.039674665916936
1720,341.25,-61.25,61.25,0.0,4,1.0590815683162502
1721,343.75,-61.25,61.25,0.0,4,1.0713850895461539
1722,346.25,-61.25,61.25,0.0,4,1.0781118241639072
1723,348.75,-61.25,61.25,0.0,4,1.0813369641812105
1724,351.25,-61.25,61.25,0.0,4,1.0775423678950364
1725,353.75,-61.25,61.25,0.0,4,1.0720052704429581
1726,356.25,-61.25,61.25,0.0,4,1.0749259378546743
1727,358.75,-61.25,61.25,0.0,4,1.0879550347305704
1728,1.25,-58.75,58.75,0.0,1,1.0019390164023818
1729,3.75,-58.75,58.75,0.0,1,1.0171082416389918
1730,6.25,-58.75,58.75,0.0,1,1.038281856959463
1731,8.75,-58.75,58.75,0.0,1,1.0629267463500782
1732,11.25,-58.75,58.75,0.0,1,1.0818772924606097
1733,13.75,-58.75,58.75,0.0,1,1.066422395818437
1734,16.25,-58.75,58.75,0.0,1,1.0007177520145152
1735,18.75,-58.75,58.75,0.0,1,0.9097453679877959
1736,21.25,-58.75,58.75,0.0,1,0.8234517038118994
1737,23.75,-58.75,58.75,0.0,1,0.7491873188481266
1738,26.25,-58.75,58.75,0.0,1,0.6991348513510547
1739,28.75,-58.75,58.75,0.0,1,0.6699030706078467
1740,31.25,-58.75,58.75,0.0,3,0.6504577048995686
1741,33.75,-58.75,58.75,0.0,3,0.6346806331743168
1742,36.25,-58.75,58.75,0.0,3,0.6231085299300919
1743,38.75,-58.75,58.75,0.0,3,0.6157314237611432
1744,41.25,-58.75,58.75,0.0,3,0.6126440155892636
1745,43.75,-58.75,58.75,0.0,3,0.6114104332300822
1746,46.25,-58.75,58.75,0.0,3,0.6099455222939696
1747,48.75,-58.75,58.75,0.0,3,0.6104323283440993
1748,51.25,-58.75,58.75,0.0,3,0.6126093765762899
1749,53.75,-58.75,58.75,0.0,3,0.6156345212968269
1750,56.25,-58.75,58.75,0.0,3,0.6214000945633346
1751,58.75,-58.75,58.75,0.0,3,0.6282786133834367
1752,61.25,-58.75,58.75,0.0,3,0.6348489577083913
1753,63.75,-58.75,58.75,0.0,3,0.6421094835255242
1754,66.25,-58.75,58.75,0.0,3,0.6495445658105155
1755,68.75,-58.75,58.75,0.0,3,0.6689750786198807
1756,71.25,-58.75,58.75,0.0,3,0.7218447281398584
1757,73.75,-58.75,58.75,0.0,3,0.7921909466839899
1758,76.25,-58.75,58.75,0.0,3,0.8380390197064895
1759,78.75,-58.75,58.75,0.0,3,0.8537951233429208
1760,81.25,-58.75,58.75,0.0,3,0.8570679795425029
1761,83.75,-58.75,58.75,0.0,3,0.8399634198859216
1762,86.25,-58.75,58.75,0.0,3,0.8040542437764193
1763,88.75,-58.75,58.75,0.0,3,0.7963777129390518
1764,91.25,-58.75,58.75,0.0,3,0.7905317308356726
1765,93.75,-58.75,58.75,0.0,3,0.7833670959219345
1766,96.25,-58.75,58.75,0.0,3,0.7740680348945072
1767,98.75,-58.75,58.75,0.0,3,0.7570969308044634
1768,101.25,-58.75,58.75,0.0,3,0.7309551713616718
1769,103.75,-58.75,58.75,0.0,3,0.700176659534137
1770,106.25,-58.75,58.75,0.0,3,0.6688614557977823
1771,108.75,-58.75,58.75,0.0,3,0.638955154734726
1772,111.25,-58.75,58.75,0.0,3,0.6101031692225383
1773,113.75,-58.75,58.75,0.0,3,0.5887589453389969
1774,116.25,-58.75,58.75,0.0,3,0.5667253755082757
1775,118.75,-58.75,58.75,0.0,3,0.5402676030176569
1776,121.25,-58.75,58.75,0.0,2,0.513299660182852
1777,123.75,-58.75,58.75,0.0,2,0.4859692068623117
1778,126.25,-58.75,58.75,0.0,2,0.46300253652457124
1779,128.75,-58.75,58.75,0.0,2,0.44220226344026764
1780,131.25,-58.75,58.75,0.0,2,0.423777747458627
1781,133.75,-58.75,58.75,0.0,2,0.41000772783098904
1782,136.25,-58.75,58.75,0.0,2,0.3974189135182498
1783,138.75,-58.75,58.75,0.0,2,0.38554868511688645
1784,141.25,-58.75,58.75,0.0,2,0.3760873331723523
1785,143.75,-58.75,58.75,0.0,2,0.3688889615724404
1786,146.25,-58.75,58.75,0.0,2,0.35434469289726833
1787,148.75,-58.75,58.75,0.0,2,0.32449602927207083
1788,151.25,-58.75,58.75,0.0,2,0.30815862119892395
1789,153.75,-58.75,58.75,0.0,2,0.30838800312191067
1790,156.25,-58.75,58.75,0.0,2,0.31294344258308676
1791,158.75,-58.75,58.75,0.0,2,0.31943639524910156
1792,161.25,-58.75,58.75,0.0,2,0.3319016520498787
1793,163.75,-58.75,58.75,0.0,2,0.36909171890329473
1794,166.25,-58.75,58.75,0.0,2,0.37919491702552127
1795,168.75,-58.75,58.75,0.0,2,0.35295010951330064
1796,171.25,-58.75,58.75,0.0,2,0.34427472877734133
1797,173.75,-58.75,58.75,0.0,2,0.33920630234097665
1798,176.25,-58.75,58.75,0.0,2,0.33611446559922087
1799,178.75,-58.75,58.75,0.0,2,0.33810424294664737
1800,181.25,-58.75,58.75,0.0,2,0.34062305407257487
1801,183.75,-58.75,58.75,0.0,2,0.34324963492004595
1802,186.25,-58.75,58.75,0.0,2,0.3490908336407992
1803,188.75,-58.75,58.75,0.0,2,0.3545568040600449
1804,191.25,-58.75,58.75,0.0,2,0.3602101759318164
1805,193.75,-58.75,58.75,0.0,2,0.36679912806362786
1806,196.25,-58.75,58.75,0.0,2,0.36916792659920555
1807,198.75,-58.75,58.75,0.0,2,0.367254549071308
1808,201.25,-58.75,58.75,0.0,2,0.3691298333912004
1809,203.75,-58.75,58.75,0.0,2,0.37403672383634684
1810,206.25,-58.75,58.75,0.0,2,0.3732421607747462
1811,208.75,-58.75,58.75,0.0,2,0.37479445594796806
1812,211.25,-58.75,58.75,0.0,2,0.3760066572217119
1813,213.75,-58.75,58.75,0.0,2,0.3749186293544568
1814,216.25,-58.75,58.75,0.0,2,0.3876540596821349
1815,218.75,-58.75,58.75,0.0,2,0.41860479754653884
1816,221.25,-58.75,58.75,0.0,2,0.45283364434656553
1817,223.75,-58.75,58.75,0.0,2,0.4824558544529789
1818,226.25,-58.75,58.75,0.0,2,0.5182833811908305
1819,228.75,-58.75,58.75,0.0,2,0.5534318276248349
1820,231.25,-58.75,58.75,0.0,2,0.5687206564231767
1821,233.75,-58.75,58.75,0.0,2,0.564110644796777
1822,236.25,-58.75,58.75,0.0,2,0.5460458399597858
1823,238.75,-58.75,58.75,0.0,2,0.5353296007027003
1824,241.25,-58.75,58.75,0.0,2,0.53576196624355
1825,243.75,-58.75,58.75,0.0,2,0.5357450976384887
1826,246.25,-58.75,58.75,0.0,2,0.534922078570061
1827,248.75,-58.75,58.75,0.0,2,0.536340343632922
1828,251.25,-58.75,58.75,0.0,2,0.5437633697135322
1829,253.75,-58.75,58.75,0.0,2,0.5532760926360377
1830,256.25,-58.75,58.75,0.0,2,0.559905533778056
1831,258.75,-58.75,58.75,0.0,2,0.5634747874595947
1832,261.25,-58.75,58.75,0.0,2,0.5643176690428288
1833,263.75,-58.75,58.75,0.0,2,0.5641386704498993
1834,266.25,-58.75,58.75,0.0,2,0.5635830741053374
1835,268.75,-58.75,58.75,0.0,2,0.5625262584082229
1836,271.25,-58.75,58.75,0.0,2,0.5600858432476562
1837,273.75,-58.75,58.75,0.0,2,0.5567670296413338
1838,276.25,-58.75,58.75,0.0,2,0.5541101480589727
1839,278.75,-58.75,58.75,0.0,2,0.5521944045126727
1840,281.25,-58.75,58.75,0.0,1,0.5495109762435657
1841,283.75,-58.75,58.75,0.0,1,0.5453780498377244
1842,286.25,-58.75,58.75,0.0,1,0.5421738478567573
1843,288.75,-58.75,58.75,0.0,1,0.5463366359249349
1844,291.25,-58.75,58.75,0.0,1,0.5524351947853579
1845,293.75,-58.75,58.75,0.0,1,0.5530822499436492
1846,296.25,-58.75,58.75,0.0,1,0.5433075199373978
1847,298.75,-58.75,58.75,0.0,1,0.5333432024661148
1848,301.25,-58.75,58.75,0.0,1,0.5327645243906928
1849,303.75,-58.75,58.75,0.0,1,0.538282275855849
1850,306.25,-58.75,58.75,0.0,1,0.5503292156909678
1851,308.75,-58.75,58.75,0.0,1,0.5690404952044774
1852,311.25,-58.75,58.75,0.0,1,0.5920363209241857
1853,313.75,-58.75,58.75,0.0,1,0.600204632296924
1854,316.25,-58.75,58.75,0.0,1,0.6061715217588488
1855,318.75,-58.75,58.75,0.0,1,0.6222486146748196
1856,321.25,-58.75,58.75,0.0,1,0.6481000923360632
1857,323.75,-58.75,58.75,0.0,1,0.6811371436997145
1858,326.25,-58.75,58.75,0.0,1,0.7163096309780805
1859,328.75,-58.75,58.75,0.0,1,0.7478235919617598
1860,331.25,-58.75,58.75,0.0,1,0.7695455806327768
1861,333.75,-58.75,58.75,0.0,1,0.7908578436806656
1862,336.25,-58.75,58.75,0.0,1,0.8292670815253748
1863,338.75,-58.75,58.75,0.0,1,0.8485442257136366
1864,341.25,-58.75,58.75,0.0,1,0.8666704758812176
1865,343.75,-58.75,58.75,0.0,1,0.8875449299660626
1866,346.25,-58.75,58.75,0.0,1,0.9100805640983262
1867,348.75,-58.75,58.75,0.0,1,0.929364056534371
1868,351.25,-58.75,58.75,0.0,1,0.9439512471677394
1869,353.75,-58.75,58.75,0.0,1,0.9574282378514876
1870,356.25,-58.75,58.75,0.0,1,0.9706571879432129
1871,358.75,-58.75,58.75,0.0,1,0.9871942234153838
1872,1.25,-56.25,56.25,0.0,1,0.7353905558558979
1873,3.75,-56.25,56.25,0.0,1,0.7370807599786444
1874,6.25,-56.25,56.25,0.0,1,0.745085705047093
1875,8.75,-56.25,56.25,0.0,1,0.7707073163183702
1876,11.25,-56.25,56.25,0.0,1,0.8021581372236749
1877,13.75,-56.25,56.25,0.0,1,0.8033128649577636
1878,16.25,-56.25,56.25,0.0,1,0.7670003142135047
1879,18.75,-56.25,56.25,0.0,1,0.7170989797525512
1880,21.25,-56.25,56.25,0.0,1,0.6686415682964518
1881,23.75,-56.25,56.25,0.0,1,0.6233589628314028
1882,26.25,-56.25,56.25,0.0,1,0.5933418876180124
1883,28.75,-56.25,56.25,0.0,1,0.5749446980352564
1884,31.25,-56.25,56.25,0.0,3,0.5585061837774464
1885,33.75,-56.25,56.25,0.0,3,0.5444015024414797
1886,36.25,-56.25,56.25,0.0,3,0.5359004127120193
1887,38.75,-56.25,56.25,0.0,3,0.533418385878828
1888,41.25,-56.25,56.25,0.0,3,0.534125651999266
1889,43.75,-56.25,56.25,0.0,3,0.5352851975346015
1890,46.25,-56.25,56.25,0.0,3,0.5320289873475005
1891,48.75,-56.25,56.25,0.0,3,0.5250830757473082
1892,51.25,-56.25,56.25,0.0,3,0.5202042331890107
1893,53.75,-56.25,56.25,0.0,3,0.5189098269555548
1894,56.25,-56.25,56.25,0.0,3,0.521980483561823
1895,58.75,-56.25,56.25,0.0,3,0.5229651482048869
1896,61.25,-56.25,56.25,0.0,3,0.5200822172874662
1897,63.75,-56.25,56.25,0.0,3,0.515221425497075
1898,66.25,-56.25,56.25,0.0,3,0.5133744190320337
1899,68.75,-56.25,56.25,0.0,3,0.5152971797994828
1900,71.25,-56.25,56.25,0.0,3,0.5185719250871295
1901,73.75,-56.25,56.25,0.0,3,0.523411900716972
1902,76.25,-56.25,56.25,0.0,3,0.5445041243755703
1903,78.75,-56.25,56.25,0.0,3,0.5726069289501735
1904,81.25,-56.25,56.25,0.0,3,0.5963015160182837
1905,83.75,-56.25,56.25,0.0,3,0.6186308051416641
1906,86.25,-56.25,56.25,0.0,3,0.6355797018709248
1907,88.75,-56.25,56.25,0.0,3,0.6411453208286564
1908,91.25,-56.25,56.25,0.0,3,0.6331167196064409
1909,93.75,-56.25,56.25,0.0,3,0.6237341840396107
1910,96.25,-56.25,56.25,0.0,3,0.6008847629733305
1911,98.75,-56.25,56.25,0.0,3,0.5697640311238339
1912,101.25,-56.25,56.25,0.0,3,0.5482872296442143
1913,103.75,-56.25,56.25,0.0,3,0.5350450656222142
1914,106.25,-56.25,56.25,0.0,3,0.5294605509744591
1915,108.75,-56.25,56.25,0.0,3,0.5194448405064308
1916,111.25,-56.25,56.25,0.0,3,0.5039841539316833
1917,113.75,-56.25,56.25,0.0,3,0.4966394482217448
1918,116.25,-56.25,56.25,0.0,3,0.4876795870425122
1919,118.75,-56.25,56.25,0.0,3,0.47181879350650857
1920,121.25,-56.25,56.25,0.0,2,0.4578750675187685
1921,123.75,-56.25,56.25,0.0,2,0.44298968310596204
1922,126.25,-56.25,56.25,0.0,2,0.4278118921594234
1923,128.75,-56.25,56.25,0.0,2,0.41640669927641905
1924,131.25,-56.25,56.25,0.0,2,0.40426739981884446
1925,133.75,-56.25,56.25,0.0,2,0.3897225691071594
1926,136.25,-56.25,56.25,0.0,2,0.37591886489149384
1927,138.75,-56.25,56.25,0.0,2,0.3650645028111486
1928,141.25,-56.25,56.25,0.0,2,0.352700471975065
1929,143.75,-56.25,56.25,0.0,2,0.3381448613961368
1930,146.25,-56.25,56.25,0.0,2,0.32480096241146456
1931,148.75,-56.25,56.25,0.0,2,0.33037380774865266
1932,151.25,-56.25,56.25,0.0,2,0.33830014171517947
1933,153.75,-56.25,56.25,0.0,2,0.33463372025574456
1934,156.25,-56.25,56.25,0.0,2,0.3291648526804249
1935,158.75,-56.25,56.25,0.0,2,0.3261394695820368
1936,161.25,-56.25,56.25,0.0,2,0.33246507012741217
1937,163.75,-56.25,56.25,0.0,2,0.3459662040919001
1938,166.25,-56.25,56.25,0.0,2,0.34788440347819843
1939,168.75,-56.25,56.25,0.0,2,0.34485705679867296
1940,171.25,-56.25,56.25,0.0,2,0.34531980183958605
1941,173.75,-56.25,56.25,0.0,2,0.3459274143030821
1942,176.25,-56.25,56.25,0.0,2,0.3467770501717588
1943,178.75,-56.25,56.25,0.0,2,0.34801024374290224
1944,181.25,-56.25,56.25,0.0,2,0.35271358156128707
1945,183.75,-56.25,56.25,0.0,2,0.3584187330818054
1946,186.25,-56.25,56.25,0.0,2,0.36394695349124806
1947,188.75,-56.25,56.25,0.0,2,0.369398702489878
1948,191.25,-56.25,56.25,0.0,2,0.3718630073725933
1949,193.75,-56.25,56.25,0.0,2,0.3734275053584948
1950,196.25,-56.25,56.25,0.0,2,0.37154425887711107
1951,198.75,-56.25,56.25,0.0,2,0.36689050443118154
1952,201.25,-56.25,56.25,0.0,2,0.36580314538952835
1953,203.75,-56.25,56.25,0.0,2,0.36298519913076677
1954,206.25,-56.25,56.25,0.0,2,0.35533691993797517
1955,208.75,-56.25,56.25,0.0,2,0.35388423177787226
1956,211.25,-56.25,56.25,0.0,2,0.3531754341227231
1957,213.75,-56.25,56.25,0.0,2,0.3458688440291653
1958,216.25,-56.25,56.25,0.0,2,0.33542521976429435
1959,218.75,-56.25,56.25,0.0,2,0.33325677747769916
1960,221.25,-56.25,56.25,0.0,2,0.3447362908493549
1961,223.75,-56.25,56.25,0.0,2,0.3612447704174014
1962,226.25,-56.25,56.25,0.0,2,0.38428696357148806
1963,228.75,-56.25,56.25,0.0,2,0.40360695629960114
1964,231.25,-56.25,56.25,0.0,2,0.4329537038973847
1965,233.75,-56.25,56.25,0.0,2,0.46033835717299487
1966,236.25,-56.25,56.25,0.0,2,0.47263991530540844
1967,238.75,-56.25,56.25,0.0,2,0.4782406729775671
1968,241.25,-56.25,56.25,0.0,2,0.47964042243303384
1969,243.75,-56.25,56.25,0.0,2,0.4755748829096364
1970,246.25,-56.25,56.25,0.0,2,0.4687233873976391
1971,248.75,-56.25,56.25,0.0,2,0.4677797219718481
1972,251.25,-56.25,56.25,0.0,2,0.4763415907588262
1973,253.75,-56.25,56.25,0.0,2,0.4877852414024311
1974,256.25,-56.25,56.25,0.0,2,0.49652622845489747
1975,258.75,-56.25,56.25,0.0,2,0.5019099150552182
1976,261.25,-56.25,56.25,0.0,2,0.504133790053226
1977,263.75,-56.25,56.25,0.0,2,0.5040416732016239
1978,266.25,-56.25,56.25,0.0,2,0.5014799864523367
1979,268.75,-56.25,56.25,0.0,2,0.4993262148958284
1980,271.25,-56.25,56.25,0.0,2,0.49816014317567114
1981,273.75,-56.25,56.25,0.0,2,0.49725424513630295
1982,276.25,-56.25,56.25,0.0,2,0.495073029684703
1983,278.75,-56.25,56.25,0.0,2,0.49082019991775044
1984,281.25,-56.25,56.25,0.0,1,0.48243151289571123
1985,283.75,-56.25,56.25,0.0,1,0.46476313645904876
1986,286.25,-56.25,56.25,0.0,1,0.4403466397313917
1987,288.75,-56.25,56.25,0.0,1,0.42885743753062544
1988,291.25,-56.25,56.25,0.0,1,0.4363855728887088
1989,293.75,-56.25,56.25,0.0,1,0.4391758648178269
1990,296.25,-56.25,56.25,0.0,1,0.451904796030764
1991,298.75,-56.25,56.25,0.0,1,0.4508517613981332
1992,301.25,-56.25,56.25,0.0,1,0.4442288452452749
1993,303.75,-56.25,56.25,0.0,1,0.44232080191889744
1994,306.25,-56.25,56.25,0.0,1,0.4430803808677651
1995,308.75,-56.25,56.25,0.0,1,0.4440726814477173
1996,311.25,-56.25,56.25,0.0,1,0.4513159189191742
1997,313.75,-56.25,56.25,0.0,1,0.46506753789654354
1998,316.25,-56.25,56.25,0.0,1,0.48368142139718073
1999,318.75,-56.25,56.25,0.0,1,0.5017865671180156
2000,321.25,-56.25,56.25,0.0,1,0.5132510205685097
2001,323.75,-56.25,56.25,0.0,1,0.5311913055826807
2002,326.25,-56.25,56.25,0.0,1,0.5619165554902575
2003,328.75,-56.25,56.25,0.0,1,0.6100095513186036
2004,331.25,-56.25,56.25,0.0,1,0.6474429250882554
2005,333.75,-56.25,56.25,0.0,1,0.6679971322449553
2006,336.25,-56.25,56.25,0.0,1,0.6835021707494487
2007,338.75,-56.25,56.25,0.0,1,0.6874823330095889
2008,341.25,-56.25,56.25,0.0,1,0.694532158773767
2009,343.75,-56.25,56.25,0.0,1,0.707848594517978
2010,346.25,-56.25,56.25,0.0,1,0.7252329854167887
2011,348.75,-56.25,56.25,0.0,1,0.7432001448066415
2012,351.25,-56.25,56.25,0.0,1,0.7511236154849226
2013,353.75,-56.25,56.25,0.0,1,0.7451418070811685
2014,356.25,-56.25,56.25,0.0,1,0.7381400320531377
2015,358.75,-56.25,56.25,0.0,1,0.7345835155192915
2016,1.25,-53.75,53.75,0.0,1,0.6461611045981702
2017,3.75,-53.75,53.75,0.0,1,0.6398603389839652
2018,6.25,-53.75,53.75,0.0,1,0.6319773673781638
2019,8.75,-53.75,53.75,0.0,1,0.6420355941697615
2020,11.25,-53.75,53.75,0.0,1,0.659426687873854
2021,13.75,-53.75,53.75,0.0,1,0.6510549486922413
2022,16.25,-53.75,53.75,0.0,1,0.6300896951481076
2023,18.75,-53.75,53.75,0.0,1,0.6110890642843698
2024,21.25,-53.75,53.75,0.0,1,0.590268283598032
2025,23.75,-53.75,53.75,0.0,1,0.5716733285804914
2026,26.25,-53.75,53.75,0.0,1,0.5551377654112877
2027,28.75,-53.75,53.75,0.0,1,0.5469795149972001
2028,31.25,-53.75,53.75,0.0,3,0.5350727452889013
2029,33.75,-53.75,53.75,0.0,3,0.520191284626053
2030,36.25,-53.75,53.75,0.0,3,0.5145308919327436
2031,38.75,-53.75,53.75,0.0,3,0.5131874266130089
2032,41.25,-53.75,53.75,0.0,3,0.5111901668825038
2033,43.75,-53.75,53.75,0.0,3,0.5107972688898699
2034,46.25,-53.75,53.75,0.0,3,0.5078239732867349
2035,48.75,-53.75,53.75,0.0,3,0.5005881277319313
2036,51.25,-53.75,53.75,0.0,3,0.49304691853623483
2037,53.75,-53.75,53.75,0.0,3,0.48987791951242315
2038,56.25,-53.75,53.75,0.0,3,0.4901659010363567
2039,58.75,-53.75,53.75,0.0,3,0.48876166325533726
2040,61.25,-53.75,53.75,0.0,3,0.48207824391789195
2041,63.75,-53.75,53.75,0.0,3,0.47080931159834616
2042,66.25,-53.75,53.75,0.0,3,0.46268695237953694
2043,68.75,-53.75,53.75,0.0,3,0.45963348897738127
2044,71.25,-53.75,53.75,0.0,3,0.46017550979460603
2045,73.75,-53.75,53.75,0.0,3,0.463557432634192
2046,76.25,-53.75,53.75,0.0,3,0.4666808550862188
2047,78.75,-53.75,53.75,0.0,3,0.4777467459264701
2048,81.25,-53.75,53.75,0.0,3,0.5026147235220305
2049,83.75,-53.75,53.75,0.0,3,0.5245845874493947
2050,86.25,-53.75,53.75,0.0,3,0.5561265995575857
2051,88.75,-53.75,53.75,0.0,3,0.5798613904261509
2052,91.25,-53.75,53.75,0.0,3,0.568061815519415
2053,93.75,-53.75,53.75,0.0,3,0.564135137100095
2054,96.25,-53.75,53.75,0.0,3,0.5488194975239439
2055,98.75,-53.75,53.75,0.0,3,0.5325377140037202
2056,101.25,-53.75,53.75,0.0,3,0.5425969976835041
2057,103.75,-53.75,53.75,0.0,3,0.5331799979508414
2058,106.25,-53.75,53.75,0.0,3,0.5126568587607184
2059,108.75,-53.75,53.75,0.0,3,0.500533136000735
2060,111.25,-53.75,53.75,0.0,3,0.4869230734468951
2061,113.75,-53.75,53.75,0.0,3,0.4773450121008595
2062,116.25,-53.75,53.75,0.0,3,0.47441927920679894
2063,118.75,-53.75,53.75,0.0,3,0.4657211765502823
2064,121.25,-53.75,53.75,0.0,2,0.4548445565156539
2065,123.75,-53.75,53.75,0.0,2,0.44547891646274035
2066,126.25,-53.75,53.75,0.0,2,0.4337007216607417
2067,128.75,-53.75,53.75,0.0,2,0.4192468066820391
2068,131.25,-53.75,53.75,0.0,2,0.40177600539703157
2069,133.75,-53.75,53.75,0.0,2,0.3835146556026655
2070,136.25,-53.75,53.75,0.0,2,0.36596731237687136
2071,138.75,-53.75,53.75,0.0,2,0.35076947600782193
2072,141.25,-53.75,53.75,0.0,2,0.3344011707177733
2073,143.75,-53.75,53.75,0.0,2,0.32245263400972013
2074,146.25,-53.75,53.75,0.0,2,0.3126701823424317
2075,148.75,-53.75,53.75,0.0,2,0.32619855002270953
2076,151.25,-53.75,53.75,0.0,2,0.3339956350717188
2077,153.75,-53.75,53.75,0.0,2,0.3283937979014808
2078,156.25,-53.75,53.75,0.0,2,0.32208913734040767
2079,158.75,-53.75,53.75,0.0,2,0.3134785917395725
2080,161.25,-53.75,53.75,0.0,2,0.3142320208783964
2081,163.75,-53.75,53.75,0.0,2,0.32148914085046193
2082,166.25,-53.75,53.75,0.0,2,0.3258532238744653
2083,168.75,-53.75,53.75,0.0,2,0.3310892394793195
2084,171.25,-53.75,53.75,0.0,2,0.3391081655485102
2085,173.75,-53.75,53.75,0.0,2,0.34792288864473764
2086,176.25,-53.75,53.75,0.0,2,0.3529606968673232
2087,178.75,-53.75,53.75,0.0,2,0.35259799032171957
2088,181.25,-53.75,53.75,0.0,2,0.35308756132117336
2089,183.75,-53.75,53.75,0.0,2,0.35916679220333125
2090,186.25,-53.75,53.75,0.0,2,0.36672573965870975
2091,188.75,-53.75,53.75,0.0,2,0.3731228116851187
2092,191.25,-53.75,53.75,0.0,2,0.37770128025508587
2093,193.75,-53.75,53.75,0.0,2,0.37620377974562114
2094,196.25,-53.75,53.75,0.0,2,0.36592884498388517
2095,198.75,-53.75,53.75,0.0,2,0.3575465559298917
2096,201.25,-53.75,53.75,0.0,2,0.35517012668335785
2097,203.75,-53.75,53.75,0.0,2,0.3556828665752746
2098,206.25,-53.75,53.75,0.0,2,0.3562854187084797
2099,208.75,-53.75,53.75,0.0,2,0.3553433068361762
2100,211.25,-53.75,53.75,0.0,2,0.34276374433544593
2101,213.75,-53.75,53.75,0.0,2,0.31357331134845245
2102,216.25,-53.75,53.75,0.0,2,0.28698574194260973
2103,218.75,-53.75,53.75,0.0,2,0.2939175884300311
2104,221.25,-53.75,53.75,0.0,2,0.3118884515029186
2105,223.75,-53.75,53.75,0.0,2,0.32988548451162525
2106,226.25,-53.75,53.75,0.0,2,0.35336941659879284
2107,228.75,-53.75,53.75,0.0,2,0.38270465226858
2108,231.25,-53.75,53.75,0.0,2,0.4146363177491365
2109,233.75,-53.75,53.75,0.0,2,0.4338125763704656
2110,236.25,-53.75,53.75,0.0,2,0.439032970756535
2111,238.75,-53.75,53.75,0.0,2,0.4426820387140446
2112,241.25,-53.75,53.75,0.0,2,0.44309111785278515
2113,243.75,-53.75,53.75,0.0,2,0.43439784584069174
2114,246.25,-53.75,53.75,0.0,2,0.42664516009070136
2115,248.75,-53.75,53.75,0.0,2,0.4300936907320113
2116,251.25,-53.75,53.75,0.0,2,0.44067587098160377
2117,253.75,-53.75,53.75,0.0,2,0.4493806450877936
2118,256.25,-53.75,53.75,0.0,2,0.45633968081010523
2119,258.75,-53.75,53.75,0.0,2,0.4635578197966883
2120,261.25,-53.75,53.75,0.0,2,0.46640743591804146
2121,263.75,-53.75,53.75,0.0,2,0.4675137944967081
2122,266.25,-53.75,53.75,0.0,2,0.46749437448018916
2123,268.75,-53.75,53.75,0.0,2,0.4665413712092616
2124,271.25,-53.75,53.75,0.0,2,0.4659836202212448
2125,273.75,-53.75,53.75,0.0,2,0.46572826395211664
2126,276.25,-53.75,53.75,0.0,2,0.46425637401536923
2127,278.75,-53.75,53.75,0.0,2,0.4603838916417504
2128,281.25,-53.75,53.75,0.0,1,0.44570886301505086
2129,283.75,-53.75,53.75,0.0,1,0.415509613936206
2130,286.25,-53.75,53.75,0.0,1,0.4194852646026202
2131,288.75,-53.75,53.75,0.0,1,0.49598670744805656
2132,291.25,-53.75,53.75,1.0,0,0.5641328942202958
2133,293.75,-53.75,53.75,0.0,1,0.47720514959216614
2134,296.25,-53.75,53.75,0.0,1,0.4295356128611092
2135,298.75,-53.75,53.75,0.0,1,0.420445527973042
2136,301.25,-53.75,53.75,0.0,1,0.417620445505721
2137,303.75,-53.75,53.75,0.0,1,0.4077879994038966
2138,306.25,-53.75,53.75,0.0,1,0.40168550884042126
2139,308.75,-53.75,53.75,0.0,1,0.4015689971646417
2140,311.25,-53.75,53.75,0.0,1,0.4074631254815835
2141,313.75,-53.75,53.75,0.0,1,0.42178537916265235
2142,316.25,-53.75,53.75,0.0,1,0.45171332240636314
2143,318.75,-53.75,53.75,0.0,1,0.4749662853507434
2144,321.25,-53.75,53.75,0.0,1,0.4921422335182501
2145,323.75,-53.75,53.75,0.0,1,0.511771316180169
2146,326.25,-53.75,53.75,0.0,1,0.5382689560365971
2147,328.75,-53.75,53.75,0.0,1,0.5664675819115895
2148,331.25,-53.75,53.75,0.0,1,0.5936776008408209
2149,333.75,-53.75,53.75,0.0,1,0.613408645303211
2150,336.25,-53.75,53.75,0.0,1,0.6208141052709935
2151,338.75,-53.75,53.75,0.0,1,0.6251848043954307
2152,341.25,-53.75,53.75,0.0,1,0.6346999236172065
2153,343.75,-53.75,53.75,0.0,1,0.6520422317838181
2154,346.25,-53.75,53.75,0.0,1,0.6726978359638919
2155,348.75,-53.75,53.75,0.0,1,0.6913915275741633
2156,351.25,-53.75,53.75,0.0,1,0.6902251363196767
2157,353.75,-53.75,53.75,0.0,1,0.6717774381456431
2158,356.25,-53.75,53.75,0.0,1,0.6586249114506146
2159,358.75,-53.75,53.75,0.0,1,0.6503505980388012
2160,1.25,-51.25,51.25,0.0,1,0.6407433184517963
2161,3.75,-51.25,51.25,0.0,1,0.6515116663765715
2162,6.25,-51.25,51.25,0.0,1,0.6546727099963322
2163,8.75,-51.25,51.25,0.0,1,0.6560878485934022
2164,11.25,-51.25,51.25,0.0,1,0.657860802610539
2165,13.75,-51.25,51.25,0.0,1,0.6121029212268058
2166,16.25,-51.25,51.25,0.0,1,0.5880538030975092
2167,18.75,-51.25,51.25,0.0,1,0.5780030255197595
2168,21.25,-51.25,51.25,0.0,1,0.5627591988971552
2169,23.75,-51.25,51.25,0.0,1,0.55175186473533
2170,26.25,-51.25,51.25,0.0,1,0.5560473232841995
2171,28.75,-51.25,51.25,0.0,1,0.5532964114058425
2172,31.25,-51.25,51.25,0.0,3,0.5336518346671497
2173,33.75,-51.25,51.25,0.0,3,0.5127729547664641
2174,36.25,-51.25,51.25,0.0,3,0.5051806584994261
2175,38.75,-51.25,51.25,0.0,3,0.5047302599105051
2176,41.25,-51.25,51.25,0.0,3,0.502513539942489
2177,43.75,-51.25,51.25,0.0,3,0.4994331743691148
2178,46.25,-51.25,51.25,0.0,3,0.491127081618765
2179,48.75,-51.25,51.25,0.0,3,0.4824234955864963
2180,51.25,-51.25,51.25,0.0,3,0.47955078980806387
2181,53.75,-51.25,51.25,0.0,3,0.47985026383401647
2182,56.25,-51.25,51.25,0.0,3,0.47900460244314147
2183,58.75,-51.25,51.25,0.0,3,0.4710580548166064
2184,61.25,-51.25,51.25,0.0,3,0.4504109078243587
2185,63.75,-51.25,51.25,0.0,3,0.4310131934108008
2186,66.25,-51.25,51.25,0.0,3,0.42710994484480647
2187,68.75,-51.25,51.25,0.0,3,0.43141456747984713
2188,71.25,-51.25,51.25,0.0,3,0.43345224910289726
2189,73.75,-51.25,51.25,0.0,3,0.42782731934690876
2190,76.25,-51.25,51.25,0.0,3,0.4148234872856901
2191,78.75,-51.25,51.25,0.0,3,0.4302975874509666
2192,81.25,-51.25,51.25,0.0,3,0.5176187502470222
2193,83.75,-51.25,51.25,0.0,3,0.5502783461205991
2194,86.25,-51.25,51.25,0.0,3,0.5453370731766094
2195,88.75,-51.25,51.25,0.0,3,0.5466730827803075
2196,91.25,-51.25,51.25,0.0,3,0.544238684685672
2197,93.75,-51.25,51.25,0.0,3,0.5532189216363546
2198,96.25,-51.25,51.25,0.0,3,0.551562769314225
2199,98.75,-51.25,51.25,0.0,3,0.5406932054333021
2200,101.25,-51.25,51.25,0.0,3,0.531848873266055
2201,103.75,-51.25,51.25,0.0,3,0.5198242305192787
2202,106.25,-51.25,51.25,0.0,3,0.5047574412997745
2203,108.75,-51.25,51.25,0.0,3,0.49079458620140426
2204,111.25,-51.25,51.25,0.0,3,0.4767118790608684
2205,113.75,-51.25,51.25,0.0,3,0.4658626669040299
2206,116.25,-51.25,51.25,0.0,3,0.4627643063418941
2207,118.75,-51.25,51.25,0.0,3,0.4599980647954764
2208,121.25,-51.25,51.25,0.0,2,0.4549002409451694
2209,123.75,-51.25,51.25,0.0,2,0.4454214519912222
2210,126.25,-51.25,51.25,0.0,2,0.4279578817876593
2211,128.75,-51.25,51.25,0.0,2,0.4062050514639276
2212,131.25,-51.25,51.25,0.0,2,0.38573998363889045
2213,133.75,-51.25,51.25,0.0,2,0.36755075429528866
2214,136.25,-51.25,51.25,0.0,2,0.3508459186961366
2215,138.75,-51.25,51.25,0.0,2,0.33969146521753246
2216,141.25,-51.25,51.25,0.0,2,0.3450938920463917
2217,143.75,-51.25,51.25,0.0,2,0.3514100245953423
2218,146.25,-51.25,51.25,0.0,2,0.34389034399347324
2219,148.75,-51.25,51.25,0.0,2,0.34263492097559595
2220,151.25,-51.25,51.25,0.0,2,0.3374248969530656
2221,153.75,-51.25,51.25,0.0,2,0.33467626868723505
2222,156.25,-51.25,51.25,0.0,2,0.33266493010068476
2223,158.75,-51.25,51.25,0.0,2,0.33221503814530184
2224,161.25,-51.25,51.25,0.0,2,0.33558833766877016
2225,163.75,-51.25,51.25,0.0,2,0.34204301487734284
2226,166.25,-51.25,51.25,0.0,2,0.3507890708849092
2227,168.75,-51.25,51.25,0.0,2,0.35232503811565513
2228,171.25,-51.25,51.25,0.0,2,0.35505915440426655
2229,173.75,-51.25,51.25,0.0,2,0.3622718327056048
2230,176.25,-51.25,51.25,0.0,2,0.37627192354222905
2231,178.75,-51.25,51.25,0.0,2,0.39066777829285765
2232,181.25,-51.25,51.25,0.0,2,0.3943225246246833
2233,183.75,-51.25,51.25,0.0,2,0.39528362051739907
2234,186.25,-51.25,51.25,0.0,2,0.39291006271372253
2235,188.75,-51.25,51.25,0.0,2,0.3916592960573597
2236,191.25,-51.25,51.25,0.0,2,0.3879316159366327
2237,193.75,-51.25,51.25,0.0,2,0.374327296953668
2238,196.25,-51.25,51.25,0.0,2,0.35620832534427027
2239,198.75,-51.25,51.25,0.0,2,0.3501953681667458
2240,201.25,-51.25,51.25,0.0,2,0.35385804534476334
2241,203.75,-51.25,51.25,0.0,2,0.3595930886472783
2242,206.25,-51.25,51.25,0.0,2,0.3598417996501424
2243,208.75,-51.25,51.25,0.0,2,0.34524685344762324
2244,211.25,-51.25,51.25,0.0,2,0.3142869703587834
2245,213.75,-51.25,51.25,0.0,2,0.28213394622927956
2246,216.25,-51.25,51.25,0.0,2,0.25671477838348783
2247,218.75,-51.25,51.25,0.0,2,0.2539289986526351
2248,221.25,-51.25,51.25,0.0,2,0.29654364260001653
2249,223.75,-51.25,51.25,0.0,2,0.34575504723314876
2250,226.25,-51.25,51.25,0.0,2,0.39268270338865885
2251,228.75,-51.25,51.25,0.0,2,0.40506268569841924
2252,231.25,-51.25,51.25,0.0,2,0.4067210223403248
2253,233.75,-51.25,51.25,0.0,2,0.40948555694064187
2254,236.25,-51.25,51.25,0.0,2,0.40793545318049507
2255,238.75,-51.25,51.25,0.0,2,0.4085557605946204
2256,241.25,-51.25,51.25,0.0,2,0.4103609996703038
2257,243.75,-51.25,51.25,0.0,2,0.4059622059077149
2258,246.25,-51.25,51.25,0.0,2,0.40059888046234793
2259,248.75,-51.25,51.25,0.0,2,0.40186296973230595
2260,251.25,-51.25,51.25,0.0,2,0.4070159919061636
2261,253.75,-51.25,51.25,0.0,2,0.4126042331155245
2262,256.25,-51.25,51.25,0.0,2,0.42021421542321086
2263,258.75,-51.25,51.25,0.0,2,0.4294463063532671
2264,261.25,-51.25,51.25,0.0,2,0.4344710054598294
2265,263.75,-51.25,51.25,0.0,2,0.4375388074160934
2266,266.25,-51.25,51.25,0.0,2,0.4415446139689911
2267,268.75,-51.25,51.25,0.0,2,0.44386922722705957
2268,271.25,-51.25,51.25,0.0,2,0.4448294966026018
2269,273.75,-51.25,51.25,0.0,2,0.44429077744759615
2270,276.25,-51.25,51.25,0.0,2,0.442630683145193
2271,278.75,-51.25,51.25,0.0,2,0.437194142100043
2272,281.25,-51.25,51.25,0.0,1,0.4115681882920123
2273,283.75,-51.25,51.25,0.0,1,0.395153769529213
2274,286.25,-51.25,51.25,0.0,0,0.4869220671387635
2275,288.75,-51.25,51.25,1.0,0,0.6149581957591389
2276,291.25,-51.25,51.25,0.0,1,0.4984924243162749
2277,293.75,-51.25,51.25,0.0,1,0.46068058367027975
2278,296.25,-51.25,51.25,0.0,1,0.44059227963113407
2279,298.75,-51.25,51.25,0.0,1,0.4349136061481983
2280,301.25,-51.25,51.25,0.0,1,0.466167411627662
2281,303.75,-51.25,51.25,0.0,1,0.4085642397071842
2282,306.25,-51.25,51.25,0.0,1,0.3923168303699822
2283,308.75,-51.25,51.25,0.0,1,0.3942129177251428
2284,311.25,-51.25,51.25,0.0,1,0.41438018059908527
2285,313.75,-51.25,51.25,0.0,1,0.44134802854757127
2286,316.25,-51.25,51.25,0.0,1,0.4580541574513603
2287,318.75,-51.25,51.25,0.0,1,0.46527125493201393
2288,321.25,-51.25,51.25,0.0,1,0.47875403166582386
2289,323.75,-51.25,51.25,0.0,1,0.4953165502731517
2290,326.25,-51.25,51.25,0.0,1,0.5114343446221563
2291,328.75,-51.25,51.25,0.0,1,0.52782136047785
2292,331.25,-51.25,51.25,0.0,1,0.555508126150973
2293,333.75,-51.25,51.25,0.0,1,0.5732102479792172
2294,336.25,-51.25,51.25,0.0,1,0.5773125802186407
2295,338.75,-51.25,51.25,0.0,1,0.5880639919101971
2296,341.25,-51.25,51.25,0.0,1,0.5990046543499956
2297,343.75,-51.25,51.25,0.0,1,0.6170735126986611
2298,346.25,-51.25,51.25,0.0,1,0.6350020763981603
2299,348.75,-51.25,51.25,0.0,1,0.6509196377845627
2300,351.25,-51.25,51.25,0.0,1,0.6472022658669615
2301,353.75,-51.25,51.25,0.0,1,0.6293830901016844
2302,356.25,-51.25,51.25,0.0,1,0.6334750817747967
2303,358.75,-51.25,51.25,0.0,1,0.6338618929372902
2304,1.25,-48.75,48.75,0.0,1,0.6310133770699745
2305,3.75,-48.75,48.75,0.0,1,0.6346224421769762
2306,6.25,-48.75,48.75,0.0,1,0.6322256807666675
2307,8.75,-48.75,48.75,0.0,1,0.6339177510317227
2308,11.25,-48.75,48.75,0.0,1,0.6296492604820367
2309,13.75,-48.75,48.75,0.0,1,0.617742447945254
2310,16.25,-48.75,48.75,0.0,1,0.5915193238166254
2311,18.75,-48.75,48.75,0.0,1,0.5710968294914454
2312,21.25,-48.75,48.75,0.0,1,0.5527831485711651
2313,23.75,-48.75,48.75,0.0,1,0.5375708569041244
2314,26.25,-48.75,48.75,0.0,1,0.5389925361681688
2315,28.75,-48.75,48.75,0.0,1,0.531816675584057
2316,31.25,-48.75,48.75,0.0,3,0.517962855259576
2317,33.75,-48.75,48.75,0.0,3,0.5101667876288455
2318,36.25,-48.75,48.75,0.0,3,0.5081281783150661
2319,38.75,-48.75,48.75,0.0,3,0.5057264719749209
2320,41.25,-48.75,48.75,0.0,3,0.49893642636119007
2321,43.75,-48.75,48.75,0.0,3,0.49132814824556603
2322,46.25,-48.75,48.75,0.0,3,0.48209102441801543
2323,48.75,-48.75,48.75,0.0,3,0.4766224145524731
2324,51.25,-48.75,48.75,0.0,3,0.4767670729511037
2325,53.75,-48.75,48.75,0.0,3,0.4794536962411219
2326,56.25,-48.75,48.75,0.0,3,0.4727814800044542
2327,58.75,-48.75,48.75,0.0,3,0.44453606879496177
2328,61.25,-48.75,48.75,0.0,3,0.4096639881770882
2329,63.75,-48.75,48.75,0.0,3,0.39386131287837334
2330,66.25,-48.75,48.75,0.0,3,0.4010914683844805
2331,68.75,-48.75,48.75,0.0,3,0.4116260526482894
2332,71.25,-48.75,48.75,0.0,3,0.40868332056798173
2333,73.75,-48.75,48.75,0.0,3,0.4082351624406879
2334,76.25,-48.75,48.75,0.0,3,0.42059900514312976
2335,78.75,-48.75,48.75,0.0,3,0.4377624363642082
2336,81.25,-48.75,48.75,0.0,3,0.4651557869385156
2337,83.75,-48.75,48.75,0.0,3,0.4865918682442877
2338,86.25,-48.75,48.75,0.0,3,0.5028633309734684
2339,88.75,-48.75,48.75,0.0,3,0.5138566773770976
2340,91.25,-48.75,48.75,0.0,3,0.5152558334807504
2341,93.75,-48.75,48.75,0.0,3,0.5142530276033516
2342,96.25,-48.75,48.75,0.0,3,0.5137177344582589
2343,98.75,-48.75,48.75,0.0,3,0.5111163032265195
2344,101.25,-48.75,48.75,0.0,3,0.50370241846097
2345,103.75,-48.75,48.75,0.0,3,0.4965036136324202
2346,106.25,-48.75,48.75,0.0,3,0.49144054755410693
2347,108.75,-48.75,48.75,0.0,3,0.4858633693797261
2348,111.25,-48.75,48.75,0.0,3,0.48215513963698137
2349,113.75,-48.75,48.75,0.0,3,0.4770715753740762
2350,116.25,-48.75,48.75,0.0,3,0.4677343070681808
2351,118.75,-48.75,48.75,0.0,3,0.456378128790558
2352,121.25,-48.75,48.75,0.0,2,0.4467971404777728
2353,123.75,-48.75,48.75,0.0,2,0.43334453674573087
2354,126.25,-48.75,48.75,0.0,2,0.4167230706164826
2355,128.75,-48.75,48.75,0.0,2,0.39897689325899377
2356,131.25,-48.75,48.75,0.0,2,0.38229771001317603
2357,133.75,-48.75,48.75,0.0,2,0.36842197491308515
2358,136.25,-48.75,48.75,0.0,2,0.3619010542404417
2359,138.75,-48.75,48.75,0.0,2,0.3656030454128575
2360,141.25,-48.75,48.75,0.0,2,0.37319656806838825
2361,143.75,-48.75,48.75,0.0,2,0.37538594660456
2362,146.25,-48.75,48.75,0.0,2,0.38342053183094216
2363,148.75,-48.75,48.75,0.0,2,0.3903598762986403
2364,151.25,-48.75,48.75,0.0,2,0.39370515178110627
2365,153.75,-48.75,48.75,0.0,2,0.393907996434773
2366,156.25,-48.75,48.75,0.0,2,0.39253768337953776
2367,158.75,-48.75,48.75,0.0,2,0.3899329056822487
2368,161.25,-48.75,48.75,0.0,2,0.3887466233516804
2369,163.75,-48.75,48.75,0.0,2,0.3932155431253603
2370,166.25,-48.75,48.75,0.0,2,0.40659825000825384
2371,168.75,-48.75,48.75,0.0,2,0.41841599780048755
2372,171.25,-48.75,48.75,0.0,2,0.43426831122978193
2373,173.75,-48.75,48.75,0.0,2,0.4448954483547271
2374,176.25,-48.75,48.75,0.0,2,0.4507267027129327
2375,178.75,-48.75,48.75,0.0,2,0.4575007034713226
2376,181.25,-48.75,48.75,0.0,2,0.4675498552594618
2377,183.75,-48.75,48.75,0.0,2,0.46285133107768994
2378,186.25,-48.75,48.75,0.0,2,0.4454276225706641
2379,188.75,-48.75,48.75,0.0,2,0.43275795371197373
2380,191.25,-48.75,48.75,0.0,2,0.41792766267411635
2381,193.75,-48.75,48.75,0.0,2,0.4026333946450649
2382,196.25,-48.75,48.75,0.0,2,0.3854354171881398
2383,198.75,-48.75,48.75,0.0,2,0.37451359578772037
2384,201.25,-48.75,48.75,0.0,2,0.37656360689526636
2385,203.75,-48.75,48.75,0.0,2,0.37723496846675086
2386,206.25,-48.75,48.75,0.0,2,0.3676936202386429
2387,208.75,-48.75,48.75,0.0,2,0.3502930997410436
2388,211.25,-48.75,48.75,0.0,2,0.3416821823465306
2389,213.75,-48.75,48.75,0.0,2,0.3367542225584004
2390,216.25,-48.75,48.75,0.0,2,0.33528137808924496
2391,218.75,-48.75,48.75,0.0,2,0.33871060338904563
2392,221.25,-48.75,48.75,0.0,2,0.3509114360105389
2393,223.75,-48.75,48.75,0.0,2,0.35928741808685283
2394,226.25,-48.75,48.75,0.0,2,0.3705821697746918
2395,228.75,-48.75,48.75,0.0,2,0.37858355093034746
2396,231.25,-48.75,48.75,0.0,2,0.3818596926307182
2397,233.75,-48.75,48.75,0.0,2,0.3817055170258883
2398,236.25,-48.75,48.75,0.0,2,0.3787277697056207
2399,238.75,-48.75,48.75,0.0,2,0.37787469603173557
2400,241.25,-48.75,48.75,0.0,2,0.37831251773047475
2401,243.75,-48.75,48.75,0.0,2,0.3783160247087899
2402,246.25,-48.75,48.75,0.0,2,0.3772709550991529
2403,248.75,-48.75,48.75,0.0,2,0.37861188268351986
2404,251.25,-48.75,48.75,0.0,2,0.3838989405698342
2405,253.75,-48.75,48.75,0.0,2,0.39227314093828347
2406,256.25,-48.75,48.75,0.0,2,0.4030804316011455
2407,258.75,-48.75,48.75,0.0,2,0.413430208827017
2408,261.25,-48.75,48.75,0.0,2,0.420556173167739
2409,263.75,-48.75,48.75,0.0,2,0.42470645237692667
2410,266.25,-48.75,48.75,0.0,2,0.4284692166151694
2411,268.75,-48.75,48.75,0.0,2,0.4307846072270411
2412,271.25,-48.75,48.75,0.0,2,0.43173540077397343
2413,273.75,-48.75,48.75,0.0,2,0.43035287019552315
2414,276.25,-48.75,48.75,0.0,2,0.42476681317159276
2415,278.75,-48.75,48.75,0.0,2,0.4126417454387271
2416,281.25,-48.75,48.75,0.0,1,0.38663791275931847
2417,283.75,-48.75,48.75,0.0,1,0.3876155307064152
2418,286.25,-48.75,48.75,1.0,0,0.5682090491619183
2419,288.75,-48.75,48.75,1.0,0,0.6768792087454027
2420,291.25,-48.75,48.75,1.0,0,0.581181264331906
2421,293.75,-48.75,48.75,0.0,1,0.4676150894464203
2422,296.25,-48.75,48.75,0.0,1,0.43436357668686326
2423,298.75,-48.75,48.75,0.0,1,0.4205877985494407
2424,301.25,-48.75,48.75,0.0,1,0.40962301308779114
2425,303.75,-48.75,48.75,0.0,1,0.41073127087051436
2426,306.25,-48.75,48.75,0.0,1,0.428057891103712
2427,308.75,-48.75,48.75,0.0,1,0.45946055918578593
2428,311.25,-48.75,48.75,0.0,1,0.46798913430882605
2429,313.75,-48.75,48.75,0.0,1,0.46861733754596846
2430,316.25,-48.75,48.75,0.0,1,0.4752441417673384
2431,318.75,-48.75,48.75,0.0,1,0.4782042546345986
2432,321.25,-48.75,48.75,0.0,1,0.48963848006995797
2433,323.75,-48.75,48.75,0.0,1,0.5064536192032061
2434,326.25,-48.75,48.75,0.0,1,0.5198068439958954
2435,328.75,-48.75,48.75,0.0,1,0.5327615326707312
2436,331.25,-48.75,48.75,0.0,1,0.5574126205437779
2437,333.75,-48.75,48.75,0.0,1,0.5639818207383445
2438,336.25,-48.75,48.75,0.0,1,0.5642964151397131
2439,338.75,-48.75,48.75,0.0,1,0.5671329526677282
2440,341.25,-48.75,48.75,0.0,1,0.5744056670437586
2441,343.75,-48.75,48.75,0.0,1,0.5797183360536006
2442,346.25,-48.75,48.75,0.0,1,0.5905479164159515
2443,348.75,-48.75,48.75,0.0,1,0.6126256290718561
2444,351.25,-48.75,48.75,0.0,1,0.6192528163448333
2445,353.75,-48.75,48.75,0.0,1,0.6188695531889481
2446,356.25,-48.75,48.75,0.0,1,0.6305696665623662
2447,358.75,-48.75,48.75,0.0,1,0.6293340444765548
2448,1.25,-46.25,46.25,0.0,1,0.5966171715933868
2449,3.75,-46.25,46.25,0.0,1,0.6004055905494011
2450,6.25,-46.25,46.25,0.0,1,0.5982620428018791
2451,8.75,-46.25,46.25,0.0,1,0.5999571716761767
2452,11.25,-46.25,46.25,0.0,1,0.5856500546394282
2453,13.75,-46.25,46.25,0.0,1,0.5675703848261106
2454,16.25,-46.25,46.25,0.0,1,0.554774603564522
2455,18.75,-46.25,46.25,0.0,1,0.5470479461799147
2456,21.25,-46.25,46.25,0.0,1,0.5402033589370767
2457,23.75,-46.25,46.25,0.0,1,0.5355974703044301
2458,26.25,-46.25,46.25,0.0,1,0.5277045777520475
2459,28.75,-46.25,46.25,0.0,1,0.5147748059306164
2460,31.25,-46.25,46.25,0.0,3,0.50860071378855
2461,33.75,-46.25,46.25,0.0,3,0.5166887272915771
2462,36.25,-46.25,46.25,0.0,3,0.5277488999651732
2463,38.75,-46.25,46.25,0.0,3,0.520736511359404
2464,41.25,-46.25,46.25,0.0,3,0.5038487902407133
2465,43.75,-46.25,46.25,0.0,3,0.4898862079925585
2466,46.25,-46.25,46.25,0.0,3,0.485848256675282
2467,48.75,-46.25,46.25,0.0,3,0.48678127152533857
2468,51.25,-46.25,46.25,0.0,3,0.4883678363225946
2469,53.75,-46.25,46.25,0.0,3,0.4843805494342317
2470,56.25,-46.25,46.25,0.0,3,0.4617764712626476
2471,58.75,-46.25,46.25,0.0,3,0.42321272647005
2472,61.25,-46.25,46.25,0.0,3,0.38932534856798506
2473,63.75,-46.25,46.25,0.0,3,0.3650914732822364
2474,66.25,-46.25,46.25,0.0,3,0.3610271719829267
2475,68.75,-46.25,46.25,0.0,3,0.3674822434338632
2476,71.25,-46.25,46.25,0.0,3,0.3767340164429251
2477,73.75,-46.25,46.25,0.0,3,0.3954641457952578
2478,76.25,-46.25,46.25,0.0,3,0.41263472085558
2479,78.75,-46.25,46.25,0.0,3,0.42877050170288683
2480,81.25,-46.25,46.25,0.0,3,0.4509807388088706
2481,83.75,-46.25,46.25,0.0,3,0.47288177174936463
2482,86.25,-46.25,46.25,0.0,3,0.4922618584539164
2483,88.75,-46.25,46.25,0.0,3,0.5060085183148579
2484,91.25,-46.25,46.25,0.0,3,0.5098012431992084
2485,93.75,-46.25,46.25,0.0,3,0.5079835891298397
2486,96.25,-46.25,46.25,0.0,3,0.5060270968484212
2487,98.75,-46.25,46.25,0.0,3,0.5022468796811392
2488,101.25,-46.25,46.25,0.0,3,0.498058802898698
2489,103.75,-46.25,46.25,0.0,3,0.49500178152170143
2490,106.25,-46.25,46.25,0.0,3,0.4924938075199135
2491,108.75,-46.25,46.25,0.0,3,0.48720511316373566
2492,111.25,-46.25,46.25,0.0,3,0.4811745148294885
2493,113.75,-46.25,46.25,0.0,3,0.4719836709925819
2494,116.25,-46.25,46.25,0.0,3,0.459798779151075
2495,118.75,-46.25,46.25,0.0,3,0.44744146103477755
2496,121.25,-46.25,46.25,0.0,2,0.436310851843592
2497,123.75,-46.25,46.25,0.0,2,0.42473653934556
2498,126.25,-46.25,46.25,0.0,2,0.41328778918386155
2499,128.75,-46.25,46.25,0.0,2,0.40283488715196036
2500,131.25,-46.25,46.25,0.0,2,0.39241640706194
2501,133.75,-46.25,46.25,0.0,2,0.3820403653363642
2502,136.25,-46.25,46.25,0.0,2,0.37597493696712597
2503,138.75,-46.25,46.25,0.0,2,0.38628167508789363
2504,141.25,-46.25,46.25,0.0,2,0.4175683493050467
2505,143.75,-46.25,46.25,0.0,2,0.46447036569514033
2506,146.25,-46.25,46.25,0.0,2,0.5110805419138515
2507,148.75,-46.25,46.25,0.0,2,0.5335426308900276
2508,151.25,-46.25,46.25,0.0,2,0.5210666043245857
2509,153.75,-46.25,46.25,0.0,2,0.49913583527852656
2510,156.25,-46.25,46.25,0.0,2,0.4790707932448301
2511,158.75,-46.25,46.25,0.0,2,0.46027007102676387
2512,161.25,-46.25,46.25,0.0,2,0.448976322355641
2513,163.75,-46.25,46.25,0.0,2,0.45621628837857087
2514,166.25,-46.25,46.25,0.0,2,0.48695558948100914
2515,168.75,-46.25,46.25,0.0,2,0.5224049347672093
2516,171.25,-46.25,46.25,0.0,2,0.519090011969995
2517,173.75,-46.25,46.25,0.0,2,0.5307556215195924
2518,176.25,-46.25,46.25,0.0,2,0.5220746270416291
2519,178.75,-46.25,46.25,0.0,2,0.510233347322411
2520,181.25,-46.25,46.25,0.0,2,0.5049821029275141
2521,183.75,-46.25,46.25,0.0,2,0.492059047211303
2522,186.25,-46.25,46.25,0.0,2,0.47234185824662345
2523,188.75,-46.25,46.25,0.0,2,0.4521175356760062
2524,191.25,-46.25,46.25,0.0,2,0.4334099185082485
2525,193.75,-46.25,46.25,0.0,2,0.42141343278841886
2526,196.25,-46.25,46.25,0.0,2,0.40997605225882155
2527,198.75,-46.25,46.25,0.0,2,0.39986719905731777
2528,201.25,-46.25,46.25,0.0,2,0.3927097160433831
2529,203.75,-46.25,46.25,0.0,2,0.38911941112826975
2530,206.25,-46.25,46.25,0.0,2,0.3870775751155446
2531,208.75,-46.25,46.25,0.0,2,0.3872761006887187
2532,211.25,-46.25,46.25,0.0,2,0.38706285747295904
2533,213.75,-46.25,46.25,0.0,2,0.38485475105433203
2534,216.25,-46.25,46.25,0.0,2,0.3809465296152136
2535,218.75,-46.25,46.25,0.0,2,0.3759605610254334
2536,221.25,-46.25,46.25,0.0,2,0.3691289752766044
2537,223.75,-46.25,46.25,0.0,2,0.36380077942379246
2538,226.25,-46.25,46.25,0.0,2,0.363200499134693
2539,228.75,-46.25,46.25,0.0,2,0.365066807555812
2540,231.25,-46.25,46.25,0.0,2,0.36510320919996564
2541,233.75,-46.25,46.25,0.0,2,0.36295537877883927
2542,236.25,-46.25,46.25,0.0,2,0.36139224814732496
2543,238.75,-46.25,46.25,0.0,2,0.36023124981558907
2544,241.25,-46.25,46.25,0.0,2,0.3601056264204624
2545,243.75,-46.25,46.25,0.0,2,0.36051352958956767
2546,246.25,-46.25,46.25,0.0,2,0.36307241389444955
2547,248.75,-46.25,46.25,0.0,2,0.3685470516539519
2548,251.25,-46.25,46.25,0.0,2,0.37538472315817645
2549,253.75,-46.25,46.25,0.0,2,0.38282992685608364
2550,256.25,-46.25,46.25,0.0,2,0.3913540960594316
2551,258.75,-46.25,46.25,0.0,2,0.40182560369496934
2552,261.25,-46.25,46.25,0.0,2,0.4093432039449524
2553,263.75,-46.25,46.25,0.0,2,0.4125391419364659
2554,266.25,-46.25,46.25,0.0,2,0.4149107314973129
2555,268.75,-46.25,46.25,0.0,2,0.41583492683703294
2556,271.25,-46.25,46.25,0.0,2,0.4161283957804392
2557,273.75,-46.25,46.25,0.0,2,0.4122317078581926
2558,276.25,-46.25,46.25,0.0,2,0.40151813901341155
2559,278.75,-46.25,46.25,0.0,2,0.386311478875359
2560,281.25,-46.25,46.25,0.0,1,0.3655611432911092
2561,283.75,-46.25,46.25,0.0,1,0.36814891625378743
2562,286.25,-46.25,46.25,1.0,0,0.5000412853115493
2563,288.75,-46.25,46.25,1.0,0,0.6138771339284321
2564,291.25,-46.25,46.25,1.0,0,0.5435174976022731
2565,293.75,-46.25,46.25,0.0,1,0.4569286296070058
2566,296.25,-46.25,46.25,0.0,1,0.4229313813994976
2567,298.75,-46.25,46.25,0.0,1,0.41525076311547326
2568,301.25,-46.25,46.25,0.0,1,0.4295460011594137
2569,303.75,-46.25,46.25,0.0,1,0.5091772581914275
2570,306.25,-46.25,46.25,0.0,1,0.5283373864885279
2571,308.75,-46.25,46.25,0.0,1,0.552698997239631
2572,311.25,-46.25,46.25,0.0,1,0.5411922435022224
2573,313.75,-46.25,46.25,0.0,1,0.5086684751649683
2574,316.25,-46.25,46.25,0.0,1,0.5152677341564799
2575,318.75,-46.25,46.25,0.0,1,0.49812813200177786
2576,321.25,-46.25,46.25,0.0,1,0.49333609372275594
2577,323.75,-46.25,46.25,0.0,1,0.4870627866738773
2578,326.25,-46.25,46.25,0.0,1,0.48736015750966916
2579,328.75,-46.25,46.25,0.0,1,0.4933806802284601
2580,331.25,-46.25,46.25,0.0,1,0.49509221396992575
2581,333.75,-46.25,46.25,0.0,1,0.5004616451071594
2582,336.25,-46.25,46.25,0.0,1,0.5146944661862548
2583,338.75,-46.25,46.25,0.0,1,0.5183513061161611
2584,341.25,-46.25,46.25,0.0,1,0.5246327449611848
2585,343.75,-46.25,46.25,0.0,1,0.536110060242927
2586,346.25,-46.25,46.25,0.0,1,0.5699766567926525
2587,348.75,-46.25,46.25,0.0,1,0.5832722327417605
2588,351.25,-46.25,46.25,0.0,1,0.5966685151385613
2589,353.75,-46.25,46.25,0.0,1,0.5971569468976966
2590,356.25,-46.25,46.25,0.0,1,0.5981629282088209
2591,358.75,-46.25,46.25,0.0,1,0.5950209008920483
2592,1.25,-43.75,43.75,0.0,1,0.5680445403124652
2593,3.75,-43.75,43.75,0.0,1,0.5708793007674411
2594,6.25,-43.75,43.75,0.0,1,0.566804654710336
2595,8.75,-43.75,43.75,0.0,1,0.5571119367341028
2596,11.25,-43.75,43.75,0.0,1,0.5515236237991193
2597,13.75,-43.75,43.75,0.0,1,0.5435748918662487
2598,16.25,-43.75,43.75,0.0,1,0.5399948241003594
2599,18.75,-43.75,43.75,0.0,1,0.5406597990691892
2600,21.25,-43.75,43.75,0.0,1,0.5388542499572065
2601,23.75,-43.75,43.75,0.0,1,0.5338985686680349
2602,26.25,-43.75,43.75,0.0,1,0.5264648010884924
2603,28.75,-43.75,43.75,0.0,1,0.5146258299829967
2604,31.25,-43.75,43.75,0.0,3,0.5062104213195878
2605,33.75,-43.75,43.75,0.0,3,0.5160096916164038
2606,36.25,-43.75,43.75,0.0,3,0.5373234564555072
2607,38.75,-43.75,43.75,0.0,3,0.5441867491589798
2608,41.25,-43.75,43.75,0.0,3,0.5110522865614232
2609,43.75,-43.75,43.75,0.0,3,0.4488549835955207
2610,46.25,-43.75,43.75,0.0,3,0.43640324724153473
2611,48.75,-43.75,43.75,0.0,3,0.4664125690890005
2612,51.25,-43.75,43.75,0.0,3,0.4881093806577459
2613,53.75,-43.75,43.75,0.0,3,0.4989650453123815
2614,56.25,-43.75,43.75,0.0,3,0.4693771439371891
2615,58.75,-43.75,43.75,0.0,3,0.43368849693675515
2616,61.25,-43.75,43.75,0.0,3,0.40956325001107435
2617,63.75,-43.75,43.75,0.0,3,0.38394851633848964
2618,66.25,-43.75,43.75,0.0,3,0.37110913995385286
2619,68.75,-43.75,43.75,0.0,3,0.38551287839635406
2620,71.25,-43.75,43.75,0.0,3,0.41562487887056254
2621,73.75,-43.75,43.75,0.0,3,0.4381631599454504
2622,76.25,-43.75,43.75,0.0,3,0.44711432538436635
2623,78.75,-43.75,43.75,0.0,3,0.4603218958281235
2624,81.25,-43.75,43.75,0.0,3,0.47265116241688254
2625,83.75,-43.75,43.75,0.0,3,0.4839051680564503
2626,86.25,-43.75,43.75,0.0,3,0.4953140445651084
2627,88.75,-43.75,43.75,0.0,3,0.5050301666680316
2628,91.25,-43.75,43.75,0.0,3,0.5084917913520992
2629,93.75,-43.75,43.75,0.0,3,0.5056383957649455
2630,96.25,-43.75,43.75,0.0,3,0.5010916461330062
2631,98.75,-43.75,43.75,0.0,3,0.49820835529781277
2632,101.25,-43.75,43.75,0.0,3,0.495468823140696
2633,103.75,-43.75,43.75,0.0,3,0.491760351957082
2634,106.25,-43.75,43.75,0.0,3,0.4884635882483587
2635,108.75,-43.75,43.75,0.0,3,0.4826458936859447
2636,111.25,-43.75,43.75,0.0,3,0.47331077925775217
2637,113.75,-43.75,43.75,0.0,3,0.46205923407957156
2638,116.25,-43.75,43.75,0.0,3,0.450801022946332
2639,118.75,-43.75,43.75,0.0,3,0.4399679757875938
2640,121.25,-43.75,43.75,0.0,2,0.4307581590538678
2641,123.75,-43.75,43.75,0.0,2,0.423353498774998
2642,126.25,-43.75,43.75,0.0,2,0.41660577812695065
2643,128.75,-43.75,43.75,0.0,2,0.4081216928768493
2644,131.25,-43.75,43.75,0.0,2,0.39391928429241696
2645,133.75,-43.75,43.75,0.0,2,0.37766308479878796
2646,136.25,-43.75,43.75,0.0,2,0.37364563385589167
2647,138.75,-43.75,43.75,0.0,2,0.3997765229918764
2648,141.25,-43.75,43.75,0.0,2,0.45458236029068305
2649,143.75,-43.75,43.75,0.0,2,0.5190210130277702
2650,146.25,-43.75,43.75,0.0,2,0.6101659915801971
2651,148.75,-43.75,43.75,0.0,2,0.7039444737448467
2652,151.25,-43.75,43.75,0.0,2,0.6993079173796725
2653,153.75,-43.75,43.75,0.0,2,0.6324830140780762
2654,156.25,-43.75,43.75,0.0,2,0.5829804071734485
2655,158.75,-43.75,43.75,0.0,2,0.543312614148943
2656,161.25,-43.75,43.75,0.0,2,0.5179742176909101
2657,163.75,-43.75,43.75,0.0,2,0.5126280369787697
2658,166.25,-43.75,43.75,0.0,2,0.5373971574626761
2659,168.75,-43.75,43.75,0.0,2,0.608889887980504
2660,171.25,-43.75,43.75,0.0,0,0.5608942899652248
2661,173.75,-43.75,43.75,0.0,2,0.5618806105847305
2662,176.25,-43.75,43.75,0.0,2,0.5661595639795349
2663,178.75,-43.75,43.75,0.0,2,0.5368632926904613
2664,181.25,-43.75,43.75,0.0,2,0.5137351469366742
2665,183.75,-43.75,43.75,0.0,2,0.5003673439895194
2666,186.25,-43.75,43.75,0.0,2,0.47719216024274347
2667,188.75,-43.75,43.75,0.0,2,0.4558883933958262
2668,191.25,-43.75,43.75,0.0,2,0.45149432268251627
2669,193.75,-43.75,43.75,0.0,2,0.45341544515303933
2670,196.25,-43.75,43.75,0.0,2,0.452273762319122
2671,198.75,-43.75,43.75,0.0,2,0.44788274274559886
2672,201.25,-43.75,43.75,0.0,2,0.44316535441749405
2673,203.75,-43.75,43.75,0.0,2,0.44039208492936505
2674,206.25,-43.75,43.75,0.0,2,0.4383837127928988
2675,208.75,-43.75,43.75,0.0,2,0.43592427262393146
2676,211.25,-43.75,43.75,0.0,2,0.43196499854552656
2677,213.75,-43.75,43.75,0.0,2,0.4220478713313624
2678,216.25,-43.75,43.75,0.0,2,0.41009277524238735
2679,218.75,-43.75,43.75,0.0,2,0.3965139928898755
2680,221.25,-43.75,43.75,0.0,2,0.383633253218994
2681,223.75,-43.75,43.75,0.0,2,0.37424926447960266
2682,226.25,-43.75,43.75,0.0,2,0.3667243153161087
2683,228.75,-43.75,43.75,0.0,2,0.36225818916051256
2684,231.25,-43.75,43.75,0.0,2,0.35905801953222294
2685,233.75,-43.75,43.75,0.0,2,0.3563380845628968
2686,236.25,-43.75,43.75,0.0,2,0.35459243440192556
2687,238.75,-43.75,43.75,0.0,2,0.3536460811261293
2688,241.25,-43.75,43.75,0.0,2,0.35284589147935314
2689,243.75,-43.75,43.75,0.0,2,0.35186041504309323
2690,246.25,-43.75,43.75,0.0,2,0.35302803269950295
2691,248.75,-43.75,43.75,0.0,2,0.3594843946338795
2692,251.25,-43.75,43.75,0.0,2,0.3670737575260269
2693,253.75,-43.75,43.75,0.0,2,0.3718528991655897
2694,256.25,-43.75,43.75,0.0,2,0.3777398082904112
2695,258.75,-43.75,43.75,0.0,2,0.3848472922215492
2696,261.25,-43.75,43.75,0.0,2,0.3891068805729118
2697,263.75,-43.75,43.75,0.0,2,0.3896511656841881
2698,266.25,-43.75,43.75,0.0,2,0.38938044617473855
2699,268.75,-43.75,43.75,0.0,2,0.3886100846046033
2700,271.25,-43.75,43.75,0.0,2,0.3851826923047387
2701,273.75,-43.75,43.75,0.0,2,0.3761747684194258
2702,276.25,-43.75,43.75,0.0,2,0.36494864531759696
2703,278.75,-43.75,43.75,0.0,2,0.35421668573705184
2704,281.25,-43.75,43.75,0.0,1,0.3391725002029984
2705,283.75,-43.75,43.75,0.0,1,0.3376070124600072
2706,286.25,-43.75,43.75,0.0,1,0.40305209956585036
2707,288.75,-43.75,43.75,1.0,0,0.5441251299888077
2708,291.25,-43.75,43.75,1.0,0,0.5854879214676306
2709,293.75,-43.75,43.75,1.0,0,0.503965722207929
2710,296.25,-43.75,43.75,0.0,1,0.41557108269619514
2711,298.75,-43.75,43.75,0.0,1,0.4072754481561307
2712,301.25,-43.75,43.75,0.0,1,0.6125972215359112
2713,303.75,-43.75,43.75,0.0,1,0.6105203993953074
2714,306.25,-43.75,43.75,0.0,1,0.4968992515597541
2715,308.75,-43.75,43.75,0.0,1,0.5294924045642623
2716,311.25,-43.75,43.75,0.0,1,0.4785167557334383
2717,313.75,-43.75,43.75,0.0,1,0.4508568164084551
2718,316.25,-43.75,43.75,0.0,1,0.4426229495142187
2719,318.75,-43.75,43.75,0.0,1,0.4240270848884977
2720,321.25,-43.75,43.75,0.0,1,0.4162954869804974
2721,323.75,-43.75,43.75,0.0,1,0.4065511948999919
2722,326.25,-43.75,43.75,0.0,1,0.4023945069618927
2723,328.75,-43.75,43.75,0.0,1,0.4061132684138656
2724,331.25,-43.75,43.75,0.0,1,0.41371920028633796
2725,333.75,-43.75,43.75,0.0,1,0.4299597510612195
2726,336.25,-43.75,43.75,0.0,1,0.44631051933707283
2727,338.75,-43.75,43.75,0.0,1,0.45234802661218
2728,341.25,-43.75,43.75,0.0,1,0.4538719496622213
2729,343.75,-43.75,43.75,0.0,1,0.4758415466370226
2730,346.25,-43.75,43.75,0.0,1,0.5053251908710836
2731,348.75,-43.75,43.75,0.0,1,0.5089802983969414
2732,351.25,-43.75,43.75,0.0,1,0.5228271502935596
2733,353.75,-43.75,43.75,0.0,1,0.5337439003744544
2734,356.25,-43.75,43.75,0.0,1,0.5423733631870242
2735,358.75,-43.75,43.75,0.0,1,0.5561167316360922
2736,1.25,-41.25,41.25,0.0,1,0.5470123666330466
2737,3.75,-41.25,41.25,0.0,1,0.544942559402905
2738,6.25,-41.25,41.25,0.0,1,0.5433566773894593
2739,8.75,-41.25,41.25,0.0,1,0.5334785471072738
2740,11.25,-41.25,41.25,0.0,1,0.5212418808563928
2741,13.75,-41.25,41.25,0.0,1,0.5049904316433197
2742,16.25,-41.25,41.25,0.0,1,0.4962006513017926
2743,18.75,-41.25,41.25,0.0,1,0.5041358121943811
2744,21.25,-41.25,41.25,0.0,1,0.5085624014137106
2745,23.75,-41.25,41.25,0.0,1,0.5013797077521116
2746,26.25,-41.25,41.25,0.0,1,0.4889639558676065
2747,28.75,-41.25,41.25,0.0,1,0.46564424197925675
2748,31.25,-41.25,41.25,0.0,3,0.4469707106411606
2749,33.75,-41.25,41.25,0.0,3,0.4539096203487063
2750,36.25,-41.25,41.25,0.0,3,0.47417250505085284
2751,38.75,-41.25,41.25,0.0,3,0.48136358001003476
2752,41.25,-41.25,41.25,0.0,3,0.4466921158093964
2753,43.75,-41.25,41.25,0.0,3,0.41558457470261245
2754,46.25,-41.25,41.25,0.0,3,0.4212078058417639
2755,48.75,-41.25,41.25,0.0,3,0.43907576929399966
2756,51.25,-41.25,41.25,0.0,3,0.45310984337612953
2757,53.75,-41.25,41.25,0.0,3,0.4646065315334887
2758,56.25,-41.25,41.25,0.0,3,0.4625948105401774
2759,58.75,-41.25,41.25,0.0,3,0.4515333516283767
2760,61.25,-41.25,41.25,0.0,3,0.440950073475741
2761,63.75,-41.25,41.25,0.0,3,0.4368337002380726
2762,66.25,-41.25,41.25,0.0,3,0.44507055725358735
2763,68.75,-41.25,41.25,0.0,3,0.45551740218541514
2764,71.25,-41.25,41.25,0.0,3,0.45687397817954467
2765,73.75,-41.25,41.25,0.0,3,0.45675648727914514
2766,76.25,-41.25,41.25,0.0,3,0.4612577700704897
2767,78.75,-41.25,41.25,0.0,3,0.47096767207522744
2768,81.25,-41.25,41.25,0.0,3,0.4787486024167756
2769,83.75,-41.25,41.25,0.0,3,0.4814853253586163
2770,86.25,-41.25,41.25,0.0,3,0.48674922368929213
2771,88.75,-41.25,41.25,0.0,3,0.4925203000799472
2772,91.25,-41.25,41.25,0.0,3,0.49367940659647347
2773,93.75,-41.25,41.25,0.0,3,0.4922291659874187
2774,96.25,-41.25,41.25,0.0,3,0.49365333834471364
2775,98.75,-41.25,41.25,0.0,3,0.4949687135670873
2776,101.25,-41.25,41.25,0.0,3,0.4933589706883257
2777,103.75,-41.25,41.25,0.0,3,0.4900677808217901
2778,106.25,-41.25,41.25,0.0,3,0.4855290486602666
2779,108.75,-41.25,41.25,0.0,3,0.47809576436548445
2780,111.25,-41.25,41.25,0.0,3,0.4661304986479665
2781,113.75,-41.25,41.25,0.0,3,0.45104495079495094
2782,116.25,-41.25,41.25,0.0,3,0.43706572041170183
2783,118.75,-41.25,41.25,0.0,3,0.42492825669466716
2784,121.25,-41.25,41.25,0.0,2,0.41921041106987866
2785,123.75,-41.25,41.25,0.0,2,0.4200973623286544
2786,126.25,-41.25,41.25,0.0,2,0.42076768491984295
2787,128.75,-41.25,41.25,0.0,2,0.41361413835125826
2788,131.25,-41.25,41.25,0.0,2,0.3973437762791541
2789,133.75,-41.25,41.25,0.0,2,0.37808858790823896
2790,136.25,-41.25,41.25,0.0,2,0.36988124236369746
2791,138.75,-41.25,41.25,0.0,2,0.385369201035966
2792,141.25,-41.25,41.25,0.0,2,0.42653205975459685
2793,143.75,-41.25,41.25,0.0,2,0.4992253303499067
2794,146.25,-41.25,41.25,0.0,2,0.5945821184676812
2795,148.75,-41.25,41.25,0.0,2,0.7129390270830576
2796,151.25,-41.25,41.25,0.0,2,0.7677890582035891
2797,153.75,-41.25,41.25,0.0,2,0.7071390716938628
2798,156.25,-41.25,41.25,0.0,2,0.6463787850623492
2799,158.75,-41.25,41.25,0.0,2,0.5989515099934137
2800,161.25,-41.25,41.25,0.0,2,0.5654648373079417
2801,163.75,-41.25,41.25,0.0,2,0.5513083092996062
2802,166.25,-41.25,41.25,0.0,2,0.5571216986994355
2803,168.75,-41.25,41.25,0.0,2,0.5806573185180056
2804,171.25,-41.25,41.25,0.0,2,0.6088183208339641
2805,173.75,-41.25,41.25,0.0,2,0.6008759720242733
2806,176.25,-41.25,41.25,0.0,2,0.5342317590675372
2807,178.75,-41.25,41.25,0.0,2,0.5353016029525758
2808,181.25,-41.25,41.25,0.0,2,0.5152443103216963
2809,183.75,-41.25,41.25,0.0,2,0.5032068395711962
2810,186.25,-41.25,41.25,0.0,2,0.4923075540802902
2811,188.75,-41.25,41.25,0.0,2,0.4881043404251368
2812,191.25,-41.25,41.25,0.0,2,0.4943408961893095
2813,193.75,-41.25,41.25,0.0,2,0.49896321237961644
2814,196.25,-41.25,41.25,0.0,2,0.5008253985055481
2815,198.75,-41.25,41.25,0.0,2,0.49975449394385146
2816,201.25,-41.25,41.25,0.0,2,0.4972747740585338
2817,203.75,-41.25,41.25,0.0,2,0.49234532653144447
2818,206.25,-41.25,41.25,0.0,2,0.4844817405638389
2819,208.75,-41.25,41.25,0.0,2,0.47330573592182223
2820,211.25,-41.25,41.25,0.0,2,0.4606697950573223
2821,213.75,-41.25,41.25,0.0,2,0.4455599683716903
2822,216.25,-41.25,41.25,0.0,2,0.4295777940531418
2823,218.75,-41.25,41.25,0.0,2,0.4119098674498866
2824,221.25,-41.25,41.25,0.0,2,0.3960812304332504
2825,223.75,-41.25,41.25,0.0,2,0.38243733849671646
2826,226.25,-41.25,41.25,0.0,2,0.3703625866403909
2827,228.75,-41.25,41.25,0.0,2,0.360948732154645
2828,231.25,-41.25,41.25,0.0,2,0.3551407817437079
2829,233.75,-41.25,41.25,0.0,2,0.3502049535384765
2830,236.25,-41.25,41.25,0.0,2,0.34598407938124154
2831,238.75,-41.25,41.25,0.0,2,0.3440003669660752
2832,241.25,-41.25,41.25,0.0,2,0.3414532573636901
2833,243.75,-41.25,41.25,0.0,2,0.33861212838860244
2834,246.25,-41.25,41.25,0.0,2,0.3399706151268419
2835,248.75,-41.25,41.25,0.0,2,0.3437575709017568
2836,251.25,-41.25,41.25,0.0,2,0.345624239630236
2837,253.75,-41.25,41.25,0.0,2,0.346350189085052
2838,256.25,-41.25,41.25,0.0,2,0.35068097442825785
2839,258.75,-41.25,41.25,0.0,2,0.3535235739598696
2840,261.25,-41.25,41.25,0.0,2,0.3544320449592782
2841,263.75,-41.25,41.25,0.0,2,0.354829276501126
2842,266.25,-41.25,41.25,0.0,2,0.354194964925549
2843,268.75,-41.25,41.25,0.0,2,0.35043593203152384
2844,271.25,-41.25,41.25,0.0,2,0.3432174192092483
2845,273.75,-41.25,41.25,0.0,2,0.3335991229355274
2846,276.25,-41.25,41.25,0.0,2,0.32352557378412594
2847,278.75,-41.25,41.25,0.0,2,0.31364675295311145
2848,281.25,-41.25,41.25,0.0,1,0.3027660216797211
2849,283.75,-41.25,41.25,0.0,1,0.30865166552381995
2850,286.25,-41.25,41.25,0.0,1,0.3416081115339626
2851,288.75,-41.25,41.25,1.0,0,0.5415873702686637
2852,291.25,-41.25,41.25,1.0,0,0.5622380019517597
2853,293.75,-41.25,41.25,1.0,0,0.4640948654838211
2854,296.25,-41.25,41.25,0.0,1,0.4099908591318946
2855,298.75,-41.25,41.25,0.0,1,0.48730198763101357
2856,301.25,-41.25,41.25,0.0,1,0.6628682106845679
2857,303.75,-41.25,41.25,0.0,1,0.5116006862162911
2858,306.25,-41.25,41.25,0.0,1,0.43769389041244267
2859,308.75,-41.25,41.25,0.0,1,0.41191706655775123
2860,311.25,-41.25,41.25,0.0,1,0.3951186600209075
2861,313.75,-41.25,41.25,0.0,1,0.3900341171916604
2862,316.25,-41.25,41.25,0.0,1,0.38742143031767756
2863,318.75,-41.25,41.25,0.0,1,0.38190183171971825
2864,321.25,-41.25,41.25,0.0,1,0.37433801165122066
2865,323.75,-41.25,41.25,0.0,1,0.36779328824338886
2866,326.25,-41.25,41.25,0.0,1,0.3659217895018999
2867,328.75,-41.25,41.25,0.0,1,0.3690700638391652
2868,331.25,-41.25,41.25,0.0,1,0.3805305925992985
2869,333.75,-41.25,41.25,0.0,1,0.39525218082430436
2870,336.25,-41.25,41.25,0.0,1,0.41429619792149336
2871,338.75,-41.25,41.25,0.0,1,0.43559702771252634
2872,341.25,-41.25,41.25,0.0,1,0.4526572190764084
2873,343.75,-41.25,41.25,0.0,1,0.4645095211650445
2874,346.25,-41.25,41.25,0.0,1,0.4647943774860175
2875,348.75,-41.25,41.25,0.0,1,0.4797439364435683
2876,351.25,-41.25,41.25,0.0,1,0.5011846240278645
2877,353.75,-41.25,41.25,0.0,1,0.5166001186542384
2878,356.25,-41.25,41.25,0.0,1,0.5310651050777825
2879,358.75,-41.25,41.25,0.0,1,0.5460168172144506
2880,1.25,-38.75,38.75,0.0,1,0.5205915503804943
2881,3.75,-38.75,38.75,0.0,1,0.5170066532330053
2882,6.25,-38.75,38.75,0.0,1,0.5023415517058003
2883,8.75,-38.75,38.75,0.0,1,0.48770508667495815
2884,11.25,-38.75,38.75,0.0,1,0.4695100052921159
2885,13.75,-38.75,38.75,0.0,1,0.44913682826006174
2886,16.25,-38.75,38.75,0.0,1,0.44125199169417595
2887,18.75,-38.75,38.75,0.0,1,0.4428431548437284
2888,21.25,-38.75,38.75,0.0,1,0.4406573010997217
2889,23.75,-38.75,38.75,0.0,1,0.4314580447036704
2890,26.25,-38.75,38.75,0.0,1,0.4188447945787623
2891,28.75,-38.75,38.75,0.0,1,0.41120853537153085
2892,31.25,-38.75,38.75,0.0,3,0.41059854860068196
2893,33.75,-38.75,38.75,0.0,3,0.4168088425788707
2894,36.25,-38.75,38.75,0.0,3,0.43002870673163063
2895,38.75,-38.75,38.75,0.0,3,0.43750206440689104
2896,41.25,-38.75,38.75,0.0,3,0.43801727922891726
2897,43.75,-38.75,38.75,0.0,3,0.44485563096444575
2898,46.25,-38.75,38.75,0.0,3,0.45399510484438627
2899,48.75,-38.75,38.75,0.0,3,0.4619554406897527
2900,51.25,-38.75,38.75,0.0,3,0.46932017537865683
2901,53.75,-38.75,38.75,0.0,3,0.47574933639031747
2902,56.25,-38.75,38.75,0.0,3,0.4716152219374178
2903,58.75,-38.75,38.75,0.0,3,0.4599499384109071
2904,61.25,-38.75,38.75,0.0,3,0.4529349332642895
2905,63.75,-38.75,38.75,0.0,3,0.4541917892092735
2906,66.25,-38.75,38.75,0.0,3,0.4608384518211176
2907,68.75,-38.75,38.75,0.0,3,0.45837911242268875
2908,71.25,-38.75,38.75,0.0,3,0.44736572433126925
2909,73.75,-38.75,38.75,0.0,3,0.4408480699886967
2910,76.25,-38.75,38.75,0.0,3,0.44786791792432606
2911,78.75,-38.75,38.75,0.0,3,0.457963215870823
2912,81.25,-38.75,38.75,0.0,3,0.46097541400325254
2913,83.75,-38.75,38.75,0.0,3,0.4614081664513398
2914,86.25,-38.75,38.75,0.0,3,0.4647268361227853
2915,88.75,-38.75,38.75,0.0,3,0.4685414295419692
2916,91.25,-38.75,38.75,0.0,3,0.47198770639484056
2917,93.75,-38.75,38.75,0.0,3,0.47661168666245834
2918,96.25,-38.75,38.75,0.0,3,0.4814205120676267
2919,98.75,-38.75,38.75,0.0,3,0.48623216984877277
2920,101.25,-38.75,38.75,0.0,3,0.4910226950114776
2921,103.75,-38.75,38.75,0.0,3,0.4933072548121073
2922,106.25,-38.75,38.75,0.0,3,0.4896316384348263
2923,108.75,-38.75,38.75,0.0,3,0.47744579270575715
2924,111.25,-38.75,38.75,0.0,3,0.45825692364884074
2925,113.75,-38.75,38.75,0.0,3,0.43478490058009456
2926,116.25,-38.75,38.75,0.0,3,0.4116555293244787
2927,118.75,-38.75,38.75,0.0,3,0.39758061504665554
2928,121.25,-38.75,38.75,0.0,2,0.4033439499338508
2929,123.75,-38.75,38.75,0.0,2,0.41995096537306753
2930,126.25,-38.75,38.75,0.0,2,0.42772132125751683
2931,128.75,-38.75,38.75,0.0,2,0.4211620820302713
2932,131.25,-38.75,38.75,0.0,2,0.40722315709123486
2933,133.75,-38.75,38.75,0.0,2,0.39537087982914576
2934,136.25,-38.75,38.75,0.0,2,0.39654507324286337
2935,138.75,-38.75,38.75,0.0,2,0.4163854777096119
2936,141.25,-38.75,38.75,0.0,2,0.44787698814518234
2937,143.75,-38.75,38.75,0.0,2,0.49925724994232823
2938,146.25,-38.75,38.75,0.0,2,0.5834634759951486
2939,148.75,-38.75,38.75,0.0,2,0.7165468703960937
2940,151.25,-38.75,38.75,0.0,2,0.8079104102581082
2941,153.75,-38.75,38.75,0.0,2,0.7549068059806312
2942,156.25,-38.75,38.75,0.0,2,0.6855425650759186
2943,158.75,-38.75,38.75,0.0,2,0.633142487682659
2944,161.25,-38.75,38.75,0.0,2,0.5980139391762139
2945,163.75,-38.75,38.75,0.0,2,0.582318327291809
2946,166.25,-38.75,38.75,0.0,2,0.5825804336145819
2947,168.75,-38.75,38.75,0.0,2,0.5895006895431737
2948,171.25,-38.75,38.75,0.0,2,0.5957181066180763
2949,173.75,-38.75,38.75,0.0,2,0.5672989931727979
2950,176.25,-38.75,38.75,1.0,0,0.45147537458536224
2951,178.75,-38.75,38.75,0.0,2,0.5503479767292109
2952,181.25,-38.75,38.75,0.0,2,0.5286961929284981
2953,183.75,-38.75,38.75,0.0,2,0.5225308091281069
2954,186.25,-38.75,38.75,0.0,2,0.5240636536412272
2955,188.75,-38.75,38.75,0.0,2,0.531332859964206
2956,191.25,-38.75,38.75,0.0,2,0.5371603248615093
2957,193.75,-38.75,38.75,0.0,2,0.5405330168599979
2958,196.25,-38.75,38.75,0.0,2,0.5415507465961696
2959,198.75,-38.75,38.75,0.0,2,0.5408096665155859
2960,201.25,-38.75,38.75,0.0,2,0.5369339663633836
2961,203.75,-38.75,38.75,0.0,2,0.5292511731770114
2962,206.25,-38.75,38.75,0.0,2,0.5163984442203388
2963,208.75,-38.75,38.75,0.0,2,0.4995407958030825
2964,211.25,-38.75,38.75,0.0,2,0.4821365983298137
2965,213.75,-38.75,38.75,0.0,2,0.46334930597118223
2966,216.25,-38.75,38.75,0.0,2,0.4437418156084436
2967,218.75,-38.75,38.75,0.0,2,0.4239281548421407
2968,221.25,-38.75,38.75,0.0,2,0.40408602307636043
2969,223.75,-38.75,38.75,0.0,2,0.38632850020129333
2970,226.25,-38.75,38.75,0.0,2,0.3699212696242934
2971,228.75,-38.75,38.75,0.0,2,0.3577807819450166
2972,231.25,-38.75,38.75,0.0,2,0.34899662086697847
2973,233.75,-38.75,38.75,0.0,2,0.34050118361054665
2974,236.25,-38.75,38.75,0.0,2,0.3311669850777799
2975,238.75,-38.75,38.75,0.0,2,0.32419533674354145
2976,241.25,-38.75,38.75,0.0,2,0.31707047351666023
2977,243.75,-38.75,38.75,0.0,2,0.31092080180451626
2978,246.25,-38.75,38.75,0.0,2,0.3102236704640923
2979,248.75,-38.75,38.75,0.0,2,0.31071695262947535
2980,251.25,-38.75,38.75,0.0,2,0.30900225452412416
2981,253.75,-38.75,38.75,0.0,2,0.30951315166281806
2982,256.25,-38.75,38.75,0.0,2,0.3113278336800043
2983,258.75,-38.75,38.75,0.0,2,0.3119495139028235
2984,261.25,-38.75,38.75,0.0,2,0.3116001855215574
2985,263.75,-38.75,38.75,0.0,2,0.31087232598090775
2986,266.25,-38.75,38.75,0.0,2,0.3079944241456537
2987,268.75,-38.75,38.75,0.0,2,0.30308376084437444
2988,271.25,-38.75,38.75,0.0,2,0.29723691343906544
2989,273.75,-38.75,38.75,0.0,2,0.2913053071100765
2990,276.25,-38.75,38.75,0.0,2,0.2830804240542752
2991,278.75,-38.75,38.75,0.0,2,0.27604340036567354
2992,281.25,-38.75,38.75,0.0,1,0.2743218443294133
2993,283.75,-38.75,38.75,0.0,1,0.29422818062525496
2994,286.25,-38.75,38.75,0.0,1,0.3425285381687403
2995,288.75,-38.75,38.75,1.0,0,0.5542295125308356
2996,291.25,-38.75,38.75,1.0,0,0.539015349374644
2997,293.75,-38.75,38.75,1.0,0,0.4304511287697327
2998,296.25,-38.75,38.75,1.0,0,0.42487036024389824
2999,298.75,-38.75,38.75,0.0,1,0.5908980850576556
3000,301.25,-38.75,38.75,0.0,1,0.7111086132829731
3001,303.75,-38.75,38.75,0.0,1,0.4969362627440333
3002,306.25,-38.75,38.75,0.0,1,0.423793331545055
3003,308.75,-38.75,38.75,0.0,1,0.40095429891142537
3004,311.25,-38.75,38.75,0.0,1,0.39210962770327434
3005,313.75,-38.75,38.75,0.0,1,0.3858963244062082
3006,316.25,-38.75,38.75,0.0,1,0.3760552052680022
3007,318.75,-38.75,38.75,0.0,1,0.3639937910985333
3008,321.25,-38.75,38.75,0.0,1,0.3525984721690097
3009,323.75,-38.75,38.75,0.0,1,0.3422996337269122
3010,326.25,-38.75,38.75,0.0,1,0.3372635974185983
3011,328.75,-38.75,38.75,0.0,1,0.34059237627776906
3012,331.25,-38.75,38.75,0.0,1,0.34856169531673525
3013,333.75,-38.75,38.75,0.0,1,0.36154912007918305
3014,336.25,-38.75,38.75,0.0,1,0.3800367868194484
3015,338.75,-38.75,38.75,0.0,1,0.40108329603024545
3016,341.25,-38.75,38.75,0.0,1,0.4154737635139621
3017,343.75,-38.75,38.75,0.0,1,0.42835791046737165
3018,346.25,-38.75,38.75,0.0,1,0.44807301793824555
3019,348.75,-38.75,38.75,0.0,1,0.4729156883071029
3020,351.25,-38.75,38.75,0.0,1,0.4912132106911633
3021,353.75,-38.75,38.75,0.0,1,0.5000009268959683
3022,356.25,-38.75,38.75,0.0,1,0.5045167604761633
3023,358.75,-38.75,38.75,0.0,1,0.5128180785493034
3024,1.25,-36.25,36.25,0.0,1,0.47508547582182137
3025,3.75,-36.25,36.25,0.0,1,0.4725622362603551
3026,6.25,-36.25,36.25,0.0,1,0.4640957909041601
3027,8.75,-36.25,36.25,0.0,1,0.4578244795443326
3028,11.25,-36.25,36.25,0.0,1,0.45265264628954416
3029,13.75,-36.25,36.25,0.0,1,0.4512649312749307
3030,16.25,-36.25,36.25,0.0,1,0.4570780080456403
3031,18.75,-36.25,36.25,0.0,1,0.4663248554433546
3032,21.25,-36.25,36.25,0.0,1,0.47093149303707416
3033,23.75,-36.25,36.25,0.0,1,0.46206145686168626
3034,26.25,-36.25,36.25,0.0,1,0.4446230246935105
3035,28.75,-36.25,36.25,0.0,1,0.4309834926776888
3036,31.25,-36.25,36.25,0.0,3,0.41514480727688635
3037,33.75,-36.25,36.25,0.0,3,0.4325794056241702
3038,36.25,-36.25,36.25,0.0,3,0.46440194462843537
3039,38.75,-36.25,36.25,0.0,3,0.4820274917496957
3040,41.25,-36.25,36.25,0.0,3,0.4871365655998564
3041,43.75,-36.25,36.25,0.0,3,0.48587289437780834
3042,46.25,-36.25,36.25,0.0,3,0.4786599593876958
3043,48.75,-36.25,36.25,0.0,3,0.46985346803864814
3044,51.25,-36.25,36.25,0.0,3,0.4602455389579796
3045,53.75,-36.25,36.25,0.0,3,0.45431142090238813
3046,56.25,-36.25,36.25,0.0,3,0.4469343890384358
3047,58.75,-36.25,36.25,0.0,3,0.44053868632780896
3048,61.25,-36.25,36.25,0.0,3,0.4391258470345055
3049,63.75,-36.25,36.25,0.0,3,0.43800849212206616
3050,66.25,-36.25,36.25,0.0,3,0.4345563738698963
3051,68.75,-36.25,36.25,0.0,3,0.424520874936812
3052,71.25,-36.25,36.25,0.0,3,0.41504438516573083
3053,73.75,-36.25,36.25,0.0,3,0.4144469025921692
3054,76.25,-36.25,36.25,0.0,3,0.42498690138105205
3055,78.75,-36.25,36.25,0.0,3,0.43166036614589703
3056,81.25,-36.25,36.25,0.0,3,0.4305913730672052
3057,83.75,-36.25,36.25,0.0,3,0.43073090021597255
3058,86.25,-36.25,36.25,0.0,3,0.4339788048076685
3059,88.75,-36.25,36.25,0.0,3,0.43757814600866
3060,91.25,-36.25,36.25,0.0,3,0.4426277312444307
3061,93.75,-36.25,36.25,0.0,3,0.4536469491816578
3062,96.25,-36.25,36.25,0.0,3,0.46985423078329214
3063,98.75,-36.25,36.25,0.0,3,0.4915573162545255
3064,101.25,-36.25,36.25,0.0,3,0.5156318746367508
3065,103.75,-36.25,36.25,0.0,3,0.5223408224231747
3066,106.25,-36.25,36.25,0.0,3,0.5075349304816084
3067,108.75,-36.25,36.25,0.0,3,0.4870081867131304
3068,111.25,-36.25,36.25,0.0,3,0.4720954357195116
3069,113.75,-36.25,36.25,0.0,3,0.4509578564158496
3070,116.25,-36.25,36.25,0.0,3,0.41046774678793924
3071,118.75,-36.25,36.25,0.0,3,0.36739967995354383
3072,121.25,-36.25,36.25,0.0,2,0.3757773785142875
3073,123.75,-36.25,36.25,0.0,2,0.40434479781877075
3074,126.25,-36.25,36.25,0.0,2,0.4245008701529821
3075,128.75,-36.25,36.25,0.0,2,0.4293798981177703
3076,131.25,-36.25,36.25,0.0,2,0.42648761879587427
3077,133.75,-36.25,36.25,0.0,2,0.4305639458574866
3078,136.25,-36.25,36.25,0.0,2,0.4542834186920812
3079,138.75,-36.25,36.25,0.0,2,0.46128859065825445
3080,141.25,-36.25,36.25,1.0,0,0.4775478009619682
3081,143.75,-36.25,36.25,1.0,0,0.4987200672927142
3082,146.25,-36.25,36.25,1.0,0,0.5097124382601925
3083,148.75,-36.25,36.25,1.0,0,0.6001651417760957
3084,151.25,-36.25,36.25,0.0,2,0.7622054016972927
3085,153.75,-36.25,36.25,0.0,2,0.7431018610431648
3086,156.25,-36.25,36.25,0.0,2,0.6858393917159332
3087,158.75,-36.25,36.25,0.0,2,0.641277879348061
3088,161.25,-36.25,36.25,0.0,2,0.6150880500118479
3089,163.75,-36.25,36.25,0.0,2,0.6008555446651948
3090,166.25,-36.25,36.25,0.0,2,0.5954265103729042
3091,168.75,-36.25,36.25,0.0,2,0.5979538760986108
3092,171.25,-36.25,36.25,0.0,2,0.5950042128974486
3093,173.75,-36.25,36.25,0.0,2,0.5903175875374789
3094,176.25,-36.25,36.25,0.0,2,0.5763508406896041
3095,178.75,-36.25,36.25,0.0,2,0.5537638823172273
3096,181.25,-36.25,36.25,0.0,2,0.5385259300079036
3097,183.75,-36.25,36.25,0.0,2,0.5406962968893546
3098,186.25,-36.25,36.25,0.0,2,0.5470983474044357
3099,188.75,-36.25,36.25,0.0,2,0.554680166989046
3100,191.25,-36.25,36.25,0.0,2,0.5620716603038812
3101,193.75,-36.25,36.25,0.0,2,0.5684595540978368
3102,196.25,-36.25,36.25,0.0,2,0.5696818346277179
3103,198.75,-36.25,36.25,0.0,2,0.5709744847993566
3104,201.25,-36.25,36.25,0.0,2,0.5674126937121993
3105,203.75,-36.25,36.25,0.0,2,0.5565644749665795
3106,206.25,-36.25,36.25,0.0,2,0.5409063027259221
3107,208.75,-36.25,36.25,0.0,2,0.5178048749862483
3108,211.25,-36.25,36.25,0.0,2,0.4937943710866093
3109,213.75,-36.25,36.25,0.0,2,0.46766251053132424
3110,216.25,-36.25,36.25,0.0,2,0.4457418740351886
3111,218.75,-36.25,36.25,0.0,2,0.4257521967635503
3112,221.25,-36.25,36.25,0.0,2,0.4050340108606193
3113,223.75,-36.25,36.25,0.0,2,0.38471054709707275
3114,226.25,-36.25,36.25,0.0,2,0.36722743019173987
3115,228.75,-36.25,36.25,0.0,2,0.3526388488417742
3116,231.25,-36.25,36.25,0.0,2,0.3389235760115548
3117,233.75,-36.25,36.25,0.0,2,0.32463610881154226
3118,236.25,-36.25,36.25,0.0,2,0.3088807796344427
3119,238.75,-36.25,36.25,0.0,2,0.2969411626027138
3120,241.25,-36.25,36.25,0.0,2,0.2871461772230187
3121,243.75,-36.25,36.25,0.0,2,0.2799775794789995
3122,246.25,-36.25,36.25,0.0,2,0.2765213815048861
3123,248.75,-36.25,36.25,0.0,2,0.2727932973616425
3124,251.25,-36.25,36.25,0.0,2,0.27014359306987606
3125,253.75,-36.25,36.25,0.0,2,0.26693065014224
3126,256.25,-36.25,36.25,0.0,2,0.2652980974424386
3127,258.75,-36.25,36.25,0.0,2,0.26440400294895866
3128,261.25,-36.25,36.25,0.0,2,0.2648068209612211
3129,263.75,-36.25,36.25,0.0,2,0.26650531626440604
3130,266.25,-36.25,36.25,0.0,2,0.2656797806599052
3131,268.75,-36.25,36.25,0.0,2,0.2631437477417198
3132,271.25,-36.25,36.25,0.0,2,0.25959394678916
3133,273.75,-36.25,36.25,0.0,2,0.25343583910192546
3134,276.25,-36.25,36.25,0.0,2,0.24609893138658656
3135,278.75,-36.25,36.25,0.0,2,0.24331862576183297
3136,281.25,-36.25,36.25,0.0,1,0.2520973682442143
3137,283.75,-36.25,36.25,0.0,1,0.2990012162639503
3138,286.25,-36.25,36.25,0.0,1,0.4244301575475235
3139,288.75,-36.25,36.25,1.0,0,0.46183950723878614
3140,291.25,-36.25,36.25,1.0,0,0.5450372285660537
3141,293.75,-36.25,36.25,1.0,0,0.44820981346813193
3142,296.25,-36.25,36.25,1.0,0,0.5263421398579151
3143,298.75,-36.25,36.25,1.0,0,0.8454111056195996
3144,301.25,-36.25,36.25,1.0,0,1.0726750905450828
3145,303.75,-36.25,36.25,0.0,1,0.4648083887138988
3146,306.25,-36.25,36.25,0.0,1,0.40042752578627766
3147,308.75,-36.25,36.25,0.0,1,0.39182851163344307
3148,311.25,-36.25,36.25,0.0,1,0.3722489566051588
3149,313.75,-36.25,36.25,0.0,1,0.3587873254807387
3150,316.25,-36.25,36.25,0.0,1,0.3468292707066888
3151,318.75,-36.25,36.25,0.0,1,0.3327721108096887
3152,321.25,-36.25,36.25,0.0,1,0.318217720842515
3153,323.75,-36.25,36.25,0.0,1,0.30679521566051143
3154,326.25,-36.25,36.25,0.0,1,0.3005394665832855
3155,328.75,-36.25,36.25,0.0,1,0.3033837216077032
3156,331.25,-36.25,36.25,0.0,1,0.312277947976331
3157,333.75,-36.25,36.25,0.0,1,0.32881283104857323
3158,336.25,-36.25,36.25,0.0,1,0.3500134636317288
3159,338.75,-36.25,36.25,0.0,1,0.3694771619322139
3160,341.25,-36.25,36.25,0.0,1,0.3861553529490291
3161,343.75,-36.25,36.25,0.0,1,0.4018792528848993
3162,346.25,-36.25,36.25,0.0,1,0.42377470644828624
3163,348.75,-36.25,36.25,0.0,1,0.44656923476713944
3164,351.25,-36.25,36.25,0.0,1,0.46509323221856963
3165,353.75,-36.25,36.25,0.0,1,0.4728385085336105
3166,356.25,-36.25,36.25,0.0,1,0.47241545022117576
3167,358.75,-36.25,36.25,0.0,1,0.4730181680527816
3168,1.25,-33.75,33.75,0.0,1,0.4503425567771233
3169,3.75,-33.75,33.75,0.0,1,0.45136326103737806
3170,6.25,-33.75,33.75,0.0,1,0.4492579323770608
3171,8.75,-33.75,33.75,0.0,1,0.4457394216074958
3172,11.25,-33.75,33.75,0.0,1,0.4435114415773627
3173,13.75,-33.75,33.75,0.0,1,0.4455609844331007
3174,16.25,-33.75,33.75,0.0,1,0.46527308658852334
3175,18.75,-33.75,33.75,0.0,1,0.5413077627474909
3176,21.25,-33.75,33.75,1.0,0,0.615688707683284
3177,23.75,-33.75,33.75,0.0,1,0.6311718098367068
3178,26.25,-33.75,33.75,0.0,1,0.5142988061863937
3179,28.75,-33.75,33.75,0.0,1,0.5152180272692529
3180,31.25,-33.75,33.75,0.0,3,0.494603649130818
3181,33.75,-33.75,33.75,0.0,3,0.5046551796999268
3182,36.25,-33.75,33.75,0.0,3,0.5419404011776152
3183,38.75,-33.75,33.75,0.0,3,0.5415997586356015
3184,41.25,-33.75,33.75,0.0,3,0.5250836064685074
3185,43.75,-33.75,33.75,0.0,3,0.5066399386185774
3186,46.25,-33.75,33.75,0.0,3,0.48385623787208853
3187,48.75,-33.75,33.75,0.0,3,0.4635463348715991
3188,51.25,-33.75,33.75,0.0,3,0.44934364432851814
3189,53.75,-33.75,33.75,0.0,3,0.4442802229538261
3190,56.25,-33.75,33.75,0.0,3,0.4417139062548116
3191,58.75,-33.75,33.75,0.0,3,0.43480663471839953
3192,61.25,-33.75,33.75,0.0,3,0.42859078381177573
3193,63.75,-33.75,33.75,0.0,3,0.42545555113702094
3194,66.25,-33.75,33.75,0.0,3,0.42226691400459854
3195,68.75,-33.75,33.75,0.0,3,0.41440702283996306
3196,71.25,-33.75,33.75,0.0,3,0.40555142371882164
3197,73.75,-33.75,33.75,0.0,3,0.401517054840205
3198,76.25,-33.75,33.75,0.0,3,0.40462974659445144
3199,78.75,-33.75,33.75,0.0,3,0.40630191261783066
3200,81.25,-33.75,33.75,0.0,3,0.40553247302885265
3201,83.75,-33.75,33.75,0.0,3,0.4072600547155487
3202,86.25,-33.75,33.75,0.0,3,0.41044980843809586
3203,88.75,-33.75,33.75,0.0,3,0.4155149330644604
3204,91.25,-33.75,33.75,0.0,3,0.425090915939409
3205,93.75,-33.75,33.75,0.0,3,0.4435203260961727
3206,96.25,-33.75,33.75,0.0,3,0.47316579596451014
3207,98.75,-33.75,33.75,0.0,3,0.5096994498242989
3208,101.25,-33.75,33.75,0.0,3,0.5412544487831368
3209,103.75,-33.75,33.75,0.0,3,0.5456598357675887
3210,106.25,-33.75,33.75,0.0,3,0.5222774273218787
3211,108.75,-33.75,33.75,0.0,3,0.49902444585162836
3212,111.25,-33.75,33.75,0.0,3,0.4967846403105536
3213,113.75,-33.75,33.75,0.0,3,0.5219767526878142
3214,116.25,-33.75,33.75,1.0,0,0.6571984359339093
3215,118.75,-33.75,33.75,1.0,0,0.62458451443366
3216,121.25,-33.75,33.75,0.0,2,0.5736920090275589
3217,123.75,-33.75,33.75,0.0,2,0.4803278878229213
3218,126.25,-33.75,33.75,0.0,2,0.4372067893858463
3219,128.75,-33.75,33.75,0.0,2,0.44295126485556646
3220,131.25,-33.75,33.75,0.0,2,0.4527102731680622
3221,133.75,-33.75,33.75,0.0,2,0.4784139130875711
3222,136.25,-33.75,33.75,1.0,0,0.5818812127063556
3223,138.75,-33.75,33.75,1.0,0,0.630669644146646
3224,141.25,-33.75,33.75,1.0,0,0.6631058628170768
3225,143.75,-33.75,33.75,1.0,0,0.6843809484046072
3226,146.25,-33.75,33.75,1.0,0,0.6590015590031224
3227,148.75,-33.75,33.75,1.0,0,0.6447536270197857
3228,151.25,-33.75,33.75,0.0,2,0.6783836330674863
3229,153.75,-33.75,33.75,0.0,2,0.6691273394503053
3230,156.25,-33.75,33.75,0.0,2,0.6144377068405591
3231,158.75,-33.75,33.75,0.0,2,0.594950354253674
3232,161.25,-33.75,33.75,0.0,2,0.5873414855402698
3233,163.75,-33.75,33.75,0.0,2,0.5818057043990295
3234,166.25,-33.75,33.75,0.0,2,0.5876590013734565
3235,168.75,-33.75,33.75,0.0,2,0.6024187238750619
3236,171.25,-33.75,33.75,0.0,2,0.5935042899859029
3237,173.75,-33.75,33.75,0.0,2,0.5783993821138647
3238,176.25,-33.75,33.75,0.0,2,0.5587342824312062
3239,178.75,-33.75,33.75,0.0,2,0.5492509087607576
3240,181.25,-33.75,33.75,0.0,2,0.5462584199386183
3241,183.75,-33.75,33.75,0.0,2,0.5498523853052558
3242,186.25,-33.75,33.75,0.0,2,0.5589981400869318
3243,188.75,-33.75,33.75,0.0,2,0.5670416299298071
3244,191.25,-33.75,33.75,0.0,2,0.5762570265242895
3245,193.75,-33.75,33.75,0.0,2,0.5851212738418449
3246,196.25,-33.75,33.75,0.0,2,0.5891229863653
3247,198.75,-33.75,33.75,0.0,2,0.5877271879448164
3248,201.25,-33.75,33.75,0.0,2,0.5793920432967445
3249,203.75,-33.75,33.75,0.0,2,0.5614286009167266
3250,206.25,-33.75,33.75,0.0,2,0.5374066157461195
3251,208.75,-33.75,33.75,0.0,2,0.5100954927951499
3252,211.25,-33.75,33.75,0.0,2,0.4826312910407857
3253,213.75,-33.75,33.75,0.0,2,0.4549645614399232
3254,216.25,-33.75,33.75,0.0,2,0.43308351937876816
3255,218.75,-33.75,33.75,0.0,2,0.41112936349593426
3256,221.25,-33.75,33.75,0.0,2,0.38962857818703195
3257,223.75,-33.75,33.75,0.0,2,0.3712560691890189
3258,226.25,-33.75,33.75,0.0,2,0.35529186430723525
3259,228.75,-33.75,33.75,0.0,2,0.33910482000992964
3260,231.25,-33.75,33.75,0.0,2,0.32069264759190635
3261,233.75,-33.75,33.75,0.0,2,0.3020220044626549
3262,236.25,-33.75,33.75,0.0,2,0.2853530699464079
3263,238.75,-33.75,33.75,0.0,2,0.27222986613194594
3264,241.25,-33.75,33.75,0.0,2,0.26381137991696096
3265,243.75,-33.75,33.75,0.0,2,0.25897782990291895
3266,246.25,-33.75,33.75,0.0,2,0.25558872927566634
3267,248.75,-33.75,33.75,0.0,2,0.2512842690073304
3268,251.25,-33.75,33.75,0.0,2,0.24735193221734098
3269,253.75,-33.75,33.75,0.0,2,0.24359988530976254
3270,256.25,-33.75,33.75,0.0,2,0.24237772105357172
3271,258.75,-33.75,33.75,0.0,2,0.24152177611146228
3272,261.25,-33.75,33.75,0.0,2,0.24316482102372255
3273,263.75,-33.75,33.75,0.0,2,0.24458849244361017
3274,266.25,-33.75,33.75,0.0,2,0.2427516194823277
3275,268.75,-33.75,33.75,0.0,2,0.23945985581085225
3276,271.25,-33.75,33.75,0.0,2,0.23574580265731698
3277,273.75,-33.75,33.75,0.0,2,0.23028953080703904
3278,276.25,-33.75,33.75,0.0,2,0.2251394093896428
3279,278.75,-33.75,33.75,0.0,2,0.22903011021782954
3280,281.25,-33.75,33.75,0.0,1,0.2551466319428809
3281,283.75,-33.75,33.75,0.0,1,0.3303521792843956
3282,286.25,-33.75,33.75,0.0,1,0.4688371266277694
3283,288.75,-33.75,33.75,0.0,0,0.5531634975094365
3284,291.25,-33.75,33.75,1.0,0,0.640311611553364
3285,293.75,-33.75,33.75,1.0,0,0.5298767384590802
3286,296.25,-33.75,33.75,1.0,0,0.5742226522192925
3287,298.75,-33.75,33.75,1.0,0,0.68953897163672
3288,301.25,-33.75,33.75,1.0,0,0.5793468025013354
3289,303.75,-33.75,33.75,1.0,0,0.5373323262100541
3290,306.25,-33.75,33.75,0.0,1,0.471963921366032
3291,308.75,-33.75,33.75,0.0,1,0.40766221074026543
3292,311.25,-33.75,33.75,0.0,1,0.3845693583428921
3293,313.75,-33.75,33.75,0.0,1,0.3562954784311773
3294,316.25,-33.75,33.75,0.0,1,0.3408776598491263
3295,318.75,-33.75,33.75,0.0,1,0.3277697735581224
3296,321.25,-33.75,33.75,0.0,1,0.3140029066871567
3297,323.75,-33.75,33.75,0.0,1,0.30501170462396415
3298,326.25,-33.75,33.75,0.0,1,0.30390288383745656
3299,328.75,-33.75,33.75,0.0,1,0.31135214681033
3300,331.25,-33.75,33.75,0.0,1,0.32479524318351144
3301,333.75,-33.75,33.75,0.0,1,0.34238212804756174
3302,336.25,-33.75,33.75,0.0,1,0.3605718750945485
3303,338.75,-33.75,33.75,0.0,1,0.37633473003401235
3304,341.25,-33.75,33.75,0.0,1,0.3894266815770142
3305,343.75,-33.75,33.75,0.0,1,0.4023649608304699
3306,346.25,-33.75,33.75,0.0,1,0.41636705543015523
3307,348.75,-33.75,33.75,0.0,1,0.4317019418415259
3308,351.25,-33.75,33.75,0.0,1,0.44285944182509135
3309,353.75,-33.75,33.75,0.0,1,0.44913533216498075
3310,356.25,-33.75,33.75,0.0,1,0.45230783448611644
3311,358.75,-33.75,33.75,0.0,1,0.45163577308272235
3312,1.25,-31.25,31.25,0.0,1,0.4490188360863924
3313,3.75,-31.25,31.25,0.0,1,0.4469162454799733
3314,6.25,-31.25,31.25,0.0,1,0.439375363623931
3315,8.75,-31.25,31.25,0.0,1,0.4317738644322286
3316,11.25,-31.25,31.25,0.0,1,0.43327474230608454
3317,13.75,-31.25,31.25,0.0,1,0.4480296187810193
3318,16.25,-31.25,31.25,0.0,1,0.5086766690006116
3319,18.75,-31.25,31.25,1.0,0,0.7389324075707298
3320,21.25,-31.25,31.25,1.0,0,0.9195110481664337
3321,23.75,-31.25,31.25,1.0,0,0.9577349245270617
3322,26.25,-31.25,31.25,1.0,0,1.172774897768847
3323,28.75,-31.25,31.25,1.0,0,0.8558714600089812
3324,31.25,-31.25,31.25,0.0,3,0.6073159623950608
3325,33.75,-31.25,31.25,0.0,3,0.6078167227520234
3326,36.25,-31.25,31.25,0.0,3,0.6104620391932167
3327,38.75,-31.25,31.25,0.0,3,0.567943932432094
3328,41.25,-31.25,31.25,0.0,3,0.5318878425234159
3329,43.75,-31.25,31.25,0.0,3,0.5084654448361207
3330,46.25,-31.25,31.25,0.0,3,0.4881703340116057
3331,48.75,-31.25,31.25,0.0,3,0.4725391918499346
3332,51.25,-31.25,31.25,0.0,3,0.46306510825232017
3333,53.75,-31.25,31.25,0.0,3,0.45938841134252534
3334,56.25,-31.25,31.25,0.0,3,0.45536757320135773
3335,58.75,-31.25,31.25,0.0,3,0.4496286828048788
3336,61.25,-31.25,31.25,0.0,3,0.44456187002697906
3337,63.75,-31.25,31.25,0.0,3,0.44082537101389524
3338,66.25,-31.25,31.25,0.0,3,0.4347745460287014
3339,68.75,-31.25,31.25,0.0,3,0.4258416589881125
3340,71.25,-31.25,31.25,0.0,3,0.41679372514556284
3341,73.75,-31.25,31.25,0.0,3,0.4117932991351739
3342,76.25,-31.25,31.25,0.0,3,0.40854729909439313
3343,78.75,-31.25,31.25,0.0,3,0.40297898210347993
3344,81.25,-31.25,31.25,0.0,3,0.4004786489689647
3345,83.75,-31.25,31.25,0.0,3,0.40383306087640747
3346,86.25,-31.25,31.25,0.0,3,0.4072555919285642
3347,88.75,-31.25,31.25,0.0,3,0.4124336442336783
3348,91.25,-31.25,31.25,0.0,3,0.424882291482612
3349,93.75,-31.25,31.25,0.0,3,0.44621186970442334
3350,96.25,-31.25,31.25,0.0,3,0.4773289455222786
3351,98.75,-31.25,31.25,0.0,3,0.5123837523425635
3352,101.25,-31.25,31.25,0.0,3,0.5373404420194003
3353,103.75,-31.25,31.25,0.0,3,0.5371913758874612
3354,106.25,-31.25,31.25,0.0,3,0.5189393077560774
3355,108.75,-31.25,31.25,0.0,3,0.5083406448548389
3356,111.25,-31.25,31.25,0.0,3,0.5230904771877872
3357,113.75,-31.25,31.25,0.0,3,0.5690768249618058
3358,116.25,-31.25,31.25,1.0,0,0.7400017738268477
3359,118.75,-31.25,31.25,1.0,0,0.8181236241521631
3360,121.25,-31.25,31.25,1.0,0,0.8042635809754702
3361,123.75,-31.25,31.25,1.0,0,0.7403233834342333
3362,126.25,-31.25,31.25,1.0,0,0.6877313404129536
3363,128.75,-31.25,31.25,0.0,2,0.6097094874471772
3364,131.25,-31.25,31.25,0.0,2,0.5800575848831739
3365,133.75,-31.25,31.25,1.0,0,0.6182870535715561
3366,136.25,-31.25,31.25,1.0,0,0.7145875179969027
3367,138.75,-31.25,31.25,1.0,0,0.7494510767812003
3368,141.25,-31.25,31.25,1.0,0,0.7504228719220496
3369,143.75,-31.25,31.25,1.0,0,0.8137280962494482
3370,146.25,-31.25,31.25,1.0,0,0.6427475512046851
3371,148.75,-31.25,31.25,1.0,0,0.5065232412944862
3372,151.25,-31.25,31.25,1.0,0,0.5476060279064571
3373,153.75,-31.25,31.25,0.0,2,0.6648307552297366
3374,156.25,-31.25,31.25,0.0,2,0.5872787515264272
3375,158.75,-31.25,31.25,0.0,2,0.5701718697009239
3376,161.25,-31.25,31.25,0.0,2,0.5677257901645606
3377,163.75,-31.25,31.25,0.0,2,0.5702806058979527
3378,166.25,-31.25,31.25,0.0,2,0.5814214252354659
3379,168.75,-31.25,31.25,0.0,2,0.5891648031928023
3380,171.25,-31.25,31.25,0.0,2,0.5783259480324012
3381,173.75,-31.25,31.25,0.0,2,0.5622099455072683
3382,176.25,-31.25,31.25,0.0,2,0.5529485100271512
3383,178.75,-31.25,31.25,0.0,2,0.5520253545140799
3384,181.25,-31.25,31.25,0.0,2,0.554884389180287
3385,183.75,-31.25,31.25,0.0,2,0.5619764262561461
3386,186.25,-31.25,31.25,0.0,2,0.5705062155559101
3387,188.75,-31.25,31.25,0.0,2,0.5772855043690623
3388,191.25,-31.25,31.25,0.0,2,0.5853591563856766
3389,193.75,-31.25,31.25,0.0,2,0.5909509371380517
3390,196.25,-31.25,31.25,0.0,2,0.5889627073524298
3391,198.75,-31.25,31.25,0.0,2,0.580974061154683
3392,201.25,-31.25,31.25,0.0,2,0.5650947817279164
3393,203.75,-31.25,31.25,0.0,2,0.5400343483949717
3394,206.25,-31.25,31.25,0.0,2,0.5120671380972928
3395,208.75,-31.25,31.25,0.0,2,0.48385402234447666
3396,211.25,-31.25,31.25,0.0,2,0.45711260217468563
3397,213.75,-31.25,31.25,0.0,2,0.4322785286698517
3398,216.25,-31.25,31.25,0.0,2,0.4121642533207139
3399,218.75,-31.25,31.25,0.0,2,0.39377693196844255
3400,221.25,-31.25,31.25,0.0,2,0.37598223481694876
3401,223.75,-31.25,31.25,0.0,2,0.35878495324226195
3402,226.25,-31.25,31.25,0.0,2,0.3410067595789727
3403,228.75,-31.25,31.25,0.0,2,0.32466787674438247
3404,231.25,-31.25,31.25,0.0,2,0.3079126605288903
3405,233.75,-31.25,31.25,0.0,2,0.29022747439648827
3406,236.25,-31.25,31.25,0.0,2,0.2746384930201732
3407,238.75,-31.25,31.25,0.0,2,0.2630184318438103
3408,241.25,-31.25,31.25,0.0,2,0.25621159540949934
3409,243.75,-31.25,31.25,0.0,2,0.2539671221818059
3410,246.25,-31.25,31.25,0.0,2,0.2531646562307431
3411,248.75,-31.25,31.25,0.0,2,0.2511815335132816
3412,251.25,-31.25,31.25,0.0,2,0.25111001623478135
3413,253.75,-31.25,31.25,0.0,2,0.25078502249213175
3414,256.25,-31.25,31.25,0.0,2,0.24983314242099722
3415,258.75,-31.25,31.25,0.0,2,0.24817907145832502
3416,261.25,-31.25,31.25,0.0,2,0.24776270094508968
3417,263.75,-31.25,31.25,0.0,2,0.24513845888473876
3418,266.25,-31.25,31.25,0.0,2,0.2402462566342388
3419,268.75,-31.25,31.25,0.0,2,0.2343547968891134
3420,271.25,-31.25,31.25,0.0,2,0.2275887782018165
3421,273.75,-31.25,31.25,0.0,2,0.22368723063054244
3422,276.25,-31.25,31.25,0.0,2,0.223519682423178
3423,278.75,-31.25,31.25,0.0,2,0.2339454092724485
3424,281.25,-31.25,31.25,0.0,1,0.2708434174190629
3425,283.75,-31.25,31.25,0.0,1,0.3619623377148431
3426,286.25,-31.25,31.25,0.0,1,0.5396794135933818
3427,288.75,-31.25,31.25,0.0,0,0.7910429446471973
3428,291.25,-31.25,31.25,1.0,0,0.8267586984766477
3429,293.75,-31.25,31.25,1.0,0,0.699236382542571
3430,296.25,-31.25,31.25,1.0,0,0.6228079828679451
3431,298.75,-31.25,31.25,1.0,0,0.6108381883473958
3432,301.25,-31.25,31.25,1.0,0,0.4849382105872249
3433,303.75,-31.25,31.25,1.0,0,0.44651974746321227
3434,306.25,-31.25,31.25,1.0,0,0.45312754023136925
3435,308.75,-31.25,31.25,0.0,1,0.48742203585395677
3436,311.25,-31.25,31.25,0.0,1,0.42802609737705555
3437,313.75,-31.25,31.25,0.0,1,0.39649138998360467
3438,316.25,-31.25,31.25,0.0,1,0.37458992300841254
3439,318.75,-31.25,31.25,0.0,1,0.3641547524384502
3440,321.25,-31.25,31.25,0.0,1,0.3547532414491406
3441,323.75,-31.25,31.25,0.0,1,0.3479819070459037
3442,326.25,-31.25,31.25,0.0,1,0.346932364640746
3443,328.75,-31.25,31.25,0.0,1,0.3530414461556902
3444,331.25,-31.25,31.25,0.0,1,0.3639226813354696
3445,333.75,-31.25,31.25,0.0,1,0.37807015493509694
3446,336.25,-31.25,31.25,0.0,1,0.39118776056445986
3447,338.75,-31.25,31.25,0.0,1,0.4031657998634383
3448,341.25,-31.25,31.25,0.0,1,0.41435715013343594
3449,343.75,-31.25,31.25,0.0,1,0.4237259742717602
3450,346.25,-31.25,31.25,0.0,1,0.43216030232326397
3451,348.75,-31.25,31.25,0.0,1,0.4407132941280576
3452,351.25,-31.25,31.25,0.0,1,0.44462642023448085
3453,353.75,-31.25,31.25,0.0,1,0.44786489769682053
3454,356.25,-31.25,31.25,0.0,1,0.4502886167350398
3455,358.75,-31.25,31.25,0.0,1,0.45009570913566854
3456,1.25,-28.75,28.75,0.0,1,0.4433549194607023
3457,3.75,-28.75,28.75,0.0,1,0.43571759242977776
3458,6.25,-28.75,28.75,0.0,1,0.4272573450589441
3459,8.75,-28.75,28.75,0.0,1,0.42500672805320305
3460,11.25,-28.75,28.75,0.0,1,0.44182573710525624
3461,13.75,-28.75,28.75,0.0,1,0.4922270963829552
3462,16.25,-28.75,28.75,0.0,1,0.5890118557094977
3463,18.75,-28.75,28.75,1.0,0,0.9807116635481671
3464,21.25,-28.75,28.75,1.0,0,1.0120696733183234
3465,23.75,-28.75,28.75,1.0,0,1.1997223447834906
3466,26.25,-28.75,28.75,1.0,0,1.2269973693019876
3467,28.75,-28.75,28.75,1.0,0,1.3125507892781574
3468,31.25,-28.75,28.75,0.0,3,0.8200783706758688
3469,33.75,-28.75,28.75,0.0,3,0.6664620021041603
3470,36.25,-28.75,28.75,0.0,3,0.6187271980034661
3471,38.75,-28.75,28.75,0.0,3,0.5698172742358056
3472,41.25,-28.75,28.75,0.0,3,0.5508642894542792
3473,43.75,-28.75,28.75,0.0,3,0.533147419595108
3474,46.25,-28.75,28.75,0.0,3,0.5148800526945071
3475,48.75,-28.75,28.75,0.0,3,0.500112659595569
3476,51.25,-28.75,28.75,0.0,3,0.4906863802285131
3477,53.75,-28.75,28.75,0.0,3,0.48667459856492973
3478,56.25,-28.75,28.75,0.0,3,0.47967915191537114
3479,58.75,-28.75,28.75,0.0,3,0.4722834460941743
3480,61.25,-28.75,28.75,0.0,3,0.46777911643514536
3481,63.75,-28.75,28.75,0.0,3,0.46326621891669617
3482,66.25,-28.75,28.75,0.0,3,0.4583515735606762
3483,68.75,-28.75,28.75,0.0,3,0.4510590512398834
3484,71.25,-28.75,28.75,0.0,3,0.44475994525623874
3485,73.75,-28.75,28.75,0.0,3,0.43805905005745566
3486,76.25,-28.75,28.75,0.0,3,0.42897759479961695
3487,78.75,-28.75,28.75,0.0,3,0.42037025749276563
3488,81.25,-28.75,28.75,0.0,3,0.4183396248495062
3489,83.75,-28.75,28.75,0.0,3,0.4207196742178585
3490,86.25,-28.75,28.75,0.0,3,0.4234063989232531
3491,88.75,-28.75,28.75,0.0,3,0.4267028711215441
3492,91.25,-28.75,28.75,0.0,3,0.43844810176218035
3493,93.75,-28.75,28.75,0.0,3,0.4582740579167734
3494,96.25,-28.75,28.75,0.0,3,0.48148727769526073
3495,98.75,-28.75,28.75,0.0,3,0.4996660364287287
3496,101.25,-28.75,28.75,0.0,3,0.5065262362386764
3497,103.75,-28.75,28.75,0.0,3,0.506286714094788
3498,106.25,-28.75,28.75,0.0,3,0.5076042264691821
3499,108.75,-28.75,28.75,0.0,3,0.5193434130141112
3500,111.25,-28.75,28.75,0.0,3,0.5419270445484285
3501,113.75,-28.75,28.75,0.0,3,0.5856983837338418
3502,116.25,-28.75,28.75,1.0,0,0.8599940847676164
3503,118.75,-28.75,28.75,1.0,0,0.9466236542899519
3504,121.25,-28.75,28.75,1.0,0,0.9657537815306323
3505,123.75,-28.75,28.75,1.0,0,0.9492071683308254
3506,126.25,-28.75,28.75,1.0,0,0.9037872065622056
3507,128.75,-28.75,28.75,1.0,0,0.8889546189208642
3508,131.25,-28.75,28.75,1.0,0,0.7480737984148589
3509,133.75,-28.75,28.75,1.0,0,0.8510800738836013
3510,136.25,-28.75,28.75,1.0,0,0.8378097478774145
3511,138.75,-28.75,28.75,1.0,0,0.7342666897109896
3512,141.25,-28.75,28.75,1.0,0,0.9150026013306832
3513,143.75,-28.75,28.75,1.0,0,0.9277721979459174
3514,146.25,-28.75,28.75,1.0,0,0.8906134158749123
3515,148.75,-28.75,28.75,1.0,0,0.7251932881289662
3516,151.25,-28.75,28.75,1.0,0,0.715785148505029
3517,153.75,-28.75,28.75,0.0,2,0.6472468444733038
3518,156.25,-28.75,28.75,0.0,2,0.5915377167824819
3519,158.75,-28.75,28.75,0.0,2,0.5798820614427568
3520,161.25,-28.75,28.75,0.0,2,0.5752831650972532
3521,163.75,-28.75,28.75,0.0,2,0.577294848729825
3522,166.25,-28.75,28.75,0.0,2,0.5793572264945203
3523,168.75,-28.75,28.75,0.0,2,0.5758481089864929
3524,171.25,-28.75,28.75,0.0,2,0.5664858139213497
3525,173.75,-28.75,28.75,0.0,2,0.5587992638656374
3526,176.25,-28.75,28.75,0.0,2,0.5580945014246617
3527,178.75,-28.75,28.75,0.0,2,0.5617143317286725
3528,181.25,-28.75,28.75,0.0,2,0.5651637170856985
3529,183.75,-28.75,28.75,0.0,2,0.5701360841259446
3530,186.25,-28.75,28.75,0.0,2,0.5734739192208889
3531,188.75,-28.75,28.75,0.0,2,0.5739205879702421
3532,191.25,-28.75,28.75,0.0,2,0.5731190864123521
3533,193.75,-28.75,28.75,0.0,2,0.5670139031625375
3534,196.25,-28.75,28.75,0.0,2,0.5559906776320053
3535,198.75,-28.75,28.75,0.0,2,0.5407277229063445
3536,201.25,-28.75,28.75,0.0,2,0.5203113768194032
3537,203.75,-28.75,28.75,0.0,2,0.49530622212011594
3538,206.25,-28.75,28.75,0.0,2,0.4708156710906271
3539,208.75,-28.75,28.75,0.0,2,0.4492412279523374
3540,211.25,-28.75,28.75,0.0,2,0.43063720052415677
3541,213.75,-28.75,28.75,0.0,2,0.41321941672238666
3542,216.25,-28.75,28.75,0.0,2,0.3993954245954589
3543,218.75,-28.75,28.75,0.0,2,0.3859667265051764
3544,221.25,-28.75,28.75,0.0,2,0.3707778536484977
3545,223.75,-28.75,28.75,0.0,2,0.3538915430351046
3546,226.25,-28.75,28.75,0.0,2,0.3386276177230656
3547,228.75,-28.75,28.75,0.0,2,0.32367845104645926
3548,231.25,-28.75,28.75,0.0,2,0.3078147003837673
3549,233.75,-28.75,28.75,0.0,2,0.29315968439993834
3550,236.25,-28.75,28.75,0.0,2,0.2804224435075661
3551,238.75,-28.75,28.75,0.0,2,0.2732663211711805
3552,241.25,-28.75,28.75,0.0,2,0.27052218203695466
3553,243.75,-28.75,28.75,0.0,2,0.27032687490064605
3554,246.25,-28.75,28.75,0.0,2,0.2732536443568253
3555,248.75,-28.75,28.75,0.0,2,0.27579938759897316
3556,251.25,-28.75,28.75,0.0,2,0.27817000704364203
3557,253.75,-28.75,28.75,0.0,2,0.27869865944982325
3558,256.25,-28.75,28.75,0.0,2,0.27563929204461796
3559,258.75,-28.75,28.75,0.0,2,0.2703085853249982
3560,261.25,-28.75,28.75,0.0,2,0.26460709291257467
3561,263.75,-28.75,28.75,0.0,2,0.2572788244732797
3562,266.25,-28.75,28.75,0.0,2,0.24815146805803948
3563,268.75,-28.75,28.75,0.0,2,0.2395172704814937
3564,271.25,-28.75,28.75,0.0,2,0.23429595231408004
3565,273.75,-28.75,28.75,0.0,2,0.23389247592809248
3566,276.25,-28.75,28.75,0.0,2,0.24010244607297884
3567,278.75,-28.75,28.75,0.0,2,0.25731371314890544
3568,281.25,-28.75,28.75,0.0,1,0.30682782036086775
3569,283.75,-28.75,28.75,0.0,1,0.4210200471717489
3570,286.25,-28.75,28.75,0.0,1,0.6366162545639361
3571,288.75,-28.75,28.75,0.0,1,1.1096640095346073
3572,291.25,-28.75,28.75,1.0,0,0.789176819630867
3573,293.75,-28.75,28.75,1.0,0,0.6230428732216117
3574,296.25,-28.75,28.75,1.0,0,0.6646316912778201
3575,298.75,-28.75,28.75,1.0,0,0.6228471793123995
3576,301.25,-28.75,28.75,1.0,0,0.535685233132972
3577,303.75,-28.75,28.75,1.0,0,0.5434777768582009
3578,306.25,-28.75,28.75,1.0,0,0.8393788627011822
3579,308.75,-28.75,28.75,1.0,0,0.8328476459565678
3580,311.25,-28.75,28.75,0.0,1,0.5254484898241304
3581,313.75,-28.75,28.75,0.0,1,0.4728108141160796
3582,316.25,-28.75,28.75,0.0,1,0.44977087919718306
3583,318.75,-28.75,28.75,0.0,1,0.43948242455289865
3584,321.25,-28.75,28.75,0.0,1,0.43235320895536905
3585,323.75,-28.75,28.75,0.0,1,0.42473704881374047
3586,326.25,-28.75,28.75,0.0,1,0.41827267057772416
3587,328.75,-28.75,28.75,0.0,1,0.419300549576066
3588,331.25,-28.75,28.75,0.0,1,0.4258901341265703
3589,333.75,-28.75,28.75,0.0,1,0.433701799936302
3590,336.25,-28.75,28.75,0.0,1,0.4418308801638428
3591,338.75,-28.75,28.75,0.0,1,0.4497370960821461
3592,341.25,-28.75,28.75,0.0,1,0.45435455294584387
3593,343.75,-28.75,28.75,0.0,1,0.4568605221098236
3594,346.25,-28.75,28.75,0.0,1,0.45828877484734637
3595,348.75,-28.75,28.75,0.0,1,0.4601688051085218
3596,351.25,-28.75,28.75,0.0,1,0.4589974196472587
3597,353.75,-28.75,28.75,0.0,1,0.4557382957664849
3598,356.25,-28.75,28.75,0.0,1,0.45243402197319715
3599,358.75,-28.75,28.75,0.0,1,0.4488691592455488
3600,1.25,-26.25,26.25,0.0,1,0.4350428134194541
3601,3.75,-26.25,26.25,0.0,1,0.42908235111826765
3602,6.25,-26.25,26.25,0.0,1,0.43075992652139555
3603,8.75,-26.25,26.25,0.0,1,0.4531690113142613
3604,11.25,-26.25,26.25,0.0,1,0.5232938349906242
3605,13.75,-26.25,26.25,0.0,1,0.6694120632286773
3606,16.25,-26.25,26.25,1.0,0,1.0664470715131018
3607,18.75,-26.25,26.25,1.0,0,1.241059051258008
3608,21.25,-26.25,26.25,1.0,0,1.119723646724022
3609,23.75,-26.25,26.25,1.0,0,1.2297494034397405
3610,26.25,-26.25,26.25,1.0,0,1.1177354144933591
3611,28.75,-26.25,26.25,1.0,0,1.213121185604432
3612,31.25,-26.25,26.25,1.0,0,0.927505990285444
3613,33.75,-26.25,26.25,0.0,3,0.7702861359838407
3614,36.25,-26.25,26.25,0.0,3,0.6662301856479397
3615,38.75,-26.25,26.25,0.0,3,0.6252060680921437
3616,41.25,-26.25,26.25,0.0,3,0.6128466071142413
3617,43.75,-26.25,26.25,0.0,3,0.6141267713323315
3618,46.25,-26.25,26.25,0.0,3,0.5829588329433849
3619,48.75,-26.25,26.25,0.0,3,0.5271995083231193
3620,51.25,-26.25,26.25,0.0,3,0.5156910745350415
3621,53.75,-26.25,26.25,0.0,3,0.5094004806316895
3622,56.25,-26.25,26.25,0.0,3,0.5005859896663725
3623,58.75,-26.25,26.25,0.0,3,0.4937867410070656
3624,61.25,-26.25,26.25,0.0,3,0.4883919068029761
3625,63.75,-26.25,26.25,0.0,3,0.4841402851807571
3626,66.25,-26.25,26.25,0.0,3,0.48013168797874217
3627,68.75,-26.25,26.25,0.0,3,0.47540120519141416
3628,71.25,-26.25,26.25,0.0,3,0.46900296698895
3629,73.75,-26.25,26.25,0.0,3,0.46101270154408686
3630,76.25,-26.25,26.25,0.0,3,0.4546042133089191
3631,78.75,-26.25,26.25,0.0,3,0.4516068455326895
3632,81.25,-26.25,26.25,0.0,3,0.45070775383659656
3633,83.75,-26.25,26.25,0.0,3,0.4507745830755474
3634,86.25,-26.25,26.25,0.0,3,0.45116773562090084
3635,88.75,-26.25,26.25,0.0,3,0.4530076180488287
3636,91.25,-26.25,26.25,0.0,3,0.46181256659180353
3637,93.75,-26.25,26.25,0.0,3,0.4730704063075186
3638,96.25,-26.25,26.25,0.0,3,0.48387742937298006
3639,98.75,-26.25,26.25,0.0,3,0.49160916029377266
3640,101.25,-26.25,26.25,0.0,3,0.49856192154936346
3641,103.75,-26.25,26.25,0.0,3,0.5067787456228019
3642,106.25,-26.25,26.25,0.0,3,0.5167687166161954
3643,108.75,-26.25,26.25,0.0,3,0.5307765090161706
3644,111.25,-26.25,26.25,0.0,3,0.5479744290415508
3645,113.75,-26.25,26.25,0.0,3,0.6220691954142966
3646,116.25,-26.25,26.25,1.0,0,0.9519271341049551
3647,118.75,-26.25,26.25,1.0,0,1.0643252271125039
3648,121.25,-26.25,26.25,1.0,0,1.0980229021893895
3649,123.75,-26.25,26.25,1.0,0,1.090759953405949
3650,126.25,-26.25,26.25,1.0,0,1.080614014056889
3651,128.75,-26.25,26.25,1.0,0,1.0519582417559776
3652,131.25,-26.25,26.25,1.0,0,1.0110081747538502
3653,133.75,-26.25,26.25,1.0,0,0.9739570873470721
3654,136.25,-26.25,26.25,1.0,0,0.9752843819994291
3655,138.75,-26.25,26.25,1.0,0,1.0020163990469229
3656,141.25,-26.25,26.25,1.0,0,1.0126601868863456
3657,143.75,-26.25,26.25,1.0,0,0.9937679032032153
3658,146.25,-26.25,26.25,1.0,0,0.937836880432662
3659,148.75,-26.25,26.25,1.0,0,0.8658462483590639
3660,151.25,-26.25,26.25,1.0,0,0.721758627991462
3661,153.75,-26.25,26.25,0.0,2,0.6302472117641591
3662,156.25,-26.25,26.25,0.0,2,0.58779120259477
3663,158.75,-26.25,26.25,0.0,2,0.580891917549333
3664,161.25,-26.25,26.25,0.0,2,0.5760933888878508
3665,163.75,-26.25,26.25,0.0,2,0.5739283809135566
3666,166.25,-26.25,26.25,0.0,2,0.5724739298535858
3667,168.75,-26.25,26.25,0.0,2,0.5684881510974206
3668,171.25,-26.25,26.25,0.0,2,0.5629714663140358
3669,173.75,-26.25,26.25,0.0,2,0.5585639208036232
3670,176.25,-26.25,26.25,0.0,2,0.5567739440902543
3671,178.75,-26.25,26.25,0.0,2,0.556449745025526
3672,181.25,-26.25,26.25,0.0,2,0.5560874246482801
3673,183.75,-26.25,26.25,0.0,2,0.5536758151082212
3674,186.25,-26.25,26.25,0.0,2,0.5500703766252298
3675,188.75,-26.25,26.25,0.0,2,0.5462881263141208
3676,191.25,-26.25,26.25,0.0,2,0.5388570324382712
3677,193.75,-26.25,26.25,0.0,2,0.5275491620691988
3678,196.25,-26.25,26.25,0.0,2,0.5145771786002274
3679,198.75,-26.25,26.25,0.0,2,0.500740307862637
3680,201.25,-26.25,26.25,0.0,2,0.48561494650184883
3681,203.75,-26.25,26.25,0.0,2,0.4700916477487436
3682,206.25,-26.25,26.25,0.0,2,0.45577905275026115
3683,208.75,-26.25,26.25,0.0,2,0.4426431266464098
3684,211.25,-26.25,26.25,0.0,2,0.42916875801156484
3685,213.75,-26.25,26.25,0.0,2,0.41745652972596287
3686,216.25,-26.25,26.25,0.0,2,0.4075098188718684
3687,218.75,-26.25,26.25,0.0,2,0.3956511694086799
3688,221.25,-26.25,26.25,0.0,2,0.382921682204658
3689,223.75,-26.25,26.25,0.0,2,0.3709485315458864
3690,226.25,-26.25,26.25,0.0,2,0.35738032017101096
3691,228.75,-26.25,26.25,0.0,2,0.34435367471523504
3692,231.25,-26.25,26.25,0.0,2,0.3325272808089109
3693,233.75,-26.25,26.25,0.0,2,0.3229108211355151
3694,236.25,-26.25,26.25,0.0,2,0.3169499876989373
3695,238.75,-26.25,26.25,0.0,2,0.31514819893578
3696,241.25,-26.25,26.25,0.0,2,0.3141134885257902
3697,243.75,-26.25,26.25,0.0,2,0.31266081901247267
3698,246.25,-26.25,26.25,0.0,2,0.31277341396442093
3699,248.75,-26.25,26.25,0.0,2,0.31328253646168425
3700,251.25,-26.25,26.25,0.0,2,0.312921537480154
3701,253.75,-26.25,26.25,0.0,2,0.3086931818936664
3702,256.25,-26.25,26.25,0.0,2,0.3007078238432682
3703,258.75,-26.25,26.25,0.0,2,0.2907058312790578
3704,261.25,-26.25,26.25,0.0,2,0.28012206759813457
3705,263.75,-26.25,26.25,0.0,2,0.26942800282815116
3706,266.25,-26.25,26.25,0.0,2,0.26073205678992845
3707,268.75,-26.25,26.25,0.0,2,0.2551241524035941
3708,271.25,-26.25,26.25,0.0,2,0.25489729949712553
3709,273.75,-26.25,26.25,0.0,2,0.26011427112437907
3710,276.25,-26.25,26.25,0.0,2,0.2747068981000848
3711,278.75,-26.25,26.25,0.0,2,0.3058092558051471
3712,281.25,-26.25,26.25,0.0,1,0.37075869871718703
3713,283.75,-26.25,26.25,0.0,1,0.49365017184478016
3714,286.25,-26.25,26.25,0.0,1,0.6941272011107125
3715,288.75,-26.25,26.25,0.0,1,1.0411868079638071
3716,291.25,-26.25,26.25,1.0,0,0.9778458522150056
3717,293.75,-26.25,26.25,1.0,0,1.0908501354391973
3718,296.25,-26.25,26.25,1.0,0,0.766073054823658
3719,298.75,-26.25,26.25,1.0,0,0.774851006792743
3720,301.25,-26.25,26.25,1.0,0,0.6534072979872347
3721,303.75,-26.25,26.25,1.0,0,0.865843133097469
3722,306.25,-26.25,26.25,1.0,0,0.6844139118136631
3723,308.75,-26.25,26.25,1.0,0,1.026162284706631
3724,311.25,-26.25,26.25,0.0,0,0.6970829609759152
3725,313.75,-26.25,26.25,0.0,1,0.5560320709169952
3726,316.25,-26.25,26.25,0.0,1,0.5413007883951179
3727,318.75,-26.25,26.25,0.0,1,0.5274059379142271
3728,321.25,-26.25,26.25,0.0,1,0.5137766436521749
3729,323.75,-26.25,26.25,0.0,1,0.5013016448359661
3730,326.25,-26.25,26.25,0.0,1,0.49326393569631133
3731,328.75,-26.25,26.25,0.0,1,0.49072491424208947
3732,331.25,-26.25,26.25,0.0,1,0.490750473146575
3733,333.75,-26.25,26.25,0.0,1,0.4916951484808829
3734,336.25,-26.25,26.25,0.0,1,0.4913176084085956
3735,338.75,-26.25,26.25,0.0,1,0.4883298657426879
3736,341.25,-26.25,26.25,0.0,1,0.48442216766279145
3737,343.75,-26.25,26.25,0.0,1,0.4798922787231072
3738,346.25,-26.25,26.25,0.0,1,0.4754999171188109
3739,348.75,-26.25,26.25,0.0,1,0.4718259507934626
3740,351.25,-26.25,26.25,0.0,1,0.4658346635786837
3741,353.75,-26.25,26.25,0.0,1,0.45752879659139534
3742,356.25,-26.25,26.25,0.0,1,0.4489529434047906
3743,358.75,-26.25,26.25,0.0,1,0.4420129835127651
3744,1.25,-23.75,23.75,0.0,1,0.43568568495508303
3745,3.75,-23.75,23.75,0.0,1,0.44022771020774787
3746,6.25,-23.75,23.75,0.0,1,0.462731487257305
3747,8.75,-23.75,23.75,0.0,1,0.5152898963243482
3748,11.25,-23.75,23.75,0.0,1,0.610789611995079
3749,13.75,-23.75,23.75,0.0,1,0.7779269476653035
3750,16.25,-23.75,23.75,1.0,0,1.3242397622217124
3751,18.75,-23.75,23.75,1.0,0,1.3433030327503444
3752,21.25,-23.75,23.75,1.0,0,1.222738757071919
3753,23.75,-23.75,23.75,1.0,0,1.2472674188008466
3754,26.25,-23.75,23.75,1.0,0,1.165536985000876
3755,28.75,-23.75,23.75,1.0,0,0.9972217007806011
3756,31.25,-23.75,23.75,1.0,0,1.016990320049023
3757,33.75,-23.75,23.75,1.0,0,1.177616718596953
3758,36.25,-23.75,23.75,0.0,3,0.7348221768482993
3759,38.75,-23.75,23.75,0.0,3,0.6554798745731488
3760,41.25,-23.75,23.75,0.0,3,0.6557704640131218
3761,43.75,-23.75,23.75,1.0,0,0.7974427817169888
3762,46.25,-23.75,23.75,1.0,0,0.5218050999722528
3763,48.75,-23.75,23.75,0.0,3,0.5582558731818162
3764,51.25,-23.75,23.75,0.0,3,0.5290263184046475
3765,53.75,-23.75,23.75,0.0,3,0.5245045334252788
3766,56.25,-23.75,23.75,0.0,3,0.5149311664597634
3767,58.75,-23.75,23.75,0.0,3,0.5079880628388976
3768,61.25,-23.75,23.75,0.0,3,0.503123227733457
3769,63.75,-23.75,23.75,0.0,3,0.49957357470574265
3770,66.25,-23.75,23.75,0.0,3,0.4962218238066094
3771,68.75,-23.75,23.75,0.0,3,0.4915880927241084
3772,71.25,-23.75,23.75,0.0,3,0.48570589544437504
3773,73.75,-23.75,23.75,0.0,3,0.48089869714538125
3774,76.25,-23.75,23.75,0.0,3,0.4777063432718136
3775,78.75,-23.75,23.75,0.0,3,0.4752344999716361
3776,81.25,-23.75,23.75,0.0,3,0.47337900117469545
3777,83.75,-23.75,23.75,0.0,3,0.47316673185014785
3778,86.25,-23.75,23.75,0.0,3,0.47286189813784607
3779,88.75,-23.75,23.75,0.0,3,0.4741419219274111
3780,91.25,-23.75,23.75,0.0,3,0.4801298682518758
3781,93.75,-23.75,23.75,0.0,3,0.4883892930161564
3782,96.25,-23.75,23.75,0.0,3,0.4968260878700288
3783,98.75,-23.75,23.75,0.0,3,0.5051341391233533
3784,101.25,-23.75,23.75,0.0,3,0.5140716890276535
3785,103.75,-23.75,23.75,0.0,3,0.5230526985703008
3786,106.25,-23.75,23.75,0.0,3,0.5315927524655288
3787,108.75,-23.75,23.75,0.0,3,0.5402297993452415
3788,111.25,-23.75,23.75,0.0,3,0.5532347999200675
3789,113.75,-23.75,23.75,0.0,3,0.6647885089486274
3790,116.25,-23.75,23.75,1.0,0,1.041943922568774
3791,118.75,-23.75,23.75,1.0,0,1.1460061708679612
3792,121.25,-23.75,23.75,1.0,0,1.187658298637185
3793,123.75,-23.75,23.75,1.0,0,1.1727007809438679
3794,126.25,-23.75,23.75,1.0,0,1.1555448046999388
3795,128.75,-23.75,23.75,1.0,0,1.121010633608032
3796,131.25,-23.75,23.75,1.0,0,1.0725758061964767
3797,133.75,-23.75,23.75,1.0,0,1.028529324399496
3798,136.25,-23.75,23.75,1.0,0,1.0440351251784294
3799,138.75,-23.75,23.75,1.0,0,1.0702220493114352
3800,141.25,-23.75,23.75,1.0,0,1.0654241706406946
3801,143.75,-23.75,23.75,1.0,0,1.0368764512693749
3802,146.25,-23.75,23.75,1.0,0,0.9060349274731794
3803,148.75,-23.75,23.75,1.0,0,0.8501987299721094
3804,151.25,-23.75,23.75,0.0,2,0.6424315164336135
3805,153.75,-23.75,23.75,0.0,2,0.5911502167907537
3806,156.25,-23.75,23.75,0.0,2,0.5790188047194809
3807,158.75,-23.75,23.75,0.0,2,0.5725919120993218
3808,161.25,-23.75,23.75,0.0,2,0.5677568895673569
3809,163.75,-23.75,23.75,0.0,2,0.5648513169051672
3810,166.25,-23.75,23.75,0.0,2,0.5602537927503872
3811,168.75,-23.75,23.75,0.0,2,0.5545034048140335
3812,171.25,-23.75,23.75,0.0,2,0.550493895115462
3813,173.75,-23.75,23.75,0.0,2,0.5472060701328694
3814,176.25,-23.75,23.75,0.0,2,0.5447153138258821
3815,178.75,-23.75,23.75,0.0,2,0.5414558843286807
3816,181.25,-23.75,23.75,0.0,2,0.5370694389526176
3817,183.75,-23.75,23.75,0.0,2,0.534238563570314
3818,186.25,-23.75,23.75,0.0,2,0.5315905989371118
3819,188.75,-23.75,23.75,0.0,2,0.5267945632882854
3820,191.25,-23.75,23.75,0.0,2,0.5193927436206057
3821,193.75,-23.75,23.75,0.0,2,0.5128554496513581
3822,196.25,-23.75,23.75,0.0,2,0.5049230644017858
3823,198.75,-23.75,23.75,0.0,2,0.49600860912525535
3824,201.25,-23.75,23.75,0.0,2,0.48709033248140865
3825,203.75,-23.75,23.75,0.0,2,0.4760136327021342
3826,206.25,-23.75,23.75,0.0,2,0.4652720092130552
3827,208.75,-23.75,23.75,0.0,2,0.45556553535428546
3828,211.25,-23.75,23.75,0.0,2,0.446256811479649
3829,213.75,-23.75,23.75,0.0,2,0.43680068409947104
3830,216.25,-23.75,23.75,0.0,2,0.4281110780738236
3831,218.75,-23.75,23.75,0.0,2,0.4183894213971114
3832,221.25,-23.75,23.75,0.0,2,0.4091404464663147
3833,223.75,-23.75,23.75,0.0,2,0.3996498922944828
3834,226.25,-23.75,23.75,0.0,2,0.3890702890083515
3835,228.75,-23.75,23.75,0.0,2,0.38035548512446454
3836,231.25,-23.75,23.75,0.0,2,0.3743574933848145
3837,233.75,-23.75,23.75,0.0,2,0.37018619463351404
3838,236.25,-23.75,23.75,0.0,2,0.3666972666575239
3839,238.75,-23.75,23.75,0.0,2,0.36421959517738034
3840,241.25,-23.75,23.75,0.0,2,0.3594170694416452
3841,243.75,-23.75,23.75,0.0,2,0.35328007939361683
3842,246.25,-23.75,23.75,0.0,2,0.34942786203925175
3843,248.75,-23.75,23.75,0.0,2,0.34482831281463466
3844,251.25,-23.75,23.75,0.0,2,0.3379272995163334
3845,253.75,-23.75,23.75,0.0,2,0.32731780525426285
3846,256.25,-23.75,23.75,0.0,2,0.3149905745230603
3847,258.75,-23.75,23.75,0.0,2,0.3015571341724877
3848,261.25,-23.75,23.75,0.0,2,0.29095871914714194
3849,263.75,-23.75,23.75,0.0,2,0.28328121020019986
3850,266.25,-23.75,23.75,0.0,2,0.2795236075732835
3851,268.75,-23.75,23.75,0.0,2,0.2803602873155135
3852,271.25,-23.75,23.75,0.0,2,0.28627186385948994
3853,273.75,-23.75,23.75,0.0,2,0.29805697067880343
3854,276.25,-23.75,23.75,0.0,2,0.32222535123317686
3855,278.75,-23.75,23.75,0.0,2,0.36581562059564776
3856,281.25,-23.75,23.75,0.0,1,0.44001068938012133
3857,283.75,-23.75,23.75,0.0,1,0.5553961379179467
3858,286.25,-23.75,23.75,0.0,1,0.7217176158504193
3859,288.75,-23.75,23.75,0.0,1,1.028037702402051
3860,291.25,-23.75,23.75,1.0,0,1.1458332833003098
3861,293.75,-23.75,23.75,1.0,0,1.247481944332004
3862,296.25,-23.75,23.75,1.0,0,0.9341808462908273
3863,298.75,-23.75,23.75,1.0,0,0.9303481503817735
3864,301.25,-23.75,23.75,1.0,0,0.9308833618598774
3865,303.75,-23.75,23.75,1.0,0,0.9796171982966811
3866,306.25,-23.75,23.75,1.0,0,1.163819188144644
3867,308.75,-23.75,23.75,1.0,0,1.1084676304699
3868,311.25,-23.75,23.75,1.0,0,1.0540566172766501
3869,313.75,-23.75,23.75,0.0,1,0.7977472941887909
3870,316.25,-23.75,23.75,0.0,1,0.65353756589484
3871,318.75,-23.75,23.75,0.0,1,0.6055816577785281
3872,321.25,-23.75,23.75,0.0,1,0.5742148612373799
3873,323.75,-23.75,23.75,0.0,1,0.5548940101125527
3874,326.25,-23.75,23.75,0.0,1,0.5459697999505597
3875,328.75,-23.75,23.75,0.0,1,0.539309252809511
3876,331.25,-23.75,23.75,0.0,1,0.5325467492954488
3877,333.75,-23.75,23.75,0.0,1,0.5248816533136147
3878,336.25,-23.75,23.75,0.0,1,0.516377644825758
3879,338.75,-23.75,23.75,0.0,1,0.5064898861149771
3880,341.25,-23.75,23.75,0.0,1,0.49737152118228334
3881,343.75,-23.75,23.75,0.0,1,0.488967992720763
3882,346.25,-23.75,23.75,0.0,1,0.48104702581599
3883,348.75,-23.75,23.75,0.0,1,0.4728294310313777
3884,351.25,-23.75,23.75,0.0,1,0.463459014017416
3885,353.75,-23.75,23.75,0.0,1,0.45318619460387266
3886,356.25,-23.75,23.75,0.0,1,0.44521675100226654
3887,358.75,-23.75,23.75,0.0,1,0.4394511411273483
3888,1.25,-21.25,21.25,0.0,1,0.4634309588223194
3889,3.75,-21.25,21.25,0.0,1,0.48822065809649356
3890,6.25,-21.25,21.25,0.0,1,0.5366928589611034
3891,8.75,-21.25,21.25,0.0,1,0.6044867140248897
3892,11.25,-21.25,21.25,0.0,1,0.6701420997808524
3893,13.75,-21.25,21.25,0.0,1,0.844173552436744
3894,16.25,-21.25,21.25,1.0,0,1.4674440643358284
3895,18.75,-21.25,21.25,1.0,0,1.392262037005092
3896,21.25,-21.25,21.25,1.0,0,1.2884490476930308
3897,23.75,-21.25,21.25,1.0,0,1.22703334632887
3898,26.25,-21.25,21.25,1.0,0,1.2807638445715939
3899,28.75,-21.25,21.25,1.0,0,1.1967748755613403
3900,31.25,-21.25,21.25,1.0,0,1.1175572580416642
3901,33.75,-21.25,21.25,1.0,0,1.1646256904921048
3902,36.25,-21.25,21.25,0.0,3,0.7115560807405346
3903,38.75,-21.25,21.25,0.0,3,0.6711654699932348
3904,41.25,-21.25,21.25,0.0,3,0.6813503631502407
3905,43.75,-21.25,21.25,0.0,3,0.78513411953767
3906,46.25,-21.25,21.25,1.0,0,0.7367625214484047
3907,48.75,-21.25,21.25,0.0,3,0.6245662705480041
3908,51.25,-21.25,21.25,0.0,3,0.5354635819928918
3909,53.75,-21.25,21.25,0.0,3,0.5383601368413463
3910,56.25,-21.25,21.25,0.0,3,0.5303829396991645
3911,58.75,-21.25,21.25,0.0,3,0.5227130260907294
3912,61.25,-21.25,21.25,0.0,3,0.5185440143374008
3913,63.75,-21.25,21.25,0.0,3,0.5154415197116561
3914,66.25,-21.25,21.25,0.0,3,0.5115517922507462
3915,68.75,-21.25,21.25,0.0,3,0.5077291802192256
3916,71.25,-21.25,21.25,0.0,3,0.5044245587199196
3917,73.75,-21.25,21.25,0.0,3,0.5017967306742539
3918,76.25,-21.25,21.25,0.0,3,0.5002365587949835
3919,78.75,-21.25,21.25,0.0,3,0.49977372749256815
3920,81.25,-21.25,21.25,0.0,3,0.49939311938017183
3921,83.75,-21.25,21.25,0.0,3,0.49909921754398295
3922,86.25,-21.25,21.25,0.0,3,0.49989414670313836
3923,88.75,-21.25,21.25,0.0,3,0.5031811396202088
3924,91.25,-21.25,21.25,0.0,3,0.5101266481651574
3925,93.75,-21.25,21.25,0.0,3,0.5189904104380503
3926,96.25,-21.25,21.25,0.0,3,0.5273170694041991
3927,98.75,-21.25,21.25,0.0,3,0.533304061263415
3928,101.25,-21.25,21.25,0.0,3,0.537571245974288
3929,103.75,-21.25,21.25,0.0,3,0.5423734103682155
3930,106.25,-21.25,21.25,0.0,3,0.5497862391591064
3931,108.75,-21.25,21.25,0.0,3,0.5605018969805862
3932,111.25,-21.25,21.25,0.0,3,0.5829314403672388
3933,113.75,-21.25,21.25,0.0,3,0.6348392110850092
3934,116.25,-21.25,21.25,0.0,3,0.9707974918620164
3935,118.75,-21.25,21.25,1.0,0,1.1553711236768849
3936,121.25,-21.25,21.25,1.0,0,1.2082064021440257
3937,123.75,-21.25,21.25,1.0,0,1.215346142505261
3938,126.25,-21.25,21.25,1.0,0,1.2078568565170211
3939,128.75,-21.25,21.25,1.0,0,1.1694433117498395
3940,131.25,-21.25,21.25,1.0,0,1.1123599275591551
3941,133.75,-21.25,21.25,1.0,0,1.0819942489588137
3942,136.25,-21.25,21.25,1.0,0,1.0928799374544023
3943,138.75,-21.25,21.25,1.0,0,1.1035410156143328
3944,141.25,-21.25,21.25,1.0,0,1.0729675829104193
3945,143.75,-21.25,21.25,1.0,0,1.0069481131921851
3946,146.25,-21.25,21.25,1.0,0,0.9481643127844622
3947,148.75,-21.25,21.25,1.0,0,0.8241760043970034
3948,151.25,-21.25,21.25,0.0,2,0.62528857932655
3949,153.75,-21.25,21.25,0.0,2,0.5767036345641344
3950,156.25,-21.25,21.25,0.0,2,0.5705629112776696
3951,158.75,-21.25,21.25,0.0,2,0.5650732807146677
3952,161.25,-21.25,21.25,0.0,2,0.5628466679314411
3953,163.75,-21.25,21.25,0.0,2,0.566759885176015
3954,166.25,-21.25,21.25,0.0,2,0.5510916168057575
3955,168.75,-21.25,21.25,0.0,2,0.5430011036938572
3956,171.25,-21.25,21.25,0.0,2,0.54135333609505
3957,173.75,-21.25,21.25,0.0,2,0.5386395884845745
3958,176.25,-21.25,21.25,0.0,2,0.5355703558581784
3959,178.75,-21.25,21.25,0.0,2,0.5324900857219275
3960,181.25,-21.25,21.25,0.0,2,0.5314147729835933
3961,183.75,-21.25,21.25,0.0,2,0.5318306247186999
3962,186.25,-21.25,21.25,0.0,2,0.5310007269768365
3963,188.75,-21.25,21.25,0.0,2,0.5298123683649613
3964,191.25,-21.25,21.25,0.0,2,0.5292722225432293
3965,193.75,-21.25,21.25,0.0,2,0.5267073237114898
3966,196.25,-21.25,21.25,0.0,2,0.5230288938065342
3967,198.75,-21.25,21.25,0.0,2,0.5179597971339732
3968,201.25,-21.25,21.25,0.0,2,0.5123003326553178
3969,203.75,-21.25,21.25,0.0,2,0.5045460180795646
3970,206.25,-21.25,21.25,0.0,2,0.4965969861861067
3971,208.75,-21.25,21.25,0.0,2,0.48954609709871577
3972,211.25,-21.25,21.25,0.0,2,0.48203816003181243
3973,213.75,-21.25,21.25,0.0,2,0.47304263167390753
3974,216.25,-21.25,21.25,0.0,2,0.4669529961036381
3975,218.75,-21.25,21.25,0.0,2,0.46015450899331395
3976,221.25,-21.25,21.25,0.0,2,0.4531744000186505
3977,223.75,-21.25,21.25,0.0,2,0.4452155236733724
3978,226.25,-21.25,21.25,0.0,2,0.4387548548836984
3979,228.75,-21.25,21.25,0.0,2,0.434684933582025
3980,231.25,-21.25,21.25,0.0,2,0.43010584179583716
3981,233.75,-21.25,21.25,0.0,2,0.4234514778221599
3982,236.25,-21.25,21.25,0.0,2,0.4156982323329221
3983,238.75,-21.25,21.25,0.0,2,0.4068940178658381
3984,241.25,-21.25,21.25,0.0,2,0.39589218438311824
3985,243.75,-21.25,21.25,0.0,2,0.3847053281213724
3986,246.25,-21.25,21.25,0.0,2,0.37226848292712583
3987,248.75,-21.25,21.25,0.0,2,0.35789786010405694
3988,251.25,-21.25,21.25,0.0,2,0.3437567189669324
3989,253.75,-21.25,21.25,0.0,2,0.33042686209556305
3990,256.25,-21.25,21.25,0.0,2,0.31959060054368776
3991,258.75,-21.25,21.25,0.0,2,0.31338405491750637
3992,261.25,-21.25,21.25,0.0,2,0.3131864299381159
3993,263.75,-21.25,21.25,0.0,2,0.316461312349446
3994,266.25,-21.25,21.25,0.0,2,0.32278284558615694
3995,268.75,-21.25,21.25,0.0,2,0.3322614712195628
3996,271.25,-21.25,21.25,0.0,2,0.3479005557003066
3997,273.75,-21.25,21.25,0.0,2,0.37041793043031346
3998,276.25,-21.25,21.25,0.0,2,0.40507140665488345
3999,278.75,-21.25,21.25,0.0,2,0.45645440184423186
4000,281.25,-21.25,21.25,0.0,1,0.5355267972629201
4001,283.75,-21.25,21.25,0.0,1,0.6344413812340931
4002,286.25,-21.25,21.25,0.0,1,0.758015298367253
4003,288.75,-21.25,21.25,0.0,1,0.9469879771271297
4004,291.25,-21.25,21.25,1.0,0,1.1905612786984083
4005,293.75,-21.25,21.25,1.0,0,1.3761594528127965
4006,296.25,-21.25,21.25,1.0,0,1.3124117246447533
4007,298.75,-21.25,21.25,1.0,0,1.1262614367674648
4008,301.25,-21.25,21.25,1.0,0,1.1449501645996045
4009,303.75,-21.25,21.25,1.0,0,1.2022120201011868
4010,306.25,-21.25,21.25,1.0,0,1.2505176072200186
4011,308.75,-21.25,21.25,1.0,0,1.2617097809173066
4012,311.25,-21.25,21.25,1.0,0,1.2445928486924924
4013,313.75,-21.25,21.25,1.0,0,1.2153048288989863
4014,316.25,-21.25,21.25,1.0,0,1.0091998864863534
4015,318.75,-21.25,21.25,0.0,1,0.8015432292747933
4016,321.25,-21.25,21.25,0.0,1,0.626166152410486
4017,323.75,-21.25,21.25,0.0,1,0.5951647901647539
4018,326.25,-21.25,21.25,0.0,1,0.5817705183422073
4019,328.75,-21.25,21.25,0.0,1,0.5683909904934294
4020,331.25,-21.25,21.25,0.0,1,0.5530358684570134
4021,333.75,-21.25,21.25,0.0,1,0.5369782824773454
4022,336.25,-21.25,21.25,0.0,1,0.5218181212952608
4023,338.75,-21.25,21.25,0.0,1,0.5086905521192063
4024,341.25,-21.25,21.25,0.0,1,0.4974321993214875
4025,343.75,-21.25,21.25,0.0,1,0.48694301834069964
4026,346.25,-21.25,21.25,0.0,1,0.47773161851149293
4027,348.75,-21.25,21.25,0.0,1,0.4688738800888374
4028,351.25,-21.25,21.25,0.0,1,0.46092920674578847
4029,353.75,-21.25,21.25,0.0,1,0.4543172264321599
4030,356.25,-21.25,21.25,0.0,1,0.4519431819448464
4031,358.75,-21.25,21.25,0.0,1,0.4533478213973811
4032,1.25,-18.75,18.75,0.0,1,0.5217892733030346
4033,3.75,-18.75,18.75,0.0,1,0.5659832824561659
4034,6.25,-18.75,18.75,0.0,1,0.6238446771582602
4035,8.75,-18.75,18.75,0.0,1,0.6857437174402937
4036,11.25,-18.75,18.75,0.0,1,0.7880166937212286
4037,13.75,-18.75,18.75,1.0,0,1.2864459675072708
4038,16.25,-18.75,18.75,1.0,0,1.51309117781616
4039,18.75,-18.75,18.75,1.0,0,1.5935809737749707
4040,21.25,-18.75,18.75,1.0,0,1.4611089667625392
4041,23.75,-18.75,18.75,1.0,0,1.3568344749191845
4042,26.25,-18.75,18.75,1.0,0,1.2475800069672494
4043,28.75,-18.75,18.75,1.0,0,1.112360285851386
4044,31.25,-18.75,18.75,1.0,0,0.9152017027104996
4045,33.75,-18.75,18.75,1.0,0,1.2380969505204404
4046,36.25,-18.75,18.75,0.0,3,0.8470310935603751
4047,38.75,-18.75,18.75,0.0,3,0.6898443340282092
4048,41.25,-18.75,18.75,0.0,3,0.6906857228614971
4049,43.75,-18.75,18.75,0.0,3,0.7868821947607078
4050,46.25,-18.75,18.75,1.0,0,0.8319447910904575
4051,48.75,-18.75,18.75,0.0,3,0.6474460671378021
4052,51.25,-18.75,18.75,0.0,3,0.5508574494312647
4053,53.75,-18.75,18.75,0.0,3,0.5531089656067569
4054,56.25,-18.75,18.75,0.0,3,0.5501194333739454
4055,58.75,-18.75,18.75,0.0,3,0.5457456174160882
4056,61.25,-18.75,18.75,0.0,3,0.5414846861741619
4057,63.75,-18.75,18.75,0.0,3,0.5383470103413671
4058,66.25,-18.75,18.75,0.0,3,0.535307878964244
4059,68.75,-18.75,18.75,0.0,3,0.5342648127549428
4060,71.25,-18.75,18.75,0.0,3,0.534452060532744
4061,73.75,-18.75,18.75,0.0,3,0.5346566137177595
4062,76.25,-18.75,18.75,0.0,3,0.5342577633049506
4063,78.75,-18.75,18.75,0.0,3,0.5327906749542768
4064,81.25,-18.75,18.75,0.0,3,0.5314232075615191
4065,83.75,-18.75,18.75,0.0,3,0.5306546455937023
4066,86.25,-18.75,18.75,0.0,3,0.5325576163914642
4067,88.75,-18.75,18.75,0.0,3,0.5383775483659317
4068,91.25,-18.75,18.75,0.0,3,0.5460469482340919
4069,93.75,-18.75,18.75,0.0,3,0.5520600819783513
4070,96.25,-18.75,18.75,0.0,3,0.555049519177074
4071,98.75,-18.75,18.75,0.0,3,0.5560822780967789
4072,101.25,-18.75,18.75,0.0,3,0.5571306044041069
4073,103.75,-18.75,18.75,0.0,3,0.5627007373065578
4074,106.25,-18.75,18.75,0.0,3,0.574583352677699
4075,108.75,-18.75,18.75,0.0,3,0.5922259752381802
4076,111.25,-18.75,18.75,0.0,3,0.6255533253105628
4077,113.75,-18.75,18.75,0.0,3,0.6694108787282725
4078,116.25,-18.75,18.75,0.0,3,0.7233470376242548
4079,118.75,-18.75,18.75,0.0,3,0.7651994645467747
4080,121.25,-18.75,18.75,0.0,2,0.8677760511339289
4081,123.75,-18.75,18.75,1.0,0,1.1807620742698677
4082,126.25,-18.75,18.75,1.0,0,1.189607291809855
4083,128.75,-18.75,18.75,1.0,0,1.1415785821785465
4084,131.25,-18.75,18.75,1.0,0,1.13039163669975
4085,133.75,-18.75,18.75,1.0,0,1.1226663446946885
4086,136.25,-18.75,18.75,1.0,0,1.1229662154752176
4087,138.75,-18.75,18.75,1.0,0,1.0911702348992518
4088,141.25,-18.75,18.75,1.0,0,1.0322182145567547
4089,143.75,-18.75,18.75,1.0,0,0.8691654643892206
4090,146.25,-18.75,18.75,0.0,2,0.6783969873725465
4091,148.75,-18.75,18.75,0.0,2,0.5934048827405094
4092,151.25,-18.75,18.75,0.0,2,0.5826828584006217
4093,153.75,-18.75,18.75,0.0,2,0.5760202408759314
4094,156.25,-18.75,18.75,0.0,2,0.5715896793417152
4095,158.75,-18.75,18.75,0.0,2,0.5672806072599369
4096,161.25,-18.75,18.75,0.0,2,0.5641769771420378
4097,163.75,-18.75,18.75,0.0,2,0.559895589509553
4098,166.25,-18.75,18.75,0.0,2,0.5562732257960142
4099,168.75,-18.75,18.75,0.0,2,0.5559306451308279
4100,171.25,-18.75,18.75,0.0,2,0.5548744353331441
4101,173.75,-18.75,18.75,0.0,2,0.5553017078580939
4102,176.25,-18.75,18.75,0.0,2,0.5555190874212874
4103,178.75,-18.75,18.75,0.0,2,0.5526142643515825
4104,181.25,-18.75,18.75,0.0,2,0.5562679750213759
4105,183.75,-18.75,18.75,0.0,2,0.5611200119068901
4106,186.25,-18.75,18.75,0.0,2,0.563716325000635
4107,188.75,-18.75,18.75,0.0,2,0.5644095879403201
4108,191.25,-18.75,18.75,0.0,2,0.5645335963066921
4109,193.75,-18.75,18.75,0.0,2,0.5638544866623878
4110,196.25,-18.75,18.75,0.0,2,0.5621216429565646
4111,198.75,-18.75,18.75,0.0,2,0.559707021383906
4112,201.25,-18.75,18.75,0.0,2,0.55577665901651
4113,203.75,-18.75,18.75,0.0,2,0.5502486748623014
4114,206.25,-18.75,18.75,0.0,2,0.5441693264570752
4115,208.75,-18.75,18.75,0.0,2,0.5367419688692535
4116,211.25,-18.75,18.75,0.0,2,0.528560368361153
4117,213.75,-18.75,18.75,0.0,2,0.5221092267190331
4118,216.25,-18.75,18.75,0.0,2,0.5173932201334311
4119,218.75,-18.75,18.75,0.0,2,0.5122845718678081
4120,221.25,-18.75,18.75,0.0,2,0.5054926177803492
4121,223.75,-18.75,18.75,0.0,2,0.4978199268361726
4122,226.25,-18.75,18.75,0.0,2,0.49000018171803056
4123,228.75,-18.75,18.75,0.0,2,0.48086792101164894
4124,231.25,-18.75,18.75,0.0,2,0.46985052732864774
4125,233.75,-18.75,18.75,0.0,2,0.4557997650907102
4126,236.25,-18.75,18.75,0.0,2,0.4384429612426694
4127,238.75,-18.75,18.75,0.0,2,0.42025467360174684
4128,241.25,-18.75,18.75,0.0,2,0.400925532868303
4129,243.75,-18.75,18.75,0.0,2,0.38114972283469983
4130,246.25,-18.75,18.75,0.0,2,0.3621829899759552
4131,248.75,-18.75,18.75,0.0,2,0.3463004901643564
4132,251.25,-18.75,18.75,0.0,2,0.3360889840224426
4133,253.75,-18.75,18.75,0.0,2,0.33217992732043383
4134,256.25,-18.75,18.75,0.0,2,0.33493036969761036
4135,258.75,-18.75,18.75,0.0,2,0.3451615302976424
4136,261.25,-18.75,18.75,0.0,2,0.3600322267844836
4137,263.75,-18.75,18.75,0.0,2,0.3780818839207424
4138,266.25,-18.75,18.75,0.0,2,0.39833572746037565
4139,268.75,-18.75,18.75,0.0,2,0.42193576458112025
4140,271.25,-18.75,18.75,0.0,2,0.45017925321090546
4141,273.75,-18.75,18.75,0.0,2,0.48220208537677833
4142,276.25,-18.75,18.75,0.0,2,0.5230884074758482
4143,278.75,-18.75,18.75,0.0,2,0.5767400656965358
4144,281.25,-18.75,18.75,0.0,1,0.6467429829204349
4145,283.75,-18.75,18.75,0.0,1,0.7285968485278143
4146,286.25,-18.75,18.75,0.0,1,0.8099127857621775
4147,288.75,-18.75,18.75,0.0,1,1.0261481418093834
4148,291.25,-18.75,18.75,1.0,0,1.2727661251168532
4149,293.75,-18.75,18.75,1.0,0,1.350230132235165
4150,296.25,-18.75,18.75,1.0,0,1.4266970694028522
4151,298.75,-18.75,18.75,1.0,0,1.3273632703172675
4152,301.25,-18.75,18.75,1.0,0,1.274586249051596
4153,303.75,-18.75,18.75,1.0,0,1.3370577715060026
4154,306.25,-18.75,18.75,1.0,0,1.429980239716652
4155,308.75,-18.75,18.75,1.0,0,1.4131558698497737
4156,311.25,-18.75,18.75,1.0,0,1.2817774086467402
4157,313.75,-18.75,18.75,1.0,0,1.1988453182866332
4158,316.25,-18.75,18.75,1.0,0,0.8914577035972966
4159,318.75,-18.75,18.75,1.0,0,0.9187116264902353
4160,321.25,-18.75,18.75,0.0,1,0.6779287539986322
4161,323.75,-18.75,18.75,0.0,1,0.6200712477680875
4162,326.25,-18.75,18.75,0.0,1,0.598625496924822
4163,328.75,-18.75,18.75,0.0,1,0.5780124164974645
4164,331.25,-18.75,18.75,0.0,1,0.556774444947052
4165,333.75,-18.75,18.75,0.0,1,0.537134709344964
4166,336.25,-18.75,18.75,0.0,1,0.5202321915632605
4167,338.75,-18.75,18.75,0.0,1,0.5052054514216163
4168,341.25,-18.75,18.75,0.0,1,0.4928801009387073
4169,343.75,-18.75,18.75,0.0,1,0.48289766633419984
4170,346.25,-18.75,18.75,0.0,1,0.47552955706180555
4171,348.75,-18.75,18.75,0.0,1,0.4706475854852097
4172,351.25,-18.75,18.75,0.0,1,0.46833045569840365
4173,353.75,-18.75,18.75,0.0,1,0.4707289255191511
4174,356.25,-18.75,18.75,0.0,1,0.47816656953312825
4175,358.75,-18.75,18.75,0.0,1,0.49284569750926116
4176,1.25,-16.25,16.25,0.0,1,0.5635524058488675
4177,3.75,-16.25,16.25,0.0,1,0.609207615927534
4178,6.25,-16.25,16.25,0.0,1,0.6635143044589641
4179,8.75,-16.25,16.25,0.0,1,0.7276844013041532
4180,11.25,-16.25,16.25,0.0,1,0.8371428069630253
4181,13.75,-16.25,16.25,1.0,0,1.3069200661369818
4182,16.25,-16.25,16.25,1.0,0,1.4838053204176862
4183,18.75,-16.25,16.25,1.0,0,1.3801417078112341
4184,21.25,-16.25,16.25,1.0,0,1.3187999886471362
4185,23.75,-16.25,16.25,1.0,0,1.2741393123824187
4186,26.25,-16.25,16.25,1.0,0,1.1586830491386053
4187,28.75,-16.25,16.25,1.0,0,1.1115911175542479
4188,31.25,-16.25,16.25,1.0,0,1.195694519513941
4189,33.75,-16.25,16.25,1.0,0,1.1383108984989216
4190,36.25,-16.25,16.25,1.0,0,1.0778553365336616
4191,38.75,-16.25,16.25,1.0,0,0.9150516202215941
4192,41.25,-16.25,16.25,0.0,3,0.6942474311800559
4193,43.75,-16.25,16.25,0.0,3,0.7181234420778023
4194,46.25,-16.25,16.25,0.0,3,0.9786769127609246
4195,48.75,-16.25,16.25,1.0,0,0.7909594653654877
4196,51.25,-16.25,16.25,0.0,3,0.5878954759645126
4197,53.75,-16.25,16.25,0.0,3,0.57891951724069
4198,56.25,-16.25,16.25,0.0,3,0.5781049255225492
4199,58.75,-16.25,16.25,0.0,3,0.575285905502147
4200,61.25,-16.25,16.25,0.0,3,0.5721875414067895
4201,63.75,-16.25,16.25,0.0,3,0.5695055551866659
4202,66.25,-16.25,16.25,0.0,3,0.5670461058420871
4203,68.75,-16.25,16.25,0.0,3,0.5668264746130733
4204,71.25,-16.25,16.25,0.0,3,0.565742289419908
4205,73.75,-16.25,16.25,0.0,3,0.5640702244088748
4206,76.25,-16.25,16.25,0.0,3,0.5620469023242597
4207,78.75,-16.25,16.25,0.0,3,0.5595113335066855
4208,81.25,-16.25,16.25,0.0,3,0.557976628520529
4209,83.75,-16.25,16.25,0.0,3,0.5591818553075534
4210,86.25,-16.25,16.25,0.0,3,0.5633594329857591
4211,88.75,-16.25,16.25,0.0,3,0.56888496186421
4212,91.25,-16.25,16.25,0.0,3,0.5736959081524868
4213,93.75,-16.25,16.25,0.0,3,0.5766461978612752
4214,96.25,-16.25,16.25,0.0,3,0.5770044531599409
4215,98.75,-16.25,16.25,0.0,3,0.5769836006327861
4216,101.25,-16.25,16.25,0.0,3,0.5801663741859157
4217,103.75,-16.25,16.25,0.0,3,0.5902155501288862
4218,106.25,-16.25,16.25,0.0,3,0.6061237676918987
4219,108.75,-16.25,16.25,0.0,3,0.6260323971117406
4220,111.25,-16.25,16.25,0.0,3,0.6537752581018055
4221,113.75,-16.25,16.25,0.0,3,0.686640306827222
4222,116.25,-16.25,16.25,0.0,3,0.7193010945363272
4223,118.75,-16.25,16.25,0.0,3,0.7535387666234323
4224,121.25,-16.25,16.25,0.0,2,0.7822036337702306
4225,123.75,-16.25,16.25,1.0,0,1.021988442255146
4226,126.25,-16.25,16.25,1.0,0,1.1070777079210703
4227,128.75,-16.25,16.25,1.0,0,1.079888287973836
4228,131.25,-16.25,16.25,1.0,0,1.107032538179568
4229,133.75,-16.25,16.25,1.0,0,1.118818611084773
4230,136.25,-16.25,16.25,1.0,0,0.9841658989084042
4231,138.75,-16.25,16.25,0.0,2,0.8092258500053187
4232,141.25,-16.25,16.25,0.0,2,0.8647650506943706
4233,143.75,-16.25,16.25,1.0,0,0.8124097057030808
4234,146.25,-16.25,16.25,0.0,2,0.5909622877606464
4235,148.75,-16.25,16.25,0.0,2,0.5930742031272146
4236,151.25,-16.25,16.25,0.0,2,0.5940704154200142
4237,153.75,-16.25,16.25,0.0,2,0.5941793744648702
4238,156.25,-16.25,16.25,0.0,2,0.5921323892809651
4239,158.75,-16.25,16.25,0.0,2,0.5921816033719551
4240,161.25,-16.25,16.25,0.0,2,0.5937358226026633
4241,163.75,-16.25,16.25,0.0,2,0.5950015264714791
4242,166.25,-16.25,16.25,0.0,2,0.5944337838859989
4243,168.75,-16.25,16.25,0.0,2,0.5878525652239499
4244,171.25,-16.25,16.25,0.0,2,0.588074589219019
4245,173.75,-16.25,16.25,0.0,2,0.5913054368301975
4246,176.25,-16.25,16.25,0.0,2,0.5991468628331441
4247,178.75,-16.25,16.25,0.0,2,0.5982778272471496
4248,181.25,-16.25,16.25,0.0,2,0.599129984662887
4249,183.75,-16.25,16.25,0.0,2,0.6060757717138803
4250,186.25,-16.25,16.25,0.0,2,0.6087707965603671
4251,188.75,-16.25,16.25,0.0,2,0.6091168037459711
4252,191.25,-16.25,16.25,0.0,2,0.6101814216291903
4253,193.75,-16.25,16.25,0.0,2,0.6098064948197821
4254,196.25,-16.25,16.25,0.0,2,0.6093793041498952
4255,198.75,-16.25,16.25,0.0,2,0.6072746881243564
4256,201.25,-16.25,16.25,0.0,2,0.6033051099537082
4257,203.75,-16.25,16.25,0.0,2,0.5977978125073438
4258,206.25,-16.25,16.25,0.0,2,0.5901912127093774
4259,208.75,-16.25,16.25,0.0,2,0.5839906940501927
4260,211.25,-16.25,16.25,0.0,2,0.5761497839907347
4261,213.75,-16.25,16.25,0.0,2,0.5699830747777779
4262,216.25,-16.25,16.25,0.0,2,0.5643438159388556
4263,218.75,-16.25,16.25,0.0,2,0.5568044408312752
4264,221.25,-16.25,16.25,0.0,2,0.5478639061256712
4265,223.75,-16.25,16.25,0.0,2,0.5379909107608961
4266,226.25,-16.25,16.25,0.0,2,0.5254049126626996
4267,228.75,-16.25,16.25,0.0,2,0.5110266566164633
4268,231.25,-16.25,16.25,0.0,2,0.4944940439239863
4269,233.75,-16.25,16.25,0.0,2,0.47497464050521004
4270,236.25,-16.25,16.25,0.0,2,0.45159544870960416
4271,238.75,-16.25,16.25,0.0,2,0.42615241951485844
4272,241.25,-16.25,16.25,0.0,2,0.4000884780006941
4273,243.75,-16.25,16.25,0.0,2,0.3752439043303165
4274,246.25,-16.25,16.25,0.0,2,0.35426542542333067
4275,248.75,-16.25,16.25,0.0,2,0.34065574635100293
4276,251.25,-16.25,16.25,0.0,2,0.33736275290559625
4277,253.75,-16.25,16.25,0.0,2,0.343337474713575
4278,256.25,-16.25,16.25,0.0,2,0.35862048986784634
4279,258.75,-16.25,16.25,0.0,2,0.384041192432267
4280,261.25,-16.25,16.25,0.0,2,0.4137585849181747
4281,263.75,-16.25,16.25,0.0,2,0.4444800147078219
4282,266.25,-16.25,16.25,0.0,2,0.47543468958182256
4283,268.75,-16.25,16.25,0.0,2,0.5081743789494294
4284,271.25,-16.25,16.25,0.0,2,0.5434708795514172
4285,273.75,-16.25,16.25,0.0,2,0.5773851685316178
4286,276.25,-16.25,16.25,0.0,2,0.6155787359221458
4287,278.75,-16.25,16.25,0.0,2,0.6625543256265749
4288,281.25,-16.25,16.25,0.0,1,0.7290007436065526
4289,283.75,-16.25,16.25,0.0,1,0.8142327658204831
4290,286.25,-16.25,16.25,0.0,1,1.0408137633909713
4291,288.75,-16.25,16.25,1.0,0,1.2309215299224099
4292,291.25,-16.25,16.25,1.0,0,1.2299666581581763
4293,293.75,-16.25,16.25,1.0,0,1.3586635892751693
4294,296.25,-16.25,16.25,1.0,0,1.7568880533759217
4295,298.75,-16.25,16.25,1.0,0,1.4346287312567825
4296,301.25,-16.25,16.25,1.0,0,1.3965781790510126
4297,303.75,-16.25,16.25,1.0,0,1.3299727728102837
4298,306.25,-16.25,16.25,1.0,0,1.410505927865297
4299,308.75,-16.25,16.25,1.0,0,1.3969324793381472
4300,311.25,-16.25,16.25,1.0,0,1.2501378058361057
4301,313.75,-16.25,16.25,1.0,0,1.2769037611108272
4302,316.25,-16.25,16.25,1.0,0,1.1494608613009785
4303,318.75,-16.25,16.25,1.0,0,0.9609141271547124
4304,321.25,-16.25,16.25,0.0,1,0.7461458779840432
4305,323.75,-16.25,16.25,0.0,1,0.631301123090994
4306,326.25,-16.25,16.25,0.0,1,0.6060594550561933
4307,328.75,-16.25,16.25,0.0,1,0.5824830207685651
4308,331.25,-16.25,16.25,0.0,1,0.5597081439925915
4309,333.75,-16.25,16.25,0.0,1,0.5392311995929189
4310,336.25,-16.25,16.25,0.0,1,0.5202418696315176
4311,338.75,-16.25,16.25,0.0,1,0.5028090272923211
4312,341.25,-16.25,16.25,0.0,1,0.48928828824069326
4313,343.75,-16.25,16.25,0.0,1,0.47991245113986947
4314,346.25,-16.25,16.25,0.0,1,0.4745107408820296
4315,348.75,-16.25,16.25,0.0,1,0.47398967356399596
4316,351.25,-16.25,16.25,0.0,1,0.47864148308900545
4317,353.75,-16.25,16.25,0.0,1,0.4892600649155827
4318,356.25,-16.25,16.25,0.0,1,0.5054921346164936
4319,358.75,-16.25,16.25,0.0,1,0.5314980188446974
4320,1.25,-13.75,13.75,0.0,1,0.61182414456207
4321,3.75,-13.75,13.75,0.0,1,0.6483506423439865
4322,6.25,-13.75,13.75,0.0,1,0.6948728612595331
4323,8.75,-13.75,13.75,0.0,1,0.7647519299043771
4324,11.25,-13.75,13.75,0.0,1,0.8550175365631771
4325,13.75,-13.75,13.75,1.0,0,1.1646487238729937
4326,16.25,-13.75,13.75,1.0,0,1.7016797860199688
4327,18.75,-13.75,13.75,1.0,0,1.0003915831888854
4328,21.25,-13.75,13.75,1.0,0,1.1536319088849976
4329,23.75,-13.75,13.75,1.0,0,1.4642195958712763
4330,26.25,-13.75,13.75,1.0,0,1.1819254026564439
4331,28.75,-13.75,13.75,1.0,0,1.2166513423223537
4332,31.25,-13.75,13.75,1.0,0,1.2142876203859816
4333,33.75,-13.75,13.75,1.0,0,1.0463213402837817
4334,36.25,-13.75,13.75,1.0,0,1.186661300707726
4335,38.75,-13.75,13.75,1.0,0,0.9917516270488131
4336,41.25,-13.75,13.75,0.0,3,0.7206708030087003
4337,43.75,-13.75,13.75,0.0,3,0.6748954882025056
4338,46.25,-13.75,13.75,0.0,3,0.7317877652290536
4339,48.75,-13.75,13.75,0.0,0,0.8114028729138932
4340,51.25,-13.75,13.75,0.0,3,0.6261981386234894
4341,53.75,-13.75,13.75,0.0,3,0.6175805966111988
4342,56.25,-13.75,13.75,0.0,3,0.6194381758003323
4343,58.75,-13.75,13.75,0.0,3,0.6185122244256573
4344,61.25,-13.75,13.75,0.0,3,0.6169363555717012
4345,63.75,-13.75,13.75,0.0,3,0.6152753718931407
4346,66.25,-13.75,13.75,0.0,3,0.6140933315571682
4347,68.75,-13.75,13.75,0.0,3,0.6122626326279372
4348,71.25,-13.75,13.75,0.0,3,0.6095777376848255
4349,73.75,-13.75,13.75,0.0,3,0.6076124266856822
4350,76.25,-13.75,13.75,0.0,3,0.6059410005014976
4351,78.75,-13.75,13.75,0.0,3,0.6037628048340776
4352,81.25,-13.75,13.75,0.0,3,0.6026086979920797
4353,83.75,-13.75,13.75,0.0,3,0.601849388212432
4354,86.25,-13.75,13.75,0.0,3,0.6025055797554019
4355,88.75,-13.75,13.75,0.0,3,0.6027140117392806
4356,91.25,-13.75,13.75,0.0,3,0.6022957481614384
4357,93.75,-13.75,13.75,0.0,3,0.6031010296553284
4358,96.25,-13.75,13.75,0.0,3,0.605196130530119
4359,98.75,-13.75,13.75,0.0,3,0.6112613583255605
4360,101.25,-13.75,13.75,0.0,3,0.6229849029360462
4361,103.75,-13.75,13.75,0.0,3,0.637391633528408
4362,106.25,-13.75,13.75,0.0,3,0.6528739905763964
4363,108.75,-13.75,13.75,0.0,3,0.6697576606284601
4364,111.25,-13.75,13.75,0.0,3,0.688653865576205
4365,113.75,-13.75,13.75,0.0,3,0.7106245394965751
4366,116.25,-13.75,13.75,0.0,3,0.7330766622392035
4367,118.75,-13.75,13.75,0.0,3,0.7508781455422546
4368,121.25,-13.75,13.75,0.0,2,0.7649182782290974
4369,123.75,-13.75,13.75,0.0,2,0.7699986786923588
4370,126.25,-13.75,13.75,0.0,2,0.7992283823750747
4371,128.75,-13.75,13.75,0.0,2,0.8062098158084771
4372,131.25,-13.75,13.75,1.0,0,1.1021838922673635
4373,133.75,-13.75,13.75,1.0,0,0.9811118634880682
4374,136.25,-13.75,13.75,0.0,2,0.7286658635240082
4375,138.75,-13.75,13.75,0.0,2,0.6979261388118742
4376,141.25,-13.75,13.75,0.0,2,0.7700516367154837
4377,143.75,-13.75,13.75,0.0,2,0.6607807358859068
4378,146.25,-13.75,13.75,0.0,2,0.6035509452013086
4379,148.75,-13.75,13.75,0.0,2,0.6154742864155638
4380,151.25,-13.75,13.75,0.0,2,0.6256264003071754
4381,153.75,-13.75,13.75,0.0,2,0.6380350263006421
4382,156.25,-13.75,13.75,0.0,2,0.6452289649511037
4383,158.75,-13.75,13.75,0.0,2,0.6496449592260445
4384,161.25,-13.75,13.75,0.0,2,0.6516980462327594
4385,163.75,-13.75,13.75,0.0,2,0.6514721279356633
4386,166.25,-13.75,13.75,0.0,2,0.6486399334414763
4387,168.75,-13.75,13.75,0.0,2,0.6467584618433316
4388,171.25,-13.75,13.75,0.0,2,0.6486074863923817
4389,173.75,-13.75,13.75,0.0,2,0.651646559007969
4390,176.25,-13.75,13.75,0.0,2,0.655607782319699
4391,178.75,-13.75,13.75,0.0,2,0.6614916036022941
4392,181.25,-13.75,13.75,0.0,2,0.665635051776001
4393,183.75,-13.75,13.75,0.0,2,0.6697430927915198
4394,186.25,-13.75,13.75,0.0,2,0.6734047269320805
4395,188.75,-13.75,13.75,0.0,2,0.6727090527407732
4396,191.25,-13.75,13.75,0.0,2,0.673318929968505
4397,193.75,-13.75,13.75,0.0,2,0.6742599981719506
4398,196.25,-13.75,13.75,0.0,2,0.6729503630544046
4399,198.75,-13.75,13.75,0.0,2,0.6712980223731795
4400,201.25,-13.75,13.75,0.0,2,0.6678412974260275
4401,203.75,-13.75,13.75,0.0,2,0.662483627328618
4402,206.25,-13.75,13.75,0.0,2,0.6554413066917562
4403,208.75,-13.75,13.75,0.0,2,0.6491936522111525
4404,211.25,-13.75,13.75,0.0,2,0.6408945759296385
4405,213.75,-13.75,13.75,0.0,2,0.6314739499088319
4406,216.25,-13.75,13.75,0.0,2,0.6206827122827887
4407,218.75,-13.75,13.75,0.0,2,0.6083884504149611
4408,221.25,-13.75,13.75,0.0,2,0.5953636287432068
4409,223.75,-13.75,13.75,0.0,2,0.5804301763983781
4410,226.25,-13.75,13.75,0.0,2,0.5635474591054079
4411,228.75,-13.75,13.75,0.0,2,0.5459458806998542
4412,231.25,-13.75,13.75,0.0,2,0.5268989952899963
4413,233.75,-13.75,13.75,0.0,2,0.5049534264507287
4414,236.25,-13.75,13.75,0.0,2,0.47837891755569567
4415,238.75,-13.75,13.75,0.0,2,0.44937611608324585
4416,241.25,-13.75,13.75,0.0,2,0.41856779974280167
4417,243.75,-13.75,13.75,0.0,2,0.3878896650081506
4418,246.25,-13.75,13.75,0.0,2,0.3609654530363686
4419,248.75,-13.75,13.75,0.0,2,0.341704270948289
4420,251.25,-13.75,13.75,0.0,2,0.3347395328580482
4421,253.75,-13.75,13.75,0.0,2,0.34341674894494806
4422,256.25,-13.75,13.75,0.0,2,0.3687707200048042
4423,258.75,-13.75,13.75,0.0,2,0.409650938548052
4424,261.25,-13.75,13.75,0.0,2,0.4526426165924604
4425,263.75,-13.75,13.75,0.0,2,0.4956170759344894
4426,266.25,-13.75,13.75,0.0,2,0.5394028624647966
4427,268.75,-13.75,13.75,0.0,2,0.5829442440414905
4428,271.25,-13.75,13.75,0.0,2,0.6253876403168306
4429,273.75,-13.75,13.75,0.0,2,0.6623023244343605
4430,276.25,-13.75,13.75,0.0,2,0.6973560161422919
4431,278.75,-13.75,13.75,0.0,2,0.741395356303257
4432,281.25,-13.75,13.75,0.0,1,0.8207292801557595
4433,283.75,-13.75,13.75,0.0,1,1.1121373609804153
4434,286.25,-13.75,13.75,1.0,0,1.2113645503541675
4435,288.75,-13.75,13.75,1.0,0,1.1494515427340326
4436,291.25,-13.75,13.75,1.0,0,1.2122750202265662
4437,293.75,-13.75,13.75,1.0,0,1.4520349030183126
4438,296.25,-13.75,13.75,1.0,0,1.4497957615739658
4439,298.75,-13.75,13.75,1.0,0,1.723036691003388
4440,301.25,-13.75,13.75,1.0,0,1.4384051380594172
4441,303.75,-13.75,13.75,1.0,0,2.4439656324129913
4442,306.25,-13.75,13.75,1.0,0,1.584785127318963
4443,308.75,-13.75,13.75,1.0,0,1.2788296333245472
4444,311.25,-13.75,13.75,1.0,0,1.2512929607399799
4445,313.75,-13.75,13.75,1.0,0,1.1247962399230176
4446,316.25,-13.75,13.75,1.0,0,1.1407817806032834
4447,318.75,-13.75,13.75,1.0,0,0.9749472428622136
4448,321.25,-13.75,13.75,0.0,1,0.7243899472838959
4449,323.75,-13.75,13.75,0.0,1,0.6291793994242731
4450,326.25,-13.75,13.75,0.0,1,0.6030853408218141
4451,328.75,-13.75,13.75,0.0,1,0.5787189187313502
4452,331.25,-13.75,13.75,0.0,1,0.555764241685271
4453,333.75,-13.75,13.75,0.0,1,0.5342216025911546
4454,336.25,-13.75,13.75,0.0,1,0.514297972844615
4455,338.75,-13.75,13.75,0.0,1,0.4968436750612413
4456,341.25,-13.75,13.75,0.0,1,0.4852663965833355
4457,343.75,-13.75,13.75,0.0,1,0.4788284993001348
4458,346.25,-13.75,13.75,0.0,1,0.4775183490048433
4459,348.75,-13.75,13.75,0.0,1,0.48363043429030006
4460,351.25,-13.75,13.75,0.0,1,0.49602475954716885
4461,353.75,-13.75,13.75,0.0,1,0.5136476951385739
4462,356.25,-13.75,13.75,0.0,1,0.5381670700591923
4463,358.75,-13.75,13.75,0.0,1,0.5744038263459755
4464,1.25,-11.25,11.25,0.0,1,0.6482682923612358
4465,3.75,-11.25,11.25,0.0,1,0.6788995618542848
4466,6.25,-11.25,11.25,0.0,1,0.721349744751379
4467,8.75,-11.25,11.25,0.0,1,0.7858827522357428
4468,11.25,-11.25,11.25,0.0,1,0.8750825221191673
4469,13.75,-11.25,11.25,0.0,1,0.9414647125830318
4470,16.25,-11.25,11.25,1.0,0,0.5495987086434609
4471,18.75,-11.25,11.25,1.0,0,1.11028527908495
4472,21.25,-11.25,11.25,1.0,0,1.1690515868787805
4473,23.75,-11.25,11.25,1.0,0,1.1838725256162195
4474,26.25,-11.25,11.25,1.0,0,1.577803481409002
4475,28.75,-11.25,11.25,1.0,0,1.4434271060307258
4476,31.25,-11.25,11.25,1.0,0,1.3234490800681424
4477,33.75,-11.25,11.25,1.0,0,1.08753513581134
4478,36.25,-11.25,11.25,1.0,0,1.0201749677781589
4479,38.75,-11.25,11.25,1.0,0,0.9229294593281463
4480,41.25,-11.25,11.25,0.0,3,0.7153700932614732
4481,43.75,-11.25,11.25,0.0,3,0.6686247918908579
4482,46.25,-11.25,11.25,0.0,3,0.679775052208468
4483,48.75,-11.25,11.25,0.0,3,0.6761581159706449
4484,51.25,-11.25,11.25,0.0,3,0.6631785780974282
4485,53.75,-11.25,11.25,0.0,3,0.6645200268915281
4486,56.25,-11.25,11.25,0.0,3,0.6683607169490943
4487,58.75,-11.25,11.25,0.0,3,0.6683692330059278
4488,61.25,-11.25,11.25,0.0,3,0.6672908115081876
4489,63.75,-11.25,11.25,0.0,3,0.6670746053889843
4490,66.25,-11.25,11.25,0.0,3,0.6669439880423411
4491,68.75,-11.25,11.25,0.0,3,0.6660269215223289
4492,71.25,-11.25,11.25,0.0,3,0.6651618895799573
4493,73.75,-11.25,11.25,0.0,3,0.6640855972408384
4494,76.25,-11.25,11.25,0.0,3,0.6621337605686076
4495,78.75,-11.25,11.25,0.0,3,0.6577360139006169
4496,81.25,-11.25,11.25,0.0,3,0.6519903289964651
4497,83.75,-11.25,11.25,0.0,3,0.6449988184429799
4498,86.25,-11.25,11.25,0.0,3,0.637393991029478
4499,88.75,-11.25,11.25,0.0,3,0.6311269626388097
4500,91.25,-11.25,11.25,0.0,3,0.6271300698914499
4501,93.75,-11.25,11.25,0.0,3,0.6270829442129159
4502,96.25,-11.25,11.25,0.0,3,0.6315825605759608
4503,98.75,-11.25,11.25,0.0,3,0.6395255498111848
4504,101.25,-11.25,11.25,0.0,3,0.6494510325559792
4505,103.75,-11.25,11.25,0.0,3,0.6610658596833814
4506,106.25,-11.25,11.25,0.0,3,0.6742682035610721
4507,108.75,-11.25,11.25,0.0,3,0.6874310536802734
4508,111.25,-11.25,11.25,0.0,3,0.699209301682014
4509,113.75,-11.25,11.25,0.0,3,0.7098415283971168
4510,116.25,-11.25,11.25,0.0,3,0.7176052131811764
4511,118.75,-11.25,11.25,0.0,3,0.7179384922334819
4512,121.25,-11.25,11.25,0.0,2,0.7191356842467299
4513,123.75,-11.25,11.25,0.0,2,0.7292285980654166
4514,126.25,-11.25,11.25,0.0,2,0.7241221760479546
4515,128.75,-11.25,11.25,0.0,2,0.7303557825713538
4516,131.25,-11.25,11.25,0.0,2,0.7625340880665716
4517,133.75,-11.25,11.25,0.0,2,0.7262255294930557
4518,136.25,-11.25,11.25,0.0,2,0.6802746703024007
4519,138.75,-11.25,11.25,0.0,2,0.6643149482112447
4520,141.25,-11.25,11.25,0.0,2,0.6831004608502799
4521,143.75,-11.25,11.25,0.0,2,0.6452208679766126
4522,146.25,-11.25,11.25,0.0,2,0.6199957873002285
4523,148.75,-11.25,11.25,0.0,2,0.6309832842574302
4524,151.25,-11.25,11.25,0.0,2,0.6573557842318741
4525,153.75,-11.25,11.25,0.0,2,0.6879779531023021
4526,156.25,-11.25,11.25,0.0,2,0.6994439654665623
4527,158.75,-11.25,11.25,0.0,2,0.7006776128207849
4528,161.25,-11.25,11.25,0.0,2,0.6992701472257848
4529,163.75,-11.25,11.25,0.0,2,0.7003679786911942
4530,166.25,-11.25,11.25,0.0,2,0.7043782638163617
4531,168.75,-11.25,11.25,0.0,2,0.7078644478542413
4532,171.25,-11.25,11.25,0.0,2,0.7102432610808161
4533,173.75,-11.25,11.25,0.0,2,0.7129112504880449
4534,176.25,-11.25,11.25,0.0,2,0.7162982189608227
4535,178.75,-11.25,11.25,0.0,2,0.7200488124137165
4536,181.25,-11.25,11.25,0.0,2,0.7219396384751945
4537,183.75,-11.25,11.25,0.0,2,0.7245325814590573
4538,186.25,-11.25,11.25,0.0,2,0.7258554878712479
4539,188.75,-11.25,11.25,0.0,2,0.7273586633427243
4540,191.25,-11.25,11.25,0.0,2,0.7295561043407253
4541,193.75,-11.25,11.25,0.0,2,0.7307823450677698
4542,196.25,-11.25,11.25,0.0,2,0.7309548066075541
4543,198.75,-11.25,11.25,0.0,2,0.7296036551067249
4544,201.25,-11.25,11.25,0.0,2,0.7269651277591984
4545,203.75,-11.25,11.25,0.0,2,0.7196230613746385
4546,206.25,-11.25,11.25,0.0,2,0.7116205052837844
4547,208.75,-11.25,11.25,0.0,2,0.7035465106661812
4548,211.25,-11.25,11.25,0.0,2,0.6946731828371115
4549,213.75,-11.25,11.25,0.0,2,0.683951880939037
4550,216.25,-11.25,11.25,0.0,2,0.6718707264798323
4551,218.75,-11.25,11.25,0.0,2,0.6581090161420361
4552,221.25,-11.25,11.25,0.0,2,0.6432319083603342
4553,223.75,-11.25,11.25,0.0,2,0.6273283889394441
4554,226.25,-11.25,11.25,0.0,2,0.6089303634624019
4555,228.75,-11.25,11.25,0.0,2,0.5901486273873543
4556,231.25,-11.25,11.25,0.0,2,0.5703022135256454
4557,233.75,-11.25,11.25,0.0,2,0.54866958195596
4558,236.25,-11.25,11.25,0.0,2,0.5226695689780212
4559,238.75,-11.25,11.25,0.0,2,0.49390831477303043
4560,241.25,-11.25,11.25,0.0,2,0.46209385640716927
4561,243.75,-11.25,11.25,0.0,2,0.42897465763625775
4562,246.25,-11.25,11.25,0.0,2,0.3970250444287391
4563,248.75,-11.25,11.25,0.0,2,0.37115346090415047
4564,251.25,-11.25,11.25,0.0,2,0.36039833261922316
4565,253.75,-11.25,11.25,0.0,2,0.3676288226523147
4566,256.25,-11.25,11.25,0.0,2,0.3908090732181494
4567,258.75,-11.25,11.25,0.0,2,0.42747429550439153
4568,261.25,-11.25,11.25,0.0,2,0.47227973972429016
4569,263.75,-11.25,11.25,0.0,2,0.5236084141440916
4570,266.25,-11.25,11.25,0.0,2,0.5789606596405008
4571,268.75,-11.25,11.25,0.0,2,0.6344802784837138
4572,271.25,-11.25,11.25,0.0,2,0.6874875910656065
4573,273.75,-11.25,11.25,0.0,2,0.7301183560003988
4574,276.25,-11.25,11.25,0.0,2,0.7683099607904922
4575,278.75,-11.25,11.25,0.0,2,0.8141319705722248
4576,281.25,-11.25,11.25,0.0,1,0.9726525717646922
4577,283.75,-11.25,11.25,1.0,0,1.1598854636070324
4578,286.25,-11.25,11.25,1.0,0,1.288697054968034
4579,288.75,-11.25,11.25,1.0,0,1.3347916460756821
4580,291.25,-11.25,11.25,1.0,0,1.524347925513044
4581,293.75,-11.25,11.25,1.0,0,1.5628454715777318
4582,296.25,-11.25,11.25,1.0,0,1.7184558685596094
4583,298.75,-11.25,11.25,1.0,0,1.634849739189586
4584,301.25,-11.25,11.25,1.0,0,1.4820185447840888
4585,303.75,-11.25,11.25,1.0,0,1.5059416508645591
4586,306.25,-11.25,11.25,1.0,0,1.2660052186564779
4587,308.75,-11.25,11.25,1.0,0,1.263108260094496
4588,311.25,-11.25,11.25,1.0,0,1.358860627189987
4589,313.75,-11.25,11.25,1.0,0,1.2059112081440522
4590,316.25,-11.25,11.25,1.0,0,1.1172614393084621
4591,318.75,-11.25,11.25,1.0,0,0.9828212946304747
4592,321.25,-11.25,11.25,1.0,0,0.8661881205809744
4593,323.75,-11.25,11.25,0.0,1,0.6785827102253005
4594,326.25,-11.25,11.25,0.0,1,0.6133315075118492
4595,328.75,-11.25,11.25,0.0,1,0.5853016179450168
4596,331.25,-11.25,11.25,0.0,1,0.5631488096156757
4597,333.75,-11.25,11.25,0.0,1,0.5451800871339866
4598,336.25,-11.25,11.25,0.0,1,0.5293361186356605
4599,338.75,-11.25,11.25,0.0,1,0.5165231514916553
4600,341.25,-11.25,11.25,0.0,1,0.5079884690915091
4601,343.75,-11.25,11.25,0.0,1,0.5039919110726423
4602,346.25,-11.25,11.25,0.0,1,0.5051042905325702
4603,348.75,-11.25,11.25,0.0,1,0.5131912622475312
4604,351.25,-11.25,11.25,0.0,1,0.529845798494311
4605,353.75,-11.25,11.25,0.0,1,0.5546600106531205
4606,356.25,-11.25,11.25,0.0,1,0.5859247199310622
4607,358.75,-11.25,11.25,0.0,1,0.619028062705713
4608,1.25,-8.75,8.75,0.0,1,0.6826751371421976
4609,3.75,-8.75,8.75,0.0,1,0.7121385631486069
4610,6.25,-8.75,8.75,0.0,1,0.7538553263523982
4611,8.75,-8.75,8.75,0.0,1,0.8113340813835006
4612,11.25,-8.75,8.75,0.0,1,0.8852298128895503
4613,13.75,-8.75,8.75,1.0,0,0.9518068464831557
4614,16.25,-8.75,8.75,1.0,0,0.8873618270933227
4615,18.75,-8.75,8.75,1.0,0,1.178762693253216
4616,21.25,-8.75,8.75,1.0,0,1.1778734845384413
4617,23.75,-8.75,8.75,1.0,0,1.10882810595787
4618,26.25,-8.75,8.75,1.0,0,1.06354061006586
4619,28.75,-8.75,8.75,1.0,0,1.0863977682022792
4620,31.25,-8.75,8.75,1.0,0,1.1278372744673217
4621,33.75,-8.75,8.75,1.0,0,1.065062864336588
4622,36.25,-8.75,8.75,1.0,0,1.0911919930849103
4623,38.75,-8.75,8.75,1.0,0,0.8574677871208402
4624,41.25,-8.75,8.75,0.0,3,0.6869636036860506
4625,43.75,-8.75,8.75,0.0,3,0.6806207250319118
4626,46.25,-8.75,8.75,0.0,3,0.6923905605819891
4627,48.75,-8.75,8.75,0.0,3,0.7008020021698841
4628,51.25,-8.75,8.75,0.0,3,0.7073298576309469
4629,53.75,-8.75,8.75,0.0,3,0.7127949288267058
4630,56.25,-8.75,8.75,0.0,3,0.7176036031365358
4631,58.75,-8.75,8.75,0.0,3,0.7194369540059404
4632,61.25,-8.75,8.75,0.0,3,0.7193652963795316
4633,63.75,-8.75,8.75,0.0,3,0.7196353186498776
4634,66.25,-8.75,8.75,0.0,3,0.7205432561203206
4635,68.75,-8.75,8.75,0.0,3,0.7192535426552811
4636,71.25,-8.75,8.75,0.0,3,0.7175187465322052
4637,73.75,-8.75,8.75,0.0,3,0.7141570101885061
4638,76.25,-8.75,8.75,0.0,3,0.7084341811178027
4639,78.75,-8.75,8.75,0.0,3,0.700085848548228
4640,81.25,-8.75,8.75,0.0,3,0.6897761047627126
4641,83.75,-8.75,8.75,0.0,3,0.6793571689819393
4642,86.25,-8.75,8.75,0.0,3,0.6685848598524388
4643,88.75,-8.75,8.75,0.0,3,0.6579227992570943
4644,91.25,-8.75,8.75,0.0,3,0.6462291064347548
4645,93.75,-8.75,8.75,0.0,3,0.6394116486576946
4646,96.25,-8.75,8.75,0.0,3,0.6359192904937276
4647,98.75,-8.75,8.75,0.0,3,0.6329156546454888
4648,101.25,-8.75,8.75,0.0,3,0.6306801657936082
4649,103.75,-8.75,8.75,0.0,3,0.6306795960995613
4650,106.25,-8.75,8.75,0.0,3,0.6376265536927417
4651,108.75,-8.75,8.75,0.0,3,0.651837732685214
4652,111.25,-8.75,8.75,0.0,3,0.7238845177894118
4653,113.75,-8.75,8.75,0.0,3,0.7247915465517726
4654,116.25,-8.75,8.75,0.0,3,0.7439034762550543
4655,118.75,-8.75,8.75,0.0,3,0.838983276065925
4656,121.25,-8.75,8.75,0.0,2,0.8029013936037728
4657,123.75,-8.75,8.75,0.0,2,0.769001236276338
4658,126.25,-8.75,8.75,0.0,2,0.7462198812759256
4659,128.75,-8.75,8.75,0.0,2,0.6835876938955462
4660,131.25,-8.75,8.75,0.0,2,0.6818735557175205
4661,133.75,-8.75,8.75,0.0,2,0.6776542911347275
4662,136.25,-8.75,8.75,0.0,2,0.6759207473417334
4663,138.75,-8.75,8.75,0.0,2,0.7107170163196896
4664,141.25,-8.75,8.75,0.0,2,0.7327433256881825
4665,143.75,-8.75,8.75,0.0,2,0.678417575499644
4666,146.25,-8.75,8.75,0.0,2,0.7280022996784381
4667,148.75,-8.75,8.75,0.0,2,0.7127590423871587
4668,151.25,-8.75,8.75,0.0,2,0.6956430176210474
4669,153.75,-8.75,8.75,0.0,2,0.7383384928462106
4670,156.25,-8.75,8.75,0.0,2,0.7431188126586277
4671,158.75,-8.75,8.75,0.0,2,0.7415308387801227
4672,161.25,-8.75,8.75,0.0,2,0.7386934028212443
4673,163.75,-8.75,8.75,0.0,2,0.7433593847451807
4674,166.25,-8.75,8.75,0.0,2,0.7509148398253132
4675,168.75,-8.75,8.75,0.0,2,0.755953511482464
4676,171.25,-8.75,8.75,0.0,2,0.7574451003985329
4677,173.75,-8.75,8.75,0.0,2,0.7594160521694397
4678,176.25,-8.75,8.75,0.0,2,0.7625042666667664
4679,178.75,-8.75,8.75,0.0,2,0.7657873026243389
4680,181.25,-8.75,8.75,0.0,2,0.7665545325967857
4681,183.75,-8.75,8.75,0.0,2,0.7690438044696436
4682,186.25,-8.75,8.75,0.0,2,0.771151535944858
4683,188.75,-8.75,8.75,0.0,2,0.7710538677938024
4684,191.25,-8.75,8.75,0.0,2,0.7703267379763402
4685,193.75,-8.75,8.75,0.0,2,0.7674864513708612
4686,196.25,-8.75,8.75,0.0,2,0.7649871833328806
4687,198.75,-8.75,8.75,0.0,2,0.7612454143610088
4688,201.25,-8.75,8.75,0.0,2,0.7564305901470945
4689,203.75,-8.75,8.75,0.0,2,0.749584492850955
4690,206.25,-8.75,8.75,0.0,2,0.7417659814161239
4691,208.75,-8.75,8.75,0.0,2,0.7340756678276638
4692,211.25,-8.75,8.75,0.0,2,0.7254714354111483
4693,213.75,-8.75,8.75,0.0,2,0.7161001271939647
4694,216.25,-8.75,8.75,0.0,2,0.7069581824007678
4695,218.75,-8.75,8.75,0.0,2,0.6966189342913135
4696,221.25,-8.75,8.75,0.0,2,0.6842839596250474
4697,223.75,-8.75,8.75,0.0,2,0.6714580220605151
4698,226.25,-8.75,8.75,0.0,2,0.6561987293716143
4699,228.75,-8.75,8.75,0.0,2,0.64062121114342
4700,231.25,-8.75,8.75,0.0,2,0.6239823870386383
4701,233.75,-8.75,8.75,0.0,2,0.6050899678170645
4702,236.25,-8.75,8.75,0.0,2,0.5824269027611169
4703,238.75,-8.75,8.75,0.0,2,0.556999249045322
4704,241.25,-8.75,8.75,0.0,2,0.5287862447432902
4705,243.75,-8.75,8.75,0.0,2,0.5003908968605546
4706,246.25,-8.75,8.75,0.0,2,0.47461580747879745
4707,248.75,-8.75,8.75,0.0,2,0.4556543455326772
4708,251.25,-8.75,8.75,0.0,2,0.4478807772836659
4709,253.75,-8.75,8.75,0.0,2,0.4507847938801456
4710,256.25,-8.75,8.75,0.0,2,0.4652991972254332
4711,258.75,-8.75,8.75,0.0,2,0.4939659762582595
4712,261.25,-8.75,8.75,0.0,2,0.5343596112364715
4713,263.75,-8.75,8.75,0.0,2,0.5844046086831293
4714,266.25,-8.75,8.75,0.0,2,0.6407849895576747
4715,268.75,-8.75,8.75,0.0,2,0.6998799862464249
4716,271.25,-8.75,8.75,0.0,2,0.7589746893693132
4717,273.75,-8.75,8.75,0.0,2,0.8089443981591095
4718,276.25,-8.75,8.75,0.0,2,0.8499103711464342
4719,278.75,-8.75,8.75,0.0,2,0.8904809636475287
4720,281.25,-8.75,8.75,0.0,1,1.0906990571746418
4721,283.75,-8.75,8.75,1.0,0,1.1796925119538852
4722,286.25,-8.75,8.75,1.0,0,1.3964676683334587
4723,288.75,-8.75,8.75,1.0,0,1.1506929699062804
4724,291.25,-8.75,8.75,1.0,0,1.2012884965157253
4725,293.75,-8.75,8.75,1.0,0,1.1729627108208156
4726,296.25,-8.75,8.75,1.0,0,1.2958514759066884
4727,298.75,-8.75,8.75,1.0,0,1.199880256071791
4728,301.25,-8.75,8.75,1.0,0,1.1041001138187538
4729,303.75,-8.75,8.75,1.0,0,1.2042608902891252
4730,306.25,-8.75,8.75,1.0,0,1.1172193743766843
4731,308.75,-8.75,8.75,1.0,0,1.224073318339395
4732,311.25,-8.75,8.75,1.0,0,1.49896043165418
4733,313.75,-8.75,8.75,1.0,0,1.3220037380003697
4734,316.25,-8.75,8.75,1.0,0,1.22192391728981
4735,318.75,-8.75,8.75,1.0,0,1.139437279030418
4736,321.25,-8.75,8.75,1.0,0,1.092093074532115
4737,323.75,-8.75,8.75,1.0,0,0.9885929631772924
4738,326.25,-8.75,8.75,0.0,1,0.6560310881990298
4739,328.75,-8.75,8.75,0.0,1,0.626724617712572
4740,331.25,-8.75,8.75,0.0,1,0.6050711197246896
4741,333.75,-8.75,8.75,0.0,1,0.5882072687141061
4742,336.25,-8.75,8.75,0.0,1,0.5748412061375382
4743,338.75,-8.75,8.75,0.0,1,0.5640377570740159
4744,341.25,-8.75,8.75,0.0,1,0.557927403507462
4745,343.75,-8.75,8.75,0.0,1,0.556549681111323
4746,346.25,-8.75,8.75,0.0,1,0.5609127079188426
4747,348.75,-8.75,8.75,0.0,1,0.5723501965943852
4748,351.25,-8.75,8.75,0.0,1,0.5911489012926914
4749,353.75,-8.75,8.75,0.0,1,0.6143197537472097
4750,356.25,-8.75,8.75,0.0,1,0.6373715807573365
4751,358.75,-8.75,8.75,0.0,1,0.6607857201244468
4752,1.25,-6.25,6.25,0.0,1,0.7334345916088186
4753,3.75,-6.25,6.25,0.0,1,0.7614094455949615
4754,6.25,-6.25,6.25,0.0,1,0.8012031086679692
4755,8.75,-6.25,6.25,0.0,1,0.843910850545499
4756,11.25,-6.25,6.25,0.0,1,0.8773008889686118
4757,13.75,-6.25,6.25,1.0,0,0.9205589783640362
4758,16.25,-6.25,6.25,1.0,0,1.1680500749374347
4759,18.75,-6.25,6.25,1.0,0,1.0490845525882975
4760,21.25,-6.25,6.25,1.0,0,0.9878629249458304
4761,23.75,-6.25,6.25,1.0,0,0.7753613506540713
4762,26.25,-6.25,6.25,1.0,0,1.0410082932601796
4763,28.75,-6.25,6.25,1.0,0,1.0888947458971572
4764,31.25,-6.25,6.25,1.0,0,1.012104293832282
4765,33.75,-6.25,6.25,1.0,0,1.0282516115819005
4766,36.25,-6.25,6.25,1.0,0,0.8428756054780575
4767,38.75,-6.25,6.25,0.0,0,0.7955453954819628
4768,41.25,-6.25,6.25,0.0,3,0.7201549212284406
4769,43.75,-6.25,6.25,0.0,3,0.7435444105872275
4770,46.25,-6.25,6.25,0.0,3,0.7464924793678226
4771,48.75,-6.25,6.25,0.0,3,0.7551541885213526
4772,51.25,-6.25,6.25,0.0,3,0.7626997032154842
4773,53.75,-6.25,6.25,0.0,3,0.768137756826146
4774,56.25,-6.25,6.25,0.0,3,0.7734790975704683
4775,58.75,-6.25,6.25,0.0,3,0.7757354867486668
4776,61.25,-6.25,6.25,0.0,3,0.7767684687848807
4777,63.75,-6.25,6.25,0.0,3,0.7775844599250311
4778,66.25,-6.25,6.25,0.0,3,0.7776236784823107
4779,68.75,-6.25,6.25,0.0,3,0.7773009688492581
4780,71.25,-6.25,6.25,0.0,3,0.7727214344438765
4781,73.75,-6.25,6.25,0.0,3,0.7652258342771899
4782,76.25,-6.25,6.25,0.0,3,0.7559107300334014
4783,78.75,-6.25,6.25,0.0,3,0.7441757950617238
4784,81.25,-6.25,6.25,0.0,3,0.7297703958198687
4785,83.75,-6.25,6.25,0.0,3,0.7141733556358478
4786,86.25,-6.25,6.25,0.0,3,0.6990976210133785
4787,88.75,-6.25,6.25,0.0,3,0.6823216094604673
4788,91.25,-6.25,6.25,0.0,3,0.6640470875298714
4789,93.75,-6.25,6.25,0.0,3,0.6483128204143883
4790,96.25,-6.25,6.25,0.0,3,0.6343138773354111
4791,98.75,-6.25,6.25,0.0,3,0.6197865477415226
4792,101.25,-6.25,6.25,0.0,3,0.6032647056600641
4793,103.75,-6.25,6.25,0.0,3,0.6374291237387822
4794,106.25,-6.25,6.25,0.0,3,0.8884200827705404
4795,108.75,-6.25,6.25,0.0,3,0.9145617738462858
4796,111.25,-6.25,6.25,0.0,3,0.9103533336116261
4797,113.75,-6.25,6.25,0.0,3,0.7671618723847178
4798,116.25,-6.25,6.25,0.0,3,0.725310129925296
4799,118.75,-6.25,6.25,0.0,3,0.719581110499893
4800,121.25,-6.25,6.25,0.0,2,0.7102765819760386
4801,123.75,-6.25,6.25,0.0,2,0.7027459728163192
4802,126.25,-6.25,6.25,0.0,2,0.6993672632951424
4803,128.75,-6.25,6.25,0.0,2,0.6938467011906629
4804,131.25,-6.25,6.25,0.0,2,0.6870465418215519
4805,133.75,-6.25,6.25,0.0,2,0.6803827082258987
4806,136.25,-6.25,6.25,0.0,2,0.6680658692456024
4807,138.75,-6.25,6.25,0.0,2,0.7261974185188236
4808,141.25,-6.25,6.25,1.0,0,0.7507499912498016
4809,143.75,-6.25,6.25,1.0,0,0.77762583330041
4810,146.25,-6.25,6.25,1.0,0,0.8099794754861317
4811,148.75,-6.25,6.25,0.0,2,0.7111650168360181
4812,151.25,-6.25,6.25,0.0,2,0.7020701482294724
4813,153.75,-6.25,6.25,0.0,2,0.7344431802851829
4814,156.25,-6.25,6.25,0.0,2,0.7607905562899325
4815,158.75,-6.25,6.25,0.0,2,0.7677799646070863
4816,161.25,-6.25,6.25,0.0,2,0.776389429070857
4817,163.75,-6.25,6.25,0.0,2,0.7845707150287552
4818,166.25,-6.25,6.25,0.0,2,0.7916590137074063
4819,168.75,-6.25,6.25,0.0,2,0.7963446682794754
4820,171.25,-6.25,6.25,0.0,2,0.7989212952101999
4821,173.75,-6.25,6.25,0.0,2,0.8006361863527102
4822,176.25,-6.25,6.25,0.0,2,0.8014910598170006
4823,178.75,-6.25,6.25,0.0,2,0.8011738355748409
4824,181.25,-6.25,6.25,0.0,2,0.80073339205558
4825,183.75,-6.25,6.25,0.0,2,0.7994928090128303
4826,186.25,-6.25,6.25,0.0,2,0.7965323033003793
4827,188.75,-6.25,6.25,0.0,2,0.7923043585744665
4828,191.25,-6.25,6.25,0.0,2,0.7878538934434197
4829,193.75,-6.25,6.25,0.0,2,0.7821745253813678
4830,196.25,-6.25,6.25,0.0,2,0.7757536628852612
4831,198.75,-6.25,6.25,0.0,2,0.7693988872632526
4832,201.25,-6.25,6.25,0.0,2,0.763154844037844
4833,203.75,-6.25,6.25,0.0,2,0.7560826769462452
4834,206.25,-6.25,6.25,0.0,2,0.7487965272967544
4835,208.75,-6.25,6.25,0.0,2,0.7405592674140665
4836,211.25,-6.25,6.25,0.0,2,0.7331210439393192
4837,213.75,-6.25,6.25,0.0,2,0.726623020182154
4838,216.25,-6.25,6.25,0.0,2,0.7206133226041209
4839,218.75,-6.25,6.25,0.0,2,0.7140902759433422
4840,221.25,-6.25,6.25,0.0,2,0.7081150680562829
4841,223.75,-6.25,6.25,0.0,2,0.7018433497452649
4842,226.25,-6.25,6.25,0.0,2,0.6940906957942184
4843,228.75,-6.25,6.25,0.0,2,0.6864123410922236
4844,231.25,-6.25,6.25,0.0,2,0.6773642844603486
4845,233.75,-6.25,6.25,0.0,2,0.6673718764215156
4846,236.25,-6.25,6.25,0.0,2,0.6560505118965364
4847,238.75,-6.25,6.25,0.0,2,0.6455603574544349
4848,241.25,-6.25,6.25,0.0,2,0.6360342558839606
4849,243.75,-6.25,6.25,0.0,2,0.6283781194379533
4850,246.25,-6.25,6.25,0.0,2,0.6237585371637929
4851,248.75,-6.25,6.25,0.0,2,0.6219804274329813
4852,251.25,-6.25,6.25,0.0,2,0.6229382169614692
4853,253.75,-6.25,6.25,0.0,2,0.6275558996150993
4854,256.25,-6.25,6.25,0.0,2,0.638034768523691
4855,258.75,-6.25,6.25,0.0,2,0.6578841439454066
4856,261.25,-6.25,6.25,0.0,2,0.6844523253083137
4857,263.75,-6.25,6.25,0.0,2,0.7181581336591184
4858,266.25,-6.25,6.25,0.0,2,0.7599680308372263
4859,268.75,-6.25,6.25,0.0,2,0.809744973315966
4860,271.25,-6.25,6.25,0.0,2,0.8689834142131858
4861,273.75,-6.25,6.25,0.0,2,0.9293593875177627
4862,276.25,-6.25,6.25,0.0,2,0.9853477058103347
4863,278.75,-6.25,6.25,0.0,2,1.0292850128751054
4864,281.25,-6.25,6.25,1.0,0,0.8627820149235577
4865,283.75,-6.25,6.25,1.0,0,1.3833520959285326
4866,286.25,-6.25,6.25,1.0,0,1.0959252538662554
4867,288.75,-6.25,6.25,1.0,0,1.0792127407645475
4868,291.25,-6.25,6.25,1.0,0,1.1154490237079338
4869,293.75,-6.25,6.25,1.0,0,1.0878490949056472
4870,296.25,-6.25,6.25,1.0,0,1.1103873076134823
4871,298.75,-6.25,6.25,1.0,0,1.0857457004322577
4872,301.25,-6.25,6.25,1.0,0,1.052509099655578
4873,303.75,-6.25,6.25,1.0,0,1.1787307233091218
4874,306.25,-6.25,6.25,1.0,0,1.2150031799303846
4875,308.75,-6.25,6.25,1.0,0,1.2690617094869185
4876,311.25,-6.25,6.25,1.0,0,1.9564318245238692
4877,313.75,-6.25,6.25,1.0,0,1.301512303588534
4878,316.25,-6.25,6.25,1.0,0,1.2235398673564142
4879,318.75,-6.25,6.25,1.0,0,1.2665919217658175
4880,321.25,-6.25,6.25,1.0,0,1.2486025709213577
4881,323.75,-6.25,6.25,1.0,0,1.1648117149847323
4882,326.25,-6.25,6.25,0.0,1,0.7246755616340748
4883,328.75,-6.25,6.25,0.0,1,0.7051763182859524
4884,331.25,-6.25,6.25,0.0,1,0.6919557228113269
4885,333.75,-6.25,6.25,0.0,1,0.6805657161048458
4886,336.25,-6.25,6.25,0.0,1,0.669705734989393
4887,338.75,-6.25,6.25,0.0,1,0.6606211216414823
4888,341.25,-6.25,6.25,0.0,1,0.6563339196126081
4889,343.75,-6.25,6.25,0.0,1,0.6564146718430872
4890,346.25,-6.25,6.25,0.0,1,0.6600036765617816
4891,348.75,-6.25,6.25,0.0,1,0.6680382465268223
4892,351.25,-6.25,6.25,0.0,1,0.6784170505954801
4893,353.75,-6.25,6.25,0.0,1,0.6891530158079258
4894,356.25,-6.25,6.25,0.0,1,0.7000351497006834
4895,358.75,-6.25,6.25,0.0,1,0.7140147659164341
4896,1.25,-3.75,3.75,0.0,1,0.8050886351356986
4897,3.75,-3.75,3.75,0.0,1,0.8326656274719928
4898,6.25,-3.75,3.75,0.0,1,0.8627862454049818
4899,8.75,-3.75,3.75,0.0,1,0.8903767496707289
4900,11.25,-3.75,3.75,0.0,1,0.9865849747372801
4901,13.75,-3.75,3.75,1.0,0,1.0578478714835682
4902,16.25,-3.75,3.75,1.0,0,0.9621364261970318
4903,18.75,-3.75,3.75,1.0,0,0.9444181104466722
4904,21.25,-3.75,3.75,1.0,0,0.9183535188611675
4905,23.75,-3.75,3.75,1.0,0,0.9754937792228406
4906,26.25,-3.75,3.75,1.0,0,0.993075102940099
4907,28.75,-3.75,3.75,1.0,0,0.9941273488999377
4908,31.25,-3.75,3.75,1.0,0,1.0189622339830127
4909,33.75,-3.75,3.75,1.0,0,1.0718038216713617
4910,36.25,-3.75,3.75,1.0,0,0.7448700086110177
4911,38.75,-3.75,3.75,1.0,0,0.7348989266711077
4912,41.25,-3.75,3.75,0.0,3,0.754811947031417
4913,43.75,-3.75,3.75,0.0,3,0.796596937875156
4914,46.25,-3.75,3.75,0.0,3,0.8008592555347106
4915,48.75,-3.75,3.75,0.0,3,0.8052060206307443
4916,51.25,-3.75,3.75,0.0,3,0.8116403657292833
4917,53.75,-3.75,3.75,0.0,3,0.8144021116419027
4918,56.25,-3.75,3.75,0.0,3,0.8151638296235917
4919,58.75,-3.75,3.75,0.0,3,0.815835518158566
4920,61.25,-3.75,3.75,0.0,3,0.814492439732641
4921,63.75,-3.75,3.75,0.0,3,0.8109290435177963
4922,66.25,-3.75,3.75,0.0,3,0.8067376210624297
4923,68.75,-3.75,3.75,0.0,3,0.8021096314819274
4924,71.25,-3.75,3.75,0.0,3,0.7958255022343925
4925,73.75,-3.75,3.75,0.0,3,0.7878844046665981
4926,76.25,-3.75,3.75,0.0,3,0.7783404618895502
4927,78.75,-3.75,3.75,0.0,3,0.7664403927161532
4928,81.25,-3.75,3.75,0.0,3,0.7509806064933716
4929,83.75,-3.75,3.75,0.0,3,0.7352321914293463
4930,86.25,-3.75,3.75,0.0,3,0.7196698300909375
4931,88.75,-3.75,3.75,0.0,3,0.7006837398194262
4932,91.25,-3.75,3.75,0.0,3,0.6788381149921757
4933,93.75,-3.75,3.75,0.0,3,0.6572442014991327
4934,96.25,-3.75,3.75,0.0,3,0.635689074906535
4935,98.75,-3.75,3.75,0.0,3,0.6171821892474882
4936,101.25,-3.75,3.75,0.0,3,0.6913942756634703
4937,103.75,-3.75,3.75,1.0,0,1.1988863111494898
4938,106.25,-3.75,3.75,0.0,3,0.9452498304410519
4939,108.75,-3.75,3.75,0.0,3,0.7781547563804516
4940,111.25,-3.75,3.75,0.0,3,0.7757568274640928
4941,113.75,-3.75,3.75,0.0,3,0.8529180259265043
4942,116.25,-3.75,3.75,0.0,3,0.8680307553165684
4943,118.75,-3.75,3.75,0.0,3,0.8397444673835646
4944,121.25,-3.75,3.75,1.0,0,0.860121830711698
4945,123.75,-3.75,3.75,0.0,2,0.7264011069527179
4946,126.25,-3.75,3.75,0.0,2,0.7545873302607387
4947,128.75,-3.75,3.75,0.0,2,0.7375097393287796
4948,131.25,-3.75,3.75,0.0,2,0.7069282350411608
4949,133.75,-3.75,3.75,0.0,2,0.7305465884314701
4950,136.25,-3.75,3.75,1.0,0,0.7979214455459666
4951,138.75,-3.75,3.75,1.0,0,0.8193186684003151
4952,141.25,-3.75,3.75,1.0,0,0.7966343520878154
4953,143.75,-3.75,3.75,0.0,2,0.8068484422327475
4954,146.25,-3.75,3.75,0.0,2,0.7477867052192073
4955,148.75,-3.75,3.75,0.0,2,0.7381164618518786
4956,151.25,-3.75,3.75,0.0,2,0.7470786551279676
4957,153.75,-3.75,3.75,0.0,2,0.7535359201414601
4958,156.25,-3.75,3.75,0.0,2,0.78021070101958
4959,158.75,-3.75,3.75,0.0,2,0.7928294454691724
4960,161.25,-3.75,3.75,0.0,2,0.8015339047430345
4961,163.75,-3.75,3.75,0.0,2,0.8088425322928229
4962,166.25,-3.75,3.75,0.0,2,0.8156139623750025
4963,168.75,-3.75,3.75,0.0,2,0.8209091025118358
4964,171.25,-3.75,3.75,0.0,2,0.8259942598787504
4965,173.75,-3.75,3.75,0.0,2,0.8289543074554152
4966,176.25,-3.75,3.75,0.0,2,0.8302101634466785
4967,178.75,-3.75,3.75,0.0,2,0.8342296735287345
4968,181.25,-3.75,3.75,0.0,2,0.8392877129296139
4969,183.75,-3.75,3.75,0.0,2,0.8419351266095882
4970,186.25,-3.75,3.75,0.0,2,0.8419844281308676
4971,188.75,-3.75,3.75,0.0,2,0.8406601575213523
4972,191.25,-3.75,3.75,0.0,2,0.8385701796074704
4973,193.75,-3.75,3.75,0.0,2,0.8362371827142661
4974,196.25,-3.75,3.75,0.0,2,0.8328631660555287
4975,198.75,-3.75,3.75,0.0,2,0.8291169035724781
4976,201.25,-3.75,3.75,0.0,2,0.8233916820715776
4977,203.75,-3.75,3.75,0.0,2,0.8159667624292908
4978,206.25,-3.75,3.75,0.0,2,0.8084694555852003
4979,208.75,-3.75,3.75,0.0,2,0.801385534641105
4980,211.25,-3.75,3.75,0.0,2,0.7942764283326649
4981,213.75,-3.75,3.75,0.0,2,0.7860972873186725
4982,216.25,-3.75,3.75,0.0,2,0.778107537709836
4983,218.75,-3.75,3.75,0.0,2,0.7697929802887647
4984,221.25,-3.75,3.75,0.0,2,0.7627241634780493
4985,223.75,-3.75,3.75,0.0,2,0.757583387200602
4986,226.25,-3.75,3.75,0.0,2,0.752085534025728
4987,228.75,-3.75,3.75,0.0,2,0.7476067860288543
4988,231.25,-3.75,3.75,0.0,2,0.744063593586376
4989,233.75,-3.75,3.75,0.0,2,0.7418283445229468
4990,236.25,-3.75,3.75,0.0,2,0.7415942489681182
4991,238.75,-3.75,3.75,0.0,2,0.7429169931076445
4992,241.25,-3.75,3.75,0.0,2,0.7471783073608763
4993,243.75,-3.75,3.75,0.0,2,0.7544596905683624
4994,246.25,-3.75,3.75,0.0,2,0.7642828333511578
4995,248.75,-3.75,3.75,0.0,2,0.7782622146551016
4996,251.25,-3.75,3.75,0.0,2,0.7932786567902308
4997,253.75,-3.75,3.75,0.0,2,0.8082282040599659
4998,256.25,-3.75,3.75,0.0,2,0.8240633371686321
4999,258.75,-3.75,3.75,0.0,2,0.8423021954403351
5000,261.25,-3.75,3.75,0.0,2,0.8615181148485568
5001,263.75,-3.75,3.75,0.0,2,0.8833263920568692
5002,266.25,-3.75,3.75,0.0,2,0.9081309619229063
5003,268.75,-3.75,3.75,0.0,2,0.9365856084727422
5004,271.25,-3.75,3.75,0.0,2,0.9827063404712995
5005,273.75,-3.75,3.75,0.0,2,1.0440230270456654
5006,276.25,-3.75,3.75,0.0,2,1.1097307032888466
5007,278.75,-3.75,3.75,0.0,2,1.1237327693675603
5008,281.25,-3.75,3.75,1.0,0,1.1588124780082962
5009,283.75,-3.75,3.75,1.0,0,1.1532229843882398
5010,286.25,-3.75,3.75,1.0,0,1.0572621259159236
5011,288.75,-3.75,3.75,1.0,0,1.0437932872066082
5012,291.25,-3.75,3.75,1.0,0,1.0724519065134268
5013,293.75,-3.75,3.75,1.0,0,1.0714020152334651
5014,296.25,-3.75,3.75,1.0,0,1.0958976866041767
5015,298.75,-3.75,3.75,1.0,0,1.1075599207910933
5016,301.25,-3.75,3.75,1.0,0,1.1291989495362145
5017,303.75,-3.75,3.75,1.0,0,1.202764151476424
5018,306.25,-3.75,3.75,1.0,0,1.2695449622373332
5019,308.75,-3.75,3.75,1.0,0,1.1912974350081451
5020,311.25,-3.75,3.75,1.0,0,1.2515015069555273
5021,313.75,-3.75,3.75,1.0,0,1.2323513815541176
5022,316.25,-3.75,3.75,1.0,0,1.1618676064147344
5023,318.75,-3.75,3.75,1.0,0,1.0765067801460055
5024,321.25,-3.75,3.75,0.0,1,0.9206809213308703
5025,323.75,-3.75,3.75,0.0,1,0.7947184946591347
5026,326.25,-3.75,3.75,0.0,1,0.7783160046497068
5027,328.75,-3.75,3.75,0.0,1,0.7678375306417593
5028,331.25,-3.75,3.75,0.0,1,0.7631013052642549
5029,333.75,-3.75,3.75,0.0,1,0.7607093395692444
5030,336.25,-3.75,3.75,0.0,1,0.7583246105174694
5031,338.75,-3.75,3.75,0.0,1,0.75521986539469
5032,341.25,-3.75,3.75,0.0,1,0.7539697636276743
5033,343.75,-3.75,3.75,0.0,1,0.7537171805968275
5034,346.25,-3.75,3.75,0.0,1,0.7530503874460637
5035,348.75,-3.75,3.75,0.0,1,0.7537437215874323
5036,351.25,-3.75,3.75,0.0,1,0.7573483909713742
5037,353.75,-3.75,3.75,0.0,1,0.7626479051886461
5038,356.25,-3.75,3.75,0.0,1,0.770708613639852
5039,358.75,-3.75,3.75,0.0,1,0.783838025596005
5040,1.25,-1.25,1.25,0.0,1,0.8458164119559477
5041,3.75,-1.25,1.25,0.0,1,0.8688796722497953
5042,6.25,-1.25,1.25,0.0,1,0.895943565609313
5043,8.75,-1.25,1.25,0.0,1,0.9089665130110215
5044,11.25,-1.25,1.25,1.0,0,0.9379655026679184
5045,13.75,-1.25,1.25,1.0,0,0.9845160143503626
5046,16.25,-1.25,1.25,1.0,0,0.9394043060301397
5047,18.75,-1.25,1.25,1.0,0,0.8633145678786942
5048,21.25,-1.25,1.25,1.0,0,0.8567249287312774
5049,23.75,-1.25,1.25,1.0,0,0.8876891801103755
5050,26.25,-1.25,1.25,1.0,0,0.8648117941542242
5051,28.75,-1.25,1.25,1.0,0,1.0392318271328433
5052,31.25,-1.25,1.25,1.0,0,0.9751340589160091
5053,33.75,-1.25,1.25,1.0,0,0.9726387216944232
5054,36.25,-1.25,1.25,1.0,0,0.6992823425555579
5055,38.75,-1.25,1.25,1.0,0,0.7263278560207769
5056,41.25,-1.25,1.25,0.0,3,0.7156092415428
5057,43.75,-1.25,1.25,0.0,3,0.7990477058003548
5058,46.25,-1.25,1.25,0.0,3,0.8222682729742854
5059,48.75,-1.25,1.25,0.0,3,0.8310041550677807
5060,51.25,-1.25,1.25,0.0,3,0.8393270113268134
5061,53.75,-1.25,1.25,0.0,3,0.8422970309540695
5062,56.25,-1.25,1.25,0.0,3,0.8377586461627103
5063,58.75,-1.25,1.25,0.0,3,0.8363409106656997
5064,61.25,-1.25,1.25,0.0,3,0.8349726655087832
5065,63.75,-1.25,1.25,0.0,3,0.829390624555177
5066,66.25,-1.25,1.25,0.0,3,0.8217453768881111
5067,68.75,-1.25,1.25,0.0,3,0.8124418005725399
5068,71.25,-1.25,1.25,0.0,3,0.8031396275749179
5069,73.75,-1.25,1.25,0.0,3,0.7946983406607693
5070,76.25,-1.25,1.25,0.0,3,0.7864294485583346
5071,78.75,-1.25,1.25,0.0,3,0.7768971774159891
5072,81.25,-1.25,1.25,0.0,3,0.7646019186037238
5073,83.75,-1.25,1.25,0.0,3,0.749058518823611
5074,86.25,-1.25,1.25,0.0,3,0.7331287921599144
5075,88.75,-1.25,1.25,0.0,3,0.7146808635208189
5076,91.25,-1.25,1.25,0.0,3,0.6925148645831117
5077,93.75,-1.25,1.25,0.0,3,0.6734631275176205
5078,96.25,-1.25,1.25,0.0,3,0.6531733512036053
5079,98.75,-1.25,1.25,0.0,3,0.641081994524301
5080,101.25,-1.25,1.25,1.0,0,0.9504447158847219
5081,103.75,-1.25,1.25,1.0,0,1.0362014624693385
5082,106.25,-1.25,1.25,0.0,3,0.8389063200940964
5083,108.75,-1.25,1.25,0.0,3,0.786645814317078
5084,111.25,-1.25,1.25,1.0,0,0.9725696087623384
5085,113.75,-1.25,1.25,1.0,0,0.9610553690280308
5086,116.25,-1.25,1.25,1.0,0,0.972820270221043
5087,118.75,-1.25,1.25,0.0,3,0.8645047325279054
5088,121.25,-1.25,1.25,1.0,0,0.8795502009147228
5089,123.75,-1.25,1.25,0.0,2,0.7467715902908582
5090,126.25,-1.25,1.25,0.0,2,0.7553533433293005
5091,128.75,-1.25,1.25,0.0,2,0.7473612675615628
5092,131.25,-1.25,1.25,0.0,2,0.754260258369416
5093,133.75,-1.25,1.25,1.0,0,0.8151725493844002
5094,136.25,-1.25,1.25,0.0,2,0.7690104514933659
5095,138.75,-1.25,1.25,0.0,2,0.7731917414122418
5096,141.25,-1.25,1.25,0.0,2,0.763291123180906
5097,143.75,-1.25,1.25,0.0,2,0.7607080854926999
5098,146.25,-1.25,1.25,0.0,2,0.7637913852201479
5099,148.75,-1.25,1.25,0.0,2,0.7683612771312496
5100,151.25,-1.25,1.25,0.0,2,0.7754890338332145
5101,153.75,-1.25,1.25,0.0,2,0.7886068127647745
5102,156.25,-1.25,1.25,0.0,2,0.7986042132639292
5103,158.75,-1.25,1.25,0.0,2,0.8088516725600146
5104,161.25,-1.25,1.25,0.0,2,0.8187140911166776
5105,163.75,-1.25,1.25,0.0,2,0.8261837256157708
5106,166.25,-1.25,1.25,0.0,2,0.8341163113316525
5107,168.75,-1.25,1.25,0.0,2,0.8408878175190245
5108,171.25,-1.25,1.25,0.0,2,0.8460318742593973
5109,173.75,-1.25,1.25,0.0,2,0.8506907381513503
5110,176.25,-1.25,1.25,0.0,2,0.8549912120659784
5111,178.75,-1.25,1.25,0.0,2,0.8613120769607275
5112,181.25,-1.25,1.25,0.0,2,0.8688759167776078
5113,183.75,-1.25,1.25,0.0,2,0.8756671190290632
5114,186.25,-1.25,1.25,0.0,2,0.8793272854343084
5115,188.75,-1.25,1.25,0.0,2,0.8812779336295877
5116,191.25,-1.25,1.25,0.0,2,0.8822605010204367
5117,193.75,-1.25,1.25,0.0,2,0.8820608633710533
5118,196.25,-1.25,1.25,0.0,2,0.8808512463555821
5119,198.75,-1.25,1.25,0.0,2,0.878979429208238
5120,201.25,-1.25,1.25,0.0,2,0.8757824574892319
5121,203.75,-1.25,1.25,0.0,2,0.8711781898636024
5122,206.25,-1.25,1.25,0.0,2,0.8659961337805296
5123,208.75,-1.25,1.25,0.0,2,0.8612749680957987
5124,211.25,-1.25,1.25,0.0,2,0.8564075373801177
5125,213.75,-1.25,1.25,0.0,2,0.8509263258515881
5126,216.25,-1.25,1.25,0.0,2,0.8461239897810049
5127,218.75,-1.25,1.25,0.0,2,0.8422600720694424
5128,221.25,-1.25,1.25,0.0,2,0.8379101710364503
5129,223.75,-1.25,1.25,0.0,2,0.8354901089299637
5130,226.25,-1.25,1.25,0.0,2,0.8334228443118273
5131,228.75,-1.25,1.25,0.0,2,0.831731727114846
5132,231.25,-1.25,1.25,0.0,2,0.829381126506257
5133,233.75,-1.25,1.25,0.0,2,0.8288292981008895
5134,236.25,-1.25,1.25,0.0,2,0.832432993499576
5135,238.75,-1.25,1.25,0.0,2,0.8366634437051522
5136,241.25,-1.25,1.25,0.0,2,0.8427778193740255
5137,243.75,-1.25,1.25,0.0,2,0.8525068266166631
5138,246.25,-1.25,1.25,0.0,2,0.8664674207526994
5139,248.75,-1.25,1.25,0.0,2,0.8839161549711028
5140,251.25,-1.25,1.25,0.0,2,0.9012153882571224
5141,253.75,-1.25,1.25,0.0,2,0.9213342929917461
5142,256.25,-1.25,1.25,0.0,2,0.9461853690413942
5143,258.75,-1.25,1.25,0.0,2,0.9713178228068959
5144,261.25,-1.25,1.25,0.0,2,0.9928201938040924
5145,263.75,-1.25,1.25,0.0,2,1.0124647401813014
5146,266.25,-1.25,1.25,0.0,2,1.0340449110111471
5147,268.75,-1.25,1.25,0.0,2,1.0447757540687441
5148,271.25,-1.25,1.25,0.0,2,1.0522502055092926
5149,273.75,-1.25,1.25,0.0,2,1.1053010756251218
5150,276.25,-1.25,1.25,0.0,2,1.1450875344583733
5151,278.75,-1.25,1.25,0.0,2,1.1449336491548858
5152,281.25,-1.25,1.25,1.0,0,0.9828232554710157
5153,283.75,-1.25,1.25,1.0,0,1.0204221501884203
5154,286.25,-1.25,1.25,1.0,0,0.9741247749485272
5155,288.75,-1.25,1.25,1.0,0,1.013239293972038
5156,291.25,-1.25,1.25,1.0,0,1.0381671930747558
5157,293.75,-1.25,1.25,1.0,0,1.0447087600046252
5158,296.25,-1.25,1.25,1.0,0,1.036508285395373
5159,298.75,-1.25,1.25,1.0,0,1.0372249114872076
5160,301.25,-1.25,1.25,1.0,0,1.0415264691720172
5161,303.75,-1.25,1.25,1.0,0,1.1825938963182756
5162,306.25,-1.25,1.25,1.0,0,1.458254176052341
5163,308.75,-1.25,1.25,1.0,0,1.1275211907820446
5164,311.25,-1.25,1.25,1.0,0,1.148739888185349
5165,313.75,-1.25,1.25,0.0,1,1.0646261234927852
5166,316.25,-1.25,1.25,0.0,1,0.8171743574648194
5167,318.75,-1.25,1.25,0.0,1,0.7988652961633025
5168,321.25,-1.25,1.25,0.0,1,0.8010920213645754
5169,323.75,-1.25,1.25,0.0,1,0.8122893191512423
5170,326.25,-1.25,1.25,0.0,1,0.8198281324775638
5171,328.75,-1.25,1.25,0.0,1,0.8155093793988565
5172,331.25,-1.25,1.25,0.0,1,0.8110564053624085
5173,333.75,-1.25,1.25,0.0,1,0.8099550008757606
5174,336.25,-1.25,1.25,0.0,1,0.8094082569286517
5175,338.75,-1.25,1.25,0.0,1,0.8072000940054509
5176,341.25,-1.25,1.25,0.0,1,0.8085787838980917
5177,343.75,-1.25,1.25,0.0,1,0.8100832760632903
5178,346.25,-1.25,1.25,0.0,1,0.8113796284133081
5179,348.75,-1.25,1.25,0.0,1,0.8135801210615938
5180,351.25,-1.25,1.25,0.0,1,0.8150807130405533
5181,353.75,-1.25,1.25,0.0,1,0.8159720185642121
5182,356.25,-1.25,1.25,0.0,1,0.8206149096488491
5183,358.75,-1.25,1.25,0.0,1,0.831198940309207
5184,1.25,1.25,1.25,0.0,1,0.8484235330751733
5185,3.75,1.25,1.25,0.0,1,0.8580290742664346
5186,6.25,1.25,1.25,0.0,1,0.8722779994863453
5187,8.75,1.25,1.25,0.0,1,0.8861128465646981
5188,11.25,1.25,1.25,1.0,0,0.9104804935121459
5189,13.75,1.25,1.25,1.0,0,0.9389438371188702
5190,16.25,1.25,1.25,1.0,0,0.9018155780529095
5191,18.75,1.25,1.25,1.0,0,0.8799618537523949
5192,21.25,1.25,1.25,1.0,0,0.8512213505382751
5193,23.75,1.25,1.25,1.0,0,0.8733244652400262
5194,26.25,1.25,1.25,1.0,0,0.8670971809690805
5195,28.75,1.25,1.25,1.0,0,0.8788332232612338
5196,31.25,1.25,1.25,1.0,0,1.0490147055937469
5197,33.75,1.25,1.25,1.0,0,0.9963695626699218
5198,36.25,1.25,1.25,1.0,0,0.9137573866455045
5199,38.75,1.25,1.25,1.0,0,0.7692897709298545
5200,41.25,1.25,1.25,1.0,0,0.711257166494133
5201,43.75,1.25,1.25,0.0,3,0.7488215739656071
5202,46.25,1.25,1.25,0.0,3,0.8255105988202812
5203,48.75,1.25,1.25,0.0,3,0.8522233873031791
5204,51.25,1.25,1.25,0.0,3,0.855587575362559
5205,53.75,1.25,1.25,0.0,3,0.8558320900204941
5206,56.25,1.25,1.25,0.0,3,0.8485595806918642
5207,58.75,1.25,1.25,0.0,3,0.8430092826967753
5208,61.25,1.25,1.25,0.0,3,0.8361426647673643
5209,63.75,1.25,1.25,0.0,3,0.8265421759129948
5210,66.25,1.25,1.25,0.0,3,0.8185732262092394
5211,68.75,1.25,1.25,0.0,3,0.8094026804533412
5212,71.25,1.25,1.25,0.0,3,0.8010288896960656
5213,73.75,1.25,1.25,0.0,3,0.7948100123553052
5214,76.25,1.25,1.25,0.0,3,0.7898199843562149
5215,78.75,1.25,1.25,0.0,3,0.783609433756421
5216,81.25,1.25,1.25,0.0,3,0.7758047653119878
5217,83.75,1.25,1.25,0.0,3,0.7666607429746649
5218,86.25,1.25,1.25,0.0,3,0.7549310823413458
5219,88.75,1.25,1.25,0.0,3,0.7402767820284493
5220,91.25,1.25,1.25,0.0,3,0.7246536809412306
5221,93.75,1.25,1.25,0.0,3,0.7081582070318211
5222,96.25,1.25,1.25,0.0,3,0.6831992397206949
5223,98.75,1.25,1.25,0.0,3,0.77105140516949
5224,101.25,1.25,1.25,1.0,0,1.0716754833695938
5225,103.75,1.25,1.25,0.0,3,0.8427814555632398
5226,106.25,1.25,1.25,0.0,3,0.8064060599185928
5227,108.75,1.25,1.25,0.0,3,0.8772612487496048
5228,111.25,1.25,1.25,1.0,0,1.0124412716238071
5229,113.75,1.25,1.25,1.0,0,0.8428499627571053
5230,116.25,1.25,1.25,1.0,0,0.9107073781772577
5231,118.75,1.25,1.25,0.0,3,0.8756222108932753
5232,121.25,1.25,1.25,0.0,2,0.8785816531347486
5233,123.75,1.25,1.25,0.0,2,0.832099004526213
5234,126.25,1.25,1.25,0.0,2,0.7773849504386796
5235,128.75,1.25,1.25,0.0,2,0.7969484473385399
5236,131.25,1.25,1.25,0.0,2,0.7779503986104616
5237,133.75,1.25,1.25,0.0,2,0.7838303674119446
5238,136.25,1.25,1.25,0.0,2,0.7839944599465161
5239,138.75,1.25,1.25,0.0,2,0.7843326464738861
5240,141.25,1.25,1.25,0.0,2,0.7833599277397753
5241,143.75,1.25,1.25,0.0,2,0.7839828730283805
5242,146.25,1.25,1.25,0.0,2,0.7840873093156303
5243,148.75,1.25,1.25,0.0,2,0.7865909041722586
5244,151.25,1.25,1.25,0.0,2,0.7932749041661191
5245,153.75,1.25,1.25,0.0,2,0.8014775391686911
5246,156.25,1.25,1.25,0.0,2,0.8095632506542182
5247,158.75,1.25,1.25,0.0,2,0.8179076702346931
5248,161.25,1.25,1.25,0.0,2,0.826000799000776
5249,163.75,1.25,1.25,0.0,2,0.8323267589399947
5250,166.25,1.25,1.25,0.0,2,0.8385926738841608
5251,168.75,1.25,1.25,0.0,2,0.8462025577857434
5252,171.25,1.25,1.25,0.0,2,0.8512705212365452
5253,173.75,1.25,1.25,0.0,2,0.8558882831927254
5254,176.25,1.25,1.25,0.0,2,0.8603391272107478
5255,178.75,1.25,1.25,0.0,2,0.8650357931495678
5256,181.25,1.25,1.25,0.0,2,0.8717872421997211
5257,183.75,1.25,1.25,0.0,2,0.8756793075879599
5258,186.25,1.25,1.25,0.0,2,0.8772662346942963
5259,188.75,1.25,1.25,0.0,2,0.8777148310209143
5260,191.25,1.25,1.25,0.0,2,0.8776595416263927
5261,193.75,1.25,1.25,0.0,2,0.8764650566069814
5262,196.25,1.25,1.25,0.0,2,0.8751377310826484
5263,198.75,1.25,1.25,0.0,2,0.8728548352652972
5264,201.25,1.25,1.25,0.0,2,0.8709056297504124
5265,203.75,1.25,1.25,0.0,2,0.8708083231561055
5266,206.25,1.25,1.25,0.0,2,0.8709326301933762
5267,208.75,1.25,1.25,0.0,2,0.8719717142404663
5268,211.25,1.25,1.25,0.0,2,0.8735621183801026
5269,213.75,1.25,1.25,0.0,2,0.8712736686570343
5270,216.25,1.25,1.25,0.0,2,0.8709946010864129
5271,218.75,1.25,1.25,0.0,2,0.8744851840581485
5272,221.25,1.25,1.25,0.0,2,0.8757390595276553
5273,223.75,1.25,1.25,0.0,2,0.877332040147117
5274,226.25,1.25,1.25,0.0,2,0.8826407985322929
5275,228.75,1.25,1.25,0.0,2,0.8874862444663335
5276,231.25,1.25,1.25,0.0,2,0.8898791543896722
5277,233.75,1.25,1.25,0.0,2,0.8924416090020685
5278,236.25,1.25,1.25,0.0,2,0.8965343588521649
5279,238.75,1.25,1.25,0.0,2,0.903038144047795
5280,241.25,1.25,1.25,0.0,2,0.9152377627075052
5281,243.75,1.25,1.25,0.0,2,0.9329075436309004
5282,246.25,1.25,1.25,0.0,2,0.9550440202292936
5283,248.75,1.25,1.25,0.0,2,0.9789137103389227
5284,251.25,1.25,1.25,0.0,2,0.9997368011301961
5285,253.75,1.25,1.25,0.0,2,1.0216959459266974
5286,256.25,1.25,1.25,0.0,2,1.0435845873432057
5287,258.75,1.25,1.25,0.0,2,1.0643861563787025
5288,261.25,1.25,1.25,0.0,2,1.080826779280992
5289,263.75,1.25,1.25,0.0,2,1.0884098953138648
5290,266.25,1.25,1.25,0.0,2,1.0943145412474768
5291,268.75,1.25,1.25,0.0,2,1.0858801075219362
5292,271.25,1.25,1.25,0.0,2,1.0886783378876086
5293,273.75,1.25,1.25,0.0,2,1.097782829629639
5294,276.25,1.25,1.25,0.0,2,1.099415822745427
5295,278.75,1.25,1.25,0.0,2,1.0663862584131187
5296,281.25,1.25,1.25,0.0,0,0.9841740066437545
5297,283.75,1.25,1.25,1.0,0,0.9578070306434524
5298,286.25,1.25,1.25,1.0,0,1.019193290193364
5299,288.75,1.25,1.25,1.0,0,0.9666820534755449
5300,291.25,1.25,1.25,1.0,0,0.9597657518195963
5301,293.75,1.25,1.25,1.0,0,0.9694616417903896
5302,296.25,1.25,1.25,1.0,0,1.0146838010321868
5303,298.75,1.25,1.25,1.0,0,1.099246197799986
5304,301.25,1.25,1.25,1.0,0,1.0661251160939254
5305,303.75,1.25,1.25,1.0,0,1.2745786072304919
5306,306.25,1.25,1.25,1.0,0,1.4000813582314142
5307,308.75,1.25,1.25,1.0,0,1.1437967936874238
5308,311.25,1.25,1.25,0.0,1,0.8517557128624572
5309,313.75,1.25,1.25,0.0,1,0.8255190404377772
5310,316.25,1.25,1.25,0.0,1,0.8394519881435155
5311,318.75,1.25,1.25,0.0,1,0.8451217163578307
5312,321.25,1.25,1.25,0.0,1,0.8493639625861145
5313,323.75,1.25,1.25,0.0,1,0.8504978462432093
5314,326.25,1.25,1.25,0.0,1,0.8527305024101267
5315,328.75,1.25,1.25,0.0,1,0.8588346799294813
5316,331.25,1.25,1.25,0.0,1,0.862851641461575
5317,333.75,1.25,1.25,0.0,1,0.8619960975461468
5318,336.25,1.25,1.25,0.0,1,0.8575223467787505
5319,338.75,1.25,1.25,0.0,1,0.8514113344220098
5320,341.25,1.25,1.25,0.0,1,0.8470716591056678
5321,343.75,1.25,1.25,0.0,1,0.8421798128904426
5322,346.25,1.25,1.25,0.0,1,0.8385597299548091
5323,348.75,1.25,1.25,0.0,1,0.836304554201027
5324,351.25,1.25,1.25,0.0,1,0.8355186667283216
5325,353.75,1.25,1.25,0.0,1,0.8376152201576891
5326,356.25,1.25,1.25,0.0,1,0.8408740427210176
5327,358.75,1.25,1.25,0.0,1,0.8442270058489164
5328,1.25,3.75,3.75,0.0,1,0.8640201253468829
5329,3.75,3.75,3.75,0.0,1,0.8747138726111084
5330,6.25,3.75,3.75,0.0,1,0.8580967402057325
5331,8.75,3.75,3.75,0.0,1,0.8691215600896561
5332,11.25,3.75,3.75,1.0,0,0.9715352777229662
5333,13.75,3.75,3.75,1.0,0,0.9609536453635895
5334,16.25,3.75,3.75,1.0,0,0.914280338645147
5335,18.75,3.75,3.75,1.0,0,0.9279219108712327
5336,21.25,3.75,3.75,1.0,0,0.9051937646850762
5337,23.75,3.75,3.75,1.0,0,0.9277577883647828
5338,26.25,3.75,3.75,1.0,0,0.9728524615083243
5339,28.75,3.75,3.75,1.0,0,0.9883115935623056
5340,31.25,3.75,3.75,1.0,0,1.008259036603377
5341,33.75,3.75,3.75,1.0,0,0.9726955540024969
5342,36.25,3.75,3.75,1.0,0,0.8303553423698916
5343,38.75,3.75,3.75,1.0,0,0.6856913868383221
5344,41.25,3.75,3.75,1.0,0,0.7704895343447711
5345,43.75,3.75,3.75,1.0,0,0.8015718214917771
5346,46.25,3.75,3.75,1.0,0,0.8853423793876987
5347,48.75,3.75,3.75,0.0,3,0.8747289339025679
5348,51.25,3.75,3.75,0.0,3,0.8700277132056891
5349,53.75,3.75,3.75,0.0,3,0.8654606931942157
5350,56.25,3.75,3.75,0.0,3,0.8561077677597096
5351,58.75,3.75,3.75,0.0,3,0.8446510957393594
5352,61.25,3.75,3.75,0.0,3,0.8334858948238609
5353,63.75,3.75,3.75,0.0,3,0.8234355176279319
5354,66.25,3.75,3.75,0.0,3,0.8155277438571709
5355,68.75,3.75,3.75,0.0,3,0.8088369693861414
5356,71.25,3.75,3.75,0.0,3,0.8011714356751787
5357,73.75,3.75,3.75,0.0,3,0.7949999917519907
5358,76.25,3.75,3.75,0.0,3,0.7908982944031704
5359,78.75,3.75,3.75,0.0,3,0.7844149015031532
5360,81.25,3.75,3.75,0.0,3,0.7790832660583722
5361,83.75,3.75,3.75,0.0,3,0.7791459166319091
5362,86.25,3.75,3.75,0.0,3,0.7800930823860517
5363,88.75,3.75,3.75,0.0,3,0.773029369405825
5364,91.25,3.75,3.75,0.0,3,0.7574209309343827
5365,93.75,3.75,3.75,0.0,3,0.7392605438465712
5366,96.25,3.75,3.75,0.0,3,0.7884666989678906
5367,98.75,3.75,3.75,0.0,3,0.969632294579105
5368,101.25,3.75,3.75,1.0,0,0.8784922029472905
5369,103.75,3.75,3.75,0.0,3,0.8413623222026028
5370,106.25,3.75,3.75,0.0,3,0.8284806419172173
5371,108.75,3.75,3.75,0.0,3,0.8245379135106576
5372,111.25,3.75,3.75,0.0,3,0.8202896437142668
5373,113.75,3.75,3.75,0.0,3,0.878940274490655
5374,116.25,3.75,3.75,1.0,0,0.8992312796113231
5375,118.75,3.75,3.75,0.0,3,0.8455468300881364
5376,121.25,3.75,3.75,0.0,2,0.8256124207430402
5377,123.75,3.75,3.75,0.0,2,0.8077695201076495
5378,126.25,3.75,3.75,0.0,2,0.7945602002654756
5379,128.75,3.75,3.75,0.0,2,0.7883564219261917
5380,131.25,3.75,3.75,0.0,2,0.7841721065807459
5381,133.75,3.75,3.75,0.0,2,0.7818034490110611
5382,136.25,3.75,3.75,0.0,2,0.7792212262193733
5383,138.75,3.75,3.75,0.0,2,0.7806135578434731
5384,141.25,3.75,3.75,0.0,2,0.7828968021997645
5385,143.75,3.75,3.75,0.0,2,0.7851804849972033
5386,146.25,3.75,3.75,0.0,2,0.7860568783230363
5387,148.75,3.75,3.75,0.0,2,0.789424919427761
5388,151.25,3.75,3.75,0.0,2,0.7930499111281448
5389,153.75,3.75,3.75,0.0,2,0.7973859921567935
5390,156.25,3.75,3.75,0.0,2,0.8029876601357172
5391,158.75,3.75,3.75,0.0,2,0.8084117136017732
5392,161.25,3.75,3.75,0.0,2,0.8140526649583757
5393,163.75,3.75,3.75,0.0,2,0.8196608635957248
5394,166.25,3.75,3.75,0.0,2,0.8257227125087133
5395,168.75,3.75,3.75,0.0,2,0.8325683155039769
5396,171.25,3.75,3.75,0.0,2,0.8369661707881093
5397,173.75,3.75,3.75,0.0,2,0.8406239257402223
5398,176.25,3.75,3.75,0.0,2,0.8440825130815159
5399,178.75,3.75,3.75,0.0,2,0.8488814174729193
5400,181.25,3.75,3.75,0.0,2,0.8542779071026424
5401,183.75,3.75,3.75,0.0,2,0.8563112480428753
5402,186.25,3.75,3.75,0.0,2,0.8570772094566399
5403,188.75,3.75,3.75,0.0,2,0.8572849334405581
5404,191.25,3.75,3.75,0.0,2,0.8572455318815247
5405,193.75,3.75,3.75,0.0,2,0.8559300904147188
5406,196.25,3.75,3.75,0.0,2,0.8550725324724369
5407,198.75,3.75,3.75,0.0,2,0.8546028950013869
5408,201.25,3.75,3.75,0.0,2,0.8536785652248299
5409,203.75,3.75,3.75,0.0,2,0.8529923557519826
5410,206.25,3.75,3.75,0.0,2,0.8526601560768468
5411,208.75,3.75,3.75,0.0,2,0.853561942098265
5412,211.25,3.75,3.75,0.0,2,0.854322321313711
5413,213.75,3.75,3.75,0.0,2,0.8515792692007667
5414,216.25,3.75,3.75,0.0,2,0.8508507726469016
5415,218.75,3.75,3.75,0.0,2,0.8543290737183579
5416,221.25,3.75,3.75,0.0,2,0.859483352991466
5417,223.75,3.75,3.75,0.0,2,0.8649788410883292
5418,226.25,3.75,3.75,0.0,2,0.8701840127297708
5419,228.75,3.75,3.75,0.0,2,0.8761660968452387
5420,231.25,3.75,3.75,0.0,2,0.8840117857331049
5421,233.75,3.75,3.75,0.0,2,0.8950398889549024
5422,236.25,3.75,3.75,0.0,2,0.9107191301623839
5423,238.75,3.75,3.75,0.0,2,0.927580311499544
5424,241.25,3.75,3.75,0.0,2,0.9456331408990413
5425,243.75,3.75,3.75,0.0,2,0.9633067505248634
5426,246.25,3.75,3.75,0.0,2,0.9780665620420064
5427,248.75,3.75,3.75,0.0,2,0.990432179856075
5428,251.25,3.75,3.75,0.0,2,1.0002466747514496
5429,253.75,3.75,3.75,0.0,2,1.008566201754256
5430,256.25,3.75,3.75,0.0,2,1.01598388272472
5431,258.75,3.75,3.75,0.0,2,1.0238864298756816
5432,261.25,3.75,3.75,0.0,2,1.0283183688668491
5433,263.75,3.75,3.75,0.0,2,1.0297005781913773
5434,266.25,3.75,3.75,0.0,2,1.0307584150414981
5435,268.75,3.75,3.75,0.0,2,1.0274999011979096
5436,271.25,3.75,3.75,0.0,2,1.027569282305089
5437,273.75,3.75,3.75,0.0,2,1.0245134753869387
5438,276.25,3.75,3.75,0.0,2,1.0165441350949387
5439,278.75,3.75,3.75,0.0,2,1.000736945394739
5440,281.25,3.75,3.75,0.0,1,0.9673677257518672
5441,283.75,3.75,3.75,1.0,0,0.9411052913501304
5442,286.25,3.75,3.75,1.0,0,1.0235306791968752
5443,288.75,3.75,3.75,1.0,0,1.0603182545447587
5444,291.25,3.75,3.75,1.0,0,0.9873625047448159
5445,293.75,3.75,3.75,1.0,0,0.9717815320394756
5446,296.25,3.75,3.75,1.0,0,1.0223922720970202
5447,298.75,3.75,3.75,1.0,0,1.174015368648789
5448,301.25,3.75,3.75,1.0,0,1.096948141599936
5449,303.75,3.75,3.75,1.0,0,1.2019298449668132
5450,306.25,3.75,3.75,1.0,0,1.3015940075570993
5451,308.75,3.75,3.75,0.0,1,0.9969667337965826
5452,311.25,3.75,3.75,0.0,1,0.8540209432339114
5453,313.75,3.75,3.75,0.0,1,0.867897008253041
5454,316.25,3.75,3.75,0.0,1,0.8729764860903028
5455,318.75,3.75,3.75,0.0,1,0.8727242452171109
5456,321.25,3.75,3.75,0.0,1,0.8705897648558102
5457,323.75,3.75,3.75,0.0,1,0.8678052426944098
5458,326.25,3.75,3.75,0.0,1,0.8662263893884342
5459,328.75,3.75,3.75,0.0,1,0.8681472001165147
5460,331.25,3.75,3.75,0.0,1,0.8693837752166645
5461,333.75,3.75,3.75,0.0,1,0.8677034047042526
5462,336.25,3.75,3.75,0.0,1,0.8636236519417174
5463,338.75,3.75,3.75,0.0,1,0.8572095491853694
5464,341.25,3.75,3.75,0.0,1,0.8492000575134703
5465,343.75,3.75,3.75,0.0,1,0.8416566350202644
5466,346.25,3.75,3.75,0.0,1,0.8361233263237919
5467,348.75,3.75,3.75,0.0,1,0.8305487323270753
5468,351.25,3.75,3.75,0.0,1,0.8345813916399074
5469,353.75,3.75,3.75,0.0,1,0.8458403823643796
5470,356.25,3.75,3.75,0.0,1,0.8424352242535554
5471,358.75,3.75,3.75,0.0,1,0.8511104650043295
5472,1.25,6.25,6.25,0.0,1,1.011084151299542
5473,3.75,6.25,6.25,0.0,1,0.8895299595048315
5474,6.25,6.25,6.25,1.0,0,0.9955306831316291
5475,8.75,6.25,6.25,1.0,0,1.0130830308548466
5476,11.25,6.25,6.25,1.0,0,0.9224586977437755
5477,13.75,6.25,6.25,1.0,0,0.8760360061357751
5478,16.25,6.25,6.25,1.0,0,0.7799105086627048
5479,18.75,6.25,6.25,1.0,0,0.7633536213962788
5480,21.25,6.25,6.25,1.0,0,0.698023287660867
5481,23.75,6.25,6.25,1.0,0,0.828398842860825
5482,26.25,6.25,6.25,1.0,0,0.8684589548605268
5483,28.75,6.25,6.25,1.0,0,0.8620846224610434
5484,31.25,6.25,6.25,1.0,0,0.8341656449742981
5485,33.75,6.25,6.25,1.0,0,0.746650578225542
5486,36.25,6.25,6.25,1.0,0,0.7756648446059955
5487,38.75,6.25,6.25,1.0,0,0.5288739489043291
5488,41.25,6.25,6.25,1.0,0,0.8632171071528986
5489,43.75,6.25,6.25,1.0,0,0.9223466850737937
5490,46.25,6.25,6.25,1.0,0,1.0135234300141165
5491,48.75,6.25,6.25,1.0,0,0.9879887372269283
5492,51.25,6.25,6.25,0.0,3,0.9227446285249727
5493,53.75,6.25,6.25,0.0,3,0.916932661157045
5494,56.25,6.25,6.25,0.0,3,0.913540706645536
5495,58.75,6.25,6.25,0.0,3,0.9014990005503906
5496,61.25,6.25,6.25,0.0,3,0.8870363835844327
5497,63.75,6.25,6.25,0.0,3,0.8723892606293058
5498,66.25,6.25,6.25,0.0,3,0.8575128106436524
5499,68.75,6.25,6.25,0.0,3,0.8432727467281204
5500,71.25,6.25,6.25,0.0,3,0.8286713232146998
5501,73.75,6.25,6.25,0.0,3,0.814668055533737
5502,76.25,6.25,6.25,0.0,3,0.8065277678258396
5503,78.75,6.25,6.25,0.0,3,0.8032859215298873
5504,81.25,6.25,6.25,0.0,3,0.7992702094798063
5505,83.75,6.25,6.25,0.0,3,0.7721743970115027
5506,86.25,6.25,6.25,0.0,3,0.7793519915714758
5507,88.75,6.25,6.25,0.0,3,0.7884616397526434
5508,91.25,6.25,6.25,0.0,3,0.7836272629661839
5509,93.75,6.25,6.25,0.0,3,0.7774694911762285
5510,96.25,6.25,6.25,0.0,3,0.8059156236306378
5511,98.75,6.25,6.25,0.0,3,0.8102664685829694
5512,101.25,6.25,6.25,1.0,0,1.0436361113107433
5513,103.75,6.25,6.25,0.0,3,0.8353693415163045
5514,106.25,6.25,6.25,0.0,3,0.8345232944944421
5515,108.75,6.25,6.25,0.0,3,0.8310090216354655
5516,111.25,6.25,6.25,0.0,3,0.827776481466306
5517,113.75,6.25,6.25,0.0,3,0.821962690032232
5518,116.25,6.25,6.25,0.0,0,0.8885299704330877
5519,118.75,6.25,6.25,0.0,3,0.8530758459423204
5520,121.25,6.25,6.25,0.0,2,0.8165839103293057
5521,123.75,6.25,6.25,0.0,2,0.8046258045587296
5522,126.25,6.25,6.25,0.0,2,0.8342231742930792
5523,128.75,6.25,6.25,0.0,2,0.7965361928869724
5524,131.25,6.25,6.25,0.0,2,0.7785717982852339
5525,133.75,6.25,6.25,0.0,2,0.7780406361541602
5526,136.25,6.25,6.25,0.0,2,0.777663989058416
5527,138.75,6.25,6.25,0.0,2,0.781788044084178
5528,141.25,6.25,6.25,0.0,2,0.7842929601215661
5529,143.75,6.25,6.25,0.0,2,0.7863272572869372
5530,146.25,6.25,6.25,0.0,2,0.7875822716877754
5531,148.75,6.25,6.25,0.0,2,0.7903906720044163
5532,151.25,6.25,6.25,0.0,2,0.7937093483258337
5533,153.75,6.25,6.25,0.0,2,0.7949842616483747
5534,156.25,6.25,6.25,0.0,2,0.7974311270497736
5535,158.75,6.25,6.25,0.0,2,0.7999874567727139
5536,161.25,6.25,6.25,0.0,2,0.8032464374172064
5537,163.75,6.25,6.25,0.0,2,0.8075370803008698
5538,166.25,6.25,6.25,0.0,2,0.8122616849998923
5539,168.75,6.25,6.25,0.0,2,0.8194433325879017
5540,171.25,6.25,6.25,0.0,2,0.8247515629924634
5541,173.75,6.25,6.25,0.0,2,0.8281133480488599
5542,176.25,6.25,6.25,0.0,2,0.8304004229480892
5543,178.75,6.25,6.25,0.0,2,0.833989581583325
5544,181.25,6.25,6.25,0.0,2,0.8366202111329875
5545,183.75,6.25,6.25,0.0,2,0.838261431280522
5546,186.25,6.25,6.25,0.0,2,0.8398047278778982
5547,188.75,6.25,6.25,0.0,2,0.8411523865332778
5548,191.25,6.25,6.25,0.0,2,0.8415885578039348
5549,193.75,6.25,6.25,0.0,2,0.8399154385243998
5550,196.25,6.25,6.25,0.0,2,0.8393910946796816
5551,198.75,6.25,6.25,0.0,2,0.8403254842998396
5552,201.25,6.25,6.25,0.0,2,0.8414766621062255
5553,203.75,6.25,6.25,0.0,2,0.840047780160797
5554,206.25,6.25,6.25,0.0,2,0.8403051536541376
5555,208.75,6.25,6.25,0.0,2,0.8420835582942504
5556,211.25,6.25,6.25,0.0,2,0.8422119090898996
5557,213.75,6.25,6.25,0.0,2,0.841050082951302
5558,216.25,6.25,6.25,0.0,2,0.8422539683121035
5559,218.75,6.25,6.25,0.0,2,0.8440023896962116
5560,221.25,6.25,6.25,0.0,2,0.8475849416350012
5561,223.75,6.25,6.25,0.0,2,0.8521535079588857
5562,226.25,6.25,6.25,0.0,2,0.8573402942114066
5563,228.75,6.25,6.25,0.0,2,0.8627299828850019
5564,231.25,6.25,6.25,0.0,2,0.8698884717637329
5565,233.75,6.25,6.25,0.0,2,0.8797800122375797
5566,236.25,6.25,6.25,0.0,2,0.8918442457652073
5567,238.75,6.25,6.25,0.0,2,0.904649257961931
5568,241.25,6.25,6.25,0.0,2,0.91651449593156
5569,243.75,6.25,6.25,0.0,2,0.9266129476288626
5570,246.25,6.25,6.25,0.0,2,0.934298310376407
5571,248.75,6.25,6.25,0.0,2,0.9410734523365182
5572,251.25,6.25,6.25,0.0,2,0.9481240615878667
5573,253.75,6.25,6.25,0.0,2,0.954435818914464
5574,256.25,6.25,6.25,0.0,2,0.9608631748829196
5575,258.75,6.25,6.25,0.0,2,0.9677871928530547
5576,261.25,6.25,6.25,0.0,2,0.9710228024997865
5577,263.75,6.25,6.25,0.0,2,0.9719830723589664
5578,266.25,6.25,6.25,0.0,2,0.9685601716760521
5579,268.75,6.25,6.25,0.0,2,0.9607816534996491
5580,271.25,6.25,6.25,0.0,2,0.9484289864517524
5581,273.75,6.25,6.25,0.0,2,0.9322870704780679
5582,276.25,6.25,6.25,0.0,2,0.9217313017126377
5583,278.75,6.25,6.25,0.0,2,0.9328811362576332
5584,281.25,6.25,6.25,0.0,1,0.9216351102709872
5585,283.75,6.25,6.25,1.0,0,0.4128728327225658
5586,286.25,6.25,6.25,1.0,0,1.0246072068776941
5587,288.75,6.25,6.25,1.0,0,1.124163881302063
5588,291.25,6.25,6.25,1.0,0,1.1370820871359664
5589,293.75,6.25,6.25,1.0,0,1.083283720915815
5590,296.25,6.25,6.25,1.0,0,1.2232483278979465
5591,298.75,6.25,6.25,1.0,0,1.2569590722582173
5592,301.25,6.25,6.25,1.0,0,1.1508490438822558
5593,303.75,6.25,6.25,0.0,1,1.0264447763391908
5594,306.25,6.25,6.25,0.0,1,0.9367057687375817
5595,308.75,6.25,6.25,0.0,1,0.8743346596351848
5596,311.25,6.25,6.25,0.0,1,0.886003189783675
5597,313.75,6.25,6.25,0.0,1,0.9100971670001985
5598,316.25,6.25,6.25,0.0,1,0.9053878150982886
5599,318.75,6.25,6.25,0.0,1,0.9023380028914343
5600,321.25,6.25,6.25,0.0,1,0.9053756718263429
5601,323.75,6.25,6.25,0.0,1,0.9079829007422312
5602,326.25,6.25,6.25,0.0,1,0.9132820008075367
5603,328.75,6.25,6.25,0.0,1,0.9186187612821052
5604,331.25,6.25,6.25,0.0,1,0.9220783184171584
5605,333.75,6.25,6.25,0.0,1,0.9221721172002214
5606,336.25,6.25,6.25,0.0,1,0.9178107149194947
5607,338.75,6.25,6.25,0.0,1,0.9090815904431488
5608,341.25,6.25,6.25,0.0,1,0.8927778763754596
5609,343.75,6.25,6.25,0.0,1,0.8705236979853479
5610,346.25,6.25,6.25,0.0,1,0.8568467767983556
5611,348.75,6.25,6.25,0.0,1,0.8978702288468337
5612,351.25,6.25,6.25,1.0,0,1.1023241306134521
5613,353.75,6.25,6.25,1.0,0,1.2314642813494847
5614,356.25,6.25,6.25,1.0,0,1.1418035251738268
5615,358.75,6.25,6.25,1.0,0,1.0278291241322983
5616,1.25,8.75,8.75,1.0,0,1.0295891652813636
5617,3.75,8.75,8.75,1.0,0,0.7539581558192329
5618,6.25,8.75,8.75,1.0,0,0.7667892837713227
5619,8.75,8.75,8.75,1.0,0,0.833162964250649
5620,11.25,8.75,8.75,1.0,0,0.9709275815907821
5621,13.75,8.75,8.75,1.0,0,1.0389942336006561
5622,16.25,8.75,8.75,1.0,0,0.9080185132433861
5623,18.75,8.75,8.75,1.0,0,0.9063695777220748
5624,21.25,8.75,8.75,1.0,0,0.9754558826926863
5625,23.75,8.75,8.75,1.0,0,0.9302713008228608
5626,26.25,8.75,8.75,1.0,0,1.069152349173183
5627,28.75,8.75,8.75,1.0,0,0.895492866146267
5628,31.25,8.75,8.75,1.0,0,0.7621166868351148
5629,33.75,8.75,8.75,1.0,0,0.8066957198810824
5630,36.25,8.75,8.75,1.0,0,0.825850193045173
5631,38.75,8.75,8.75,1.0,0,0.9216326726210009
5632,41.25,8.75,8.75,1.0,0,0.9686378392482213
5633,43.75,8.75,8.75,1.0,0,1.059583205797309
5634,46.25,8.75,8.75,1.0,0,1.1084367297063553
5635,48.75,8.75,8.75,1.0,0,1.1474782325216535
5636,51.25,8.75,8.75,0.0,3,1.0232399149366198
5637,53.75,8.75,8.75,0.0,3,0.9909021676125197
5638,56.25,8.75,8.75,0.0,3,0.9913443831266664
5639,58.75,8.75,8.75,0.0,3,0.9820201534874331
5640,61.25,8.75,8.75,0.0,3,0.9684047864755789
5641,63.75,8.75,8.75,0.0,3,0.9515081156012217
5642,66.25,8.75,8.75,0.0,3,0.9309583857539571
5643,68.75,8.75,8.75,0.0,3,0.9035494329972387
5644,71.25,8.75,8.75,0.0,3,0.8749998806797106
5645,73.75,8.75,8.75,0.0,3,0.8432266480868069
5646,76.25,8.75,8.75,0.0,3,0.8050792571892446
5647,78.75,8.75,8.75,0.0,3,0.7285032391949581
5648,81.25,8.75,8.75,0.0,3,0.7913327312009005
5649,83.75,8.75,8.75,0.0,3,0.7945216809624315
5650,86.25,8.75,8.75,0.0,3,0.7936180712241667
5651,88.75,8.75,8.75,0.0,3,0.8027773566895499
5652,91.25,8.75,8.75,0.0,3,0.8088227111556011
5653,93.75,8.75,8.75,0.0,3,0.8096650199549047
5654,96.25,8.75,8.75,0.0,3,0.8041167632045169
5655,98.75,8.75,8.75,1.0,0,0.9411469867048821
5656,101.25,8.75,8.75,0.0,3,0.8411708461868959
5657,103.75,8.75,8.75,0.0,3,0.81960044578598
5658,106.25,8.75,8.75,0.0,3,0.830959314197433
5659,108.75,8.75,8.75,0.0,3,0.8385337264428504
5660,111.25,8.75,8.75,0.0,3,0.839283061122319
5661,113.75,8.75,8.75,0.0,3,0.8363921106118648
5662,116.25,8.75,8.75,0.0,3,0.8331570368316659
5663,118.75,8.75,8.75,0.0,3,0.834334123021883
5664,121.25,8.75,8.75,0.0,2,0.8365512065080594
5665,123.75,8.75,8.75,0.0,2,0.8677833736087788
5666,126.25,8.75,8.75,1.0,0,0.8783874365126193
5667,128.75,8.75,8.75,0.0,2,0.8007375416626406
5668,131.25,8.75,8.75,0.0,2,0.7918138750650227
5669,133.75,8.75,8.75,0.0,2,0.7930151442342686
5670,136.25,8.75,8.75,0.0,2,0.7946416257011264
5671,138.75,8.75,8.75,0.0,2,0.7960546992613928
5672,141.25,8.75,8.75,0.0,2,0.7965375146722784
5673,143.75,8.75,8.75,0.0,2,0.798375569326206
5674,146.25,8.75,8.75,0.0,2,0.8026942297352575
5675,148.75,8.75,8.75,0.0,2,0.8083964849594943
5676,151.25,8.75,8.75,0.0,2,0.8144448453321066
5677,153.75,8.75,8.75,0.0,2,0.8191517227069348
5678,156.25,8.75,8.75,0.0,2,0.8228892916931972
5679,158.75,8.75,8.75,0.0,2,0.8270377799786128
5680,161.25,8.75,8.75,0.0,2,0.8309808194021769
5681,163.75,8.75,8.75,0.0,2,0.8343364240721097
5682,166.25,8.75,8.75,0.0,2,0.8379862374171693
5683,168.75,8.75,8.75,0.0,2,0.8429660127907487
5684,171.25,8.75,8.75,0.0,2,0.8467014289606176
5685,173.75,8.75,8.75,0.0,2,0.8484260914993297
5686,176.25,8.75,8.75,0.0,2,0.8497998893797556
5687,178.75,8.75,8.75,0.0,2,0.8508241727738418
5688,181.25,8.75,8.75,0.0,2,0.8511582439112575
5689,183.75,8.75,8.75,0.0,2,0.849033271311859
5690,186.25,8.75,8.75,0.0,2,0.8468888476761909
5691,188.75,8.75,8.75,0.0,2,0.8455227645515726
5692,191.25,8.75,8.75,0.0,2,0.8441376861351784
5693,193.75,8.75,8.75,0.0,2,0.842557988269805
5694,196.25,8.75,8.75,0.0,2,0.8407669501811948
5695,198.75,8.75,8.75,0.0,2,0.839661174139753
5696,201.25,8.75,8.75,0.0,2,0.8374403104891937
5697,203.75,8.75,8.75,0.0,2,0.834876994121512
5698,206.25,8.75,8.75,0.0,2,0.8344872235350709
5699,208.75,8.75,8.75,0.0,2,0.8349164110493668
5700,211.25,8.75,8.75,0.0,2,0.8358999044247855
5701,213.75,8.75,8.75,0.0,2,0.8373825466347622
5702,216.25,8.75,8.75,0.0,2,0.8399886944807544
5703,218.75,8.75,8.75,0.0,2,0.8441978740575382
5704,221.25,8.75,8.75,0.0,2,0.8484280665936378
5705,223.75,8.75,8.75,0.0,2,0.8531075682792164
5706,226.25,8.75,8.75,0.0,2,0.8581134205427914
5707,228.75,8.75,8.75,0.0,2,0.8630525231789556
5708,231.25,8.75,8.75,0.0,2,0.8677342185077055
5709,233.75,8.75,8.75,0.0,2,0.8737642867118535
5710,236.25,8.75,8.75,0.0,2,0.8836235214114863
5711,238.75,8.75,8.75,0.0,2,0.8944234264315173
5712,241.25,8.75,8.75,0.0,2,0.9053113921986675
5713,243.75,8.75,8.75,0.0,2,0.916464731532185
5714,246.25,8.75,8.75,0.0,2,0.9279030084640687
5715,248.75,8.75,8.75,0.0,2,0.9398368891525749
5716,251.25,8.75,8.75,0.0,2,0.9518272130655571
5717,253.75,8.75,8.75,0.0,2,0.962421221150211
5718,256.25,8.75,8.75,0.0,2,0.9705345556769391
5719,258.75,8.75,8.75,0.0,2,0.9764061647428608
5720,261.25,8.75,8.75,0.0,2,0.9805506121045322
5721,263.75,8.75,8.75,0.0,2,0.9843009351656844
5722,266.25,8.75,8.75,0.0,2,0.9861314211078496
5723,268.75,8.75,8.75,0.0,2,0.9855458261250385
5724,271.25,8.75,8.75,0.0,2,0.9715033286960439
5725,273.75,8.75,8.75,0.0,2,0.9585249717094145
5726,276.25,8.75,8.75,0.0,2,0.9856611930390098
5727,278.75,8.75,8.75,0.0,2,0.940267002234973
5728,281.25,8.75,8.75,0.0,0,0.9739102134538022
5729,283.75,8.75,8.75,0.0,1,0.870904260018166
5730,286.25,8.75,8.75,1.0,0,0.9138780525766111
5731,288.75,8.75,8.75,1.0,0,1.143756752199936
5732,291.25,8.75,8.75,1.0,0,1.1626590678371087
5733,293.75,8.75,8.75,1.0,0,1.2842778293861885
5734,296.25,8.75,8.75,1.0,0,1.3263828213644944
5735,298.75,8.75,8.75,0.0,1,1.1865869611692668
5736,301.25,8.75,8.75,0.0,1,0.925704474117244
5737,303.75,8.75,8.75,0.0,1,0.8882672365548252
5738,306.25,8.75,8.75,0.0,1,0.888377330957493
5739,308.75,8.75,8.75,0.0,1,0.8996749895412635
5740,311.25,8.75,8.75,0.0,1,0.9141876774231158
5741,313.75,8.75,8.75,0.0,1,0.9187229015047128
5742,316.25,8.75,8.75,0.0,1,0.9221856376738786
5743,318.75,8.75,8.75,0.0,1,0.9279681107129711
5744,321.25,8.75,8.75,0.0,1,0.9372669679558173
5745,323.75,8.75,8.75,0.0,1,0.947500112960113
5746,326.25,8.75,8.75,0.0,1,0.9568873557640764
5747,328.75,8.75,8.75,0.0,1,0.965928106606467
5748,331.25,8.75,8.75,0.0,1,0.9723636806997449
5749,333.75,8.75,8.75,0.0,1,0.9735888794237825
5750,336.25,8.75,8.75,0.0,1,0.9657014985128731
5751,338.75,8.75,8.75,0.0,1,0.9478467551975321
5752,341.25,8.75,8.75,0.0,1,0.9291153045300846
5753,343.75,8.75,8.75,0.0,1,0.8893900226508374
5754,346.25,8.75,8.75,0.0,1,0.9279930931256656
5755,348.75,8.75,8.75,1.0,0,1.2028468766920355
5756,351.25,8.75,8.75,1.0,0,0.9587132544237918
5757,353.75,8.75,8.75,1.0,0,0.9964478499788304
5758,356.25,8.75,8.75,1.0,0,0.8870747127789868
5759,358.75,8.75,8.75,1.0,0,1.058081030239245
5760,1.25,11.25,11.25,1.0,0,1.092074125158707
5761,3.75,11.25,11.25,1.0,0,1.0519316119782152
5762,6.25,11.25,11.25,1.0,0,0.9668620331604556
5763,8.75,11.25,11.25,1.0,0,1.0959425471288793
5764,11.25,11.25,11.25,1.0,0,1.2608221059538989
5765,13.75,11.25,11.25,1.0,0,1.2069376243374552
5766,16.25,11.25,11.25,1.0,0,1.1616264724260148
5767,18.75,11.25,11.25,1.0,0,1.0061217097869837
5768,21.25,11.25,11.25,1.0,0,0.9224642234912439
5769,23.75,11.25,11.25,1.0,0,1.2437626781541504
5770,26.25,11.25,11.25,1.0,0,1.4599275877020998
5771,28.75,11.25,11.25,1.0,0,1.2707349528857628
5772,31.25,11.25,11.25,1.0,0,1.0494711862705166
5773,33.75,11.25,11.25,1.0,0,0.9232069198902698
5774,36.25,11.25,11.25,1.0,0,0.8314274087280673
5775,38.75,11.25,11.25,1.0,0,0.7734640733441899
5776,41.25,11.25,11.25,1.0,0,1.169758188889053
5777,43.75,11.25,11.25,0.0,3,1.1775271901951165
5778,46.25,11.25,11.25,0.0,3,1.1405930796529167
5779,48.75,11.25,11.25,0.0,3,1.2061473066693207
5780,51.25,11.25,11.25,0.0,3,1.115176089718749
5781,53.75,11.25,11.25,0.0,3,1.0299516424097783
5782,56.25,11.25,11.25,0.0,3,1.027035005731908
5783,58.75,11.25,11.25,0.0,3,1.0139665014799322
5784,61.25,11.25,11.25,0.0,3,1.0010898296013573
5785,63.75,11.25,11.25,0.0,3,0.9822784675281019
5786,66.25,11.25,11.25,0.0,3,0.9547596665250097
5787,68.75,11.25,11.25,0.0,3,0.919413574852715
5788,71.25,11.25,11.25,0.0,3,0.8807563961923855
5789,73.75,11.25,11.25,0.0,3,0.8393251317770989
5790,76.25,11.25,11.25,1.0,0,0.7371730869020764
5791,78.75,11.25,11.25,1.0,0,0.5587434139123767
5792,81.25,11.25,11.25,0.0,3,0.7522084334863754
5793,83.75,11.25,11.25,0.0,3,0.8127085932555731
5794,86.25,11.25,11.25,0.0,3,0.812959840462292
5795,88.75,11.25,11.25,0.0,3,0.813433027955086
5796,91.25,11.25,11.25,0.0,3,0.8130748919528219
5797,93.75,11.25,11.25,0.0,3,0.8078187839995141
5798,96.25,11.25,11.25,0.0,3,0.7984886128756122
5799,98.75,11.25,11.25,1.0,0,0.8808649718632098
5800,101.25,11.25,11.25,0.0,3,0.8416448465341978
5801,103.75,11.25,11.25,0.0,3,0.9258732776908435
5802,106.25,11.25,11.25,1.0,0,1.195610122563477
5803,108.75,11.25,11.25,0.0,3,0.9554006316289341
5804,111.25,11.25,11.25,0.0,3,0.8496289732522985
5805,113.75,11.25,11.25,0.0,3,0.8557341507656725
5806,116.25,11.25,11.25,0.0,3,0.8521393461864751
5807,118.75,11.25,11.25,0.0,3,0.8520485947547205
5808,121.25,11.25,11.25,0.0,2,0.8765825511077794
5809,123.75,11.25,11.25,0.0,2,0.8972910518760163
5810,126.25,11.25,11.25,0.0,2,0.837294358329156
5811,128.75,11.25,11.25,0.0,2,0.8183171716262725
5812,131.25,11.25,11.25,0.0,2,0.8160103135013576
5813,133.75,11.25,11.25,0.0,2,0.8148062837757863
5814,136.25,11.25,11.25,0.0,2,0.8164244898877875
5815,138.75,11.25,11.25,0.0,2,0.8183649541873215
5816,141.25,11.25,11.25,0.0,2,0.8205132697605763
5817,143.75,11.25,11.25,0.0,2,0.8250273285918663
5818,146.25,11.25,11.25,0.0,2,0.8311360065141944
5819,148.75,11.25,11.25,0.0,2,0.8374250356733002
5820,151.25,11.25,11.25,0.0,2,0.8430946670130336
5821,153.75,11.25,11.25,0.0,2,0.8485005488698514
5822,156.25,11.25,11.25,0.0,2,0.853475080602396
5823,158.75,11.25,11.25,0.0,2,0.8581038570555009
5824,161.25,11.25,11.25,0.0,2,0.8621090846312714
5825,163.75,11.25,11.25,0.0,2,0.8666405574859214
5826,166.25,11.25,11.25,0.0,2,0.8709350264657767
5827,168.75,11.25,11.25,0.0,2,0.8749819961207204
5828,171.25,11.25,11.25,0.0,2,0.877237504910297
5829,173.75,11.25,11.25,0.0,2,0.878246138040685
5830,176.25,11.25,11.25,0.0,2,0.8797595159740828
5831,178.75,11.25,11.25,0.0,2,0.8797025269014107
5832,181.25,11.25,11.25,0.0,2,0.8784161390787768
5833,183.75,11.25,11.25,0.0,2,0.8763469234808602
5834,186.25,11.25,11.25,0.0,2,0.8741482283525774
5835,188.75,11.25,11.25,0.0,2,0.872123491517447
5836,191.25,11.25,11.25,0.0,2,0.8689252124012432
5837,193.75,11.25,11.25,0.0,2,0.8654918956513671
5838,196.25,11.25,11.25,0.0,2,0.8633276396339867
5839,198.75,11.25,11.25,0.0,2,0.8618004748386107
5840,201.25,11.25,11.25,0.0,2,0.8590171001930501
5841,203.75,11.25,11.25,0.0,2,0.8561937463278775
5842,206.25,11.25,11.25,0.0,2,0.8543150195545174
5843,208.75,11.25,11.25,0.0,2,0.8535415584408923
5844,211.25,11.25,11.25,0.0,2,0.8550415638657805
5845,213.75,11.25,11.25,0.0,2,0.8579213217542001
5846,216.25,11.25,11.25,0.0,2,0.862324509359051
5847,218.75,11.25,11.25,0.0,2,0.868737412367089
5848,221.25,11.25,11.25,0.0,2,0.8752189135996659
5849,223.75,11.25,11.25,0.0,2,0.8831006275822751
5850,226.25,11.25,11.25,0.0,2,0.8915741549934693
5851,228.75,11.25,11.25,0.0,2,0.8985523171664184
5852,231.25,11.25,11.25,0.0,2,0.9046211558543275
5853,233.75,11.25,11.25,0.0,2,0.9106801209246096
5854,236.25,11.25,11.25,0.0,2,0.9177993754070507
5855,238.75,11.25,11.25,0.0,2,0.9248121335495373
5856,241.25,11.25,11.25,0.0,2,0.9333692259665766
5857,243.75,11.25,11.25,0.0,2,0.9434212297581751
5858,246.25,11.25,11.25,0.0,2,0.9546800902373018
5859,248.75,11.25,11.25,0.0,2,0.9674287315531495
5860,251.25,11.25,11.25,0.0,2,0.9788361564073152
5861,253.75,11.25,11.25,0.0,2,0.990001683816107
5862,256.25,11.25,11.25,0.0,2,1.0018255765148656
5863,258.75,11.25,11.25,0.0,2,1.0117136425347881
5864,261.25,11.25,11.25,0.0,2,1.0136261794529582
5865,263.75,11.25,11.25,0.0,2,1.0134023532090082
5866,266.25,11.25,11.25,0.0,2,1.0148236771901045
5867,268.75,11.25,11.25,0.0,2,1.0096762479216825
5868,271.25,11.25,11.25,0.0,2,1.0124667300667556
5869,273.75,11.25,11.25,0.0,2,1.0520688690830735
5870,276.25,11.25,11.25,0.0,2,1.004795856914917
5871,278.75,11.25,11.25,0.0,2,0.9696487986584241
5872,281.25,11.25,11.25,0.0,1,0.9609424420881671
5873,283.75,11.25,11.25,0.0,1,0.9660192182515475
5874,286.25,11.25,11.25,0.0,1,1.0358828800081081
5875,288.75,11.25,11.25,0.0,1,1.1567687987452804
5876,291.25,11.25,11.25,0.0,1,1.1312609860567757
5877,293.75,11.25,11.25,0.0,1,1.001312342442985
5878,296.25,11.25,11.25,0.0,1,1.0049284773260432
5879,298.75,11.25,11.25,0.0,1,0.9535629799630873
5880,301.25,11.25,11.25,0.0,1,0.9129192899226619
5881,303.75,11.25,11.25,0.0,1,0.9232495304418732
5882,306.25,11.25,11.25,0.0,1,0.9297116451092938
5883,308.75,11.25,11.25,0.0,1,0.9290666905617821
5884,311.25,11.25,11.25,0.0,1,0.9266305778097812
5885,313.75,11.25,11.25,0.0,1,0.9243471622067223
5886,316.25,11.25,11.25,0.0,1,0.9246136740998877
5887,318.75,11.25,11.25,0.0,1,0.9285078239240399
5888,321.25,11.25,11.25,0.0,1,0.9366795003419378
5889,323.75,11.25,11.25,0.0,1,0.9472861457979078
5890,326.25,11.25,11.25,0.0,1,0.9597629277460055
5891,328.75,11.25,11.25,0.0,1,0.9713581367818782
5892,331.25,11.25,11.25,0.0,1,0.98158752124928
5893,333.75,11.25,11.25,0.0,1,0.9876429491544265
5894,336.25,11.25,11.25,0.0,1,0.9846335134591132
5895,338.75,11.25,11.25,0.0,1,0.9716934418981511
5896,341.25,11.25,11.25,0.0,1,0.9527139765399767
5897,343.75,11.25,11.25,0.0,1,0.9235153816237399
5898,346.25,11.25,11.25,1.0,0,0.9848094117024915
5899,348.75,11.25,11.25,1.0,0,1.0642144060093628
5900,351.25,11.25,11.25,1.0,0,1.067409342958993
5901,353.75,11.25,11.25,1.0,0,1.0591197261431426
5902,356.25,11.25,11.25,1.0,0,1.0091129548635458
5903,358.75,11.25,11.25,1.0,0,1.0877143760466537
5904,1.25,13.75,13.75,1.0,0,1.3385089487798754
5905,3.75,13.75,13.75,1.0,0,1.5598325138980225
5906,6.25,13.75,13.75,1.0,0,1.5304071816369949
5907,8.75,13.75,13.75,1.0,0,1.6329467061239458
5908,11.25,13.75,13.75,1.0,0,1.4307476728825816
5909,13.75,13.75,13.75,1.0,0,1.3304903731841553
5910,16.25,13.75,13.75,1.0,0,1.436770299758805
5911,18.75,13.75,13.75,1.0,0,1.3483810531698086
5912,21.25,13.75,13.75,1.0,0,1.2243437159366433
5913,23.75,13.75,13.75,1.0,0,1.3855662036546759
5914,26.25,13.75,13.75,1.0,0,1.5755507402556155
5915,28.75,13.75,13.75,1.0,0,1.5179351840119217
5916,31.25,13.75,13.75,1.0,0,1.4567877444095467
5917,33.75,13.75,13.75,1.0,0,1.29124235350867
5918,36.25,13.75,13.75,1.0,0,1.0123998094344064
5919,38.75,13.75,13.75,1.0,0,0.9785735195111137
5920,41.25,13.75,13.75,0.0,3,1.3835325199791007
5921,43.75,13.75,13.75,1.0,0,1.1909579632501355
5922,46.25,13.75,13.75,0.0,3,1.2078836306729839
5923,48.75,13.75,13.75,0.0,3,1.1352151713376462
5924,51.25,13.75,13.75,0.0,3,1.0901124601020586
5925,53.75,13.75,13.75,0.0,3,1.0398274578984665
5926,56.25,13.75,13.75,0.0,3,1.030292110453938
5927,58.75,13.75,13.75,0.0,3,1.0244402618157256
5928,61.25,13.75,13.75,0.0,3,1.0200182708143568
5929,63.75,13.75,13.75,0.0,3,1.0070882936230954
5930,66.25,13.75,13.75,0.0,3,0.9704521214478146
5931,68.75,13.75,13.75,0.0,3,0.9194039472033142
5932,71.25,13.75,13.75,0.0,3,0.8656138466787698
5933,73.75,13.75,13.75,0.0,3,0.8097399528451811
5934,76.25,13.75,13.75,1.0,0,0.5068207954410144
5935,78.75,13.75,13.75,1.0,0,0.44440288460086763
5936,81.25,13.75,13.75,0.0,3,0.7306558289647777
5937,83.75,13.75,13.75,0.0,3,0.7903158230246426
5938,86.25,13.75,13.75,0.0,3,0.8139196131187948
5939,88.75,13.75,13.75,0.0,3,0.8214495691307181
5940,91.25,13.75,13.75,0.0,3,0.8141451828366395
5941,93.75,13.75,13.75,0.0,3,0.7997031390991733
5942,96.25,13.75,13.75,0.0,3,0.7737133401903608
5943,98.75,13.75,13.75,1.0,0,0.8315854917736504
5944,101.25,13.75,13.75,1.0,0,0.9343062358085814
5945,103.75,13.75,13.75,1.0,0,1.1444171732436266
5946,106.25,13.75,13.75,1.0,0,1.0196489550869638
5947,108.75,13.75,13.75,1.0,0,1.11112712841846
5948,111.25,13.75,13.75,0.0,3,0.8755474706371338
5949,113.75,13.75,13.75,0.0,3,0.8719229210857461
5950,116.25,13.75,13.75,0.0,3,0.8709448331403893
5951,118.75,13.75,13.75,0.0,3,0.8693706227213485
5952,121.25,13.75,13.75,0.0,2,0.8939705851010151
5953,123.75,13.75,13.75,0.0,2,0.8833505381588036
5954,126.25,13.75,13.75,0.0,2,0.8513917009616669
5955,128.75,13.75,13.75,0.0,2,0.8483015524386206
5956,131.25,13.75,13.75,0.0,2,0.8463720674247698
5957,133.75,13.75,13.75,0.0,2,0.845645252547124
5958,136.25,13.75,13.75,0.0,2,0.8476241852875097
5959,138.75,13.75,13.75,0.0,2,0.8501989589190966
5960,141.25,13.75,13.75,0.0,2,0.8540607243650762
5961,143.75,13.75,13.75,0.0,2,0.8589028481227429
5962,146.25,13.75,13.75,0.0,2,0.8656148372016171
5963,148.75,13.75,13.75,0.0,2,0.871537052136443
5964,151.25,13.75,13.75,0.0,2,0.8762388048979534
5965,153.75,13.75,13.75,0.0,2,0.881172690640734
5966,156.25,13.75,13.75,0.0,2,0.8858729327444019
5967,158.75,13.75,13.75,0.0,2,0.8895842987868235
5968,161.25,13.75,13.75,0.0,2,0.8918957500918364
5969,163.75,13.75,13.75,0.0,2,0.8946387008028459
5970,166.25,13.75,13.75,0.0,2,0.8971482151790979
5971,168.75,13.75,13.75,0.0,2,0.89936878588177
5972,171.25,13.75,13.75,0.0,2,0.9008802146221377
5973,173.75,13.75,13.75,0.0,2,0.9021744043621776
5974,176.25,13.75,13.75,0.0,2,0.9033080966345369
5975,178.75,13.75,13.75,0.0,2,0.9026480050531106
5976,181.25,13.75,13.75,0.0,2,0.9007334427829875
5977,183.75,13.75,13.75,0.0,2,0.8995906634431913
5978,186.25,13.75,13.75,0.0,2,0.8988947102084642
5979,188.75,13.75,13.75,0.0,2,0.8968602515764927
5980,191.25,13.75,13.75,0.0,2,0.8928645187045022
5981,193.75,13.75,13.75,0.0,2,0.891085115077946
5982,196.25,13.75,13.75,0.0,2,0.8913372002881376
5983,198.75,13.75,13.75,0.0,2,0.8914927979382999
5984,201.25,13.75,13.75,0.0,2,0.892079643316659
5985,203.75,13.75,13.75,0.0,2,0.8939289343883755
5986,206.25,13.75,13.75,0.0,2,0.896067634846403
5987,208.75,13.75,13.75,0.0,2,0.8994607603300051
5988,211.25,13.75,13.75,0.0,2,0.9047023566553953
5989,213.75,13.75,13.75,0.0,2,0.9097110558308423
5990,216.25,13.75,13.75,0.0,2,0.9153372605671045
5991,218.75,13.75,13.75,0.0,2,0.9218741913137494
5992,221.25,13.75,13.75,0.0,2,0.9300755604847828
5993,223.75,13.75,13.75,0.0,2,0.9392423876455941
5994,226.25,13.75,13.75,0.0,2,0.9477875749939072
5995,228.75,13.75,13.75,0.0,2,0.9551024589413121
5996,231.25,13.75,13.75,0.0,2,0.9622101864762327
5997,233.75,13.75,13.75,0.0,2,0.9666182889315638
5998,236.25,13.75,13.75,0.0,2,0.9685364020966573
5999,238.75,13.75,13.75,0.0,2,0.9707410858101988
6000,241.25,13.75,13.75,0.0,2,0.9728292068514273
6001,243.75,13.75,13.75,0.0,2,0.9751290394393648
6002,246.25,13.75,13.75,0.0,2,0.97795011337299
6003,248.75,13.75,13.75,0.0,2,0.982153936111502
6004,251.25,13.75,13.75,0.0,2,0.9875505796846328
6005,253.75,13.75,13.75,0.0,2,0.9938192713196803
6006,256.25,13.75,13.75,0.0,2,0.9995580103118306
6007,258.75,13.75,13.75,0.0,2,1.0086840693518486
6008,261.25,13.75,13.75,0.0,2,1.0228324208144555
6009,263.75,13.75,13.75,0.0,2,1.0307262074181323
6010,266.25,13.75,13.75,0.0,2,1.0136247110324896
6011,268.75,13.75,13.75,0.0,2,1.0829366870825872
6012,271.25,13.75,13.75,1.0,0,1.1787860510182102
6013,273.75,13.75,13.75,1.0,0,1.1745124475430255
6014,276.25,13.75,13.75,0.0,2,1.0446709676438724
6015,278.75,13.75,13.75,0.0,2,0.9902439585229185
6016,281.25,13.75,13.75,0.0,1,0.9832237729569805
6017,283.75,13.75,13.75,0.0,1,0.975497613312425
6018,286.25,13.75,13.75,0.0,1,0.9756567382400948
6019,288.75,13.75,13.75,0.0,1,0.979124928592326
6020,291.25,13.75,13.75,0.0,1,0.978874836558986
6021,293.75,13.75,13.75,0.0,1,0.9755213946468089
6022,296.25,13.75,13.75,0.0,1,0.9691900686802619
6023,298.75,13.75,13.75,0.0,1,0.9614916503926091
6024,301.25,13.75,13.75,0.0,1,0.9589270281995426
6025,303.75,13.75,13.75,0.0,1,0.9610404083861912
6026,306.25,13.75,13.75,0.0,1,0.9567334177176082
6027,308.75,13.75,13.75,0.0,1,0.9497239486897265
6028,311.25,13.75,13.75,0.0,1,0.9409000034846801
6029,313.75,13.75,13.75,0.0,1,0.9317851205022336
6030,316.25,13.75,13.75,0.0,1,0.9249560620637685
6031,318.75,13.75,13.75,0.0,1,0.922230913183469
6032,321.25,13.75,13.75,0.0,1,0.9232796130040678
6033,323.75,13.75,13.75,0.0,1,0.9292009583782856
6034,326.25,13.75,13.75,0.0,1,0.9397864353731554
6035,328.75,13.75,13.75,0.0,1,0.9513827358904892
6036,331.25,13.75,13.75,0.0,1,0.96500085754758
6037,333.75,13.75,13.75,0.0,1,0.9784688383035172
6038,336.25,13.75,13.75,0.0,1,0.9881278058368776
6039,338.75,13.75,13.75,0.0,1,0.9885536348216467
6040,341.25,13.75,13.75,0.0,1,0.9815194278580796
6041,343.75,13.75,13.75,1.0,0,1.0142584492598916
6042,346.25,13.75,13.75,1.0,0,1.1988509329018622
6043,348.75,13.75,13.75,1.0,0,1.2019397117732638
6044,351.25,13.75,13.75,1.0,0,1.3476315876538911
6045,353.75,13.75,13.75,1.0,0,1.4045177235892472
6046,356.25,13.75,13.75,1.0,0,1.4227509860671488
6047,358.75,13.75,13.75,1.0,0,1.2376205188238332
6048,1.25,16.25,16.25,1.0,0,1.534065326734007
6049,3.75,16.25,16.25,1.0,0,1.5727680263616448
6050,6.25,16.25,16.25,1.0,0,1.5552098450175786
6051,8.75,16.25,16.25,1.0,0,1.6530951107357668
6052,11.25,16.25,16.25,1.0,0,1.7725027730043512
6053,13.75,16.25,16.25,1.0,0,1.750804476853697
6054,16.25,16.25,16.25,1.0,0,1.7523965667132746
6055,18.75,16.25,16.25,1.0,0,1.7816721145651864
6056,21.25,16.25,16.25,1.0,0,1.6658071354724113
6057,23.75,16.25,16.25,1.0,0,1.7840245190213255
6058,26.25,16.25,16.25,1.0,0,1.823677005323531
6059,28.75,16.25,16.25,1.0,0,1.8089853084237475
6060,31.25,16.25,16.25,1.0,0,1.7554904305668666
6061,33.75,16.25,16.25,1.0,0,1.6374507448099185
6062,36.25,16.25,16.25,1.0,0,1.4652630076371012
6063,38.75,16.25,16.25,0.0,3,1.3917693064243477
6064,41.25,16.25,16.25,0.0,3,1.2720276069802074
6065,43.75,16.25,16.25,1.0,0,1.2857684421809563
6066,46.25,16.25,16.25,1.0,0,1.6845154393064843
6067,48.75,16.25,16.25,1.0,0,1.6613946246926585
6068,51.25,16.25,16.25,1.0,0,1.4787854581890498
6069,53.75,16.25,16.25,0.0,3,1.1222960652458238
6070,56.25,16.25,16.25,0.0,3,1.0206097473918232
6071,58.75,16.25,16.25,0.0,3,1.0155111406320203
6072,61.25,16.25,16.25,0.0,3,1.028328922850118
6073,63.75,16.25,16.25,0.0,3,1.0294439950769927
6074,66.25,16.25,16.25,0.0,3,1.0045666314609751
6075,68.75,16.25,16.25,0.0,3,0.9493092323661652
6076,71.25,16.25,16.25,0.0,3,0.8874225016321484
6077,73.75,16.25,16.25,1.0,0,0.720887728143961
6078,76.25,16.25,16.25,1.0,0,0.6808189420062608
6079,78.75,16.25,16.25,1.0,0,0.5780916430908852
6080,81.25,16.25,16.25,0.0,3,0.645863854603713
6081,83.75,16.25,16.25,0.0,3,0.7624634196330158
6082,86.25,16.25,16.25,0.0,3,0.804475805120541
6083,88.75,16.25,16.25,0.0,3,0.8319071434571945
6084,91.25,16.25,16.25,0.0,3,0.8324757973838882
6085,93.75,16.25,16.25,0.0,3,0.8187212149388425
6086,96.25,16.25,16.25,0.0,3,0.8836359091604531
6087,98.75,16.25,16.25,1.0,0,0.9266063990625419
6088,101.25,16.25,16.25,1.0,0,0.8746333129072863
6089,103.75,16.25,16.25,1.0,0,0.9109227888124708
6090,106.25,16.25,16.25,1.0,0,1.0076353056378229
6091,108.75,16.25,16.25,0.0,3,0.9441697366307905
6092,111.25,16.25,16.25,0.0,3,0.9243882865508674
6093,113.75,16.25,16.25,0.0,3,0.9022720226586411
6094,116.25,16.25,16.25,0.0,3,0.8872068967506859
6095,118.75,16.25,16.25,0.0,3,0.8890575584278804
6096,121.25,16.25,16.25,1.0,0,1.0152024704253988
6097,123.75,16.25,16.25,0.0,2,0.8906973282106141
6098,126.25,16.25,16.25,0.0,2,0.8943806571404777
6099,128.75,16.25,16.25,0.0,2,0.8958899756645577
6100,131.25,16.25,16.25,0.0,2,0.8944412554263288
6101,133.75,16.25,16.25,0.0,2,0.8926809904621803
6102,136.25,16.25,16.25,0.0,2,0.8931669778810585
6103,138.75,16.25,16.25,0.0,2,0.8945276382050946
6104,141.25,16.25,16.25,0.0,2,0.896596316458708
6105,143.75,16.25,16.25,0.0,2,0.8999860864220571
6106,146.25,16.25,16.25,0.0,2,0.9048727743710901
6107,148.75,16.25,16.25,0.0,2,0.9105498675797562
6108,151.25,16.25,16.25,0.0,2,0.9160166178723588
6109,153.75,16.25,16.25,0.0,2,0.9201558385201773
6110,156.25,16.25,16.25,0.0,2,0.9227434059115147
6111,158.75,16.25,16.25,0.0,2,0.9242024383294191
6112,161.25,16.25,16.25,0.0,2,0.9251226329676253
6113,163.75,16.25,16.25,0.0,2,0.927872297405989
6114,166.25,16.25,16.25,0.0,2,0.9301583654597184
6115,168.75,16.25,16.25,0.0,2,0.9320746372821777
6116,171.25,16.25,16.25,0.0,2,0.9330582328924637
6117,173.75,16.25,16.25,0.0,2,0.9339459548221059
6118,176.25,16.25,16.25,0.0,2,0.934722566059283
6119,178.75,16.25,16.25,0.0,2,0.9351793283319864
6120,181.25,16.25,16.25,0.0,2,0.9352325775028121
6121,183.75,16.25,16.25,0.0,2,0.9339424748063935
6122,186.25,16.25,16.25,0.0,2,0.9317709033134198
6123,188.75,16.25,16.25,0.0,2,0.9280770539188187
6124,191.25,16.25,16.25,0.0,2,0.9225843449981863
6125,193.75,16.25,16.25,0.0,2,0.9178398219380562
6126,196.25,16.25,16.25,0.0,2,0.9143817898220953
6127,198.75,16.25,16.25,0.0,2,0.9114265481976511
6128,201.25,16.25,16.25,0.0,2,0.9090161960658373
6129,203.75,16.25,16.25,0.0,2,0.9087516360659896
6130,206.25,16.25,16.25,0.0,2,0.9103944479741009
6131,208.75,16.25,16.25,0.0,2,0.9139670213198003
6132,211.25,16.25,16.25,0.0,2,0.9191959852445676
6133,213.75,16.25,16.25,0.0,2,0.9262355992503053
6134,216.25,16.25,16.25,0.0,2,0.9337805776077089
6135,218.75,16.25,16.25,0.0,2,0.9420691592317343
6136,221.25,16.25,16.25,0.0,2,0.9512321677120843
6137,223.75,16.25,16.25,0.0,2,0.960938848942384
6138,226.25,16.25,16.25,0.0,2,0.9713267594910167
6139,228.75,16.25,16.25,0.0,2,0.9829029022618249
6140,231.25,16.25,16.25,0.0,2,0.995423828580063
6141,233.75,16.25,16.25,0.0,2,1.0069543748694783
6142,236.25,16.25,16.25,0.0,2,1.0156958437558024
6143,238.75,16.25,16.25,0.0,2,1.0195882931226208
6144,241.25,16.25,16.25,0.0,2,1.0224645810710271
6145,243.75,16.25,16.25,0.0,2,1.0270873744469358
6146,246.25,16.25,16.25,0.0,2,1.0278900392522017
6147,248.75,16.25,16.25,0.0,2,1.0195129986084155
6148,251.25,16.25,16.25,0.0,2,1.0142169273416874
6149,253.75,16.25,16.25,0.0,2,1.0147649133953918
6150,256.25,16.25,16.25,0.0,2,1.016767735105622
6151,258.75,16.25,16.25,0.0,2,1.0267266300449989
6152,261.25,16.25,16.25,0.0,2,1.0871517716162444
6153,263.75,16.25,16.25,1.0,0,1.174525847887353
6154,266.25,16.25,16.25,0.0,2,1.1465127165361053
6155,268.75,16.25,16.25,1.0,0,1.2331395875819189
6156,271.25,16.25,16.25,1.0,0,1.1276301078313504
6157,273.75,16.25,16.25,0.0,2,1.0609004905950157
6158,276.25,16.25,16.25,0.0,2,1.02619293274451
6159,278.75,16.25,16.25,0.0,2,1.0147234746756748
6160,281.25,16.25,16.25,0.0,1,1.0271175990497614
6161,283.75,16.25,16.25,0.0,1,1.0166250165363246
6162,286.25,16.25,16.25,0.0,1,1.0157128329066418
6163,288.75,16.25,16.25,0.0,1,1.0190892249474715
6164,291.25,16.25,16.25,0.0,1,1.0150875421540813
6165,293.75,16.25,16.25,0.0,1,1.0081974954191983
6166,296.25,16.25,16.25,0.0,1,1.0032748992402156
6167,298.75,16.25,16.25,0.0,1,0.9982417622912029
6168,301.25,16.25,16.25,0.0,1,0.9919421254117037
6169,303.75,16.25,16.25,0.0,1,0.9839079586899909
6170,306.25,16.25,16.25,0.0,1,0.9737935384440535
6171,308.75,16.25,16.25,0.0,1,0.9630550843164115
6172,311.25,16.25,16.25,0.0,1,0.9514809619000026
6173,313.75,16.25,16.25,0.0,1,0.9392635157769892
6174,316.25,16.25,16.25,0.0,1,0.9273972143229389
6175,318.75,16.25,16.25,0.0,1,0.9178187900095425
6176,321.25,16.25,16.25,0.0,1,0.9092912790292119
6177,323.75,16.25,16.25,0.0,1,0.9039055128561915
6178,326.25,16.25,16.25,0.0,1,0.9032729573290057
6179,328.75,16.25,16.25,0.0,1,0.91054775708134
6180,331.25,16.25,16.25,0.0,1,0.9232884595844708
6181,333.75,16.25,16.25,0.0,1,0.9386981575880013
6182,336.25,16.25,16.25,0.0,1,0.9510899926802892
6183,338.75,16.25,16.25,0.0,1,0.9713500014525246
6184,341.25,16.25,16.25,0.0,1,0.9932362684676326
6185,343.75,16.25,16.25,1.0,0,1.0573205758186974
6186,346.25,16.25,16.25,1.0,0,1.3338669652479733
6187,348.75,16.25,16.25,1.0,0,1.4194044395540797
6188,351.25,16.25,16.25,1.0,0,1.553591516478991
6189,353.75,16.25,16.25,1.0,0,1.5936659150018244
6190,356.25,16.25,16.25,1.0,0,1.5448567752647964
6191,358.75,16.25,16.25,1.0,0,1.53791535641003
6192,1.25,18.75,18.75,1.0,0,1.7440592409965157
6193,3.75,18.75,18.75,1.0,0,1.7811569822027646
6194,6.25,18.75,18.75,1.0,0,1.7700851528602524
6195,8.75,18.75,18.75,1.0,0,1.814912841170262
6196,11.25,18.75,18.75,1.0,0,1.898499047101022
6197,13.75,18.75,18.75,1.0,0,1.889391684372885
6198,16.25,18.75,18.75,1.0,0,1.8091859930871235
6199,18.75,18.75,18.75,1.0,0,1.8361021148955998
6200,21.25,18.75,18.75,1.0,0,1.877154618062598
6201,23.75,18.75,18.75,1.0,0,1.8880891528051849
6202,26.25,18.75,18.75,1.0,0,1.8772164468209698
6203,28.75,18.75,18.75,1.0,0,1.8535889455328047
6204,31.25,18.75,18.75,1.0,0,1.8497173581911737
6205,33.75,18.75,18.75,1.0,0,1.8056944626225382
6206,36.25,18.75,18.75,1.0,0,1.6607658213596863
6207,38.75,18.75,18.75,0.0,3,1.3564746013943974
6208,41.25,18.75,18.75,0.0,3,1.3449961105997852
6209,43.75,18.75,18.75,1.0,0,1.6221985854949639
6210,46.25,18.75,18.75,1.0,0,1.8824211677289047
6211,48.75,18.75,18.75,1.0,0,1.9458459280167475
6212,51.25,18.75,18.75,1.0,0,1.9039401090632775
6213,53.75,18.75,18.75,1.0,0,1.7170421603371155
6214,56.25,18.75,18.75,1.0,0,1.305447499985789
6215,58.75,18.75,18.75,0.0,3,1.0119229920665067
6216,61.25,18.75,18.75,0.0,3,1.0258256802134267
6217,63.75,18.75,18.75,0.0,3,1.0372566651259683
6218,66.25,18.75,18.75,0.0,3,1.0293196304469696
6219,68.75,18.75,18.75,0.0,3,0.9906260493901524
6220,71.25,18.75,18.75,0.0,3,0.9114547309243715
6221,73.75,18.75,18.75,1.0,0,0.6642784813167961
6222,76.25,18.75,18.75,1.0,0,0.49809771917126217
6223,78.75,18.75,18.75,1.0,0,0.3907707444131831
6224,81.25,18.75,18.75,1.0,0,0.47987377363474676
6225,83.75,18.75,18.75,0.0,3,0.5892676126156967
6226,86.25,18.75,18.75,0.0,3,0.7797804158037586
6227,88.75,18.75,18.75,0.0,3,0.8335912396176844
6228,91.25,18.75,18.75,0.0,3,0.8458470571457545
6229,93.75,18.75,18.75,0.0,3,0.8972048804856414
6230,96.25,18.75,18.75,1.0,0,1.0631302579619772
6231,98.75,18.75,18.75,1.0,0,0.9485823058227885
6232,101.25,18.75,18.75,1.0,0,1.0578372531904128
6233,103.75,18.75,18.75,1.0,0,1.1254457694471809
6234,106.25,18.75,18.75,0.0,3,1.0025583897579298
6235,108.75,18.75,18.75,0.0,3,0.9423503962906837
6236,111.25,18.75,18.75,0.0,3,0.9589328602888886
6237,113.75,18.75,18.75,0.0,3,0.9397089624368234
6238,116.25,18.75,18.75,0.0,3,0.9087732847756985
6239,118.75,18.75,18.75,0.0,3,0.892149044387174
6240,121.25,18.75,18.75,0.0,2,0.9264555213852061
6241,123.75,18.75,18.75,0.0,2,0.9283091866045343
6242,126.25,18.75,18.75,0.0,2,0.9448367844686147
6243,128.75,18.75,18.75,0.0,2,0.9508748819653527
6244,131.25,18.75,18.75,0.0,2,0.9514920252036723
6245,133.75,18.75,18.75,0.0,2,0.948666033571485
6246,136.25,18.75,18.75,0.0,2,0.9460783979474486
6247,138.75,18.75,18.75,0.0,2,0.9449501544844443
6248,141.25,18.75,18.75,0.0,2,0.9455628231404801
6249,143.75,18.75,18.75,0.0,2,0.9477437713170832
6250,146.25,18.75,18.75,0.0,2,0.9519225958038944
6251,148.75,18.75,18.75,0.0,2,0.9568190393907053
6252,151.25,18.75,18.75,0.0,2,0.9618285917503642
6253,153.75,18.75,18.75,0.0,2,0.96517570496163
6254,156.25,18.75,18.75,0.0,2,0.9667672585382059
6255,158.75,18.75,18.75,0.0,2,0.9685556959652866
6256,161.25,18.75,18.75,0.0,2,0.9692840446346115
6257,163.75,18.75,18.75,0.0,2,0.9702764909093257
6258,166.25,18.75,18.75,0.0,2,0.9715166949710464
6259,168.75,18.75,18.75,0.0,2,0.9721889523805728
6260,171.25,18.75,18.75,0.0,2,0.9719208421843317
6261,173.75,18.75,18.75,0.0,2,0.9709469269664389
6262,176.25,18.75,18.75,0.0,2,0.9707678527116521
6263,178.75,18.75,18.75,0.0,2,0.971553563725094
6264,181.25,18.75,18.75,0.0,2,0.9711886173224019
6265,183.75,18.75,18.75,0.0,2,0.9696021491579153
6266,186.25,18.75,18.75,0.0,2,0.9676693625893183
6267,188.75,18.75,18.75,0.0,2,0.9645949910152222
6268,191.25,18.75,18.75,0.0,2,0.9596604060182005
6269,193.75,18.75,18.75,0.0,2,0.9532631814992812
6270,196.25,18.75,18.75,0.0,2,0.9466737135448849
6271,198.75,18.75,18.75,0.0,2,0.940526766385192
6272,201.25,18.75,18.75,0.0,2,0.9361643784985595
6273,203.75,18.75,18.75,0.0,2,0.9337604112632405
6274,206.25,18.75,18.75,0.0,2,0.9157445748714472
6275,208.75,18.75,18.75,0.0,2,0.9101924270701353
6276,211.25,18.75,18.75,0.0,2,0.9087573165897862
6277,213.75,18.75,18.75,0.0,2,0.9116831796485754
6278,216.25,18.75,18.75,0.0,2,0.9189244194023912
6279,218.75,18.75,18.75,0.0,2,0.9284427659410857
6280,221.25,18.75,18.75,0.0,2,0.9398270895712634
6281,223.75,18.75,18.75,0.0,2,0.9524716151820602
6282,226.25,18.75,18.75,0.0,2,0.9671387089591578
6283,228.75,18.75,18.75,0.0,2,0.9841324095876174
6284,231.25,18.75,18.75,0.0,2,1.003937442523889
6285,233.75,18.75,18.75,0.0,2,1.0258217262229008
6286,236.25,18.75,18.75,0.0,2,1.046607235679087
6287,238.75,18.75,18.75,0.0,2,1.0634459740719355
6288,241.25,18.75,18.75,0.0,2,1.0756047998111737
6289,243.75,18.75,18.75,0.0,2,1.081391795930289
6290,246.25,18.75,18.75,0.0,2,1.0824832833394202
6291,248.75,18.75,18.75,0.0,2,1.0606459902238203
6292,251.25,18.75,18.75,0.0,2,1.0394299907059281
6293,253.75,18.75,18.75,0.0,2,1.020423373178038
6294,256.25,18.75,18.75,0.0,2,1.0933021477279572
6295,258.75,18.75,18.75,1.0,0,1.1565465438418128
6296,261.25,18.75,18.75,1.0,0,1.1933812828603747
6297,263.75,18.75,18.75,0.0,0,1.194060111378952
6298,266.25,18.75,18.75,0.0,2,1.1453260560574343
6299,268.75,18.75,18.75,0.0,2,1.1914942433714368
6300,271.25,18.75,18.75,1.0,0,1.106736919388748
6301,273.75,18.75,18.75,0.0,2,1.043433654222598
6302,276.25,18.75,18.75,0.0,2,1.0482805656215581
6303,278.75,18.75,18.75,0.0,2,1.0583337008615927
6304,281.25,18.75,18.75,0.0,1,1.0645962712747494
6305,283.75,18.75,18.75,0.0,1,1.054426652732124
6306,286.25,18.75,18.75,0.0,1,1.1091998631237148
6307,288.75,18.75,18.75,0.0,1,1.177881221232426
6308,291.25,18.75,18.75,0.0,1,1.1082172413509095
6309,293.75,18.75,18.75,0.0,1,1.0683961908873871
6310,296.25,18.75,18.75,0.0,1,1.0315524127348963
6311,298.75,18.75,18.75,0.0,1,1.024459149713873
6312,301.25,18.75,18.75,0.0,1,1.016270284431143
6313,303.75,18.75,18.75,0.0,1,1.0060761377828455
6314,306.25,18.75,18.75,0.0,1,0.994751527065785
6315,308.75,18.75,18.75,0.0,1,0.9824807432534836
6316,311.25,18.75,18.75,0.0,1,0.9687445220962626
6317,313.75,18.75,18.75,0.0,1,0.9536762968732051
6318,316.25,18.75,18.75,0.0,1,0.9375713860518133
6319,318.75,18.75,18.75,0.0,1,0.922004155284227
6320,321.25,18.75,18.75,0.0,1,0.9058211835349564
6321,323.75,18.75,18.75,0.0,1,0.8903122025934198
6322,326.25,18.75,18.75,0.0,1,0.8786081101745398
6323,328.75,18.75,18.75,0.0,1,0.8759791831510957
6324,331.25,18.75,18.75,0.0,1,0.8823600001159945
6325,333.75,18.75,18.75,0.0,1,0.8941902300598655
6326,336.25,18.75,18.75,0.0,1,0.9105938844451456
6327,338.75,18.75,18.75,0.0,1,0.9438167685539572
6328,341.25,18.75,18.75,0.0,1,0.9763050789514452
6329,343.75,18.75,18.75,0.0,1,1.1548894992148522
6330,346.25,18.75,18.75,1.0,0,1.4773335494589728
6331,348.75,18.75,18.75,1.0,0,1.6158437458183168
6332,351.25,18.75,18.75,1.0,0,1.7351960726396725
6333,353.75,18.75,18.75,1.0,0,1.798545149450621
6334,356.25,18.75,18.75,1.0,0,1.8176654547419135
6335,358.75,18.75,18.75,1.0,0,1.7697128263362154
6336,1.25,21.25,21.25,1.0,0,1.88941742017997
6337,3.75,21.25,21.25,1.0,0,1.9030816177341374
6338,6.25,21.25,21.25,1.0,0,1.879925105956333
6339,8.75,21.25,21.25,1.0,0,1.8862676457979375
6340,11.25,21.25,21.25,1.0,0,1.8794644843241688
6341,13.75,21.25,21.25,1.0,0,1.8771420400842482
6342,16.25,21.25,21.25,1.0,0,1.8363002568798001
6343,18.75,21.25,21.25,1.0,0,1.849317217644217
6344,21.25,21.25,21.25,1.0,0,1.8648949758623816
6345,23.75,21.25,21.25,1.0,0,1.863476178170644
6346,26.25,21.25,21.25,1.0,0,1.8646645559935369
6347,28.75,21.25,21.25,1.0,0,1.843543111971356
6348,31.25,21.25,21.25,1.0,0,1.7974844201061262
6349,33.75,21.25,21.25,1.0,0,1.8048707092095302
6350,36.25,21.25,21.25,0.0,0,1.569006512465216
6351,38.75,21.25,21.25,0.0,3,1.3846919988535478
6352,41.25,21.25,21.25,1.0,0,1.676100300443709
6353,43.75,21.25,21.25,1.0,0,1.8477271281354004
6354,46.25,21.25,21.25,1.0,0,1.9751770555645352
6355,48.75,21.25,21.25,1.0,0,2.0192378488321068
6356,51.25,21.25,21.25,1.0,0,2.019989786456937
6357,53.75,21.25,21.25,1.0,0,1.9396295492504316
6358,56.25,21.25,21.25,1.0,0,1.7659298981851042
6359,58.75,21.25,21.25,0.0,3,1.2036165968424974
6360,61.25,21.25,21.25,0.0,3,1.0444581248905358
6361,63.75,21.25,21.25,0.0,3,1.0444320258071098
6362,66.25,21.25,21.25,0.0,3,1.0515727226621685
6363,68.75,21.25,21.25,0.0,3,1.047099909016365
6364,71.25,21.25,21.25,1.0,0,0.8032294037854689
6365,73.75,21.25,21.25,1.0,0,0.5383961217272897
6366,76.25,21.25,21.25,1.0,0,0.6938952786445907
6367,78.75,21.25,21.25,1.0,0,0.2826421631217654
6368,81.25,21.25,21.25,1.0,0,0.19000077609212981
6369,83.75,21.25,21.25,1.0,0,0.30782911235619276
6370,86.25,21.25,21.25,1.0,0,0.44666601918444226
6371,88.75,21.25,21.25,0.0,3,0.7947145220218242
6372,91.25,21.25,21.25,0.0,3,0.8540426539428265
6373,93.75,21.25,21.25,1.0,0,0.9574918646806625
6374,96.25,21.25,21.25,1.0,0,0.8666714118340337
6375,98.75,21.25,21.25,1.0,0,0.8761900994959472
6376,101.25,21.25,21.25,1.0,0,0.8603335195141764
6377,103.75,21.25,21.25,1.0,0,1.2626434276889857
6378,106.25,21.25,21.25,1.0,0,1.153780779695943
6379,108.75,21.25,21.25,0.0,3,0.9266813470529404
6380,111.25,21.25,21.25,0.0,3,0.9911989457279151
6381,113.75,21.25,21.25,0.0,3,1.0257045009719377
6382,116.25,21.25,21.25,0.0,3,0.9842284567854089
6383,118.75,21.25,21.25,0.0,3,0.9446041971131505
6384,121.25,21.25,21.25,0.0,2,0.927965808655168
6385,123.75,21.25,21.25,0.0,2,0.9668807707424506
6386,126.25,21.25,21.25,0.0,2,1.0047992652453162
6387,128.75,21.25,21.25,0.0,2,1.0227865155327256
6388,131.25,21.25,21.25,0.0,2,1.0315411610826335
6389,133.75,21.25,21.25,0.0,2,1.0326837417428707
6390,136.25,21.25,21.25,0.0,2,1.0274578745672673
6391,138.75,21.25,21.25,0.0,2,1.0218090602747574
6392,141.25,21.25,21.25,0.0,2,1.0196492527368488
6393,143.75,21.25,21.25,0.0,2,1.0219143778910282
6394,146.25,21.25,21.25,0.0,2,1.0257766625181672
6395,148.75,21.25,21.25,0.0,2,1.0311015086812083
6396,151.25,21.25,21.25,0.0,2,1.035694612165476
6397,153.75,21.25,21.25,0.0,2,1.0380252260593417
6398,156.25,21.25,21.25,0.0,2,1.0390699306999127
6399,158.75,21.25,21.25,0.0,2,1.0390880445686212
6400,161.25,21.25,21.25,0.0,2,1.038997685632771
6401,163.75,21.25,21.25,0.0,2,1.0389143108294547
6402,166.25,21.25,21.25,0.0,2,1.038459059684797
6403,168.75,21.25,21.25,0.0,2,1.0369846182291191
6404,171.25,21.25,21.25,0.0,2,1.0348681107840658
6405,173.75,21.25,21.25,0.0,2,1.0323013457965844
6406,176.25,21.25,21.25,0.0,2,1.0289547612242105
6407,178.75,21.25,21.25,0.0,2,1.026854407855199
6408,181.25,21.25,21.25,0.0,2,1.0237507128362981
6409,183.75,21.25,21.25,0.0,2,1.0204558526709144
6410,186.25,21.25,21.25,0.0,2,1.0173012655523601
6411,188.75,21.25,21.25,0.0,2,1.0125170812082809
6412,191.25,21.25,21.25,0.0,2,1.0042220036534415
6413,193.75,21.25,21.25,0.0,2,0.9948141746166076
6414,196.25,21.25,21.25,0.0,2,0.9846957786569123
6415,198.75,21.25,21.25,0.0,2,0.9724931940441848
6416,201.25,21.25,21.25,0.0,2,0.958617492019291
6417,203.75,21.25,21.25,0.0,2,0.9413528647247834
6418,206.25,21.25,21.25,0.0,2,0.9285643161030247
6419,208.75,21.25,21.25,0.0,2,0.9178672572217745
6420,211.25,21.25,21.25,0.0,2,0.9088572352781891
6421,213.75,21.25,21.25,0.0,2,0.9025776512369422
6422,216.25,21.25,21.25,0.0,2,0.9015295501015703
6423,218.75,21.25,21.25,0.0,2,0.9047640290253133
6424,221.25,21.25,21.25,0.0,2,0.9134239840918642
6425,223.75,21.25,21.25,0.0,2,0.9258743493970392
6426,226.25,21.25,21.25,0.0,2,0.9430943266417011
6427,228.75,21.25,21.25,0.0,2,0.966767097259684
6428,231.25,21.25,21.25,0.0,2,0.9960481172966001
6429,233.75,21.25,21.25,0.0,2,1.0306689164906426
6430,236.25,21.25,21.25,0.0,2,1.0670562782359587
6431,238.75,21.25,21.25,0.0,2,1.103091555960631
6432,241.25,21.25,21.25,0.0,2,1.1325393138491835
6433,243.75,21.25,21.25,0.0,2,1.1504758702731692
6434,246.25,21.25,21.25,0.0,2,1.1459010828300806
6435,248.75,21.25,21.25,0.0,2,1.1007721544774924
6436,251.25,21.25,21.25,0.0,2,1.072109317424947
6437,253.75,21.25,21.25,0.0,2,1.0585529501003152
6438,256.25,21.25,21.25,1.0,0,1.1893849806167585
6439,258.75,21.25,21.25,1.0,0,1.031957248858027
6440,261.25,21.25,21.25,1.0,0,1.153731064533206
6441,263.75,21.25,21.25,0.0,2,1.2023179470829368
6442,266.25,21.25,21.25,0.0,2,1.1644665301919768
6443,268.75,21.25,21.25,0.0,2,1.1517344340777766
6444,271.25,21.25,21.25,0.0,2,1.1754821437254988
6445,273.75,21.25,21.25,0.0,2,1.0692910220495686
6446,276.25,21.25,21.25,0.0,2,1.0817487395865282
6447,278.75,21.25,21.25,0.0,2,1.0934700596550082
6448,281.25,21.25,21.25,0.0,1,1.123972115441785
6449,283.75,21.25,21.25,0.0,1,1.1062127340416472
6450,286.25,21.25,21.25,0.0,1,1.0711271454318023
6451,288.75,21.25,21.25,0.0,1,1.0746326323258397
6452,291.25,21.25,21.25,0.0,1,1.0721030790158275
6453,293.75,21.25,21.25,0.0,1,1.0734964675012466
6454,296.25,21.25,21.25,0.0,1,1.0702471912830678
6455,298.75,21.25,21.25,0.0,1,1.0663759459110176
6456,301.25,21.25,21.25,0.0,1,1.0591428740378217
6457,303.75,21.25,21.25,0.0,1,1.0501859442586328
6458,306.25,21.25,21.25,0.0,1,1.0398005119986802
6459,308.75,21.25,21.25,0.0,1,1.0270200751559928
6460,311.25,21.25,21.25,0.0,1,1.0126399013126428
6461,313.75,21.25,21.25,0.0,1,0.9960717768223748
6462,316.25,21.25,21.25,0.0,1,0.9762254604263577
6463,318.75,21.25,21.25,0.0,1,0.9547873090727895
6464,321.25,21.25,21.25,0.0,1,0.931368004453663
6465,323.75,21.25,21.25,0.0,1,0.9069952972430898
6466,326.25,21.25,21.25,0.0,1,0.8828665624829493
6467,328.75,21.25,21.25,0.0,1,0.8675880380992693
6468,331.25,21.25,21.25,0.0,1,0.861668868957386
6469,333.75,21.25,21.25,0.0,1,0.8659612191364453
6470,336.25,21.25,21.25,0.0,1,0.8806795385326083
6471,338.75,21.25,21.25,0.0,1,0.910186859971957
6472,341.25,21.25,21.25,0.0,1,0.9368259724085795
6473,343.75,21.25,21.25,1.0,0,1.1687013792911038
6474,346.25,21.25,21.25,1.0,0,1.6222025425619409
6475,348.75,21.25,21.25,1.0,0,1.7573728907801929
6476,351.25,21.25,21.25,1.0,0,1.821939116562185
6477,353.75,21.25,21.25,1.0,0,1.8678011422525445
6478,356.25,21.25,21.25,1.0,0,1.8908198688374032
6479,358.75,21.25,21.25,1.0,0,1.8967189864844702
6480,1.25,23.75,23.75,1.0,0,1.9415894846167416
6481,3.75,23.75,23.75,1.0,0,1.8987725806486582
6482,6.25,23.75,23.75,1.0,0,1.8505626925648277
6483,8.75,23.75,23.75,1.0,0,1.8391351025349743
6484,11.25,23.75,23.75,1.0,0,1.8252687282660638
6485,13.75,23.75,23.75,1.0,0,1.8379899914341857
6486,16.25,23.75,23.75,1.0,0,1.8064314841670372
6487,18.75,23.75,23.75,1.0,0,1.7651481016116666
6488,21.25,23.75,23.75,1.0,0,1.791208225882844
6489,23.75,23.75,23.75,1.0,0,1.8113231996398609
6490,26.25,23.75,23.75,1.0,0,1.814655257040855
6491,28.75,23.75,23.75,1.0,0,1.8322787842913513
6492,31.25,23.75,23.75,1.0,0,1.7894609496635658
6493,33.75,23.75,23.75,1.0,0,1.7577116542829865
6494,36.25,23.75,23.75,0.0,3,1.4295656350050805
6495,38.75,23.75,23.75,0.0,3,1.5940118328897654
6496,41.25,23.75,23.75,1.0,0,1.903248501952252
6497,43.75,23.75,23.75,1.0,0,1.9710811702476767
6498,46.25,23.75,23.75,1.0,0,1.9779302652420332
6499,48.75,23.75,23.75,1.0,0,1.9919715841623153
6500,51.25,23.75,23.75,1.0,0,1.9328636214997794
6501,53.75,23.75,23.75,0.0,3,1.7793129509469578
6502,56.25,23.75,23.75,1.0,0,1.758373659604381
6503,58.75,23.75,23.75,0.0,3,1.3723948894827345
6504,61.25,23.75,23.75,0.0,3,1.1511421860099447
6505,63.75,23.75,23.75,0.0,3,1.096541079833175
6506,66.25,23.75,23.75,0.0,3,1.0886160360142307
6507,68.75,23.75,23.75,0.0,0,1.1043082466615328
6508,71.25,23.75,23.75,1.0,0,1.0286231600059168
6509,73.75,23.75,23.75,1.0,0,0.8193509417441743
6510,76.25,23.75,23.75,1.0,0,0.14222656692605504
6511,78.75,23.75,23.75,1.0,0,0.3567193547971762
6512,81.25,23.75,23.75,1.0,0,0.44489004154093065
6513,83.75,23.75,23.75,1.0,0,0.4479347009090467
6514,86.25,23.75,23.75,1.0,0,0.32080832076714577
6515,88.75,23.75,23.75,1.0,0,0.29822185305495214
6516,91.25,23.75,23.75,1.0,0,0.5897991109933479
6517,93.75,23.75,23.75,1.0,0,0.9613845471993987
6518,96.25,23.75,23.75,1.0,0,1.1531347334654678
6519,98.75,23.75,23.75,1.0,0,0.8393184334454297
6520,101.25,23.75,23.75,1.0,0,0.8777716553355895
6521,103.75,23.75,23.75,1.0,0,0.7727066000439621
6522,106.25,23.75,23.75,1.0,0,0.8546582852470443
6523,108.75,23.75,23.75,1.0,0,0.8707573164754833
6524,111.25,23.75,23.75,1.0,0,0.8544015182576774
6525,113.75,23.75,23.75,1.0,0,1.0345664420536305
6526,116.25,23.75,23.75,0.0,0,1.0005600550163916
6527,118.75,23.75,23.75,0.0,3,1.0844757506191645
6528,121.25,23.75,23.75,0.0,2,0.9971934800080038
6529,123.75,23.75,23.75,0.0,2,1.0192292282474087
6530,126.25,23.75,23.75,0.0,2,1.032444437785116
6531,128.75,23.75,23.75,0.0,2,1.0804572409072777
6532,131.25,23.75,23.75,0.0,2,1.1107687665725237
6533,133.75,23.75,23.75,0.0,2,1.1195146319745402
6534,136.25,23.75,23.75,0.0,2,1.1194058481529852
6535,138.75,23.75,23.75,0.0,2,1.1175354466965608
6536,141.25,23.75,23.75,0.0,2,1.1172155944809838
6537,143.75,23.75,23.75,0.0,2,1.119076044723387
6538,146.25,23.75,23.75,0.0,2,1.1231662341610635
6539,148.75,23.75,23.75,0.0,2,1.1296944452409328
6540,151.25,23.75,23.75,0.0,2,1.134549489148049
6541,153.75,23.75,23.75,0.0,2,1.1362996143212045
6542,156.25,23.75,23.75,0.0,2,1.136506748419354
6543,158.75,23.75,23.75,0.0,2,1.1367264858329156
6544,161.25,23.75,23.75,0.0,2,1.1359514951997212
6545,163.75,23.75,23.75,0.0,2,1.1347722268257765
6546,166.25,23.75,23.75,0.0,2,1.132442595031466
6547,168.75,23.75,23.75,0.0,2,1.1282342141628887
6548,171.25,23.75,23.75,0.0,2,1.123138564140186
6549,173.75,23.75,23.75,0.0,2,1.1191030179753683
6550,176.25,23.75,23.75,0.0,2,1.1151410744519195
6551,178.75,23.75,23.75,0.0,2,1.1110956777898735
6552,181.25,23.75,23.75,0.0,2,1.1048973060091256
6553,183.75,23.75,23.75,0.0,2,1.0970311750650823
6554,186.25,23.75,23.75,0.0,2,1.0895696919761817
6555,188.75,23.75,23.75,0.0,2,1.0817717998359793
6556,191.25,23.75,23.75,0.0,2,1.0713399698607782
6557,193.75,23.75,23.75,0.0,2,1.0572069357738578
6558,196.25,23.75,23.75,0.0,2,1.0407321134819496
6559,198.75,23.75,23.75,0.0,2,1.0220114499496864
6560,201.25,23.75,23.75,0.0,2,1.0024044050004768
6561,203.75,23.75,23.75,0.0,2,0.9831784651916917
6562,206.25,23.75,23.75,0.0,2,0.965068773525682
6563,208.75,23.75,23.75,0.0,2,0.9484163733024512
6564,211.25,23.75,23.75,0.0,2,0.9343365619611267
6565,213.75,23.75,23.75,0.0,2,0.9232761008266819
6566,216.25,23.75,23.75,0.0,2,0.9162499789348397
6567,218.75,23.75,23.75,0.0,2,0.9121388981315132
6568,221.25,23.75,23.75,0.0,2,0.9114525465239857
6569,223.75,23.75,23.75,0.0,2,0.915907351800475
6570,226.25,23.75,23.75,0.0,2,0.9262210692308637
6571,228.75,23.75,23.75,0.0,2,0.9441304348347107
6572,231.25,23.75,23.75,0.0,2,0.9722259068721968
6573,233.75,23.75,23.75,0.0,2,1.0122069998380905
6574,236.25,23.75,23.75,0.0,2,1.0639975843852225
6575,238.75,23.75,23.75,0.0,2,1.1215198443550711
6576,241.25,23.75,23.75,0.0,2,1.1702509684108777
6577,243.75,23.75,23.75,0.0,2,1.211884340972338
6578,246.25,23.75,23.75,0.0,2,1.2153918174697038
6579,248.75,23.75,23.75,0.0,2,1.1955581994500641
6580,251.25,23.75,23.75,0.0,2,1.1571113713499033
6581,253.75,23.75,23.75,0.0,2,1.1553956638599696
6582,256.25,23.75,23.75,1.0,0,1.1622935764325661
6583,258.75,23.75,23.75,1.0,0,1.2289807831134154
6584,261.25,23.75,23.75,1.0,0,1.3508273165811526
6585,263.75,23.75,23.75,0.0,2,1.2579893968462026
6586,266.25,23.75,23.75,0.0,2,1.2062145370692832
6587,268.75,23.75,23.75,0.0,2,1.1774339269964684
6588,271.25,23.75,23.75,0.0,2,1.1373765624277978
6589,273.75,23.75,23.75,0.0,2,1.096832739434411
6590,276.25,23.75,23.75,0.0,2,1.1011643797620236
6591,278.75,23.75,23.75,0.0,2,1.1003434171593311
6592,281.25,23.75,23.75,0.0,1,1.0893636974810776
6593,283.75,23.75,23.75,0.0,1,1.0985662883458556
6594,286.25,23.75,23.75,0.0,1,1.102668603765566
6595,288.75,23.75,23.75,0.0,1,1.1098468899759837
6596,291.25,23.75,23.75,0.0,1,1.12179567077146
6597,293.75,23.75,23.75,0.0,1,1.1269199766896347
6598,296.25,23.75,23.75,0.0,1,1.125885842449019
6599,298.75,23.75,23.75,0.0,1,1.1220856871991196
6600,301.25,23.75,23.75,0.0,1,1.1149688374526803
6601,303.75,23.75,23.75,0.0,1,1.1060679290347326
6602,306.25,23.75,23.75,0.0,1,1.0960123572866263
6603,308.75,23.75,23.75,0.0,1,1.0839799023049128
6604,311.25,23.75,23.75,0.0,1,1.0697867027443142
6605,313.75,23.75,23.75,0.0,1,1.0537305603988694
6606,316.25,23.75,23.75,0.0,1,1.034505385605119
6607,318.75,23.75,23.75,0.0,1,1.0133932860646073
6608,321.25,23.75,23.75,0.0,1,0.9885014176452899
6609,323.75,23.75,23.75,0.0,1,0.9607872334947336
6610,326.25,23.75,23.75,0.0,1,0.9307973761312438
6611,328.75,23.75,23.75,0.0,1,0.9045869359505675
6612,331.25,23.75,23.75,0.0,1,0.885095200201663
6613,333.75,23.75,23.75,0.0,1,0.8752714780521422
6614,336.25,23.75,23.75,0.0,1,0.8770927065130365
6615,338.75,23.75,23.75,0.0,1,0.8915186124836842
6616,341.25,23.75,23.75,0.0,1,0.9134701473520634
6617,343.75,23.75,23.75,0.0,1,0.9822029341927154
6618,346.25,23.75,23.75,1.0,0,1.4780517424311006
6619,348.75,23.75,23.75,1.0,0,1.7357849904168314
6620,351.25,23.75,23.75,1.0,0,1.8302651703812174
6621,353.75,23.75,23.75,1.0,0,1.8772471076751485
6622,356.25,23.75,23.75,1.0,0,1.911751621655059
6623,358.75,23.75,23.75,1.0,0,1.9336207599908926
6624,1.25,26.25,26.25,1.0,0,1.9066478167829868
6625,3.75,26.25,26.25,1.0,0,1.885605677514859
6626,6.25,26.25,26.25,1.0,0,1.848246171176229
6627,8.75,26.25,26.25,1.0,0,1.824780336232092
6628,11.25,26.25,26.25,1.0,0,1.791911512111462
6629,13.75,26.25,26.25,1.0,0,1.7665192595487365
6630,16.25,26.25,26.25,1.0,0,1.7739243994716773
6631,18.75,26.25,26.25,1.0,0,1.7418421988341828
6632,21.25,26.25,26.25,1.0,0,1.7742240628134973
6633,23.75,26.25,26.25,1.0,0,1.7852292394569336
6634,26.25,26.25,26.25,1.0,0,1.796598995424813
6635,28.75,26.25,26.25,1.0,0,1.8127296460163957
6636,31.25,26.25,26.25,1.0,0,1.7773997088769027
6637,33.75,26.25,26.25,0.0,3,1.6530635195577332
6638,36.25,26.25,26.25,0.0,3,1.56030427089532
6639,38.75,26.25,26.25,1.0,0,1.8996153170476318
6640,41.25,26.25,26.25,1.0,0,2.0167453237947752
6641,43.75,26.25,26.25,1.0,0,1.998162585924285
6642,46.25,26.25,26.25,1.0,0,2.006342154994712
6643,48.75,26.25,26.25,1.0,0,1.9165966369935719
6644,51.25,26.25,26.25,0.0,3,1.6323480407964401
6645,53.75,26.25,26.25,0.0,3,1.5613900621297132
6646,56.25,26.25,26.25,0.0,3,1.496567365597641
6647,58.75,26.25,26.25,1.0,0,1.5835030086953454
6648,61.25,26.25,26.25,1.0,0,1.5394065717456566
6649,63.75,26.25,26.25,1.0,0,1.4343941085273877
6650,66.25,26.25,26.25,1.0,0,1.3485373024765572
6651,68.75,26.25,26.25,1.0,0,1.175113286604091
6652,71.25,26.25,26.25,1.0,0,1.2621374975392272
6653,73.75,26.25,26.25,1.0,0,1.0133828280020936
6654,76.25,26.25,26.25,1.0,0,0.6544890027556635
6655,78.75,26.25,26.25,1.0,0,0.5846348115211841
6656,81.25,26.25,26.25,1.0,0,0.26776679775265283
6657,83.75,26.25,26.25,1.0,0,0.29239187958810264
6658,86.25,26.25,26.25,1.0,0,0.2972008863694804
6659,88.75,26.25,26.25,1.0,0,0.7420339047684046
6660,91.25,26.25,26.25,1.0,0,1.1646926753000044
6661,93.75,26.25,26.25,1.0,0,1.072161995585163
6662,96.25,26.25,26.25,1.0,0,1.0744640822839606
6663,98.75,26.25,26.25,1.0,0,1.1395055840921167
6664,101.25,26.25,26.25,1.0,0,0.9907333643344717
6665,103.75,26.25,26.25,1.0,0,0.9164164718661303
6666,106.25,26.25,26.25,1.0,0,1.0301994198108342
6667,108.75,26.25,26.25,1.0,0,0.9915850485142857
6668,111.25,26.25,26.25,1.0,0,0.9942577394490795
6669,113.75,26.25,26.25,1.0,0,0.9495167256700818
6670,116.25,26.25,26.25,1.0,0,0.9670006865974394
6671,118.75,26.25,26.25,1.0,0,1.0467356829328582
6672,121.25,26.25,26.25,0.0,2,1.2234186867177588
6673,123.75,26.25,26.25,0.0,2,1.163279588103946
6674,126.25,26.25,26.25,0.0,2,1.1200021379103122
6675,128.75,26.25,26.25,0.0,2,1.1086253871968257
6676,131.25,26.25,26.25,0.0,2,1.1464079413960246
6677,133.75,26.25,26.25,0.0,2,1.1869405991732966
6678,136.25,26.25,26.25,0.0,2,1.1963549363795773
6679,138.75,26.25,26.25,0.0,2,1.200223941410906
6680,141.25,26.25,26.25,0.0,2,1.2031377229819973
6681,143.75,26.25,26.25,0.0,2,1.204723376370875
6682,146.25,26.25,26.25,0.0,2,1.2078111083088858
6683,148.75,26.25,26.25,0.0,2,1.2122562327630977
6684,151.25,26.25,26.25,0.0,2,1.2185247521572484
6685,153.75,26.25,26.25,0.0,2,1.2235170494076335
6686,156.25,26.25,26.25,0.0,2,1.2256318448015593
6687,158.75,26.25,26.25,0.0,2,1.2259978061237597
6688,161.25,26.25,26.25,0.0,2,1.2250735774401544
6689,163.75,26.25,26.25,0.0,2,1.2240952161475174
6690,166.25,26.25,26.25,0.0,2,1.2238483648788112
6691,168.75,26.25,26.25,0.0,2,1.222225053028641
6692,171.25,26.25,26.25,0.0,2,1.2184548008723932
6693,173.75,26.25,26.25,0.0,2,1.2142459262537517
6694,176.25,26.25,26.25,0.0,2,1.211918266544472
6695,178.75,26.25,26.25,0.0,2,1.209681769745483
6696,181.25,26.25,26.25,0.0,2,1.2033517666389877
6697,183.75,26.25,26.25,0.0,2,1.1947581926841355
6698,186.25,26.25,26.25,0.0,2,1.1849556682286995
6699,188.75,26.25,26.25,0.0,2,1.17420387254514
6700,191.25,26.25,26.25,0.0,2,1.1608891890877167
6701,193.75,26.25,26.25,0.0,2,1.1436339019893471
6702,196.25,26.25,26.25,0.0,2,1.124270808842074
6703,198.75,26.25,26.25,0.0,2,1.1007878631534398
6704,201.25,26.25,26.25,0.0,2,1.0750569984385037
6705,203.75,26.25,26.25,0.0,2,1.048856415378153
6706,206.25,26.25,26.25,0.0,2,1.0232784410508458
6707,208.75,26.25,26.25,0.0,2,0.9997321942605616
6708,211.25,26.25,26.25,0.0,2,0.9797288451109397
6709,213.75,26.25,26.25,0.0,2,0.9643933823824193
6710,216.25,26.25,26.25,0.0,2,0.9531600289783264
6711,218.75,26.25,26.25,0.0,2,0.9451301378637856
6712,221.25,26.25,26.25,0.0,2,0.9398619247515796
6713,223.75,26.25,26.25,0.0,2,0.9383836703787432
6714,226.25,26.25,26.25,0.0,2,0.9417093903734243
6715,228.75,26.25,26.25,0.0,2,0.9487159075945848
6716,231.25,26.25,26.25,0.0,2,0.9622085582281446
6717,233.75,26.25,26.25,0.0,2,0.9880962967960432
6718,236.25,26.25,26.25,0.0,2,1.0325395959963422
6719,238.75,26.25,26.25,0.0,2,1.0972197815321574
6720,241.25,26.25,26.25,0.0,2,1.1683634478941287
6721,243.75,26.25,26.25,0.0,2,1.2347055967764637
6722,246.25,26.25,26.25,0.0,2,1.2753327199860502
6723,248.75,26.25,26.25,0.0,2,1.2981572061969893
6724,251.25,26.25,26.25,0.0,2,1.2509262921835749
6725,253.75,26.25,26.25,1.0,0,1.4553010327817137
6726,256.25,26.25,26.25,1.0,0,1.481753260770627
6727,258.75,26.25,26.25,1.0,0,1.5264694671855932
6728,261.25,26.25,26.25,1.0,0,1.508750640287775
6729,263.75,26.25,26.25,0.0,2,1.303871021511109
6730,266.25,26.25,26.25,0.0,2,1.268843056649593
6731,268.75,26.25,26.25,0.0,2,1.251554900182132
6732,271.25,26.25,26.25,0.0,2,1.2362327375782236
6733,273.75,26.25,26.25,0.0,2,1.2158018058136077
6734,276.25,26.25,26.25,0.0,2,1.2070631984690792
6735,278.75,26.25,26.25,0.0,2,1.2065273427904126
6736,281.25,26.25,26.25,0.0,1,1.1313432208808865
6737,283.75,26.25,26.25,0.0,1,1.121315555287991
6738,286.25,26.25,26.25,0.0,1,1.1310335830971692
6739,288.75,26.25,26.25,0.0,1,1.146622333753174
6740,291.25,26.25,26.25,0.0,1,1.1603646999781345
6741,293.75,26.25,26.25,0.0,1,1.169223605799362
6742,296.25,26.25,26.25,0.0,1,1.172344686240043
6743,298.75,26.25,26.25,0.0,1,1.1706015331220014
6744,301.25,26.25,26.25,0.0,1,1.1652566172875691
6745,303.75,26.25,26.25,0.0,1,1.15617049540443
6746,306.25,26.25,26.25,0.0,1,1.1450618452413721
6747,308.75,26.25,26.25,0.0,1,1.1327509284138264
6748,311.25,26.25,26.25,0.0,1,1.1169557090192266
6749,313.75,26.25,26.25,0.0,1,1.0998432882537927
6750,316.25,26.25,26.25,0.0,1,1.081122696379985
6751,318.75,26.25,26.25,0.0,1,1.0612013177753268
6752,321.25,26.25,26.25,0.0,1,1.0376902296493722
6753,323.75,26.25,26.25,0.0,1,1.010374072484347
6754,326.25,26.25,26.25,0.0,1,0.9798266442193558
6755,328.75,26.25,26.25,0.0,1,0.9518210170012833
6756,331.25,26.25,26.25,0.0,1,0.9257805663455168
6757,333.75,26.25,26.25,0.0,1,0.9039120723983212
6758,336.25,26.25,26.25,0.0,1,0.8905203683636118
6759,338.75,26.25,26.25,0.0,1,0.8900367160911615
6760,341.25,26.25,26.25,0.0,1,0.9008185554849848
6761,343.75,26.25,26.25,0.0,1,0.9163586435405962
6762,346.25,26.25,26.25,0.0,1,1.0930136168360376
6763,348.75,26.25,26.25,1.0,0,1.5365144046537444
6764,351.25,26.25,26.25,1.0,0,1.7776335717500278
6765,353.75,26.25,26.25,1.0,0,1.8482356561523698
6766,356.25,26.25,26.25,1.0,0,1.8725720709529123
6767,358.75,26.25,26.25,1.0,0,1.9027817516287422
6768,1.25,28.75,28.75,1.0,0,1.8504078250005767
6769,3.75,28.75,28.75,1.0,0,1.8314507443356665
6770,6.25,28.75,28.75,1.0,0,1.8314902347221564
6771,8.75,28.75,28.75,1.0,0,1.8144962468822272
6772,11.25,28.75,28.75,1.0,0,1.7772848350278467
6773,13.75,28.75,28.75,1.0,0,1.74205348560241
6774,16.25,28.75,28.75,1.0,0,1.6968921640050214
6775,18.75,28.75,28.75,1.0,0,1.664056675087123
6776,21.25,28.75,28.75,1.0,0,1.710696632308762
6777,23.75,28.75,28.75,1.0,0,1.74174551237964
6778,26.25,28.75,28.75,1.0,0,1.793387117311585
6779,28.75,28.75,28.75,1.0,0,1.7804254670066413
6780,31.25,28.75,28.75,1.0,0,1.707382385457313
6781,33.75,28.75,28.75,1.0,0,1.752432350313402
6782,36.25,28.75,28.75,1.0,0,1.8226166867052531
6783,38.75,28.75,28.75,1.0,0,1.9855406402740086
6784,41.25,28.75,28.75,1.0,0,2.025798219870516
6785,43.75,28.75,28.75,1.0,0,2.0290169557803024
6786,46.25,28.75,28.75,1.0,0,2.005548235394789
6787,48.75,28.75,28.75,0.0,3,1.7097902513070518
6788,51.25,28.75,28.75,0.0,3,1.6856128051397816
6789,53.75,28.75,28.75,1.0,0,1.8104025678636286
6790,56.25,28.75,28.75,1.0,0,1.8210664902217082
6791,58.75,28.75,28.75,1.0,0,1.7052144905369933
6792,61.25,28.75,28.75,1.0,0,1.748167912321548
6793,63.75,28.75,28.75,1.0,0,1.7603261136086146
6794,66.25,28.75,28.75,1.0,0,1.5937128862667485
6795,68.75,28.75,28.75,1.0,0,1.2800025423405512
6796,71.25,28.75,28.75,1.0,0,1.2293757412796487
6797,73.75,28.75,28.75,1.0,0,1.1650264700271153
6798,76.25,28.75,28.75,1.0,0,0.8219224835180476
6799,78.75,28.75,28.75,1.0,0,0.40083094217476595
6800,81.25,28.75,28.75,1.0,0,0.7969250179554022
6801,83.75,28.75,28.75,1.0,0,1.5385082901231724
6802,86.25,28.75,28.75,1.0,0,2.193189442966231
6803,88.75,28.75,28.75,1.0,0,2.061604345754386
6804,91.25,28.75,28.75,1.0,0,1.8339219234517878
6805,93.75,28.75,28.75,1.0,0,1.4292991975243885
6806,96.25,28.75,28.75,1.0,0,1.4171962467396166
6807,98.75,28.75,28.75,1.0,0,1.5586278529494009
6808,101.25,28.75,28.75,1.0,0,1.298730386320466
6809,103.75,28.75,28.75,1.0,0,1.019887768371095
6810,106.25,28.75,28.75,1.0,0,0.590814139404942
6811,108.75,28.75,28.75,1.0,0,1.1974548582322868
6812,111.25,28.75,28.75,1.0,0,1.1714244766226132
6813,113.75,28.75,28.75,1.0,0,1.1933007194486882
6814,116.25,28.75,28.75,1.0,0,1.208275933782295
6815,118.75,28.75,28.75,1.0,0,1.070579221457896
6816,121.25,28.75,28.75,1.0,0,1.0529097141101686
6817,123.75,28.75,28.75,0.0,2,1.3561953636920685
6818,126.25,28.75,28.75,0.0,2,1.3208834726722123
6819,128.75,28.75,28.75,0.0,2,1.2706235242979382
6820,131.25,28.75,28.75,0.0,2,1.2176428858806736
6821,133.75,28.75,28.75,0.0,2,1.2309795200772766
6822,136.25,28.75,28.75,0.0,2,1.2506697727611078
6823,138.75,28.75,28.75,0.0,2,1.2625489107362247
6824,141.25,28.75,28.75,0.0,2,1.2721064422599346
6825,143.75,28.75,28.75,0.0,2,1.2760172804414196
6826,146.25,28.75,28.75,0.0,2,1.278020336646987
6827,148.75,28.75,28.75,0.0,2,1.2785687398888055
6828,151.25,28.75,28.75,0.0,2,1.2807209154529298
6829,153.75,28.75,28.75,0.0,2,1.2860034557538371
6830,156.25,28.75,28.75,0.0,2,1.2900322955935852
6831,158.75,28.75,28.75,0.0,2,1.2932316709872858
6832,161.25,28.75,28.75,0.0,2,1.29585171409646
6833,163.75,28.75,28.75,0.0,2,1.296680007153967
6834,166.25,28.75,28.75,0.0,2,1.2991462841888868
6835,168.75,28.75,28.75,0.0,2,1.3026592602503106
6836,171.25,28.75,28.75,0.0,2,1.30409063187669
6837,173.75,28.75,28.75,0.0,2,1.3013668544482226
6838,176.25,28.75,28.75,0.0,2,1.299185922231538
6839,178.75,28.75,28.75,0.0,2,1.2991292343554002
6840,181.25,28.75,28.75,0.0,2,1.2971013433261265
6841,183.75,28.75,28.75,0.0,2,1.2935370100702994
6842,186.25,28.75,28.75,0.0,2,1.2868971252941805
6843,188.75,28.75,28.75,0.0,2,1.2763393857468412
6844,191.25,28.75,28.75,0.0,2,1.2639561911799944
6845,193.75,28.75,28.75,0.0,2,1.2487652983182027
6846,196.25,28.75,28.75,0.0,2,1.2293865418759804
6847,198.75,28.75,28.75,0.0,2,1.204859663762586
6848,201.25,28.75,28.75,0.0,2,1.1772998638915155
6849,203.75,28.75,28.75,0.0,2,1.1465934262202226
6850,206.25,28.75,28.75,0.0,2,1.112581005015213
6851,208.75,28.75,28.75,0.0,2,1.0787952641399186
6852,211.25,28.75,28.75,0.0,2,1.0471703278813125
6853,213.75,28.75,28.75,0.0,2,1.0239842015647282
6854,216.25,28.75,28.75,0.0,2,1.0074928324456327
6855,218.75,28.75,28.75,0.0,2,0.9949163896398191
6856,221.25,28.75,28.75,0.0,2,0.984580257356196
6857,223.75,28.75,28.75,0.0,2,0.9773242833550221
6858,226.25,28.75,28.75,0.0,2,0.9734555768468162
6859,228.75,28.75,28.75,0.0,2,0.969991281481756
6860,231.25,28.75,28.75,0.0,2,0.9660750340951733
6861,233.75,28.75,28.75,0.0,2,0.9730397686790776
6862,236.25,28.75,28.75,0.0,2,1.001072889969272
6863,238.75,28.75,28.75,0.0,2,1.054446943531755
6864,241.25,28.75,28.75,0.0,2,1.1422853216080664
6865,243.75,28.75,28.75,0.0,2,1.2370929662283698
6866,246.25,28.75,28.75,0.0,0,1.4651506197880066
6867,248.75,28.75,28.75,0.0,0,1.528351318208085
6868,251.25,28.75,28.75,1.0,0,1.5360886257250972
6869,253.75,28.75,28.75,1.0,0,1.5780073731304032
6870,256.25,28.75,28.75,1.0,0,1.6427375623569747
6871,258.75,28.75,28.75,1.0,0,1.701178986005006
6872,261.25,28.75,28.75,1.0,0,1.6214985886496334
6873,263.75,28.75,28.75,0.0,2,1.4401653823079115
6874,266.25,28.75,28.75,0.0,2,1.4133963851227553
6875,268.75,28.75,28.75,0.0,2,1.3834371212808414
6876,271.25,28.75,28.75,0.0,2,1.3729727309787134
6877,273.75,28.75,28.75,0.0,2,1.3821790431523038
6878,276.25,28.75,28.75,0.0,2,1.374770919825213
6879,278.75,28.75,28.75,0.0,2,1.227855380369078
6880,281.25,28.75,28.75,0.0,1,1.1814811684134467
6881,283.75,28.75,28.75,0.0,1,1.1497344267953284
6882,286.25,28.75,28.75,0.0,1,1.166228905641104
6883,288.75,28.75,28.75,0.0,1,1.166520122099204
6884,291.25,28.75,28.75,0.0,1,1.1789187179388179
6885,293.75,28.75,28.75,0.0,1,1.1945228065383868
6886,296.25,28.75,28.75,0.0,1,1.2065501497768194
6887,298.75,28.75,28.75,0.0,1,1.2117481124227685
6888,301.25,28.75,28.75,0.0,1,1.2117223984329561
6889,303.75,28.75,28.75,0.0,1,1.206237452188209
6890,306.25,28.75,28.75,0.0,1,1.1944933846606203
6891,308.75,28.75,28.75,0.0,1,1.1804826028379456
6892,311.25,28.75,28.75,0.0,1,1.1650962597379
6893,313.75,28.75,28.75,0.0,1,1.1466561088479443
6894,316.25,28.75,28.75,0.0,1,1.12625952367235
6895,318.75,28.75,28.75,0.0,1,1.1038244966950075
6896,321.25,28.75,28.75,0.0,1,1.077335416140358
6897,323.75,28.75,28.75,0.0,1,1.0487934188450576
6898,326.25,28.75,28.75,0.0,1,1.0154245580989547
6899,328.75,28.75,28.75,0.0,1,0.9840360624292429
6900,331.25,28.75,28.75,0.0,1,0.9550905978832667
6901,333.75,28.75,28.75,0.0,1,0.9308185938289758
6902,336.25,28.75,28.75,0.0,1,0.9112435394589136
6903,338.75,28.75,28.75,0.0,1,0.9009292006662397
6904,341.25,28.75,28.75,0.0,1,0.9044427859050633
6905,343.75,28.75,28.75,0.0,1,0.9096677799599949
6906,346.25,28.75,28.75,0.0,1,0.9208957034298939
6907,348.75,28.75,28.75,0.0,1,1.0216461936450432
6908,351.25,28.75,28.75,1.0,0,1.7514680446220805
6909,353.75,28.75,28.75,1.0,0,1.8462864564813974
6910,356.25,28.75,28.75,1.0,0,1.8496554443400892
6911,358.75,28.75,28.75,1.0,0,1.8607656420246441
6912,1.25,31.25,31.25,1.0,0,1.7795609843382072
6913,3.75,31.25,31.25,1.0,0,1.7698481168103573
6914,6.25,31.25,31.25,1.0,0,1.7727687996513506
6915,8.75,31.25,31.25,1.0,0,1.7373481323197024
6916,11.25,31.25,31.25,1.0,0,1.6854483751092468
6917,13.75,31.25,31.25,1.0,0,1.6474087084581885
6918,16.25,31.25,31.25,0.0,1,1.527646021002185
6919,18.75,31.25,31.25,0.0,1,1.4626655454019803
6920,21.25,31.25,31.25,1.0,0,1.6312687847075265
6921,23.75,31.25,31.25,1.0,0,1.6611433226337797
6922,26.25,31.25,31.25,0.0,1,1.5712088319068016
6923,28.75,31.25,31.25,0.0,1,1.5206274036062417
6924,31.25,31.25,31.25,0.0,2,1.490665781040733
6925,33.75,31.25,31.25,0.0,2,1.5648156158678481
6926,36.25,31.25,31.25,1.0,0,1.7356430198950674
6927,38.75,31.25,31.25,1.0,0,1.8780412283728052
6928,41.25,31.25,31.25,1.0,0,1.927911456297365
6929,43.75,31.25,31.25,1.0,0,1.9774278556795026
6930,46.25,31.25,31.25,1.0,0,1.9655311954007457
6931,48.75,31.25,31.25,1.0,0,1.8250276389060225
6932,51.25,31.25,31.25,1.0,0,1.8635644113333023
6933,53.75,31.25,31.25,1.0,0,1.8467071735751033
6934,56.25,31.25,31.25,1.0,0,1.7688455843205462
6935,58.75,31.25,31.25,1.0,0,1.7331818172292672
6936,61.25,31.25,31.25,1.0,0,1.75497104634909
6937,63.75,31.25,31.25,1.0,0,1.746729338766113
6938,66.25,31.25,31.25,1.0,0,1.6773825950295067
6939,68.75,31.25,31.25,1.0,0,1.4987844808693296
6940,71.25,31.25,31.25,1.0,0,1.1072508301184059
6941,73.75,31.25,31.25,1.0,0,0.961615866009603
6942,76.25,31.25,31.25,1.0,0,0.9652478348298258
6943,78.75,31.25,31.25,1.0,0,1.7412892271985059
6944,81.25,31.25,31.25,1.0,0,2.3020706936342386
6945,83.75,31.25,31.25,1.0,0,2.475596569354433
6946,86.25,31.25,31.25,1.0,0,2.459035776722857
6947,88.75,31.25,31.25,1.0,0,2.214409078955457
6948,91.25,31.25,31.25,1.0,0,1.979775622870956
6949,93.75,31.25,31.25,1.0,0,2.1986722906287754
6950,96.25,31.25,31.25,1.0,0,2.1881249436316828
6951,98.75,31.25,31.25,1.0,0,2.0332483035368036
6952,101.25,31.25,31.25,1.0,0,1.7481749761462204
6953,103.75,31.25,31.25,1.0,0,1.3165850407680382
6954,106.25,31.25,31.25,1.0,0,0.9652162631583762
6955,108.75,31.25,31.25,1.0,0,1.1992697175953955
6956,111.25,31.25,31.25,1.0,0,1.1535443304688087
6957,113.75,31.25,31.25,1.0,0,0.9834580882563243
6958,116.25,31.25,31.25,1.0,0,1.1698922312783462
6959,118.75,31.25,31.25,1.0,0,1.356389810094102
6960,121.25,31.25,31.25,1.0,0,1.504993878767652
6961,123.75,31.25,31.25,0.0,2,1.5601318034444558
6962,126.25,31.25,31.25,0.0,2,1.5217546559284199
6963,128.75,31.25,31.25,0.0,2,1.4864221200753744
6964,131.25,31.25,31.25,0.0,2,1.4393891103803265
6965,133.75,31.25,31.25,0.0,2,1.3688083590090003
6966,136.25,31.25,31.25,0.0,2,1.3430064044003012
6967,138.75,31.25,31.25,0.0,2,1.3313289523185305
6968,141.25,31.25,31.25,0.0,2,1.324609567937574
6969,143.75,31.25,31.25,0.0,2,1.3209773546269066
6970,146.25,31.25,31.25,0.0,2,1.3199285337231492
6971,148.75,31.25,31.25,0.0,2,1.3180540302438792
6972,151.25,31.25,31.25,0.0,2,1.3165750269771441
6973,153.75,31.25,31.25,0.0,2,1.3209462518789727
6974,156.25,31.25,31.25,0.0,2,1.3276224704695716
6975,158.75,31.25,31.25,0.0,2,1.3337393642328894
6976,161.25,31.25,31.25,0.0,2,1.3407386125148018
6977,163.75,31.25,31.25,0.0,2,1.3478527861796759
6978,166.25,31.25,31.25,0.0,2,1.354201612820672
6979,168.75,31.25,31.25,0.0,2,1.3600680421793003
6980,171.25,31.25,31.25,0.0,2,1.3636152223323408
6981,173.75,31.25,31.25,0.0,2,1.3659138889054416
6982,176.25,31.25,31.25,0.0,2,1.3674450113992063
6983,178.75,31.25,31.25,0.0,2,1.3680569141132333
6984,181.25,31.25,31.25,0.0,2,1.3672940806967693
6985,183.75,31.25,31.25,0.0,2,1.3634314614083043
6986,186.25,31.25,31.25,0.0,2,1.3575310102074933
6987,188.75,31.25,31.25,0.0,2,1.3520017778743971
6988,191.25,31.25,31.25,0.0,2,1.3449559826358308
6989,193.75,31.25,31.25,0.0,2,1.3341974619401218
6990,196.25,31.25,31.25,0.0,2,1.3172856799196968
6991,198.75,31.25,31.25,0.0,2,1.2956639038253803
6992,201.25,31.25,31.25,0.0,2,1.2692194634060818
6993,203.75,31.25,31.25,0.0,2,1.2398266205255537
6994,206.25,31.25,31.25,0.0,2,1.2042862919991195
6995,208.75,31.25,31.25,0.0,2,1.1644615199849766
6996,211.25,31.25,31.25,0.0,2,1.1248705119542217
6997,213.75,31.25,31.25,0.0,2,1.0903707883293408
6998,216.25,31.25,31.25,0.0,2,1.0628747040074265
6999,218.75,31.25,31.25,0.0,2,1.0391111024401964
7000,221.25,31.25,31.25,0.0,2,1.0214762472038592
7001,223.75,31.25,31.25,0.0,2,1.0080289741669735
7002,226.25,31.25,31.25,0.0,2,0.9963259067433161
7003,228.75,31.25,31.25,0.0,2,0.9824934170719929
7004,231.25,31.25,31.25,0.0,2,0.9658500647015319
7005,233.75,31.25,31.25,0.0,2,0.9582262065566396
7006,236.25,31.25,31.25,0.0,2,0.979524858355437
7007,238.75,31.25,31.25,0.0,2,1.0365265728887116
7008,241.25,31.25,31.25,0.0,2,1.1471628383776342
7009,243.75,31.25,31.25,0.0,2,1.4163068747446166
7010,246.25,31.25,31.25,1.0,0,1.7042616839304838
7011,248.75,31.25,31.25,1.0,0,1.7213744666960054
7012,251.25,31.25,31.25,1.0,0,1.711408708022108
7013,253.75,31.25,31.25,1.0,0,1.733653489483133
7014,256.25,31.25,31.25,1.0,0,1.7875424359554395
7015,258.75,31.25,31.25,1.0,0,1.7943572318375198
7016,261.25,31.25,31.25,1.0,0,1.7156992195185303
7017,263.75,31.25,31.25,1.0,0,1.6139112469582375
7018,266.25,31.25,31.25,1.0,0,1.6661952791138928
7019,268.75,31.25,31.25,1.0,0,1.5968495547569799
7020,271.25,31.25,31.25,1.0,0,1.5417842709883536
7021,273.75,31.25,31.25,1.0,0,1.5472890245598876
7022,276.25,31.25,31.25,1.0,0,1.6106169263269454
7023,278.75,31.25,31.25,0.0,2,1.4361937522794788
7024,281.25,31.25,31.25,0.0,1,1.2797411661305527
7025,283.75,31.25,31.25,0.0,1,1.1964691923055195
7026,286.25,31.25,31.25,0.0,1,1.1874310361195335
7027,288.75,31.25,31.25,0.0,1,1.2243886287475527
7028,291.25,31.25,31.25,0.0,1,1.2311333408021823
7029,293.75,31.25,31.25,0.0,1,1.238495902281452
7030,296.25,31.25,31.25,0.0,1,1.2440796728850831
7031,298.75,31.25,31.25,0.0,1,1.246624247761389
7032,301.25,31.25,31.25,0.0,1,1.248228491814984
7033,303.75,31.25,31.25,0.0,1,1.2461935999543676
7034,306.25,31.25,31.25,0.0,1,1.2371663702573492
7035,308.75,31.25,31.25,0.0,1,1.222791685727704
7036,311.25,31.25,31.25,0.0,1,1.206241696144218
7037,313.75,31.25,31.25,0.0,1,1.187886246853883
7038,316.25,31.25,31.25,0.0,1,1.1669577108744076
7039,318.75,31.25,31.25,0.0,1,1.1430699958444432
7040,321.25,31.25,31.25,0.0,1,1.1132884500668179
7041,323.75,31.25,31.25,0.0,1,1.0799658834173642
7042,326.25,31.25,31.25,0.0,1,1.0441607774706962
7043,328.75,31.25,31.25,0.0,1,1.0083364718834316
7044,331.25,31.25,31.25,0.0,1,0.9716580698034263
7045,333.75,31.25,31.25,0.0,1,0.9385466591797975
7046,336.25,31.25,31.25,0.0,1,0.9160424050252528
7047,338.75,31.25,31.25,0.0,1,0.9042791484029707
7048,341.25,31.25,31.25,0.0,1,0.9025665021285285
7049,343.75,31.25,31.25,0.0,1,0.9091552382236928
7050,346.25,31.25,31.25,0.0,1,0.9257834406364469
7051,348.75,31.25,31.25,0.0,1,0.980925818467853
7052,351.25,31.25,31.25,1.0,0,1.4978929446790963
7053,353.75,31.25,31.25,1.0,0,1.779598885100167
7054,356.25,31.25,31.25,1.0,0,1.8056152799995204
7055,358.75,31.25,31.25,1.0,0,1.8040764161366412
7056,1.25,33.75,33.75,1.0,0,1.8056246303654004
7057,3.75,33.75,33.75,1.0,0,1.7685481324760532
7058,6.25,33.75,33.75,1.0,0,1.6644024336579513
7059,8.75,33.75,33.75,1.0,0,1.6745091951824678
7060,11.25,33.75,33.75,0.0,1,1.5093404293988568
7061,13.75,33.75,33.75,0.0,1,1.4582280620031258
7062,16.25,33.75,33.75,0.0,1,1.4719723131112097
7063,18.75,33.75,33.75,0.0,1,1.4806170658666784
7064,21.25,33.75,33.75,0.0,1,1.489283469252954
7065,23.75,33.75,33.75,0.0,1,1.4990737393080773
7066,26.25,33.75,33.75,0.0,1,1.5163537478717033
7067,28.75,33.75,33.75,0.0,1,1.4811715501484637
7068,31.25,33.75,33.75,0.0,2,1.447538940980758
7069,33.75,33.75,33.75,0.0,2,1.461819244297588
7070,36.25,33.75,33.75,0.0,2,1.6692264686690224
7071,38.75,33.75,33.75,1.0,0,1.8215657288241187
7072,41.25,33.75,33.75,1.0,0,1.8492684858572883
7073,43.75,33.75,33.75,1.0,0,1.9338247023864004
7074,46.25,33.75,33.75,1.0,0,1.8361890001029773
7075,48.75,33.75,33.75,1.0,0,1.8159969154365854
7076,51.25,33.75,33.75,1.0,0,1.812217690081849
7077,53.75,33.75,33.75,1.0,0,1.7820165469039613
7078,56.25,33.75,33.75,1.0,0,1.7871138889204115
7079,58.75,33.75,33.75,1.0,0,1.7617032483490815
7080,61.25,33.75,33.75,1.0,0,1.7794648223713667
7081,63.75,33.75,33.75,1.0,0,1.8952619898972614
7082,66.25,33.75,33.75,1.0,0,2.1449808606070246
7083,68.75,33.75,33.75,1.0,0,1.911546201703772
7084,71.25,33.75,33.75,1.0,0,1.1883940085123825
7085,73.75,33.75,33.75,1.0,0,0.9942219277309968
7086,76.25,33.75,33.75,1.0,0,1.820002215611197
7087,78.75,33.75,33.75,1.0,0,2.4706465863760454
7088,81.25,33.75,33.75,1.0,0,2.5938734712612153
7089,83.75,33.75,33.75,1.0,0,2.6605914836849576
7090,86.25,33.75,33.75,1.0,0,2.670698551678969
7091,88.75,33.75,33.75,1.0,0,2.5061508679501747
7092,91.25,33.75,33.75,1.0,0,2.302507446756975
7093,93.75,33.75,33.75,1.0,0,2.190359445473776
7094,96.25,33.75,33.75,1.0,0,2.4415553132153165
7095,98.75,33.75,33.75,1.0,0,2.6329574627926458
7096,101.25,33.75,33.75,1.0,0,2.444197856330903
7097,103.75,33.75,33.75,1.0,0,1.6118351504433601
7098,106.25,33.75,33.75,1.0,0,1.3313157801285689
7099,108.75,33.75,33.75,1.0,0,1.3003886684729307
7100,111.25,33.75,33.75,1.0,0,1.3213790079677548
7101,113.75,33.75,33.75,1.0,0,1.278948102562904
7102,116.25,33.75,33.75,1.0,0,1.374388385895448
7103,118.75,33.75,33.75,1.0,0,1.49689512128035
7104,121.25,33.75,33.75,0.0,2,1.6655684570146998
7105,123.75,33.75,33.75,0.0,2,1.734843305687434
7106,126.25,33.75,33.75,0.0,2,1.7187376529982696
7107,128.75,33.75,33.75,0.0,2,1.709192831135721
7108,131.25,33.75,33.75,0.0,2,1.7093318497029861
7109,133.75,33.75,33.75,0.0,2,1.6405673189902936
7110,136.25,33.75,33.75,0.0,2,1.5725719952385893
7111,138.75,33.75,33.75,0.0,2,1.4845578810437865
7112,141.25,33.75,33.75,0.0,2,1.434222234508947
7113,143.75,33.75,33.75,0.0,2,1.4036774330754633
7114,146.25,33.75,33.75,0.0,2,1.3878184044544668
7115,148.75,33.75,33.75,0.0,2,1.3804925746458632
7116,151.25,33.75,33.75,0.0,2,1.3767831989590946
7117,153.75,33.75,33.75,0.0,2,1.3784836986701827
7118,156.25,33.75,33.75,0.0,2,1.3864154797802186
7119,158.75,33.75,33.75,0.0,2,1.3961887000421598
7120,161.25,33.75,33.75,0.0,2,1.405942657159677
7121,163.75,33.75,33.75,0.0,2,1.414703602929818
7122,166.25,33.75,33.75,0.0,2,1.4210232550181312
7123,168.75,33.75,33.75,0.0,2,1.4259146631280797
7124,171.25,33.75,33.75,0.0,2,1.4292214433682893
7125,173.75,33.75,33.75,0.0,2,1.4311342245082204
7126,176.25,33.75,33.75,0.0,2,1.4325523170615029
7127,178.75,33.75,33.75,0.0,2,1.4322954482268648
7128,181.25,33.75,33.75,0.0,2,1.4300664687535192
7129,183.75,33.75,33.75,0.0,2,1.4236104987911118
7130,186.25,33.75,33.75,0.0,2,1.4145340015481014
7131,188.75,33.75,33.75,0.0,2,1.4091427298462034
7132,191.25,33.75,33.75,0.0,2,1.4025212308351749
7133,193.75,33.75,33.75,0.0,2,1.3923148822877436
7134,196.25,33.75,33.75,0.0,2,1.377599922227168
7135,198.75,33.75,33.75,0.0,2,1.3575951485199949
7136,201.25,33.75,33.75,0.0,2,1.3315254997746806
7137,203.75,33.75,33.75,0.0,2,1.300529983455592
7138,206.25,33.75,33.75,0.0,2,1.265084369621082
7139,208.75,33.75,33.75,0.0,2,1.2254531530072734
7140,211.25,33.75,33.75,0.0,2,1.185762237022111
7141,213.75,33.75,33.75,0.0,2,1.1459232348147719
7142,216.25,33.75,33.75,0.0,2,1.109424599231099
7143,218.75,33.75,33.75,0.0,2,1.0770636735164931
7144,221.25,33.75,33.75,0.0,2,1.048893658962031
7145,223.75,33.75,33.75,0.0,2,1.0271623936255854
7146,226.25,33.75,33.75,0.0,2,1.0096431186798875
7147,228.75,33.75,33.75,0.0,2,0.9892978838875105
7148,231.25,33.75,33.75,0.0,2,0.9636353939313221
7149,233.75,33.75,33.75,0.0,2,0.9478704400469259
7150,236.25,33.75,33.75,0.0,2,0.9741314492462696
7151,238.75,33.75,33.75,0.0,2,1.0775428826160165
7152,241.25,33.75,33.75,0.0,2,1.3472114609027264
7153,243.75,33.75,33.75,1.0,0,1.6614998357616748
7154,246.25,33.75,33.75,1.0,0,1.7266133128632075
7155,248.75,33.75,33.75,1.0,0,1.7782434283158441
7156,251.25,33.75,33.75,1.0,0,1.7319707399210682
7157,253.75,33.75,33.75,1.0,0,1.3891033584499022
7158,256.25,33.75,33.75,1.0,0,1.799554946123953
7159,258.75,33.75,33.75,1.0,0,1.8644051139704758
7160,261.25,33.75,33.75,1.0,0,1.859996225636665
7161,263.75,33.75,33.75,1.0,0,1.8750398935882406
7162,266.25,33.75,33.75,1.0,0,1.9049610253299112
7163,268.75,33.75,33.75,1.0,0,1.90248768146103
7164,271.25,33.75,33.75,1.0,0,1.8091604197139188
7165,273.75,33.75,33.75,1.0,0,1.7084291784834738
7166,276.25,33.75,33.75,1.0,0,1.702230577406453
7167,278.75,33.75,33.75,1.0,0,1.7847922607860869
7168,281.25,33.75,33.75,0.0,1,1.5861192448924895
7169,283.75,33.75,33.75,0.0,1,1.3862447667790614
7170,286.25,33.75,33.75,0.0,1,1.3010255616736583
7171,288.75,33.75,33.75,0.0,1,1.3481802600783646
7172,291.25,33.75,33.75,0.0,1,1.3374697860347733
7173,293.75,33.75,33.75,0.0,1,1.3241772649064332
7174,296.25,33.75,33.75,0.0,1,1.3145155198223866
7175,298.75,33.75,33.75,0.0,1,1.3071976803066543
7176,301.25,33.75,33.75,0.0,1,1.2986433463770592
7177,303.75,33.75,33.75,0.0,1,1.2879742151055544
7178,306.25,33.75,33.75,0.0,1,1.2770870582432383
7179,308.75,33.75,33.75,0.0,1,1.2605609745030422
7180,311.25,33.75,33.75,0.0,1,1.2401734255595673
7181,313.75,33.75,33.75,0.0,1,1.215794780921477
7182,316.25,33.75,33.75,0.0,1,1.1885810363978977
7183,318.75,33.75,33.75,0.0,1,1.1617921610738804
7184,321.25,33.75,33.75,0.0,1,1.1320990596592124
7185,323.75,33.75,33.75,0.0,1,1.1001256550684653
7186,326.25,33.75,33.75,0.0,1,1.0636188792653587
7187,328.75,33.75,33.75,0.0,1,1.0268010703808563
7188,331.25,33.75,33.75,0.0,1,0.9849404546068105
7189,333.75,33.75,33.75,0.0,1,0.9407775910300845
7190,336.25,33.75,33.75,0.0,1,0.9092430020732407
7191,338.75,33.75,33.75,0.0,1,0.8932104895638102
7192,341.25,33.75,33.75,0.0,1,0.8883067897599969
7193,343.75,33.75,33.75,0.0,1,0.8968038040396158
7194,346.25,33.75,33.75,0.0,1,0.9212997783533219
7195,348.75,33.75,33.75,0.0,1,0.9621088858438138
7196,351.25,33.75,33.75,0.0,1,1.0834871682984286
7197,353.75,33.75,33.75,1.0,0,1.5602403229734385
7198,356.25,33.75,33.75,1.0,0,1.799812658416383
7199,358.75,33.75,33.75,1.0,0,1.7855464332973183
7200,1.25,36.25,36.25,0.0,1,1.5347995351538501
7201,3.75,36.25,36.25,1.0,0,1.767865672403091
7202,6.25,36.25,36.25,1.0,0,1.7569669053544545
7203,8.75,36.25,36.25,1.0,0,1.7161375722205976
7204,11.25,36.25,36.25,0.0,1,1.5243001150489899
7205,13.75,36.25,36.25,0.0,1,1.502488818231154
7206,16.25,36.25,36.25,0.0,1,1.5343155554477022
7207,18.75,36.25,36.25,0.0,1,1.5310897385979731
7208,21.25,36.25,36.25,0.0,1,1.570422033025724
7209,23.75,36.25,36.25,0.0,1,1.5823523146304923
7210,26.25,36.25,36.25,0.0,1,1.6051309402689802
7211,28.75,36.25,36.25,0.0,1,1.6432505959222417
7212,31.25,36.25,36.25,0.0,2,1.6504198637009453
7213,33.75,36.25,36.25,0.0,2,1.69725103944346
7214,36.25,36.25,36.25,0.0,2,1.6214092455602496
7215,38.75,36.25,36.25,1.0,0,1.8717266744457153
7216,41.25,36.25,36.25,1.0,0,1.7381552270785783
7217,43.75,36.25,36.25,1.0,0,1.7381261908989647
7218,46.25,36.25,36.25,1.0,0,1.838146844893909
7219,48.75,36.25,36.25,1.0,0,1.8026876572650832
7220,51.25,36.25,36.25,1.0,0,1.7813809665681881
7221,53.75,36.25,36.25,1.0,0,1.7502811018488995
7222,56.25,36.25,36.25,1.0,0,1.7933075054767793
7223,58.75,36.25,36.25,1.0,0,1.7209742211870274
7224,61.25,36.25,36.25,1.0,0,1.7363148250530238
7225,63.75,36.25,36.25,1.0,0,1.7419542777888963
7226,66.25,36.25,36.25,1.0,0,1.7342400482545801
7227,68.75,36.25,36.25,1.0,0,1.754000929378119
7228,71.25,36.25,36.25,1.0,0,2.139492280376293
7229,73.75,36.25,36.25,1.0,0,2.1854717424507553
7230,76.25,36.25,36.25,1.0,0,2.1353548934068383
7231,78.75,36.25,36.25,1.0,0,2.0152484610777166
7232,81.25,36.25,36.25,1.0,0,1.7534237719019026
7233,83.75,36.25,36.25,1.0,0,1.9833185004206408
7234,86.25,36.25,36.25,1.0,0,2.157750497572126
7235,88.75,36.25,36.25,1.0,0,2.1855480362805433
7236,91.25,36.25,36.25,1.0,0,2.131946309769737
7237,93.75,36.25,36.25,1.0,0,2.0106642351130017
7238,96.25,36.25,36.25,1.0,0,2.0307658106818898
7239,98.75,36.25,36.25,1.0,0,1.9637940759601196
7240,101.25,36.25,36.25,1.0,0,1.7902566639085613
7241,103.75,36.25,36.25,1.0,0,1.5534297138307613
7242,106.25,36.25,36.25,1.0,0,1.52371240047276
7243,108.75,36.25,36.25,1.0,0,1.4202650257307088
7244,111.25,36.25,36.25,1.0,0,1.3911960141380804
7245,113.75,36.25,36.25,1.0,0,1.4073090600604485
7246,116.25,36.25,36.25,1.0,0,1.4167636241875725
7247,118.75,36.25,36.25,1.0,0,1.6163413777346558
7248,121.25,36.25,36.25,0.0,2,1.7825608465645524
7249,123.75,36.25,36.25,0.0,2,1.8304003577472647
7250,126.25,36.25,36.25,0.0,2,1.8218362608178973
7251,128.75,36.25,36.25,0.0,2,1.8411314852219907
7252,131.25,36.25,36.25,0.0,2,1.8844521907588894
7253,133.75,36.25,36.25,0.0,2,1.8602336079819761
7254,136.25,36.25,36.25,0.0,2,1.851088874312999
7255,138.75,36.25,36.25,1.0,0,1.8041536640084894
7256,141.25,36.25,36.25,0.0,2,1.665634408256323
7257,143.75,36.25,36.25,0.0,2,1.5653436101018143
7258,146.25,36.25,36.25,0.0,2,1.5343462379579498
7259,148.75,36.25,36.25,0.0,2,1.52985582900662
7260,151.25,36.25,36.25,0.0,2,1.5264235868781872
7261,153.75,36.25,36.25,0.0,2,1.523930512016095
7262,156.25,36.25,36.25,0.0,2,1.5261024099351934
7263,158.75,36.25,36.25,0.0,2,1.5337614261533152
7264,161.25,36.25,36.25,0.0,2,1.5402037042072287
7265,163.75,36.25,36.25,0.0,2,1.5423663122146933
7266,166.25,36.25,36.25,0.0,2,1.543183088037668
7267,168.75,36.25,36.25,0.0,2,1.5422606499822855
7268,171.25,36.25,36.25,0.0,2,1.5365439974289732
7269,173.75,36.25,36.25,0.0,2,1.5257937817778724
7270,176.25,36.25,36.25,0.0,2,1.5174957219339282
7271,178.75,36.25,36.25,0.0,2,1.50949089416018
7272,181.25,36.25,36.25,0.0,2,1.5029194186823378
7273,183.75,36.25,36.25,0.0,2,1.4935560155712704
7274,186.25,36.25,36.25,0.0,2,1.482310472869393
7275,188.75,36.25,36.25,0.0,2,1.473459585593326
7276,191.25,36.25,36.25,0.0,2,1.4613823505179444
7277,193.75,36.25,36.25,0.0,2,1.4442523497083386
7278,196.25,36.25,36.25,0.0,2,1.427856087038185
7279,198.75,36.25,36.25,0.0,2,1.4069769977642521
7280,201.25,36.25,36.25,0.0,2,1.3813101018749472
7281,203.75,36.25,36.25,0.0,2,1.3504236190669272
7282,206.25,36.25,36.25,0.0,2,1.3143135460055666
7283,208.75,36.25,36.25,0.0,2,1.2733348925363317
7284,211.25,36.25,36.25,0.0,2,1.2332554925119108
7285,213.75,36.25,36.25,0.0,2,1.189785607874216
7286,216.25,36.25,36.25,0.0,2,1.1476790627588902
7287,218.75,36.25,36.25,0.0,2,1.1109870942734197
7288,221.25,36.25,36.25,0.0,2,1.0787537794481037
7289,223.75,36.25,36.25,0.0,2,1.0522679489143067
7290,226.25,36.25,36.25,0.0,2,1.0281417840108875
7291,228.75,36.25,36.25,0.0,2,0.9998356300164302
7292,231.25,36.25,36.25,0.0,2,0.9657603271817117
7293,233.75,36.25,36.25,0.0,2,0.9392589850259894
7294,236.25,36.25,36.25,0.0,2,0.9781427912864966
7295,238.75,36.25,36.25,0.0,2,1.1786991380959178
7296,241.25,36.25,36.25,1.0,0,1.781950082916206
7297,243.75,36.25,36.25,1.0,0,1.899263680321326
7298,246.25,36.25,36.25,1.0,0,1.8635939408465207
7299,248.75,36.25,36.25,1.0,0,1.67278504744535
7300,251.25,36.25,36.25,1.0,0,1.9010394552952967
7301,253.75,36.25,36.25,1.0,0,1.9375093412659705
7302,256.25,36.25,36.25,1.0,0,1.982230309353772
7303,258.75,36.25,36.25,1.0,0,1.9914912691663613
7304,261.25,36.25,36.25,1.0,0,2.117936738718203
7305,263.75,36.25,36.25,1.0,0,2.030816397924164
7306,266.25,36.25,36.25,1.0,0,2.190154623193437
7307,268.75,36.25,36.25,1.0,0,2.113838803504966
7308,271.25,36.25,36.25,1.0,0,2.1056633885152145
7309,273.75,36.25,36.25,1.0,0,2.034071748129314
7310,276.25,36.25,36.25,1.0,0,2.0067896876085305
7311,278.75,36.25,36.25,1.0,0,2.073588577497097
7312,281.25,36.25,36.25,1.0,0,2.018023285664284
7313,283.75,36.25,36.25,0.0,1,1.8450054664850235
7314,286.25,36.25,36.25,0.0,1,1.4733861795492047
7315,288.75,36.25,36.25,0.0,1,1.4191857737929865
7316,291.25,36.25,36.25,0.0,1,1.4158863177875136
7317,293.75,36.25,36.25,0.0,1,1.3939571585039705
7318,296.25,36.25,36.25,0.0,1,1.3807400243579793
7319,298.75,36.25,36.25,0.0,1,1.3756716734491294
7320,301.25,36.25,36.25,0.0,1,1.3689030324845581
7321,303.75,36.25,36.25,0.0,1,1.356469212837792
7322,306.25,36.25,36.25,0.0,1,1.344521841768414
7323,308.75,36.25,36.25,0.0,1,1.3306674815202464
7324,311.25,36.25,36.25,0.0,1,1.3053326870208917
7325,313.75,36.25,36.25,0.0,1,1.2648392669716084
7326,316.25,36.25,36.25,0.0,1,1.2100657468527047
7327,318.75,36.25,36.25,0.0,1,1.15816296275134
7328,321.25,36.25,36.25,0.0,1,1.1155351704464076
7329,323.75,36.25,36.25,0.0,1,1.0867464804203286
7330,326.25,36.25,36.25,0.0,1,1.063211008217621
7331,328.75,36.25,36.25,0.0,1,1.0325080793114003
7332,331.25,36.25,36.25,0.0,1,0.9919598032305751
7333,333.75,36.25,36.25,0.0,1,0.9447249514418188
7334,336.25,36.25,36.25,0.0,1,0.896755447364634
7335,338.75,36.25,36.25,0.0,1,0.871084222668413
7336,341.25,36.25,36.25,0.0,1,0.8618298416761397
7337,343.75,36.25,36.25,0.0,1,0.8659019747975625
7338,346.25,36.25,36.25,0.0,1,0.8985900720858352
7339,348.75,36.25,36.25,0.0,1,0.9580502244967863
7340,351.25,36.25,36.25,0.0,1,1.0946824865037355
7341,353.75,36.25,36.25,0.0,1,1.2734153007955298
7342,356.25,36.25,36.25,0.0,1,1.3746390282103023
7343,358.75,36.25,36.25,0.0,1,1.3730834525338438
7344,1.25,38.75,38.75,0.0,1,1.3950021296806434
7345,3.75,38.75,38.75,0.0,1,1.4199194127337302
7346,6.25,38.75,38.75,0.0,1,1.4451031895168234
7347,8.75,38.75,38.75,0.0,1,1.5171930833156952
7348,11.25,38.75,38.75,0.0,1,1.513681617468779
7349,13.75,38.75,38.75,0.0,1,1.5367494805079307
7350,16.25,38.75,38.75,0.0,1,1.6419454169417125
7351,18.75,38.75,38.75,0.0,1,1.6538179559585213
7352,21.25,38.75,38.75,0.0,1,1.8425273113170901
7353,23.75,38.75,38.75,0.0,1,1.7525089919768386
7354,26.25,38.75,38.75,0.0,1,1.7401022013208827
7355,28.75,38.75,38.75,1.0,0,1.789623258381099
7356,31.25,38.75,38.75,1.0,0,1.7950833698155817
7357,33.75,38.75,38.75,1.0,0,1.8748740791283507
7358,36.25,38.75,38.75,1.0,0,1.9678633504214034
7359,38.75,38.75,38.75,1.0,0,2.0258752676790865
7360,41.25,38.75,38.75,1.0,0,2.176677790107214
7361,43.75,38.75,38.75,1.0,0,2.2439888303109132
7362,46.25,38.75,38.75,1.0,0,1.8749615868667917
7363,48.75,38.75,38.75,1.0,0,1.7218932348849085
7364,51.25,38.75,38.75,1.0,0,1.5339226566624509
7365,53.75,38.75,38.75,1.0,0,1.6744120557105988
7366,56.25,38.75,38.75,1.0,0,1.8068075668081027
7367,58.75,38.75,38.75,1.0,0,1.8288752008795837
7368,61.25,38.75,38.75,1.0,0,1.7906002144346873
7369,63.75,38.75,38.75,1.0,0,1.7284624692159678
7370,66.25,38.75,38.75,1.0,0,1.7468726058436042
7371,68.75,38.75,38.75,1.0,0,1.8819108509376508
7372,71.25,38.75,38.75,1.0,0,2.1039768980638858
7373,73.75,38.75,38.75,1.0,0,2.192317400600447
7374,76.25,38.75,38.75,1.0,0,1.849732485471811
7375,78.75,38.75,38.75,1.0,0,1.8596557425864104
7376,81.25,38.75,38.75,1.0,0,1.925800500447327
7377,83.75,38.75,38.75,1.0,0,1.9548025549738492
7378,86.25,38.75,38.75,1.0,0,1.9088272676016855
7379,88.75,38.75,38.75,1.0,0,1.9083770047124151
7380,91.25,38.75,38.75,1.0,0,1.9534932431656706
7381,93.75,38.75,38.75,1.0,0,2.0188154860794842
7382,96.25,38.75,38.75,1.0,0,2.2576741777801552
7383,98.75,38.75,38.75,1.0,0,1.9271333005949831
7384,101.25,38.75,38.75,1.0,0,1.814130743924215
7385,103.75,38.75,38.75,1.0,0,1.8293650347610135
7386,106.25,38.75,38.75,1.0,0,1.7021419369164486
7387,108.75,38.75,38.75,1.0,0,1.6625803889571191
7388,111.25,38.75,38.75,1.0,0,1.61348060002445
7389,113.75,38.75,38.75,1.0,0,1.537278917449157
7390,116.25,38.75,38.75,1.0,0,1.5183329982253329
7391,118.75,38.75,38.75,0.0,2,1.7028451741636856
7392,121.25,38.75,38.75,0.0,2,1.8853402060528917
7393,123.75,38.75,38.75,0.0,2,1.9241641139266346
7394,126.25,38.75,38.75,1.0,0,1.9520324474717394
7395,128.75,38.75,38.75,0.0,2,2.00522346832873
7396,131.25,38.75,38.75,0.0,2,2.0627856067073553
7397,133.75,38.75,38.75,0.0,2,2.0217395338044173
7398,136.25,38.75,38.75,0.0,2,1.9687654266232513
7399,138.75,38.75,38.75,0.0,2,1.959212551058025
7400,141.25,38.75,38.75,0.0,2,1.920455065257095
7401,143.75,38.75,38.75,0.0,2,1.8493176096564907
7402,146.25,38.75,38.75,0.0,2,1.811907382841123
7403,148.75,38.75,38.75,0.0,2,1.7937792244013324
7404,151.25,38.75,38.75,0.0,2,1.7836263191903592
7405,153.75,38.75,38.75,0.0,2,1.7751342698173556
7406,156.25,38.75,38.75,0.0,2,1.7693765278355913
7407,158.75,38.75,38.75,0.0,2,1.7660928376554883
7408,161.25,38.75,38.75,0.0,2,1.7616723355752881
7409,163.75,38.75,38.75,0.0,2,1.7489124398397213
7410,166.25,38.75,38.75,0.0,2,1.7307319533235854
7411,168.75,38.75,38.75,0.0,2,1.71191058788444
7412,171.25,38.75,38.75,0.0,2,1.6942813761739033
7413,173.75,38.75,38.75,0.0,2,1.6718460475969819
7414,176.25,38.75,38.75,0.0,2,1.6471446180401383
7415,178.75,38.75,38.75,0.0,2,1.6241206958955232
7416,181.25,38.75,38.75,0.0,2,1.6035581856287502
7417,183.75,38.75,38.75,0.0,2,1.5829662556605526
7418,186.25,38.75,38.75,0.0,2,1.560741283313077
7419,188.75,38.75,38.75,0.0,2,1.5414882508215704
7420,191.25,38.75,38.75,0.0,2,1.5201826929568334
7421,193.75,38.75,38.75,0.0,2,1.495543942333287
7422,196.25,38.75,38.75,0.0,2,1.4700338523329186
7423,198.75,38.75,38.75,0.0,2,1.4435706742778915
7424,201.25,38.75,38.75,0.0,2,1.4123611420570326
7425,203.75,38.75,38.75,0.0,2,1.378694327911047
7426,206.25,38.75,38.75,0.0,2,1.3416066047140591
7427,208.75,38.75,38.75,0.0,2,1.3014802340292564
7428,211.25,38.75,38.75,0.0,2,1.2605679976487125
7429,213.75,38.75,38.75,0.0,2,1.2189521727951291
7430,216.25,38.75,38.75,0.0,2,1.1781491439936125
7431,218.75,38.75,38.75,0.0,2,1.1383040914301963
7432,221.25,38.75,38.75,0.0,2,1.1061716514243811
7433,223.75,38.75,38.75,0.0,2,1.0795821770377347
7434,226.25,38.75,38.75,0.0,2,1.0511765782222
7435,228.75,38.75,38.75,0.0,2,1.0172472960220411
7436,231.25,38.75,38.75,0.0,2,0.9771161796646275
7437,233.75,38.75,38.75,0.0,2,0.9469266592341056
7438,236.25,38.75,38.75,0.0,2,1.1157634713398088
7439,238.75,38.75,38.75,1.0,0,1.6499452963330246
7440,241.25,38.75,38.75,1.0,0,1.9816032603764728
7441,243.75,38.75,38.75,1.0,0,2.130538816224712
7442,246.25,38.75,38.75,1.0,0,2.096562694523035
7443,248.75,38.75,38.75,1.0,0,2.2822617597930055
7444,251.25,38.75,38.75,1.0,0,2.2889207924205643
7445,253.75,38.75,38.75,1.0,0,2.09168094017874
7446,256.25,38.75,38.75,1.0,0,2.082965468879857
7447,258.75,38.75,38.75,1.0,0,2.2473508697185314
7448,261.25,38.75,38.75,1.0,0,2.408377779021851
7449,263.75,38.75,38.75,1.0,0,2.5083344388675526
7450,266.25,38.75,38.75,1.0,0,2.569136607146964
7451,268.75,38.75,38.75,1.0,0,2.6474527425957985
7452,271.25,38.75,38.75,1.0,0,2.6742752500335634
7453,273.75,38.75,38.75,1.0,0,2.5549837881819415
7454,276.25,38.75,38.75,1.0,0,2.362746668602815
7455,278.75,38.75,38.75,1.0,0,2.2667754097816455
7456,281.25,38.75,38.75,1.0,0,2.283551614237373
7457,283.75,38.75,38.75,0.0,0,2.209329497492886
7458,286.25,38.75,38.75,0.0,1,1.871259444384089
7459,288.75,38.75,38.75,0.0,1,1.618561590991452
7460,291.25,38.75,38.75,0.0,1,1.5231490351382022
7461,293.75,38.75,38.75,0.0,1,1.461820298337712
7462,296.25,38.75,38.75,0.0,1,1.4214510973311705
7463,298.75,38.75,38.75,0.0,1,1.408132564952718
7464,301.25,38.75,38.75,0.0,1,1.4124954742774682
7465,303.75,38.75,38.75,0.0,1,1.4213366910084722
7466,306.25,38.75,38.75,0.0,1,1.4316617121220812
7467,308.75,38.75,38.75,0.0,1,1.4378217146203813
7468,311.25,38.75,38.75,0.0,1,1.4105244981367795
7469,313.75,38.75,38.75,0.0,1,1.3384945644954904
7470,316.25,38.75,38.75,0.0,1,1.228001437813555
7471,318.75,38.75,38.75,0.0,1,1.1210704247892522
7472,321.25,38.75,38.75,0.0,1,1.0436770993641251
7473,323.75,38.75,38.75,0.0,1,0.9946584397890237
7474,326.25,38.75,38.75,0.0,1,0.9957108267819154
7475,328.75,38.75,38.75,0.0,1,1.0037483724532639
7476,331.25,38.75,38.75,0.0,1,0.9798104905866506
7477,333.75,38.75,38.75,0.0,1,0.9392550072433528
7478,336.25,38.75,38.75,0.0,1,0.8842570424334615
7479,338.75,38.75,38.75,0.0,1,0.8478697440576418
7480,341.25,38.75,38.75,0.0,1,0.8325657271213781
7481,343.75,38.75,38.75,0.0,1,0.8324920925064254
7482,346.25,38.75,38.75,0.0,1,0.8578627205680087
7483,348.75,38.75,38.75,0.0,1,0.9185748200651424
7484,351.25,38.75,38.75,0.0,1,1.2461360225811688
7485,353.75,38.75,38.75,1.0,0,1.724107391982028
7486,356.25,38.75,38.75,1.0,0,1.811906123095326
7487,358.75,38.75,38.75,1.0,0,1.6176042579597756
7488,1.25,41.25,41.25,0.0,1,1.5818258986287954
7489,3.75,41.25,41.25,0.0,1,1.4556681828495468
7490,6.25,41.25,41.25,0.0,1,1.4775295076473292
7491,8.75,41.25,41.25,0.0,1,1.5705222236776804
7492,11.25,41.25,41.25,0.0,1,1.5744600918441043
7493,13.75,41.25,41.25,0.0,1,1.704334268495298
7494,16.25,41.25,41.25,0.0,1,1.7486728811142913
7495,18.75,41.25,41.25,0.0,1,1.7465829737035032
7496,21.25,41.25,41.25,1.0,0,1.8512971884648122
7497,23.75,41.25,41.25,1.0,0,1.9241850899954185
7498,26.25,41.25,41.25,0.0,0,1.863294446709444
7499,28.75,41.25,41.25,0.0,1,1.7571688514966648
7500,31.25,41.25,41.25,0.0,2,1.7732704351575697
7501,33.75,41.25,41.25,1.0,0,1.8890541690086842
7502,36.25,41.25,41.25,0.0,2,1.776029879710975
7503,38.75,41.25,41.25,0.0,2,1.8190598765652393
7504,41.25,41.25,41.25,0.0,2,2.0043730180068664
7505,43.75,41.25,41.25,1.0,0,2.16491495743049
7506,46.25,41.25,41.25,1.0,0,1.7967865309111446
7507,48.75,41.25,41.25,1.0,0,1.7971571682088952
7508,51.25,41.25,41.25,1.0,0,1.7117152984410757
7509,53.75,41.25,41.25,1.0,0,1.882743567970512
7510,56.25,41.25,41.25,1.0,0,2.02545091740544
7511,58.75,41.25,41.25,1.0,0,2.012396541138669
7512,61.25,41.25,41.25,1.0,0,1.970414292595296
7513,63.75,41.25,41.25,1.0,0,1.9710901732434023
7514,66.25,41.25,41.25,1.0,0,1.8245996350860758
7515,68.75,41.25,41.25,1.0,0,1.8170929629506156
7516,71.25,41.25,41.25,1.0,0,2.252483860011615
7517,73.75,41.25,41.25,1.0,0,2.2211397905497825
7518,76.25,41.25,41.25,1.0,0,2.106525068611621
7519,78.75,41.25,41.25,1.0,0,2.0025106133589414
7520,81.25,41.25,41.25,1.0,0,1.931406622319748
7521,83.75,41.25,41.25,1.0,0,2.0396946628374413
7522,86.25,41.25,41.25,1.0,0,2.1013939119565865
7523,88.75,41.25,41.25,1.0,0,2.1816092504923796
7524,91.25,41.25,41.25,1.0,0,2.207212667544526
7525,93.75,41.25,41.25,1.0,0,2.1678078269471404
7526,96.25,41.25,41.25,1.0,0,2.0790819395789533
7527,98.75,41.25,41.25,1.0,0,2.070568164652157
7528,101.25,41.25,41.25,1.0,0,2.1053334284217597
7529,103.75,41.25,41.25,1.0,0,2.105984568185363
7530,106.25,41.25,41.25,1.0,0,2.043263439783427
7531,108.75,41.25,41.25,1.0,0,1.9448135106098714
7532,111.25,41.25,41.25,1.0,0,1.8952561720482568
7533,113.75,41.25,41.25,1.0,0,1.9215490183804107
7534,116.25,41.25,41.25,1.0,0,1.896809540506207
7535,118.75,41.25,41.25,1.0,0,1.8716782447688607
7536,121.25,41.25,41.25,1.0,0,2.0202466529405845
7537,123.75,41.25,41.25,1.0,0,2.065332236974662
7538,126.25,41.25,41.25,1.0,0,2.157720117386903
7539,128.75,41.25,41.25,1.0,0,2.164389184722535
7540,131.25,41.25,41.25,0.0,2,2.109776805956184
7541,133.75,41.25,41.25,0.0,2,2.1214492559183853
7542,136.25,41.25,41.25,0.0,2,2.084706215031808
7543,138.75,41.25,41.25,0.0,2,2.0645414475080774
7544,141.25,41.25,41.25,0.0,2,2.1380425448692724
7545,143.75,41.25,41.25,0.0,2,2.313408624566874
7546,146.25,41.25,41.25,0.0,2,2.4147842565215507
7547,148.75,41.25,41.25,0.0,2,2.34769527865436
7548,151.25,41.25,41.25,0.0,2,2.238949757318106
7549,153.75,41.25,41.25,0.0,2,2.1555286217493657
7550,156.25,41.25,41.25,0.0,2,2.098099793497766
7551,158.75,41.25,41.25,0.0,2,2.055106415063192
7552,161.25,41.25,41.25,0.0,2,2.0161018295534276
7553,163.75,41.25,41.25,0.0,2,1.974863707756806
7554,166.25,41.25,41.25,0.0,2,1.931706788009579
7555,168.75,41.25,41.25,0.0,2,1.8939700521051581
7556,171.25,41.25,41.25,0.0,2,1.85965482960623
7557,173.75,41.25,41.25,0.0,2,1.8234613993807625
7558,176.25,41.25,41.25,0.0,2,1.7854522002242985
7559,178.75,41.25,41.25,0.0,2,1.7479261494742184
7560,181.25,41.25,41.25,0.0,2,1.7119903070322755
7561,183.75,41.25,41.25,0.0,2,1.6787077840735323
7562,186.25,41.25,41.25,0.0,2,1.6433198097995034
7563,188.75,41.25,41.25,0.0,2,1.6078709652626302
7564,191.25,41.25,41.25,0.0,2,1.5739078141829927
7565,193.75,41.25,41.25,0.0,2,1.5401825654761798
7566,196.25,41.25,41.25,0.0,2,1.5063228874728347
7567,198.75,41.25,41.25,0.0,2,1.4729911976849017
7568,201.25,41.25,41.25,0.0,2,1.43535176747469
7569,203.75,41.25,41.25,0.0,2,1.3969301060383583
7570,206.25,41.25,41.25,0.0,2,1.3570039476676674
7571,208.75,41.25,41.25,0.0,2,1.3152701809652263
7572,211.25,41.25,41.25,0.0,2,1.273419739615757
7573,213.75,41.25,41.25,0.0,2,1.2348519413652295
7574,216.25,41.25,41.25,0.0,2,1.1969450601788576
7575,218.75,41.25,41.25,0.0,2,1.160789791703086
7576,221.25,41.25,41.25,0.0,2,1.1274041357702707
7577,223.75,41.25,41.25,0.0,2,1.0992497903680964
7578,226.25,41.25,41.25,0.0,2,1.0712175962984214
7579,228.75,41.25,41.25,0.0,2,1.0399474557831696
7580,231.25,41.25,41.25,0.0,2,1.0009022388195383
7581,233.75,41.25,41.25,0.0,2,0.9707580332207332
7582,236.25,41.25,41.25,0.0,2,1.4027799974364121
7583,238.75,41.25,41.25,1.0,0,2.025399899520635
7584,241.25,41.25,41.25,1.0,0,2.1771492601751814
7585,243.75,41.25,41.25,1.0,0,2.3569396269268363
7586,246.25,41.25,41.25,1.0,0,2.472081808031776
7587,248.75,41.25,41.25,1.0,0,2.2928634434591153
7588,251.25,41.25,41.25,1.0,0,2.452852896264852
7589,253.75,41.25,41.25,1.0,0,2.257842365963021
7590,256.25,41.25,41.25,1.0,0,2.2417028845494356
7591,258.75,41.25,41.25,1.0,0,2.402894678499299
7592,261.25,41.25,41.25,1.0,0,2.7451745622638026
7593,263.75,41.25,41.25,1.0,0,3.0309499493803216
7594,266.25,41.25,41.25,1.0,0,3.2058902977872332
7595,268.75,41.25,41.25,1.0,0,3.204281183941735
7596,271.25,41.25,41.25,1.0,0,3.1225276490789766
7597,273.75,41.25,41.25,1.0,0,2.9811998407460454
7598,276.25,41.25,41.25,1.0,0,2.8894850111114248
7599,278.75,41.25,41.25,1.0,0,2.590492449411727
7600,281.25,41.25,41.25,1.0,0,2.5113975845697647
7601,283.75,41.25,41.25,1.0,0,2.4955082052114963
7602,286.25,41.25,41.25,1.0,0,2.3460621041355023
7603,288.75,41.25,41.25,0.0,1,2.0847475766118904
7604,291.25,41.25,41.25,0.0,1,1.927821120777467
7605,293.75,41.25,41.25,0.0,1,1.8439835327463874
7606,296.25,41.25,41.25,0.0,1,1.7741676845975083
7607,298.75,41.25,41.25,0.0,1,1.7107854911729818
7608,301.25,41.25,41.25,0.0,1,1.6467297553904083
7609,303.75,41.25,41.25,0.0,1,1.6186848802745877
7610,306.25,41.25,41.25,0.0,1,1.6415363157841882
7611,308.75,41.25,41.25,0.0,1,1.6485495613895045
7612,311.25,41.25,41.25,0.0,1,1.550315206662044
7613,313.75,41.25,41.25,0.0,1,1.3455255015286003
7614,316.25,41.25,41.25,0.0,1,1.156432470957927
7615,318.75,41.25,41.25,0.0,1,1.0132983823255022
7616,321.25,41.25,41.25,0.0,1,0.9235168542625682
7617,323.75,41.25,41.25,0.0,1,0.8550344787612107
7618,326.25,41.25,41.25,0.0,1,0.8254116345030823
7619,328.75,41.25,41.25,0.0,1,0.8838442697142637
7620,331.25,41.25,41.25,0.0,1,0.9101192331129756
7621,333.75,41.25,41.25,0.0,1,0.8941862799249816
7622,336.25,41.25,41.25,0.0,1,0.8584422437267644
7623,338.75,41.25,41.25,0.0,1,0.8145311784980789
7624,341.25,41.25,41.25,0.0,1,0.7897002238686549
7625,343.75,41.25,41.25,0.0,1,0.7904354336662489
7626,346.25,41.25,41.25,0.0,1,0.813051829432989
7627,348.75,41.25,41.25,0.0,1,0.8752498396196545
7628,351.25,41.25,41.25,1.0,0,1.389428703552697
7629,353.75,41.25,41.25,1.0,0,1.6804263126815198
7630,356.25,41.25,41.25,1.0,0,1.6993775241650326
7631,358.75,41.25,41.25,1.0,0,1.7463651870279073
7632,1.25,43.75,43.75,1.0,0,1.6265121560183073
7633,3.75,43.75,43.75,1.0,0,1.7500053384258492
7634,6.25,43.75,43.75,1.0,0,1.8708055051639783
7635,8.75,43.75,43.75,0.0,1,1.6583384061078916
7636,11.25,43.75,43.75,1.0,0,1.8696098927398541
7637,13.75,43.75,43.75,0.0,1,1.800526200763436
7638,16.25,43.75,43.75,0.0,1,1.9368327851557396
7639,18.75,43.75,43.75,1.0,0,2.0456212643868867
7640,21.25,43.75,43.75,1.0,0,1.9771006013909715
7641,23.75,43.75,43.75,1.0,0,2.0492175899817595
7642,26.25,43.75,43.75,1.0,0,2.059585298222357
7643,28.75,43.75,43.75,0.0,1,1.8333287343865852
7644,31.25,43.75,43.75,0.0,2,1.7968912138651956
7645,33.75,43.75,43.75,0.0,2,1.82360812570457
7646,36.25,43.75,43.75,0.0,2,1.8392516615397212
7647,38.75,43.75,43.75,0.0,2,1.8537199598758403
7648,41.25,43.75,43.75,1.0,0,2.0626732483464982
7649,43.75,43.75,43.75,1.0,0,2.097975270544766
7650,46.25,43.75,43.75,1.0,0,1.911573150344159
7651,48.75,43.75,43.75,1.0,0,1.88939005300805
7652,51.25,43.75,43.75,1.0,0,2.0493762285616484
7653,53.75,43.75,43.75,1.0,0,2.2238709927148435
7654,56.25,43.75,43.75,1.0,0,2.366475655005691
7655,58.75,43.75,43.75,1.0,0,2.3875277700255517
7656,61.25,43.75,43.75,1.0,0,2.4025253254716215
7657,63.75,43.75,43.75,1.0,0,2.381172813598293
7658,66.25,43.75,43.75,1.0,0,2.2801627807641998
7659,68.75,43.75,43.75,1.0,0,2.098050829445585
7660,71.25,43.75,43.75,1.0,0,1.9458447319494336
7661,73.75,43.75,43.75,1.0,0,1.9894373835589172
7662,76.25,43.75,43.75,1.0,0,2.0864938651160765
7663,78.75,43.75,43.75,1.0,0,2.1575357968378035
7664,81.25,43.75,43.75,1.0,0,2.1136082379883847
7665,83.75,43.75,43.75,1.0,0,2.1658101245571224
7666,86.25,43.75,43.75,1.0,0,2.1255907201781774
7667,88.75,43.75,43.75,1.0,0,2.214418746168818
7668,91.25,43.75,43.75,1.0,0,2.2955788187937367
7669,93.75,43.75,43.75,1.0,0,2.2722108716578537
7670,96.25,43.75,43.75,1.0,0,2.368716912080341
7671,98.75,43.75,43.75,1.0,0,2.308143804107262
7672,101.25,43.75,43.75,1.0,0,2.2579314812204467
7673,103.75,43.75,43.75,1.0,0,2.275967299504063
7674,106.25,43.75,43.75,1.0,0,2.2816041710312445
7675,108.75,43.75,43.75,1.0,0,2.28892850615537
7676,111.25,43.75,43.75,1.0,0,2.2569660720172617
7677,113.75,43.75,43.75,1.0,0,2.2268251883530112
7678,116.25,43.75,43.75,1.0,0,2.121929434811662
7679,118.75,43.75,43.75,1.0,0,2.179267819625793
7680,121.25,43.75,43.75,1.0,0,2.151163351786643
7681,123.75,43.75,43.75,1.0,0,2.2281641264616736
7682,126.25,43.75,43.75,1.0,0,2.235157813845325
7683,128.75,43.75,43.75,1.0,0,2.2496084360485806
7684,131.25,43.75,43.75,1.0,0,2.2324975843129313
7685,133.75,43.75,43.75,1.0,0,2.2790656624239167
7686,136.25,43.75,43.75,0.0,2,2.1967823871328442
7687,138.75,43.75,43.75,0.0,2,2.1938486488457785
7688,141.25,43.75,43.75,0.0,2,2.2335546539448004
7689,143.75,43.75,43.75,0.0,2,2.3888998581185272
7690,146.25,43.75,43.75,0.0,2,2.8071501527083935
7691,148.75,43.75,43.75,0.0,2,2.8944914322764177
7692,151.25,43.75,43.75,0.0,2,2.761933738273418
7693,153.75,43.75,43.75,0.0,2,2.5624169603004927
7694,156.25,43.75,43.75,0.0,2,2.417289157902142
7695,158.75,43.75,43.75,0.0,2,2.3063328413300086
7696,161.25,43.75,43.75,0.0,2,2.213784814857241
7697,163.75,43.75,43.75,0.0,2,2.1323230552514225
7698,166.25,43.75,43.75,0.0,2,2.0704226899598486
7699,168.75,43.75,43.75,0.0,2,2.021503272092956
7700,171.25,43.75,43.75,0.0,2,1.9784870316720273
7701,173.75,43.75,43.75,0.0,2,1.9379800415362938
7702,176.25,43.75,43.75,0.0,2,1.8942071318164564
7703,178.75,43.75,43.75,0.0,2,1.8453170306772237
7704,181.25,43.75,43.75,0.0,2,1.7963723860683887
7705,183.75,43.75,43.75,0.0,2,1.7494509464912946
7706,186.25,43.75,43.75,0.0,2,1.7029899715802357
7707,188.75,43.75,43.75,0.0,2,1.6572926730598052
7708,191.25,43.75,43.75,0.0,2,1.6127275808326584
7709,193.75,43.75,43.75,0.0,2,1.5696479371558325
7710,196.25,43.75,43.75,0.0,2,1.5240311612606103
7711,198.75,43.75,43.75,0.0,2,1.4802209068773833
7712,201.25,43.75,43.75,0.0,2,1.438579871201486
7713,203.75,43.75,43.75,0.0,2,1.3960798318398986
7714,206.25,43.75,43.75,0.0,2,1.3551896465660382
7715,208.75,43.75,43.75,0.0,2,1.3131239183110637
7716,211.25,43.75,43.75,0.0,2,1.271345273068554
7717,213.75,43.75,43.75,0.0,2,1.2351785342170205
7718,216.25,43.75,43.75,0.0,2,1.203357654292509
7719,218.75,43.75,43.75,0.0,2,1.1700515356745593
7720,221.25,43.75,43.75,0.0,2,1.1393461818003128
7721,223.75,43.75,43.75,0.0,2,1.1119477691895572
7722,226.25,43.75,43.75,0.0,2,1.086040779151613
7723,228.75,43.75,43.75,0.0,2,1.0564742316037101
7724,231.25,43.75,43.75,0.0,2,1.0205955407623517
7725,233.75,43.75,43.75,0.0,2,0.9857225993699015
7726,236.25,43.75,43.75,0.0,2,1.119965396795352
7727,238.75,43.75,43.75,1.0,0,1.8433283578559334
7728,241.25,43.75,43.75,1.0,0,2.1214734047340507
7729,243.75,43.75,43.75,1.0,0,2.4020698525606057
7730,246.25,43.75,43.75,1.0,0,2.3958437601386238
7731,248.75,43.75,43.75,1.0,0,2.2403222853031317
7732,251.25,43.75,43.75,1.0,0,2.3026042269559155
7733,253.75,43.75,43.75,1.0,0,2.273986168505834
7734,256.25,43.75,43.75,1.0,0,2.278580209494559
7735,258.75,43.75,43.75,1.0,0,2.4591685554838456
7736,261.25,43.75,43.75,1.0,0,2.8371418200992093
7737,263.75,43.75,43.75,1.0,0,3.2271412676678852
7738,266.25,43.75,43.75,1.0,0,3.4130020336064657
7739,268.75,43.75,43.75,1.0,0,3.274547551379824
7740,271.25,43.75,43.75,1.0,0,3.1476261450300758
7741,273.75,43.75,43.75,1.0,0,2.8522324609949834
7742,276.25,43.75,43.75,1.0,0,2.93233394045344
7743,278.75,43.75,43.75,1.0,0,2.939018065695089
7744,281.25,43.75,43.75,1.0,0,2.7749129033588216
7745,283.75,43.75,43.75,1.0,0,2.6558791727956965
7746,286.25,43.75,43.75,1.0,0,2.471340577272312
7747,288.75,43.75,43.75,1.0,0,2.41172633432239
7748,291.25,43.75,43.75,0.0,1,2.25059775976688
7749,293.75,43.75,43.75,0.0,1,2.184491481456968
7750,296.25,43.75,43.75,0.0,1,2.2873094910041907
7751,298.75,43.75,43.75,0.0,1,2.3641821024865686
7752,301.25,43.75,43.75,0.0,1,2.4188595253649856
7753,303.75,43.75,43.75,0.0,1,2.3122801344101958
7754,306.25,43.75,43.75,0.0,1,2.0820525890455297
7755,308.75,43.75,43.75,0.0,1,1.9095501764491924
7756,311.25,43.75,43.75,0.0,1,1.7705088295928697
7757,313.75,43.75,43.75,0.0,1,1.095050042448014
7758,316.25,43.75,43.75,0.0,1,0.8628899592772986
7759,318.75,43.75,43.75,0.0,1,0.7017746178496458
7760,321.25,43.75,43.75,0.0,1,0.6745299631450985
7761,323.75,43.75,43.75,0.0,1,0.6594786939708194
7762,326.25,43.75,43.75,0.0,1,0.5790020412645358
7763,328.75,43.75,43.75,0.0,1,0.5767946272486767
7764,331.25,43.75,43.75,0.0,1,0.6929835284316352
7765,333.75,43.75,43.75,0.0,1,0.7449016339792808
7766,336.25,43.75,43.75,0.0,1,0.7966713910541842
7767,338.75,43.75,43.75,0.0,1,0.7817861354895455
7768,341.25,43.75,43.75,0.0,1,0.7255934776976073
7769,343.75,43.75,43.75,0.0,1,0.7309658536423117
7770,346.25,43.75,43.75,0.0,1,0.7640288275629525
7771,348.75,43.75,43.75,0.0,1,0.8072590665688674
7772,351.25,43.75,43.75,0.0,1,0.9002671087071833
7773,353.75,43.75,43.75,0.0,1,0.9811606938826068
7774,356.25,43.75,43.75,0.0,1,1.0316080936446204
7775,358.75,43.75,43.75,0.0,1,1.2954431396835857
7776,1.25,46.25,46.25,1.0,0,1.4724474279125852
7777,3.75,46.25,46.25,1.0,0,1.5370350118880112
7778,6.25,46.25,46.25,1.0,0,1.7611338928574474
7779,8.75,46.25,46.25,1.0,0,1.8484232601266577
7780,11.25,46.25,46.25,1.0,0,1.85806902228738
7781,13.75,46.25,46.25,1.0,0,1.8303222913247759
7782,16.25,46.25,46.25,1.0,0,1.884324333296851
7783,18.75,46.25,46.25,1.0,0,2.019362688780368
7784,21.25,46.25,46.25,1.0,0,2.051482737302497
7785,23.75,46.25,46.25,1.0,0,2.140450762011983
7786,26.25,46.25,46.25,1.0,0,2.147727860759112
7787,28.75,46.25,46.25,1.0,0,2.1604902162171853
7788,31.25,46.25,46.25,0.0,2,2.0888731374457143
7789,33.75,46.25,46.25,1.0,0,2.1789109200339927
7790,36.25,46.25,46.25,1.0,0,2.2257785373473373
7791,38.75,46.25,46.25,1.0,0,2.216613472952052
7792,41.25,46.25,46.25,1.0,0,2.2796553828388135
7793,43.75,46.25,46.25,1.0,0,2.323536271599695
7794,46.25,46.25,46.25,1.0,0,2.312688038049499
7795,48.75,46.25,46.25,1.0,0,2.305300513207345
7796,51.25,46.25,46.25,1.0,0,2.315296147595831
7797,53.75,46.25,46.25,1.0,0,2.4618626109395962
7798,56.25,46.25,46.25,1.0,0,2.566782796061327
7799,58.75,46.25,46.25,1.0,0,2.571816812801151
7800,61.25,46.25,46.25,1.0,0,2.587637426395978
7801,63.75,46.25,46.25,1.0,0,2.6118359992773237
7802,66.25,46.25,46.25,1.0,0,2.5943505263957114
7803,68.75,46.25,46.25,1.0,0,2.586915405695394
7804,71.25,46.25,46.25,1.0,0,2.581376874671371
7805,73.75,46.25,46.25,1.0,0,2.523134697627719
7806,76.25,46.25,46.25,1.0,0,2.5164675336674924
7807,78.75,46.25,46.25,1.0,0,2.4375385118869954
7808,81.25,46.25,46.25,1.0,0,2.4539215470045215
7809,83.75,46.25,46.25,1.0,0,2.5346604298237465
7810,86.25,46.25,46.25,1.0,0,2.5700885465371646
7811,88.75,46.25,46.25,1.0,0,2.4606479117161046
7812,91.25,46.25,46.25,1.0,0,2.469301250655351
7813,93.75,46.25,46.25,1.0,0,2.415998511412975
7814,96.25,46.25,46.25,1.0,0,2.447504702896161
7815,98.75,46.25,46.25,1.0,0,2.4392275695888106
7816,101.25,46.25,46.25,1.0,0,2.339733888003117
7817,103.75,46.25,46.25,1.0,0,2.3340766741021004
7818,106.25,46.25,46.25,1.0,0,2.3995656998455326
7819,108.75,46.25,46.25,1.0,0,2.4149473822850838
7820,111.25,46.25,46.25,1.0,0,2.4385475092005544
7821,113.75,46.25,46.25,1.0,0,2.4376011270007627
7822,116.25,46.25,46.25,1.0,0,2.4243611029654133
7823,118.75,46.25,46.25,1.0,0,2.4328854357378398
7824,121.25,46.25,46.25,1.0,0,2.436006496671946
7825,123.75,46.25,46.25,1.0,0,2.344858452699086
7826,126.25,46.25,46.25,1.0,0,2.386977700039713
7827,128.75,46.25,46.25,1.0,0,2.356719714242951
7828,131.25,46.25,46.25,1.0,0,2.415878031412293
7829,133.75,46.25,46.25,1.0,0,2.396433629331437
7830,136.25,46.25,46.25,1.0,0,2.375974714191383
7831,138.75,46.25,46.25,0.0,2,2.3957033989226155
7832,141.25,46.25,46.25,0.0,2,2.5180421475515278
7833,143.75,46.25,46.25,0.0,2,2.599465522049321
7834,146.25,46.25,46.25,0.0,2,2.7105296365818656
7835,148.75,46.25,46.25,0.0,2,2.679332508338579
7836,151.25,46.25,46.25,0.0,2,2.542394720928586
7837,153.75,46.25,46.25,0.0,2,2.3819007637128493
7838,156.25,46.25,46.25,0.0,2,2.275242509870887
7839,158.75,46.25,46.25,0.0,2,2.1924821867804463
7840,161.25,46.25,46.25,0.0,2,2.112226934973924
7841,163.75,46.25,46.25,0.0,2,2.034689117211293
7842,166.25,46.25,46.25,0.0,2,1.972302808390631
7843,168.75,46.25,46.25,0.0,2,1.923610455449992
7844,171.25,46.25,46.25,0.0,2,1.8864716540482833
7845,173.75,46.25,46.25,0.0,2,1.8561069374901187
7846,176.25,46.25,46.25,0.0,2,1.8227521119789547
7847,178.75,46.25,46.25,0.0,2,1.7837688045405755
7848,181.25,46.25,46.25,0.0,2,1.7459008825358506
7849,183.75,46.25,46.25,0.0,2,1.7063771209052891
7850,186.25,46.25,46.25,0.0,2,1.665966370104417
7851,188.75,46.25,46.25,0.0,2,1.626323367516748
7852,191.25,46.25,46.25,0.0,2,1.5869203405604997
7853,193.75,46.25,46.25,0.0,2,1.5467882014514058
7854,196.25,46.25,46.25,0.0,2,1.5038010039541005
7855,198.75,46.25,46.25,0.0,2,1.4591738052148606
7856,201.25,46.25,46.25,0.0,2,1.4161811297423834
7857,203.75,46.25,46.25,0.0,2,1.3744538743664458
7858,206.25,46.25,46.25,0.0,2,1.3350919801642023
7859,208.75,46.25,46.25,0.0,2,1.292455653169089
7860,211.25,46.25,46.25,0.0,2,1.2519085519965987
7861,213.75,46.25,46.25,0.0,2,1.21532565615626
7862,216.25,46.25,46.25,0.0,2,1.1839844348422486
7863,218.75,46.25,46.25,0.0,2,1.1563353264616367
7864,221.25,46.25,46.25,0.0,2,1.131294170795579
7865,223.75,46.25,46.25,0.0,2,1.1084032676302922
7866,226.25,46.25,46.25,0.0,2,1.0855672660253242
7867,228.75,46.25,46.25,0.0,2,1.061454026000219
7868,231.25,46.25,46.25,0.0,2,1.030995120473781
7869,233.75,46.25,46.25,0.0,2,1.0125488477573852
7870,236.25,46.25,46.25,0.0,2,1.1091770300479384
7871,238.75,46.25,46.25,1.0,0,1.6691381785987573
7872,241.25,46.25,46.25,1.0,0,2.008142161445475
7873,243.75,46.25,46.25,1.0,0,2.200239053385634
7874,246.25,46.25,46.25,1.0,0,2.125306153090531
7875,248.75,46.25,46.25,1.0,0,2.229564338224279
7876,251.25,46.25,46.25,1.0,0,2.250636746448502
7877,253.75,46.25,46.25,1.0,0,2.3234209576033473
7878,256.25,46.25,46.25,1.0,0,2.46711182445435
7879,258.75,46.25,46.25,1.0,0,2.6805204814873984
7880,261.25,46.25,46.25,1.0,0,2.982102013715019
7881,263.75,46.25,46.25,1.0,0,3.108052510484745
7882,266.25,46.25,46.25,1.0,0,2.9835509694830256
7883,268.75,46.25,46.25,1.0,0,2.783227407156961
7884,271.25,46.25,46.25,1.0,0,2.697310445849226
7885,273.75,46.25,46.25,1.0,0,2.788436228697301
7886,276.25,46.25,46.25,1.0,0,2.7036279430656944
7887,278.75,46.25,46.25,1.0,0,2.6461289270590607
7888,281.25,46.25,46.25,1.0,0,2.5594597729692223
7889,283.75,46.25,46.25,1.0,0,2.5410949890848458
7890,286.25,46.25,46.25,1.0,0,2.511321431880514
7891,288.75,46.25,46.25,1.0,0,2.4953890304853874
7892,291.25,46.25,46.25,1.0,0,2.454961758677995
7893,293.75,46.25,46.25,1.0,0,2.4158971425881557
7894,296.25,46.25,46.25,1.0,0,2.4478141578796317
7895,298.75,46.25,46.25,0.0,1,2.3971883270155123
7896,301.25,46.25,46.25,0.0,1,2.3364451989545363
7897,303.75,46.25,46.25,0.0,1,2.08856781633776
7898,306.25,46.25,46.25,0.0,1,1.7376350458184322
7899,308.75,46.25,46.25,0.0,1,1.4048827624869518
7900,311.25,46.25,46.25,0.0,1,1.237579839490188
7901,313.75,46.25,46.25,0.0,1,1.0701352655597434
7902,316.25,46.25,46.25,0.0,1,0.9793554208450682
7903,318.75,46.25,46.25,0.0,1,0.6752878184490582
7904,321.25,46.25,46.25,0.0,1,0.5511965279813461
7905,323.75,46.25,46.25,0.0,1,0.5442949339728888
7906,326.25,46.25,46.25,0.0,1,0.4765681452765194
7907,328.75,46.25,46.25,0.0,1,0.3296515906859268
7908,331.25,46.25,46.25,0.0,1,0.30191478628544527
7909,333.75,46.25,46.25,0.0,1,0.42621123937081473
7910,336.25,46.25,46.25,0.0,1,0.5868594304021121
7911,338.75,46.25,46.25,0.0,1,0.6321438327020202
7912,341.25,46.25,46.25,0.0,1,0.6012496019555224
7913,343.75,46.25,46.25,0.0,1,0.6334472186361563
7914,346.25,46.25,46.25,0.0,1,0.693174785952229
7915,348.75,46.25,46.25,0.0,1,0.7555406556856848
7916,351.25,46.25,46.25,0.0,1,0.8152809122159451
7917,353.75,46.25,46.25,0.0,1,0.887144882908255
7918,356.25,46.25,46.25,0.0,1,0.9988844565883818
7919,358.75,46.25,46.25,0.0,1,1.239985060909525
7920,1.25,48.75,48.75,1.0,0,1.3596658436753934
7921,3.75,48.75,48.75,1.0,0,1.4716706821445336
7922,6.25,48.75,48.75,1.0,0,1.5441485429375517
7923,8.75,48.75,48.75,1.0,0,1.6633918801913665
7924,11.25,48.75,48.75,1.0,0,1.7913341597978951
7925,13.75,48.75,48.75,1.0,0,1.814229020809346
7926,16.25,48.75,48.75,1.0,0,1.8319205651711996
7927,18.75,48.75,48.75,1.0,0,2.0352712569377696
7928,21.25,48.75,48.75,1.0,0,2.0835378445183856
7929,23.75,48.75,48.75,1.0,0,1.9764659567930445
7930,26.25,48.75,48.75,1.0,0,2.1689260492438303
7931,28.75,48.75,48.75,1.0,0,2.314506302182921
7932,31.25,48.75,48.75,1.0,0,2.3644250061997765
7933,33.75,48.75,48.75,1.0,0,2.3960577324730252
7934,36.25,48.75,48.75,1.0,0,2.4353701638754623
7935,38.75,48.75,48.75,1.0,0,2.461402081077005
7936,41.25,48.75,48.75,1.0,0,2.5584858522499885
7937,43.75,48.75,48.75,1.0,0,2.558221470314792
7938,46.25,48.75,48.75,1.0,0,2.5926930137520485
7939,48.75,48.75,48.75,1.0,0,2.565458626726127
7940,51.25,48.75,48.75,1.0,0,2.603211287813337
7941,53.75,48.75,48.75,1.0,0,2.5912409801100376
7942,56.25,48.75,48.75,1.0,0,2.582658378844632
7943,58.75,48.75,48.75,1.0,0,2.6042197262407214
7944,61.25,48.75,48.75,1.0,0,2.648464809716077
7945,63.75,48.75,48.75,1.0,0,2.642677867555734
7946,66.25,48.75,48.75,1.0,0,2.5809588535352526
7947,68.75,48.75,48.75,1.0,0,2.5842990480590835
7948,71.25,48.75,48.75,1.0,0,2.5485993200217387
7949,73.75,48.75,48.75,1.0,0,2.528469224680215
7950,76.25,48.75,48.75,1.0,0,2.561632338195843
7951,78.75,48.75,48.75,1.0,0,2.619277082218282
7952,81.25,48.75,48.75,1.0,0,2.653417198632822
7953,83.75,48.75,48.75,1.0,0,2.6187653957888117
7954,86.25,48.75,48.75,1.0,0,2.4648633412353433
7955,88.75,48.75,48.75,1.0,0,2.446121300157579
7956,91.25,48.75,48.75,1.0,0,2.3888662342064246
7957,93.75,48.75,48.75,1.0,0,2.414950420017458
7958,96.25,48.75,48.75,1.0,0,2.5218453081034604
7959,98.75,48.75,48.75,1.0,0,2.440949396755702
7960,101.25,48.75,48.75,1.0,0,2.3760135492335808
7961,103.75,48.75,48.75,1.0,0,2.444720481004336
7962,106.25,48.75,48.75,1.0,0,2.5285464471612844
7963,108.75,48.75,48.75,1.0,0,2.4706685142769613
7964,111.25,48.75,48.75,1.0,0,2.5223612962294704
7965,113.75,48.75,48.75,1.0,0,2.5502216696752322
7966,116.25,48.75,48.75,1.0,0,2.575723170731087
7967,118.75,48.75,48.75,1.0,0,2.5692850551677187
7968,121.25,48.75,48.75,1.0,0,2.4866640630318337
7969,123.75,48.75,48.75,1.0,0,2.497119191459681
7970,126.25,48.75,48.75,1.0,0,2.5185743283838558
7971,128.75,48.75,48.75,1.0,0,2.4121563320312096
7972,131.25,48.75,48.75,1.0,0,2.397124832876718
7973,133.75,48.75,48.75,1.0,0,2.460667094160828
7974,136.25,48.75,48.75,1.0,0,2.519843284624522
7975,138.75,48.75,48.75,1.0,0,2.569510580277032
7976,141.25,48.75,48.75,0.0,2,3.056732713087422
7977,143.75,48.75,48.75,0.0,2,2.8889765231420426
7978,146.25,48.75,48.75,0.0,2,2.921870605669199
7979,148.75,48.75,48.75,0.0,2,2.7428889841313646
7980,151.25,48.75,48.75,0.0,2,2.477163810586581
7981,153.75,48.75,48.75,0.0,2,2.251803070880884
7982,156.25,48.75,48.75,0.0,2,2.1053580031511054
7983,158.75,48.75,48.75,0.0,2,2.0089839070932194
7984,161.25,48.75,48.75,0.0,2,1.9376125261098007
7985,163.75,48.75,48.75,0.0,2,1.8688082268538606
7986,166.25,48.75,48.75,0.0,2,1.807515471459833
7987,168.75,48.75,48.75,0.0,2,1.7636905695072134
7988,171.25,48.75,48.75,0.0,2,1.7322805919277995
7989,173.75,48.75,48.75,0.0,2,1.7069162746592268
7990,176.25,48.75,48.75,0.0,2,1.6831725764470133
7991,178.75,48.75,48.75,0.0,2,1.655568512613853
7992,181.25,48.75,48.75,0.0,2,1.6270247692249677
7993,183.75,48.75,48.75,0.0,2,1.5964651623155732
7994,186.25,48.75,48.75,0.0,2,1.5679072111553032
7995,188.75,48.75,48.75,0.0,2,1.5390203170578858
7996,191.25,48.75,48.75,0.0,2,1.5094127475887793
7997,193.75,48.75,48.75,0.0,2,1.4793363444081116
7998,196.25,48.75,48.75,0.0,2,1.4476986069740274
7999,198.75,48.75,48.75,0.0,2,1.412211865248726
8000,201.25,48.75,48.75,0.0,2,1.3755463105446795
8001,203.75,48.75,48.75,0.0,2,1.3403445753087222
8002,206.25,48.75,48.75,0.0,2,1.3051857744039277
8003,208.75,48.75,48.75,0.0,2,1.2671659482488906
8004,211.25,48.75,48.75,0.0,2,1.2290745236723124
8005,213.75,48.75,48.75,0.0,2,1.1927802866854045
8006,216.25,48.75,48.75,0.0,2,1.1619217523505738
8007,218.75,48.75,48.75,0.0,2,1.1361716153962014
8008,221.25,48.75,48.75,0.0,2,1.1138053419839686
8009,223.75,48.75,48.75,0.0,2,1.0933327460052678
8010,226.25,48.75,48.75,0.0,2,1.0716569014505946
8011,228.75,48.75,48.75,0.0,2,1.0485980098366008
8012,231.25,48.75,48.75,0.0,2,1.0275709857717021
8013,233.75,48.75,48.75,0.0,2,1.0789501807661637
8014,236.25,48.75,48.75,1.0,0,1.3649436068271763
8015,238.75,48.75,48.75,1.0,0,1.7460000700837541
8016,241.25,48.75,48.75,1.0,0,2.1317761596716047
8017,243.75,48.75,48.75,1.0,0,2.2098862430594473
8018,246.25,48.75,48.75,1.0,0,2.2084812109699477
8019,248.75,48.75,48.75,1.0,0,2.3255640905271955
8020,251.25,48.75,48.75,1.0,0,2.3507385235943796
8021,253.75,48.75,48.75,1.0,0,2.470484017644764
8022,256.25,48.75,48.75,1.0,0,2.658440893164282
8023,258.75,48.75,48.75,1.0,0,2.818622987799042
8024,261.25,48.75,48.75,1.0,0,2.9351838280547122
8025,263.75,48.75,48.75,1.0,0,2.895961633201835
8026,266.25,48.75,48.75,1.0,0,2.569984139973259
8027,268.75,48.75,48.75,1.0,0,2.521883854819137
8028,271.25,48.75,48.75,1.0,0,2.679972114195704
8029,273.75,48.75,48.75,1.0,0,2.7207282053515742
8030,276.25,48.75,48.75,1.0,0,2.5983909058313475
8031,278.75,48.75,48.75,1.0,0,2.638134168492606
8032,281.25,48.75,48.75,1.0,0,2.6445002988615385
8033,283.75,48.75,48.75,1.0,0,2.6344319704994654
8034,286.25,48.75,48.75,1.0,0,2.576682131668271
8035,288.75,48.75,48.75,1.0,0,2.5379640923506095
8036,291.25,48.75,48.75,1.0,0,2.53283118373793
8037,293.75,48.75,48.75,0.0,0,2.5329898046315975
8038,296.25,48.75,48.75,0.0,1,2.50208328822323
8039,298.75,48.75,48.75,0.0,1,2.3480919032085996
8040,301.25,48.75,48.75,0.0,1,2.215934036680103
8041,303.75,48.75,48.75,1.0,0,2.0005558198690077
8042,306.25,48.75,48.75,0.0,1,1.510888223954163
8043,308.75,48.75,48.75,0.0,1,1.103024681582505
8044,311.25,48.75,48.75,0.0,1,0.8786108632345353
8045,313.75,48.75,48.75,0.0,1,0.7858625297762909
8046,316.25,48.75,48.75,0.0,1,0.744870561324128
8047,318.75,48.75,48.75,0.0,1,0.61047491306157
8048,321.25,48.75,48.75,0.0,1,0.4212734348756256
8049,323.75,48.75,48.75,0.0,1,0.3670673230839074
8050,326.25,48.75,48.75,0.0,1,0.37924612660406454
8051,328.75,48.75,48.75,0.0,1,0.2877776524729394
8052,331.25,48.75,48.75,0.0,1,0.14005653402079246
8053,333.75,48.75,48.75,0.0,1,0.1663081681620527
8054,336.25,48.75,48.75,0.0,1,0.2756100130135415
8055,338.75,48.75,48.75,0.0,1,0.35858076006906203
8056,341.25,48.75,48.75,0.0,1,0.44260222946249966
8057,343.75,48.75,48.75,0.0,1,0.5348315061769496
8058,346.25,48.75,48.75,0.0,1,0.6239510978094698
8059,348.75,48.75,48.75,0.0,1,0.6981081413902652
8060,351.25,48.75,48.75,0.0,1,0.7712668338200793
8061,353.75,48.75,48.75,0.0,1,0.8579747795593787
8062,356.25,48.75,48.75,0.0,1,1.0463303883918107
8063,358.75,48.75,48.75,0.0,0,1.1871751556716938
8064,1.25,51.25,51.25,0.0,1,1.2032820688724213
8065,3.75,51.25,51.25,0.0,1,1.254440648657509
8066,6.25,51.25,51.25,1.0,0,1.4108194190570895
8067,8.75,51.25,51.25,1.0,0,1.5723903952318148
8068,11.25,51.25,51.25,1.0,0,1.6565660651506606
8069,13.75,51.25,51.25,1.0,0,1.6837542321229717
8070,16.25,51.25,51.25,1.0,0,1.7196035429880732
8071,18.75,51.25,51.25,1.0,0,1.8108261224114808
8072,21.25,51.25,51.25,1.0,0,1.9044341428765958
8073,23.75,51.25,51.25,1.0,0,1.9830637246198572
8074,26.25,51.25,51.25,1.0,0,2.076986213351904
8075,28.75,51.25,51.25,1.0,0,2.189850553394557
8076,31.25,51.25,51.25,1.0,0,2.322924894878003
8077,33.75,51.25,51.25,1.0,0,2.4688340400331157
8078,36.25,51.25,51.25,1.0,0,2.554285765591278
8079,38.75,51.25,51.25,1.0,0,2.631777062453044
8080,41.25,51.25,51.25,1.0,0,2.7101253755936683
8081,43.75,51.25,51.25,1.0,0,2.717504314184886
8082,46.25,51.25,51.25,1.0,0,2.6702360223455632
8083,48.75,51.25,51.25,1.0,0,2.693171267505945
8084,51.25,51.25,51.25,1.0,0,2.6640816807502934
8085,53.75,51.25,51.25,1.0,0,2.626528765055387
8086,56.25,51.25,51.25,1.0,0,2.595709311986215
8087,58.75,51.25,51.25,1.0,0,2.5843545767382716
8088,61.25,51.25,51.25,1.0,0,2.6278439365737802
8089,63.75,51.25,51.25,1.0,0,2.639944862557417
8090,66.25,51.25,51.25,1.0,0,2.615783697883602
8091,68.75,51.25,51.25,1.0,0,2.6116964838835464
8092,71.25,51.25,51.25,1.0,0,2.62223608996157
8093,73.75,51.25,51.25,1.0,0,2.6128628504861284
8094,76.25,51.25,51.25,1.0,0,2.6211964075315257
8095,78.75,51.25,51.25,1.0,0,2.6954701780455577
8096,81.25,51.25,51.25,1.0,0,2.750184916985791
8097,83.75,51.25,51.25,1.0,0,2.5229829828335726
8098,86.25,51.25,51.25,1.0,0,2.2867243078895156
8099,88.75,51.25,51.25,1.0,0,2.2589921214956807
8100,91.25,51.25,51.25,1.0,0,2.328813681295589
8101,93.75,51.25,51.25,1.0,0,2.517411332112812
8102,96.25,51.25,51.25,1.0,0,2.358391017140757
8103,98.75,51.25,51.25,1.0,0,2.425347581928056
8104,101.25,51.25,51.25,1.0,0,2.4576940076891227
8105,103.75,51.25,51.25,1.0,0,2.3935083718362233
8106,106.25,51.25,51.25,1.0,0,2.545362004443198
8107,108.75,51.25,51.25,1.0,0,2.490737652583629
8108,111.25,51.25,51.25,1.0,0,2.4422260804811535
8109,113.75,51.25,51.25,1.0,0,2.506341310668285
8110,116.25,51.25,51.25,1.0,0,2.5326231267182355
8111,118.75,51.25,51.25,1.0,0,2.4887631148811513
8112,121.25,51.25,51.25,1.0,0,2.4528124064687473
8113,123.75,51.25,51.25,1.0,0,2.4054015867798597
8114,126.25,51.25,51.25,1.0,0,2.3964181839270706
8115,128.75,51.25,51.25,1.0,0,2.435926476085754
8116,131.25,51.25,51.25,1.0,0,2.4220669863543396
8117,133.75,51.25,51.25,1.0,0,2.4257923992523582
8118,136.25,51.25,51.25,1.0,0,2.4691631399027942
8119,138.75,51.25,51.25,1.0,0,2.479163524276291
8120,141.25,51.25,51.25,0.0,2,2.7971902816544283
8121,143.75,51.25,51.25,0.0,2,2.759631652434419
8122,146.25,51.25,51.25,0.0,2,2.9385315300501347
8123,148.75,51.25,51.25,0.0,2,2.8752573554522804
8124,151.25,51.25,51.25,0.0,2,2.569383735067788
8125,153.75,51.25,51.25,0.0,2,2.31488060784499
8126,156.25,51.25,51.25,0.0,2,2.160176247920397
8127,158.75,51.25,51.25,0.0,2,2.0071024871230185
8128,161.25,51.25,51.25,0.0,2,1.8743113086368055
8129,163.75,51.25,51.25,0.0,2,1.7797098462019305
8130,166.25,51.25,51.25,0.0,2,1.7087365840810738
8131,168.75,51.25,51.25,0.0,2,1.6585914409469908
8132,171.25,51.25,51.25,0.0,2,1.624473759463207
8133,173.75,51.25,51.25,0.0,2,1.600018134161082
8134,176.25,51.25,51.25,0.0,2,1.5788257463832256
8135,178.75,51.25,51.25,0.0,2,1.5579468776598604
8136,181.25,51.25,51.25,0.0,2,1.532909547995945
8137,183.75,51.25,51.25,0.0,2,1.505315134301179
8138,186.25,51.25,51.25,0.0,2,1.4787085511314282
8139,188.75,51.25,51.25,0.0,2,1.4519154959597795
8140,191.25,51.25,51.25,0.0,2,1.4278207787294148
8141,193.75,51.25,51.25,0.0,2,1.4057444732202267
8142,196.25,51.25,51.25,0.0,2,1.384094552283857
8143,198.75,51.25,51.25,0.0,2,1.3592332050559546
8144,201.25,51.25,51.25,0.0,2,1.3284964703441957
8145,203.75,51.25,51.25,0.0,2,1.2972200015848006
8146,206.25,51.25,51.25,0.0,2,1.2666350335772432
8147,208.75,51.25,51.25,0.0,2,1.2337215307783205
8148,211.25,51.25,51.25,0.0,2,1.2012350889681829
8149,213.75,51.25,51.25,0.0,2,1.1695249683356999
8150,216.25,51.25,51.25,0.0,2,1.1404607808987384
8151,218.75,51.25,51.25,0.0,2,1.1136075069596232
8152,221.25,51.25,51.25,0.0,2,1.0899577178393383
8153,223.75,51.25,51.25,0.0,2,1.0698408389940344
8154,226.25,51.25,51.25,0.0,2,1.0489254286010201
8155,228.75,51.25,51.25,0.0,2,1.028514660776137
8156,231.25,51.25,51.25,0.0,2,1.0775970511214437
8157,233.75,51.25,51.25,1.0,0,1.5030268034916303
8158,236.25,51.25,51.25,1.0,0,1.6663289913960802
8159,238.75,51.25,51.25,1.0,0,1.7092519906572845
8160,241.25,51.25,51.25,1.0,0,1.7376365604864055
8161,243.75,51.25,51.25,1.0,0,1.8338203583320065
8162,246.25,51.25,51.25,1.0,0,2.231513796847707
8163,248.75,51.25,51.25,1.0,0,2.25024274773835
8164,251.25,51.25,51.25,1.0,0,2.3480500132247326
8165,253.75,51.25,51.25,1.0,0,2.4788941343977724
8166,256.25,51.25,51.25,1.0,0,2.6235998389338873
8167,258.75,51.25,51.25,1.0,0,2.6204750647985713
8168,261.25,51.25,51.25,1.0,0,2.6257447924040966
8169,263.75,51.25,51.25,1.0,0,2.6118299666209133
8170,266.25,51.25,51.25,1.0,0,2.5193442750026853
8171,268.75,51.25,51.25,1.0,0,2.5421861278542695
8172,271.25,51.25,51.25,1.0,0,2.6043803625718334
8173,273.75,51.25,51.25,1.0,0,2.6618893819645146
8174,276.25,51.25,51.25,1.0,0,2.7462474582961924
8175,278.75,51.25,51.25,1.0,0,2.7425230332610395
8176,281.25,51.25,51.25,1.0,0,2.735035886769111
8177,283.75,51.25,51.25,1.0,0,2.7167950973331836
8178,286.25,51.25,51.25,1.0,0,2.7578670797282894
8179,288.75,51.25,51.25,1.0,0,2.7030011486276795
8180,291.25,51.25,51.25,1.0,0,2.663809458945847
8181,293.75,51.25,51.25,1.0,0,2.624333845819392
8182,296.25,51.25,51.25,1.0,0,2.536827899938715
8183,298.75,51.25,51.25,1.0,0,2.394671578239542
8184,301.25,51.25,51.25,1.0,0,2.231836840853248
8185,303.75,51.25,51.25,1.0,0,1.9037469679022423
8186,306.25,51.25,51.25,0.0,1,1.1205227061717378
8187,308.75,51.25,51.25,0.0,1,0.7405562321939079
8188,311.25,51.25,51.25,0.0,1,0.459701871957896
8189,313.75,51.25,51.25,0.0,1,0.3567257116026044
8190,316.25,51.25,51.25,0.0,1,0.2900701440198537
8191,318.75,51.25,51.25,0.0,1,0.18441394556270355
8192,321.25,51.25,51.25,0.0,1,0.04191967099857551
8193,323.75,51.25,51.25,0.0,1,-0.0898193902281926
8194,326.25,51.25,51.25,0.0,1,-0.12287084088231753
8195,328.75,51.25,51.25,0.0,1,-0.11079475402135533
8196,331.25,51.25,51.25,0.0,1,-0.11687032386087862
8197,333.75,51.25,51.25,0.0,1,-0.10205398927934711
8198,336.25,51.25,51.25,0.0,1,-0.024720685272122508
8199,338.75,51.25,51.25,0.0,1,0.1309821449520687
8200,341.25,51.25,51.25,0.0,1,0.30084415090640204
8201,343.75,51.25,51.25,0.0,1,0.4461205916892328
8202,346.25,51.25,51.25,0.0,1,0.5569593571485315
8203,348.75,51.25,51.25,0.0,1,0.6439484512671115
8204,351.25,51.25,51.25,0.0,1,0.7836437210599615
8205,353.75,51.25,51.25,0.0,1,0.8738180187778479
8206,356.25,51.25,51.25,0.0,0,0.9898915581518661
8207,358.75,51.25,51.25,0.0,0,1.1209200673812514
8208,1.25,53.75,53.75,0.0,1,1.12312675359503
8209,3.75,53.75,53.75,0.0,1,1.1824583583444082
8210,6.25,53.75,53.75,0.0,1,1.2506946622085848
8211,8.75,53.75,53.75,0.0,1,1.3636722849173897
8212,11.25,53.75,53.75,1.0,0,1.477995570364126
8213,13.75,53.75,53.75,0.0,1,1.559745104471634
8214,16.25,53.75,53.75,1.0,0,1.6159109182896634
8215,18.75,53.75,53.75,1.0,0,1.659959973127295
8216,21.25,53.75,53.75,1.0,0,1.8107437115848737
8217,23.75,53.75,53.75,1.0,0,1.893716381690306
8218,26.25,53.75,53.75,1.0,0,2.005755611148757
8219,28.75,53.75,53.75,1.0,0,2.0742317601169025
8220,31.25,53.75,53.75,1.0,0,2.247431883588317
8221,33.75,53.75,53.75,1.0,0,2.3152895776891564
8222,36.25,53.75,53.75,1.0,0,2.405817987513512
8223,38.75,53.75,53.75,1.0,0,2.5426937675966936
8224,41.25,53.75,53.75,1.0,0,2.5570445567147564
8225,43.75,53.75,53.75,1.0,0,2.596090761380048
8226,46.25,53.75,53.75,1.0,0,2.6063470826186466
8227,48.75,53.75,53.75,1.0,0,2.5847077964861733
8228,51.25,53.75,53.75,1.0,0,2.597505566780133
8229,53.75,53.75,53.75,1.0,0,2.567103313475238
8230,56.25,53.75,53.75,1.0,0,2.404056725000384
8231,58.75,53.75,53.75,1.0,0,2.3735187668141307
8232,61.25,53.75,53.75,1.0,0,2.5453439018861497
8233,63.75,53.75,53.75,1.0,0,2.623398764662981
8234,66.25,53.75,53.75,1.0,0,2.6659392525707206
8235,68.75,53.75,53.75,1.0,0,2.6893271076158514
8236,71.25,53.75,53.75,1.0,0,2.6917981196364082
8237,73.75,53.75,53.75,1.0,0,2.712133871674795
8238,76.25,53.75,53.75,1.0,0,2.727153947057034
8239,78.75,53.75,53.75,1.0,0,2.78271696442606
8240,81.25,53.75,53.75,1.0,0,2.765418636550008
8241,83.75,53.75,53.75,1.0,0,2.692694843863188
8242,86.25,53.75,53.75,1.0,0,2.5934505668921957
8243,88.75,53.75,53.75,1.0,0,2.3429884505967715
8244,91.25,53.75,53.75,1.0,0,2.4610138722389654
8245,93.75,53.75,53.75,1.0,0,2.300561361494512
8246,96.25,53.75,53.75,1.0,0,2.297491859221983
8247,98.75,53.75,53.75,1.0,0,2.3004685332911157
8248,101.25,53.75,53.75,1.0,0,2.3187143512315194
8249,103.75,53.75,53.75,1.0,0,2.3830103066993464
8250,106.25,53.75,53.75,1.0,0,2.5264556319559404
8251,108.75,53.75,53.75,1.0,0,2.5856108000563243
8252,111.25,53.75,53.75,1.0,0,2.4837654406746603
8253,113.75,53.75,53.75,1.0,0,2.399075021156161
8254,116.25,53.75,53.75,1.0,0,2.3478338599156863
8255,118.75,53.75,53.75,1.0,0,2.3673049187906376
8256,121.25,53.75,53.75,1.0,0,2.372796364398656
8257,123.75,53.75,53.75,1.0,0,2.3727690126963163
8258,126.25,53.75,53.75,1.0,0,2.363961984211196
8259,128.75,53.75,53.75,1.0,0,2.3654179728311466
8260,131.25,53.75,53.75,1.0,0,2.348709165333581
8261,133.75,53.75,53.75,1.0,0,2.3777922120671007
8262,136.25,53.75,53.75,1.0,0,2.400471196394744
8263,138.75,53.75,53.75,1.0,0,2.5730466141495887
8264,141.25,53.75,53.75,0.0,2,2.7145738010585285
8265,143.75,53.75,53.75,0.0,2,2.8626181713445202
8266,146.25,53.75,53.75,0.0,2,3.0129770794141764
8267,148.75,53.75,53.75,0.0,2,3.007563716249026
8268,151.25,53.75,53.75,0.0,2,2.7662673396095023
8269,153.75,53.75,53.75,0.0,2,2.4704380015570906
8270,156.25,53.75,53.75,0.0,2,2.404387241131931
8271,158.75,53.75,53.75,1.0,0,2.3735471063121687
8272,161.25,53.75,53.75,0.0,2,2.041875546059316
8273,163.75,53.75,53.75,0.0,2,1.8511899574981718
8274,166.25,53.75,53.75,0.0,2,1.7411823950687497
8275,168.75,53.75,53.75,0.0,2,1.6710647377609127
8276,171.25,53.75,53.75,0.0,2,1.6248143168856253
8277,173.75,53.75,53.75,0.0,2,1.593336619670105
8278,176.25,53.75,53.75,0.0,2,1.5688384302855438
8279,178.75,53.75,53.75,0.0,2,1.547243738423789
8280,181.25,53.75,53.75,0.0,2,1.527406131833782
8281,183.75,53.75,53.75,0.0,2,1.506883969221726
8282,186.25,53.75,53.75,0.0,2,1.4864782660395446
8283,188.75,53.75,53.75,0.0,2,1.464959915598513
8284,191.25,53.75,53.75,0.0,2,1.4404987371698519
8285,193.75,53.75,53.75,0.0,2,1.426222572538019
8286,196.25,53.75,53.75,0.0,2,1.419589717611286
8287,198.75,53.75,53.75,0.0,2,1.3931168511704723
8288,201.25,53.75,53.75,0.0,2,1.3495126851207846
8289,203.75,53.75,53.75,0.0,2,1.3052154693334228
8290,206.25,53.75,53.75,0.0,2,1.2646562970445003
8291,208.75,53.75,53.75,0.0,2,1.2276872397771565
8292,211.25,53.75,53.75,0.0,2,1.1923533864780669
8293,213.75,53.75,53.75,0.0,2,1.1590340080517871
8294,216.25,53.75,53.75,0.0,2,1.1287875911913734
8295,218.75,53.75,53.75,0.0,2,1.1016100622203242
8296,221.25,53.75,53.75,0.0,2,1.0784434532516116
8297,223.75,53.75,53.75,0.0,2,1.0596833367607696
8298,226.25,53.75,53.75,0.0,2,1.0476675375851219
8299,228.75,53.75,53.75,0.0,2,1.12476463958282
8300,231.25,53.75,53.75,1.0,0,1.4001678162152744
8301,233.75,53.75,53.75,1.0,0,1.5261583784661226
8302,236.25,53.75,53.75,1.0,0,1.6025900782244413
8303,238.75,53.75,53.75,1.0,0,1.6223965042014399
8304,241.25,53.75,53.75,1.0,0,1.662517242081004
8305,243.75,53.75,53.75,1.0,0,1.7197856919732377
8306,246.25,53.75,53.75,1.0,0,2.1281867840190234
8307,248.75,53.75,53.75,1.0,0,2.268271992662668
8308,251.25,53.75,53.75,1.0,0,2.2396915182815484
8309,253.75,53.75,53.75,1.0,0,2.273631463591638
8310,256.25,53.75,53.75,1.0,0,2.3096123105871817
8311,258.75,53.75,53.75,1.0,0,2.384067169013409
8312,261.25,53.75,53.75,1.0,0,2.539626418933172
8313,263.75,53.75,53.75,1.0,0,2.57886971318823
8314,266.25,53.75,53.75,1.0,0,2.6179013186609623
8315,268.75,53.75,53.75,1.0,0,2.694439432172004
8316,271.25,53.75,53.75,1.0,0,2.8099669799991545
8317,273.75,53.75,53.75,1.0,0,2.9339074534990353
8318,276.25,53.75,53.75,1.0,0,2.982369322314673
8319,278.75,53.75,53.75,0.0,2,2.866998378566718
8320,281.25,53.75,53.75,0.0,1,2.989520034505563
8321,283.75,53.75,53.75,1.0,0,3.06928547872825
8322,286.25,53.75,53.75,1.0,0,2.9623195086209786
8323,288.75,53.75,53.75,1.0,0,2.848161977455289
8324,291.25,53.75,53.75,1.0,0,2.7618546330251275
8325,293.75,53.75,53.75,1.0,0,2.7182669661176666
8326,296.25,53.75,53.75,1.0,0,2.6745489504349385
8327,298.75,53.75,53.75,1.0,0,2.549909826567241
8328,301.25,53.75,53.75,1.0,0,2.1614854173722375
8329,303.75,53.75,53.75,0.0,1,1.3985073706534827
8330,306.25,53.75,53.75,0.0,1,0.7218431752715093
8331,308.75,53.75,53.75,0.0,1,0.4211387364233021
8332,311.25,53.75,53.75,0.0,1,0.33228950755293607
8333,313.75,53.75,53.75,0.0,1,0.33600741786270805
8334,316.25,53.75,53.75,0.0,1,0.30836727991313045
8335,318.75,53.75,53.75,0.0,1,0.18752870436890717
8336,321.25,53.75,53.75,0.0,1,0.009820402042027622
8337,323.75,53.75,53.75,0.0,1,-0.09516284986735882
8338,326.25,53.75,53.75,0.0,1,-0.10614090172013785
8339,328.75,53.75,53.75,0.0,1,-0.13410899027039067
8340,331.25,53.75,53.75,0.0,1,-0.15495420103246557
8341,333.75,53.75,53.75,0.0,1,-0.1412101132717803
8342,336.25,53.75,53.75,0.0,1,-0.05758434729779107
8343,338.75,53.75,53.75,0.0,1,0.1403110309528144
8344,341.25,53.75,53.75,0.0,1,0.32766150003767164
8345,343.75,53.75,53.75,0.0,1,0.4414961113977388
8346,346.25,53.75,53.75,0.0,1,0.5236543464824595
8347,348.75,53.75,53.75,0.0,1,0.6091076044082578
8348,351.25,53.75,53.75,1.0,0,0.7969727678845917
8349,353.75,53.75,53.75,1.0,0,0.9275998353630396
8350,356.25,53.75,53.75,1.0,0,1.0297103668371903
8351,358.75,53.75,53.75,1.0,0,1.060510940290451
8352,1.25,56.25,56.25,0.0,1,1.034723452895937
8353,3.75,56.25,56.25,0.0,1,1.1105304632805004
8354,6.25,56.25,56.25,0.0,1,1.1993604602008237
8355,8.75,56.25,56.25,0.0,1,1.346220986713043
8356,11.25,56.25,56.25,1.0,0,1.4327676479239668
8357,13.75,56.25,56.25,1.0,0,1.5093228260327622
8358,16.25,56.25,56.25,0.0,1,1.585554821877128
8359,18.75,56.25,56.25,0.0,1,1.643543237287173
8360,21.25,56.25,56.25,0.0,1,1.7098513746179802
8361,23.75,56.25,56.25,1.0,0,1.8852262711995094
8362,26.25,56.25,56.25,1.0,0,1.9482331038605405
8363,28.75,56.25,56.25,1.0,0,1.956162590294904
8364,31.25,56.25,56.25,1.0,0,2.000614777822641
8365,33.75,56.25,56.25,1.0,0,2.0987659303436823
8366,36.25,56.25,56.25,1.0,0,2.1931748203644523
8367,38.75,56.25,56.25,1.0,0,2.227877608374087
8368,41.25,56.25,56.25,1.0,0,2.268663975881636
8369,43.75,56.25,56.25,1.0,0,2.3345210229059123
8370,46.25,56.25,56.25,1.0,0,2.3545967278681594
8371,48.75,56.25,56.25,1.0,0,2.426864820087414
8372,51.25,56.25,56.25,1.0,0,2.437544313339467
8373,53.75,56.25,56.25,1.0,0,2.4165618348594466
8374,56.25,56.25,56.25,1.0,0,2.3161103942074877
8375,58.75,56.25,56.25,1.0,0,2.2716091294572003
8376,61.25,56.25,56.25,1.0,0,2.3481020235736376
8377,63.75,56.25,56.25,1.0,0,2.4554823795413494
8378,66.25,56.25,56.25,1.0,0,2.5519546320997897
8379,68.75,56.25,56.25,1.0,0,2.6379675854374542
8380,71.25,56.25,56.25,1.0,0,2.603891101595243
8381,73.75,56.25,56.25,1.0,0,2.5759863109627137
8382,76.25,56.25,56.25,1.0,0,2.536778514110621
8383,78.75,56.25,56.25,1.0,0,2.4781448562497452
8384,81.25,56.25,56.25,1.0,0,2.419461039021682
8385,83.75,56.25,56.25,1.0,0,2.541906656556696
8386,86.25,56.25,56.25,1.0,0,2.511515450125354
8387,88.75,56.25,56.25,1.0,0,2.470943980768852
8388,91.25,56.25,56.25,1.0,0,2.4544289057824327
8389,93.75,56.25,56.25,1.0,0,2.3938752283045996
8390,96.25,56.25,56.25,1.0,0,2.4338879898030954
8391,98.75,56.25,56.25,1.0,0,2.375561236615856
8392,101.25,56.25,56.25,1.0,0,2.391862051230207
8393,103.75,56.25,56.25,1.0,0,2.3516169985416404
8394,106.25,56.25,56.25,1.0,0,2.3423457715810807
8395,108.75,56.25,56.25,1.0,0,2.4245938263832683
8396,111.25,56.25,56.25,1.0,0,2.408816707604452
8397,113.75,56.25,56.25,1.0,0,2.3529425327391706
8398,116.25,56.25,56.25,1.0,0,2.3061871735199304
8399,118.75,56.25,56.25,1.0,0,2.340110985630844
8400,121.25,56.25,56.25,1.0,0,2.3270842947134707
8401,123.75,56.25,56.25,1.0,0,2.3531559830241986
8402,126.25,56.25,56.25,1.0,0,2.2697559045531004
8403,128.75,56.25,56.25,1.0,0,2.3039212361560977
8404,131.25,56.25,56.25,1.0,0,2.310509092500761
8405,133.75,56.25,56.25,1.0,0,2.332946249677889
8406,136.25,56.25,56.25,1.0,0,2.3269049612644097
8407,138.75,56.25,56.25,0.0,2,2.550708116089703
8408,141.25,56.25,56.25,0.0,2,2.6972891311156872
8409,143.75,56.25,56.25,0.0,2,2.824167959384491
8410,146.25,56.25,56.25,0.0,2,2.928063811042577
8411,148.75,56.25,56.25,0.0,2,3.005526304957254
8412,151.25,56.25,56.25,0.0,2,2.9468231515627306
8413,153.75,56.25,56.25,0.0,2,2.6805796508562763
8414,156.25,56.25,56.25,0.0,2,2.539102584684247
8415,158.75,56.25,56.25,1.0,0,2.562206954598266
8416,161.25,56.25,56.25,1.0,0,2.481182322374055
8417,163.75,56.25,56.25,0.0,2,2.0474193271392473
8418,166.25,56.25,56.25,0.0,2,1.8289299479322478
8419,168.75,56.25,56.25,0.0,2,1.7366842821090347
8420,171.25,56.25,56.25,0.0,2,1.684720200897477
8421,173.75,56.25,56.25,0.0,2,1.6506110783527457
8422,176.25,56.25,56.25,0.0,2,1.628084442017136
8423,178.75,56.25,56.25,0.0,2,1.6131519895051143
8424,181.25,56.25,56.25,0.0,2,1.6033508535361862
8425,183.75,56.25,56.25,0.0,2,1.5951591878510645
8426,186.25,56.25,56.25,0.0,2,1.5886572313832752
8427,188.75,56.25,56.25,0.0,2,1.589842463556227
8428,191.25,56.25,56.25,0.0,2,1.5895334600048405
8429,193.75,56.25,56.25,0.0,2,1.5955370236252726
8430,196.25,56.25,56.25,0.0,2,1.615994103360656
8431,198.75,56.25,56.25,0.0,2,1.6232020878188327
8432,201.25,56.25,56.25,0.0,2,1.5186852815838077
8433,203.75,56.25,56.25,0.0,2,1.4110502848365323
8434,206.25,56.25,56.25,0.0,2,1.3306348697265897
8435,208.75,56.25,56.25,0.0,2,1.2649636435447085
8436,211.25,56.25,56.25,0.0,2,1.2116716826985263
8437,213.75,56.25,56.25,0.0,2,1.1700302927875528
8438,216.25,56.25,56.25,0.0,2,1.1367063680936706
8439,218.75,56.25,56.25,0.0,2,1.1081633329734195
8440,221.25,56.25,56.25,0.0,2,1.0848058836050685
8441,223.75,56.25,56.25,0.0,2,1.081379319434479
8442,226.25,56.25,56.25,0.0,2,1.1829178085880137
8443,228.75,56.25,56.25,1.0,0,1.451136988554682
8444,231.25,56.25,56.25,1.0,0,1.5044662132637838
8445,233.75,56.25,56.25,1.0,0,1.5617713544633893
8446,236.25,56.25,56.25,1.0,0,1.652466010317142
8447,238.75,56.25,56.25,1.0,0,1.7587576456588367
8448,241.25,56.25,56.25,1.0,0,1.9799636487958092
8449,243.75,56.25,56.25,1.0,0,1.8946803660874165
8450,246.25,56.25,56.25,1.0,0,1.901162480850105
8451,248.75,56.25,56.25,1.0,0,1.9764714262240242
8452,251.25,56.25,56.25,1.0,0,2.1091707972702447
8453,253.75,56.25,56.25,1.0,0,2.208306764824386
8454,256.25,56.25,56.25,1.0,0,2.31247604197819
8455,258.75,56.25,56.25,1.0,0,2.409722619004213
8456,261.25,56.25,56.25,1.0,0,2.5033128068808437
8457,263.75,56.25,56.25,1.0,0,2.6572592806765196
8458,266.25,56.25,56.25,1.0,0,2.77624962524801
8459,268.75,56.25,56.25,1.0,0,2.8981416352558855
8460,271.25,56.25,56.25,1.0,0,2.94442981008332
8461,273.75,56.25,56.25,0.0,2,2.826988746664185
8462,276.25,56.25,56.25,0.0,2,2.8781444933075373
8463,278.75,56.25,56.25,0.0,2,2.947765278931473
8464,281.25,56.25,56.25,0.0,1,3.0030050430627666
8465,283.75,56.25,56.25,0.0,0,3.1175895768184376
8466,286.25,56.25,56.25,1.0,0,2.9731069644167856
8467,288.75,56.25,56.25,1.0,0,2.9186203962925497
8468,291.25,56.25,56.25,1.0,0,2.9235940187460394
8469,293.75,56.25,56.25,1.0,0,2.8223937684598295
8470,296.25,56.25,56.25,1.0,0,2.75742556910407
8471,298.75,56.25,56.25,0.0,1,2.2568630906893343
8472,301.25,56.25,56.25,0.0,1,1.2784226473271187
8473,303.75,56.25,56.25,0.0,1,0.6546616416682447
8474,306.25,56.25,56.25,0.0,1,0.4847351171978692
8475,308.75,56.25,56.25,0.0,1,0.4728657226756539
8476,311.25,56.25,56.25,0.0,1,0.49326297963238785
8477,313.75,56.25,56.25,0.0,1,0.4993720961570687
8478,316.25,56.25,56.25,0.0,1,0.4807445393275408
8479,318.75,56.25,56.25,0.0,1,0.4114901821222647
8480,321.25,56.25,56.25,0.0,1,0.31759788407149225
8481,323.75,56.25,56.25,0.0,1,0.25699208738007123
8482,326.25,56.25,56.25,0.0,1,0.2281271159979381
8483,328.75,56.25,56.25,0.0,1,0.2086726989305312
8484,331.25,56.25,56.25,0.0,1,0.19842995487841053
8485,333.75,56.25,56.25,0.0,1,0.1999773408032452
8486,336.25,56.25,56.25,0.0,1,0.23661049203899742
8487,338.75,56.25,56.25,0.0,1,0.3508107705105466
8488,341.25,56.25,56.25,0.0,1,0.45853905274394224
8489,343.75,56.25,56.25,0.0,1,0.5256878228267937
8490,346.25,56.25,56.25,0.0,1,0.5656945056094604
8491,348.75,56.25,56.25,0.0,1,0.6064461958499241
8492,351.25,56.25,56.25,0.0,1,0.6710911184982735
8493,353.75,56.25,56.25,0.0,1,0.8010932089414342
8494,356.25,56.25,56.25,1.0,0,1.008800683275934
8495,358.75,56.25,56.25,0.0,1,0.9964892699308612
8496,1.25,58.75,58.75,0.0,1,0.9397145928373258
8497,3.75,58.75,58.75,0.0,1,1.0514876933467494
8498,6.25,58.75,58.75,0.0,1,1.2166862241464886
8499,8.75,58.75,58.75,0.0,0,1.3801552796978762
8500,11.25,58.75,58.75,0.0,1,1.4371643639409175
8501,13.75,58.75,58.75,1.0,0,1.5720983120746248
8502,16.25,58.75,58.75,1.0,0,1.5833252957763881
8503,18.75,58.75,58.75,0.0,1,1.6730892191163622
8504,21.25,58.75,58.75,0.0,1,1.7497681934911207
8505,23.75,58.75,58.75,0.0,1,1.8306918145849211
8506,26.25,58.75,58.75,1.0,0,1.9287069622505828
8507,28.75,58.75,58.75,1.0,0,1.9320745704893971
8508,31.25,58.75,58.75,1.0,0,1.9769149743246286
8509,33.75,58.75,58.75,1.0,0,2.0009894448802523
8510,36.25,58.75,58.75,1.0,0,2.090622161323666
8511,38.75,58.75,58.75,1.0,0,2.173930595158082
8512,41.25,58.75,58.75,1.0,0,2.146980580483219
8513,43.75,58.75,58.75,1.0,0,2.1265698055851927
8514,46.25,58.75,58.75,1.0,0,2.1622488828715425
8515,48.75,58.75,58.75,1.0,0,2.185294960265371
8516,51.25,58.75,58.75,1.0,0,2.1967981581572746
8517,53.75,58.75,58.75,1.0,0,2.1749217657673725
8518,56.25,58.75,58.75,1.0,0,2.173760462900668
8519,58.75,58.75,58.75,1.0,0,2.1526901232666233
8520,61.25,58.75,58.75,1.0,0,2.1539266502653382
8521,63.75,58.75,58.75,1.0,0,2.1625801372637654
8522,66.25,58.75,58.75,1.0,0,2.1989083858693763
8523,68.75,58.75,58.75,1.0,0,2.2121569181629464
8524,71.25,58.75,58.75,1.0,0,2.2349434441988287
8525,73.75,58.75,58.75,1.0,0,2.2259670021969584
8526,76.25,58.75,58.75,1.0,0,2.2273330323502134
8527,78.75,58.75,58.75,1.0,0,2.2230741924158317
8528,81.25,58.75,58.75,1.0,0,2.2570182978385835
8529,83.75,58.75,58.75,1.0,0,2.29032606048318
8530,86.25,58.75,58.75,1.0,0,2.2877781552893417
8531,88.75,58.75,58.75,1.0,0,2.2692202413204763
8532,91.25,58.75,58.75,1.0,0,2.2607928792450736
8533,93.75,58.75,58.75,1.0,0,2.2549915840283368
8534,96.25,58.75,58.75,1.0,0,2.3022032543501507
8535,98.75,58.75,58.75,1.0,0,2.3315984371529996
8536,101.25,58.75,58.75,1.0,0,2.325453735976424
8537,103.75,58.75,58.75,1.0,0,2.3064536427726936
8538,106.25,58.75,58.75,1.0,0,2.3370184055099603
8539,108.75,58.75,58.75,1.0,0,2.3155034193550432
8540,111.25,58.75,58.75,1.0,0,2.293050500530612
8541,113.75,58.75,58.75,1.0,0,2.3068442193823127
8542,116.25,58.75,58.75,1.0,0,2.291668287551962
8543,118.75,58.75,58.75,1.0,0,2.2637895803653483
8544,121.25,58.75,58.75,1.0,0,2.2880726024699394
8545,123.75,58.75,58.75,1.0,0,2.3152370231041544
8546,126.25,58.75,58.75,1.0,0,2.3432806147223597
8547,128.75,58.75,58.75,1.0,0,2.3427965123411063
8548,131.25,58.75,58.75,1.0,0,2.32833916008785
8549,133.75,58.75,58.75,1.0,0,2.3448141465667995
8550,136.25,58.75,58.75,1.0,0,2.3226602943737986
8551,138.75,58.75,58.75,1.0,0,2.2970613454621978
8552,141.25,58.75,58.75,0.0,2,2.4338712975565495
8553,143.75,58.75,58.75,0.0,2,2.580586935050575
8554,146.25,58.75,58.75,0.0,2,2.5756580668834963
8555,148.75,58.75,58.75,0.0,2,2.6040499204497207
8556,151.25,58.75,58.75,0.0,2,2.6803505229687956
8557,153.75,58.75,58.75,0.0,2,2.791679528951723
8558,156.25,58.75,58.75,0.0,2,2.786328951663448
8559,158.75,58.75,58.75,0.0,2,2.765944485752745
8560,161.25,58.75,58.75,1.0,0,2.7958315855765266
8561,163.75,58.75,58.75,0.0,2,2.344639321386472
8562,166.25,58.75,58.75,0.0,2,2.0125169497764626
8563,168.75,58.75,58.75,0.0,2,1.9209187870775861
8564,171.25,58.75,58.75,0.0,2,1.8898861846646773
8565,173.75,58.75,58.75,0.0,2,1.8734509060396132
8566,176.25,58.75,58.75,0.0,2,1.8660578914269894
8567,178.75,58.75,58.75,0.0,2,1.8593017697329737
8568,181.25,58.75,58.75,0.0,2,1.8697037802563308
8569,183.75,58.75,58.75,0.0,2,1.915986137328801
8570,186.25,58.75,58.75,0.0,2,1.9720355853941962
8571,188.75,58.75,58.75,0.0,2,2.0146979151556605
8572,191.25,58.75,58.75,0.0,2,2.040879397827868
8573,193.75,58.75,58.75,0.0,2,2.0213498866118256
8574,196.25,58.75,58.75,0.0,2,1.9561355186099567
8575,198.75,58.75,58.75,0.0,2,1.9311445285647382
8576,201.25,58.75,58.75,0.0,2,1.864207855444635
8577,203.75,58.75,58.75,1.0,0,1.7375317806779162
8578,206.25,58.75,58.75,0.0,2,1.573641872702613
8579,208.75,58.75,58.75,0.0,2,1.3900993398880446
8580,211.25,58.75,58.75,0.0,2,1.2875410188157468
8581,213.75,58.75,58.75,0.0,2,1.2187302790185253
8582,216.25,58.75,58.75,0.0,2,1.1788545005924558
8583,218.75,58.75,58.75,0.0,2,1.1688646352999703
8584,221.25,58.75,58.75,0.0,2,1.2452096785762479
8585,223.75,58.75,58.75,1.0,0,1.473000024328841
8586,226.25,58.75,58.75,1.0,0,1.5203000902337513
8587,228.75,58.75,58.75,1.0,0,1.5004917802737303
8588,231.25,58.75,58.75,1.0,0,1.533356733340361
8589,233.75,58.75,58.75,1.0,0,1.5880778696575355
8590,236.25,58.75,58.75,1.0,0,1.6584769014234129
8591,238.75,58.75,58.75,1.0,0,1.7474174229792063
8592,241.25,58.75,58.75,1.0,0,1.841544178457278
8593,243.75,58.75,58.75,1.0,0,1.932097101992478
8594,246.25,58.75,58.75,1.0,0,2.0036704529773752
8595,248.75,58.75,58.75,1.0,0,2.121296388154088
8596,251.25,58.75,58.75,1.0,0,2.205404590551232
8597,253.75,58.75,58.75,1.0,0,2.274273166432291
8598,256.25,58.75,58.75,1.0,0,2.4072184099726415
8599,258.75,58.75,58.75,1.0,0,2.55345892029232
8600,261.25,58.75,58.75,1.0,0,2.7080628512005376
8601,263.75,58.75,58.75,1.0,0,2.799334596291072
8602,266.25,58.75,58.75,0.0,2,2.786743324996425
8603,268.75,58.75,58.75,0.0,2,2.7893916911130567
8604,271.25,58.75,58.75,0.0,2,2.8463106451321454
8605,273.75,58.75,58.75,0.0,2,2.890010055097037
8606,276.25,58.75,58.75,0.0,2,2.9335581887693816
8607,278.75,58.75,58.75,0.0,2,2.9941790976144427
8608,281.25,58.75,58.75,0.0,1,3.08574431886259
8609,283.75,58.75,58.75,1.0,0,3.1090633951331776
8610,286.25,58.75,58.75,1.0,0,3.050002038141812
8611,288.75,58.75,58.75,1.0,0,3.012455256149247
8612,291.25,58.75,58.75,0.0,1,2.8390337963768033
8613,293.75,58.75,58.75,0.0,1,2.7658655791302755
8614,296.25,58.75,58.75,0.0,1,2.629993524118033
8615,298.75,58.75,58.75,0.0,1,1.8547804540331254
8616,301.25,58.75,58.75,0.0,1,0.8636040498638536
8617,303.75,58.75,58.75,0.0,1,0.6316663824452213
8618,306.25,58.75,58.75,0.0,1,0.6413555143958426
8619,308.75,58.75,58.75,0.0,1,0.6324039492333797
8620,311.25,58.75,58.75,0.0,1,0.6329935754000909
8621,313.75,58.75,58.75,0.0,1,0.691225732997013
8622,316.25,58.75,58.75,0.0,1,0.775607349732707
8623,318.75,58.75,58.75,0.0,1,0.6697521297625297
8624,321.25,58.75,58.75,0.0,1,0.54688594674637
8625,323.75,58.75,58.75,0.0,1,0.5039541711861878
8626,326.25,58.75,58.75,0.0,1,0.45657390845077145
8627,328.75,58.75,58.75,0.0,1,0.4339081817954167
8628,331.25,58.75,58.75,0.0,1,0.4561545246018142
8629,333.75,58.75,58.75,0.0,1,0.4778734792214595
8630,336.25,58.75,58.75,0.0,1,0.4958735399405665
8631,338.75,58.75,58.75,0.0,1,0.5227205807367945
8632,341.25,58.75,58.75,0.0,1,0.5663250566078321
8633,343.75,58.75,58.75,0.0,1,0.6022026484445256
8634,346.25,58.75,58.75,0.0,1,0.625864140501389
8635,348.75,58.75,58.75,0.0,1,0.642690418936022
8636,351.25,58.75,58.75,0.0,1,0.6661190744046639
8637,353.75,58.75,58.75,0.0,1,0.7211114370663401
8638,356.25,58.75,58.75,0.0,1,0.8095737979203467
8639,358.75,58.75,58.75,0.0,1,0.8623610855413623
8640,1.25,61.25,61.25,0.0,1,0.9173352713544413
8641,3.75,61.25,61.25,0.0,1,1.0388528833127058
8642,6.25,61.25,61.25,1.0,0,1.3862106028022063
8643,8.75,61.25,61.25,1.0,0,1.4992023533954493
8644,11.25,61.25,61.25,1.0,0,1.4997810389739072
8645,13.75,61.25,61.25,1.0,0,1.530229938541644
8646,16.25,61.25,61.25,1.0,0,1.573329035148964
8647,18.75,61.25,61.25,0.0,1,1.7207688707850022
8648,21.25,61.25,61.25,0.0,1,1.808584819566228
8649,23.75,61.25,61.25,1.0,0,1.8902127347820277
8650,26.25,61.25,61.25,1.0,0,1.9494811538772383
8651,28.75,61.25,61.25,1.0,0,1.9756855994070832
8652,31.25,61.25,61.25,1.0,0,2.074547142949257
8653,33.75,61.25,61.25,1.0,0,2.029401299025377
8654,36.25,61.25,61.25,1.0,0,2.0660546206426025
8655,38.75,61.25,61.25,1.0,0,2.0647599692604177
8656,41.25,61.25,61.25,1.0,0,2.0811490758661386
8657,43.75,61.25,61.25,1.0,0,2.0953176148322057
8658,46.25,61.25,61.25,1.0,0,2.106299183638252
8659,48.75,61.25,61.25,1.0,0,2.1126725465865563
8660,51.25,61.25,61.25,1.0,0,2.1090476766544786
8661,53.75,61.25,61.25,1.0,0,2.109624406255607
8662,56.25,61.25,61.25,1.0,0,2.133856553745258
8663,58.75,61.25,61.25,1.0,0,2.1472168943801506
8664,61.25,61.25,61.25,1.0,0,2.162862554383094
8665,63.75,61.25,61.25,1.0,0,2.190417495666442
8666,66.25,61.25,61.25,1.0,0,2.2147793862065663
8667,68.75,61.25,61.25,1.0,0,2.2289996951957147
8668,71.25,61.25,61.25,1.0,0,2.23173768265253
8669,73.75,61.25,61.25,1.0,0,2.2488595235346214
8670,76.25,61.25,61.25,1.0,0,2.2519945457278077
8671,78.75,61.25,61.25,1.0,0,2.261320986676289
8672,81.25,61.25,61.25,1.0,0,2.2771280266648746
8673,83.75,61.25,61.25,1.0,0,2.305061605319013
8674,86.25,61.25,61.25,1.0,0,2.2816089303597975
8675,88.75,61.25,61.25,1.0,0,2.253348028143269
8676,91.25,61.25,61.25,1.0,0,2.2437028849065097
8677,93.75,61.25,61.25,1.0,0,2.2438030306745373
8678,96.25,61.25,61.25,1.0,0,2.2559191911242045
8679,98.75,61.25,61.25,1.0,0,2.277533320231939
8680,101.25,61.25,61.25,1.0,0,2.272085618222627
8681,103.75,61.25,61.25,1.0,0,2.271732467110464
8682,106.25,61.25,61.25,1.0,0,2.2794780548858427
8683,108.75,61.25,61.25,1.0,0,2.288680278840303
8684,111.25,61.25,61.25,1.0,0,2.292317980792965
8685,113.75,61.25,61.25,1.0,0,2.301925948611377
8686,116.25,61.25,61.25,1.0,0,2.2948378836488796
8687,118.75,61.25,61.25,1.0,0,2.2959426758241537
8688,121.25,61.25,61.25,1.0,0,2.300093473529357
8689,123.75,61.25,61.25,1.0,0,2.320379576582267
8690,126.25,61.25,61.25,1.0,0,2.3303283188135735
8691,128.75,61.25,61.25,1.0,0,2.349414015104081
8692,131.25,61.25,61.25,1.0,0,2.3300235103980307
8693,133.75,61.25,61.25,1.0,0,2.347964917718615
8694,136.25,61.25,61.25,1.0,0,2.2922723572616506
8695,138.75,61.25,61.25,1.0,0,2.221858843006808
8696,141.25,61.25,61.25,1.0,0,2.246924642071521
8697,143.75,61.25,61.25,1.0,0,2.2571429473223446
8698,146.25,61.25,61.25,1.0,0,2.281632542704382
8699,148.75,61.25,61.25,1.0,0,2.333897507170934
8700,151.25,61.25,61.25,1.0,0,2.4947564859608757
8701,153.75,61.25,61.25,1.0,0,2.603055495070571
8702,156.25,61.25,61.25,0.0,2,2.7078902373093032
8703,158.75,61.25,61.25,0.0,2,2.6463831741403503
8704,161.25,61.25,61.25,0.0,2,2.6739276641723615
8705,163.75,61.25,61.25,1.0,0,2.8580281731401858
8706,166.25,61.25,61.25,1.0,0,2.7758655709742843
8707,168.75,61.25,61.25,1.0,0,2.6031525946627854
8708,171.25,61.25,61.25,1.0,0,2.608633752091471
8709,173.75,61.25,61.25,0.0,2,2.365414601277081
8710,176.25,61.25,61.25,0.0,2,2.326827570223442
8711,178.75,61.25,61.25,0.0,2,2.3970347825665637
8712,181.25,61.25,61.25,0.0,2,2.430859031675056
8713,183.75,61.25,61.25,0.0,2,2.5278879041626596
8714,186.25,61.25,61.25,0.0,2,2.604803887604561
8715,188.75,61.25,61.25,0.0,2,2.5662223193789413
8716,191.25,61.25,61.25,0.0,2,2.440990609295881
8717,193.75,61.25,61.25,0.0,2,2.290632444518029
8718,196.25,61.25,61.25,1.0,0,2.185424950486425
8719,198.75,61.25,61.25,1.0,0,2.0311391071205875
8720,201.25,61.25,61.25,1.0,0,1.8970910965285321
8721,203.75,61.25,61.25,1.0,0,1.788919840342039
8722,206.25,61.25,61.25,1.0,0,1.7909730618863329
8723,208.75,61.25,61.25,1.0,0,1.6776395150353238
8724,211.25,61.25,61.25,1.0,0,1.6186613466817532
8725,213.75,61.25,61.25,1.0,0,1.5367232560087936
8726,216.25,61.25,61.25,1.0,0,1.7284072560676942
8727,218.75,61.25,61.25,1.0,0,1.9611452000058696
8728,221.25,61.25,61.25,1.0,0,1.748597344554677
8729,223.75,61.25,61.25,1.0,0,1.5865207625001088
8730,226.25,61.25,61.25,1.0,0,1.5453679731029646
8731,228.75,61.25,61.25,1.0,0,1.546027591139482
8732,231.25,61.25,61.25,1.0,0,1.5902934273320128
8733,233.75,61.25,61.25,1.0,0,1.6483073462905915
8734,236.25,61.25,61.25,1.0,0,1.7529045373151215
8735,238.75,61.25,61.25,1.0,0,1.8494856240132111
8736,241.25,61.25,61.25,1.0,0,1.9462896560023688
8737,243.75,61.25,61.25,1.0,0,2.064518714786367
8738,246.25,61.25,61.25,1.0,0,2.1814453289896285
8739,248.75,61.25,61.25,1.0,0,2.227609114380639
8740,251.25,61.25,61.25,1.0,0,2.3072961814996864
8741,253.75,61.25,61.25,1.0,0,2.4439851824330288
8742,256.25,61.25,61.25,1.0,0,2.615442007172252
8743,258.75,61.25,61.25,1.0,0,2.742675846341114
8744,261.25,61.25,61.25,1.0,0,2.8550973287312322
8745,263.75,61.25,61.25,1.0,0,2.9320792315620805
8746,266.25,61.25,61.25,0.0,2,2.765908685782944
8747,268.75,61.25,61.25,0.0,2,2.754258360009896
8748,271.25,61.25,61.25,0.0,2,2.840771379535161
8749,273.75,61.25,61.25,0.0,2,2.897744597234826
8750,276.25,61.25,61.25,0.0,2,2.944135507650355
8751,278.75,61.25,61.25,0.0,2,3.0164306690692224
8752,281.25,61.25,61.25,0.0,1,3.0694407469900358
8753,283.75,61.25,61.25,1.0,0,3.1291892504011942
8754,286.25,61.25,61.25,1.0,0,3.10740188555631
8755,288.75,61.25,61.25,0.0,1,2.962895771857821
8756,291.25,61.25,61.25,0.0,1,2.6817208498546274
8757,293.75,61.25,61.25,0.0,1,2.4088107949295825
8758,296.25,61.25,61.25,0.0,1,2.071725566063076
8759,298.75,61.25,61.25,0.0,1,1.4196775365212189
8760,301.25,61.25,61.25,0.0,1,0.6662200516000919
8761,303.75,61.25,61.25,0.0,1,0.6032210938516317
8762,306.25,61.25,61.25,0.0,1,0.6431649428440631
8763,308.75,61.25,61.25,0.0,1,0.6882955902470304
8764,311.25,61.25,61.25,0.0,1,0.8284874548164255
8765,313.75,61.25,61.25,1.0,0,1.078106642904945
8766,316.25,61.25,61.25,1.0,0,1.3375106846695934
8767,318.75,61.25,61.25,0.0,1,1.4479766484612644
8768,321.25,61.25,61.25,0.0,1,0.8271295763286112
8769,323.75,61.25,61.25,0.0,1,0.6534666316237683
8770,326.25,61.25,61.25,0.0,1,0.6078514335040481
8771,328.75,61.25,61.25,0.0,1,0.5773983361404935
8772,331.25,61.25,61.25,0.0,1,0.575561929254665
8773,333.75,61.25,61.25,0.0,1,0.5948939397919943
8774,336.25,61.25,61.25,0.0,1,0.6158878638212236
8775,338.75,61.25,61.25,0.0,1,0.6372350136907997
8776,341.25,61.25,61.25,0.0,1,0.6556127600426092
8777,343.75,61.25,61.25,0.0,1,0.6708129303624472
8778,346.25,61.25,61.25,0.0,1,0.6806816136997189
8779,348.75,61.25,61.25,0.0,1,0.6956231425451962
8780,351.25,61.25,61.25,0.0,1,0.7166177651435163
8781,353.75,61.25,61.25,0.0,1,0.7530536702062575
8782,356.25,61.25,61.25,0.0,1,0.7986729679575192
8783,358.75,61.25,61.25,0.0,1,0.8492884406026839
8784,1.25,63.75,63.75,0.0,1,1.0641773353649595
8785,3.75,63.75,63.75,0.0,1,1.0489519843290336
8786,6.25,63.75,63.75,0.0,1,1.0692827048469429
8787,8.75,63.75,63.75,0.0,1,1.1798080710586554
8788,11.25,63.75,63.75,1.0,0,1.4084893391758293
8789,13.75,63.75,63.75,1.0,0,1.5086217475533004
8790,16.25,63.75,63.75,1.0,0,1.5486346384574954
8791,18.75,63.75,63.75,1.0,0,1.6967368129544906
8792,21.25,63.75,63.75,0.0,1,1.9710554570303378
8793,23.75,63.75,63.75,0.0,0,1.9918190310691337
8794,26.25,63.75,63.75,1.0,0,1.9102388620142148
8795,28.75,63.75,63.75,1.0,0,1.9366869159120772
8796,31.25,63.75,63.75,1.0,0,1.9858005779144998
8797,33.75,63.75,63.75,1.0,0,2.032536489140341
8798,36.25,63.75,63.75,1.0,0,2.032674951394096
8799,38.75,63.75,63.75,1.0,0,2.0291374316902484
8800,41.25,63.75,63.75,1.0,0,2.064837706925946
8801,43.75,63.75,63.75,1.0,0,2.063270450519784
8802,46.25,63.75,63.75,1.0,0,2.0792209212556885
8803,48.75,63.75,63.75,1.0,0,2.12102693801611
8804,51.25,63.75,63.75,1.0,0,2.157918078015045
8805,53.75,63.75,63.75,1.0,0,2.166902122777856
8806,56.25,63.75,63.75,1.0,0,2.19384106426814
8807,58.75,63.75,63.75,1.0,0,2.21035582538278
8808,61.25,63.75,63.75,1.0,0,2.282349862314016
8809,63.75,63.75,63.75,1.0,0,2.2766814646777362
8810,66.25,63.75,63.75,1.0,0,2.2733180472959544
8811,68.75,63.75,63.75,1.0,0,2.3035404207662022
8812,71.25,63.75,63.75,1.0,0,2.3087020887384435
8813,73.75,63.75,63.75,1.0,0,2.2834996637784846
8814,76.25,63.75,63.75,1.0,0,2.293020869507982
8815,78.75,63.75,63.75,1.0,0,2.3095323153313165
8816,81.25,63.75,63.75,1.0,0,2.348642736966805
8817,83.75,63.75,63.75,1.0,0,2.3796273175742906
8818,86.25,63.75,63.75,1.0,0,2.3876889389250833
8819,88.75,63.75,63.75,1.0,0,2.3734859135728943
8820,91.25,63.75,63.75,1.0,0,2.379207437543661
8821,93.75,63.75,63.75,1.0,0,2.352335340721597
8822,96.25,63.75,63.75,1.0,0,2.2853436222876664
8823,98.75,63.75,63.75,1.0,0,2.233926382488916
8824,101.25,63.75,63.75,1.0,0,2.201252803290447
8825,103.75,63.75,63.75,1.0,0,2.198028752605109
8826,106.25,63.75,63.75,1.0,0,2.1954839076729193
8827,108.75,63.75,63.75,1.0,0,2.187932906808704
8828,111.25,63.75,63.75,1.0,0,2.2080585997503293
8829,113.75,63.75,63.75,1.0,0,2.2194976842906278
8830,116.25,63.75,63.75,1.0,0,2.2220604099866303
8831,118.75,63.75,63.75,1.0,0,2.2382287519333373
8832,121.25,63.75,63.75,1.0,0,2.2589387213302734
8833,123.75,63.75,63.75,1.0,0,2.320028599949265
8834,126.25,63.75,63.75,1.0,0,2.302381780291549
8835,128.75,63.75,63.75,1.0,0,2.2609495423209087
8836,131.25,63.75,63.75,1.0,0,2.212119062244617
8837,133.75,63.75,63.75,1.0,0,2.1828572559744455
8838,136.25,63.75,63.75,1.0,0,2.15648415620645
8839,138.75,63.75,63.75,1.0,0,2.15067699675214
8840,141.25,63.75,63.75,1.0,0,2.1742461493312395
8841,143.75,63.75,63.75,1.0,0,2.221503902535958
8842,146.25,63.75,63.75,1.0,0,2.2849721978150312
8843,148.75,63.75,63.75,1.0,0,2.342736339424829
8844,151.25,63.75,63.75,1.0,0,2.367062613883558
8845,153.75,63.75,63.75,1.0,0,2.4220393161924005
8846,156.25,63.75,63.75,1.0,0,2.4721437783941664
8847,158.75,63.75,63.75,1.0,0,2.5891503647060157
8848,161.25,63.75,63.75,1.0,0,2.662205536844767
8849,163.75,63.75,63.75,1.0,0,2.710892904243736
8850,166.25,63.75,63.75,1.0,0,2.783065506418352
8851,168.75,63.75,63.75,1.0,0,2.9382720442178933
8852,171.25,63.75,63.75,1.0,0,3.019136714155803
8853,173.75,63.75,63.75,1.0,0,3.0804935156225604
8854,176.25,63.75,63.75,1.0,0,3.148313647404535
8855,178.75,63.75,63.75,0.0,2,3.292714202059306
8856,181.25,63.75,63.75,0.0,2,3.2466353983524763
8857,183.75,63.75,63.75,0.0,2,3.0868767708083946
8858,186.25,63.75,63.75,0.0,2,2.9895378851900194
8859,188.75,63.75,63.75,0.0,2,2.8664795512132453
8860,191.25,63.75,63.75,0.0,2,2.672741289198998
8861,193.75,63.75,63.75,0.0,2,2.444254397887577
8862,196.25,63.75,63.75,0.0,2,2.2772984188823044
8863,198.75,63.75,63.75,1.0,0,2.1499198107842785
8864,201.25,63.75,63.75,1.0,0,2.044469877314733
8865,203.75,63.75,63.75,1.0,0,1.9447680297841852
8866,206.25,63.75,63.75,1.0,0,1.8341044928224317
8867,208.75,63.75,63.75,1.0,0,1.7736629141887674
8868,211.25,63.75,63.75,1.0,0,1.7325219428129588
8869,213.75,63.75,63.75,1.0,0,1.6936604710485414
8870,216.25,63.75,63.75,1.0,0,1.6729296077737377
8871,218.75,63.75,63.75,1.0,0,1.6508968096147512
8872,221.25,63.75,63.75,1.0,0,1.6051654259027899
8873,223.75,63.75,63.75,1.0,0,1.5995432400580487
8874,226.25,63.75,63.75,1.0,0,1.597818920073307
8875,228.75,63.75,63.75,1.0,0,1.6493013396434768
8876,231.25,63.75,63.75,1.0,0,1.7171280224636767
8877,233.75,63.75,63.75,1.0,0,1.787548911177318
8878,236.25,63.75,63.75,1.0,0,1.8598030483038335
8879,238.75,63.75,63.75,1.0,0,1.986126905029535
8880,241.25,63.75,63.75,1.0,0,2.1298993058315774
8881,243.75,63.75,63.75,1.0,0,2.2197177675697106
8882,246.25,63.75,63.75,1.0,0,2.316415626427536
8883,248.75,63.75,63.75,1.0,0,2.4056306622400694
8884,251.25,63.75,63.75,1.0,0,2.5153131834030735
8885,253.75,63.75,63.75,1.0,0,2.6943798278213067
8886,256.25,63.75,63.75,1.0,0,2.853040420558721
8887,258.75,63.75,63.75,1.0,0,2.900273519113578
8888,261.25,63.75,63.75,1.0,0,2.981245472008785
8889,263.75,63.75,63.75,1.0,0,3.0497792036835456
8890,266.25,63.75,63.75,1.0,0,3.084581578742964
8891,268.75,63.75,63.75,1.0,0,3.036956585111451
8892,271.25,63.75,63.75,0.0,2,2.8227801255369624
8893,273.75,63.75,63.75,0.0,2,2.9076512711489295
8894,276.25,63.75,63.75,0.0,2,3.055133296924227
8895,278.75,63.75,63.75,0.0,2,3.126746886705889
8896,281.25,63.75,63.75,0.0,1,3.0429457335016346
8897,283.75,63.75,63.75,0.0,1,3.0168912317248937
8898,286.25,63.75,63.75,0.0,1,2.9822877910572054
8899,288.75,63.75,63.75,1.0,0,2.965371003619103
8900,291.25,63.75,63.75,1.0,0,2.894513718590466
8901,293.75,63.75,63.75,1.0,0,2.776980594380981
8902,296.25,63.75,63.75,0.0,1,2.1498955916871823
8903,298.75,63.75,63.75,0.0,1,1.749645861608613
8904,301.25,63.75,63.75,0.0,1,1.1932323596087113
8905,303.75,63.75,63.75,0.0,1,0.7843857908237534
8906,306.25,63.75,63.75,0.0,1,0.7215860040446789
8907,308.75,63.75,63.75,0.0,1,0.9356651743416414
8908,311.25,63.75,63.75,1.0,0,1.2045996001824402
8909,313.75,63.75,63.75,1.0,0,1.4774273610449082
8910,316.25,63.75,63.75,1.0,0,1.5438513134169476
8911,318.75,63.75,63.75,0.0,1,2.0663378718963368
8912,321.25,63.75,63.75,0.0,1,2.0906506318596643
8913,323.75,63.75,63.75,0.0,1,1.247337857615692
8914,326.25,63.75,63.75,0.0,1,0.8677939526469738
8915,328.75,63.75,63.75,0.0,1,0.7502342404672029
8916,331.25,63.75,63.75,0.0,1,0.7452051571641966
8917,333.75,63.75,63.75,0.0,1,0.7771701693337839
8918,336.25,63.75,63.75,0.0,1,0.8335775720386656
8919,338.75,63.75,63.75,0.0,1,0.9286214434950418
8920,341.25,63.75,63.75,1.0,0,1.0010731803780901
8921,343.75,63.75,63.75,0.0,1,0.9359175477305597
8922,346.25,63.75,63.75,0.0,1,0.8565694441708813
8923,348.75,63.75,63.75,0.0,1,0.8304403190901148
8924,351.25,63.75,63.75,0.0,1,0.870191674393312
8925,353.75,63.75,63.75,0.0,1,0.934304210120775
8926,356.25,63.75,63.75,0.0,1,1.0094608000332033
8927,358.75,63.75,63.75,0.0,1,1.0581614705929279
8928,1.25,66.25,66.25,0.0,5,1.3676999411030923
8929,3.75,66.25,66.25,0.0,5,1.2224675096355948
8930,6.25,66.25,66.25,0.0,5,1.1379901557115335
8931,8.75,66.25,66.25,0.0,5,1.1236048966576149
8932,11.25,66.25,66.25,0.0,5,1.1796973119815792
8933,13.75,66.25,66.25,1.0,0,1.4261556079621411
8934,16.25,66.25,66.25,1.0,0,1.5766913836256111
8935,18.75,66.25,66.25,1.0,0,1.5933768372944337
8936,21.25,66.25,66.25,1.0,0,1.6643365916773278
8937,23.75,66.25,66.25,1.0,0,1.782272964420701
8938,26.25,66.25,66.25,1.0,0,1.80332006583469
8939,28.75,66.25,66.25,1.0,0,1.84162217352359
8940,31.25,66.25,66.25,1.0,0,1.9062545038256171
8941,33.75,66.25,66.25,1.0,0,1.939649333953889
8942,36.25,66.25,66.25,1.0,0,1.980233284172346
8943,38.75,66.25,66.25,1.0,0,2.036727755536395
8944,41.25,66.25,66.25,1.0,0,2.106384446985539
8945,43.75,66.25,66.25,1.0,0,2.1945791859390513
8946,46.25,66.25,66.25,1.0,0,2.2483527416515408
8947,48.75,66.25,66.25,1.0,0,2.2783704591511107
8948,51.25,66.25,66.25,1.0,0,2.2998522979078055
8949,53.75,66.25,66.25,1.0,0,2.336918070056622
8950,56.25,66.25,66.25,1.0,0,2.3746127664402077
8951,58.75,66.25,66.25,1.0,0,2.369829854443296
8952,61.25,66.25,66.25,1.0,0,2.3477188056979945
8953,63.75,66.25,66.25,1.0,0,2.354154684077697
8954,66.25,66.25,66.25,1.0,0,2.330441734479089
8955,68.75,66.25,66.25,1.0,0,2.3151186849037613
8956,71.25,66.25,66.25,1.0,0,2.3075147750381064
8957,73.75,66.25,66.25,1.0,0,2.310702998119319
8958,76.25,66.25,66.25,1.0,0,2.312929459860945
8959,78.75,66.25,66.25,1.0,0,2.323581924639409
8960,81.25,66.25,66.25,1.0,0,2.351047207739068
8961,83.75,66.25,66.25,1.0,0,2.382018641936972
8962,86.25,66.25,66.25,1.0,0,2.4010104791715072
8963,88.75,66.25,66.25,1.0,0,2.4282726394204412
8964,91.25,66.25,66.25,1.0,0,2.374963702924871
8965,93.75,66.25,66.25,1.0,0,2.341147183820098
8966,96.25,66.25,66.25,1.0,0,2.307072120088687
8967,98.75,66.25,66.25,1.0,0,2.2281203058375203
8968,101.25,66.25,66.25,1.0,0,2.255655489541212
8969,103.75,66.25,66.25,1.0,0,2.2483493022543746
8970,106.25,66.25,66.25,1.0,0,2.188693719890922
8971,108.75,66.25,66.25,1.0,0,2.181365099977301
8972,111.25,66.25,66.25,1.0,0,2.1850357568418253
8973,113.75,66.25,66.25,1.0,0,2.1615724068027524
8974,116.25,66.25,66.25,1.0,0,2.1329786195747613
8975,118.75,66.25,66.25,1.0,0,2.1211110805952056
8976,121.25,66.25,66.25,1.0,0,2.1533211013138667
8977,123.75,66.25,66.25,1.0,0,2.2003557779074203
8978,126.25,66.25,66.25,1.0,0,2.1948917845976292
8979,128.75,66.25,66.25,1.0,0,2.209616614648577
8980,131.25,66.25,66.25,1.0,0,2.1578318231104703
8981,133.75,66.25,66.25,1.0,0,2.128508427218821
8982,136.25,66.25,66.25,1.0,0,2.1477035828467472
8983,138.75,66.25,66.25,1.0,0,2.1893251618574117
8984,141.25,66.25,66.25,1.0,0,2.247513571838775
8985,143.75,66.25,66.25,1.0,0,2.2519857009207187
8986,146.25,66.25,66.25,1.0,0,2.286234325129397
8987,148.75,66.25,66.25,1.0,0,2.3245109210681263
8988,151.25,66.25,66.25,1.0,0,2.357756685299563
8989,153.75,66.25,66.25,1.0,0,2.3683275952299634
8990,156.25,66.25,66.25,1.0,0,2.393622279129182
8991,158.75,66.25,66.25,1.0,0,2.426312125338956
8992,161.25,66.25,66.25,1.0,0,2.4642645856764926
8993,163.75,66.25,66.25,1.0,0,2.5598105301599885
8994,166.25,66.25,66.25,1.0,0,2.780624166032247
8995,168.75,66.25,66.25,1.0,0,2.797748630172327
8996,171.25,66.25,66.25,1.0,0,2.99787936409408
8997,173.75,66.25,66.25,1.0,0,3.011907247761051
8998,176.25,66.25,66.25,1.0,0,3.0396681292851624
8999,178.75,66.25,66.25,1.0,0,3.107771736028482
9000,181.25,66.25,66.25,1.0,0,3.2161382615875276
9001,183.75,66.25,66.25,1.0,0,3.283713264241055
9002,186.25,66.25,66.25,1.0,0,3.2465855297299604
9003,188.75,66.25,66.25,0.0,5,3.1308938266906057
9004,191.25,66.25,66.25,0.0,5,2.9287186076774567
9005,193.75,66.25,66.25,0.0,5,2.7031425532841613
9006,196.25,66.25,66.25,1.0,0,2.4410544193954964
9007,198.75,66.25,66.25,1.0,0,2.2518425732910448
9008,201.25,66.25,66.25,1.0,0,2.110807292944453
9009,203.75,66.25,66.25,1.0,0,2.0176590739688938
9010,206.25,66.25,66.25,1.0,0,1.965743372055636
9011,208.75,66.25,66.25,1.0,0,1.9669070186129727
9012,211.25,66.25,66.25,1.0,0,1.9826336872329
9013,213.75,66.25,66.25,1.0,0,1.9898396646903587
9014,216.25,66.25,66.25,1.0,0,1.9171644463205597
9015,218.75,66.25,66.25,1.0,0,1.8735233368356665
9016,221.25,66.25,66.25,1.0,0,1.8767724893913063
9017,223.75,66.25,66.25,1.0,0,1.9119554653287614
9018,226.25,66.25,66.25,1.0,0,1.9604297765171326
9019,228.75,66.25,66.25,1.0,0,2.005569073520393
9020,231.25,66.25,66.25,1.0,0,2.045728675070598
9021,233.75,66.25,66.25,1.0,0,2.1160199012588428
9022,236.25,66.25,66.25,1.0,0,2.2122801139435
9023,238.75,66.25,66.25,1.0,0,2.304471485408956
9024,241.25,66.25,66.25,1.0,0,2.3590785059936086
9025,243.75,66.25,66.25,1.0,0,2.3789965144077807
9026,246.25,66.25,66.25,1.0,0,2.521441773909766
9027,248.75,66.25,66.25,1.0,0,2.6686023448338547
9028,251.25,66.25,66.25,1.0,0,2.819218560474847
9029,253.75,66.25,66.25,1.0,0,2.915630392429206
9030,256.25,66.25,66.25,1.0,0,2.93518847387032
9031,258.75,66.25,66.25,1.0,0,3.005369989909864
9032,261.25,66.25,66.25,1.0,0,3.0763897582949387
9033,263.75,66.25,66.25,1.0,0,3.1384794357361256
9034,266.25,66.25,66.25,1.0,0,3.144623532605229
9035,268.75,66.25,66.25,1.0,0,3.114084772990332
9036,271.25,66.25,66.25,1.0,0,3.112739815814037
9037,273.75,66.25,66.25,1.0,0,3.1958956982748696
9038,276.25,66.25,66.25,1.0,0,3.2283656818232926
9039,278.75,66.25,66.25,0.0,5,3.1497673762712224
9040,281.25,66.25,66.25,0.0,5,3.1254058826133018
9041,283.75,66.25,66.25,0.0,5,3.072734196462051
9042,286.25,66.25,66.25,0.0,5,3.0813871673221858
9043,288.75,66.25,66.25,1.0,0,3.0536140971451307
9044,291.25,66.25,66.25,1.0,0,2.9267013364056886
9045,293.75,66.25,66.25,1.0,0,2.8059684960823112
9046,296.25,66.25,66.25,1.0,0,2.5986075094104195
9047,298.75,66.25,66.25,0.0,5,2.161549226491156
9048,301.25,66.25,66.25,0.0,5,1.8386459929559928
9049,303.75,66.25,66.25,0.0,5,1.4620570021847428
9050,306.25,66.25,66.25,0.0,5,1.3806820705764196
9051,308.75,66.25,66.25,1.0,0,1.495954129941135
9052,311.25,66.25,66.25,1.0,0,1.3598581951426245
9053,313.75,66.25,66.25,1.0,0,1.490500950950792
9054,316.25,66.25,66.25,1.0,0,1.5490820509084013
9055,318.75,66.25,66.25,1.0,0,1.5562478793839754
9056,321.25,66.25,66.25,1.0,0,1.593087928677595
9057,323.75,66.25,66.25,0.0,5,1.9678677538221545
9058,326.25,66.25,66.25,0.0,5,2.8446834820771247
9059,328.75,66.25,66.25,0.0,5,2.577271650918266
9060,331.25,66.25,66.25,0.0,5,1.9725676310910945
9061,333.75,66.25,66.25,0.0,5,1.7327060417703328
9062,336.25,66.25,66.25,0.0,5,1.8769567248678296
9063,338.75,66.25,66.25,0.0,5,1.942444738580125
9064,341.25,66.25,66.25,0.0,5,1.79815913703665
9065,343.75,66.25,66.25,0.0,5,1.7103542866024026
9066,346.25,66.25,66.25,0.0,5,1.5222541274409243
9067,348.75,66.25,66.25,0.0,5,1.4076343554967108
9068,351.25,66.25,66.25,0.0,5,1.4015764960810537
9069,353.75,66.25,66.25,0.0,5,1.4551333267215616
9070,356.25,66.25,66.25,0.0,5,1.4879628159440539
9071,358.75,66.25,66.25,0.0,5,1.462790587818263
9072,1.25,68.75,68.75,0.0,5,1.6298235486899457
9073,3.75,68.75,68.75,0.0,5,1.4305349532678495
9074,6.25,68.75,68.75,0.0,5,1.2764724024826468
9075,8.75,68.75,68.75,0.0,5,1.175731031483175
9076,11.25,68.75,68.75,0.0,5,1.137874463298409
9077,13.75,68.75,68.75,0.0,5,1.1878835518837116
9078,16.25,68.75,68.75,0.0,5,1.3867641645520363
9079,18.75,68.75,68.75,1.0,0,1.545598218574713
9080,21.25,68.75,68.75,1.0,0,1.6267676530988349
9081,23.75,68.75,68.75,1.0,0,1.6522226965292763
9082,26.25,68.75,68.75,1.0,0,1.7176977533426456
9083,28.75,68.75,68.75,1.0,0,1.7662361033492484
9084,31.25,68.75,68.75,1.0,0,1.8299659107327706
9085,33.75,68.75,68.75,1.0,0,1.913252909858824
9086,36.25,68.75,68.75,1.0,0,2.045426376588171
9087,38.75,68.75,68.75,0.0,5,2.140404815258631
9088,41.25,68.75,68.75,0.0,5,2.2410610754100375
9089,43.75,68.75,68.75,0.0,5,2.342659885639795
9090,46.25,68.75,68.75,0.0,5,2.3611190314923722
9091,48.75,68.75,68.75,0.0,5,2.3588086912358466
9092,51.25,68.75,68.75,0.0,5,2.3714155008933595
9093,53.75,68.75,68.75,0.0,5,2.344153566488101
9094,56.25,68.75,68.75,0.0,5,2.3282193840702634
9095,58.75,68.75,68.75,0.0,5,2.309876476015531
9096,61.25,68.75,68.75,1.0,0,2.336123555855491
9097,63.75,68.75,68.75,1.0,0,2.3207523682010556
9098,66.25,68.75,68.75,1.0,0,2.307877906892838
9099,68.75,68.75,68.75,1.0,0,2.3183291645085045
9100,71.25,68.75,68.75,1.0,0,2.3219338215732055
9101,73.75,68.75,68.75,1.0,0,2.3262191159008387
9102,76.25,68.75,68.75,1.0,0,2.3380340880769124
9103,78.75,68.75,68.75,1.0,0,2.358173295292274
9104,81.25,68.75,68.75,1.0,0,2.3740794188541705
9105,83.75,68.75,68.75,1.0,0,2.3882747518253407
9106,86.25,68.75,68.75,1.0,0,2.3734924310321444
9107,88.75,68.75,68.75,1.0,0,2.3345636245640136
9108,91.25,68.75,68.75,1.0,0,2.293006039729457
9109,93.75,68.75,68.75,1.0,0,2.276864105344096
9110,96.25,68.75,68.75,1.0,0,2.213971337372046
9111,98.75,68.75,68.75,1.0,0,2.162522349140309
9112,101.25,68.75,68.75,1.0,0,2.20490674607772
9113,103.75,68.75,68.75,1.0,0,2.258075024311938
9114,106.25,68.75,68.75,1.0,0,2.2569614332613797
9115,108.75,68.75,68.75,1.0,0,2.214339092291434
9116,111.25,68.75,68.75,1.0,0,2.1763329052750473
9117,113.75,68.75,68.75,1.0,0,2.162803948777023
9118,116.25,68.75,68.75,1.0,0,2.144897189020327
9119,118.75,68.75,68.75,1.0,0,2.095527662771807
9120,121.25,68.75,68.75,1.0,0,2.0902810177770705
9121,123.75,68.75,68.75,1.0,0,2.150575214977727
9122,126.25,68.75,68.75,1.0,0,2.1731698179453924
9123,128.75,68.75,68.75,1.0,0,2.2342660769872644
9124,131.25,68.75,68.75,1.0,0,2.1729087879434896
9125,133.75,68.75,68.75,1.0,0,2.0834554856824408
9126,136.25,68.75,68.75,1.0,0,2.087382923259447
9127,138.75,68.75,68.75,1.0,0,2.1808583297215898
9128,141.25,68.75,68.75,1.0,0,2.2188646375255807
9129,143.75,68.75,68.75,1.0,0,2.2595476017747838
9130,146.25,68.75,68.75,1.0,0,2.2865499040014763
9131,148.75,68.75,68.75,1.0,0,2.2766486684045546
9132,151.25,68.75,68.75,1.0,0,2.322364961209188
9133,153.75,68.75,68.75,1.0,0,2.3846279378577804
9134,156.25,68.75,68.75,1.0,0,2.43921014844528
9135,158.75,68.75,68.75,1.0,0,2.487737087462347
9136,161.25,68.75,68.75,1.0,0,2.5677125269353827
9137,163.75,68.75,68.75,1.0,0,2.539109478148824
9138,166.25,68.75,68.75,1.0,0,2.5695413658483455
9139,168.75,68.75,68.75,1.0,0,2.7234929996768185
9140,171.25,68.75,68.75,1.0,0,2.894242457585526
9141,173.75,68.75,68.75,1.0,0,2.888793957821842
9142,176.25,68.75,68.75,1.0,0,2.9996490963426505
9143,178.75,68.75,68.75,1.0,0,3.166846115538508
9144,181.25,68.75,68.75,0.0,5,3.362710675880418
9145,183.75,68.75,68.75,0.0,5,3.4441838101763476
9146,186.25,68.75,68.75,0.0,5,3.3961995399118035
9147,188.75,68.75,68.75,0.0,5,3.3000986811958457
9148,191.25,68.75,68.75,0.0,5,3.1547371965684206
9149,193.75,68.75,68.75,0.0,5,2.919480962929004
9150,196.25,68.75,68.75,0.0,5,2.6656163739545904
9151,198.75,68.75,68.75,1.0,0,2.5082727486569003
9152,201.25,68.75,68.75,1.0,0,2.4229212364076083
9153,203.75,68.75,68.75,1.0,0,2.3282857331613496
9154,206.25,68.75,68.75,1.0,0,2.242173087059551
9155,208.75,68.75,68.75,1.0,0,2.1585807861507518
9156,211.25,68.75,68.75,1.0,0,2.1003806972869024
9157,213.75,68.75,68.75,1.0,0,2.0962770914576483
9158,216.25,68.75,68.75,1.0,0,2.139407750466768
9159,218.75,68.75,68.75,1.0,0,2.1886032539577602
9160,221.25,68.75,68.75,1.0,0,2.236760651907543
9161,223.75,68.75,68.75,1.0,0,2.2664213670363598
9162,226.25,68.75,68.75,1.0,0,2.291741462969808
9163,228.75,68.75,68.75,1.0,0,2.2811163147429023
9164,231.25,68.75,68.75,1.0,0,2.285469460658132
9165,233.75,68.75,68.75,1.0,0,2.319880476614901
9166,236.25,68.75,68.75,1.0,0,2.3775549229489674
9167,238.75,68.75,68.75,1.0,0,2.491974636717283
9168,241.25,68.75,68.75,0.0,0,2.553437067012116
9169,243.75,68.75,68.75,1.0,0,2.6659600118169577
9170,246.25,68.75,68.75,1.0,0,2.766752621419732
9171,248.75,68.75,68.75,1.0,0,2.83465658293002
9172,251.25,68.75,68.75,1.0,0,2.9183925004225197
9173,253.75,68.75,68.75,1.0,0,2.984309771715592
9174,256.25,68.75,68.75,0.0,0,3.0351016100834745
9175,258.75,68.75,68.75,0.0,5,3.0618835814641847
9176,261.25,68.75,68.75,0.0,5,3.179007301996322
9177,263.75,68.75,68.75,1.0,0,3.244470538659038
9178,266.25,68.75,68.75,1.0,0,3.2377519201730576
9179,268.75,68.75,68.75,1.0,0,3.242703500688772
9180,271.25,68.75,68.75,0.0,5,3.3584602459190784
9181,273.75,68.75,68.75,0.0,5,3.468480790208315
9182,276.25,68.75,68.75,1.0,0,3.3357063518618615
9183,278.75,68.75,68.75,0.0,5,3.2134757515727843
9184,281.25,68.75,68.75,0.0,5,3.109320969160004
9185,283.75,68.75,68.75,0.0,5,3.111839743697675
9186,286.25,68.75,68.75,1.0,0,3.026493029024325
9187,288.75,68.75,68.75,1.0,0,2.9792518450686134
9188,291.25,68.75,68.75,1.0,0,2.8393008124450385
9189,293.75,68.75,68.75,0.0,5,2.5499747768677334
9190,296.25,68.75,68.75,0.0,5,2.3926005342093406
9191,298.75,68.75,68.75,0.0,5,2.207762651665169
9192,301.25,68.75,68.75,0.0,5,1.8853692456582531
9193,303.75,68.75,68.75,0.0,5,1.6208925113951231
9194,306.25,68.75,68.75,0.0,5,1.5431147097591427
9195,308.75,68.75,68.75,1.0,0,1.56859441548355
9196,311.25,68.75,68.75,1.0,0,1.383974866222214
9197,313.75,68.75,68.75,1.0,0,1.5290100388951957
9198,316.25,68.75,68.75,1.0,0,1.5735665459931623
9199,318.75,68.75,68.75,1.0,0,1.5885588438064013
9200,321.25,68.75,68.75,1.0,0,1.5775944454064927
9201,323.75,68.75,68.75,1.0,0,1.5801888506982256
9202,326.25,68.75,68.75,1.0,0,1.57302750073446
9203,328.75,68.75,68.75,1.0,0,1.8852758553108582
9204,331.25,68.75,68.75,1.0,0,2.218656351202879
9205,333.75,68.75,68.75,0.0,5,2.4439384007257785
9206,336.25,68.75,68.75,0.0,5,2.8606110167970944
9207,338.75,68.75,68.75,0.0,5,2.8825468922530284
9208,341.25,68.75,68.75,0.0,5,2.7056226979949773
9209,343.75,68.75,68.75,0.0,5,2.457089962718645
9210,346.25,68.75,68.75,0.0,5,2.247915457653102
9211,348.75,68.75,68.75,0.0,5,2.0979038948568562
9212,351.25,68.75,68.75,0.0,5,2.0114432267970046
9213,353.75,68.75,68.75,0.0,5,1.9642347394589907
9214,356.25,68.75,68.75,0.0,5,1.9121093721472429
9215,358.75,68.75,68.75,0.0,5,1.8103721324769615
9216,1.25,71.25,71.25,0.0,5,1.6766982264290944
9217,3.75,71.25,71.25,0.0,5,1.5328887524301367
9218,6.25,71.25,71.25,0.0,5,1.353700315347784
9219,8.75,71.25,71.25,0.0,5,1.1979501933839312
9220,11.25,71.25,71.25,0.0,5,1.0955235471107128
9221,13.75,71.25,71.25,0.0,5,1.0683120970277002
9222,16.25,71.25,71.25,0.0,5,1.1055570673088
9223,18.75,71.25,71.25,0.0,5,1.1691772553056201
9224,21.25,71.25,71.25,0.0,5,1.2467109544943633
9225,23.75,71.25,71.25,0.0,5,1.3344270874534603
9226,26.25,71.25,71.25,0.0,5,1.429457067650072
9227,28.75,71.25,71.25,0.0,5,1.5119304679183996
9228,31.25,71.25,71.25,0.0,5,1.6239366452075152
9229,33.75,71.25,71.25,0.0,5,1.8078537159090962
9230,36.25,71.25,71.25,0.0,5,2.033940325740188
9231,38.75,71.25,71.25,0.0,5,2.2653868020390173
9232,41.25,71.25,71.25,0.0,5,2.4675605943921504
9233,43.75,71.25,71.25,0.0,5,2.6057764160085277
9234,46.25,71.25,71.25,0.0,5,2.656580930062275
9235,48.75,71.25,71.25,0.0,5,2.645436941591703
9236,51.25,71.25,71.25,0.0,5,2.6040290466359575
9237,53.75,71.25,71.25,0.0,5,2.5771822139702936
9238,56.25,71.25,71.25,0.0,5,2.4978905741693747
9239,58.75,71.25,71.25,0.0,5,2.4670821804944976
9240,61.25,71.25,71.25,0.0,5,2.4135912924842318
9241,63.75,71.25,71.25,0.0,5,2.3558058679465628
9242,66.25,71.25,71.25,0.0,5,2.309421470523386
9243,68.75,71.25,71.25,0.0,5,2.350863266782241
9244,71.25,71.25,71.25,1.0,0,2.3545310627498184
9245,73.75,71.25,71.25,1.0,0,2.3418491934294567
9246,76.25,71.25,71.25,1.0,0,2.3400085034804317
9247,78.75,71.25,71.25,1.0,0,2.3440471792076365
9248,81.25,71.25,71.25,1.0,0,2.3378764114585984
9249,83.75,71.25,71.25,1.0,0,2.333159195055678
9250,86.25,71.25,71.25,1.0,0,2.324176658666884
9251,88.75,71.25,71.25,1.0,0,2.3283179437604096
9252,91.25,71.25,71.25,1.0,0,2.3315939672458432
9253,93.75,71.25,71.25,1.0,0,2.330865106293867
9254,96.25,71.25,71.25,1.0,0,2.3271659901915696
9255,98.75,71.25,71.25,1.0,0,2.3192080999761373
9256,101.25,71.25,71.25,1.0,0,2.2573306305790335
9257,103.75,71.25,71.25,1.0,0,2.205568663727003
9258,106.25,71.25,71.25,1.0,0,2.1894977565846436
9259,108.75,71.25,71.25,1.0,0,2.1609745778330223
9260,111.25,71.25,71.25,1.0,0,2.1339558344061573
9261,113.75,71.25,71.25,1.0,0,2.1187950727655243
9262,116.25,71.25,71.25,1.0,0,2.109064120091456
9263,118.75,71.25,71.25,1.0,0,2.116973362537937
9264,121.25,71.25,71.25,1.0,0,2.1219087646548505
9265,123.75,71.25,71.25,1.0,0,2.115775784571275
9266,126.25,71.25,71.25,1.0,0,2.12310370940201
9267,128.75,71.25,71.25,1.0,0,2.1219452779244303
9268,131.25,71.25,71.25,1.0,0,2.1250718384763356
9269,133.75,71.25,71.25,1.0,0,2.137338621661016
9270,136.25,71.25,71.25,1.0,0,2.170439710862186
9271,138.75,71.25,71.25,1.0,0,2.227141378934847
9272,141.25,71.25,71.25,1.0,0,2.2717329537873816
9273,143.75,71.25,71.25,1.0,0,2.324267509995931
9274,146.25,71.25,71.25,1.0,0,2.3757736704565913
9275,148.75,71.25,71.25,1.0,0,2.412645718967606
9276,151.25,71.25,71.25,0.0,5,2.5622843088494633
9277,153.75,71.25,71.25,0.0,5,2.7473788169536237
9278,156.25,71.25,71.25,0.0,5,2.8829912233773283
9279,158.75,71.25,71.25,0.0,5,2.9967626274876227
9280,161.25,71.25,71.25,0.0,5,3.115846794654439
9281,163.75,71.25,71.25,0.0,5,3.192356771894505
9282,166.25,71.25,71.25,0.0,5,3.2406520187358683
9283,168.75,71.25,71.25,0.0,5,3.2841274470423607
9284,171.25,71.25,71.25,0.0,5,3.3225181518486995
9285,173.75,71.25,71.25,0.0,5,3.364267885930995
9286,176.25,71.25,71.25,0.0,5,3.3895862269982784
9287,178.75,71.25,71.25,0.0,5,3.4265483327112167
9288,181.25,71.25,71.25,0.0,5,3.521868716115101
9289,183.75,71.25,71.25,0.0,5,3.58439762591482
9290,186.25,71.25,71.25,0.0,5,3.574340386744268
9291,188.75,71.25,71.25,0.0,5,3.539354389886212
9292,191.25,71.25,71.25,0.0,5,3.496070364512943
9293,193.75,71.25,71.25,0.0,5,3.427660620972534
9294,196.25,71.25,71.25,0.0,5,3.3551261137212696
9295,198.75,71.25,71.25,0.0,5,3.2688219861964676
9296,201.25,71.25,71.25,0.0,5,3.2378914241745673
9297,203.75,71.25,71.25,0.0,5,3.200668458356342
9298,206.25,71.25,71.25,0.0,5,3.1067794456048436
9299,208.75,71.25,71.25,0.0,5,2.975862010714761
9300,211.25,71.25,71.25,0.0,5,2.8750939850169406
9301,213.75,71.25,71.25,0.0,5,2.789188043942562
9302,216.25,71.25,71.25,0.0,5,2.7393317748051813
9303,218.75,71.25,71.25,0.0,5,2.6877448891102294
9304,221.25,71.25,71.25,0.0,5,2.6425038641435608
9305,223.75,71.25,71.25,0.0,5,2.585858429008594
9306,226.25,71.25,71.25,0.0,5,2.5210410719308385
9307,228.75,71.25,71.25,0.0,5,2.456434575002351
9308,231.25,71.25,71.25,0.0,5,2.4126904750407774
9309,233.75,71.25,71.25,0.0,5,2.437704947380042
9310,236.25,71.25,71.25,0.0,5,2.572892404556034
9311,238.75,71.25,71.25,0.0,5,2.670923477962005
9312,241.25,71.25,71.25,0.0,5,2.712006280802588
9313,243.75,71.25,71.25,1.0,0,2.8283889005586347
9314,246.25,71.25,71.25,1.0,0,2.8604961941124927
9315,248.75,71.25,71.25,1.0,0,2.900039967841845
9316,251.25,71.25,71.25,1.0,0,2.9494862172125473
9317,253.75,71.25,71.25,1.0,0,3.0074308302153248
9318,256.25,71.25,71.25,0.0,5,3.02082202943683
9319,258.75,71.25,71.25,0.0,5,3.033166816299194
9320,261.25,71.25,71.25,0.0,5,3.0518104894006997
9321,263.75,71.25,71.25,0.0,5,3.120934939771496
9322,266.25,71.25,71.25,0.0,0,3.1931251696416822
9323,268.75,71.25,71.25,0.0,5,3.273330717281419
9324,271.25,71.25,71.25,1.0,0,3.3206767615505295
9325,273.75,71.25,71.25,1.0,0,3.3218793454520936
9326,276.25,71.25,71.25,1.0,0,3.2989986520233887
9327,278.75,71.25,71.25,1.0,0,3.2293678405916024
9328,281.25,71.25,71.25,1.0,0,3.1368899567414137
9329,283.75,71.25,71.25,1.0,0,3.1145364326080416
9330,286.25,71.25,71.25,1.0,0,2.8819274694929153
9331,288.75,71.25,71.25,0.0,5,2.597345156648692
9332,291.25,71.25,71.25,0.0,5,2.4042171279176068
9333,293.75,71.25,71.25,0.0,5,2.2897871374294083
9334,296.25,71.25,71.25,0.0,5,2.157367099495775
9335,298.75,71.25,71.25,0.0,5,1.981364866302302
9336,301.25,71.25,71.25,0.0,5,1.8044246693658246
9337,303.75,71.25,71.25,0.0,5,1.7510565790045205
9338,306.25,71.25,71.25,0.0,5,1.7788859610456698
9339,308.75,71.25,71.25,1.0,0,1.6041247442780626
9340,311.25,71.25,71.25,1.0,0,1.5736152429181334
9341,313.75,71.25,71.25,1.0,0,1.5805238671521382
9342,316.25,71.25,71.25,1.0,0,1.5937078767986386
9343,318.75,71.25,71.25,1.0,0,1.5970063059549722
9344,321.25,71.25,71.25,1.0,0,1.5919254720011007
9345,323.75,71.25,71.25,1.0,0,1.6022947641499528
9346,326.25,71.25,71.25,1.0,0,1.6185256662440626
9347,328.75,71.25,71.25,1.0,0,1.6335678433130474
9348,331.25,71.25,71.25,1.0,0,1.6945707813216995
9349,333.75,71.25,71.25,1.0,0,1.816632270472782
9350,336.25,71.25,71.25,1.0,0,2.0526079146666465
9351,338.75,71.25,71.25,0.0,5,2.6398144825138687
9352,341.25,71.25,71.25,0.0,5,2.9454099074072686
9353,343.75,71.25,71.25,0.0,5,2.802197290985614
9354,346.25,71.25,71.25,0.0,5,2.631514857939116
9355,348.75,71.25,71.25,0.0,5,2.4784766334302217
9356,351.25,71.25,71.25,0.0,5,2.3080611837059033
9357,353.75,71.25,71.25,0.0,5,2.1409964884199124
9358,356.25,71.25,71.25,0.0,5,1.981552744443354
9359,358.75,71.25,71.25,0.0,5,1.8211314665242426
9360,1.25,73.75,73.75,0.0,5,1.2521753172199699
9361,3.75,73.75,73.75,0.0,5,1.1011984929237162
9362,6.25,73.75,73.75,0.0,5,0.9863361973556425
9363,8.75,73.75,73.75,0.0,5,0.9170922760463146
9364,11.25,73.75,73.75,0.0,5,0.9209534307565188
9365,13.75,73.75,73.75,0.0,5,0.993011794570511
9366,16.25,73.75,73.75,0.0,5,1.103397959965534
9367,18.75,73.75,73.75,0.0,5,1.20894065117569
9368,21.25,73.75,73.75,0.0,5,1.3066215820965026
9369,23.75,73.75,73.75,0.0,5,1.4128750101731617
9370,26.25,73.75,73.75,0.0,5,1.5350808956671047
9371,28.75,73.75,73.75,0.0,5,1.678504683093808
9372,31.25,73.75,73.75,0.0,5,1.8532363226565027
9373,33.75,73.75,73.75,0.0,5,2.0628868618983196
9374,36.25,73.75,73.75,0.0,5,2.2899845458280588
9375,38.75,73.75,73.75,0.0,5,2.5179767343057775
9376,41.25,73.75,73.75,0.0,5,2.7184842676881447
9377,43.75,73.75,73.75,0.0,5,2.8452739497066353
9378,46.25,73.75,73.75,0.0,5,2.881770994577596
9379,48.75,73.75,73.75,0.0,5,2.839503218798625
9380,51.25,73.75,73.75,0.0,5,2.7477316376160985
9381,53.75,73.75,73.75,0.0,5,2.6814215675962823
9382,56.25,73.75,73.75,0.0,0,2.6184758123210963
9383,58.75,73.75,73.75,0.0,5,2.5646532159810342
9384,61.25,73.75,73.75,0.0,5,2.5422534898832985
9385,63.75,73.75,73.75,0.0,5,2.5002688234383363
9386,66.25,73.75,73.75,0.0,5,2.4358808685412323
9387,68.75,73.75,73.75,0.0,5,2.354984177326844
9388,71.25,73.75,73.75,0.0,5,2.247684297810726
9389,73.75,73.75,73.75,0.0,5,2.166430210191449
9390,76.25,73.75,73.75,0.0,5,2.1202004443392566
9391,78.75,73.75,73.75,0.0,5,2.100753397928755
9392,81.25,73.75,73.75,0.0,5,2.1260085942156617
9393,83.75,73.75,73.75,0.0,5,2.1726416283031122
9394,86.25,73.75,73.75,1.0,0,2.2474891744889396
9395,88.75,73.75,73.75,1.0,0,2.2960466811330122
9396,91.25,73.75,73.75,1.0,0,2.308780735266548
9397,93.75,73.75,73.75,1.0,0,2.3117467179062965
9398,96.25,73.75,73.75,1.0,0,2.314071392720231
9399,98.75,73.75,73.75,1.0,0,2.2863162549819385
9400,101.25,73.75,73.75,1.0,0,2.2492466745642217
9401,103.75,73.75,73.75,1.0,0,2.238342722562207
9402,106.25,73.75,73.75,1.0,0,2.216003701908856
9403,108.75,73.75,73.75,1.0,0,2.1875541525865603
9404,111.25,73.75,73.75,1.0,0,2.139372776241661
9405,113.75,73.75,73.75,0.0,5,2.0658915540570826
9406,116.25,73.75,73.75,0.0,5,2.0629060167691873
9407,118.75,73.75,73.75,0.0,5,2.04992332820817
9408,121.25,73.75,73.75,0.0,5,2.0559366298943575
9409,123.75,73.75,73.75,0.0,5,2.090201810125991
9410,126.25,73.75,73.75,0.0,5,2.1114314521814053
9411,128.75,73.75,73.75,0.0,5,2.158934899573784
9412,131.25,73.75,73.75,0.0,5,2.2182416568040675
9413,133.75,73.75,73.75,0.0,5,2.291048505895071
9414,136.25,73.75,73.75,0.0,5,2.3829260717394236
9415,138.75,73.75,73.75,0.0,5,2.477767755518689
9416,141.25,73.75,73.75,0.0,5,2.5918376010492166
9417,143.75,73.75,73.75,0.0,5,2.739124848662953
9418,146.25,73.75,73.75,0.0,5,2.8591975639938374
9419,148.75,73.75,73.75,0.0,5,2.9555043744906087
9420,151.25,73.75,73.75,0.0,5,3.050975059496501
9421,153.75,73.75,73.75,0.0,5,3.1306340640584716
9422,156.25,73.75,73.75,0.0,5,3.1957319024229194
9423,158.75,73.75,73.75,0.0,5,3.2589581975448296
9424,161.25,73.75,73.75,0.0,5,3.328815403821187
9425,163.75,73.75,73.75,0.0,5,3.4022827723149596
9426,166.25,73.75,73.75,0.0,5,3.4753818508624557
9427,168.75,73.75,73.75,0.0,5,3.5479185489625618
9428,171.25,73.75,73.75,0.0,5,3.61243353835791
9429,173.75,73.75,73.75,0.0,5,3.665572955420868
9430,176.25,73.75,73.75,0.0,5,3.721040519763409
9431,178.75,73.75,73.75,0.0,5,3.7808700373667774
9432,181.25,73.75,73.75,0.0,5,3.8288140717766708
9433,183.75,73.75,73.75,0.0,5,3.863610432080855
9434,186.25,73.75,73.75,0.0,5,3.8902232762091544
9435,188.75,73.75,73.75,0.0,5,3.8902663443054353
9436,191.25,73.75,73.75,0.0,5,3.869208670530084
9437,193.75,73.75,73.75,0.0,5,3.847496945957456
9438,196.25,73.75,73.75,0.0,5,3.806249330195947
9439,198.75,73.75,73.75,0.0,5,3.7512870219247736
9440,201.25,73.75,73.75,0.0,5,3.6857829734462713
9441,203.75,73.75,73.75,0.0,5,3.6050249951088413
9442,206.25,73.75,73.75,0.0,5,3.5193672552467308
9443,208.75,73.75,73.75,0.0,5,3.424464048506877
9444,211.25,73.75,73.75,0.0,5,3.3349966862649483
9445,213.75,73.75,73.75,0.0,5,3.24630006535336
9446,216.25,73.75,73.75,0.0,5,3.1635570520765697
9447,218.75,73.75,73.75,0.0,5,3.081293303597814
9448,221.25,73.75,73.75,0.0,5,2.992497626633048
9449,223.75,73.75,73.75,0.0,5,2.895742697445306
9450,226.25,73.75,73.75,0.0,5,2.792583405615689
9451,228.75,73.75,73.75,0.0,5,2.6862824893028874
9452,231.25,73.75,73.75,0.0,5,2.578642835414908
9453,233.75,73.75,73.75,0.0,5,2.5090410563406746
9454,236.25,73.75,73.75,0.0,5,2.663927467818322
9455,238.75,73.75,73.75,1.0,0,2.7926681707124255
9456,241.25,73.75,73.75,1.0,0,2.8887366923926017
9457,243.75,73.75,73.75,0.0,5,3.0661371264788855
9458,246.25,73.75,73.75,0.0,5,3.255550573511582
9459,248.75,73.75,73.75,0.0,5,3.36843680242856
9460,251.25,73.75,73.75,0.0,5,3.3636652566783134
9461,253.75,73.75,73.75,0.0,5,3.331645080845618
9462,256.25,73.75,73.75,0.0,5,3.382595942369788
9463,258.75,73.75,73.75,0.0,5,3.3221987713173826
9464,261.25,73.75,73.75,0.0,0,3.2322144034236886
9465,263.75,73.75,73.75,0.0,5,3.1648152678191455
9466,266.25,73.75,73.75,1.0,0,3.1994985849836675
9467,268.75,73.75,73.75,1.0,0,3.2634504168727623
9468,271.25,73.75,73.75,0.0,5,3.3350455050388317
9469,273.75,73.75,73.75,0.0,5,3.262813164056532
9470,276.25,73.75,73.75,0.0,5,3.103339307982519
9471,278.75,73.75,73.75,0.0,5,2.866093874004688
9472,281.25,73.75,73.75,0.0,5,2.598878352904831
9473,283.75,73.75,73.75,0.0,5,2.3286080129713467
9474,286.25,73.75,73.75,0.0,5,2.166028343050765
9475,288.75,73.75,73.75,0.0,5,2.0991261582580374
9476,291.25,73.75,73.75,0.0,5,2.0490747678140075
9477,293.75,73.75,73.75,0.0,5,1.9459226371337095
9478,296.25,73.75,73.75,0.0,5,1.8417634980916233
9479,298.75,73.75,73.75,0.0,5,1.7769355016624708
9480,301.25,73.75,73.75,0.0,5,1.767303148054421
9481,303.75,73.75,73.75,0.0,5,1.7377602751861505
9482,306.25,73.75,73.75,1.0,0,1.6370829884799303
9483,308.75,73.75,73.75,1.0,0,1.6556480064688233
9484,311.25,73.75,73.75,1.0,0,1.6465084933003398
9485,313.75,73.75,73.75,1.0,0,1.644919906442534
9486,316.25,73.75,73.75,1.0,0,1.6370977963941669
9487,318.75,73.75,73.75,1.0,0,1.61890958893574
9488,321.25,73.75,73.75,1.0,0,1.6076642600135487
9489,323.75,73.75,73.75,1.0,0,1.6186581668348532
9490,326.25,73.75,73.75,1.0,0,1.6380406410795365
9491,328.75,73.75,73.75,1.0,0,1.668098472994583
9492,331.25,73.75,73.75,1.0,0,1.761615963706996
9493,333.75,73.75,73.75,1.0,0,1.9721351201913504
9494,336.25,73.75,73.75,1.0,0,2.113458892342829
9495,338.75,73.75,73.75,1.0,0,2.19479243573761
9496,341.25,73.75,73.75,0.0,5,2.4485961132328162
9497,343.75,73.75,73.75,0.0,5,2.6094021450829104
9498,346.25,73.75,73.75,0.0,5,2.502049090721126
9499,348.75,73.75,73.75,0.0,5,2.333444861255458
9500,351.25,73.75,73.75,0.0,5,2.1614916409364753
9501,353.75,73.75,73.75,0.0,5,1.9686958855742624
9502,356.25,73.75,73.75,0.0,5,1.7226678875116346
9503,358.75,73.75,73.75,0.0,5,1.4620431427037637
9504,1.25,76.25,76.25,0.0,5,0.6088588964885651
9505,3.75,76.25,76.25,0.0,5,0.49217517470028543
9506,6.25,76.25,76.25,0.0,5,0.5059495250022038
9507,8.75,76.25,76.25,0.0,5,0.6112426763413319
9508,11.25,76.25,76.25,0.0,5,0.8174111772698365
9509,13.75,76.25,76.25,0.0,5,1.1287366835885662
9510,16.25,76.25,76.25,0.0,5,1.511105037027386
9511,18.75,76.25,76.25,0.0,5,1.8363401077281474
9512,21.25,76.25,76.25,0.0,5,1.915446931275212
9513,23.75,76.25,76.25,0.0,5,1.9553907935608583
9514,26.25,76.25,76.25,0.0,5,2.030886307092545
9515,28.75,76.25,76.25,0.0,5,2.144493557999075
9516,31.25,76.25,76.25,0.0,5,2.28053025580053
9517,33.75,76.25,76.25,0.0,5,2.421973196746882
9518,36.25,76.25,76.25,0.0,5,2.568796951668467
9519,38.75,76.25,76.25,0.0,5,2.7177687987109453
9520,41.25,76.25,76.25,0.0,5,2.84297688334428
9521,43.75,76.25,76.25,0.0,5,2.9199115344226003
9522,46.25,76.25,76.25,0.0,5,2.945768308340245
9523,48.75,76.25,76.25,0.0,5,2.923473487204742
9524,51.25,76.25,76.25,0.0,5,2.8573364429308485
9525,53.75,76.25,76.25,0.0,5,2.7512963241464616
9526,56.25,76.25,76.25,0.0,5,2.646357628663424
9527,58.75,76.25,76.25,0.0,5,2.5926405251562237
9528,61.25,76.25,76.25,0.0,5,2.5358285795716595
9529,63.75,76.25,76.25,0.0,5,2.480038726639815
9530,66.25,76.25,76.25,1.0,0,2.4263937633116237
9531,68.75,76.25,76.25,0.0,5,2.3601595480020214
9532,71.25,76.25,76.25,0.0,5,2.3070112757271266
9533,73.75,76.25,76.25,0.0,5,2.2682790054908124
9534,76.25,76.25,76.25,0.0,5,2.224397734773213
9535,78.75,76.25,76.25,0.0,5,2.180998790122876
9536,81.25,76.25,76.25,0.0,5,2.1357064096746843
9537,83.75,76.25,76.25,0.0,5,2.095537955176221
9538,86.25,76.25,76.25,0.0,5,2.0598044049435207
9539,88.75,76.25,76.25,0.0,5,2.036360212092722
9540,91.25,76.25,76.25,0.0,5,2.034695320409167
9541,93.75,76.25,76.25,0.0,5,2.1157392021353028
9542,96.25,76.25,76.25,0.0,5,2.146761544903285
9543,98.75,76.25,76.25,0.0,5,2.1289770175549716
9544,101.25,76.25,76.25,0.0,0,2.1839456857281645
9545,103.75,76.25,76.25,1.0,0,2.222689754774789
9546,106.25,76.25,76.25,1.0,0,2.264996983223506
9547,108.75,76.25,76.25,1.0,0,2.251324619474722
9548,111.25,76.25,76.25,0.0,0,2.1900215585039673
9549,113.75,76.25,76.25,0.0,5,2.1487898229741416
9550,116.25,76.25,76.25,0.0,5,2.1707492610073738
9551,118.75,76.25,76.25,0.0,5,2.2111039922001994
9552,121.25,76.25,76.25,0.0,5,2.2448032562164673
9553,123.75,76.25,76.25,0.0,5,2.2793959665826904
9554,126.25,76.25,76.25,0.0,5,2.317958555939946
9555,128.75,76.25,76.25,0.0,5,2.3581487629548024
9556,131.25,76.25,76.25,0.0,5,2.4022354755618576
9557,133.75,76.25,76.25,0.0,5,2.4414307117725293
9558,136.25,76.25,76.25,0.0,5,2.487375728596622
9559,138.75,76.25,76.25,0.0,5,2.5683111409170842
9560,141.25,76.25,76.25,0.0,5,2.6258545407262943
9561,143.75,76.25,76.25,0.0,5,2.6928208756133882
9562,146.25,76.25,76.25,0.0,5,2.793174963719087
9563,148.75,76.25,76.25,0.0,5,2.9472919891433595
9564,151.25,76.25,76.25,0.0,5,3.105491825972994
9565,153.75,76.25,76.25,0.0,5,3.1927486401899268
9566,156.25,76.25,76.25,0.0,5,3.2761019793053414
9567,158.75,76.25,76.25,0.0,5,3.3548393218363546
9568,161.25,76.25,76.25,0.0,5,3.43253223925384
9569,163.75,76.25,76.25,0.0,5,3.5093220314739395
9570,166.25,76.25,76.25,0.0,5,3.5777159013856084
9571,168.75,76.25,76.25,0.0,5,3.639074523009133
9572,171.25,76.25,76.25,0.0,5,3.6921745164271007
9573,173.75,76.25,76.25,0.0,5,3.731867160618116
9574,176.25,76.25,76.25,0.0,5,3.767818135606924
9575,178.75,76.25,76.25,0.0,5,3.7937164423312546
9576,181.25,76.25,76.25,0.0,5,3.8079222786720526
9577,183.75,76.25,76.25,0.0,5,3.823173636108314
9578,186.25,76.25,76.25,0.0,5,3.8419532905417797
9579,188.75,76.25,76.25,0.0,5,3.855535637458636
9580,191.25,76.25,76.25,0.0,5,3.8653234454335417
9581,193.75,76.25,76.25,0.0,5,3.8633077113657444
9582,196.25,76.25,76.25,0.0,5,3.8379498271488495
9583,198.75,76.25,76.25,0.0,5,3.796405125378415
9584,201.25,76.25,76.25,0.0,5,3.7382661589119524
9585,203.75,76.25,76.25,0.0,5,3.673403402924041
9586,206.25,76.25,76.25,0.0,5,3.6008575309844817
9587,208.75,76.25,76.25,0.0,5,3.525813878692169
9588,211.25,76.25,76.25,0.0,5,3.4498608817759737
9589,213.75,76.25,76.25,0.0,5,3.3759993270026323
9590,216.25,76.25,76.25,0.0,5,3.3021136180802224
9591,218.75,76.25,76.25,0.0,5,3.2275534693563137
9592,221.25,76.25,76.25,0.0,5,3.148304843612296
9593,223.75,76.25,76.25,0.0,5,3.06400939710491
9594,226.25,76.25,76.25,0.0,5,2.973830510552913
9595,228.75,76.25,76.25,0.0,5,2.873769782230378
9596,231.25,76.25,76.25,0.0,5,2.764708904218302
9597,233.75,76.25,76.25,0.0,5,2.6531754489107695
9598,236.25,76.25,76.25,0.0,5,2.6066394948081997
9599,238.75,76.25,76.25,0.0,5,2.679895347378522
9600,241.25,76.25,76.25,0.0,5,2.7512436313428767
9601,243.75,76.25,76.25,0.0,5,2.822353765535432
9602,246.25,76.25,76.25,0.0,5,2.842212329473547
9603,248.75,76.25,76.25,0.0,5,2.8095021206243347
9604,251.25,76.25,76.25,0.0,5,2.8196053298903023
9605,253.75,76.25,76.25,0.0,5,2.777514492228393
9606,256.25,76.25,76.25,0.0,5,2.7911823963270925
9607,258.75,76.25,76.25,0.0,0,2.808589350595088
9608,261.25,76.25,76.25,1.0,0,2.8508988019535506
9609,263.75,76.25,76.25,1.0,0,2.8286047775447023
9610,266.25,76.25,76.25,1.0,0,3.0299492690477288
9611,268.75,76.25,76.25,1.0,0,3.260868668727599
9612,271.25,76.25,76.25,0.0,0,3.294764432669536
9613,273.75,76.25,76.25,0.0,0,3.1710413869484784
9614,276.25,76.25,76.25,0.0,5,2.957491521191196
9615,278.75,76.25,76.25,0.0,5,2.4439376547135283
9616,281.25,76.25,76.25,0.0,5,2.048542583999277
9617,283.75,76.25,76.25,0.0,5,1.9607790326824337
9618,286.25,76.25,76.25,0.0,5,1.9590968566969253
9619,288.75,76.25,76.25,0.0,5,1.8801107127302032
9620,291.25,76.25,76.25,1.0,0,1.8146631131118491
9621,293.75,76.25,76.25,1.0,0,1.7564587421587834
9622,296.25,76.25,76.25,0.0,5,1.7842762536774364
9623,298.75,76.25,76.25,0.0,5,1.7769157168246659
9624,301.25,76.25,76.25,1.0,0,1.719643119058389
9625,303.75,76.25,76.25,1.0,0,1.7361909484030442
9626,306.25,76.25,76.25,1.0,0,1.7440643202221267
9627,308.75,76.25,76.25,1.0,0,1.7232927386677102
9628,311.25,76.25,76.25,1.0,0,1.703983418225132
9629,313.75,76.25,76.25,1.0,0,1.690605055638878
9630,316.25,76.25,76.25,1.0,0,1.6875496099214808
9631,318.75,76.25,76.25,1.0,0,1.6911618014472451
9632,321.25,76.25,76.25,1.0,0,1.6967952849700942
9633,323.75,76.25,76.25,1.0,0,1.7069754367467376
9634,326.25,76.25,76.25,1.0,0,1.7173891747578234
9635,328.75,76.25,76.25,1.0,0,1.7268994727660394
9636,331.25,76.25,76.25,1.0,0,1.7508764200122804
9637,333.75,76.25,76.25,1.0,0,1.8097969248319035
9638,336.25,76.25,76.25,1.0,0,1.9874496011482352
9639,338.75,76.25,76.25,0.0,0,2.254551842873344
9640,341.25,76.25,76.25,0.0,5,2.6936375844731875
9641,343.75,76.25,76.25,0.0,5,2.6987244376962094
9642,346.25,76.25,76.25,0.0,5,2.491001468767726
9643,348.75,76.25,76.25,0.0,5,2.2424723051221864
9644,351.25,76.25,76.25,0.0,5,1.9707692781986097
9645,353.75,76.25,76.25,0.0,5,1.6729814010314124
9646,356.25,76.25,76.25,0.0,5,1.3088522742322322
9647,358.75,76.25,76.25,0.0,5,0.9088869667959483
9648,1.25,78.75,78.75,0.0,5,0.9294373274430757
9649,3.75,78.75,78.75,0.0,5,0.5726713919893592
9650,6.25,78.75,78.75,0.0,5,0.307859362504307
9651,8.75,78.75,78.75,0.0,5,0.3507055558680199
9652,11.25,78.75,78.75,0.0,5,0.7842657507688425
9653,13.75,78.75,78.75,1.0,0,1.6780900177466265
9654,16.25,78.75,78.75,1.0,0,2.0138979745334096
9655,18.75,78.75,78.75,1.0,0,2.021609149663422
9656,21.25,78.75,78.75,0.0,5,2.178762323020363
9657,23.75,78.75,78.75,0.0,5,2.3207335865277545
9658,26.25,78.75,78.75,0.0,5,2.357731544671361
9659,28.75,78.75,78.75,0.0,5,2.3762689314845944
9660,31.25,78.75,78.75,0.0,5,2.4092212821017047
9661,33.75,78.75,78.75,0.0,5,2.4564049750129
9662,36.25,78.75,78.75,0.0,5,2.508475844954779
9663,38.75,78.75,78.75,0.0,5,2.563018743475692
9664,41.25,78.75,78.75,0.0,5,2.617696938778154
9665,43.75,78.75,78.75,0.0,5,2.66391712817226
9666,46.25,78.75,78.75,0.0,5,2.6947910212737956
9667,48.75,78.75,78.75,0.0,5,2.703802667885229
9668,51.25,78.75,78.75,0.0,5,2.691532592166922
9669,53.75,78.75,78.75,0.0,5,2.6533333404909967
9670,56.25,78.75,78.75,0.0,5,2.601434775915403
9671,58.75,78.75,78.75,0.0,5,2.5559098790178663
9672,61.25,78.75,78.75,0.0,5,2.512431135252149
9673,63.75,78.75,78.75,0.0,5,2.4710241550633483
9674,66.25,78.75,78.75,0.0,5,2.425035461879105
9675,68.75,78.75,78.75,0.0,5,2.3795969564187263
9676,71.25,78.75,78.75,0.0,5,2.3352963757138365
9677,73.75,78.75,78.75,0.0,5,2.296640482122922
9678,76.25,78.75,78.75,0.0,5,2.2595979663573087
9679,78.75,78.75,78.75,0.0,5,2.223179033148773
9680,81.25,78.75,78.75,0.0,5,2.18309515227498
9681,83.75,78.75,78.75,0.0,5,2.152178254097368
9682,86.25,78.75,78.75,0.0,5,2.1324296644258807
9683,88.75,78.75,78.75,0.0,5,2.1203481928975343
9684,91.25,78.75,78.75,0.0,5,2.1138749548886544
9685,93.75,78.75,78.75,0.0,5,2.1175603487948718
9686,96.25,78.75,78.75,0.0,5,2.137010362280156
9687,98.75,78.75,78.75,0.0,5,2.147267445128196
9688,101.25,78.75,78.75,0.0,5,2.2022175192713846
9689,103.75,78.75,78.75,0.0,5,2.2161732368513394
9690,106.25,78.75,78.75,0.0,5,2.2235588478057604
9691,108.75,78.75,78.75,0.0,5,2.257482446264615
9692,111.25,78.75,78.75,0.0,5,2.29866246682503
9693,113.75,78.75,78.75,0.0,5,2.3409233082924903
9694,116.25,78.75,78.75,0.0,5,2.386821491371658
9695,118.75,78.75,78.75,0.0,5,2.431123811419409
9696,121.25,78.75,78.75,0.0,5,2.479904120373521
9697,123.75,78.75,78.75,0.0,5,2.531453262749555
9698,126.25,78.75,78.75,0.0,5,2.583187813636366
9699,128.75,78.75,78.75,0.0,5,2.637112863505113
9700,131.25,78.75,78.75,0.0,5,2.6872010721231328
9701,133.75,78.75,78.75,0.0,5,2.7454032865922455
9702,136.25,78.75,78.75,0.0,5,2.8017182045477873
9703,138.75,78.75,78.75,0.0,5,2.8726099738466493
9704,141.25,78.75,78.75,0.0,5,2.9367986806280237
9705,143.75,78.75,78.75,0.0,5,3.01048011117704
9706,146.25,78.75,78.75,0.0,5,3.074752276121434
9707,148.75,78.75,78.75,0.0,5,3.1480149326370164
9708,151.25,78.75,78.75,0.0,5,3.2135734909188107
9709,153.75,78.75,78.75,0.0,5,3.2796088122940197
9710,156.25,78.75,78.75,0.0,5,3.3425804615917882
9711,158.75,78.75,78.75,0.0,5,3.4041202736042027
9712,161.25,78.75,78.75,0.0,5,3.4603759381191392
9713,163.75,78.75,78.75,0.0,5,3.5020572861780552
9714,166.25,78.75,78.75,0.0,5,3.5328876748379154
9715,168.75,78.75,78.75,0.0,5,3.5542103394638853
9716,171.25,78.75,78.75,0.0,5,3.5742052785732987
9717,173.75,78.75,78.75,0.0,5,3.59271138594424
9718,176.25,78.75,78.75,0.0,5,3.6021850262173527
9719,178.75,78.75,78.75,0.0,5,3.6024995597345715
9720,181.25,78.75,78.75,0.0,5,3.6022807833153156
9721,183.75,78.75,78.75,0.0,5,3.6025621844336797
9722,186.25,78.75,78.75,0.0,5,3.590513839628204
9723,188.75,78.75,78.75,0.0,5,3.5780850655810497
9724,191.25,78.75,78.75,0.0,5,3.5704458465938504
9725,193.75,78.75,78.75,0.0,5,3.55196148830012
9726,196.25,78.75,78.75,0.0,5,3.5325753327539187
9727,198.75,78.75,78.75,0.0,5,3.5161785538245605
9728,201.25,78.75,78.75,0.0,5,3.486794012280786
9729,203.75,78.75,78.75,0.0,5,3.4649450952154575
9730,206.25,78.75,78.75,0.0,5,3.4333953188931616
9731,208.75,78.75,78.75,0.0,5,3.3977363742916884
9732,211.25,78.75,78.75,0.0,5,3.3620307398062703
9733,213.75,78.75,78.75,0.0,5,3.319209551895041
9734,216.25,78.75,78.75,0.0,5,3.278348421487872
9735,218.75,78.75,78.75,0.0,5,3.2315424279190776
9736,221.25,78.75,78.75,0.0,5,3.1872310723444923
9737,223.75,78.75,78.75,0.0,5,3.1391539286231684
9738,226.25,78.75,78.75,0.0,5,3.0891136495372247
9739,228.75,78.75,78.75,0.0,5,3.0366511522571544
9740,231.25,78.75,78.75,0.0,5,2.9802257969553745
9741,233.75,78.75,78.75,0.0,5,2.9203477431077305
9742,236.25,78.75,78.75,0.0,5,2.854744636890051
9743,238.75,78.75,78.75,0.0,5,2.7869442770959916
9744,241.25,78.75,78.75,0.0,5,2.7172564543577984
9745,243.75,78.75,78.75,0.0,5,2.6576060415520573
9746,246.25,78.75,78.75,0.0,5,2.6172251383008054
9747,248.75,78.75,78.75,0.0,5,2.6178842671817844
9748,251.25,78.75,78.75,0.0,5,2.62951987254477
9749,253.75,78.75,78.75,0.0,5,2.6440829213214325
9750,256.25,78.75,78.75,0.0,5,2.7223873755502055
9751,258.75,78.75,78.75,1.0,0,2.7671258062061357
9752,261.25,78.75,78.75,0.0,5,2.790596587672064
9753,263.75,78.75,78.75,0.0,5,2.7718053216282654
9754,266.25,78.75,78.75,1.0,0,2.766488126193257
9755,268.75,78.75,78.75,1.0,0,2.988069085997316
9756,271.25,78.75,78.75,1.0,0,3.0717558808795498
9757,273.75,78.75,78.75,1.0,0,2.7217381258083515
9758,276.25,78.75,78.75,1.0,0,2.513555603830441
9759,278.75,78.75,78.75,1.0,0,2.442905806658119
9760,281.25,78.75,78.75,1.0,0,2.3091641673719288
9761,283.75,78.75,78.75,0.0,5,1.956146138716746
9762,286.25,78.75,78.75,0.0,5,1.9071243793832087
9763,288.75,78.75,78.75,0.0,5,2.016021412850789
9764,291.25,78.75,78.75,1.0,0,2.2848736089389114
9765,293.75,78.75,78.75,1.0,0,2.0626135799747383
9766,296.25,78.75,78.75,1.0,0,1.9092412596899657
9767,298.75,78.75,78.75,1.0,0,1.8623172545349667
9768,301.25,78.75,78.75,1.0,0,1.8385672010488379
9769,303.75,78.75,78.75,1.0,0,1.8243512862445164
9770,306.25,78.75,78.75,1.0,0,1.8177292327739156
9771,308.75,78.75,78.75,1.0,0,1.8077385451826253
9772,311.25,78.75,78.75,1.0,0,1.7972973133479548
9773,313.75,78.75,78.75,1.0,0,1.789444716452909
9774,316.25,78.75,78.75,1.0,0,1.7836991388483459
9775,318.75,78.75,78.75,1.0,0,1.785345455061356
9776,321.25,78.75,78.75,1.0,0,1.7979663609655805
9777,323.75,78.75,78.75,1.0,0,1.8212640604765675
9778,326.25,78.75,78.75,1.0,0,1.8551773598944652
9779,328.75,78.75,78.75,1.0,0,1.8941131464648373
9780,331.25,78.75,78.75,1.0,0,1.9390077711118665
9781,333.75,78.75,78.75,1.0,0,2.0017414881656888
9782,336.25,78.75,78.75,1.0,0,2.0873386556835385
9783,338.75,78.75,78.75,1.0,0,2.2010599585433424
9784,341.25,78.75,78.75,0.0,5,2.3163362394959863
9785,343.75,78.75,78.75,0.0,5,2.51587220893475
9786,346.25,78.75,78.75,0.0,5,2.484274153742092
9787,348.75,78.75,78.75,0.0,5,2.340679060318426
9788,351.25,78.75,78.75,0.0,5,2.15631922925535
9789,353.75,78.75,78.75,0.0,5,1.9640211429149628
9790,356.25,78.75,78.75,0.0,5,1.733308293069714
9791,358.75,78.75,78.75,0.0,5,1.3681620263462502
9792,1.25,81.25,81.25,0.0,5,2.0333909346086387
9793,3.75,81.25,81.25,0.0,5,1.9976803013890916
9794,6.25,81.25,81.25,0.0,5,1.9543594223417617
9795,8.75,81.25,81.25,0.0,5,1.9357495406039438
9796,11.25,81.25,81.25,0.0,5,1.9435998215165544
9797,13.75,81.25,81.25,0.0,5,1.9703727494979528
9798,16.25,81.25,81.25,0.0,5,2.004497387070201
9799,18.75,81.25,81.25,0.0,5,2.048233754865134
9800,21.25,81.25,81.25,0.0,5,2.0937689567953113
9801,23.75,81.25,81.25,0.0,5,2.134065080299742
9802,26.25,81.25,81.25,0.0,5,2.17340605544828
9803,28.75,81.25,81.25,0.0,5,2.204373185457589
9804,31.25,81.25,81.25,0.0,5,2.22883823563211
9805,33.75,81.25,81.25,0.0,5,2.250088872718794
9806,36.25,81.25,81.25,0.0,5,2.2645230673106505
9807,38.75,81.25,81.25,0.0,5,2.2728222433887053
9808,41.25,81.25,81.25,0.0,5,2.271480617826356
9809,43.75,81.25,81.25,0.0,5,2.2563842081234093
9810,46.25,81.25,81.25,0.0,5,2.234108397023805
9811,48.75,81.25,81.25,0.0,5,2.213461549206239
9812,51.25,81.25,81.25,0.0,5,2.204951349389704
9813,53.75,81.25,81.25,0.0,5,2.208708244883174
9814,56.25,81.25,81.25,0.0,5,2.22802865948124
9815,58.75,81.25,81.25,0.0,5,2.2637827967595845
9816,61.25,81.25,81.25,0.0,5,2.2828436055371406
9817,63.75,81.25,81.25,0.0,5,2.2807874639783448
9818,66.25,81.25,81.25,0.0,5,2.271664630844649
9819,68.75,81.25,81.25,0.0,5,2.263997807751862
9820,71.25,81.25,81.25,0.0,5,2.25188971844257
9821,73.75,81.25,81.25,0.0,5,2.2345765989346376
9822,76.25,81.25,81.25,0.0,5,2.214331083929447
9823,78.75,81.25,81.25,0.0,5,2.193095905533635
9824,81.25,81.25,81.25,0.0,5,2.1732511289747203
9825,83.75,81.25,81.25,0.0,5,2.1564662345151064
9826,86.25,81.25,81.25,0.0,5,2.137248277287924
9827,88.75,81.25,81.25,0.0,5,2.1191627514117886
9828,91.25,81.25,81.25,0.0,5,2.119553284514493
9829,93.75,81.25,81.25,0.0,5,2.1447110938768246
9830,96.25,81.25,81.25,0.0,5,2.2041338258751977
9831,98.75,81.25,81.25,0.0,5,2.2662884640956125
9832,101.25,81.25,81.25,0.0,5,2.309949459826968
9833,103.75,81.25,81.25,0.0,5,2.3526504557684595
9834,106.25,81.25,81.25,0.0,5,2.394153993395696
9835,108.75,81.25,81.25,0.0,5,2.4343674955449335
9836,111.25,81.25,81.25,0.0,5,2.477701111948198
9837,113.75,81.25,81.25,0.0,5,2.52449237945783
9838,116.25,81.25,81.25,0.0,5,2.5740833143845654
9839,118.75,81.25,81.25,0.0,5,2.6253970487236975
9840,121.25,81.25,81.25,0.0,5,2.6740414472721286
9841,123.75,81.25,81.25,0.0,5,2.7189811680273746
9842,126.25,81.25,81.25,0.0,5,2.762845158533755
9843,128.75,81.25,81.25,0.0,5,2.806586802124671
9844,131.25,81.25,81.25,0.0,5,2.8483868647184534
9845,133.75,81.25,81.25,0.0,5,2.8890911695823336
9846,136.25,81.25,81.25,0.0,5,2.9310316679456503
9847,138.75,81.25,81.25,0.0,5,2.975774192664616
9848,141.25,81.25,81.25,0.0,5,3.0171708153397687
9849,143.75,81.25,81.25,0.0,5,3.054997684403537
9850,146.25,81.25,81.25,0.0,5,3.0922811745048944
9851,148.75,81.25,81.25,0.0,5,3.130402016452039
9852,151.25,81.25,81.25,0.0,5,3.166056936620346
9853,153.75,81.25,81.25,0.0,5,3.1977203119524753
9854,156.25,81.25,81.25,0.0,5,3.2259728012269853
9855,158.75,81.25,81.25,0.0,5,3.2500624201752166
9856,161.25,81.25,81.25,0.0,5,3.2700671638836463
9857,163.75,81.25,81.25,0.0,5,3.2880406391513937
9858,166.25,81.25,81.25,0.0,5,3.305640005361033
9859,168.75,81.25,81.25,0.0,5,3.321932530051057
9860,171.25,81.25,81.25,0.0,5,3.333327745570211
9861,173.75,81.25,81.25,0.0,5,3.338989450436604
9862,176.25,81.25,81.25,0.0,5,3.342064117497681
9863,178.75,81.25,81.25,0.0,5,3.3459865265970707
9864,181.25,81.25,81.25,0.0,5,3.349577736525849
9865,183.75,81.25,81.25,0.0,5,3.3454822343277675
9866,186.25,81.25,81.25,0.0,5,3.3341960172159104
9867,188.75,81.25,81.25,0.0,5,3.3256853022014807
9868,191.25,81.25,81.25,0.0,5,3.3193319317244847
9869,193.75,81.25,81.25,0.0,5,3.3055437411257422
9870,196.25,81.25,81.25,0.0,5,3.2904400346208478
9871,198.75,81.25,81.25,0.0,5,3.279176927317491
9872,201.25,81.25,81.25,0.0,5,3.261791737629869
9873,203.75,81.25,81.25,0.0,5,3.242950155064678
9874,206.25,81.25,81.25,0.0,5,3.2264245802284157
9875,208.75,81.25,81.25,0.0,5,3.205176615508723
9876,211.25,81.25,81.25,0.0,5,3.185065608168934
9877,213.75,81.25,81.25,0.0,5,3.164576555030138
9878,216.25,81.25,81.25,0.0,5,3.1427534065985485
9879,218.75,81.25,81.25,0.0,5,3.1224384455515963
9880,221.25,81.25,81.25,0.0,5,3.1019970496454596
9881,223.75,81.25,81.25,0.0,5,3.083807412927491
9882,226.25,81.25,81.25,0.0,5,3.06473059104651
9883,228.75,81.25,81.25,0.0,5,3.043725329278151
9884,231.25,81.25,81.25,0.0,5,3.0217218666682513
9885,233.75,81.25,81.25,0.0,5,2.998293883249434
9886,236.25,81.25,81.25,0.0,5,2.973272585758908
9887,238.75,81.25,81.25,0.0,5,2.946428876180308
9888,241.25,81.25,81.25,0.0,5,2.918659798812122
9889,243.75,81.25,81.25,0.0,5,2.892157391660623
9890,246.25,81.25,81.25,0.0,5,2.8645385119399878
9891,248.75,81.25,81.25,0.0,5,2.8394371423562395
9892,251.25,81.25,81.25,0.0,5,2.8164048567279023
9893,253.75,81.25,81.25,0.0,5,2.7944936605535853
9894,256.25,81.25,81.25,0.0,5,2.7766659676365797
9895,258.75,81.25,81.25,0.0,5,2.7619129247997143
9896,261.25,81.25,81.25,0.0,5,2.753208222130303
9897,263.75,81.25,81.25,0.0,5,2.7505710539892663
9898,266.25,81.25,81.25,0.0,5,2.739845344250401
9899,268.75,81.25,81.25,0.0,5,2.7025340779234726
9900,271.25,81.25,81.25,1.0,0,2.582441761334209
9901,273.75,81.25,81.25,1.0,0,2.527952932267778
9902,276.25,81.25,81.25,1.0,0,2.44000197914912
9903,278.75,81.25,81.25,1.0,0,2.3682275574130864
9904,281.25,81.25,81.25,1.0,0,2.344052164930658
9905,283.75,81.25,81.25,1.0,0,2.302476617127935
9906,286.25,81.25,81.25,0.0,0,2.1727941190545152
9907,288.75,81.25,81.25,0.0,0,2.1250594306699906
9908,291.25,81.25,81.25,0.0,5,2.1590481046099423
9909,293.75,81.25,81.25,1.0,0,2.252907075914863
9910,296.25,81.25,81.25,1.0,0,2.426107798064784
9911,298.75,81.25,81.25,1.0,0,2.629097113091318
9912,301.25,81.25,81.25,1.0,0,2.6637313113601535
9913,303.75,81.25,81.25,1.0,0,2.458356766304136
9914,306.25,81.25,81.25,1.0,0,2.3646426580892426
9915,308.75,81.25,81.25,1.0,0,2.4612188709852805
9916,311.25,81.25,81.25,1.0,0,2.315939534537586
9917,313.75,81.25,81.25,1.0,0,2.237058267274093
9918,316.25,81.25,81.25,1.0,0,2.104035359634329
9919,318.75,81.25,81.25,1.0,0,2.03766802115585
9920,321.25,81.25,81.25,1.0,0,2.035557698053655
9921,323.75,81.25,81.25,1.0,0,2.0653308071105805
9922,326.25,81.25,81.25,1.0,0,2.233956077633356
9923,328.75,81.25,81.25,1.0,0,2.4636251860154057
9924,331.25,81.25,81.25,1.0,0,2.44751269173813
9925,333.75,81.25,81.25,1.0,0,2.3306224688883748
9926,336.25,81.25,81.25,1.0,0,2.5077965884469298
9927,338.75,81.25,81.25,1.0,0,2.625555732066607
9928,341.25,81.25,81.25,1.0,0,2.5427549646282155
9929,343.75,81.25,81.25,1.0,0,2.474738481537297
9930,346.25,81.25,81.25,1.0,0,2.398556102133875
9931,348.75,81.25,81.25,0.0,5,2.3684358872762874
9932,351.25,81.25,81.25,0.0,5,2.3358418565901586
9933,353.75,81.25,81.25,0.0,5,2.2816840862120795
9934,356.25,81.25,81.25,0.0,5,2.209215930899966
9935,358.75,81.25,81.25,0.0,5,2.1050450957862195
9936,1.25,83.75,83.75,0.0,5,2.316373932429638
9937,3.75,83.75,83.75,0.0,5,2.301098290948256
9938,6.25,83.75,83.75,0.0,5,2.2773699953925344
9939,8.75,83.75,83.75,0.0,5,2.2623439059334887
9940,11.25,83.75,83.75,0.0,5,2.2518140753222484
9941,13.75,83.75,83.75,0.0,5,2.2476224370720512
9942,16.25,83.75,83.75,0.0,5,2.2462152821246115
9943,18.75,83.75,83.75,0.0,5,2.247738020936207
9944,21.25,83.75,83.75,0.0,5,2.2509661821751528
9945,23.75,83.75,83.75,0.0,5,2.255258046490063
9946,26.25,83.75,83.75,0.0,5,2.260679623877385
9947,28.75,83.75,83.75,0.0,5,2.265753877983211
9948,31.25,83.75,83.75,0.0,5,2.2709534252628605
9949,33.75,83.75,83.75,0.0,5,2.274789529139582
9950,36.25,83.75,83.75,0.0,5,2.2774575747558377
9951,38.75,83.75,83.75,0.0,5,2.2792284085078354
9952,41.25,83.75,83.75,0.0,5,2.27855461828062
9953,43.75,83.75,83.75,0.0,5,2.27690961805603
9954,46.25,83.75,83.75,0.0,5,2.2726230415943665
9955,48.75,83.75,83.75,0.0,5,2.2693226585967543
9956,51.25,83.75,83.75,0.0,5,2.2681739184201986
9957,53.75,83.75,83.75,0.0,5,2.2669281478715653
9958,56.25,83.75,83.75,0.0,5,2.268022097219844
9959,58.75,83.75,83.75,0.0,5,2.26864987550387
9960,61.25,83.75,83.75,0.0,5,2.2684317552618367
9961,63.75,83.75,83.75,0.0,5,2.2683394454133854
9962,66.25,83.75,83.75,0.0,5,2.26666061228631
9963,68.75,83.75,83.75,0.0,5,2.264330862975639
9964,71.25,83.75,83.75,0.0,5,2.2634720531869075
9965,73.75,83.75,83.75,0.0,5,2.2640355175858424
9966,76.25,83.75,83.75,0.0,5,2.2665261739888067
9967,78.75,83.75,83.75,0.0,5,2.274417029078244
9968,81.25,83.75,83.75,0.0,5,2.2867397262036606
9969,83.75,83.75,83.75,0.0,5,2.2980234670218267
9970,86.25,83.75,83.75,0.0,5,2.3117823425453237
9971,88.75,83.75,83.75,0.0,5,2.3330434593774494
9972,91.25,83.75,83.75,0.0,5,2.3587949794647693
9973,93.75,83.75,83.75,0.0,5,2.384012399223219
9974,96.25,83.75,83.75,0.0,5,2.411049070843617
9975,98.75,83.75,83.75,0.0,5,2.4434500893243487
9976,101.25,83.75,83.75,0.0,5,2.4794833892880113
9977,103.75,83.75,83.75,0.0,5,2.5135449464368076
9978,106.25,83.75,83.75,0.0,5,2.544294809213641
9979,108.75,83.75,83.75,0.0,5,2.5756553454948157
9980,111.25,83.75,83.75,0.0,5,2.609197855585938
9981,113.75,83.75,83.75,0.0,5,2.6445200428322586
9982,116.25,83.75,83.75,0.0,5,2.680490004877631
9983,118.75,83.75,83.75,0.0,5,2.71544471655025
9984,121.25,83.75,83.75,0.0,5,2.748740370462434
9985,123.75,83.75,83.75,0.0,5,2.781159294170801
9986,126.25,83.75,83.75,0.0,5,2.8125568249777486
9987,128.75,83.75,83.75,0.0,5,2.8424265326424645
9988,131.25,83.75,83.75,0.0,5,2.870892259026853
9989,133.75,83.75,83.75,0.0,5,2.897927527947278
9990,136.25,83.75,83.75,0.0,5,2.9239259825622517
9991,138.75,83.75,83.75,0.0,5,2.9493476609054015
9992,141.25,83.75,83.75,0.0,5,2.9742816216086903
9993,143.75,83.75,83.75,0.0,5,2.9985119624497427
9994,146.25,83.75,83.75,0.0,5,3.021458714312188
9995,148.75,83.75,83.75,0.0,5,3.0432221356037594
9996,151.25,83.75,83.75,0.0,5,3.064743582552137
9997,153.75,83.75,83.75,0.0,5,3.0856465042443024
9998,156.25,83.75,83.75,0.0,5,3.104818427993145
9999,158.75,83.75,83.75,0.0,5,3.121613343874316
10000,161.25,83.75,83.75,0.0,5,3.136257570633925
10001,163.75,83.75,83.75,0.0,5,3.1494330879955537
10002,166.25,83.75,83.75,0.0,5,3.160731989075513
10003,168.75,83.75,83.75,0.0,5,3.170296755005657
10004,171.25,83.75,83.75,0.0,5,3.1786114589544097
10005,173.75,83.75,83.75,0.0,5,3.183648630304832
10006,176.25,83.75,83.75,0.0,5,3.1845819396007067
10007,178.75,83.75,83.75,0.0,5,3.183734342901137
10008,181.25,83.75,83.75,0.0,5,3.1829542773480193
10009,183.75,83.75,83.75,0.0,5,3.1830205830195126
10010,186.25,83.75,83.75,0.0,5,3.1806790165540253
10011,188.75,83.75,83.75,0.0,5,3.1731033109838185
10012,191.25,83.75,83.75,0.0,5,3.1653397464970117
10013,193.75,83.75,83.75,0.0,5,3.15925253385275
10014,196.25,83.75,83.75,0.0,5,3.151101787773349
10015,198.75,83.75,83.75,0.0,5,3.140525606359377
10016,201.25,83.75,83.75,0.0,5,3.13146551783245
10017,203.75,83.75,83.75,0.0,5,3.123245351673035
10018,206.25,83.75,83.75,0.0,5,3.11242172573929
10019,208.75,83.75,83.75,0.0,5,3.1004670252226667
10020,211.25,83.75,83.75,0.0,5,3.0882505603259838
10021,213.75,83.75,83.75,0.0,5,3.0735354192720776
10022,216.25,83.75,83.75,0.0,5,3.0571476692666
10023,218.75,83.75,83.75,0.0,5,3.0419922216290405
10024,221.25,83.75,83.75,0.0,5,3.0278504457558064
10025,223.75,83.75,83.75,0.0,5,3.0127194631432532
10026,226.25,83.75,83.75,0.0,5,3.0004728810911083
10027,228.75,83.75,83.75,0.0,5,2.9877404219961186
10028,231.25,83.75,83.75,0.0,5,2.974186608635457
10029,233.75,83.75,83.75,0.0,5,2.9600764976071194
10030,236.25,83.75,83.75,0.0,5,2.94242075822606
10031,238.75,83.75,83.75,0.0,5,2.928891133426379
10032,241.25,83.75,83.75,0.0,5,2.9124244123138907
10033,243.75,83.75,83.75,0.0,5,2.8994343129610747
10034,246.25,83.75,83.75,0.0,5,2.8850220598387493
10035,248.75,83.75,83.75,0.0,5,2.8727228288526585
10036,251.25,83.75,83.75,0.0,5,2.858188754296714
10037,253.75,83.75,83.75,0.0,5,2.8448088058005028
10038,256.25,83.75,83.75,0.0,5,2.828509812719931
10039,258.75,83.75,83.75,0.0,5,2.813439658972491
10040,261.25,83.75,83.75,0.0,5,2.7977097443149703
10041,263.75,83.75,83.75,0.0,5,2.782629617166791
10042,266.25,83.75,83.75,0.0,5,2.7635692670556833
10043,268.75,83.75,83.75,0.0,5,2.7445201002096415
10044,271.25,83.75,83.75,0.0,5,2.72432565613451
10045,273.75,83.75,83.75,0.0,5,2.7016067617737947
10046,276.25,83.75,83.75,0.0,5,2.675424356347958
10047,278.75,83.75,83.75,0.0,5,2.645564937137984
10048,281.25,83.75,83.75,0.0,5,2.6350239674403078
10049,283.75,83.75,83.75,0.0,5,2.6490652009924585
10050,286.25,83.75,83.75,0.0,5,2.6500060770521223
10051,288.75,83.75,83.75,0.0,5,2.643267597388048
10052,291.25,83.75,83.75,0.0,5,2.6361772608702814
10053,293.75,83.75,83.75,0.0,5,2.5898875488388713
10054,296.25,83.75,83.75,0.0,5,2.5543063612617143
10055,298.75,83.75,83.75,0.0,5,2.5707109158646246
10056,301.25,83.75,83.75,0.0,5,2.6380997369116237
10057,303.75,83.75,83.75,0.0,5,2.7146861914668596
10058,306.25,83.75,83.75,0.0,5,2.767448033293306
10059,308.75,83.75,83.75,0.0,5,2.8004131819221167
10060,311.25,83.75,83.75,0.0,5,2.818671908512237
10061,313.75,83.75,83.75,0.0,5,2.7808951023172233
10062,316.25,83.75,83.75,0.0,5,2.702257383377238
10063,318.75,83.75,83.75,0.0,5,2.626405515080949
10064,321.25,83.75,83.75,0.0,5,2.6019924418039753
10065,323.75,83.75,83.75,0.0,5,2.596036409167566
10066,326.25,83.75,83.75,0.0,5,2.547655548841291
10067,328.75,83.75,83.75,0.0,5,2.453526904201277
10068,331.25,83.75,83.75,1.0,0,2.395184979608506
10069,333.75,83.75,83.75,0.0,5,2.5151711526151286
10070,336.25,83.75,83.75,0.0,5,2.674928444570177
10071,338.75,83.75,83.75,0.0,5,2.6961722494794707
10072,341.25,83.75,83.75,0.0,5,2.651117893367205
10073,343.75,83.75,83.75,0.0,5,2.598175876602034
10074,346.25,83.75,83.75,0.0,5,2.552568832384558
10075,348.75,83.75,83.75,0.0,5,2.5110076609803085
10076,351.25,83.75,83.75,0.0,5,2.4703217410351526
10077,353.75,83.75,83.75,0.0,5,2.4294197967433178
10078,356.25,83.75,83.75,0.0,5,2.3930859658386474
10079,358.75,83.75,83.75,0.0,5,2.3444882361025035
10080,1.25,86.25,86.25,0.0,5,2.488375072540842
10081,3.75,86.25,86.25,0.0,5,2.4797934833938866
10082,6.25,86.25,86.25,0.0,5,2.470893997263091
10083,8.75,86.25,86.25,0.0,5,2.4645056071665543
10084,11.25,86.25,86.25,0.0,5,2.4598304202625068
10085,13.75,86.25,86.25,0.0,5,2.4540982382868473
10086,16.25,86.25,86.25,0.0,5,2.4496594248876176
10087,18.75,86.25,86.25,0.0,5,2.4462631303918685
10088,21.25,86.25,86.25,0.0,5,2.4441371077960663
10089,23.75,86.25,86.25,0.0,5,2.446399131096063
10090,26.25,86.25,86.25,0.0,5,2.4462506521294514
10091,28.75,86.25,86.25,0.0,5,2.4453527140886617
10092,31.25,86.25,86.25,0.0,5,2.445799463893739
10093,33.75,86.25,86.25,0.0,5,2.449564593189834
10094,36.25,86.25,86.25,0.0,5,2.4503872662248125
10095,38.75,86.25,86.25,0.0,5,2.4512224539223935
10096,41.25,86.25,86.25,0.0,5,2.4498234658614275
10097,43.75,86.25,86.25,0.0,5,2.4506859056260213
10098,46.25,86.25,86.25,0.0,5,2.4535351115115014
10099,48.75,86.25,86.25,0.0,5,2.4547900360504475
10100,51.25,86.25,86.25,0.0,5,2.455888887500088
10101,53.75,86.25,86.25,0.0,5,2.4597375501643
10102,56.25,86.25,86.25,0.0,5,2.463840482150256
10103,58.75,86.25,86.25,0.0,5,2.4668753908512686
10104,61.25,86.25,86.25,0.0,5,2.4729505847795066
10105,63.75,86.25,86.25,0.0,5,2.480580285633542
10106,66.25,86.25,86.25,0.0,5,2.4882518468824517
10107,68.75,86.25,86.25,0.0,5,2.493802763277569
10108,71.25,86.25,86.25,0.0,5,2.5031299685492177
10109,73.75,86.25,86.25,0.0,5,2.51549700724655
10110,76.25,86.25,86.25,0.0,5,2.526272180396477
10111,78.75,86.25,86.25,0.0,5,2.535578432034586
10112,81.25,86.25,86.25,0.0,5,2.544853883800591
10113,83.75,86.25,86.25,0.0,5,2.55788358799324
10114,86.25,86.25,86.25,0.0,5,2.572362481905154
10115,88.75,86.25,86.25,0.0,5,2.586400946840412
10116,91.25,86.25,86.25,0.0,5,2.5988819385341277
10117,93.75,86.25,86.25,0.0,5,2.6118969588109446
10118,96.25,86.25,86.25,0.0,5,2.6250466738322205
10119,98.75,86.25,86.25,0.0,5,2.640522181070325
10120,101.25,86.25,86.25,0.0,5,2.6569443059909985
10121,103.75,86.25,86.25,0.0,5,2.6725105558076647
10122,106.25,86.25,86.25,0.0,5,2.6868400169728757
10123,108.75,86.25,86.25,0.0,5,2.7001898575698418
10124,111.25,86.25,86.25,0.0,5,2.714189587561726
10125,113.75,86.25,86.25,0.0,5,2.7268751549428734
10126,116.25,86.25,86.25,0.0,5,2.7392657367109363
10127,118.75,86.25,86.25,0.0,5,2.7525602271299836
10128,121.25,86.25,86.25,0.0,5,2.7661589190038387
10129,123.75,86.25,86.25,0.0,5,2.780080145811374
10130,126.25,86.25,86.25,0.0,5,2.7934482350295853
10131,128.75,86.25,86.25,0.0,5,2.8062708468240856
10132,131.25,86.25,86.25,0.0,5,2.8204846938778676
10133,133.75,86.25,86.25,0.0,5,2.8341281234602405
10134,136.25,86.25,86.25,0.0,5,2.843429518304101
10135,138.75,86.25,86.25,0.0,5,2.854426255996744
10136,141.25,86.25,86.25,0.0,5,2.8662872794650194
10137,143.75,86.25,86.25,0.0,5,2.8769297811871493
10138,146.25,86.25,86.25,0.0,5,2.884231550906786
10139,148.75,86.25,86.25,0.0,5,2.893586401634729
10140,151.25,86.25,86.25,0.0,5,2.903632528271695
10141,153.75,86.25,86.25,0.0,5,2.912191590416058
10142,156.25,86.25,86.25,0.0,5,2.920982269242176
10143,158.75,86.25,86.25,0.0,5,2.930019045082835
10144,161.25,86.25,86.25,0.0,5,2.9386178146511805
10145,163.75,86.25,86.25,0.0,5,2.94720460702886
10146,166.25,86.25,86.25,0.0,5,2.9543102034974855
10147,168.75,86.25,86.25,0.0,5,2.9593663508413353
10148,171.25,86.25,86.25,0.0,5,2.964019562065464
10149,173.75,86.25,86.25,0.0,5,2.9673973753993073
10150,176.25,86.25,86.25,0.0,5,2.970217153563113
10151,178.75,86.25,86.25,0.0,5,2.9733893737778123
10152,181.25,86.25,86.25,0.0,5,2.975930322513753
10153,183.75,86.25,86.25,0.0,5,2.9785788125951984
10154,186.25,86.25,86.25,0.0,5,2.980340746385686
10155,188.75,86.25,86.25,0.0,5,2.980442257990023
10156,191.25,86.25,86.25,0.0,5,2.977186785062731
10157,193.75,86.25,86.25,0.0,5,2.9759940813548815
10158,196.25,86.25,86.25,0.0,5,2.974550451895739
10159,198.75,86.25,86.25,0.0,5,2.972598603401344
10160,201.25,86.25,86.25,0.0,5,2.9694315748705997
10161,203.75,86.25,86.25,0.0,5,2.9652704027111194
10162,206.25,86.25,86.25,0.0,5,2.9600988819175145
10163,208.75,86.25,86.25,0.0,5,2.9531814477988405
10164,211.25,86.25,86.25,0.0,5,2.9442823365784756
10165,213.75,86.25,86.25,0.0,5,2.935870268583725
10166,216.25,86.25,86.25,0.0,5,2.9330824049610493
10167,218.75,86.25,86.25,0.0,5,2.9239707916202247
10168,221.25,86.25,86.25,0.0,5,2.911509659996275
10169,223.75,86.25,86.25,0.0,5,2.9025271648977315
10170,226.25,86.25,86.25,0.0,5,2.9019102815925706
10171,228.75,86.25,86.25,0.0,5,2.89462449613296
10172,231.25,86.25,86.25,0.0,5,2.879587681625254
10173,233.75,86.25,86.25,0.0,5,2.87489591611522
10174,236.25,86.25,86.25,0.0,5,2.875282071530382
10175,238.75,86.25,86.25,0.0,5,2.8656866466738777
10176,241.25,86.25,86.25,0.0,5,2.8499914475576995
10177,243.75,86.25,86.25,0.0,5,2.8484385973606567
10178,246.25,86.25,86.25,0.0,5,2.8484983436378015
10179,248.75,86.25,86.25,0.0,5,2.831967342259504
10180,251.25,86.25,86.25,0.0,5,2.826495002178233
10181,253.75,86.25,86.25,0.0,5,2.826232246012499
10182,256.25,86.25,86.25,0.0,5,2.8235448381941524
10183,258.75,86.25,86.25,0.0,5,2.8119579944623463
10184,261.25,86.25,86.25,0.0,5,2.808554942463642
10185,263.75,86.25,86.25,0.0,5,2.807174953879221
10186,266.25,86.25,86.25,0.0,5,2.8000640116421693
10187,268.75,86.25,86.25,0.0,5,2.7920554469758465
10188,271.25,86.25,86.25,0.0,5,2.7882686400191616
10189,273.75,86.25,86.25,0.0,5,2.7847293920960365
10190,276.25,86.25,86.25,0.0,5,2.777468623172189
10191,278.75,86.25,86.25,0.0,5,2.7704027141239074
10192,281.25,86.25,86.25,0.0,5,2.7660849889556443
10193,283.75,86.25,86.25,0.0,5,2.762390078467926
10194,286.25,86.25,86.25,0.0,5,2.7565016569253715
10195,288.75,86.25,86.25,0.0,5,2.7502292671825117
10196,291.25,86.25,86.25,0.0,5,2.7446887285935233
10197,293.75,86.25,86.25,0.0,5,2.740366320423573
10198,296.25,86.25,86.25,0.0,5,2.7365027058565157
10199,298.75,86.25,86.25,0.0,5,2.7315198744127756
10200,301.25,86.25,86.25,0.0,5,2.7246238717312163
10201,303.75,86.25,86.25,0.0,5,2.7159724189379304
10202,306.25,86.25,86.25,0.0,5,2.707023940556399
10203,308.75,86.25,86.25,0.0,5,2.698410031159798
10204,311.25,86.25,86.25,0.0,5,2.6902944074453083
10205,313.75,86.25,86.25,0.0,5,2.6821317931070974
10206,316.25,86.25,86.25,0.0,5,2.674076520736256
10207,318.75,86.25,86.25,0.0,5,2.6653695597846414
10208,321.25,86.25,86.25,0.0,5,2.6574391924981713
10209,323.75,86.25,86.25,0.0,5,2.647905220065559
10210,326.25,86.25,86.25,0.0,5,2.6388597681926718
10211,328.75,86.25,86.25,0.0,5,2.630123121171465
10212,331.25,86.25,86.25,0.0,5,2.6211018425982204
10213,333.75,86.25,86.25,0.0,5,2.611374385940095
10214,336.25,86.25,86.25,0.0,5,2.60167022072193
10215,338.75,86.25,86.25,0.0,5,2.591304833085151
10216,341.25,86.25,86.25,0.0,5,2.5797276747432827
10217,343.75,86.25,86.25,0.0,5,2.567610882251078
10218,346.25,86.25,86.25,0.0,5,2.555284580607767
10219,348.75,86.25,86.25,0.0,5,2.544249691482945
10220,351.25,86.25,86.25,0.0,5,2.532979771616243
10221,353.75,86.25,86.25,0.0,5,2.521407733709634
10222,356.25,86.25,86.25,0.0,5,2.5099784577852007
10223,358.75,86.25,86.25,0.0,5,2.4979836783464675
10224,1.25,88.75,88.75,0.0,5,2.674957709448243
10225,3.75,88.75,88.75,0.0,5,2.673634315203786
10226,6.25,88.75,88.75,0.0,5,2.6709629017144634
10227,8.75,88.75,88.75,0.0,5,2.6687379549900996
10228,11.25,88.75,88.75,0.0,5,2.6671602649919612
10229,13.75,88.75,88.75,0.0,5,2.6662676456562426
10230,16.25,88.75,88.75,0.0,5,2.6662203422892095
10231,18.75,88.75,88.75,0.0,5,2.6676808509597656
10232,21.25,88.75,88.75,0.0,5,2.6696182229031478
10233,23.75,88.75,88.75,0.0,5,2.6697432414668723
10234,26.25,88.75,88.75,0.0,5,2.668659854733378
10235,28.75,88.75,88.75,0.0,5,2.667741250606369
10236,31.25,88.75,88.75,0.0,5,2.666873216559329
10237,33.75,88.75,88.75,0.0,5,2.665929328500659
10238,36.25,88.75,88.75,0.0,5,2.6650536408775207
10239,38.75,88.75,88.75,0.0,5,2.6644001087307423
10240,41.25,88.75,88.75,0.0,5,2.6639610440253048
10241,43.75,88.75,88.75,0.0,5,2.663729035714142
10242,46.25,88.75,88.75,0.0,5,2.6689629450120798
10243,48.75,88.75,88.75,0.0,5,2.676273289147059
10244,51.25,88.75,88.75,0.0,5,2.678507603910107
10245,53.75,88.75,88.75,0.0,5,2.679057565306656
10246,56.25,88.75,88.75,0.0,5,2.6797683365313265
10247,58.75,88.75,88.75,0.0,5,2.6804660427447144
10248,61.25,88.75,88.75,0.0,5,2.6811464881123928
10249,63.75,88.75,88.75,0.0,5,2.6819582247371945
10250,66.25,88.75,88.75,0.0,5,2.6829294763606817
10251,68.75,88.75,88.75,0.0,5,2.6840771628934252
10252,71.25,88.75,88.75,0.0,5,2.68570147339417
10253,73.75,88.75,88.75,0.0,5,2.68837049551461
10254,76.25,88.75,88.75,0.0,5,2.6915614591216293
10255,78.75,88.75,88.75,0.0,5,2.6947563994365455
10256,81.25,88.75,88.75,0.0,5,2.698157853481458
10257,83.75,88.75,88.75,0.0,5,2.701949982293558
10258,86.25,88.75,88.75,0.0,5,2.7061413035149076
10259,88.75,88.75,88.75,0.0,5,2.710245655813178
10260,91.25,88.75,88.75,0.0,5,2.7139537675626437
10261,93.75,88.75,88.75,0.0,5,2.7176843670127226
10262,96.25,88.75,88.75,0.0,5,2.7218528697277717
10263,98.75,88.75,88.75,0.0,5,2.7258763479197787
10264,101.25,88.75,88.75,0.0,5,2.7290807582529792
10265,103.75,88.75,88.75,0.0,5,2.7320414566667357
10266,106.25,88.75,88.75,0.0,5,2.735676049853277
10267,108.75,88.75,88.75,0.0,5,2.739201274215845
10268,111.25,88.75,88.75,0.0,5,2.7418365002302933
10269,113.75,88.75,88.75,0.0,5,2.7444462872479116
10270,116.25,88.75,88.75,0.0,5,2.7474369499820503
10271,118.75,88.75,88.75,0.0,5,2.7499241868705857
10272,121.25,88.75,88.75,0.0,5,2.75227124126604
10273,123.75,88.75,88.75,0.0,5,2.7554922595188245
10274,126.25,88.75,88.75,0.0,5,2.758076751131911
10275,128.75,88.75,88.75,0.0,5,2.7597141721122656
10276,131.25,88.75,88.75,0.0,5,2.7626090164545434
10277,133.75,88.75,88.75,0.0,5,2.765407679209217
10278,136.25,88.75,88.75,0.0,5,2.766229844247078
10279,138.75,88.75,88.75,0.0,5,2.7676067188864595
10280,141.25,88.75,88.75,0.0,5,2.7729527291377396
10281,143.75,88.75,88.75,0.0,5,2.776898338028437
10282,146.25,88.75,88.75,0.0,5,2.7768683348762666
10283,148.75,88.75,88.75,0.0,5,2.779112301490564
10284,151.25,88.75,88.75,0.0,5,2.783412121303573
10285,153.75,88.75,88.75,0.0,5,2.786417594437282
10286,156.25,88.75,88.75,0.0,5,2.788717708849531
10287,158.75,88.75,88.75,0.0,5,2.791574088203564
10288,161.25,88.75,88.75,0.0,5,2.7939594763746647
10289,163.75,88.75,88.75,0.0,5,2.795611170571503
10290,166.25,88.75,88.75,0.0,5,2.797571235202446
10291,168.75,88.75,88.75,0.0,5,2.799478070592314
10292,171.25,88.75,88.75,0.0,5,2.8006096325910046
10293,173.75,88.75,88.75,0.0,5,2.8014025550315487
10294,176.25,88.75,88.75,0.0,5,2.8023094046545056
10295,178.75,88.75,88.75,0.0,5,2.803189216050589
10296,181.25,88.75,88.75,0.0,5,2.803793015368546
10297,183.75,88.75,88.75,0.0,5,2.8042390505371357
10298,186.25,88.75,88.75,0.0,5,2.804404981022177
10299,188.75,88.75,88.75,0.0,5,2.8041639282839763
10300,191.25,88.75,88.75,0.0,5,2.803646592122077
10301,193.75,88.75,88.75,0.0,5,2.8031819507453166
10302,196.25,88.75,88.75,0.0,5,2.802693391273202
10303,198.75,88.75,88.75,0.0,5,2.8019351605751757
10304,201.25,88.75,88.75,0.0,5,2.8011404735756256
10305,203.75,88.75,88.75,0.0,5,2.800251976373872
10306,206.25,88.75,88.75,0.0,5,2.799247440517307
10307,208.75,88.75,88.75,0.0,5,2.798154810354801
10308,211.25,88.75,88.75,0.0,5,2.797940213333122
10309,213.75,88.75,88.75,0.0,5,2.7986779613362747
10310,216.25,88.75,88.75,0.0,5,2.7993278823420478
10311,218.75,88.75,88.75,0.0,5,2.7998738620062937
10312,221.25,88.75,88.75,0.0,5,2.8003258451617503
10313,223.75,88.75,88.75,0.0,5,2.8007092272378724
10314,226.25,88.75,88.75,0.0,5,2.801054222640883
10315,228.75,88.75,88.75,0.0,5,2.801336781552311
10316,231.25,88.75,88.75,0.0,5,2.8015268358383874
10317,233.75,88.75,88.75,0.0,5,2.790979687762673
10318,236.25,88.75,88.75,0.0,5,2.7770354498549956
10319,238.75,88.75,88.75,0.0,5,2.773655038694261
10320,241.25,88.75,88.75,0.0,5,2.7735128177440957
10321,243.75,88.75,88.75,0.0,5,2.773288484497165
10322,246.25,88.75,88.75,0.0,5,2.7729770127126634
10323,248.75,88.75,88.75,0.0,5,2.7725839500762173
10324,251.25,88.75,88.75,0.0,5,2.7721467043386117
10325,253.75,88.75,88.75,0.0,5,2.7716625574495852
10326,256.25,88.75,88.75,0.0,5,2.7710907287877387
10327,258.75,88.75,88.75,0.0,5,2.7699882796179476
10328,261.25,88.75,88.75,0.0,5,2.7664303943392747
10329,263.75,88.75,88.75,0.0,5,2.7611169495199483
10330,266.25,88.75,88.75,0.0,5,2.756644019801973
10331,268.75,88.75,88.75,0.0,5,2.7533606577004
10332,271.25,88.75,88.75,0.0,5,2.7510502324519037
10333,273.75,88.75,88.75,0.0,5,2.7492432615767077
10334,276.25,88.75,88.75,0.0,5,2.747711831505123
10335,278.75,88.75,88.75,0.0,5,2.7465288816617277
10336,281.25,88.75,88.75,0.0,5,2.7455677052775274
10337,283.75,88.75,88.75,0.0,5,2.7444556031145644
10338,286.25,88.75,88.75,0.0,5,2.743072857406281
10339,288.75,88.75,88.75,0.0,5,2.7417166396372075
10340,291.25,88.75,88.75,0.0,5,2.7403037731193383
10341,293.75,88.75,88.75,0.0,5,2.737816999317134
10342,296.25,88.75,88.75,0.0,5,2.7343522781458685
10343,298.75,88.75,88.75,0.0,5,2.7306712684965544
10344,301.25,88.75,88.75,0.0,5,2.7267994577025596
10345,303.75,88.75,88.75,0.0,5,2.7233450619168673
10346,306.25,88.75,88.75,0.0,5,2.7198046141178085
10347,308.75,88.75,88.75,0.0,5,2.7162747960243263
10348,311.25,88.75,88.75,0.0,5,2.7130755485921423
10349,313.75,88.75,88.75,0.0,5,2.709289910740179
10350,316.25,88.75,88.75,0.0,5,2.706967850203421
10351,318.75,88.75,88.75,0.0,5,2.70550407478634
10352,321.25,88.75,88.75,0.0,5,2.7008178572575097
10353,323.75,88.75,88.75,0.0,5,2.697476921255498
10354,326.25,88.75,88.75,0.0,5,2.697030038202521
10355,328.75,88.75,88.75,0.0,5,2.6952523023074018
10356,331.25,88.75,88.75,0.0,5,2.6936209264370303
10357,333.75,88.75,88.75,0.0,5,2.692427217771194
10358,336.25,88.75,88.75,0.0,5,2.69101330546857
10359,338.75,88.75,88.75,0.0,5,2.6900810543640086
10360,341.25,88.75,88.75,0.0,5,2.6893143519086853
10361,343.75,88.75,88.75,0.0,5,2.688842428104655
10362,346.25,88.75,88.75,0.0,5,2.688879524959333
10363,348.75,88.75,88.75,0.0,5,2.6879996440945924
10364,351.25,88.75,88.75,0.0,5,2.6860255490180283
10365,353.75,88.75,88.75,0.0,5,2.6839301143954435
10366,356.25,88.75,88.75,0.0,5,2.6814777510891146
10367,358.75,88.75,88.75,0.0,5,2.677489578747412
