grid_cell_id,lon,lat,lat_abs,land_fraction,ocean_basin,tos_trend_forced
0,163.75,-76.25,76.25,0.0,4,-0.03565494423939261
1,166.25,-76.25,76.25,0.0,4,-0.048053858255178154
2,168.75,-76.25,76.25,0.0,4,-0.04528989112544599
3,171.25,-76.25,76.25,0.0,4,-0.04950664450254408
4,173.75,-76.25,76.25,0.0,4,-0.05569842517553851
5,176.25,-76.25,76.25,0.0,4,-0.06570763919062832
6,178.75,-76.25,76.25,0.0,4,-0.07355597575559306
7,181.25,-76.25,76.25,0.0,4,-0.07345609008935869
8,183.75,-76.25,76.25,0.0,4,-0.0716043366014947
9,186.25,-76.25,76.25,0.0,4,-0.07618674193098707
10,188.75,-76.25,76.25,0.0,4,-0.08248347740114424
11,191.25,-76.25,76.25,0.0,4,-0.08513872721241245
12,193.75,-76.25,76.25,0.0,4,-0.08464419134504433
13,196.25,-76.25,76.25,0.0,4,-0.09016144497332552
14,198.75,-76.25,76.25,0.0,4,-0.09900676465114829
15,201.25,-76.25,76.25,0.0,4,-0.1087283516948913
16,203.75,-76.25,76.25,0.0,4,-0.11599829352159316
17,206.25,-76.25,76.25,0.0,4,-0.12673709249186188
18,208.75,-76.25,76.25,0.0,4,-0.12802538737638355
19,211.25,-76.25,76.25,0.0,4,-0.1237424740062034
20,303.75,-76.25,76.25,0.0,0,-0.18910968317465837
21,306.25,-76.25,76.25,0.0,4,-0.18999873892536723
22,308.75,-76.25,76.25,0.0,4,-0.1860579023748678
23,311.25,-76.25,76.25,0.0,4,-0.17722651101142423
24,313.75,-76.25,76.25,0.0,4,-0.17057055626923362
25,316.25,-76.25,76.25,0.0,4,-0.16460604295232367
26,318.75,-76.25,76.25,0.0,4,-0.15883994567199142
27,321.25,-76.25,76.25,0.0,4,-0.15318084094603915
28,323.75,-76.25,76.25,0.0,4,-0.1495654350030571
29,326.25,-76.25,76.25,0.0,4,-0.14922916538623543
30,328.75,-76.25,76.25,0.0,4,-0.14389431839693426
31,331.25,-76.25,76.25,0.0,4,-0.12986087604402802
32,333.75,-76.25,76.25,0.0,0,-0.12160622693635449
33,166.25,-73.75,73.75,0.0,4,0.011763585607525042
34,168.75,-73.75,73.75,0.0,4,0.02442914401753974
35,171.25,-73.75,73.75,0.0,4,-0.02316501788342349
36,173.75,-73.75,73.75,0.0,4,-0.0781555680704618
37,176.25,-73.75,73.75,0.0,4,-0.12808507160466645
38,178.75,-73.75,73.75,0.0,4,-0.19922328094495226
39,181.25,-73.75,73.75,0.0,4,-0.258792010752933
40,183.75,-73.75,73.75,0.0,4,-0.3284898066032426
41,186.25,-73.75,73.75,0.0,4,-0.3678433632231962
42,188.75,-73.75,73.75,0.0,4,-0.30917094390828204
43,191.25,-73.75,73.75,0.0,4,-0.21079120597129086
44,193.75,-73.75,73.75,0.0,4,-0.15366092586174876
45,196.25,-73.75,73.75,0.0,4,-0.12587925337482567
46,198.75,-73.75,73.75,0.0,4,-0.11849535645748405
47,201.25,-73.75,73.75,0.0,4,-0.12022441463712766
48,203.75,-73.75,73.75,0.0,4,-0.12342643191516285
49,206.25,-73.75,73.75,0.0,4,-0.1248733585246506
50,208.75,-73.75,73.75,0.0,4,-0.12550282018276557
51,211.25,-73.75,73.75,0.0,4,-0.13204741336557124
52,213.75,-73.75,73.75,0.0,4,-0.15443865402605783
53,216.25,-73.75,73.75,0.0,4,-0.1931704448249532
54,218.75,-73.75,73.75,0.0,4,-0.23170924731162898
55,221.25,-73.75,73.75,0.0,4,-0.24929091327979164
56,223.75,-73.75,73.75,0.0,4,-0.20972854051356363
57,226.25,-73.75,73.75,0.0,4,-0.16615411495902352
58,228.75,-73.75,73.75,0.0,4,-0.14516312314340288
59,231.25,-73.75,73.75,0.0,4,-0.1412351863555647
60,233.75,-73.75,73.75,0.0,0,-0.13863040998181306
61,241.25,-73.75,73.75,0.0,4,-0.021839713010686726
62,243.75,-73.75,73.75,0.0,4,-0.02946877314318202
63,246.25,-73.75,73.75,0.0,4,-0.04628493046455136
64,248.75,-73.75,73.75,0.0,4,-0.06384881252350977
65,251.25,-73.75,73.75,0.0,4,-0.047704334809544155
66,253.75,-73.75,73.75,0.0,4,-0.04088462384878154
67,256.25,-73.75,73.75,0.0,0,-0.054410476730405735
68,298.75,-73.75,73.75,0.0,0,-0.010923103662548655
69,301.25,-73.75,73.75,0.0,4,-0.08640796906884611
70,303.75,-73.75,73.75,0.0,4,-0.19531167174481665
71,306.25,-73.75,73.75,0.0,4,-0.22932199769902725
72,308.75,-73.75,73.75,0.0,4,-0.2502530887877965
73,311.25,-73.75,73.75,0.0,4,-0.2626522358744592
74,313.75,-73.75,73.75,0.0,4,-0.26651736086878525
75,316.25,-73.75,73.75,0.0,4,-0.2539972389122607
76,318.75,-73.75,73.75,0.0,4,-0.2394864419365423
77,321.25,-73.75,73.75,0.0,4,-0.23338835760568558
78,323.75,-73.75,73.75,0.0,4,-0.2299210900005707
79,326.25,-73.75,73.75,0.0,4,-0.2046909494907888
80,328.75,-73.75,73.75,0.0,4,-0.1653915063828095
81,331.25,-73.75,73.75,0.0,4,-0.13161627878210708
82,333.75,-73.75,73.75,0.0,4,-0.12016372687912602
83,336.25,-73.75,73.75,0.0,4,-0.12779716027784957
84,338.75,-73.75,73.75,0.0,4,-0.1304805823766727
85,341.25,-73.75,73.75,0.0,0,-0.1278815451847578
86,168.75,-71.25,71.25,0.0,4,-0.09662172120280485
87,171.25,-71.25,71.25,0.0,4,-0.09320105669665815
88,173.75,-71.25,71.25,0.0,4,-0.02040898481386474
89,176.25,-71.25,71.25,0.0,4,0.05704444605094045
90,178.75,-71.25,71.25,0.0,4,0.042698846408855504
91,181.25,-71.25,71.25,0.0,4,0.014848153295826933
92,183.75,-71.25,71.25,0.0,4,-0.008984986139275878
93,186.25,-71.25,71.25,0.0,4,-0.02640978329089885
94,188.75,-71.25,71.25,0.0,4,-0.027102479817709437
95,191.25,-71.25,71.25,0.0,4,-0.03451902009677916
96,193.75,-71.25,71.25,0.0,4,-0.04683471507358483
97,196.25,-71.25,71.25,0.0,4,-0.07329635148902207
98,198.75,-71.25,71.25,0.0,4,-0.09819265344902782
99,201.25,-71.25,71.25,0.0,4,-0.12771480794943502
100,203.75,-71.25,71.25,0.0,4,-0.14403256876311366
101,206.25,-71.25,71.25,0.0,4,-0.1574945338137084
102,208.75,-71.25,71.25,0.0,4,-0.15932160135687123
103,211.25,-71.25,71.25,0.0,4,-0.1499599687181254
104,213.75,-71.25,71.25,0.0,4,-0.13779002682850142
105,216.25,-71.25,71.25,0.0,4,-0.12268063429155249
106,218.75,-71.25,71.25,0.0,4,-0.1144366134149551
107,221.25,-71.25,71.25,0.0,4,-0.10911269056172901
108,223.75,-71.25,71.25,0.0,4,-0.10904312422374865
109,226.25,-71.25,71.25,0.0,4,-0.11742502300842789
110,228.75,-71.25,71.25,0.0,4,-0.13797371011741313
111,231.25,-71.25,71.25,0.0,4,-0.21828765971472594
112,233.75,-71.25,71.25,0.0,4,-0.29610080317708226
113,236.25,-71.25,71.25,0.0,4,-0.3196898494069691
114,238.75,-71.25,71.25,0.0,4,-0.2742504920333405
115,241.25,-71.25,71.25,0.0,4,-0.19623802178617442
116,243.75,-71.25,71.25,0.0,4,-0.1776227691726603
117,246.25,-71.25,71.25,0.0,4,-0.16364529182342977
118,248.75,-71.25,71.25,0.0,4,-0.11542866632566755
119,251.25,-71.25,71.25,0.0,4,-0.024434261294686434
120,253.75,-71.25,71.25,0.0,4,0.045956810086569766
121,256.25,-71.25,71.25,0.0,4,-0.07575772368366034
122,258.75,-71.25,71.25,0.0,4,-0.1589246732448623
123,261.25,-71.25,71.25,0.0,4,-0.14673404286268538
124,263.75,-71.25,71.25,0.0,4,-0.12989208746295597
125,266.25,-71.25,71.25,0.0,4,-0.12235689798902437
126,268.75,-71.25,71.25,0.0,4,-0.12451830433599682
127,271.25,-71.25,71.25,0.0,4,-0.10000971972285953
128,273.75,-71.25,71.25,0.0,4,-0.07820423898851753
129,276.25,-71.25,71.25,0.0,4,-0.02424285834664938
130,278.75,-71.25,71.25,0.0,4,0.03651809621459752
131,281.25,-71.25,71.25,0.0,4,0.04990700013187069
132,283.75,-71.25,71.25,0.0,4,0.02173342654158824
133,298.75,-71.25,71.25,0.0,4,-0.08224072708257175
134,301.25,-71.25,71.25,0.0,4,-0.16372384387987832
135,303.75,-71.25,71.25,0.0,4,-0.2750822679481633
136,306.25,-71.25,71.25,0.0,4,-0.42859831551053895
137,308.75,-71.25,71.25,0.0,4,-0.5897616147165515
138,311.25,-71.25,71.25,0.0,4,-0.5668700881521712
139,313.75,-71.25,71.25,0.0,4,-0.5411293257246786
140,316.25,-71.25,71.25,0.0,4,-0.5396642728852801
141,318.75,-71.25,71.25,0.0,4,-0.5384062241417009
142,321.25,-71.25,71.25,0.0,4,-0.5014707122944186
143,323.75,-71.25,71.25,0.0,4,-0.4617811983442069
144,326.25,-71.25,71.25,0.0,4,-0.47232566211335253
145,328.75,-71.25,71.25,0.0,4,-0.47180154454377465
146,331.25,-71.25,71.25,0.0,4,-0.38976438653851087
147,333.75,-71.25,71.25,0.0,4,-0.29110027563585955
148,336.25,-71.25,71.25,0.0,4,-0.18627478328857794
149,338.75,-71.25,71.25,0.0,4,-0.14458546901875488
150,341.25,-71.25,71.25,0.0,4,-0.1243919327679003
151,343.75,-71.25,71.25,0.0,4,-0.1282187756803404
152,346.25,-71.25,71.25,0.0,4,-0.1600517411866241
153,348.75,-71.25,71.25,0.0,4,-0.1808004636881521
154,1.25,-68.75,68.75,0.0,4,-0.10906296920608011
155,3.75,-68.75,68.75,0.0,4,-0.11776837410340123
156,6.25,-68.75,68.75,0.0,4,-0.13744281138622763
157,8.75,-68.75,68.75,0.0,4,-0.13820111386004374
158,11.25,-68.75,68.75,0.0,4,-0.1064852120897662
159,13.75,-68.75,68.75,0.0,4,-0.0850724133869525
160,16.25,-68.75,68.75,0.0,4,-0.06146445320412269
161,18.75,-68.75,68.75,0.0,4,-0.038955688584877114
162,21.25,-68.75,68.75,0.0,4,-0.01620000731015819
163,23.75,-68.75,68.75,0.0,4,-0.0100668174479967
164,26.25,-68.75,68.75,0.0,4,0.01003798065165437
165,28.75,-68.75,68.75,0.0,4,-0.01823578226479932
166,31.25,-68.75,68.75,0.0,4,-0.10368724454789141
167,33.75,-68.75,68.75,0.0,4,-0.12269617072230422
168,36.25,-68.75,68.75,0.0,4,-0.12545254618552987
169,38.75,-68.75,68.75,0.0,4,-0.11923312351555224
170,71.25,-68.75,68.75,0.0,4,-0.07436655487233776
171,73.75,-68.75,68.75,0.0,4,-0.08390172955209045
172,76.25,-68.75,68.75,0.0,4,-0.08864717458790475
173,78.75,-68.75,68.75,0.0,0,-0.09162828872703212
174,156.25,-68.75,68.75,0.0,4,-0.08769662577819537
175,158.75,-68.75,68.75,0.0,4,-0.0684753992537255
176,161.25,-68.75,68.75,0.0,4,-0.09015727758547967
177,163.75,-68.75,68.75,0.0,4,-0.10263185379388638
178,166.25,-68.75,68.75,0.0,4,-0.07425126908444615
179,168.75,-68.75,68.75,0.0,4,-0.050470486354928096
180,171.25,-68.75,68.75,0.0,4,0.060074540122592474
181,173.75,-68.75,68.75,0.0,4,0.05275641385210203
182,176.25,-68.75,68.75,0.0,4,0.020255813587990515
183,178.75,-68.75,68.75,0.0,4,-0.0006387737905275238
184,181.25,-68.75,68.75,0.0,4,-0.01066860273448751
185,183.75,-68.75,68.75,0.0,4,-0.012953716715515403
186,186.25,-68.75,68.75,0.0,4,-0.017569776055739155
187,188.75,-68.75,68.75,0.0,4,-0.020578467554399963
188,191.25,-68.75,68.75,0.0,4,-0.02887078867533786
189,193.75,-68.75,68.75,0.0,4,-0.04133327875195796
190,196.25,-68.75,68.75,0.0,4,-0.07499601255688779
191,198.75,-68.75,68.75,0.0,4,-0.11320298483126896
192,201.25,-68.75,68.75,0.0,4,-0.1632620578120784
193,203.75,-68.75,68.75,0.0,4,-0.19565490196120622
194,206.25,-68.75,68.75,0.0,4,-0.22206896389169484
195,208.75,-68.75,68.75,0.0,4,-0.22662231987992007
196,211.25,-68.75,68.75,0.0,4,-0.21300360316795208
197,213.75,-68.75,68.75,0.0,4,-0.19160582277875757
198,216.25,-68.75,68.75,0.0,4,-0.15097134534763654
199,218.75,-68.75,68.75,0.0,4,-0.12006006175352352
200,221.25,-68.75,68.75,0.0,4,-0.09314094454149481
201,223.75,-68.75,68.75,0.0,4,-0.08609673701811095
202,226.25,-68.75,68.75,0.0,4,-0.09906117066667296
203,228.75,-68.75,68.75,0.0,4,-0.11967624212389052
204,231.25,-68.75,68.75,0.0,4,-0.1489430500555586
205,233.75,-68.75,68.75,0.0,4,-0.16931615298826663
206,236.25,-68.75,68.75,0.0,4,-0.1949614174304752
207,238.75,-68.75,68.75,0.0,4,-0.21392147596257644
208,241.25,-68.75,68.75,0.0,4,-0.24274452897996285
209,243.75,-68.75,68.75,0.0,4,-0.26571190628704305
210,246.25,-68.75,68.75,0.0,4,-0.28296677993654623
211,248.75,-68.75,68.75,0.0,4,-0.2905913416767499
212,251.25,-68.75,68.75,0.0,4,-0.28812784651830786
213,253.75,-68.75,68.75,0.0,4,-0.2657913588131732
214,256.25,-68.75,68.75,0.0,4,-0.2187471031627987
215,258.75,-68.75,68.75,0.0,4,-0.17958653853527506
216,261.25,-68.75,68.75,0.0,4,-0.12259675828424368
217,263.75,-68.75,68.75,0.0,4,-0.07763624062533518
218,266.25,-68.75,68.75,0.0,4,-0.037246055251632056
219,268.75,-68.75,68.75,0.0,4,-0.01837508221383053
220,271.25,-68.75,68.75,0.0,4,-0.03266258921834749
221,273.75,-68.75,68.75,0.0,4,-0.06582890344684648
222,276.25,-68.75,68.75,0.0,4,-0.07197301617254753
223,278.75,-68.75,68.75,0.0,4,0.028529989620566153
224,281.25,-68.75,68.75,0.0,4,0.16810853499691045
225,283.75,-68.75,68.75,0.0,4,0.10443767822608149
226,286.25,-68.75,68.75,0.0,4,-0.032372440335866816
227,288.75,-68.75,68.75,0.0,4,-0.07135264122815231
228,291.25,-68.75,68.75,0.0,4,-0.07230283672857761
229,298.75,-68.75,68.75,0.0,4,-0.1286098971262884
230,301.25,-68.75,68.75,0.0,4,-0.2987525360056306
231,303.75,-68.75,68.75,0.0,4,-0.3682157593004239
232,306.25,-68.75,68.75,0.0,4,-0.5225747149388936
233,308.75,-68.75,68.75,0.0,4,-0.6309005684937337
234,311.25,-68.75,68.75,0.0,4,-0.44100947919237404
235,313.75,-68.75,68.75,0.0,4,-0.2503250166631816
236,316.25,-68.75,68.75,0.0,4,-0.11638094610907357
237,318.75,-68.75,68.75,0.0,4,-0.08548420929670611
238,321.25,-68.75,68.75,0.0,4,-0.08608982657695201
239,323.75,-68.75,68.75,0.0,4,-0.10394261902015467
240,326.25,-68.75,68.75,0.0,4,-0.1392784341800085
241,328.75,-68.75,68.75,0.0,4,-0.1653400430335338
242,331.25,-68.75,68.75,0.0,4,-0.18180264608870886
243,333.75,-68.75,68.75,0.0,4,-0.1850415409508291
244,336.25,-68.75,68.75,0.0,4,-0.1866532170233866
245,338.75,-68.75,68.75,0.0,4,-0.18070794677063876
246,341.25,-68.75,68.75,0.0,4,-0.16277136345079535
247,343.75,-68.75,68.75,0.0,4,-0.1564786756603848
248,346.25,-68.75,68.75,0.0,4,-0.15582304405137432
249,348.75,-68.75,68.75,0.0,4,-0.14438914044952755
250,351.25,-68.75,68.75,0.0,4,-0.1164715649068843
251,353.75,-68.75,68.75,0.0,4,-0.10449923419195985
252,356.25,-68.75,68.75,0.0,4,-0.10419840183861985
253,358.75,-68.75,68.75,0.0,4,-0.1064204733056691
254,1.25,-66.25,66.25,0.0,4,-0.21422589007871676
255,3.75,-66.25,66.25,0.0,4,-0.206814000942191
256,6.25,-66.25,66.25,0.0,4,-0.19987179028816746
257,8.75,-66.25,66.25,0.0,4,-0.19783487828766322
258,11.25,-66.25,66.25,0.0,4,-0.19664026922366895
259,13.75,-66.25,66.25,0.0,4,-0.19402745557583137
260,16.25,-66.25,66.25,0.0,4,-0.18473160478722414
261,18.75,-66.25,66.25,0.0,4,-0.17870595072861606
262,21.25,-66.25,66.25,0.0,4,-0.1671630096381206
263,23.75,-66.25,66.25,0.0,4,-0.13237089675405592
264,26.25,-66.25,66.25,0.0,4,-0.09237214375908907
265,28.75,-66.25,66.25,0.0,4,-0.03292160019025922
266,31.25,-66.25,66.25,0.0,4,0.008418094888092864
267,33.75,-66.25,66.25,0.0,4,0.02005955584877792
268,36.25,-66.25,66.25,0.0,4,0.029673878752519707
269,38.75,-66.25,66.25,0.0,4,0.06875566142952504
270,41.25,-66.25,66.25,0.0,4,0.0806164534860024
271,43.75,-66.25,66.25,0.0,4,0.04257561112563456
272,46.25,-66.25,66.25,0.0,4,-0.016064763277414146
273,48.75,-66.25,66.25,0.0,4,-0.09834391210853617
274,51.25,-66.25,66.25,0.0,4,-0.13036062630782466
275,56.25,-66.25,66.25,0.0,4,-0.08608346033696691
276,58.75,-66.25,66.25,0.0,4,-0.090834792665464
277,61.25,-66.25,66.25,0.0,4,-0.07370439936157494
278,63.75,-66.25,66.25,0.0,4,-0.07579697291848041
279,66.25,-66.25,66.25,0.0,4,-0.08369133324539019
280,68.75,-66.25,66.25,0.0,4,-0.08961704292773909
281,71.25,-66.25,66.25,0.0,4,-0.09306451232553417
282,73.75,-66.25,66.25,0.0,4,-0.09708911336667489
283,76.25,-66.25,66.25,0.0,4,-0.09502991768941116
284,78.75,-66.25,66.25,0.0,4,-0.08551608459521357
285,81.25,-66.25,66.25,0.0,4,-0.07503136777442113
286,83.75,-66.25,66.25,0.0,4,-0.027050506649707956
287,86.25,-66.25,66.25,0.0,4,0.015266877446386096
288,88.75,-66.25,66.25,0.0,4,0.04206625648617491
289,91.25,-66.25,66.25,0.0,4,0.08901741130445404
290,93.75,-66.25,66.25,0.0,4,0.15732305683157088
291,96.25,-66.25,66.25,0.0,0,0.15569035586522328
292,98.75,-66.25,66.25,0.0,0,0.0996240388222994
293,101.25,-66.25,66.25,0.0,0,0.05171508810456958
294,106.25,-66.25,66.25,0.0,4,0.08032552395115605
295,108.75,-66.25,66.25,0.0,4,0.035131217466450884
296,111.25,-66.25,66.25,0.0,4,0.0360946440664949
297,113.75,-66.25,66.25,0.0,4,0.13260737850008822
298,116.25,-66.25,66.25,0.0,4,0.0826368278440076
299,118.75,-66.25,66.25,0.0,4,0.03827651432230307
300,121.25,-66.25,66.25,0.0,4,0.01753876590557889
301,123.75,-66.25,66.25,0.0,4,-0.004193217875958833
302,126.25,-66.25,66.25,0.0,4,-0.01347809917108783
303,128.75,-66.25,66.25,0.0,4,-0.020641837287093123
304,131.25,-66.25,66.25,0.0,4,-0.03823260328154659
305,133.75,-66.25,66.25,0.0,0,0.0268904752872693
306,136.25,-66.25,66.25,0.0,4,-0.012203223019382644
307,138.75,-66.25,66.25,0.0,4,-0.03461271218567191
308,141.25,-66.25,66.25,0.0,4,-0.03334654409922601
309,143.75,-66.25,66.25,0.0,4,-0.04865376371258315
310,146.25,-66.25,66.25,0.0,4,-0.05113555570741406
311,148.75,-66.25,66.25,0.0,4,-0.04929778101085597
312,151.25,-66.25,66.25,0.0,4,-0.05039869144861317
313,153.75,-66.25,66.25,0.0,4,-0.04544098980058294
314,156.25,-66.25,66.25,0.0,4,-0.05094080328737525
315,158.75,-66.25,66.25,0.0,4,-0.048801066903239265
316,161.25,-66.25,66.25,0.0,4,-0.03898818895608485
317,163.75,-66.25,66.25,0.0,4,-0.015246664374171576
318,166.25,-66.25,66.25,0.0,4,0.009824031192160344
319,168.75,-66.25,66.25,0.0,4,0.026803984671084673
320,171.25,-66.25,66.25,0.0,4,0.02025798751166389
321,173.75,-66.25,66.25,0.0,4,-0.01864799859709321
322,176.25,-66.25,66.25,0.0,4,-0.068187021286339
323,178.75,-66.25,66.25,0.0,4,-0.11161066885996801
324,181.25,-66.25,66.25,0.0,4,-0.11771160720344567
325,183.75,-66.25,66.25,0.0,4,-0.11080958501286141
326,186.25,-66.25,66.25,0.0,4,-0.1034853712036874
327,188.75,-66.25,66.25,0.0,4,-0.08942189958161878
328,191.25,-66.25,66.25,0.0,4,-0.08218418400418066
329,193.75,-66.25,66.25,0.0,4,-0.07985761606521613
330,196.25,-66.25,66.25,0.0,4,-0.09323105380881201
331,198.75,-66.25,66.25,0.0,4,-0.12004655693726156
332,201.25,-66.25,66.25,0.0,4,-0.14326240366663023
333,203.75,-66.25,66.25,0.0,4,-0.17812269144267834
334,206.25,-66.25,66.25,0.0,4,-0.20477726297355686
335,208.75,-66.25,66.25,0.0,4,-0.23293670142413983
336,211.25,-66.25,66.25,0.0,4,-0.24197620444471835
337,213.75,-66.25,66.25,0.0,4,-0.2208406023464109
338,216.25,-66.25,66.25,0.0,4,-0.1862684330340625
339,218.75,-66.25,66.25,0.0,4,-0.14276923095724212
340,221.25,-66.25,66.25,0.0,4,-0.1167776571260044
341,223.75,-66.25,66.25,0.0,4,-0.09824773989959559
342,226.25,-66.25,66.25,0.0,4,-0.09933341042874524
343,228.75,-66.25,66.25,0.0,4,-0.11241092266269088
344,231.25,-66.25,66.25,0.0,4,-0.12339921967667794
345,233.75,-66.25,66.25,0.0,4,-0.14013297700213317
346,236.25,-66.25,66.25,0.0,4,-0.1528718485866189
347,238.75,-66.25,66.25,0.0,4,-0.16457640385146832
348,241.25,-66.25,66.25,0.0,4,-0.16721070078808598
349,243.75,-66.25,66.25,0.0,4,-0.1627573848900579
350,246.25,-66.25,66.25,0.0,4,-0.15699817613462322
351,248.75,-66.25,66.25,0.0,4,-0.15202997202239416
352,251.25,-66.25,66.25,0.0,4,-0.1490713027807885
353,253.75,-66.25,66.25,0.0,4,-0.13836245770420702
354,256.25,-66.25,66.25,0.0,4,-0.12338231575629488
355,258.75,-66.25,66.25,0.0,4,-0.1013492678762126
356,261.25,-66.25,66.25,0.0,4,-0.08368801931054823
357,263.75,-66.25,66.25,0.0,4,-0.06201118098505243
358,266.25,-66.25,66.25,0.0,4,-0.0475184942437278
359,268.75,-66.25,66.25,0.0,4,-0.03202684851419384
360,271.25,-66.25,66.25,0.0,4,-0.026706167543901156
361,273.75,-66.25,66.25,0.0,4,-0.030066431259682093
362,276.25,-66.25,66.25,0.0,4,-0.033244574901178055
363,278.75,-66.25,66.25,0.0,4,-0.03457147945037487
364,281.25,-66.25,66.25,0.0,4,-0.01749433094339083
365,283.75,-66.25,66.25,0.0,4,0.06098988600976776
366,286.25,-66.25,66.25,0.0,4,0.14969409104036405
367,288.75,-66.25,66.25,0.0,4,0.20311524081856333
368,291.25,-66.25,66.25,0.0,4,0.14059330884270843
369,293.75,-66.25,66.25,0.0,4,0.06161274717249024
370,298.75,-66.25,66.25,0.0,0,-0.1972150941010847
371,301.25,-66.25,66.25,0.0,4,-0.26534525963769573
372,303.75,-66.25,66.25,0.0,4,-0.3307634731836163
373,306.25,-66.25,66.25,0.0,4,-0.4297505452473863
374,308.75,-66.25,66.25,0.0,4,-0.4813366019145927
375,311.25,-66.25,66.25,0.0,4,-0.25816768871363927
376,313.75,-66.25,66.25,0.0,4,-0.07062442401403204
377,316.25,-66.25,66.25,0.0,4,-0.037723013822225045
378,318.75,-66.25,66.25,0.0,4,-0.0438124701525274
379,321.25,-66.25,66.25,0.0,4,-0.06757039014447958
380,323.75,-66.25,66.25,0.0,4,-0.09623503282496146
381,326.25,-66.25,66.25,0.0,4,-0.12105003781939125
382,328.75,-66.25,66.25,0.0,4,-0.15204028169454706
383,331.25,-66.25,66.25,0.0,4,-0.17109585090386453
384,333.75,-66.25,66.25,0.0,4,-0.19096463972583066
385,336.25,-66.25,66.25,0.0,4,-0.2028852125884634
386,338.75,-66.25,66.25,0.0,4,-0.21144023960859448
387,341.25,-66.25,66.25,0.0,4,-0.21018659196282463
388,343.75,-66.25,66.25,0.0,4,-0.20397029574877207
389,346.25,-66.25,66.25,0.0,4,-0.20396540033857188
390,348.75,-66.25,66.25,0.0,4,-0.21111136885515108
391,351.25,-66.25,66.25,0.0,4,-0.2162075386298573
392,353.75,-66.25,66.25,0.0,4,-0.21923325322053633
393,356.25,-66.25,66.25,0.0,4,-0.21913876162139517
394,358.75,-66.25,66.25,0.0,4,-0.21643311230212667
395,1.25,-63.75,63.75,0.0,4,-0.15561750201258567
396,3.75,-63.75,63.75,0.0,4,-0.15802452957530877
397,6.25,-63.75,63.75,0.0,4,-0.15830887610505018
398,8.75,-63.75,63.75,0.0,4,-0.16176609653264679
399,11.25,-63.75,63.75,0.0,4,-0.16428468303160626
400,13.75,-63.75,63.75,0.0,4,-0.1592207217981416
401,16.25,-63.75,63.75,0.0,4,-0.1460734329821846
402,18.75,-63.75,63.75,0.0,4,-0.124808468899439
403,21.25,-63.75,63.75,0.0,4,-0.08940180574700274
404,23.75,-63.75,63.75,0.0,4,-0.06915906253693219
405,26.25,-63.75,63.75,0.0,4,-0.04822345490980208
406,28.75,-63.75,63.75,0.0,4,-0.032113407070413
407,31.25,-63.75,63.75,0.0,4,-0.011720552394163156
408,33.75,-63.75,63.75,0.0,4,-0.00024637750448721566
409,36.25,-63.75,63.75,0.0,4,0.01570146320047494
410,38.75,-63.75,63.75,0.0,4,0.037450167567190044
411,41.25,-63.75,63.75,0.0,4,0.06965645353051152
412,43.75,-63.75,63.75,0.0,4,0.09018368054599508
413,46.25,-63.75,63.75,0.0,4,0.10263644015413556
414,48.75,-63.75,63.75,0.0,4,0.0980597319235621
415,51.25,-63.75,63.75,0.0,4,0.09158926259776715
416,53.75,-63.75,63.75,0.0,4,0.09356370756282233
417,56.25,-63.75,63.75,0.0,4,0.11140769213946762
418,58.75,-63.75,63.75,0.0,4,0.118676092033681
419,61.25,-63.75,63.75,0.0,4,0.09811143307496352
420,63.75,-63.75,63.75,0.0,4,0.06819049460481362
421,66.25,-63.75,63.75,0.0,4,0.02531836591482531
422,68.75,-63.75,63.75,0.0,4,-0.0008989187903691522
423,71.25,-63.75,63.75,0.0,4,-0.01065918136452815
424,73.75,-63.75,63.75,0.0,4,-0.01628558499485922
425,76.25,-63.75,63.75,0.0,4,-0.036962984953758264
426,78.75,-63.75,63.75,0.0,4,-0.07082356101531355
427,81.25,-63.75,63.75,0.0,4,-0.14540697933757107
428,83.75,-63.75,63.75,0.0,4,-0.24360483248605186
429,86.25,-63.75,63.75,0.0,4,-0.5117335658753329
430,88.75,-63.75,63.75,0.0,4,-0.27830333773173427
431,91.25,-63.75,63.75,0.0,4,-0.08768701052279808
432,93.75,-63.75,63.75,0.0,4,0.036985944870715055
433,96.25,-63.75,63.75,0.0,4,0.12896363691421617
434,98.75,-63.75,63.75,0.0,4,0.13261299977987606
435,101.25,-63.75,63.75,0.0,4,0.11046306975104701
436,103.75,-63.75,63.75,0.0,4,0.09659878934960021
437,106.25,-63.75,63.75,0.0,4,0.106063579193658
438,108.75,-63.75,63.75,0.0,4,0.11808214870059335
439,111.25,-63.75,63.75,0.0,4,0.12066170162109933
440,113.75,-63.75,63.75,0.0,4,0.1156373245122441
441,116.25,-63.75,63.75,0.0,4,0.12022120065189675
442,118.75,-63.75,63.75,0.0,4,0.12605961402924926
443,121.25,-63.75,63.75,0.0,4,0.12288130307902136
444,123.75,-63.75,63.75,0.0,4,0.09838464968265324
445,126.25,-63.75,63.75,0.0,4,0.05749273093221551
446,128.75,-63.75,63.75,0.0,4,0.03473029452257861
447,131.25,-63.75,63.75,0.0,4,0.0013440020835735404
448,133.75,-63.75,63.75,0.0,4,-0.019834938000710598
449,136.25,-63.75,63.75,0.0,4,-0.033812129699613704
450,138.75,-63.75,63.75,0.0,4,-0.035281473944480446
451,141.25,-63.75,63.75,0.0,4,-0.03641783502778843
452,143.75,-63.75,63.75,0.0,4,-0.034264529264239174
453,146.25,-63.75,63.75,0.0,4,-0.037606551040466764
454,148.75,-63.75,63.75,0.0,4,-0.04011827509797217
455,151.25,-63.75,63.75,0.0,4,-0.046286560547859734
456,153.75,-63.75,63.75,0.0,4,-0.06596310551137535
457,156.25,-63.75,63.75,0.0,4,-0.1017488909819761
458,158.75,-63.75,63.75,0.0,4,-0.121893061036062
459,161.25,-63.75,63.75,0.0,4,-0.1307835294519184
460,163.75,-63.75,63.75,0.0,4,-0.12016006661031443
461,166.25,-63.75,63.75,0.0,4,-0.10062605537878935
462,168.75,-63.75,63.75,0.0,4,-0.09490159896698633
463,171.25,-63.75,63.75,0.0,4,-0.0950169959635206
464,173.75,-63.75,63.75,0.0,4,-0.09828677289166886
465,176.25,-63.75,63.75,0.0,4,-0.10676972011312291
466,178.75,-63.75,63.75,0.0,4,-0.10999852329652608
467,181.25,-63.75,63.75,0.0,4,-0.09638915818796669
468,183.75,-63.75,63.75,0.0,4,-0.08451613580437245
469,186.25,-63.75,63.75,0.0,4,-0.07659578764476477
470,188.75,-63.75,63.75,0.0,4,-0.07899627843570985
471,191.25,-63.75,63.75,0.0,4,-0.08514430294380052
472,193.75,-63.75,63.75,0.0,4,-0.08110143402242596
473,196.25,-63.75,63.75,0.0,4,-0.07993460263181093
474,198.75,-63.75,63.75,0.0,4,-0.08810240846561215
475,201.25,-63.75,63.75,0.0,4,-0.10548732985128523
476,203.75,-63.75,63.75,0.0,4,-0.1247914132882403
477,206.25,-63.75,63.75,0.0,4,-0.14803917541128767
478,208.75,-63.75,63.75,0.0,4,-0.17440582307422728
479,211.25,-63.75,63.75,0.0,4,-0.2093538082858567
480,213.75,-63.75,63.75,0.0,4,-0.20541327499162088
481,216.25,-63.75,63.75,0.0,4,-0.18682105982660552
482,218.75,-63.75,63.75,0.0,4,-0.16863316923355642
483,221.25,-63.75,63.75,0.0,4,-0.14791769689349363
484,223.75,-63.75,63.75,0.0,4,-0.13621123958338766
485,226.25,-63.75,63.75,0.0,4,-0.13015122372659377
486,228.75,-63.75,63.75,0.0,4,-0.12884626057053675
487,231.25,-63.75,63.75,0.0,4,-0.12388024484008635
488,233.75,-63.75,63.75,0.0,4,-0.11930040692032548
489,236.25,-63.75,63.75,0.0,4,-0.11781273483989606
490,238.75,-63.75,63.75,0.0,4,-0.1175343539873124
491,241.25,-63.75,63.75,0.0,4,-0.11539127086893707
492,243.75,-63.75,63.75,0.0,4,-0.11150524992604133
493,246.25,-63.75,63.75,0.0,4,-0.10504230659009145
494,248.75,-63.75,63.75,0.0,4,-0.10064626148228863
495,251.25,-63.75,63.75,0.0,4,-0.09313561982447345
496,253.75,-63.75,63.75,0.0,4,-0.08640031806036033
497,256.25,-63.75,63.75,0.0,4,-0.07678447433205961
498,258.75,-63.75,63.75,0.0,4,-0.06915110529167882
499,261.25,-63.75,63.75,0.0,4,-0.05877972124472437
500,263.75,-63.75,63.75,0.0,4,-0.0497314472145543
501,266.25,-63.75,63.75,0.0,4,-0.03679821197372013
502,268.75,-63.75,63.75,0.0,4,-0.028114590983764322
503,271.25,-63.75,63.75,0.0,4,-0.01961741718437618
504,273.75,-63.75,63.75,0.0,4,-0.013995036047467145
505,276.25,-63.75,63.75,0.0,4,-0.004437147875147289
506,278.75,-63.75,63.75,0.0,4,0.0032403955111784334
507,281.25,-63.75,63.75,0.0,4,0.010158075898124843
508,283.75,-63.75,63.75,0.0,4,0.014334883141045482
509,286.25,-63.75,63.75,0.0,4,0.02812230913207053
510,288.75,-63.75,63.75,0.0,4,0.06216986755896725
511,291.25,-63.75,63.75,0.0,4,0.148969969846242
512,293.75,-63.75,63.75,0.0,4,0.1969982664670896
513,296.25,-63.75,63.75,0.0,4,0.07914344965464809
514,298.75,-63.75,63.75,0.0,4,-0.11055254562507193
515,301.25,-63.75,63.75,0.0,4,-0.25040009789186285
516,303.75,-63.75,63.75,0.0,4,-0.2533472000818395
517,306.25,-63.75,63.75,0.0,4,-0.31468254816128843
518,308.75,-63.75,63.75,0.0,4,-0.3999649998241329
519,311.25,-63.75,63.75,0.0,4,-0.3649642866911
520,313.75,-63.75,63.75,0.0,4,-0.31491409893665845
521,316.25,-63.75,63.75,0.0,4,-0.2504523886039298
522,318.75,-63.75,63.75,0.0,4,-0.19247432675141427
523,321.25,-63.75,63.75,0.0,4,-0.14799155608233952
524,323.75,-63.75,63.75,0.0,4,-0.14579936975790184
525,326.25,-63.75,63.75,0.0,4,-0.1563984870571413
526,328.75,-63.75,63.75,0.0,4,-0.1730897882372534
527,331.25,-63.75,63.75,0.0,4,-0.1909345416714681
528,333.75,-63.75,63.75,0.0,4,-0.20254998044875358
529,336.25,-63.75,63.75,0.0,4,-0.22610943443155146
530,338.75,-63.75,63.75,0.0,4,-0.23434598608164967
531,341.25,-63.75,63.75,0.0,4,-0.23220938004293995
532,343.75,-63.75,63.75,0.0,4,-0.231766889260578
533,346.25,-63.75,63.75,0.0,4,-0.22713532184115698
534,348.75,-63.75,63.75,0.0,4,-0.2157040581363307
535,351.25,-63.75,63.75,0.0,4,-0.19623663939630887
536,353.75,-63.75,63.75,0.0,4,-0.18054028462452668
537,356.25,-63.75,63.75,0.0,4,-0.16306520862273033
538,358.75,-63.75,63.75,0.0,4,-0.15490583505765274
539,1.25,-61.25,61.25,0.0,4,-0.15438052953653225
540,3.75,-61.25,61.25,0.0,4,-0.13948409448308285
541,6.25,-61.25,61.25,0.0,4,-0.11901580072273937
542,8.75,-61.25,61.25,0.0,4,-0.10765065424787844
543,11.25,-61.25,61.25,0.0,4,-0.10714510870433933
544,13.75,-61.25,61.25,0.0,4,-0.09693602615019564
545,16.25,-61.25,61.25,0.0,4,-0.08171136973716206
546,18.75,-61.25,61.25,0.0,4,-0.059897490488844345
547,21.25,-61.25,61.25,0.0,4,-0.04802421175988396
548,23.75,-61.25,61.25,0.0,4,-0.04528413484054907
549,26.25,-61.25,61.25,0.0,4,-0.04285767715828081
550,28.75,-61.25,61.25,0.0,4,-0.031704843016467706
551,31.25,-61.25,61.25,0.0,4,-0.01658331431521204
552,33.75,-61.25,61.25,0.0,4,0.0022245287540835932
553,36.25,-61.25,61.25,0.0,4,0.01846645905903062
554,38.75,-61.25,61.25,0.0,4,0.037807110058278214
555,41.25,-61.25,61.25,0.0,4,0.05054061700861312
556,43.75,-61.25,61.25,0.0,4,0.06433582397878222
557,46.25,-61.25,61.25,0.0,4,0.07492328643302266
558,48.75,-61.25,61.25,0.0,4,0.08652487592319842
559,51.25,-61.25,61.25,0.0,4,0.09696911207415872
560,53.75,-61.25,61.25,0.0,4,0.1102265454908852
561,56.25,-61.25,61.25,0.0,4,0.12186999519235045
562,58.75,-61.25,61.25,0.0,4,0.12965834750267335
563,61.25,-61.25,61.25,0.0,4,0.12920016469460613
564,63.75,-61.25,61.25,0.0,4,0.12159197299510967
565,66.25,-61.25,61.25,0.0,4,0.11126659001625022
566,68.75,-61.25,61.25,0.0,4,0.0990841523918135
567,71.25,-61.25,61.25,0.0,4,0.08592321824432608
568,73.75,-61.25,61.25,0.0,4,0.05054552924182453
569,76.25,-61.25,61.25,0.0,4,-0.025197810590644507
570,78.75,-61.25,61.25,0.0,4,-0.13156554900137674
571,81.25,-61.25,61.25,0.0,4,-0.17744759831383283
572,83.75,-61.25,61.25,0.0,4,-0.2701353383191244
573,86.25,-61.25,61.25,0.0,4,-0.46567203347436453
574,88.75,-61.25,61.25,0.0,4,-0.3213734320135487
575,91.25,-61.25,61.25,0.0,4,-0.23881173217289012
576,93.75,-61.25,61.25,0.0,4,-0.10550896976619786
577,96.25,-61.25,61.25,0.0,4,0.024134918250529602
578,98.75,-61.25,61.25,0.0,4,0.164602145186843
579,101.25,-61.25,61.25,0.0,4,0.24189753438262065
580,103.75,-61.25,61.25,0.0,4,0.29051869694684906
581,106.25,-61.25,61.25,0.0,4,0.3137664725019748
582,108.75,-61.25,61.25,0.0,4,0.3439288802387827
583,111.25,-61.25,61.25,0.0,4,0.3680491554972278
584,113.75,-61.25,61.25,0.0,4,0.3742868541501375
585,116.25,-61.25,61.25,0.0,4,0.3557611738659711
586,118.75,-61.25,61.25,0.0,4,0.33336105676161215
587,121.25,-61.25,61.25,0.0,4,0.3214494044852833
588,123.75,-61.25,61.25,0.0,4,0.30397593835467795
589,126.25,-61.25,61.25,0.0,4,0.2822528617629006
590,128.75,-61.25,61.25,0.0,4,0.25232271395363476
591,131.25,-61.25,61.25,0.0,4,0.21953771684708406
592,133.75,-61.25,61.25,0.0,4,0.16200889697125997
593,136.25,-61.25,61.25,0.0,4,0.10741024879532347
594,138.75,-61.25,61.25,0.0,4,0.051851088617091624
595,141.25,-61.25,61.25,0.0,4,0.010603106468420127
596,143.75,-61.25,61.25,0.0,4,-0.017530932504662294
597,146.25,-61.25,61.25,0.0,4,-0.03682403463054207
598,148.75,-61.25,61.25,0.0,4,-0.04732445176106062
599,151.25,-61.25,61.25,0.0,4,-0.03193742175778121
600,153.75,-61.25,61.25,0.0,4,-0.013651584272110285
601,156.25,-61.25,61.25,0.0,4,-0.0022529614913548847
602,158.75,-61.25,61.25,0.0,4,0.014649856005698758
603,161.25,-61.25,61.25,0.0,4,0.023512580641338973
604,163.75,-61.25,61.25,0.0,4,0.020054650364761183
605,166.25,-61.25,61.25,0.0,4,0.011503540182459736
606,168.75,-61.25,61.25,0.0,4,0.0015540753215050503
607,171.25,-61.25,61.25,0.0,4,-0.00729489227466823
608,173.75,-61.25,61.25,0.0,4,-0.03548802002504394
609,176.25,-61.25,61.25,0.0,4,-0.0742865685959792
610,178.75,-61.25,61.25,0.0,4,-0.11204017305809838
611,181.25,-61.25,61.25,0.0,4,-0.1177318423387
612,183.75,-61.25,61.25,0.0,4,-0.10210622261620012
613,186.25,-61.25,61.25,0.0,4,-0.07955805349385983
614,188.75,-61.25,61.25,0.0,4,-0.05657646133877395
615,191.25,-61.25,61.25,0.0,4,-0.04816663275216964
616,193.75,-61.25,61.25,0.0,4,-0.05134892445724755
617,196.25,-61.25,61.25,0.0,4,-0.059491317496931206
618,198.75,-61.25,61.25,0.0,4,-0.04843908379102314
619,201.25,-61.25,61.25,0.0,4,-0.03415283992918326
620,203.75,-61.25,61.25,0.0,4,-0.04621951546903801
621,206.25,-61.25,61.25,0.0,4,-0.07921074743476289
622,208.75,-61.25,61.25,0.0,4,-0.10806733943459537
623,211.25,-61.25,61.25,0.0,4,-0.11698418320940612
624,213.75,-61.25,61.25,0.0,4,-0.12843306746205746
625,216.25,-61.25,61.25,0.0,4,-0.1328887681537888
626,218.75,-61.25,61.25,0.0,4,-0.14967060971627272
627,221.25,-61.25,61.25,0.0,4,-0.1548779898209623
628,223.75,-61.25,61.25,0.0,4,-0.1466298692798805
629,226.25,-61.25,61.25,0.0,4,-0.13410417275793968
630,228.75,-61.25,61.25,0.0,4,-0.12110716355808686
631,231.25,-61.25,61.25,0.0,4,-0.11739876107069785
632,233.75,-61.25,61.25,0.0,4,-0.11164235311787
633,236.25,-61.25,61.25,0.0,4,-0.10276527489548659
634,238.75,-61.25,61.25,0.0,4,-0.09191901751071403
635,241.25,-61.25,61.25,0.0,4,-0.08458420354902975
636,243.75,-61.25,61.25,0.0,4,-0.07719334672225557
637,246.25,-61.25,61.25,0.0,4,-0.07145310571959984
638,248.75,-61.25,61.25,0.0,4,-0.06424698133434267
639,251.25,-61.25,61.25,0.0,4,-0.05768227768148134
640,253.75,-61.25,61.25,0.0,4,-0.05044639148487724
641,256.25,-61.25,61.25,0.0,4,-0.04636953541908151
642,258.75,-61.25,61.25,0.0,4,-0.042993507324314485
643,261.25,-61.25,61.25,0.0,4,-0.03939949868542907
644,263.75,-61.25,61.25,0.0,4,-0.03336309041345518
645,266.25,-61.25,61.25,0.0,4,-0.028034106544630687
646,268.75,-61.25,61.25,0.0,4,-0.02176991865029668
647,271.25,-61.25,61.25,0.0,4,-0.016318927626541038
648,273.75,-61.25,61.25,0.0,4,-0.011054420973700482
649,276.25,-61.25,61.25,0.0,4,-0.009101219192414743
650,278.75,-61.25,61.25,0.0,4,-0.007553907975438895
651,281.25,-61.25,61.25,0.0,4,-0.00447299780905853
652,283.75,-61.25,61.25,0.0,4,0.0019938344228039714
653,286.25,-61.25,61.25,0.0,4,0.008548516198635966
654,288.75,-61.25,61.25,0.0,4,0.012118174658616289
655,291.25,-61.25,61.25,0.0,4,0.012127372731891068
656,293.75,-61.25,61.25,0.0,4,0.013385884041426554
657,296.25,-61.25,61.25,0.0,4,0.022001899712071612
658,298.75,-61.25,61.25,0.0,4,0.028419990782644466
659,301.25,-61.25,61.25,0.0,4,-0.046714465771798844
660,303.75,-61.25,61.25,0.0,4,-0.17976087514792502
661,306.25,-61.25,61.25,0.0,4,-0.16756330527455252
662,308.75,-61.25,61.25,0.0,4,-0.08151366739524714
663,311.25,-61.25,61.25,0.0,4,-0.014422756159750512
664,313.75,-61.25,61.25,0.0,4,-0.04052482292470572
665,316.25,-61.25,61.25,0.0,4,-0.14299065809916392
666,318.75,-61.25,61.25,0.0,4,-0.25006822704669823
667,321.25,-61.25,61.25,0.0,4,-0.2309262999798794
668,323.75,-61.25,61.25,0.0,4,-0.20134639498107393
669,326.25,-61.25,61.25,0.0,4,-0.18867508905208055
670,328.75,-61.25,61.25,0.0,4,-0.18465744876089693
671,331.25,-61.25,61.25,0.0,4,-0.18386608541862104
672,333.75,-61.25,61.25,0.0,4,-0.180688323939827
673,336.25,-61.25,61.25,0.0,4,-0.19545422080102665
674,338.75,-61.25,61.25,0.0,4,-0.21303099703924736
675,341.25,-61.25,61.25,0.0,4,-0.21631737022844102
676,343.75,-61.25,61.25,0.0,4,-0.21314739213285333
677,346.25,-61.25,61.25,0.0,4,-0.20944116765684512
678,348.75,-61.25,61.25,0.0,4,-0.19759959538621824
679,351.25,-61.25,61.25,0.0,4,-0.18708921956258762
680,353.75,-61.25,61.25,0.0,4,-0.17629109239575338
681,356.25,-61.25,61.25,0.0,4,-0.16444403340953967
682,358.75,-61.25,61.25,0.0,4,-0.1574594358648768
683,1.25,-58.75,58.75,0.0,1,-0.12784512893502495
684,3.75,-58.75,58.75,0.0,1,-0.12066399209005474
685,6.25,-58.75,58.75,0.0,1,-0.10156912981861378
686,8.75,-58.75,58.75,0.0,1,-0.0836291708800461
687,11.25,-58.75,58.75,0.0,1,-0.0677100731818755
688,13.75,-58.75,58.75,0.0,1,-0.052512886710581165
689,16.25,-58.75,58.75,0.0,1,-0.02105693915601986
690,18.75,-58.75,58.75,0.0,1,0.003027587261004803
691,21.25,-58.75,58.75,0.0,1,0.020830484687473214
692,23.75,-58.75,58.75,0.0,1,0.019098387968779704
693,26.25,-58.75,58.75,0.0,1,0.003163664297412413
694,28.75,-58.75,58.75,0.0,1,-0.004010536403650048
695,31.25,-58.75,58.75,0.0,3,0.005412159524267559
696,33.75,-58.75,58.75,0.0,3,0.02101804124172802
697,36.25,-58.75,58.75,0.0,3,0.04320356994782943
698,38.75,-58.75,58.75,0.0,3,0.057570445122759925
699,41.25,-58.75,58.75,0.0,3,0.06954142256358757
700,43.75,-58.75,58.75,0.0,3,0.0749553066632137
701,46.25,-58.75,58.75,0.0,3,0.08055909366235253
702,48.75,-58.75,58.75,0.0,3,0.08754738078658471
703,51.25,-58.75,58.75,0.0,3,0.09924824834858957
704,53.75,-58.75,58.75,0.0,3,0.10723777694883693
705,56.25,-58.75,58.75,0.0,3,0.11753010461482798
706,58.75,-58.75,58.75,0.0,3,0.12475785473717046
707,61.25,-58.75,58.75,0.0,3,0.13234421676643973
708,63.75,-58.75,58.75,0.0,3,0.13499799779656174
709,66.25,-58.75,58.75,0.0,3,0.1356336349248951
710,68.75,-58.75,58.75,0.0,3,0.13395208715493692
711,71.25,-58.75,58.75,0.0,3,0.10353087761301434
712,73.75,-58.75,58.75,0.0,3,0.019574027346948242
713,76.25,-58.75,58.75,0.0,3,-0.0785254666629301
714,78.75,-58.75,58.75,0.0,3,-0.10550605777579905
715,81.25,-58.75,58.75,0.0,3,-0.2070839673925119
716,83.75,-58.75,58.75,0.0,3,-0.3258825757837032
717,86.25,-58.75,58.75,0.0,3,-0.3970502888999445
718,88.75,-58.75,58.75,0.0,3,-0.36361666117790625
719,91.25,-58.75,58.75,0.0,3,-0.2914260543925413
720,93.75,-58.75,58.75,0.0,3,-0.25116986597132757
721,96.25,-58.75,58.75,0.0,3,-0.19365173328709726
722,98.75,-58.75,58.75,0.0,3,-0.1357141759069
723,101.25,-58.75,58.75,0.0,3,-0.031125841789604324
724,103.75,-58.75,58.75,0.0,3,0.030568703848972766
725,106.25,-58.75,58.75,0.0,3,0.0705644105160319
726,108.75,-58.75,58.75,0.0,3,0.11384954007641626
727,111.25,-58.75,58.75,0.0,3,0.21901390992287398
728,113.75,-58.75,58.75,0.0,3,0.3019415330632189
729,116.25,-58.75,58.75,0.0,3,0.330245631059355
730,118.75,-58.75,58.75,0.0,3,0.31005420361455377
731,121.25,-58.75,58.75,0.0,2,0.29004769967408617
732,123.75,-58.75,58.75,0.0,2,0.292581349297073
733,126.25,-58.75,58.75,0.0,2,0.29405558312968766
734,128.75,-58.75,58.75,0.0,2,0.2810914168165387
735,131.25,-58.75,58.75,0.0,2,0.23948153350589796
736,133.75,-58.75,58.75,0.0,2,0.1869641676611023
737,136.25,-58.75,58.75,0.0,2,0.11623227546930529
738,138.75,-58.75,58.75,0.0,2,0.0676968082048421
739,141.25,-58.75,58.75,0.0,2,0.01655834363412092
740,143.75,-58.75,58.75,0.0,2,-0.004547470295166
741,146.25,-58.75,58.75,0.0,2,-0.0223404471754982
742,148.75,-58.75,58.75,0.0,2,0.008795938471940932
743,151.25,-58.75,58.75,0.0,2,0.06437165516783998
744,153.75,-58.75,58.75,0.0,2,0.06553642530085145
745,156.25,-58.75,58.75,0.0,2,0.058901917645431394
746,158.75,-58.75,58.75,0.0,2,0.057571963450984205
747,161.25,-58.75,58.75,0.0,2,0.05993336608295315
748,163.75,-58.75,58.75,0.0,2,0.0614343136058113
749,166.25,-58.75,58.75,0.0,2,0.054201205823691596
750,168.75,-58.75,58.75,0.0,2,0.03557727270132187
751,171.25,-58.75,58.75,0.0,2,0.010700825875366365
752,173.75,-58.75,58.75,0.0,2,0.005164673844670718
753,176.25,-58.75,58.75,0.0,2,-0.0011619423913450527
754,178.75,-58.75,58.75,0.0,2,-0.024302010475279315
755,181.25,-58.75,58.75,0.0,2,-0.058910770684730905
756,183.75,-58.75,58.75,0.0,2,-0.06937548023021091
757,186.25,-58.75,58.75,0.0,2,-0.05760844134167975
758,188.75,-58.75,58.75,0.0,2,-0.045307356878582006
759,191.25,-58.75,58.75,0.0,2,-0.050075718786931143
760,193.75,-58.75,58.75,0.0,2,-0.07034549585633426
761,196.25,-58.75,58.75,0.0,2,-0.11313019926407429
762,198.75,-58.75,58.75,0.0,2,-0.1265238369722778
763,201.25,-58.75,58.75,0.0,2,-0.07881086744605144
764,203.75,-58.75,58.75,0.0,2,-0.040371223188460155
765,206.25,-58.75,58.75,0.0,2,-0.02646326777033377
766,208.75,-58.75,58.75,0.0,2,-0.03437256986250308
767,211.25,-58.75,58.75,0.0,2,-0.060643465993665956
768,213.75,-58.75,58.75,0.0,2,-0.07274090468471861
769,216.25,-58.75,58.75,0.0,2,-0.08295092310939133
770,218.75,-58.75,58.75,0.0,2,-0.10452150344910793
771,221.25,-58.75,58.75,0.0,2,-0.13499059416300732
772,223.75,-58.75,58.75,0.0,2,-0.14834253018099336
773,226.25,-58.75,58.75,0.0,2,-0.14402194709302382
774,228.75,-58.75,58.75,0.0,2,-0.11415702032195953
775,231.25,-58.75,58.75,0.0,2,-0.0747326228440273
776,233.75,-58.75,58.75,0.0,2,-0.05904135469862963
777,236.25,-58.75,58.75,0.0,2,-0.047238230973768384
778,238.75,-58.75,58.75,0.0,2,-0.042786022661859324
779,241.25,-58.75,58.75,0.0,2,-0.04652301507042779
780,243.75,-58.75,58.75,0.0,2,-0.05198220797318043
781,246.25,-58.75,58.75,0.0,2,-0.05353235637694697
782,248.75,-58.75,58.75,0.0,2,-0.04848765964756982
783,251.25,-58.75,58.75,0.0,2,-0.0376457003135858
784,253.75,-58.75,58.75,0.0,2,-0.030234501601944123
785,256.25,-58.75,58.75,0.0,2,-0.023806326386909573
786,258.75,-58.75,58.75,0.0,2,-0.01990574973159836
787,261.25,-58.75,58.75,0.0,2,-0.013843862474637559
788,263.75,-58.75,58.75,0.0,2,-0.011069179678564089
789,266.25,-58.75,58.75,0.0,2,-0.010513029428583823
790,268.75,-58.75,58.75,0.0,2,-0.008470310408949135
791,271.25,-58.75,58.75,0.0,2,-0.005326317186049079
792,273.75,-58.75,58.75,0.0,2,-0.004837563352869331
793,276.25,-58.75,58.75,0.0,2,-0.004318491254268428
794,278.75,-58.75,58.75,0.0,2,-0.002135304280113222
795,281.25,-58.75,58.75,0.0,1,0.0021384507208733884
796,283.75,-58.75,58.75,0.0,1,0.005963584213526642
797,286.25,-58.75,58.75,0.0,1,0.009310397079721335
798,288.75,-58.75,58.75,0.0,1,0.004449695110031015
799,291.25,-58.75,58.75,0.0,1,0.0007550720591659637
800,293.75,-58.75,58.75,0.0,1,0.0024227244823157323
801,296.25,-58.75,58.75,0.0,1,-0.02385520981389825
802,298.75,-58.75,58.75,0.0,1,-0.03988957905685825
803,301.25,-58.75,58.75,0.0,1,-0.03490210246296627
804,303.75,-58.75,58.75,0.0,1,0.0037224867141509173
805,306.25,-58.75,58.75,0.0,1,0.11734442859402403
806,308.75,-58.75,58.75,0.0,1,0.2722350832358302
807,311.25,-58.75,58.75,0.0,1,0.359075985816044
808,313.75,-58.75,58.75,0.0,1,0.23828128431326556
809,316.25,-58.75,58.75,0.0,1,0.055820213382980995
810,318.75,-58.75,58.75,0.0,1,-0.01774630449541157
811,321.25,-58.75,58.75,0.0,1,-0.13737170730571277
812,323.75,-58.75,58.75,0.0,1,-0.19451002622131325
813,326.25,-58.75,58.75,0.0,1,-0.19063426198885308
814,328.75,-58.75,58.75,0.0,1,-0.17803434727575262
815,331.25,-58.75,58.75,0.0,1,-0.15625935198070987
816,333.75,-58.75,58.75,0.0,1,-0.15057903757542773
817,336.25,-58.75,58.75,0.0,1,-0.1716945510224749
818,338.75,-58.75,58.75,0.0,1,-0.17188817134815357
819,341.25,-58.75,58.75,0.0,1,-0.17559276230529988
820,343.75,-58.75,58.75,0.0,1,-0.16952364370447123
821,346.25,-58.75,58.75,0.0,1,-0.15260569583991504
822,348.75,-58.75,58.75,0.0,1,-0.14137270935463428
823,351.25,-58.75,58.75,0.0,1,-0.1376519487422225
824,353.75,-58.75,58.75,0.0,1,-0.144228652896994
825,356.25,-58.75,58.75,0.0,1,-0.14633191964869316
826,358.75,-58.75,58.75,0.0,1,-0.1390880779924736
827,1.25,-56.25,56.25,0.0,1,-0.10282165132979866
828,3.75,-56.25,56.25,0.0,1,-0.09740612378143589
829,6.25,-56.25,56.25,0.0,1,-0.09346782782541538
830,8.75,-56.25,56.25,0.0,1,-0.08305815581491087
831,11.25,-56.25,56.25,0.0,1,-0.06148378921071826
832,13.75,-56.25,56.25,0.0,1,-0.04292341459894365
833,16.25,-56.25,56.25,0.0,1,-0.0022377304142531754
834,18.75,-56.25,56.25,0.0,1,0.02922271654605633
835,21.25,-56.25,56.25,0.0,1,0.054726748298578466
836,23.75,-56.25,56.25,0.0,1,0.06324439807320582
837,26.25,-56.25,56.25,0.0,1,0.05980332646890459
838,28.75,-56.25,56.25,0.0,1,0.048545968256502925
839,31.25,-56.25,56.25,0.0,3,0.04487614097236972
840,33.75,-56.25,56.25,0.0,3,0.056840915110313237
841,36.25,-56.25,56.25,0.0,3,0.07306902490520911
842,38.75,-56.25,56.25,0.0,3,0.07697217601614674
843,41.25,-56.25,56.25,0.0,3,0.07832859187800073
844,43.75,-56.25,56.25,0.0,3,0.0831730301900225
845,46.25,-56.25,56.25,0.0,3,0.09720056107293662
846,48.75,-56.25,56.25,0.0,3,0.10949809341751959
847,51.25,-56.25,56.25,0.0,3,0.12154768086250836
848,53.75,-56.25,56.25,0.0,3,0.1309158003982289
849,56.25,-56.25,56.25,0.0,3,0.1408070795138458
850,58.75,-56.25,56.25,0.0,3,0.14640522131032613
851,61.25,-56.25,56.25,0.0,3,0.15374139975519419
852,63.75,-56.25,56.25,0.0,3,0.15957564535124494
853,66.25,-56.25,56.25,0.0,3,0.16575925451785017
854,68.75,-56.25,56.25,0.0,3,0.16535335587816552
855,71.25,-56.25,56.25,0.0,3,0.1557204606398765
856,73.75,-56.25,56.25,0.0,3,0.1334565445349151
857,76.25,-56.25,56.25,0.0,3,0.03726502584362477
858,78.75,-56.25,56.25,0.0,3,-0.06466439096823079
859,81.25,-56.25,56.25,0.0,3,-0.17200090167452048
860,83.75,-56.25,56.25,0.0,3,-0.20638378765379145
861,86.25,-56.25,56.25,0.0,3,-0.1908324011408098
862,88.75,-56.25,56.25,0.0,3,-0.15949106557671408
863,91.25,-56.25,56.25,0.0,3,-0.13506479277404568
864,93.75,-56.25,56.25,0.0,3,-0.12808655830928029
865,96.25,-56.25,56.25,0.0,3,-0.12316656053083871
866,98.75,-56.25,56.25,0.0,3,-0.12106302711256722
867,101.25,-56.25,56.25,0.0,3,-0.10228677098743526
868,103.75,-56.25,56.25,0.0,3,-0.07266926711183114
869,106.25,-56.25,56.25,0.0,3,-0.03314365351770626
870,108.75,-56.25,56.25,0.0,3,-0.007834983631775722
871,111.25,-56.25,56.25,0.0,3,0.023846429252751305
872,113.75,-56.25,56.25,0.0,3,0.04376928512422429
873,116.25,-56.25,56.25,0.0,3,0.05977245602408697
874,118.75,-56.25,56.25,0.0,3,0.06687976090754254
875,121.25,-56.25,56.25,0.0,2,0.08464617809861685
876,123.75,-56.25,56.25,0.0,2,0.10633188004762485
877,126.25,-56.25,56.25,0.0,2,0.13439831147830864
878,128.75,-56.25,56.25,0.0,2,0.13480377161466672
879,131.25,-56.25,56.25,0.0,2,0.09708318881187733
880,133.75,-56.25,56.25,0.0,2,0.05353016516116436
881,136.25,-56.25,56.25,0.0,2,0.012146550865528684
882,138.75,-56.25,56.25,0.0,2,-7.427547650733682e-05
883,141.25,-56.25,56.25,0.0,2,0.007516805046267413
884,143.75,-56.25,56.25,0.0,2,0.0324619311007322
885,146.25,-56.25,56.25,0.0,2,0.04371835596336384
886,148.75,-56.25,56.25,0.0,2,0.06169936474444161
887,151.25,-56.25,56.25,0.0,2,0.07828612433279225
888,153.75,-56.25,56.25,0.0,2,0.08425765100679061
889,156.25,-56.25,56.25,0.0,2,0.08807626737265514
890,158.75,-56.25,56.25,0.0,2,0.0781730492464342
891,161.25,-56.25,56.25,0.0,2,0.07400212801518762
892,163.75,-56.25,56.25,0.0,2,0.07453277088821113
893,166.25,-56.25,56.25,0.0,2,0.06366033186917412
894,168.75,-56.25,56.25,0.0,2,0.04398567062656105
895,171.25,-56.25,56.25,0.0,2,0.01498544016588163
896,173.75,-56.25,56.25,0.0,2,0.004278144967734574
897,176.25,-56.25,56.25,0.0,2,0.004156553395984363
898,178.75,-56.25,56.25,0.0,2,0.001269892709245754
899,181.25,-56.25,56.25,0.0,2,-0.013893202343254024
900,183.75,-56.25,56.25,0.0,2,-0.021238055462659004
901,186.25,-56.25,56.25,0.0,2,-0.00864415716142983
902,188.75,-56.25,56.25,0.0,2,0.00986760873298841
903,191.25,-56.25,56.25,0.0,2,0.010483347517414357
904,193.75,-56.25,56.25,0.0,2,-0.017817051380516785
905,196.25,-56.25,56.25,0.0,2,-0.08859029548854931
906,198.75,-56.25,56.25,0.0,2,-0.1271413248472235
907,201.25,-56.25,56.25,0.0,2,-0.06712575590706935
908,203.75,-56.25,56.25,0.0,2,-0.027122114974563606
909,206.25,-56.25,56.25,0.0,2,-0.022460103051383375
910,208.75,-56.25,56.25,0.0,2,-0.027269699570846958
911,211.25,-56.25,56.25,0.0,2,-0.0249708530719609
912,213.75,-56.25,56.25,0.0,2,-0.026406233700718096
913,216.25,-56.25,56.25,0.0,2,-0.03904869955513823
914,218.75,-56.25,56.25,0.0,2,-0.05469066762131872
915,221.25,-56.25,56.25,0.0,2,-0.08035250575419092
916,223.75,-56.25,56.25,0.0,2,-0.10207207708941829
917,226.25,-56.25,56.25,0.0,2,-0.07943535749854859
918,228.75,-56.25,56.25,0.0,2,-0.01970465841309962
919,231.25,-56.25,56.25,0.0,2,0.02132156538336209
920,233.75,-56.25,56.25,0.0,2,0.020485241389587232
921,236.25,-56.25,56.25,0.0,2,0.011974712512817943
922,238.75,-56.25,56.25,0.0,2,0.0038530755871140883
923,241.25,-56.25,56.25,0.0,2,-0.01221851251835296
924,243.75,-56.25,56.25,0.0,2,-0.02736515516014881
925,246.25,-56.25,56.25,0.0,2,-0.03537152776924842
926,248.75,-56.25,56.25,0.0,2,-0.02503306610431383
927,251.25,-56.25,56.25,0.0,2,-0.0010315089379217843
928,253.75,-56.25,56.25,0.0,2,0.011554275659994144
929,256.25,-56.25,56.25,0.0,2,0.017613975654970502
930,258.75,-56.25,56.25,0.0,2,0.018611311088836707
931,261.25,-56.25,56.25,0.0,2,0.018570062406038403
932,263.75,-56.25,56.25,0.0,2,0.017552741942272902
933,266.25,-56.25,56.25,0.0,2,0.015431573175787939
934,268.75,-56.25,56.25,0.0,2,0.014474419456296971
935,271.25,-56.25,56.25,0.0,2,0.013440362713131329
936,273.75,-56.25,56.25,0.0,2,0.014453620666312506
937,276.25,-56.25,56.25,0.0,2,0.020700283790644085
938,278.75,-56.25,56.25,0.0,2,0.021636744930765603
939,281.25,-56.25,56.25,0.0,1,0.008861144290408948
940,283.75,-56.25,56.25,0.0,1,-0.008792944255183238
941,286.25,-56.25,56.25,0.0,1,-0.024403735956168307
942,288.75,-56.25,56.25,0.0,1,-0.01917398543823603
943,291.25,-56.25,56.25,0.0,1,-0.03102910875120261
944,293.75,-56.25,56.25,0.0,1,-0.0415198690083072
945,296.25,-56.25,56.25,0.0,1,-0.03597978044903871
946,298.75,-56.25,56.25,0.0,1,-0.027873676573271538
947,301.25,-56.25,56.25,0.0,1,-0.026708420693971776
948,303.75,-56.25,56.25,0.0,1,-0.012620855778606931
949,306.25,-56.25,56.25,0.0,1,0.03471217993246421
950,308.75,-56.25,56.25,0.0,1,0.06637037093495676
951,311.25,-56.25,56.25,0.0,1,0.05676125770903348
952,313.75,-56.25,56.25,0.0,1,0.05458910597297835
953,316.25,-56.25,56.25,0.0,1,0.0757477000319917
954,318.75,-56.25,56.25,0.0,1,0.07862752519939989
955,321.25,-56.25,56.25,0.0,1,0.056843022329995
956,323.75,-56.25,56.25,0.0,1,0.033266096146037254
957,326.25,-56.25,56.25,0.0,1,-0.018329795024306084
958,328.75,-56.25,56.25,0.0,1,-0.096757268412906
959,331.25,-56.25,56.25,0.0,1,-0.12450737924551072
960,333.75,-56.25,56.25,0.0,1,-0.1211975859678407
961,336.25,-56.25,56.25,0.0,1,-0.10775501793930047
962,338.75,-56.25,56.25,0.0,1,-0.08660174652021786
963,341.25,-56.25,56.25,0.0,1,-0.06855524810167832
964,343.75,-56.25,56.25,0.0,1,-0.06033218759080881
965,346.25,-56.25,56.25,0.0,1,-0.048363813246450074
966,348.75,-56.25,56.25,0.0,1,-0.04579385920647991
967,351.25,-56.25,56.25,0.0,1,-0.05263032461717877
968,353.75,-56.25,56.25,0.0,1,-0.06283786775340178
969,356.25,-56.25,56.25,0.0,1,-0.08701631819464727
970,358.75,-56.25,56.25,0.0,1,-0.10372116253839887
971,1.25,-53.75,53.75,0.0,1,-0.043080706027116805
972,3.75,-53.75,53.75,0.0,1,-0.03569781705560119
973,6.25,-53.75,53.75,0.0,1,-0.03665219944610521
974,8.75,-53.75,53.75,0.0,1,-0.03042571925939047
975,11.25,-53.75,53.75,0.0,1,-0.02899722938934298
976,13.75,-53.75,53.75,0.0,1,-0.026129394500830877
977,16.25,-53.75,53.75,0.0,1,-0.002232743336702143
978,18.75,-53.75,53.75,0.0,1,0.044318120336106465
979,21.25,-53.75,53.75,0.0,1,0.07351810123030504
980,23.75,-53.75,53.75,0.0,1,0.10043208489204783
981,26.25,-53.75,53.75,0.0,1,0.11392292218298154
982,28.75,-53.75,53.75,0.0,1,0.10954050121776554
983,31.25,-53.75,53.75,0.0,3,0.10126875698908167
984,33.75,-53.75,53.75,0.0,3,0.10285338258113316
985,36.25,-53.75,53.75,0.0,3,0.10675320442584138
986,38.75,-53.75,53.75,0.0,3,0.09918412318936806
987,41.25,-53.75,53.75,0.0,3,0.09989989320245725
988,43.75,-53.75,53.75,0.0,3,0.10659721752806645
989,46.25,-53.75,53.75,0.0,3,0.11485517939064625
990,48.75,-53.75,53.75,0.0,3,0.13108041431215278
991,51.25,-53.75,53.75,0.0,3,0.1411531124475266
992,53.75,-53.75,53.75,0.0,3,0.15563377922544833
993,56.25,-53.75,53.75,0.0,3,0.1653123653283121
994,58.75,-53.75,53.75,0.0,3,0.17383013562911942
995,61.25,-53.75,53.75,0.0,3,0.1810708888547303
996,63.75,-53.75,53.75,0.0,3,0.19900864163156798
997,66.25,-53.75,53.75,0.0,3,0.22117293021461507
998,68.75,-53.75,53.75,0.0,3,0.24995832509143048
999,71.25,-53.75,53.75,0.0,3,0.2735042988119453
1000,73.75,-53.75,53.75,0.0,3,0.26908130926318496
1001,76.25,-53.75,53.75,0.0,3,0.21223052241594292
1002,78.75,-53.75,53.75,0.0,3,0.007876396463684229
1003,81.25,-53.75,53.75,0.0,3,-0.10311576503614256
1004,83.75,-53.75,53.75,0.0,3,-0.025285133222334027
1005,86.25,-53.75,53.75,0.0,3,0.02324757074287589
1006,88.75,-53.75,53.75,0.0,3,0.04025008958830037
1007,91.25,-53.75,53.75,0.0,3,0.04715248499309502
1008,93.75,-53.75,53.75,0.0,3,0.06060310028446438
1009,96.25,-53.75,53.75,0.0,3,0.07352856058583132
1010,98.75,-53.75,53.75,0.0,3,0.09118463879614093
1011,101.25,-53.75,53.75,0.0,3,0.10556879898089801
1012,103.75,-53.75,53.75,0.0,3,0.12234132223028325
1013,106.25,-53.75,53.75,0.0,3,0.13461885038645588
1014,108.75,-53.75,53.75,0.0,3,0.15155421016089698
1015,111.25,-53.75,53.75,0.0,3,0.16098303356419683
1016,113.75,-53.75,53.75,0.0,3,0.16067743564653547
1017,116.25,-53.75,53.75,0.0,3,0.15420043814587073
1018,118.75,-53.75,53.75,0.0,3,0.1458956499164431
1019,121.25,-53.75,53.75,0.0,2,0.14175757505208364
1020,123.75,-53.75,53.75,0.0,2,0.14006951413573618
1021,126.25,-53.75,53.75,0.0,2,0.13955869400268772
1022,128.75,-53.75,53.75,0.0,2,0.13105589877810153
1023,131.25,-53.75,53.75,0.0,2,0.11856656444939997
1024,133.75,-53.75,53.75,0.0,2,0.1100849326825897
1025,136.25,-53.75,53.75,0.0,2,0.10989821050761357
1026,138.75,-53.75,53.75,0.0,2,0.09378947945387182
1027,141.25,-53.75,53.75,0.0,2,0.07392030868565065
1028,143.75,-53.75,53.75,0.0,2,0.0813773696830043
1029,146.25,-53.75,53.75,0.0,2,0.08495548133623763
1030,148.75,-53.75,53.75,0.0,2,0.09066608346370263
1031,151.25,-53.75,53.75,0.0,2,0.09179651974640825
1032,153.75,-53.75,53.75,0.0,2,0.09416670254902647
1033,156.25,-53.75,53.75,0.0,2,0.10405228380643852
1034,158.75,-53.75,53.75,0.0,2,0.11598179165146526
1035,161.25,-53.75,53.75,0.0,2,0.12391460920896857
1036,163.75,-53.75,53.75,0.0,2,0.12445935929135146
1037,166.25,-53.75,53.75,0.0,2,0.12385318501728448
1038,168.75,-53.75,53.75,0.0,2,0.12372799832732062
1039,171.25,-53.75,53.75,0.0,2,0.11572753493871049
1040,173.75,-53.75,53.75,0.0,2,0.07078845041731281
1041,176.25,-53.75,53.75,0.0,2,0.027556916469320823
1042,178.75,-53.75,53.75,0.0,2,0.01891666000804006
1043,181.25,-53.75,53.75,0.0,2,0.027074517265978027
1044,183.75,-53.75,53.75,0.0,2,0.03362971162807909
1045,186.25,-53.75,53.75,0.0,2,0.040477764240149636
1046,188.75,-53.75,53.75,0.0,2,0.05345526807470903
1047,191.25,-53.75,53.75,0.0,2,0.050215008974737387
1048,193.75,-53.75,53.75,0.0,2,0.0029167772647635377
1049,196.25,-53.75,53.75,0.0,2,-0.05804432809831551
1050,198.75,-53.75,53.75,0.0,2,-0.04325456636979154
1051,201.25,-53.75,53.75,0.0,2,0.03803019137577405
1052,203.75,-53.75,53.75,0.0,2,0.07047697596414226
1053,206.25,-53.75,53.75,0.0,2,0.05653424124356245
1054,208.75,-53.75,53.75,0.0,2,0.038859857585887794
1055,211.25,-53.75,53.75,0.0,2,0.03099738764837493
1056,213.75,-53.75,53.75,0.0,2,0.022231459171049236
1057,216.25,-53.75,53.75,0.0,2,0.017940108374919224
1058,218.75,-53.75,53.75,0.0,2,0.010031988746258987
1059,221.25,-53.75,53.75,0.0,2,0.00013040879876965577
1060,223.75,-53.75,53.75,0.0,2,0.011904278218988514
1061,226.25,-53.75,53.75,0.0,2,0.036556543739167106
1062,228.75,-53.75,53.75,0.0,2,0.051120708726754505
1063,231.25,-53.75,53.75,0.0,2,0.0429014518434758
1064,233.75,-53.75,53.75,0.0,2,0.018289683821227417
1065,236.25,-53.75,53.75,0.0,2,0.0034838719586925138
1066,238.75,-53.75,53.75,0.0,2,-0.011054975132710386
1067,241.25,-53.75,53.75,0.0,2,-0.020411509629962087
1068,243.75,-53.75,53.75,0.0,2,-0.01748789512402547
1069,246.25,-53.75,53.75,0.0,2,0.004361370830810496
1070,248.75,-53.75,53.75,0.0,2,0.041620683864858454
1071,251.25,-53.75,53.75,0.0,2,0.052837223666821635
1072,253.75,-53.75,53.75,0.0,2,0.051347087800244544
1073,256.25,-53.75,53.75,0.0,2,0.04704917371848344
1074,258.75,-53.75,53.75,0.0,2,0.042814693016296444
1075,261.25,-53.75,53.75,0.0,2,0.04124096598389818
1076,263.75,-53.75,53.75,0.0,2,0.03967044585231262
1077,266.25,-53.75,53.75,0.0,2,0.03959632109263116
1078,268.75,-53.75,53.75,0.0,2,0.04176120055182758
1079,271.25,-53.75,53.75,0.0,2,0.0434525288327489
1080,273.75,-53.75,53.75,0.0,2,0.04414467546969818
1081,276.25,-53.75,53.75,0.0,2,0.036382951157328376
1082,278.75,-53.75,53.75,0.0,2,0.010993106620113907
1083,281.25,-53.75,53.75,0.0,1,-0.003703949028006609
1084,283.75,-53.75,53.75,0.0,1,0.010979848183973873
1085,286.25,-53.75,53.75,0.0,1,0.019555801570882193
1086,293.75,-53.75,53.75,0.0,1,0.020007484083966333
1087,296.25,-53.75,53.75,0.0,1,-0.004745105620261055
1088,298.75,-53.75,53.75,0.0,1,-0.0019599341239442862
1089,301.25,-53.75,53.75,0.0,1,-0.0019906224603817094
1090,303.75,-53.75,53.75,0.0,1,-0.014415057533295613
1091,306.25,-53.75,53.75,0.0,1,-0.006771393639602941
1092,308.75,-53.75,53.75,0.0,1,0.024903603794372463
1093,311.25,-53.75,53.75,0.0,1,0.03165533432879554
1094,313.75,-53.75,53.75,0.0,1,0.04388400280411957
1095,316.25,-53.75,53.75,0.0,1,0.0701829695797518
1096,318.75,-53.75,53.75,0.0,1,0.08165508120338519
1097,321.25,-53.75,53.75,0.0,1,0.09196994649091951
1098,323.75,-53.75,53.75,0.0,1,0.08321211526601416
1099,326.25,-53.75,53.75,0.0,1,0.03340487623071001
1100,328.75,-53.75,53.75,0.0,1,-0.005568124249776748
1101,331.25,-53.75,53.75,0.0,1,-0.01920214401554332
1102,333.75,-53.75,53.75,0.0,1,-0.0327345077984805
1103,336.25,-53.75,53.75,0.0,1,-0.02259439775532303
1104,338.75,-53.75,53.75,0.0,1,0.002380265983569016
1105,341.25,-53.75,53.75,0.0,1,0.009596390707068561
1106,343.75,-53.75,53.75,0.0,1,0.011476957754709211
1107,346.25,-53.75,53.75,0.0,1,0.015956794497512566
1108,348.75,-53.75,53.75,0.0,1,0.011966144743135506
1109,351.25,-53.75,53.75,0.0,1,-0.004543163149926136
1110,353.75,-53.75,53.75,0.0,1,-0.02526533162677906
1111,356.25,-53.75,53.75,0.0,1,-0.03272062428051434
1112,358.75,-53.75,53.75,0.0,1,-0.038702303129454385
1113,1.25,-51.25,51.25,0.0,1,0.03266597147801081
1114,3.75,-51.25,51.25,0.0,1,0.04709425860601927
1115,6.25,-51.25,51.25,0.0,1,0.08189582138797055
1116,8.75,-51.25,51.25,0.0,1,0.10311754027843491
1117,11.25,-51.25,51.25,0.0,1,0.09491145421775879
1118,13.75,-51.25,51.25,0.0,1,0.08138887591462292
1119,16.25,-51.25,51.25,0.0,1,0.07846357209905785
1120,18.75,-51.25,51.25,0.0,1,0.09277726093181175
1121,21.25,-51.25,51.25,0.0,1,0.10891890636924759
1122,23.75,-51.25,51.25,0.0,1,0.11408425522144587
1123,26.25,-51.25,51.25,0.0,1,0.14046865496640393
1124,28.75,-51.25,51.25,0.0,1,0.14943271695692115
1125,31.25,-51.25,51.25,0.0,3,0.1452769004219723
1126,33.75,-51.25,51.25,0.0,3,0.14680595731239043
1127,36.25,-51.25,51.25,0.0,3,0.14597997353557154
1128,38.75,-51.25,51.25,0.0,3,0.13689370821008665
1129,41.25,-51.25,51.25,0.0,3,0.138942473251306
1130,43.75,-51.25,51.25,0.0,3,0.14545680444747677
1131,46.25,-51.25,51.25,0.0,3,0.15217425194275316
1132,48.75,-51.25,51.25,0.0,3,0.1575897455549163
1133,51.25,-51.25,51.25,0.0,3,0.16632220599480946
1134,53.75,-51.25,51.25,0.0,3,0.17513159418547666
1135,56.25,-51.25,51.25,0.0,3,0.18804268106165695
1136,58.75,-51.25,51.25,0.0,3,0.1970566652219787
1137,61.25,-51.25,51.25,0.0,3,0.21455500753277337
1138,63.75,-51.25,51.25,0.0,3,0.2584037117229514
1139,66.25,-51.25,51.25,0.0,3,0.32240190606083474
1140,68.75,-51.25,51.25,0.0,3,0.33583046129086974
1141,71.25,-51.25,51.25,0.0,3,0.325562573489539
1142,73.75,-51.25,51.25,0.0,3,0.3081030827190623
1143,76.25,-51.25,51.25,0.0,3,0.3598809492641917
1144,78.75,-51.25,51.25,0.0,3,0.41608346866120416
1145,81.25,-51.25,51.25,0.0,3,0.4582526110171895
1146,83.75,-51.25,51.25,0.0,3,0.4441032546264224
1147,86.25,-51.25,51.25,0.0,3,0.3974110558799305
1148,88.75,-51.25,51.25,0.0,3,0.3766360422514813
1149,91.25,-51.25,51.25,0.0,3,0.3805515202907013
1150,93.75,-51.25,51.25,0.0,3,0.3803156428609844
1151,96.25,-51.25,51.25,0.0,3,0.3757316876346891
1152,98.75,-51.25,51.25,0.0,3,0.3645098589369929
1153,101.25,-51.25,51.25,0.0,3,0.34569845957979783
1154,103.75,-51.25,51.25,0.0,3,0.33148679160589034
1155,106.25,-51.25,51.25,0.0,3,0.31307834325784406
1156,108.75,-51.25,51.25,0.0,3,0.3001745212870483
1157,111.25,-51.25,51.25,0.0,3,0.2856567788995177
1158,113.75,-51.25,51.25,0.0,3,0.27472328101754306
1159,116.25,-51.25,51.25,0.0,3,0.24843702428716177
1160,118.75,-51.25,51.25,0.0,3,0.2239835004836687
1161,121.25,-51.25,51.25,0.0,2,0.2072651530785957
1162,123.75,-51.25,51.25,0.0,2,0.20284461665199296
1163,126.25,-51.25,51.25,0.0,2,0.1874874161587531
1164,128.75,-51.25,51.25,0.0,2,0.1485613830222791
1165,131.25,-51.25,51.25,0.0,2,0.11314753606702184
1166,133.75,-51.25,51.25,0.0,2,0.11874015048269716
1167,136.25,-51.25,51.25,0.0,2,0.1378378469413923
1168,138.75,-51.25,51.25,0.0,2,0.1472595098875576
1169,141.25,-51.25,51.25,0.0,2,0.12731430502417945
1170,143.75,-51.25,51.25,0.0,2,0.1210361200606891
1171,146.25,-51.25,51.25,0.0,2,0.12219945124402737
1172,148.75,-51.25,51.25,0.0,2,0.11997670530264556
1173,151.25,-51.25,51.25,0.0,2,0.12014977997424736
1174,153.75,-51.25,51.25,0.0,2,0.12381008395573227
1175,156.25,-51.25,51.25,0.0,2,0.12840997445961497
1176,158.75,-51.25,51.25,0.0,2,0.13825170395197875
1177,161.25,-51.25,51.25,0.0,2,0.14011266811900255
1178,163.75,-51.25,51.25,0.0,2,0.13630539187124815
1179,166.25,-51.25,51.25,0.0,2,0.1374948223990756
1180,168.75,-51.25,51.25,0.0,2,0.1379517904944335
1181,171.25,-51.25,51.25,0.0,2,0.11750458764298868
1182,173.75,-51.25,51.25,0.0,2,0.11084487547732513
1183,176.25,-51.25,51.25,0.0,2,0.077871965562211
1184,178.75,-51.25,51.25,0.0,2,0.053870387445406905
1185,181.25,-51.25,51.25,0.0,2,0.058408169987187876
1186,183.75,-51.25,51.25,0.0,2,0.06906598218502864
1187,186.25,-51.25,51.25,0.0,2,0.07747985109376043
1188,188.75,-51.25,51.25,0.0,2,0.08314029242558099
1189,191.25,-51.25,51.25,0.0,2,0.08354752725320472
1190,193.75,-51.25,51.25,0.0,2,0.06824758142721113
1191,196.25,-51.25,51.25,0.0,2,0.029592630393390933
1192,198.75,-51.25,51.25,0.0,2,0.050061748528492225
1193,201.25,-51.25,51.25,0.0,2,0.1375451727478606
1194,203.75,-51.25,51.25,0.0,2,0.14627867628471264
1195,206.25,-51.25,51.25,0.0,2,0.12795030030127136
1196,208.75,-51.25,51.25,0.0,2,0.11989876248761552
1197,211.25,-51.25,51.25,0.0,2,0.11277082362430345
1198,213.75,-51.25,51.25,0.0,2,0.10581289709949535
1199,216.25,-51.25,51.25,0.0,2,0.09900581451148288
1200,218.75,-51.25,51.25,0.0,2,0.09589445050729545
1201,221.25,-51.25,51.25,0.0,2,0.09246263756336517
1202,223.75,-51.25,51.25,0.0,2,0.0866873532689535
1203,226.25,-51.25,51.25,0.0,2,0.07399093320657985
1204,228.75,-51.25,51.25,0.0,2,0.06070798706528078
1205,231.25,-51.25,51.25,0.0,2,0.03634475986687196
1206,233.75,-51.25,51.25,0.0,2,0.018613622137808684
1207,236.25,-51.25,51.25,0.0,2,0.0025997990280196047
1208,238.75,-51.25,51.25,0.0,2,-0.007005279441911229
1209,241.25,-51.25,51.25,0.0,2,-0.016276406096838995
1210,243.75,-51.25,51.25,0.0,2,-0.008104575643211116
1211,246.25,-51.25,51.25,0.0,2,0.04230687036483746
1212,248.75,-51.25,51.25,0.0,2,0.07683811172511855
1213,251.25,-51.25,51.25,0.0,2,0.07320496928012372
1214,253.75,-51.25,51.25,0.0,2,0.06193368676699272
1215,256.25,-51.25,51.25,0.0,2,0.05513734137487453
1216,258.75,-51.25,51.25,0.0,2,0.05187180151257671
1217,261.25,-51.25,51.25,0.0,2,0.05282410680019989
1218,263.75,-51.25,51.25,0.0,2,0.05795644392120059
1219,266.25,-51.25,51.25,0.0,2,0.06389427454620936
1220,268.75,-51.25,51.25,0.0,2,0.06430647400681454
1221,271.25,-51.25,51.25,0.0,2,0.05856939126926648
1222,273.75,-51.25,51.25,0.0,2,0.05175359575389534
1223,276.25,-51.25,51.25,0.0,2,0.03915904469979319
1224,278.75,-51.25,51.25,0.0,2,0.031009704445202808
1225,281.25,-51.25,51.25,0.0,1,0.024274678152744193
1226,283.75,-51.25,51.25,0.0,1,0.04191182132339183
1227,291.25,-51.25,51.25,0.0,1,0.20380147842197346
1228,293.75,-51.25,51.25,0.0,1,0.17731292336753035
1229,296.25,-51.25,51.25,0.0,1,0.09480620405222055
1230,298.75,-51.25,51.25,0.0,1,0.09221809023129414
1231,301.25,-51.25,51.25,0.0,1,0.1017497406117556
1232,303.75,-51.25,51.25,0.0,1,0.03946803854072292
1233,306.25,-51.25,51.25,0.0,1,0.017476293514506334
1234,308.75,-51.25,51.25,0.0,1,0.04410846090628466
1235,311.25,-51.25,51.25,0.0,1,0.06705809133367932
1236,313.75,-51.25,51.25,0.0,1,0.0893539429744873
1237,316.25,-51.25,51.25,0.0,1,0.11665872498388336
1238,318.75,-51.25,51.25,0.0,1,0.13864460164970482
1239,321.25,-51.25,51.25,0.0,1,0.16344526359907524
1240,323.75,-51.25,51.25,0.0,1,0.15388739744182947
1241,326.25,-51.25,51.25,0.0,1,0.11706167573412803
1242,328.75,-51.25,51.25,0.0,1,0.10052030916000754
1243,331.25,-51.25,51.25,0.0,1,0.09034593858933472
1244,333.75,-51.25,51.25,0.0,1,0.08609097232887171
1245,336.25,-51.25,51.25,0.0,1,0.10184634818858211
1246,338.75,-51.25,51.25,0.0,1,0.11847214517916245
1247,341.25,-51.25,51.25,0.0,1,0.11598824291468594
1248,343.75,-51.25,51.25,0.0,1,0.11371965813573603
1249,346.25,-51.25,51.25,0.0,1,0.10978539089427929
1250,348.75,-51.25,51.25,0.0,1,0.08166135280655919
1251,351.25,-51.25,51.25,0.0,1,0.020628664856654134
1252,353.75,-51.25,51.25,0.0,1,0.003919106497410011
1253,356.25,-51.25,51.25,0.0,1,0.02289331156391017
1254,358.75,-51.25,51.25,0.0,1,0.03616363251399026
1255,1.25,-48.75,48.75,0.0,1,0.19439833378700339
1256,3.75,-48.75,48.75,0.0,1,0.19768614078697647
1257,6.25,-48.75,48.75,0.0,1,0.1880285655914608
1258,8.75,-48.75,48.75,0.0,1,0.18063880275999203
1259,11.25,-48.75,48.75,0.0,1,0.1870463897020375
1260,13.75,-48.75,48.75,0.0,1,0.1849661173648295
1261,16.25,-48.75,48.75,0.0,1,0.17500193838695743
1262,18.75,-48.75,48.75,0.0,1,0.17030097623221363
1263,21.25,-48.75,48.75,0.0,1,0.16286784372102936
1264,23.75,-48.75,48.75,0.0,1,0.14753917362937963
1265,26.25,-48.75,48.75,0.0,1,0.15367440174953204
1266,28.75,-48.75,48.75,0.0,1,0.16949081498862234
1267,31.25,-48.75,48.75,0.0,3,0.1733739287513278
1268,33.75,-48.75,48.75,0.0,3,0.17583280801615597
1269,36.25,-48.75,48.75,0.0,3,0.17889857068330436
1270,38.75,-48.75,48.75,0.0,3,0.1788906657635902
1271,41.25,-48.75,48.75,0.0,3,0.1823523475260971
1272,43.75,-48.75,48.75,0.0,3,0.1859808065873301
1273,46.25,-48.75,48.75,0.0,3,0.1863309895659437
1274,48.75,-48.75,48.75,0.0,3,0.1876856209067063
1275,51.25,-48.75,48.75,0.0,3,0.18886116003488274
1276,53.75,-48.75,48.75,0.0,3,0.20065395319430435
1277,56.25,-48.75,48.75,0.0,3,0.22026389547879657
1278,58.75,-48.75,48.75,0.0,3,0.22736717987496777
1279,61.25,-48.75,48.75,0.0,3,0.2418066514908353
1280,63.75,-48.75,48.75,0.0,3,0.34615159899113124
1281,66.25,-48.75,48.75,0.0,3,0.38526051537920664
1282,68.75,-48.75,48.75,0.0,3,0.3615191400806594
1283,71.25,-48.75,48.75,0.0,3,0.3778958874437141
1284,73.75,-48.75,48.75,0.0,3,0.415978667518757
1285,76.25,-48.75,48.75,0.0,3,0.44484761101338427
1286,78.75,-48.75,48.75,0.0,3,0.4905184261952372
1287,81.25,-48.75,48.75,0.0,3,0.493212150188086
1288,83.75,-48.75,48.75,0.0,3,0.4557937708335189
1289,86.25,-48.75,48.75,0.0,3,0.3943554863874222
1290,88.75,-48.75,48.75,0.0,3,0.3434192445798414
1291,91.25,-48.75,48.75,0.0,3,0.3473156507929393
1292,93.75,-48.75,48.75,0.0,3,0.35944127569607265
1293,96.25,-48.75,48.75,0.0,3,0.36601802777135367
1294,98.75,-48.75,48.75,0.0,3,0.36513793478754303
1295,101.25,-48.75,48.75,0.0,3,0.35725470992367403
1296,103.75,-48.75,48.75,0.0,3,0.34567220833316176
1297,106.25,-48.75,48.75,0.0,3,0.33535531169619776
1298,108.75,-48.75,48.75,0.0,3,0.3138331797040507
1299,111.25,-48.75,48.75,0.0,3,0.2864266203183076
1300,113.75,-48.75,48.75,0.0,3,0.24035458517308325
1301,116.25,-48.75,48.75,0.0,3,0.19337288933724034
1302,118.75,-48.75,48.75,0.0,3,0.14504687779472966
1303,121.25,-48.75,48.75,0.0,2,0.12143292726394392
1304,123.75,-48.75,48.75,0.0,2,0.10300207517951257
1305,126.25,-48.75,48.75,0.0,2,0.08237562118167986
1306,128.75,-48.75,48.75,0.0,2,0.051091572586321105
1307,131.25,-48.75,48.75,0.0,2,0.04664745909486966
1308,133.75,-48.75,48.75,0.0,2,0.06004364083935529
1309,136.25,-48.75,48.75,0.0,2,0.07431411085618463
1310,138.75,-48.75,48.75,0.0,2,0.10072841720480497
1311,141.25,-48.75,48.75,0.0,2,0.11863400155830695
1312,143.75,-48.75,48.75,0.0,2,0.13673180820763384
1313,146.25,-48.75,48.75,0.0,2,0.15054207964422675
1314,148.75,-48.75,48.75,0.0,2,0.1438173379205954
1315,151.25,-48.75,48.75,0.0,2,0.13501723812470093
1316,153.75,-48.75,48.75,0.0,2,0.1396417120102135
1317,156.25,-48.75,48.75,0.0,2,0.15664028045549583
1318,158.75,-48.75,48.75,0.0,2,0.16423458426746013
1319,161.25,-48.75,48.75,0.0,2,0.15997873356087725
1320,163.75,-48.75,48.75,0.0,2,0.15919737787263077
1321,166.25,-48.75,48.75,0.0,2,0.17641507672995257
1322,168.75,-48.75,48.75,0.0,2,0.17781505527590225
1323,171.25,-48.75,48.75,0.0,2,0.13536703156728938
1324,173.75,-48.75,48.75,0.0,2,0.11191678056682944
1325,176.25,-48.75,48.75,0.0,2,0.10489776888543495
1326,178.75,-48.75,48.75,0.0,2,0.122844054463075
1327,181.25,-48.75,48.75,0.0,2,0.1599255004339032
1328,183.75,-48.75,48.75,0.0,2,0.19363593173227647
1329,186.25,-48.75,48.75,0.0,2,0.19090287496598415
1330,188.75,-48.75,48.75,0.0,2,0.17687455692027693
1331,191.25,-48.75,48.75,0.0,2,0.17277431499394696
1332,193.75,-48.75,48.75,0.0,2,0.168088167830343
1333,196.25,-48.75,48.75,0.0,2,0.16238511665499514
1334,198.75,-48.75,48.75,0.0,2,0.16156732983275973
1335,201.25,-48.75,48.75,0.0,2,0.15751067622849366
1336,203.75,-48.75,48.75,0.0,2,0.1522441072671502
1337,206.25,-48.75,48.75,0.0,2,0.14734781199794428
1338,208.75,-48.75,48.75,0.0,2,0.14119285265336715
1339,211.25,-48.75,48.75,0.0,2,0.13609782048639668
1340,213.75,-48.75,48.75,0.0,2,0.12711152113454163
1341,216.25,-48.75,48.75,0.0,2,0.11831952565915005
1342,218.75,-48.75,48.75,0.0,2,0.11038680776256053
1343,221.25,-48.75,48.75,0.0,2,0.10440308361922294
1344,223.75,-48.75,48.75,0.0,2,0.09514871474589992
1345,226.25,-48.75,48.75,0.0,2,0.08306090348152612
1346,228.75,-48.75,48.75,0.0,2,0.06974000324631915
1347,231.25,-48.75,48.75,0.0,2,0.061433345199896204
1348,233.75,-48.75,48.75,0.0,2,0.052397056153480004
1349,236.25,-48.75,48.75,0.0,2,0.04703070330617921
1350,238.75,-48.75,48.75,0.0,2,0.04266602615378617
1351,241.25,-48.75,48.75,0.0,2,0.04027533923626391
1352,243.75,-48.75,48.75,0.0,2,0.052052602815847046
1353,246.25,-48.75,48.75,0.0,2,0.07320627373680091
1354,248.75,-48.75,48.75,0.0,2,0.08539120725245794
1355,251.25,-48.75,48.75,0.0,2,0.07467253153330895
1356,253.75,-48.75,48.75,0.0,2,0.061659420621848794
1357,256.25,-48.75,48.75,0.0,2,0.05892990328274222
1358,258.75,-48.75,48.75,0.0,2,0.058976734816644255
1359,261.25,-48.75,48.75,0.0,2,0.06182169846343308
1360,263.75,-48.75,48.75,0.0,2,0.06573960900498325
1361,266.25,-48.75,48.75,0.0,2,0.06546856641426645
1362,268.75,-48.75,48.75,0.0,2,0.06324467189480774
1363,271.25,-48.75,48.75,0.0,2,0.06121120107753934
1364,273.75,-48.75,48.75,0.0,2,0.06326599633042886
1365,276.25,-48.75,48.75,0.0,2,0.06555537177975318
1366,278.75,-48.75,48.75,0.0,2,0.06219665971110367
1367,281.25,-48.75,48.75,0.0,1,0.052196856389336264
1368,283.75,-48.75,48.75,0.0,1,0.0788610761581066
1369,293.75,-48.75,48.75,0.0,1,0.1864995623163096
1370,296.25,-48.75,48.75,0.0,1,0.18992910148104475
1371,298.75,-48.75,48.75,0.0,1,0.1220629024413041
1372,301.25,-48.75,48.75,0.0,1,0.07908529593138626
1373,303.75,-48.75,48.75,0.0,1,0.05769761282108986
1374,306.25,-48.75,48.75,0.0,1,0.08294348574512178
1375,308.75,-48.75,48.75,0.0,1,0.1152898273388254
1376,311.25,-48.75,48.75,0.0,1,0.13401549039548352
1377,313.75,-48.75,48.75,0.0,1,0.14622756522879965
1378,316.25,-48.75,48.75,0.0,1,0.15504977730444855
1379,318.75,-48.75,48.75,0.0,1,0.17224080347224824
1380,321.25,-48.75,48.75,0.0,1,0.19461849637190307
1381,323.75,-48.75,48.75,0.0,1,0.18943018673563297
1382,326.25,-48.75,48.75,0.0,1,0.1737245946498072
1383,328.75,-48.75,48.75,0.0,1,0.16815306970946153
1384,331.25,-48.75,48.75,0.0,1,0.1748066652045288
1385,333.75,-48.75,48.75,0.0,1,0.18622834122895673
1386,336.25,-48.75,48.75,0.0,1,0.20091338170862544
1387,338.75,-48.75,48.75,0.0,1,0.22441189066502076
1388,341.25,-48.75,48.75,0.0,1,0.2292536021324454
1389,343.75,-48.75,48.75,0.0,1,0.21517607381026374
1390,346.25,-48.75,48.75,0.0,1,0.188211818257851
1391,348.75,-48.75,48.75,0.0,1,0.13407149155261228
1392,351.25,-48.75,48.75,0.0,1,0.09500123884938617
1393,353.75,-48.75,48.75,0.0,1,0.11671323448401638
1394,356.25,-48.75,48.75,0.0,1,0.1570901611805775
1395,358.75,-48.75,48.75,0.0,1,0.18700057720114582
1396,1.25,-46.25,46.25,0.0,1,0.29594589331908305
1397,3.75,-46.25,46.25,0.0,1,0.2780712684835712
1398,6.25,-46.25,46.25,0.0,1,0.26783857343088124
1399,8.75,-46.25,46.25,0.0,1,0.2709210516430024
1400,11.25,-46.25,46.25,0.0,1,0.2728419543100905
1401,13.75,-46.25,46.25,0.0,1,0.2561569684656272
1402,16.25,-46.25,46.25,0.0,1,0.23256757681409734
1403,18.75,-46.25,46.25,0.0,1,0.2162013798786149
1404,21.25,-46.25,46.25,0.0,1,0.21501419056444784
1405,23.75,-46.25,46.25,0.0,1,0.21499926482120188
1406,26.25,-46.25,46.25,0.0,1,0.2144843936172155
1407,28.75,-46.25,46.25,0.0,1,0.22284745759119784
1408,31.25,-46.25,46.25,0.0,3,0.23543030323925374
1409,33.75,-46.25,46.25,0.0,3,0.2407986349422008
1410,36.25,-46.25,46.25,0.0,3,0.23045171343365653
1411,38.75,-46.25,46.25,0.0,3,0.22322764794841812
1412,41.25,-46.25,46.25,0.0,3,0.23458451091791588
1413,43.75,-46.25,46.25,0.0,3,0.23512244992378625
1414,46.25,-46.25,46.25,0.0,3,0.2214699115873009
1415,48.75,-46.25,46.25,0.0,3,0.2243114210142318
1416,51.25,-46.25,46.25,0.0,3,0.23122182045083095
1417,53.75,-46.25,46.25,0.0,3,0.25170493497526336
1418,56.25,-46.25,46.25,0.0,3,0.2697267926124871
1419,58.75,-46.25,46.25,0.0,3,0.255795704382276
1420,61.25,-46.25,46.25,0.0,3,0.2539694564714414
1421,63.75,-46.25,46.25,0.0,3,0.30844156960678293
1422,66.25,-46.25,46.25,0.0,3,0.38293908642077423
1423,68.75,-46.25,46.25,0.0,3,0.3984788447721319
1424,71.25,-46.25,46.25,0.0,3,0.4019491262444464
1425,73.75,-46.25,46.25,0.0,3,0.41687289908645353
1426,76.25,-46.25,46.25,0.0,3,0.42745166336684987
1427,78.75,-46.25,46.25,0.0,3,0.4818067729814648
1428,81.25,-46.25,46.25,0.0,3,0.5140417859559387
1429,83.75,-46.25,46.25,0.0,3,0.5144741664466673
1430,86.25,-46.25,46.25,0.0,3,0.4484469453333198
1431,88.75,-46.25,46.25,0.0,3,0.3267029968354899
1432,91.25,-46.25,46.25,0.0,3,0.2957903617192068
1433,93.75,-46.25,46.25,0.0,3,0.3524323420593696
1434,96.25,-46.25,46.25,0.0,3,0.3542271232724677
1435,98.75,-46.25,46.25,0.0,3,0.3198713685503954
1436,101.25,-46.25,46.25,0.0,3,0.30112729378986974
1437,103.75,-46.25,46.25,0.0,3,0.289898361871007
1438,106.25,-46.25,46.25,0.0,3,0.27529162767957227
1439,108.75,-46.25,46.25,0.0,3,0.23450112333160797
1440,111.25,-46.25,46.25,0.0,3,0.18974629010546892
1441,113.75,-46.25,46.25,0.0,3,0.13563493101435783
1442,116.25,-46.25,46.25,0.0,3,0.10601320423900516
1443,118.75,-46.25,46.25,0.0,3,0.08193814481624158
1444,121.25,-46.25,46.25,0.0,2,0.06739422184940497
1445,123.75,-46.25,46.25,0.0,2,0.05789802094396255
1446,126.25,-46.25,46.25,0.0,2,0.05528012740338903
1447,128.75,-46.25,46.25,0.0,2,0.053408718462312384
1448,131.25,-46.25,46.25,0.0,2,0.06710725620671905
1449,133.75,-46.25,46.25,0.0,2,0.11021657534568305
1450,136.25,-46.25,46.25,0.0,2,0.1468735883133886
1451,138.75,-46.25,46.25,0.0,2,0.14612215259899292
1452,141.25,-46.25,46.25,0.0,2,0.1743256945683172
1453,143.75,-46.25,46.25,0.0,2,0.22246489705794256
1454,146.25,-46.25,46.25,0.0,2,0.24292312855781503
1455,148.75,-46.25,46.25,0.0,2,0.2480529067539112
1456,151.25,-46.25,46.25,0.0,2,0.20656957929790754
1457,153.75,-46.25,46.25,0.0,2,0.1782673386123354
1458,156.25,-46.25,46.25,0.0,2,0.19277056301351456
1459,158.75,-46.25,46.25,0.0,2,0.21087290758780322
1460,161.25,-46.25,46.25,0.0,2,0.21619312318035092
1461,163.75,-46.25,46.25,0.0,2,0.24935976337168508
1462,166.25,-46.25,46.25,0.0,2,0.28212227133854695
1463,171.25,-46.25,46.25,0.0,2,0.24220290902528885
1464,173.75,-46.25,46.25,0.0,2,0.2195922849955379
1465,176.25,-46.25,46.25,0.0,2,0.22265318936364967
1466,178.75,-46.25,46.25,0.0,2,0.29730237323850056
1467,181.25,-46.25,46.25,0.0,2,0.3524092299143997
1468,183.75,-46.25,46.25,0.0,2,0.2788759404896674
1469,186.25,-46.25,46.25,0.0,2,0.212999735335369
1470,188.75,-46.25,46.25,0.0,2,0.20345047587761428
1471,191.25,-46.25,46.25,0.0,2,0.2006116302229504
1472,193.75,-46.25,46.25,0.0,2,0.18388361862671887
1473,196.25,-46.25,46.25,0.0,2,0.16533423639453457
1474,198.75,-46.25,46.25,0.0,2,0.14015167057357483
1475,201.25,-46.25,46.25,0.0,2,0.13547677921669873
1476,203.75,-46.25,46.25,0.0,2,0.1379226982342657
1477,206.25,-46.25,46.25,0.0,2,0.14006335040461715
1478,208.75,-46.25,46.25,0.0,2,0.1398911509938444
1479,211.25,-46.25,46.25,0.0,2,0.1389283324606662
1480,213.75,-46.25,46.25,0.0,2,0.13521751354883507
1481,216.25,-46.25,46.25,0.0,2,0.1312492765318545
1482,218.75,-46.25,46.25,0.0,2,0.12896918948115768
1483,221.25,-46.25,46.25,0.0,2,0.1259727356154819
1484,223.75,-46.25,46.25,0.0,2,0.12018100798661911
1485,226.25,-46.25,46.25,0.0,2,0.11073954639154596
1486,228.75,-46.25,46.25,0.0,2,0.09957339824864948
1487,231.25,-46.25,46.25,0.0,2,0.09411019130499271
1488,233.75,-46.25,46.25,0.0,2,0.08785636589999146
1489,236.25,-46.25,46.25,0.0,2,0.08590353229977249
1490,238.75,-46.25,46.25,0.0,2,0.08799114548177295
1491,241.25,-46.25,46.25,0.0,2,0.09073155929000616
1492,243.75,-46.25,46.25,0.0,2,0.09682320852005538
1493,246.25,-46.25,46.25,0.0,2,0.0951102870866093
1494,248.75,-46.25,46.25,0.0,2,0.08691562524028729
1495,251.25,-46.25,46.25,0.0,2,0.07925911377397889
1496,253.75,-46.25,46.25,0.0,2,0.07092165455760513
1497,256.25,-46.25,46.25,0.0,2,0.07026494880817495
1498,258.75,-46.25,46.25,0.0,2,0.07309705670950285
1499,261.25,-46.25,46.25,0.0,2,0.07662804975416791
1500,263.75,-46.25,46.25,0.0,2,0.07905634812842803
1501,266.25,-46.25,46.25,0.0,2,0.07702257842629126
1502,268.75,-46.25,46.25,0.0,2,0.07665517822463462
1503,271.25,-46.25,46.25,0.0,2,0.0831770558594487
1504,273.75,-46.25,46.25,0.0,2,0.09226809481058403
1505,276.25,-46.25,46.25,0.0,2,0.09225769676853404
1506,278.75,-46.25,46.25,0.0,2,0.08196403997324957
1507,281.25,-46.25,46.25,0.0,1,0.08089082712244611
1508,283.75,-46.25,46.25,0.0,1,0.09804148921811268
1509,293.75,-46.25,46.25,0.0,1,0.2579163307123407
1510,296.25,-46.25,46.25,0.0,1,0.25352320671376266
1511,298.75,-46.25,46.25,0.0,1,0.17659317229273067
1512,301.25,-46.25,46.25,0.0,1,0.11241346039630197
1513,303.75,-46.25,46.25,0.0,1,0.1260104195945032
1514,306.25,-46.25,46.25,0.0,1,0.14113633918988874
1515,308.75,-46.25,46.25,0.0,1,0.15186980058273275
1516,311.25,-46.25,46.25,0.0,1,0.15527859515261658
1517,313.75,-46.25,46.25,0.0,1,0.16119123006644379
1518,316.25,-46.25,46.25,0.0,1,0.16777242861751868
1519,318.75,-46.25,46.25,0.0,1,0.17358556647047083
1520,321.25,-46.25,46.25,0.0,1,0.17824329651037482
1521,323.75,-46.25,46.25,0.0,1,0.1813621336765966
1522,326.25,-46.25,46.25,0.0,1,0.1874917234709848
1523,328.75,-46.25,46.25,0.0,1,0.20828408956724737
1524,331.25,-46.25,46.25,0.0,1,0.22690395837099933
1525,333.75,-46.25,46.25,0.0,1,0.24738106673758817
1526,336.25,-46.25,46.25,0.0,1,0.27012905613201166
1527,338.75,-46.25,46.25,0.0,1,0.29555140763836646
1528,341.25,-46.25,46.25,0.0,1,0.28204278184872367
1529,343.75,-46.25,46.25,0.0,1,0.24133263307808844
1530,346.25,-46.25,46.25,0.0,1,0.21984323914443016
1531,348.75,-46.25,46.25,0.0,1,0.2015968895109016
1532,351.25,-46.25,46.25,0.0,1,0.20904842357410777
1533,353.75,-46.25,46.25,0.0,1,0.27480464199331617
1534,356.25,-46.25,46.25,0.0,1,0.3226505111848444
1535,358.75,-46.25,46.25,0.0,1,0.3138421921612533
1536,1.25,-43.75,43.75,0.0,1,0.31971711668026315
1537,3.75,-43.75,43.75,0.0,1,0.31371427106899336
1538,6.25,-43.75,43.75,0.0,1,0.3101203849998522
1539,8.75,-43.75,43.75,0.0,1,0.3185534790483357
1540,11.25,-43.75,43.75,0.0,1,0.3228283353343807
1541,13.75,-43.75,43.75,0.0,1,0.313960773927514
1542,16.25,-43.75,43.75,0.0,1,0.3028581213521061
1543,18.75,-43.75,43.75,0.0,1,0.29959722159366586
1544,21.25,-43.75,43.75,0.0,1,0.30550058136495706
1545,23.75,-43.75,43.75,0.0,1,0.30559404924457034
1546,26.25,-43.75,43.75,0.0,1,0.3032630021869552
1547,28.75,-43.75,43.75,0.0,1,0.2992570050639829
1548,31.25,-43.75,43.75,0.0,3,0.30222666721268626
1549,33.75,-43.75,43.75,0.0,3,0.3137788508024236
1550,36.25,-43.75,43.75,0.0,3,0.30330942028473085
1551,38.75,-43.75,43.75,0.0,3,0.27265456653552333
1552,41.25,-43.75,43.75,0.0,3,0.25039732231589934
1553,43.75,-43.75,43.75,0.0,3,0.29611971454821046
1554,46.25,-43.75,43.75,0.0,3,0.2966445610064531
1555,48.75,-43.75,43.75,0.0,3,0.24749035673948572
1556,51.25,-43.75,43.75,0.0,3,0.24450024587411795
1557,53.75,-43.75,43.75,0.0,3,0.32446253640767037
1558,56.25,-43.75,43.75,0.0,3,0.32811535684631254
1559,58.75,-43.75,43.75,0.0,3,0.2746600710611865
1560,61.25,-43.75,43.75,0.0,3,0.23020515583735257
1561,63.75,-43.75,43.75,0.0,3,0.22542140368666197
1562,66.25,-43.75,43.75,0.0,3,0.23922269495234416
1563,68.75,-43.75,43.75,0.0,3,0.23754999542023728
1564,71.25,-43.75,43.75,0.0,3,0.22796936543232843
1565,73.75,-43.75,43.75,0.0,3,0.24542603636662935
1566,76.25,-43.75,43.75,0.0,3,0.29939120299438443
1567,78.75,-43.75,43.75,0.0,3,0.37875174627993485
1568,81.25,-43.75,43.75,0.0,3,0.42139757278626516
1569,83.75,-43.75,43.75,0.0,3,0.4097103509600184
1570,86.25,-43.75,43.75,0.0,3,0.35962847837294704
1571,88.75,-43.75,43.75,0.0,3,0.28961936306406777
1572,91.25,-43.75,43.75,0.0,3,0.27055182537084815
1573,93.75,-43.75,43.75,0.0,3,0.29354804258202544
1574,96.25,-43.75,43.75,0.0,3,0.2886743146014347
1575,98.75,-43.75,43.75,0.0,3,0.2573518933118541
1576,101.25,-43.75,43.75,0.0,3,0.24831354531227662
1577,103.75,-43.75,43.75,0.0,3,0.23799208386211115
1578,106.25,-43.75,43.75,0.0,3,0.2105809843947067
1579,108.75,-43.75,43.75,0.0,3,0.16138754709517478
1580,111.25,-43.75,43.75,0.0,3,0.1306618343512267
1581,113.75,-43.75,43.75,0.0,3,0.10590290457254867
1582,116.25,-43.75,43.75,0.0,3,0.09598928807528175
1583,118.75,-43.75,43.75,0.0,3,0.0950942299822987
1584,121.25,-43.75,43.75,0.0,2,0.09609375135614026
1585,123.75,-43.75,43.75,0.0,2,0.10371562790179158
1586,126.25,-43.75,43.75,0.0,2,0.11353693112046727
1587,128.75,-43.75,43.75,0.0,2,0.133252281209691
1588,131.25,-43.75,43.75,0.0,2,0.15079170120753163
1589,133.75,-43.75,43.75,0.0,2,0.15159653949531632
1590,136.25,-43.75,43.75,0.0,2,0.13154248623466877
1591,138.75,-43.75,43.75,0.0,2,0.13038154218913528
1592,141.25,-43.75,43.75,0.0,2,0.1323869262374698
1593,143.75,-43.75,43.75,0.0,2,0.12170488750367736
1594,146.25,-43.75,43.75,0.0,2,0.15911404536564275
1595,148.75,-43.75,43.75,0.0,2,0.4549517267092599
1596,151.25,-43.75,43.75,0.0,2,0.4288371452740518
1597,153.75,-43.75,43.75,0.0,2,0.25230146442326495
1598,156.25,-43.75,43.75,0.0,2,0.2616323006017891
1599,158.75,-43.75,43.75,0.0,2,0.2892201464145978
1600,161.25,-43.75,43.75,0.0,2,0.2901561379784203
1601,163.75,-43.75,43.75,0.0,2,0.3005420130060784
1602,166.25,-43.75,43.75,0.0,2,0.3320660780932267
1603,168.75,-43.75,43.75,0.0,2,0.34846901012207293
1604,173.75,-43.75,43.75,0.0,2,0.289479837257486
1605,176.25,-43.75,43.75,0.0,2,0.3402571171747679
1606,178.75,-43.75,43.75,0.0,2,0.33577273139184394
1607,181.25,-43.75,43.75,0.0,2,0.29407455817955014
1608,183.75,-43.75,43.75,0.0,2,0.19427571243125769
1609,186.25,-43.75,43.75,0.0,2,0.22491447454013955
1610,188.75,-43.75,43.75,0.0,2,0.23808764379445976
1611,191.25,-43.75,43.75,0.0,2,0.20190092689300923
1612,193.75,-43.75,43.75,0.0,2,0.1693818471033112
1613,196.25,-43.75,43.75,0.0,2,0.152969760618251
1614,198.75,-43.75,43.75,0.0,2,0.15054124721801268
1615,201.25,-43.75,43.75,0.0,2,0.15771185421840372
1616,203.75,-43.75,43.75,0.0,2,0.1655462549905711
1617,206.25,-43.75,43.75,0.0,2,0.1700731350611419
1618,208.75,-43.75,43.75,0.0,2,0.17011542784926675
1619,211.25,-43.75,43.75,0.0,2,0.16876191966658047
1620,213.75,-43.75,43.75,0.0,2,0.1610162324556596
1621,216.25,-43.75,43.75,0.0,2,0.15662930008656317
1622,218.75,-43.75,43.75,0.0,2,0.15493853082201436
1623,221.25,-43.75,43.75,0.0,2,0.15243323483208449
1624,223.75,-43.75,43.75,0.0,2,0.14363710025861523
1625,226.25,-43.75,43.75,0.0,2,0.13565161157677058
1626,228.75,-43.75,43.75,0.0,2,0.1276876387825586
1627,231.25,-43.75,43.75,0.0,2,0.1194449775623685
1628,233.75,-43.75,43.75,0.0,2,0.11215184816485518
1629,236.25,-43.75,43.75,0.0,2,0.11051332332767451
1630,238.75,-43.75,43.75,0.0,2,0.1119964684582187
1631,241.25,-43.75,43.75,0.0,2,0.1130464500236565
1632,243.75,-43.75,43.75,0.0,2,0.10976442153065163
1633,246.25,-43.75,43.75,0.0,2,0.1057209517811738
1634,248.75,-43.75,43.75,0.0,2,0.09853852156310072
1635,251.25,-43.75,43.75,0.0,2,0.09513612737194438
1636,253.75,-43.75,43.75,0.0,2,0.09635125321261621
1637,256.25,-43.75,43.75,0.0,2,0.09910334739863978
1638,258.75,-43.75,43.75,0.0,2,0.10245697488170279
1639,261.25,-43.75,43.75,0.0,2,0.1015211663851319
1640,263.75,-43.75,43.75,0.0,2,0.09598176585825793
1641,266.25,-43.75,43.75,0.0,2,0.09698579288548961
1642,268.75,-43.75,43.75,0.0,2,0.10833346215952849
1643,271.25,-43.75,43.75,0.0,2,0.11724209400169473
1644,273.75,-43.75,43.75,0.0,2,0.12123785979471918
1645,276.25,-43.75,43.75,0.0,2,0.11411915349503761
1646,278.75,-43.75,43.75,0.0,2,0.10114815162036347
1647,281.25,-43.75,43.75,0.0,1,0.09883640443844895
1648,283.75,-43.75,43.75,0.0,1,0.09891382233463149
1649,286.25,-43.75,43.75,0.0,1,0.16030240614313665
1650,296.25,-43.75,43.75,0.0,1,0.22113436264347028
1651,298.75,-43.75,43.75,0.0,1,0.19051722607097812
1652,301.25,-43.75,43.75,0.0,1,0.1756926614392067
1653,303.75,-43.75,43.75,0.0,1,0.2065213785898387
1654,306.25,-43.75,43.75,0.0,1,0.25399171202106907
1655,308.75,-43.75,43.75,0.0,1,0.28852100744718007
1656,311.25,-43.75,43.75,0.0,1,0.24781491659461916
1657,313.75,-43.75,43.75,0.0,1,0.20630325811570768
1658,316.25,-43.75,43.75,0.0,1,0.1992648599497199
1659,318.75,-43.75,43.75,0.0,1,0.20498422125822774
1660,321.25,-43.75,43.75,0.0,1,0.21536676541758337
1661,323.75,-43.75,43.75,0.0,1,0.23417877237426898
1662,326.25,-43.75,43.75,0.0,1,0.25648250247956556
1663,328.75,-43.75,43.75,0.0,1,0.29298906416697423
1664,331.25,-43.75,43.75,0.0,1,0.3186223049578931
1665,333.75,-43.75,43.75,0.0,1,0.3414832360304709
1666,336.25,-43.75,43.75,0.0,1,0.3452162175201038
1667,338.75,-43.75,43.75,0.0,1,0.2977655566340534
1668,341.25,-43.75,43.75,0.0,1,0.27027773197608557
1669,343.75,-43.75,43.75,0.0,1,0.2712240512993045
1670,346.25,-43.75,43.75,0.0,1,0.29266397022088025
1671,348.75,-43.75,43.75,0.0,1,0.3091005256743837
1672,351.25,-43.75,43.75,0.0,1,0.3116140191108705
1673,353.75,-43.75,43.75,0.0,1,0.3278127582659497
1674,356.25,-43.75,43.75,0.0,1,0.32798342873806663
1675,358.75,-43.75,43.75,0.0,1,0.32099984685500144
1676,1.25,-41.25,41.25,0.0,1,0.3275569091980946
1677,3.75,-41.25,41.25,0.0,1,0.3147725848772637
1678,6.25,-41.25,41.25,0.0,1,0.32484727805468727
1679,8.75,-41.25,41.25,0.0,1,0.35410633171381845
1680,11.25,-41.25,41.25,0.0,1,0.37057027524382835
1681,13.75,-41.25,41.25,0.0,1,0.3758170954822102
1682,16.25,-41.25,41.25,0.0,1,0.41409341766543833
1683,18.75,-41.25,41.25,0.0,1,0.5581147990824995
1684,21.25,-41.25,41.25,0.0,1,0.5677576506047725
1685,23.75,-41.25,41.25,0.0,1,0.48154980401993447
1686,26.25,-41.25,41.25,0.0,1,0.4560081106739392
1687,28.75,-41.25,41.25,0.0,1,0.4167769766572521
1688,31.25,-41.25,41.25,0.0,3,0.37508136825879307
1689,33.75,-41.25,41.25,0.0,3,0.3504536604411128
1690,36.25,-41.25,41.25,0.0,3,0.3595489296950638
1691,38.75,-41.25,41.25,0.0,3,0.45563439124707006
1692,41.25,-41.25,41.25,0.0,3,0.6027730941325625
1693,43.75,-41.25,41.25,0.0,3,0.6899131536983643
1694,46.25,-41.25,41.25,0.0,3,0.46898023236294173
1695,48.75,-41.25,41.25,0.0,3,0.13949490475889986
1696,51.25,-41.25,41.25,0.0,3,0.03591488314280983
1697,53.75,-41.25,41.25,0.0,3,0.08814808271759372
1698,56.25,-41.25,41.25,0.0,3,0.139280483139372
1699,58.75,-41.25,41.25,0.0,3,0.15285197975762008
1700,61.25,-41.25,41.25,0.0,3,0.15073377521165773
1701,63.75,-41.25,41.25,0.0,3,0.15163184102640034
1702,66.25,-41.25,41.25,0.0,3,0.15039792422916623
1703,68.75,-41.25,41.25,0.0,3,0.1455439016942753
1704,71.25,-41.25,41.25,0.0,3,0.153997688735297
1705,73.75,-41.25,41.25,0.0,3,0.19628183996935233
1706,76.25,-41.25,41.25,0.0,3,0.24277777204631668
1707,78.75,-41.25,41.25,0.0,3,0.2872850136385382
1708,81.25,-41.25,41.25,0.0,3,0.2909652783518077
1709,83.75,-41.25,41.25,0.0,3,0.2726044365423829
1710,86.25,-41.25,41.25,0.0,3,0.2549995867758322
1711,88.75,-41.25,41.25,0.0,3,0.25403535411599615
1712,91.25,-41.25,41.25,0.0,3,0.2651551429324817
1713,93.75,-41.25,41.25,0.0,3,0.2528890042141597
1714,96.25,-41.25,41.25,0.0,3,0.23016824064579475
1715,98.75,-41.25,41.25,0.0,3,0.21820478696010762
1716,101.25,-41.25,41.25,0.0,3,0.21558442309043227
1717,103.75,-41.25,41.25,0.0,3,0.1994241746264218
1718,106.25,-41.25,41.25,0.0,3,0.1819743896617708
1719,108.75,-41.25,41.25,0.0,3,0.16542953765846427
1720,111.25,-41.25,41.25,0.0,3,0.1554363224648334
1721,113.75,-41.25,41.25,0.0,3,0.14425091931025744
1722,116.25,-41.25,41.25,0.0,3,0.14082912550786092
1723,118.75,-41.25,41.25,0.0,3,0.14467446232805167
1724,121.25,-41.25,41.25,0.0,2,0.1494438896159207
1725,123.75,-41.25,41.25,0.0,2,0.1577184722058101
1726,126.25,-41.25,41.25,0.0,2,0.1553460516466991
1727,128.75,-41.25,41.25,0.0,2,0.13851549377489303
1728,131.25,-41.25,41.25,0.0,2,0.12007725772475897
1729,133.75,-41.25,41.25,0.0,2,0.10065889006059531
1730,136.25,-41.25,41.25,0.0,2,0.09218543322095157
1731,138.75,-41.25,41.25,0.0,2,0.08329005716078057
1732,141.25,-41.25,41.25,0.0,2,0.09023806511647514
1733,143.75,-41.25,41.25,0.0,2,0.14174784331002638
1734,148.75,-41.25,41.25,0.0,2,0.5190086655644385
1735,151.25,-41.25,41.25,0.0,2,0.5762444525579075
1736,153.75,-41.25,41.25,0.0,2,0.3201695344657801
1737,156.25,-41.25,41.25,0.0,2,0.31429431109022654
1738,158.75,-41.25,41.25,0.0,2,0.3329014897649726
1739,161.25,-41.25,41.25,0.0,2,0.3378421482464837
1740,163.75,-41.25,41.25,0.0,2,0.3301504922211639
1741,166.25,-41.25,41.25,0.0,2,0.34003774694310307
1742,168.75,-41.25,41.25,0.0,2,0.37363272101423334
1743,171.25,-41.25,41.25,0.0,2,0.3477586416089297
1744,176.25,-41.25,41.25,0.0,2,0.32888277243609043
1745,178.75,-41.25,41.25,0.0,2,0.2980181145659974
1746,181.25,-41.25,41.25,0.0,2,0.24690796138935625
1747,183.75,-41.25,41.25,0.0,2,0.2195933232492898
1748,186.25,-41.25,41.25,0.0,2,0.23528631531912098
1749,188.75,-41.25,41.25,0.0,2,0.2407384463655077
1750,191.25,-41.25,41.25,0.0,2,0.21405661038092536
1751,193.75,-41.25,41.25,0.0,2,0.18785795284496887
1752,196.25,-41.25,41.25,0.0,2,0.18924726278250528
1753,198.75,-41.25,41.25,0.0,2,0.19920624326288996
1754,201.25,-41.25,41.25,0.0,2,0.2096652256050231
1755,203.75,-41.25,41.25,0.0,2,0.21130319855454768
1756,206.25,-41.25,41.25,0.0,2,0.20889921623471663
1757,208.75,-41.25,41.25,0.0,2,0.20023672683731375
1758,211.25,-41.25,41.25,0.0,2,0.19204348769007437
1759,213.75,-41.25,41.25,0.0,2,0.18107299837546897
1760,216.25,-41.25,41.25,0.0,2,0.17574513150722254
1761,218.75,-41.25,41.25,0.0,2,0.16973052152114518
1762,221.25,-41.25,41.25,0.0,2,0.1618174580839783
1763,223.75,-41.25,41.25,0.0,2,0.1525922066566351
1764,226.25,-41.25,41.25,0.0,2,0.1504264600890505
1765,228.75,-41.25,41.25,0.0,2,0.14920346425754039
1766,231.25,-41.25,41.25,0.0,2,0.141410464709668
1767,233.75,-41.25,41.25,0.0,2,0.13426605218145377
1768,236.25,-41.25,41.25,0.0,2,0.12954142787969472
1769,238.75,-41.25,41.25,0.0,2,0.1311968155659738
1770,241.25,-41.25,41.25,0.0,2,0.13602783412779293
1771,243.75,-41.25,41.25,0.0,2,0.1312720377577425
1772,246.25,-41.25,41.25,0.0,2,0.13156396385308217
1773,248.75,-41.25,41.25,0.0,2,0.12795725386055515
1774,251.25,-41.25,41.25,0.0,2,0.12557820598278935
1775,253.75,-41.25,41.25,0.0,2,0.13097461281111797
1776,256.25,-41.25,41.25,0.0,2,0.12903349330116196
1777,258.75,-41.25,41.25,0.0,2,0.12223517851964462
1778,261.25,-41.25,41.25,0.0,2,0.11883500164336304
1779,263.75,-41.25,41.25,0.0,2,0.11635618065466569
1780,266.25,-41.25,41.25,0.0,2,0.12002334984136946
1781,268.75,-41.25,41.25,0.0,2,0.13330419024595488
1782,271.25,-41.25,41.25,0.0,2,0.14009500506936345
1783,273.75,-41.25,41.25,0.0,2,0.13670095200025598
1784,276.25,-41.25,41.25,0.0,2,0.11924320039834799
1785,278.75,-41.25,41.25,0.0,2,0.09731904766279192
1786,281.25,-41.25,41.25,0.0,1,0.09530918714023487
1787,283.75,-41.25,41.25,0.0,1,0.10025196162884638
1788,286.25,-41.25,41.25,0.0,1,0.12046659396550174
1789,296.25,-41.25,41.25,0.0,1,0.20098224809915805
1790,298.75,-41.25,41.25,0.0,1,0.20802168324840223
1791,301.25,-41.25,41.25,0.0,1,0.3459417387100537
1792,303.75,-41.25,41.25,0.0,1,0.7772796715872405
1793,306.25,-41.25,41.25,0.0,1,0.7260867392799907
1794,308.75,-41.25,41.25,0.0,1,0.510891325524504
1795,311.25,-41.25,41.25,0.0,1,0.5052788441493113
1796,313.75,-41.25,41.25,0.0,1,0.4653320016306624
1797,316.25,-41.25,41.25,0.0,1,0.39878973571282894
1798,318.75,-41.25,41.25,0.0,1,0.38808063947148747
1799,321.25,-41.25,41.25,0.0,1,0.3898702467698941
1800,323.75,-41.25,41.25,0.0,1,0.38521714064832996
1801,326.25,-41.25,41.25,0.0,1,0.37451013132831434
1802,328.75,-41.25,41.25,0.0,1,0.352364718722916
1803,331.25,-41.25,41.25,0.0,1,0.33250696939750485
1804,333.75,-41.25,41.25,0.0,1,0.2949355551510884
1805,336.25,-41.25,41.25,0.0,1,0.2606903053854338
1806,338.75,-41.25,41.25,0.0,1,0.2601285756598254
1807,341.25,-41.25,41.25,0.0,1,0.30823518610734474
1808,343.75,-41.25,41.25,0.0,1,0.3693523275982953
1809,346.25,-41.25,41.25,0.0,1,0.35115466186519145
1810,348.75,-41.25,41.25,0.0,1,0.25229133318507385
1811,351.25,-41.25,41.25,0.0,1,0.25448918540104104
1812,353.75,-41.25,41.25,0.0,1,0.2883244260882759
1813,356.25,-41.25,41.25,0.0,1,0.31545024588516113
1814,358.75,-41.25,41.25,0.0,1,0.33597983059339825
1815,1.25,-38.75,38.75,0.0,1,0.27399032630454545
1816,3.75,-38.75,38.75,0.0,1,0.2901737789000789
1817,6.25,-38.75,38.75,0.0,1,0.336292877478116
1818,8.75,-38.75,38.75,0.0,1,0.4568966372760012
1819,11.25,-38.75,38.75,0.0,1,0.6048455947989512
1820,13.75,-38.75,38.75,0.0,1,0.7078353097032635
1821,16.25,-38.75,38.75,0.0,1,0.5280199645375052
1822,18.75,-38.75,38.75,0.0,1,0.3294636342768044
1823,21.25,-38.75,38.75,0.0,1,0.26106687578947546
1824,23.75,-38.75,38.75,0.0,1,0.19189958046757633
1825,26.25,-38.75,38.75,0.0,1,0.14452780137134905
1826,28.75,-38.75,38.75,0.0,1,0.11440801378873283
1827,31.25,-38.75,38.75,0.0,3,0.14983394182686674
1828,33.75,-38.75,38.75,0.0,3,0.21278106515018044
1829,36.25,-38.75,38.75,0.0,3,0.22415491021846837
1830,38.75,-38.75,38.75,0.0,3,0.25888021708667025
1831,41.25,-38.75,38.75,0.0,3,0.2858744038010604
1832,43.75,-38.75,38.75,0.0,3,0.11038924047311625
1833,46.25,-38.75,38.75,0.0,3,-0.038881737163267927
1834,48.75,-38.75,38.75,0.0,3,-0.05266619391271886
1835,51.25,-38.75,38.75,0.0,3,-0.028937248992953458
1836,53.75,-38.75,38.75,0.0,3,-0.0019643766689513825
1837,56.25,-38.75,38.75,0.0,3,0.031124352359902942
1838,58.75,-38.75,38.75,0.0,3,0.0736062756879906
1839,61.25,-38.75,38.75,0.0,3,0.08414962265639349
1840,63.75,-38.75,38.75,0.0,3,0.08050679356176842
1841,66.25,-38.75,38.75,0.0,3,0.0745891384834766
1842,68.75,-38.75,38.75,0.0,3,0.0889362446296027
1843,71.25,-38.75,38.75,0.0,3,0.12178220445277789
1844,73.75,-38.75,38.75,0.0,3,0.1648577233194632
1845,76.25,-38.75,38.75,0.0,3,0.18326482816432038
1846,78.75,-38.75,38.75,0.0,3,0.1976700163609528
1847,81.25,-38.75,38.75,0.0,3,0.19584264543151042
1848,83.75,-38.75,38.75,0.0,3,0.19602875974747366
1849,86.25,-38.75,38.75,0.0,3,0.213925403537302
1850,88.75,-38.75,38.75,0.0,3,0.22422369494770789
1851,91.25,-38.75,38.75,0.0,3,0.21956608831612348
1852,93.75,-38.75,38.75,0.0,3,0.21936922843781537
1853,96.25,-38.75,38.75,0.0,3,0.23128968023071436
1854,98.75,-38.75,38.75,0.0,3,0.24922299554199073
1855,101.25,-38.75,38.75,0.0,3,0.25477384970478756
1856,103.75,-38.75,38.75,0.0,3,0.2517231234487918
1857,106.25,-38.75,38.75,0.0,3,0.23666547178439615
1858,108.75,-38.75,38.75,0.0,3,0.20691833896796677
1859,111.25,-38.75,38.75,0.0,3,0.1783999286153388
1860,113.75,-38.75,38.75,0.0,3,0.1566451687936714
1861,116.25,-38.75,38.75,0.0,3,0.15092761895638007
1862,118.75,-38.75,38.75,0.0,3,0.1462213601203774
1863,121.25,-38.75,38.75,0.0,2,0.14432653927813424
1864,123.75,-38.75,38.75,0.0,2,0.14535097903302668
1865,126.25,-38.75,38.75,0.0,2,0.1334154661555788
1866,128.75,-38.75,38.75,0.0,2,0.10713566734506176
1867,131.25,-38.75,38.75,0.0,2,0.10346948765163128
1868,133.75,-38.75,38.75,0.0,2,0.10196950290187616
1869,136.25,-38.75,38.75,0.0,2,0.10758965697445437
1870,138.75,-38.75,38.75,0.0,2,0.12632055527988786
1871,141.25,-38.75,38.75,0.0,2,0.12770837242011446
1872,143.75,-38.75,38.75,0.0,2,0.14281302489381278
1873,148.75,-38.75,38.75,0.0,2,0.6004673783262324
1874,151.25,-38.75,38.75,0.0,2,0.6438049267193163
1875,153.75,-38.75,38.75,0.0,2,0.3993832595317874
1876,156.25,-38.75,38.75,0.0,2,0.34276805270578115
1877,158.75,-38.75,38.75,0.0,2,0.34651086329602365
1878,161.25,-38.75,38.75,0.0,2,0.346024491855504
1879,163.75,-38.75,38.75,0.0,2,0.34779292834718656
1880,166.25,-38.75,38.75,0.0,2,0.35662896131947275
1881,168.75,-38.75,38.75,0.0,2,0.37837090530866907
1882,171.25,-38.75,38.75,0.0,2,0.3897545438886974
1883,173.75,-38.75,38.75,0.0,2,0.38345388364138305
1884,178.75,-38.75,38.75,0.0,2,0.3343846292697772
1885,181.25,-38.75,38.75,0.0,2,0.2717288185747457
1886,183.75,-38.75,38.75,0.0,2,0.2540150538899406
1887,186.25,-38.75,38.75,0.0,2,0.2549369408945264
1888,188.75,-38.75,38.75,0.0,2,0.24448514603549137
1889,191.25,-38.75,38.75,0.0,2,0.22239369578276305
1890,193.75,-38.75,38.75,0.0,2,0.20730076029805983
1891,196.25,-38.75,38.75,0.0,2,0.21408136080055956
1892,198.75,-38.75,38.75,0.0,2,0.23233608821156734
1893,201.25,-38.75,38.75,0.0,2,0.2436561887648228
1894,203.75,-38.75,38.75,0.0,2,0.23577408807927172
1895,206.25,-38.75,38.75,0.0,2,0.22193150420490157
1896,208.75,-38.75,38.75,0.0,2,0.20648155012555394
1897,211.25,-38.75,38.75,0.0,2,0.19826521446657527
1898,213.75,-38.75,38.75,0.0,2,0.19018708538860743
1899,216.25,-38.75,38.75,0.0,2,0.18397252975782827
1900,218.75,-38.75,38.75,0.0,2,0.17706579715562537
1901,221.25,-38.75,38.75,0.0,2,0.1739548840634368
1902,223.75,-38.75,38.75,0.0,2,0.1739697157242852
1903,226.25,-38.75,38.75,0.0,2,0.17078403747987783
1904,228.75,-38.75,38.75,0.0,2,0.16870989970673073
1905,231.25,-38.75,38.75,0.0,2,0.15955950776541702
1906,233.75,-38.75,38.75,0.0,2,0.15265695420575695
1907,236.25,-38.75,38.75,0.0,2,0.15431854610020002
1908,238.75,-38.75,38.75,0.0,2,0.15822622064616831
1909,241.25,-38.75,38.75,0.0,2,0.15961629063244331
1910,243.75,-38.75,38.75,0.0,2,0.15695400283798738
1911,246.25,-38.75,38.75,0.0,2,0.15493484254564002
1912,248.75,-38.75,38.75,0.0,2,0.14770864208997195
1913,251.25,-38.75,38.75,0.0,2,0.14343832137007995
1914,253.75,-38.75,38.75,0.0,2,0.14932526999143467
1915,256.25,-38.75,38.75,0.0,2,0.1472181404961396
1916,258.75,-38.75,38.75,0.0,2,0.13269198174423835
1917,261.25,-38.75,38.75,0.0,2,0.1302870590177528
1918,263.75,-38.75,38.75,0.0,2,0.13215005598116455
1919,266.25,-38.75,38.75,0.0,2,0.13631909472414488
1920,268.75,-38.75,38.75,0.0,2,0.14205608333540348
1921,271.25,-38.75,38.75,0.0,2,0.1399387638153609
1922,273.75,-38.75,38.75,0.0,2,0.13244559206158188
1923,276.25,-38.75,38.75,0.0,2,0.10845693377987096
1924,278.75,-38.75,38.75,0.0,2,0.08443487439427014
1925,281.25,-38.75,38.75,0.0,1,0.07514691242361685
1926,283.75,-38.75,38.75,0.0,1,0.07419299580434724
1927,286.25,-38.75,38.75,0.0,1,0.12523762162819058
1928,298.75,-38.75,38.75,0.0,1,0.23130137004708096
1929,301.25,-38.75,38.75,0.0,1,0.2563927370735772
1930,303.75,-38.75,38.75,0.0,1,0.2691281147463003
1931,306.25,-38.75,38.75,0.0,1,0.2520797071950617
1932,308.75,-38.75,38.75,0.0,1,0.19136083653006125
1933,311.25,-38.75,38.75,0.0,1,0.21183714497164058
1934,313.75,-38.75,38.75,0.0,1,0.276837927218661
1935,316.25,-38.75,38.75,0.0,1,0.2914929897531323
1936,318.75,-38.75,38.75,0.0,1,0.2807845501563189
1937,321.25,-38.75,38.75,0.0,1,0.25527775395565283
1938,323.75,-38.75,38.75,0.0,1,0.22799936329140996
1939,326.25,-38.75,38.75,0.0,1,0.2171215412830863
1940,328.75,-38.75,38.75,0.0,1,0.21224531423121817
1941,331.25,-38.75,38.75,0.0,1,0.21426054359301494
1942,333.75,-38.75,38.75,0.0,1,0.2151938297206716
1943,336.25,-38.75,38.75,0.0,1,0.23378171289059393
1944,338.75,-38.75,38.75,0.0,1,0.2996387989673594
1945,341.25,-38.75,38.75,0.0,1,0.3541907779387652
1946,343.75,-38.75,38.75,0.0,1,0.3384027282221098
1947,346.25,-38.75,38.75,0.0,1,0.2452607621559517
1948,348.75,-38.75,38.75,0.0,1,0.21008914299252365
1949,351.25,-38.75,38.75,0.0,1,0.26812518313798145
1950,353.75,-38.75,38.75,0.0,1,0.3019963863311754
1951,356.25,-38.75,38.75,0.0,1,0.3126430904474675
1952,358.75,-38.75,38.75,0.0,1,0.2943967825334273
1953,1.25,-36.25,36.25,0.0,1,0.17767007049314734
1954,3.75,-36.25,36.25,0.0,1,0.3210430188177498
1955,6.25,-36.25,36.25,0.0,1,0.5734518599923614
1956,8.75,-36.25,36.25,0.0,1,0.5513772379298121
1957,11.25,-36.25,36.25,0.0,1,0.42157131984040147
1958,13.75,-36.25,36.25,0.0,1,0.3019263791496524
1959,16.25,-36.25,36.25,0.0,1,0.2512953850152395
1960,18.75,-36.25,36.25,0.0,1,0.21605946634856799
1961,21.25,-36.25,36.25,0.0,1,0.213181757664939
1962,23.75,-36.25,36.25,0.0,1,0.22301235959499016
1963,26.25,-36.25,36.25,0.0,1,0.21037856544950057
1964,28.75,-36.25,36.25,0.0,1,0.06597656615724087
1965,31.25,-36.25,36.25,0.0,3,-0.07187036658829435
1966,33.75,-36.25,36.25,0.0,3,-0.048383225110084825
1967,36.25,-36.25,36.25,0.0,3,-0.0338228103538708
1968,38.75,-36.25,36.25,0.0,3,-0.032819474232551625
1969,41.25,-36.25,36.25,0.0,3,-0.03600811994402669
1970,43.75,-36.25,36.25,0.0,3,-0.046354105942408595
1971,46.25,-36.25,36.25,0.0,3,-0.0094508682849634
1972,48.75,-36.25,36.25,0.0,3,0.046918956773690616
1973,51.25,-36.25,36.25,0.0,3,0.06305050191362337
1974,53.75,-36.25,36.25,0.0,3,0.06930683234540728
1975,56.25,-36.25,36.25,0.0,3,0.07839455425513141
1976,58.75,-36.25,36.25,0.0,3,0.07543866261128616
1977,61.25,-36.25,36.25,0.0,3,0.06136564751707199
1978,63.75,-36.25,36.25,0.0,3,0.06606691525966209
1979,66.25,-36.25,36.25,0.0,3,0.0776639419555125
1980,68.75,-36.25,36.25,0.0,3,0.1339669770813883
1981,71.25,-36.25,36.25,0.0,3,0.16199697907323837
1982,73.75,-36.25,36.25,0.0,3,0.15329203387143692
1983,76.25,-36.25,36.25,0.0,3,0.1579967293886412
1984,78.75,-36.25,36.25,0.0,3,0.1842132247219346
1985,81.25,-36.25,36.25,0.0,3,0.21311477077765312
1986,83.75,-36.25,36.25,0.0,3,0.22503178498607523
1987,86.25,-36.25,36.25,0.0,3,0.232164415051283
1988,88.75,-36.25,36.25,0.0,3,0.23864430162145858
1989,91.25,-36.25,36.25,0.0,3,0.2528437839681454
1990,93.75,-36.25,36.25,0.0,3,0.2738902454578298
1991,96.25,-36.25,36.25,0.0,3,0.28417603414260734
1992,98.75,-36.25,36.25,0.0,3,0.29369974211996314
1993,101.25,-36.25,36.25,0.0,3,0.289224167848578
1994,103.75,-36.25,36.25,0.0,3,0.27374715350153545
1995,106.25,-36.25,36.25,0.0,3,0.24303565305222447
1996,108.75,-36.25,36.25,0.0,3,0.18815266806967834
1997,111.25,-36.25,36.25,0.0,3,0.11497043272591363
1998,113.75,-36.25,36.25,0.0,3,0.035203911122421626
1999,116.25,-36.25,36.25,0.0,3,0.001549799196715549
2000,118.75,-36.25,36.25,0.0,3,0.08872715247291942
2001,121.25,-36.25,36.25,0.0,2,0.14007039952244826
2002,123.75,-36.25,36.25,0.0,2,0.15112594040080396
2003,126.25,-36.25,36.25,0.0,2,0.13538095965362476
2004,128.75,-36.25,36.25,0.0,2,0.11518532167208932
2005,131.25,-36.25,36.25,0.0,2,0.12413668912799806
2006,133.75,-36.25,36.25,0.0,2,0.14396581835469666
2007,136.25,-36.25,36.25,0.0,2,0.17953117397419743
2008,138.75,-36.25,36.25,0.0,2,0.16829676784401532
2009,151.25,-36.25,36.25,0.0,2,0.6258287820415261
2010,153.75,-36.25,36.25,0.0,2,0.8326564762353782
2011,156.25,-36.25,36.25,0.0,2,0.6222754995176993
2012,158.75,-36.25,36.25,0.0,2,0.420765429368075
2013,161.25,-36.25,36.25,0.0,2,0.40480213728528613
2014,163.75,-36.25,36.25,0.0,2,0.38240425899157116
2015,166.25,-36.25,36.25,0.0,2,0.378164488227814
2016,168.75,-36.25,36.25,0.0,2,0.39427058244107993
2017,171.25,-36.25,36.25,0.0,2,0.41382027604878174
2018,173.75,-36.25,36.25,0.0,2,0.386972655708517
2019,176.25,-36.25,36.25,0.0,2,0.3520044055745617
2020,178.75,-36.25,36.25,0.0,2,0.29412346736686357
2021,181.25,-36.25,36.25,0.0,2,0.26520002247777363
2022,183.75,-36.25,36.25,0.0,2,0.26206790543363384
2023,186.25,-36.25,36.25,0.0,2,0.26082796733044566
2024,188.75,-36.25,36.25,0.0,2,0.24820959606335669
2025,191.25,-36.25,36.25,0.0,2,0.2344258869400142
2026,193.75,-36.25,36.25,0.0,2,0.22031470735376507
2027,196.25,-36.25,36.25,0.0,2,0.22265816231057367
2028,198.75,-36.25,36.25,0.0,2,0.22836281996731295
2029,201.25,-36.25,36.25,0.0,2,0.22918840835818283
2030,203.75,-36.25,36.25,0.0,2,0.21673683303155297
2031,206.25,-36.25,36.25,0.0,2,0.20285965166466213
2032,208.75,-36.25,36.25,0.0,2,0.1946097939862137
2033,211.25,-36.25,36.25,0.0,2,0.193268453562701
2034,213.75,-36.25,36.25,0.0,2,0.197530662067295
2035,216.25,-36.25,36.25,0.0,2,0.20124240203267482
2036,218.75,-36.25,36.25,0.0,2,0.20663549271161036
2037,221.25,-36.25,36.25,0.0,2,0.21142611857710505
2038,223.75,-36.25,36.25,0.0,2,0.21210512210079338
2039,226.25,-36.25,36.25,0.0,2,0.20916756045002555
2040,228.75,-36.25,36.25,0.0,2,0.2020065132807115
2041,231.25,-36.25,36.25,0.0,2,0.19701732373465244
2042,233.75,-36.25,36.25,0.0,2,0.19752708529701088
2043,236.25,-36.25,36.25,0.0,2,0.20046642616508029
2044,238.75,-36.25,36.25,0.0,2,0.19887942089803579
2045,241.25,-36.25,36.25,0.0,2,0.19489560799160735
2046,243.75,-36.25,36.25,0.0,2,0.19062727141672872
2047,246.25,-36.25,36.25,0.0,2,0.18531526027143677
2048,248.75,-36.25,36.25,0.0,2,0.16719957965111548
2049,251.25,-36.25,36.25,0.0,2,0.1538799731460988
2050,253.75,-36.25,36.25,0.0,2,0.1535803663798283
2051,256.25,-36.25,36.25,0.0,2,0.1467083786988721
2052,258.75,-36.25,36.25,0.0,2,0.13550919675638767
2053,261.25,-36.25,36.25,0.0,2,0.14006719440225915
2054,263.75,-36.25,36.25,0.0,2,0.13711977113837348
2055,266.25,-36.25,36.25,0.0,2,0.13467757807647246
2056,268.75,-36.25,36.25,0.0,2,0.13481451929512434
2057,271.25,-36.25,36.25,0.0,2,0.12583260261677248
2058,273.75,-36.25,36.25,0.0,2,0.10669117461143657
2059,276.25,-36.25,36.25,0.0,2,0.07875573649670373
2060,278.75,-36.25,36.25,0.0,2,0.05329717670188591
2061,281.25,-36.25,36.25,0.0,1,0.05176379001100028
2062,283.75,-36.25,36.25,0.0,1,0.08862970872911655
2063,286.25,-36.25,36.25,0.0,1,0.2811719988225614
2064,303.75,-36.25,36.25,0.0,1,0.2781066170979634
2065,306.25,-36.25,36.25,0.0,1,0.2546716026295697
2066,308.75,-36.25,36.25,0.0,1,0.23503124942573225
2067,311.25,-36.25,36.25,0.0,1,0.21247930473888427
2068,313.75,-36.25,36.25,0.0,1,0.20811187513136462
2069,316.25,-36.25,36.25,0.0,1,0.20789704571061754
2070,318.75,-36.25,36.25,0.0,1,0.18603960359675548
2071,321.25,-36.25,36.25,0.0,1,0.178179793805565
2072,323.75,-36.25,36.25,0.0,1,0.1932108894050854
2073,326.25,-36.25,36.25,0.0,1,0.20408436823703874
2074,328.75,-36.25,36.25,0.0,1,0.21713819854426114
2075,331.25,-36.25,36.25,0.0,1,0.22920006712085006
2076,333.75,-36.25,36.25,0.0,1,0.24314983046443348
2077,336.25,-36.25,36.25,0.0,1,0.2548966838963488
2078,338.75,-36.25,36.25,0.0,1,0.2693178378530899
2079,341.25,-36.25,36.25,0.0,1,0.23848516513300916
2080,343.75,-36.25,36.25,0.0,1,0.16448331017781295
2081,346.25,-36.25,36.25,0.0,1,0.15547554123475452
2082,348.75,-36.25,36.25,0.0,1,0.2072042968291514
2083,351.25,-36.25,36.25,0.0,1,0.2147979083815863
2084,353.75,-36.25,36.25,0.0,1,0.18096396150266064
2085,356.25,-36.25,36.25,0.0,1,0.16990646985901553
2086,358.75,-36.25,36.25,0.0,1,0.1609208263775511
2087,1.25,-33.75,33.75,0.0,1,0.13052667381817293
2088,3.75,-33.75,33.75,0.0,1,0.38004702300432586
2089,6.25,-33.75,33.75,0.0,1,0.43946001272493806
2090,8.75,-33.75,33.75,0.0,1,0.30349360320213215
2091,11.25,-33.75,33.75,0.0,1,0.2143442178405825
2092,13.75,-33.75,33.75,0.0,1,0.11486995662434137
2093,16.25,-33.75,33.75,0.0,1,0.12982362145769574
2094,26.25,-33.75,33.75,0.0,1,0.21417660613575523
2095,28.75,-33.75,33.75,0.0,1,0.24401969391478479
2096,31.25,-33.75,33.75,0.0,3,0.19496160907798474
2097,33.75,-33.75,33.75,0.0,3,0.04987270325316993
2098,36.25,-33.75,33.75,0.0,3,0.012874459724023651
2099,38.75,-33.75,33.75,0.0,3,0.03496935635881781
2100,41.25,-33.75,33.75,0.0,3,0.06379334939301702
2101,43.75,-33.75,33.75,0.0,3,0.09933029629321204
2102,46.25,-33.75,33.75,0.0,3,0.1333547185832135
2103,48.75,-33.75,33.75,0.0,3,0.14605941544334955
2104,51.25,-33.75,33.75,0.0,3,0.14246995870125045
2105,53.75,-33.75,33.75,0.0,3,0.14226656157268205
2106,56.25,-33.75,33.75,0.0,3,0.15219766591599607
2107,58.75,-33.75,33.75,0.0,3,0.15282946770122527
2108,61.25,-33.75,33.75,0.0,3,0.15355117520834238
2109,63.75,-33.75,33.75,0.0,3,0.16565006179137742
2110,66.25,-33.75,33.75,0.0,3,0.18865224785891577
2111,68.75,-33.75,33.75,0.0,3,0.20736708492830597
2112,71.25,-33.75,33.75,0.0,3,0.20226555630069581
2113,73.75,-33.75,33.75,0.0,3,0.18332186482284762
2114,76.25,-33.75,33.75,0.0,3,0.19465256259988775
2115,78.75,-33.75,33.75,0.0,3,0.23012218059014308
2116,81.25,-33.75,33.75,0.0,3,0.25007325232237065
2117,83.75,-33.75,33.75,0.0,3,0.2579612878595676
2118,86.25,-33.75,33.75,0.0,3,0.2615140510175767
2119,88.75,-33.75,33.75,0.0,3,0.27447315046901494
2120,91.25,-33.75,33.75,0.0,3,0.2792003825272346
2121,93.75,-33.75,33.75,0.0,3,0.2809793092222348
2122,96.25,-33.75,33.75,0.0,3,0.2771043316541438
2123,98.75,-33.75,33.75,0.0,3,0.26525899307444734
2124,101.25,-33.75,33.75,0.0,3,0.2542949421654739
2125,103.75,-33.75,33.75,0.0,3,0.23810569135665896
2126,106.25,-33.75,33.75,0.0,3,0.218845376255733
2127,108.75,-33.75,33.75,0.0,3,0.14077344490135266
2128,111.25,-33.75,33.75,0.0,3,0.10292653750088152
2129,113.75,-33.75,33.75,0.0,3,0.19819715436778648
2130,123.75,-33.75,33.75,0.0,2,0.1569336041355248
2131,126.25,-33.75,33.75,0.0,2,0.1820605707984311
2132,128.75,-33.75,33.75,0.0,2,0.16660797907088987
2133,131.25,-33.75,33.75,0.0,2,0.18469203143294968
2134,133.75,-33.75,33.75,0.0,2,0.20287622413244524
2135,151.25,-33.75,33.75,0.0,2,0.43853981997336744
2136,153.75,-33.75,33.75,0.0,2,0.5626534166942128
2137,156.25,-33.75,33.75,0.0,2,0.426036739193302
2138,158.75,-33.75,33.75,0.0,2,0.4292238128958247
2139,161.25,-33.75,33.75,0.0,2,0.4418357113680102
2140,163.75,-33.75,33.75,0.0,2,0.4045850599589707
2141,166.25,-33.75,33.75,0.0,2,0.37228456066121735
2142,168.75,-33.75,33.75,0.0,2,0.38491465035780037
2143,171.25,-33.75,33.75,0.0,2,0.39330637979806354
2144,173.75,-33.75,33.75,0.0,2,0.38545565663237624
2145,176.25,-33.75,33.75,0.0,2,0.3328495564898062
2146,178.75,-33.75,33.75,0.0,2,0.2595321576296774
2147,181.25,-33.75,33.75,0.0,2,0.25310075228871304
2148,183.75,-33.75,33.75,0.0,2,0.26911280092704354
2149,186.25,-33.75,33.75,0.0,2,0.2684782634858018
2150,188.75,-33.75,33.75,0.0,2,0.25846239329837
2151,191.25,-33.75,33.75,0.0,2,0.2458516280714464
2152,193.75,-33.75,33.75,0.0,2,0.22926340403108858
2153,196.25,-33.75,33.75,0.0,2,0.21985389715327525
2154,198.75,-33.75,33.75,0.0,2,0.21299774105660668
2155,201.25,-33.75,33.75,0.0,2,0.20556525709045062
2156,203.75,-33.75,33.75,0.0,2,0.1932793855809683
2157,206.25,-33.75,33.75,0.0,2,0.18972721571019358
2158,208.75,-33.75,33.75,0.0,2,0.19735087130570636
2159,211.25,-33.75,33.75,0.0,2,0.20493483776760565
2160,213.75,-33.75,33.75,0.0,2,0.21259140533848306
2161,216.25,-33.75,33.75,0.0,2,0.2213244140474293
2162,218.75,-33.75,33.75,0.0,2,0.23820682131403298
2163,221.25,-33.75,33.75,0.0,2,0.2430509138395845
2164,223.75,-33.75,33.75,0.0,2,0.24555913695081952
2165,226.25,-33.75,33.75,0.0,2,0.2426508396405091
2166,228.75,-33.75,33.75,0.0,2,0.23742575628358048
2167,231.25,-33.75,33.75,0.0,2,0.23925711582277157
2168,233.75,-33.75,33.75,0.0,2,0.24421555981687915
2169,236.25,-33.75,33.75,0.0,2,0.24213712341506896
2170,238.75,-33.75,33.75,0.0,2,0.23416138420210791
2171,241.25,-33.75,33.75,0.0,2,0.23239103914370784
2172,243.75,-33.75,33.75,0.0,2,0.22704550715583022
2173,246.25,-33.75,33.75,0.0,2,0.21386802630866758
2174,248.75,-33.75,33.75,0.0,2,0.18646203302833236
2175,251.25,-33.75,33.75,0.0,2,0.17008872006640033
2176,253.75,-33.75,33.75,0.0,2,0.15632772168785056
2177,256.25,-33.75,33.75,0.0,2,0.1408663598143071
2178,258.75,-33.75,33.75,0.0,2,0.1289312326464292
2179,261.25,-33.75,33.75,0.0,2,0.12152548080018839
2180,263.75,-33.75,33.75,0.0,2,0.1126034282155105
2181,266.25,-33.75,33.75,0.0,2,0.10649273077109916
2182,268.75,-33.75,33.75,0.0,2,0.09707495242454224
2183,271.25,-33.75,33.75,0.0,2,0.0914967362643701
2184,273.75,-33.75,33.75,0.0,2,0.0632221394771281
2185,276.25,-33.75,33.75,0.0,2,0.05012863579727795
2186,278.75,-33.75,33.75,0.0,2,0.04223224810078987
2187,281.25,-33.75,33.75,0.0,1,0.05948773916296261
2188,283.75,-33.75,33.75,0.0,1,0.09322893615691134
2189,286.25,-33.75,33.75,0.0,1,0.2767974999708264
2190,308.75,-33.75,33.75,0.0,1,0.22608220236116694
2191,311.25,-33.75,33.75,0.0,1,0.2348491767951118
2192,313.75,-33.75,33.75,0.0,1,0.2206027269331128
2193,316.25,-33.75,33.75,0.0,1,0.19609394686199463
2194,318.75,-33.75,33.75,0.0,1,0.2221905363166432
2195,321.25,-33.75,33.75,0.0,1,0.23022001631481787
2196,323.75,-33.75,33.75,0.0,1,0.23471792786171716
2197,326.25,-33.75,33.75,0.0,1,0.2298516834090197
2198,328.75,-33.75,33.75,0.0,1,0.22779935568129767
2199,331.25,-33.75,33.75,0.0,1,0.21642575309433024
2200,333.75,-33.75,33.75,0.0,1,0.1983790686482495
2201,336.25,-33.75,33.75,0.0,1,0.18024457843864897
2202,338.75,-33.75,33.75,0.0,1,0.1304784351258249
2203,341.25,-33.75,33.75,0.0,1,0.08706106649144038
2204,343.75,-33.75,33.75,0.0,1,0.07305932724448409
2205,346.25,-33.75,33.75,0.0,1,0.0855914854463807
2206,348.75,-33.75,33.75,0.0,1,0.07540388573128408
2207,351.25,-33.75,33.75,0.0,1,0.038565768373326925
2208,353.75,-33.75,33.75,0.0,1,0.023317590301794092
2209,356.25,-33.75,33.75,0.0,1,0.020857531926737387
2210,358.75,-33.75,33.75,0.0,1,0.04786788568316243
2211,1.25,-31.25,31.25,0.0,1,0.09636012483415711
2212,3.75,-31.25,31.25,0.0,1,0.27500303630636475
2213,6.25,-31.25,31.25,0.0,1,0.3270535906196249
2214,8.75,-31.25,31.25,0.0,1,0.2504083750899517
2215,11.25,-31.25,31.25,0.0,1,0.1882770615644575
2216,13.75,-31.25,31.25,0.0,1,0.14855043079356792
2217,16.25,-31.25,31.25,0.0,1,0.25676892789661465
2218,31.25,-31.25,31.25,0.0,3,0.2784536921599541
2219,33.75,-31.25,31.25,0.0,3,0.3190725248580597
2220,36.25,-31.25,31.25,0.0,3,0.15889849516653134
2221,38.75,-31.25,31.25,0.0,3,0.21847408905172727
2222,41.25,-31.25,31.25,0.0,3,0.24016415314214667
2223,43.75,-31.25,31.25,0.0,3,0.24796116462629447
2224,46.25,-31.25,31.25,0.0,3,0.24590008647701378
2225,48.75,-31.25,31.25,0.0,3,0.22597554606076545
2226,51.25,-31.25,31.25,0.0,3,0.23172491403670167
2227,53.75,-31.25,31.25,0.0,3,0.24118030924315717
2228,56.25,-31.25,31.25,0.0,3,0.23512422889776544
2229,58.75,-31.25,31.25,0.0,3,0.23465976217840684
2230,61.25,-31.25,31.25,0.0,3,0.23077144684011566
2231,63.75,-31.25,31.25,0.0,3,0.22447050265458865
2232,66.25,-31.25,31.25,0.0,3,0.21829817906128704
2233,68.75,-31.25,31.25,0.0,3,0.2045155963527923
2234,71.25,-31.25,31.25,0.0,3,0.1985441070645278
2235,73.75,-31.25,31.25,0.0,3,0.1962177150004997
2236,76.25,-31.25,31.25,0.0,3,0.2098127608159068
2237,78.75,-31.25,31.25,0.0,3,0.22609851551265303
2238,81.25,-31.25,31.25,0.0,3,0.23394976481721239
2239,83.75,-31.25,31.25,0.0,3,0.23976720601653145
2240,86.25,-31.25,31.25,0.0,3,0.2507217565702987
2241,88.75,-31.25,31.25,0.0,3,0.2580457308309778
2242,91.25,-31.25,31.25,0.0,3,0.2564597717001038
2243,93.75,-31.25,31.25,0.0,3,0.24773039832577354
2244,96.25,-31.25,31.25,0.0,3,0.24101329429177
2245,98.75,-31.25,31.25,0.0,3,0.2283107608082273
2246,101.25,-31.25,31.25,0.0,3,0.21673684116462574
2247,103.75,-31.25,31.25,0.0,3,0.22180892450567158
2248,106.25,-31.25,31.25,0.0,3,0.22699995202363737
2249,108.75,-31.25,31.25,0.0,3,0.18631677100489008
2250,111.25,-31.25,31.25,0.0,3,0.18445809938271898
2251,113.75,-31.25,31.25,0.0,3,0.2506189432290176
2252,128.75,-31.25,31.25,0.0,2,0.1818842920598307
2253,131.25,-31.25,31.25,0.0,2,0.21332658455506368
2254,153.75,-31.25,31.25,0.0,2,0.4057981460721106
2255,156.25,-31.25,31.25,0.0,2,0.2769018146207786
2256,158.75,-31.25,31.25,0.0,2,0.23150030390317608
2257,161.25,-31.25,31.25,0.0,2,0.23451175865888485
2258,163.75,-31.25,31.25,0.0,2,0.24373566269076105
2259,166.25,-31.25,31.25,0.0,2,0.2570273181484888
2260,168.75,-31.25,31.25,0.0,2,0.28013603667975
2261,171.25,-31.25,31.25,0.0,2,0.2986059813147564
2262,173.75,-31.25,31.25,0.0,2,0.29311941286634025
2263,176.25,-31.25,31.25,0.0,2,0.27056032299534594
2264,178.75,-31.25,31.25,0.0,2,0.265630056675861
2265,181.25,-31.25,31.25,0.0,2,0.27461954453961146
2266,183.75,-31.25,31.25,0.0,2,0.2786465361974803
2267,186.25,-31.25,31.25,0.0,2,0.2717429281080438
2268,188.75,-31.25,31.25,0.0,2,0.2646626612248559
2269,191.25,-31.25,31.25,0.0,2,0.2517468314075736
2270,193.75,-31.25,31.25,0.0,2,0.24098377802075563
2271,196.25,-31.25,31.25,0.0,2,0.22646112881672195
2272,198.75,-31.25,31.25,0.0,2,0.22046269538810834
2273,201.25,-31.25,31.25,0.0,2,0.22157151268088765
2274,203.75,-31.25,31.25,0.0,2,0.22032763552723728
2275,206.25,-31.25,31.25,0.0,2,0.22663847370595802
2276,208.75,-31.25,31.25,0.0,2,0.2376461612353861
2277,211.25,-31.25,31.25,0.0,2,0.2495602305686556
2278,213.75,-31.25,31.25,0.0,2,0.25476712578420213
2279,216.25,-31.25,31.25,0.0,2,0.25912382059941774
2280,218.75,-31.25,31.25,0.0,2,0.26539007814603843
2281,221.25,-31.25,31.25,0.0,2,0.27281659867594665
2282,223.75,-31.25,31.25,0.0,2,0.27593106612938983
2283,226.25,-31.25,31.25,0.0,2,0.2722296595297476
2284,228.75,-31.25,31.25,0.0,2,0.27378975171189013
2285,231.25,-31.25,31.25,0.0,2,0.2751361750657981
2286,233.75,-31.25,31.25,0.0,2,0.2719196413743731
2287,236.25,-31.25,31.25,0.0,2,0.26450954051570624
2288,238.75,-31.25,31.25,0.0,2,0.2563373787723755
2289,241.25,-31.25,31.25,0.0,2,0.24281542203314024
2290,243.75,-31.25,31.25,0.0,2,0.22691324877828123
2291,246.25,-31.25,31.25,0.0,2,0.205136523689416
2292,248.75,-31.25,31.25,0.0,2,0.1861545269869873
2293,251.25,-31.25,31.25,0.0,2,0.1678995639041293
2294,253.75,-31.25,31.25,0.0,2,0.14811966332633192
2295,256.25,-31.25,31.25,0.0,2,0.12181993212358513
2296,258.75,-31.25,31.25,0.0,2,0.10297419584670348
2297,261.25,-31.25,31.25,0.0,2,0.08963267359635976
2298,263.75,-31.25,31.25,0.0,2,0.07324256636191075
2299,266.25,-31.25,31.25,0.0,2,0.06617482501943947
2300,268.75,-31.25,31.25,0.0,2,0.05800307546019884
2301,271.25,-31.25,31.25,0.0,2,0.050691646815282106
2302,273.75,-31.25,31.25,0.0,2,0.04708409164323886
2303,276.25,-31.25,31.25,0.0,2,0.0504999439649162
2304,278.75,-31.25,31.25,0.0,2,0.06331728738661538
2305,281.25,-31.25,31.25,0.0,1,0.09234545735762013
2306,283.75,-31.25,31.25,0.0,1,0.09395028792318903
2307,286.25,-31.25,31.25,0.0,1,0.26877431081113773
2308,308.75,-31.25,31.25,0.0,1,0.2273594591214732
2309,311.25,-31.25,31.25,0.0,1,0.2165026867520872
2310,313.75,-31.25,31.25,0.0,1,0.23519376864667704
2311,316.25,-31.25,31.25,0.0,1,0.24262718657187343
2312,318.75,-31.25,31.25,0.0,1,0.22751111119559117
2313,321.25,-31.25,31.25,0.0,1,0.2301924982758781
2314,323.75,-31.25,31.25,0.0,1,0.20825416809658068
2315,326.25,-31.25,31.25,0.0,1,0.1886638048255888
2316,328.75,-31.25,31.25,0.0,1,0.16687836527035516
2317,331.25,-31.25,31.25,0.0,1,0.136242647443743
2318,333.75,-31.25,31.25,0.0,1,0.10550504584256595
2319,336.25,-31.25,31.25,0.0,1,0.07129159875810799
2320,338.75,-31.25,31.25,0.0,1,0.04094485830378975
2321,341.25,-31.25,31.25,0.0,1,0.01646183982831041
2322,343.75,-31.25,31.25,0.0,1,0.004121343336359627
2323,346.25,-31.25,31.25,0.0,1,-0.018272726189704484
2324,348.75,-31.25,31.25,0.0,1,-0.03736923185236033
2325,351.25,-31.25,31.25,0.0,1,-0.06289382717096235
2326,353.75,-31.25,31.25,0.0,1,-0.06437838495413517
2327,356.25,-31.25,31.25,0.0,1,-0.06184407140017941
2328,358.75,-31.25,31.25,0.0,1,-0.02695172298982668
2329,1.25,-28.75,28.75,0.0,1,0.1894535388214169
2330,3.75,-28.75,28.75,0.0,1,0.31684693882361986
2331,6.25,-28.75,28.75,0.0,1,0.271470344969262
2332,8.75,-28.75,28.75,0.0,1,0.22843484777001466
2333,11.25,-28.75,28.75,0.0,1,0.21980945320398343
2334,13.75,-28.75,28.75,0.0,1,0.2809694452663927
2335,16.25,-28.75,28.75,0.0,1,0.3258449021925691
2336,33.75,-28.75,28.75,0.0,3,0.33506526454936036
2337,36.25,-28.75,28.75,0.0,3,0.291216417312828
2338,38.75,-28.75,28.75,0.0,3,0.2609486751334819
2339,41.25,-28.75,28.75,0.0,3,0.29266464336759934
2340,43.75,-28.75,28.75,0.0,3,0.30784230486451897
2341,46.25,-28.75,28.75,0.0,3,0.31752690516679494
2342,48.75,-28.75,28.75,0.0,3,0.3248104173908288
2343,51.25,-28.75,28.75,0.0,3,0.3143412523623567
2344,53.75,-28.75,28.75,0.0,3,0.31167307778084286
2345,56.25,-28.75,28.75,0.0,3,0.2939093898223967
2346,58.75,-28.75,28.75,0.0,3,0.26731489197143865
2347,61.25,-28.75,28.75,0.0,3,0.25345633915359184
2348,63.75,-28.75,28.75,0.0,3,0.22911668420839928
2349,66.25,-28.75,28.75,0.0,3,0.21462012153384463
2350,68.75,-28.75,28.75,0.0,3,0.19897289421621575
2351,71.25,-28.75,28.75,0.0,3,0.19440829424100037
2352,73.75,-28.75,28.75,0.0,3,0.1978750959643286
2353,76.25,-28.75,28.75,0.0,3,0.20143506879769074
2354,78.75,-28.75,28.75,0.0,3,0.2056268585624044
2355,81.25,-28.75,28.75,0.0,3,0.2069509634109693
2356,83.75,-28.75,28.75,0.0,3,0.21102784140296701
2357,86.25,-28.75,28.75,0.0,3,0.2146815809460172
2358,88.75,-28.75,28.75,0.0,3,0.2161895329479584
2359,91.25,-28.75,28.75,0.0,3,0.21590039293218866
2360,93.75,-28.75,28.75,0.0,3,0.20964793281374314
2361,96.25,-28.75,28.75,0.0,3,0.20574860120658567
2362,98.75,-28.75,28.75,0.0,3,0.19669827208528382
2363,101.25,-28.75,28.75,0.0,3,0.19818780724654944
2364,103.75,-28.75,28.75,0.0,3,0.22323086619440463
2365,106.25,-28.75,28.75,0.0,3,0.2340889099005612
2366,108.75,-28.75,28.75,0.0,3,0.20900130752089202
2367,111.25,-28.75,28.75,0.0,3,0.2243598313606688
2368,113.75,-28.75,28.75,0.0,3,0.2658663101134924
2369,153.75,-28.75,28.75,0.0,2,0.4083979479970642
2370,156.25,-28.75,28.75,0.0,2,0.31621520053443564
2371,158.75,-28.75,28.75,0.0,2,0.2851736088470922
2372,161.25,-28.75,28.75,0.0,2,0.30241055386228205
2373,163.75,-28.75,28.75,0.0,2,0.31518772601995365
2374,166.25,-28.75,28.75,0.0,2,0.3126137992977741
2375,168.75,-28.75,28.75,0.0,2,0.30900860491357185
2376,171.25,-28.75,28.75,0.0,2,0.3005936559847416
2377,173.75,-28.75,28.75,0.0,2,0.29236200178572636
2378,176.25,-28.75,28.75,0.0,2,0.28979027344661556
2379,178.75,-28.75,28.75,0.0,2,0.29758059735377707
2380,181.25,-28.75,28.75,0.0,2,0.30393226375881527
2381,183.75,-28.75,28.75,0.0,2,0.30589781129136484
2382,186.25,-28.75,28.75,0.0,2,0.2935865746515935
2383,188.75,-28.75,28.75,0.0,2,0.27656694497745493
2384,191.25,-28.75,28.75,0.0,2,0.2704221457848175
2385,193.75,-28.75,28.75,0.0,2,0.26618695858804103
2386,196.25,-28.75,28.75,0.0,2,0.2616572745202407
2387,198.75,-28.75,28.75,0.0,2,0.2623921719359793
2388,201.25,-28.75,28.75,0.0,2,0.26371313857199297
2389,203.75,-28.75,28.75,0.0,2,0.27042317789739295
2390,206.25,-28.75,28.75,0.0,2,0.2827537113981639
2391,208.75,-28.75,28.75,0.0,2,0.30383936007950535
2392,211.25,-28.75,28.75,0.0,2,0.310281778534965
2393,213.75,-28.75,28.75,0.0,2,0.30802595766671786
2394,216.25,-28.75,28.75,0.0,2,0.31368580941973
2395,218.75,-28.75,28.75,0.0,2,0.3221384494603994
2396,221.25,-28.75,28.75,0.0,2,0.3220193814742159
2397,223.75,-28.75,28.75,0.0,2,0.31378027962124466
2398,226.25,-28.75,28.75,0.0,2,0.3040177005212311
2399,228.75,-28.75,28.75,0.0,2,0.2988874193583908
2400,231.25,-28.75,28.75,0.0,2,0.2921727288934038
2401,233.75,-28.75,28.75,0.0,2,0.27787179557935593
2402,236.25,-28.75,28.75,0.0,2,0.2616236800147193
2403,238.75,-28.75,28.75,0.0,2,0.23513840170124212
2404,241.25,-28.75,28.75,0.0,2,0.20608028986931376
2405,243.75,-28.75,28.75,0.0,2,0.1843532078855632
2406,246.25,-28.75,28.75,0.0,2,0.1687969274329624
2407,248.75,-28.75,28.75,0.0,2,0.1567327410930962
2408,251.25,-28.75,28.75,0.0,2,0.13904110754589533
2409,253.75,-28.75,28.75,0.0,2,0.11505478693357984
2410,256.25,-28.75,28.75,0.0,2,0.09838703125081531
2411,258.75,-28.75,28.75,0.0,2,0.07757758542130387
2412,261.25,-28.75,28.75,0.0,2,0.06572056288862606
2413,263.75,-28.75,28.75,0.0,2,0.05760713122140225
2414,266.25,-28.75,28.75,0.0,2,0.060450860723898124
2415,268.75,-28.75,28.75,0.0,2,0.05552675617402641
2416,271.25,-28.75,28.75,0.0,2,0.0682019448193278
2417,273.75,-28.75,28.75,0.0,2,0.07542848924069584
2418,276.25,-28.75,28.75,0.0,2,0.08589042828382559
2419,278.75,-28.75,28.75,0.0,2,0.09899738289379566
2420,281.25,-28.75,28.75,0.0,1,0.11622247825280768
2421,283.75,-28.75,28.75,0.0,1,0.133199877378426
2422,286.25,-28.75,28.75,0.0,1,0.2843652422820307
2423,311.25,-28.75,28.75,0.0,1,0.20447279741230034
2424,313.75,-28.75,28.75,0.0,1,0.19990224080764654
2425,316.25,-28.75,28.75,0.0,1,0.21705505270578387
2426,318.75,-28.75,28.75,0.0,1,0.21867711847248175
2427,321.25,-28.75,28.75,0.0,1,0.2072433636637664
2428,323.75,-28.75,28.75,0.0,1,0.16627123618047662
2429,326.25,-28.75,28.75,0.0,1,0.13829387208007637
2430,328.75,-28.75,28.75,0.0,1,0.11034149367283168
2431,331.25,-28.75,28.75,0.0,1,0.08028393271232967
2432,333.75,-28.75,28.75,0.0,1,0.04953424896946455
2433,336.25,-28.75,28.75,0.0,1,0.02390806830316095
2434,338.75,-28.75,28.75,0.0,1,0.0015722304074506583
2435,341.25,-28.75,28.75,0.0,1,-0.024766980403347728
2436,343.75,-28.75,28.75,0.0,1,-0.05260391589534798
2437,346.25,-28.75,28.75,0.0,1,-0.06719256249444885
2438,348.75,-28.75,28.75,0.0,1,-0.0708131521000116
2439,351.25,-28.75,28.75,0.0,1,-0.07424041958251228
2440,353.75,-28.75,28.75,0.0,1,-0.06856560767777177
2441,356.25,-28.75,28.75,0.0,1,-0.056681937898262785
2442,358.75,-28.75,28.75,0.0,1,0.01900783504446261
2443,1.25,-26.25,26.25,0.0,1,0.32279059218314915
2444,3.75,-26.25,26.25,0.0,1,0.26670155053122363
2445,6.25,-26.25,26.25,0.0,1,0.242295618672218
2446,8.75,-26.25,26.25,0.0,1,0.2526088544670217
2447,11.25,-26.25,26.25,0.0,1,0.298442234932145
2448,13.75,-26.25,26.25,0.0,1,0.3786000450909712
2449,33.75,-26.25,26.25,0.0,3,0.35442617949491123
2450,36.25,-26.25,26.25,0.0,3,0.400110197309527
2451,38.75,-26.25,26.25,0.0,3,0.367639206465206
2452,41.25,-26.25,26.25,0.0,3,0.3461551009284802
2453,43.75,-26.25,26.25,0.0,3,0.39049674132682033
2454,46.25,-26.25,26.25,0.0,3,0.360501421385833
2455,48.75,-26.25,26.25,0.0,3,0.34183864998486135
2456,51.25,-26.25,26.25,0.0,3,0.3455629053173426
2457,53.75,-26.25,26.25,0.0,3,0.29099712835713876
2458,56.25,-26.25,26.25,0.0,3,0.2655039383968011
2459,58.75,-26.25,26.25,0.0,3,0.2420258264672055
2460,61.25,-26.25,26.25,0.0,3,0.22336473743076793
2461,63.75,-26.25,26.25,0.0,3,0.20576417922892423
2462,66.25,-26.25,26.25,0.0,3,0.19707386505333832
2463,68.75,-26.25,26.25,0.0,3,0.18916897779141806
2464,71.25,-26.25,26.25,0.0,3,0.1845552071494146
2465,73.75,-26.25,26.25,0.0,3,0.17853522839597208
2466,76.25,-26.25,26.25,0.0,3,0.17731379474995942
2467,78.75,-26.25,26.25,0.0,3,0.1755000746831
2468,81.25,-26.25,26.25,0.0,3,0.17506514358883665
2469,83.75,-26.25,26.25,0.0,3,0.17232248648597095
2470,86.25,-26.25,26.25,0.0,3,0.17344689333275454
2471,88.75,-26.25,26.25,0.0,3,0.1741242332708088
2472,91.25,-26.25,26.25,0.0,3,0.17139920366333986
2473,93.75,-26.25,26.25,0.0,3,0.17760446020270737
2474,96.25,-26.25,26.25,0.0,3,0.18522999601799264
2475,98.75,-26.25,26.25,0.0,3,0.2061626132044784
2476,101.25,-26.25,26.25,0.0,3,0.22694918945633166
2477,103.75,-26.25,26.25,0.0,3,0.24674335816291423
2478,106.25,-26.25,26.25,0.0,3,0.24261223203703158
2479,108.75,-26.25,26.25,0.0,3,0.20748266382073538
2480,111.25,-26.25,26.25,0.0,3,0.2435440709134988
2481,153.75,-26.25,26.25,0.0,2,0.43603482613673794
2482,156.25,-26.25,26.25,0.0,2,0.3855113678853446
2483,158.75,-26.25,26.25,0.0,2,0.38278757353035997
2484,161.25,-26.25,26.25,0.0,2,0.3887012259092069
2485,163.75,-26.25,26.25,0.0,2,0.383536186230018
2486,166.25,-26.25,26.25,0.0,2,0.37786411027618494
2487,168.75,-26.25,26.25,0.0,2,0.3658350582581195
2488,171.25,-26.25,26.25,0.0,2,0.3562001414417961
2489,173.75,-26.25,26.25,0.0,2,0.3540685647156448
2490,176.25,-26.25,26.25,0.0,2,0.3567677898868755
2491,178.75,-26.25,26.25,0.0,2,0.36000666227079814
2492,181.25,-26.25,26.25,0.0,2,0.35732211444543127
2493,183.75,-26.25,26.25,0.0,2,0.34823544690388386
2494,186.25,-26.25,26.25,0.0,2,0.33122505578009154
2495,188.75,-26.25,26.25,0.0,2,0.3180502973032843
2496,191.25,-26.25,26.25,0.0,2,0.315693408331161
2497,193.75,-26.25,26.25,0.0,2,0.3183724446571221
2498,196.25,-26.25,26.25,0.0,2,0.32141894338522053
2499,198.75,-26.25,26.25,0.0,2,0.3246348437508161
2500,201.25,-26.25,26.25,0.0,2,0.32889594785428833
2501,203.75,-26.25,26.25,0.0,2,0.33772847675248185
2502,206.25,-26.25,26.25,0.0,2,0.3460348127786281
2503,208.75,-26.25,26.25,0.0,2,0.35197604646299446
2504,211.25,-26.25,26.25,0.0,2,0.34820117298433634
2505,213.75,-26.25,26.25,0.0,2,0.342724664185866
2506,216.25,-26.25,26.25,0.0,2,0.3415194296945481
2507,218.75,-26.25,26.25,0.0,2,0.3348928893772683
2508,221.25,-26.25,26.25,0.0,2,0.3237973692396916
2509,223.75,-26.25,26.25,0.0,2,0.301398854304365
2510,226.25,-26.25,26.25,0.0,2,0.285232609751168
2511,228.75,-26.25,26.25,0.0,2,0.2659887491134585
2512,231.25,-26.25,26.25,0.0,2,0.24945594220333006
2513,233.75,-26.25,26.25,0.0,2,0.22675570862063088
2514,236.25,-26.25,26.25,0.0,2,0.19699181041425162
2515,238.75,-26.25,26.25,0.0,2,0.16581603333096903
2516,241.25,-26.25,26.25,0.0,2,0.14874131111500752
2517,243.75,-26.25,26.25,0.0,2,0.12388120250844264
2518,246.25,-26.25,26.25,0.0,2,0.11966118607590061
2519,248.75,-26.25,26.25,0.0,2,0.10500417258711778
2520,251.25,-26.25,26.25,0.0,2,0.09740280603756768
2521,253.75,-26.25,26.25,0.0,2,0.0818997365956545
2522,256.25,-26.25,26.25,0.0,2,0.08126030392956297
2523,258.75,-26.25,26.25,0.0,2,0.07483051554384523
2524,261.25,-26.25,26.25,0.0,2,0.08240516575658273
2525,263.75,-26.25,26.25,0.0,2,0.07833038316426709
2526,266.25,-26.25,26.25,0.0,2,0.08894897883808879
2527,268.75,-26.25,26.25,0.0,2,0.0956976179362736
2528,271.25,-26.25,26.25,0.0,2,0.10884103038154942
2529,273.75,-26.25,26.25,0.0,2,0.11787181593003333
2530,276.25,-26.25,26.25,0.0,2,0.12198065729638079
2531,278.75,-26.25,26.25,0.0,2,0.1299602530327321
2532,281.25,-26.25,26.25,0.0,1,0.16552904787221331
2533,283.75,-26.25,26.25,0.0,1,0.18288421275470754
2534,286.25,-26.25,26.25,0.0,1,0.26040327920549866
2535,288.75,-26.25,26.25,0.0,1,0.545301277222607
2536,313.75,-26.25,26.25,0.0,1,0.19209493558497764
2537,316.25,-26.25,26.25,0.0,1,0.18825916407236992
2538,318.75,-26.25,26.25,0.0,1,0.17921138158191235
2539,321.25,-26.25,26.25,0.0,1,0.16524116077685008
2540,323.75,-26.25,26.25,0.0,1,0.13828938852051367
2541,326.25,-26.25,26.25,0.0,1,0.11230713166949866
2542,328.75,-26.25,26.25,0.0,1,0.08768638651706684
2543,331.25,-26.25,26.25,0.0,1,0.06086768885922569
2544,333.75,-26.25,26.25,0.0,1,0.024664718377273846
2545,336.25,-26.25,26.25,0.0,1,-0.006129570201566647
2546,338.75,-26.25,26.25,0.0,1,-0.038213811880307945
2547,341.25,-26.25,26.25,0.0,1,-0.05636433783722707
2548,343.75,-26.25,26.25,0.0,1,-0.06411792530916721
2549,346.25,-26.25,26.25,0.0,1,-0.069856935480309
2550,348.75,-26.25,26.25,0.0,1,-0.06809890321144974
2551,351.25,-26.25,26.25,0.0,1,-0.054524645086956
2552,353.75,-26.25,26.25,0.0,1,-0.0003157375250196196
2553,356.25,-26.25,26.25,0.0,1,0.09827842839449408
2554,358.75,-26.25,26.25,0.0,1,0.2754853048870959
2555,1.25,-23.75,23.75,0.0,1,0.26070555181400773
2556,3.75,-23.75,23.75,0.0,1,0.23979096184306115
2557,6.25,-23.75,23.75,0.0,1,0.24554022282223795
2558,8.75,-23.75,23.75,0.0,1,0.27822979307165285
2559,11.25,-23.75,23.75,0.0,1,0.3228354576236966
2560,13.75,-23.75,23.75,0.0,1,0.3449515937784543
2561,36.25,-23.75,23.75,0.0,3,0.4186906998825279
2562,38.75,-23.75,23.75,0.0,3,0.43956405604640403
2563,41.25,-23.75,23.75,0.0,3,0.4012125216364302
2564,43.75,-23.75,23.75,0.0,0,0.43650803965893675
2565,48.75,-23.75,23.75,0.0,3,0.3276068791149788
2566,51.25,-23.75,23.75,0.0,3,0.32142047621749964
2567,53.75,-23.75,23.75,0.0,3,0.269537894806466
2568,56.25,-23.75,23.75,0.0,3,0.26263198497593615
2569,58.75,-23.75,23.75,0.0,3,0.25325389679418137
2570,61.25,-23.75,23.75,0.0,3,0.24819587793860187
2571,63.75,-23.75,23.75,0.0,3,0.24201483796335868
2572,66.25,-23.75,23.75,0.0,3,0.23510267451480663
2573,68.75,-23.75,23.75,0.0,3,0.23162605176219148
2574,71.25,-23.75,23.75,0.0,3,0.22306503742029127
2575,73.75,-23.75,23.75,0.0,3,0.2164494263391742
2576,76.25,-23.75,23.75,0.0,3,0.20897347642110886
2577,78.75,-23.75,23.75,0.0,3,0.20524557292014828
2578,81.25,-23.75,23.75,0.0,3,0.20881715378445148
2579,83.75,-23.75,23.75,0.0,3,0.2149233335433119
2580,86.25,-23.75,23.75,0.0,3,0.22212149997653696
2581,88.75,-23.75,23.75,0.0,3,0.222771047970434
2582,91.25,-23.75,23.75,0.0,3,0.2239293988378436
2583,93.75,-23.75,23.75,0.0,3,0.2291613277409343
2584,96.25,-23.75,23.75,0.0,3,0.24531185987243753
2585,98.75,-23.75,23.75,0.0,3,0.2712548945782326
2586,101.25,-23.75,23.75,0.0,3,0.28702106270975825
2587,103.75,-23.75,23.75,0.0,3,0.28072142297043035
2588,106.25,-23.75,23.75,0.0,3,0.24988260973137572
2589,108.75,-23.75,23.75,0.0,3,0.2270971371605067
2590,111.25,-23.75,23.75,0.0,3,0.25922634426623603
2591,151.25,-23.75,23.75,0.0,2,0.45367334747419386
2592,153.75,-23.75,23.75,0.0,2,0.4617385312602869
2593,156.25,-23.75,23.75,0.0,2,0.42244737700105994
2594,158.75,-23.75,23.75,0.0,2,0.43145212845799813
2595,161.25,-23.75,23.75,0.0,2,0.4379542472267037
2596,163.75,-23.75,23.75,0.0,2,0.4512975857539955
2597,166.25,-23.75,23.75,0.0,2,0.44724887780754524
2598,168.75,-23.75,23.75,0.0,2,0.4352360405627968
2599,171.25,-23.75,23.75,0.0,2,0.4265923793926822
2600,173.75,-23.75,23.75,0.0,2,0.4122487538985813
2601,176.25,-23.75,23.75,0.0,2,0.401070072321896
2602,178.75,-23.75,23.75,0.0,2,0.3940646569737605
2603,181.25,-23.75,23.75,0.0,2,0.3818227014043358
2604,183.75,-23.75,23.75,0.0,2,0.3700332938577942
2605,186.25,-23.75,23.75,0.0,2,0.3581992050417451
2606,188.75,-23.75,23.75,0.0,2,0.35019615426055833
2607,191.25,-23.75,23.75,0.0,2,0.3445462080864947
2608,193.75,-23.75,23.75,0.0,2,0.3419429552379421
2609,196.25,-23.75,23.75,0.0,2,0.34205427296749386
2610,198.75,-23.75,23.75,0.0,2,0.34642777630155713
2611,201.25,-23.75,23.75,0.0,2,0.3500630361091088
2612,203.75,-23.75,23.75,0.0,2,0.3452890917231913
2613,206.25,-23.75,23.75,0.0,2,0.33796158875917054
2614,208.75,-23.75,23.75,0.0,2,0.3282736916685681
2615,211.25,-23.75,23.75,0.0,2,0.32225598566114616
2616,213.75,-23.75,23.75,0.0,2,0.31231684665467546
2617,216.25,-23.75,23.75,0.0,2,0.29972681282089225
2618,218.75,-23.75,23.75,0.0,2,0.28199018161331446
2619,221.25,-23.75,23.75,0.0,2,0.2532887527631099
2620,223.75,-23.75,23.75,0.0,2,0.23314022845461532
2621,226.25,-23.75,23.75,0.0,2,0.2100594428580234
2622,228.75,-23.75,23.75,0.0,2,0.19128316591454564
2623,231.25,-23.75,23.75,0.0,2,0.1625134301336028
2624,233.75,-23.75,23.75,0.0,2,0.13962029492337635
2625,236.25,-23.75,23.75,0.0,2,0.11734940846497642
2626,238.75,-23.75,23.75,0.0,2,0.10461589152367959
2627,241.25,-23.75,23.75,0.0,2,0.10101533167223233
2628,243.75,-23.75,23.75,0.0,2,0.09773239882566559
2629,246.25,-23.75,23.75,0.0,2,0.10060928698568246
2630,248.75,-23.75,23.75,0.0,2,0.10324593343544948
2631,251.25,-23.75,23.75,0.0,2,0.10289256485593164
2632,253.75,-23.75,23.75,0.0,2,0.10952476753924824
2633,256.25,-23.75,23.75,0.0,2,0.11379045016630754
2634,258.75,-23.75,23.75,0.0,2,0.10972037894834365
2635,261.25,-23.75,23.75,0.0,2,0.11191702356685987
2636,263.75,-23.75,23.75,0.0,2,0.11517389450626411
2637,266.25,-23.75,23.75,0.0,2,0.12306779048615923
2638,268.75,-23.75,23.75,0.0,2,0.13285542915888976
2639,271.25,-23.75,23.75,0.0,2,0.14875034251518945
2640,273.75,-23.75,23.75,0.0,2,0.15827247309047326
2641,276.25,-23.75,23.75,0.0,2,0.1628483135018529
2642,278.75,-23.75,23.75,0.0,2,0.18687436428393686
2643,281.25,-23.75,23.75,0.0,1,0.2190083821175623
2644,283.75,-23.75,23.75,0.0,1,0.2361289507114779
2645,286.25,-23.75,23.75,0.0,1,0.23684404536292902
2646,288.75,-23.75,23.75,0.0,1,0.5585015976213733
2647,313.75,-23.75,23.75,0.0,1,0.23381824050613736
2648,316.25,-23.75,23.75,0.0,1,0.19006229098779523
2649,318.75,-23.75,23.75,0.0,1,0.16953551689801213
2650,321.25,-23.75,23.75,0.0,1,0.156549737339579
2651,323.75,-23.75,23.75,0.0,1,0.13418504532397663
2652,326.25,-23.75,23.75,0.0,1,0.10577537951520675
2653,328.75,-23.75,23.75,0.0,1,0.06805000964571621
2654,331.25,-23.75,23.75,0.0,1,0.03725570549416805
2655,333.75,-23.75,23.75,0.0,1,0.0011901778265604526
2656,336.25,-23.75,23.75,0.0,1,-0.027645351238491916
2657,338.75,-23.75,23.75,0.0,1,-0.05210286963007866
2658,341.25,-23.75,23.75,0.0,1,-0.06079902809873319
2659,343.75,-23.75,23.75,0.0,1,-0.05772996799292628
2660,346.25,-23.75,23.75,0.0,1,-0.030156648134943922
2661,348.75,-23.75,23.75,0.0,1,0.030092499721939617
2662,351.25,-23.75,23.75,0.0,1,0.13775140876449535
2663,353.75,-23.75,23.75,0.0,1,0.24213949522997968
2664,356.25,-23.75,23.75,0.0,1,0.29924107988531634
2665,358.75,-23.75,23.75,0.0,1,0.29859612352984194
2666,1.25,-21.25,21.25,0.0,1,0.24399017975168857
2667,3.75,-21.25,21.25,0.0,1,0.24336749715460934
2668,6.25,-21.25,21.25,0.0,1,0.26647939913410396
2669,8.75,-21.25,21.25,0.0,1,0.30574875567894144
2670,11.25,-21.25,21.25,0.0,1,0.35894765532102046
2671,13.75,-21.25,21.25,0.0,1,0.39269437267656254
2672,36.25,-21.25,21.25,0.0,3,0.4286632654283867
2673,38.75,-21.25,21.25,0.0,3,0.4564940406633108
2674,41.25,-21.25,21.25,0.0,3,0.44731852845329595
2675,43.75,-21.25,21.25,0.0,3,0.5374265208853776
2676,48.75,-21.25,21.25,0.0,3,0.3351101312092912
2677,51.25,-21.25,21.25,0.0,3,0.3493343597619513
2678,53.75,-21.25,21.25,0.0,3,0.3269867076474792
2679,56.25,-21.25,21.25,0.0,3,0.32264288895872084
2680,58.75,-21.25,21.25,0.0,3,0.313901261351613
2681,61.25,-21.25,21.25,0.0,3,0.3061198079083882
2682,63.75,-21.25,21.25,0.0,3,0.2996614438633903
2683,66.25,-21.25,21.25,0.0,3,0.2936930033377197
2684,68.75,-21.25,21.25,0.0,3,0.2905059695441596
2685,71.25,-21.25,21.25,0.0,3,0.28631998775920386
2686,73.75,-21.25,21.25,0.0,3,0.28352978015026464
2687,76.25,-21.25,21.25,0.0,3,0.2851922301326458
2688,78.75,-21.25,21.25,0.0,3,0.29515675233034366
2689,81.25,-21.25,21.25,0.0,3,0.3013932696875176
2690,83.75,-21.25,21.25,0.0,3,0.2914123774851716
2691,86.25,-21.25,21.25,0.0,3,0.2856129120487647
2692,88.75,-21.25,21.25,0.0,3,0.27391509436976175
2693,91.25,-21.25,21.25,0.0,3,0.27134486788455603
2694,93.75,-21.25,21.25,0.0,3,0.2772741579752123
2695,96.25,-21.25,21.25,0.0,3,0.2957925511353099
2696,98.75,-21.25,21.25,0.0,3,0.30508786162803775
2697,101.25,-21.25,21.25,0.0,3,0.2952649077087215
2698,103.75,-21.25,21.25,0.0,3,0.28849789160389827
2699,106.25,-21.25,21.25,0.0,3,0.2933930930282519
2700,108.75,-21.25,21.25,0.0,3,0.2866964375393933
2701,111.25,-21.25,21.25,0.0,3,0.2840585468947729
2702,113.75,-21.25,21.25,0.0,3,0.3253604386016423
2703,116.25,-21.25,21.25,0.0,3,0.3766348180955376
2704,148.75,-21.25,21.25,0.0,0,0.4769190696115432
2705,151.25,-21.25,21.25,0.0,2,0.481271369054492
2706,153.75,-21.25,21.25,0.0,2,0.4932672224719463
2707,156.25,-21.25,21.25,0.0,2,0.46116982505661497
2708,158.75,-21.25,21.25,0.0,2,0.4580268706906104
2709,161.25,-21.25,21.25,0.0,2,0.47234807086816977
2710,163.75,-21.25,21.25,0.0,2,0.48256490771760857
2711,166.25,-21.25,21.25,0.0,2,0.4660224639016774
2712,168.75,-21.25,21.25,0.0,2,0.4677343386765706
2713,171.25,-21.25,21.25,0.0,2,0.4774601464238889
2714,173.75,-21.25,21.25,0.0,2,0.4243334908095658
2715,176.25,-21.25,21.25,0.0,2,0.401234733027585
2716,178.75,-21.25,21.25,0.0,2,0.4047054568526694
2717,181.25,-21.25,21.25,0.0,2,0.3981073557035474
2718,183.75,-21.25,21.25,0.0,2,0.3753394843002558
2719,186.25,-21.25,21.25,0.0,2,0.3642127358828796
2720,188.75,-21.25,21.25,0.0,2,0.3562152174749321
2721,191.25,-21.25,21.25,0.0,2,0.3459923487781198
2722,193.75,-21.25,21.25,0.0,2,0.33652730616208204
2723,196.25,-21.25,21.25,0.0,2,0.3356078754966477
2724,198.75,-21.25,21.25,0.0,2,0.3297725614028572
2725,201.25,-21.25,21.25,0.0,2,0.3170392338870982
2726,203.75,-21.25,21.25,0.0,2,0.3053487703139999
2727,206.25,-21.25,21.25,0.0,2,0.29446324187622147
2728,208.75,-21.25,21.25,0.0,2,0.27698776307836237
2729,211.25,-21.25,21.25,0.0,2,0.2641628144991778
2730,213.75,-21.25,21.25,0.0,2,0.24293829236045483
2731,216.25,-21.25,21.25,0.0,2,0.22832395217648188
2732,218.75,-21.25,21.25,0.0,2,0.20848056183764757
2733,221.25,-21.25,21.25,0.0,2,0.18940439488670655
2734,223.75,-21.25,21.25,0.0,2,0.17493621991959912
2735,226.25,-21.25,21.25,0.0,2,0.1569818519051114
2736,228.75,-21.25,21.25,0.0,2,0.13740542003051848
2737,231.25,-21.25,21.25,0.0,2,0.12547085262371832
2738,233.75,-21.25,21.25,0.0,2,0.11933348185431536
2739,236.25,-21.25,21.25,0.0,2,0.12042657297547446
2740,238.75,-21.25,21.25,0.0,2,0.1253446358773087
2741,241.25,-21.25,21.25,0.0,2,0.12456832716935476
2742,243.75,-21.25,21.25,0.0,2,0.1275245001173701
2743,246.25,-21.25,21.25,0.0,2,0.12458283634924358
2744,248.75,-21.25,21.25,0.0,2,0.12572323768020435
2745,251.25,-21.25,21.25,0.0,2,0.12401930799703707
2746,253.75,-21.25,21.25,0.0,2,0.12502328197435203
2747,256.25,-21.25,21.25,0.0,2,0.12814372276699795
2748,258.75,-21.25,21.25,0.0,2,0.13286462478097247
2749,261.25,-21.25,21.25,0.0,2,0.1381515422327575
2750,263.75,-21.25,21.25,0.0,2,0.14792038359740228
2751,266.25,-21.25,21.25,0.0,2,0.15615974449503284
2752,268.75,-21.25,21.25,0.0,2,0.17188416410795376
2753,271.25,-21.25,21.25,0.0,2,0.1810325905884743
2754,273.75,-21.25,21.25,0.0,2,0.19900599466182017
2755,276.25,-21.25,21.25,0.0,2,0.21813090224386864
2756,278.75,-21.25,21.25,0.0,2,0.245193885133204
2757,281.25,-21.25,21.25,0.0,1,0.29638046203927115
2758,283.75,-21.25,21.25,0.0,1,0.3502577586198816
2759,286.25,-21.25,21.25,0.0,1,0.27633580532356095
2760,288.75,-21.25,21.25,0.0,1,0.6467861225250724
2761,318.75,-21.25,21.25,0.0,1,0.1598511491797499
2762,321.25,-21.25,21.25,0.0,1,0.16822913553542151
2763,323.75,-21.25,21.25,0.0,1,0.1293871090430877
2764,326.25,-21.25,21.25,0.0,1,0.10527606785466001
2765,328.75,-21.25,21.25,0.0,1,0.07334496850088261
2766,331.25,-21.25,21.25,0.0,1,0.053023195615321726
2767,333.75,-21.25,21.25,0.0,1,0.020981261518606718
2768,336.25,-21.25,21.25,0.0,1,0.013081566638691273
2769,338.75,-21.25,21.25,0.0,1,0.03507257271776166
2770,341.25,-21.25,21.25,0.0,1,0.07076384263022659
2771,343.75,-21.25,21.25,0.0,1,0.1445346968605203
2772,346.25,-21.25,21.25,0.0,1,0.2161363433926195
2773,348.75,-21.25,21.25,0.0,1,0.277588009285895
2774,351.25,-21.25,21.25,0.0,1,0.2911652231844884
2775,353.75,-21.25,21.25,0.0,1,0.2791547210925797
2776,356.25,-21.25,21.25,0.0,1,0.26942092579080457
2777,358.75,-21.25,21.25,0.0,1,0.25361100915808465
2778,1.25,-18.75,18.75,0.0,1,0.2685986918190747
2779,3.75,-18.75,18.75,0.0,1,0.28686320571189416
2780,6.25,-18.75,18.75,0.0,1,0.3271323937785108
2781,8.75,-18.75,18.75,0.0,1,0.37701311875113913
2782,11.25,-18.75,18.75,0.0,1,0.5094396750079742
2783,36.25,-18.75,18.75,0.0,3,0.4367027247923129
2784,38.75,-18.75,18.75,0.0,3,0.4255151947124275
2785,41.25,-18.75,18.75,0.0,3,0.4949646842247724
2786,43.75,-18.75,18.75,0.0,3,0.5423991315287804
2787,48.75,-18.75,18.75,0.0,3,0.349280479497074
2788,51.25,-18.75,18.75,0.0,3,0.36809659813552814
2789,53.75,-18.75,18.75,0.0,3,0.3566460456446741
2790,56.25,-18.75,18.75,0.0,3,0.34039035214525576
2791,58.75,-18.75,18.75,0.0,3,0.3330726561701306
2792,61.25,-18.75,18.75,0.0,3,0.32948792835406254
2793,63.75,-18.75,18.75,0.0,3,0.32135453149432913
2794,66.25,-18.75,18.75,0.0,3,0.319602981330727
2795,68.75,-18.75,18.75,0.0,3,0.32188570986176185
2796,71.25,-18.75,18.75,0.0,3,0.32552503416329054
2797,73.75,-18.75,18.75,0.0,3,0.3303743986659211
2798,76.25,-18.75,18.75,0.0,3,0.33371684772494314
2799,78.75,-18.75,18.75,0.0,3,0.3312739541952528
2800,81.25,-18.75,18.75,0.0,3,0.32278295245958455
2801,83.75,-18.75,18.75,0.0,3,0.3116392108988014
2802,86.25,-18.75,18.75,0.0,3,0.3046717042365548
2803,88.75,-18.75,18.75,0.0,3,0.3034638436816122
2804,91.25,-18.75,18.75,0.0,3,0.3141939891358628
2805,93.75,-18.75,18.75,0.0,3,0.32606490656779386
2806,96.25,-18.75,18.75,0.0,3,0.3285174568472047
2807,98.75,-18.75,18.75,0.0,3,0.3176098179532771
2808,101.25,-18.75,18.75,0.0,3,0.31772059407856895
2809,103.75,-18.75,18.75,0.0,3,0.3394195982850974
2810,106.25,-18.75,18.75,0.0,3,0.3606525385541437
2811,108.75,-18.75,18.75,0.0,3,0.3618901400334093
2812,111.25,-18.75,18.75,0.0,3,0.35509500585322584
2813,113.75,-18.75,18.75,0.0,3,0.3816352091964805
2814,116.25,-18.75,18.75,0.0,3,0.42702625889595014
2815,118.75,-18.75,18.75,0.0,3,0.47228692953302615
2816,121.25,-18.75,18.75,0.0,2,0.5386572648060767
2817,146.25,-18.75,18.75,0.0,2,0.5108704985570219
2818,148.75,-18.75,18.75,0.0,2,0.5031441951852984
2819,151.25,-18.75,18.75,0.0,2,0.5216310598072403
2820,153.75,-18.75,18.75,0.0,2,0.5150297286272425
2821,156.25,-18.75,18.75,0.0,2,0.4886439083419112
2822,158.75,-18.75,18.75,0.0,2,0.4771930205743777
2823,161.25,-18.75,18.75,0.0,2,0.48267672485494095
2824,163.75,-18.75,18.75,0.0,2,0.4776023082344865
2825,166.25,-18.75,18.75,0.0,2,0.4677801583645045
2826,168.75,-18.75,18.75,0.0,2,0.4678925667413903
2827,171.25,-18.75,18.75,0.0,2,0.45929524988821596
2828,173.75,-18.75,18.75,0.0,2,0.4259666507696686
2829,176.25,-18.75,18.75,0.0,2,0.414808548052449
2830,178.75,-18.75,18.75,0.0,2,0.40557930414077364
2831,181.25,-18.75,18.75,0.0,2,0.39238864968245574
2832,183.75,-18.75,18.75,0.0,2,0.36896259420372196
2833,186.25,-18.75,18.75,0.0,2,0.3600940892856129
2834,188.75,-18.75,18.75,0.0,2,0.34968270931674167
2835,191.25,-18.75,18.75,0.0,2,0.33975678946349713
2836,193.75,-18.75,18.75,0.0,2,0.3348634450406396
2837,196.25,-18.75,18.75,0.0,2,0.32623256399685235
2838,198.75,-18.75,18.75,0.0,2,0.3112919765926397
2839,201.25,-18.75,18.75,0.0,2,0.29940155478096625
2840,203.75,-18.75,18.75,0.0,2,0.2888547052938816
2841,206.25,-18.75,18.75,0.0,2,0.2761911450067255
2842,208.75,-18.75,18.75,0.0,2,0.27014117360671563
2843,211.25,-18.75,18.75,0.0,2,0.2598671217034026
2844,213.75,-18.75,18.75,0.0,2,0.2502661222850536
2845,216.25,-18.75,18.75,0.0,2,0.23998586355535115
2846,218.75,-18.75,18.75,0.0,2,0.2288866239498304
2847,221.25,-18.75,18.75,0.0,2,0.21742035165796791
2848,223.75,-18.75,18.75,0.0,2,0.2065618134305082
2849,226.25,-18.75,18.75,0.0,2,0.19506604057226273
2850,228.75,-18.75,18.75,0.0,2,0.18779972714751075
2851,231.25,-18.75,18.75,0.0,2,0.17316124385563028
2852,233.75,-18.75,18.75,0.0,2,0.1631603715877321
2853,236.25,-18.75,18.75,0.0,2,0.15457051763350904
2854,238.75,-18.75,18.75,0.0,2,0.14418840629539265
2855,241.25,-18.75,18.75,0.0,2,0.13641209801245507
2856,243.75,-18.75,18.75,0.0,2,0.12471678372052987
2857,246.25,-18.75,18.75,0.0,2,0.1259154089286106
2858,248.75,-18.75,18.75,0.0,2,0.12772606575643752
2859,251.25,-18.75,18.75,0.0,2,0.13358677670311514
2860,253.75,-18.75,18.75,0.0,2,0.14662454590814195
2861,256.25,-18.75,18.75,0.0,2,0.15770404397288762
2862,258.75,-18.75,18.75,0.0,2,0.16582995498224898
2863,261.25,-18.75,18.75,0.0,2,0.17434854075835798
2864,263.75,-18.75,18.75,0.0,2,0.18778289068831988
2865,266.25,-18.75,18.75,0.0,2,0.20598016793470933
2866,268.75,-18.75,18.75,0.0,2,0.2282626601796841
2867,271.25,-18.75,18.75,0.0,2,0.2510875504478098
2868,273.75,-18.75,18.75,0.0,2,0.2810098298976295
2869,276.25,-18.75,18.75,0.0,2,0.30107904982824835
2870,278.75,-18.75,18.75,0.0,2,0.3504568752182863
2871,281.25,-18.75,18.75,0.0,1,0.41398289616791567
2872,283.75,-18.75,18.75,0.0,1,0.4685995464208417
2873,286.25,-18.75,18.75,0.0,1,0.5149906459802354
2874,288.75,-18.75,18.75,0.0,1,0.6747383113135271
2875,321.25,-18.75,18.75,0.0,1,0.18409818044605925
2876,323.75,-18.75,18.75,0.0,1,0.14930589922122992
2877,326.25,-18.75,18.75,0.0,1,0.14560412833358688
2878,328.75,-18.75,18.75,0.0,1,0.1396189337327223
2879,331.25,-18.75,18.75,0.0,1,0.15118849908687715
2880,333.75,-18.75,18.75,0.0,1,0.17998711113353996
2881,336.25,-18.75,18.75,0.0,1,0.23338203509371608
2882,338.75,-18.75,18.75,0.0,1,0.2836855993477274
2883,341.25,-18.75,18.75,0.0,1,0.31751287223592095
2884,343.75,-18.75,18.75,0.0,1,0.33176835505520474
2885,346.25,-18.75,18.75,0.0,1,0.324776289795533
2886,348.75,-18.75,18.75,0.0,1,0.30729275506923676
2887,351.25,-18.75,18.75,0.0,1,0.28402899029358947
2888,353.75,-18.75,18.75,0.0,1,0.2700843710605429
2889,356.25,-18.75,18.75,0.0,1,0.25799815090858036
2890,358.75,-18.75,18.75,0.0,1,0.2580050582872566
2891,1.25,-16.25,16.25,0.0,1,0.34267255868632723
2892,3.75,-16.25,16.25,0.0,1,0.36535186952381826
2893,6.25,-16.25,16.25,0.0,1,0.39588864163086385
2894,8.75,-16.25,16.25,0.0,1,0.44639220899549764
2895,11.25,-16.25,16.25,0.0,1,0.6029398344596515
2896,38.75,-16.25,16.25,0.0,0,0.4249226873705909
2897,41.25,-16.25,16.25,0.0,3,0.4406003315481945
2898,43.75,-16.25,16.25,0.0,3,0.5109618957147114
2899,46.25,-16.25,16.25,0.0,3,0.5769390035803351
2900,51.25,-16.25,16.25,0.0,3,0.36234547274131484
2901,53.75,-16.25,16.25,0.0,3,0.3667229799478532
2902,56.25,-16.25,16.25,0.0,3,0.3637654939768896
2903,58.75,-16.25,16.25,0.0,3,0.36348875515479917
2904,61.25,-16.25,16.25,0.0,3,0.3640930238069005
2905,63.75,-16.25,16.25,0.0,3,0.36134268600540886
2906,66.25,-16.25,16.25,0.0,3,0.3585242591646801
2907,68.75,-16.25,16.25,0.0,3,0.35259855906588156
2908,71.25,-16.25,16.25,0.0,3,0.3478485627406382
2909,73.75,-16.25,16.25,0.0,3,0.3405173872560656
2910,76.25,-16.25,16.25,0.0,3,0.3353786262042751
2911,78.75,-16.25,16.25,0.0,3,0.3270813615540396
2912,81.25,-16.25,16.25,0.0,3,0.3208520031936444
2913,83.75,-16.25,16.25,0.0,3,0.32090606874608124
2914,86.25,-16.25,16.25,0.0,3,0.3292646746985235
2915,88.75,-16.25,16.25,0.0,3,0.3433704869644594
2916,91.25,-16.25,16.25,0.0,3,0.3563294882959249
2917,93.75,-16.25,16.25,0.0,3,0.36758598461124353
2918,96.25,-16.25,16.25,0.0,3,0.37404306040315144
2919,98.75,-16.25,16.25,0.0,3,0.38677989701607207
2920,101.25,-16.25,16.25,0.0,3,0.40266053101786564
2921,103.75,-16.25,16.25,0.0,3,0.429244890992258
2922,106.25,-16.25,16.25,0.0,3,0.4550250372436205
2923,108.75,-16.25,16.25,0.0,3,0.48178927001080496
2924,111.25,-16.25,16.25,0.0,3,0.4939808285138611
2925,113.75,-16.25,16.25,0.0,3,0.515108732594068
2926,116.25,-16.25,16.25,0.0,3,0.5370869116309592
2927,118.75,-16.25,16.25,0.0,3,0.5728451638410809
2928,121.25,-16.25,16.25,0.0,2,0.6034026229226888
2929,123.75,-16.25,16.25,0.0,0,0.6945125829800687
2930,138.75,-16.25,16.25,0.0,2,0.5935092738396077
2931,141.25,-16.25,16.25,0.0,2,0.6361968679676666
2932,146.25,-16.25,16.25,0.0,2,0.5139231633958614
2933,148.75,-16.25,16.25,0.0,2,0.5453993332837813
2934,151.25,-16.25,16.25,0.0,2,0.5558372532877858
2935,153.75,-16.25,16.25,0.0,2,0.5489804159311825
2936,156.25,-16.25,16.25,0.0,2,0.5312975142087103
2937,158.75,-16.25,16.25,0.0,2,0.5112999485647657
2938,161.25,-16.25,16.25,0.0,2,0.4988030423987904
2939,163.75,-16.25,16.25,0.0,2,0.4888826428010054
2940,166.25,-16.25,16.25,0.0,2,0.4853169865946051
2941,168.75,-16.25,16.25,0.0,2,0.45026756916487715
2942,171.25,-16.25,16.25,0.0,2,0.4446085097302818
2943,173.75,-16.25,16.25,0.0,2,0.42801617113825163
2944,176.25,-16.25,16.25,0.0,2,0.434644941477673
2945,178.75,-16.25,16.25,0.0,2,0.3952478058153761
2946,181.25,-16.25,16.25,0.0,2,0.38696170419505727
2947,183.75,-16.25,16.25,0.0,2,0.3782264979501206
2948,186.25,-16.25,16.25,0.0,2,0.3694568643902282
2949,188.75,-16.25,16.25,0.0,2,0.3632100091623353
2950,191.25,-16.25,16.25,0.0,2,0.35788184503311193
2951,193.75,-16.25,16.25,0.0,2,0.35344401716389756
2952,196.25,-16.25,16.25,0.0,2,0.3486149880840799
2953,198.75,-16.25,16.25,0.0,2,0.33996018587012977
2954,201.25,-16.25,16.25,0.0,2,0.336448953104265
2955,203.75,-16.25,16.25,0.0,2,0.3300370793095576
2956,206.25,-16.25,16.25,0.0,2,0.3232226662442417
2957,208.75,-16.25,16.25,0.0,2,0.31396926591967605
2958,211.25,-16.25,16.25,0.0,2,0.3049286521832143
2959,213.75,-16.25,16.25,0.0,2,0.29493974567733405
2960,216.25,-16.25,16.25,0.0,2,0.28706313988311466
2961,218.75,-16.25,16.25,0.0,2,0.27031817528342744
2962,221.25,-16.25,16.25,0.0,2,0.2539405397581318
2963,223.75,-16.25,16.25,0.0,2,0.22826307611766275
2964,226.25,-16.25,16.25,0.0,2,0.20716595343481778
2965,228.75,-16.25,16.25,0.0,2,0.18158842590294175
2966,231.25,-16.25,16.25,0.0,2,0.16550789808560593
2967,233.75,-16.25,16.25,0.0,2,0.1465522047427663
2968,236.25,-16.25,16.25,0.0,2,0.13867908275867236
2969,238.75,-16.25,16.25,0.0,2,0.13646336575547816
2970,241.25,-16.25,16.25,0.0,2,0.13915557431355566
2971,243.75,-16.25,16.25,0.0,2,0.14866632083193146
2972,246.25,-16.25,16.25,0.0,2,0.1589911878085732
2973,248.75,-16.25,16.25,0.0,2,0.17618220460327857
2974,251.25,-16.25,16.25,0.0,2,0.1898585377027443
2975,253.75,-16.25,16.25,0.0,2,0.20218010789165622
2976,256.25,-16.25,16.25,0.0,2,0.21379571115096407
2977,258.75,-16.25,16.25,0.0,2,0.22982502988293113
2978,261.25,-16.25,16.25,0.0,2,0.24852126916881873
2979,263.75,-16.25,16.25,0.0,2,0.27444077330687133
2980,266.25,-16.25,16.25,0.0,2,0.2981017951126305
2981,268.75,-16.25,16.25,0.0,2,0.3330263020304902
2982,271.25,-16.25,16.25,0.0,2,0.35997544913148605
2983,273.75,-16.25,16.25,0.0,2,0.39415657463302006
2984,276.25,-16.25,16.25,0.0,2,0.42436616378845965
2985,278.75,-16.25,16.25,0.0,2,0.4621216465958798
2986,281.25,-16.25,16.25,0.0,1,0.5118581227611255
2987,283.75,-16.25,16.25,0.0,1,0.6025929013246437
2988,286.25,-16.25,16.25,0.0,1,0.6463278619061127
2989,321.25,-16.25,16.25,0.0,1,0.22197149118525622
2990,323.75,-16.25,16.25,0.0,1,0.25665384998523105
2991,326.25,-16.25,16.25,0.0,1,0.3135902706682869
2992,328.75,-16.25,16.25,0.0,1,0.3089495085578175
2993,331.25,-16.25,16.25,0.0,1,0.32742179436830915
2994,333.75,-16.25,16.25,0.0,1,0.3505002599483286
2995,336.25,-16.25,16.25,0.0,1,0.34881422792789096
2996,338.75,-16.25,16.25,0.0,1,0.33160185701720163
2997,341.25,-16.25,16.25,0.0,1,0.31082053572303164
2998,343.75,-16.25,16.25,0.0,1,0.28665869363983515
2999,346.25,-16.25,16.25,0.0,1,0.274216598647654
3000,348.75,-16.25,16.25,0.0,1,0.26858246115673645
3001,351.25,-16.25,16.25,0.0,1,0.2734467667265254
3002,353.75,-16.25,16.25,0.0,1,0.28676347406980934
3003,356.25,-16.25,16.25,0.0,1,0.30364664028194926
3004,358.75,-16.25,16.25,0.0,1,0.3298781409340105
3005,1.25,-13.75,13.75,0.0,1,0.38651148747252134
3006,3.75,-13.75,13.75,0.0,1,0.40686403569468993
3007,6.25,-13.75,13.75,0.0,1,0.4392594046566024
3008,8.75,-13.75,13.75,0.0,1,0.5129155257241588
3009,11.25,-13.75,13.75,0.0,1,0.6397181500436925
3010,41.25,-13.75,13.75,0.0,3,0.45402648320236694
3011,43.75,-13.75,13.75,0.0,3,0.5084673848643904
3012,46.25,-13.75,13.75,0.0,3,0.5480023565010115
3013,51.25,-13.75,13.75,0.0,3,0.36386708158019065
3014,53.75,-13.75,13.75,0.0,3,0.40956691892883945
3015,56.25,-13.75,13.75,0.0,3,0.4067340766472829
3016,58.75,-13.75,13.75,0.0,3,0.40533406492936447
3017,61.25,-13.75,13.75,0.0,3,0.402432597822601
3018,63.75,-13.75,13.75,0.0,3,0.3983695571448524
3019,66.25,-13.75,13.75,0.0,3,0.3959583465522137
3020,68.75,-13.75,13.75,0.0,3,0.39437434683644257
3021,71.25,-13.75,13.75,0.0,3,0.3924000612051391
3022,73.75,-13.75,13.75,0.0,3,0.3888572900202628
3023,76.25,-13.75,13.75,0.0,3,0.38747369035726037
3024,78.75,-13.75,13.75,0.0,3,0.38612538856771805
3025,81.25,-13.75,13.75,0.0,3,0.38563024025245773
3026,83.75,-13.75,13.75,0.0,3,0.3883604086614496
3027,86.25,-13.75,13.75,0.0,3,0.3925059548291069
3028,88.75,-13.75,13.75,0.0,3,0.3929970527418573
3029,91.25,-13.75,13.75,0.0,3,0.3943838361066568
3030,93.75,-13.75,13.75,0.0,3,0.4037499195815874
3031,96.25,-13.75,13.75,0.0,3,0.4193121500463464
3032,98.75,-13.75,13.75,0.0,3,0.44115954254892864
3033,101.25,-13.75,13.75,0.0,3,0.46445499409750446
3034,103.75,-13.75,13.75,0.0,3,0.49962686615086455
3035,106.25,-13.75,13.75,0.0,3,0.5322691872267333
3036,108.75,-13.75,13.75,0.0,3,0.5752502710636499
3037,111.25,-13.75,13.75,0.0,3,0.5987423045147795
3038,113.75,-13.75,13.75,0.0,3,0.619666412434943
3039,116.25,-13.75,13.75,0.0,3,0.6294455856845061
3040,118.75,-13.75,13.75,0.0,3,0.6449607040720289
3041,121.25,-13.75,13.75,0.0,2,0.6694951610366429
3042,123.75,-13.75,13.75,0.0,2,0.7010272318023593
3043,126.25,-13.75,13.75,0.0,2,0.7204642229256117
3044,128.75,-13.75,13.75,0.0,2,0.6991715189174291
3045,138.75,-13.75,13.75,0.0,2,0.6070006955101035
3046,141.25,-13.75,13.75,0.0,2,0.6279547223176828
3047,143.75,-13.75,13.75,0.0,2,0.5401331094287293
3048,146.25,-13.75,13.75,0.0,2,0.5295744506365629
3049,148.75,-13.75,13.75,0.0,2,0.5171796192288873
3050,151.25,-13.75,13.75,0.0,2,0.5198409488023361
3051,153.75,-13.75,13.75,0.0,2,0.5280126564714532
3052,156.25,-13.75,13.75,0.0,2,0.5207316022216306
3053,158.75,-13.75,13.75,0.0,2,0.49932515794710414
3054,161.25,-13.75,13.75,0.0,2,0.48604840536303967
3055,163.75,-13.75,13.75,0.0,2,0.49033672620169766
3056,166.25,-13.75,13.75,0.0,2,0.4749576036884439
3057,168.75,-13.75,13.75,0.0,2,0.4423410804338754
3058,171.25,-13.75,13.75,0.0,2,0.43952586281287315
3059,173.75,-13.75,13.75,0.0,2,0.4251688055267281
3060,176.25,-13.75,13.75,0.0,2,0.41855546523720205
3061,178.75,-13.75,13.75,0.0,2,0.41322516393873443
3062,181.25,-13.75,13.75,0.0,2,0.40937204707460517
3063,183.75,-13.75,13.75,0.0,2,0.4008418884602532
3064,186.25,-13.75,13.75,0.0,2,0.3940983996557888
3065,188.75,-13.75,13.75,0.0,2,0.3875885118648488
3066,191.25,-13.75,13.75,0.0,2,0.3796908795413345
3067,193.75,-13.75,13.75,0.0,2,0.3761437035823514
3068,196.25,-13.75,13.75,0.0,2,0.372742488188152
3069,198.75,-13.75,13.75,0.0,2,0.36861703747189417
3070,201.25,-13.75,13.75,0.0,2,0.36191941781040127
3071,203.75,-13.75,13.75,0.0,2,0.35491849086703575
3072,206.25,-13.75,13.75,0.0,2,0.34707596541215274
3073,208.75,-13.75,13.75,0.0,2,0.34127720634726744
3074,211.25,-13.75,13.75,0.0,2,0.33516771176664995
3075,213.75,-13.75,13.75,0.0,2,0.326316028511911
3076,216.25,-13.75,13.75,0.0,2,0.3150717054329637
3077,218.75,-13.75,13.75,0.0,2,0.2978515210580777
3078,221.25,-13.75,13.75,0.0,2,0.27856836733816526
3079,223.75,-13.75,13.75,0.0,2,0.26015193193695646
3080,226.25,-13.75,13.75,0.0,2,0.2442555071664287
3081,228.75,-13.75,13.75,0.0,2,0.22890413415819558
3082,231.25,-13.75,13.75,0.0,2,0.21578003264017834
3083,233.75,-13.75,13.75,0.0,2,0.20819901721305029
3084,236.25,-13.75,13.75,0.0,2,0.20606579730241747
3085,238.75,-13.75,13.75,0.0,2,0.21325736081300448
3086,241.25,-13.75,13.75,0.0,2,0.22547486609236334
3087,243.75,-13.75,13.75,0.0,2,0.24367139821035794
3088,246.25,-13.75,13.75,0.0,2,0.25968608987238995
3089,248.75,-13.75,13.75,0.0,2,0.2786803394256033
3090,251.25,-13.75,13.75,0.0,2,0.29272922866646367
3091,253.75,-13.75,13.75,0.0,2,0.31299105878107325
3092,256.25,-13.75,13.75,0.0,2,0.33224346351861234
3093,258.75,-13.75,13.75,0.0,2,0.3588945915979485
3094,261.25,-13.75,13.75,0.0,2,0.3831766294265414
3095,263.75,-13.75,13.75,0.0,2,0.4107626126284907
3096,266.25,-13.75,13.75,0.0,2,0.43329794872704014
3097,268.75,-13.75,13.75,0.0,2,0.4567923347681001
3098,271.25,-13.75,13.75,0.0,2,0.4770609762089868
3099,273.75,-13.75,13.75,0.0,2,0.5105666447404724
3100,276.25,-13.75,13.75,0.0,2,0.532581332669601
3101,278.75,-13.75,13.75,0.0,2,0.5729183815374119
3102,281.25,-13.75,13.75,0.0,1,0.6452757517737487
3103,283.75,-13.75,13.75,0.0,1,0.6835221753779394
3104,321.25,-13.75,13.75,0.0,1,0.24684951605186253
3105,323.75,-13.75,13.75,0.0,1,0.3073018824987488
3106,326.25,-13.75,13.75,0.0,1,0.3387185942374404
3107,328.75,-13.75,13.75,0.0,1,0.30066295065113785
3108,331.25,-13.75,13.75,0.0,1,0.2889306988276616
3109,333.75,-13.75,13.75,0.0,1,0.2650055177107122
3110,336.25,-13.75,13.75,0.0,1,0.24802284229614857
3111,338.75,-13.75,13.75,0.0,1,0.24194557051147034
3112,341.25,-13.75,13.75,0.0,1,0.23645633413694647
3113,343.75,-13.75,13.75,0.0,1,0.24767490573836015
3114,346.25,-13.75,13.75,0.0,1,0.25845088534400834
3115,348.75,-13.75,13.75,0.0,1,0.2734954252185114
3116,351.25,-13.75,13.75,0.0,1,0.2872975874977931
3117,353.75,-13.75,13.75,0.0,1,0.3094916089272635
3118,356.25,-13.75,13.75,0.0,1,0.32542764003302815
3119,358.75,-13.75,13.75,0.0,1,0.36244223557260585
3120,1.25,-11.25,11.25,0.0,1,0.41459703263696374
3121,3.75,-11.25,11.25,0.0,1,0.452640288551711
3122,6.25,-11.25,11.25,0.0,1,0.4663982756890936
3123,8.75,-11.25,11.25,0.0,1,0.5555935763025954
3124,11.25,-11.25,11.25,0.0,1,0.6176652241535171
3125,41.25,-11.25,11.25,0.0,3,0.46163969326285503
3126,43.75,-11.25,11.25,0.0,3,0.45337358217476187
3127,46.25,-11.25,11.25,0.0,3,0.4410104390251061
3128,48.75,-11.25,11.25,0.0,3,0.3884000981468816
3129,51.25,-11.25,11.25,0.0,3,0.42794695093464213
3130,53.75,-11.25,11.25,0.0,3,0.45276874108458526
3131,56.25,-11.25,11.25,0.0,3,0.45284989121921615
3132,58.75,-11.25,11.25,0.0,3,0.4515724805990655
3133,61.25,-11.25,11.25,0.0,3,0.45095872959965433
3134,63.75,-11.25,11.25,0.0,3,0.4471024774488263
3135,66.25,-11.25,11.25,0.0,3,0.4468229754305455
3136,68.75,-11.25,11.25,0.0,3,0.4520173302128753
3137,71.25,-11.25,11.25,0.0,3,0.45702355741488593
3138,73.75,-11.25,11.25,0.0,3,0.4590047734737379
3139,76.25,-11.25,11.25,0.0,3,0.4596128308629385
3140,78.75,-11.25,11.25,0.0,3,0.4597874601439215
3141,81.25,-11.25,11.25,0.0,3,0.4561349661867876
3142,83.75,-11.25,11.25,0.0,3,0.4513124250221662
3143,86.25,-11.25,11.25,0.0,3,0.44691901059582784
3144,88.75,-11.25,11.25,0.0,3,0.43883850328853363
3145,91.25,-11.25,11.25,0.0,3,0.4306376540371063
3146,93.75,-11.25,11.25,0.0,3,0.4281746496772129
3147,96.25,-11.25,11.25,0.0,3,0.43445418393066615
3148,98.75,-11.25,11.25,0.0,3,0.45477218976480793
3149,101.25,-11.25,11.25,0.0,3,0.4819169848989904
3150,103.75,-11.25,11.25,0.0,3,0.5227509906532826
3151,106.25,-11.25,11.25,0.0,3,0.5563511390616193
3152,108.75,-11.25,11.25,0.0,3,0.5895833586461845
3153,111.25,-11.25,11.25,0.0,3,0.6138282835510568
3154,113.75,-11.25,11.25,0.0,3,0.6345726624797883
3155,116.25,-11.25,11.25,0.0,3,0.63895740155626
3156,118.75,-11.25,11.25,0.0,3,0.6592446186546008
3157,121.25,-11.25,11.25,0.0,2,0.6771514877676413
3158,123.75,-11.25,11.25,0.0,2,0.6755730776470388
3159,126.25,-11.25,11.25,0.0,2,0.6738931303890393
3160,128.75,-11.25,11.25,0.0,2,0.675574116760482
3161,131.25,-11.25,11.25,0.0,2,0.6868802451278652
3162,133.75,-11.25,11.25,0.0,2,0.6466432055832402
3163,136.25,-11.25,11.25,0.0,2,0.6148407844628642
3164,138.75,-11.25,11.25,0.0,2,0.5899003393180929
3165,141.25,-11.25,11.25,0.0,2,0.5629821645989983
3166,143.75,-11.25,11.25,0.0,2,0.5447942673764996
3167,146.25,-11.25,11.25,0.0,2,0.5384172024074254
3168,148.75,-11.25,11.25,0.0,2,0.5186876148485476
3169,151.25,-11.25,11.25,0.0,2,0.45915390286695257
3170,153.75,-11.25,11.25,0.0,2,0.48533010929790565
3171,156.25,-11.25,11.25,0.0,2,0.5110785058061315
3172,158.75,-11.25,11.25,0.0,2,0.5115070819179003
3173,161.25,-11.25,11.25,0.0,2,0.4575479059896133
3174,163.75,-11.25,11.25,0.0,2,0.4488470688183337
3175,166.25,-11.25,11.25,0.0,2,0.45627513919273244
3176,168.75,-11.25,11.25,0.0,2,0.4483545957148744
3177,171.25,-11.25,11.25,0.0,2,0.4401046473689789
3178,173.75,-11.25,11.25,0.0,2,0.4348652663315186
3179,176.25,-11.25,11.25,0.0,2,0.42931132681547285
3180,178.75,-11.25,11.25,0.0,2,0.42227043324790187
3181,181.25,-11.25,11.25,0.0,2,0.4128246606798218
3182,183.75,-11.25,11.25,0.0,2,0.40288701411045946
3183,186.25,-11.25,11.25,0.0,2,0.3943996682222671
3184,188.75,-11.25,11.25,0.0,2,0.3923453088189087
3185,191.25,-11.25,11.25,0.0,2,0.38496078455233157
3186,193.75,-11.25,11.25,0.0,2,0.38149417008432157
3187,196.25,-11.25,11.25,0.0,2,0.378225294468007
3188,198.75,-11.25,11.25,0.0,2,0.3738740278130439
3189,201.25,-11.25,11.25,0.0,2,0.36895747511679783
3190,203.75,-11.25,11.25,0.0,2,0.3652307362499738
3191,206.25,-11.25,11.25,0.0,2,0.3632753834165683
3192,208.75,-11.25,11.25,0.0,2,0.36156770743823907
3193,211.25,-11.25,11.25,0.0,2,0.36062295787413196
3194,213.75,-11.25,11.25,0.0,2,0.3569617748118081
3195,216.25,-11.25,11.25,0.0,2,0.3535782664178424
3196,218.75,-11.25,11.25,0.0,2,0.3468857200411176
3197,221.25,-11.25,11.25,0.0,2,0.33966010519482887
3198,223.75,-11.25,11.25,0.0,2,0.33232165792760204
3199,226.25,-11.25,11.25,0.0,2,0.3275878372571119
3200,228.75,-11.25,11.25,0.0,2,0.3214766610612885
3201,231.25,-11.25,11.25,0.0,2,0.31721156903164627
3202,233.75,-11.25,11.25,0.0,2,0.31172980113839216
3203,236.25,-11.25,11.25,0.0,2,0.31396537226323545
3204,238.75,-11.25,11.25,0.0,2,0.3189645012747779
3205,241.25,-11.25,11.25,0.0,2,0.3268712280687992
3206,243.75,-11.25,11.25,0.0,2,0.3377063103966635
3207,246.25,-11.25,11.25,0.0,2,0.34641701133778297
3208,248.75,-11.25,11.25,0.0,2,0.35689007195123484
3209,251.25,-11.25,11.25,0.0,2,0.3640814820661244
3210,253.75,-11.25,11.25,0.0,2,0.37752549888175946
3211,256.25,-11.25,11.25,0.0,2,0.3871169826201594
3212,258.75,-11.25,11.25,0.0,2,0.4034358125007151
3213,261.25,-11.25,11.25,0.0,2,0.4218884787487993
3214,263.75,-11.25,11.25,0.0,2,0.4520040250394723
3215,266.25,-11.25,11.25,0.0,2,0.48178941727866886
3216,268.75,-11.25,11.25,0.0,2,0.5177196014611248
3217,271.25,-11.25,11.25,0.0,2,0.5555667784185934
3218,273.75,-11.25,11.25,0.0,2,0.6008293704039575
3219,276.25,-11.25,11.25,0.0,2,0.6193785958289758
3220,278.75,-11.25,11.25,0.0,2,0.6496141566009045
3221,281.25,-11.25,11.25,0.0,1,0.6942847993944267
3222,323.75,-11.25,11.25,0.0,1,0.31078352804815834
3223,326.25,-11.25,11.25,0.0,1,0.3462905735989432
3224,328.75,-11.25,11.25,0.0,1,0.3054706717949112
3225,331.25,-11.25,11.25,0.0,1,0.29313937903316695
3226,333.75,-11.25,11.25,0.0,1,0.27764764495555044
3227,336.25,-11.25,11.25,0.0,1,0.27247685477661626
3228,338.75,-11.25,11.25,0.0,1,0.26917296218077674
3229,341.25,-11.25,11.25,0.0,1,0.2705371308531961
3230,343.75,-11.25,11.25,0.0,1,0.2789337200017379
3231,346.25,-11.25,11.25,0.0,1,0.2867505591110425
3232,348.75,-11.25,11.25,0.0,1,0.2988697900175286
3233,351.25,-11.25,11.25,0.0,1,0.3112343369204068
3234,353.75,-11.25,11.25,0.0,1,0.337963918618451
3235,356.25,-11.25,11.25,0.0,1,0.35694693194530985
3236,358.75,-11.25,11.25,0.0,1,0.40441422104027347
3237,1.25,-8.75,8.75,0.0,1,0.4762196118338497
3238,3.75,-8.75,8.75,0.0,1,0.5131471766204045
3239,6.25,-8.75,8.75,0.0,1,0.5336235399068993
3240,8.75,-8.75,8.75,0.0,1,0.5748584072545351
3241,11.25,-8.75,8.75,0.0,1,0.5896594118358076
3242,41.25,-8.75,8.75,0.0,3,0.4631202675110523
3243,43.75,-8.75,8.75,0.0,3,0.4331931790743858
3244,46.25,-8.75,8.75,0.0,3,0.44148271310734977
3245,48.75,-8.75,8.75,0.0,3,0.4602540383640338
3246,51.25,-8.75,8.75,0.0,3,0.4741037228943445
3247,53.75,-8.75,8.75,0.0,3,0.48571999659249965
3248,56.25,-8.75,8.75,0.0,3,0.49750386845132366
3249,58.75,-8.75,8.75,0.0,3,0.5054913738577098
3250,61.25,-8.75,8.75,0.0,3,0.5083042419315364
3251,63.75,-8.75,8.75,0.0,3,0.5032143301645784
3252,66.25,-8.75,8.75,0.0,3,0.5034278227264364
3253,68.75,-8.75,8.75,0.0,3,0.5045837808954855
3254,71.25,-8.75,8.75,0.0,3,0.5052837218781622
3255,73.75,-8.75,8.75,0.0,3,0.5051885948205624
3256,76.25,-8.75,8.75,0.0,3,0.5089895876669641
3257,78.75,-8.75,8.75,0.0,3,0.5117341508490382
3258,81.25,-8.75,8.75,0.0,3,0.5083863914172199
3259,83.75,-8.75,8.75,0.0,3,0.5016050884352818
3260,86.25,-8.75,8.75,0.0,3,0.4932105957225395
3261,88.75,-8.75,8.75,0.0,3,0.48279394102922796
3262,91.25,-8.75,8.75,0.0,3,0.4688044663202318
3263,93.75,-8.75,8.75,0.0,3,0.4507752333300577
3264,96.25,-8.75,8.75,0.0,3,0.4390942739636923
3265,98.75,-8.75,8.75,0.0,3,0.42611642740503664
3266,101.25,-8.75,8.75,0.0,3,0.4075922879573473
3267,103.75,-8.75,8.75,0.0,3,0.3944063258933769
3268,106.25,-8.75,8.75,0.0,3,0.39638119788193954
3269,108.75,-8.75,8.75,0.0,3,0.44789810032277866
3270,111.25,-8.75,8.75,0.0,3,0.5220685665920758
3271,113.75,-8.75,8.75,0.0,3,0.5500786417735719
3272,116.25,-8.75,8.75,0.0,3,0.5820800093812172
3273,118.75,-8.75,8.75,0.0,3,0.6095174973610423
3274,121.25,-8.75,8.75,0.0,2,0.6334444472355247
3275,123.75,-8.75,8.75,0.0,2,0.6652053108986993
3276,126.25,-8.75,8.75,0.0,2,0.6662264720084013
3277,128.75,-8.75,8.75,0.0,2,0.6501283720347999
3278,131.25,-8.75,8.75,0.0,2,0.637431710727024
3279,133.75,-8.75,8.75,0.0,2,0.6371027964232325
3280,136.25,-8.75,8.75,0.0,2,0.6309759199277848
3281,138.75,-8.75,8.75,0.0,2,0.597588501869867
3282,141.25,-8.75,8.75,0.0,2,0.6104080955087716
3283,143.75,-8.75,8.75,0.0,2,0.584957525630659
3284,146.25,-8.75,8.75,0.0,2,0.5790465144997077
3285,148.75,-8.75,8.75,0.0,2,0.4784108548251013
3286,151.25,-8.75,8.75,0.0,2,0.43114092031869833
3287,153.75,-8.75,8.75,0.0,2,0.47071326803482155
3288,156.25,-8.75,8.75,0.0,2,0.5397151436426664
3289,158.75,-8.75,8.75,0.0,2,0.5561204906969026
3290,161.25,-8.75,8.75,0.0,2,0.4459822709883213
3291,163.75,-8.75,8.75,0.0,2,0.43265946656491067
3292,166.25,-8.75,8.75,0.0,2,0.4348733335061399
3293,168.75,-8.75,8.75,0.0,2,0.43033667487083455
3294,171.25,-8.75,8.75,0.0,2,0.42482205525242495
3295,173.75,-8.75,8.75,0.0,2,0.41365528962996995
3296,176.25,-8.75,8.75,0.0,2,0.40868560291345907
3297,178.75,-8.75,8.75,0.0,2,0.40377093825160354
3298,181.25,-8.75,8.75,0.0,2,0.40118829390818656
3299,183.75,-8.75,8.75,0.0,2,0.39319260725178456
3300,186.25,-8.75,8.75,0.0,2,0.38974765270790185
3301,188.75,-8.75,8.75,0.0,2,0.3862588716643124
3302,191.25,-8.75,8.75,0.0,2,0.38792593628372135
3303,193.75,-8.75,8.75,0.0,2,0.3877101621132997
3304,196.25,-8.75,8.75,0.0,2,0.39028717132336976
3305,198.75,-8.75,8.75,0.0,2,0.39026698117181147
3306,201.25,-8.75,8.75,0.0,2,0.39296307310746464
3307,203.75,-8.75,8.75,0.0,2,0.3920474273034222
3308,206.25,-8.75,8.75,0.0,2,0.3947232721604501
3309,208.75,-8.75,8.75,0.0,2,0.3987350042541855
3310,211.25,-8.75,8.75,0.0,2,0.4046736630158738
3311,213.75,-8.75,8.75,0.0,2,0.40875285854852716
3312,216.25,-8.75,8.75,0.0,2,0.41077562637522275
3313,218.75,-8.75,8.75,0.0,2,0.4143735161587278
3314,221.25,-8.75,8.75,0.0,2,0.41731107860295785
3315,223.75,-8.75,8.75,0.0,2,0.4221900889044638
3316,226.25,-8.75,8.75,0.0,2,0.4261617234258996
3317,228.75,-8.75,8.75,0.0,2,0.42915772710520317
3318,231.25,-8.75,8.75,0.0,2,0.43209594984636784
3319,233.75,-8.75,8.75,0.0,2,0.43332319089948823
3320,236.25,-8.75,8.75,0.0,2,0.4361007946922688
3321,238.75,-8.75,8.75,0.0,2,0.43875255814052194
3322,241.25,-8.75,8.75,0.0,2,0.4420910554806184
3323,243.75,-8.75,8.75,0.0,2,0.4472594759238356
3324,246.25,-8.75,8.75,0.0,2,0.45215580740888467
3325,248.75,-8.75,8.75,0.0,2,0.45691205168526755
3326,251.25,-8.75,8.75,0.0,2,0.46080645341303034
3327,253.75,-8.75,8.75,0.0,2,0.46859079230033873
3328,256.25,-8.75,8.75,0.0,2,0.4755843854707864
3329,258.75,-8.75,8.75,0.0,2,0.48703291992628034
3330,261.25,-8.75,8.75,0.0,2,0.501352294704854
3331,263.75,-8.75,8.75,0.0,2,0.5196982312560002
3332,266.25,-8.75,8.75,0.0,2,0.5471283241533815
3333,268.75,-8.75,8.75,0.0,2,0.5792965877775567
3334,271.25,-8.75,8.75,0.0,2,0.6127837834987682
3335,273.75,-8.75,8.75,0.0,2,0.6499112146465085
3336,276.25,-8.75,8.75,0.0,2,0.6804334470382571
3337,278.75,-8.75,8.75,0.0,2,0.7369002414449404
3338,281.25,-8.75,8.75,0.0,1,0.7331243142612187
3339,326.25,-8.75,8.75,0.0,1,0.3766126683597715
3340,328.75,-8.75,8.75,0.0,1,0.3592080989096237
3341,331.25,-8.75,8.75,0.0,1,0.3520044970699351
3342,333.75,-8.75,8.75,0.0,1,0.3437694281858027
3343,336.25,-8.75,8.75,0.0,1,0.3417444833577344
3344,338.75,-8.75,8.75,0.0,1,0.3379339691367598
3345,341.25,-8.75,8.75,0.0,1,0.3440322449067893
3346,343.75,-8.75,8.75,0.0,1,0.3483728922031151
3347,346.25,-8.75,8.75,0.0,1,0.35304376976815666
3348,348.75,-8.75,8.75,0.0,1,0.3628422365093407
3349,351.25,-8.75,8.75,0.0,1,0.3791476597391722
3350,353.75,-8.75,8.75,0.0,1,0.40383582510991634
3351,356.25,-8.75,8.75,0.0,1,0.4285938623681626
3352,358.75,-8.75,8.75,0.0,1,0.4554042006525687
3353,1.25,-6.25,6.25,0.0,1,0.5579438217654908
3354,3.75,-6.25,6.25,0.0,1,0.5797181866992693
3355,6.25,-6.25,6.25,0.0,1,0.5864984816682889
3356,8.75,-6.25,6.25,0.0,1,0.5912403402515056
3357,11.25,-6.25,6.25,0.0,1,0.5781182384009169
3358,41.25,-6.25,6.25,0.0,3,0.46576510431000984
3359,43.75,-6.25,6.25,0.0,3,0.4579349499492249
3360,46.25,-6.25,6.25,0.0,3,0.44973717840466126
3361,48.75,-6.25,6.25,0.0,3,0.45782809794912044
3362,51.25,-6.25,6.25,0.0,3,0.47779303287972014
3363,53.75,-6.25,6.25,0.0,3,0.4984313426846099
3364,56.25,-6.25,6.25,0.0,3,0.5215878371989018
3365,58.75,-6.25,6.25,0.0,3,0.535833046797539
3366,61.25,-6.25,6.25,0.0,3,0.5379682884685019
3367,63.75,-6.25,6.25,0.0,3,0.5345971167057417
3368,66.25,-6.25,6.25,0.0,3,0.5297087830185887
3369,68.75,-6.25,6.25,0.0,3,0.5273977536323582
3370,71.25,-6.25,6.25,0.0,3,0.5267430848443911
3371,73.75,-6.25,6.25,0.0,3,0.5263362034571013
3372,76.25,-6.25,6.25,0.0,3,0.5272173553853315
3373,78.75,-6.25,6.25,0.0,3,0.5273179241790327
3374,81.25,-6.25,6.25,0.0,3,0.5309308053039385
3375,83.75,-6.25,6.25,0.0,3,0.5244463558646202
3376,86.25,-6.25,6.25,0.0,3,0.5161115380328456
3377,88.75,-6.25,6.25,0.0,3,0.5056029913713725
3378,91.25,-6.25,6.25,0.0,3,0.494300112197295
3379,93.75,-6.25,6.25,0.0,3,0.4804192248040724
3380,96.25,-6.25,6.25,0.0,3,0.4558667700231194
3381,98.75,-6.25,6.25,0.0,3,0.4218879998937527
3382,101.25,-6.25,6.25,0.0,3,0.3742794370638873
3383,103.75,-6.25,6.25,0.0,3,0.38909715357815633
3384,106.25,-6.25,6.25,0.0,3,0.48561459091746784
3385,108.75,-6.25,6.25,0.0,3,0.48901726629946946
3386,111.25,-6.25,6.25,0.0,3,0.4768854989039199
3387,113.75,-6.25,6.25,0.0,3,0.5074896375661532
3388,116.25,-6.25,6.25,0.0,3,0.5827434408479755
3389,118.75,-6.25,6.25,0.0,3,0.6104474814804445
3390,121.25,-6.25,6.25,0.0,2,0.6297761974936199
3391,123.75,-6.25,6.25,0.0,2,0.6245462728828683
3392,126.25,-6.25,6.25,0.0,2,0.6225250419724615
3393,128.75,-6.25,6.25,0.0,2,0.6358046258578446
3394,131.25,-6.25,6.25,0.0,2,0.6170524122182064
3395,133.75,-6.25,6.25,0.0,2,0.6173935328056865
3396,136.25,-6.25,6.25,0.0,2,0.5280965443153438
3397,146.25,-6.25,6.25,0.0,0,0.4661812361769978
3398,148.75,-6.25,6.25,0.0,2,0.4628231888593656
3399,151.25,-6.25,6.25,0.0,2,0.49121317371217765
3400,153.75,-6.25,6.25,0.0,2,0.4655886583077669
3401,156.25,-6.25,6.25,0.0,2,0.5012578149402325
3402,158.75,-6.25,6.25,0.0,2,0.41380283977726656
3403,161.25,-6.25,6.25,0.0,2,0.4070374709443659
3404,163.75,-6.25,6.25,0.0,2,0.41370634059089273
3405,166.25,-6.25,6.25,0.0,2,0.40231724821769654
3406,168.75,-6.25,6.25,0.0,2,0.3947137676668747
3407,171.25,-6.25,6.25,0.0,2,0.388634251432609
3408,173.75,-6.25,6.25,0.0,2,0.38901974315577165
3409,176.25,-6.25,6.25,0.0,2,0.39366528758241004
3410,178.75,-6.25,6.25,0.0,2,0.399220114818772
3411,181.25,-6.25,6.25,0.0,2,0.40254585539057197
3412,183.75,-6.25,6.25,0.0,2,0.4054176926766627
3413,186.25,-6.25,6.25,0.0,2,0.4119349164505506
3414,188.75,-6.25,6.25,0.0,2,0.4185246670980827
3415,191.25,-6.25,6.25,0.0,2,0.42793692862846366
3416,193.75,-6.25,6.25,0.0,2,0.4373131829560175
3417,196.25,-6.25,6.25,0.0,2,0.44714044168647954
3418,198.75,-6.25,6.25,0.0,2,0.4498660113869922
3419,201.25,-6.25,6.25,0.0,2,0.45312152690388624
3420,203.75,-6.25,6.25,0.0,2,0.4576160360079633
3421,206.25,-6.25,6.25,0.0,2,0.4626283646082358
3422,208.75,-6.25,6.25,0.0,2,0.4673220325527456
3423,211.25,-6.25,6.25,0.0,2,0.47013976327888
3424,213.75,-6.25,6.25,0.0,2,0.47535084315909937
3425,216.25,-6.25,6.25,0.0,2,0.4832867020379504
3426,218.75,-6.25,6.25,0.0,2,0.4876895666656605
3427,221.25,-6.25,6.25,0.0,2,0.48974383850555747
3428,223.75,-6.25,6.25,0.0,2,0.49283754754143844
3429,226.25,-6.25,6.25,0.0,2,0.5002034037096907
3430,228.75,-6.25,6.25,0.0,2,0.5047856212632418
3431,231.25,-6.25,6.25,0.0,2,0.5087337988098899
3432,233.75,-6.25,6.25,0.0,2,0.510249081033785
3433,236.25,-6.25,6.25,0.0,2,0.5149918506257399
3434,238.75,-6.25,6.25,0.0,2,0.5191802476122913
3435,241.25,-6.25,6.25,0.0,2,0.5244094898635334
3436,243.75,-6.25,6.25,0.0,2,0.5306762578810174
3437,246.25,-6.25,6.25,0.0,2,0.5381720585137867
3438,248.75,-6.25,6.25,0.0,2,0.5408827783280625
3439,251.25,-6.25,6.25,0.0,2,0.5398005913133465
3440,253.75,-6.25,6.25,0.0,2,0.5416972454571807
3441,256.25,-6.25,6.25,0.0,2,0.5477332700547023
3442,258.75,-6.25,6.25,0.0,2,0.5561328307601078
3443,261.25,-6.25,6.25,0.0,2,0.5700166960470645
3444,263.75,-6.25,6.25,0.0,2,0.5854742028379678
3445,266.25,-6.25,6.25,0.0,2,0.5976965793090427
3446,268.75,-6.25,6.25,0.0,2,0.6072947424724893
3447,271.25,-6.25,6.25,0.0,2,0.6304774448440569
3448,273.75,-6.25,6.25,0.0,2,0.67892327738034
3449,276.25,-6.25,6.25,0.0,2,0.7659437908926345
3450,278.75,-6.25,6.25,0.0,2,0.7941599304974825
3451,326.25,-6.25,6.25,0.0,1,0.3926624681204763
3452,328.75,-6.25,6.25,0.0,1,0.4069326780265034
3453,331.25,-6.25,6.25,0.0,1,0.4107439516748619
3454,333.75,-6.25,6.25,0.0,1,0.4154069886142232
3455,336.25,-6.25,6.25,0.0,1,0.4174706297450907
3456,338.75,-6.25,6.25,0.0,1,0.4171753524309374
3457,341.25,-6.25,6.25,0.0,1,0.41872172774982797
3458,343.75,-6.25,6.25,0.0,1,0.42628956888108394
3459,346.25,-6.25,6.25,0.0,1,0.4349124455149545
3460,348.75,-6.25,6.25,0.0,1,0.4443416560333327
3461,351.25,-6.25,6.25,0.0,1,0.4579082547435307
3462,353.75,-6.25,6.25,0.0,1,0.47414734022670557
3463,356.25,-6.25,6.25,0.0,1,0.49629209288249165
3464,358.75,-6.25,6.25,0.0,1,0.5180291559767186
3465,1.25,-3.75,3.75,0.0,1,0.62358776223107
3466,3.75,-3.75,3.75,0.0,1,0.6150212009432383
3467,6.25,-3.75,3.75,0.0,1,0.605062797353817
3468,8.75,-3.75,3.75,0.0,1,0.6139538891992488
3469,11.25,-3.75,3.75,0.0,1,0.5972002980962245
3470,41.25,-3.75,3.75,0.0,3,0.47934520487597226
3471,43.75,-3.75,3.75,0.0,3,0.5114927876075727
3472,46.25,-3.75,3.75,0.0,3,0.49817492915669553
3473,48.75,-3.75,3.75,0.0,3,0.4989281499587417
3474,51.25,-3.75,3.75,0.0,3,0.5057332533624737
3475,53.75,-3.75,3.75,0.0,3,0.5150568167017469
3476,56.25,-3.75,3.75,0.0,3,0.5246071439051038
3477,58.75,-3.75,3.75,0.0,3,0.5378611214399445
3478,61.25,-3.75,3.75,0.0,3,0.5416535815369526
3479,63.75,-3.75,3.75,0.0,3,0.5377999739595668
3480,66.25,-3.75,3.75,0.0,3,0.531842348635462
3481,68.75,-3.75,3.75,0.0,3,0.5252950860067109
3482,71.25,-3.75,3.75,0.0,3,0.520583152341172
3483,73.75,-3.75,3.75,0.0,3,0.5153150507860221
3484,76.25,-3.75,3.75,0.0,3,0.5152900853437627
3485,78.75,-3.75,3.75,0.0,3,0.5144519767446335
3486,81.25,-3.75,3.75,0.0,3,0.5158595470325149
3487,83.75,-3.75,3.75,0.0,3,0.5116392981670252
3488,86.25,-3.75,3.75,0.0,3,0.506840581439288
3489,88.75,-3.75,3.75,0.0,3,0.4988125651053623
3490,91.25,-3.75,3.75,0.0,3,0.4808759495157886
3491,93.75,-3.75,3.75,0.0,3,0.45808376502695025
3492,96.25,-3.75,3.75,0.0,3,0.4272634778501145
3493,98.75,-3.75,3.75,0.0,3,0.40311036325657873
3494,101.25,-3.75,3.75,0.0,3,0.40914428830465244
3495,106.25,-3.75,3.75,0.0,3,0.47263102488705006
3496,108.75,-3.75,3.75,0.0,3,0.5288979078495997
3497,111.25,-3.75,3.75,0.0,3,0.5560968523431875
3498,113.75,-3.75,3.75,0.0,3,0.5409079754622362
3499,116.25,-3.75,3.75,0.0,3,0.564474577114101
3500,118.75,-3.75,3.75,0.0,3,0.5429309043668867
3501,123.75,-3.75,3.75,0.0,2,0.6255066614116755
3502,126.25,-3.75,3.75,0.0,2,0.658174611847558
3503,128.75,-3.75,3.75,0.0,2,0.6268286540732642
3504,131.25,-3.75,3.75,0.0,2,0.5929775249276794
3505,133.75,-3.75,3.75,0.0,2,0.4491192226521233
3506,143.75,-3.75,3.75,0.0,2,0.4413290466669339
3507,146.25,-3.75,3.75,0.0,2,0.443950650206003
3508,148.75,-3.75,3.75,0.0,2,0.4452709466742007
3509,151.25,-3.75,3.75,0.0,2,0.4354216747441514
3510,153.75,-3.75,3.75,0.0,2,0.42593476936524033
3511,156.25,-3.75,3.75,0.0,2,0.4134250627464209
3512,158.75,-3.75,3.75,0.0,2,0.4072543987099118
3513,161.25,-3.75,3.75,0.0,2,0.41189438951752105
3514,163.75,-3.75,3.75,0.0,2,0.4114694528748785
3515,166.25,-3.75,3.75,0.0,2,0.41674929885766177
3516,168.75,-3.75,3.75,0.0,2,0.42170649908206964
3517,171.25,-3.75,3.75,0.0,2,0.43204168261933856
3518,173.75,-3.75,3.75,0.0,2,0.44675703233648156
3519,176.25,-3.75,3.75,0.0,2,0.4589191565268972
3520,178.75,-3.75,3.75,0.0,2,0.46619307327827914
3521,181.25,-3.75,3.75,0.0,2,0.47085032738503024
3522,183.75,-3.75,3.75,0.0,2,0.47577648944790824
3523,186.25,-3.75,3.75,0.0,2,0.4838265189436882
3524,188.75,-3.75,3.75,0.0,2,0.4862890422433668
3525,191.25,-3.75,3.75,0.0,2,0.4898115127971284
3526,193.75,-3.75,3.75,0.0,2,0.4952445265195617
3527,196.25,-3.75,3.75,0.0,2,0.5029923037354633
3528,198.75,-3.75,3.75,0.0,2,0.5032263856416557
3529,201.25,-3.75,3.75,0.0,2,0.5079738165888942
3530,203.75,-3.75,3.75,0.0,2,0.5116014080049384
3531,206.25,-3.75,3.75,0.0,2,0.5165483565229716
3532,208.75,-3.75,3.75,0.0,2,0.5252575652347621
3533,211.25,-3.75,3.75,0.0,2,0.5324634088486936
3534,213.75,-3.75,3.75,0.0,2,0.5368709925065769
3535,216.25,-3.75,3.75,0.0,2,0.5270278077124254
3536,218.75,-3.75,3.75,0.0,2,0.5256583599954469
3537,221.25,-3.75,3.75,0.0,2,0.5349247844210303
3538,223.75,-3.75,3.75,0.0,2,0.5372401191977016
3539,226.25,-3.75,3.75,0.0,2,0.5367045921472572
3540,228.75,-3.75,3.75,0.0,2,0.5468480478476593
3541,231.25,-3.75,3.75,0.0,2,0.5541118517554635
3542,233.75,-3.75,3.75,0.0,2,0.5602728148876308
3543,236.25,-3.75,3.75,0.0,2,0.5695769043001607
3544,238.75,-3.75,3.75,0.0,2,0.5769852855404684
3545,241.25,-3.75,3.75,0.0,2,0.5788755190670084
3546,243.75,-3.75,3.75,0.0,2,0.5817696726624706
3547,246.25,-3.75,3.75,0.0,2,0.5868109855723505
3548,248.75,-3.75,3.75,0.0,2,0.5902523787585643
3549,251.25,-3.75,3.75,0.0,2,0.5904053817926661
3550,253.75,-3.75,3.75,0.0,2,0.5932548404238426
3551,256.25,-3.75,3.75,0.0,2,0.5988644960840968
3552,258.75,-3.75,3.75,0.0,2,0.609315551351718
3553,261.25,-3.75,3.75,0.0,2,0.6307128455704927
3554,263.75,-3.75,3.75,0.0,2,0.6499030149375304
3555,266.25,-3.75,3.75,0.0,2,0.6672857567188457
3556,268.75,-3.75,3.75,0.0,2,0.6525957541296402
3557,271.25,-3.75,3.75,0.0,2,0.6837982965294079
3558,273.75,-3.75,3.75,0.0,2,0.7345618028337851
3559,276.25,-3.75,3.75,0.0,2,0.7988464728042
3560,278.75,-3.75,3.75,0.0,2,0.7219982918136083
3561,321.25,-3.75,3.75,0.0,1,0.46075578411656887
3562,323.75,-3.75,3.75,0.0,1,0.4455478547497236
3563,326.25,-3.75,3.75,0.0,1,0.4707884506759793
3564,328.75,-3.75,3.75,0.0,1,0.4823770911069059
3565,331.25,-3.75,3.75,0.0,1,0.4876226727155578
3566,333.75,-3.75,3.75,0.0,1,0.4905429007811137
3567,336.25,-3.75,3.75,0.0,1,0.4978987632658263
3568,338.75,-3.75,3.75,0.0,1,0.5037929923286041
3569,341.25,-3.75,3.75,0.0,1,0.5121725801011177
3570,343.75,-3.75,3.75,0.0,1,0.5239498604331705
3571,346.25,-3.75,3.75,0.0,1,0.5442540107861964
3572,348.75,-3.75,3.75,0.0,1,0.5712020517807224
3573,351.25,-3.75,3.75,0.0,1,0.5976614316319944
3574,353.75,-3.75,3.75,0.0,1,0.6214164341483546
3575,356.25,-3.75,3.75,0.0,1,0.6342359909880392
3576,358.75,-3.75,3.75,0.0,1,0.638869471347064
3577,1.25,-1.25,1.25,0.0,1,0.5967881080249252
3578,3.75,-1.25,1.25,0.0,1,0.5803177382857302
3579,6.25,-1.25,1.25,0.0,1,0.5562010440045533
3580,8.75,-1.25,1.25,0.0,1,0.5274216566487068
3581,41.25,-1.25,1.25,0.0,3,0.45087559581639325
3582,43.75,-1.25,1.25,0.0,3,0.4911111607799895
3583,46.25,-1.25,1.25,0.0,3,0.5033748685236089
3584,48.75,-1.25,1.25,0.0,3,0.498510880708474
3585,51.25,-1.25,1.25,0.0,3,0.5060667555451315
3586,53.75,-1.25,1.25,0.0,3,0.516502552358025
3587,56.25,-1.25,1.25,0.0,3,0.5195110345311714
3588,58.75,-1.25,1.25,0.0,3,0.5186361909753627
3589,61.25,-1.25,1.25,0.0,3,0.516336073878794
3590,63.75,-1.25,1.25,0.0,3,0.5068717951399584
3591,66.25,-1.25,1.25,0.0,3,0.5006034526374977
3592,68.75,-1.25,1.25,0.0,3,0.49466524395769657
3593,71.25,-1.25,1.25,0.0,3,0.49233223325910247
3594,73.75,-1.25,1.25,0.0,3,0.4896804994172803
3595,76.25,-1.25,1.25,0.0,3,0.4933552994837452
3596,78.75,-1.25,1.25,0.0,3,0.49668391569422676
3597,81.25,-1.25,1.25,0.0,3,0.5005482755613923
3598,83.75,-1.25,1.25,0.0,3,0.4974022190900832
3599,86.25,-1.25,1.25,0.0,3,0.49115354717962156
3600,88.75,-1.25,1.25,0.0,3,0.4812301803788532
3601,91.25,-1.25,1.25,0.0,3,0.46441150193601877
3602,93.75,-1.25,1.25,0.0,3,0.4506820335617894
3603,96.25,-1.25,1.25,0.0,3,0.43853695063283094
3604,98.75,-1.25,1.25,0.0,3,0.44370911994020845
3605,106.25,-1.25,1.25,0.0,3,0.5451723736994208
3606,108.75,-1.25,1.25,0.0,3,0.5799138460574068
3607,118.75,-1.25,1.25,0.0,3,0.5030505583995952
3608,123.75,-1.25,1.25,0.0,2,0.5865458813774034
3609,126.25,-1.25,1.25,0.0,2,0.6322169257471033
3610,128.75,-1.25,1.25,0.0,2,0.5898713307031849
3611,131.25,-1.25,1.25,0.0,2,0.5861453704633474
3612,133.75,-1.25,1.25,0.0,0,0.5273411364252506
3613,136.25,-1.25,1.25,0.0,2,0.47473365989229893
3614,138.75,-1.25,1.25,0.0,2,0.44989658359985446
3615,141.25,-1.25,1.25,0.0,2,0.42551753531633285
3616,143.75,-1.25,1.25,0.0,2,0.420728426542466
3617,146.25,-1.25,1.25,0.0,2,0.4197347877799355
3618,148.75,-1.25,1.25,0.0,2,0.41265608212860766
3619,151.25,-1.25,1.25,0.0,2,0.40852277702318857
3620,153.75,-1.25,1.25,0.0,2,0.4095631900049051
3621,156.25,-1.25,1.25,0.0,2,0.4083620202750936
3622,158.75,-1.25,1.25,0.0,2,0.4103790600799871
3623,161.25,-1.25,1.25,0.0,2,0.4175280534101869
3624,163.75,-1.25,1.25,0.0,2,0.425087335635074
3625,166.25,-1.25,1.25,0.0,2,0.43642573651036304
3626,168.75,-1.25,1.25,0.0,2,0.44247241984538255
3627,171.25,-1.25,1.25,0.0,2,0.4482951913492977
3628,173.75,-1.25,1.25,0.0,2,0.4517807407460174
3629,176.25,-1.25,1.25,0.0,2,0.4552014296800443
3630,178.75,-1.25,1.25,0.0,2,0.45550009802623836
3631,181.25,-1.25,1.25,0.0,2,0.4518445954754977
3632,183.75,-1.25,1.25,0.0,2,0.44965309799582087
3633,186.25,-1.25,1.25,0.0,2,0.4469459406660292
3634,188.75,-1.25,1.25,0.0,2,0.444274047897434
3635,191.25,-1.25,1.25,0.0,2,0.44339456630974
3636,193.75,-1.25,1.25,0.0,2,0.4445200092478815
3637,196.25,-1.25,1.25,0.0,2,0.44457027452083686
3638,198.75,-1.25,1.25,0.0,2,0.447239293920968
3639,201.25,-1.25,1.25,0.0,2,0.45173378865545133
3640,203.75,-1.25,1.25,0.0,2,0.4566971886474985
3641,206.25,-1.25,1.25,0.0,2,0.4621645780888083
3642,208.75,-1.25,1.25,0.0,2,0.4670387727290607
3643,211.25,-1.25,1.25,0.0,2,0.47038231251687107
3644,213.75,-1.25,1.25,0.0,2,0.4758641275365253
3645,216.25,-1.25,1.25,0.0,2,0.48461636349240267
3646,218.75,-1.25,1.25,0.0,2,0.4920123397854774
3647,221.25,-1.25,1.25,0.0,2,0.5030654192294005
3648,223.75,-1.25,1.25,0.0,2,0.5179271318696783
3649,226.25,-1.25,1.25,0.0,2,0.5339298824355971
3650,228.75,-1.25,1.25,0.0,2,0.5509022035765024
3651,231.25,-1.25,1.25,0.0,2,0.5738524365446267
3652,233.75,-1.25,1.25,0.0,2,0.5937009115054506
3653,236.25,-1.25,1.25,0.0,2,0.6160075188356443
3654,238.75,-1.25,1.25,0.0,2,0.6362553646640821
3655,241.25,-1.25,1.25,0.0,2,0.6608934425035441
3656,243.75,-1.25,1.25,0.0,2,0.6761737362781172
3657,246.25,-1.25,1.25,0.0,2,0.6945579444130502
3658,248.75,-1.25,1.25,0.0,2,0.7152399638971373
3659,251.25,-1.25,1.25,0.0,2,0.7291869313161736
3660,253.75,-1.25,1.25,0.0,2,0.7381370951184849
3661,256.25,-1.25,1.25,0.0,2,0.747774092463488
3662,258.75,-1.25,1.25,0.0,2,0.7557006876425292
3663,261.25,-1.25,1.25,0.0,2,0.7675691112167237
3664,263.75,-1.25,1.25,0.0,2,0.780398773840741
3665,266.25,-1.25,1.25,0.0,2,0.8006073233271176
3666,268.75,-1.25,1.25,0.0,2,0.7480950370125472
3667,271.25,-1.25,1.25,0.0,2,0.7367513017026808
3668,273.75,-1.25,1.25,0.0,2,0.736859950601074
3669,276.25,-1.25,1.25,0.0,2,0.7101581531529714
3670,278.75,-1.25,1.25,0.0,2,0.6545967846227568
3671,313.75,-1.25,1.25,0.0,1,0.5641515048209587
3672,316.25,-1.25,1.25,0.0,1,0.52868448115309
3673,318.75,-1.25,1.25,0.0,1,0.5238715021404257
3674,321.25,-1.25,1.25,0.0,1,0.5443735342929692
3675,323.75,-1.25,1.25,0.0,1,0.5659358094850694
3676,326.25,-1.25,1.25,0.0,1,0.5838055701766517
3677,328.75,-1.25,1.25,0.0,1,0.5934332018450247
3678,331.25,-1.25,1.25,0.0,1,0.5944673569633202
3679,333.75,-1.25,1.25,0.0,1,0.600137566503447
3680,336.25,-1.25,1.25,0.0,1,0.6105898198421734
3681,338.75,-1.25,1.25,0.0,1,0.6285974510504767
3682,341.25,-1.25,1.25,0.0,1,0.6476885447496261
3683,343.75,-1.25,1.25,0.0,1,0.6687811877464118
3684,346.25,-1.25,1.25,0.0,1,0.6862555361100376
3685,348.75,-1.25,1.25,0.0,1,0.6990545976680953
3686,351.25,-1.25,1.25,0.0,1,0.7046357325714399
3687,353.75,-1.25,1.25,0.0,1,0.6912476039965146
3688,356.25,-1.25,1.25,0.0,1,0.6649518737468014
3689,358.75,-1.25,1.25,0.0,1,0.6329594422079033
3690,1.25,1.25,1.25,0.0,1,0.5164065468008382
3691,3.75,1.25,1.25,0.0,1,0.5181772312058485
3692,6.25,1.25,1.25,0.0,1,0.5139426073172048
3693,8.75,1.25,1.25,0.0,1,0.4781759210118129
3694,43.75,1.25,1.25,0.0,3,0.4819029556049485
3695,46.25,1.25,1.25,0.0,3,0.49807542840547253
3696,48.75,1.25,1.25,0.0,3,0.5104467744592212
3697,51.25,1.25,1.25,0.0,3,0.5250854140838077
3698,53.75,1.25,1.25,0.0,3,0.5378891228542887
3699,56.25,1.25,1.25,0.0,3,0.546557393870854
3700,58.75,1.25,1.25,0.0,3,0.5444942217202104
3701,61.25,1.25,1.25,0.0,3,0.535778933173427
3702,63.75,1.25,1.25,0.0,3,0.5261790483216817
3703,66.25,1.25,1.25,0.0,3,0.5164984202080076
3704,68.75,1.25,1.25,0.0,3,0.5066935404541668
3705,71.25,1.25,1.25,0.0,3,0.49682531785277406
3706,73.75,1.25,1.25,0.0,3,0.4916283216498329
3707,76.25,1.25,1.25,0.0,3,0.48633517037406876
3708,78.75,1.25,1.25,0.0,3,0.48550451335625217
3709,81.25,1.25,1.25,0.0,3,0.4925366091417739
3710,83.75,1.25,1.25,0.0,3,0.5030979887169243
3711,86.25,1.25,1.25,0.0,3,0.5118546015639314
3712,88.75,1.25,1.25,0.0,3,0.5164301664029436
3713,91.25,1.25,1.25,0.0,3,0.5058262882151253
3714,93.75,1.25,1.25,0.0,3,0.4892619596729457
3715,96.25,1.25,1.25,0.0,3,0.468867237814797
3716,98.75,1.25,1.25,0.0,3,0.4595872576181631
3717,103.75,1.25,1.25,0.0,3,0.4911831045392128
3718,106.25,1.25,1.25,0.0,3,0.6219358153749514
3719,108.75,1.25,1.25,0.0,3,0.5991192013418423
3720,118.75,1.25,1.25,0.0,3,0.517410409021138
3721,121.25,1.25,1.25,0.0,2,0.5510683685150424
3722,123.75,1.25,1.25,0.0,2,0.5875685830486698
3723,126.25,1.25,1.25,0.0,2,0.6620367981508657
3724,128.75,1.25,1.25,0.0,2,0.5376684319035769
3725,131.25,1.25,1.25,0.0,2,0.5106224882500751
3726,133.75,1.25,1.25,0.0,2,0.48112416425738175
3727,136.25,1.25,1.25,0.0,2,0.4448147541054716
3728,138.75,1.25,1.25,0.0,2,0.42680366751503623
3729,141.25,1.25,1.25,0.0,2,0.42255719587661045
3730,143.75,1.25,1.25,0.0,2,0.4107055960423653
3731,146.25,1.25,1.25,0.0,2,0.39874109538715097
3732,148.75,1.25,1.25,0.0,2,0.38926032242307423
3733,151.25,1.25,1.25,0.0,2,0.38463790906248035
3734,153.75,1.25,1.25,0.0,2,0.38912664070119274
3735,156.25,1.25,1.25,0.0,2,0.3913229008453502
3736,158.75,1.25,1.25,0.0,2,0.39338715225833004
3737,161.25,1.25,1.25,0.0,2,0.39428806202802064
3738,163.75,1.25,1.25,0.0,2,0.3975908856571354
3739,166.25,1.25,1.25,0.0,2,0.4022682050890748
3740,168.75,1.25,1.25,0.0,2,0.4106440646787387
3741,171.25,1.25,1.25,0.0,2,0.4175415772632198
3742,173.75,1.25,1.25,0.0,2,0.42128512300704907
3743,176.25,1.25,1.25,0.0,2,0.42499516725084224
3744,178.75,1.25,1.25,0.0,2,0.43001036768077094
3745,181.25,1.25,1.25,0.0,2,0.43261052858370397
3746,183.75,1.25,1.25,0.0,2,0.4349114382459068
3747,186.25,1.25,1.25,0.0,2,0.44047843327764447
3748,188.75,1.25,1.25,0.0,2,0.4430353899590651
3749,191.25,1.25,1.25,0.0,2,0.4484288174490451
3750,193.75,1.25,1.25,0.0,2,0.4551336669913857
3751,196.25,1.25,1.25,0.0,2,0.465857577627778
3752,198.75,1.25,1.25,0.0,2,0.47905947884153516
3753,201.25,1.25,1.25,0.0,2,0.4864497270961797
3754,203.75,1.25,1.25,0.0,2,0.4905974623053764
3755,206.25,1.25,1.25,0.0,2,0.4983699090991539
3756,208.75,1.25,1.25,0.0,2,0.5096243395485064
3757,211.25,1.25,1.25,0.0,2,0.5290157029793103
3758,213.75,1.25,1.25,0.0,2,0.5441978684388841
3759,216.25,1.25,1.25,0.0,2,0.5499052475614903
3760,218.75,1.25,1.25,0.0,2,0.5594170767964457
3761,221.25,1.25,1.25,0.0,2,0.5894740758662779
3762,223.75,1.25,1.25,0.0,2,0.6099159682826434
3763,226.25,1.25,1.25,0.0,2,0.6258994702297186
3764,228.75,1.25,1.25,0.0,2,0.6417129796296112
3765,231.25,1.25,1.25,0.0,2,0.6687434213392296
3766,233.75,1.25,1.25,0.0,2,0.6837162215778342
3767,236.25,1.25,1.25,0.0,2,0.7026387662831624
3768,238.75,1.25,1.25,0.0,2,0.7247022946811306
3769,241.25,1.25,1.25,0.0,2,0.7478101714776895
3770,243.75,1.25,1.25,0.0,2,0.7749912045058656
3771,246.25,1.25,1.25,0.0,2,0.8001349934902044
3772,248.75,1.25,1.25,0.0,2,0.820035380185431
3773,251.25,1.25,1.25,0.0,2,0.8333125237572248
3774,253.75,1.25,1.25,0.0,2,0.834663130048139
3775,256.25,1.25,1.25,0.0,2,0.8357921215743863
3776,258.75,1.25,1.25,0.0,2,0.8291361631377423
3777,261.25,1.25,1.25,0.0,2,0.8036114943032456
3778,263.75,1.25,1.25,0.0,2,0.7730039310521006
3779,266.25,1.25,1.25,0.0,2,0.7300739276650118
3780,268.75,1.25,1.25,0.0,2,0.7360239356161459
3781,271.25,1.25,1.25,0.0,2,0.784942837446874
3782,273.75,1.25,1.25,0.0,2,0.7711515328148424
3783,276.25,1.25,1.25,0.0,2,0.7116861303581861
3784,278.75,1.25,1.25,0.0,2,0.6804500183455378
3785,281.25,1.25,1.25,0.0,0,0.6342474520979922
3786,311.25,1.25,1.25,0.0,1,0.5586739223465451
3787,313.75,1.25,1.25,0.0,1,0.5379139649155208
3788,316.25,1.25,1.25,0.0,1,0.5447507427559959
3789,318.75,1.25,1.25,0.0,1,0.5704445155731153
3790,321.25,1.25,1.25,0.0,1,0.6035348394033665
3791,323.75,1.25,1.25,0.0,1,0.6289989619920884
3792,326.25,1.25,1.25,0.0,1,0.6569847780313064
3793,328.75,1.25,1.25,0.0,1,0.6750311728320719
3794,331.25,1.25,1.25,0.0,1,0.6728248999007564
3795,333.75,1.25,1.25,0.0,1,0.6573970464121753
3796,336.25,1.25,1.25,0.0,1,0.6488516339910188
3797,338.75,1.25,1.25,0.0,1,0.644996414120437
3798,341.25,1.25,1.25,0.0,1,0.6404570605088684
3799,343.75,1.25,1.25,0.0,1,0.63838144874223
3800,346.25,1.25,1.25,0.0,1,0.6335198157805241
3801,348.75,1.25,1.25,0.0,1,0.6224673914892142
3802,351.25,1.25,1.25,0.0,1,0.6002474274066795
3803,353.75,1.25,1.25,0.0,1,0.5674625456485787
3804,356.25,1.25,1.25,0.0,1,0.5417621825073561
3805,358.75,1.25,1.25,0.0,1,0.5216687714908782
3806,1.25,3.75,3.75,0.0,1,0.4888079166960132
3807,3.75,3.75,3.75,0.0,1,0.5233726170795907
3808,6.25,3.75,3.75,0.0,1,0.48540023246233954
3809,8.75,3.75,3.75,0.0,1,0.462553270732834
3810,48.75,3.75,3.75,0.0,3,0.49279689928013115
3811,51.25,3.75,3.75,0.0,3,0.49766505256240834
3812,53.75,3.75,3.75,0.0,3,0.5091877443699265
3813,56.25,3.75,3.75,0.0,3,0.5297638790240183
3814,58.75,3.75,3.75,0.0,3,0.5353840812374535
3815,61.25,3.75,3.75,0.0,3,0.5284899941759614
3816,63.75,3.75,3.75,0.0,3,0.5217133537355844
3817,66.25,3.75,3.75,0.0,3,0.5144192924062135
3818,68.75,3.75,3.75,0.0,3,0.5072133858384259
3819,71.25,3.75,3.75,0.0,3,0.5027178711706751
3820,73.75,3.75,3.75,0.0,3,0.4990629621903823
3821,76.25,3.75,3.75,0.0,3,0.5067053554126264
3822,78.75,3.75,3.75,0.0,3,0.5074098523313777
3823,81.25,3.75,3.75,0.0,3,0.5150024323494012
3824,83.75,3.75,3.75,0.0,3,0.5191657432194978
3825,86.25,3.75,3.75,0.0,3,0.5310571407067899
3826,88.75,3.75,3.75,0.0,3,0.5365152727202294
3827,91.25,3.75,3.75,0.0,3,0.5334919665722857
3828,93.75,3.75,3.75,0.0,3,0.4987991347248388
3829,96.25,3.75,3.75,0.0,3,0.4349029153240941
3830,103.75,3.75,3.75,0.0,3,0.5692785936388572
3831,106.25,3.75,3.75,0.0,3,0.6566085182956354
3832,108.75,3.75,3.75,0.0,3,0.6891987572229714
3833,111.25,3.75,3.75,0.0,3,0.6684180765801325
3834,113.75,3.75,3.75,0.0,3,0.5605212287189131
3835,118.75,3.75,3.75,0.0,3,0.5098161304307525
3836,121.25,3.75,3.75,0.0,2,0.5944370034759284
3837,123.75,3.75,3.75,0.0,2,0.5803515994398503
3838,126.25,3.75,3.75,0.0,2,0.6115760665723645
3839,128.75,3.75,3.75,0.0,2,0.5794498642409966
3840,131.25,3.75,3.75,0.0,2,0.49432295182966834
3841,133.75,3.75,3.75,0.0,2,0.5150726364851723
3842,136.25,3.75,3.75,0.0,2,0.5253747111980236
3843,138.75,3.75,3.75,0.0,2,0.5091314198748351
3844,141.25,3.75,3.75,0.0,2,0.47197644755860335
3845,143.75,3.75,3.75,0.0,2,0.45656157816495707
3846,146.25,3.75,3.75,0.0,2,0.4449413232003746
3847,148.75,3.75,3.75,0.0,2,0.43709611327840386
3848,151.25,3.75,3.75,0.0,2,0.43054029694632434
3849,153.75,3.75,3.75,0.0,2,0.4190403507744276
3850,156.25,3.75,3.75,0.0,2,0.4061640303865812
3851,158.75,3.75,3.75,0.0,2,0.40236833704176767
3852,161.25,3.75,3.75,0.0,2,0.40590099986450084
3853,163.75,3.75,3.75,0.0,2,0.4063237435016435
3854,166.25,3.75,3.75,0.0,2,0.4043529874938475
3855,168.75,3.75,3.75,0.0,2,0.4050343667508809
3856,171.25,3.75,3.75,0.0,2,0.41002265524322573
3857,173.75,3.75,3.75,0.0,2,0.4099997471641813
3858,176.25,3.75,3.75,0.0,2,0.41743126210466164
3859,178.75,3.75,3.75,0.0,2,0.42514813218536185
3860,181.25,3.75,3.75,0.0,2,0.4339653768149314
3861,183.75,3.75,3.75,0.0,2,0.4448645278448959
3862,186.25,3.75,3.75,0.0,2,0.45646858721477135
3863,188.75,3.75,3.75,0.0,2,0.4644629644096339
3864,191.25,3.75,3.75,0.0,2,0.4750659366576596
3865,193.75,3.75,3.75,0.0,2,0.4893546347278208
3866,196.25,3.75,3.75,0.0,2,0.5051215225050916
3867,198.75,3.75,3.75,0.0,2,0.5195983176856286
3868,201.25,3.75,3.75,0.0,2,0.5367476369511437
3869,203.75,3.75,3.75,0.0,2,0.5469463131646434
3870,206.25,3.75,3.75,0.0,2,0.5579493019315305
3871,208.75,3.75,3.75,0.0,2,0.5738862989095639
3872,211.25,3.75,3.75,0.0,2,0.5921651887959798
3873,213.75,3.75,3.75,0.0,2,0.608188689530786
3874,216.25,3.75,3.75,0.0,2,0.6249103273418182
3875,218.75,3.75,3.75,0.0,2,0.6295567007252446
3876,221.25,3.75,3.75,0.0,2,0.6441406386350346
3877,223.75,3.75,3.75,0.0,2,0.6596050007380291
3878,226.25,3.75,3.75,0.0,2,0.6741180206075409
3879,228.75,3.75,3.75,0.0,2,0.6802339502738804
3880,231.25,3.75,3.75,0.0,2,0.6969973446445691
3881,233.75,3.75,3.75,0.0,2,0.7090117245225068
3882,236.25,3.75,3.75,0.0,2,0.718782167311249
3883,238.75,3.75,3.75,0.0,2,0.7306107695390448
3884,241.25,3.75,3.75,0.0,2,0.7362091107874428
3885,243.75,3.75,3.75,0.0,2,0.7344426739156839
3886,246.25,3.75,3.75,0.0,2,0.7249827756693306
3887,248.75,3.75,3.75,0.0,2,0.7200522520674355
3888,251.25,3.75,3.75,0.0,2,0.7186543851309637
3889,253.75,3.75,3.75,0.0,2,0.7192309471750933
3890,256.25,3.75,3.75,0.0,2,0.7210413430946662
3891,258.75,3.75,3.75,0.0,2,0.7206152380972161
3892,261.25,3.75,3.75,0.0,2,0.7083038573869509
3893,263.75,3.75,3.75,0.0,2,0.6949759366187258
3894,266.25,3.75,3.75,0.0,2,0.6794618021938235
3895,268.75,3.75,3.75,0.0,2,0.6858650165112986
3896,271.25,3.75,3.75,0.0,2,0.7146810166744763
3897,273.75,3.75,3.75,0.0,2,0.7122157757202131
3898,276.25,3.75,3.75,0.0,2,0.7101245859986797
3899,278.75,3.75,3.75,0.0,2,0.7214758565551448
3900,281.25,3.75,3.75,0.0,1,0.6481293227971331
3901,308.75,3.75,3.75,0.0,1,0.6545050864701879
3902,311.25,3.75,3.75,0.0,1,0.563201025656584
3903,313.75,3.75,3.75,0.0,1,0.5914980670898891
3904,316.25,3.75,3.75,0.0,1,0.6161493059366676
3905,318.75,3.75,3.75,0.0,1,0.6131040609335942
3906,321.25,3.75,3.75,0.0,1,0.6313802631426766
3907,323.75,3.75,3.75,0.0,1,0.6471283174513756
3908,326.25,3.75,3.75,0.0,1,0.6556351717105179
3909,328.75,3.75,3.75,0.0,1,0.6611385283102664
3910,331.25,3.75,3.75,0.0,1,0.6611778064114479
3911,333.75,3.75,3.75,0.0,1,0.6510630296184401
3912,336.25,3.75,3.75,0.0,1,0.6114677919771829
3913,338.75,3.75,3.75,0.0,1,0.5728886198009326
3914,341.25,3.75,3.75,0.0,1,0.533579042673947
3915,343.75,3.75,3.75,0.0,1,0.5066616099191845
3916,346.25,3.75,3.75,0.0,1,0.4957401530533902
3917,348.75,3.75,3.75,0.0,1,0.44712959060669627
3918,351.25,3.75,3.75,0.0,1,0.4495033376756548
3919,353.75,3.75,3.75,0.0,1,0.3811854567588808
3920,356.25,3.75,3.75,0.0,1,0.3994992954758288
3921,358.75,3.75,3.75,0.0,1,0.42706779591771943
3922,1.25,6.25,6.25,0.0,1,0.3398057268965081
3923,3.75,6.25,6.25,0.0,1,0.3989051966664115
3924,48.75,6.25,6.25,0.0,0,0.505538800551915
3925,51.25,6.25,6.25,0.0,3,0.4972423571116473
3926,53.75,6.25,6.25,0.0,3,0.4993421136861941
3927,56.25,6.25,6.25,0.0,3,0.5159262115542698
3928,58.75,6.25,6.25,0.0,3,0.5310843689124829
3929,61.25,6.25,6.25,0.0,3,0.5236308477922863
3930,63.75,6.25,6.25,0.0,3,0.523930029293452
3931,66.25,6.25,6.25,0.0,3,0.5138683296979503
3932,68.75,6.25,6.25,0.0,3,0.4986462464405104
3933,71.25,6.25,6.25,0.0,3,0.47230275624065354
3934,73.75,6.25,6.25,0.0,3,0.450596493568011
3935,76.25,6.25,6.25,0.0,3,0.47111789534388493
3936,78.75,6.25,6.25,0.0,3,0.49986245875939983
3937,81.25,6.25,6.25,0.0,3,0.5258327158291703
3938,83.75,6.25,6.25,0.0,3,0.5252326078910508
3939,86.25,6.25,6.25,0.0,3,0.5303669859966149
3940,88.75,6.25,6.25,0.0,3,0.5335244097215882
3941,91.25,6.25,6.25,0.0,3,0.53847909993756
3942,93.75,6.25,6.25,0.0,3,0.5236699674869347
3943,96.25,6.25,6.25,0.0,3,0.4959271583539803
3944,98.75,6.25,6.25,0.0,3,0.4425169796698062
3945,103.75,6.25,6.25,0.0,3,0.542959264444967
3946,106.25,6.25,6.25,0.0,3,0.6546750553513483
3947,108.75,6.25,6.25,0.0,3,0.685485676968736
3948,111.25,6.25,6.25,0.0,3,0.6801441351222302
3949,113.75,6.25,6.25,0.0,3,0.6491340309923546
3950,116.25,6.25,6.25,0.0,0,0.637552028260803
3951,118.75,6.25,6.25,0.0,3,0.5700086278853168
3952,121.25,6.25,6.25,0.0,2,0.6311960839631647
3953,123.75,6.25,6.25,0.0,2,0.6647526793081102
3954,126.25,6.25,6.25,0.0,2,0.6443270915959441
3955,128.75,6.25,6.25,0.0,2,0.6357162286465182
3956,131.25,6.25,6.25,0.0,2,0.5921574916578428
3957,133.75,6.25,6.25,0.0,2,0.5818706327780162
3958,136.25,6.25,6.25,0.0,2,0.5793221278808485
3959,138.75,6.25,6.25,0.0,2,0.5637482180498846
3960,141.25,6.25,6.25,0.0,2,0.5453208182967968
3961,143.75,6.25,6.25,0.0,2,0.5314111121863749
3962,146.25,6.25,6.25,0.0,2,0.5128159690865555
3963,148.75,6.25,6.25,0.0,2,0.5029410063785774
3964,151.25,6.25,6.25,0.0,2,0.4995162926002308
3965,153.75,6.25,6.25,0.0,2,0.4954698695342782
3966,156.25,6.25,6.25,0.0,2,0.491361453485509
3967,158.75,6.25,6.25,0.0,2,0.4877862257546698
3968,161.25,6.25,6.25,0.0,2,0.48552713656704144
3969,163.75,6.25,6.25,0.0,2,0.4844634554837777
3970,166.25,6.25,6.25,0.0,2,0.48196322966374183
3971,168.75,6.25,6.25,0.0,2,0.48119062110012256
3972,171.25,6.25,6.25,0.0,2,0.4791948662154887
3973,173.75,6.25,6.25,0.0,2,0.47763240048764843
3974,176.25,6.25,6.25,0.0,2,0.47761408478243667
3975,178.75,6.25,6.25,0.0,2,0.4753670406445568
3976,181.25,6.25,6.25,0.0,2,0.4745123618919169
3977,183.75,6.25,6.25,0.0,2,0.47422746862652726
3978,186.25,6.25,6.25,0.0,2,0.4761241086702969
3979,188.75,6.25,6.25,0.0,2,0.4798081023712166
3980,191.25,6.25,6.25,0.0,2,0.48546266772990776
3981,193.75,6.25,6.25,0.0,2,0.4889008482645128
3982,196.25,6.25,6.25,0.0,2,0.494208731347021
3983,198.75,6.25,6.25,0.0,2,0.5021812828260869
3984,201.25,6.25,6.25,0.0,2,0.5119861994806726
3985,203.75,6.25,6.25,0.0,2,0.5245430522381651
3986,206.25,6.25,6.25,0.0,2,0.5396266942572141
3987,208.75,6.25,6.25,0.0,2,0.5557960523883179
3988,211.25,6.25,6.25,0.0,2,0.5730537840813267
3989,213.75,6.25,6.25,0.0,2,0.5877907302757371
3990,216.25,6.25,6.25,0.0,2,0.6042053245716931
3991,218.75,6.25,6.25,0.0,2,0.6193740108694977
3992,221.25,6.25,6.25,0.0,2,0.6380165861042038
3993,223.75,6.25,6.25,0.0,2,0.6531917605574473
3994,226.25,6.25,6.25,0.0,2,0.6670934524807749
3995,228.75,6.25,6.25,0.0,2,0.6761860777135876
3996,231.25,6.25,6.25,0.0,2,0.6813677422493749
3997,233.75,6.25,6.25,0.0,2,0.6851870974573055
3998,236.25,6.25,6.25,0.0,2,0.6851891348705039
3999,238.75,6.25,6.25,0.0,2,0.6811640905777553
4000,241.25,6.25,6.25,0.0,2,0.6781404192366064
4001,243.75,6.25,6.25,0.0,2,0.6797989526287721
4002,246.25,6.25,6.25,0.0,2,0.6823498791965649
4003,248.75,6.25,6.25,0.0,2,0.6793845062441519
4004,251.25,6.25,6.25,0.0,2,0.6780822048911755
4005,253.75,6.25,6.25,0.0,2,0.6830716531651831
4006,256.25,6.25,6.25,0.0,2,0.694934046433489
4007,258.75,6.25,6.25,0.0,2,0.7047632186294034
4008,261.25,6.25,6.25,0.0,2,0.7073310984712298
4009,263.75,6.25,6.25,0.0,2,0.6934996665377751
4010,266.25,6.25,6.25,0.0,2,0.6804184226735569
4011,268.75,6.25,6.25,0.0,2,0.6676050689217703
4012,271.25,6.25,6.25,0.0,2,0.6602969493475437
4013,273.75,6.25,6.25,0.0,2,0.682028333469525
4014,276.25,6.25,6.25,0.0,2,0.7106702925989729
4015,278.75,6.25,6.25,0.0,2,0.7050397136548026
4016,281.25,6.25,6.25,0.0,1,0.6490002994652212
4017,303.75,6.25,6.25,0.0,1,0.7128486119654058
4018,306.25,6.25,6.25,0.0,1,0.5876388812827505
4019,308.75,6.25,6.25,0.0,1,0.6258635021565859
4020,311.25,6.25,6.25,0.0,1,0.6088995038491083
4021,313.75,6.25,6.25,0.0,1,0.6753166297297277
4022,316.25,6.25,6.25,0.0,1,0.6852428687159345
4023,318.75,6.25,6.25,0.0,1,0.6712349993088771
4024,321.25,6.25,6.25,0.0,1,0.6884295858524325
4025,323.75,6.25,6.25,0.0,1,0.6958436029907098
4026,326.25,6.25,6.25,0.0,1,0.6965695804270754
4027,328.75,6.25,6.25,0.0,1,0.6895443102160868
4028,331.25,6.25,6.25,0.0,1,0.6794534662090829
4029,333.75,6.25,6.25,0.0,1,0.6665642614456649
4030,336.25,6.25,6.25,0.0,1,0.6444005138063783
4031,338.75,6.25,6.25,0.0,1,0.6023403986371282
4032,341.25,6.25,6.25,0.0,1,0.5154663676872493
4033,343.75,6.25,6.25,0.0,1,0.46374602948808014
4034,346.25,6.25,6.25,0.0,1,0.3914681187510809
4035,348.75,6.25,6.25,0.0,1,0.37863514467195913
4036,51.25,8.75,8.75,0.0,3,0.5232871606132714
4037,53.75,8.75,8.75,0.0,3,0.5092397360962531
4038,56.25,8.75,8.75,0.0,3,0.5049329137993287
4039,58.75,8.75,8.75,0.0,3,0.5188701833357365
4040,61.25,8.75,8.75,0.0,3,0.5137338611496104
4041,63.75,8.75,8.75,0.0,3,0.5089504986461236
4042,66.25,8.75,8.75,0.0,3,0.5023930304951703
4043,68.75,8.75,8.75,0.0,3,0.48934329358673556
4044,71.25,8.75,8.75,0.0,3,0.4563944509591397
4045,73.75,8.75,8.75,0.0,3,0.43575212806779784
4046,76.25,8.75,8.75,0.0,3,0.4494986033370266
4047,78.75,8.75,8.75,0.0,3,0.4246232129130564
4048,81.25,8.75,8.75,0.0,3,0.3949236748306332
4049,83.75,8.75,8.75,0.0,3,0.4789510088863738
4050,86.25,8.75,8.75,0.0,3,0.521558849543277
4051,88.75,8.75,8.75,0.0,3,0.5156544491707934
4052,91.25,8.75,8.75,0.0,3,0.5313191819601985
4053,93.75,8.75,8.75,0.0,3,0.5375283352323668
4054,96.25,8.75,8.75,0.0,3,0.5209113612133793
4055,101.25,8.75,8.75,0.0,3,0.5023508204712938
4056,103.75,8.75,8.75,0.0,3,0.4814795217805652
4057,106.25,8.75,8.75,0.0,3,0.5662047882600192
4058,108.75,8.75,8.75,0.0,3,0.6275478506228661
4059,111.25,8.75,8.75,0.0,3,0.6614090240738131
4060,113.75,8.75,8.75,0.0,3,0.6553726742538732
4061,116.25,8.75,8.75,0.0,3,0.6337881936638442
4062,118.75,8.75,8.75,0.0,3,0.6193536280936508
4063,121.25,8.75,8.75,0.0,2,0.6584039805753982
4064,128.75,8.75,8.75,0.0,2,0.636653826941753
4065,131.25,8.75,8.75,0.0,2,0.6355770506571585
4066,133.75,8.75,8.75,0.0,2,0.6262643613963748
4067,136.25,8.75,8.75,0.0,2,0.6156703483967095
4068,138.75,8.75,8.75,0.0,2,0.5983264283877795
4069,141.25,8.75,8.75,0.0,2,0.585739084614377
4070,143.75,8.75,8.75,0.0,2,0.57853194434711
4071,146.25,8.75,8.75,0.0,2,0.575851633383958
4072,148.75,8.75,8.75,0.0,2,0.5751980046563027
4073,151.25,8.75,8.75,0.0,2,0.5719754624049407
4074,153.75,8.75,8.75,0.0,2,0.5697791878966045
4075,156.25,8.75,8.75,0.0,2,0.5672156746210936
4076,158.75,8.75,8.75,0.0,2,0.5679004266245062
4077,161.25,8.75,8.75,0.0,2,0.567213096345155
4078,163.75,8.75,8.75,0.0,2,0.5667727352316193
4079,166.25,8.75,8.75,0.0,2,0.5662196478223742
4080,168.75,8.75,8.75,0.0,2,0.5659509241398455
4081,171.25,8.75,8.75,0.0,2,0.5640418769165003
4082,173.75,8.75,8.75,0.0,2,0.563962684501883
4083,176.25,8.75,8.75,0.0,2,0.5608637557160152
4084,178.75,8.75,8.75,0.0,2,0.5588467152309375
4085,181.25,8.75,8.75,0.0,2,0.5559606612497251
4086,183.75,8.75,8.75,0.0,2,0.5553451260801964
4087,186.25,8.75,8.75,0.0,2,0.5534019879913269
4088,188.75,8.75,8.75,0.0,2,0.5526020792276345
4089,191.25,8.75,8.75,0.0,2,0.5509531252424782
4090,193.75,8.75,8.75,0.0,2,0.5515136557232474
4091,196.25,8.75,8.75,0.0,2,0.5555087645132687
4092,198.75,8.75,8.75,0.0,2,0.5593321077790362
4093,201.25,8.75,8.75,0.0,2,0.5655776025649117
4094,203.75,8.75,8.75,0.0,2,0.5726745997136715
4095,206.25,8.75,8.75,0.0,2,0.5830400585197446
4096,208.75,8.75,8.75,0.0,2,0.5921508019537085
4097,211.25,8.75,8.75,0.0,2,0.6054625262761978
4098,213.75,8.75,8.75,0.0,2,0.6149605997365781
4099,216.25,8.75,8.75,0.0,2,0.6249467548771708
4100,218.75,8.75,8.75,0.0,2,0.6333073474003974
4101,221.25,8.75,8.75,0.0,2,0.6384265116518906
4102,223.75,8.75,8.75,0.0,2,0.6444538032424764
4103,226.25,8.75,8.75,0.0,2,0.6495968745576423
4104,228.75,8.75,8.75,0.0,2,0.651406393673547
4105,231.25,8.75,8.75,0.0,2,0.6582481772811947
4106,233.75,8.75,8.75,0.0,2,0.6620937142073654
4107,236.25,8.75,8.75,0.0,2,0.661813870683402
4108,238.75,8.75,8.75,0.0,2,0.6662983554246302
4109,241.25,8.75,8.75,0.0,2,0.6727282523158279
4110,243.75,8.75,8.75,0.0,2,0.6777583303622531
4111,246.25,8.75,8.75,0.0,2,0.6838743583914998
4112,248.75,8.75,8.75,0.0,2,0.688725737032073
4113,251.25,8.75,8.75,0.0,2,0.6896996550160116
4114,253.75,8.75,8.75,0.0,2,0.6947877361120367
4115,256.25,8.75,8.75,0.0,2,0.7039911519729892
4116,258.75,8.75,8.75,0.0,2,0.7100005808695533
4117,261.25,8.75,8.75,0.0,2,0.7109069424715186
4118,263.75,8.75,8.75,0.0,2,0.7079821839600791
4119,266.25,8.75,8.75,0.0,2,0.7003481349589346
4120,268.75,8.75,8.75,0.0,2,0.6960394534644849
4121,271.25,8.75,8.75,0.0,2,0.6981969996068561
4122,273.75,8.75,8.75,0.0,2,0.6930958819673473
4123,276.25,8.75,8.75,0.0,2,0.6739570831194954
4124,278.75,8.75,8.75,0.0,2,0.7210427451326624
4125,281.25,8.75,8.75,0.0,0,0.7499775389741509
4126,283.75,8.75,8.75,0.0,1,0.706780515315369
4127,298.75,8.75,8.75,0.0,1,0.7176427114521191
4128,301.25,8.75,8.75,0.0,1,0.6834161530893452
4129,303.75,8.75,8.75,0.0,1,0.6216968571256563
4130,306.25,8.75,8.75,0.0,1,0.6132674309986276
4131,308.75,8.75,8.75,0.0,1,0.6463582427932373
4132,311.25,8.75,8.75,0.0,1,0.7286657013847562
4133,313.75,8.75,8.75,0.0,1,0.7623925786404964
4134,316.25,8.75,8.75,0.0,1,0.7593111245759517
4135,318.75,8.75,8.75,0.0,1,0.7503806359848547
4136,321.25,8.75,8.75,0.0,1,0.7408343271938033
4137,323.75,8.75,8.75,0.0,1,0.7257933636619329
4138,326.25,8.75,8.75,0.0,1,0.7189914098340338
4139,328.75,8.75,8.75,0.0,1,0.7139887781801361
4140,331.25,8.75,8.75,0.0,1,0.70542731810904
4141,333.75,8.75,8.75,0.0,1,0.6873510298784331
4142,336.25,8.75,8.75,0.0,1,0.6545625049439798
4143,338.75,8.75,8.75,0.0,1,0.5973562962657619
4144,341.25,8.75,8.75,0.0,1,0.49275413902701753
4145,343.75,8.75,8.75,0.0,1,0.4095832494173701
4146,346.25,8.75,8.75,0.0,1,0.40091112139748253
4147,46.25,11.25,11.25,0.0,3,0.6802007559068209
4148,48.75,11.25,11.25,0.0,3,0.6425178540403342
4149,51.25,11.25,11.25,0.0,3,0.46340190033040635
4150,53.75,11.25,11.25,0.0,3,0.5308915922039324
4151,56.25,11.25,11.25,0.0,3,0.5239901905757638
4152,58.75,11.25,11.25,0.0,3,0.5001247982603829
4153,61.25,11.25,11.25,0.0,3,0.5090957097517761
4154,63.75,11.25,11.25,0.0,3,0.5100393643181026
4155,66.25,11.25,11.25,0.0,3,0.5022613664433182
4156,68.75,11.25,11.25,0.0,3,0.4828553306478299
4157,71.25,11.25,11.25,0.0,3,0.4534864851301213
4158,73.75,11.25,11.25,0.0,3,0.4061672130447389
4159,76.25,11.25,11.25,0.0,0,0.3753343924787382
4160,81.25,11.25,11.25,0.0,3,0.3955800810352194
4161,83.75,11.25,11.25,0.0,3,0.47012355629494573
4162,86.25,11.25,11.25,0.0,3,0.49430085633447685
4163,88.75,11.25,11.25,0.0,3,0.49141689865444527
4164,91.25,11.25,11.25,0.0,3,0.5000226255977968
4165,93.75,11.25,11.25,0.0,3,0.5087861559669447
4166,96.25,11.25,11.25,0.0,3,0.5068466082630821
4167,101.25,11.25,11.25,0.0,3,0.4920548358530029
4168,108.75,11.25,11.25,0.0,3,0.604506305142473
4169,111.25,11.25,11.25,0.0,3,0.6366141301626541
4170,113.75,11.25,11.25,0.0,3,0.6677278354738322
4171,116.25,11.25,11.25,0.0,3,0.6660168178036642
4172,118.75,11.25,11.25,0.0,3,0.6514878799690039
4173,121.25,11.25,11.25,0.0,2,0.6626266748091674
4174,126.25,11.25,11.25,0.0,2,0.6688909916056603
4175,128.75,11.25,11.25,0.0,2,0.6359060446124043
4176,131.25,11.25,11.25,0.0,2,0.6417176844165541
4177,133.75,11.25,11.25,0.0,2,0.6290218457347383
4178,136.25,11.25,11.25,0.0,2,0.6182263915652446
4179,138.75,11.25,11.25,0.0,2,0.6164404646771414
4180,141.25,11.25,11.25,0.0,2,0.6150601108394219
4181,143.75,11.25,11.25,0.0,2,0.619034917543401
4182,146.25,11.25,11.25,0.0,2,0.6206036517707028
4183,148.75,11.25,11.25,0.0,2,0.623482336063709
4184,151.25,11.25,11.25,0.0,2,0.6243098166162412
4185,153.75,11.25,11.25,0.0,2,0.6236356350642104
4186,156.25,11.25,11.25,0.0,2,0.6248385300130209
4187,158.75,11.25,11.25,0.0,2,0.6250644133679172
4188,161.25,11.25,11.25,0.0,2,0.6242592969471179
4189,163.75,11.25,11.25,0.0,2,0.6211353224730936
4190,166.25,11.25,11.25,0.0,2,0.6180698064596563
4191,168.75,11.25,11.25,0.0,2,0.6153254963122126
4192,171.25,11.25,11.25,0.0,2,0.6112566306472126
4193,173.75,11.25,11.25,0.0,2,0.6051934576747673
4194,176.25,11.25,11.25,0.0,2,0.5993618885677767
4195,178.75,11.25,11.25,0.0,2,0.5933421047851694
4196,181.25,11.25,11.25,0.0,2,0.5885875290143416
4197,183.75,11.25,11.25,0.0,2,0.5840608865937559
4198,186.25,11.25,11.25,0.0,2,0.580816604653568
4199,188.75,11.25,11.25,0.0,2,0.5760123169903454
4200,191.25,11.25,11.25,0.0,2,0.5715626729336308
4201,193.75,11.25,11.25,0.0,2,0.5688662978478768
4202,196.25,11.25,11.25,0.0,2,0.5693588403612307
4203,198.75,11.25,11.25,0.0,2,0.5745141067133537
4204,201.25,11.25,11.25,0.0,2,0.5827523662418912
4205,203.75,11.25,11.25,0.0,2,0.5930521129395159
4206,206.25,11.25,11.25,0.0,2,0.602820194567317
4207,208.75,11.25,11.25,0.0,2,0.6201047068727247
4208,211.25,11.25,11.25,0.0,2,0.631943278515269
4209,213.75,11.25,11.25,0.0,2,0.6430479429036351
4210,216.25,11.25,11.25,0.0,2,0.6563174577307785
4211,218.75,11.25,11.25,0.0,2,0.6664507216205326
4212,221.25,11.25,11.25,0.0,2,0.6743032948027476
4213,223.75,11.25,11.25,0.0,2,0.675379205568105
4214,226.25,11.25,11.25,0.0,2,0.6770291753051905
4215,228.75,11.25,11.25,0.0,2,0.6777328421237006
4216,231.25,11.25,11.25,0.0,2,0.6787895215266538
4217,233.75,11.25,11.25,0.0,2,0.6775398655117612
4218,236.25,11.25,11.25,0.0,2,0.6782954912183449
4219,238.75,11.25,11.25,0.0,2,0.6762647080248013
4220,241.25,11.25,11.25,0.0,2,0.6775017358860196
4221,243.75,11.25,11.25,0.0,2,0.6842368784369
4222,246.25,11.25,11.25,0.0,2,0.6878908265886444
4223,248.75,11.25,11.25,0.0,2,0.6923257229371387
4224,251.25,11.25,11.25,0.0,2,0.6981724174399139
4225,253.75,11.25,11.25,0.0,2,0.7049284571226516
4226,256.25,11.25,11.25,0.0,2,0.7098503695227284
4227,258.75,11.25,11.25,0.0,2,0.7203236776201756
4228,261.25,11.25,11.25,0.0,2,0.7262403999254486
4229,263.75,11.25,11.25,0.0,2,0.7113989233490782
4230,266.25,11.25,11.25,0.0,2,0.7082022977819347
4231,268.75,11.25,11.25,0.0,2,0.6978358936105198
4232,271.25,11.25,11.25,0.0,2,0.7007807632367306
4233,273.75,11.25,11.25,0.0,2,0.7149477106135694
4234,276.25,11.25,11.25,0.0,2,0.7446037165480011
4235,278.75,11.25,11.25,0.0,2,0.794945134543454
4236,281.25,11.25,11.25,0.0,1,0.796338900202846
4237,283.75,11.25,11.25,0.0,1,0.8683092028947521
4238,286.25,11.25,11.25,0.0,1,0.9088912118712001
4239,293.75,11.25,11.25,0.0,1,0.9413408515995019
4240,296.25,11.25,11.25,0.0,1,0.931938288042352
4241,298.75,11.25,11.25,0.0,1,0.6733109009900197
4242,301.25,11.25,11.25,0.0,1,0.6874960082786334
4243,303.75,11.25,11.25,0.0,1,0.699721914628271
4244,306.25,11.25,11.25,0.0,1,0.7248081600837976
4245,308.75,11.25,11.25,0.0,1,0.7662545293416129
4246,311.25,11.25,11.25,0.0,1,0.7810406333933428
4247,313.75,11.25,11.25,0.0,1,0.7800156319768765
4248,316.25,11.25,11.25,0.0,1,0.7822384672701876
4249,318.75,11.25,11.25,0.0,1,0.768520589160876
4250,321.25,11.25,11.25,0.0,1,0.7573811811378276
4251,323.75,11.25,11.25,0.0,1,0.7334994681814508
4252,326.25,11.25,11.25,0.0,1,0.7224889345850054
4253,328.75,11.25,11.25,0.0,1,0.7070335894264799
4254,331.25,11.25,11.25,0.0,1,0.6967408833653401
4255,333.75,11.25,11.25,0.0,1,0.7139352454216619
4256,336.25,11.25,11.25,0.0,1,0.7146318511892854
4257,338.75,11.25,11.25,0.0,1,0.655618141726684
4258,341.25,11.25,11.25,0.0,1,0.5319966947187424
4259,343.75,11.25,11.25,0.0,1,0.44451335487466226
4260,46.25,13.75,13.75,0.0,3,0.6580795732883167
4261,48.75,13.75,13.75,0.0,3,0.6176479967005136
4262,51.25,13.75,13.75,0.0,3,0.5353923290042113
4263,53.75,13.75,13.75,0.0,3,0.4807558616235495
4264,56.25,13.75,13.75,0.0,3,0.5101785222024658
4265,58.75,13.75,13.75,0.0,3,0.5212983276195093
4266,61.25,13.75,13.75,0.0,3,0.5420055827164417
4267,63.75,13.75,13.75,0.0,3,0.5706253227046917
4268,66.25,13.75,13.75,0.0,3,0.5753055453030453
4269,68.75,13.75,13.75,0.0,3,0.5241117625503424
4270,71.25,13.75,13.75,0.0,3,0.4744663155015835
4271,73.75,13.75,13.75,0.0,3,0.3699537232760543
4272,81.25,13.75,13.75,0.0,3,0.3695055034190414
4273,83.75,13.75,13.75,0.0,3,0.4259683288367132
4274,86.25,13.75,13.75,0.0,3,0.4331005334521084
4275,88.75,13.75,13.75,0.0,3,0.43586120212614454
4276,91.25,13.75,13.75,0.0,3,0.45463408655034276
4277,93.75,13.75,13.75,0.0,3,0.47415021283114145
4278,96.25,13.75,13.75,0.0,3,0.4877127816470412
4279,108.75,13.75,13.75,0.0,0,0.6257692426704776
4280,111.25,13.75,13.75,0.0,3,0.6665066170922365
4281,113.75,13.75,13.75,0.0,3,0.676454106091154
4282,116.25,13.75,13.75,0.0,3,0.6721068940670972
4283,118.75,13.75,13.75,0.0,3,0.6811456421283776
4284,123.75,13.75,13.75,0.0,2,0.6626983129279197
4285,126.25,13.75,13.75,0.0,2,0.6494461911140457
4286,128.75,13.75,13.75,0.0,2,0.6449868410427168
4287,131.25,13.75,13.75,0.0,2,0.6416572835544851
4288,133.75,13.75,13.75,0.0,2,0.6341381175040423
4289,136.25,13.75,13.75,0.0,2,0.6309012340681638
4290,138.75,13.75,13.75,0.0,2,0.6289458951796056
4291,141.25,13.75,13.75,0.0,2,0.6330699677527625
4292,143.75,13.75,13.75,0.0,2,0.6390723263856631
4293,146.25,13.75,13.75,0.0,2,0.6439040998768861
4294,148.75,13.75,13.75,0.0,2,0.6468490445055015
4295,151.25,13.75,13.75,0.0,2,0.6481795302365803
4296,153.75,13.75,13.75,0.0,2,0.6487660338458887
4297,156.25,13.75,13.75,0.0,2,0.6482588779862204
4298,158.75,13.75,13.75,0.0,2,0.6475887630147433
4299,161.25,13.75,13.75,0.0,2,0.6456526390585714
4300,163.75,13.75,13.75,0.0,2,0.6399180988582485
4301,166.25,13.75,13.75,0.0,2,0.6353577135199328
4302,168.75,13.75,13.75,0.0,2,0.6300386384891408
4303,171.25,13.75,13.75,0.0,2,0.6250543897008569
4304,173.75,13.75,13.75,0.0,2,0.6181777186596378
4305,176.25,13.75,13.75,0.0,2,0.6129340813089744
4306,178.75,13.75,13.75,0.0,2,0.6062141187520765
4307,181.25,13.75,13.75,0.0,2,0.6006104447813555
4308,183.75,13.75,13.75,0.0,2,0.5922778163153731
4309,186.25,13.75,13.75,0.0,2,0.5840532120515751
4310,188.75,13.75,13.75,0.0,2,0.5722536717339163
4311,191.25,13.75,13.75,0.0,2,0.5641567482555286
4312,193.75,13.75,13.75,0.0,2,0.555323883611919
4313,196.25,13.75,13.75,0.0,2,0.5508464884261989
4314,198.75,13.75,13.75,0.0,2,0.5539717665506967
4315,201.25,13.75,13.75,0.0,2,0.5664181808966644
4316,203.75,13.75,13.75,0.0,2,0.5896360245789561
4317,206.25,13.75,13.75,0.0,2,0.6071617182972685
4318,208.75,13.75,13.75,0.0,2,0.6243765328247433
4319,211.25,13.75,13.75,0.0,2,0.6392512109775664
4320,213.75,13.75,13.75,0.0,2,0.6560977921234047
4321,216.25,13.75,13.75,0.0,2,0.6704342381132978
4322,218.75,13.75,13.75,0.0,2,0.6854219734888828
4323,221.25,13.75,13.75,0.0,2,0.6942960997627174
4324,223.75,13.75,13.75,0.0,2,0.706375414368831
4325,226.25,13.75,13.75,0.0,2,0.7100074057206568
4326,228.75,13.75,13.75,0.0,2,0.7134022451888222
4327,231.25,13.75,13.75,0.0,2,0.7114933941332355
4328,233.75,13.75,13.75,0.0,2,0.7098061777375396
4329,236.25,13.75,13.75,0.0,2,0.7068446662254101
4330,238.75,13.75,13.75,0.0,2,0.7088386899607851
4331,241.25,13.75,13.75,0.0,2,0.7106158996861828
4332,243.75,13.75,13.75,0.0,2,0.712936670314335
4333,246.25,13.75,13.75,0.0,2,0.7116017943167886
4334,248.75,13.75,13.75,0.0,2,0.7094769964144946
4335,251.25,13.75,13.75,0.0,2,0.70466041220828
4336,253.75,13.75,13.75,0.0,2,0.7017915488950393
4337,256.25,13.75,13.75,0.0,2,0.6811540480307734
4338,258.75,13.75,13.75,0.0,2,0.6729975547416782
4339,261.25,13.75,13.75,0.0,2,0.6822898237680886
4340,263.75,13.75,13.75,0.0,2,0.7303727550102462
4341,266.25,13.75,13.75,0.0,2,0.7123347339174553
4342,268.75,13.75,13.75,0.0,2,0.6947248423924234
4343,278.75,13.75,13.75,0.0,2,0.7998905384390774
4344,281.25,13.75,13.75,0.0,1,0.8202453552747637
4345,283.75,13.75,13.75,0.0,1,0.8360617072241612
4346,286.25,13.75,13.75,0.0,1,0.8464944476581907
4347,288.75,13.75,13.75,0.0,1,0.841588817779512
4348,291.25,13.75,13.75,0.0,1,0.817261638216596
4349,293.75,13.75,13.75,0.0,1,0.7581947712724878
4350,296.25,13.75,13.75,0.0,1,0.7206593530350955
4351,298.75,13.75,13.75,0.0,1,0.7388029539837855
4352,301.25,13.75,13.75,0.0,1,0.7648649414672697
4353,303.75,13.75,13.75,0.0,1,0.7846724878376776
4354,306.25,13.75,13.75,0.0,1,0.778079090967586
4355,308.75,13.75,13.75,0.0,1,0.7843585480163324
4356,311.25,13.75,13.75,0.0,1,0.7818052702233219
4357,313.75,13.75,13.75,0.0,1,0.7771265410513511
4358,316.25,13.75,13.75,0.0,1,0.769719301546568
4359,318.75,13.75,13.75,0.0,1,0.7633920225188028
4360,321.25,13.75,13.75,0.0,1,0.7556597021748684
4361,323.75,13.75,13.75,0.0,1,0.7429144873721392
4362,326.25,13.75,13.75,0.0,1,0.7334782484319262
4363,328.75,13.75,13.75,0.0,1,0.7189348200426172
4364,331.25,13.75,13.75,0.0,1,0.6968784383271835
4365,333.75,13.75,13.75,0.0,1,0.7084439764984667
4366,336.25,13.75,13.75,0.0,1,0.7417250915319256
4367,338.75,13.75,13.75,0.0,1,0.7454677073678724
4368,341.25,13.75,13.75,0.0,1,0.6106675344534473
4369,53.75,16.25,16.25,0.0,3,0.5644055648186738
4370,56.25,16.25,16.25,0.0,3,0.5744223940657898
4371,58.75,16.25,16.25,0.0,3,0.5781069161593577
4372,61.25,16.25,16.25,0.0,3,0.5848666325770402
4373,63.75,16.25,16.25,0.0,3,0.6240462370683574
4374,66.25,16.25,16.25,0.0,3,0.6466776364828459
4375,68.75,16.25,16.25,0.0,3,0.6173847236768156
4376,71.25,16.25,16.25,0.0,3,0.46376201188547256
4377,73.75,16.25,16.25,0.0,0,0.36006362368519873
4378,81.25,16.25,16.25,0.0,3,0.3393307168820909
4379,83.75,16.25,16.25,0.0,3,0.341127907135424
4380,86.25,16.25,16.25,0.0,3,0.3876947646918687
4381,88.75,16.25,16.25,0.0,3,0.4131208416471903
4382,91.25,16.25,16.25,0.0,3,0.4441638277811502
4383,93.75,16.25,16.25,0.0,3,0.4487412655531624
4384,96.25,16.25,16.25,0.0,3,0.4872208109041728
4385,108.75,16.25,16.25,0.0,3,0.5968516729046
4386,111.25,16.25,16.25,0.0,3,0.6667323335241341
4387,113.75,16.25,16.25,0.0,3,0.6860903896173005
4388,116.25,16.25,16.25,0.0,3,0.6851897345840304
4389,118.75,16.25,16.25,0.0,3,0.6773297623216483
4390,123.75,16.25,16.25,0.0,2,0.629823883535704
4391,126.25,16.25,16.25,0.0,2,0.6539670282814088
4392,128.75,16.25,16.25,0.0,2,0.6547181593358871
4393,131.25,16.25,16.25,0.0,2,0.6479322310854049
4394,133.75,16.25,16.25,0.0,2,0.6414618479462145
4395,136.25,16.25,16.25,0.0,2,0.633838705929779
4396,138.75,16.25,16.25,0.0,2,0.6308615907854862
4397,141.25,16.25,16.25,0.0,2,0.6264419679246578
4398,143.75,16.25,16.25,0.0,2,0.6246427255224324
4399,146.25,16.25,16.25,0.0,2,0.6226979210792019
4400,148.75,16.25,16.25,0.0,2,0.6258053300479832
4401,151.25,16.25,16.25,0.0,2,0.6313098147782762
4402,153.75,16.25,16.25,0.0,2,0.6356166854368197
4403,156.25,16.25,16.25,0.0,2,0.6397666026962334
4404,158.75,16.25,16.25,0.0,2,0.6410356782884767
4405,161.25,16.25,16.25,0.0,2,0.641822146782874
4406,163.75,16.25,16.25,0.0,2,0.6425281887301665
4407,166.25,16.25,16.25,0.0,2,0.6421038147658352
4408,168.75,16.25,16.25,0.0,2,0.6411390202103675
4409,171.25,16.25,16.25,0.0,2,0.6390480154691272
4410,173.75,16.25,16.25,0.0,2,0.6357502757967967
4411,176.25,16.25,16.25,0.0,2,0.6317242558952822
4412,178.75,16.25,16.25,0.0,2,0.6290635798316955
4413,181.25,16.25,16.25,0.0,2,0.625204925000547
4414,183.75,16.25,16.25,0.0,2,0.6199381862747183
4415,186.25,16.25,16.25,0.0,2,0.6129670537417858
4416,188.75,16.25,16.25,0.0,2,0.6077703213515884
4417,191.25,16.25,16.25,0.0,2,0.602525808543259
4418,193.75,16.25,16.25,0.0,2,0.6002843110033483
4419,196.25,16.25,16.25,0.0,2,0.5957973044334317
4420,198.75,16.25,16.25,0.0,2,0.5787108907460459
4421,201.25,16.25,16.25,0.0,2,0.5488829440218612
4422,203.75,16.25,16.25,0.0,2,0.537784291017704
4423,206.25,16.25,16.25,0.0,2,0.5749711135120924
4424,208.75,16.25,16.25,0.0,2,0.5997402641576279
4425,211.25,16.25,16.25,0.0,2,0.6167797904263081
4426,213.75,16.25,16.25,0.0,2,0.6340923186487402
4427,216.25,16.25,16.25,0.0,2,0.6576634478950143
4428,218.75,16.25,16.25,0.0,2,0.6808407155933656
4429,221.25,16.25,16.25,0.0,2,0.706984677148386
4430,223.75,16.25,16.25,0.0,2,0.7267732550871567
4431,226.25,16.25,16.25,0.0,2,0.7451059597482586
4432,228.75,16.25,16.25,0.0,2,0.7564673758575547
4433,231.25,16.25,16.25,0.0,2,0.7610958500494062
4434,233.75,16.25,16.25,0.0,2,0.7686026201996607
4435,236.25,16.25,16.25,0.0,2,0.770876761921526
4436,238.75,16.25,16.25,0.0,2,0.7710458710797898
4437,241.25,16.25,16.25,0.0,2,0.7677425186350489
4438,243.75,16.25,16.25,0.0,2,0.7561936488061788
4439,246.25,16.25,16.25,0.0,2,0.751335965521658
4440,248.75,16.25,16.25,0.0,2,0.7401878082709165
4441,251.25,16.25,16.25,0.0,2,0.7128253107965415
4442,253.75,16.25,16.25,0.0,2,0.699305515077491
4443,256.25,16.25,16.25,0.0,2,0.6735281536890128
4444,258.75,16.25,16.25,0.0,2,0.6586737158279073
4445,261.25,16.25,16.25,0.0,2,0.6479591466809254
4446,263.75,16.25,16.25,0.0,0,0.7209362242314965
4447,266.25,16.25,16.25,0.0,2,0.7501247856252338
4448,273.75,16.25,16.25,0.0,2,0.8422223921436114
4449,276.25,16.25,16.25,0.0,2,0.8226190679431318
4450,278.75,16.25,16.25,0.0,2,0.795868440399152
4451,281.25,16.25,16.25,0.0,1,0.7680039648391115
4452,283.75,16.25,16.25,0.0,1,0.7802876960333779
4453,286.25,16.25,16.25,0.0,1,0.7968397633295042
4454,288.75,16.25,16.25,0.0,1,0.7968302446060419
4455,291.25,16.25,16.25,0.0,1,0.8284347515382279
4456,293.75,16.25,16.25,0.0,1,0.8743543104506476
4457,296.25,16.25,16.25,0.0,1,0.7932605810380438
4458,298.75,16.25,16.25,0.0,1,0.7983718361422038
4459,301.25,16.25,16.25,0.0,1,0.7934585142872022
4460,303.75,16.25,16.25,0.0,1,0.7912124581475081
4461,306.25,16.25,16.25,0.0,1,0.7892757155055925
4462,308.75,16.25,16.25,0.0,1,0.7933585829043579
4463,311.25,16.25,16.25,0.0,1,0.7841766171937969
4464,313.75,16.25,16.25,0.0,1,0.7753228680076238
4465,316.25,16.25,16.25,0.0,1,0.7657966052435539
4466,318.75,16.25,16.25,0.0,1,0.7615100748162794
4467,321.25,16.25,16.25,0.0,1,0.7539228062849692
4468,323.75,16.25,16.25,0.0,1,0.7494926502969211
4469,326.25,16.25,16.25,0.0,1,0.7409355835210187
4470,328.75,16.25,16.25,0.0,1,0.7323755279552494
4471,331.25,16.25,16.25,0.0,1,0.7222428104955723
4472,333.75,16.25,16.25,0.0,1,0.7290234313451892
4473,336.25,16.25,16.25,0.0,1,0.7315333011260446
4474,338.75,16.25,16.25,0.0,1,0.765027585831304
4475,341.25,16.25,16.25,0.0,1,0.6466884584890438
4476,343.75,16.25,16.25,0.0,0,0.7469951180657987
4477,58.75,18.75,18.75,0.0,3,0.6319096524291984
4478,61.25,18.75,18.75,0.0,3,0.6212096894220861
4479,63.75,18.75,18.75,0.0,3,0.6639478307206131
4480,66.25,18.75,18.75,0.0,3,0.6980498657035015
4481,68.75,18.75,18.75,0.0,3,0.6354649640168591
4482,71.25,18.75,18.75,0.0,3,0.5201654369402087
4483,83.75,18.75,18.75,0.0,3,0.3049726384987316
4484,86.25,18.75,18.75,0.0,3,0.3296204925811846
4485,88.75,18.75,18.75,0.0,3,0.3705146002564185
4486,91.25,18.75,18.75,0.0,3,0.39731171011255983
4487,93.75,18.75,18.75,0.0,3,0.4106837308054532
4488,111.25,18.75,18.75,0.0,3,0.6154201499581917
4489,113.75,18.75,18.75,0.0,3,0.6723682881790392
4490,116.25,18.75,18.75,0.0,3,0.6790360268607405
4491,118.75,18.75,18.75,0.0,3,0.6864133965271775
4492,121.25,18.75,18.75,0.0,2,0.653894594405473
4493,123.75,18.75,18.75,0.0,2,0.6364361467007775
4494,126.25,18.75,18.75,0.0,2,0.701093960716417
4495,128.75,18.75,18.75,0.0,2,0.6841060704489272
4496,131.25,18.75,18.75,0.0,2,0.6882894426821187
4497,133.75,18.75,18.75,0.0,2,0.6742049706078931
4498,136.25,18.75,18.75,0.0,2,0.6634956458307552
4499,138.75,18.75,18.75,0.0,2,0.6495210866117826
4500,141.25,18.75,18.75,0.0,2,0.6400476280546377
4501,143.75,18.75,18.75,0.0,2,0.625847904535512
4502,146.25,18.75,18.75,0.0,2,0.6127933208105587
4503,148.75,18.75,18.75,0.0,2,0.6051260384847248
4504,151.25,18.75,18.75,0.0,2,0.5991611995593163
4505,153.75,18.75,18.75,0.0,2,0.5997036315555242
4506,156.25,18.75,18.75,0.0,2,0.6041686472016996
4507,158.75,18.75,18.75,0.0,2,0.6086612443596958
4508,161.25,18.75,18.75,0.0,2,0.615562150548751
4509,163.75,18.75,18.75,0.0,2,0.621726381968371
4510,166.25,18.75,18.75,0.0,2,0.6260791435299345
4511,168.75,18.75,18.75,0.0,2,0.6325119731372263
4512,171.25,18.75,18.75,0.0,2,0.6371312395745283
4513,173.75,18.75,18.75,0.0,2,0.6405881059159357
4514,176.25,18.75,18.75,0.0,2,0.644341280002081
4515,178.75,18.75,18.75,0.0,2,0.6490263886417367
4516,181.25,18.75,18.75,0.0,2,0.6509606828722856
4517,183.75,18.75,18.75,0.0,2,0.6523528423684939
4518,186.25,18.75,18.75,0.0,2,0.6532224673565777
4519,188.75,18.75,18.75,0.0,2,0.6513243806876251
4520,191.25,18.75,18.75,0.0,2,0.6517273452961105
4521,193.75,18.75,18.75,0.0,2,0.6567183375826648
4522,196.25,18.75,18.75,0.0,2,0.6629235528416473
4523,198.75,18.75,18.75,0.0,2,0.6836868029079379
4524,201.25,18.75,18.75,0.0,2,0.6934718481440054
4525,203.75,18.75,18.75,0.0,2,0.575190424199496
4526,206.25,18.75,18.75,0.0,2,0.5083225174816745
4527,208.75,18.75,18.75,0.0,2,0.5596030705030439
4528,211.25,18.75,18.75,0.0,2,0.573415459355088
4529,213.75,18.75,18.75,0.0,2,0.59149699205835
4530,216.25,18.75,18.75,0.0,2,0.6051824704937555
4531,218.75,18.75,18.75,0.0,2,0.6330828680205102
4532,221.25,18.75,18.75,0.0,2,0.6541762697202713
4533,223.75,18.75,18.75,0.0,2,0.6882604666118365
4534,226.25,18.75,18.75,0.0,2,0.7119644622998551
4535,228.75,18.75,18.75,0.0,2,0.7440833534235742
4536,231.25,18.75,18.75,0.0,2,0.7772194429350153
4537,233.75,18.75,18.75,0.0,2,0.8168146756302102
4538,236.25,18.75,18.75,0.0,2,0.8483698143966464
4539,238.75,18.75,18.75,0.0,2,0.8694676715987398
4540,241.25,18.75,18.75,0.0,2,0.8717380120195406
4541,243.75,18.75,18.75,0.0,2,0.8537607773608504
4542,246.25,18.75,18.75,0.0,2,0.8240377467564256
4543,248.75,18.75,18.75,0.0,2,0.7523630162472225
4544,251.25,18.75,18.75,0.0,2,0.7181600223014974
4545,253.75,18.75,18.75,0.0,2,0.6843798449318383
4546,256.25,18.75,18.75,0.0,2,0.6722463603898169
4547,263.75,18.75,18.75,0.0,0,0.9996518814149814
4548,266.25,18.75,18.75,0.0,2,0.9927085766736823
4549,268.75,18.75,18.75,0.0,2,0.9961605201349949
4550,273.75,18.75,18.75,0.0,2,0.8269910130096519
4551,276.25,18.75,18.75,0.0,2,0.8014661644712984
4552,278.75,18.75,18.75,0.0,2,0.8103223277134027
4553,281.25,18.75,18.75,0.0,1,0.8238018039547191
4554,283.75,18.75,18.75,0.0,1,0.8117579666294662
4555,286.25,18.75,18.75,0.0,1,0.7916160414830645
4556,291.25,18.75,18.75,0.0,1,0.8530408676970052
4557,293.75,18.75,18.75,0.0,1,0.9893825915605584
4558,296.25,18.75,18.75,0.0,1,0.754730738844869
4559,298.75,18.75,18.75,0.0,1,0.7900073388781867
4560,301.25,18.75,18.75,0.0,1,0.8095453651236063
4561,303.75,18.75,18.75,0.0,1,0.8187798934459017
4562,306.25,18.75,18.75,0.0,1,0.8228615239952174
4563,308.75,18.75,18.75,0.0,1,0.8141192062756233
4564,311.25,18.75,18.75,0.0,1,0.8112245585732692
4565,313.75,18.75,18.75,0.0,1,0.8044039927803002
4566,316.25,18.75,18.75,0.0,1,0.7906935177579263
4567,318.75,18.75,18.75,0.0,1,0.7884871408477185
4568,321.25,18.75,18.75,0.0,1,0.7849668781588354
4569,323.75,18.75,18.75,0.0,1,0.7754976580181784
4570,326.25,18.75,18.75,0.0,1,0.7677779062602669
4571,328.75,18.75,18.75,0.0,1,0.7527778513580733
4572,331.25,18.75,18.75,0.0,1,0.738253351342367
4573,333.75,18.75,18.75,0.0,1,0.6637882530162766
4574,336.25,18.75,18.75,0.0,1,0.6456430159649834
4575,338.75,18.75,18.75,0.0,1,0.6577845622823558
4576,341.25,18.75,18.75,0.0,1,0.604219191869807
4577,343.75,18.75,18.75,0.0,1,0.7573779728045399
4578,58.75,21.25,21.25,0.0,3,0.7082066216509504
4579,61.25,21.25,21.25,0.0,3,0.6728345549592022
4580,63.75,21.25,21.25,0.0,3,0.661830532808472
4581,66.25,21.25,21.25,0.0,3,0.7180344433254334
4582,68.75,21.25,21.25,0.0,3,0.7212197079983977
4583,71.25,21.25,21.25,0.0,0,0.5509536696969993
4584,88.75,21.25,21.25,0.0,3,0.2805181225753863
4585,91.25,21.25,21.25,0.0,3,0.32862238305522656
4586,111.25,21.25,21.25,0.0,3,0.6143280424926438
4587,113.75,21.25,21.25,0.0,3,0.6340781004751859
4588,116.25,21.25,21.25,0.0,3,0.6720532449186603
4589,118.75,21.25,21.25,0.0,3,0.6665220239187263
4590,121.25,21.25,21.25,0.0,2,0.6265938238126351
4591,123.75,21.25,21.25,0.0,2,0.6479065891012383
4592,126.25,21.25,21.25,0.0,2,0.7968761727236799
4593,128.75,21.25,21.25,0.0,2,0.7695911376938928
4594,131.25,21.25,21.25,0.0,2,0.7551556126686328
4595,133.75,21.25,21.25,0.0,2,0.7354177024724015
4596,136.25,21.25,21.25,0.0,2,0.7136902290998738
4597,138.75,21.25,21.25,0.0,2,0.6993021365386749
4598,141.25,21.25,21.25,0.0,2,0.6826553035232654
4599,143.75,21.25,21.25,0.0,2,0.6666559284586527
4600,146.25,21.25,21.25,0.0,2,0.6489330826635153
4601,148.75,21.25,21.25,0.0,2,0.6384826727333819
4602,151.25,21.25,21.25,0.0,2,0.6251477781775293
4603,153.75,21.25,21.25,0.0,2,0.6119450465550762
4604,156.25,21.25,21.25,0.0,2,0.6078765445465414
4605,158.75,21.25,21.25,0.0,2,0.604864503841189
4606,161.25,21.25,21.25,0.0,2,0.60549889937477
4607,163.75,21.25,21.25,0.0,2,0.6037832420417604
4608,166.25,21.25,21.25,0.0,2,0.6103892601994548
4609,168.75,21.25,21.25,0.0,2,0.6165249392647477
4610,171.25,21.25,21.25,0.0,2,0.6273235979128416
4611,173.75,21.25,21.25,0.0,2,0.634643489578575
4612,176.25,21.25,21.25,0.0,2,0.6427945961309167
4613,178.75,21.25,21.25,0.0,2,0.650408469114622
4614,181.25,21.25,21.25,0.0,2,0.654180880151984
4615,183.75,21.25,21.25,0.0,2,0.6514364640143954
4616,186.25,21.25,21.25,0.0,2,0.6480954319332446
4617,188.75,21.25,21.25,0.0,2,0.6473333039375533
4618,191.25,21.25,21.25,0.0,2,0.6502236124150411
4619,193.75,21.25,21.25,0.0,2,0.6568574107655206
4620,196.25,21.25,21.25,0.0,2,0.6666340041546117
4621,198.75,21.25,21.25,0.0,2,0.6826261370201661
4622,201.25,21.25,21.25,0.0,2,0.6604120600142847
4623,203.75,21.25,21.25,0.0,2,0.5339434514334657
4624,206.25,21.25,21.25,0.0,2,0.5441326691188356
4625,208.75,21.25,21.25,0.0,2,0.5363708352921813
4626,211.25,21.25,21.25,0.0,2,0.5654240630589554
4627,213.75,21.25,21.25,0.0,2,0.5778851080454624
4628,216.25,21.25,21.25,0.0,2,0.5925838542050724
4629,218.75,21.25,21.25,0.0,2,0.6044599670049652
4630,221.25,21.25,21.25,0.0,2,0.6170641754277044
4631,223.75,21.25,21.25,0.0,2,0.6371772485258903
4632,226.25,21.25,21.25,0.0,2,0.6605905006979105
4633,228.75,21.25,21.25,0.0,2,0.6963736684265167
4634,231.25,21.25,21.25,0.0,2,0.7445271959224634
4635,233.75,21.25,21.25,0.0,2,0.7990945190574498
4636,236.25,21.25,21.25,0.0,2,0.8589391857970597
4637,238.75,21.25,21.25,0.0,2,0.9167830119371677
4638,241.25,21.25,21.25,0.0,2,0.9789581333274106
4639,243.75,21.25,21.25,0.0,2,0.9998847964190415
4640,246.25,21.25,21.25,0.0,2,0.8622550587643971
4641,248.75,21.25,21.25,0.0,2,0.7626931570885217
4642,251.25,21.25,21.25,0.0,2,0.7387495047786793
4643,253.75,21.25,21.25,0.0,2,0.7009896324144403
4644,263.75,21.25,21.25,0.0,2,1.0479434739455782
4645,266.25,21.25,21.25,0.0,2,1.0183607553420022
4646,268.75,21.25,21.25,0.0,2,1.0227992558648233
4647,271.25,21.25,21.25,0.0,2,0.9780287354171234
4648,273.75,21.25,21.25,0.0,2,0.8411173267274226
4649,276.25,21.25,21.25,0.0,2,0.8247358031160125
4650,278.75,21.25,21.25,0.0,2,0.8756181928459871
4651,281.25,21.25,21.25,0.0,1,0.8948367669370971
4652,283.75,21.25,21.25,0.0,1,0.8470916094033035
4653,286.25,21.25,21.25,0.0,1,0.7324742384568736
4654,288.75,21.25,21.25,0.0,1,0.7727847176924351
4655,291.25,21.25,21.25,0.0,1,0.7618143458102076
4656,293.75,21.25,21.25,0.0,1,0.7794443280781239
4657,296.25,21.25,21.25,0.0,1,0.7716859694934504
4658,298.75,21.25,21.25,0.0,1,0.8457505789207551
4659,301.25,21.25,21.25,0.0,1,0.8279466082913308
4660,303.75,21.25,21.25,0.0,1,0.8384111325482873
4661,306.25,21.25,21.25,0.0,1,0.8509658006462434
4662,308.75,21.25,21.25,0.0,1,0.8572468339397277
4663,311.25,21.25,21.25,0.0,1,0.851572838788023
4664,313.75,21.25,21.25,0.0,1,0.8485304096453786
4665,316.25,21.25,21.25,0.0,1,0.8492840352007446
4666,318.75,21.25,21.25,0.0,1,0.8461257968885905
4667,321.25,21.25,21.25,0.0,1,0.8429441834805866
4668,323.75,21.25,21.25,0.0,1,0.8423044590070164
4669,326.25,21.25,21.25,0.0,1,0.8341641529703202
4670,328.75,21.25,21.25,0.0,1,0.8221020517667099
4671,331.25,21.25,21.25,0.0,1,0.7971736352538548
4672,333.75,21.25,21.25,0.0,1,0.7484246041310911
4673,336.25,21.25,21.25,0.0,1,0.6630196343956626
4674,338.75,21.25,21.25,0.0,1,0.6041122456075807
4675,341.25,21.25,21.25,0.0,1,0.5716700690002346
4676,58.75,23.75,23.75,0.0,3,0.8293046372774937
4677,61.25,23.75,23.75,0.0,3,0.7657786106903037
4678,63.75,23.75,23.75,0.0,3,0.703395995889338
4679,66.25,23.75,23.75,0.0,3,0.7259394633369639
4680,118.75,23.75,23.75,0.0,3,0.7601955810317325
4681,121.25,23.75,23.75,0.0,2,0.6362373578057606
4682,123.75,23.75,23.75,0.0,2,0.629092729323317
4683,126.25,23.75,23.75,0.0,2,0.7180269097515677
4684,128.75,23.75,23.75,0.0,2,0.8465882399317765
4685,131.25,23.75,23.75,0.0,2,0.8477033381166352
4686,133.75,23.75,23.75,0.0,2,0.8268672852227075
4687,136.25,23.75,23.75,0.0,2,0.7995314953346496
4688,138.75,23.75,23.75,0.0,2,0.771565279228395
4689,141.25,23.75,23.75,0.0,2,0.7468663107220794
4690,143.75,23.75,23.75,0.0,2,0.7289539400726108
4691,146.25,23.75,23.75,0.0,2,0.716607946940167
4692,148.75,23.75,23.75,0.0,2,0.7045261165411228
4693,151.25,23.75,23.75,0.0,2,0.6910345986309208
4694,153.75,23.75,23.75,0.0,2,0.687609107582721
4695,156.25,23.75,23.75,0.0,2,0.6908840992224548
4696,158.75,23.75,23.75,0.0,2,0.7012266650320165
4697,161.25,23.75,23.75,0.0,2,0.7048553638040432
4698,163.75,23.75,23.75,0.0,2,0.7065858927919283
4699,166.25,23.75,23.75,0.0,2,0.7102155500559375
4700,168.75,23.75,23.75,0.0,2,0.7180593537542111
4701,171.25,23.75,23.75,0.0,2,0.7229556122051555
4702,173.75,23.75,23.75,0.0,2,0.7309403842758406
4703,176.25,23.75,23.75,0.0,2,0.7394995878153837
4704,178.75,23.75,23.75,0.0,2,0.7414163666514161
4705,181.25,23.75,23.75,0.0,2,0.7350586479773358
4706,183.75,23.75,23.75,0.0,2,0.7199624279116071
4707,186.25,23.75,23.75,0.0,2,0.7032781758353039
4708,188.75,23.75,23.75,0.0,2,0.6835127398134373
4709,191.25,23.75,23.75,0.0,2,0.6659506088139262
4710,193.75,23.75,23.75,0.0,2,0.6477148867375802
4711,196.25,23.75,23.75,0.0,2,0.6432724383363274
4712,198.75,23.75,23.75,0.0,2,0.6531281616402943
4713,201.25,23.75,23.75,0.0,2,0.5734277790825163
4714,203.75,23.75,23.75,0.0,2,0.5942305098139145
4715,206.25,23.75,23.75,0.0,2,0.609561294396416
4716,208.75,23.75,23.75,0.0,2,0.5695127169080961
4717,211.25,23.75,23.75,0.0,2,0.5918649212457517
4718,213.75,23.75,23.75,0.0,2,0.6115987412699233
4719,216.25,23.75,23.75,0.0,2,0.6277374743940393
4720,218.75,23.75,23.75,0.0,2,0.6423609010285607
4721,221.25,23.75,23.75,0.0,2,0.6516338699626475
4722,223.75,23.75,23.75,0.0,2,0.6601375754305051
4723,226.25,23.75,23.75,0.0,2,0.6702141101493417
4724,228.75,23.75,23.75,0.0,2,0.6892688925574743
4725,231.25,23.75,23.75,0.0,2,0.7124902098815518
4726,233.75,23.75,23.75,0.0,2,0.7656952773302357
4727,236.25,23.75,23.75,0.0,2,0.8228291807841751
4728,238.75,23.75,23.75,0.0,2,0.914765107292733
4729,241.25,23.75,23.75,0.0,2,0.9881732990365529
4730,243.75,23.75,23.75,0.0,2,1.0324833043131327
4731,246.25,23.75,23.75,0.0,2,0.8785448740805234
4732,248.75,23.75,23.75,0.0,2,0.838714256843261
4733,251.25,23.75,23.75,0.0,2,0.8222715391705537
4734,253.75,23.75,23.75,0.0,2,0.726523877644961
4735,263.75,23.75,23.75,0.0,2,1.0745143526655323
4736,266.25,23.75,23.75,0.0,2,1.0236338186608074
4737,268.75,23.75,23.75,0.0,2,0.9734141158386924
4738,271.25,23.75,23.75,0.0,2,0.8992381760930325
4739,273.75,23.75,23.75,0.0,2,0.8126915462523848
4740,276.25,23.75,23.75,0.0,2,0.8256817389962082
4741,278.75,23.75,23.75,0.0,2,0.92021426273385
4742,281.25,23.75,23.75,0.0,1,0.9167426971339865
4743,283.75,23.75,23.75,0.0,1,0.7932874685505118
4744,286.25,23.75,23.75,0.0,1,0.7790656014131975
4745,288.75,23.75,23.75,0.0,1,0.8144900364162055
4746,291.25,23.75,23.75,0.0,1,0.810970774338245
4747,293.75,23.75,23.75,0.0,1,0.8237462397961869
4748,296.25,23.75,23.75,0.0,1,0.835684821472986
4749,298.75,23.75,23.75,0.0,1,0.8395493269254394
4750,301.25,23.75,23.75,0.0,1,0.841720727677054
4751,303.75,23.75,23.75,0.0,1,0.8453548301489746
4752,306.25,23.75,23.75,0.0,1,0.8504879476152841
4753,308.75,23.75,23.75,0.0,1,0.8504597619303796
4754,311.25,23.75,23.75,0.0,1,0.8534274830968324
4755,313.75,23.75,23.75,0.0,1,0.8588986835362324
4756,316.25,23.75,23.75,0.0,1,0.8570254908217024
4757,318.75,23.75,23.75,0.0,1,0.8649790491191005
4758,321.25,23.75,23.75,0.0,1,0.876006352563744
4759,323.75,23.75,23.75,0.0,1,0.8957517040160724
4760,326.25,23.75,23.75,0.0,1,0.9194048022363206
4761,328.75,23.75,23.75,0.0,1,0.9428719417513217
4762,331.25,23.75,23.75,0.0,1,0.9517856107849058
4763,333.75,23.75,23.75,0.0,1,0.8876607688393314
4764,336.25,23.75,23.75,0.0,1,0.7874516638889016
4765,338.75,23.75,23.75,0.0,1,0.6993032531212526
4766,341.25,23.75,23.75,0.0,1,0.5776384996733485
4767,343.75,23.75,23.75,0.0,1,0.5025105541028957
4768,121.25,26.25,26.25,0.0,2,0.8611913083511293
4769,123.75,26.25,26.25,0.0,2,0.7020321488724778
4770,126.25,26.25,26.25,0.0,2,0.669143771021554
4771,128.75,26.25,26.25,0.0,2,0.7222958789317199
4772,131.25,26.25,26.25,0.0,2,0.8570863528109679
4773,133.75,26.25,26.25,0.0,2,0.8726308726012754
4774,136.25,26.25,26.25,0.0,2,0.8518937407028294
4775,138.75,26.25,26.25,0.0,2,0.8385094518148353
4776,141.25,26.25,26.25,0.0,2,0.8427449706014675
4777,143.75,26.25,26.25,0.0,2,0.8398087679070627
4778,146.25,26.25,26.25,0.0,2,0.8278012996652984
4779,148.75,26.25,26.25,0.0,2,0.8138137774206394
4780,151.25,26.25,26.25,0.0,2,0.8038904351488623
4781,153.75,26.25,26.25,0.0,2,0.802038465207022
4782,156.25,26.25,26.25,0.0,2,0.7976669357903433
4783,158.75,26.25,26.25,0.0,2,0.8010499265334892
4784,161.25,26.25,26.25,0.0,2,0.8070238779072643
4785,163.75,26.25,26.25,0.0,2,0.81781401790657
4786,166.25,26.25,26.25,0.0,2,0.8287678143000619
4787,168.75,26.25,26.25,0.0,2,0.8400721302954219
4788,171.25,26.25,26.25,0.0,2,0.8471486198858416
4789,173.75,26.25,26.25,0.0,2,0.8514244443210639
4790,176.25,26.25,26.25,0.0,2,0.8551999173277542
4791,178.75,26.25,26.25,0.0,2,0.8545438581435042
4792,181.25,26.25,26.25,0.0,2,0.8448886004695799
4793,183.75,26.25,26.25,0.0,2,0.8294434898232244
4794,186.25,26.25,26.25,0.0,2,0.8142536327469861
4795,188.75,26.25,26.25,0.0,2,0.7981774338602051
4796,191.25,26.25,26.25,0.0,2,0.7713676658704858
4797,193.75,26.25,26.25,0.0,2,0.7348815268749235
4798,196.25,26.25,26.25,0.0,2,0.700865256983937
4799,198.75,26.25,26.25,0.0,2,0.6666278637247576
4800,201.25,26.25,26.25,0.0,2,0.671780966077215
4801,203.75,26.25,26.25,0.0,2,0.6831155165689875
4802,206.25,26.25,26.25,0.0,2,0.6713600684129065
4803,208.75,26.25,26.25,0.0,2,0.666037366150578
4804,211.25,26.25,26.25,0.0,2,0.6736099759504162
4805,213.75,26.25,26.25,0.0,2,0.6827119932288691
4806,216.25,26.25,26.25,0.0,2,0.6987734766515444
4807,218.75,26.25,26.25,0.0,2,0.7209762421007634
4808,221.25,26.25,26.25,0.0,2,0.7377574217836282
4809,223.75,26.25,26.25,0.0,2,0.7479281471288262
4810,226.25,26.25,26.25,0.0,2,0.7384139525388976
4811,228.75,26.25,26.25,0.0,2,0.723846534293614
4812,231.25,26.25,26.25,0.0,2,0.7203735035435274
4813,233.75,26.25,26.25,0.0,2,0.7478183719821665
4814,236.25,26.25,26.25,0.0,2,0.7929568989704165
4815,238.75,26.25,26.25,0.0,2,0.8594075388939337
4816,241.25,26.25,26.25,0.0,2,0.9285616989320227
4817,243.75,26.25,26.25,0.0,2,0.9800953992175532
4818,246.25,26.25,26.25,0.0,2,1.0124287366607962
4819,263.75,26.25,26.25,0.0,2,1.094841925881126
4820,266.25,26.25,26.25,0.0,2,1.0867865037543591
4821,268.75,26.25,26.25,0.0,2,1.0475606693224364
4822,271.25,26.25,26.25,0.0,2,0.9900033956837111
4823,273.75,26.25,26.25,0.0,2,1.0003074374585557
4824,276.25,26.25,26.25,0.0,2,1.118384724503689
4825,278.75,26.25,26.25,0.0,2,1.011819717213301
4826,281.25,26.25,26.25,0.0,1,0.9010579305059266
4827,283.75,26.25,26.25,0.0,1,0.8239909456192994
4828,286.25,26.25,26.25,0.0,1,0.9169087104226751
4829,288.75,26.25,26.25,0.0,1,0.9593101259113015
4830,291.25,26.25,26.25,0.0,1,0.9298577559110809
4831,293.75,26.25,26.25,0.0,1,0.9216243829162807
4832,296.25,26.25,26.25,0.0,1,0.9153505031353636
4833,298.75,26.25,26.25,0.0,1,0.9012619388933458
4834,301.25,26.25,26.25,0.0,1,0.8910393183721734
4835,303.75,26.25,26.25,0.0,1,0.8832832974278921
4836,306.25,26.25,26.25,0.0,1,0.8690850689782353
4837,308.75,26.25,26.25,0.0,1,0.8568122844255849
4838,311.25,26.25,26.25,0.0,1,0.8450377819955263
4839,313.75,26.25,26.25,0.0,1,0.8341730096679564
4840,316.25,26.25,26.25,0.0,1,0.8328834024523433
4841,318.75,26.25,26.25,0.0,1,0.8172180046949791
4842,321.25,26.25,26.25,0.0,1,0.8060056201282484
4843,323.75,26.25,26.25,0.0,1,0.8021208947684535
4844,326.25,26.25,26.25,0.0,1,0.8085938423299663
4845,328.75,26.25,26.25,0.0,1,0.8424203770888802
4846,331.25,26.25,26.25,0.0,1,0.8996681865591604
4847,333.75,26.25,26.25,0.0,1,0.961159477884785
4848,336.25,26.25,26.25,0.0,1,0.9840387807069821
4849,338.75,26.25,26.25,0.0,1,0.9526577288474294
4850,341.25,26.25,26.25,0.0,1,0.8478130718034564
4851,343.75,26.25,26.25,0.0,1,0.6000027181897437
4852,346.25,26.25,26.25,0.0,1,0.5757413278887121
4853,121.25,28.75,28.75,0.0,0,0.9306053723297247
4854,123.75,28.75,28.75,0.0,2,0.8966504199897544
4855,126.25,28.75,28.75,0.0,2,0.7767053778413913
4856,128.75,28.75,28.75,0.0,2,0.7084290167999464
4857,131.25,28.75,28.75,0.0,2,0.7544025271757714
4858,133.75,28.75,28.75,0.0,2,0.8325173006487426
4859,136.25,28.75,28.75,0.0,2,0.8447218161660259
4860,138.75,28.75,28.75,0.0,2,0.8449107844956312
4861,141.25,28.75,28.75,0.0,2,0.840264382507234
4862,143.75,28.75,28.75,0.0,2,0.846958470815287
4863,146.25,28.75,28.75,0.0,2,0.8521463967206804
4864,148.75,28.75,28.75,0.0,2,0.8461837256436336
4865,151.25,28.75,28.75,0.0,2,0.8286122394327445
4866,153.75,28.75,28.75,0.0,2,0.8195562125085373
4867,156.25,28.75,28.75,0.0,2,0.8243771429975866
4868,158.75,28.75,28.75,0.0,2,0.8346747528975493
4869,161.25,28.75,28.75,0.0,2,0.8478060119362893
4870,163.75,28.75,28.75,0.0,2,0.8564016714417617
4871,166.25,28.75,28.75,0.0,2,0.8652694361744171
4872,168.75,28.75,28.75,0.0,2,0.8804251243079549
4873,171.25,28.75,28.75,0.0,2,0.8922877341903029
4874,173.75,28.75,28.75,0.0,2,0.9057784492805071
4875,176.25,28.75,28.75,0.0,2,0.9145337628101389
4876,178.75,28.75,28.75,0.0,2,0.9178541533923422
4877,181.25,28.75,28.75,0.0,2,0.9128357577382538
4878,183.75,28.75,28.75,0.0,2,0.9028186090836756
4879,186.25,28.75,28.75,0.0,2,0.8952821990860929
4880,188.75,28.75,28.75,0.0,2,0.886746347157336
4881,191.25,28.75,28.75,0.0,2,0.8697948558076032
4882,193.75,28.75,28.75,0.0,2,0.8444607468263435
4883,196.25,28.75,28.75,0.0,2,0.820542527208273
4884,198.75,28.75,28.75,0.0,2,0.8016222463356895
4885,201.25,28.75,28.75,0.0,2,0.7919139125793747
4886,203.75,28.75,28.75,0.0,2,0.7824323237303449
4887,206.25,28.75,28.75,0.0,2,0.7738027418076766
4888,208.75,28.75,28.75,0.0,2,0.7619275471176056
4889,211.25,28.75,28.75,0.0,2,0.7508790970568892
4890,213.75,28.75,28.75,0.0,2,0.7440771696107593
4891,216.25,28.75,28.75,0.0,2,0.7393837713026024
4892,218.75,28.75,28.75,0.0,2,0.7436661591041124
4893,221.25,28.75,28.75,0.0,2,0.7578248776779621
4894,223.75,28.75,28.75,0.0,2,0.768164339442393
4895,226.25,28.75,28.75,0.0,2,0.765531918578706
4896,228.75,28.75,28.75,0.0,2,0.7492867749024832
4897,231.25,28.75,28.75,0.0,2,0.7436326250683328
4898,233.75,28.75,28.75,0.0,2,0.7738913109491674
4899,236.25,28.75,28.75,0.0,2,0.8303835002454817
4900,238.75,28.75,28.75,0.0,2,0.8699608363019218
4901,241.25,28.75,28.75,0.0,2,0.9041771428695204
4902,243.75,28.75,28.75,0.0,2,1.040239796792149
4903,246.25,28.75,28.75,0.0,0,1.1343859706791295
4904,263.75,28.75,28.75,0.0,2,1.1608523049564419
4905,266.25,28.75,28.75,0.0,2,1.1766651071398047
4906,268.75,28.75,28.75,0.0,2,1.1461462944087868
4907,271.25,28.75,28.75,0.0,2,1.129292889567913
4908,273.75,28.75,28.75,0.0,2,1.150505563389665
4909,276.25,28.75,28.75,0.0,2,1.2506720642405311
4910,278.75,28.75,28.75,0.0,2,0.9858888526999863
4911,281.25,28.75,28.75,0.0,1,0.8525764341863171
4912,283.75,28.75,28.75,0.0,1,0.8963102880465936
4913,286.25,28.75,28.75,0.0,1,1.015071582078715
4914,288.75,28.75,28.75,0.0,1,1.0008657145998543
4915,291.25,28.75,28.75,0.0,1,0.9986514937085679
4916,293.75,28.75,28.75,0.0,1,0.9964091948435201
4917,296.25,28.75,28.75,0.0,1,0.9930599692489543
4918,298.75,28.75,28.75,0.0,1,0.98103138233159
4919,301.25,28.75,28.75,0.0,1,0.9732174427752182
4920,303.75,28.75,28.75,0.0,1,0.968768007599713
4921,306.25,28.75,28.75,0.0,1,0.952947904062636
4922,308.75,28.75,28.75,0.0,1,0.9336340731995689
4923,311.25,28.75,28.75,0.0,1,0.9179208737978457
4924,313.75,28.75,28.75,0.0,1,0.900271676070591
4925,316.25,28.75,28.75,0.0,1,0.8799184996270432
4926,318.75,28.75,28.75,0.0,1,0.8673264968948386
4927,321.25,28.75,28.75,0.0,1,0.8587540352439464
4928,323.75,28.75,28.75,0.0,1,0.8426788456118489
4929,326.25,28.75,28.75,0.0,1,0.832078727416318
4930,328.75,28.75,28.75,0.0,1,0.8258006891140768
4931,331.25,28.75,28.75,0.0,1,0.826493366575472
4932,333.75,28.75,28.75,0.0,1,0.857549250527486
4933,336.25,28.75,28.75,0.0,1,0.9159641313177446
4934,338.75,28.75,28.75,0.0,1,1.0107328593313767
4935,341.25,28.75,28.75,0.0,1,1.0432457225721379
4936,343.75,28.75,28.75,0.0,1,0.8927469655709458
4937,346.25,28.75,28.75,0.0,1,0.6754690940743163
4938,348.75,28.75,28.75,0.0,1,0.8440378674330784
4939,16.25,31.25,31.25,0.0,1,1.4754020513141677
4940,18.75,31.25,31.25,0.0,1,1.5457690889073807
4941,26.25,31.25,31.25,0.0,1,1.3916542345431984
4942,28.75,31.25,31.25,0.0,1,1.4178662585783568
4943,31.25,31.25,31.25,0.0,2,1.3475741635636886
4944,33.75,31.25,31.25,0.0,2,1.3420436625205203
4945,123.75,31.25,31.25,0.0,2,1.1060823016002463
4946,126.25,31.25,31.25,0.0,2,1.0076178767645527
4947,128.75,31.25,31.25,0.0,2,0.8262436903426821
4948,131.25,31.25,31.25,0.0,2,0.7657495355059125
4949,133.75,31.25,31.25,0.0,2,0.7611075161381469
4950,136.25,31.25,31.25,0.0,2,0.7769102560457134
4951,138.75,31.25,31.25,0.0,2,0.8043233373913642
4952,141.25,31.25,31.25,0.0,2,0.8179170581246871
4953,143.75,31.25,31.25,0.0,2,0.8161476856225817
4954,146.25,31.25,31.25,0.0,2,0.8173562620883158
4955,148.75,31.25,31.25,0.0,2,0.8289580331226528
4956,151.25,31.25,31.25,0.0,2,0.8353843937821132
4957,153.75,31.25,31.25,0.0,2,0.8368147268390594
4958,156.25,31.25,31.25,0.0,2,0.8306663299160612
4959,158.75,31.25,31.25,0.0,2,0.8251090593065274
4960,161.25,31.25,31.25,0.0,2,0.8333462679227395
4961,163.75,31.25,31.25,0.0,2,0.8445812530344045
4962,166.25,31.25,31.25,0.0,2,0.8548887464048384
4963,168.75,31.25,31.25,0.0,2,0.8755392723254681
4964,171.25,31.25,31.25,0.0,2,0.8925673268672074
4965,173.75,31.25,31.25,0.0,2,0.914411028514501
4966,176.25,31.25,31.25,0.0,2,0.9296302330270428
4967,178.75,31.25,31.25,0.0,2,0.9430262615497734
4968,181.25,31.25,31.25,0.0,2,0.9504980373737626
4969,183.75,31.25,31.25,0.0,2,0.9621433211462944
4970,186.25,31.25,31.25,0.0,2,0.9703918849172327
4971,188.75,31.25,31.25,0.0,2,0.9745110335722894
4972,191.25,31.25,31.25,0.0,2,0.9767780722063968
4973,193.75,31.25,31.25,0.0,2,0.9782164742128194
4974,196.25,31.25,31.25,0.0,2,0.975407648876403
4975,198.75,31.25,31.25,0.0,2,0.9624288708053449
4976,201.25,31.25,31.25,0.0,2,0.9421829886099047
4977,203.75,31.25,31.25,0.0,2,0.9234519557136744
4978,206.25,31.25,31.25,0.0,2,0.9066515683522438
4979,208.75,31.25,31.25,0.0,2,0.8854613510518936
4980,211.25,31.25,31.25,0.0,2,0.8643159792932686
4981,213.75,31.25,31.25,0.0,2,0.8424994501143026
4982,216.25,31.25,31.25,0.0,2,0.8241603143989641
4983,218.75,31.25,31.25,0.0,2,0.8081114118068216
4984,221.25,31.25,31.25,0.0,2,0.7990781818069376
4985,223.75,31.25,31.25,0.0,2,0.7926784755763084
4986,226.25,31.25,31.25,0.0,2,0.7840014589088793
4987,228.75,31.25,31.25,0.0,2,0.7686045488728221
4988,231.25,31.25,31.25,0.0,2,0.7577979805402856
4989,233.75,31.25,31.25,0.0,2,0.7968737914577233
4990,236.25,31.25,31.25,0.0,2,0.838810071689744
4991,238.75,31.25,31.25,0.0,2,0.878103848207267
4992,241.25,31.25,31.25,0.0,2,0.9511544843839762
4993,243.75,31.25,31.25,0.0,2,1.1364111635597678
4994,278.75,31.25,31.25,0.0,2,1.1024600726138503
4995,281.25,31.25,31.25,0.0,1,0.9334625745946028
4996,283.75,31.25,31.25,0.0,1,0.8538339981893607
4997,286.25,31.25,31.25,0.0,1,0.9866843154532448
4998,288.75,31.25,31.25,0.0,1,0.9813660246600063
4999,291.25,31.25,31.25,0.0,1,0.9701086803860036
5000,293.75,31.25,31.25,0.0,1,0.9805401395002008
5001,296.25,31.25,31.25,0.0,1,0.9814881257441962
5002,298.75,31.25,31.25,0.0,1,0.9854009016007135
5003,301.25,31.25,31.25,0.0,1,0.9870821720141286
5004,303.75,31.25,31.25,0.0,1,0.9915471004745876
5005,306.25,31.25,31.25,0.0,1,0.9913060028834558
5006,308.75,31.25,31.25,0.0,1,0.9915831553573529
5007,311.25,31.25,31.25,0.0,1,0.982000339808101
5008,313.75,31.25,31.25,0.0,1,0.9733758051878191
5009,316.25,31.25,31.25,0.0,1,0.9655635409108516
5010,318.75,31.25,31.25,0.0,1,0.9561298943324115
5011,321.25,31.25,31.25,0.0,1,0.9404354422024062
5012,323.75,31.25,31.25,0.0,1,0.9284748223947203
5013,326.25,31.25,31.25,0.0,1,0.9113688466978418
5014,328.75,31.25,31.25,0.0,1,0.9006522360165832
5015,331.25,31.25,31.25,0.0,1,0.8862283102761125
5016,333.75,31.25,31.25,0.0,1,0.8742944984692012
5017,336.25,31.25,31.25,0.0,1,0.8786540405800105
5018,338.75,31.25,31.25,0.0,1,0.9295184080495794
5019,341.25,31.25,31.25,0.0,1,0.9914512553230661
5020,343.75,31.25,31.25,0.0,1,1.0183762720211529
5021,346.25,31.25,31.25,0.0,1,0.8868917346838944
5022,348.75,31.25,31.25,0.0,1,0.7088939457552429
5023,11.25,33.75,33.75,0.0,1,1.5065402549716804
5024,13.75,33.75,33.75,0.0,1,1.4617414766084642
5025,16.25,33.75,33.75,0.0,1,1.5012674683368576
5026,18.75,33.75,33.75,0.0,1,1.4402737574151228
5027,21.25,33.75,33.75,0.0,1,1.4371241460199977
5028,23.75,33.75,33.75,0.0,1,1.3950429158202893
5029,26.25,33.75,33.75,0.0,1,1.4419400109849823
5030,28.75,33.75,33.75,0.0,1,1.4807233360343923
5031,31.25,33.75,33.75,0.0,2,1.4682013856699498
5032,33.75,33.75,33.75,0.0,2,1.4002561506962763
5033,121.25,33.75,33.75,0.0,2,1.1844294150053383
5034,123.75,33.75,33.75,0.0,2,1.157346727879179
5035,126.25,33.75,33.75,0.0,2,1.183913870169403
5036,128.75,33.75,33.75,0.0,2,1.0319750617907049
5037,131.25,33.75,33.75,0.0,2,1.0352926682768495
5038,136.25,33.75,33.75,0.0,2,0.9009333715000067
5039,138.75,33.75,33.75,0.0,2,0.8860612315998009
5040,141.25,33.75,33.75,0.0,2,0.8560905160002074
5041,143.75,33.75,33.75,0.0,2,0.8438662455236265
5042,146.25,33.75,33.75,0.0,2,0.8546055957193679
5043,148.75,33.75,33.75,0.0,2,0.8771004859249943
5044,151.25,33.75,33.75,0.0,2,0.8819285085309709
5045,153.75,33.75,33.75,0.0,2,0.8825581593199833
5046,156.25,33.75,33.75,0.0,2,0.8821334038119412
5047,158.75,33.75,33.75,0.0,2,0.8756727080119177
5048,161.25,33.75,33.75,0.0,2,0.8738417383402548
5049,163.75,33.75,33.75,0.0,2,0.8845652077425784
5050,166.25,33.75,33.75,0.0,2,0.9049843870510121
5051,168.75,33.75,33.75,0.0,2,0.9317594737426423
5052,171.25,33.75,33.75,0.0,2,0.9526334337208144
5053,173.75,33.75,33.75,0.0,2,0.9732336868223167
5054,176.25,33.75,33.75,0.0,2,0.9901892636890729
5055,178.75,33.75,33.75,0.0,2,1.0041239361804957
5056,181.25,33.75,33.75,0.0,2,1.0104815454982201
5057,183.75,33.75,33.75,0.0,2,1.0200636777595435
5058,186.25,33.75,33.75,0.0,2,1.0333621720475816
5059,188.75,33.75,33.75,0.0,2,1.0566537318174472
5060,191.25,33.75,33.75,0.0,2,1.068294171993905
5061,193.75,33.75,33.75,0.0,2,1.0739570682338035
5062,196.25,33.75,33.75,0.0,2,1.0768442217040872
5063,198.75,33.75,33.75,0.0,2,1.0714603165849017
5064,201.25,33.75,33.75,0.0,2,1.0612924560696444
5065,203.75,33.75,33.75,0.0,2,1.0389146600862809
5066,206.25,33.75,33.75,0.0,2,1.0223024513851418
5067,208.75,33.75,33.75,0.0,2,0.999049363010969
5068,211.25,33.75,33.75,0.0,2,0.964157155023444
5069,213.75,33.75,33.75,0.0,2,0.9430282442060889
5070,216.25,33.75,33.75,0.0,2,0.9167379592476702
5071,218.75,33.75,33.75,0.0,2,0.8918426100741589
5072,221.25,33.75,33.75,0.0,2,0.8680978666658279
5073,223.75,33.75,33.75,0.0,2,0.850423472072888
5074,226.25,33.75,33.75,0.0,2,0.8265480431310189
5075,228.75,33.75,33.75,0.0,2,0.8064694782073974
5076,231.25,33.75,33.75,0.0,2,0.7923805160090003
5077,233.75,33.75,33.75,0.0,2,0.7977331178052818
5078,236.25,33.75,33.75,0.0,2,0.837547879935082
5079,238.75,33.75,33.75,0.0,2,0.9699101746130231
5080,241.25,33.75,33.75,0.0,2,1.1637993185213502
5081,281.25,33.75,33.75,0.0,1,1.1392847607891174
5082,283.75,33.75,33.75,0.0,1,0.9406733127206228
5083,286.25,33.75,33.75,0.0,1,0.8533205250782852
5084,288.75,33.75,33.75,0.0,1,0.8865436093638542
5085,291.25,33.75,33.75,0.0,1,0.8861340173594052
5086,293.75,33.75,33.75,0.0,1,0.9001343174339503
5087,296.25,33.75,33.75,0.0,1,0.9112892308912826
5088,298.75,33.75,33.75,0.0,1,0.911580652665502
5089,301.25,33.75,33.75,0.0,1,0.9031940926065937
5090,303.75,33.75,33.75,0.0,1,0.898778228720008
5091,306.25,33.75,33.75,0.0,1,0.9058968949112834
5092,308.75,33.75,33.75,0.0,1,0.9278923621382592
5093,311.25,33.75,33.75,0.0,1,0.9427912674475086
5094,313.75,33.75,33.75,0.0,1,0.9585427489358765
5095,316.25,33.75,33.75,0.0,1,0.9620681631136729
5096,318.75,33.75,33.75,0.0,1,0.9691361666080517
5097,321.25,33.75,33.75,0.0,1,0.9788100935670013
5098,323.75,33.75,33.75,0.0,1,0.9872427240401065
5099,326.25,33.75,33.75,0.0,1,0.9855155803791935
5100,328.75,33.75,33.75,0.0,1,0.9773344325282214
5101,331.25,33.75,33.75,0.0,1,0.959375398205449
5102,333.75,33.75,33.75,0.0,1,0.9385108158747636
5103,336.25,33.75,33.75,0.0,1,0.9288706000859085
5104,338.75,33.75,33.75,0.0,1,0.9465450500309363
5105,341.25,33.75,33.75,0.0,1,0.975437537899669
5106,343.75,33.75,33.75,0.0,1,1.0129630740297926
5107,346.25,33.75,33.75,0.0,1,0.9859081631831372
5108,348.75,33.75,33.75,0.0,1,0.8403899420522184
5109,351.25,33.75,33.75,0.0,1,0.7846698438553105
5110,353.75,33.75,33.75,0.0,0,0.9470436844192625
5111,1.25,36.25,36.25,0.0,1,1.1290943228350503
5112,3.75,36.25,36.25,0.0,0,1.2656963491065656
5113,6.25,36.25,36.25,0.0,0,1.3093096058207203
5114,8.75,36.25,36.25,0.0,0,1.2807509939269073
5115,11.25,36.25,36.25,0.0,1,1.5211848347203807
5116,13.75,36.25,36.25,0.0,1,1.603814199124493
5117,16.25,36.25,36.25,0.0,1,1.4644100354064926
5118,18.75,36.25,36.25,0.0,1,1.3326623673002698
5119,21.25,36.25,36.25,0.0,1,1.363171450744742
5120,23.75,36.25,36.25,0.0,1,1.4728178191593082
5121,26.25,36.25,36.25,0.0,1,1.5745545727332293
5122,28.75,36.25,36.25,0.0,1,1.7408041059493282
5123,31.25,36.25,36.25,0.0,2,1.4816239488495642
5124,33.75,36.25,36.25,0.0,2,1.4082740138335883
5125,121.25,36.25,36.25,0.0,2,1.140554248305574
5126,123.75,36.25,36.25,0.0,2,1.1554739272925798
5127,126.25,36.25,36.25,0.0,2,1.1499637692404274
5128,128.75,36.25,36.25,0.0,2,1.0727549375149246
5129,131.25,36.25,36.25,0.0,2,1.0958141391870204
5130,133.75,36.25,36.25,0.0,2,1.2239761309239223
5131,136.25,36.25,36.25,0.0,2,1.2711259077741994
5132,141.25,36.25,36.25,0.0,2,1.0349820473166882
5133,143.75,36.25,36.25,0.0,2,1.0250713981645403
5134,146.25,36.25,36.25,0.0,2,1.1005835180517178
5135,148.75,36.25,36.25,0.0,2,1.1760972460036305
5136,151.25,36.25,36.25,0.0,2,1.1574432101330523
5137,153.75,36.25,36.25,0.0,2,1.1197602865728746
5138,156.25,36.25,36.25,0.0,2,1.1069490416150671
5139,158.75,36.25,36.25,0.0,2,1.1044573301858518
5140,161.25,36.25,36.25,0.0,2,1.1001790575436743
5141,163.75,36.25,36.25,0.0,2,1.0919169584333024
5142,166.25,36.25,36.25,0.0,2,1.0966620585351574
5143,168.75,36.25,36.25,0.0,2,1.1139207860929459
5144,171.25,36.25,36.25,0.0,2,1.130541092629972
5145,173.75,36.25,36.25,0.0,2,1.137033992828651
5146,176.25,36.25,36.25,0.0,2,1.1410892932884624
5147,178.75,36.25,36.25,0.0,2,1.132694273032027
5148,181.25,36.25,36.25,0.0,2,1.1237117270352548
5149,183.75,36.25,36.25,0.0,2,1.1193932426014628
5150,186.25,36.25,36.25,0.0,2,1.129314750943477
5151,188.75,36.25,36.25,0.0,2,1.1395320573618302
5152,191.25,36.25,36.25,0.0,2,1.15754468689355
5153,193.75,36.25,36.25,0.0,2,1.1665230946372152
5154,196.25,36.25,36.25,0.0,2,1.1706971332480252
5155,198.75,36.25,36.25,0.0,2,1.160454960000666
5156,201.25,36.25,36.25,0.0,2,1.1426321041237533
5157,203.75,36.25,36.25,0.0,2,1.1244415842488125
5158,206.25,36.25,36.25,0.0,2,1.0965831900106915
5159,208.75,36.25,36.25,0.0,2,1.0733583377830913
5160,211.25,36.25,36.25,0.0,2,1.0405745042354602
5161,213.75,36.25,36.25,0.0,2,1.0118743211778578
5162,216.25,36.25,36.25,0.0,2,0.9815406098025581
5163,218.75,36.25,36.25,0.0,2,0.9650333904863571
5164,221.25,36.25,36.25,0.0,2,0.9337830702978501
5165,223.75,36.25,36.25,0.0,2,0.9120563265670241
5166,226.25,36.25,36.25,0.0,2,0.8784980683344318
5167,228.75,36.25,36.25,0.0,2,0.8592468086080252
5168,231.25,36.25,36.25,0.0,2,0.8395854763697113
5169,233.75,36.25,36.25,0.0,2,0.7866540954636453
5170,236.25,36.25,36.25,0.0,2,0.9052578665491213
5171,238.75,36.25,36.25,0.0,2,1.0356171740881583
5172,283.75,36.25,36.25,0.0,1,1.4016668806625163
5173,286.25,36.25,36.25,0.0,1,0.9796890490063092
5174,288.75,36.25,36.25,0.0,1,0.831936930942235
5175,291.25,36.25,36.25,0.0,1,0.8276045893028166
5176,293.75,36.25,36.25,0.0,1,0.8351387707927571
5177,296.25,36.25,36.25,0.0,1,0.8521634045787331
5178,298.75,36.25,36.25,0.0,1,0.86421835212274
5179,301.25,36.25,36.25,0.0,1,0.8603979952724902
5180,303.75,36.25,36.25,0.0,1,0.8287387912337841
5181,306.25,36.25,36.25,0.0,1,0.8027471904400696
5182,308.75,36.25,36.25,0.0,1,0.7899492459531939
5183,311.25,36.25,36.25,0.0,1,0.7826542649086963
5184,313.75,36.25,36.25,0.0,1,0.8025457615301457
5185,316.25,36.25,36.25,0.0,1,0.8300320811126124
5186,318.75,36.25,36.25,0.0,1,0.8515456967615348
5187,321.25,36.25,36.25,0.0,1,0.8837067071251842
5188,323.75,36.25,36.25,0.0,1,0.9355328810547116
5189,326.25,36.25,36.25,0.0,1,0.9902632631136072
5190,328.75,36.25,36.25,0.0,1,1.0080278282470188
5191,331.25,36.25,36.25,0.0,1,0.9887564739800774
5192,333.75,36.25,36.25,0.0,1,0.9780514976924669
5193,336.25,36.25,36.25,0.0,1,0.972785349238001
5194,338.75,36.25,36.25,0.0,1,0.971955338353383
5195,341.25,36.25,36.25,0.0,1,0.9963599817471526
5196,343.75,36.25,36.25,0.0,1,1.0050383248338313
5197,346.25,36.25,36.25,0.0,1,0.9594073294622303
5198,348.75,36.25,36.25,0.0,1,0.8222948652265674
5199,351.25,36.25,36.25,0.0,1,0.8569532835044149
5200,353.75,36.25,36.25,0.0,1,0.9995451283455575
5201,358.75,36.25,36.25,0.0,1,1.0912897863557165
5202,1.25,38.75,38.75,0.0,1,1.3825571621659998
5203,3.75,38.75,38.75,0.0,1,1.3255181258267967
5204,6.25,38.75,38.75,0.0,1,1.287478662147875
5205,8.75,38.75,38.75,0.0,1,1.2448409406147425
5206,11.25,38.75,38.75,0.0,1,1.4477634714715766
5207,13.75,38.75,38.75,0.0,1,1.4986162775369833
5208,16.25,38.75,38.75,0.0,1,1.4074859754580356
5209,18.75,38.75,38.75,0.0,1,1.4602598347623559
5210,21.25,38.75,38.75,0.0,1,1.5559825285937425
5211,26.25,38.75,38.75,0.0,1,1.6514751098342635
5212,28.75,38.75,38.75,0.0,0,1.7870407960562533
5213,128.75,38.75,38.75,0.0,2,1.1441802846320113
5214,131.25,38.75,38.75,0.0,2,1.1207475414911414
5215,133.75,38.75,38.75,0.0,2,1.1681994559949445
5216,136.25,38.75,38.75,0.0,2,1.2561987916244572
5217,138.75,38.75,38.75,0.0,2,1.3480083818683553
5218,141.25,38.75,38.75,0.0,2,1.2177940672965626
5219,143.75,38.75,38.75,0.0,2,1.47361651153362
5220,146.25,38.75,38.75,0.0,2,1.6428935374062357
5221,148.75,38.75,38.75,0.0,2,1.6906751551824546
5222,151.25,38.75,38.75,0.0,2,1.7002724087596763
5223,153.75,38.75,38.75,0.0,2,1.6879550451588352
5224,156.25,38.75,38.75,0.0,2,1.6671066688886822
5225,158.75,38.75,38.75,0.0,2,1.6272280702866964
5226,161.25,38.75,38.75,0.0,2,1.5678121662794378
5227,163.75,38.75,38.75,0.0,2,1.501285672634328
5228,166.25,38.75,38.75,0.0,2,1.4412291630459166
5229,168.75,38.75,38.75,0.0,2,1.405697122417811
5230,171.25,38.75,38.75,0.0,2,1.3876498238229895
5231,173.75,38.75,38.75,0.0,2,1.3688950533767836
5232,176.25,38.75,38.75,0.0,2,1.3397313917790838
5233,178.75,38.75,38.75,0.0,2,1.315023845636886
5234,181.25,38.75,38.75,0.0,2,1.2960486831695586
5235,183.75,38.75,38.75,0.0,2,1.2776685527554221
5236,186.25,38.75,38.75,0.0,2,1.2631201085350998
5237,188.75,38.75,38.75,0.0,2,1.2467583792212986
5238,191.25,38.75,38.75,0.0,2,1.2378368154199484
5239,193.75,38.75,38.75,0.0,2,1.2368350947598397
5240,196.25,38.75,38.75,0.0,2,1.2336595753910995
5241,198.75,38.75,38.75,0.0,2,1.219694382141801
5242,201.25,38.75,38.75,0.0,2,1.203373493097582
5243,203.75,38.75,38.75,0.0,2,1.1826535538788698
5244,206.25,38.75,38.75,0.0,2,1.1451546597058533
5245,208.75,38.75,38.75,0.0,2,1.1185573392451873
5246,211.25,38.75,38.75,0.0,2,1.0885118123038946
5247,213.75,38.75,38.75,0.0,2,1.066345840664866
5248,216.25,38.75,38.75,0.0,2,1.0482395996840905
5249,218.75,38.75,38.75,0.0,2,1.0214421543863221
5250,221.25,38.75,38.75,0.0,2,0.987657327641647
5251,223.75,38.75,38.75,0.0,2,0.9648003202712129
5252,226.25,38.75,38.75,0.0,2,0.932177954293656
5253,228.75,38.75,38.75,0.0,2,0.9100422650457732
5254,231.25,38.75,38.75,0.0,2,0.8820232599592399
5255,233.75,38.75,38.75,0.0,2,0.8030356652750311
5256,236.25,38.75,38.75,0.0,2,0.9793721345720153
5257,286.25,38.75,38.75,0.0,1,1.3415246358557043
5258,288.75,38.75,38.75,0.0,1,1.0369304726159603
5259,291.25,38.75,38.75,0.0,1,0.9352951457112546
5260,293.75,38.75,38.75,0.0,1,0.8712046864536497
5261,296.25,38.75,38.75,0.0,1,0.8498671495539847
5262,298.75,38.75,38.75,0.0,1,0.8988559016110025
5263,301.25,38.75,38.75,0.0,1,0.9511505179034951
5264,303.75,38.75,38.75,0.0,1,0.9368060234670306
5265,306.25,38.75,38.75,0.0,1,0.9028714794707239
5266,308.75,38.75,38.75,0.0,1,0.9039909555860557
5267,311.25,38.75,38.75,0.0,1,0.9054672558696196
5268,313.75,38.75,38.75,0.0,1,0.856510659500768
5269,316.25,38.75,38.75,0.0,1,0.7282628239067938
5270,318.75,38.75,38.75,0.0,1,0.6532282582229162
5271,321.25,38.75,38.75,0.0,1,0.6505154059354481
5272,323.75,38.75,38.75,0.0,1,0.7171861904976244
5273,326.25,38.75,38.75,0.0,1,0.8126998047112387
5274,328.75,38.75,38.75,0.0,1,0.9251595541012461
5275,331.25,38.75,38.75,0.0,1,0.9560166959318177
5276,333.75,38.75,38.75,0.0,1,0.9727896937514107
5277,336.25,38.75,38.75,0.0,1,0.963859447027309
5278,338.75,38.75,38.75,0.0,1,0.9767250323019138
5279,341.25,38.75,38.75,0.0,1,0.9817101109952315
5280,343.75,38.75,38.75,0.0,1,0.9724091584455308
5281,346.25,38.75,38.75,0.0,1,0.8903533776482085
5282,348.75,38.75,38.75,0.0,1,0.7632327816761253
5283,351.25,38.75,38.75,0.0,1,0.7317248004659288
5284,1.25,41.25,41.25,0.0,1,1.3431615964531967
5285,3.75,41.25,41.25,0.0,1,1.2864471047185209
5286,6.25,41.25,41.25,0.0,1,1.2435794051028668
5287,8.75,41.25,41.25,0.0,1,1.4259717274180224
5288,11.25,41.25,41.25,0.0,1,1.534246353407188
5289,13.75,41.25,41.25,0.0,1,1.5472197538790844
5290,28.75,41.25,41.25,0.0,1,1.8764782128900257
5291,31.25,41.25,41.25,0.0,2,1.7726229242891758
5292,38.75,41.25,41.25,0.0,2,1.7335601908228928
5293,41.25,41.25,41.25,0.0,2,1.7287252083818796
5294,131.25,41.25,41.25,0.0,2,1.2407014313203548
5295,133.75,41.25,41.25,0.0,2,1.3112298415391606
5296,136.25,41.25,41.25,0.0,2,1.3165151012871954
5297,138.75,41.25,41.25,0.0,2,1.2997052061993706
5298,141.25,41.25,41.25,0.0,2,1.3765772323602727
5299,143.75,41.25,41.25,0.0,2,1.5325393333733908
5300,146.25,41.25,41.25,0.0,2,1.7715692394300355
5301,148.75,41.25,41.25,0.0,2,1.7417169884204344
5302,151.25,41.25,41.25,0.0,2,1.7669021106805647
5303,153.75,41.25,41.25,0.0,2,1.7566526496824963
5304,156.25,41.25,41.25,0.0,2,1.7125090940244876
5305,158.75,41.25,41.25,0.0,2,1.6804446675376394
5306,161.25,41.25,41.25,0.0,2,1.6467791089261454
5307,163.75,41.25,41.25,0.0,2,1.6082159927530089
5308,166.25,41.25,41.25,0.0,2,1.5661174738275472
5309,168.75,41.25,41.25,0.0,2,1.5098615124516916
5310,171.25,41.25,41.25,0.0,2,1.466811020462371
5311,173.75,41.25,41.25,0.0,2,1.4266336658162189
5312,176.25,41.25,41.25,0.0,2,1.395369773817888
5313,178.75,41.25,41.25,0.0,2,1.3673726357739222
5314,181.25,41.25,41.25,0.0,2,1.35140260038567
5315,183.75,41.25,41.25,0.0,2,1.3282996360618196
5316,186.25,41.25,41.25,0.0,2,1.300778961803613
5317,188.75,41.25,41.25,0.0,2,1.280360119963958
5318,191.25,41.25,41.25,0.0,2,1.273573036060306
5319,193.75,41.25,41.25,0.0,2,1.256669840666371
5320,196.25,41.25,41.25,0.0,2,1.234003461599652
5321,198.75,41.25,41.25,0.0,2,1.205746798370243
5322,201.25,41.25,41.25,0.0,2,1.1970033530438329
5323,203.75,41.25,41.25,0.0,2,1.1794232492478298
5324,206.25,41.25,41.25,0.0,2,1.1499840138333273
5325,208.75,41.25,41.25,0.0,2,1.1213583646121619
5326,211.25,41.25,41.25,0.0,2,1.093989601222777
5327,213.75,41.25,41.25,0.0,2,1.0816382906559872
5328,216.25,41.25,41.25,0.0,2,1.0639257772178488
5329,218.75,41.25,41.25,0.0,2,1.0422731077025427
5330,221.25,41.25,41.25,0.0,2,1.0159328819742763
5331,223.75,41.25,41.25,0.0,2,0.9908257343852294
5332,226.25,41.25,41.25,0.0,2,0.9708349682853237
5333,228.75,41.25,41.25,0.0,2,0.9503140772335399
5334,231.25,41.25,41.25,0.0,2,0.9127391499140362
5335,233.75,41.25,41.25,0.0,2,0.8432328472427322
5336,236.25,41.25,41.25,0.0,2,0.9391001168524533
5337,288.75,41.25,41.25,0.0,1,1.4585053962195809
5338,291.25,41.25,41.25,0.0,1,1.5764240682470283
5339,293.75,41.25,41.25,0.0,1,1.3449554308118772
5340,296.25,41.25,41.25,0.0,1,1.2765654893434424
5341,298.75,41.25,41.25,0.0,1,1.3105211940250838
5342,301.25,41.25,41.25,0.0,1,1.2938777337750578
5343,303.75,41.25,41.25,0.0,1,1.2725995760629778
5344,306.25,41.25,41.25,0.0,1,1.470557866509883
5345,308.75,41.25,41.25,0.0,1,2.1904881917990764
5346,311.25,41.25,41.25,0.0,1,3.396910535635136
5347,313.75,41.25,41.25,0.0,1,3.8918025369866824
5348,316.25,41.25,41.25,0.0,1,2.849838858509044
5349,318.75,41.25,41.25,0.0,1,1.2281840723676773
5350,321.25,41.25,41.25,0.0,1,0.6214497836455739
5351,323.75,41.25,41.25,0.0,1,0.5995600233613609
5352,326.25,41.25,41.25,0.0,1,0.5792354476447333
5353,328.75,41.25,41.25,0.0,1,0.6444241764322015
5354,331.25,41.25,41.25,0.0,1,0.7967467960551365
5355,333.75,41.25,41.25,0.0,1,0.875587521746455
5356,336.25,41.25,41.25,0.0,1,0.8790055939168895
5357,338.75,41.25,41.25,0.0,1,0.9071995798900321
5358,341.25,41.25,41.25,0.0,1,0.9219506931571051
5359,343.75,41.25,41.25,0.0,1,0.8927950320195914
5360,346.25,41.25,41.25,0.0,1,0.7983629997281395
5361,348.75,41.25,41.25,0.0,1,0.7121879786156374
5362,351.25,41.25,41.25,0.0,0,0.7384578599553152
5363,3.75,43.75,43.75,0.0,0,1.2179978833783556
5364,6.25,43.75,43.75,0.0,0,1.2139845912858755
5365,8.75,43.75,43.75,0.0,1,1.436060109514654
5366,28.75,43.75,43.75,0.0,1,1.9787496249404775
5367,31.25,43.75,43.75,0.0,2,1.9656262768004582
5368,33.75,43.75,43.75,0.0,2,1.9547164386416203
5369,36.25,43.75,43.75,0.0,2,1.9172467690438881
5370,38.75,43.75,43.75,0.0,2,1.924936290156215
5371,41.25,43.75,43.75,0.0,0,1.8357872254827017
5372,136.25,43.75,43.75,0.0,2,1.3832342305445773
5373,138.75,43.75,43.75,0.0,2,1.3007192293695822
5374,141.25,43.75,43.75,0.0,2,1.4175223598867979
5375,146.25,43.75,43.75,0.0,2,1.6513712765057051
5376,148.75,43.75,43.75,0.0,2,1.632167467526271
5377,151.25,43.75,43.75,0.0,2,1.554344878799098
5378,153.75,43.75,43.75,0.0,2,1.504143733647642
5379,156.25,43.75,43.75,0.0,2,1.4958430587530822
5380,158.75,43.75,43.75,0.0,2,1.4888057629842808
5381,161.25,43.75,43.75,0.0,2,1.489487254542025
5382,163.75,43.75,43.75,0.0,2,1.4846702041025706
5383,166.25,43.75,43.75,0.0,2,1.4678299754050217
5384,168.75,43.75,43.75,0.0,2,1.4423836243855093
5385,171.25,43.75,43.75,0.0,2,1.4158511432511445
5386,173.75,43.75,43.75,0.0,2,1.3886559243564411
5387,176.25,43.75,43.75,0.0,2,1.371407411532595
5388,178.75,43.75,43.75,0.0,2,1.3515754299483766
5389,181.25,43.75,43.75,0.0,2,1.332188673202407
5390,183.75,43.75,43.75,0.0,2,1.3108722599590934
5391,186.25,43.75,43.75,0.0,2,1.290007551884376
5392,188.75,43.75,43.75,0.0,2,1.2760398297515287
5393,191.25,43.75,43.75,0.0,2,1.2696844256586055
5394,193.75,43.75,43.75,0.0,2,1.2484096630654957
5395,196.25,43.75,43.75,0.0,2,1.2124401920900991
5396,198.75,43.75,43.75,0.0,2,1.1717179972509215
5397,201.25,43.75,43.75,0.0,2,1.1525500982992625
5398,203.75,43.75,43.75,0.0,2,1.1356829838346032
5399,206.25,43.75,43.75,0.0,2,1.1229798181624546
5400,208.75,43.75,43.75,0.0,2,1.1017422574454354
5401,211.25,43.75,43.75,0.0,2,1.0785775685584094
5402,213.75,43.75,43.75,0.0,2,1.0672608020605714
5403,216.25,43.75,43.75,0.0,2,1.0537219454474853
5404,218.75,43.75,43.75,0.0,2,1.0425459211239965
5405,221.25,43.75,43.75,0.0,2,1.0192189202279758
5406,223.75,43.75,43.75,0.0,2,1.0138747024162995
5407,226.25,43.75,43.75,0.0,2,0.9970709424978638
5408,228.75,43.75,43.75,0.0,2,0.9748392155712501
5409,231.25,43.75,43.75,0.0,2,0.9389589612666177
5410,233.75,43.75,43.75,0.0,2,0.8709080091554596
5411,236.25,43.75,43.75,0.0,2,0.9082373147449933
5412,291.25,43.75,43.75,0.0,1,1.6596592198451006
5413,293.75,43.75,43.75,0.0,1,1.6570618578785268
5414,296.25,43.75,43.75,0.0,1,1.724112658812904
5415,298.75,43.75,43.75,0.0,1,1.7449049064810402
5416,301.25,43.75,43.75,0.0,1,1.7207871390565412
5417,303.75,43.75,43.75,0.0,1,1.751345772282438
5418,306.25,43.75,43.75,0.0,1,1.8956602387104873
5419,308.75,43.75,43.75,0.0,1,2.2115469144642677
5420,311.25,43.75,43.75,0.0,1,2.836173878636413
5421,313.75,43.75,43.75,0.0,1,2.662298440322595
5422,316.25,43.75,43.75,0.0,1,2.6377612249618965
5423,318.75,43.75,43.75,0.0,1,2.2800552547502946
5424,321.25,43.75,43.75,0.0,1,1.2398606648647617
5425,323.75,43.75,43.75,0.0,1,0.7920034307347567
5426,326.25,43.75,43.75,0.0,1,0.6485682361659305
5427,328.75,43.75,43.75,0.0,1,0.41166435978544696
5428,331.25,43.75,43.75,0.0,1,0.3860369579905443
5429,333.75,43.75,43.75,0.0,1,0.5905951842442598
5430,336.25,43.75,43.75,0.0,1,0.7175084845644737
5431,338.75,43.75,43.75,0.0,1,0.7621992516488206
5432,341.25,43.75,43.75,0.0,1,0.7923197760762933
5433,343.75,43.75,43.75,0.0,1,0.784398632579045
5434,346.25,43.75,43.75,0.0,1,0.7450892435163385
5435,348.75,43.75,43.75,0.0,1,0.6793058552063526
5436,351.25,43.75,43.75,0.0,1,0.696522541632083
5437,353.75,43.75,43.75,0.0,1,0.9162611843301944
5438,356.25,43.75,43.75,0.0,1,1.1152748185350552
5439,358.75,43.75,43.75,0.0,1,1.326231857332871
5440,31.25,46.25,46.25,0.0,2,2.126970521823343
5441,138.75,46.25,46.25,0.0,2,1.5273829910691343
5442,141.25,46.25,46.25,0.0,2,1.680342834661857
5443,143.75,46.25,46.25,0.0,2,1.6773653284753778
5444,146.25,46.25,46.25,0.0,2,1.7295684912413463
5445,148.75,46.25,46.25,0.0,2,1.7151702244683753
5446,151.25,46.25,46.25,0.0,2,1.5589576863571852
5447,153.75,46.25,46.25,0.0,2,1.376489711956203
5448,156.25,46.25,46.25,0.0,2,1.3129206418462867
5449,158.75,46.25,46.25,0.0,2,1.2845535564658719
5450,161.25,46.25,46.25,0.0,2,1.2873427568007259
5451,163.75,46.25,46.25,0.0,2,1.2915644496375491
5452,166.25,46.25,46.25,0.0,2,1.2953628029849689
5453,168.75,46.25,46.25,0.0,2,1.3077326132382419
5454,171.25,46.25,46.25,0.0,2,1.3090382067811155
5455,173.75,46.25,46.25,0.0,2,1.301303468420326
5456,176.25,46.25,46.25,0.0,2,1.29083874705517
5457,178.75,46.25,46.25,0.0,2,1.266173130906926
5458,181.25,46.25,46.25,0.0,2,1.2335101659904555
5459,183.75,46.25,46.25,0.0,2,1.214567531052276
5460,186.25,46.25,46.25,0.0,2,1.2024598371981299
5461,188.75,46.25,46.25,0.0,2,1.193206385401869
5462,191.25,46.25,46.25,0.0,2,1.1771240130764207
5463,193.75,46.25,46.25,0.0,2,1.1683140399856058
5464,196.25,46.25,46.25,0.0,2,1.1476053084517652
5465,198.75,46.25,46.25,0.0,2,1.1218703055983568
5466,201.25,46.25,46.25,0.0,2,1.101335283528502
5467,203.75,46.25,46.25,0.0,2,1.0867969962671697
5468,206.25,46.25,46.25,0.0,2,1.0722967668546004
5469,208.75,46.25,46.25,0.0,2,1.0534674964750819
5470,211.25,46.25,46.25,0.0,2,1.0450111572874783
5471,213.75,46.25,46.25,0.0,2,1.0387765203995538
5472,216.25,46.25,46.25,0.0,2,1.0251574415567535
5473,218.75,46.25,46.25,0.0,2,1.0213265153451119
5474,221.25,46.25,46.25,0.0,2,1.0120307945888167
5475,223.75,46.25,46.25,0.0,2,1.0163018008227183
5476,226.25,46.25,46.25,0.0,2,1.000148586698434
5477,228.75,46.25,46.25,0.0,2,0.9823286706172596
5478,231.25,46.25,46.25,0.0,2,0.9261239224723706
5479,233.75,46.25,46.25,0.0,2,0.8915255028299439
5480,236.25,46.25,46.25,0.0,2,0.9869013972061103
5481,296.25,46.25,46.25,0.0,0,1.7631072033307211
5482,298.75,46.25,46.25,0.0,1,1.8239674230528335
5483,301.25,46.25,46.25,0.0,1,1.7619623591578517
5484,303.75,46.25,46.25,0.0,1,1.7374451613281119
5485,306.25,46.25,46.25,0.0,1,1.649007091759704
5486,308.75,46.25,46.25,0.0,1,1.5472879855864177
5487,311.25,46.25,46.25,0.0,1,1.3968007383152985
5488,313.75,46.25,46.25,0.0,1,0.9098889740397633
5489,316.25,46.25,46.25,0.0,1,0.7455371717030824
5490,318.75,46.25,46.25,0.0,1,0.6197858351911575
5491,321.25,46.25,46.25,0.0,1,0.5345454053792219
5492,323.75,46.25,46.25,0.0,1,0.6524350458142885
5493,326.25,46.25,46.25,0.0,1,0.6575136064843524
5494,328.75,46.25,46.25,0.0,1,0.49427310475726544
5495,331.25,46.25,46.25,0.0,1,0.32878778679292553
5496,333.75,46.25,46.25,0.0,1,0.2949090228052151
5497,336.25,46.25,46.25,0.0,1,0.39816285275127544
5498,338.75,46.25,46.25,0.0,1,0.518942908009867
5499,341.25,46.25,46.25,0.0,1,0.6031690328994793
5500,343.75,46.25,46.25,0.0,1,0.6187265073192112
5501,346.25,46.25,46.25,0.0,1,0.6006674682451034
5502,348.75,46.25,46.25,0.0,1,0.6298021487280272
5503,351.25,46.25,46.25,0.0,1,0.7028227971879694
5504,353.75,46.25,46.25,0.0,1,0.7990619646279744
5505,356.25,46.25,46.25,0.0,1,1.011369253746528
5506,358.75,46.25,46.25,0.0,1,1.2808647000246731
5507,143.75,48.75,48.75,0.0,2,1.4519528598994995
5508,146.25,48.75,48.75,0.0,2,1.5378963956098641
5509,148.75,48.75,48.75,0.0,2,1.5009672324537051
5510,151.25,48.75,48.75,0.0,2,1.4496488918098847
5511,153.75,48.75,48.75,0.0,2,1.3687882371048836
5512,156.25,48.75,48.75,0.0,2,1.325207653441125
5513,158.75,48.75,48.75,0.0,2,1.22524710559904
5514,161.25,48.75,48.75,0.0,2,1.180324617389757
5515,163.75,48.75,48.75,0.0,2,1.1960405112619694
5516,166.25,48.75,48.75,0.0,2,1.212206668660124
5517,168.75,48.75,48.75,0.0,2,1.224311219997286
5518,171.25,48.75,48.75,0.0,2,1.2337500465084625
5519,173.75,48.75,48.75,0.0,2,1.206034605246892
5520,176.25,48.75,48.75,0.0,2,1.1646242864349514
5521,178.75,48.75,48.75,0.0,2,1.128927867350419
5522,181.25,48.75,48.75,0.0,2,1.1034159150623408
5523,183.75,48.75,48.75,0.0,2,1.0786130623708106
5524,186.25,48.75,48.75,0.0,2,1.0673751496767336
5525,188.75,48.75,48.75,0.0,2,1.0518149598230055
5526,191.25,48.75,48.75,0.0,2,1.0404081514565648
5527,193.75,48.75,48.75,0.0,2,1.0445437451770467
5528,196.25,48.75,48.75,0.0,2,1.0537747354653506
5529,198.75,48.75,48.75,0.0,2,1.0550001386806522
5530,201.25,48.75,48.75,0.0,2,1.0440941825791954
5531,203.75,48.75,48.75,0.0,2,1.036696393122237
5532,206.25,48.75,48.75,0.0,2,1.0397932076440048
5533,208.75,48.75,48.75,0.0,2,1.0324102880116324
5534,211.25,48.75,48.75,0.0,2,1.0169561687861817
5535,213.75,48.75,48.75,0.0,2,0.9984743967520933
5536,216.25,48.75,48.75,0.0,2,0.9930186132177887
5537,218.75,48.75,48.75,0.0,2,1.0020340509741152
5538,221.25,48.75,48.75,0.0,2,0.9982900090271379
5539,223.75,48.75,48.75,0.0,2,0.9941121031615562
5540,226.25,48.75,48.75,0.0,2,0.9676295287319865
5541,228.75,48.75,48.75,0.0,2,0.9307185239694302
5542,231.25,48.75,48.75,0.0,2,0.912508132044152
5543,233.75,48.75,48.75,0.0,2,1.003340243572961
5544,296.25,48.75,48.75,0.0,1,1.7647153585559927
5545,298.75,48.75,48.75,0.0,1,1.776746038621952
5546,301.25,48.75,48.75,0.0,1,1.792739787804035
5547,306.25,48.75,48.75,0.0,1,1.5160632155341673
5548,308.75,48.75,48.75,0.0,1,1.314444989482737
5549,311.25,48.75,48.75,0.0,1,1.0228950056560508
5550,313.75,48.75,48.75,0.0,1,0.8096634750810758
5551,316.25,48.75,48.75,0.0,1,0.6730622420044126
5552,318.75,48.75,48.75,0.0,1,0.5696091227574758
5553,321.25,48.75,48.75,0.0,1,0.5729880178408813
5554,323.75,48.75,48.75,0.0,1,0.5593423783243162
5555,326.25,48.75,48.75,0.0,1,0.5369581089155671
5556,328.75,48.75,48.75,0.0,1,0.48645949392646587
5557,331.25,48.75,48.75,0.0,1,0.43653110677192875
5558,333.75,48.75,48.75,0.0,1,0.38311124785463435
5559,336.25,48.75,48.75,0.0,1,0.32427291687076837
5560,338.75,48.75,48.75,0.0,1,0.2924237550427543
5561,341.25,48.75,48.75,0.0,1,0.40522755322327786
5562,343.75,48.75,48.75,0.0,1,0.4669253078881069
5563,346.25,48.75,48.75,0.0,1,0.43676040393066873
5564,348.75,48.75,48.75,0.0,1,0.49353928836002975
5565,351.25,48.75,48.75,0.0,1,0.5810446421102448
5566,353.75,48.75,48.75,0.0,1,0.7618862389111045
5567,356.25,48.75,48.75,0.0,1,0.9589408870555933
5568,358.75,48.75,48.75,0.0,0,1.109958158114005
5569,1.25,51.25,51.25,0.0,1,1.16924537403325
5570,143.75,51.25,51.25,0.0,2,1.3649207752208348
5571,146.25,51.25,51.25,0.0,2,1.4859536390385657
5572,148.75,51.25,51.25,0.0,2,1.4684399398439685
5573,151.25,51.25,51.25,0.0,2,1.4291025033887543
5574,153.75,51.25,51.25,0.0,2,1.417520903922561
5575,156.25,51.25,51.25,0.0,2,1.4866928044684222
5576,158.75,51.25,51.25,0.0,2,1.3233161797526796
5577,161.25,51.25,51.25,0.0,2,1.2160183505545987
5578,163.75,51.25,51.25,0.0,2,1.1804613105692598
5579,166.25,51.25,51.25,0.0,2,1.1941267583195005
5580,168.75,51.25,51.25,0.0,2,1.1808954426121
5581,171.25,51.25,51.25,0.0,2,1.1588843840766456
5582,173.75,51.25,51.25,0.0,2,1.1106682427421
5583,176.25,51.25,51.25,0.0,2,1.0901798753319039
5584,178.75,51.25,51.25,0.0,2,1.0406179405105072
5585,181.25,51.25,51.25,0.0,2,1.0580902873151419
5586,183.75,51.25,51.25,0.0,2,1.0206075257923894
5587,186.25,51.25,51.25,0.0,2,1.0160006987957266
5588,188.75,51.25,51.25,0.0,2,0.9955510883272992
5589,191.25,51.25,51.25,0.0,2,0.9928424302356768
5590,193.75,51.25,51.25,0.0,2,0.9934880997203608
5591,196.25,51.25,51.25,0.0,2,0.9912007414907195
5592,198.75,51.25,51.25,0.0,2,1.0011682655587908
5593,201.25,51.25,51.25,0.0,2,1.011374516569633
5594,203.75,51.25,51.25,0.0,2,1.0211213815517235
5595,206.25,51.25,51.25,0.0,2,1.0242553383594815
5596,208.75,51.25,51.25,0.0,2,1.0160541618289483
5597,211.25,51.25,51.25,0.0,2,1.01113084093909
5598,213.75,51.25,51.25,0.0,2,0.9978794549249508
5599,216.25,51.25,51.25,0.0,2,0.9811645120644235
5600,218.75,51.25,51.25,0.0,2,0.9804173041071729
5601,221.25,51.25,51.25,0.0,2,0.971431319152121
5602,223.75,51.25,51.25,0.0,2,0.944165971869649
5603,226.25,51.25,51.25,0.0,2,0.9290813820177114
5604,228.75,51.25,51.25,0.0,2,0.9721383695369454
5605,231.25,51.25,51.25,0.0,2,0.994821883289523
5606,303.75,51.25,51.25,0.0,0,1.353087169176589
5607,306.25,51.25,51.25,0.0,1,1.2548976047959604
5608,308.75,51.25,51.25,0.0,1,0.8622660613633091
5609,311.25,51.25,51.25,0.0,1,0.48346377732231677
5610,313.75,51.25,51.25,0.0,1,0.4394123246687841
5611,316.25,51.25,51.25,0.0,1,0.44710925670514307
5612,318.75,51.25,51.25,0.0,1,0.47009752713120223
5613,321.25,51.25,51.25,0.0,1,0.4534774192260901
5614,323.75,51.25,51.25,0.0,1,0.4164301715206956
5615,326.25,51.25,51.25,0.0,1,0.4217905307150907
5616,328.75,51.25,51.25,0.0,1,0.4453932316963292
5617,331.25,51.25,51.25,0.0,1,0.4683369980211383
5618,333.75,51.25,51.25,0.0,1,0.43473694966776544
5619,336.25,51.25,51.25,0.0,1,0.3272836984817125
5620,338.75,51.25,51.25,0.0,1,0.17421968331040483
5621,341.25,51.25,51.25,0.0,1,0.2455797051806584
5622,343.75,51.25,51.25,0.0,1,0.31818392991047884
5623,346.25,51.25,51.25,0.0,1,0.3398347234358488
5624,348.75,51.25,51.25,0.0,1,0.46467618768436136
5625,351.25,51.25,51.25,0.0,1,0.8566050690944311
5626,353.75,51.25,51.25,0.0,1,0.8726248992638214
5627,358.75,51.25,51.25,0.0,0,1.178943292508846
5628,1.25,53.75,53.75,0.0,1,1.1787108365054526
5629,3.75,53.75,53.75,0.0,1,1.1421257452270175
5630,6.25,53.75,53.75,0.0,1,1.3930479730156646
5631,8.75,53.75,53.75,0.0,1,1.559990588540349
5632,143.75,53.75,53.75,0.0,2,1.3899270569718483
5633,146.25,53.75,53.75,0.0,2,1.4995147475287474
5634,148.75,53.75,53.75,0.0,2,1.4878785389663494
5635,151.25,53.75,53.75,0.0,2,1.4402964564671645
5636,153.75,53.75,53.75,0.0,2,1.4358714471438863
5637,156.25,53.75,53.75,0.0,2,1.5195834340277623
5638,161.25,53.75,53.75,0.0,2,1.3296133432678643
5639,163.75,53.75,53.75,0.0,2,1.2463073612881295
5640,166.25,53.75,53.75,0.0,2,1.1784611198864665
5641,168.75,53.75,53.75,0.0,2,1.1530041410292144
5642,171.25,53.75,53.75,0.0,2,1.1759460498155911
5643,173.75,53.75,53.75,0.0,2,1.183966731822045
5644,176.25,53.75,53.75,0.0,2,1.1437996152502536
5645,178.75,53.75,53.75,0.0,2,1.0884819654984716
5646,181.25,53.75,53.75,0.0,2,1.0602509641392095
5647,183.75,53.75,53.75,0.0,2,1.0636689484882722
5648,186.25,53.75,53.75,0.0,2,1.0427471500533925
5649,188.75,53.75,53.75,0.0,2,1.0197263142361508
5650,191.25,53.75,53.75,0.0,2,1.0794382821130863
5651,193.75,53.75,53.75,0.0,2,1.0178634283619543
5652,196.25,53.75,53.75,0.0,2,1.046147357766902
5653,198.75,53.75,53.75,0.0,2,1.0402449607056696
5654,201.25,53.75,53.75,0.0,2,0.9883055409799724
5655,203.75,53.75,53.75,0.0,2,0.958663508725867
5656,206.25,53.75,53.75,0.0,2,0.9605029616287954
5657,208.75,53.75,53.75,0.0,2,0.9787254298114694
5658,211.25,53.75,53.75,0.0,2,0.9950694742762003
5659,213.75,53.75,53.75,0.0,2,0.9879497484123425
5660,216.25,53.75,53.75,0.0,2,0.9736724597215163
5661,218.75,53.75,53.75,0.0,2,0.9715715137987448
5662,221.25,53.75,53.75,0.0,2,0.938587620623
5663,223.75,53.75,53.75,0.0,2,0.9233346767017011
5664,226.25,53.75,53.75,0.0,2,0.9813115838283739
5665,278.75,53.75,53.75,0.0,2,1.5773228411447242
5666,281.25,53.75,53.75,0.0,1,1.5660819994974635
5667,303.75,53.75,53.75,0.0,1,1.260279876258722
5668,306.25,53.75,53.75,0.0,1,1.062278756115104
5669,308.75,53.75,53.75,0.0,1,0.5860127466304941
5670,311.25,53.75,53.75,0.0,1,0.3424607797282535
5671,313.75,53.75,53.75,0.0,1,0.36828980315681986
5672,316.25,53.75,53.75,0.0,1,0.3177698348929455
5673,318.75,53.75,53.75,0.0,1,0.2741033639523757
5674,321.25,53.75,53.75,0.0,1,0.1654763555689505
5675,323.75,53.75,53.75,0.0,1,0.09456112436833211
5676,326.25,53.75,53.75,0.0,1,0.06229763893062178
5677,328.75,53.75,53.75,0.0,1,0.1617590598109127
5678,331.25,53.75,53.75,0.0,1,0.33451422479070675
5679,333.75,53.75,53.75,0.0,1,0.34596892995484096
5680,336.25,53.75,53.75,0.0,1,0.14696622662412265
5681,338.75,53.75,53.75,0.0,1,0.05207617994831475
5682,341.25,53.75,53.75,0.0,1,0.20208955605185136
5683,343.75,53.75,53.75,0.0,1,0.14361898422368974
5684,346.25,53.75,53.75,0.0,1,0.33640650996167226
5685,348.75,53.75,53.75,0.0,1,0.4334127905891769
5686,353.75,53.75,53.75,0.0,0,0.931264333837094
5687,1.25,56.25,56.25,0.0,1,1.192943839523117
5688,3.75,56.25,56.25,0.0,1,1.170146910543684
5689,6.25,56.25,56.25,0.0,1,1.2726455318237055
5690,11.25,56.25,56.25,0.0,0,1.8528768559691056
5691,13.75,56.25,56.25,0.0,0,1.9054934959619696
5692,16.25,56.25,56.25,0.0,1,1.917897942216359
5693,18.75,56.25,56.25,0.0,1,1.8749032633287979
5694,21.25,56.25,56.25,0.0,1,1.8529349154247692
5695,138.75,56.25,56.25,0.0,2,1.4944184719776892
5696,141.25,56.25,56.25,0.0,2,1.4973863911877054
5697,143.75,56.25,56.25,0.0,2,1.4364082531240516
5698,146.25,56.25,56.25,0.0,2,1.4496635090698722
5699,148.75,56.25,56.25,0.0,2,1.4694674474320348
5700,151.25,56.25,56.25,0.0,2,1.462123050770197
5701,153.75,56.25,56.25,0.0,2,1.4240608464852589
5702,156.25,56.25,56.25,0.0,2,1.414239036309323
5703,163.75,56.25,56.25,0.0,2,1.3148148155588186
5704,166.25,56.25,56.25,0.0,2,1.1692777008380346
5705,168.75,56.25,56.25,0.0,2,1.1444630717030568
5706,171.25,56.25,56.25,0.0,2,1.139306560741955
5707,173.75,56.25,56.25,0.0,2,1.1252007460661035
5708,176.25,56.25,56.25,0.0,2,1.104220807715952
5709,178.75,56.25,56.25,0.0,2,1.083493890914135
5710,181.25,56.25,56.25,0.0,2,1.0736579204820595
5711,183.75,56.25,56.25,0.0,2,1.0606122364781314
5712,186.25,56.25,56.25,0.0,2,1.0728474850580783
5713,188.75,56.25,56.25,0.0,2,1.149752746555845
5714,191.25,56.25,56.25,0.0,2,1.237658473364977
5715,193.75,56.25,56.25,0.0,2,1.3362083786882697
5716,196.25,56.25,56.25,0.0,2,1.382363205776461
5717,198.75,56.25,56.25,0.0,2,1.3976408854529412
5718,203.75,56.25,56.25,0.0,2,1.109003901046396
5719,206.25,56.25,56.25,0.0,2,1.0913042039287768
5720,208.75,56.25,56.25,0.0,2,0.9804755344843871
5721,211.25,56.25,56.25,0.0,2,0.9325219245162428
5722,213.75,56.25,56.25,0.0,2,0.9677188633484327
5723,216.25,56.25,56.25,0.0,2,0.9710769754464624
5724,218.75,56.25,56.25,0.0,2,0.9274462156143839
5725,221.25,56.25,56.25,0.0,2,0.9009138839024317
5726,223.75,56.25,56.25,0.0,2,0.9802471612950119
5727,273.75,56.25,56.25,0.0,2,1.2883864344186073
5728,276.25,56.25,56.25,0.0,2,1.2861765428409766
5729,278.75,56.25,56.25,0.0,2,1.3242191145811635
5730,281.25,56.25,56.25,0.0,1,1.439098889685634
5731,298.75,56.25,56.25,0.0,1,1.394248625990769
5732,301.25,56.25,56.25,0.0,1,1.2646581600134328
5733,303.75,56.25,56.25,0.0,1,0.9574110104697431
5734,306.25,56.25,56.25,0.0,1,0.5531451433749789
5735,308.75,56.25,56.25,0.0,1,0.3622672315811837
5736,311.25,56.25,56.25,0.0,1,0.37914945713690523
5737,313.75,56.25,56.25,0.0,1,0.3247071782769208
5738,316.25,56.25,56.25,0.0,1,0.31378697737936256
5739,318.75,56.25,56.25,0.0,1,0.21135825131581581
5740,321.25,56.25,56.25,0.0,1,0.07785639216868967
5741,323.75,56.25,56.25,0.0,1,-0.07101366253013806
5742,326.25,56.25,56.25,0.0,1,-0.12330555881091612
5743,328.75,56.25,56.25,0.0,1,-0.03950138506062719
5744,331.25,56.25,56.25,0.0,1,0.031057559543332603
5745,333.75,56.25,56.25,0.0,1,0.057078351211980495
5746,336.25,56.25,56.25,0.0,1,-0.009518480338767501
5747,338.75,56.25,56.25,0.0,1,0.17755931589196186
5748,341.25,56.25,56.25,0.0,1,0.12269757061656318
5749,343.75,56.25,56.25,0.0,1,0.3455263720214943
5750,346.25,56.25,56.25,0.0,1,0.4612861831101644
5751,348.75,56.25,56.25,0.0,1,0.43139806394946645
5752,351.25,56.25,56.25,0.0,1,0.41571150599417356
5753,353.75,56.25,56.25,0.0,1,0.8493691089719061
5754,358.75,56.25,56.25,0.0,1,1.2650299109274008
5755,1.25,58.75,58.75,0.0,1,1.0688506724001576
5756,3.75,58.75,58.75,0.0,1,1.35329599470171
5757,6.25,58.75,58.75,0.0,1,1.570812113109953
5758,18.75,58.75,58.75,0.0,1,1.8477137023036116
5759,21.25,58.75,58.75,0.0,1,1.8073352379581
5760,143.75,58.75,58.75,0.0,2,1.232805172239754
5761,146.25,58.75,58.75,0.0,2,1.1972192109408317
5762,148.75,58.75,58.75,0.0,2,1.1417666275680132
5763,151.25,58.75,58.75,0.0,2,1.1282391243768908
5764,153.75,58.75,58.75,0.0,2,1.0853202812741949
5765,156.25,58.75,58.75,0.0,2,1.0529118780235036
5766,163.75,58.75,58.75,0.0,2,1.3068912112908269
5767,166.25,58.75,58.75,0.0,2,1.263374626072714
5768,168.75,58.75,58.75,0.0,2,1.2361274516654612
5769,171.25,58.75,58.75,0.0,2,1.2266340077938742
5770,173.75,58.75,58.75,0.0,2,1.2172734274746853
5771,176.25,58.75,58.75,0.0,2,1.2073968125971035
5772,178.75,58.75,58.75,0.0,2,1.220805885727268
5773,181.25,58.75,58.75,0.0,2,1.2652901332360322
5774,183.75,58.75,58.75,0.0,2,1.393659277131458
5775,186.25,58.75,58.75,0.0,2,1.563369154024813
5776,188.75,58.75,58.75,0.0,2,1.7155670779804761
5777,191.25,58.75,58.75,0.0,2,1.607871369085554
5778,193.75,58.75,58.75,0.0,2,1.4380722124280398
5779,196.25,58.75,58.75,0.0,2,1.3843550809875642
5780,208.75,58.75,58.75,0.0,2,1.1615109437250366
5781,211.25,58.75,58.75,0.0,2,1.0703735836144765
5782,213.75,58.75,58.75,0.0,2,0.9503162521884255
5783,216.25,58.75,58.75,0.0,2,0.9250046898237079
5784,218.75,58.75,58.75,0.0,2,1.0035689571302318
5785,221.25,58.75,58.75,0.0,2,1.1170670327959988
5786,266.25,58.75,58.75,0.0,2,1.2300608756180968
5787,268.75,58.75,58.75,0.0,2,1.1533594363834885
5788,271.25,58.75,58.75,0.0,2,1.0819331701497548
5789,273.75,58.75,58.75,0.0,2,1.0087479560882755
5790,276.25,58.75,58.75,0.0,2,1.0000336366368103
5791,278.75,58.75,58.75,0.0,2,1.090815033174351
5792,281.25,58.75,58.75,0.0,1,1.229984680643122
5793,291.25,58.75,58.75,0.0,1,1.3872519485638124
5794,293.75,58.75,58.75,0.0,1,1.2743667976344115
5795,298.75,58.75,58.75,0.0,1,1.1624513531759169
5796,301.25,58.75,58.75,0.0,1,0.9866114477757082
5797,303.75,58.75,58.75,0.0,1,0.6497541726830903
5798,306.25,58.75,58.75,0.0,1,0.4279346634398344
5799,308.75,58.75,58.75,0.0,1,0.330414306908353
5800,311.25,58.75,58.75,0.0,1,0.36073152428766325
5801,313.75,58.75,58.75,0.0,1,0.6416422550486564
5802,316.25,58.75,58.75,0.0,1,0.7447465571736076
5803,318.75,58.75,58.75,0.0,1,0.5864556103346339
5804,321.25,58.75,58.75,0.0,1,0.36160851366134306
5805,323.75,58.75,58.75,0.0,1,0.1068137651885305
5806,326.25,58.75,58.75,0.0,1,-0.07024113507740792
5807,328.75,58.75,58.75,0.0,1,-0.0408111555873691
5808,331.25,58.75,58.75,0.0,1,-0.020101848826834943
5809,333.75,58.75,58.75,0.0,1,-0.08147401663801251
5810,336.25,58.75,58.75,0.0,1,-0.011691561033388219
5811,338.75,58.75,58.75,0.0,1,0.12288636589677732
5812,341.25,58.75,58.75,0.0,1,0.1672945606391086
5813,343.75,58.75,58.75,0.0,1,0.1430926961639441
5814,346.25,58.75,58.75,0.0,1,0.18096222582188365
5815,348.75,58.75,58.75,0.0,1,0.5987991759666766
5816,351.25,58.75,58.75,0.0,1,0.5875599947175496
5817,353.75,58.75,58.75,0.0,1,0.6366784393768945
5818,356.25,58.75,58.75,0.0,1,0.7363100676398039
5819,358.75,58.75,58.75,0.0,1,0.9547431848690888
5820,1.25,61.25,61.25,0.0,1,1.010138871958268
5821,3.75,61.25,61.25,0.0,1,1.2731677106308166
5822,18.75,61.25,61.25,0.0,1,1.7820785420850636
5823,21.25,61.25,61.25,0.0,1,1.7790245922970251
5824,173.75,61.25,61.25,0.0,2,1.4233776211043419
5825,176.25,61.25,61.25,0.0,2,1.5446369064547014
5826,178.75,61.25,61.25,0.0,2,1.654941145260777
5827,181.25,61.25,61.25,0.0,2,1.8104220747271826
5828,183.75,61.25,61.25,0.0,2,1.8689826562398335
5829,186.25,61.25,61.25,0.0,2,1.7211990270345352
5830,188.75,61.25,61.25,0.0,2,1.583917307049221
5831,191.25,61.25,61.25,0.0,2,1.5905229409698942
5832,193.75,61.25,61.25,0.0,2,1.60346654810366
5833,266.25,61.25,61.25,0.0,2,1.1318591266791744
5834,268.75,61.25,61.25,0.0,2,1.061212685940293
5835,271.25,61.25,61.25,0.0,2,0.9491479355349555
5836,273.75,61.25,61.25,0.0,2,0.9258706271653213
5837,276.25,61.25,61.25,0.0,2,0.980436061673207
5838,278.75,61.25,61.25,0.0,2,1.05660100262106
5839,281.25,61.25,61.25,0.0,1,1.1850019593032248
5840,288.75,61.25,61.25,0.0,1,1.260773691239771
5841,291.25,61.25,61.25,0.0,1,1.1106961631896382
5842,293.75,61.25,61.25,0.0,1,1.106013255161867
5843,296.25,61.25,61.25,0.0,1,1.0436848768732268
5844,298.75,61.25,61.25,0.0,1,0.9661711985016809
5845,301.25,61.25,61.25,0.0,1,1.0650778066205786
5846,303.75,61.25,61.25,0.0,1,0.9614500132159555
5847,306.25,61.25,61.25,0.0,1,0.8710288775501906
5848,308.75,61.25,61.25,0.0,1,0.8881469842867273
5849,311.25,61.25,61.25,0.0,1,0.8967449055128458
5850,318.75,61.25,61.25,0.0,1,0.8102755702817487
5851,321.25,61.25,61.25,0.0,1,0.5489331353282259
5852,323.75,61.25,61.25,0.0,1,0.3351215037209019
5853,326.25,61.25,61.25,0.0,1,0.16849190884810658
5854,328.75,61.25,61.25,0.0,1,0.12121545928641898
5855,331.25,61.25,61.25,0.0,1,0.273736569831394
5856,333.75,61.25,61.25,0.0,1,0.20573342045875026
5857,336.25,61.25,61.25,0.0,1,-0.035883149045252506
5858,338.75,61.25,61.25,0.0,1,-0.05209077204297434
5859,341.25,61.25,61.25,0.0,1,-0.017434207488546852
5860,343.75,61.25,61.25,0.0,1,0.09447116854735937
5861,346.25,61.25,61.25,0.0,1,0.13621002226813367
5862,348.75,61.25,61.25,0.0,1,0.4470422877466408
5863,351.25,61.25,61.25,0.0,1,0.6586227969019782
5864,353.75,61.25,61.25,0.0,1,0.7477232571974324
5865,356.25,61.25,61.25,0.0,1,0.8269035609551494
5866,358.75,61.25,61.25,0.0,1,0.8837412828702195
5867,1.25,63.75,63.75,0.0,1,0.7980208137711161
5868,3.75,63.75,63.75,0.0,1,0.9784334007296565
5869,6.25,63.75,63.75,0.0,1,1.3269365795306967
5870,8.75,63.75,63.75,0.0,1,1.3887993313527944
5871,18.75,63.75,63.75,0.0,0,1.5950024877590367
5872,21.25,63.75,63.75,0.0,1,1.5558304682093929
5873,181.25,63.75,63.75,0.0,2,1.4559590734526782
5874,183.75,63.75,63.75,0.0,2,1.4018053722221975
5875,186.25,63.75,63.75,0.0,2,1.256511270608703
5876,188.75,63.75,63.75,0.0,2,1.206112024264609
5877,191.25,63.75,63.75,0.0,2,1.412861035757783
5878,193.75,63.75,63.75,0.0,2,1.3989655732733675
5879,196.25,63.75,63.75,0.0,2,1.1436791975863738
5880,268.75,63.75,63.75,0.0,0,0.9438899773527504
5881,271.25,63.75,63.75,0.0,2,0.8794031565697521
5882,273.75,63.75,63.75,0.0,2,0.8425965550779767
5883,276.25,63.75,63.75,0.0,2,0.8816218453847133
5884,278.75,63.75,63.75,0.0,2,0.9263022014611995
5885,281.25,63.75,63.75,0.0,1,0.9835203504529811
5886,283.75,63.75,63.75,0.0,1,1.0937573366509385
5887,286.25,63.75,63.75,0.0,1,1.1143037548160584
5888,288.75,63.75,63.75,0.0,0,1.113127201833931
5889,296.25,63.75,63.75,0.0,1,1.1456016927997588
5890,298.75,63.75,63.75,0.0,1,0.9517364935172221
5891,301.25,63.75,63.75,0.0,1,1.1826333659242354
5892,303.75,63.75,63.75,0.0,1,1.248432216182042
5893,306.25,63.75,63.75,0.0,1,1.1506122639862837
5894,308.75,63.75,63.75,0.0,1,1.0894877123838993
5895,318.75,63.75,63.75,0.0,1,0.7564016434861934
5896,321.25,63.75,63.75,0.0,1,0.6128983972323572
5897,323.75,63.75,63.75,0.0,1,0.36100045577062195
5898,326.25,63.75,63.75,0.0,1,0.3937752084639641
5899,328.75,63.75,63.75,0.0,1,0.4227309752932496
5900,331.25,63.75,63.75,0.0,1,0.4768442419187439
5901,333.75,63.75,63.75,0.0,1,0.5580837506155308
5902,336.25,63.75,63.75,0.0,1,0.4817171522042916
5903,338.75,63.75,63.75,0.0,1,0.32836807534660306
5904,341.25,63.75,63.75,0.0,0,0.2722388477757737
5905,343.75,63.75,63.75,0.0,1,0.2660413663654886
5906,346.25,63.75,63.75,0.0,1,0.4381611657874073
5907,348.75,63.75,63.75,0.0,1,0.487406272465516
5908,351.25,63.75,63.75,0.0,1,0.45028160133602513
5909,353.75,63.75,63.75,0.0,1,0.5609993162831591
5910,356.25,63.75,63.75,0.0,1,0.6497726392990298
5911,358.75,63.75,63.75,0.0,1,0.7100626002025758
5912,1.25,66.25,66.25,0.0,5,1.1398509728256183
5913,3.75,66.25,66.25,0.0,5,0.7979088754618842
5914,6.25,66.25,66.25,0.0,5,0.9361260783102593
5915,8.75,66.25,66.25,0.0,5,1.1609473867168552
5916,11.25,66.25,66.25,0.0,5,1.3268104622520887
5917,36.25,66.25,66.25,0.0,0,1.622600230403906
5918,38.75,66.25,66.25,0.0,0,1.5097667056457966
5919,41.25,66.25,66.25,0.0,0,1.4380041273807478
5920,188.75,66.25,66.25,0.0,5,1.6192700800889335
5921,191.25,66.25,66.25,0.0,5,1.5531519597220151
5922,193.75,66.25,66.25,0.0,5,1.6463107810083888
5923,276.25,66.25,66.25,0.0,0,1.1823545107803113
5924,278.75,66.25,66.25,0.0,5,1.1308209232398438
5925,281.25,66.25,66.25,0.0,5,1.0941827880500543
5926,283.75,66.25,66.25,0.0,5,1.0796821495046138
5927,286.25,66.25,66.25,0.0,5,1.1418956973093126
5928,298.75,66.25,66.25,0.0,5,1.0299693416316476
5929,301.25,66.25,66.25,0.0,5,0.8920572701775377
5930,303.75,66.25,66.25,0.0,5,1.178915723852927
5931,306.25,66.25,66.25,0.0,5,1.1649286695608654
5932,321.25,66.25,66.25,0.0,0,0.9757895696787605
5933,323.75,66.25,66.25,0.0,5,0.9199987683519968
5934,326.25,66.25,66.25,0.0,5,0.7804852245672866
5935,328.75,66.25,66.25,0.0,5,0.7378251028969232
5936,331.25,66.25,66.25,0.0,5,1.0444024943356758
5937,333.75,66.25,66.25,0.0,5,1.0192862237345006
5938,336.25,66.25,66.25,0.0,5,0.6756642303144798
5939,338.75,66.25,66.25,0.0,5,0.4698473632259452
5940,341.25,66.25,66.25,0.0,5,0.577710853263741
5941,346.25,66.25,66.25,0.0,5,1.2661920299607108
5942,348.75,66.25,66.25,0.0,5,2.043110824858645
5943,351.25,66.25,66.25,0.0,5,2.3323522059309165
5944,353.75,66.25,66.25,0.0,5,2.2637696822832574
5945,356.25,66.25,66.25,0.0,5,2.0349505661091127
5946,358.75,66.25,66.25,0.0,5,1.7166171723030308
5947,1.25,68.75,68.75,0.0,5,1.2329514200266254
5948,3.75,68.75,68.75,0.0,5,0.8397179515579474
5949,6.25,68.75,68.75,0.0,5,0.6945192904243496
5950,8.75,68.75,68.75,0.0,5,0.8021037458974996
5951,11.25,68.75,68.75,0.0,5,0.9610340454070065
5952,13.75,68.75,68.75,0.0,5,1.226215132474054
5953,38.75,68.75,68.75,0.0,5,1.8116632768547196
5954,41.25,68.75,68.75,0.0,5,1.4556454107320567
5955,43.75,68.75,68.75,0.0,5,1.1607791057470385
5956,46.25,68.75,68.75,0.0,5,1.4245888580405754
5957,48.75,68.75,68.75,0.0,5,1.4555678947035686
5958,51.25,68.75,68.75,0.0,5,1.5374712380771534
5959,181.25,68.75,68.75,0.0,5,0.6509185720427028
5960,183.75,68.75,68.75,0.0,5,0.775824356016158
5961,186.25,68.75,68.75,0.0,5,1.1648699639578661
5962,188.75,68.75,68.75,0.0,5,1.5644111573504165
5963,191.25,68.75,68.75,0.0,5,1.7500883061351313
5964,193.75,68.75,68.75,0.0,5,2.097792447970492
5965,278.75,68.75,68.75,0.0,5,0.9825681181115197
5966,281.25,68.75,68.75,0.0,5,0.9716883232571341
5967,283.75,68.75,68.75,0.0,5,1.031357461752301
5968,293.75,68.75,68.75,0.0,5,0.35322742111762667
5969,296.25,68.75,68.75,0.0,5,0.5339253294722837
5970,298.75,68.75,68.75,0.0,5,0.5776793339624599
5971,301.25,68.75,68.75,0.0,5,0.6419470083940079
5972,303.75,68.75,68.75,0.0,5,0.875616109165047
5973,306.25,68.75,68.75,0.0,5,1.0086299472327924
5974,328.75,68.75,68.75,0.0,0,0.7969026738802184
5975,331.25,68.75,68.75,0.0,0,0.7859120220867021
5976,333.75,68.75,68.75,0.0,5,0.905679158428735
5977,336.25,68.75,68.75,0.0,5,0.8148622221952903
5978,338.75,68.75,68.75,0.0,5,0.6541263268484039
5979,341.25,68.75,68.75,0.0,5,0.46755365072204474
5980,343.75,68.75,68.75,0.0,5,0.3675462821533699
5981,346.25,68.75,68.75,0.0,5,0.4739093804204173
5982,348.75,68.75,68.75,0.0,5,0.769568574037938
5983,351.25,68.75,68.75,0.0,5,1.1218530045548678
5984,353.75,68.75,68.75,0.0,5,1.5580586670647019
5985,356.25,68.75,68.75,0.0,5,1.7415718964408966
5986,358.75,68.75,68.75,0.0,5,1.656344694608585
5987,1.25,71.25,71.25,0.0,5,0.8562229570476608
5988,3.75,71.25,71.25,0.0,5,0.8011864569465885
5989,6.25,71.25,71.25,0.0,5,0.6842122531483572
5990,8.75,71.25,71.25,0.0,5,0.617605188003752
5991,11.25,71.25,71.25,0.0,5,0.6396535414581036
5992,13.75,71.25,71.25,0.0,5,0.786285088150627
5993,16.25,71.25,71.25,0.0,5,1.0433907274211889
5994,18.75,71.25,71.25,0.0,5,1.1206421428164246
5995,21.25,71.25,71.25,0.0,5,1.190380375439265
5996,23.75,71.25,71.25,0.0,5,1.1848853271889885
5997,26.25,71.25,71.25,0.0,5,1.1839466133384917
5998,28.75,71.25,71.25,0.0,5,1.1737217165035922
5999,31.25,71.25,71.25,0.0,5,1.1909757661866547
6000,33.75,71.25,71.25,0.0,5,1.196430834791588
6001,36.25,71.25,71.25,0.0,5,1.2499144374876352
6002,38.75,71.25,71.25,0.0,5,1.3655171957832644
6003,41.25,71.25,71.25,0.0,5,1.5541584975774483
6004,43.75,71.25,71.25,0.0,5,1.702039716938169
6005,46.25,71.25,71.25,0.0,5,1.749000617082029
6006,48.75,71.25,71.25,0.0,5,1.6490697795157692
6007,51.25,71.25,71.25,0.0,5,1.4985786724734536
6008,53.75,71.25,71.25,0.0,5,1.4194562374063824
6009,58.75,71.25,71.25,0.0,5,1.9657517329311667
6010,61.25,71.25,71.25,0.0,5,1.6100210051847186
6011,63.75,71.25,71.25,0.0,5,1.4073572512011119
6012,66.25,71.25,71.25,0.0,5,1.3319883692160095
6013,151.25,71.25,71.25,0.0,5,0.11050468918739352
6014,153.75,71.25,71.25,0.0,5,0.1804485398922918
6015,156.25,71.25,71.25,0.0,5,0.24149994868259775
6016,158.75,71.25,71.25,0.0,5,0.2763705678899848
6017,161.25,71.25,71.25,0.0,5,0.3771831103667615
6018,163.75,71.25,71.25,0.0,5,0.5348885045659658
6019,166.25,71.25,71.25,0.0,5,0.6601920751258975
6020,168.75,71.25,71.25,0.0,5,0.7558046128808561
6021,171.25,71.25,71.25,0.0,5,0.8570467821429075
6022,173.75,71.25,71.25,0.0,5,0.9865249369812675
6023,176.25,71.25,71.25,0.0,5,1.1450150924303237
6024,178.75,71.25,71.25,0.0,5,0.9020411902484349
6025,181.25,71.25,71.25,0.0,5,0.5034398133913903
6026,183.75,71.25,71.25,0.0,5,0.5620312912791106
6027,186.25,71.25,71.25,0.0,5,0.7372709379738798
6028,188.75,71.25,71.25,0.0,5,0.8703119292493998
6029,191.25,71.25,71.25,0.0,5,1.0660168960763932
6030,193.75,71.25,71.25,0.0,5,1.2340677744617414
6031,196.25,71.25,71.25,0.0,5,1.3047600732894946
6032,198.75,71.25,71.25,0.0,5,1.221947597301503
6033,201.25,71.25,71.25,0.0,5,1.098860008865113
6034,206.25,71.25,71.25,0.0,5,0.1982546700749682
6035,208.75,71.25,71.25,0.0,5,0.28838495419256227
6036,211.25,71.25,71.25,0.0,5,0.4962316437822762
6037,213.75,71.25,71.25,0.0,5,0.6621697128684718
6038,216.25,71.25,71.25,0.0,5,0.6956487799664298
6039,218.75,71.25,71.25,0.0,5,0.7048916382644711
6040,221.25,71.25,71.25,0.0,5,0.7295969569842026
6041,223.75,71.25,71.25,0.0,5,0.76743677471551
6042,226.25,71.25,71.25,0.0,5,0.8450555931208846
6043,228.75,71.25,71.25,0.0,5,0.9646429663281235
6044,231.25,71.25,71.25,0.0,5,1.040637511654594
6045,233.75,71.25,71.25,0.0,5,1.0809435872705735
6046,236.25,71.25,71.25,0.0,5,1.0553508464878656
6047,238.75,71.25,71.25,0.0,5,1.0347190094959613
6048,241.25,71.25,71.25,0.0,5,1.061016643305075
6049,256.25,71.25,71.25,0.0,5,0.19235941306856547
6050,258.75,71.25,71.25,0.0,5,0.24719420521696614
6051,261.25,71.25,71.25,0.0,5,0.43714069110056775
6052,263.75,71.25,71.25,0.0,5,0.6351595208900003
6053,288.75,71.25,71.25,0.0,5,0.0832920999719484
6054,291.25,71.25,71.25,0.0,5,0.18123314971841975
6055,293.75,71.25,71.25,0.0,5,0.33265344480898396
6056,296.25,71.25,71.25,0.0,5,0.4151795804165717
6057,298.75,71.25,71.25,0.0,5,0.47843480522195486
6058,301.25,71.25,71.25,0.0,5,0.6205747628555508
6059,303.75,71.25,71.25,0.0,5,0.8328847889397334
6060,338.75,71.25,71.25,0.0,5,0.5692141134521762
6061,341.25,71.25,71.25,0.0,5,0.5385988293939545
6062,343.75,71.25,71.25,0.0,5,0.11689653414420537
6063,346.25,71.25,71.25,0.0,5,-0.15977211538097633
6064,348.75,71.25,71.25,0.0,5,0.007604535312008424
6065,351.25,71.25,71.25,0.0,5,0.28359969336703017
6066,353.75,71.25,71.25,0.0,5,0.5179441296086527
6067,356.25,71.25,71.25,0.0,5,0.760727045044948
6068,358.75,71.25,71.25,0.0,5,0.8838946737820432
6069,1.25,73.75,73.75,0.0,5,-0.16034330154169224
6070,3.75,73.75,73.75,0.0,5,-0.06550072025056264
6071,6.25,73.75,73.75,0.0,5,0.07368555204117491
6072,8.75,73.75,73.75,0.0,5,0.2472171567898
6073,11.25,73.75,73.75,0.0,5,0.4125121836435792
6074,13.75,73.75,73.75,0.0,5,0.6108398302808428
6075,16.25,73.75,73.75,0.0,5,0.7523077286160899
6076,18.75,73.75,73.75,0.0,5,0.815564794158459
6077,21.25,73.75,73.75,0.0,5,0.8990568967953438
6078,23.75,73.75,73.75,0.0,5,0.9523634873670048
6079,26.25,73.75,73.75,0.0,5,0.9892374656018127
6080,28.75,73.75,73.75,0.0,5,1.0250631803034407
6081,31.25,73.75,73.75,0.0,5,1.099955484767758
6082,33.75,73.75,73.75,0.0,5,1.1875236773346456
6083,36.25,73.75,73.75,0.0,5,1.3149244261871924
6084,38.75,73.75,73.75,0.0,5,1.4249414768211013
6085,41.25,73.75,73.75,0.0,5,1.4935404312120615
6086,43.75,73.75,73.75,0.0,5,1.5811607362998008
6087,46.25,73.75,73.75,0.0,5,1.6780707930258147
6088,48.75,73.75,73.75,0.0,5,1.6739890038395804
6089,51.25,73.75,73.75,0.0,5,1.5424263769732152
6090,53.75,73.75,73.75,0.0,5,1.5350697078513238
6091,58.75,73.75,73.75,0.0,5,1.0509525150367298
6092,61.25,73.75,73.75,0.0,5,0.9972396125596446
6093,63.75,73.75,73.75,0.0,5,0.9117641524642143
6094,66.25,73.75,73.75,0.0,5,0.7561163371430638
6095,68.75,73.75,73.75,0.0,5,0.5255703621566327
6096,71.25,73.75,73.75,0.0,5,0.2772186581931375
6097,73.75,73.75,73.75,0.0,5,0.31884779384976963
6098,76.25,73.75,73.75,0.0,5,0.40846065960074357
6099,78.75,73.75,73.75,0.0,5,0.4750621430756822
6100,81.25,73.75,73.75,0.0,5,0.5125275203004781
6101,118.75,73.75,73.75,0.0,5,0.38410307724528664
6102,121.25,73.75,73.75,0.0,5,0.5366808153973697
6103,123.75,73.75,73.75,0.0,5,0.6689073141639874
6104,126.25,73.75,73.75,0.0,5,0.45418822170282536
6105,128.75,73.75,73.75,0.0,5,0.44837597640122556
6106,131.25,73.75,73.75,0.0,5,0.5605487195668409
6107,133.75,73.75,73.75,0.0,5,0.6476842787545088
6108,136.25,73.75,73.75,0.0,5,0.6231227378886244
6109,138.75,73.75,73.75,0.0,5,0.3729573120402549
6110,141.25,73.75,73.75,0.0,5,0.13626610105620385
6111,143.75,73.75,73.75,0.0,5,0.07410909956556241
6112,146.25,73.75,73.75,0.0,5,0.06591938804712781
6113,148.75,73.75,73.75,0.0,5,0.06801015200338655
6114,151.25,73.75,73.75,0.0,5,0.07875865206854078
6115,153.75,73.75,73.75,0.0,5,0.09606542570680282
6116,156.25,73.75,73.75,0.0,5,0.12935446798717934
6117,158.75,73.75,73.75,0.0,5,0.15441597276806732
6118,161.25,73.75,73.75,0.0,5,0.18553990049496077
6119,163.75,73.75,73.75,0.0,5,0.2257497383695903
6120,166.25,73.75,73.75,0.0,5,0.2852815186872858
6121,168.75,73.75,73.75,0.0,5,0.3474638379208686
6122,171.25,73.75,73.75,0.0,5,0.4125473033123261
6123,173.75,73.75,73.75,0.0,5,0.44696610027840095
6124,176.25,73.75,73.75,0.0,5,0.47904748329743535
6125,178.75,73.75,73.75,0.0,5,0.4726934596353469
6126,181.25,73.75,73.75,0.0,5,0.43096906084836345
6127,183.75,73.75,73.75,0.0,5,0.3733098314155071
6128,186.25,73.75,73.75,0.0,5,0.3427401997423173
6129,188.75,73.75,73.75,0.0,5,0.322976497401986
6130,191.25,73.75,73.75,0.0,5,0.3372442637336221
6131,193.75,73.75,73.75,0.0,5,0.2756398994722162
6132,196.25,73.75,73.75,0.0,5,0.1895266683073518
6133,198.75,73.75,73.75,0.0,5,0.13320867399643965
6134,201.25,73.75,73.75,0.0,5,0.1423529511900919
6135,203.75,73.75,73.75,0.0,5,0.14132605068605428
6136,206.25,73.75,73.75,0.0,5,0.1180242631212081
6137,208.75,73.75,73.75,0.0,5,0.09455811683312379
6138,211.25,73.75,73.75,0.0,5,0.06174971926393923
6139,213.75,73.75,73.75,0.0,5,0.052839176774591684
6140,216.25,73.75,73.75,0.0,5,0.0505046477709069
6141,218.75,73.75,73.75,0.0,5,0.05135103203457054
6142,221.25,73.75,73.75,0.0,5,0.059673940557355684
6143,223.75,73.75,73.75,0.0,5,0.07460387767855349
6144,226.25,73.75,73.75,0.0,5,0.12108393811431778
6145,228.75,73.75,73.75,0.0,5,0.2658731799309749
6146,231.25,73.75,73.75,0.0,5,0.5247217597346857
6147,233.75,73.75,73.75,0.0,5,0.7216906055528287
6148,236.25,73.75,73.75,0.0,5,0.7354622407007049
6149,243.75,73.75,73.75,0.0,5,0.2548959360684301
6150,246.25,73.75,73.75,0.0,5,0.21507222955220934
6151,248.75,73.75,73.75,0.0,5,0.18317023866634857
6152,251.25,73.75,73.75,0.0,5,0.14125242960771886
6153,256.25,73.75,73.75,0.0,5,0.0785080250987168
6154,258.75,73.75,73.75,0.0,5,0.07554566147574181
6155,273.75,73.75,73.75,0.0,5,0.0986774726667867
6156,276.25,73.75,73.75,0.0,5,0.09868551832096956
6157,278.75,73.75,73.75,0.0,5,0.08807332809997674
6158,281.25,73.75,73.75,0.0,5,0.07565627107968378
6159,283.75,73.75,73.75,0.0,5,0.07592453526087321
6160,286.25,73.75,73.75,0.0,5,0.21938276067600707
6161,288.75,73.75,73.75,0.0,5,0.3524755682995208
6162,291.25,73.75,73.75,0.0,5,0.42580837849256986
6163,293.75,73.75,73.75,0.0,5,0.47613839416807296
6164,296.25,73.75,73.75,0.0,5,0.5601999739690795
6165,298.75,73.75,73.75,0.0,5,0.7091465037820623
6166,301.25,73.75,73.75,0.0,5,0.8316069646186853
6167,303.75,73.75,73.75,0.0,5,0.8801897383969594
6168,338.75,73.75,73.75,0.0,0,0.38290301138626287
6169,341.25,73.75,73.75,0.0,5,0.5226757729405315
6170,343.75,73.75,73.75,0.0,5,0.4749857467992446
6171,346.25,73.75,73.75,0.0,5,0.1157951854860762
6172,348.75,73.75,73.75,0.0,5,-0.423450851415682
6173,351.25,73.75,73.75,0.0,5,-0.5165949197212911
6174,353.75,73.75,73.75,0.0,5,-0.4109694736155213
6175,356.25,73.75,73.75,0.0,5,-0.28782989412010285
6176,358.75,73.75,73.75,0.0,5,-0.20686501807211052
6177,1.25,76.25,76.25,0.0,5,-0.2067978561464771
6178,3.75,76.25,76.25,0.0,5,-0.004859153128122284
6179,6.25,76.25,76.25,0.0,5,0.24409841089220813
6180,8.75,76.25,76.25,0.0,5,0.4814792385312696
6181,11.25,76.25,76.25,0.0,5,0.775228245286979
6182,13.75,76.25,76.25,0.0,5,1.27573604795622
6183,16.25,76.25,76.25,0.0,5,1.86727749236378
6184,18.75,76.25,76.25,0.0,5,2.1465303160384743
6185,21.25,76.25,76.25,0.0,5,2.0125379243734276
6186,23.75,76.25,76.25,0.0,5,1.8809965159711137
6187,26.25,76.25,76.25,0.0,5,1.937616984520308
6188,28.75,76.25,76.25,0.0,5,2.160427818723292
6189,31.25,76.25,76.25,0.0,5,2.187257561094553
6190,33.75,76.25,76.25,0.0,5,2.1646279655502343
6191,36.25,76.25,76.25,0.0,5,2.099760278805488
6192,38.75,76.25,76.25,0.0,5,1.9801533461125478
6193,41.25,76.25,76.25,0.0,5,1.8751990604298525
6194,43.75,76.25,76.25,0.0,5,1.7670228200116516
6195,46.25,76.25,76.25,0.0,5,1.696716884253499
6196,48.75,76.25,76.25,0.0,5,1.6272107435372167
6197,51.25,76.25,76.25,0.0,5,1.5434719478762589
6198,53.75,76.25,76.25,0.0,5,1.4871994756271336
6199,56.25,76.25,76.25,0.0,5,1.5479547121440267
6200,58.75,76.25,76.25,0.0,5,1.635689168260603
6201,63.75,76.25,76.25,0.0,5,0.7762586488712173
6202,66.25,76.25,76.25,0.0,0,0.7672280771885188
6203,68.75,76.25,76.25,0.0,5,0.7868606608555703
6204,71.25,76.25,76.25,0.0,5,0.664222804429582
6205,73.75,76.25,76.25,0.0,5,0.5574748490925967
6206,76.25,76.25,76.25,0.0,5,0.5056584971034035
6207,78.75,76.25,76.25,0.0,5,0.4826739007452382
6208,81.25,76.25,76.25,0.0,5,0.5120729000997635
6209,83.75,76.25,76.25,0.0,5,0.5794685215636515
6210,86.25,76.25,76.25,0.0,5,0.6488111597620855
6211,88.75,76.25,76.25,0.0,5,0.6956128458838046
6212,91.25,76.25,76.25,0.0,5,0.7094823098731264
6213,93.75,76.25,76.25,0.0,5,0.695576990060634
6214,113.75,76.25,76.25,0.0,5,0.12449164809958493
6215,116.25,76.25,76.25,0.0,5,0.14834235625877618
6216,118.75,76.25,76.25,0.0,5,0.1816615817960088
6217,121.25,76.25,76.25,0.0,5,0.2138999641385071
6218,123.75,76.25,76.25,0.0,5,0.2600245257471174
6219,126.25,76.25,76.25,0.0,5,0.33766882662446673
6220,128.75,76.25,76.25,0.0,5,0.41871019784567676
6221,131.25,76.25,76.25,0.0,5,0.49865942510685074
6222,133.75,76.25,76.25,0.0,5,0.5827843642588904
6223,136.25,76.25,76.25,0.0,5,0.6199632709940778
6224,138.75,76.25,76.25,0.0,5,0.6244263242682568
6225,141.25,76.25,76.25,0.0,5,0.6131078992052126
6226,143.75,76.25,76.25,0.0,5,0.536255851661117
6227,146.25,76.25,76.25,0.0,5,0.4096471243760678
6228,148.75,76.25,76.25,0.0,5,0.21916279833893018
6229,151.25,76.25,76.25,0.0,5,0.1209808718059414
6230,153.75,76.25,76.25,0.0,5,0.0793924518347581
6231,156.25,76.25,76.25,0.0,5,0.06837678077036784
6232,158.75,76.25,76.25,0.0,5,0.06034627477297358
6233,161.25,76.25,76.25,0.0,5,0.05747729080564087
6234,163.75,76.25,76.25,0.0,5,0.05752923085139446
6235,166.25,76.25,76.25,0.0,5,0.05987560680783008
6236,168.75,76.25,76.25,0.0,5,0.06934996768678968
6237,171.25,76.25,76.25,0.0,5,0.07971223366299794
6238,173.75,76.25,76.25,0.0,5,0.07164831450765403
6239,176.25,76.25,76.25,0.0,5,0.05630802572518101
6240,178.75,76.25,76.25,0.0,5,0.04351489033284448
6241,181.25,76.25,76.25,0.0,5,0.028946237450965737
6242,183.75,76.25,76.25,0.0,5,0.02562030695658818
6243,186.25,76.25,76.25,0.0,5,0.02518251639814846
6244,188.75,76.25,76.25,0.0,5,0.027200225338560032
6245,191.25,76.25,76.25,0.0,5,0.029443848796817104
6246,193.75,76.25,76.25,0.0,5,0.031122201004107616
6247,196.25,76.25,76.25,0.0,5,0.03223629748703045
6248,198.75,76.25,76.25,0.0,5,0.03318409419661332
6249,201.25,76.25,76.25,0.0,5,0.034332604819396415
6250,203.75,76.25,76.25,0.0,5,0.035892719910403305
6251,206.25,76.25,76.25,0.0,5,0.03749075638876157
6252,208.75,76.25,76.25,0.0,5,0.03911188275168935
6253,211.25,76.25,76.25,0.0,5,0.04032352419363275
6254,213.75,76.25,76.25,0.0,5,0.041056799364702114
6255,216.25,76.25,76.25,0.0,5,0.04104896495585031
6256,218.75,76.25,76.25,0.0,5,0.04052832002559692
6257,221.25,76.25,76.25,0.0,5,0.039742500327972934
6258,223.75,76.25,76.25,0.0,5,0.03832171861538819
6259,226.25,76.25,76.25,0.0,5,0.03694375681768942
6260,228.75,76.25,76.25,0.0,5,0.03535185531241958
6261,231.25,76.25,76.25,0.0,5,0.0346181837581712
6262,233.75,76.25,76.25,0.0,5,0.03801860785342794
6263,236.25,76.25,76.25,0.0,5,0.09064337266742267
6264,238.75,76.25,76.25,0.0,5,0.2937373277953497
6265,253.75,76.25,76.25,0.0,5,0.037021519957424344
6266,256.25,76.25,76.25,0.0,5,0.03443394136285067
6267,258.75,76.25,76.25,0.0,0,0.03407118187082634
6268,278.75,76.25,76.25,0.0,5,0.07344199016034238
6269,281.25,76.25,76.25,0.0,5,0.06614904618570887
6270,283.75,76.25,76.25,0.0,5,0.08558302080425756
6271,286.25,76.25,76.25,0.0,5,0.17971387838433728
6272,288.75,76.25,76.25,0.0,5,0.40375093784663946
6273,291.25,76.25,76.25,0.0,0,0.5072124699818304
6274,293.75,76.25,76.25,0.0,0,0.5276566581074363
6275,296.25,76.25,76.25,0.0,5,0.5461580241620128
6276,298.75,76.25,76.25,0.0,5,0.45788385056024544
6277,301.25,76.25,76.25,0.0,0,0.6114059998324791
6278,341.25,76.25,76.25,0.0,5,0.19696555463286264
6279,343.75,76.25,76.25,0.0,5,0.410586774408404
6280,346.25,76.25,76.25,0.0,5,0.5061768430545699
6281,348.75,76.25,76.25,0.0,5,0.562549370507099
6282,351.25,76.25,76.25,0.0,5,0.6524360947554181
6283,353.75,76.25,76.25,0.0,5,0.39162239742578603
6284,356.25,76.25,76.25,0.0,5,-0.11326906405306092
6285,358.75,76.25,76.25,0.0,5,-0.28534349172647483
6286,1.25,78.75,78.75,0.0,5,0.8041559937458271
6287,3.75,78.75,78.75,0.0,5,0.5569284526055454
6288,6.25,78.75,78.75,0.0,5,0.6003944111654564
6289,8.75,78.75,78.75,0.0,5,0.7538153241359716
6290,11.25,78.75,78.75,0.0,5,0.9133990520057728
6291,21.25,78.75,78.75,0.0,5,0.8864163377066939
6292,23.75,78.75,78.75,0.0,5,0.887689748233353
6293,26.25,78.75,78.75,0.0,5,0.9373075719453126
6294,28.75,78.75,78.75,0.0,5,0.9285240342975551
6295,31.25,78.75,78.75,0.0,5,0.9018343964254978
6296,33.75,78.75,78.75,0.0,5,0.8814824650379127
6297,36.25,78.75,78.75,0.0,5,0.8726591844542275
6298,38.75,78.75,78.75,0.0,5,0.8912344270746931
6299,41.25,78.75,78.75,0.0,5,0.9326435720159999
6300,43.75,78.75,78.75,0.0,5,0.9201967709569487
6301,46.25,78.75,78.75,0.0,5,0.9164233072401746
6302,48.75,78.75,78.75,0.0,5,0.8720977315610416
6303,51.25,78.75,78.75,0.0,5,0.8001769914532613
6304,53.75,78.75,78.75,0.0,5,0.6867786812421333
6305,56.25,78.75,78.75,0.0,5,0.5967705561873727
6306,58.75,78.75,78.75,0.0,5,0.49771328607886867
6307,61.25,78.75,78.75,0.0,5,0.3717598159596065
6308,63.75,78.75,78.75,0.0,5,0.31818181787108624
6309,66.25,78.75,78.75,0.0,5,0.29935173578953816
6310,68.75,78.75,78.75,0.0,5,0.3533393113462278
6311,71.25,78.75,78.75,0.0,5,0.3877581393109879
6312,73.75,78.75,78.75,0.0,5,0.3696689396588828
6313,76.25,78.75,78.75,0.0,5,0.32948474365841385
6314,78.75,78.75,78.75,0.0,5,0.31120243645433504
6315,81.25,78.75,78.75,0.0,5,0.3205855569539683
6316,83.75,78.75,78.75,0.0,5,0.36027456633604316
6317,86.25,78.75,78.75,0.0,5,0.41992409505754447
6318,88.75,78.75,78.75,0.0,5,0.4919724708088832
6319,91.25,78.75,78.75,0.0,5,0.5669454300272975
6320,93.75,78.75,78.75,0.0,5,0.6272004522387428
6321,96.25,78.75,78.75,0.0,5,0.6396707206840332
6322,98.75,78.75,78.75,0.0,5,0.640649890739017
6323,103.75,78.75,78.75,0.0,5,0.2722591534716356
6324,106.25,78.75,78.75,0.0,5,0.18026994174621966
6325,108.75,78.75,78.75,0.0,5,0.09665210034064503
6326,111.25,78.75,78.75,0.0,5,0.07818510702305652
6327,113.75,78.75,78.75,0.0,5,0.06520420896864894
6328,116.25,78.75,78.75,0.0,5,0.06827873930622215
6329,118.75,78.75,78.75,0.0,5,0.06702949999100632
6330,121.25,78.75,78.75,0.0,5,0.0765349271383811
6331,123.75,78.75,78.75,0.0,5,0.09075842577065861
6332,126.25,78.75,78.75,0.0,5,0.11103917727286776
6333,128.75,78.75,78.75,0.0,5,0.1423623987630235
6334,131.25,78.75,78.75,0.0,5,0.17988915916779996
6335,133.75,78.75,78.75,0.0,5,0.21104437818702365
6336,136.25,78.75,78.75,0.0,5,0.24391510858942342
6337,138.75,78.75,78.75,0.0,5,0.27486527265499466
6338,141.25,78.75,78.75,0.0,5,0.3083024938022062
6339,143.75,78.75,78.75,0.0,5,0.3164175846771894
6340,146.25,78.75,78.75,0.0,5,0.29859040227803835
6341,148.75,78.75,78.75,0.0,5,0.23790583249672698
6342,151.25,78.75,78.75,0.0,5,0.15881425470496768
6343,153.75,78.75,78.75,0.0,5,0.09537102180725503
6344,156.25,78.75,78.75,0.0,5,0.07530206584920714
6345,158.75,78.75,78.75,0.0,5,0.048196951442755834
6346,161.25,78.75,78.75,0.0,5,0.028172350074023238
6347,163.75,78.75,78.75,0.0,5,0.02022791164654238
6348,166.25,78.75,78.75,0.0,5,0.018512353032029166
6349,168.75,78.75,78.75,0.0,5,0.019396096549070714
6350,171.25,78.75,78.75,0.0,5,0.02029820323197752
6351,173.75,78.75,78.75,0.0,5,0.021631338712523557
6352,176.25,78.75,78.75,0.0,5,0.023915124927541984
6353,178.75,78.75,78.75,0.0,5,0.026706967541561648
6354,181.25,78.75,78.75,0.0,5,0.030110755044708934
6355,183.75,78.75,78.75,0.0,5,0.03347065157113828
6356,186.25,78.75,78.75,0.0,5,0.036483388817764646
6357,188.75,78.75,78.75,0.0,5,0.038668364828978355
6358,191.25,78.75,78.75,0.0,5,0.04007667273807265
6359,193.75,78.75,78.75,0.0,5,0.04084791307614494
6360,196.25,78.75,78.75,0.0,5,0.04164382780769802
6361,198.75,78.75,78.75,0.0,5,0.04216132857168013
6362,201.25,78.75,78.75,0.0,5,0.042425551783127784
6363,203.75,78.75,78.75,0.0,5,0.04273299092218162
6364,206.25,78.75,78.75,0.0,5,0.042504924717503084
6365,208.75,78.75,78.75,0.0,5,0.042332224342652845
6366,211.25,78.75,78.75,0.0,5,0.042035315754878906
6367,213.75,78.75,78.75,0.0,5,0.04164685991517408
6368,216.25,78.75,78.75,0.0,5,0.04115658001174347
6369,218.75,78.75,78.75,0.0,5,0.04051565913475585
6370,221.25,78.75,78.75,0.0,5,0.03974440921001877
6371,223.75,78.75,78.75,0.0,5,0.03861028020386148
6372,226.25,78.75,78.75,0.0,5,0.03773886716574513
6373,228.75,78.75,78.75,0.0,5,0.036546761448295086
6374,231.25,78.75,78.75,0.0,5,0.03541254902557023
6375,233.75,78.75,78.75,0.0,5,0.034532952362299474
6376,236.25,78.75,78.75,0.0,5,0.033597443130444514
6377,238.75,78.75,78.75,0.0,5,0.03290963192117256
6378,241.25,78.75,78.75,0.0,5,0.03210657649886275
6379,243.75,78.75,78.75,0.0,5,0.0316552872964715
6380,246.25,78.75,78.75,0.0,5,0.03129586119404697
6381,248.75,78.75,78.75,0.0,5,0.031742901678315796
6382,251.25,78.75,78.75,0.0,5,0.03199380944306295
6383,253.75,78.75,78.75,0.0,5,0.03291831684183502
6384,256.25,78.75,78.75,0.0,5,0.0392122255368506
6385,258.75,78.75,78.75,0.0,0,0.04789468433832847
6386,261.25,78.75,78.75,0.0,5,0.0402200815086472
6387,263.75,78.75,78.75,0.0,5,0.045144288887709126
6388,283.75,78.75,78.75,0.0,5,0.05086679310628015
6389,286.25,78.75,78.75,0.0,5,0.049979146812176876
6390,288.75,78.75,78.75,0.0,5,0.049716422284574215
6391,291.25,78.75,78.75,0.0,0,0.07028838272255424
6392,293.75,78.75,78.75,0.0,0,0.11775156509117644
6393,341.25,78.75,78.75,0.0,5,0.15334675605150416
6394,343.75,78.75,78.75,0.0,5,0.17120276963112385
6395,346.25,78.75,78.75,0.0,5,0.1768645759681393
6396,348.75,78.75,78.75,0.0,5,0.17357462597511597
6397,351.25,78.75,78.75,0.0,5,0.1629691469508213
6398,353.75,78.75,78.75,0.0,5,0.18797299849694094
6399,356.25,78.75,78.75,0.0,5,0.3444941625359058
6400,358.75,78.75,78.75,0.0,5,0.7116169206092512
6401,1.25,81.25,81.25,0.0,5,0.09307031030304776
6402,3.75,81.25,81.25,0.0,5,0.17501548689513713
6403,6.25,81.25,81.25,0.0,5,0.22003459795394362
6404,8.75,81.25,81.25,0.0,5,0.27806531532015966
6405,11.25,81.25,81.25,0.0,5,0.3700407304464849
6406,13.75,81.25,81.25,0.0,5,0.4412580245474622
6407,16.25,81.25,81.25,0.0,5,0.5496854348073332
6408,18.75,81.25,81.25,0.0,5,0.5300910559955114
6409,21.25,81.25,81.25,0.0,5,0.5034226416047659
6410,23.75,81.25,81.25,0.0,5,0.4565417355954437
6411,26.25,81.25,81.25,0.0,5,0.41324364442712924
6412,28.75,81.25,81.25,0.0,5,0.3827562382564586
6413,31.25,81.25,81.25,0.0,5,0.35508422533279704
6414,33.75,81.25,81.25,0.0,5,0.31875720153060655
6415,36.25,81.25,81.25,0.0,5,0.32503625079658394
6416,38.75,81.25,81.25,0.0,5,0.3560746947199298
6417,41.25,81.25,81.25,0.0,5,0.4069302307774765
6418,43.75,81.25,81.25,0.0,5,0.356131476195209
6419,46.25,81.25,81.25,0.0,5,0.31750580759852975
6420,48.75,81.25,81.25,0.0,5,0.2806081472335835
6421,51.25,81.25,81.25,0.0,5,0.28984823134527227
6422,53.75,81.25,81.25,0.0,5,0.2615430839517016
6423,56.25,81.25,81.25,0.0,5,0.1638118005466898
6424,58.75,81.25,81.25,0.0,5,0.11049070978949982
6425,61.25,81.25,81.25,0.0,5,0.08789464692497224
6426,63.75,81.25,81.25,0.0,5,0.06392658408891012
6427,66.25,81.25,81.25,0.0,5,0.049297027043213926
6428,68.75,81.25,81.25,0.0,5,0.05492481138514028
6429,71.25,81.25,81.25,0.0,5,0.06684067198505377
6430,73.75,81.25,81.25,0.0,5,0.09010774655507775
6431,76.25,81.25,81.25,0.0,5,0.10557101711011846
6432,78.75,81.25,81.25,0.0,5,0.13800579372897262
6433,81.25,81.25,81.25,0.0,5,0.17144923915536883
6434,83.75,81.25,81.25,0.0,5,0.2142951440491292
6435,86.25,81.25,81.25,0.0,5,0.25971607620546516
6436,88.75,81.25,81.25,0.0,5,0.2888644913192969
6437,91.25,81.25,81.25,0.0,5,0.2740498125409232
6438,93.75,81.25,81.25,0.0,5,0.24129493870029015
6439,96.25,81.25,81.25,0.0,5,0.10542251576050667
6440,98.75,81.25,81.25,0.0,5,0.05404261986291166
6441,101.25,81.25,81.25,0.0,5,0.04217826523022011
6442,103.75,81.25,81.25,0.0,5,0.03629467373292843
6443,106.25,81.25,81.25,0.0,5,0.030417154192594654
6444,108.75,81.25,81.25,0.0,5,0.027088840057332003
6445,111.25,81.25,81.25,0.0,5,0.024185149800114852
6446,113.75,81.25,81.25,0.0,5,0.020890944747585644
6447,116.25,81.25,81.25,0.0,5,0.01882136375401778
6448,118.75,81.25,81.25,0.0,5,0.01647182396041919
6449,121.25,81.25,81.25,0.0,5,0.016711546221339173
6450,123.75,81.25,81.25,0.0,5,0.01578288538080636
6451,126.25,81.25,81.25,0.0,5,0.016327070050149176
6452,128.75,81.25,81.25,0.0,5,0.01926252317035771
6453,131.25,81.25,81.25,0.0,5,0.02234905840010665
6454,133.75,81.25,81.25,0.0,5,0.023711681498935554
6455,136.25,81.25,81.25,0.0,5,0.024146787633164475
6456,138.75,81.25,81.25,0.0,5,0.02561178796548398
6457,141.25,81.25,81.25,0.0,5,0.026813248185626342
6458,143.75,81.25,81.25,0.0,5,0.02662608955372727
6459,146.25,81.25,81.25,0.0,5,0.02587203442949738
6460,148.75,81.25,81.25,0.0,5,0.025222755692920616
6461,151.25,81.25,81.25,0.0,5,0.022983185928084543
6462,153.75,81.25,81.25,0.0,5,0.021220159561004006
6463,156.25,81.25,81.25,0.0,5,0.018507394388694746
6464,158.75,81.25,81.25,0.0,5,0.017398951608715206
6465,161.25,81.25,81.25,0.0,5,0.0167935726369793
6466,163.75,81.25,81.25,0.0,5,0.017314509609419156
6467,166.25,81.25,81.25,0.0,5,0.01835893262367254
6468,168.75,81.25,81.25,0.0,5,0.019693548086974596
6469,171.25,81.25,81.25,0.0,5,0.021885323608826703
6470,173.75,81.25,81.25,0.0,5,0.024539110585992917
6471,176.25,81.25,81.25,0.0,5,0.027074709843536788
6472,178.75,81.25,81.25,0.0,5,0.029586351321887406
6473,181.25,81.25,81.25,0.0,5,0.03183688906540247
6474,183.75,81.25,81.25,0.0,5,0.034078651565555944
6475,186.25,81.25,81.25,0.0,5,0.03578947825354958
6476,188.75,81.25,81.25,0.0,5,0.03775625675360851
6477,191.25,81.25,81.25,0.0,5,0.03903500534033052
6478,193.75,81.25,81.25,0.0,5,0.04023613477091288
6479,196.25,81.25,81.25,0.0,5,0.04137411997040411
6480,198.75,81.25,81.25,0.0,5,0.04198306394959226
6481,201.25,81.25,81.25,0.0,5,0.04230086340439469
6482,203.75,81.25,81.25,0.0,5,0.04251349840801136
6483,206.25,81.25,81.25,0.0,5,0.04233369502860647
6484,208.75,81.25,81.25,0.0,5,0.04197902220145348
6485,211.25,81.25,81.25,0.0,5,0.04146736190550164
6486,213.75,81.25,81.25,0.0,5,0.040898409516820486
6487,216.25,81.25,81.25,0.0,5,0.04018006296375759
6488,218.75,81.25,81.25,0.0,5,0.03945423643579365
6489,221.25,81.25,81.25,0.0,5,0.03856400066744816
6490,223.75,81.25,81.25,0.0,5,0.037688645060072246
6491,226.25,81.25,81.25,0.0,5,0.03702315403775817
6492,228.75,81.25,81.25,0.0,5,0.036189582711671976
6493,231.25,81.25,81.25,0.0,5,0.03568139175951182
6494,233.75,81.25,81.25,0.0,5,0.03513738961090712
6495,236.25,81.25,81.25,0.0,5,0.03457140034139606
6496,238.75,81.25,81.25,0.0,5,0.03394631668785048
6497,241.25,81.25,81.25,0.0,5,0.03341084334557795
6498,243.75,81.25,81.25,0.0,5,0.032720662347155156
6499,246.25,81.25,81.25,0.0,5,0.0320857650781885
6500,248.75,81.25,81.25,0.0,5,0.031652442644385805
6501,251.25,81.25,81.25,0.0,5,0.03145202514867741
6502,253.75,81.25,81.25,0.0,5,0.031551620540066744
6503,256.25,81.25,81.25,0.0,5,0.032011578384808996
6504,258.75,81.25,81.25,0.0,5,0.033114737806658884
6505,261.25,81.25,81.25,0.0,5,0.03491360977023361
6506,263.75,81.25,81.25,0.0,5,0.03693834668213345
6507,266.25,81.25,81.25,0.0,5,0.038778802345019646
6508,288.75,81.25,81.25,0.0,0,0.04192522849098861
6509,291.25,81.25,81.25,0.0,5,0.041149107069621
6510,293.75,81.25,81.25,0.0,0,0.040276595916266845
6511,296.25,81.25,81.25,0.0,0,0.04102776328917618
6512,298.75,81.25,81.25,0.0,0,0.04169526563609052
6513,346.25,81.25,81.25,0.0,0,0.044531751739435084
6514,348.75,81.25,81.25,0.0,5,0.04381723440164549
6515,351.25,81.25,81.25,0.0,5,0.040617023204927535
6516,353.75,81.25,81.25,0.0,5,0.03745405560996607
6517,356.25,81.25,81.25,0.0,5,0.04203451345089774
6518,358.75,81.25,81.25,0.0,5,0.06354339828439041
6519,1.25,83.75,83.75,0.0,5,0.022669068184798177
6520,3.75,83.75,83.75,0.0,5,0.022477363886773936
6521,6.25,83.75,83.75,0.0,5,0.022943521961512996
6522,8.75,83.75,83.75,0.0,5,0.02345303947898929
6523,11.25,83.75,83.75,0.0,5,0.023922701449251304
6524,13.75,83.75,83.75,0.0,5,0.025973770950219983
6525,16.25,83.75,83.75,0.0,5,0.027225534156497092
6526,18.75,83.75,83.75,0.0,5,0.029292699354656768
6527,21.25,83.75,83.75,0.0,5,0.030192906017467106
6528,23.75,83.75,83.75,0.0,5,0.029191269892475852
6529,26.25,83.75,83.75,0.0,5,0.02826703256774008
6530,28.75,83.75,83.75,0.0,5,0.027728069248052177
6531,31.25,83.75,83.75,0.0,5,0.028308966720256512
6532,33.75,83.75,83.75,0.0,5,0.026133870310697044
6533,36.25,83.75,83.75,0.0,5,0.02499881454223533
6534,38.75,83.75,83.75,0.0,5,0.02604108292723326
6535,41.25,83.75,83.75,0.0,5,0.025324016452390574
6536,43.75,83.75,83.75,0.0,5,0.025874026366677568
6537,46.25,83.75,83.75,0.0,5,0.026051833813194647
6538,48.75,83.75,83.75,0.0,5,0.02620683161626598
6539,51.25,83.75,83.75,0.0,5,0.026011518636511667
6540,53.75,83.75,83.75,0.0,5,0.025342609289347628
6541,56.25,83.75,83.75,0.0,5,0.02537667176006108
6542,58.75,83.75,83.75,0.0,5,0.023965403650333766
6543,61.25,83.75,83.75,0.0,5,0.02303793009709039
6544,63.75,83.75,83.75,0.0,5,0.022697762005666096
6545,66.25,83.75,83.75,0.0,5,0.0215407061732355
6546,68.75,83.75,83.75,0.0,5,0.02072148448813369
6547,71.25,83.75,83.75,0.0,5,0.020294871246747198
6548,73.75,83.75,83.75,0.0,5,0.019322574975170093
6549,76.25,83.75,83.75,0.0,5,0.018675321655272904
6550,78.75,83.75,83.75,0.0,5,0.017940106234397322
6551,81.25,83.75,83.75,0.0,5,0.017440973646358316
6552,83.75,83.75,83.75,0.0,5,0.016756518356625002
6553,86.25,83.75,83.75,0.0,5,0.016391399496488233
6554,88.75,83.75,83.75,0.0,5,0.01650306107664376
6555,91.25,83.75,83.75,0.0,5,0.01583572154803333
6556,93.75,83.75,83.75,0.0,5,0.015335484990027827
6557,96.25,83.75,83.75,0.0,5,0.015077178393447816
6558,98.75,83.75,83.75,0.0,5,0.014789416545242478
6559,101.25,83.75,83.75,0.0,5,0.014112300283054241
6560,103.75,83.75,83.75,0.0,5,0.013311013378648116
6561,106.25,83.75,83.75,0.0,5,0.012252740372381861
6562,108.75,83.75,83.75,0.0,5,0.011113826362439199
6563,111.25,83.75,83.75,0.0,5,0.010358486940346523
6564,113.75,83.75,83.75,0.0,5,0.009441530808338018
6565,116.25,83.75,83.75,0.0,5,0.008693649694461465
6566,118.75,83.75,83.75,0.0,5,0.008401851815036969
6567,121.25,83.75,83.75,0.0,5,0.008348436385862456
6568,123.75,83.75,83.75,0.0,5,0.00875130739075794
6569,126.25,83.75,83.75,0.0,5,0.00936256736406822
6570,128.75,83.75,83.75,0.0,5,0.010171608685073212
6571,131.25,83.75,83.75,0.0,5,0.011071166833621587
6572,133.75,83.75,83.75,0.0,5,0.012056627919264077
6573,136.25,83.75,83.75,0.0,5,0.013042731371031423
6574,138.75,83.75,83.75,0.0,5,0.013960627387026265
6575,141.25,83.75,83.75,0.0,5,0.014969891063251058
6576,143.75,83.75,83.75,0.0,5,0.015533306013427924
6577,146.25,83.75,83.75,0.0,5,0.015964384792957642
6578,148.75,83.75,83.75,0.0,5,0.016319511905209454
6579,151.25,83.75,83.75,0.0,5,0.0166356966562541
6580,153.75,83.75,83.75,0.0,5,0.016958325053027277
6581,156.25,83.75,83.75,0.0,5,0.0173353179582397
6582,158.75,83.75,83.75,0.0,5,0.01780859536742894
6583,161.25,83.75,83.75,0.0,5,0.018627036240899
6584,163.75,83.75,83.75,0.0,5,0.019389239284000402
6585,166.25,83.75,83.75,0.0,5,0.02027263497743671
6586,168.75,83.75,83.75,0.0,5,0.02138296845093503
6587,171.25,83.75,83.75,0.0,5,0.022489423910867334
6588,173.75,83.75,83.75,0.0,5,0.023694280708772684
6589,176.25,83.75,83.75,0.0,5,0.02514089717516369
6590,178.75,83.75,83.75,0.0,5,0.02663275348359469
6591,181.25,83.75,83.75,0.0,5,0.02754490765602551
6592,183.75,83.75,83.75,0.0,5,0.02883674968640683
6593,186.25,83.75,83.75,0.0,5,0.03010412431049963
6594,188.75,83.75,83.75,0.0,5,0.03132684064982914
6595,191.25,83.75,83.75,0.0,5,0.032056638456075884
6596,193.75,83.75,83.75,0.0,5,0.03308948236139997
6597,196.25,83.75,83.75,0.0,5,0.03389121172903849
6598,198.75,83.75,83.75,0.0,5,0.034485668833698684
6599,201.25,83.75,83.75,0.0,5,0.03493488052883128
6600,203.75,83.75,83.75,0.0,5,0.035113609372449686
6601,206.25,83.75,83.75,0.0,5,0.03515585436481434
6602,208.75,83.75,83.75,0.0,5,0.03533134120090457
6603,211.25,83.75,83.75,0.0,5,0.03552265938319411
6604,213.75,83.75,83.75,0.0,5,0.035196091964273146
6605,216.25,83.75,83.75,0.0,5,0.03480762488143307
6606,218.75,83.75,83.75,0.0,5,0.03485689138797369
6607,221.25,83.75,83.75,0.0,5,0.03435972248355018
6608,223.75,83.75,83.75,0.0,5,0.03411450529217626
6609,226.25,83.75,83.75,0.0,5,0.03371854715513182
6610,228.75,83.75,83.75,0.0,5,0.03328994442374597
6611,231.25,83.75,83.75,0.0,5,0.03303169323978292
6612,233.75,83.75,83.75,0.0,5,0.032533626828114656
6613,236.25,83.75,83.75,0.0,5,0.032190026278418334
6614,238.75,83.75,83.75,0.0,5,0.03162856250772343
6615,241.25,83.75,83.75,0.0,5,0.031064734792600086
6616,243.75,83.75,83.75,0.0,5,0.03065636819922064
6617,246.25,83.75,83.75,0.0,5,0.030092999918164692
6618,248.75,83.75,83.75,0.0,5,0.029630735482516667
6619,251.25,83.75,83.75,0.0,5,0.029452530364057327
6620,253.75,83.75,83.75,0.0,5,0.029162323176908582
6621,256.25,83.75,83.75,0.0,5,0.029173708576009396
6622,258.75,83.75,83.75,0.0,5,0.029194061089998346
6623,261.25,83.75,83.75,0.0,5,0.029519550001152577
6624,263.75,83.75,83.75,0.0,5,0.02964031845811612
6625,266.25,83.75,83.75,0.0,5,0.03025370621996977
6626,268.75,83.75,83.75,0.0,5,0.031038292598062664
6627,271.25,83.75,83.75,0.0,5,0.031333382176289316
6628,273.75,83.75,83.75,0.0,5,0.03207293606293366
6629,276.25,83.75,83.75,0.0,5,0.03276191121078237
6630,278.75,83.75,83.75,0.0,5,0.03339786770711835
6631,281.25,83.75,83.75,0.0,5,0.03374802674345324
6632,283.75,83.75,83.75,0.0,5,0.03352547999615496
6633,286.25,83.75,83.75,0.0,5,0.03407397312672579
6634,288.75,83.75,83.75,0.0,5,0.03355445824782528
6635,291.25,83.75,83.75,0.0,5,0.03369701987793078
6636,293.75,83.75,83.75,0.0,5,0.03349628377798871
6637,296.25,83.75,83.75,0.0,5,0.033303923346028226
6638,298.75,83.75,83.75,0.0,5,0.033722861883544786
6639,301.25,83.75,83.75,0.0,5,0.03509748356819562
6640,303.75,83.75,83.75,0.0,5,0.03648498264135224
6641,306.25,83.75,83.75,0.0,5,0.039324408877013724
6642,308.75,83.75,83.75,0.0,5,0.04144469214671324
6643,311.25,83.75,83.75,0.0,5,0.043488938037224555
6644,313.75,83.75,83.75,0.0,5,0.04608846745779886
6645,316.25,83.75,83.75,0.0,5,0.04643336034651912
6646,318.75,83.75,83.75,0.0,5,0.047683095669856485
6647,321.25,83.75,83.75,0.0,5,0.051571752909550565
6648,323.75,83.75,83.75,0.0,5,0.05547088170816054
6649,326.25,83.75,83.75,0.0,5,0.050992375402047624
6650,328.75,83.75,83.75,0.0,5,0.0424821247521426
6651,331.25,83.75,83.75,0.0,0,0.041989833098807994
6652,333.75,83.75,83.75,0.0,5,0.04134442046112845
6653,336.25,83.75,83.75,0.0,5,0.04140824381847843
6654,338.75,83.75,83.75,0.0,5,0.04103619960083435
6655,341.25,83.75,83.75,0.0,5,0.03941544395376049
6656,343.75,83.75,83.75,0.0,5,0.0385045438261495
6657,346.25,83.75,83.75,0.0,5,0.037030184104505065
6658,348.75,83.75,83.75,0.0,5,0.03307623287327626
6659,351.25,83.75,83.75,0.0,5,0.030204074293750632
6660,353.75,83.75,83.75,0.0,5,0.027513300913266054
6661,356.25,83.75,83.75,0.0,5,0.02480556406209037
6662,358.75,83.75,83.75,0.0,5,0.02338112518778625
6663,1.25,86.25,86.25,0.0,5,0.021767645758982882
6664,3.75,86.25,86.25,0.0,5,0.021435049632196248
6665,6.25,86.25,86.25,0.0,5,0.02120572636761844
6666,8.75,86.25,86.25,0.0,5,0.021126159761451838
6667,11.25,86.25,86.25,0.0,5,0.020817284305241712
6668,13.75,86.25,86.25,0.0,5,0.020581337509229036
6669,16.25,86.25,86.25,0.0,5,0.02032751556867117
6670,18.75,86.25,86.25,0.0,5,0.02024729479344869
6671,21.25,86.25,86.25,0.0,5,0.01994598167615553
6672,23.75,86.25,86.25,0.0,5,0.019671205057655235
6673,26.25,86.25,86.25,0.0,5,0.01955780932398354
6674,28.75,86.25,86.25,0.0,5,0.019285360878116095
6675,31.25,86.25,86.25,0.0,5,0.01902797601953696
6676,33.75,86.25,86.25,0.0,5,0.018898157863933476
6677,36.25,86.25,86.25,0.0,5,0.01863091424075984
6678,38.75,86.25,86.25,0.0,5,0.018550390706781134
6679,41.25,86.25,86.25,0.0,5,0.018265677031985797
6680,43.75,86.25,86.25,0.0,5,0.01815197552073935
6681,46.25,86.25,86.25,0.0,5,0.017934212935063688
6682,48.75,86.25,86.25,0.0,5,0.017743556507132847
6683,51.25,86.25,86.25,0.0,5,0.01764295130590824
6684,53.75,86.25,86.25,0.0,5,0.017476890612993897
6685,56.25,86.25,86.25,0.0,5,0.017318107905787722
6686,58.75,86.25,86.25,0.0,5,0.01720278553978123
6687,61.25,86.25,86.25,0.0,5,0.0169135079359963
6688,63.75,86.25,86.25,0.0,5,0.01677625190362
6689,66.25,86.25,86.25,0.0,5,0.016614054739430673
6690,68.75,86.25,86.25,0.0,5,0.016346683971184193
6691,71.25,86.25,86.25,0.0,5,0.01619465742271773
6692,73.75,86.25,86.25,0.0,5,0.015874091423725076
6693,76.25,86.25,86.25,0.0,5,0.01557559601252093
6694,78.75,86.25,86.25,0.0,5,0.01539836418491758
6695,81.25,86.25,86.25,0.0,5,0.014913449784493174
6696,83.75,86.25,86.25,0.0,5,0.014771362864039402
6697,86.25,86.25,86.25,0.0,5,0.014410555714323224
6698,88.75,86.25,86.25,0.0,5,0.01419689384835213
6699,91.25,86.25,86.25,0.0,5,0.013899227833232997
6700,93.75,86.25,86.25,0.0,5,0.013583744310016892
6701,96.25,86.25,86.25,0.0,5,0.01339290135148492
6702,98.75,86.25,86.25,0.0,5,0.013148131521682595
6703,101.25,86.25,86.25,0.0,5,0.013066286779935094
6704,103.75,86.25,86.25,0.0,5,0.013001867045618176
6705,106.25,86.25,86.25,0.0,5,0.01278954472277318
6706,108.75,86.25,86.25,0.0,5,0.01269722601573601
6707,111.25,86.25,86.25,0.0,5,0.01282137925766343
6708,113.75,86.25,86.25,0.0,5,0.01282832229162287
6709,116.25,86.25,86.25,0.0,5,0.012785250173700033
6710,118.75,86.25,86.25,0.0,5,0.013103090959668136
6711,121.25,86.25,86.25,0.0,5,0.013202609911047663
6712,123.75,86.25,86.25,0.0,5,0.013488553387212405
6713,126.25,86.25,86.25,0.0,5,0.013676469032668113
6714,128.75,86.25,86.25,0.0,5,0.014162831143211574
6715,131.25,86.25,86.25,0.0,5,0.014366049474415398
6716,133.75,86.25,86.25,0.0,5,0.014907483903702199
6717,136.25,86.25,86.25,0.0,5,0.015128106534446482
6718,138.75,86.25,86.25,0.0,5,0.015533077737567215
6719,141.25,86.25,86.25,0.0,5,0.015804853437929138
6720,143.75,86.25,86.25,0.0,5,0.01636945947360875
6721,146.25,86.25,86.25,0.0,5,0.01666979962420807
6722,148.75,86.25,86.25,0.0,5,0.01707584194717886
6723,151.25,86.25,86.25,0.0,5,0.017666047096067644
6724,153.75,86.25,86.25,0.0,5,0.017995880891405764
6725,156.25,86.25,86.25,0.0,5,0.018419395935867812
6726,158.75,86.25,86.25,0.0,5,0.019039448509658045
6727,161.25,86.25,86.25,0.0,5,0.019521276026977768
6728,163.75,86.25,86.25,0.0,5,0.01985603579517157
6729,166.25,86.25,86.25,0.0,5,0.020344403677099485
6730,168.75,86.25,86.25,0.0,5,0.021070941773544547
6731,171.25,86.25,86.25,0.0,5,0.021598532707396742
6732,173.75,86.25,86.25,0.0,5,0.02230649453088734
6733,176.25,86.25,86.25,0.0,5,0.022735259093099695
6734,178.75,86.25,86.25,0.0,5,0.023242534558585628
6735,181.25,86.25,86.25,0.0,5,0.023749933533915593
6736,183.75,86.25,86.25,0.0,5,0.024519253735255247
6737,186.25,86.25,86.25,0.0,5,0.02498666929705481
6738,188.75,86.25,86.25,0.0,5,0.025148939131200598
6739,191.25,86.25,86.25,0.0,5,0.025855084177700494
6740,193.75,86.25,86.25,0.0,5,0.026288312746245678
6741,196.25,86.25,86.25,0.0,5,0.026691929821036492
6742,198.75,86.25,86.25,0.0,5,0.026807761710640855
6743,201.25,86.25,86.25,0.0,5,0.027405153200312442
6744,203.75,86.25,86.25,0.0,5,0.027766234044741118
6745,206.25,86.25,86.25,0.0,5,0.027807719094024363
6746,208.75,86.25,86.25,0.0,5,0.028080645076434103
6747,211.25,86.25,86.25,0.0,5,0.028327984196243324
6748,213.75,86.25,86.25,0.0,5,0.02834280636776924
6749,216.25,86.25,86.25,0.0,5,0.02853295778954272
6750,218.75,86.25,86.25,0.0,5,0.028545679159254586
6751,221.25,86.25,86.25,0.0,5,0.028499250220274986
6752,223.75,86.25,86.25,0.0,5,0.02868755353107854
6753,226.25,86.25,86.25,0.0,5,0.028625575159053486
6754,228.75,86.25,86.25,0.0,5,0.028745068874049127
6755,231.25,86.25,86.25,0.0,5,0.028726730014599185
6756,233.75,86.25,86.25,0.0,5,0.02882459529633731
6757,236.25,86.25,86.25,0.0,5,0.028648087212899687
6758,238.75,86.25,86.25,0.0,5,0.028620885047720902
6759,241.25,86.25,86.25,0.0,5,0.02854371103447415
6760,243.75,86.25,86.25,0.0,5,0.0285093277070025
6761,246.25,86.25,86.25,0.0,5,0.02855289882501481
6762,248.75,86.25,86.25,0.0,5,0.028404022938583448
6763,251.25,86.25,86.25,0.0,5,0.028364992422038146
6764,253.75,86.25,86.25,0.0,5,0.02822590068685308
6765,256.25,86.25,86.25,0.0,5,0.02816580583146975
6766,258.75,86.25,86.25,0.0,5,0.028059782486915597
6767,261.25,86.25,86.25,0.0,5,0.027953280468341335
6768,263.75,86.25,86.25,0.0,5,0.02792034625531912
6769,266.25,86.25,86.25,0.0,5,0.02777304924468338
6770,268.75,86.25,86.25,0.0,5,0.02771712980318336
6771,271.25,86.25,86.25,0.0,5,0.027581043295736647
6772,273.75,86.25,86.25,0.0,5,0.027441180461474826
6773,276.25,86.25,86.25,0.0,5,0.02739289397334335
6774,278.75,86.25,86.25,0.0,5,0.027244017371242747
6775,281.25,86.25,86.25,0.0,5,0.027056829186576634
6776,283.75,86.25,86.25,0.0,5,0.027011714426199686
6777,286.25,86.25,86.25,0.0,5,0.026858183336811278
6778,288.75,86.25,86.25,0.0,5,0.026712485897856603
6779,291.25,86.25,86.25,0.0,5,0.026527561628873528
6780,293.75,86.25,86.25,0.0,5,0.026488122889765688
6781,296.25,86.25,86.25,0.0,5,0.026375437609865524
6782,298.75,86.25,86.25,0.0,5,0.026216693359592338
6783,301.25,86.25,86.25,0.0,5,0.026119002639656504
6784,303.75,86.25,86.25,0.0,5,0.02603365288143837
6785,306.25,86.25,86.25,0.0,5,0.026007377114211812
6786,308.75,86.25,86.25,0.0,5,0.025922609868734903
6787,311.25,86.25,86.25,0.0,5,0.02594810273499067
6788,313.75,86.25,86.25,0.0,5,0.025878287229786443
6789,316.25,86.25,86.25,0.0,5,0.02590735065394977
6790,318.75,86.25,86.25,0.0,5,0.025792342879424165
6791,321.25,86.25,86.25,0.0,5,0.025785055594328938
6792,323.75,86.25,86.25,0.0,5,0.025630555908037006
6793,326.25,86.25,86.25,0.0,5,0.025550179230084104
6794,328.75,86.25,86.25,0.0,5,0.025378356396318483
6795,331.25,86.25,86.25,0.0,5,0.025105280778006514
6796,333.75,86.25,86.25,0.0,5,0.024940780709339833
6797,336.25,86.25,86.25,0.0,5,0.02469040218582497
6798,338.75,86.25,86.25,0.0,5,0.02432408103791957
6799,341.25,86.25,86.25,0.0,5,0.024015035034839486
6800,343.75,86.25,86.25,0.0,5,0.02383693156310004
6801,346.25,86.25,86.25,0.0,5,0.023530462628577598
6802,348.75,86.25,86.25,0.0,5,0.023125370782516863
6803,351.25,86.25,86.25,0.0,5,0.022818780521905637
6804,353.75,86.25,86.25,0.0,5,0.022460705669792417
6805,356.25,86.25,86.25,0.0,5,0.022245622741153215
6806,358.75,86.25,86.25,0.0,5,0.0220074216892152
6807,1.25,88.75,88.75,0.0,5,0.022476332407475454
6808,3.75,88.75,88.75,0.0,5,0.022365385815346178
6809,6.25,88.75,88.75,0.0,5,0.022097948161305968
6810,8.75,88.75,88.75,0.0,5,0.022045305535050855
6811,11.25,88.75,88.75,0.0,5,0.02199704204849844
6812,13.75,88.75,88.75,0.0,5,0.021664045922455678
6813,16.25,88.75,88.75,0.0,5,0.021612778166248056
6814,18.75,88.75,88.75,0.0,5,0.021560197129067944
6815,21.25,88.75,88.75,0.0,5,0.02126717047923649
6816,23.75,88.75,88.75,0.0,5,0.021220083675104383
6817,26.25,88.75,88.75,0.0,5,0.021161474077460364
6818,28.75,88.75,88.75,0.0,5,0.02108975329353663
6819,31.25,88.75,88.75,0.0,5,0.0210288878583201
6820,33.75,88.75,88.75,0.0,5,0.020977265511902328
6821,36.25,88.75,88.75,0.0,5,0.020656043099278116
6822,38.75,88.75,88.75,0.0,5,0.020588539735443508
6823,41.25,88.75,88.75,0.0,5,0.020524701878531164
6824,43.75,88.75,88.75,0.0,5,0.020459998292530614
6825,46.25,88.75,88.75,0.0,5,0.02017816796342846
6826,48.75,88.75,88.75,0.0,5,0.020181085602489334
6827,51.25,88.75,88.75,0.0,5,0.02016618052403129
6828,53.75,88.75,88.75,0.0,5,0.019978703444806154
6829,56.25,88.75,88.75,0.0,5,0.019935369662544073
6830,58.75,88.75,88.75,0.0,5,0.019928586418212133
6831,61.25,88.75,88.75,0.0,5,0.01986400416127732
6832,63.75,88.75,88.75,0.0,5,0.019518375855889596
6833,66.25,88.75,88.75,0.0,5,0.019490635771804703
6834,68.75,88.75,88.75,0.0,5,0.019500853136034772
6835,71.25,88.75,88.75,0.0,5,0.019516042773434803
6836,73.75,88.75,88.75,0.0,5,0.01933671943401977
6837,76.25,88.75,88.75,0.0,5,0.01934418268036837
6838,78.75,88.75,88.75,0.0,5,0.019294725742916758
6839,81.25,88.75,88.75,0.0,5,0.019240731829035584
6840,83.75,88.75,88.75,0.0,5,0.019192369760931773
6841,86.25,88.75,88.75,0.0,5,0.019211843890391402
6842,88.75,88.75,88.75,0.0,5,0.019194095479802466
6843,91.25,88.75,88.75,0.0,5,0.01916192178632731
6844,93.75,88.75,88.75,0.0,5,0.019103464597665216
6845,96.25,88.75,88.75,0.0,5,0.019093681214961567
6846,98.75,88.75,88.75,0.0,5,0.019089393205789767
6847,101.25,88.75,88.75,0.0,5,0.019110136798483026
6848,103.75,88.75,88.75,0.0,5,0.01907714396871642
6849,106.25,88.75,88.75,0.0,5,0.019043320588463666
6850,108.75,88.75,88.75,0.0,5,0.01908782781041602
6851,111.25,88.75,88.75,0.0,5,0.019088128644852303
6852,113.75,88.75,88.75,0.0,5,0.019109481645570314
6853,116.25,88.75,88.75,0.0,5,0.01922054519883902
6854,118.75,88.75,88.75,0.0,5,0.01947850071710554
6855,121.25,88.75,88.75,0.0,5,0.01947308448386103
6856,123.75,88.75,88.75,0.0,5,0.019546517260820892
6857,126.25,88.75,88.75,0.0,5,0.01966047530879437
6858,128.75,88.75,88.75,0.0,5,0.019763782667896364
6859,131.25,88.75,88.75,0.0,5,0.01987276255172478
6860,133.75,88.75,88.75,0.0,5,0.019904804065555254
6861,136.25,88.75,88.75,0.0,5,0.01993249953476293
6862,138.75,88.75,88.75,0.0,5,0.020037630664504823
6863,141.25,88.75,88.75,0.0,5,0.020361418053816464
6864,143.75,88.75,88.75,0.0,5,0.02040086000588138
6865,146.25,88.75,88.75,0.0,5,0.0204356118730322
6866,148.75,88.75,88.75,0.0,5,0.02055176210460273
6867,151.25,88.75,88.75,0.0,5,0.020591261774225454
6868,153.75,88.75,88.75,0.0,5,0.020926864990422258
6869,156.25,88.75,88.75,0.0,5,0.02096885821035235
6870,158.75,88.75,88.75,0.0,5,0.021014206191784752
6871,161.25,88.75,88.75,0.0,5,0.021145265724646832
6872,163.75,88.75,88.75,0.0,5,0.021462959586399977
6873,166.25,88.75,88.75,0.0,5,0.021516340675537024
6874,168.75,88.75,88.75,0.0,5,0.021560586457879866
6875,171.25,88.75,88.75,0.0,5,0.02181425457106002
6876,173.75,88.75,88.75,0.0,5,0.02191495834226459
6877,176.25,88.75,88.75,0.0,5,0.022026184899039507
6878,178.75,88.75,88.75,0.0,5,0.022139148221702983
6879,181.25,88.75,88.75,0.0,5,0.02221121125087218
6880,183.75,88.75,88.75,0.0,5,0.022343533081665604
6881,186.25,88.75,88.75,0.0,5,0.02263827288099997
6882,188.75,88.75,88.75,0.0,5,0.02269586964574634
6883,191.25,88.75,88.75,0.0,5,0.022747259563655656
6884,193.75,88.75,88.75,0.0,5,0.023096363549684796
6885,196.25,88.75,88.75,0.0,5,0.023146921052425582
6886,198.75,88.75,88.75,0.0,5,0.023198356868587348
6887,201.25,88.75,88.75,0.0,5,0.023493756685110664
6888,203.75,88.75,88.75,0.0,5,0.02353965865398916
6889,206.25,88.75,88.75,0.0,5,0.023596680916097915
6890,208.75,88.75,88.75,0.0,5,0.02366120888623671
6891,211.25,88.75,88.75,0.0,5,0.023713371948847022
6892,213.75,88.75,88.75,0.0,5,0.023758826660303184
6893,216.25,88.75,88.75,0.0,5,0.02404843187550827
6894,218.75,88.75,88.75,0.0,5,0.024103223133243434
6895,221.25,88.75,88.75,0.0,5,0.024153753388138067
6896,223.75,88.75,88.75,0.0,5,0.024205063329152468
6897,226.25,88.75,88.75,0.0,5,0.02444886808429864
6898,228.75,88.75,88.75,0.0,5,0.024428452679967474
6899,231.25,88.75,88.75,0.0,5,0.024442372227681825
6900,233.75,88.75,88.75,0.0,5,0.024589613943540492
6901,236.25,88.75,88.75,0.0,5,0.0246188561878338
6902,238.75,88.75,88.75,0.0,5,0.02458022735572336
6903,241.25,88.75,88.75,0.0,5,0.024621745779851323
6904,243.75,88.75,88.75,0.0,5,0.024880367495097363
6905,246.25,88.75,88.75,0.0,5,0.02489581665428966
6906,248.75,88.75,88.75,0.0,5,0.024868529929039863
6907,251.25,88.75,88.75,0.0,5,0.024856094956997855
6908,253.75,88.75,88.75,0.0,5,0.02497425076692414
6909,256.25,88.75,88.75,0.0,5,0.024929757655556398
6910,258.75,88.75,88.75,0.0,5,0.024953325420768033
6911,261.25,88.75,88.75,0.0,5,0.02498041410182764
6912,263.75,88.75,88.75,0.0,5,0.025003987696516516
6913,266.25,88.75,88.75,0.0,5,0.02495729820041316
6914,268.75,88.75,88.75,0.0,5,0.024965153768669795
6915,271.25,88.75,88.75,0.0,5,0.024982151385543248
6916,273.75,88.75,88.75,0.0,5,0.025006666302629023
6917,276.25,88.75,88.75,0.0,5,0.025002042318179214
6918,278.75,88.75,88.75,0.0,5,0.02499660379181189
6919,281.25,88.75,88.75,0.0,5,0.024947007595762908
6920,283.75,88.75,88.75,0.0,5,0.02495930781377217
6921,286.25,88.75,88.75,0.0,5,0.024972814422920868
6922,288.75,88.75,88.75,0.0,5,0.024909564268277014
6923,291.25,88.75,88.75,0.0,5,0.024905207212037667
6924,293.75,88.75,88.75,0.0,5,0.02488814956719817
6925,296.25,88.75,88.75,0.0,5,0.02479504959096999
6926,298.75,88.75,88.75,0.0,5,0.02463217822020546
6927,301.25,88.75,88.75,0.0,5,0.024633751875849635
6928,303.75,88.75,88.75,0.0,5,0.024577235717049242
6929,306.25,88.75,88.75,0.0,5,0.024495658362400096
6930,308.75,88.75,88.75,0.0,5,0.024422902658925997
6931,311.25,88.75,88.75,0.0,5,0.024333724392736816
6932,313.75,88.75,88.75,0.0,5,0.02430921339738741
6933,316.25,88.75,88.75,0.0,5,0.024285648883937513
6934,318.75,88.75,88.75,0.0,5,0.02419348612665765
6935,321.25,88.75,88.75,0.0,5,0.023972693602399706
6936,323.75,88.75,88.75,0.0,5,0.023942277206466224
6937,326.25,88.75,88.75,0.0,5,0.023914826678973846
6938,328.75,88.75,88.75,0.0,5,0.023813972862890564
6939,331.25,88.75,88.75,0.0,5,0.02378330105546811
6940,333.75,88.75,88.75,0.0,5,0.023537177442503086
6941,336.25,88.75,88.75,0.0,5,0.023503843864342816
6942,338.75,88.75,88.75,0.0,5,0.023467315858901536
6943,341.25,88.75,88.75,0.0,5,0.023354809591966133
6944,343.75,88.75,88.75,0.0,5,0.023106818854696305
6945,346.25,88.75,88.75,0.0,5,0.023063621220816885
6946,348.75,88.75,88.75,0.0,5,0.023027091606841903
6947,351.25,88.75,88.75,0.0,5,0.022818356449569706
6948,353.75,88.75,88.75,0.0,5,0.022732976473965282
6949,356.25,88.75,88.75,0.0,5,0.0226393003038752
6950,358.75,88.75,88.75,0.0,5,0.02254252096052652
