tree
version=v4
num_class=1
num_tree_per_iteration=1
label_index=0
max_feature_idx=12
objective=regression
feature_names=Column_0 Column_1 Column_2 Column_3 Column_4 Column_5 Column_6 Column_7 Column_8 Column_9 Column_10 Column_11 Column_12
monotone_constraints=0 0 0 0 0 0 0 0 0 0 0 0 0
feature_infos=[-2.2276079289970911:2.3607732775433705] [-4.0975447810378336:4.8902223979310921] [-4.5144846200662432:3.3059160189809838] [-4.0605699369069725:2.7894714332057045] [-1.7200641527732863:1.7200641527732861] [-1.415459635151169:1.415459635151169] [-1.1927069616901234:1.7155044347232755] [-1.0399710426950628:2.5692914663540787] [-1.9356174315214087:1.1046423989029219] [-1.6845883288916133:1.6845883288916133] [-0.67090274451719945:1.4905290046451658] [-1.0691861710882791:2.0013020519424214] [-1.5666989036012806:1.5666989036012806]
tree_sizes=2924 2879 2891 2881 2884 2867 2869 2871 2853 2871 2879 2940 2840 2853 2852 2828 2823 2831 2836 2832 2830 2826 2830 2837 2812 2888 2832 2847 2798 2807 2826 2841 2810 2853 2823 2811 2840 2841 2838 2851 2856 2801 2807 2801 2810 2798 2822 2824 2801 2815 2806 2791 2831 2801 2800 2820 2776 2823 2816 2821 2832 2817 2801 2783 2806 2794 2815 2790 2802 2799 2800 2793 2839 2815 2749 2808 2785 2819 2833 2784 2819 2823 2827 2779 2774 2812 2815 2820 2790 2847 2823 2765 2798 2776 2811 2790 2809 2791 2833 2829 2881 2722 2791 2817 2843 2803 2789 2833 2754 2836 2778 2759 2869 2727 2737 2863 2782 2806 2792 2792 2744 2799 2782 2776 2845 2813 2786 2770 2740 2851 2744 2769 2859 2795 2779 2870 2773 2720 2785 2785 2849 2734 2786 2810 2791 2804 2786 2764 2711 2821 2784 2761 2769 2719 2768 2771 2773 2881 2846 2712 2810 2801 2785 2806 2736 2787 2782 2752 2784 2723 2767 2821 2822 2742 2768 2794 2789 2754 2740 2748 2856 2812 2713 2765 2803 2767 2727 2836 2788 2792 2850 2722 2762 2808 2833 2738 2788 2788 2844 2803

Tree=0
num_leaves=31
num_cat=0
split_feature=2 2 2 2 2 2 2 2 2 3 2 3 2 2 9 6 2 3 9 3 2 2 9 4 4 5 2 5 5 8
split_gain=5.78491e+08 1.08689e+08 7.59589e+07 2.61642e+07 2.1412e+07 1.36808e+07 9.65674e+06 5.33738e+06 4.02884e+06 3.61176e+06 3.57036e+06 2.90596e+06 2.88866e+06 2.62538e+06 2.55817e+06 1.82607e+06 1.76215e+06 1.27916e+06 1.22584e+06 1.15666e+06 1.04952e+06 1.04848e+06 970358 960649 1.90577e+06 891480 872845 851901 803180 783351
threshold=-0.66683788445865866 0.44384873329467561 -1.9251415016741744 1.0223644467264663 -0.025956944597374295 -1.1477478251494748 -2.6310653532177404 1.38302448853976 -0.26267516651090023 -1.4105588088035141 0.73650150623240929 -0.44260916112300863 -1.5368594922112195 0.24876375808421933 -0.28878657066713359 1.7077461606570974 2.1422996835152888 -1.0086573748147118 -0.19252438044475575 -1.4917422609740691 -2.3347961893569811 -3.1140459338614512 -0.38504876088951151 -1.4674673191492369 -1.2268989061739519 1.082299156171467 -0.97076319214733575 -0.24472827403648004 -1.0822991561714665 -1.0174668528432229
decision_type=2 2 2 2 2 2 2 2 2 2 2 2 2 2 2 2 2 2 2 2 2 2 2 2 2 2 2 2 2 2
left_child=2 4 6 10 8 12 21 9 14 -5 17 15 -4 -6 -2 -12 22 -3 -7 -15 -8 -1 -9 29 28 -17 -20 -19 -25 -24
right_child=1 3 5 7 13 18 20 16 -10 -11 11 -13 -14 19 -16 25 -18 27 26 -21 -22 -23 23 24 -26 -27 -28 -29 -30 -31
leaf_value=-43.529074231023714 -25.205770505718682 -27.376942975598688 -34.162374806726021 -37.029886414360526 -24.271137519830486 -27.293914577391483 -38.576661122733015 -18.790153767635804 -25.393074327744763 -19.331819240426199 -22.706983767990756 -20.538892837036762 -32.128289409557148 -30.739676695883759 -27.555802146730763 -22.339369436257901 -14.574181437792349 -21.689268771113682 -30.827123586404049 -23.191902253592385 -36.127263601846238 -41.080888371076043 -11.220156030476577 -25.092140397551471 -16.662331853023762 -32.711736235636714 -29.481619840211707 -22.559311748554681 -19.351437114502264 -16.144427824002932
leaf_weight=656 1449 118 2955 29 13702 480 656 934 6884 4846 250 6787 4264 51 5767 27 648 5384 1808 10712 1312 1312 120 86 1653 89 3616 5893 209 247
leaf_count=656 1449 118 2955 29 13702 480 656 934 6884 4846 250 6787 4264 51 5767 27 648 5384 1808 10712 1312 1312 120 86 1653 89 3616 5893 209 247
internal_value=-25.122 -22.9972 -33.3282 -20.5844 -24.7065 -31.5009 -39.4203 -18.3344 -26.2584 -19.4371 -21.6485 -20.7729 -32.9609 -23.8121 -27.0839 -25.1127 -16.9549 -22.1981 -29.7158 -23.2277 -36.9437 -41.897 -17.4298 -16.8809 -17.323 -30.2975 -29.9301 -22.1439 -21.025 -14.5343
internal_weight=82944 65885 17059 27320 38565 13123 3936 8772 14100 4875 18548 7153 7219 24465 7216 366 3897 11395 5904 10763 1968 1968 3249 2315 1948 116 5424 11277 295 367
internal_count=82944 65885 17059 27320 38565 13123 3936 8772 14100 4875 18548 7153 7219 24465 7216 366 3897 11395 5904 10763 1968 1968 3249 2315 1948 116 5424 11277 295 367
is_linear=0
shrinkage=1


Tree=1
num_leaves=31
num_cat=0
split_feature=2 2 2 2 2 2 2 2 2 3 2 2 3 9 2 2 1 3 9 7 2 2 5 1 5 2 3 3 9 7
split_gain=5.22088e+08 9.80918e+07 6.85529e+07 2.36174e+07 1.93475e+07 1.23588e+07 8.71521e+06 5.09813e+06 4.3506e+06 3.20437e+06 2.97288e+06 2.8416e+06 2.60716e+06 2.3892e+06 1.62936e+06 1.55727e+06 1.33136e+06 1.15444e+06 1.1467e+06 1.00798e+06 947193 946256 902064 1.19812e+06 1.35219e+06 858600 996662 807798 789579 766477
threshold=-0.66683788445865866 0.44384873329467561 -1.9251415016741744 1.0067054660876276 -0.15046424011878376 -1.1184548154775074 -2.6310653532177404 1.38302448853976 0.134713705974289 -1.4105588088035141 0.73650150623240929 -1.5368594922112195 -0.44260916112300863 -0.28878657066713359 1.96935456431297 -0.3570287751769427 0.89384407838744828 -1.0086573748147118 -0.19252438044475575 -0.67395931651126872 -2.3347961893569811 -3.1140459338614512 0.85925218225375766 2.0461742978437463 -1.1210959212062963 0.28247900741226767 -1.4917422609740691 1.1143624907159622 -0.38504876088951151 0.50473852548845832
decision_type=2 2 2 2 2 2 2 2 2 2 2 2 2 2 2 2 2 2 2 2 2 2 2 2 2 2 2 2 2 2
left_child=2 4 6 10 13 11 21 9 -6 -5 17 -4 16 -2 28 -15 -12 -3 -7 -18 -8 -1 23 -16 -25 -10 -27 -19 -9 -30
right_child=1 3 5 7 8 18 20 14 25 -11 12 -13 -14 15 22 -17 19 27 -20 -21 -22 -23 -24 24 -26 26 -28 -29 29 -31
leaf_value=-17.486748279013284 -0.10849537400671259 -2.1422235919888748 -8.5883838240353487 -10.927176949183147 0.29391003629669571 -1.8460769217136326 -12.781956073714467 5.8452662384414733 1.1918257166641666 5.461253902119994 3.3034229998158504 -6.600645256644758 4.3244694837483335 -2.5923279252159621 10.635369264489771 -1.146245580630284 -6.4809412183220863 2.687022400173543 -4.4865817617035644 0.74597043991088874 -10.455028317069136 -15.160971517679167 11.409000643300269 -5.8263530145991931 7.0456435576664589 -5.2883712517715447 1.936177366349384 4.0892048376621331 8.205325744149123 5.9551640254826204
leaf_weight=656 2301 118 2955 30 11442 447 656 813 8481 5170 158 4592 6477 4186 283 3353 97 10134 5129 96 1312 1312 386 22 281 48 8754 1143 1618 494
leaf_count=656 2301 118 2955 30 11442 447 656 813 8481 5170 158 4592 6477 4186 283 3353 97 10134 5129 96 1312 1312 386 22 281 48 8754 1143 1618 494
internal_value=2.55678e-08 2.01852 -7.7959 4.3107 0.394704 -6.06003 -13.5835 6.39139 1.05017 5.36671 3.27202 -7.37894 4.09703 -1.51875 7.75869 -1.94918 -0.0999923 2.77766 -4.27491 -2.88621 -11.2307 -15.9362 9.53223 8.296 6.11104 1.55085 1.89678 2.82914 7.16932 7.67901
internal_weight=82944 65885 17059 27320 38565 13123 3936 9097 28725 5200 18223 7547 6828 9840 3897 7539 351 11395 5576 193 1968 1968 972 586 303 17283 8802 11277 2925 2112
internal_count=82944 65885 17059 27320 38565 13123 3936 9097 28725 5200 18223 7547 6828 9840 3897 7539 351 11395 5576 193 1968 1968 972 586 303 17283 8802 11277 2925 2112
is_linear=0
shrinkage=0.05


Tree=2
num_leaves=31
num_cat=0
split_feature=2 2 2 2 2 2 2 2 2 3 2 7 9 2 9 9 2 3 2 5 2 2 9 5 1 5 5 3 5 1
split_gain=4.71188e+08 8.16088e+07 6.98638e+07 2.42216e+07 1.58654e+07 1.06443e+07 7.86548e+06 4.29922e+06 4.00172e+06 3.78789e+06 2.56455e+06 2.35776e+06 1.82862e+06 1.73574e+06 1.6674e+06 1.4507e+06 1.30884e+06 1.28559e+06 1.15227e+06 961101 854842 853996 816599 814113 1.0813e+06 1.22035e+06 794493 743867 912490 723358
threshold=-0.56653928851149116 0.73650150623240929 -1.9251415016741744 0.12101803294956405 -1.1184548154775074 1.3196167046558733 -2.6310653532177404 -0.23883485054397782 0.39545023396235407 -0.44260916112300863 -1.5368594922112195 -0.74611299300944822 -0.19252438044475575 1.96935456431297 0.48131095111188954 -0.28878657066713359 0.91025077072578442 -1.0086573748147118 -0.84978002840374967 -0.24472827403648004 -2.3347961893569811 -3.1140459338614512 -0.38504876088951151 0.85925218225375766 2.0461742978437463 -1.1210959212062963 0.30505838731795659 0.42675000108310807 1.1577679250095743 1.645604245027523
decision_type=2 2 2 2 2 2 2 2 2 2 2 2 2 2 2 2 2 2 2 2 2 2 2 2 2 2 2 2 2 2
left_child=2 3 6 7 10 9 21 15 -5 11 -4 14 -6 22 -3 -2 -11 -10 -14 -19 -8 -1 29 24 -15 -26 -9 28 -24 -7
right_child=1 5 4 8 12 13 20 26 17 16 -12 -13 18 23 -16 -17 -18 19 -20 -21 -22 -23 27 -25 25 -27 -28 -29 -30 -31
leaf_value=-16.612411971208527 -0.023144607578324265 -0.098468074114883661 -8.1589642276699372 1.3526128746788939 -1.3638293052932038 6.9710862794310833 -12.142858463380396 0.59344618440403007 -1.9627816368197977 3.8911067738426186 -6.270613330949864 2.6114037590511776 -4.7101817229468832 10.103600562840384 -9.6746357289756233 -1.8632797382821815 5.000780543711862 3.0241962703652288 -3.374154792150605 2.1883706601444026 -9.9322766341609761 -14.402923826473515 4.2265374929745603 10.838550384304067 -5.5350355432792142 6.6933611429087634 -0.20224648855171085 7.5980013584000421 8.3423349951753529 4.2183047149640247
leaf_weight=656 1374 102 2955 15327 733 427 656 5562 158 4664 4592 354 3030 283 82 4858 6176 6372 3453 7473 1312 1312 404 386 22 281 7196 2001 202 541
leaf_count=656 1374 102 2955 15327 733 427 656 5562 158 4664 4592 354 3030 283 82 4858 6176 6372 3453 7473 1312 1312 404 386 22 281 7196 2001 202 541
internal_value=-2.65052e-08 2.03313 -6.9853 1.01008 -5.40723 5.13728 -12.9043 -0.38116 1.91085 4.32009 -7.00999 0.225043 -3.73094 7.18212 -4.36611 -1.45758 4.52333 2.52187 -3.99858 2.57305 -10.6691 -15.1394 6.67274 9.05562 7.8812 5.80549 0.144645 7.13321 5.59847 5.4326
internal_weight=82944 64245 18699 48320 14763 15925 3936 18990 29330 11378 7547 538 7216 4547 184 6232 10840 14003 6483 13845 1968 1968 3575 972 586 303 12758 2607 606 968
internal_count=82944 64245 18699 48320 14763 15925 3936 18990 29330 11378 7547 538 7216 4547 184 6232 10840 14003 6483 13845 1968 1968 3575 972 586 303 12758 2607 606 968
is_linear=0
shrinkage=0.05


Tree=3
num_leaves=31
num_cat=0
split_feature=2 2 2 2 2 2 2 2 3 2 2 3 2 2 6 2 2 0 5 3 3 3 2 2 5 1 5 3 5 1
split_gain=4.25486e+08 8.00329e+07 5.57941e+07 1.90258e+07 1.62409e+07 1.00885e+07 7.09859e+06 3.31331e+06 3.18154e+06 3.03112e+06 2.74799e+06 2.21893e+06 1.95395e+06 1.91063e+06 1.48871e+06 1.1273e+06 1.10687e+06 1.07e+06 1.01641e+06 942084 927384 893784 774559 771495 734737 975874 1.10137e+06 731643 706779 689785
threshold=-0.66683788445865866 0.45061092607332737 -1.9251415016741744 1.099956027175979 -0.015860029133632016 -1.1802710459268073 -2.6310653532177404 0.73650150623240929 -1.3385762974341413 -0.30784361883960704 1.96935456431297 -0.32998929241901803 0.26682566135263169 -1.5368594922112195 1.7077461606570974 1.38302448853976 -0.97076319214733575 -0.10868995454337547 1.082299156171467 -0.83081918397809018 1.0445045951198411 -1.4917422609740691 -3.012839893730789 -2.3347961893569811 0.85925218225375766 2.0461742978437463 -1.1210959212062963 0.59595325636349494 -0.85925218225375766 1.5452491789183875
decision_type=2 2 2 2 2 2 2 2 2 2 2 2 2 2 2 2 2 2 2 2 2 2 2 2 2 2 2 2 2 2
left_child=2 4 6 7 9 13 22 19 -5 17 15 14 -6 -4 -9 -10 -7 -2 -16 -3 -13 -14 -1 -8 25 -12 -27 -21 -29 -17
right_child=1 3 5 8 12 16 23 11 10 -11 24 20 21 -15 18 29 -18 -19 -20 27 -22 -23 -24 -25 -26 26 -28 28 -30 -31
leaf_value=-15.374386794392656 -2.2717836297942768 -1.0744091021448541 -7.7510159486269998 -10.469405374855832 0.7800797199955587 -4.8864451499539028 -11.535715356977974 2.4065437848932851 5.1522318871146586 -0.32813955540271322 9.5984202597250796 3.7297879237710294 -5.0489107920199032 -6.0687566358838385 2.0964018562165174 7.0434644766083174 -3.505045216864179 -0.89801993885735443 -6.3510315531551251 2.2579579627766044 4.9638645166379156 1.7203835803730234 -13.390510426498043 -9.4356627135196831 10.296622804533015 -5.2582836855541579 6.3586930743740124 4.1189239382497744 2.6869919210341209 5.4351925267482812
leaf_weight=984 4052 179 2955 29 14356 2296 656 390 3546 8195 283 5849 49 3936 55 1897 3936 2180 101 6691 2058 10059 984 1312 386 22 281 1211 2988 1028
leaf_count=984 4052 179 2955 29 14356 2296 656 390 3546 8195 283 5849 49 3936 55 1897 3936 2180 101 6691 2058 10059 984 1312 386 22 281 1211 2988 1028
internal_value=4.1793e-09 1.82223 -7.03779 3.91394 0.370387 -5.47177 -12.2591 3.09272 6.05955 -0.960148 6.12396 3.83811 1.15503 -6.79014 0.755311 5.75161 -4.01398 -1.79123 -3.37277 2.52348 4.05099 1.68757 -14.3824 -10.1357 8.60284 7.48714 5.51522 2.58262 3.09996 6.47823
internal_weight=82944 65885 17059 26994 38891 13123 3936 19522 7472 14427 7443 8453 24464 6891 546 6471 6232 6232 156 11069 7907 10108 1968 1968 972 586 303 10890 4199 2925
internal_count=82944 65885 17059 26994 38891 13123 3936 19522 7472 14427 7443 8453 24464 6891 546 6471 6232 6232 156 11069 7907 10108 1968 1968 972 586 303 10890 4199 2925
is_linear=0
shrinkage=0.05


Tree=4
num_leaves=31
num_cat=0
split_feature=2 2 2 2 2 2 2 3 2 2 2 9 5 2 6 2 2 9 4 1 5 2 3 3 5 2 3 9 6 3
split_gain=3.84181e+08 6.57043e+07 5.83236e+07 1.67307e+07 1.16385e+07 1.08321e+07 8.73665e+06 4.01047e+06 2.87443e+06 2.74649e+06 1.95214e+06 1.83882e+06 1.77441e+06 1.6458e+06 1.55316e+06 1.43404e+06 1.06753e+06 1.06664e+06 848997 946238 841077 830681 809797 741380 781983 717065 706867 655528 611266 572752
threshold=-0.54572270131637901 0.65399177927175023 -1.8169679628284221 0.090400949230368802 -1.0895872817153565 1.3196167046558733 -2.6310653532177404 -0.44260916112300863 0.34366841508042739 -0.23883485054397782 0.89521136034129034 -0.19252438044475575 -1.2244505813478443 -1.3938692458926663 1.7077461606570974 2.1422996835152888 -2.1935802108907363 -0.28878657066713359 -1.5877515256368793 1.7813136723100536 1.082299156171467 -0.77696470224678926 1.1749738529466063 0.27149627672672333 1.1210959212062968 -3.1140459338614512 -1.4516508934006647 -1.2514084728909125 -0.066328909107543868 0.50420011625186423
decision_type=2 2 2 2 2 2 2 2 2 2 2 2 2 2 2 2 2 2 2 2 2 2 2 2 2 2 2 2 2 2
left_child=2 3 6 9 13 7 25 12 -5 17 -9 -6 28 -4 -14 18 -8 -2 -7 23 -16 -13 26 24 -20 -1 -10 -11 -3 -12
right_child=1 5 4 8 11 15 16 10 22 27 29 21 14 -15 20 -17 -18 -19 19 -21 -22 -23 -24 -25 -26 -27 -28 -29 -30 -31
leaf_value=-15.013071178808445 -0.0024269842798001554 -12.405600381666616 -6.7839112438414721 1.0817697182327393 -0.98555471432167741 8.6387430249680204 -10.558242589126273 3.2816650688038069 -3.2432082266546787 0.7818252813987655 3.7841198523040727 -4.0366163351833739 2.1905003042596021 -5.2676718439296941 2.745991235640314 8.6639645215721774 -8.4750812704497722 -1.6216095145015499 3.2209453361833882 4.4677331577040098 -6.1666414563655856 -2.8900042938917103 3.6053049008051552 6.7648291582169042 7.2802474142416678 -12.988453173201259 2.0243123746131757 -0.13522564137941454 -3.469219640851021 4.8063128369737083
leaf_weight=656 1306 31 3939 14023 794 309 984 6753 64 2490 1967 3619 523 3280 36 648 1640 4598 334 866 100 2803 834 2206 184 1312 13113 8964 50 4518
leaf_count=656 1306 31 3939 14023 794 309 984 6753 64 2490 1967 3619 523 3280 36 648 1640 4598 334 866 100 2803 834 2206 184 1312 13113 8964 50 4518
internal_value=-4.96504e-09 1.85662 -6.23689 0.832503 -4.67555 4.36601 -11.145 3.67643 1.58785 -0.387415 3.87667 -3.25551 0.0943089 -6.095 0.952691 6.48587 -9.25627 -1.26344 6.12388 5.90742 -3.80742 -3.53616 2.09436 6.36512 4.66286 -13.6633 1.99873 0.0641333 -6.88932 4.49627
internal_weight=82944 63917 19027 45392 14435 18525 4592 13978 28034 17358 13238 7216 740 7219 659 4547 2624 5904 3899 3590 136 6422 14011 2724 518 1968 13177 11454 81 6485
internal_count=82944 63917 19027 45392 14435 18525 4592 13978 28034 17358 13238 7216 740 7219 659 4547 2624 5904 3899 3590 136 6422 14011 2724 518 1968 13177 11454 81 6485
is_linear=0
shrinkage=0.05


Tree=5
num_leaves=31
num_cat=0
split_feature=2 2 2 2 2 2 2 3 2 2 9 9 5 2 0 2 2 4 2 3 1 9 2 5 3 5 8 3 2 4
split_gain=3.46723e+08 5.93018e+07 5.26371e+07 1.34946e+07 1.13175e+07 1.05038e+07 7.88482e+06 3.6536e+06 2.64282e+06 2.55537e+06 2.14857e+06 1.66865e+06 1.49363e+06 1.48534e+06 1.42643e+06 1.31889e+06 1.17327e+06 1.01634e+06 963448 871232 848297 799482 765243 746944 727842 718864 709707 676565 666422 655272
threshold=-0.54572270131637901 0.58646536609781641 -1.8169679628284221 0.036110844180951285 1.3196167046558733 -1.0895872817153565 -2.6310653532177404 -0.35732478801910672 0.28247900741226767 0.89521136034129034 -0.28878657066713359 -0.28878657066713359 -1.2244505813478443 -1.3938692458926663 -1.3608443811187854 2.373974781115797 -0.26267516651090023 -1.5877515256368793 -2.1935802108907363 -1.4516508934006647 1.9550334553775592 0.38504876088951162 -0.84978002840374967 -0.24472827403648004 0.27149627672672333 1.1210959212062968 1.0152913959672809 1.0279151537968598 1.805007244251817 -1.0825578583887812
decision_type=2 2 2 2 2 2 2 2 2 2 2 2 2 2 2 2 2 2 2 2 2 2 2 2 2 2 2 2 2 2
left_child=2 3 6 10 7 13 29 12 -5 27 -2 -7 26 -4 -14 17 -12 -6 -8 -10 24 -22 -13 -21 25 -19 -3 -9 -26 -1
right_child=1 4 5 8 15 11 18 9 19 -11 16 22 14 -15 -16 -17 -18 20 -20 23 21 -23 -24 -25 28 -27 -28 -29 -30 -31
leaf_value=-14.82127551835837 0.23373419168677967 -2.47679256860699 -6.4447153997787456 0.82079441372595907 8.5140671269647008 -0.77295172705607751 -10.030330545467333 2.7576372074344384 -3.6230089368046943 4.2915607142647954 -1.6233142095042556 -3.9752345746021902 -5.7920020205873843 -5.004288199863101 1.584784940262046 9.2358995773174151 -0.47737870993660397 3.1801043106158575 -8.0513271267321418 2.2164724069811395 4.5134716268628834 -5.1508764180270106 -2.8783302192148694 1.510055282047734 6.0707919140900835 6.9292563667616891 -11.906412533790835 3.8407778807087052 8.2460870941854889 -12.528037857707544
leaf_weight=388 5755 56 3939 13045 348 700 984 7010 74 6419 4129 2754 71 3280 851 324 4866 375 1640 6591 784 22 3762 8657 2076 194 31 1815 424 1580
leaf_count=388 5755 56 3939 13045 348 700 984 7010 74 6419 4129 2754 71 3280 851 324 4866 375 1640 6591 784 22 3762 8657 2076 194 31 1815 424 1580
internal_value=2.5276e-09 1.76379 -5.92505 0.705987 3.95653 -4.44177 -10.5878 3.33964 1.34383 3.53251 -0.520708 -3.09273 0.425789 -5.79025 1.01672 6.16158 -1.0034 5.92571 -8.79345 1.78914 5.69325 4.24968 -3.34194 1.81541 6.07238 4.45837 -5.83677 2.9804 6.43972 -12.9802
internal_weight=82944 63917 19027 43117 20800 14435 4592 16253 28367 15244 14750 7216 1009 7219 922 4547 8995 4223 2624 15322 3875 806 6516 15248 3069 569 87 8825 2500 1968
internal_count=82944 63917 19027 43117 20800 14435 4592 16253 28367 15244 14750 7216 1009 7219 922 4547 8995 4223 2624 15322 3875 806 6516 15248 3069 569 87 8825 2500 1968
is_linear=0
shrinkage=0.05


Tree=6
num_leaves=31
num_cat=0
split_feature=2 2 2 2 2 2 2 2 3 9 2 3 2 2 2 6 2 3 1 3 9 3 4 4 8 9 2 3 9 8
split_gain=3.13069e+08 5.92032e+07 4.10832e+07 1.42875e+07 1.17449e+07 8.32268e+06 4.1959e+06 2.49827e+06 2.4655e+06 2.40532e+06 2.08607e+06 1.64981e+06 1.62937e+06 1.61673e+06 1.46441e+06 1.1967e+06 953251 910991 1.03262e+06 790628 778841 766117 702319 1.06885e+06 1.12993e+06 681966 643886 637184 604710 602034
threshold=-0.66683788445865866 0.44384873329467561 -2.0092835948024899 1.099956027175979 -0.025956944597374295 -1.3495289983188357 -2.6310653532177404 0.73650150623240929 -1.3385762974341413 -0.28878657066713359 1.96935456431297 -0.32998929241901803 -0.97076319214733575 -0.3570287751769427 0.19359705988177958 1.7077461606570974 -1.6064233679019828 0.40417623591304358 1.0555776676911581 0.25739006571134432 0.2887865706671337 1.0445045951198411 -1.5396378430418223 -1.2750125887690089 -1.0174668528432229 -0.19252438044475575 -3.012839893730789 -1.5334004690613277 -0.38504876088951151 -1.0174668528432229
decision_type=2 2 2 2 2 2 2 2 2 2 2 2 2 2 2 2 2 2 2 2 2 2 2 2 2 2 2 2 2 2
left_child=2 4 6 7 9 16 26 19 -5 -2 17 15 -7 -11 -6 -9 -4 18 -10 -3 -17 -13 29 24 -24 -14 -1 -16 -12 -19
right_child=1 3 5 8 14 12 -8 11 10 13 28 21 25 -15 27 20 -18 22 -20 -21 -22 -23 23 -25 -26 -27 -28 -29 -30 -31
leaf_value=-13.235554373264314 0.097075987245157869 1.6073717535734611 -6.936277192297843 -9.3431167312737173 0.51569572360284432 -4.4383960380889027 -8.9067749072138849 2.1158115103305914 5.0055905909572909 -2.0353491969649222 5.281454224764877 3.1851949858300372 -0.78731015982106334 -0.7237886060838894 -3.9320479004547515 0.95321586710565231 -5.6269034378493066 10.392519909867616 2.3228340976833359 2.4735048687322321 -6.1713892604817042 4.3068517438741543 6.7156750475168225 5.4310519756310089 2.3994843155840795 -3.1954953024320374 -11.426748895063634 1.319514205139714 8.1498604802922774 6.128896851469178
leaf_weight=984 4558 4136 2627 29 10442 3936 1640 390 826 4186 246 5849 320 5356 58 68 2952 107 634 7259 88 2058 200 3711 627 3616 984 13965 726 366
leaf_count=984 4558 4136 2627 29 10442 3936 1640 390 826 4186 246 5849 320 5356 58 68 2952 107 634 7259 88 2058 200 3711 627 3616 984 13965 726 366
internal_value=5.44217e-10 1.56308 -6.0369 3.34384 0.301562 -4.76608 -10.7746 2.64227 5.20741 -0.847809 5.26411 3.29358 -3.71905 -1.29916 0.963983 0.635353 -6.24345 4.93969 3.84061 2.15913 -3.06579 3.47713 5.25991 5.06881 3.4433 -2.99971 -12.3312 1.29779 7.42391 7.0934
internal_weight=82944 65885 17059 27320 38565 13451 3608 19848 7472 14100 7443 8453 7872 9542 24465 546 5579 6471 1460 11395 156 7907 5011 4538 827 3936 1968 14023 972 473
internal_count=82944 65885 17059 27320 38565 13451 3608 19848 7472 14100 7443 8453 7872 9542 24465 546 5579 6471 1460 11395 156 7907 5011 4538 827 3936 1968 14023 972 473
is_linear=0
shrinkage=0.05


Tree=7
num_leaves=31
num_cat=0
split_feature=2 2 2 2 2 2 2 3 2 2 5 2 9 6 2 9 2 4 4 5 2 9 8 8 12 3 5 2 8 2
split_gain=2.82634e+08 4.84532e+07 4.29379e+07 1.23457e+07 8.54503e+06 8.0686e+06 6.39067e+06 3.01316e+06 2.15669e+06 2.03386e+06 1.43085e+06 1.41579e+06 1.37206e+06 1.22107e+06 1.19788e+06 1.14268e+06 1.15867e+06 903158 1.3914e+06 1.5701e+06 828423 783466 741190 736880 729742 686956 676431 626925 608973 591018
threshold=-0.54572270131637901 0.65399177927175023 -1.8169679628284221 0.090400949230368802 -1.0895872817153565 1.3196167046558733 -2.6310653532177404 -0.44260916112300863 0.34366841508042739 -0.23883485054397782 -1.2244505813478443 0.89521136034129034 -0.19252438044475575 1.7077461606570974 -1.3938692458926663 -0.38504876088951151 2.373974781115797 -1.4915241604467655 -1.2509557474714805 -1.0822991561714665 -2.3347961893569811 -0.19252438044475575 -1.7404918888887655 -1.0174668528432229 -0.6963106238227913 1.1951925908963179 1.082299156171467 -0.80308533467902898 1.0152913959672809 -3.1140459338614512
decision_type=2 2 2 2 2 2 2 2 2 2 2 2 2 2 2 2 2 2 2 2 2 2 2 2 2 2 2 2 2 2
left_child=2 3 6 9 14 7 29 10 -5 21 28 -9 -6 -12 -4 24 17 23 19 -19 -8 -2 -21 -17 -7 -10 -15 -14 -3 -1
right_child=1 5 4 8 12 15 20 11 25 -11 13 -13 27 26 -16 16 -18 18 -20 22 -22 -23 -24 -25 -26 -27 -28 -29 -30 -31
leaf_value=-12.939979490419715 -0.094297023648264255 -2.9863228992200814 -5.8138269520434456 0.92348789948687571 -0.83225619756529845 2.7887036364093696 -9.4841624464112808 2.8190803910156705 1.716223023453785 0.053648277224364098 1.9156327595417861 3.8534551210976482 -3.5146474419637332 2.4745232712891365 -4.520268889043435 11.072873217560526 9.280541857856722 -2.0814618110656737 5.9286159136415728 9.1403393745422363 -7.4324642954621369 -1.4223713071331774 3.2790886309396394 6.5561377728203212 5.2824994317589278 3.2534186319311207 -5.518295976638794 -2.5261512802464057 -12.029290666251349 -11.101901673652778
leaf_weight=656 1483 52 3939 14023 794 496 656 6753 13242 11454 523 6485 3309 36 3280 129 257 119 2240 72 1968 4421 215 301 718 769 100 3113 29 1312
leaf_count=656 1483 52 3939 14023 794 496 656 6753 13242 11454 523 6485 3309 36 3280 129 257 119 2240 72 1968 4421 215 301 718 769 100 3113 29 1312
internal_value=-1.28661e-09 1.59245 -5.3495 0.713 -4.00983 3.74739 -9.56076 3.15223 1.36185 -0.334927 0.0472851 3.3258 -2.79306 0.818102 -5.22609 5.57696 6.05533 5.78586 5.44048 2.74733 -7.94539 -1.08878 4.74951 7.91116 4.26362 1.80059 -3.40255 -3.03548 -6.22393 -11.7146
internal_weight=82944 63917 19027 45392 14435 18525 4592 13978 28034 17358 740 13238 7216 659 7219 4547 3333 3076 2646 406 2624 5904 287 430 1214 14011 136 6422 81 1968
internal_count=82944 63917 19027 45392 14435 18525 4592 13978 28034 17358 740 13238 7216 659 7219 4547 3333 3076 2646 406 2624 5904 287 430 1214 14011 136 6422 81 1968
is_linear=0
shrinkage=0.05


Tree=8
num_leaves=31
num_cat=0
split_feature=2 2 2 2 2 2 2 2 2 2 9 2 2 9 2 4 5 5 6 1 5 2 5 5 6 4 5 6 1 4
split_gain=2.55139e+08 5.0104e+07 3.20125e+07 1.18787e+07 1.0576e+07 7.23604e+06 2.46079e+06 2.05932e+06 1.84716e+06 1.55819e+06 1.45502e+06 1.10693e+06 1.0583e+06 969094 929102 896898 830734 818392 2.14267e+06 771608 1.68378e+06 718176 660412 658933 841816 603595 1.01004e+06 625319 566285 544389
threshold=-0.72121980177517864 0.43636326235319639 -2.1935802108907363 1.0223644467264663 -0.15046424011878376 -1.3728468779722649 1.494533552376071 0.134713705974289 -2.7893769725794724 0.73650150623240929 -0.28878657066713359 -0.97076319214733575 -1.762795021402755 -0.38504876088951151 -0.46359915522796097 -1.4674673191492369 1.2818148012906689 1.082299156171467 1.7077461606570974 1.3797034429226185 -1.157767925009574 1.2195931882721582 -1.2543280627515025 1.082299156171467 1.7077461606570974 -1.2268989061739519 -1.0822991561714665 -0.89145085320788475 1.8563576490915763 -1.0585010170912528
decision_type=2 2 2 2 2 2 2 2 2 2 2 2 2 2 2 2 2 2 2 2 2 2 2 2 2 2 2 2 2 2
left_child=2 4 8 9 10 12 19 -6 22 23 -2 -7 -4 28 -12 -15 25 -11 -19 -5 21 -21 29 -3 -25 26 -17 -28 -8 -1
right_child=1 3 5 6 7 11 13 -9 -10 17 14 -13 -14 15 -16 16 -18 18 -20 20 -22 -23 -24 24 -26 -27 27 -29 -30 -31
leaf_value=-13.359845074535123 -0.041835071240144218 2.0645526841196231 -6.8079506694077994 4.2764956198009818 0.20302328260145763 -4.0555661074678273 5.9226876155535386 1.0710994339543018 -8.9020378372631974 3.0984376609089459 -2.1088815383745705 -2.8338078934261461 -5.3880692843428184 8.5402340998662734 -1.0178680812023717 -1.1632176515567734 9.4166394299023786 2.3917050521134544 -4.7955767357706005 1.2633588248608161 3.4264896091142178 -6.9038698315620426 -5.0732938241958623 1.1769774514886922 -4.0563106597188012 6.0030046551577003 8.2364767121333706 3.3110766069378172 3.2253386059208737 -11.100426837721642
leaf_weight=338 2356 10602 1968 4306 11442 4264 315 16957 1312 6124 3245 3280 3939 363 4895 83 146 912 117 51 1436 57 40 1036 83 1229 102 175 509 1262
leaf_count=338 2356 10602 1968 4306 11442 4264 315 16957 1312 6124 3245 3280 3939 363 4895 83 146 912 117 51 1436 57 40 1036 83 1229 102 175 509 1262
internal_value=9.84036e-11 1.37684 -5.58533 3.00423 0.220113 -4.55055 4.5245 0.72135 -10.3004 2.29766 -1.13609 -3.52437 -5.86112 5.70944 -1.4528 6.28009 5.80722 2.87921 1.57449 3.93264 2.97367 -3.04712 -11.4191 1.94276 0.788807 5.47559 3.67503 5.12476 4.25649 -11.5777
internal_weight=82944 66541 16403 27646 38895 13451 8772 28399 2952 18874 10496 7544 5907 2922 8140 2098 1735 7153 1029 5850 1544 108 1640 11721 1119 1589 360 277 824 1600
internal_count=82944 66541 16403 27646 38895 13451 8772 28399 2952 18874 10496 7544 5907 2922 8140 2098 1735 7153 1029 5850 1544 108 1640 11721 1119 1589 360 277 824 1600
is_linear=0
shrinkage=0.05


Tree=9
num_leaves=31
num_cat=0
split_feature=2 2 2 2 2 2 2 3 2 2 9 9 2 7 9 2 7 2 5 3 5 6 9 3 7 5 4 11 3 2
split_gain=2.30293e+08 3.95817e+07 3.49839e+07 8.88379e+06 7.81457e+06 6.98718e+06 5.23197e+06 2.62659e+06 1.74975e+06 1.70879e+06 1.52109e+06 1.17117e+06 1.00774e+06 1.00193e+06 1.39215e+06 953962 815669 752652 740175 693123 606860 583223 551864 532204 710302 544934 527321 594502 526060 515427
threshold=-0.54572270131637901 0.5785201457108039 -1.8169679628284221 0.036110844180951285 1.3196167046558733 -1.0895872817153565 -2.6310653532177404 -0.24573209262624909 0.28247900741226767 0.8841753816478094 -0.28878657066713359 -0.28878657066713359 -1.5053097667006559 -0.74611299300944822 0.48131095111188954 1.96935456431297 -0.44226394673424807 -0.26267516651090023 1.1922423828011943 -2.3090898832489657 -0.24472827403648004 1.1133806251249947 -0.38504876088951151 0.42675000108310807 1.7010387896728181 1.1210959212062968 -1.1066146996863098 1.0801555850332116 -1.4516508934006647 -0.84978002840374967
decision_type=2 2 2 2 2 2 2 2 2 2 2 2 2 2 2 2 2 2 2 2 2 2 2 2 2 2 2 2 2 2
left_child=2 3 6 10 7 12 26 13 -5 20 -2 -7 -4 14 -3 22 -15 -12 -10 -8 -9 -21 -6 24 25 -24 27 -1 -20 -13
right_child=1 4 5 8 15 11 19 9 18 -11 17 29 -14 16 -16 -17 -18 -19 28 21 -22 -23 23 -25 -26 -27 -28 -29 -30 -31
leaf_value=-10.605234007077797 0.20467809295373202 0.76959674781019038 -5.5004489481244931 0.66223677718033114 3.6474653430298463 -0.57584715457673052 -8.614181604688131 2.7957979361591541 1.5411954113820883 3.501188808659196 -1.3327612710378933 -3.2478266458723022 -4.2725778081945549 3.4503109960667682 -5.6951420716385348 6.4335035446418054 0.43456837677349935 -0.41493795567390807 -6.0587694953469677 -7.2606795480585635 1.9484269815278896 -5.3797569485528465 3.0197562259157618 5.4386363607251837 -2.0241074846715343 6.2350140685233004 -10.188994438197474 -14.710532625834148 0.28598567712182055 -2.3475977354831024
leaf_weight=214 5755 220 2627 13045 968 700 630 4910 14128 6579 4129 2754 4592 331 134 972 695 4866 34 1412 3709 582 343 2001 49 214 1604 150 835 3762
leaf_count=214 5755 220 2627 13045 968 700 630 4910 14128 6579 4129 2754 4592 331 134 972 695 4866 34 1412 3709 582 343 2001 49 214 1604 150 835 3762
internal_value=3.34961e-09 1.43746 -4.82882 0.563226 3.20835 -3.61958 -8.63007 2.70471 1.08572 2.89435 -0.430111 -2.5193 -4.7194 0.616116 -1.67751 5.04458 1.40748 -0.836249 1.45408 -7.16846 2.43115 -6.71168 4.66695 5.04549 3.74734 4.25506 -10.5789 -12.297 0.0377444 -2.72808
internal_weight=82944 63917 19027 42792 21125 14435 4592 16578 28042 15198 14750 7216 7219 1380 354 4547 1026 8995 14997 2624 8619 1994 3575 2607 606 557 1968 364 869 6516
internal_count=82944 63917 19027 42792 21125 14435 4592 16578 28042 15198 14750 7216 7219 1380 354 4547 1026 8995 14997 2624 8619 1994 3575 2607 606 557 1968 364 869 6516
is_linear=0
shrinkage=0.05


Tree=10
num_leaves=31
num_cat=0
split_feature=2 2 2 2 2 2 3 3 2 2 2 3 9 5 2 6 2 2 2 3 1 5 1 5 0 4 4 5 6 8
split_gain=2.07972e+08 4.09415e+07 2.61809e+07 9.75558e+06 8.59831e+06 5.89889e+06 2.0109e+06 1.92806e+06 1.68608e+06 1.54058e+06 1.3215e+06 1.19387e+06 1.17131e+06 1.08291e+06 1.07083e+06 1.01535e+06 894662 859277 784087 757237 845159 632999 553599 518770 515610 515571 1.0025e+06 1.13593e+06 705345 703302
threshold=-0.72121980177517864 0.43636326235319639 -2.1935802108907363 1.1504754864502129 -0.15046424011878376 -1.3728468779722649 1.0445045951198411 -1.4105588088035141 0.19359705988177958 -2.9269291316394743 1.96935456431297 -0.66145708881861809 -0.28878657066713359 -0.85925218225375766 0.72354244119467859 0.30811198432835407 -0.97076319214733575 -1.637486115424627 -0.3570287751769427 0.44046830527198472 1.034351895504364 0.30505838731795659 0.89384407838744828 -1.2244505813478443 -1.3198341981492334 -1.5396378430418223 -1.2750125887690089 -1.0822991561714665 -0.89145085320788475 1.0000000180025095e-35
decision_type=2 2 2 2 2 2 2 2 2 2 2 2 2 2 2 2 2 2 2 2 2 2 2 2 2 2 2 2 2 2
left_child=2 4 9 6 12 17 11 -5 21 23 19 15 -2 22 -13 -3 -7 -4 -14 20 -9 -6 -8 -1 -10 -21 27 29 -29 -27
right_child=1 3 5 7 8 16 13 10 24 -11 -12 14 18 -15 -16 -17 -18 -19 -20 25 -22 -23 -24 -25 -26 26 -28 28 -30 -31
leaf_value=-10.716588364061781 -0.043599827285201398 1.0799204345676841 -5.8929500141472584 -9.7916781663894668 0.61430304784114131 -3.6579321407809751 3.4050750270643286 4.2243834711321737 -1.0336481600404555 -8.2850828425245506 6.1118283547752315 1.6805740038849473 -1.7202542485280841 2.5237710632414525 2.4971490191670349 -3.8455060537592054 -2.559546371185041 -4.686850223751855 -0.72320694258690099 6.0726716942249777 1.7649796823267374 -0.042086476510202725 5.3252310194219454 -3.1406931358834971 1.093743463475676 4.9362286413869549 4.6446456796425419 5.8347816686675031 2.2774949119326937 -3.6938393124125222
leaf_weight=1289 2356 322 2955 24 7159 4264 852 772 291 1640 972 9757 4787 2245 6822 155 3280 2952 3353 437 638 7543 671 23 13406 31 3233 213 403 99
leaf_count=1289 2356 322 2955 24 7159 4264 852 772 291 1640 972 9757 4787 2245 6822 155 3280 2952 3353 437 638 7543 671 23 13406 31 3233 213 403 99
internal_value=2.61871e-09 1.24307 -5.0427 2.71416 0.197449 -4.10691 2.17657 4.35515 0.649399 -9.30673 4.4051 1.94563 -1.02539 3.22193 2.01658 -0.520585 -3.18037 -5.29021 -1.30955 4.12035 3.11155 0.277536 4.25105 -10.5838 1.04855 4.44245 4.26341 2.61122 3.50753 -1.6359
internal_weight=82944 66541 16403 27646 38895 13451 20824 6822 28399 2952 6798 17056 10496 3768 16579 477 7544 5907 8140 5826 1410 14702 1523 1312 13697 4416 3979 746 616 130
internal_count=82944 66541 16403 27646 38895 13451 20824 6822 28399 2952 6798 17056 10496 3768 16579 477 7544 5907 8140 5826 1410 14702 1523 1312 13697 4416 3979 746 616 130
is_linear=0
shrinkage=0.05


Tree=11
num_leaves=31
num_cat=0
split_feature=3 1 1 3 5 8 5 1 1 9 3 1 5 9 6 8 6 7 1 7 8 0 4 11 4 3 8 6 5 5
split_gain=1.53485e+08 2.45973e+07 2.11104e+07 7.21248e+06 6.79762e+06 6.07319e+06 5.97416e+06 5.35884e+06 4.16048e+06 2.91045e+06 2.66802e+06 2.58957e+06 2.01695e+06 1.24973e+06 1.281e+06 1.16284e+06 1.16181e+06 1.03858e+06 941212 883995 779690 1.85584e+06 829303 752429 730023 713057 653055 624977 814731 622494
threshold=-0.70866400175486632 0.36756500733713077 -1.8061693204846379 1.1143624907159622 0.36482234569996347 0.74090168677562918 -1.2543280627515025 -0.53642220961075304 -0.53642220961075304 -0.28878657066713359 0.25051012200656531 -1.1708159891530452 -1.3816171070223857 -0.19252438044475575 -0.89145085320788475 -1.7404918888887655 1.1133806251249947 0.50473852548845832 0.59173513868183714 -0.44226394673424807 1.0792073135794762 -0.70173724245530045 -1.1306715409838382 -1.0000000180025095e-35 -1.1306715409838382 -0.42771478576148575 -1.7404918888887655 -0.89145085320788475 0.90745195762283271 1.1577679250095743
decision_type=2 2 2 2 2 2 2 2 2 2 2 2 2 2 2 2 2 2 2 2 2 2 2 2 2 2 2 2 2 2
left_child=2 4 5 10 11 15 16 19 -8 -5 27 -2 24 -10 -15 -1 -4 25 -12 -6 22 -22 -9 -20 -13 -14 -25 -3 -29 -24
right_child=1 3 6 9 7 -7 8 20 13 -11 18 12 17 14 -16 -17 -18 -19 23 -21 21 -23 29 26 -26 -27 -28 28 -30 -31
leaf_value=-12.293726993429251 -2.3177381899320717 1.7120546188215251 -5.2930795982620893 2.6984458487158913 -2.555890226594423 -9.2743893680695919 -3.3680933065778591 0.95245504316602114 1.6551201102328417 4.9743186234878545 1.6298687259730191 0.58530721168688671 -1.1291034517139786 0.53756655746401749 -2.0942019408095933 -5.0925630098577761 -3.6059847180909936 1.8137196088001808 1.8361208965827958 -1.2435226026351172 3.7605894102370385 0.15779316989833558 0.043183133455489291 4.6220569669159222 3.4265532831213967 0.78289208726714876 2.6613997866548535 1.089553340413044 -0.37155334633169157 -0.77890354676309048
leaf_weight=58 594 2669 3174 2962 2014 2241 4675 1813 406 2672 4756 283 506 643 1646 1676 1504 2535 2948 3536 473 1463 7734 458 1124 13432 5842 4626 1202 3279
leaf_count=58 594 2669 3174 2962 2014 2241 4675 1813 406 2672 4756 283 506 643 1646 1676 1504 2535 2948 3536 473 1463 7734 458 1124 13432 5842 4626 1202 3279
internal_value=2.85632e-09 1.05245 -4.39562 2.17795 0.236021 -7.55524 -3.35316 -0.395249 -2.46611 3.77781 1.77736 0.930097 1.03799 -0.901455 -1.35492 -5.33343 -4.75067 0.882794 2.20147 -1.71976 0.102721 1.03802 -0.0384567 2.49542 2.85507 0.71348 2.80394 1.0784 0.788206 -0.201584
internal_weight=82944 66921 16023 28135 38786 3975 12048 20312 7370 5634 22501 18474 17880 2695 2289 1734 4678 16473 14004 5550 14762 1936 12826 9248 1407 13938 6300 8497 5828 11013
internal_count=82944 66921 16023 28135 38786 3975 12048 20312 7370 5634 22501 18474 17880 2695 2289 1734 4678 16473 14004 5550 14762 1936 12826 9248 1407 13938 6300 8497 5828 11013
is_linear=0
shrinkage=0.05


Tree=12
num_leaves=31
num_cat=0
split_feature=2 2 2 2 2 2 2 2 2 9 9 2 6 9 1 7 5 9 4 4 5 4 8 12 9 6 1 4 8 8
split_gain=1.71675e+08 3.03164e+07 2.60817e+07 8.72236e+06 4.80264e+06 4.38729e+06 4.17603e+06 1.44738e+06 1.44714e+06 915181 853014 871504 803590 734131 2.07925e+06 1.0776e+06 825257 757415 672792 1.15266e+06 1.36146e+06 624372 618898 613216 599674 767720 581924 588384 568537 546133
threshold=-0.54572270131637901 0.73650150623240929 -1.762795021402755 0.134713705974289 -1.1184548154775074 -2.4834967106707331 1.3196167046558733 -0.23883485054397782 0.39545023396235407 -0.19252438044475575 -0.38504876088951151 2.373974781115797 1.7077461606570974 0.19252438044475581 0.98769444527794314 -0.67395931651126872 -0.85925218225375766 0.38504876088951162 -1.4915241604467655 -1.2750125887690089 -1.0822991561714665 -0.96227365190113912 -1.0174668528432229 -0.6963106238227913 0.19252438044475581 1.0000000180025095e-35 1.5031889799704625 -0.64953471503326854 1.0792073135794762 -1.7404918888887655
decision_type=2 2 2 2 2 2 2 2 2 2 2 2 2 2 2 2 2 2 2 2 2 2 2 2 2 2 2 2 2 2
left_child=2 3 5 7 -4 12 13 -2 -5 -6 23 18 -1 16 -15 17 -3 -16 22 20 -20 -10 -12 -8 -23 -26 -19 -28 -18 -22
right_child=1 6 4 8 9 -7 10 -9 21 -11 11 -13 -14 14 15 -17 28 26 19 -21 29 24 -24 -25 25 -27 27 -29 -30 -31
leaf_value=-9.1282556851998304 -0.85987382338112239 3.7588355548473675 -4.0650655937369313 0.82005243172119835 -0.62097685354407328 -5.9071941643464951 1.9254985763991794 0.079655913114259957 2.1428210589744592 -2.4056816485994812 9.3237809950067092 7.6227181867866669 -5.066173013282377 2.6616665603224345 0.19947005273508175 1.0397362146050313 2.728192277243489 -8.0377085127481607 -3.040855282935027 4.7185071485566743 7.5390241836433987 1.552896411643172 5.1843966480851975 4.2115338295158571 1.2051533056039359 -0.76551629471618676 5.1897090276082363 -5.1911700303737938 0.75339099347790472 2.329690598357137
leaf_weight=2167 5904 2069 6563 14675 804 2624 496 13410 3210 6740 129 257 129 3072 112 571 5019 82 107 2270 67 8298 301 718 1816 679 21 39 393 202
leaf_count=2167 5904 2069 6563 14675 804 2624 496 13410 3210 6740 129 257 129 3072 112 571 5019 82 107 2270 67 8298 301 718 1816 679 21 39 393 202
internal_value=5.07419e-09 1.2411 -4.16921 0.61383 -3.07596 -7.30385 3.13147 -0.207544 1.16701 -2.21548 4.41227 4.82558 -8.90003 2.61962 2.06315 -0.165496 2.90949 -2.87489 4.59188 4.29378 1.72963 1.53061 6.42621 3.27754 1.34853 0.668847 -5.29975 -1.55786 2.58479 3.62718
internal_weight=82944 63917 19027 47992 14107 4920 15925 19314 28678 7544 4547 3333 2296 11378 3897 825 7481 254 3076 2646 376 14003 430 1214 10793 2495 142 60 5412 269
internal_count=82944 63917 19027 47992 14107 4920 15925 19314 28678 7544 4547 3333 2296 11378 3897 825 7481 254 3076 2646 376 14003 430 1214 10793 2495 142 60 5412 269
is_linear=0
shrinkage=0.05


Tree=13
num_leaves=31
num_cat=0
split_feature=2 2 2 2 2 2 3 3 9 2 5 2 6 5 2 5 12 2 3 3 8 1 1 5 6 12 2 9 4 4
split_gain=1.55158e+08 3.11769e+07 1.94487e+07 7.3751e+06 6.68283e+06 4.47242e+06 1.49618e+06 1.46592e+06 1.43665e+06 1.18571e+06 1.18317e+06 1.18203e+06 1.06722e+06 1.60326e+06 911743 850399 823228 732172 656824 618492 686324 574484 571782 1.55249e+06 1.02838e+06 675417 555582 543397 522623 497133
threshold=-0.72121980177517864 0.45061092607332737 -2.1935802108907363 1.099956027175979 -0.015860029133632016 -1.3938692458926663 0.55536083121059321 -1.6685381828925241 -0.28878657066713359 -2.9269291316394743 -0.80943899875565417 1.805007244251817 1.7077461606570974 1.1577679250095743 -0.3570287751769427 0.30505838731795659 -1.0444659357341868 -0.97076319214733575 -1.1205575336597706 0.25051012200656531 0.37100531152820115 1.8563576490915763 1.2168260603691341 -1.1210959212062963 1.7077461606570974 -0.34815531191139565 -1.637486115424627 -0.28878657066713359 -1.5877515256368793 -0.9863304931986675
decision_type=2 2 2 2 2 2 2 2 2 2 2 2 2 2 2 2 2 2 2 2 2 2 2 2 2 2 2 2 2 2
left_child=2 4 9 6 8 26 12 -5 -2 -1 16 22 18 -14 -10 -6 -8 -7 -3 20 -13 -21 -9 24 25 29 -4 -25 -23 -24
right_child=1 3 5 7 15 17 10 11 14 -11 -12 19 13 -15 -16 -17 -18 -19 -20 21 -22 28 23 27 -26 -27 -28 -29 -30 -31
leaf_value=-9.1510800423418601 0.064462454901361974 -1.9381580939588621 -5.1022192645930202 -9.7989284133911134 0.94504324359330971 -3.1890364372938098 4.4718372940415696 3.890250469773703 -1.48653330018233 -7.1344391813874246 1.8915463439191951 -4.661881176630656 0.74967001209162054 -5.1459799874758891 -0.54210462347075017 0.34930007034468913 2.6442610034262528 -2.2109406800397067 1.6538239004111892 6.6184203355074818 4.7876901947933694 8.1494094205189906 -9.157528217315674 2.6000053433939478 5.8255521286617631 0.11009399026933342 -4.1025382290866865 4.0929796838588182 3.9132601421685069 -1.3210415053017002
leaf_weight=1312 4814 129 2955 20 13986 4592 799 3473 4787 1640 5646 33 633 141 5482 10478 2693 3280 9481 542 46 83 50 1330 44 99 2624 1125 593 34
leaf_count=1312 4814 129 2955 20 13986 4592 799 3473 4787 1640 5646 33 633 141 5482 10478 2693 3280 9481 542 46 83 50 1330 44 99 2624 1125 593 34
internal_value=5.37672e-10 1.0737 -4.35559 2.38368 0.179528 -3.54903 1.87237 3.71955 -0.648248 -8.03072 2.33899 3.75583 1.46175 -0.324344 -0.98236 0.689885 3.06243 -2.7815 1.60561 5.12763 0.840401 5.4057 3.46676 2.91836 -1.03775 -2.68794 -4.63203 3.28416 4.43338 -5.98562
internal_weight=82944 66541 16403 26994 39547 13451 19522 7472 15083 2952 9138 7452 10384 774 10269 24464 3492 7872 9610 1297 79 1218 6155 2682 227 183 5579 2455 676 84
internal_count=82944 66541 16403 26994 39547 13451 19522 7472 15083 2952 9138 7452 10384 774 10269 24464 3492 7872 9610 1297 79 1218 6155 2682 227 183 5579 2455 676 84
is_linear=0
shrinkage=0.05


Tree=14
num_leaves=31
num_cat=0
split_feature=2 2 2 2 2 2 2 9 3 3 2 6 5 5 2 5 11 4 3 2 2 3 4 1 8 5 4 4 11 0
split_gain=1.4003e+08 2.81402e+07 1.75525e+07 6.88512e+06 5.82923e+06 4.03705e+06 1.58486e+06 1.26701e+06 1.15213e+06 1.12653e+06 1.0701e+06 929633 1.37423e+06 859676 800991 748532 745918 758950 601396 593024 591263 531920 564235 537054 576677 717023 603316 494872 463919 458411
threshold=-0.72121980177517864 0.43636326235319639 -2.1935802108907363 1.0067054660876276 -0.025956944597374295 -1.3728468779722649 1.38302448853976 -0.28878657066713359 -1.6685381828925241 0.44685030418017962 -2.9269291316394743 1.7077461606570974 1.1577679250095743 -0.24472827403648004 -0.3570287751769427 0.30505838731795659 1.6942532296393515 -1.5877515256368793 -1.1205575336597706 -1.6064233679019828 -0.97076319214733575 0.41892636413192513 -1.2990694300665375 1.5452491789183875 -1.0174668528432229 -1.0414542967587235 -1.2750125887690089 -1.1066146996863098 -0.76213734878520889 -1.3938508581899112
decision_type=2 2 2 2 2 2 2 2 2 2 2 2 2 2 2 2 2 2 2 2 2 2 2 2 2 2 2 2 2 2
left_child=2 4 10 9 7 19 8 -2 -5 11 27 18 -13 -11 -9 -6 17 -8 -3 -4 -7 22 -19 -23 25 -25 -26 -1 -15 -17
right_child=1 3 5 6 15 20 16 14 -10 13 -12 12 -14 28 -16 29 -18 21 -20 -21 -22 23 -24 24 26 -27 -28 -29 -30 -31
leaf_value=-10.619163916164773 0.057254552254410909 -1.9615352696612796 -4.7983782187633004 -8.8927807830628893 0.87411985225255473 -2.9933201811781927 6.2699977423771323 -1.4122066370955413 2.8424199444543392 2.4178321297977501 -6.7777172679517692 0.64007621562505135 -4.8886810076152187 0.32041531508023913 -0.52215533353525856 -1.2712498888841164 7.5275799622074251 -2.5786966239704809 1.4802385187228113 -3.790118873873499 -2.10039363649086 4.7536044603148566 2.9034067804863479 -0.82953025210987441 0.1851566862888061 5.1816733352633806 3.3107628955345647 -8.2038324499677291 1.7290016820344143 0.381458854354713
leaf_weight=266 4613 129 3283 21 13731 4264 332 4787 5179 6121 1640 554 141 726 5356 438 155 51 7878 2624 3280 1402 589 55 208 506 599 1046 3000 9970
leaf_count=266 4613 129 3283 21 13731 4264 332 4787 5179 6121 1640 554 141 726 5356 438 155 51 7878 2624 3280 1402 589 55 208 506 599 1046 3000 9970
internal_value=-3.60862e-10 1.02001 -4.13781 2.23962 0.153133 -3.37158 3.36635 -0.629763 2.79503 1.68703 -7.62919 1.27253 -0.481585 2.05333 -0.942216 0.631711 4.12869 3.98791 1.42479 -4.35049 -2.60509 3.76572 2.46655 4.06589 3.36108 4.59234 2.50515 -8.69353 1.45454 0.311908
internal_weight=82944 66541 16403 27646 38895 13451 9097 14756 5200 18549 2952 8702 695 9847 10143 24139 3897 3742 8007 5907 7544 3410 640 2770 1368 561 807 1312 3726 10408
internal_count=82944 66541 16403 27646 38895 13451 9097 14756 5200 18549 2952 8702 695 9847 10143 24139 3897 3742 8007 5907 7544 3410 640 2770 1368 561 807 1312 3726 10408
is_linear=0
shrinkage=0.05


Tree=15
num_leaves=31
num_cat=0
split_feature=2 2 2 2 2 2 2 3 2 2 7 1 2 11 4 1 3 5 6 3 2 3 5 3 4 5 7 4 3 1
split_gain=1.26418e+08 2.27294e+07 1.93461e+07 6.27312e+06 4.49727e+06 3.25525e+06 2.08268e+06 1.25905e+06 1.03878e+06 994557 957083 702330 692307 666255 694061 665289 604282 564461 556924 579978 548008 541360 692370 517292 538586 497886 481628 474035 506663 513098
threshold=-0.54572270131637901 0.7129911840555746 -1.9251415016741744 0.134713705974289 -1.1477478251494748 1.3529777443290394 -2.7893769725794724 -0.35732478801910672 -0.17765259095835509 0.34366841508042739 -0.74611299300944822 0.89384407838744828 -1.5368594922112195 1.6942532296393515 -1.6118083669344079 0.48842395120789656 -0.83081918397809018 -0.24472827403648004 -0.50537016327275397 -2.0049954553100937 -0.80308533467902898 1.0279151537968598 -0.85925218225375766 0.46084731135065088 -1.2990694300665375 -1.2543280627515025 -0.44226394673424807 -0.9141599693060819 1.268182445975061 1.0816218058448215
decision_type=2 2 2 2 2 2 2 2 2 2 2 2 2 2 2 2 2 2 2 2 2 2 2 2 2 2 2 2 2 2
left_child=2 3 6 8 12 7 25 10 -2 -5 11 -3 -4 14 -7 20 26 27 -8 -20 -6 -9 -23 24 -16 -1 -11 28 -18 -30
right_child=1 5 4 9 15 13 18 21 -10 16 -12 -13 -14 -15 23 -17 17 -19 19 -21 -22 22 -24 -25 -26 -27 -28 -29 29 -31
leaf_value=-8.1981863517761226 -0.66101583924386242 2.1430179500579833 -4.2529983342098552 0.64235472476683675 -2.4014236126300732 6.0987995844334364 -6.741300202633294 2.1531083461689597 0.096972873757035241 2.1403206460751019 1.4386990403264204 -4.1791634877927875 -3.2572019619229651 7.0321801227593568 -1.9323819687872223 0.71859956664159308 2.0350962786507956 1.0108741184776151 -6.3938764127108474 -4.33528619832627 -1.550825616442048 3.6625899469730374 2.2446281046976413 3.8452286787617385 2.7954480927405152 -2.5505488118529325 -2.5556927299761512 1.4034525496174961 2.9087619981626527 8.1461238726763661
leaf_weight=1600 7216 60 2955 12067 4184 288 852 8158 12098 78 507 164 4264 159 66 229 1275 8595 557 887 3459 1599 1865 3019 690 40 182 5623 137 71
leaf_count=1600 7216 60 2955 12067 4184 288 852 8158 12098 78 507 164 4264 159 66 229 1275 8595 557 887 3459 1599 1865 3019 690 40 182 5623 137 71
internal_value=1.64119e-09 1.06502 -3.57771 0.50712 -2.76348 2.65852 -6.69957 2.24888 -0.186223 0.984901 0.23614 -2.48572 -3.66482 3.85709 3.73284 -1.9369 1.24388 1.28347 -5.72752 -5.12935 -2.01647 2.37548 2.89917 3.55234 2.3827 -8.06044 -1.14689 1.61318 2.40838 4.69652
internal_weight=82944 63917 19027 47342 15091 16575 3936 12353 19314 28028 731 224 7219 4222 4063 7872 15961 15701 2296 1444 7643 11622 3464 3775 756 1640 260 7106 1483 208
internal_count=82944 63917 19027 47342 15091 16575 3936 12353 19314 28028 731 224 7219 4222 4063 7872 15961 15701 2296 1444 7643 11622 3464 3775 756 1640 260 7106 1483 208
is_linear=0
shrinkage=0.05


Tree=16
num_leaves=31
num_cat=0
split_feature=2 2 2 2 2 2 2 3 2 2 12 1 9 9 2 4 4 5 8 4 3 8 3 1 3 5 8 6 3 2
split_gain=1.14092e+08 2.05229e+07 1.74598e+07 5.7556e+06 4.05878e+06 2.86581e+06 1.87962e+06 1.1463e+06 971807 890511 744017 805764 717727 665092 624807 619749 947782 905474 597562 590691 566014 564542 543600 744572 530386 722020 513275 502624 523430 487317
threshold=-0.54572270131637901 0.72354244119467859 -1.9251415016741744 0.13984799137539147 -1.1477478251494748 1.38302448853976 -2.7893769725794724 -0.35732478801910672 -0.23883485054397782 0.34366841508042739 -0.6963106238227913 0.89384407838744828 -0.19252438044475575 -0.38504876088951151 -1.5368594922112195 -1.4674673191492369 -1.2268989061739519 -1.0822991561714665 -1.0174668528432229 -0.9863304931986675 -0.83081918397809018 0.74090168677562918 1.2184208804324566 1.0816218058448215 1.0110571825298857 -0.85925218225375766 -1.7404918888887655 -0.50537016327275397 -2.0049954553100937 2.373974781115797
decision_type=2 2 2 2 2 2 2 2 2 2 2 2 2 2 2 2 2 2 2 2 2 2 2 2 2 2 2 2 2 2
left_child=2 3 6 8 14 7 -1 10 -2 -5 11 -3 -6 -7 -4 18 17 -17 -15 22 21 -21 -11 -24 -9 -26 -19 -8 -29 -18
right_child=1 5 4 9 12 13 27 24 -10 19 -12 -13 -14 15 -16 16 29 26 -20 20 -22 -23 23 -25 25 -27 -28 28 -30 -31
leaf_value=-7.6574172990932698 -0.7041481086810325 2.3816734459996223 -4.0403484190876915 0.61664506731217805 -0.45592984299318984 2.6591418603436918 -6.4042352268459197 2.0646426726650722 0.062908680772789008 1.5560748755183502 1.4851495036499367 -3.5955152012290754 -2.004736971917755 8.020278824930605 -3.0943418558039153 -2.3525243672302794 4.0616795179826983 5.9475070998220163 4.3141701492151823 0.41115301031289464 1.0729017360228748 -4.6175222573758559 2.2357505860438409 7.5933026806692059 3.5365680247302951 2.1288909565935716 1.6600074137734102 -6.0741826058917177 -4.1185218919929545 7.1967057911076937
leaf_weight=1640 5904 80 2955 11741 837 1059 852 7976 13736 3330 450 191 7035 184 4264 105 1823 101 266 159 12383 86 239 89 1722 1934 226 557 887 133
leaf_count=1640 5904 80 2955 11741 837 1059 852 7976 13736 3330 450 191 7035 184 4264 105 1823 101 266 159 12383 86 239 89 1722 1934 226 557 887 133
internal_value=-1.33431e-09 1.01177 -3.39883 0.488655 -2.6253 2.54626 -6.36459 2.17331 -0.167677 0.948582 0.238707 -1.83103 -1.84006 3.72845 -3.48158 4.12747 3.80672 1.68714 5.82956 1.18788 1.02582 -1.35401 1.74737 3.68948 2.29323 2.79192 2.98428 -5.44114 -4.87289 4.27485
internal_weight=82944 63917 19027 47667 15091 16250 3936 12353 19640 28027 721 271 7872 3897 7219 2838 2388 432 450 16286 12628 245 3658 328 11632 3656 327 2296 1444 1956
internal_count=82944 63917 19027 47667 15091 16250 3936 12353 19640 28027 721 271 7872 3897 7219 2838 2388 432 450 16286 12628 245 3658 328 11632 3656 327 2296 1444 1956
is_linear=0
shrinkage=0.05


Tree=17
num_leaves=31
num_cat=0
split_feature=2 2 2 2 2 2 3 9 3 2 2 5 5 2 2 6 5 3 2 4 1 9 4 8 11 9 11 1 9 4
split_gain=1.0318e+08 2.08707e+07 1.29264e+07 5.87998e+06 3.68349e+06 2.97523e+06 1.36533e+06 1.18318e+06 949942 920001 808847 782078 677920 649474 597568 524951 822302 506108 497411 465231 569497 553673 499897 850637 479435 886847 450337 449925 470138 448526
threshold=-0.72121980177517864 0.5785201457108039 -2.1935802108907363 0.017228551735769104 1.2890677334865031 -1.3938692458926663 -0.83081918397809018 -0.28878657066713359 0.51197420733928112 0.28247900741226767 -2.9269291316394743 -1.2244505813478443 -0.24472827403648004 -0.33964599426774827 2.373974781115797 1.7077461606570974 1.1577679250095743 -1.4516508934006647 -0.97076319214733575 -1.5877515256368793 1.9550334553775592 0.38504876088951162 -1.2268989061739519 -1.0174668528432229 -0.76213734878520889 0.48131095111188954 -0.76213734878520889 1.1098561576586909 1.0000000180025095e-35 -1.0825578583887812
decision_type=2 2 2 2 2 2 2 2 2 2 2 2 2 2 2 2 2 2 2 2 2 2 2 2 2 2 2 2 2 2
left_child=2 3 10 7 6 -4 11 -2 15 -5 29 -3 -10 -9 19 -8 -17 -11 -7 -6 22 -22 23 -21 25 -24 -14 -25 -29 -1
right_child=1 4 5 9 14 18 8 13 12 17 -12 -13 26 -15 -16 16 -18 -19 -20 20 21 -23 24 27 -26 -27 -28 28 -30 -31
leaf_value=-9.23225944478747 0.10561597142329585 -5.9683425623017392 -3.7776499401049488 0.4081394396469189 4.9568870855040021 -2.6042204636536184 1.5414189590190213 -1.2049453444897829 2.4880697703703767 -3.15328339171168 -5.8077800939786366 -0.068092771239035121 0.2417692100467547 -0.42809254174999234 5.4545219772207894 0.78401307811269938 -4.7975899013472194 0.99195881551504339 -1.7980395832980371 5.3207761553557305 2.1209949462223396 -5.9189765111966572 -0.030266438318150388 3.3561614697019686 4.0968698715036505 3.6443640836661424 1.8625904402437705 1.8853662832915408 -1.9596601225998045 -6.9874731425065484
leaf_weight=284 5586 74 5579 14023 360 4592 6308 5044 6432 74 1640 233 530 5766 324 356 81 14923 3280 152 803 22 224 141 1913 615 2239 159 159 1028
leaf_count=284 5586 74 5579 14023 360 4592 6308 5044 6432 74 1640 233 530 5766 324 356 81 14923 3280 152 803 22 224 141 1913 615 2239 159 159 1028
internal_value=5.31564e-09 0.875573 -3.55188 0.271641 2.17395 -2.89433 1.81247 -0.48525 1.87605 0.699276 -6.54805 -1.4903 2.20647 -0.790576 3.37986 1.42532 -0.250563 0.971505 -2.26831 3.23206 3.08379 1.9066 3.37258 2.07883 3.65982 2.66329 1.55236 1.00524 -0.0371469 -7.47339
internal_weight=82944 66541 16403 45416 21125 13451 16253 16396 15946 29020 2952 307 9201 10810 4872 6745 437 14997 7872 4548 4188 825 3363 611 2752 839 2769 459 318 1312
internal_count=82944 66541 16403 45416 21125 13451 16253 16396 15946 29020 2952 307 9201 10810 4872 6745 437 14997 7872 4548 4188 825 3363 611 2752 839 2769 459 318 1312
is_linear=0
shrinkage=0.05


Tree=18
num_leaves=31
num_cat=0
split_feature=2 2 2 2 2 2 2 3 9 3 2 6 9 4 2 3 2 1 9 7 11 7 2 9 3 1 9 4 9 6
split_gain=9.31356e+07 1.91734e+07 1.13855e+07 4.62254e+06 4.20031e+06 2.00477e+06 1.26794e+06 1.08822e+06 1.05523e+06 1.0035e+06 685374 671584 724428 816593 642167 634474 600030 477974 622961 1.0464e+06 712166 619999 451822 451331 397694 389772 662009 359642 394973 342301
threshold=-0.74963898180468103 0.49187938157531791 -2.0092835948024899 -0.015860029133632016 1.177662146332213 -1.3495289983188357 -2.7893769725794724 -1.4105588088035141 -0.19252438044475575 1.0445045951198411 1.96935456431297 1.7077461606570974 0.19252438044475581 -0.9141599693060819 0.25574292408506888 -1.4516508934006647 -0.33964599426774827 1.2168260603691341 0.2887865706671337 -0.90839521789717692 1.0000000180025095e-35 1.7010387896728181 0.78857396042935346 0.67383533155664532 -0.58074464360926992 1.9550334553775592 0.38504876088951162 -1.0585010170912528 1.1551462826685348 -0.50537016327275397
decision_type=2 2 2 2 2 2 2 2 2 2 2 2 2 2 2 2 2 2 2 2 2 2 2 2 2 2 2 2 2 2
left_child=2 3 6 8 9 -4 23 -6 24 11 17 22 -13 -14 -5 -16 -10 -9 20 -20 -19 -21 -3 -1 -2 -12 -27 28 -25 -8
right_child=1 4 5 14 7 -7 29 10 16 -11 25 12 13 -15 15 -17 -18 18 19 21 -22 -23 -24 27 -26 26 -28 -29 -30 -31
leaf_value=-1.671564736366272 1.7666528178086072 1.2146820680180985 -3.4058762832348983 0.33043433524486998 -7.6173641112943491 -2.1307329567817206 -5.8620277899698499 3.2732408323096154 -1.1953531357590736 2.2699270165977601 5.3718864531473782 0.92636107831388181 3.1356194795188261 -3.4983183243994342 -4.1420330703258514 0.84891122666631613 -0.42615893661957538 0.93907561302927833 -8.6178256217638651 2.1346310686680581 3.0926320904884634 -4.5027501862223556 1.8024018963998363 -10.529832540239607 -0.05750284650209754 3.7100157355842294 -5.5630606639385221 -6.6607338638577716 -7.0599445111823798 -4.5092612959277307
leaf_weight=40 318 8541 5579 13704 24 6888 765 2907 5192 3694 441 731 59 217 64 12652 4955 489 30 248 1786 41 5299 140 4946 511 20 1262 198 1203
leaf_count=40 318 8541 5579 13704 24 6888 765 2907 5192 3694 441 731 59 217 64 12652 4955 489 30 248 1786 41 5299 140 4946 511 20 1262 198 1203
internal_value=8.376e-10 0.821483 -3.41721 0.166458 1.91583 -2.70136 -5.89076 3.00984 -0.521738 1.53248 3.04924 1.349 0.10232 -2.08019 0.567888 0.823792 -0.819739 2.83298 2.33959 0.270348 2.62974 1.193 1.43971 -6.91753 0.052695 4.27321 3.36075 -7.04868 -8.49718 -5.03511
internal_weight=82944 66869 16075 41831 25038 12467 3608 6497 15411 18541 6473 14847 1007 276 26420 12716 10147 5501 2594 319 2275 289 13840 1640 5264 972 531 1600 338 1968
internal_count=82944 66869 16075 41831 25038 12467 3608 6497 15411 18541 6473 14847 1007 276 26420 12716 10147 5501 2594 319 2275 289 13840 1640 5264 972 531 1600 338 1968
is_linear=0
shrinkage=0.05


Tree=19
num_leaves=31
num_cat=0
split_feature=2 2 2 2 2 2 2 2 3 3 9 5 5 6 5 9 3 7 11 8 5 3 7 5 2 1 5 6 12 1
split_gain=8.40548e+07 1.73088e+07 1.03034e+07 4.16108e+06 3.80605e+06 1.6043e+06 1.36631e+06 993383 813327 784901 778036 766097 682014 624646 923935 567273 559147 622567 496879 458294 504756 432626 408295 407326 393161 377990 1.14787e+06 474732 364329 359873
threshold=-0.74963898180468103 0.45061092607332737 -1.9251415016741744 1.0067054660876276 -0.10716808886203677 -1.3171250264318737 -2.7893769725794724 1.494533552376071 -1.6685381828925241 0.24372723575798697 -0.28878657066713359 0.30505838731795659 -0.24472827403648004 1.7077461606570974 1.0414542967587244 -0.28878657066713359 0.27149627672672333 -0.081021797575299523 -0.76213734878520889 0.74090168677562918 0.65128935879477212 -0.58074464360926992 -0.90839521789717692 -1.2543280627515025 -0.46359915522796097 1.2168260603691341 -1.1210959212062963 1.7077461606570974 -0.34815531191139565 0.46564449991002566
decision_type=2 2 2 2 2 2 2 2 2 2 2 2 2 2 2 2 2 2 2 2 2 2 2 2 2 2 2 2 2 2
left_child=2 4 6 9 10 -4 23 8 -5 13 -2 21 -11 29 -15 19 17 -17 -14 -9 -21 -6 -8 -1 -12 -10 27 28 -27 -3
right_child=1 3 5 7 11 -7 22 15 25 12 24 -13 18 14 -16 16 -18 -19 -20 20 -22 -23 -24 -25 -26 26 -28 -29 -30 -31
leaf_value=-6.696248133212328 0.073122446749151387 1.4391746517434729 -3.1488392943662027 -7.5537880102793382 -1.2659135979144498 -1.9954557725327964 -6.001608617629306 3.2832511278868943 2.5938922038154395 1.8513006752463417 -1.2623458712890938 0.14529075098039487 0.066902763811407695 0.8543104764418511 -3.3502283458418689 3.0331701272871436 4.2826262177879304 -3.001301446777803 1.3340381097075271 1.9492767848323511 -2.7651172041893006 0.71051550311693834 -4.3451619481212651 -1.5879865173995495 -0.58850172714521742 -5.1766092097613878 2.1445646904526465 4.2748420528003148 -0.63840386842687924 0.59871719149016589
leaf_weight=1600 3036 2443 5579 21 282 6560 467 682 3967 7230 3548 12209 956 338 213 205 1569 54 4056 344 68 15248 1829 40 5552 82 1981 28 96 2661
leaf_count=1600 3036 2443 5579 21 282 6560 467 682 3967 7230 3548 12209 956 338 213 205 1569 54 4056 344 68 15248 1829 40 5552 82 1981 28 96 2661
internal_value=2.9708e-09 0.780408 -3.24635 1.75811 0.118536 -2.52554 -5.4694 2.62884 2.26942 1.31553 -0.619987 0.441646 1.54058 0.828337 -0.771038 3.38839 3.92734 1.77502 1.09234 2.48784 1.17117 0.674627 -4.68208 -6.57166 -0.851227 2.30294 1.77518 -1.77705 -2.72904 1.001
internal_weight=82944 66869 16075 26994 39875 12139 3936 9097 6175 17897 12136 27739 12242 5655 551 2922 1828 259 5012 1094 412 15530 2296 1640 9100 6154 2187 206 178 5104
internal_count=82944 66869 16075 26994 39875 12139 3936 9097 6175 17897 12136 27739 12242 5655 551 2922 1828 259 5012 1094 412 15530 2296 1640 9100 6154 2187 206 178 5104
is_linear=0
shrinkage=0.05


Tree=20
num_leaves=31
num_cat=0
split_feature=2 2 2 2 2 2 9 3 3 4 4 8 9 11 2 9 2 2 2 1 3 1 9 6 6 8 0 4 1 7
split_gain=7.58595e+07 1.57088e+07 9.33327e+06 4.57033e+06 2.7374e+06 2.06034e+06 1.07108e+06 891008 806022 644102 762726 905254 915028 643632 627290 613459 612930 552739 508353 498847 472773 464765 779225 514499 454342 426601 546632 400120 480732 466104
threshold=-0.74963898180468103 0.5785201457108039 -2.1935802108907363 0.036110844180951285 1.177662146332213 -1.5053097667006559 -0.19252438044475575 -1.4105588088035141 -0.24573209262624909 -1.5636946843393509 -1.2750125887690089 -1.0174668528432229 0.38504876088951162 1.0000000180025095e-35 -3.012839893730789 0.38504876088951162 0.31121748962359114 -0.30784361883960704 -1.0895872817153565 0.52151883346437733 1.0445045951198411 1.0092410105015268 0.096262190222377905 -0.89145085320788475 -0.91243033262339701 1.0000000180025095e-35 -0.33205130386250897 -0.9863304931986675 1.3466021534848702 -0.67395931651126872
decision_type=2 2 2 2 2 2 2 2 2 2 2 2 2 2 2 2 2 2 2 2 2 2 2 2 2 2 2 2 2 2
left_child=2 3 14 6 8 -4 -2 -6 19 -9 11 12 -11 15 -1 -12 -5 -8 -7 -3 -10 -13 23 -23 -21 -24 -27 28 -18 -30
right_child=1 4 5 16 7 18 17 9 20 10 13 21 -14 -15 -16 -17 27 -19 -20 24 -22 22 25 -25 -26 26 -28 -29 29 -31
leaf_value=-6.6550145440469919 0.093088595998517709 1.6324603388263761 -3.4151874367391266 0.39458625298765038 -6.8930235286553696 -2.4427841902006735 -1.0516570309029001 4.412025535630959 1.4334872323722285 4.0472558867766635 1.3372974343523829 3.0516926901681085 -3.0053615913941312 3.3861318333492956 -5.1088628314284046 3.088698767362466 1.2237849830401901 -0.34410735646375201 -1.6846225130929584 2.3411945277113255 2.1235891951929995 3.7721708395502023 2.3188632833546605 -0.14126680244846404 -0.9577654866190799 -11.993345336914063 -3.0254778714438455 0.71593350862319105 -1.1022381509051604 5.5177090386875349
leaf_weight=984 6648 440 4267 14675 24 4592 5717 540 10084 398 1006 133 52 2755 1968 994 2829 5337 4264 123 3292 114 29 319 689 20 113 10382 34 122
leaf_count=984 6648 440 4267 14675 24 4592 5717 540 10084 398 1006 133 52 2755 1968 994 2829 5337 4264 123 3292 114 29 319 689 20 113 10382 34 122
internal_value=1.40825e-09 0.741388 -3.08404 0.220601 1.8691 -2.51262 -0.408427 2.72314 1.48978 2.75879 2.60832 1.46933 3.23229 2.89049 -5.62425 2.20774 0.617686 -0.710044 -2.07774 0.276637 1.60333 0.379587 -0.217707 0.889061 -0.458046 -3.17592 -4.37403 0.862616 1.37279 4.0749
internal_weight=82944 66869 16075 45744 21125 13123 17702 6497 14628 6473 5933 1178 450 4755 2952 2000 28042 11054 8856 1252 13376 728 595 433 812 162 133 13367 2985 156
internal_count=82944 66869 16075 45744 21125 13123 17702 6497 14628 6473 5933 1178 450 4755 2952 2000 28042 11054 8856 1252 13376 728 595 433 812 162 133 13367 2985 156
is_linear=0
shrinkage=0.05


Tree=21
num_leaves=31
num_cat=0
split_feature=2 2 2 2 2 2 2 2 3 5 3 9 4 4 5 9 4 6 5 3 5 3 1 5 12 5 3 5 2 12
split_gain=6.85291e+07 1.26436e+07 1.07294e+07 3.82547e+06 1.92166e+06 1.74514e+06 1.47872e+06 713392 694090 645040 589030 528058 613838 840913 706883 476445 456578 446398 462652 440188 437206 410109 656223 409924 387153 460267 382500 392851 366089 412556
threshold=-0.54572270131637901 0.77653771321798193 -1.762795021402755 0.19359705988177958 -0.97076319214733575 -2.3347961893569811 1.38302448853976 -0.17765259095835509 -0.83081918397809018 -0.24472827403648004 -0.61982507694372868 -0.28878657066713359 -1.4434104778517083 -1.2750125887690089 -1.0822991561714665 -0.28878657066713359 -0.9141599693060819 1.7077461606570974 -1.4032428797398566 -1.5334004690613277 -1.2244505813478443 0.48229546455664535 1.0816218058448215 0.30505838731795659 -1.0444659357341868 -0.59600457818367603 1.3252395340690633 -0.90745195762283293 2.373974781115797 -0.6963106238227913
decision_type=2 2 2 2 2 2 2 2 2 2 2 2 2 2 2 2 2 2 2 2 2 2 2 2 2 2 2 2 2 2
left_child=2 3 5 7 -4 17 8 -2 20 10 -5 24 -13 14 -14 -6 26 -1 -19 -11 -3 22 -10 -9 25 -8 -12 -28 29 -15
right_child=1 6 4 9 15 -7 11 23 21 19 16 12 13 28 -16 -17 -18 18 -20 -21 -22 -23 -24 -25 -26 -27 27 -29 -30 -31
leaf_value=-5.7030237356158882 -0.488180736365178 -6.0962459805764659 -2.4280244427419344 -1.3590664913231307 0.085447861440479764 -3.6379561960022211 1.6082023586080947 0.3834795836442586 1.8107551588548672 -4.8593644013275972 1.5261979489739868 5.1412354368763165 -3.5558300155517344 4.533587236955321 1.9700474939057244 -1.3967057493088377 0.97209765235351131 -4.9542481665851694 0.37256040806251189 0.60107433046765557 -0.034750424118807716 2.0500714594990073 0.31176579867947468 -0.13357507432352689 2.7461927781252808 -2.8499650489038499 5.3987581834740883 1.5142781941640762 5.9728770695741362 2.747725174439076
leaf_weight=2443 7216 38 8203 242 604 2296 426 7370 2628 37 2148 399 77 439 233 5300 9145 119 62 14885 137 6914 1011 7988 898 67 137 124 130 1228
leaf_count=2443 7216 38 8203 242 604 2296 426 7370 2628 37 2148 399 77 439 233 5300 9145 119 62 14885 137 6914 1011 7988 898 67 137 124 130 1228
internal_value=2.26138e-09 0.784137 -2.63414 0.401086 -1.93294 -4.64465 2.07517 -0.0781193 1.77215 0.805966 1.08228 2.90935 3.34298 3.00244 0.597491 -1.24508 1.13342 -5.52551 -3.1296 0.587535 -1.35096 1.82394 1.3943 0.114549 2.12813 1.00233 1.74582 3.55326 3.41732 3.21803
internal_weight=82944 63917 19027 49292 14107 4920 14625 22574 10728 26718 11796 3897 2506 2107 310 5904 11554 2624 181 14922 175 10553 3639 15358 1391 493 2409 261 1797 1667
internal_count=82944 63917 19027 49292 14107 4920 14625 22574 10728 26718 11796 3897 2506 2107 310 5904 11554 2624 181 14922 175 10553 3639 15358 1391 493 2409 261 1797 1667
is_linear=0
shrinkage=0.05


Tree=22
num_leaves=31
num_cat=0
split_feature=2 2 2 2 2 2 2 9 3 0 0 9 3 4 4 5 5 2 6 5 1 1 3 2 3 5 1 0 6 4
split_gain=6.18677e+07 1.30777e+07 7.42696e+06 3.2552e+06 2.851e+06 1.84392e+06 924013 754231 635124 538682 532434 475620 475454 451954 473764 526963 450159 428909 402874 417543 394523 391635 395060 386928 385537 441193 384117 639780 414937 414314
threshold=-0.77696470224678926 0.43636326235319639 -2.3347961893569811 0.91025077072578442 -0.015860029133632016 -1.5368594922112195 1.494533552376071 -0.19252438044475575 -0.80687556390061677 -1.3198341981492334 -0.92027004500428267 -0.38504876088951151 0.24372723575798697 -1.4674673191492369 -1.2509557474714805 -1.157767925009574 -0.24472827403648004 -0.30784361883960704 1.7077461606570974 -1.4032428797398566 1.8563576490915763 1.3797034429226185 1.1351925283899655 -1.1184548154775074 -0.58074464360926992 0.30505838731795659 0.43772743839740397 0.11351453105590899 -0.89145085320788475 -0.96227365190113912
decision_type=2 2 2 2 2 2 2 2 2 2 2 2 2 2 2 2 2 2 2 2 2 2 2 2 2 2 2 2 2 2
left_child=2 4 18 12 7 -4 8 24 10 -6 -5 20 26 -13 15 -15 -14 -9 -1 -20 -8 22 -10 -7 -2 -26 -3 28 -28 -30
right_child=1 3 5 6 9 23 11 17 21 -11 -12 13 16 14 -16 -17 -18 -19 19 -21 -22 -23 -24 -25 25 -27 27 -29 29 -31
leaf_value=-5.4178725675791446 1.7186909654056248 1.1417064415375231 -3.1891794215883094 -6.5298424402872728 -1.0754968266940526 -2.242398988264946 3.2957982556309022 -0.96552334867922163 1.8728190336193653 0.46074499154626142 0.59539068937301642 4.9271177454079318 1.5171054312692749 -3.4872899503124004 3.3934569960608734 2.1202383750859508 0.87574039468191145 -0.31725255837859523 -4.7065357194227335 0.35393238625819645 1.0443831670363315 1.2841510811264436 2.7509903520564944 -1.5809528116133296 0.37812894365025185 -0.56561952300809559 0.9533781317626453 0.85516271927248111 1.9092167402835605 -1.6148022078528901
leaf_weight=2443 322 2409 4267 39 585 4592 315 6017 4433 23227 80 363 6329 49 1397 289 4819 4430 119 62 509 1772 1801 4264 2628 2342 299 1909 94 740
leaf_count=2443 322 2409 4267 39 585 4592 315 6017 4433 23227 80 363 6329 49 1397 289 4819 4430 119 62 509 1772 1801 4264 2628 2342 299 1909 94 740
internal_value=6.8691e-10 0.661049 -2.82089 1.49535 0.077875 -2.33533 2.16041 -0.44428 1.88618 0.423003 -1.73977 2.92294 1.05274 3.32272 2.98705 1.30731 1.23986 -0.690627 -5.24924 -2.97312 1.90506 1.94008 2.12652 -1.92392 0.0420371 -0.0665912 0.670051 0.296541 -0.644684 -1.21761
internal_weight=82944 67197 15747 27646 39551 13123 11047 15739 8125 23812 119 2922 16599 2098 1735 338 11148 10447 2624 181 824 8006 6234 8856 5292 4970 5451 3042 1133 834
internal_count=82944 67197 15747 27646 39551 13123 11047 15739 8125 23812 119 2922 16599 2098 1735 338 11148 10447 2624 181 824 8006 6234 8856 5292 4970 5451 3042 1133 834
is_linear=0
shrinkage=0.05


Tree=23
num_leaves=31
num_cat=0
split_feature=2 2 2 2 2 2 2 9 3 11 4 9 6 4 1 8 6 1 3 9 4 5 2 6 4 8 5 4 4 5
split_gain=5.58827e+07 1.03676e+07 8.78583e+06 2.93941e+06 1.56236e+06 1.43532e+06 1.37724e+06 592286 584723 480593 473225 520078 798366 708417 477272 554567 946751 471095 467232 504101 523042 448276 440711 439692 427856 395315 388550 457926 614032 450128
threshold=-0.54572270131637901 0.73650150623240929 -1.762795021402755 0.19359705988177958 -1.0895872817153565 -2.4834967106707331 1.38302448853976 -1.2514084728909125 -0.83081918397809018 1.6942532296393515 -0.96227365190113912 0.19252438044475581 1.0000000180025095e-35 1.0000000180025095e-35 1.0816218058448215 0.37100531152820115 0.30811198432835407 0.64744316098806876 0.41892636413192513 -0.28878657066713359 -1.4434104778517083 1.1577679250095743 0.030870842879338053 1.7077461606570974 -1.2750125887690089 -0.27754979391328816 -0.24472827403648004 -1.4434104778517083 -0.28868209557034147 1.1210959212062968
decision_type=2 2 2 2 2 2 2 2 2 2 2 2 2 2 2 2 2 2 2 2 2 2 2 2 2 2 2 2 2 2
left_child=2 3 5 7 -4 23 8 -2 -3 18 14 -12 -13 21 -5 -16 -17 -6 -8 -20 25 -14 -9 -1 -22 -21 -10 -28 29 -29
right_child=1 6 4 10 17 -7 9 22 26 -11 11 12 13 -15 15 16 -18 -19 19 20 24 -23 -24 -25 -26 -27 27 28 -30 -31
leaf_value=-5.2798193501969557 0.4636231254323393 -1.1667832260559767 -2.2826398033417354 0.970939215924566 -1.2932951695375592 -3.3991746250744459 1.3090042090063212 -0.36907800490636744 1.8023502807215903 5.3586829223411705 0.72774252800422046 0.52915330495746782 -0.59404229242354634 0.044758103326915606 4.0908764251487719 -0.70181895129010086 6.9299388135180751 1.3477173507052091 1.9883600734174252 6.1943908150456535 1.0798691320243357 -3.7002925710765275 0.14997175721655179 -2.275087574563285 3.2766691810526449 2.782721924908798 2.5556784763711882 0.79579603630968132 1.4964813335667293 -1.1618072233270038
leaf_weight=2167 4176 195 6891 4848 7043 2624 659 12262 7731 155 15927 2971 192 657 278 200 51 173 1225 238 271 294 6136 129 1217 132 541 871 2247 443
leaf_count=2167 4176 195 6891 4848 7043 2624 659 12262 7731 155 15927 2971 192 657 278 200 51 173 1225 238 271 294 6136 129 1217 132 541 871 2247 443
internal_value=-2.52228e-10 0.708098 -2.3787 0.341275 -1.74418 -4.19803 1.81357 -0.0739487 1.5489 2.63046 0.710039 0.59829 0.0971265 -1.02584 1.12655 2.5526 0.848857 -1.22998 2.51745 2.77576 3.29491 -2.47313 -0.195967 -5.111 2.87658 4.97725 1.59365 1.20031 0.994398 0.135813
internal_weight=82944 63917 19027 47992 14107 4920 15925 22574 12028 3897 25418 20041 4114 1143 5377 529 251 7216 3742 3083 1858 486 18398 2296 1488 370 11833 4102 3561 1314
internal_count=82944 63917 19027 47992 14107 4920 15925 22574 12028 3897 25418 20041 4114 1143 5377 529 251 7216 3742 3083 1858 486 18398 2296 1488 370 11833 4102 3561 1314
is_linear=0
shrinkage=0.05


Tree=24
num_leaves=31
num_cat=0
split_feature=2 2 2 2 2 2 2 2 5 1 9 9 4 9 6 7 9 9 4 4 5 1 7 6 0 5 1 8 6 1
split_gain=5.05061e+07 1.07572e+07 6.07175e+06 3.3216e+06 1.80992e+06 928853 876430 754203 553803 495472 698045 448909 448716 402284 644064 495540 526982 396666 365929 398989 543404 357766 371125 557183 423375 364918 357094 349835 344558 336495
threshold=-0.77696470224678926 0.34366841508042739 -1.9251415016741744 0.91025077072578442 -0.23883485054397782 -1.3938692458926663 -2.7893769725794724 1.494533552376071 0.30505838731795659 1.3797034429226185 0.38504876088951162 -0.19252438044475575 -0.9863304931986675 0.19252438044475581 1.0000000180025095e-35 -0.081021797575299523 0.48131095111188954 -0.38504876088951151 -1.4674673191492369 -1.2750125887690089 -1.1210959212062963 1.1864092639513248 0.50473852548845832 0.30811198432835407 0.039344315026045372 -0.95394520574413588 1.8563576490915763 0.74090168677562918 -0.89145085320788475 0.3134396212561098
decision_type=2 2 2 2 2 2 2 2 2 2 2 2 2 2 2 2 2 2 2 2 2 2 2 2 2 2 2 2 2 2
left_child=2 4 6 12 11 -4 -1 9 -6 -5 27 -2 21 -14 29 16 -16 26 -19 20 -20 -3 23 24 -23 -24 -9 -11 -22 -15
right_child=1 3 5 7 8 -7 -8 17 -10 10 -12 -13 13 14 15 -17 -18 18 19 -21 28 22 25 -25 -26 -27 -28 -29 -30 -31
leaf_value=-5.1323081958910635 0.053681668060052458 1.1516437760359992 -2.5376184277528222 1.9184199906144894 0.42700374975694982 -1.6281326367786702 -3.618927209196249 3.0373055501979973 -0.039472055126702731 1.8246104864375994 -1.8511035452491229 -0.79951351560985484 0.91070180247905452 1.1472550470243676 -0.64661747261285785 0.11092682355802419 -4.3427299196553077 4.452491708690963 -3.5684960326896267 3.0659916977269934 4.376238004042178 -5.2188861831541988 6.2950632365062988 4.9702622393527669 1.0072798564314323 2.3680802470161804 0.89534864614192533 0.26781904676524498 0.64567797403960003 0.11068883148124711
leaf_weight=1640 1960 4256 4595 6284 13149 7216 2296 315 12328 1113 194 7224 12305 1862 250 719 157 363 52 1417 98 31 99 83 229 147 509 534 168 1351
leaf_count=1640 1960 4256 4595 6284 13149 7216 2296 315 12328 1113 194 7224 12305 1862 250 719 157 363 52 1417 98 31 99 83 229 147 509 534 168 1351
internal_value=-6.58059e-10 0.597274 -2.54874 1.25023 -0.015649 -1.98196 -4.2495 1.95484 0.201282 1.70708 0.98571 -0.617429 0.888005 0.764733 0.350777 -0.678247 -2.07239 2.64375 3.00884 2.7068 1.10624 1.31148 2.46644 1.40354 0.264929 3.94845 1.71418 1.31986 2.02009 0.7114
internal_weight=82944 67197 15747 32536 34661 11811 3936 11047 25477 8125 1841 9184 21489 16644 4339 1126 407 2922 2098 1735 318 4845 589 343 260 246 824 1647 266 3213
internal_count=82944 67197 15747 32536 34661 11811 3936 11047 25477 8125 1841 9184 21489 16644 4339 1126 407 2922 2098 1735 318 4845 589 343 260 246 824 1647 266 3213
is_linear=0
shrinkage=0.05


Tree=25
num_leaves=31
num_cat=0
split_feature=3 1 1 5 3 8 5 0 1 9 3 3 3 9 4 8 6 12 0 8 4 8 0 11 12 5 4 4 4 4
split_gain=3.90596e+07 6.57818e+06 4.64719e+06 2.53075e+06 1.93285e+06 1.62732e+06 1.6117e+06 1.21073e+06 1.09678e+06 996610 1.16514e+06 935600 682537 508186 486774 610252 481182 467303 464344 462882 456042 519999 770097 411974 410925 477554 408308 405244 391258 863428
threshold=-0.78124939151260941 0.55600723711358047 -1.8061693204846379 0.36482234569996347 0.48229546455664535 0.74090168677562918 -1.2818148012906687 -0.35996304622424108 -0.51955583498110069 -0.28878657066713359 1.1749738529466063 -0.49086458611148398 0.65541489348501925 -0.28878657066713359 -1.2028420648764235 -1.0174668528432229 1.7077461606570974 1.392621247645583 -1.2594069101410368 -1.7404918888887655 -1.1306715409838382 1.0792073135794762 -0.65367804471115909 1.0000000180025095e-35 1.0444659357341872 0.99864169796777091 0.38490946076045557 -0.79387576281843952 -0.52925050854562683 -0.21651157167775612
decision_type=2 2 2 2 2 2 2 2 2 2 2 2 2 2 2 2 2 2 2 2 2 2 2 2 2 2 2 2 2 2
left_child=2 3 5 11 27 19 -4 17 16 -6 -11 -2 13 -13 -15 -16 -5 26 -14 -1 24 -22 -23 -9 25 -10 -8 -3 -17 -30
right_child=1 4 6 8 9 -7 7 23 20 10 -12 12 18 14 15 28 -18 -19 -20 -21 21 22 -24 -25 -26 -27 -28 -29 29 -31
leaf_value=-7.0013700616770782 -1.1171071316713255 1.290696247715468 -2.5748656398629328 -0.60872354139081619 1.2484916358885403 -4.6660769934488799 -1.2880495056803625 1.1638782142943662 -0.32835654540100645 1.5635935815951214 3.040340221728723 0.61087039209170768 2.5013474692677611 -1.4061562670511625 -1.6506523013218661 1.4230006725489888 -2.0620942373367601 0.60758387570158912 0.90744686295262111 -2.4560437275445595 -0.19602285401516725 2.2731507188521136 0.061694896317659377 -1.1111650296101967 2.0253061819861684 1.304469830345294 -2.123656279004837 0.47436348548333096 -1.6004925934477474 0.51035692122473764
leaf_weight=58 818 2013 4067 5447 6501 2241 3273 591 1086 3302 2243 11662 492 542 413 721 636 236 6412 1634 12892 546 1411 300 453 762 2642 6211 588 2751
leaf_count=58 818 2013 4067 5447 6501 2241 3273 591 1086 3302 2243 11662 492 542 413 721 636 236 6412 1634 12892 546 1411 300 453 762 2642 6211 588 2751
internal_value=1.52025e-09 0.510685 -2.30531 0.189645 1.26509 -3.78234 -1.78239 -1.32471 -0.183845 1.66851 2.16095 0.545285 0.602952 0.429873 0.00897899 0.180453 -0.760679 -1.57423 1.02103 -2.61185 0.0207545 -0.0807418 0.678688 0.39787 0.675739 0.344919 -1.66128 0.674178 0.366721 0.138635
internal_weight=82944 67902 15042 47632 20270 3933 11109 7042 23233 12046 5545 24399 23581 16677 5015 4473 6083 6151 6904 1692 17150 14849 1957 891 2301 1848 5915 8224 4060 3339
internal_count=82944 67902 15042 47632 20270 3933 11109 7042 23233 12046 5545 24399 23581 16677 5015 4473 6083 6151 6904 1692 17150 14849 1957 891 2301 1848 5915 8224 4060 3339
is_linear=0
shrinkage=0.05


Tree=26
num_leaves=31
num_cat=0
split_feature=2 2 2 2 2 2 2 3 5 9 5 9 2 5 6 5 12 6 1 3 2 3 3 7 1 5 5 5 1 3
split_gain=4.16959e+07 7.99407e+06 6.55741e+06 1.99324e+06 1.31507e+06 1.19091e+06 1.04198e+06 703723 564294 421311 403042 392859 409397 381122 368662 433124 362634 358744 352850 343272 315597 302275 300994 345214 285159 269390 256094 248647 243387 239330
threshold=-0.54572270131637901 0.65399177927175023 -1.762795021402755 0.076279609818578967 1.3196167046558733 -0.97076319214733575 -2.4834967106707331 -0.83081918397809018 -1.2244505813478443 -1.2514084728909125 -0.24472827403648004 -0.38504876088951151 2.373974781115797 -0.24472827403648004 1.7077461606570974 1.1577679250095743 -0.6963106238227913 1.7077461606570974 0.64744316098806876 0.44046830527198472 0.27215577412219116 -1.5334004690613277 0.90409664028033532 1.7010387896728181 1.0092410105015268 -0.59600457818367603 -1.2818148012906687 -1.4032428797398566 0.79863726664185231 -1.6232987202636431
decision_type=2 2 2 2 2 2 2 2 2 2 2 2 2 2 2 2 2 2 2 2 2 2 2 2 2 2 2 2 2 2
left_child=2 3 6 9 7 26 17 8 -3 -2 20 16 22 19 -15 -16 25 -1 -7 24 -5 -12 23 -13 -9 -6 -4 -19 29 -11
right_child=1 4 5 10 11 18 -8 13 -10 28 21 12 -14 14 15 -17 -18 27 -20 -21 -22 -23 -24 -25 -26 -27 -28 -29 -30 -31
leaf_value=-4.5568241992277274 0.39494081866095238 -4.9926303844194155 -2.2455862590033213 0.3287373098445957 0.86829545894192572 -1.0313701944027089 -2.9458072757585509 1.3821012378802315 0.11791604697704315 -2.1752635708382089 -3.9856515216828123 1.9863677553569141 4.423191587360221 1.0699916878775786 0.18526013211409254 -4.4683607133229577 2.1737420840712893 -3.646678990203065 1.2867089473151951 1.6936773561820595 0.9088801945741678 0.36588001773711271 2.7856242054511231 -1.4398247141868641 0.23379874009570881 -2.5847842882229735 -1.6728354752397057 0.82848702348195591 0.5962541207425347 -0.31391851977389001
leaf_weight=2167 2678 74 3200 3313 431 5735 2624 1587 200 175 40 1280 257 4689 300 60 718 77 169 6248 8017 17316 1718 78 820 65 5003 52 735 13118
leaf_count=2167 2678 74 3200 3313 431 5735 2624 1587 200 175 40 1280 257 4689 300 60 718 77 169 6248 8017 17316 1718 78 820 65 5003 52 735 13118
internal_value=7.5346e-10 0.611648 -2.05469 0.254428 1.48695 -1.50652 -3.62645 1.24667 -1.2623 -0.179741 0.507277 2.22557 2.50606 1.29684 0.951608 -0.590343 1.4555 -4.40433 -0.965016 1.49823 0.739241 0.355851 2.34589 1.78958 0.990906 0.415775 -1.89627 -1.84274 -0.28945 -0.338423
internal_weight=82944 63917 19027 45392 18525 14107 4920 13978 274 16706 28686 4547 3333 13704 5049 360 1214 2296 5904 8655 11330 17356 3076 1358 2407 496 8203 129 14028 13293
internal_count=82944 63917 19027 45392 18525 14107 4920 13978 274 16706 28686 4547 3333 13704 5049 360 1214 2296 5904 8655 11330 17356 3076 1358 2407 496 8203 129 14028 13293
is_linear=0
shrinkage=0.05


Tree=27
num_leaves=31
num_cat=0
split_feature=2 2 2 2 2 2 9 3 3 4 4 5 8 7 11 9 5 0 4 7 3 3 5 6 5 11 6 12 5 2
split_gain=3.76641e+07 8.27449e+06 4.51183e+06 2.39599e+06 1.46251e+06 1.18467e+06 608860 565864 455824 423703 723500 1.24059e+06 613246 590292 487689 483264 421861 408983 381178 548890 378672 341247 396205 339287 336052 332954 329299 320482 316719 310637
threshold=-0.77696470224678926 0.5785201457108039 -2.3347961893569811 0.036110844180951285 1.177662146332213 -1.5368594922112195 -0.28878657066713359 -1.4105588088035141 -0.24573209262624909 -1.5396378430418223 -1.2750125887690089 -1.0822991561714665 -1.0174668528432229 -0.90839521789717692 1.0000000180025095e-35 0.2887865706671337 -0.70535813777133527 -1.3198341981492334 -1.0585010170912528 -0.67395931651126872 -2.4347750607212824 -0.58074464360926992 0.30505838731795659 1.1133806251249947 -0.24472827403648004 1.0801555850332116 1.0000000180025095e-35 1.0444659357341872 0.90745195762283271 0.26682566135263169
decision_type=2 2 2 2 2 2 2 2 2 2 2 2 2 2 2 2 2 2 2 2 2 2 2 2 2 2 2 2 2 2
left_child=2 3 18 6 8 -4 21 -6 26 28 11 13 -13 -11 15 16 -12 -5 19 25 -20 -2 27 -8 -10 -1 -3 -23 -9 -19
right_child=1 4 5 17 7 -7 23 9 24 10 14 12 -14 -15 -16 -17 -18 29 20 -21 -22 22 -24 -25 -26 -27 -28 -29 -30 -31
leaf_value=-5.176127672610713 1.7487230549792987 0.98685783973924368 -2.5069327689572831 -0.80648539637867211 -5.7039107998212186 -1.4927755364339328 -0.37802332339618677 2.465227163664288 1.3402807976226119 -10.002369804382326 1.6778758138532066 3.0969960053885979 0.41765385261497329 -1.8058813036970012 2.5532208916258927 2.253527051446548 -0.45639781493928056 0.26434717301644617 -4.2034555247305887 -3.8149695728038182 -2.6961084978062178 0.70263343052762395 -0.46385309872584668 -1.0253202875035394 0.82444610580267386 -8.862615211610871 -0.63602122372742431 -0.33892796195369268 4.8894575587036657 0.60459835667800377
leaf_weight=122 296 603 4267 654 24 8856 9245 431 8268 25 503 360 525 181 2755 1068 429 11743 1513 291 575 2273 2530 2592 5108 123 649 1094 196 15645
leaf_count=122 296 603 4267 654 24 8856 9245 431 8268 25 503 360 525 181 2755 1068 429 11743 1513 291 575 2273 2530 2592 5108 123 649 1094 196 15645
internal_value=-1.56109e-09 0.515781 -2.20099 0.140077 1.33516 -1.82253 -0.3096 1.95941 1.0579 1.98782 1.85534 0.6941 1.50756 -2.8006 2.12178 1.52747 0.695469 0.429204 -4.09369 -5.28311 -3.78836 0.0920995 0.00894527 -0.519765 1.14329 -7.02689 0.145605 0.364211 3.22304 0.458711
internal_weight=82944 67197 15747 46072 21125 13123 18030 6497 14628 6473 5846 1091 885 206 4755 2000 932 28042 2624 536 2088 6193 5897 11837 13376 245 1252 3367 627 27388
internal_count=82944 67197 15747 46072 21125 13123 18030 6497 14628 6473 5846 1091 885 206 4755 2000 932 28042 2624 536 2088 6193 5897 11837 13376 245 1252 3367 627 27388
is_linear=0
shrinkage=0.05


Tree=28
num_leaves=31
num_cat=0
split_feature=2 2 2 2 2 2 2 4 3 1 3 0 5 3 7 0 9 9 4 4 4 3 5 1 9 8 4 7 3 11
split_gain=3.40493e+07 6.58206e+06 5.35988e+06 1.95503e+06 1.1536e+06 769642 754439 397474 497873 430465 396193 368157 364170 405460 420725 441114 359781 351697 346200 347536 345444 345304 428458 360714 661665 356625 344014 495373 341751 334500
threshold=-0.54572270131637901 0.77653771321798193 -1.637486115424627 0.19359705988177958 -2.3347961893569811 -0.97076319214733575 1.494533552376071 -1.2028420648764235 1.2184208804324566 0.98769444527794314 -1.4105588088035141 -1.4984123765091841 1.2818148012906689 0.44685030418017962 -0.17427846833443938 -0.041031050645656465 -1.2514084728909125 -0.28878657066713359 -1.4193536365541799 -1.2750125887690089 -1.5396378430418223 1.0110571825298857 -0.85925218225375766 1.0816218058448215 0.19252438044475581 1.0792073135794762 -1.0585010170912528 -0.67395931651126872 -2.4347750607212824 1.6942532296393515
decision_type=2 2 2 2 2 2 2 2 2 2 2 2 2 2 2 2 2 2 2 2 2 2 2 2 2 2 2 2 2 2
left_child=2 3 4 16 26 -4 10 8 -5 -10 -3 -9 13 14 -8 -16 -2 -15 -19 -20 -11 23 -23 -12 25 -25 27 -1 -28 -24
right_child=1 6 5 7 -6 -7 12 11 9 20 21 -13 -14 17 15 -17 -18 18 19 -21 -22 22 29 24 -26 -27 28 -29 -30 -31
leaf_value=-6.6755500779833117 0.35274844984807185 -3.5427238484223689 -1.640058049544125 0.83970767699354332 -2.4827481996679941 -0.87028983790036796 1.6967200006559442 -1.7655439694722492 1.452750813180151 2.1456675522363007 1.3596923470027069 0.50466235031972462 4.6368848208491116 1.6136656943877303 -4.621554653094365 1.1814415264310261 -0.16132827226010871 4.2643613421092885 0.63087096450799107 2.8790234473376994 6.9721229880689144 2.2697128529253785 1.093164954054155 1.3981016584547739 -0.7076388731352492 -0.81140041733025647 -3.9932826797850307 -3.6242211123665999 -2.5613030742717826 5.3639407766626235
leaf_weight=245 4176 42 7216 3428 3283 5904 301 180 260 67 5500 22700 146 983 65 66 18398 330 218 813 83 1814 1871 1551 671 207 1513 291 575 47
leaf_count=245 4176 42 7216 3428 3283 5904 301 180 260 67 5500 22700 146 983 65 66 18398 330 218 813 83 1814 1871 1551 671 207 1513 291 575 47
internal_value=1.03477e-09 0.552724 -1.85675 0.276347 -3.10743 -1.29366 1.48422 0.565788 1.03665 2.68332 1.30478 0.486802 2.20292 2.0749 0.667331 -1.69791 -0.0662284 2.33432 2.85482 2.40366 4.81631 1.32224 1.71883 1.13558 0.628106 1.13794 -3.889 -5.01895 -3.59894 1.19782
internal_weight=82944 63917 19027 49292 5907 13120 14625 26718 3838 410 11703 22880 2922 2776 432 131 22574 2344 1361 1031 150 11661 3732 7929 2429 1758 2624 536 2088 1918
internal_count=82944 63917 19027 49292 5907 13120 14625 26718 3838 410 11703 22880 2922 2776 432 131 22574 2344 1361 1031 150 11661 3732 7929 2429 1758 2624 536 2088 1918
is_linear=0
shrinkage=0.05


Tree=29
num_leaves=31
num_cat=0
split_feature=2 2 2 2 2 2 2 5 3 6 5 3 9 1 5 3 7 0 9 3 5 1 9 7 11 0 2 1 3 0
split_gain=3.07328e+07 6.00997e+06 4.7374e+06 1.84473e+06 863022 782242 680881 440946 504430 375324 606930 358683 340718 338168 328663 365928 379704 398105 317406 316104 386683 335215 615456 401895 301887 300193 298325 297104 280570 274752
threshold=-0.56653928851149116 0.77653771321798193 -1.762795021402755 0.076279609818578967 -1.1802710459268073 -2.9269291316394743 1.494533552376071 -0.24472827403648004 -0.64015823512834957 1.1133806251249947 -1.4100253104837919 -1.5779452327725414 -1.2514084728909125 0.48842395120789656 1.2818148012906689 0.44685030418017962 -0.17427846833443938 -0.041031050645656465 -0.28878657066713359 1.0110571825298857 -0.85925218225375766 1.0816218058448215 0.2887865706671337 -0.90839521789717692 1.6942532296393515 -0.48327859887367824 0.27215577412219116 1.645604245027523 0.31421017247621591 -0.21064511142324416
decision_type=2 2 2 2 2 2 2 2 2 2 2 2 2 2 2 2 2 2 2 2 2 2 2 2 2 2 2 2 2 2
left_child=2 3 5 12 -4 -1 11 8 25 -7 -11 -3 -2 -6 15 16 -8 -18 27 21 -21 -13 28 -24 -22 -5 -10 -17 -23 -12
right_child=1 6 4 7 13 9 14 -9 26 10 29 19 -14 -15 -16 18 17 -19 -20 20 24 22 23 -25 -26 -27 -28 -29 -30 -31
leaf_value=-4.1613333761510329 0.35084032733103948 -4.3142207093793772 -1.7652225801325163 -3.4863318960059368 -1.0186869834721268 -3.0102531956393048 1.611884018006515 0.32250374481884597 0.32411983986547327 -4.1793449993133542 -1.2940877577162271 1.2912440806069123 -0.26191482599070659 1.058879748876415 4.4050405958335697 2.8899858209428255 -4.3904769303248479 1.1223694369648443 2.712082596469334 2.1562271988479362 1.0385067130858603 0.059896946067788774 -5.3979154742282374 -0.50374327255060758 5.0957437515258794 -0.14586499526124935 0.87666799790524186 0.97616322223535357 1.3900989603361029 2.8965505236671087
leaf_weight=1312 2695 29 5907 106 7671 2797 301 19094 3236 200 569 5503 14339 201 146 286 65 66 1361 1814 1871 560 46 476 47 184 9966 697 1357 42
leaf_count=1312 2695 29 5907 106 7671 2797 301 19094 3236 200 569 5503 14339 201 146 286 65 66 1361 1814 1871 560 46 476 47 184 9966 697 1357 42
internal_value=1.88473e-09 0.51924 -1.78398 0.256694 -1.30842 -3.11583 1.41001 0.477114 0.695919 -2.73565 -1.78859 1.23954 -0.164969 -0.965639 2.09277 1.97116 0.633964 -1.61301 2.21761 1.25334 1.63289 1.07499 0.587052 -0.93503 1.13793 -1.36686 0.741231 1.53298 1.00152 -1.00602
internal_weight=82944 64245 18699 49620 13779 4920 14625 32586 13492 3608 811 11703 17034 7872 2922 2776 432 131 2344 11674 3732 7942 2439 522 1918 290 13202 983 1917 611
internal_count=82944 64245 18699 49620 13779 4920 14625 32586 13492 3608 811 11703 17034 7872 2922 2776 432 131 2344 11674 3732 7942 2439 522 1918 290 13202 983 1917 611
is_linear=0
shrinkage=0.05


Tree=30
num_leaves=31
num_cat=0
split_feature=2 2 2 2 2 2 3 9 6 4 3 3 6 9 4 3 0 4 4 8 9 11 9 1 9 6 6 0 12 6
split_gain=2.78053e+07 6.27948e+06 3.24126e+06 1.53747e+06 1.38477e+06 730379 435225 415897 397972 518609 397218 397067 408040 435368 508984 391726 358759 349477 411792 709072 630743 405345 405683 390810 626963 609944 500895 413393 298812 278334
threshold=-0.80308533467902898 0.49187938157531791 -2.1935802108907363 -0.015860029133632016 1.177662146332213 -1.5368594922112195 -1.4105588088035141 -0.19252438044475575 -0.50537016327275397 -1.1306715409838382 -1.9259411880032651 1.1143624907159622 1.7077461606570974 0.096262190222377905 -0.9141599693060819 -0.58074464360926992 -1.3198341981492334 -1.6118083669344079 -1.2750125887690089 -1.0174668528432229 0.38504876088951162 1.0000000180025095e-35 0.2887865706671337 0.89384407838744828 0.096262190222377905 1.7077461606570974 -0.89145085320788475 -0.33205130386250897 0.69631062382279152 0.30811198432835407
decision_type=2 2 2 2 2 2 2 2 2 2 2 2 2 2 2 2 2 2 2 2 2 2 2 2 2 2 2 2 2 2
left_child=2 3 8 7 11 -4 -6 15 9 -1 -10 12 -3 -14 -15 -2 -5 -8 19 20 -19 22 -20 -21 26 27 -25 -26 -17 -9
right_child=1 4 5 16 6 -7 17 29 10 -11 -12 -13 13 14 -16 28 -18 18 21 23 -22 -23 -24 24 25 -27 -28 -29 -30 -31
leaf_value=-5.598986875207598 1.7146816334599422 0.81042116722709145 -2.1261324833146045 -0.8675120889290634 -5.0270333898564186 -1.30292672465841 3.2107327693257783 -0.33773532444534138 -3.2544187273975824 -3.4437399923272545 -1.257439220778434 1.3577868076126736 0.49388404839014827 2.0452801624933881 -2.691684489504675 0.24814764496401281 0.33090048351640999 2.9635002569295468 0.54273688049803093 2.6023114383713275 -2.7101136459003796 2.2401885336146314 1.9702656016437414 2.7292529150843623 -10.829659366607666 4.7745617693120783 -0.6005383057985455 -3.1379007983034937 -0.54305384460136874 -0.90298629781201967
leaf_weight=371 329 14354 3939 640 24 8528 370 7724 1135 1127 319 3141 707 72 267 2999 25780 448 932 121 55 2755 1068 160 20 22 384 138 1982 3033
leaf_count=371 329 14354 3939 640 24 8528 370 7724 1135 1127 319 3141 707 72 267 2999 25780 448 932 121 55 2755 1068 160 20 22 384 138 1982 3033
internal_value=1.26221e-09 0.437459 -1.91578 0.0673141 1.06556 -1.56302 1.69372 -0.318381 -3.40556 -3.97752 -2.81629 0.845443 0.740944 -0.21247 -1.6856 0.0436897 0.30187 1.71864 1.62818 0.856797 2.34312 1.84685 1.30504 -0.0279641 -0.467554 -3.02546 0.378812 -4.11154 -0.066681 -0.497111
internal_weight=82944 67525 15419 42487 25038 12467 6497 16067 2952 1498 1454 18541 15400 1046 339 5310 26420 6473 6103 1348 503 4755 2000 845 724 180 544 158 4981 10757
internal_count=82944 67525 15419 42487 25038 12467 6497 16067 2952 1498 1454 18541 15400 1046 339 5310 26420 6473 6103 1348 503 4755 2000 845 724 180 544 158 4981 10757
is_linear=0
shrinkage=0.05


Tree=31
num_leaves=31
num_cat=0
split_feature=2 2 2 2 2 2 6 4 3 3 9 3 1 4 4 4 5 8 7 11 1 6 6 1 5 4 1 2 4 1
split_gain=2.50972e+07 5.44024e+06 3.22231e+06 1.57621e+06 902575 603256 533786 553657 496234 394501 381065 362366 377967 331786 328566 574748 983048 513722 470835 361420 380926 315514 279838 363401 431553 270577 311715 266463 311446 326630
threshold=-0.72121980177517864 0.61371090745568624 -1.9251415016741744 0.036110844180951285 1.177662146332213 -1.3495289983188357 -0.50537016327275397 -1.1306715409838382 -2.0049954553100937 -1.5334004690613277 -0.28878657066713359 -0.24573209262624909 0.35458729310236287 -1.1306715409838382 -1.5396378430418223 -1.2750125887690089 -1.0822991561714665 -1.7404918888887655 -0.90839521789717692 1.0000000180025095e-35 1.645604245027523 -0.91243033262339701 1.1133806251249947 0.40000884684451582 1.082299156171467 0.38490946076045557 -0.11998415462314342 0.31121748962359114 -0.9863304931986675 1.3466021534848702
decision_type=2 2 2 2 2 2 2 2 2 2 2 2 2 2 2 2 2 2 2 2 2 2 2 2 2 2 2 2 2 2
left_child=2 3 6 10 11 -4 7 -1 13 -6 -2 12 -3 -8 -11 16 18 -18 -16 20 -17 -14 25 -24 -25 -12 -27 -5 29 -29
right_child=1 4 5 27 9 -7 8 -9 -10 14 22 -13 21 -15 15 19 17 -19 -20 -21 -22 -23 23 24 -26 26 -28 28 -30 -31
leaf_value=-5.2594739766306544 0.076616430382722991 1.6067353618788804 -1.7657135951382228 0.21015974632020329 -5.4024441796541218 -1.0612921989094444 -1.2582340078107244 -3.1572085505603362 -1.5929464447498323 2.7184554158880765 -0.059859041192024454 0.96997514944008312 1.6786496999567111 -3.4596675719830232 -9.0564020690917975 1.5564939141035012 3.3122860640970941 0.51643192401264748 -1.7385428844674768 2.1226132862641243 -0.26367022314633448 -0.91788873012724415 -0.77149722460914583 -0.45567462564933869 -7.5414186466823923 -0.3040971323837901 -1.3255301364033747 0.82401270874345178 0.38870361607402504 3.0448531652518684
leaf_weight=411 6140 287 5251 14675 20 7216 203 1316 915 627 5357 12189 140 1091 25 1652 218 667 182 2758 348 712 2339 42 44 2359 1093 3070 11422 175
leaf_count=411 6140 287 5251 14675 20 7216 203 1316 915 627 5357 12189 140 1091 25 1652 218 667 182 2758 348 712 2339 42 44 2359 1093 3070 11422 175
internal_value=3.32333e-10 0.431825 -1.75176 0.137309 1.12583 -1.35799 -2.99898 -3.65752 -2.48414 1.60903 -0.240123 0.890279 0.0374076 -3.11431 1.63068 1.51409 0.479591 1.20513 -2.62234 1.75152 1.23979 -0.491227 -0.413239 -0.888863 -4.08094 -0.282306 -0.627511 0.360795 0.511512 0.943781
internal_weight=82944 66541 16403 46716 19825 12467 3936 1727 2209 6497 17374 13328 1139 1294 6477 5850 1092 885 207 4758 2000 852 11234 2425 86 8809 3452 29342 14667 3245
internal_count=82944 66541 16403 46716 19825 12467 3936 1727 2209 6497 17374 13328 1139 1294 6477 5850 1092 885 207 4758 2000 852 11234 2425 86 8809 3452 29342 14667 3245
is_linear=0
shrinkage=0.05


Tree=32
num_leaves=31
num_cat=0
split_feature=2 2 2 2 7 0 4 3 9 9 3 6 2 1 0 4 3 9 4 1 1 9 2 11 11 4 7 4 3 3
split_gain=2.271e+07 4.24911e+06 3.96719e+06 1.17057e+06 826295 674616 660823 533919 594535 443343 404091 502959 347511 346049 332437 322078 341868 337684 574086 326576 309392 414738 288512 275930 269932 370258 442929 341601 283229 269886
threshold=-0.46359915522796097 0.78857396042935346 -1.6064233679019828 0.24285750897870426 -0.90839521789717692 -0.10868995454337547 -1.1306715409838382 1.0608781666865654 -0.28878657066713359 0.86635971200140116 -1.0086573748147118 0.30811198432835407 -1.1184548154775074 2.3018234381716098 -1.3198341981492334 -0.96227365190113912 1.1951925908963179 0.19252438044475581 -0.69764839762832598 0.430156400690546 0.98769444527794314 -0.096262190222377877 -3.3487556704309971 0.46605794042707133 0.46605794042707133 -1.4434104778517083 1.7010387896728181 -1.2750125887690089 1.268182445975061 -1.4105588088035141
decision_type=2 2 2 2 2 2 2 2 2 2 2 2 2 2 2 2 2 2 2 2 2 2 2 2 2 2 2 2 2 2
left_child=2 3 4 23 6 12 14 13 -9 -6 11 -5 -4 29 -1 16 -12 -17 -19 -20 -18 -22 -11 -2 25 26 -10 28 -27 -3
right_child=1 7 5 10 9 -7 -8 8 24 22 15 -13 -14 -15 -16 17 20 18 19 -21 21 -23 -24 -25 -26 27 -28 -29 -30 -31
leaf_value=-4.1867681737531699 0.09737053733298931 -2.94119228720665 -1.4624694353152732 0.0632816970434492 -1.2424170189342227 -0.20425055319965041 -3.1097217666748129 0.99385856871317435 3.65524469312642 -4.9220689823752961 0.72971263600594616 -4.6523514951978413 -0.91170922928551856 -0.77215062361350639 -8.013659789498929 0.52847560410966199 1.2346794357566639 -1.6629760931284876 0.57560209327742096 -0.44338633942605155 0.6150456232890007 5.7723699501582555 -2.370399127357036 -0.29641745945404663 3.314361215652383 -2.1395558027007309 -1.1813319928522381 1.9020628711642589 1.0777181354891352 1.0762058265357521
leaf_weight=114 18321 42 4891 173 951 2302 1023 2051 443 114 4670 84 6911 266 113 14730 344 455 2288 1198 62 105 3920 5875 398 96 53 1700 238 9013
leaf_count=114 18321 42 4891 173 951 2302 1023 2051 443 114 4670 84 6911 266 113 14730 344 455 2288 1198 62 105 3920 5875 398 96 53 1700 238 9013
internal_value=6.54853e-10 0.47157 -1.45153 0.247447 -2.5018 -0.987234 -3.65126 1.22865 1.64667 -2.21356 0.494026 -1.47801 -1.13996 1.00536 -6.09178 0.515274 0.864065 0.418488 0.00739575 0.225416 2.0919 3.85767 -2.44251 0.00175537 2.10396 1.91355 3.13843 1.61485 0.152993 1.05757
internal_weight=82944 62605 20339 48305 6235 14104 1250 14300 4979 4985 24109 257 11802 9321 227 23852 5181 18671 3941 3486 511 167 4034 24196 2928 2530 496 2034 334 9055
internal_count=82944 62605 20339 48305 6235 14104 1250 14300 4979 4985 24109 257 11802 9321 227 23852 5181 18671 3941 3486 511 167 4034 24196 2928 2530 496 2034 334 9055
is_linear=0
shrinkage=0.05


Tree=33
num_leaves=31
num_cat=0
split_feature=2 2 2 2 2 2 2 2 5 3 1 3 12 9 3 11 5 3 11 8 9 3 1 0 6 7 1 5 5 8
split_gain=2.05183e+07 4.68214e+06 2.41953e+06 1.32376e+06 931160 425403 409550 363107 341623 325738 290866 739132 327760 294261 287562 291494 277374 275985 506297 272298 266863 319434 253619 452459 303218 327539 246940 580368 237988 233764
threshold=-0.80308533467902898 0.39545023396235407 -2.0092835948024899 0.91025077072578442 -0.23883485054397782 -1.3938692458926663 1.96935456431297 -3.012839893730789 0.30505838731795659 1.4943526861279197 1.2168260603691341 0.2299516019579077 0.69631062382279152 0.48131095111188954 0.24372723575798697 -0.76213734878520889 0.36482234569996347 -0.24573209262624909 1.0000000180025095e-35 -1.0174668528432229 -0.19252438044475575 -0.50800332003598003 0.43772743839740397 0.055388187314875471 -0.89145085320788475 -0.081021797575299523 2.1699394851085603 -1.0414542967587235 0.42390874111029014 0.37100531152820115
decision_type=2 2 2 2 2 2 2 2 2 2 2 2 2 2 2 2 2 2 2 2 2 2 2 2 2 2 2 2 2 2
left_child=2 4 7 14 20 -4 10 -1 -6 17 -5 12 13 -12 22 16 -16 18 -10 -19 21 -2 -3 24 -24 -26 -8 -28 -23 -30
right_child=1 3 5 6 8 -7 26 -9 9 -11 11 -13 -14 -15 15 -17 -18 19 -20 -21 -22 28 23 -25 25 -27 27 -29 29 -31
leaf_value=-3.5980390375180975 1.5563293510158163 0.6462629378938709 -1.6544734540478772 1.3904070829594275 0.31353752071724328 -1.0458454670941146 2.9337320796340971 -2.4717721701911994 0.76839096437805554 3.9922276897430424 -0.65742252504823673 1.1472734522903061 1.5433779844156807 -3.567619572566556 0.59866079916768022 0.84701825145431475 -0.54022367879733979 0.2902039507329342 -0.57358107159434446 -0.32801419828759248 -0.55894875695290858 0.42570565206005551 0.52204063870604078 0.43212200612839435 -2.1700867372955015 -0.15282371876175616 -5.1451238390989609 1.8698894049977264 -1.3549598000858099 0.41130872166316429
leaf_weight=984 314 3016 4923 6304 14869 6888 565 2624 2241 50 387 3146 126 112 1709 10043 778 2329 1024 7572 7534 818 315 2199 468 353 32 375 566 280
leaf_count=984 314 3016 4923 6304 14869 6888 565 2624 2241 50 387 3146 126 112 1709 10043 778 2329 1024 7572 7534 818 315 2199 468 353 32 375 566 280
internal_value=1.14236e-09 0.375789 -1.64571 0.842446 0.00432038 -1.29953 1.27718 -2.77894 0.149132 -0.0358361 1.18262 0.835267 -0.735248 -1.31061 0.588088 0.727009 0.242387 -0.0511333 0.347509 -0.182592 -0.423249 0.0936167 0.314007 0.0135328 -0.796747 -1.30274 2.25733 1.31834 -0.1824 -0.770379
internal_weight=82944 67525 15419 29928 37597 11811 11047 3608 28085 13216 10075 3771 625 499 18881 12530 2487 13166 3265 9901 9512 1978 6351 3335 1136 821 972 407 1664 846
internal_count=82944 67525 15419 29928 37597 11811 11047 3608 28085 13216 10075 3771 625 499 18881 12530 2487 13166 3265 9901 9512 1978 6351 3335 1136 821 972 407 1664 846
is_linear=0
shrinkage=0.05


Tree=34
num_leaves=31
num_cat=0
split_feature=2 2 2 2 7 9 3 9 9 3 6 2 5 1 5 1 11 8 5 5 6 7 2 2 11 12 0 1 5 0
split_gain=1.85411e+07 3.43759e+06 3.3173e+06 932173 707679 561239 457950 534590 395596 364036 377137 361366 322478 311214 297134 371325 298626 303699 337360 302856 289432 431145 246433 245032 239534 238971 335007 250211 240400 236840
threshold=-0.44480922694359198 0.78857396042935346 -1.6064233679019828 0.24876375808421933 -0.90839521789717692 -0.19252438044475575 1.0608781666865654 -0.28878657066713359 0.86635971200140116 -1.0653789684578865 0.30811198432835407 -0.97076319214733575 -0.24472827403648004 2.3018234381716098 -1.0414542967587235 1.034351895504364 0.46605794042707133 -1.0174668528432229 0.85925218225375766 1.1210959212062968 -0.89145085320788475 1.7010387896728181 1.494533552376071 -3.3487556704309971 0.46605794042707133 -1.0444659357341868 0.31437115989613246 0.30696710213971184 -0.85925218225375766 -0.23828103296901393
decision_type=2 2 2 2 2 2 2 2 2 2 2 2 2 2 2 2 2 2 2 2 2 2 2 2 2 2 2 2 2 2
left_child=2 3 4 24 -1 29 13 -8 -6 10 -5 -7 25 22 15 -9 17 19 -19 -16 -17 -22 -3 -10 -2 28 27 -27 -11 -4
right_child=1 6 5 9 8 11 7 14 23 12 -12 -13 -14 -15 16 20 -18 18 -20 -21 21 -23 -24 -25 -26 26 -28 -29 -30 -31
leaf_value=-3.3252177057123187 0.09782700654112865 0.85252635893512219 -1.5520495579558977 -0.074358368551936643 -1.0773423339017949 -1.2459003131089323 0.87918532751972855 1.7354865665833286 -4.4960635469670889 2.1359360577652953 -4.4227132734499479 -0.7188550301706963 0.29998451656788749 -0.78139515734256659 3.1046583286354377 -2.3221204463878404 3.7996369101398777 2.0377294796220209 -0.045278013231296509 -2.4036949939739247 3.7522357616057764 -3.1964552153668859 1.6256720062103405 -2.14451618490983 -0.2703411786939835 0.64771108287738111 0.80062749045861281 -0.2265924427038126 0.82116295423118335 0.31981330836699978
leaf_weight=1250 18378 7869 196 145 951 6555 2051 779 114 505 76 6455 12836 266 620 115 281 745 263 26 65 34 1186 3920 5816 1497 5803 1805 1116 1226
leaf_count=1250 18378 7869 196 145 951 6555 2051 779 114 505 76 6455 12836 266 620 115 281 745 263 26 65 34 1186 3920 5816 1497 5803 1805 1116 1226
internal_value=1.71983e-09 0.430646 -1.29769 0.227838 -2.26145 -0.881319 1.11107 1.49822 -1.99471 0.450129 -1.56972 -0.984403 0.469074 0.904273 1.93183 1.22872 2.29266 2.03663 1.49425 2.88296 -0.616019 1.36582 0.953791 -2.21097 0.00932299 0.671427 0.571847 0.169783 1.23076 0.0618069
internal_weight=82944 62277 20667 47977 6235 14432 14300 4979 4985 23783 221 13010 23562 9321 2928 993 1935 1654 1008 646 214 99 9055 4034 24194 10726 9105 3302 1621 1422
internal_count=82944 62277 20667 47977 6235 14432 14300 4979 4985 23783 221 13010 23562 9321 2928 993 1935 1654 1008 646 214 99 9055 4034 24194 10726 9105 3302 1621 1422
is_linear=0
shrinkage=0.05


Tree=35
num_leaves=31
num_cat=0
split_feature=2 2 2 2 2 0 4 4 5 7 12 2 8 5 4 4 6 2 5 8 6 5 4 1 7 5 9 11 9 5
split_gain=1.67483e+07 3.18073e+06 2.99168e+06 763691 652119 542410 436871 364329 858675 1.02677e+06 753380 482774 438528 346455 491517 416029 461619 316475 312475 315716 296961 304549 279976 338777 511622 306086 301983 279256 342434 337493
threshold=-0.39119602995996211 -1.6064233679019828 0.78857396042935346 0.28247900741226767 -2.3347961893569811 -0.10868995454337547 -1.5155810017442939 -1.2750125887690089 -1.0822991561714665 -0.90839521789717692 -0.6963106238227913 1.1504754864502129 -1.7404918888887655 1.1577679250095743 -0.21651157167775612 -1.0585010170912528 0.30811198432835407 -0.97076319214733575 0.75810821674430728 -1.0174668528432229 1.7077461606570974 1.1577679250095743 -0.96227365190113912 1.1350280108538244 -0.67395931651126872 -1.0414542967587235 1.0000000180025095e-35 1.0000000180025095e-35 0.2887865706671337 -0.70535813777133527
decision_type=2 2 2 2 2 2 2 2 2 2 2 2 2 2 2 2 2 2 2 2 2 2 2 2 2 2 2 2 2 2
left_child=1 4 3 -2 -1 17 18 8 9 -8 -11 20 -10 22 15 -15 -17 -3 -4 -20 -9 -22 23 -5 25 -25 -26 28 29 -13
right_child=2 5 6 13 -6 -7 7 11 12 10 -12 27 -14 14 -16 16 -18 -19 19 -21 21 -23 -24 24 26 -27 -28 -29 -30 -31
leaf_value=-2.7482319586523616 0.0419027479628446 -1.1980482011488733 1.3310311878323555 0.69356267169611596 -1.7124791671939523 -0.17225398878848383 -10.242626689462101 0.85728190123992798 2.6079906256433927 4.3944435046269339 -2.243922174262504 1.1692878165391256 0.38853877461698966 0.65849958398298591 0.57555171563948915 -0.90076872581145262 -4.0020042917581913 -0.69836344059689504 4.7838739249356994 2.0519511890034248 0.12643899787533083 -3.6084906819840556 0.40130231479615452 -4.0462879744443034 1.7251655487466675 1.0911983299781294 4.5585975419134783 1.7527712419801293 1.5925252342249268 -0.69267478597205556
leaf_weight=2624 25171 6331 800 4075 3611 2741 34 5960 278 52 240 530 1116 219 834 364 179 6344 157 324 236 71 15641 44 212 85 169 2926 1126 450
leaf_count=2624 25171 6331 800 4075 3611 2741 34 5960 278 52 240 530 1116 219 834 364 179 6344 157 324 236 71 15641 44 212 85 169 2926 1126 450
internal_value=4.28585e-10 -1.19544 0.422275 0.229579 -2.14838 -0.810029 1.05552 0.96883 0.290902 -2.01926 -1.06175 1.07203 0.831155 0.446058 -0.263169 -1.18114 -1.92309 -0.94795 1.93655 2.94366 0.779167 -0.73734 0.502022 0.84561 2.0605 -0.661123 2.98199 1.43677 0.997722 0.314305
internal_weight=82944 21651 61293 46993 6235 15416 14300 13019 1720 326 292 11299 1394 21822 1596 762 543 12675 1281 481 6267 307 20226 4585 510 129 381 5032 2106 980
internal_count=82944 21651 61293 46993 6235 15416 14300 13019 1720 326 292 11299 1394 21822 1596 762 543 12675 1281 481 6267 307 20226 4585 510 129 381 5032 2106 980
is_linear=0
shrinkage=0.05


Tree=36
num_leaves=31
num_cat=0
split_feature=3 1 5 5 12 3 0 9 3 6 0 3 8 9 0 6 0 4 0 6 1 8 4 7 6 5 1 4 11 12
split_gain=1.3561e+07 2.37135e+06 1.74036e+06 1.07548e+06 1.02173e+06 810561 807584 513173 605898 437174 445158 432084 376448 343007 277070 267439 349260 308117 266703 592976 262173 254184 254145 329618 306482 510501 290914 250486 233959 273874
threshold=-0.78124939151260941 0.59173513868183714 -1.2244505813478443 0.30505838731795659 -1.0444659357341868 0.40417623591304358 -0.45340044271780788 -0.28878657066713359 1.1951925908963179 1.7077461606570974 0.32520881608126934 -0.069993862750278538 1.0792073135794762 0.2887865706671337 -1.0874419610933999 -0.89145085320788475 -0.21064511142324416 -0.50519366724809844 0.12759517423663413 -0.91243033262339701 -0.94078813792438842 -1.7404918888887655 1.2509557474714812 1.7010387896728181 -0.89145085320788475 -1.0414542967587235 1.0555776676911581 1.5396378430418227 1.0000000180025095e-35 1.0444659357341872
decision_type=2 2 2 2 2 2 2 2 2 2 2 2 2 2 2 2 2 2 2 2 2 2 2 2 2 2 2 2 2 2
left_child=2 3 4 11 -1 18 -4 12 13 21 27 20 28 -9 -13 17 -17 -15 19 -3 -2 -5 23 24 25 26 -10 -11 -7 -30
right_child=1 5 6 9 -6 7 -8 8 22 10 -12 14 -14 15 -16 16 -18 -19 -20 -21 -22 -23 -24 -25 -26 -27 -28 -29 29 -31
leaf_value=-2.6217453583222032 -1.1771635571336252 1.0350468813794784 -0.96357015676645208 0.39213441322817122 -1.4522644951112322 0.2640551662947544 0.63018898594960426 1.2349504401380766 2.332493692002398 -1.6213857462290855 0.23933061119646176 1.2111779574409582 -1.0673955481289559 -2.492488423462321 0.39866890164575008 2.7780133939511851 -0.17884505941963244 0.26103478106024786 0.55900894563548442 -0.67623619409838787 0.026611796530285992 -0.12003938845847087 0.96649486982003541 0.08323354946067002 3.2335240723398528 2.4415772887702172 -2.4768491718643593 2.8020109508976794 0.79068591798171495 1.7788614035795598
leaf_weight=2721 529 757 5435 2751 5955 1571 931 2791 47 1061 566 1109 284 164 19470 165 253 267 4306 1528 3120 20283 444 151 771 614 95 33 3918 854
leaf_count=2721 529 757 5435 2751 5955 1571 931 2791 47 1061 566 1109 284 164 19470 165 253 267 4306 1528 3120 20283 444 151 771 614 95 33 3918 854
internal_value=-1.99963e-10 0.300909 -1.35835 0.116864 -1.81904 0.775294 -0.73049 1.01362 1.35873 -0.115346 -0.899014 0.353541 0.713557 0.967253 0.442455 0.0872233 0.988336 -0.78671 0.327315 -0.109303 -0.147901 -0.0588694 2.03025 2.31172 2.53209 1.81674 -0.885024 -1.48796 0.793297 0.96753
internal_weight=82944 67902 15042 48922 8676 18980 6366 12389 5762 24694 1660 24228 6627 3640 20579 849 418 431 6591 2285 3649 23034 2122 1678 1527 756 142 1094 6343 4772
internal_count=82944 67902 15042 48922 8676 18980 6366 12389 5762 24694 1660 24228 6627 3640 20579 849 418 431 6591 2285 3649 23034 2122 1678 1527 756 142 1094 6343 4772
is_linear=0
shrinkage=0.05


Tree=37
num_leaves=31
num_cat=0
split_feature=2 2 2 6 2 4 0 0 2 4 4 11 2 3 4 7 0 3 4 4 6 4 9 4 1 5 7 3 10 7
split_gain=1.38661e+07 2.62684e+06 2.53477e+06 586063 564517 487610 461268 435994 432688 313786 297913 290124 260806 251662 304380 242187 306293 237516 227396 254604 244420 227253 283925 509285 463910 365203 285873 263917 276970 250156
threshold=-0.39119602995996211 -1.6064233679019828 0.7129911840555746 -0.89145085320788475 0.19359705988177958 -1.1306715409838382 -0.72386180722228988 -0.10868995454337547 1.38302448853976 -0.21651157167775612 1.0000000180025095e-35 1.6942532296393515 -1.0895872817153565 -2.0049954553100937 -1.1306715409838382 -0.67395931651126872 -1.2594069101410368 -0.95321852624157832 1.5636946843393513 -1.6118083669344079 1.7077461606570974 -0.96227365190113912 0.19252438044475581 -0.67359155633079704 0.430156400690546 1.1210959212062968 -0.90839521789717692 -0.54436166125785357 1.0000000180025095e-35 -0.67395931651126872
decision_type=2 2 2 2 2 2 2 2 2 2 2 2 2 2 2 2 2 2 2 2 2 2 2 2 2 2 2 2 2 2
left_child=1 3 4 5 -2 15 13 12 17 -8 -11 18 -3 14 -5 16 -1 -4 19 -10 -21 -6 27 25 -25 -24 -26 -23 -29 -28
right_child=2 7 8 6 21 -7 9 -9 11 10 -12 -13 -14 -15 -16 -17 -18 -19 -20 20 -22 22 23 24 26 -27 29 28 -30 -31
leaf_value=-3.6441096919955629 -0.0094745844410625019 -1.1329726800543012 -1.2004472266265889 -0.83631569838563213 0.63922649833904777 -2.2116585979573249 -2.0795474948002659 -0.16567802643682028 2.6327269698986235 4.1402258098155498 0.10979580591348084 3.4928837514404329 -0.671899375055653 -1.4212081691845713 -2.6056518366404235 -2.9769089495011096 -7.3671903871235092 0.79449107722947165 2.5491729857325556 0.90811272090863648 2.5316930678628742 1.8358682129572594 -0.13188913512657577 0.49263593310238224 3.2739300638082485 -2.877707254948481 -3.0300099579334261 0.46138684060259599 -0.025014852229434351 -0.64099549973207359
leaf_weight=132 19950 5202 151 303 5270 1662 109 2741 272 62 176 155 7473 2202 1229 265 95 12527 325 2893 252 299 223 2365 42 265 125 11347 3944 888
leaf_count=132 19950 5202 151 303 5270 1662 109 2741 272 62 176 155 7473 2202 1229 265 95 12527 325 2893 252 299 223 2365 42 265 125 11347 3944 888
internal_value=-1.13604e-10 -1.08773 0.384227 -1.95372 0.188469 -2.62097 -1.60154 -0.737477 0.912366 0.142211 1.15974 1.37314 -0.86113 -1.76359 -2.25571 -4.00363 -5.20223 0.770731 1.28534 1.16513 1.03821 0.347908 0.269169 -0.111917 0.103694 -1.62296 -0.768199 0.364697 0.335929 -0.93579
internal_weight=82944 21651 61293 6235 44718 2154 4081 15416 16575 347 238 3897 12675 3734 1532 492 227 12678 3742 3417 3145 24768 19498 3908 3420 488 1055 15590 15291 1013
internal_count=82944 21651 61293 6235 44718 2154 4081 15416 16575 347 238 3897 12675 3734 1532 492 227 12678 3742 3417 3145 24768 19498 3908 3420 488 1055 15590 15291 1013
is_linear=0
shrinkage=0.05


Tree=38
num_leaves=31
num_cat=0
split_feature=2 2 2 2 2 5 6 4 3 9 4 5 4 11 9 8 7 8 4 3 4 4 9 5 1 9 7 6 7 4
split_gain=1.25253e+07 2.97778e+06 1.48947e+06 746288 709384 285584 282638 373564 339031 279772 324310 601944 551464 286133 303335 553312 488419 383126 280973 272504 264277 267689 368538 263913 248730 284235 243775 234875 238170 227799
threshold=-0.80308533467902898 0.48435586461235192 -2.0092835948024899 0.017228551735769104 1.177662146332213 -1.2818148012906687 -0.50537016327275397 -1.1306715409838382 -1.9259411880032651 0.19252438044475581 -0.26462525427281347 1.082299156171467 -1.0825578583887812 -0.76213734878520889 -0.28878657066713359 0.74090168677562918 1.0000000180025095e-35 1.0792073135794762 1.2750125887690096 -1.5334004690613277 0.43302314335551256 0.79387576281843975 0.96262190222377908 -1.157767925009574 0.69061970592758704 -1.3476706631132902 1.0000000180025095e-35 1.7077461606570974 1.0000000180025095e-35 -1.5396378430418223
decision_type=2 2 2 2 2 2 2 2 2 2 2 2 2 2 2 2 2 2 2 2 2 2 2 2 2 2 2 2 2 2
left_child=2 3 6 24 9 -4 7 -1 -8 13 11 -11 -13 -3 17 16 -16 -15 -17 -6 -12 22 23 26 25 -2 -22 28 -14 -21
right_child=1 4 5 -5 19 -7 8 -9 -10 10 20 12 27 14 15 18 -18 -19 -20 29 21 -23 -24 -25 -26 -27 -28 -29 -30 -31
leaf_value=-4.0291493289757776 0.38479473718191171 0.146955676394179 -1.3345549476587386 0.21224263597674195 -4.6550594982504849 -0.82550473991855644 -2.2451269810104546 -2.2438844705560945 -0.86267249116025591 0.49575285943141822 1.1903892884732332 0.87895092604060976 -0.58710513972703626 0.70873737719390273 0.045496964580735252 2.3865732822215784 1.5897058397855539 -0.79208796623466482 0.33907907930253756 2.0960320788333151 -3.4626524807337455 0.69707296438853583 1.2341425532741832 -0.22362254082002272 0.64150725331175895 -0.32370717368767138 0.29134465579328866 -3.4498722550345633 -2.6998701914410876 1.0932161228097896
leaf_weight=382 1563 2036 4378 24781 20 7433 1293 1258 675 1455 1203 264 389 7441 1204 1007 891 451 201 627 170 1233 213 284 808 15009 58 164 203 5850
leaf_count=382 1563 2036 4378 24781 20 7433 1293 1258 675 1455 1203 264 389 7441 1204 1007 891 451 201 627 170 1233 213 284 808 15009 58 164 203 5850
internal_value=7.73823e-10 0.293608 -1.28581 0.0360721 0.721693 -1.0142 -2.17494 -2.65972 -1.77096 0.566523 0.271516 -0.15712 -1.08843 0.692187 0.791346 1.19365 0.702246 0.62297 2.04589 1.1723 0.607131 0.248775 -0.513641 -1.24075 -0.215118 -0.256884 -2.50769 -1.77545 -1.31158 1.19029
internal_weight=82944 67525 15419 42161 25364 11811 3608 1640 1968 18867 5636 2475 1020 13231 11195 3303 2095 7892 1208 6497 3161 1958 725 512 17380 16572 228 756 592 6477
internal_count=82944 67525 15419 42161 25364 11811 3608 1640 1968 18867 5636 2475 1020 13231 11195 3303 2095 7892 1208 6497 3161 1958 725 512 17380 16572 228 756 592 6477
is_linear=0
shrinkage=0.05


Tree=39
num_leaves=31
num_cat=0
split_feature=3 3 5 5 6 4 0 9 0 11 3 5 4 4 4 5 7 4 6 5 8 6 4 4 4 0 4 4 8 5
split_gain=1.00994e+07 1.78744e+06 1.30838e+06 1.00641e+06 813491 803010 669246 615273 533109 504615 496824 506168 634013 1.14324e+06 731006 440446 646735 744382 403466 347920 337153 329842 327849 315053 307132 302912 299241 470969 288735 393315
threshold=-0.78124939151260941 0.48229546455664535 -1.2244505813478443 -0.70535813777133527 -0.91243033262339701 -1.1306715409838382 -0.45340044271780788 -0.19252438044475575 -1.2594069101410368 1.0000000180025095e-35 -0.60005004301355347 0.30505838731795659 0.67359155633079737 -0.28868209557034147 0.96227365190113923 0.80943899875565395 -0.67395931651126872 -1.4193536365541799 1.7077461606570974 1.1922423828011943 0.37100531152820115 1.7077461606570974 -1.5396378430418223 -1.1547283822813665 -0.21651157167775612 -0.29884430116203531 0.98633049319866772 0.72170523892585436 0.74090168677562918 -0.85925218225375766
decision_type=2 2 2 2 2 2 2 2 2 2 2 2 2 2 2 2 2 2 2 2 2 2 2 2 2 2 2 2 2 2
left_child=2 7 4 28 5 8 -4 10 -1 -5 26 -12 13 21 -14 -11 -17 -18 -9 23 -15 -13 -10 -20 -7 -21 27 -2 -3 -30
right_child=1 3 6 9 -6 24 -8 18 22 15 11 12 14 20 -16 16 17 -19 19 25 -22 -23 -24 -25 -26 -27 -28 -29 29 -31
leaf_value=-3.2604466297409753 0.92385772753920825 0.80727854703727775 -0.84002381377674384 -0.024535780693311457 -1.3624785902319436 -0.9322832120603215 0.61082269682746015 -0.076674262081259728 -3.6817654895782468 0.36435925965800042 0.41487581250553235 0.086577406836692863 2.2341224349894615 -1.6322998912256825 0.11996335642409182 -0.35769715503614763 3.0885935585558628 0.94055857221661165 1.6557745451857517 -1.7074603755310709 -0.44001867839111902 1.8952129888697105 -9.9030497656928169 -0.75379338371203575 -2.7024260286946298 -6.498870468139649 -0.84433182546574825 4.7384227279092181 1.7674985025046457 0.39511994898356184
leaf_weight=132 180 7451 5435 6114 7311 359 931 18550 30 8202 12022 3025 530 1556 1789 581 558 1455 154 394 958 275 72 1139 772 36 76 147 2004 706
leaf_count=132 180 7451 5435 6114 7311 359 931 18550 30 8202 12022 3025 530 1556 1789 581 558 1455 154 394 958 275 72 1139 772 36 76 147 2004 706
internal_value=7.35232e-10 0.259679 -1.17223 0.574735 -1.57168 -2.69217 -0.627844 0.0507973 -5.35834 0.338414 0.24354 0.208783 -0.0958585 -0.374667 0.603148 0.543961 1.11184 1.53599 -0.144655 -0.876541 -1.17796 0.237297 -8.07326 -0.466807 -2.14055 -2.1086 1.98182 2.63866 0.96802 1.40997
internal_weight=82944 67902 15042 27071 8676 1365 6366 40831 234 16910 20558 20155 8133 5814 2319 10796 2594 2013 20273 1723 2514 3300 102 1293 1131 430 403 327 10161 2710
internal_count=82944 67902 15042 27071 8676 1365 6366 40831 234 16910 20558 20155 8133 5814 2319 10796 2594 2013 20273 1723 2514 3300 102 1293 1131 430 403 327 10161 2710
is_linear=0
shrinkage=0.05


Tree=40
num_leaves=31
num_cat=0
split_feature=2 2 2 6 0 2 2 9 1 5 6 9 12 3 0 2 0 2 2 3 1 1 6 1 5 0 3 8 8 0
split_gain=1.0409e+07 1.99442e+06 1.98709e+06 436210 393945 393880 389027 359752 248323 737249 790312 270666 260461 260292 226168 224769 213557 208172 203469 193067 176757 175069 252918 398970 171939 217551 287116 214706 243559 319796
threshold=-0.39119602995996211 -1.6064233679019828 0.65399177927175023 -0.89145085320788475 -0.72386180722228988 1.177662146332213 0.056619292281151978 -0.19252438044475575 1.1350280108538244 -1.1210959212062963 1.7077461606570974 -0.48131095111188943 -0.6963106238227913 0.48229546455664535 -1.4984123765091841 -0.97076319214733575 -0.288191369366886 -2.9269291316394743 1.96935456431297 -2.4347750607212824 -1.6930656424506583 -0.91287002672552509 1.1133806251249947 0.24035742694286258 -0.24472827403648004 0.18115001513489212 0.64602551738666747 -1.7404918888887655 1.0000000180025095e-35 0.095730065255966126
decision_type=2 2 2 2 2 2 2 2 2 2 2 2 2 2 2 2 2 2 2 2 2 2 2 2 2 2 2 2 2 2
left_child=1 3 6 17 19 -4 20 -3 18 10 16 12 -11 -13 -8 -9 -10 -1 -7 -5 -2 -17 -23 -24 25 26 -16 -26 29 -29
right_child=2 7 5 4 -6 8 14 15 9 11 -12 13 -14 -15 24 21 -18 -19 -20 -21 -22 22 23 -25 27 -27 -28 28 -30 -31
leaf_value=-2.9649108821897667 -4.4607316726089818 0.058776383472783023 0.59602247886246651 -2.1329766707680937 0.21831054532234839 1.3050444874921621 -1.1224403597613841 -0.93291633922301243 -5.2097433149719095 -0.72968884649786736 3.1704522055158249 -0.0033025017828183685 1.0212057543336415 1.480453869237123 -0.24456886352990415 -0.20737453139700823 -1.9322764372521075 -1.9236404225867352 2.8873642978749494 -1.3238579967149362 -0.073654542368276593 -0.51536426976446459 -1.1823437639910033 -5.718784420046152 0.64687949707130055 0.56100122253162032 0.6592800905650994 -1.0538089747995796 0.23150201017228553 -0.0029413277831414836
leaf_weight=722 23 1657 12028 1011 347 2655 299 6555 78 381 65 343 480 2138 2326 2673 137 1432 220 2723 13081 3504 976 51 2028 7777 1412 884 10939 3999
leaf_count=722 23 1657 12028 1011 347 2655 299 6555 78 381 65 343 480 2138 2326 2673 137 1432 220 2723 13081 3504 976 51 2028 7777 1412 884 10939 3999
internal_value=7.635e-10 -0.942428 0.332901 -1.69701 -1.39318 0.765469 0.145534 -0.637237 1.07917 0.803767 -1.66072 1.01025 0.24642 1.27532 0.245762 -0.721058 -3.12131 -2.27266 1.42613 -1.54293 -0.0813547 -0.528286 -0.717604 -1.40762 0.259693 0.410329 0.0968529 0.162518 0.100434 -0.193186
internal_weight=82944 21651 61293 6235 4081 18525 42768 15416 6497 3622 280 3342 861 2481 29664 13759 215 2154 2875 3734 13104 7204 4531 1027 29365 11515 3738 17850 15822 4883
internal_count=82944 21651 61293 6235 4081 18525 42768 15416 6497 3622 280 3342 861 2481 29664 13759 215 2154 2875 3734 13104 7204 4531 1027 29365 11515 3738 17850 15822 4883
is_linear=0
shrinkage=0.05


Tree=41
num_leaves=31
num_cat=0
split_feature=2 2 2 2 6 4 0 0 4 4 5 7 12 8 5 4 4 1 7 5 1 4 4 5 5 4 4 5 4 4
split_gain=9.39412e+06 1.80676e+06 1.79997e+06 514691 393680 377048 355535 312884 292865 425092 777459 803573 534523 415168 348301 518191 289761 309252 312342 313700 285150 280283 531783 358641 289771 277624 269265 260822 255870 238715
threshold=-0.39119602995996211 0.83734599369112039 -1.6064233679019828 0.31121748962359114 -0.89145085320788475 -1.1306715409838382 -0.72386180722228988 -0.10868995454337547 -1.5155810017442939 -1.2750125887690089 -1.0822991561714665 -0.90839521789717692 -0.6963106238227913 -1.7404918888887655 -0.80943899875565417 1.5636946843393513 -0.96227365190113912 1.1864092639513248 -0.67395931651126872 -1.0414542967587235 1.0555776676911581 0.62547787373574038 -0.31273893686786985 1.1210959212062968 0.65128935879477212 -0.21651157167775612 1.0000000180025095e-35 -1.0822991561714665 -1.2268989061739519 -1.0585010170912528
decision_type=2 2 2 2 2 2 2 2 2 2 2 2 2 2 2 2 2 2 2 2 2 2 2 2 2 2 2 2 2 2
left_child=2 3 4 -2 5 -1 -6 -4 -3 10 11 -10 -13 -12 -11 20 17 -5 27 28 21 22 23 -16 -23 -8 -27 -19 -20 -22
right_child=1 8 7 16 6 -7 25 -9 9 14 13 12 -14 -15 15 -17 -18 18 19 -21 29 24 -24 -25 -26 26 -28 -29 -30 -31
leaf_value=-3.3748770667588328 0.029238430456315297 1.5846907989780981 -0.71012595351545071 0.5599408723276702 -1.465784546326752 -1.7991054720703119 -1.882426207492111 -0.12098480850521515 -9.4806355812970331 1.1825523619618263 2.3021841582911673 3.6518956957923039 -2.2943647459843906 0.088712276929978406 0.94892601882717875 2.0728128595671085 0.25826292879196339 -3.8014669727634742 5.9621070776944585 1.623256513273174 1.759443755242639 0.75264573340153629 2.1217663736495074 -1.4552322266425957 -0.82476339460886039 3.9980534766950919 0.16631372094958685 1.1469524340253128 0.34464132969196026 -0.2206448026875889
leaf_weight=492 26801 1197 12675 4360 3734 1662 109 2741 34 4966 268 45 236 1011 544 535 16618 37 92 264 167 835 779 217 447 62 176 95 26 1719
leaf_count=492 26801 1197 12675 4360 3734 1662 109 2741 34 4966 268 45 236 1011 544 535 16618 37 92 264 167 835 779 217 447 62 176 95 26 1719
internal_value=1.0502e-10 0.316256 -0.895307 0.17541 -1.61216 -2.15903 -1.32352 -0.605375 0.839477 0.763901 0.00451511 -2.22056 -1.34212 0.55252 0.882469 0.59824 0.35769 0.696689 1.85665 2.58119 0.430674 0.748787 1.20343 0.263378 0.202644 0.207395 1.1645 -0.240105 4.72436 -0.0453135
internal_weight=82944 61293 21651 48293 6235 2154 4081 15416 13000 11803 1594 315 281 1279 10209 5243 21492 4874 514 382 4708 2822 1540 761 1282 347 238 132 118 1886
internal_count=82944 61293 21651 48293 6235 2154 4081 15416 13000 11803 1594 315 281 1279 10209 5243 21492 4874 514 382 4708 2822 1540 761 1282 347 238 132 118 1886
is_linear=0
shrinkage=0.05


Tree=42
num_leaves=31
num_cat=0
split_feature=2 2 2 2 2 5 8 0 4 0 1 4 11 8 4 9 8 5 4 5 1 2 4 9 1 7 5 1 5 4
split_gain=8.52506e+06 2.15709e+06 953439 615604 439946 236443 301236 543733 241724 234788 226142 223373 215735 210475 294980 207570 204631 674909 265846 203741 198939 190861 186654 177400 214098 244369 389377 315112 201347 193093
threshold=-0.84978002840374967 0.39545023396235407 -2.0092835948024899 1.177662146332213 -0.10716808886203677 -0.24472827403648004 1.0000000180025095e-35 0.013969548566415036 -1.4193536365541799 -1.4515944824796765 0.69061970592758704 -0.81793260411596802 1.6942532296393515 -1.0174668528432229 1.4434104778517087 0.096262190222377905 1.0152913959672809 -1.157767925009574 0.60142103243821199 -1.0822991561714665 -0.031881102473667482 -2.9269291316394743 0.69764839762832587 -1.3476706631132902 -0.10848014813728003 1.7010387896728181 1.082299156171467 0.28017917652239865 -0.85925218225375766 -0.52925050854562683
decision_type=2 2 2 2 2 2 2 2 2 2 2 2 2 2 2 2 2 2 2 2 2 2 2 2 2 2 2 2 2 2
left_child=2 4 15 5 10 19 7 8 -7 20 23 -12 16 -10 -15 -1 -5 18 -18 -3 -6 -17 -14 -2 -25 28 -27 -28 29 -26
right_child=1 3 -4 12 9 6 -8 -9 13 -11 11 -13 22 14 -16 21 17 -19 -20 -21 -22 -23 -24 24 25 26 27 -29 -30 -31
leaf_value=3.0459842963652179 0.50328772884694384 0.2804150061188313 -0.86083585404623553 1.0510752302120974 -0.38730653491591727 2.5165137216779923 0.47165313303794298 0.25628807172747164 -0.72271370810946822 0.13034451527204124 2.5285296431951116 0.17563730902358088 3.2183315606433016 -2.7813097868204943 2.3509803616171405 -2.3090157554773394 -9.8683763594854454 0.54738921124017603 -2.0873335081598032 0.71801379423419454 -2.9831983267136342 -1.5503478575262488 -1.584378164747487 -0.19830058802103531 0.54059332691508677 0.27374078023892184 -2.0297724246978759 -6.6398238855495793 -0.3293198897323899 -1.6717911870949642
leaf_weight=22 676 3844 11155 5399 243 45 6753 3171 663 24456 134 408 168 289 31 1301 21 863 23 8635 106 2285 23 8805 119 104 106 57 2463 576
leaf_count=22 676 3844 11155 5399 243 45 6753 3171 663 24456 134 408 168 289 31 1301 21 863 23 8635 106 2285 23 8805 119 104 106 57 2463 576
internal_value=9.86087e-10 0.235875 -1.08936 0.553831 -0.012884 0.43442 0.264877 -0.0676696 -1.06696 0.111968 -0.243175 0.757349 0.984477 -1.231 -2.28412 -1.79589 0.934334 0.239418 -5.80101 0.583217 -1.17574 -1.82559 2.63999 -0.285193 -0.328776 -0.664202 -2.11669 -3.64188 -0.541398 -1.29298
internal_weight=82944 68181 14763 29928 38253 23431 10952 4199 1028 24805 13448 542 6497 983 320 3608 6306 907 44 12479 349 3586 191 12906 12230 3425 267 163 3158 695
internal_count=82944 68181 14763 29928 38253 23431 10952 4199 1028 24805 13448 542 6497 983 320 3608 6306 907 44 12479 349 3586 191 12906 12230 3425 267 163 3158 695
is_linear=0
shrinkage=0.05


Tree=43
num_leaves=31
num_cat=0
split_feature=2 2 2 2 2 1 4 4 1 9 8 5 9 4 1 5 4 9 12 5 3 8 4 8 5 4 8 8 4 5
split_gain=7.69386e+06 1.96145e+06 864153 598927 362805 238020 228556 240251 292908 226283 212113 473560 304738 219698 203434 614622 585163 291675 300704 337261 273658 243393 236436 365174 304446 271139 234504 205807 202198 413241
threshold=-0.84978002840374967 0.5785201457108039 -2.1935802108907363 0.036110844180951285 1.177662146332213 0.69061970592758704 0.79387576281843975 -1.0103873344961958 1.5452491789183875 -1.3476706631132902 0.74090168677562918 -1.1922423828011939 -0.28878657066713359 0.4811368259505695 1.1350280108538244 -1.0822991561714665 -1.3471831126615943 -0.28878657066713359 -0.6963106238227913 -0.59600457818367603 0.57832548115873816 -1.0174668528432229 -1.4674673191492369 1.0000000180025095e-35 0.85925218225375766 1.5636946843393513 0.37100531152820115 1.0000000180025095e-35 0.67359155633079737 -0.24472827403648004
decision_type=2 2 2 2 2 2 2 2 2 2 2 2 2 2 2 2 2 2 2 2 2 2 2 2 2 2 2 2 2 2
left_child=2 3 -1 5 6 9 7 -3 10 -2 -9 13 -13 -12 28 16 26 18 19 -17 -19 -18 23 -22 -24 -26 -16 -23 -6 -30
right_child=1 4 -4 -5 14 -7 -8 8 -10 -11 11 12 -14 -15 15 17 21 20 -20 -21 22 27 24 -25 25 -27 -28 -29 29 -31
leaf_value=-1.8000689034354005 0.32495157655397144 0.71292700179237345 -0.84364355307374961 0.19127988727141734 1.5682997342630036 0.61727338386402442 0.79406363379393452 0.1049673106715165 -1.0346943789529748 -0.27007967496867935 0.26402455814506698 -0.029604266567722609 1.3586933154438656 -5.927423306515343 -2.7147620003808428 0.1661987354893083 -3.2013345701749936 -0.061644405163968401 1.0628134200554658 -2.792970203298383 4.1896228241153279 2.9696428331809166 2.0380344143669524 0.70719745306919024 -0.64302707439885953 2.4350779796114228 -7.7117893600463878 -0.24780960749209366 1.3240809197914831 -0.86777033568468198
leaf_weight=2952 1771 3282 11811 28042 1821 909 4270 4798 453 16334 23 598 1166 38 108 651 43 259 944 113 202 78 574 120 265 98 30 137 753 301
leaf_count=2952 1771 3282 11811 28042 1821 909 4270 4798 453 16334 23 598 1166 38 108 651 43 259 944 113 202 78 574 120 265 98 30 137 753 301
internal_value=-2.79657e-10 0.224081 -1.03489 0.0443935 0.624336 -0.172236 0.486243 0.359346 0.195348 -0.211875 0.27948 0.738281 0.888057 -3.59294 0.935253 0.685983 -1.17304 0.914183 0.465975 -0.271479 1.41849 0.232654 1.72298 2.89182 1.32131 0.187976 -3.80107 0.919452 1.24929 0.698135
internal_weight=82944 68181 14763 47056 21125 19014 14628 10358 7076 18105 6623 1825 1764 61 6497 3622 396 3226 1708 764 1518 258 1259 322 937 363 138 215 2875 1054
internal_count=82944 68181 14763 47056 21125 19014 14628 10358 7076 18105 6623 1825 1764 61 6497 3622 396 3226 1708 764 1518 258 1259 322 937 363 138 215 2875 1054
is_linear=0
shrinkage=0.05


Tree=44
num_leaves=31
num_cat=0
split_feature=2 2 2 2 6 4 11 9 9 4 1 7 9 9 6 12 9 2 4 5 1 9 8 7 4 11 3 5 9 7
split_gain=6.962e+06 1.37533e+06 1.35328e+06 381051 353570 359658 330107 277250 266307 253213 275066 283020 300627 259898 305373 361924 313567 252961 240987 233717 225282 353337 368392 297667 479721 240874 209400 212267 207387 193636
threshold=-0.39119602995996211 -1.5368594922112195 0.83734599369112039 0.31121748962359114 -0.89145085320788475 -0.81793260411596802 1.0801555850332116 0.86635971200140116 -0.28878657066713359 -0.96227365190113912 1.1864092639513248 -0.67395931651126872 -0.096262190222377877 0.19252438044475581 -0.066328909107543868 -0.6963106238227913 0.48131095111188954 1.96935456431297 -1.2268989061739519 -1.0822991561714665 1.2168260603691341 0.2887865706671337 1.0792073135794762 -0.90839521789717692 -0.096227365190113864 1.0000000180025095e-35 -0.21237470035288722 -1.0414542967587235 0.86635971200140116 1.7010387896728181
decision_type=2 2 2 2 2 2 2 2 2 2 2 2 2 2 2 2 2 2 2 2 2 2 2 2 2 2 2 2 2 2
left_child=1 4 3 -2 5 6 -1 -6 -3 10 26 19 -13 -11 -15 16 -16 20 -14 -12 -4 22 25 24 -23 -22 27 -5 -17 -25
right_child=2 8 17 9 7 -7 -8 -9 -10 13 11 12 18 14 15 28 -18 -19 -20 -21 21 23 -24 29 -26 -27 -28 -29 -30 -31
leaf_value=-1.8789944785594537 0.024589145718106754 0.14997810136344467 0.8165573994774431 4.2994661286257312 -0.29849318680530706 -1.4184188836609595 -4.0002062925705895 -1.2899379969073959 -0.56801733049002823 0.32584293598440328 -3.6490769412066486 1.0555987062892229 4.8469026375824305 0.2130423430647535 -0.80471443919272267 -0.74745058655144181 -3.6611023694640252 1.5009503116217968 0.53561499800000878 1.0351709181854598 -0.12128973284983235 -9.4517416687011728 -1.5316450845138192 0.0053077593265289024 -0.81326468461089674 0.89267092190703135 0.41582857308322413 0.9414263601137981 0.63124005909646963 -3.1652650742097337
leaf_weight=443 26801 1430 7978 69 867 1491 313 3777 13330 12604 37 198 142 2446 232 740 164 972 42 95 758 25 203 387 45 2577 4143 148 432 55
leaf_count=443 26801 1430 7978 69 867 1491 313 3777 13330 12604 37 198 142 2446 232 740 164 972 42 95 758 25 203 387 45 2577 4143 148 432 55
internal_value=3.76517e-10 -0.770746 0.272256 0.150361 -1.35397 -1.86886 -2.75722 -1.10484 -0.498455 0.307201 0.6241 1.71807 2.40776 0.214255 -0.136131 -0.680824 -1.98766 0.72508 3.8628 -0.277838 0.662381 0.358673 0.536334 -0.868996 -3.89844 0.662211 0.495131 2.00919 -0.239264 -0.389221
internal_weight=82944 21651 61293 48293 6891 2247 756 4644 14760 21492 4874 514 382 16618 4014 1568 396 13000 184 132 12028 4050 3538 512 70 3335 4360 217 1172 442
internal_count=82944 21651 61293 48293 6891 2247 756 4644 14760 21492 4874 514 382 16618 4014 1568 396 13000 184 132 12028 4050 3538 512 70 3335 4360 217 1172 442
is_linear=0
shrinkage=0.05


Tree=45
num_leaves=31
num_cat=0
split_feature=2 2 2 2 3 9 11 4 7 5 5 5 4 7 3 5 2 0 4 4 4 7 9 9 7 8 4 5 5 8
split_gain=6.31097e+06 1.60837e+06 718217 493015 316854 330371 256465 313977 437035 271340 262914 261846 259991 205519 198139 255486 191556 184861 197716 368140 178528 166006 160217 153044 149568 145008 137406 184411 138646 524327
threshold=-0.84978002840374967 0.5785201457108039 -2.3347961893569811 0.017228551735769104 1.0445045951198411 -0.28878657066713359 0.46605794042707133 -1.4193536365541799 1.7010387896728181 0.90745195762283271 0.95394520574413566 -1.0822991561714665 1.5636946843393513 1.7010387896728181 -1.0086573748147118 -1.2543280627515025 -1.3938692458926663 -1.3198341981492334 -1.0585010170912528 -0.45707998465304106 1.5636946843393513 -0.081021797575299523 -1.3476706631132902 0.57757314133426751 1.7010387896728181 1.0000000180025095e-35 -1.5396378430418223 -0.85925218225375766 -0.24472827403648004 0.19793268244031401
decision_type=2 2 2 2 2 2 2 2 2 2 2 2 2 2 2 2 2 2 2 2 2 2 2 2 2 2 2 2 2 2
left_child=2 3 23 22 14 13 7 8 9 -7 -9 -8 25 -6 15 -3 -4 18 -5 -20 26 -14 24 -1 -2 -12 27 -16 -28 -30
right_child=1 4 16 17 5 6 11 10 -10 -11 12 -13 21 -15 20 -17 -18 -19 19 -21 -22 -23 -24 -25 -26 -27 28 -29 29 -31
leaf_value=1.3066067574989229 0.17549181738107303 -4.8738770791002226 -0.9791498106771418 1.3089917825879875 0.19606284777063632 1.8180312018207567 0.4358813210053647 0.98838366076835316 -1.8439092023354591 4.3381828243082223 -1.7072780132293701 2.995405137695307 -0.78785442480674162 1.2210938518820693 -0.8874782016214271 -0.27158490599024515 -0.58176434112230646 0.18726727568079105 -2.5003803617574953 0.078859614669931466 1.3258299949484835 4.2514172120527789 -0.21102586814517676 -1.7360848895296828 1.9917930053501594 0.4628986262612873 0.52707466755154175 1.374594889609392 -0.27842559696598385 0.68363782614532831
leaf_weight=42 1444 37 5907 108 2022 422 141 2036 66 143 225 343 26 645 104 163 6232 28347 242 323 574 44 16469 2582 123 117 7678 674 2842 2823
leaf_count=42 1444 37 5907 108 2022 422 141 2036 66 143 225 343 26 645 104 163 6232 28347 242 323 574 44 16469 2582 123 117 7678 674 2842 2823
internal_value=8.21941e-10 0.202946 -0.937282 0.0402336 0.56539 0.864807 1.17982 1.01163 2.00614 2.45587 0.75529 2.24976 -0.396603 0.443961 0.440155 -1.12301 -0.775137 0.167823 -0.651188 -1.02588 0.46143 2.37969 -0.165058 -1.68738 0.31806 -0.964849 0.426293 1.07221 0.388631 0.200993
internal_weight=82944 68181 14763 47056 21125 6230 3563 3079 631 565 2448 484 412 2667 14895 200 12139 29020 673 565 14695 70 18036 2624 1567 342 14121 778 13343 5665
internal_count=82944 68181 14763 47056 21125 6230 3563 3079 631 565 2448 484 412 2667 14895 200 12139 29020 673 565 14695 70 18036 2624 1567 342 14121 778 13343 5665
is_linear=0
shrinkage=0.05


Tree=46
num_leaves=31
num_cat=0
split_feature=2 2 2 9 3 2 2 11 2 3 5 12 1 7 3 3 4 5 8 1 5 3 1 1 8 4 5 12 5 4
split_gain=5.69711e+06 1.16574e+06 1.04426e+06 320854 306324 271106 252635 211585 208542 202083 230815 192447 192476 261384 216245 190779 296864 209303 265869 189351 398415 188241 174317 171740 265334 179363 203510 187067 177603 367170
threshold=-0.46359915522796097 0.65399177927175023 -1.762795021402755 -0.19252438044475575 -1.7107364843985085 1.96935456431297 0.14542758060462355 0.46605794042707133 -3.012839893730789 -0.98035914854409956 -1.2244505813478443 -0.6963106238227913 0.2678172337245644 0.50473852548845832 -0.87934733338147641 -0.61982507694372868 1.0103873344961962 0.30505838731795659 -1.0174668528432229 2.1699394851085603 -1.0414542967587235 1.268182445975061 -1.6930656424506583 1.9550334553775592 1.0792073135794762 -1.4674673191492369 -0.59600457818367603 1.0444659357341872 -0.24472827403648004 -1.4193536365541799
decision_type=2 2 2 2 2 2 2 2 2 2 2 2 2 2 2 2 2 2 2 2 2 2 2 2 2 2 2 2 2 2
left_child=2 4 8 -4 -2 9 7 15 -1 10 -3 -5 14 -14 -13 16 -6 -17 21 -7 -21 -19 -9 28 25 -25 -27 -28 -11 -30
right_child=1 5 3 11 6 19 -8 22 -10 23 -12 12 13 -15 -16 17 -18 18 -20 20 -22 -23 -24 24 -26 26 27 -29 29 -31
leaf_value=-2.0123104227278987 -1.9230521892800052 -3.6084543418019046 0.20140349164215132 -0.86650242551091416 1.1211870522461584 1.974148927725258 0.20748071925458725 -4.8674947193690707 -1.1984972035968673 0.70640347488637356 0.13813040056494905 -0.67829803500084873 -0.46962840825614366 -4.3966349348629992 -0.19804949830948093 0.27496299616862868 -1.8444832217928611 0.36298777644543517 -0.28713137902834096 -4.7956604130566118 1.0165904189169408 5.127100426810129 -0.30200386129709744 1.2796326559852318 -2.9858366257614559 0.26184974154101037 -2.2720008520216779 1.2537313441435496 1.4227005322728155 0.21055918350026537
leaf_weight=984 187 62 1385 4484 755 565 25358 21 3936 10449 122 4701 101 73 4675 4872 95 1639 6376 32 375 21 4756 265 72 601 174 48 713 5047
leaf_count=984 187 62 1385 4484 755 565 25358 21 3936 10449 122 4701 101 73 4675 4872 95 1639 6376 32 375 21 4756 265 72 601 174 48 713 5047
internal_value=4.9144e-10 0.236192 -0.727017 -0.524638 0.0963222 0.56901 0.104925 -0.0353818 -1.36126 0.523999 -1.12431 -0.596291 -0.469419 -2.11717 -0.43884 0.0641624 0.78973 0.0163833 -0.140386 1.38185 0.559608 0.423257 -0.322074 0.541461 -0.0462543 0.148277 -0.216011 -1.50968 0.583521 0.360604
internal_weight=82944 62605 20339 15419 44080 18525 43893 18535 4920 17553 184 14034 9550 174 9376 13758 850 12908 8036 972 407 1660 4777 17369 1160 1088 823 222 16209 5760
internal_count=82944 62605 20339 15419 44080 18525 43893 18535 4920 17553 184 14034 9550 174 9376 13758 850 12908 8036 972 407 1660 4777 17369 1160 1088 823 222 16209 5760
is_linear=0
shrinkage=0.05


Tree=47
num_leaves=31
num_cat=0
split_feature=2 2 2 2 1 4 2 5 3 4 3 6 5 4 5 2 9 6 6 4 0 4 6 11 3 4 5 6 6 6
split_gain=5.16812e+06 1.32585e+06 591356 434917 244720 266509 242815 214813 313434 327382 244595 223824 350392 215906 387644 284118 203147 191203 183438 290047 278721 383300 175594 174992 177738 262340 298792 354811 204187 174516
threshold=-0.84978002840374967 0.34366841508042739 -1.9251415016741744 1.177662146332213 0.69061970592758704 -0.81793260411596802 -0.051745995163073329 -0.24472827403648004 0.12725382197139487 -0.55330734984315477 -0.31698501984916555 1.7077461606570974 1.1577679250095743 0.79387576281843975 -0.90745195762283293 0.91025077072578442 -0.28878657066713359 -0.066328909107543868 -0.50537016327275397 -1.1066146996863098 -0.77521682178871798 -0.21651157167775612 -0.066328909107543868 1.6942532296393515 0.48229546455664535 -1.2028420648764235 -0.90745195762283293 1.0000000180025095e-35 1.0000000180025095e-35 -1.0580783826696147
decision_type=2 2 2 2 2 2 2 2 2 2 2 2 2 2 2 2 2 2 2 2 2 2 2 2 2 2 2 2 2 2
left_child=2 4 18 7 6 29 -2 8 9 10 -3 -9 -13 14 15 -11 22 -18 19 -1 -20 -22 -7 24 25 26 27 -5 -27 -6
right_child=1 3 -4 23 5 16 -8 11 -10 13 -12 12 -14 -15 -16 -17 17 -19 20 -21 21 -23 -24 -25 -26 28 -28 -29 -30 -31
leaf_value=-2.8809671615621215 -0.21338683278350265 2.882716284658676 -0.6573795433804428 -4.5491377540813982 4.4609245300292972 -0.056434125753434566 0.058495557050259821 0.23236493102515252 0.57090488963203112 -2.059366454112602 0.41137934018754302 -0.15779480764286985 -2.855634098536485 0.483787246859672 0.10597179903130481 0.90702858445479684 0.18781946261803251 -1.4427020024664967 -1.2228092178986412 -1.3848212350741691 -1.6924024665355681 3.3738980400189762 1.3105722632234889 2.2714236715077107 0.88114406194692751 0.97076577794565577 0.62196264427712589 0.60800813711606549 -0.50325142545220647 1.0961255677625561
leaf_weight=432 14738 133 10827 93 41 479 18546 11546 11221 537 405 760 143 518 681 95 430 309 2059 1295 70 80 461 191 4843 869 127 52 322 641
leaf_count=432 14738 133 10827 93 41 479 18546 11546 11221 537 405 760 143 518 681 95 430 309 2059 1295 70 80 461 191 4843 869 127 52 322 641
internal_value=-4.38269e-10 0.183654 -0.848181 0.414436 -0.0269999 0.464898 -0.0618927 0.323123 0.460573 -0.0620235 1.02232 0.173075 -0.585027 -0.380635 -0.721664 -1.61347 0.126331 -0.493955 -1.37303 -1.75907 -1.07122 1.00962 0.613981 0.780407 0.735247 0.252279 -1.14877 -2.69968 0.572249 1.29841
internal_weight=82944 68181 14763 32536 35645 2361 33284 26039 13590 2369 538 12449 903 1831 1313 632 1679 739 3936 1727 2209 150 940 6497 6306 1463 272 145 1191 682
internal_count=82944 68181 14763 32536 35645 2361 33284 26039 13590 2369 538 12449 903 1831 1313 632 1679 739 3936 1727 2209 150 940 6497 6306 1463 272 145 1191 682
is_linear=0
shrinkage=0.05


Tree=48
num_leaves=31
num_cat=0
split_feature=2 2 2 3 9 2 6 5 1 4 0 1 2 3 12 4 9 2 2 12 4 5 3 4 4 5 11 1 4 7
split_gain=4.66423e+06 1.20325e+06 535488 304409 323383 294977 286842 420505 211402 196047 185905 204649 354211 214306 307408 322186 314723 276917 306180 200148 197143 207094 355955 232376 190485 183561 179451 236541 232830 390214
threshold=-0.84978002840374967 0.48435586461235192 -1.762795021402755 1.1143624907159622 -0.28878657066713359 0.017228551735769104 1.1133806251249947 -1.4100253104837919 0.69061970592758704 -0.38490946076045524 0.3440789419697764 0.51366745785811141 0.70318873836464235 -0.1686029103334663 -0.6963106238227913 0.91415996930608234 -0.19252438044475575 2.373974781115797 1.494533552376071 -0.6963106238227913 -0.21651157167775612 1.1577679250095743 -0.30435920025445279 -1.1306715409838382 -1.2028420648764235 1.1210959212062968 0.46605794042707133 -0.43251439717800011 -1.4193536365541799 1.7010387896728181
decision_type=2 2 2 2 2 2 2 2 2 2 2 2 2 2 2 2 2 2 2 2 2 2 2 2 2 2 2 2 2 2
left_child=2 5 6 10 -5 8 -1 -8 -2 -9 11 20 -13 19 16 17 -15 18 -16 -14 21 22 -3 -23 -24 -20 28 -28 29 -6
right_child=1 3 -4 4 26 -7 7 9 -10 -11 -12 12 13 14 15 -17 -18 -19 25 -21 -22 23 24 -25 -26 -27 27 -29 -30 -31
leaf_value=-1.4044324049281021 -0.17900115411963213 3.1634499569131873 -0.59287130370794305 0.33435689504538141 2.2399651996303689 0.12476652131474433 -2.342641575670473 -1.7748521183729171 0.63060074855174975 0.63920713333780077 0.49965417952131985 -0.78318464542685795 -1.4961452025979285 0.12892818539434736 -0.38777019555614761 1.0079906506721323 1.6881639643392816 3.9808362559387178 -4.4996065190860204 0.11929179234278142 0.68610798868182732 1.3671478115626285 -1.0624068454941351 -1.8031919017434122 0.4228526248882305 0.1108759041937689 -0.21168571596449995 2.6107626777385011 0.70899189341486446 -1.8287611037977816
leaf_weight=4084 17190 99 9843 2513 550 24781 207 100 846 529 10208 1188 315 594 964 492 711 33 77 490 2839 74 292 264 828 30 94 353 2290 66
leaf_count=4084 17190 99 9843 2513 550 24781 207 100 846 529 10208 1188 315 594 964 492 711 33 77 490 2839 74 292 264 828 30 94 353 2290 66
internal_value=-1.99543e-10 0.174471 -0.805772 0.447378 0.76318 0.0128056 -1.2317 -0.387885 -0.141026 0.255414 0.352369 0.19053 -0.0318846 0.208953 0.409243 -0.0561747 0.978443 -0.530422 -0.669425 -0.512836 0.438141 -0.0139968 0.289648 -1.10909 0.0356243 -3.20695 1.08457 2.01723 0.941113 1.80403
internal_weight=82944 68181 14763 25364 5866 42817 4920 836 18036 629 19498 9290 4894 3706 2901 1596 1305 1104 1071 805 4396 1557 1219 338 1120 107 3353 447 2906 616
internal_count=82944 68181 14763 25364 5866 42817 4920 836 18036 629 19498 9290 4894 3706 2901 1596 1305 1104 1071 805 4396 1557 1219 338 1120 107 3353 447 2906 616
is_linear=0
shrinkage=0.05


Tree=49
num_leaves=31
num_cat=0
split_feature=2 2 2 7 4 2 0 4 4 4 5 8 6 6 6 5 4 6 7 11 4 3 0 6 5 4 3 9 4 6
split_gain=4.23155e+06 854842 853149 260140 345944 248416 245860 206182 199509 325692 603771 771087 345227 240857 232513 224379 399535 250639 219533 201514 529887 201265 195451 189769 226302 187982 250870 229579 352202 347763
threshold=-0.39119602995996211 0.8841753816478094 -1.5368594922112195 -0.90839521789717692 -1.1306715409838382 0.28247900741226767 -1.3198341981492334 -0.21651157167775612 -1.5155810017442939 -1.2509557474714805 -0.99864169796777025 1.0000000180025095e-35 -0.89145085320788475 1.0000000180025095e-35 -0.89145085320788475 -0.75810821674430739 1.5636946843393513 -1.0580783826696147 -0.74611299300944822 1.6942532296393515 -0.21651157167775612 1.4579001315638569 -0.10868995454337547 0.30811198432835407 0.75810821674430728 -0.96227365190113912 1.1749738529466063 0.19252438044475581 -0.21651157167775612 0.30811198432835407
decision_type=2 2 2 2 2 2 2 2 2 2 2 2 2 2 2 2 2 2 2 2 2 2 2 2 2 2 2 2 2 2
left_child=2 5 3 4 6 -2 -1 -6 23 10 11 14 -12 -14 -10 -11 17 -17 21 -19 -21 -13 -4 24 -3 26 -7 -27 29 -29
right_child=1 8 22 -5 7 25 -8 -9 9 15 12 18 13 -15 -16 16 -18 19 -20 20 -22 -23 -24 -25 -26 27 -28 28 -30 -31
leaf_value=-1.8381188216178044 0.011332440737363485 0.91817673695607738 -0.47296951477488741 -0.91463829111672601 -0.20326918527105098 0.37043571997044494 -5.1291723681762162 -1.7659560700808214 -1.8386166975912404 0.87420334116127474 1.559751490583982 -9.5715735949002774 -1.9887406591669117 0.2612086249054435 1.9897305201893012 1.3762419407955022 1.7440129710688117 -0.087787122778977073 -2.7985452028612299 -2.3437202142501046 2.2069441070933711 -3.3502590440786806 -0.0038866142588426448 0.31031434352000553 2.6654788788424923 0.2591539262291439 1.4270624466710835 -0.36182719380323913 0.14579253622082236 -2.1927732978485897
leaf_weight=114 25171 421 12037 5627 295 4870 113 742 59 4884 440 26 152 547 121 401 471 2892 192 83 279 26 2723 375 331 14311 635 1083 3182 341
leaf_count=114 25171 421 12037 5627 295 4870 113 742 59 4884 440 26 152 547 121 401 471 2892 192 83 279 26 2723 375 331 14311 635 1083 3182 341
internal_value=3.80753e-12 0.212256 -0.600888 -1.06024 -1.70842 0.12156 -3.4764 -1.32141 0.596693 0.529283 -0.136997 -1.74766 0.462584 -0.228051 0.734883 0.644866 0.373396 0.196772 -3.57905 0.0514223 1.16356 -6.46092 -0.386431 1.2291 1.68727 0.235168 0.492317 0.160336 -0.146696 -0.800277
internal_weight=82944 61293 21651 6891 1264 49593 227 1037 11700 10573 1563 424 1139 699 180 9010 4126 3655 244 3254 362 52 14760 1127 752 24422 5505 18917 4606 1424
internal_count=82944 61293 21651 6891 1264 49593 227 1037 11700 10573 1563 424 1139 699 180 9010 4126 3655 244 3254 362 52 14760 1127 752 24422 5505 18917 4606 1424
is_linear=0
shrinkage=0.05


Tree=50
num_leaves=31
num_cat=0
split_feature=2 2 2 2 2 3 1 2 11 1 3 1 3 9 9 0 0 9 6 1 7 1 0 4 0 1 2 4 9 7
split_gain=3.8212e+06 962047 472924 277480 217895 163909 386833 195247 176136 160119 163561 158355 157367 151326 143718 158941 142428 161366 237677 142035 336887 140068 144632 174008 182217 137252 136884 134930 133042 132687
threshold=-0.80308533467902898 0.5785201457108039 -2.0092835948024899 0.056619292281151978 1.96935456431297 0.24372723575798697 1.0555776676911581 0.89521136034129034 1.0000000180025095e-35 2.1699394851085603 1.0445045951198411 1.4633395827632174 -2.3090898832489657 0.096262190222377905 -1.3476706631132902 0.64130839416711594 -1.3198341981492334 1.3476706631132906 1.0000000180025095e-35 1.2791650113445097 -0.081021797575299523 0.69061970592758704 -0.031361605805985952 0.81793260411596835 1.2423766757270025 0.64744316098806876 -3.3487556704309971 -1.0103873344961958 0.096262190222377905 1.0000000180025095e-35
decision_type=2 2 2 2 2 2 2 2 2 2 2 2 2 2 2 2 2 2 2 2 2 2 2 2 2 2 2 2 2 2
left_child=2 3 13 12 5 6 7 -3 11 -6 -11 -7 -2 -1 15 -14 17 18 -5 -18 -21 -16 -23 24 -24 -4 -15 -22 -9 -30
right_child=1 4 25 16 9 8 -8 28 -10 10 -12 -13 14 26 21 -17 19 -19 -20 20 27 22 23 -25 -26 -27 -28 -29 29 -31
leaf_value=2.9229476581920277 -2.395703690469265 0.16155774419741595 -0.57096050695894929 -0.37312154688972693 1.7177338023711226 0.34709316066337537 -0.6176806588380942 0.063315920859480956 0.61156043582686237 -2.2019826428248335 0.80057431679887991 -0.55356372130884079 1.2989058277986429 -2.2101750548202093 -0.1807638420236076 0.10113467969595005 0.1357247834104732 0.77014363572353695 -2.9097395508788355 -0.092914551781124885 3.3719116967419787 -0.61029458956129978 1.6840605003213467 -0.48010846272916408 -1.2153968024638393 1.5469310799395883 -1.1385582222685589 1.2664889839907678 1.6140511177398928 0.16919832313699382
leaf_weight=22 75 2521 11734 325 565 4744 1217 316 9948 52 355 544 333 328 16369 1646 25698 156 129 428 120 236 430 185 62 77 3258 208 653 210
leaf_count=22 75 2521 11734 325 565 4744 1217 316 9948 52 355 544 333 328 16369 1646 25698 156 129 428 120 236 430 185 62 77 3258 208 653 210
internal_value=2.10443e-10 0.162171 -0.710201 0.0348279 0.441874 0.406607 0.1556 0.409946 0.487613 1.17307 0.416955 0.254439 -0.109829 -1.21121 -0.100928 0.30268 0.138179 -0.617178 -1.09388 0.155596 0.831074 -0.147146 0.455577 0.827136 1.31868 -0.557153 -1.23658 2.03677 0.941064 1.26246
internal_weight=82944 67525 15419 46400 21125 20153 4917 3700 15236 972 407 5288 19336 3608 19261 1979 27064 610 454 26454 756 17282 913 677 492 11811 3586 328 1179 863
internal_count=82944 67525 15419 46400 21125 20153 4917 3700 15236 972 407 5288 19336 3608 19261 1979 27064 610 454 26454 756 17282 913 677 492 11811 3586 328 1179 863
is_linear=0
shrinkage=0.05


Tree=51
num_leaves=31
num_cat=0
split_feature=2 2 2 7 4 0 4 2 4 4 8 0 6 0 0 9 11 1 4 7 4 4 4 12 0 8 9 4 3 1
split_gain=3.46061e+06 751597 689260 268262 359889 254332 196340 192936 175765 379751 417595 286121 305279 277705 269598 206519 205723 238478 312800 447941 342009 197936 241834 193038 189634 171667 241758 169949 193451 236935
threshold=-0.33964599426774827 -1.3728468779722649 0.91025077072578442 -0.90839521789717692 -1.1306715409838382 -1.2594069101410368 -0.21651157167775612 0.31121748962359114 -1.4915241604467655 -1.2750125887690089 -1.0174668528432229 0.88166158069034728 -0.066328909107543868 -0.33205130386250897 -0.071136500979525855 0.2887865706671337 1.0000000180025095e-35 1.3797034429226185 0.60142103243821199 -0.44226394673424807 -0.3367957781653988 0.96227365190113923 0.74576208022338275 -0.6963106238227913 0.36935059208786275 -1.0174668528432229 -0.19252438044475575 -0.96227365190113912 1.1749738529466063 1.1350280108538244
decision_type=2 2 2 2 2 2 2 2 2 2 2 2 2 2 2 2 2 2 2 2 2 2 2 2 2 2 2 2 2 2
left_child=1 3 7 4 5 -1 -6 -2 25 10 15 12 13 -12 23 -10 17 18 20 -20 -11 22 -21 -14 -16 26 -4 28 -9 -30
right_child=2 -3 8 -5 6 -7 -8 27 9 16 11 -13 14 -15 24 -17 -18 -19 19 21 -22 -23 -24 -25 -26 -27 -28 -29 29 -31
leaf_value=-1.8936521391073864 0.023516158041518131 -0.29612599793954941 0.53840149136975524 -0.77225581174745317 -0.1089342580542873 -5.2365808011889463 -1.5977662896252727 0.36033594404331265 1.4657782923239298 0.047197331612767041 -7.551026876156147 1.0464722152952461 1.9824044008273631 -2.1378329556756253 -2.5285530630928097 -1.0263542498427409 0.8206201493169234 -0.49419638821907219 0.68563134621189104 -0.59469548380374915 1.3567823087744548 -0.41708056360308893 -4.2835694976492764 -1.9597852230072021 0.50366679672400161 0.7663555711724932 3.313384665589739 0.14852091228374764 0.74307598654013962 3.0146240753219709
leaf_weight=132 25817 13776 138 7557 313 100 757 4721 361 813 26 146 128 267 165 108 4852 716 495 75 1289 171 109 41 75 890 182 18103 469 152
leaf_count=132 25817 13776 138 7557 313 100 757 4721 361 813 26 146 128 267 165 108 4852 716 495 75 1289 171 109 41 75 890 182 18103 469 152
internal_value=7.25046e-10 -0.527174 0.197858 -0.886462 -1.54933 -3.33457 -1.16225 0.117812 0.554805 0.484857 -0.305302 -0.967433 -1.38628 -2.61818 -0.503764 0.891897 0.606998 0.324421 0.522974 -0.286405 0.850268 -1.64178 -2.77995 1.02602 -1.58098 1.12346 2.11667 0.221648 0.469463 1.29907
internal_weight=82944 22635 60309 8859 1302 232 1070 49262 11047 9837 1317 848 702 293 409 469 8520 3668 2952 850 2102 355 184 169 240 1210 320 23445 5342 621
internal_count=82944 22635 60309 8859 1302 232 1070 49262 11047 9837 1317 848 702 293 409 469 8520 3668 2952 850 2102 355 184 169 240 1210 320 23445 5342 621
is_linear=0
shrinkage=0.05


Tree=52
num_leaves=31
num_cat=0
split_feature=2 2 12 1 5 2 0 3 4 4 8 5 2 9 4 5 4 4 4 1 2 4 2 7 8 12 5 3 6 1
split_gain=3.13584e+06 807944 376488 253610 232340 231804 222553 193644 191373 437421 558400 185499 177549 165505 240054 365700 340080 225888 182153 274286 217293 177993 192812 195603 164583 179362 381088 269957 163403 182395
threshold=-0.84978002840374967 0.48435586461235192 -1.0444659357341868 0.98769444527794314 -1.2818148012906687 1.177662146332213 -0.16858046785573552 -1.7107364843985085 0.38490946076045557 0.96227365190113923 1.0792073135794762 -1.4100253104837919 -0.025956944597374295 0.19252438044475581 -0.21651157167775612 1.082299156171467 -1.0825578583887812 0.43302314335551256 0.79387576281843975 0.38677219810085545 0.69154318303039763 -0.72170523892585436 0.87232108526112462 -0.17427846833443938 -1.7404918888887655 -1.0444659357341868 -0.85925218225375766 1.4229585524842443 1.7077461606570974 -0.33223635020029019
decision_type=2 2 2 2 2 2 2 2 2 2 2 2 2 2 2 2 2 2 2 2 2 2 2 2 2 2 2 2 2 2
left_child=2 3 -1 7 8 13 -5 -2 -4 10 11 -10 -9 24 15 -15 -17 -16 19 -19 -21 -18 23 -23 -3 26 27 -26 29 -13
right_child=1 5 4 6 -6 -7 -8 12 9 -11 -12 28 -14 14 17 16 21 18 -20 20 -22 22 -24 -25 25 -27 -28 -29 -30 -31
leaf_value=-1.0599263809512702 -1.169408870307848 0.8585675084840636 -0.98890082745772134 -0.96773892631705527 -0.27702786503936799 0.62426889258889051 0.85265893300754569 -0.13483833888134394 -0.49251440288656845 -0.98721756404232619 -1.8473858734612827 0.45866797224855893 0.079331907708848654 0.19214086004034553 0.90774787590301165 0.52469596622130754 -2.6981966973519178 0.65501646951530823 0.39124960546930898 -2.8403112989012151 -0.55193410852197877 -1.7049879519032762 -2.2285562487555222 0.74806152393943393 2.6016908731765866 0.20343067178366897 0.31430784854465266 0.63810308200640009 3.3549241487322186 2.8572729574079099
leaf_weight=4218 359 1551 3112 191 5519 6497 1388 15729 118 1124 186 255 25150 1497 1136 264 236 270 1233 160 295 142 213 190 369 8999 1979 333 116 115
leaf_count=4218 359 1551 3112 191 5519 6497 1388 15729 118 1124 186 255 25150 1497 1136 264 236 270 1233 160 295 142 213 190 369 8999 1979 333 116 115
internal_value=4.2618e-10 0.143057 -0.660692 0.0105836 -0.500998 0.366686 0.632459 -0.0132279 -0.746937 -0.353524 0.548085 1.28576 -0.00307431 0.277986 0.0510854 -0.308922 -1.02671 0.346864 0.0214478 -0.60747 -1.35664 -1.55113 -1.05442 -0.301134 0.374638 0.310377 0.66935 1.67025 1.71753 1.20418
internal_weight=82944 68181 14763 42817 10545 25364 1579 41238 5026 1914 790 604 40879 18867 5636 2542 1045 3094 1958 725 455 781 545 332 13231 11680 2681 702 486 370
internal_count=82944 68181 14763 42817 10545 25364 1579 41238 5026 1914 790 604 40879 18867 5636 2542 1045 3094 1958 725 455 781 545 332 13231 11680 2681 702 486 370
is_linear=0
shrinkage=0.05


Tree=53
num_leaves=31
num_cat=0
split_feature=2 2 2 3 6 5 4 9 2 4 4 5 8 6 5 1 5 1 7 7 8 5 4 6 1 11 4 6 4 6
split_gain=2.83245e+06 604516 557108 253506 209850 370975 257454 198878 185059 160062 321548 469533 643472 286529 277797 404965 215771 205600 197390 196791 195986 181066 342288 209606 216883 213822 184757 177562 281996 153570
threshold=-0.46359915522796097 0.8841753816478094 -1.6064233679019828 -1.7560086408967179 1.1133806251249947 -1.4032428797398566 -0.9141599693060819 -0.19252438044475575 0.25574292408506888 -1.4915241604467655 -1.2509557474714805 -0.99864169796777025 1.0000000180025095e-35 -0.89145085320788475 0.65128935879477212 1.2469382975794374 0.75810821674430728 1.8563576490915763 -0.74611299300944822 1.7010387896728181 -1.0174668528432229 -0.75810821674430739 1.5636946843393513 -1.0580783826696147 1.1596537247280991 -0.76213734878520889 -1.0103873344961958 0.30811198432835407 -0.72170523892585436 0.30811198432835407
decision_type=2 2 2 2 2 2 2 2 2 2 2 2 2 2 2 2 2 2 2 2 2 2 2 2 2 2 2 2 2 2
left_child=2 3 4 -2 -1 -6 -7 -4 -5 16 11 12 17 -13 -15 -16 -3 -11 -14 -18 -17 27 23 -23 25 -25 -26 -12 -29 -9
right_child=1 9 7 8 5 6 -8 29 -10 10 21 13 18 14 15 20 19 -19 -20 -21 -22 22 -24 24 26 -27 -28 28 -30 -31
leaf_value=-1.0448794888200175 -1.8186886235425583 0.49067498269708454 0.23634558619315943 0.00070170252862726806 -1.7671577368880724 -1.343138388650758 0.72424313710787558 -0.25333873966979742 0.19175080094681363 2.4727333577779627 0.55423062075712337 1.326179124057109 -6.335409502188365 0.79530700858575187 1.4133770297483073 -0.41112337308116703 2.1734779806075886 -1.0167755471866415 -2.7203359028882228 -0.97031968512705391 -3.386826255450766 1.2078168582840083 1.561314502228526 -0.372540265121934 1.3036641642575464 0.67854120271345697 -0.76876318798073251 2.1583418335685094 0.67412374965644506 -0.60541820633412913
leaf_weight=5075 173 762 1359 24744 314 196 650 7438 25988 78 3513 405 48 278 97 83 448 92 177 56 166 401 471 757 120 1341 1036 509 862 5307
leaf_count=5075 173 762 1359 24744 314 196 650 7438 25988 78 3513 405 48 278 97 83 448 92 177 56 166 401 471 757 120 1341 1036 509 862 5307
internal_value=-1.34439e-10 0.16654 -0.512623 0.0920528 -0.906199 -0.299469 0.245275 -0.338634 0.0985686 0.490623 0.426205 -0.271987 -1.73739 0.290534 -0.38164 -1.32728 1.02154 0.584293 -3.49155 1.82417 -2.39493 0.536551 0.292687 0.129206 -0.00371487 0.29929 -0.553632 0.742568 1.22516 -0.399944
internal_weight=82944 62605 20339 50905 6235 1160 846 14104 50732 11700 10434 1424 395 1029 624 346 1266 170 225 504 249 9010 4126 3655 3254 2098 1156 4884 1371 12745
internal_count=82944 62605 20339 50905 6235 1160 846 14104 50732 11700 10434 1424 395 1029 624 346 1266 170 225 504 249 9010 4126 3655 3254 2098 1156 4884 1371 12745
is_linear=0
shrinkage=0.05


Tree=54
num_leaves=31
num_cat=0
split_feature=2 2 2 0 1 1 3 11 4 7 0 6 4 7 2 3 9 11 7 4 7 7 9 7 4 9 4 8 2 1
split_gain=2.56766e+06 664158 332818 211336 266490 246990 229631 240336 314189 375521 310140 217873 200251 364116 196380 169238 285683 199507 224241 216949 365944 188645 194449 176220 163484 161021 158484 157442 155569 155437
threshold=-0.84978002840374967 0.5785201457108039 -2.7893769725794724 -0.052455811929887276 0.89384407838744828 0.070800169848889455 -0.38431702572342025 1.0000000180025095e-35 0.69764839762832587 -0.67395931651126872 0.13894427541191159 -1.0580783826696147 -0.9141599693060819 -0.67395931651126872 0.049937131416298484 0.91647862731940477 -0.28878657066713359 0.46605794042707133 0.50473852548845832 -1.4193536365541799 1.7010387896728181 -0.44226394673424807 -0.19252438044475575 1.7010387896728181 1.5636946843393513 0.67383533155664532 -0.072170523892585409 1.0000000180025095e-35 -0.15046424011878376 0.13362434295243888
decision_type=2 2 2 2 2 2 2 2 2 2 2 2 2 2 2 2 2 2 2 2 2 2 2 2 2 2 2 2 2 2
left_child=2 3 25 5 6 14 7 8 9 26 27 29 13 -6 -2 24 23 19 -19 20 21 -18 -23 -17 -3 -1 -5 -10 -8 -9
right_child=1 15 -4 4 12 -7 28 11 10 -11 -12 -13 -14 -15 -16 16 17 18 -20 -21 -22 22 -24 -25 -26 -27 -28 -29 -30 -31
leaf_value=1.864021349400282 -0.11707993248350515 0.22099785992105728 -0.51392221935212712 3.0827371265624932 -0.097281576145221205 -0.42425061467504455 -0.30577912761240233 0.85628841946522405 1.5148631168448408 -0.090692629641195538 1.4605981757827546 0.25738221199780015 0.29909746512911334 2.2380558713753191 0.34280351809272591 0.0034687652919809069 0.70209469149732806 2.3840626139885064 0.39440016796135852 0.49593096212212973 -1.8735682068214026 0.22068416751921177 3.0442994762166329 0.84243311321468717 1.1397631755483821 -1.3477365231284639 -0.24051283056868 6.4035878814499956 0.071091776369408249 -3.3568442533045642
leaf_weight=40 8928 12940 13123 163 272 4716 3102 30 23 638 253 446 1377 432 3137 2574 223 388 223 2973 73 75 326 827 503 1600 46 58 23354 81
leaf_count=40 8928 12940 13123 163 272 4716 3102 30 23 638 253 446 1377 432 3137 2574 223 388 223 2973 73 75 326 827 503 1600 46 58 23354 81
internal_value=-1.07986e-11 0.12945 -0.597847 0.02489 0.103779 -0.117435 0.063477 0.620206 1.024 0.511878 2.3227 -0.235948 0.649801 1.33577 0.00249358 0.362357 0.549568 0.821341 1.65788 0.682069 1.47603 1.86788 2.51619 0.207475 0.255376 -1.2694 2.3513 5.01543 0.0269032 -2.21816
internal_weight=82944 68181 14763 47056 30275 16781 28194 1738 1181 847 334 557 2081 704 12065 21125 7682 4281 611 3670 697 624 401 3401 13443 1640 209 81 26456 111
internal_count=82944 68181 14763 47056 30275 16781 28194 1738 1181 847 334 557 2081 704 12065 21125 7682 4281 611 3670 697 624 401 3401 13443 1640 209 81 26456 111
is_linear=0
shrinkage=0.05


Tree=55
num_leaves=31
num_cat=0
split_feature=2 2 12 3 1 5 11 12 1 4 4 12 1 4 6 4 7 9 3 3 2 5 5 1 2 5 4 6 4 5
split_gain=2.32507e+06 654408 273258 216300 286039 276734 282207 268351 269898 243185 212823 315902 203809 225612 199672 331626 192567 224017 282685 199247 191137 184449 179911 176356 172161 215043 193191 408597 261817 167724
threshold=-0.97076319214733575 0.39545023396235407 -1.0444659357341868 0.40417623591304358 0.98769444527794314 -0.75810821674430739 -0.76213734878520889 -0.6963106238227913 1.702405432340296 0.91415996930608234 1.2750125887690096 -0.6963106238227913 0.69061970592758704 0.72170523892585436 -0.91243033262339701 -1.2028420648764235 -0.67395931651126872 0.57757314133426751 0.76139470871378157 1.3252395340690633 1.099956027175979 -1.2244505813478443 0.90745195762283271 0.6573002429629603 0.89521136034129034 -0.90745195762283293 -0.52925050854562683 -0.50537016327275397 -1.1787852235788951 -1.2818148012906687
decision_type=2 2 2 2 2 2 2 2 2 2 2 2 2 2 2 2 2 2 2 2 2 2 2 2 2 2 2 2 2 2
left_child=2 12 -1 4 24 10 9 8 -8 -7 11 -5 -2 16 15 23 17 18 -14 -18 -9 -6 -20 -13 25 26 28 -28 -3 -4
right_child=1 3 29 5 21 6 7 20 -10 -11 -12 14 13 -15 -16 -17 19 -19 22 -21 -22 -23 -24 -25 -26 -27 27 -29 -30 -31
leaf_value=-0.95506869202955869 -0.048453491430186652 -1.9212789745015257 -0.66314464019389086 1.2461842085524273 -2.5074056545291286 -0.72627696904871364 0.12157945882896237 0.3419182045562138 -1.3596239455573653 0.47496423352662509 -0.0012127893652339556 -0.52690712905448422 0.98845021097545716 -0.22670186624964966 0.63565797340690988 0.48831826394201 1.1003047350496054 -2.2885131014398783 -0.61754930124563334 5.7147822221120208 0.94428971796145378 -0.29781419292895783 -5.0445260507089129 -3.3541238123234716 0.71027292986877366 0.27311426152168267 0.21367327684070175 -1.6259771104018714 1.6402143144649324 -0.23375505696447343
leaf_weight=4002 37162 68 4795 2056 99 1256 1613 5070 380 634 1168 115 576 943 3981 443 925 83 153 24 1779 2054 27 106 1611 6072 627 582 214 4326
leaf_count=4002 37162 68 4795 2056 99 1256 1613 5070 380 634 1168 115 576 943 3981 443 925 83 153 24 1779 2054 27 106 1611 6072 627 582 214 4326
internal_value=-9.55995e-11 0.114768 -0.610622 0.291498 0.119243 0.396391 0.231251 0.349793 -0.160838 -0.323321 0.621615 0.730175 -0.0178166 0.399074 0.501776 -0.300913 0.729111 0.177251 0.447963 1.217 0.498382 -0.399416 -1.2816 -1.88295 0.240965 0.140997 -0.39704 -0.671915 0.781415 -0.459489
internal_weight=82944 69821 13123 29928 11327 18601 10732 8842 1993 1890 7869 6701 39893 2731 4645 664 1788 839 756 949 6849 2153 180 221 9174 7563 1491 1209 282 9121
internal_count=82944 69821 13123 29928 11327 18601 10732 8842 1993 1890 7869 6701 39893 2731 4645 664 1788 839 756 949 6849 2153 180 221 9174 7563 1491 1209 282 9121
is_linear=0
shrinkage=0.05


Tree=56
num_leaves=31
num_cat=0
split_feature=2 2 2 6 4 11 0 4 2 1 4 1 7 9 9 8 7 0 4 9 0 4 7 5 8 4 4 6 0 4
split_gain=2.13052e+06 488606 420749 184501 277292 247683 200726 182568 236995 170868 169530 195923 367028 505689 453487 410476 217437 178410 219654 168265 195502 209067 478926 230209 186673 167528 163262 158186 166673 150836
threshold=-0.33964599426774827 -1.5368594922112195 0.91025077072578442 -0.89145085320788475 -0.81793260411596802 1.0801555850332116 -0.72386180722228988 -0.21651157167775612 -1.8169679628284221 -1.6930656424506583 -0.96227365190113912 0.87683507266981386 -0.44226394673424807 -0.096262190222377877 -0.19252438044475575 -1.0174668528432229 -0.17427846833443938 -1.4984123765091841 -0.48113682595056956 -0.19252438044475575 -0.23828103296901393 0.67359155633079737 1.7010387896728181 0.18394424571997578 1.0792073135794762 -1.0344441757937244 -0.67359155633079704 1.7077461606570974 0.095730065255966126 -1.5636946843393509
decision_type=2 2 2 2 2 2 2 2 2 2 2 2 2 2 2 2 2 2 2 2 2 2 2 2 2 2 2 2 2 2
left_child=1 3 9 4 5 -1 -5 -8 -9 -2 11 -11 14 -14 -13 -15 -17 18 -12 20 -3 23 24 -22 -23 27 -6 28 -16 -7
right_child=2 19 -4 6 26 29 7 8 -10 10 17 12 13 15 25 16 -18 -19 -20 -21 21 22 -24 -25 -26 -27 -28 -29 -30 -31
leaf_value=-1.1560272045643751 -3.7441310442727187 -1.0825786536819531 0.43413021692667431 -0.68860203316328261 1.1794554181758641 -1.104374564410765 -1.0347652388655622 3.319637826269263 0.20335243977990347 0.18704293052835186 -2.2945215243168855 1.1336214036536951 0.31411473641332927 -2.0831680224055336 -5.3542091097150539 5.3409435222315231 2.5071735360899812 0.061396178510887744 -0.18508612688802203 -0.32090330794642369 1.2039804874751772 0.41345270344009288 8.121926628112794 -0.31208766540920752 3.5544932825523512 2.3142426436597652 -0.88373062464365637 0.76690164636820557 -1.9463811328162011 -3.6311899252426936
leaf_weight=443 29 265 11047 4223 103 79 138 89 194 8491 176 272 508 42 49 86 318 38686 413 13822 339 278 25 958 57 22 1388 36 134 234
leaf_count=443 29 265 11047 4223 103 79 138 89 194 8491 176 272 508 42 49 86 318 38686 413 13822 339 278 25 958 57 22 1388 36 134 234
internal_value=3.33874e-10 -0.413639 0.155246 -0.764775 -1.13671 -1.91675 -0.584812 0.456296 1.18339 0.0927058 0.0949658 0.279228 0.812798 1.39275 -0.265701 2.62132 3.1104 0.0482469 -0.81541 -0.25995 0.178398 0.380062 1.44609 0.0841707 0.947898 -1.84502 -0.741203 -2.26284 -2.85886 -2.99343
internal_weight=82944 22635 60309 6891 2247 756 4644 421 283 49262 49233 9958 1467 954 513 446 404 39275 589 15744 1922 1657 360 1297 335 241 1491 219 183 313
internal_count=82944 22635 60309 6891 2247 756 4644 421 283 49262 49233 9958 1467 954 513 446 404 39275 589 15744 1922 1657 360 1297 335 241 1491 219 183 313
is_linear=0
shrinkage=0.05


Tree=57
num_leaves=31
num_cat=0
split_feature=2 5 2 8 2 0 3 4 4 3 5 4 3 9 6 4 4 5 3 5 4 5 4 4 6 6 4 1 4 5
split_gain=1.92279e+06 445269 379726 242946 220162 170962 155925 139080 154729 176083 163391 136359 227004 263880 183510 270395 164668 209660 426612 414607 765636 794438 386724 531556 489936 257252 281881 213671 213605 206717
threshold=-0.33964599426774827 -1.2818148012906687 0.91025077072578442 1.0792073135794762 -2.9269291316394743 -1.3198341981492334 -1.6232987202636431 1.2750125887690096 -1.1306715409838382 -0.78124939151260941 1.254328062751503 -0.96227365190113912 1.3252395340690633 -0.19252438044475575 -0.89145085320788475 -1.5636946843393509 0.76981892152091114 0.30505838731795659 -0.54436166125785357 0.65128935879477212 -0.60142103243821221 1.082299156171467 0.67359155633079737 -0.21651157167775612 1.1133806251249947 -1.0580783826696147 0.40896630205798407 1.9550334553775592 0.505193667248098 0.90745195762283271
decision_type=2 2 2 2 2 2 2 2 2 2 2 2 2 2 2 2 2 2 2 2 2 2 2 2 2 2 2 2 2 2
left_child=1 4 6 -3 5 -1 -2 8 10 -10 -5 12 -8 -14 -15 -16 17 18 28 22 21 -21 23 -19 -25 26 -20 -27 -13 -22
right_child=2 3 -4 7 -6 -7 11 -9 9 -11 -12 16 13 14 15 -17 -18 19 25 20 29 -23 -24 24 -26 27 -28 -29 -30 -31
leaf_value=-0.99540325167150567 -1.3303217185902474 -0.28623522973948867 0.41242370540371387 1.9277613428772473 -0.57998864466725586 -2.4198457507285047 0.20017108790040813 -0.6689021448395327 -0.82302719636800448 1.5208491360422218 -1.0644134636001035 -0.35478577992695126 0.1188843896234916 0.18265091745884388 0.74662952298919372 4.4058922450933888 0.19736601777570914 -0.10666079255604044 -0.12253492220601932 0.2625555738455696 -0.24836711482537432 -1.7969886601178182 1.9468043368967143 -1.0315357680025794 -3.4217528792098166 0.24358889776438786 -1.734126346221337 -2.2429676692376193 -2.9871052215680667 0.43246972205094852
leaf_weight=971 193 13505 11047 61 6802 269 9392 209 94 543 181 147 275 77 81 134 12955 1508 1643 849 1452 1044 136 1319 256 12425 325 87 162 4802
leaf_count=971 193 13505 11047 61 6802 269 9392 209 94 543 181 147 275 77 81 134 12955 1508 1643 849 1452 1044 136 1319 256 12425 325 87 162 4802
internal_value=6.42378e-11 -0.392957 0.147483 -0.22833 -0.691688 -1.30442 0.0880705 0.490433 0.766088 1.17497 -0.310188 0.0936494 0.258824 1.23038 2.27716 3.02729 0.0515891 -0.0206166 0.103487 -0.182096 0.00772604 -0.873294 -0.662517 -0.777622 -1.42004 0.142717 -0.388677 0.226299 -1.73484 0.274399
internal_weight=82944 22635 60309 14593 8042 1240 49262 1088 879 637 242 49069 9959 567 292 215 39110 26155 14789 11366 8147 1893 3219 3083 1575 14480 1968 12512 309 6254
internal_count=82944 22635 60309 14593 8042 1240 49262 1088 879 637 242 49069 9959 567 292 215 39110 26155 14789 11366 8147 1893 3219 3083 1575 14480 1968 12512 309 6254
is_linear=0
shrinkage=0.05


Tree=58
num_leaves=31
num_cat=0
split_feature=2 2 2 6 5 4 0 1 0 9 0 4 7 5 8 4 1 12 6 0 0 4 5 5 4 5 4 4 6 12
split_gain=1.73532e+06 412519 342703 157722 318802 227557 168195 153166 150354 148224 176161 187984 434183 212240 158424 138656 170111 327580 194983 261751 166916 157597 190272 361460 737316 744258 349019 479730 442167 237596
threshold=-0.33964599426774827 -1.6064233679019828 0.91025077072578442 1.1133806251249947 -1.4032428797398566 -0.38490946076045524 -1.5171609031969804 -1.6930656424506583 -0.21064511142324416 -0.19252438044475575 -0.23828103296901393 0.67359155633079737 1.7010387896728181 0.18394424571997578 1.0792073135794762 -0.96227365190113912 1.2791650113445097 0.69631062382279152 0.30811198432835407 0.039344315026045372 0.73495345231608078 0.76981892152091114 0.30505838731795659 0.65128935879477212 -0.60142103243821221 1.082299156171467 0.67359155633079737 -0.21651157167775612 1.1133806251249947 1.392621247645583
decision_type=2 2 2 2 2 2 2 2 2 2 2 2 2 2 2 2 2 2 2 2 2 2 2 2 2 2 2 2 2 2
left_child=1 3 7 -1 -5 -6 -7 -2 -8 10 -3 13 14 -12 -13 16 -9 18 19 -18 -21 22 29 26 25 -25 27 -24 -29 -17
right_child=2 9 -4 4 5 6 8 15 -10 -11 11 12 -14 -15 -16 21 17 -19 -20 20 -22 -23 23 24 -26 -27 -28 28 -30 -31
leaf_value=-0.8397206582404787 -3.5489908473245033 -1.0143913345176865 0.39180252049558567 -1.5540623414478485 -1.0633217933344412 2.0459854633207359 -0.079243395543016959 0.19579804594076872 2.8102490842598034 -0.29657736274622093 1.1580932277109157 0.4070918312604479 7.7301420097351077 -0.29720610127852226 3.3007261006455675 0.16996301334023384 -4.4395853224922632 2.8429130031665171 1.8697375849183453 0.70343397373825212 -2.1934781398181422 0.18591482731281853 -0.10132775110191361 0.2494277997284654 0.25927884136114954 -1.7286522950663485 1.8494641225127613 -0.97995898317473018 -3.2506652354728431 -0.41523831124652055
leaf_weight=5075 29 270 11047 314 222 189 384 9262 51 14471 339 278 25 960 57 12855 34 180 152 269 61 13004 1508 849 6262 1081 136 1319 256 2005
leaf_count=5075 29 270 11047 314 222 189 384 9262 51 14471 339 278 25 960 57 12855 34 180 152 269 61 13004 1508 849 6262 1081 136 1319 256 2005
internal_value=-4.11571e-11 -0.373309 0.140109 -0.719492 -0.19349 0.311498 0.800616 0.083667 0.259525 -0.241696 0.170014 0.362774 1.3738 0.0825833 0.899442 0.0858067 0.252448 1.00632 0.365651 -0.262429 0.167944 0.0435555 -0.0269116 -0.180468 -0.00406553 -0.858502 -0.629392 -0.738741 -1.34904 0.0910042
internal_weight=82944 22635 60309 6235 1160 846 624 49262 435 16400 1929 1659 360 1299 335 49233 9958 696 516 364 330 39275 26271 11411 8192 1930 3219 3083 1575 14860
internal_count=82944 22635 60309 6235 1160 846 624 49262 435 16400 1929 1659 360 1299 335 49233 9958 696 516 364 330 39275 26271 11411 8192 1930 3219 3083 1575 14860
is_linear=0
shrinkage=0.05


Tree=59
num_leaves=31
num_cat=0
split_feature=2 2 5 4 8 4 5 5 4 4 5 5 8 3 8 3 6 2 2 3 5 1 12 2 4 7 4 5 4 4
split_gain=1.57187e+06 512393 212194 324388 302403 431831 535848 320748 311675 334062 393134 302214 318913 300326 264995 315968 254501 235570 228996 228632 215645 207983 335009 240000 193372 184127 337391 225967 182048 175539
threshold=-1.1477478251494748 0.31121748962359114 -0.24472827403648004 -1.4193536365541799 1.0000000180025095e-35 1.5636946843393513 0.99864169796777091 0.99864169796777091 0.74576208022338275 -0.36085261946292729 1.1922423828011943 0.75810821674430728 -1.0174668528432229 0.12725382197139487 -1.0174668528432229 0.62843086497424028 -0.89145085320788475 1.5519989220804409 1.099956027175979 1.769898520573933 0.90745195762283271 2.0461742978437463 1.0000000180025095e-35 1.7446216426428591 0.96227365190113923 -0.90839521789717692 -1.1306715409838382 -1.3494002584220433 -0.21651157167775612 0.67359155633079737
decision_type=2 2 2 2 2 2 2 2 2 2 2 2 2 2 2 2 2 2 2 2 2 2 2 2 2 2 2 2 2 2
left_child=25 -2 13 11 5 6 16 17 9 10 -9 -4 -13 -3 15 -8 -5 29 -10 -14 -7 23 -23 -15 -20 26 27 -1 -28 -6
right_child=1 2 3 4 7 20 14 8 18 -11 -12 12 19 21 -16 -17 -18 -19 24 -21 -22 22 -24 -25 -26 -27 28 -29 -30 -31
leaf_value=-1.4067365166138519 -0.042658281632829843 -0.11997063330263641 0.13442787312505716 0.57866585701986517 -0.23748735052844908 0.30859603761815496 -0.04726207339595602 1.2946640973926549 0.17612449120640974 1.3877364207313885 -1.1144032758482723 2.8745478286626809 0.96344905136030512 0.42632962256333284 -2.3280640396890759 -1.7435189418243393 -0.37197157657428281 -2.30090231310044 -4.0869582771452571 -3.9130984115600587 2.6286928079667549 0.29873749824404194 -1.9380438553444443 1.4748878014538391 -0.39436964530211233 -0.47509706738656388 0.27774801365719276 -4.4906316404955255 -1.1214311803483392 0.33232782543920358
leaf_weight=132 37297 3020 1136 1022 3044 248 603 323 543 1371 356 251 623 14537 395 504 2263 112 65 25 168 570 237 567 78 9751 321 108 843 2431
leaf_count=132 37297 3020 1136 1022 3044 248 603 323 543 1371 356 251 623 14537 395 504 2263 112 65 25 168 570 237 567 78 9751 321 108 843 2431
internal_value=3.72668e-12 0.0858009 0.224707 0.0879196 -0.000628892 -0.299643 -0.433924 0.186295 0.629846 0.938554 0.031589 0.676473 1.36142 0.337144 -1.21626 -0.819542 -0.0762177 -0.0309153 -0.292679 0.775311 1.24556 0.423907 -0.358161 0.465692 -2.07282 -0.552179 -1.08753 -2.79449 -0.735575 0.015521
internal_weight=82944 71789 34492 15561 13526 5203 4787 8323 2736 2050 679 2035 899 18931 1502 1107 3285 5587 686 648 416 15911 807 15104 143 11155 1404 240 1164 5475
internal_count=82944 71789 34492 15561 13526 5203 4787 8323 2736 2050 679 2035 899 18931 1502 1107 3285 5587 686 648 416 15911 807 15104 143 11155 1404 240 1164 5475
is_linear=0
shrinkage=0.05


Tree=60
num_leaves=31
num_cat=0
split_feature=3 2 5 4 5 8 8 4 5 5 4 8 3 4 3 6 2 0 5 10 3 5 4 8 4 4 6 3 6 6
split_gain=1.45297e+06 535546 216562 280985 272869 295617 272237 345675 418055 299824 364764 293912 359044 279141 280917 257859 245026 230509 210615 208237 207250 334337 374705 337492 301145 493144 267844 264723 259315 398889
threshold=-1.1773625018414793 0.23794766127407643 -0.24472827403648004 -1.4193536365541799 0.75810821674430728 -1.0174668528432229 1.0000000180025095e-35 1.5636946843393513 0.99864169796777091 0.95394520574413566 0.72170523892585436 -1.0174668528432229 0.46780586110723493 0.67359155633079737 -0.44260916112300863 -0.89145085320788475 1.2372373708373974 -1.2918889148873716 0.80943899875565395 1.0000000180025095e-35 0.48229546455664535 -0.85925218225375766 -1.3231262713640659 1.0792073135794762 -0.52925050854562683 0.74576208022338275 1.0000000180025095e-35 -0.30435920025445279 -0.066328909107543868 1.1133806251249947
decision_type=2 2 2 2 2 2 2 2 2 2 2 2 2 2 2 2 2 2 2 2 2 2 2 2 2 2 2 2 2 2
left_child=-1 -2 20 4 -4 -6 7 8 15 13 17 12 19 -8 -15 -5 -12 -11 -9 -10 21 22 26 -23 27 28 -3 -24 -26 -30
right_child=1 2 3 6 5 -7 9 18 11 10 16 -13 -14 14 -16 -17 -18 -19 -20 -21 -22 23 24 -25 25 -27 -28 -29 29 -31
leaf_value=-0.56083798118587869 -0.06554518986728898 -3.0925602501892784 0.12956106949275567 0.54062797628755965 2.7308204391295927 0.7189958662275614 -0.30426421937140541 0.052092847731358728 -0.52244172604351313 -0.22528321921316433 0.031154194005600534 -2.1882744862580474 -1.506024052921713 2.6816486711673924 0.2470514891549942 -0.34409958689471254 -2.3943486477434637 1.1095396592681437 2.1772945957359946 1.3512914372049272 0.43655360732027698 0.65600668437664822 2.266688956975937 -0.73372442464338739 -0.41965522828135682 0.33905844669244845 0.60518959189084043 0.23615404848435487 -2.7984985701094462 -0.063196965125275825
leaf_weight=10137 34313 182 1232 1164 251 670 3777 248 388 387 787 412 615 124 2664 2816 120 1969 220 240 13117 3011 200 511 708 1215 67 813 381 205
leaf_count=10137 34313 182 1232 1164 251 670 3777 248 388 387 787 412 615 124 2664 2816 120 1969 220 240 13117 3011 200 511 708 1215 67 813 381 205
internal_value=3.03868e-10 0.0780861 0.206117 0.0801261 0.616248 1.26728 0.00767172 -0.254619 -0.363064 0.170549 0.562273 -1.03092 -0.647307 -0.0241487 0.355333 -0.0853501 -0.28975 0.89028 1.05112 0.193635 0.317749 0.104071 -0.2231 0.454373 -0.090577 -0.384354 -2.09758 0.637049 -1.0636 -1.84161
internal_weight=82944 72807 38494 18084 2153 921 15931 6103 5635 9828 3263 1655 1243 6565 2788 3980 907 2356 468 628 20410 7293 3771 3522 3522 2509 249 1013 1294 586
internal_count=82944 72807 38494 18084 2153 921 15931 6103 5635 9828 3263 1655 1243 6565 2788 3980 907 2356 468 628 20410 7293 3771 3522 3522 2509 249 1013 1294 586
is_linear=0
shrinkage=0.05


Tree=61
num_leaves=31
num_cat=0
split_feature=2 3 2 5 3 11 8 8 8 3 12 7 1 3 5 0 1 3 1 5 6 12 5 12 8 3 5 2 11 5
split_gain=1.32958e+06 349701 242605 155087 227805 226140 169428 159022 152776 193681 144388 139645 219314 220986 135401 132611 183983 189109 131848 368115 501064 163687 241713 205890 166503 172565 154911 135951 128248 135805
threshold=-0.26267516651090023 -1.2427499936392385 1.177662146332213 -0.24472827403648004 -0.49086458611148398 0.46605794042707133 0.19793268244031401 0.74090168677562918 1.0152913959672809 -0.78124939151260941 -1.0444659357341868 -0.74611299300944822 1.1864092639513248 0.39673311277699536 1.366818105386481 0.18115001513489212 0.078696315510152728 0.64602551738666747 1.1350280108538244 -1.0822991561714665 1.7077461606570974 1.0444659357341872 -0.85925218225375766 -0.6963106238227913 -1.0174668528432229 1.2418449932573394 -0.70535813777133527 1.1962081810113565 0.46605794042707133 -0.85925218225375766
decision_type=2 2 2 2 2 2 2 2 2 2 2 2 2 2 2 2 2 2 2 2 2 2 2 2 2 2 2 2 2 2
left_child=1 -1 3 4 5 6 -2 -8 -3 -10 28 12 13 14 -5 16 -12 -18 -4 20 -20 22 23 -21 25 -24 -26 -28 -6 -30
right_child=2 8 18 11 10 -7 7 -9 9 -11 15 -13 -14 -15 -16 -17 17 -19 19 21 -22 -23 24 -25 26 -27 27 -29 29 -31
leaf_value=-0.55762136857326206 -0.90150104465611869 -0.23476180771116861 0.66970835688419894 0.10150146612478109 0.37675340770577104 -1.1302961163778755 4.2900318855237538 0.59208340074725541 -0.55911540150721717 0.45423441134421055 0.29803568010556231 0.071640268673372004 -2.172009059937968 -0.62389514564269344 -2.0303663881201497 0.26825309304303829 -0.55657645831352021 0.25666254064892424 -2.1313795721929547 1.9528143218412073 2.2578933341474072 0.98263471090059795 -0.6357175515076825 0.065468878036999453 0.23637900965889616 1.8747599911062343 2.5142680684725445 -0.91526481772159196 2.0155446811910078 0.55606324349581104
leaf_weight=9038 89 12763 2875 3725 2464 593 46 79 634 1840 2458 25178 138 1722 76 11773 2088 1087 314 307 82 862 107 273 671 190 30 786 273 383
leaf_count=9038 89 12763 2875 3725 2464 593 46 79 634 1840 2458 25178 138 1722 76 11773 2088 1087 314 307 82 862 107 273 671 190 30 786 273 383
internal_value=1.44272e-10 -0.311215 0.128769 0.0928887 0.196537 -0.627488 0.765806 1.95293 -0.165056 0.194548 0.228935 0.0211894 -0.203197 -0.154004 0.0588753 0.17279 -0.0267296 -0.278154 0.416892 0.216216 -1.22249 0.392821 0.177754 1.06446 -0.110525 0.970312 -0.326402 -0.789179 0.542159 1.16344
internal_weight=82944 24275 58669 52172 21333 807 214 125 15237 2474 20526 30839 5661 5523 3801 17406 5633 3175 6497 3622 396 3226 2364 580 1784 297 1487 816 3120 656
internal_count=82944 24275 58669 52172 21333 807 214 125 15237 2474 20526 30839 5661 5523 3801 17406 5633 3175 6497 3622 396 3226 2364 580 1784 297 1487 816 3120 656
is_linear=0
shrinkage=0.05


Tree=62
num_leaves=31
num_cat=0
split_feature=2 2 3 9 11 6 5 1 5 7 4 7 4 0 4 4 4 7 5 9 6 4 9 3 5 8 4 9 11 2
split_gain=1.20639e+06 381804 173837 218597 172394 164989 231330 256620 227050 163536 160302 159474 301930 206102 170576 168830 146906 327271 174361 166896 195969 437296 138131 136702 158722 141809 183956 213857 195312 173075
threshold=-1.1802710459268073 0.14542758060462355 1.0445045951198411 -0.28878657066713359 0.46605794042707133 1.7077461606570974 1.3494002584220433 -1.1230437272174754 0.90745195762283271 1.7010387896728181 -1.4193536365541799 -0.90839521789717692 -1.1306715409838382 -1.2594069101410368 -1.5636946843393509 -0.21651157167775612 -1.4193536365541799 1.7010387896728181 0.90745195762283271 1.0000000180025095e-35 -0.89145085320788475 -0.72170523892585436 0.77009752177902324 -1.7107364843985085 -1.2543280627515025 -1.7404918888887655 1.2750125887690096 0.096262190222377905 1.0801555850332116 0.78857396042935346
decision_type=2 2 2 2 2 2 2 2 2 2 2 2 2 2 2 2 2 2 2 2 2 2 2 2 2 2 2 2 2 2
left_child=11 4 23 9 5 6 -2 -8 -7 -4 -10 12 13 -1 -15 -14 17 18 -5 -18 21 -21 -13 24 -3 26 28 -28 -25 -30
right_child=1 2 3 16 -6 8 7 -9 10 -11 -12 22 15 14 -16 -17 19 -19 -20 20 -22 -23 -24 25 -26 -27 27 -29 29 -31
leaf_value=-1.2804767224034579 0.03159424203804604 -5.7239205360412599 -0.059417145058917403 1.1190563716855482 -0.24509602492679414 -0.046570792836570549 3.0318330893483689 0.49228704925667099 1.347385515949943 0.76278134009440191 -1.4839444018944503 0.0067739433511826395 0.31736356588863884 -1.2300529830383533 -5.543779899597169 -1.0348018643851313 0.90233258525027993 -2.0280632320109389 2.9382495970239302 -2.0411804677034815 0.51110198122906403 0.68421741751836818 -0.50464407219223162 0.67511429886191998 -0.72456389495304663 0.092770579950029852 0.092219621057489098 -2.6531838104599403 -0.089695308113298511 -3.7010999112025553
leaf_weight=132 16354 20 3056 597 9365 1257 127 459 55 754 549 1587 321 33 75 822 1369 71 169 274 1373 318 7857 2722 77 32611 280 95 119 46
leaf_count=132 16354 20 3056 597 9365 1257 127 459 55 754 549 1587 321 33 75 822 1369 71 169 274 1373 318 7857 2722 77 32611 280 95 119 46
internal_value=6.19652e-11 0.0738851 0.165983 0.377088 -0.069827 0.0174765 0.0665699 1.04267 -0.429403 0.103296 -1.22612 -0.492137 -0.993588 -2.60583 -4.2257 -0.65506 0.627183 1.21941 1.52042 0.478505 0.183227 -0.5772 -0.418704 0.119143 -1.75536 0.124212 0.438536 -0.603283 0.573861 -1.09651
internal_weight=82944 72117 43951 7981 28166 18801 16940 586 1861 3810 604 10827 1383 240 108 1143 4171 837 766 3334 1965 592 9444 35970 97 35873 3262 375 2887 165
internal_count=82944 72117 43951 7981 28166 18801 16940 586 1861 3810 604 10827 1383 240 108 1143 4171 837 766 3334 1965 592 9444 35970 97 35873 3262 375 2887 165
is_linear=0
shrinkage=0.05


Tree=63
num_leaves=31
num_cat=0
split_feature=2 2 2 9 3 4 7 1 4 1 6 4 4 1 7 12 4 1 3 6 5 4 4 1 8 8 6 6 5 4
split_gain=1.09106e+06 300911 206080 168243 237710 198688 312176 173762 315779 185726 175311 282050 222568 179299 179895 158921 162215 149013 139622 192794 180437 159091 331471 352519 283867 169333 149712 138724 283391 141317
threshold=-0.26267516651090023 -1.762795021402755 1.177662146332213 -0.19252438044475575 -0.58074464360926992 0.69764839762832587 1.7010387896728181 -0.10848014813728003 -0.81793260411596802 0.25568852646086221 -0.50537016327275397 0.67359155633079737 1.154728382281367 0.31953546075417266 1.7010387896728181 -0.6963106238227913 -1.5396378430418223 -0.89166080831649308 -2.3090898832489657 -0.50537016327275397 1.1922423828011943 -1.1306715409838382 -0.24056841297528506 -1.365280207121863 -1.0174668528432229 1.0792073135794762 -0.91243033262339701 1.1133806251249947 -1.4100253104837919 -1.3231262713640659
decision_type=2 2 2 2 2 2 2 2 2 2 2 2 2 2 2 2 2 2 2 2 2 2 2 2 2 2 2 2 2 2
left_child=1 27 -2 4 5 -3 17 15 9 -9 11 -10 -13 -12 -15 16 -5 -7 19 -17 26 -22 23 -23 -25 -26 -20 -1 -29 -30
right_child=2 3 -4 7 -6 6 -8 8 10 -11 13 12 -14 14 -16 18 -18 -19 20 -21 21 22 -24 24 25 -27 -28 28 29 -31
leaf_value=-0.75120161876328018 0.0835789121756908 -0.4574679295871068 0.38219736900427281 0.76140374210680084 -0.019864393744442446 -2.5931969064474107 7.6327080685159432 -0.043164793392322189 0.18102084403500612 2.6116907392507014 -1.175107950513735 -2.4291356832727673 0.36568802080371166 -1.7773151073037932 -5.3329552576459696 2.1964920810883561 -0.48714291978198737 1.9040709566852567 0.97182678649758136 -0.19688147313064999 -0.37963416497878993 4.9793153464794164 -0.060830280881651932 2.3644204202906365 0.098163549302482112 2.0344227077157209 -0.39031059255905909 -1.6489849956283249 -1.3268069485607354 0.79404715447351892
leaf_weight=4084 52172 110 6497 275 1929 20 23 232 527 92 487 254 99 92 58 158 4817 233 211 180 1285 52 2496 224 781 132 4588 207 92 537
leaf_count=4084 52172 110 6497 275 1929 20 23 232 527 92 487 254 99 92 58 158 4817 233 211 180 1285 52 2496 224 781 132 4588 207 92 537
internal_value=8.50796e-11 -0.28192 0.116648 -0.193165 0.206781 1.33942 2.05557 -0.2475 -0.706268 0.710683 -1.0089 -0.55159 -1.64532 -1.64066 -3.15216 -0.191931 -0.419714 1.54856 -0.0771723 0.921914 -0.11174 0.0994169 0.266467 0.953544 0.769428 0.378105 -0.330421 -0.631079 -0.0442617 0.483843
internal_weight=82944 24275 58669 19355 2315 386 276 17040 1841 324 1517 880 353 637 150 15199 5092 253 10107 338 9769 4970 3685 1189 1137 913 4799 4920 836 629
internal_count=82944 24275 58669 19355 2315 386 276 17040 1841 324 1517 880 353 637 150 15199 5092 253 10107 338 9769 4970 3685 1189 1137 913 4799 4920 836 629
is_linear=0
shrinkage=0.05


Tree=64
num_leaves=31
num_cat=0
split_feature=2 2 2 1 4 7 2 9 6 6 6 7 2 1 5 5 4 8 5 4 5 4 4 5 2 4 2 6 4 11
split_gain=987360 328904 137718 134765 183795 229213 213034 148937 153606 153238 143368 141157 134166 129608 269219 127139 219318 270241 363151 272880 239681 234176 235628 522098 230999 199173 197885 176519 224184 182421
threshold=-1.1802710459268073 0.34366841508042739 -3.3487556704309971 0.69061970592758704 -0.81793260411596802 -0.67395931651126872 -0.0435526676895263 -0.28878657066713359 -0.066328909107543868 -0.066328909107543868 -0.066328909107543868 -0.17427846833443938 1.96935456431297 2.1699394851085603 -1.0414542967587235 -0.24472827403648004 -1.4193536365541799 1.0000000180025095e-35 1.0414542967587244 1.5636946843393513 0.99864169796777091 0.74576208022338275 -0.21651157167775612 1.1922423828011943 1.6761512849956526 -0.72170523892585436 1.5519989220804409 -0.89145085320788475 -1.1787852235788951 -0.76213734878520889
decision_type=2 2 2 2 2 2 2 2 2 2 2 2 2 2 2 2 2 2 2 2 2 2 2 2 2 2 2 2 2 2
left_child=2 3 -1 -2 5 6 -5 9 -9 -6 -8 -7 15 -14 -15 -3 -17 18 27 25 26 22 23 -22 -23 -20 -19 -18 -29 -30
right_child=1 12 -4 4 7 11 10 8 -10 -11 -12 -13 13 14 -16 16 17 20 19 -21 21 24 -24 -25 -26 -27 -28 28 29 -31
leaf_value=-1.4541242257518716 -0.053356981681750626 0.25658488905916815 -0.41370632781798211 1.2662271290365608 -0.15419704573996382 4.0018664638812727 -4.8019568522771205 0.13441896173593063 -1.3208707857139101 1.1202292385666659 -0.61263549082579405 1.428676375240163 1.253241758059084 -4.3192235784605151 0.4585896924952666 0.56364290197640698 0.47763608586293299 0.010451449830136737 -2.1848805094782748 2.0802328639955667 1.7496211421273333 -0.07953037682277124 1.3679748692631764 -0.85432884433967438 -5.2957753268155194 -0.79065568882004778 -2.3294739313747574 -1.8836537898614489 -1.0561091167434788 0.10527293700129635
leaf_weight=328 37191 17530 10499 180 483 65 24 431 313 461 137 296 565 32 375 1839 1087 5051 361 67 327 602 1008 468 22 882 92 203 429 1596
leaf_count=328 37191 17530 10499 180 483 65 24 431 313 461 137 296 565 32 375 1839 1087 5051 361 67 327 602 1008 468 22 882 92 203 429 1596
internal_value=3.23165e-10 0.0668422 -0.445225 -0.0299688 0.333976 1.01389 0.0842899 0.0512148 -0.47782 0.468166 -1.23713 1.89199 0.184616 0.763207 0.0829385 0.166798 0.0546445 -0.0221122 -0.323237 -1.02803 0.161864 0.571419 0.860354 0.21673 -0.263436 -1.19558 -0.0314061 -0.0447199 -0.299568 -0.140768
internal_weight=82944 72117 10827 39581 2390 702 341 1688 744 944 161 361 32536 972 407 31564 14034 12195 4625 1310 7570 2427 1803 795 624 1243 5143 3315 2228 2025
internal_count=82944 72117 10827 39581 2390 702 341 1688 744 944 161 361 32536 972 407 31564 14034 12195 4625 1310 7570 2427 1803 795 624 1243 5143 3315 2228 2025
is_linear=0
shrinkage=0.05


Tree=65
num_leaves=31
num_cat=0
split_feature=3 2 6 4 8 4 0 1 4 7 3 9 0 7 1 4 1 9 2 2 1 8 2 6 0 0 6 0 2 9
split_gain=920552 350965 231305 158454 224101 316770 174120 145073 154630 168074 214609 148499 245628 158103 139665 160924 136956 133044 132354 128730 145340 205199 166540 145381 157729 142121 122408 118344 116209 110892
threshold=-1.2427499936392385 0.24285750897870426 -1.0580783826696147 0.96227365190113923 0.74090168677562918 0.52925050854562661 -0.86012903048836875 0.79863726664185231 -0.84198944541349652 -0.67395931651126872 0.79274670876277797 -1.2514084728909125 0.64130839416711594 1.7010387896728181 -0.031881102473667482 -0.81793260411596802 -0.33223635020029019 -0.38504876088951151 -1.7194624959415454 2.373974781115797 1.9550334553775592 0.37100531152820115 1.494533552376071 1.7077461606570974 0.56837680559423676 0.62867323683413623 -0.066328909107543868 -0.81772864309389448 -1.477247251224185 0.096262190222377905
decision_type=2 2 2 2 2 2 2 2 2 2 2 2 2 2 2 2 2 2 2 2 2 2 2 2 2 2 2 2 2 2
left_child=2 7 -1 4 5 18 16 11 9 10 -9 12 13 -2 -6 -16 28 26 -4 20 22 29 -3 24 -24 -23 -10 -20 -7 -22
right_child=1 19 3 -5 14 6 -8 8 17 -11 -12 -13 -14 -15 15 -17 -18 -19 27 -21 21 25 23 -25 -26 -27 -28 -29 -30 -31
leaf_value=4.6572915922511706 0.74745827631094863 0.15228404180976962 -0.80074287108780884 -0.80408585816806699 -0.56605985354451016 1.8938123394883772 -0.34133237476382305 1.0053539055636993 -0.070233813764425265 2.2013492792913127 -2.7423670433937239 -0.1177299762770872 0.024296856543851664 3.0909544801712041 -0.01034475322534789 -3.0693039816617969 3.0812161022361289 -0.50204602581435365 0.14341900573019259 1.1572591368764362 0.30220913029900132 -0.69604449308307592 0.18775133046983558 2.2952622111526231 1.2156367554957517 -2.714965399428531 1.6049315687398069 -0.79986705646057144 0.22121389216647069 -1.0754413970928083
leaf_weight=22 717 34447 931 2644 3085 188 214 204 237 218 47 28928 4148 80 67 120 94 483 1455 324 910 406 1148 124 553 111 202 431 232 174
leaf_count=22 717 34447 931 2644 3085 188 214 204 237 218 47 28928 4148 80 67 120 94 483 1455 324 910 406 1148 124 553 111 202 431 232 174
internal_value=2.11652e-10 0.0598475 -0.463615 -0.475523 -0.348088 -0.0726691 0.857071 -0.0538948 0.446555 1.1857 0.303589 -0.0744459 0.178764 0.98269 -0.646487 -1.97331 1.35602 0.0705667 -0.312943 0.164856 0.156366 -0.309851 0.176944 0.64241 0.52192 -1.12951 0.700571 -0.0721464 0.969901 0.0810733
internal_weight=82944 73461 9483 9461 6817 3545 728 35264 1391 469 251 33873 4945 797 3272 187 514 922 2817 38197 37873 1601 36272 1825 1701 517 439 1886 420 1084
internal_count=82944 73461 9483 9461 6817 3545 728 35264 1391 469 251 33873 4945 797 3272 187 514 922 2817 38197 37873 1601 36272 1825 1701 517 439 1886 420 1084
is_linear=0
shrinkage=0.05


Tree=66
num_leaves=31
num_cat=0
split_feature=3 2 6 5 4 8 4 5 9 4 5 8 2 8 3 4 5 4 5 3 3 6 0 3 3 5 8 4 8 1
split_gain=830798 318076 208753 155230 223466 233445 324096 394639 251270 321445 225678 299931 217440 210572 253596 198393 197308 181656 290529 176875 175866 175073 181718 174229 170731 169673 168561 168317 356288 165489
threshold=-1.2427499936392385 0.31121748962359114 -1.0580783826696147 -0.24472827403648004 -1.4193536365541799 -1.0000000180025095e-35 1.5636946843393513 0.99864169796777091 -0.096262190222377877 0.72170523892585436 0.90745195762283271 1.0000000180025095e-35 1.2372373708373974 -1.0174668528432229 0.64602551738666747 0.67359155633079737 0.36482234569996347 -0.36085261946292729 1.1922423828011943 1.0762024971635065 0.12725382197139487 -0.89145085320788475 0.16495116276451879 -0.44260916112300863 0.39673311277699536 0.90745195762283271 0.74090168677562918 -0.21651157167775612 0.37100531152820115 2.0461742978437463
decision_type=2 2 2 2 2 2 2 2 2 2 2 2 2 2 2 2 2 2 2 2 2 2 2 2 2 2 2 2 2 2
left_child=2 -2 -1 20 10 6 7 21 15 17 -5 -12 -11 14 -9 16 -7 18 -10 27 -3 -6 -23 -17 -14 -8 -13 -18 -29 -22
right_child=1 3 -4 4 5 8 25 13 9 12 11 26 24 -15 -16 23 19 -19 -20 -21 29 22 -24 -25 -26 -27 -28 28 -30 -31
leaf_value=4.4244269197637385 -0.040517908375765632 -0.094808998569640562 -0.45174647791575895 0.18428844586745363 0.4475049167392145 0.068750601206616066 0.2218933354011707 -0.046593162433161001 1.1084134672512898 0.01491458291124742 2.437223555663643 -0.79323838059178431 -5.3490124442360623 -2.0693670579510726 -1.5747884105446408 2.440012467429042 -0.17511257884625081 1.1784894836540647 -0.92785582449170034 -2.8646686804035437 0.36701187087683973 -1.8083036403736301 -0.20414315785398338 0.19676145585139632 -1.1252401703048027 2.2798770750384953 1.4828077231386776 -3.5337251683669302 -0.54127845834419519 -0.36787412830315708
leaf_weight=22 39160 2881 9461 1399 1022 1525 248 615 390 708 309 175 33 393 486 90 869 1384 318 92 15104 193 2070 2263 87 168 152 134 386 807
leaf_count=22 39160 2881 9461 1399 1022 1525 248 615 390 708 309 175 33 393 486 90 869 1384 318 92 15104 193 2070 2263 87 168 152 134 386 807
internal_value=-2.17517e-10 0.0568551 -0.440434 0.168022 0.0509375 -0.0228219 -0.285552 -0.40207 0.142039 0.515205 0.539308 1.32024 -0.318664 -1.07581 -0.721164 -0.0612909 -0.330449 0.845245 0.193818 -0.741509 0.264651 -0.0956557 -0.340954 0.282564 -2.28678 1.053 0.26474 -0.600882 -1.31241 0.329739
internal_weight=82944 73461 9483 34301 15509 13474 5195 4779 8279 2920 2035 636 828 1494 1101 5359 3006 2092 708 1481 18792 3285 2263 2353 120 416 327 1389 520 15911
internal_count=82944 73461 9483 34301 15509 13474 5195 4779 8279 2920 2035 636 828 1494 1101 5359 3006 2092 708 1481 18792 3285 2263 2353 120 416 327 1389 520 15911
is_linear=0
shrinkage=0.05


Tree=67
num_leaves=31
num_cat=0
split_feature=2 5 8 3 9 4 7 5 6 9 4 4 12 11 2 0 7 2 8 0 3 8 0 4 4 6 3 4 6 4
split_gain=761933 216707 200562 162552 368018 179914 308521 202968 153800 205039 236575 150677 169108 147663 136979 137036 135764 135280 127285 126442 172171 130001 166913 149159 614315 159513 173840 132803 139779 112946
threshold=-0.26267516651090023 -1.2818148012906687 1.0792073135794762 1.1951925908963179 -0.28878657066713359 -1.4193536365541799 1.7010387896728181 0.90745195762283271 -0.50537016327275397 1.0000000180025095e-35 -0.74576208022338231 1.2750125887690096 -0.6963106238227913 1.0000000180025095e-35 -2.9269291316394743 -1.3198341981492334 1.7010387896728181 0.69154318303039763 0.74090168677562918 -0.94039444389011251 -2.4347750607212824 0.74090168677562918 -1.8580712658684129 0.96227365190113923 0.38490946076045557 1.7077461606570974 -2.2045465856921633 -1.1306715409838382 0.30811198432835407 1.2750125887690096
decision_type=2 2 2 2 2 2 2 2 2 2 2 2 2 2 2 2 2 2 2 2 2 2 2 2 2 2 2 2 2 2
left_child=1 14 -3 -2 16 6 7 -6 9 -7 17 13 -13 -10 15 -1 -5 -11 -15 21 -21 22 -16 24 -24 26 -26 28 -23 -4
right_child=3 2 29 4 5 8 -8 -9 11 10 -12 12 -14 18 19 -17 -18 -19 -20 20 -22 27 23 -25 25 -27 -28 -29 -30 -31
leaf_value=-0.65345176397079463 0.069084357128283619 -0.17968302801134242 0.71993332850970182 -0.24326772217289699 1.2975008258805563 0.85926281056455245 -1.8284680086103355 3.5069700836683766 0.50740591116322609 0.34283957467837767 0.33621025661713094 -1.1877026745304466 1.0106664288943452 0.68412901581161556 -1.2854713418246231 -1.9287522428329744 0.63649348522402427 -2.0758279130440846 2.3140734972151296 0.66884294739349293 -0.96888118550728475 -0.90484286565934458 -0.21663857474606885 -0.59881956026743666 2.974042141317117 3.0042416912509551 0.58762382684504844 -0.77116520076007899 1.2894573500858888 -0.5355722981279708
leaf_weight=971 52552 14957 984 2297 489 548 66 132 408 77 435 160 193 180 261 269 542 232 358 183 1304 124 1951 735 99 155 333 1555 175 219
leaf_count=971 52552 14957 984 2297 489 548 66 132 408 77 435 160 193 180 261 269 542 232 358 183 1304 124 1951 735 99 155 333 1555 175 219
internal_value=4.96708e-10 -0.235592 -0.129727 0.097479 0.341422 0.702344 1.42172 1.76715 0.511603 0.125336 -0.415245 0.895789 0.0142385 1.22474 -0.446408 -0.93011 -0.0753105 -1.47312 1.76874 -0.359166 -0.767332 -0.246519 -0.0686293 0.0284058 0.210049 1.62822 1.13451 -0.585603 0.379447 0.491375
internal_weight=82944 24275 16160 58669 6117 3278 687 621 2591 1292 744 1299 353 946 8115 1240 2839 309 538 6875 1487 5388 3534 3273 2538 587 432 1854 299 1203
internal_count=82944 24275 16160 58669 6117 3278 687 621 2591 1292 744 1299 353 946 8115 1240 2839 309 538 6875 1487 5388 3534 3273 2538 587 432 1854 299 1203
is_linear=0
shrinkage=0.05


Tree=68
num_leaves=31
num_cat=0
split_feature=3 2 6 5 5 4 4 5 4 2 8 4 4 3 1 8 3 5 6 6 1 4 0 2 5 1 4 3 6 0
split_gain=688040 271369 186916 152137 201505 271733 539462 325628 348900 296223 218966 200425 275973 316658 274155 195904 255533 189465 222485 209975 185366 411037 217942 168942 168825 218480 165479 460875 348967 353391
threshold=-1.2427499936392385 0.056619292281151978 -1.0580783826696147 -0.24472827403648004 0.70535813777133538 -1.4193536365541799 -0.55330734984315477 1.1577679250095743 -1.0344441757937244 0.98843438858650667 1.0792073135794762 0.4811368259505695 1.5636946843393513 -0.68478687396700699 -0.53642220961075304 -1.0174668528432229 1.6282654869791371 0.90745195762283271 -0.91243033262339701 1.7077461606570974 0.61858287174775384 0.96227365190113923 -0.34955362207097701 1.805007244251817 -1.0822991561714665 2.3018234381716098 -1.3231262713640659 1.1951925908963179 1.0000000180025095e-35 0.070719531670819527
decision_type=2 2 2 2 2 2 2 2 2 2 2 2 2 2 2 2 2 2 2 2 2 2 2 2 2 2 2 2 2 2
left_child=2 -2 -1 24 -5 15 7 9 -9 10 -7 14 13 -13 -8 -6 -17 18 -16 -19 -15 22 -22 -11 25 26 27 28 -3 -30
right_child=1 3 -4 4 5 6 11 8 -10 23 -12 12 -14 20 17 16 -18 19 -20 -21 21 -23 -24 -25 -26 -27 -28 -29 29 -31
leaf_value=4.2025783928957852 -0.079875721478810419 -2.1499968327039154 -0.41151577042033405 -0.089931947938845305 2.0604977806926601 0.44032451630794606 -0.89538169115011979 0.22376602078725094 -1.7802592242933397 -2.1317345631308853 -1.7171766722849175 2.5173721411877925 1.1331920742546469 0.04954164386710843 -1.8522123829381809 0.73379992959390572 -3.5737559994061794 0.99851859978758117 0.59338327959341264 -1.5416851739266091 -0.64085651101278407 -0.29033520509439864 -4.5298321317918235 0.24086574921553786 0.29884838405250375 -4.7621220707893377 0.11414544314803657 1.1423701259540395 1.5417264861206637 -4.7022432963053387
leaf_weight=22 25545 429 9461 13940 288 1331 271 311 720 236 129 111 534 2028 140 789 36 2581 277 84 56 646 101 110 16607 24 5713 256 141 27
leaf_count=22 25545 429 9461 13940 288 1331 271 311 720 236 129 111 534 2028 140 789 36 2581 277 84 56 646 101 110 16607 24 5713 256 141 27
internal_value=7.19761e-10 0.0517403 -0.400811 0.121907 0.0356002 0.197945 0.112758 -0.466772 -1.17575 -0.0620365 0.249696 0.353514 0.0874758 -0.102331 0.629312 0.937768 0.545834 0.763378 -0.22768 0.918452 -0.205047 -0.848017 -3.14268 -1.37744 0.213878 -0.000251447 0.0171541 -0.632449 -1.39351 0.538231
internal_weight=82944 73461 9483 47916 24719 10779 9666 2837 1031 1806 1460 6829 3476 2942 3353 1113 825 3082 417 2665 2831 803 157 346 23197 6590 6566 853 597 168
internal_count=82944 73461 9483 47916 24719 10779 9666 2837 1031 1806 1460 6829 3476 2942 3353 1113 825 3082 417 2665 2831 803 157 346 23197 6590 6566 853 597 168
is_linear=0
shrinkage=0.05


Tree=69
num_leaves=31
num_cat=0
split_feature=2 2 3 1 4 0 7 4 0 4 4 7 3 0 4 2 3 9 9 2 1 1 8 11 9 8 0 1 4 4
split_gain=633801 204256 132456 122816 183397 200620 110788 269935 189775 165661 143329 109350 204672 165040 113171 106413 104112 101491 100366 98638.4 114326 101667 196267 109858 198838 215496 194356 188652 209864 408381
threshold=-1.1802710459268073 0.39545023396235407 -2.0049954553100937 0.69061970592758704 0.72170523892585436 -0.86012903048836875 -0.90839521789717692 -1.1547283822813665 -1.2594069101410368 -1.5396378430418223 -0.21651157167775612 -0.67395931651126872 0.76139470871378157 1.2423766757270025 -0.69764839762832598 -3.3487556704309971 1.3252395340690633 0.86635971200140116 -0.19252438044475575 2.1422996835152888 2.1699394851085603 1.9550334553775592 1.0792073135794762 -0.76213734878520889 0.19252438044475581 -1.7404918888887655 -0.31267751957091644 0.54745167644420667 0.91415996930608234 0.67359155633079737
decision_type=2 2 2 2 2 2 2 2 2 2 2 2 2 2 2 2 2 2 2 2 2 2 2 2 2 2 2 2 2 2
left_child=6 3 -3 -2 5 -5 7 8 -1 -10 17 12 -7 16 -14 -8 -13 -9 -6 21 -21 23 -23 27 25 -25 -27 -4 29 -29
right_child=1 2 19 4 18 11 15 10 9 -11 -12 13 14 -15 -16 -17 -18 -19 -20 20 -22 22 -24 24 -26 26 -28 28 -30 -31
leaf_value=-1.045250904255026 -0.039784268931080363 -2.7966448852890418 0.17795703701246032 -1.50588370474442 0.079981889028462316 0.74892910240849409 -1.6892192492440896 2.2956956585585062 -1.1979130709336865 -5.403345801225349 -0.81643336781950948 1.2417426838624421 -2.019628564746029 -0.84155200261277019 0.67208484503391552 -0.27529493729592025 4.5845739583174385 0.0080592825433568049 -1.0450319975930473 1.4253883701170986 0.097063132086507631 -0.1288719969682168 -2.7105726887782415 0.80691210849806749 -0.057718914051232632 1.8101029308032743 0.21679889807724756 -0.4137558221560953 0.36573318822792922 -2.9571016897395088
leaf_weight=127 39453 38 4314 106 662 593 135 59 36 67 822 790 124 97 57 9309 24 272 283 327 321 1310 78 1882 4963 194 14279 1393 651 178
leaf_count=127 39453 38 4314 106 662 593 135 59 36 67 822 790 124 97 57 9309 24 272 283 327 321 1310 78 1882 4963 194 14279 1393 651 178
internal_value=1.78093e-10 0.0535537 0.153461 -0.0173188 0.306632 0.603988 -0.356713 -0.774668 -2.33868 -3.93349 -0.46268 0.736716 0.299728 1.10799 -1.17196 -0.295507 1.3403 0.415825 -0.256927 0.157212 0.767375 0.143691 -0.273953 0.164503 0.219485 0.303604 0.238156 -0.0148297 -0.389124 -0.701926
internal_weight=82944 72117 29928 42189 2736 1791 10827 1383 230 103 1153 1685 774 911 181 9444 814 331 945 29890 648 29242 1388 27854 21318 16355 14473 6536 2222 1571
internal_count=82944 72117 29928 42189 2736 1791 10827 1383 230 103 1153 1685 774 911 181 9444 814 331 945 29890 648 29242 1388 27854 21318 16355 14473 6536 2222 1571
is_linear=0
shrinkage=0.05


Tree=70
num_leaves=31
num_cat=0
split_feature=2 5 1 3 9 7 9 6 7 4 0 2 4 4 5 4 4 0 7 3 3 4 4 1 0 5 4 7 12 4
split_gain=576619 168013 162794 128080 262295 146419 112931 364278 206080 312564 177737 166231 155883 142163 133440 131063 126591 111943 202737 142968 129300 187506 116065 109035 159089 165286 234938 329909 343271 296789
threshold=-0.33964599426774827 -1.2818148012906687 -1.6930656424506583 1.1143624907159622 -0.28878657066713359 1.7010387896728181 0.096262190222377905 -0.89145085320788475 1.7010387896728181 -1.1306715409838382 -0.29884430116203531 1.3196167046558733 -0.55330734984315477 -1.3231262713640659 1.0414542967587244 1.2268989061739526 -1.4193536365541799 -0.87196704906940137 -0.081021797575299523 -2.1031311770546544 -2.3090898832489657 0.96227365190113923 -0.21651157167775612 -0.16204548971777474 -1.3198341981492334 -1.1210959212062963 -1.3231262713640659 -0.90839521789717692 -0.6963106238227913 -0.81793260411596802
decision_type=2 2 2 2 2 2 2 2 2 2 2 2 2 2 2 2 2 2 2 2 2 2 2 2 2 2 2 2 2 2
left_child=1 17 -2 23 5 -5 15 12 9 10 -9 -12 13 -8 -11 -6 -13 18 -1 -19 21 -20 -21 -4 -25 26 27 -26 -29 -28
right_child=2 -3 3 4 6 -7 7 8 -10 14 11 16 -14 -15 -16 -17 -18 19 20 22 -22 -23 -24 24 25 -27 29 28 -30 -31
leaf_value=-0.53083108082406472 -3.5416425446348807 -0.11406484803093131 0.22053056885533479 -0.18760159363808393 1.0361545288188947 0.64023833383590256 -0.42567777561198455 0.54351676636664514 -1.9571853664474212 0.12468056050496551 4.2045869021874962 2.7983372424965474 0.44793523647696587 -2.4905910005343372 1.8957340922782091 0.092479270408803133 -0.81440653746065339 0.26783630729091068 2.4078571499790997 -1.5026463237017067 -0.0705846476634861 -0.74054300991569955 -0.41974399958633718 -0.77773747659303627 -7.1958728054295422 0.06456425372815465 0.84892393040482872 2.7159467146081746 -1.5880061242941694 -0.37208609751230504
leaf_weight=4205 31 14593 8406 2875 1576 656 160 116 69 786 122 67 148 174 123 480 38 242 128 636 2351 75 405 610 23 40221 616 53 368 2591
leaf_count=4205 31 14593 8406 2875 1576 656 160 116 69 786 122 67 148 174 123 480 38 242 128 636 2351 75 405 610 23 40221 616 53 368 2591
internal_value=1.62415e-10 -0.21519 0.0807647 0.0826276 0.277606 -0.033803 0.562547 0.273711 0.703011 0.849619 2.13571 2.94934 -0.902857 -1.50141 0.364328 0.815841 1.49087 -0.398693 -0.317417 -0.826861 0.0339548 1.24466 -1.08134 0.0553834 0.0241746 0.0353245 -0.286794 -1.36474 -1.04618 -0.137555
internal_weight=82944 22635 60309 60278 7390 3531 3859 1803 1321 1252 343 227 482 334 909 2056 105 8042 6759 1283 2554 203 1041 52888 44482 43872 3651 444 421 3207
internal_count=82944 22635 60309 60278 7390 3531 3859 1803 1321 1252 343 227 482 334 909 2056 105 8042 6759 1283 2554 203 1041 52888 44482 43872 3651 444 421 3207
is_linear=0
shrinkage=0.05


Tree=71
num_leaves=31
num_cat=0
split_feature=3 2 6 4 8 4 5 0 2 5 0 5 5 4 4 5 4 2 8 4 4 3 5 5 4 4 2 3 7 7
split_gain=526319 209755 166514 139630 173642 250981 170003 298226 182300 148826 149037 131177 184617 238059 476983 282037 311996 270030 197705 178023 244999 287503 208311 180620 336351 224392 254791 175478 210535 217743
threshold=-1.2427499936392385 0.056619292281151978 -1.0580783826696147 0.96227365190113923 0.74090168677562918 0.52925050854562661 0.70535813777133538 -0.7968604383748964 -0.32433885877774593 -1.4032428797398566 -1.5840076576085123 -0.24472827403648004 0.70535813777133538 -1.4193536365541799 -0.55330734984315477 1.1577679250095743 -1.0344441757937244 0.98843438858650667 1.0792073135794762 0.4811368259505695 1.5636946843393513 -0.54436166125785357 0.95394520574413566 1.3494002584220433 0.89010312800855373 0.74576208022338275 0.51302179438774076 1.8528547990052979 -0.67395931651126872 0.50473852548845832
decision_type=2 2 2 2 2 2 2 2 2 2 2 2 2 2 2 2 2 2 2 2 2 2 2 2 2 2 2 2 2 2
left_child=2 -2 -1 4 5 -4 8 -8 9 -7 -11 -3 -13 27 15 17 -17 18 -15 -16 21 22 -21 24 25 -23 -27 28 -14 -30
right_child=1 11 3 -5 -6 6 7 -9 -10 10 -12 12 13 14 19 16 -18 -19 -20 20 -22 23 -24 -25 -26 26 -28 -29 29 -31
leaf_value=3.9943420735272497 -0.070461000858307685 0.19234241234706553 -0.21246865297795631 -0.66908918372721737 -0.50369913141680933 0.11170909449804661 0.20897185027731205 -6.4149373197555555 -0.80512693958977855 4.8154504691504627 1.7152986203097491 -0.093356340114649675 -0.24831925779581071 0.41296306713403763 0.58877315661883955 0.22113624487755001 -1.6739426950207499 -1.3217078695980822 -1.6371189603971883 4.3518520487766521 1.0634027376115209 -0.56204574268824226 0.66051971394697151 0.82707255407958558 0.011313103743068214 -0.0036854103746184388 -3.2781569182017201 -1.9612293423941503 1.9442272219089085 0.15483638105814349
leaf_weight=22 25545 23197 2817 2644 3272 129 113 20 96 44 326 13940 252 1331 3353 311 720 346 129 57 534 443 116 356 1678 83 209 52 566 243
leaf_count=22 25545 23197 2817 2644 3272 129 113 20 96 44 326 13940 252 1331 3353 311 720 346 129 57 534 443 116 356 1678 83 209 52 566 243
internal_value=5.39825e-10 0.0452529 -0.350556 -0.360659 -0.241034 0.00140376 0.828984 -0.787105 1.19023 1.5741 2.08397 0.106942 0.0268006 0.182194 0.102459 -0.442478 -1.10229 -0.0658059 0.231826 0.328845 0.0781148 -0.100724 1.87674 -0.224271 -0.37938 -1.27133 -2.3474 0.874661 1.01365 1.40675
internal_weight=82944 73461 9483 9461 6817 3545 728 133 595 499 370 47916 24719 10779 9666 2837 1031 1806 1460 6829 3476 2942 173 2769 2413 735 292 1113 1061 809
internal_count=82944 73461 9483 9461 6817 3545 728 133 595 499 370 47916 24719 10779 9666 2837 1031 1806 1460 6829 3476 2942 173 2769 2413 735 292 1113 1061 809
is_linear=0
shrinkage=0.05


Tree=72
num_leaves=31
num_cat=0
split_feature=2 2 11 5 1 6 5 12 1 5 3 0 4 4 7 7 4 4 7 7 1 6 11 7 7 4 5 4 1 0
split_gain=480678 163340 121103 192016 208518 241564 190416 301523 255231 188092 328562 373091 225372 301796 362676 288661 224545 576256 262379 255455 301251 214743 205775 185703 208686 260946 185340 196810 173481 158063
threshold=-1.1802710459268073 0.5785201457108039 0.46605794042707133 -0.85925218225375766 0.078696315510152728 -1.0580783826696147 1.3494002584220433 -0.6963106238227913 -1.1230437272174754 0.30505838731795659 -0.24573209262624909 -0.13970980796024232 -0.9863304931986675 0.91415996930608234 0.50473852548845832 -0.44226394673424807 0.67359155633079737 0.96227365190113923 1.7010387896728181 -0.74611299300944822 0.40000884684451582 1.7077461606570974 -0.76213734878520889 -0.081021797575299523 -0.90839521789717692 -0.64953471503326854 -0.30505838731795659 0.62547787373574038 -0.38759907846008496 0.32520881608126934
decision_type=2 2 2 2 2 2 2 2 2 2 2 2 2 2 2 2 2 2 2 2 2 2 2 2 2 2 2 2 2 2
left_child=-1 2 6 4 23 -6 9 -8 -9 -2 11 21 -12 14 15 22 19 18 -18 20 29 -11 28 24 25 -4 27 -5 -14 -13
right_child=1 -3 3 26 5 -7 7 8 -10 10 12 16 13 -15 -16 -17 17 -19 -20 -21 -22 -23 -24 -25 -26 -27 -28 -29 -30 -31
leaf_value=-0.31064867932472384 0.14577240437583894 0.16354743084471904 -6.8646816435314371 1.0701262142285806 -2.0892357659994523 -0.53451390136012578 -0.93430161115887411 3.9312479184655582 0.95822233437776316 0.094920905117709398 0.15493197420108032 -0.66231500382224728 -0.074222154175343155 0.08067168118568202 -1.2295941201952347 -0.012616118794723123 2.1662261277266102 -0.242974969492077 5.8903141251316775 0.047342394127480869 4.2630928743176346 -1.0123719308343604 -0.27584593320048806 -0.73692038378899261 0.36330459611043225 -0.74416320884928988 -0.11470305146825421 -0.018393212223419581 -1.4477790401707735 1.9444118526719867
leaf_weight=10827 17693 21125 21 742 346 899 182 85 479 2453 3284 108 294 3269 1373 3273 381 292 54 1132 82 533 1356 885 1333 102 8218 943 1054 126
leaf_count=10827 17693 21125 21 742 346 899 182 85 479 2453 3284 108 294 3269 1373 3273 381 292 54 1132 82 533 1356 885 1333 102 8218 943 1054 126
internal_value=-4.0648e-10 0.046638 -0.00179531 -0.130276 -0.443769 -0.966589 0.0444165 0.835257 1.40628 0.028366 -0.0805971 0.260093 -0.207066 -0.319017 -0.496783 -0.328446 0.758203 1.47519 2.62853 0.398226 1.65519 -0.10273 -0.710735 -0.165721 0.181471 -1.78913 -0.0167566 0.460943 -1.14821 0.741307
internal_weight=82944 72117 50992 13489 3586 1245 37503 746 564 36757 19064 5161 13903 10619 7350 5977 2175 727 435 1448 316 2986 2704 2341 1456 123 9903 1685 1348 234
internal_count=82944 72117 50992 13489 3586 1245 37503 746 564 36757 19064 5161 13903 10619 7350 5977 2175 727 435 1448 316 2986 2704 2341 1456 123 9903 1685 1348 234
is_linear=0
shrinkage=0.05


Tree=73
num_leaves=31
num_cat=0
split_feature=3 0 5 5 4 4 4 6 4 1 3 7 6 0 6 1 12 4 6 1 0 2 5 6 4 4 1 0 4 4
split_gain=436457 256990 181125 262381 354703 578193 368207 350653 161515 197330 178604 244244 176485 470967 171797 171225 162935 159477 162392 151287 161421 155665 142795 138683 249264 274238 195324 257293 216116 159653
threshold=-0.78124939151260941 -0.21064511142324416 0.30505838731795659 0.65128935879477212 0.67359155633079737 -0.1683978890826997 0.98633049319866772 1.1133806251249947 -1.3952967952566515 -0.49188764022400816 1.6282654869791371 -0.67395931651126872 1.7077461606570974 0.39172032028208353 0.30811198432835407 1.3466021534848702 -0.6963106238227913 0.96227365190113923 -1.0580783826696147 0.14605135898426411 -0.40757897944054644 -1.6064233679019828 -1.0822991561714665 -1.0580783826696147 0.96227365190113923 0.40896630205798407 0.87683507266981386 0.90422584792740002 -1.1306715409838382 -1.0344441757937244
decision_type=2 2 2 2 2 2 2 2 2 2 2 2 2 2 2 2 2 2 2 2 2 2 2 2 2 2 2 2 2 2
left_child=1 17 23 4 5 -4 -6 -7 9 -5 11 -11 -10 15 -12 -14 -13 18 -1 21 -21 -20 -3 24 25 26 -2 29 -29 -28
right_child=2 22 3 8 6 7 -8 -9 12 10 14 16 13 -15 -16 -17 -18 -19 19 20 -22 -23 -24 -25 -26 -27 27 28 -30 -31
leaf_value=1.088100263697416 0.068648413117612925 -0.1178328042855612 -0.14035284823611935 -0.53045521950977859 1.4654424255090779 -0.93665970102949658 -0.13754846966418294 -2.7599619250792853 0.038346601480920943 -0.098576598682474439 0.55751794398792331 3.1006565432756319 -0.68897514114657188 2.5121909032697265 -3.3602300802866618 -3.2342159165654865 1.0599551975910806 -0.58263699581780537 -0.41114104495195936 -1.3131039397964728 1.4303545441354315 -0.011027342157575766 1.2812194772352632 0.16231632379874397 0.55228063571076313 -1.162665149200873 -3.1447620765239961 3.2686123408211603 -0.6761272313465414 -0.2677914899161884
leaf_weight=241 2495 326 3094 400 476 1345 1448 328 19757 471 62 109 1179 115 51 70 953 3525 4199 504 60 5773 414 33310 1051 766 155 45 152 70
leaf_count=241 2495 326 3094 400 476 1345 1448 328 19757 471 62 109 1179 115 51 70 953 3525 4199 504 60 5773 414 33310 1051 766 155 45 152 70
internal_value=9.17268e-11 -0.243689 0.0539833 -0.0381953 -0.313996 -0.545275 0.259033 -1.29413 0.0414603 0.465636 0.7077 0.849106 0.000370198 -0.549703 -1.21067 -0.831623 1.26941 -0.2907 -0.195211 -0.224566 -1.02125 -0.179507 0.66488 0.126328 -0.1269 -0.320714 -0.0996193 -1.09447 0.224955 -2.2497
internal_weight=82944 15042 67902 29858 6691 4767 1924 1673 23167 2046 1646 1533 21121 1364 113 1249 1062 14302 10777 10536 564 9972 740 38044 4734 3683 2917 422 197 225
internal_count=82944 15042 67902 29858 6691 4767 1924 1673 23167 2046 1646 1533 21121 1364 113 1249 1062 14302 10777 10536 564 9972 740 38044 4734 3683 2917 422 197 225
is_linear=0
shrinkage=0.05


Tree=74
num_leaves=31
num_cat=0
split_feature=2 9 3 1 4 7 4 1 4 0 7 4 8 4 4 1 0 6 2 0 10 5 4 5 2 1 5 1 0 7
split_gain=397503 151103 180684 169086 218269 247537 203352 140713 289622 241256 260320 194196 152268 155935 185160 150717 136074 186691 126102 122674 115498 115427 111944 108343 105042 112330 217401 104229 99216.2 100179
threshold=-0.26267516651090023 -0.19252438044475575 -0.50800332003598003 -1.1708159891530452 0.40896630205798407 1.7010387896728181 0.76981892152091114 -0.10848014813728003 -0.81793260411596802 0.60937495273649478 1.7010387896728181 -0.048113682595056481 1.0792073135794762 0.67359155633079737 1.154728382281367 0.25568852646086221 -0.15344286467972096 -0.50537016327275397 -1.3728468779722649 -0.48327859887367824 1.0000000180025095e-35 0.12281920449442395 -1.0103873344961958 -1.1922423828011939 1.805007244251817 2.1699394851085603 -1.0414542967587235 -1.5749433889070548 0.57912398970290024 1.7010387896728181
decision_type=2 2 2 2 2 2 2 2 2 2 2 2 2 2 2 2 2 2 2 2 2 2 2 2 2 2 2 2 2 2
left_child=1 2 3 6 -5 -6 -1 18 15 10 12 20 13 -10 -15 -9 19 22 -3 -4 -12 -19 -18 -16 27 28 -27 -2 29 -26
right_child=24 7 16 4 5 -7 -8 8 9 -11 11 -13 -14 14 23 -17 17 21 -20 -21 -22 -23 -24 -25 25 26 -28 -29 -30 -31
leaf_value=0.3616611439906634 -2.5574095396619096 -0.31759447673351071 0.69064358160609296 -0.52018739428582061 1.6931227181610222 6.8742753138542172 -5.4037695264816286 0.054674492883456188 -0.1772579713582749 0.7045736233615757 -4.9461164308148762 1.312216144502163 -2.1845073234271166 -2.0961953551209822 -1.7792768091768831 2.4433522243214689 1.2944489945258413 1.8064021027408714 -0.064106497485001065 -1.9141259056227864 -1.297248159111317 0.35589500380290656 -0.64029577560092821 1.6100411226199225 0.65735301960856773 -4.0165280957565166 0.19288954484993701 0.062083915154975661 1.7450850951449053 -2.639866081873576
leaf_weight=65 38 8559 63 106 296 25 20 234 619 201 86 20 199 290 37 92 84 172 11496 160 29 677 680 65 574 33 435 57334 231 24
leaf_count=65 38 8559 63 106 296 25 20 234 619 201 86 20 199 290 37 92 84 172 11496 160 29 677 680 65 574 33 435 57334 231 24
internal_value=1.94593e-10 -0.170166 0.211047 1.04163 1.44703 2.09664 -0.994911 -0.210987 -0.625565 -0.911151 -1.15261 -3.23513 -0.920262 -0.671414 -1.45173 0.72878 -0.0205746 0.139476 -0.172289 -1.17825 -4.02597 0.649755 -0.427575 0.380583 0.0704082 0.515374 -0.103928 0.0603489 0.864992 0.525023
internal_weight=82944 24275 2348 512 427 321 85 21927 1872 1546 1345 135 1210 1011 392 326 1836 1613 20055 223 115 849 764 102 58669 1297 468 57372 829 598
internal_count=82944 24275 2348 512 427 321 85 21927 1872 1546 1345 135 1210 1011 392 326 1836 1613 20055 223 115 849 764 102 58669 1297 468 57372 829 598
is_linear=0
shrinkage=0.05


Tree=75
num_leaves=31
num_cat=0
split_feature=3 0 5 5 4 4 4 6 4 8 0 3 6 6 6 0 1 5 8 7 4 8 4 4 6 0 2 9 1 4
split_gain=361945 223347 159019 239474 317372 517268 330324 313553 142087 252680 225262 194996 173817 274820 158722 424088 155116 146918 141278 140308 136694 143963 209158 171801 423143 505124 367164 284534 258666 176572
threshold=-0.78124939151260941 -0.26850315689329679 0.30505838731795659 0.65128935879477212 0.67359155633079737 -0.1683978890826997 0.98633049319866772 1.1133806251249947 -1.3952967952566515 1.0000000180025095e-35 0.90422584792740002 1.6282654869791371 0.30811198432835407 1.1133806251249947 1.7077461606570974 0.39172032028208353 1.3466021534848702 0.90745195762283271 0.74090168677562918 -0.67395931651126872 0.96227365190113923 0.74090168677562918 -0.1683978890826997 -0.84198944541349652 -0.50537016327275397 -1.3198341981492334 -1.477247251224185 1.0588840924461571 0.3359442127542776 -1.1306715409838382
decision_type=2 2 2 2 2 2 2 2 2 2 2 2 2 2 2 2 2 2 2 2 2 2 2 2 2 2 2 2 2 2
left_child=1 20 -2 4 5 -4 -6 -7 9 17 11 12 -11 -14 -10 16 -16 -5 19 -3 21 22 -1 24 25 -23 29 -26 -25 -27
right_child=2 18 3 8 6 7 -8 -9 14 10 -12 -13 13 -15 15 -17 -18 -19 -20 -21 -22 23 -24 28 27 26 -28 -29 -30 -31
leaf_value=-0.27443139482683515 0.11694579202842065 2.3246628566728376 -0.13647263716012611 0.05793683818427095 1.384003751016488 -0.88973981138311853 -0.13428667834291019 -2.613890183673854 0.036363216191157656 -0.41274996461763691 2.7475800817353386 -3.1959063567367259 2.9688817625915682 -0.15353607872737465 -0.65305757581100721 2.3842087274530659 -3.0756093416043693 1.559334961745412 -1.5530829918006777 0.47819573439728763 -0.53900591573861723 -0.10035313872930135 0.30631282478235455 -0.5343365220361499 1.7311648099104564 -3.1469228214888929 -8.0881780797784995 -0.016810255567467371 -2.9359450538141227 1.2516262942347034
leaf_weight=3645 38044 123 3094 228 476 1345 1448 328 19757 822 70 51 111 193 1179 115 70 571 71 629 3511 403 2698 2687 375 107 33 614 117 29
leaf_count=3645 38044 123 3094 228 476 1345 1448 328 19757 822 70 51 111 193 1179 115 70 571 71 629 3511 403 2698 2687 375 107 33 614 117 29
internal_value=2.34583e-10 -0.221915 0.0491598 -0.0372107 -0.300697 -0.519468 0.24134 -1.22777 0.0388884 0.436736 -0.00804144 -0.171927 -0.0349619 0.986557 0.000348683 -0.521308 -0.788829 1.1309 0.578918 0.780211 -0.268268 -0.179497 -0.0274114 -0.400499 0.0199164 -1.06255 -3.357 0.645971 -0.634546 -2.209
internal_weight=82944 15042 67902 29858 6691 4767 1924 1673 23167 2046 1247 1177 1126 304 21121 1364 1249 799 823 752 14219 10708 6343 4365 1561 572 169 989 2804 136
internal_count=82944 15042 67902 29858 6691 4767 1924 1673 23167 2046 1247 1177 1126 304 21121 1364 1249 799 823 752 14219 10708 6343 4365 1561 572 169 989 2804 136
is_linear=0
shrinkage=0.05


Tree=76
num_leaves=31
num_cat=0
split_feature=2 5 8 5 0 8 4 1 6 1 0 2 5 4 4 3 4 6 4 0 4 4 4 11 4 5 4 1 11 2
split_gain=332023 129139 142839 177081 172678 141263 159189 143296 178650 365233 161945 193497 200583 165910 161023 148215 226042 138463 375348 248063 257065 236985 172189 136563 131646 145825 121512 118880 264055 182274
threshold=-0.10716808886203677 -0.80943899875565417 1.0152913959672809 0.24472827403648026 1.2151013450135013 -1.0174668528432229 0.67359155633079737 -0.36118479456973707 0.30811198432835407 0.31953546075417266 0.68424768755534904 -0.56653928851149116 0.90745195762283271 0.67359155633079737 0.67359155633079737 -0.1909371504334175 -1.1306715409838382 -0.91243033262339701 -1.1547283822813665 -1.2594069101410368 -1.5155810017442939 0.38490946076045557 0.81793260411596835 -0.76213734878520889 -0.21651157167775612 1.3068553720381473 -1.2509557474714805 -0.960287885646113 1.6942532296393515 -0.9991573580571832
decision_type=2 2 2 2 2 2 2 2 2 2 2 2 2 2 2 2 2 2 2 2 2 2 2 2 2 2 2 2 2 2
left_child=1 17 3 4 -3 6 27 10 15 14 11 -7 13 -13 24 -9 -17 18 19 -1 -21 -20 -23 -18 25 -10 -22 28 -5 -29
right_child=-2 2 -4 5 -6 7 -8 8 9 -11 -12 12 -14 -15 -16 16 23 -19 21 20 26 22 -24 -25 -26 -27 -28 29 -30 -31
leaf_value=-0.86268511968334838 0.071820117726308169 0.89084521496421853 0.28690606715417427 4.0839898191179556 -0.56288877880731969 -0.19530262970030762 -0.26722888547154294 0.10396132243650094 -0.23745780557926213 -4.1397915186868479 -1.4606067104032263 1.0928430954486756 0.25132928259060527 4.6467540822130564 0.57783429762504623 1.0781708772044356 -1.3943079674698851 -0.19401791569720744 0.22942739387712618 -1.400580503685134 -7.4757107983464781 -2.022925004914955 -0.44279695945924669 -0.2831482809431502 -1.8708105962960773 -3.4814870281341044 -3.3430288479245949 3.6450792789459232 0.67463943609763621 0.10726648440243734
leaf_weight=127 54733 778 2633 70 277 5723 1049 1279 392 88 216 109 1134 47 179 164 633 9597 787 56 46 270 477 491 314 38 29 38 301 869
leaf_count=127 54733 778 2633 70 277 5723 1049 1279 392 88 216 109 1134 47 179 164 633 9597 787 56 46 270 477 491 314 38 29 38 301 869
internal_value=2.58086e-10 -0.13934 -0.051318 -0.114081 0.509154 -0.164143 0.189235 -0.240233 -0.499027 -1.062 -0.112143 -0.0706106 0.482577 2.16357 -0.768561 -0.277303 -0.655903 -0.269353 -0.672806 -2.4373 -3.96384 -0.376039 -1.01393 -0.908917 -1.09249 -0.524139 -5.87774 0.563907 1.31791 0.255488
internal_weight=82944 28211 16822 14189 1055 13134 2327 10807 3578 1011 7229 7013 1290 156 923 2567 1288 11389 1792 258 131 1534 747 1124 744 430 75 1278 371 907
internal_count=82944 28211 16822 14189 1055 13134 2327 10807 3578 1011 7229 7013 1290 156 923 2567 1288 11389 1792 258 131 1534 747 1124 744 430 75 1278 371 907
is_linear=0
shrinkage=0.05


Tree=77
num_leaves=31
num_cat=0
split_feature=3 9 1 1 4 8 1 4 4 4 6 5 5 4 4 4 6 2 0 2 0 0 8 8 4 4 0 3 4 4
split_gain=300239 206519 154446 181612 151405 195741 268608 223999 216645 150037 147714 139322 218360 282469 465423 295494 277037 138085 137978 183530 145217 136279 125813 217676 316887 321761 287390 373476 193889 175343
threshold=-0.78124939151260941 -0.19252438044475575 -0.99277379819044054 -1.2734815789437171 0.96227365190113923 0.74090168677562918 0.058488334091905195 -0.81793260411596802 -0.1683978890826997 -1.4193536365541799 -0.50537016327275397 0.30505838731795659 0.65128935879477212 0.67359155633079737 -0.28868209557034147 0.98633049319866772 1.1133806251249947 -1.7194624959415454 -1.7161338693448003 -1.8169679628284221 -1.4515944824796765 -0.9304276334400301 -1.0174668528432229 1.0000000180025095e-35 -1.4193536365541799 -1.2750125887690089 0.39172032028208353 -0.24573209262624909 -1.4674673191492369 1.2750125887690096
decision_type=2 2 2 2 2 2 2 2 2 2 2 2 2 2 2 2 2 2 2 2 2 2 2 2 2 2 2 2 2 2
left_child=1 2 3 -1 5 8 9 -8 17 21 -9 -2 13 14 -13 -15 -16 -3 -10 20 -20 -7 28 24 -24 -26 29 -28 -14 -27
right_child=11 4 -4 -5 -6 6 7 10 18 -11 -12 12 22 15 16 -17 -18 -19 19 -21 -22 -23 23 -25 25 26 27 -29 -30 -31
leaf_value=0.88955145799932456 0.10822285929016878 -0.73912431114466393 1.2229583460722979 -4.4477194575326786 -0.51987706639460274 0.11717844656951711 0.2140635600293076 -0.15390662308349168 -0.52447668361506361 -0.42074588146663106 -3.4462887441228349 -0.088165999392463279 1.3918166995926322 1.3044339052144196 -0.80066771018007121 -0.13158216803818323 -2.3186365309453523 -0.046498296660753696 4.1797964376561785 0.35088444752390263 1.1645788907680823 2.2286147877000846 1.1537518147886883 0.060798740320554372 -2.6302711633910913 -0.81968481937071636 2.0967206261893536 -0.29390892688351783 0.17063694904553209 0.64256007340511045
leaf_weight=37 38044 963 390 28 3531 477 91 43 388 3494 164 2846 348 476 1548 1448 373 2847 51 2263 184 91 310 14297 171 2117 235 536 4926 227
leaf_count=37 38044 963 390 28 3531 477 91 43 388 3494 164 2846 348 476 1548 1448 373 2847 51 2263 184 91 310 14297 171 2117 235 536 4926 227
internal_value=2.09527e-11 -0.202116 0.846881 -1.40958 -0.234836 -0.143801 -0.404522 -1.85345 0.0259632 -0.298225 -2.76236 0.0447737 -0.036071 -0.287674 -0.494065 0.22369 -1.09541 -0.221564 0.35274 0.488993 1.81895 0.455454 0.036596 -0.0266636 -0.374397 -0.518562 -0.402638 0.434752 0.251215 -0.678077
internal_weight=82944 15042 455 65 14587 11056 4360 298 6696 4062 207 67902 29858 6691 4767 1924 1921 3810 2886 2498 235 568 23167 17893 3596 3286 3115 771 5274 2344
internal_count=82944 15042 455 65 14587 11056 4360 298 6696 4062 207 67902 29858 6691 4767 1924 1921 3810 2886 2498 235 568 23167 17893 3596 3286 3115 771 5274 2344
is_linear=0
shrinkage=0.05


Tree=78
num_leaves=31
num_cat=0
split_feature=2 5 8 0 7 3 3 5 3 7 3 1 0 0 6 6 1 12 2 5 2 5 2 5 2 1 0 1 12 2
split_gain=274835 113018 147958 98668.7 141083 112018 108666 95616.8 200039 147600 196875 133449 198304 141543 233647 136068 127048 189967 150416 117930 113841 196842 93309.2 91983.5 89359.9 96645.9 88378.3 87558 84097.6 81376.5
threshold=-0.10716808886203677 -1.2818148012906687 1.0792073135794762 -0.87196704906940137 -0.081021797575299523 -2.3090898832489657 -2.1031311770546544 -0.24472827403648004 -0.079086011916531737 -0.74611299300944822 0.46780586110723493 0.35458729310236287 1.0000000180025095e-35 0.16495116276451879 1.0000000180025095e-35 -1.0580783826696147 1.8563576490915763 1.0000000180025095e-35 1.7446216426428591 1.0000000180025095e-35 1.96935456431297 -0.99864169796777025 1.4230090770970165 0.36482234569996347 -0.90491313191079159 -0.81601607991012448 -1.5171609031969804 1.2168260603691341 1.0444659357341872 0.7129911840555746
decision_type=2 2 2 2 2 2 2 2 2 2 2 2 2 2 2 2 2 2 2 2 2 2 2 2 2 2 2 2 2 2
left_child=1 3 -3 4 -1 24 -5 8 11 10 27 22 29 14 15 -14 18 -18 -10 -11 -19 -22 -2 -12 25 -6 -21 -9 -15 -13
right_child=7 2 -4 6 5 -7 -8 9 16 19 23 12 13 28 -16 -17 17 20 -20 26 21 -23 -24 -25 -26 -27 -28 -29 -30 -31
leaf_value=-0.3816542351322631 0.067436015609945124 -0.1017155180512537 0.41160973157786407 0.26764887662814751 -0.4397099365459548 -0.0097951420135850981 -0.89234109223369185 -0.0047560698153068966 0.19593415969228142 -0.2077885699011453 -0.31926949801206139 -1.8026569749328338 -1.3037542169744318 -0.05058702275695362 -1.0899993052024668 2.9942205394263817 0.15397570378494507 -1.6195106085067914 1.0959500705533123 -1.5997279393192529 -2.2296812636812251 1.6675563670970774 3.218188810348511 -1.1247383843591094 -1.873961356566066 2.2310259607586551 0.10842368481319026 -1.2871144826348493 -1.2493884627799596 -0.67199074710569073
leaf_weight=4298 1124 18503 1519 248 45 2354 1086 3758 20478 3595 682 327 22 429 82 113 839 324 475 76 54 81 24 738 21 137 20842 138 222 310
leaf_count=4298 1124 18503 1519 248 45 2354 1086 3758 20478 3595 682 327 22 429 82 113 839 324 475 76 54 81 24 738 21 137 20842 138 222 310
internal_value=-8.81908e-12 -0.126774 -0.0627713 -0.283258 -0.206695 0.0873886 -0.676691 0.0653428 0.137669 0.00495804 -0.233878 -0.272723 -0.582437 -0.0907623 1.01514 2.29381 0.186601 -0.293426 0.216337 0.056753 -1.11122 0.108661 0.133305 -0.737886 1.21434 1.57068 0.102218 -0.0501784 -0.459395 -1.25241
internal_weight=82944 28211 20022 8189 6855 2557 1334 54733 24904 29829 5316 2653 1505 868 217 135 22251 1298 20953 24513 459 135 1148 1420 203 182 20918 3896 651 637
internal_count=82944 28211 20022 8189 6855 2557 1334 54733 24904 29829 5316 2653 1505 868 217 135 22251 1298 20953 24513 459 135 1148 1420 203 182 20918 3896 651 637
is_linear=0
shrinkage=0.05


Tree=79
num_leaves=31
num_cat=0
split_feature=2 1 2 3 9 9 6 4 12 0 0 12 6 5 4 8 4 11 2 8 4 5 5 1 10 9 5 4 0 4
split_gain=248953 122083 100293 91262 144806 124529 303313 126142 288372 153555 243767 126963 121079 170272 119139 127691 181447 116362 120353 108411 167230 492278 342247 123433 182225 165368 128280 114125 109736 103699
threshold=-0.025956944597374295 0.79863726664185231 -3.3487556704309971 1.0445045951198411 -0.28878657066713359 0.096262190222377905 -0.89145085320788475 -0.81793260411596802 -1.0444659357341868 0.3440789419697764 0.12759517423663413 -0.6963106238227913 -0.066328909107543868 0.42390874111029014 -0.55330734984315477 1.0152913959672809 -1.0344441757937244 0.46605794042707133 0.099122516133740748 -1.7404918888887655 -0.72170523892585436 -0.85925218225375766 -0.42390874111029003 0.10482780024124978 1.0000000180025095e-35 0.38504876088951162 -0.85925218225375766 1.2750125887690096 -0.72386180722228988 0.72170523892585436
decision_type=2 2 2 2 2 2 2 2 2 2 2 2 2 2 2 2 2 2 2 2 2 2 2 2 2 2 2 2 2 2
left_child=1 2 -1 19 12 17 14 8 -8 10 -10 -9 -5 -14 15 16 -7 18 -6 20 21 -2 -23 24 -22 26 27 29 -26 -25
right_child=3 -3 -4 4 5 6 7 11 9 -11 -12 -13 13 -15 -16 -17 -18 -19 -20 -21 23 22 -24 25 28 -27 -28 -29 -30 -31
leaf_value=-0.99538286239045071 -6.2740521113077801 0.58293082025502962 -0.11633306310434302 -0.35686435896608582 3.1672979221441029 -0.053791451935584739 3.4878935444813508 -1.1430491503977007 0.61992314482362065 2.2057703346576334 -3.0878005045764851 0.41720588565027017 0.34622064042541933 -1.0226194277730964 0.13475165185423529 -3.2174926992701858 -2.767911913196246 1.6987514788089619 0.49320086653897904 0.012362414590649353 0.025680989186950599 2.9831345298073511 0.57294961462913296 0.74002264572895671 3.5138235291567721 -1.0573269669603498 -0.099951128602936812 -1.3215109382356918 1.0843294891606396 2.9550122330954047
leaf_weight=328 24 620 30211 1479 43 195 104 155 271 106 53 821 2307 252 196 76 90 248 1960 39268 587 176 903 152 55 386 1455 42 300 81
leaf_count=328 24 620 30211 1479 43 195 104 155 271 106 53 821 2307 252 196 76 90 248 1960 39268 587 176 903 152 55 386 1455 42 300 81
internal_value=-4.09604e-10 -0.111673 -0.125774 0.0671933 0.218516 0.419799 0.13959 0.507451 1.12528 0.553854 0.0134128 0.169419 0.00327601 0.211423 -0.857665 -1.39648 -0.910882 0.677103 0.550608 0.038078 0.28076 0.808548 0.966085 0.09039 0.56649 -0.12156 0.0872295 1.07759 1.46073 1.51004
internal_weight=82944 31159 30539 51785 8356 4318 2067 1510 534 430 324 976 4038 2559 557 361 285 2251 2003 43429 4161 1103 1079 3058 942 2116 1730 275 355 233
internal_count=82944 31159 30539 51785 8356 4318 2067 1510 534 430 324 976 4038 2559 557 361 285 2251 2003 43429 4161 1103 1079 3058 942 2116 1730 275 355 233
is_linear=0
shrinkage=0.05


Tree=80
num_leaves=31
num_cat=0
split_feature=2 9 12 1 4 6 4 9 4 0 1 4 2 1 4 7 1 5 2 7 1 4 0 12 4 9 4 5 1 4
split_gain=225236 110992 165035 135113 237389 198409 377805 248003 292786 151526 143109 163582 137583 172459 130103 334504 322068 271526 180112 174715 172113 138699 124341 119912 113036 126254 161591 189447 228045 185355
threshold=0.036110844180951285 -0.28878657066713359 1.0444659357341872 -0.10848014813728003 -0.84198944541349652 -0.50537016327275397 0.45707998465304106 0.38504876088951162 -0.24056841297528506 1.0414501301141674 0.51366745785811141 -1.5155810017442939 -0.56653928851149116 -1.8061693204846379 0.67359155633079737 1.7010387896728181 -0.99277379819044054 0.24472827403648026 -0.72121980177517864 -0.081021797575299523 -0.43251439717800011 0.89010312800855373 -1.1126605282869244 -0.6963106238227913 -1.1306715409838382 0.38504876088951162 0.96227365190113923 -1.2543280627515025 -0.47863544464024077 -0.21651157167775612
decision_type=2 2 2 2 2 2 2 2 2 2 2 2 2 2 2 2 2 2 2 2 2 2 2 2 2 2 2 2 2 2
left_child=1 2 14 12 10 6 9 -7 22 -6 -5 -12 23 -14 17 16 -16 19 -18 -1 -17 -20 -9 -3 -25 -26 27 29 -29 -27
right_child=-2 3 -4 4 5 7 -8 8 -10 -11 11 -13 13 -15 15 20 18 -19 21 -21 -22 -23 -24 24 25 26 -28 28 -30 -31
leaf_value=0.22551369329739548 0.06829205209084864 -0.31908049200206179 -0.32899170753866969 -0.034223690259638791 0.44505084573939629 -0.31695756292665089 -1.0405547361430445 -0.64750813600318191 -0.75117686944241502 -1.3408609586005862 -2.1278474637440272 1.956451306645262 -4.4035764025790352 0.13597509014524428 -5.6753505706787113 7.7330529167538602 2.8937288111219042 -0.28975343852629509 1.2108404015439767 1.3841280871864998 2.4120644656094639 0.020488458076186888 -3.1918515075812635 -0.38665002014121624 -0.7335761470559663 -0.44690244843960508 -0.23447613187426228 0.9447872304384628 -0.29957718366262864 0.37713805832807806
leaf_weight=1033 49167 7294 1779 589 1185 629 954 58 398 132 28 197 21 5621 21 21 78 2091 363 475 55 751 279 1993 499 1279 2520 1481 490 1463
leaf_count=1033 49167 7294 1779 589 1185 629 954 58 398 132 28 197 21 5621 21 21 78 2091 363 475 55 751 279 1993 499 1279 2520 1481 490 1463
internal_value=-2.722e-10 -0.0994083 0.0833619 -0.144356 -0.396276 -0.56911 -0.282826 -1.04576 -1.66946 0.266053 0.375532 1.44818 -0.0948969 0.119078 0.233439 0.664475 0.462861 0.0790614 0.571001 0.590462 3.88234 0.408368 -2.75395 -0.165832 -0.0508921 0.0356528 0.0887214 0.261532 0.635432 -0.00723386
internal_weight=82944 33777 6667 27110 4449 3635 2271 1364 735 1317 814 225 22661 5642 4888 1289 1213 3599 1192 1508 76 1114 337 17019 9725 7732 7233 4713 1971 2742
internal_count=82944 33777 6667 27110 4449 3635 2271 1364 735 1317 814 225 22661 5642 4888 1289 1213 3599 1192 1508 76 1114 337 17019 9725 7732 7233 4713 1971 2742
is_linear=0
shrinkage=0.05


Tree=81
num_leaves=31
num_cat=0
split_feature=3 12 2 1 4 2 11 0 11 5 7 4 12 5 3 0 8 11 12 4 4 4 7 5 7 4 7 1 8 5
split_gain=210781 137816 110365 98718.7 107635 122894 108277 100944 90387.2 150814 255087 220938 165755 106375 268974 281404 272390 188850 307597 158943 456679 250351 310929 222168 205859 178262 137319 178507 133440 124966
threshold=-1.2427499936392385 1.392621247645583 0.6447273706920531 0.030813634620150427 0.96227365190113923 -1.6064233679019828 1.0801555850332116 -0.61520965574870279 0.46605794042707133 1.3494002584220433 -0.17427846833443938 -0.24056841297528506 0.69631062382279152 0.30505838731795659 -0.25629672200667136 -0.13970980796024232 -1.7404918888887655 1.0000000180025095e-35 -1.0444659357341868 0.67359155633079737 0.96227365190113923 0.024056841297528397 -0.90839521789717692 0.65128935879477212 1.7010387896728181 -0.48113682595056956 0.50473852548845832 0.36096655954559453 0.37100531152820115 0.061466547291727118
decision_type=2 2 2 2 2 2 2 2 2 2 2 2 2 2 2 2 2 2 2 2 2 2 2 2 2 2 2 2 2 2
left_child=1 3 8 4 5 -1 -7 -5 9 13 -11 12 -12 29 15 -15 -16 18 -18 21 23 22 25 -21 28 -17 -20 -28 -25 -2
right_child=2 -3 -4 7 -6 6 -8 -9 -10 10 11 -13 -14 14 16 19 17 -19 26 20 -22 -23 -24 24 -26 -27 27 -29 -30 -31
leaf_value=-0.28722276906304234 0.040654244397275545 3.7309556781568314 0.13330229593039652 -1.6560006826615135 -0.47042568649831806 0.48611986825496961 -0.12300554406531705 -0.052415656601775912 -0.11639703843196969 -0.20545686680041031 3.4578040457355814 -0.59676494149641057 1.1145698490080898 -0.059981728262785784 0.43481518232061012 1.3323426363644777 0.18001096918359949 0.015148265170135712 -0.40671772449115351 1.1905575237118862 -0.22955014387246325 -0.594730118057061 0.59104118116594806 1.7859009486889201 7.3921118900693701 6.8488991379737856 -0.66089165699640184 -1.896072751398673 4.5687582786806997 0.36734794127820575
leaf_weight=3532 15796 22 18756 238 2574 1322 1628 167 14084 374 148 87 154 3297 1641 27 1899 4503 5088 213 296 463 1019 112 29 32 1411 369 70 3593
leaf_count=3532 15796 22 18756 238 2574 1322 1628 167 14084 374 148 87 154 3297 1641 27 1899 4503 5088 213 296 463 1019 112 29 32 1411 369 70 3593
internal_value=1.31046e-10 -0.221844 0.0286376 -0.231036 -0.19688 -0.0882557 0.149965 -0.994769 -0.00724739 0.0305967 0.726919 1.62334 2.26291 0.017267 -0.062232 0.234641 -0.17289 -0.24804 -0.383222 0.664262 1.27757 0.377709 0.79537 2.3297 3.47965 4.32437 -0.538956 -0.916949 2.85623 0.101194
internal_weight=82944 9483 73461 9461 9056 6482 2950 405 54705 40621 763 389 302 39858 20469 5558 14911 13270 8767 2261 720 1541 1078 424 211 59 6868 1780 182 19389
internal_count=82944 9483 73461 9461 9056 6482 2950 405 54705 40621 763 389 302 39858 20469 5558 14911 13270 8767 2261 720 1541 1078 424 211 59 6868 1780 182 19389
is_linear=0
shrinkage=0.05


Tree=82
num_leaves=31
num_cat=0
split_feature=2 5 8 5 0 1 6 1 4 0 2 4 4 5 6 4 4 5 4 8 5 8 4 1 1 4 8 4 5 4
split_gain=185296 92367.1 114462 138793 148817 117628 201198 313405 153561 145224 133938 131324 118036 122433 109378 506353 358424 276298 246248 313946 371188 234016 213543 211647 209158 190242 357744 198570 159085 141272
threshold=-0.10716808886203677 -0.80943899875565417 1.0152913959672809 0.24472827403648026 1.2151013450135013 -0.36118479456973707 0.30811198432835407 0.31953546075417266 -1.1306715409838382 0.68424768755534904 -0.48200885566514312 0.67359155633079737 -0.21651157167775612 1.3068553720381473 -0.50537016327275397 -0.81793260411596802 -0.67359155633079704 -1.3494002584220433 -0.81793260411596802 0.74090168677562918 -1.2818148012906687 1.0000000180025095e-35 -1.1306715409838382 0.023947517378739399 -0.37314891176393772 -0.21651157167775612 0.74090168677562918 -0.52925050854562683 -1.2543280627515025 0.96227365190113923
decision_type=2 2 2 2 2 2 2 2 2 2 2 2 2 2 2 2 2 2 2 2 2 2 2 2 2 2 2 2 2 2
left_child=1 14 3 4 -3 9 8 11 -7 10 -5 12 13 -8 15 17 -17 -1 19 21 -21 -16 -23 24 -18 26 27 28 -20 -27
right_child=-2 2 -4 5 -6 6 7 -9 -10 -11 -12 -13 -14 -15 18 16 23 -19 25 20 -22 22 -24 -25 -26 29 -28 -29 -30 -31
leaf_value=-0.64540568136828647 0.053653164302297829 0.82026420735543393 0.27311898533433843 -0.092369739871436846 -0.52929691863565675 1.0654898196225013 -0.18438360152804123 -3.8155919985168363 -0.25399347797036825 -1.2669100434620144 0.40147643684640477 0.52320703780850886 -1.7222270983799248 -3.1568564871424125 0.48268446700171047 2.377032670635971 -0.27602719990926056 -2.4075021380363477 0.050691660050473188 0.6777628620573396 3.6440663569112077 -1.630123199115612 0.56389222188504196 -1.2694187881107011 0.99894778140985463 0.11981181723099271 -1.7959701829502865 -0.86518099516055824 2.2677342635935003 -0.44481681083907887
leaf_weight=473 54733 778 2633 7102 277 239 392 88 2849 231 1702 179 314 38 692 139 1626 420 306 599 128 347 163 410 401 2689 535 467 110 1884
leaf_count=473 54733 778 2633 7102 277 239 392 88 2849 231 1702 179 314 38 692 139 1626 420 306 599 128 347 163 410 401 2689 535 467 110 1884
internal_value=2.5853e-10 -0.104094 -0.0296512 -0.0858351 0.465924 -0.130156 -0.352308 -0.964526 -0.15187 -0.0293695 0.0031012 -0.692702 -0.98524 -0.447067 -0.214049 -0.448176 -0.0925063 -1.47416 -0.1115 0.379834 1.20003 -0.11624 -0.928899 -0.233362 -0.0237998 -0.269702 -0.775685 -0.157505 0.636929 -0.112806
internal_weight=82944 28211 16822 14189 1055 13134 4099 1011 3088 9035 8804 923 744 430 11389 3469 2576 893 7920 1929 727 1202 510 2437 2027 5991 1418 883 416 4573
internal_count=82944 28211 16822 14189 1055 13134 4099 1011 3088 9035 8804 923 744 430 11389 3469 2576 893 7920 1929 727 1202 510 2437 2027 5991 1418 883 416 4573
is_linear=0
shrinkage=0.05


Tree=83
num_leaves=31
num_cat=0
split_feature=3 6 2 1 5 6 4 9 1 4 5 0 1 4 2 9 11 8 5 4 0 8 5 1 4 5 3 8 5 4
split_gain=178199 124040 100023 101375 215699 364865 145600 108219 130070 103546 254514 98307.4 88335.1 98214.2 104758 93590.5 90449.5 85616.6 85569.7 149231 183281 84984.5 100764 83547.2 137670 91819.2 81687 80698.4 80051.3 121953
threshold=-1.2427499936392385 -1.0580783826696147 1.177662146332213 1.1098561576586909 -1.0822991561714665 1.7077461606570974 -1.3471831126615943 -0.48131095111188943 1.645604245027523 0.67359155633079737 0.90745195762283271 -1.5840076576085123 -0.06011300992954046 0.96227365190113923 -1.6064233679019828 0.67383533155664532 1.0801555850332116 -1.0174668528432229 1.0414542967587244 0.072170523892585367 -0.42016282327938065 1.0792073135794762 1.3937669968154378 -0.33223635020029019 0.55330734984315499 1.254328062751503 0.54068728724586201 1.0000000180025095e-35 -0.85925218225375766 -1.4193536365541799
decision_type=2 2 2 2 2 2 2 2 2 2 2 2 2 2 2 2 2 2 2 2 2 2 2 2 2 2 2 2 2 2
left_child=1 -1 11 9 5 6 27 8 -6 18 -11 -2 13 14 -3 -14 23 -8 -4 20 -20 -21 -23 25 -25 -16 -9 -5 -28 -30
right_child=2 12 3 4 7 -7 17 26 -10 10 -12 -13 15 -15 16 -17 -18 -19 19 21 -22 22 -24 24 -26 -27 28 -29 29 -31
leaf_value=3.5460597255013209 -0.33434935536550597 -0.25605927220984454 0.452203982276842 -1.5774535454511645 0.66462050689361907 1.8833565488275958 -2.8730936299922858 -0.35964413868247447 -0.68552469372088964 0.4113213217623452 -1.6370827117743525 0.018909744594616747 0.33919897889795386 -0.43869982094613197 0.066620692543974611 -1.2637650055851302 -0.098726870714600956 -0.30419642193257018 -1.1884407456472237 0.61894387055247557 1.443309027904814 3.3596426000012394 0.10903697445474823 0.30178447581851991 2.6397523463886476 1.4209794064626506 0.89779124710682445 -4.1442933788782437 0.90572405180636617 -0.096117007158523199
leaf_weight=22 2031 3512 1256 50 249 82 43 351 629 841 185 64960 121 2562 876 368 1616 132 106 63 176 134 29 153 107 146 705 79 458 902
leaf_count=22 2031 3512 1256 50 249 82 43 351 629 841 185 64960 121 2562 876 368 1616 132 106 63 176 134 29 153 107 146 705 79 458 902
internal_value=1.77616e-10 -0.203979 0.0263314 0.214068 0.0417374 -1.07651 -1.8749 0.172777 -0.302625 0.441371 0.0419697 0.00819981 -0.212699 -0.177031 -0.0724452 -0.867122 0.150071 -0.935411 0.673675 1.22125 0.45407 2.17853 2.78131 0.463689 1.26395 0.260101 0.345543 -3.14939 0.465408 0.241268
internal_weight=82944 9483 73461 6470 3680 386 304 3294 878 2790 1026 66991 9461 8972 6410 489 2898 175 1764 508 282 226 163 1282 260 1022 2416 129 2065 1360
internal_count=82944 9483 73461 6470 3680 386 304 3294 878 2790 1026 66991 9461 8972 6410 489 2898 175 1764 508 282 226 163 1282 260 1022 2416 129 2065 1360
is_linear=0
shrinkage=0.05


Tree=84
num_leaves=31
num_cat=0
split_feature=3 6 0 1 4 4 5 0 8 5 1 0 6 3 9 8 5 9 6 7 4 0 5 4 1 11 0 4 4 7
split_gain=160824 111946 88045.8 79722.4 88638.3 93692.3 129491 214231 176545 125353 89562.5 86240 78599.5 75377.2 154611 127412 396227 113311 264849 150841 277220 175320 112265 108058 131714 104079 99390.2 98380.3 95910.8 115464
threshold=-1.2427499936392385 -1.0580783826696147 -1.6026933557942558 -0.06011300992954046 0.96227365190113923 0.69764839762832587 0.70535813777133538 -1.5840076576085123 0.74090168677562918 -1.4032428797398566 -2.0136052233686188 -0.48327859887367824 -0.066328909107543868 1.0445045951198411 -0.28878657066713359 0.74090168677562918 0.30505838731795659 0.096262190222377905 -0.89145085320788475 1.7010387896728181 -1.1306715409838382 -0.29884430116203531 1.0414542967587244 -1.4193536365541799 1.2469382975794374 0.46605794042707133 -0.87196704906940137 -1.3231262713640659 -0.55330734984315477 -0.67395931651126872
decision_type=2 2 2 2 2 2 2 2 2 2 2 2 2 2 2 2 2 2 2 2 2 2 2 2 2 2 2 2 2 2
left_child=1 -1 -2 4 5 10 8 -8 9 -7 -3 -5 -6 -4 15 -15 -17 25 28 20 21 -20 -23 -24 -25 -16 -22 -21 29 -19
right_child=2 3 13 11 12 6 7 -9 -10 -11 -12 -13 -14 14 17 16 -18 18 19 27 26 22 23 24 -26 -27 -28 -29 -30 -31
leaf_value=3.368756679242308 -0.31101246174893737 -0.41330620101235999 0.014732926209659707 -1.2296203258300851 -0.084701229316792984 -0.120893535297364 0.28701436093040539 -5.713413565499442 -0.27197885179365966 2.1834721674786675 0.0058984035080180798 0.26258278952953512 -0.64773693112286657 0.11943040622675977 0.5048495824759659 -0.045872438579236514 -2.4354816657917522 -2.8811950185469222 0.28294597160869411 -3.2075272581312393 0.7000475805473062 3.2400797573583469 3.2273229178260352 2.1559432504268794 -2.8300980704802057 1.589277930625324 -0.25650250611772879 0.35609685287756077 0.11661499500920883 -0.79059733468195281
leaf_weight=22 1899 1887 62775 356 1051 80 51 21 223 225 3923 133 1511 3190 2052 916 214 84 140 45 482 168 34 26 27 248 622 34 196 309
leaf_count=22 1899 1887 62775 356 1051 80 51 21 223 225 3923 133 1511 3190 2052 916 214 84 140 45 482 168 34 26 27 248 622 34 196 309
internal_value=9.96301e-11 -0.19378 0.0250148 -0.202064 -0.168179 -0.0688229 0.526024 -1.46311 0.79727 1.57905 -0.130253 -0.823765 -0.416765 0.0339318 0.17109 -0.0421827 -0.498418 0.377344 0.117907 0.455617 0.567842 1.7046 2.48511 1.02725 -0.384116 0.621779 0.161122 -1.67382 -0.786856 -1.23744
internal_weight=82944 9483 73461 9461 8972 6410 600 72 528 305 5810 489 2562 71562 8787 4320 1130 4467 2167 1578 1499 395 255 87 53 2300 1104 79 589 393
internal_count=82944 9483 73461 9461 8972 6410 600 72 528 305 5810 489 2562 71562 8787 4320 1130 4467 2167 1578 1499 395 255 87 53 2300 1104 79 589 393
is_linear=0
shrinkage=0.05


Tree=85
num_leaves=31
num_cat=0
split_feature=5 5 7 4 2 4 3 0 4 8 6 3 12 0 4 5 0 8 8 5 7 4 6 6 10 2 4 4 3 0
split_gain=150905 186331 177259 679644 399719 233508 160486 159794 150626 271663 206456 176822 173404 173356 157825 145120 141920 134695 134041 150048 127710 208025 119696 117506 149398 122545 123985 164415 114186 113672
threshold=-1.0822991561714665 -0.24472827403648004 -0.90839521789717692 -1.2028420648764235 -1.477247251224185 -1.4674673191492369 0.64602551738666747 -0.35996304622424108 -0.81793260411596802 -1.7404918888887655 0.30811198432835407 0.94122529917188091 0.69631062382279152 0.12759517423663413 -0.38490946076045524 -0.85925218225375766 0.56837680559423676 -1.7404918888887655 -1.0174668528432229 -0.85925218225375766 1.7010387896728181 -1.2268989061739519 1.7077461606570974 1.7077461606570974 1.0000000180025095e-35 -0.74963898180468103 -0.24056841297528506 1.0000000180025095e-35 0.73180015622619099 0.87199787198085754
decision_type=2 2 2 2 2 2 2 2 2 2 2 2 2 2 2 2 2 2 2 2 2 2 2 2 2 2 2 2 2 2
left_child=2 8 3 4 -1 -6 16 -5 9 11 -11 -2 14 -12 15 -10 -4 -8 19 -14 -19 -22 -16 -3 25 26 -25 -28 -7 -18
right_child=1 23 6 7 5 28 17 -9 12 10 13 -13 18 -15 22 -17 29 20 -20 -21 21 -23 -24 24 -26 -27 27 -29 -30 -31
leaf_value=-1.6537200345885847 2.6331030549346539 0.0088961117660438602 -0.17678663281306659 -0.36002869500477053 -2.9735459297111162 -10.990192322503953 -1.2430346079222088 1.2941723644733429 0.44928982994745115 0.039924215490292632 1.814986640969561 0.71864823852327353 1.0042293721689957 0.48503847546399737 0.37491356485807725 -0.57418888681819569 1.1412828202867373 0.38091482557979695 -0.39006833735860269 -0.12872926162008205 -3.3820575556512611 0.93386039261548026 -0.18343574539059773 -0.35215959553142867 -0.66356295518050357 -0.23472823579080779 2.4954477185511408 0.413128897056809 -5.8356589013879949 -2.1861655405589513
leaf_weight=196 207 41554 13008 1399 38 21 145 163 507 2919 311 289 419 1155 6713 1093 308 2906 2725 966 59 53 1120 271 1517 2358 131 343 22 28
leaf_count=196 207 41554 13008 1399 38 21 145 163 507 2919 311 289 419 1155 6713 1093 308 2906 2725 966 59 53 1120 271 1517 2358 131 343 22 28
internal_value=7.61085e-11 0.035941 -0.126552 -0.592187 -2.87474 -5.8293 -0.0746766 -0.187407 0.170375 0.408515 0.28306 1.51762 0.0845479 0.767176 0.202645 -0.249874 -0.15058 0.245543 -0.1865 0.214021 0.317062 -1.3397 0.295078 -0.0176999 -0.256914 -0.0581107 0.500901 0.988622 -8.35299 0.863995
internal_weight=82944 64598 18346 1839 277 81 16507 1562 18424 4881 4385 496 13543 1466 9433 1600 13344 3163 4110 1385 3018 112 7833 46174 4620 3103 745 474 43 336
internal_count=82944 64598 18346 1839 277 81 16507 1562 18424 4881 4385 496 13543 1466 9433 1600 13344 3163 4110 1385 3018 112 7833 46174 4620 3103 745 474 43 336
is_linear=0
shrinkage=0.05


Tree=86
num_leaves=31
num_cat=0
split_feature=5 5 1 7 4 0 4 4 4 2 3 1 0 4 3 0 3 7 12 7 2 5 7 4 12 7 12 1 4 4
split_gain=136192 168422 165338 164198 613798 377354 324794 168193 307201 240814 160007 163980 274467 243246 376603 299987 228083 257554 219387 191571 158439 157229 153687 143164 146523 131015 184609 208031 146320 129527
threshold=-1.0822991561714665 -0.30505838731795659 2.3018234381716098 -0.90839521789717692 -1.1787852235788951 -1.1917662258772321 -1.4674673191492369 -0.21651157167775612 -0.81793260411596802 -1.6752138833924437 0.64602551738666747 0.078696315510152728 0.49722644426876567 -0.79387576281843952 1.0000000180025095e-35 0.20519837673001681 0.031031153468385444 1.0000000180025095e-35 -0.6963106238227913 -0.17427846833443938 0.7129911840555746 -1.3494002584220433 -0.67395931651126872 -0.81793260411596802 0.69631062382279152 1.0000000180025095e-35 1.0000000180025095e-35 2.0461742978437463 -1.4193536365541799 0.86604628671102535
decision_type=2 2 2 2 2 2 2 2 2 2 2 2 2 2 2 2 2 2 2 2 2 2 2 2 2 2 2 2 2 2
left_child=2 23 3 4 5 -1 -7 8 9 -6 11 12 -5 14 19 18 17 20 -16 -13 29 -10 -20 25 -25 26 -2 -28 -27 -15
right_child=1 -3 -4 10 7 6 -8 -9 21 -11 -12 13 -14 16 15 -17 -18 -19 22 -21 -22 -23 -24 24 -26 28 27 -29 -30 -31
leaf_value=-0.8524632183196662 0.55874177252775215 -0.014615704455649149 -4.0300303366449146 -0.074345332598614852 0.21171317144551061 -2.0088549586704803 -6.7294250325152749 -0.53074828945015562 0.26062438941664168 -3.5870062140167742 0.25597566478046013 3.7218331702135425 2.2118632288579656 -2.478530213883507 1.2144406269283561 1.5325355768842357 -0.19917247656195664 -0.096535417585333516 -3.5791620268796884 0.85170487614336965 -0.45612214350578739 2.5233467369476399 -1.0845633960205088 0.19379076508252802 -0.17535230403364888 0.09691759921876146 -0.075447754555186916 -3.040493597330586 1.1848511353725628 -0.76456603682437141
leaf_weight=143 1833 47333 27 10151 132 70 76 1044 135 61 3151 91 133 481 78 140 1075 363 84 161 196 178 233 8839 3863 468 1290 62 910 143
leaf_count=143 1833 47333 27 10151 132 70 76 1044 135 61 3151 91 133 481 78 140 1075 363 84 161 196 178 233 8839 3863 468 1290 62 910 143
internal_value=9.72481e-11 0.034144 -0.120224 -0.114462 -0.562578 -2.67806 -4.46614 -0.168144 0.579998 -0.988918 -0.0644564 -0.140207 -0.0447785 -0.462502 0.29446 -0.456208 -0.726332 -1.20537 -1.16108 1.88814 -1.69623 1.54741 -1.74559 0.167821 0.081525 0.408045 0.231816 -0.211419 0.815364 -2.08575
internal_weight=82944 64598 18346 18319 1839 289 146 1550 506 193 16480 13329 10284 3045 787 535 2258 1183 395 252 820 313 317 17265 12702 4563 3185 1352 1378 624
internal_count=82944 64598 18346 18319 1839 289 146 1550 506 193 16480 13329 10284 3045 787 535 2258 1183 395 252 820 313 317 17265 12702 4563 3185 1352 1378 624
is_linear=0
shrinkage=0.05


Tree=87
num_leaves=31
num_cat=0
split_feature=5 8 4 0 1 8 11 4 5 1 1 6 2 0 4 2 6 6 4 4 7 5 7 1 5 4 3 6 7 6
split_gain=122913 167246 204509 153981 176294 149553 158662 152670 301021 759966 268628 217720 180336 161289 216935 160002 153874 146281 770686 438665 584928 620615 372242 489976 360830 268140 247427 371987 725078 225986
threshold=-1.0822991561714665 -1.0174668528432229 -0.21651157167775612 0.56837680559423676 2.3018234381716098 1.0000000180025095e-35 -0.76213734878520889 0.69764839762832587 0.90745195762283271 -0.15184244337370462 -0.47863544464024077 1.1133806251249947 1.6079624674258717 -0.12086320123821627 0.96227365190113923 0.94203594537298241 -0.066328909107543868 -0.89145085320788475 -0.81793260411596802 -0.81793260411596802 1.7010387896728181 -1.3293991099845879 0.50473852548845832 0.29374650673828345 -1.3816171070223857 -1.1787852235788951 -0.2802194107479789 0.30811198432835407 -0.17427846833443938 -1.0580783826696147
decision_type=2 2 2 2 2 2 2 2 2 2 2 2 2 2 2 2 2 2 2 2 2 2 2 2 2 2 2 2 2 2
left_child=3 2 -2 4 17 6 -3 -7 9 10 -9 15 -13 14 16 -10 -11 18 24 20 21 -19 23 -21 -1 -22 -23 28 -28 -26
right_child=1 5 -4 -5 -6 7 -8 8 11 13 -12 12 -14 -15 -16 -17 -18 19 -20 22 25 26 -24 -25 29 -27 27 -29 -30 -31
leaf_value=-0.20711716559457971 0.41956741611934795 -0.43240168876592877 0.018311250153886762 0.76298289291132282 -4.4205761472384131 -0.02328723413517798 -0.044414039449165735 5.1089670005517132 -0.22201945953239616 1.3948807810291144 1.8518852316885301 0.8185370194500694 -3.8886869521368119 0.18449641098913702 0.43812076334584638 -1.6306814311756643 4.4244445712749778 -0.0033432894524698603 0.01678671994595636 -0.27154133893036214 -2.1407647797902984 2.306391734689198 0.29343450205806204 -1.6954909712680442 -0.78012542517541295 0.27486810821574181 -2.7495986060662703 2.3172645549985424 1.2797319633152171 -2.4223326268337155
leaf_weight=470 5634 3686 7277 487 24 27215 9241 78 3230 118 336 654 21 6364 464 215 65 1465 3823 5981 286 540 2567 672 308 192 154 316 406 655
leaf_count=470 5634 3686 7277 487 24 27215 9241 78 3230 118 336 654 21 6364 464 215 65 1465 3823 5981 286 540 2567 672 308 192 154 316 406 655
internal_value=7.17456e-11 0.0324368 0.193408 -0.114213 -0.138133 -0.0077726 -0.155045 0.0413447 0.193701 0.383884 2.46554 -0.149043 0.67209 0.260962 1.0131 -0.309933 2.47096 -0.132371 -0.353896 -0.0398087 0.449377 0.718133 -0.218027 -0.41537 -1.34281 -1.17047 1.46458 0.945649 0.171666 -1.8971
internal_weight=82944 64598 12911 18346 17859 51687 12927 38760 11545 7425 414 4120 675 7011 647 3445 183 17835 5256 12579 3359 2881 9220 6653 1433 478 1416 876 560 963
internal_count=82944 64598 12911 18346 17859 51687 12927 38760 11545 7425 414 4120 675 7011 647 3445 183 17835 5256 12579 3359 2881 9220 6653 1433 478 1416 876 560 963
is_linear=0
shrinkage=0.05


Tree=88
num_leaves=31
num_cat=0
split_feature=3 6 2 9 0 1 8 2 0 7 1 0 4 4 9 0 2 6 8 6 9 1 3 9 4 9 1 9 6 1
split_gain=112264 100203 81644.1 83934.8 73298.9 76238.9 134950 78196.2 101565 80779.1 72657.2 76949.9 75633.5 91048.7 105300 148257 111125 89683.1 75237.3 72997.3 68496.3 66361.8 65081.3 66774.5 62213.6 95817.7 62128.9 71932.7 70549.4 143568
threshold=-1.2427499936392385 -1.0580783826696147 2.373974781115797 -0.48131095111188943 -1.6026933557942558 2.1699394851085603 1.0792073135794762 1.805007244251817 0.51931816802855468 1.7010387896728181 0.030813634620150427 -0.77521682178871798 0.96227365190113923 0.69764839762832587 0.38504876088951162 -1.13745297609258 -0.25060829360405162 1.7077461606570974 -0.27754979391328816 -0.066328909107543868 -0.19252438044475575 -0.097610286468075166 1.4579001315638569 0.2887865706671337 -1.0344441757937244 -0.096262190222377877 -2.0136052233686188 1.6364572337804246 1.7077461606570974 -0.43251439717800011
decision_type=2 2 2 2 2 2 2 2 2 2 2 2 2 2 2 2 2 2 2 2 2 2 2 2 2 2 2 2 2 2
left_child=1 -1 4 -4 21 7 22 -6 9 20 12 -12 13 26 -15 17 18 -16 -17 -14 -9 -2 23 24 -7 -26 -3 28 -28 -30
right_child=2 10 3 -5 5 6 -8 8 -10 -11 11 -13 19 14 15 16 -18 -19 -20 -21 -22 -23 -24 -25 25 -27 27 -29 29 -31
leaf_value=3.2086033246733927 -0.21913445235107787 -0.34630823515587683 -1.3949459014754548 1.1061981695635779 0.026556790635089152 0.48891691874585597 -3.1717669997896469 -0.90753905469871532 1.3472389768301747 -2.921229730333601 -1.5331339770616008 -0.15422092641059024 -0.051263751754954082 -2.055825121338303 -0.21358112368179252 3.4570206151611504 -1.2021067555655134 1.4039434353426352 0.76525632412852473 -0.59235873237098546 0.58397671172040055 -1.5362871870398522 -0.98529378992370187 -2.255862362457044 -0.209647785021668 -3.4788422067960107 -0.024059911970115658 -0.72305392730330675 0.82489311197316673 -2.6340075545012951
leaf_weight=22 1798 1887 38 286 69448 381 42 99 257 21 197 208 1059 37 313 87 22 118 37 1515 346 101 248 33 339 24 3154 315 480 32
leaf_count=22 1798 1887 38 286 69448 381 42 99 257 21 197 208 1059 37 313 87 22 118 37 1515 346 101 248 33 339 24 3154 315 480 32
internal_value=-2.66643e-10 -0.161902 0.0208998 0.812854 0.0173914 0.0255639 -0.393904 0.0319423 0.549245 0.10915 -0.16974 -0.824951 -0.140438 -0.0493817 0.529931 0.695742 2.0728 0.229268 2.65383 -0.36974 0.252156 -0.289188 -0.28008 -0.0549922 0.0426271 -0.425793 -0.109998 0.00201294 0.0643141 0.608712
internal_weight=82944 9483 73461 324 73137 71238 1067 70171 723 466 9461 405 9056 6482 614 577 146 431 124 2574 445 1899 1025 777 744 363 5868 3981 3666 512
internal_count=82944 9483 73461 324 73137 71238 1067 70171 723 466 9461 405 9056 6482 614 577 146 431 124 2574 445 1899 1025 777 744 363 5868 3981 3666 512
is_linear=0
shrinkage=0.05


Tree=89
num_leaves=31
num_cat=0
split_feature=5 8 4 0 1 8 2 0 11 4 4 11 11 1 6 4 4 7 5 7 1 5 4 4 3 6 7 7 7 0
split_gain=106531 148737 182761 137898 150220 135649 143646 203720 161500 163388 153996 142452 136610 141163 131370 700742 393795 528904 556996 331610 448836 253347 269821 242012 225263 334928 653978 209952 205822 293538
threshold=-1.0822991561714665 -1.0174668528432229 -0.21651157167775612 0.56837680559423676 2.3018234381716098 1.0000000180025095e-35 0.16535300373379466 0.026260422942062291 -0.76213734878520889 1.2750125887690096 0.84198944541349674 -0.76213734878520889 -0.76213734878520889 0.62751315062344593 -0.89145085320788475 -1.2028420648764235 -0.81793260411596802 1.7010387896728181 -1.3293991099845879 0.50473852548845832 -0.051189603819237657 -1.4141003550473299 -1.5636946843393509 -1.1547283822813665 -0.2802194107479789 0.30811198432835407 -0.17427846833443938 -0.44226394673424807 -0.67395931651126872 -1.1917662258772321
decision_type=2 2 2 2 2 2 2 2 2 2 2 2 2 2 2 2 2 2 2 2 2 2 2 2 2 2 2 2 2 2
left_child=3 2 -2 4 14 11 12 8 -8 -10 -9 -3 -7 -14 15 21 17 18 -16 20 -18 -1 -23 -19 27 26 -26 -20 29 -24
right_child=1 5 -4 -5 -6 6 7 10 9 -11 -12 -13 13 -15 16 -17 19 23 24 -21 -22 22 28 -25 25 -27 -28 -29 -30 -31
leaf_value=1.6898662207261574 0.3957971052096374 -0.41078791725605285 0.016475989903276703 0.72379322124528467 -4.0820550421873731 0.12151862727623815 0.14617917405407846 -0.065516602868312943 0.81422570025949992 -0.63824471998959786 0.26688485352208619 -0.043153227149128691 -0.2327027428344676 0.42690310724863445 -0.00037357226735673871 -0.081605139075032737 -0.20242253276611866 -1.9871425309587245 4.0379512315988544 0.27795375860475779 -1.2851928791846048 -0.51616312287026833 -1.638510827894641 0.33483520249577448 -2.6136274940781781 2.1966337131972931 1.2130540705694282 1.6665148398918763 -1.826798542788042 -5.7345321622430063
leaf_weight=53 5634 3686 7277 487 24 5882 3136 11591 2233 212 4982 9241 9840 884 1465 4415 5494 298 120 2567 1159 248 79 180 154 316 406 420 363 98
leaf_count=53 5634 3686 7277 487 24 5882 3136 11591 2233 212 4982 9241 9840 884 1465 4415 5494 298 120 2567 1159 248 79 180 154 316 406 420 363 98
internal_value=5.67187e-11 0.0301979 0.182001 -0.10633 -0.128967 -0.00772128 0.0390571 0.122393 0.383672 0.688286 0.0344064 -0.14798 -0.0721209 -0.17833 -0.123647 -0.333578 -0.0359296 0.427563 0.683124 -0.204787 -0.391049 -1.65636 -1.88142 -1.11276 1.39027 0.895134 0.160717 2.1935 -2.50843 -3.90636
internal_weight=82944 64598 12911 18346 17859 51687 38760 22154 5581 2445 16573 12927 16606 10724 17835 5256 12579 3359 2881 9220 6653 841 788 478 1416 876 560 540 540 177
internal_count=82944 64598 12911 18346 17859 51687 38760 22154 5581 2445 16573 12927 16606 10724 17835 5256 12579 3359 2881 9220 6653 841 788 478 1416 876 560 540 540 177
is_linear=0
shrinkage=0.05


Tree=90
num_leaves=31
num_cat=0
split_feature=5 5 4 8 4 0 0 2 1 5 1 6 8 5 4 5 8 4 6 0 4 6 6 4 6 4 4 6 7 4
split_gain=97123 132000 129203 176366 202299 166478 259733 140919 216155 173657 135492 133211 124675 399684 315205 250378 356720 436100 272430 155628 239641 302352 143935 134339 169988 134303 130270 119191 117736 411002
threshold=-1.1210959212062963 -0.24472827403648004 -0.81793260411596802 0.19793268244031401 -1.4193536365541799 -0.22674208822149125 0.095730065255966126 1.0820771635415574 2.0461742978437463 -0.90745195762283293 1.5452491789183875 0.30811198432835407 0.74090168677562918 -0.85925218225375766 1.2750125887690096 -0.85925218225375766 -1.7404918888887655 -0.52925050854562683 -0.066328909107543868 0.82443565370415939 0.76981892152091114 1.0000000180025095e-35 0.30811198432835407 -0.45707998465304106 1.1133806251249947 1.2750125887690096 -0.21651157167775612 1.7077461606570974 -0.90839521789717692 -1.1547283822813665
decision_type=2 2 2 2 2 2 2 2 2 2 2 2 2 2 2 2 2 2 2 2 2 2 2 2 2 2 2 2 2 2
left_child=28 2 3 4 -2 -5 11 8 -8 -9 12 -7 15 14 26 16 25 -18 -17 20 21 -19 -16 -20 -25 -4 -14 -22 29 -1
right_child=1 -3 10 5 -6 6 7 9 -10 -11 -12 -13 13 -15 22 18 17 19 23 -21 27 -23 -24 24 -26 -27 -28 -29 -30 -31
leaf_value=-2.2433161437893716 0.033258635444753916 -0.018418427242872626 1.283857179530064 -2.4599513165652755 0.96191527010508315 0.40999043633224103 0.19950758194158941 -2.8089492852489157 -2.8031846342548246 -0.29864902568219581 -0.43307106249602856 2.447597869285723 0.5091273663929482 -0.067561028041975515 0.30816642103547398 -0.17903584441201434 1.180921139454074 -2.3859553328102345 -0.36148789993734387 0.17888508611188805 -0.13205172763125531 -0.74804479997002626 -2.1268135071344054 0.99707778443062178 0.23482706562699654 -0.87722954003290199 1.6533881870021514 -1.5160078658643081 -0.062041424823961369 -0.15663875164361066
leaf_weight=282 895 46174 414 64 1701 157 1800 96 62 244 1273 164 348 2256 165 2556 330 468 392 388 902 708 96 1495 1432 87 872 188 15489 1446
leaf_count=282 895 46174 414 64 1701 157 1800 96 62 244 1273 164 348 2256 165 2556 330 468 392 388 902 708 96 1495 1432 87 872 188 15489 1446
internal_value=3.78914e-11 0.0276914 0.136579 0.35059 0.641751 0.0584168 0.122299 -0.0713957 0.0995253 -1.00744 0.0593889 1.45101 0.107255 0.351401 0.989604 0.00977896 -0.325984 -0.533261 0.208951 -0.746404 -0.904838 -1.39987 -0.587458 0.507743 0.624156 0.908579 1.32699 -0.370752 -0.105714 -0.497173
internal_weight=82944 65727 19553 5183 2596 2587 2523 2202 1862 340 14370 321 13097 3737 1481 9360 3485 2984 5875 2654 2266 1176 261 3319 2927 501 1220 1090 17217 1728
internal_count=82944 65727 19553 5183 2596 2587 2523 2202 1862 340 14370 321 13097 3737 1481 9360 3485 2984 5875 2654 2266 1176 261 3319 2927 501 1220 1090 17217 1728
is_linear=0
shrinkage=0.05


Tree=91
num_leaves=31
num_cat=0
split_feature=11 4 4 7 1 3 6 6 5 1 7 12 8 4 5 1 4 2 7 4 0 1 6 0 8 4 0 2 6 2
split_gain=91339.6 165313 224960 250874 272249 177522 169102 162674 155812 147963 149554 138110 130010 224196 162632 134614 127988 137704 120862 171894 322921 227982 212632 199264 253229 175906 171304 143638 135590 119766
threshold=1.0801555850332116 -0.1683978890826997 -0.52925050854562683 1.0000000180025095e-35 -0.24464859761566629 -0.50800332003598003 1.7077461606570974 -0.50537016327275397 1.3494002584220433 -1.1230437272174754 -0.081021797575299523 -0.6963106238227913 1.0792073135794762 0.96227365190113923 1.3937669968154378 -0.7824812487018139 -0.26462525427281347 0.97064084075793844 -0.44226394673424807 -1.1306715409838382 -0.77521682178871798 -1.1479052928026976 -0.066328909107543868 -1.2161325771349458 0.37100531152820115 -1.5636946843393509 -1.2918889148873716 -0.52342002949533895 -0.066328909107543868 1.96935456431297
decision_type=2 2 2 2 2 2 2 2 2 2 2 2 2 2 2 2 2 2 2 2 2 2 2 2 2 2 2 2 2 2
left_child=8 2 3 18 -5 6 -3 -4 -1 10 -10 -11 -7 14 29 -15 17 -13 19 23 21 -21 -22 27 -25 -26 -20 -2 -27 -14
right_child=1 5 7 4 -6 12 -8 -9 9 11 -12 16 13 15 -16 -17 -18 -19 26 20 22 -23 -24 24 25 28 -28 -29 -30 -31
leaf_value=0.014394181580151278 -0.37515464992364561 -0.30905065356003658 -0.20458047158901949 -0.42231598000739257 -2.342052905815958 0.18939419031785598 0.5786607244459081 -1.345260298836723 0.6335404616314918 -0.93915997844965515 3.4608520227320057 1.4878552984970157 3.8728978397087617 0.61631131727974553 0.58906104100161583 -2.2924503729740779 -0.36491254651217009 -1.3017214752435686 -0.36439605862082497 0.8603285864325525 0.99418613539963241 -0.93555118513289193 4.3550741905515844 -0.25600899180554482 -0.5515332805434453 -5.1587330608044644 0.75956925959435029 1.4206806536541869 -2.272055484846462 1.2607130712025787
leaf_weight=68173 424 3428 522 1348 214 2632 636 779 104 165 85 384 110 118 145 60 199 50 496 302 164 426 66 332 97 59 1071 151 131 73
leaf_count=68173 424 3428 522 1348 214 2632 636 779 104 165 85 384 110 118 145 60 199 50 496 302 164 426 66 332 97 59 1071 151 131 73
internal_value=2.88718e-10 -0.117529 -0.298656 -0.153571 -0.685327 0.0480048 -0.170127 -0.887586 0.0234243 0.647145 1.90508 0.349212 0.330506 1.06451 1.83983 -0.36417 0.685044 1.16648 0.0697696 -0.17346 0.325424 -0.190557 1.95861 -0.573736 -1.19628 -2.28398 0.403802 0.0964473 -3.16844 2.83088
internal_weight=82944 13784 6582 5281 1562 7202 4064 1301 69160 987 189 798 3138 506 328 178 633 434 3719 2152 958 728 230 1194 619 287 1567 575 190 183
internal_count=82944 13784 6582 5281 1562 7202 4064 1301 69160 987 189 798 3138 506 328 178 633 434 3719 2152 958 728 230 1194 619 287 1567 575 190 183
is_linear=0
shrinkage=0.05


Tree=92
num_leaves=31
num_cat=0
split_feature=5 5 4 8 6 0 3 0 4 1 4 0 1 0 8 5 4 5 8 4 6 0 4 6 6 4 6 4 4 4
split_gain=84486.1 118578 116605 167296 202034 207238 189175 177221 170509 159295 151199 124968 122282 120567 112519 360715 284473 225966 321940 393580 245868 140454 216276 276591 129901 121241 153414 121209 117569 117240
threshold=-1.1210959212062963 -0.24472827403648004 -0.81793260411596802 -1.7404918888887655 0.30811198432835407 0.12759517423663413 0.94122529917188091 -0.12086320123821627 -1.1306715409838382 1.8563576490915763 -1.1306715409838382 0.71917983228723392 1.5452491789183875 0.87199787198085754 0.74090168677562918 -0.85925218225375766 1.2750125887690096 -0.85925218225375766 -1.7404918888887655 -0.52925050854562683 -0.066328909107543868 0.82443565370415939 0.76981892152091114 1.1133806251249947 0.30811198432835407 -0.45707998465304106 1.1133806251249947 1.2750125887690096 -0.21651157167775612 0.072170523892585367
decision_type=2 2 2 2 2 2 2 2 2 2 2 2 2 2 2 2 2 2 2 2 2 2 2 2 2 2 2 2 2 2
left_child=-1 2 3 6 7 -6 -2 -5 -8 -9 13 -10 14 -11 17 16 28 18 27 -20 -19 22 23 -21 -18 -22 -27 -4 -16 -25
right_child=1 -3 12 4 5 -7 8 9 11 10 -12 -13 -14 -15 15 -17 24 20 19 21 25 -23 -24 29 -26 26 -28 -29 -30 -31
leaf_value=-0.098596939236749684 2.354194253908497 -0.017875526571149773 1.2189446135238489 -2.1585596138408976 1.7308591110146132 0.37796948724540386 0.97866250845961855 0.1877371388550223 -4.3339519459625775 0.5964061556341953 -2.3388149727047898 0.16497642352161082 -0.41213721620271571 -3.0134674588484422 0.48295129106176654 -0.064902688426474203 0.29203839051001002 -0.17080376063269387 1.121155370689477 -1.9507143607711535 -0.34413320971272737 0.16922112160851968 -0.35293450530124604 -1.3291048713688118 -2.0211925501274286 0.9465041853636379 0.22236600430251763 -0.83408777092037534 1.5699990604559833 0.28340290773509841
leaf_weight=17217 207 46174 414 92 372 1184 260 2718 29 133 127 33 1273 28 348 2256 165 2556 330 711 392 388 1090 192 96 1495 1432 87 872 273
leaf_count=17217 207 46174 414 92 372 1184 260 2718 29 133 127 33 1273 28 348 2256 165 2556 330 711 392 388 1090 192 96 1495 1432 87 872 273
internal_value=-2.06333e-10 0.0258272 0.12903 0.332341 0.236569 0.701411 1.17492 0.00309796 0.416807 0.0692565 -1.0489 -1.93936 0.0556997 -0.031398 0.101172 0.333111 0.939405 0.00857031 -0.310404 -0.507318 0.197783 -0.709803 -0.860316 -1.33059 -0.558805 0.481637 0.592228 0.86243 1.25992 -0.382407
internal_weight=82944 65727 19553 5183 4654 1556 529 3098 322 3006 288 62 14370 161 13097 3737 1481 9360 3485 2984 5875 2654 2266 1176 261 3319 2927 501 1220 465
internal_count=82944 65727 19553 5183 4654 1556 529 3098 322 3006 288 62 14370 161 13097 3737 1481 9360 3485 2984 5875 2654 2266 1176 261 3319 2927 501 1220 465
is_linear=0
shrinkage=0.05


Tree=93
num_leaves=31
num_cat=0
split_feature=11 4 4 7 3 1 5 1 7 5 7 6 7 0 4 5 3 4 4 4 4 7 2 6 0 4 8 1 1 8
split_gain=78831.8 148665 204054 182802 159939 155129 141278 133537 134972 131655 123099 114991 111227 221237 196466 129367 337651 269602 220812 187134 169440 234948 125285 108085 110155 105961 214838 125744 107399 148740
threshold=1.0801555850332116 -0.1683978890826997 -0.62547787373574071 1.0000000180025095e-35 -0.29181012099053788 -0.24464859761566629 1.3494002584220433 -1.1230437272174754 -0.081021797575299523 -1.2818148012906687 -0.74611299300944822 1.1133806251249947 -0.90839521789717692 -1.1289851331946312 -1.4915241604467655 1.2818148012906689 -0.041666219258369157 -0.81793260411596802 -1.1547283822813665 -0.67359155633079704 -1.1306715409838382 -0.17427846833443938 -0.23883485054397782 -0.50537016327275397 -0.42016282327938065 0.072170523892585367 1.0792073135794762 0.36096655954559453 0.098940958743399199 0.37100531152820115
decision_type=2 2 2 2 2 2 2 2 2 2 2 2 2 2 2 2 2 2 2 2 2 2 2 2 2 2 2 2 2 2
left_child=6 2 3 12 11 9 -1 8 -8 -5 -9 25 13 -2 -15 16 17 -14 -18 -19 -17 22 -22 -4 -25 26 27 -3 -27 -30
right_child=1 4 23 5 -6 -7 7 10 -10 -11 -12 -13 15 14 -16 20 18 19 -20 -21 21 -23 -24 24 -26 28 -28 -29 29 -31
leaf_value=0.013162778219064942 -0.21229301981603435 -0.065260569232050328 -0.26629076289543269 -1.1445271041280971 0.37352306647325034 -2.0218393230866529 0.60275721318589959 -1.3080308186449112 3.2887031920341885 -0.053914779726891716 0.56769930009615421 0.32756599699630207 1.518791782419054 0.028463174104690556 -5.7092459717312378 -0.5048755440184175 -1.4495363453305083 -2.1944440203436306 0.91037243855999239 2.4303658403199293 0.25825022569821515 1.8240651656576639 -1.9030189880091382 -0.97756868562985477 -3.7566602578034272 -0.29541474849012295 4.1188233626954673 3.4415727549129063 -0.50181803467773622 -3.43999346855915
leaf_weight=68173 456 480 685 406 2474 167 104 100 85 869 698 1091 727 25 37 988 266 89 158 29 349 229 83 982 37 2904 36 27 124 66
leaf_count=68173 456 480 685 406 2474 167 104 100 85 869 698 1091 727 25 37 988 266 89 158 29 349 229 83 982 37 2904 36 27 124 66
internal_value=3.05386e-10 -0.109186 -0.280951 -0.116409 0.0477917 -0.588888 0.0217615 0.615681 1.81072 -0.4012 0.332645 -0.122652 0.0818788 -0.593313 -3.39565 0.201738 0.581244 1.15898 -0.570136 -1.05784 -0.0903137 0.529334 -0.156994 -0.751982 -1.07848 -0.257705 0.38651 0.121494 -0.370766 -1.52245
internal_weight=82944 13784 6582 4878 7202 1442 69160 987 189 1275 798 4728 3436 518 62 2918 1269 845 424 118 1649 661 432 1704 1019 3637 543 507 3094 190
internal_count=82944 13784 6582 4878 7202 1442 69160 987 189 1275 798 4728 3436 518 62 2918 1269 845 424 118 1649 661 432 1704 1019 3637 543 507 3094 190
is_linear=0
shrinkage=0.05


Tree=94
num_leaves=31
num_cat=0
split_feature=5 8 4 8 4 5 1 1 6 11 0 1 4 1 3 1 4 6 4 12 6 4 6 7 4 8 11 3 7 4
split_gain=73579.7 122352 158779 118642 132627 194847 586733 173446 163445 128900 118475 133344 115380 127569 110300 157779 161416 361238 209105 266358 171320 160845 144966 123166 187505 120618 117571 111932 122351 110566
threshold=-1.0822991561714665 -1.0174668528432229 -0.21651157167775612 1.0000000180025095e-35 0.76981892152091114 0.90745195762283271 -0.38759907846008496 -0.11998415462314342 1.1133806251249947 -0.76213734878520889 0.56837680559423676 2.3018234381716098 0.81793260411596835 -0.46104161822029205 0.40417623591304358 0.078696315510152728 -0.79387576281843952 -0.50537016327275397 0.74576208022338275 -0.34815531191139565 -1.0580783826696147 -1.0103873344961958 1.0000000180025095e-35 -0.90839521789717692 -0.84198944541349652 -1.7404918888887655 -0.76213734878520889 0.2299516019579077 -0.17427846833443938 -1.1306715409838382
decision_type=2 2 2 2 2 2 2 2 2 2 2 2 2 2 2 2 2 2 2 2 2 2 2 2 2 2 2 2 2 2
left_child=10 2 -2 9 -5 6 -6 -8 12 -3 11 14 13 -7 15 -1 17 20 19 -18 -17 27 -23 24 -16 29 -21 -19 -29 -25
right_child=1 3 -4 4 5 8 7 -9 -10 -11 -12 -13 -14 -15 23 16 18 21 -20 26 -22 22 -24 25 -26 -27 -28 28 -30 -31
leaf_value=-0.095535264305150469 0.36205455996260616 -0.3904616204544803 0.0084956321095126554 -0.022882639845640481 4.5994267660379409 0.83350783217698332 1.75836863649857 0.24918722222966971 0.63676659388310231 -0.040750843894708441 0.68107449037675005 -3.8337795615196231 -0.17899733240410784 -2.4559597107581794 -3.1771994546481541 -1.245619214097462 -0.027808078511243863 0.82782524748548969 -0.11052566522606806 -0.47774675849159032 -5.796852119152363 3.7333369052490677 -0.67053364211320876 -0.025170386493206028 0.4326817434381795 0.21428532327007888 -2.0360746306935176 -2.6685886763864097 1.4043180625353542 -2.9048287165164948
leaf_weight=11129 5634 3686 7277 28000 80 40 196 6640 627 9241 487 24 3065 112 70 101 331 274 712 151 26 74 25 75 74 4041 610 54 28 60
leaf_count=11129 5634 3686 7277 28000 80 40 196 6640 627 9241 487 24 3065 112 70 101 331 274 712 151 26 74 25 75 74 4041 610 54 28 60
internal_value=-2.10495e-11 0.0250968 0.162779 -0.00929514 0.0344526 0.183652 0.342278 0.292458 -0.101743 -0.140467 -0.0883681 -0.10935 -0.24568 -1.59031 -0.104338 -0.174638 -0.543598 0.180445 -0.777186 -1.21186 -2.17737 0.83856 2.62125 0.115594 -1.32212 0.16517 -1.72687 0.342812 -1.27784 -1.30502
internal_weight=82944 64598 12911 51687 38760 10760 6916 6836 3844 12927 18346 17859 3217 152 17835 13515 2386 582 1804 1092 127 455 99 4320 144 4176 761 356 82 135
internal_count=82944 64598 12911 51687 38760 10760 6916 6836 3844 12927 18346 17859 3217 152 17835 13515 2386 582 1804 1092 127 455 99 4320 144 4176 761 356 82 135
is_linear=0
shrinkage=0.05


Tree=95
num_leaves=31
num_cat=0
split_feature=0 2 2 9 11 5 4 2 8 4 4 7 3 6 4 6 5 12 4 7 5 2 3 5 0 4 0 3 2 4
split_gain=70658.9 74672.5 65486.4 75813.6 64690.1 203071 178096 155851 90166.3 88553.4 199180 237796 159436 143790 135926 348400 242906 193743 161419 161276 236923 121535 118804 111818 104653 102511 100700 97073 183399 95272.9
threshold=-1.6588868161365133 -3.3487556704309971 2.373974781115797 -0.48131095111188943 1.0801555850332116 1.3494002584220433 -0.24056841297528506 0.34366841508042739 -1.0174668528432229 -0.1683978890826997 -0.52925050854562683 1.0000000180025095e-35 -0.5627379280090985 -0.50537016327275397 -1.1306715409838382 0.30811198432835407 1.3068553720381473 -0.34815531191139565 -0.81793260411596802 -0.67395931651126872 1.2818148012906689 0.43636326235319639 -1.2746274358238492 1.3816171070223859 -0.48327859887367824 -1.4915241604467655 -1.0659229847372191 0.27849091771118484 -0.56653928851149116 0.096227365190113837
decision_type=2 2 2 2 2 2 2 2 2 2 2 2 2 2 2 2 2 2 2 2 2 2 2 2 2 2 2 2 2 2
left_child=-1 -2 4 -4 5 -3 7 8 -7 10 11 14 29 -12 15 19 26 -16 21 20 25 -19 -21 27 -15 -6 -17 28 -13 -11
right_child=1 2 3 -5 9 6 -8 -9 -10 12 13 23 -14 24 17 16 -18 18 -20 22 -22 -23 -24 -25 -26 -27 -28 -29 -30 -31
leaf_value=-0.20305156449576836 -0.90522948553164806 0.019690243650888534 -1.3758249033438532 1.0012410138870453 -1.1531037680564389 2.7628114381071294 -0.35954235338443064 -0.77269857452287305 1.2256149523631605 0.40738234034209131 -0.16196130552639565 -0.69023127358164149 0.29505967179608777 -1.1120419400167465 -0.33495569233388323 1.5066743984073403 -0.34639629054009108 1.154349475010046 0.24494924175842203 0.93684387623034704 -0.14613655206170018 3.0739684123084658 -0.4743990787546582 -0.024839908864240385 -3.426143283664056 -3.3008332379702212 3.8704854948478835 -0.012870659761865844 -2.40593934719627 -0.35196992826217699
leaf_weight=4074 222 65866 38 286 93 132 223 77 344 497 480 522 2981 625 437 215 185 384 438 195 221 105 634 531 53 138 57 223 222 2446
leaf_count=4074 222 65866 38 286 93 132 223 77 344 497 480 522 2981 625 437 215 185 384 438 195 221 105 634 531 53 138 57 223 222 2446
internal_value=-2.28502e-10 0.0104886 0.0130734 0.722449 0.0101389 0.029164 0.833282 1.31429 1.6519 -0.0983928 -0.238025 -0.0904772 0.0373267 -0.824139 0.159344 -0.133869 1.05136 0.532954 0.942098 -0.556701 -1.31648 1.56654 -0.142442 -0.607797 -1.29294 -2.43616 2.00203 -0.92791 -1.20218 -0.223734
internal_weight=82944 78870 78648 324 78324 66642 776 553 476 11682 5758 4600 5924 1158 3102 1738 457 1364 927 1281 452 489 829 1498 678 231 272 967 744 2943
internal_count=82944 78870 78648 324 78324 66642 776 553 476 11682 5758 4600 5924 1158 3102 1738 457 1364 927 1281 452 489 829 1498 678 231 272 967 744 2943
is_linear=0
shrinkage=0.05


Tree=96
num_leaves=31
num_cat=0
split_feature=0 1 2 2 3 1 5 8 11 5 4 1 1 8 4 4 4 1 4 3 4 5 5 3 6 4 4 4 12 4
split_gain=63769.7 77286.2 67391.9 59101.4 69413.5 58383.4 136219 83019.3 61873.2 180893 160732 178662 95713.2 94603.5 93241.1 91664.7 177113 251257 228126 160329 177438 127302 84118.2 217133 387129 235915 315221 220933 263328 220680
threshold=-1.6588868161365133 -0.38759907846008496 -3.3487556704309971 2.373974781115797 0.62021754813568941 2.3018234381716098 -0.85925218225375766 1.0792073135794762 1.0801555850332116 1.3494002584220433 -0.24056841297528506 -0.24464859761566629 0.50576383356501864 1.0792073135794762 0.89010312800855373 1.2750125887690096 -0.21651157167775612 -0.36118479456973707 -0.55330734984315477 -0.61982507694372868 0.67359155633079737 1.4032428797398568 0.30505838731795659 -0.25629672200667136 1.0000000180025095e-35 0.96227365190113923 -0.55330734984315477 1.0000000180025095e-35 1.0000000180025095e-35 0.74576208022338275
decision_type=2 2 2 2 2 2 2 2 2 2 2 2 2 2 2 2 2 2 2 2 2 2 2 2 2 2 2 2 2 2
left_child=1 -1 -2 5 -5 8 -7 -8 9 22 11 -11 13 -10 -14 16 18 -18 -15 -19 21 -21 -4 24 25 26 -24 28 -28 -29
right_child=2 -3 3 4 -6 6 7 -9 12 10 -12 -13 14 15 -16 -17 17 19 -20 20 -22 -23 23 -25 -26 -27 27 29 -30 -31
leaf_value=-0.14759427778794884 -0.85996799490641096 -1.2397326380323026 0.06973992023291925 3.4662389664422899 0.4936597067063595 -3.1927190427269259 -0.15494710537792056 -2.8852600262082859 -0.10543282876773502 1.9224073059709565 -0.34156524193903326 0.04991172146164443 -0.76774655652805401 0.43521387207968804 1.4228251219942021 -0.62661823283403351 2.7681791726669132 -1.9118687253750739 -2.2038980594575408 2.7860495741026745 -1.9666158891305692 0.021378543692222543 -0.1034736730382942 -0.13214053304032572 -0.1599585469031968 -0.27448849574233369 5.4371458624090465 0.5775223553452199 1.6888794979979835 2.0525104091084638
leaf_weight=3905 222 169 39298 21 303 42 697 29 9689 354 223 199 738 452 52 195 176 61 100 105 41 69 680 19128 3534 616 56 1180 287 323
leaf_count=3905 222 169 39298 21 303 42 697 29 9689 354 223 199 738 452 52 195 176 61 100 105 41 69 680 19128 3534 616 56 1180 287 323
internal_value=1.69946e-10 -0.192899 0.00996412 0.0124197 0.686327 0.00963196 -0.424173 -0.264009 0.0139277 0.0327307 0.791618 1.24858 -0.092144 -0.0535863 -0.623557 0.36538 0.558049 1.29193 -0.0428861 0.350562 0.992461 1.68971 0.023685 -0.046454 0.199054 0.602858 0.816811 1.15581 2.30084 0.894502
internal_weight=82944 4074 78870 78648 324 78324 768 726 77556 65878 776 553 11678 10888 790 1199 1004 452 552 276 215 174 65102 25804 6676 3142 2526 1846 343 1503
internal_count=82944 4074 78870 78648 324 78324 768 726 77556 65878 776 553 11678 10888 790 1199 1004 452 552 276 215 174 65102 25804 6676 3142 2526 1846 343 1503
is_linear=0
shrinkage=0.05


Tree=97
num_leaves=31
num_cat=0
split_feature=5 5 12 8 4 1 3 5 0 2 1 4 3 1 7 4 2 4 7 3 0 8 3 4 7 0 8 7 4 1
split_gain=60219.3 110463 112005 196350 178743 167689 145490 119672 104748 114451 109016 95135.4 92307.2 125036 115217 121590 101949 166520 237666 199066 228451 157555 153335 135257 139943 121101 128060 92942.3 167729 111045
threshold=-1.0822991561714665 -0.30505838731795659 1.0000000180025095e-35 -1.0174668528432229 -0.72170523892585436 1.8563576490915763 0.94122529917188091 -0.85925218225375766 0.56837680559423676 0.22631027520548741 2.3018234381716098 0.76981892152091114 0.64602551738666747 0.078696315510152728 -0.90839521789717692 -0.84198944541349652 0.69154318303039763 -0.81793260411596802 0.50473852548845832 -0.29181012099053788 0.20519837673001681 1.0152913959672809 0.031031153468385444 -1.3231262713640659 -0.67395931651126872 0.14993241413394157 0.37100531152820115 1.7010387896728181 -1.2268989061739519 1.2469382975794374
decision_type=2 2 2 2 2 2 2 2 2 2 2 2 2 2 2 2 2 2 2 2 2 2 2 2 2 2 2 2 2 2
left_child=8 2 -2 4 6 -5 -4 -6 10 -10 12 -7 13 -1 15 -14 17 19 22 21 -21 -15 25 24 -18 26 -19 29 -29 -16
right_child=1 -3 3 5 7 11 -8 -9 9 -11 -12 -13 14 16 27 -17 23 18 -20 20 -22 -23 -24 -25 -26 -27 -28 28 -30 -31
leaf_value=-0.074221740229791652 0.25912226657359921 -0.016784174901230114 2.2565284857683094 -0.065388229028503289 0.86500040284951685 -1.8739776600590525 0.55005169698099299 -0.18456443115610888 1.8442793586998123 0.15424123714204255 -3.4672496197124327 0.2510433033318587 -3.1144950031958247 4.5816971063613892 0.17829844211840518 0.57718299650832228 -4.1547364198244541 -0.67407722733038311 0.72752284992446192 -1.3096709330109033 2.0443555313451784 0.72996096574562674 -0.49200411596774551 0.100441685823332 -0.38744799832799548 -2.7181550784823822 -2.281374157544894 -3.0404221522606028 0.83500566819928734 1.4168635134844436
leaf_weight=11781 8578 47333 214 6652 400 204 300 846 141 346 24 71 54 37 2694 38 39 340 186 220 66 94 473 1051 67 194 195 59 53 194
leaf_count=11781 8578 47333 214 6652 400 204 300 846 141 346 24 71 54 37 2694 38 39 340 186 220 66 94 473 1051 67 194 195 59 53 194
internal_value=-1.46396e-10 0.0227042 0.130964 0.00441365 0.476006 -0.115408 1.26053 0.152375 -0.0799437 0.643554 -0.0996729 -1.32534 -0.0951412 -0.147234 0.153243 -1.58967 -0.437632 -0.672485 -0.935717 0.203691 -0.535665 1.81786 -1.19309 -0.0712442 -1.77353 -1.64798 -1.25991 0.206693 -1.20651 0.261498
internal_weight=82944 64598 17265 8687 1760 6927 514 1246 18346 487 17859 275 17835 14743 3092 92 2962 1805 1388 417 286 131 1202 1157 106 729 535 3000 112 2888
internal_count=82944 64598 17265 8687 1760 6927 514 1246 18346 487 17859 275 17835 14743 3092 92 2962 1805 1388 417 286 131 1202 1157 106 729 535 3000 112 2888
is_linear=0
shrinkage=0.05


Tree=98
num_leaves=31
num_cat=0
split_feature=0 1 2 4 2 9 11 5 4 1 3 4 2 1 0 0 0 6 5 3 6 4 4 4 7 4 5 5 1 4
split_gain=56170 69943.8 60259.4 54309 53118.9 68086.9 51635.3 163127 145060 161243 117986 226121 153485 201229 119960 115704 114489 99693.2 90517.4 223045 333677 212441 286654 197676 237653 198111 278923 194719 219489 190071
threshold=-1.6588868161365133 -0.38759907846008496 -3.3487556704309971 -0.96227365190113912 2.373974781115797 -0.48131095111188943 0.46605794042707133 1.3494002584220433 -0.24056841297528506 -0.24464859761566629 -0.49086458611148398 -1.1547283822813665 -0.32433885877774593 -1.0562345477387605 1.1059526493479568 -0.98241093280788838 -0.39273602262353097 -0.89145085320788475 0.30505838731795659 -0.25629672200667136 1.0000000180025095e-35 0.96227365190113923 -0.55330734984315477 1.0000000180025095e-35 -0.74611299300944822 0.74576208022338275 1.082299156171467 0.90745195762283271 0.28017917652239865 -1.4434104778517083
decision_type=2 2 2 2 2 2 2 2 2 2 2 2 2 2 2 2 2 2 2 2 2 2 2 2 2 2 2 2 2 2
left_child=1 -1 -2 -3 6 -6 7 18 9 -9 12 15 -8 -14 -13 -12 -17 -18 -4 20 21 22 -20 24 -24 26 -25 -22 -29 -21
right_child=2 3 4 -5 5 -7 10 8 -10 -11 11 14 13 -15 -16 16 17 -19 19 29 27 -23 23 25 -26 -27 -28 28 -30 -31
leaf_value=-0.13794125232059704 -0.81325850233032893 1.2695671951770784 0.078779215469999275 -1.5052925689708467 -1.3379134595394135 0.91476633167871224 -0.1031361108984092 1.8271261488166404 -0.32364777035211456 0.048255349533754079 0.083997377730750791 0.1498956742198467 -4.4151577568054199 -0.57938340957264578 -0.30393396272883699 -1.8397687210147404 -1.2772308279698681 1.0608598519023509 -0.09746077672578396 0.34310809781875429 0.38214190669950088 -0.26441760017478372 5.1661277883819174 -0.1406224195979294 1.6052747184079701 1.9588304998772221 1.4072524375241737 -0.23315911379710888 -1.8007210803103164 -0.18793366366001737
leaf_weight=3905 222 20 32175 149 38 286 5823 354 223 199 240 10185 35 1481 1699 311 106 80 680 1871 1195 604 56 647 287 320 529 2024 251 16949
leaf_count=3905 222 20 32175 149 38 286 5823 354 223 199 240 10185 35 1481 1699 311 106 80 680 1871 1195 604 56 647 287 320 529 2024 251 16949
internal_value=5.27824e-11 -0.18104 0.00935156 -1.17691 0.0116735 0.650563 0.00903068 0.0327719 0.752876 1.18699 -0.0603899 0.0323094 -0.219806 -0.66794 0.0850138 -0.817539 -1.25289 -0.2716 0.0230685 -0.047466 0.202803 0.577751 0.779684 1.10402 2.18664 0.855802 0.555658 -0.13465 -0.406108 -0.13514
internal_weight=82944 4074 78870 169 78648 324 78324 58364 776 553 19960 12621 7339 1516 11884 737 497 186 57588 25413 6593 3123 2519 1839 343 1496 1176 3470 2275 18820
internal_count=82944 4074 78870 169 78648 324 78324 58364 776 553 19960 12621 7339 1516 11884 737 497 186 57588 25413 6593 3123 2519 1839 343 1496 1176 3470 2275 18820
is_linear=0
shrinkage=0.05


Tree=99
num_leaves=31
num_cat=0
split_feature=5 8 4 8 4 5 1 2 7 1 11 6 3 3 5 1 4 4 4 6 1 5 4 2 9 2 11 5 3 4
split_gain=51932.3 104210 134212 103902 122674 157260 516942 232241 204846 151709 121679 101400 168607 100723 229620 195347 178835 118609 99804.3 103075 100678 97608.2 96454.5 128357 92825.7 130269 218528 169730 122867 121441
threshold=-1.0822991561714665 -1.0174668528432229 -0.21651157167775612 1.0000000180025095e-35 0.76981892152091114 0.90745195762283271 -0.39845211637036299 1.6079624674258717 -0.17427846833443938 -0.11998415462314342 -0.76213734878520889 -0.066328909107543868 -0.54436166125785357 -0.45795533327970867 0.36482234569996347 -0.99277379819044054 0.67359155633079737 1.0585010170912532 -0.55330734984315477 1.7077461606570974 -0.46104161822029205 0.65128935879477212 1.2750125887690096 -1.057739692964957 -0.86635971200140094 0.52682091662761121 -0.76213734878520889 1.1577679250095743 0.47465040927662722 -0.96227365190113912
decision_type=2 2 2 2 2 2 2 2 2 2 2 2 2 2 2 2 2 2 2 2 2 2 2 2 2 2 2 2 2 2
left_child=-1 2 24 10 -5 6 -6 8 -7 -8 13 -11 -13 15 -15 -3 21 18 -17 -20 -21 -16 23 -19 -2 29 -27 -28 -29 -26
right_child=1 3 -4 4 5 7 9 -9 -10 11 -12 12 -14 14 16 17 -18 22 19 20 -22 -23 -24 -25 25 26 27 28 -30 -31
leaf_value=-0.074239495226411406 0.035763811984117509 -0.95805690455799941 0.0063030931356549405 -0.024857325049116794 4.5015710977658836 -0.29112684343771289 1.6180818540966275 -3.4014085059842238 0.49455150259570574 0.035961055926155942 -0.036526601390743617 4.7893503145738086 0.39751325774781282 -0.0039933397294056048 -1.6409801684890657 -0.38294464553657331 -2.281051320929901 0.81897985251938421 1.4995510103649523 0.70198938544243583 -1.4554472579931221 -0.47520045028208868 0.56443804257445862 -2.5078765910683258 0.39813060747759393 -0.75719715894286077 0.66349624301211574 0.20610946169224131 -2.1492699937414876 1.2635834150314718
leaf_weight=18346 1805 436 7277 28000 73 2566 203 52 1226 3335 9241 22 3283 934 235 209 236 41 326 250 69 761 90 99 851 454 1524 129 97 774
leaf_count=18346 1805 436 7277 28000 73 2566 203 52 1226 3335 9241 22 3283 934 235 209 236 41 326 250 69 761 90 99 851 454 1524 129 97 774
internal_value=-1.68455e-10 0.0210842 0.148149 -0.0106556 0.0302845 0.173776 0.316284 -0.0826183 -0.0371074 0.271636 -0.133409 0.230472 0.426748 -0.3763 -0.595252 -0.064293 -1.0435 0.295191 0.566616 0.874303 0.235334 -0.750259 -0.712618 -1.53358 0.331361 0.470706 0.220286 0.473873 -0.804828 0.810352
internal_weight=82944 64598 12911 51687 38760 10760 6916 3844 3792 6843 12927 6640 3305 3686 2166 1520 1232 1084 854 645 319 996 230 140 5634 3829 2204 1750 226 1625
internal_count=82944 64598 12911 51687 38760 10760 6916 3844 3792 6843 12927 6640 3305 3686 2166 1520 1232 1084 854 645 319 996 230 140 5634 3829 2204 1750 226 1625
is_linear=0
shrinkage=0.05


Tree=100
num_leaves=31
num_cat=0
split_feature=0 1 2 0 9 11 8 11 11 5 1 8 5 5 3 7 3 3 6 5 0 1 10 1 1 2 5 3 6 6
split_gain=48503.9 63381.6 53841.9 50970.6 73899.5 61538.9 98068.7 57609.1 56263.1 135772 137188 90651.1 78161.1 195331 120467 156000 106810 104444 238748 369672 190561 163996 157316 262308 155903 228962 162132 140600 135657 126001
threshold=-1.6588868161365133 -0.38759907846008496 -3.3487556704309971 1.1717357439809941 -0.86635971200140094 1.0000000180025095e-35 -1.0174668528432229 0.46605794042707133 1.0801555850332116 1.3494002584220433 -1.1230437272174754 1.0792073135794762 0.30505838731795659 0.65128935879477212 -0.041666219258369157 1.0000000180025095e-35 0.58673866806726671 -0.097788472219208014 0.30811198432835407 0.90745195762283271 0.69232960936652232 -1.1230437272174754 1.0000000180025095e-35 0.64744316098806876 0.28017917652239865 0.0088020535528678199 1.224450581347845 -1.2105255002329709 -1.0580783826696147 1.0000000180025095e-35
decision_type=2 2 2 2 2 2 2 2 2 2 2 2 2 2 2 2 2 2 2 2 2 2 2 2 2 2 2 2 2 2
left_child=1 -1 -2 8 7 6 -6 -5 9 12 -11 -10 14 16 15 -4 -14 18 -15 20 21 27 28 -24 -21 -26 -27 -20 -19 -30
right_child=2 -3 3 4 5 -7 -8 -9 11 10 -12 -13 13 17 -16 -17 -18 22 19 24 -22 -23 23 -25 25 26 -28 -29 29 -31
leaf_value=-0.12720564525238168 -0.76888361057342114 -1.1162328735787488 -0.23852438822813238 0.022377592338724848 0.19410147833676933 0.18348369075393636 -0.79422629313156157 -0.32499006581713918 -0.12307685989222655 2.4428177148705785 0.4500978249467722 0.3106187151208068 -0.20659682313452371 0.44869035803067758 0.1456372263940878 0.23837450599698579 -0.83233508621615737 0.80066054470022208 -3.9106095227328215 -0.26227207121108315 -1.1081112941401079 1.731262919835286 -0.17585480253181301 -1.7923280857250377 -4.9868868824839598 -0.24239446858915947 -3.0564421880332864 0.44914617372740961 -0.15212559745659016 0.30719752951655566
leaf_weight=3905 222 169 5198 7458 334 365 1010 1421 10386 99 677 1363 4101 4024 23848 2559 818 640 22 2178 100 437 4739 265 40 207 68 116 3647 2528
leaf_count=3905 222 169 5198 7458 334 365 1010 1421 10386 99 677 1363 4101 4024 23848 2559 818 640 22 2178 100 437 4739 265 40 207 68 116 3647 2528
internal_value=-2.28946e-10 -0.168233 0.00869001 0.0108849 -0.0911679 -0.392257 -0.548615 -0.0332153 0.0267611 0.0475265 0.704324 -0.0727639 0.0383489 -0.0298203 0.0899638 -0.0811976 -0.310653 0.0428438 0.19308 -0.131597 0.906398 1.25675 -0.0485766 -0.261459 -0.412643 -1.45235 -0.938232 -0.245887 0.107735 0.0359179
internal_weight=82944 4074 78870 78648 10588 1709 1344 8879 68060 56311 776 11749 55535 23930 31605 7757 4919 19011 7192 3168 675 575 11819 5004 2493 315 275 138 6815 6175
internal_count=82944 4074 78870 78648 10588 1709 1344 8879 68060 56311 776 11749 55535 23930 31605 7757 4919 19011 7192 3168 675 575 11819 5004 2493 315 275 138 6815 6175
is_linear=0
shrinkage=0.05


Tree=101
num_leaves=31
num_cat=0
split_feature=2 3 1 8 2 6 5 8 1 4 7 6 3 9 1 4 7 9 2 5 9 4 6 5 1 1 4 6 3 5
split_gain=45968.1 62571.1 52970.8 118804 74220.2 108528 69887.3 187411 76589.6 60300.3 89666.9 116345 148800 83997 83653.6 71832.2 66400.8 74492.4 72959.3 62003.4 51213.7 50633.7 79356 84744.1 101760 69869.8 59420.1 48899.8 85637.4 48334.8
threshold=2.373974781115797 0.62021754813568941 1.9550334553775592 1.0792073135794762 1.494533552376071 1.7077461606570974 1.1922423828011943 1.0792073135794762 0.19389591839027923 -1.0825578583887812 1.7010387896728181 0.30811198432835407 0.75145208418202936 -0.096262190222377877 2.1699394851085603 -1.4674673191492369 0.50473852548845832 0.096262190222377905 1.2890677334865031 -0.65128935879477201 -0.48131095111188943 1.5636946843393513 -0.89145085320788475 0.80943899875565395 0.70122656898466673 1.645604245027523 -0.14434104778517126 0.30811198432835407 1.268182445975061 -0.85925218225375766
decision_type=2 2 2 2 2 2 2 2 2 2 2 2 2 2 2 2 2 2 2 2 2 2 2 2 2 2 2 2 2 2
left_child=2 -2 4 9 -1 6 7 21 -8 10 11 16 -13 -11 -15 -14 17 -4 -18 -12 -3 22 26 25 -25 -24 -6 28 -26 -23
right_child=1 20 3 -5 5 -7 8 -9 -10 13 19 12 15 14 -16 -17 18 -19 -20 -21 -22 29 23 24 27 -27 -28 -29 -30 -31
leaf_value=-0.0037969298488699718 3.233739843822661 -1.3051436428568866 0.98655956866948502 -2.1593162785470486 1.0372925538694699 1.7467943625825069 3.9641402617744781 -4.0847799502886266 0.76418856218457221 -0.31022566517466504 3.3221703327063361 1.6308575270807042 -0.8896629047090725 -0.23877787464543393 -3.4089378756025561 -3.3569440954822607 1.8239829337596896 -0.49704214270400293 -1.5566612621651421 0.64678573561093167 0.65762734064867479 -0.14265612789165619 0.25277609738567774 1.2496630085142035 -1.6966652404355966 -1.2781434685346627 -0.30921991800444321 -2.7578767820199332 1.8863576117016021 1.5127156538094662
leaf_weight=79092 21 38 299 80 298 124 23 26 100 775 33 34 59 38 46 59 20 118 79 63 265 67 661 38 81 84 113 60 21 129
leaf_count=79092 21 38 299 80 298 124 23 26 100 775 33 34 59 38 46 59 20 118 79 63 265 67 661 38 81 84 113 60 21 129
internal_value=3.78677e-10 0.594396 -0.00233096 -0.278299 0.00347712 0.318721 0.214616 0.125139 1.36255 -0.185581 0.137581 -0.0677648 -1.28356 -0.473003 -1.97482 -2.1233 0.290375 0.566739 -0.873703 1.56645 0.411471 0.195665 0.0870874 -0.165165 -1.07901 0.0801623 0.667084 -1.62524 -0.958984 0.946849
internal_weight=82944 324 82620 1703 80917 1825 1701 1578 123 1623 764 668 152 859 84 118 516 417 99 96 303 1552 1356 945 200 745 411 162 102 196
internal_count=82944 324 82620 1703 80917 1825 1701 1578 123 1623 764 668 152 859 84 118 516 417 99 96 303 1552 1356 945 200 745 411 162 102 196
is_linear=0
shrinkage=0.05


Tree=102
num_leaves=31
num_cat=0
split_feature=5 0 2 6 4 1 4 4 5 7 4 5 1 7 5 4 0 8 6 2 4 4 4 6 4 6 3 6 1 5
split_gain=45690.7 91602 103780 96738.5 595454 321484 317987 478879 368104 435613 371975 319393 244607 206024 196264 185040 168895 162015 160152 223872 314148 221326 131519 124186 114517 172091 114293 113864 219936 112440
threshold=-1.0822991561714665 0.56837680559423676 0.22631027520548741 -0.89145085320788475 -0.81793260411596802 1.1098561576586909 -0.52925050854562683 -0.24056841297528506 -1.3068553720381466 1.7010387896728181 -1.1306715409838382 -1.3668181053864807 0.41601347386220128 0.50473852548845832 -1.4141003550473299 0.96227365190113923 -1.7161338693448003 0.74090168677562918 -1.0580783826696147 -1.6752138833924437 -1.5396378430418223 -1.2750125887690089 -1.1787852235788951 1.0000000180025095e-35 -0.67359155633079704 -1.0580783826696147 1.4943526861279197 -0.066328909107543868 -0.89166080831649308 -1.3494002584220433
decision_type=2 2 2 2 2 2 2 2 2 2 2 2 2 2 2 2 2 2 2 2 2 2 2 2 2 2 2 2 2 2
left_child=1 3 -3 4 5 14 8 11 -5 -10 -11 -8 15 -14 -1 16 -9 -13 22 -20 -21 -22 -16 27 25 -6 -7 -17 -29 -27
right_child=-2 2 -4 6 24 26 7 12 9 10 -12 17 13 -15 18 23 -18 -19 19 20 21 -23 -24 -25 -26 29 -28 28 -30 -31
leaf_value=1.3473000535400965 0.019776648505589564 1.7503202653100307 0.14099499900647669 -0.067218082409961341 -0.97329514998881539 -3.8782195921162614 -0.12258113932259607 -0.77595477066960061 1.170053856849357 -2.8414486717350567 0.81732644432447332 -1.4587634911325649 -1.6185045186517255 0.29664813500771114 -0.94560350865892939 -0.25178910870378085 0.36260001165472566 -3.3204447746276857 -0.92901693895151305 -0.29849486289080235 -7.7375204563140869 -3.0960057458991095 0.98212608816857283 -0.58241407133173195 -0.0045373817004512032 0.65235406717946454 -0.58585040099693075 -2.2392518723240267 1.2489541451740958 3.5389630167065445
leaf_weight=93 64598 141 346 2513 61 131 396 359 1617 136 142 441 428 209 220 764 3514 159 605 80 34 105 148 1512 3626 62 33 52 345 74
leaf_count=93 64598 141 346 2513 61 131 396 359 1617 136 142 441 428 209 220 764 3514 159 605 80 34 105 148 1512 3626 62 33 52 345 74
internal_value=2.94254e-10 -0.0696354 0.606939 -0.0880851 -0.267895 -1.13102 -0.0127725 -0.197267 0.329556 0.855726 -0.972578 -1.22471 -0.0548017 -0.990142 -0.864957 0.0362175 0.257064 -1.95211 -1.03756 -1.42487 -2.79468 -4.23134 -0.170321 -0.283774 0.0592481 1.23329 -3.21573 0.105152 0.792061 2.22301
internal_weight=82944 18346 487 17859 5272 1449 12587 8179 4408 1895 278 996 7183 637 1285 6546 3873 600 1192 824 219 139 368 2673 3823 197 164 1161 397 136
internal_count=82944 18346 487 17859 5272 1449 12587 8179 4408 1895 278 996 7183 637 1285 6546 3873 600 1192 824 219 139 368 2673 3823 197 164 1161 397 136
is_linear=0
shrinkage=0.05


Tree=103
num_leaves=31
num_cat=0
split_feature=2 9 0 2 0 9 0 3 7 4 5 6 2 5 5 4 4 4 5 6 4 5 2 0 4 3 3 4 3 9
split_gain=41509.5 46729.8 39074 45461.4 43726.3 68907.9 57426.7 104770 71110.4 170128 144892 132553 154060 119303 124008 118601 115322 110388 165275 140581 120896 105906 153368 140007 133911 105439 104375 100861 95401.8 95214.4
threshold=2.1422996835152888 -0.48131095111188943 -1.6588868161365133 -3.3487556704309971 1.1059526493479568 -0.57757314133426729 0.39172032028208353 -0.39955810786475277 -0.081021797575299523 -1.1306715409838382 -1.0414542967587235 -0.89145085320788475 1.2623166656443179 0.36482234569996347 -0.85925218225375766 1.5636946843393513 0.072170523892585367 -0.21651157167775612 -1.0414542967587235 -0.066328909107543868 1.0585010170912532 -0.59600457818367603 0.134713705974289 0.93830020692050231 -0.52925050854562683 0.96951605339574098 0.67347251529465746 -1.2750125887690089 0.51914916541199629 -0.19252438044475575
decision_type=2 2 2 2 2 2 2 2 2 2 2 2 2 2 2 2 2 2 2 2 2 2 2 2 2 2 2 2 2 2
left_child=2 -2 -1 -4 6 -6 -5 -8 17 10 -10 -12 29 14 16 -15 -11 21 19 20 -19 22 24 -24 -9 -26 -16 -14 -18 -13
right_child=1 -3 3 4 5 -7 7 8 9 13 11 12 27 15 26 -17 28 18 -20 -21 -22 -23 23 -25 25 -27 -28 -29 -30 -31
leaf_value=-0.15410446062590105 -0.7409059496620034 0.5568255406521222 -0.70976862907409677 -0.0094663214379733848 -0.04643278209662878 -0.49870602417184595 0.60106440936492 0.98368775835621725 2.4109687016097778 0.20995311405505668 1.5140378049158962 0.36481025964332991 -1.1694911270082482 -0.33029371411733099 0.65422134347270522 0.8594507920298855 -1.4241189195681736 2.5079971219283164 0.07645452479384858 -1.6533955425024034 0.3047779476195574 -0.039077130162034228 -1.0051344759282761 0.5309154339263894 -2.5897562617702143 0.94010921162279226 0.063660125938433884 1.4433751613579013 -0.16125541414511768 1.7241041067679217
leaf_weight=4074 79 569 222 44463 11301 910 959 258 109 921 271 718 230 2157 1770 232 251 165 5757 36 100 4221 1041 173 56 34 1296 44 370 157
leaf_count=4074 79 569 222 44463 11301 910 959 258 109 921 271 718 230 2157 1770 232 251 165 5757 36 100 4221 1041 173 56 34 1296 44 370 157
internal_value=2.48549e-10 0.398614 -0.0031387 0.00472398 0.00675754 -0.0801375 0.022886 0.090338 0.06629 0.176392 0.654181 0.51933 0.28472 0.0719841 0.220643 -0.214756 -0.145105 -0.0129878 0.136171 1.27832 1.67659 -0.16924 -0.520978 -0.786241 0.404393 -1.25625 0.404591 -0.749907 -0.671688 0.608706
internal_weight=82944 648 82296 78222 78000 12211 65789 21326 20367 8526 1529 1420 1149 6997 4608 2389 1542 11841 6058 301 265 5783 1562 1214 348 90 3066 274 621 875
internal_count=82944 648 82296 78222 78000 12211 65789 21326 20367 8526 1529 1420 1149 6997 4608 2389 1542 11841 6058 301 265 5783 1562 1214 348 90 3066 274 621 875
is_linear=0
shrinkage=0.05


Tree=104
num_leaves=31
num_cat=0
split_feature=5 8 4 8 11 4 5 1 6 6 3 1 4 0 4 6 5 7 0 1 3 6 5 10 3 1 6 1 6 1
split_gain=40682 87016.2 115637 93501.1 113489 108878 183018 571526 211148 162241 147038 136135 228731 125341 175183 132446 120041 138480 105486 137035 160271 142427 110697 427555 241092 156285 151403 149898 141485 129805
threshold=-1.0822991561714665 -1.0174668528432229 -0.21651157167775612 1.0000000180025095e-35 -0.76213734878520889 0.69764839762832587 0.90745195762283271 -0.15184244337370462 -0.50537016327275397 1.1133806251249947 -0.64015823512834957 -0.55598276240962485 0.91415996930608234 -0.12086320123821627 0.96227365190113923 -0.066328909107543868 1.1210959212062968 -0.67395931651126872 0.14993241413394157 0.59952988292203813 -0.44260916112300863 -1.0580783826696147 0.36482234569996347 1.0000000180025095e-35 1.2184208804324566 0.42350974978063421 1.1133806251249947 1.645604245027523 -0.50537016327275397 0.12756365567262598
decision_type=2 2 2 2 2 2 2 2 2 2 2 2 2 2 2 2 2 2 2 2 2 2 2 2 2 2 2 2 2 2
left_child=-1 2 -2 4 -3 18 7 8 -7 11 -10 -8 16 14 15 -9 -13 -18 19 -5 21 -21 26 24 -24 28 27 -20 -25 -28
right_child=1 3 -4 5 -6 6 9 13 10 -11 -12 12 -14 -15 -16 -17 17 -19 22 20 -22 -23 23 25 -26 -27 29 -29 -30 -31
leaf_value=-0.065707906713792633 0.30483354929620682 -0.36136387709138601 0.0031062491530611316 0.013485560346128665 -0.033224304053293623 0.10975316943228244 0.053248304989235745 1.1736261523249796 4.4818394058976656 0.59874080765647475 2.0727408851867759 -2.5786198479591769 -0.22212826842779423 0.13144461370943467 0.34520325016326692 3.984349535428561 -2.4454057675535963 -0.055373702386672476 -0.053524735413712443 0.55704951097390487 0.65787706763534792 -1.9027656747689172 -0.066427636556286349 -2.0608632666640916 -2.1365487575531006 -3.5003975710448096 1.4533614150028888 -0.95998813596774379 -0.45940521400309725 0.22768329520563213
leaf_weight=18346 5634 3686 7277 8884 9241 100 1790 118 88 675 226 173 1215 6364 464 65 93 174 8479 112 1646 124 4685 256 145 85 246 482 299 1772
leaf_count=18346 5634 3686 7277 8884 9241 100 1790 118 88 675 226 173 1215 6364 464 65 93 174 8479 112 1646 124 4685 256 145 85 246 482 299 1772
internal_value=-8.92549e-11 0.0186612 0.134772 -0.0103422 -0.12679 0.0284947 0.157158 0.305451 2.11067 -0.110092 2.7479 -0.248978 -0.575858 0.198853 0.861893 2.17197 -1.55263 -0.887857 -0.0260864 0.0955896 0.483163 -0.735396 -0.105724 -0.289486 -0.128574 -1.50387 -0.0141697 -0.102282 -1.1981 0.377097
internal_weight=82944 64598 12911 51687 12927 38760 11545 7425 414 4120 314 3445 1655 7011 647 183 440 267 27215 10766 1882 236 16449 5470 4830 640 10979 8961 555 2018
internal_count=82944 64598 12911 51687 12927 38760 11545 7425 414 4120 314 3445 1655 7011 647 183 440 267 27215 10766 1882 236 16449 5470 4830 640 10979 8961 555 2018
is_linear=0
shrinkage=0.05


Tree=105
num_leaves=31
num_cat=0
split_feature=11 4 4 7 1 6 4 12 6 4 5 6 3 6 2 2 0 6 2 5 12 4 4 2 0 5 5 0 4 2
split_gain=39421.2 103304 191703 185350 199047 149120 105052 186432 161697 144242 290507 232725 294773 178490 124126 119462 122895 229410 118952 132118 157553 120592 112128 196463 105810 93791.3 92381.4 98217.2 92066.2 91057.5
threshold=0.46605794042707133 -0.21651157167775612 -0.52925050854562683 1.0000000180025095e-35 -0.24464859761566629 -0.50537016327275397 0.38490946076045557 1.0000000180025095e-35 -0.50537016327275397 0.76981892152091114 -0.95394520574413588 1.0000000180025095e-35 -0.016880168682817293 -0.066328909107543868 -1.6752138833924437 -2.6310653532177404 -1.5363165916171202 1.1133806251249947 0.6251259857739736 -0.85925218225375766 0.34815531191139576 0.91415996930608234 0.072170523892585367 -1.2525850015179023 -1.2161325771349458 1.4100253104837923 -1.2818148012906687 -0.2543106510081718 0.64953471503326898 -0.56653928851149116
decision_type=2 2 2 2 2 2 2 2 2 2 2 2 2 2 2 2 2 2 2 2 2 2 2 2 2 2 2 2 2 2
left_child=-1 2 3 -2 26 -4 7 15 -9 10 11 12 -8 28 -10 -3 17 -17 -11 21 -21 -20 23 24 -18 29 -5 -28 -14 -16
right_child=1 6 5 4 -6 -7 9 8 14 18 -12 -13 13 -15 25 16 22 -19 19 20 -22 -23 -24 -25 -26 -27 27 -29 -30 -31
leaf_value=0.02075010414828854 0.090046702524760491 2.4884752586830494 -0.12484173864892932 -0.93683380352104673 -1.9755871912638581 -1.3108703808152273 -2.4295033654067426 0.23336168579683159 4.2084567426758657 -0.019000147667214102 -0.042086965387392761 -0.062346733394199744 -0.41385156991029232 -2.2868304103034212 2.9684238381857675 -0.3115096132036268 -1.6428134916258639 1.838200954660614 1.9144012793850411 0.32029825268904744 -1.6230562283962717 0.52603087471099574 -0.14458123478254428 -2.4672094711058197 1.0149190579992287 -0.42577350632677419 0.063650992832538722 -2.4116684661025096 1.5540093731589435 1.0851261881931444
leaf_weight=60882 3719 43 447 432 214 651 385 918 34 5527 4047 501 216 103 75 369 61 187 232 844 119 480 664 168 97 86 874 42 82 445
leaf_count=60882 3719 43 447 432 214 651 385 918 34 5527 4047 501 216 103 75 369 61 187 232 844 119 480 664 168 97 86 874 42 82 445
internal_value=-5.87425e-11 -0.0572617 -0.226908 -0.101924 -0.558993 -0.828034 0.0117411 0.27002 0.658671 -0.0530964 -0.250174 -0.904508 -1.4413 -0.492535 1.26872 -0.111049 -0.183351 0.411505 0.0928645 0.461984 0.0801537 0.978421 -0.517432 -1.27686 -0.0111676 1.10379 -0.334103 -0.0498462 0.12764 1.35676
internal_weight=82944 22062 6379 5281 1562 1098 15683 3147 1558 12536 5334 1287 786 401 640 1589 1546 556 7202 1675 963 712 990 326 158 606 1348 916 298 520
internal_count=82944 22062 6379 5281 1562 1098 15683 3147 1558 12536 5334 1287 786 401 640 1589 1546 556 7202 1675 963 712 990 326 158 606 1348 916 298 520
is_linear=0
shrinkage=0.05


Tree=106
num_leaves=31
num_cat=0
split_feature=0 0 1 2 8 1 4 6 2 8 6 4 2 0 5 4 8 0 9 5 4 4 6 6 4 1 4 4 8 0
split_gain=37360.4 71240.2 67791.2 61819.1 173960 100955 112576 486782 272984 262431 210385 163337 161683 193082 144034 130289 123248 107633 199301 145966 164393 182647 153157 111533 93572 193873 101956 93483.7 120520 83081.5
threshold=1.1717357439809941 -0.052455811929887276 0.78291204086733734 1.2623166656443179 -1.0174668528432229 0.078696315510152728 -1.1306715409838382 1.0000000180025095e-35 1.0630549266973897 0.74090168677562918 -0.91243033262339701 -0.52925050854562683 -0.23883485054397782 -0.288191369366886 -1.157767925009574 -0.81793260411596802 0.37100531152820115 -0.2543106510081718 0.096262190222377905 0.90745195762283271 -0.48113682595056956 0.40896630205798407 1.1133806251249947 -0.066328909107543868 -0.31273893686786985 0.61858287174775384 -0.45707998465304106 1.1066146996863102 -1.0174668528432229 -1.0659229847372191
decision_type=2 2 2 2 2 2 2 2 2 2 2 2 2 2 2 2 2 2 2 2 2 2 2 2 2 2 2 2 2 2
left_child=1 3 -2 5 -5 -1 7 8 12 -9 11 -8 -7 29 15 -12 -17 19 -19 -16 -21 -22 27 -20 25 -13 -27 28 -23 -14
right_child=2 -3 -4 4 -6 6 10 9 -10 -11 14 24 13 -15 17 16 -18 18 23 20 21 22 -24 -25 -26 26 -28 -29 -30 -31
leaf_value=-0.0046299384117853551 -0.050344262085515491 0.064391077005982386 -0.51595095865412011 -2.0354035093635323 0.3478177635837138 1.7767049533923467 -0.64817235687488406 0.73076745423205125 -4.3112284950291118 3.3816095322596307 0.99369939644381677 0.27618060549420698 1.2629307498931885 -2.8577956714602406 0.35782789194727849 -0.8118617569008526 -2.5606258232534556 -0.41437570424942827 0.10567551574980219 -0.96433070852931735 0.83354802234365799 -0.020313139450855746 0.35576563726972654 -2.4152702994772004 0.1617424721189902 1.2623400801214679 5.1989459572654022 0.14682195517531735 -2.3458155479492286 -0.62049647646673611
leaf_weight=27767 9738 34790 850 80 1786 75 618 319 48 132 53 155 75 86 766 212 192 823 54 872 383 78 270 234 1865 29 38 94 195 267
leaf_count=27767 9738 34790 850 80 1786 75 618 319 48 132 53 155 75 86 766 212 192 823 54 872 383 78 270 234 1865 29 38 94 195 267
internal_value=2.47679e-10 0.0128367 -0.087723 -0.034908 0.245643 -0.0495721 -0.206878 0.288501 -0.708547 1.50662 -0.278494 0.0658244 -0.364752 -0.740007 -0.498887 -1.33717 -1.64296 -0.397243 -0.810529 -0.224497 -0.460258 -0.0293251 -0.548133 -1.94259 0.277252 1.24764 3.49504 -1.21313 -1.68139 -0.207464
internal_weight=82944 72356 10588 37566 1866 35700 7933 1002 551 451 6931 2705 503 428 4226 457 404 3769 1111 2658 1892 1020 637 288 2087 222 67 367 273 342
internal_count=82944 72356 10588 37566 1866 35700 7933 1002 551 451 6931 2705 503 428 4226 457 404 3769 1111 2658 1892 1020 637 288 2087 222 67 367 273 342
is_linear=0
shrinkage=0.05


Tree=107
num_leaves=31
num_cat=0
split_feature=0 1 4 0 9 5 2 5 6 4 1 8 11 5 4 1 3 4 8 8 4 1 1 5 1 4 8 7 4 3
split_gain=36406.5 56682.8 48532.4 40999.5 60443.7 52872.5 66411.6 63125.6 59190.4 71220.3 51024.6 50726.3 49100.8 122783 127746 134865 78044.8 242791 110920 108716 138208 118696 113293 97539.1 96514.2 118893 192880 102690 97196.9 87637.5
threshold=-1.6588868161365133 -0.38759907846008496 -0.96227365190113912 1.1059526493479568 -0.57757314133426729 0.061466547291727118 0.10656507264677506 -0.24472827403648004 -0.89145085320788475 -0.89010312800855329 1.1098561576586909 -1.0174668528432229 1.0801555850332116 1.3494002584220433 -0.24056841297528506 -0.24464859761566629 -0.42771478576148575 -1.1547283822813665 1.0000000180025095e-35 1.0792073135794762 0.96227365190113923 -0.19877622083258073 -0.7824812487018139 1.3937669968154378 -0.15184244337370462 -0.84198944541349652 0.37100531152820115 1.0000000180025095e-35 -0.36085261946292729 -1.2427499936392385
decision_type=2 2 2 2 2 2 2 2 2 2 2 2 2 2 2 2 2 2 2 2 2 2 2 2 2 2 2 2 2 2
left_child=1 -1 -3 12 5 6 -5 8 9 -8 -10 -6 13 -2 15 -15 24 18 -18 -19 21 -21 -22 -23 -14 -26 27 29 -29 -27
right_child=3 2 -4 4 11 -7 7 -9 10 -11 -12 -13 16 14 -16 -17 17 19 -20 20 22 23 -24 -25 25 26 -28 28 -30 -31
leaf_value=-0.10695253072435301 0.033992999014521512 1.2704507577419282 -1.3526858815810825 -0.53751341167541333 0.17692175127173726 0.076405952873046357 0.9296928737044482 -0.22852847390737102 0.0076442628441923156 0.039188393187402387 -1.0754681837255673 -0.68456339667472021 -0.098176429791484943 1.660257872892807 -0.34279846111688378 0.033386191448674128 0.10057857804216785 0.12019639310608508 -1.2226156529732597 2.2294607985645216 0.5139820480783438 1.4552796242908501 -2.1622445917129518 -0.28147290806896641 0.75453907292993638 2.938300822888102 -2.0136102829113542 -2.3140913928041651 -0.42870044047919525 0.0081951229988286908
leaf_weight=3905 53975 20 149 906 228 4994 403 2988 1385 507 118 682 6147 354 223 199 241 3345 462 187 116 174 60 151 136 28 249 98 226 288
leaf_count=3905 53975 20 149 906 228 4994 403 2988 1385 507 118 682 6147 354 223 199 241 3345 462 187 116 174 60 151 136 28 249 98 226 288
internal_value=1.45387e-10 -0.145751 -1.04226 0.00752873 -0.0766994 -0.0451325 -0.141369 -0.0749169 0.115299 0.433555 -0.0773905 -0.468719 0.0229581 0.042971 0.667437 1.07482 -0.0690575 0.088463 -0.769003 0.237929 0.810338 1.22583 -0.398368 0.648358 -0.173075 -0.62225 -0.832872 -0.373492 -0.998973 0.267825
internal_weight=82944 4074 169 78870 12211 11301 6307 5401 2413 910 1503 910 66659 54751 776 553 11908 4736 703 4033 688 512 176 325 7172 1025 889 640 324 316
internal_count=82944 4074 169 78870 12211 11301 6307 5401 2413 910 1503 910 66659 54751 776 553 11908 4736 703 4033 688 512 176 325 7172 1025 889 640 324 316
is_linear=0
shrinkage=0.05


Tree=108
num_leaves=31
num_cat=0
split_feature=1 5 2 8 0 2 4 3 9 7 1 0 2 3 4 5 3 8 2 4 1 2 8 0 11 0 0 8 0 1
split_gain=36634 110675 79731.3 66674.4 45972.4 45808.8 46613.6 42302.7 52488.7 38505 48550.2 40085 37966.3 37277.2 37881.6 37764.4 49981.1 36284.1 39661.6 32769.2 102886 152765 119562 208744 181327 132627 118744 392311 160762 228031
threshold=2.3018234381716098 -0.85925218225375766 1.805007244251817 0.74090168677562918 0.75474993300678117 2.373974781115797 0.67359155633079737 1.0608781666865654 0.096262190222377905 -0.081021797575299523 0.36756500733713077 0.4751506385858249 1.5519989220804409 0.75145208418202936 1.6599220495294651 -0.70535813777133527 1.29489402164421 -1.0174668528432229 1.805007244251817 -0.81793260411596802 0.31953546075417266 0.15149852449097254 1.0152913959672809 -0.052455811929887276 1.0000000180025095e-35 0.4889046223815417 0.026260422942062291 0.74090168677562918 0.41044654423615318 1.3797034429226185
decision_type=2 2 2 2 2 2 2 2 2 2 2 2 2 2 2 2 2 2 2 2 2 2 2 2 2 2 2 2 2 2
left_child=2 -2 19 13 5 7 -7 8 -4 10 -10 -11 -5 -3 15 16 -15 18 -17 20 -1 -22 26 24 -24 -25 27 -23 -28 -30
right_child=1 3 4 12 -6 6 -8 -9 9 11 -12 -13 -14 14 -16 17 -18 -19 -20 -21 21 22 23 25 -26 -27 28 -29 29 -31
leaf_value=-0.035556069038383098 -2.8163648690496172 0.98260302141956668 -1.4359503204885282 -1.8863100692017438 1.2481393249132313 1.9391082604210099 -0.13165180605082286 0.50570083541967792 -1.3674003333449365 -1.7133998433524309 1.0777729461314502 0.521638343674796 -0.48816531746038083 1.9683363758027554 1.8506116564075155 1.1729140373071034 -0.24259988489087492 -0.817336865041567 -0.29713736624289783 -0.020353530954885901 0.8312150214863131 0.13092229705739034 0.21572616289680205 0.78932505887974536 -2.464895910024643 -0.55252220460931711 -0.45063808943435063 2.4531329477867807 0.079324002979708944 1.0724480502080624
leaf_weight=12808 42 92 76 73 156 77 42 357 25 47 108 35 145 44 24 60 61 230 195 60222 839 732 96 337 184 406 1037 242 3458 694
leaf_count=12808 42 92 76 73 156 77 42 357 25 47 108 35 145 44 24 60 61 230 195 60222 839 732 96 337 184 406 1037 242 3458 694
internal_value=-3.81348e-10 -0.306112 0.00360711 -0.192009 0.465695 0.306554 1.20825 0.140964 -0.306496 0.0927536 0.618154 -0.75942 -0.956351 0.0440056 -0.0966312 -0.175841 0.683888 -0.361968 0.0487571 -0.00165484 0.0523975 0.192773 0.118231 -0.382358 -1.54583 0.0560949 0.201325 0.707899 0.106238 0.245323
internal_weight=82944 966 81978 924 923 767 119 648 291 215 133 82 218 706 614 590 105 485 255 81055 20833 8025 7186 1023 280 743 6163 974 5189 4152
internal_count=82944 966 81978 924 923 767 119 648 291 215 133 82 218 706 614 590 105 485 255 81055 20833 8025 7186 1023 280 743 6163 974 5189 4152
is_linear=0
shrinkage=0.05


Tree=109
num_leaves=31
num_cat=0
split_feature=1 5 2 9 0 2 1 3 7 4 5 3 12 0 1 4 5 1 0 6 11 7 0 0 5 12 1 5 5 5
split_gain=33062.2 99884.2 71957.5 47460.5 41490.1 41342.5 42166.3 38178.2 48861.4 62063.4 40959.2 33017.8 56612.3 58515.1 48367.4 41564.1 33043.9 74021.4 174625 117804 85530.2 160132 116180 87573.5 73599.6 87737.9 103568 86811.1 122872 161381
threshold=2.3018234381716098 -0.85925218225375766 1.805007244251817 -0.57757314133426729 0.75474993300678117 2.373974781115797 0.4730647128404763 1.0608781666865654 1.7010387896728181 -1.2028420648764235 0.99864169796777091 2.1326918926549117 -0.6963106238227913 0.71917983228723392 1.0816218058448215 0.21651157167775623 -1.0822991561714665 0.078696315510152728 0.49722644426876567 -1.0580783826696147 0.46605794042707133 1.0000000180025095e-35 0.095730065255966126 -0.45340044271780788 -0.30505838731795659 1.0000000180025095e-35 1.8563576490915763 1.0000000180025095e-35 0.30505838731795659 0.65128935879477212
decision_type=2 2 2 2 2 2 2 2 2 2 2 2 2 2 2 2 2 2 2 2 2 2 2 2 2 2 2 2 2 2
left_child=2 -2 11 -3 5 7 -7 8 9 10 -4 16 -13 15 -15 -14 17 18 19 -1 -19 22 -22 -23 25 -18 -27 -26 -29 -30
right_child=1 3 4 -5 -6 6 -8 -9 -10 -11 -12 12 13 14 -16 -17 24 20 -20 -21 21 23 -24 -25 27 26 -28 28 29 -31
leaf_value=0.91339614751853482 -2.6755465867973509 -0.67827561035846307 -2.9676049506222761 0.076552778042743949 1.1857323601077765 -0.58952698612378707 1.6577183527143107 0.48041578749773883 -2.6761025905609133 0.29696108419359019 -0.37566209554672247 -2.0184903528955247 2.2951882784183208 -0.16584049695067937 -2.9653615351076481 -0.005990730132907629 0.22836921947420447 -0.088649847184051625 1.6774238084168998 -0.044386114242695798 -0.70577097223303442 -2.159447123444286 -2.7214182780934619 0.73043141472579798 -0.19612301396523418 0.025664137271325244 -1.0435566294266816 0.22437313737554931 -0.24157059336090711 0.028865074087397715
leaf_weight=329 42 317 27 607 156 27 92 357 20 209 35 54 26 36 27 80 7898 3002 153 13279 999 29 77 273 5775 8094 233 5789 6868 28034
leaf_count=329 42 317 27 607 156 27 92 357 20 209 35 54 26 36 27 80 7898 3002 153 13279 999 29 77 273 5775 8094 233 5789 6868 28034
internal_value=-1.01185e-10 -0.290806 0.00342676 -0.182409 0.44241 0.291226 1.14784 0.133916 -0.291171 -0.115161 -1.50441 -0.00157209 -0.609138 -0.158813 -1.36564 0.558449 0.000104065 -0.0593246 -0.00234358 -0.0212299 -0.238346 -0.564463 -0.850013 0.452927 0.017301 0.108982 -0.00425401 -0.0147122 0.0110342 -0.0243511
internal_weight=82944 966 81978 924 923 767 119 648 291 271 62 81055 223 169 63 106 80832 18141 13761 13608 4380 1378 1076 302 62691 16225 8327 46466 40691 34902
internal_count=82944 966 81978 924 923 767 119 648 291 271 62 81055 223 169 63 106 80832 18141 13761 13608 4380 1378 1076 302 62691 16225 8327 46466 40691 34902
is_linear=0
shrinkage=0.05


Tree=110
num_leaves=31
num_cat=0
split_feature=0 1 4 0 1 11 5 1 4 8 4 0 1 4 5 1 0 5 4 3 5 5 5 3 5 4 3 3 1 5
split_gain=32144.2 51371.1 43824.8 35537.3 58616 41061.7 111667 119196 72843.3 69521.8 189742 138597 149205 105973 195515 195160 136518 121455 103795 149721 98972.4 115610 93403.6 89436.6 119012 159082 129886 81004.8 148337 80549.3
threshold=-1.6588868161365133 -0.38759907846008496 -0.96227365190113912 1.1717357439809941 0.73698539892229065 1.0801555850332116 1.3494002584220433 -1.1230437272174754 0.96227365190113923 -1.7404918888887655 1.2750125887690096 0.6017551102665889 -0.41639598453737986 0.67359155633079737 -0.85925218225375766 0.091860997679164821 0.70608344974506287 0.90745195762283271 0.072170523892585367 1.385481915394563 0.90745195762283271 0.65128935879477212 -0.65128935879477201 -2.1031311770546544 -0.99864169796777025 -1.1306715409838382 0.41892636413192513 -1.7560086408967179 0.030813634620150427 -1.4032428797398566
decision_type=2 2 2 2 2 2 2 2 2 2 2 2 2 2 2 2 2 2 2 2 2 2 2 2 2 2 2 2 2 2
left_child=1 -1 -3 5 -5 6 9 -8 -9 10 13 12 -12 16 27 20 23 18 19 22 21 -16 -18 -2 -25 -26 -27 28 29 -15
right_child=3 2 -4 4 -6 -7 7 8 -10 -11 11 -13 -14 14 15 -17 17 -19 -20 -21 -22 -23 -24 24 25 26 -28 -29 -30 -31
leaf_value=-0.10001759819689991 1.3458200017753947 1.2072627723217011 -1.2854108573006304 -0.03795841461511959 -0.42244749627971656 -0.064073049959071385 2.2542523666463716 0.57010042164230046 -1.1553248216124143 0.012339297392567039 0.26063032658622326 0.26730161031125155 -1.9328038686803479 0.45579107601580954 0.62254208522538346 -0.6141874547488988 2.3627932687858482 -0.52459222942742767 -0.069709882754755537 0.15961292072463393 0.52536146728588007 4.0838962018489839 1.0023440931555179 -0.58337824644070346 1.3587948015054403 0.47313547155358915 -0.69746966121116394 2.5080826637556868 -1.1630194378750665 2.8904830069076723
leaf_weight=3905 109 20 149 9481 1107 11908 99 609 68 50659 113 262 247 58 45 320 231 196 242 268 196 52 278 831 236 491 458 168 56 82
leaf_count=3905 109 20 149 9481 1107 11908 99 609 68 50659 113 262 247 58 45 320 231 196 242 268 196 52 278 831 236 491 458 168 56 82
internal_value=3.53444e-10 -0.136954 -0.99042 0.0070743 -0.0781576 0.0202906 0.0381109 0.633763 0.396793 0.0297972 0.208862 -0.607586 -1.24431 0.326497 0.784536 0.239491 0.192513 0.615262 0.834508 1.11613 1.17184 2.47811 1.61976 -0.0491995 -0.124625 0.197084 -0.0918141 1.70243 1.01187 1.88182
internal_weight=82944 4074 169 78870 10588 68282 56374 776 677 55598 4939 622 360 4317 977 613 3340 1215 1019 777 293 97 509 2125 2016 1185 949 364 196 140
internal_count=82944 4074 169 78870 10588 68282 56374 776 677 55598 4939 622 360 4317 977 613 3340 1215 1019 777 293 97 509 2125 2016 1185 949 364 196 140
is_linear=0
shrinkage=0.05


Tree=111
num_leaves=31
num_cat=0
split_feature=1 5 2 8 3 0 2 0 2 4 3 6 6 4 5 3 1 7 1 9 4 1 2 8 0 11 0 0 8 0
split_gain=30408.9 88723.6 62731.9 58489.6 34525.4 34509.5 36760.3 34364.2 37552.7 40989.6 34444.2 45683.4 39321.2 34248.2 33682.7 45081.9 32533.8 31182.3 30325.9 40018.6 30046.1 90898.5 138833 108434 187986 163447 117953 108656 352657 146582
threshold=2.3018234381716098 -0.85925218225375766 1.805007244251817 0.74090168677562918 0.75145208418202936 0.27635587693334102 1.7446216426428591 0.75474993300678117 2.373974781115797 0.67359155633079737 1.0608781666865654 1.7077461606570974 0.30811198432835407 1.6599220495294651 -0.70535813777133527 1.29489402164421 1.8563576490915763 -0.081021797575299523 0.90915801069461832 0.2887865706671337 -0.81793260411596802 0.31953546075417266 0.15149852449097254 1.0152913959672809 -0.052455811929887276 1.0000000180025095e-35 0.4889046223815417 0.026260422942062291 0.74090168677562918 0.41044654423615318
decision_type=2 2 2 2 2 2 2 2 2 2 2 2 2 2 2 2 2 2 2 2 2 2 2 2 2 2 2 2 2 2
left_child=2 -2 20 4 -3 -5 -7 8 10 -10 11 12 16 14 15 -6 -4 -16 -12 -20 21 -1 -23 27 25 -25 -26 28 -24 -29
right_child=1 3 7 5 13 6 -8 -9 9 -11 18 -13 -14 -15 17 -17 -18 -19 19 -21 -22 22 23 24 26 -27 -28 29 -30 -31
leaf_value=-0.032294408794608313 -2.5264585386518217 0.94761346082567521 0.18272873161079217 -0.22789895781180236 1.8654749266125941 -2.2859895030036568 -0.48656655187700315 1.0896484547318557 1.7773314737267309 -0.16449388120146025 1.2920621008758086 1.1314491958667836 -1.6673356034358342 1.7604818910360338 -1.1763392261751406 -0.23430905543023448 -1.3772883255373349 -0.14944409695903058 0.37522365624276488 -1.8962425826693932 -0.019285968519458227 0.79095641804395056 0.12792962340872147 0.20287964159312347 0.7420965599780488 -2.3421522656334157 -0.5233420178587801 -0.43231699706496185 2.3296522637413553 0.23224385212857893
leaf_weight=12808 42 92 139 103 44 64 51 156 77 42 83 48 60 24 91 61 44 394 253 21 60222 839 732 96 337 184 406 1037 242 4152
leaf_count=12808 42 92 139 103 44 64 51 156 77 42 83 48 60 24 91 61 44 394 253 21 60222 839 732 96 337 184 406 1037 242 4152
internal_value=-1.32061e-10 -0.278893 0.00328638 -0.176731 0.0443232 -0.892623 -1.48798 0.413164 0.275574 1.09198 0.125648 -0.278117 -0.55655 -0.0910232 -0.166339 0.6456 -0.192357 -0.342119 0.454767 0.201133 -0.00138103 0.0503768 0.182321 0.11126 -0.365464 -1.46957 0.0506187 0.190392 0.67497 0.0994341
internal_weight=82944 966 81978 924 706 218 115 923 767 119 648 291 243 614 590 105 183 485 357 274 81055 20833 8025 7186 1023 280 743 6163 974 5189
internal_count=82944 966 81978 924 706 218 115 923 767 119 648 291 243 614 590 105 183 485 357 274 81055 20833 8025 7186 1023 280 743 6163 974 5189
is_linear=0
shrinkage=0.05


Tree=112
num_leaves=31
num_cat=0
split_feature=0 1 4 2 0 9 5 2 5 6 4 1 4 0 3 1 9 3 5 12 9 9 3 0 5 2 4 4 9 5
split_gain=28512.6 46671.5 41313.2 37775.7 35128.3 54799.5 49204.8 62923.6 48679.4 58431.3 61924.6 53889.5 41244 37446.8 96644.1 81843.5 139931 124422 212506 142180 180097 226165 192882 302468 180506 183807 174007 281539 210440 208501
threshold=-1.6588868161365133 -0.36118479456973707 -0.96227365190113912 -3.3487556704309971 1.1059526493479568 -0.48131095111188943 0.061466547291727118 0.10656507264677506 -0.24472827403648004 -0.89145085320788475 -0.89010312800855329 1.1098561576586909 -1.4193536365541799 0.39172032028208353 -0.39955810786475277 0.13362434295243888 -1.2514084728909125 1.1951925908963179 0.90745195762283271 -1.0444659357341868 0.48131095111188954 -0.19252438044475575 0.18885865351590495 -0.51700480672015414 0.90745195762283271 -0.33964599426774827 0.86604628671102535 0.4811368259505695 -0.6738353315566451 0.42390874111029014
decision_type=2 2 2 2 2 2 2 2 2 2 2 2 2 2 2 2 2 2 2 2 2 2 2 2 2 2 2 2 2 2
left_child=1 -1 -3 -2 13 6 7 -6 9 10 12 -11 -9 15 -15 16 -5 19 -19 20 21 -17 23 -23 -24 -26 27 28 29 -21
right_child=3 2 -4 4 5 -7 -8 8 -10 11 -12 -13 -14 14 -16 17 -18 18 -20 26 -22 22 24 -25 25 -27 -28 -29 -30 -31
leaf_value=-0.095104472258351336 -0.64464704198238387 1.1485143440961838 -1.2841869304650022 1.0600768760882715 -0.51799115295386 -0.5161510361246765 0.07124665483454827 0.21853328743921963 -0.20886690908329736 -0.0045814883204789133 0.054846612096528392 -1.0104144492927862 1.2621582736665629 0.56757617050915865 0.054112919898836487 -0.077004040511720356 0.03655976192954373 0.064910451202799799 1.487381902077433 -0.51077669454284358 -0.92056842991226429 0.16155871291910964 1.0849032828847853 3.0233160155430077 4.1425397509620305 -0.66547410761867409 0.10770361530188054 -0.92279822431567204 -0.092609157901653791 -2.4482560777145888
leaf_weight=3917 222 20 137 338 925 650 5126 152 2988 1415 557 147 251 959 20642 2020 27779 2264 297 566 370 168 417 205 21 372 2675 1729 5431 184
leaf_count=3917 222 20 137 338 925 650 5126 152 2988 1415 557 147 251 959 20642 2020 27779 2264 297 566 370 168 417 205 21 372 2675 1729 5431 184
internal_value=-1.19736e-10 -0.128986 -0.974289 0.0066627 0.00850116 -0.0694431 -0.0443276 -0.136392 -0.0723303 0.0894348 0.396425 -0.0992405 0.868533 0.0228272 0.0769087 -0.00322812 0.0488637 -0.0908329 0.229875 -0.148845 0.123875 0.244525 0.793545 1.73437 0.360298 -0.408557 -0.240902 -0.358794 -0.201026 -0.986105
internal_weight=82944 4074 157 78870 78648 12211 11561 6435 5510 2522 960 1562 403 66437 21601 44836 28117 16719 2561 14158 3573 3203 1183 373 810 393 10585 7910 6181 750
internal_count=82944 4074 157 78870 78648 12211 11561 6435 5510 2522 960 1562 403 66437 21601 44836 28117 16719 2561 14158 3573 3203 1183 373 810 393 10585 7910 6181 750
is_linear=0
shrinkage=0.05


Tree=113
num_leaves=31
num_cat=0
split_feature=1 8 2 0 9 5 4 7 9 5 7 4 3 5 3 4 5 6 4 2 4 1 2 0 0 0 3 6 8 8
split_gain=29201.6 94254.3 60913.3 74920.2 74124.2 59659.6 60507.8 54962.5 46190.8 61821.5 58389.3 102658 50450.3 39256.7 38837.2 47741.1 87478.3 77099.8 67225.7 54471.4 67301.4 44343 38425.2 36856.8 36279.5 33126.3 55424.5 66584.9 62939.2 32922.2
threshold=1.9550334553775592 1.0792073135794762 1.6761512849956526 0.57912398970290024 -0.096262190222377877 -0.85925218225375766 0.91415996930608234 1.7010387896728181 -0.57757314133426729 -0.90745195762283293 -0.081021797575299523 -1.0825578583887812 0.63698584068744213 -0.59600457818367603 1.769898520573933 -1.4674673191492369 0.70535813777133538 1.7077461606570974 -1.1066146996863098 1.2372373708373974 1.5396378430418227 2.4897801535579531 0.68272489028600936 0.75474993300678117 0.42557877730554389 0.19335532162726199 0.99640746287309812 -0.066328909107543868 -1.0174668528432229 -1.7404918888887655
decision_type=2 2 2 2 2 2 2 2 2 2 2 2 2 2 2 2 2 2 2 2 2 2 2 2 2 2 2 2 2 2
left_child=2 8 -1 4 5 -4 -7 -6 12 10 -10 -12 -2 -14 15 25 18 19 23 -18 21 -21 -20 -17 -22 -11 27 -27 -28 -23
right_child=1 -3 3 -5 7 6 -8 -9 9 14 11 -13 13 -15 -16 16 17 -19 22 20 24 29 -24 -25 -26 26 28 -29 -30 -31
leaf_value=-0.00059358707384087419 0.31198382912174105 -1.8724329472333192 0.80266950385911129 1.0094680515777035 0.45759644209005973 -2.2005380582809448 0.091276232401529947 -1.7001541491477721 1.3924671835369535 1.8111077977650201 -0.20313139786584333 -2.70540626719594 -0.60357779694170188 -1.9743562530260534 -0.48137590851504453 0.99712826162576684 0.87806816704301949 -2.8402991346774566 -1.0423746170995887 -1.9683238913615544 2.6096721141040327 0.67120824043833938 0.59245472956346734 3.4581752382475757 0.0015283381938934327 2.9796551229750241 0.84351487523072388 0.24886046429069675 -1.3847658155219895 -1.0599907766929584
leaf_weight=79874 126 80 42 325 615 80 45 31 27 67 114 64 284 64 193 32 83 31 43 78 20 43 219 29 40 41 73 49 56 76
leaf_count=79874 126 80 42 325 615 80 45 31 27 67 114 64 284 64 193 32 83 31 43 78 20 43 219 29 40 41 73 49 56 76
internal_value=-5.10761e-10 -0.192111 0.00458152 0.367813 0.111308 -0.827686 -1.37548 0.354051 -0.119527 0.0269238 -0.774177 -1.10283 -0.545285 -0.855675 0.166929 0.294605 0.070575 -0.453212 0.6722 -0.235566 -0.595222 -1.04176 0.324143 2.16713 0.87091 0.838231 0.540592 1.49289 -0.123801 -0.434431
internal_weight=82944 1932 81012 1138 813 167 125 646 1852 1378 205 178 474 348 1173 980 694 371 323 340 257 197 262 61 60 286 219 90 129 119
internal_count=82944 1932 81012 1138 813 167 125 646 1852 1378 205 178 474 348 1173 980 694 371 323 340 257 197 262 61 60 286 219 90 129 119
is_linear=0
shrinkage=0.05


Tree=114
num_leaves=31
num_cat=0
split_feature=1 8 2 0 9 4 3 4 8 6 9 4 0 12 4 3 4 3 0 3 6 7 9 4 12 7 6 4 3 11
split_gain=26354.5 85064.5 54974.2 67615.5 66897.1 50729.2 114077 110554 49342.4 43037.6 41687.2 49249.7 71691 53205.7 65609.5 53299.7 49914.6 45531.4 45351.4 69757.2 60092.8 58122.6 42323.2 36145.4 34562.7 31423.1 41097.9 34810.8 31272.4 40994.4
threshold=1.9550334553775592 1.0792073135794762 1.6761512849956526 0.57912398970290024 -0.096262190222377877 0.67359155633079737 0.27849091771118484 0.38490946076045557 0.74090168677562918 1.7077461606570974 -0.57757314133426729 -1.4674673191492369 0.70608344974506287 0.69631062382279152 1.6358652082319367 1.268182445975061 -1.2990694300665375 0.63698584068744213 0.19335532162726199 0.99640746287309812 -0.066328909107543868 -0.081021797575299523 -0.096262190222377877 0.91415996930608234 -0.6963106238227913 0.50473852548845832 1.1133806251249947 -1.0585010170912528 1.268182445975061 -0.76213734878520889
decision_type=2 2 2 2 2 2 2 2 2 2 2 2 2 2 2 2 2 2 2 2 2 2 2 2 2 2 2 2 2 2
left_child=2 10 -1 4 8 7 -7 9 -4 28 17 18 13 14 -13 -15 -17 -2 -12 20 -20 -21 -23 -10 -19 -14 -27 -28 29 -6
right_child=1 -3 3 -5 5 6 -8 -9 23 -11 11 12 25 15 -16 16 -18 24 19 21 -22 22 -24 -25 -26 26 27 -29 -30 -31
leaf_value=-0.00056390689411561095 0.29638464246832191 -1.7788113049417735 0.27688757817853582 0.95899464952028723 1.7044758026599884 -3.2356063571469535 0.16948487627101536 2.8929074148337048 -2.1105180086195467 1.6845706438680865 1.6888900958001614 -0.29231796735758281 1.0962111978833355 -2.5414592113202583 2.5519063909848532 0.68176825520667172 -1.6272979893684387 -1.3787269075058008 2.8306723135273635 -2.2846192381779353 0.23641744195198525 -0.28302175001254387 1.680936298650854 -0.059698066211515854 -0.37407989878283471 -0.94956837147474293 2.0769168560062687 -0.23974818482118498 0.76997219488195334 -0.444256731141635
leaf_weight=79874 126 80 66 325 25 29 162 48 70 53 68 588 134 52 21 44 50 152 41 30 49 142 34 31 196 60 31 34 131 198
leaf_count=79874 126 80 66 325 25 29 162 48 70 53 68 588 134 52 21 44 50 152 41 30 49 142 34 31 196 60 31 34 131 198
internal_value=3.42938e-10 -0.182505 0.00435245 0.349422 0.105743 0.336349 -0.347519 0.623422 -0.786301 0.355768 -0.113551 0.0255776 -0.153516 -0.399756 -0.194241 -1.25701 -0.546458 -0.51802 0.52448 0.25698 1.41824 -0.250368 0.0963792 -1.48106 -0.812891 0.56429 -0.00592894 0.865123 0.156823 -0.203367
internal_weight=82944 1932 81012 1138 813 646 191 455 167 407 1852 1378 1014 755 609 146 94 474 364 296 90 206 176 101 348 259 125 65 354 223
internal_count=82944 1932 81012 1138 813 646 191 455 167 407 1852 1378 1014 755 609 146 94 474 364 296 90 206 176 101 348 259 125 65 354 223
is_linear=0
shrinkage=0.05


Tree=115
num_leaves=31
num_cat=0
split_feature=0 1 4 2 0 9 8 5 2 5 12 4 1 1 4 0 3 11 8 9 1 4 4 5 0 7 2 0 4 12
split_gain=25708.3 42134.4 68162.7 34085.8 31696.9 50041.1 43141.4 40922.3 53655.2 49616.1 46225.1 55133.9 39602.3 38301.4 37110.5 36361.8 179350 125837 134111 113331 63603.5 123702 150929 182705 147803 147784 117658 99528.2 126219 199164
threshold=-1.6588868161365133 -0.50657896220813003 -1.1306715409838382 -3.3487556704309971 1.1059526493479568 -0.57757314133426729 -1.0174668528432229 0.061466547291727118 0.10656507264677506 -0.24472827403648004 1.0444659357341872 -0.89010312800855329 1.1098561576586909 -0.43251439717800011 -1.4193536365541799 -0.052455811929887276 -0.5627379280090985 0.46605794042707133 -0.27754979391328816 0.77009752177902324 -0.16204548971777474 0.96227365190113923 0.52925050854562661 -1.3494002584220433 -0.19329766734559714 -0.74611299300944822 0.95646282078510436 -0.50284362375063552 -1.1306715409838382 -0.6963106238227913
decision_type=2 2 2 2 2 2 2 2 2 2 2 2 2 2 2 2 2 2 2 2 2 2 2 2 2 2 2 2 2 2
left_child=1 -1 -3 -2 15 7 -7 8 -6 10 12 14 -10 -8 -12 20 17 19 -19 -17 21 22 27 25 26 -24 -25 28 29 -5
right_child=3 2 -4 4 5 6 13 -9 9 -11 11 -13 -14 -15 -16 16 -18 18 -20 -21 -22 -23 23 24 -26 -27 -28 -29 -30 -31
leaf_value=-0.083509898572974306 -0.61235681076120874 1.9270632471357072 -1.0639005735007729 0.53813256625045003 -0.47798125154932936 0.17275666244850871 -2.1642538302823118 0.069680548845466775 0.011090330589253336 -0.19836568974372337 0.20766449583032612 0.040724017591210165 -0.94311985358659001 -0.53069527409840611 1.1976119165165922 1.0979862177980895 0.036755104015409899 1.3375491901979608 -1.6172211030396548 -0.51998263797572541 -0.10474248131228857 -0.16399661169214896 4.463612600459772 0.20873907741828465 1.9110867840567913 1.0551766850099695 -2.4013296904211696 -0.28121869462120863 0.2170495167310641 -0.38424593208086139
leaf_weight=3848 222 21 205 771 906 228 38 4994 1385 2988 152 507 118 644 251 851 32018 59 110 124 12434 5552 34 2310 127 492 44 2082 7000 2429
leaf_count=3848 222 21 205 771 906 228 38 4994 1385 2988 152 507 118 644 251 851 32018 59 110 124 12434 5552 34 2310 127 492 44 2082 7000 2429
internal_value=3.51137e-10 -0.122478 -0.785979 0.00632658 0.00807294 -0.0659667 -0.42266 -0.0372443 -0.121909 -0.0621796 0.106459 0.387706 -0.0638244 -0.621715 0.824232 0.0216813 0.0587345 0.673889 -0.585674 0.892214 -0.0152461 0.0381485 0.111555 0.429048 0.249592 1.27549 0.159953 0.0338232 0.0981288 -0.16201
internal_weight=82944 4074 226 78870 78648 12211 910 11301 6307 5401 2413 910 1503 682 403 66437 33162 1144 169 975 33275 20841 15289 3007 2481 526 2354 12282 10200 3200
internal_count=82944 4074 226 78870 78648 12211 910 11301 6307 5401 2413 910 1503 682 403 66437 33162 1144 169 975 33275 20841 15289 3007 2481 526 2354 12282 10200 3200
is_linear=0
shrinkage=0.05


Tree=116
num_leaves=31
num_cat=0
split_feature=5 0 0 1 3 8 0 11 4 7 7 8 6 1 0 0 1 3 4 8 4 0 8 8 4 1 4 5 0 3
split_gain=26592.3 70042.4 91054.2 77200.5 133867 132057 146198 142129 150430 113737 205095 110892 108045 96733 93680.3 84644.9 115267 80267.7 167552 78107.9 76251.3 76154.9 69531.2 69178.7 91821.6 85218.1 294672 109978 97141 113454
threshold=-1.0822991561714665 0.62867323683413623 0.87199787198085754 0.078696315510152728 1.6282654869791371 -1.0174668528432229 0.19335532162726199 0.46605794042707133 -1.3952967952566515 1.7010387896728181 -0.44226394673424807 1.0000000180025095e-35 -1.0580783826696147 1.5943025809904932 0.095730065255966126 -0.096953016752578433 1.1098561576586909 -0.44260916112300863 -0.81793260411596802 1.0792073135794762 0.84198944541349674 0.49722644426876567 1.0792073135794762 -1.0174668528432229 -0.21651157167775612 -0.44552636409760943 -1.0103873344961958 1.4032428797398568 -0.071136500979525855 0.51197420733928112
decision_type=2 2 2 2 2 2 2 2 2 2 2 2 2 2 2 2 2 2 2 2 2 2 2 2 2 2 2 2 2 2
left_child=1 3 -3 12 5 6 -5 8 9 10 15 -9 -1 -8 20 -7 -17 18 -10 -12 -13 -14 -20 24 25 26 -2 -28 29 -27
right_child=23 2 -4 4 -6 7 13 11 17 -11 19 14 21 -15 -16 16 -18 -19 22 -21 -22 -23 -24 -25 -26 28 27 -29 -30 -31
leaf_value=0.87903339326560137 -0.12902501175189254 0.87114129870546508 -2.050356593625299 -0.36868602157607255 1.407732312046623 -0.60744047226669551 -1.5537765385849136 0.40130194574941042 3.9844777283214388 -3.2997593713843303 3.5998041591336651 -0.91665082424584599 -0.041210056963380204 -4.4154256147997719 -2.5262580495376095 -0.94066013136976645 -4.9799296552484691 0.10344259767533284 1.053379504711597 0.1973662937009657 0.30031924947615596 1.4181487021967769 -1.7841853650410973 -0.010772969831814142 0.0012892636446724061 0.25735062619964227 2.4971292684863977 0.52058225864380159 0.28429698809472298 -1.0347203517177932
leaf_weight=334 406 332 29 354 118 111 189 215 42 46 31 759 13300 35 77 38 33 1914 77 37 155 90 30 51687 7277 356 227 102 4218 325
leaf_count=334 406 332 29 354 118 111 189 215 42 46 31 759 13300 35 77 38 33 1914 77 37 155 90 30 51687 7277 356 227 102 4218 325
internal_value=2.44589e-10 -0.0531244 0.63645 -0.0669657 -0.252879 -0.300176 -1.00124 -0.18651 0.0392203 -1.01487 -0.594449 -0.628052 -0.0092439 -2.00091 -0.851373 -1.46983 -2.81807 0.190461 1.30827 1.74848 -0.710272 -0.0314011 0.257801 0.0150875 0.118615 0.270156 0.772195 1.88434 0.194835 -0.359276
internal_weight=82944 18346 361 17985 4261 4143 578 3565 2359 296 250 1206 13724 224 991 182 71 2063 149 68 914 13390 107 64598 12911 5634 735 329 4899 681
internal_count=82944 18346 361 17985 4261 4143 578 3565 2359 296 250 1206 13724 224 991 182 71 2063 149 68 914 13390 107 64598 12911 5634 735 329 4899 681
is_linear=0
shrinkage=0.05


Tree=117
num_leaves=31
num_cat=0
split_feature=4 4 5 12 2 1 4 5 2 0 1 0 12 9 8 3 1 3 0 1 6 5 6 5 12 0 0 1 3 5
split_gain=25746.3 83766.5 180333 441315 313719 238274 150576 138810 133213 119985 113957 109879 100262 195526 172368 144790 93415.6 110589 129699 89154.2 85119.4 84166.6 81959.6 220390 287644 193086 156617 251402 148847 147357
threshold=-0.81793260411596802 -0.38490946076045524 1.1210959212062968 -0.34815531191139565 -0.6232063457646454 -0.36118479456973707 -0.62547787373574071 1.3494002584220433 0.87232108526112462 0.31437115989613246 1.5452491789183875 0.62867323683413623 -1.3926212476455826 -0.19252438044475575 0.19793268244031401 -0.83081918397809018 -1.1708159891530452 -0.1686029103334663 -1.0152282701291167 0.22387423656601804 -0.91243033262339701 1.4141003550473303 1.0000000180025095e-35 -0.30505838731795659 -0.6963106238227913 0.43497371752818054 -0.08464250630083052 0.82968832543795057 -0.087912699681461634 -1.4141003550473299
decision_type=2 2 2 2 2 2 2 2 2 2 2 2 2 2 2 2 2 2 2 2 2 2 2 2 2 2 2 2 2 2
left_child=22 2 10 4 -4 21 7 20 11 16 12 -8 13 -2 -14 -16 -6 18 19 -18 -7 -5 26 24 29 28 27 -1 -26 -24
right_child=1 -3 3 5 9 6 8 -9 -10 -11 -12 -13 14 -15 15 -17 17 -19 -20 -21 -22 -23 23 -25 25 -27 -28 -29 -30 -31
leaf_value=-0.16482724627142611 -0.21376806023804035 0.0098628895752312842 0.1908320966605262 1.8222567630958217 1.1334656080374352 0.19779668684910845 0.26017654344327473 0.1478778716756238 -1.5028332094569783 -4.659454835072542 -0.87698087583107809 2.3700250620103751 0.16525943798605239 1.3858735221223188 -1.2967527810710273 -0.21244355912607646 -3.0548007386796021 -1.0417132685943085 -3.8600103143014408 -1.1168877987387757 -1.9904706821379907 -0.37387409005652777 -1.4348646651050361 -0.051588148687670643 0.044291395034361025 0.70092103522823135 0.10747313572218747 -1.7482274616588698 -1.1272112557864082 0.96976516509727606
leaf_weight=4970 402 50596 226 211 26 54 399 180 91 39 386 73 3919 364 346 2794 94 220 114 161 251 55 66 5014 765 651 7956 264 420 1837
leaf_count=4970 402 50596 226 211 26 54 399 180 91 39 386 73 3919 364 346 2794 94 220 114 161 251 55 66 5014 765 651 7956 264 420 1837
internal_value=4.16312e-10 -0.0167076 -0.145911 -0.548596 -1.41512 0.0317264 -0.307485 -0.953215 0.248782 -1.97009 -0.0383124 0.586488 0.0030583 0.546375 -0.0558991 -0.331925 -1.79954 -1.92901 -2.45803 -1.83126 -1.60304 1.36817 0.0464468 0.165069 0.455606 0.00912515 -0.032272 -0.244693 -0.370925 0.886368
internal_weight=82944 61001 10405 2194 880 1314 1048 485 563 654 8211 472 7825 766 7059 3140 615 589 369 255 305 266 21943 8753 3739 1836 13190 5234 1185 1903
internal_count=82944 61001 10405 2194 880 1314 1048 485 563 654 8211 472 7825 766 7059 3140 615 589 369 255 305 266 21943 8753 3739 1836 13190 5234 1185 1903
is_linear=0
shrinkage=0.05


Tree=118
num_leaves=31
num_cat=0
split_feature=0 1 0 3 11 8 9 0 9 2 3 5 1 2 3 6 1 6 3 8 2 8 11 1 2 5 2 9 3 0
split_gain=24913.7 50581.8 42313.5 158348 105499 118907 103429 61926.3 54198.4 71600.4 98916.9 97381.5 62902.3 62169.1 53345.9 152542 74589.8 122044 177013 137512 122893 104621 165622 130943 132449 106406 105715 121817 104087 163385
threshold=1.1717357439809941 0.73698539892229065 -0.052455811929887276 -0.5627379280090985 0.46605794042707133 -0.27754979391328816 0.77009752177902324 -0.041031050645656465 -0.6738353315566451 0.083211815551208948 -0.80687556390061677 1.082299156171467 0.76022021097331982 -0.48200885566514312 1.2184208804324566 -0.50537016327275397 0.13362434295243888 -0.91243033262339701 -0.2802194107479789 -0.27754979391328816 -0.66683788445865866 0.74090168677562918 1.0000000180025095e-35 1.0555776676911581 1.3196167046558733 1.254328062751503 0.81228289317267832 -0.19252438044475575 0.06928478505829265 -0.33205130386250897
decision_type=2 2 2 2 2 2 2 2 2 2 2 2 2 2 2 2 2 2 2 2 2 2 2 2 2 2 2 2 2 2
left_child=2 -2 14 4 6 -6 8 -5 -4 11 -11 -10 -12 -13 16 -16 -1 28 19 -19 -20 -22 25 -24 -25 26 -23 -28 29 -18
right_child=1 -3 3 7 5 -7 -8 -9 9 10 12 13 -14 -15 15 -17 17 18 20 -21 21 22 23 24 -26 -27 27 -29 -30 -31
leaf_value=-0.00078241273126958884 -0.034292465390416048 -0.39146097262772805 0.32080430119799885 0.73733929516535246 1.2828818931417951 -1.4993562228029425 -0.49567972910843161 0.023945155012262704 1.1917370235340463 0.25178042550881707 4.1527955310098061 0.51959921901042649 1.6769298552818921 -3.0490583912186002 -0.3027067827208984 0.73557465537767908 0.14327895366476748 -0.13673979189280155 -3.2491275049025017 -1.1117273193250441 -0.26293959309167531 0.11183065093995991 0.69287637410666736 4.3256325305591927 -0.19288235332654871 1.9821271792054178 -0.42926577327257776 -3.3278058981491352 -0.15469545435383966 1.6257091571295517
leaf_weight=28431 9481 1107 208 307 59 110 129 33329 450 45 58 26 46 23 638 794 889 560 31 1021 2246 258 299 55 23 48 94 59 1885 235
leaf_count=28431 9481 1107 208 307 59 110 129 33329 450 45 58 26 46 23 638 794 889 560 31 1021 2246 258 299 55 23 48 94 59 1885 235
internal_value=2.13432e-11 -0.0716353 0.0104825 0.0502147 0.626117 -0.528042 0.824141 0.0304564 1.02304 1.24845 2.21028 0.961248 3.0577 -1.15548 -0.0263136 0.272988 -0.038175 -0.176187 -0.335532 -0.766381 -0.116717 -0.0852096 0.39228 1.16882 2.99325 -0.245527 -0.505692 -1.547 0.0723881 0.453218
internal_weight=82944 10588 72356 34790 1154 169 985 33636 856 648 149 499 104 49 37566 1432 36134 7703 4694 1581 3113 3082 836 377 78 459 411 153 3009 1124
internal_count=82944 10588 72356 34790 1154 169 985 33636 856 648 149 499 104 49 37566 1432 36134 7703 4694 1581 3113 3082 836 377 78 459 411 153 3009 1124
is_linear=0
shrinkage=0.05


Tree=119
num_leaves=31
num_cat=0
split_feature=5 7 4 2 0 4 4 2 5 4 5 5 8 0 0 4 4 5 7 4 5 8 3 6 6 4 4 4 6 3
split_gain=24831.7 62988 297921 224110 154525 150543 198205 178118 121342 88771.9 87348.2 83619.7 77497.5 177841 144713 127868 479912 272114 318358 306226 221372 192041 178400 273775 409323 164210 247469 142514 609746 132540
threshold=-1.0822991561714665 -0.90839521789717692 -1.2028420648764235 -1.477247251224185 -0.3785024133619746 -0.21651157167775612 -0.81793260411596802 -1.6752138833924437 -1.3494002584220433 -1.5396378430418223 -1.3816171070223857 -1.3937669968154378 -1.0174668528432229 -0.87196704906940137 0.72553946197796038 -0.55330734984315477 -0.21651157167775612 -1.3293991099845879 1.7010387896728181 -1.2028420648764235 -1.3068553720381466 0.74090168677562918 1.0000000180025095e-35 0.30811198432835407 -0.066328909107543868 -0.81793260411596802 -0.67359155633079704 1.0000000180025095e-35 1.7077461606570974 -0.5627379280090985
decision_type=2 2 2 2 2 2 2 2 2 2 2 2 2 2 2 2 2 2 2 2 2 2 2 2 2 2 2 2 2 2
left_child=1 2 3 9 -5 6 7 -4 -8 -1 -11 -7 13 -3 -15 17 20 -14 22 -20 -17 -22 25 24 -24 -19 -27 28 -18 -29
right_child=-2 12 5 4 -6 11 8 -9 -10 10 -12 -13 15 14 -16 16 27 18 19 -21 21 -23 23 -25 -26 26 -28 29 -30 -31
leaf_value=0.4553819154631602 0.014579475278983265 0.13011163931380429 0.39787381971841096 -7.1409038888083565 -2.5082172929136846 0.36641532563753709 0.29704534670820942 -2.8108816837110826 2.2848351472925938 -0.23946397652228676 -2.9243634410526447 -0.66568158020258628 -0.13496345158173859 -0.62766706613701517 2.7642758920788766 -0.39283741504441899 1.2878033152619037 2.0758891208209742 -2.6215521600952858 0.54791464204341167 -1.1891034737183241 -3.3379814534527918 0.54921541578912259 1.715666497023111 -2.3399204103375477 -1.0775388016942002 2.0500082082635775 -0.26119665031841682 -2.6823004163801674 0.19698251584986359
leaf_weight=73 64598 1796 143 27 54 262 135 62 178 54 69 782 2211 1813 32 689 671 464 135 175 404 140 671 336 150 126 127 2751 113 3703
leaf_count=73 64598 1796 143 27 54 262 135 62 178 54 69 782 2211 1813 32 689 671 464 135 175 404 140 671 336 150 126 127 2751 113 3703
internal_value=8.78058e-11 -0.0513357 -0.328905 -1.84013 -4.05245 -0.0609085 0.635952 -0.572579 1.42748 -0.925864 -1.74563 -0.406669 -0.0204125 -0.224066 -0.568837 0.0372202 -0.076318 0.256056 0.651909 -0.832337 -0.988143 -1.74212 0.897435 0.513396 0.0213587 1.51715 0.492416 0.0790122 0.715582 0.00168489
internal_weight=82944 18346 1839 277 81 1562 518 205 313 196 123 1044 16507 3641 1845 12866 8471 4395 2184 310 1233 544 1874 1157 821 717 253 7238 784 6454
internal_count=82944 18346 1839 277 81 1562 518 205 313 196 123 1044 16507 3641 1845 12866 8471 4395 2184 310 1233 544 1874 1157 821 717 253 7238 784 6454
is_linear=0
shrinkage=0.05


Tree=120
num_leaves=31
num_cat=0
split_feature=1 8 2 0 9 5 4 4 4 4 3 8 5 2 4 5 3 0 2 0 6 1 2 6 4 4 5 0 3 6
split_gain=24398.3 75818.9 45564.3 60468.1 59886.5 50807.7 50436.7 45092 98410.2 97588 43977 38861.3 55163.3 67532.1 59648.6 48226.2 64167.1 59795.1 47864.5 82537.4 43425.4 37531.4 36678.5 35658.8 33598.6 36996.5 33457.4 33297.9 32653.4 29184.8
threshold=1.9550334553775592 1.0792073135794762 1.6761512849956526 0.57912398970290024 -0.096262190222377877 -0.85925218225375766 0.91415996930608234 0.67359155633079737 0.38490946076045557 0.89010312800855373 0.60366681961495405 0.37100531152820115 -0.90745195762283293 1.2623166656443179 -1.1066146996863098 -0.70535813777133527 1.385481915394563 0.37905595849427254 1.2890677334865031 0.25596000599959218 -0.89145085320788475 2.1699394851085603 0.099122516133740748 1.7077461606570974 -0.072170523892585409 1.5396378430418227 0.65128935879477212 0.026260422942062291 1.0110571825298857 1.7077461606570974
decision_type=2 2 2 2 2 2 2 2 2 2 2 2 2 2 2 2 2 2 2 2 2 2 2 2 2 2 2 2 2 2
left_child=2 11 29 4 5 -4 -7 8 23 10 -9 12 14 -14 -2 17 22 -13 -15 27 24 -16 -17 -6 28 -26 -18 -20 -21 -1
right_child=1 -3 3 -5 7 6 -8 9 -10 -11 -12 15 13 18 21 16 26 -19 19 20 -22 -23 -24 -25 25 -27 -28 -29 -30 -31
leaf_value=0.0098463460665164371 -0.051015788451503452 -1.6826623719930649 0.74844065490400513 0.89479443812370296 0.1431251768380572 -2.0149075164273382 0.077503972649574288 -3.3802196566263838 2.7179600511988005 0.40768036759437476 -0.62499487847089774 0.69564737013547973 0.68697294674038822 -1.7782206116653072 -0.7217711985111237 0.71087919933100541 -1.2989423078649185 -1.1555400321260094 -0.86711167275905621 2.0852784486917351 -0.72370851008928039 -2.9153328320918939 -0.84111537019033789 1.5337523644403468 -2.3795070343017577 0.24518400512892624 -3.6564850348013418 1.3266486437933054 0.20114184182193415 -0.090423037358258865
leaf_weight=71801 123 80 42 325 354 80 45 30 48 133 28 137 399 41 39 48 34 64 20 26 290 39 184 53 25 29 27 128 199 8073
leaf_count=71801 123 80 42 325 354 80 45 30 48 133 28 137 399 41 39 48 34 64 20 26 290 39 184 53 25 29 27 128 199 8073
internal_value=-7.72962e-11 -0.175602 0.0041878 0.318339 0.087899 -0.75611 -1.26164 0.306087 0.576741 -0.338665 -2.05011 -0.110502 0.0276389 0.160463 -0.736925 -0.490249 -0.899427 0.106215 -0.116684 -0.021673 -0.295269 -1.81855 -0.520013 0.324214 0.150061 -0.969951 -2.34244 1.03019 0.418864 -0.00028805
internal_weight=82944 1932 81012 1138 813 167 125 646 455 191 58 1852 1358 1157 201 494 293 201 758 717 569 78 232 407 279 54 61 148 225 79874
internal_count=82944 1932 81012 1138 813 167 125 646 455 191 58 1852 1358 1157 201 494 293 201 758 717 569 78 232 407 279 54 61 148 225 79874
is_linear=0
shrinkage=0.05


Tree=121
num_leaves=31
num_cat=0
split_feature=0 9 4 8 2 3 0 3 5 4 6 6 0 6 0 0 5 4 4 5 4 5 1 5 12 8 3 5 7 1
split_gain=23313.9 48258.9 81458.3 62772.9 40369.3 38074.4 37457.8 145090 76062.6 202704 173854 122161 99424.2 71800.6 62826.9 55905.1 49296.3 145546 317559 210283 181301 369530 180556 139098 116242 115696 188370 157994 112219 106912
threshold=1.1717357439809941 -0.86635971200140094 -1.1306715409838382 -1.0174668528432229 -0.95029498714201421 0.33475577276400342 -0.052455811929887276 -0.5627379280090985 0.65128935879477212 0.72170523892585436 -0.50537016327275397 -0.91243033262339701 0.51931816802855468 1.7077461606570974 0.32520881608126934 -0.041031050645656465 0.30505838731795659 0.67359155633079737 -0.21651157167775612 1.1577679250095743 0.96227365190113923 0.90745195762283271 0.48842395120789656 0.65128935879477212 -1.0444659357341868 1.0000000180025095e-35 1.2184208804324566 0.90745195762283271 -0.44226394673424807 0.1568727853767177
decision_type=2 2 2 2 2 2 2 2 2 2 2 2 2 2 2 2 2 2 2 2 2 2 2 2 2 2 2 2 2 2
left_child=6 -2 5 -4 -5 -3 -1 8 11 12 -11 -8 13 -10 -15 -9 -17 18 25 22 21 23 24 -19 -20 -18 -27 -28 -21 -30
right_child=1 2 3 4 -6 -7 7 15 9 10 -12 -13 -14 14 -16 16 17 20 19 28 -22 -23 -24 -25 -26 26 27 -29 29 -31
leaf_value=-0.024480123471393431 -0.022465360041445843 1.9697676261266073 0.17023902573207408 1.5932954703058515 -0.61798499170288212 0.18923099147130365 -1.2928308063143985 0.70024875759690131 -0.79870271277672888 1.4869792964147486 5.3382224648497827 0.54722217451033128 1.402996097537089 -0.33168362922528211 2.7550579458475113 0.069347109712360008 0.32130048643562337 1.3605284517520362 0.27672128955550168 2.1274268814339869 0.086520162965851702 -1.7951339410012026 -2.2457534948106632 3.7345083333827831 -0.738176253802311 -0.034145102352393784 -2.5368695534712882 0.39739962483153629 0.64375639802151663 -1.2460468971283638
leaf_weight=37566 8879 51 361 21 1203 73 109 307 158 92 43 523 163 34 32 20890 2452 259 322 82 2846 83 181 81 2279 3289 141 68 249 107
leaf_count=37566 8879 51 361 21 1203 73 109 307 158 92 43 523 163 34 32 20890 2452 259 322 82 2846 83 181 81 2279 3289 141 68 249 107
internal_value=-5.4262e-11 -0.0692972 -0.312609 -0.409161 -0.580046 0.921548 0.0101404 0.0475234 0.598789 1.04545 2.71367 0.229871 0.463509 -0.220136 1.16492 0.0286103 0.0224237 -0.0563792 -0.158497 -0.558467 0.230074 1.19592 -0.718793 1.92609 -0.612533 0.057958 -0.126638 -1.58218 0.459857 0.0757537
internal_weight=82944 10588 1709 1585 1224 124 72356 34790 1154 522 135 632 387 224 66 33636 33329 12439 9170 3220 3269 423 2782 340 2601 5950 3498 209 438 356
internal_count=82944 10588 1709 1585 1224 124 72356 34790 1154 522 135 632 387 224 66 33636 33329 12439 9170 3220 3269 423 2782 340 2601 5950 3498 209 438 356
is_linear=0
shrinkage=0.05


Tree=122
num_leaves=31
num_cat=0
split_feature=1 5 2 8 1 5 3 8 3 8 3 2 5 6 10 1 3 5 0 11 0 2 5 2 2 1 2 5 9 2
split_gain=23308.8 58476.8 41042.3 40543.2 32216.5 28003.6 26823.2 25011.2 31073.8 28751.9 26754.4 25575.2 41120.1 23901.9 149480 197358 103624 151661 283156 132795 101034 96901.3 94205.7 81319.6 69368.1 98830.7 69070.7 65339.6 65198.7 70323.7
threshold=2.3018234381716098 -0.85925218225375766 2.1422996835152888 1.0792073135794762 0.36096655954559453 -0.75810821674430739 0.36847588901701323 0.74090168677562918 0.75145208418202936 -1.0174668528432229 1.4579001315638569 1.805007244251817 0.75810821674430728 1.7077461606570974 1.0000000180025095e-35 -2.2160820167546751 -0.60005004301355347 1.1577679250095743 -0.29884430116203531 1.0000000180025095e-35 -1.7161338693448003 -0.11634828408534405 -1.4141003550473299 1.4550608670341723 0.076279609818578967 0.27377400262146423 0.6447273706920531 -0.85925218225375766 -1.1551462826685344 -1.637486115424627
decision_type=2 2 2 2 2 2 2 2 2 2 2 2 2 2 2 2 2 2 2 2 2 2 2 2 2 2 2 2 2 2
left_child=2 6 13 5 -4 -3 -2 8 -7 11 -9 -10 -13 -1 16 20 19 23 -19 -15 -16 -21 -17 -18 25 28 -20 -25 -24 -30
right_child=1 3 4 -5 -6 7 -8 10 9 -11 -12 12 -14 14 15 22 17 18 26 21 -22 -23 24 27 -26 -27 -28 -29 29 -31
leaf_value=0.0095061698378425142 -0.74359726309776308 0.72971372180260152 -1.1110344894762549 -2.0011804531360493 0.65114628808382391 0.80973769168505516 -3.2736128973351288 -0.32980392470278524 0.92247838926586234 -0.58313187799134913 -1.7445535217722257 -1.4306644869347416 0.22235731009779305 2.1622589500164087 0.66761286239553663 -2.2011602133512498 -0.023542517324488223 -0.3627328463772822 -6.6984827865253793 0.47938060199814525 3.8143496201884362 -0.97274977321808154 0.6955569677111757 1.7676266755265868 -0.97045672458811583 1.7381967063535726 -2.9832011601020554 -0.56254305654182668 0.12297731800120056 -0.64884061176308705
leaf_weight=73401 20 91 28 29 352 89 22 110 77 258 48 48 174 106 144 80 4014 179 22 988 31 130 131 113 511 57 29 41 388 1233
leaf_count=73401 20 91 28 29 352 89 22 110 77 258 48 48 174 106 144 80 4014 179 22 988 31 130 131 113 511 57 29 41 388 1233
internal_value=-2.59003e-10 -0.244173 0.00287725 -0.161233 0.521301 -0.101615 -2.06884 -0.195708 -0.0577899 -0.196407 -0.759601 0.137288 -0.135053 0.000462958 -0.0805155 -0.39601 0.0639878 -0.0492567 -1.29917 0.470891 1.22503 0.310528 -0.514211 0.0197164 -0.45604 -0.31073 -4.58587 1.14726 -0.37739 -0.464099
internal_weight=82944 966 81978 924 380 895 42 804 646 557 158 299 222 81598 8197 2575 5622 4398 230 1224 175 1118 2400 4168 2320 1809 51 154 1752 1621
internal_count=82944 966 81978 924 380 895 42 804 646 557 158 299 222 81598 8197 2575 5622 4398 230 1224 175 1118 2400 4168 2320 1809 51 154 1752 1621
is_linear=0
shrinkage=0.05


Tree=123
num_leaves=31
num_cat=0
split_feature=5 0 2 0 1 3 8 11 4 4 11 4 4 2 12 6 0 8 6 0 6 4 7 3 8 8 6 4 4 0
split_gain=22711 59846.3 107332 71134.8 70709.1 115862 108499 133740 154150 128920 117471 126432 116730 102289 99705.6 107476 98473.7 95936.1 95434.9 80681.8 75973 66711.4 403004 169224 148570 195451 115608 182767 191974 96766.4
threshold=-1.0822991561714665 0.62867323683413623 0.22631027520548741 0.87199787198085754 0.078696315510152728 1.6282654869791371 -1.0174668528432229 0.46605794042707133 -0.096227365190113864 0.72170523892585436 0.46605794042707133 -1.3952967952566515 0.26462525427281319 1.099956027175979 -0.6963106238227913 -0.066328909107543868 0.42557877730554389 1.0000000180025095e-35 -1.0580783826696147 0.095730065255966126 1.0000000180025095e-35 -0.81793260411596802 -0.90839521789717692 -0.1909371504334175 0.74090168677562918 1.0000000180025095e-35 -0.89145085320788475 1.0000000180025095e-35 -0.52925050854562683 -0.17747470573922305
decision_type=2 2 2 2 2 2 2 2 2 2 2 2 2 2 2 2 2 2 2 2 2 2 2 2 2 2 2 2 2 2
left_child=1 4 -3 -4 18 6 7 8 16 -9 11 13 20 14 -8 -16 -6 -12 -1 -19 -10 22 -13 -24 25 -25 -23 28 -28 -29
right_child=-2 2 3 -5 5 -7 10 9 12 -11 17 21 -14 -15 15 -17 -18 19 -20 -21 -22 26 23 24 -26 -27 27 29 -30 -31
leaf_value=0.82818726485394345 0.013943017746114981 2.0207298832635088 0.30973149424220331 -2.7229675520034067 0.13000141986211142 1.3050867785084046 1.4175149609457773 -1.3147208314995433 -2.4802172101062276 1.2642907913002346 0.37522144884564157 -4.5187943749957613 -1.7431631666673741 -2.8875824818827893 -0.35745355350450736 -3.1383302356885832 -2.6621006894111634 -0.65897373330027387 -0.027471283405539816 -2.3442698082366547 -6.425217239673322 0.37776433331675308 3.201641540891595 1.8386512522107883 2.1851512308444891 -0.63834639642689683 -0.075198303137795408 -2.0499454187398611 -2.8220193037088368 0.43788118621494088
leaf_weight=334 64598 96 244 21 150 118 53 86 23 111 215 36 142 55 142 46 40 914 13390 77 26 817 72 115 114 259 118 44 138 350
leaf_count=334 64598 96 244 21 150 118 53 86 23 111 215 36 142 55 142 46 40 914 13390 77 26 817 72 115 114 259 118 44 138 350
internal_value=-1.90737e-10 -0.0490947 0.588316 0.0694044 -0.061889 -0.239814 -0.283815 -0.919279 -1.46618 0.138428 -0.180787 0.0244315 -2.46927 -0.941927 -0.497898 -1.03788 -0.45781 -0.582204 -0.00664718 -0.78992 -4.57348 0.163085 0.609164 0.938819 0.60496 0.123297 -0.0181444 -0.515771 -1.55591 0.160053
internal_weight=82944 18346 361 265 17985 4261 4143 578 381 197 3565 2359 191 296 241 188 190 1206 13724 991 49 2063 596 560 488 374 1467 650 256 394
internal_count=82944 18346 361 265 17985 4261 4143 578 381 197 3565 2359 191 296 241 188 190 1206 13724 991 49 2063 596 560 488 374 1467 650 256 394
is_linear=0
shrinkage=0.05


Tree=124
num_leaves=31
num_cat=0
split_feature=0 9 5 1 1 5 4 6 9 3 5 5 4 4 4 3 6 6 1 0 4 7 8 4 1 7 1 8 1 4
split_gain=22059 42914.7 39725.6 46223.8 38412.5 55005.1 38907.2 43278.5 37263.1 170662 155391 195596 202941 272642 271940 175005 150145 126173 118730 105473 145122 278794 178296 164453 112755 100937 113416 113010 103919 89169.2
threshold=1.1059526493479568 -0.48131095111188943 0.061466547291727118 0.19998710030978886 0.73698539892229065 -0.24472827403648004 -0.76981892152091091 -0.89145085320788475 1.0000000180025095e-35 -0.58074464360926992 0.30505838731795659 0.70535813777133538 0.67359155633079737 -0.12028420648764233 0.98633049319866772 0.58673866806726671 1.1133806251249947 0.30811198432835407 -0.55598276240962485 -0.45340044271780788 0.69764839762832587 1.7010387896728181 0.37100531152820115 -0.096227365190113864 -1.0328724360695287 1.7010387896728181 0.38065783988099372 -1.0174668528432229 1.645604245027523 1.5636946843393513
decision_type=2 2 2 2 2 2 2 2 2 2 2 2 2 2 2 2 2 2 2 2 2 2 2 2 2 2 2 2 2 2
left_child=8 2 3 -2 5 6 7 -5 9 19 25 12 13 15 -14 17 -15 -12 -18 24 23 22 -22 -21 -1 27 -27 -11 -29 -13
right_child=1 -3 -4 4 -6 -7 -8 -9 -10 10 11 29 14 16 -16 -17 18 -19 -20 20 21 -23 -24 -25 -26 26 -28 28 -30 -31
leaf_value=-2.792451751554335 -0.37003615542715185 -0.4573696408363489 0.064013312968840705 0.99469338700587773 -0.32173678381775012 -0.14982868866202734 0.061880344772494988 0.14012311238452399 -0.01985267938822597 0.35769970360727582 -0.23451558373722714 0.032855637860709545 1.3269074468629345 -0.76489434310814441 -0.24246456843348241 -0.90141602150660793 -0.1119929467760761 0.71629011863730785 -2.407182835539182 1.4372020296599359 0.48869806560234158 5.7333714597755012 2.6460016374965369 -0.76766166904227662 0.21339906196896197 1.6161505223489276 0.34442753752674116 0.063143377515071805 -0.46790576923526822 0.86936765896189494
leaf_weight=37 1459 650 5126 289 1031 2147 1205 304 41379 3108 869 5543 372 1368 1070 548 71 583 273 146 308 36 139 201 199 204 1247 11694 1000 338
leaf_count=37 1459 650 5126 289 1031 2147 1205 304 41379 3108 869 5543 372 1368 1070 548 71 583 273 146 308 36 139 201 199 204 1247 11694 1000 338
internal_value=3.13517e-10 -0.0620591 -0.0398334 -0.122556 -0.0499926 0.021026 0.225044 0.5566 0.0107136 0.0538015 0.0303979 -0.116133 -0.340995 -0.536547 0.162394 -0.140086 -0.999701 0.147247 -1.93347 0.674852 0.940056 1.50044 1.15954 0.160033 -0.257857 0.124119 0.523222 0.0874714 0.0213087 0.0809327
internal_weight=82944 12211 11561 6435 4976 3945 1798 593 70733 29354 28288 11035 5154 3712 1442 2000 1712 1452 344 1066 830 483 447 347 236 17253 1451 15802 12694 5881
internal_count=82944 12211 11561 6435 4976 3945 1798 593 70733 29354 28288 11035 5154 3712 1442 2000 1712 1452 344 1066 830 483 447 347 236 17253 1451 15802 12694 5881
is_linear=0
shrinkage=0.05


Tree=125
num_leaves=31
num_cat=0
split_feature=4 4 5 12 2 2 7 0 0 4 0 5 7 3 5 7 3 5 5 4 11 6 2 7 4 2 4 8 5 4
split_gain=21818.1 75400.1 153836 381712 273956 206179 190270 139905 109014 107776 200630 103675 84650.2 256188 145146 126488 122990 76643.3 72194.1 346418 260220 299013 214023 202626 192766 183447 155815 148304 138900 473499
threshold=-0.81793260411596802 -0.38490946076045524 1.1210959212062968 -0.34815531191139565 -0.6232063457646454 0.84800751700253252 -0.67395931651126872 -1.1126605282869244 0.31437115989613246 -0.57736419114068327 -1.0523868553393323 1.4032428797398568 -0.74611299300944822 -0.097788472219208014 -1.3068553720381466 -0.081021797575299523 -0.83081918397809018 1.1922423828011943 1.1210959212062968 0.67359155633079737 -0.76213734878520889 0.30811198432835407 -1.6752138833924437 1.7010387896728181 0.81793260411596835 0.87232108526112462 0.52925050854562661 0.74090168677562918 0.36482234569996347 0.67359155633079737
decision_type=2 2 2 2 2 2 2 2 2 2 2 2 2 2 2 2 2 2 2 2 2 2 2 2 2 2 2 2 2 2
left_child=-1 2 12 4 -4 6 7 -5 17 10 -8 -11 13 14 -2 16 -14 -6 28 20 21 26 -22 24 27 -24 -20 -21 -3 -30
right_child=1 18 3 5 8 -7 9 -9 -10 11 -12 -13 15 -15 -16 -17 -18 -19 19 23 22 -23 25 -25 -26 -27 -28 -29 29 -31
leaf_value=0.04275687541533358 0.14422791488030379 0.034931341601715245 0.18495541538680549 0.31793448583781725 -0.42734659299688432 -1.6345028773681518 2.1037483425736427 -2.2191486550228938 -4.3978534999566206 1.5794738550709957 -0.39112005503332042 -0.36078036718669981 -1.2277684764283572 -0.20483169298690088 1.6846552521848555 0.100994788466349 -0.23357714881623701 -1.922174104716396 1.0697229820563485 -1.5750074004674897 3.9613716692537881 -0.13926956592192188 0.011838282034578583 0.78528238802623385 -0.13595314495609487 1.1337878197685356 2.4990016965071362 0.053063413661484628 -0.51066339853458242 0.15867053746591267
leaf_weight=21943 255 29473 226 100 103 163 100 119 39 330 415 87 348 1042 382 3252 2932 512 928 445 37 462 3209 511 4107 411 240 204 5290 5279
leaf_count=21943 255 29473 226 100 103 163 100 119 39 330 415 87 348 1042 382 3252 2932 512 928 445 37 462 3209 511 4107 411 240 204 5290 5279
internal_value=3.22748e-11 -0.0153803 -0.137962 -0.509889 -1.31578 0.0298244 0.26552 -1.06066 -1.83438 0.577144 0.0933204 1.17467 -0.0385818 0.278071 1.068 -0.119975 -0.339058 -1.67182 0.0098284 0.126164 0.41208 0.937497 0.177891 -0.160838 -0.262492 0.13922 1.36341 -1.06326 -0.0208345 -0.176345
internal_weight=82944 61001 10405 2194 880 1314 1151 219 654 932 515 417 8211 1679 637 6532 3280 615 50596 10554 5287 1630 3657 5267 4756 3620 1168 649 40042 10569
internal_count=82944 61001 10405 2194 880 1314 1151 219 654 932 515 417 8211 1679 637 6532 3280 615 50596 10554 5287 1630 3657 5267 4756 3620 1168 649 40042 10569
is_linear=0
shrinkage=0.05


Tree=126
num_leaves=31
num_cat=0
split_feature=3 8 11 0 5 7 4 4 0 4 4 2 5 5 4 8 3 4 4 5 7 4 5 3 6 6 8 7 4 8
split_gain=21696.2 53233.4 63975 42924.7 22713.3 56336.9 261138 197759 185441 133703 169986 153202 105000 75358.7 70025 67434.7 164662 114464 457463 240231 265613 273130 231136 158955 227139 353113 155029 151674 281987 164829
threshold=2.1326918926549117 0.74090168677562918 0.46605794042707133 0.75474993300678117 -1.0822991561714665 -0.90839521789717692 -1.2028420648764235 -1.4193536365541799 -1.1917662258772321 -0.21651157167775612 -0.81793260411596802 -1.6752138833924437 -1.3494002584220433 -1.3937669968154378 -0.67359155633079704 -1.0174668528432229 -2.1031311770546544 -0.52925050854562683 -0.21651157167775612 -1.3293991099845879 1.7010387896728181 -1.1787852235788951 -1.3068553720381466 1.0000000180025095e-35 0.30811198432835407 -0.066328909107543868 0.74090168677562918 -0.44226394673424807 -1.1547283822813665 0.37100531152820115
decision_type=2 2 2 2 2 2 2 2 2 2 2 2 2 2 2 2 2 2 2 2 2 2 2 2 2 2 2 2 2 2
left_child=4 2 3 -2 5 6 7 -1 -9 10 11 -8 -12 -11 -14 16 -7 19 22 -17 23 -22 -19 27 25 -25 -24 29 -29 -21
right_child=1 -3 -4 -5 -6 15 9 8 -10 13 12 -13 14 -15 -16 17 -18 18 -20 20 21 -23 26 24 -26 -27 -28 28 -30 -31
leaf_value=-0.59924291950639019 1.1916926793175415 -1.4744542367236559 -0.96610742541192818 -0.8572309160495506 0.015600188221083248 0.58552320859788343 0.37846486323571704 -1.1765182246764503 -5.1996140409688483 0.34897056541597571 0.27910203648938076 -2.5974121717645997 3.8853884186855581 -0.63081940432624595 1.5684988189309284 -0.12426087874327041 -0.35066827939074008 -0.36909922833771169 0.073457417128550487 1.1385129740853219 -2.3730372813576501 0.58408539796301306 -1.2864557709861943 0.50746064070137675 1.557010368459365 -2.1643819586996802 -3.2894822861598088 2.2401473760449639 -0.32128055787217791 3.4724097444994815
leaf_weight=162 103 86 103 34 64298 554 143 54 61 262 135 62 43 782 135 2257 3086 636 7213 157 141 175 376 683 340 151 130 192 244 146
leaf_count=162 103 86 103 34 64298 554 143 54 61 262 135 62 43 782 135 2257 3086 636 7213 157 141 175 376 683 340 151 130 192 244 146
internal_value=-1.45181e-11 -0.407097 -0.0246274 0.683201 0.00160635 -0.047508 -0.309993 -1.72486 -3.31051 -0.0590856 0.597642 -0.521556 1.33066 -0.384933 2.1282 -0.0182191 -0.208182 0.0356291 -0.0737569 0.239356 0.607541 -0.73539 -1.00358 0.829374 0.467766 0.0237098 -1.80107 1.40384 0.806688 2.2631
internal_weight=82944 326 240 137 82618 18320 1839 277 115 1562 518 205 313 1044 178 16481 3640 12841 8355 4486 2229 316 1142 1913 1174 834 506 739 436 303
internal_count=82944 326 240 137 82618 18320 1839 277 115 1562 518 205 313 1044 178 16481 3640 12841 8355 4486 2229 316 1142 1913 1174 834 506 739 436 303
is_linear=0
shrinkage=0.05


Tree=127
num_leaves=31
num_cat=0
split_feature=6 10 1 3 4 1 5 11 9 3 4 0 4 4 5 2 4 0 3 0 4 4 1 3 2 2 5 5 5 2
split_gain=21693.2 124900 176113 94576.8 144552 148852 132984 107265 99415.7 92344.6 121797 90995.1 89970 181788 158322 100167 158664 110224 140442 151289 115203 108687 93025.7 101719 91221.1 84911.8 83188 88336.1 80493.1 119825
threshold=1.7077461606570974 1.0000000180025095e-35 -2.2160820167546751 -0.60005004301355347 -0.52925050854562683 1.0816218058448215 -0.24472827403648004 1.0000000180025095e-35 0.2887865706671337 0.60366681961495405 -1.4434104778517083 -1.7161338693448003 1.2750125887690096 0.86604628671102535 -1.3494002584220433 0.076279609818578967 -0.12028420648764233 -1.7928167632307976 -1.1205575336597706 -1.3102077170853044 0.16839788908269929 -1.1306715409838382 -0.85249833597276037 0.35456106723498054 -1.6752138833924437 -0.15046424011878376 1.1210959212062968 0.30505838731795659 0.90745195762283271 -1.1184548154775074
decision_type=2 2 2 2 2 2 2 2 2 2 2 2 2 2 2 2 2 2 2 2 2 2 2 2 2 2 2 2 2 2
left_child=-1 3 11 7 6 -6 -5 -2 -7 26 -11 -3 13 15 24 17 -17 21 19 20 -19 -4 -20 -24 -15 -9 27 -8 29 -16
right_child=1 2 12 4 5 8 9 25 -10 10 -12 -13 -14 14 28 16 -18 18 22 -21 -22 -23 23 -25 -26 -27 -28 -29 -30 -31
leaf_value=0.0085358380405145852 1.9631393122785497 0.63637125271682937 0.38561545304663775 0.72665714095956746 -0.16673830768207631 -1.1147115556803424 -0.34904939565375181 0.46038502278872262 -4.4375572929382328 0.31906334876097464 -1.3425112026804253 3.6226891513793698 0.56351223812677476 -1.5993316132575275 2.3757074356079104 -0.44904984900087763 -2.6330044144698022 0.38094072539859747 -0.8565012193870607 -0.12146155074153138 3.0602470364570618 -1.9226835971833856 0.44973585770088942 -2.5756439930200581 -5.142843468983969 -0.87692234984150641 -0.60274070891169595 1.3733224598002864 -1.7361531596042608 -0.97594523521929666
leaf_weight=74628 106 144 77 893 2431 226 112 983 25 191 261 31 191 32 35 323 112 67 388 174 100 151 376 30 42 135 156 222 190 112
leaf_count=74628 106 144 77 893 2431 226 112 983 25 191 261 31 191 32 35 323 112 67 388 174 100 151 376 30 42 135 156 222 190 112
internal_value=-1.76903e-10 -0.0766008 -0.365935 0.0531735 -0.0524679 -0.28643 0.289486 0.443028 -1.44567 -0.124945 -0.640386 1.16538 -0.477593 -0.567611 -1.51631 -0.350751 -1.01136 -0.13992 0.0616056 0.910303 1.98532 -1.14313 -0.302886 0.226186 -3.61051 0.298903 0.350523 0.795761 -1.05645 -0.177933
internal_weight=82944 8316 2575 5741 4517 2682 1835 1224 251 942 452 175 2400 2209 411 1798 435 1363 1135 341 167 228 794 406 74 1118 490 334 337 147
internal_count=82944 8316 2575 5741 4517 2682 1835 1224 251 942 452 175 2400 2209 411 1798 435 1363 1135 341 167 228 794 406 74 1118 490 334 337 147
is_linear=0
shrinkage=0.05


Tree=128
num_leaves=31
num_cat=0
split_feature=1 8 2 0 9 8 4 4 4 9 4 0 12 4 3 4 0 3 6 7 3 9 3 0 4 6 6 4 12 6
split_gain=21295.7 63384.5 32610.7 54322.4 48813.2 37875.9 37208 97049.9 74949.7 32420.1 38464.3 57477.7 43240.2 55843.8 40896.9 42077.4 38190.8 60250.6 52207.1 47875.7 37792.3 35942.3 30366.7 29747.4 27795.6 26811.2 37757.8 26501.1 26041.6 23811.4
threshold=1.9550334553775592 1.0792073135794762 1.6761512849956526 0.57912398970290024 -0.096262190222377877 0.74090168677562918 0.69764839762832587 0.89010312800855373 0.38490946076045557 -0.57757314133426729 -1.4674673191492369 0.70608344974506287 0.69631062382279152 1.6358652082319367 1.268182445975061 -1.2990694300665375 0.19335532162726199 0.99640746287309812 -0.066328909107543868 -0.081021797575299523 0.63698584068744213 -0.19252438044475575 0.62021754813568941 -0.12086320123821627 0.91415996930608234 -0.89145085320788475 1.0000000180025095e-35 -1.0585010170912528 -0.6963106238227913 1.7077461606570974
decision_type=2 2 2 2 2 2 2 2 2 2 2 2 2 2 2 2 2 2 2 2 2 2 2 2 2 2 2 2 2 2
left_child=2 9 -1 4 5 -4 8 22 29 20 16 12 13 23 -14 -16 -11 18 -18 -19 -2 -21 -8 -12 -7 -13 -27 -28 -22 -6
right_child=1 -3 3 -5 6 24 7 -9 -10 10 11 25 14 -15 15 -17 17 19 -20 21 28 -23 -24 -25 -26 26 27 -29 -30 -31
leaf_value=0.00012593594484992991 0.28074564852470918 -1.5420076487213374 0.22077150200352524 0.81605965166309713 0.10843598904498553 -1.8714159354567528 -3.2169648138682052 0.36531314389934222 2.2389062879262149 1.5275999016183264 0.67147512319120206 1.076342120923494 -2.2585335747553752 2.3582140948091235 0.61669067002155575 -1.5033638172149659 2.609320104994425 -2.1041706432898839 0.19126608702514503 -0.35575487295899433 -1.2210271723764508 1.2943677394227548 -0.77129014757546521 -0.40074975990367778 -0.073004929192604567 -0.89527565119940733 1.9003365851217702 0.059891998570166388 -0.34897225565296047 1.2448057620592838
leaf_weight=79874 126 80 66 325 354 70 30 133 54 68 74 114 52 21 44 50 41 30 49 132 152 44 22 514 31 61 31 53 196 53
leaf_count=79874 126 80 66 325 354 70 30 133 54 68 74 114 52 21 44 50 41 30 49 132 152 44 22 514 31 61 31 53 196 53
internal_value=7.18532e-12 -0.164057 0.00391249 0.269683 0.0512669 -0.710727 0.248253 -0.35076 0.488638 -0.104534 0.0181589 -0.140114 -0.360598 -0.175326 -1.13341 -0.510998 0.459061 0.213586 1.29282 -0.257925 -0.461225 0.0567758 -2.18226 -0.26581 -1.31943 0.50261 0.0515372 0.739104 -0.72987 0.256415
internal_weight=82944 1932 81012 1138 813 167 646 185 461 1852 1378 1014 755 609 146 94 364 296 90 206 474 176 52 588 101 259 145 84 348 407
internal_count=82944 1932 81012 1138 813 167 646 185 461 1852 1378 1014 755 609 146 94 364 296 90 206 474 176 52 588 101 259 145 84 348 407
is_linear=0
shrinkage=0.05


Tree=129
num_leaves=31
num_cat=0
split_feature=0 5 11 2 9 3 8 5 11 8 2 6 5 8 3 8 3 6 2 1 12 2 12 5 2 3 0 5 2 1
split_gain=20979 41071.7 34763.2 37941.1 33245.2 151091 137643 183990 176917 211941 144863 142483 136467 149366 140224 152321 124285 109200 117852 100477 99118.4 195927 124556 382219 210821 132757 128191 106279 102671 97498.4
threshold=1.1717357439809941 -0.65128935879477201 0.46605794042707133 1.177662146332213 1.0000000180025095e-35 -0.58074464360926992 -1.7404918888887655 0.36482234569996347 -0.76213734878520889 0.37100531152820115 -1.3171250264318737 -1.0580783826696147 0.90745195762283271 -1.0174668528432229 0.90409664028033532 0.74090168677562918 0.21618429130022185 -0.066328909107543868 0.50514518926975083 -0.55598276240962485 0.34815531191139576 1.0067054660876276 -0.6963106238227913 -0.85925218225375766 0.94203594537298241 0.53364242839630172 0.91241652543633955 -0.85925218225375766 0.27215577412219116 1.0555776676911581
decision_type=2 2 2 2 2 2 2 2 2 2 2 2 2 2 2 2 2 2 2 2 2 2 2 2 2 2 2 2 2 2
left_child=4 -2 3 -3 5 -1 -7 20 9 10 -9 16 14 -14 -13 -16 -10 18 -11 -15 22 -22 27 24 -24 26 28 -8 -25 -30
right_child=1 2 -4 -5 -6 6 7 8 11 17 -12 12 13 19 15 -17 -18 -19 -20 -21 21 -23 23 25 -26 -27 -28 -29 29 -31
leaf_value=0.63344698712712422 -0.56598523780797849 0.0052122202062677937 -0.27576952846271868 -0.76021894510496757 -0.019697607192410208 0.40518780168424107 0.50127467311170115 1.6264291869886851 -0.92138108806823615 -0.29949810868806231 -0.89002386628122521 -0.070012723970722085 2.0818211496919394 -2.1234883386035301 -0.24963912509295139 -1.7666120303801667 1.4927358271147328 0.32773200034703409 -2.5873300198648796 0.356035680080446 -0.036406186093484887 -1.4839561616420747 -1.1800423189665992 1.8200850369591706 0.25798898688689231 0.31328879020351735 0.28519365687644388 -0.038857327728588034 0.55742520908343385 1.9242838312576458
leaf_weight=1067 395 8607 1421 165 41388 2237 1045 59 67 729 1864 4313 125 43 430 269 261 908 61 820 3598 250 570 397 461 2866 638 7088 638 164
leaf_count=1067 395 8607 1421 165 41388 2237 1045 59 67 729 1864 4313 125 43 430 269 261 908 61 820 3598 250 570 397 461 2866 638 7088 638 164
internal_value=2.38861e-11 -0.0657355 -0.0463498 -0.00918542 0.00961921 0.0488004 0.0279377 -0.002568 -0.174632 -0.453363 -0.812816 -0.0151375 -0.0706102 0.466464 -0.176482 -0.833424 0.999608 -0.0462783 -0.476153 0.23249 0.0940657 -0.130452 0.156368 0.334835 -0.537043 0.525969 0.857783 0.0305436 1.16246 0.836932
internal_weight=82944 10588 10193 8772 72356 30968 29901 27664 9949 3621 1923 6328 6000 988 5012 699 328 1698 790 863 17715 3848 13867 5734 1031 4703 1837 8133 1199 802
internal_count=82944 10588 10193 8772 72356 30968 29901 27664 9949 3621 1923 6328 6000 988 5012 699 328 1698 790 863 17715 3848 13867 5734 1031 4703 1837 8133 1199 802
is_linear=0
shrinkage=0.05


Tree=130
num_leaves=31
num_cat=0
split_feature=1 8 2 0 2 0 5 0 2 3 8 5 0 3 11 2 2 3 7 3 2 6 5 8 3 0 0 1 3 1
split_gain=20042.3 83532.5 52825.2 46415.4 43130.1 63734.3 53852.2 49949.4 87381.1 60736.5 52908.9 43678.5 43249.6 41225.9 38405.5 44590.6 37297.6 37075.8 35190.2 43417.4 33958.3 55850 52964.5 117254 77077 38170.4 33298.3 33294.1 39190.9 28641.8
threshold=1.7813136723100536 0.37100531152820115 0.076279609818578967 0.14993241413394157 1.2623166656443179 0.3440789419697764 -1.157767925009574 0.25596000599959218 1.3196167046558733 0.67347251529465746 -1.7404918888887655 -0.99864169796777025 1.2151013450135013 1.769898520573933 0.46605794042707133 1.0452573176909983 1.5519989220804409 1.2418449932573394 1.7010387896728181 1.3515904590587777 1.494533552376071 1.7077461606570974 1.1922423828011943 1.0792073135794762 0.62021754813568941 0.57912398970290024 -0.92027004500428267 1.3121145236149592 0.91647862731940477 0.23464400587075476
decision_type=2 2 2 2 2 2 2 2 2 2 2 2 2 2 2 2 2 2 2 2 2 2 2 2 2 2 2 2 2 2
left_child=20 4 -3 -4 5 14 -6 8 -8 -9 11 13 17 -11 15 -2 -13 -7 19 -12 -1 22 23 25 29 27 -26 28 -22 -24
right_child=1 2 3 -5 6 12 7 9 -10 10 18 16 -14 -15 -16 -17 -18 -19 -20 -21 21 -23 24 -25 26 -27 -28 -29 -30 -31
leaf_value=-0.00040019397663384662 -1.5420836560428144 0.70905675096126897 -0.12039216550029055 -0.96156659993128768 -2.3929540524115929 1.1165997851236316 -2.051978387914855 1.6645033105423577 0.86792179215699439 -2.9776383475823835 -1.6333006081343802 -1.5891239246496789 -0.63819948418573902 -0.0099198186397552492 0.99991275657748069 0.045204664721633453 0.38319419971470048 0.035063500688189551 -0.087650453809060558 -0.25363715704191819 -0.30879990119623191 1.3305334277311776 3.3759180483610738 -3.2834970107445351 -0.90020640189350964 0.48964911421207619 1.0955525830839619 -0.54052941409651856 0.45905110458328802 1.3895010547929032
leaf_weight=78649 80 75 245 496 26 323 29 38 220 22 162 26 55 25 43 99 307 105 114 88 301 107 23 26 57 441 33 272 371 86
leaf_count=78649 80 75 245 496 26 323 29 38 220 22 162 26 55 25 43 99 307 105 114 88 301 107 23 26 57 441 33 272 371 86
internal_value=-1.32572e-10 -0.137229 -0.555458 -0.683445 0.0564571 0.359358 -0.145572 -0.0888972 0.527853 -0.285279 -0.384865 0.0278088 0.681661 -1.39906 -0.34187 -0.664198 0.229199 0.85127 -0.815678 -1.14766 0.00440207 0.224375 0.15086 0.0431605 0.914496 0.10561 -0.168428 -0.0737975 0.115118 1.80865
internal_weight=82944 2578 816 741 1762 705 1057 1031 249 782 744 380 483 47 222 179 333 428 364 250 80366 1717 1610 1411 199 1385 90 944 672 109
internal_count=82944 2578 816 741 1762 705 1057 1031 249 782 744 380 483 47 222 179 333 428 364 250 80366 1717 1610 1411 199 1385 90 944 672 109
is_linear=0
shrinkage=0.05


Tree=131
num_leaves=31
num_cat=0
split_feature=6 5 2 0 11 1 4 4 0 4 4 5 3 4 1 5 3 9 9 4 2 4 1 5 4 3 5 9 3 3
split_gain=20021.9 112080 137599 179578 148725 91465.9 112343 81577.6 113271 110315 137834 197151 167671 75285.1 181251 155768 100153 95783.7 80119.3 266298 157389 79732.1 86980.4 79642.8 77988.6 68094.8 157493 106576 67954.3 63736.8
threshold=1.7077461606570974 -1.4141003550473299 -1.8169679628284221 -0.75231536578290303 -0.76213734878520889 -2.1434749563259645 0.38490946076045557 -0.74576208022338231 -0.66837103177013402 1.2750125887690096 0.84198944541349674 -1.3494002584220433 -1.1205575336597706 -0.52925050854562683 1.0816218058448215 -0.90745195762283293 -0.66145708881861809 0.2887865706671337 -0.096262190222377877 0.072170523892585367 -1.3938692458926663 0.38490946076045557 -0.53642220961075304 -0.85925218225375766 0.072170523892585367 0.62843086497424028 1.1210959212062968 -1.2514084728909125 -1.4917422609740691 -0.64015823512834957
decision_type=2 2 2 2 2 2 2 2 2 2 2 2 2 2 2 2 2 2 2 2 2 2 2 2 2 2 2 2 2 2
left_child=-1 -2 3 5 7 6 -3 8 -4 10 12 -12 -9 15 16 -6 21 23 24 20 -20 -15 -23 -16 -18 26 27 -17 -8 -7
right_child=1 2 4 -5 13 29 28 9 -10 -11 11 -13 -14 14 17 25 18 -19 19 -21 -22 22 -24 -25 -26 -27 -28 -29 -30 -31
leaf_value=0.0082004368318769217 -1.6517656247895045 -0.43195147119900756 -0.2096578797577201 3.5847251968383791 0.97350017278595313 -0.4498157267963861 1.5528626984397396 0.62679271320442842 1.9970068238783576 0.57076554205146079 -4.7101445737092389 -1.1790328759448172 -0.8359923430549151 1.2604838598330144 -2.373807394814182 -0.25739388386256823 0.53619424393803949 -4.219066271075496 1.5552232411929541 0.19683774945040336 -1.9813410129715536 0.43599617837057902 -1.3903573274612429 -0.39338032298240089 -0.19611534919555026 -0.32963226079244717 -0.46152198580506876 1.4341559338956054 4.5344317353290062 2.073269561358861
leaf_weight=74628 111 68 370 50 565 236 113 252 69 171 46 281 880 236 77 131 531 27 35 479 311 397 78 149 1153 772 355 322 23 28
leaf_count=74628 111 68 370 50 565 236 113 252 69 171 46 281 880 236 77 131 531 27 35 479 311 397 78 149 1153 772 355 322 23 28
internal_value=-4.38669e-10 -0.0735909 -0.0522409 0.736533 -0.105394 0.432239 1.22742 -0.467799 0.137176 -0.630733 -0.771553 -1.67576 -0.510355 0.0280732 -0.115772 0.260975 -0.014523 -1.40439 -0.162966 -0.566641 -1.6236 0.509306 0.13609 -1.06813 0.034797 0.00617924 0.327029 0.944988 2.0571 -0.182216
internal_weight=82944 8316 8205 518 7687 468 204 2069 439 1630 1459 327 1132 5618 3473 2145 3220 253 2509 825 346 711 475 226 1684 1580 808 453 136 264
internal_count=82944 8316 8205 518 7687 468 204 2069 439 1630 1459 327 1132 5618 3473 2145 3220 253 2509 825 346 711 475 226 1684 1580 808 453 136 264
is_linear=0
shrinkage=0.05


Tree=132
num_leaves=31
num_cat=0
split_feature=0 9 5 2 5 6 4 5 4 9 8 4 6 4 2 5 8 2 4 8 0 8 0 4 1 4 4 0 5 5
split_gain=19747.4 35878.2 35500.7 47592.9 36999.5 41917.8 44607.3 38921.2 33847.5 33006.6 99286.1 121583 111787 94161.2 88205.1 88039.4 207060 84774.8 79270.2 158984 132026 115190 152933 143776 120161 221968 247129 143050 109042 108878
threshold=1.1059526493479568 -0.48131095111188943 0.061466547291727118 0.10656507264677506 -0.24472827403648004 -0.89145085320788475 -0.89010312800855329 -0.59600457818367603 -1.4193536365541799 1.0000000180025095e-35 -1.7404918888887655 -0.74576208022338231 -0.066328909107543868 -1.4434104778517083 -0.8252990427568957 -0.90745195762283293 1.0152913959672809 -1.8169679628284221 -1.0585010170912528 0.74090168677562918 0.083014881063904658 1.0000000180025095e-35 -0.096953016752578433 -0.74576208022338231 0.14605135898426411 0.67359155633079737 0.96227365190113923 0.84824512631311999 0.30505838731795659 0.90745195762283271
decision_type=2 2 2 2 2 2 2 2 2 2 2 2 2 2 2 2 2 2 2 2 2 2 2 2 2 2 2 2 2 2
left_child=9 2 3 -2 5 6 8 -7 -5 10 11 13 14 -1 -12 16 -16 -14 19 -19 -21 22 23 -20 25 27 29 28 -23 -27
right_child=1 -3 -4 4 -6 7 -8 -9 -10 -11 12 -13 17 -15 15 -17 -18 18 21 20 -22 24 -24 -25 -26 26 -28 -29 -30 -31
leaf_value=0.00058208744997946212 -0.44846832257388414 -0.4201699423073576 0.059773819792565235 0.15202044219170746 -0.17991650123156169 -0.64737533123486424 0.050255428216983589 0.030069164314421089 1.0974457488903606 -0.018630819952827175 1.0988135784069699 0.16519615404997737 3.3574358916282656 1.4957757880013633 -0.4432933201579487 -0.16830801075952062 1.0859057299115442 0.074912200903206008 0.99454549455988239 0.89528226543147627 -1.0032054236784222 1.221097587541851 0.11292892598653453 -0.72269788594645279 0.15532783193224151 2.8657076615290564 0.3008417353752349 -0.61247166459420421 0.25685423195737656 -0.73291339472584105
leaf_weight=149 925 650 5126 152 2988 253 557 1309 251 41379 150 1540 20 359 425 9235 462 2456 138 106 673 418 4783 1044 5594 244 223 330 982 23
leaf_count=149 925 650 5126 152 2988 253 557 1309 251 41379 150 1540 20 359 425 9235 462 2456 138 106 673 418 4783 1044 5594 244 223 330 982 23
internal_value=-1.76752e-10 -0.0587176 -0.0383955 -0.116595 -0.0608816 0.0801478 0.340165 -0.0796578 0.740859 0.0101367 0.050689 0.386461 0.0255055 1.05722 -0.104772 -0.122608 0.3532 0.104066 0.100242 -0.122496 -0.744875 0.152536 -0.0129271 -0.522208 0.278846 0.590089 1.52952 0.324008 0.54475 2.55571
internal_weight=82944 12211 11561 6435 5510 2522 960 1562 403 70733 29354 2048 27306 508 10272 10122 887 17034 17014 3235 779 13779 5965 1182 7814 2220 490 1730 1400 267
internal_count=82944 12211 11561 6435 5510 2522 960 1562 403 70733 29354 2048 27306 508 10272 10122 887 17034 17014 3235 779 13779 5965 1182 7814 2220 490 1730 1400 267
is_linear=0
shrinkage=0.05


Tree=133
num_leaves=31
num_cat=0
split_feature=3 8 11 0 5 1 0 3 6 0 0 5 1 2 11 8 0 8 0 3 7 2 1 2 0 1 7 11 1 0
split_gain=20134.8 42807.1 56835.5 38346.6 19734.4 56498.3 120997 93202.3 78106.8 70694.5 75852.1 70965.2 63188.1 58133.7 55039.4 126043 141022 121478 81861.8 64818.9 99145.5 67607.3 56318.9 56018.9 77304.5 52619.1 51197.4 163358 47838.2 69453.7
threshold=2.1326918926549117 0.74090168677562918 0.46605794042707133 0.75474993300678117 -1.1210959212062963 0.078696315510152728 0.49722644426876567 1.769898520573933 -1.0580783826696147 0.35635169854651122 0.33660453536144602 -1.157767925009574 -0.61030465024264591 0.8841753816478094 0.46605794042707133 -1.0174668528432229 0.66465261430782085 1.0000000180025095e-35 0.039344315026045372 -0.49086458611148398 -0.44226394673424807 0.70318873836464235 0.48842395120789656 0.049937131416298484 -0.26850315689329679 0.064731816860152905 -0.90839521789717692 1.0000000180025095e-35 0.25003078317862987 -0.19329766734559714
decision_type=2 2 2 2 2 2 2 2 2 2 2 2 2 2 2 2 2 2 2 2 2 2 2 2 2 2 2 2 2 2
left_child=4 2 3 -2 5 6 8 14 -1 10 25 12 -11 -14 15 16 -7 23 22 20 21 -17 -19 -16 -25 -10 27 -21 -28 -30
right_child=1 -3 -4 -5 -6 7 -8 -9 9 11 -12 -13 13 -15 17 19 -18 18 -20 26 -22 -23 -24 24 -26 -27 28 -29 29 -31
leaf_value=0.75224807340605759 1.0985752814349909 -1.3493148242318354 -0.9365932884725553 -0.83800534627893397 0.014075901290324265 -1.4009139096862835 1.4896522762378057 2.3439689881461008 -0.033109519393472196 -0.012830937306086225 2.5777438636337009 0.64566875131506674 -3.8200202725150372 -0.62256320863962178 1.7204208025974888 4.7931561061314181 2.0065215755911434 -0.26156077908497616 -2.4774330922835315 1.3642983622848988 -0.42217500692064114 1.3692995655795803 -1.1231794826897612 -0.73593583552143249 0.95963998470041489 1.7609421305540132 -0.481036978384837 -3.3776503236520861 0.47750153355349645 -0.21167530879955293
leaf_weight=324 103 86 103 34 65422 284 135 35 12975 30 28 38 44 21 56 21 34 371 71 32 55 46 388 158 117 41 386 42 757 707
leaf_count=324 103 86 103 34 65422 284 135 35 12975 30 28 38 44 21 56 21 34 371 71 32 55 46 388 158 117 41 386 42 757 707
internal_value=-6.95705e-11 -0.392175 -0.0492002 0.617964 0.00154747 -0.0461168 0.000191159 -0.223492 -0.0147023 -0.0335604 -0.021866 -1.18048 -1.91094 -2.787 -0.248984 -0.110526 -1.0366 -0.53091 -0.853892 0.0334089 1.15102 2.44245 -0.702019 0.278984 -0.0145454 -0.0274583 -0.0374583 -1.32708 0.0141265 0.144682
internal_weight=82944 326 240 137 82618 17196 13636 3560 13501 13177 13044 133 95 65 3525 2364 318 1161 830 2046 122 67 759 331 275 13016 1924 74 1850 1464
internal_count=82944 326 240 137 82618 17196 13636 3560 13501 13177 13044 133 95 65 3525 2364 318 1161 830 2046 122 67 759 331 275 13016 1924 74 1850 1464
is_linear=0
shrinkage=0.05


Tree=134
num_leaves=31
num_cat=0
split_feature=4 6 5 7 0 2 0 1 2 5 5 4 3 6 3 4 6 4 4 4 1 0 5 4 0 1 2 4 3 2
split_gain=18699.1 71007.9 165420 214482 143628 122766 113978 167684 211232 112511 105467 152557 152123 120772 133807 97277.5 92862.8 165182 103805 83352.1 80212 77956 77307.4 76983.6 76531.4 103355 119977 90258.7 101387 126916
threshold=-0.81793260411596802 1.0000000180025095e-35 -0.36482234569996336 -0.081021797575299523 0.43497371752818054 -0.9991573580571832 -0.014248423378053996 0.6573002429629603 -0.6232063457646454 -1.4141003550473299 -0.95394520574413588 -1.1787852235788951 0.58673866806726671 1.7077461606570974 -2.9392621052187606 -1.6358652082319363 1.1133806251249947 -1.2509557474714805 -1.1306715409838382 -0.96227365190113912 0.44571838856000884 -0.014248423378053996 0.90745195762283271 -1.1306715409838382 -1.1917662258772321 -2.0136052233686188 -1.7194624959415454 -1.4193536365541799 0.0079119297267925322 -1.3938692458926663
decision_type=2 2 2 2 2 2 2 2 2 2 2 2 2 2 2 2 2 2 2 2 2 2 2 2 2 2 2 2 2 2
left_child=1 6 3 9 5 -5 7 24 -9 -3 11 13 19 14 -11 -16 18 -18 21 23 -12 -7 -10 -13 -1 26 -26 28 29 -27
right_child=-2 2 -4 4 -6 16 -8 8 22 10 20 12 -14 -15 15 -17 17 -19 -20 -21 -22 -23 -24 -25 25 27 -28 -29 -30 -31
leaf_value=0.20616250989897106 -0.014238614184736459 -1.2415026268272689 -0.032499358386387615 0.27259567468783952 0.65599922100304542 1.6041282626404159 0.088321099819930096 1.9430627153619477 -1.3575006362488262 1.1751849464208319 1.4414042759026198 0.74609354748218149 1.7917015782211507 0.99197138911195093 0.83593125220607323 3.8055218030328621 -2.4524808215144689 -0.1704664893201645 -1.4271364679378746 0.91433953075181873 0.10469203272868287 -0.28906639746550855 -3.5287246115505697 -1.4924585780464954 -0.98035625405209048 -1.3238886551016329 -5.2491167688369753 -0.031993543249752218 -1.1100858240013001 0.25353252118472586
leaf_weight=1241 61001 66 5134 522 586 87 7809 46 281 138 141 54 140 341 34 146 167 151 113 105 550 145 48 133 93 173 20 2502 492 485
leaf_count=1241 61001 66 5134 522 586 87 7809 46 281 138 141 54 140 341 34 146 167 151 113 105 550 145 48 133 93 173 20 2502 492 485
internal_value=8.42365e-11 0.039583 0.149996 0.408888 0.0156882 -0.300955 -0.0336879 -0.210749 -1.23055 0.785704 0.860786 1.16691 0.436657 1.64562 2.34655 3.2446 -0.752529 -1.36888 -0.184411 -0.213022 0.377451 0.420882 -1.67427 -0.846032 -0.134356 -0.246596 -1.73589 -0.200515 -0.567158 -0.1612
internal_weight=82944 21943 8753 3619 1771 1185 13190 5381 375 1848 1782 1091 432 659 318 180 663 318 345 292 691 232 329 187 5006 3765 113 3652 1150 658
internal_count=82944 21943 8753 3619 1771 1185 13190 5381 375 1848 1782 1091 432 659 318 180 663 318 345 292 691 232 329 187 5006 3765 113 3652 1150 658
is_linear=0
shrinkage=0.05


Tree=135
num_leaves=31
num_cat=0
split_feature=0 5 5 2 5 7 11 12 4 5 1 5 2 11 7 0 9 3 5 5 4 4 4 3 1 3 4 4 1 3
split_gain=18678.5 32449.8 35537.6 47135.7 32248.1 84004.8 95687.7 59124.3 46318.3 57922.9 32166 45934.8 63900 40875.9 29391.9 28900.3 27750.5 133619 123502 170209 167330 233213 215072 138538 96708.5 82693 81259.6 155061 145974 114452
threshold=1.1059526493479568 0.80943899875565395 0.061466547291727118 0.10656507264677506 0.30505838731795659 0.50473852548845832 1.0000000180025095e-35 0.34815531191139576 -0.52925050854562683 0.59600457818367614 0.73698539892229065 -0.24472827403648004 0.59529323858038585 1.0000000180025095e-35 0.50473852548845832 1.324319042103471 1.0000000180025095e-35 -0.5627379280090985 0.30505838731795659 0.70535813777133538 0.67359155633079737 0.98633049319866772 -0.12028420648764233 0.58673866806726671 0.40000884684451582 0.084225062776036183 -0.31273893686786985 1.2750125887690096 0.54745167644420667 0.86786249057214315
decision_type=2 2 2 2 2 2 2 2 2 2 2 2 2 2 2 2 2 2 2 2 2 2 2 2 2 2 2 2 2 2
left_child=16 2 3 14 7 8 -7 -4 9 -6 11 12 -5 -14 -2 -15 17 -1 -19 20 22 -22 23 -20 -24 -26 29 28 -28 -21
right_child=1 -3 4 10 5 6 -8 -9 -10 -11 -12 -13 13 15 -16 -17 -18 18 19 26 21 -23 24 -25 25 -27 27 -29 -30 -31
leaf_value=0.57486090222696984 -0.48528068037049615 -0.61746943083448202 0.4664421096149447 0.01810522238970292 0.17497321031111815 -1.0875332731655809 -0.020279035771497034 -0.021274284316384316 -0.10734226053438817 1.1798175811322054 -0.30450189225952579 -0.1412236258673549 -0.13623014312636639 1.4672671424702575 1.0318600496107881 0.54997665836080833 -0.016519204572814968 0.10894071879310566 0.11778384583746229 0.51195231879673064 1.2424717480461875 -0.22912671444423119 -0.78733159636997296 -0.81640024180422088 -3.3708849703414105 -1.0311314104170335 -0.17062692527289153 0.46189780426918414 -1.4886752661717297 -0.215030855103366
leaf_weight=1152 979 253 1054 1463 638 367 491 1514 985 185 1130 2660 112 156 33 191 41379 17236 1439 1775 361 1059 1557 548 70 82 2134 929 233 779
leaf_count=1152 979 253 1054 1463 638 367 491 1514 985 185 1130 2660 112 156 33 191 41379 17236 1439 1775 361 1059 1557 548 70 82 2134 929 233 779
internal_value=-1.21659e-10 -0.0571063 -0.0452505 -0.121298 0.0524467 -0.0693603 -0.476785 0.178902 0.123986 0.40085 -0.0655764 -0.00665331 0.179589 0.694295 -0.435809 0.962361 0.00985855 0.0470421 0.0254816 -0.105697 -0.316341 0.144991 -0.493584 -0.139857 -0.904851 -2.10865 0.078518 -0.0855207 -0.300371 0.290214
internal_weight=82944 12211 11958 6724 5234 2666 858 2568 1808 823 5712 4582 1922 459 1012 347 70733 29354 28202 10966 5116 1420 3696 1987 1709 152 5850 3296 2367 2554
internal_count=82944 12211 11958 6724 5234 2666 858 2568 1808 823 5712 4582 1922 459 1012 347 70733 29354 28202 10966 5116 1420 3696 1987 1709 152 5850 3296 2367 2554
is_linear=0
shrinkage=0.05


Tree=136
num_leaves=31
num_cat=0
split_feature=6 5 2 0 10 1 4 4 4 5 2 4 4 1 5 9 2 11 4 2 5 1 1 0 5 2 1 0 0 4
split_gain=19839.5 97859.4 123688 158397 126652 76937.1 101815 73135 177100 178158 88177.5 130831 63568.1 163566 133607 86015.3 76538.2 76217.7 76583.1 80693.3 70625.3 68757.7 59783.6 58744.5 58111.9 86562.1 94837.4 69569.9 49914.1 48383.2
threshold=1.7077461606570974 -1.4141003550473299 -1.8169679628284221 -0.70173724245530045 1.0000000180025095e-35 -2.1434749563259645 0.43302314335551256 1.2750125887690096 0.84198944541349674 -1.3494002584220433 0.076279609818578967 -0.12028420648764233 -0.52925050854562683 1.0816218058448215 -0.24472827403648004 0.2887865706671337 -1.4192416304993081 1.0000000180025095e-35 -1.4193536365541799 1.0630549266973897 -0.90745195762283293 -2.0136052233686188 -0.99277379819044054 0.12759517423663413 0.70535813777133538 -1.057739692964957 -1.0328724360695287 -1.2770697416143422 -0.12086320123821627 -1.4193536365541799
decision_type=2 2 2 2 2 2 2 2 2 2 2 2 2 2 2 2 2 2 2 2 2 2 2 2 2 2 2 2 2 2
left_child=-1 -2 3 5 12 6 -3 8 10 -10 -6 -12 14 16 29 20 -14 23 -19 -20 -15 -18 -23 -16 -11 26 27 -26 -13 -4
right_child=1 2 4 -5 7 -7 -8 -9 9 24 11 28 13 15 17 -17 21 18 19 -21 -22 22 -24 -25 25 -27 -28 -29 -30 -31
leaf_value=0.0081629987028867586 -1.5479149613563006 -0.35999466917464429 0.13315923960088438 3.6379865635009043 -0.075205751739337412 -0.11569177592447139 1.9849711753259927 0.55224990042155253 -4.4705124647721002 -0.26250263809138896 -0.40174693368871239 -3.5603082094192504 1.3969954065738186 -2.3514765421549479 -1.4609986433928663 -4.0041443462725042 -2.092672749699616 0.28264997725635371 -0.4908809308074446 -3.0673431575298311 -0.43223362997838644 0.51466089173148788 -0.12021397171057094 1.3375554135582579 -0.59560964417223838 -3.0689921959586766 2.1355798677964644 -3.959529009732333 -1.4370155609903799 0.89266365717298213
leaf_weight=74628 111 71 302 42 1136 272 133 171 46 117 323 50 93 69 22 27 41 372 604 32 157 431 2655 127 51 69 22 22 62 686
leaf_count=74628 111 71 302 42 1136 272 133 171 46 117 323 50 93 69 22 27 41 372 604 32 157 431 2655 127 51 69 22 22 62 686
internal_value=8.71974e-11 -0.073255 -0.0533053 0.694534 -0.1037 0.434818 1.16883 -0.438131 -0.527359 -1.58599 -0.307007 -0.912355 0.0194651 -0.112713 0.233477 -1.33686 -0.0165305 -0.131179 -0.287204 -0.620514 -1.0182 -0.0585701 -0.0315454 0.924346 -1.11379 -1.72112 -0.742137 -1.60939 -2.38491 0.660507
internal_weight=82944 8316 8205 518 7687 476 204 2069 1898 327 1571 435 5618 3473 2145 253 3220 1157 1008 636 226 3127 3086 149 281 164 95 73 112 988
internal_count=82944 8316 8205 518 7687 476 204 2069 1898 327 1571 435 5618 3473 2145 253 3220 1157 1008 636 226 3127 3086 149 281 164 95 73 112 988
is_linear=0
shrinkage=0.05


Tree=137
num_leaves=31
num_cat=0
split_feature=1 8 0 3 5 4 8 9 5 4 4 8 5 0 1 5 4 5 5 3 0 5 3 4 4 5 4 4 4 9
split_gain=19785.1 73023.9 42465 35701.8 54019.7 33962.6 61920.1 153305 53296.9 163348 48289.3 70972.3 49461.6 34410.7 29986 28712.2 28393.8 108424 61483.9 50890.2 49481.8 36203.5 31702.2 25283.1 25192.4 33500.6 28241.6 23572.5 20234.5 19803.4
threshold=1.7813136723100536 0.37100531152820115 0.72553946197796038 1.5342840617767599 0.65128935879477212 -1.0344441757937244 1.0000000180025095e-35 1.0000000180025095e-35 0.95394520574413566 -1.3952967952566515 -0.48113682595056956 -1.0174668528432229 -0.70535813777133527 0.88166158069034728 2.4897801535579531 -0.95394520574413588 -1.4434104778517083 0.65128935879477212 0.70535813777133538 1.3252395340690633 0.51931816802855468 -0.85925218225375766 1.6949883732533766 1.6839788908269935 -1.3471831126615943 0.95394520574413566 -0.21651157167775612 -1.3712399539591229 -0.74576208022338231 0.19252438044475581
decision_type=2 2 2 2 2 2 2 2 2 2 2 2 2 2 2 2 2 2 2 2 2 2 2 2 2 2 2 2 2 2
left_child=-1 5 3 24 -5 6 8 13 16 -10 11 15 -13 27 -11 -7 18 20 22 -19 21 -18 -2 29 25 -3 -26 -8 -14 -12
right_child=1 2 -4 4 -6 10 7 -9 9 14 23 12 28 -15 -16 -17 17 19 -20 -21 -22 -23 -24 -25 26 -27 -28 -29 -30 -31
leaf_value=0.0043737304511117549 -1.9892081624752767 0.86905431110607945 -1.4364039954100107 -0.53895703363988523 -2.7538247214423288 -2.8906253210333892 0.51627316158002534 -2.5406246350361754 1.9202306490391494 -2.7794127578536671 0.092627370891159133 0.56360450228578163 -0.66802461860934281 2.5451756469408675 -0.35041809912633015 -0.9618466973304749 -0.1910495942111673 -2.1032619730325846 0.23143088520719457 0.05642326899031376 1.6178609430120234 1.4609356694443283 -0.48193895405892173 1.8213367933034896 -0.79986810435563693 -1.2216966300271452 0.0088812628434154026 2.059268725918312 -2.4900338578224184 -1.2151732275562903
leaf_weight=80366 74 95 111 117 36 43 71 26 112 24 437 95 64 60 27 35 145 65 130 47 89 43 66 20 205 24 228 38 20 31
leaf_count=80366 74 95 111 117 36 43 71 26 112 24 437 95 64 60 27 35 145 65 130 47 89 43 66 20 205 24 228 38 20 31
internal_value=1.79404e-10 -0.136346 -0.527384 -0.384261 -1.0601 0.044748 0.23263 1.03365 0.0426068 0.852139 -0.21173 -0.766433 -0.217943 1.58354 -1.49347 -2.02515 -0.157626 0.115803 -0.551568 -1.19697 0.646598 0.186798 -1.27864 0.0803986 -0.196936 0.44739 -0.374014 1.0542 -1.10184 0.00599955
internal_weight=82944 2578 816 705 153 1762 1017 195 822 163 745 257 179 169 51 78 659 389 270 112 277 188 140 488 552 119 433 109 84 468
internal_count=82944 2578 816 705 153 1762 1017 195 822 163 745 257 179 169 51 78 659 389 270 112 277 188 140 488 552 119 433 109 84 468
is_linear=0
shrinkage=0.05


Tree=138
num_leaves=31
num_cat=0
split_feature=3 8 11 0 6 6 5 2 0 10 1 4 3 4 4 5 3 3 3 4 1 5 3 5 5 5 1 4 0 2
split_gain=18421.8 37665.4 51298.2 34203.6 19088.5 18629.9 88358.5 111527 142953 114422 69435.7 92046.1 68808.1 65978.9 159896 160788 139850 61210.3 61006 105209 117182 90608.5 85543 99916.3 60773.6 71706.1 57037.9 55722.8 84043 58284.9
threshold=2.1326918926549117 0.74090168677562918 0.46605794042707133 0.75474993300678117 -0.89145085320788475 1.7077461606570974 -1.4141003550473299 -1.8169679628284221 -0.70173724245530045 1.0000000180025095e-35 -2.1434749563259645 0.38490946076045557 -0.64015823512834957 1.2750125887690096 0.84198944541349674 -1.3494002584220433 -1.1205575336597706 -1.4917422609740691 -0.73279189764498642 -0.52925050854562683 1.1098561576586909 -0.90745195762283293 0.62843086497424028 1.1210959212062968 1.1210959212062968 -0.90745195762283293 -0.38759907846008496 -0.60142103243821221 -0.096953016752578433 0.0088020535528678199
decision_type=2 2 2 2 2 2 2 2 2 2 2 2 2 2 2 2 2 2 2 2 2 2 2 2 2 2 2 2 2 2
left_child=5 2 3 -2 -4 -1 -7 8 10 18 11 -8 -12 14 16 -16 -11 -13 26 21 -21 -20 23 -23 25 -22 -9 -18 -29 -30
right_child=1 -3 4 -5 -6 6 7 9 -10 13 12 17 -14 -15 15 -17 27 -19 19 20 24 22 -24 -25 -26 -27 -28 28 29 -31
leaf_value=0.0094233801877926706 1.0343345772872852 -1.2729407187464625 -1.8055535219811105 -0.79464112651698737 -0.38681724848169274 -1.4707378967388258 -0.39183837147977424 0.5482755778853301 3.4558685722805209 0.57359818948093266 -0.4207252774955863 1.3826142013204836 1.9260257879892988 0.52441872103869569 -4.2472054937611459 -1.058323429140438 -0.13317064922149024 4.212367833178976 0.82783922794625442 -0.15046295179504723 -2.3566981919032215 0.8620767050749617 -0.32108973306866118 -0.51167494785737866 -3.9598762845993045 -0.41261190779024748 -0.64403457285795851 -1.1854981879232473 0.83771460290288646 -0.77535870219173386
leaf_weight=74302 103 86 37 34 66 111 68 785 42 360 236 113 36 171 46 281 484 23 481 2594 72 453 772 187 20 139 115 502 105 120
leaf_count=74302 103 86 37 34 66 111 68 785 42 360 236 113 36 171 46 281 484 23 481 2594 72 453 772 187 20 139 115 502 105 120
internal_value=-2.52682e-10 -0.375122 -0.0534031 0.580428 -0.89646 0.00148018 -0.0694909 -0.0505344 0.659589 -0.0983871 0.412858 1.11017 -0.110126 -0.416262 -0.501013 -1.50691 -0.291637 1.86118 0.0186802 -0.0532825 -0.246561 0.235154 0.0332551 0.460684 -1.32568 -1.076 0.395925 -0.54885 -0.825589 -0.0225912
internal_weight=82944 326 240 137 103 82618 8316 8205 518 7687 476 204 272 2069 1898 327 1571 136 5618 4718 2825 1893 1412 640 231 211 900 1211 727 225
internal_count=82944 326 240 137 103 82618 8316 8205 518 7687 476 204 272 2069 1898 327 1571 136 5618 4718 2825 1893 1412 640 231 211 900 1211 727 225
is_linear=0
shrinkage=0.05


Tree=139
num_leaves=31
num_cat=0
split_feature=1 11 4 4 5 8 5 2 4 7 7 6 7 3 1 7 3 6 1 0 3 6 0 4 3 5 2 4 2 4
split_gain=17778 75930.8 157129 392236 196273 99934.9 95473.6 104665 98523.1 248924 155434 185147 139133 138536 127067 126521 122871 110316 83005.4 82236.6 98490.9 210231 124853 103327 75935.9 74868.2 72873.3 72367.9 72071.7 71941.2
threshold=0.13362434295243888 -0.76213734878520889 0.89010312800855373 0.57736419114068349 0.90745195762283271 -0.27754979391328816 -1.0822991561714665 -0.56653928851149116 -0.74576208022338231 -0.90839521789717692 1.7010387896728181 -0.89145085320788475 1.0000000180025095e-35 0.031031153468385444 1.1098561576586909 -0.74611299300944822 0.86786249057214315 -0.066328909107543868 0.22918533593104026 0.12759517423663413 -0.1909371504334175 1.0000000180025095e-35 1.0000000180025095e-35 -1.1306715409838382 0.12016439031631974 1.1210959212062968 1.5519989220804409 -1.1306715409838382 0.083211815551208948 0.84198944541349674
decision_type=2 2 2 2 2 2 2 2 2 2 2 2 2 2 2 2 2 2 2 2 2 2 2 2 2 2 2 2 2 2
left_child=-1 2 3 26 24 -4 8 -8 9 -3 11 14 13 15 -11 -10 19 -15 -19 20 22 -22 -13 -23 -5 -6 28 -12 -2 -17
right_child=1 6 5 4 25 -7 7 -9 12 10 27 16 -14 17 -16 29 -18 18 -20 -21 21 23 -24 -25 -26 -27 -28 -29 -30 -31
leaf_value=0.023230521724694166 0.2291019078969932 -2.8591644189251006 -0.32540114362261585 0.70822418554740796 -3.0064802819842935 0.44292673803197807 1.0115270265996674 0.029813970638197629 0.17571897535201383 0.26965372396710641 -2.2087116113235785 0.56683816185397828 0.11226007552646533 0.32209957311075343 -1.7593969364318447 -1.8427953837326152 2.0612043954886845 0.98556964423345483 -1.330704591567379 1.520198343324024 -2.3655767173568409 1.5709489127167009 4.3461851670191844 -0.80386208535372461 -1.0941615623471772 -1.4424894391229521 2.5926434914271042 0.34401127641520851 -0.25184799083864523 -0.62274345162223632
leaf_weight=41325 942 67 598 85 186 1448 274 29785 136 192 86 137 741 397 129 444 172 46 243 159 90 109 26 79 187 130 24 41 4500 166
leaf_count=41325 942 67 598 85 186 1448 274 29785 136 192 86 137 741 397 129 444 172 46 243 159 90 109 26 79 187 130 24 41 4500 166
internal_value=-3.59349e-11 -0.0230664 -0.16045 -0.288473 -1.51554 0.218362 0.010133 0.0387627 -0.23859 0.1081 0.271057 0.463435 -0.443923 -0.731725 -0.545759 -1.20332 0.883061 -0.21888 -0.962024 0.545326 0.193841 -0.378322 1.16968 0.573023 -0.530916 -2.36307 -0.156472 -1.3846 -0.168596 -1.51078
internal_weight=82944 41619 8100 6054 588 2046 33519 30059 3460 1287 1220 1093 2173 1432 321 746 772 686 289 600 441 278 163 188 272 316 5466 127 5442 610
internal_count=82944 41619 8100 6054 588 2046 33519 30059 3460 1287 1220 1093 2173 1432 321 746 772 686 289 600 441 278 163 188 272 316 5466 127 5442 610
is_linear=0
shrinkage=0.05


Tree=140
num_leaves=31
num_cat=0
split_feature=0 5 5 1 1 5 4 6 3 0 5 6 11 7 5 8 4 5 0 6 1 6 5 1 10 3 4 5 0 5
split_gain=18275.5 29420.1 31770.2 36681 36292.1 38239.4 30254.6 34326.9 31542.2 37530.6 29387.1 30623.2 29427.8 98457 39283.1 28183.1 27785.1 33819.5 26560.2 40833.8 25752.5 24381.1 79032.2 76163.2 87744.6 78324.6 100837 98590.8 244993 84091.2
threshold=1.1059526493479568 0.80943899875565395 0.061466547291727118 0.19389591839027923 0.73698539892229065 -0.24472827403648004 -0.69764839762832598 -0.89145085320788475 0.92929627283235094 1.347084208187084 0.18394424571997578 -0.066328909107543868 1.0000000180025095e-35 0.50473852548845832 0.30505838731795659 1.0792073135794762 -0.52925050854562683 0.65128935879477212 1.0902681220763102 -0.91243033262339701 0.19389591839027923 1.7077461606570974 -1.4141003550473299 -2.2160820167546751 1.0000000180025095e-35 -0.60005004301355347 -0.52925050854562683 1.1577679250095743 -0.29884430116203531 -0.24472827403648004
decision_type=2 2 2 2 2 2 2 2 2 2 2 2 2 2 2 2 2 2 2 2 2 2 2 2 2 2 2 2 2 2
left_child=18 2 3 -2 5 6 7 8 9 -5 11 -4 13 16 -15 -14 17 -12 21 -20 -13 -1 -23 -24 25 -25 29 -28 -29 -27
right_child=1 -3 10 4 -6 -7 -8 -9 -10 -11 12 20 15 14 -16 -17 -18 -19 19 -21 -22 22 23 24 -26 26 27 28 -30 -31
leaf_value=0.018373858069986749 -0.33943299209978306 -0.59004917386551148 0.043197491463462384 1.9862053703898803 -0.29871674916703067 -0.12829583303214706 0.03828575562809905 0.10773844081500834 -0.28864363630612694 0.66630542318111863 0.15494767169450752 0.87257955219528904 0.16483774419100083 0.23451536331989176 -1.0354876732062903 -0.32251659504430635 -0.12924264871825775 1.2814931714818592 1.7911834648677283 0.22447639450498605 0.20637819848663452 -1.3983625407392701 0.85197833868530071 0.39183077346220963 -0.33932360047701315 0.56120800177106778 -0.21161701372283842 0.033376464148362477 -5.3302104299718689 -0.11615938348339339
leaf_weight=62184 1454 253 790 78 1190 2173 1275 329 51 174 322 275 1946 73 367 350 720 84 49 275 307 111 225 1162 2320 893 2480 60 33 941
leaf_count=62184 1454 253 790 78 1190 2173 1275 329 51 174 322 275 1946 73 367 350 720 84 49 275 307 111 225 1162 2320 893 2480 60 33 941
internal_value=-1.55979e-10 -0.0564868 -0.045198 -0.117102 -0.0557608 0.0151014 0.178501 0.461371 0.845348 1.07485 0.0471755 0.24595 -0.0234405 -0.190562 -0.824783 0.0905459 0.0572681 0.388026 0.00975161 0.461417 0.521164 0.00767319 -0.0732278 -0.0550998 -0.0809704 0.0266575 -0.0696283 -0.271552 -1.86983 0.21366
internal_weight=82944 12211 11958 6724 5270 4080 1907 632 303 252 5234 1372 3862 1566 440 2296 1126 406 70733 324 582 70409 8225 8114 7889 5569 4407 2573 93 1834
internal_count=82944 12211 11958 6724 5270 4080 1907 632 303 252 5234 1372 3862 1566 440 2296 1126 406 70733 324 582 70409 8225 8114 7889 5569 4407 2573 93 1834
is_linear=0
shrinkage=0.05


Tree=141
num_leaves=31
num_cat=0
split_feature=1 8 2 4 4 5 0 2 4 6 3 4 5 1 0 0 1 0 5 4 4 5 3 5 1 4 2 5 8 3
split_gain=18542.1 65643.7 39436.4 53423.8 56287.1 38436.8 41752.4 64961.3 53378.8 86048.7 55596.1 49527.8 47950.6 40412.5 38239.5 36136.9 61941.2 35265.1 34956.4 33508.5 32978.9 53548.8 30987.3 49134.5 28927.8 28714.6 25262.6 39682.9 101357 68345.1
threshold=1.7813136723100536 0.37100531152820115 1.2623166656443179 -1.2268989061739519 -0.48113682595056956 -1.157767925009574 0.25596000599959218 1.3196167046558733 -1.0344441757937244 -0.89145085320788475 0.67347251529465746 -1.2509557474714805 -0.95394520574413588 2.4897801535579531 0.72553946197796038 0.4664567932870039 2.4897801535579531 0.51931816802855468 0.65128935879477212 -1.4915241604467655 1.6358652082319367 1.0414542967587244 1.5342840617767599 0.65128935879477212 2.1699394851085603 -0.8660462867110249 1.494533552376071 1.1922423828011943 1.0792073135794762 0.62021754813568941
decision_type=2 2 2 2 2 2 2 2 2 2 2 2 2 2 2 2 2 2 2 2 2 2 2 2 2 2 2 2 2 2
left_child=26 2 3 15 17 -4 7 -7 9 10 -8 13 -10 -11 22 18 -17 -5 -2 -9 21 -21 -3 -24 -12 -19 -1 28 -28 -29
right_child=1 14 5 4 -6 6 8 19 12 11 24 -13 -14 -15 -16 16 -18 25 -20 20 -22 -23 23 -25 -26 -27 27 29 -30 -31
leaf_value=9.2095175528156509e-05 0.56224671565569373 -0.19241046508254511 -2.0521461462745303 -1.7514126522547677 0.31968962066759271 -1.7661046229559803 3.0296397572471983 1.8202958471937614 -3.0887036236849701 -2.114316143423824 0.98994620984553228 1.5841583105921746 -0.65386460661143075 -0.52666187131404874 -1.3653537779777976 2.1040433830320837 0.13941383297318843 1.4763644258677961 -1.5928757830099627 0.55648247749234236 2.2462743827274867 -2.0307162523269655 -0.49954521306750616 -2.6118897888395525 -0.041432366634293789 -1.0436236124772291 0.16086570684455995 1.6998397646147176 -2.988050724909856 -0.161885494656033
leaf_weight=78649 130 552 26 66 274 29 21 55 22 59 112 20 250 125 111 100 67 20 22 120 21 24 117 36 173 26 1492 109 26 90
leaf_count=78649 130 552 26 66 274 29 21 55 22 59 112 20 250 125 111 100 67 20 22 120 21 24 117 36 173 26 1492 109 26 90
internal_value=1.64146e-10 -0.131993 0.0397056 0.329346 -0.0663347 -0.153479 -0.105598 0.45828 -0.285145 0.016538 0.546826 -0.778893 -0.8508 -1.03575 -0.502745 0.808131 1.31584 -1.01072 0.250321 0.751494 0.395227 0.125283 -0.36693 -0.996567 0.363881 0.0520234 0.00423411 0.193963 0.106932 0.857853
internal_weight=82944 2578 1762 705 386 1057 1031 249 782 510 306 204 272 184 816 319 167 112 152 220 165 144 705 153 285 46 80366 1717 1518 199
internal_count=82944 2578 1762 705 386 1057 1031 249 782 510 306 204 272 184 816 319 167 112 152 220 165 144 705 153 285 46 80366 1717 1518 199
is_linear=0
shrinkage=0.05


Tree=142
num_leaves=31
num_cat=0
split_feature=11 4 4 7 0 4 12 5 3 6 6 0 5 1 6 8 4 12 3 0 4 6 5 1 9 4 4 1 6 1
split_gain=17978.9 79986.3 125366 108829 97314.8 77041.4 123752 158581 166879 104374 88530.3 203190 89395.4 88080.2 83180.2 81089.1 75838.3 232302 142215 146678 116300 114764 148570 85774.7 106100 123413 97751.7 81056.1 74638.6 74038.9
threshold=1.0801555850332116 -0.14434104778517126 -0.62547787373574071 1.0000000180025095e-35 -0.45340044271780788 0.38490946076045557 1.0000000180025095e-35 1.3816171070223859 0.19601857214365098 1.1133806251249947 1.7077461606570974 -1.3608443811187854 1.366818105386481 -1.4231340846305149 0.30811198432835407 -1.0174668528432229 -1.1066146996863098 -0.34815531191139565 -0.041666219258369157 -0.95381390384458331 -0.81793260411596802 0.30811198432835407 1.3293991099845883 -0.83516053030247528 0.96262190222377908 -1.4915241604467655 -1.2990694300665375 -1.6287762805587309 0.30811198432835407 -0.28008256229640593
decision_type=2 2 2 2 2 2 2 2 2 2 2 2 2 2 2 2 2 2 2 2 2 2 2 2 2 2 2 2 2 2
left_child=-1 2 3 16 5 6 10 8 15 -7 13 12 -12 14 -3 -8 18 27 19 21 -19 23 -23 24 25 -2 -27 -18 -21 -5
right_child=1 4 -4 29 -6 9 7 -9 -10 -11 11 -13 -14 -15 -16 -17 17 20 -20 28 -22 22 -24 -25 -26 26 -28 -29 -30 -31
leaf_value=0.010392481910517823 0.016609191072398218 -0.12704119241485995 -0.53101868813081166 -0.27513672986749588 0.68314636292060438 -0.23901307831698404 0.2109773660344737 -0.036669644304216591 0.13637409548346813 0.35102465535039173 3.2917161528269454 -1.3591135061406472 0.8638370387653993 -0.55282795577789501 2.2316275196055235 2.2990183279842795 0.59530089516079787 1.5005282213210329 -0.90323771423787536 0.80461635482316485 0.20351496005821909 1.3315972896338237 -0.28763244085593853 0.56794320981658941 -0.54837356489798716 -6.6683490026564831 -2.0818126825185921 -0.71617489031796322 3.8016020644794817 -1.3696207842281598
leaf_weight=69160 29 102 1814 1266 584 3431 56 437 208 959 60 77 103 742 59 274 165 449 417 373 281 246 334 141 520 21 26 412 22 176
leaf_count=69160 29 102 1814 1266 584 3431 56 437 208 959 60 77 103 742 59 274 165 449 417 373 281 246 334 141 520 21 26 412 22 176
internal_value=3.08598e-10 -0.0521434 -0.176136 -0.0441647 0.064856 0.00937333 0.257046 0.670858 1.24556 -0.110119 -0.0959441 0.75761 1.75753 -0.322802 0.737316 1.94468 0.10883 0.408635 -0.0752204 0.126464 1.00127 -0.126994 0.399144 -0.541052 -0.803415 -2.54843 -4.13112 -0.341143 0.971537 -0.408721
internal_weight=82944 13784 6692 4878 7092 6508 2118 975 538 4390 1143 240 163 903 161 330 3436 1307 2129 1712 730 1317 580 737 596 76 47 577 395 1442
internal_count=82944 13784 6692 4878 7092 6508 2118 975 538 4390 1143 240 163 903 161 330 3436 1307 2129 1712 730 1317 580 737 596 76 47 577 395 1442
is_linear=0
shrinkage=0.05


Tree=143
num_leaves=31
num_cat=0
split_feature=3 8 11 0 2 0 0 5 0 0 2 0 8 0 4 4 4 11 6 4 4 6 2 4 4 6 0 4 6 12
split_gain=16963.8 32949.2 45947 30730.3 18798.1 18233.8 17670.1 28492.1 96722.1 91015.7 75177.7 86654.9 73836.6 190119 140057 317447 142727 147437 120190 169216 114309 110725 106403 95471.2 268723 294788 284435 261673 387782 534953
threshold=2.1326918926549117 0.74090168677562918 0.46605794042707133 0.75474993300678117 0.61371090745568624 0.67258549167524539 1.1059526493479568 -0.99864169796777025 0.69232960936652232 0.68424768755534904 0.22631027520548741 0.98193534052144549 -1.0174668528432229 -0.87196704906940137 0.69764839762832587 1.2750125887690096 0.072170523892585367 0.46605794042707133 1.0000000180025095e-35 0.96227365190113923 1.5636946843393513 1.0000000180025095e-35 1.1962081810113565 -0.52925050854562683 -0.26462525427281347 -0.50537016327275397 -0.54743483882899413 -1.1066146996863098 -0.89145085320788475 -0.6963106238227913
decision_type=2 2 2 2 2 2 2 2 2 2 2 2 2 2 2 2 2 2 2 2 2 2 2 2 2 2 2 2 2 2
left_child=6 2 3 -2 -4 -6 7 8 9 12 11 -10 13 -1 16 18 22 21 -16 -20 -17 -18 -15 27 25 -25 -27 28 -14 -30
right_child=1 -3 4 -5 5 -7 -8 -9 10 -11 -12 -13 23 14 15 20 17 -19 19 -21 -22 -23 -24 24 -26 26 -28 -29 29 -31
leaf_value=0.13524917717836382 0.9710375759280423 -1.199701805534058 0.4778246839841207 -0.76259019629043701 -0.50587849752469505 -2.0010699196865684 -0.054104125361201738 0.031465877035528417 2.3381804743707177 -2.0875464678894389 0.30318577821854326 -1.1278712819923056 -1.1723440062289365 -0.39703856025062162 1.8110398336200515 -1.8545253124485161 -1.7347563073039056 -1.0973391655181641 2.0425890497994006 -1.4785840901732445 0.060134578675262687 -5.1504342172456825 -2.0921456772834062 0.31780770837547301 -0.0043463776375758751 -0.57134685753758852 -2.5506336367044313 0.52146225715698091 1.2447529657153336 -0.38768824585682177
leaf_weight=1796 103 86 21 34 44 38 12211 49864 100 55 420 22 718 1002 214 197 49 269 57 85 129 46 102 376 9242 434 312 2672 757 1489
leaf_count=1796 103 86 21 34 44 38 12211 49864 100 55 420 22 718 1002 214 197 49 269 57 85 129 46 102 376 9242 434 312 2672 757 1489
internal_value=5.81686e-11 -0.359971 -0.0590675 0.540794 -0.856942 -1.19877 0.0014204 0.0110503 -0.0385045 -0.0563643 0.620559 1.71315 -0.0507634 -0.244477 -0.56168 0.0303905 -0.836743 -1.69535 1.06267 -0.0651554 -1.09688 -3.38866 -0.553652 -0.00298884 -0.0930563 -0.823767 -1.39915 0.162636 -0.160841 0.162516
internal_weight=82944 326 240 137 103 82 82618 70407 20543 20001 542 122 19946 3946 2150 682 1468 364 356 142 326 95 1104 16000 10364 1122 746 5636 2964 2246
internal_count=82944 326 240 137 103 82 82618 70407 20543 20001 542 122 19946 3946 2150 682 1468 364 356 142 326 95 1104 16000 10364 1122 746 5636 2964 2246
is_linear=0
shrinkage=0.05


Tree=144
num_leaves=31
num_cat=0
split_feature=6 5 2 0 10 4 4 5 3 1 4 3 3 2 5 2 1 0 4 0 2 1 4 0 3 5 0 4 4 1
split_gain=18266.3 72911.3 98998.5 130169 92576.7 59144.9 144544 144593 121725 58878.1 81739.1 63364.3 55652.3 53479.7 51790.4 78122.3 85590.7 62786.8 49958.6 76277.5 51883.7 47046.7 80464.7 70991.1 43793.9 87338.1 217779 80550.6 81226 78308.2
threshold=1.7077461606570974 -1.4141003550473299 -1.8169679628284221 -0.70173724245530045 1.0000000180025095e-35 1.2750125887690096 0.84198944541349674 -1.3494002584220433 -1.1205575336597706 -2.1434749563259645 0.40896630205798407 -0.64015823512834957 -1.4917422609740691 -1.9251415016741744 0.70535813777133538 -1.057739692964957 -1.0328724360695287 -1.2770697416143422 -0.60142103243821221 -0.096953016752578433 0.0088020535528678199 -0.36118479456973707 -0.12028420648764233 -0.87196704906940137 -0.73279189764498642 1.1577679250095743 -0.29884430116203531 -0.50519366724809844 -0.9863304931986675 1.0816218058448215
decision_type=2 2 2 2 2 2 2 2 2 2 2 2 2 2 2 2 2 2 2 2 2 2 2 2 2 2 2 2 2 2
left_child=-1 -2 3 9 24 6 8 -8 -6 10 -3 13 -12 -11 -9 16 17 -16 -10 21 -21 23 -23 -20 -4 27 -27 28 -26 -29
right_child=1 2 4 -5 5 -7 7 14 18 11 12 -13 -14 -15 15 -17 -18 -19 19 20 -22 22 -24 -25 25 26 -28 29 -30 -31
leaf_value=0.0078326578571411634 -1.3431719548463286 -0.37729377799896874 0.32677257909708557 3.2842934949057447 0.54196959456428884 0.50655142140536635 -4.0193475018376885 -0.19166099031766257 -0.1116247436343423 -0.94321364204489422 1.278139931615442 1.8529007805718316 3.9784003506536068 0.64208862634352704 -0.49942454632152533 -2.8491379625987316 2.0952054847370496 -3.6951479174874047 -1.3837866844121116 0.80943796919215305 -0.71248022561271984 -0.0072281697461771405 -2.5580954616720026 0.066263373550418378 0.030453519940833746 -0.26005914619914733 -3.8226963542974914 -0.087566065659363881 0.757767461702333 -1.0471563248171634
leaf_weight=74628 111 69 900 42 360 171 46 117 484 155 112 36 23 81 51 69 22 22 206 105 120 43 110 143 1193 245 52 2429 566 233
leaf_count=74628 111 69 900 42 360 171 46 117 484 155 112 36 23 81 51 69 22 22 206 105 120 43 110 143 1193 245 52 2429 566 233
internal_value=-1.65662e-10 -0.0702905 -0.0530705 0.61598 -0.0981555 -0.384081 -0.464322 -1.42072 -0.265251 0.38054 1.02265 -0.101046 1.73818 -0.399106 -0.995318 -1.56866 -0.638625 -1.46252 -0.505218 -0.767252 -0.00225173 -1.11013 -1.84119 -0.78964 0.00714536 -0.0538263 -0.883821 0.00193215 0.264484 -0.171557
internal_weight=82944 8316 8205 518 7687 2069 1898 327 1571 476 204 272 135 236 281 164 95 73 1211 727 225 502 153 349 5618 4718 297 4421 1759 2662
internal_count=82944 8316 8205 518 7687 2069 1898 327 1571 476 204 272 135 236 281 164 95 73 1211 727 225 502 153 349 5618 4718 297 4421 1759 2662
is_linear=0
shrinkage=0.05


Tree=145
num_leaves=31
num_cat=0
split_feature=0 1 4 2 9 1 4 4 5 7 4 6 6 5 6 2 7 7 3 7 9 4 4 2 5 4 1 6 2 1
split_gain=17862.7 32625.2 56943.6 28270 74679.2 23431.4 87833.6 219549 146304 164080 136693 259337 161779 104971 95745.4 81078.2 98325.4 77602 76086.1 91693.9 81323.6 75536.9 67148.1 67087.5 65832.3 113572 253521 282640 214376 123755
threshold=-1.6588868161365133 -0.50657896220813003 -1.1306715409838382 0.16535300373379466 1.0588840924461571 -0.16204548971777474 0.96227365190113923 0.52925050854562661 0.90745195762283271 1.0000000180025095e-35 0.64953471503326898 0.30811198432835407 1.0000000180025095e-35 0.70535813777133538 -0.50537016327275397 0.95646282078510436 -0.67395931651126872 -0.081021797575299523 -0.5627379280090985 1.7010387896728181 -0.19252438044475575 0.67359155633079737 0.67359155633079737 -1.057739692964957 1.224450581347845 -1.0103873344961958 -1.365280207121863 0.30811198432835407 -1.2165261632247826 -0.70799513703757544
decision_type=2 2 2 2 2 2 2 2 2 2 2 2 2 2 2 2 2 2 2 2 2 2 2 2 2 2 2 2 2 2
left_child=1 3 -3 4 -1 6 7 24 9 14 11 12 -10 22 -9 16 -12 -18 20 -20 -8 -15 -11 -13 -2 -26 -27 28 -28 -29
right_child=5 2 -4 -5 -6 -7 18 8 10 13 15 23 -14 21 -16 -17 17 -19 19 -21 -22 -23 -24 -25 25 26 27 29 -30 -31
leaf_value=2.3488856598734857 -0.051808920192547153 1.7937966937110539 -0.93996259328068765 -1.6800148445147056 -0.076724484501609097 -0.013451529893566358 1.8863773062115623 -0.48787950400889307 1.094259503451142 0.26815537432168457 -0.79131348227673071 0.39169069035695148 4.1362873664269086 1.0859553998166864 0.61881588914852237 -2.7693960237503052 0.83946926415217948 -0.21049244101345541 -0.026073952694723131 0.98131969254991791 -0.32917296113675604 4.7674321714200474 1.5520185750339601 -1.8934809923171998 -0.083408002732874173 2.7101331124833803 3.6842182791023923 0.084529985883846664 0.56117270539966657 -1.2064695625081223
leaf_weight=32 10997 21 205 27 3789 53577 42 232 274 139 378 52 52 22 1240 30 289 450 2642 247 2991 38 381 84 2267 114 57 406 1527 342
leaf_count=32 10997 21 205 27 3789 53577 42 232 274 139 378 52 52 22 1240 30 289 450 2642 247 2991 38 381 84 2267 114 57 406 1527 342
internal_value=1.22843e-10 -0.102093 -0.685941 -0.0678028 -0.0564106 0.00527359 0.0449381 0.0964561 0.445153 0.725044 0.0882015 0.81435 1.57949 1.43732 0.444391 -0.204284 -0.135391 0.200115 -0.123578 0.0600549 -0.298493 3.41756 1.20883 -1.01974 0.015197 0.171544 0.407838 0.295291 0.673555 -0.50574
internal_weight=82944 4074 226 3848 3821 78870 25293 19371 3661 2052 1609 462 326 580 1472 1147 1117 739 5922 2889 3033 60 520 136 15710 4713 2446 2332 1584 748
internal_count=82944 4074 226 3848 3821 78870 25293 19371 3661 2052 1609 462 326 580 1472 1147 1117 739 5922 2889 3033 60 520 136 15710 4713 2446 2332 1584 748
is_linear=0
shrinkage=0.05


Tree=146
num_leaves=31
num_cat=0
split_feature=11 4 4 7 0 4 8 3 7 1 1 0 12 2 1 5 0 1 7 5 1 0 4 12 4 3 0 2 2 1
split_gain=16559.8 73500.4 102751 94456.7 88442.7 80966.8 214860 105645 161349 80870.3 82832.7 67690 92127.2 71467.9 65926.8 81694 90156.2 75811 65258.5 62862.1 96084.8 63122.4 62687.1 202604 113902 113053 133121 93218.8 77362.3 71191.6
threshold=1.0801555850332116 -0.12028420648764233 -0.62547787373574071 1.0000000180025095e-35 -0.45340044271780788 1.0000000180025095e-35 1.0792073135794762 -0.98035914854409956 -0.90839521789717692 -1.3887851738029509 0.23464400587075476 -1.6026933557942558 1.0000000180025095e-35 0.099122516133740748 -0.28008256229640593 -1.2818148012906687 -0.2543106510081718 -1.2474093924660732 -0.67395931651126872 1.3494002584220433 -1.1230437272174754 -1.2317544899953992 -1.0825578583887812 -0.34815531191139565 -0.81793260411596802 -0.041666219258369157 -0.95381390384458331 -1.8711382617915697 0.43636326235319639 -0.81601607991012448
decision_type=2 2 2 2 2 2 2 2 2 2 2 2 2 2 2 2 2 2 2 2 2 2 2 2 2 2 2 2 2 2
left_child=19 2 3 22 5 6 7 8 -3 -10 18 -9 13 -13 15 17 -17 -5 -11 -1 21 -21 25 27 28 26 29 -24 -25 -2
right_child=1 4 -4 14 -6 -7 -8 11 9 10 -12 12 -14 -15 -16 16 -18 -19 -20 20 -22 -23 23 24 -26 -27 -28 -29 -30 -31
leaf_value=0.0042381574380246758 -0.2767899107917321 -2.4879115680168415 -0.47644995229941717 -0.15311384731857339 0.65459055526762333 -0.044162977317616925 3.4969648652170835 1.0586649326901687 3.2011488374036094 1.7376053472017423 3.7743455778468737 -1.2259325071637122 0.0012778606908074742 -4.4870840072631841 -1.2913377623539419 0.13342118114506266 -2.2418639743966717 -1.5196597699221315 -0.4770014122128487 0.99957866353723102 0.16605975196713157 3.4065643830732868 1.3132512887386052 1.1304678580035334 0.17811783814398419 -0.78965184036014213 0.89774979044066139 -0.59542031482738145 2.8185267473376077 0.74279907535928402
leaf_weight=68173 1155 29 1924 201 581 5852 57 57 52 58 22 56 116 24 176 818 42 205 78 156 798 33 74 322 281 430 415 472 86 201
leaf_count=68173 1155 29 1924 201 581 5852 57 57 52 58 22 56 116 24 176 818 42 205 78 156 798 33 74 322 281 430 415 472 86 201
internal_value=1.5086e-10 -0.0500431 -0.16702 -0.0449729 0.0639177 0.010304 0.590889 0.254209 1.00804 1.49081 0.927915 -0.457906 -0.898949 -2.20428 -0.384606 -0.258551 0.0174189 -0.843119 0.467463 0.00997389 0.406146 1.41985 0.0975621 0.38267 0.952765 -0.0624143 0.114159 -0.336736 1.48628 -0.125656
internal_weight=82944 13784 6802 4878 6982 6401 549 492 239 210 158 253 196 80 1442 1266 860 406 136 69160 987 189 3436 1235 689 2201 1771 546 408 1356
internal_count=82944 13784 6802 4878 6982 6401 549 492 239 210 158 253 196 80 1442 1266 860 406 136 69160 987 189 3436 1235 689 2201 1771 546 408 1356
is_linear=0
shrinkage=0.05


Tree=147
num_leaves=31
num_cat=0
split_feature=3 1 7 5 4 4 5 0 0 6 3 0 5 1 4 4 1 6 5 1 4 3 8 7 5 4 11 5 0 4
split_gain=16360.8 45628.4 69442.1 198078 43383.8 83518.2 87170.2 109514 81273.9 62172.6 58272.1 57237.3 55590 53830.5 51553.4 41493.8 40626.8 46369 44752 126425 37756.9 35822.7 35328.9 34507.5 32314.3 97658.2 113280 58377.8 75683.3 45296.8
threshold=-1.3069354769404418 -1.4231340846305149 0.50473852548845832 1.254328062751503 0.96227365190113923 0.69764839762832587 0.65128935879477212 -1.13745297609258 -1.6588868161365133 0.30811198432835407 -1.8078064375565213 -0.39273602262353097 -1.3494002584220433 -0.06011300992954046 1.2750125887690096 0.40896630205798407 0.030813634620150427 -0.066328909107543868 0.65128935879477212 -1.8671886394873007 0.76981892152091114 -2.0049954553100937 -0.27754979391328816 1.0000000180025095e-35 -1.2818148012906687 0.38490946076045557 1.0801555850332116 1.3494002584220433 -1.3416345190838332 -1.4193536365541799
decision_type=2 2 2 2 2 2 2 2 2 2 2 2 2 2 2 2 2 2 2 2 2 2 2 2 2 2 2 2 2 2
left_child=4 2 23 -4 5 13 7 9 -8 -7 -11 16 -9 24 -13 -15 17 -6 19 -19 -14 -22 -23 -2 -1 26 -26 28 -28 -29
right_child=1 -3 3 -5 11 6 8 12 -10 10 -12 14 20 15 -16 -17 -18 18 -20 -21 21 22 -24 -25 25 -27 27 29 -30 -31
leaf_value=-0.095173437755825999 0.10627336794347342 0.00064991763104842474 0.43980114405099874 4.0330710899539115 0.012869745428592773 -0.38460267807929044 0.18763926498591901 3.4696372904096329 -3.6906281362880358 0.39301533427027879 2.5943736472725867 2.5148258447647098 0.075009941167019784 -0.37624901170114372 -0.043780071205563015 -1.7523831247455544 -1.7238452152038617 -0.12893278752411483 -0.1227371271535577 -1.4071569185682336 0.56011371716510416 3.3358936024266619 1.2845006900589642 -0.99833264938882893 1.3509871616194558 -0.90360829250927532 3.4109822936680008 -0.62663239431179441 0.44900827157187329 0.17297994037604203
leaf_weight=3871 1587 71819 594 41 964 197 35 35 22 121 40 35 47 229 45 72 48 442 630 344 43 43 41 74 224 184 23 288 346 460
leaf_count=3871 1587 71819 594 41 964 197 35 35 22 121 40 35 47 229 45 72 48 442 630 344 43 43 41 74 224 184 23 288 346 460
internal_value=6.36434e-11 0.00766449 0.227081 0.671808 -0.0643395 0.00547549 0.554635 0.742008 -1.30924 0.21107 0.939937 -0.240297 1.65146 -0.0546747 1.07561 -0.705424 -0.283654 -0.254608 -0.436705 -0.688359 1.28574 1.7338 2.33462 0.0570615 -0.0183746 0.176569 0.324781 0.118988 0.63363 -0.134892
internal_weight=82944 74115 2296 635 8829 6321 624 567 57 358 161 2508 209 5697 80 301 2428 2380 1416 786 174 127 84 1661 5396 1525 1341 1117 369 748
internal_count=82944 74115 2296 635 8829 6321 624 567 57 358 161 2508 209 5697 80 301 2428 2380 1416 786 174 127 84 1661 5396 1525 1341 1117 369 748
is_linear=0
shrinkage=0.05


Tree=148
num_leaves=31
num_cat=0
split_feature=1 8 2 4 2 5 3 2 4 4 9 5 0 1 5 0 7 4 1 4 3 2 1 0 4 6 4 4 0 3
split_gain=16238.4 59819 37100.9 42446.9 41182.5 66273.9 43616 35492.8 48124.7 50892.3 32208.4 33841.1 32188.2 55945.6 31833.2 31612.6 28915 44655 44866.9 38249.6 44537.9 41730.4 28423.9 28181.3 28583 27953.9 58140.9 33091.5 31096.8 26613
threshold=1.7813136723100536 0.37100531152820115 0.076279609818578967 -0.21651157167775612 1.494533552376071 -0.65128935879477201 1.0445045951198411 1.2623166656443179 -1.2268989061739519 -0.48113682595056956 -0.57757314133426729 -1.157767925009574 0.4664567932870039 2.4897801535579531 0.65128935879477212 0.51931816802855468 0.50473852548845832 -1.2509557474714805 2.4897801535579531 -1.4915241604467655 1.6282654869791371 1.5519989220804409 2.0461742978437463 0.73495345231608078 1.6599220495294651 1.7077461606570974 -1.0825578583887812 1.5155810017442943 0.50865817975158778 0.54068728724586201
decision_type=2 2 2 2 2 2 2 2 2 2 2 2 2 2 2 2 2 2 2 2 2 2 2 2 2 2 2 2 2 2
left_child=-1 7 -3 4 29 6 -6 8 12 15 -9 -12 14 -14 -2 -10 19 18 -18 20 22 -21 -13 24 25 26 28 -28 -23 -4
right_child=1 2 3 -5 5 -7 -8 10 9 -11 11 16 13 -15 -16 -17 17 -19 -20 21 -22 23 -24 -25 -26 -27 27 -29 -30 -31
leaf_value=0.0039623635843610179 0.54079224297633544 0.58228760378807787 -0.51618174786369009 -0.11939493004169505 -1.2584606280326844 -1.3674666605889798 1.1530680149396262 -0.82423300081551476 -1.6596594237016911 0.30667407169910899 -1.8089397705518284 2.3088302683085202 1.997832712315023 0.1307060533717497 -1.5158024451949381 0.047830241011536642 -2.6885034612707193 0.18126438500905279 -0.36082421661691466 -1.2414061812322532 -0.4151201458854808 -0.53457151107334844 0.76817058556470563 0.82019868358173997 1.3581767567272847 0.57287697363112655 -2.866643833432879 -0.60361562997102736 1.0351096997869778 -1.6164917155779819
leaf_weight=80366 130 75 78 295 25 82 75 149 66 274 26 40 100 67 22 46 37 99 47 67 63 96 119 103 29 70 35 30 47 186
leaf_count=80366 130 75 78 295 25 82 75 149 66 274 26 40 100 67 22 46 37 99 47 67 63 96 119 103 29 70 35 30 47 186
internal_value=-1.08628e-10 -0.123522 -0.477443 -0.584703 -0.892474 -0.313811 0.550186 0.0403825 0.315159 -0.0603851 -0.142889 -0.0310822 0.76958 1.24875 0.243127 -0.958369 0.0213263 -0.538187 -1.38611 0.167808 0.709968 -0.0845177 1.15576 0.104535 -0.135574 -0.291397 -0.582258 -1.82217 -0.0186623 -1.2914
internal_weight=82944 2578 816 741 446 182 100 1762 705 386 1057 908 319 167 152 112 882 183 84 699 222 477 159 410 307 278 208 65 143 264
internal_count=82944 2578 816 741 446 182 100 1762 705 386 1057 908 319 167 152 112 882 183 84 699 222 477 159 410 307 278 208 65 143 264
is_linear=0
shrinkage=0.05


Tree=149
num_leaves=31
num_cat=0
split_feature=0 4 6 0 9 8 2 4 3 6 3 11 4 11 9 3 5 5 4 4 4 3 6 6 2 4 7 4 8 6
split_gain=15282.3 27144 95865 90019.4 48134 64013.5 37617.3 37557 51343.9 35355 27920.9 32512.1 26251.2 41193.1 24221.8 115623 111675 172434 137655 241697 188835 97833.5 96535.4 88742.3 132971 81375.1 263376 112970 103878 90561.6
threshold=1.1059526493479568 -1.1306715409838382 -0.91243033262339701 1.4768027393344016 -0.86635971200140094 -1.7404918888887655 -0.97076319214733575 1.2750125887690096 0.6826504564905308 1.1133806251249947 0.14888194000461713 0.46605794042707133 -0.52925050854562683 -0.76213734878520889 1.0000000180025095e-35 -0.58074464360926992 0.36482234569996347 0.70535813777133538 0.67359155633079737 -0.1683978890826997 0.98633049319866772 0.58673866806726671 0.30811198432835407 1.1133806251249947 -0.56653928851149116 0.69764839762832587 1.7010387896728181 -0.072170523892585409 1.0792073135794762 0.30811198432835407
decision_type=2 2 2 2 2 2 2 2 2 2 2 2 2 2 2 2 2 2 2 2 2 2 2 2 2 2 2 2 2 2
left_child=14 2 3 -2 10 12 -7 -8 -9 -4 -3 -12 13 -6 15 25 -17 18 19 21 -20 22 -18 -21 -25 27 28 29 -27 -1
right_child=1 4 9 -5 5 6 7 8 -10 -11 11 -13 -14 -15 -16 16 17 -19 20 23 -22 -23 -24 24 -26 26 -28 -29 -30 -31
leaf_value=-0.14420864438855804 1.5071044897252606 0.11695420924065861 -0.15603845789541804 0.12904640577266144 -0.54760620680294536 1.4676283247470856 -0.57043878297935724 1.0484330676919358 -0.75195758792882161 0.41763026316307095 -0.029951541137162203 -0.32996437784531291 -0.016762941794102672 1.4256600284028327 -0.015726319859679268 0.10018886455459278 -0.23430439905913186 0.072739667732126367 1.1963836898225428 -0.7749732743824117 -0.23748884276022247 -0.72081443338331264 0.65688587521040021 -0.18971243927389692 -2.4246932679752136 0.49133728402142057 5.0644094891018341 -0.61151623594245519 3.158932198622288 2.2579497446119787
leaf_weight=77 210 2251 1594 272 38 25 1398 88 72 323 4359 1139 355 87 41379 17880 754 5881 302 1226 958 469 509 97 212 568 36 266 39 80
leaf_count=77 210 2251 1594 272 38 25 1398 88 72 323 4359 1139 355 87 41379 17880 754 5881 302 1226 958 469 509 97 212 568 36 266 39 80
internal_value=3.14583e-11 -0.0516544 0.0991087 0.729445 -0.0885154 -0.303145 -0.456514 -0.487389 0.238257 -0.0593796 -0.0313749 -0.0921041 0.202651 0.825787 0.00891736 0.0436564 0.0243929 -0.105818 -0.337781 -0.509007 0.106185 -0.104141 0.124853 -0.965833 -1.7231 0.554845 0.909171 0.0162378 0.662731 1.07982
internal_weight=82944 12211 2399 482 9812 2063 1583 1558 160 1917 7749 5498 480 125 70733 29354 28288 10408 4527 3267 1260 1732 1263 1535 309 1066 643 423 607 157
internal_count=82944 12211 2399 482 9812 2063 1583 1558 160 1917 7749 5498 480 125 70733 29354 28288 10408 4527 3267 1260 1732 1263 1535 309 1066 643 423 607 157
is_linear=0
shrinkage=0.05


Tree=150
num_leaves=31
num_cat=0
split_feature=1 11 4 4 5 9 5 12 0 2 11 7 2 0 4 4 7 2 7 4 12 2 8 7 8 8 3 5 0 1
split_gain=15852.1 68643.7 139389 366489 180791 93257.1 156687 262301 125884 124350 116244 221277 258239 196918 91154.9 136243 130205 138934 127174 114336 135309 121145 124933 102275 101942 95442 102798 166007 114000 99969.8
threshold=0.12756365567262598 -0.76213734878520889 0.89010312800855373 0.57736419114068349 0.90745195762283271 0.2887865706671337 0.90745195762283271 1.0000000180025095e-35 1.0414501301141674 -0.0085812688036744095 1.0000000180025095e-35 -0.90839521789717692 -0.23883485054397782 1.0000000180025095e-35 -0.84198944541349652 -0.55330734984315477 -0.90839521789717692 0.58646536609781641 -0.90839521789717692 -1.0103873344961958 -1.0444659357341868 0.60487831690111282 1.0000000180025095e-35 -0.67395931651126872 0.19793268244031401 -1.0174668528432229 -0.31698501984916555 1.1922423828011943 0.51931816802855468 1.5452491789183875
decision_type=2 2 2 2 2 2 2 2 2 2 2 2 2 2 2 2 2 2 2 2 2 2 2 2 2 2 2 2 2 2
left_child=-1 2 3 -2 -5 6 -3 10 -9 -10 13 12 -12 -8 16 -16 17 -7 -17 20 -18 -22 -23 -20 -21 29 27 -27 -29 -25
right_child=1 5 -4 4 -6 14 7 8 9 -11 11 -13 -14 -15 15 18 19 -19 23 24 21 22 -24 25 -26 26 -28 28 -30 -31
leaf_value=0.022109282189333002 -0.14392387570407209 0.011967816191898318 0.20507626065517576 -0.50302560492044823 -2.2491250587540792 0.88899755315589057 4.98659991593588 0.0077155574754846903 -5.1569663683573408 0.11150519620804561 3.803017893291655 1.0614033751600123 -2.2756631592718457 1.3265762018432625 -0.92487859145951534 1.0682846781094464 2.2378093802266652 -3.6164133700457484 -1.0980166166287566 -0.26274170752614739 0.64005508374121756 0.1911395206207579 -1.3880119602900485 -0.57867328899342618 2.8352289041386376 -1.62257555512536 0.23246436386084335 -0.18189157070184397 2.797413225968679 -3.5103910238512102
leaf_weight=40999 5546 26780 2055 274 323 28 42 956 24 21 21 590 104 294 729 196 72 44 315 40 396 275 230 469 79 223 1455 297 36 31
leaf_count=40999 5546 26780 2055 274 323 28 42 956 24 21 21 590 104 294 729 196 72 44 315 40 396 275 230 469 79 223 1455 297 36 31
internal_value=-2.8215e-10 -0.0216106 -0.151386 -0.270633 -1.44773 0.00991519 0.0442329 0.465314 -0.113936 -2.69835 1.01701 0.656535 -1.25444 1.78408 -0.191396 -0.311347 0.195144 -1.86431 -0.163344 0.330932 0.152009 -0.0146699 -0.528078 -0.248765 1.79389 -0.142228 0.01148 -0.566815 0.140195 -0.76044
internal_weight=82944 41945 8198 6143 597 33747 28832 2052 1001 45 1051 715 125 336 4915 3751 1164 72 3022 1092 973 901 505 2826 119 2511 2011 556 333 500
internal_count=82944 41945 8198 6143 597 33747 28832 2052 1001 45 1051 715 125 336 4915 3751 1164 72 3022 1092 973 901 505 2826 119 2511 2011 556 333 500
is_linear=0
shrinkage=0.05


Tree=151
num_leaves=31
num_cat=0
split_feature=6 5 2 0 10 4 4 5 3 0 5 4 0 0 2 4 2 0 3 5 0 4 5 2 4 5 5 3 5 11
split_gain=16311.8 64395.4 88364.7 112502 80152.6 55225.6 130879 123884 107195 60860 118708 106993 56226.9 62565.7 53087.8 87196.1 64823.9 50629.1 56278.6 49435.5 134935 49882.2 45740.5 69063 57708.7 56236.8 44586.3 41978.8 74610.6 182663
threshold=1.7077461606570974 -1.4141003550473299 -1.8169679628284221 -0.70173724245530045 1.0000000180025095e-35 1.2750125887690096 0.84198944541349674 -1.3494002584220433 -1.3385762974341413 -1.5840076576085123 -0.85925218225375766 -0.14434104778517126 -1.3102077170853044 -1.6588868161365133 0.076279609818578967 -0.12028420648764233 -1.4489147336120369 -1.2770697416143422 0.26408718248331925 1.0414542967587244 -1.7161338693448003 1.299069430066538 0.70535813777133538 -1.057739692964957 0.93821681060361073 0.95394520574413566 -1.3494002584220433 -0.73279189764498642 1.0414542967587244 1.0000000180025095e-35
decision_type=2 2 2 2 2 2 2 2 2 2 2 2 2 2 2 2 2 2 2 2 2 2 2 2 2 2 2 2 2 2
left_child=-1 -2 3 19 27 6 8 -8 12 11 26 -10 13 -6 16 -16 -12 -18 -19 20 21 -3 -9 24 -24 -26 -11 -4 -29 -30
right_child=1 2 4 -5 5 -7 7 22 9 10 14 -13 -14 -15 15 -17 17 18 -20 -21 -22 -23 23 -25 25 -27 -28 28 29 -31
leaf_value=0.0074017532630842658 -1.2626629968970882 -0.26314140250737017 0.31807872779377633 3.062494346676838 0.42626352510193277 0.5017331813598237 -3.7518327443496045 -0.19746562983745186 -0.65905656503552268 -0.012017735452563676 -1.6277488388121129 -3.5079339184412142 -0.29770655328351442 2.3644408134446628 -0.42506553325076385 -2.054207090887108 -1.0933271522208312 0.46589791172791639 -1.2985159724366433 -0.235608222194016 2.4262162179782472 2.1764999240636826 -2.8618984275243502 -2.6954883938466292 2.3185577964782715 -0.79307749530054494 2.5184302526528533 0.010013793013898714 -2.4065561794997317 -0.083567919943879646
leaf_weight=74628 111 165 900 42 105 171 46 117 168 27 64 41 99 69 308 112 81 397 51 200 87 24 22 69 20 53 49 4268 113 337
leaf_count=74628 111 165 900 42 105 171 46 117 168 27 64 41 99 69 308 112 81 397 51 200 87 24 22 69 20 53 49 4268 113 337
internal_value=6.67923e-11 -0.0664235 -0.0502404 0.581856 -0.0928352 -0.358884 -0.436421 -1.34648 -0.246993 -0.436408 -0.28642 -1.21793 0.653594 1.19485 -0.429407 -0.859503 -0.124786 0.0570466 0.265038 0.362977 0.796734 0.0466543 -0.952726 -1.49154 -0.617092 0.0594253 1.61946 0.00514533 -0.0545495 -0.666896
internal_weight=82944 8316 8205 518 7687 2069 1898 327 1571 1298 1089 209 273 174 1013 420 593 529 448 476 276 189 281 164 95 73 76 5618 4718 450
internal_count=82944 8316 8205 518 7687 2069 1898 327 1571 1298 1089 209 273 174 1013 420 593 529 448 476 276 189 281 164 95 73 76 5618 4718 450
is_linear=0
shrinkage=0.05


Tree=152
num_leaves=31
num_cat=0
split_feature=3 4 7 9 0 2 4 2 4 7 7 9 1 8 3 2 1 7 9 2 0 6 0 7 0 2 8 0 3 4
split_gain=15755.8 31134.3 43983.1 33239.8 20783.5 17267.6 17001.2 60241.6 46668.4 116554 192457 125689 120703 88183.2 69202.8 86823.3 62789.1 58204.5 98539.6 85458.9 48469.5 47659.9 46122.4 45912.7 45639.3 44986 51630.8 43039.1 38184.3 37605.9
threshold=2.1326918926549117 0.69764839762832587 0.50473852548845832 -0.19252438044475575 0.56837680559423676 0.61371090745568624 1.5636946843393513 0.95646282078510436 1.3471831126615947 1.7010387896728181 -0.44226394673424807 -0.28878657066713359 -0.7824812487018139 1.0792073135794762 0.75145208418202936 0.12101803294956405 0.92754309218568431 0.50473852548845832 0.096262190222377905 -1.3495289983188357 0.20519837673001681 0.30811198432835407 -1.0659229847372191 -0.081021797575299523 -1.1037800134002183 -1.057739692964957 0.37100531152820115 -1.002965585540879 0.76139470871378157 1.6118083669344083
decision_type=2 2 2 2 2 2 2 2 2 2 2 2 2 2 2 2 2 2 2 2 2 2 2 2 2 2 2 2 2 2
left_child=6 3 5 -2 -5 -3 8 -8 -1 10 14 -12 13 21 16 -16 25 18 -14 -20 -18 -13 -23 28 -21 26 -10 -17 -9 -25
right_child=1 2 -4 4 -6 -7 7 23 9 -11 11 12 17 -15 15 27 20 -19 19 24 -22 22 -24 29 -26 -27 -28 -29 -30 -31
leaf_value=0.0065016906649505478 -0.65002063224092133 -0.04397805154323578 0.051704122010365276 0.18711703285094231 2.0180101302362257 -1.6634304057466247 0.020711667417886756 0.62591620501968392 1.2813444091592516 0.55255049858768446 -0.1070483171790142 -0.078281870847731305 -0.4951369200113484 1.4078770468292172 2.3281300023885874 -1.1896252876147628 -2.0812539660371843 -0.48660426689726627 -0.36163666800444094 -0.25838696807622913 0.19213676227105631 -0.80895464895428093 -3.2273948545041296 2.0815482621231385 -2.2251646052542036 -0.1132016490931379 0.021454024000979059 0.52389750284626568 -0.5697465346494982 0.70910168795380746
leaf_weight=73533 48 20 103 31 31 93 3338 149 140 531 1070 285 220 73 65 40 64 247 89 32 37 138 23 62 377 1097 194 437 121 256
leaf_count=73533 48 20 103 31 31 93 3338 149 140 531 1070 285 220 73 65 40 64 247 89 32 37 138 23 62 377 1097 194 437 121 256
internal_value=1.00593e-10 -0.346918 -0.695616 0.3378 1.10256 -1.3768 0.00136889 0.102915 -0.00369731 -0.149067 -0.229568 -0.520127 -0.817967 -0.203085 0.128237 0.613813 -0.0435529 -1.14867 -1.37642 -1.76575 -1.24843 -0.466763 -1.15445 0.569572 -2.07128 0.0414871 0.549552 0.380206 0.0900822 0.976686
internal_weight=82944 326 216 110 62 113 82618 3926 78692 5159 4628 2554 1484 519 2074 542 1532 965 718 498 101 446 161 588 409 1431 334 477 270 318
internal_count=82944 326 216 110 62 113 82618 3926 78692 5159 4628 2554 1484 519 2074 542 1532 965 718 498 101 446 161 588 409 1431 334 477 270 318
is_linear=0
shrinkage=0.05


Tree=153
num_leaves=31
num_cat=0
split_feature=1 8 2 4 2 5 3 2 4 4 9 5 7 4 1 4 3 2 1 3 3 1 2 8 4 2 4 4 4 4
split_gain=15595 53554.3 33472.8 38229.4 37278.6 59456.1 39655.4 32189.8 42209.9 45604.7 28445 30341.3 26491.2 39759.9 40477.3 33939 39128.8 37035.2 25318.1 24925.8 24393 23602.9 23197 22207.9 33380.4 22096 21105.6 51302.8 62749.8 60595.6
threshold=1.7813136723100536 0.37100531152820115 0.099122516133740748 -0.21651157167775612 1.494533552376071 -0.65128935879477201 1.0445045951198411 1.2623166656443179 -1.2268989061739519 -0.48113682595056956 -0.57757314133426729 -1.157767925009574 0.50473852548845832 -1.2509557474714805 2.4897801535579531 -1.4915241604467655 1.6282654869791371 1.5519989220804409 2.0461742978437463 0.54068728724586201 1.268182445975061 2.7809025754011305 1.6761512849956526 -1.0174668528432229 -0.9141599693060819 1.6761512849956526 1.6118083669344083 0.69764839762832587 0.33679577816539868 0.91415996930608234
decision_type=2 2 2 2 2 2 2 2 2 2 2 2 2 2 2 2 2 2 2 2 2 2 2 2 2 2 2 2 2 2
left_child=25 7 -3 4 19 6 -6 8 21 23 -9 -12 15 14 -14 16 18 20 22 -4 -17 -2 -13 -10 -25 -1 27 28 -27 -29
right_child=1 2 3 -5 5 -7 -8 10 9 -11 11 12 13 -15 -16 17 -18 -19 -20 -21 -22 -23 -24 24 -26 26 -28 29 -30 -31
leaf_value=0.00094913877519660567 0.89332875628633934 0.54333860458512051 -0.48220959894168075 -0.11716332006315561 -1.2072552943229677 -1.2990215225826676 1.0921753650903703 -0.78080370906465413 -1.4938418363982982 0.29147191122174265 -1.718848130450799 3.3752793502807621 -2.5584971518129915 0.15751911636554836 -0.34761492380912001 -1.9569658472388984 -0.38945668239205605 0.094820188644751002 0.71714486557395529 -1.5479210888856167 -0.011928248060522256 -0.3539269929921085 0.96711844235658662 1.4068916379341059 -1.2971592910289766 0.18826926991330564 0.81440374391105874 -1.8182229842059314 1.7349686094635244 0.032824652985884599
leaf_weight=79372 275 76 78 295 25 82 75 149 66 274 26 20 37 99 47 40 63 410 119 185 27 44 20 21 25 576 137 64 74 143
leaf_count=79372 275 76 78 295 25 82 75 149 66 274 26 20 37 99 47 40 63 410 119 185 27 44 20 21 25 576 137 64 74 143
internal_value=-2.14115e-11 -0.12105 -0.455925 -0.558553 -0.851159 -0.301033 0.517318 0.0340343 0.295714 -0.0559962 -0.140501 -0.0354295 0.0141951 -0.521355 -1.32146 0.154403 0.665101 -0.0832797 1.08294 -1.23185 -1.17314 0.721293 2.1712 -0.906052 -0.0627013 0.00388307 0.238161 0.146043 0.364355 -0.53948
internal_weight=82944 2578 816 740 445 182 100 1762 705 386 1057 908 882 183 84 699 222 477 159 263 67 319 40 112 46 80366 994 857 650 207
internal_count=82944 2578 816 740 445 182 100 1762 705 386 1057 908 882 183 84 699 222 477 159 263 67 319 40 112 46 80366 994 857 650 207
is_linear=0
shrinkage=0.05


Tree=154
num_leaves=31
num_cat=0
split_feature=6 10 1 9 1 4 4 0 4 4 3 0 1 2 0 0 1 4 1 0 9 4 2 0 9 1 4 0 2 4
split_gain=14926.1 52451.9 103390 56648.1 101474 120754 69630.4 52625.4 50963.6 99960.3 89979.4 59937.6 68262.5 93971.1 57892 49690.8 49289.1 58360.5 94540.6 56629.5 53671.3 46802.8 46790.6 44329.2 43524.5 41957.8 36681.3 116180 35651.2 34681.2
threshold=1.7077461606570974 1.0000000180025095e-35 -2.2160820167546751 1.3476706631132906 -1.8671886394873007 0.40896630205798407 -1.1306715409838382 -1.7161338693448003 1.2750125887690096 0.84198944541349674 -1.0922045854630837 -0.81772864309389448 -0.960287885646113 -0.74963898180468103 -1.3198341981492334 -0.4692276898040279 -0.99277379819044054 -0.52925050854562683 1.0816218058448215 -1.0763477626305062 0.2887865706671337 0.84198944541349674 -1.3938692458926663 -1.6298738916348972 -1.3476706631132902 -1.8061693204846379 -0.74576208022338231 -0.66837103177013402 -0.97076319214733575 0.16839788908269929
decision_type=2 2 2 2 2 2 2 2 2 2 2 2 2 2 2 2 2 2 2 2 2 2 2 2 2 2 2 2 2 2
left_child=-1 16 7 4 5 -4 -5 -3 9 10 14 -11 -13 -14 29 28 19 23 -19 25 -20 -7 -21 -18 -25 -2 27 -12 -16 -6
right_child=1 2 3 6 8 21 -8 -9 -10 11 26 12 13 -15 15 -17 17 18 20 22 -22 -23 -24 24 -26 -27 -28 -29 -30 -31
leaf_value=0.0070803833863220455 -0.30024676369679976 0.51995947189732561 -0.53792030625045306 0.38787615335993952 0.48250673993801074 3.9751924206228817 -1.3216889295627863 2.7909989906895549 0.59348677552126827 -1.6323003820745292 -0.45404393786093017 -3.0818119168281557 2.3674204768556537 -0.70214621021467094 0.036600182899697263 2.3117918184825355 -1.9170355737209321 -0.097582611219599269 -0.85732696964941191 2.1329020877679188 -3.2159853793956614 1.1570993311130084 0.55286452845759582 -0.39071687561716484 0.30367757894873065 0.4500793363767705 -0.57353250763569796 1.8728898401709573 -2.096551850308543 2.2726871521242202
leaf_weight=74628 316 144 52 77 48 34 263 31 141 226 241 20 33 102 132 21 25 2660 226 69 27 26 146 264 1554 454 830 69 23 62
leaf_count=74628 316 144 52 77 48 34 263 31 141 226 241 20 33 102 132 21 25 2660 226 69 27 26 146 264 1554 454 830 69 23 62
internal_value=-1.1843e-10 -0.0635395 -0.251038 -0.336591 -0.237904 1.22562 -0.934523 0.922258 -0.322049 -0.393488 -0.201264 -1.11294 -0.355679 0.0481923 0.591696 0.0293077 0.020559 -0.0461138 -0.18543 0.342484 -1.10904 2.75402 1.05995 0.174086 0.202841 0.142153 -0.400199 0.0638865 -0.279932 1.49152
internal_weight=82944 8316 2575 2400 2060 112 340 175 1948 1807 1426 381 155 135 286 176 5741 4756 2913 985 253 60 215 1843 1818 770 1140 310 155 110
internal_count=82944 8316 2575 2400 2060 112 340 175 1948 1807 1426 381 155 135 286 176 5741 4756 2913 985 253 60 215 1843 1818 770 1140 310 155 110
is_linear=0
shrinkage=0.05


Tree=155
num_leaves=31
num_cat=0
split_feature=11 4 4 0 4 8 3 8 6 5 6 5 8 3 5 1 2 8 3 8 3 3 2 0 6 1 0 4 2 8
split_gain=15172 64572.6 92480.9 79469.4 71691.1 194690 92694.5 144623 85729.7 126073 79401 74415.5 93278.9 60691.9 56279.2 84802.6 54029.3 80849.3 60800.4 115447 52095 51681 61118.7 50423.5 47381.4 79137.1 64450.1 47536.1 63059.8 46272.9
threshold=1.0801555850332116 -0.12028420648764233 -0.62547787373574071 -0.45340044271780788 1.0000000180025095e-35 1.0792073135794762 -0.98035914854409956 1.0152913959672809 1.0000000180025095e-35 1.3937669968154378 1.1133806251249947 1.366818105386481 -1.0174668528432229 1.1951925908963179 1.3494002584220433 -1.1230437272174754 1.0630549266973897 1.0792073135794762 -0.42771478576148575 -1.0174668528432229 0.061748344936143874 -0.5627379280090985 0.32678288051933208 -1.2317544899953992 -0.50537016327275397 1.0816218058448215 -0.42016282327938065 -0.21651157167775612 -1.6752138833924437 -1.7404918888887655
decision_type=2 2 2 2 2 2 2 2 2 2 2 2 2 2 2 2 2 2 2 2 2 2 2 2 2 2 2 2 2 2
left_child=14 2 29 4 5 6 7 11 -8 -10 21 12 -3 -5 -1 23 17 18 19 -17 -7 22 -6 -16 25 -4 27 -26 -29 -2
right_child=1 3 24 13 10 20 8 -9 9 -11 -12 -13 -14 -15 15 16 -18 -19 -20 -21 -22 -23 -24 -25 26 -27 -28 28 -30 -31
leaf_value=0.0041197092488167112 -0.52015518261901084 -0.18664631107274224 -0.060855220094104316 0.81405791151070983 -0.25199643569284691 4.6567814048379663 0.34212767846278247 -2.3697451731254318 -2.8306341036042171 0.77470535604577329 0.30388100448985694 0.10769483292960141 2.8337501366740292 -0.71880582143124705 0.96110888539264216 2.3801598578691485 -1.2112953465996368 2.3355579344431558 -0.52169123267681072 0.14842252125725985 1.6105668282508852 0.039072462019850464 -1.6572670090943575 3.112395134839145 -0.76668320713996607 -3.1033855156465009 -2.7070474469983901 1.525622594577295 -0.39202351562920601 0.0078159766157823562
leaf_weight=68173 458 34 749 507 2357 32 148 29 67 38 1286 73 103 74 156 68 66 45 227 392 25 2129 80 33 854 22 37 54 208 4420
leaf_count=68173 458 34 749 507 2357 32 148 29 67 38 1286 73 103 74 156 68 66 45 227 392 25 2129 80 33 854 22 37 54 208 4420
internal_value=-1.14568e-10 -0.0479003 -0.157543 0.0589153 0.00809422 0.554411 0.233924 0.940039 -0.433118 -1.52584 -0.043158 1.3971 2.08416 0.618822 0.00954682 0.384402 0.158851 0.282389 0.147902 0.478332 3.32072 -0.140901 -0.298128 1.33673 -0.451102 -0.147672 -0.654003 -0.585936 0.00321652 -0.0417557
internal_weight=82944 13784 6802 6982 6401 549 492 239 253 105 5852 210 137 581 69160 987 798 732 687 460 57 4566 2437 189 1924 771 1153 1116 262 4878
internal_count=82944 13784 6802 6982 6401 549 492 239 253 105 5852 210 137 581 69160 987 798 732 687 460 57 4566 2437 189 1924 771 1153 1116 262 4878
is_linear=0
shrinkage=0.05


Tree=156
num_leaves=31
num_cat=0
split_feature=3 4 7 9 2 4 5 5 8 2 1 5 7 4 8 8 5 6 2 3 5 1 3 9 1 5 5 2 7 5
split_gain=14642.4 28324.4 38838.8 29649.2 15548.8 14974.8 56461.5 133193 170827 105159 54701.3 45899.6 42872.9 42735.2 96964 142566 93789.9 134824 84613.4 101803 73637.8 62569.2 59778.3 59059.5 51754.3 44424.9 44386.7 40869.2 37654.9 46341.1
threshold=2.1326918926549117 0.69764839762832587 0.50473852548845832 -0.19252438044475575 0.61371090745568624 1.5636946843393513 1.1922423828011943 0.80943899875565395 0.19793268244031401 1.177662146332213 -1.3887851738029509 0.90745195762283271 -0.67395931651126872 1.3712399539591236 -0.27754979391328816 0.74090168677562918 -1.0414542967587235 -0.50537016327275397 0.43636326235319639 0.50420011625186423 -1.2818148012906687 0.70122656898466673 0.76139470871378157 0.19252438044475581 -1.1973079375375197 -0.42390874111029003 -0.42390874111029003 0.70318873836464235 1.7010387896728181 1.1210959212062968
decision_type=2 2 2 2 2 2 2 2 2 2 2 2 2 2 2 2 2 2 2 2 2 2 2 2 2 2 2 2 2 2
left_child=5 3 4 -2 -3 13 7 -7 9 -9 -8 -10 -13 -1 21 18 17 -17 19 28 -19 -15 -20 25 -18 -23 -21 -27 -16 -30
right_child=1 2 -4 -5 -6 6 10 8 11 -11 -12 12 -14 14 15 16 24 20 22 26 -22 23 -24 -25 -26 27 -28 -29 29 -31
leaf_value=0.0057141139570950359 -0.61429005582661678 -0.042386602759361271 0.035231831264727329 1.0409320948585388 -1.5791274775580693 0.049906536346493058 -0.97740268006850539 3.0830858223778863 1.2703357012125485 0.97670374906977975 -0.02260537440203254 0.56506393406685296 -0.96208165898396258 -0.28358867166148555 0.080861945951676895 0.23423737186891169 0.92034320875559716 -1.0850086835160431 -0.56774435745473484 2.1053873165171275 -2.9699788039989685 -1.3531848277700576 0.26724880087945108 -2.242207044288516 -0.2708687294582362 1.0232555341720582 0.82195226736102556 -0.66622874622661921 0.1435041578060173 1.8523625734605287
leaf_weight=74122 48 20 103 62 93 2712 212 105 57 136 513 77 114 948 519 118 101 124 355 129 89 152 541 80 938 50 141 126 83 76
leaf_count=74122 48 20 103 62 93 2712 212 105 57 136 513 77 114 948 519 118 101 124 355 129 89 152 541 80 938 50 141 126 83 76
internal_value=-3.02066e-10 -0.334435 -0.667026 0.318653 -1.30714 0.00131964 0.096622 0.186862 0.946416 1.89442 -0.301801 0.0251683 -0.346426 -0.00343507 -0.151828 -0.00223057 -0.388576 -1.12154 0.284805 0.61408 -1.87263 -0.506405 -0.06358 -1.02412 -0.155072 -0.727031 1.43515 -0.186262 0.287106 0.960317
internal_weight=82944 326 216 110 113 82618 3926 3201 489 241 725 248 191 78692 4570 3214 1370 331 1844 948 213 1356 896 408 1039 328 270 176 678 159
internal_count=82944 326 216 110 113 82618 3926 3201 489 241 725 248 191 78692 4570 3214 1370 331 1844 948 213 1356 896 408 1039 328 270 176 678 159
is_linear=0
shrinkage=0.05


Tree=157
num_leaves=31
num_cat=0
split_feature=0 1 2 2 11 1 5 7 2 9 7 7 8 1 3 5 5 12 4 9 3 8 5 4 4 4 8 2 8 3
split_gain=14985.8 31027.6 29108.4 23980.2 22800.6 22960.2 22654.1 20069.4 19701.9 20532.9 39335.8 34688.4 23486.6 26164.4 24380.4 25114.9 22006.9 19563.3 33223.2 19437.8 131479 104225 153709 157678 112075 313993 183299 172914 159689 139420
threshold=1.1717357439809941 0.73698539892229065 0.34957645819552685 1.0067054660876276 0.46605794042707133 0.091860997679164821 0.061466547291727118 1.0000000180025095e-35 -0.95029498714201421 -1.1551462826685344 1.7010387896728181 0.50473852548845832 -1.7404918888887655 -0.53642220961075304 -0.20175257681064637 0.80943899875565395 0.061466547291727118 0.34815531191139576 -0.19245473038022767 -0.096262190222377877 -0.60005004301355347 -1.7404918888887655 0.36482234569996347 -0.40896630205798362 -0.28868209557034147 0.67359155633079737 0.37100531152820115 -1.0310636569057572 1.0000000180025095e-35 0.90409664028033532
decision_type=2 2 2 2 2 2 2 2 2 2 2 2 2 2 2 2 2 2 2 2 2 2 2 2 2 2 2 2 2 2
left_child=19 2 8 4 5 6 -4 -3 -2 11 12 16 -11 -14 -15 -16 -10 18 -18 20 -1 -22 23 -23 29 26 27 -26 -27 -24
right_child=1 7 3 -5 -6 -7 -8 -9 9 10 -12 -13 13 14 15 -17 17 -19 -20 -21 21 22 24 -25 25 28 -28 -29 -30 -31
leaf_value=0.6328515059429799 1.4271307676675775 -0.64971583503683739 0.051450028468151478 -0.63255023385944043 -0.27757899412055215 0.10265255010554342 1.0615856511751189 -0.17416549444367413 -0.24848797416549773 0.23059698159707498 -1.2781900332393974 0.2743484000809554 -2.0719144487380983 0.27552011550257077 -0.29384058188063339 -1.6349565371870995 0.079225291982293139 -0.090636498549999139 1.1713761316256577 -0.012869692716956855 0.36643725551087247 -0.11659703885438599 0.17132231510514598 0.20168637460744471 0.32826260746550306 -0.53348983005458084 -0.26661799145636261 -1.2948338754608271 0.33363684516454517 -0.66051494565357771
leaf_weight=906 21 307 98 116 368 3306 128 800 1516 273 88 708 20 190 1152 36 320 1052 89 43677 2022 6183 3139 10498 189 751 1334 1245 1812 600
leaf_count=906 21 307 98 116 368 3306 128 800 1516 273 88 708 20 190 1152 36 320 1052 89 43677 2022 6183 3139 10498 189 751 1334 1245 1812 600
internal_value=-7.04231e-11 -0.0555582 -0.026311 0.0758888 0.0969603 0.135984 0.623562 -0.306048 -0.101413 -0.10731 -0.247857 -0.0402209 -0.193596 -0.276432 -0.250373 -0.33448 -0.115033 0.0234463 0.316882 0.00812994 0.0401116 0.0207754 -0.00636635 0.0837111 -0.172031 -0.319226 -0.688474 -1.08091 0.0795549 0.0378368
internal_weight=82944 10588 9481 4016 3900 3532 226 1107 5465 5444 1759 3685 1671 1398 1378 1188 2977 1461 409 72356 28679 27773 25751 16681 9070 5331 2768 1434 2563 3739
internal_count=82944 10588 9481 4016 3900 3532 226 1107 5465 5444 1759 3685 1671 1398 1378 1188 2977 1461 409 72356 28679 27773 25751 16681 9070 5331 2768 1434 2563 3739
is_linear=0
shrinkage=0.05


Tree=158
num_leaves=31
num_cat=0
split_feature=1 11 4 4 5 8 9 5 12 1 4 4 6 4 4 4 3 0 5 6 0 4 12 4 8 7 11 4 8 0
split_gain=16183.1 61009.3 118763 327890 161950 83537.7 82426.5 136594 117880 103088 117831 143933 343504 101471 91250.4 100602 92165.8 88721.8 85566.2 87839.8 313502 155985 85552.3 229447 111594 91623.9 88829 83673.3 99025.2 121065
threshold=0.12756365567262598 -0.76213734878520889 0.89010312800855373 0.57736419114068349 0.90745195762283271 1.0000000180025095e-35 0.48131095111188954 0.80943899875565395 1.0000000180025095e-35 0.98769444527794314 -0.21651157167775612 -0.43302314335551256 1.0000000180025095e-35 1.5636946843393513 -1.3952967952566515 1.5636946843393513 -0.24573209262624909 0.095730065255966126 -0.24472827403648004 -1.0580783826696147 0.56837680559423676 0.98633049319866772 -0.34815531191139565 -0.36085261946292729 -1.7404918888887655 -0.67395931651126872 1.0000000180025095e-35 1.2750125887690096 -0.27754979391328816 0.026260422942062291
decision_type=2 2 2 2 2 2 2 2 2 2 2 2 2 2 2 2 2 2 2 2 2 2 2 2 2 2 2 2 2 2
left_child=-1 2 3 -2 -5 -4 7 18 9 10 11 -9 -13 -12 -10 16 -16 -11 19 20 21 -3 23 26 -24 -26 -8 -21 -29 -30
right_child=1 6 5 4 -6 -7 22 8 14 17 13 12 -14 -15 15 -17 -18 -19 -20 27 -22 -23 24 -25 25 -27 -28 28 29 -31
leaf_value=0.022338929682310035 -0.13440152078847459 -2.4801250515673399 -0.25772178566555609 -0.47351416625680715 -2.1261243793773161 0.41448015875806166 -2.784548091635108 0.91705319550855247 0.67375957070554016 -0.44027722909444283 -0.3190496231240797 5.920157688068894 0.98237400120212914 1.7759458522001905 1.2971511652320624 0.87476997940646639 -0.46097028337517876 0.62322770445754649 -0.1248781566084271 0.13993950926879825 0.020044529165944649 0.46768905975316699 -1.0030727804849373 0.2532410965658059 -0.85074639877442415 0.18959174592490877 -1.0779314314859494 -0.68469958201571557 -1.019126493253901 0.26234895937207686
leaf_weight=40999 5546 211 702 274 323 1353 100 524 425 334 252 53 105 75 80 199 1093 475 9763 13790 1341 57 287 347 243 1640 321 701 221 1110
leaf_count=40999 5546 211 702 274 323 1353 100 524 425 334 252 53 105 75 80 199 1093 475 9763 13790 1341 57 287 347 243 1640 321 701 221 1110
internal_value=7.27007e-11 -0.0218351 -0.144182 -0.254252 -1.36764 0.184852 0.00788595 0.0320168 0.320771 0.604637 0.941773 1.31591 2.63872 0.161454 0.0335885 -0.164715 -0.341064 0.184154 -0.00636839 0.0600082 -0.291963 -1.85316 -0.24516 -0.698693 -0.0846465 0.0553367 -1.4833 0.0958015 -0.203737 0.049572
internal_weight=82944 41945 8198 6143 597 2055 33747 30809 3615 1818 1009 682 158 327 1797 1372 1173 809 27194 17431 1609 268 2938 768 2170 1883 421 15822 2032 1331
internal_count=82944 41945 8198 6143 597 2055 33747 30809 3615 1818 1009 682 158 327 1797 1372 1173 809 27194 17431 1609 268 2938 768 2170 1883 421 15822 2032 1331
is_linear=0
shrinkage=0.05


Tree=159
num_leaves=31
num_cat=0
split_feature=1 8 2 4 2 5 3 2 0 4 1 3 4 2 9 5 4 5 4 5 3 4 0 5 0 0 3 6 5 3
split_gain=15738.4 47800.3 30224.2 33654.8 34209.6 53613.9 41556.6 29508.5 38612.4 40966.8 34632.8 26634.8 26107 41018.1 25410.8 25845.5 24245.1 54849.1 74309.5 51710.9 43296.4 34481.9 45309 48994.6 28338.7 23840.9 23201.1 39958 41505 22374.1
threshold=1.7813136723100536 0.37100531152820115 0.099122516133740748 -0.21651157167775612 1.494533552376071 0.65128935879477212 0.99640746287309812 1.2623166656443179 0.3440789419697764 -1.0103873344961958 2.4897801535579531 1.1749738529466063 0.76981892152091114 0.98843438858650667 -0.57757314133426729 -1.157767925009574 -1.3952967952566515 0.70535813777133538 1.5396378430418227 0.75810821674430728 1.2418449932573394 -1.0585010170912528 0.32520881608126934 -0.95394520574413588 0.62867323683413623 0.32520881608126934 0.82265556731106138 -0.91243033262339701 0.95394520574413566 0.54068728724586201
decision_type=2 2 2 2 2 2 2 2 2 2 2 2 2 2 2 2 2 2 2 2 2 2 2 2 2 2 2 2 2 2
left_child=-1 7 -3 4 29 6 -6 8 12 10 11 -10 13 -2 -9 -16 19 21 20 -17 -19 24 -23 -24 -18 -20 -21 -28 -29 -4
right_child=1 2 3 -5 5 -7 -8 14 9 -11 -12 -13 -14 -15 15 16 17 18 25 26 -22 22 23 -25 -26 -27 27 28 -30 -31
leaf_value=0.0039008865010223812 -1.5001286171268726 0.51155661515107276 -0.46449344658698788 -0.12136027668302847 -1.3865450861362312 -1.4073532289533475 0.88570965673732616 -0.74738752854075408 1.8868504566079545 0.10516208089257771 0.23919104773332092 0.15468034424952098 0.77591858163793037 0.066258590429458974 -1.5965887239346139 -0.68196724973460465 0.08965936281851361 -2.188348802996845 1.6616670621292933 2.2399429689754142 -0.55341041684150694 0.98786428461557829 -2.7881761219190517 -0.22880878511443736 1.7294083765724251 -0.15418533233596998 -1.5961030158400538 0.16055339414160699 1.5618253432731661 -1.4741812318845375
leaf_weight=80366 69 76 78 295 26 67 89 149 107 263 85 28 47 106 26 94 49 82 28 22 80 58 23 100 57 51 20 128 90 185
leaf_count=80366 69 76 78 295 26 67 89 149 107 263 85 28 47 106 26 94 49 82 28 22 80 58 23 100 57 51 20 128 90 185
internal_value=3.68354e-12 -0.121605 -0.43798 -0.5355 -0.810042 -0.283048 0.371982 0.0249109 0.275455 0.526321 1.0298 1.52759 -0.270348 -0.551346 -0.142197 -0.0428875 0.00291321 -0.211738 -0.76786 0.32307 -1.38097 0.25525 -0.164159 -0.70739 0.971411 0.489408 0.68643 0.542828 0.73906 -1.17473
internal_weight=82944 2578 816 740 445 182 115 1762 705 483 220 135 222 175 1057 908 882 528 241 354 162 287 181 123 106 79 260 238 218 263
internal_count=82944 2578 816 740 445 182 115 1762 705 483 220 135 222 175 1057 908 882 528 241 354 162 287 181 123 106 79 260 238 218 263
is_linear=0
shrinkage=0.05


Tree=160
num_leaves=31
num_cat=0
split_feature=11 4 8 5 0 6 7 4 5 3 8 4 1 6 0 1 1 3 4 0 7 4 5 6 5 5 1 0 1 6
split_gain=14596.2 66039.4 83188.8 85178.6 180290 98580.2 103948 116320 86869.7 144154 86273.2 104711 115586 83204.1 112765 71823.9 136355 71427.8 68457.8 72644 102974 123011 116175 90343.8 149828 99427.4 66866.6 60711.2 58576.1 54616.1
threshold=0.46605794042707133 0.76981892152091114 1.0792073135794762 -0.85925218225375766 0.026260422942062291 0.30811198432835407 0.50473852548845832 0.52925050854562661 -0.24472827403648004 0.62843086497424028 -1.7404918888887655 0.40896630205798407 0.64744316098806876 0.30811198432835407 0.62200479086622573 0.38677219810085545 0.72477835388982881 0.32833015110569336 1.2750125887690096 0.4889046223815417 -0.44226394673424807 0.96227365190113923 -0.85925218225375766 -0.89145085320788475 -0.85925218225375766 -0.99864169796777025 0.98769444527794314 -0.052455811929887276 1.0000000180025095e-35 -0.89145085320788475
decision_type=2 2 2 2 2 2 2 2 2 2 2 2 2 2 2 2 2 2 2 2 2 2 2 2 2 2 2 2 2 2
left_child=-1 2 3 4 5 6 15 -8 9 13 -6 29 -13 14 27 -2 -17 -7 19 20 -3 22 -22 24 -23 -25 -19 -5 -21 -12
right_child=1 18 -4 8 10 17 7 -9 -10 -11 11 12 -14 -15 -16 16 -18 26 -20 28 21 23 -24 25 -26 -27 -28 -29 -30 -31
leaf_value=0.012626299459645364 -0.36513950143599455 0.0097451683867357166 0.26224931014387054 0.063260150816705496 0.085605811589422431 0.010878910957552661 0.10998118554209523 3.1556806059444655 -0.10911101428191611 -0.47902401906373626 1.4946803501674109 -2.4793988417664012 -0.33496332278146462 0.0072815815578995413 0.42418903505251787 -2.0786253796674705 -0.30009347183038915 0.67402845876712869 -0.17211397700680006 0.83285086887436255 1.5913952597461489 2.8465218930304808 0.37015983660412688 -0.65367887277014758 -0.30685245888307694 0.4506986722641384 3.4398321782167147 2.0721472647642987 -0.12148687887942711 -0.89732446618874873
leaf_weight=60882 2050 1396 1468 45 112 1440 402 34 6894 404 35 241 85 346 398 190 249 137 1857 175 439 79 350 336 72 518 26 229 1980 75
leaf_count=60882 2050 1396 1468 45 112 1440 402 34 6894 404 35 241 85 346 398 190 249 137 1857 175 439 79 350 336 72 518 26 229 1980 75
internal_value=1.22547e-10 -0.0348434 -0.0950669 -0.134235 -0.295637 -0.191972 -0.364681 0.34749 -0.0357169 0.320105 -1.1522 -1.47017 -1.92027 0.637245 0.961601 -0.489433 -1.06985 0.123171 0.0894168 0.18028 0.331784 0.582378 1.04966 0.21553 1.34293 0.0161895 1.1152 1.74222 -0.0439885 -0.136232
internal_weight=82944 22062 14860 13392 5076 4528 2925 436 8316 1422 548 436 326 1018 672 2489 439 1603 7202 5345 3190 1794 789 1005 151 854 163 274 2155 110
internal_count=82944 22062 14860 13392 5076 4528 2925 436 8316 1422 548 436 326 1018 672 2489 439 1603 7202 5345 3190 1794 789 1005 151 854 163 274 2155 110
is_linear=0
shrinkage=0.05


Tree=161
num_leaves=31
num_cat=0
split_feature=1 4 4 9 12 6 6 9 2 8 9 8 2 4 1 7 9 6 3 3 8 2 1 2 3 4 9 7 0 3
split_gain=15036.7 58483.4 108513 173076 121140 131447 114877 111590 99063.3 84574.7 75933.7 84104.6 84663 80530.2 121685 165672 152060 142114 141609 101584 89167.9 75668.9 74991.9 88313.8 72819.2 148507 71402.7 74369.7 95270.3 68418.1
threshold=0.13362434295243888 -0.81793260411596802 -0.50519366724809844 0.38504876088951162 -0.34815531191139565 1.0000000180025095e-35 -0.91243033262339701 -0.48131095111188943 0.70318873836464235 -1.7404918888887655 -1.2514084728909125 -1.7404918888887655 0.74673875642878629 -1.5636946843393509 0.51366745785811141 -0.67395931651126872 -0.19252438044475575 -0.89145085320788475 1.0279151537968598 0.70175705553673751 -1.0174668528432229 0.67369424648857079 0.84676729528940797 0.18736591949721973 0.85656203523071051 -1.0344441757937244 -0.28878657066713359 -0.90839521789717692 -0.052455811929887276 0.47465040927662722
decision_type=2 2 2 2 2 2 2 2 2 2 2 2 2 2 2 2 2 2 2 2 2 2 2 2 2 2 2 2 2 2
left_child=-1 10 3 7 8 6 -6 9 -5 -3 -2 24 13 26 -15 19 17 -17 20 22 -18 -11 -16 -24 -12 -26 -13 -28 -29 -7
right_child=1 2 -4 4 5 29 -8 -9 -10 21 11 12 -14 14 15 16 18 -19 -20 -21 -22 -23 23 -25 25 -27 27 28 -30 -31
leaf_value=0.021364539489882595 -0.19243287904688433 0.51315150294281453 -0.01838249500369555 -2.059966725194553 0.21019579865678681 1.7747267700731755 -1.237262456112342 0.21558747156369928 -0.25188497208413624 -0.35074180125815424 1.063143898789497 0.13648857144767015 -0.08863620888507813 0.05665511603669713 0.98395150700983924 2.9222117905433365 -1.3961269901644799 0.17830607443748903 3.1638140208306522 -1.2566996004288049 1.3892254293107122 -1.3059264601803706 0.64124294549951122 -1.1191758350277625 0.47521538941876246 -2.088106133824303 -3.0482492649193969 1.0299328949716358 -1.0777117614022325 -1.1025473750299877
leaf_weight=41325 2172 239 25560 272 208 88 402 1489 105 1380 425 567 3871 1899 230 52 31 510 115 129 393 244 144 141 548 63 33 72 210 27
leaf_count=41325 2172 239 25560 272 208 88 402 1489 105 1380 425 567 3871 1899 230 52 31 510 115 129 393 244 144 141 548 63 33 72 210 27
internal_value=1.54892e-10 -0.0212136 -0.058069 -0.285817 -0.829411 -0.451382 -0.743703 -0.107105 -1.55639 -0.365017 0.0741055 0.135477 0.0830362 0.229864 0.333626 0.63504 1.00764 0.432191 1.60765 -0.00197238 1.18558 -0.494255 0.312319 -0.229701 0.560525 0.210912 -0.198829 -0.802402 -0.53959 1.09919
internal_weight=82944 41619 30014 4454 1102 725 610 3352 377 1863 11605 9433 8397 4526 3644 1745 1101 562 539 644 424 1624 515 285 1036 611 882 315 282 115
internal_count=82944 41619 30014 4454 1102 725 610 3352 377 1863 11605 9433 8397 4526 3644 1745 1101 562 539 644 424 1624 515 285 1036 611 882 315 282 115
is_linear=0
shrinkage=0.05


Tree=162
num_leaves=31
num_cat=0
split_feature=6 1 10 9 1 4 4 3 4 9 4 2 1 11 4 2 4 4 9 9 0 1 4 4 3 9 0 4 0 0
split_gain=14020.6 47787.3 77753.5 51222.1 91527.3 109631 62797.4 48209.7 67558.8 81824.7 223764 110127 91161.1 67017.9 63245.3 54997 48284.6 46480.9 45996.8 45402.6 86228.4 64780 44806.6 92827.2 79209.7 53347.2 81477.9 78002.8 52730.4 43804.9
threshold=1.7077461606570974 -2.2160820167546751 1.0000000180025095e-35 1.3476706631132906 -1.8671886394873007 0.43302314335551256 -0.55330734984315477 -0.61982507694372868 -0.50519366724809844 -0.096262190222377877 0.072170523892585367 -1.2525850015179023 0.67904202230690391 1.0000000180025095e-35 0.072170523892585367 -0.15046424011878376 1.0000000180025095e-35 0.84198944541349674 1.6364572337804246 0.77009752177902324 1.0000000180025095e-35 -0.7632261765416849 1.2750125887690096 0.84198944541349674 -1.0922045854630837 -0.096262190222377877 -0.60072431572695317 0.93821681060361073 -1.3198341981492334 -0.4692276898040279
decision_type=2 2 2 2 2 2 2 2 2 2 2 2 2 2 2 2 2 2 2 2 2 2 2 2 2 2 2 2 2 2
left_child=-1 -2 7 4 5 -4 18 13 -9 14 11 -11 -12 16 -10 -15 -3 -7 -5 20 21 -13 23 24 28 26 -25 -28 -6 -30
right_child=1 2 3 6 22 17 -8 8 9 10 12 19 -14 15 -16 -17 -18 -19 -20 -21 -22 -23 -24 25 -26 -27 27 -29 29 -31
leaf_value=0.006862254888620991 0.61095538439658414 2.3980268709121213 -0.45887202305926222 0.32834741425927449 1.4135157216137106 3.9476402848958969 -1.5306610549986364 0.17499003680028655 0.44755875687242225 1.3798210793528065 0.39755509701764674 -1.7434449019584251 -1.1958632523339727 0.33225278258681479 -0.21130593486747185 -0.78616748906373979 -0.10358951921973909 1.1014783856960444 -1.6135594439215777 -0.57777194681309041 -1.3508018180727959 -4.1723402962540135 0.55094977962843916 1.6189710257947447 -0.37589971769045583 -1.5136557979815843 -3.535858729233345 -0.25553608842798181 -0.27233623923793915 2.1610564050220309
leaf_weight=74628 256 62 54 119 110 32 180 1878 512 29 409 47 115 911 1262 125 28 26 41 59 157 66 141 40 1140 243 24 74 155 21
leaf_count=74628 256 62 54 119 110 32 180 1878 512 29 409 47 115 911 1262 125 28 26 41 59 157 66 141 40 1140 243 24 74 155 21
internal_value=-9.91548e-11 -0.0615821 -0.082943 -0.32143 -0.227588 1.16236 -0.890005 0.0181823 -0.0545384 -0.216833 -0.61042 -1.57393 0.0478545 0.311002 -0.0211488 0.197308 1.61975 2.67177 -0.169266 -1.83429 -2.10886 -3.16209 -0.307502 -0.374487 -0.189249 -1.06779 -0.282692 -1.05888 0.554744 0.0180117
internal_weight=82944 8316 8060 2400 2060 112 340 5660 4534 2656 882 358 524 1126 1774 1036 90 58 160 329 270 113 1948 1807 1426 381 138 98 286 176
internal_count=82944 8316 8060 2400 2060 112 340 5660 4534 2656 882 358 524 1126 1774 1036 90 58 160 329 270 113 1948 1807 1426 381 138 98 286 176
is_linear=0
shrinkage=0.05


Tree=163
num_leaves=31
num_cat=0
split_feature=3 4 7 9 0 2 0 3 3 2 6 0 5 3 0 4 7 7 5 4 4 5 3 5 3 5 7 0 2 2
split_gain=14020 24919.6 34770.7 26333 18371.9 14104.2 13950.2 22263.3 19378.6 18566.6 31671.5 25763.2 18330.1 17913.8 17344.5 24837 122489 74201.2 163228 128648 81890.6 71049.9 58934.9 58234.7 64924.3 68421.6 48923.4 44099.7 38931.7 36928.6
threshold=2.1326918926549117 0.69764839762832587 0.50473852548845832 -0.19252438044475575 0.56837680559423676 0.61371090745568624 -1.6588868161365133 -3.4162401030471474 -0.21237470035288722 -3.3487556704309971 0.30811198432835407 -0.42016282327938065 -1.3068553720381466 0.33475577276400342 1.1059526493479568 1.3471831126615947 1.7010387896728181 -0.44226394673424807 -0.65128935879477201 1.5636946843393513 1.6118083669344083 -0.30505838731795659 1.268182445975061 -1.3937669968154378 0.54861775776127308 -1.2818148012906687 -0.74611299300944822 0.32520881608126934 -1.1184548154775074 0.41250432455844266
decision_type=2 2 2 2 2 2 2 2 2 2 2 2 2 2 2 2 2 2 2 2 2 2 2 2 2 2 2 2 2 2
left_child=6 3 5 -2 -5 -3 7 -1 -9 10 11 12 -8 -10 15 -11 17 21 19 23 -21 26 -20 -19 25 -25 29 -24 -22 -17
right_child=1 2 -4 4 -6 -7 9 8 13 14 -12 -13 -14 -15 -16 16 -18 18 22 20 28 -23 27 24 -26 -27 -28 -29 -30 -31
leaf_value=0.59081989441616223 -0.59389516729861502 -0.040305112600326543 0.025250675948788822 0.10531871294182155 1.8267168591099403 -1.5039190678186314 -0.22123600749685088 -0.085218692456140666 -0.86727592955592658 0.028056744126949765 -1.764788312974729 -1.6377262335557206 1.0892439013018327 0.42597073199171009 -0.04748343215781993 0.31270665254474012 0.55323887340847955 0.056741764588454341 -0.081975563971748877 0.71513096781153429 0.23803144983947278 -0.17688384910021857 2.2941451180812922 -0.91525107877836998 -0.72842018608380821 -2.2143293250430083 0.60710737145715632 0.40809888540691619 -0.81983545501068056 -0.47444905270013521
leaf_weight=117 48 20 103 31 31 93 124 3782 142 58952 38 26 34 33 12211 371 709 97 1915 190 120 1590 43 176 336 239 697 111 316 249
leaf_count=117 48 20 103 31 31 93 124 3782 142 58952 38 26 34 33 12211 371 709 97 1915 190 120 1590 43 176 336 239 697 111 316 249
internal_value=1.41346e-10 -0.32725 -0.639212 0.285328 0.966018 -1.24487 0.00129129 -0.0889218 -0.10902 0.00597055 -0.450639 -0.179238 0.060766 -0.623407 0.00726479 0.017377 -0.0705669 -0.139137 -0.292752 -0.694833 -0.151165 0.0480856 -0.00630062 -1.09617 -1.24508 -1.66339 0.319689 0.934722 -0.528679 -0.00342524
internal_weight=82944 326 216 110 62 113 82618 4074 3957 78544 222 184 158 175 78322 66111 7159 6450 3543 1474 626 2907 2069 848 751 415 1317 154 436 620
internal_count=82944 326 216 110 62 113 82618 4074 3957 78544 222 184 158 175 78322 66111 7159 6450 3543 1474 626 2907 2069 848 751 415 1317 154 436 620
is_linear=0
shrinkage=0.05


Tree=164
num_leaves=31
num_cat=0
split_feature=1 8 2 0 4 1 0 3 5 5 4 9 5 3 5 4 5 4 5 3 4 0 5 0 3 6 5 0 2 0
split_gain=14168 40681.4 26986.3 34491.1 35655.6 30663.9 26492.3 24269.5 23643.5 23338.3 43967.1 21877.1 23961.5 21651.1 36878.6 21549.1 51138.2 65634.2 46841.3 38584.3 29048.4 38771.6 41453.6 25354.6 20986.1 35692.9 37189.6 20637.4 19390.4 20962.9
threshold=1.7813136723100536 0.37100531152820115 1.2623166656443179 0.3440789419697764 -1.0103873344961958 2.4897801535579531 0.72553946197796038 1.1749738529466063 0.65128935879477212 -0.85925218225375766 -1.2990694300665375 -0.57757314133426729 -1.157767925009574 1.5342840617767599 0.65128935879477212 -1.3952967952566515 0.70535813777133538 1.5396378430418227 0.75810821674430728 1.2418449932573394 -1.0585010170912528 0.32520881608126934 -0.95394520574413588 0.62867323683413623 0.82265556731106138 -0.91243033262339701 0.95394520574413566 0.32520881608126934 1.6761512849956526 0.57912398970290024
decision_type=2 2 2 2 2 2 2 2 2 2 2 2 2 2 2 2 2 2 2 2 2 2 2 2 2 2 2 2 2 2
left_child=28 2 3 8 5 7 13 -5 9 10 -2 -4 -13 -3 -15 18 20 19 -14 -18 23 -22 -23 -17 -20 -26 -27 -19 -1 -30
right_child=1 6 11 4 -6 -7 -8 -9 -10 -11 -12 12 15 14 -16 16 17 27 24 -21 21 22 -24 -25 25 26 -28 -29 29 -31
leaf_value=0.00095271735149802671 0.5944957812349394 -0.14832215806658286 -0.70155501373412221 1.7775318464734289 0.10357394082110533 0.2222659319159849 -1.125234204074284 0.12405997344425745 -1.7742609417997302 0.69640620868939618 -1.2374115503840635 -1.5438749721703622 -0.65848632495691806 -0.38991155158887564 -2.2199447453022003 0.068058777836208437 -2.0815079033738231 1.5291444276060377 2.1213831354271284 -0.53810009401291603 0.92550353438689792 -2.5566583343174152 -0.20247695629298687 1.6190734024633444 -1.5142433148622514 0.1451681027887389 1.4715931095679602 -0.16031375436806214 0.083301870562136171 0.6001276360679294
leaf_weight=79372 57 552 149 107 263 85 111 28 23 65 77 26 94 117 36 49 82 28 22 80 58 23 100 57 20 128 90 51 725 269
leaf_count=79372 57 552 149 107 263 85 111 28 23 65 77 26 94 117 36 49 82 28 22 80 58 23 100 57 20 128 90 51 725 269
internal_value=1.03775e-10 -0.115379 0.0197873 0.259385 0.496485 0.966192 -0.407246 1.43459 -0.256469 -0.0810454 -0.458167 -0.14002 -0.0478736 -0.294201 -0.820508 -0.00377374 -0.206139 -0.743119 0.298059 -1.31933 0.244775 -0.140175 -0.64269 0.902095 0.643886 0.507311 0.692775 0.438482 0.00370116 0.223167
internal_weight=82944 2578 1762 705 483 220 816 135 222 199 134 1057 908 705 153 882 528 241 354 162 287 181 123 106 260 238 218 79 80366 994
internal_count=82944 2578 1762 705 483 220 816 135 222 199 134 1057 908 705 153 882 528 241 354 162 287 181 123 106 260 238 218 79 80366 994
is_linear=0
shrinkage=0.05


Tree=165
num_leaves=31
num_cat=0
split_feature=1 11 4 4 5 8 9 5 12 0 4 11 6 4 0 4 6 4 3 0 4 4 7 8 11 4 1 6 12 5
split_gain=13551.2 54289.8 101402 289122 142119 77539.9 75155.2 124687 219914 109895 110835 101841 185562 183304 162558 157055 84696.1 91413.9 77924.2 81550 78329.4 146833 179660 130469 139870 128751 117770 145403 117978 80211
threshold=0.13362434295243888 -0.76213734878520889 0.89010312800855373 0.57736419114068349 0.90745195762283271 -0.27754979391328816 0.2887865706671337 0.90745195762283271 1.0000000180025095e-35 1.0414501301141674 -0.43302314335551256 1.0000000180025095e-35 1.0000000180025095e-35 -1.4193536365541799 1.0000000180025095e-35 1.2750125887690096 1.1133806251249947 -0.21651157167775612 1.769898520573933 0.62867323683413623 -0.84198944541349652 -0.31273893686786985 1.7010387896728181 -1.0174668528432229 0.46605794042707133 -0.57736419114068327 1.0816218058448215 -0.91243033262339701 -0.6963106238227913 1.1210959212062968
decision_type=2 2 2 2 2 2 2 2 2 2 2 2 2 2 2 2 2 2 2 2 2 2 2 2 2 2 2 2 2 2
left_child=-1 2 3 -2 -5 -4 7 -3 11 -10 -11 14 13 -13 -9 -15 17 -16 19 20 26 22 -22 24 -23 -24 -8 -28 -29 -25
right_child=1 6 5 4 -6 -7 18 8 9 10 -12 12 -14 15 16 -17 -18 -19 -20 -21 21 23 25 29 -26 -27 27 28 -30 -31
leaf_value=0.020281737134211813 -0.12582141359402826 0.0098989889142087895 -0.31097077906963394 -0.45480192642528838 -2.0138416989762455 0.36581398223221911 0.5585364362201618 4.5487179313387189 -0.0037737084039149169 -4.8503753741582241 0.18943659305572511 -3.4374290328759418 0.95243924534674429 2.8594147804805212 2.4358149739133346 -1.8128452023944341 -0.033933963837183043 0.015871202889478433 1.8748002551172089 0.5597333292607497 -0.67308394026495666 -1.9053948556732891 -1.0544199059943897 -0.30623400470211704 -0.039998764986988948 -5.1466475865244874 -2.3663697734829925 1.3994985135179936 -0.57620237447073064 0.34276337352914554
leaf_weight=41325 5466 26590 598 272 316 1448 639 42 954 24 20 52 590 35 148 37 92 53 46 335 992 199 37 925 203 40 84 101 300 981
leaf_count=41325 5466 26590 598 272 316 1448 639 42 954 24 20 52 590 35 148 37 92 53 46 335 992 199 37 925 203 40 84 101 300 981
internal_value=6.64543e-11 -0.0201385 -0.136306 -0.239151 -1.29265 0.168005 0.00793398 0.0388468 0.414872 -0.116453 -2.55955 0.920365 0.582909 -1.17534 1.6396 0.458392 1.22259 1.79772 -0.173396 -0.192878 -0.248893 -0.369229 -0.853675 -0.144848 -0.963416 -3.18025 0.11265 -0.474817 -0.078582 0.0277987
internal_weight=82944 41619 8100 6054 588 2046 33519 28637 2047 998 44 1049 714 124 335 72 293 201 4882 4836 4501 3377 1069 2308 402 77 1124 485 401 1906
internal_count=82944 41619 8100 6054 588 2046 33519 28637 2047 998 44 1049 714 124 335 72 293 201 4882 4836 4501 3377 1069 2308 402 77 1124 485 401 1906
is_linear=0
shrinkage=0.05


Tree=166
num_leaves=31
num_cat=0
split_feature=11 4 2 5 6 4 6 5 3 4 4 4 2 3 2 4 1 8 6 7 4 2 1 3 1 1 5 6 8 3
split_gain=13551.7 59752.5 83487.2 87992.8 109920 103011 74443.8 97756 113311 116806 249143 138727 157465 134759 105156 82038 78834.4 73002.4 61062.4 54907.7 101866 182550 110998 64128.9 56288.6 109108 93876 125009 134174 84738.5
threshold=0.46605794042707133 0.76981892152091114 0.6251259857739736 -0.85925218225375766 -0.066328909107543868 0.91415996930608234 -0.89145085320788475 -0.80943899875565417 0.50420011625186423 -0.81793260411596802 0.38490946076045557 -1.5877515256368793 -3.012839893730789 0.1559543538269256 -0.56653928851149116 -0.67359155633079704 0.31953546075417266 -1.7404918888887655 -0.91243033262339701 1.7010387896728181 0.072170523892585367 -0.21034444323865201 -0.32047262260717285 -0.42771478576148575 0.28756026012522945 0.74770502549974616 -0.90745195762283293 0.30811198432835407 1.0792073135794762 -0.1909371504334175
decision_type=2 2 2 2 2 2 2 2 2 2 2 2 2 2 2 2 2 2 2 2 2 2 2 2 2 2 2 2 2 2
left_child=-1 6 -3 5 -5 -4 7 8 9 11 15 -2 -13 14 -14 -11 18 -7 -12 24 21 22 -21 -23 -8 26 27 28 -26 -30
right_child=1 2 3 4 -6 17 19 -9 -10 10 16 12 13 -15 -16 -17 -18 -19 -20 20 -22 23 -24 -25 25 -27 -28 -29 29 -31
leaf_value=0.012166123929453099 0.50955589456509232 -0.0090924749556725078 1.680388264499348 -1.0552695175868343 0.33310897830326036 2.1474336417216175 0.098638885214034216 -0.071879839920020575 0.23949755749716939 1.8667377347037908 -2.7071924969866559 -0.73949629616965162 -3.0981077610321766 -0.7053784892261028 -6.8277310454327127 -0.037560763205763688 -0.72061764215798074 0.17996776078760068 -0.72027903854284647 -0.25145329757251661 0.13308173273870136 -4.680459610621134 -2.1827145940491133 -1.3005290748308536 -2.2167261474712965 0.27479752470454061 -0.14164187630019726 0.4341314529724743 -1.3421396865771058 0.99249700411506314
leaf_weight=60882 73 5527 232 174 789 53 6838 2672 360 63 143 157 106 50 23 553 180 427 53 651 724 36 84 23 229 766 803 115 89 69
leaf_count=60882 73 5527 232 174 789 53 6838 2672 360 63 143 157 106 50 23 553 180 427 53 651 724 36 84 23 229 766 803 115 89 69
internal_value=5.62741e-11 -0.0335735 0.084624 0.393861 0.0822493 0.815323 -0.0908587 -0.262494 -0.551716 -0.755025 -0.461876 -1.46604 -1.89526 -2.90897 -3.76308 0.157197 -1.4761 0.397209 -2.16991 -0.0178887 -0.295851 -0.686968 -0.472169 -3.36286 0.0294731 -0.198898 -0.476944 -1.01329 -1.44341 -0.322583
internal_weight=82944 22062 7202 1675 963 712 14860 4433 1761 1401 992 409 336 179 129 616 376 480 196 10427 1518 794 735 59 8909 2071 1305 502 387 158
internal_count=82944 22062 7202 1675 963 712 14860 4433 1761 1401 992 409 336 179 129 616 376 480 196 10427 1518 794 735 59 8909 2071 1305 502 387 158
is_linear=0
shrinkage=0.05


Tree=167
num_leaves=31
num_cat=0
split_feature=6 5 2 0 4 5 5 1 4 4 0 5 4 4 4 1 9 0 1 5 3 5 9 4 5 0 4 4 1 4
split_gain=13918.8 51390.2 74525.9 87819.4 65476.4 95540.9 95519 76964 70387.1 98311.6 53747.8 139233 144203 130162 81898.4 88533.3 73820.1 51113.5 51007.8 56756.9 44815.7 97716.6 200410 43912.3 54583.3 43326 109333 60436.1 41506.4 63065.8
threshold=1.7077461606570974 -1.4141003550473299 -1.8169679628284221 -0.75231536578290303 -0.52925050854562683 -1.3816171070223857 -0.85925218225375766 1.1596537247280991 1.4674673191492373 -0.19245473038022767 -1.3198341981492334 1.1922423828011943 -0.024056841297528036 -0.3367957781653988 0.38490946076045557 -1.8671886394873007 1.0588840924461571 -0.53360986866257221 -0.47863544464024077 -1.3494002584220433 0.62021754813568941 0.90745195762283271 -1.2514084728909125 0.36085261946292707 -0.90745195762283293 -1.0285872218275423 -1.0103873344961958 -1.1547283822813665 -2.1434749563259645 0.38490946076045557
decision_type=2 2 2 2 2 2 2 2 2 2 2 2 2 2 2 2 2 2 2 2 2 2 2 2 2 2 2 2 2 2
left_child=-1 -2 3 28 6 8 25 10 9 -6 13 -12 -13 -7 16 -16 -15 -14 19 -17 21 22 -8 -9 -25 27 -27 -4 29 -3
right_child=1 2 4 -5 5 7 20 23 -10 -11 11 12 17 14 15 18 -18 -19 -20 -21 -22 -23 -24 24 -26 26 -28 -29 -30 -31
leaf_value=0.0068372921131545769 -1.1299963016759369 -0.38681317261036707 0.77949812887551417 2.5253584158420566 0.72924199581146243 -2.0574199669898072 -0.63355733692568017 -2.0767767708799609 0.47101978138089184 -3.272366237640381 -0.14846636386144288 -5.8031900978088382 -1.8588787960627724 2.1950795431112509 1.7875113136238523 -1.9228921896532964 0.50428119857694209 0.8131350975036622 -2.2394296580347524 0.097873361828952593 -0.3664029477377867 -0.26961686670629664 1.4191794240569313 -2.2119458800867986 -0.013870957561514595 0.25717464037040255 1.9279479575048133 -0.46591239706942122 -0.093123730768760057 1.478097246116137
leaf_weight=74628 111 68 207 50 20 58 191 73 30 66 3557 20 63 97 63 38 193 25 29 406 804 693 315 38 110 243 164 184 264 136
leaf_count=74628 111 68 207 50 20 58 191 73 30 66 3557 20 63 97 63 38 193 25 29 406 804 693 315 38 110 243 164 184 264 136
internal_value=2.17352e-11 -0.061358 -0.0469011 0.533593 -0.0860186 -0.196506 0.106714 -0.162027 -1.61432 -2.34176 -0.117759 -0.202166 -1.97079 0.232189 0.392961 0.0267471 1.06982 -1.09978 -0.207773 -0.075075 -0.0775838 0.116086 0.644332 -1.07323 -0.578242 0.569305 0.93041 0.193423 0.320798 0.85646
internal_weight=82944 8316 8205 518 7687 4886 2801 4770 116 86 4549 3665 108 884 826 536 290 88 473 444 2003 1199 506 221 148 798 407 391 468 204
internal_count=82944 8316 8205 518 7687 4886 2801 4770 116 86 4549 3665 108 884 826 536 290 88 473 444 2003 1199 506 221 148 798 407 391 468 204
is_linear=0
shrinkage=0.05


Tree=168
num_leaves=31
num_cat=0
split_feature=3 4 7 0 5 6 5 2 0 4 5 5 4 4 0 5 4 4 4 5 2 0 4 3 4 5 5 2 2 2
split_gain=12800.3 22904.4 29664.2 24956.1 16558.4 13104.9 46379.7 67259.6 79993.8 59092.5 86225.7 86205.9 63524.4 88726.2 56406.8 139076 134767 131570 75527.3 96314.2 54888.7 43762.8 77188.8 66110.8 57933.7 96675.1 70445.4 142818 69932.1 69623.3
threshold=2.1326918926549117 0.69764839762832587 0.50473852548845832 0.21558732795275121 -0.85925218225375766 1.7077461606570974 -1.4141003550473299 -1.8169679628284221 -0.70173724245530045 -0.52925050854562683 -1.3816171070223857 -0.85925218225375766 1.4674673191492373 -0.19245473038022767 -1.3198341981492334 1.1922423828011943 -0.24056841297528506 -0.3367957781653988 0.91415996930608234 -1.3494002584220433 -0.92762346613588453 0.32520881608126934 0.072170523892585367 -0.25629672200667136 1.2750125887690096 -0.85925218225375766 0.36482234569996347 -0.9991573580571832 0.134713705974289 0.54941424234217939
decision_type=2 2 2 2 2 2 2 2 2 2 2 2 2 2 2 2 2 2 2 2 2 2 2 2 2 2 2 2 2 2
left_child=5 3 -3 -2 -5 -1 -7 8 -8 11 12 -9 13 -11 17 21 -17 -12 20 -20 -19 24 23 -23 26 28 29 -28 -26 -16
right_child=1 2 -4 4 -6 6 7 9 -10 10 14 -13 -14 -15 15 16 -18 18 19 -21 -22 22 -24 -25 25 -27 27 -29 -30 -31
leaf_value=0.007895861110277928 -0.82785260186264564 -1.1711943176204125 0.0019597985194001384 1.4126678003506228 -0.096031321200632291 -1.0734964757352263 0.32234622615099956 0.54083944425350972 2.5986743448745635 0.6927799010276795 -1.9971818894325268 -0.073704628147560541 0.4474687931934993 -3.1087478760517007 -0.091497535645619937 -5.3763029139974847 -1.0924990391665763 1.3583209918681967 -2.9779395728275695 0.044661739089600361 0.30638275360720357 1.5316311013794714 -0.26033404480776318 0.20705432103405119 0.33559487568480628 0.86227303407487865 -0.060537393280142883 -1.4595172097637685 -1.5392318059386003 -1.4720943904886343
leaf_weight=74302 35 113 103 44 31 111 476 798 42 20 63 2003 30 66 1177 23 91 215 29 289 293 124 793 392 98 249 339 395 101 99
leaf_count=74302 35 113 103 44 31 111 476 798 42 20 63 2003 30 66 1177 23 91 215 29 289 293 124 793 392 98 249 339 395 101 99
internal_value=-9.2352e-11 -0.312692 -0.611774 0.274596 0.789072 0.00123384 -0.0582901 -0.0445561 0.506913 -0.0817177 -0.186681 0.101378 -1.5336 -2.22467 -0.153926 -0.236217 -1.95678 0.205325 0.373313 -0.230984 0.751593 -0.184148 0.0493832 0.525363 -0.308515 0.205651 -0.423115 -0.813394 -0.61595 -0.198613
internal_weight=82944 326 216 110 75 82618 8316 8205 518 7687 4886 2801 116 86 4770 3881 114 889 826 318 508 3767 1309 516 2458 448 2010 734 199 1276
internal_count=82944 326 216 110 75 82618 8316 8205 518 7687 4886 2801 116 86 4770 3881 114 889 826 318 508 3767 1309 516 2458 448 2010 734 199 1276
is_linear=0
shrinkage=0.05


Tree=169
num_leaves=31
num_cat=0
split_feature=1 8 2 2 4 5 2 0 9 9 4 0 3 4 2 3 9 4 5 5 3 5 4 2 6 4 1 3 4 4
split_gain=13065.2 35951.4 25063.1 28821.6 46104.9 36588.8 24481.6 30843.9 51113.3 27999.1 52201.7 20867.4 19973.4 19431.8 19378.7 18577.3 16962.2 23727.6 78339.3 39502.3 35133.1 33312.6 34739 32990.9 24739.8 27517.5 20847.7 17579.1 17389.4 30244.9
threshold=1.7813136723100536 0.37100531152820115 0.076279609818578967 1.494533552376071 0.43302314335551256 -0.65128935879477201 1.2623166656443179 0.49722644426876567 -0.19252438044475575 -0.28878657066713359 -1.2750125887690089 1.2151013450135013 0.75145208418202936 1.6839788908269935 2.1422996835152888 1.6949883732533766 -0.57757314133426729 -1.4915241604467655 0.70535813777133538 0.70535813777133538 1.2418449932573394 -0.99864169796777025 -1.1547283822813665 1.805007244251817 -0.89145085320788475 -1.2750125887690089 2.0461742978437463 1.4943526861279197 1.5155810017442943 -1.3712399539591229
decision_type=2 2 2 2 2 2 2 2 2 2 2 2 2 2 2 2 2 2 2 2 2 2 2 2 2 2 2 2 2 2
left_child=-1 6 -3 4 -4 14 7 9 11 12 -11 15 -2 16 -5 -9 -8 18 -18 21 28 24 -23 26 25 27 -20 -19 29 -21
right_child=1 2 3 5 -6 -7 13 8 -10 10 -12 -13 -14 -15 -16 -17 17 19 23 20 -22 22 -24 -25 -26 -27 -28 -29 -30 -31
leaf_value=0.0035541889755387676 1.1513457234175701 0.48583333900074166 -1.0578297917008794 0.33111891466205434 0.27859817481622468 -0.89722533920513736 -0.6593832655841072 0.62126467330984292 2.2577049524356161 0.25839522279460325 -1.5242614631528979 -0.54461377620697016 -0.060163697098430835 1.407758413180709 -1.2576646444343387 -0.95646121382713334 -1.6096591032702816 -1.6390746319293976 2.5897454003015392 -0.51971892012017118 -0.1813241105940607 1.5240622809221005 0.10260140211826348 0.13978610035939878 0.4081649170472072 -2.6769477435520717 0.94387281935762712 0.30179103900279319 -0.096328170180320749 -2.2464876497164368
leaf_weight=80366 53 75 303 223 82 112 149 278 39 88 77 55 95 20 21 20 44 20 26 42 162 58 166 119 39 21 74 28 25 64
leaf_count=80366 53 75 303 223 82 112 149 278 39 88 77 55 95 20 21 20 44 20 26 42 162 58 166 119 39 21 74 28 25 64
internal_value=-8.10896e-12 -0.110797 -0.385172 -0.473331 -0.773188 -0.149047 0.0162682 0.244476 0.539998 -0.125634 -0.573511 0.350223 0.373688 -0.135942 0.194379 0.515377 -0.165715 -0.0828806 0.315549 -0.25054 -0.673673 0.122887 0.470658 0.702349 -0.598415 -1.16735 1.3718 -0.506903 -1.28253 -1.5623
internal_weight=82944 2578 816 741 385 356 1762 705 392 313 165 353 148 1057 244 298 1037 888 263 625 293 332 224 219 108 69 100 48 131 106
internal_count=82944 2578 816 741 385 356 1762 705 392 313 165 353 148 1057 244 298 1037 888 263 625 293 332 224 219 108 69 100 48 131 106
is_linear=0
shrinkage=0.05


Tree=170
num_leaves=31
num_cat=0
split_feature=11 4 2 8 3 2 1 0 4 3 4 1 4 3 1 0 9 0 8 6 6 12 0 3 9 0 6 1 12 2
split_gain=12804.8 54639.1 76066 70779 69239.8 76552.1 101267 53022.2 52554.3 195103 183812 142645 113542 74148 68071.3 57638.3 48919.6 48260.1 46785.1 42777.9 53484 42616.9 80209.4 68557.4 47060.4 117339 99697.3 100621 89206.8 89214.6
threshold=0.46605794042707133 0.76981892152091114 0.6251259857739736 1.0792073135794762 1.5342840617767599 1.2890677334865031 0.94641503041071762 0.54794536091234869 0.38490946076045557 -0.70866400175486632 -0.21651157167775612 -0.13071696904249158 -0.50519366724809844 0.17585310190038292 0.92754309218568431 -1.1037800134002183 0.77009752177902324 0.53770354258189801 -1.7404918888887655 1.1133806251249947 0.30811198432835407 1.0444659357341872 -0.72386180722228988 -1.2427499936392385 -0.28878657066713359 -0.2543106510081718 0.30811198432835407 0.76022021097331982 -0.34815531191139565 0.60487831690111282
decision_type=2 2 2 2 2 2 2 2 2 2 2 2 2 2 2 2 2 2 2 2 2 2 2 2 2 2 2 2 2 2
left_child=-1 3 -3 21 5 6 18 -6 10 -10 12 13 -5 16 15 -13 -12 -11 -4 20 -8 24 23 -23 28 -26 27 -27 -2 -30
right_child=1 2 4 8 7 -7 19 -9 9 17 11 14 -14 -15 -16 -17 -18 -19 -20 -21 -22 22 -24 -25 25 26 -28 -29 29 -31
leaf_value=0.011826127400712474 -0.14256075648515573 -0.0090625966891124607 1.9679374293444007 0.23590510277472243 0.1866092975668866 -0.45692911093965888 1.5438913255419051 -1.1188840837050706 -3.270998697695525 0.68851421449659611 4.6972009420394896 -0.29768493003211915 -1.7014185809953646 0.79394364774227144 -2.1052785938436336 1.6435249569855239 2.4544251491946558 -0.32503472482712825 0.34734089710333937 0.32449230900300402 3.7971743645206573 2.9705289989709858 -0.48283793160204208 0.012917288055805746 -0.077138105718184774 -1.4620431597301371 0.14580585544690108 1.2022446999947229 0.76923769242189333 -0.45589202899842507
leaf_weight=60882 1236 5527 47 538 232 168 175 117 46 217 40 64 88 40 22 95 62 256 849 56 31 20 1906 964 7747 388 195 39 709 188
leaf_count=60882 1236 5527 47 538 232 168 175 117 46 217 40 64 88 40 22 95 62 256 849 56 31 20 1906 964 7747 388 195 39 709 188
internal_value=7.6758e-11 -0.0326352 0.0803917 -0.0874145 0.375564 0.540487 0.68519 -0.251049 0.242174 -0.162365 0.463413 1.43216 -0.0364343 2.61845 0.501475 0.862157 3.33395 0.139955 0.43235 1.54987 1.88298 -0.123543 -0.293573 0.0730313 -0.0767535 -0.130188 -0.790921 -1.2187 0.1329 0.512466
internal_weight=82944 22062 7202 14860 1675 1326 1158 349 1468 519 949 323 626 142 181 159 102 473 896 262 206 13392 2890 984 10502 8369 622 427 2133 897
internal_count=82944 22062 7202 14860 1675 1326 1158 349 1468 519 949 323 626 142 181 159 102 473 896 262 206 13392 2890 984 10502 8369 622 427 2133 897
is_linear=0
shrinkage=0.05


Tree=171
num_leaves=31
num_cat=0
split_feature=1 11 4 4 5 8 5 2 3 8 3 2 2 4 5 9 5 4 1 6 5 2 5 9 2 3 12 5 1 2
split_gain=13094.1 50356.2 94254 270311 132484 68594.7 66401.4 86585.2 77481.9 65862.2 62658.3 60517.2 59011.6 66841.1 73673.6 58823.9 151765 182145 102694 92756.2 58089.8 58814.3 54524.2 53975.7 60344 62265.1 62261.7 158719 81801.7 72681.7
threshold=0.12756365567262598 -0.76213734878520889 0.89010312800855373 0.57736419114068349 0.90745195762283271 1.0000000180025095e-35 -1.0822991561714665 -0.56653928851149116 1.6282654869791371 0.74090168677562918 0.12016439031631974 1.5519989220804409 0.083211815551208948 -0.48113682595056956 1.082299156171467 -0.38504876088951151 0.42390874111029014 -0.12028420648764233 0.70122656898466673 1.1133806251249947 1.1577679250095743 0.31121748962359114 0.90745195762283271 -1.3476706631132902 0.030870842879338053 1.6282654869791371 -0.34815531191139565 1.1577679250095743 0.41601347386220128 -0.21034444323865201
decision_type=2 2 2 2 2 2 2 2 2 2 2 2 2 2 2 2 2 2 2 2 2 2 2 2 2 2 2 2 2 2
left_child=-1 2 3 11 10 -4 8 -8 -3 -7 -5 12 13 22 -15 16 18 -18 -14 -19 -6 -22 -2 -9 26 -26 27 -25 -28 -29
right_child=1 6 5 4 20 9 7 23 -10 -11 -12 -13 15 14 -16 -17 17 19 -20 -21 21 -23 -24 24 25 -27 28 29 -30 -31
leaf_value=0.02009408363929675 0.33650934533741239 -0.24355490734861074 -0.23871225225347814 0.69641110918101146 -2.4379135076906167 0.64517361743537394 0.91265837418833284 -0.1241039739193479 1.0763413031334463 -0.072503004902452373 -0.93812330220899887 2.385282623767853 -0.043935587204644383 0.3251910584634517 1.8586032617505237 0.011407377396313964 0.10487471366750784 -1.4148698275488232 -1.0014653658903228 -3.454599010149638 -2.376440542571399 -0.11784763915198192 -0.68878234704963781 -0.30800680395791269 0.10089524557627383 -0.22699698472653074 -0.39179170257679641 -3.7438633225180888 0.28803084508251159 -0.28607453831604551
leaf_weight=40999 266 3355 702 85 204 835 276 5163 115 518 189 24 1914 349 101 1845 174 217 328 75 49 70 253 426 21011 1555 887 55 883 21
leaf_count=40999 266 3355 702 85 204 835 276 5163 115 518 189 24 1914 349 101 1845 174 217 328 75 49 70 253 426 21011 1555 887 55 883 21
internal_value=8.55398e-11 -0.0196409 -0.130794 -0.228851 -1.23976 0.16233 0.0073609 0.0311047 -0.199812 0.370409 -0.43106 -0.120031 -0.13092 0.223385 0.669357 -0.206326 -0.35467 -1.17569 -0.18402 -1.93877 -1.92579 -1.04786 -0.163296 0.0229946 0.0535716 0.0783005 -0.192042 -0.683528 -0.0526486 -2.78842
internal_weight=82944 41945 8198 6143 597 2055 33747 30277 3470 1353 274 5546 5522 969 450 4553 2708 466 2242 292 323 119 519 30001 24838 22566 2272 502 1770 76
internal_count=82944 41945 8198 6143 597 2055 33747 30277 3470 1353 274 5546 5522 969 450 4553 2708 466 2242 292 323 119 519 30001 24838 22566 2272 502 1770 76
is_linear=0
shrinkage=0.05


Tree=172
num_leaves=31
num_cat=0
split_feature=0 4 6 0 9 8 6 2 4 3 3 11 4 11 2 10 0 6 4 7 7 5 4 4 5 3 5 2 6 3
split_gain=12685.4 22787.9 84687.4 78691 40817.5 53438.9 31373.4 30202.3 32415.7 45245.7 24480.5 26991 22148.9 35488.7 21324.2 20843.5 20612.1 33436.7 20358.2 114049 76693.5 149229 119269 97277.7 53189.5 103986 52542.5 47237.4 48168 43626.6
threshold=1.1059526493479568 -1.1306715409838382 -0.91243033262339701 1.4768027393344016 -0.86635971200140094 -1.7404918888887655 1.1133806251249947 -0.97076319214733575 1.2750125887690096 0.6826504564905308 0.14888194000461713 0.46605794042707133 -0.52925050854562683 -0.76213734878520889 0.7129911840555746 1.0000000180025095e-35 1.0902681220763102 -0.91243033262339701 1.3471831126615947 1.7010387896728181 -0.44226394673424807 -0.70535813777133527 1.5636946843393513 1.6118083669344083 -1.2818148012906687 0.22345287060362204 -0.36482234569996336 -1.1184548154775074 0.30811198432835407 1.268182445975061
decision_type=2 2 2 2 2 2 2 2 2 2 2 2 2 2 2 2 2 2 2 2 2 2 2 2 2 2 2 2 2 2
left_child=16 2 3 -2 10 12 -4 -7 -9 -10 15 -12 13 -6 -5 -3 18 -18 -1 20 26 22 24 -24 -22 -26 -20 -25 -29 -23
right_child=1 4 6 14 5 7 -8 8 9 -11 11 -13 -14 -15 -16 -17 17 -19 19 -21 21 29 23 27 25 -27 -28 28 -30 -31
leaf_value=0.015672738479927006 1.4106087832099625 0.13087646796562238 -0.14894031386414497 0.35517640480413126 -0.51872291372794854 1.305491165816784 0.39146087714456512 -0.52343223972258712 0.98841798220210808 -0.7016765544009913 -0.028451426600995505 -0.30180614598784716 -0.017888486981391907 1.3128253059140569 -0.71899842589588492 -1.0351764913170765 1.6093229848511363 0.1916057894595645 0.26907853644597363 0.52267625701252396 -0.58352610141385441 -0.085050424731895002 0.73869570626639858 0.19498973802523051 -2.438104426120379 -0.89706171993384065 -0.13778415346742406 -0.61037865596202512 -2.1785443390830088 0.75863584662641748
leaf_weight=62770 210 2212 1594 213 38 25 323 1398 88 72 4359 1139 355 87 59 39 49 275 1443 732 344 1991 204 146 161 342 1763 288 59 166
leaf_count=62770 210 2212 1594 213 38 25 323 1398 88 72 4359 1139 355 87 59 39 49 275 1443 732 344 1991 204 146 161 342 1763 288 59 166
internal_value=2.023e-10 -0.0470614 0.0910757 0.683526 -0.0808354 -0.278481 -0.0578868 -0.418611 -0.446276 0.227875 -0.0282166 -0.0850813 0.183654 0.756035 0.122175 0.110674 0.00812445 0.406014 0.00629349 -0.0707762 -0.13367 -0.28874 -0.664005 -0.179571 -1.06265 -1.39032 0.0453421 -0.559543 -0.877012 -0.0201214
internal_weight=82944 12211 2399 482 9812 2063 1917 1583 1558 160 7749 5498 480 125 272 2251 70733 324 70409 7639 6907 3701 1544 697 847 503 3206 493 347 2157
internal_count=82944 12211 2399 482 9812 2063 1917 1583 1558 160 7749 5498 480 125 272 2251 70733 324 70409 7639 6907 3701 1544 697 847 503 3206 493 347 2157
is_linear=0
shrinkage=0.05


Tree=173
num_leaves=31
num_cat=0
split_feature=1 8 0 3 5 4 8 9 5 8 5 4 0 1 0 0 5 3 4 5 5 3 0 3 4 5 4 5 4 3
split_gain=12548.7 32491.8 22145.3 17011.8 32895.1 15868.2 30613.2 109335 27047.4 72733 26558.6 102023 24394.2 25865.2 23471.1 23297.3 22466 19990.7 19710.2 62100.7 47078.6 30808.6 29400.7 23815.3 20286.6 17397.4 15295.3 20981 14932.6 14076.2
threshold=1.7813136723100536 0.37100531152820115 0.72553946197796038 1.5342840617767599 0.65128935879477212 -1.0825578583887812 1.0000000180025095e-35 1.0000000180025095e-35 -0.90745195762283293 -1.0174668528432229 0.95394520574413566 -1.3712399539591229 0.21558732795275121 1.9550334553775592 0.095730065255966126 0.88166158069034728 0.65128935879477212 0.33475577276400342 -1.4674673191492369 0.65128935879477212 0.70535813777133538 1.1951925908963179 0.51931816802855468 1.6949883732533766 -1.3471831126615943 -0.85925218225375766 -1.3471831126615943 0.95394520574413566 -0.21651157167775612 -1.3069354769404418
decision_type=2 2 2 2 2 2 2 2 2 2 2 2 2 2 2 2 2 2 2 2 2 2 2 2 2 2 2 2 2 2
left_child=29 5 3 26 -5 6 10 15 9 -7 18 14 13 -10 -12 16 -8 -14 20 22 23 24 25 -2 -21 -20 27 -3 -28 -1
right_child=1 2 -4 4 -6 8 7 -9 12 -11 11 -13 17 -15 -16 -17 -18 -19 19 21 -22 -23 -24 -25 -26 -27 28 -29 -30 -31
leaf_value=-0.056100077574468089 -1.8851881461065325 0.69898993712506796 -1.0258695618291429 -0.32591778197859089 -2.0542890184455449 -1.7856452533643541 1.8574452830478549 -2.2943447587581782 -0.4146660265169646 1.0141540712293458 -0.1869359387592836 -1.6139332678914071 0.58389374351501466 1.1977106167624394 1.6153243597781306 2.0013497346434099 0.26856374987592435 -0.29437113403021792 -0.096024661461512256 -0.96144322193398768 0.2232661898045436 0.018287574979713409 1.2727621157730329 -0.47623032392081566 -2.7890968561172489 1.0552876277338892 -0.58439779126789515 -0.95559541086355848 0.0036825210771016907 0.010832235839239781
leaf_weight=8824 61 95 111 117 36 73 32 26 38 34 22 40 75 72 101 58 73 476 150 49 115 59 85 59 22 42 205 24 228 71542
leaf_count=8824 61 95 111 117 36 73 32 26 38 34 22 40 75 72 101 58 73 476 150 49 115 59 85 59 22 42 205 24 228 71542
internal_value=-4.72428e-11 -0.108585 -0.369425 -0.266069 -0.732593 0.0122121 0.144104 0.716766 -0.158492 -0.895989 0.009653 0.579619 -0.0391086 0.640708 1.29297 1.19707 0.752794 -0.174825 -0.135058 0.0754577 -0.499653 -0.826091 0.498567 -1.19245 -1.52776 0.155825 -0.136761 0.365292 -0.274739 0.00348322
internal_weight=82944 2578 816 705 153 1762 994 189 768 107 805 163 661 110 123 163 105 551 642 407 235 130 277 120 71 192 552 119 433 80366
internal_count=82944 2578 816 705 153 1762 994 189 768 107 805 163 661 110 123 163 105 551 642 407 235 130 277 120 71 192 552 119 433 80366
is_linear=0
shrinkage=0.05


Tree=174
num_leaves=31
num_cat=0
split_feature=3 1 3 0 0 3 5 4 0 2 2 5 1 5 4 4 2 1 7 5 2 5 4 2 3 12 5 8 4 4
split_gain=12478.2 28084 26662.5 42775.6 67636.9 39491.9 29082.5 29326.9 26838.5 23467.5 23115 26724.2 20563 20073.3 29902.4 19067.1 20085.5 18219.5 63739.7 181054 126830 127624 38582 24306.8 60643.4 124594 66451.2 71460.2 120765 154689
threshold=-3.4162401030471474 -2.3217283294796118 -2.6964005002203248 -1.13745297609258 -1.8580712658684129 -2.9392621052187606 -1.3937669968154378 1.1306715409838386 -1.2007284347007083 -2.1935802108907363 -1.7194624959415454 -1.3068553720381466 -2.7700044812573239 -1.3668181053864807 -0.19245473038022767 -0.9141599693060819 -2.9269291316394743 -1.4231340846305149 0.50473852548845832 1.254328062751503 -0.50295822573522753 0.65128935879477212 1.6118083669344083 -0.74963898180468103 -2.1031311770546544 1.0000000180025095e-35 -1.3068553720381466 1.0792073135794762 0.36085261946292707 -0.19245473038022767
decision_type=2 2 2 2 2 2 2 2 2 2 2 2 2 2 2 2 2 2 2 2 2 2 2 2 2 2 2 2 2 2
left_child=1 13 3 4 12 8 -7 15 10 -3 11 -6 -2 -1 -15 -8 -17 18 20 -20 22 -22 -4 24 25 -19 -26 -28 29 -29
right_child=2 9 17 -5 5 6 7 -9 -10 -11 -12 -13 -14 14 -16 16 -18 23 19 -21 21 -23 -24 -25 26 -27 27 28 -30 -31
leaf_value=0.46099104296697457 0.37361848306185991 1.8010430165699551 0.085459371563472275 0.52599340240574544 -0.39344740654254018 -0.32660633480797213 -2.968880915641785 0.082787265256047252 0.84105577721105274 -0.081526952862739574 -1.5822210767061302 1.2579791030058496 -0.25631220515726544 0.49854716850178582 -1.1372169756889343 -0.81143588850295156 -1.8455868792288084 -0.92605168207000332 0.33092379519435511 3.743880639425138 -4.729525417940958 0.23929196341584125 -0.60286113918867223 0.0074537985375786242 -0.36551402811706535 0.75426929616231542 -0.083667955821924406 0.52301058429314795 -0.37706471960814225 3.170296764212686
leaf_weight=139 352 49 3834 180 424 120 20 34 48 25 38 26 205 49 65 91 97 141 744 41 28 24 215 66636 2005 507 6306 217 210 74
leaf_count=139 352 49 3834 180 424 120 20 34 48 25 38 26 205 49 65 91 97 141 744 41 28 24 215 66636 2005 507 6306 217 210 74
internal_value=9.61895e-11 0.308258 -0.00122009 -0.201124 -0.291077 -0.559561 -0.963034 -1.27862 -0.287067 1.16504 -0.39803 -0.298032 0.141777 0.057658 -0.434125 -1.50115 -1.34501 0.0028159 0.0964099 0.50918 0.0173988 -2.43623 0.0489099 -0.00319362 -0.0781937 0.388644 -0.112523 -0.0380048 0.53675 1.1962
internal_weight=82944 327 82617 1635 1455 898 362 242 536 74 488 450 557 253 114 208 188 80982 4886 785 4101 52 4049 76096 9460 648 8812 6807 501 291
internal_count=82944 327 82617 1635 1455 898 362 242 536 74 488 450 557 253 114 208 188 80982 4886 785 4101 52 4049 76096 9460 648 8812 6807 501 291
is_linear=0
shrinkage=0.05


Tree=175
num_leaves=31
num_cat=0
split_feature=1 11 4 4 5 8 5 3 4 7 7 7 4 0 4 4 7 12 1 5 2 4 4 7 2 4 2 1 7 2
split_gain=12382.7 45300.3 81267 236380 115758 63017.1 60849.3 126505 150276 124261 121019 149280 124269 158225 119534 118712 134394 99373.8 86239.5 84686 84578.3 93770.8 85270.6 84340.9 83130.3 70890.8 62791.6 66758.8 93777.4 61614
threshold=0.13362434295243888 -0.76213734878520889 0.89010312800855373 0.57736419114068349 0.90745195762283271 -0.27754979391328816 -0.99864169796777025 0.40417623591304358 -0.74576208022338231 -0.90839521789717692 1.0000000180025095e-35 -0.74611299300944822 0.84198944541349674 0.62200479086622573 -0.21651157167775612 -1.0585010170912528 -0.44226394673424807 1.0000000180025095e-35 1.1098561576586909 -1.2543280627515025 0.73650150623240929 -1.5396378430418223 -0.62547787373574071 1.7010387896728181 -0.56653928851149116 1.2750125887690096 0.59529323858038585 1.5031889799704625 -0.67395931651126872 0.17063967939885374
decision_type=2 2 2 2 2 2 2 2 2 2 2 2 2 2 2 2 2 2 2 2 2 2 2 2 2 2 2 2 2 2
left_child=-1 2 3 -2 -5 -4 7 8 9 -3 11 -10 13 26 -15 16 18 -17 -11 -19 21 -9 23 -23 -8 -12 29 28 -28 -13
right_child=1 6 5 4 -6 -7 24 20 10 15 25 12 -14 14 -16 17 -18 19 -20 -21 -22 22 -24 -25 -26 -27 27 -29 -30 -31
leaf_value=0.019387628967816567 -0.11496275181860081 -3.4819938572970304 -0.28473450215626822 -0.41385009056368083 -1.8208879927014108 0.32538798223178866 0.91273412594655123 -0.72073222191570563 0.2909376254349243 -0.01359910813032412 0.25185146143099962 -1.4729358356620905 -0.31792781893613836 -1.2690067703660199 1.6848966009476607 -0.46242338022820545 0.63296495361924177 -1.225143337249756 -2.0148313346792732 2.0572392600062104 -0.12161059407708759 1.7463638688623906 0.34734419769951358 -1.4357590854167939 0.027879326289081848 -1.7655998794982832 -2.9717110293976807 -3.8397087608064924 -0.53738746172189711 -2.6617146456184297
leaf_weight=41325 5466 22 598 272 316 1448 268 146 254 102 469 229 414 69 68 71 250 22 114 184 1654 220 650 23 27716 48 47 21 250 208
leaf_count=41325 5466 22 598 272 316 1448 268 146 254 102 469 229 414 69 68 71 250 22 114 184 1654 220 650 23 27716 48 47 21 250 208
internal_value=1.59701e-10 -0.0192507 -0.125366 -0.217435 -1.17001 0.147063 0.00639249 -0.145085 -0.377772 0.221315 -0.598427 -0.818143 -1.03384 -1.36612 0.197164 0.330969 -0.156302 1.15071 -1.06981 1.70669 0.100475 0.454018 0.646082 1.44518 0.0363535 0.0645446 -1.64979 -1.11526 -0.922617 -2.03876
internal_weight=82944 41619 8100 6054 588 2046 33519 5535 2842 765 2077 1560 1306 892 137 743 466 277 216 206 2693 1039 893 243 27984 517 755 318 297 437
internal_count=82944 41619 8100 6054 588 2046 33519 5535 2842 765 2077 1560 1306 892 137 743 466 277 216 206 2693 1039 893 243 27984 517 755 318 297 437
is_linear=0
shrinkage=0.05


Tree=176
num_leaves=31
num_cat=0
split_feature=0 1 11 3 2 5 2 6 5 2 0 4 5 5 1 4 4 0 0 5 4 4 4 1 3 1 0 5 5 1
split_gain=12559.1 23106.1 20493.3 21855.2 20483.7 20178.9 18667.3 18071 40560.2 61506.7 72166.7 57979.9 78986.9 76840.5 64729.4 57629 79984.5 48761.9 47486.7 111968 119977 106283 69814.1 78008.4 70165 46448.4 46121.7 45699.1 42327.7 37376.2
threshold=1.1059526493479568 -0.50657896220813003 0.46605794042707133 0.023812372087501432 1.2623166656443179 -0.36482234569996336 0.13984799137539147 1.7077461606570974 -1.4141003550473299 -1.8169679628284221 -0.75231536578290303 -0.52925050854562683 -0.90745195762283293 -1.3816171070223857 1.1596537247280991 1.4674673191492373 -0.19245473038022767 -0.052455811929887276 -1.3198341981492334 1.1922423828011943 -0.024056841297528036 -0.3367957781653988 0.38490946076045557 -1.8671886394873007 -1.2105255002329709 -0.47863544464024077 -0.53360986866257221 -1.3494002584220433 -1.3494002584220433 -2.1434749563259645
decision_type=2 2 2 2 2 2 2 2 2 2 2 2 2 2 2 2 2 2 2 2 2 2 2 2 2 2 2 2 2 2
left_child=7 -2 4 6 -3 -5 -4 -1 -9 10 29 12 17 15 18 16 -13 -11 21 -20 -21 -15 24 -24 -23 27 -22 -25 -26 -10
right_child=1 2 3 5 -6 -7 -8 8 9 11 -12 13 -14 14 -16 -17 -18 -19 19 20 26 22 23 25 28 -27 -28 -29 -30 -31
leaf_value=0.017251395978331387 -0.97983363196818218 -0.005755426506125521 -0.31487853361267443 -1.0888054691255094 -0.51543257055405656 -0.24969520756342398 0.41419949371215847 -1.010896742876896 0.79397017386760194 0.40644274434353211 2.2841162365674972 0.65046890497207643 -0.065410341227888011 -1.8580194167407424 -0.99384742373794455 0.42558989947040876 -2.9589335167046751 1.809884030884132 -0.14894297398144085 -5.2794506549835205 -1.7103497084880634 2.4000358045990788 1.6708943479590948 -1.7334820396021795 -1.4287335228795808 -2.1407688699919603 0.82783818006515508 0.079779040705174067 0.7940790339929974 -0.10713023719180265
leaf_weight=62508 66 10245 142 76 201 1251 230 111 204 689 50 20 2043 58 221 30 66 68 3467 20 63 67 63 38 24 29 25 406 199 264
leaf_count=62508 66 10245 142 76 201 1251 230 111 204 689 50 20 2043 58 221 30 66 68 3467 20 63 67 63 38 24 29 25 406 199 264
internal_value=2.57407e-10 -0.0468266 -0.0417564 -0.202804 -0.0155625 -0.297753 0.135896 0.00808392 -0.0615866 -0.0486 0.478559 -0.084549 0.0962421 -0.190098 -0.15859 -1.46131 -2.11954 0.532511 -0.117192 -0.19833 -1.78375 0.210941 0.356219 0.0181008 0.981154 -0.202039 -0.989274 -0.07541 0.554853 0.285657
internal_weight=82944 12211 12145 1699 10446 1327 372 70733 8225 8114 518 7596 2800 4796 4680 116 86 757 4459 3575 108 884 826 536 290 473 88 444 223 468
internal_count=82944 12211 12145 1699 10446 1327 372 70733 8225 8114 518 7596 2800 4796 4680 116 86 757 4459 3575 108 884 826 536 290 473 88 444 223 468
is_linear=0
shrinkage=0.05


Tree=177
num_leaves=31
num_cat=0
split_feature=8 3 5 1 4 0 0 2 4 3 5 2 10 5 4 0 0 4 2 1 4 4 4 0 4 0 0 4 4 0
split_gain=12636.4 76666.4 137209 115866 113253 112119 71208.4 61197 60655.7 108604 76520.2 180746 122559 119625 98638.9 116004 76625.6 76545.1 67660.2 71119.3 67336.1 59626.1 70662.5 58875.8 44757.2 43319.9 43021 66175.8 79196.8 40981.7
threshold=-1.7404918888887655 -2.1031311770546544 -1.157767925009574 0.016330957831341312 -0.81793260411596802 0.35635169854651122 -1.1773024198205968 -2.1017136007802573 -1.1306715409838382 1.4943526861279197 -0.36482234569996336 0.75643519444887153 1.0000000180025095e-35 1.0414542967587244 0.072170523892585367 0.56837680559423676 1.0567807523991288 -0.79387576281843952 0.92747854345005443 0.73698539892229065 -0.8660462867110249 1.2750125887690096 0.62547787373574038 1.4014694649914612 -0.52925050854562683 0.37905595849427254 -0.041031050645656465 0.67359155633079737 0.96227365190113923 0.6017551102665889
decision_type=2 2 2 2 2 2 2 2 2 2 2 2 2 2 2 2 2 2 2 2 2 2 2 2 2 2 2 2 2 2
left_child=1 3 4 21 5 6 -3 -6 23 10 14 12 24 -13 15 17 20 -10 19 -16 -17 22 -1 -4 -12 26 -14 -28 -29 -9
right_child=-2 2 8 -5 7 -7 -8 29 9 -11 11 13 25 -15 18 16 -18 -19 -20 -21 -22 -23 -24 -25 -26 -27 27 28 -30 -31
leaf_value=0.64943599695893561 -0.0065295056733618989 1.3148170919129343 0.62325169959876403 -0.86702868879008832 1.0181680933776356 -4.3613737335205078 -1.1073262995884654 -0.36259283720220442 -3.448154517582485 -0.80164759123304374 0.40130468017158982 -0.27323456458150081 0.54335514795727646 -2.0054571273368462 0.14263032553769237 3.9208900799622408 0.69474324100425078 0.13858826400018207 -0.87819889865889655 2.1320505772318161 1.5526670683854782 -0.8381141007849664 2.2252165392911349 -0.27143598812267833 -0.18320148039737683 0.10326291022103523 0.5496797507610357 3.7287842226028447 0.6773952906397549 1.4980185731764764
leaf_weight=148 74594 33 917 89 105 25 377 653 21 355 390 237 546 172 540 37 264 51 151 49 159 33 137 230 2044 368 101 50 37 31
leaf_count=148 74594 33 917 89 105 25 377 653 21 355 390 237 546 172 540 37 264 51 151 49 159 33 137 230 2044 368 101 50 37 31
internal_value=-2.26065e-11 0.0583308 0.0240355 0.727636 -0.462855 -1.11059 -0.912373 -0.105738 0.112732 0.0445723 0.102155 -0.00657974 0.108523 -1.0017 0.439386 0.958677 1.25078 -0.907545 0.0660579 0.308134 1.99973 1.17394 1.40692 0.443846 -0.089546 0.546001 0.767973 1.42032 2.43107 -0.278267
internal_weight=82944 8350 7943 407 1224 435 410 789 6719 5572 5217 3945 3536 409 1272 532 460 72 740 589 196 318 285 1147 2434 1102 734 188 87 684
internal_count=82944 8350 7943 407 1224 435 410 789 6719 5572 5217 3945 3536 409 1272 532 460 72 740 589 196 318 285 1147 2434 1102 734 188 87 684
is_linear=0
shrinkage=0.05


Tree=178
num_leaves=31
num_cat=0
split_feature=1 8 2 0 9 9 4 0 4 0 3 2 0 5 5 3 0 4 4 0 3 3 3 5 0 9 4 5 5 3
split_gain=11990 29271 22205.3 25347.8 45011.1 23800.9 44134.9 19883 17499.9 17367.2 16471.8 16317.4 17488.2 21381.6 58159.3 45322.7 34873.6 29568.7 18747.5 35998.3 16591 14805.6 14683.5 29687.8 14556.1 14399.4 18721.1 65131.8 33906.9 29506.7
threshold=1.7813136723100536 0.37100531152820115 1.2623166656443179 0.49722644426876567 -0.19252438044475575 -0.28878657066713359 -1.2750125887690089 0.76524471030026164 1.6839788908269935 1.2151013450135013 0.75145208418202936 1.6761512849956526 0.57912398970290024 -0.85925218225375766 1.2818148012906689 0.62021754813568941 -0.92027004500428267 1.154728382281367 -0.12028420648764233 -0.10868995454337547 0.61142161966354125 1.6949883732533766 1.5342840617767599 0.65128935879477212 0.91241652543633955 -0.57757314133426729 -1.4915241604467655 0.70535813777133538 0.70535813777133538 1.2418449932573394
decision_type=2 2 2 2 2 2 2 2 2 2 2 2 2 2 2 2 2 2 2 2 2 2 2 2 2 2 2 2 2 2
left_child=11 2 3 5 9 10 -7 22 25 21 -2 -1 13 20 17 -16 -17 18 19 -15 -13 -5 -3 -24 -14 -4 27 -27 -28 -30
right_child=1 7 8 4 -6 6 -8 -9 -10 -11 -12 12 24 14 15 16 -18 -19 -20 -21 -22 -23 23 -25 -26 26 28 -29 29 -31
leaf_value=0.00088353503899017607 1.056912546928199 -0.14629842667943901 -0.61954962655826906 0.56086451366892187 2.105668733058832 0.24232989949258893 -1.3968112967231059 -1.029636956565082 1.3285102996230127 -0.50067779408937152 -0.043287488253493059 -0.32035187325979536 0.76717588017465332 1.0298300469363177 1.8569997087741894 -0.81552067763275571 1.3852864097665858 0.55286631324352364 -1.5987436579986358 -1.0688717214834123 0.50697979787317882 -0.84762527748942385 -0.31192464064329101 -1.9538772785001333 -0.07111110343464784 -1.4899063213305039 0.10866396966872804 0.61821722589671346 -1.1873066043012015 -0.17812086094262791
leaf_weight=79372 53 567 149 278 39 88 77 96 20 55 95 76 199 27 48 54 27 39 71 84 299 20 117 36 70 44 332 219 131 162
leaf_count=79372 53 567 149 278 39 88 77 96 20 55 95 76 199 27 48 54 27 39 71 84 299 20 117 36 70 44 332 219 131 162
internal_value=-1.99196e-10 -0.10614 0.00851359 0.225853 0.493754 -0.109666 -0.522603 -0.353715 -0.136448 0.315667 0.350703 0.0034048 0.204731 0.0769821 -0.204081 0.63954 -0.0819183 -0.696511 -0.964234 -0.558377 0.339307 0.466335 -0.263592 -0.698266 0.549034 -0.164702 -0.0883813 0.265527 -0.237306 -0.629327
internal_weight=82944 2578 1762 705 392 313 165 816 1057 353 148 80366 994 725 350 129 81 221 182 111 375 298 720 153 269 1037 888 263 625 293
internal_count=82944 2578 1762 705 392 313 165 816 1057 353 148 80366 994 725 350 129 81 221 182 111 375 298 720 153 269 1037 888 263 625 293
is_linear=0
shrinkage=0.05


Tree=179
num_leaves=31
num_cat=0
split_feature=3 7 1 4 1 4 4 1 4 3 5 0 3 6 4 4 3 5 1 0 1 1 3 4 0 0 1 0 0 4
split_gain=11910 63885.2 91733.3 43451 51218.3 32202.3 39488.1 29715.7 53285.2 47975.4 29170.6 25974.5 29018 28139.6 25649.3 23803.7 19806.4 22734.1 21220 23153.8 20110.4 19123 23440.2 35380.6 24903.9 22010.5 19588.9 36789.8 18121.5 23705.3
threshold=-2.4347750607212824 1.0000000180025095e-35 0.016330957831341312 -0.62547787373574071 -2.4346532185585086 1.5636946843393513 1.4193536365541803 -2.2160820167546751 0.24056841297528472 -1.5779452327725414 -1.3816171070223857 -1.2594069101410368 -2.9392621052187606 1.0000000180025095e-35 -0.1683978890826997 0.60142103243821199 -3.4162401030471474 -1.3068553720381466 -3.4551269438150887 -0.66837103177013402 -2.7700044812573239 -3.1498310508249876 -3.0707509853033668 -0.79387576281843952 -1.6818985148194241 -1.1917662258772321 -2.3217283294796118 -1.7606856386726324 -1.6588868161365133 0.60142103243821199
decision_type=2 2 2 2 2 2 2 2 2 2 2 2 2 2 2 2 2 2 2 2 2 2 2 2 2 2 2 2 2 2
left_child=1 3 15 16 10 6 11 8 -2 -10 -5 13 -13 14 -6 -3 20 18 -18 21 -1 -20 25 26 -25 -23 27 -24 29 -9
right_child=7 2 -4 4 5 -7 -8 28 9 -11 -12 12 -14 -15 -16 -17 17 -19 19 -21 -22 22 23 24 -26 -27 -28 -29 -30 -31
leaf_value=-0.24974467483433813 -0.00226286787079924 0.60174757487404706 -1.1557595947567296 0.078296419579166443 -0.44215991222858436 0.1445739520323831 -2.3526256223057591 -0.22064358199924583 0.62707860632700496 2.554076324670743 -0.47318884916651821 1.3991217226982118 -0.54676888362708975 -0.688188834815043 -2.3580147993461842 1.8407132663804555 0.71486078083613203 1.1003064704212278 -1.005685266862727 1.1591730229796902 1.0329861406162382 0.11979230084359201 -0.10186885338883067 -0.38480842339992527 -2.5382429468220682 1.7639940773447353 0.07159155838853784 -2.6975721919536593 0.005120246217759087 0.11767753711096032
leaf_weight=44 397 67 49 633 25 86 43 1905 188 39 386 25 82 203 58 92 76 44 72 31 100 134 43 25 29 24 225 20 77088 711
leaf_count=44 397 67 49 633 25 86 43 1905 188 39 386 25 82 203 58 92 76 44 72 31 100 134 43 25 29 24 225 20 77088 711
internal_value=-3.17763e-10 -0.10499 0.735723 -0.17761 -0.336922 -0.73967 -0.914085 0.00341915 0.347118 0.958149 -0.130608 -0.756688 -0.0921215 -1.00532 -1.78095 1.31863 0.105551 -0.00110236 -0.0724749 -0.171708 0.641041 -0.243836 -0.13413 -0.366822 -1.54128 0.369544 -0.14661 -0.925902 0.000728348 -0.128692
internal_weight=82944 2616 208 2408 1541 522 436 80328 624 227 1019 393 107 286 83 159 867 723 679 603 144 572 500 342 54 158 288 63 79704 2616
internal_count=82944 2616 208 2408 1541 522 436 80328 624 227 1019 393 107 286 83 159 867 723 679 603 144 572 500 342 54 158 288 63 79704 2616
is_linear=0
shrinkage=0.05


Tree=180
num_leaves=31
num_cat=0
split_feature=5 5 4 4 4 5 10 6 3 5 7 0 6 2 3 2 4 5 4 3 5 6 8 7 2 5 6 3 5 4
split_gain=11702.9 132934 98459.5 139828 113537 79837.6 100169 70052.9 65352.8 59099.9 65478.2 63957.8 58331.3 51292 49617.1 73979.1 83674.1 168513 72730.2 112378 141829 130334 217082 102801 100982 109685 75278.7 71462.9 69678.8 124638
threshold=0.36482234569996347 0.59600457818367614 0.67359155633079737 -0.31273893686786985 0.96227365190113923 0.061466547291727118 1.0000000180025095e-35 1.1133806251249947 0.48229546455664535 -0.24472827403648004 0.50473852548845832 0.70608344974506287 1.7077461606570974 0.36884388361734438 -0.54436166125785357 -0.52342002949533895 0.4811368259505695 -1.1922423828011939 -1.3712399539591229 1.385481915394563 -0.85925218225375766 1.0000000180025095e-35 0.74090168677562918 1.7010387896728181 0.54941424234217939 -1.2244505813478443 1.0000000180025095e-35 1.4579001315638569 -1.2818148012906687 -0.57736419114068327
decision_type=2 2 2 2 2 2 2 2 2 2 2 2 2 2 2 2 2 2 2 2 2 2 2 2 2 2 2 2 2 2
left_child=5 2 3 8 -4 9 -7 -5 12 14 -11 -12 -2 -10 15 28 17 -17 19 20 21 24 23 -23 -16 -26 -21 -20 -1 -30
right_child=1 -3 4 7 -6 6 -8 -9 13 10 11 -13 -14 -15 18 16 -18 -19 27 26 -22 22 -24 -25 25 -27 -28 -29 29 -31
leaf_value=-0.08904241333598048 -0.071582123598985622 0.01614820208565354 0.83060987121855812 -0.63991382924673779 -0.19126741029546024 0.086387044776340516 0.60789815410069448 -1.5530482806973585 -0.9530289152652518 -0.23980872817059715 1.969673639535904 0.1047801242017779 1.0909883325509095 0.15944354305750338 -0.6245164875779301 -0.45284526005797271 -0.87949638121825613 1.805023208057996 0.10638578125420772 0.92422700400648772 0.073769049330863479 0.27034627859303284 3.7703760955068804 -1.741627525972141 -0.76495857211851304 -2.5818338399492831 -0.10257525219019492 -0.1999906096796838 1.1944617849651733 0.032023907310929127
leaf_weight=7560 1260 30044 368 1043 1040 4603 1151 263 363 4638 48 1090 118 145 520 418 580 103 21842 323 1010 210 36 91 155 179 399 2085 304 955
leaf_count=7560 1260 30044 368 1043 1040 4603 1151 263 363 4638 48 1090 118 145 520 418 580 103 21842 323 1010 210 36 91 155 179 399 2085 304 955
internal_value=2.02879e-10 -0.022176 -0.272483 -0.426118 0.0758142 0.0159061 0.190707 -0.823799 -0.150735 -0.00773432 -0.156419 0.18344 0.0279704 -0.635492 0.0156218 -0.0799336 -0.466376 -0.00647203 0.0509257 -0.184517 -0.362081 -0.731694 0.100944 -0.337925 -1.06026 -1.73867 0.356784 0.0796881 -0.0316886 0.312708
internal_weight=82944 34644 4600 3192 1408 48300 5754 1306 1886 42546 5776 1138 1378 508 36770 9920 1101 521 26850 2923 2201 1191 337 301 854 334 722 23927 8819 1259
internal_count=82944 34644 4600 3192 1408 48300 5754 1306 1886 42546 5776 1138 1378 508 36770 9920 1101 521 26850 2923 2201 1191 337 301 854 334 722 23927 8819 1259
is_linear=0
shrinkage=0.05


Tree=181
num_leaves=31
num_cat=0
split_feature=1 4 4 9 5 8 7 5 2 4 4 6 5 5 3 5 6 3 4 6 4 0 0 1 4 7 3 0 7 3
split_gain=11315.1 42956.4 97829.8 139324 117067 100564 172841 89757 76763.9 78265.5 76441.3 72477.7 98323.1 69497.8 67965.9 61994.3 219712 198167 188816 139744 191240 137691 100589 91886.6 85655.8 78809.8 75298 69426 65718.4 62928.7
threshold=0.14037235256469272 -0.81793260411596802 -0.50519366724809844 0.38504876088951162 -0.85925218225375766 0.37100531152820115 1.0000000180025095e-35 1.3293991099845883 0.92747854345005443 -0.64953471503326854 -0.62547787373574071 -1.0580783826696147 0.90745195762283271 0.65128935879477212 1.0279151537968598 -0.99864169796777025 -0.066328909107543868 -0.087912699681461634 1.0000000180025095e-35 0.30811198432835407 0.67359155633079737 0.76524471030026164 0.16495116276451879 1.5031889799704625 1.0825578583887816 -0.44226394673424807 0.16945358614651776 1.0000000180025095e-35 -0.67395931651126872 0.61142161966354125
decision_type=2 2 2 2 2 2 2 2 2 2 2 2 2 2 2 2 2 2 2 2 2 2 2 2 2 2 2 2 2 2
left_child=-1 -2 3 4 10 6 -5 8 9 -7 -3 12 -6 -13 -15 16 17 22 23 20 -20 28 -4 25 29 -18 -22 -26 -19 -21
right_child=1 2 15 5 11 7 -8 -9 -10 -11 -12 13 -14 14 -16 -17 18 21 19 24 26 -23 -24 -25 27 -27 -28 -29 -30 -31
leaf_value=0.018387911635145367 0.063545693292215377 0.88710916820865582 -0.18824617070841523 0.20009426862861102 -0.64566972950616719 -3.1008573504288997 -1.4644076845535228 -0.39785748276280591 0.88387331556190141 -1.2834765453114469 -0.24841378385668811 -0.34905709054646411 -3.5445805443657772 0.33165133587336154 -2.2257126240818592 0.020920961911794652 -2.7476010546736096 1.0004269616788926 -2.5038702044707195 0.080855328033840851 -0.80559049565255936 1.5944491495841591 -1.4668853204637287 -4.7214029605572039 -1.5968069040055934 -0.89116095915338056 1.0692987106740475 0.2209440070660397 0.072608398491178047 1.4263849833918114
leaf_weight=41651 11498 427 405 442 156 120 241 148 22 117 227 1769 36 688 27 21469 92 219 157 315 209 195 248 26 116 151 72 96 1485 120
leaf_count=41651 11498 427 405 442 156 120 241 148 22 117 227 1769 36 688 27 21469 92 219 157 315 209 195 248 26 116 151 72 96 1485 120
internal_value=4.93444e-10 -0.0185473 -0.0502273 -0.26731 -0.106704 -0.757971 -0.387234 -1.38012 -1.94141 -2.20367 0.492975 -0.253262 -1.18922 -0.180918 0.23508 -0.0124142 -0.195638 0.0775107 -0.710466 -0.41647 -1.10613 0.335879 -0.673855 -1.89629 0.0504121 -1.59401 -0.325192 -0.773674 0.191853 0.452036
internal_weight=82944 41293 29795 4420 3330 1090 683 407 259 237 654 2676 192 2484 715 25375 3906 2552 1354 1085 438 1899 653 269 647 243 281 212 1704 435
internal_count=82944 41293 29795 4420 3330 1090 683 407 259 237 654 2676 192 2484 715 25375 3906 2552 1354 1085 438 1899 653 269 647 243 281 212 1704 435
is_linear=0
shrinkage=0.05


Tree=182
num_leaves=31
num_cat=0
split_feature=1 8 2 0 9 9 4 2 2 4 5 2 4 0 3 3 4 9 3 1 3 2 5 9 11 4 4 4 4 2
split_gain=11595 26368.1 20226.6 22968.5 41009.7 21620.6 39614.4 18338.9 24858.6 36612.7 29921.8 16772.8 15843.1 15655.9 15046.5 14630.5 14411.3 14167 14071.4 13721.7 14165.8 13419.8 19704.1 16734.1 27382.4 14677.9 31555.4 21126.6 13304.5 13273.9
threshold=1.7813136723100536 0.37100531152820115 1.2623166656443179 0.49722644426876567 -0.19252438044475575 -0.28878657066713359 -1.2750125887690089 0.099122516133740748 1.494533552376071 0.43302314335551256 -0.65128935879477201 2.1422996835152888 1.6839788908269935 1.2151013450135013 0.54068728724586201 0.79274670876277797 -1.1066146996863098 0.2887865706671337 0.43370652247816127 1.8563576490915763 1.0279151537968598 1.805007244251817 1.3816171070223859 0.48131095111188954 -0.76213734878520889 0.21651157167775623 -0.72170523892585436 0.67359155633079737 0.69764839762832587 0.76678024437159642
decision_type=2 2 2 2 2 2 2 2 2 2 2 2 2 2 2 2 2 2 2 2 2 2 2 2 2 2 2 2 2 2
left_child=21 2 3 5 13 15 17 -3 9 14 11 19 -4 -5 16 -2 29 -7 -12 -10 -21 -1 23 24 -23 26 -25 -27 -22 -9
right_child=1 7 12 4 -6 6 -8 8 10 -11 18 -13 -14 -15 -16 -17 -18 -19 -20 20 28 22 -24 25 -26 27 -28 -29 -30 -31
leaf_value=0.0016367315957072006 0.9593984853803067 0.40028500968688419 -0.16079256793882846 0.43995609208441427 2.0054883614564551 -0.34236113471644269 -1.3293090668591587 -0.6458780510351062 -0.92611390611156819 0.24260228167219863 0.13563573608795804 -1.1546657749584743 1.2599753490090371 -0.47818024491721939 -1.2294201990478748 -0.062181036026923209 -0.90492044540194727 0.93472587794829642 -1.129918010896299 -0.050590571840958935 1.2321650086311808 -1.3177179061133286 -0.90142414849783692 1.3477671188612781 0.27855850438651159 1.8622569389343262 -1.2738452804359524 0.26057968837874274 0.15447681993246079 1.1757877814769746
leaf_weight=79806 57 76 1037 298 39 49 77 20 20 82 30 21 20 55 185 91 77 39 82 84 71 29 35 24 365 50 22 35 48 20
leaf_count=79806 57 76 1037 298 39 49 77 20 20 82 30 21 20 55 185 91 77 39 82 84 71 29 35 24 365 50 22 35 48 20
internal_value=2.54395e-10 -0.104378 0.00444252 0.211872 0.46689 -0.107511 -0.50108 -0.339355 -0.415318 -0.694349 -0.114341 0.196224 -0.13391 0.296904 -0.948753 0.331265 -0.504963 0.223621 -0.79093 0.323438 0.446547 0.00334826 0.247259 0.323838 0.161066 0.813397 0.0939525 1.20274 0.797467 0.264955
internal_weight=82944 2578 1762 705 392 313 165 816 740 384 356 244 1057 353 302 148 117 88 112 223 203 80366 560 525 394 131 46 85 119 40
internal_count=82944 2578 1762 705 392 313 165 816 740 384 356 244 1057 353 302 148 117 88 112 223 203 80366 560 525 394 131 46 85 119 40
is_linear=0
shrinkage=0.05


Tree=183
num_leaves=31
num_cat=0
split_feature=8 4 11 4 5 5 2 4 1 5 0 5 0 1 4 1 1 5 0 0 5 2 4 2 5 0 4 0 4 1
split_gain=11147.6 67176.5 77237.9 76034.9 244848 55775.1 88468.4 49456 122185 78602.4 74509.6 89398.1 48755.1 148541 54731.9 48612.4 43962.2 42611.3 74747.2 69518.9 60052.9 55773.6 54073.2 103044 69160.1 59870.7 42783.9 72380 75190.2 48482
threshold=-1.7404918888887655 1.2750125887690096 0.46605794042707133 0.79387576281843975 -0.85925218225375766 -1.2543280627515025 -0.58524739966597628 0.505193667248098 0.091860997679164821 0.90745195762283271 0.45615441754957847 -1.4032428797398566 0.71917983228723392 -0.41639598453737986 1.5396378430418227 1.0092410105015268 1.2791650113445097 -1.1210959212062963 -0.75231536578290303 0.66465261430782085 -0.24472827403648004 -0.80308533467902898 -1.1306715409838382 0.69154318303039763 1.0414542967587244 1.4014694649914612 -1.5155810017442939 0.53770354258189801 -1.0103873344961958 0.36096655954559453
decision_type=2 2 2 2 2 2 2 2 2 2 2 2 2 2 2 2 2 2 2 2 2 2 2 2 2 2 2 2 2 2
left_child=1 2 7 5 -5 6 -4 17 9 10 11 -9 13 -3 -15 -7 -14 19 -19 21 -20 -1 25 -24 -25 -22 -23 28 -28 -29
right_child=-2 12 3 4 -6 15 -8 8 -10 -11 -12 -13 16 14 -16 -17 -18 18 20 -21 22 26 23 24 -26 -27 27 29 -30 -31
leaf_value=-0.11097188374060872 -0.0061328092291856977 0.25706650391086805 -0.68395980796203826 2.0955181289617331 -0.34614830333281937 -0.11513946072997949 -3.8954745043878973 0.3376077791413245 -0.23842646386863581 0.31160048916396027 -0.091128417643216941 2.3199268670131761 -0.1068299504342527 -1.7450377255226628 -0.34965745909969409 -2.1554174272219337 1.4044418774269245 1.8870894367419755 0.46412605011091568 1.9922046198564418 0.76685090294346148 0.84043481111526486 0.071878265900600966 -0.26448376940916407 -1.7281831706803421 -0.2852082348990268 -1.0393249564404998 1.6279533173143865 -4.6718631744384771 -1.5952426331383842
leaf_weight=560 74594 271 317 146 346 1088 23 78 335 276 65 210 442 231 101 30 54 65 1199 34 422 20 1406 182 145 199 28 20 29 28
leaf_count=560 74594 271 317 146 346 1088 23 78 335 276 65 210 442 231 101 30 54 65 1199 34 422 20 1406 182 145 199 28 20 29 28
internal_value=-1.6401e-11 0.0547869 0.109999 -0.15906 0.378411 -0.340429 -0.901209 0.208974 0.532908 0.943715 1.43795 1.78305 -0.309493 -0.611532 -1.32054 -0.169888 0.0577037 0.136972 0.206838 -0.214595 0.176099 -0.324129 0.0293937 -0.114058 -0.913525 0.429718 -1.27907 -1.68279 -2.88746 -0.252244
internal_weight=82944 8350 7251 1950 492 1458 340 5301 964 629 353 288 1099 603 332 1118 496 4337 3618 719 3553 685 2354 1733 327 621 125 105 57 48
internal_count=82944 8350 7251 1950 492 1458 340 5301 964 629 353 288 1099 603 332 1118 496 4337 3618 719 3553 685 2354 1733 327 621 125 105 57 48
is_linear=0
shrinkage=0.05


Tree=184
num_leaves=31
num_cat=0
split_feature=0 1 5 2 5 12 12 11 7 0 3 12 4 5 1 5 2 11 3 4 3 2 8 1 4 0 2 4 8 4
split_gain=11155 20790.8 19279.8 34297.3 30399.4 64194 46771.5 31011 25304.4 25291.9 24233.6 23954.2 47887.3 25264.9 21664.2 23692.7 38431.8 35004.5 24113.3 20203.7 28925.4 19494.3 18935.5 18622.4 18456.7 20511.7 18430.1 21329.9 18017 28221.2
threshold=1.1059526493479568 -0.50657896220813003 0.061466547291727118 0.10656507264677506 0.30505838731795659 1.0000000180025095e-35 0.34815531191139576 1.0000000180025095e-35 0.50473852548845832 1.12050285458282 0.11305434169946196 1.0444659357341872 -1.1306715409838382 0.59600457818367614 0.73698539892229065 -0.30505838731795659 0.59529323858038585 1.0000000180025095e-35 0.56259276248717471 -1.1306715409838382 0.66368735366316434 0.036110844180951285 1.0792073135794762 0.16949717451644622 0.76981892152091114 1.3823662388213667 0.73650150623240929 1.2509557474714812 1.0792073135794762 0.40896630205798407
decision_type=2 2 2 2 2 2 2 2 2 2 2 2 2 2 2 2 2 2 2 2 2 2 2 2 2 2 2 2 2 2
left_child=-1 -2 3 8 6 7 23 -6 -3 21 -5 19 13 -13 15 16 -12 -18 -19 20 -11 -7 -16 24 25 -4 -14 -28 -21 -30
right_child=1 2 4 10 5 9 -8 -9 -10 11 14 12 26 -15 22 -17 17 18 -20 28 -22 -23 -24 -25 -26 -27 27 -29 29 -31
leaf_value=0.0076186345922722477 -0.92915802354162391 -0.41050553068493856 0.23103012029900621 0.19097023987411754 -1.0569617585291302 -2.2114970174702733 -0.022408316003237429 -0.11771572546616614 0.99723966338417758 -1.0051354149767364 -0.024700138349860845 0.5811030218958535 0.1003737821362518 1.9258972234504168 -0.25243647975996836 -0.12709881132514578 -0.27397921288714694 1.2956496383279366 0.27889676823427806 -0.20900531387005589 0.297961310153046 -0.25195779169599219 -1.3019066103961734 0.1988022711114506 1.2899576477706434 0.9329019461707635 -1.2334970099884168 0.34887236133217814 0.55227142894888392 -0.47020962344972717
leaf_weight=70733 66 977 282 892 228 22 1514 143 33 136 952 186 1019 43 958 2531 85 151 95 570 62 30 45 521 86 165 57 34 233 95
leaf_count=70733 66 977 282 892 228 22 1514 143 33 136 952 186 1019 43 958 2531 85 151 95 570 62 30 45 521 86 165 57 34 233 95
internal_value=8.69552e-11 -0.0441314 -0.0393219 -0.0959341 0.0307808 -0.0814027 0.155633 -0.694934 -0.36451 0.0101213 -0.0484193 0.0334224 0.175304 0.833619 -0.0927489 -0.0383722 0.136661 0.600755 0.903001 -0.139917 -0.597095 -1.08099 -0.299521 0.411377 0.619166 0.49011 0.0394894 -0.642282 -0.0391133 0.256126
internal_weight=82944 12211 12145 6719 5426 2858 2568 371 1010 2487 5709 2435 1339 229 4817 3814 1283 331 246 1096 198 52 1003 1054 533 447 1110 91 898 328
internal_count=82944 12211 12145 6719 5426 2858 2568 371 1010 2487 5709 2435 1339 229 4817 3814 1283 331 246 1096 198 52 1003 1054 533 447 1110 91 898 328
is_linear=0
shrinkage=0.05


Tree=185
num_leaves=31
num_cat=0
split_feature=3 1 3 0 0 2 4 1 7 2 11 2 0 9 4 4 9 2 4 9 12 4 8 8 0 8 4 6 3 2
split_gain=11117.4 23607.4 22835.1 42406.6 58385.6 29253.3 24917.7 23193.8 51649 105572 108626 66755.3 69135.2 47252.9 47144.1 38575.1 34385.3 26662.2 44162.6 97286.7 83360.9 67079 138605 140277 112775 74257.3 61912.8 59432.1 80718 52343.5
threshold=-3.4162401030471474 -2.3217283294796118 -2.5754279967601312 -1.13745297609258 -1.8580712658684129 -0.44480922694359198 1.299069430066538 -1.4231340846305149 0.50473852548845832 -0.50295822573522753 1.0801555850332116 -0.97076319214733575 -0.84184073891796507 1.1551462826685348 -1.1306715409838382 1.6118083669344083 -0.38504876088951151 -0.74963898180468103 -1.1306715409838382 0.96262190222377908 1.0444659357341872 -0.74576208022338231 -1.7404918888887655 -1.0174668528432229 -0.94039444389011251 1.0000000180025095e-35 -0.93821681060361073 1.1133806251249947 -0.54436166125785357 -1.8169679628284221
decision_type=2 2 2 2 2 2 2 2 2 2 2 2 2 2 2 2 2 2 2 2 2 2 2 2 2 2 2 2 2 2
left_child=1 -1 3 4 -2 6 -5 8 9 15 -11 16 13 -13 -14 -4 -10 18 19 20 27 22 24 26 -20 -25 -24 28 -9 -21
right_child=2 -3 7 5 -6 -7 -8 17 11 10 -12 12 14 -15 -16 -17 -18 -19 21 29 -22 -23 23 25 -26 -27 -28 -29 -30 -31
leaf_value=0.06120394754551145 0.12944936472636767 1.0764984206573383 0.1050758858546656 0.77792036272407161 -0.4815325062783713 -1.4201155966520309 -0.6463182193847995 1.9455099359770807 1.54930762267775 0.22398499675715963 -4.399120086210746 3.7790871008237206 1.5129221179906061 1.4673619473486075 -0.99160743654217753 -0.58426833147399648 0.11174267176978968 0.0074030486913802367 0.44808296574136386 -1.6832293324172498 -0.78244122929281479 -0.095343137369347505 0.8926451926057537 -0.61184530247650715 -2.6551295508199662 0.51255953034854906 3.1039526003510205 -0.32839851356902217 0.13929888858633527 -0.48154233169045846
leaf_weight=253 611 74 3619 209 1086 20 36 130 45 24 27 30 34 84 42 215 550 66624 52 100 139 6645 60 184 67 727 67 106 118 966
leaf_count=253 611 74 3619 209 1086 20 36 130 45 24 27 30 34 84 42 215 550 66624 52 100 139 6645 60 184 67 727 67 106 118 966
internal_value=-2.57573e-10 0.290965 -0.00115165 -0.169692 -0.26155 0.418549 0.568644 0.00294823 0.111103 0.0363581 -2.22354 0.481019 1.29696 2.07571 0.12884 0.0664194 0.220466 -0.00369891 -0.0827137 -0.325663 0.25514 -0.0341674 0.317184 0.502481 -1.2991 0.285457 2.05924 0.662552 1.0861 -0.594271
internal_weight=82944 327 82617 1962 1697 265 245 80655 4670 3885 51 785 190 114 76 3834 595 75985 9361 1559 493 7802 1157 1038 119 911 127 354 248 1066
internal_count=82944 327 82617 1962 1697 265 245 80655 4670 3885 51 785 190 114 76 3834 595 75985 9361 1559 493 7802 1157 1038 119 911 127 354 248 1066
is_linear=0
shrinkage=0.05


Tree=186
num_leaves=31
num_cat=0
split_feature=1 9 8 3 8 4 4 5 4 6 2 6 4 4 5 2 0 6 4 5 3 0 0 9 6 0 3 3 8 1
split_gain=11089.4 25037.9 23170 29324.2 24619.6 26860.8 20577.1 18987.8 35087.7 37402.4 31873.6 23163 20956.9 23124.2 37167.1 34625.1 34331.9 27962.7 17789.4 16822.5 15164.4 14886.9 14169.3 13835.3 16270.5 19799.2 46047 33388.5 22194.8 30483.8
threshold=1.7813136723100536 -0.48131095111188943 0.74090168677562918 0.74087690798447048 1.0000000180025095e-35 -1.0585010170912528 -1.3712399539591229 0.75810821674430728 1.6358652082319367 -0.89145085320788475 0.87232108526112462 1.1133806251249947 0.84198944541349674 -1.1066146996863098 -0.95394520574413588 1.0223644467264663 0.52984211629493871 -0.89145085320788475 1.0344441757937248 -1.1210959212062963 1.769898520573933 0.71917983228723392 0.27635587693334102 0.19252438044475581 0.30811198432835407 0.28829943191366353 0.99640746287309812 0.79274670876277797 -1.0174668528432229 2.3018234381716098
decision_type=2 2 2 2 2 2 2 2 2 2 2 2 2 2 2 2 2 2 2 2 2 2 2 2 2 2 2 2 2 2
left_child=-1 2 3 -2 -5 -6 23 11 9 21 -11 12 13 16 17 -16 19 -15 -7 -8 -17 -9 -10 24 25 27 -27 -3 -28 -30
right_child=1 6 -4 4 5 18 7 8 22 10 -12 -13 -14 14 15 20 -18 -19 -20 -21 -22 -23 -24 -25 -26 26 28 -29 29 -31
leaf_value=0.0032744338211961026 0.40599991132051516 -0.38596532507376241 -0.59263202284993255 -0.61707774645440105 1.4724778540672796 -0.58341744450231392 0.91480484008789065 -0.37116224102570983 1.6579988903620029 0.48276081499846085 -1.5477729996620131 0.58350333354417117 0.59111432672167818 -2.7296454626938393 -1.0603718765472112 0.73329400153371038 1.4495210830122234 -0.66803567456571677 0.55162426629768946 -0.67872901258628771 -0.34255553919233778 0.94213315498444339 0.055645475033167247 -0.25953143090009689 -0.19310914874821902 1.3321379665767445 0.25251217412921351 1.9311605156592604 -2.4059703100295295 0.016936123721739828
leaf_weight=80366 195 22 395 281 31 90 22 71 22 23 121 149 84 29 76 77 42 38 56 67 57 31 37 105 100 85 164 53 21 34
leaf_count=80366 195 22 395 281 31 90 22 71 22 23 121 149 84 29 76 77 42 38 56 67 57 31 37 105 100 85 164 53 21 34
internal_value=-1.82273e-10 -0.102076 -0.290351 -0.107502 -0.326132 0.135764 0.0268857 -0.117186 -0.44193 -0.704567 -1.22345 0.0373338 -0.128071 -0.276139 -0.535001 -0.207859 0.271227 -1.56037 -0.148059 -0.284822 0.275657 0.0279766 0.653133 0.260262 0.374204 0.52389 0.344389 1.25147 -0.0389843 -0.908174
internal_weight=82944 2578 1048 653 458 177 1530 946 305 246 144 641 492 408 277 210 131 67 146 89 134 102 59 584 479 379 304 75 219 55
internal_count=82944 2578 1048 653 458 177 1530 946 305 246 144 641 492 408 277 210 131 67 146 89 134 102 59 584 479 379 304 75 219 55
is_linear=0
shrinkage=0.05


Tree=187
num_leaves=31
num_cat=0
split_feature=5 5 5 0 1 3 2 5 7 0 1 8 3 5 8 2 2 2 2 3 5 3 6 11 0 2 5 5 6 6
split_gain=11194.5 102230 87491.7 108159 76757.5 51773.3 62272.8 51293.2 58506.4 57468.7 48799.7 45722.6 77131.8 106359 190871 143336 98751.7 62893.4 61225.2 101024 74197.9 174594 85788.2 61488.1 90994 69040.5 60153 58383 299127 192917
threshold=0.30505838731795659 0.65128935879477212 0.061466547291727118 0.57912398970290024 0.16336766683724621 0.57832548115873816 -0.015860029133632016 -0.24472827403648004 0.50473852548845832 0.70608344974506287 -0.18685084147002348 -1.0174668528432229 0.91647862731940477 1.3068553720381473 1.0152913959672809 0.95646282078510436 0.56933421920431126 1.3196167046558733 0.53393347449773632 1.3252395340690633 1.082299156171467 0.49647550613367891 1.0000000180025095e-35 -0.76213734878520889 0.32520881608126934 1.805007244251817 1.1922423828011943 0.90745195762283271 -0.50537016327275397 -0.89145085320788475
decision_type=2 2 2 2 2 2 2 2 2 2 2 2 2 2 2 2 2 2 2 2 2 2 2 2 2 2 2 2 2 2
left_child=2 5 7 4 -4 10 -7 -1 -9 -10 -2 18 16 14 15 -14 27 -15 19 -3 23 22 -22 -20 25 -25 -23 28 -13 -29
right_child=1 11 3 -5 -6 6 -8 8 9 -11 -12 12 13 17 -16 -17 -18 -19 20 -21 21 26 -24 24 -26 -27 -28 29 -30 -31
leaf_value=0.015293574957826756 0.34089424629926207 0.22990526682434972 1.2497423968852619 0.13231302367291112 -0.0252415488273116 -1.3343164883195398 -0.33838912033072716 -0.22380758250120558 1.8694697380065919 0.10171150393151772 -0.17766260454729069 -0.44294559397870908 0.26001502903274282 1.9861510935037032 -2.0664820750297488 -0.92901620447570998 0.27237900075634952 -0.068088151790477613 -0.55063279379962704 3.2984852587735212 -0.56286324446207914 -0.74717325066621054 0.8908777419622842 3.0496461432713731 0.16057885332125998 0.66560404006748985 -2.0485405584797265 0.23506562956268137 0.53810939243104483 -0.17439544506700488
leaf_weight=36770 497 4066 397 4064 168 187 977 4638 48 1090 5207 1265 563 69 174 461 3109 81 204 27 181 237 231 52 541 73 142 3827 2014 11584
leaf_count=36770 497 4066 397 4064 168 187 977 4638 48 1090 5207 1265 563 69 174 461 3109 81 204 27 181 237 231 52 541 73 142 3827 2014 11584
internal_value=4.93481e-11 -0.0210952 0.0159948 0.22243 0.870632 -0.194494 -0.498388 -0.00646535 -0.144983 0.176274 -0.13248 0.0201113 -0.0112444 -0.378284 -0.535439 -0.275281 0.0114524 0.876862 0.146248 0.250148 -0.109779 -0.460251 0.25222 0.208868 0.441507 1.65737 -1.23476 -0.0319516 0.15963 -0.0727143
internal_weight=82944 35769 47175 4629 565 6868 1164 42546 5776 1138 5704 28901 23147 1348 1198 1024 21799 150 5754 4093 1661 791 412 870 666 125 379 18690 3279 15411
internal_count=82944 35769 47175 4629 565 6868 1164 42546 5776 1138 5704 28901 23147 1348 1198 1024 21799 150 5754 4093 1661 791 412 870 666 125 379 18690 3279 15411
is_linear=0
shrinkage=0.05


Tree=188
num_leaves=31
num_cat=0
split_feature=8 4 11 3 1 4 5 5 3 0 5 3 4 0 0 2 4 5 0 5 3 2 0 1 4 2 4 11 5 5
split_gain=11157.1 61991.7 69624.9 69800.3 115894 67942 219814 55206.3 57701.9 61715.7 51399.3 55095.1 53879.4 60663.8 92148.2 52983.9 121198 61981.6 58876.3 47485.5 87716.6 49929.8 44062.8 133072 49525.3 43507.8 41794.2 58269.2 48800.8 46417.6
threshold=-1.7404918888887655 1.2750125887690096 0.46605794042707133 -2.1031311770546544 0.030813634620150427 0.79387576281843975 -0.85925218225375766 -1.157767925009574 -0.024976711587266803 0.30530901036954622 -0.30505838731795659 1.3515904590587777 0.072170523892585367 0.64130839416711594 1.0567807523991288 0.69154318303039763 -1.0344441757937244 0.95394520574413566 0.75474993300678117 -1.2543280627515025 -1.2427499936392385 -3.1140459338614512 0.71917983228723392 -0.41639598453737986 1.5396378430418227 0.68272489028600936 -0.52925050854562683 -0.76213734878520889 0.53960840463842696 1.1922423828011943
decision_type=2 2 2 2 2 2 2 2 2 2 2 2 2 2 2 2 2 2 2 2 2 2 2 2 2 2 2 2 2 2
left_child=1 2 3 4 -1 19 -7 -5 9 -9 11 12 13 -10 -15 26 18 -18 -17 20 -4 -22 23 -3 -25 -21 28 -28 -12 -30
right_child=-2 22 5 7 -6 6 -8 8 10 -11 15 -13 -14 14 -16 16 17 -19 -20 25 21 -23 -24 24 -26 -27 27 -29 29 -31
leaf_value=1.4735417236140522 -0.0061354106087543594 0.23986030133970329 -0.40193464695387471 -0.27649855470532386 -1.3407197615301067 1.9874156578150517 -0.32606279516122927 1.282520854041489 -0.38742334203816009 0.24119386410856822 0.12293083282808465 -0.08071745494543392 -0.15342766291616189 1.8669635598858196 0.56065247860458733 0.95989028459037751 -0.223487427658286 -1.6852364926213061 -0.28915456059455341 -0.080468435233606542 -0.58808660065686258 -3.2563474863767627 0.053950318264880129 -1.6571438241185565 -0.32979221609559395 -1.3594720615520024 0.30291776790972652 -0.36394935397459721 1.4674754496746594 -0.057807171258373535
leaf_weight=217 74594 271 263 632 44 146 346 249 87 332 339 379 169 210 378 163 121 181 224 1047 27 50 496 231 101 71 738 589 180 69
leaf_count=217 74594 271 263 632 44 146 346 249 87 332 339 379 169 210 378 163 121 181 224 1047 27 50 496 231 101 71 738 589 180 69
internal_value=2.2771e-10 0.0548102 0.107849 0.201819 0.999107 -0.147606 0.360457 0.160531 0.223191 0.687477 0.152705 0.420083 0.644969 0.844864 1.02719 0.0271272 -0.34888 -1.09957 0.236929 -0.319052 -0.836484 -2.32072 -0.29513 -0.582267 -1.25334 -0.161693 0.162411 0.00692324 0.513317 1.04481
internal_weight=82944 8350 7251 5301 261 1950 492 5040 4408 581 3827 1223 844 675 588 2604 689 302 387 1458 340 77 1099 603 332 1118 1915 1327 588 249
internal_count=82944 8350 7251 5301 261 1950 492 5040 4408 581 3827 1223 844 675 588 2604 689 302 387 1458 340 77 1099 603 332 1118 1915 1327 588 249
is_linear=0
shrinkage=0.05


Tree=189
num_leaves=31
num_cat=0
split_feature=3 0 2 0 3 4 1 2 5 2 1 5 2 1 1 7 5 2 5 4 2 1 4 4 5 7 7 0 4 5
split_gain=10707.3 46141.9 47281.9 38264.8 57517.8 35912 50628.5 38656.9 31501.2 30334.2 28219.5 27102.8 32120.5 55161 26353.1 42364.8 150516 97164.4 96495.4 33978.7 25988.8 39342.5 52920.6 61998.3 77075 86358.4 117681 80438.5 78251 94414.5
threshold=-2.4347750607212824 -1.13745297609258 -0.44480922694359198 -1.8580712658684129 -3.2237657070594765 -0.21651157167775612 -3.1498310508249876 -2.4834967106707331 -1.3668181053864807 -2.1935802108907363 -2.7700044812573239 -1.3937669968154378 -2.7893769725794724 -2.7700044812573239 -1.4231340846305149 0.50473852548845832 1.254328062751503 -0.50295822573522753 0.65128935879477212 1.6118083669344083 -0.74963898180468103 0.64744316098806876 -1.1306715409838382 -0.60142103243821221 -1.2543280627515025 1.0000000180025095e-35 -0.17427846833443938 -1.4090935296994196 -0.81793260411596802 1.3068553720381473
decision_type=2 2 2 2 2 2 2 2 2 2 2 2 2 2 2 2 2 2 2 2 2 2 2 2 2 2 2 2 2 2
left_child=1 3 -3 10 5 6 -5 8 -7 -8 -1 -6 -13 -14 15 17 -17 19 -19 -2 21 22 -16 24 -24 26 27 -26 29 -27
right_child=14 2 -4 4 11 7 9 -9 -10 -11 -12 12 13 -15 20 16 -18 18 -20 -21 -22 -23 23 -25 25 28 -28 -29 -30 -31
leaf_value=0.40042919558023815 0.11841287298226506 0.57277893976548488 -1.4343969138339163 -0.57380816324249562 -0.19361702112050655 0.83572691845112157 1.2540436828831409 -1.7343193894082849 -0.59545180854530866 0.086979419688383741 -0.25271518640367219 -0.45236555567226522 -3.3514190141971301 -0.92432994978224992 -0.36745147086928626 0.29210461269574672 3.4039534804297662 -4.1676102735378127 0.18972466426591081 -0.53381980834528808 0.0071773503283015863 0.97592767483886633 -0.21280274359532109 -0.1068705572056282 -0.40328179439043654 -3.2792856185666981 1.8652943313196677 0.9832207463439403 1.3294872758434533 -0.24989175408190448
leaf_weight=394 3437 353 32 92 356 61 146 44 104 90 285 398 26 235 1468 744 41 27 24 212 66606 87 532 6282 182 31 199 246 59 151
leaf_count=394 3437 353 32 92 356 61 146 44 104 90 285 398 26 235 1468 744 41 27 24 212 66606 87 532 6282 182 31 199 246 59 151
internal_value=-1.29216e-10 -0.099548 0.405949 -0.186781 -0.323746 0.0947309 0.421122 -0.417501 -0.0663494 0.808977 0.126282 -0.545146 -0.735047 -1.16611 0.00324193 0.12101 0.454634 0.0502279 -2.1171 0.0805194 -0.00372234 -0.0823176 -0.0923797 -0.0398145 0.261076 0.551517 0.860715 0.393633 -0.252912 -0.765887
internal_weight=82944 2616 385 2231 1552 537 328 209 165 236 679 1015 659 261 80328 4485 785 3700 51 3649 75843 9237 9150 7682 1400 868 627 428 241 182
internal_count=82944 2616 385 2231 1552 537 328 209 165 236 679 1015 659 261 80328 4485 785 3700 51 3649 75843 9237 9150 7682 1400 868 627 428 241 182
is_linear=0
shrinkage=0.05


Tree=190
num_leaves=31
num_cat=0
split_feature=5 5 4 4 4 6 1 5 0 1 6 0 3 6 5 11 3 6 6 3 4 3 5 6 8 8 2 1 1 2
split_gain=10729.7 112020 116550 194324 145502 90939.4 65373.9 63194.8 86313.8 77840.8 53566.3 53347.9 51930.3 49776.2 46217.9 53600.6 41442.3 52274.1 45207.9 41086.9 68215.5 99868.4 125393 116248 196164 92735.5 90766.2 107160 89049.5 71718.9
threshold=0.36482234569996347 0.65128935879477212 0.67359155633079737 -0.28868209557034147 1.0103873344961962 1.1133806251249947 0.430156400690546 0.061466547291727118 0.57912398970290024 0.16336766683724621 -1.0580783826696147 -0.041031050645656465 -0.47480105654860999 -0.066328909107543868 -0.24472827403648004 1.0000000180025095e-35 0.48945987907242627 -0.50537016327275397 1.7077461606570974 -0.54436166125785357 -1.3712399539591229 1.385481915394563 -0.85925218225375766 1.0000000180025095e-35 0.74090168677562918 1.0000000180025095e-35 0.54941424234217939 0.86068800461684258 1.2791650113445097 0.52682091662761121
decision_type=2 2 2 2 2 2 2 2 2 2 2 2 2 2 2 2 2 2 2 2 2 2 2 2 2 2 2 2 2 2
left_child=7 2 3 11 13 10 -7 14 9 -9 -5 -2 -6 -4 19 -16 18 -18 -13 -1 21 22 23 26 25 -25 28 -28 -21 -23
right_child=1 -3 4 5 12 6 -8 8 -10 -11 -12 16 -14 -15 15 -17 17 -19 -20 20 -22 29 -24 24 -26 -27 27 -29 -30 -31
leaf_value=-0.072102076987795305 1.7975543157474416 0.018845067288208589 0.32907375963072161 -1.4661367235146463 -1.2201633053017897 -1.1807599239734066 -2.9284969273735495 1.0534517305717259 0.094232811331028066 0.022909343064875923 -0.48837936410398952 -0.062478916748383934 -0.085046776977997285 1.2841922621501793 0.066437462459337224 -0.25116519633670531 0.055469144964721842 -0.84692721580379837 0.88162852346735154 -0.76347950896810823 0.07483379747960775 1.8746851497713259 0.061389446324682663 0.25092793309440214 3.5785530285702816 -1.6600071203577649 -0.73214138311111121 -2.5238486649174443 1.9204185350826295 0.16855525364273369
leaf_weight=9920 37 28901 280 160 111 251 68 481 4977 296 1125 1562 1092 266 2071 3705 284 369 138 487 23927 68 1010 210 36 91 163 171 33 654
leaf_count=9920 37 28901 280 160 111 251 68 481 4977 296 1125 1562 1092 266 2071 3705 284 369 138 487 23927 68 1010 210 36 91 163 171 33 654
internal_value=3.04881e-10 -0.021234 -0.222927 -0.371982 0.117454 -0.797704 -1.55332 0.0152304 0.170749 0.660864 -0.610123 -0.0862681 -0.189783 0.794388 -0.00580215 -0.137288 -0.11589 -0.454461 0.0141604 0.0148522 0.0469784 -0.18104 -0.348429 -0.695966 0.0903921 -0.326797 -1.00627 -1.64945 -0.593155 0.329243
internal_weight=82944 34644 5743 3994 1749 1604 319 48300 5754 777 1285 2390 1203 546 42546 5776 2353 653 1700 36770 26850 2923 2201 1191 337 301 854 334 520 722
internal_count=82944 34644 5743 3994 1749 1604 319 48300 5754 777 1285 2390 1203 546 42546 5776 2353 653 1700 36770 26850 2923 2201 1191 337 301 854 334 520 722
is_linear=0
shrinkage=0.05


Tree=191
num_leaves=31
num_cat=0
split_feature=1 9 8 3 8 4 4 0 5 4 6 2 6 4 4 5 8 2 0 2 5 2 0 5 3 0 2 6 2 0
split_gain=10803.5 23138.7 20518.9 25958.8 22287.6 24188.6 18459.2 16569.1 16472.3 32235.3 32935.7 27926.5 20922.4 19093 21282.6 19926.3 47339.5 28999.1 17783.5 13847.6 25609.8 14331.2 22737.5 21523.9 19519.2 25575.5 26718 24030.7 25343.1 13642.9
threshold=1.7813136723100536 -0.48131095111188943 0.74090168677562918 0.74087690798447048 1.0000000180025095e-35 -1.0585010170912528 -1.3712399539591229 0.54794536091234869 0.75810821674430728 1.6358652082319367 -0.89145085320788475 0.87232108526112462 1.1133806251249947 0.84198944541349674 -1.2509557474714805 -0.95394520574413588 -1.0174668528432229 1.0223644467264663 0.56837680559423676 0.97064084075793844 0.99864169796777091 1.2623166656443179 0.62867323683413623 -1.1210959212062963 0.82265556731106138 0.6017551102665889 1.6079624674258717 0.30811198432835407 1.96935456431297 0.71917983228723392
decision_type=2 2 2 2 2 2 2 2 2 2 2 2 2 2 2 2 2 2 2 2 2 2 2 2 2 2 2 2 2 2
left_child=-1 2 3 -2 -5 -6 19 -7 12 10 29 -12 13 14 18 16 -16 -17 -8 20 -3 22 -21 -23 -25 27 -27 28 -26 -10
right_child=1 6 -4 4 5 7 8 -9 9 -11 11 -13 -14 -15 15 17 -18 -19 -20 21 -22 23 -24 24 25 26 -28 -29 -30 -31
leaf_value=0.003231958703881647 0.37346316603131785 0.16847060063951894 -0.56620802661286118 -0.59220059293444904 1.3925823896161971 0.88067740201950073 0.0093680412624962631 -0.42178649912709781 -0.36212390564696895 0.63390613606799462 0.4427207760188891 -1.4579310207696987 0.54976969068657433 0.5599455969940339 -1.8116036485647784 -0.9901876815700833 0.75416218662261969 0.18814156595738485 1.657250977646221 0.45009517411098765 -1.6763613595962525 -1.2958151928403163 2.240187519788742 1.7583147216926922 1.9374237961239285 -1.8616812814365735 0.015468174403356592 -0.29693749067015374 0.48684084375317283 0.89510193053753151
leaf_weight=80366 195 76 395 281 31 31 64 115 71 59 23 121 149 84 64 79 25 154 22 68 25 22 24 22 45 22 137 52 91 31
leaf_count=80366 195 76 395 281 31 31 64 115 71 59 23 121 149 84 64 79 25 154 22 68 25 22 24 22 45 22 137 52 91 31
internal_value=-2.92099e-11 -0.100752 -0.281746 -0.109674 -0.315377 0.124099 0.0232222 -0.145236 -0.113233 -0.415702 -0.667438 -1.15435 0.0306873 -0.126514 -0.267844 -0.454471 -1.09088 -0.211378 0.430919 0.244261 -0.288171 0.355598 0.917076 0.223486 0.314068 0.222501 -0.244263 0.617265 0.966813 0.0199741
internal_weight=82944 2578 1048 653 458 177 1530 146 946 305 246 144 641 492 408 322 89 233 86 584 101 483 92 391 369 347 159 188 136 102
internal_count=82944 2578 1048 653 458 177 1530 146 946 305 246 144 641 492 408 322 89 233 86 584 101 483 92 391 369 347 159 188 136 102
is_linear=0
shrinkage=0.05


Tree=192
num_leaves=31
num_cat=0
split_feature=8 4 11 3 1 4 5 5 3 0 5 3 2 4 0 5 4 0 0 5 3 1 0 1 3 0 5 2 4 1
split_gain=10469.1 56425 61701.7 62171.7 102504 60488.2 198379 46461 52406.7 53354 44062.5 47965.1 46427.9 116094 52571.6 46541.7 44901.1 66916.3 104416 41655.1 78057.6 39631.7 39510.5 135806 37126.5 86438.6 40317.6 42453.2 37093.1 36624.9
threshold=-1.7404918888887655 1.2750125887690096 0.46605794042707133 -2.1031311770546544 0.030813634620150427 0.79387576281843975 -0.85925218225375766 -1.157767925009574 0.031031153468385444 0.30530901036954622 -0.30505838731795659 1.3515904590587777 0.69154318303039763 -1.0585010170912528 0.75474993300678117 0.95394520574413566 0.072170523892585367 0.72553946197796038 0.98193534052144549 -1.2543280627515025 -1.2746274358238492 1.0092410105015268 0.6017551102665889 -0.41639598453737986 -0.21237470035288722 0.35635169854651122 -1.2244505813478443 -0.52342002949533895 1.154728382281367 1.0555776676911581
decision_type=2 2 2 2 2 2 2 2 2 2 2 2 2 2 2 2 2 2 2 2 2 2 2 2 2 2 2 2 2 2
left_child=1 2 3 4 -1 19 -7 24 9 -9 11 16 -12 14 -14 -15 17 -10 29 20 -4 -21 23 -3 26 -26 -5 -28 -18 -19
right_child=-2 22 5 7 -6 6 -8 8 10 -11 12 -13 13 15 -16 -17 28 18 -20 21 -22 -23 -24 -25 25 -27 27 -29 -30 -31
leaf_value=1.3908024285108813 -0.0059432447825907113 0.22656425416497586 -0.34235060834875847 -0.27715383481042288 -1.2558956325731494 1.8881980712525548 -0.30959090870486122 1.1462131842049612 -0.37490260092985062 0.25682453447477482 0.14662377105097177 -0.080951876275850793 0.93594453226915508 -0.29336200360979497 -0.26082669692486848 -1.5749087268077249 -0.75024604908745696 2.8709099996834997 0.59305005544263756 -0.1017395382928525 -2.0851645167830379 -1.9439410758018494 0.017128415900546971 -1.3510681035289807 0.23304350256919859 -3.2534201002679768 2.6508606605529788 0.12737428116798402 0.80173432756037943 1.2730432105981386
leaf_weight=217 74594 266 254 485 44 146 346 277 105 431 1826 379 159 116 217 182 99 80 409 1088 86 30 553 280 40 32 25 50 63 65
leaf_count=217 74594 266 254 485 44 146 346 277 105 431 1826 379 159 116 217 182 99 80 409 1088 86 30 553 280 40 32 25 50 63 65
internal_value=-3.24792e-10 0.0530935 0.103695 0.192157 0.944616 -0.136786 0.342599 0.153191 0.210673 0.604792 0.135258 0.384306 0.015715 -0.338943 0.245255 -1.07605 0.599084 0.782418 1.00177 -0.298554 -0.78318 -0.151172 -0.280765 -0.582478 -0.247733 -1.3165 -0.11032 0.968536 -0.146698 2.15462
internal_weight=82944 8350 7251 5301 261 1950 492 5040 4408 708 3700 1200 2500 674 376 298 821 659 554 1458 340 1118 1099 546 632 72 560 75 162 145
internal_count=82944 8350 7251 5301 261 1950 492 5040 4408 708 3700 1200 2500 674 376 298 821 659 554 1458 340 1118 1099 546 632 72 560 75 162 145
is_linear=0
shrinkage=0.05


Tree=193
num_leaves=31
num_cat=0
split_feature=1 0 4 5 4 4 5 6 6 4 6 8 2 4 0 5 5 8 8 4 3 2 4 1 2 0 2 12 4 5
split_gain=10547.7 49159.1 76200.6 63299.5 45656.5 158608 85808.4 184823 94015.4 178925 119053 104192 103663 61212.3 95612.8 168560 76948.7 386037 86991.2 72173.9 67734.5 56928.4 56232.3 76857.9 64773.8 61231.3 55669.4 62573.5 54466.5 95788.9
threshold=-0.16204548971777474 -1.2918889148873716 -1.1306715409838382 1.3816171070223859 0.96227365190113923 0.52925050854562661 0.90745195762283271 -0.91243033262339701 0.30811198432835407 0.64953471503326898 1.0000000180025095e-35 1.0792073135794762 -0.25060829360405162 0.67359155633079737 -0.19329766734559714 0.70535813777133538 0.70535813777133538 1.0000000180025095e-35 1.0792073135794762 0.76981892152091114 -0.66145708881861809 0.95646282078510436 0.33679577816539868 -0.49188764022400816 0.21053372787703037 0.68424768755534904 -0.60299835642078914 -1.0444659357341868 -0.45707998465304106 1.082299156171467
decision_type=2 2 2 2 2 2 2 2 2 2 2 2 2 2 2 2 2 2 2 2 2 2 2 2 2 2 2 2 2 2
left_child=4 2 -2 -4 5 22 7 -7 9 10 -8 21 -12 -9 16 -16 18 19 -15 -18 -17 -11 23 25 -24 -1 27 -25 -28 -30
right_child=1 -3 3 -5 -6 6 8 13 -10 11 12 -13 -14 14 15 20 17 -19 -20 -21 -22 -23 24 26 -26 -27 28 -29 29 -31
leaf_value=-0.021807763405856245 1.0837667278096645 -0.0071566378902435243 -0.98677178341044403 -0.070912706090435804 -0.090705892293566362 -0.55168446746419175 0.83033122241400603 0.28855556540291771 -0.40118402818403143 -0.15030402880979163 1.27193378077613 1.5461042914013177 5.151630101059423 0.95113040881449162 1.0465691883883579 5.1971199783118998 -0.5554782629013062 2.5414077569178102 -1.0062672529797085 -3.9293363253275553 2.2463888344241352 -2.4451962844601702 -0.37192805269671547 -1.2836389217890947 0.52495260897161655 -0.72167790566927925 0.10766350735727662 0.017314874796329188 0.23770161546510826 1.0549545625187116
leaf_weight=11831 79 52818 394 362 6681 332 309 574 651 775 36 92 33 817 311 37 23 59 61 51 41 28 1665 102 229 321 1654 985 1048 545
leaf_count=11831 79 52818 394 362 6681 332 309 574 651 775 36 92 33 817 311 37 23 59 61 51 41 28 1665 102 229 321 1654 985 1048 545
internal_value=-1.62315e-10 -0.0131743 -0.393821 -0.548226 0.0241317 0.0580649 0.334113 0.539814 0.0875704 0.337515 1.24964 -0.0477201 3.12744 0.72339 0.901672 1.56781 0.645363 -0.475407 0.815138 -2.8807 3.64609 -0.230325 -0.00546525 0.0241778 -0.263488 -0.0402951 0.204952 -0.104762 0.308635 0.517302
internal_weight=82944 53653 835 756 29291 22610 4230 2306 1924 1273 378 895 69 1974 1400 389 1011 133 878 74 78 803 18380 16486 1894 12152 4334 1087 3247 1593
internal_count=82944 53653 835 756 29291 22610 4230 2306 1924 1273 378 895 69 1974 1400 389 1011 133 878 74 78 803 18380 16486 1894 12152 4334 1087 3247 1593
is_linear=0
shrinkage=0.05


Tree=194
num_leaves=31
num_cat=0
split_feature=5 5 4 4 4 6 5 0 3 1 6 6 1 12 8 2 6 6 3 5 7 0 4 8 4 4 2 0 4 2
split_gain=9758.36 86454.5 104939 149051 125728 88454.6 71297 88833.3 63721.3 63277.7 61783.1 53377.7 51017.5 49759.5 78739.9 89523.8 44754.1 44072.7 43442 41414 52557 51150.9 41177.5 38080 78743.9 98406.8 118238 93750.6 109838 86368.2
threshold=0.30505838731795659 0.65128935879477212 0.64953471503326898 -0.31273893686786985 1.0103873344961962 1.1133806251249947 0.061466547291727118 0.57912398970290024 0.47465040927662722 0.16336766683724621 1.7077461606570974 -0.50537016327275397 0.4730647128404763 0.69631062382279152 1.0000000180025095e-35 0.34366841508042739 -0.066328909107543868 -1.0580783826696147 0.091266178823726909 -0.24472827403648004 0.50473852548845832 0.70608344974506287 1.2750125887690096 -1.0174668528432229 0.67359155633079737 1.5636946843393513 0.76678024437159642 -0.041031050645656465 1.0344441757937248 0.27215577412219116
decision_type=2 2 2 2 2 2 2 2 2 2 2 2 2 2 2 2 2 2 2 2 2 2 2 2 2 2 2 2 2 2
left_child=6 2 3 8 16 17 19 9 10 -8 -2 -10 -7 14 15 -6 -4 -5 -14 -1 -21 -22 -16 24 29 26 27 -26 -29 -3
right_child=1 23 4 5 13 12 7 -9 11 -11 -12 -13 18 -15 22 -17 -18 -19 -20 20 21 -23 -24 -25 25 -27 -28 28 -30 -31
leaf_value=0.014209972360171109 -0.01132703377870521 0.45613449077921353 0.26534392019036596 -1.1947625730591411 -0.72786346459799589 -1.0805319833419016 1.1329463836152847 0.11961627391945684 0.026898002320429288 -0.024683636894804382 1.0039415210119786 -0.80311258882284164 -3.6332505893707281 0.28411255751329673 0.42671408574051911 -3.4325964818681989 1.0616087962455791 -0.383514653829855 -0.86707857738841665 -0.2045164589296897 1.7720954522490502 0.10433328183799334 -0.36495475859810622 -0.010417082579486248 -0.3493669677624332 0.74850194064601694 -1.515389709368264 2.4189222202784775 0.096189190529901353 -0.014072876231744885
leaf_weight=36770 1857 2295 358 191 243 310 397 4064 332 168 163 465 40 440 259 35 348 1356 22 4638 48 1090 449 23147 1057 262 177 69 194 1700
leaf_count=36770 1857 2295 358 191 243 310 397 4064 332 168 163 465 40 440 259 35 348 1356 22 4638 48 1090 449 23147 1057 262 177 69 194 1700
internal_value=-2.81449e-10 -0.0196956 -0.179156 -0.310288 0.112141 -0.650139 0.0149336 0.201286 -0.078775 0.788731 0.0705981 -0.457362 -1.34239 -0.158028 -0.355332 -1.06839 0.657837 -0.483675 -2.65171 -0.00534158 -0.129807 0.174678 -0.0753471 0.0181983 0.133311 -0.145441 -0.301896 -0.139178 0.705575 0.256046
internal_weight=82944 35769 6868 4736 2132 1919 47175 4629 2817 565 2020 797 372 1426 986 278 706 1547 62 42546 5776 1138 708 28901 5754 1759 1497 1320 263 3995
internal_count=82944 35769 6868 4736 2132 1919 47175 4629 2817 565 2020 797 372 1426 986 278 706 1547 62 42546 5776 1138 708 28901 5754 1759 1497 1320 263 3995
is_linear=0
shrinkage=0.05


Tree=195
num_leaves=31
num_cat=0
split_feature=1 9 8 3 2 4 0 4 12 4 5 6 1 5 12 2 0 4 8 6 4 2 5 2 0 5 3 8 0 9
split_gain=9614.66 21022 18819.5 20819.6 21590.1 16302.6 15829.7 16528 19699.7 27173.6 36433.9 22538 19240.1 14341.8 19402.6 13575.6 13211 15459.6 12859.8 24011.5 12483.2 12388.1 23107.3 13038.1 20541.7 18662.7 17581.8 23049.3 19968.6 19678.6
threshold=1.7813136723100536 -0.48131095111188943 1.0792073135794762 1.3252395340690633 1.2372373708373974 -1.3712399539591229 0.75474993300678117 0.43302314335551256 -0.34815531191139565 -1.1306715409838382 0.85925218225375766 -0.89145085320788475 2.4897801535579531 -0.65128935879477201 1.0000000180025095e-35 0.97064084075793844 0.32520881608126934 1.6358652082319367 -1.7404918888887655 1.0000000180025095e-35 1.0825578583887816 0.97064084075793844 0.99864169796777091 1.2623166656443179 0.62867323683413623 -1.1210959212062963 0.82265556731106138 -1.0174668528432229 0.14993241413394157 -0.19252438044475575
decision_type=2 2 2 2 2 2 2 2 2 2 2 2 2 2 2 2 2 2 2 2 2 2 2 2 2 2 2 2 2 2
left_child=-1 2 3 4 -2 21 7 8 -7 10 -10 -11 -12 -6 -15 -9 17 -17 -8 -20 -5 22 -3 24 -23 -25 -27 29 -29 -28
right_child=1 5 -4 20 13 6 18 15 9 11 12 -13 -14 14 -16 16 -18 -19 19 -21 -22 23 -24 25 -26 26 27 28 -30 -31
leaf_value=0.0030489462838885692 0.21523491900859759 0.16101229265332223 -1.0147545768282353 -0.68875287534161056 -0.045540188076262623 -0.023388610700745466 0.84145324288959233 1.1361372353943686 0.25668192658636529 -2.5206806412109963 -2.4944344577335178 -0.85348019379636519 -0.55844304995103322 -0.97316727177239959 0.31347369386961588 0.050094743535543489 -0.50606001540087164 1.4566732523341974 -0.55980846138907159 1.0254184406250715 0.58209715116591687 0.42784273774527454 -1.591367455482483 -1.2045780515128917 2.1293026963869734 1.6651861125772651 -0.033168667173859752 0.67739782239261437 -0.67092829244681684 0.94780172976802612
leaf_weight=80366 347 76 78 242 194 239 71 30 118 26 21 92 33 128 38 105 80 24 71 36 21 68 25 22 24 22 88 38 99 122
leaf_count=80366 347 76 78 242 194 239 71 30 118 26 21 92 33 128 38 105 80 24 71 36 21 68 25 22 24 22 88 38 99 122
internal_value=3.73877e-10 -0.0950472 -0.267564 -0.20748 -0.0661976 0.023121 -0.105116 -0.203583 -0.359492 -0.636487 -0.2356 -1.22083 -1.31133 -0.337467 -0.678635 0.141504 -0.00126648 0.311784 0.319729 -0.0264611 -0.587278 0.230847 -0.272745 0.336153 0.871702 0.210142 0.294489 0.207586 -0.29694 0.536728
internal_weight=82944 2578 1048 970 707 1530 946 768 529 290 172 118 54 360 166 239 209 129 178 107 263 584 101 483 92 391 369 347 137 210
internal_count=82944 2578 1048 970 707 1530 946 768 529 290 172 118 54 360 166 239 209 129 178 107 263 584 101 483 92 391 369 347 137 210
is_linear=0
shrinkage=0.05


Tree=196
num_leaves=31
num_cat=0
split_feature=3 1 3 1 0 2 8 1 2 7 5 2 3 4 3 2 4 4 4 11 1 4 5 8 5 2 5 7 1 7
split_gain=9455.4 19623.3 19359.5 51001.2 53510.8 36521.9 28792.5 24740 38286.6 44489.9 131748 85459.6 38902.4 30410.1 24638.6 47160.4 28309.1 49178.7 42306.5 40398.7 23685.4 23481.4 36119.1 86126.7 100739 103899 50143.9 43138.9 69748.2 39645.3
threshold=-3.4162401030471474 -2.3217283294796118 -2.4347750607212824 -1.0787737981766559 -1.8580712658684129 -0.44480922694359198 1.0792073135794762 -1.4231340846305149 -0.033790519403887435 0.50473852548845832 1.254328062751503 -0.50295822573522753 0.42675000108310807 1.6118083669344083 -2.9392621052187606 -2.7893769725794724 -0.21651157167775612 -0.79387576281843952 -1.1066146996863098 1.0801555850332116 -2.7700044812573239 1.5636946843393513 0.75810821674430728 0.19793268244031401 1.224450581347845 1.177662146332213 0.90745195762283271 1.7010387896728181 0.90915801069461832 -0.74611299300944822
decision_type=2 2 2 2 2 2 2 2 2 2 2 2 2 2 2 2 2 2 2 2 2 2 2 2 2 2 2 2 2 2
left_child=1 -1 3 4 20 6 -5 8 9 11 12 13 -11 -4 -6 16 17 18 -16 -18 -2 -9 27 24 25 -24 -25 28 -23 -28
right_child=2 -3 7 5 14 -7 -8 21 -10 10 -12 -13 -14 -15 15 -17 19 -19 -20 -21 -22 22 23 26 -26 -27 29 -29 -30 -31
leaf_value=0.058858095315605291 0.36517977890724057 0.98452200138488333 0.11478291505129873 0.95921412105934323 -0.20132123547251712 -1.0827542675659061 0.086925215824379537 -0.0098700367729747038 -1.4228598297387363 0.20912573545214697 3.2344079024181136 -2.7978373527526856 1.5090389403825006 -0.50224972904993681 -1.5533837577700615 -1.2177981726390621 -0.30606945838203758 -1.6412894407350027 1.3447323567727034 1.3550499572310337 -0.23883356593679964 0.045145646398456613 2.461297913489485 0.99317734798505208 0.1003971397576313 0.57546695619821553 0.44868354225630125 0.66579582014458316 -0.86728675485166729 -0.65220302382509254
leaf_weight=253 377 74 3437 182 536 40 197 72314 40 666 41 26 63 212 20 240 246 89 34 43 285 1996 133 84 279 162 113 232 234 296
leaf_count=253 377 74 3437 182 536 40 197 72314 40 666 41 26 63 212 20 240 246 89 34 43 285 1996 133 84 279 162 113 232 234 296
internal_value=-1.2561e-10 0.268336 -0.00106208 -0.144443 -0.256162 0.354155 0.505808 0.00302367 0.117131 0.130989 0.476569 0.0585818 0.321464 0.0789345 -0.454162 -0.655832 -0.343628 -0.919032 0.271356 -0.0589133 0.105144 -0.00372409 0.122215 0.365197 0.781514 1.42569 -0.119521 0.0169091 -0.0505984 -0.348046
internal_weight=82944 327 82617 2289 1870 419 379 80328 4485 4445 770 3675 729 3649 1208 672 432 143 54 289 662 75843 3529 1067 574 295 493 2462 2230 409
internal_count=82944 327 82617 2289 1870 419 379 80328 4485 4445 770 3675 729 3649 1208 672 432 143 54 289 662 75843 3529 1067 574 295 493 2462 2230 409
is_linear=0
shrinkage=0.05


Tree=197
num_leaves=31
num_cat=0
split_feature=6 10 1 0 4 4 3 9 0 4 4 0 4 9 0 1 2 4 1 3 11 4 1 2 9 0 4 2 1 0
split_gain=9383.25 32710.7 65747.4 40518.6 39145.4 88936.3 46949.9 117367 59673 89239.9 44920.6 44689.3 55384.2 39789.2 70297.3 67734.8 36188.7 70440 49366.8 34347 49775.3 42935.1 61816.7 45980.6 65843 95622.1 50143.7 38474.9 37665.3 37616.7
threshold=1.7077461606570974 1.0000000180025095e-35 -2.2160820167546751 -1.7161338693448003 1.2750125887690096 0.84198944541349674 -1.0922045854630837 1.4439328533356688 -1.3744545859888488 0.21651157167775623 -0.21651157167775612 -1.6588868161365133 -0.14434104778517126 -0.096262190222377877 -0.60072431572695317 -0.256683644485308 0.069199880674079201 -0.096227365190113864 0.27377400262146423 -0.61982507694372868 1.0000000180025095e-35 -0.50519366724809844 1.0816218058448215 -1.3938692458926663 0.48131095111188954 -0.29884430116203531 0.38490946076045557 -0.15046424011878376 -1.7488174499073867 -1.3938508581899112
decision_type=2 2 2 2 2 2 2 2 2 2 2 2 2 2 2 2 2 2 2 2 2 2 2 2 2 2 2 2 2 2
left_child=-1 19 3 -3 5 6 7 8 9 -4 -9 12 -8 14 -7 -16 18 -18 -13 20 -2 -21 23 -23 -25 26 29 28 -22 -26
right_child=1 2 4 -5 -6 13 11 10 -10 -11 -12 16 -14 -15 15 -17 17 -19 -20 21 27 22 -24 24 25 -27 -28 -29 -30 -31
leaf_value=0.0056138455447259728 1.3860741818944613 0.38418683147885735 0.28209832940589297 2.3769420160401253 0.42005934797968547 1.4972759617865086 -0.5852552903377205 -0.29321824309844818 0.12464517634844532 2.5469178211896919 -1.9848104443466454 -0.095352321601709977 -2.9651425193337833 -1.298254987926913 -3.433263231407512 -0.28282670676708221 -0.22534157281821493 -1.6836529472658228 2.1692280435562132 0.13690635413995175 -0.25683270765335431 1.3305668610876258 -0.93194826433026445 -0.041940703780813333 -0.018346741978003053 -3.5003879270245957 0.44353143972594566 -0.6627865006327629 0.45353849246237887 -1.7540670267371246
leaf_weight=74628 90 144 88 31 191 40 87 126 193 86 57 644 34 294 22 76 326 111 25 1878 252 55 245 2129 49 31 82 125 719 86
leaf_count=74628 90 144 88 31 191 40 87 126 193 86 57 644 34 294 22 76 326 111 25 1878 252 55 245 2129 49 31 82 125 719 86
internal_value=1.40039e-10 -0.0503788 -0.198447 0.737189 -0.266671 -0.326049 -0.169622 0.214248 0.730017 1.40149 -0.820108 -0.341691 -1.25398 -0.969497 -0.269098 -0.990068 -0.241883 -0.595759 -0.0107267 0.0160341 0.255709 -0.0463708 -0.174946 -0.0986849 -0.131756 -0.902787 -0.531701 0.162887 0.269179 -1.12406
internal_weight=82944 8316 2575 175 2400 2209 1777 550 367 174 183 1227 121 432 138 98 1106 437 669 5741 1186 4555 2677 2432 2377 248 217 1096 971 135
internal_count=82944 8316 2575 175 2400 2209 1777 550 367 174 183 1227 121 432 138 98 1106 437 669 5741 1186 4555 2677 2432 2377 248 217 1096 971 135
is_linear=0
shrinkage=0.05


Tree=198
num_leaves=31
num_cat=0
split_feature=5 5 4 4 4 1 5 10 1 0 4 4 2 5 5 4 12 2 1 6 4 2 7 8 6 0 6 2 4 8
split_gain=9679.6 93658.5 70567.4 102838 79860.9 53433.5 51226.9 75620.4 48909.4 47884.8 42417.2 124621 188791 224671 192713 168336 156210 123600 118200 108922 103468 287964 134351 103024 102977 94137.8 91395.3 86588.6 77403.7 147084
threshold=0.36482234569996347 0.59600457818367614 0.67359155633079737 -0.40896630205798362 0.96227365190113923 0.430156400690546 0.061466547291727118 1.0000000180025095e-35 0.052110413123538445 0.26591282621078377 -1.2028420648764235 -0.55330734984315477 -0.9991573580571832 1.1210959212062968 1.3494002584220433 -1.0344441757937244 -0.34815531191139565 -0.84978002840374967 0.77084338647177908 -1.0580783826696147 -1.3952967952566515 0.61371090745568624 -0.90839521789717692 1.0792073135794762 0.30811198432835407 0.88166158069034728 -0.89145085320788475 0.34366841508042739 -0.26462525427281347 -0.27754979391328816
decision_type=2 2 2 2 2 2 2 2 2 2 2 2 2 2 2 2 2 2 2 2 2 2 2 2 2 2 2 2 2 2
left_child=6 2 3 9 -4 -5 -1 -8 -9 -2 17 12 16 24 15 -15 -12 -3 -19 -17 22 -22 -20 -16 -14 27 -23 -26 29 -13
right_child=1 10 4 5 -6 -7 7 8 -10 -11 11 28 13 14 23 19 -18 18 20 -21 21 26 -24 -25 25 -27 -28 -29 -30 -31
leaf_value=-0.0044706127143691807 1.4876442621583523 -0.28803277013216977 0.69763128708379918 -0.60018020357011503 -0.15940211672022439 -1.9223225302534339 0.063845467884429644 0.89958945259626022 0.23932484801163315 -0.14706613122821918 -0.11360953334696899 0.89851808159745894 -0.1844551678400031 -0.094685661745388117 -0.3100851651391372 0.31246693909168244 1.4896190187070466 0.53584096625707689 -2.1182490869093753 -1.4096635794758452 1.7012248628361282 -0.13332718401534918 0.34223739406875064 1.0986432240197535 1.3328793392348208 -1.5816527960251789 -2.2178751858625008 0.18567908017237983 0.0082311009364286012 0.056939832323141981
leaf_weight=42546 46 1191 368 1351 1040 81 4603 484 667 1714 338 738 1643 407 888 100 276 2110 59 1122 86 73 930 152 293 49 188 375 17275 1751
leaf_count=42546 46 1191 368 1351 1040 81 4603 484 667 1714 338 738 1643 407 888 100 276 2110 59 1122 86 73 930 152 293 49 188 375 17275 1751
internal_value=-7.62106e-11 -0.0201681 -0.23027 -0.360336 0.0645953 -0.674966 0.0144659 0.154486 0.516969 -0.104341 0.0120003 -0.0133805 -0.22062 -0.321673 -0.635929 -0.975404 0.60706 0.151066 0.302827 -1.26874 -0.0651826 -0.808035 0.195454 -0.104194 0.0337299 0.533699 -1.63484 0.688867 0.0457903 0.306472
internal_weight=82944 34644 4600 3192 1408 1432 48300 5754 1151 1760 30044 25407 5643 5029 2669 1629 614 4637 3446 1222 1336 347 989 1040 2360 717 261 668 19764 2489
internal_count=82944 34644 4600 3192 1408 1432 48300 5754 1151 1760 30044 25407 5643 5029 2669 1629 614 4637 3446 1222 1336 347 989 1040 2360 717 261 668 19764 2489
is_linear=0
shrinkage=0.05


Tree=199
num_leaves=31
num_cat=0
split_feature=0 5 2 11 3 3 6 5 6 6 7 4 4 5 5 5 5 5 2 0 3 2 8 9 4 4 9 4 5 2
split_gain=8951.84 25460.6 24261.1 20816.6 19507 16335.3 16419.9 15780 56337 47552.4 19409.1 18651.5 16605.3 27289.1 34624.7 22522 17481.5 15399.5 14416.8 14008.4 13245.3 13180.2 12531.8 67064 91814.3 120046 189268 115808 88135.9 75860.7
threshold=1.1717357439809941 -0.65128935879477201 1.177662146332213 0.46605794042707133 -0.22294397020604925 0.023812372087501432 -0.89145085320788475 0.36482234569996347 1.0000000180025095e-35 0.30811198432835407 0.50473852548845832 1.2750125887690096 -0.52925050854562683 0.85925218225375766 0.59600457818367614 0.95394520574413566 0.75810821674430728 0.48220716928829882 -0.12784652860989734 1.3823662388213667 0.74087690798447048 0.26682566135263169 -1.7404918888887655 0.096262190222377905 -0.52925050854562683 -1.1066146996863098 1.1551462826685348 1.2750125887690096 -1.2543280627515025 -2.6310653532177404
decision_type=2 2 2 2 2 2 2 2 2 2 2 2 2 2 2 2 2 2 2 2 2 2 2 2 2 2 2 2 2 2
left_child=22 4 3 7 -2 6 -5 9 10 -3 12 -12 13 14 -9 16 -14 -10 -6 21 -13 -16 23 -1 25 28 -27 -26 29 -25
right_child=1 2 -4 5 18 -7 -8 8 17 -11 11 20 15 -15 19 -17 -18 -19 -20 -21 -22 -23 -24 24 27 26 -28 -29 -30 -31
leaf_value=0.27784621329166043 0.81146262527668278 -0.011044150499093866 -0.629043984681255 -0.30080346020773568 -1.2239139328400295 -0.29107024424430678 0.39801699645305055 0.10273460821208487 -0.51533560464356809 0.35027124957982486 -0.48847026284952899 0.97143262014502574 -0.042495704536370062 -1.353889398097992 0.78428670551817303 1.3482184996183675 -0.73814495828385673 -1.4411964817795644 -0.39262318441355387 0.17147512035934551 -0.43250002797160836 1.8937649848509808 -0.00018893022863970379 0.68098924072349776 0.2898984174082968 -1.5132651424614723 0.27509389020437497 -0.54960831864062043 0.44960510208658361 -1.2966856501202964
leaf_weight=2460 29 5639 165 145 63 1076 200 418 94 1086 331 42 579 25 59 26 107 86 303 38 28 49 65973 68 2046 418 229 514 479 169
leaf_count=2460 29 5639 165 145 63 1076 200 418 94 1086 331 42 579 25 59 26 107 86 303 38 28 49 65973 68 2046 418 229 514 479 169
internal_value=-2.40313e-10 -0.0429402 -0.027677 -0.0177822 -0.436808 -0.195077 0.10431 0.0114889 -0.116489 0.0473036 -0.0275247 -0.331655 0.0662156 0.262613 0.334267 -0.096254 -0.151001 -0.957691 -0.535714 0.997147 0.40986 1.28766 0.00628353 0.0731811 -0.0551585 -0.386662 -0.880291 0.121341 0.059397 -0.729252
internal_weight=82944 10588 10193 10028 395 1421 345 8607 1882 6725 1702 401 1301 589 564 712 686 180 366 146 70 108 72356 6383 3923 1363 647 2560 716 237
internal_count=82944 10588 10193 10028 395 1421 345 8607 1882 6725 1702 401 1301 589 564 712 686 180 366 146 70 108 72356 6383 3923 1363 647 2560 716 237
is_linear=0
shrinkage=0.05


end of trees

feature_importances:
Column_4=1118
Column_2=878
Column_5=781
Column_3=572
Column_0=542
Column_1=542
Column_6=402
Column_8=330
Column_9=297
Column_7=262
Column_11=147
Column_12=108
Column_10=21

parameters:
[boosting: gbdt]
[objective: regression]
[metric: rmse]
[tree_learner: serial]
[device_type: cpu]
[data_sample_strategy: bagging]
[data: ]
[valid: ]
[num_iterations: 200]
[learning_rate: 0.05]
[num_leaves: 31]
[num_threads: 0]
[seed: 0]
[deterministic: 0]
[force_col_wise: 0]
[force_row_wise: 0]
[histogram_pool_size: -1]
[max_depth: -1]
[min_data_in_leaf: 20]
[min_sum_hessian_in_leaf: 0.001]
[bagging_fraction: 1]
[pos_bagging_fraction: 1]
[neg_bagging_fraction: 1]
[bagging_freq: 0]
[bagging_seed: 3]
[bagging_by_query: 0]
[feature_fraction: 0.9]
[feature_fraction_bynode: 1]
[feature_fraction_seed: 2]
[extra_trees: 0]
[extra_seed: 6]
[early_stopping_round: 0]
[early_stopping_min_delta: 0]
[first_metric_only: 0]
[max_delta_step: 0]
[lambda_l1: 0]
[lambda_l2: 0]
[linear_lambda: 0]
[min_gain_to_split: 0]
[drop_rate: 0.1]
[max_drop: 50]
[skip_drop: 0.5]
[xgboost_dart_mode: 0]
[uniform_drop: 0]
[drop_seed: 4]
[top_rate: 0.2]
[other_rate: 0.1]
[min_data_per_group: 100]
[max_cat_threshold: 32]
[cat_l2: 10]
[cat_smooth: 10]
[max_cat_to_onehot: 4]
[top_k: 20]
[monotone_constraints: 0,0,0,0,0,0,0,0,0,0,0,0,0]
[monotone_constraints_method: basic]
[monotone_penalty: 0]
[feature_contri: ]
[forcedsplits_filename: ]
[refit_decay_rate: 0.9]
[cegb_tradeoff: 1]
[cegb_penalty_split: 0]
[cegb_penalty_feature_lazy: ]
[cegb_penalty_feature_coupled: ]
[path_smooth: 0]
[interaction_constraints: ]
[verbosity: -1]
[saved_feature_importance_type: 0]
[use_quantized_grad: 0]
[num_grad_quant_bins: 4]
[quant_train_renew_leaf: 0]
[stochastic_rounding: 1]
[linear_tree: 0]
[max_bin: 255]
[max_bin_by_feature: ]
[min_data_in_bin: 3]
[bin_construct_sample_cnt: 200000]
[data_random_seed: 1]
[is_enable_sparse: 1]
[enable_bundle: 1]
[use_missing: 1]
[zero_as_missing: 0]
[feature_pre_filter: 1]
[pre_partition: 0]
[two_round: 0]
[header: 0]
[label_column: ]
[weight_column: ]
[group_column: ]
[ignore_column: ]
[categorical_feature: ]
[forcedbins_filename: ]
[precise_float_parser: 0]
[parser_config_file: ]
[objective_seed: 5]
[num_class: 1]
[is_unbalance: 0]
[scale_pos_weight: 1]
[sigmoid: 1]
[boost_from_average: 1]
[reg_sqrt: 0]
[alpha: 0.9]
[fair_c: 1]
[poisson_max_delta_step: 0.7]
[tweedie_variance_power: 1.5]
[lambdarank_truncation_level: 30]
[lambdarank_norm: 1]
[label_gain: ]
[lambdarank_position_bias_regularization: 0]
[eval_at: ]
[multi_error_top_k: 1]
[auc_mu_weights: ]
[num_machines: 1]
[local_listen_port: 12400]
[time_out: 120]
[machine_list_filename: ]
[machines: ]
[gpu_platform_id: -1]
[gpu_device_id: -1]
[gpu_use_dp: 0]
[num_gpu: 1]

end of parameters

pandas_categorical:null
