tree
version=v4
num_class=1
num_tree_per_iteration=1
label_index=0
max_feature_idx=162
objective=regression
feature_names=Column_0 Column_1 Column_2 Column_3 Column_4 Column_5 Column_6 Column_7 Column_8 Column_9 Column_10 Column_11 Column_12 Column_13 Column_14 Column_15 Column_16 Column_17 Column_18 Column_19 Column_20 Column_21 Column_22 Column_23 Column_24 Column_25 Column_26 Column_27 Column_28 Column_29 Column_30 Column_31 Column_32 Column_33 Column_34 Column_35 Column_36 Column_37 Column_38 Column_39 Column_40 Column_41 Column_42 Column_43 Column_44 Column_45 Column_46 Column_47 Column_48 Column_49 Column_50 Column_51 Column_52 Column_53 Column_54 Column_55 Column_56 Column_57 Column_58 Column_59 Column_60 Column_61 Column_62 Column_63 Column_64 Column_65 Column_66 Column_67 Column_68 Column_69 Column_70 Column_71 Column_72 Column_73 Column_74 Column_75 Column_76 Column_77 Column_78 Column_79 Column_80 Column_81 Column_82 Column_83 Column_84 Column_85 Column_86 Column_87 Column_88 Column_89 Column_90 Column_91 Column_92 Column_93 Column_94 Column_95 Column_96 Column_97 Column_98 Column_99 Column_100 Column_101 Column_102 Column_103 Column_104 Column_105 Column_106 Column_107 Column_108 Column_109 Column_110 Column_111 Column_112 Column_113 Column_114 Column_115 Column_116 Column_117 Column_118 Column_119 Column_120 Column_121 Column_122 Column_123 Column_124 Column_125 Column_126 Column_127 Column_128 Column_129 Column_130 Column_131 Column_132 Column_133 Column_134 Column_135 Column_136 Column_137 Column_138 Column_139 Column_140 Column_141 Column_142 Column_143 Column_144 Column_145 Column_146 Column_147 Column_148 Column_149 Column_150 Column_151 Column_152 Column_153 Column_154 Column_155 Column_156 Column_157 Column_158 Column_159 Column_160 Column_161 Column_162
monotone_constraints=0 0 0 0 0 0 0 0 0 0 0 0 0 0 0 0 0 0 0 0 0 0 0 0 0 0 0 0 0 0 0 0 0 0 0 0 0 0 0 0 0 0 0 0 0 0 0 0 0 0 0 0 0 0 0 0 0 0 0 0 0 0 0 0 0 0 0 0 0 0 0 0 0 0 0 0 0 0 0 0 0 0 0 0 0 0 0 0 0 0 0 0 0 0 0 0 0 0 0 0 0 0 0 0 0 0 0 0 0 0 0 0 0 0 0 0 0 0 0 0 0 0 0 0 0 0 0 0 0 0 0 0 0 0 0 0 0 0 0 0 0 0 0 0 0 0 0 0 0 0 0 0 0 0 0 0 0 0 0 0 0 0 0
feature_infos=[-2.6425721602495313:2.8199479703581276] [-3.1550732701951438:5.3997902814088068] [-2.3151769007137126:9.2189653707689452] [-2.4165622686067358:5.0019530770372134] [-1.7200641527731382:1.7200641527731377] [-1.4154596351514344:1.4154596351514344] [-9.6299821646861439:5.9915313387883398] [-9.0328221467033725:14.514081617718025] [-8.1060189204719588:8.3903117300588708] [-8.4984266582733223:8.007500350489801] [-7.1113822505432607:9.0814131669571729] [-9.091524078751009:10.801720932150353] [-6.7340829249628937:6.6422560534872908] [-9.4529586307301798:9.6661726212599692] [-9.9639758829786711:7.4217096119083434] [-6.4547036900346662:6.6684461651331475] [-9.2172876240239354:6.3477038020848005] [-12.21163364219967:10.33150485445174] [-14.580224790731524:14.656795238182493] [-13.718114771891909:15.724022564148406] [-4.9166828997718079:9.0420872920130151] [-7.9868050348873911:7.997832568769156] [-7.6434164783964462:11.000998681462411] [-7.519800617020187:6.0756512152292572] [-7.6139316183510868:5.8134168262489094] [-7.4344274638368271:7.5692709642851206] [-5.6908335285989153:7.4642254213652883] [-10.337462469604704:10.525338450311656] [-9.9357946665366921:12.73562065178932] [-15.359442959255885:15.328090108463703] [-9.2949109399335565:10.121336517182108] [-15.551647310688425:12.214559469734009] [-13.374003211912321:16.675176633457621] [-7.9549369563088135:7.9064048265174511] [-7.8245702913532096:7.204925044093808] [-21.477910487338143:21.310268233682518] [-9.155759544700393:9.56498329046366] [-9.3947665612159046:7.2182218624091927] [-7.6291528531472297:7.7224595149611446] [-8.5944100263797587:6.8869282250048425] [-9.8399903023085606:15.208211623823304] [-17.652659971667884:17.921639025364421] [-15.930834649785076:16.066166562171595] [-13.358411423089462:16.491828033549947] [-6.9646811612282713:8.1635437237239223] [-10.381989653838081:16.375580313175671] [-5.3976172988150468:6.3053300703406308] [-6.3983424859901872:6.9184721355061081] [-11.770111259349724:10.035830532956947] [-7.9915998207802463:6.5803807589189711] [-5.6130241545034476:6.2087056417569961] [-10.091784516020601:9.2488493482605332] [-8.6992850612665436:7.545110393168434] [-6.6297888316551976:8.96719449298363] [-7.1190406766416219:7.6824291553457877] [-7.3634015876475472:11.3613111806148] [-9.1881441738789462:7.6283535899900832] [-16.354982187871215:10.326865747073908] [-14.248735449763068:6.2941498612142457] [-8.125384209443558:7.7435375125680928] [-7.3517323700530577:7.2186455451993465] [-15.282295133800357:10.988826821295453] [-11.007730920964935:9.3183815295864907] [-7.1220128234223008:4.7925460290279531] [-8.0767391715015613:8.8409143119899767] [-6.886980431247542:6.7819960342775163] [-5.9161263106447981:6.7761186507852278] [-7.9856608900498207:7.3839320906772414] [-8.3654870038380995:7.2060955027442795] [-12.787560100313454:20.500859202082722] [-7.9054306305093807:7.0854365123878376] [-6.1626785915045019:10.192801644873029] [-5.7031672783536793:11.268226170269561] [-6.1471156868775365:8.7771178580098095] [-6.6331640520616224:6.7614186882382805] [-13.42539469952253:13.8215629900017] [-6.6029601926282933:10.59815293256664] [-8.5391600485523966:7.3864468290663217] [-5.8436859373433698:6.2642448873601646] [-5.9702177145655:7.8624160016940605] [-8.4230455852009278:10.192684332403893] [-9.0876098469147966:8.3542405695427195] [-11.232082407257796:11.261450101159815] [-8.6387757929267703:8.298374798171773] [-10.798960981734099:8.55913792355231] [-8.6637726875650429:6.1071540735744225] [-7.7969124222638957:6.1383770327710234] [-9.1315063733126838:14.173197950281011] [-6.3826928834636405:6.7319202614860787] [-7.2364820961754539:8.8626185809508105] [-11.591013560418125:10.170555631360244] [-11.811978379054665:11.311743526220747] [-9.2719976441562935:7.3325389688480485] [-11.522832804743819:8.2216346375788856] [-8.3072710863451285:9.3143214946786905] [-8.1355333304732405:7.6047336357381328] [-9.6937757159278011:6.4317802677205114] [-10.569749897233329:10.538743972688998] [-7.9781980525881853:8.0591010097622] [-6.6811197006377494:4.8099718802787708] [-7.8212611665839153:9.0788981374872364] [-8.2966070567673462:7.5039780620423242] [-9.75381287249186:5.723520521497381] [-5.9457362968323393:8.3975110433766673] [-6.8682527414341461:8.9870266682248658] [-7.252553209420495:7.9621345435689665] [-21.176477080810582:21.442694191304483] [-18.905726749691496:18.83132618821779] [-22.051462411567794:21.820957274554576] [-8.4647068364979958:8.9009561914477349] [-7.5196352124725552:8.0379593296355534] [-6.6341923176894788:9.435351109980175] [-10.808856571692978:6.5932559420230739] [-6.6962042594418749:5.039813980097307] [-5.4320671867189345:9.2101135170389039] [-8.72535243239005:8.8632759723635814] [-8.8159125672584935:6.8033825663399696] [-9.508659263755705:8.3296035048876309] [-10.396519868827392:10.400735303936033] [-8.0012477941053621:8.7808386114614727] [-8.8986782790544634:7.6164250987786284] [-8.117380585513585:6.0241303977876237] [-17.126777705460466:15.686498294914465] [-6.6053418042779581:5.8542054356232933] [-11.693200142463336:11.50696946735828] [-7.7028648202284353:8.2915003772072406] [-8.1063449346134853:5.9129709895781053] [-8.5783111559791205:5.607347810463283] [-7.103771813788434:7.1135779800868226] [-7.2464279598213217:7.1267375801427235] [-10.734238852575761:10.790118403139857] [-7.2335405841676836:5.0103407076424853] [-8.2886108917349315:6.2018498804424746] [-8.4380396339654293:5.471090997090009] [-9.0301717386663594:9.2385279425001503] [-6.9547644757740379:5.5539470239710935] [-8.0992470321430652:7.5960607599090819] [-18.257449178845533:17.966079977174083] [-6.780739547039464:7.4929090476635531] [-5.4265168512453785:7.9493474346772839] [-7.8674807723630371:11.706521123669672] [-7.0166209125726935:7.9745803351745668] [-8.576758874489558:7.952168556672131] [-14.018057187218004:14.158253194512652] [-7.5048553026042688:7.5397020560191255] [-7.1898272682712232:8.3176958208349028] [-6.1863905989531611:7.3044157423813978] [-7.4863394002513433:6.4596301789259218] [-8.0734429049537866:6.9160701980178603] [-8.4982901262941066:8.3883347065523886] [-7.3843144893121426:7.0756305936103026] [-7.2755945456124946:8.3196560799347328] [-5.3380578890638342:6.98229804231734] [-8.6891994418895866:11.546206858786116] [-10.280384497727253:10.481751312578808] [-9.8402533935610581:6.3682430375267867] [-1.1927069616890913:1.7155044347215915] [-1.0399710426940094:2.5692914663521909] [-1.935617431519115:1.1046423989036982] [-1.6845883288916133:1.6845883288916133] [-0.67090274451755794:1.4905290046459623] [-1.0691861710891131:2.0013020519439824] [-1.5666989036012806:1.5666989036012806]
tree_sizes=2745 2897 2850 2881 2880 2868 2870 2846 2882 2906 2871 2873 2900 2894 2886 2873 2916 2915 2948 2918 2889 2923 2894 2922 2884 2888 2939 2904 2939 2896 2943 2957 2943 2973 2941 2926 2918 2938 2934 2974 2946 2935 2938 2951 2975 2916 2937 2961 2946 2950 2953 2988 2953 2957 2940 2965 2943 2936 2949 2997 2996 2975 3012 2993 2954 2994 2939 2954 2972 2991 2981 2916 2902 2889 2905 2965 2957 2963 2954 2953 2955 2960 2981 2986 2946 2968 2937 2934 2956 2944 2964 2946 2898 3031 2863 2871 2949 2958 2972 2928 2991 2962 3030 2964 2985 2893 2980 3038 3000 3005 2986 2942 2903 2963 2957 3034 2995 3012 3008 3053 2920 2996 2997 2987 2986 2984 3029 2980 2929 3044 2897 3027 3025 2938 3017 3050 2979 2898 3029 2987 2983 2945 3002 2970 3014 2978 3054 3037 2992 2978 3044 2920 2925 2965 3033 3034 2914 2977 2951 2952 2997 2997 2907 2993 3022 3017 2943 3015 2935 2962 2955 3000 2917 2935 2963 3001 2986 2972 2900 2917 2975 2980 3038 2917 2991 2873 3000 3024 2980 2952 2981 2930 2875 2911 2973 2897 2981 2915 2989 2976

Tree=0
num_leaves=31
num_cat=0
split_feature=2 2 2 2 2 2 0 2 3 2 3 2 2 2 157 0 0 157 5 5 3 4 1 2 159 5 4 0 5 0
split_gain=79232.5 17705.5 9939.58 3072.77 2590.8 2018.09 1374.26 1210.28 768.823 668.139 476.059 413.181 354.493 336.706 267.887 578.91 751.321 204.074 258.581 188.337 149.668 149.121 148.965 146.488 144.677 142.013 177.762 133.748 114.23 106.351
threshold=0.46358094886753337 2.0178123984974543 -0.29297001610591034 3.6149727007184684 1.1451585094059384 -0.68927929091040885 1.559883808742007 0.028095304697620668 3.6202699090239405 2.6405108700037077 0.82272587063187708 -0.92765860143702017 -0.51004392546867261 1.5009240506625046 1.7010387896716377 0.07702860807605269 -0.075561753003741502 -0.081021797575027532 1.4032428797401197 0.9074519576230029 0.99923620641477262 -0.72170523892579219 2.3798475571324342 -0.19636480654546742 -0.28878657066713359 1.3494002584222962 0.14434104778515841 2.4153235705169318 0.36482234570003197 2.5330721622260515
decision_type=2 2 2 2 2 2 2 2 2 2 2 2 2 2 2 2 2 2 2 2 2 2 2 2 2 2 2 2 2 2
left_child=2 4 5 9 10 11 -5 23 17 -3 24 -1 -7 20 -12 16 -16 -8 25 -9 -6 -10 -11 -4 -2 -19 -27 -23 -14 -29
right_child=1 3 7 6 13 12 8 19 21 22 14 -13 28 -15 15 -17 -18 18 -20 -21 -22 27 -24 -25 -26 26 -28 29 -30 -31
leaf_value=1.3078732572945002 1.3964085409186824 1.5165860480213511 1.356050326291556 1.5278061464149844 1.4391163837329506 1.3347011840776544 1.588430999322721 1.3804447276210217 1.6354092045594346 1.5255336820087966 1.429143922708223 1.3242299611101904 1.3441448254550181 1.4763295057233341 1.4448428213689815 1.4437752284617162 1.7725917074813244 1.6692709885010213 1.5952748149063902 1.3946716090248996 1.4610111290051062 1.8644384531095661 1.5667878736490022 1.3668897890816991 1.4150919806037321 1.8817930943537842 1.6818017127085816 1.7321467957511651 1.3554007853632457 1.8191304860949198
leaf_weight=5904 1478 1940 4920 160 1311 11808 113 5873 20 261 2797 11157 9871 2592 36 289 34 48 59 3852 1929 37 1354 8505 3466 25 20 113 2921 51
leaf_count=5904 1478 1940 4920 160 1311 11808 113 5873 20 261 2797 11157 9871 2592 36 289 34 48 59 3852 1929 37 1354 8505 3466 25 20 113 2921 51
internal_value=1.37223 1.46462 1.34638 1.55459 1.43749 1.33178 1.65491 1.37265 1.69675 1.53636 1.41919 1.31857 1.34095 1.4629 1.43436 1.47502 1.60404 1.63932 1.67715 1.38608 1.45215 1.76561 1.56012 1.36292 1.40951 1.7291 1.79291 1.77857 1.34672 1.7592
internal_weight=82944 18133 64811 4201 13932 41661 646 23150 486 3555 8100 17061 24600 5832 3156 359 70 265 152 9725 3240 221 1615 13425 4944 93 45 201 12792 164
internal_count=82944 18133 64811 4201 13932 41661 646 23150 486 3555 8100 17061 24600 5832 3156 359 70 265 152 9725 3240 221 1615 13425 4944 93 45 201 12792 164
is_linear=0
shrinkage=1


Tree=1
num_leaves=31
num_cat=0
split_feature=1 1 1 1 1 3 1 3 3 0 1 0 1 3 157 0 3 5 3 0 3 3 0 0 10 162 3 157 161 1
split_gain=68002.4 12249.2 10141.2 2001.25 1919.48 1745.24 1372.39 622.22 552.554 494.244 473.892 411.599 401.892 397.661 309.62 977.251 285.726 200.119 199.592 171.887 171.283 168.351 156.912 136.171 135.245 134.571 134.137 121.323 117.512 117.482
threshold=0.73094927408788057 2.3798475571324342 -0.22258793741951249 3.720430316314014 1.4320675819635942 -0.51160789484771707 0.143870832243327 3.6202699090239405 0.92668547105855714 2.0852076738310585 -0.7908619240853173 2.0852076738310585 -0.45621378040633387 1.5514224447946761 1.7010387896716377 0.07702860807605269 0.34897679544953802 0.36482234570003197 -0.26168921781686022 0.92097724838766892 0.59710660257629045 0.9033182848650757 2.4153235705169318 -1.0130311042509135 0.060077492397574095 0.34815531191139576 0.20902536017875248 1.0000000180025095e-35 1.0801555850340541 0.52972576445151198
decision_type=2 2 2 2 2 2 2 2 2 2 2 2 2 2 2 2 2 2 2 2 2 2 2 2 2 2 2 2 2 2
left_child=2 4 5 11 8 10 18 -5 26 -9 27 21 17 20 -10 24 -8 -7 -4 -15 -6 -3 -11 -19 -16 -22 -2 -1 -29 -18
right_child=1 3 6 7 13 12 16 9 14 22 -12 -13 -14 19 15 -17 29 23 -20 -21 25 -23 -24 -25 -26 -27 -28 28 -30 -31
leaf_value=-0.046952087392959765 0.019176184490096917 0.047532868353565315 -0.013184615843359022 0.22608342400209153 0.04315339062517478 -0.03314819888819704 0.011744771792449656 0.16798670030221707 0.066856104997224275 0.46345938920974733 -0.038098555032148269 0.18618720426689067 -0.015444444621683788 0.080950184361724076 0.43781816959381104 0.083425986615612235 0.023381688805843542 -0.030892227619658871 0.00026295306442828304 0.11697745629825669 0.082314631000005745 0.14749191057808855 0.34023190326588132 -0.003608108660133386 0.25816747221079739 0.11401923213812026 0.047337001770438758 -0.054303563343576888 -0.075575326201952495 0.039231082831804598
leaf_weight=5212 488 44 4162 374 238 8589 4387 41 3185 30 17276 1214 8856 392 20 255 3183 791 8187 2130 1999 987 186 1084 22 402 3168 3391 803 1848
leaf_count=5212 488 44 4162 374 238 8589 4387 41 3185 30 17276 1214 8856 392 20 255 3183 791 8187 2130 1999 987 186 1084 22 402 3168 3391 803 1848
internal_value=-8.39087e-11 0.0956733 -0.0214234 0.18857 0.0739504 -0.0347282 0.0066948 0.267242 0.0571544 0.327138 -0.0430153 0.166458 -0.0232833 0.0971803 0.0714091 0.120235 0.0210711 -0.0299175 -0.0042693 0.111378 0.0836124 0.143226 0.357347 -0.0151184 0.343715 0.0876229 0.0435781 -0.052046 -0.0583763 0.0292035
internal_weight=82944 15175 67769 2876 12299 46002 21767 631 7138 257 26682 2245 19320 5161 3482 297 9418 10464 12349 2522 2639 1031 216 1875 42 2401 3656 9406 4194 5031
internal_count=82944 15175 67769 2876 12299 46002 21767 631 7138 257 26682 2245 19320 5161 3482 297 9418 10464 12349 2522 2639 1031 216 1875 42 2401 3656 9406 4194 5031
is_linear=0
shrinkage=0.05


Tree=2
num_leaves=31
num_cat=0
split_feature=2 2 2 2 2 2 2 4 2 5 3 2 2 2 5 4 1 157 0 0 2 3 0 0 5 3 2 159 158 0
split_gain=65101 14521.9 8223.57 2552.36 2122.57 1725.25 998.557 987.349 873.433 381.84 350.237 335.384 326.751 313.093 288.7 246.35 236.486 220.491 482.625 621.521 176.885 175.133 211.185 145.128 140.849 134.113 125.217 119.787 104.162 103.863
threshold=0.46358094886753337 2.0178123984974543 -0.29297001610591034 4.2843765881725044 1.1103173439123635 -0.7067419361674252 0.028095304697620668 1.0000000180025095e-35 2.8051086824331102 1.3668181053867372 0.82272587063187708 -0.99077352187755474 -0.51004392546867261 1.5009240506625046 1.3937669968156989 0.67359155633073942 2.3798475571324342 1.7010387896716377 0.07702860807605269 -0.075561753003741502 3.6149727007184684 3.3794542420997229 2.0852076738310585 2.5330721622260515 0.9074519576230029 1.2796142973360423 -0.07651102059417908 -0.28878657066713359 -1.7404918888865692 1.5862685013412745
decision_type=2 2 2 2 2 2 2 2 2 2 2 2 2 2 2 2 2 2 2 2 2 2 2 2 2 2 2 2 2 2
left_child=2 4 5 8 10 11 26 29 -3 -9 27 -1 -7 25 15 -11 28 -12 19 -19 -18 -22 -23 -24 -8 -6 -4 -2 -10 -5
right_child=1 3 6 7 13 12 24 9 16 14 17 -13 -14 -15 -16 -17 20 18 -20 -21 21 22 23 -25 -26 -27 -28 -29 -30 -31
leaf_value=-0.062226074922541667 0.021351506789858074 0.13393669279437911 -0.011292448262863325 0.13748139768306697 0.064013458594799774 -0.034291862321571352 0.0077899319891175786 0.23147080955298049 0.18731699896895368 0.48204262894253402 0.050388741409815599 -0.045430718230593414 -0.022990675680543096 0.094331350516083073 0.31279798588332008 0.29102244150070916 0.1794266857109893 0.065366229373547774 0.062884355250512322 0.36346227351356958 0.18746836570176212 0.15534318685531617 0.33157936260104182 0.19356490421295167 0.020093124906998366 0.084070811782065893 -0.00038053191441350822 0.038609230858658687 0.097952575442780354 0.246217992156744
leaf_weight=3936 1434 2263 9837 70 2235 12792 5873 46 46 86 2636 12141 12792 2592 68 21 1153 36 271 34 165 34 80 25 3852 1329 3588 3365 112 32
leaf_count=3936 1434 2263 9837 70 2235 12792 5873 46 46 86 2636 12141 12792 2592 68 21 1153 36 271 34 165 34 80 25 3852 1329 3588 3365 112 32
internal_value=1.27759e-11 0.0837454 -0.0234305 0.16523 0.0591747 -0.0367071 0.000462195 0.300272 0.153983 0.359661 0.0418101 -0.0495426 -0.0286413 0.081109 0.393357 0.444553 0.182072 0.0552829 0.093116 0.210156 0.188372 0.222301 0.263648 0.298719 0.0126631 0.0714928 -0.0083761 0.0334524 0.12397 0.171595
internal_weight=82944 18133 64811 4201 13932 41661 23150 323 3878 221 7776 16077 25584 6156 175 107 1615 2977 341 70 1457 304 139 105 9725 3564 13425 4799 158 102
internal_count=82944 18133 64811 4201 13932 41661 23150 323 3878 221 7776 16077 25584 6156 175 107 1615 2977 341 70 1457 304 139 105 9725 3564 13425 4799 158 102
is_linear=0
shrinkage=0.05


Tree=3
num_leaves=31
num_cat=0
split_feature=2 2 2 2 2 2 2 4 2 2 5 2 159 5 4 1 2 3 157 5 2 2 2 3 160 5 2 1 10 61
split_gain=58844.6 11078.1 9447.5 2178.68 1874.96 1465.61 1152.66 891.083 645.002 388.051 344.61 302.392 288.765 260.552 222.331 213.429 213.235 202.696 220.619 462.698 192.326 165.356 159.639 158.058 190.595 128.121 106.101 97.2834 150.09 123.943
threshold=0.62015932343686064 2.1237758111861855 -0.22946052749876741 4.2843765881725044 -0.6589719471733968 1.2692868776986932 0.21904845369221773 1.0000000180025095e-35 2.8051086824331102 -0.90903454081023705 1.3668181053867372 -0.44730982643469958 -0.19252438044475575 1.3937669968156989 0.67359155633073942 2.3798475571324342 -0.056070289712676365 0.78391736070560258 1.7010387896716377 1.1577679250097914 1.7608667400725224 0.97184569737592008 3.6149727007184684 3.3794542420997229 1.0000000180025095e-35 0.42390874111036964 -1.1231997119140285 0.75658325704980456 -0.0040710380514693374 -0.085110328229159302
decision_type=2 2 2 2 2 2 2 2 2 2 2 2 2 2 2 2 2 2 2 2 2 2 2 2 2 2 2 2 2 2
left_child=2 5 4 8 9 12 16 -5 -3 26 -9 25 -2 14 -12 -10 -4 -8 -19 27 -7 -14 -17 -24 -25 -6 -1 -20 -29 -30
right_child=1 3 6 7 11 20 17 10 15 -11 13 -13 21 -15 -16 22 -18 18 19 -21 -22 -23 23 24 -26 -27 -28 28 29 -31
leaf_value=-0.064931138062684482 0.027569532714688351 0.13018871114059491 -0.007925742005159454 0.16301509762803715 -0.03172567746907972 0.078341172284996208 0.017805562909822464 0.21989726553792541 0.1177715642283423 -0.040194908791383148 0.45794050943019782 -0.018949646797163017 0.045716333403859034 0.29715809103320628 0.2764713247617086 0.17045535218271091 0.004004235756887041 0.029768109924524024 0.026972640395040565 0.27974887157862005 0.10083355918285196 0.063220167426800908 0.1780949449900425 0.28378284431639172 0.1475760249530568 -0.01786031544386707 -0.051055003835078175 0.045094445169619891 0.25519925653934478 0.086665349655474233
leaf_weight=1968 1338 1939 7211 102 11837 3564 5735 46 158 12469 86 12136 3040 68 21 1153 7794 1459 124 26 1296 2426 165 105 34 1939 4592 69 20 24
leaf_count=1968 1338 1939 7211 102 11837 3564 5735 46 158 12469 86 12136 3040 68 21 1153 7794 1459 124 26 1296 2426 165 105 34 1939 4592 69 20 24
internal_value=8.69154e-11 0.0877063 -0.0202223 0.160928 -0.0334563 0.0633681 0.00625575 0.285258 0.149628 -0.0453739 0.341678 -0.0247044 0.0483889 0.373689 0.422325 0.172968 -0.00172899 0.0223227 0.0373666 0.0795192 0.0843391 0.0534851 0.178954 0.211186 0.250466 -0.0297741 -0.0552178 0.0575531 0.0911104 0.163272
internal_weight=82944 15541 67403 3877 44941 11664 22462 323 3554 19029 221 25912 6804 175 107 1615 15005 7457 1722 263 4860 5466 1457 304 139 13776 6560 237 113 44
internal_count=82944 15541 67403 3877 44941 11664 22462 323 3554 19029 221 25912 6804 175 107 1615 15005 7457 1722 263 4860 5466 1457 304 139 13776 6560 237 113 44
is_linear=0
shrinkage=0.05


Tree=4
num_leaves=31
num_cat=0
split_feature=2 2 2 2 2 2 2 4 2 2 5 159 2 5 4 0 2 2 2 2 159 156 1 63 0 0 156 1 1 5
split_gain=53107.2 9998 8526.37 1966.26 1692.15 1326.38 1040.28 804.202 582.114 350.216 311.011 278.142 273.901 235.148 200.654 196.408 192.445 174.133 169.972 151.665 148.878 175.219 267.554 313.164 564.259 386.269 144.546 138.573 116.02 105.464
threshold=0.62015932343686064 2.1237758111861855 -0.22946052749876741 4.2843765881725044 -0.6589719471733968 1.3094201532095648 0.21904845369221773 1.0000000180025095e-35 2.8051086824331102 -0.90903454081023705 1.3668181053867372 -0.19252438044475575 -0.50576930622223182 1.3937669968156989 0.67359155633073942 0.95849667322277543 -0.056070289712676365 3.6149727007184684 1.0075793976716814 1.7608667400725224 -0.19252438044475575 1.0000000180025095e-35 0.46064652029101433 -0.076195702267573967 0.064578719106190979 -0.058025825972005438 1.7077461606554207 4.380683246825634 2.5499110629431088 0.36482234570003197
decision_type=2 2 2 2 2 2 2 2 2 2 2 2 2 2 2 2 2 2 2 2 2 2 2 2 2 2 2 2 2 2
left_child=2 5 4 8 9 11 16 -5 -3 -1 -9 -2 -6 14 -12 28 -4 -17 -13 -7 -8 -22 -23 24 25 -24 27 -19 -10 -14
right_child=1 3 6 7 12 19 20 10 15 -11 13 18 29 -15 -16 17 -18 26 -20 -21 21 22 23 -25 -26 -27 -28 -29 -30 -31
leaf_value=-0.052456951849982461 0.026427333406843664 0.12367927581883581 -0.0075294548895874312 0.1548643427736619 -0.029865896684672461 0.075553566109734724 0.01164943360447987 0.20890240254609482 0.066550835178463483 -0.038185163494358382 0.43504348577455032 0.044157656738116779 -0.02167105547280157 0.28230017984614658 0.26264774799346924 0.16113814551213068 0.0038040239463508008 0.26019172876600238 0.061519299189876878 0.095791880594908535 0.018896007161000729 0.021462346978008699 0.099874600220699702 0.034311961636753617 0.055467632279303007 0.29943851493299006 0.15388927011129758 0.17284863985760113 0.15804321311769032 -0.012160006763361717
leaf_weight=6560 1362 1939 7211 102 10168 3240 2635 46 77 12469 86 3311 11882 68 21 1182 7794 126 2455 1296 2968 1028 49 492 237 48 96 71 63 3862
leaf_count=6560 1362 1939 7211 102 10168 3240 2635 46 77 12469 86 3311 11882 68 21 1182 7794 126 2455 1296 2968 1028 49 492 237 48 96 71 63 3862
internal_value=-1.22671e-11 0.083321 -0.0192112 0.152882 -0.0317835 0.0601997 0.00594296 0.270995 0.142147 -0.0431052 0.324594 0.0467494 -0.0234692 0.355004 0.401209 0.16432 -0.00164254 0.169692 0.0515498 0.0813359 0.0212065 0.026429 0.0384884 0.0596782 0.0970441 0.198628 0.204197 0.228713 0.107722 -0.019338
internal_weight=82944 15541 67403 3877 44941 11664 22462 323 3554 19029 221 7128 25912 175 107 1615 15005 1475 5766 4536 7457 4822 1854 826 334 97 293 197 140 15744
internal_count=82944 15541 67403 3877 44941 11664 22462 323 3554 19029 221 7128 25912 175 107 1615 15005 1475 5766 4536 7457 4822 1854 826 334 97 293 197 140 15744
is_linear=0
shrinkage=0.05


Tree=5
num_leaves=31
num_cat=0
split_feature=2 2 2 2 2 2 0 2 2 5 3 2 2 2 5 0 2 3 4 157 0 0 3 5 161 0 3 157 1 159
split_gain=47958.3 10671.4 6053.39 1874.08 1551.76 1281.86 732.116 729.862 638.255 357.299 273.601 269.321 238.85 232.269 212.221 182.506 190.283 199.223 181.09 177.271 376.485 495.21 115.266 114.918 118.52 113.963 112.089 93.5186 100.548 89.5734
threshold=0.46358094886753337 2.0178123984974543 -0.29297001610591034 4.2843765881725044 1.1103173439123635 -0.7275856720053947 1.7612684997119359 0.028095304697620668 2.8051086824331102 1.3668181053867372 0.82272587063187708 -0.51004392546867261 1.5009240506625046 -1.0219206631466637 1.3937669968156989 1.4721067524511755 3.6149727007184684 3.3794542420997229 0.67359155633073942 1.7010387896716377 0.07702860807605269 -0.075561753003741502 0.24949220878619119 0.30505838731801377 -0.76213734878580341 2.5330721622260515 1.2796142973360423 1.0000000180025095e-35 2.5499110629431088 -0.38504876088951151
decision_type=2 2 2 2 2 2 2 2 2 2 2 2 2 2 2 2 2 2 2 2 2 2 2 2 2 2 2 2 2 2
left_child=2 4 5 8 10 13 -5 23 -3 -8 29 -7 26 -1 18 27 -17 -18 -11 -12 21 -21 -9 -4 -25 -19 -6 28 -10 -2
right_child=1 3 7 6 12 11 9 22 15 14 19 -13 -14 -15 -16 16 17 25 -20 20 -22 -23 -24 24 -26 -27 -28 -29 -30 -31
leaf_value=-0.055073361747269768 0.016308101141272218 0.11495623822129318 -0.01128660262573785 0.11814022890901295 0.054333386220205532 -0.029767872213241175 0.20681537429491681 0.0058024219646384918 0.069846017349347547 0.41329131043234535 0.043487983501613398 -0.019749238086130175 0.081118845876056944 -0.039987143372904141 0.26818517709479617 0.15575601777239662 0.16396342700375527 0.28319195104496825 0.24951536655426027 0.055929207263721359 0.055098240701584804 0.32201571780092575 0.016725546365179169 0.0091212204525516882 -0.0064710329060911568 0.16158595132827758 0.07266997439044677 0.15343625898191915 0.13906977135761112 0.032383407127463813
leaf_weight=3280 1135 2263 7488 73 2235 14104 75 5258 108 86 2636 12792 2592 11485 68 995 132 84 21 36 271 34 4467 1713 4224 25 1329 169 102 3664
leaf_count=3280 1135 2263 7488 73 2235 14104 75 5258 108 86 2636 12792 2592 11485 68 995 132 84 21 36 271 34 4467 1713 4224 25 1329 169 102 3664
internal_value=2.6144e-11 0.0718785 -0.0201104 0.14173 0.0508157 -0.0315012 0.257445 0.000388729 0.132092 0.298122 0.0359684 -0.0250029 0.0695701 -0.0433385 0.337254 0.156104 0.165411 0.205274 0.381148 0.0478764 0.0817994 0.185171 0.0108198 -0.00716745 -0.00197221 0.255301 0.061171 0.12575 0.103469 0.0285815
internal_weight=82944 18133 64811 4201 13932 41661 323 23150 3878 250 7776 26896 6156 14765 175 1615 1236 241 107 2977 341 70 9725 13425 5937 109 3564 379 210 4799
internal_count=82944 18133 64811 4201 13932 41661 323 23150 3878 250 7776 26896 6156 14765 175 1615 1236 241 107 2977 341 70 9725 13425 5937 109 3564 379 210 4799
is_linear=0
shrinkage=0.05


Tree=6
num_leaves=31
num_cat=0
split_feature=2 2 2 2 2 2 2 0 2 5 2 2 5 5 161 2 3 4 2 3 157 5 2 2 1 5 0 5 158 157
split_gain=43327.4 8143.85 6951.47 1599.62 1382.52 1073.75 848.163 660.734 470.859 322.463 272.974 249.94 230.112 191.53 169.899 191.171 180.212 163.434 157.668 153.483 147.068 376.374 136.998 124.826 119.403 117.807 111.282 86.43 84.9021 81.1844
threshold=0.62015932343686064 2.1237758111861855 -0.22946052749876741 4.2843765881725044 -0.68927929091040885 1.3094201532095648 0.21904845369221773 1.7612684997119359 2.8051086824331102 1.3668181053867372 -0.44730982643469958 -1.0219206631466637 0.9074519576230029 1.3937669968156989 1.0000000180025095e-35 3.6149727007184684 3.3794542420997229 0.67359155633073942 -0.066152327495253127 0.72373410581434061 1.7010387896716377 1.1577679250097914 0.9452029766701352 1.7608667400725224 2.5499110629431088 0.42390874111036964 2.5330721622260515 0.9074519576230029 1.0152913959681018 1.7010387896716377
decision_type=2 2 2 2 2 2 2 2 2 2 2 2 2 2 2 2 2 2 2 2 2 2 2 2 2 2 2 2 2 2
left_child=2 5 4 8 11 12 18 -5 -3 -9 25 -1 -2 17 24 28 -17 -11 -4 -8 -21 -22 -14 27 -10 -6 -18 -7 -16 -27
right_child=1 3 6 7 10 23 19 9 14 13 -12 -13 22 -15 15 16 26 -19 -20 20 21 -23 -24 -25 -26 29 -28 -29 -30 -31
leaf_value=-0.052319693894167407 0.026635874985504671 0.11174749921147085 -0.0070559996211110552 0.11223321798423383 -0.02789585409724913 0.036741035975368194 0.014853200237912756 0.19647460317611695 0.053687170637567762 0.39262674104335699 -0.016208969786746106 -0.036962478191705249 0.038666579984119716 0.25477591595228982 0.14978654324608362 0.15766617615088707 0.27436105400323868 0.23703959555852983 0.0032297250052576534 0.025444090475504628 0.046135939252571645 0.24551976119669586 0.054721417195448908 0.086523377297361342 0.13075755094615824 -0.016444432521696906 0.15350664901733399 0.070285322572859507 0.073699967857254176 0.06380237678240519
leaf_weight=3280 1766 1939 6884 73 13620 205 5493 75 64 86 12136 13781 2430 68 1043 131 80 21 8121 1674 264 26 2932 1296 234 2092 25 3035 38 32
leaf_count=3280 1766 1939 6884 73 13620 205 5493 75 64 86 12136 13781 2430 68 1043 131 80 21 8121 1674 264 26 2932 1296 234 2092 25 3035 38 32
internal_value=6.38993e-11 0.0752591 -0.0173524 0.138039 -0.0287043 0.0543916 0.00536019 0.244573 0.128357 0.283216 -0.0218441 -0.0399149 0.0422898 0.320391 0.148298 0.156013 0.196783 0.362091 -0.00148916 0.0191425 0.0311389 0.0640117 0.0474455 0.0734088 0.114206 -0.0261879 0.245586 0.0681629 0.147112 -0.0152354
internal_weight=82944 15541 67403 3877 44941 11664 22462 323 3554 250 27880 17061 7128 175 1615 1317 236 107 15005 7457 1964 290 5362 4536 298 15744 105 3240 1081 2124
internal_count=82944 15541 67403 3877 44941 11664 22462 323 3554 250 27880 17061 7128 175 1615 1317 236 107 15005 7457 1964 290 5362 4536 298 15744 105 3240 1081 2124
is_linear=0
shrinkage=0.05


Tree=7
num_leaves=31
num_cat=0
split_feature=2 2 2 2 2 2 2 0 2 3 2 157 0 0 0 2 1 3 0 3 3 156 2 0 3 3 156 0 0 114
split_gain=39106.3 8689.83 4949.06 1525.61 1260.94 962.615 742.173 596.313 523.359 230.173 197.21 183.598 487.567 202.662 176.364 163.688 157.193 153.335 153.191 187.915 143.76 126.085 116.104 114.218 96.3655 94.8451 91.5206 146.197 240.247 75.276
threshold=0.46358094886753337 2.0178123984974543 -0.3962304818840659 4.2843765881725044 1.1103173439123635 -0.066152327495253127 -0.77269876693763417 1.7612684997119359 2.6405108700037077 0.92668547105855714 1.5009240506625046 1.7010387896716377 0.07702860807605269 -0.058025825972005438 2.0852076738310585 -1.1231997119140285 0.37809399527545923 -0.47362822177110281 2.4867904811687107 3.3794542420997229 3.6202699090239405 1.7077461606554207 3.6149727007184684 2.4153235705169318 1.2796142973360423 -0.25481354411116169 1.7077461606554207 0.041510661571182668 -0.027346946039158514 0.033384800402139474
decision_type=2 2 2 2 2 2 2 2 2 2 2 2 2 2 2 2 2 2 2 2 2 2 2 2 2 2 2 2 2 2
left_child=2 4 6 8 9 25 15 -5 -3 -2 24 -11 13 -13 -10 -1 -7 -8 19 -16 21 29 -21 -22 -6 -4 -18 28 -28 -9
right_child=1 3 5 7 10 16 17 20 14 11 -12 12 -14 -15 18 -17 26 -19 -20 22 23 -23 -24 -25 -26 -27 27 -29 -30 -31
leaf_value=-0.053692080592227881 0.02674930561564054 0.10088574637697299 -0.014723963038501481 0.10662155823195225 0.048834077090581664 0.0041036669992517288 -0.028463972766915719 0.34271174019033257 0.11912501286363315 0.040448604003969532 0.073299822882845436 0.11878162763364937 0.052564257463309665 0.32253425763203553 0.14438078883797564 -0.03797882679969837 0.013976921003676141 -0.02006848027010813 0.13819746519558032 0.17404982813199363 0.39585148239135748 0.15675491288650867 0.26064299903810023 0.27943515421739268 0.065836017663212898 -0.0070364023159587208 0.051608235464903389 0.020745674455913288 0.2435155232747396 0.21704488671742955
leaf_weight=1968 5365 1940 8313 73 2235 9721 14632 22 774 2141 2592 23 221 26 188 10501 2935 8656 821 75 25 43 80 134 1329 7755 73 236 21 26
leaf_count=1968 5365 1940 8313 73 2235 9721 14632 22 774 2141 2592 23 221 26 188 10501 2935 8656 821 75 25 43 80 134 1329 7755 73 236 21 26
internal_value=-2.53491e-11 0.0649068 -0.0181598 0.12794 0.0459 -0.00283184 -0.0306144 0.232344 0.119244 0.0325161 0.0628059 0.0453484 0.0842021 0.226895 0.137622 -0.0404589 0.00729179 -0.0253434 0.149922 0.177985 0.269056 0.218937 0.218743 0.29774 0.055174 -0.0110137 0.0167839 0.0417491 0.0944811 0.274642
internal_weight=82944 18133 64811 4201 13932 29054 35757 323 3878 7776 6156 2411 270 49 1938 12469 12986 23288 1164 343 250 91 155 159 3564 16068 3265 330 94 48
internal_count=82944 18133 64811 4201 13932 29054 35757 323 3878 7776 6156 2411 270 49 1938 12469 12986 23288 1164 343 250 91 155 159 3564 16068 3265 330 94 48
is_linear=0
shrinkage=0.05


Tree=8
num_leaves=31
num_cat=0
split_feature=2 2 2 2 2 2 2 0 0 2 5 2 159 5 3 4 3 2 0 3 2 156 63 5 156 0 159 5 161 2
split_gain=35357.9 6628.98 5675.25 1301.63 1149.41 868.396 694.861 539.618 392.72 328.521 279.453 211.38 208.972 162.068 161.102 141.125 134.393 116.309 105.171 173.223 104.381 99.7797 113.915 294.757 350.952 196.567 96.7864 90.9759 100.5 82.736
threshold=0.62015932343686064 2.1237758111861855 -0.22946052749876741 4.2843765881725044 -0.60188752348017083 1.3094201532095648 0.11132571912136807 1.5862685013412745 2.0852076738310585 -0.88440467823145463 1.3668181053867372 3.2858080162893279 -0.19252438044475575 1.3937669968156989 0.70427092722642304 0.67359155633073942 -0.46145025269927659 0.97184569737592008 2.4867904811687107 3.3794542420997229 1.6955139360753952 1.0000000180025095e-35 -0.082124424513430536 1.0822991561716699 1.1133806251238731 0.82022941833517893 -1.2514084728909125 0.30505838731801377 -0.76213734878580341 -1.3418930104523148
decision_type=2 2 2 2 2 2 2 2 2 2 2 2 2 2 2 2 2 2 2 2 2 2 2 2 2 2 2 2 2 2
left_child=2 5 4 8 9 12 27 -5 -3 29 -9 -10 -2 15 26 -12 -6 -14 19 -13 -7 -16 23 -23 -25 -26 -8 -4 -29 -1
right_child=1 3 6 7 16 20 14 10 11 -11 13 18 17 -15 21 -17 -18 -19 -20 -21 -22 22 -24 24 25 -27 -28 28 -30 -31
leaf_value=-0.059272146361976544 0.020661272715273547 0.1018690144721639 -0.0072352150986983738 0.097863606400787839 -0.021874233205213717 0.060608197447063118 -0.0050956891120308477 0.175274585168083 0.12377676569338913 -0.02957200231561968 0.35563175801573133 0.13425638000206913 0.035712403192923563 0.22901182560359731 0.016386880284370627 0.21121585369110107 -0.01404382071872746 0.049936163003617251 0.14488716380936759 0.23728126153057696 0.076437688251370914 0.035466732063614274 0.023642688318618529 0.0087111103069037205 0.27929008071487016 0.093151607558779104 0.013050437087834731 0.010810261630732527 -0.003056317274650713 -0.040688980705528371
leaf_weight=656 1362 2076 6370 70 10425 2916 823 77 1063 15421 87 68 3040 68 1258 21 11551 2726 245 102 1620 358 656 35 37 23 6859 1911 4132 6888
leaf_count=656 1362 2076 6370 70 10425 2916 823 77 1063 15421 87 68 3040 68 1258 21 11551 2726 245 102 1620 358 656 35 37 23 6859 1911 4132 6888
internal_value=-1.50212e-11 0.0679862 -0.0156755 0.124627 -0.0259326 0.0491594 0.00484654 0.220727 0.115893 -0.0337548 0.254721 0.135591 0.0382761 0.289479 0.0146205 0.327551 -0.0177584 0.042437 0.165854 0.196071 0.0662616 0.0260256 0.0369592 0.0562433 0.134538 0.207937 0.0111064 -0.00306603 0.00132876 -0.0423049
internal_weight=82944 15541 67403 3877 44941 11664 22462 323 3554 22965 253 1478 7128 176 10049 108 21976 5766 415 170 4536 2367 1109 453 95 60 7682 12413 6043 7544
internal_count=82944 15541 67403 3877 44941 11664 22462 323 3554 22965 253 1478 7128 176 10049 108 21976 5766 415 170 4536 2367 1109 453 95 60 7682 12413 6043 7544
is_linear=0
shrinkage=0.05


Tree=9
num_leaves=31
num_cat=0
split_feature=2 2 2 2 2 2 2 0 2 2 5 159 5 161 2 3 5 4 0 3 159 1 2 161 2 161 0 160 5 161
split_gain=31910.5 5982.65 5121.91 1174.73 1037.34 783.727 633.404 487.006 361.547 296.49 252.206 188.598 146.266 132.672 140.852 130.834 128.297 127.366 115.667 114.659 110.772 107.761 104.969 101.439 95.0459 86.9939 83.6265 212.89 436.891 415.334
threshold=0.62015932343686064 2.1237758111861855 -0.22946052749876741 4.2843765881725044 -0.60188752348017083 1.3094201532095648 0.21904845369221773 1.5862685013412745 2.8051086824331102 -0.88440467823145463 1.3668181053867372 -0.19252438044475575 1.3937669968156989 1.0000000180025095e-35 3.6149727007184684 3.3794542420997229 0.36482234570003197 0.67359155633073942 -0.13373103824191077 -0.39192905063848965 -1.2514084728909125 2.5499110629431088 0.97184569737592008 -0.76213734878580341 1.650106801632915 -0.76213734878580341 0.021646708491782084 1.0000000180025095e-35 1.0822991561716699 1.0000000180025095e-35
decision_type=2 2 2 2 2 2 2 2 2 2 2 2 2 2 2 2 2 2 2 2 2 2 2 2 2 2 2 2 2 2
left_child=2 5 4 8 9 11 19 -5 -3 -1 -9 -2 17 21 -15 -16 -6 -12 -8 -4 -20 -10 -13 -18 -7 -21 27 28 -22 -30
right_child=1 3 6 7 16 24 18 10 13 -11 12 22 -14 14 15 -17 23 -19 20 25 26 -23 -24 -25 -26 -27 -28 -29 29 -31
leaf_value=-0.040189662698729409 0.019628209019672545 0.095544206540161158 -0.0099841429028354519 0.092970425761970024 -0.018900851994033754 0.056680481120480346 0.0085858969085837854 0.16651085321005288 0.039953110725036822 -0.028093402242346473 0.33785017468463419 0.033926783518422064 0.21756122997578453 0.12674941542566126 0.13605547810385701 0.21096828577064333 0.0034338246847129949 0.20065506299336755 -0.0053465956107893288 0.0057111310361204698 0.030841601728584224 0.11316997118485279 0.047439354980955681 -0.013676907253373827 0.071305877393697967 -0.002880811717632702 0.020433720312159356 0.018123635213129936 0.23786925175150886 0.0023300576506665462
leaf_weight=7544 1362 1939 3041 70 17136 2592 2845 77 64 15421 87 3040 68 1081 131 105 1130 21 357 5249 190 234 2726 3710 1944 6715 3515 462 61 27
leaf_count=7544 1362 1939 3041 70 17136 2592 2845 77 64 15421 87 3040 68 1081 131 105 1130 21 357 5249 190 234 2726 3710 1944 6715 3515 462 61 27
internal_value=3.91299e-11 0.0645869 -0.0148917 0.118396 -0.024636 0.0467014 0.00460422 0.209691 0.110098 -0.032067 0.241985 0.0363623 0.275005 0.127573 0.13439 0.169385 -0.0168705 0.311173 0.0165145 -0.00131481 0.0214054 0.0974455 0.0403151 -0.00968205 0.0629485 0.000888756 0.0236499 0.038927 0.0734994 0.165602
internal_weight=82944 15541 67403 3877 44941 11664 22462 323 3554 22965 253 7128 176 1615 1317 236 21976 108 7457 15005 4612 298 5766 4840 4536 11964 4255 740 278 88
internal_count=82944 15541 67403 3877 44941 11664 22462 323 3554 22965 253 7128 176 1615 1317 236 21976 108 7457 15005 4612 298 5766 4840 4536 11964 4255 740 278 88
is_linear=0
shrinkage=0.05


Tree=10
num_leaves=31
num_cat=0
split_feature=1 1 1 1 1 1 5 1 161 5 0 0 5 0 5 156 0 52 4 4 157 5 156 1 4 4 5 1 5 4
split_gain=27345.4 5757.58 3255.63 1131.8 857.28 772.562 293.06 227.637 216.604 370.433 185.177 180.442 158.599 152.274 147.397 256.829 552.078 406.782 143.06 135.41 132.198 126.492 110.296 101.65 98.6572 136.738 98.2016 95.9781 94.5499 92.0999
threshold=0.52972576445151198 2.3798475571324342 -0.43420952083707065 1.3152016225856089 3.720430316314014 -0.057363525694365237 -0.12281920449444668 -0.71960441368285266 1.6942532296406732 1.4032428797401197 0.92097724838766892 2.0852076738310585 1.3668181053867372 -0.61734113115657185 0.95394520574431452 1.1133806251238731 0.087722095244829018 -0.02988807041187818 1.0000000180025095e-35 -1.1787852235787935 -0.44226394673368169 1.121095921206507 -1.0580783826687084 0.23551726373223245 0.96227365190105629 -0.81793260411589741 1.2244505813480744 0.79858825975645242 1.1577679250097914 0.6976483976282658
decision_type=2 2 2 2 2 2 2 2 2 2 2 2 2 2 2 2 2 2 2 2 2 2 2 2 2 2 2 2 2 2
left_child=2 3 6 14 11 -4 7 -1 -6 12 21 28 -10 -8 -2 22 17 -17 -14 -18 -12 -5 -16 -7 25 -13 -21 -24 -3 -20
right_child=1 4 5 10 8 23 13 -9 9 -11 20 24 18 -15 15 16 19 -19 29 26 -22 -23 27 -25 -26 -27 -28 -29 -30 -31
leaf_value=-0.032309242101877154 0.018756399185379441 0.040641477212095323 -0.0097548969232573498 0.020359480867903731 0.10530335464729712 0.0028783350745673472 -0.020191258014381958 -0.023184326627150725 0.17898516980665072 0.13316287583899949 0.052834034324721717 0.10810354737114146 0.14454182276019342 -0.0022977567134589488 0.012202754161461731 0.029531558653847739 0.0024134442765027918 0.24453213395494405 0.2870458028008861 0.05257819437984778 0.07145272461518147 0.052495233694626789 0.024794632684814886 0.012089305420714437 0.09639398662580384 0.14813122918399482 0.14947776560272491 0.038560171022471688 0.094556464794247105 0.18003836224476499
leaf_weight=13873 1934 89 17683 380 104 7763 6030 13472 140 212 1472 438 27 1481 679 33 141 66 124 395 2706 1577 1987 4877 360 416 28 3491 942 24
leaf_count=13873 1934 89 17683 380 104 7763 6030 13472 140 212 1472 438 27 1481 679 33 141 66 124 395 2706 1577 1987 4877 360 416 28 3491 942 24
internal_value=-8.42648e-12 0.0549909 -0.0149882 0.0424806 0.119757 -0.00300735 -0.0254109 -0.0278137 0.171248 0.184261 0.0589477 0.105284 0.218651 -0.0166631 0.03094 0.034395 0.0639634 0.172865 0.250384 0.0448476 0.064893 0.0462553 0.031211 0.00643228 0.118347 0.127602 0.0589924 0.0335671 0.0899023 0.269693
internal_weight=82944 17765 65179 14889 2876 30323 34856 27345 631 527 6135 2245 315 7511 8754 6820 663 99 175 564 4178 1957 6157 12640 1214 854 423 5478 1031 148
internal_count=82944 17765 65179 14889 2876 30323 34856 27345 631 527 6135 2245 315 7511 8754 6820 663 99 175 564 4178 1957 6157 12640 1214 854 423 5478 1031 148
is_linear=0
shrinkage=0.05


Tree=11
num_leaves=31
num_cat=0
split_feature=2 2 2 2 2 2 2 0 2 5 3 3 2 5 157 157 0 0 4 3 0 2 5 161 2 156 5 5 5 0
split_gain=26241.3 5809.91 3382.77 1005.2 826.917 652.293 522.121 403.943 360.113 212.236 160.312 141.172 133.937 130.952 114.964 113.41 225.831 304.285 110.154 110.043 106.633 100.499 99.6357 89.3141 85.2349 76.1971 178.29 71.9912 67.653 118.072
threshold=0.46358094886753337 2.0178123984974543 -0.3962304818840659 4.2843765881725044 1.1103173439123635 -0.018708348174446759 -0.76531749648461256 1.5862685013412745 2.6405108700037077 1.3668181053867372 0.82272587063187708 0.9033182848650757 -1.1231997119140285 1.3937669968156989 1.0000000180025095e-35 1.7010387896716377 0.07702860807605269 -0.075561753003741502 0.67359155633073942 -0.43638204642906975 0.57843162249412372 3.1142813650749193 0.30505838731801377 -0.76213734878580341 0.33995594555182285 1.7077461606554207 1.0822991561716699 1.0822991561716699 1.3937669968156989 2.0852076738310585
decision_type=2 2 2 2 2 2 2 2 2 2 2 2 2 2 2 2 2 2 2 2 2 2 2 2 2 2 2 2 2 2
left_child=2 4 6 8 10 22 12 -5 -3 -9 -2 27 -1 18 20 -12 17 -17 -11 -8 -10 -16 -4 -24 -7 -26 -27 -6 29 -23
right_child=1 3 5 7 11 24 19 9 14 13 15 -13 -14 -15 21 16 -18 -19 -20 -21 -22 28 23 -25 25 26 -28 -29 -30 -31
leaf_value=-0.045264699005071553 0.021134975833975472 0.08242266964700827 -0.011115503978950685 0.08315483466855117 0.022863331606697141 0.0049858468018834229 -0.023118187039167192 0.14963227104056964 0.044073862494486908 0.30819019462870456 0.032394445866666725 0.055978096451347062 -0.031084972480230566 0.19480519321034939 0.10603442157690342 0.041789223088158502 0.042357768840757905 0.25036743213148677 0.18060127439953033 -0.015783716291924346 0.10688735109736079 0.12193197475539314 0.006127482108043431 -0.0069014710837715203 0.012291305248473555 0.024104102982186047 0.13770363362971694 0.04560445064856198 0.12234555410447522 0.19207236660851373
leaf_weight=1968 4799 1940 11043 70 490 9080 15271 77 72 87 2636 4465 10829 68 312 36 271 34 21 7689 1097 108 1804 4856 1978 253 40 1201 214 135
leaf_count=1968 4799 1940 11043 70 490 9080 15271 77 72 87 2636 4465 10829 68 312 36 271 34 21 7689 1097 108 1804 4856 1978 253 40 1201 214 135
internal_value=4.25159e-11 0.0531692 -0.0148758 0.10471 0.0376278 -0.00220341 -0.0251727 0.189457 0.0976513 0.218868 0.0267894 0.0513184 -0.0332656 0.249159 0.112896 0.0359045 0.0630377 0.143099 0.283381 -0.020662 0.103019 0.12791 -0.00820246 -0.00337231 0.00715269 0.0158162 0.0396126 0.0390148 0.142845 0.160899
internal_weight=82944 18133 64811 4201 13932 29054 35757 323 3878 253 7776 6156 12797 176 1938 2977 341 70 108 22960 1169 769 17703 6660 11351 2271 293 1691 457 243
internal_count=82944 18133 64811 4201 13932 29054 35757 323 3878 253 7776 6156 12797 176 1938 2977 341 70 108 22960 1169 769 17703 6660 11351 2271 293 1691 457 243
is_linear=0
shrinkage=0.05


Tree=12
num_leaves=31
num_cat=0
split_feature=2 2 2 2 2 2 2 0 2 159 2 2 159 159 0 157 4 159 161 2 2 156 0 159 159 2 0 1 161 2
split_gain=23710 4425.52 3836.59 858.181 760.262 577.736 515.407 364.991 261.732 192.438 162.606 149.216 148.035 121.952 112.862 103.755 102.693 99.6723 96.8897 90.7777 86.9019 88.6498 232.564 464.998 77.418 75.6211 71.8045 88.9599 69.969 68.3051
threshold=0.62015932343686064 2.1237758111861855 -0.24946468487046922 4.2843765881725044 -0.7067419361674252 1.3094201532095648 0.11132571912136807 1.7612684997119359 2.6405108700037077 1.1551462826685348 -0.50576930622223182 -0.99077352187755474 -0.19252438044475575 1.3476706631132906 -0.13373103824191077 1.0000000180025095e-35 0.67359155633073942 -1.2514084728909125 1.0000000180025095e-35 3.6149727007184684 0.33995594555182285 0.30811198432798453 0.041510661571182668 0.2887865706671337 -0.19252438044475575 0.9452029766701352 1.559883808742007 4.380683246825634 -0.76213734878580341 1.842404002939982
decision_type=2 2 2 2 2 2 2 2 2 2 2 2 2 2 2 2 2 2 2 2 2 2 2 2 2 2 2 2 2 2
left_child=2 5 4 8 11 12 28 -5 -3 -9 -6 -1 -2 16 -8 18 -11 -16 -10 -17 -19 -22 23 -23 -7 -14 -21 -28 -4 -26
right_child=1 3 6 7 10 24 14 9 15 13 -12 -13 25 -15 17 19 -18 20 -20 26 21 22 -24 -25 29 -27 27 -29 -30 -31
leaf_value=-0.038667868150057585 0.016587303513816591 0.080001359489541402 0.0016848771678902572 0.081623674143258843 -0.020605267686412337 0.028015657879943728 0.0054504274025127357 0.14169569552441438 0.06646677241436999 0.29490245497503947 -0.012955027991859611 -0.027465099540106772 0.028943464606313377 0.18506493261631798 -0.0052735087785224346 0.11143325075663471 0.17157121016865684 0.011825995757466493 0.10446640839154292 0.098325394793432594 0.015806251094689108 0.042162147861672571 0.024958575531754658 0.22473591775115997 0.052560353196095838 0.040405641542065558 0.20016559045761825 0.12121032069126765 -0.0057566953223231873 0.067959451258592332
leaf_weight=3936 1362 1616 5101 73 13120 265 3934 75 203 86 14760 12141 2762 68 492 572 21 2743 966 49 1493 155 1187 45 3354 3004 88 60 8296 917
leaf_count=3936 1362 1616 5101 73 13120 265 3934 75 203 86 14760 12141 2762 68 492 572 21 2743 966 49 1493 155 1187 45 3354 3004 88 60 8296 917
internal_value=-2.26456e-11 0.0556729 -0.0128364 0.101952 -0.0215485 0.04029 0.00349723 0.179984 0.0948606 0.208705 -0.0165551 -0.0302078 0.0314131 0.237423 0.0120568 0.107251 0.270697 0.0163069 0.0978677 0.121515 0.0181952 0.0242614 0.0333627 0.0832412 0.0542395 0.0349151 0.150787 0.168157 -0.00292327 0.0558666
internal_weight=82944 15541 67403 3877 43957 11664 23446 323 3554 250 27880 16077 7128 175 10049 1938 107 6115 1169 769 5623 2880 1387 200 4536 5766 197 148 13397 4271
internal_count=82944 15541 67403 3877 43957 11664 23446 323 3554 250 27880 16077 7128 175 10049 1938 107 6115 1169 769 5623 2880 1387 200 4536 5766 197 148 13397 4271
is_linear=0
shrinkage=0.05


Tree=13
num_leaves=31
num_cat=0
split_feature=2 2 2 2 2 2 2 0 0 2 5 2 159 5 5 4 3 3 159 0 5 0 3 2 0 2 0 157 5 2
split_gain=21398.3 3994.03 3470.66 796.271 774.509 521.407 360.979 329.916 241.305 216.956 172.511 134.676 133.601 119.886 106.697 89.7469 78.1428 75.8035 75.6207 84.0789 75.3391 72.0312 129.285 68.2481 67.9753 62.3347 61.2668 269.076 222.298 59.8187
threshold=0.62015932343686064 2.1237758111861855 -0.19636480654546742 -0.60188752348017083 4.2843765881725044 1.3094201532095648 0.24827907022910059 1.5862685013412745 2.0852076738310585 -0.88440467823145463 1.3668181053867372 3.2858080162893279 -0.19252438044475575 -0.24472827403652589 1.3937669968156989 0.67359155633073942 -0.39192905063848965 -1.1072363896695263 -1.2514084728909125 -0.12700209531300499 0.9074519576230029 2.4867904811687107 3.3794542420997229 0.9452029766701352 -0.65882323132297027 1.650106801632915 0.021646708491782084 1.7010387896716377 1.0414542967589195 2.5083282097764519
decision_type=2 2 2 2 2 2 2 2 2 2 2 2 2 2 2 2 2 2 2 2 2 2 2 2 2 2 2 2 2 2
left_child=2 5 3 9 8 12 16 -6 29 17 -9 -10 -2 -5 15 -12 -4 -1 -8 -20 -7 22 -13 -14 -15 -22 27 -21 -29 -3
right_child=1 4 6 13 7 20 18 10 11 -11 14 21 23 24 -16 -17 -18 -19 19 26 25 -23 -24 -25 -26 -27 -28 28 -30 -31
leaf_value=-0.041739562946594609 0.015757938348625471 0.070815102525191603 -0.007506969215215405 -0.016674083098796252 0.074915909101920461 0.02626029382148188 -0.0045155809326519634 0.13514388933681049 0.096127886857104994 -0.023010381130355022 0.27815813730502953 0.10131833310074666 0.027496291565406335 -0.012605501314908174 0.17581168325508345 0.16299265310877847 0.001998883819652656 -0.030360763821062821 0.0084384126822631255 0.023499554958370306 0.047895275038459507 0.11236217498779298 0.1903232789799279 0.038385359490712777 -0.0045262925109707123 0.060106575264160161 0.01744829258234248 0.026312837595569679 0.21120130145871963 0.087793728668796367
leaf_weight=1987 1362 1060 2671 12567 70 277 499 77 1063 15421 87 68 2762 6849 68 21 11344 5557 2441 589 2419 245 102 3004 4200 1840 3212 29 37 1016
leaf_count=1987 1362 1060 2671 12567 70 277 499 77 1063 15421 87 68 2762 6849 68 21 11344 5557 2441 589 2419 245 102 3004 4200 1840 3212 29 37 1016
internal_value=3.98945e-12 0.0528892 -0.0121946 -0.0197802 0.0968547 0.0382755 0.00477532 0.170984 0.0901175 -0.0264095 0.197565 0.105558 0.0298424 -0.0133337 0.224874 0.255765 0.000187244 -0.0333578 0.0142218 0.015704 0.0515275 0.129714 0.154721 0.0331693 -0.00953439 0.0531709 0.0202903 0.0342271 0.129962 0.0791245
internal_weight=82944 15541 67403 46581 3877 11664 20822 323 3554 22965 253 1478 7128 23616 176 108 14015 7544 6807 6308 4536 415 170 5766 11049 4259 3867 655 66 2076
internal_count=82944 15541 67403 46581 3877 11664 20822 323 3554 22965 253 1478 7128 23616 176 108 14015 7544 6807 6308 4536 415 170 5766 11049 4259 3867 655 66 2076
is_linear=0
shrinkage=0.05


Tree=14
num_leaves=31
num_cat=0
split_feature=2 2 2 1 2 2 2 2 0 0 5 159 161 5 5 4 0 5 4 4 2 0 157 0 2 5 2 0 162 5
split_gain=19312.9 4277.34 2512.07 758.81 608.344 489.168 391.017 222.474 191.526 191.24 122.757 119.157 110.515 108.862 119.042 109.198 101.041 84.9269 82.5308 117.432 80.9012 69.8096 106.868 94.3759 79.1594 68.8406 66.6387 66.6372 66.2598 65.5596
threshold=0.46358094886753337 2.0178123984974543 -0.3962304818840659 3.720430316314014 1.1451585094059384 -0.066152327495253127 -0.8383565871649602 4.2843765881725044 2.0852076738310585 2.0852076738310585 0.36482234570003197 -0.19252438044475575 -0.76213734878580341 1.3668181053867372 1.3937669968156989 0.67359155633073942 1.1689190212653995 0.85925218225391864 0.96227365190105629 -0.76981892152084441 -1.1616648524319568 0.097081496934575684 1.7010387896716377 0.78317598195623173 2.5083282097764519 0.30505838731801377 -0.60188752348017083 0.8288242652497938 1.392621247645583 0.9074519576230029
decision_type=2 2 2 2 2 2 2 2 2 2 2 2 2 2 2 2 2 2 2 2 2 2 2 2 2 2 2 2 2 2
left_child=2 4 6 9 11 25 20 -5 -9 21 26 -2 27 -10 15 -15 29 -7 19 -11 28 22 -3 -23 -25 -4 -8 -12 -1 -6
right_child=1 3 5 7 16 17 10 8 13 18 12 -13 -14 14 -16 -17 -18 -19 -20 -21 -22 23 -24 24 -26 -27 -28 -29 -30 -31
leaf_value=-0.0440582400810672 0.012807692838814656 0.07654253222324231 -0.010145190437190145 0.11487197394305765 0.018760437093603994 0.002176918298253529 -0.022455489326702546 0.086675352632999428 0.13784072117879986 0.088168318105419224 0.0017923210199944082 0.026880658964031454 -0.015139697111027665 0.28505923488865731 0.16702110206379611 0.15484302157447452 0.052224110432421728 0.010487151569182812 0.076890973300614868 0.12525460758528914 -0.028213599983362744 0.040949202081149758 0.1764308050274849 0.06623050457677529 0.086707115343375857 -0.0033398288738224931 -0.016983854825341736 0.071121425083321005 -0.01265632721742517 0.041347653328240627
leaf_weight=1450 1996 81 10233 363 360 7988 11959 50 60 459 931 6104 2907 69 68 21 2487 4998 360 399 7877 240 40 1222 769 5835 10407 36 190 2985
leaf_count=1450 1996 81 10233 363 360 7988 11959 50 60 459 931 6104 2907 69 68 21 2487 4998 360 399 7877 240 40 1222 769 5835 10407 36 190 2985
internal_value=-7.79879e-12 0.0456133 -0.0127618 0.0898367 0.0322783 -0.00184139 -0.0216351 0.140382 0.174934 0.0809028 -0.0184862 0.0234128 -0.010269 0.195177 0.216951 0.254675 0.0445915 0.00537533 0.0969841 0.105415 -0.0303171 0.072575 0.109563 0.0705689 0.0741394 -0.00767386 -0.0199095 0.00437334 -0.0404202 0.0389167
internal_weight=82944 18133 64811 4201 13932 29054 35757 631 268 3570 26240 8100 3874 218 158 90 5832 12986 1218 858 9517 2352 121 2231 1991 16068 22366 967 1640 3345
internal_count=82944 18133 64811 4201 13932 29054 35757 631 268 3570 26240 8100 3874 218 158 90 5832 12986 1218 858 9517 2352 121 2231 1991 16068 22366 967 1640 3345
is_linear=0
shrinkage=0.05


Tree=15
num_leaves=31
num_cat=0
split_feature=2 2 2 1 2 2 2 2 0 0 3 2 159 5 5 4 0 5 156 0 0 5 161 0 4 4 3 5 8 5
split_gain=17457.8 3251.1 2841.09 684.826 501.504 464.605 366.387 200.783 172.852 172.594 134.253 108.529 102.59 98.2477 107.436 98.5515 92.8846 84.0773 217.038 245.496 366.362 79.1782 93.8276 74.7097 74.4841 106.087 71.5316 80.4183 69.4559 68.6891
threshold=0.62015932343686064 2.0178123984974543 -0.29297001610591034 3.720430316314014 -0.7275856720053947 0.11132571912136807 1.2692868776986932 4.2843765881725044 2.0852076738310585 2.0852076738310585 -0.64569774845301808 -1.1231997119140285 -0.19252438044475575 1.3668181053867372 1.3937669968156989 0.67359155633073942 -0.13373103824191077 0.9074519576230029 1.1133806251238731 0.041510661571182668 -0.058025825972005438 0.30505838731801377 -0.76213734878580341 1.0983238223114637 0.96227365190105629 -0.81793260411589741 3.1648958441122699 1.3937669968156989 0.14864294832683572 0.42390874111036964
decision_type=2 2 2 2 2 2 2 2 2 2 2 2 2 2 2 2 2 2 2 2 2 2 2 2 2 2 2 2 2 2
left_child=2 6 4 9 11 21 12 -5 -9 -3 -6 -1 -2 -10 15 -15 -7 -18 -19 20 28 -4 -23 -21 25 -11 -27 -28 -20 -12
right_child=1 3 5 7 10 16 -8 8 13 24 29 -13 -14 14 -16 -17 17 18 19 23 -22 22 -24 -25 -26 26 27 -29 -30 -31
leaf_value=-0.037419125614503827 0.01410515107676371 0.06894626421902407 -0.0065832079473241868 0.1091283751030763 -0.01959755970603597 0.0044455439684036842 0.044859904510475064 0.082341583907604224 0.13094868685274075 0.083324635644177247 -0.013969833893075798 -0.024806846216949875 0.029552097200258892 0.27080626746882563 0.1586700476706028 0.14710086981455486 0.0088330041986324787 0.014696095576479447 0.093601191540559139 0.01032458370829694 0.21211304034178077 0.0090878668706036187 -0.0032896353141102399 0.067667400139646658 0.073046425338317122 0.093955279288943427 0.16080491227640525 0.1018376486470001 0.0091329394158784234 -0.0062169368064099433
leaf_weight=1968 1338 2352 8535 363 10037 3934 4536 50 60 448 13214 12797 5466 69 68 21 3274 2404 45 209 52 2219 4939 78 360 172 139 99 53 3645
leaf_count=1968 1338 2352 8535 363 10037 3934 4536 50 60 448 13214 12797 5466 69 68 21 3274 2404 45 209 52 2219 4939 78 360 172 139 99 53 3645
internal_value=1.95068e-11 0.0477719 -0.0110147 0.0853449 -0.0190839 0.00204452 0.0338526 0.133363 0.166188 0.0768577 -0.0150193 -0.0264879 0.0265145 0.185419 0.206103 0.241942 0.0104388 0.0142944 0.0205883 0.053002 0.10484 -0.00333073 0.000547425 0.025909 0.0921349 0.100144 0.118522 0.136277 0.0479194 -0.0122936
internal_weight=82944 15541 67403 4201 41661 25742 11340 631 268 3570 26896 14765 6804 218 158 90 10049 6115 2841 437 150 15693 7158 287 1218 858 410 238 98 16859
internal_count=82944 15541 67403 4201 41661 25742 11340 631 268 3570 26896 14765 6804 218 158 90 10049 6115 2841 437 150 15693 7158 287 1218 858 410 238 98 16859
is_linear=0
shrinkage=0.05


Tree=16
num_leaves=31
num_cat=0
split_feature=1 1 1 3 1 3 1 3 3 1 4 3 3 3 1 3 160 0 0 3 156 0 0 159 3 1 4 4 158 4
split_gain=14915.3 3139.54 1820.16 693.5 473.225 408.063 269.86 170.668 164.864 128.973 128.836 110.595 102.598 90.3975 109.289 88.3216 86.0578 86.8001 82.9783 71.7278 71.6242 316.661 151.488 70.3798 91.4029 69.8496 64.7862 119.428 76.0047 62.1783
threshold=0.52972576445151198 2.3798475571324342 -0.32101286656418931 0.99923620641477262 3.720430316314014 -0.51160789484771707 -0.029324866444911193 1.678369505768156 3.6202699090239405 -0.90010790263133245 0.24056841297526402 1.4538561166522286 0.48940817807605602 4.0676475521031596 4.380683246825634 -0.46145025269927659 1.0000000180025095e-35 1.6656405814953195 0.90431118045658521 0.34897679544953802 1.1133806251238731 0.07702860807605269 -0.058025825972005438 0.48131095111188954 0.42498978228108514 1.3567384576488453 0.38490946076042243 -0.74576208022331802 1.0792073135802653 0.67359155633073942
decision_type=2 2 2 2 2 2 2 2 2 2 2 2 2 2 2 2 2 2 2 2 2 2 2 2 2 2 2 2 2 2
left_child=2 3 5 12 11 9 15 20 -6 -1 -10 -3 -2 14 -12 -4 17 -7 -9 -8 26 22 -22 24 -18 -14 27 28 -5 -13
right_child=1 4 6 7 8 16 19 18 10 -11 13 29 25 -15 -16 -17 23 -19 -20 -21 21 -23 -24 -25 -26 -27 -28 -29 -30 -31
leaf_value=-0.028087075910102129 0.01213026823516083 0.032553721747899549 -0.013065730772876148 0.033365870434810471 0.10550863551185093 -0.014149327739011031 0.0023287419790196085 0.033461111151291995 0.11493162805125828 -0.019480668300000697 0.22549863522117206 0.086093075888011072 0.021305401478911093 0.23815631340850485 0.11623702088991801 -0.0030007824392729284 -0.00024102764785687071 0.015085959039324035 0.054874220825544232 0.010467994983276989 0.045760661902694177 0.038731533625982424 0.19310998073164024 -0.010208919236973571 0.048544486828477069 0.035784532219369218 0.041167343502647447 0.015904029795211487 0.068322049343323962 0.067483894538708122
leaf_weight=5568 2521 128 2821 1068 374 10804 7412 552 105 19950 37 1471 3630 55 60 9587 1635 260 2508 4264 26 665 53 2776 102 1081 1496 1107 182 646
leaf_count=5568 2521 128 2821 1068 374 10804 7412 552 105 19950 37 1471 3630 55 60 9587 1635 260 2508 4264 26 665 53 2776 102 1081 1496 1107 182 646
internal_value=4.67078e-12 0.0406129 -0.0110693 0.0313748 0.0884384 -0.0174658 -0.000154906 0.041862 0.126695 -0.0213586 0.157526 0.0776857 0.0202713 0.186949 0.157914 -0.00528908 -0.0110888 -0.0134623 0.0510115 0.00530114 0.0357717 0.0499746 0.144615 -0.00526978 0.00262375 0.0246278 0.0330292 0.0278639 0.0384555 0.0804145
internal_weight=82944 17765 65179 14889 2876 41095 24084 7657 631 25518 257 2245 7232 152 97 12408 15577 11064 3060 11676 4597 744 79 4513 1737 4711 3853 2357 1250 2117
internal_count=82944 17765 65179 14889 2876 41095 24084 7657 631 25518 257 2245 7232 152 97 12408 15577 11064 3060 11676 4597 744 79 4513 1737 4711 3853 2357 1250 2117
is_linear=0
shrinkage=0.05


Tree=17
num_leaves=31
num_cat=0
split_feature=2 2 2 2 2 2 0 2 2 5 5 5 5 156 4 156 4 161 2 159 156 0 0 156 159 158 2 156 5 0
split_gain=14347.8 3231.39 1840.44 591.087 425.018 343.446 327.845 309.422 173.983 117.693 116.65 102.919 127.237 131.829 112.916 82.6071 76.5485 70.2466 67.0051 63.6388 75.1833 161.894 318.445 62.4349 60.6931 58.2337 57.6378 75.5109 57.2903 56.4384
threshold=0.44642660022353936 1.9215687388713396 -0.3962304818840659 3.6149727007184684 1.0075793976716814 -0.038050289856680734 1.559883808742007 -0.88440467823145463 2.5083282097764519 0.9074519576230029 -0.24472827403652589 1.4032428797401197 1.3668181053867372 1.7077461606554207 0.72170523892579219 -0.50537016327236373 -0.09622736519010551 -0.76213734878580341 1.5009240506625046 -0.28878657066713359 1.1133806251238731 0.031385978651079983 -0.096342892437012925 1.1133806251238731 -1.2514084728909125 1.0152913959681018 -1.5003388811877352 -0.91243033262262674 1.3937669968156989 -0.17368238397676158
decision_type=2 2 2 2 2 2 2 2 2 2 2 2 2 2 2 2 2 2 2 2 2 2 2 2 2 2 2 2 2 2
left_child=2 4 7 8 19 -4 -5 26 -3 -6 23 12 13 -8 16 17 -14 -12 -11 -2 -21 22 -22 -9 -7 -10 27 -1 -18 -26
right_child=1 3 5 6 9 24 11 10 25 18 15 -13 14 -15 -16 -17 28 -19 -20 20 21 -23 -24 -25 29 -27 -28 -29 -30 -31
leaf_value=0.031910553891901616 0.0090667648088133806 0.057625023641377421 -0.0062269992241723582 0.057783795110881331 0.016696159825998137 -0.0043357620455018678 0.15278340776317889 -0.01965211753067557 0.080919295927799992 0.034253752674526121 -0.0039690215227411911 0.096996684859846249 0.10233909785747529 0.060938576280022971 0.090943388688948856 -0.0026009690984719197 0.2255322463072098 -0.016602144464038026 0.045219027333531663 0.017791705823569964 0.00050675381906330587 0.026598353509304912 0.18659791680092508 -0.011471779195554135 0.0017841389994270275 0.04329972918008651 -0.026759842568866946 -0.055375854021521898 0.1586508849594328 0.0093846758610502141
leaf_weight=27 1450 1941 17049 160 715 1543 112 16483 1829 3931 1366 107 20 60 31 1988 111 5659 2158 4457 45 1129 47 2717 4103 109 7216 301 45 6035
leaf_count=27 1450 1941 17049 160 715 1543 112 16483 1829 3931 1366 107 20 60 31 1988 111 5659 2158 4457 45 1129 47 2717 4103 109 7216 301 45 6035
internal_value=1.36659e-11 0.038871 -0.0111254 0.0755807 0.0269479 -0.00170196 0.119863 -0.0186969 0.068206 0.0358865 -0.0162917 0.140301 0.152526 0.120745 0.178934 -0.0115992 0.194433 -0.0141457 0.03814 0.0184157 0.0208031 0.0317956 0.0955751 -0.0184945 0.00490256 0.0788034 -0.0276916 -0.0481907 0.20624 0.00630863
internal_weight=82944 18457 64487 4525 13932 28730 646 35757 3879 6804 28213 486 379 172 207 9013 176 7025 6089 7128 5678 1221 92 19200 11681 1938 7544 328 156 10138
internal_count=82944 18457 64487 4525 13932 28730 646 35757 3879 6804 28213 486 379 172 207 9013 176 7025 6089 7128 5678 1221 92 19200 11681 1938 7544 328 156 10138
is_linear=0
shrinkage=0.05


Tree=18
num_leaves=31
num_cat=0
split_feature=2 2 2 2 2 2 2 0 2 2 5 3 3 157 1 5 4 159 5 5 161 156 0 161 5 4 3 0 5 161
split_gain=12966 2348.68 2198.79 508.214 467.538 303.022 243.022 212.815 153.026 114.161 113.77 111.345 102.919 76.3347 92.7693 70.8999 65.7802 65.0656 63.4499 57.3441 56.0323 56.013 54.7897 54.1884 63.5207 52.1953 48.089 47.4784 45.6022 55.638
threshold=0.64459424129650122 2.1237758111861855 -0.19636480654546742 -0.6589719471733968 4.2843765881725044 1.4305678151386705 0.33995594555182285 1.5862685013412745 2.8051086824331102 -0.99077352187755474 1.3668181053867372 -0.6011316881842016 1.4061233754843154 1.0000000180025095e-35 2.276842026040669 1.3937669968156989 0.67359155633073942 -0.19252438044475575 0.30505838731801377 -0.24472827403652589 -0.76213734878580341 -0.066328909107563699 -0.59400362938597639 -0.76213734878580341 0.30505838731801377 0.96227365190105629 -1.1072363896695263 0.07702860807605269 -0.18394424572000997 -0.76213734878580341
decision_type=2 2 2 2 2 2 2 2 2 2 2 2 2 2 2 2 2 2 2 2 2 2 2 2 2 2 2 2 2 2
left_child=2 5 3 9 8 12 18 -6 -3 26 -9 -5 17 14 -10 16 -12 -2 27 -13 21 -20 -8 24 -21 -19 -1 -4 -11 -30
right_child=1 4 6 11 7 -7 22 10 13 28 15 19 -14 -15 -16 -17 -18 25 20 23 -22 -23 -24 -25 -26 -27 -28 -29 29 -31
leaf_value=-0.0376138428197395 0.012279831783104274 0.060597802762866915 -0.0074902986460670951 -0.015492417293201798 0.055738354570099291 0.04229302175746473 -0.0011225208948727797 0.10355313246126299 0.027218379708481774 -0.02103665710155489 0.22077484610436976 -0.011840147310514644 0.037338979303381127 0.094295519923329088 0.077714488899690071 0.13642809487441007 0.12217866224902017 0.021720620360054323 0.0047037415398547694 -0.012169084246386776 0.00066933713034153226 0.01890533831717367 0.015220762508899198 -0.0081662048126535623 0.0065840839414005349 0.033383538641522346 -0.025630859866920177 0.00079394958350876156 0.00023650146985158057 -0.017505529301999351
leaf_weight=1208 1343 1939 2891 9470 70 3564 577 77 102 12370 87 8349 1332 673 840 68 21 3820 2347 650 5430 986 4610 7604 1479 1281 2728 4305 555 2168
leaf_count=1208 1343 1939 2891 9470 70 3564 577 77 102 12370 87 8349 1332 673 840 68 21 3820 2347 650 5430 986 4610 7604 1479 1281 2728 4305 555 2168
internal_value=-7.22055e-12 0.0417059 -0.00937054 -0.0154406 0.075301 0.0302202 0.00400068 0.132896 0.0700665 -0.0217249 0.154245 -0.0111003 0.0246868 0.0814349 0.0722468 0.176422 0.201603 0.0220715 0.000944818 -0.00879998 0.00380176 0.00890499 0.0134027 -0.00619212 0.000858598 0.0246495 -0.0293086 -0.00253426 -0.0197472 -0.0138894
internal_weight=82944 15217 67727 46581 3877 11340 21146 323 3554 19029 253 27552 7776 1615 942 176 108 6444 15959 18082 8763 3333 5187 9733 2129 5101 3936 7196 15093 2723
internal_count=82944 15217 67727 46581 3877 11340 21146 323 3554 19029 253 27552 7776 1615 942 176 108 6444 15959 18082 8763 3333 5187 9733 2129 5101 3936 7196 15093 2723
is_linear=0
shrinkage=0.05


Tree=19
num_leaves=31
num_cat=0
split_feature=2 2 2 2 1 2 2 2 2 0 0 3 3 23 5 159 4 4 3 5 3 5 157 156 3 161 4 114 156 5
split_gain=11701.8 2119.68 1984.41 462.218 427.309 273.477 219.327 138.62 130.079 120.354 101.492 92.8847 73.4735 90.7322 71.6883 59.0849 58.2864 89.1748 59.7843 68.1065 57.4953 56.0241 97.2136 52.5365 50.3591 50.1616 69.015 50.1007 49.7835 336.9
threshold=0.64459424129650122 2.1237758111861855 -0.19636480654546742 -0.60188752348017083 3.720430316314014 1.4305678151386705 0.33995594555182285 4.2843765881725044 -0.92765860143702017 2.0852076738310585 2.0852076738310585 1.4061233754843154 4.0676475521031596 0.018749822384218667 -0.24472827403652589 -0.28878657066713359 0.96227365190105629 -0.84198944541342391 3.1648958441122699 1.3937669968156989 -0.39192905063848965 -0.24472827403652589 1.7010387896716377 -0.50537016327236373 -1.1072363896695263 -0.76213734878580341 0.6976483976282658 0.033384800402139474 1.1133806251238731 1.0822991561716699
decision_type=2 2 2 2 2 2 2 2 2 2 2 2 2 2 2 2 2 2 2 2 2 2 2 2 2 2 2 2 2 2
left_child=2 5 3 8 10 11 20 -6 24 -9 -3 15 13 27 -5 -2 17 -12 -19 -20 -4 -10 25 -16 -1 26 -23 -11 -8 -30
right_child=1 4 6 14 7 -7 28 9 21 12 16 -13 -14 -15 23 -17 -18 18 19 -21 -22 22 -24 -25 -26 -27 -28 -29 29 -31
leaf_value=-0.033484418490820227 0.0098886728010443344 0.057374526787605323 -0.0055416156442190823 -0.012340055134122766 0.089048465707701099 0.040178370580285602 0.0098794302047529453 0.066495056152343746 -0.019126725266592585 0.19506401068397933 0.067230246080441425 0.035472030369034818 0.19855020063058024 0.086619901843369013 -0.010280249261459238 0.023036894644701433 0.058760579160104201 0.077165042970738673 0.13855904313749162 0.08436979231238366 0.0022963122060518774 0.010068595440952583 0.064167344206716964 -0.0033846411968420373 -0.023222148096975086 -0.015720422571900927 -0.023247517961891302 0.12125193232145065 0.013042683434188143 0.10027957280151178
leaf_weight=1665 1014 2030 2848 12567 363 3564 3873 50 12924 56 445 1332 62 61 5503 5430 360 173 138 100 13111 467 41 5546 4239 3396 233 39 1192 122
leaf_count=1665 1014 2030 2848 12567 363 3564 3873 50 12924 56 445 1332 62 61 5503 5430 360 173 138 100 13111 467 41 5546 4239 3396 233 39 1192 122
internal_value=2.44144e-12 0.0396206 -0.00890202 -0.0146685 0.071536 0.0287092 0.00380065 0.109185 -0.0197193 0.136459 0.0642173 0.0234524 0.152506 0.134207 -0.00975698 0.0209679 0.0756406 0.0827396 0.0995321 0.11579 0.000897577 -0.0175057 -0.0124415 -0.00681903 -0.0261162 -0.0132083 -0.00102091 0.164762 0.0127326 0.0211423
internal_weight=82944 15217 67727 46581 3877 11340 21146 631 22965 268 3246 7776 218 156 23616 6444 1216 856 411 238 15959 17061 4137 11049 5904 4096 700 95 5187 1314
internal_count=82944 15217 67727 46581 3877 11340 21146 631 22965 268 3246 7776 218 156 23616 6444 1216 856 411 238 15959 17061 4137 11049 5904 4096 700 95 5187 1314
is_linear=0
shrinkage=0.05


Tree=20
num_leaves=31
num_cat=0
split_feature=2 2 2 2 2 2 2 5 2 161 5 2 0 5 4 157 157 5 0 0 4 2 0 0 4 5 3 1 3 162
split_gain=10573.4 2063.89 1684.27 417.971 305.177 296.487 273.771 179.795 130.214 103.185 87.7198 72.731 67.3214 67.5815 66.134 62.1599 60.7412 58.746 58.3788 57.1177 73.7871 55.8178 55.6917 88.6155 54.8461 78.0015 51.8614 51.5258 67.0132 51.2351
threshold=0.78576543155722212 -0.19636480654546742 2.4135676480513859 -0.57067700667305898 4.2843765881725044 1.5009240506625046 0.33995594555182285 1.3668181053867372 -0.88440467823145463 -0.76213734878580341 0.9074519576230029 3.2858080162893279 2.0852076738310585 1.3937669968156989 0.67359155633073942 1.7010387896716377 -0.081021797575027532 -0.24472827403652589 0.10789381999003046 -0.11509293106467332 0.96227365190105629 0.028095304697620668 2.4867904811687107 1.3243607389873564 -1.1306715409837407 1.1922423828014177 -1.1072363896695263 2.2016679155160683 1.9092313060999049 1.0000000180025095e-35
decision_type=2 2 2 2 2 2 2 2 2 2 2 2 2 2 2 2 2 2 2 2 2 2 2 2 2 2 2 2 2 2
left_child=1 3 5 8 9 10 21 15 26 27 -2 18 -9 14 -14 -6 -13 -5 -11 20 -8 -3 23 -18 25 -12 -1 28 -4 -26
right_child=2 6 4 17 7 -7 19 12 -10 11 24 16 13 -15 -16 -17 22 -19 -20 -21 -22 -23 -24 -25 29 -27 -28 -29 -30 -31
leaf_value=-0.030767144072413256 0.012316967872066549 -0.0019155876431212347 0.059088833175473303 -0.011377636357954513 0.026715862577160202 0.042157500995450549 0.0020268251627598185 0.069990669385246604 -0.015968391248632818 0.12593897169544585 -0.012214132168232219 0.066644539770590552 0.20692007810604285 0.12241910101626725 0.10747472289062682 0.099539784428530509 0.034521227981895213 -0.0061658417185677513 0.066204695227472618 0.016198198607060531 0.023470299714906873 0.0040113066186707822 0.081925773692853532 0.13861800987759362 0.035099999610958672 0.02363701349552251 -0.021355316903571953 0.05725934197542383 -0.013489101549097594 0.024649528993341479
leaf_weight=1987 1159 8505 59 11158 45 3886 1880 23 17389 42 190 187 82 68 21 84 24 10490 1565 4417 510 7454 165 138 2239 753 5557 335 69 2463
leaf_count=1987 1159 8505 59 11158 45 3886 1880 23 17389 42 190 187 82 68 21 84 24 10490 1565 4417 510 7454 165 138 2239 753 5557 335 69 2463
internal_value=5.63117e-12 -0.00790482 0.0403159 -0.0139351 0.0740617 0.0311392 0.00443363 0.119883 -0.0183484 0.0683341 0.0248463 0.0730023 0.150303 0.161105 0.186645 0.0741361 0.0893737 -0.00885215 0.0677659 0.0128291 0.00660263 0.000852698 0.102372 0.123196 0.0274187 0.0164136 -0.0238343 0.046949 0.0199648 0.0296258
internal_weight=82944 69347 13597 46581 2907 10690 22766 323 24933 2584 6804 2121 194 171 103 129 514 21648 1607 6807 2390 15959 327 162 5645 943 7544 463 128 4702
internal_count=82944 69347 13597 46581 2907 10690 22766 323 24933 2584 6804 2121 194 171 103 129 514 21648 1607 6807 2390 15959 327 162 5645 943 7544 463 128 4702
is_linear=0
shrinkage=0.05


Tree=21
num_leaves=31
num_cat=0
split_feature=2 2 2 2 2 2 2 0 3 3 2 5 161 159 59 115 156 5 0 2 3 5 0 161 156 157 154 5 161 4
split_gain=9542.47 1862.66 1520.94 379.423 312.455 249.007 247.079 164.951 104.97 92.0554 90.9218 85.5948 68.4501 62.0219 59.499 58.5784 58.1227 251.214 312.122 57.7757 85.6774 54.7622 52.2748 49.7133 50.4929 46.623 46.3344 44.8531 90.6316 44.5058
threshold=0.78576543155722212 -0.19636480654546742 2.5083282097764519 -0.6589719471733968 1.650106801632915 4.2843765881725044 0.33995594555182285 1.5862685013412745 1.4061233754843154 -0.6011316881842016 -1.0616786639538844 1.3668181053867372 -0.76213734878580341 -0.19252438044475575 -0.19985655144836847 -0.22970305770760963 1.1133806251238731 1.0822991561716699 0.27820969831067233 3.6149727007184684 3.3794542420997229 0.30505838731801377 2.5330721622260515 -0.76213734878580341 -0.066328909107563699 -0.44226394673368169 0.079421163905988287 0.36482234570003197 -0.76213734878580341 0.96227365190105629
decision_type=2 2 2 2 2 2 2 2 2 2 2 2 2 2 2 2 2 2 2 2 2 2 2 2 2 2 2 2 2 2
left_child=1 3 4 10 8 12 21 -7 13 -5 25 -9 -4 -2 -13 -16 29 -18 -19 -14 -21 -3 -22 24 -23 -1 -20 -11 -29 -8
right_child=2 6 5 9 -6 7 16 11 -10 27 -12 14 19 -15 15 -17 17 18 26 20 22 23 -24 -25 -26 -27 -28 28 -30 -31
leaf_value=-0.013773756715204401 0.010278521252956703 -0.0024220630857375281 0.047508777203898331 -0.013481737154267712 0.043253095385749132 0.045959706120193011 0.0073375053689299008 0.088714867269063927 0.03475616437476306 -0.0089868518693662826 -0.017286046494087392 0.10822299883735401 0.067431538956053277 0.023789741511195492 0.12672778169584017 0.19821577307425048 0.013587575972369637 0.17018790063211475 0.015579546073218809 0.068240588223044241 0.1473542366520269 0.0042822220555425701 0.064522712290287026 0.00051370694715626483 0.017765880582094266 -0.030591594566031388 0.094286041609618981 0.0074352652649311542 -0.0074538341265173091 0.019788587874129057
leaf_weight=512 1033 7196 377 9470 3237 70 4191 77 1965 12844 16405 54 1635 4778 46 76 1568 59 100 144 80 2347 25 5430 986 2112 23 1392 3846 866
leaf_count=512 1033 7196 377 9470 3237 70 4191 77 1965 12844 16405 54 1635 4778 46 76 1568 59 100 144 80 2347 25 5430 986 2112 23 1392 3846 866
internal_value=-2.44363e-12 -0.00750958 0.0383001 -0.0132384 0.0301999 0.0728234 0.00421194 0.113889 0.0247661 -0.00948812 -0.0186683 0.132684 0.0669568 0.0213879 0.15192 0.171261 0.0121877 0.0200417 0.0756463 0.0708485 0.0932853 0.000810063 0.127632 0.00346422 0.00827109 -0.0273101 0.030297 -0.00739656 -0.00349705 0.00946973
internal_weight=82944 69347 13597 46581 11013 2584 22766 323 7776 27552 19029 253 2261 5811 176 122 6807 1750 182 1884 249 15959 105 8763 3333 2624 123 18082 5238 5057
internal_count=82944 69347 13597 46581 11013 2584 22766 323 7776 27552 19029 253 2261 5811 176 122 6807 1750 182 1884 249 15959 105 8763 3333 2624 123 18082 5238 5057
is_linear=0
shrinkage=0.05


Tree=22
num_leaves=31
num_cat=0
split_feature=2 2 2 1 2 2 3 3 2 0 0 0 157 0 3 159 2 3 3 23 4 159 159 3 0 1 2 4 4 3
split_gain=8616.53 1624.06 1436.04 362.35 271.962 240.538 168.254 108.635 102.194 91.6055 72.2013 69.1489 103.52 79.7668 83.5615 68.2414 66.1719 65.7703 64.9057 74.3895 60.1261 59.8812 58.2153 77.2263 130.28 125.121 54.8046 47.1755 75.8283 57.9033
threshold=0.62015932343686064 1.9215687388713396 -0.33166896431918219 3.720430316314014 0.064733281979398191 -0.7275856720053947 0.99923620641477262 2.8203810515138259 4.2843765881725044 2.0852076738310585 -0.13373103824191077 0.041510661571182668 1.7010387896716377 0.78317598195623173 1.9092313060999049 -1.2514084728909125 -1.1231997119140285 -0.64569774845301808 4.0676475521031596 0.018749822384218667 0.072170523892579191 -0.28878657066713359 0.67383533155664532 0.92668547105855714 0.0098975582700011663 0.77499781531212952 2.4135676480513859 0.96227365190105629 -0.21651157167773741 3.3794542420997229
decision_type=2 2 2 2 2 2 2 2 2 2 2 2 2 2 2 2 2 2 2 2 2 2 2 2 2 2 2 2 2 2
left_child=2 6 5 7 -4 16 21 11 -5 -10 20 12 -3 14 -13 -12 -1 -7 19 -11 -6 -2 23 -17 25 -25 -15 28 -9 -30
right_child=1 3 4 8 10 17 -8 27 9 18 15 13 -14 26 -16 22 -18 -19 -20 -21 -22 -23 -24 24 -26 -27 -28 -29 29 -31
leaf_value=-0.027429093513576044 0.0068752846608105909 0.052322096898755499 -0.0031277605467942 0.076640217209404171 -0.003188276927156924 -0.014068538033789655 0.029499531906148953 0.060352483223301959 0.056308989495038986 0.14181535940421255 -0.0067997312084590936 0.045528624880751795 0.14598011679427569 0.041359031816931402 -0.010862778233860173 0.013253486264838413 -0.017580895758847949 -0.0087971599302678824 0.17462386819684217 0.071059653283570154 0.0082944759165831852 0.019737783528952221 0.0069149845022972063 0.037223869896921759 0.02441827761771008 0.17340216761635197 0.057314943712805488 0.049603311780616235 0.072509365534853834 0.11510562041007422
leaf_weight=1968 1134 94 16365 363 2473 9663 5404 612 50 95 541 141 43 1228 123 2617 12797 15265 62 61 2115 4478 3133 37 398 31 958 366 193 136
leaf_count=1968 1134 94 16365 363 2473 9663 5404 612 50 95 541 141 43 1228 123 2617 12797 15265 62 61 2115 4478 3133 37 398 31 958 366 193 136
internal_value=-3.69149e-12 0.0335617 -0.00773826 0.0587811 0.000996535 -0.0138361 0.0232024 0.0530854 0.0939297 0.117348 0.00694577 0.0471494 0.0817184 0.0452163 0.0192554 0.0102326 -0.0188935 -0.0108405 0.131348 0.114148 0.0021051 0.0171387 0.011715 0.0165928 0.035346 0.0993052 0.0483516 0.0648349 0.0707592 0.0901175
internal_weight=82944 15541 67403 4525 27710 39693 11016 3894 631 268 11345 2587 137 2450 264 6757 14765 24928 218 156 4588 5612 6216 3083 466 68 2186 1307 941 329
internal_count=82944 15541 67403 4525 27710 39693 11016 3894 631 268 11345 2587 137 2450 264 6757 14765 24928 218 156 4588 5612 6216 3083 466 68 2186 1307 941 329
is_linear=0
shrinkage=0.05


Tree=23
num_leaves=31
num_cat=0
split_feature=2 2 2 2 2 2 2 5 2 3 161 2 157 0 4 161 5 4 156 159 90 156 5 0 10 5 161 3 5 156
split_gain=7790.49 1522.03 1240.77 315.206 260.695 202.381 200.727 138.009 99.9488 65.5651 58.931 63.0211 62.4266 99.2739 61.536 52.907 81.2226 100.757 52.1045 51.9572 51.6838 50.5349 213.196 270.875 54.7657 47.9899 61.4513 47.753 47.2768 46.2864
threshold=0.78576543155722212 -0.19636480654546742 2.5083282097764519 -0.57067700667305898 1.5009240506625046 4.2843765881725044 0.33995594555182285 1.3668181053867372 -0.92765860143702017 0.86109926473617959 1.0000000180025095e-35 3.1142813650749193 -0.081021797575027532 2.4867904811687107 -0.57736419114063342 -0.76213734878580341 0.36482234570003197 0.6976483976282658 1.7077461606554207 -1.3476706631132902 0.17312199126058345 1.1133806251238731 1.0414542967589195 0.24629130255711773 0.006350513875380129 0.36482234570003197 -0.76213734878580341 -0.39192905063848965 0.95394520574431452 1.0000000180025095e-35
decision_type=2 2 2 2 2 2 2 2 2 2 2 2 2 2 2 2 2 2 2 2 2 2 2 2 2 2 2 2 2 2
left_child=1 3 4 8 9 10 27 18 -1 19 14 -12 -13 -14 -4 16 -10 29 -7 -2 -9 -8 -23 24 -24 -5 -27 -3 -6 -18
right_child=2 6 5 25 28 7 21 20 15 -11 11 12 13 -15 -16 -17 17 -19 -20 -21 -22 22 23 -25 -26 26 -28 -29 -30 -31
leaf_value=-0.021479703754063641 -0.036570426758299489 -0.0051241722943318616 0.065845062962222492 -0.008884109797801654 0.012356412294950034 0.085987900218987348 0.0084648416612338167 0.14323273760248098 -0.011875299786725883 0.025492532890274557 0.056371206317156621 0.060846881241378506 0.11667085031786278 0.066473530661569885 0.027929733235422256 -0.015267509101569949 0.015579215340068129 -0.021985711128345329 0.019313903972506527 0.016428861740220246 0.081099304128005062 0.011297981579618175 0.20053646438396894 0.027258534709533558 0.11009861069156768 0.0062187725731869606 -0.0064317214023565487 0.0020189014693048715 0.038206882308639882 0.062944167394374237
leaf_weight=5904 47 2848 186 16384 185 84 5057 151 2844 3886 1038 387 179 219 252 15607 334 183 45 2871 43 1506 26 171 47 1263 4001 13111 4024 61
leaf_count=5904 47 2848 186 16384 185 84 5057 151 2844 3886 1038 387 179 219 252 15607 334 183 45 2871 43 1506 26 171 47 1263 4001 13111 4024 61
internal_value=1.16805e-11 -0.00678528 0.0346061 -0.0119638 0.0272898 0.0657879 0.00381039 0.10281 -0.0157963 0.0212393 0.060499 0.0644558 0.0751459 0.0890497 0.0440308 -0.014033 -0.0084026 0.00868454 0.0627295 0.0155752 0.129461 0.0109992 0.0183226 0.0616795 0.142309 -0.00754972 -0.00339647 0.000744168 0.0370707 0.0228938
internal_weight=82944 69347 13597 46581 11013 2584 22766 323 24933 6804 2261 1823 785 398 438 19029 3422 578 129 2918 194 6807 1750 244 73 21648 5264 15959 4209 395
internal_count=82944 69347 13597 46581 11013 2584 22766 323 24933 6804 2261 1823 785 398 438 19029 3422 578 129 2918 194 6807 1750 244 73 21648 5264 15959 4209 395
is_linear=0
shrinkage=0.05


Tree=24
num_leaves=31
num_cat=0
split_feature=2 2 2 2 1 2 3 2 3 4 0 4 5 159 156 3 5 4 5 45 0 46 4 3 4 4 2 3 0 2
split_gain=7030.92 1373.63 1122.19 284.806 256.102 182.791 122.699 103.723 85.0314 78.795 65.1028 61.1086 61.1362 57.4887 64.9774 61.8695 55.7147 54.9206 52.0856 77.129 85.601 64.2882 45.6531 43.957 43.3426 65.7968 43.2947 43.2723 52.9233 40.6736
threshold=0.78576543155722212 -0.19636480654546742 2.1237758111861855 -0.53184314520850651 3.720430316314014 0.24827907022910059 0.97251985981171385 -0.88440467823145463 3.6202699090239405 0.31273893686784326 2.0852076738310585 0.72170523892579219 1.4032428797401197 -1.2514084728909125 1.0000000180025095e-35 0.84306873432986229 1.0822991561716699 -1.1306715409837407 0.95394520574431452 0.046489740698016889 0.20345515022113561 0.098730186738600109 -0.3608526194628961 -1.1072363896695263 0.96227365190105629 -0.84198944541342391 1.4305678151386705 3.1648958441122699 2.4867904811687107 -1.5003388811877352
decision_type=2 2 2 2 2 2 2 2 2 2 2 2 2 2 2 2 2 2 2 2 2 2 2 2 2 2 2 2 2 2
left_child=1 3 6 7 10 -3 16 23 -6 -10 -4 12 -11 22 -15 -16 -2 -17 -19 -20 21 -21 -7 29 25 -12 -8 -27 -29 -1
right_child=2 5 4 -5 8 13 26 -9 9 11 24 -13 -14 14 15 17 -18 18 19 20 -22 -23 -24 -25 -26 27 -28 28 -30 -31
leaf_value=-0.048521421779110868 0.010276551305619122 7.9607644471743169e-05 0.044473440976510355 -0.0066601269945958915 0.06955123468934693 0.0090414517761012031 0.024118780544117049 -0.012730687579874412 0.07954401454100242 0.17173644615176284 0.051902454919234092 0.063067936431616553 0.077745927192948094 0.0063468886272929391 0.011536929565641037 -0.0054902214790260601 0.022162313589891812 0.011251977182097349 0.024701428556615224 0.15882340766051239 0.043867320206267706 0.051941398517616713 -0.019496374882621847 -0.017328086579917117 0.044546785465984923 0.060619808511130219 0.032851678204535273 0.11407584237003768 0.066487974999020413 -0.023721465230311142
leaf_weight=182 1706 14015 2030 19024 374 263 2801 20013 130 81 445 24 22 4527 2740 117 2336 233 350 34 163 24 300 5557 360 173 2877 135 103 1805
leaf_count=182 1706 14015 2030 19024 374 263 2801 20013 130 81 445 24 22 4527 2740 117 2336 233 350 34 163 24 300 5557 360 173 2877 135 103 1805
internal_value=2.91677e-12 -0.00644601 0.0328758 -0.0113656 0.0556198 0.00361987 0.0238039 -0.0146141 0.0847664 0.106908 0.0499539 0.134919 0.151661 0.00928972 0.0103524 0.0153054 0.0171457 0.0265166 0.0311743 0.0393038 0.0624297 0.114596 -0.00616521 -0.0196103 0.0591029 0.0652247 0.0285437 0.079649 0.0934811 -0.025993
internal_weight=82944 69347 13597 46581 3877 22766 9720 27557 631 257 3246 127 103 8751 8188 3661 4042 921 804 571 221 58 563 7544 1216 856 5678 411 238 1987
internal_count=82944 69347 13597 46581 3877 22766 9720 27557 631 257 3246 127 103 8751 8188 3661 4042 921 804 571 221 58 563 7544 1216 856 5678 411 238 1987
is_linear=0
shrinkage=0.05


Tree=25
num_leaves=31
num_cat=0
split_feature=2 2 2 2 2 0 2 2 3 2 156 139 161 5 4 4 4 3 157 2 0 0 158 1 3 5 156 5 21 5
split_gain=6351 1545.86 787.482 280.924 205.352 177.971 146.113 134.234 120.581 88.3451 63.9908 62.5941 60.901 69.1846 57.3918 81.3125 57.1768 55.5178 47.4372 54.093 46.1798 43.464 42.4718 41.0034 40.6929 39.6902 119.069 110.923 130.385 39.1345
threshold=0.39009691172711686 1.842404002939982 -0.4194254130947897 3.6149727007184684 1.0075793976716814 1.559883808742007 -0.066152327495253127 -0.8383565871649602 3.3794542420997229 2.5083282097764519 1.7077461606554207 0.051312535640160327 -0.76213734878580341 0.36482234570003197 -1.1306715409837407 -1.4193536365540573 0.64953471503321303 1.3589231993094304 1.0000000180025095e-35 -1.5003388811877352 0.8288242652497938 0.95849667322277543 1.0152913959681018 2.9043329545265064 4.0676475521031596 0.85925218225391864 1.1133806251238731 1.1577679250097914 0.05552117068740773 1.0822991561716699
decision_type=2 2 2 2 2 2 2 2 2 2 2 2 2 2 2 2 2 2 2 2 2 2 2 2 2 2 2 2 2 2
left_child=2 4 7 9 14 23 -4 18 10 -3 -7 24 13 -9 15 -2 20 29 -1 -20 -15 -17 -11 -5 -10 -16 -27 -28 -29 -6
right_child=1 3 6 5 17 8 -8 12 11 22 -12 -13 -14 16 25 21 -18 -19 19 -21 -22 -23 -24 -25 -26 26 27 28 -30 -31
leaf_value=-0.01483267283363203 0.016934326648701696 0.038046034617985808 -0.0044991989393605202 -0.021749712995908881 0.011902018021652645 0.090942922638415705 0.002730808445908439 -0.0086868178442418582 0.073209876138883245 0.054395196605152962 0.032438656530375108 0.13776890448729198 -0.012086935188497161 0.012362687424088465 0.0078616253718778676 -0.015258806699675099 -0.010947631394655835 0.029626779368741321 -0.043261041870950423 -0.020390185019728363 0.077029507787063203 0.012411523429011837 0.022267683466828062 0.045832470847080163 0.12864205801486969 0.013191424865685303 0.029949005525230245 0.050397099779788838 0.20239207035019283 0.02294077616898451
leaf_weight=5547 534 2265 17380 27 1093 101 11687 4152 98 1829 87 150 19862 575 2184 579 310 2362 278 3692 29 188 109 133 50 4101 453 43 21 3025
leaf_count=5547 534 2265 17380 27 1093 101 11687 4152 98 1829 87 150 19862 575 2184 579 310 2362 278 3692 29 188 109 133 50 4101 453 43 21 3025
internal_value=-4.76726e-13 0.0250131 -0.00765296 0.0494696 0.0168811 0.080167 -0.00159222 -0.0127674 0.0952251 0.0447514 0.0638691 0.115007 -0.0108388 -0.00594533 0.0115752 0.00195346 0.00650835 0.0235159 -0.0178191 -0.0219917 0.0154676 -0.00847651 0.0525882 0.034428 0.091937 0.0134155 0.0160421 0.0386542 0.10027 0.0200109
internal_weight=82944 19432 63512 4849 14583 646 29067 34445 486 4203 188 298 24928 5066 8103 1301 914 6480 9517 3970 604 767 1938 160 148 6802 4618 517 64 4118
internal_count=82944 19432 63512 4849 14583 646 29067 34445 486 4203 188 298 24928 5066 8103 1301 914 6480 9517 3970 604 767 1938 160 148 6802 4618 517 64 4118
is_linear=0
shrinkage=0.05


Tree=26
num_leaves=31
num_cat=0
split_feature=2 2 2 2 2 2 0 3 3 2 159 156 139 156 5 156 0 33 4 0 159 3 3 2 161 5 4 156 2 5
split_gain=5737.39 1089.75 964.117 238.249 185.873 165.864 160.619 117.537 108.824 67.4021 58.0109 57.7517 56.4911 54.2122 65.0336 112.53 218.684 124.773 87.8804 59.6552 52.8169 52.0397 51.8833 55.3775 51.0319 61.7707 50.501 47.5105 44.7739 42.6842
threshold=0.62015932343686064 1.9215687388713396 -0.33166896431918219 3.6149727007184684 0.098854051487247838 -0.7275856720053947 1.559883808742007 1.315796996114295 3.3794542420997229 2.5083282097764519 -1.2514084728909125 1.7077461606554207 0.051312535640160327 1.0000000180025095e-35 0.9986416979679581 1.1133806251238731 0.15627994228328809 -0.16317784918380876 0.072170523892579191 1.1689190212653995 -0.28878657066713359 -0.65224198505205921 -0.981934875921188 -1.5003388811877352 -0.76213734878580341 0.30505838731801377 -0.57736419114063342 -0.066328909107563699 1.0075793976716814 -0.24472827403652589
decision_type=2 2 2 2 2 2 2 2 2 2 2 2 2 2 2 2 2 2 2 2 2 2 2 2 2 2 2 2 2 2
left_child=2 7 5 9 24 22 -5 20 11 -3 -6 -8 -10 -12 -15 18 17 -17 26 -18 -2 -7 23 -1 25 -4 -16 -27 -22 -26
right_child=1 3 4 6 10 21 8 -9 12 -11 13 -13 -14 14 15 16 19 -19 -20 -21 28 -23 -24 -25 29 27 -28 -29 -30 -31
leaf_value=-0.044577603200493462 0.0058078241276485303 0.036776951341759838 -0.0024455913692382949 0.03270657875924371 -0.0058204637044271552 -0.01173809777445844 0.086395778475642795 0.026721816131245121 0.08734011629697036 0.049958819794512797 0.0040765957177608791 0.030816724091425707 0.1308804592428108 0.0084099016522902695 0.011470858537684182 0.055923746562547096 0.00030932794894918906 0.16328116759657862 0.035959299240603974 0.065769622685468723 0.012747958378806216 -0.007032793501431045 -0.01351980976805069 -0.018700047906093541 -0.0094087656302150498 0.0031142922039450139 -0.027408235850101659 0.01889905170644756 0.021089015156522901 -0.0024545286187539379
leaf_weight=217 1190 1941 4004 160 924 9486 101 3345 148 1938 5471 87 150 3126 197 59 143 50 212 46 2969 15442 10175 4373 3042 1573 145 684 3512 8034
leaf_count=217 1190 1941 4004 160 924 9486 101 3345 148 1938 5471 87 150 3126 197 59 143 50 212 46 2969 15442 10175 4373 3042 1573 145 684 3512 8034
internal_value=3.07733e-12 0.0273864 -0.00631443 0.0480448 0.000842615 -0.0113108 0.0761586 0.0189006 0.0904639 0.0433628 0.00613674 0.0606757 0.109256 0.00730602 0.0117475 0.0239931 0.0487691 0.10517 0.010666 0.0162415 0.0154901 -0.00882333 -0.0155105 -0.0199235 -0.00232494 0.00128312 -0.00501297 0.00789798 0.0172679 -0.0043645
internal_weight=82944 15541 67403 4525 27710 39693 646 11016 486 3879 10373 188 298 9449 3978 852 298 109 554 189 7671 24928 14765 4590 17337 6261 342 2257 6481 11076
internal_count=82944 15541 67403 4525 27710 39693 646 11016 486 3879 10373 188 298 9449 3978 852 298 109 554 189 7671 24928 14765 4590 17337 6261 342 2257 6481 11076
is_linear=0
shrinkage=0.05


Tree=27
num_leaves=31
num_cat=0
split_feature=2 2 2 0 2 2 2 5 3 2 5 5 4 4 4 161 0 157 0 4 4 0 5 159 159 4 0 3 0 156
split_gain=5183.72 1259.19 645.588 230.008 190.92 166.656 131.954 114.033 73.4404 67.5294 60.8346 54.1922 55.7262 51.5539 73.0985 50.6451 50.5488 102.405 69.8364 53.6988 55.1003 49.431 52.8379 45.9488 45.5572 43.243 57.1306 79.5527 42.5413 41.0618
threshold=0.39009691172711686 1.842404002939982 -0.44730982643469958 2.0852076738310585 4.2843765881725044 1.0075793976716814 -0.07651102059417908 -0.24472827403652589 0.1236348624066549 -0.87624568432862004 1.3668181053867372 1.3937669968156989 0.67359155633073942 -1.1306715409837407 -1.4193536365540573 -0.76213734878580341 0.041510661571182668 1.7010387896716377 0.78317598195623173 -0.62547787373568664 -0.04811368259505229 0.89471097004042988 1.0822991561716699 -0.38504876088951151 0.77009752177902324 0.96227365190105629 2.4867904811687107 3.0129642563911241 0.89471097004042988 1.1133806251238731
decision_type=2 2 2 2 2 2 2 2 2 2 2 2 2 2 2 2 2 2 2 2 2 2 2 2 2 2 2 2 2 2
left_child=2 5 7 16 25 13 -4 9 -9 -1 -6 12 -12 14 -2 -10 17 -3 19 -18 -21 22 -7 28 -16 26 27 -5 -8 -11
right_child=1 3 6 4 10 21 23 8 15 29 11 -13 -14 -15 24 -17 18 -19 -20 20 -22 -23 -24 -25 -26 -27 -28 -29 -30 -31
leaf_value=-0.017545515991092189 0.015563398992902405 0.040092177489070131 -0.0043312437509795245 0.037735387653042129 0.0625258643180132 0.0040332522428546983 -0.0023604743494721457 -0.0079918045589281866 0.028441873262934864 -0.012739148703095613 0.15801923695679121 0.081894986550597584 0.066733728342002183 0.012222756496222014 -0.018484796497226775 -0.0017278775625638853 0.054884872810235102 0.12982667601385783 0.037769654381467371 -0.018560711960699135 0.026882662273800147 0.025180772811419689 0.020069267171904038 0.0050256806301868361 0.0063864683527810389 0.037514709474867819 0.049727058869299762 0.089486589742779385 0.017426808164398407 -0.0054912658225986614
leaf_weight=7256 534 122 18693 106 75 666 4779 7644 234 15083 82 68 21 6802 460 343 63 43 2620 137 130 3568 2246 6947 307 363 771 248 288 2245
leaf_count=7256 534 122 18693 106 75 666 4779 7644 234 15083 82 68 21 6802 460 343 63 43 2620 137 130 3568 2246 6947 307 363 771 248 288 2245
internal_value=7.10204e-12 0.0225979 -0.006914 0.0446705 0.059266 0.0152585 -0.0017036 -0.0117912 -0.00669342 -0.0134959 0.10007 0.116537 0.139408 0.0104785 0.00135933 0.0105073 0.0365457 0.0634775 0.0350394 0.0133627 0.00356528 0.0212356 0.0164017 0.00238485 -0.00852981 0.0525202 0.0573619 0.0739905 -0.0012358 -0.0118001
internal_weight=82944 19432 63512 4849 1734 14583 30707 32805 8221 24584 246 171 103 8103 1301 577 3115 165 2950 330 267 6480 2912 12014 767 1488 1125 354 5067 17328
internal_count=82944 19432 63512 4849 1734 14583 30707 32805 8221 24584 246 171 103 8103 1301 577 3115 165 2950 330 267 6480 2912 12014 767 1488 1125 354 5067 17328
is_linear=0
shrinkage=0.05


Tree=28
num_leaves=31
num_cat=0
split_feature=2 2 2 2 3 2 2 5 2 5 161 159 156 159 5 4 0 0 135 5 158 4 161 0 3 0 1 156 90 162
split_gain=4682.82 917.561 757.824 181.86 157.871 140.98 138.254 95.2208 73.5369 63.1841 61.3203 59.5513 65.3672 53.0279 52.6679 94.3009 105.996 118.091 133.291 72.4561 50.3766 43.7011 42.5181 55.1571 42.3297 41.6715 42.1356 40.0082 39.616 39.4046
threshold=0.78576543155722212 -0.29988855771064898 2.4135676480513859 0.11132571912136807 -0.70036165988800125 4.2843765881725044 1.5009240506625046 1.3668181053867372 -1.092568663875453 -0.24472827403652589 -0.76213734878580341 -1.2514084728909125 1.0000000180025095e-35 -1.3476706631132902 0.9074519576230029 -1.1306715409837407 -0.11509293106467332 0.031385978651079983 -0.054197218045138364 1.121095921206507 1.0000000180025095e-35 -0.38490946076042204 -0.76213734878580341 0.79330981145966029 1.5514224447946761 1.6656405814953195 -0.61259321683284351 1.7077461606554207 0.17312199126058345 -1.0444659357341868
decision_type=2 2 2 2 2 2 2 2 2 2 2 2 2 2 2 2 2 2 2 2 2 2 2 2 2 2 2 2 2 2
left_child=1 4 6 -3 8 10 13 27 -1 25 -4 21 -13 -2 -14 -16 20 18 19 -18 -17 -5 23 -11 -15 -6 -27 -7 -9 -26
right_child=2 3 5 11 9 7 -8 28 -10 22 -12 12 14 24 15 16 17 -19 -20 -21 -22 -23 -24 -25 29 26 -28 -29 -30 -31
leaf_value=-0.023232986493357293 -0.036548495356072769 -0.0017600875713396473 0.029087536910623737 0.007346804540632159 -0.0099169701750854416 0.067698466490643719 0.028198672456956699 0.11480477442409819 -0.012512401663623225 0.00078306770205609656 0.049171870191814709 0.0040771381630052084 0.0080448128518534542 0.014994755729906623 -0.0039136830553239818 0.023001429111905336 0.061834418089003175 0.025402646385269151 0.023768505693940251 0.15452974970851627 -0.020837405864940359 -0.014620124977365751 -0.0059795552180270202 0.053424080980795569 -0.0054569565445705447 0.040305084843298811 -0.0015043380615292229 0.0092741518860889795 0.060406680448457255 0.028550536124261335
leaf_weight=1781 47 16021 463 381 13811 84 3886 151 15704 2049 2121 6314 3118 5651 348 113 37 843 76 49 156 558 7570 51 93 76 291 45 43 1013
leaf_count=1781 47 16021 463 381 13811 84 3886 151 15704 2049 2121 6314 3118 5651 348 113 37 843 76 49 156 558 7570 51 93 76 291 45 43 1013
internal_value=-5.15917e-13 -0.00526064 0.0268302 0.00172545 -0.00999556 0.0494661 0.0206746 0.08061 -0.0136044 -0.00734963 0.0455732 0.00638165 0.00740854 0.0163774 0.0118462 0.0191537 0.0254546 0.0329161 0.0720138 0.114649 -0.00242184 -0.00570703 -0.00423331 0.00206149 0.0167455 -0.00947509 0.00715374 0.0473179 0.102747 0.025691
internal_weight=82944 69347 13597 28014 41333 2907 10690 323 17485 23848 2584 11993 11054 6804 4740 1622 1274 1005 162 86 269 939 9670 2100 6757 14178 367 129 194 1106
internal_count=82944 69347 13597 28014 41333 2907 10690 323 17485 23848 2584 11993 11054 6804 4740 1622 1274 1005 162 86 269 939 9670 2100 6757 14178 367 129 194 1106
is_linear=0
shrinkage=0.05


Tree=29
num_leaves=31
num_cat=0
split_feature=2 2 2 2 3 2 0 2 5 157 157 2 156 4 158 4 11 4 137 111 75 3 5 5 0 3 59 2 23 161
split_gain=4231.22 1031.04 531.532 198.375 140.248 130.43 128.663 82.3749 74.3667 60.8945 55.6728 55.4887 52.9733 73.0565 62.4568 60.7927 74.5443 77.3255 110.114 90.3903 53.942 50.7384 54.2354 44.4986 42.4431 55.7379 41.7259 41.588 41.4301 39.9946
threshold=0.39009691172711686 1.842404002939982 -0.50576930622223182 3.1142813650749193 0.9033182848650757 -0.07651102059417908 1.4721067524511755 4.2843765881725044 -0.24472827403652589 1.7010387896716377 -0.081021797575027532 -1.2034679433491016 1.0000000180025095e-35 -1.1306715409837407 0.74090168677658708 1.0000000180025095e-35 -0.08450012196320493 -0.57736419114063342 -0.1289472007876637 0.15623613922325622 0.074752430641376127 4.0676475521031596 1.3668181053867372 1.3937669968156989 2.4867904811687107 3.1648958441122699 -0.024875157373398522 0.9452029766701352 -0.60989573726177093 -0.76213734878580341
decision_type=2 2 2 2 2 2 2 2 2 2 2 2 2 2 2 2 2 2 2 2 2 2 2 2 2 2 2 2 2 2
left_child=2 4 8 -3 28 -4 10 24 11 29 -5 -1 27 -14 15 16 -15 -18 -19 20 -20 22 -9 -24 25 -8 -23 -6 -2 -10
right_child=1 3 5 6 12 -7 7 21 9 -11 -12 -13 13 14 -16 -17 17 18 19 -21 -22 26 23 -25 -26 -27 -28 -29 -30 -31
leaf_value=-0.023102038245163142 0.00070416062819182495 0.034294497637409098 -0.0042898815892637651 -0.0026071577543541596 0.0074624750442108525 0.0021725338127056384 0.049952364042663663 0.040038835540326549 0.0014185635452245611 0.048398023746907715 0.043368933673539181 -0.011994732265530231 0.0033353793206314752 0.018414717815976821 0.012777063749699835 0.025030452854255404 0.036038703564187792 0.018382441709961807 0.14433550325762709 0.036123731330735612 0.061561030471840729 0.081718527632593019 0.12394944942720675 0.064052250857971491 0.047769490030846275 0.093802318091479112 0.16346708795911558 0.018898631170020313 0.010801137160702187 -0.008781318226468833
leaf_weight=1187 1197 3557 22301 97 1232 12014 142 64 1166 50 205 21326 385 209 636 1508 254 57 81 40 26 27 68 57 447 148 37 2241 6717 5468
leaf_count=1187 1197 3557 22301 97 1232 12014 142 64 1166 50 205 21326 385 209 636 1508 254 57 81 40 26 27 68 57 447 148 37 2241 6717 5468
internal_value=-2.79249e-12 0.0204164 -0.00624657 0.0403895 0.0137751 -0.00202733 0.0571698 0.0658845 -0.0112054 -0.00657425 0.0286018 -0.0125804 0.0191166 0.023762 0.0265596 0.0305899 0.0431589 0.0544505 0.0773751 0.10025 0.124222 0.0905008 0.077471 0.0966363 0.0574341 0.072331 0.128979 0.0148418 0.00927396 -0.00698857
internal_weight=82944 19432 63512 4849 14583 34315 1292 990 29197 6684 302 22513 6669 3196 2811 2175 667 458 204 147 107 253 189 125 737 290 64 3473 7914 6634
internal_count=82944 19432 63512 4849 14583 34315 1292 990 29197 6684 302 22513 6669 3196 2811 2175 667 458 204 147 107 253 189 125 737 290 64 3473 7914 6634
is_linear=0
shrinkage=0.05


Tree=30
num_leaves=31
num_cat=0
split_feature=3 1 3 1 1 3 156 3 3 157 1 161 5 61 17 0 5 5 156 156 5 35 5 5 157 0 5 0 0 136
split_gain=3658.33 756.719 588.908 150.277 121.344 112.878 110.694 93.4108 57.6477 52.8374 50.2237 50.0522 85.7869 55.7578 48.4285 43.7909 47.5769 43.4773 54.1804 39.3132 135.77 111.539 39.3115 56.4316 39.024 49.0347 35.9659 34.1872 72.0815 53.008
threshold=0.65043800770795035 2.1279170894744071 -0.31559147031069995 3.720430316314014 0.82459029735354594 0.26287226169537736 1.1133806251238731 -0.96967995513960481 2.8203810515138259 -0.17427846833409141 1.5090210108706297 1.6942532296406732 1.4032428797401197 -0.009146145536537675 0.024252028349638879 1.6656405814953195 -0.24472827403652589 -0.24472827403652589 -0.50537016327236373 1.1133806251238731 1.1922423828014177 -0.032005377069661542 0.30505838731801377 0.65128935879489425 1.0000000180025095e-35 0.30657967186751606 1.3494002584222962 0.041510661571182668 0.35859460280897909 -0.068121505872813473
decision_type=2 2 2 2 2 2 2 2 2 2 2 2 2 2 2 2 2 2 2 2 2 2 2 2 2 2 2 2 2 2
left_child=2 4 6 8 22 15 7 24 27 -6 19 -5 13 26 -15 16 -4 -9 -19 -11 -21 -22 -2 -24 -1 -26 -13 29 -29 -3
right_child=1 3 5 11 9 -7 -8 17 -10 10 -12 12 -14 14 -16 -17 -18 18 -20 20 21 -23 23 -25 25 -27 -28 28 -30 -31
leaf_value=-0.012009586971064632 -0.0009298825834547494 0.00018709752708673477 -0.0056483007092216451 0.031033729870194718 0.014377272379047228 0.0054095901636904264 -0.0017709324911625126 -0.010402361457195662 0.04410074428001582 0.01615885309807118 0.029688924735548013 0.01952676885864801 0.044398966695199604 0.089455222221653141 0.15090840339314107 0.009829457358814804 -0.00036309275776855724 -0.0087020530463019843 -0.00076105285286157587 0.023355593345573956 0.040154284697068353 0.20330200694501399 0.042046014269331605 0.0097204542146462972 -0.015396595205760304 -0.029002316317909695 0.077103116368717486 -0.043204315401175447 0.030302973859543399 0.086844302068154022
leaf_weight=4233 860 25 6516 104 3758 7776 4367 16834 1298 2512 1552 36 212 126 43 789 12288 6949 3109 401 22 20 140 3789 2306 929 110 34 1746 60
leaf_count=4233 860 25 6516 104 3758 7776 4367 16834 1298 2512 1552 36 212 126 43 789 12288 6949 3109 401 22 20 140 3789 2306 929 110 34 1746 60
internal_value=-1.98086e-12 0.0207985 -0.00530159 0.0404541 0.0150858 0.000312558 -0.00926919 -0.0102222 0.0360095 0.0187554 0.0224059 0.0627335 0.0689892 0.0855388 0.105091 -0.00171033 -0.00219453 -0.00884836 -0.00624743 0.0185807 0.0323138 0.117844 0.00875288 0.0108723 -0.0151693 -0.0193038 0.0629062 0.0303782 0.0288989 0.0613569
internal_weight=82944 16848 66096 3794 13054 27369 38727 34360 3163 8265 4507 631 527 315 169 19593 18804 26892 10058 2955 443 42 4789 3929 7468 3235 146 1865 1780 85
internal_count=82944 16848 66096 3794 13054 27369 38727 34360 3163 8265 4507 631 527 315 169 19593 18804 26892 10058 2955 443 42 4789 3929 7468 3235 146 1865 1780 85
is_linear=0
shrinkage=0.05


Tree=31
num_leaves=31
num_cat=0
split_feature=2 2 2 2 2 2 0 3 3 160 156 0 4 139 159 159 3 0 49 3 23 5 151 2 156 157 160 5 4 0
split_gain=3489.33 658.032 589.395 138.771 113.283 112.055 105.91 79.3055 78.1007 54.0465 47.2214 47.2027 49.507 47.0867 43.3162 41.8827 42.1072 79.2241 48.2738 41.0571 40.7442 39.6287 35.305 34.7009 50.3744 34.4816 33.9604 39.4431 47.2499 33.1136
threshold=0.62015932343686064 2.0178123984974543 -0.33166896431918219 3.6149727007184684 0.064733281979398191 -0.77921428454073516 1.4479213173329801 0.86109926473617959 3.3794542420997229 1.0000000180025095e-35 1.7077461606554207 -0.11509293106467332 0.072170523892579191 0.046450407154024605 -1.2514084728909125 0.67383533155664532 0.86109926473617959 0.041510661571182668 -0.024795287781230285 -0.24747862434368514 -0.60989573726177093 0.30505838731801377 0.17205120152084341 -1.2590735014296626 -1.0580783826687084 -0.081021797575027532 1.0000000180025095e-35 0.30505838731801377 0.64953471503321303 0.86494808874613149
decision_type=2 2 2 2 2 2 2 2 2 2 2 2 2 2 2 2 2 2 2 2 2 2 2 2 2 2 2 2 2 2
left_child=2 7 5 9 26 21 -5 20 10 -3 -8 12 -6 -10 -13 16 -16 18 -18 -7 -2 23 -15 24 -1 -23 -4 -28 29 -29
right_child=1 3 4 6 11 19 8 -9 13 -11 -12 14 -14 22 15 -17 17 -19 -20 -21 -22 25 -24 -25 -26 -27 27 28 -30 -31
leaf_value=0.019735165417480927 -0.0016492433271003239 0.03738565368477012 -0.003637047190676835 0.022764841672653954 -0.0040098985825256115 -0.0080677665234001102 0.068436159029466301 0.018559716060342121 0.066605773995381673 0.021710917895765947 0.019349480769858603 -0.0067955805159065422 0.006202498667472617 0.11627722687589435 0.0098442856228904384 0.0043859288422219787 0.11418139982867886 0.017989991370292651 0.030317574727814645 -0.0033433562428411925 0.011935082012240208 -0.0069025011755370919 0.047787269154055553 -0.012729635913045932 -0.025880039734684435 0.020455136030287178 -0.0018587178880373836 0.010616048816349007 -0.0050517750804818014 0.05378180138118889
leaf_weight=65 641 2875 10747 150 2559 21718 109 6724 146 680 89 506 2213 130 2404 3114 37 480 32 5834 3975 592 22 10462 879 143 3698 1301 573 46
leaf_count=65 641 2875 10747 150 2559 21718 109 6724 146 680 89 506 2213 130 2404 3114 37 480 32 5834 3975 592 22 10462 879 143 3698 1301 573 46
internal_value=-1.43698e-12 0.0213574 -0.00492435 0.0382612 0.000671586 -0.00883091 0.0595792 0.0150953 0.0707126 0.0343874 0.0463719 0.00451122 0.000726069 0.0868852 0.00725923 0.00843143 0.0126975 0.0251914 0.075288 -0.0070674 0.0100487 -0.0128329 0.106364 -0.0135581 -0.0227392 -0.00157986 -0.00199023 0.00116006 0.00697436 0.0120902
internal_weight=82944 15541 67403 4201 27710 39693 646 11340 496 3555 198 11345 4772 298 6573 6067 2953 549 69 27552 4616 12141 152 11406 944 735 16365 5618 1920 1347
internal_count=82944 15541 67403 4201 27710 39693 646 11340 496 3555 198 11345 4772 298 6573 6067 2953 549 69 27552 4616 12141 152 11406 944 735 16365 5618 1920 1347
is_linear=0
shrinkage=0.05


Tree=32
num_leaves=31
num_cat=0
split_feature=2 2 2 2 2 5 159 0 2 156 1 4 63 5 156 95 2 0 161 5 160 66 158 142 156 156 5 23 160 1
split_gain=3157.68 696.751 461.527 178.205 85.8479 83.6343 76.6879 69.5484 62.2795 49.5534 61.8225 71.812 52.85 104.232 148.18 60.0804 48.8439 42.3569 42.1303 41.3814 44.1172 39.8257 36.4756 36.1562 35.7737 34.9885 53.7391 34.6044 34.2692 53.0197
threshold=0.90918287951957366 -0.093062985247583871 2.5083282097764519 -0.56561953865075776 4.2843765881725044 0.95394520574431452 -0.38504876088951151 1.5862685013412745 1.650106801632915 -1.0000000180025095e-35 0.46064652029101433 -1.1306715409837407 -0.05975648983409252 1.0822991561716699 1.1133806251238731 -0.026687675034343668 -0.99077352187755474 0.93116348106933156 1.0801555850340541 -0.24472827403652589 1.0000000180025095e-35 -0.022040948840540673 1.0152913959681018 -0.062188619679448685 -0.50537016327236373 1.1133806251238731 0.30505838731801377 0.014780464361078847 1.0000000180025095e-35 2.1279170894744071
decision_type=2 2 2 2 2 2 2 2 2 2 2 2 2 2 2 2 2 2 2 2 2 2 2 2 2 2 2 2 2 2
left_child=1 3 5 16 22 -2 17 -6 -7 -8 18 -12 13 -13 -15 -16 -1 -3 -11 20 -5 -9 28 -17 -21 -18 -27 -23 -4 -30
right_child=2 6 4 19 7 8 9 21 -10 10 11 12 -14 14 15 23 25 -19 -20 24 -22 27 -24 -25 -26 26 -28 -29 29 -31
leaf_value=-0.015266175267470351 0.0057982260683960597 -0.0012875556572616406 0.042844304333111143 -0.0085067392659150219 0.02216360352695379 0.01687092325890234 0.0039034821832318227 0.10612019471347678 0.025740509902567633 0.002433068759200829 -0.0061897974851112189 0.0190318527725554 0.013104281202278356 0.019433675713221965 0.061554969869554048 0.1816982092857361 -0.0097640858572848044 0.017154939196889273 0.01771275705451934 -0.0053310124444841027 -0.0022354088335142272 0.084297806226668215 0.010497209938977837 0.10248855602215319 -7.0539332543942805e-05 -0.0034705385536851507 0.05388765429545727 0.038413016413887072 -0.023817431134607724 0.033485782141599828
leaf_weight=3936 1162 6498 1819 8017 70 5446 8505 86 3109 2135 267 485 792 109 50 25 19810 327 572 5588 4313 94 109 34 7665 1473 42 73 47 286
leaf_count=3936 1162 6498 1819 8017 70 5446 8505 86 3109 2135 267 485 792 109 50 25 19810 327 572 5588 4313 94 109 34 7665 1473 42 73 47 286
internal_value=-2.08641e-12 -0.00407097 0.023379 -0.00716964 0.04216 0.0183847 0.00388646 0.0662722 0.0200942 0.00614343 0.0104063 0.0176955 0.0219613 0.0319396 0.0606564 0.101879 -0.0101486 -0.000403937 0.00566173 -0.00422821 -0.00631305 0.0784762 0.0387154 0.136052 -0.00228857 -0.009204 -0.00188041 0.0642404 0.0401447 0.0253979
internal_weight=82944 70643 12301 50844 2584 9717 19799 323 8555 12974 4469 1762 1495 703 218 109 25261 6825 2707 25583 12330 253 2261 59 13253 21325 1515 167 2152 333
internal_count=82944 70643 12301 50844 2584 9717 19799 323 8555 12974 4469 1762 1495 703 218 109 25261 6825 2707 25583 12330 253 2261 59 13253 21325 1515 167 2152 333
is_linear=0
shrinkage=0.05


Tree=33
num_leaves=31
num_cat=0
split_feature=2 2 2 2 3 2 159 5 156 1 4 63 5 156 95 159 160 5 5 157 157 5 2 4 142 2 4 156 158 4
split_gain=2852.16 592.466 441.72 161.53 91.1077 77.4777 65.0271 64.8213 44.335 55.4306 65.0238 48.7687 100.614 133.897 50.381 44.169 43.5655 50.8423 43.3328 50.9821 48.3312 41.2942 41.1485 39.1959 38.4395 35.6199 42.5015 34.7793 32.9193 31.9464
threshold=0.84357929247066077 -0.093062985247583871 2.5083282097764519 -0.60188752348017083 1.4061233754843154 4.2843765881725044 -0.38504876088951151 1.3668181053867372 -1.0000000180025095e-35 0.46064652029101433 -1.1306715409837407 -0.05975648983409252 1.0822991561716699 1.1133806251238731 -0.036919176459959506 -1.3476706631132902 1.0000000180025095e-35 -0.24472827403652589 -0.18394424572000997 1.7010387896716377 1.0000000180025095e-35 0.36482234570003197 -1.5003388811877352 0.62547787373568664 -0.062188619679448685 1.6955139360753952 -0.024056841297525913 -0.066328909107563699 1.0152913959681018 0.96227365190105629
decision_type=2 2 2 2 2 2 2 2 2 2 2 2 2 2 2 2 2 2 2 2 2 2 2 2 2 2 2 2 2 2
left_child=1 3 4 18 15 28 -3 -7 29 -10 -11 12 -12 -14 -15 -2 17 -5 20 -20 -1 -18 -22 27 -16 -17 -27 -23 -4 -8
right_child=2 6 5 16 -6 7 8 -9 9 10 11 -13 13 14 24 25 21 -19 19 -21 22 23 -24 -25 -26 26 -28 -29 -30 -31
leaf_value=-0.0091426610694484347 -0.035656007557459506 -0.00043762525228682167 0.038137425055869194 -0.0081801453500688123 0.022748567274550269 0.035490201271406209 0.0018593982341176271 0.081223713225939645 0.0053071167046135452 -0.0064907321133418003 0.017806098659226204 0.012206854502956917 0.019296002989778155 0.055747114576217609 0.17361873457064997 0.011975930269174144 -0.0029634706602838937 -0.0031705516284424844 -0.0058686242613489792 0.050161391930518356 -0.033839356722301366 0.0057979673704974949 -0.013671407866026884 -0.0048271550216110234 0.095131931836024308 0.037187696692431368 0.014486860544800315 0.025453282078613873 0.0099723496363250501 0.0095874477052613778
leaf_weight=12486 46 6759 2152 9283 4093 129 6393 194 2667 250 458 723 104 41 26 5337 5803 11146 4152 41 264 776 6022 554 39 325 564 317 109 1691
leaf_count=12486 46 6759 2152 9283 4093 129 6393 194 2667 250 458 723 104 41 26 5337 5803 11146 4152 41 264 776 6022 554 39 325 564 317 109 1691
internal_value=-2.79142e-12 -0.00398794 0.0215566 -0.00681116 0.0169457 0.040052 0.00350741 0.0629586 0.00565916 0.00975599 0.0169864 0.0212059 0.0309459 0.0596031 0.0991497 0.0131588 -0.00425333 -0.00544693 -0.00991631 -0.00532075 -0.0109428 -0.000980316 -0.0145184 0.00600709 0.126527 0.0135195 0.0227858 0.0114985 0.0367796 0.00347594
internal_weight=82944 69995 12949 50844 10365 2584 19151 323 12392 4308 1641 1391 668 210 106 6272 27879 20429 22965 4193 18772 7450 6286 1647 65 6226 889 1093 2261 8084
internal_count=82944 69995 12949 50844 10365 2584 19151 323 12392 4308 1641 1391 668 210 106 6272 27879 20429 22965 4193 18772 7450 6286 1647 65 6226 889 1093 2261 8084
is_linear=0
shrinkage=0.05


Tree=34
num_leaves=31
num_cat=0
split_feature=2 2 2 2 0 2 3 5 161 4 0 2 158 4 0 2 157 5 95 4 4 159 5 157 0 157 158 1 0 5
split_gain=2584.18 623.29 325.496 128.435 94.1825 84.1426 69.2082 60.1966 55.0483 65.935 67.4815 48.3614 44.5405 42.7177 40.3602 39.8818 44.6111 48.5993 43.39 39.0656 65.3694 38.4534 37.7907 38.5867 37.5752 75.2173 34.4923 58.6629 33.773 38.6028
threshold=0.39009691172711686 1.842404002939982 -0.43173869921419428 3.1142813650749193 0.59140555907606396 1.0075793976716814 -0.77985881568620286 0.30505838731801377 -0.76213734878580341 0.64953471503321303 0.85742682209383947 -1.5003388811877352 1.0000000180025095e-35 0.96227365190105629 0.055158686266201011 4.2843765881725044 -0.081021797575027532 1.3937669968156989 0.31451280624681516 -1.1306715409837407 -1.4193536365540573 0.77009752177902324 0.36482234570003197 1.7010387896716377 0.041510661571182668 1.7010387896716377 1.0792073135802653 -0.038199108313577555 0.89471097004042988 1.0822991561716699
decision_type=2 2 2 2 2 2 2 2 2 2 2 2 2 2 2 2 2 2 2 2 2 2 2 2 2 2 2 2 2 2
left_child=2 5 6 24 12 19 11 14 9 10 -9 -1 -5 -11 -4 16 -6 -18 -17 20 -2 -22 -8 26 25 -3 -24 -28 29 -7
right_child=1 3 7 4 15 28 22 8 -10 13 -12 -13 -14 -15 -16 18 17 -19 -20 -21 21 -23 23 -25 -26 -27 27 -29 -30 -31
leaf_value=-0.031644956715985814 0.01288924683977892 0.031841438535762871 -0.0057975965717484302 -0.037973230359468452 0.031987378920839971 0.0004713295134589882 -0.0073667441921436497 0.0085200967871721135 -0.0009200119010115259 -0.0097381710904891096 0.044935292225415098 -0.010606153926018528 0.029569741241777171 0.006701287711828709 -0.00080391175588642423 0.058844979992872075 0.069029285174694061 0.036715007302020548 0.12648642816795752 0.0089136503952688129 -0.019040606605628022 0.0038094317139140015 -0.0034515411580732301 0.047877580782350826 0.02550594663977402 0.11649274563088137 -0.0022450549549552904 0.053688141763567523 0.018299804362341972 0.014178027081839141
leaf_weight=279 534 115 7518 46 430 666 17129 2928 8782 888 133 13021 52 712 8762 269 255 214 26 6802 460 307 3117 39 3408 34 131 73 3568 2246
leaf_count=279 534 115 7518 46 430 666 17129 2928 8782 888 133 13021 52 712 8762 269 255 214 26 6802 460 307 3117 39 3408 34 131 73 3568 2246
internal_value=-2.6864e-12 0.0159554 -0.00488168 0.0314848 0.0449867 0.0107917 -0.00823886 -0.00106526 0.00141096 0.00580284 0.0101023 -0.0110475 -0.0021341 -0.00242261 -0.00310996 0.0488543 0.0436196 0.0542846 0.0648066 0.00739533 -0.00054291 -0.00989463 -0.00641569 -0.00156729 0.0265805 0.0511578 -0.00214794 0.0177703 0.0150388 0.0110432
internal_weight=82944 19432 63512 4849 1292 14583 33789 29723 13443 4661 3061 13300 98 1600 16280 1194 899 469 295 8103 1301 767 20489 3360 3557 149 3321 204 6480 2912
internal_count=82944 19432 63512 4849 1292 14583 33789 29723 13443 4661 3061 13300 98 1600 16280 1194 899 469 295 8103 1301 767 20489 3360 3557 149 3321 204 6480 2912
is_linear=0
shrinkage=0.05


Tree=35
num_leaves=31
num_cat=0
split_feature=2 2 3 2 2 2 161 0 4 4 1 3 5 156 4 4 0 157 0 3 157 139 161 159 3 157 161 161 77 0
split_gain=2334.47 472.91 370.093 106.611 94.2422 90.1896 87.7105 65.1208 62.2601 62.7655 57.9736 53.2288 52.5706 46.9806 40.6274 53.7742 40.2917 60.6277 40.2395 52.4425 74.3286 56.6388 38.3314 97.6813 44.0929 37.3733 39.7308 34.7612 32.6765 27.9509
threshold=0.55865729442855694 1.9215687388713396 -0.31559147031069995 3.1142813650749193 -0.7275856720053947 0.028095304697620668 1.6942532296406732 0.89471097004042988 -1.1306715409837407 -1.4193536365540573 2.7276332300299173 4.0676475521031596 0.80943899875580572 1.1133806251238731 0.24056841297526402 0.6976483976282658 0.041510661571182668 1.7010387896716377 2.4867904811687107 3.1648958441122699 -0.081021797575027532 0.046450407154024605 -0.76213734878580341 0.48131095111188954 0.47181729978982789 1.0000000180025095e-35 1.0801555850340541 1.0000000180025095e-35 -0.10473712996097183 1.6656405814953195
decision_type=2 2 2 2 2 2 2 2 2 2 2 2 2 2 2 2 2 2 2 2 2 2 2 2 2 2 2 2 2 2
left_child=2 7 4 16 25 22 10 8 9 -2 -5 18 -10 -6 -13 -16 17 -3 19 20 -8 -21 23 24 -4 -1 -27 -11 -26 -24
right_child=1 3 5 6 13 -7 11 -9 12 27 -12 14 -14 -15 15 -17 -18 -19 -20 21 -22 -23 29 -25 28 26 -28 -29 -30 -31
leaf_value=-0.0087194649852764886 0.012279000695532141 0.031927417261504581 0.0047624884696594455 -0.030008598359731527 -0.0064996241394973762 0.0040450523091047621 0.020817173593424162 0.015623815008917406 -0.00188995229063339 -0.0034258117207090519 0.028719527530802848 0.043440255309205228 0.012269018935468832 -0.00057829585188895851 0.13585264308655517 0.037964436877518895 0.024644707363803729 0.11066810769193314 0.036376767760404681 0.03089282583445311 0.080707572121173146 0.096522305530236399 -0.0041493780374634989 -0.0048206358270807582 0.040132646391458526 -0.012093052490040461 -0.023662159835328826 -0.027923742472762015 0.012058383999032495 0.011529127405143075
leaf_weight=8230 390 87 2948 52 21414 9884 147 5507 761 352 219 41 4732 3971 47 20 3112 34 519 45 80 122 10734 3536 154 4042 909 246 317 292
leaf_count=8230 390 87 2948 52 21414 9884 147 5507 761 352 219 41 4732 3971 47 20 3112 34 519 45 80 122 10734 3536 154 4042 909 246 317 292
internal_value=3.7415e-12 0.0168246 -0.00418215 0.030597 -0.00735439 0.000208339 0.0427374 0.011626 0.00822904 -0.00332623 0.0174507 0.0494492 0.0103074 -0.00557335 0.0826427 0.106632 0.0257454 0.0540529 0.0455226 0.0575701 0.0419239 0.0788377 -0.00190067 0.00100604 0.0070321 -0.0107845 -0.0142171 -0.0135036 0.0212377 -0.00373417
internal_weight=82944 16513 66431 4525 38566 27865 1292 11988 6481 988 271 1021 5493 25385 108 67 3233 121 913 394 227 167 17981 6955 3419 13181 4951 598 471 11026
internal_count=82944 16513 66431 4525 38566 27865 1292 11988 6481 988 271 1021 5493 25385 108 67 3233 121 913 394 227 167 17981 6955 3419 13181 4951 598 471 11026
is_linear=0
shrinkage=0.05


Tree=36
num_leaves=31
num_cat=0
split_feature=3 3 3 3 3 156 0 3 4 4 0 5 139 4 95 5 160 78 4 5 5 1 52 20 109 5 156 0 0 157
split_gain=2019.76 425.569 336.517 124.647 84.5888 58.1416 55.6614 49.035 47.8785 52.1379 61.7906 82.7088 56.6412 50.1649 40.2807 39.4873 36.3083 35.7879 35.3843 35.1533 47.2159 32.1245 41.4572 31.9355 32.2126 29.3013 45.0763 28.8622 41.749 128.1
threshold=0.65043800770795035 2.8203810515138259 -0.43638204642906975 1.4061233754843154 0.24949220878619119 1.1133806251238731 1.6656405814953195 -0.96967995513960481 0.96227365190105629 -1.1066146996862145 1.4479213173329801 1.4032428797401197 0.051312535640160327 -0.64953471503321258 -0.095884269717449955 -0.24472827403652589 -1.0000000180025095e-35 0.0041781884486098474 0.98633049319858268 0.30505838731801377 0.65128935879489425 2.3798475571324342 0.01553794270078851 -0.010079159391850631 0.10116706115077272 -1.0414542967589189 -0.066328909107563699 0.86494808874613149 0.064578719106190979 1.7010387896716377
decision_type=2 2 2 2 2 2 2 2 2 2 2 2 2 2 2 2 2 2 2 2 2 2 2 2 2 2 2 2 2 2
left_child=2 3 5 19 6 7 15 -1 9 -3 -11 12 -12 -14 -15 16 -4 -16 -6 -2 -21 27 -23 24 -19 -18 -27 28 29 -5
right_child=1 8 4 21 18 -7 -8 -9 -10 10 11 -13 13 14 17 -17 25 23 -20 20 -22 22 -24 -25 -26 26 -28 -29 -30 -31
leaf_value=-0.011769275939793003 -0.00072246557255337043 0.024721508579941608 -0.0077721786300782095 0.015202457394250097 0.002379642377835564 -0.0012325003969684153 0.010069677995224376 -0.0070738948404158652 0.021641400188946138 0.02174449917971201 0.04794724873617251 0.033996378182990471 0.04050643134467078 0.038833259108165902 0.074310752389909224 -0.00074095209034327042 -0.0041441967507794674 0.19773697823286057 0.010676177299957658 0.036282577426339106 0.0095117326203402672 0.013717781794260617 0.03507765280646185 0.096755029253794686 0.10907235424965621 -0.0054603446315457859 0.013661982371672855 0.018828134281797481 0.0018698570245670107 0.14069069007580931
leaf_weight=7468 833 362 4995 269 6498 3259 944 21768 384 210 294 398 66 33 86 15284 3035 20 1602 168 8395 369 591 70 21 565 678 3613 644 22
leaf_count=7468 833 362 4995 269 6498 3259 944 21768 384 210 294 398 66 33 86 15284 3035 20 1602 168 8395 369 591 70 21 565 678 3613 644 22
internal_value=2.14937e-12 0.015454 -0.00393925 0.012584 -0.000430783 -0.00756714 -0.00184467 -0.00827328 0.0374571 0.0413502 0.0463749 0.0516101 0.0634919 0.0789316 0.089958 -0.00230267 -0.00487673 0.098522 0.00402051 0.00908308 0.010037 0.0185562 0.0268675 0.11728 0.152323 -0.001496 0.00497002 0.0168019 0.00897203 0.0246895
internal_weight=82944 16848 66096 14904 33601 32495 25501 29236 1944 1560 1198 988 590 296 230 24557 9273 197 8100 9396 8563 5508 960 111 41 4278 1243 4548 935 291
internal_count=82944 16848 66096 14904 33601 32495 25501 29236 1944 1560 1198 988 590 296 230 24557 9273 197 8100 9396 8563 5508 960 111 41 4278 1243 4548 935 291
is_linear=0
shrinkage=0.05


Tree=37
num_leaves=31
num_cat=0
split_feature=2 2 2 5 156 2 5 2 5 159 161 157 0 46 156 1 4 63 5 156 5 161 0 162 0 1 65 0 0 134
split_gain=1925.5 426.186 281.996 113.257 63.3283 61.3097 60.8973 52.2326 51.5819 50.851 38.6433 38.2016 87.1502 66.6682 37.8689 44.5172 55.1739 40.1667 77.0595 98.4152 88.5462 37.6061 36.8035 40.9173 33.4196 32.7823 32.1602 32.012 31.2319 30.0069
threshold=0.90918287951957366 -0.093062985247583871 2.5083282097764519 -0.24472827403652589 -0.50537016327236373 -0.77921428454073516 0.9074519576230029 4.2843765881725044 1.3668181053867372 -0.38504876088951151 -0.76213734878580341 1.7010387896716377 0.13141699629314629 0.034887835851174269 -1.0000000180025095e-35 0.43631947918440034 -1.1306715409837407 -0.05975648983409252 1.0414542967589195 1.1133806251238731 1.1577679250097914 1.0801555850340541 0.6111987302090014 -1.0444659357341868 0.93116348106933156 1.1714912220780609 0.0019163648484020034 0.86494808874613149 1.7612684997119359 -0.35665426041570419
decision_type=2 2 2 2 2 2 2 2 2 2 2 2 2 2 2 2 2 2 2 2 2 2 2 2 2 2 2 2 2 2
left_child=1 3 6 5 -5 -1 -2 -4 -9 24 -7 27 13 -13 -11 21 -17 18 -18 26 -21 -16 -12 -24 -3 -14 -20 -8 -23 -10
right_child=2 9 7 4 -6 10 11 8 29 14 22 12 25 -15 15 16 17 -19 19 20 -22 28 23 -25 -26 -27 -28 -29 -30 -31
leaf_value=-0.010477636888613978 0.0027240901598873674 -0.0012340426157263806 0.030249978683763074 -0.0051128925935003062 0.00077565020192585843 -0.0024822468386690409 0.010720677164193483 0.027241636362728167 0.015702509305750331 0.0029242481637722076 -0.0083799207493513023 0.029571755772287198 0.059175584234974599 0.15007293770710628 0.0014117046515761712 -0.0060740155756802243 0.01274061127404664 0.010601961510985717 0.036722398972437703 0.048002852314009761 0.12739608757197859 0.041586112506611622 -0.021273544508335452 -0.00050094535696639637 0.015147635368815415 0.019287773155968 -0.010296645208798125 0.017236073636407338 0.010561845112651179 0.075426854661611087
leaf_weight=10718 1009 6498 2261 10203 8264 6103 3194 129 24 8505 12498 22 55 24 2097 272 418 798 81 118 50 98 259 2799 327 812 66 4601 471 170
leaf_count=10718 1009 6498 2261 10203 8264 6103 3194 129 24 8505 12498 22 55 24 2097 272 418 798 81 118 50 98 259 2799 327 812 66 4601 471 170
internal_value=-6.38513e-12 -0.00317896 0.0182563 -0.00560242 -0.00247776 -0.00738465 0.0143524 0.0329368 0.0517449 0.00304452 -0.00585407 0.0156998 0.0253764 0.0924419 0.00488238 0.00860893 0.0146771 0.0183638 0.026814 0.0454891 0.0716318 0.00450503 -0.00717692 -0.0022603 -0.000449162 0.0218181 0.0156118 0.0145664 0.0159052 0.0680383
internal_weight=82944 70643 12301 50844 18467 32377 9717 2584 323 19799 21659 8708 913 46 12974 4469 1803 1531 733 315 168 2666 15556 3058 6825 867 147 7795 569 194
internal_count=82944 70643 12301 50844 18467 32377 9717 2584 323 19799 21659 8708 913 46 12974 4469 1803 1531 733 315 168 2666 15556 3058 6825 867 147 7795 569 194
is_linear=0
shrinkage=0.05


Tree=38
num_leaves=31
num_cat=0
split_feature=2 2 2 2 161 5 3 158 161 4 0 3 5 161 4 3 158 1 0 4 0 5 4 4 0 3 157 1 159 4
split_gain=1743.95 421.599 223.843 91.9763 72.5961 56.7281 54.6802 52.1167 45.4473 60.7303 65.1912 44.936 39.767 41.3786 67.3056 39.3516 37.6956 42.6396 36.2869 35.423 42.9256 38.7188 35.0224 46.3702 33.6416 40.8961 66.0678 52.4031 32.0574 39.7085
threshold=0.39009691172711686 1.7608667400725224 -0.50576930622223182 3.1142813650749193 1.6942532296406732 0.36482234570003197 1.678369505768156 1.0000000180025095e-35 -0.76213734878580341 0.67359155633073942 0.75305586519439049 4.0676475521031596 -0.24472827403652589 -0.76213734878580341 0.6976483976282658 0.17087414298626916 -1.7404918888865692 -1.1441762741797261 0.055158686266201011 0.96227365190105629 0.0098975582700011663 0.85925218225391864 0.24056841297526402 0.6976483976282658 2.4867904811687107 3.1648958441122699 -0.081021797575027532 4.380683246825634 -1.2514084728909125 -0.40896630205794832
decision_type=2 2 2 2 2 2 2 2 2 2 2 2 2 2 2 2 2 2 2 2 2 2 2 2 2 2 2 2 2 2
left_child=2 6 12 -3 7 18 19 -5 9 10 -7 24 16 14 -14 -11 17 -1 -4 20 -2 -21 -13 -24 25 26 -6 -27 29 -22
right_child=1 3 5 4 11 8 -8 -9 -10 15 -12 22 13 -15 -16 -17 -18 -19 -20 21 28 -23 23 -25 -26 27 -28 -29 -30 -31
leaf_value=-0.02766467806463746 0.0009909481088112022 0.021487943460181319 -0.0050540443247127521 -0.016953386507600875 0.016687822500505125 0.0074689103046939867 0.017175389537190239 0.0294752852322482 -0.00087416935930070502 -0.01209276804578803 0.039041868757827995 0.037096577460264284 0.013035364880074417 -0.0056931891994717746 -0.011781318061044798 0.0038251151537409358 -0.0074026017483970787 -0.010947935328127267 -0.00085367736555147478 0.00036035886228108624 0.016075775792307564 0.015187792403210713 0.122902175677108 0.03200232536066324 0.031025822963368199 0.082821265756394036 0.073152154034178241 0.011656541183765513 0.0089313705585702171 -0.02502872060603378
leaf_weight=443 2890 3881 10188 91 147 2975 1669 180 8997 662 173 41 796 5472 416 939 19324 2746 10381 542 95 2346 47 20 519 135 80 32 6563 154
leaf_count=443 2890 3881 10188 91 147 2975 1669 180 8997 662 173 41 796 5472 416 939 19324 2746 10381 542 95 2346 47 20 519 135 80 32 6563 154
internal_value=3.2433e-13 0.0131073 -0.00401029 0.0253347 0.0368899 -0.00127224 0.00867135 0.0138848 0.00121459 0.00517175 0.00920402 0.0429961 -0.00722829 -0.00384171 0.00451743 -0.0027568 -0.00823375 -0.0132701 -0.00293415 0.00754401 0.00609701 0.0124051 0.0734945 0.0957679 0.0393884 0.050404 0.0365871 0.0691849 0.00826326 -0.00934628
internal_weight=82944 19432 63512 5173 1292 34315 14259 271 13746 4749 3148 1021 29197 6684 1212 1601 22513 3189 20569 12590 9702 2888 108 67 913 394 227 167 6812 249
internal_count=82944 19432 63512 5173 1292 34315 14259 271 13746 4749 3148 1021 29197 6684 1212 1601 22513 3189 20569 12590 9702 2888 108 67 913 394 227 167 6812 249
is_linear=0
shrinkage=0.05


Tree=39
num_leaves=31
num_cat=0
split_feature=2 2 0 5 2 2 156 2 0 4 104 0 157 5 5 0 162 161 159 156 5 4 0 9 5 0 162 151 59 154
split_gain=1574.35 360.024 230.416 93.7801 64.3643 60.3672 56.4681 51.1489 45.2705 48.2206 40.4572 37.4402 59.4226 36.2053 35.7402 34.7712 38.2529 33.6645 32.2433 32.2345 51.1221 90.0565 49.9154 137.095 50.7866 31.8872 36.8888 30.9223 32.2232 30.3457
threshold=0.9452029766701352 -0.093062985247583871 1.9255171228092469 -0.24472827403652589 4.2843765881725044 1.6955139360753952 -0.50537016327236373 -0.77921428454073516 -0.13373103824191077 0.96227365190105629 -0.065104843802629625 0.22498776168502108 1.7010387896716377 -0.30505838731801371 0.42390874111036964 0.80565153132253264 -0.6963106238227913 -0.76213734878580341 -1.2514084728909125 1.0000000180025095e-35 0.9074519576230029 -1.1306715409837407 0.031385978651079983 0.044758633618780803 1.121095921206507 0.6111987302090014 -1.0444659357341868 0.12565365980533386 0.092804196805963413 0.040686664662754772
decision_type=2 2 2 2 2 2 2 2 2 2 2 2 2 2 2 2 2 2 2 2 2 2 2 2 2 2 2 2 2 2
left_child=1 3 5 7 -4 14 -5 -1 9 13 15 12 -12 -3 -2 16 -7 -9 -10 -20 -21 -22 23 24 -23 -19 -27 28 -6 -14
right_child=2 8 4 6 27 10 -8 17 18 -11 11 -13 29 -15 -16 -17 -18 25 19 20 21 22 -24 -25 -26 26 -28 -29 -30 -31
leaf_value=-0.0095172048989163819 -0.017015661237157666 -0.017646117373059992 0.029211230554164105 -0.004715350002330294 0.058447760850692004 -0.036710046495621401 0.00084510785372108189 -0.0021469891004210389 -0.0033463167981902433 0.007912378495216919 0.028977226505429988 0.021261142472044994 0.050800260475703657 -0.0011433227323042014 0.011353739009730314 0.016186504281224361 0.0070822031116917709 -0.0076485748232967875 0.0027013505355451268 0.0050069143367190679 -0.0050346577352037552 0.048837977890246388 0.017062042365020264 0.0047472220791259121 0.11559376248852321 -0.020005356633908053 -0.00028183323353237762 0.03408815013492441 0.11428780262217378 0.13310204644997914
leaf_weight=10718 113 352 1647 10203 119 66 8264 6103 1126 1499 146 1944 21 5954 6332 1234 204 12498 5301 4108 422 58 1129 118 56 259 2799 94 33 24
leaf_count=10718 113 352 1647 10203 119 66 8264 6103 1126 1499 146 1944 21 5954 6332 1234 204 12498 5301 4108 422 58 1129 118 56 259 2799 94 33 24
internal_value=-3.69783e-12 -0.00282992 0.016768 -0.00507036 0.0327744 0.0137633 -0.00222704 -0.00669211 0.00283092 -0.000148382 0.0189117 0.0233366 0.0444604 -0.00206451 0.0108563 0.0126304 -0.00362257 -0.00529411 0.00471868 0.00553008 0.00807551 0.0151455 0.0214027 0.042526 0.0816303 -0.00652881 -0.00195233 0.0566304 0.0705709 0.0946945
internal_weight=82944 70967 11977 50844 1893 10084 18467 32377 20123 7805 3639 2135 191 6306 6445 1504 270 21659 12318 11192 5891 1783 1361 232 114 15556 3058 246 152 45
internal_count=82944 70967 11977 50844 1893 10084 18467 32377 20123 7805 3639 2135 191 6306 6445 1504 270 21659 12318 11192 5891 1783 1361 232 114 15556 3058 246 152 45
is_linear=0
shrinkage=0.05


Tree=40
num_leaves=31
num_cat=0
split_feature=2 2 3 2 0 2 2 2 1 4 4 114 127 161 159 0 156 159 66 11 136 0 151 5 4 156 4 80 0 157
split_gain=1425.68 342.731 186.834 72.6257 62.9577 49.4894 49.1505 47.4396 28.3708 28.3509 54.6451 28.2082 28.6877 28.1863 82.2014 56.6229 28.1246 27.9201 27.8303 33.8833 27.3604 40.5693 27.7927 25.3484 38.7274 28.2121 24.3045 29.5999 23.5964 28.0955
threshold=0.39009691172711686 1.842404002939982 -0.43638204642906975 3.1142813650749193 0.59140555907606396 -0.093062985247583871 -0.87624568432862004 1.0075793976716814 2.9043329545265064 -1.1306715409837407 -1.3712399539590046 0.038260820869803293 0.088771730924073811 -0.76213734878580341 0.38504876088951162 0.041510661571182668 1.1133806251238731 0.77009752177902324 0.055668907116936263 0.081727471177916095 -0.018942097800606163 2.4867904811687107 0.022301958906320942 0.36482234570003197 0.64953471503321303 -0.91243033262262674 0.96227365190105629 -0.15239849471129288 0.041510661571182668 1.7010387896716377
decision_type=2 2 2 2 2 2 2 2 2 2 2 2 2 2 2 2 2 2 2 2 2 2 2 2 2 2 2 2 2 2
left_child=2 7 6 11 8 13 -1 9 -5 10 -2 12 26 14 15 23 -8 -12 19 20 -6 22 -22 -4 25 -25 27 -3 29 -29
right_child=1 3 5 4 18 -7 16 -9 -10 -11 17 -13 -14 -15 -16 -17 -18 -19 -20 -21 21 -23 -24 24 -26 -27 -28 28 -30 -31
leaf_value=-0.010031299719748522 0.0097341517164116782 0.012020492623025571 -0.0026199806854781157 -0.03030898997989985 0.037079604851999251 0.0018027676284949373 -0.0058896145374911606 0.011210990904664644 0.023597167817491067 0.0067652176884475963 -0.018781750290970858 0.014132307787219585 0.013331686303685975 -0.0037156184317694721 -0.0048337652814121283 0.018086106682051437 -0.00077244126394939783 0.0017373075724641251 0.028559556499073682 0.025209706353383477 0.08984547310573017 0.034384167057284143 0.046421085912044406 0.0029112207688383597 -0.0059497819127519967 0.021268955080935376 0.01513970847839826 0.038420874852902048 0.031069913046667355 0.10207801226239939
leaf_weight=6908 603 196 1242 52 199 11153 22338 6480 46 6802 427 1394 545 13116 3725 752 3052 271 560 176 116 89 54 367 372 487 360 52 984 26
leaf_count=6908 603 196 1242 52 199 11153 22338 6480 46 6802 427 1394 545 13116 3725 752 3052 271 560 176 116 89 54 367 372 487 360 52 984 26
internal_value=2.70669e-12 0.0118511 -0.00362592 0.0233666 0.0335197 -0.000867359 -0.0062919 0.00802201 -0.0050061 0.00547176 -0.00129078 0.0196787 0.0232533 -0.00235183 0.000223764 0.00607448 -0.00527451 -0.0108152 0.0366818 0.0438561 0.0510215 0.0617336 0.0760518 0.00241453 0.00751475 0.0133799 0.0265952 0.0298734 0.0331683 0.0596399
internal_weight=82944 19432 63512 4849 1292 31214 32298 14583 98 8103 1301 3557 2163 20061 6945 3220 25390 698 1194 634 458 259 170 2468 1226 854 1618 1258 1062 78
internal_count=82944 19432 63512 4849 1292 31214 32298 14583 98 8103 1301 3557 2163 20061 6945 3220 25390 698 1194 634 458 259 170 2468 1226 854 1618 1258 1062 78
is_linear=0
shrinkage=0.05


Tree=41
num_leaves=31
num_cat=0
split_feature=2 2 3 2 2 2 161 2 3 0 156 156 0 0 0 4 4 159 158 159 3 1 161 159 3 77 158 0 161 158
split_gain=1288.44 262.201 208.773 59.9673 56.5406 50.069 44.3411 58.7877 47.5025 41.6731 37.8803 35.8384 35.6047 48.6248 31.3267 52.631 45.9991 39.3546 37.6922 31.8422 31.0561 32.1498 28.3221 74.2579 40.7257 26.0813 25.5621 33.5819 25.091 24.5985
threshold=0.55865729442855694 2.4135676480513859 -0.31559147031069995 1.4305678151386705 -0.88440467823145463 0.028095304697620668 1.0000000180025095e-35 3.6149727007184684 3.3794542420997229 2.4153235705169318 1.7077461606554207 1.1133806251238731 0.22498776168502108 1.2149100099677934 0.92097724838766892 -1.1306715409837407 -1.275012588768899 1.1551462826685348 0.37100531152934357 -0.38504876088951151 4.0676475521031596 4.380683246825634 -0.76213734878580341 0.38504876088951162 0.47181729978982789 -0.10473712996097183 1.0792073135802653 0.79330981145966029 1.0000000180025095e-35 -1.0174668528413875
decision_type=2 2 2 2 2 2 2 2 2 2 2 2 2 2 2 2 2 2 2 2 2 2 2 2 2 2 2 2 2 2
left_child=2 3 4 14 26 22 12 -8 10 -10 -9 -6 -3 -14 15 16 -2 18 29 -17 21 -11 23 24 -4 -26 -1 -28 -18 -16
right_child=1 6 5 -5 11 -7 7 8 9 20 -12 -13 13 -15 17 19 28 -19 -20 -21 -22 -23 -24 -25 25 -27 27 -29 -30 -31
leaf_value=-0.01039449306170654 0.0041539879200970563 0.046393689894117414 0.0044464037946246931 0.014282346571874247 -0.0052472770859895304 0.0030492779541280691 0.025188754870683096 0.045482945312510868 0.09436621461063624 0.061117436196617483 0.00091583816524795365 -0.00027601252434514783 -0.012959548242982816 0.019692812517896133 0.041923669295874044 -0.0025905564084543896 -0.0073441789794040872 0.0066010884237828324 -0.0045740499257622561 0.0087830398274817752 0.072228702174005927 0.01352822847821447 -0.002956825693631782 -0.0038084127588278805 0.037959753559283514 0.011777177727236784 0.0067481788274590948 -0.030883645698212198 -0.032325396237034822 0.018246887435658637
leaf_weight=6488 490 75 2900 4534 27410 9884 1816 107 61 62 86 4178 165 369 122 726 223 2032 169 4039 83 83 11026 3643 149 263 421 69 183 1088
leaf_count=6488 490 75 2900 4534 27410 9884 1816 107 61 62 86 4178 165 369 122 726 223 2032 169 4039 83 83 11026 3643 149 263 421 69 183 1088
internal_value=-6.36782e-13 0.0124992 -0.00310698 0.00958694 -0.00548956 0.000190599 0.0261299 0.0293088 0.0448317 0.057659 0.025624 -0.00458975 0.0141344 0.0096036 0.00724028 0.00495957 -0.00615831 0.0110254 0.0175448 0.00705015 0.0478382 0.0338767 -0.00138079 0.00111775 0.00653622 0.0212461 -0.00956283 0.001449 -0.0186042 0.0206341
internal_weight=82944 16513 66431 13606 38566 27865 2907 2298 482 289 193 31588 609 534 9072 5661 896 3411 1379 4765 228 145 17981 6955 3312 412 6978 490 406 1210
internal_count=82944 16513 66431 13606 38566 27865 2907 2298 482 289 193 31588 609 534 9072 5661 896 3411 1379 4765 228 145 17981 6955 3312 412 6978 490 406 1210
is_linear=0
shrinkage=0.05


Tree=42
num_leaves=31
num_cat=0
split_feature=2 2 2 0 2 3 5 17 77 0 3 161 4 0 4 4 4 5 5 5 161 4 158 1 0 1 0 59 4 0
split_gain=1163.67 281.268 154.855 65.3512 51.011 42.5575 41.2922 35.7006 37.3057 39.0692 35.0694 35.0359 53.7814 50.9818 37.3067 34.0169 40.3315 33.5675 35.3704 30.2567 32.8208 58.3741 31.7826 37.6786 29.4429 29.3839 29.3671 28.9007 28.4372 33.4393
threshold=0.39009691172711686 1.7608667400725224 -0.50576930622223182 1.9255171228092469 4.2843765881725044 1.678369505768156 0.30505838731801377 0.002144722024407371 0.042292878667215233 0.27154823262650846 4.0676475521031596 -0.76213734878580341 0.67359155633073942 0.85742682209383947 0.96227365190105629 -0.24056841297526424 -0.60142103243816025 1.3668181053867372 1.3937669968156989 -0.18394424572000997 -0.76213734878580341 0.6976483976282658 -1.7404918888865692 -1.2359962902880148 0.055158686266201011 1.2084748473567053 0.84254034633342811 -0.024875157373398522 0.96227365190105629 0.0098975582700011663
decision_type=2 2 2 2 2 2 2 2 2 2 2 2 2 2 2 2 2 2 2 2 2 2 2 2 2 2 2 2 2 2
left_child=2 5 19 7 -5 28 24 -3 9 15 17 12 13 -8 -14 16 -9 -6 -19 22 21 -21 23 -1 -4 -13 -10 -12 29 -2
right_child=1 3 6 4 10 -7 11 8 26 -11 27 25 14 -15 -16 -17 -18 18 -20 20 -22 -23 -24 -25 -26 -27 -28 -29 -30 -31
leaf_value=-0.028258503519658959 0.00028587677260151029 0.011369532687436706 -0.0044649538688019087 0.024974481259352768 0.0088714512124184585 0.014585960671266017 0.0068808831758200677 0.048928857797926127 -0.010211375653072875 0.024493559445590618 0.041779658083732317 -0.00041548607490097259 -0.010269121713088794 0.038486394099190947 0.0048529747621654908 0.014170581270610133 0.12950653483470281 0.079389976405309426 0.025232912470962394 0.012596116723525367 -0.0046356548182878441 -0.010570896917971159 -0.0060276650716934365 -0.0096439910101383808 -0.00060904001627632147 -0.025211906741750389 0.017398323674714247 0.11095995840926964 0.010444486571480354 0.0067045195580326573
leaf_weight=299 2890 1678 9626 1604 63 1669 3139 44 118 904 26 9470 842 133 791 31 24 64 57 785 4987 416 19716 2994 10193 121 524 36 2888 6812
leaf_count=299 2890 1678 9626 1604 63 1669 3139 44 118 904 26 9470 842 133 791 31 24 64 57 785 4987 416 19716 2994 10193 121 524 36 2888 6812
internal_value=-5.55997e-13 0.0107068 -0.00327584 0.0206941 0.028226 0.0070836 -0.000998485 0.0165009 0.0217351 0.0277592 0.0494267 0.00102957 0.00446685 0.00816558 -0.00294421 0.0575789 0.077368 0.0384681 0.053878 -0.00595241 -0.00284867 0.00457157 -0.00678712 -0.0113342 -0.00248184 -0.000728318 0.0123236 0.0819489 0.00608904 0.00479256
internal_weight=82944 19432 63512 5173 1850 14259 34315 3323 1645 1003 246 14496 4905 3272 1633 99 68 184 121 29197 6188 1201 23009 3293 19819 9591 642 62 12590 9702
internal_count=82944 19432 63512 5173 1850 14259 34315 3323 1645 1003 246 14496 4905 3272 1633 99 68 184 121 29197 6188 1201 23009 3293 19819 9591 642 62 12590 9702
is_linear=0
shrinkage=0.05


Tree=43
num_leaves=31
num_cat=0
split_feature=2 2 2 3 5 2 159 161 2 3 0 4 156 0 5 3 1 0 156 2 0 0 4 5 4 161 159 0 5 0
split_gain=1052.7 229.045 166.319 62.112 47.0158 33.2674 32.6447 31.5716 44.8949 40.1643 37.6063 34.4259 34.0618 28.8637 25.8882 25.8528 29.1024 25.4529 25.4342 43.1929 26.3393 39.7463 26.2521 25.1522 38.6492 23.134 55.6668 70.2727 33.7192 31.9225
threshold=0.8739712444562534 -0.19636480654546742 2.5083282097764519 -0.70750503933565023 0.9074519576230029 -1.3418930104523148 -0.38504876088951151 1.0000000180025095e-35 3.6149727007184684 3.3794542420997229 2.4153235705169318 -0.57736419114063342 1.7077461606554207 -1.108073148417879 1.2543280627517379 4.0676475521031596 4.380683246825634 0.93116348106933156 1.0000000180025095e-35 0.11132571912136807 -0.59400362938597639 -0.73023681078579361 0.96227365190105629 -0.36482234570003175 -0.72170523892579219 -0.76213734878580341 0.38504876088951162 0.041510661571182668 0.36482234570003197 1.6656405814953195
decision_type=2 2 2 2 2 2 2 2 2 2 2 2 2 2 2 2 2 2 2 2 2 2 2 2 2 2 2 2 2 2
left_child=1 3 4 5 -2 -1 13 11 -9 12 -11 -4 -10 -3 -13 16 -12 23 22 -20 21 -21 -8 24 -15 26 27 28 -5 -27
right_child=2 6 7 25 -6 -7 18 8 9 10 15 14 -14 17 -16 -17 -18 -19 19 20 -22 -23 -24 -25 -26 29 -28 -29 -30 -31
leaf_value=-0.018562978338407751 0.00073134670550494647 -0.010981443617382569 0.030506927184588101 -0.0034694650945610683 0.011595476526998216 -0.0063478165927533473 0.00030995404881466789 0.023304922033339212 0.041898000356523656 0.087393603026561573 0.05637339197527317 -0.031523560763647158 -0.0003631313983892459 -0.030890917611996766 0.0093243623738672402 0.065447777630873477 0.011095746708697224 0.012818333159658749 -0.0014116373436483132 0.0035582335454766912 0.010107584001513698 -0.051448061351859302 0.0069271473088558001 0.00037120699161665002 -0.003353993990972986 -0.0041297019973707957 -0.0045645532534298551 0.018344062359920782 0.0071966079894337362 0.01219438954676183
leaf_weight=576 1121 633 189 1972 8920 17253 7601 1587 107 61 62 45 86 161 281 83 83 375 1375 139 3257 43 1867 7676 611 20177 4440 672 1187 304
leaf_count=576 1121 633 189 1972 8920 17253 7601 1587 107 61 62 45 86 161 281 83 83 375 1375 139 3257 43 1867 7676 611 20177 4440 672 1187 304
internal_value=-3.49465e-13 -0.00238676 0.0132939 -0.00442386 0.0103826 -0.00674245 0.00161062 0.0246066 0.027364 0.0407285 0.0525234 0.0135289 0.0230666 -0.000668118 0.00368585 0.0431941 0.0304558 7.18046e-05 0.00311936 0.00607846 0.0090732 -0.00943776 0.0016148 -0.000494004 -0.0090968 -0.00298611 -0.0007543 0.00366165 0.000538331 -0.0038874
internal_weight=82944 70319 12625 46581 10041 17829 23738 2584 2069 482 289 515 193 9456 326 228 145 8823 14282 4814 3439 182 9468 8448 772 28752 8271 3831 3159 20481
internal_count=82944 70319 12625 46581 10041 17829 23738 2584 2069 482 289 515 193 9456 326 228 145 8823 14282 4814 3439 182 9468 8448 772 28752 8271 3831 3159 20481
is_linear=0
shrinkage=0.05


Tree=44
num_leaves=31
num_cat=0
split_feature=2 2 0 5 5 156 2 158 0 0 4 160 5 3 5 5 59 2 5 156 2 59 159 156 5 4 0 9 5 161
split_gain=950.297 218.778 144.996 67.3545 47.8829 47.1154 41.4619 37.1142 41.5549 31.9587 37.8253 30.6151 29.545 29.1219 29.2914 31.2317 28.2245 34.6005 26.5146 57.452 28.6438 25.9862 25.7876 27.6205 39.8717 73.1271 47.1567 123.662 45.8182 25.1545
threshold=0.9452029766701352 -0.07651102059417908 1.9255171228092469 -0.24472827403652589 0.95394520574431452 -0.50537016327236373 4.2843765881725044 -1.7404918888865692 0.30657967186751606 -0.13373103824191077 0.96227365190105629 1.0000000180025095e-35 -0.36482234570003175 4.0676475521031596 1.3668181053867372 1.3937669968156989 -0.086086472488270602 1.7608667400725224 -0.95394520574431463 -0.066328909107563699 -0.60188752348017083 -0.024875157373398522 -1.2514084728909125 1.0000000180025095e-35 0.9074519576230029 -1.1306715409837407 0.031385978651079983 0.044758633618780803 1.121095921206507 1.0801555850340541
decision_type=2 2 2 2 2 2 2 2 2 2 2 2 2 2 2 2 2 2 2 2 2 2 2 2 2 2 2 2 2 2
left_child=1 3 4 7 -2 -5 -4 8 -1 10 12 -9 -3 14 -8 -16 -6 -18 20 -20 -13 -15 -11 -24 29 -26 27 28 -27 -25
right_child=2 9 6 5 16 -7 13 11 -10 22 -12 18 -14 21 15 -17 17 -19 19 -21 -22 -23 23 24 25 26 -28 -29 -30 -31
leaf_value=-0.0073570164489963636 0.00042321906762397409 -0.018022662422103115 0.022865084021624505 -0.0038113789978006063 0.0081984764477695381 0.0011975596377194642 0.0072382852021190859 -0.0055937993846768962 -0.020639596095600649 -0.0034717759695763375 0.0069809277827184591 -0.0084929070527291432 -0.0012195885054829365 0.036418285679358703 0.073253537509299346 0.022363502810006604 0.010997068010192443 0.01911101112926885 -0.0038745203061077978 0.016338143862801819 -0.00080516006924739229 0.10201765015307401 0.0020061528747218871 0.0026064758286219658 -0.0053107806740241683 0.045394024400618571 0.014642126131933298 0.003521484546994759 0.10880044133269362 0.013913527096085294
leaf_weight=2945 1029 274 1647 10327 3392 8608 63 21983 736 1073 1462 1824 5783 26 64 57 3591 2072 881 585 3609 36 5171 3368 406 58 1124 118 56 576
leaf_count=2945 1029 274 1647 10327 3392 8608 63 21983 736 1073 1462 1824 5783 26 64 57 3591 2072 881 585 3609 36 5171 3368 406 58 1124 118 56 576
internal_value=-1.24408e-12 -0.00219863 0.0130275 -0.00390558 0.0106439 -0.00153428 0.0257249 -0.00528447 -0.0100128 0.00231646 -0.000237395 -0.00468184 -0.00197971 0.0448718 0.0348856 0.0492805 0.0118054 0.0139658 -0.00177599 0.00419124 -0.00338614 0.0745082 0.00392336 0.00465288 0.00705145 0.0133046 0.0188783 0.0394018 0.076541 0.00425781
internal_weight=82944 70967 11977 51498 10084 18935 1893 32563 3681 19469 7519 28882 6057 246 184 121 9055 5663 6899 1466 5433 62 11950 10877 5706 1762 1356 232 114 3944
internal_count=82944 70967 11977 51498 10084 18935 1893 32563 3681 19469 7519 28882 6057 246 184 121 9055 5663 6899 1466 5433 62 11950 10877 5706 1762 1356 232 114 3944
is_linear=0
shrinkage=0.05


Tree=45
num_leaves=31
num_cat=0
split_feature=2 0 3 2 2 2 4 4 2 136 4 47 158 160 161 161 17 3 152 59 4 4 18 0 3 4 20 70 158 0
split_gain=860.377 179.289 145.804 67.3642 45.9739 37.3024 33.5731 49.332 32.9188 31.2704 31.0592 35.7518 30.2418 28.8658 27.9194 28.3714 27.3248 26.2826 24.5124 23.4526 23.1589 25.8695 24.505 32.8206 55.282 38.0838 27.1855 35.0694 22.9776 30.2188
threshold=0.55865729442855694 1.9255171228092469 -0.43638204642906975 1.5009240506625046 -0.066152327495253127 4.2843765881725044 -1.1306715409837407 -1.4193536365540573 -0.87624568432862004 -0.065194375454153866 -0.57736419114063342 0.17905580957960124 -1.0174668528413875 1.0000000180025095e-35 1.6942532296406732 1.0000000180025095e-35 0.0073887331515568666 4.0676475521031596 0.11945129331488995 -0.024875157373398522 0.96227365190105629 -0.72170523892579219 0.032343843802662565 2.4867904811687107 3.0129642563911241 -0.21651157167773741 -0.0080668376652342812 0.10098883675853142 1.0792073135802653 0.79330981145966029
decision_type=2 2 2 2 2 2 2 2 2 2 2 2 2 2 2 2 2 2 2 2 2 2 2 2 2 2 2 2 2 2
left_child=2 3 8 6 -4 20 7 -2 28 -5 11 12 -11 16 15 -9 -12 18 -7 -19 21 -3 23 24 25 -23 27 -26 -1 -30
right_child=1 5 4 9 -6 17 -8 14 -10 10 13 -13 -14 -15 -16 -17 -18 19 -20 -21 -22 22 -24 -25 26 -27 -28 -29 29 -31
leaf_value=-0.0088059651159468708 0.010033322256512966 0.017503804488910941 -0.0017152503924848671 0.0072689761644399208 0.0020563968777417381 0.046151151286522085 0.0071550546222722035 -0.0060752619482878981 -0.0041106920180807452 0.0039186690253731997 0.0078065272898638184 0.007335598050485715 0.031512623451050617 0.005799041066089577 0.0053940467402746875 -0.027860679476650371 0.023015391766610827 0.034597371776516624 0.0075414467302541578 0.096916767675429588 0.011152503773233553 0.069027545735298193 0.019021488006868627 0.023197004231884321 0.14594654693551687 0.0040040950177506985 0.056052351735606055 0.057645590307021689 0.0073658868896205685 -0.027861500910522655
leaf_weight=6410 616 616 20861 1584 13187 122 8092 420 25475 115 472 288 727 955 266 232 789 26 62 36 393 32 251 197 23 76 101 22 427 71
leaf_count=6410 616 616 20861 1584 13187 122 8092 420 25475 115 472 288 727 955 266 232 789 26 62 36 393 32 251 197 23 76 101 22 427 71
internal_value=4.73876e-13 0.010214 -0.00253892 0.00830363 -0.000254468 0.0244228 0.00586939 -0.000912611 -0.00494083 0.0130566 0.0157964 0.0225425 0.0277439 0.0123565 -0.00825759 -0.0138271 0.0173226 0.0426282 0.0331414 0.0707828 0.0218053 0.0249818 0.0315437 0.0385128 0.0503916 0.0232703 0.0704538 0.102777 -0.0080022 0.00234351
internal_weight=82944 16513 66431 14556 34048 1957 9626 1534 32383 4930 3346 1130 842 2216 918 652 1261 246 184 62 1711 1318 702 451 254 108 146 45 6908 498
internal_count=82944 16513 66431 14556 34048 1957 9626 1534 32383 4930 3346 1130 842 2216 918 652 1261 246 184 62 1711 1318 702 451 254 108 146 45 6908 498
is_linear=0
shrinkage=0.05


Tree=46
num_leaves=31
num_cat=0
split_feature=2 2 2 2 1 4 4 159 5 156 4 5 4 127 4 5 158 161 4 0 4 155 66 56 0 23 4 158 0 157
split_gain=778.301 189.805 107.547 40.5304 42.6077 33.6985 62.461 65.6019 39.0546 62.9498 74.2882 169.557 90.2589 42.3348 34.6363 33.0552 29.4957 28.9631 51.0267 44.5581 30.7241 28.4687 27.2462 27.9213 34.9648 31.2699 27.1486 29.0458 28.2058 37.012
threshold=0.39009691172711686 1.9215687388713396 -0.53184314520850651 3.1142813650749193 2.5499110629431088 -1.1306715409837407 -1.4193536365540573 0.77009752177902324 0.85925218225391864 1.1133806251238731 -0.21651157167773741 1.121095921206507 -0.57736419114063342 -0.12402142146655055 0.96227365190105629 0.30505838731801377 0.19793268244154283 -0.76213734878580341 0.67359155633073942 0.75305586519439049 0.86604628671095063 0.67374889705840268 0.055668907116936263 -0.019652686647710724 2.4867904811687107 -0.2007913890114244 -0.74576208022331802 -1.7404918888865692 0.15627994228328809 -0.17427846833409141
decision_type=2 2 2 2 2 2 2 2 2 2 2 2 2 2 2 2 2 2 2 2 2 2 2 2 2 2 2 2 2 2
left_child=2 5 -1 -3 -5 6 -2 16 -7 14 11 21 -13 -14 26 -4 -8 18 19 -17 -20 -11 23 24 25 -6 27 -10 29 -28
right_child=1 3 15 4 22 8 7 -9 9 10 -12 12 13 -15 -16 17 -18 -19 20 -21 -22 -23 -24 -25 -26 -27 28 -29 -30 -31
leaf_value=-0.0050292551264867653 0.0098130552298661688 0.014733998449208075 -0.0021462790238606366 -0.0059691792273303818 0.1093234204997619 0.0017703935101276973 -0.029924417835663481 0.0042889254385140149 -0.011218328980005368 0.026186211008732158 0.011510008926285845 0.04573945001666916 0.095353029029251177 0.18512734534839792 0.011857535285497059 0.0061707671504457502 -0.0083678229488792673 -0.00064309374946194353 -0.012512107020269137 0.030982791106604665 0.0018061113596200716 -0.0088046027964586958 0.019854504770610806 0.022973811656881411 0.021832789682771248 0.049149666493541973 -0.01547125942661485 0.01278904278152323 0.0052187293571006972 0.0026929692595381496
leaf_weight=27557 1010 3233 21149 101 24 2739 291 661 139 194 1221 58 29 24 2370 3142 349 9814 572 192 1086 83 562 273 117 215 433 1346 3164 796
leaf_count=27557 1010 3233 21149 101 24 2739 291 661 139 194 1221 58 29 24 2370 3142 349 9814 572 192 1086 83 562 273 117 215 433 1346 3164 796
internal_value=2.38916e-12 0.0087563 -0.00267906 0.0177254 0.025211 0.00603373 0.000483682 -0.00675895 0.007052 0.00851962 0.0175663 0.0366251 0.0888395 0.136006 0.00675481 -0.000877798 -0.0181693 0.00093411 0.00403481 0.00759965 -0.00313359 0.0157016 0.0278551 0.0350035 0.0442286 0.0551922 0.0046974 0.0105419 0.00272174 -0.00370663
internal_weight=82944 19432 63512 4525 1292 14907 2311 1301 12596 9857 1609 388 111 53 8248 35955 640 14806 4992 3334 1658 277 1191 629 356 239 5878 1485 4393 1229
internal_count=82944 19432 63512 4525 1292 14907 2311 1301 12596 9857 1609 388 111 53 8248 35955 640 14806 4992 3334 1658 277 1191 629 356 239 5878 1485 4393 1229
is_linear=0
shrinkage=0.05


Tree=47
num_leaves=31
num_cat=0
split_feature=2 3 3 156 0 5 162 5 160 5 2 1 2 93 61 155 66 156 157 0 46 0 3 5 156 159 157 98 104 63
split_gain=703.541 157.102 116.49 46.7408 48.8448 42.5672 40.6659 37.7357 44.8434 37.2269 33.4868 32.6898 24.213 24.7609 40.775 26.951 25.0574 30.1675 23.9925 78.8828 51.4998 29.7645 52.5922 23.3818 22.652 21.6677 21.2634 20.8077 20.4035 18.8961
threshold=0.8739712444562534 -0.24747862434368514 2.8203810515138259 -0.50537016327236373 0.40002294133681632 -0.24472827403652589 -1.0444659357341868 -0.90745195762300301 1.0000000180025095e-35 0.9074519576230029 0.064733281979398191 -0.92055808308115339 3.6149727007184684 -0.067674253195479414 -0.0066052287779437028 0.24904257265081656 -0.024828527196664275 1.7077461606554207 1.7010387896716377 0.13141699629314629 0.038527634853630081 0.86494808874613149 2.1720319318373504 -1.0414542967589189 1.7077461606554207 -1.3476706631132902 -0.67395931651051355 -0.028822169752550742 0.12769930758154205 -0.10386397856605993
decision_type=2 2 2 2 2 2 2 2 2 2 2 2 2 2 2 2 2 2 2 2 2 2 2 2 2 2 2 2 2 2
left_child=1 3 9 4 -1 6 11 24 -9 25 -3 -5 -4 28 -15 16 17 -16 21 20 -20 22 27 -13 -8 -2 -6 -11 -14 -26
right_child=2 10 12 5 26 -7 7 8 -10 18 -12 23 13 14 15 -17 -18 -19 19 -21 -22 -23 -24 -25 29 -27 -28 -29 -30 -31
leaf_value=-0.0050814289659124774 -0.034606400357429373 -0.00060144621898322072 0.018653010356520099 -0.042444158760564669 0.009301943714216129 0.001682013503390837 -0.00105367446078052 -0.0069982698263045236 0.0085869178693074501 0.0011675210906288392 0.0028586927267810372 -0.011790917219646847 0.0078243141838659838 0.019729453801542899 0.12334019025006603 0.020533958206989215 0.049597964495916635 0.044575954603496941 0.028298007507941553 0.013328002439224568 0.11605892148800195 0.011454531110144675 -0.024850421802975226 -0.0029319478230327963 -0.0018793307312167833 0.0015875291908633935 -0.020121445772966665 0.0095317821148624467 0.049364767986903521 0.012304338293912764
leaf_weight=20196 43 15878 1400 70 67 5233 6339 4769 511 1113 12495 1688 147 158 31 47 103 20 35 674 32 5330 137 1333 374 1078 735 2240 37 631
leaf_count=20196 43 15878 1400 70 67 5233 6339 4769 511 1113 12495 1688 147 158 31 47 103 20 35 674 32 5330 137 1333 374 1078 735 2240 37 631
internal_value=-8.31228e-13 -0.0019512 0.0108678 -0.00389491 -0.00556199 -0.00222386 -0.00352449 -0.00226591 -0.00548993 0.00881946 0.000922342 -0.00866465 0.0221291 0.0310915 0.0387354 0.0536754 0.06379 0.0924523 0.00983016 0.0184715 0.0702137 0.00910417 0.00551465 -0.00788194 5.20051e-05 0.00019918 -0.0176634 0.00675534 0.0161776 0.00702604
internal_weight=82944 70319 12625 41946 20998 20948 15715 12624 5280 10682 28373 3091 1943 543 359 201 154 51 9561 741 67 8820 3490 3021 7344 1121 802 3353 184 1005
internal_count=82944 70319 12625 41946 20998 20948 15715 12624 5280 10682 28373 3091 1943 543 359 201 154 51 9561 741 67 8820 3490 3021 7344 1121 802 3353 184 1005
is_linear=0
shrinkage=0.05


Tree=48
num_leaves=31
num_cat=0
split_feature=2 3 3 0 2 2 4 161 159 3 0 1 1 5 0 159 2 156 1 4 156 124 157 0 1 1 4 5 4 63
split_gain=636.336 160.309 90.3478 47.5334 30.2343 29.2845 30.2758 28.996 45.7217 53.8816 35.6577 35.4774 32.047 29.673 28.8587 36.6141 27.0619 35.0865 26.5827 26.1912 25.1948 25.1363 23.8946 41.772 34.4914 31.0839 25.4153 26.3822 36.3401 29.9689
threshold=0.39009691172711686 1.678369505768156 -0.49250274579991199 1.8558287282039991 4.2843765881725044 1.650106801632915 -0.24056841297526424 -0.76213734878580341 0.38504876088951162 0.55969477915056032 1.6656405814953195 -0.1847825144926567 -0.61259321683284351 -0.24472827403652589 -0.17368238397676158 -1.2514084728909125 -1.2034679433491016 -1.0580783826687084 0.85393103415315119 -0.38490946076042204 0.30811198432798453 0.40478723631074337 -0.081021797575027532 0.80565153132253264 1.8398692159767098 3.1754622378610287 -1.1306715409837407 1.3668181053867372 0.62547787373568664 -0.15256935822962936
decision_type=2 2 2 2 2 2 2 2 2 2 2 2 2 2 2 2 2 2 2 2 2 2 2 2 2 2 2 2 2 2
left_child=2 5 16 22 -5 -2 21 8 9 14 13 -11 -12 -9 -4 19 17 -1 -8 -16 -15 -7 23 24 -3 -25 -24 28 29 -28
right_child=1 3 7 4 -6 6 18 10 -10 11 12 -13 -14 20 15 -17 -18 -19 -20 -21 -22 -23 26 25 -26 -27 27 -29 -30 -31
leaf_value=0.019279319159908312 0.0041784707898871089 0.0090978559806743371 -0.00069902458968259162 0.01879825347593133 0.037469922120510639 0.024680904434005984 0.055079753752107975 -0.0050394831161566468 -0.0019230279591536657 0.042657549540911409 0.043557540318579419 0.011751996749318568 0.0061600699606860071 -0.0023735058930231816 0.014227676757231909 0.0095566115614521673 -0.0041436135510947956 -0.014248720049847067 0.0047639394942153666 -0.01105970754126144 0.0021502277434620105 -0.0075362259758285427 0.00047017156955221959 0.012032182857860002 -0.029365852052871962 -0.020578929813965769 0.054849936346848462 0.0089116539800077298 0.0092763335999178475 0.024805587265766028
leaf_weight=84 12211 105 3473 1827 246 494 27 6289 6272 105 64 803 546 9496 135 1957 28212 1098 945 424 4554 69 246 1432 131 77 96 558 355 613
leaf_count=84 12211 105 3473 1827 246 494 27 6289 6272 105 64 803 546 9496 135 1957 28212 1098 945 424 4554 69 246 1432 131 77 96 558 355 613
internal_value=-7.08053e-13 0.00791753 -0.00242243 0.0149787 0.021014 0.00499671 0.0115058 -0.000672028 0.00116643 0.00397592 -0.00182772 0.0153259 0.0100837 -0.00218496 0.00225513 0.00633295 -0.00445415 -0.011866 0.0061616 -0.00495274 -0.000907237 0.0207324 0.0115158 0.0073088 -0.0122528 0.0103681 0.0154459 0.0177172 0.0223351 0.0288737
internal_weight=82944 19432 63512 5686 2073 13746 1535 34118 13169 6897 20949 908 610 20339 5989 2516 29394 1182 972 559 14050 563 3613 1745 236 1509 1868 1622 1064 709
internal_count=82944 19432 63512 5686 2073 13746 1535 34118 13169 6897 20949 908 610 20339 5989 2516 29394 1182 972 559 14050 563 3613 1745 236 1509 1868 1622 1064 709
is_linear=0
shrinkage=0.05


Tree=49
num_leaves=31
num_cat=0
split_feature=3 0 3 3 0 5 4 4 4 161 158 1 1 4 156 3 4 5 158 158 156 3 4 4 159 5 4 4 126 156
split_gain=565.559 123.381 101.609 31.8376 30.1301 40.5592 32.0428 31.5948 52.8257 48.7009 42.3457 29.447 28.7545 28.0175 47.8272 35.2552 26.9195 78.3069 45.4876 38.8642 26.4096 26.649 25.381 40.0859 54.4607 59.943 87.0052 63.4564 47.0707 46.6953
threshold=0.68510927030696012 1.8558287282039991 -0.43638204642906975 1.678369505768156 1.6656405814953195 0.36482234570003197 -1.1547283822812668 0.67359155633073942 0.96227365190105629 -0.76213734878580341 0.19793268244154283 -0.55514405607973194 0.10562610595809051 -0.74576208022331802 -0.89145085320713391 0.033580979362740827 -0.45707998465300159 0.9074519576230029 1.0792073135802653 0.19793268244154283 1.1133806251238731 -0.96967995513960481 0.6976483976282658 -0.72170523892579219 1.3476706631132906 1.3494002584222962 -0.09622736519010551 0.38490946076042243 -0.0029791974025996757 1.7077461606554207
decision_type=2 2 2 2 2 2 2 2 2 2 2 2 2 2 2 2 2 2 2 2 2 2 2 2 2 2 2 2 2 2
left_child=2 3 20 -2 5 -4 -7 9 -9 10 13 -6 -10 14 15 -8 17 -11 19 -19 21 -1 23 -3 25 26 28 -28 -25 -27
right_child=1 22 4 -5 11 6 7 8 12 16 -12 -13 -14 -15 -16 -17 -18 18 -20 -21 -22 -23 -24 24 -26 29 27 -29 -30 -31
leaf_value=-0.0070900926255443282 0.005228604322235441 0.013351506678539455 -0.0022022715018505321 0.010606046131528879 0.034907269115663241 -0.0034043098145709254 0.012650060009588649 -0.0083631064600489195 -0.0023691935345016846 -0.0023206154814700438 0.0040018137698504333 0.0052692404583385448 0.0061327025342966211 0.0193535864073794 0.015907477792085577 -0.036723291977371751 -0.0021416613988281697 0.030736541448960732 0.058815720834620833 0.0029301348291102137 0.00023241134207125139 -0.003628641981492849 0.01074183112221387 0.036370023650427658 0.018297891449037706 0.085482636322894212 -0.033815092802022211 0.045858817361907937 0.11277119900499072 0.038434823750405113
leaf_weight=7468 10280 649 16298 3759 90 2966 58 1562 1751 1023 2107 1218 2302 1074 313 96 2815 230 69 277 3259 21768 598 72 492 104 73 38 28 107
leaf_count=7468 10280 649 16298 3759 90 2966 58 1562 1751 1023 2107 1218 2302 1074 313 96 2815 230 69 277 3259 21768 598 72 492 104 73 38 28 107
internal_value=2.59198e-12 0.00838041 -0.00203408 0.00666844 -0.000133812 -0.000429328 0.00130686 0.00232853 -0.000551051 0.00433409 0.00860879 0.00730855 0.00245967 0.0149079 0.00468374 -0.0181281 0.000801217 0.00598208 0.020728 0.0155445 -0.00403692 -0.00451283 0.0195023 0.022854 0.0296014 0.0427798 0.0239354 -0.00653934 0.0577624 0.0616243
internal_weight=82944 16200 66744 14039 34249 32941 16643 13677 5615 8062 3648 1308 4053 1541 467 154 4414 1599 576 507 32495 29236 2161 1563 914 422 211 111 100 211
internal_count=82944 16200 66744 14039 34249 32941 16643 13677 5615 8062 3648 1308 4053 1541 467 154 4414 1599 576 507 32495 29236 2161 1563 914 422 211 111 100 211
is_linear=0
shrinkage=0.05


Tree=50
num_leaves=31
num_cat=0
split_feature=2 2 2 3 0 5 2 5 157 1 0 66 99 2 2 159 4 156 1 160 156 159 5 4 45 0 98 10 1 120
split_gain=526.386 117.819 87.3404 30.6244 30.3398 28.8118 28.6105 21.3456 21.1893 59.4824 31.4081 20.8962 26.8245 23.3386 20.6212 26.8158 38.406 23.4023 25.3054 22.8996 22.4733 19.249 19.0819 53.712 50.0877 55.3447 48.978 26.7412 20.564 19.5303
threshold=0.8739712444562534 -0.33166896431918219 2.5083282097764519 -0.77985881568620286 -0.47344181750909581 0.9074519576230029 -1.5003388811877352 -0.30505838731801371 1.7010387896716377 1.0393197749355225 0.13141699629314629 0.055668907116936263 1.0000000180025095e-35 4.2843765881725044 0.21904845369221773 -1.2514084728909125 -0.38490946076042204 1.0000000180025095e-35 1.634603963815197 1.0000000180025095e-35 1.7077461606554207 -1.3476706631132902 0.95394520574431452 -1.0825578583886879 0.028594219214531581 0.031385978651079983 -0.015643609870587254 0.029531885425168953 0.044348099929718866 -0.016109367476579085
decision_type=2 2 2 2 2 2 2 2 2 2 2 2 2 2 2 2 2 2 2 2 2 2 2 2 2 2 2 2 2 2
left_child=1 3 5 6 7 21 -1 -3 -7 -10 -11 12 13 -4 19 16 -16 18 -17 -6 -21 -2 28 -24 29 26 -26 -28 -19 -25
right_child=2 4 11 -5 14 8 -8 -9 9 10 -12 -13 -14 -15 15 17 -18 22 -20 20 -22 -23 23 24 25 -27 27 -29 -30 -31
leaf_value=-0.021209053463268339 -0.033069936342017596 -0.011128609355083289 0.024551466199293555 -0.0024547707905673366 -0.001648481094088863 0.0074128635462229631 -0.0050367659919082711 -0.0012547028832470585 0.080320891557151788 0.058029763133743334 0.010971965145566758 0.013053095922404565 0.013471162986891341 0.049818881246138293 0.0098788552112940436 0.0022355155333256475 -0.018525979669622186 0.013359049251492694 -0.022721820979271657 0.0015371908015841137 0.011614353461787949 0.0010441530491562356 -0.0051096866847133368 0.01714363518436585 0.010427318431902678 0.019900632148960984 0.12529284598735663 0.062986263333290229 0.0023346489975311414 -0.0013848988983113488
leaf_weight=279 43 590 663 25595 6921 7998 13819 7573 34 37 851 1278 537 106 192 4343 313 528 104 6045 609 1078 339 320 32 257 26 51 2127 256
leaf_count=279 43 590 663 25595 6921 7998 13819 7573 34 37 851 1278 537 106 192 4343 313 528 104 6045 609 1078 339 320 32 257 26 51 2127 256
internal_value=-1.53561e-12 -0.00168775 0.00940048 -0.00348551 0.000642236 0.00729079 -0.00535682 -0.00196836 0.00824027 0.0154177 0.0129327 0.0175984 0.0220463 0.0280344 0.00159092 0.00346316 -0.00772652 0.00413724 0.00165185 0.000365107 0.00245949 -0.000264416 0.00694529 0.0119573 0.0180992 0.032563 0.0624182 0.0840248 0.00452707 0.00890873
internal_weight=82944 70319 12625 39693 30626 10041 14098 8163 8920 922 888 2584 1306 769 22463 8888 505 8383 4447 13575 6654 1121 3936 1281 942 366 109 77 2655 576
internal_count=82944 70319 12625 39693 30626 10041 14098 8163 8920 922 888 2584 1306 769 22463 8888 505 8383 4447 13575 6654 1121 3936 1281 942 366 109 77 2655 576
is_linear=0
shrinkage=0.05


Tree=51
num_leaves=31
num_cat=0
split_feature=3 0 3 115 59 1 5 0 5 1 1 158 161 157 156 3 156 1 49 0 156 0 5 50 152 156 3 0 158 60
split_gain=461.94 103.494 84.0285 28.4708 31.245 33.3495 28.0967 25.965 34.508 27.0431 24.341 26.3911 23.6656 22.4102 21.4838 22.4038 21.2514 20.6135 20.1936 19.6203 19.5248 74.5114 129.54 46.0864 19.3055 19.2738 18.7616 17.7986 17.6529 15.7097
threshold=0.68510927030696012 1.8558287282039991 -0.43638204642906975 -0.064155941880557663 -0.056961482527807632 2.2016679155160683 -0.59600457818378783 1.6656405814953195 0.36482234570003197 -0.55514405607973194 -1.0823603647650073 -1.7404918888865692 -0.76213734878580341 -0.17427846833409141 -0.91243033262262674 0.19709210120413043 0.30811198432798453 0.85393103415315119 0.14513507871946238 -0.55290381333594241 1.1133806251238731 0.07702860807605269 1.121095921206507 -0.069076187011822179 -0.23688787029511668 1.1133806251238731 2.3967518165143766 1.0983238223114637 1.0792073135802653 -0.13566423583317386
decision_type=2 2 2 2 2 2 2 2 2 2 2 2 2 2 2 2 2 2 2 2 2 2 2 2 2 2 2 2 2 2
left_child=2 3 10 18 -5 6 -6 8 13 -9 11 -1 -7 -4 15 -10 -13 -15 24 -16 26 22 -22 -24 -2 28 -8 -26 -12 -14
right_child=1 -3 7 4 5 12 20 9 14 -11 25 16 29 17 19 -17 -18 -19 -20 -21 21 -23 23 -25 27 -27 -28 -29 -30 -31
leaf_value=-0.017486161751977675 0.0091827041101409466 0.01776007175843556 -0.00042206549746727609 0.004339590910866364 -0.0074190693038022407 0.013212499298812897 0.0087073987156259837 0.033246814530963696 -0.0048054366206028752 0.0048442767996738408 -0.0041981767050676732 -0.0043989320113110046 0.0050259305759666594 -0.0040011241084122835 -0.00038543191169926951 0.0028767835011956145 -0.041769350482485236 -0.047774471563321576 0.0084698566936317471 0.003723790604932796 0.007807845434855562 0.010689479775924181 0.058500084252623111 0.15257415935397148 -0.0028224493470423127 0.0003471944399366057 -0.024934414157732614 0.0043653347971164347 -0.00025900603891789364 0.040699675747053202
leaf_weight=619 696 2161 9352 3591 244 296 3125 90 2549 1218 23806 1550 37 6919 4551 1512 39 27 1407 8031 69 716 23 30 2132 3251 42 1445 3230 186
leaf_count=619 696 2161 9352 3591 244 296 3125 90 2549 1218 23806 1550 37 6919 4551 1512 39 27 1407 8031 69 716 23 30 2132 3251 42 1445 3230 186
internal_value=-1.53462e-12 0.00757389 -0.00183832 0.00600594 0.00786203 0.0105149 0.00905349 -0.000110251 -0.000384583 0.00679858 -0.00365967 -0.00872794 0.0224798 -0.00201993 0.00121687 -0.00194518 -0.00531614 -0.00417128 0.00327442 0.00223746 0.0100571 0.0168438 0.0529629 0.11175 0.00156368 -0.00329018 0.00826125 8.11984e-05 -0.00372756 0.0347807
internal_weight=82944 16200 66744 14039 8359 4768 4249 34249 32941 1308 32495 2208 519 16298 16643 4061 1589 6946 5680 12582 4005 838 122 53 4273 30287 3167 3577 27036 223
internal_count=82944 16200 66744 14039 8359 4768 4249 34249 32941 1308 32495 2208 519 16298 16643 4061 1589 6946 5680 12582 4005 838 122 53 4273 30287 3167 3577 27036 223
is_linear=0
shrinkage=0.05


Tree=52
num_leaves=31
num_cat=0
split_feature=2 2 3 161 0 4 159 4 123 5 1 3 5 0 158 5 0 0 4 5 4 4 0 5 139 4 99 78 5 23
split_gain=434.616 100.818 69.4585 30.4322 45.1919 40.4762 31.312 51.1238 31.3118 28.946 32.998 30.8331 26.5077 26.4946 27.6142 25.4682 25.4091 23.101 28.1615 25.3908 23.0845 26.6434 24.5461 40.6854 29.9177 27.2848 28.3991 25.6582 21.3152 20.9794
threshold=0.9452029766701352 -0.3962304818840659 2.8203810515138259 -0.76213734878580341 1.6656405814953195 0.62547787373568664 -1.2514084728909125 -0.38490946076042204 0.18440840245240669 -0.30505838731801371 1.2432604983724926 1.9952792160396224 0.95394520574431452 1.7612684997119359 1.0000000180025095e-35 -0.24472827403652589 -1.5973165353265955 -1.108073148417879 0.67359155633073942 1.2543280627517379 0.96227365190105629 -1.1306715409837407 1.4479213173329801 1.4032428797401197 0.051312535640160327 -0.64953471503321258 0.036719676750402434 0.0041781884486098474 -1.1210959212065064 1.0000000180025095e-35
decision_type=2 2 2 2 2 2 2 2 2 2 2 2 2 2 2 2 2 2 2 2 2 2 2 2 2 2 2 2 2 2
left_child=1 15 12 6 9 13 7 -3 -8 28 16 -12 -2 14 -6 -1 -11 -17 -19 -20 21 -4 -23 24 -24 -26 27 -27 -5 -29
right_child=2 3 20 4 5 -7 8 -9 -10 10 11 -13 -14 -15 -16 17 -18 18 19 -21 -22 22 23 -25 25 26 -28 29 -30 -31
leaf_value=-0.0041649810592451052 -0.00034687071653759916 0.0064748500849832044 0.0080193863236511665 -4.134044770678604e-05 0.051800315072862327 -0.01085256138715757 0.0013361135290655022 -0.010768031997550692 0.0066077520772443322 -0.013022358849348215 -0.017651937772313189 0.040729789113781112 0.0080173994419512739 0.010231668062362018 0.011396123129945201 -0.0035325178490040613 0.00031455767937843283 0.0045550276687591519 -0.0015655243226534894 -0.022112020430663095 0.0064818007010520283 0.0081458340031427458 0.023868199602263621 0.014654719473435591 0.019862449208803076 0.041251820488297647 0.0094366529583930978 0.062246737126260998 -0.0079182077978564563 0.10825590673532036
leaf_weight=26164 1059 704 350 1300 91 178 9133 1104 4073 366 392 24 8975 510 79 4944 14725 2789 1695 165 384 210 294 402 74 87 30 75 2531 37
leaf_count=26164 1059 704 350 1300 91 178 9133 1104 4073 366 392 24 8975 510 79 4944 14725 2789 1695 165 384 210 294 402 74 87 30 75 2531 37
internal_value=-2.80064e-12 -0.00148688 0.00881018 0.000412267 -0.000855148 0.0103736 0.00211712 -0.00405399 0.00296199 -0.00135335 -0.000391847 -0.0142838 0.00713462 0.0159298 0.0330242 -0.00335698 -8.90077e-06 -0.00115322 0.00137705 -0.0033882 0.017463 0.0201678 0.0236848 0.0269512 0.0352312 0.0462568 0.0547859 0.0616225 -0.0052453 0.0774462
internal_weight=82944 70967 11977 35210 20196 858 15014 1808 13206 19338 15507 416 10034 680 170 35757 15091 9593 4649 1860 1943 1559 1209 999 597 303 229 199 3831 112
internal_count=82944 70967 11977 35210 20196 858 15014 1808 13206 19338 15507 416 10034 680 170 35757 15091 9593 4649 1860 1943 1559 1209 999 597 303 229 199 3831 112
is_linear=0
shrinkage=0.05


Tree=53
num_leaves=31
num_cat=0
split_feature=2 5 4 156 3 0 4 158 0 5 1 5 4 161 0 21 4 1 1 4 5 158 157 0 0 0 4 4 24 1
split_gain=392.639 98.6774 61.0955 67.6726 59.1494 46.0282 50.5823 42.3264 36.5241 113.234 42.9116 32.8643 39.4473 31.1753 30.842 30.2152 26.3648 26.3404 25.7287 25.5117 46.8059 65.3483 28.9309 33.2861 24.7985 31.608 30.9515 30.6993 29.0004 26.5253
threshold=1.0075793976716814 0.36482234570003197 -1.1306715409837407 1.0000000180025095e-35 2.8203810515138259 -0.12700209531300499 0.55330734984310737 -0.277549793911822 0.021646708491782084 1.121095921206507 -0.20223801952916606 0.9986416979679581 0.072170523892579191 1.0801555850340541 1.6656405814953195 0.095429915977449944 -0.57736419114063342 -0.87129242424565223 -0.46647926253780397 -0.45707998465300159 0.9074519576230029 1.0792073135802653 0.50473852548825293 -0.5193620345470743 0.86494808874613149 0.70385570796402941 0.31273893686784326 -0.64953471503321258 -0.14111443408590549 2.0425026073378794
decision_type=2 2 2 2 2 2 2 2 2 2 2 2 2 2 2 2 2 2 2 2 2 2 2 2 2 2 2 2 2 2
left_child=1 7 -3 19 24 11 8 13 9 -7 -10 -5 16 -1 -9 -11 -13 -16 -15 20 -4 22 23 -22 25 28 27 -27 29 -2
right_child=4 2 3 5 -6 6 -8 14 10 15 -12 12 -14 18 17 -17 -18 -19 -20 -21 21 -23 -24 -25 -26 26 -28 -29 -30 -31
leaf_value=-0.0041059355349136713 -0.0018947673054635951 -0.0041668355821552075 -0.0023765786411743999 0.0046347163578237807 0.016589881172316894 0.017038728568075721 0.0038852089601507968 -0.0020659800943078235 0.041680848944400044 0.056270688649799144 0.010424716893478327 0.025830565947258185 0.021305638907005552 -0.010313771213134393 0.048027699732440803 0.12295851178015725 -0.022455299783474839 0.0036311277129051421 -0.045116060809655627 -0.00047433273726834793 0.016922084444363505 0.047381020697172399 0.026414161174974884 0.00031568311766549132 0.0089139374368407947 -0.0088338770865574023 0.0054694794451270318 -0.047467274746955619 0.0078734225774504899 -0.045698903076904447
leaf_weight=12878 524 4200 1330 1456 1943 294 1486 31782 119 35 1422 31 77 1542 34 33 321 1922 55 10856 428 110 181 1023 6050 159 199 76 2341 37
leaf_count=12878 524 4200 1330 1456 1943 294 1486 31782 119 35 1422 31 77 1542 34 33 321 1922 55 10856 428 110 181 1023 6050 159 199 76 2341 37
internal_value=-1.87018e-12 -0.00136826 0.00129573 0.00249054 0.00864929 0.00731421 0.0107978 -0.00266133 0.0161957 0.0304875 0.0128384 0.00105108 -0.0111116 -0.00492307 -0.00169094 0.0886339 -0.0182029 0.00440285 -0.0115123 0.000664005 0.00468673 0.0100795 0.00756529 0.00521406 0.0070055 0.00354445 -0.00904072 -0.0213281 0.00542659 -0.00478381
internal_weight=82944 71615 23402 19202 11329 5274 3389 48213 1903 362 1541 1885 429 14475 33738 68 352 1956 1597 13928 3072 1742 1632 1451 9386 3336 434 235 2902 561
internal_count=82944 71615 23402 19202 11329 5274 3389 48213 1903 362 1541 1885 429 14475 33738 68 352 1956 1597 13928 3072 1742 1632 1451 9386 3336 434 235 2902 561
is_linear=0
shrinkage=0.05


Tree=54
num_leaves=31
num_cat=0
split_feature=2 2 2 0 33 161 1 156 159 0 123 88 159 145 0 132 65 0 3 0 0 95 144 1 8 3 41 27 157 159
split_gain=355.622 79.4361 63.6571 27.1976 33.3723 23.1832 37.3892 28.608 26.3412 24.1453 20.7887 19.8601 19.4527 19.4206 24.9983 21.3551 23.0249 21.5675 28.7709 19.0761 19.0331 18.3882 23.9476 18.2449 17.0876 16.7033 16.6111 16.581 28.6969 54.9611
threshold=0.55865729442855694 2.5083282097764519 -0.53184314520850651 0.89471097004042988 -0.48840269554041255 -0.76213734878580341 1.2084748473567053 1.7077461606554207 -1.2514084728909125 1.5862685013412745 0.18440840245240669 -2.36043920622912 0.77009752177902324 -0.13404005425384036 0.93116348106933156 0.093447208672041857 -0.019806547751894468 2.4867904811687107 3.6202699090239405 -1.5973165353265955 1.4992753960408207 0.30468409820091807 -0.33722956963481487 0.078491737567464456 -0.07099767314850304 0.50611494240333155 0.061515566381320108 0.37142307173348044 1.7010387896716377 0.2887865706671337
decision_type=2 2 2 2 2 2 2 2 2 2 2 2 2 2 2 2 2 2 2 2 2 2 2 2 2 2 2 2 2 2
left_child=2 3 -1 4 -2 7 19 8 -4 -8 11 -10 -9 14 -3 16 -15 18 -18 -7 -13 -16 -23 -5 -20 -25 27 28 -6 -30
right_child=1 13 5 23 26 6 9 12 10 -11 -12 20 -14 15 21 -17 17 -19 24 -21 -22 22 -24 25 -26 -27 -28 -29 29 -31
leaf_value=-0.0034706211026138663 -0.0066523984613279328 -0.03394988238545401 -0.0049714614795677899 0.024960774985801196 0.00606094271769601 -0.0079170155039007036 -0.032775373797073383 0.016514163504905845 -0.020955067654853471 -0.00028998487127514987 0.0045374507785886703 0.0008968465029305418 0.0027111759261827227 0.0114136516081399 0.0068423467770181495 0.011027709454278334 0.026940599127053089 0.012732429004654251 0.091477568447589877 -0.0007874357551387759 -0.010647483771084808 0.010419274858531936 0.079134687036275866 -0.0016769836529818109 0.04332444781020027 0.0075539735841829618 5.2315669589584879e-05 -0.0034180114792849259 0.0076152456827093297 0.076210669038254172
leaf_weight=27557 821 35 1813 142 3591 978 154 489 111 91 3814 7453 534 367 564 822 457 201 27 23062 375 32 21 530 58 6503 1774 434 91 43
leaf_count=27557 821 35 1813 142 3591 978 154 489 111 91 3814 7453 534 367 564 822 457 201 27 23062 375 32 21 530 58 6503 1774 434 91 43
internal_value=-8.79113e-13 0.00656666 -0.0016323 0.005073 0.00279577 -0.000329149 -0.00127554 0.00124622 0.00063821 -0.0207094 0.00150355 4.60232e-05 0.00930908 0.0146182 0.00715657 0.0171363 0.02166 0.0267211 0.0319088 -0.00107748 0.000343816 0.00948838 0.0376461 0.0072166 0.0586201 0.00685834 0.0041032 0.00583108 0.0069087 0.0296272
internal_weight=82944 16513 66431 13929 6754 38874 24285 14589 13566 245 11753 7939 1023 2584 652 1932 1110 743 542 24040 7828 617 53 7175 85 7033 5933 4159 3725 134
internal_count=82944 16513 66431 13929 6754 38874 24285 14589 13566 245 11753 7939 1023 2584 652 1932 1110 743 542 24040 7828 617 53 7175 85 7033 5933 4159 3725 134
is_linear=0
shrinkage=0.05


Tree=55
num_leaves=31
num_cat=0
split_feature=2 5 2 161 156 158 0 161 2 1 1 159 156 1 0 2 0 0 158 65 93 29 0 2 0 29 138 80 17 115
split_gain=320.969 73.413 57.2042 44.5541 43.0119 36.9431 27.9427 27.9099 27.0355 24.4002 23.4301 22.5844 20.6562 19.2302 21.6631 21.4481 20.902 18.4456 18.364 19.4691 26.7154 30.4121 28.3668 22.2121 20.3717 19.8898 17.7553 17.4765 16.5361 18.7054
threshold=0.84357929247066077 0.36482234570003197 2.5083282097764519 -0.76213734878580341 1.0000000180025095e-35 -0.277549793911822 1.6656405814953195 1.0801555850340541 -0.60665813118241252 -0.61259321683284351 -0.39461565438645746 -1.3476706631132902 1.7077461606554207 0.95228406550261624 -0.5193620345470743 0.20363655943169659 1.6656405814953195 0.79330981145966029 1.0152913959681018 -0.02293655007998462 0.090184312505697348 -0.082635851411461583 2.4867904811687107 4.2843765881725044 0.73739952463425229 0.066144832917532315 0.028995020267050312 -0.95568010943468484 -0.22584410533862098 -0.064155941880557663
decision_type=2 2 2 2 2 2 2 2 2 2 2 2 2 2 2 2 2 2 2 2 2 2 2 2 2 2 2 2 2 2
left_child=1 5 11 4 27 7 -7 -1 -6 12 17 -2 -8 14 -5 -16 -15 -9 19 24 21 -21 23 -23 25 -4 -14 -3 -13 -30
right_child=2 3 18 13 8 6 9 10 -10 -11 -12 28 26 16 15 -17 -18 -19 -20 20 -22 22 -24 -25 -26 -27 -28 -29 29 -31
leaf_value=-0.0037697279264454092 -0.029384480627334637 0.010481106973368973 0.014899405531597201 -0.0019762295926917125 0.04266000971759832 -0.0018737341687587714 0.0076751837491853313 -0.013948384731531708 0.0093600629013842751 0.0029765522721158411 -0.064555648528039453 0.00043262632698851263 0.087673560976982118 -0.010089916563520001 -0.00081349000928272741 0.0056135309557889985 0.020506742222545046 -0.0025059254076136733 -0.0061981420724763793 0.0085573450716765372 0.0088130257012242318 0.031355783270488491 0.013469003378652977 0.064053508797186923 0.011607824981944561 -0.035084670360811289 0.026435936472262257 0.0011751531845291775 0.0035569450545961424 0.0082536500511501323
leaf_weight=12877 46 551 34 7380 63 31712 60 1046 1875 1784 20 1290 20 801 2736 2470 60 531 109 256 473 434 214 59 957 48 29 5980 3401 5628
leaf_count=12877 46 551 34 7380 63 31712 60 1046 1875 1784 20 1290 20 801 2736 2470 60 531 109 256 473 434 214 59 957 48 29 5980 3401 5628
internal_value=-2.17752e-13 -0.00133781 0.00723144 0.00106058 0.00390131 -0.00243107 -0.00152147 -0.00454294 0.0104426 0.00437971 -0.0107776 0.00557213 0.0273452 -0.000728525 -0.000233979 0.00223583 -0.00795775 -0.0100955 0.0138873 0.0147719 0.018544 0.0233236 0.0286703 0.0352689 0.00955843 -0.0143596 0.0514309 0.00196027 0.00572796 0.00648452
internal_weight=82944 69995 12949 21916 8469 48079 33605 14474 1938 1893 1597 10365 109 13447 12586 5206 861 1577 2584 2475 1436 963 707 493 1039 82 49 6531 10319 9029
internal_count=82944 69995 12949 21916 8469 48079 33605 14474 1938 1893 1597 10365 109 13447 12586 5206 861 1577 2584 2475 1436 963 707 493 1039 82 49 6531 10319 9029
is_linear=0
shrinkage=0.05


Tree=56
num_leaves=31
num_cat=0
split_feature=2 2 3 0 0 112 58 87 2 4 162 3 158 1 0 4 4 0 159 61 93 76 81 58 156 57 0 4 4 0
split_gain=290.525 73.8595 46.1013 22.1305 20.3809 28.2611 24.9057 23.8312 34.9256 23.6843 23.623 20.3197 23.7164 24.9087 19.7556 19.3016 23.1558 20.6269 33.8586 25.9254 31.7283 26.7234 22.7219 18.5847 16.9763 16.6731 16.4629 22.5299 20.9307 20.6158
threshold=1.0075793976716814 -0.36194792920752578 2.8203810515138259 -0.47344181750909581 0.86494808874613149 0.0074631529198498185 -0.071689657751243099 0.039007717387857403 1.9215687388713396 0.072170523892579191 -0.6963106238227913 -0.77985881568620286 -1.7404918888865692 -1.1441762741797261 0.27154823262650846 0.96227365190105629 -1.1306715409837407 1.4479213173329801 1.4439328533356688 -0.0056679132607665899 -0.067674253195479414 0.040607273932069164 -0.10400308761266064 0.12811397140335759 1.7077461606554207 -0.022217963670088586 0.30657967186751606 -0.81793260411589741 -0.21651157167773741 0.27820969831067233
decision_type=2 2 2 2 2 2 2 2 2 2 2 2 2 2 2 2 2 2 2 2 2 2 2 2 2 2 2 2 2 2
left_child=1 11 4 -3 5 6 -2 8 -8 10 -7 12 13 -1 -10 16 -4 -18 19 22 -21 -22 -19 -24 -14 -23 29 -28 -29 -15
right_child=2 3 15 -5 -6 9 7 -9 14 -11 -12 -13 24 26 -16 -17 17 18 -20 20 21 25 23 -25 -26 -27 27 28 -30 -31
leaf_value=-0.020796692769136794 -0.0072804011128077932 -0.0015927536657987429 0.0055981378658574877 0.0013083665034976828 0.0077189688881219264 -0.030023282768688521 0.0098165129336094253 0.0024921815604326708 0.053987311340231249 0.0026345383348306706 -0.0051839234908782903 -0.0018063151045594882 -0.0035809465147015086 -0.0049179949632349252 0.017567306889654837 0.0044090648666951894 0.0059577650702392149 0.037394442028848326 0.011979105392012246 0.012113615347472071 0.067073097538301027 0.07001990287005902 -0.0012280511651624694 0.036127911957187786 0.0083741627156459653 0.024321395247196311 -0.038931946113222732 0.0047857359450842653 -0.01967277355293778 0.040848347065970306
leaf_weight=363 291 8972 350 24590 6050 129 815 876 76 705 371 24110 11243 1563 73 384 210 112 402 74 114 25 128 45 305 99 81 147 216 25
leaf_count=363 291 8972 350 24590 6050 129 815 876 76 705 371 24110 11243 1563 73 384 210 112 402 74 114 25 128 45 305 99 81 147 216 25
internal_value=-7.03568e-13 -0.00117696 0.00744005 0.000532821 0.00598885 0.00285119 0.00631181 0.00846144 0.0138858 -0.00326879 -0.0115925 -0.00268496 -0.0042043 -0.00873241 0.036144 0.0144503 0.0169236 0.0202023 0.0231966 0.0307501 0.0407085 0.0495994 0.0198482 0.00848882 -0.00326519 0.0335348 -0.00657722 -0.0150885 -0.00976809 -0.00419749
internal_weight=82944 71615 11329 33562 9386 3336 2131 1840 964 1205 500 38053 13943 2395 149 1943 1559 1209 999 597 312 238 285 173 11548 124 2032 444 363 1588
internal_count=82944 71615 11329 33562 9386 3336 2131 1840 964 1205 500 38053 13943 2395 149 1943 1559 1209 999 597 312 238 285 173 11548 124 2032 444 363 1588
is_linear=0
shrinkage=0.05


Tree=57
num_leaves=31
num_cat=0
split_feature=2 3 5 160 156 4 4 2 4 161 4 156 3 121 3 4 4 159 2 5 63 115 59 100 111 5 5 157 81 14
split_gain=264.538 72.8118 44.9978 27.3545 32.8898 26.7074 35.7321 26.6887 26.2939 25.3855 77.6841 41.2031 34.811 26.0878 25.225 23.1127 64.379 44.2459 22.7923 22.0923 21.7047 19.7007 30.8556 25.0451 61.2089 57.0795 20.9935 22.9099 27.1106 32.4371
threshold=0.39009691172711686 1.678369505768156 0.30505838731801377 1.0000000180025095e-35 1.1133806251238731 0.96227365190105629 -1.1306715409837407 -0.77921428454073516 -0.45707998465300159 -0.76213734878580341 0.67359155633073942 1.1133806251238731 0.1236348624066549 -2.0109869895642167 2.2740615210686186 -1.4193536365540573 -1.1547283822812668 0.77009752177902324 1.5465420234017764 1.3494002584222962 -0.20708657545395701 -0.059001527534467808 -0.11162812655680276 -0.02812019924801943 -0.01348283248695308 1.3068553720383922 1.3668181053867372 -0.081021797575027532 -0.0265054280484152 0.014595795760638868
decision_type=2 2 2 2 2 2 2 2 2 2 2 2 2 2 2 2 2 2 2 2 2 2 2 2 2 2 2 2 2 2
left_child=2 15 7 21 14 6 -6 -1 19 10 11 20 13 -12 -5 18 17 -17 -2 -8 -4 26 -23 -24 -25 -26 27 28 -3 -30
right_child=1 3 9 4 5 -7 8 -9 -10 -11 12 -13 -14 -15 -16 16 -18 -19 -20 -21 -22 22 23 24 25 -27 -28 -29 29 -31
leaf_value=-0.0044862261275847642 0.0064911514339147831 0.011800598874410142 0.012533269798026068 -0.0030495784483946411 -0.010698695118592767 -0.0052529228507171809 0.03681990178051666 -0.0016949200681455373 0.0097428963495785493 -0.00074961661032669612 0.026640750590844881 0.027477815829920801 0.001489897733451687 -0.013687579973867957 -0.037928403455477495 -0.019670901821237957 0.0036748405388745404 0.00015774350058841242 0.024847234007784925 0.00090883400580086919 0.0037537676230306842 0.0082504507498439624 0.014243112674911407 0.018100436468558193 0.11257913958500415 0.038612152490480056 0.011336157473714789 0.0079207489087007414 0.011395554041097824 -0.04360579149081157
leaf_weight=11406 779 67 953 256 143 290 207 34363 490 11900 42 239 1028 887 65 513 11615 623 216 54 2694 986 805 407 34 112 1337 304 38 91
leaf_count=11406 779 67 953 256 143 290 207 34363 490 11900 42 239 1028 887 65 513 11615 623 216 54 2694 986 805 407 34 112 1337 304 38 91
internal_value=4.23379e-12 0.00510494 -0.0015619 0.00986373 0.0040834 0.00793206 0.0122091 -0.00239054 0.016571 0.000575622 0.00327464 0.00736594 -0.00484944 -0.0118643 -0.0101123 0.00313647 0.00256375 -0.00879657 0.010476 0.02939 0.00604795 0.0119444 0.0149828 0.019871 0.0280635 0.0558373 0.00806744 -0.000673096 -0.0140023 -0.0274038
internal_weight=82944 19432 63512 5686 1505 1184 894 45769 751 17743 5843 3886 1957 929 321 13746 12751 1136 995 261 3647 4181 2344 1358 553 146 1837 500 196 129
internal_count=82944 19432 63512 5686 1505 1184 894 45769 751 17743 5843 3886 1957 929 321 13746 12751 1136 995 261 3647 4181 2344 1358 553 146 1837 500 196 129
is_linear=0
shrinkage=0.05


Tree=58
num_leaves=31
num_cat=0
split_feature=2 0 5 161 4 0 3 1 158 4 3 0 139 4 4 5 159 4 158 3 4 4 5 118 4 86 126 162 0 1
split_gain=239.445 57.6421 51.4912 28.7403 68.9421 51.3895 38.7237 32.9035 26.9189 25.6102 23.9253 23.6386 28.3049 22.9479 28.1214 29.4628 53.7264 77.4481 41.3732 52.9199 38.983 36.2519 23.9517 21.7951 21.1623 21.0173 20.9252 20.4241 25.453 25.2993
threshold=0.55865729442855694 1.9255171228092469 0.30505838731801377 -0.76213734878580341 0.64953471503321303 0.75305586519439049 0.19709210120413043 1.2084748473567053 -0.277549793911822 -0.81793260411589741 -1.5868423785307451 0.90431118045658521 -0.022851671154435545 0.6976483976282658 -0.72170523892579219 1.3937669968156989 1.0588840924461571 -0.12028420648763188 1.0000000180025095e-35 3.6202699090239405 0.38490946076042243 0.40896630205794887 1.3816171070226451 -0.3010718674756287 1.0344441757936356 0.27838586485492306 -0.0029791974025996757 -1.0444659357341868 0.49086316857947193 -1.0051512700193506
decision_type=2 2 2 2 2 2 2 2 2 2 2 2 2 2 2 2 2 2 2 2 2 2 2 2 2 2 2 2 2 2
left_child=2 11 8 4 5 23 -6 -5 9 10 -1 12 25 14 -3 16 17 26 21 -20 -19 -18 -21 -4 -8 -2 -16 28 -10 -30
right_child=1 13 3 7 6 -7 24 -9 27 -11 -12 -13 -14 -15 15 -17 18 20 19 22 -22 -23 -24 -25 -26 -27 -28 -29 29 -31
leaf_value=-0.028204489722060425 0.00093057287518728219 0.0085986042569296504 0.012140837564745783 -0.00028204040912901035 -0.010155605998652272 0.028412343013430909 -0.0026713688478636603 -0.018562935301985321 -0.0022937238327407528 -0.0027965960455987857 -0.0068425005169133399 0.0062600442268976424 0.004621484727712206 0.0042394993417499641 0.032991290956269952 0.012541563416453599 0.0089246398853984749 -0.024904341256136404 0.12612189832594126 0.065600979270349288 0.036250934375982195 0.073716584804157423 0.0032808673168931695 0.0037257708569730327 0.01006635676666324 -0.0090424423942671618 0.083581754589273083 -0.00064672393308255023 -0.05083553620821072 -0.0084012805791253004
leaf_weight=136 1822 623 993 12720 1145 262 835 251 7954 10368 3618 7498 4492 503 60 386 77 102 31 58 35 30 21 3418 535 744 31 22715 36 1445
leaf_count=136 1822 623 993 12720 1145 262 835 251 7954 10368 3618 7498 4492 503 60 386 77 102 31 58 35 30 21 3418 535 744 31 22715 36 1445
internal_value=3.09532e-12 0.00538831 -0.00133939 0.000769605 0.00330569 0.00689805 -0.00336909 -0.000635791 -0.0022582 -0.00407783 -0.0076164 0.00430513 0.00222834 0.0134449 0.0166295 0.0226502 0.0314186 0.0144695 0.0492269 0.0707594 -0.00928073 0.0270906 0.0490349 0.00562016 0.00230285 -0.00196106 0.0502254 -0.00145893 -0.00341433 -0.00943277
internal_weight=82944 16513 66431 20159 7188 4673 2515 12971 46272 14122 3754 14556 7058 1957 1454 831 445 228 217 110 137 107 79 4411 1370 2566 91 32150 9435 1481
internal_count=82944 16513 66431 20159 7188 4673 2515 12971 46272 14122 3754 14556 7058 1957 1454 831 445 228 217 110 137 107 79 4411 1370 2566 91 32150 9435 1481
is_linear=0
shrinkage=0.05


Tree=59
num_leaves=31
num_cat=0
split_feature=3 0 3 0 1 5 4 156 4 158 0 158 0 0 115 59 5 4 4 4 4 161 1 4 5 0 126 156 5 4
split_gain=214.406 50.4639 42.0647 23.4782 31.1007 27.4348 30.7701 24.9903 22.5374 22.2974 21.8833 21.3639 24.6519 22.5514 20.9554 25.6622 23.2606 20.5436 31.3205 20.2795 41.7799 33.1421 32.0032 29.0445 68.4401 37.0028 24.5657 19.0207 89.3965 18.5308
threshold=0.68510927030696012 1.8558287282039991 -0.70036165988800125 1.6656405814953195 -0.61259321683284351 0.42390874111036964 -1.1306715409837407 -0.91243033262262674 -1.275012588768899 0.74090168677658708 -0.68419828511319658 -1.7404918888865692 0.30657967186751606 0.23739498092371586 -0.064155941880557663 -0.056961482527807632 -0.59600457818378783 0.12028420648763201 -0.14434104778515874 0.67359155633073942 0.96227365190105629 -0.76213734878580341 -0.19329283174120779 -0.48113682595052798 0.95394520574431452 -0.98494078325700551 1.1289919102948296 1.1133806251238731 1.121095921206507 -0.96227365190105607
decision_type=2 2 2 2 2 2 2 2 2 2 2 2 2 2 2 2 2 2 2 2 2 2 2 2 2 2 2 2 2 2
left_child=2 14 11 5 -5 -4 8 29 -7 10 -10 12 13 -1 17 -16 -17 18 -2 21 26 22 -9 24 -23 -26 -21 -25 -29 -8
right_child=1 -3 3 4 -6 6 7 19 9 -11 -12 -13 -14 -15 15 16 -18 -19 -20 20 -22 23 -24 27 25 -27 -28 28 -30 -31
leaf_value=-0.0056869643769536862 0.0010931498997382963 0.012272787889481407 -0.0016157973730396933 0.034769471022733596 0.003849205681206089 -0.0012228025257170218 0.013104820624769975 0.022028207588042178 -0.035689316890560666 0.0025855507887240919 -0.011193227182696608 -0.0025221828728362633 -0.015783096057285003 0.020858561079486287 0.0024651729618253878 -0.0069758994701916268 0.0088727460019089859 0.0049370138367490005 -0.012924789662632727 -0.0046432379954472348 0.0036460632206959036 0.0016453498845467379 0.0069603973300390838 -0.0031371110046840992 0.045651303724614234 0.0099840174680193485 -0.02560994331556353 0.0022941103699018381 0.098758159377253976 -0.002141678638139325
leaf_weight=2219 2558 2161 28674 86 1496 2561 210 428 117 212 413 16099 646 83 3591 244 4524 2650 472 943 2942 935 1995 1978 159 134 164 315 26 3909
leaf_count=2219 2558 2161 28674 86 1496 2561 210 428 117 212 413 16099 646 83 3591 244 4524 2650 472 943 2942 935 1995 1978 159 134 164 315 26 3909
internal_value=3.12018e-13 0.00515994 -0.00125241 -0.000459198 0.00553008 -0.000664663 0.000899055 0.00191416 -0.00344593 -0.011119 -0.0166009 -0.00323876 -0.00715197 -0.00472985 0.00406507 0.00565745 0.0080617 0.00172163 -0.0010905 0.00326202 0.000530529 0.00511458 0.00962198 0.00203551 0.00825311 0.0293393 -0.00774942 -0.00125694 0.00964914 -0.00136436
internal_weight=82944 16200 66744 47697 1582 46115 17441 14138 3303 742 530 19047 2948 2302 14039 8359 4768 5680 3030 10019 4049 5970 2423 3547 1228 293 1107 2319 341 4119
internal_count=82944 16200 66744 47697 1582 46115 17441 14138 3303 742 530 19047 2948 2302 14039 8359 4768 5680 3030 10019 4049 5970 2423 3547 1228 293 1107 2319 341 4119
is_linear=0
shrinkage=0.05


Tree=60
num_leaves=31
num_cat=0
split_feature=2 5 4 156 3 3 161 156 1 1 0 3 2 158 4 0 2 4 4 5 157 5 0 3 157 5 87 87 0 4
split_gain=197.655 52.5802 46.2528 52.362 34.5586 32.5429 28.5151 26.0194 31.2591 25.2309 22.1335 20.6874 20.4904 19.2418 22.4466 18.1046 20.4358 17.1991 23.8411 23.6323 27.749 20.8916 23.9531 20.3423 20.0068 18.3069 16.6081 48.3998 28.6992 20.2081
threshold=1.0075793976716814 0.36482234570003197 -1.1306715409837407 1.0000000180025095e-35 1.7801869735868816 2.8203810515138259 -0.76213734878580341 1.7077461606554207 -0.92055808308115339 1.0393197749355225 0.95849667322277543 -1.0738258257772126 -0.59157750407432041 0.37100531152934357 -1.4193536365540573 0.95849667322277543 0.21904845369221773 0.67359155633073942 0.96227365190105629 0.85925218225391864 -0.67395931651051355 1.1922423828014177 0.13141699629314629 0.14667010871091243 1.0000000180025095e-35 1.3068553720383922 -0.07607107555684256 0.039007717387857403 0.90431118045658521 0.67359155633073942
decision_type=2 2 2 2 2 2 2 2 2 2 2 2 2 2 2 2 2 2 2 2 2 2 2 2 2 2 2 2 2 2
left_child=1 7 13 10 6 26 12 11 -9 -8 17 -1 -5 14 -3 16 -16 24 -19 -20 -21 22 -22 -23 25 -4 -2 29 -29 -28
right_child=5 2 3 4 -6 -7 9 8 -10 -11 -12 -13 -14 -15 15 -17 -18 18 19 20 21 23 -24 -25 -26 -27 27 28 -30 -31
leaf_value=-0.0052151845327370848 0.001544717699865197 -0.0021016954587470328 -0.00044284906154583938 0.038237875758204615 0.035981596958057104 0.012026621320823572 0.0037980783625724194 0.057338096052408222 0.0012824657614603351 -0.016574688206783324 -0.0058886082279857744 -0.0018924776715422047 0.0094797318840817556 0.00043233456154022191 -0.0083181474689118153 0.010881574796734468 -0.022634287598042716 -0.0071925089875403709 -0.0041751920940982703 0.014930633342717568 0.0089900230968235142 -0.01846346300960747 -0.020478901222936417 0.00052063576201246211 0.0060489789296396127 0.0079085604265283181 0.015840833992370081 -0.0012677613109630954 0.0066175489144841421 0.0032016919793526957
leaf_weight=5342 2628 1358 4726 64 96 1943 3030 25 4787 160 1269 38059 1924 1648 732 84 378 1283 1372 473 744 212 76 422 2589 762 1456 1861 3037 404
leaf_count=5342 2628 1358 4726 64 96 1943 3030 25 4787 160 1269 38059 1924 1648 732 84 378 1283 1372 473 744 212 76 422 2589 762 1456 1861 3037 404
internal_value=1.78898e-12 -0.000970791 0.000973828 0.00201342 0.00625648 0.00613674 0.00570538 -0.00191468 0.00157369 0.00277625 0.000406738 -0.00230145 0.0104055 -0.0037791 -0.0064987 -0.0114997 -0.0131934 0.00103781 -0.00140911 0.000840091 0.00441091 0.000988745 0.00625876 -0.00582736 0.00242593 0.000716731 0.00491748 0.00622905 0.00362152 0.0130956
internal_weight=82944 71615 23402 19202 5274 11329 5178 48213 4812 3190 13928 43401 1988 4200 2552 1194 1110 12659 4582 3299 1927 1454 820 634 8077 5488 9386 6758 4898 1860
internal_count=82944 71615 23402 19202 5274 11329 5178 48213 4812 3190 13928 43401 1988 4200 2552 1194 1110 12659 4582 3299 1927 1454 820 634 8077 5488 9386 6758 4898 1860
is_linear=0
shrinkage=0.05


Tree=61
num_leaves=31
num_cat=0
split_feature=2 161 0 5 159 156 159 4 4 156 3 2 0 162 0 4 4 0 4 5 5 0 0 157 4 4 157 5 4 162
split_gain=179.048 46.9221 42.8939 39.2853 34.1659 45.4875 40.7555 37.1527 40.0128 39.4364 33.7847 28.8943 28.031 27.604 29.2696 31.8032 26.8447 23.5372 27.4559 23.0792 20.522 20.3153 33.648 50.0931 27.7254 43.464 31.1134 55.5061 47.5053 40.6368
threshold=0.8739712444562534 -0.76213734878580341 1.6379983261341404 -0.24472827403652589 0.38504876088951162 -0.91243033262262674 -1.1551462826685344 0.64953471503321303 1.0103873344961092 1.0000000180025095e-35 1.4061233754843154 -0.62213468932413452 1.7273137874823077 0.69631062382279152 1.4721067524511755 0.38490946076042243 -0.38490946076042204 0.75305586519439049 -0.12028420648763188 0.70535813777146761 -1.2818148012909092 0.86494808874613149 0.064578719106190979 1.7010387896716377 0.6976483976282658 -1.1306715409837407 -0.081021797575027532 1.3937669968156989 0.38490946076042243 1.0000000180025095e-35
decision_type=2 2 2 2 2 2 2 2 2 2 2 2 2 2 2 2 2 2 2 2 2 2 2 2 2 2 2 2 2 2
left_child=1 4 3 -3 5 -1 16 17 19 -10 -2 -6 -4 14 -5 -16 -7 -8 -19 -9 -14 22 23 -12 25 -23 28 -28 -27 -30
right_child=10 2 12 13 11 6 7 8 9 -11 21 -13 20 -15 15 -17 -18 18 -20 -21 -22 24 -24 -25 -26 26 27 -29 29 -31
leaf_value=-0.003050065233783266 0.0027827194002029557 -0.0034496543237914389 0.028052109153023239 0.00090881736126612012 -0.0057421385007017925 0.0062832678710450195 0.0081001170284954495 -0.014220577693022617 0.00047654043193155689 0.018978206319830868 0.006493612131681684 0.00037493049065721933 0.010849279255283775 -0.0030396636318086099 -0.043125684999070969 -0.0010432552683946248 -0.0052314397984022471 0.008653315459501305 0.030323621049927266 0.00068089662646829082 -0.0040174807366019178 0.0023403705845965305 -0.0053792084074660573 0.068676929507786644 0.0038352416837613441 0.0048715757044759701 0.027221852995836848 0.006349500776627469 0.03326198360974944 -0.012194363507678954
leaf_weight=2457 6042 24821 149 14910 2506 785 3314 432 707 486 191 8406 565 7541 79 104 1425 307 279 652 394 1000 615 39 1776 1215 900 493 295 59
leaf_count=2457 6042 24821 149 14910 2506 785 3314 432 707 486 191 8406 565 7541 79 104 1425 307 279 652 394 1000 615 39 1776 1215 900 493 295 59
internal_value=-1.58953e-12 -0.000984331 -0.00184882 -0.00207588 0.00094535 0.00293297 0.00468573 0.00677054 0.00169564 0.00801368 0.00548255 -0.00102989 0.0078761 -0.000569368 0.00066488 -0.01921 -0.00114137 0.0097335 0.0189707 -0.0052577 0.00474135 0.0079605 0.000722446 0.0170377 0.00902641 0.0113534 0.0143963 0.0198349 0.00956774 0.0256859
internal_weight=82944 70319 48563 47455 21756 10844 8387 6177 2277 1193 12625 10912 1108 22634 15093 183 2210 3900 586 1084 959 6583 845 230 5738 3962 2962 1393 1569 354
internal_count=82944 70319 48563 47455 21756 10844 8387 6177 2277 1193 12625 10912 1108 22634 15093 183 2210 3900 586 1084 959 6583 845 230 5738 3962 2962 1393 1569 354
is_linear=0
shrinkage=0.05


Tree=62
num_leaves=31
num_cat=0
split_feature=2 161 0 5 0 159 156 159 4 4 156 3 2 162 4 0 4 0 4 5 4 156 158 159 0 2 65 93 29 2
split_gain=161.59 42.3472 38.9016 35.5515 33.0498 30.8347 41.0524 36.7818 33.5303 36.1115 35.5913 30.4907 26.0771 24.9587 24.2273 22.6237 26.8597 21.2423 24.7789 20.829 19.5039 20.2602 18.8275 19.4204 23.7644 19.4298 18.826 25.6353 24.5203 24.9463
threshold=0.8739712444562534 -0.76213734878580341 1.6656405814953195 -0.24472827403652589 1.7273137874823077 0.38504876088951162 -0.91243033262262674 -1.1551462826685344 0.64953471503321303 1.0103873344961092 1.0000000180025095e-35 1.4061233754843154 -0.62213468932413452 0.69631062382279152 -0.38490946076042204 1.4721067524511755 0.38490946076042243 0.75305586519439049 -0.12028420648763188 0.70535813777146761 -0.81793260411589741 -1.0580783826687084 -0.277549793911822 0.77009752177902324 0.20345515022113561 -0.26135395489560898 -0.019806547751894468 0.090184312505697348 -0.10900499186086318 4.2843765881725044
decision_type=2 2 2 2 2 2 2 2 2 2 2 2 2 2 2 2 2 2 2 2 2 2 2 2 2 2 2 2 2 2
left_child=1 5 3 22 -4 6 -1 14 17 19 -11 -2 20 15 -8 -5 -17 -9 -19 -10 21 -7 -3 25 -25 -24 -13 28 -28 -30
right_child=11 2 4 13 -6 12 7 8 9 10 -12 26 -14 -15 -16 16 -18 18 -20 -21 -22 -23 23 24 -26 -27 27 -29 29 -31
leaf_value=-0.0028975619781036748 0.0026435834383896346 -0.0053203843248166034 0.032134109633196087 0.0008633764986186647 0.0045042832712468657 0.027390099676518606 0.0059691044970735865 0.007695111177949774 -0.013509548822252396 0.00045271340981012224 0.018029296073661123 0.0044631902394024004 0.00035618398292087397 -0.0028876804438400421 -0.0049698678003624085 -0.034239547347447073 0.0015500240273551521 0.0082206496897385632 0.028807439966202698 0.00064685179261302159 -0.0029964213776895055 -0.015460998948778859 -0.0022929328031738557 0.028095479212240895 0.0014744119884077952 -0.0082152322665846166 0.0039120983385204922 0.0036523213196864566 0.014182847562772613 0.043388690566644073
leaf_weight=2457 6042 7753 122 14910 959 29 785 3314 432 707 486 2809 8406 7541 1425 101 109 307 279 652 1912 565 13998 89 1444 1537 620 1152 1926 76
leaf_count=2457 6042 7753 122 14910 959 29 785 3314 432 707 486 2809 8406 7541 1425 101 109 307 279 652 1912 565 13998 89 1444 1537 620 1152 1926 76
internal_value=-5.06915e-14 -0.000935114 -0.00175638 -0.0019699 0.00762254 0.000898083 0.00278633 0.00445144 0.00643201 0.00161086 0.007613 0.00520842 -0.000978393 -0.00053803 -0.00108431 0.000633843 -0.0156631 0.00924682 0.0180222 -0.00499481 -0.00545503 -0.0133689 -0.00327717 -0.00234906 0.00301993 -0.00287887 0.00756248 0.00986928 0.0126008 0.0152916
internal_weight=82944 70319 48563 47482 1081 21756 10844 8387 6177 2277 1193 12625 10912 22661 2210 15120 210 3900 586 1084 2506 594 24821 17068 1533 15535 6583 3774 2622 2002
internal_count=82944 70319 48563 47482 1081 21756 10844 8387 6177 2277 1193 12625 10912 22661 2210 15120 210 3900 586 1084 2506 594 24821 17068 1533 15535 6583 3774 2622 2002
is_linear=0
shrinkage=0.05


Tree=63
num_leaves=31
num_cat=0
split_feature=2 161 0 5 2 159 156 3 159 4 156 2 162 0 4 4 3 0 159 162 4 156 158 5 4 4 162 162 4 157
split_gain=145.835 38.2183 35.2239 31.9548 28.8169 27.8283 37.1354 26.2723 24.8799 24.4711 24.1869 23.5346 22.4482 24.4148 26.1904 20.2199 26.6349 29.4018 19.175 17.6699 17.6023 18.2848 16.9919 17.5269 22.9589 33.7543 40.0706 27.0741 66.8049 17.7008
threshold=0.8739712444562534 -0.76213734878580341 1.6379983261341404 -0.24472827403652589 2.5083282097764519 0.38504876088951162 0.30811198432798453 1.7801869735868816 -1.2514084728909125 0.67359155633073942 -0.91243033262262674 -0.62213468932413452 0.69631062382279152 1.4721067524511755 0.38490946076042243 0.62547787373568664 0.52326204651530439 1.7273137874823077 -1.3476706631132902 -0.6963106238227913 -0.81793260411589741 -1.0580783826687084 -0.277549793911822 -1.2818148012909092 -0.21651157167773741 -1.4193536365540573 1.0000000180025095e-35 1.0000000180025095e-35 -0.81793260411589741 -0.44226394673368169
decision_type=2 2 2 2 2 2 2 2 2 2 2 2 2 2 2 2 2 2 2 2 2 2 2 2 2 2 2 2 2 2
left_child=1 5 3 22 18 6 8 15 -1 10 -10 20 13 -5 -15 16 17 -4 -2 -18 21 -7 -3 24 25 26 -24 -27 -29 -26
right_child=4 2 7 12 -6 11 -8 -9 9 -11 -12 -13 -14 14 -16 -17 19 -19 -20 -21 -22 -23 23 -25 29 27 -28 28 -30 -31
leaf_value=-0.0044488621995683797 -0.029581274767947752 -0.0050543651041786951 0.046797284212023504 0.00082020767055162539 0.0096569071114364219 0.026020594866111364 0.008013411626873565 0.062537066886822382 -0.0010922616653707496 -0.0017217573243268017 0.0070396594113534038 0.00033837477654740815 -0.0027432964180703267 -0.039257423431152787 -0.0010685937985097274 -0.0064363256042138731 -0.022925314666581868 0.010700516408072605 0.0038794802832667085 0.012313825731840113 -0.0028466002825267601 -0.014687949037663557 0.016656067464869508 -0.0027349289309970925 0.0019751273748389556 0.0016353821687614422 -0.023666059538498051 0.041989456102802969 0.0018535678784178237 -0.016201455032503514
leaf_weight=1650 43 7753 62 14910 2584 29 2485 21 1303 2340 3066 8406 7541 79 104 249 92 626 9998 58 1912 565 101 15535 340 298 158 202 213 221
leaf_count=1650 43 7753 62 14910 2584 29 2485 21 1303 2340 3066 8406 7541 79 104 249 92 626 9998 58 1912 565 101 15535 340 298 158 202 213 221
internal_value=2.54066e-12 -0.000888359 -0.00166856 -0.00187432 0.004948 0.000853179 0.00264701 0.0071441 0.00105166 0.00240445 0.00461441 -0.000929474 -0.000515612 0.000597418 -0.0175545 0.00607395 0.0097912 0.0139534 0.00373619 -0.00929951 -0.00518228 -0.0127005 -0.00311331 -0.00223161 0.00286893 0.00751754 -0.00794199 0.0131333 0.0213896 -0.00518534
internal_weight=82944 70319 48563 47455 12625 21756 10844 1108 8359 6709 4369 10912 22634 15093 183 1087 838 688 10041 150 2506 594 24821 17068 1533 972 259 713 415 561
internal_count=82944 70319 48563 47455 12625 21756 10844 1108 8359 6709 4369 10912 22634 15093 183 1087 838 688 10041 150 2506 594 24821 17068 1533 972 259 713 415 561
is_linear=0
shrinkage=0.05


Tree=64
num_leaves=31
num_cat=0
split_feature=2 5 4 156 3 2 0 0 5 24 5 4 156 5 0 156 1 0 52 158 4 5 0 4 1 63 3 5 66 47
split_gain=132.033 36.1833 37.486 37.0556 29.2892 24.4408 23.6584 34.1508 57.9054 52.0603 30.533 35.8361 23.667 22.8886 22.6444 20.4275 26.4822 18.2044 16.9483 16.3505 18.2545 17.3035 20.2973 16.18 26.8526 15.6275 15.3942 14.8851 15.0277 14.6531
threshold=1.0075793976716814 0.30505838731801377 -1.1306715409837407 1.0000000180025095e-35 1.7801869735868816 3.1142813650749193 -0.096342892437012925 0.021646708491782084 1.0822991561716699 0.14648016682145459 1.0414542967589195 0.072170523892579191 0.30811198432798453 1.2543280627517379 1.559883808742007 1.7077461606554207 -0.92055808308115339 0.95849667322277543 0.07131905787652161 0.37100531152934357 -1.4193536365540573 0.53960840463852822 0.95849667322277543 0.60142103243816025 -0.20223801952916606 0.028533311067022633 -1.1072363896695263 0.85925218225391864 0.1633171074892735 -0.062422463720753947
decision_type=2 2 2 2 2 2 2 2 2 2 2 2 2 2 2 2 2 2 2 2 2 2 2 2 2 2 2 2 2 2
left_child=1 15 19 17 6 27 10 8 -8 25 -5 12 -12 -7 23 26 -17 -4 -14 20 -3 -22 -23 24 -9 -10 -1 -2 29 -29
right_child=5 2 3 4 -6 13 7 14 9 -11 11 -13 18 -15 -16 16 -18 -19 -20 -21 21 22 -24 -25 -26 -27 -28 28 -30 -31
leaf_value=-0.0046449678974530475 -0.0034136461239060688 -0.0020013060602637749 0.00088965077388760208 0.0032653187304679124 0.032503515809852009 -0.02167982640489936 0.0096658079488741444 0.030946306070880825 0.039521146134939046 0.085412817875788152 -0.0059443272211744148 0.019706487524921875 -0.025298653938220578 0.01282385351128266 -0.028051131868734959 0.052844738572835927 0.0012465992876269352 -0.0053793271386319251 -0.066288141231052575 0.00038368666641713735 0.0026946694343930174 -0.015035221061005686 0.010605454788587633 0.001900889216953192 0.0073684727014472224 -0.014511614375869217 -0.0016144395443981612 0.0025881026185866716 0.0016737808911055944 0.0076433659372104196
leaf_weight=4715 606 1425 13244 1761 96 50 326 132 32 56 150 70 119 1242 50 25 4681 1269 32 1718 213 951 84 1358 1418 23 37667 2124 2898 4409
leaf_count=4715 606 1425 13244 1761 96 50 326 132 32 56 150 70 119 1242 50 25 4681 1269 32 1718 213 951 84 1358 1418 23 37667 2124 2898 4409
internal_value=1.16468e-12 -0.000793436 0.000763801 0.0016766 0.00512252 0.00501562 0.00464693 0.00723927 0.0202862 0.0514777 0.000518889 -0.0125174 -0.0200113 0.0114886 0.00531178 -0.00160456 0.00152071 0.000341499 -0.0339852 -0.00342208 -0.00586814 -0.0102834 -0.0129542 0.00588542 0.00937639 0.0169256 -0.00195159 0.00418239 0.00467049 0.00599981
internal_weight=82944 71615 24527 20136 5623 11329 5527 3395 437 111 2132 371 301 1292 2958 47088 4706 14513 151 4391 2673 1248 1035 2908 1550 55 42382 10037 9431 6533
internal_count=82944 71615 24527 20136 5623 11329 5527 3395 437 111 2132 371 301 1292 2958 47088 4706 14513 151 4391 2673 1248 1035 2908 1550 55 42382 10037 9431 6533
is_linear=0
shrinkage=0.05


Tree=65
num_leaves=31
num_cat=0
split_feature=2 161 0 5 0 159 156 159 4 4 156 1 0 4 5 4 9 2 4 0 136 8 112 1 2 4 4 5 5 4
split_gain=119.42 31.8588 30.8707 27.3176 25.3579 24.8937 33.3949 30.0802 27.371 33.3004 30.7724 23.6067 22.9415 21.8399 21.7091 21.286 22.2525 20.1346 19.6694 30.6648 19.124 22.2967 20.8375 18.3771 17.6659 16.0772 24.6197 28.816 42.0163 72.6535
threshold=0.84357929247066077 -0.76213734878580341 1.6379983261341404 -0.24472827403652589 1.8558287282039991 0.38504876088951162 -0.91243033262262674 -1.1551462826685344 0.64953471503321303 0.98633049319858268 1.0000000180025095e-35 0.95228406550261624 -1.1393166857210482 -0.38490946076042204 0.65128935879489425 0.60142103243816025 -0.012099533484378424 -0.62213468932413452 -0.12028420648763188 0.75305586519439049 -0.065194375454153866 0.12702041046972959 -0.011219259414136753 0.32401287060873768 2.5083282097764519 0.67359155633073942 -0.72170523892579219 1.3937669968156989 1.3494002584222962 -0.12028420648763188
decision_type=2 2 2 2 2 2 2 2 2 2 2 2 2 2 2 2 2 2 2 2 2 2 2 2 2 2 2 2 2 2
left_child=1 5 3 -3 20 6 -1 13 18 14 -11 12 -5 -8 -10 16 -4 -7 -9 -20 -2 24 -23 -15 -22 26 -6 28 29 -28
right_child=4 2 15 11 25 17 7 8 9 10 -12 -13 -14 23 -16 -17 -18 -19 19 -21 21 22 -24 -25 -26 -27 27 -29 -30 -31
leaf_value=-0.0026435988489172564 0.00053788097697235948 -0.0028649974680096646 0.0025194918344965279 -0.0026806617405301277 0.0048717744459433037 -0.0048430005328886118 0.0056780274403667097 0.004280577679576146 -0.016366483041724094 0.00040081017231553362 0.016281727578327763 -0.0090391306471677008 0.0008927732920557288 -0.0026593522796892672 -0.00042910975971393797 -0.0059372224766583021 0.018700263652266968 0.00027073618033759657 0.0092664018849413013 0.027351535447918518 0.0056934223155543657 0.0055471959548400564 -0.0049362877101413218 -0.020455079895966663 0.015497071656658699 0.0024404180161518843 0.047434090392899711 0.0090628856536893176 0.043260031861548386 -0.013105598114037177
leaf_weight=2456 3749 24821 429 6349 673 2506 785 1680 312 759 510 774 15352 1257 678 255 421 8301 1919 267 4642 951 945 164 510 603 83 465 205 123
leaf_count=2456 3749 24821 429 6349 673 2506 785 1680 312 759 510 774 15352 1257 678 255 421 8301 1919 267 4642 951 945 164 510 603 83 465 205 123
internal_value=1.44387e-13 -0.00081602 -0.00152853 -0.00172154 0.00441095 0.000781005 0.00248023 0.00399074 0.00579381 0.00142126 0.00678321 -0.00045873 -0.000152696 -0.0010155 -0.0054518 0.00673274 0.0105337 -0.000915072 0.0083488 0.0114753 0.00342312 0.00495786 0.000322042 -0.00471319 0.00666389 0.00936704 0.0120635 0.0175886 0.0272344 0.0112866
internal_weight=82944 69995 48401 47296 12949 21594 10787 8331 6125 2259 1269 22475 21701 2206 990 1105 850 10807 3866 2186 10797 7048 1896 1421 5152 2152 1549 876 411 206
internal_count=82944 69995 48401 47296 12949 21594 10787 8331 6125 2259 1269 22475 21701 2206 990 1105 850 10807 3866 2186 10797 7048 1896 1421 5152 2152 1549 876 411 206
is_linear=0
shrinkage=0.05


Tree=66
num_leaves=31
num_cat=0
split_feature=3 5 4 156 4 2 158 5 2 4 5 158 0 158 2 33 4 0 5 4 0 5 156 35 156 11 1 23 0 66
split_gain=109.473 40.2182 28.606 31.821 26.4801 31.3712 26.5154 28.7057 20.7705 20.3254 29.9595 61.1945 43.0412 36.3734 29.8801 24.1216 21.2501 20.2038 32.1848 38.9387 28.8338 58.7686 104.3 30.3795 21.5198 20.1267 23.2208 19.785 19.562 19.218
threshold=1.4061233754843154 0.42390874111036964 -1.1306715409837407 1.0000000180025095e-35 -1.4193536365540573 1.5465420234017764 0.74090168677658708 1.2818148012909092 0.31031317655468865 -0.45707998465300159 0.9074519576230029 1.0792073135802653 -0.42926151679891394 -1.0174668528413875 0.3246446730634257 0.20449589834657247 -0.81793260411589741 -0.12700209531300499 0.9986416979679581 0.072170523892579191 0.041510661571182668 1.0822991561716699 1.1133806251238731 0.091068488224144567 0.30811198432798453 -0.032541134041287979 0.32401287060873768 0.36562339166360719 -0.044525099028198727 0.050498500298260876
decision_type=2 2 2 2 2 2 2 2 2 2 2 2 2 2 2 2 2 2 2 2 2 2 2 2 2 2 2 2 2 2
left_child=1 -1 4 9 5 -3 7 8 -6 10 -4 12 27 16 -15 -11 28 18 -5 24 21 -19 -23 -24 -20 -13 -27 -12 -14 -2
right_child=29 2 3 17 6 -7 -8 -9 -10 15 11 25 13 14 -16 -17 -18 20 19 -21 -22 22 23 -25 -26 26 -28 -29 -30 -31
leaf_value=-0.0014101284986389922 0.0082574387325652938 -0.00039779350624657918 -0.002503333124735615 0.0042079098878918782 -0.0090468303421473249 0.022189680607707214 0.0017705928821060727 0.00169496691544191 -0.022936280869865135 -0.0018713940620831916 0.013957731677877991 0.01267932749260217 -0.046899103865072858 0.018862561630657321 -0.00088346475898379686 0.0033224658165367754 0.0027769123962074942 0.0067752236747627703 -0.0067444885093695716 0.018610602455834551 0.0049651534202783745 -0.0059792981456047384 0.089576011940861414 0.026962684524747045 -0.030518871547214485 0.069926557461826175 0.028426526429851679 0.062293099408799957 -0.0067088319085693614 0.003177535781196188
leaf_weight=49372 3820 2249 1210 1339 791 165 699 400 408 8416 562 100 82 236 1018 3044 66 424 202 90 4041 69 76 26 180 49 108 22 48 3632
leaf_count=49372 3820 2249 1210 1339 791 165 699 400 408 8416 562 100 82 236 1018 3044 66 424 202 90 4041 69 76 26 180 49 108 22 48 3632
internal_value=7.72789e-13 -0.000570712 0.00101595 0.00179225 -0.00251098 0.00114609 -0.00635266 -0.00990373 -0.0137732 0.000526817 0.00386112 0.00722253 0.00431781 -0.000298122 0.00283269 -0.000491803 -0.020329 0.00472882 0.000250448 -0.0109763 0.00647824 0.0167545 0.0414985 0.0736158 -0.0179471 0.0302117 0.0413788 0.0157786 -0.0320596 0.00578157
internal_weight=82944 75492 26120 21408 4712 2414 2298 1599 1199 14961 3501 2291 2034 1450 1254 11460 196 6447 1811 472 4636 595 171 102 382 257 157 584 130 7452
internal_count=82944 75492 26120 21408 4712 2414 2298 1599 1199 14961 3501 2291 2034 1450 1254 11460 196 6447 1811 472 4636 595 171 102 382 257 157 584 130 7452
is_linear=0
shrinkage=0.05


Tree=67
num_leaves=31
num_cat=0
split_feature=3 5 4 156 4 2 158 5 2 157 4 5 158 0 158 2 33 4 143 161 4 4 5 157 4 0 120 4 2 162
split_gain=98.7996 36.297 25.8169 28.7185 23.8983 28.3125 23.9302 25.9069 18.7454 18.3801 18.3436 27.0385 55.2281 38.8447 32.827 27.0628 21.7697 19.1782 18.3587 23.7122 18.3297 23.0917 32.8549 20.1792 73.0921 33.7258 30.1028 25.154 41.0701 39.7482
threshold=1.4061233754843154 0.42390874111036964 -1.1306715409837407 1.0000000180025095e-35 -1.4193536365540573 1.5465420234017764 0.74090168677658708 1.2818148012909092 0.31031317655468865 -0.74611299300863432 -0.45707998465300159 0.9074519576230029 1.0792073135802653 -0.42926151679891394 -1.0174668528413875 0.15224671161392458 0.20449589834657247 -0.81793260411589741 0.14189149744959254 -0.76213734878580341 -1.1306715409837407 -1.4193536365540573 1.3816171070226451 1.7010387896716377 0.14434104778515841 0.24629130255711773 -0.086875374041089873 0.38490946076042243 4.2843765881725044 -1.0444659357341868
decision_type=2 2 2 2 2 2 2 2 2 2 2 2 2 2 2 2 2 2 2 2 2 2 2 2 2 2 2 2 2 2
left_child=1 -1 4 10 5 9 7 8 -6 -3 11 -4 13 -13 17 -16 -12 -15 19 -14 21 -2 -23 27 25 26 -25 29 -29 -22
right_child=20 2 3 -5 6 -7 -8 -9 -10 -11 16 12 18 14 15 -17 -18 -19 -20 -21 23 22 -24 24 -26 -27 -28 28 -30 -31
leaf_value=-0.0013396220747332343 0.006101570775757223 -0.0094030773272054339 -0.0023781664545846478 0.004492375230788089 -0.0085944888803503906 0.021080196681220763 0.0016820631706031262 0.0016102185161435045 -0.021789466939898215 0.001885918846193344 -0.0017778243388436373 0.01498965532899167 0.021516597365533709 -0.030456637968756972 0.020073129637748936 -0.00041288263163161382 0.0031563425501739532 0.0026380666824424581 0.0052504528835896286 0.056963270948624904 -0.011441167091677369 -0.019263021325167665 0.0064424392909148481 0.1019871385153383 0.0018994973434010597 0.020551375194382122 0.025144578831700178 0.0076407611141347939 0.050263297421343882 0.0045455790474191711
leaf_weight=49372 619 451 1210 6447 791 165 699 400 408 1798 8416 584 113 130 190 1064 3044 66 63 81 482 291 217 25 876 635 26 2212 58 2011
leaf_count=49372 619 451 1210 6447 791 165 699 400 408 1798 8416 584 113 130 190 1064 3044 66 63 81 482 291 217 25 876 635 26 2212 58 2011
internal_value=2.53066e-13 -0.000542177 0.000965153 0.00170263 -0.00238543 0.00108878 -0.00603503 -0.00940854 -0.0130845 -0.000377904 0.000500477 0.00366806 0.0068614 0.00410192 -0.000283216 0.00269106 -0.000467213 -0.0193125 0.0287011 0.0363165 0.00549249 -0.000382127 -0.00828254 0.00653924 0.0114709 0.0236932 0.0628125 0.00492193 0.0087298 0.00145468
internal_weight=82944 75492 26120 21408 4712 2414 2298 1599 1199 2249 14961 3501 2291 2034 1450 1254 11460 196 257 194 7452 1127 508 6325 1562 686 51 4763 2270 2493
internal_count=82944 75492 26120 21408 4712 2414 2298 1599 1199 2249 14961 3501 2291 2034 1450 1254 11460 196 257 194 7452 1127 508 6325 1562 686 51 4763 2270 2493
is_linear=0
shrinkage=0.05


Tree=68
num_leaves=31
num_cat=0
split_feature=2 0 161 159 0 2 159 162 0 5 4 4 0 4 4 0 59 78 147 87 87 160 156 0 4 99 30 154 2 118
split_gain=89.4617 34.8274 21.3409 21.8679 31.272 24.9338 19.5318 19.3883 31.7738 28.3925 38.5995 19.2745 21.1684 38.5438 37.0883 21.1839 18.0332 19.364 18.2831 18.0931 26.0765 18.8273 32.3776 117.3 25.7178 34.1439 20.5793 19.789 17.2662 16.9979
threshold=0.31031317655468865 1.9255171228092469 -0.76213734878580341 0.38504876088951162 -0.17368238397676158 -0.63629301402247285 -0.28878657066713359 0.69631062382279152 0.27154823262650846 -1.2543280627517379 -0.57736419114063342 0.67359155633073942 2.4867904811687107 0.38490946076042243 0.072170523892579191 2.0852076738310585 -0.093857514182285287 0.084278154364054322 0.078046933168913882 -0.086942710617475258 0.037518145051497732 1.0000000180025095e-35 1.1133806251238731 0.19015298867451699 -0.60142103243816025 -0.14066687775445322 0.089930007937960979 0.042570719926859811 1.1451585094059384 -0.11966103107981561
decision_type=2 2 2 2 2 2 2 2 2 2 2 2 2 2 2 2 2 2 2 2 2 2 2 2 2 2 2 2 2 2
left_child=2 6 3 4 -1 -6 -2 -4 9 10 -9 12 13 14 -3 -16 17 18 -8 -18 21 22 26 24 -24 -26 28 -27 -21 -28
right_child=1 11 7 -5 5 -7 16 8 -10 -11 -12 -13 -14 -15 15 -17 19 -19 -20 20 -22 -23 23 -25 25 27 29 -29 -30 -31
leaf_value=-0.00011543770034331829 -0.0016330829564749694 0.018432122386582702 -0.00081393051303849269 -0.0011297373687304674 0.021178341110506635 0.0049700539049057323 0.000807416318708901 0.038440736211688808 -0.0089977062560478594 -0.0024446474965021964 -0.0025591310952208881 0.00085181407131757446 0.0066362409200801543 0.045964963233995217 0.010597264714129834 -0.042935751365231617 1.8203159215772756e-05 0.0039499468845651739 -0.0068866811528106343 0.0053283923230264922 0.0032509348014013806 0.0048728721848851414 0.020916862580925229 0.0031681419571456915 0.031381879733609307 0.055199425285682086 -0.047606019078133006 0.11439653021977091 0.019175167975100642 -0.00083814733536165297
leaf_weight=4750 2888 479 30432 9067 258 2954 2305 101 1937 12260 133 527 825 108 33 42 2120 2582 1161 480 5422 1218 25 191 28 20 24 48 424 102
leaf_count=4750 2888 479 30432 9067 258 2954 2305 101 1937 12260 133 527 825 108 33 42 2120 2582 1161 480 5422 1218 25 191 28 20 24 48 424 102
internal_value=2.11227e-12 0.00281557 -0.000957691 0.000549292 0.00246134 0.00627196 0.00215411 -0.00152971 -0.00303914 -0.00211535 0.0151374 0.00906823 0.0119802 0.0186399 0.013313 -0.0193812 0.00283135 0.000672027 -0.00176986 0.00412413 0.00521465 0.00937374 0.0134587 0.0275697 0.0660879 0.0778512 0.00918433 0.0969856 0.0118229 -0.00974631
internal_weight=82944 21052 61892 17029 7962 3212 19038 44863 14431 12494 234 2014 1487 662 554 75 16150 6048 3466 10102 7982 2560 1342 312 121 96 1030 68 904 126
internal_count=82944 21052 61892 17029 7962 3212 19038 44863 14431 12494 234 2014 1487 662 554 75 16150 6048 3466 10102 7982 2560 1342 312 121 96 1030 68 904 126
is_linear=0
shrinkage=0.05


Tree=69
num_leaves=31
num_cat=0
split_feature=3 5 161 123 43 88 156 0 1 66 120 2 157 100 71 19 95 1 63 17 72 136 45 90 5 2 0 157 161 3
split_gain=81.8378 30.8782 18.4515 18.9941 17.4868 17.1537 16.3923 23.7778 17.6605 16.0179 23.3364 19.6738 19.2118 16.6124 19.1052 19.6371 30.6023 17.6231 15.997 23.5062 15.1612 14.7238 14.7058 14.3458 13.946 14.0511 14.7998 13.1346 21.6145 34.4265
threshold=1.4061233754843154 0.42390874111036964 -0.76213734878580341 0.071055253717981035 1.7973867201249452 -2.36043920622912 -0.50537016327236373 0.43545882703492728 -0.78522193271384044 0.050498500298260876 0.014812399931559252 4.2843765881725044 -0.90839521789623068 -0.031396072636873718 0.019360794935377436 -0.013916527147869133 0.012894530364867532 1.2432604983724926 -0.25316841138871599 -0.99578206562727745 1.6259196769744537 0.055489421285577462 1.6526693125152454 -0.086673332617804633 -1.3068553720383915 -0.61603363767545616 -0.044525099028198727 -0.44226394673368169 1.0801555850340541 -0.20290485855774529
decision_type=2 2 2 2 2 2 2 2 2 2 2 2 2 2 2 2 2 2 2 2 2 2 2 2 2 2 2 2 2 2
left_child=1 6 3 5 18 -3 7 24 -9 10 11 12 -2 17 -15 16 -16 -14 19 -5 22 -13 -7 -19 25 26 -1 28 -8 -30
right_child=9 2 -4 4 -6 20 27 8 -10 -11 -12 21 13 14 15 -17 -18 23 -20 -21 -22 -23 -24 -25 -26 -27 -28 -29 29 -31
leaf_value=0.01632930028042005 0.044585802747966037 -0.015163239910148736 -0.00025052593067041647 -0.012277081861151909 -0.012819872462752326 0.00054803218613752288 0.00018587332723047441 -0.0053423745586131015 -0.023961354055461685 0.0026214665261723325 0.0019911924593065968 0.015366577196549228 -0.00847348952270339 0.0075231479804885263 0.091722716958749867 0.013703155651230023 0.026773753165988658 -0.0026692410905428494 0.0035185805555689601 0.012290552614244117 0.015100879513738619 0.05753330866227279 0.018899443410735513 0.010759017532617531 -0.0027070566564442932 0.0032398026444396123 -0.0042542377746925229 -0.0012282997877129205 0.016679670333933107 -0.0011424108519336553
leaf_weight=93 38 163 14965 106 131 6608 8768 319 212 3632 1356 47 206 600 21 303 133 263 2649 1195 192 37 111 816 15638 2211 1432 19615 536 548
leaf_count=93 38 163 14965 106 131 6608 8768 319 212 3632 1356 47 206 600 21 303 133 263 2649 1195 192 37 111 816 15638 2211 1432 19615 536 548
internal_value=-2.56022e-12 -0.000493447 0.000896824 0.00243605 0.00515245 0.000868956 -0.00122896 -0.00233746 -0.0127759 0.00499883 0.00725919 0.0101583 0.00931895 0.00874673 0.0133898 0.0210922 0.0356304 0.00492748 0.0057485 0.0102889 0.00124708 0.03394 0.000851203 0.00748596 -0.00205137 0.000693191 -0.00299898 -0.000480168 0.00100934 0.00766998
internal_weight=82944 75492 26120 11155 4081 7074 49372 19905 531 7452 3820 2464 2380 2342 1057 457 154 1285 3950 1301 6911 84 6719 1079 19374 3736 1525 29467 9852 1084
internal_count=82944 75492 26120 11155 4081 7074 49372 19905 531 7452 3820 2464 2380 2342 1057 457 154 1285 3950 1301 6911 84 6719 1079 19374 3736 1525 29467 9852 1084
is_linear=0
shrinkage=0.05


Tree=70
num_leaves=31
num_cat=0
split_feature=2 0 33 5 156 2 158 1 157 4 5 4 4 1 1 156 5 3 157 0 154 8 2 136 156 158 32 80 0 3
split_gain=74.0703 25.1254 22.016 20.022 24.6273 17.8026 18.9044 16.0313 15.8324 28.9925 28.774 24.3545 54.012 68.7702 24.3021 19.1809 19.5752 18.4268 16.9496 16.6336 15.5115 24.4522 21.8254 18.2186 15.1786 15.153 14.7353 16.5252 13.492 13.2563
threshold=0.55865729442855694 0.90431118045658521 -0.31577367354530411 -0.30505838731801371 0.30811198432798453 3.1142813650749193 -0.277549793911822 0.10562610595809051 -0.44226394673368169 -0.81793260411589741 -1.1922423828014173 -0.52925050854558109 -1.3952967952565312 -0.53959452152042731 -1.1069310992612571 -1.0580783826687084 -1.366818105386737 -1.5868423785307451 -0.17427846833409141 1.0000000180025095e-35 0.024482530287591266 0.12209562734146812 1.842404002939982 -0.046997079644595645 -0.89145085320713391 1.0792073135802653 -0.029241810030331983 0.039463573720481586 1.4721067524511755 1.315796996114295
decision_type=2 2 2 2 2 2 2 2 2 2 2 2 2 2 2 2 2 2 2 2 2 2 2 2 2 2 2 2 2 2
left_child=3 2 -2 8 28 7 -7 -3 10 17 11 12 15 19 18 16 -1 24 -11 -14 26 22 -22 -24 -10 -8 -4 -28 -5 -16
right_child=1 5 20 4 -6 6 25 -9 9 14 -12 -13 13 -15 29 -17 -18 -19 -20 -21 21 -23 23 -25 -26 -27 27 -29 -30 -31
leaf_value=-0.0035631161044251975 -0.0055670713367103226 0.019684019574396288 0.0049023642760317445 -0.00050817566169703531 0.0027254488517839313 0.039306818457596288 0.0098205710851173109 0.0035527456400550883 -0.03428743291855315 -0.050059294500030008 -0.002129865711614764 0.00011888650285495047 0.012482079332094146 0.0027063716651821268 -0.0008188399724503798 -0.00079265322141903191 -0.040824146092620112 -0.0050646337962490752 -0.0089141878988191325 0.030701669582897047 0.0056677476635187442 -0.0039888438013684115 -0.010056946774323783 0.033265663047621803 0.00079060038732778706 -0.033050543850376493 0.00032234342481904745 -0.0090622392452727098 -0.016537166249471821 -0.029641607832163575
leaf_weight=70 1157 157 870 24139 7251 54 1114 8109 98 26 8230 3638 180 804 14829 388 71 5407 671 412 2122 651 30 127 45 21 1394 707 132 40
leaf_count=70 1157 157 870 24139 7251 54 1114 8109 98 26 8230 3638 180 804 14829 388 71 5407 671 412 2122 651 30 127 45 21 1394 707 132 40
internal_value=-2.67462e-12 0.0029969 0.000739523 -0.00074495 0.000168532 0.00468199 0.0104025 0.00385913 -0.0015698 -0.0024304 -0.000252301 0.0025254 0.0070734 0.0122291 -0.00132412 -0.0065321 -0.0223258 -0.00553317 -0.010449 0.0251619 0.00197605 0.00455742 0.00699868 0.0249875 -0.0232489 0.00902736 -0.000569707 -0.00283563 -0.000595351 -0.000896378
internal_weight=82944 16513 7058 66431 31522 9455 1189 8266 34909 21116 13793 5563 1925 1396 15566 529 141 5550 697 592 5901 2930 2279 157 143 1135 2971 2101 24271 14869
internal_count=82944 16513 7058 66431 31522 9455 1189 8266 34909 21116 13793 5563 1925 1396 15566 529 141 5550 697 592 5901 2930 2279 157 143 1135 2971 2101 24271 14869
is_linear=0
shrinkage=0.05


Tree=71
num_leaves=31
num_cat=0
split_feature=3 161 156 162 5 5 4 4 5 157 4 1 94 4 1 1 157 2 2 156 1 162 41 4 5 162 161 2 105 53
split_gain=67.9085 27.0385 23.8013 19.773 21.6481 27.1411 16.4895 20.5076 28.8811 16.5599 62.3786 27.2493 58.9365 21.9064 35.9818 42.117 44.6143 65.8574 33.4087 35.3943 36.2473 27.6782 25.9251 25.1148 32.6745 70.1523 24.1111 20.7382 16.5764 16.5711
threshold=1.4061233754843154 -0.76213734878580341 1.7077461606554207 0.69631062382279152 -1.2818148012909092 -0.24472827403652589 -1.1306715409837407 -1.4193536365540573 1.3816171070226451 1.7010387896716377 0.14434104778515841 1.0393197749355225 -0.13123451298337191 0.38490946076042243 1.8398692159767098 1.5090210108706297 -0.17427846833409141 1.4305678151386705 4.2843765881725044 -0.89145085320713391 0.79858825975645242 -1.0444659357341868 -0.005771416707229359 -0.62547787373568664 1.3937669968156989 -1.0444659357341868 1.0000000180025095e-35 1.842404002939982 0.028575982041903373 0.17461014534840211
decision_type=2 2 2 2 2 2 2 2 2 2 2 2 2 2 2 2 2 2 2 2 2 2 2 2 2 2 2 2 2 2
left_child=1 2 -1 4 -3 -6 7 -2 -9 13 11 12 -11 14 15 27 -17 22 19 20 -15 -21 -18 -16 25 -25 -19 -8 29 -13
right_child=6 3 -4 -5 5 -7 9 8 -10 10 -12 28 -14 18 23 16 17 26 -20 21 -22 -23 -24 24 -26 -27 -28 -29 -30 -31
leaf_value=0.0004627388445362018 0.005091807204028795 0.004419795790798881 0.0063092929887954667 -0.0025634586009383839 -0.002233702016381651 0.00064760698122026087 0.0027535011268937613 -0.018758652136177847 0.0053422003334108103 0.011178292630938814 0.0011718016566495256 0.027549167193349905 0.11610949431424555 0.087184749683365231 0.0047154738353094132 0.0026926059935985956 0.05025168169289828 0.068021392108251658 0.045094659924507147 0.016540146642210575 0.018573987914966946 0.0014803981290346577 0.12808864767784658 -0.058501516212191851 0.0016179407034932021 -0.0095165578466492942 0.013507970267434014 -0.029508460987851304 0.0045166356135477887 0.0032674016734195311
leaf_weight=22750 619 2150 1885 15997 15976 16734 828 291 217 32 876 384 23 21 420 179 20 24 58 378 231 1582 23 90 336 389 131 53 161 86
leaf_count=22750 619 2150 1885 15997 15976 16734 828 291 217 32 876 384 23 21 420 179 20 24 58 378 231 1582 23 90 336 389 131 53 161 86
internal_value=1.04089e-12 -0.000449496 0.000910101 -0.00110808 -0.000440218 -0.000759663 0.00455359 -0.00101835 -0.0084636 0.0055464 0.0100139 0.0213051 0.0550586 0.0040813 0.00084561 0.00679734 0.0207828 0.037137 0.00763486 0.00665264 0.0242916 0.00438478 0.0918854 -0.00521696 -0.0103355 -0.0187204 0.0219488 0.000812657 0.018363 0.0231061
internal_weight=82944 75492 24635 50857 34860 32710 7452 1127 508 6325 1562 686 55 4763 2493 1258 377 198 2270 2212 252 1960 43 1235 815 479 155 881 631 470
internal_count=82944 75492 24635 50857 34860 32710 7452 1127 508 6325 1562 686 55 4763 2493 1258 377 198 2270 2212 252 1960 43 1235 815 479 155 881 631 470
is_linear=0
shrinkage=0.05


Tree=72
num_leaves=31
num_cat=0
split_feature=5 156 0 5 4 4 4 144 5 4 4 158 2 0 4 0 158 5 2 2 162 2 4 4 0 5 157 5 5 4
split_gain=63.3781 32.2444 88.1961 109.094 56.7806 46.3745 41.2284 29.5605 27.2948 59.232 24.885 38.8083 31.7097 31.2447 28.5537 31.9047 41.9625 56.9646 68.5019 36.4354 31.3572 36.0797 26.9025 24.6619 34.8065 48.8599 29.1937 24.4581 48.4704 22.8082
threshold=0.85925218225391864 1.1133806251238731 0.041510661571182668 1.0822991561716699 -1.1306715409837407 -0.45707998465300159 0.96227365190105629 0.06993772589612629 1.3668181053867372 -0.64953471503321258 -0.48113682595052798 1.0792073135802653 -0.49486541882726881 -1.2353467622039649 0.096227365190105607 1.1484874343548526 -1.0174668528413875 1.3816171070226451 1.5009240506625046 1.650106801632915 1.0000000180025095e-35 2.3418640897509566 0.67359155633073942 0.38490946076042243 1.7273137874823077 1.3816171070226451 -0.081021797575027532 1.3068553720383922 1.3937669968156989 0.96227365190105629
decision_type=2 2 2 2 2 2 2 2 2 2 2 2 2 2 2 2 2 2 2 2 2 2 2 2 2 2 2 2 2 2
left_child=-1 6 3 -3 -4 8 10 -5 9 -6 11 13 -13 -2 15 19 17 18 -17 -12 22 -22 23 24 26 -26 -16 -25 -29 -7
right_child=1 2 4 7 5 29 -8 -9 -10 -11 14 12 -14 -15 20 16 -18 -19 -20 -21 21 -23 -24 27 25 -27 -28 28 -30 -31
leaf_value=-0.00088943048012777204 0.013315345675485951 0.00069800303177908066 -0.0077487141653023311 0.050299101055305287 0.017143619829259573 0.0071534504415651894 0.005561686295929901 0.10757453121520855 0.0044147350727855418 0.065092951344947025 -0.0066773920880339281 0.068825248846163353 0.010529697162632183 -0.00020097831288846797 -0.00068526487983906065 0.12320759642337049 -0.0027709434471721323 0.0038134618982120041 0.012607010289294913 -0.037894592203737532 -0.0034677955958224678 0.029956438049045672 -0.0027972432917890938 0.0084302093937952561 -0.081681248545646679 -0.0025038431531616621 0.024584517316212775 0.04816158323083073 0.0049364012738066267 -0.0020430061530253975
leaf_weight=58654 462 150 835 136 456 1814 4298 27 271 75 2569 24 832 5736 326 28 424 91 28 97 2963 83 612 345 27 70 176 144 118 1073
leaf_count=58654 462 150 835 136 456 1814 4298 27 271 75 2569 24 832 5736 326 28 424 91 28 97 2963 83 612 345 27 70 176 144 118 1073
internal_value=3.31661e-12 0.00214774 0.00580107 0.0314693 0.00402518 0.00669018 0.00123934 0.0597864 0.0173265 0.0239161 1.35101e-05 0.00218477 0.0121642 0.000806531 -0.00187713 -0.00551592 0.00521008 0.0282302 0.0679073 -0.0078132 0.000544489 -0.00255702 0.00574097 0.0100738 0.00287615 -0.0245429 0.00817426 0.0171766 0.0286938 0.00373544
internal_weight=82944 24290 4837 313 4524 3689 19453 163 802 531 15155 7054 856 6198 8101 3237 571 147 56 2666 4864 3046 1818 1206 599 97 502 607 262 2887
internal_count=82944 24290 4837 313 4524 3689 19453 163 802 531 15155 7054 856 6198 8101 3237 571 147 56 2666 4864 3046 1818 1206 599 97 502 607 262 2887
is_linear=0
shrinkage=0.05


Tree=73
num_leaves=31
num_cat=0
split_feature=5 156 0 5 4 4 4 144 5 4 4 158 2 0 4 0 158 5 2 2 162 2 4 4 5 4 0 5 157 3
split_gain=57.1987 29.1006 79.597 98.457 51.2445 41.853 37.2086 26.6784 24.6336 53.72 22.4587 35.0245 28.618 28.1984 25.7697 28.794 37.8712 51.4105 61.823 32.8829 28.2998 32.5619 24.2795 22.3159 29.1893 22.2574 31.4129 44.0961 26.3473 22.2682
threshold=0.85925218225391864 1.1133806251238731 0.041510661571182668 1.0822991561716699 -1.1306715409837407 -0.45707998465300159 0.96227365190105629 0.06993772589612629 1.3668181053867372 -0.62547787373568664 -0.48113682595052798 1.0792073135802653 -0.49486541882726881 -1.2353467622039649 0.096227365190105607 1.1484874343548526 -1.0174668528413875 1.3816171070226451 1.5009240506625046 1.650106801632915 1.0000000180025095e-35 2.3418640897509566 0.67359155633073942 -0.07217052389257915 1.3937669968156989 0.38490946076042243 1.7273137874823077 1.3816171070226451 -0.081021797575027532 1.3589231993094304
decision_type=2 2 2 2 2 2 2 2 2 2 2 2 2 2 2 2 2 2 2 2 2 2 2 2 2 2 2 2 2 2
left_child=-1 6 3 -3 -4 8 10 -5 9 -6 11 13 -13 -2 15 19 17 18 -17 -12 22 -22 25 -18 -25 26 28 -28 -16 -27
right_child=1 2 4 7 5 -7 -8 -9 -10 -11 14 12 -14 -15 20 16 23 -19 -20 -21 21 -23 -24 24 -26 29 27 -29 -30 -31
leaf_value=-0.00084495896119739656 0.012649578421786873 0.00066310264527176825 -0.0073612784961911903 0.047784145754549708 0.017097608534280325 0.003548667445840049 0.0052836019560157125 0.10219580437298176 0.0041939983051506513 0.067701995117053146 -0.0063435224758009619 0.065383986150845883 0.010003212325906273 -0.00019092939081430708 -0.00065100169869174076 0.11704721759472575 0.0072675032178016663 0.003622788741831555 0.011976659658830614 -0.035999862501426533 -0.0032944058140807102 0.028458615973120535 -0.0026573811175801573 -0.034197361402759197 0.006139018226300634 0.0079159335636482218 -0.077597186079731706 -0.0023786509103540868 0.023355291496078612 0.027233754195295851
leaf_weight=58654 462 150 835 136 472 2887 4298 27 271 59 2569 24 832 5736 326 28 243 91 28 97 2963 83 612 99 82 343 27 70 176 264
leaf_count=58654 462 150 835 136 472 2887 4298 27 271 59 2569 24 832 5736 326 28 243 91 28 97 2963 83 612 99 82 343 27 70 176 264
internal_value=2.93895e-13 0.00204035 0.00551102 0.0298958 0.00382392 0.00635567 0.00117737 0.0567971 0.0164602 0.0227203 1.28346e-05 0.00207553 0.0115559 0.000766204 -0.00178328 -0.00524013 0.00494957 0.0268187 0.0645119 -0.00742254 0.000517265 -0.00242917 0.00545392 -0.0026324 -0.0159234 0.00957011 0.00273235 -0.0233158 0.00776555 0.0163178
internal_weight=82944 24290 4837 313 4524 3689 19453 163 802 531 15155 7054 856 6198 8101 3237 571 147 56 2666 4864 3046 1818 424 181 1206 599 97 502 607
internal_count=82944 24290 4837 313 4524 3689 19453 163 802 531 15155 7054 856 6198 8101 3237 571 147 56 2666 4864 3046 1818 424 181 1206 599 97 502 607
is_linear=0
shrinkage=0.05


Tree=74
num_leaves=31
num_cat=0
split_feature=5 156 0 5 4 4 0 4 2 119 75 139 4 113 4 158 2 0 4 0 158 5 2 2 162 2 4 1 4 5
split_gain=51.6218 26.2633 71.8363 88.8575 46.2482 40.2628 38.8693 33.5808 30.2125 25.0942 21.5587 23.6644 21.494 20.6602 20.269 31.6096 26.3351 25.449 23.2571 25.9866 34.1787 46.398 55.7953 29.7667 25.5406 29.3871 21.9122 20.5994 20.1401 26.3434
threshold=0.85925218225391864 1.1133806251238731 0.041510661571182668 1.0822991561716699 -1.1306715409837407 0.96227365190105629 0.43545882703492728 0.96227365190105629 1.3919123727225848 0.066106440241549269 -0.049794757697786858 0.06847909619137485 -1.275012588768899 -0.68724494712904727 -0.48113682595052798 1.0792073135802653 -0.47850146518391307 -1.2353467622039649 0.096227365190105607 1.1484874343548526 -1.0174668528413875 1.3816171070226451 1.5009240506625046 1.7608667400725224 1.0000000180025095e-35 2.3418640897509566 0.67359155633073942 1.8398692159767098 -0.07217052389257915 1.3937669968156989
decision_type=2 2 2 2 2 2 2 2 2 2 2 2 2 2 2 2 2 2 2 2 2 2 2 2 2 2 2 2 2 2
left_child=-1 7 3 -3 12 6 8 14 -6 10 -5 -12 -4 -9 15 17 -17 -2 19 23 21 22 -21 -16 26 27 -20 -26 -22 -30
right_child=1 2 4 9 5 -7 -8 13 -10 -11 11 -13 -14 -15 18 16 -18 -19 24 20 28 -23 -24 -25 25 -27 -28 -29 29 -31
leaf_value=-0.00080271101181621544 0.012017099591044134 0.00062994756223633892 -0.0024911339884907133 0.019245825569127122 0.00413523129657034 -0.0021182892117943067 0.011146328025750468 0.014552101407747273 -0.035319908220539396 0.096128492134398433 0.027688521231439986 0.082240990389138457 -0.021287320192001063 0.0037587777157681874 -0.0061043450688499151 0.048653059726877307 0.0089366493333163186 -0.00018138293602716236 0.009091603561374265 0.11119485939187664 0.0069041280591871914 0.0034416493256755457 0.011377827117186306 -0.036524673039654655 -0.002318836437661002 0.027035685317066262 -0.0025245120700802112 -0.02456463125223915 -0.032487493236031798 0.0058320672134868808
leaf_weight=58654 462 150 635 51 121 1073 2414 502 81 29 33 50 200 3796 2583 44 812 5736 1206 28 243 91 28 83 2855 83 612 108 99 82
leaf_count=58654 462 150 635 51 121 1073 2414 502 81 29 33 50 200 3796 2583 44 812 5736 1206 28 243 91 28 83 2855 83 612 108 99 82
internal_value=-1.75139e-13 0.00193834 0.00523547 0.028401 0.00363272 0.00603789 0.00938329 0.0011185 -0.0116859 0.0539573 0.0448307 0.0605515 -0.00699321 0.00501942 1.21928e-05 0.00197176 0.0109781 0.000727894 -0.00169411 -0.00497812 0.00470209 0.0254777 0.0612863 -0.00705141 0.000491401 -0.00230771 0.00518123 -0.00312969 -0.00250078 -0.0151273
internal_weight=82944 24290 4837 313 4524 3689 2616 19453 202 163 134 83 835 4298 15155 7054 856 6198 8101 3237 571 147 56 2666 4864 3046 1818 2963 424 181
internal_count=82944 24290 4837 313 4524 3689 2616 19453 202 163 134 83 835 4298 15155 7054 856 6198 8101 3237 571 147 56 2666 4864 3046 1818 2963 424 181
is_linear=0
shrinkage=0.05


Tree=75
num_leaves=31
num_cat=0
split_feature=3 0 156 0 3 1 152 141 2 0 158 0 154 11 93 1 87 87 156 1 0 99 43 142 87 18 41 2 118 24
split_gain=47.5358 24.8521 19.6152 17.1868 15.3832 17.0404 12.7781 14.9482 17.4417 14.5335 18.5008 19.0288 21.1276 14.1378 13.9906 13.6082 13.4282 24.3637 23.9887 38.583 32.5809 25.5691 20.0895 12.3172 11.6927 11.623 10.7489 10.2934 9.88049 9.77322
threshold=0.26287226169537736 1.8558287282039991 -0.50537016327236373 0.40002294133681632 -0.77260438807788134 -0.39962512983019832 -0.21377403131825284 0.017792339305758693 1.650106801632915 1.4992753960408207 0.74090168677658708 -0.57248596319477374 0.093401165338805769 -0.038359228259216636 0.10867847464204215 1.8398692159767098 -0.09715123233676165 0.039007717387857403 1.1133806251238731 0.43631947918440034 0.041510661571182668 -0.14066687775445322 0.21317448373865044 -0.033118536536655363 0.062123849926265275 -0.048654523687175245 0.034331069841470156 0.55865729442855694 -0.066857996344789491 0.10582311255906379
decision_type=2 2 2 2 2 2 2 2 2 2 2 2 2 2 2 2 2 2 2 2 2 2 2 2 2 2 2 2 2 2
left_child=2 6 3 -1 5 -5 -2 8 9 10 13 12 -12 -8 25 -9 -15 18 -18 -20 21 -21 -23 -22 29 -10 28 -11 -17 -16
right_child=1 -3 -4 4 -6 -7 7 15 14 27 11 -13 -14 16 24 26 17 -19 19 20 23 22 -24 -25 -26 -27 -28 -29 -30 -31
leaf_value=-0.0015001130132219441 0.0036588046950688361 0.0067614162726483008 5.9322899889325924e-05 -0.011413517670643624 -0.0018285251057148903 -0.056200843994421039 0.00022204040132627655 -0.00025699124705474101 0.00050249209992141652 -0.012715795011517973 -0.0073912857629455115 -0.0007697365459608137 -0.045082796099595729 -4.6236870808467404e-05 -0.015547092361429213 -0.01235072816097128 0.0093424179993265247 0.0032726767052316686 0.0015113800089169719 0.026677296610306142 0.0018356126555437715 0.12883388862013817 0.061601858258247377 0.050312312624300831 0.0078360528815586469 0.010228399832274408 -0.013285233875214264 -0.0013596548438186262 0.0024883455246962399 0.0034407332433630958
leaf_weight=25269 4657 2325 31810 613 606 22 2312 5837 401 301 145 2236 50 829 174 164 665 1383 79 23 38 20 25 20 191 1313 378 592 355 111
leaf_count=25269 4657 2325 31810 613 606 22 2312 5837 401 301 145 2236 50 829 174 164 665 1383 79 23 38 20 25 20 191 1313 378 592 355 111
internal_value=-7.72022e-13 0.00184212 -0.000777783 -0.00178225 -0.00752699 -0.0129652 0.00132921 0.000714258 0.00185781 0.00085572 0.00154537 -0.0020761 -0.0170558 0.00317752 0.00584694 -0.00113811 0.00539461 0.00739659 0.0139522 0.0289059 0.0460818 0.0695633 0.0914828 0.0185517 -0.00173653 0.00795297 -0.00687177 -0.00518742 -0.00220069 -0.00815183
internal_weight=82944 24624 58320 26510 1241 635 22299 17642 10908 8718 7825 2431 195 5394 2190 6734 3082 2253 870 205 126 68 45 58 476 1714 897 893 519 285
internal_count=82944 24624 58320 26510 1241 635 22299 17642 10908 8718 7825 2431 195 5394 2190 6734 3082 2253 870 205 126 68 45 58 476 1714 897 893 519 285
is_linear=0
shrinkage=0.05


Tree=76
num_leaves=31
num_cat=0
split_feature=5 0 1 58 63 156 0 5 2 0 1 40 70 50 153 124 142 28 158 5 1 5 2 5 0 83 9 5 31 2
split_gain=43.6746 23.917 16.514 16.3202 25.0294 32.1509 22.5554 75.1048 21.1596 31.78 19.9142 18.4205 19.2254 17.4013 15.2332 16.9198 13.5129 12.7546 12.642 22.2197 13.2253 13.8807 14.9527 14.5156 12.5912 12.5693 11.6427 14.0189 11.3831 11.2628
threshold=0.42390874111036964 1.8177858471924624 1.5916682534707276 0.093190642007509775 -0.018504429699558105 1.1133806251238731 0.041510661571182668 1.0822991561716699 2.1237758111861855 -0.0078117817631458324 -0.1847825144926567 0.0086995151709277005 -1.9576893464872656 -0.074971552341552991 -0.23956433027997223 -0.34439204726455691 -0.41129715793675192 -0.0058242075349984185 -1.7404918888865692 -1.0414542967589189 -1.2359962902880148 -1.414100355047595 -0.87624568432862004 -1.4032428797401197 0.79330981145966029 -0.076021059325994858 -0.019195672860656477 -1.329399109984837 0.028688878855452918 -0.24277893966355693
decision_type=2 2 2 2 2 2 2 2 2 2 2 2 2 2 2 2 2 2 2 2 2 2 2 2 2 2 2 2 2 2
left_child=18 3 -3 4 5 14 7 -7 9 -9 -8 12 -5 17 15 16 -2 -14 19 20 -1 -22 26 -24 25 -12 -23 -28 -26 -25
right_child=1 2 -4 11 -6 6 10 8 -10 -11 24 -13 13 -15 -16 -17 -18 -19 -20 -21 21 22 23 29 28 -27 27 -29 -30 -31
leaf_value=-0.018916402799557613 0.0035283344319408556 0.049505199179772967 0.0059699977853882808 0.021716752884893026 0.00026834133399754816 -0.0026640421833013204 0.037078426060351465 0.043050609466930234 0.023045443881141103 0.1066288143893083 -0.023286388994505011 -0.0027783059532903711 0.0012390577057575078 -0.0015213531302154535 0.0012401397350907289 0.0027087936165858997 0.01724722938625629 0.008017113520833629 -0.00067553072315669439 -0.00064295970374988846 -0.02247776739737567 0.0058757907028520115 0.0069361383527783418 -0.010449543064599064 0.002510722230174458 0.0026490593894320804 0.0060459354322085377 -0.012593683433104776 0.014488808720611607 -0.032807008765878214
leaf_weight=223 286 22 2205 113 10716 133 55 57 46 30 60 4914 1920 3430 5680 1250 482 1087 44409 3049 119 410 112 616 347 211 158 279 463 62
leaf_count=223 286 22 2205 113 10716 133 55 57 46 30 60 4914 1920 3430 5680 1250 482 1087 44409 3049 119 410 112 616 347 211 158 279 463 62
internal_value=-4.66025e-13 0.00139364 0.00640007 0.0010372 0.00190588 0.00383422 0.0107982 0.0239042 0.0504725 0.0649741 0.00772942 -0.000464345 0.00127166 0.000912747 0.00256589 0.00629745 0.0121384 0.00368926 -0.000944569 -0.00332081 -0.0074465 -0.0059899 -0.00479133 -0.00973937 0.00623618 -0.00309311 -0.000176276 -0.00585442 0.00935746 -0.012494
internal_weight=82944 33507 2227 31280 19816 9100 1402 266 133 87 1136 11464 6550 6437 7698 2018 768 3007 49437 5028 1979 1756 1637 790 1081 271 847 437 810 678
internal_count=82944 33507 2227 31280 19816 9100 1402 266 133 87 1136 11464 6550 6437 7698 2018 768 3007 49437 5028 1979 1756 1637 790 1081 271 847 437 810 678
is_linear=0
shrinkage=0.05


Tree=77
num_leaves=31
num_cat=0
split_feature=3 0 156 0 3 1 159 152 104 40 149 4 139 2 4 51 140 71 2 29 0 156 52 4 136 1 4 45 156 13
split_gain=39.4193 20.5269 17.3696 15.0641 11.7261 12.7536 13.8558 11.6396 13.4698 17.9339 14.2591 13.0901 14.7031 12.3038 15.4723 11.8399 14.4659 12.762 14.1179 11.8387 12.2577 13.9548 16.8409 13.7855 18.8273 23.2785 21.1564 11.4662 14.0156 10.877
threshold=0.26287226169537736 1.8558287282039991 -0.50537016327236373 0.43545882703492728 -0.77260438807788134 -0.61259321683284351 0.96262190222377908 -0.21377403131825284 -0.036199513137641179 -0.12795202645845419 -0.28386592133868876 -1.1547283822812668 0.36726326925733843 1.7608667400725224 -0.64953471503321258 -0.072105828250362825 0.21048750166645105 -0.053949747560101922 1.3553366828136664 0.025136166218509382 -0.17368238397676158 0.30811198432798453 -0.010272665668182518 -0.2646252542727906 0.34255851950701366 0.39507265585474521 -0.60142103243816025 -0.027773969009502339 1.7077461606554207 -1.1315376057766036
decision_type=2 2 2 2 2 2 2 2 2 2 2 2 2 2 2 2 2 2 2 2 2 2 2 2 2 2 2 2 2 2
left_child=2 7 3 -1 5 -5 -7 -2 15 11 -11 -10 19 -12 -15 -9 17 -17 -19 20 21 -13 -23 24 25 -22 -27 28 -20 -25
right_child=1 -3 -4 4 -6 6 -8 8 9 10 13 12 -14 14 -16 16 -18 18 27 -21 23 22 -24 29 -26 26 -28 -29 -30 -31
leaf_value=-0.0014222130034157756 0.0034347501529034333 0.0061482747604121313 7.9458675265214429e-05 -0.009324708847601745 -0.0029670721382136864 -0.062997214868664747 -0.019129069392026091 -0.0037285362698839817 -0.0088758496478535658 -0.0017042161222635495 0.003688836731993138 -0.0018816635701382025 0.006923953118367708 0.019179120974668604 0.0051925901429943945 -0.0029491466422807804 0.0068968581308933704 -0.00080863917332791961 0.012589533792941147 -0.0049806221850937568 -0.0012279419409727175 0.0031498518730846367 -0.046910903265788444 0.025276589272327201 -0.0089794792092252919 0.013996898765692526 0.049227565813711599 0.003964487068539 0.051207261901624779 -0.00041476203793553698
leaf_weight=25548 4657 2325 31810 321 545 24 72 2510 430 982 3668 275 689 314 534 2626 744 1410 181 1211 96 28 42 43 81 97 76 595 27 983
leaf_count=25548 4657 2325 31810 321 545 24 72 2510 430 982 3668 275 689 314 534 2626 744 1410 181 1211 96 28 42 43 81 97 76 595 27 983
internal_value=5.41829e-13 0.00167749 -0.000708276 -0.0016535 -0.00779575 -0.0141066 -0.0300961 0.00121135 0.000624434 0.00189633 0.00375631 -0.00062802 0.000351424 0.0049437 0.0103716 -0.000876292 0.000406017 -0.000591955 0.00220515 -0.00119308 0.00147207 -0.00695513 -0.0268866 0.003585 0.0121536 0.0185171 0.029474 0.0074971 0.0176024 0.000661971
internal_weight=82944 24624 58320 26510 962 417 96 22299 17642 9549 5498 4051 3621 4516 848 8093 5583 4839 2213 2932 1721 345 70 1376 350 269 173 803 208 1026
internal_count=82944 24624 58320 26510 962 417 96 22299 17642 9549 5498 4051 3621 4516 848 8093 5583 4839 2213 2932 1721 345 70 1376 350 269 173 803 208 1026
is_linear=0
shrinkage=0.05


Tree=78
num_leaves=31
num_cat=0
split_feature=5 4 158 4 4 157 158 97 157 5 4 5 162 4 1 5 0 4 2 5 162 5 2 2 5 3 4 156 2 126
split_gain=37.0422 30.2477 35.0551 46.2489 34.9196 34.3413 27.9416 25.845 25.0509 24.8402 23.127 24.8545 36.7277 22.9179 38.4543 35.9526 31.5759 22.3745 31.5124 23.7571 22.0287 50.9203 21.5353 21.2006 20.9035 20.3243 19.9054 19.9247 22.5934 19.7866
threshold=0.42390874111036964 -1.1306715409837407 0.19793268244154283 0.67359155633073942 -1.4193536365540573 1.7010387896716377 0.74090168677658708 -0.49907423176732596 -0.74611299300863432 1.3937669968156989 -0.81793260411589741 0.9074519576230029 0.34815531191139576 0.38490946076042243 1.3879351022958639 1.4032428797401197 0.57843162249412372 0.12028420648763201 3.2858080162893279 1.4032428797401197 0.34815531191139576 0.9074519576230029 0.78576543155722212 2.5083282097764519 0.95394520574431452 1.9092313060999049 0.81793260411589797 1.7077461606554207 4.2843765881725044 0.25076624545303189
decision_type=2 2 2 2 2 2 2 2 2 2 2 2 2 2 2 2 2 2 2 2 2 2 2 2 2 2 2 2 2 2
left_child=-1 4 3 5 8 17 9 -7 -2 -6 11 -4 -13 14 -12 16 -16 18 -3 23 21 -15 -10 -19 -22 -14 27 28 -5 -9
right_child=1 2 10 26 6 7 -8 29 22 -11 13 12 25 20 15 -17 -18 19 -20 -21 24 -23 -24 -25 -26 -27 -28 -29 -30 -31
leaf_value=-0.0008698961220003046 -0.0073613151189353999 0.0032590929018053538 -0.0034827771678874048 -0.010129912960324736 -0.01155307590546277 -0.0010877968540437069 0.0015812920316194219 0.017863221503924481 0.00057649529465321719 0.0047044454385729469 -0.0011390084372890125 0.002619200248874522 0.01935251195224234 -0.0046352477962349333 -0.0012439440687748973 0.002434633223665 -0.027381325110639433 0.008564911225026426 -0.019039351312889401 -0.0070394698987379118 0.004145095339221228 0.0077384404952296317 0.010476893509090762 0.025327485935534091 -0.005246521230953656 0.069835419207811361 0.0012049684447256032 0.0089287425256770799 -0.061840691417455677 0.0032712463509634638
leaf_weight=49437 606 4676 467 530 1686 303 847 1168 1587 273 5000 609 394 1204 162 265 403 1711 164 217 903 2687 840 212 1723 21 4397 140 22 290
leaf_count=49437 606 4676 467 530 1686 303 847 1168 1587 273 5000 609 394 1204 162 265 403 1711 164 217 903 2687 840 212 1723 21 4397 140 22 290
internal_value=3.13818e-12 0.00128346 0.00197359 0.00375385 -0.00198669 0.00596005 -0.00600671 0.0121995 0.00173245 -0.00928748 0.000194365 0.00607651 0.0104361 -0.000515951 -0.00279349 -0.0127603 -0.0198871 0.00438589 0.00250353 0.00864319 0.0015215 0.00390963 0.00400309 0.0104129 -0.00201704 0.0219071 -3.55824e-05 -0.0079181 -0.0121908 0.0149608
internal_weight=82944 33507 27668 13830 5839 8741 2806 1761 3033 1959 13838 1491 1024 12347 5830 830 565 6980 4840 2140 6517 3891 2427 1923 2626 415 5089 692 552 1458
internal_count=82944 33507 27668 13830 5839 8741 2806 1761 3033 1959 13838 1491 1024 12347 5830 830 565 6980 4840 2140 6517 3891 2427 1923 2626 415 5089 692 552 1458
is_linear=0
shrinkage=0.05


Tree=79
num_leaves=31
num_cat=0
split_feature=0 5 4 158 4 5 0 158 4 4 2 3 4 3 97 33 158 5 81 1 50 2 102 1 5 5 157 8 1 158
split_gain=35.1908 25.6131 24.3384 25.0717 30.9623 25.2343 25.1689 22.3932 23.1772 21.624 22.8816 19.6373 17.0882 20.4591 16.8063 25.9746 26.0362 60.6689 29.9719 25.5095 18.6812 19.4113 17.9791 16.6879 16.4742 21.1666 16.3403 15.9467 15.7424 15.4299
threshold=1.6656405814953195 0.30505838731801377 -1.1306715409837407 0.19793268244154283 0.67359155633073942 1.3668181053867372 0.51834313459324155 0.37100531152934357 -1.4193536365540573 -0.81793260411589741 1.5465420234017764 2.3967518165143766 0.84198944541342424 0.50611494240333155 -0.32299993940869726 0.015829173074017797 -0.277549793911822 1.121095921206507 -0.0265054280484152 1.5916682534707276 -0.074971552341552991 2.1237758111861855 0.025615092499205599 -0.61259321683284351 0.59600457818378805 1.2818148012909092 -0.081021797575027532 -0.1453103823873528 1.1037703815750086 0.37100531152934357
decision_type=2 2 2 2 2 2 2 2 2 2 2 2 2 2 2 2 2 2 2 2 2 2 2 2 2 2 2 2 2 2
left_child=1 -1 7 4 5 6 14 8 -3 10 29 27 13 -6 -4 16 -16 -18 20 -17 -19 22 -22 -2 -10 28 -21 -11 -26 -5
right_child=23 2 3 9 12 -7 -8 -9 24 11 -12 -13 -14 -15 15 19 17 18 -20 26 21 -23 -24 -25 25 -27 -28 -29 -30 -31
leaf_value=-0.0010311256121463303 0.023444617647728927 -0.00080579007664841387 -0.00039715875023412655 0.013307064655841026 -0.015726590002458907 -0.0024570177462708842 0.010731391749419346 0.0015673361916302788 0.0020142704808249084 0.001993783013102453 0.027125184608035181 -0.02412446156416214 0.0011188616144025649 0.00058346737306338677 0.0068471286827102799 0.0029048221732622566 0.0059431624250132625 0.029694140707964407 0.011284218184565278 -0.050342837562236724 0.12758170820417858 0.037724136320563657 0.066380103943603372 0.0036605413469186763 -0.013169496476178969 -0.0015691642714096015 -0.0094644039458342318 -0.0018070109493954181 -0.033227428627150085 0.0009601630443521489
leaf_weight=45182 109 1716 1489 330 359 1031 1966 2329 272 4116 114 89 4065 414 1728 1517 252 34 44 34 21 24 28 4818 824 381 87 8375 111 1085
leaf_count=45182 109 1716 1489 330 359 1031 1966 2329 272 4116 114 89 4065 414 1728 1517 252 34 44 34 21 24 28 4818 824 381 87 8375 111 1085
internal_value=4.51534e-13 -0.000258815 0.000803909 0.00142338 0.00299913 0.00486054 0.0059049 -0.00218752 -0.00483433 -3.89116e-05 0.00557579 -0.000721334 -0.000176957 -0.00699132 0.00410024 0.005877 0.00951612 0.0209604 0.0460221 0.00114259 0.0603069 0.0745649 0.0926094 0.00409822 -0.00918758 -0.0115029 -0.0209509 -0.000554584 -0.0155507 0.00383965
internal_weight=82944 78017 32835 27202 13093 8255 7224 5633 3304 14109 1529 12580 4838 773 5258 3769 2131 403 151 1638 107 73 49 4927 1588 1316 121 12491 935 1415
internal_count=82944 78017 32835 27202 13093 8255 7224 5633 3304 14109 1529 12580 4838 773 5258 3769 2131 403 151 1638 107 73 49 4927 1588 1316 121 12491 935 1415
is_linear=0
shrinkage=0.05


Tree=80
num_leaves=31
num_cat=0
split_feature=0 5 4 158 4 5 0 162 158 4 65 2 5 4 5 162 4 4 1 4 157 5 0 125 33 1 4 63 4 5
split_gain=31.7597 23.1158 21.9655 22.6272 27.9435 22.7739 22.715 37.8134 20.2098 20.9174 19.7025 24.2365 53.7131 19.5157 21.5782 30.6098 18.6929 26.6688 17.15 28.6898 25.0585 24.5373 16.3084 15.4289 20.7577 24.5389 15.875 21.085 15.4221 18.6792
threshold=1.6656405814953195 0.30505838731801377 -1.1306715409837407 0.19793268244154283 0.67359155633073942 1.3668181053867372 0.51834313459324155 0.69631062382279152 0.37100531152934357 -1.4193536365540573 0.17461768984035511 1.5465420234017764 1.3068553720383922 -0.81793260411589741 0.9074519576230029 0.34815531191139576 0.40896630205794887 -0.16839788908268513 1.4320675819635942 0.38490946076042243 -0.17427846833409141 1.3068553720383922 0.95849667322277543 0.2452609510703625 0.015829173074017797 1.5916682534707276 -0.45707998465300159 -0.097208350119788706 0.84198944541342424 0.70535813777146761
decision_type=2 2 2 2 2 2 2 2 2 2 2 2 2 2 2 2 2 2 2 2 2 2 2 2 2 2 2 2 2 2
left_child=1 -1 8 4 5 6 23 10 9 -3 11 12 -8 14 -5 -16 17 -9 -15 20 -20 -22 -19 24 26 -26 27 -4 29 -6
right_child=-2 2 3 13 28 -7 7 16 -10 -11 -12 -13 -14 18 15 -17 -18 22 19 -21 21 -23 -24 -25 25 -27 -28 -29 -30 -31
leaf_value=-0.00097956933258265847 0.0038933131797285222 -0.0007655005625027048 0.023695380030436686 -0.0023860227149932393 -0.020256746092835735 -0.0023341668701213122 0.0204880592784039 0.0059409938762352496 0.0014889693774623068 -0.008728202589924924 0.0049919366511162744 0.0097775000822057576 0.090417807780463127 -3.3030294852632538e-05 0.0020644362484449883 0.020108411802225806 0.024426731832423495 -0.011273049384665987 -0.021764088723169678 -8.7741459463750696e-05 0.031571440175078652 -0.010677299940716168 -0.048454561810298218 -0.00018726100792316403 0.0032096738538421503 -0.019713554956755919 0.0056606042879006552 0.0069745904365979897 0.0010629185462678343 -0.0022046209838641503
leaf_weight=45182 4927 1716 352 572 190 1031 517 96 2329 1588 544 624 29 11184 542 415 38 60 386 841 48 121 58 1607 1446 127 1320 406 4065 583
leaf_count=45182 4927 1716 352 572 190 1031 517 96 2329 1588 544 624 29 11184 542 415 38 60 386 841 48 121 58 1607 1446 127 1320 406 4065 583
internal_value=2.68115e-13 -0.000245874 0.000763714 0.00135221 0.00284918 0.00461752 0.00560965 0.0101948 -0.00207814 -0.00459261 0.0128537 0.0165091 0.0242023 -3.6966e-05 0.005297 0.00988915 -0.00788967 -0.0136281 -0.000685267 -0.00591064 -0.0147342 0.00132234 -0.0295487 0.00389523 0.00569215 0.00135891 0.00897231 0.0147394 -0.000168109 -0.00664175
internal_weight=82944 78017 32835 27202 13093 8255 7224 1966 5633 3304 1714 1170 546 14109 1529 957 252 214 12580 1396 555 169 118 5258 3651 1573 2078 758 4838 773
internal_count=82944 78017 32835 27202 13093 8255 7224 1966 5633 3304 1714 1170 546 14109 1529 957 252 214 12580 1396 555 169 118 5258 3651 1573 2078 758 4838 773
is_linear=0
shrinkage=0.05


Tree=81
num_leaves=31
num_cat=0
split_feature=0 5 1 0 161 1 4 4 159 5 162 2 5 156 4 157 5 4 4 157 1 0 157 157 156 4 2 4 4 57
split_gain=28.6632 21.4356 15.2541 14.4659 13.8631 14.2016 12.7162 22.1218 39.4829 21.4838 14.1178 26.341 12.5917 31.8806 13.178 12.5868 25.2773 23.8352 52.5371 26.9335 20.2077 16.6731 15.9886 15.2898 12.2838 13.0597 12.0787 11.725 14.0664 11.0777
threshold=1.6656405814953195 -0.36482234570003175 -0.87129242424565223 -1.108073148417879 -0.76213734878580341 -0.47262753614692926 0.67359155633073942 0.38490946076042243 1.4439328533356688 1.3293991099848375 -0.6963106238227913 3.6149727007184684 -1.157767925009791 -0.066328909107563699 0.12028420648763201 -0.44226394673368169 -1.1922423828014173 -1.4193536365540573 -0.52925050854558109 -0.74611299300863432 -1.1441762741797261 1.0684796879208391 -0.74611299300863432 -0.17427846833409141 0.30811198432798453 -0.81793260411589741 -0.22208707570492706 -1.0585010170911617 -1.2990694300664256 0.0085627785974867875
decision_type=2 2 2 2 2 2 2 2 2 2 2 2 2 2 2 2 2 2 2 2 2 2 2 2 2 2 2 2 2 2
left_child=1 4 -2 -3 12 15 7 -4 9 -9 -8 -12 24 -14 -15 16 17 22 19 -19 23 29 -6 -17 -1 -26 -22 28 -21 -20
right_child=2 3 6 -5 5 -7 10 8 -10 -11 11 -13 13 14 -16 20 -18 18 21 27 26 -23 -24 -25 25 -27 -28 -29 -30 -31
leaf_value=0.00049469933110822821 0.037073523354004413 -0.0014323176327782048 0.0038547655983064318 0.00088403933672134654 0.0068808049363134477 -0.0048698098368353884 0.0041903523089998548 0.0056407194397904261 -0.0031173463016121493 0.043286691025368647 -0.0036270984100226647 -0.053998413461226004 -0.0020868246044346878 0.0030587331201053737 0.014929870751379483 -0.04721089863719849 -0.0012912450608980842 0.0098923224406024315 -0.0042083645321620297 0.023071522167366413 -0.0016352614999462169 0.047298677265644073 -0.02306992411821349 -0.0083282421657441957 -0.013408189367130686 -0.0021770610793445926 -0.021637539811873517 0.016719797894097211 0.055092225493268768 0.0060919597228441154
leaf_weight=5852 34 8225 3089 37338 74 3389 788 53 133 133 670 27 1082 381 605 26 5947 191 496 54 10919 20 112 917 324 1287 76 57 94 551
leaf_count=5852 34 8225 3089 37338 74 3389 788 53 133 133 670 27 1082 381 605 26 5947 191 496 54 10919 20 112 917 324 1287 76 57 94 551
internal_value=3.07166e-12 -0.00023358 0.00369865 0.000465892 -0.00121559 -0.00188193 0.00346674 0.00514931 0.0176849 0.0325596 -0.000394691 -0.00557835 0.000387038 0.00383946 0.0103427 -0.00136356 0.000227567 0.00570506 0.00784845 0.0234015 -0.00237597 0.00207619 -0.011154 -0.0094003 -0.00056963 -0.00443584 -0.00177352 0.0359881 0.043409 0.00121234
internal_weight=82944 78017 4927 45563 32454 22923 4893 3408 319 186 1485 697 9531 2068 986 19534 7596 1649 1463 396 11938 1067 186 943 7463 1611 10995 205 148 1047
internal_count=82944 78017 4927 45563 32454 22923 4893 3408 319 186 1485 697 9531 2068 986 19534 7596 1649 1463 396 11938 1067 186 943 7463 1611 10995 205 148 1047
is_linear=0
shrinkage=0.05


Tree=82
num_leaves=31
num_cat=0
split_feature=0 5 1 2 1 156 156 161 5 4 2 138 2 3 5 158 4 4 5 158 158 5 156 0 1 2 158 1 158 0
split_gain=25.8685 19.3456 14.4705 14.9562 15.3949 14.1817 13.3518 12.5114 12.9451 26.8141 18.8699 12.2009 12.1905 13.8204 12.3182 11.6079 17.1867 32.0135 51.7402 45.2929 83.7652 41.1979 16.9414 14.1823 13.6844 11.879 11.497 21.7701 17.3879 14.984
threshold=1.6656405814953195 -0.36482234570003175 -0.59795434504505962 -0.038050289856680734 -0.26851208663230863 1.7077461606554207 -0.91243033262262674 -0.76213734878580341 -0.65128935879489414 0.072170523892579191 -0.26135395489560898 0.028995020267050312 2.2215774627024625 0.20902536017875248 1.0414542967589195 -0.277549793911822 -1.4193536365540573 -0.84198944541342391 -0.85925218225391875 0.74090168677658708 1.0792073135802653 -1.2244505813480739 0.30811198432798453 0.70385570796402941 -0.50630597511288522 -1.5003388811877352 0.74090168677658708 -0.73514075455617989 -1.7404918888865692 1.4992753960408207
decision_type=2 2 2 2 2 2 2 2 2 2 2 2 2 2 2 2 2 2 2 2 2 2 2 2 2 2 2 2 2 2
left_child=1 7 5 -4 -5 -2 12 26 15 10 -10 -7 13 -3 -15 25 22 18 19 21 -21 -18 24 -22 -17 -9 27 -1 -29 -30
right_child=2 6 3 4 -6 11 -8 8 9 -11 -12 -13 -14 14 -16 16 17 -19 -20 20 23 -23 -24 -25 -26 -27 -28 28 29 -31
leaf_value=0.009473362558583177 0.0054707647651289215 -0.0022925444764045548 -0.0038993712788210526 0.024995457378869088 0.0037375891734688729 0.067831476820124831 0.00088907784713877021 -0.014339684795621517 -0.0058897508239943016 0.00027756309736692034 -0.018681500537751462 0.020313570368369775 -0.036789216101169586 -0.0097113573383699921 0.0028627665228430719 -0.0070789175652738699 0.037120171598955774 -0.0010576644458173601 -0.0080258744049797742 -0.0097575001951470293 0.01596492335274078 0.011699991898883962 0.0016439481442081212 0.039921162107938467 -0.023727345396302002 -0.0025972794113679268 -0.0021323328344699491 -0.0063433848286226589 0.0024109148822035833 -0.0081626947456454255
leaf_weight=768 74 6978 664 87 4045 22 35817 224 2235 1916 331 35 24 211 2533 676 208 9029 535 562 202 682 486 89 151 5597 3102 797 4502 362
leaf_count=768 74 6978 664 87 4045 22 35817 224 2235 1916 331 35 24 211 2533 676 208 9029 535 562 202 682 486 89 151 5597 3102 797 4502 362
internal_value=1.95665e-12 -0.000221901 0.00351372 0.00306588 0.00418518 0.0199092 0.000442598 -0.00115481 -0.00178784 -0.00419798 -0.00753982 0.0386538 -0.00119824 -0.00111038 0.00189588 -0.00120206 -0.00035009 0.000278684 0.00557539 0.00975019 0.00151721 0.0176409 -0.00576483 0.0232917 -0.0101187 -0.00304914 0.000367686 0.00157395 0.000502273 0.00162398
internal_weight=82944 78017 4927 4796 4132 131 45563 32454 22923 4482 2566 57 9746 9722 2744 18441 12620 11307 2278 1743 853 890 1313 291 827 5821 9531 6429 5661 4864
internal_count=82944 78017 4927 4796 4132 131 45563 32454 22923 4482 2566 57 9746 9722 2744 18441 12620 11307 2278 1743 853 890 1313 291 827 5821 9531 6429 5661 4864
is_linear=0
shrinkage=0.05


Tree=83
num_leaves=31
num_cat=0
split_feature=3 161 154 156 152 161 0 156 4 4 5 4 4 157 5 2 0 0 23 156 5 4 158 0 0 2 157 158 5 4
split_gain=24.1185 16.3208 19.2052 18.6048 19.2973 13.1986 16.986 37.1756 15.4869 22.3438 24.3022 24.1571 15.4475 18.8543 17.3372 13.1249 12.8917 12.5691 11.7321 11.5086 10.7455 12.5354 10.8397 11.7053 18.7903 11.3661 11.2808 10.6578 21.8115 15.4273
threshold=1.678369505768156 -0.76213734878580341 -0.38856964673107935 -0.91243033262262674 -0.50135487957243297 1.6942532296406732 1.3864946804218614 1.0000000180025095e-35 -0.52925050854558109 -1.1306715409837407 1.3668181053867372 -0.64953471503321258 0.072170523892579191 1.0000000180025095e-35 1.2543280627517379 -1.1616648524319568 1.1886801523615211 0.98683690368230292 0.20710187018570636 1.7077461606554207 1.3293991099848375 -0.81793260411589741 1.0152913959681018 0.10789381999003046 -0.12700209531300499 -0.80144913113466576 1.7010387896716377 -0.277549793911822 -1.2818148012909092 -0.24056841297526424
decision_type=2 2 2 2 2 2 2 2 2 2 2 2 2 2 2 2 2 2 2 2 2 2 2 2 2 2 2 2 2 2
left_child=1 2 3 -1 18 8 7 17 9 -2 11 -11 13 14 -10 -4 -14 -7 -5 -16 22 -22 26 24 -24 -26 -17 -3 29 -29
right_child=5 27 15 4 -6 6 -8 -9 12 10 -12 -13 16 -15 19 20 -18 -19 -20 -21 21 -23 23 -25 25 -27 -28 28 -30 -31
leaf_value=-0.0022912832319518005 -0.0075683230567398872 -0.0018238126130088617 -0.010655640131314169 0.0062593259306363801 0.0027462920139602093 0.027287484199190755 0.0037127992491436238 0.062505463228837863 -0.056751769275537559 0.015065684764713649 -0.0062117464043143569 0.063573015321578302 0.011929747041288023 0.0014411654550349341 -0.022854068135209765 0.0010553980871409322 -0.0028485830621944545 0.0043822425046133413 0.016056768730703906 0.00072039340166511116 0.020052182612912233 0.0031323397025759974 -0.003636092368381113 -0.0055787439963084946 -0.0079754831899435889 0.0081709166577609085 -0.0036790861607120516 0.007871234101314269 -0.00057714327177528025 -0.00086484313309925483
leaf_weight=1144 213 15812 281 801 3150 78 3495 37 28 308 132 28 191 180 158 13265 649 258 494 77 131 666 1380 1638 128 734 1390 1352 33939 807
leaf_count=1144 213 15812 281 801 3150 78 3495 37 28 308 132 28 191 180 158 13265 649 258 494 77 131 666 1380 1638 128 734 1390 1352 33939 807
internal_value=1.18435e-12 -0.000234477 0.000809492 0.00339513 0.00485862 0.00310031 0.00479524 0.0149377 -0.000237774 0.00585649 0.0119665 0.019108 -0.00347253 -0.0110273 -0.0195609 7.26797e-05 0.000511728 0.00969953 0.00999673 -0.0151297 0.000228621 0.00591339 -1.58227e-05 -0.00236577 -1.83838e-05 0.00577331 0.000606341 -0.000741318 -0.000267153 0.00460583
internal_weight=82944 77112 25202 5589 4445 5832 3868 373 1964 681 468 336 1283 443 263 19613 840 336 1295 235 19332 797 18535 3880 2242 862 14655 51910 36098 2159
internal_count=82944 77112 25202 5589 4445 5832 3868 373 1964 681 468 336 1283 443 263 19613 840 336 1295 235 19332 797 18535 3880 2242 862 14655 51910 36098 2159
is_linear=0
shrinkage=0.05


Tree=84
num_leaves=31
num_cat=0
split_feature=5 4 4 157 162 156 4 132 0 102 81 4 4 158 162 5 156 158 3 113 4 5 4 3 0 0 4 5 118 121
split_gain=22.6158 16.5144 41.6102 25.8159 31.0582 24.569 41.7758 27.0048 30.0218 52.4663 28.2967 25.8696 23.7615 60.8475 23.4152 23.3973 27.8001 21.545 20.7966 18.484 16.1461 20.5983 23.6241 26.6025 31.8815 53.9307 48.376 18.6162 17.9432 15.6997
threshold=0.80943899875580572 -1.1547283822812668 -1.4193536365540573 -0.74611299300863432 -0.6963106238227913 1.1133806251238731 0.96227365190105629 0.093447208672041857 0.041510661571182668 -0.058092931233262667 -0.0300661686139795 0.96227365190105629 -0.79387576281837102 -1.7404918888865692 0.34815531191139576 1.3816171070226451 1.0000000180025095e-35 -1.0174668528413875 1.9092313060999049 -0.68724494712904727 0.67359155633073942 1.4032428797401197 0.12028420648763201 2.0815005419015642 1.0983238223114637 1.4721067524511755 -0.48113682595052798 0.9986416979679581 0.028046503250518984 0.34651445185546181
decision_type=2 2 2 2 2 2 2 2 2 2 2 2 2 2 2 2 2 2 2 2 2 2 2 2 2 2 2 2 2 2
left_child=-1 2 3 -2 -5 11 7 8 9 -7 -11 12 13 29 -15 16 -4 20 -16 -13 21 22 23 24 26 28 -14 -24 -26 -3
right_child=1 5 15 4 -6 6 -8 -9 -10 10 -12 19 17 14 18 -17 -18 -19 -20 -21 -22 -23 27 -25 25 -27 -28 -29 -30 -31
leaf_value=-0.00054891854137653661 -0.0075751929409174764 -0.01190262062225008 -0.004455691281745589 0.022400912390481174 0.0030850234422623037 -0.0009963418384280017 -0.0030310050332332545 0.0018948833715562146 0.0094380693990986763 0.058625813786005766 0.0033093103496678947 0.012589823259798828 0.017362783519991109 0.0029561848147274597 0.012955013266870277 0.0030460956016549181 -0.018378998685495862 -0.0025166626571370794 0.062256983498280696 0.0029850577491114193 -0.0059591920948391126 -0.0080367398260641244 -0.0018674221789665723 -0.024290269530716946 0.038717803472187368 -0.0078982491109689523 -0.0062389833436956484 0.018152792534984457 0.099243830206493536 -0.042994367368519304
leaf_weight=57519 467 216 902 239 1610 92 1124 1092 1771 114 29 574 326 1057 771 447 595 7755 22 3934 439 281 148 88 25 44 650 539 24 50
leaf_count=57519 467 216 902 239 1610 92 1124 1092 1771 114 29 574 326 1057 771 447 595 7755 22 3934 439 281 148 88 25 44 650 539 24 50
internal_value=-8.75113e-14 0.00124182 -0.00159855 0.0029288 0.00558178 0.00181352 0.00522616 0.00822198 0.0116662 0.0284581 0.0474078 0.000963127 -0.00021323 0.00461341 0.00782846 -0.00699225 -0.00998967 -0.00120297 0.0143228 0.00420802 0.00277037 0.00457379 0.00649546 0.00213454 0.00430982 0.0322825 0.00164439 0.0138398 0.0683632 -0.0177469
internal_weight=82944 25425 4260 2316 1849 21165 4222 3098 2006 235 143 16943 12435 2116 1850 1944 1497 10319 793 4508 2564 2125 1844 1157 1069 93 976 687 49 266
internal_count=82944 25425 4260 2316 1849 21165 4222 3098 2006 235 143 16943 12435 2116 1850 1944 1497 10319 793 4508 2564 2125 1844 1157 1069 93 976 687 49 266
is_linear=0
shrinkage=0.05


Tree=85
num_leaves=31
num_cat=0
split_feature=0 5 1 2 156 1 0 161 1 5 156 4 8 2 144 79 20 80 4 158 2 2 158 0 4 156 5 127 0 4
split_gain=21.168 16.0972 13.4383 13.0189 12.7785 11.852 11.3841 10.8033 13.1789 10.5328 28.0757 11.8935 10.4795 16.1757 13.0149 12.1935 11.1526 10.935 13.4711 27.7017 23.9165 20.6157 19.1922 19.0346 33.2693 29.9722 49.0309 30.9465 20.0711 19.7368
threshold=1.6656405814953195 -0.36482234570003175 -0.59795434504505962 0.01839062688975384 1.7077461606554207 -0.3452565799056147 -1.1393166857210482 -0.76213734878580341 -0.47262753614692926 -1.157767925009791 -0.066328909107563699 0.12028420648763201 -0.16808628138864615 -0.80144913113466576 2.1124751668471324 -2.8504474224792742 -0.28455514800398846 0.039463573720481586 -0.28868209557031649 -1.0174668528413875 1.6955139360753952 -0.48955792594914682 1.0152913959681018 -0.62510674430261581 -0.57736419114063342 1.1133806251238731 1.0822991561716699 -0.12402142146655055 -0.75349812278655504 -0.62547787373568664
decision_type=2 2 2 2 2 2 2 2 2 2 2 2 2 2 2 2 2 2 2 2 2 2 2 2 2 2 2 2 2 2
left_child=1 7 4 -4 -2 -5 -3 9 -9 -1 -11 -12 13 -8 16 -16 -14 18 19 -18 21 22 -21 28 -25 -26 -27 -28 -23 -30
right_child=2 6 3 5 -6 -7 12 8 -10 10 11 -13 14 -15 15 -17 17 -19 -20 20 -22 23 -24 24 25 26 27 -29 29 -31
leaf_value=-0.00051193064429220288 0.0052728686508851609 -0.0013263527696792037 -0.003159636847177585 0.033291236661812842 0.036771530397399742 0.003644814209948004 0.018084562291068581 -0.0011405846060591159 -0.0045182327796496153 -0.0020408066548934282 0.0027035574780198382 0.013981338886848136 0.0023854992076470954 0.0017294832436400382 -0.023651739563583657 -0.003963959783011204 -0.0051167233416466373 -0.0018795426298069155 -0.00065617317140091605 0.0078281409033717445 0.013496155162975421 -0.0014289475756780327 0.04163579054837746 0.0015799296410104185 0.0032065456723731839 0.0010793443234433653 0.041238026432556051 0.10833111774662268 -0.0086537420441239309 -0.04977107784770271
leaf_weight=7463 74 7854 781 34 57 3981 153 19534 3389 1082 381 605 5341 12720 89 676 911 6410 7511 130 629 434 62 2215 149 64 68 23 77 47
leaf_count=7463 74 7854 781 34 57 3981 153 19534 3389 1082 381 605 5341 12720 89 676 911 6410 7511 130 629 434 62 2215 149 64 68 23 77 47
internal_value=4.68124e-13 -0.000200731 0.00317849 0.00274692 0.0189784 0.00389587 0.000405417 -0.00105172 -0.00163995 0.000363034 0.00352061 0.00962349 0.000766108 0.00192387 0.000166017 -0.00625443 0.000370066 -0.000204651 0.000666783 0.00273306 0.00456763 0.00284966 0.0187452 0.0018578 0.00370869 0.0192193 0.0346121 0.0581956 -0.00649775 -0.0242385
internal_weight=82944 78017 4927 4796 131 4015 45563 32454 22923 9531 2068 986 37709 12873 24836 765 24071 18730 12320 4809 3898 3269 192 3077 2519 304 155 91 558 124
internal_count=82944 78017 4927 4796 131 4015 45563 32454 22923 9531 2068 986 37709 12873 24836 765 24071 18730 12320 4809 3898 3269 192 3077 2519 304 155 91 558 124
is_linear=0
shrinkage=0.05


Tree=86
num_leaves=31
num_cat=0
split_feature=0 5 1 156 3 1 2 4 4 159 5 162 2 3 4 20 3 3 5 2 161 2 0 0 1 157 2 158 0 5
split_gain=19.1041 14.5277 12.234 10.9671 11.7661 26.7149 20.768 10.6851 19.6068 35.0566 19.2392 11.9904 24.9788 14.7056 14.7646 10.7901 10.2779 10.0723 10.501 10.2191 9.74994 11.9303 20.7021 10.0301 9.88778 15.293 10.8007 14.5832 13.234 21.0403
threshold=1.6656405814953195 -0.36482234570003175 -0.86307710905505564 -0.91243033262262674 1.4538561166522286 0.79858825975645242 1.9215687388713396 0.67359155633073942 0.38490946076042243 1.4439328533356688 1.3293991099848375 -0.6963106238227913 2.9539482999982698 3.6202699090239405 0.91415996930600352 0.0091151764941735988 -0.37879062104434208 0.20902536017875248 1.0414542967589195 -0.41363371481136718 -0.76213734878580341 -0.24277893966355693 0.097081496934575684 -0.67404874028497619 -0.7786691124769799 -0.90839521789623068 -0.8383565871649602 -1.7404918888865692 -0.37493136367667318 -0.90745195762300301
decision_type=2 2 2 2 2 2 2 2 2 2 2 2 2 2 2 2 2 2 2 2 2 2 2 2 2 2 2 2 2 2
left_child=1 20 -2 4 6 -6 17 8 -4 10 -10 13 -13 16 -15 -12 -9 -3 -19 -20 24 -22 23 -23 25 -1 -26 -28 -29 -30
right_child=2 3 7 -5 5 -7 -8 11 9 -11 15 12 -14 14 -16 -17 -18 18 19 -21 21 22 -24 -25 26 -27 27 28 29 -31
leaf_value=-0.0039548753535763835 0.032060530091014998 -0.002123512386033657 0.0031287043099234623 0.00078979529222901663 0.063251729941238538 -0.0057337748611138925 -0.04769149357452989 -0.024883291264995933 0.0046912558842450384 -0.0034525832133133517 0.059580788858472671 -0.0026639205592047001 -0.036937881717137223 0.052948070344116006 0.0083456068472217097 0.029788096936766147 0.0025421167373370452 -0.0092268828813525106 0.01441458598304907 0.001534367705324418 -0.0012630654462748416 -0.0061864603454905367 -0.0022787130419680882 -0.022399717654429722 -0.0048694536213351111 0.0099063004749095594 -0.007630826430621295 -0.0071717418021446048 0.0004169799665476447 0.0081070349956005993
leaf_weight=297 36 6978 3089 35817 23 36 24 36 53 133 47 637 58 28 55 86 669 211 165 2309 21487 162 1042 232 1073 603 515 454 5529 1060
leaf_count=297 36 6978 3089 35817 23 36 24 36 53 133 47 637 58 28 55 86 669 211 165 2309 21487 162 1042 232 1073 603 515 454 5529 1060
internal_value=-4.07047e-12 -0.000190694 0.00301956 0.000385146 -0.00110196 0.0211589 -0.00123754 0.00280581 0.00434744 0.016149 0.0301651 -0.00073694 -0.00552419 0.00348532 0.0233922 0.0403163 0.00114167 -0.00112216 0.00148022 0.0023934 -0.00099913 -0.00155795 -0.00597031 -0.0157334 0.000344882 0.00533211 -0.000175163 0.00049128 0.00108519 0.00165411
internal_weight=82944 78017 4927 45563 9746 59 9687 4891 3408 319 186 1483 695 788 83 133 705 9663 2685 2474 32454 22923 1436 394 9531 900 8631 7558 7043 6589
internal_count=82944 78017 4927 45563 9746 59 9687 4891 3408 319 186 1483 695 788 83 133 705 9663 2685 2474 32454 22923 1436 394 9531 900 8631 7558 7043 6589
is_linear=0
shrinkage=0.05


Tree=87
num_leaves=31
num_cat=0
split_feature=5 4 4 158 4 157 158 157 97 5 5 158 4 2 5 157 2 1 126 1 156 4 5 156 1 0 0 2 1 161
split_gain=17.5008 20.7831 24.8657 22.1754 31.9868 24.3208 20.7568 20.7562 20.7548 18.1094 17.9004 24.1603 17.5793 27.3331 18.7647 15.9447 15.8051 17.893 15.5869 15.4661 16.0232 15.006 14.6785 21.6241 14.5983 21.8038 13.6845 41.1257 33.5076 20.7193
threshold=0.42390874111036964 -1.1306715409837407 -1.4193536365540573 0.19793268244154283 0.67359155633073942 1.7010387896716377 0.74090168677658708 -0.74611299300863432 -0.49907423176732596 1.3937669968156989 1.1577679250097914 0.37100531152934357 0.12028420648763201 3.2858080162893279 1.4032428797401197 1.0000000180025095e-35 2.5083282097764519 -0.019524333269320768 0.4431477316177273 3.1754622378610287 1.7077461606554207 -0.2646252542727906 1.3816171070226451 0.30811198432798453 2.9043329545265064 1.8177858471924624 1.2871536648946609 1.3919123727225848 1.5090210108706297 1.6942532296406732
decision_type=2 2 2 2 2 2 2 2 2 2 2 2 2 2 2 2 2 2 2 2 2 2 2 2 2 2 2 2 2 2
left_child=-1 2 7 4 5 12 9 -2 21 -4 -9 15 13 26 16 -12 17 -14 -10 -6 -21 -7 23 -13 -5 -26 29 28 -28 -3
right_child=1 3 6 24 19 8 -8 10 18 -11 11 22 14 -15 -16 -17 -18 -19 -20 20 -22 -23 -24 -25 25 -27 27 -29 -30 -31
leaf_value=-0.00059792787744659384 -0.0069677096069204513 0.0027202941955928959 -0.009982900157686098 0.0001463056694061145 0.00030605607962779755 -0.011532164314619084 0.0013192945366065148 -0.00074893903218688695 0.014615437889931219 0.0038983704087720166 -0.0069296959172547943 0.013839629184084155 0.019638540058643843 -0.018351799011707488 -0.0067839618311703528 0.0082396221242625814 0.02160428041671315 0.0050407765675472707 0.00019932710228496276 -0.023458613895096018 0.0044819166952813115 0.01097155440207968 0.0048031361373571477 0.042861701237341884 -0.064183650301261386 -0.001636299704994982 0.016760087271987072 0.0037807003972303169 0.077406890721370789 -0.0079881181773904016
leaf_weight=49437 606 3530 1686 13778 4868 174 847 1262 1237 273 287 186 245 164 217 437 212 1466 221 140 81 129 157 98 22 38 62 530 36 518
leaf_count=49437 606 3530 1686 13778 4868 174 847 1262 1237 273 287 186 245 164 217 437 212 1466 221 140 81 129 157 98 22 38 62 530 36 518
internal_value=9.38621e-13 0.000882197 -0.00182847 0.00145425 0.00287018 0.00470495 -0.00522077 0.00130993 0.00995575 -0.00804845 0.00337678 0.00784601 0.00338021 0.0017117 0.00715384 0.00222637 0.00872664 0.00713105 0.0124303 -0.000281252 -0.013218 -0.00195137 0.0170719 0.0238543 3.91371e-05 -0.0245703 0.00241538 0.00928271 0.0390385 0.00135
internal_weight=82944 33507 5839 27668 13830 8741 2806 3033 1761 1959 2427 1165 6980 4840 2140 724 1923 1711 1458 5089 221 303 441 284 13838 60 4676 628 98 4048
internal_count=82944 33507 5839 27668 13830 8741 2806 3033 1761 1959 2427 1165 6980 4840 2140 724 1923 1711 1458 5089 221 303 441 284 13838 60 4676 628 98 4048
is_linear=0
shrinkage=0.05


Tree=88
num_leaves=31
num_cat=0
split_feature=0 5 1 156 2 1 138 122 8 63 125 12 5 4 162 5 156 156 4 120 52 50 130 3 2 87 14 87 2 123
split_gain=16.6319 12.2166 11.7175 11.5146 10.871 10.781 10.6021 9.7234 10.8862 10.7153 11.0644 11.5624 26.6488 12.032 15.92 19.7903 21.6101 20.578 18.9214 17.5373 14.6828 14.6171 12.1576 11.9967 16.279 10.2723 11.6252 11.5357 13.0703 11.445
threshold=1.6656405814953195 -0.36482234570003175 -0.59795434504505962 1.7077461606554207 0.01839062688975384 -0.3452565799056147 0.028995020267050312 -1.438248302086768 0.021996011106012407 -0.021372613264594834 0.17574620992915072 0.4951364822549752 1.0822991561716699 -0.3608526194628961 -1.0444659357341868 0.80943899875580572 1.1133806251238731 -0.066328909107563699 -0.60142103243816025 -0.047990977333657203 -0.023317174179290617 -0.069076187011822179 -0.016236676674035614 0.054937349896430558 1.5465420234017764 0.042871030278451759 -0.46959235186004661 -0.025146451000792606 0.9452029766701352 -0.020484526240528475
decision_type=2 2 2 2 2 2 2 2 2 2 2 2 2 2 2 2 2 2 2 2 2 2 2 2 2 2 2 2 2 2
left_child=1 -1 3 -2 -4 -6 -5 -3 9 10 11 13 -13 14 23 -16 17 22 -18 21 -19 -20 -17 -9 -25 27 -27 -10 -29 -30
right_child=2 7 4 6 5 -7 -8 8 25 -11 -12 12 -14 -15 15 16 18 20 19 -21 -22 -23 -24 24 -26 26 -28 28 29 -31
leaf_value=-0.00091927744454501086 0.0045609723932323728 -0.0028463884355203486 -0.002982933054150174 0.06166035546497866 0.031500135537456064 0.0032248900194152778 0.01736491899139115 0.0073759555382771199 -1.5894773528263131e-05 0.00027515584216269279 -0.00029488714325938344 0.0048805207609838846 0.024958947252115591 0.00083204454689637681 0.00034311680678637276 0.02148216804388263 0.012693401602169191 0.021744448244149395 0.039112049238435156 0.01653966441312257 -0.0078745704016863326 0.092487221826677735 0.0071081465060013303 -0.013862953814844202 0.032116986740203128 0.0016279895787317162 -0.0023193080605012645 0.0016012447693510353 0.016786648383676949 0.003109379534279044
leaf_weight=32454 74 2261 781 22 34 3981 35 163 8722 11822 2639 1366 188 3895 581 276 103 51 29 34 233 23 315 231 21 2428 8048 1521 320 293
leaf_count=32454 74 2261 781 22 34 3981 35 163 8722 11822 2639 1366 188 3895 581 276 103 51 29 34 233 23 315 231 21 2428 8048 1521 320 293
internal_value=-1.40375e-12 -0.000177928 0.00281742 0.0175711 0.00241443 0.00346433 0.0344614 0.000350126 0.000517031 0.00129822 0.00249005 0.0034688 0.00730957 0.00246652 0.00555695 0.00776469 0.0118173 0.00850553 0.0271493 0.0444628 -0.00255566 0.0627203 0.0138209 -0.00319423 -0.0100313 -0.000287521 -0.00140445 0.000790313 0.00408541 0.0102492
internal_weight=82944 78017 4927 131 4796 4015 57 45563 43302 21970 10148 7509 1554 5955 2060 1645 1064 875 189 86 284 52 591 415 252 21332 10476 10856 2134 613
internal_count=82944 78017 4927 131 4796 4015 57 45563 43302 21970 10148 7509 1554 5955 2060 1645 1064 875 189 86 284 52 591 415 252 21332 10476 10856 2134 613
is_linear=0
shrinkage=0.05


Tree=89
num_leaves=31
num_cat=0
split_feature=0 5 157 4 0 4 5 4 2 4 157 5 0 3 3 4 0 161 4 3 157 4 157 4 3 2 157 2 0 0
split_gain=15.0103 11.0255 9.75008 22.7128 20.0509 16.105 29.1891 50.1728 30.596 17.4483 15.3591 17.1376 16.3046 17.9132 15.224 15.0234 14.6912 13.8302 19.5034 29.7263 24.5698 45.5759 16.2807 29.3678 12.7931 11.4381 10.716 19.181 11.0322 14.5458
threshold=1.6656405814953195 -0.36482234570003175 -0.44226394673368169 -0.81793260411589741 -0.36367991677765837 -0.52925050854558109 -0.85925218225391875 -1.4193536365540573 -0.32560655714940739 -0.89010312800847657 -0.67395931651051355 -1.366818105386737 0.84254034633342811 -0.38564086295595207 -1.7429568667747763 -1.275012588768899 0.38041459796964644 1.0801555850340541 -0.21651157167773741 -1.5868423785307451 -0.17427846833409141 0.57736419114063386 0.50473852548825293 -0.55330734984310703 -1.0051323254780951 -0.30691179284323122 -0.17427846833409141 -0.22208707570492706 0.6111987302090014 0.30657967186751606
decision_type=2 2 2 2 2 2 2 2 2 2 2 2 2 2 2 2 2 2 2 2 2 2 2 2 2 2 2 2 2 2
left_child=1 2 4 14 25 6 7 10 9 15 12 -12 13 -6 -4 -9 -8 -5 19 -19 21 -20 24 -24 -21 -1 27 -16 29 -28
right_child=-2 -3 3 17 5 -7 16 8 -10 -11 11 -13 -14 -15 26 -17 -18 18 20 22 -22 -23 23 -25 -26 -27 28 -29 -30 -31
leaf_value=-0.0017575402928172699 0.0026765498965548033 0.00033261983072633124 -0.031092812690690582 1.4166298399837972e-05 -0.0024628700812351755 0.00019989992681991996 0.0029519668491143659 0.011473606815016416 0.005634792270283866 0.0066818800132123699 -0.0035267748341609078 -0.04126548246048125 -0.018100501484429099 0.02315750970560855 -0.0069612582378602867 0.029914064065468239 -0.016068639616597307 0.03395121854675167 -0.047333040016570266 0.014267893574531893 -0.0047577593629271539 -0.003266818935919861 0.019392662752117661 -0.03437277877783794 -0.0042919900450011216 -0.014103920288288441 -0.0026277734545497099 -0.034029272996204001 0.0017465569696454364 -0.010586397459489472
leaf_weight=4938 4927 45563 53 12699 264 5174 190 158 851 190 65 56 107 92 837 367 218 68 105 164 958 133 37 81 214 195 2503 71 921 745
leaf_count=4938 4927 45563 53 12699 264 5174 190 158 851 190 65 56 107 92 837 367 218 68 105 164 958 133 37 81 214 195 2503 71 921 745
internal_value=2.80219e-12 -0.000169032 -0.000873314 -0.00157564 0.000196089 0.00180441 0.0050498 0.00737651 0.0120409 0.0196655 -0.00513111 -0.0209926 -0.000985876 0.00415813 -0.00443395 0.0243644 -0.007211 -0.000561521 -0.0047153 0.00294941 -0.00832976 -0.0227078 -0.00130084 -0.0175141 0.00376045 -0.00222657 -0.00415565 -0.00907781 -0.00308362 -0.00445326
internal_weight=82944 78017 32454 19589 12865 7732 2558 2150 1566 715 584 121 463 356 5130 525 408 14459 1760 564 1196 238 496 118 378 5133 5077 908 4169 3248
internal_count=82944 78017 32454 19589 12865 7732 2558 2150 1566 715 584 121 463 356 5130 525 408 14459 1760 564 1196 238 496 118 378 5133 5077 908 4169 3248
is_linear=0
shrinkage=0.05


Tree=90
num_leaves=31
num_cat=0
split_feature=0 1 156 161 123 45 1 158 81 70 140 2 5 1 17 59 156 1 0 0 3 88 116 121 87 107 2 2 1 162
split_gain=13.5468 10.575 10.392 10.3466 18.0708 14.8067 14.7236 15.091 11.5424 12.0503 11.596 11.0704 14.7692 16.9386 12.3832 11.3694 22.0443 21.7553 21.045 13.4152 11.0495 11.0457 11.974 10.7184 10.5692 10.0317 10.2067 9.83157 13.7812 9.63774
threshold=1.6656405814953195 -0.59795434504505962 1.7077461606554207 -0.76213734878580341 1.4923095708913252 1.532111367538523 -0.7786691124769799 1.0152913959681018 2.0573568956297499 0.26450219452148033 1.2607796072607038 1.2692868776986932 1.1577679250097914 0.75658325704980456 -0.011946145509137985 -0.093857514182285287 0.30811198432798453 1.4664216096701257 0.35859460280897909 0.19015298867451699 2.5256283651572891 -1.0287513399973454 -1.7131374997470081 0.35749183135885559 0.044690943472262511 0.42110499641338023 -0.62684519102078939 -0.038050289856680734 -0.1847825144926567 0.69631062382279152
decision_type=2 2 2 2 2 2 2 2 2 2 2 2 2 2 2 2 2 2 2 2 2 2 2 2 2 2 2 2 2 2
left_child=3 2 -2 4 6 -6 7 -1 9 25 -10 29 23 14 -14 18 20 -18 19 -15 -17 -11 -23 -13 -19 26 -8 -3 -29 -5
right_child=1 27 -4 11 5 -7 8 -9 10 21 -12 12 13 15 -16 16 17 24 -20 -21 -22 22 -24 -25 -26 -27 -28 28 -30 -31
leaf_value=0.010379753976908908 0.004199096235144582 -0.0034873784708702466 0.032604505411316563 -0.00026165285747108428 0.0079128089618585983 -0.013118142595307695 -0.0042750577863892121 -0.0024885378803500471 -0.002848022123128539 0.0089018130328556953 -0.018506217959170412 -0.0036401663217756073 0.0078161169216036802 -0.011851304941810668 0.063456065375357862 0.003981669914362421 0.069739909895828789 0.023859824592571906 0.00050012610384220679 -0.059774406966955768 -0.027171497643475647 -0.0090492327350666785 0.0022372211776813498 -0.029467305693436752 -0.0046065730700755253 0.0027409232663777303 -0.00030630534243416532 0.016839393444129148 0.0024619424241850247 -0.0017582870510197764
leaf_weight=699 74 664 57 33189 1194 90 1837 338 545 587 151 149 20 40 20 1537 21 112 944 23 29 249 4179 55 46 2333 13715 174 3958 15915
leaf_count=699 74 664 57 33189 1194 90 1837 338 545 587 151 149 20 40 20 1537 21 112 944 23 29 249 4179 55 46 2333 13715 174 3958 15915
internal_value=-7.37243e-13 0.00254272 0.0165587 -0.00016058 0.000655814 0.00643868 0.000354381 0.00618546 9.81165e-05 0.000290907 -0.00624513 -0.000566694 0.00238398 0.00333291 0.0356361 0.00286339 0.00530475 0.021927 -0.00136717 -0.029347 0.00340476 0.00245692 0.00160255 -0.0106034 0.0155721 -0.000316449 -0.000775094 0.00215988 0.00306738 -0.000746724
internal_weight=82944 4927 131 78017 25917 1284 24633 1037 23596 22900 696 52100 2996 2792 40 2752 1745 179 1007 63 1566 5015 4428 204 158 17885 15552 4796 4132 49104
internal_count=82944 4927 131 78017 25917 1284 24633 1037 23596 22900 696 52100 2996 2792 40 2752 1745 179 1007 63 1566 5015 4428 204 158 17885 15552 4796 4132 49104
is_linear=0
shrinkage=0.05


Tree=91
num_leaves=31
num_cat=0
split_feature=5 4 4 157 162 5 156 4 162 4 157 5 10 156 4 3 155 0 5 2 162 1 160 61 66 26 4 158 0 4
split_gain=12.7809 13.8212 33.8453 20.9037 24.6107 18.7546 25.3236 17.7843 34.8565 28.8197 30.3293 28.4589 28.6083 30.3319 38.1579 35.9152 39.6934 28.0103 45.6791 25.5833 19.5179 24.5061 17.5419 17.0148 16.991 16.9378 16.3204 19.8109 19.7738 16.3151
threshold=0.80943899875580572 -1.1547283822812668 -1.4193536365540573 -0.74611299300863432 -0.6963106238227913 1.3816171070226451 1.0000000180025095e-35 -0.45707998465300159 -1.0444659357341868 0.12028420648763201 1.7010387896716377 1.3494002584222962 -0.12948391192408332 1.1133806251238731 -0.62547787373568664 1.7801869735868816 -0.10244927025174079 2.4153235705169318 1.3937669968156989 0.028095304697620668 0.34815531191139576 1.3879351022958639 1.0000000180025095e-35 -0.39192406037302757 0.088917901170241148 1.3666833555308131 -0.81793260411589741 1.0792073135802653 1.4479213173329801 1.5636946843392165
decision_type=2 2 2 2 2 2 2 2 2 2 2 2 2 2 2 2 2 2 2 2 2 2 2 2 2 2 2 2 2 2
left_child=-1 2 3 -2 -5 6 -4 8 -3 10 -9 12 -10 19 -15 -16 -17 24 -19 -14 21 23 -22 -11 -12 -24 27 -13 -29 -25
right_child=1 7 5 4 -6 -7 -8 9 11 20 17 26 13 14 15 16 -18 18 -20 -21 22 -23 25 29 -26 -27 -28 28 -30 -31
leaf_value=-0.0004126505937172065 -0.0070337581011325591 -0.0042374709322224131 -0.0039312579579318828 0.019777388752449818 0.0025829408157315241 0.002457979844547902 -0.017219942054660414 -0.0043218956182456969 -0.00074132545521809427 -0.0022152642454975387 0.010359455287472639 0.0024706132277328031 0.018580886059452368 0.013626986472798001 0.026011842312989759 0.13026416642325264 0.040002010146091727 0.091828520774841313 0.012788703447800157 0.0044798992700603906 0.0023720290308280687 0.00086570364795592622 -0.0049472716369469193 0.0093156233924596259 -0.014486641711222806 0.011236478236370855 -0.0052602337741517258 0.058033055981949848 0.0077476646805576897 -0.0053069619815660982
leaf_weight=57519 467 1023 902 239 1610 447 595 3799 599 453 231 544 438 389 100 21 29 25 68 1211 2441 3841 2123 2578 98 175 693 34 46 206
leaf_count=57519 467 1023 902 239 1610 447 595 3799 599 453 231 544 438 389 100 21 29 25 68 1211 2441 3841 2123 2578 98 175 693 34 46 206
internal_value=-4.72168e-12 0.00093354 -0.00166492 0.00241821 0.00480548 -0.00652939 -0.009213 0.00145655 0.00401999 0.000637071 -0.00290931 0.00607832 0.00894052 0.0115911 0.0218881 0.0433119 0.0779121 0.00980732 0.034036 0.00822534 0.00190383 0.00356656 -0.000579563 0.00677137 0.00295849 -0.00371483 2.14032e-05 0.00588707 0.029119 0.00823364
internal_weight=82944 25425 4260 2316 1849 1944 1497 21165 5127 16038 4221 4104 2787 2188 539 150 50 422 93 1649 11817 7078 4739 3237 329 2298 1317 624 80 2784
internal_count=82944 25425 4260 2316 1849 1944 1497 21165 5127 16038 4221 4104 2787 2188 539 150 50 422 93 1649 11817 7078 4739 3237 329 2298 1317 624 80 2784
is_linear=0
shrinkage=0.05


Tree=92
num_leaves=31
num_cat=0
split_feature=0 4 159 0 4 4 0 139 2 157 4 112 114 2 4 11 5 5 2 4 4 157 158 5 156 156 0 5 2 4
split_gain=11.9879 14.5453 11.4178 10.2005 22.3064 29.3109 21.4776 12.091 9.73956 13.6833 20.7306 31.8986 22.4749 18.4524 14.9099 13.2251 9.8679 9.02419 14.9196 14.5328 17.9225 21.3431 17.1359 15.902 23.6226 24.0766 20.4486 15.5638 20.1892 15.5594
threshold=1.9255171228092469 0.6976483976282658 1.2514084728909129 2.4867904811687107 0.38490946076042243 0.072170523892579191 2.0852076738310585 0.40862958060596372 -0.13518206849836201 1.7010387896716377 -0.62547787373568664 -0.18185744986742583 -0.055806292825757074 3.6149727007184684 -0.07217052389257915 -0.034090791939113831 -1.329399109984837 0.42390874111036964 0.97184569737592008 -1.1306715409837407 -1.4193536365540573 -0.74611299300863432 0.74090168677658708 1.1577679250097914 0.30811198432798453 1.0000000180025095e-35 0.8288242652497938 1.2818148012909092 0.33995594555182285 -1.1787852235787935
decision_type=2 2 2 2 2 2 2 2 2 2 2 2 2 2 2 2 2 2 2 2 2 2 2 2 2 2 2 2 2 2
left_child=17 3 -3 4 5 8 -7 -6 -2 13 16 -12 -13 -10 -15 -14 -11 18 -1 20 21 -19 27 -23 25 -25 -26 28 -22 -30
right_child=1 2 -4 -5 7 6 -8 -9 9 10 11 12 15 14 -16 -17 -18 19 -20 -21 22 23 -24 24 26 -27 -28 -29 29 -31
leaf_value=-0.00049295155171903595 -0.0041905103758576199 -0.011738613873320116 0.0021550583568927268 0.0017650980541434797 0.021321643246565804 0.0067894454186457689 -0.047113392031973317 0.060318109212443231 0.0093228177814116651 0.018996454353698275 0.08829609475852479 0.072193073267117144 0.042491365761003076 0.0051304747443646197 -0.054518865387548104 0.0065270706847902317 -0.0098826964486306689 -0.0082851125549836986 -0.021336992525733834 0.0010439253823866352 -0.0056632779209729554 -0.000814698787840615 0.0012348886708125402 0.0075516143986173491 0.052585544014970467 -0.015022068558729763 0.014354044367829161 -0.00018719936873822009 -0.024294450446806951 -0.0040767193328285819
leaf_weight=48811 112 236 396 831 97 33 42 25 293 55 21 20 34 20 22 103 64 512 86 26173 814 1262 818 728 45 141 157 520 341 132
leaf_count=48811 112 236 396 831 97 33 42 25 293 55 21 20 34 20 22 103 64 512 86 26173 814 1262 818 728 45 141 157 520 341 132
internal_value=1.1699e-12 0.00347927 -0.00303309 0.00580196 0.00936692 0.00639575 -0.0233961 0.0293127 0.00939896 0.0118072 0.0196208 0.0304218 0.0226806 0.00487994 -0.0261144 0.0154525 0.00346481 -0.000103851 -0.000529612 0.000554065 -0.00178983 0.000959322 -0.00476939 0.0029881 0.00746909 0.00388891 0.022871 -0.00748743 -0.010437 -0.0186523
internal_weight=82944 2404 632 1772 941 819 75 122 744 632 297 178 157 335 42 137 119 80540 48897 31643 5470 2845 2625 2333 1071 869 202 1807 1287 473
internal_count=82944 2404 632 1772 941 819 75 122 744 632 297 178 157 335 42 137 119 80540 48897 31643 5470 2845 2625 2333 1071 869 202 1807 1287 473
is_linear=0
shrinkage=0.05


Tree=93
num_leaves=31
num_cat=0
split_feature=0 1 161 154 156 152 1 162 56 93 2 23 5 33 0 27 136 41 42 22 157 4 131 41 54 35 96 141 157 5
split_gain=10.8746 9.89135 8.80118 16.8851 15.4948 15.3912 11.7782 11.6513 11.3247 11.0766 10.6114 10.1978 9.93305 11.0237 9.61648 8.99243 8.53966 12.8493 10.6494 9.96455 8.56079 8.47568 8.32105 10.7773 8.74142 8.36186 10.0837 9.95958 8.25807 21.4443
threshold=1.6656405814953195 -0.86307710905505564 -0.76213734878580341 -0.38856964673107935 -0.91243033262262674 -0.50135487957243297 -0.78522193271384044 -0.6963106238227913 2.2412239811549841 -0.43584846737551564 -1.1616648524319568 0.20710187018570636 -0.24472827403652589 1.7994975199525902 -1.1393166857210482 0.11551674918242273 -0.70087662319385446 -0.45524594724900741 -0.2424557033210635 -0.38932422233355418 1.7010387896716377 -0.81793260411589741 0.041701249246578136 -0.34571517609783126 -3.276086382696064 -0.023668098061877332 1.3883725665087139 2.7276124495622742 -0.44226394673368169 -1.1922423828014173
decision_type=2 2 2 2 2 2 2 2 2 2 2 2 2 2 2 2 2 2 2 2 2 2 2 2 2 2 2 2 2 2
left_child=2 -2 3 4 8 11 7 -5 -1 -7 21 -6 13 28 -14 -10 17 19 -19 -12 -20 -8 23 -18 -25 -24 27 -27 29 -4
right_child=1 -3 12 6 5 9 10 -9 15 -11 16 -13 14 -15 -16 -17 22 18 20 -21 -22 -23 25 24 -26 26 -28 -29 -30 -31
leaf_value=-0.00099870351308236661 0.028391015497294982 0.0020859698155280609 0.0045970287675507803 -0.0030744824970762551 0.0055101072265406909 -0.0015492527366920488 -0.02240825218168345 0.0098186509226302291 -0.0089699038934694334 0.0047185568295395582 0.011167916513127464 0.014671289165526992 -0.0015553980797604536 -0.0063688641264230995 0.00066019814444015989 -0.05099810895510018 0.0034241799914878899 0.00020853757043965971 -0.0072567397540898738 -0.0014162306664355143 -0.023921064751976657 -0.0033554508811915172 -0.00025737516196677301 -0.02930838159019394 -0.0013241297092733925 0.0039868718154023814 -0.0078208110989799028 -0.021417841415565748 -0.0017817681479565782 -0.0011439358293289389
leaf_weight=1089 36 4891 2086 254 794 1090 94 565 35 1995 223 492 6399 1006 20872 20 1333 512 934 534 84 154 3577 28 8296 3575 200 39 14351 7386
leaf_count=1089 36 4891 2086 254 794 1090 94 565 35 1995 223 492 6399 1006 20872 20 1333 512 934 534 84 154 3577 28 8296 3575 200 39 14351 7386
internal_value=2.28355e-12 0.00227817 -0.000143873 0.000609088 0.00306376 0.00441961 -5.44513e-05 0.00582005 -0.00211669 0.002504 -0.000300135 0.00901501 -0.000518431 -0.00124197 0.00014032 -0.0242529 -0.000168318 -0.00303726 -0.00567346 0.00229086 -0.00863179 -0.0105771 0.000216553 -0.000749838 -0.00141826 0.00147923 0.00310792 0.00371272 -0.00102547 0.000120386
internal_weight=82944 4927 78017 25917 5515 4371 20402 819 1144 3085 19583 1286 52100 24829 27271 55 19335 2287 1530 757 1018 248 17048 9657 8324 7391 3814 3614 23823 9472
internal_count=82944 4927 78017 25917 5515 4371 20402 819 1144 3085 19583 1286 52100 24829 27271 55 19335 2287 1530 757 1018 248 17048 9657 8324 7391 3814 3614 23823 9472
is_linear=0
shrinkage=0.05


Tree=94
num_leaves=31
num_cat=0
split_feature=3 0 0 0 0 146 156 1 0 4 156 1 160 5 3 3 5 0 5 4 5 98 5 3 91 2 57 1 116 4
split_gain=10.15 10.335 24.1524 24.5287 15.5654 11.9992 11.9155 14.5988 10.3423 10.1929 9.0747 19.061 15.6828 27.1446 36.4023 18.1824 18.2425 13.795 13.5082 35.5316 17.5869 23.6133 13.3787 11.1451 11.1562 10.9445 8.8878 8.69436 9.26507 8.63154
threshold=1.7319852129670281 -1.3580487910558141 0.27154823262650846 0.32328236628100543 0.86494808874613149 0.10358888283565564 -0.89145085320713391 1.8972770430843779 0.68417156612156982 -0.8660462867109503 1.7077461606554207 -0.84202227702006482 1.0000000180025095e-35 1.1922423828014177 1.3589231993094304 0.45612134750475825 1.121095921206507 1.2871536648946609 -1.157767925009791 0.96227365190105629 -1.329399109984837 0.039190529236205432 -1.157767925009791 0.13518635280605001 0.0038128442416747814 2.1237758111861855 0.03332714714381349 -0.075634951846821966 2.3444617802011654 -0.64953471503321258
decision_type=2 2 2 2 2 2 2 2 2 2 2 2 2 2 2 2 2 2 2 2 2 2 2 2 2 2 2 2 2 2
left_child=10 -2 5 -4 8 9 7 -6 -5 -3 -1 22 13 15 -15 16 18 25 19 20 -13 23 -12 24 -22 27 -23 -14 -29 -10
right_child=1 2 3 4 6 -7 -8 -9 29 -11 11 12 17 14 -16 -17 -18 -19 -20 -21 21 26 -24 -25 -26 -27 -28 28 -30 -31
leaf_value=-0.00031625280085157705 -0.019491895626891742 0.046733885254001337 -0.053484430518001315 -0.0024440320060600314 0.018987105915041054 0.05358670335263014 0.0022244315790516233 -0.02165737842768431 -0.0025581923025172382 0.0073799329956895426 0.056743626312042272 -0.0049665359714776763 0.022851757792731017 0.080504962227617716 -0.0085373345233330684 -0.0077369880989381738 0.048333251159638171 0.00029333084610577687 -0.00087669776912051908 -0.015163069538457294 0.049592254989118761 0.0025283606152702622 0.012676426600359503 0.0048173941891743906 0.023508593091071492 -0.012456478064848205 0.036834216976006119 0.0074448169501659962 0.041013239643403462 -0.031229638659528325
leaf_weight=70577 55 21 20 274 190 27 4708 25 42 76 24 107 112 24 22 763 20 905 3219 142 76 187 61 36 89 59 21 971 21 70
leaf_count=70577 55 21 20 274 190 27 4708 25 42 76 24 107 112 24 22 763 20 905 3219 142 76 187 61 36 89 59 21 971 21 70
internal_value=-6.29363e-13 0.00207388 0.0022914 0.0017838 0.00199201 0.0241059 0.0027501 0.014261 -0.00767664 0.0158999 -0.000147515 0.00158875 0.00129349 -0.000301318 0.0379195 -0.000678605 0.000703368 0.00492269 0.000457663 0.00698548 0.0130806 0.017802 0.0251189 0.0300234 0.0355229 0.00852507 0.00599193 0.00964637 0.00815544 -0.0204778
internal_weight=82944 5508 5453 5329 5309 124 4923 215 386 97 77436 6859 6774 4706 46 4660 3897 2068 3877 658 516 409 85 201 165 1163 208 1104 992 112
internal_count=82944 5508 5453 5329 5309 124 4923 215 386 97 77436 6859 6774 4706 46 4660 3897 2068 3877 658 516 409 85 201 165 1163 208 1104 992 112
is_linear=0
shrinkage=0.05


Tree=95
num_leaves=31
num_cat=0
split_feature=156 1 3 0 3 0 1 77 0 4 159 0 4 4 0 139 100 32 20 54 94 99 134 1 67 157 2 4 3 157
split_gain=9.74453 13.7305 14.7141 10.549 8.64748 13.9099 14.9879 7.87858 7.17003 12.9444 10.4616 9.45964 24.4989 26.4527 19.3835 11.0254 9.75903 11.2405 14.6916 27.1846 10.2195 10.12 8.53439 8.02783 7.93725 7.85774 14.2579 12.86 17.3605 7.23416
threshold=-0.50537016327236373 2.0425026073378794 1.8368263236736897 -1.3042849253049436 -1.2041145644625393 0.39239371894061464 -0.5442204908634396 1.0000000180025095e-35 1.9255171228092469 0.67359155633073942 1.2514084728909129 2.4867904811687107 0.38490946076042243 0.072170523892579191 2.0852076738310585 0.40862958060596372 -0.023128120824967138 -0.12227654123164201 -0.012043431745817236 0.021826001409973084 -0.27181176011613745 -0.021539169557062782 0.015202621147353603 3.1754622378610287 -0.011857490903258841 1.7010387896716377 2.9539482999982698 0.91415996930600352 3.6202699090239405 1.7010387896716377
decision_type=2 2 2 2 2 2 2 2 2 2 2 2 2 2 2 2 2 2 2 2 2 2 2 2 2 2 2 2 2 2
left_child=1 2 4 -4 5 -1 7 -7 -2 11 -11 12 13 16 -15 24 21 -18 19 -19 -20 23 -23 -10 -14 27 -27 28 -12 -24
right_child=8 -3 3 -5 -6 6 -8 -9 9 10 25 -13 15 14 -16 -17 17 18 20 -21 -22 22 29 -25 -26 26 -28 -29 -30 -31
leaf_value=-0.0019899663402135458 0.0003084744423464895 -0.037702130913734443 -0.01858571042120457 0.015844710628988481 -0.00051643627270857122 -0.023569150192509748 -0.051124633072564998 -0.0056361906415655872 -0.00023522180255555934 -0.011043114417306633 0.0031901884919286454 0.0014514478965658893 -0.0037876476533710958 0.0062344531175878015 -0.044973242699745154 0.06190717604173266 -0.020627503965515645 0.077925315176924845 -0.017015705972203407 0.017431748028701313 0.015183367272846049 0.0059616773555265564 0.014444425743722329 -0.031988647875418379 0.031637768652581146 0.0010477974597951243 -0.034241074597572578 0.002515283000230439 0.067555222064256668 0.05198443890327499
leaf_weight=1635 47220 25 25 202 31085 82 24 242 209 246 22 825 21 33 42 23 20 26 29 65 164 155 33 22 64 181 34 149 20 21
leaf_count=1635 47220 25 25 202 31085 82 24 242 209 246 22 825 21 33 42 23 20 26 29 65 164 155 33 22 64 181 34 149 20 21
internal_value=6.01289e-14 -0.000661381 -0.000633568 0.0120528 -0.000720656 -0.00392194 -0.0129989 -0.0101748 0.000444084 0.00310775 -0.00290657 0.00534596 0.00881195 0.00586024 -0.0224419 0.0311958 0.00871327 0.0156026 0.018154 0.0347156 0.0103452 0.00395338 0.0119254 -0.00325936 0.0228856 0.00202345 -0.00453277 0.00940349 0.0338402 0.0290433
internal_weight=82944 33320 33295 227 33068 1983 348 324 49624 2404 652 1752 927 819 75 108 744 304 284 91 193 440 209 231 85 406 215 191 42 54
internal_count=82944 33320 33295 227 33068 1983 348 324 49624 2404 652 1752 927 819 75 108 744 304 284 91 193 440 209 231 85 406 215 191 42 54
is_linear=0
shrinkage=0.05


Tree=96
num_leaves=31
num_cat=0
split_feature=5 4 4 158 4 157 140 148 5 21 57 97 83 158 2 157 4 1 5 156 2 5 5 4 5 162 4 1 5 1
split_gain=9.1681 15.5368 17.8069 17.489 26.1923 17.936 17.2329 18.6205 17.4625 17.2754 18.823 24.035 22.5153 16.7532 15.307 15.001 14.4158 13.9877 19.546 13.9036 17.0022 15.9783 13.5811 13.0426 17.0732 24.2626 14.9605 30.5533 25.8795 24.6613
threshold=0.42390874111036964 -1.1306715409837407 -1.4193536365540573 0.19793268244154283 0.67359155633073942 1.7010387896716377 -0.18912134012541371 -0.18063214938902067 0.70535813777146761 0.080163429607257183 0.046309752891276916 0.18019421973364927 -0.080395614272981281 0.74090168677658708 -0.66885295725679506 -0.74611299300863432 0.81793260411589797 2.9043329545265064 1.3816171070226451 1.7077461606554207 4.2843765881725044 0.7581082167444495 1.3937669968156989 -0.81793260411589741 0.9074519576230029 0.34815531191139576 0.38490946076042243 0.143870832243327 1.3937669968156989 2.0425026073378794
decision_type=2 2 2 2 2 2 2 2 2 2 2 2 2 2 2 2 2 2 2 2 2 2 2 2 2 2 2 2 2 2
left_child=-1 2 15 4 5 14 8 -8 -7 -9 11 12 -11 22 -3 -2 19 23 -19 20 21 -6 -4 24 -5 -26 27 -25 29 -29
right_child=1 3 13 17 16 6 7 9 -10 10 -12 -13 -14 -15 -16 -17 -18 18 -20 -21 -22 -23 -24 26 25 -27 -28 28 -30 -31
leaf_value=-0.00043277174772294127 -0.0060864098362919334 0.018767118298147038 -0.0087914897613606442 -0.0035253674804006916 -0.025722338324080093 0.014129935226016891 0.00085108257218023719 0.011148513756087332 -0.0064252027038022852 0.088323233649134636 0.0094744895841965149 -0.0025450992028646429 0.036057150132697204 0.001299697877305258 0.0025674119861823163 0.0027077602231168874 0.00059455383429370622 -0.061719063589010727 -0.0024987232024278987 0.0069037140136164717 -0.053808915242552761 -0.0044568114740212569 0.0032296226379519583 0.0010530711634486292 0.0016573417125872302 0.017334086345200124 0.0010929977432341277 -0.0076806045106608441 0.002146840552723532 -0.031222765780275025
leaf_weight=49437 606 149 1686 467 112 154 310 744 314 27 96 29 87 847 6831 2427 4397 22 38 140 22 418 273 3040 609 415 6495 1942 692 118
leaf_count=49437 606 149 1686 467 112 154 310 744 314 27 96 29 87 847 6831 2427 4397 22 38 140 22 418 273 3040 609 415 6495 1942 692 118
internal_value=2.0229e-12 0.000638521 -0.00170518 0.00113313 0.00239058 0.00405086 0.00856006 0.0115358 0.000338667 0.0149053 0.0266002 0.0380971 0.048436 -0.00457588 0.00291322 0.000950666 -0.000461166 -0.000123587 -0.0242128 -0.00716926 -0.0107385 -0.00895066 -0.00711627 -1.86841e-05 0.00439747 0.00801071 -0.000554574 -0.00240212 -0.0062189 -0.00902914
internal_weight=82944 33507 5839 27668 13830 8741 1761 1293 468 983 239 143 114 2806 6980 3033 5089 13838 60 692 552 530 1959 13778 1491 1024 12287 5792 2752 2060
internal_count=82944 33507 5839 27668 13830 8741 1761 1293 468 983 239 143 114 2806 6980 3033 5089 13838 60 692 552 530 1959 13778 1491 1024 12287 5792 2752 2060
is_linear=0
shrinkage=0.05


Tree=97
num_leaves=31
num_cat=0
split_feature=156 1 5 162 1 5 2 161 4 2 4 156 4 157 1 4 156 4 4 157 156 130 2 41 10 4 4 161 4 4
split_gain=8.83348 12.4205 8.58474 18.378 22.3895 17.9929 13.172 12.0915 11.9835 13.2917 11.5931 28.0156 16.4101 60.7127 24.3959 18.8415 22.6161 21.2087 17.3191 11.7383 11.4955 10.9939 9.61694 9.53859 9.51446 8.67965 34.2099 15.2364 35.3208 11.8022
threshold=-0.50537016327236373 2.0425026073378794 -0.30505838731801371 -1.0444659357341868 -0.92055808308115339 -0.99864169796795754 -0.48423392821983258 1.0801555850340541 0.50519366724805459 -0.31961012824822166 -1.4193536365540573 1.1133806251238731 -0.89010312800847657 -0.081021797575027532 0.011189796010572664 -0.52925050854558109 -0.066328909107563699 0.072170523892579191 0.072170523892579191 -0.081021797575027532 1.0000000180025095e-35 -0.035940624699218174 0.64459424129650122 -0.079162148118099226 0.04438041532537941 -0.57736419114063342 -0.21651157167773741 1.0801555850340541 0.28868209557031688 -1.3231262713639518
decision_type=2 2 2 2 2 2 2 2 2 2 2 2 2 2 2 2 2 2 2 2 2 2 2 2 2 2 2 2 2 2
left_child=1 -1 3 4 24 25 -4 -5 10 -10 11 -9 13 14 21 20 18 19 -17 -18 -14 -12 -13 -23 -2 29 -27 -28 -29 -6
right_child=2 -3 6 7 5 -7 -8 8 9 -11 12 22 15 -15 -16 16 17 -19 -20 -21 -22 23 -24 -25 -26 26 27 28 -30 -31
leaf_value=-0.00060325208463680774 -0.051133160654342535 -0.035859192490577695 0.0061182910616222825 -0.00023036104219042045 -0.0017807372425713043 0.0010994141999378611 0.00076543083249560283 -0.014190493690196513 0.0023917638938670579 -0.012472464985142824 0.026343668927016763 0.0065874931251741365 0.0053787949969548556 -0.0062283206899437843 -0.0026163131764915309 0.0023418732427267566 -0.0023597080299821711 0.024418943076300513 -0.032338333378235502 0.013653335407018727 -0.015734923408038407 0.021905672235017715 0.035730097383049345 0.056221903428251369 -0.014205374586320409 0.014558586814690015 -0.004376182794544832 -0.046957575502494971 -0.0047905932587641135 -0.015566905417179536
leaf_weight=33295 33 25 1200 15003 239 1492 27182 215 490 217 138 111 105 204 50 108 234 218 54 224 167 27 38 81 37 213 879 75 147 443
leaf_count=33295 33 25 1200 15003 239 1492 27182 215 490 217 138 111 105 204 50 108 234 218 54 224 167 27 38 81 37 213 879 75 147 443
internal_value=-2.15773e-12 -0.000629705 0.000422815 -0.000337357 -0.00361611 -0.00305422 0.000991751 0.000322325 0.00341518 -0.00217052 0.00541573 -0.00264286 0.00723768 0.0147589 0.0292231 0.00384973 0.00756105 0.0115821 -0.0092182 0.005472 -0.00758441 0.0356945 0.0140198 0.0476428 -0.0316142 -0.00615905 -0.00378365 -0.00733215 -0.0190362 -0.0107357
internal_weight=82944 33320 49624 21242 3558 3488 28382 17684 2681 707 1974 364 1610 500 296 1110 838 676 162 458 272 246 149 108 70 1996 1314 1101 222 682
internal_count=82944 33320 49624 21242 3558 3488 28382 17684 2681 707 1974 364 1610 500 296 1110 838 676 162 458 272 246 149 108 70 1996 1314 1101 222 682
is_linear=0
shrinkage=0.05


Tree=98
num_leaves=31
num_cat=0
split_feature=103 8 5 4 4 44 139 77 16 156 115 4 5 1 127 0 30 23 154 1 95 157 3 137 156 70 3 124 158 156
split_gain=8.77688 9.56151 11.3625 19.4955 16.4621 18.7096 13.8624 13.2805 11.019 10.2364 10.9081 11.5391 20.214 75.3613 32.0854 18.113 19.0843 16.7963 12.775 12.4403 11.6591 9.87121 9.47698 11.9999 9.39844 9.0421 10.9534 15.4773 11.9672 15.741
threshold=-0.72031583504873387 -0.16808628138864615 0.36482234570003197 -0.12028420648763188 0.67359155633073942 0.96656185315829657 -0.43698908479153858 -0.97069824347028455 0.37707602921021549 1.1133806251238731 -0.061758369251410115 0.9382168106035299 1.0822991561716699 1.0725343352449441 -0.12402142146655055 0.19015298867451699 -0.0074148751101840793 0.13743244386216094 0.051614012730823354 -0.75084511099332085 -0.034031327346714442 1.7010387896716377 -0.1869908818347423 0.18989280419116281 1.7077461606554207 0.20403089988292586 -1.1439041435746089 0.098879454559197361 -1.7404918888865692 0.30811198432798453
decision_type=2 2 2 2 2 2 2 2 2 2 2 2 2 2 2 2 2 2 2 2 2 2 2 2 2 2 2 2 2 2
left_child=-1 2 -2 -4 7 6 8 -5 -6 25 -11 12 18 14 20 16 -15 -17 19 24 -14 -9 23 -7 -12 26 27 28 -3 -30
right_child=1 9 3 4 5 22 -8 21 -10 10 11 -13 13 15 -16 17 -18 -19 -20 -21 -22 -23 -24 -25 -26 -27 -28 -29 29 -31
leaf_value=-0.0011692263198619256 0.0001271284593656463 -0.01302668012752892 -0.00026764947285919815 0.019763905691126221 0.0062867450119064253 0.031323794426208133 -0.0019461571888878277 0.0052980182004932321 0.036136339042342216 -0.00073430785126009487 0.006604379271535437 -0.0017771322941788972 0.0061950546620344674 0.069154906391420148 0.095916798579748039 0.0064046315620948941 0.010913813307147045 -0.011389651544976171 -0.0013138195985435087 0.0037526409232805751 0.046081212807544757 0.016677538600002588 0.0063338778225638555 -0.0032336373088349192 0.037261262060375881 0.00084523999547835417 -0.00065121228144445062 0.0022932186105941994 -0.0011370108178360881 -0.014716658580733497
leaf_weight=13448 11875 511 3656 208 219 89 1822 1810 36 3959 50 1169 27 22 27 955 39 154 1695 1594 57 213 577 35 50 9309 27368 682 1018 270
leaf_count=13448 11875 511 3656 208 219 89 1822 1810 36 3959 50 1169 27 22 27 955 39 154 1695 1594 57 213 577 35 50 9309 27368 682 1018 270
internal_value=1.6862e-12 0.000226254 0.00113169 0.00250839 0.00453458 0.00196584 -0.000418003 0.00773313 0.0105008 -0.000153629 0.00129175 0.00266548 0.00377755 0.00912811 0.0485013 0.0053927 0.0319188 0.00393365 0.00175511 0.00482585 0.0332607 0.00649616 0.00902894 0.0215697 0.0219328 -0.000515289 -0.000939596 -0.00412077 -0.00655231 -0.00398368
internal_weight=82944 69496 20540 8665 5009 2778 2077 2231 255 48956 9798 5839 4670 1281 111 1170 61 1109 3389 1694 84 2023 701 124 100 39158 29849 2481 1799 1288
internal_count=82944 69496 20540 8665 5009 2778 2077 2231 255 48956 9798 5839 4670 1281 111 1170 61 1109 3389 1694 84 2023 701 124 100 39158 29849 2481 1799 1288
is_linear=0
shrinkage=0.05


Tree=99
num_leaves=31
num_cat=0
split_feature=103 8 5 4 4 12 135 77 2 5 99 44 100 103 156 4 133 8 0 5 2 2 50 88 119 151 40 74 161 63
split_gain=8.10425 9.45903 9.74907 15.186 15.3612 16.955 15.3889 12.297 12.7449 21.6824 14.4114 10.9906 10.7584 9.99251 9.53866 9.64593 15.8909 18.3266 18.7322 35.5612 23.9819 19.7178 10.3282 9.42392 9.34512 9.15213 13.7058 10.1461 16.9769 18.3375
threshold=-0.48083834143779541 -0.16808628138864615 0.36482234570003197 -0.12028420648763188 0.64953471503321303 0.51502405178040767 0.43299529636381684 -0.93820698213630138 2.5083282097764519 1.3937669968156989 -0.15194921503718284 1.0175905635231011 -0.57042362622646059 -0.030707643853227235 1.1133806251238731 0.67359155633073942 -0.053442996955393889 0.17424049725681071 0.041510661571182668 1.121095921206507 2.1237758111861855 0.9452029766701352 -0.069076187011822179 -1.0563677132170475 0.20476325363588194 0.03536919611666952 -0.10738016113408376 0.038638241605182082 1.6942532296406732 -0.047032717135719153
decision_type=2 2 2 2 2 2 2 2 2 2 2 2 2 2 2 2 2 2 2 2 2 2 2 2 2 2 2 2 2 2
left_child=-1 2 -2 13 7 11 12 -5 -9 10 -10 -6 -7 23 -3 16 -16 18 19 -18 21 22 -21 -4 -17 26 -20 28 -28 -30
right_child=1 14 3 4 5 6 -8 8 9 -11 -12 -13 -14 -15 15 24 17 -19 25 20 -22 -23 -24 -25 -26 -27 27 -29 29 -31
leaf_value=-0.00095979544602922239 0.00023134995651355236 -0.0004804765147387839 0.02316758155464553 0.019309533045805755 -0.0025938461368737267 0.0030675761421965339 0.0020195522371881771 0.0049167644367878391 0.068720423492292557 0.0017063678642593866 0.024132807628327126 0.0077447001949715356 0.023318497042041184 -0.0014787540387512024 -0.0010700845284488236 -0.0029210724595633212 0.0029247234231560993 -0.0002773168589911871 -8.7613125516560361e-06 0.01391708586850892 0.0099169355399984244 0.097585640661418449 0.056162821616117777 0.0033019332938094095 0.0035718548270675162 0.0017596099058146521 0.013058560483863444 0.0066548245472635567 0.076925796602407226 0.017584912131230038
leaf_weight=17384 10783 37537 65 206 1460 96 407 1581 24 97 74 312 207 2595 2243 2039 163 1536 398 23 48 20 39 732 761 1121 366 574 23 30
leaf_count=17384 10783 37537 65 206 1460 96 407 1581 24 97 74 312 207 2595 2243 2039 163 1536 398 23 48 20 39 732 761 1121 366 574 23 30
internal_value=-1.65239e-12 0.000254501 0.0012074 0.0025471 0.00446338 0.00184235 0.00837095 0.00774561 0.0064043 0.0184648 0.0350522 -0.000773515 0.0169024 2.52185e-05 -0.00012403 0.00130179 0.00234719 0.0041129 0.00651696 0.0184809 0.0379859 0.0544165 0.040491 0.00492209 -0.00115639 0.00512149 0.00783081 0.010973 0.0168885 0.0433366
internal_weight=82944 65560 18639 7856 4464 2482 710 1982 1776 195 98 1772 303 3392 46921 9384 6584 4341 2805 293 130 82 62 797 2800 2512 1391 993 419 53
internal_count=82944 65560 18639 7856 4464 2482 710 1982 1776 195 98 1772 303 3392 46921 9384 6584 4341 2805 293 130 82 62 797 2800 2512 1391 993 419 53
is_linear=0
shrinkage=0.05


Tree=100
num_leaves=31
num_cat=0
split_feature=156 1 3 0 3 1 0 0 5 5 5 162 1 5 2 92 10 76 3 55 156 114 123 1 16 162 3 0 5 51
split_gain=7.34332 11.231 12.8434 9.47022 7.03256 12.0738 8.38727 17.5794 7.23777 18.0495 6.95604 15.9098 20.1036 15.855 11.9507 10.8271 8.46423 8.45005 8.55912 9.94211 8.55253 13.9431 11.0073 10.5467 11.1724 8.15946 12.8047 16.0817 26.3781 16.5932
threshold=-0.50537016327236373 2.0425026073378794 1.8368263236736897 -1.3042849253049436 -1.2041145644625393 -0.49008798855902314 0.30657967186751606 0.24629130255711773 -1.366818105386737 -1.329399109984837 -0.30505838731801371 -1.0444659357341868 -0.92055808308115339 -0.99864169796795754 -0.48423392821983258 -0.91279729924966235 0.04438041532537941 0.15194404554565058 -0.20290485855774529 -0.46915272882135189 1.7077461606554207 -0.11583125211749233 0.14244097640883988 -0.83357705838062135 -0.0080648244993763614 -0.6963106238227913 0.054937349896430558 -0.18353790939267081 1.0822991561716699 -0.14874184419766148
decision_type=2 2 2 2 2 2 2 2 2 2 2 2 2 2 2 2 2 2 2 2 2 2 2 2 2 2 2 2 2 2
left_child=1 2 4 -4 5 6 7 8 -1 -10 11 12 16 -14 -12 -13 -2 18 20 -20 -17 -22 23 -23 -25 26 -16 28 -28 -30
right_child=10 -3 3 -5 -6 -7 -8 -9 9 -11 14 15 13 -15 25 17 -18 -19 19 -21 21 22 -24 24 -26 -27 27 -29 29 -31
leaf_value=-0.019115832088547842 -0.048290009006406322 -0.034074242264032363 -0.017726146519184114 0.014896357487636448 -0.00044618304689500368 -0.028288628739634687 -0.0079654175617286695 0.034214140471844338 0.03954063356612568 -0.0017826670939283585 0.0057807281054538182 -0.003039869196223911 -0.0057315137282882428 0.0010820954320618344 0.0051084367491578781 0.0016926333556673433 -0.01345989196561277 -0.0011817750533861361 0.0070899802884967951 -0.0015945070467625274 -0.0036926613943774793 0.044403108495932361 0.0011933473491493197 0.0047753177901502068 0.018800566976640041 5.4572937370720343e-05 -0.0019934376954868485 0.0017095556172617946 -0.050738972878974421 -0.012875536909231391
leaf_weight=57 33 25 25 202 31085 48 575 35 27 1241 1200 2117 1996 1492 2310 6962 37 4085 370 3015 264 26 277 282 286 17828 736 6184 46 78
leaf_count=57 33 25 25 202 31085 48 575 35 27 1241 1200 2117 1996 1492 2310 6962 37 4085 370 3015 264 26 277 282 286 17828 736 6184 46 78
internal_value=1.50021e-12 -0.000574139 -0.000548985 0.0113036 -0.000630349 -0.00351728 -0.0029028 -0.000762353 -0.00168626 -0.000902755 0.000385505 -0.000298767 -0.00334941 -0.00281698 0.000897637 0.000315019 -0.0298798 0.000771259 0.0014661 -0.000645243 0.00234876 0.00637337 0.00942439 0.0132628 0.0118373 0.000682064 0.00187801 0.000818631 -0.00558774 -0.0269217
internal_weight=82944 33320 33295 227 33068 1983 1935 1360 1325 1268 49624 21242 3558 3488 28382 17684 70 15567 11482 3385 8097 1135 871 594 568 27182 9354 7044 860 124
internal_count=82944 33320 33295 227 33068 1983 1935 1360 1325 1268 49624 21242 3558 3488 28382 17684 70 15567 11482 3385 8097 1135 871 594 568 27182 9354 7044 860 124
is_linear=0
shrinkage=0.05


Tree=101
num_leaves=31
num_cat=0
split_feature=103 30 3 1 41 160 159 5 13 96 148 49 52 91 119 156 103 67 65 93 0 129 29 34 81 52 113 5 0 87
split_gain=7.45548 7.72047 7.2007 10.7898 7.10741 7.42043 10.3266 11.3326 8.93705 8.53941 6.9681 7.15515 11.7057 10.2508 9.03846 6.72404 6.70887 10.9644 6.38316 10.5134 9.18487 11.258 10.9239 11.9788 11.8214 8.90621 8.36622 7.73748 9.76273 7.10725
threshold=-0.48083834143779541 0.12834906626086171 2.8203810515138259 1.9723754462409389 -0.46679187338029576 1.0000000180025095e-35 -0.77009752177902302 0.36482234570003197 0.24461895285964105 0.24275913117549036 0.15786454498201377 -0.24133014610492598 0.035841661233925466 -1.4308658014163822 -1.2049304973346058 -0.89145085320713391 -1.3906041148034218 -3.0778492110092537 -0.019806547751894468 0.047616174189358755 2.5330721622260515 -0.17624961376481904 0.13070918711609414 -0.060703436462487471 0.015637552956318614 0.10788962375142278 -0.062344138627755709 1.3494002584222962 1.6379983261341404 -0.09715123233676165
decision_type=2 2 2 2 2 2 2 2 2 2 2 2 2 2 2 2 2 2 2 2 2 2 2 2 2 2 2 2 2 2
left_child=1 16 4 -4 5 9 7 -7 -8 -2 11 12 13 15 -14 -3 -1 -18 26 20 21 25 23 -23 -24 -20 -5 28 -21 -29
right_child=2 10 3 18 -6 6 8 -9 -10 -11 -12 -13 14 -15 -16 -17 17 -19 19 27 -22 22 24 -25 -26 -27 -28 29 -30 -31
leaf_value=0.0019102298793463722 -0.00086041767275686935 -0.043653848776593812 0.031320367669275796 0.0064966572330376953 -7.3680287326317116e-05 0.0034887361957177173 -0.0019065652344674115 0.013979003909172836 0.0050404933678619059 0.0026402276527254381 -0.00050676104616885172 -0.0018140273322407238 -0.01922707719015819 0.00060579985034088339 -0.0071643623503819479 -0.0098798058586128598 -0.01594820341991433 -0.00061340592557685195 0.049855283268594314 0.0030810597887331692 0.00068812296379362065 -0.0069238446010972997 0.055310212681069976 0.01369776624414247 0.0095935172964668573 0.0092569226589561873 -0.0048024412291252398 0.011391081523717098 -0.038698966736937394 -0.0046467303132917267
leaf_weight=3246 4474 20 34 256 53517 716 1039 402 835 2853 3974 2694 199 672 707 56 119 5697 35 27 208 107 26 206 31 22 455 115 29 173
leaf_count=3246 4474 20 34 256 53517 716 1039 402 835 2853 3974 2694 199 672 707 56 119 5697 35 27 208 107 26 206 31 22 455 115 29 173
internal_value=-7.46321e-13 -0.000920577 0.000244102 0.00343272 0.000157988 0.00135948 0.00345768 0.00726073 0.00118884 0.00050267 -0.00202013 -0.00340332 -0.00599192 -0.00136263 -0.0098139 -0.0187677 8.91852e-05 -0.000927168 0.00287166 0.00549038 0.00930405 0.013501 0.0103145 0.00664821 0.0304467 0.0341857 -0.00073413 -0.00154939 -0.018555 0.00175726
internal_weight=82944 17384 65560 1724 63836 10319 2992 1118 1874 7327 8322 4348 1654 748 906 76 9062 5816 1690 979 635 427 370 313 57 57 711 344 56 288
internal_count=82944 17384 65560 1724 63836 10319 2992 1118 1874 7327 8322 4348 1654 748 906 76 9062 5816 1690 979 635 427 370 313 57 57 711 344 56 288
is_linear=0
shrinkage=0.05


Tree=102
num_leaves=31
num_cat=0
split_feature=103 30 133 8 5 12 53 88 113 109 39 106 49 70 2 42 93 152 147 159 31 1 46 157 131 97 136 127 20 161
split_gain=6.79842 8.35214 7.49857 7.47643 9.45996 13.829 12.7628 13.2838 11.5257 10.1888 8.35537 9.17078 9.12063 8.34188 10.9154 13.5936 12.6799 11.9165 12.831 11.0415 10.1965 17.6092 16.1428 10.4029 14.2118 9.72709 13.2989 9.76661 9.13865 8.73146
threshold=-0.69950664787287664 0.14943294419975031 -0.25598437732126861 -0.16808628138864615 0.85925218225391864 0.51502405178040767 -0.010986239434312295 -1.0563677132170475 -0.4537498219323633 0.063304964886140139 -0.010178953813190615 0.15155434295256953 -0.098863547777804442 0.20403089988292586 0.11132571912136807 -0.061525981588558744 0.15769380186478771 0.04572672717188124 0.068301073079612043 1.1551462826685348 0.045570988768482375 1.3152016225856089 0.043817779756860922 -0.081021797575027532 0.18401759200276116 0.20223313047423358 0.13717833634853707 0.092218242831727762 0.73644536100737423 -0.76213734878580341
decision_type=2 2 2 2 2 2 2 2 2 2 2 2 2 2 2 2 2 2 2 2 2 2 2 2 2 2 2 2 2 2
left_child=1 -1 -3 4 -2 6 7 -6 -7 -9 11 -8 -12 14 -5 19 17 28 -19 20 -16 -22 23 24 -23 -18 27 -27 -17 -15
right_child=3 2 -4 13 5 8 10 9 -10 -11 12 -13 -14 29 15 16 25 18 -20 -21 21 22 -24 -25 -26 26 -28 -29 -30 -31
leaf_value=0.00014222397214123529 0.00038628793870193115 -5.7842950245771487e-05 -0.0036053214018236762 -0.0011350823867718541 0.019071515694170468 0.017456711510175162 -0.0070144137504280033 0.0062960793876006759 0.0040102707314330199 -0.002249490256410097 -0.0044280534495923915 0.0013790325379625188 0.0050863695035479389 0.0032695498760943985 -0.00054072023866543004 0.0048750576972141028 0.0001557417400880356 0.002059850146864176 -0.0044432157887388047 0.0011810607501626864 -0.0037327423393280867 -0.025293815052056492 -0.0033927217720686889 -0.015828057606936174 -0.068162530609245958 -0.027797987415045824 -0.00032476374153531036 -0.0062381582075128486 -0.013496828912521134 0.00019385212028010172
leaf_weight=7318 15284 2331 4127 23969 155 275 714 1181 379 495 346 598 926 3180 1004 3561 816 3586 962 1682 848 58 119 98 29 116 212 96 69 8410
leaf_count=7318 15284 2331 4127 23969 155 275 714 1181 379 495 346 598 926 3180 1004 3561 816 3586 962 1682 848 58 119 98 29 116 212 96 69 8410
internal_value=2.91389e-13 -0.00101431 -0.00232487 0.000202018 0.00100708 0.00287887 0.00187373 0.00506732 0.00966436 0.00377218 -0.000389225 -0.00318874 0.00249833 -0.000133644 -0.000498355 0.00065295 0.00167507 0.00238947 0.000684312 -0.00185522 -0.00422397 -0.00743403 -0.0177587 -0.0269995 -0.0395834 -0.00303645 -0.0091799 -0.018035 0.00452584 0.00103775
internal_weight=82944 13776 6458 69168 20353 5069 4415 1831 654 1676 2584 1312 1272 48815 37225 13256 9418 8178 4548 3838 2156 1152 304 185 87 1240 424 212 3630 11590
internal_count=82944 13776 6458 69168 20353 5069 4415 1831 654 1676 2584 1312 1272 48815 37225 13256 9418 8178 4548 3838 2156 1152 304 185 87 1240 424 212 3630 11590
is_linear=0
shrinkage=0.05


Tree=103
num_leaves=31
num_cat=0
split_feature=156 1 3 3 0 1 2 4 23 1 161 1 157 5 4 5 4 0 22 1 158 4 0 4 2 161 5 0 31 16
split_gain=6.45941 10.1045 11.5148 7.25584 12.4312 10.0954 26.264 12.9105 9.31882 7.69657 11.3085 8.78328 9.69221 8.16075 11.8304 8.44389 11.5616 12.4515 9.05151 10.0478 9.16548 8.47913 8.4032 8.0774 11.7752 9.75635 7.63062 7.47537 7.34883 8.02544
threshold=-0.50537016327236373 2.0425026073378794 2.0815005419015642 0.20902536017875248 0.43545882703492728 0.75658325704980456 1.650106801632915 0.96227365190105629 -1.2333494592839609 -0.52978493519253678 -0.76213734878580341 -0.76753015244970657 -0.67395931651051355 1.2543280627517379 0.79387576281837147 1.0414542967589195 1.5636946843392165 -0.77890405991589928 -0.41254414315042298 -0.27578936078175187 -1.0174668528413875 -0.45707998465300159 -1.4265151233784816 -1.1306715409837407 0.21904845369221773 1.0801555850340541 1.0822991561716699 -1.5125295818629048 0.066436753657448624 -0.23358058363159145
decision_type=2 2 2 2 2 2 2 2 2 2 2 2 2 2 2 2 2 2 2 2 2 2 2 2 2 2 2 2 2 2
left_child=1 2 3 4 9 6 28 8 -7 10 11 12 -1 15 -15 23 17 18 -17 22 21 -21 -20 24 25 -11 -12 -28 29 -5
right_child=-2 -3 -4 5 -6 7 -8 -9 -10 13 26 -13 -14 14 -16 16 -18 -19 19 20 -22 -23 -24 -25 -26 -27 27 -29 -30 -31
leaf_value=-0.00049614220829625945 0.00036156025997604988 -0.032314136773347858 0.017149958128878928 0.006352439261719362 -0.0067187315859058008 -0.036440923987399967 0.054609624040313068 0.0040889001890183786 -0.0029763562725914094 -0.0035572787413584691 -0.00064205109136358546 0.00072175452387106731 0.0098178623544707966 -0.0013508097791187041 -0.020985398673827364 0.040383732234212488 -0.015346383781654241 -0.0018350790265517739 -0.02549727988756589 0.03889005521312356 0.0071355413056568484 0.0086092141034558086 0.0044365383644617397 -0.0015216775494099155 -0.020696573588447495 -0.03074578007354456 -0.033724492941709129 -0.0041014127114689667 0.0049877795186135422 -0.00074569768046599055
leaf_weight=341 49624 25 92 489 902 21 24 806 2220 1117 13523 2036 686 176 136 22 86 520 37 50 333 43 64 5712 122 34 34 57 1467 2145
leaf_count=341 49624 25 92 489 902 21 24 806 2220 1117 13523 2036 686 176 136 22 86 520 37 50 333 43 64 5712 122 34 34 57 1467 2145
internal_value=-1.42898e-12 -0.000538477 -0.000514618 -0.000563564 -0.000951535 0.000844591 0.00245685 -0.00133808 -0.00328995 -0.000744523 -0.000121575 0.00262336 0.00639325 -0.00197369 -0.00990948 -0.00166952 0.00229072 0.00370961 0.00896141 0.00764966 0.0110113 0.0248892 -0.00652932 -0.00232436 -0.00592602 -0.00436041 -0.000739156 -0.0151694 0.00215164 0.000572066
internal_weight=82944 33320 33295 33203 26031 7172 4125 3047 2241 25129 16677 3063 1027 8452 312 8140 1155 1069 549 527 426 93 101 6985 1273 1151 13614 91 4101 2634
internal_count=82944 33320 33295 33203 26031 7172 4125 3047 2241 25129 16677 3063 1027 8452 312 8140 1155 1069 549 527 426 93 101 6985 1273 1151 13614 91 4101 2634
is_linear=0
shrinkage=0.05


Tree=104
num_leaves=31
num_cat=0
split_feature=103 8 112 33 0 3 48 158 158 73 4 4 0 0 5 3 4 112 162 156 136 4 5 16 2 5 59 4 5 4
split_gain=6.18204 7.33999 8.77595 10.3096 9.90017 9.32866 13.4151 14.6849 16.6558 13.8262 13.6166 16.9735 11.0552 16.9773 12.7637 9.06019 8.65959 18.6649 15.8728 19.2216 18.7564 13.371 20.5056 14.312 27.4164 13.606 9.98357 8.55695 28.4468 19.0461
threshold=-0.48083834143779541 -0.16808628138864615 -0.10409048117228668 2.3729324734293158 -0.64945329488423609 -1.1439041435746089 -0.060902017648252059 -1.7404918888865692 0.74090168677658708 0.019277423046166007 -0.81793260411589741 -0.16839788908268513 1.1689190212653995 0.75305586519439049 -1.3068553720383915 -1.4089851800967128 -0.48113682595052798 0.12102635486918224 1.0000000180025095e-35 1.1133806251238731 -0.02714780634396393 -1.3952967952565312 -1.0414542967589189 -0.11005159008074782 -0.84550077492263931 -1.2543280627517379 -1.3566505543037299 -1.1306715409837407 0.95394520574431452 -0.57736419114063342
decision_type=2 2 2 2 2 2 2 2 2 2 2 2 2 2 2 2 2 2 2 2 2 2 2 2 2 2 2 2 2 2
left_child=-1 -2 4 5 -3 6 15 10 -9 12 -8 -12 13 -10 -15 -4 17 18 19 -7 -20 22 -22 -23 25 -25 -18 -21 -29 -30
right_child=1 2 3 -5 -6 16 7 8 9 -11 11 -13 -14 14 -16 -17 26 -19 20 27 21 23 -24 24 -26 -27 -28 28 29 -31
leaf_value=-0.00083827800440161658 0.0010616821682900991 -0.0011702457490464695 0.0094027507263043809 -0.008363387770788034 0.0016136533654815871 -0.0029983298095735602 -0.024638139488829335 0.00072810165725338289 -0.0069271508188211125 -7.3898196985412929e-05 0.01562502529185552 -0.013732426836192059 0.010034961229370486 -0.0048362227455557641 -0.041855987523180933 -0.0020801390710598537 0.0054993982980401299 -0.0019755057114924208 0.00061410615086248668 -9.2795785857345339e-05 -0.015765228378053272 0.0024526076362642929 0.007311861887825147 0.04684934155925749 0.010253089846984184 0.017952905795827975 -0.0011270688333195633 0.00017205232299186796 0.015097142261426022 0.055607442811015068
leaf_weight=17384 18639 4418 279 422 11523 2043 172 912 108 175 65 203 31 30 104 447 588 3634 1413 582 131 375 363 83 837 80 17061 499 311 32
leaf_count=17384 18639 4418 279 422 11523 2043 172 912 108 175 65 203 31 30 104 447 588 3634 1413 582 131 375 363 83 837 80 17061 499 311 32
internal_value=-1.30157e-12 0.000222279 -0.000111167 -0.00060168 0.000842104 -0.000494492 -0.00340472 -0.00571882 -0.00315005 -0.0110448 -0.0136587 -0.00661215 -0.0180775 -0.0216787 -0.033568 0.00233271 -0.000232248 0.000913503 0.00246909 0.000109867 0.0049613 0.00824786 0.00119223 0.0107828 0.0139066 0.032667 -0.000906299 0.00456917 0.00779157 0.0188765
internal_weight=82944 65560 46921 30980 15941 30558 2526 1800 1360 448 440 268 273 242 134 726 28032 10383 6749 3467 3282 1869 494 1375 1000 163 17649 1424 842 343
internal_count=82944 65560 46921 30980 15941 30558 2526 1800 1360 448 440 268 273 242 134 726 28032 10383 6749 3467 3282 1869 494 1375 1000 163 17649 1424 842 343
is_linear=0
shrinkage=0.05


Tree=105
num_leaves=31
num_cat=0
split_feature=0 4 159 0 5 4 2 4 162 4 3 135 145 159 72 4 2 54 2 4 147 16 118 44 5 105 154 91 48 103
split_gain=5.78175 9.53805 8.4516 7.34575 16.8995 31.6748 22.0254 15.963 29.3419 49.7658 15.3082 11.6153 10.6141 18.6376 21.7828 10.0467 7.90639 7.59146 6.91022 5.82769 5.72154 6.49043 6.04205 6.2639 12.3899 12.4236 8.17185 6.0534 6.00334 9.37958
threshold=1.9255171228092469 0.6976483976282658 1.2514084728909129 2.4867904811687107 1.3494002584222962 -0.09622736519010551 3.6149727007184684 -0.14434104778515874 -0.6963106238227913 0.45707998465300176 3.1648958441122699 -0.0115941847149747 0.0052865559753045672 0.96262190222377908 1.0000000180025095e-35 0.38490946076042243 1.842404002939982 0.008848793379173896 -0.20229860414587639 0.38490946076042243 -0.27672297899938497 -0.68839238223474264 0.004339274956270101 0.96656185315829657 0.9074519576230029 -0.037901364653708164 0.47079361159230909 1.0665832062721965 -1.7847326380139723 -0.88665070685166081
decision_type=2 2 2 2 2 2 2 2 2 2 2 2 2 2 2 2 2 2 2 2 2 2 2 2 2 2 2 2 2 2
left_child=20 3 -3 4 5 11 15 -6 10 -10 17 18 13 14 -13 16 -7 -9 -2 -5 21 28 23 -23 -25 26 -26 -24 29 -1
right_child=1 2 -4 19 7 6 -8 8 9 -11 -12 12 -14 -15 -16 -17 -18 -19 -20 -21 -22 22 27 24 25 -27 -28 -29 -30 -31
leaf_value=-0.027910939363114864 -0.01193132912282084 -0.010347153053996826 0.0016063281352942779 0.0021113977391234383 0.0041051442360957018 -0.0033141353105822086 -0.050602168338121589 -0.030966101450176212 0.10211090463502655 0.0036249923884220749 0.029722356644469983 0.092026913212612277 0.004540076333876342 0.0096588567315068624 0.024198623746633532 0.015630400702745344 -0.034974145482886923 0.008302393164376554 0.0068608774035096342 -0.013267839622141711 -0.00032914603119632666 0.0014183560009339788 0.00063219705293917554 0.0024544282803744132 0.024713446493777963 -0.0029375039311775636 0.0044753783473583022 -0.0035299557956661089 -0.00039411507823633956 -0.0039952842141958624
leaf_weight=46 61 236 396 764 132 49 37 20 29 23 64 20 73 56 29 36 33 32 247 67 58704 7437 6509 1092 180 86 69 1009 5031 377
leaf_count=46 61 236 396 764 132 49 37 20 29 23 64 20 73 56 29 36 33 32 247 67 58704 7437 6509 1092 180 86 69 1009 5031 377
internal_value=-1.09553e-12 0.00241627 -0.00285731 0.00429714 0.0073224 0.00273841 -0.0169427 0.0171169 0.0273403 0.0585498 0.0133499 0.00901532 0.0191833 0.0293638 0.0518836 -0.00638852 -0.0160554 -0.00680087 0.00313904 0.000871435 -7.21221e-05 0.000618862 0.00111625 0.00200058 0.00503492 0.0134466 0.0191053 7.35894e-05 -0.000875123 -0.00659604
internal_weight=82944 2404 632 1772 941 641 155 300 168 52 116 486 178 105 49 118 82 52 308 831 80540 21836 16382 8864 1427 335 249 7518 5454 423
internal_count=82944 2404 632 1772 941 641 155 300 168 52 116 486 178 105 49 118 82 52 308 831 80540 21836 16382 8864 1427 335 249 7518 5454 423
is_linear=0
shrinkage=0.05


Tree=106
num_leaves=31
num_cat=0
split_feature=4 5 156 1 1 4 5 2 33 156 0 5 12 156 1 2 2 78 2 0 4 156 63 102 66 154 2 157 1 4
split_gain=5.6693 9.68828 10.4384 16.8407 11.0592 9.97076 16.9849 29.2354 15.2605 13.757 18.1558 24.8745 18.2039 14.2065 14.1604 13.8491 13.3021 12.7895 12.564 12.5615 12.4034 11.6722 19.2442 10.4964 10.8221 10.1271 9.88534 9.26459 20.6358 14.407
threshold=-1.1547283822812668 0.42390874111036964 1.0000000180025095e-35 -0.32676510967637368 2.2016679155160683 -0.40896630205794832 0.9074519576230029 -0.34496714603906903 0.20449589834657247 -0.89145085320713391 -0.43986676149311116 1.1922423828014177 -0.23851521476094617 -0.066328909107563699 0.75658325704980456 0.69854287917991409 -0.018708348174446759 0.1057445880867449 1.4305678151386705 -0.81977332850758389 -0.52925050854558109 -0.91243033262262674 -0.097208350119788706 -0.12084634591432473 0.094729912101039607 0.14092697237729232 0.90918287951957366 -0.081021797575027532 -1.2881584990200439 -1.4193536365540573
decision_type=2 2 2 2 2 2 2 2 2 2 2 2 2 2 2 2 2 2 2 2 2 2 2 2 2 2 2 2 2 2
left_child=27 26 4 -4 5 6 16 21 17 10 12 14 -9 15 -12 20 -3 -7 -17 -20 -11 -8 -23 -19 25 -25 -2 28 -1 -29
right_child=1 2 3 -5 -6 8 7 9 -10 13 11 -13 -14 -15 -16 18 -18 23 19 -21 -22 22 -24 24 -26 -27 -28 29 -30 -31
leaf_value=0.035510250190045778 -0.00025965808740657093 0.00058512287164014969 0.012712342998817811 0.0017339440420964813 -0.023364918681094426 -0.0028912294167258174 0.010076307111784793 0.045335977212075267 0.0023513085752650646 0.029487490991186222 -0.01199011628464987 -0.00035481041570960617 0.0051623098620322523 -0.00060763016981839801 -0.041564287604498013 -0.00011931300524698008 -0.010720002309236372 -0.0029321607360227146 0.040537340115559733 0.01002355758449994 0.0017009064679898854 0.042639119358376623 0.002573718947083266 0.0092132838725754781 -0.0022675023885799961 2.7737905503182712e-06 -0.014398358740882326 -0.00016593465043463827 -4.9411202416228518e-05 -0.005307999031073353
leaf_weight=41 41082 982 361 10796 50 6149 162 31 3350 142 146 727 312 494 56 344 354 1029 38 300 56 94 44 830 590 466 124 2976 8306 2512
leaf_count=41 41082 982 361 10796 50 6149 162 31 3350 142 146 727 312 494 56 344 354 1029 38 300 56 94 44 830 590 466 124 2976 8306 2512
internal_value=-2.81392e-12 0.000184954 0.000904371 0.00208917 0.000115004 0.00018532 0.00226579 0.00438642 -0.000532301 0.00270926 -0.00103777 -0.0046675 0.00879317 0.00617813 -0.0201889 0.00998741 -0.0024104 -0.00159807 0.00660769 0.0134541 0.0216287 0.0191789 0.0298646 0.00112978 0.00334597 0.00590148 -0.000302205 -0.000923889 0.000125256 -0.00251959
internal_weight=82944 69109 27903 11157 16746 16696 4282 2946 12414 2646 1272 929 343 1374 202 880 1336 9064 682 338 198 300 138 2915 1886 1296 41206 13835 8347 5488
internal_count=82944 69109 27903 11157 16746 16696 4282 2946 12414 2646 1272 929 343 1374 202 880 1336 9064 682 338 198 300 138 2915 1886 1296 41206 13835 8347 5488
is_linear=0
shrinkage=0.05


Tree=107
num_leaves=31
num_cat=0
split_feature=103 117 30 140 79 41 8 160 73 67 87 48 2 4 4 139 4 157 4 161 157 159 1 1 157 159 130 4 4 161
split_gain=5.49859 7.13887 7.80033 7.5733 7.15595 7.01606 7.55293 8.85977 7.19346 7.13313 6.85792 6.55284 7.69673 11.9465 17.8948 10.7077 9.73588 10.9152 30.0878 45.1576 18.3714 17.0988 17.0721 16.242 13.4596 25.3519 12.0975 10.1042 22.4611 14.737
threshold=-0.72031583504873387 -0.40321351102681363 0.12023755214552012 2.3402471200596238 -2.8504474224792742 -0.46679187338029576 -0.35749563726863381 1.0000000180025095e-35 -0.58105804020532392 1.3142412191398389 -0.53603363974300766 -0.50493424677750187 0.21904845369221773 -1.4674673191491105 -1.1787852235787935 -0.055550969810862653 -1.4193536365540573 -0.44226394673368169 -0.96227365190105607 1.0801555850340541 -0.90839521789623068 1.0000000180025095e-35 -1.1069310992612571 -0.27578936078175187 -0.17427846833409141 1.0000000180025095e-35 -0.031641432110018707 -0.60142103243816025 -0.24056841297526424 1.0801555850340541
decision_type=2 2 2 2 2 2 2 2 2 2 2 2 2 2 2 2 2 2 2 2 2 2 2 2 2 2 2 2 2 2
left_child=1 10 3 -3 -4 6 7 -2 -9 -10 -1 -7 16 -14 15 -15 -13 18 19 21 -21 -18 -19 26 25 -24 -22 -27 29 -29
right_child=5 2 4 -5 -6 11 -8 8 9 -11 -12 12 13 14 -16 -17 17 22 -20 20 23 -23 24 -25 -26 27 -28 28 -30 -31
leaf_value=0.0034924834325125186 0.0014487167659323688 0.00012936318297800161 -0.014559801894998751 -0.015904684195915859 -0.0027968614509785009 -0.0013220399792209583 0.00036751438120473211 0.011364553403379475 0.0018566622732097957 0.016117601222358644 -0.0006604925908204228 -0.0026929310333626924 0.0056209961760371636 -0.013511468191997689 0.0011862968812855392 -0.0024742742934844818 -0.0017755361885471216 -0.0077649220230270113 0.00023759361005110135 0.0032930384995753246 0.029006270843523519 0.009725674929994545 0.0027988546619978835 0.012106648954527024 0.00020771689514773213 -0.014387501106384849 0.05760943594607798 0.00033488558801535352 -0.0082836303397515569 0.027471638026915185
leaf_weight=1474 2772 4074 133 75 4639 8574 7586 474 712 100 3053 3644 1330 296 13293 853 681 827 10652 69 81 615 966 65 14141 392 68 159 1073 73
leaf_count=1474 2772 4074 133 75 4639 8574 7586 474 712 100 3053 3644 1330 296 13293 853 681 827 10652 69 81 615 966 65 14141 392 68 159 1073 73
internal_value=1.69654e-12 -0.000925452 -0.0017461 -0.000160479 -0.00312471 0.000179082 0.00129889 0.00304001 0.00647006 0.00361294 0.000691724 -4.63048e-05 0.000175663 0.00108645 0.000668847 -0.00531762 -0.000253061 4.4671e-05 0.00119239 0.00763347 0.0257283 0.00368221 -0.000751525 0.0329621 -0.000406364 -0.00366724 0.0420601 -0.007348 -0.00523346 0.00887361
internal_weight=82944 13448 8921 4149 4772 69496 11644 4058 1286 812 4527 57852 49278 15772 14442 1149 33506 29862 12231 1579 283 1296 17631 214 16804 2663 149 1697 1305 232
internal_count=82944 13448 8921 4149 4772 69496 11644 4058 1286 812 4527 57852 49278 15772 14442 1149 33506 29862 12231 1579 283 1296 17631 214 16804 2663 149 1697 1305 232
is_linear=0
shrinkage=0.05


Tree=108
num_leaves=31
num_cat=0
split_feature=156 1 3 0 139 115 44 52 64 146 3 144 103 27 28 97 2 11 90 147 3 162 79 1 0 156 63 3 1 4
split_gain=5.28858 8.81439 10.411 8.74632 5.5528 5.91879 8.75479 8.5715 8.20665 8.5946 10.1478 6.87035 6.10449 5.72584 9.33517 5.577 7.86759 6.71271 6.39992 7.14341 5.52896 5.40828 7.18972 6.04913 5.99119 5.41007 7.62564 5.30994 10.9192 7.10054
threshold=-0.50537016327236373 2.0425026073378794 1.8368263236736897 -1.3042849253049436 -2.168246470677238 -0.054063762950921614 -0.207493236361984 -0.026429996247138019 -1.0182282479517395 0.1145280312494097 0.01129476744040182 -0.082512721590264265 0.31162031150079617 -0.98321415247039123 -1.0867238459487731 -0.036883992298220633 0.13881294560458571 0.032350111713855524 0.075000128638541483 0.068301073079612043 4.0676475521031596 -1.0444659357341868 0.011753951826681111 -0.41695828558045928 1.5306070063045729 1.7077461606554207 -0.023984290654092796 -1.2041145644625393 -0.49008798855902314 -0.81793260411589741
decision_type=2 2 2 2 2 2 2 2 2 2 2 2 2 2 2 2 2 2 2 2 2 2 2 2 2 2 2 2 2 2
left_child=1 2 27 -4 -2 6 20 13 -9 11 -11 -10 -12 14 -8 17 21 -13 -18 -20 -6 22 -17 25 -25 -23 -27 28 29 -1
right_child=4 -3 3 -5 5 -7 7 8 9 10 12 15 -14 -15 -16 16 18 -19 19 -21 -22 23 -24 24 -26 26 -28 -29 -30 -31
leaf_value=-0.0064809933190364214 0.0034555682369710964 -0.030165130168199539 -0.017691800385713576 0.013659083931983477 0.00098933856847619795 0.00073000250534736909 -0.02935570391693286 0.0027679163815578726 -0.0047348705671006446 -0.0024519562609526362 -0.011375275468016395 -0.0007123797766248178 -0.0015141848165458485 0.0009253000917845834 -0.0027095714788972856 -0.013418063472234586 0.00062491347107879853 -0.0081683228584316179 0.012676452380002166 0.00024067064614076355 0.021504957787692548 0.0017237565632595095 0.001575784109631404 -0.0010356019750385548 -0.012462952267477562 0.00095735295591029262 0.036433550861797163 -0.00037817931782457062 -0.026604011434634839 -0.00017955819008034601
leaf_weight=701 1379 25 25 202 6808 26951 35 793 1265 1405 716 913 201 5226 540 192 640 451 319 181 33 709 137 522 147 33 28 31085 48 1234
leaf_count=701 1379 25 25 202 6808 26951 35 793 1265 1405 716 913 201 5226 540 192 640 451 319 181 33 709 137 522 147 33 28 31085 48 1234
internal_value=-4.43447e-12 -0.000487237 -0.000464953 0.0102063 0.000327155 0.000237735 -0.00038531 -0.00108281 -0.00207985 -0.00256901 -0.00512233 -0.00149824 -0.00921379 0.000404241 -0.00433151 -0.000539834 0.000697437 -0.00317765 0.00393622 0.0081747 0.0010883 -0.00139092 -0.00717442 -6.86329e-05 -0.00354654 0.00295309 0.0172415 -0.000538208 -0.00304677 -0.0024624
internal_weight=82944 33320 33295 227 49624 48245 21294 14453 8652 7859 2322 5537 917 5801 575 4272 2908 1364 1140 500 6841 1768 329 1439 669 770 61 33068 1983 1935
internal_count=82944 33320 33295 227 49624 48245 21294 14453 8652 7859 2322 5537 917 5801 575 4272 2908 1364 1140 500 6841 1768 329 1439 669 770 61 33068 1983 1935
is_linear=0
shrinkage=0.05


Tree=109
num_leaves=31
num_cat=0
split_feature=0 159 156 2 156 68 41 76 17 158 5 162 67 84 2 157 48 95 4 4 157 2 161 4 4 31 152 30 62 159
split_gain=5.0805 13.4123 12.394 9.68311 12.5646 8.76548 7.28729 7.3952 9.55952 7.96547 10.625 9.67205 12.3748 10.2595 9.44012 9.12004 8.46034 12.7301 8.05101 15.2748 14.7547 23.1169 17.7671 12.7846 9.66169 8.70522 8.18653 7.94215 7.2126 9.00377
threshold=-1.1242459101626678 -0.28878657066713359 -0.50537016327236373 0.038599347658836443 -1.0580783826687084 -1.0051177997065386 -0.44554276705985146 -0.045343350908894027 0.001142505961639785 -1.7404918888865692 -1.0822991561716695 -1.0444659357341868 -0.95282686523024795 -2.4189314477584682 -1.2590735014296626 -0.081021797575027532 -0.04547124283494796 0.048186544415625955 -1.3231262713639518 -0.6976483976282658 -0.081021797575027532 0.0095706452150904325 1.0801555850340541 -1.1306715409837407 -1.1306715409837407 0.011329876285859861 0.059933824155700997 0.027344833463663763 -0.29440839854666717 0.67383533155664532
decision_type=2 2 2 2 2 2 2 2 2 2 2 2 2 2 2 2 2 2 2 2 2 2 2 2 2 2 2 2 2 2
left_child=1 3 -3 -1 -5 -4 -2 -8 9 10 27 14 13 15 -11 -13 -14 18 -18 20 21 22 -20 -22 -23 -24 -26 -9 -10 -30
right_child=6 2 5 4 -6 -7 7 8 28 11 -12 12 16 -15 -16 -17 17 -19 19 -21 23 24 25 -25 26 -27 -28 -29 29 -31
leaf_value=-0.0016737710689612923 0.0012076635824866226 0.0029602719164373028 -0.037246156904774792 -0.035657323638184205 -0.0063745650531650822 -0.0059978838677080806 0.00071335915657673194 -0.012425872351474776 0.0024553394652169431 -0.018884159628372723 -0.0012813164160334661 -0.0080674605269450694 -0.0017028815117604481 -0.0043503482940760356 -0.0026862479557304493 -0.04387954696430825 -0.001878645757236561 -0.0019923616842193233 0.01500554834930673 0.0012803897400327168 -0.0079532867195729762 -0.0069603942657834776 0.030846848155734904 0.0067543941255759667 0.0042671947079890573 0.066051784008741385 0.021450053548757383 -0.001069985162096352 -0.0013199673946313252 0.0011662520924504206
leaf_weight=8325 13384 2568 26 45 197 164 19324 513 3353 92 1125 40 4586 877 4036 32 1083 2694 271 4191 231 134 59 410 264 25 94 220 7523 7058
leaf_count=8325 13384 2568 26 45 197 164 19324 513 3353 92 1125 40 4586 877 4036 32 1083 2694 271 4191 231 134 59 410 264 25 94 220 7523 7058
internal_value=-4.22568e-13 -0.00098407 0.00204856 -0.00196037 -0.0118197 -0.010274 0.000155609 -8.61815e-05 -0.00048325 -0.00120788 -0.00433334 -0.000904149 -0.000314014 -0.00583994 -0.00304725 -0.0239839 5.94438e-05 0.000914142 0.0020721 0.00282552 0.00717742 0.0115088 0.0212331 0.00145412 0.00449218 0.0413245 0.0087789 -0.00901756 0.000364338 -0.000116501
internal_weight=82944 11325 2758 8567 242 190 71619 58235 38911 20977 1858 19119 14991 949 4128 72 14042 9456 6762 5679 1488 847 355 641 492 84 358 733 17934 14581
internal_count=82944 11325 2758 8567 242 190 71619 58235 38911 20977 1858 19119 14991 949 4128 72 14042 9456 6762 5679 1488 847 355 641 492 84 358 733 17934 14581
is_linear=0
shrinkage=0.05


Tree=110
num_leaves=31
num_cat=0
split_feature=103 11 62 76 6 79 8 121 33 70 161 4 158 1 162 4 2 5 4 161 157 5 157 4 0 3 5 1 4 156
split_gain=4.86589 6.91051 8.67571 10.4367 9.28492 6.55724 6.01916 8.41146 7.87741 8.25192 11.0873 10.8872 17.0082 16.1301 13.7779 17.989 20.1116 20.533 20.2575 25.6064 21.186 18.6592 21.7969 33.0588 20.3677 19.1057 15.9234 15.8919 13.4112 15.7645
threshold=-0.48083834143779541 0.8875952367258616 -0.71564129477866711 -0.28283348425040361 1.8093822966841748 -2.8504474224792742 -0.16808628138864615 -0.39453017411242147 1.7994975199525902 0.26450219452148033 -0.76213734878580341 -0.38490946076042204 -0.277549793911822 -1.2881584990200439 -1.0444659357341868 -1.1787852235787935 -0.97059320135478366 0.9986416979679581 -0.81793260411589741 1.0801555850340541 1.7010387896716377 1.3494002584222962 -0.17427846833409141 -0.62547787373568664 -0.62510674430261581 1.7801869735868816 -1.2543280627517379 0.75658325704980456 -1.4915241604466367 0.30811198432798453
decision_type=2 2 2 2 2 2 2 2 2 2 2 2 2 2 2 2 2 2 2 2 2 2 2 2 2 2 2 2 2 2
left_child=1 2 -1 4 -4 -3 7 -2 9 11 -11 12 -8 -14 28 -16 26 18 19 -18 -21 22 24 -24 -19 -25 -17 -26 29 -15
right_child=6 5 3 -5 -6 -7 8 -9 -10 10 -12 -13 13 14 15 16 17 21 -20 20 -22 -23 23 25 27 -27 -28 -29 -30 -31
leaf_value=0.0009030584011116222 0.0026116188378298255 -0.013975772040763071 0.00093289835481633282 -0.0031950528834763098 -0.0076132257602494636 0.0014751860224657938 -0.0018787693967410796 0.00027534555176029558 -0.0039365533064569802 0.0043828368900123722 0.00033716791799856039 -0.0010227716536835114 0.031081382631066634 -0.0026535815794375681 9.276291480279278e-05 0.06419356504212255 0.0018593744772779583 -0.011132760105232365 -0.0024331979346580816 0.027857132614455906 -0.0042915377978180701 0.00097326058190864517 0.01158483790874916 0.030439875430363996 0.023990816149197406 0.072853527622563502 0.016240418518926682 0.0054222860262817304 -0.0029776449852660413 0.013152559253520147
leaf_weight=3464 5441 70 3362 6530 351 3607 4348 13198 1304 2274 6634 22196 47 315 3196 23 675 128 1342 208 68 514 299 110 165 35 70 382 2272 316
leaf_count=3464 5441 70 3362 6530 351 3607 4348 13198 1304 2274 6634 22196 47 315 3196 23 675 128 1342 208 68 514 299 110 165 35 70 382 2272 316
internal_value=-1.07674e-12 -0.00074371 -0.00126004 -0.00199156 0.00012501 0.00118104 0.000197203 0.000957338 -0.000104754 4.78076e-06 0.00136993 -0.000326494 0.000738385 0.00185785 0.0017221 0.00289246 0.00511885 0.00457447 0.00152298 0.00710572 0.0199364 0.00885927 0.0124816 0.0210859 0.00682193 0.0406777 0.0280998 0.0110234 -0.00118666 0.00526201
internal_weight=82944 17384 13707 10243 3713 3677 65560 18639 46921 45617 8908 36709 14513 10165 10118 7215 4019 3926 2293 951 276 1633 1119 444 675 145 93 547 2903 631
internal_count=82944 17384 13707 10243 3713 3677 65560 18639 46921 45617 8908 36709 14513 10165 10118 7215 4019 3926 2293 951 276 1633 1119 444 675 145 93 547 2903 631
is_linear=0
shrinkage=0.05


Tree=111
num_leaves=31
num_cat=0
split_feature=147 130 134 2 2 3 4 41 141 152 61 159 159 41 58 162 2 4 3 4 82 3 4 2 151 156 106 4 156 4
split_gain=4.60371 6.72477 6.40185 5.75194 5.02735 9.87578 22.5733 11.2202 8.76679 7.71321 6.33656 6.18673 5.5372 4.79752 7.58035 7.74888 9.61526 16.3596 17.6477 13.4529 14.2804 12.7919 19.4326 17.3002 20.3373 12.3058 9.74618 8.64706 8.19737 8.04235
threshold=-0.25189907124374883 0.47549960067893687 -2.9651372013809083 -1.1616648524319568 4.2843765881725044 4.0676475521031596 0.24056841297526402 0.0027827559195254506 -0.015312637885467545 0.12679743067317206 -0.009146145536537675 1.1551462826685348 0.86635971200140116 0.13595640971746817 0.070789248634101534 -1.0444659357341868 -0.43750063478993539 0.38490946076042243 1.3589231993094304 0.57736419114063386 -0.018827342842073599 0.2909395173235067 -0.81793260411589741 -0.20229860414587639 -0.094315509791266336 0.30811198432798453 -0.020911684279738243 -0.21651157167773741 0.30811198432798453 0.67359155633073942
decision_type=2 2 2 2 2 2 2 2 2 2 2 2 2 2 2 2 2 2 2 2 2 2 2 2 2 2 2 2 2 2
left_child=1 2 -1 -4 13 7 -7 9 -8 11 -9 12 -6 14 15 16 -2 21 -19 20 -20 -18 28 -24 27 -26 -27 -25 -23 -17
right_child=4 -3 3 -5 5 6 8 10 -10 -11 -12 -13 -14 -15 -16 29 17 18 19 -21 -22 22 23 24 25 26 -28 -29 -30 -31
leaf_value=-0.0066133733154746356 -0.0033087909534610192 -0.00080313179868873224 -0.0087865285229423214 0.0013195251087413601 0.019128027121984848 -0.014277789165714273 0.01905994684923263 -0.035643972161536412 0.062495247134938842 -0.017431505795102567 -0.0043887950284406544 0.03060191340397957 -0.015582985468208792 -0.00094464927863539968 -0.00090158007333748357 0.0015129469375738842 0.002774966062016708 0.0027481556365549519 0.013013093769051402 0.0093857892507048374 0.056745921926340093 -0.0046861279693640482 0.012716061458585488 -0.01297071921259263 -0.0081556565655585105 -0.042261561506415073 -0.020549098778473961 0.0090855007780123957 0.0094042578229188226 -0.00069226574166435543
leaf_weight=264 2666 6273 142 16609 27 27 21 24 26 20 50 43 20 17993 14232 16126 863 709 35 121 40 190 69 76 135 73 177 107 226 5560
leaf_count=264 2666 6273 142 16609 27 27 21 24 26 20 50 43 20 17993 14232 16126 863 709 35 121 40 190 69 76 135 73 177 107 226 5560
internal_value=1.61714e-13 0.000596201 0.0011121 0.00123386 -0.00023274 0.00673174 0.0221572 0.000528011 0.043088 0.010655 -0.0145256 0.0168964 0.00435738 -0.000262991 3.32316e-05 0.000522844 -0.00115574 0.000879013 0.00641925 0.0196989 0.0363373 -0.00173785 -0.00543639 -0.0109255 -0.0137974 -0.0203203 -0.0268891 -7.44594e-05 0.00296875 0.00094756
internal_weight=82944 23288 17015 16751 59656 258 74 184 47 110 74 90 47 59398 41405 27173 5487 2821 905 196 75 1916 1053 637 568 385 250 183 416 21686
internal_count=82944 23288 17015 16751 59656 258 74 184 47 110 74 90 47 59398 41405 27173 5487 2821 905 196 75 1916 1053 637 568 385 250 183 416 21686
is_linear=0
shrinkage=0.05


Tree=112
num_leaves=31
num_cat=0
split_feature=4 158 3 0 1 1 159 2 4 2 101 156 0 0 0 3 3 1 158 159 161 0 156 2 1 2 4 159 4 113
split_gain=4.46003 9.05951 10.0732 10.2454 10.897 8.61001 19.4015 10.9635 13.3204 10.2994 10.5005 8.92346 11.5722 8.26691 11.5884 7.43438 7.32242 6.7931 7.58057 6.73879 6.49392 21.1286 10.4697 10.4927 6.44441 6.28759 9.37832 9.98583 6.14579 6.0175
threshold=-1.1547283822812668 0.37100531152934357 -0.44926969290708973 -0.98494078325700551 -0.36284974416857935 0.15751385252971228 0.77009752177902324 0.33995594555182285 -1.3712399539590046 0.64459424129650122 -0.032335076465183528 1.0000000180025095e-35 1.5862685013412745 0.95849667322277543 0.67215999435029872 -1.7429568667747763 2.6513772051283264 0.79858825975645242 -1.0174668528413875 1.0588840924461571 1.0801555850340541 0.15627994228328809 -0.91243033262262674 -0.69527288554501931 -0.84870082325984797 1.5465420234017764 -1.4193536365540573 1.2514084728909129 -1.4193536365540573 0.0016647276112308456
decision_type=2 2 2 2 2 2 2 2 2 2 2 2 2 2 2 2 2 2 2 2 2 2 2 2 2 2 2 2 2 2
left_child=1 5 -3 -4 13 9 7 -7 16 15 -11 17 -13 14 24 -1 -9 18 -8 28 -17 -22 23 -23 -5 -6 27 -27 -19 -16
right_child=-2 2 3 4 25 6 11 8 -10 10 -12 12 -14 -15 29 20 -18 19 -20 -21 21 22 -24 -25 -26 26 -28 -29 -30 -31
leaf_value=-0.022054185806995349 0.00016404721950441777 -0.0018550766762555652 -0.010143649791674751 0.034870055718347434 0.00062406574933435014 -0.0043870677247857095 0.021700437362685954 -0.0084932923665048902 -0.021825093098269809 -0.007402319266744283 0.035194272385575834 -0.021594679821282627 -0.0017247673298266938 -0.018523497104644775 0.013480890618637205 -0.00036486536248395065 0.022528316840041609 0.025681916170794034 0.00015706891293770501 -0.0025074344710368053 0.036044270725085821 -0.011105008586718326 -0.0049925734873870822 -0.047637117852767308 0.0057763699963247128 0.021807721510630887 -0.0015659532526900112 0.002899244353411495 -0.0014904674694040105 0.037661854634588626
leaf_weight=42 69109 2227 153 20 2150 506 98 202 290 23 39 84 574 25 50 5289 21 46 70 323 29 57 532 30 394 147 190 133 38 53
leaf_count=42 69109 2227 153 20 2150 506 98 202 290 23 39 84 574 25 50 5289 21 46 70 323 29 57 532 30 394 147 190 133 38 53
internal_value=2.95379e-13 -0.000819454 0.000745694 0.00249288 0.00310432 -0.0018654 -0.00450408 -0.00960911 -0.0147599 -0.00088174 0.0193923 -0.000285079 -0.00426135 0.0095578 0.0109157 -0.00109197 -0.00557197 0.00426516 0.012724 0.000773536 -0.000943682 -0.005668 -0.00762221 -0.0237023 0.00718186 0.00176929 0.00700809 0.0128262 0.0133896 0.0259235
internal_weight=82944 13835 5542 3315 3162 8293 2252 1019 513 6041 62 1233 658 542 517 5979 223 575 168 407 5937 648 619 87 414 2620 470 280 84 103
internal_count=82944 13835 5542 3315 3162 8293 2252 1019 513 6041 62 1233 658 542 517 5979 223 575 168 407 5937 648 619 87 414 2620 470 280 84 103
is_linear=0
shrinkage=0.05


Tree=113
num_leaves=31
num_cat=0
split_feature=0 161 2 5 1 6 4 5 0 4 5 4 157 1 4 4 1 2 2 2 156 4 156 2 5 0 156 22 101 97
split_gain=4.43966 5.31316 10.728 6.80422 14.4977 6.29208 4.75993 5.74102 4.95258 4.61196 8.54412 10.5079 21.2456 22.4093 18.418 28.8934 24.0359 24.3452 22.7089 22.5468 20.5377 18.1802 23.4568 18.3481 18.0364 35.0195 21.1401 16.9105 16.5013 13.9531
threshold=-1.5387088160038049 -0.76213734878580341 -0.37609734407101048 0.95394520574431452 -0.36284974416857935 -0.1073641976040844 -0.67359155633073897 0.95394520574431452 -1.7215955740678612 -1.1547283822812668 0.42390874111036964 0.67359155633073942 1.7010387896716377 0.034147745514621609 0.38490946076042243 -0.74576208022331802 1.8398692159767098 1.650106801632915 1.2692868776986932 1.842404002939982 -0.91243033262262674 0.96227365190105629 1.7077461606554207 4.2843765881725044 0.65128935879489425 -0.80650011932198884 -1.0580783826687084 0.17616021870004145 0.34715816773345715 -0.49907423176732596
decision_type=2 2 2 2 2 2 2 2 2 2 2 2 2 2 2 2 2 2 2 2 2 2 2 2 2 2 2 2 2 2
left_child=1 -1 3 -3 -5 -6 8 -8 -4 -2 -11 12 13 -12 15 -15 19 -18 -16 -17 -20 22 23 24 -13 -26 28 -21 -27 -14
right_child=9 2 6 4 5 -7 7 -9 -10 10 11 21 29 14 18 16 17 -19 20 27 -22 -23 -24 -25 25 26 -28 -29 -30 -31
leaf_value=0.0024202114422968049 -0.00075464562013817537 -0.00065475207262268801 -0.029417820260772165 -0.029921666694591283 -0.017706678457325327 0.016941007781210111 -0.0052546940404935754 -0.030974300707811899 -0.0078024479204718521 -0.00021942921654601085 0.0041910954424988203 -0.015889103058080833 -0.0028710142489700181 0.0030645321566659168 0.00088861265295985415 -0.0010586105492419436 -0.029239181056453564 -0.0069591399919486418 0.055354771894161353 -0.03245049347268774 0.010639682514177237 0.00096946615212405564 0.010118637632684366 -0.050781904956833879 0.05558455307781697 -0.012796409112613136 -0.0022038991258510553 0.018181046457029879 -0.051042290539904084 0.0088723908253094223
leaf_weight=645 13727 2395 53 61 20 38 383 23 53 38886 4187 325 305 2773 1431 4615 141 940 27 94 525 7366 273 22 25 194 1882 20 33 1482
leaf_count=645 13727 2395 53 61 20 38 383 23 53 38886 4187 325 305 2773 1431 4615 141 940 27 94 525 7366 273 22 25 194 1882 20 33 1482
internal_value=1.78479e-12 -0.0016999 -0.00257811 -0.00123458 -0.0129042 0.00499353 -0.00917506 -0.00671172 -0.0186101 7.87194e-05 0.000253247 0.000942688 0.00171915 0.00109548 -0.000131229 -0.00113464 -0.00313882 -0.00986523 0.00421181 -0.00160123 0.0128268 -0.000326355 -0.00379223 -0.00532293 -0.00491622 -0.00324509 -0.00394245 -0.0235678 -0.0183564 0.00686806
internal_weight=82944 3671 3026 2514 119 58 512 406 106 79273 65546 26660 16540 14753 10566 8583 5810 1081 1983 4729 552 10120 2754 2481 2459 2134 2109 114 227 1787
internal_count=82944 3671 3026 2514 119 58 512 406 106 79273 65546 26660 16540 14753 10566 8583 5810 1081 1983 4729 552 10120 2754 2481 2459 2134 2109 114 227 1787
is_linear=0
shrinkage=0.05


Tree=114
num_leaves=31
num_cat=0
split_feature=2 156 54 0 0 4 4 4 0 0 159 156 2 156 68 1 5 0 15 3 154 86 154 160 156 152 56 93 57 1
split_gain=4.37741 19.8707 6.0484 5.91897 12.2901 6.14834 11.2971 6.82917 5.21111 4.53072 10.6304 10.9129 8.74434 8.63792 8.00764 7.75703 14.6617 11.7569 10.6377 8.05154 7.66689 7.00397 6.61086 7.57008 11.3581 13.1602 9.12738 8.99178 10.8392 9.58329
threshold=-1.3418930104523148 -0.91243033262262674 -0.0060873417594884119 1.1689190212653995 0.95849667322277543 -1.2268989061738462 1.106614699686215 -0.76981892152084441 0.39239371894061464 -1.1242459101626678 -0.28878657066713359 -0.50537016327236373 -0.14518099212264482 -1.0580783826687084 -1.0051177997065386 -0.25529857263149819 0.95394520574431452 -1.4265151233784816 -0.1734861468402118 1.0000000180025095e-35 0.070505301554559419 -0.043539997125688096 -0.38856964673107935 1.0000000180025095e-35 -0.91243033262262674 -0.50135487957243297 2.2412239811549841 -0.38275790036177243 -1.5492895975075982 1.634603963815197
decision_type=2 2 2 2 2 2 2 2 2 2 2 2 2 2 2 2 2 2 2 2 2 2 2 2 2 2 2 2 2 2
left_child=1 2 -1 4 5 -3 7 -7 -8 10 12 15 -2 -14 -13 16 -12 19 -17 -18 -20 -22 23 -11 26 -26 -25 28 -27 -30
right_child=9 3 -4 -5 -6 6 8 -9 -10 22 11 14 13 -15 -16 18 17 -19 20 -21 21 -23 -24 24 25 27 -28 -29 29 -31
leaf_value=0.039526233770724006 -0.0013586942081130441 -0.01391939673468911 0.0082272612771978875 0.01744417326602464 -0.035769674383305215 -0.0059544042859526695 -9.5100974773659435e-05 0.010352183956190386 -0.023899722695153891 0.00028691380240971324 0.0028179656492157332 -0.035523440087070833 -0.023719757599756124 -0.005400337210715549 -0.00565651014259812 -0.0045957379266067201 -0.025442421653220415 0.0017168768903161437 0.0045831333520766852 -0.00035227278713136914 0.023121908922204296 0.0081469695653859798 -7.6640777366834747e-05 -0.00088769067970237566 0.0081173017005685376 -0.011943674658726131 -0.02178296883209524 0.0040591694161391497 0.0018850235780291512 -0.022287284743127436
leaf_weight=29 7986 167 33 24 37 114 34 147 71 10251 1347 26 75 453 164 177 117 128 412 44 143 172 55365 1050 1234 205 55 1958 883 43
leaf_count=29 7986 167 33 24 37 114 34 147 71 10251 1347 26 75 453 164 177 117 128 412 44 143 172 55365 1050 1234 205 55 1958 883 43
internal_value=2.09537e-12 -0.0040682 0.0228671 -0.00687963 -0.00790379 -0.00596939 -0.00234193 0.00322977 -0.0161916 3.24317e-05 -0.000900154 0.00181485 -0.00177071 -0.00800253 -0.00974356 0.00267945 0.000625487 -0.00959344 0.00639659 -0.0185855 0.00907285 0.0149451 0.00018003 0.00108638 0.00259619 0.00375255 -0.00192773 0.00200891 -0.00154052 0.000762551
internal_weight=82944 656 62 594 570 533 366 261 105 82288 11244 2730 8514 528 190 2540 1636 289 904 161 727 315 71044 15679 5428 4323 1105 3089 1131 926
internal_count=82944 656 62 594 570 533 366 261 105 82288 11244 2730 8514 528 190 2540 1636 289 904 161 727 315 71044 15679 5428 4323 1105 3089 1131 926
is_linear=0
shrinkage=0.05


Tree=115
num_leaves=31
num_cat=0
split_feature=78 34 5 139 34 29 80 38 65 67 124 0 150 3 124 157 39 92 5 4 157 52 3 146 140 155 151 110 76 20
split_gain=4.31856 8.79062 7.74337 13.299 12.8107 8.06443 9.85503 6.29095 6.20105 6.47912 6.18712 5.97742 5.81962 5.78458 8.08274 6.66313 6.50088 7.68759 6.41638 6.26773 7.73188 7.17374 5.85964 6.59452 6.55319 7.83845 7.91403 9.8829 7.96641 7.73736
threshold=0.026143317624983092 -0.086546857495611654 0.80943899875580572 0.30824189913394334 -0.20934046058966729 -0.014187662217691606 0.018507488479025013 -0.19531431504335409 -0.4216231072136542 -3.0778492110092537 3.6302949861639529 -0.89136547053867587 -2.1270258202037593 -1.1072363896695263 0.11046594335931707 -0.44226394673368169 -1.2273024102309169 1.7029441657659519 0.9986416979679581 0.072170523892579191 0.50473852548825293 -0.017898563078605028 0.41053273596373213 -0.79320529828629582 -0.0045972325126627496 -0.12161504054610793 0.020107680068221879 -0.20794459635018678 0.066483925833369248 0.29452545837900107
decision_type=2 2 2 2 2 2 2 2 2 2 2 2 2 2 2 2 2 2 2 2 2 2 2 2 2 2 2 2 2 2
left_child=1 2 10 5 -5 6 7 -4 9 -2 12 -6 -1 14 15 -3 17 18 -15 -17 21 -21 23 -18 -24 29 27 28 -27 -26
right_child=8 13 3 4 11 -7 -8 -9 -10 -11 -12 -13 -14 16 -16 19 22 -19 -20 20 -22 -23 24 -25 25 26 -28 -29 -30 -31
leaf_value=0.0047285934558486727 -0.011593517326743014 0.0017721271411820624 0.002538228362686652 0.0031181804515178109 0.027881920437461568 0.0022745046856572824 0.0023939139873017466 -0.0097341702398983602 0.00070657907391556956 -0.00060012763973512153 -0.017518800021806624 0.011190786933570901 -0.00031989208441744396 -0.0020403377742567752 0.0016757394734288487 -0.0049863141880589967 -0.0022299998611904569 -0.014466127556483521 -0.018241261874162962 0.00026441062914162147 -0.0013832928778062907 -0.022934257434818403 -0.0039168020716818762 0.00053187785274998731 0.0016319280679436459 -0.043762401441255441 0.00036615432299662472 -0.003530878067125735 -0.011531613887070795 0.014799894661779785
leaf_weight=601 136 236 133 894 63 2335 490 486 31250 9239 51 361 11374 2043 503 725 2605 144 63 41 93 178 2247 12689 825 26 1764 1147 73 129
leaf_count=601 136 236 133 894 63 2335 490 486 31250 9239 51 361 11374 2043 503 725 2605 144 63 41 93 178 2247 12689 825 26 1764 1147 73 129
internal_value=1.82258e-12 -0.000353489 0.000535193 0.00224167 0.00651297 0.000607074 -0.0029037 -0.00709729 0.000368229 -0.000759605 -0.000140531 0.0136708 -6.65192e-05 -0.000937845 -0.00369035 -0.00581065 -0.000732059 -0.00328921 -0.00252498 -0.00753634 -0.0134619 -0.0185911 -0.000464512 6.14521e-05 -0.00175965 -0.000536863 -0.00178859 -0.00483912 -0.0199963 0.0034125
internal_weight=82944 42319 16788 4762 1318 3444 1109 619 40625 9375 12026 424 11975 25531 1776 1273 23755 2250 2106 1037 312 219 21505 15294 6211 3964 3010 1246 99 954
internal_count=82944 42319 16788 4762 1318 3444 1109 619 40625 9375 12026 424 11975 25531 1776 1273 23755 2250 2106 1037 312 219 21505 15294 6211 3964 3010 1246 99 954
is_linear=0
shrinkage=0.05


Tree=116
num_leaves=31
num_cat=0
split_feature=103 33 77 98 126 119 2 12 41 8 4 73 78 67 48 128 136 24 56 30 61 2 156 4 41 0 5 95 119 34
split_gain=4.14076 6.16247 8.06973 6.77457 9.77705 7.02436 7.81908 5.74414 5.6217 6.2871 7.39554 10.0702 8.26851 7.01934 5.50652 6.15908 7.0646 6.39712 9.78519 7.14299 5.82742 5.66061 5.64065 9.54807 13.0836 12.9004 36.8136 14.3084 18.1335 13.5659
threshold=-0.72031583504873387 0.79352661309685557 -0.27709583808212984 0.46825652656939848 -0.0029791974025996757 -1.287034608911265 0.27755279788808801 -2.9333918772895395 -0.46679187338029576 -0.35749563726863381 -0.09622736519010551 0.12890057560550891 -0.28599319300045062 1.7279182594110114 -0.50493424677750187 0.095547652575553491 0.59995027140326862 0.69682807231109878 -0.15564389160168154 0.051932061032404074 1.1025788676296191 0.088901069741887814 1.1133806251238731 0.67359155633073942 0.15907684356208454 0.041510661571182668 0.9986416979679581 0.010357716146748351 -0.044567948485672214 -0.076329741095376616
decision_type=2 2 2 2 2 2 2 2 2 2 2 2 2 2 2 2 2 2 2 2 2 2 2 2 2 2 2 2 2 2
left_child=1 2 7 -4 5 -5 -7 -1 9 10 -2 12 -12 -13 15 20 17 -17 -19 -20 -10 -22 -16 24 25 26 -24 28 -28 -29
right_child=8 -3 3 4 -6 6 -8 -9 14 -11 11 13 -14 -15 22 16 -18 18 19 -21 21 -23 23 -25 -26 -27 27 29 -30 -31
leaf_value=0.019629809351662468 0.00049721414111741078 0.0011491645897363022 -0.0013355948943909969 -0.015523276226192068 -0.0016663836305682038 -0.0033157718293107888 -0.016089100806683992 0.00010288590964417334 0.00041928260670418915 0.00030802933564781702 0.0024248930505689176 -0.0011686566145297629 0.010428497773717113 0.016777826371302797 -0.00011029680037032387 -0.0026332841926045886 0.0020888757455668695 -0.00035281121833337608 -0.020830228269305948 -0.0073084705569513506 -0.0010342952991733996 -0.011557347659704361 -0.002000835305033726 -0.0011537614627249225 -0.0010722615306347136 0.002874908339042507 0.033738812442186857 0.029395061792159567 -0.0049116185093122837 0.074077860112839317
leaf_weight=38 1923 3108 3949 260 1134 580 151 4228 4698 7586 524 712 840 59 39425 2112 586 239 172 226 334 207 221 2950 2078 4405 71 49 53 26
leaf_count=38 1923 3108 3949 260 1134 580 151 4228 4698 7586 524 712 840 59 39425 2112 586 239 172 226 334 207 221 2950 2078 4405 71 49 53 26
internal_value=-1.75229e-13 -0.000803098 -0.00138991 -0.00256052 -0.00483686 -0.00846484 -0.00595431 0.000276825 0.000155405 0.00115778 0.00274631 0.00477208 0.0073538 0.00020468 -4.63456e-05 -0.0012158 -0.00289543 -0.00395792 -0.00834982 -0.013152 -0.0001466 -0.00506068 0.000157131 0.0012272 0.0022447 0.00367322 0.012046 0.0276458 0.0172189 0.0448851
internal_weight=82944 13448 10340 6074 2125 991 731 4266 69496 11644 4058 2135 1364 771 57852 8574 3335 2749 637 398 5239 541 49278 9853 6903 4825 420 199 124 75
internal_count=82944 13448 10340 6074 2125 991 731 4266 69496 11644 4058 2135 1364 771 57852 8574 3335 2749 637 398 5239 541 49278 9853 6903 4825 420 199 124 75
is_linear=0
shrinkage=0.05


Tree=117
num_leaves=31
num_cat=0
split_feature=147 130 134 2 2 3 4 84 141 72 29 31 122 156 34 61 1 104 22 85 131 3 0 2 117 107 122 10 88 113
split_gain=4.10952 5.74368 5.41828 4.92537 4.38926 9.03669 20.7548 8.81622 7.63935 7.22706 6.7344 5.19348 4.32902 4.1636 5.16298 4.38976 4.94109 4.15491 7.10605 7.09711 7.03155 8.3728 7.4406 6.61317 6.52881 6.32114 6.18129 6.55526 6.5107 7.91632
threshold=-0.25189907124374883 0.47549960067893687 -2.9651372013809083 -1.1616648524319568 4.2843765881725044 4.0676475521031596 0.24056841297526402 -0.046941457042797792 -0.015312637885467545 0.046768809219180231 -0.023756135062881024 0.023224656569617471 -1.150244681493225 0.30811198432798453 0.96332847796332166 2.78950610958807 0.65272054699695004 -0.036199513137641179 -1.8076578465842743 -1.3540191551301926 -0.020465990922367259 0.84306873432986229 1.4992753960408207 0.48111875458977282 0.07940780137581295 0.83515046399801485 -1.2216092045300815 0.30816521956916604 0.45132848066177633 -0.19297668147065825
decision_type=2 2 2 2 2 2 2 2 2 2 2 2 2 2 2 2 2 2 2 2 2 2 2 2 2 2 2 2 2 2
left_child=1 2 -1 -4 17 7 -7 9 -8 -6 -9 -12 -5 14 -14 -15 -17 18 -2 -20 24 -22 -23 -24 -19 -26 27 -21 29 -28
right_child=4 -3 3 12 5 6 8 10 -10 -11 11 -13 13 15 -16 16 -18 20 19 26 21 22 23 -25 25 -27 28 -29 -30 -31
leaf_value=-0.0060672014113427424 -0.0047521956392253071 -0.00072994216093176317 -0.0081204069350425141 -0.0014292338459932321 -0.026779188739047166 -0.013893313757661317 0.018683344196705594 -0.010106938869199333 0.059229600411624866 0.0071750254333019254 0.00011438891862428958 0.02597006263587481 0.001424832984552102 0.002981438929163022 -0.0015419596272714415 -0.00074056492791183903 -0.025400193940315931 0.00019353059622810397 0.0024594127005046207 -0.00055119723097211244 0.00030432610004029316 0.0047245262438133026 -0.018322735096327963 0.00038242426978391707 -0.0025422636738840626 0.0025587940145872113 -0.0028302719986608 -0.00721332076373098 0.0012302660845841312 -0.00039603623788608648
leaf_weight=264 1042 6273 142 1400 42 27 21 34 26 25 31 52 8919 4433 1755 74 28 8863 1832 734 14275 2216 50 860 5236 687 4351 743 4136 14373
leaf_count=264 1042 6273 142 1400 42 27 21 34 26 25 31 52 8919 4433 1755 74 28 8863 1832 734 14275 2216 50 860 5236 687 4351 743 4136 14373
internal_value=-2.59084e-13 0.000563293 0.00104008 0.00115209 -0.000219893 0.00628761 0.0210432 0.000353278 0.0411132 -0.0141097 0.0086355 0.0163131 0.00123136 0.00147627 0.000937038 0.00274547 -0.00750987 -0.000248159 -0.000702972 -0.00054174 0.000136341 0.000817571 0.00316132 -0.000645332 -0.000665369 -0.0019506 -0.000767656 -0.00390256 -0.000565108 -0.000961693
internal_weight=82944 23288 17015 16751 59656 258 74 184 47 67 117 83 16609 15209 10674 4535 102 59398 27211 26169 32187 17401 3126 910 14786 5923 24337 1477 22860 18724
internal_count=82944 23288 17015 16751 59656 258 74 184 47 67 117 83 16609 15209 10674 4535 102 59398 27211 26169 32187 17401 3126 910 14786 5923 24337 1477 22860 18724
is_linear=0
shrinkage=0.05


Tree=118
num_leaves=31
num_cat=0
split_feature=94 48 146 76 156 67 72 47 98 25 61 43 20 88 76 2 99 110 16 8 140 92 79 4 76 85 121 91 161 46
split_gain=4.02991 5.78054 6.14062 9.93579 9.0207 6.40163 6.10653 5.27565 5.19523 4.86751 5.27822 4.82083 5.43845 4.76888 4.76493 7.22372 8.33563 8.11208 7.11012 7.06048 9.01154 8.55123 8.19241 7.15797 6.85231 11.6295 11.6442 6.7249 8.03307 18.155
threshold=-0.81607549476567764 -0.53971442133701475 -0.70450395622662187 1.5373556681958098 -1.0580783826687084 -2.7512928826754632 1.1098504574158836 0.77511738066915814 0.85120202972269909 -1.378482434706964 1.4075103113803944 0.31747720556645392 -0.33578010357358512 -0.84267883667262955 -0.055436144371780682 1.5465420234017764 -0.069556277307880152 0.075081974543238061 0.088984490964020183 0.021996011106012407 -0.0023532948663703697 1.7775910583640715 -2.8504474224792742 -0.14434104778515874 -0.31483812192145594 -0.34227025649994008 0.16344765936414551 0.062061888867232254 1.6942532296406732 0.0019013915456177156
decision_type=2 2 2 2 2 2 2 2 2 2 2 2 2 2 2 2 2 2 2 2 2 2 2 2 2 2 2 2 2 2
left_child=8 2 3 5 -5 -2 -4 -7 -1 10 -10 12 -9 -6 15 -3 24 18 -18 -16 21 22 -21 -22 -17 26 -26 28 -25 -30
right_child=1 14 6 4 13 7 -8 11 9 -11 -12 -13 -14 -15 19 16 17 -19 -20 20 23 -23 -24 27 25 -27 -28 -29 29 -31
leaf_value=0.0002581633924002772 -0.017249337006154854 0.00047880765706055151 -0.00099240338735829734 -0.037061178615136491 -0.021739545652859047 -0.00039051519642831374 0.0027243037909647117 0.00070480220748825925 0.0041504434799582201 0.0016998718733589159 0.015554065137941726 -0.0010371672494827932 -0.012688272501883919 -0.0054620027936604608 0.00043134841094083466 0.0022147960543660874 0.0089855887657233329 -0.006178741704354479 -0.012080724391234206 -0.017947712179888279 0.0013614109185761474 -0.011477308518716452 -0.0016721088954926426 -0.0017868871940963503 0.017607881331609353 0.0088751640026667536 0.061340942266194722 0.0012768164290925645 -0.029009636561903692 -0.00077618905846329946
leaf_weight=8948 68 17924 7972 31 56 2005 1283 103 418 2344 134 345 287 229 19529 197 271 249 47 78 5397 235 8835 3552 45 231 23 1863 90 155
leaf_count=8948 68 17924 7972 31 56 2005 1283 103 418 2344 134 345 287 229 19529 197 271 249 47 78 5397 235 8835 3552 45 231 23 1863 90 155
internal_value=-2.57037e-13 -0.000142246 -0.00112416 -0.00304091 -0.0114465 -0.00209498 -0.000477165 -0.00171889 0.000853907 0.00269462 0.00691871 -0.00534253 -0.00915113 -0.0086604 6.47518e-05 0.000716312 0.00472104 0.000579883 0.00587201 -0.000246598 -0.000901862 -0.00206276 -0.00181454 5.86094e-05 0.00945499 0.0142253 0.0323999 -0.00118366 -0.00239089 -0.0111477
internal_weight=82944 71100 12379 3124 316 2808 9255 2740 11844 2896 552 735 390 285 58721 18987 1063 567 318 39734 20205 9148 8913 11057 496 299 68 5660 3797 245
internal_count=82944 71100 12379 3124 316 2808 9255 2740 11844 2896 552 735 390 285 58721 18987 1063 567 318 39734 20205 9148 8913 11057 496 299 68 5660 3797 245
is_linear=0
shrinkage=0.05


Tree=119
num_leaves=31
num_cat=0
split_feature=62 65 91 100 91 100 115 113 2 41 112 5 110 39 139 129 162 12 116 79 109 107 80 77 5 0 123 54 119 76
split_gain=3.78471 6.45147 6.10798 6.00422 6.06731 6.4959 6.10599 5.99765 5.96602 5.74517 5.68073 6.25661 8.64245 8.27168 5.57071 6.78123 8.58342 5.45302 9.13876 6.50283 5.41379 6.06937 5.18229 6.64646 5.04422 4.98319 4.96156 4.81941 6.98891 7.59005
threshold=-0.331153251035538 -0.61218567211937003 1.8483599091880323 0.77107088406146307 -1.0792011556863559 -3.5710688100704528 -2.2993277308830962 1.0000000180025095e-35 0.088901069741887814 -0.85032533765973062 -0.7777652425870033 0.9074519576230029 -0.68426047651050614 -0.11978194319636952 -0.59788107354885212 -0.057172549474025725 1.392621247645583 -1.1331481289611109 -1.2556669606056037 -0.18761547547674592 -1.8650807318242193 -1.6734020828915537 0.26050778676192465 -0.93820698213630138 -0.65128935879489414 -1.0225665607399292 -0.45428410129985225 0.092231350612641955 -0.028030845675978029 -0.01666607931987522
decision_type=2 2 2 2 2 2 2 2 2 2 2 2 2 2 2 2 2 2 2 2 2 2 2 2 2 2 2 2 2 2
left_child=1 17 7 4 5 -2 -6 10 -5 -7 -3 25 13 -13 -10 16 -16 18 -1 -20 21 -8 -19 -24 -25 -12 -4 -22 29 -29
right_child=3 2 26 8 6 9 20 -9 14 -11 11 12 -14 -15 15 -17 -18 22 19 -21 27 -23 23 24 -26 -27 -28 28 -30 -31
leaf_value=0.0055342131969518963 -0.017462516357299201 -8.8138291039806149e-05 -0.009137895416982551 -0.00085104663671026226 -0.0044474179039719532 0.0053206135419812638 0.019486681717062949 0.00033993268585668095 -0.010316555874020266 0.00095388490205895911 -0.00080632245060862176 0.0089551822844789256 0.0039459884752318063 0.028225791985420762 -0.0057996456367487691 0.00067708841508849424 -0.037148782967225367 0.0011158606330969158 -0.012046514971154755 -0.0020512822727814877 0.00017626815803825754 0.002650921549732795 0.0024636033827489471 0.00038247319869193507 -0.0062462007224573018 0.0032426505218387846 -0.00055670980747198832 -0.00020253963020909265 -0.00011886290645212186 -0.0039954615627810879
leaf_weight=175 43 1748 240 6161 817 1014 57 7168 316 2929 1001 225 925 74 431 612 23 2875 345 308 33458 880 530 419 911 3155 565 2331 10170 3038
leaf_count=175 43 1748 240 6161 817 1014 57 7168 316 2929 1001 225 925 74 431 612 23 2875 345 308 33458 880 530 419 911 3155 565 2331 10170 3038
internal_value=-1.84888e-12 0.000586356 0.00112258 -0.000194548 -1.23031e-05 0.00186607 -0.000159831 0.0013612 -0.00151704 0.00207685 0.00238819 0.00319277 0.00633469 0.0137245 -0.00448605 -0.00275768 -0.00738782 -0.000869239 -0.00461275 -0.00733207 -8.96791e-05 0.00367508 -0.00021462 -0.00227114 -0.00415792 0.00226743 -0.00311508 -0.000161675 -0.000889322 -0.00234873
internal_weight=82944 20664 15101 62280 54737 3986 50751 14296 7543 3943 7128 5380 1224 299 1382 1066 454 5563 828 653 49934 937 4735 1860 1330 4156 805 48997 15539 5369
internal_count=82944 20664 15101 62280 54737 3986 50751 14296 7543 3943 7128 5380 1224 299 1382 1066 454 5563 828 653 49934 937 4735 1860 1330 4156 805 48997 15539 5369
is_linear=0
shrinkage=0.05


Tree=120
num_leaves=31
num_cat=0
split_feature=1 158 158 5 0 0 101 4 156 4 3 4 3 4 158 4 5 5 158 3 3 0 1 5 156 3 4 5 0 113
split_gain=3.74441 11.202 8.0275 8.2955 5.02099 5.50111 4.65991 4.40777 4.4353 13.1285 7.47275 7.27969 4.21099 3.95641 8.93637 9.40647 17.7736 15.5917 9.76202 8.97878 8.45702 9.15298 9.69741 15.1149 7.86777 8.68219 11.7717 24.2543 14.1068 8.46277
threshold=-1.0823603647650073 -1.7404918888865692 1.0792073135802653 -1.1922423828014173 1.0526555900912007 0.80565153132253264 -0.068067557266932449 -1.5396378430416895 -1.0580783826687084 -0.93821681060352979 -0.17125959800945484 -1.3471831126614784 -0.80317083956611779 -1.1547283822812668 0.37100531152934357 -1.275012588768899 0.59600457818378805 1.3068553720383922 -1.7404918888865692 -1.5868423785307451 -0.44926969290708973 -0.98494078325700551 -0.36284974416857935 -0.30505838731801371 0.30811198432798453 0.19709210120413043 -1.4193536365540573 0.95394520574431452 1.7612684997119359 -0.047785570328632156
decision_type=2 2 2 2 2 2 2 2 2 2 2 2 2 2 2 2 2 2 2 2 2 2 2 2 2 2 2 2 2 2
left_child=1 6 4 -4 5 7 -1 12 9 11 -11 -9 -3 14 15 -2 19 -18 -19 -17 -16 -22 -23 -24 -25 -26 27 -27 29 -29
right_child=13 2 3 -5 -6 -7 -8 8 -10 10 -12 -13 -14 -15 20 16 17 18 -20 -21 21 22 23 24 25 26 -28 28 -30 -31
leaf_value=-0.0010066431857365164 -0.00092952512646755784 -0.0032141515983419274 -0.036890284264726299 -0.004753617903944859 -0.018565406171943657 0.016686981755562807 -0.010192700344455935 0.0017535769735418615 -0.00032990187107291937 -0.0002006946717455334 0.024336866749560135 0.037405452248122958 -0.026553439514504541 0.00021726561727306587 -0.001599356597207851 -0.029470280930399897 -0.017594312870928202 0.022766104112896656 -0.0057297142331743014 -0.00023331863092395161 -0.0095353537065652662 0.0090743381065217493 -0.011307772071503257 0.00086791838147208154 0.013534437777460065 -0.0096538162788021437 -0.0067698661019751768 0.059127608243198626 -0.00067501005986793285 0.024182240317829631
leaf_weight=196 6193 68 28 71 33 55 467 21 1239 355 34 45 27 67004 2183 27 407 36 182 958 153 542 205 1638 306 105 193 21 53 99
leaf_count=196 6193 68 28 71 33 55 467 21 1239 355 34 45 27 67004 2183 27 407 36 182 958 153 542 205 1638 306 105 193 21 53 99
internal_value=1.35562e-12 -0.00185319 3.37624e-05 -0.0138428 0.000765663 0.00111161 -0.00747706 0.000632769 0.0012205 0.00544237 0.00194398 0.0260617 -0.00984742 6.09001e-05 -0.000726794 -0.00181467 -0.00521946 -0.0118146 -0.00102398 -0.00103474 0.000817169 0.0024085 0.00298643 0.00172703 0.0028335 0.00697715 0.00271701 0.00930322 0.0208089 0.0302977
internal_weight=82944 2639 1976 99 1877 1844 663 1789 1694 455 389 66 95 80305 13301 7803 1610 625 218 985 5498 3315 3162 2620 2415 777 471 278 173 120
internal_count=82944 2639 1976 99 1877 1844 663 1789 1694 455 389 66 95 80305 13301 7803 1610 625 218 985 5498 3315 3162 2620 2415 777 471 278 173 120
is_linear=0
shrinkage=0.05


Tree=121
num_leaves=31
num_cat=0
split_feature=2 156 4 4 0 103 128 11 14 125 88 161 56 161 2 1 4 1 4 4 42 152 59 132 110 145 32 34 2 115
split_gain=3.5793 18.4667 8.92575 13.7918 5.39062 3.66069 5.85032 6.14887 5.06275 5.4353 4.8399 7.04881 6.64966 6.98354 6.51684 12.7854 9.02576 8.67369 15.4853 12.6312 8.63177 9.17317 9.90925 8.65439 10.5267 8.40453 10.3682 7.81604 9.03779 7.49651
threshold=-1.5003388811877352 -0.91243033262262674 1.0000000180025095e-35 -0.72170523892579219 0.39239371894061464 -0.48083834143779541 2.6868438697638024 0.8875952367258616 1.5609383547136215 -0.50631056913951566 0.32103642576992086 -0.76213734878580341 -1.0020418483177453 -0.76213734878580341 0.55865729442855694 0.15751385252971228 -1.5396378430416895 1.2084748473567053 0.38490946076042243 -0.12028420648763188 -0.066174934957006812 0.035235211601353324 -0.12039767199679936 0.15940220233298055 -0.60229750245841329 0.070751482684429504 -0.051940358173801479 -0.0058957276537034272 3.2858080162893279 1.4806698889858534
decision_type=2 2 2 2 2 2 2 2 2 2 2 2 2 2 2 2 2 2 2 2 2 2 2 2 2 2 2 2 2 2
left_child=1 -1 3 -3 -4 6 7 -2 -9 -10 12 -12 13 -7 17 16 -16 -14 19 -19 25 22 29 24 -24 26 -17 28 -26 -22
right_child=5 2 4 -5 -6 10 -8 8 9 -11 11 -13 14 -15 15 20 -18 18 -20 -21 21 -23 23 -25 27 -27 -28 -29 -30 -31
leaf_value=0.034399357786471095 -0.00126241298370506 -0.010727014328161909 -0.00095922242035157985 0.018517540628937158 -0.028369694001133174 0.0056887257472633783 0.0052847780132842916 0.00047013685460459294 0.019117450717830151 0.0035740212048514333 0.0026596008863750526 0.00030566901681810155 -0.00049098237903616102 0.00072524252067408075 0.032052354523912079 0.0008803192662965773 0.0070438286591999483 0.0016845961448482491 0.0027852970635437371 -0.026932428194983329 0.00086989458232919969 0.00015570914885742261 0.039515450736507779 -0.0022116856130854627 0.0090654206823734176 0.0021199027389485164 -0.0061164832352652073 0.0023446528450172741 0.03124506095310255 -0.025790288016476016
leaf_weight=27 13345 151 24 55 71 942 409 3287 72 257 4369 11689 33460 2861 40 865 368 55 163 129 1126 5257 26 246 733 997 1365 479 49 27
leaf_count=27 13345 151 24 55 71 942 409 3287 72 257 4369 11689 33460 2861 40 865 368 55 163 129 1126 5257 26 246 733 997 1365 479 49 27
internal_value=1.57964e-12 -0.00521281 -0.00876606 -0.002919 -0.0214449 2.06958e-05 -0.000624359 -0.000766852 0.00106204 0.00697562 0.000192424 0.000946118 -5.3628e-05 0.00195469 -0.000221914 0.000801896 0.00949564 -0.000572541 -0.00843697 -0.0183784 0.000484344 0.00137028 0.00374741 0.0063812 0.00802366 -0.00169631 -0.00340248 0.00737435 0.0104552 0.000245588
internal_weight=82944 328 301 206 95 82616 17370 16961 3616 329 65246 16058 49188 3803 45385 11578 408 33807 347 184 11170 7943 2686 1533 1287 3227 2230 1261 782 1153
internal_count=82944 328 301 206 95 82616 17370 16961 3616 329 65246 16058 49188 3803 45385 11578 408 33807 347 184 11170 7943 2686 1533 1287 3227 2230 1261 782 1153
is_linear=0
shrinkage=0.05


Tree=122
num_leaves=31
num_cat=0
split_feature=71 13 144 146 95 30 58 112 5 4 34 4 98 128 156 97 156 145 108 93 114 13 113 84 14 71 162 1 4 161
split_gain=3.51591 4.44474 4.67384 4.94582 4.79026 4.56155 4.44158 7.11563 6.47725 7.9125 10.2127 10.0041 14.6938 8.75232 11.6196 10.996 8.93224 9.32646 8.8803 6.75377 6.62136 5.54314 5.5332 6.23894 8.97382 13.1367 8.34556 18.1667 9.51685 24.5881
threshold=1.0858532360521296 -2.2009512867954242 2.5083594007271617 1.8144300029553218 0.22581591631163925 1.6829499522690294 -0.14625061668952513 -0.43582226353248116 0.42390874111036964 -0.33679577816536971 0.79619102828084609 1.5636946843392165 -0.32914634087204447 0.062926485605782137 -0.066328909107563699 0.11911455794656768 -0.50537016327236373 -0.20879416533370462 0.097326296333934206 -0.19832040298791667 1.8511087007652176 -0.034787947066396673 0.10774665874076185 0.25443659015383374 0.11591355421440432 -0.20900622371924041 -1.0444659357341868 2.7276332300299173 0.45707998465300176 1.6942532296406732
decision_type=2 2 2 2 2 2 2 2 2 2 2 2 2 2 2 2 2 2 2 2 2 2 2 2 2 2 2 2 2 2
left_child=1 -1 6 5 -5 -4 7 -3 -9 -10 11 13 -13 14 16 19 -11 -18 -17 -16 -15 -20 23 24 26 -26 27 28 -8 -30
right_child=-2 2 3 4 -6 -7 22 8 9 10 -12 12 -14 20 15 18 17 -19 21 -21 -22 -23 -24 -25 25 -27 -28 -29 29 -31
leaf_value=0.0026344917953531602 -0.00092732828548444635 -0.00056345686639964034 -0.0010015792926548655 -0.018013999007948145 0.0014217622028967448 -0.021274027408197008 -0.0034196870788127036 0.00047119790807686589 1.6533520049549476e-06 0.0069167080278459249 -0.0032362440423772151 -0.023212683473310965 0.0029558591350378732 0.0027099272798161381 -0.0050834928215236254 0.012884956373271484 0.0090915904897101753 -0.016647327925665711 0.032335709596407559 0.010784250268561505 0.026055032526323154 0.0061175288913849126 -0.0008803619792510718 -0.0011902826844467477 -0.00052949184264698549 0.0040158772809608416 0.00053723865701979913 -0.049497029369231317 -0.00045183865664479098 0.022712937450740444
leaf_weight=1709 9100 6973 643 102 46 29 2775 7640 1798 583 426 74 195 1503 95 262 57 92 126 228 31 24 17200 6372 2689 3888 16877 20 1261 126
leaf_count=1709 9100 6973 643 102 46 29 2775 7640 1798 583 426 74 195 1503 95 262 57 92 126 228 31 24 17200 6372 2689 3888 16877 20 1261 126
internal_value=1.92822e-13 0.000114277 5.45691e-05 -0.00369877 -0.0119732 -0.00187643 9.7726e-05 0.00072744 0.00141279 0.00272218 0.00404564 0.00499429 -0.00424292 0.00582229 0.00858348 0.0130243 0.00412446 -0.0068009 0.0184393 0.00611727 0.0031817 0.0281408 -0.000149534 0.000220093 0.000545281 0.00215751 4.1762e-05 -0.0019578 -0.00172935 0.00165253
internal_weight=82944 73844 72135 820 148 672 71315 20107 13134 5494 3696 3270 269 3001 1467 735 732 149 412 323 1534 150 51208 34008 27636 6577 21059 4182 4162 1387
internal_count=82944 73844 72135 820 148 672 71315 20107 13134 5494 3696 3270 269 3001 1467 735 732 149 412 323 1534 150 51208 34008 27636 6577 21059 4182 4162 1387
is_linear=0
shrinkage=0.05


Tree=123
num_leaves=31
num_cat=0
split_feature=147 16 96 48 103 34 88 5 111 5 3 105 130 88 67 1 3 0 2 64 5 157 5 4 4 156 1 5 2 5
split_gain=3.46391 4.97061 4.71899 4.95876 6.19372 4.48516 5.41639 7.12237 12.1205 5.28779 5.30934 4.91259 4.59719 4.65729 5.66867 4.86223 6.40796 4.48913 4.30829 4.22657 7.00982 8.90573 14.1536 16.0372 32.3855 19.7416 16.6713 14.0465 11.2276 9.03819
threshold=-0.25189907124374883 -0.68839238223474264 1.6967131795588977 -1.7847326380139723 -1.1752392722998333 0.65782089536797594 -1.0910243676004097 1.0414542967589195 -0.085523554248743902 0.122819204494447 0.30441455354675301 -0.66432490151179102 0.58281559175219211 -0.63185953682362928 -0.10644168052605696 3.0427843480466308 3.1648958441122699 2.4867904811687107 -1.1231997119140285 0.16460740092826401 -0.30505838731801371 -0.44226394673368169 -1.157767925009791 -0.84198944541342391 -1.3471831126614784 -1.0580783826687084 -0.53959452152042731 -1.2543280627517379 0.64459424129650122 -1.3494002584222959
decision_type=2 2 2 2 2 2 2 2 2 2 2 2 2 2 2 2 2 2 2 2 2 2 2 2 2 2 2 2 2 2
left_child=1 2 3 4 -1 6 7 -3 -9 10 -7 -12 13 -8 15 16 -15 -17 -16 20 21 22 23 24 25 -2 27 -26 -27 -28
right_child=19 5 -4 -5 -6 9 12 8 -10 -11 11 -13 -14 14 18 17 -18 -19 -20 -21 -22 -23 -24 -25 26 28 29 -29 -30 -31
leaf_value=-0.031670675164534028 -0.019441312601945052 0.0029378520395716766 0.0046512495076607846 -0.00071751102568749087 -0.0049562731212006239 0.00058504278036163623 -0.0011188953942616879 0.021368037759962065 -0.010848192001790985 -0.0025672423157084272 0.028988211313563009 0.0048581628594547514 -0.00092644002665670164 0.00052951565773130327 -0.0079828519926428108 -0.027677417315285779 0.027008679387686047 -0.0018401519146573266 0.0033144160070394477 -0.00084585581884580319 0.00065479546905101429 -0.0015397743236450722 -0.0019536985286253018 0.00068347726418697724 0.031789426295890835 0.00058246451958109612 -0.0028338544033788917 0.011917909764334145 0.027962495470308657 0.014276764134692988
leaf_weight=23 123 1526 374 4856 383 1953 1464 126 38 1790 31 66 2507 3461 86 29 23 40 4512 17854 23134 11196 3019 3277 183 345 145 173 42 165
leaf_count=23 123 1526 374 4856 383 1953 1464 126 38 1790 31 66 2507 3461 86 29 23 40 4512 17854 23134 11196 3019 3277 183 345 145 173 42 165
internal_value=-9.51768e-13 0.000517156 -0.000775611 -0.00116133 -0.00646965 0.000929916 0.00135016 0.00400195 0.0139033 -0.000581641 0.00115213 0.0125698 0.000980455 0.00147766 0.00194402 0.00044402 0.000704321 -0.0126993 0.00310311 -0.000201883 7.31634e-05 -0.000647614 0.000689193 0.00248099 0.00748989 -0.00199197 0.0147508 0.0221328 0.00355394 0.00627341
internal_weight=82944 23288 5636 5262 406 17652 13812 1690 164 3840 2050 97 12122 9615 8151 3553 3484 69 4598 59656 41802 18668 7472 4453 1176 510 666 356 387 310
internal_count=82944 23288 5636 5262 406 17652 13812 1690 164 3840 2050 97 12122 9615 8151 3553 3484 69 4598 59656 41802 18668 7472 4453 1176 510 666 356 387 310
is_linear=0
shrinkage=0.05


Tree=124
num_leaves=31
num_cat=0
split_feature=117 60 159 4 7 5 4 101 21 21 41 80 102 59 129 93 69 100 2 156 1 162 54 107 32 1 89 42 156 123
split_gain=3.40497 5.86439 6.64037 8.8695 7.88468 6.45619 8.07456 7.23666 8.41368 6.87305 6.11518 6.06965 6.30274 5.88791 5.82675 5.70197 4.54612 5.41503 7.42273 4.48383 4.46784 5.2357 4.76851 4.31141 6.42776 6.6815 8.23187 6.49542 9.57579 5.85888
threshold=-0.44312468001453781 0.32586102009224921 -0.77009752177902302 -0.33679577816536971 -1.8547890875661677 -0.75810821674444961 1.5636946843392165 -0.11828385104571128 -0.057593009454733064 -0.25812431984024548 0.81650744043245083 0.068566681316349257 -0.027605870250523946 0.5173132399301541 -2.9831574159103051 -2.5761592476146329 -0.32350060618545845 0.4158071348200067 0.064733281979398191 -1.0580783826687084 -0.084017295637688796 0.34815531191139576 0.074028917908718031 0.91600706491715955 0.31031739596989699 0.06751436601153403 0.058698808031657161 0.31928676795898431 -0.91243033262262674 2.7331420420043773
decision_type=2 2 2 2 2 2 2 2 2 2 2 2 2 2 2 2 2 2 2 2 2 2 2 2 2 2 2 2 2 2
left_child=1 2 14 -4 -5 -6 7 10 11 -8 13 12 20 -7 -1 -3 17 -17 -19 -10 -9 22 -22 24 29 -26 27 28 -27 -2
right_child=23 15 3 4 5 6 9 8 19 -11 -12 -13 -14 -15 -16 16 -18 18 -20 -21 21 -23 -24 -25 25 26 -28 -29 -30 -31
leaf_value=0.017393087868905685 -3.7275313754479264e-05 -0.0068347558542945419 -5.980272935339181e-05 -0.0050856835184376224 0.001710458332038995 0.005355727865190188 -0.021896215749993213 0.041696253876366163 0.018635682854392942 0.0010914798324746598 0.011199956739217871 0.0083084498734995824 0.010882532919750066 -0.0030451268734121191 -0.00029977971773238586 -0.00021524921228396139 0.00064044303278060753 -0.0030243754151496969 -0.015510147970410124 0.0038492503034792086 0.04856386678716676 0.0071111757914687317 0.021410472507848114 0.0011160258569931207 -0.00078472687464075904 -0.038895976953208448 -0.0013242995801520353 -0.0027754704135013793 -0.0097465716676383811 -0.0068561454176359615
leaf_weight=47 50278 346 2434 238 1492 514 42 34 57 144 225 249 133 351 4693 1101 4308 513 155 510 22 43 61 5951 6649 30 1171 373 463 317
leaf_count=47 50278 346 2434 238 1492 514 42 34 57 144 225 249 133 351 4693 1101 4308 513 155 510 22 43 61 5951 6649 30 1171 373 463 317
internal_value=1.53013e-12 0.000614795 0.00130106 0.00233272 0.00374789 0.00429016 0.00590396 0.00675008 0.00959371 -0.00409929 0.00385688 0.0140481 0.0189258 0.00194683 -0.000124344 -0.000591369 -0.000235896 -0.00237002 -0.00592152 0.00533572 0.0256119 0.0212716 0.0286078 -0.000166931 -0.000295722 -0.00155229 -0.00405771 -0.0077538 -0.0115204 -7.99985e-05
internal_weight=82944 17712 11289 6549 4115 3877 2385 2199 1109 186 1090 542 293 865 4740 6423 6077 1769 668 567 160 126 83 65232 59281 8686 2037 866 493 50595
internal_count=82944 17712 11289 6549 4115 3877 2385 2199 1109 186 1090 542 293 865 4740 6423 6077 1769 668 567 160 126 83 65232 59281 8686 2037 866 493 50595
is_linear=0
shrinkage=0.05


Tree=125
num_leaves=31
num_cat=0
split_feature=94 48 40 21 1 124 74 27 1 38 100 154 10 106 156 91 162 2 1 0 2 0 161 4 4 1 0 4 4 1
split_gain=3.38613 5.00757 5.26605 6.07904 5.40761 6.80416 6.2682 5.89475 8.45708 5.11143 4.92078 4.46409 4.42749 4.2965 4.95555 16.0076 4.28258 9.45039 11.5068 6.40915 12.4497 6.9362 6.69524 13.5209 24.0333 7.85397 7.28885 7.26019 6.30847 6.24939
threshold=-0.81607549476567764 -0.53971442133701475 -0.42806252065638167 2.6587983916503588 1.0000000180025095e-35 -0.27246887745250553 1.6253351642588461 0.96488817741631661 1.0725343352449441 1.1238525397036259 0.11310713816948141 -0.33586721285271764 1.3364491120234054 -0.27337182285625872 -1.0580783826687084 -1.5248418308300304 0.69631062382279152 2.5083282097764519 1.8398692159767098 0.30657967186751606 0.16630210637216689 1.0042330723168871 1.0801555850340541 -1.3952967952565312 -0.81793260411589741 -0.66744799056137361 0.27820969831067233 1.2750125887688994 -1.4193536365540573 -0.58364272244463355
decision_type=2 2 2 2 2 2 2 2 2 2 2 2 2 2 2 2 2 2 2 2 2 2 2 2 2 2 2 2 2 2
left_child=11 2 13 4 10 -6 7 -7 -9 -5 -4 -1 -12 14 15 -2 -3 18 19 22 -21 28 26 -24 -25 27 -18 -26 -22 -28
right_child=1 16 3 9 5 6 -8 8 -10 -11 12 -13 -14 -15 -16 -17 17 -19 -20 20 21 -23 23 24 25 -27 29 -29 -30 -31
leaf_value=0.0020021758385330023 -0.046925269380211833 0.00034305131534103538 0.00057848648621088385 -0.018151318887248635 -0.00015123895255406546 -0.0030765680733248267 -0.016967715610142247 -0.0082714499741322715 -0.037290475925796533 -0.0014408834817179715 -0.0015004044972124304 1.0030414983941291e-05 -0.0074883188434465746 0.0019808985892845773 -0.00066078524106859705 -0.002102092730252034 -0.00039606296901712173 0.01801688346587231 -0.025910226992434927 -0.0053231937645965011 0.016130269261258139 -0.0020098079952518585 -0.030357877467758955 0.02852855958740845 0.011962736503943345 -0.011877487214325473 0.039751469381597071 -0.0093323679011188109 0.0026766917358223945 0.0011775218720902645
leaf_weight=4594 25 40995 3391 102 956 1156 111 243 28 83 2510 7250 352 2157 1167 98 13984 68 45 1823 108 786 24 107 147 86 21 55 451 21
leaf_count=4594 25 40995 3391 102 956 1156 111 243 28 83 2510 7250 352 2157 1167 98 13984 68 45 1823 108 786 24 107 147 86 21 55 451 21
internal_value=-1.09937e-12 -0.00013039 -0.0010443 -0.00168494 -0.00149524 -0.00346376 -0.00552277 -0.00463252 -0.0112697 -0.0106542 -0.0007101 0.000782735 -0.00223686 0.00061576 -0.00166688 -0.0112125 6.22716e-05 -0.000587089 -0.000658732 -0.000594216 -0.00263088 0.00101825 -0.000147545 0.00608054 0.00829452 0.000777007 -0.000333597 0.00616456 0.00527595 0.0204645
internal_weight=82944 71100 12379 8932 8747 2494 1538 1427 271 185 6253 11844 2862 3447 1290 123 58721 17726 17658 17613 3168 1345 14445 419 395 288 14026 202 559 42
internal_count=82944 71100 12379 8932 8747 2494 1538 1427 271 185 6253 11844 2862 3447 1290 123 58721 17726 17658 17613 3168 1345 14445 419 395 288 14026 202 559 42
is_linear=0
shrinkage=0.05


Tree=126
num_leaves=31
num_cat=0
split_feature=62 65 91 113 112 122 5 1 72 158 0 12 116 79 100 1 91 100 5 41 64 42 56 21 5 44 50 29 100 35
split_gain=3.33668 5.61082 5.2196 5.16064 5.03919 5.60674 5.98784 8.50901 5.56209 5.48309 4.92254 4.77038 7.91359 5.57776 4.75439 6.27793 5.40491 5.15551 5.1549 5.04735 4.71764 5.93965 7.2774 6.66752 7.94016 8.26085 6.74002 6.41004 6.18545 5.99932
threshold=-0.331153251035538 -0.61218567211937003 1.8483599091880323 1.0000000180025095e-35 -0.7777652425870033 -1.3471157668541403 0.9074519576230029 0.52972576445151198 0.0027362740761936225 1.0152913959681018 -1.0930709204936984 -1.1331481289611109 -1.2556669606056037 -0.18761547547674592 0.77107088406146307 0.022069908106924895 -1.0792011556863559 -3.5710688100704528 0.95394520574431452 -0.85032533765973062 0.15831501745131918 0.40679560412013749 -0.1473307324479935 0.30975392060286311 1.0414542967589195 0.99267945179339312 2.4969147690470992 0.027817081460904038 -0.87958990810322801 0.15853091512226083
decision_type=2 2 2 2 2 2 2 2 2 2 2 2 2 2 2 2 2 2 2 2 2 2 2 2 2 2 2 2 2 2
left_child=1 11 3 4 -3 -6 10 8 -8 -10 -7 12 -1 -14 16 -16 17 -2 -17 -19 -18 23 -23 28 26 -26 -25 -24 -22 -30
right_child=14 2 -4 -5 5 6 7 -9 9 -11 -12 -13 13 -15 15 18 20 19 -20 -21 21 22 27 24 25 -27 -28 -29 29 -31
leaf_value=0.0051340781712372391 -0.015466954347374308 -0.00010846476798594873 -0.0028667535386098873 0.00032388245087139176 -0.0035684715055553668 -0.00086822411979096351 0.018636766281672459 0.0033184336173320847 0.012412636365446268 -0.0041654334718210471 0.0033951215726127741 -0.00019461890015487254 -0.01120499576803 -0.0019479695281998746 -0.00064711629920785314 -0.0063930316232634066 0.00015010953746645694 0.0049805441545833435 -0.00015602974297674913 0.00088759523675232285 0.0019535685802433054 -0.00015011518867549613 -0.0016877231900300459 0.00081301548009013967 0.0049184383977129266 0.024025823120027781 -0.021282110432428974 -0.0075274651818026716 -0.0026486225512720343 0.00054053884587629275
leaf_weight=175 43 1748 805 7168 308 870 188 734 153 74 3053 4735 345 308 6064 978 35914 1014 501 2929 1394 1502 878 2491 436 65 35 1011 4919 2106
leaf_count=175 43 1748 805 7168 308 870 188 734 153 74 3053 4735 345 308 6064 978 35914 1014 501 2929 1394 1502 878 2491 436 65 35 1011 4919 2106
internal_value=2.37976e-12 0.000550556 0.00105062 0.00127121 0.00222385 0.00298163 0.00337939 0.00655382 0.0122762 0.00700833 0.00244964 -0.000806895 -0.00430825 -0.00683874 -0.00018267 -0.00135949 -2.04985e-05 0.00175237 -0.00428029 0.00194016 -0.00015974 -0.000909754 -0.00274773 -0.000365233 0.00164733 0.00739744 0.000506868 -0.00481318 -0.00108884 -0.00169256
internal_weight=82944 20664 15101 14296 7128 5380 5072 1149 415 227 3923 5563 828 653 62280 7543 54737 3986 1479 3943 50751 14837 3391 11446 3027 501 2526 1889 8419 7025
internal_count=82944 20664 15101 14296 7128 5380 5072 1149 415 227 3923 5563 828 653 62280 7543 54737 3986 1479 3943 50751 14837 3391 11446 3027 501 2526 1889 8419 7025
is_linear=0
shrinkage=0.05


Tree=127
num_leaves=31
num_cat=0
split_feature=78 34 80 16 118 65 42 5 54 108 162 158 150 129 4 1 153 42 1 157 4 98 67 115 36 23 5 4 73 4
split_gain=3.18224 6.77091 6.67839 6.92416 5.79676 5.02834 6.83168 7.11647 12.4982 15.356 14.343 9.88392 7.33277 6.24483 6.27365 6.19791 7.54629 5.93085 7.38109 7.51943 5.65403 5.44593 5.27627 4.91347 4.90864 5.55685 8.63037 12.1216 8.91485 9.333
threshold=0.026143317624983092 -0.086546857495611654 -0.037737723647063313 -1.066307957753259 -0.087512757475059086 -0.013990787990736117 0.064933573679237869 1.2244505813480744 0.0066644444397302603 -0.039494281426508508 -0.34815531191139565 -1.7404918888865692 -0.12464916416240393 0.045441800785296353 -1.6358652082317953 1.7826028263345723 -0.16646866475445282 -0.016023960296095839 1.5090210108706297 -0.44226394673368169 -0.3608526194628961 0.12167969856028525 -3.0778492110092537 -0.50044465309577268 0.019665734717640611 -0.37829043517048111 0.30505838731801377 1.5636946843392165 -0.073143502848876982 1.4193536365540582
decision_type=2 2 2 2 2 2 2 2 2 2 2 2 2 2 2 2 2 2 2 2 2 2 2 2 2 2 2 2 2 2
left_child=1 2 -1 4 23 22 7 15 9 10 -9 20 -13 14 -10 21 -17 18 -15 -20 -11 -7 -2 -4 -24 -26 -27 28 29 -28
right_child=5 -3 3 -5 -6 6 -8 8 13 11 -12 12 -14 17 -16 16 -18 -19 19 -21 -22 -23 24 -25 25 26 27 -29 -30 -31
leaf_value=-0.00056287107595171285 -0.0094983659496529378 -0.00081629097874704793 -0.011362864333572002 0.0020130214931985504 0.0013923529687284413 0.00025695205504466085 -0.00014598700056250139 0.061597365491951883 0.0096223846875954488 0.047343854535193672 0.014124081422370384 0.027801020309219465 0.0038530781771922277 0.0052955056872518586 -0.0018291773675813616 -0.035005781975073307 -0.0015596927507431247 0.00060783116848693358 0.002057090657763183 0.03890373557806015 0.015568881624910449 0.0027449449073170991 -0.00095512088309201266 -0.0021314401117175346 -0.0014619249285347034 -0.0002924275257996298 0.0060036883607224398 -0.0084768844813922807 0.0015661201780193511 0.025996995056773248
leaf_weight=8047 153 25531 222 7473 635 5701 9243 26 138 21 41 34 534 87 897 26 48 142 20 45 42 3581 10034 411 2420 3959 1354 211 1807 61
leaf_count=8047 153 25531 222 7473 635 5701 9243 26 138 21 41 34 534 87 897 26 48 142 20 45 42 3581 10034 411 2420 3959 1354 211 1807 61
internal_value=3.06571e-13 -0.00030344 0.000476498 0.00143335 -0.00198299 0.000316093 0.000863843 0.00168382 0.00436974 0.00978727 0.0325465 0.00737067 0.00528658 0.00152442 -0.000302302 0.00110191 -0.013311 0.00795521 0.0148192 0.0275663 0.0261605 0.00121682 -0.00024883 -0.005369 -0.000177522 0.000617671 0.00129849 0.00313317 0.00389348 0.00686559
internal_weight=82944 42319 16788 8741 1268 40625 20626 11383 2027 698 67 631 568 1329 1035 9356 74 294 152 65 63 9282 19999 633 19846 9812 7392 3433 3222 1415
internal_count=82944 42319 16788 8741 1268 40625 20626 11383 2027 698 67 631 568 1329 1035 9356 74 294 152 65 63 9282 19999 633 19846 9812 7392 3433 3222 1415
is_linear=0
shrinkage=0.05


Tree=128
num_leaves=31
num_cat=0
split_feature=0 3 159 1 5 4 1 4 2 4 3 0 0 154 161 156 152 24 126 8 142 144 10 156 75 23 103 158 97 20
split_gain=3.26099 6.28692 7.77726 8.03868 19.1242 11.3149 8.52608 8.21447 7.0536 6.3275 6.31223 5.98929 5.32628 5.06838 6.49873 10.3667 10.673 7.78448 7.13679 6.92377 6.87627 6.82514 6.48148 7.4624 6.2297 6.07246 5.32051 5.24757 6.24965 5.16838
threshold=-1.3417539445867848 1.8368263236736897 -0.28878657066713359 -0.25529857263149819 0.95394520574431452 -0.40896630205794832 0.06751436601153403 -0.21651157167773741 -0.3137865378507611 -0.60142103243816025 0.043875236762773058 -1.4265151233784816 -1.7215955740678612 -0.38856964673107935 -0.76213734878580341 -0.91243033262262674 -0.50135487957243297 1.7758073243182724 2.8128781226456998 -0.07099767314850304 2.5152345785294332 1.6485738403284345 0.81686723386655491 1.7077461606554207 0.49073432776503961 0.20710187018570636 -1.7304277050859238 0.37100531152934357 -0.068674358890552442 -0.70742699050559776
decision_type=2 2 2 2 2 2 2 2 2 2 2 2 2 2 2 2 2 2 2 2 2 2 2 2 2 2 2 2 2 2
left_child=1 2 8 4 7 6 11 12 -1 -10 -6 -5 -4 14 15 17 25 -2 19 29 21 22 -21 -24 -25 -17 -19 28 -27 -18
right_child=13 -3 3 5 10 -7 -8 -9 9 -11 -12 -13 -14 -15 -16 16 18 26 -20 20 -22 -23 23 24 -26 27 -28 -29 -30 -31
leaf_value=-0.0011710901603158748 -0.0010876100339865984 -0.020090216216306356 0.014929174545199373 0.015576256552433027 -0.020353800445867321 -0.0014001456577256094 0.004788833077338862 0.009222877794946795 -0.01614862997716825 -0.0041457528009566326 0.0023058915827184534 0.04379319878561156 -0.0036105919507560809 -0.00012535443050897614 0.00018694767109517338 0.0045320108581858145 0.0052658389820735762 -0.038097591356684765 -0.014451856606385925 0.003878015503805796 -0.01690868923591601 -0.005900413605971818 0.0088843171201070069 0.011119857616722585 0.047955273697152738 0.0048012045673827197 -0.0065128401666879653 0.0050803234288596191 0.020668373560510211 -0.0019951942417305315
leaf_weight=4658 1057 43 43 180 145 324 258 279 140 509 39 21 391 58758 11700 761 315 24 66 1064 37 134 341 22 24 89 30 183 205 1104
leaf_count=4658 1057 43 43 180 145 324 258 279 140 509 39 21 391 58758 11700 761 315 24 66 1064 37 134 341 22 24 89 30 183 205 1104
internal_value=-3.30237e-12 -0.00103023 -0.000912932 0.00205195 -0.00117946 0.00575384 0.0108037 0.00252931 -0.0018515 -0.00673497 -0.0155509 0.0185243 -0.0017737 9.54045e-05 0.000851487 0.00227654 0.00337863 -0.0020336 0.00181438 0.00216741 0.00439892 0.00489632 0.0058934 0.0114344 0.0303383 0.00730443 -0.0205505 0.0117275 0.015865 -0.000383337
internal_weight=82944 7030 6987 1680 897 783 459 713 5307 649 184 201 434 75914 17156 5456 4345 1111 3107 3041 1622 1585 1451 387 46 1238 54 477 294 1419
internal_count=82944 7030 6987 1680 897 783 459 713 5307 649 184 201 434 75914 17156 5456 4345 1111 3107 3041 1622 1585 1451 387 46 1238 54 477 294 1419
is_linear=0
shrinkage=0.05


Tree=129
num_leaves=31
num_cat=0
split_feature=2 156 118 4 4 54 88 117 103 70 30 8 144 111 119 88 128 138 112 65 147 40 112 147 12 107 4 158 91 1
split_gain=3.07509 13.5135 5.11579 6.132 6.95618 4.96539 4.80691 3.00279 5.80244 7.36004 5.9895 5.55063 5.38223 5.94179 5.31375 5.26025 4.98006 5.00071 6.88712 5.64045 5.35956 7.66355 6.58235 10.7202 7.66845 7.87439 7.3027 11.9082 8.97083 8.13489
threshold=-1.3418930104523148 -0.91243033262262674 0.023718115869623912 -0.76981892152084441 1.106614699686215 -0.0060873417594884119 0.045198566109975233 -0.44312468001453781 -0.76055982043578829 0.30474274030215104 0.14943294419975031 1.6749777534239489 -0.81002794309018278 1.2120379632222871 -0.42898728246167389 -3.4441287688985809 0.18823142071029972 0.1103646880390393 -0.056721359065632103 0.02669673766215518 -0.25914940094599953 -0.015023498865300713 -0.035287289009114216 -0.012149984682889829 -0.0054336732692447003 0.098284738209857378 -0.31273893686784288 1.0792073135802653 -0.076022306887590013 0.52972576445151198
decision_type=2 2 2 2 2 2 2 2 2 2 2 2 2 2 2 2 2 2 2 2 2 2 2 2 2 2 2 2 2 2
left_child=1 5 3 -3 6 -1 -5 12 10 16 15 -12 13 -2 -14 -9 17 20 -19 -20 -10 22 26 24 25 -24 27 29 -28 -22
right_child=7 2 -4 4 -6 -7 -8 8 9 -11 11 -13 14 -15 -16 -17 -18 18 19 -21 21 -23 23 -25 -26 -27 28 -29 -30 -31
leaf_value=0.033897008952395669 -0.00010959901302305402 -0.0081309239215017117 -0.010543563114633864 0.0045348873433087846 -0.012501517989623704 0.0055382930504327479 0.026152898431755601 -0.020833167803163331 0.0014710425861012718 0.0012713360238678936 -0.0032970041867766246 0.0020337593611086135 -0.00037934418313788527 -0.0051303582466507083 0.0017588918770275444 0.0001804376167173372 -0.0011364558994942286 0.0026321269740337497 -0.0017135981762718443 0.0022065132415775564 -0.0018667919628704015 -0.001648733559227249 0.0061105992572029061 3.8146045836953502e-06 0.0002903983044537075 0.029834800736150809 0.0016008275235012558 0.009712459395550023 -0.0036569659188316556 0.0037824521448674049
leaf_weight=29 3442 158 286 72 38 33 40 30 3875 10168 3862 559 4231 711 9275 4087 11121 4030 2545 1435 2015 9272 1230 4301 709 36 1118 347 2957 932
leaf_count=29 3442 158 286 72 38 33 40 30 3875 10168 3862 559 4231 711 9275 4087 11121 4030 2545 1435 2015 9272 1230 4301 709 36 1118 347 2957 932
internal_value=1.02287e-12 -0.00340975 -0.00572824 -0.00125687 0.0059838 0.0188029 0.0122556 2.71826e-05 -0.0001307 5.4139e-05 -0.00134501 -0.00262297 0.000605006 -0.000969161 0.00108905 2.73144e-05 -0.000215366 7.89694e-05 0.00117512 -0.000300191 -0.000248747 -0.000539543 0.00021417 0.00140414 0.00445366 0.00678522 -0.0007993 0.000951391 -0.00221446 -8.01969e-05
internal_weight=82944 656 594 308 150 62 112 82288 64629 56091 8538 4421 17659 4153 13506 4117 45923 34802 8010 3980 26792 22917 13645 6276 1975 1266 7369 3294 4075 2947
internal_count=82944 656 594 308 150 62 112 82288 64629 56091 8538 4421 17659 4153 13506 4117 45923 34802 8010 3980 26792 22917 13645 6276 1975 1266 7369 3294 4075 2947
is_linear=0
shrinkage=0.05


Tree=130
num_leaves=31
num_cat=0
split_feature=0 0 2 4 1 0 156 138 4 5 5 156 0 159 139 0 0 102 160 44 2 99 81 3 156 107 2 159 1 5
split_gain=2.99216 10.9969 11.52 10.7874 7.97839 6.96473 6.63658 6.85182 6.56797 10.8362 9.53172 11.4423 10.8694 7.64229 8.1588 6.95384 6.36007 6.23853 6.15177 10.8349 11.0959 8.38301 10.0853 8.53095 7.49761 6.38316 6.05622 7.14959 10.0507 11.6404
threshold=1.6656405814953195 1.4992753960408207 0.55865729442855694 0.38490946076042243 -0.59795434504505962 1.5862685013412745 1.7077461606554207 0.028995020267050312 -1.4674673191491105 1.3668181053867372 1.3494002584222962 1.1133806251238731 2.4153235705169318 0.77009752177902324 0.079564864695729473 1.7273137874823077 2.4867904811687107 -0.018055916175986831 1.0000000180025095e-35 -0.029412745966887161 3.2858080162893279 -0.03099864390670316 -0.095693897679507048 3.0129642563911241 1.7077461606554207 0.037398627934492869 3.1142813650749193 1.3476706631132906 1.634603963815197 1.2818148012909092
decision_type=2 2 2 2 2 2 2 2 2 2 2 2 2 2 2 2 2 2 2 2 2 2 2 2 2 2 2 2 2 2
left_child=1 -1 3 5 6 -3 -2 -8 9 15 11 -10 13 14 -13 -6 -14 -16 19 20 -15 22 -21 -23 -20 -24 27 28 29 -4
right_child=4 2 26 -5 8 -7 7 -9 10 -11 -12 12 16 18 17 -17 -18 -19 24 21 -22 23 25 -25 -26 -27 -28 -29 -30 -31
leaf_value=1.8874402117686516e-05 0.003492143806903875 -0.027950279509924278 0.00035589363885252446 -0.00073038067739735087 0.028753959381226768 -0.011044075290212604 0.048057507757436148 0.012448076710903221 -0.023180500477264152 -0.0022651733156620851 0.0024758815228949397 0.0023830716411561469 -0.025301994572151199 -0.00030193590629486221 -0.0071199588339313641 0.0089606509770282332 0.0023763758644204718 -0.025153722191850345 -0.0058445224344457905 0.029333489362827758 -0.036074274165245397 0.011127151740461716 -0.015876243928166694 0.038527483242796735 0.0034577431558291886 0.011852337599828325 0.017410292010754346 0.00068095469659246177 -0.0019870428428730778 -0.024664054500317435
leaf_weight=76095 74 98 73 154 59 161 22 35 63 185 2327 129 73 224 133 179 29 75 511 22 24 253 73 32 376 29 40 847 421 128
leaf_count=76095 74 98 73 154 59 161 22 35 63 185 2327 129 73 224 133 179 29 75 511 22 24 253 73 32 376 29 40 847 421 128
internal_value=6.06643e-13 -7.54687e-05 -0.00381066 -0.0112099 0.00119501 -0.017441 0.0133692 0.0261921 0.000862484 0.00681178 0.000287009 -0.00220249 -0.00153601 -0.000673996 -0.00749575 0.0138674 -0.0174327 -0.0136225 0.000814949 0.00448207 -0.00376378 0.009482 -0.00137025 0.0142037 -0.00190128 -0.00799263 -0.00178554 -0.00230823 -0.00637872 -0.0155772
internal_weight=82944 78017 1922 413 4927 259 131 57 4796 423 4373 2046 1983 1881 337 238 102 208 1544 657 248 409 124 285 887 102 1509 1469 622 201
internal_count=82944 78017 1922 413 4927 259 131 57 4796 423 4373 2046 1983 1881 337 238 102 208 1544 657 248 409 124 285 887 102 1509 1469 622 201
is_linear=0
shrinkage=0.05


Tree=131
num_leaves=31
num_cat=0
split_feature=62 113 102 89 29 149 123 35 122 10 97 97 3 89 148 99 76 44 162 4 4 156 4 3 76 5 2 2 113 4
split_gain=3.01371 4.91023 6.41873 6.72237 5.50027 5.11239 5.48719 4.48295 4.47599 5.63965 6.83817 4.93877 4.3455 4.23116 4.16507 4.06382 4.01398 6.03069 5.79304 9.98346 9.38022 11.2584 15.4103 26.3432 15.9084 14.1546 53.175 23.2144 17.2969 19.4846
threshold=-0.331153251035538 0.0016647276112308456 1.8550388201845476 -1.2492011598250363 0.48314352488060414 0.50266446650552088 -2.5357843696639093 1.6027957283534544 -1.2216092045300815 0.74151773727983461 0.12306771162072069 -2.0639791291453151 0.1017620420757417 0.36183733952044822 -2.47225423705697 2.2426063817146966 -0.045343350908894027 0.15408041877531917 -1.0444659357341868 0.55330734984310737 -1.2028420648763196 1.0000000180025095e-35 -0.52925050854558109 -1.4745553719189093 0.29147559370335058 1.121095921206507 1.5465420234017764 0.076027329262676815 -0.36158952269054795 -0.52925050854558109
decision_type=2 2 2 2 2 2 2 2 2 2 2 2 2 2 2 2 2 2 2 2 2 2 2 2 2 2 2 2 2 2
left_child=1 2 4 12 -1 6 -3 15 9 -2 -11 -10 -4 -8 -7 -6 -13 18 -18 20 -20 22 23 -22 -25 -23 27 -27 -29 -30
right_child=8 5 3 -5 7 14 13 -9 11 10 -12 16 -14 -15 -16 -17 17 -19 19 -21 21 25 -24 24 -26 26 -28 28 29 -31
leaf_value=0.0023183294212098409 -0.00043700787721651823 -0.011152134514911427 -0.0087857436992458023 -0.0012172623596713675 -0.0015172613807625263 -0.0067843094784893147 -0.0017024858677496747 0.0051362207144717764 0.0030438019985347137 -0.0019865130190593466 -0.010247302748210077 0.00043906367752998731 -0.031025566322108112 0.00092948953814041041 0.0018401322528274503 0.0073429134552112961 -0.0015014727479180316 -0.0016661692194154627 -0.0012722085809788331 -0.0013494866689774644 -0.035028133101084012 0.0014189710347668513 -0.0011621861830219649 0.0061063108429695086 -0.0026122706042924649 -0.0040093195101577944 0.0018845615335607029 -0.016235976463014428 0.016574563646670256 0.0400768952533746
leaf_weight=7159 1968 131 82 511 2338 147 4563 335 1241 707 388 19559 30 2295 2936 137 6079 7961 3929 7133 44 3204 5493 2126 694 73 1303 22 161 195
leaf_count=7159 1968 131 82 511 2338 147 4563 335 1241 707 388 19559 30 2295 2936 137 6079 7961 3929 7133 44 3204 5493 2126 694 73 1303 22 161 195
internal_value=-4.841e-13 0.000523234 0.00127483 -0.00364883 0.00158252 -0.000267162 -0.00101534 -0.00029208 -0.000173605 -0.00203737 -0.00491362 -7.72016e-05 -0.0147428 -0.000821707 0.00142891 -0.00102682 -0.000144008 -0.000440863 -0.000120577 0.000223784 0.000874569 0.00150804 0.000388175 0.00336168 0.00396067 0.00339564 0.00700639 0.0218041 0.0267892 0.029448
internal_weight=82944 20664 10592 623 9969 10072 6989 2810 62280 3063 1095 59217 112 6858 3083 2475 57976 38417 30456 24377 17244 13315 8357 2864 2820 4958 1754 451 378 356
internal_count=82944 20664 10592 623 9969 10072 6989 2810 62280 3063 1095 59217 112 6858 3083 2475 57976 38417 30456 24377 17244 13315 8357 2864 2820 4958 1754 451 378 356
is_linear=0
shrinkage=0.05


Tree=132
num_leaves=31
num_cat=0
split_feature=32 76 2 156 49 64 15 140 80 17 106 57 83 100 150 2 83 37 78 53 3 68 141 123 146 91 89 37 3 104
split_gain=2.92656 5.15118 5.25426 8.00117 14.4087 9.48815 6.2577 6.77617 4.17778 5.70909 5.18789 5.46631 5.36153 6.21351 7.37432 6.3276 10.4988 6.26314 5.1277 5.52958 5.83993 9.02033 5.81751 5.98003 5.08892 5.05971 4.98191 5.00151 5.35473 4.89016
threshold=0.018581345154599461 1.1117353795136025 -0.18368128197883621 -1.0580783826687084 -0.27154945676653336 -0.74302072969611588 -0.40353849836234063 -1.8893802857456257 -0.41095715232050661 0.04975905076388288 0.11068150318014829 -0.075912383898561628 -1.684701553682084 0.25546661022725342 -0.031554045524664863 3.1142813650749193 -0.058254604639004004 0.10666283118052937 2.1548412486806012 0.18749813532993975 0.47181729978982789 0.53955354112583753 0.017792339305758693 0.04266465867364426 -0.98584941251690783 0.095878911524556257 -0.046355291016698656 0.036472482715878982 2.8203810515138259 2.4591854619455193
decision_type=2 2 2 2 2 2 2 2 2 2 2 2 2 2 2 2 2 2 2 2 2 2 2 2 2 2 2 2 2 2
left_child=-1 8 -3 4 -4 -5 -7 -8 9 -2 12 29 24 14 15 25 -17 -15 19 20 -16 22 26 -24 -10 -14 27 28 -22 -12
right_child=1 2 3 5 -6 6 7 -9 10 -11 11 -13 13 17 18 16 -18 -19 -20 -21 21 -23 23 -25 -26 -27 -28 -29 -30 -31
leaf_value=0.00025583552752308624 -0.00036432251495289265 -0.00062200857881073573 -0.050997650907109351 0.0036879687459141185 -0.0055890704621341346 -0.00062176032599532759 -0.026295186664598687 -0.0069162571262478476 -0.01739636516748843 0.0024960103055747685 -0.00062092168607340661 0.0016510580037056085 -0.0010197545310509002 -0.00065149577396194931 0.00022850131772322253 -0.0014992778127392134 -0.047594397390882177 0.0037702857707772753 -0.010634854398727007 0.0023921486204906599 0.0068000089241796822 -0.029380286710731913 -0.012359096707912945 0.00098699076667992927 -0.0037711730952356237 -0.0044639241405098401 -0.0030064154559474566 -0.0026897614212996772 0.03260200908989646 -0.014345945331098682
leaf_weight=47614 3766 2919 25 369 58 434 48 749 77 3250 3890 4880 2107 2029 3224 30 21 1323 118 1635 124 33 269 122 623 2159 836 122 24 66
leaf_count=47614 3766 2919 25 369 58 434 48 749 77 3250 3890 4880 2107 2029 3224 30 21 1323 118 1635 124 33 269 122 623 2159 836 122 24 66
internal_value=-2.06648e-13 -0.000344788 -0.00190486 -0.00412985 -0.0192664 -0.00334464 -0.00545271 -0.00808337 -0.000111142 0.000960661 -0.000428271 0.000531343 -0.00099826 -0.000787327 -0.00136986 -0.00297213 -0.0204796 0.00109374 -0.000306848 -0.000116098 -0.000978736 -0.00352261 -0.0029526 -0.00819484 -0.00526994 -0.00276283 -0.00109934 0.00480555 0.0109841 -0.000849903
internal_weight=82944 35330 4602 1683 83 1600 1231 797 30728 7016 23712 8836 14876 14176 10824 4317 51 3352 6507 6389 4754 1530 1497 391 700 4266 1106 270 148 3956
internal_count=82944 35330 4602 1683 83 1600 1231 797 30728 7016 23712 8836 14876 14176 10824 4317 51 3352 6507 6389 4754 1530 1497 391 700 4266 1106 270 148 3956
is_linear=0
shrinkage=0.05


Tree=133
num_leaves=31
num_cat=0
split_feature=0 3 159 1 5 116 158 124 10 2 3 140 94 3 124 154 161 156 152 24 93 57 1 23 141 156 127 158 97 69
split_gain=2.93891 5.79102 7.31422 7.9894 16.9666 9.01946 6.24192 9.98652 6.56961 6.19753 5.68026 5.63022 4.87176 4.47793 4.46957 4.37758 5.7818 9.28968 9.3022 6.8837 6.83077 7.10857 7.85172 6.09983 5.35053 5.28749 5.39606 5.1003 5.45022 4.85668
threshold=-1.3417539445867848 1.678369505768156 -0.28878657066713359 -0.25529857263149819 0.95394520574431452 -0.13701864527903282 -1.0174668528413875 0.043678789208283442 0.017079378232972228 -0.3137865378507611 0.043875236762773058 0.02123708262948492 -0.2895432830302328 -1.357532159385495 -1.5415028108820941 -0.38856964673107935 -0.76213734878580341 -0.91243033262262674 -0.39049425966849322 2.046416976321169 -0.38275790036177243 -1.5492895975075982 1.634603963815197 0.20710187018570636 0.53372136320299579 1.0000000180025095e-35 -1.9260413299214691 0.37100531152934357 -0.063360855344008524 0.82808217877848922
decision_type=2 2 2 2 2 2 2 2 2 2 2 2 2 2 2 2 2 2 2 2 2 2 2 2 2 2 2 2 2 2
left_child=1 2 9 4 13 -5 7 12 -8 -1 -6 -9 -7 -4 -15 16 17 19 23 -2 21 29 24 25 -23 -19 -27 28 -25 -20
right_child=15 -3 3 5 10 6 8 11 -10 -11 -12 -13 -14 14 -16 -17 -18 18 20 -21 -22 22 -24 27 -26 26 -28 -29 -30 -31
leaf_value=-0.0011124669809080359 -0.001172294472480219 -0.016316785744666201 0.019525910153364145 -0.005923633480711875 -0.019243302033764537 -0.015809705629098145 -0.0023478512376338286 0.0079842191101334083 0.011417734375462243 -0.0063277981767717196 0.0022521558731125719 0.03252961001533549 0.0094411438125474711 0.015368871158867512 0.00024485936269812581 -0.00011459298167474577 0.00016642802583062913 -6.1884553564867987e-06 -0.0036140439276060414 -0.022048624034221399 0.0033939767515014114 -0.0011503940047118131 -0.02050333605689365 0.0062456334324939768 0.0077527876664837238 0.027914416543658706 0.0062757853182708523 0.0045092889558980666 0.019534753625388576 -0.019597709253085432
leaf_weight=4658 1070 61 36 135 145 22 192 33 158 649 39 80 145 53 624 58758 11700 428 115 41 1883 586 43 123 237 31 408 203 207 81
leaf_count=4658 1070 61 36 135 145 22 192 33 158 649 39 80 145 53 624 58758 11700 428 115 41 1883 586 43 123 237 31 408 203 207 81
internal_value=-1.63935e-12 -0.000978034 -0.000843773 0.00205076 -0.00115069 0.00580461 0.0083178 0.0138821 0.00386633 -0.00175026 -0.0146872 0.0253615 0.00611468 0.0023426 0.00142887 9.05707e-05 0.000793241 0.0021374 0.00318066 -0.00194271 0.00158556 -0.0016209 0.000325215 0.00653608 0.00141346 0.00394835 0.0078038 0.0107454 0.0145815 -0.0102195
internal_weight=82944 7030 6969 1662 897 765 630 280 350 5307 184 113 167 713 677 75914 17156 5456 4345 1111 2945 1062 866 1400 823 867 439 533 330 196
internal_count=82944 7030 6969 1662 897 765 630 280 350 5307 184 113 167 713 677 75914 17156 5456 4345 1111 2945 1062 866 1400 823 867 439 533 330 196
is_linear=0
shrinkage=0.05


Tree=134
num_leaves=31
num_cat=0
split_feature=78 34 80 91 66 2 16 152 123 63 142 132 36 5 1 112 8 78 5 5 70 50 138 69 81 112 1 157 139 44
split_gain=2.83742 5.76621 5.84869 9.06382 7.27485 10.388 6.3205 5.94266 5.14313 5.0102 5.00427 4.80369 4.73869 4.55836 8.44514 8.17715 21.0647 10.2074 11.9235 9.35946 8.6438 8.18925 10.892 9.67241 9.65924 9.60272 7.68161 8.16681 12.0482 7.64128
threshold=0.026143317624983092 -0.086546857495611654 -0.037737723647063313 -0.071738487756928745 -0.13714994846493098 1.6024442575803883 -0.70549420969207344 0.49288723404529644 -1.2063072297779036 -1.6438319913821038 -0.13629914110093605 -0.50417902929384717 -1.3274952554130059 0.9074519576230029 0.044348099929718866 0.031361627052096788 -0.16808628138864615 0.027728447610810107 1.3293991099848375 1.3937669968156989 -0.023529533973153664 -0.046936707051511657 0.16666861388759621 -0.060025639161148316 -0.043399345807103896 -0.04578983717272752 1.2084748473567053 -0.17427846833409141 1.0000000180025095e-35 -0.24754206708798238
decision_type=2 2 2 2 2 2 2 2 2 2 2 2 2 2 2 2 2 2 2 2 2 2 2 2 2 2 2 2 2 2
left_child=1 2 3 -1 5 10 8 -6 11 -2 -5 -4 -12 14 -11 17 19 18 -15 29 21 24 23 26 -19 -26 -23 28 -28 -17
right_child=9 -3 6 4 7 -7 -8 -9 -10 13 12 -13 -14 15 -16 16 -18 20 -20 -21 -22 22 -24 -25 25 -27 27 -29 -30 -31
leaf_value=0.0011012908966409672 0.0031294245885998754 -0.00075980321178411214 0.003268808636057656 0.0036125207508774697 -0.0052408327934381355 0.036466450048610564 0.0020324629691780925 0.00025181056500667799 -9.802164774594014e-05 0.00016186190976783259 -0.0095628061126802472 -0.011029990220403435 -0.0002978555147665359 0.0023212216290024418 -0.0025379180408831377 0.02004143510167615 -0.0033989106406769817 -0.0010176126320446412 0.039541370072999064 -0.00084589029154095096 0.0036527671017943793 -0.0040996307572795749 0.0029713102479224963 4.9245654631595466e-05 0.0038344378055101542 0.016884941317462911 -0.044499734065547171 -0.0069442480421999233 -0.013092696394918389 0.0057941642931932172
leaf_weight=4114 1505 25531 80 590 1906 20 6861 664 1579 24225 182 221 571 48 3290 109 2644 933 39 527 3395 470 775 668 825 170 45 173 95 689
leaf_count=4114 1505 25531 80 590 1906 20 6861 664 1579 24225 182 221 571 48 3290 109 2644 933 39 527 3395 470 775 668 825 170 45 173 95 689
internal_value=1.29262e-12 -0.000286529 0.000433222 -0.000539444 -0.00225569 0.000697146 0.00132866 -0.00382172 -0.00123984 0.000298477 0.000164468 -0.00722965 -0.00253719 0.000189566 -0.000160954 0.00102064 -0.000820309 0.00197751 0.0190061 0.00432522 0.00178126 0.00025171 -0.00181438 -0.00437049 0.00263715 0.00606417 -0.00814109 -0.0142097 -0.0231878 0.00774022
internal_weight=82944 42319 16788 8047 3933 1363 8741 2570 1880 40625 1343 301 753 39120 27515 11605 3969 7636 87 1325 7549 4154 2226 1451 1928 995 783 313 140 798
internal_count=82944 42319 16788 8047 3933 1363 8741 2570 1880 40625 1343 301 753 39120 27515 11605 3969 7636 87 1325 7549 4154 2226 1451 1928 995 783 313 140 798
is_linear=0
shrinkage=0.05


Tree=135
num_leaves=31
num_cat=0
split_feature=14 77 36 46 136 146 66 139 68 148 0 112 80 158 5 5 131 61 161 43 20 0 41 4 158 55 162 4 3 58
split_gain=2.76237 4.11958 4.26021 4.14771 4.01691 4.50977 6.04095 5.89471 5.16498 5.76371 4.47394 4.77057 4.40071 5.01618 4.8825 7.54665 4.79289 5.49119 6.95324 8.92653 4.6572 5.20979 4.88662 7.17383 16.1476 14.3126 14.2644 15.8369 14.5278 13.8278
threshold=-1.4757773432319463 0.38052294213124188 1.9911143086511542 -1.0638610500685182 -0.7632875972378258 1.8144300029553218 0.67356400359688806 -0.38414570473128967 1.584258505731573 -2.47225423705697 -1.5387088160038049 -0.047955051652633397 -0.42715273104697177 1.0152913959681018 0.9986416979679581 1.3668181053867372 -1.2708737723039853 -0.91914221038999944 -0.76213734878580341 0.30160641583453468 -0.47387878257589161 0.89471097004042988 0.15907684356208454 -0.09622736519010551 -0.277549793911822 0.56564597443215181 -1.0444659357341868 -1.2268989061738462 -1.5868423785307451 -0.15377853047208434
decision_type=2 2 2 2 2 2 2 2 2 2 2 2 2 2 2 2 2 2 2 2 2 2 2 2 2 2 2 2 2 2
left_child=1 3 -3 -1 5 8 -7 -8 9 -2 11 -6 13 16 -15 -16 -12 18 19 -18 21 -14 23 24 -22 26 28 -28 -26 -25
right_child=4 2 -4 -5 10 6 7 -9 -10 -11 12 -13 20 14 15 -17 17 -19 -20 -21 22 -23 -24 29 25 -27 27 -29 -30 -31
leaf_value=0.0047386531670757549 -0.0081919764414752454 -0.00015536525289964144 -0.010533464164920868 0.00098689283528915735 -0.0042225890321718812 -0.001105285310231856 -0.00028069227486844764 -0.012671118844037377 -0.0040131494478343578 1.3168115791186667e-05 -0.0014711419983443599 0.00011608969700296624 0.00076662645315939202 -0.0020509597295959351 0.023143909677552681 0.0012441659237016761 0.01520383358337446 0.0014499836659591424 0.002171735974842159 0.00051907670418586353 -0.0015380143839610382 0.0057544261242919656 -0.0011624592793440496 0.0024337783389702366 0.016646153852050077 -0.003826824186835161 0.00015552309544922423 0.0049071052139740869 -0.0011495739881170178 -0.0012322877250367582
leaf_weight=1061 220 2011 104 2410 1235 705 143 292 1003 7884 1125 1301 6064 1841 48 218 293 6532 750 160 5282 573 10599 3081 119 1049 2566 5539 3163 15573
leaf_count=1061 220 2011 104 2410 1235 705 143 292 1003 7884 1125 1301 6064 1841 48 218 293 6532 750 160 5282 573 10599 3081 119 1049 2566 5539 3163 15573
internal_value=-2.87036e-12 0.00107379 -0.000665683 0.00213371 -7.75382e-05 -0.000999604 -0.00396433 -0.00859794 -0.000628484 -0.000209578 6.32495e-05 -0.00199679 0.000144152 0.00105673 -0.00113606 0.005196 0.0015782 0.0020217 0.005126 0.0100172 -4.25413e-05 0.00119724 -0.000217723 5.75784e-05 0.000778089 0.00176182 0.00227666 0.00340278 -0.00050433 -0.00062678
internal_weight=82944 5586 2115 3471 77358 10247 1140 435 9107 8104 67111 2536 64575 10967 2107 266 8860 7735 1203 453 53608 6637 46971 36372 17718 12436 11387 8105 3282 18654
internal_count=82944 5586 2115 3471 77358 10247 1140 435 9107 8104 67111 2536 64575 10967 2107 266 8860 7735 1203 453 53608 6637 46971 36372 17718 12436 11387 8105 3282 18654
is_linear=0
shrinkage=0.05


Tree=136
num_leaves=31
num_cat=0
split_feature=71 15 128 123 161 75 89 159 98 1 5 75 22 72 39 1 100 73 61 134 3 29 3 123 157 74 16 87 5 29
split_gain=2.78449 3.9032 4.22909 3.7975 8.1695 8.46821 8.53171 7.13185 7.89611 5.61437 7.41021 6.41147 5.38393 5.39305 5.37411 6.39077 6.28058 5.33119 5.89644 5.23586 9.7895 7.32543 6.71586 9.73805 6.68994 14.3395 18.7659 9.98306 6.78394 6.45332
threshold=1.0561574810204228 -0.5127762824767147 2.3365792250358068 0.071055253717981035 -0.76213734878580341 0.59783679208309837 0.18058483990166357 -1.2514084728909125 0.10248987238964491 1.7826028263345723 1.0414542967589195 -0.023208142966524622 -2.2312219777842208 -1.0525350358993475 0.025814240823346598 1.3567384576488453 -0.019424977856173437 -0.049064465945430444 -0.080812637387070549 -0.186150863142268 0.54096409514783506 0.35193458340799005 1.7319852129670281 0.14833433298471707 -0.081021797575027532 -0.059143662770229553 -0.032637772644008446 -0.1092190779779439 1.3668181053867372 0.027817081460904038
decision_type=2 2 2 2 2 2 2 2 2 2 2 2 2 2 2 2 2 2 2 2 2 2 2 2 2 2 2 2 2 2
left_child=3 -2 -3 12 5 6 7 -5 17 10 -10 -12 13 -1 -8 16 -16 18 -9 20 -6 29 -21 24 28 -26 -27 -28 -24 -22
right_child=1 2 -4 4 19 -7 14 8 9 -11 11 -13 -14 -15 15 -17 -18 -19 -20 22 21 -23 23 -25 25 26 27 -29 -30 -31
leaf_value=-0.017157629290425285 0.00056460430574999045 -0.0019014875076640227 0.0035662663864145989 -0.0070414204064343164 -0.00049955364531656735 0.005433641795346009 0.006097354259320586 0.0020251451042900986 0.0021344959374624238 -0.01122993283445153 0.0047826468435984044 0.018199592793141216 -0.00012455809436173778 -0.0030416481434148001 0.0060736338306561144 -0.016915239132148156 -0.0021666374333637307 0.0012526040844021607 -0.0043651697479942493 0.00027912980976819144 -0.0054665436188016817 0.002211822745878595 -0.013279893826693296 0.0012810020603282683 -0.001313863158325798 0.071073041356761346 0.049654763611033562 0.0089481969336314953 0.010599008482250642 -0.017560488793546089
leaf_weight=82 3339 5709 377 329 7129 1367 1174 497 1055 61 213 153 44771 387 466 47 459 1747 1319 10612 280 159 40 715 56 22 20 61 116 182
leaf_count=82 3339 5709 377 329 7129 1367 1174 497 1055 61 213 153 44771 387 466 47 459 1747 1319 10612 280 159 40 715 56 22 20 61 116 182
internal_value=-2.86983e-12 -0.000809114 -0.00156279 0.000103727 0.000558242 0.00181361 0.00115555 9.12949e-05 0.000556441 0.00362356 0.00426118 0.0103914 -0.000180385 -0.00550969 0.00382065 0.00107079 0.00198468 -0.000719299 -0.00261628 -1.7068e-05 -0.00102404 -0.00704503 0.000653264 0.00450793 0.0118326 0.0190501 0.0301218 0.0189992 0.00447621 -0.0102308
internal_weight=82944 9425 6086 73519 28279 8887 7520 5374 5045 1482 1421 366 45240 469 2146 972 925 3563 1816 19392 7750 621 11642 1030 315 159 103 81 156 462
internal_count=82944 9425 6086 73519 28279 8887 7520 5374 5045 1482 1421 366 45240 469 2146 972 925 3563 1816 19392 7750 621 11642 1030 315 159 103 81 156 462
is_linear=0
shrinkage=0.05


Tree=137
num_leaves=31
num_cat=0
split_feature=2 156 4 4 0 4 4 2 1 3 156 0 10 156 2 110 31 0 91 5 152 0 5 4 1 2 135 78 118 3
split_gain=2.74133 14.1622 7.68151 11.5719 4.81754 2.65578 7.62073 10.707 8.32916 14.5647 9.54697 8.38635 28.2047 9.43075 12.553 6.94475 6.94436 6.84274 6.57815 7.71129 6.8715 6.08379 13.688 26.6986 17.4359 17.1825 9.44912 9.19898 17.3463 8.44785
threshold=-1.5003388811877352 -0.91243033262262674 1.0000000180025095e-35 -0.72170523892579219 0.41227145491513112 0.96227365190105629 0.6976483976282658 -1.1231997119140285 3.4175661722137742 3.1648958441122699 1.7077461606554207 -0.81977332850758389 -1.2619052064347089 -1.0580783826687084 0.44642660022353936 -0.04266079796732189 -2.3992567867682717 1.9255171228092469 0.16746889892981662 0.7581082167444495 0.64500873005017834 2.4867904811687107 1.3494002584222962 -0.09622736519010551 4.380683246825634 3.6149727007184684 -0.0115941847149747 0.091129414750536888 -0.019538241125831191 3.1648958441122699
decision_type=2 2 2 2 2 2 2 2 2 2 2 2 2 2 2 2 2 2 2 2 2 2 2 2 2 2 2 2 2 2
left_child=1 -1 3 -3 -4 6 17 -8 9 11 -10 12 -9 14 18 -15 -17 -2 19 -13 -21 22 23 26 29 -25 -19 28 -28 -24
right_child=5 2 4 -5 -6 -7 7 8 10 -11 -12 13 -14 15 -16 16 -18 21 -20 20 -22 -23 24 25 -26 -27 27 -29 -30 -31
leaf_value=0.030127660626614535 -4.9706068478053592e-05 -0.0094014939939948607 -0.0040023565927351061 0.017386196648532696 -0.027650216061081135 0.00054876766080587164 0.017528989783842382 0.062255687059258075 -0.029293876234542354 0.029936651176669535 0.0037732405827513764 -0.0042813290050136192 0.0019712445062731263 0.0001634803587784009 -0.046913521275633863 -0.021906492155045271 -0.0031095081377575311 0.0021963859665246875 0.0017806359557613364 -0.015401309489441867 -0.046385315750099146 -1.1574945681777876e-05 0.0011189988699756683 -0.0070135164248236155 0.051522248975755969 -0.046064972298572197 0.067208152331877505 0.00072712913077945516 0.016112285286318202 0.018838774328132725
leaf_weight=27 56158 151 33 55 62 18343 71 21 58 36 35 174 255 2501 21 50 2842 308 137 121 21 831 124 118 29 37 20 60 98 147
leaf_count=27 56158 151 33 55 62 18343 71 21 58 36 35 174 255 2501 21 50 2842 308 137 121 21 831 124 118 29 37 20 60 98 147
internal_value=1.64958e-12 -0.00456198 -0.00767367 -0.00224944 -0.0194357 1.81119e-05 -0.000133333 -0.00177868 -0.00199725 -0.00177371 -0.0168493 -0.00195954 0.0065581 -0.00236024 -0.00912202 -0.00176593 -0.00343449 4.68233e-05 -0.0073701 -0.0113373 -0.0199835 0.00310602 0.00585917 0.00173367 0.014674 -0.0163355 0.00749646 0.0166674 0.0247726 0.0107308
internal_weight=82944 328 301 206 95 82616 64273 6343 6272 6179 93 6143 276 5867 474 5393 2892 57930 453 316 142 1772 941 641 300 155 486 178 118 271
internal_count=82944 328 301 206 95 82616 64273 6343 6272 6179 93 6143 276 5867 474 5393 2892 57930 453 316 142 1772 941 641 300 155 486 178 118 271
is_linear=0
shrinkage=0.05


Tree=138
num_leaves=31
num_cat=0
split_feature=94 39 23 156 131 16 158 162 1 1 150 5 128 102 148 76 4 4 112 156 1 131 136 2 61 133 29 81 162 81
split_gain=2.69393 4.22074 4.48357 5.07257 4.84675 4.2398 4.05492 6.20425 4.31501 4.09661 5.07067 4.02366 3.80798 3.80231 4.18156 3.44154 7.38447 7.07384 8.36231 8.41624 3.95533 3.84938 5.08588 8.22542 12.4846 9.13039 6.34471 7.33321 6.72024 7.36559
threshold=-0.81607549476567764 -1.4605434760653195 2.2048998676842824 -0.91243033262262674 -0.85994332782380944 -0.15117201825996762 1.0152913959681018 -0.6963106238227913 -0.7786691124769799 0.50800253104208948 2.9348307366266071 0.122819204494447 2.133240363325537 0.60727848020226916 0.63639063050195055 1.1117353795136025 -0.6976483976282658 -1.2990694300664256 0.9279776226363885 1.0000000180025095e-35 0.55429999050409851 -0.0055860694485665536 -0.0059913043546336465 4.2843765881725044 -0.012200627591516262 0.11351826748366375 0.18528033456631918 -0.0265054280484152 -1.0444659357341868 -0.0042522130401769281
decision_type=2 2 2 2 2 2 2 2 2 2 2 2 2 2 2 2 2 2 2 2 2 2 2 2 2 2 2 2 2 2
left_child=6 2 4 -4 -2 -6 7 8 -1 10 -9 -7 15 -10 -15 21 17 -17 20 -20 -19 -3 26 -24 -25 -26 27 -23 29 -29
right_child=1 12 3 -5 5 11 -8 9 13 -11 -12 -13 -14 14 -16 16 -18 18 19 -21 -22 22 23 24 25 -27 -28 28 -30 -31
leaf_value=0.016727761351266655 0.00074376225630782178 -0.00040649819253620848 0.025501330540483369 0.0022183877614149745 -0.00080520762161111886 -0.0030930865390128206 -0.0011564433918585749 0.00073706738380845366 0.0042706046953618747 -0.0025162762840114303 0.012826843887292359 -0.0085113555799740028 0.0025073552837579474 0.0026417332986680077 -0.0059833096693028883 0.00072798311937735053 -0.00011460745876127983 -0.0032193014348587514 -0.0075564275247355303 -0.027789015241012155 -0.015806101275238155 0.00057985859599001064 0.0010164652753397554 -0.010313439415767789 0.0099936934374272833 0.056186040053549026 0.0011168269590138191 -0.012133643099203194 -0.0011328709737603267 -0.0031409718671352067
leaf_weight=59 1056 27824 29 121 1026 990 2360 6009 1685 1017 88 524 1452 413 213 491 3793 760 135 83 68 5198 14294 24 20 23 6380 290 5459 1060
leaf_count=59 1056 27824 29 121 1026 990 2360 6009 1685 1017 88 524 1452 413 213 491 3793 760 135 83 68 5198 14294 24 20 23 6380 290 5459 1060
internal_value=3.76127e-12 -0.000116302 -0.00174983 0.00671976 -0.00210312 -0.00328671 0.000698163 0.00115966 0.00337532 0.000421528 0.000911563 -0.00496837 -2.54501e-05 0.00303443 -0.000292986 -8.12547e-05 -0.00129932 -0.00422293 -0.00654693 -0.0152597 -0.004253 2.5928e-05 0.000393334 0.00109839 0.0185766 0.0347012 -0.000157343 -0.000834382 -0.00191402 -0.00507273
internal_weight=82944 71100 3746 150 3596 2540 11844 9484 2370 7114 6097 1514 67354 2311 626 65902 5330 1537 1046 218 828 60572 32748 14361 67 43 18387 12007 6809 1350
internal_count=82944 71100 3746 150 3596 2540 11844 9484 2370 7114 6097 1514 67354 2311 626 65902 5330 1537 1046 218 828 60572 32748 14361 67 43 18387 12007 6809 1350
is_linear=0
shrinkage=0.05


Tree=139
num_leaves=31
num_cat=0
split_feature=91 31 62 65 116 12 1 100 1 62 157 127 162 4 4 94 88 4 161 3 1 4 1 4 2 4 65 5 93 73
split_gain=2.5975 3.88026 3.71655 4.81066 4.45408 6.36586 4.29427 4.27721 5.95531 4.88945 6.85287 9.44388 9.2853 12.5366 14.982 17.6909 11.0164 16.8568 19.3969 15.6584 8.76435 8.31282 11.5871 14.2731 16.5168 20.2147 8.22973 12.362 12.7222 9.21702
threshold=1.9202150174571395 0.27775684626198688 -0.331153251035538 -0.69681527221767159 -1.2556669606056037 -1.1331481289611109 0.29479248146981718 0.77107088406146307 0.022069908106924895 0.0065704637259089435 -0.67395931651051355 -0.068201745462564675 -0.6963106238227913 -1.4193536365540573 0.43302314335547532 0.13785418738276364 -0.0028226935561439337 -0.21651157167773741 1.0801555850340541 -1.4745553719189093 -0.52978493519253678 0.64953471503321303 1.5090210108706297 -1.1306715409837407 1.3553366828136664 1.0000000180025095e-35 -0.013990787990736117 1.121095921206507 -0.14946045042861592 -0.0020874937148038677
decision_type=2 2 2 2 2 2 2 2 2 2 2 2 2 2 2 2 2 2 2 2 2 2 2 2 2 2 2 2 2 2
left_child=2 -2 3 4 -1 6 -6 9 -9 10 11 -4 13 -12 15 16 -15 19 -19 -18 -16 22 -14 -24 25 -25 -26 -28 -29 -30
right_child=1 -3 7 -5 5 -7 -8 8 -10 -11 12 -13 21 14 20 -17 17 18 -20 -21 -22 -23 23 24 26 -27 27 28 29 -31
leaf_value=0.002928128565899627 0.00017108648499338571 -0.003722483577711383 -0.0018241553246526163 0.0010958412453061946 -0.0048755827121099828 -0.00053975926119419887 -0.020610558389230295 -0.00057342999633877079 -0.0041849533147046173 0.00040018190264021328 0.0090735465330043352 0.0022027621263241092 -0.00045117420441409957 -0.0049934181060419013 -0.0077405492992554011 0.0024002261369889233 0.025776404524543162 -0.014912449394301325 -0.044692342564627369 -0.012512279815145544 0.0039156075675452805 -0.002696231008427895 -0.0075195971361598311 0.070583274172942925 0.00068528391553289783 0.0082791795829931895 -0.0210526194009516 0.044634579296313953 0.0026291076165664965 0.019848785742866124
leaf_weight=707 1441 1151 2239 14767 560 3437 47 5786 1422 32241 164 4163 8330 355 235 277 29 137 91 337 514 3585 173 23 334 30 27 31 159 152
leaf_count=707 1441 1151 2239 14767 560 3437 47 5786 1422 32241 164 4163 8330 355 235 277 29 137 91 337 514 3585 173 23 334 30 27 31 159 152
internal_value=9.14468e-14 -0.00155789 5.02544e-05 0.000650594 -0.000733317 -0.00137344 -0.00609394 -0.000142359 -0.00128591 1.13492e-05 -0.000574873 0.00079441 -0.00115995 -0.00421004 -0.00531308 -0.00871691 -0.0119618 -0.0161265 -0.0267983 -0.00947848 0.000258469 -0.000651992 0.000139518 0.00543604 0.00840075 0.0353168 0.00637152 0.0115184 0.0140898 0.0110452
internal_weight=82944 2592 80352 19518 4751 4044 607 60834 7208 53626 21385 6402 14983 2139 1975 1226 949 594 228 366 749 12844 9259 929 756 53 703 369 342 311
internal_count=82944 2592 80352 19518 4751 4044 607 60834 7208 53626 21385 6402 14983 2139 1975 1226 949 594 228 366 749 12844 9259 929 756 53 703 369 342 311
is_linear=0
shrinkage=0.05


Tree=140
num_leaves=31
num_cat=0
split_feature=139 156 109 113 92 4 1 40 40 4 38 4 158 43 142 21 15 27 157 1 27 0 155 21 70 118 156 95 8 3
split_gain=2.56522 3.86447 3.14318 3.35688 3.15272 5.80133 10.1151 7.31688 7.4375 8.35335 11.7192 6.91981 5.80908 5.67633 6.22696 5.6723 6.0934 5.73699 5.57102 14.4297 11.4652 8.09079 6.15892 4.76268 4.73499 4.60856 4.47234 5.00469 4.43374 4.37123
threshold=-2.4437269608328847 -0.89145085320713391 -2.2975315548035442 -2.3458710511095133 -0.11432168625881524 0.33679577816536965 0.011189796010572664 -0.5432334962599249 0.18958549821631307 -0.48113682595052798 0.34300571924896578 -1.1547283822812668 -0.277549793911822 0.21962637649699787 0.50730923753795765 -0.019036519395862081 0.54232044278399927 -0.3823724600215786 -0.17427846833409141 1.4320675819635942 -0.044409869810849996 1.4721067524511755 -0.097562998586357266 -0.16700677703201466 0.10098883675853142 0.94719180834997474 0.30811198432798453 -0.5763923522169746 -0.13097788716388237 0.86109926473617959
decision_type=2 2 2 2 2 2 2 2 2 2 2 2 2 2 2 2 2 2 2 2 2 2 2 2 2 2 2 2 2 2
left_child=1 -1 3 -2 5 6 15 23 9 -9 18 12 -10 14 24 25 -17 -18 19 -11 -21 22 -20 -8 -13 -4 -27 -28 -12 -7
right_child=2 -3 4 -5 -6 29 7 8 11 10 28 13 -14 -15 -16 16 17 -19 21 20 -22 -23 -24 -25 -26 26 27 -29 -30 -31
leaf_value=-0.001754994321728395 0.014754776042312956 0.0035510762703020249 0.00017110755960601565 0.0018134274096316466 0.00014930124663665331 -7.5297375959616935e-05 0.0041794496034920662 -0.0034834140286920962 -0.019198471959026301 -0.013638285161231467 -0.010416341016882625 0.00042909300896408064 -0.0046011249159086309 -0.0045614411950108376 -0.0056510137979125311 -0.00054421881730716613 -0.0091189255840297984 -0.002154230528091695 -0.006012182263293653 -0.017932048437185585 -0.063779083093007408 0.012434054538607598 -0.02239334110501939 -0.0033520666359164691 0.008453233453763526 0.0023562096065756809 0.028517815481652234 0.0071167740194468671 0.0037544938768044309 0.0026298736635721317
leaf_weight=490 52 1145 4625 1378 51949 10354 494 960 89 178 87 412 291 541 215 4518 432 937 128 25 30 35 104 365 332 709 34 139 151 1745
leaf_count=490 52 1145 4625 1378 51949 10354 494 960 89 178 87 412 291 541 215 4518 432 937 128 25 30 35 104 365 332 709 34 139 151 1745
internal_value=9.06106e-14 0.00196088 -3.94303e-05 0.00228402 -8.10249e-05 -0.000509425 -0.00113939 -0.00316471 -0.00415958 -0.00655826 -0.0105581 -0.00199311 -0.00801998 -0.000466299 0.00184389 -0.000350703 -0.0014297 -0.004352 -0.0149051 -0.0205549 -0.0429395 -0.00997481 -0.0133555 0.000979213 0.00400976 0.000802753 0.00411495 0.0113228 -0.0014256 0.000314861
internal_weight=82944 1635 81309 1430 79879 27930 15831 4437 3578 1698 738 1880 380 1500 959 11394 5887 1369 500 233 55 267 232 859 744 5507 882 173 238 12099
internal_count=82944 1635 81309 1430 79879 27930 15831 4437 3578 1698 738 1880 380 1500 959 11394 5887 1369 500 233 55 267 232 859 744 5507 882 173 238 12099
is_linear=0
shrinkage=0.05


Tree=141
num_leaves=31
num_cat=0
split_feature=113 0 159 158 15 2 162 4 2 45 0 156 129 86 128 0 26 71 2 114 133 133 48 4 109 91 52 44 144 14
split_gain=2.52544 2.54248 7.68964 8.77392 6.74835 6.09973 5.66615 6.23408 5.58379 6.11229 6.09379 8.4993 7.76859 5.73175 5.5004 4.64795 4.58665 4.39585 4.3771 4.36568 5.23527 6.58928 5.26839 5.30898 4.22883 4.19839 4.10896 4.01749 5.87342 4.9469
threshold=-3.2101529926566328 -1.1393166857210482 -0.28878657066713359 -1.7404918888865692 -0.1734861468402118 -0.20229860414587639 0.34815531191139576 0.072170523892579191 -1.092568663875453 0.38478352122248488 -1.5973165353265955 -0.50537016327236373 -0.59679958442076253 -0.402243340002994 0.52633323793070341 -1.3580487910558141 0.061943408274813296 0.1329218611645521 0.051912779552353995 0.049518845248895028 0.013457604742567747 -0.022423205781510833 -0.076569279240289903 -0.33679577816536971 -0.76059743870673657 2.0118489618338451 0.11077601637778457 -0.29909748226028582 1.5961081952026437 0.39003457682599624
decision_type=2 2 2 2 2 2 2 2 2 2 2 2 2 2 2 2 2 2 2 2 2 2 2 2 2 2 2 2 2 2
left_child=-1 2 5 4 15 -2 -7 18 -5 10 13 -12 -13 -10 19 17 -14 -4 -8 20 21 -6 -23 -24 25 -3 -22 28 -26 -30
right_child=1 24 3 8 14 6 7 -9 9 -11 11 12 16 -15 -16 -17 -18 -19 -20 -21 26 22 23 -25 27 -27 -28 -29 29 -31
leaf_value=0.0030852906219835949 -0.0010579025922360669 0.0012334898297575009 -0.017347817812831356 0.017158237108960746 0.011749722684610142 -0.0011099047201201292 -0.010386349057630837 -0.0010841087061815846 -0.024766323344943966 0.0078471191598974335 0.00091559938891084972 -0.037859570026397706 -0.013147371135520468 -0.0052539648682330088 -0.0016055168544472016 0.0071879838821814705 0.01184957602620125 0.0069780705836959755 -0.024844928957802589 0.0058290492821197019 0.012178652134857007 0.054284963272511956 0.037500270681680534 0.0040145452879369256 0.0009283222073996673 -0.0042510310871313071 -0.010912170790135862 -0.00029544508101698297 -0.00052901183653346242 -0.008132917956323928
leaf_weight=658 7572 9669 65 45 83 337 185 131 46 188 1212 25 69 207 109 64 25 26 73 233 84 20 29 20 13426 362 25 47008 622 326
leaf_count=658 7572 9669 65 45 83 337 185 131 46 188 1212 25 69 207 109 64 25 26 73 233 84 20 29 20 13426 362 25 47008 622 326
internal_value=-7.39845e-13 -2.46715e-05 -0.00073695 0.00165002 0.0061688 -0.00147766 -0.00585566 -0.00996702 -0.000235088 -0.000676792 -0.00168847 -0.000336373 -0.0130876 -0.00880167 0.00856069 -0.00313643 -0.00649925 -0.0103976 -0.0144773 0.0108038 0.0152449 0.0212416 0.0326594 0.0238326 8.37766e-05 0.00103556 0.00688259 -7.17638e-05 0.000659752 -0.00314386
internal_weight=82944 82286 10873 2575 758 8298 726 389 1817 1772 1584 1331 119 253 603 155 94 91 258 494 261 152 69 49 71413 10031 109 61382 14374 948
internal_count=82944 82286 10873 2575 758 8298 726 389 1817 1772 1584 1331 119 253 603 155 94 91 258 494 261 152 69 49 71413 10031 109 61382 14374 948
is_linear=0
shrinkage=0.05


Tree=142
num_leaves=31
num_cat=0
split_feature=42 156 102 59 22 110 119 72 138 140 1 158 144 122 156 21 51 2 99 1 100 6 116 57 94 107 162 51 109 16
split_gain=2.44892 4.05781 3.71119 5.5448 4.99115 5.41221 4.64934 4.98692 4.50958 4.62402 6.26969 10.7169 8.37765 6.16401 8.31475 10.9703 7.45267 6.73037 5.32311 6.34778 6.78978 8.49187 10.0548 7.75288 11.1346 7.09656 7.21118 7.21545 6.31048 6.16383
threshold=-0.75311905091312459 0.30811198432798453 -1.297985283771512 0.0023813609700557097 -1.3552784662637616 -1.4341954731385997 0.52922637259620797 0.80541064371168747 -0.11683665472264447 0.073874831682492662 2.9043329545265064 0.74090168677658708 -0.039272780327431929 -0.080153588930811939 1.7077461606554207 0.004295663276471246 -0.11062512211777867 3.6149727007184684 -0.020018103878251075 1.5916682534707276 -0.031396072636873718 -0.001983675734317339 -0.018717874386583684 -0.068424935340038934 -0.088810598099967483 0.011555547823042129 0.34815531191139576 -0.035062306231368724 0.14840438033451547 0.065922625960917927
decision_type=2 2 2 2 2 2 2 2 2 2 2 2 2 2 2 2 2 2 2 2 2 2 2 2 2 2 2 2 2 2
left_child=1 -1 3 -2 5 -4 7 -7 -6 18 -11 12 -12 -14 16 -16 -15 -18 19 -10 25 22 23 -22 -25 -21 27 -27 29 -20
right_child=2 -3 4 -5 8 6 -8 -9 9 10 11 -13 13 14 15 -17 17 -19 28 20 21 -23 -24 24 -26 26 -28 -29 -30 -31
leaf_value=5.6691000182081838e-05 0.00025575376167924203 0.0020020145689147429 0.0027476266844822768 -0.003153800409053718 0.00078459554331611467 -0.00524872512813933 0.00036618237851036937 -0.00014798868177418235 0.0005788247517372454 -0.00065936577844429847 -0.013621930863977042 -0.041440147414271322 -0.0070934356262167811 3.8551159614567146e-05 -0.037584374547004702 0.014158122046917146 0.013771959425717155 0.049264132316139617 -0.00018777089122973387 -0.006503179997706221 0.006981271670199931 0.0028016139080980374 0.0051183967823605486 0.051109177757781454 0.017186624818812994 -0.0047186765427894815 0.022526590011936302 0.00845678157214441 0.0012376097627651269 -0.002726039053356119
leaf_weight=9016 2366 3815 567 2404 16984 1640 969 677 11395 16561 170 21 136 43 20 21 34 22 6874 234 50 414 163 41 59 202 48 214 4116 3668
leaf_count=9016 2366 3815 567 2404 16984 1640 969 677 11395 16561 170 21 136 43 20 21 34 22 6874 234 50 414 163 41 59 202 48 214 4116 3668
internal_value=-3.70315e-13 0.000635088 -0.000116224 -0.0014626 -1.7939e-05 -0.00176365 -0.00254208 -0.00375835 9.14486e-05 -0.000173064 -0.000820477 -0.0065339 -0.00489033 0.00048783 0.00785249 -0.0110821 0.0156941 0.0277153 0.000228135 0.000972273 0.00411848 0.0075003 0.0137152 0.023057 0.0310949 0.000596147 0.00417641 0.00205908 -0.000422694 -0.00107094
internal_weight=82944 12831 70113 4770 65343 3853 3286 2317 61490 44506 17028 467 446 276 140 41 99 56 27478 12820 1425 727 313 150 100 698 464 416 14658 10542
internal_count=82944 12831 70113 4770 65343 3853 3286 2317 61490 44506 17028 467 446 276 140 41 99 56 27478 12820 1425 727 313 150 100 698 464 416 14658 10542
is_linear=0
shrinkage=0.05


Tree=143
num_leaves=31
num_cat=0
split_feature=71 59 123 161 75 89 60 84 3 73 42 98 84 68 1 158 141 3 1 154 158 107 28 84 22 148 49 3 4 4
split_gain=2.45524 3.66251 3.24711 7.38662 7.31261 7.44569 7.09148 6.0829 5.37621 7.84858 5.63049 5.31017 7.93963 7.45206 5.1075 5.19266 6.5869 4.89672 5.61608 6.38886 5.92624 4.53785 4.5194 5.96908 5.27694 5.19889 4.62449 4.61223 15.9514 12.7535
threshold=1.0561574810204228 0.5173132399301541 0.071055253717981035 -0.76213734878580341 0.59783679208309837 0.18058483990166357 1.3932995385908493 -2.4189314477584682 2.1720319318373504 -0.013269285078860863 -0.045134258137393725 0.10248987238964491 -0.15859225307967398 -0.23460788869659027 2.276842026040669 0.19793268244154283 -0.10446651033284431 0.23611652982924611 0.11746253943962735 -0.23314372914436568 -1.0174668528413875 -0.39266907659773315 0.011524484060958899 -1.4696489113255955 -2.2312219777842208 -0.42403068660527771 -0.43461221869156513 4.0676475521031596 0.26462525427279043 0.57736419114063386
decision_type=2 2 2 2 2 2 2 2 2 2 2 2 2 2 2 2 2 2 2 2 2 2 2 2 2 2 2 2 2 2
left_child=2 -2 22 4 5 7 14 -4 11 -10 -11 -9 -13 -14 15 16 -7 -6 19 -19 -20 -15 23 26 25 -25 -1 -24 -29 -30
right_child=1 -3 3 -5 17 6 -8 8 9 10 -12 12 13 21 -16 -17 -18 18 20 -21 -22 -23 27 24 -26 -27 -28 28 29 -31
leaf_value=0.0055888440248608173 3.8095803359581326e-06 -0.0020320484781061743 -0.014432446933744975 -2.9359987162343779e-05 0.0031302775491846599 0.011391970208893768 -0.0074601643255257782 -0.00048946998479635078 -0.015877400803289851 -0.010610123420053203 0.022777467779815198 -0.0024555892785799774 -0.00076096171564755174 -0.0071824947736509465 -0.019622006097977814 0.0020700122442389893 0.0032108914739389389 0.026583585312849357 -0.0081042117936986277 -0.0033600431097590409 0.009662813825033062 0.0090149300492925865 0.00037652210431298654 -0.017569356783712794 -0.00068042299591606519 -0.0022606478554760695 -0.00027050136516533843 -0.0080391720402985811 0.053275217187391338 0.005966132548477116
leaf_weight=675 5890 3535 71 19392 961 478 136 3550 114 23 28 471 350 46 22 1003 507 79 58 23 246 721 18242 91 25303 142 672 58 28 29
leaf_count=675 5890 3535 71 19392 961 478 136 3550 114 23 28 471 350 46 22 1003 507 79 58 23 246 721 18242 91 25303 142 672 58 28 29
internal_value=1.22671e-12 -0.000759772 9.74014e-05 0.00051769 0.00171139 0.00109988 0.00358958 0.000105665 0.00030031 -0.00858356 0.00772032 0.000585604 0.00298895 0.00528472 0.00433722 0.00460237 0.007181 0.00507537 0.00967938 0.0198316 0.00627305 0.00804351 -0.000165316 -0.000578279 -0.000749396 -0.00823959 0.0026657 0.000439449 0.0104213 0.0292057
internal_weight=82944 9425 73519 28279 8887 7520 2146 5374 5303 165 51 5138 1588 1117 2010 1988 985 1367 406 102 304 767 45240 26883 25536 233 1347 18357 115 57
internal_count=82944 9425 73519 28279 8887 7520 2146 5374 5303 165 51 5138 1588 1117 2010 1988 985 1367 406 102 304 767 45240 26883 25536 233 1347 18357 115 57
is_linear=0
shrinkage=0.05


Tree=144
num_leaves=31
num_cat=0
split_feature=32 132 123 78 39 10 158 40 1 12 5 88 2 118 1 3 4 161 94 149 52 157 108 157 159 2 6 3 101 33
split_gain=2.45679 4.82963 5.51219 4.81358 5.39156 5.28259 5.95529 8.41915 9.56868 5.28205 5.75033 5.19283 4.65523 9.00378 7.22871 6.98682 6.72406 6.22313 6.17681 5.3686 5.14848 4.98928 7.69299 7.65355 13.5844 8.98974 10.2435 11.6837 9.99754 9.27169
threshold=0.018581345154599461 0.26692343714525152 3.0655388603180627 -0.019503101186312845 -1.1889508940195743 -1.9570810683295965 0.37100531152934357 -0.51329115174560125 -0.048608973718029323 0.074433696572893282 0.80943899875580572 0.39936550339805349 0.67118978185488876 0.11680174992544547 1.2432604983724926 1.7319852129670281 -0.21651157167773741 1.0801555850340541 -0.13643396899455831 0.082512805106790821 -0.10021859980033339 -0.44226394673368169 -0.067102758088782938 -0.17427846833409141 1.0000000180025095e-35 0.35865906613105841 -0.06493185903309065 -1.5868423785307451 0.019601424903339357 -0.011651342104656865
decision_type=2 2 2 2 2 2 2 2 2 2 2 2 2 2 2 2 2 2 2 2 2 2 2 2 2 2 2 2 2 2
left_child=1 2 3 4 -1 6 7 8 -5 11 -11 -6 14 18 21 19 17 -15 20 -16 -14 -7 -23 24 -24 26 27 -26 -27 -28
right_child=-2 -3 -4 5 9 12 -8 -9 -10 10 -12 -13 13 16 15 -17 -18 -19 -20 -21 -22 22 23 -25 25 28 29 -29 -30 -31
leaf_value=-0.0041047093895143832 -0.00031590520441726063 0.0011338465114490691 -0.0079560341371340149 0.052192987805313396 -0.0019583448520172943 0.00096623426141387325 -0.0013626074784312578 0.0063684239797168057 0.0055110624897116356 -7.3423389361773595e-05 0.0047749473675844567 0.0013307446462589966 0.016004080130633983 -0.0078131542317547899 -0.023259186810755637 0.014467988815158607 0.0018489163447161481 0.00073069590093967113 0.0039813843646592855 -0.0036570317192649048 -0.0015193633873751954 0.0012563906676202408 0.0035556951685037017 -0.0009226064920317069 0.027097860211506487 -0.045667687309623672 -0.0046147036592279062 -0.0038554441566397515 -0.002153635109690103 -0.019108621931555582
leaf_weight=1146 35330 11363 219 23 5525 7722 202 277 21 2278 836 1533 44 545 80 24 794 350 2973 62 885 3418 309 6158 34 33 208 295 22 235
leaf_count=1146 35330 11363 219 23 5525 7722 202 277 21 2278 836 1533 44 545 80 24 794 350 2973 62 885 3418 309 6158 34 33 208 295 22 235
internal_value=2.31756e-13 0.000234404 -4.75288e-05 5.38534e-07 -0.000853439 0.000391625 0.00536325 0.00959571 0.029913 -0.000487144 0.00122819 -0.00124395 0.000284141 0.00154924 -9.61378e-05 -0.0104834 -0.00150052 -0.00447198 0.00286935 -0.0147005 -0.000689405 -2.59974e-06 -0.000701007 -0.00161825 -0.00538919 -0.00873135 -0.00733991 -0.000656622 -0.0282621 -0.0123034
internal_weight=82944 47614 36251 36032 11318 24714 523 321 44 10172 3114 7058 24191 5591 18600 166 1689 895 3902 142 929 18434 10712 7294 1136 827 772 329 55 443
internal_count=82944 47614 36251 36032 11318 24714 523 321 44 10172 3114 7058 24191 5591 18600 166 1689 895 3902 142 929 18434 10712 7294 1136 827 772 329 55 443
is_linear=0
shrinkage=0.05


Tree=145
num_leaves=31
num_cat=0
split_feature=2 156 4 4 0 14 136 117 104 9 159 68 4 4 142 61 98 45 146 66 139 68 148 20 22 156 84 52 103 8
split_gain=2.36904 12.5161 6.60159 10.3405 4.32669 2.33388 3.53221 3.94123 4.61482 5.31448 4.33713 6.04062 7.5663 5.22267 4.75569 5.93141 4.41804 4.36016 3.94024 5.2693 5.2265 4.40761 4.63373 3.82464 3.71157 3.68051 3.57671 3.61986 3.48803 5.01954
threshold=-1.5003388811877352 -0.91243033262262674 1.0000000180025095e-35 -0.74576208022331802 0.39239371894061464 -1.4757773432319463 -0.7632875972378258 -0.44312468001453781 0.23308559937133741 0.63166392895766377 -0.77009752177902302 0.020498452919994792 1.5636946843392165 1.106614699686215 0.62053834287408127 -0.10461349984301049 -1.0900856748187711 -1.9543251165859059 1.8144300029553218 0.698462595922695 -0.38414570473128967 1.584258505731573 -2.47225423705697 -0.67957297107835157 -2.141906053756554 -1.0580783826687084 -1.9314022526713066 -0.12072598821324708 -0.73676955753441498 1.6749777534239489
decision_type=2 2 2 2 2 2 2 2 2 2 2 2 2 2 2 2 2 2 2 2 2 2 2 2 2 2 2 2 2 2
left_child=1 -1 3 -3 -4 -2 18 8 9 10 17 12 13 16 -13 -16 -12 -8 21 -20 -21 22 -7 -10 -19 -15 27 -11 29 -9
right_child=5 2 4 -5 -6 6 7 28 23 26 11 14 -14 25 15 -17 -18 24 19 20 -22 -23 -24 -25 -26 -27 -28 -29 -30 -31
leaf_value=0.02837042520167651 0.0010047433099065806 -0.0091504395201195011 0.00028302111895754932 0.0157570020151164 -0.024273966016693856 -0.0073423845680240032 0.012107413563017663 -0.0016330409578123014 0.0023446609913434502 0.0033151907740898851 0.012383809112038256 0.0046170112829296726 -0.015370992047437391 0.023887287347358378 0.021896498397256089 0.0066138318620127569 0.0010622446332348727 -0.01326054399650471 -0.00103492580776507 -0.00022372353164205601 -0.01191065085349503 -0.0036988036357362437 1.4621554984890998e-05 -0.0011255687843640849 0.00041261180499320812 0.0065174598616706773 2.3157064967092736e-05 -0.012394544178719767 3.8915723211206724e-05 0.0038479799046072733
leaf_weight=27 5575 148 24 58 71 220 78 5660 1021 53 90 925 61 34 99 177 2025 51 708 143 289 1003 7883 3571 1850 296 1649 119 48585 451
leaf_count=27 5575 148 24 58 71 220 78 5660 1021 53 90 925 61 34 99 177 2025 51 708 143 289 1003 7883 3571 1850 296 1649 119 48585 451
internal_value=3.11809e-13 -0.0042409 -0.00716617 -0.00213766 -0.0180701 1.68371e-05 -5.46518e-05 7.79465e-05 0.00089456 0.00165829 0.00241116 0.00342013 0.00202286 0.00245682 0.00633567 0.0120957 0.00154401 0.000521184 -0.000919077 -0.00369026 -0.00804206 -0.000572146 -0.000185124 -0.000353987 4.57886e-05 0.00830708 -0.000692509 -0.00755375 -0.000102692 -0.00122853
internal_weight=82944 328 301 206 95 82616 77041 66795 12099 7507 5686 3707 2506 2445 1201 276 2115 1979 10246 1140 432 9106 8103 4592 1901 330 1821 172 54696 6111
internal_count=82944 328 301 206 95 82616 77041 66795 12099 7507 5686 3707 2506 2445 1201 276 2115 1979 10246 1140 432 9106 8103 4592 1901 330 1821 172 54696 6111
is_linear=0
shrinkage=0.05


Tree=146
num_leaves=31
num_cat=0
split_feature=128 103 11 62 76 6 158 9 81 79 162 88 153 120 13 0 161 61 88 113 108 18 56 161 113 39 84 62 3 48
split_gain=2.32381 2.82558 4.49118 4.42115 5.38915 6.34153 4.41836 4.88366 4.55175 3.9928 4.0463 5.71424 3.91302 5.76202 5.49161 4.26425 3.66073 3.67808 3.57097 5.05181 5.53669 4.53473 4.49532 4.67946 4.52336 5.22551 7.68826 6.43174 8.76319 14.1624
threshold=2.6868438697638024 -0.48083834143779541 0.8875952367258616 -0.71564129477866711 -0.28283348425040361 1.8093822966841748 0.74090168677658708 -0.62882688176313828 1.4580916797077925 -2.8504474224792742 1.392621247645583 2.1507164975498632 0.42834786877839931 -1.6884675699129625 1.1368044758399769 -0.14550686920243386 -0.76213734878580341 0.17010397509673331 0.32103642576992086 -0.68724494712904727 -0.64701183715696176 0.0023291812992900685 -1.0020418483177453 -0.76213734878580341 0.097004304123643539 0.082620876333785301 -0.066909671257857281 0.085020495197738591 -1.2282283594608399 -0.060902017648252059
decision_type=2 2 2 2 2 2 2 2 2 2 2 2 2 2 2 2 2 2 2 2 2 2 2 2 2 2 2 2 2 2
left_child=1 2 3 -1 5 -5 7 8 12 -4 16 -12 13 -6 -14 -16 17 -11 22 20 -20 -21 23 -3 25 27 -27 28 29 -24
right_child=-2 18 9 4 6 -7 -8 -9 -10 10 11 -13 14 -15 15 -17 -18 -19 19 21 -22 -23 24 -25 -26 26 -28 -29 -30 -31
leaf_value=0.00057621917670125833 0.0024266108646194113 0.0046291435281612626 -0.010866364251955279 0.00067060819774970371 -0.027858255454339089 -0.0065708133090247589 -0.00040165598628927031 -0.0022002183630310183 -0.016112695632777601 0.0013745486693924214 -0.0022877542734436314 -0.029777527824044227 -0.0060640964290763827 -0.001878984985959397 -0.010619545304992546 -0.033763526147231458 0.00061843330030031266 0.0074518018497296947 -0.0023800820724493845 0.0013163953110665021 0.0036270967443967983 -0.00056002794379117515 0.0059451045747070264 0.00054908663910451763 -0.00097024195808367928 0.00059215242069041423 -0.0022955482499459308 -0.00083057294220863611 0.0013737360873370132 -0.0068359244811672373
leaf_weight=3254 975 942 70 3283 22 333 1932 3218 99 522 345 20 418 715 48 34 2186 476 456 6276 2415 6612 300 2767 14066 4485 4742 6289 14863 781
leaf_count=3254 975 942 70 3283 22 333 1932 3218 99 522 345 20 418 715 48 34 2186 476 456 6276 2415 6612 300 2767 14066 4485 4742 6289 14863 781
internal_value=-1.7039e-12 -2.88639e-05 -0.000603285 -0.00102664 -0.00154294 3.74056e-06 -0.00240523 -0.00325523 -0.00579641 0.000959104 0.00119235 -0.00379404 -0.00497077 -0.00265449 -0.00838498 -0.0202158 0.00176397 0.00427312 0.000121162 0.000776249 0.00267298 0.000353724 -8.85162e-05 0.00158533 -0.000224884 0.000108371 -0.000891914 0.000523503 0.00105761 -0.00328892
internal_weight=82944 81969 16975 13356 10102 3616 6486 4554 1336 3619 3549 365 1237 737 500 82 3184 998 64994 15759 2871 12888 49235 3709 45526 31460 9227 22233 15944 1081
internal_count=82944 81969 16975 13356 10102 3616 6486 4554 1336 3619 3549 365 1237 737 500 82 3184 998 64994 15759 2871 12888 49235 3709 45526 31460 9227 22233 15944 1081
is_linear=0
shrinkage=0.05


Tree=147
num_leaves=31
num_cat=0
split_feature=133 13 144 162 59 79 3 52 79 122 140 54 158 1 65 123 133 11 41 116 3 137 120 92 103 20 134 28 32 73
split_gain=2.30708 2.55639 2.84489 4.91578 4.474 4.33636 3.94213 3.75998 3.04583 3.766 3.48492 3.31373 3.22613 3.55796 3.02282 3.90089 3.76634 4.22222 4.59663 6.48823 5.30159 8.97076 9.40591 4.3432 4.38734 5.06448 4.15154 5.21209 6.93307 6.10864
threshold=-3.1933643555161546 -2.4893492283385061 1.5387789584860632 -1.0444659357341868 -3.0968260391235032 -2.8504474224792742 -0.050893698588283645 -0.38863684486592392 -1.4163842342118313 2.830503030183781 1.1921909455307869 0.033399823071907926 1.0152913959681018 0.10562610595809051 -0.87763152619649198 3.5073006946703082 -0.16105120463976766 -0.14623932146087457 0.020062506747695632 -0.22895224954708801 2.1720319318373504 -0.10690780462132646 -0.022700634327367842 -0.049425558320205433 -0.26969854270389276 0.5697605639611194 -0.14844681527968831 0.011524484060958899 1.4704283478718896 1.0000000180025095e-35
decision_type=2 2 2 2 2 2 2 2 2 2 2 2 2 2 2 2 2 2 2 2 2 2 2 2 2 2 2 2 2 2
left_child=-1 -2 8 -4 -5 6 -6 -7 9 10 11 -3 -12 -14 15 -10 17 -16 19 -19 23 -22 -23 -21 25 -25 -18 28 29 -28
right_child=1 2 3 4 5 7 -8 -9 14 -11 12 -13 13 -15 16 -17 26 18 -20 20 21 22 -24 24 -26 -27 27 -29 -30 -31
leaf_value=-0.0029534171958602671 0.0020329186660605109 -0.00049197291924844855 0.002038377732174287 -0.014237891429267522 -0.0045376222962609254 -0.003487307054155897 -0.02406677388586104 -0.00010629170171872489 -0.00082041169940282391 -0.008233975967296454 0.0063393391369187943 0.0023849171045362194 0.003084855639220526 -0.014063401461773834 -0.00023624347909570066 -0.010807950104201082 -0.00093875275716181399 5.0016471921201007e-05 0.00026910837531532054 0.0014917038057444293 0.0037111442911620706 0.048277887073345488 0.011521878498403923 0.0063154117918701007 0.0032827987592905557 0.018485058388601452 -0.0012843801086068873 0.00088549372979934574 0.0072437725382683395 0.00045230953841613494
leaf_weight=656 1553 2069 913 74 73 1395 40 2003 7842 102 579 1939 102 43 6745 99 12092 1872 4833 1692 133 28 46 372 973 111 10888 13917 295 9465
leaf_count=656 1553 2069 913 74 73 1395 40 2003 7842 102 579 1939 102 43 6745 99 12092 1872 4833 1692 133 28 46 372 973 111 10888 13917 295 9465
internal_value=-1.64061e-12 2.35446e-05 -1.51072e-05 -0.00123703 -0.00207119 -0.00181476 -0.0114506 -0.00149432 5.69867e-05 0.00127162 0.00147651 0.000899816 0.00466907 -0.00200049 -2.52441e-05 -0.000944926 8.98356e-05 0.000731654 0.00138061 0.00240832 0.00372419 0.0114752 0.0254296 0.00321452 0.00521658 0.00911216 -0.000141335 0.000137628 -0.000366443 -0.000476746
internal_weight=82944 82288 80735 4498 3585 3511 113 3398 76237 4834 4732 4008 724 145 71403 7941 63462 16805 10060 5227 3355 207 74 3148 1456 483 46657 34565 20648 20353
internal_count=82944 82288 80735 4498 3585 3511 113 3398 76237 4834 4732 4008 724 145 71403 7941 63462 16805 10060 5227 3355 207 74 3148 1456 483 46657 34565 20648 20353
is_linear=0
shrinkage=0.05


Tree=148
num_leaves=31
num_cat=0
split_feature=71 154 91 34 45 160 110 1 68 156 148 133 133 43 100 86 27 3 162 91 114 65 100 8 63 66 114 1 17 32
split_gain=2.22339 3.31182 2.96603 5.60498 6.92113 5.70605 5.63001 10.0417 7.75258 5.5038 5.35764 5.24937 6.91797 6.40995 5.78279 5.16422 5.04679 4.72477 11.5593 4.94462 4.46593 4.39011 4.25413 4.05969 5.07569 8.94236 4.71231 6.70548 3.84199 3.8124
threshold=1.0561574810204228 -1.1026833007105179 -0.071738487756928745 -0.093002561563842331 0.15144483898652919 1.0000000180025095e-35 -0.19863581630723373 0.20127854021533589 -1.5856672259964431 -1.0580783826687084 -0.28706537308826302 -0.010057676141440838 -0.014564233744680908 0.10769119772659548 0.55800416197585323 0.41897997619302435 1.441295837436299 0.59710660257629045 0.34815531191139576 -0.29264167265511126 0.12871498115456334 -3.1595494234493664 0.95078609474705689 0.5805741485060808 -0.034727445832804425 0.074759309014738137 -0.0060571838512277201 1.2432604983724926 0.0032102975195812769 -1.7104256056216418
decision_type=2 2 2 2 2 2 2 2 2 2 2 2 2 2 2 2 2 2 2 2 2 2 2 2 2 2 2 2 2 2
left_child=2 -2 3 -1 6 -6 7 16 -9 -10 15 12 -8 -14 23 17 -5 19 -19 -7 -11 -4 29 24 25 -13 -27 -28 -26 -12
right_child=1 -3 21 4 5 10 11 8 9 20 22 14 13 -15 -16 -17 -18 18 -20 -21 -22 -23 -24 -25 28 26 27 -29 -30 -31
leaf_value=0.0012761344590755017 0.0012302340667423668 -0.001172757985397311 -0.006208135595352971 -0.00025370097695507217 8.7326865518161899e-05 0.0021780267754658851 0.00094419323592787822 0.0055376905528215789 -0.037370256897993386 -0.014620607000440218 0.012798608453623706 -0.001918616240692132 0.034972663512774581 -0.00037298752399890321 -0.0076072706807717829 0.011619413703649105 -0.0075162074064413029 0.0045260137628896965 0.046000545547299446 -0.023320709280669691 -0.0041500592835018871 -0.00011923019097563847 0.013932039369163769 0.0032945587747433992 -0.0012169822599681552 -0.0074366554657964894 -0.0060489669668539947 -0.03500040214094851 0.0043487690044748846 -2.2133504423963004e-05
leaf_weight=12661 1764 7661 298 1546 4382 385 2995 76 20 261 61 1370 29 23 354 302 283 84 21 20 167 44794 63 495 947 167 36 45 461 1173
leaf_count=12661 1764 7661 298 1546 4382 385 2995 76 20 261 61 1370 29 23 354 302 283 84 21 20 167 44794 63 495 947 167 36 45 461 1173
internal_value=1.32926e-12 -0.00072301 9.26885e-05 0.000492672 -0.000136493 0.00111578 -0.00101288 -0.00312575 -0.0092282 -0.0117331 0.00325266 -0.000294653 0.00125812 0.019339 -0.00151563 0.00643767 -0.00137742 0.00336926 0.0128209 0.00091883 -0.0105351 -0.00015947 0.00125865 -0.000903181 -0.00158986 -0.00350013 -0.0122367 -0.0221331 0.000605327 0.000611631
internal_weight=82944 9425 73519 28427 15766 6491 9275 2353 524 448 2109 6922 3047 52 3875 812 1829 510 105 405 428 45092 1297 3521 3026 1618 248 81 1408 1234
internal_count=82944 9425 73519 28427 15766 6491 9275 2353 524 448 2109 6922 3047 52 3875 812 1829 510 105 405 428 45092 1297 3521 3026 1618 248 81 1408 1234
is_linear=0
shrinkage=0.05


Tree=149
num_leaves=31
num_cat=0
split_feature=139 156 113 99 130 50 161 158 0 3 2 0 3 147 4 1 157 1 72 90 2 4 159 38 12 32 123 61 67 94
split_gain=2.18237 3.89554 2.62033 2.47459 5.48201 5.58876 6.83468 7.94438 8.99733 16.0188 10.7953 8.74978 5.94715 5.83468 5.89413 5.55992 5.49965 6.55001 5.14706 5.79624 4.82103 7.21576 4.75782 5.49635 4.66845 4.62381 5.93323 4.68848 4.57174 4.4618
threshold=-2.168246470677238 -0.89145085320713391 -2.0348636296480498 -0.020018103878251075 0.38885631513796132 -0.0072656324830764714 1.0801555850340541 0.37100531152934357 0.93116348106933156 1.3589231993094304 -0.97059320135478366 0.20345515022113561 -0.37879062104434208 -0.020963699291389287 0.21651157167773763 1.634603963815197 1.7010387896716377 2.5499110629431088 0.17824631087682283 0.40731472132221008 -0.15211389960408395 -0.67359155633073897 0.86635971200140116 0.045598673477363579 -2.9333918772895395 -0.038084311344394182 1.5403786146582108 0.0032292802783459779 -0.048592239431085295 0.065312266153987955
decision_type=2 2 2 2 2 2 2 2 2 2 2 2 2 2 2 2 2 2 2 2 2 2 2 2 2 2 2 2 2 2
left_child=1 2 -1 4 5 24 -7 11 9 10 -9 -8 -13 22 16 -10 -15 -18 19 -6 21 -12 23 -14 -2 27 -27 -5 -24 -30
right_child=3 -3 -4 25 18 6 7 8 15 -11 20 12 13 14 -16 -17 17 -19 -20 -21 -22 -23 28 -25 -26 26 -28 -29 29 -31
leaf_value=0.0096119575163659959 0.016072846312696735 0.0028633553299663556 -0.0025058385590800525 0.0011569445992607084 -0.0036514076211217046 0.00077752027222307489 0.024155783122291836 0.037981308559943555 0.00023553220327135967 0.05501501663503322 0.027662519115562501 -0.0040229132219435576 -0.025556204126526913 -0.00051538680274619683 0.017992188371995111 0.0098911064440612359 0.031490298772833367 -0.00085586347749681563 0.00037168084630502475 0.00011823575118888419 -2.3264355875917862e-05 0.0058096787494443039 0.022749578109748352 0.0071353028481826192 -5.0954258104518688e-05 -0.00093855971283389635 0.0023482237816102028 -0.00056420076954167382 0.0041132210462995642 -0.0050991013074195473
leaf_weight=48 45 1609 632 8418 2524 10389 41 33 414 22 57 451 36 184 105 233 34 29 4006 1711 117 112 24 20 18866 23310 1459 7466 331 218
leaf_count=48 45 1609 632 8418 2524 10389 41 33 414 22 57 451 36 184 105 233 34 29 4006 1711 117 112 24 20 18866 23310 1459 7466 331 218
internal_value=1.92212e-12 0.00152242 -0.00165046 -4.32065e-05 0.000235991 0.000534146 0.00133876 0.00370799 0.0071767 0.0137491 0.0109032 0.0013814 0.000729336 0.00291411 0.00806875 0.00371273 0.00385028 0.0166008 -0.000913105 -0.00212842 0.00777876 0.0131802 2.94828e-05 -0.0138807 -1.25866e-05 -0.000317933 -0.000744954 0.00034795 0.00138894 0.00045514
internal_weight=82944 2289 680 80655 40002 31761 12850 2461 988 341 319 1473 1432 981 352 647 247 63 8241 4235 286 169 629 56 18911 40653 24769 15884 573 549
internal_count=82944 2289 680 80655 40002 31761 12850 2461 988 341 319 1473 1432 981 352 647 247 63 8241 4235 286 169 629 56 18911 40653 24769 15884 573 549
is_linear=0
shrinkage=0.05


Tree=150
num_leaves=31
num_cat=0
split_feature=91 123 53 62 65 112 113 57 71 2 23 116 12 110 149 2 10 63 27 90 4 4 100 160 83 81 62 4 158 4
split_gain=2.17423 3.25824 3.69941 2.80803 3.97049 4.08991 4.23599 4.83032 5.99054 7.92529 4.34665 4.06499 4.13406 4.0239 3.88367 3.86356 5.38927 3.91841 3.75655 3.68223 3.55582 3.57602 3.41208 4.80984 6.08682 5.45663 4.47245 7.57012 10.8192 14.6482
threshold=1.9202150174571395 -0.45428410129985225 0.15631741685956915 -0.27376027514254758 -0.69681527221767159 -0.7777652425870033 1.0000000180025095e-35 -0.28548370913495658 -0.2676847218463711 3.2858080162893279 1.6712914088673332 -1.6113681419607901 -1.1331481289611109 -0.4294936104934734 -2.144698629799707 0.9452029766701352 0.081332372494332547 -0.38283203139289862 2.0548532415061058 -0.93358479132543726 0.072170523892579191 -0.21651157167773741 0.77107088406146307 1.0000000180025095e-35 0.10740608892913782 0.29389566018996305 0.0065704637259089435 -0.04811368259505229 1.0792073135802653 -1.4193536365540573
decision_type=2 2 2 2 2 2 2 2 2 2 2 2 2 2 2 2 2 2 2 2 2 2 2 2 2 2 2 2 2 2
left_child=3 2 -2 4 11 15 7 -7 -9 10 13 -1 14 -10 -13 20 17 -17 -14 -8 21 -6 26 -24 -25 -26 27 28 -5 -30
right_child=1 -3 -4 22 5 6 19 8 9 -11 -12 12 18 -15 -16 16 -18 -19 -20 -21 -22 -23 23 24 25 -27 -28 -29 29 -31
leaf_value=0.0035584659604609272 0.00063127691509108326 -0.00022691784431330599 -0.0064789337933549842 -0.00018784639891702035 -0.00064557918882535929 0.00055042695011528941 0.003356461484041097 0.0010137886809270271 0.0091118035819550067 0.028095451475599328 -0.00089590940414391524 -0.020283894412415595 -0.00083327181308980296 0.0040428991375030645 -0.0038366762206303476 -0.00085314401132505267 0.0006535719811156588 -0.016110241871729505 0.0075987746105886274 1.1817337551101808e-05 0.0015528823851538266 -0.0070056057905780031 -0.00048647857267193151 -0.0069529887697239228 0.0024281142804122406 -0.006637684420045269 0.00036963006223376222 -0.0015992926541988613 -0.0089871027310108459 0.0076754449592281067
leaf_weight=505 278 1779 535 9213 1239 2371 957 1480 577 37 293 38 3684 1218 647 62 190 131 137 5873 1705 269 5426 730 506 247 32241 9536 155 885
leaf_count=505 278 1779 535 9213 1239 2371 957 1480 577 37 293 38 3684 1218 647 62 190 131 137 5873 1705 269 5426 730 506 247 32241 9536 155 885
internal_value=-1.50348e-12 -0.00142532 -0.00404764 4.5978e-05 0.000536361 0.000912689 0.00133108 0.00230326 0.00345609 0.00515708 0.0047506 -0.000695437 -0.00117218 0.00567229 -0.00474908 -0.000577273 -0.00532417 -0.011209 -0.000530945 0.000480459 -1.14274e-05 -0.00178009 -0.000132182 -0.00117618 -0.00369964 -0.00054566 6.44872e-06 -0.00058526 0.00035786 0.00519208
internal_weight=82944 2592 813 80352 21413 16402 12806 5976 3605 2125 2088 5011 4506 1795 685 3596 383 193 3821 6830 3213 1508 58939 6909 1483 753 52030 19789 10253 1040
internal_count=82944 2592 813 80352 21413 16402 12806 5976 3605 2125 2088 5011 4506 1795 685 3596 383 193 3821 6830 3213 1508 58939 6909 1483 753 52030 19789 10253 1040
is_linear=0
shrinkage=0.05


Tree=151
num_leaves=31
num_cat=0
split_feature=4 158 3 0 1 159 4 156 0 4 0 0 157 11 1 5 0 159 161 4 0 5 3 83 1 162 156 74 5 5
split_gain=2.17282 6.18221 8.43984 11.9949 7.67551 17.6674 8.15731 7.13115 9.63785 6.13732 9.8483 12.4736 8.06701 6.88517 6.13577 9.84048 9.22871 6.01595 5.72812 5.67285 8.9737 15.2746 9.23099 7.42689 6.30825 14.0034 5.47776 5.21406 5.20772 5.19361
threshold=-1.1787852235787935 0.37100531152934357 -0.33574572162744959 -0.98494078325700551 0.37809399527545923 0.77009752177902324 -1.275012588768899 1.0000000180025095e-35 1.5862685013412745 -1.4193536365540573 -0.75349812278655504 1.019360935708894 -0.17427846833409141 0.48073760248632341 -0.33902212254831532 -0.30505838731801371 0.95849667322277543 -0.38504876088951151 1.0801555850340541 -1.4434104778515837 -0.058025825972005438 1.2818148012909092 0.26287226169537736 0.023698573070421624 0.39507265585474521 1.0000000180025095e-35 -0.89145085320713391 0.066651831538126052 0.9074519576230029 1.3668181053867372
decision_type=2 2 2 2 2 2 2 2 2 2 2 2 2 2 2 2 2 2 2 2 2 2 2 2 2 2 2 2 2 2
left_child=1 4 9 -4 -1 6 -6 -7 -9 10 -3 17 -11 -14 16 -16 18 -12 -5 20 22 23 -17 27 25 -21 -8 -22 -28 -26
right_child=-2 2 3 14 5 7 26 8 -10 12 11 -13 13 -15 15 19 -18 -19 -20 24 21 -23 -24 -25 29 -27 28 -29 -30 -31
leaf_value=-0.0006855418292597388 0.00011155334558608863 0.0021325003577074334 -0.015396573422582483 0.0079629660420456449 -0.0073500884552458283 0.003292720659338725 -0.0048014934418130328 -0.02077335777439545 -0.0021360345960302592 -0.00075233388975043955 -0.013334736712486629 0.011136708944347144 0.01395838505586699 -0.0051466666162014009 -0.01184005089844818 0.0058495059346410647 -0.021640569781479629 -0.0049402503175719828 0.02366228564318994 0.01244272983886293 0.057903011918067938 0.0059792998447082942 -0.0089646861920013067 0.015738070803927258 -0.0074975548653895335 -0.0036907551400085442 -0.0045785908363401321 0.024527672153304925 -0.029225248070128385 0.0026425721278674034
leaf_weight=6322 69700 567 88 301 333 523 44 81 483 810 322 96 197 62 116 327 23 633 72 270 25 375 155 60 306 268 26 22 122 215
leaf_count=6322 69700 567 88 301 333 523 44 81 483 810 322 96 197 62 116 327 23 633 72 270 25 375 155 60 306 268 26 22 122 215
internal_value=-5.15697e-13 -0.000587079 0.000733399 0.00275095 -0.00147084 -0.00455063 -0.0120826 -0.000912837 -0.00481267 -0.0012361 -0.00317844 -0.00604362 0.00170376 0.00938498 0.00338092 0.0023225 0.00909799 -0.00777064 0.0109934 0.00313459 0.00590972 0.0107338 0.00108561 0.0273969 0.000608419 0.00440598 -0.0202906 0.0422805 -0.0248954 -0.00331305
internal_weight=82944 13244 5310 2623 7934 1612 525 1087 564 2687 1618 1051 1069 259 2535 2139 396 955 373 2023 964 482 482 107 1059 538 192 47 148 521
internal_count=82944 13244 5310 2623 7934 1612 525 1087 564 2687 1618 1051 1069 259 2535 2139 396 955 373 2023 964 482 482 107 1059 538 192 47 148 521
is_linear=0
shrinkage=0.05


Tree=152
num_leaves=31
num_cat=0
split_feature=0 3 159 1 5 4 158 16 4 10 106 2 4 0 156 3 4 0 0 162 4 4 4 107 1 0 128 157 3 161
split_gain=2.12092 5.20423 5.87557 6.95999 14.4786 10.4456 6.88146 9.34668 6.73513 5.55648 5.37198 4.92382 4.76992 4.64434 4.36152 3.99267 3.95907 3.77261 3.72556 3.979 5.05667 3.6923 3.58942 3.45599 5.26934 7.35748 4.62929 7.18225 4.09354 7.27932
threshold=-1.3417539445867848 1.678369505768156 -0.28878657066713359 -0.25529857263149819 0.95394520574431452 -0.38490946076042204 -1.0174668528413875 0.0052320406487954595 -0.21651157167773741 0.008121344243575768 -0.11581425728107174 -0.26135395489560898 -0.67359155633073897 -1.5640928862197987 -0.91243033262262674 0.066618940196861223 -0.76981892152084441 -1.410655565456717 -1.8272519404696537 1.0444659357341872 -0.38490946076042204 0.45707998465300176 0.26462525427279043 0.56274890256667587 0.65272054699695004 -0.30751677942165218 -2.675056915784161 -0.44226394673368169 0.78391736070560258 -0.76213734878580341
decision_type=2 2 2 2 2 2 2 2 2 2 2 2 2 2 2 2 2 2 2 2 2 2 2 2 2 2 2 2 2 2
left_child=1 2 11 4 8 6 7 -5 13 -8 -6 18 14 -4 -13 -12 -9 -3 -1 -20 -21 -14 -10 -2 28 -26 27 -27 -25 -30
right_child=23 17 3 5 10 -7 9 16 22 -11 15 12 21 -15 -16 -17 -18 -19 19 20 -22 -23 -24 24 25 26 -28 -29 29 -31
leaf_value=0.0016059846099127839 -7.3328065688963153e-05 -0.0046546074141016495 0.0055734666327730848 0.028287041925233503 -0.028841391797918323 -0.001859667984632608 -0.00060600239468993711 -0.0053899702239072044 0.010195696716818343 0.013416068389163755 -0.013594707050514496 -0.030176257217923802 -0.0052757209182464071 -0.0054114449482134163 -0.0073517353571951388 0.0060965440290815694 0.017206355256752837 -0.029798644594848156 -0.00026115273169767322 -0.006249959582029954 -0.00080561626333912827 0.012911332445219159 -0.0078501571795993284 0.0010920259018300221 -0.018030790902455063 0.035147809152576058 -0.0017522271177210919 -0.0024644961720332505 0.018685832472643656 -0.0026970966922817753
leaf_weight=1056 63346 35 144 97 44 301 166 42 248 123 106 36 400 290 50 34 36 26 2029 856 850 30 31 10925 68 22 1362 30 89 72
leaf_count=1056 63346 35 144 97 44 301 166 42 248 123 106 36 400 290 50 34 36 26 2029 856 850 30 31 10925 68 22 1362 30 89 72
internal_value=-1.35885e-12 -0.000830851 -0.000703574 0.00189072 -0.00109737 0.0053944 0.0101002 0.0179251 0.00212965 0.00536187 -0.0136021 -0.00151603 -0.00615675 -0.00176668 -0.0169062 -0.00881255 0.0050391 -0.0153717 -0.00101622 -0.0017576 -0.00353736 -0.00400686 0.0081906 7.69408e-05 0.000834335 -0.0019658 -0.00119322 0.0134484 0.00120866 0.00912328
internal_weight=82944 7030 6969 1662 897 765 464 175 713 289 184 5307 516 434 86 140 78 61 4791 3735 1706 430 279 75914 12568 1482 1414 52 11086 161
internal_count=82944 7030 6969 1662 897 765 464 175 713 289 184 5307 516 434 86 140 78 61 4791 3735 1706 430 279 75914 12568 1482 1414 52 11086 161
is_linear=0
shrinkage=0.05


Tree=153
num_leaves=31
num_cat=0
split_feature=122 5 160 14 5 157 5 4 4 1 5 157 4 5 3 1 161 157 3 4 158 5 0 0 4 155 161 4 0 108
split_gain=2.09093 3.28238 4.1523 4.41077 2.69633 5.83846 12.3266 16.1213 28.6527 27.1045 12.6489 11.7914 11.6729 11.3944 10.8671 10.5431 9.99157 8.80164 8.6346 8.18635 14.1807 18.5632 13.3693 7.18145 7.63481 7.53229 7.42627 12.6845 14.1545 16.9585
threshold=-1.5679461236852066 0.30505838731801377 1.0000000180025095e-35 0.92880447327168858 -0.30505838731801371 -0.44226394673368169 -1.157767925009791 -0.84198944541342391 -1.3231262713639518 -0.53959452152042731 -1.2543280627517379 -0.67395931651051355 -0.81793260411589741 -1.3494002584222959 1.2796142973360423 -1.1069310992612571 1.0801555850340541 -0.17427846833409141 -1.7429568667747763 -1.1306715409837407 1.0792073135802653 -1.3494002584222959 0.70385570796402941 1.787102116434176 -0.21651157167773741 -0.071492454486186477 0.46605794042743481 0.62547787373568664 1.1484874343548526 0.010612913059635304
decision_type=2 2 2 2 2 2 2 2 2 2 2 2 2 2 2 2 2 2 2 2 2 2 2 2 2 2 2 2 2 2
left_child=1 -1 -3 -4 5 6 7 8 11 10 -10 -2 18 -11 15 17 -13 -14 -7 -20 -21 -22 -23 26 -25 -26 -9 28 -28 -30
right_child=4 2 3 -5 -6 12 -8 23 9 13 -12 16 14 -15 -16 -17 -18 -19 19 20 21 22 -24 24 25 -27 27 -29 29 -31
leaf_value=0.00014695790717740711 0.0029615783285407817 -0.0018728409180948501 -0.013159771959993145 0.0033376633479558632 0.00030409404677650431 -0.022884326195344331 -0.00086105072207022341 -0.00019270764201015833 0.029180391306129507 -0.0023974831506855931 0.011286365482215347 -0.00070264040195615969 -0.034610580059234057 0.014070904255423483 -0.024366858637000881 0.00026175669802576965 -0.023873814494595275 -0.0049533669196732723 -0.0012208252224785226 -0.0073143372700444813 -0.019481298427969692 0.0054381709300590358 0.03628242026234782 -0.014690397483944843 0.0065950003200830557 -0.0097590564741197559 0.0058112795783534623 -0.0016235867225944567 0.013246437628506958 0.060723756769528764
leaf_weight=1863 578 1202 172 53 45340 53 7458 2835 246 265 165 100 26 174 46 14381 87 662 3586 1510 63 192 43 148 158 127 760 557 68 26
leaf_count=1863 578 1202 172 53 45340 53 7458 2835 246 265 165 100 26 174 46 14381 87 662 3586 1510 63 192 43 148 158 127 760 557 68 26
internal_value=9.95846e-13 -0.00123525 -0.00303976 -0.00927371 5.10201e-05 -0.000283373 0.000514131 0.00214364 0.00645086 0.012769 0.0219967 -0.000569273 -0.000816749 0.00412985 -0.000101592 -2.75188e-05 -0.0114828 -0.00607413 -0.00280126 -0.00260393 -0.00534718 0.00462064 0.011082 0.00065696 -0.00547706 -0.000692597 0.0012825 0.0042465 0.00807511 0.0263785
internal_weight=82944 3290 1427 225 79654 34314 13752 6294 1615 850 411 765 20562 439 15115 15069 187 688 5447 5394 1808 298 235 4679 433 285 4246 1411 854 94
internal_count=82944 3290 1427 225 79654 34314 13752 6294 1615 850 411 765 20562 439 15115 15069 187 688 5447 5394 1808 298 235 4679 433 285 4246 1411 854 94
is_linear=0
shrinkage=0.05


Tree=154
num_leaves=31
num_cat=0
split_feature=128 71 15 56 156 91 103 51 106 78 12 1 119 4 157 115 156 1 3 4 2 14 153 49 150 81 158 3 91 156
split_gain=2.0549 2.65747 3.94893 3.208 3.1212 2.86058 4.97054 5.15493 7.48787 6.38856 6.80072 8.12567 13.8435 7.41828 9.92219 16.9049 5.92182 8.18113 6.82425 7.91878 6.53416 5.71543 5.47983 5.38076 5.24066 5.20896 5.65754 6.8938 10.1313 6.23127
threshold=2.3365792250358068 1.0079529953041255 -0.43538511986134365 -0.62554020369767815 -0.066328909107563699 -0.071738487756928745 -0.73676955753441498 -0.10694870017625066 0.035882547560877574 0.038244920188717148 0.11096642967044569 0.29479248146981718 0.034208786653404037 -0.62547787373568664 1.7010387896716377 -0.078475793049311807 1.7077461606554207 -0.83357705838062135 -0.23960383585728445 -1.5877515256367423 -0.1092172247723741 -0.021197783119522289 -0.54894286788775837 -0.026285894175833217 -2.5997322331802226 -0.0042522130401769281 0.74090168677658708 -1.0738258257772126 0.023032007145985283 0.30811198432798453
decision_type=2 2 2 2 2 2 2 2 2 2 2 2 2 2 2 2 2 2 2 2 2 2 2 2 2 2 2 2 2 2
left_child=1 5 3 4 -3 -1 -7 8 9 10 11 -8 13 -13 -15 -16 21 -18 19 20 -19 24 -23 -24 -9 26 -25 28 29 -28
right_child=-2 2 -4 -5 -6 6 7 16 -10 -11 -12 12 -14 14 15 -17 17 18 -20 -21 -22 22 23 25 -26 -27 27 -29 -30 -31
leaf_value=0.00046821544988760321 0.0017605251492236185 8.3889930437836596e-05 -0.0016204945838015437 -0.00043902923520251552 0.0056539824548927139 -0.0016753797212540203 -0.0025963211309832403 -0.0098517134149285722 0.00093113422716085558 -0.00029648241457009525 0.00049101656832546475 0.0032645492493022206 -0.017828894605336248 -0.011994010621679764 0.04637832446467309 -0.0077625620219370604 0.030636550872944868 0.011535520649704268 0.0008833838711724758 0.0052119107438435555 0.047966985702514647 0.002665048496751931 0.00095206552121555963 -0.0011631023794040985 0.0014496416363175583 1.4756571533386875e-05 -0.0093407804986519599 -0.0032806838205693151 0.0029117588364852617 -0.027454497650959184
leaf_weight=27622 1625 502 5890 2667 504 4939 2641 104 4458 4923 1129 221 260 313 21 46 26 32 1840 603 20 1341 3677 3767 7516 4361 97 1625 81 93
leaf_count=27622 1625 502 5890 2667 504 4939 2641 104 4458 4923 1129 221 260 313 21 46 26 32 1840 603 20 1341 3677 3767 7516 4361 97 1625 81 93
internal_value=-1.15043e-12 -3.51806e-05 -0.000818141 0.000468508 0.00287447 6.91654e-05 -0.000180587 7.77354e-06 -0.000760949 -0.00155049 -0.00288357 -0.0039715 -0.00818967 -0.00401962 -0.00825594 0.00920697 0.000435496 0.00273433 0.00244356 0.00682635 0.0255476 0.000179766 -0.000385392 -0.000683957 0.0012954 -0.00128408 -0.0022843 -0.00451191 -0.0118947 -0.018207
internal_weight=82944 81319 9563 3673 1006 71756 44134 39195 14012 9554 4631 3502 861 601 380 67 25183 2521 2495 655 52 22662 15042 13701 7620 10024 5663 1896 271 190
internal_count=82944 81319 9563 3673 1006 71756 44134 39195 14012 9554 4631 3502 861 601 380 67 25183 2521 2495 655 52 22662 15042 13701 7620 10024 5663 1896 271 190
is_linear=0
shrinkage=0.05


Tree=155
num_leaves=31
num_cat=0
split_feature=87 50 103 30 103 80 2 162 159 156 116 117 153 41 73 43 123 5 4 4 85 63 120 156 132 4 156 1 25 133
split_gain=2.02741 2.92313 2.66552 4.09702 4.30309 3.3559 3.35215 5.32196 6.48836 8.28661 3.83914 3.56103 3.32219 3.22446 4.61857 4.20928 5.25113 6.94861 11.7515 9.56404 7.95514 8.19765 9.60547 8.51747 7.14816 6.96724 9.60134 6.84032 5.6752 5.54178
threshold=-1.7686527661961464 -1.140223741332558 -0.67959945651262921 0.12834906626086171 -1.3906041148034218 -2.2802259903758855 -0.038050289856680734 -0.6963106238227913 -0.28878657066713359 -0.91243033262262674 1.5103542925329128 0.062297093339123255 -1.5424472006268797 -0.46679187338029576 -0.1030051322183798 0.29512585756415105 0.071055253717981035 0.36482234570003197 1.5636946843392165 1.3231262713639522 0.030020349213099807 -0.15713142152030432 -0.042706190525348346 -0.50537016327236373 0.10129446415658387 0.072170523892579191 -0.066328909107563699 1.0393197749355225 0.28723711824405268 -0.045493010151366337
decision_type=2 2 2 2 2 2 2 2 2 2 2 2 2 2 2 2 2 2 2 2 2 2 2 2 2 2 2 2 2 2
left_child=1 -1 3 4 -2 -5 -7 10 9 -9 -8 -10 -6 14 -4 16 -15 -18 19 20 21 -19 23 -23 -21 -25 -27 -20 -22 -24
right_child=2 -3 13 5 12 6 7 8 11 -11 -12 -13 -14 15 -16 -17 17 18 27 24 28 22 29 25 -26 26 -28 -29 -30 -31
leaf_value=0.0049868056235613904 0.0015908359298408622 0.00062688146681324955 0.0018984224203269567 0.0035661323240920779 -0.0054662429886577785 -0.0010564680274027622 -0.0016391389484395223 -0.033143646531472247 0.0011788958435768749 -0.0080152601896895624 0.0092428807194506659 -0.0064604535899610467 -0.00046893050522517192 -0.00023298347383147425 -0.00016457571606658732 -0.00088784676653898211 -4.3224795446159539e-06 0.0049201557140152036 -0.0065845426580675983 0.0056509761069526033 0.0050190626759136379 0.0005456216188145063 0.0043145987362900795 -0.013092194802362435 0.01867180361615536 -0.028275482860152371 0.0042340385383222955 -0.034903602279722688 -0.00024204154216185948 -0.0034234133445699647
leaf_weight=445 2954 2825 5427 299 368 4157 681 35 349 524 92 271 3455 28783 5425 12384 8343 609 145 508 2101 358 661 383 133 27 143 25 678 356
leaf_count=445 2954 2825 5427 299 368 4157 681 35 349 524 92 271 3455 28783 5425 12384 8343 609 145 508 2101 358 661 383 133 27 143 25 678 356
internal_value=3.05203e-12 0.0012202 -5.00799e-05 -0.000699518 0.000157532 -0.00160592 -0.00185906 -0.00356828 -0.00568225 -0.00958859 -0.000343996 -0.00216024 -0.000949969 7.87059e-05 0.000867113 -7.5073e-05 0.000157637 0.000934639 0.0022132 0.00258312 0.00188743 -0.000136917 -0.0017343 -0.00546317 0.00835265 -0.00935313 -0.000929238 -0.0107491 0.0037355 0.00160591
internal_weight=82944 3270 79674 13185 6777 6408 6109 1952 1179 559 773 620 3823 66489 10852 55637 43253 14470 6127 5957 5316 2537 1928 911 641 553 170 170 2779 1017
internal_count=82944 3270 79674 13185 6777 6408 6109 1952 1179 559 773 620 3823 66489 10852 55637 43253 14470 6127 5957 5316 2537 1928 911 641 553 170 170 2779 1017
is_linear=0
shrinkage=0.05


Tree=156
num_leaves=31
num_cat=0
split_feature=1 3 162 0 161 5 156 5 3 85 149 0 0 0 4 3 157 1 5 4 157 0 0 156 0 112 161 4 3 3
split_gain=2.03156 7.87242 11.8989 11.5556 7.52453 7.95655 7.24213 16.4528 12.8563 9.87347 6.89152 5.79999 5.26449 14.9519 17.2576 15.1241 13.2265 10.3172 6.16835 6.09666 5.85779 5.35431 4.99273 4.93228 6.66151 4.45813 5.33927 14.1839 6.50062 5.88985
threshold=-0.51556909891384373 -0.8871165522654253 0.69631062382279152 0.43545882703492728 -0.76213734878580341 1.3068553720383922 1.7077461606554207 -1.157767925009791 -0.99388104523293674 0.015419523544465906 0.047473240903656497 0.38041459796964644 0.23739498092371586 0.13141699629314629 -0.84198944541342391 -1.357532159385495 -0.67395931651051355 -0.74634499556064215 -1.3937669968156989 0.33679577816536965 -0.67395931651051355 0.27154823262650846 -0.11509293106467332 -0.89145085320713391 -0.225150421269219 -0.028828106101306129 1.0801555850340541 -0.19245473038021099 -1.2282283594608399 -1.357532159385495
decision_type=2 2 2 2 2 2 2 2 2 2 2 2 2 2 2 2 2 2 2 2 2 2 2 2 2 2 2 2 2 2
left_child=4 2 25 -4 5 12 -6 9 -9 -8 -7 -10 13 14 16 -16 18 -14 -1 -15 -21 -19 -18 -17 -25 26 -2 29 -29 -28
right_child=1 -3 3 -5 6 10 7 8 11 -11 -12 -13 17 19 15 23 22 21 -20 20 -22 -23 -24 24 -26 -27 27 28 -30 -31
leaf_value=0.03841742364475962 -0.0021270125206841232 -7.7819665367407812e-05 -0.0089339879269423675 -0.038535653003246378 -0.00016717410467568993 0.02791695971455839 0.034665592343806 0.015402055720805675 0.0050609423125487808 0.0092363287980083888 -0.0047653112560510635 -0.0050679338641408701 0.014486395715044738 -0.010155072938838564 0.043423590130571815 -0.00077017723406743398 0.011620662442747625 0.012802462671319709 0.015098728169687093 -0.010024692060123554 0.0052911755323293624 0.0013133145931099423 -0.0080086063884664323 -0.00014964577163901712 0.0097949529400759711 0.0012940028750396222 0.022731954116551652 -0.055234479326754807 -0.020017302889180813 -0.0075099411134547352
leaf_weight=61 525 51384 249 38 24538 54 61 133 212 102 23 424 221 369 21 1545 92 114 53 98 172 918 50 373 307 659 21 20 38 69
leaf_count=61 525 51384 249 38 24538 54 61 133 212 102 23 424 221 369 21 1545 92 114 53 98 172 918 50 373 307 659 21 20 38 69
internal_value=-4.16277e-13 -0.000185984 -0.00361891 -0.0128534 0.000329237 0.0022211 -2.85914e-06 0.00432328 0.00126475 0.0187528 0.0181547 -0.00169164 0.00194188 0.000848778 0.00259215 0.00119021 0.0148921 0.00468204 0.0275763 -0.0059774 -0.000267917 0.00258246 0.00470895 0.000791599 0.00434005 -0.0016292 -0.0044916 -0.0128795 -0.0321612 -0.000453499
internal_weight=82944 53003 1619 287 29941 4471 25470 932 769 163 77 636 4394 3141 2502 2246 256 1253 114 639 270 1032 142 2225 680 1332 673 148 58 90
internal_count=82944 53003 1619 287 29941 4471 25470 932 769 163 77 636 4394 3141 2502 2246 256 1253 114 639 270 1032 142 2225 680 1332 673 148 58 90
is_linear=0
shrinkage=0.05


Tree=157
num_leaves=31
num_cat=0
split_feature=92 4 1 127 151 16 137 102 97 56 129 0 21 15 5 2 113 4 58 71 2 162 149 53 107 27 0 158 157 129
split_gain=2.0328 4.49375 9.20299 6.35867 6.59038 5.73315 7.52152 5.86067 9.22905 5.65855 5.57398 4.95816 4.74999 4.72561 4.71725 7.62569 5.9521 7.20831 5.16848 4.71439 5.84998 10.854 4.49812 4.46108 4.28219 4.1198 4.05077 4.0332 5.42267 5.84577
threshold=-0.11432168625881524 0.33679577816536965 0.011189796010572664 0.22510231812992404 0.49209320418973518 0.2483955692640685 0.096528713660835694 -0.048081889097485349 0.055555276069986163 -0.96005819636340206 -1.2962932849038247 -1.0390398898708526 0.015653313767470731 0.5784050451219882 0.7581082167444495 1.3094201532095648 -0.68724494712904727 1.5636946843392165 -0.05875445806639476 -0.23497570464415934 0.44642660022353936 -0.6963106238227913 -0.3630925386588163 -0.028817494560893928 -0.26373071459733644 -0.86479245834222129 -0.49729754598524389 1.0152913959681018 1.0000000180025095e-35 -0.76455353581254815
decision_type=2 2 2 2 2 2 2 2 2 2 2 2 2 2 2 2 2 2 2 2 2 2 2 2 2 2 2 2 2 2
left_child=1 2 9 5 22 6 7 19 23 11 -7 -1 -11 -14 15 -3 17 18 24 -4 -21 -22 -5 -9 -16 26 -15 28 29 -20
right_child=-2 14 3 4 -6 10 -8 8 -10 12 -12 -13 13 25 16 -17 -18 -19 27 20 21 -23 -24 -25 -26 -27 -28 -29 -30 -31
leaf_value=-0.00054881681198956157 0.00018275710300604518 -0.0001806314663331192 -0.008318255212794565 -0.002932764437248824 -0.0063483211874600619 0.0104151169025378 -0.0029424068251078348 -0.02066595906051933 0.00034509141662643664 0.00043101396523892855 -0.0025375480996134058 0.0046595317777093064 -0.00092891982655427321 -0.0065782998731825498 0.023150823258846584 -0.022927066814657806 0.00078374684033397318 -0.0089935456486180034 0.02023068002063334 -0.010833974422394546 -0.051373104570323937 -0.015904817794118141 0.0033327985084558955 -0.0057763797033618652 0.0087114857113009658 -0.0032888257677937136 -0.022760181010900334 -0.0044808978403495904 -0.00061549518039885045 0.0046735307746653357
leaf_weight=812 53681 8863 158 424 359 90 893 111 257 5170 1077 1045 3798 125 72 37 3115 78 102 87 34 59 883 92 179 864 56 108 167 148
leaf_count=812 53681 8863 158 424 359 90 893 111 257 5170 1077 1045 3798 125 72 37 3115 78 102 87 34 59 883 92 179 864 56 108 167 148
internal_value=7.08849e-13 -0.000335256 -0.000884221 -0.00280314 -0.000347946 -0.00423433 -0.0060947 -0.00962227 -0.00594926 -0.000152867 -0.00153863 0.00238211 -0.000623 -0.00174818 0.00036408 -0.000275195 0.00179758 0.00549556 0.00695194 -0.014621 -0.0201535 -0.0288717 0.00130021 -0.013918 0.0128534 -0.00472574 -0.0115848 0.00413045 0.00636073 0.0110208
internal_weight=82944 29263 16394 4524 1666 2858 1691 798 460 11870 1167 1857 10013 4843 12869 8900 3969 854 776 338 180 93 1307 203 251 1045 181 525 417 250
internal_count=82944 29263 16394 4524 1666 2858 1691 798 460 11870 1167 1857 10013 4843 12869 8900 3969 854 776 338 180 93 1307 203 251 1045 181 525 417 250
is_linear=0
shrinkage=0.05


Tree=158
num_leaves=31
num_cat=0
split_feature=156 1 3 1 3 5 162 5 4 1 5 1 4 4 2 4 157 5 5 2 161 2 3 4 162 2 4 161 2 10
split_gain=2.01751 6.35029 7.59252 5.05216 3.81203 9.61148 10.7945 17.0804 23.809 13.987 10.0206 9.19738 9.02136 9.78985 13.1967 13.1413 35.7958 14.4725 19.2899 15.877 8.87635 8.20144 7.39263 18.9347 7.13851 7.02785 6.88727 6.24043 6.17244 6.07574
threshold=-0.50537016327236373 2.0425026073378794 2.0815005419015642 0.73094927408788057 -0.17998464794093758 -0.24472827403652589 -1.0444659357341868 -0.85925218225391875 -0.81793260411589741 -0.92055808308115339 -1.0414542967589189 0.52972576445151198 0.45707998465300176 -1.3952967952565312 -0.29988855771064898 -0.89010312800847657 -0.081021797575027532 -1.3494002584222959 -1.2543280627517379 -0.028444894307553602 -0.76213734878580341 -0.99077352187755474 -1.5868423785307451 -0.19245473038021099 -1.0444659357341868 -0.31961012824822166 -0.81793260411589741 1.0801555850340541 0.39009691172711686 0.04438041532537941
decision_type=2 2 2 2 2 2 2 2 2 2 2 2 2 2 2 2 2 2 2 2 2 2 2 2 2 2 2 2 2 2
left_child=1 2 -1 -4 5 6 9 12 -9 29 22 24 13 14 -8 16 17 -15 19 -19 -10 -14 23 -11 26 -20 -7 -25 -23 -2
right_child=4 -3 3 -5 -6 11 7 8 20 10 -12 -13 21 15 -16 -17 -18 18 25 -21 -22 28 -24 27 -26 -27 -28 -29 -30 -31
leaf_value=-0.00032176925889718875 -0.040246976325006199 -0.025491268184036017 -0.0074824693657103043 0.020434191089302209 -0.00020417737917693366 0.014601724367471267 -0.0039019557154146064 -0.0066409860740097512 0.0061480644510649085 0.021400073978530113 0.0010262353605565871 0.025667572354099583 0.015342424580151039 -0.0024783475375734273 0.011359061194356359 0.0024275132711693752 -0.00089077241519743087 0.040962195580703506 0.014131731448479241 0.0083428978597602024 -0.00046755114989353126 -0.00019573782538862919 -0.0056367761625930705 -0.0022804427398590461 0.0016676522752776049 -0.014153389810867931 0.0030610835603544972 -0.033831946432590486 -0.017408807423703796 -0.010737545634431111
leaf_weight=33203 33 25 21 71 26689 216 803 1612 619 86 1441 42 84 100 172 2909 599 132 486 52 2803 3004 1577 42 5663 23 322 25 53 37
leaf_count=33203 33 25 21 71 26689 216 803 1612 619 86 1441 42 84 100 172 2909 599 132 486 52 2803 3004 1577 42 5663 23 322 25 53 37
internal_value=2.2178e-13 -0.000300939 -0.000282025 0.0140619 0.000202065 0.000674802 4.8825e-05 0.00067296 -0.00163094 -0.0025415 -0.00205347 0.00234849 0.00205087 0.00331388 -0.00120976 0.00433935 0.00833472 0.0153033 0.0178692 0.0317437 0.000729137 -7.06461e-05 -0.00461871 0.0058747 0.00219054 0.0128536 0.0076945 -0.0140534 -0.000494165 -0.0246491
internal_weight=82944 33320 33295 92 49624 22935 16692 13451 5034 3241 3171 6243 8417 5276 975 4301 1392 793 693 184 3422 3141 1730 153 6201 509 538 67 3057 70
internal_count=82944 33320 33295 92 49624 22935 16692 13451 5034 3241 3171 6243 8417 5276 975 4301 1392 793 693 184 3422 3141 1730 153 6201 509 538 67 3057 70
is_linear=0
shrinkage=0.05


Tree=159
num_leaves=31
num_cat=0
split_feature=32 132 123 42 2 42 32 29 81 49 3 124 2 129 20 26 47 115 10 112 42 61 152 100 111 70 147 72 4 103
split_gain=1.96165 4.13469 4.10213 3.95161 4.4833 6.21301 9.9928 7.84793 7.62403 7.07793 10.5035 9.684 15.1304 16.9982 26.9455 8.92075 7.09422 6.83442 9.294 10.7276 6.7127 8.81648 6.21187 7.3586 5.47196 5.92604 5.71759 5.46512 5.02431 6.38503
threshold=0.018581345154599461 0.26692343714525152 3.0655388603180627 -1.1541504259845936 0.55865729442855694 -0.15858146172348778 -0.057912958594626696 -0.10900499186086318 -0.031282216240445061 -0.014213615883097516 4.0676475521031596 0.0059677823133895335 1.1451585094059384 0.034409016188726493 0.021347360714901908 -0.074226155510976277 0.08121186871667703 0.0036880424245815439 -0.16555672037505564 -0.16056954542432234 -0.18502301265283608 0.009122125083870768 0.027959218056667814 -0.02812019924801943 1.1616721663882532 -0.16068924893574418 0.22519646658528281 -0.83338973698280483 -1.6358652082317953 0.053564825416884197
decision_type=2 2 2 2 2 2 2 2 2 2 2 2 2 2 2 2 2 2 2 2 2 2 2 2 2 2 2 2 2 2
left_child=1 2 3 -1 -5 6 -6 17 -8 11 24 -9 22 15 16 -14 -15 18 19 -7 -10 -22 -13 -24 25 26 -11 -19 29 -27
right_child=-2 -3 -4 4 5 7 8 9 20 10 -12 12 13 14 -16 -17 -18 27 -20 -21 21 -23 23 -25 -26 28 -28 -29 -30 -31
leaf_value=0.0020863784528503708 -0.0002822821357773887 0.0010416745422314598 -0.0068737992098008502 -0.00045575798517636268 0.00025517907913662473 -0.0077186170909831781 0.011306154347855498 0.0019840214782260697 -0.0090389201809427649 0.0045354561788869896 0.026723922827155688 0.0086525329623646282 0.031530012019793503 0.079003166079521181 0.01148603410049995 0.0062409069904413843 0.040525463057438968 -0.011585532687193549 -0.001107795355268396 -0.034663106128573422 -0.050437498912215231 -0.0099197214738273171 0.0015138175699472328 -0.02017880959506586 -0.023693059668268845 0.030004276816422745 0.023911144427509738 0.001542571468918506 -0.00047501778401871567 0.0033314286596455682
leaf_weight=2116 35330 11363 219 26083 954 134 37 1187 224 221 39 177 40 25 67 272 23 85 325 51 25 29 149 53 23 30 46 1177 2351 89
leaf_count=2116 35330 11363 219 26083 954 134 37 1187 224 221 39 177 40 25 67 272 23 85 325 51 25 29 149 53 23 30 46 1177 2351 89
internal_value=-3.23656e-12 0.000209456 -5.1406e-05 -9.94e-06 -0.000140728 0.000908286 -0.00229437 0.00152745 -0.0100159 0.00257877 0.00095727 0.00485603 0.00908565 0.0155397 0.0319716 0.0094831 0.0605659 -0.00131564 -0.00620029 -0.0151466 -0.0128537 -0.028678 0.0018142 -0.00417781 0.000593176 0.000797262 0.00787359 0.000658349 3.23314e-05 0.0100557
internal_weight=82944 47614 36251 36032 33916 7833 1269 6564 315 4792 2799 1993 806 427 115 312 48 1772 510 185 278 54 379 202 2760 2737 267 1262 2470 119
internal_count=82944 47614 36251 36032 33916 7833 1269 6564 315 4792 2799 1993 806 427 115 312 48 1772 510 185 278 54 379 202 2760 2737 267 1262 2470 119
is_linear=0
shrinkage=0.05


Tree=160
num_leaves=31
num_cat=0
split_feature=98 81 58 148 162 24 128 92 147 2 26 127 58 54 142 67 62 128 158 4 113 146 2 76 21 58 157 0 61 3
split_gain=1.97645 3.3349 3.74036 3.27141 3.31482 3.21434 2.68624 4.52989 5.91834 4.97357 5.88055 4.81736 4.3497 5.09129 4.60931 5.52335 4.58682 4.74999 4.84954 5.51376 5.33913 6.88237 5.03693 4.48925 4.62829 4.4186 18.2474 10.631 8.41012 9.29666
threshold=-1.5528902811176322 1.3233825717261165 0.68882194844539602 -0.61809210669386705 0.34815531191139576 0.0058819006954718847 0.028448224007386346 -0.71381482684241016 1.4343667818869308 0.4261883985325659 1.3666833555308131 -1.4015985962498478 0.049239129397239914 -0.073067558933686924 -0.01262541731272116 1.2367610123545532 -0.23775044952461752 2.133240363325537 1.0000000180025095e-35 0.12028420648763201 1.0670167383491258 -0.65116016939111765 3.6149727007184684 -1.2321693917510432 0.24341999622506391 0.11680474301188157 -0.17427846833409141 -1.0225665607399292 -0.094656140758960242 -0.11102647248216826
decision_type=2 2 2 2 2 2 2 2 2 2 2 2 2 2 2 2 2 2 2 2 2 2 2 2 2 2 2 2 2 2
left_child=1 5 -3 4 -4 -1 -2 8 9 -8 11 -11 13 14 -9 -16 -14 18 22 25 23 -22 -18 -21 -25 26 28 -28 29 -20
right_child=6 2 3 -5 -6 -7 7 12 -10 10 -12 -13 16 -15 15 -17 17 -19 19 20 21 -23 -24 24 -26 -27 27 -29 -30 -31
leaf_value=7.1967109665387093e-05 0.00020929431013211845 0.00071116653468228808 -0.015748446100943649 0.00038790342702945372 -0.002296284552778468 0.0029994407481025421 -0.0017479725237261445 0.00011640036633285551 0.002108628546692914 -0.02405722027178854 0.012347912871719977 -0.0066182389286553083 0.00059793226926058369 -0.00025562970284879338 0.002270095632607049 0.010186681617687245 -0.0029576326237861156 0.0042340062962682437 6.3037027068661934e-06 0.0055775574037659481 0.029391919755665907 -0.00027411440367965649 -0.024638400171641952 -0.0046801083481267068 0.0023528808548216791 -0.00059401661127800873 0.041972727694859109 0.010586672617663776 0.00066912377274742799 -0.038125348331466802
leaf_weight=1753 42574 518 113 115 77 2016 4369 2939 887 43 38 501 3965 10822 2967 238 3428 354 33 139 29 60 27 1710 271 2069 30 268 560 31
leaf_count=1753 42574 518 113 115 77 2016 4369 2939 887 43 38 501 3965 10822 2967 238 3428 354 33 139 29 60 27 1710 271 2069 30 268 560 31
internal_value=-1.15721e-13 0.0010082 -0.00187533 -0.00626813 -0.0102968 0.00163784 -5.90877e-05 -0.000378449 -0.00165254 -0.00232637 -0.00666835 -0.00799669 -0.000130014 0.000396999 0.00154653 0.00285797 -0.000819184 -0.00144288 -0.00167507 -0.000710333 -0.00260487 0.00939235 -0.00312706 -0.00310853 -0.003718 0.000688874 0.00356772 0.0137463 -0.00129322 -0.0184637
internal_weight=82944 4592 823 305 190 3769 78352 35778 5838 4951 582 544 29940 16966 6144 3205 12974 9009 8655 5200 2209 89 3455 2120 1981 2991 922 298 624 64
internal_count=82944 4592 823 305 190 3769 78352 35778 5838 4951 582 544 29940 16966 6144 3205 12974 9009 8655 5200 2209 89 3455 2120 1981 2991 922 298 624 64
is_linear=0
shrinkage=0.05


Tree=161
num_leaves=31
num_cat=0
split_feature=91 31 145 94 158 162 39 23 0 131 16 131 32 149 8 50 5 128 20 162 83 70 112 154 62 2 2 2 6 68
split_gain=1.97685 2.99601 2.79144 2.47632 3.10395 4.35389 2.82815 3.26866 5.95066 3.87899 3.08127 2.96203 4.85746 5.25879 7.60608 7.54968 5.38225 8.45381 5.72588 6.04521 6.57415 5.08662 4.90836 4.8439 5.89468 5.35465 4.5847 4.3953 4.965 4.51294
threshold=1.9202150174571395 0.27775684626198688 -2.0664775592057896 -0.86480176190266089 1.0152913959681018 -0.6963106238227913 -1.4605434760653195 2.2048998676842824 -0.8400319538660298 -0.85994332782380944 -0.17401118042537914 -0.0055860694485665536 -0.050239966754081829 -0.019128457685031009 0.084918307139168855 1.8791811428753611 1.3068553720383922 0.015351906073445712 -0.048026418835364341 -0.34815531191139565 -0.015685103315345342 -1.9576893464872656 -0.043983575308427621 0.099669218091180053 -0.27376027514254758 1.3094201532095648 2.4135676480513859 0.44642660022353936 -0.12891949265976152 0.003358842763289314
decision_type=2 2 2 2 2 2 2 2 2 2 2 2 2 2 2 2 2 2 2 2 2 2 2 2 2 2 2 2 2 2
left_child=3 -2 -3 4 5 -1 7 9 -9 -5 -11 12 -8 14 16 22 21 18 -18 20 -20 -14 26 -19 -25 -26 -16 -24 29 -29
right_child=1 2 -4 6 -6 -7 11 8 -10 10 -12 -13 13 -15 15 -17 17 23 19 -21 -22 -23 27 24 25 -27 -28 28 -30 -31
leaf_value=0.0031791043478642286 0.00016017173062092229 -0.013493826325764761 -0.0026685932443476362 0.00093209570874857272 -0.00096730919472767904 0.00053572342176257364 0.00042926750607171497 0.026714919055146832 0.0008239265464661887 -0.00055555943732305034 -0.0042026324752632562 0.00031707921501884502 0.0091822474254187568 -0.0015361309721336257 0.00031496829679927233 -0.017791856868037335 0.0020609161595348271 -0.0015703328729651817 0.015864516127233705 0.012090955765966277 0.052500868968665605 0.00039952614279100155 -0.0019591337906629518 -0.00024002679041586818 0.0025480185296265006 0.033269808013495564 0.017720056984287042 -0.023985475365464626 -0.0033972572986385786 -0.0047585542017009623
leaf_weight=2076 1441 63 1088 973 2072 6240 12000 28 107 941 1506 36028 173 11266 1267 72 60 292 24 77 25 3503 1148 65 23 37 39 76 183 51
leaf_count=2076 1441 63 1088 973 2072 6240 12000 28 107 941 1506 36028 173 11266 1267 72 60 292 24 77 25 3503 1148 65 23 37 39 76 183 51
internal_value=-1.53891e-12 -0.00135908 -0.00326111 4.38413e-05 0.000764196 0.00119562 -6.31144e-05 -0.00143709 0.00619391 -0.00173831 -0.00280014 1.04369e-05 -0.000353202 -0.000864036 0.000200171 -0.00180791 0.00153107 0.00590941 0.0147738 0.0208276 0.0345565 0.000812859 -0.00139154 0.00195551 0.0101919 0.0214931 0.000834722 -0.00338571 -0.00866865 -0.0162644
internal_weight=82944 2592 1151 80352 10388 8316 69964 3555 135 3420 2447 66409 30381 18381 7115 2836 4279 603 186 126 49 3676 2764 417 125 60 1306 1458 310 127
internal_count=82944 2592 1151 80352 10388 8316 69964 3555 135 3420 2447 66409 30381 18381 7115 2836 4279 603 186 126 49 3676 2764 417 125 60 1306 1458 310 127
is_linear=0
shrinkage=0.05


Tree=162
num_leaves=31
num_cat=0
split_feature=1 3 162 0 161 5 149 156 5 3 11 58 3 0 0 0 4 3 157 1 5 4 157 0 1 5 0 23 66 3
split_gain=1.90052 7.02768 10.7931 10.4165 6.66329 7.23739 6.22455 6.17768 14.5322 10.7103 9.00807 6.06631 6.46168 5.18973 4.81158 13.3741 15.6522 13.6914 11.994 9.25553 5.67692 5.52051 5.26825 4.83931 4.81077 5.87074 4.76571 4.71589 4.3948 4.1652
threshold=-0.51556909891384373 -0.8871165522654253 0.69631062382279152 0.43545882703492728 -0.76213734878580341 1.3068553720383922 0.047473240903656497 1.7077461606554207 -1.157767925009791 -0.99388104523293674 0.014107904603302268 0.033003946095566734 -0.12069586471839906 0.38041459796964644 0.23739498092371586 0.13141699629314629 -0.81793260411589741 -1.357532159385495 -0.67395931651051355 -0.74634499556064215 -1.3937669968156989 0.33679577816536965 -0.67395931651051355 0.27154823262650846 -0.80798933623731084 -1.366818105386737 -0.17368238397676158 0.76773323596722387 0.24775955614857534 -1.2282283594608399
decision_type=2 2 2 2 2 2 2 2 2 2 2 2 2 2 2 2 2 2 2 2 2 2 2 2 2 2 2 2 2 2
left_child=4 2 -2 -4 5 14 -7 -6 10 -10 11 12 -9 -11 15 16 18 -18 20 29 -1 -17 -23 -21 25 -19 -20 -26 -29 -16
right_child=1 -3 3 -5 7 6 -8 8 9 13 -12 -13 -14 -15 19 21 17 24 26 23 -22 22 -24 -25 27 -27 -28 28 -30 -31
leaf_value=0.036023129055660873 -0.0015284017085859909 -7.7689480061942585e-05 -0.0084971259514068122 -0.03660194654520111 -0.00014583095341474408 0.026573050830996148 -0.0044874532796118569 0.057733848512172704 0.014030633218012246 0.0048161143206942938 0.0045114196939011145 0.013635378645267338 0.021784769084304573 -0.0047650928811015306 0.035499090070370588 -0.0096439341430837513 0.041266488321568984 -0.0054229533509943285 0.012226456965975187 0.012179538312372177 0.014143727221692513 -0.0094883351913583238 0.0050363894966552799 0.001256895527382661 -0.0019989539299289883 0.0070381361322606126 -0.0061924268023836535 -0.0016777698915424967 0.010356906474871884 0.011573045943175625
leaf_weight=63 1332 51384 249 38 24538 54 23 25 133 212 73 40 25 424 20 369 21 118 81 114 56 98 172 918 1320 475 62 139 167 201
leaf_count=63 1332 51384 249 38 24538 54 23 25 133 212 73 40 25 424 20 369 21 118 81 114 56 98 172 918 1320 475 62 139 167 201
internal_value=-2.11894e-13 -0.000179886 -0.0034234 -0.0122183 0.000318442 0.00209874 0.0172952 5.92875e-06 0.00400151 0.00112704 0.0175627 0.0281487 0.0397593 -0.00157136 0.00183244 0.00078742 0.00243625 0.00108374 0.0139997 0.00445208 0.0257269 -0.00566856 -0.000235548 0.00246347 0.000703461 0.00455853 0.00424065 -0.000702476 0.00489017 0.0137383
internal_weight=82944 53003 1619 287 29941 4471 77 25470 932 769 163 90 50 636 4394 3141 2502 2240 262 1253 119 639 270 1032 2219 593 143 1626 306 221
internal_count=82944 53003 1619 287 29941 4471 77 25470 932 769 163 90 50 636 4394 3141 2502 2240 262 1253 119 639 270 1032 2219 593 143 1626 306 221
is_linear=0
shrinkage=0.05


Tree=163
num_leaves=31
num_cat=0
split_feature=147 128 1 2 61 3 22 104 89 118 158 1 3 4 151 158 2 68 145 51 51 26 114 113 140 130 20 29 0 89
split_gain=1.88651 3.01661 5.48475 5.06814 4.83105 5.23906 4.69585 4.62054 4.64838 5.31452 4.36511 4.21376 4.80175 4.19461 7.64988 7.91051 4.12266 3.99523 3.95198 3.86257 3.72063 3.70879 3.45479 3.3736 3.18976 3.2681 3.06914 3.23265 2.97856 2.96342
threshold=-0.25189907124374883 0.039207896663480728 1.0000000180025095e-35 -0.42611546133802514 0.0041526166734081717 0.24949220878619119 -0.054339626549682239 0.68634524667037 1.02780997498363 0.080751293298611984 1.0000000180025095e-35 4.380683246825634 3.3794542420997229 1.3471831126614788 -0.04590640491340043 1.0000000180025095e-35 1.1103173439123635 -1.4536178883154365 0.18238882511083096 -0.16516764385224073 -0.10694870017625066 0.21285157261773469 0.50956606402176019 -0.28305017310802683 0.38613987584096837 0.19881869386196008 -2.024357673218097 1.9370849787269184 -0.57248596319477374 0.91879136334354505
decision_type=2 2 2 2 2 2 2 2 2 2 2 2 2 2 2 2 2 2 2 2 2 2 2 2 2 2 2 2 2 2
left_child=1 4 21 -4 5 -1 13 8 9 17 23 12 19 -6 -15 -16 20 -7 -18 22 -8 24 -5 -11 25 -3 -21 28 -28 -27
right_child=-2 2 3 11 6 7 16 -9 -10 10 -12 -13 -14 14 15 -17 18 -19 -20 26 -22 -23 -24 -25 -26 29 27 -29 -30 -31
leaf_value=0.00098505129046116101 -0.00014898634272752598 0.0037976418802278481 -0.025414316550545071 -0.001415526317096753 0.00056882670643669075 0.028347109296712383 -0.0034564445386452316 -0.00085910513781371929 0.0004315938749957992 0.023237856866255631 -0.0011384595999097587 -0.017580994759641946 0.017050141617929674 0.00074349345585212516 0.00028603312374023653 0.024595649964281954 -0.016714718782376233 0.0093191618982384934 -0.0024482894717062745 -0.015745346936697994 0.00034509545460824793 -0.00078891928782858336 0.0045626941097328781 0.0057847700911563237 -0.00029591301103505419 -0.0012431902058568469 -0.0089814981133414049 -0.013705586562708103 -0.0018353486513220715 0.0057829034122990767
leaf_weight=4674 59656 1731 23 771 2832 29 1005 362 345 33 263 42 34 243 54 88 84 566 115 48 1790 3274 352 172 1637 760 161 67 1546 187
leaf_count=4674 59656 1731 23 771 2832 29 1005 362 345 33 263 42 34 243 54 88 84 566 115 48 1790 3274 352 172 1637 760 161 67 1546 187
internal_value=-2.68413e-12 0.000381653 -0.000239169 -0.00203221 0.00090328 0.00186238 -9.17962e-05 0.00417911 0.00547445 0.00711113 0.00312482 -0.00185419 -0.00163247 0.00123452 0.00613125 0.0153511 -0.0015169 0.0102466 -0.0084703 -0.00184816 -0.00102183 0.000480032 0.000458324 0.00859429 0.00144285 0.00250571 -0.00326977 -0.00293221 -0.00250936 0.000144222
internal_weight=82944 23288 10633 3044 12655 6444 6211 1770 1408 1063 468 3021 2979 3217 385 142 2994 595 199 2945 2795 7589 1123 205 4315 2678 1822 1774 1707 947
internal_count=82944 23288 10633 3044 12655 6444 6211 1770 1408 1063 468 3021 2979 3217 385 142 2994 595 199 2945 2795 7589 1123 205 4315 2678 1822 1774 1707 947
is_linear=0
shrinkage=0.05


Tree=164
num_leaves=31
num_cat=0
split_feature=121 157 94 65 44 107 64 58 156 113 33 8 146 5 122 83 130 68 110 143 123 109 25 130 65 3 32 24 149 42
split_gain=1.87625 2.46338 2.95941 2.34253 2.0563 3.81494 4.17654 3.72578 5.16926 5.80413 3.81844 4.01434 3.80513 5.06492 4.59188 4.11919 4.06234 3.64657 4.62172 3.94443 3.75314 3.67492 4.90137 5.43488 4.9983 4.89122 8.29294 5.80467 6.1815 5.38097
threshold=-2.5158313168836002 -0.90839521789623068 1.0679193892260841 -2.5396704609107394 0.23825607878872787 0.14364933611279859 0.93626935016198376 0.14675250647411428 -1.0580783826687084 2.8059665964664471 0.03692237853693088 -0.023911210263777873 -0.38307626895845287 0.42390874111036964 -0.34407139790305258 0.9495760305155857 -0.83017565455912956 0.12164183011049408 -0.73434415244003981 0.16867880565175222 -2.5357843696639093 -0.637517054480501 0.4250432535457172 -0.08020325223834518 0.37443955706127746 -0.061447136000536952 0.32343899656422892 0.11130161169728374 0.17141538064968551 0.1100850330310051
decision_type=2 2 2 2 2 2 2 2 2 2 2 2 2 2 2 2 2 2 2 2 2 2 2 2 2 2 2 2 2 2
left_child=1 -1 3 -3 5 -2 7 8 9 10 11 -7 13 -10 -15 -14 -16 19 -19 20 -6 -20 25 24 -24 -23 27 28 29 -27
right_child=4 2 -4 -5 17 6 -8 -9 12 -11 -12 -13 15 14 16 -17 -18 18 21 -21 -22 22 23 -25 -26 26 -28 -29 -30 -31
leaf_value=-0.0042988302461125357 -0.00013186800372896374 0.015532352218992615 -0.00267569735365214 0.0029219275441047976 -0.0067049493966475845 1.1134979992272545e-05 -0.0011340028774129106 3.8666389748407764e-06 0.0020229147603096193 -0.02783104586304121 0.0024323435601284519 -0.0089032984230706987 0.0019384668476218267 0.00028895539212605735 0.0010746887007813451 -0.0018705218827705383 0.010609189695956533 0.00071374649022618681 0.0002148296119174714 -0.00085342305046993928 0.0011130094891732246 -0.002015693867450403 -0.0049458892027890722 0.0021767552328061505 0.0025883123398730413 -0.0048705873483207672 -0.01246781586517803 0.0010955035452289454 -0.00066809867536881111 -0.016473682141904696
leaf_weight=156 40968 38 248 1193 157 273 2465 5038 1585 21 397 235 4901 213 140 830 553 2717 2005 5419 6914 2854 778 1097 307 212 336 424 281 189
leaf_count=156 40968 38 248 1193 157 273 2465 5038 1585 21 397 235 4901 213 140 830 553 2717 2005 5419 6914 2854 778 1097 307 212 336 424 281 189
internal_value=-3.27303e-13 0.001677 0.00230731 0.0033112 -3.3722e-05 0.000127507 0.000765673 0.00109577 0.0016971 -0.00184454 -0.00124154 -0.00411267 0.00209597 0.0037275 0.00670959 0.00138682 0.00868303 -0.000425865 -0.00108096 0.000161567 0.000939424 -0.00165578 -0.00223475 -0.000304945 -0.00281409 -0.00321492 -0.00558843 -0.00349849 -0.00635458 -0.0103394
internal_weight=82944 1635 1479 1231 81309 57619 16651 14186 9148 926 905 508 8222 2491 906 5731 693 23690 11200 12490 7071 8483 6478 2182 1085 4296 1442 1106 682 401
internal_count=82944 1635 1479 1231 81309 57619 16651 14186 9148 926 905 508 8222 2491 906 5731 693 23690 11200 12490 7071 8483 6478 2182 1085 4296 1442 1106 682 401
is_linear=0
shrinkage=0.05


Tree=165
num_leaves=31
num_cat=0
split_feature=14 77 73 136 0 112 68 117 111 99 156 31 31 0 119 152 68 1 92 4 5 162 11 4 0 156 151 37 23 28
split_gain=1.82951 2.95909 2.84005 2.60101 3.24888 4.35722 3.50725 3.24691 3.808 3.27731 5.71637 14.2064 6.59591 3.4551 3.37306 3.17214 4.10803 4.63477 3.07775 5.32338 7.48144 12.2428 17.4162 19.8406 11.8509 10.7511 10.4465 14.2975 11.6424 10.4399
threshold=-1.4757773432319463 0.36657882151457111 -0.89394339794949318 -0.68669627406163281 -1.5387088160038049 -0.047955051652633397 1.4113581294959787 -0.44312468001453781 -0.93697040883903282 1.3689534790750475 -1.0580783826687084 -1.0736050252885907 -2.3992567867682717 0.79330981145966029 -0.5381153170083105 0.90075943869251274 1.584258505731573 0.3404059289036262 -0.11432168625881524 -0.28868209557031649 1.3494002584222962 1.0000000180025095e-35 0.081727471177916095 1.0000000180025095e-35 2.4153235705169318 -0.89145085320713391 0.072093000832470472 -0.094827052403030063 -0.020391638862918587 0.13233451614567585
decision_type=2 2 2 2 2 2 2 2 2 2 2 2 2 2 2 2 2 2 2 2 2 2 2 2 2 2 2 2 2 2
left_child=1 2 -1 15 5 -5 -7 8 -6 14 11 -11 -12 -14 -10 16 -2 -18 -9 -20 24 22 23 -22 -21 -23 27 -25 -29 -27
right_child=3 -3 -4 4 7 6 -8 18 9 10 12 -13 13 -15 -16 -17 17 -19 19 20 21 25 -24 26 -26 29 -28 28 -30 -31
leaf_value=0.0049284461813680833 -0.00081252988731320792 -0.00059534351201812941 0.0011248475893475957 -0.0038866308699425076 -0.0012320924919093151 0.0013253340335512001 -0.0065957074359539545 -0.00064468411547599982 -0.00075763239393585719 0.051931512832691498 -0.024282601217485288 0.005335589328692672 0.0023877404702556731 0.012350624478446108 0.0015762479365804376 0.00093185600652578035 -0.0034595844050577585 -0.018958881252910943 0.00086977503919242062 -0.00061450596262958433 0.026131351339162896 0.0044665410566010122 -0.0021817276927413127 0.049798109017312527 -0.02720435606537476 -0.0091723265477158863 0.00081533433838795527 -0.0026708879322717783 0.019475991060691221 0.0031561433612163829
leaf_weight=592 8280 2124 2870 1197 1741 1104 160 14888 2083 21 22 74 846 97 6029 2234 889 51 16718 18383 157 502 441 25 42 502 368 103 140 261
leaf_count=592 8280 2124 2870 1197 1741 1104 160 14888 2083 21 22 74 846 97 6029 2234 889 51 16718 18383 157 502 441 25 42 502 368 103 140 261
internal_value=-1.14576e-12 0.000873871 0.00177526 -6.3102e-05 5.7766e-05 -0.00172468 0.000322671 0.000126908 0.000911683 0.00131861 0.00393322 0.0156357 0.00278116 0.00341255 0.000976954 -0.000758552 -0.00116814 -0.0043005 -3.61268e-05 0.000204567 -0.000326925 0.00224028 0.00578364 0.0102133 -0.000675118 -0.00121625 0.00628386 0.0137929 0.0100886 -0.00495512
internal_weight=82944 5586 3462 77358 65904 2461 1264 63443 10913 9172 1060 95 965 943 8112 11454 9220 940 52530 37642 20924 2499 1234 793 18425 1265 636 268 243 763
internal_count=82944 5586 3462 77358 65904 2461 1264 63443 10913 9172 1060 95 965 943 8112 11454 9220 940 52530 37642 20924 2499 1234 793 18425 1265 636 268 243 763
is_linear=0
shrinkage=0.05


Tree=166
num_leaves=31
num_cat=0
split_feature=4 158 3 0 5 156 4 5 3 3 0 156 2 36 2 4 4 0 0 157 92 131 114 2 5 4 158 5 2 0
split_gain=1.84299 5.15373 7.59449 10.6733 6.75413 15.5981 14.6213 10.2103 8.5703 7.24987 9.14516 7.84545 7.26445 6.4441 5.41665 4.85939 4.684 8.42274 11.1878 7.13778 5.91593 4.07576 4.02108 4.25534 11.0242 6.33239 8.47155 8.00906 7.15188 6.00669
threshold=-1.1787852235787935 0.37100531152934357 -0.33574572162744959 -0.98494078325700551 0.9074519576230029 1.0000000180025095e-35 -1.275012588768899 1.3816171070226451 2.8203810515138259 0.39535093586004361 0.97292088188033643 -0.89145085320713391 1.5465420234017764 0.0058043822886025944 -0.028444894307553602 -1.3231262713639518 -1.4193536365540573 -0.79578844366785439 1.019360935708894 -0.17427846833409141 -0.71381482684241016 0.61389914301965709 -2.1756763679692828 -0.56561953865075776 -1.3068553720383915 -1.3471831126614784 -1.7404918888865692 0.65128935879489425 0.64459424129650122 0.041510661571182668
decision_type=2 2 2 2 2 2 2 2 2 2 2 2 2 2 2 2 2 2 2 2 2 2 2 2 2 2 2 2 2 2
left_child=1 4 16 -4 22 9 8 -8 -7 11 13 14 -12 -11 15 -6 17 -3 -19 -18 -21 -22 -1 24 29 26 -25 -27 -28 -24
right_child=-2 2 3 -5 5 6 7 -9 -10 10 12 -13 -14 -15 -16 -17 19 18 -20 20 21 -23 23 25 -26 27 28 -29 -30 -31
leaf_value=-0.0085186856015740577 0.00010273837968821273 0.0023718217602654761 -0.014539796693448313 0.0031730601295202015 0.0020496428508754347 -0.00850396608350165 -0.026971475797233316 -0.00079226365871727471 0.0020017037116129822 0.0079749480125028641 0.0048072422709181514 -0.010955163426115178 -0.015817881224987406 0.028512606291439049 -0.0053568917119938067 0.018436304715208032 -0.00094531573178688571 -0.0069249820840496627 0.010939827422468323 -0.0059631448724857452 0.014844052802072839 -0.0089224460674449807 0.015910816797986626 0.011066952162159971 -0.00017620780204660405 -4.9808418639324793e-05 0.00061275662005687423 -0.013011327616818322 0.014873681850581161 -0.0097529451680425719
leaf_weight=150 69700 516 88 2535 255 623 146 50 282 125 148 198 60 55 216 55 810 1006 96 55 184 20 24 261 2425 552 1608 152 93 456
leaf_count=150 69700 516 88 2535 255 623 146 50 282 125 148 198 60 55 216 55 810 1006 96 55 184 20 24 261 2425 552 1608 152 93 456
internal_value=-2.41133e-12 -0.000540688 0.000664959 0.0025788 -0.00134759 -0.00369319 -0.00791184 -0.0202931 -0.00523038 0.000483728 0.00599861 -0.00247176 -0.00114231 0.0142503 0.00072161 0.00495695 -0.0012033 -0.00290015 -0.0053687 0.00136499 0.00859029 0.012514 -0.000440267 -0.000222754 -0.00154657 0.00121974 0.00267943 -0.00284832 0.00139245 -0.00846976
internal_weight=82944 13244 5310 2623 7934 2213 1101 196 905 1112 388 724 208 180 526 310 2687 1618 1102 1069 259 204 5721 5571 2905 2666 1962 704 1701 480
internal_count=82944 13244 5310 2623 7934 2213 1101 196 905 1112 388 724 208 180 526 310 2687 1618 1102 1069 259 204 5721 5571 2905 2666 1962 704 1701 480
is_linear=0
shrinkage=0.05


Tree=167
num_leaves=31
num_cat=0
split_feature=13 144 8 120 84 3 2 98 3 2 157 121 42 22 159 102 100 138 99 160 142 113 97 4 40 5 0 3 2 157
split_gain=1.81343 2.08603 3.14514 4.2596 3.22166 3.32482 2.80945 4.529 2.60002 2.45268 4.95848 2.67763 2.05117 3.56104 4.64037 4.17187 4.12121 4.05185 3.92476 4.4568 3.86025 3.8524 4.2305 5.93829 7.89075 6.6225 12.2527 8.71035 11.3169 15.0861
threshold=-2.902699908989586 1.5387789584860632 0.19829769165425731 1.3610499973715677 -2.4189314477584682 -0.10171535485937946 0.9452029766701352 -0.70143415023006239 0.19709210120413043 0.67118978185488876 -0.081021797575027532 0.12043145832422444 -0.75311905091312459 -1.3930331575295256 -1.1551462826685344 -1.2425106085975113 0.4639707787247776 -0.16648010157787299 -0.96631647695460321 1.0000000180025095e-35 -2.7802871879526569 2.0098878019135724 -0.28823498606798542 -0.2646252542727906 0.49577721767168198 1.3668181053867372 2.4153235705169318 3.3794542420997229 1.842404002939982 -0.44226394673368169
decision_type=2 2 2 2 2 2 2 2 2 2 2 2 2 2 2 2 2 2 2 2 2 2 2 2 2 2 2 2 2 2
left_child=-1 12 6 4 5 -4 9 -8 -5 -3 11 -11 -2 14 -14 16 18 -17 19 -15 -16 22 -19 -24 25 26 27 28 -25 -30
right_child=1 2 3 8 -6 -7 7 -9 -10 10 -12 -13 13 15 20 17 -18 21 -20 -21 -22 -23 23 24 -26 -27 -28 -29 29 -31
leaf_value=0.0021369912902692101 0.0006560133369649813 0.00039188748477939181 -0.00341845684312284 -0.011711800008631462 -0.0012128802108245988 -0.024260050800418664 -0.019694398704053706 -0.0014784855732853574 -0.00042188830057185303 -0.011596258979460056 0.030234734181846891 0.013364548027692809 0.001062882724089467 -0.001438836161681704 0.0072215291145708294 0.00086372987682641284 -0.0040163747163397606 -0.0012464813068181391 0.00080484515277898369 -0.010735645007425555 -0.0031576330792928982 0.0029903902545202941 0.00080248916403201592 -0.00081466688114600449 0.0024014043699677554 0.0023230109741396525 -0.019410888210532593 0.016339175940973089 -0.01956608250937121 -0.0029962528861528629
leaf_weight=981 11399 2225 50 181 1900 31 44 152 71 22 21 21 1142 577 93 14016 1199 7674 1796 166 2439 979 15066 16180 2102 1528 91 72 184 542
leaf_count=981 11399 2225 50 181 1900 31 44 152 71 22 21 21 1142 577 93 14016 1199 7674 1796 166 2439 979 15066 16180 2102 1528 91 72 184 542
internal_value=2.44025e-13 -2.55773e-05 -0.00104623 -0.00240808 -0.00162921 -0.0113949 0.000177519 -0.00556777 -0.00853091 0.00066947 0.0103198 0.000593903 3.67626e-05 -7.04397e-05 -0.00158303 1.89455e-05 -0.00160044 0.000122537 -0.00045956 -0.00351592 -0.00277641 -0.000111344 -0.000181249 4.73146e-05 -0.000502348 -0.000830556 -0.00111286 -0.00101478 -0.00108869 -0.00719577
internal_weight=82944 81963 4718 2233 1981 81 2485 196 252 2289 64 43 77245 65846 3674 62172 3738 58434 2539 743 2532 44418 43439 35765 20699 18597 17069 16978 16906 726
internal_count=82944 81963 4718 2233 1981 81 2485 196 252 2289 64 43 77245 65846 3674 62172 3738 58434 2539 743 2532 44418 43439 35765 20699 18597 17069 16978 16906 726
is_linear=0
shrinkage=0.05


Tree=168
num_leaves=31
num_cat=0
split_feature=1 2 161 5 2 156 5 2 3 0 3 162 0 0 0 4 3 157 1 4 4 157 0 1 5 23 74 161 138 153
split_gain=1.76509 11.696 5.92044 6.49193 10.2471 5.4488 13.1776 10.1811 9.59092 4.62088 4.52919 10.0102 9.89263 4.37629 11.9394 14.0448 12.4119 10.9081 8.29576 5.77636 4.96703 5.02319 4.32861 4.27974 5.23462 4.16194 4.05662 4.9847 7.71428 6.84044
threshold=-0.51556909891384373 -0.92765860143702017 -0.76213734878580341 1.3068553720383922 0.028095304697620668 1.7077461606554207 -1.157767925009791 -0.47314681578331247 -0.99388104523293674 0.38041459796964644 -0.95051677070935792 0.69631062382279152 0.43545882703492728 0.23739498092371586 0.13141699629314629 -0.84198944541342391 -1.357532159385495 -0.67395931651051355 -0.74634499556064215 -1.3471831126614784 0.31273893686784326 -0.67395931651051355 0.27154823262650846 -0.80798933623731084 -1.366818105386737 0.76773323596722387 0.079455792216740997 1.0801555850340541 0.033170821987002393 -0.020948203606354701
decision_type=2 2 2 2 2 2 2 2 2 2 2 2 2 2 2 2 2 2 2 2 2 2 2 2 2 2 2 2 2 2
left_child=2 -2 3 13 -5 -4 7 -7 -8 -10 11 26 -13 14 15 17 -17 19 -15 -1 -16 -22 -20 24 -18 -25 27 -3 29 -29
right_child=1 10 5 4 -6 6 8 -9 9 -11 -12 12 -14 18 20 16 23 -19 22 -21 21 -23 -24 25 -26 -27 -28 28 -30 -31
leaf_value=0.0012239907563309231 -0.007592092299802052 -0.0016499167496709596 -0.00013021800791646214 0.033920340994372966 -0.0025874784700824199 0.0089616309408437848 0.013238227114613569 0.036913660294893715 0.0045013073929541583 -0.0045395597644528607 -3.1630464966367343e-05 -0.008627587983819851 -0.039401409731362948 0.013022711924427374 -0.0092321388272038427 0.039288813363583315 -0.0051191321352666436 0.0041424531995443445 0.011537564139743745 0.030257425300015878 -0.0092376819841729681 0.0047367779132883765 0.0012073210028890032 -0.0018665919009098579 0.0066475005841593413 0.0046025338065625995 0.0026554943744514069 -0.0066845223695660635 0.00070563860159988208 -0.042240029741679473
leaf_weight=21 526 414 24538 40 37 118 133 45 212 424 51396 142 32 221 361 21 118 142 114 93 101 177 918 1326 475 306 390 24 48 31
leaf_count=21 526 414 24538 40 37 118 133 45 212 424 51396 142 32 221 361 21 118 142 114 93 101 177 918 1326 475 306 390 24 48 31
internal_value=8.95733e-13 -0.000173358 0.000306887 0.00198502 0.0163776 1.2308e-05 0.00376478 0.0166784 0.00102755 -0.00152594 -9.8997e-05 -0.00330193 -0.0142871 0.0017328 0.000736173 0.00229405 0.00102932 0.0133901 0.00423114 0.0249092 -0.00536369 -0.000340274 0.00234845 0.000668216 0.00430608 -0.000653631 -0.00119451 -0.00409877 -0.0139417 -0.0267249
internal_weight=82944 53003 29941 4471 77 25470 932 163 769 636 52477 1081 174 4394 3141 2502 2246 256 1253 114 639 278 1032 2225 593 1632 907 517 103 55
internal_count=82944 53003 29941 4471 77 25470 932 163 769 636 52477 1081 174 4394 3141 2502 2246 256 1253 114 639 278 1032 2225 593 1632 907 517 103 55
is_linear=0
shrinkage=0.05


Tree=169
num_leaves=31
num_cat=0
split_feature=113 56 154 29 4 94 39 96 150 114 39 66 157 70 161 158 133 5 65 75 42 75 2 5 97 156 25 148 2 162
split_gain=1.77984 1.90786 4.01128 3.23102 3.2839 3.21649 3.57454 2.65628 3.8218 2.60602 2.60153 2.58019 2.54916 2.41567 6.67417 7.05213 7.6177 7.46227 8.8364 5.52749 6.01812 4.59209 5.50482 5.8675 7.45474 5.17742 4.5362 4.01371 3.69446 6.04968
threshold=-3.2101529926566328 1.3804348428597006 -1.073312627810562 0.3401519370468587 1.0103873344961092 -0.07738229023933442 0.81346594483782841 0.30216425241868355 2.1960139252477204 2.4589032607252794 -1.7209442343199635 -0.66750713763880154 -0.081021797575027532 0.30474274030215104 -0.76213734878580341 1.0152913959681018 -2.5341693017001288 0.36482234570003197 -0.25577263719280485 0.64377818241820972 -0.69777155647807088 -0.76812189317895485 0.12610267146839596 0.65128935879489425 -0.074177990775874766 1.7077461606554207 -0.76206011457664424 -0.13881684728218616 -0.22946052749876741 -1.0444659357341868
decision_type=2 2 2 2 2 2 2 2 2 2 2 2 2 2 2 2 2 2 2 2 2 2 2 2 2 2 2 2 2 2
left_child=-1 13 7 9 5 6 -5 8 -3 -4 -9 12 -7 -2 15 16 -15 19 21 20 -18 -19 23 -23 -25 -24 -20 -27 -16 -30
right_child=1 2 3 4 -6 11 -8 10 -10 -11 -12 -13 -14 14 28 -17 17 18 26 -21 -22 22 25 24 -26 27 -28 -29 29 -31
leaf_value=0.0025901083011998609 -0.00010564982463564576 0.00052247553094781642 -0.00075078815862857518 -0.0047075988583698157 0.00052031397245065234 -0.0079717004240782412 0.0017960903620193669 -0.0023780419253764794 -0.016407254223969568 0.0077007133741565847 0.006170534725308748 -0.0055849459545823654 -0.023160900922816158 -0.011302481390432351 0.00050970454763979032 -0.0016752092302840305 0.0051683095565642689 -0.0064669413635363958 0.0092559443657273931 0.005920613016184819 -0.0018824359327214994 0.012469006313878553 0.0049146930217575909 0.014354461700552041 0.048102328518095122 0.038375204934605528 0.0012174717655848459 0.011707297419901765 0.0026472280049977064 -0.0023736158636581172
leaf_weight=658 58389 701 3075 668 472 67 309 113 35 94 419 354 47 90 8911 975 408 39 223 511 1172 197 329 36 30 21 824 43 751 2983
leaf_count=658 58389 701 3075 668 472 67 309 113 35 94 419 354 47 90 8911 975 408 39 223 511 1172 197 329 36 30 21 824 43 751 2983
internal_value=-1.18089e-12 -2.07118e-05 -0.000852991 -0.00148027 -0.00310059 -0.00428334 -0.00265065 0.00166304 -0.000282607 -0.000500097 0.00435477 -0.00769175 -0.0142339 4.89334e-05 0.000563438 0.00213043 0.00307626 0.00341388 0.00583095 0.00140023 -6.17371e-05 0.0102018 0.0111928 0.0167917 0.0296944 0.00744587 0.00292958 0.0204577 -4.35311e-05 -0.0013638
internal_weight=82944 82286 6354 5086 1917 1445 977 1268 736 3169 532 468 114 75932 17543 4898 3923 3833 1742 2091 1580 695 656 263 66 393 1047 64 12645 3734
internal_count=82944 82286 6354 5086 1917 1445 977 1268 736 3169 532 468 114 75932 17543 4898 3923 3833 1742 2091 1580 695 656 263 66 393 1047 64 12645 3734
is_linear=0
shrinkage=0.05


Tree=170
num_leaves=31
num_cat=0
split_feature=156 1 3 0 1 2 4 3 1 0 3 0 23 5 31 16 1 4 3 1 5 4 0 2 43 148 102 53 59 130
split_gain=1.75637 5.61188 6.63557 6.23144 3.88508 16.002 9.40411 8.77454 7.37209 10.6993 9.88822 8.57454 7.25725 6.62992 6.12369 6.7619 6.63285 8.57442 7.83957 8.14914 5.96263 6.985 5.96679 5.77142 4.68367 4.44507 4.89661 4.59369 4.40345 4.5545
threshold=-0.50537016327236373 2.0425026073378794 1.8368263236736897 -1.3042849253049436 0.75658325704980456 1.6024442575803883 0.96227365190105629 0.24949220878619119 -0.51121341037850343 0.73739952463425229 -1.0051323254780951 0.43545882703492728 -1.2333494592839609 1.3293991099848375 0.066436753657448624 -0.15768593814789097 0.55429999050409851 -1.1066146996862145 1.1785049233486167 0.70581257981802448 1.0822991561716699 0.67359155633073942 -1.5387088160038049 -0.28663216535656177 0.0031955065569833183 -0.31239119146045774 -0.28172805412096785 0.19355063980552417 -0.97102838940390079 1.0465047597880439
decision_type=2 2 2 2 2 2 2 2 2 2 2 2 2 2 2 2 2 2 2 2 2 2 2 2 2 2 2 2 2 2
left_child=1 2 4 -4 5 7 12 8 9 13 11 -10 -6 20 15 -9 25 -18 23 24 -1 22 -22 -19 -20 26 -17 -28 -12 -30
right_child=-2 -3 3 -5 6 -7 -8 14 10 -11 28 -13 -14 -15 -16 16 17 18 19 -21 21 -23 -24 -25 -26 -27 27 -29 29 -31
leaf_value=0.00016524387878199382 0.00018853528715106452 -0.023961314897052943 -0.015291736781597138 0.011170804350450175 -0.032791159922877948 0.037640083677667593 0.0025664786013581569 0.0053718439575389312 -0.0080432641279367095 -0.035594644397497176 -0.0042716438375141877 -0.035692102563403112 -0.0032711485062496878 0.019957740092650056 0.0047507444624136624 -0.0064471204884541354 0.0077730417914883519 0.018033055838642884 -0.055431852638721468 -0.003028459945094905 -0.024818365245300813 -0.035908418468066625 -0.0008710871326650005 -0.0081581792425519488 -0.023247818380164414 -0.00021709635279052345 0.0088657467751606794 0.033514194931679717 -0.00054228115695995559 -0.0047258927558835873
leaf_weight=17399 49624 25 25 202 21 28 855 561 160 21 1193 34 2428 42 1365 39 86 23 20 28 32 21 139 246 26 1275 89 24 6186 727
leaf_count=17399 49624 25 25 202 21 28 855 561 160 21 1193 34 2428 42 1365 39 86 23 20 28 32 21 139 246 26 1275 89 24 6186 727
internal_value=-2.33272e-12 -0.000280789 -0.000263008 0.00825643 -0.000321491 -0.000140923 -0.00194813 -0.000176498 -0.000504367 7.34378e-05 -0.00173335 -0.0128889 -0.00352428 0.000115917 0.0020735 0.000561528 -0.000892452 -0.00634393 -0.00988347 -0.0242956 6.85426e-05 -0.00869451 -0.00535245 -0.00591878 -0.0372409 0.000746431 0.00882865 0.0141008 -0.00146636 -0.000982247
internal_weight=82944 33320 33295 227 33068 29764 3304 29736 25954 17654 8300 194 2449 17633 3782 2417 1856 429 343 74 17591 192 171 269 46 1427 152 113 8106 6913
internal_count=82944 33320 33295 227 33068 29764 3304 29736 25954 17654 8300 194 2449 17633 3782 2417 1856 429 343 74 17591 192 171 269 46 1427 152 113 8106 6913
is_linear=0
shrinkage=0.05


Tree=171
num_leaves=31
num_cat=0
split_feature=98 81 95 24 139 156 20 74 128 66 1 77 94 86 141 5 47 47 2 1 158 160 161 15 158 58 22 2 42 99
split_gain=1.74602 2.94021 3.1876 2.19149 2.05411 2.84756 2.81119 2.73698 2.34103 4.68344 4.97483 3.99487 3.71012 3.63791 4.04456 6.27222 5.05409 7.20999 6.86026 6.86814 6.62211 11.2623 6.35863 5.66703 5.26841 4.49765 4.2399 4.01015 3.87917 5.90061
threshold=-1.8852615685347425 0.85584719960568478 1.3410057893610665 0.0058819006954718847 -2.168246470677238 -0.89145085320713391 -1.1510076008130203 0.7842590909913828 0.14986879360002009 0.1478519629961669 3.1754622378610287 -0.21835811721935527 0.6314732975481977 -1.6865583678021066 -0.13751763172719508 0.9074519576230029 0.10801053871021081 -0.018404586499196521 1.7608667400725224 0.20127854021533589 1.0792073135802653 1.0000000180025095e-35 1.0000000180025095e-35 0.2053614492690812 0.19793268244154283 0.62356204340370536 -0.08756018740251964 1.2692868776986932 0.1347612202471006 -0.021539169557062782
decision_type=2 2 2 2 2 2 2 2 2 2 2 2 2 2 2 2 2 2 2 2 2 2 2 2 2 2 2 2 2 2
left_child=1 3 -3 -1 5 -2 -7 -8 13 -10 12 -12 -11 -6 15 27 17 20 19 -19 22 -22 24 -20 -17 26 -18 -15 29 -16
right_child=4 2 -4 -5 8 6 7 -9 9 10 11 -13 -14 14 28 16 25 18 23 -21 21 -23 -24 -25 -26 -27 -28 -29 -30 -31
leaf_value=0.0002947852364297705 -0.0013512749653146719 -0.0006400171003558715 -0.013949811071264171 0.003493550813484938 -0.0020688813220108224 0.0076431730478331772 -6.8730505071466463e-05 0.0049387975424437887 7.301311712361834e-05 -0.00066686720416258248 -0.001695653606182501 -0.019537637870788743 -0.0029647664065283871 0.00046551258540273688 0.001112572435227481 0.012776057535666041 0.0047845097653494897 0.022598253900628154 0.04971183643099808 0.0027117163414583992 0.004036068792295221 -0.028139451657270276 0.00084926043594720434 0.012979128069820859 0.0031591001201224629 0.014068972729777885 -0.0021327771300686175 -0.013324694855595535 -0.00086375859515214204 -0.00038314054979044095
leaf_weight=935 604 716 48 1253 1854 243 756 427 15390 7778 59 67 2269 9910 11448 312 313 64 21 135 74 43 546 21 262 59 758 53 10975 15551
leaf_count=935 604 716 48 1253 1854 243 756 427 15390 7778 59 67 2269 9910 11448 312 313 64 21 135 74 43 546 21 262 59 758 53 10975 15551
internal_value=-4.14329e-13 0.00119417 -0.00147623 0.00212662 -4.40694e-05 0.00152612 0.00274488 0.00173872 -8.49546e-05 -0.000477227 -0.00130964 -0.0111831 -0.00118582 0.000106416 0.000186207 0.000963572 0.00314649 0.00507108 0.0129829 0.00910739 0.00352965 -0.00778912 0.00471206 0.0313455 0.00838644 0.000629182 -0.000111198 0.000392153 -7.11339e-05 0.000251065
internal_weight=82944 2952 764 2188 79992 2030 1426 1183 77962 25563 10173 126 10047 52399 50545 12571 2608 1478 241 199 1237 117 1120 42 574 1130 1071 9963 37974 26999
internal_count=82944 2952 764 2188 79992 2030 1426 1183 77962 25563 10173 126 10047 52399 50545 12571 2608 1478 241 199 1237 117 1120 42 574 1130 1071 9963 37974 26999
is_linear=0
shrinkage=0.05


Tree=172
num_leaves=31
num_cat=0
split_feature=2 156 4 4 0 0 1 2 162 4 1 159 1 0 2 4 0 2 2 4 1 2 0 2 14 154 1 3 0 95
split_gain=1.73981 10.6366 5.55111 8.75441 3.79672 1.81844 5.00504 9.44672 8.02647 10.6782 10.0171 11.711 8.73301 8.04719 9.38133 8.01306 10.0537 11.4604 13.1588 11.6737 8.57525 12.3002 7.90353 7.73297 7.29911 7.39554 7.11516 6.76124 6.63365 5.45949
threshold=-1.5003388811877352 -0.91243033262262674 1.0000000180025095e-35 -0.72170523892579219 0.39239371894061464 -0.0078117817631458324 -0.35092228697723388 0.23354802011421513 0.69631062382279152 0.33679577816536965 -0.76161725216142129 1.4439328533356688 -0.64751635711651734 0.59140555907606396 -0.59676466508418369 -1.2509557474713728 0.40002294133681632 -0.8383565871649602 -0.93694248914342015 -0.84198944541342391 -0.63296801621507892 -0.24277893966355693 0.22498776168502108 -0.87624568432862004 0.24276413241094771 0.038361579853652496 -0.84202227702006482 -1.2041145644625393 0.80565153132253264 -0.0087085115214180376
decision_type=2 2 2 2 2 2 2 2 2 2 2 2 2 2 2 2 2 2 2 2 2 2 2 2 2 2 2 2 2 2
left_child=1 -1 3 -3 -4 -2 7 8 -7 10 13 15 -13 14 24 22 20 18 -18 -19 21 -17 -12 28 25 26 -10 -16 -8 -11
right_child=5 2 4 -5 -6 6 23 -9 9 29 11 12 -14 -15 27 16 17 19 -20 -21 -22 -23 -24 -25 -26 -27 -28 -29 -30 -31
leaf_value=0.026428862992260195 -0.00021027139584026784 -0.0079406663831724286 0.00086254963146833096 0.01535886278714646 -0.022141343543175235 0.0016169046218664747 0.0024779098396058401 0.010151266894391093 -0.0031927795200488163 -0.0020840215015786646 -0.0081532286130823195 -0.012940674777984476 0.0035449775014609469 -0.029398210495266888 0.041204439103603364 0.016224209863131726 -0.01362897573540417 -0.027259820041343058 -0.064434043526649484 0.0028817433346881045 -0.0089810721688277188 -0.016114291106892189 -0.038246624978880095 -3.1292023766132276e-05 0.025676573835313323 0.0052294893591432997 -0.022322568421562515 0.0093844474367059706 -0.013001386989437714 0.005037049747697496
leaf_weight=27 43084 151 24 55 71 9166 103 281 256 425 40 104 353 21 20 93 26 58 25 72 321 43 48 26733 25 213 60 101 211 734
leaf_count=27 43084 151 24 55 71 9166 103 281 256 425 40 104 353 21 20 93 26 58 25 72 321 43 48 26733 25 213 60 101 211 734
internal_value=2.1462e-12 -0.00363432 -0.00633102 -0.00171992 -0.0163298 1.44289e-05 0.000259319 0.00108738 0.000878686 -0.00134861 -0.00367672 -0.00647692 -0.000206681 0.00108282 0.00203112 -0.0104239 -0.008473 -0.0184463 -0.0385334 -0.010566 -0.00452295 0.00599954 -0.0245678 -0.000122919 -0.000723664 -0.00197131 -0.00682502 0.014644 -0.00792378 0.00242579
internal_weight=82944 328 301 206 95 82616 39532 12485 12204 3038 1879 1183 457 696 675 726 638 181 51 130 457 136 88 27047 554 529 316 121 314 1159
internal_count=82944 328 301 206 95 82616 39532 12485 12204 3038 1879 1183 457 696 675 726 638 181 51 130 457 136 88 27047 554 529 316 121 314 1159
is_linear=0
shrinkage=0.05


Tree=173
num_leaves=31
num_cat=0
split_feature=147 16 118 114 44 145 145 44 4 1 3 66 0 99 158 160 120 71 72 3 5 4 60 0 2 152 29 3 91 70
split_gain=1.71602 2.99643 2.89565 3.15061 3.03084 4.28283 5.90071 3.97844 3.19961 5.40881 3.2473 3.02909 2.88598 5.20556 4.89912 4.54402 3.56376 4.1149 3.31017 3.42714 3.08448 3.0375 2.94248 3.38451 3.45738 2.69473 2.69304 2.90453 2.61577 2.59576
threshold=-0.25189907124374883 -0.68839238223474264 0.0083879016422119604 -2.1756763679692828 0.96656185315829657 -0.05695283197861422 0.062598741180426895 0.32649803354131274 0.67359155633073942 3.1754622378610287 3.3794542420997229 0.080118369945294879 -0.17368238397676158 -0.40366995848896997 1.0792073135802653 1.0000000180025095e-35 -0.06919176129028444 0.6189368972219399 -0.057596560716976504 0.23611652982924611 1.121095921206507 0.43302314335547532 -0.20590440998738815 1.5306070063045729 0.84357929247066077 -0.35595719971964157 -0.32460176653544764 0.089529249629892019 1.0665832062721965 -2.6186356748388984
decision_type=2 2 2 2 2 2 2 2 2 2 2 2 2 2 2 2 2 2 2 2 2 2 2 2 2 2 2 2 2 2
left_child=1 -1 4 -4 7 -6 26 8 12 10 11 -10 20 14 15 -14 17 21 -19 -20 -3 -15 23 24 -18 -17 -7 -28 29 -5
right_child=-2 2 3 28 5 6 -8 -9 9 -11 -12 -13 13 16 -16 25 22 18 19 -21 -22 -23 -24 -25 -26 -27 27 -29 -30 -31
leaf_value=-0.00063973300590987976 -0.00014209477582087328 0.00096297199937079268 -0.0053592053031978771 0.0060078610979693468 0.00048055747072919559 0.0021010647905219735 0.0039345028352321806 -0.001236278375148403 0.0019157010839588814 -0.019488389103540352 0.017884750220064933 -0.0016707292519398946 0.003268603417436006 0.0011687504910436485 -0.011962151271291077 0.028727749318239237 0.01053162437385782 7.8846456711565007e-05 0.0053759597800672057 -0.018092963202923005 0.019776709915392779 0.01193095973758803 0.0034076474138668607 -0.0032597172419939723 0.030585199795090237 0.013700882113511557 0.027805886840303409 0.010931108668263929 -0.002199182999362437 0.00034680816350235075
leaf_weight=5636 59656 2237 267 209 698 29 664 1735 1174 35 26 1181 81 521 22 42 124 109 20 70 22 75 525 35 26 103 51 51 1016 6504
leaf_count=5636 59656 2237 267 209 698 29 664 1735 1174 35 26 1181 81 521 22 42 124 109 20 70 22 75 525 35 26 103 51 51 1016 6504
internal_value=2.28864e-13 0.000363999 0.000684474 -1.92589e-05 0.00126723 0.00333855 0.00584783 0.000888384 0.00146186 2.43426e-05 0.000311174 0.000117156 0.00232752 0.00384983 0.0105619 0.0127545 0.00274379 0.000444462 -0.00578087 -0.0128776 0.0011462 0.00252306 0.0053184 0.0107408 0.0140076 0.0180535 0.0155459 0.0193685 0.000165211 0.000523057
internal_weight=82944 23288 17652 7996 9656 1493 795 8163 6428 2416 2381 2355 4012 1753 248 226 1505 795 199 90 2259 596 710 185 150 145 131 102 7729 6713
internal_count=82944 23288 17652 7996 9656 1493 795 8163 6428 2416 2381 2355 4012 1753 248 226 1505 795 199 90 2259 596 710 185 150 145 131 102 7729 6713
is_linear=0
shrinkage=0.05


Tree=174
num_leaves=31
num_cat=0
split_feature=92 4 1 155 5 161 162 3 37 61 45 21 15 76 97 113 2 105 5 2 4 4 156 43 60 0 156 3 153 132
split_gain=1.67921 3.69851 7.69473 8.79673 9.38277 10.0909 5.70857 10.5233 6.50277 5.90107 5.50333 5.31014 4.62572 4.14971 3.83834 4.09073 3.63572 3.59778 3.52486 6.50005 4.98979 9.09706 9.33533 7.55766 7.19556 5.09052 6.34467 5.89827 4.59432 4.6377
threshold=-0.11432168625881524 0.33679577816536965 0.57497553309458416 -0.65677312184955727 1.3668181053867372 -0.76213734878580341 1.0444659357341872 0.36468474849929644 0.29653385233279106 -0.024899962369527833 -0.18849825433554432 0.015653313767470731 0.59749927817722348 0.44322327373372356 0.46549241460533053 1.0923005580802927 1.2372811463837075 1.9971257629907428 0.7581082167444495 1.3094201532095648 1.5636946843392165 1.2268989061738467 1.7077461606554207 -0.16396485070305289 1.0512722077489747 0.13141699629314629 -0.066328909107563699 -0.37254036289781645 -0.017281798213030483 -0.10557944034762691
decision_type=2 2 2 2 2 2 2 2 2 2 2 2 2 2 2 2 2 2 2 2 2 2 2 2 2 2 2 2 2 2
left_child=1 2 11 -4 5 6 8 -8 9 -5 13 14 -13 -7 15 17 -12 -1 19 -3 21 22 -20 -22 28 26 27 -23 -24 -30
right_child=-2 18 3 4 -6 10 7 -9 -10 -11 16 12 -14 -15 -16 -17 -18 -19 20 -21 23 25 24 -25 -26 -27 -28 -29 29 -31
leaf_value=-0.00033102341834752742 0.00016610360716100408 -0.00013555903037275425 0.0040338754672643515 -0.0042242219652204463 -0.00060786633850091153 -0.015355059257558278 0.0036195360973816492 -0.043709251874436937 -0.008287146705194667 0.009491569148361266 -0.0039231420538644902 -0.00072112499594364143 -0.0039171505568870056 -0.031341117691163989 0.0021886058463357907 0.0050702339613632984 -0.01668007232184554 -0.0072471417170683191 -0.00063107206163671504 -0.021136182711484867 -0.024539750102214899 0.017354183358412874 0.012956894743523455 -0.0014356905386903856 0.033576183659689771 0.0025496445795935721 0.016670725569677188 0.0022221834425193566 0.0092764624758906993 -0.013300049676456385
leaf_weight=4630 53681 8863 320 162 735 155 23 24 259 152 156 5282 1441 55 2378 339 87 196 2147 37 39 82 122 383 28 588 189 300 46 45
leaf_count=4630 53681 8863 320 162 735 155 23 24 259 152 156 5282 1441 55 2378 339 87 196 2147 37 39 82 122 383 28 588 189 300 46 45
internal_value=1.78706e-12 -0.000304706 -0.000802734 -0.00360745 -0.0049599 -0.00794103 -0.00379637 -0.0205484 -0.0024223 0.00241527 -0.0136136 -0.000384366 -0.00140616 -0.0195419 0.000526347 -0.000238968 -0.00849044 -0.00061191 0.000329739 -0.000222865 0.00156889 0.00218039 0.000416322 -0.0035709 0.00974726 0.00581506 0.0091777 0.00547041 0.00661482 -0.00188775
internal_weight=82944 29263 16394 2128 1808 1073 620 47 573 314 453 14266 6723 210 7543 5165 243 4826 12869 8900 3969 3547 2388 422 241 1159 571 382 213 91
internal_count=82944 29263 16394 2128 1808 1073 620 47 573 314 453 14266 6723 210 7543 5165 243 4826 12869 8900 3969 3547 2388 422 241 1159 571 382 213 91
is_linear=0
shrinkage=0.05


Tree=175
num_leaves=31
num_cat=0
split_feature=107 1 3 90 27 3 160 88 156 56 25 5 146 112 103 54 90 54 61 2 1 51 70 162 1 2 2 4 1 4
split_gain=1.68742 3.73384 5.88692 4.37215 7.38366 4.36141 6.44282 4.89878 3.67757 3.54549 3.30134 3.92969 3.83082 3.26502 3.23186 3.87368 3.76728 3.62065 4.40609 6.70032 6.82004 6.11469 5.8798 5.36352 6.10366 6.42548 5.44066 9.08266 18.8416 15.8902
threshold=0.42110499641338023 0.65272054699695004 0.65043800770795035 -1.0550761651600296 0.55874121611337346 0.65043800770795035 1.0000000180025095e-35 -0.76786782335049397 1.0000000180025095e-35 -0.77336882761185699 -0.090402837561768049 1.3816171070226451 -1.011843570172706 0.79652285028966907 -0.73676955753441498 1.0171725025510416 -0.19948524286993283 0.15936746155535927 0.023126174690181564 4.2843765881725044 4.380683246825634 0.076285806806508719 0.055524057192096112 -1.0444659357341868 2.9043329545265064 3.1142813650749193 -0.43173869921419428 0.38490946076042243 0.18423188935296811 -0.81793260411589741
decision_type=2 2 2 2 2 2 2 2 2 2 2 2 2 2 2 2 2 2 2 2 2 2 2 2 2 2 2 2 2 2
left_child=14 5 13 4 -4 8 -7 -8 -2 -10 12 -12 -5 -3 -1 17 -17 18 23 21 22 -20 -21 24 25 26 -16 28 -28 -30
right_child=1 2 3 10 -6 6 7 -9 9 -11 11 -13 -14 -15 15 16 -18 -19 19 20 -22 -23 -24 -25 -26 -27 27 -29 29 -31
leaf_value=-0.0010135572999587443 -3.3606110330157482e-05 -0.0041774909222803821 0.002705049908611549 0.013364210284362344 0.028014796862707421 -0.0012530180774370416 0.025787827275455633 0.0076601623036872809 0.0036601894115563293 0.00079718636033103993 -0.0083218210333000139 -2.641993783658265e-05 0.00017758855978586958 -0.014175798969268048 -0.0025677258204588522 0.0029924191393626946 9.5002729271451756e-06 -0.00089162760674734896 -0.0013867419945548284 -0.018744786526076498 0.030883771109887784 0.00080646848893655212 0.019595150614622983 0.00084005775123851775 -0.027809873868578246 0.025012251529066516 0.0038659696743707176 0.0045050048247175572 0.0013515656405994432 -0.0114948454942745
leaf_weight=8672 9321 466 189 64 34 180 47 180 1515 3778 254 326 395 99 2605 2084 2151 11222 9648 20 34 4739 20 22004 21 24 884 976 411 581
leaf_count=8672 9321 466 189 64 34 180 47 180 1515 3778 254 326 395 99 2605 2084 2151 11222 9648 20 34 4739 20 22004 21 24 884 976 411 581
internal_value=-1.55998e-12 0.000446686 -0.00168761 0.000211457 0.00656394 0.00070628 0.00581158 0.0114135 0.000564097 0.00161666 -0.00115197 -0.00365923 0.00201625 -0.00592941 -0.000113861 2.20082e-05 0.00147736 -9.38698e-05 0.000119451 -0.000587122 0.0144197 -0.00066431 0.000425182 0.000490925 -0.000905352 -0.00080227 -0.000915803 0.000593054 -0.00144216 -0.00617239
internal_weight=82944 16848 1827 1262 223 15021 407 227 14614 5293 1039 580 459 565 66096 57424 4235 53189 41967 14461 74 14387 40 27506 5502 5481 5457 2852 1876 992
internal_count=82944 16848 1827 1262 223 15021 407 227 14614 5293 1039 580 459 565 66096 57424 4235 53189 41967 14461 74 14387 40 27506 5502 5481 5457 2852 1876 992
is_linear=0
shrinkage=0.05


Tree=176
num_leaves=31
num_cat=0
split_feature=87 60 39 112 122 121 3 62 3 138 88 140 22 3 1 77 113 51 158 4 62 5 1 6 52 15 123 35 96 3
split_gain=1.63852 2.08978 2.86201 2.85401 3.36999 3.20435 3.73578 5.01789 4.39074 3.86552 2.98922 4.2002 2.92133 4.62879 4.01086 3.56094 3.3906 4.29099 5.33166 9.76802 11.9833 10.3453 8.90667 6.22881 6.15616 4.67267 5.29534 4.56864 5.56763 4.41365
threshold=-1.5716415167192008 1.3614912122552925 1.2301773584720055 -0.88240870952760542 1.056930763890892 0.21011499059619684 -0.29478830792288468 -1.3288653058767188 -0.26168921781686022 -0.018880527762578984 -1.4681441843700191 1.864230629128264 -0.32579829269791022 0.86109926473617959 2.9043329545265064 0.11384598179686083 0.10774665874076185 -0.10694870017625066 1.0792073135802653 -0.21651157167773741 0.06999251742606645 1.0414542967589195 0.70581257981802448 -0.093648450798334018 -0.1902091090893564 -0.16074985612859477 -0.010473211635196 -0.23371732233185688 0.060441982406587692 -0.26809976022262877
decision_type=2 2 2 2 2 2 2 2 2 2 2 2 2 2 2 2 2 2 2 2 2 2 2 2 2 2 2 2 2 2
left_child=-1 2 3 4 10 -6 7 -7 -8 -10 11 -2 13 -5 15 -15 17 18 27 20 21 29 23 -23 -24 -21 -27 28 -14 -20
right_child=1 -3 -4 12 5 6 8 -9 9 -11 -12 -13 16 14 -16 -17 -18 -19 19 25 -22 22 24 -25 -26 26 -28 -29 -30 -31
leaf_value=0.00095614934484184529 0.0039173053988838949 -0.0009277340584139095 0.0011561298080280606 0.00038934031494888897 -0.00075158824388144203 0.021482502997175537 -0.02891727603971958 -0.0031462589991565768 -0.012021342959875864 -0.001997896053049212 -0.00086871404692539535 -0.0094414001748932969 -0.0010620872556681611 0.0061877507144537294 -0.0042593777996177478 0.00033524656725657069 -0.0007428320746628329 0.00061381979721146648 0.010136972386081813 0.0038756822635403923 -0.0024106761441521143 0.05949536616151984 0.039097457891330123 0.024708261418967481 0.0083334887483232142 0.0013614021947749122 -0.010144974446279258 -0.001394784503139782 0.004534031691923672 -0.0063365450586545568
leaf_weight=4251 621 6265 5184 11482 747 22 25 345 204 182 4987 65 1028 852 150 374 15349 19822 136 244 197 22 20 31 87 184 219 9008 783 58
leaf_count=4251 621 6265 5184 11482 747 22 25 345 204 182 4987 65 1028 852 150 374 15349 19822 136 244 197 22 20 31 87 184 219 9008 783 58
internal_value=-2.88829e-12 -5.16512e-05 2.41297e-05 -6.31389e-05 -0.00100396 -0.00309061 -0.00533644 -0.00166988 -0.00861047 -0.00729526 -0.000443032 0.00265154 4.96418e-05 0.000717751 0.00345817 0.0044024 -0.000132408 0.000161867 -0.000583628 0.00258133 0.00747372 0.0129744 0.0223864 0.0391482 0.0140838 -0.00158514 -0.00489144 -0.000934088 0.00135744 0.0052119
internal_weight=82944 78693 72428 67244 7198 1525 778 367 411 386 5673 686 60046 12858 1376 1226 47188 31839 12017 1198 551 354 160 53 107 647 403 10819 1811 194
internal_count=82944 78693 72428 67244 7198 1525 778 367 411 386 5673 686 60046 12858 1376 1226 47188 31839 12017 1198 551 354 160 53 107 647 403 10819 1811 194
is_linear=0
shrinkage=0.05


Tree=177
num_leaves=31
num_cat=0
split_feature=13 148 155 158 144 79 157 15 1 5 155 111 156 52 158 0 16 23 5 87 50 22 143 138 0 1 5 77 3 2
split_gain=1.63218 1.96326 1.78434 2.39464 1.76506 3.59406 3.54347 2.82351 2.94151 4.55599 2.97244 3.47016 3.21642 2.66061 2.24601 2.15564 2.46074 2.03899 2.01688 1.97877 2.49656 2.33966 3.26665 2.69421 1.96125 3.433 10.2889 6.66724 4.98414 4.16234
threshold=-2.902699908989586 0.91288085842911981 1.6954207296495563 0.37100531152934357 1.5387789584860632 -2.8504474224792742 0.50473852548825293 -1.4244606510783122 1.1037703815750086 1.3816171070226451 1.0130303051044129 -0.20407607287541615 -0.89145085320713391 -0.65298788702078914 0.37100531152934357 0.8288242652497938 -0.32587566831855486 -0.92439604259502584 0.42390874111036964 -1.7686527661961464 -1.0354070387491054 -2.2312219777842208 -0.24884328948665382 -0.63326977135671114 -1.410655565456717 -0.25529857263149819 0.95394520574431452 -0.15685884539444075 1.0000000180025095e-35 0.35865906613105841
decision_type=2 2 2 2 2 2 2 2 2 2 2 2 2 2 2 2 2 2 2 2 2 2 2 2 2 2 2 2 2 2
left_child=1 2 -1 -4 19 6 -6 14 10 17 11 15 -12 -13 -7 18 -17 -10 -9 20 -2 22 23 -21 25 26 -23 -27 -28 -29
right_child=4 -3 3 -5 5 7 -8 8 9 -11 12 13 -14 -15 -16 16 -18 -19 -20 21 -22 24 -24 -25 -26 27 28 29 -30 -31
leaf_value=0.0023592756804478804 0.0048487560655256709 -0.0016210112141108305 0.015461308278008802 -1.6275598531270901e-05 -0.004792345463075825 -0.00019089508235726406 -0.024402725107261335 -0.0015332382357488555 -0.0027286310587078333 -0.0010369060091486499 -0.0030183946615163211 -0.0029089102723770487 0.0036218479327217211 0.0013464760889884489 0.0052796485804234789 -0.018913510259396086 -0.0010135586577234791 -0.021202158871091017 -0.0059603032354027079 -0.01330838037327804 0.00070168425741323922 -0.0010392963644231467 -0.00038559618512557626 -0.003618999406426036 8.8299221997812429e-05 -0.007064985072363663 -0.018850178665607314 0.0069361562510862245 -1.4577902454350675e-05 -0.0013063971239205576
leaf_weight=608 430 268 64 41 112 464 29 664 20 119 262 584 600 990 315 48 32 59 420 94 2326 3693 818 303 68562 166 124 447 49 233
leaf_count=608 430 268 64 41 112 464 29 664 20 119 262 584 600 990 315 48 32 59 420 94 2326 3693 818 303 68562 166 124 447 49 233
internal_value=2.47947e-12 0.00202739 0.00339873 0.00941768 -2.42654e-05 -0.000963116 -0.00882569 -0.0007209 -0.00128333 -0.00721663 -0.000956995 -0.00176314 0.00160358 -0.000232397 0.0020212 -0.00383306 -0.0117535 -0.0165253 -0.00324852 3.30781e-05 0.00134872 -1.55992e-05 -0.00219174 -0.00591321 2.04847e-05 -0.000966251 -0.00159758 0.00191878 -0.0135152 0.00411187
internal_weight=82944 981 713 105 81963 4718 141 4577 3798 198 3600 2738 862 1574 779 1164 80 79 1084 77245 2756 74489 1215 397 73274 4712 3866 846 173 680
internal_count=82944 981 713 105 81963 4718 141 4577 3798 198 3600 2738 862 1574 779 1164 80 79 1084 77245 2756 74489 1215 397 73274 4712 3866 846 173 680
is_linear=0
shrinkage=0.05


Tree=178
num_leaves=31
num_cat=0
split_feature=2 3 4 4 0 5 156 1 2 159 4 158 4 158 4 0 156 4 4 2 2 158 1 158 0 1 0 1 2 1
split_gain=1.57719 9.95454 5.6327 8.52194 2.65677 2.5724 1.91138 1.79487 9.16444 5.96586 6.98052 10.1808 9.87054 28.4525 11.9321 13.3912 11.3492 7.90846 16.1826 9.59668 9.32317 7.41556 6.93744 6.92838 6.61294 6.53918 5.92163 5.7217 5.53184 5.26068
threshold=-1.5003388811877352 -0.79543509815083457 1.0000000180025095e-35 -0.76981892152084441 0.41227145491513112 -1.3494002584222959 -0.91243033262262674 -0.51556909891384373 -0.92765860143702017 0.77009752177902324 -1.5396378430416895 1.0152913959681018 -0.21651157167773741 -0.277549793911822 -0.52925050854558109 0.33800738872919883 -0.89145085320713391 -0.89010312800847657 -1.2268989061738462 -0.60665813118241252 -0.45321499104100399 -1.7404918888865692 -0.70980694792701493 0.74090168677658708 -0.27232248366558376 -0.65320532040727219 0.78317598195623173 -0.68088631026567925 -0.12546019949047627 -0.80234107758344686
decision_type=2 2 2 2 2 2 2 2 2 2 2 2 2 2 2 2 2 2 2 2 2 2 2 2 2 2 2 2 2 2
left_child=1 2 3 5 -4 -1 -3 9 -9 28 11 21 13 14 29 -16 24 18 26 27 22 -11 -20 25 -14 -18 -15 -19 -2 -12
right_child=7 6 4 -5 -6 -7 -8 8 -10 10 12 -13 16 17 15 -17 23 19 20 -21 -22 -23 -24 -25 -26 -27 -28 -29 -30 -31
leaf_value=-0.023186580492899969 0.00011478243276719647 0.027225409172799277 -0.0056923513773888832 0.01464250686771746 -0.023770818312754027 -0.0056362022675424464 0.0080671059617695093 -0.0068109832144829935 -9.5507448894352562e-05 0.0080119564617052684 0.003530853676047354 0.0085631018094515995 0.025415453651831267 0.004570196743452935 0.037015318635262938 0.0049654972957097416 0.010786936622823798 0.0015501455101813819 0.022923169945997579 0.014190064004874237 0.016870188599658342 -0.015902207643562951 0.052405001728662429 -0.0038670913997929596 -0.0028555941079536104 0.0021871492122062992 0.026059326420469982 -0.027492832307788456 -0.0062064468700762446 -0.0054681380996152622
leaf_weight=26 24812 23 31 53 59 106 30 513 52477 40 233 92 21 147 38 229 423 74 31 196 65 171 56 207 1378 463 41 22 351 536
leaf_count=26 24812 23 31 53 59 106 30 513 52477 40 233 92 21 147 38 229 423 74 31 196 65 171 56 207 1378 463 41 22 351 536
internal_value=-4.99423e-13 -0.0034603 -0.00728428 -0.00229317 -0.0175438 -0.00909309 0.0163811 1.3738e-05 -0.00016052 0.000325422 0.00201018 -0.00531681 0.00254385 0.00552079 0.000420316 0.0095269 0.000551265 0.0138817 0.019065 0.0078463 0.0311965 -0.0113687 0.0419 0.00436874 -0.00243123 0.00629292 0.00925666 -0.00510554 2.66073e-05 -0.00274153
internal_weight=82944 328 275 185 90 132 53 82616 52990 29626 4463 303 4160 1668 1036 267 2492 632 340 292 152 211 87 1093 1399 886 188 96 25163 769
internal_count=82944 328 275 185 90 132 53 82616 52990 29626 4463 303 4160 1668 1036 267 2492 632 340 292 152 211 87 1093 1399 886 188 96 25163 769
is_linear=0
shrinkage=0.05


Tree=179
num_leaves=31
num_cat=0
split_feature=5 3 158 156 3 1 0 5 4 156 0 5 9 2 50 0 145 4 4 0 0 1 0 1 3 5 4 2 4 4
split_gain=1.65872 4.72029 4.95909 4.27713 12.5971 6.92894 8.39898 16.4123 14.9433 14.8529 13.9763 19.1044 19.374 18.6919 15.6281 15.2438 8.94678 6.9267 6.62151 6.61767 15.6693 9.93611 21.2187 10.4962 8.48099 6.77884 15.6226 17.6326 9.96117 9.67014
threshold=-0.30505838731801371 1.2465712185774545 1.0000000180025095e-35 0.30811198432798453 2.5256283651572891 -0.0091475840430213229 -0.14550686920243386 1.0414542967589195 0.072170523892579191 1.1133806251238731 0.041510661571182668 1.1577679250097914 0.0041725983845050515 2.6405108700037077 -0.069076187011822179 -0.0078117817631458324 -0.048057926760651688 0.64953471503321303 -1.4434104778515837 0.92097724838766892 0.70385570796402941 1.9723754462409389 1.6935874626990606 1.8398692159767098 1.9092313060999049 1.3494002584222962 -0.09622736519010551 3.6149727007184684 -0.74576208022331802 -1.6118083669342689
decision_type=2 2 2 2 2 2 2 2 2 2 2 2 2 2 2 2 2 2 2 2 2 2 2 2 2 2 2 2 2 2
left_child=1 -1 -3 4 -2 17 7 9 16 18 11 -8 13 14 -13 -16 -9 -5 -7 20 -12 22 -21 -24 -22 26 28 -28 29 -23
right_child=3 2 -4 5 -6 6 10 8 -10 -11 19 12 -14 -15 15 -17 -18 -19 -20 21 24 25 23 -25 -26 -27 27 -29 -30 -31
leaf_value=-0.00022864594158308879 -7.9195131046511753e-05 0.0012588603819561443 -0.022200427995994688 0.0045014052121077428 -0.025195090828463437 -0.012356032627297843 0.0037130287499158483 -0.0075194429256953306 0.022212967773278556 -0.0091299461651779979 0.00067740554866461055 0.011762346646615438 -0.013020882848650217 -0.0026978176208407 0.039685777674118683 0.094481441107663253 -0.031515783249722942 5.2351170417272159e-05 0.0075797806148270351 0.0035236278714390968 -0.0049010889318198587 0.022111813092811239 0.05896573565900326 0.015421545991463767 -0.019736909450093321 0.0013944166560295749 -0.006065920872783747 -0.039168726790663896 0.013465766557533647 -0.0057243363798942229
leaf_weight=35520 33091 41 50 2266 50 47 612 62 21 313 2732 21 26 24 30 22 104 1425 366 1526 1056 36 25 31 106 2271 624 43 169 234
leaf_count=35520 33091 41 50 2266 50 47 612 62 21 313 2732 21 26 24 30 22 104 1425 366 1526 1056 36 25 31 106 2271 624 43 169 234
internal_value=4.15295e-12 -0.000257783 -0.0116309 0.000193943 -0.000117088 0.000920259 0.000265263 -0.00431718 -0.0175261 -0.000914886 0.000701618 0.00732688 0.025308 0.0355817 0.0481668 0.0628686 -0.0225533 0.00278374 0.00531106 0.00015157 -0.00139111 0.00136294 0.00463291 0.0348609 -0.00625444 -0.000168915 -0.00337897 -0.00819998 0.00394589 -0.00201285
internal_weight=82944 35611 91 47333 33141 14192 10501 913 187 726 9588 735 123 97 73 52 166 3691 413 8853 3894 4959 1582 56 1162 3377 1106 667 439 270
internal_count=82944 35611 91 47333 33141 14192 10501 913 187 726 9588 735 123 97 73 52 166 3691 413 8853 3894 4959 1582 56 1162 3377 1106 667 439 270
is_linear=0
shrinkage=0.05


Tree=180
num_leaves=31
num_cat=0
split_feature=47 9 158 65 86 157 81 110 98 139 128 95 3 160 156 128 110 120 2 120 33 4 158 5 0 3 4 2 77 5
split_gain=1.57815 2.24605 2.40673 2.32455 4.18266 2.96893 1.86619 3.84987 3.70605 3.86732 3.72165 3.64724 6.2874 4.78709 8.65972 8.58657 5.81565 5.1561 4.99499 3.95016 3.89266 3.49414 12.3329 17.809 32.2969 18.6028 19.6387 8.89615 7.99947 7.51429
threshold=-2.5618361776742193 -1.3387110293391211 0.37100531152934357 -1.4072708871095183 0.35343770679766068 -0.081021797575027532 0.55027574744738861 0.11385487125991355 -1.2140958137465596 0.90024621372554081 -0.10735014969964742 0.36471989074433525 4.0676475521031596 1.0000000180025095e-35 1.7077461606554207 -1.7017703154901105 -1.5995559311072018 -1.6884675699129625 1.842404002939982 -0.12206643357809341 -0.26351619287505529 -0.2646252542727906 1.0792073135802653 0.9986416979679581 -0.42242941815549512 -0.2885133676828821 -1.4193536365540573 -0.63629301402247285 -0.0741171218342946 1.3668181053867372
decision_type=2 2 2 2 2 2 2 2 2 2 2 2 2 2 2 2 2 2 2 2 2 2 2 2 2 2 2 2 2 2
left_child=1 -1 3 4 -3 -6 8 -8 -2 11 -11 21 13 -13 16 -16 17 -15 -17 20 -18 22 -10 25 28 26 -24 -28 -25 -23
right_child=6 2 -4 -5 5 -7 7 -9 9 10 -12 12 -14 14 15 18 19 -19 -20 -21 -22 29 23 24 -26 -27 27 -29 -30 -31
leaf_value=-0.0019877636307030163 0.0014107208800501964 0.0014767293427887906 -0.00015784555868572915 0.0030998240788650713 0.032954106999871634 0.011757226683911076 0.00024269196872600367 -0.0014009082540589455 2.6775046980308834e-05 0.00023343058493898009 -0.002155343490379903 0.00016201734123411473 0.02719363502186278 -0.029148930570353632 0.042842813432216645 0.011021449433890386 0.0090394002192308708 -0.0036786603676761207 -0.013960881112143398 0.00068623034593876973 0.002471679267464973 -0.00071935606351895484 -0.0071824350055041068 0.05312636741682103 0.0057313458390126472 -0.0094200434271322631 0.015903351644590204 0.0043490461350233576 0.025320285478790783 0.0020850831131157782
leaf_weight=312 4871 70 397 460 24 53 7415 6858 19107 2803 3898 5469 23 23 20 221 357 146 22 1320 613 23721 280 38 612 341 256 477 81 2656
leaf_count=312 4871 70 397 460 24 53 7415 6858 19107 2803 3898 5469 23 23 20 221 357 146 22 1320 613 23721 280 38 612 341 256 477 81 2656
internal_value=3.98287e-13 0.00171769 0.00286918 0.00484896 0.0103225 0.018364 -2.76924e-05 -0.000547038 8.23605e-05 -2.11931e-05 -0.00115613 0.000115143 0.00108808 0.00101478 0.00272813 0.0113515 0.00180582 -0.00714503 0.00875967 0.00246639 0.00488887 -5.28602e-05 0.000425224 0.00407663 0.0103657 0.000681268 0.00408161 0.00838438 0.0341995 -0.000436966
internal_weight=82944 1316 1004 607 147 77 81628 14273 67355 62484 6701 55783 8214 8191 2722 263 2459 169 243 2290 970 47569 21192 2085 731 1354 1013 733 119 26377
internal_count=82944 1316 1004 607 147 77 81628 14273 67355 62484 6701 55783 8214 8191 2722 263 2459 169 243 2290 970 47569 21192 2085 731 1354 1013 733 119 26377
is_linear=0
shrinkage=0.05


Tree=181
num_leaves=31
num_cat=0
split_feature=1 2 161 5 2 156 5 2 3 0 105 3 0 1 0 4 156 4 157 4 5 0 2 4 2 4 0 158 62 2
split_gain=1.61251 8.83167 4.68963 5.16675 9.23641 4.58152 11.7938 9.14414 8.61545 4.14673 4.12936 4.48275 4.10539 5.17577 5.09101 9.87198 7.65663 4.98749 4.96115 4.39571 4.03888 10.9078 10.4524 9.15608 10.4947 9.31747 7.50342 7.19113 5.88646 5.64815
threshold=-0.51556909891384373 -1.0219206631466637 -0.76213734878580341 1.3068553720383922 0.028095304697620668 1.7077461606554207 -1.157767925009791 -0.47314681578331247 -0.99388104523293674 0.38041459796964644 -0.22275193173966631 -1.5868423785307451 0.23739498092371586 -0.72455560583839018 0.097081496934575684 -0.81793260411589741 -0.91243033262262674 0.33679577816536965 -0.67395931651051355 -1.2509557474713728 -0.36482234570003175 -0.30751677942165218 -0.28663216535656177 -1.5396378430416895 -0.24946468487046922 -0.60142103243816025 -0.67404874028497619 -1.7404918888865692 -0.69149620296737535 -0.11804517512786343
decision_type=2 2 2 2 2 2 2 2 2 2 2 2 2 2 2 2 2 2 2 2 2 2 2 2 2 2 2 2 2 2
left_child=2 -2 3 10 -5 -4 7 -7 -8 -10 -1 -12 14 -14 15 16 19 -16 -19 -13 21 22 -3 24 -23 29 -24 -27 -29 -25
right_child=1 20 5 4 -6 6 8 -9 9 -11 11 12 13 -15 17 -17 -18 18 -20 -21 -22 23 26 25 -26 27 -28 28 -30 -31
leaf_value=0.0042836345087331326 -0.0081745942782240309 -0.0027824726374863201 -9.9545302395092537e-05 0.031281844452023505 -0.0033787553412588061 0.0083755959901698259 0.012455590251532096 0.034865957523903084 0.0041720138722975775 -0.0043924539311542762 0.022696311869051147 0.0085770343533218951 0.010607304789900622 0.0014523206569229223 -0.0079814262009373742 -0.00018761477038705177 -0.0098105204900583408 -0.0085518900105806522 0.0052853544543867408 0.029751531546118488 0.00012345165271397733 0.00087336730891638325 -0.0032585634360626594 -0.0055145156569928397 0.015746990057574253 -0.010656242254694614 -0.019311601046938451 0.003734407589177063 -0.0001988181346220211 -0.00071738545756615886
leaf_weight=1058 342 1142 24538 40 37 118 133 45 212 424 23 43 194 756 384 1561 26 97 195 57 40719 337 118 1363 183 150 190 1123 6220 1116
leaf_count=1058 342 1142 24538 40 37 118 133 45 212 424 23 43 194 756 384 1561 26 97 195 57 40719 337 118 1363 183 150 190 1123 6220 1116
internal_value=5.03126e-13 -0.000165696 0.000293323 0.00178687 0.0146268 3.11467e-05 0.00347205 0.0156889 0.000882523 -0.00153763 0.00156186 0.000698663 0.000545948 0.00332186 -0.000570058 0.000899057 0.0143617 -0.00423633 0.000688736 0.0206465 -0.000113683 -0.00092225 -0.0049871 -0.000360485 0.00610774 -0.000697777 -0.0131614 0.000181323 0.000402709 -0.00335494
internal_weight=82944 53003 29941 4471 77 25470 932 163 769 636 4394 3336 3313 950 2363 1687 126 676 292 100 52661 11942 1450 10492 520 9972 308 7493 7343 2479
internal_count=82944 53003 29941 4471 77 25470 932 163 769 636 4394 3336 3313 950 2363 1687 126 676 292 100 52661 11942 1450 10492 520 9972 308 7493 7343 2479
is_linear=0
shrinkage=0.05


Tree=182
num_leaves=31
num_cat=0
split_feature=146 135 64 158 91 113 20 117 119 112 144 74 44 112 88 0 61 156 26 53 126 96 44 5 2 51 157 1 146 73
split_gain=1.58057 2.15134 2.09293 1.89911 1.6617 2.20203 2.35679 2.07701 3.35547 5.0556 4.02564 3.78839 3.74115 3.37151 4.08246 3.34736 3.15771 5.58446 3.12115 3.48873 2.75623 2.73567 4.55431 4.12535 5.49737 3.83857 4.69913 8.1725 7.92215 11.4344
threshold=-2.8567730811539662 -0.38293869084664284 -0.884362159129782 1.0000000180025095e-35 1.9202150174571395 0.43366063945375954 0.15088210441819802 -0.10298054171553113 -0.038735618949775071 -0.10409048117228668 -0.81002794309018278 0.64025278169831512 -0.7798031473739313 -0.66411560485893084 -1.4231750205346667 -1.5640928862197987 -1.6413041220709539 1.7077461606554207 -0.27131269598968821 1.0597489122429655 2.4604447781546344 -0.191019705396718 0.91335437721676982 1.0414542967589195 0.48111875458977282 -0.10694870017625066 -0.67395931651051355 1.5090210108706297 -0.014144932151964596 -0.12502171283246385
decision_type=2 2 2 2 2 2 2 2 2 2 2 2 2 2 2 2 2 2 2 2 2 2 2 2 2 2 2 2 2 2
left_child=1 -1 3 -3 7 6 -6 8 9 11 -10 15 -11 14 -12 -2 17 -15 -13 -20 -14 -9 25 -24 -25 -23 -27 -28 29 -29
right_child=4 2 -4 -5 5 -7 -8 21 10 12 13 18 20 16 -16 -17 -18 -19 19 -21 -22 22 23 24 -26 26 27 28 -30 -31
leaf_value=-0.0002329746124550549 -0.0057922482665370423 0.02406809710754225 0.0034841915567554796 0.0059993859112375614 0.000992955530924411 -0.0038947117033932988 -0.0025714303413577875 -0.000749241808486355 -0.00099849639969176404 0.0017884715896638388 0.0053051102936383454 0.0014503920358637195 -0.0014691011731905802 0.004372976094294388 -0.0010169694188311216 0.0020787405345334526 0.0014957489461257922 0.026650411135426932 -0.0019507579395847082 -0.011838666974978367 0.0058197529591394199 -0.00080305498799679211 0.0013552927317790594 0.015860965520016149 6.1810083347014518e-05 0.0014787444923123972 -0.0006580512936038758 0.012054023977462851 0.0058582108449805742 -0.0034617097945004306
leaf_weight=351 140 26 248 33 1146 611 779 14641 2397 1092 286 665 7440 304 2383 3842 9558 31 764 101 132 12572 3098 117 104 6029 12213 144 1020 677
leaf_count=351 140 26 248 33 1146 611 779 14641 2397 1092 286 665 7440 304 2383 3842 9558 31 764 101 132 12572 3098 117 104 6029 12213 144 1020 677
internal_value=-9.65496e-13 0.00244081 0.00549782 0.0139619 -1.9518e-05 -0.00127953 -0.000449463 2.05496e-05 0.000356873 -0.000194333 0.000879226 0.000989483 -0.000947472 0.00123752 -0.000339519 0.00180201 0.00166299 0.00643447 -0.00112521 -0.0031053 -0.00134204 -0.000173045 6.1461e-05 0.00182611 0.00842607 -0.000117895 0.000311017 -0.000189925 0.00291558 -0.000740314
internal_weight=82944 658 307 59 82286 2536 1925 79750 29135 14176 14959 5512 8664 12562 2669 3982 9893 335 1530 865 7572 50615 35974 3319 221 32655 20083 14054 1841 821
internal_count=82944 658 307 59 82286 2536 1925 79750 29135 14176 14959 5512 8664 12562 2669 3982 9893 335 1530 865 7572 50615 35974 3319 221 32655 20083 14054 1841 821
is_linear=0
shrinkage=0.05


Tree=183
num_leaves=31
num_cat=0
split_feature=1 3 21 0 7 101 103 43 162 81 140 21 105 40 62 42 33 11 42 1 5 3 72 156 161 113 3 161 0 61
split_gain=1.67181 9.05258 5.77391 8.10918 7.80519 7.95785 7.4494 6.9759 6.27903 6.02647 8.96404 8.10597 6.11268 6.15093 5.84268 11.8638 6.85382 6.26422 6.97435 5.43278 9.45407 17.2796 9.56573 6.86268 12.1752 10.2127 6.4543 9.87295 6.44031 4.85833
threshold=1.8398692159767098 2.8203810515138259 -0.019036519395862081 0.35859460280897909 0.19992887096682707 0.0047421632563752801 0.1221486971661483 -0.024620140526944615 -0.34815531191139565 -0.11269910624104947 0.073874831682492662 -0.17645838177350179 -0.045265611521601204 -0.11915191713251375 -0.057229157106740793 0.059035023669271477 -0.039909315602880906 -0.045423776327488279 0.090098271150657647 1.634603963815197 1.3068553720383922 1.7319852129670281 -0.014828206451101162 1.0000000180025095e-35 1.6942532296406732 0.01246119410270064 2.5256283651572891 1.0000000180025095e-35 0.45136087564406108 0.3763939438589079
decision_type=2 2 2 2 2 2 2 2 2 2 2 2 2 2 2 2 2 2 2 2 2 2 2 2 2 2 2 2 2 2
left_child=1 19 3 6 5 14 -2 -6 -7 29 -11 -12 13 -13 15 16 -4 -16 -19 26 22 28 -21 -23 -25 -26 -1 -28 -22 -5
right_child=2 -3 4 9 7 8 -8 -9 -10 10 11 12 -14 -15 17 -17 -18 18 -20 20 21 23 -24 24 25 -27 27 -29 -30 -31
leaf_value=8.5052320185605387e-06 -0.0076554141667050622 0.032126480118710214 0.014688724773004654 0.00301395506255871 -0.00062858642600847772 0.0011930030056343896 -0.041314438700675971 -0.012598019207134182 -0.006848136731572212 -0.00075255763730832747 -0.0032639002713488103 -0.016370664564432404 -0.0222804368932502 0.004193643289839938 -0.002312978330654184 0.0066080161244044021 0.054710065832604543 0.012599045969825237 0.00037777658315911282 0.0045003266844605792 0.024053720955271276 0.011384888044502136 -0.0096424039383545407 0.0095910113770514734 0.026646265910508546 0.074170668497681613 0.00965868767279272 -0.028888628449614928 0.00099517537282413642 -0.017304774692221993
leaf_weight=76436 48 22 20 577 342 1082 25 189 313 916 337 86 138 63 305 165 23 250 219 249 32 124 230 40 26 20 26 46 564 31
leaf_count=76436 48 22 20 577 342 1082 25 189 313 916 337 86 138 63 305 165 23 250 219 249 32 124 230 40 26 20 26 46 564 31
internal_value=-7.38488e-13 5.76309e-05 -0.000874351 -0.00279395 0.000591756 0.00181608 -0.0191825 -0.00488889 -0.00061121 -0.00223699 -0.00390107 -0.00852294 -0.0146982 -0.00767569 0.00526422 0.012704 0.0360955 0.0032649 0.00689231 4.85617e-05 0.00327269 0.00657888 -0.00229055 0.0189123 0.0297658 0.047309 -5.58955e-06 -0.0149688 0.00223322 0.00197797
internal_weight=82944 77815 5129 2221 2908 2377 73 531 1395 2148 1540 624 287 149 982 208 43 774 469 77793 1285 806 479 210 86 46 76508 72 596 608
internal_count=82944 77815 5129 2221 2908 2377 73 531 1395 2148 1540 624 287 149 982 208 43 774 469 77793 1285 806 479 210 86 46 76508 72 596 608
is_linear=0
shrinkage=0.05


Tree=184
num_leaves=31
num_cat=0
split_feature=73 138 156 145 4 5 24 47 110 162 2 0 48 36 129 22 151 20 1 2 5 0 158 158 90 2 51 4 1 1
split_gain=1.5859 3.43461 3.91707 3.09584 2.99628 3.82111 5.84866 5.60495 5.19331 3.32595 6.06012 5.51781 5.63667 5.30458 3.2687 3.07472 2.85708 2.68279 2.67584 7.47891 4.4512 11.9776 14.7765 9.40803 14.3094 8.35054 8.40594 8.11194 13.2291 8.00995
threshold=-0.59522196279382411 -0.56695693281054893 0.30811198432798453 -0.69496293097427719 -0.64953471503321258 0.48220716928838925 -0.22127812282202139 0.16278907254849287 1.0000000180025095e-35 1.0444659357341872 1.0000000180025095e-35 -1.0130311042509135 -1.0465603814462818 -0.72290186826769187 -1.6995324480999501 -0.15361966457826756 0.088356406500350246 -0.92746758295117326 -0.51556909891384373 -1.0219206631466637 1.1577679250097914 -0.98494078325700551 1.0792073135802653 -1.7404918888865692 -0.034173210506540451 0.076027329262676815 -0.19147842214622293 -0.50519366724805481 1.7339080668860636 2.5499110629431088
decision_type=2 2 2 2 2 2 2 2 2 2 2 2 2 2 2 2 2 2 2 2 2 2 2 2 2 2 2 2 2 2
left_child=1 -1 4 -4 9 -6 -7 8 -8 14 11 -11 -13 -12 -3 -9 -10 -5 -2 -20 29 22 23 24 -22 26 -23 28 -24 -21
right_child=18 2 3 17 5 6 7 15 16 10 13 12 -14 -15 -16 -17 -18 -19 19 20 21 25 27 -25 -26 -27 -28 -29 -30 -31
leaf_value=-0.00059329375386442764 0.00031456732998529926 0.0097164029589138657 0.0051300376860328178 0.0051089717691613582 -0.00017313675573294069 -0.00047408619412248255 0.0044991774229624108 0.0049728714406309243 0.01815895506171054 -0.0056627752661706386 -0.032401015912182633 0.030527896336279808 0.0020438764209040638 -0.0077714547410310392 -0.00055680638893735484 -0.0023935607732820069 0.0075213457103839258 0.00069965263819381403 -0.0079926530446428282 -0.00061515909392410688 0.030278949218842652 -0.011391923069683452 0.068455401977354835 -0.0022380130789929889 0.0041958797260554194 0.00054774381449468877 -0.0016731127117724795 0.011316979996627197 0.013622744887305256 -0.019543978408910336
leaf_weight=5171 24352 82 812 425 2954 906 438 270 143 341 32 20 132 69 1389 298 113 1832 317 28080 69 266 22 299 221 12405 1360 48 22 56
leaf_count=5171 24352 82 812 425 2954 906 438 270 143 341 32 20 132 69 1389 298 113 1832 317 28080 69 266 22 299 221 12405 1360 48 22 56
internal_value=-5.72826e-13 0.000457385 0.000987129 0.00248246 0.000348592 0.000996819 0.00259094 0.00479134 0.00780588 -0.00125926 -0.00441704 -0.00213115 0.00579177 -0.0155749 1.58674e-05 0.00110809 0.0134634 0.00152994 -0.000104508 -0.000340934 -0.000284325 0.000420431 0.00689619 0.00398535 0.0104019 0.000106128 -0.00326303 0.0255319 0.0410391 -0.000652834
internal_weight=82944 15427 10256 3069 7187 5122 2168 1262 694 2065 594 493 152 101 1471 568 256 2257 67517 43165 42848 14712 681 589 290 14031 1626 92 44 28136
internal_count=82944 15427 10256 3069 7187 5122 2168 1262 694 2065 594 493 152 101 1471 568 256 2257 67517 43165 42848 14712 681 589 290 14031 1626 92 44 28136
is_linear=0
shrinkage=0.05


Tree=185
num_leaves=31
num_cat=0
split_feature=1 2 4 162 4 5 161 29 21 72 126 11 1 2 156 5 4 149 4 5 4 157 4 5 4 51 157 162 2 1
split_gain=1.56936 8.82367 6.9431 9.17839 6.83777 14.1871 5.42565 9.71884 12.3807 6.71032 9.2693 5.41106 5.20758 7.31737 14.8259 6.88884 16.8381 9.12111 7.94394 11.1445 23.1172 32.2897 50.4431 21.7177 19.3615 7.14696 7.05874 6.87905 8.43849 6.13853
threshold=1.8398692159767098 1.5465420234017764 0.40896630205794887 -1.0444659357341868 -0.67359155633073897 1.2818148012909092 1.0000000180025095e-35 -0.1307793770896499 -0.024932565626514702 0.15048092892610354 -0.2952465520499743 -0.045423776327488279 2.7276332300299173 3.1142813650749193 0.30811198432798453 1.3494002584222962 -0.09622736519010551 -0.017731378673893194 0.72170523892579219 1.3937669968156989 -0.14434104778515874 1.7010387896716377 0.19245473038021124 1.3816171070226451 0.28868209557031688 -0.072105828250362825 1.7010387896716377 -0.34815531191139565 2.9539482999982698 3.4175661722137742
decision_type=2 2 2 2 2 2 2 2 2 2 2 2 2 2 2 2 2 2 2 2 2 2 2 2 2 2 2 2 2 2
left_child=-1 2 4 -4 -2 -6 7 -3 -9 10 -10 -12 27 -14 -15 16 25 -18 19 20 -17 24 -23 -24 -22 -16 -20 28 -8 -21
right_child=1 6 3 -5 5 -7 12 8 9 -11 11 -13 13 14 15 18 17 -19 26 29 21 22 23 -25 -26 -27 -28 -29 -30 -31
leaf_value=5.5837170817882125e-05 -0.004142326520689364 -0.012628526313072248 0.01955758255668158 -0.0052955517581722237 0.0020180042864839463 -0.032958491509232454 0.0047516625581804526 -0.0079714568906095323 0.032643493625399624 -0.0083638477489611524 -0.0036632357416009269 0.0068741080108472609 -0.0039902724468419267 0.035228697456080808 0.030218111291866412 -0.012487406796536826 -0.0019135362468659879 -0.043444563866927272 -0.0020490004204806278 0.0097030502868952553 -0.024294955995029364 0.10012699761926863 0.0411419479751607 -0.02384184128139168 0.022707190655171874 -0.0035015559846810493 -0.031364943007273334 -0.0010641302548968022 0.024358729339378368 -0.0034566564562252891
leaf_weight=77815 112 212 43 273 44 85 785 402 29 110 175 401 900 33 22 62 20 39 77 123 39 28 36 20 50 55 28 550 59 317
leaf_count=77815 112 212 43 273 44 85 785 402 29 110 175 401 900 33 22 62 20 39 77 123 39 28 36 20 50 55 28 550 59 317
internal_value=-4.82775e-13 -0.000847138 -0.00678874 -0.00191364 -0.013181 -0.0210285 -0.000123281 -0.00281391 -0.000951152 0.00299593 0.00506134 0.00367266 0.000979354 -0.000760359 0.00230278 0.00111659 -0.00926762 -0.0293662 0.00292717 0.00491731 0.0137084 0.0230964 0.0453313 0.0179335 0.00211074 0.00613263 -0.00986659 0.00328691 0.0061223 0.00022208
internal_weight=82944 5129 557 316 241 129 4572 1329 1117 715 605 576 3243 1849 949 916 136 59 780 675 235 173 84 56 89 77 105 1394 844 440
internal_count=82944 5129 557 316 241 129 4572 1329 1117 715 605 576 3243 1849 949 916 136 59 780 675 235 173 84 56 89 77 105 1394 844 440
is_linear=0
shrinkage=0.05


Tree=186
num_leaves=31
num_cat=0
split_feature=74 71 59 142 68 2 53 13 119 4 1 0 5 0 2 5 1 5 2 136 158 115 151 0 162 3 22 16 118 12
split_gain=1.56129 1.72461 2.78159 2.51034 2.58787 3.89369 3.29699 2.41606 2.22954 4.0483 4.68908 8.07028 7.49215 4.00201 8.97424 5.32097 7.67101 6.26157 5.23109 3.69515 3.64813 3.61587 4.74097 3.59185 4.60168 3.87752 3.49453 3.26683 4.30271 3.69368
threshold=-2.7702106876595431 1.0561574810204228 0.5173132399301541 1.8453634966936454 0.086706415685929752 0.55865729442855694 -0.066565204029642486 0.097359387734970854 0.2334353881403011 0.072170523892579191 0.50800253104208948 0.16822928400039069 1.121095921206507 -1.0225665607399292 0.028095304697620668 -0.30505838731801371 -0.35092228697723388 -0.80943899875580605 -0.26135395489560898 -0.7632875972378258 -1.7404918888865692 0.30998717712477913 0.88917173156676454 -0.93639564123884989 -1.0444659357341868 0.17087414298626916 0.24931887288900487 -1.4307088631735458 -0.36070490147888201 0.80814462559252231
decision_type=2 2 2 2 2 2 2 2 2 2 2 2 2 2 2 2 2 2 2 2 2 2 2 2 2 2 2 2 2 2
left_child=-1 8 7 4 -4 -6 -7 -3 27 10 13 12 -12 14 -10 17 -17 -15 20 -20 -19 22 -18 -23 25 -25 -27 28 29 -2
right_child=1 2 3 -5 5 6 -8 -9 9 -11 11 -13 -14 15 -16 16 21 18 19 -21 -22 23 -24 24 -26 26 -28 -29 -30 -31
leaf_value=0.0019798037299063628 -0.007311498873344916 -0.00089212938844054521 -0.00096352959004096603 0.0011963320953275441 -0.0030712352470506818 -0.019765473444524964 -0.0047027428373276519 0.0011876205625798225 -0.00071939848920853772 0.0012328639721819578 -0.01541541468433744 -0.00092209473593038525 0.0071548439707193115 0.001136184802662085 -0.014820275984208984 0.0075116404434795604 0.0015193795069555092 0.014315874456907763 -0.028532350220932413 -0.0083744425709920203 -0.0026797150865126873 -0.0090581123880519154 0.0094015893001563721 0.010858043946303365 -0.001262297737991157 -0.010407435690052808 0.013505590859461914 -2.8375258317650146e-05 -0.00039564770737564921 -1.6068990735503835e-05
leaf_weight=984 534 3258 1448 575 1202 68 78 2444 3170 9793 201 794 45 1779 117 593 838 33 26 181 731 114 247 161 994 50 22 50684 1523 257
leaf_count=984 534 3258 1448 575 1202 68 78 2444 3170 9793 201 794 45 1779 117 593 838 33 26 181 731 114 247 161 994 50 22 50684 1523 257
internal_value=4.38499e-12 -2.37692e-05 -0.000673846 -0.00181246 -0.00243122 -0.00400778 -0.0117183 -7.03769e-07 5.71525e-05 0.000508567 -0.000193992 -0.00337372 -0.0112867 0.000171171 -0.00122132 0.000964568 0.00241384 -0.000626469 -0.00385588 -0.0109064 -0.00194561 0.00116776 0.00331376 -0.00056857 0.000220189 0.00654462 -0.00310068 -0.000112254 -0.00194946 -0.00494118
internal_weight=82944 81960 9073 3371 2796 1348 146 5702 72887 19889 10096 1040 246 9056 3287 5769 3019 2750 971 207 764 2426 1085 1341 1227 233 72 52998 2314 791
internal_count=82944 81960 9073 3371 2796 1348 146 5702 72887 19889 10096 1040 246 9056 3287 5769 3019 2750 971 207 764 2426 1085 1341 1227 233 72 52998 2314 791
is_linear=0
shrinkage=0.05


Tree=187
num_leaves=31
num_cat=0
split_feature=107 85 4 81 94 138 61 112 66 79 12 76 43 5 4 113 85 121 104 88 114 81 139 124 3 106 140 115 157 4
split_gain=1.5545 3.14072 3.6766 3.7879 3.67389 3.66424 3.62813 3.66449 3.52737 2.98024 2.89609 2.83529 2.82143 4.19827 9.76501 8.92128 5.14333 5.76428 9.46254 8.90716 8.32172 8.75868 6.55628 8.32192 7.8162 6.46254 6.37895 6.79603 6.53485 8.12927
threshold=0.42110499641338023 0.47179012646832486 -0.09622736519010551 0.49145671047641387 0.47611411807216225 1.7285042529397037 0.8263546678706627 -0.35892932544505568 -0.58870476805364391 0.12271880865560307 -1.101414716639918 -1.9268895542941442 0.29512585756415105 0.53960840463852822 1.5636946843392165 -0.41751135849447091 0.037621481079813786 0.072031825321076229 -0.036199513137641179 -0.97189258176361049 -0.055806292825757074 0.21206042424765201 0.35462861271865725 0.24047116913803529 2.8203810515138259 0.044254209650655497 0.06488597175286831 -0.014403739029754007 -0.17427846833409141 -1.0585010170911617
decision_type=2 2 2 2 2 2 2 2 2 2 2 2 2 2 2 2 2 2 2 2 2 2 2 2 2 2 2 2 2 2
left_child=12 2 11 6 -3 -6 7 10 -8 -10 -4 -2 13 -1 16 -16 17 18 20 -19 21 -15 -21 24 -24 -22 27 28 -20 -30
right_child=1 4 3 -5 5 -7 8 -9 9 -11 -12 -13 -14 14 15 -17 -18 19 26 22 25 -23 23 -25 -26 -27 -28 -29 29 -31
leaf_value=-0.00028077664002559946 0.0043553594862461879 0.00047660519318317275 0.0070248384118747273 -0.00017712792829847193 -0.0016654463954749515 -0.010394622389412689 0.0011510306460880187 0.0004038375561021275 0.010567942941721914 0.0034999778954213183 0.0021555597228582329 -0.00037884277416542047 -0.00067203880788305539 0.0097531671142496654 -0.020467223361307799 -0.0031011558371656892 0.0019807452462848635 0.0073562196577870668 0.001068164569494059 -0.002811950864875048 -0.0030758735901951994 -0.0028748995897381804 0.0049300755006672871 -0.0036760928990881205 0.032176848900105269 0.0010250372366294479 -0.000122395618872534 0.014826225881279801 0.00010196837660645354 0.010641456906786981
leaf_weight=30625 338 3302 453 1840 1978 128 335 2011 348 261 937 4917 16659 380 86 528 6684 284 858 3236 2059 215 439 345 28 1801 865 163 269 572
leaf_count=30625 338 3302 453 1840 1978 128 335 2011 348 261 937 4917 16659 380 86 528 6684 284 858 3236 2059 215 439 345 28 1801 865 163 269 572
internal_value=1.25094e-12 0.000428732 0.000898102 0.00172432 -0.000564167 -0.00219599 0.00252954 0.00176834 0.00527196 0.00753882 0.00374245 -7.43403e-05 -0.000109285 8.03491e-05 0.000668244 -0.00553354 0.000877492 0.000237041 0.0011059 -0.00120344 -0.000314036 0.00519008 -0.00180397 0.00221306 0.00656372 -0.00116247 0.00342561 0.00507385 0.00413822 0.00727032
internal_weight=82944 16848 11440 6185 5408 2106 4345 3401 944 609 1390 5255 66096 49437 18812 614 18198 11514 7182 4332 4455 595 4048 812 467 3860 2727 1862 1699 841
internal_count=82944 16848 11440 6185 5408 2106 4345 3401 944 609 1390 5255 66096 49437 18812 614 18198 11514 7182 4332 4455 595 4048 812 467 3860 2727 1862 1699 841
is_linear=0
shrinkage=0.05


Tree=188
num_leaves=31
num_cat=0
split_feature=121 157 161 1 153 93 156 141 131 142 1 2 161 5 2 156 5 2 3 105 39 3 92 4 7 16 87 40 95 3
split_gain=1.51994 2.09144 2.51228 3.75948 10.125 2.40159 2.1027 2.12023 1.86358 1.82795 1.74495 6.97905 4.09926 4.67421 8.34829 4.07454 10.643 8.22994 7.67078 3.65354 4.07664 3.95949 3.46336 6.66405 4.97942 5.61233 4.57252 4.05437 4.58007 4.01663
threshold=-2.5158313168836002 -0.90839521789623068 -0.76213734878580341 0.011189796010572664 1.3962601108772676 0.95100375085286037 1.1133806251238731 0.74886919669546292 -0.25363875805836655 -1.3017133872397328 -0.51556909891384373 -1.0219206631466637 -0.76213734878580341 1.3068553720383922 0.028095304697620668 1.7077461606554207 -1.157767925009791 -0.47314681578331247 -0.99388104523293674 -0.22275193173966631 -2.2487225160401665 -1.5868423785307451 -0.11432168625881524 0.36085261946289604 0.1353617025487813 0.31117043572184849 0.77945389740329907 -0.43807246014107298 -0.75826818146579111 -1.0189666756474132
decision_type=2 2 2 2 2 2 2 2 2 2 2 2 2 2 2 2 2 2 2 2 2 2 2 2 2 2 2 2 2 2
left_child=1 9 3 4 6 -5 7 8 -3 -1 12 -12 13 19 -15 -14 17 -17 -18 -2 -21 -22 23 24 25 26 -13 28 -26 -24
right_child=10 2 -4 5 -6 -7 -8 -9 -10 -11 11 22 15 14 -16 16 18 -19 -20 20 21 -23 29 -25 27 -27 -28 -29 -30 -31
leaf_value=0.0083926932028844017 0.0040417257315227455 -0.012861487443470175 0.00080102882466209649 -0.002844230678713827 0.040122474675687657 0.014901000690985135 0.020662442645566031 0.011694081354566586 0.0033148942338143529 -0.0063612840872858695 -0.0073442212164552675 -0.0041021594355767537 -9.5654196219208785e-05 0.029728559418581425 -0.0032235473406979362 0.0079493695633264926 0.012152418639931467 0.033080669285522571 -0.0014595943254135956 -0.011559273401594987 0.021573155681076258 0.00075309368639386474 -0.0039783524964112768 0.00034778237110591053 0.012529994708136656 -0.00013266039017556373 0.00092202061395248397 -0.0012514141792103334 0.001328212269492492 0.00021152672212559681
leaf_weight=25 1045 21 1063 143 24 22 22 67 117 131 340 3701 23956 40 37 118 124 45 626 67 23 3198 582 8012 100 1770 516 2665 1043 33301
leaf_count=25 1045 21 1063 143 24 22 22 67 117 131 340 3701 23956 40 37 118 124 45 626 67 23 3198 582 8012 100 1770 516 2665 1043 33301
internal_value=-9.03083e-13 0.00150939 0.00209017 0.00538429 0.00923812 -0.0004782 0.00597281 0.00439637 0.000853271 -0.00399686 -3.03515e-05 -0.000204109 0.000278423 0.00168335 0.0138944 2.92878e-05 0.00330761 0.0148875 0.000790925 0.00146635 0.000647842 0.000901762 -0.000157144 -0.000721705 -0.00159651 -0.0024956 -0.00348739 -0.000182955 0.00230825 0.000139558
internal_weight=82944 1635 1479 416 251 165 227 205 138 156 81309 52030 29279 4410 77 24869 913 163 750 4333 3288 3221 51690 17807 9795 5987 4217 3808 1143 33883
internal_count=82944 1635 1479 416 251 165 227 205 138 156 81309 52030 29279 4410 77 24869 913 163 750 4333 3288 3221 51690 17807 9795 5987 4217 3808 1143 33883
is_linear=0
shrinkage=0.05


Tree=189
num_leaves=31
num_cat=0
split_feature=94 158 158 1 0 150 13 1 0 0 159 15 3 30 18 150 63 56 5 115 3 160 125 118 119 5 32 95 44 92
split_gain=1.48244 3.06293 4.11157 3.13966 3.58725 3.30674 3.06632 2.88207 3.23526 2.71939 5.04124 2.85798 2.46868 5.10198 2.434 2.3245 2.45455 2.19734 2.18447 2.58214 2.15217 4.01245 2.70306 2.62628 2.1325 2.12768 2.0675 3.95366 4.53592 4.74444
threshold=-0.86480176190266089 1.0152913959681018 0.74090168677658708 0.55429999050409851 0.85742682209383947 1.7588134721270612 -2.4893492283385061 1.5496670761386053 0.64877374979382108 -0.019166110730383889 -0.38504876088951151 0.09854610429339998 -0.10171535485937946 -1.2972475370362004 0.3539814103182532 -2.5997322331802226 -2.6908330878318107 0.73936945352207162 0.70535813777146761 -1.0353603529330584 0.54096409514783506 1.0000000180025095e-35 -0.23838191563300951 0.53302744986212347 0.059883825695291208 0.80943899875580572 0.018581345154599461 -0.022707039714881246 -0.19213888502879414 0.43099713221144925
decision_type=2 2 2 2 2 2 2 2 2 2 2 2 2 2 2 2 2 2 2 2 2 2 2 2 2 2 2 2 2 2
left_child=1 2 3 5 7 15 -7 8 14 12 11 -11 -3 -14 -5 -1 -17 -8 -6 24 -18 -22 23 -23 -20 -21 27 28 -2 -30
right_child=26 9 -4 4 18 6 17 -9 -10 10 -12 -13 13 -15 -16 16 20 -19 19 25 21 22 -24 -25 -26 -27 -28 -29 29 -31
leaf_value=0.0061795108800098489 0.00067228720241970517 -0.0012967277197252682 0.0037802200453933518 0.0010216346002326318 0.011178270873591998 0.017167668626643717 0.0063747468467460879 -0.01548450960845296 -0.014746519777793111 0.0062824220902731893 0.00061445344357809227 0.031794888668117076 -0.030402633064382137 -0.0044772797281886949 -0.0089470057993415088 0.010800062900964628 0.00016157643118375875 -0.00075486510553343005 0.022012295369945825 -0.014434868274256588 -0.0036643986923688013 0.0079257552008665019 0.0032104032377864482 0.025424040302734926 0.002968401359085336 -0.00079199028553784436 -0.00040521381888278496 0.00053869599795204636 -0.001503757683682075 0.0012401768939885515
leaf_weight=184 5927 1571 1121 219 43 46 280 62 57 23 394 21 21 197 85 57 5644 176 21 30 96 51 98 37 49 603 29442 25201 9291 1897
leaf_count=184 5927 1571 1121 219 43 46 280 62 57 23 394 21 21 197 85 57 5644 176 21 30 96 51 98 37 49 603 29442 25201 9291 1897
internal_value=2.81068e-12 0.000535382 0.000947889 0.000542805 -0.00184738 0.000961778 0.00486411 -0.00552565 -0.00381526 -0.00112409 0.00240704 0.0184588 -0.00198862 -0.00697468 -0.00176565 0.000644124 0.00047389 0.00362297 0.000238283 -0.000430877 0.000374566 0.00463738 0.00892216 0.015283 0.00868157 -0.00143857 -8.3458e-05 0.000140409 -0.00044605 -0.00103851
internal_weight=82944 11186 8959 7838 1169 6669 502 423 361 2227 438 44 1789 218 304 6167 5983 456 746 703 5926 282 186 88 70 633 71758 42316 17115 11188
internal_count=82944 11186 8959 7838 1169 6669 502 423 361 2227 438 44 1789 218 304 6167 5983 456 746 703 5926 282 186 88 70 633 71758 42316 17115 11188
is_linear=0
shrinkage=0.05


Tree=190
num_leaves=31
num_cat=0
split_feature=147 64 5 111 162 62 51 2 101 114 125 114 45 137 33 33 97 156 7 28 94 4 85 158 0 1 3 151 63 30
split_gain=1.4699 2.61195 3.2131 4.86951 10.67 5.61752 6.94167 5.6899 5.38378 5.69129 10.3883 9.13687 6.11268 5.37914 7.24148 7.02116 5.56737 10.3874 12.9725 6.58554 5.36516 5.74871 6.21734 5.52657 8.91434 7.47706 6.19579 7.56759 5.35617 5.33626
threshold=-0.25189907124374883 0.16460740092826401 -0.30505838731801371 -0.01348283248695308 0.34815531191139576 -0.0040156577091511351 -0.11062512211777867 1.6024442575803883 -0.13022013589351636 -0.014374106163735667 -0.0090463807722631229 -0.070140955631566665 0.58054432911723886 1.0000000180025095e-35 -0.04552924700161852 0.014087552879919881 0.035919538584161893 1.1133806251238731 0.05089445892156369 1.0000000180025095e-35 0.080471295014366256 -0.28868209557031649 -0.13670936307782286 -1.0174668528413875 1.3243607389873564 -0.16972781878598223 3.6202699090239405 0.13031733788224936 0.19281196275500667 -0.12509449610008358
decision_type=2 2 2 2 2 2 2 2 2 2 2 2 2 2 2 2 2 2 2 2 2 2 2 2 2 2 2 2 2 2
left_child=-1 2 -2 4 -4 29 -7 -8 -5 10 -10 -12 -13 14 -11 16 17 19 -19 -16 21 -15 -23 24 -24 -25 27 -27 -9 -6
right_child=1 -3 3 8 5 6 7 28 9 13 11 12 -14 20 15 -17 -18 18 -20 -21 -22 22 23 25 -26 26 -28 -29 -30 -31
leaf_value=0.00033688559957725187 -0.00040327972287681021 -0.00063775038310618726 0.000997990301717351 -0.0001419531723235414 0.00011989919312844161 -0.003936436363713664 0.00061967715364148258 0.0057602406384271139 0.00016500646509165571 -0.00074103084693074618 0.0041582844119269014 0.013985728425639877 -0.011487941831350327 0.0017749086677862841 -0.00074940933221681182 0.0024058751394780073 0.0040195896766916225 0.012980452240647181 0.068040547970740592 0.019684906354300244 0.0028765338610712878 0.0011366817104556648 -0.0052987229982439515 0.0021177456916082016 0.028770631598308685 -0.013143045695938771 0.012110423508354208 -0.040678606699738246 0.026920088732967508 -0.0049759332787124595
leaf_weight=23288 18668 17854 7404 4219 704 812 1307 156 1208 760 1366 406 25 448 69 565 148 23 20 92 606 266 96 94 24 329 22 27 37 1901
leaf_count=23288 18668 17854 7404 4219 704 812 1307 156 1208 760 1366 406 25 448 69 565 148 23 20 92 606 266 96 94 24 329 22 27 37 1901
internal_value=-2.63072e-12 -0.000131511 8.47089e-05 0.000478492 -0.000201083 -0.00200664 -0.000212728 0.00180304 0.00125284 0.00214526 0.0037506 0.00616095 0.0125081 0.000801149 0.00286804 0.0058592 0.0114022 0.0167582 0.0385898 0.0109273 -0.0010117 -0.00281589 -0.00521295 -0.008066 0.00151515 -0.0105019 -0.0136401 -0.0152314 0.00981679 -0.00359879
internal_weight=82944 59656 41802 23134 12321 4917 2312 1500 10813 6594 3005 1797 431 3589 1677 917 352 204 43 161 1912 1306 858 592 120 472 378 356 193 2605
internal_count=82944 59656 41802 23134 12321 4917 2312 1500 10813 6594 3005 1797 431 3589 1677 917 352 204 43 161 1912 1306 858 592 120 472 378 356 193 2605
is_linear=0
shrinkage=0.05


Tree=191
num_leaves=31
num_cat=0
split_feature=91 147 2 6 151 0 0 118 5 156 145 20 154 60 3 87 58 3 0 158 21 5 157 55 158 115 46 102 30 146
split_gain=1.44236 4.16064 3.8663 6.42902 5.18255 3.32521 3.79026 5.16477 9.657 12.1749 5.66213 3.1993 3.82585 3.1842 4.81794 12.548 3.29117 3.89327 3.03097 8.97583 10.6914 3.71626 4.6438 7.70072 5.24764 6.10342 4.76237 4.03489 3.65717 3.4747
threshold=-0.071738487756928745 0.08802846707145652 3.1142813650749193 0.090936121084365509 0.068656242043090634 -0.11509293106467332 0.097081496934575684 -0.0097267989952692282 0.9986416979679581 1.1133806251238731 0.10629774759115813 -0.92746758295117326 -1.6932369247192132 -0.11020874865109327 0.78391736070560258 -0.031020405220305143 -0.0024596085277841643 0.70427092722642304 -0.225150421269219 -1.7404918888865692 0.15787696654421898 0.65128935879489425 1.0000000180025095e-35 -0.34367387358327972 1.0152913959681018 0.079837047512704554 -0.83201103908133123 -0.11159446858951828 0.049427410881301571 0.068188104276065059
decision_type=2 2 2 2 2 2 2 2 2 2 2 2 2 2 2 2 2 2 2 2 2 2 2 2 2 2 2 2 2 2
left_child=1 5 -3 4 -4 13 7 8 -7 -10 -11 12 -8 14 18 -16 17 -15 21 20 -20 -1 23 29 25 -25 -27 -24 -26 -23
right_child=-2 2 3 -5 -6 6 11 -9 9 10 -12 -13 -14 16 15 -17 -18 -19 19 -21 -22 22 27 24 28 26 -28 -29 -30 -31
leaf_value=0.00052410328462672718 -0.00017050134558645844 -0.00048898540082241123 0.038878913941216134 -0.0038879193712537197 0.0081479694694280621 0.0030485960445208447 0.019701300306478514 0.000974818070318561 0.0076098439825831787 0.02055025115195248 0.050237265897208255 0.00070463313024059985 0.0035549025904504442 0.00043113106807165732 0.038376504251112546 -0.0054076511438729035 -0.0018364422062694475 0.017481178030207316 -0.051438673064112664 -5.1986420897796874e-05 -0.0051096507263454528 0.015711444279161067 0.0035073464355616815 0.0027642990695312623 -0.0028761821325557929 -0.0028075511561167477 -0.025219533793509955 0.017488557737389551 0.015980065468077859 0.0022529811596398485
leaf_weight=2984 49706 13570 23 51 34 506 40 845 140 36 29 8202 443 2195 30 36 3050 34 20 265 33 104 98 66 60 38 63 109 45 89
leaf_count=2984 49706 13570 23 51 34 506 40 845 140 36 29 8202 443 2195 30 36 3050 34 20 265 33 104 98 66 60 38 63 109 45 89
internal_value=-9.7483e-13 0.000254977 -0.000413991 0.00900891 0.0205482 0.000722777 0.00134466 0.00361721 0.00675761 0.0159125 0.0337952 0.00093751 0.00489208 3.93665e-05 0.00109587 0.0144942 -0.000769171 0.000691204 0.00087335 -0.00380871 -0.0225923 0.0012806 0.00463979 0.00186659 -0.00355346 -0.00906032 -0.0167873 0.0108694 0.00520507 0.00950521
internal_weight=82944 33238 13678 108 57 19560 10241 1556 711 205 65 8685 483 9319 4040 66 5279 2229 3974 318 53 3656 672 465 272 167 101 207 105 193
internal_count=82944 33238 13678 108 57 19560 10241 1556 711 205 65 8685 483 9319 4040 66 5279 2229 3974 318 53 3656 672 465 272 167 101 207 105 193
is_linear=0
shrinkage=0.05


Tree=192
num_leaves=31
num_cat=0
split_feature=1 2 3 4 157 162 4 5 11 3 0 93 93 0 3 2 3 1 4 4 1 2 17 4 0 156 156 4 4 139
split_gain=1.61839 8.45758 8.23848 6.01236 7.12914 7.0719 5.78209 5.53359 5.63911 5.15268 7.94447 7.72155 8.19698 5.41829 4.59835 9.05037 5.98896 9.38851 6.92076 13.9912 16.436 20.9716 16.1958 11.3889 7.91607 7.8783 11.0381 22.2837 19.8158 7.53175
threshold=1.8972770430843779 1.650106801632915 2.8203810515138259 0.40896630205794887 -0.081021797575027532 -1.0444659357341868 -0.76981892152084441 0.9986416979679581 -0.096361084376010056 1.4061233754843154 1.0372302355969312 -0.083360066666397961 0.13781752839213166 1.5306070063045729 2.5256283651572891 1.5009240506625046 1.7319852129670281 0.62723882848111179 0.52925050854558098 -0.21651157167773741 1.5916682534707276 1.4305678151386705 0.0061379169387877335 0.096227365190105607 1.1886801523615211 -0.066328909107563699 1.1133806251238731 -0.64953471503321258 -0.76981892152084441 0.11703995183120273
decision_type=2 2 2 2 2 2 2 2 2 2 2 2 2 2 2 2 2 2 2 2 2 2 2 2 2 2 2 2 2 2
left_child=2 3 14 4 6 -5 -2 8 -3 13 11 -11 -13 -9 16 -16 -1 -18 19 25 23 22 -22 -21 -20 -19 28 -28 -27 -25
right_child=1 7 -4 5 -6 -7 -8 9 -10 10 -12 12 -14 -15 15 -17 17 18 24 20 21 -23 -24 29 -26 26 27 -29 -30 -31
leaf_value=-4.1895061141965703e-06 0.00096295183175243437 0.003400613845174981 0.024661805404021461 0.020233365055173636 -0.002706195837210702 -0.0048877266537389295 -0.026365668442846074 0.0098289924738791737 -0.021418410427868368 -0.022122735296048829 0.0003368748728195325 0.0019524423514498226 -0.019645521014739396 -0.012184562330367044 0.0054707828524717412 -0.026113362321242069 -0.013370611570361589 0.0094270868239393225 0.0077244994762939601 -0.014794618840452892 0.08276887118816377 0.012362910955168963 0.026405238639563323 0.020746256929123776 -0.0054972563022099123 0.002590769798929601 0.00047745442334417025 0.054951861974867913 -0.027460080370034896 -0.0060712303022026192
leaf_weight=76516 24 37 34 31 92 291 100 221 60 74 3610 172 59 32 43 48 81 242 178 49 25 74 26 96 311 143 128 22 89 36
leaf_count=76516 24 37 34 31 92 291 100 221 60 74 3610 172 59 32 43 48 81 242 178 49 25 74 26 96 311 143 128 22 89 36
internal_value=9.12148e-13 -0.000890845 5.47565e-05 -0.00679836 -0.013252 -0.00246924 -0.0210763 -0.000145653 -0.0119514 0.000129096 -0.000317811 -0.00806671 -0.00356392 0.00704467 4.40451e-05 -0.011189 5.71476e-05 0.00318599 0.00413109 0.00666311 0.0154208 0.0293649 0.0540345 0.00579083 -0.000684429 0.0023685 -0.00210317 0.00846703 -0.00893736 0.0134324
internal_weight=82944 4803 78141 538 216 322 124 4265 97 4168 3915 305 231 253 78107 91 78016 1500 1419 930 306 125 51 181 489 624 382 150 232 132
internal_count=82944 4803 78141 538 216 322 124 4265 97 4168 3915 305 231 253 78107 91 78016 1500 1419 930 306 125 51 181 489 624 382 150 232 132
is_linear=0
shrinkage=0.05


Tree=193
num_leaves=31
num_cat=0
split_feature=1 2 5 2 5 64 3 3 156 5 2 3 0 4 0 5 158 5 4 1 2 2 5 4 158 156 155 0 0 0
split_gain=1.52419 6.45668 3.70164 9.04971 4.85734 5.3174 5.65161 4.1879 3.50874 9.35591 7.43724 6.63939 3.90936 3.53926 5.92103 4.8092 7.05989 8.60727 7.81392 10.4332 9.98376 7.44545 8.51158 7.54369 8.72097 7.99106 5.80996 5.63633 5.34039 6.31614
threshold=-0.51556909891384373 -0.92765860143702017 1.3068553720383922 -0.1092172247723741 1.2543280627517379 0.010568971372788805 0.20902536017875248 -0.138033055586851 1.7077461606554207 -1.157767925009791 -0.47314681578331247 -0.99388104523293674 1.7273137874823077 -1.5396378430416895 -0.73023681078579361 -1.2818148012909092 -1.7404918888865692 -1.414100355047595 1.2750125887688994 -0.61259321683284351 -0.40850848262624906 -0.85432009147576993 -1.3816171070226446 -0.2646252542727906 0.74090168677658708 1.0000000180025095e-35 0.2631045091010818 0.21442066219828979 1.0042330723168871 1.0983238223114637
decision_type=2 2 2 2 2 2 2 2 2 2 2 2 2 2 2 2 2 2 2 2 2 2 2 2 2 2 2 2 2 2
left_child=2 -2 4 -4 8 -6 -7 -5 13 10 -10 -11 -12 14 -1 16 17 -15 19 -19 27 22 -18 25 -25 -23 -20 -21 -17 -30
right_child=1 -3 3 7 5 6 -8 -9 9 11 12 -13 -14 15 -16 28 21 18 26 20 -22 23 -24 24 -26 -27 -28 -29 29 -31
leaf_value=0.0014679106109872864 -0.0056731794626158115 -0.00010584428333370346 0.028856565854034556 -0.018310301005840302 -0.00077906007645651705 -0.041801840273282403 -0.0050774784199893478 0.0061565741888655687 0.0075820266227711432 0.011197420549438918 0.045257804671018677 -0.0010589801906222965 0.015717580000914277 -0.018781500985579833 -0.0049610525713691782 0.00014740750410281318 -0.0085008924291837262 0.0047939982156984494 -0.019272644931779187 -0.012521908183086228 -0.030169717040622518 0.012104354897433604 0.0021526229247723857 0.0054388405830462375 -0.0027164198876831252 0.0011223243021239503 0.0077371987908218922 0.0062601706492420046 -0.015724429199386627 -0.002106140361627503
leaf_weight=626 526 52477 39 23 56 22 20 73 118 133 24 653 21 70 837 22696 253 556 85 77 42 525 724 905 514 242 26 83 109 389
leaf_count=626 526 52477 39 23 56 22 20 73 118 133 24 653 21 70 837 22696 253 556 85 77 42 525 724 905 514 242 26 83 109 389
internal_value=-1.49762e-13 -0.000161094 0.000285177 0.00854592 0.000247762 -0.0108655 -0.024314 0.000294719 0.000284422 0.00327574 0.0141775 0.00101494 0.0314724 0.000185713 -0.00221018 0.000314127 0.00189227 -0.00191477 -0.000556117 0.00125823 -0.00847387 0.00302247 -0.000606169 0.00464424 0.00248479 0.00863936 -0.012946 -0.0027787 3.50224e-05 -0.00508685
internal_weight=82944 53003 29941 135 29806 98 42 96 29708 949 163 786 45 28759 1463 27296 4102 939 869 758 202 3163 977 2186 1419 767 111 160 23194 498
internal_count=82944 53003 29941 135 29806 98 42 96 29708 949 163 786 45 28759 1463 27296 4102 939 869 758 202 3163 977 2186 1419 767 111 160 23194 498
is_linear=0
shrinkage=0.05


Tree=194
num_leaves=31
num_cat=0
split_feature=121 158 3 159 0 23 31 109 45 1 161 153 22 4 2 34 138 51 86 155 89 102 1 94 90 157 76 4 127 158
split_gain=1.45815 3.6074 5.45216 5.28398 11.2863 4.42677 5.51701 4.25932 4.09613 4.02492 3.88071 5.57331 5.06751 4.20174 5.39478 4.67048 5.92478 3.98943 4.83466 4.54622 3.92853 3.99872 3.86333 3.70409 3.58262 3.50956 3.42954 3.42233 4.29266 5.24759
threshold=-0.21042212924988216 1.0152913959681018 -0.16326419802468903 0.38504876088951162 0.16822928400039069 -0.54601647093990258 -0.37511284467911415 2.5537173002893963 1.5914293878362284 0.39507265585474521 -0.76213734878580341 -2.1164547993574279 1.4319422210063737 -1.1547283822812668 1.1451585094059384 0.57101154381316288 0.46288280103252227 0.029686502382575409 0.75748735595382455 2.0995937874135131 0.47469735986143241 0.056370420452852829 -0.038199108313577555 -0.22239452967012496 0.48344768305958585 -0.081021797575027532 -0.86000470843099353 1.2750125887688994 0.14336273545780334 0.37100531152934357
decision_type=2 2 2 2 2 2 2 2 2 2 2 2 2 2 2 2 2 2 2 2 2 2 2 2 2 2 2 2 2 2
left_child=1 5 9 4 7 6 -1 -4 -8 -3 11 23 13 14 -13 17 -17 19 20 26 21 -19 -20 -7 -6 -25 -15 -12 29 -29
right_child=-2 2 3 -5 24 10 8 -9 -10 -11 27 12 -14 15 -16 16 -18 18 22 -21 -22 -23 -24 25 -26 -27 -28 28 -30 -31
leaf_value=0.0015645208755526085 -0.00013326611139528587 -2.3467266326997037e-05 -0.0037494016405962313 0.00018574357124436218 -0.03947253945854403 0.0012672221482110521 -0.0012557038709251546 -0.02117663569295326 -0.008881834729580913 0.019722491825142734 0.00010165502952209701 -0.001352590793502777 0.0091305211085657197 0.008401180856099413 -0.024330348360041779 -0.0035701176430614312 0.0052956221699459625 0.010081831567551477 0.007065466169769101 -0.012083221368207518 -0.00023937390123623923 0.0035565032980230172 -0.0036750375987171071 -0.0037822818063432354 -0.013427661488885466 -0.024599223514655377 0.0009450627966999059 0.0028523715054894257 -0.00022722295084860852 0.012018822956360082
leaf_weight=2100 59073 3480 669 522 31 72 3651 37 185 26 7324 172 288 184 30 564 283 705 131 59 172 352 232 40 23 41 953 645 694 206
leaf_count=2100 59073 3480 669 522 31 72 3651 37 185 26 7324 172 288 184 30 564 283 705 131 59 172 352 232 40 23 41 953 645 694 206
internal_value=-7.69799e-13 0.00032979 -0.000897304 -0.00368753 -0.00634786 0.000637673 -0.000495657 -0.00466273 -0.00162349 0.000122966 0.00114938 0.00238627 0.00273384 0.00225371 -0.00476513 0.00264375 -0.000607893 0.00363161 0.00527096 0.00144946 0.00676844 0.00790878 0.000201012 -0.00698444 -0.0283794 -0.0143193 0.00215168 0.000552766 0.00269124 0.00507128
internal_weight=82944 23871 4788 1282 760 19083 5936 706 3836 3506 13147 4278 4125 3837 202 3635 847 2788 1592 1196 1229 1057 363 153 54 81 1137 8869 1545 851
internal_count=82944 23871 4788 1282 760 19083 5936 706 3836 3506 13147 4278 4125 3837 202 3635 847 2788 1592 1196 1229 1057 363 153 54 81 1137 8869 1545 851
is_linear=0
shrinkage=0.05


Tree=195
num_leaves=31
num_cat=0
split_feature=1 2 3 4 157 162 4 5 47 3 0 93 93 0 3 2 3 1 72 37 76 154 47 100 156 16 64 85 8 156
split_gain=1.43919 7.64839 7.43228 5.44582 6.52937 5.89872 5.35036 5.00406 5.43831 4.65085 7.16498 6.96997 7.40026 4.89823 4.12475 8.04731 5.40804 8.47862 6.43018 6.85835 9.92858 7.8819 6.29882 7.95839 11.88 11.4838 5.80463 5.21324 5.0231 4.53361
threshold=1.8972770430843779 1.650106801632915 2.8203810515138259 0.38490946076042243 -0.081021797575027532 -1.0444659357341868 -0.76981892152084441 0.9986416979679581 -0.088383730941044944 1.4061233754843154 1.0372302355969312 -0.083360066666397961 0.13781752839213166 1.5306070063045729 2.5256283651572891 1.5009240506625046 1.7319852129670281 0.62723882848111179 0.0075165111389693335 -0.15670952379695177 0.048571954839120621 -0.026105299480759469 -0.041318678237875592 -0.030257313972870545 1.0000000180025095e-35 1.0000000180025095e-35 -0.0037072788467359548 0.048395533714487009 -0.01498585139729039 -0.89145085320713391
decision_type=2 2 2 2 2 2 2 2 2 2 2 2 2 2 2 2 2 2 2 2 2 2 2 2 2 2 2 2 2 2
left_child=2 3 14 4 6 -5 -2 8 -3 13 11 -11 -13 -9 16 28 -1 -18 19 -19 22 26 -21 -24 -25 -26 -22 29 -16 -20
right_child=1 7 -4 5 -6 -7 -8 9 -10 10 -12 12 -14 -15 15 -17 17 18 27 20 21 -23 23 24 25 -27 -28 -29 -30 -31
leaf_value=-4.414761361088163e-06 0.00092675970129979166 0.0027745791268534957 0.02342370150247863 0.017664343529296193 -0.0025903088217803642 -0.0046414578019805764 -0.025413653508722024 0.0093473666293833121 -0.021275715814217142 -0.021008123478827044 0.00032699328499978861 0.0018657829615539266 -0.018655728467274459 -0.011583100567804649 -0.012379296283082417 -0.024670446600066499 -0.012706766205259174 -0.0010470984998391941 0.0085543277714168666 0.0080781915740562212 0.020225937659557824 -0.0037730225187633786 0.0049395584817736966 0.015045731810150082 0.071961613013767287 0.024500144639052451 -0.002988092517719055 0.0069857682174188085 0.02180835664317287 -0.0044631583432615737
leaf_weight=76516 24 40 34 33 92 291 98 221 57 74 3610 172 59 32 21 48 81 184 80 104 87 156 39 54 26 25 39 217 22 408
leaf_count=76516 24 40 34 33 92 291 98 221 57 74 3610 172 59 32 21 48 81 184 80 104 87 156 39 54 26 25 39 217 22 408
internal_value=-1.21107e-12 -0.000840079 5.16361e-05 -0.00645789 -0.0126477 -0.00236957 -0.0202319 -0.000131431 -0.0113581 0.000129842 -0.000294746 -0.00765369 -0.00337564 0.00670003 4.14622e-05 -0.0105974 5.38717e-05 0.0030271 0.00392523 0.00726977 0.0101571 0.00373947 0.0174546 0.0242265 0.0313902 0.0486962 0.0130406 0.000537999 0.00511206 -0.00232914
internal_weight=82944 4803 78141 538 214 324 122 4265 97 4168 3915 305 231 253 78107 91 78016 1500 1419 714 530 282 248 144 105 51 126 705 43 488
internal_count=82944 4803 78141 538 214 324 122 4265 97 4168 3915 305 231 253 78107 91 78016 1500 1419 714 530 282 248 144 105 51 126 705 43 488
is_linear=0
shrinkage=0.05


Tree=196
num_leaves=31
num_cat=0
split_feature=24 11 43 48 75 156 40 12 9 162 3 113 2 0 3 26 16 123 55 112 39 2 129 19 60 117 4 158 3 3
split_gain=1.43294 4.12097 2.57373 2.3191 2.2396 5.45428 2.4421 2.20015 2.25002 1.99824 2.84621 1.81016 2.08986 3.39292 2.27879 1.75992 1.64713 2.80908 2.30056 2.3044 2.23878 3.76026 2.11015 2.08529 1.93265 3.03489 3.39625 11.0845 12.0853 10.3445
threshold=1.4057941327149277 0.336556618536619 -1.4783422860620574 -0.89796618726781274 0.20878034955322408 -1.0580783826687084 0.18289570541881214 -2.5112382834811942 0.34776564517295866 0.34815531191139576 -0.30142450180902586 1.2574802335100885 -0.07651102059417908 -0.28046261170556858 -0.20290485855774529 0.5574094125879151 -1.3881204708776778 -1.6626336514300937 0.77097209254001953 -2.7810512346596554 0.36330836925268489 0.038599347658836443 2.0067129178739118 0.79147399457998435 0.42802180911776461 -0.46890948247681424 -0.2646252542727906 -0.277549793911822 -1.5868423785307451 2.2740615210686186
decision_type=2 2 2 2 2 2 2 2 2 2 2 2 2 2 2 2 2 2 2 2 2 2 2 2 2 2 2 2 2 2
left_child=16 2 -2 4 -4 -6 -7 -3 9 -9 -11 12 -10 14 -14 -5 17 20 23 -20 -1 -22 24 -19 25 -18 27 29 -29 -27
right_child=1 7 3 15 5 6 -8 8 11 10 -12 -13 13 -15 -16 -17 22 18 19 -21 21 -23 -24 -25 -26 26 -28 28 -30 -31
leaf_value=-0.0014288812809778999 -0.0050508426363301724 0.01386925960284506 3.0508434507422724e-05 0.0016392706095366993 -0.027052133355339594 0.0018729541345443444 -0.0085421174140356028 0.0028811095486087068 0.0020650492682093582 0.0011894105852998825 -0.0071005712036585223 0.013679349747299395 0.031267023333348333 0.0022883889249483633 0.011407366045750678 -0.00099328983141482919 0.0009697500476144893 -0.0020624137992498117 0.012293778362006626 0.00067678206951974306 -0.0066887863251332454 -0.029815915490034969 0.0019177262480721173 0.00096452649222654246 -0.00056268959098002946 -0.0011280616162492412 -0.00042262638463516806 0.020924239750806387 0.0010640461128692371 -0.021178077834729966
leaf_weight=180 254 43 325 1886 28 106 120 726 381 356 146 54 20 88 52 957 8458 2462 44 1432 145 20 1414 740 13856 6248 27510 77 14751 65
leaf_count=180 254 43 325 1886 28 106 120 726 381 356 146 54 20 88 52 957 8458 2462 44 1432 145 20 1414 740 13856 6248 27510 77 14751 65
internal_value=7.37216e-13 0.000776667 -0.000194748 0.000165699 -0.00271859 -0.00623614 -0.00365717 0.00269034 0.00242666 0.00120394 -0.00122162 0.0049502 0.0040789 0.00887439 0.0169239 0.000753108 -5.56095e-05 -0.000931162 -0.000610055 0.00102309 -0.00528519 -0.00949207 5.15258e-06 -0.00136287 -3.29561e-05 9.55699e-05 -5.64068e-05 0.000420141 0.00116718 -0.0013345
internal_weight=82944 5542 3676 3422 579 254 226 1866 1823 1228 502 595 541 160 72 2843 77402 5023 4678 1476 345 165 72379 3202 70965 57109 48651 21141 14828 6313
internal_count=82944 5542 3676 3422 579 254 226 1866 1823 1228 502 595 541 160 72 2843 77402 5023 4678 1476 345 165 72379 3202 70965 57109 48651 21141 14828 6313
is_linear=0
shrinkage=0.05


Tree=197
num_leaves=31
num_cat=0
split_feature=1 2 159 2 158 1 3 4 0 2 4 157 162 2 0 159 159 0 159 0 158 2 99 1 2 158 4 157 3 2
split_gain=1.43718 5.91802 3.3425 5.9446 8.6354 17.4225 11.5787 7.43605 8.8106 7.34244 7.15397 7.61345 6.99164 6.85031 6.22761 6.21846 5.85389 5.74568 5.62309 5.12832 4.9217 6.09222 5.63235 9.12334 4.86569 4.6476 5.42252 5.53966 4.42771 4.25197
threshold=-0.51556909891384373 -1.0219206631466637 0.77009752177902324 -0.72269348850110127 -1.7404918888865692 -0.70980694792701493 -1.4089851800967128 -0.24056841297526424 0.07702860807605269 -0.24277893966355693 -1.2990694300664256 0.50473852548825293 -0.34815531191139565 -0.47850146518391307 0.21442066219828979 1.0588840924461571 1.6364572337804246 -0.21511525362938991 1.1551462826685348 0.21442066219828979 -1.7404918888865692 -1.5003388811877352 -0.021539169557062782 -0.59795434504505962 -0.12546019949047627 0.74090168677658708 0.96227365190105629 -0.67395931651051355 -0.15491567656488911 -0.60188752348017083
decision_type=2 2 2 2 2 2 2 2 2 2 2 2 2 2 2 2 2 2 2 2 2 2 2 2 2 2 2 2 2 2
left_child=2 -2 24 10 5 6 -5 8 13 16 11 -4 28 29 -8 -13 19 -9 -10 -7 21 -14 23 -22 -1 26 27 -19 -12 -6
right_child=1 -3 3 4 7 9 14 17 18 -11 12 15 20 -15 -16 -17 -18 25 -20 -21 22 -23 -24 -25 -26 -27 -28 -29 -30 -31
leaf_value=0.00013333144577403925 -0.0067124377350591055 -0.00011385121076909786 -0.0022686790000777182 0.044736237682047347 0.015701919119982494 -0.013847279898480431 -0.0087281836463371284 -0.017782142634193102 0.010768294908230865 -0.030639687239785086 -0.0014617793909092616 -0.0049409651658092833 -0.019521455012727531 0.011796707578605226 0.015549345560637967 -0.029853156466375697 -0.03274987616709301 0.020381199839924063 0.0012962492795271291 0.0038986245317140684 0.0072444107276838157 0.00072971295515472472 0.0013628555659805054 0.032903815716361771 -0.0057948317152562096 -0.0021656388191724943 0.0094574521589053193 -0.00026327919883967378 -0.012358818700158737 0.045244017911368402
leaf_weight=24966 342 52661 253 21 21 79 50 36 258 44 385 46 40 171 56 55 21 35 399 84 310 519 389 39 351 370 337 454 123 29
leaf_count=24966 342 52661 253 21 21 79 50 36 258 44 385 46 40 171 56 55 21 35 399 84 310 519 389 39 351 370 337 454 123 29
internal_value=2.44679e-12 -0.000156428 0.000276917 0.00151306 0.00319086 -0.00402403 0.0108174 0.00440474 0.00792082 -0.012291 -0.000402535 -0.00690165 0.000872083 0.0165568 0.00409768 -0.018507 -0.00790325 0.00189897 0.00501587 -0.00470215 0.00281961 -0.000719387 0.00550023 0.0101118 5.11422e-05 0.00249138 0.00457745 0.00121434 -0.00410024 0.0328363
internal_weight=82944 53003 29941 4624 2465 355 127 2110 878 228 2159 354 1805 221 106 101 184 1232 657 163 1297 559 738 349 25317 1196 826 489 508 50
internal_count=82944 53003 29941 4624 2465 355 127 2110 878 228 2159 354 1805 221 106 101 184 1232 657 163 1297 559 738 349 25317 1196 826 489 508 50
is_linear=0
shrinkage=0.05


Tree=198
num_leaves=31
num_cat=0
split_feature=14 99 1 5 145 87 2 0 11 158 14 125 74 141 61 2 99 26 53 162 1 2 98 4 5 4 67 4 156 35
split_gain=1.42615 2.23806 3.39529 3.5091 2.44759 2.40187 2.34138 1.93111 1.85021 3.23557 3.76334 3.54618 2.77285 3.38318 3.56244 3.72503 7.71748 3.93785 3.65201 3.47211 8.20544 6.22447 5.27258 6.86628 10.1506 12.4855 4.81612 4.54749 11.2694 12.8023
threshold=-1.4757773432319463 0.17607615109164212 0.48370469655803267 0.9074519576230029 -1.2489351714827213 0.18537388466193983 0.57392435109494455 -1.0639305915077231 0.99746481129532938 1.0152913959681018 1.6984685414482483 -0.69474476671278085 0.7842590909913828 -0.17455012883867244 0.023126174690181564 4.2843765881725044 -0.066342294285405334 0.018279716009044399 -0.07090012906414396 -1.0444659357341868 2.9043329545265064 3.1142813650749193 0.043479903961227938 0.45707998465300176 1.3293991099848375 0.57736419114063386 0.24055120938419178 -1.3952967952565312 0.30811198432798453 -0.096481595740049414
decision_type=2 2 2 2 2 2 2 2 2 2 2 2 2 2 2 2 2 2 2 2 2 2 2 2 2 2 2 2 2 2
left_child=1 2 3 7 -3 -4 -5 -1 12 10 -10 -12 13 -2 19 -16 18 -18 -17 20 21 22 23 26 -25 -26 27 -15 -29 -30
right_child=8 4 5 6 -6 -7 -8 -9 9 -11 11 -13 -14 14 15 16 17 -19 -20 -21 -22 -23 -24 24 25 -27 -28 28 29 -31
leaf_value=-0.00052717385176489378 0.00066280348448374262 -0.0037149184316153574 -0.0097662016407412018 0.0070036426420870164 0.0003962847810534307 0.00097969929320680204 0.024330730533794219 0.0026317056914089399 0.00072864061436532545 -0.0013188818712257786 0.0096038657981169194 0.0020787000878936682 -0.00097208809911849691 0.00084113214250369078 -0.00086560987799991175 0.010279500022854495 0.008360367186162421 -0.017836658900173812 0.038774390586397867 0.00037663800743323664 -0.026233044191030785 0.02267312990235431 0.00081611930233491451 -0.00082674296447504811 0.044860768554588926 0.0064636447156469039 0.0016246747570334192 -0.0016693328374351364 0.0014533214786887525 -0.013427979685741012
leaf_weight=659 13929 429 104 128 2319 104 23 1820 6066 1684 235 469 8767 304 16693 23 32 26 22 23550 32 28 2432 950 26 114 347 816 188 625
leaf_count=659 13929 429 104 128 2319 104 23 1820 6066 1684 235 469 8767 304 16693 23 32 26 22 23550 32 28 2432 950 26 114 347 816 188 625
internal_value=6.15862e-13 0.000771546 0.00175637 0.00224273 -0.00024553 -0.00439325 0.00964287 0.00179197 -5.57132e-05 0.000642389 0.00113024 0.00459065 -0.000141365 -2.0259e-05 -0.000226162 -0.00080712 0.00867227 -0.00338313 0.0242103 0.000105599 -0.000983274 -0.000844681 -0.000958177 -0.00223862 0.00102553 0.0135945 -0.00379911 -0.00477275 -0.0058204 -0.00998679
internal_weight=82944 5586 2838 2630 2748 208 151 2479 77358 8454 6770 704 68904 60137 46208 16796 103 58 45 29412 5862 5830 5802 3370 1090 140 2280 1933 1629 813
internal_count=82944 5586 2838 2630 2748 208 151 2479 77358 8454 6770 704 68904 60137 46208 16796 103 58 45 29412 5862 5830 5802 3370 1090 140 2280 1933 1629 813
is_linear=0
shrinkage=0.05


Tree=199
num_leaves=31
num_cat=0
split_feature=0 5 0 156 1 5 5 2 86 5 2 1 118 90 107 65 33 146 21 36 3 0 123 127 5 0 0 139 5 1
split_gain=1.40894 2.63589 1.94164 3.49567 6.32074 6.88535 3.98412 3.06322 2.89515 3.25515 2.45833 2.39301 2.30917 2.72535 1.87806 2.91152 3.09732 2.9761 3.65421 3.95427 4.31665 9.30046 3.43442 3.32459 3.41294 4.59592 8.14943 8.34861 3.80074 4.46121
threshold=-2.0697315039282804 0.18394424572001031 -1.5387088160038049 -1.0580783826687084 -0.65320532040727219 1.0414542967589195 -0.061466547291738359 -0.61603363767545616 -0.47331707978506971 0.95394520574431452 -0.66337822800609414 -0.77329062637532797 0.026124938515548712 0.73051313764010162 0.14364933611279859 -0.47218190846409663 1.7994975199525902 -0.085232556530141404 0.048868587971267426 -0.10584900443933658 0.65043800770795035 -0.16492927261333254 0.051644351817704597 0.058422276575821837 1.1577679250097914 -0.97656920633504518 -0.32860821309782062 0.38710740157948148 1.0822991561716699 1.0725343352449441
decision_type=2 2 2 2 2 2 2 2 2 2 2 2 2 2 2 2 2 2 2 2 2 2 2 2 2 2 2 2 2 2
left_child=1 -1 3 4 5 11 10 -8 9 -6 -5 -2 13 -10 -4 16 -16 18 19 -17 -21 -22 -23 24 28 -26 -27 -28 -20 -30
right_child=2 -3 14 6 8 -7 7 -9 12 -11 -12 -13 -14 -15 15 17 -18 -19 23 20 21 22 -24 -25 25 26 27 -29 29 -31
leaf_value=0.0069375117135646027 0.0045763942540155388 -0.0018738104943720928 -0.00012638027852595666 -0.00052223483042613985 -0.010433986081082723 -0.021210485721963483 0.0072174866266913372 0.00062467411530507081 -0.0048041576843042139 -0.030634077591821553 -0.0060170372154309676 -0.0017415393938268688 -0.010726820758441691 0.010023362658868887 -0.00017704677377854995 0.00076687457738206074 -0.0040203355337738037 0.00014046746698892745 -0.00097626613765091025 0.0030353887417780873 0.035343636734591379 0.0037424695070763722 0.016906646145359864 0.0018923712397128742 0.022409153600844247 -0.028960626684129239 0.0017099842499931539 0.034404929993408072 -0.0049264098503145164 -0.025552826572675259
leaf_weight=199 265 148 54794 505 118 37 208 1152 168 24 341 345 123 38 5635 1711 578 10036 1797 1788 31 232 63 2082 30 20 278 21 145 32
leaf_count=199 265 148 54794 505 118 37 208 1152 168 24 341 345 123 38 5635 1711 578 10036 1797 1788 31 232 63 2082 30 20 278 21 145 32
internal_value=-2.41252e-12 0.00317937 -1.33569e-05 -0.00119723 -0.00347488 -0.000267194 -4.29177e-05 0.00163299 -0.00788118 -0.0138481 -0.00273704 0.00100314 -0.0053058 -0.00206898 3.62841e-05 0.000400393 -0.000534591 0.000718419 0.0014232 0.00255384 0.00400014 0.00929149 0.0065538 0.000441427 -0.000858988 0.00369897 0.00193939 0.00400628 -0.00166483 -0.00865548
internal_weight=82944 347 82597 3324 1118 647 2206 1360 471 142 846 610 329 206 79273 24479 6213 18266 8230 3825 2114 326 295 4405 2323 349 319 299 1974 177
internal_count=82944 347 82597 3324 1118 647 2206 1360 471 142 846 610 329 206 79273 24479 6213 18266 8230 3825 2114 326 295 4405 2323 349 319 299 1974 177
is_linear=0
shrinkage=0.05


end of trees

feature_importances:
Column_2=683
Column_4=643
Column_0=562
Column_5=521
Column_3=366
Column_1=344
Column_156=275
Column_158=160
Column_157=157
Column_161=138
Column_159=124
Column_162=92
Column_113=30
Column_160=30
Column_139=27
Column_8=26
Column_103=25
Column_112=25
Column_23=24
Column_61=24
Column_91=24
Column_123=24
Column_16=22
Column_63=22
Column_154=22
Column_65=21
Column_100=21
Column_59=20
Column_81=20
Column_87=20
Column_88=20
Column_20=19
Column_33=19
Column_41=19
Column_66=19
Column_76=19
Column_10=18
Column_11=18
Column_21=18
Column_42=18
Column_62=18
Column_93=18
Column_94=18
Column_99=18
Column_152=18
Column_29=17
Column_97=17
Column_128=17
Column_12=16
Column_22=16
Column_95=16
Column_114=16
Column_115=16
Column_118=16
Column_136=16
Column_147=16
Column_44=15
Column_52=15
Column_98=15
Column_146=15
Column_32=14
Column_51=14
Column_58=14
Column_68=14
Column_70=14
Column_77=14
Column_107=14
Column_138=14
Column_140=14
Column_144=14
Column_14=13
Column_30=13
Column_39=13
Column_71=13
Column_72=13
Column_78=13
Column_102=13
Column_119=13
Column_151=13
Column_15=12
Column_31=12
Column_34=12
Column_40=12
Column_43=12
Column_48=12
Column_50=12
Column_54=12
Column_56=12
Column_67=12
Column_73=12
Column_79=12
Column_80=12
Column_92=12
Column_110=12
Column_142=12
Column_145=12
Column_148=12
Column_24=11
Column_45=11
Column_90=11
Column_120=11
Column_121=11
Column_127=11
Column_130=11
Column_133=11
Column_155=11
Column_13=10
Column_17=10
Column_27=10
Column_47=10
Column_116=10
Column_122=10
Column_124=10
Column_129=10
Column_131=10
Column_141=10
Column_149=10
Column_9=9
Column_53=9
Column_57=9
Column_64=9
Column_74=9
Column_75=9
Column_84=9
Column_89=9
Column_117=9
Column_126=9
Column_153=9
Column_6=8
Column_26=8
Column_49=8
Column_60=8
Column_83=8
Column_85=8
Column_86=8
Column_104=8
Column_109=8
Column_111=8
Column_132=8
Column_150=8
Column_35=7
Column_46=7
Column_101=7
Column_105=7
Column_106=7
Column_28=6
Column_36=6
Column_96=6
Column_125=6
Column_134=6
Column_25=5
Column_37=5
Column_108=5
Column_135=5
Column_137=5
Column_7=4
Column_18=4
Column_38=4
Column_55=4
Column_69=3
Column_143=3
Column_19=2
Column_82=1

parameters:
[boosting: gbdt]
[objective: regression]
[metric: rmse]
[tree_learner: serial]
[device_type: cpu]
[data_sample_strategy: bagging]
[data: ]
[valid: ]
[num_iterations: 200]
[learning_rate: 0.05]
[num_leaves: 31]
[num_threads: 0]
[seed: 0]
[deterministic: 0]
[force_col_wise: 0]
[force_row_wise: 0]
[histogram_pool_size: -1]
[max_depth: -1]
[min_data_in_leaf: 20]
[min_sum_hessian_in_leaf: 0.001]
[bagging_fraction: 1]
[pos_bagging_fraction: 1]
[neg_bagging_fraction: 1]
[bagging_freq: 0]
[bagging_seed: 3]
[bagging_by_query: 0]
[feature_fraction: 0.9]
[feature_fraction_bynode: 1]
[feature_fraction_seed: 2]
[extra_trees: 0]
[extra_seed: 6]
[early_stopping_round: 0]
[early_stopping_min_delta: 0]
[first_metric_only: 0]
[max_delta_step: 0]
[lambda_l1: 0]
[lambda_l2: 0]
[linear_lambda: 0]
[min_gain_to_split: 0]
[drop_rate: 0.1]
[max_drop: 50]
[skip_drop: 0.5]
[xgboost_dart_mode: 0]
[uniform_drop: 0]
[drop_seed: 4]
[top_rate: 0.2]
[other_rate: 0.1]
[min_data_per_group: 100]
[max_cat_threshold: 32]
[cat_l2: 10]
[cat_smooth: 10]
[max_cat_to_onehot: 4]
[top_k: 20]
[monotone_constraints: 0,0,0,0,0,0,0,0,0,0,0,0,0,0,0,0,0,0,0,0,0,0,0,0,0,0,0,0,0,0,0,0,0,0,0,0,0,0,0,0,0,0,0,0,0,0,0,0,0,0,0,0,0,0,0,0,0,0,0,0,0,0,0,0,0,0,0,0,0,0,0,0,0,0,0,0,0,0,0,0,0,0,0,0,0,0,0,0,0,0,0,0,0,0,0,0,0,0,0,0,0,0,0,0,0,0,0,0,0,0,0,0,0,0,0,0,0,0,0,0,0,0,0,0,0,0,0,0,0,0,0,0,0,0,0,0,0,0,0,0,0,0,0,0,0,0,0,0,0,0,0,0,0,0,0,0,0,0,0,0,0,0,0]
[monotone_constraints_method: basic]
[monotone_penalty: 0]
[feature_contri: ]
[forcedsplits_filename: ]
[refit_decay_rate: 0.9]
[cegb_tradeoff: 1]
[cegb_penalty_split: 0]
[cegb_penalty_feature_lazy: ]
[cegb_penalty_feature_coupled: ]
[path_smooth: 0]
[interaction_constraints: ]
[verbosity: -1]
[saved_feature_importance_type: 0]
[use_quantized_grad: 0]
[num_grad_quant_bins: 4]
[quant_train_renew_leaf: 0]
[stochastic_rounding: 1]
[linear_tree: 0]
[max_bin: 255]
[max_bin_by_feature: ]
[min_data_in_bin: 3]
[bin_construct_sample_cnt: 200000]
[data_random_seed: 1]
[is_enable_sparse: 1]
[enable_bundle: 1]
[use_missing: 1]
[zero_as_missing: 0]
[feature_pre_filter: 1]
[pre_partition: 0]
[two_round: 0]
[header: 0]
[label_column: ]
[weight_column: ]
[group_column: ]
[ignore_column: ]
[categorical_feature: ]
[forcedbins_filename: ]
[precise_float_parser: 0]
[parser_config_file: ]
[objective_seed: 5]
[num_class: 1]
[is_unbalance: 0]
[scale_pos_weight: 1]
[sigmoid: 1]
[boost_from_average: 1]
[reg_sqrt: 0]
[alpha: 0.9]
[fair_c: 1]
[poisson_max_delta_step: 0.7]
[tweedie_variance_power: 1.5]
[lambdarank_truncation_level: 30]
[lambdarank_norm: 1]
[label_gain: ]
[lambdarank_position_bias_regularization: 0]
[eval_at: ]
[multi_error_top_k: 1]
[auc_mu_weights: ]
[num_machines: 1]
[local_listen_port: 12400]
[time_out: 120]
[machine_list_filename: ]
[machines: ]
[gpu_platform_id: -1]
[gpu_device_id: -1]
[gpu_use_dp: 0]
[num_gpu: 1]

end of parameters

pandas_categorical:null
