tree
version=v4
num_class=1
num_tree_per_iteration=1
label_index=0
max_feature_idx=12
objective=regression
feature_names=Column_0 Column_1 Column_2 Column_3 Column_4 Column_5 Column_6 Column_7 Column_8 Column_9 Column_10 Column_11 Column_12
monotone_constraints=0 0 0 0 0 0 0 0 0 0 0 0 0
feature_infos=[-2.6425721602495358:2.8199479703584474] [-3.1550732701950657:5.3997902814087189] [-2.3151769007137006:9.2189653707689523] [-2.4165622686067425:5.0019530770372063] [-1.7200641527732863:1.7200641527732861] [-1.415459635151169:1.415459635151169] [-1.1927069616901234:1.7155044347232755] [-1.0399710426950628:2.5692914663540787] [-1.9356174315214087:1.1046423989029219] [-1.6845883288916133:1.6845883288916133] [-0.67090274451719945:1.4905290046451658] [-1.0691861710882791:2.0013020519424214] [-1.5666989036012806:1.5666989036012806]
tree_sizes=2726 2864 2861 2850 2855 2864 2886 2874 2859 2884 2854 2888 2857 2885 2882 2907 2876 2884 2880 2867 2901 2915 2885 2898 2912 2925 2902 2915 2892 2907 2907 2970 2904 2950 2938 2935 2937 2910 2936 2936 2939 2925 2930 2932 2911 2912 2901 2930 2961 2929 2891 2934 2928 2891 2901 2935 2919 2947 2920 2996 2973 2973 2976 2925 2933 2881 2895 2932 2962 2849 2878 2905 2911 2919 2939 2945 2873 2883 2950 2950 2934 2940 2928 2903 2958 2911 2919 2952 2986 2948 2917 2914 2970 2887 2935 2864 2941 2948 2882 2963 2905 2943 2920 2895 2931 2960 2922 2953 2949 2836 2962 2925 2944 2932 2940 2873 2846 2886 2957 2907 2879 2853 2895 2911 2919 2815 2914 2941 2871 2882 2929 2787 2927 2918 2880 2945 2903 2819 2901 2922 2897 2928 2880 2909 2929 2814 2850 2951 2934 2955 2929 2842 2811 2878 2911 2908 2863 2935 2923 2950 2895 2924 2887 2934 2808 2954 2918 2934 2949 2806 2925 2860 2904 2890 2900 2877 2928 2944 2913 2893 2881 2828 2904 2943 2938 2878 2878 2855 2904 2941 2906 2897 2943 2803 2879 2897 2917 2941 2947 2922

Tree=0
num_leaves=31
num_cat=0
split_feature=2 2 2 2 2 2 0 2 3 2 3 2 2 2 7 0 0 6 5 5 6 5 0 3 4 2 9 5 4 0
split_gain=79232.5 17705.5 9939.58 3072.77 2590.8 2018.09 1374.26 1210.28 768.823 668.139 476.059 413.181 354.493 336.706 267.887 578.91 751.321 204.074 258.581 188.337 228.38 154.637 200.95 149.668 149.121 146.488 144.677 142.013 177.762 138.881
threshold=0.46358094886754453 2.017812398497465 -0.29297001610589885 3.6149727007184782 1.1451585094059495 -0.68927929091039719 1.5598838087422522 0.02809530469763202 3.6202699090239325 2.6405108700037183 0.82272587063186975 -0.9276586014370084 -0.51004392546866117 1.5009240506625152 1.7010387896728181 0.077028608076209953 -0.075561753003593288 1.7077461606570974 1.4032428797398568 0.90745195762283271 1.7077461606570974 1.082299156171467 0.19015298867468097 0.99923620641476529 -0.72170523892585436 -0.19636480654545599 -0.28878657066713359 1.3494002584220433 0.14434104778517079 2.0852076738313352
decision_type=2 2 2 2 2 2 2 2 2 2 2 2 2 2 2 2 2 2 2 2 2 2 2 2 2 2 2 2 2 2
left_child=2 4 5 9 10 11 -5 25 17 -3 26 -1 -7 23 -12 16 -16 18 27 -9 -21 -22 -23 -6 -10 -4 -2 -8 -29 -11
right_child=1 3 7 6 13 12 8 19 24 29 14 -13 -14 -15 15 -17 -18 -19 -20 20 21 22 -24 -25 -26 -27 -28 28 -30 -31
leaf_value=1.3078732572945002 1.3964085409186824 1.5165860480213511 1.356050326291556 1.5278061464149844 1.4391163837329506 1.3347011840776544 1.6692709885010213 1.3804447276210217 1.6354092045594346 1.5427738383948659 1.429143922708223 1.3242299611101904 1.346715077088221 1.4763295057233341 1.4448428213689815 1.4437752284617162 1.7725917074813244 1.588430999322721 1.5952748149063902 1.3921703855065595 1.4101712974165448 1.5892375284295264 1.4166590453909989 1.4610111290051062 1.7785694799789877 1.3668897890816991 1.4150919806037321 1.8817930943537842 1.6818017127085816 1.5725140962688959
leaf_weight=5904 1478 1940 4920 160 1311 11808 48 5873 20 673 2797 11157 12792 2592 36 289 34 113 59 3696 88 37 31 1929 201 8505 3466 25 20 942
leaf_count=5904 1478 1940 4920 160 1311 11808 48 5873 20 673 2797 11157 12792 2592 36 289 34 113 59 3696 88 37 31 1929 201 8505 3466 25 20 942
internal_value=1.37223 1.46462 1.34638 1.55459 1.43749 1.33178 1.65491 1.37265 1.69675 1.53636 1.41919 1.31857 1.34095 1.4629 1.43436 1.47502 1.60404 1.63932 1.67715 1.38608 1.39467 1.45393 1.51056 1.45215 1.76561 1.36292 1.40951 1.7291 1.79291 1.56012
internal_weight=82944 18133 64811 4201 13932 41661 646 23150 486 3555 8100 17061 24600 5832 3156 359 70 265 152 9725 3852 156 68 3240 221 13425 4944 93 45 1615
internal_count=82944 18133 64811 4201 13932 41661 646 23150 486 3555 8100 17061 24600 5832 3156 359 70 265 152 9725 3852 156 68 3240 221 13425 4944 93 45 1615
is_linear=0
shrinkage=1


Tree=1
num_leaves=31
num_cat=0
split_feature=2 2 2 2 2 2 0 2 3 2 3 2 2 2 7 0 0 7 5 1 3 8 5 4 0 5 4 11 9 5
split_gain=71507.3 15979.2 8970.47 2773.17 2342.5 1825.16 1240.27 1092.28 693.863 608.081 409.67 354.849 350.193 343.91 244.096 525.131 678.068 184.177 233.37 173.459 153.444 153.14 143.612 134.582 133.748 128.167 160.431 124.813 123.323 114.23
threshold=0.46358094886754453 2.017812398497465 -0.29297001610589885 3.6149727007184782 1.1103173439123746 -0.70674193616741354 1.5598838087422522 0.02809530469763202 3.6202699090239325 2.8051086824331208 0.82272587063186975 -0.51004392546866117 -0.9907735218775432 1.5009240506625152 1.7010387896728181 0.077028608076209953 -0.075561753003593288 -0.081021797575299523 1.4032428797398568 0.378093995275469 1.2796142973360352 1.0152913959672809 0.30505838731795659 -0.72170523892585436 2.415323570517228 1.3494002584220433 0.14434104778517079 -0.76213734878520889 -0.28878657066713359 0.36482234569996347
decision_type=2 2 2 2 2 2 2 2 2 2 2 2 2 2 2 2 2 2 2 2 2 2 2 2 2 2 2 2 2 2
left_child=2 4 5 9 10 12 -5 22 17 -3 28 -7 -1 20 -12 16 -16 -8 25 -9 -6 -11 -4 -10 -25 -19 -27 -24 -2 -13
right_child=1 3 7 6 13 11 8 19 23 21 14 29 -14 -15 15 -17 -18 18 -20 -21 -22 -23 27 24 -26 26 -28 -29 -30 -31
leaf_value=-0.064585116156282249 0.022435842587880797 0.14030285298567508 -0.013450717015394163 0.14779843284282834 0.066959203133105369 -0.03601515917692634 0.20539204283098203 0.0088003131547496217 0.25002132236957547 0.18685607989142028 0.053174767715941929 -0.026808334760969915 -0.047422984704651533 0.098895621528550068 0.068983273766934874 0.066596165707857244 0.38034470992929797 0.2821900233626366 0.21189365184913247 0.023390073675222767 0.088413442861820679 0.10006571895671341 0.0083459179446704543 0.47189256758303255 0.36665070863758648 0.48408602523803712 0.29409420490264893 -0.0076548927453328284 0.039946390356012842 -0.015552374794631764
leaf_weight=3936 1434 2263 7488 160 2235 12792 113 6820 20 1239 2636 9871 12141 2592 36 271 34 48 59 2905 1329 53 1713 37 164 25 20 4224 3365 2921
leaf_count=3936 1434 2263 7488 160 2235 12792 113 6820 20 1239 2636 9871 12141 2592 36 271 34 48 59 2905 1329 53 1713 37 164 25 20 4224 3365 2921
internal_value=-3.87847e-11 0.0877692 -0.0245563 0.173245 0.0619952 -0.0384227 0.268543 0.000397824 0.308295 0.155928 0.0437531 -0.0301266 -0.0516246 0.0850378 0.0583243 0.098131 0.220216 0.253737 0.289677 0.0131585 0.0749594 0.183296 -0.00884594 0.373716 0.386024 0.339023 0.399645 -0.00303819 0.034714 -0.0242381
internal_weight=82944 18133 64811 4201 13932 41661 646 23150 486 3555 7776 25584 16077 6156 2977 341 70 265 152 9725 3564 1292 13425 221 201 93 45 5937 4799 12792
internal_count=82944 18133 64811 4201 13932 41661 646 23150 486 3555 7776 25584 16077 6156 2977 341 70 265 152 9725 3564 1292 13425 221 201 93 45 5937 4799 12792
is_linear=0
shrinkage=0.05


Tree=2
num_leaves=31
num_cat=0
split_feature=2 2 2 2 2 2 2 4 2 2 5 2 5 5 1 4 3 2 7 5 2 2 2 3 0 5 0 2 1 0
split_gain=64642 12201 10326.8 2380.95 1992.15 1620.05 1265.37 954.494 719.297 406.857 376.02 329.829 307.711 290.012 260.113 249.486 244.524 241.246 240.044 508.379 210.331 167.643 166.376 165.09 198.475 145.141 134.781 109.681 107.792 282.862
threshold=0.62015932343687175 2.1237758111861962 -0.22946052749875598 4.2843765881725142 -0.65897194717338514 1.2692868776987039 0.21904845369222903 1.0000000180025095e-35 2.8051086824331208 -0.90903454081022539 1.366818105386481 -0.44730982643468803 0.90745195762283271 1.3937669968154378 2.3798475571324054 0.67359155633079737 0.78391736070559526 -0.056070289712664985 1.7010387896728181 1.1577679250095743 1.7608667400725333 0.9452029766701463 3.6149727007184782 3.3794542420997158 2.0852076738313352 0.42390874111029014 2.5330721622263543 -1.1231997119140167 0.75658325704980689 0.10789381999018957
decision_type=2 2 2 2 2 2 2 2 2 2 2 2 2 2 2 2 2 2 2 2 2 2 2 2 2 2 2 2 2 2
left_child=2 5 4 8 9 12 17 -5 -3 27 -9 25 -2 15 -10 -12 -8 -4 -18 28 -7 -14 -16 -24 -25 -6 -26 -1 -20 -30
right_child=1 3 6 7 11 20 16 10 14 -11 13 -13 21 -15 22 -17 18 -19 19 -21 -22 -23 23 24 26 -27 -28 -29 29 -31
leaf_value=-0.067271102181428996 0.032508896958764293 0.13642702516655392 -0.0084694010938373698 0.17222380135756207 -0.033381846313834999 0.082159250243449999 0.018360582219025506 0.22992494805999428 0.12066809657631042 -0.042012646949935839 0.47961238761280867 -0.019999812395532654 0.047402505972648425 0.30983081582714533 0.1795351635629161 0.28738036382765997 0.031919386975879205 0.0042199810257031569 0.028599905090466622 0.29369562520430637 0.10568091363838679 0.065615337810940519 0.18729711918216763 0.15626531418632061 0.32692687630653383 -0.018624189875882106 0.19392308616638185 -0.053162816371684546 0.25700220255689188 0.057216518437796897
leaf_weight=1968 1742 1939 7211 102 11837 3564 5735 46 158 12469 86 12136 2430 68 1153 21 1459 7794 124 26 1296 2632 165 34 80 1939 25 4592 22 91
leaf_count=1968 1742 1939 7211 102 11837 3564 5735 46 158 12469 86 12136 2430 68 1153 21 1459 7794 124 26 1296 2632 165 34 80 1939 25 4592 22 91
internal_value=3.36496e-11 0.0919253 -0.0211951 0.168768 -0.0350313 0.0663834 0.00648781 0.298742 0.156956 -0.0473156 0.357134 -0.02601 0.0506346 0.390572 0.181603 0.441885 0.0233219 -0.0018782 0.0398453 0.0838145 0.0884317 0.0568723 0.188211 0.221116 0.261261 -0.0313047 0.295259 -0.0573953 0.0607896 0.0961128
internal_weight=82944 15541 67403 3877 44941 11664 22462 323 3554 19029 221 25912 6804 175 1615 107 7457 15005 1722 263 4860 5062 1457 304 139 13776 105 6560 237 113
internal_count=82944 15541 67403 3877 44941 11664 22462 323 3554 19029 221 25912 6804 175 1615 107 7457 15005 1722 263 4860 5062 1457 304 139 13776 105 6560 237 113
is_linear=0
shrinkage=0.05


Tree=3
num_leaves=31
num_cat=0
split_feature=2 2 2 2 2 2 2 4 2 2 5 5 2 5 1 4 3 2 7 5 2 2 2 3 0 5 0 8 3 0
split_gain=58339.4 11011.4 9319.97 2148.8 1797.92 1464.9 1141.99 861.431 649.166 367.189 339.358 300.836 298.379 261.736 234.752 225.161 220.683 218.668 216.64 458.812 171.572 165.921 150.154 148.994 179.124 123.563 121.64 100.724 100.343 99.2247
threshold=0.62015932343687175 2.1237758111861962 -0.22946052749875598 4.2843765881725142 -0.65897194717338514 1.3094201532095757 0.21904845369222903 1.0000000180025095e-35 2.8051086824331208 -0.90903454081022539 1.366818105386481 0.90745195762283271 -0.50576930622222027 1.3937669968154378 2.3798475571324054 0.67359155633079737 0.78391736070559526 -0.066152327495241747 1.7010387896728181 1.1577679250095743 0.97184569737593107 1.7608667400725333 3.6149727007184782 3.3794542420997158 2.0852076738313352 0.36482234569996347 2.5330721622263543 -1.7404918888887655 1.3589231993094233 1.5862685013415212
decision_type=2 2 2 2 2 2 2 2 2 2 2 2 2 2 2 2 2 2 2 2 2 2 2 2 2 2 2 2 2 2
left_child=2 5 4 8 9 11 17 29 -3 -1 -9 -2 -6 15 27 -12 -8 -4 -18 -20 -13 28 -16 -24 -25 -14 -26 -10 -7 -5
right_child=1 3 6 7 12 21 16 10 14 -11 13 20 25 -15 22 -17 18 -19 19 -21 -22 -23 23 24 26 -27 -28 -29 -30 -31
leaf_value=-0.054525537051043266 0.031030391363494794 0.12960567689401567 -0.0083401293925204813 0.13026951603591441 -0.031385911409578721 0.070770598086134437 0.01744255333534471 0.21842870492002239 0.17692766241405322 -0.039912015063757918 0.45563175789145538 0.045876687469555776 -0.022922965843292717 0.29433927430826079 0.17055840797783728 0.27301134836106072 0.030323417731003829 0.0037729648625601619 0.057750138181029878 0.27901083362790258 0.063764607150926786 0.10039686681192517 0.17793226394237893 0.14845204809132745 0.31058053240180017 -0.012628112058376044 0.18422693490982056 0.089050085408546573 0.088382698548598593 0.23655062392354012
leaf_weight=6560 1766 1939 6884 70 10168 1684 5735 46 46 12469 86 2680 11882 68 1153 21 1459 8121 237 26 2682 1296 165 34 80 3862 25 112 1556 32
leaf_count=6560 1766 1939 6884 70 10168 1684 5735 46 46 12469 86 2680 11882 68 1153 21 1459 8121 237 26 2682 1296 165 34 80 3862 25 112 1556 32
internal_value=1.64171e-11 0.087329 -0.0201353 0.16033 -0.0332797 0.0630642 0.00616342 0.283804 0.149108 -0.0449498 0.339278 0.048929 -0.0247095 0.371044 0.172523 0.41979 0.0221558 -0.00178429 0.037853 0.0796238 0.054824 0.0852768 0.1788 0.21006 0.248198 -0.0203976 0.280496 0.114635 0.0792288 0.163613
internal_weight=82944 15541 67403 3877 44941 11664 22462 323 3554 19029 221 7128 25912 175 1615 107 7457 15005 1722 263 5362 4536 1457 304 139 15744 105 158 3240 102
internal_count=82944 15541 67403 3877 44941 11664 22462 323 3554 19029 221 7128 25912 175 1615 107 7457 15005 1722 263 5362 4536 1457 304 139 15744 105 158 3240 102
is_linear=0
shrinkage=0.05


Tree=4
num_leaves=31
num_cat=0
split_feature=2 2 2 2 2 2 2 4 2 3 5 2 2 2 7 0 0 5 1 4 1 2 3 0 3 9 0 5 6 5
split_gain=52674.8 11742.1 6603.79 2049.57 1714.37 1354.29 801.013 777.442 712.718 316.503 306.27 292.311 260.745 242.242 236.569 628.797 264.252 236.217 211.864 203.208 170.393 135.514 134.467 161.659 123.929 113.214 109.78 103.676 94.0782 183.131
threshold=0.46358094886754453 2.017812398497465 -0.29297001610589885 4.2843765881725142 1.1103173439123746 -0.72758567200538316 -0.018708348174435389 1.0000000180025095e-35 2.8051086824331208 0.92668547105854981 1.366818105386481 -0.51004392546866117 1.5009240506625152 -1.0219206631466522 1.7010387896728181 0.077028608076209953 -0.058025825971856182 1.3937669968154378 2.3798475571324054 0.67359155633079737 0.378093995275469 3.6149727007184782 3.3794542420997158 2.0852076738313352 1.2796142973360352 -0.28878657066713359 2.5330721622263543 0.30505838731795659 1.7077461606570974 1.1210959212062968
decision_type=2 2 2 2 2 2 2 2 2 2 2 2 2 2 2 2 2 2 2 2 2 2 2 2 2 2 2 2 2 2
left_child=2 4 5 8 9 13 27 -5 -3 25 -9 -7 24 -1 -11 16 -16 19 -10 -12 -8 -20 -23 -24 -6 -2 -25 -4 -22 -30
right_child=1 3 6 7 12 11 20 10 18 14 17 -13 -14 -15 15 -17 -18 -19 21 -21 28 22 23 26 -26 -27 -28 -29 29 -31
leaf_value=-0.057124771950638677 0.019197910034524535 0.1204152688609582 -0.012870837114729666 0.15543197879531223 0.056983203983790677 -0.031258311060951165 0.0060804596926302039 0.20750726383665336 0.10890295931250094 0.047115762015153495 0.4328501651453418 -0.020820820348100566 0.085014970223701428 -0.04171808983809705 0.13537499707840059 0.060852572812574474 0.36803775017078105 0.27962230987408582 0.16203048540875381 0.25936078514371602 0.016929800769285717 0.16903564987986378 0.14102944661589231 0.2950515042245388 0.076263963174655836 0.035388475449144419 0.17501558971405029 -0.0034077239139596255 0.027563581727086218 0.1260681572691377
leaf_weight=3280 1498 2263 6708 102 2235 14104 8273 46 158 2141 86 12792 2592 11485 23 221 26 68 1153 21 2767 165 34 80 1329 3867 25 5091 253 58
leaf_count=3280 1498 2263 6708 102 2235 14104 8273 46 158 2141 86 12792 2592 11485 23 221 26 68 1153 21 2767 165 34 80 1329 3867 25 5091 253 58
internal_value=-1.1624e-10 0.0753301 -0.0210761 0.148602 0.0532359 -0.0329735 0.000334671 0.269614 0.138523 0.0376301 0.322314 -0.0262941 0.0729485 -0.0451406 0.0526777 0.0967816 0.258829 0.352491 0.163897 0.398801 0.0098171 0.16986 0.199557 0.235788 0.0641729 0.0308678 0.266472 -0.00878772 0.0198604 0.0459342
internal_weight=82944 18133 64811 4201 13932 41661 23150 323 3878 7776 221 26896 6156 14765 2411 270 49 175 1615 107 11351 1457 304 139 3564 5365 105 11799 3078 311
internal_count=82944 18133 64811 4201 13932 41661 23150 323 3878 7776 221 26896 6156 14765 2411 270 49 175 1615 107 11351 1457 304 139 3564 5365 105 11799 3078 311
is_linear=0
shrinkage=0.05


Tree=5
num_leaves=31
num_cat=0
split_feature=2 2 2 2 2 2 2 0 0 2 5 2 9 5 3 4 3 2 7 5 2 2 3 0 2 2 5 11 3 9
split_gain=47598.2 8969.16 7593.53 1748.09 1470.47 1185.75 932.646 707.5 544.088 408.582 350.291 261.455 256.782 213.186 192.761 183.395 182.793 174.985 158.267 395.065 153.967 136.607 125.635 200.651 104.178 100.94 94.3059 187.812 89.2506 89.1493
threshold=0.62015932343687175 2.1237758111861962 -0.22946052749875598 4.2843765881725142 -0.60188752348015928 1.3094201532095757 0.21904845369222903 1.761268499712193 2.0852076738313352 -0.88440467823144298 1.366818105386481 3.2858080162893386 -0.19252438044475575 1.3937669968154378 -0.46753060046513223 0.67359155633079737 0.72373410581433328 -0.066152327495241747 1.7010387896728181 1.1577679250095743 1.0075793976716925 1.6955139360754061 3.3794542420997158 2.4867904811690109 -1.1231997119140167 2.5083282097764625 1.082299156171467 1.0000000180025095e-35 1.3589231993094233 -1.2514084728909125
decision_type=2 2 2 2 2 2 2 2 2 2 2 2 2 2 2 2 2 2 2 2 2 2 2 2 2 2 2 2 2 2
left_child=2 5 4 8 9 12 17 -5 25 24 -9 -10 -2 15 -6 -12 29 -4 -18 26 -14 28 -13 -24 -1 -3 -20 -28 -7 -8
right_child=1 3 6 7 14 21 16 10 11 -11 13 22 20 -15 -16 -17 18 -19 19 -21 -22 -23 23 -25 -26 -27 27 -29 -30 -31
leaf_value=-0.058325032018810299 0.024738284432240215 0.10734285426009799 -0.0074961576053624752 0.11919029048604238 -0.025795505406074722 0.062161544824679782 -0.0043971189436655313 0.20571379852294924 0.14468992981053924 -0.034234899445110011 0.41120766179506174 0.16752741960019379 0.041841324217607251 0.26564119230298439 -0.01641113208764515 0.24639274676640832 0.027187412903768839 0.0033397061402903432 0.03372834969788701 0.25315708077082844 0.058365331775226209 0.088607522544172965 0.26907003720601402 0.1621469790285284 -0.044944147317009478 0.12939829779653644 0.20458099750372083 0.017959209445065686 0.07967666021295923 0.017379841926073988
leaf_weight=1968 1362 1060 6884 73 10293 1528 519 75 1063 15421 86 236 3311 68 11683 21 1674 8121 210 26 2455 1620 102 77 5576 1016 26 28 1388 4974
leaf_count=1968 1362 1060 6884 73 10293 1528 519 75 1063 15421 86 236 3311 68 11683 21 1674 8121 210 26 2455 1620 102 77 5576 1016 26 28 1388 4974
internal_value=5.12762e-11 0.0788811 -0.0181875 0.144765 -0.0300521 0.0569818 0.0055508 0.256134 0.134644 -0.0388996 0.296121 0.15783 0.0442645 0.334867 -0.0208065 0.378861 0.0200032 -0.00163158 0.0330951 0.0671966 0.0488768 0.0769661 0.191487 0.223075 -0.0484348 0.118137 0.0488823 0.107814 0.0704986 0.0153223
internal_weight=82944 15541 67403 3877 44941 11664 22462 323 3554 22965 250 1478 7128 175 21976 107 7457 15005 1964 290 5766 4536 415 179 7544 2076 264 54 2916 5493
internal_count=82944 15541 67403 3877 44941 11664 22462 323 3554 22965 250 1478 7128 175 21976 107 7457 15005 1964 290 5766 4536 415 179 7544 2076 264 54 2916 5493
is_linear=0
shrinkage=0.05


Tree=6
num_leaves=31
num_cat=0
split_feature=2 2 2 2 2 2 2 0 0 9 3 2 2 9 3 9 4 2 2 3 0 7 1 0 3 2 9 2 9 11
split_gain=42957.4 8094.67 6853.16 1577.65 1337.91 1070.14 849.325 638.519 491.04 316.138 285.505 235.963 235.685 231.746 210.048 192.4 165.514 140.265 125.226 113.386 181.087 113.086 277.349 613.547 103.536 99.2679 98.3442 91.0985 83.0663 72.8493
threshold=0.62015932343687175 2.1237758111861962 -0.22946052749875598 4.2843765881725142 -0.68927929091039719 1.3094201532095757 0.1113257191213794 1.761268499712193 2.0852076738313352 1.1551462826685348 -0.46145025269928391 3.2858080162893386 -0.9907735218775432 -0.19252438044475575 0.70427092722641571 1.3476706631132906 0.67359155633079737 0.97184569737593107 1.7608667400725333 3.3794542420997158 2.4867904811690109 1.7010387896728181 0.75658325704980689 0.077028608076209953 -0.33574572162745692 -0.44730982643468803 -1.2514084728909125 2.5083282097764625 -0.19252438044475575 -0.76213734878520889
decision_type=2 2 2 2 2 2 2 2 2 2 2 2 2 2 2 2 2 2 2 2 2 2 2 2 2 2 2 2 2 2
left_child=2 5 4 8 12 13 24 -5 27 -9 25 -10 -1 -2 26 16 -11 -15 28 -13 -21 -16 -23 -24 -4 -6 -8 -3 -7 -26
right_child=1 3 6 7 10 18 14 9 11 15 -12 19 -14 17 21 -17 -18 -19 -20 20 -22 22 23 -25 29 -27 -28 -29 -30 -31
leaf_value=-0.050309156145309189 0.023501370315655051 0.10197570875339773 -0.01084236225183614 0.11323077931796036 -0.029361128143534039 0.036398547019503374 -0.0042654364712442694 0.19542811052004497 0.13745542913815489 0.39064727841421615 -0.016475328647797605 0.15915104804276411 -0.036359573160582012 0.039048239513027327 0.024625987052636293 0.25235913167981544 0.23407310644785562 0.05466826500157828 0.086253396691114897 0.25561654047638765 0.15403962909401236 0.017078997131570111 0.2808469459218414 0.046677397185374267 0.0046374414302905956 -0.020456125091337131 0.014026141813499435 0.12292838614865634 0.069900559647130586 -0.0044892987859316107
leaf_weight=3936 1362 1060 3445 73 10123 197 823 75 1063 86 13227 236 13125 3040 2027 68 21 2726 1296 102 77 196 38 106 3778 4530 6859 1016 3043 5190
leaf_count=3936 1362 1060 3445 73 10123 197 823 75 1063 86 13227 236 13125 3040 2027 68 21 2726 1296 102 77 196 38 106 3778 4530 6859 1016 3043 5190
internal_value=-7.86181e-12 0.074937 -0.0172781 0.137527 -0.0285495 0.0541327 0.00527326 0.243327 0.127912 0.281315 -0.0218009 0.149938 -0.0395778 0.0420512 0.0160791 0.318124 0.359918 0.0464329 0.0731178 0.181912 0.211921 0.029102 0.0557867 0.108472 -0.00347468 -0.0266081 0.0120665 0.11223 0.0678636 -0.000644425
internal_weight=82944 15541 67403 3877 44941 11664 22462 323 3554 250 27880 1478 17061 7128 10049 175 107 5766 4536 415 179 2367 340 144 12413 14653 7682 2076 3240 8968
internal_count=82944 15541 67403 3877 44941 11664 22462 323 3554 250 27880 1478 17061 7128 10049 175 107 5766 4536 415 179 2367 340 144 12413 14653 7682 2076 3240 8968
is_linear=0
shrinkage=0.05


Tree=7
num_leaves=31
num_cat=0
split_feature=2 2 2 1 2 2 2 2 0 0 3 5 5 3 4 1 5 7 0 0 2 2 3 5 10 5 2 5 2 7
split_gain=38803.2 8630.26 4904.91 1529.55 1253.73 953.502 703.486 411.027 390.794 379.721 249.284 200.588 198.759 195.443 186.976 171.316 160.103 158.495 324.525 449.064 153.641 136.574 187.983 121.011 91.9528 85.9804 83.3064 82.0098 81.9985 79.5656
threshold=0.46358094886754453 2.017812398497465 -0.39623048188405446 3.720430316313958 1.1103173439123746 -0.066152327495241747 -0.77269876693762252 4.2843765881725142 2.0852076738313352 2.0852076738313352 0.82272587063186975 1.366818105386481 1.3937669968154378 0.90331828486506838 0.67359155633079737 0.23551726373224496 0.42390874111029014 1.7010387896728181 0.077028608076209953 -0.075561753003593288 -1.1231997119140167 3.2858080162893386 3.3794542420997158 0.30505838731795659 1.0000000180025095e-35 0.30505838731795659 1.5009240506625152 1.082299156171467 2.5083282097764625 1.0000000180025095e-35
decision_type=2 2 2 2 2 2 2 2 2 2 2 2 2 2 2 2 2 2 2 2 2 2 2 2 2 2 2 2 2 2
left_child=2 4 6 8 10 23 20 -5 28 -9 -2 -11 14 27 -13 -7 -8 -12 19 -19 -1 -10 -23 -4 -18 -22 -15 -6 -3 -30
right_child=1 3 5 7 13 15 16 9 21 11 17 12 -14 26 -16 -17 24 18 -20 -21 25 22 -24 -25 -26 -27 -28 -29 29 -31
leaf_value=-0.052893322402951165 0.025316617111284703 0.095061862424663621 -0.014249449597173945 0.1645597593350844 0.030855363706858565 0.0028445041288266992 -0.026983436101970418 0.12192569780349732 0.13024421036243439 0.19687213972210885 0.039584648586216166 0.39276192119156106 0.23974118162603941 0.061325522148915936 0.22236945004690264 0.014739299884221378 -0.019395301942242309 0.048711020101068751 0.051020162664113293 0.30209693628198964 -0.038852941565115116 0.13862717384902332 0.23803107587496442 -0.0052266319982189067 0.001277128782141328 -0.02036681886173548 0.074986362053808153 0.055127335217650314 0.10583863921459349 0.13907098266370127
leaf_weight=1968 4799 1382 10233 363 490 8181 20180 50 1013 60 2636 69 68 2266 21 4805 2416 36 271 34 9829 130 75 5835 692 672 2199 1201 731 239
leaf_count=1968 4799 1382 10233 363 490 8181 20180 50 1013 60 2636 69 68 2266 21 4805 2416 36 271 34 9829 130 75 5835 692 672 2199 1201 731 239
internal_value=-5.89673e-11 0.0646548 -0.0180893 0.127472 0.0457132 -0.00282986 -0.0304882 0.199234 0.114788 0.246199 0.0323677 0.274702 0.304258 0.0625708 0.353004 0.00724574 -0.0253565 0.0437341 0.0758104 0.171784 -0.0400727 0.137776 0.174994 -0.0109729 -0.0147926 -0.0376699 0.0680534 0.0480941 0.102883 0.114027
internal_weight=82944 18133 64811 4201 13932 29054 35757 631 3570 268 7776 218 158 6156 90 12986 23288 2977 341 70 12469 1218 205 16068 3108 10501 4465 1691 2352 970
internal_count=82944 18133 64811 4201 13932 29054 35757 631 3570 268 7776 218 158 6156 90 12986 23288 2977 341 70 12469 1218 205 16068 3108 10501 4465 1691 2352 970
is_linear=0
shrinkage=0.05


Tree=8
num_leaves=31
num_cat=0
split_feature=2 2 2 2 2 2 2 0 2 2 5 9 0 5 5 4 1 6 5 0 6 0 2 7 2 2 1 11 2 1
split_gain=35052.8 6584.49 5593.33 1286.51 1110.05 870.916 696.68 526.536 408.457 306.215 259.74 186.438 175.303 159.027 142.581 136.514 127.113 143.935 190.964 265.803 569.347 170.492 125.777 125.034 128.738 122.887 112.932 103.333 99.7501 96.3385
threshold=0.62015932343687175 2.1237758111861962 -0.22946052749875598 4.2843765881725142 -0.60188752348015928 1.2692868776987039 0.21904845369222903 1.761268499712193 2.8051086824331208 -0.88440467823144298 1.366818105386481 -0.19252438044475575 0.95849667322298504 1.3937669968154378 0.36482234569996347 0.67359155633079737 0.52972576445151887 1.0000000180025095e-35 0.99864169796777091 0.03138597865123454 1.1133806251249947 -0.058025825971856182 -0.056070289712664985 -0.081021797575299523 3.6149727007184782 1.6501068016329257 2.5499110629430759 -0.76213734878520889 0.97184569737593107 4.3806832468255656
decision_type=2 2 2 2 2 2 2 2 2 2 2 2 2 2 2 2 2 2 2 2 2 2 2 2 2 2 2 2 2 2
left_child=2 5 4 8 9 11 22 -5 -3 -1 -9 -2 26 15 -6 -12 -8 -18 -19 20 -20 -22 -4 -14 -25 -7 -10 -16 -13 -26
right_child=1 3 6 7 14 25 16 10 12 -11 13 28 23 -15 27 -17 17 18 19 -21 21 -23 -24 24 29 -27 -28 -29 -30 -31
leaf_value=-0.041732363769277719 0.020652892400126431 0.099989966141437514 -0.0062011714337806782 0.10154428460558698 -0.019897886315006039 0.058602766485510153 0.012507230009290543 0.17632927870750428 0.039943010283803398 -0.029439321393369883 0.35344829171202907 0.035442619498027954 0.12558928809853062 0.22775412044104409 0.003058323408364328 0.21125097388312933 0.015384595938370436 0.020121672706333922 0.020215425284250695 0.040921118048127848 0.12345261496305467 0.28911797622355023 0.0029612439967178147 0.1409635563691457 0.21512677697908311 0.074832042532593568 0.13020951019393073 -0.014211400309915105 0.049037624079974404 0.14230040983414988
leaf_weight=7544 1338 1939 7211 73 17136 2916 4876 75 77 15421 86 3040 792 68 1130 21 1400 625 68 422 25 41 7794 486 126 1944 63 3710 2426 71
leaf_count=7544 1338 1939 7211 73 17136 2916 4876 75 77 15421 86 3040 792 68 1130 21 1400 625 68 422 25 41 7794 486 126 1944 63 3710 2426 71
internal_value=2.14375e-12 0.0676922 -0.0156077 0.124143 -0.0257905 0.0489286 0.00476567 0.219683 0.11546 -0.0334776 0.254179 0.0373816 0.134033 0.287543 -0.0177575 0.32554 0.0172567 0.0262294 0.0390851 0.060402 0.121752 0.226366 -0.00144197 0.139108 0.154784 0.0650945 0.0805629 -0.0101794 0.0414766 0.18888
internal_weight=82944 15541 67403 3877 44941 11664 22462 323 3554 22965 250 6804 1615 175 21976 107 7457 2581 1181 556 134 66 15005 1475 683 4860 140 4840 5466 197
internal_count=82944 15541 67403 3877 44941 11664 22462 323 3554 22965 250 6804 1615 175 21976 107 7457 2581 1181 556 134 66 15005 1475 683 4860 140 4840 5466 197
is_linear=0
shrinkage=0.05


Tree=9
num_leaves=31
num_cat=0
split_feature=2 2 2 1 2 2 2 2 0 0 3 9 3 5 5 2 4 5 11 2 3 2 2 5 9 6 5 0 0 7
split_gain=31635.1 5942.5 5055.99 1167.74 834.859 831.391 788.126 337.023 308.139 274.292 212.244 179.096 163.615 163.025 164.288 154.376 154.248 123.894 128.691 109.821 158.865 101.943 96.4265 87.3391 84.8883 81.6664 109.254 208.685 423.398 75.8703
threshold=0.62015932343687175 2.1237758111861962 -0.29297001610589885 3.720430316313958 0.1113257191213794 -0.72758567200538316 1.3094201532095757 4.2843765881725142 2.0852076738313352 2.0852076738313352 -0.50543322794763124 -0.19252438044475575 0.66716144954639844 1.366818105386481 1.3937669968154378 -1.1231997119140167 0.67359155633079737 0.30505838731795659 -0.76213734878520889 3.2858080162893386 3.3794542420997158 0.97184569737593107 1.7608667400725333 0.42390874111029014 -1.2514084728909125 1.0000000180025095e-35 0.99864169796777091 0.15627994228345007 -0.058025825971856182 1.7010387896728181
decision_type=2 2 2 2 2 2 2 2 2 2 2 2 2 2 2 2 2 2 2 2 2 2 2 2 2 2 2 2 2 2
left_child=2 6 5 9 17 15 11 -5 -9 -3 -7 -2 24 -10 16 -1 -15 -4 -19 -11 -21 -13 -8 -12 -6 -14 -27 28 -28 -25
right_child=1 3 4 7 12 10 22 8 13 19 23 21 25 14 -16 -17 -18 18 -20 20 -22 -23 -24 29 -26 26 27 -29 -30 -31
leaf_value=-0.048162037818579348 0.019807022613270685 0.094587765929139769 -0.0086801479674979733 0.14877557135482136 -0.0052473876885025805 -0.024581104547704385 0.0581641936648844 0.11075219976902009 0.17821206698815029 0.11785019652661891 -0.018099235804050293 0.033670488418815488 0.016327537368168978 0.35545141282288928 0.21636641463812661 -0.033119876121699372 0.20068842569986978 0.01024159660134598 -0.0042541735397590066 0.12455324859859851 0.21593483392397564 0.046986893255524326 0.074301452190043221 -0.0094857519925177491 0.011950809007963222 0.020488248275174568 0.04960654889836031 0.034439272586646121 0.25837689699495542 0.057374825156402104
leaf_weight=1968 1362 2030 8535 363 804 14127 3240 50 60 1011 9526 3040 1365 69 68 12797 21 2219 4939 130 75 2726 1296 3200 6669 662 85 430 34 43
leaf_count=1968 1362 2030 8535 363 804 14127 3240 50 60 1011 9526 3040 1365 69 68 12797 21 2219 4939 130 75 2726 1296 3200 6669 662 85 430 34 43
internal_value=-3.71601e-11 0.0643076 -0.0148273 0.117936 0.00259387 -0.0255917 0.0464822 0.180173 0.222701 0.105837 -0.0203583 0.0361142 0.0138463 0.248377 0.275022 -0.0351248 0.31934 -0.00461163 0.000239556 0.124616 0.157986 0.0399661 0.0627748 -0.0156865 0.0101005 0.024713 0.0341647 0.0506562 0.109255 -0.00859923
internal_weight=82944 15541 67403 3877 25742 41661 11664 631 268 3246 26896 7128 10049 218 158 14765 90 15693 7158 1216 205 5766 4536 12769 7473 2576 1211 549 119 3243
internal_count=82944 15541 67403 3877 25742 41661 11664 631 268 3246 26896 7128 10049 218 158 14765 90 15693 7158 1216 205 5766 4536 12769 7473 2576 1211 549 119 3243
is_linear=0
shrinkage=0.05


Tree=10
num_leaves=31
num_cat=0
split_feature=2 2 2 1 2 2 2 2 0 0 3 3 3 7 0 0 5 5 4 5 6 2 4 4 2 5 6 5 7 5
split_gain=28588.3 6343.82 3652.22 1134.8 916.061 692.104 518.796 304.163 295.181 278.096 197.556 162.203 159.134 151.669 377.647 163.301 147.13 148.27 139.209 137.962 104.281 155.68 101.679 146.833 92.7374 91.6608 91.4281 88.8369 85.7524 82.7838
threshold=0.46358094886754453 2.017812398497465 -0.39623048188405446 3.720430316313958 1.1103173439123746 -0.066152327495241747 -0.83835658716494865 4.2843765881725142 2.0852076738313352 2.0852076738313352 0.92668547105854981 0.90331828486506838 -0.5116078948477244 1.7010387896728181 0.077028608076209953 -0.058025825971856182 1.366818105386481 1.3937669968154378 0.67359155633079737 0.85925218225375766 1.7077461606570974 0.32464467306343692 0.96227365190113923 -0.81793260411596802 -1.341893010452303 0.36482234569996347 -0.91243033262339701 0.30505838731795659 1.7010387896728181 1.082299156171467
decision_type=2 2 2 2 2 2 2 2 2 2 2 2 2 2 2 2 2 2 2 2 2 2 2 2 2 2 2 2 2 2
left_child=2 4 6 8 10 27 24 -5 -3 -9 -2 -6 -8 -12 15 -15 -11 18 -18 -7 -21 -22 23 -10 26 -14 -1 -4 -27 -23
right_child=1 3 5 7 11 19 12 9 22 16 13 -13 25 14 -16 -17 17 -19 -20 20 21 29 -24 -25 -26 28 -28 -29 -30 -31
leaf_value=0.0034107302315533163 0.022505903582062937 0.088081172258779941 -0.012104361940712981 0.14133679283880335 0.040477517797845863 0.0021482311746853309 -0.025758157168202817 0.10521459221839904 0.1079767166171223 0.16930146796007953 0.035283445051163508 0.058660527416468426 -0.020515228372930891 0.10358461817807479 0.047206737763960574 0.28648399527256307 0.33767883812171828 0.20554809535250948 0.1906540075937907 0.011164688763545911 0.011355131768722283 0.052744334370043937 0.096104048631257488 0.1493856971274789 -0.034883389832980026 -0.010869270776641727 -0.060396914484107916 -0.004373539503069207 0.060327339744152025 0.14753693874393189
leaf_weight=62 5365 2352 10233 363 1691 7988 15823 50 448 60 2141 4465 7802 23 221 26 69 68 21 4771 134 51 360 410 8861 2572 594 5835 43 42
leaf_count=62 5365 2352 10233 363 1691 7988 15823 50 448 60 2141 4465 7802 23 221 26 69 68 21 4771 134 51 360 410 8861 2572 594 5835 43 42
internal_value=4.96639e-11 0.0554959 -0.0155268 0.109353 0.0392561 -0.00235935 -0.0262259 0.171165 0.0984275 0.211566 0.0278485 0.0536658 -0.0225988 0.0397369 0.0750508 0.200633 0.235958 0.261271 0.303373 0.00622477 0.0127401 0.0458507 0.118407 0.127764 -0.0362263 -0.0177999 -0.0543663 -0.00929696 -0.00969854 0.0955539
internal_weight=82944 18133 64811 4201 13932 29054 35757 631 3570 268 7776 6156 26240 2411 270 49 218 158 90 12986 4998 227 1218 858 9517 10417 656 16068 2615 93
internal_count=82944 18133 64811 4201 13932 29054 35757 631 3570 268 7776 6156 26240 2411 270 49 218 158 90 12986 4998 227 1218 858 9517 10417 656 16068 2615 93
is_linear=0
shrinkage=0.05


Tree=11
num_leaves=31
num_cat=0
split_feature=1 1 1 3 1 1 3 1 3 0 3 1 3 7 1 7 0 0 5 3 0 10 0 4 0 4 4 3 5 3
split_gain=24807.4 5242.12 2995.22 1055.25 758.415 690.819 348.165 265.639 261.779 200.575 197.754 163.049 153.042 152.55 140.838 136.831 354.294 139.413 132.655 124.276 118.366 116.751 114.727 101.645 81.6687 89.7938 118.462 90.1878 94.701 76.601
threshold=0.52972576445151887 2.3798475571324054 -0.43420952083704506 0.99923620641476529 3.720430316313958 -0.057363525694346995 -0.67957054952110585 1.5090210108706172 3.6202699090239325 2.0852076738313352 -0.44324507530914975 1.2432604983724855 1.4538561166522213 -0.44226394673424807 -0.9424920198454646 1.7010387896728181 0.077028608076209953 -0.044525099028048666 0.36482234569996347 0.3489767954495307 -1.0130311042508209 1.0000000180025095e-35 2.415323570517228 0.55330734984315499 2.0852076738313352 0.96227365190113923 -0.84198944541349652 3.1648958441122628 1.3937669968154378 0.24949220878618386
decision_type=2 2 2 2 2 2 2 2 2 2 2 2 2 2 2 2 2 2 2 2 2 2 2 2 2 2 2 2 2 2
left_child=2 3 6 11 12 10 14 15 -6 -10 -4 29 -3 -9 -1 -5 17 -17 -8 -7 -20 -15 -11 -22 -14 26 -26 -28 -29 -2
right_child=1 4 5 7 8 19 18 13 9 22 -12 -13 24 21 -16 16 -18 -19 20 -21 23 -23 -24 -25 25 -27 27 28 -30 -31
leaf_value=-0.037879556362289457 0.010244332889806085 0.047471993968974863 -0.01716375775162074 0.041375481358618654 0.13591001142354253 0.0025054898319773729 -0.021073454475200107 0.047907364486600768 0.10007081598770329 0.31143551826477056 -0.0056694648512599644 0.040375150280095147 0.092386328754895025 0.077183720160134917 -0.026925090456134428 0.12088032632388852 0.055011549981626773 0.30098925488335748 -0.020324677997677038 0.012900972438090536 0.011425195964551507 0.054664229553655824 0.20606644099117608 -0.017349023392499129 0.10279529590716308 0.091298847037057096 0.1138305377215147 0.18789046455312661 0.12369351226091385 0.025399608724236494
leaf_weight=3736 1022 128 5377 3567 374 8218 14929 1173 41 30 12306 1683 903 1720 13670 22 289 21 1169 4422 881 865 186 471 435 360 184 135 100 4527
leaf_count=3736 1022 128 5377 3567 374 8218 14929 1173 41 30 12306 1683 903 1720 13670 22 289 21 1169 4422 881 865 186 471 435 360 184 135 100 4527
internal_value=-1.47653e-11 0.0523768 -0.0142757 0.0404396 0.114176 -0.00278402 -0.0242729 0.0533761 0.162606 0.201457 -0.00916462 0.026743 0.100563 0.0628621 -0.0292763 0.0442331 0.0749352 0.208841 -0.019282 0.00614226 -0.00867328 0.0696482 0.220701 0.00140104 0.103773 0.112243 0.121072 0.140046 0.160573 0.0226084
internal_weight=82944 17765 65179 14889 2876 30323 34856 7657 631 257 17683 7232 2245 3758 17406 3899 332 43 17450 12640 2521 2585 216 1352 2117 1214 854 419 235 5549
internal_count=82944 17765 65179 14889 2876 30323 34856 7657 631 257 17683 7232 2245 3758 17406 3899 332 43 17450 12640 2521 2585 216 1352 2117 1214 854 419 235 5549
is_linear=0
shrinkage=0.05


Tree=12
num_leaves=31
num_cat=0
split_feature=2 2 2 2 2 2 2 0 2 2 5 9 0 5 5 2 4 1 0 7 2 5 1 0 0 6 5 2 2 6
split_gain=23497.9 4379.27 3774.74 873.08 870.882 588.931 408.04 375.416 283.786 218.628 190.916 145.629 132.017 122.427 114.79 103.795 101.114 96.7823 96.7128 94.0863 94.5505 85.7303 82.4898 78.3438 76.3607 392.073 466.336 74.8662 68.6369 82.183
threshold=0.62015932343687175 2.1237758111861962 -0.19636480654545599 4.2843765881725142 -0.60188752348015928 1.3094201532095757 0.33995594555183412 1.5862685013415212 2.8051086824331208 -0.88440467823144298 1.366818105386481 -0.19252438044475575 0.95849667322298504 -0.24472827403648004 1.3937669968154378 0.02809530469763202 0.67359155633079737 2.5499110629430759 -0.13373103824176599 -0.081021797575299523 3.6149727007184782 0.90745195762283271 4.3806832468255656 -0.65882323132285669 0.021646708491936072 1.1133806251249947 1.082299156171467 0.9452029766701463 -1.341893010452303 -0.91243033262339701
decision_type=2 2 2 2 2 2 2 2 2 2 2 2 2 2 2 2 2 2 2 2 2 2 2 2 2 2 2 2 2 2
left_child=2 5 4 8 9 11 15 -5 -3 28 -9 -2 17 -6 16 -4 -12 -10 -8 -14 -21 -7 -22 -15 25 -20 -27 -13 29 -1
right_child=1 3 6 7 13 21 18 10 12 -11 14 27 19 23 -16 -17 -18 -19 24 20 22 -23 -24 -25 -26 26 -28 -29 -30 -31
leaf_value=0.0047261756619498621 0.016453729398863918 0.081412813069699691 -0.0027198617636419852 0.077686822297317645 -0.017323669414204164 0.027251595391308558 0.0082734432152096783 0.1428538786537655 0.02578373693168623 -0.024210561281726713 0.29305938132878007 0.028690248713636426 0.1024659156591768 -0.013405726613582775 0.1863601798520369 0.0053623266438820117 0.17081798655646188 0.109347193345191 0.016398194072195171 0.11594709350493711 0.18129846822647822 0.05595808531962302 0.11390950478298563 -0.0047322021906761403 0.019145363248241266 0.038042061598214084 0.22577411499890415 0.040095065227962093 -0.033125965997289258 -0.055769416140839273
leaf_weight=62 1362 1939 8505 70 12567 277 1769 77 77 15421 87 2762 792 6849 68 7454 21 63 445 486 126 4259 71 4200 2511 83 55 3004 6888 594
leaf_count=62 1362 1939 8505 70 12567 277 1769 77 77 15421 87 2762 792 6849 68 7454 21 63 445 486 126 4259 71 4200 2511 83 55 3004 6888 594
internal_value=-1.84239e-11 0.0554233 -0.0127789 0.10146 -0.0206899 0.0401211 0.00491885 0.180166 0.0943073 -0.0276228 0.20852 0.0311585 0.109789 -0.0139481 0.237249 0.0010551 0.26929 0.0633873 0.0175986 0.114193 0.127791 0.0542051 0.157011 -0.0101087 0.0229303 0.039232 0.112863 0.034632 -0.0345978 -0.0500518
internal_weight=82944 15541 67403 3877 46581 11664 20822 323 3554 22965 253 7128 1615 23616 176 15959 108 140 4863 1475 683 4536 197 11049 3094 583 138 5766 7544 656
internal_count=82944 15541 67403 3877 46581 11664 20822 323 3554 22965 253 7128 1615 23616 176 15959 108 140 4863 1475 683 4536 197 11049 3094 583 138 5766 7544 656
is_linear=0
shrinkage=0.05


Tree=13
num_leaves=31
num_cat=0
split_feature=2 2 2 2 2 2 2 0 2 5 2 3 9 0 11 2 5 6 0 0 3 5 4 4 0 5 3 11 3 5
split_gain=21206.9 3959.78 3413.12 830.676 674.358 464.578 455.5 338.813 314.667 172.302 156.22 136.362 123.947 115.984 115.359 111.497 110.511 226.942 280.735 425.201 109.428 103.598 91.2554 84.6334 81.5808 79.5638 76.8058 71.1235 69.4442 68.3703
threshold=0.62015932343687175 2.017812398497465 -0.24946468487045778 4.2843765881725142 -0.65897194717338514 0.1113257191213794 1.2692868776987039 1.5862685013415212 2.6405108700037183 1.366818105386481 -1.0219206631466522 -0.60113168818420892 -0.19252438044475575 -0.13373103824176599 1.0000000180025095e-35 3.6149727007184782 0.90745195762283271 1.1133806251249947 0.041510661571337822 -0.075561753003593288 3.3794542420997158 1.3937669968154378 0.67359155633079737 -0.57736419114068327 1.0526555900914161 0.85925218225375766 -0.32919875000716586 -0.76213734878520889 1.7319852129670208 -0.1839442457199755
decision_type=2 2 2 2 2 2 2 2 2 2 2 2 2 2 2 2 2 2 2 2 2 2 2 2 2 2 2 2 2 2
left_child=2 6 4 8 10 26 12 -5 -3 -9 -1 -6 -2 -7 23 -16 -15 -18 19 -19 -17 22 -11 -10 -20 -8 -4 -28 -14 -12
right_child=1 3 5 7 11 13 25 9 14 21 29 -13 28 16 15 20 17 18 24 -21 -22 -23 -24 -25 -26 -27 27 -29 -30 -31
leaf_value=-0.037372436246447115 0.015468594145898289 0.073466625484522693 -0.0086656805063688395 0.073802480468792578 -0.019820522903185409 0.0046953834708888349 0.019203675461105678 0.13571118609858798 0.10496883205339021 0.27840641469791017 -0.026898850233580275 -0.0121406067294107 0.030821452118028028 0.009439596812099724 0.10223544620175302 0.10903119183081481 0.01689159197894681 0.03379846360149253 0.0083380876534344377 0.20270472259625147 0.17754215942961829 0.17704217030721553 0.16227708004769825 0.05617400310793013 0.06498713560010258 0.05100803009055075 0.0047786626853732802 -0.0040337353006481063 0.051981887959825279 -0.01824210152933994
leaf_weight=3280 1338 1940 3968 70 9107 3934 206 77 153 87 12982 15821 5046 3274 1337 131 2404 81 192 69 105 68 21 212 95 4330 3916 5513 420 2767
leaf_count=3280 1338 1940 3968 70 9107 3934 206 77 153 87 12982 15821 5046 3274 1337 131 2404 81 192 69 105 68 21 212 95 4330 3916 5513 420 2767
internal_value=1.29752e-11 0.0526522 -0.0121399 0.0941186 -0.0203572 0.00326593 0.0372906 0.171158 0.087702 0.198094 -0.0274454 -0.0149463 0.0291085 0.0113925 0.101952 0.107828 0.015701 0.0229167 0.0560618 0.111495 0.139513 0.225387 0.255826 0.0766277 0.0270895 0.0495637 -0.00282975 -0.000373819 0.0324474 -0.0253779
internal_weight=82944 15541 67403 4201 43957 23446 11340 323 3878 253 19029 24928 6804 10049 1938 1573 6115 2841 437 150 236 176 108 365 287 4536 13397 9429 5466 15749
internal_count=82944 15541 67403 4201 43957 23446 11340 323 3878 253 19029 24928 6804 10049 1938 1573 6115 2841 437 150 236 176 108 365 287 4536 13397 9429 5466 15749
is_linear=0
shrinkage=0.05


Tree=14
num_leaves=31
num_cat=0
split_feature=2 2 2 1 2 2 2 2 2 0 3 3 0 4 5 5 4 3 2 5 6 5 7 5 5 0 11 3 2 7
split_gain=19163.4 4324.13 2428.74 812.553 575.082 432.462 370.971 231.159 217.149 191.159 131.762 113.118 109.041 109.204 105.68 108.401 104.523 102.667 93.6887 93.4025 88.7524 77.7524 67.5333 159.973 72.0947 144.004 58.267 58.2458 58.1887 95.7279
threshold=0.44642660022355057 1.9215687388713503 -0.39623048188405446 3.720430316313958 1.0413774721171112 -0.076511020594167686 -0.7653174964846009 2.5083282097764625 4.2843765881725142 2.0852076738313352 1.4061233754843081 0.68510927030695279 0.94605603681269745 -0.57736419114068327 1.366818105386481 1.3937669968154378 0.67359155633079737 0.26287226169537004 -1.1231997119140167 -0.24472827403648004 -0.50537016327275397 0.90745195762283271 1.7010387896728181 1.1922423828011943 0.99864169796777091 0.20345515022130037 -0.76213734878520889 -0.25481354411116902 3.1142813650749299 -0.081021797575299523
decision_type=2 2 2 2 2 2 2 2 2 2 2 2 2 2 2 2 2 2 2 2 2 2 2 2 2 2 2 2 2 2
left_child=2 4 6 7 11 27 18 -3 -5 -10 21 -2 13 -9 -11 16 -16 -7 -1 -8 26 -6 -13 24 -24 -26 -21 -4 -14 -30
right_child=1 3 5 8 10 17 19 12 9 14 -12 22 28 -15 15 -17 -18 -19 -20 20 -22 -23 23 -25 25 -27 -28 -29 29 -31
leaf_value=-0.038412618505455201 0.016008735052484395 0.066639546511933739 -0.010525204061406309 0.11482013518878416 0.020135485183151485 0.0011840618004791718 -0.020092488443481094 0.10622105944233062 0.085984945058822648 0.13789057083427908 0.051376054551491794 0.025864232925581123 0.088717690290502679 0.033113033772757705 0.28156105634095013 0.16819006116951216 0.15416323230380105 0.010307960201245955 -0.026553264527127269 -0.0064371779288789014 -0.0040248617919620968 0.039471473342441318 0.015652335356358758 0.17903489064086567 0.14143488868031392 0.03801828399330618 -0.018754206023593956 -0.004437210321018451 0.093785272279136592 0.13670960686145686
leaf_weight=1968 4048 1941 8190 363 611 7954 14928 78 50 60 2382 3020 1143 148 69 68 21 5035 10829 1193 1919 3487 164 22 43 155 4920 7551 389 195
leaf_count=1968 4048 1941 8190 363 611 7954 14928 78 50 60 2382 3020 1143 148 69 68 21 5035 10829 1193 1919 3487 164 22 43 155 4920 7551 389 195
internal_value=2.03184e-11 0.044923 -0.0128575 0.0873885 0.0311306 -0.00203231 -0.0215554 0.0788594 0.140023 0.17416 0.0420243 0.0216578 0.0910042 0.058345 0.194383 0.215836 0.251835 0.00472081 -0.0283771 -0.0177533 -0.0134056 0.0365885 0.0283755 0.0481257 0.0401699 0.0604774 -0.0163504 -0.00760478 0.095278 0.108118
internal_weight=82944 18457 64487 4525 13932 28730 35757 3894 631 268 6480 7452 1953 226 218 158 90 12989 12797 22960 8032 4098 3404 384 362 198 6113 15741 1727 584
internal_count=82944 18457 64487 4525 13932 28730 35757 3894 631 268 6480 7452 1953 226 218 158 90 12989 12797 22960 8032 4098 3404 384 362 198 6113 15741 1727 584
is_linear=0
shrinkage=0.05


Tree=15
num_leaves=31
num_cat=0
split_feature=2 2 2 2 2 2 2 0 0 2 5 3 2 3 5 5 4 3 0 0 3 11 5 4 5 4 4 2 0 6
split_gain=17304.1 3144.47 2873.19 652.26 646.488 421.489 332.179 277.437 212.056 185.707 141.966 127.301 105.128 89.9512 87.3462 86.3889 75.8161 74.7991 71.3741 68.874 117.223 60.351 87.0275 91.4235 60.1483 65.1898 59.601 57.8964 56.7358 374.945
threshold=0.64459424129651244 2.1237758111861962 -0.19636480654545599 -0.57067700667304744 4.2843765881725142 1.4305678151386811 0.33995594555183412 1.5862685013415212 2.0852076738313352 -0.88440467823144298 1.366818105386481 1.1465974220183075 3.2858080162893386 -0.39192905063849698 -0.24472827403648004 1.3937669968154378 0.67359155633079737 -1.1072363896695336 -0.12700209531285983 2.4867904811690109 3.3794542420997158 -0.76213734878520889 0.36482234569996347 0.69764839762832587 0.90745195762283271 0.96227365190113923 0.072170523892585367 0.02809530469763202 0.021646708491936072 1.1133806251249947
decision_type=2 2 2 2 2 2 2 2 2 2 2 2 2 2 2 2 2 2 2 2 2 2 2 2 2 2 2 2 2 2
left_child=2 5 3 9 8 11 13 -6 -3 17 -9 24 -10 -4 -5 16 -12 -1 26 20 -14 22 -11 -24 -2 -26 -8 -15 29 -20
right_child=1 4 6 14 7 -7 18 10 12 21 15 -13 19 27 -16 -17 -18 -19 28 -21 -22 -23 23 -25 25 -27 -28 -29 -30 -31
leaf_value=-0.038154506707107239 0.016307960174186925 0.070591753910440119 -0.0071671641085002099 -0.014493712949253985 0.066681719802852188 0.049128892630734874 -0.0011430830921966438 0.12252810560408739 0.087039864185219765 -0.017944724526621655 0.25230569222877763 0.037985557060234452 0.090316043668152657 -0.0006797728002745602 -0.0081386490608324324 0.1597805560073432 0.14645507136980693 -0.026851342172255571 0.012834403815556767 0.099746504985556317 0.17506748210620501 -0.021808444391859583 0.018592785623303805 -0.025358950994929977 0.023473721643659046 0.038150489571721874 0.016504472177109337 0.005965438659388686 0.016933374584576538 0.11155814763491717
leaf_weight=1987 1694 2076 2848 11158 70 3564 946 77 1063 2569 87 2384 68 6568 10490 68 21 5557 441 245 102 14283 361 176 2637 1061 968 6543 2709 123
leaf_count=1987 1694 2076 2848 11158 70 3564 946 77 1063 2569 87 2384 68 6568 10490 68 21 5557 441 245 102 14283 361 176 2637 1061 968 6543 2709 123
internal_value=1.33319e-11 0.0481802 -0.0108252 -0.0177639 0.0870523 0.0348903 0.00445967 0.154779 0.0808971 -0.0232771 0.179154 0.0283643 0.0953719 0.000886962 -0.0114142 0.203927 0.231724 -0.0298285 0.0154519 0.116714 0.141167 -0.0204348 -0.0141182 0.00418775 0.0241105 0.0276847 0.00778212 0.0026365 0.0199371 0.0343646
internal_weight=82944 15217 67727 46581 3877 11340 21146 323 3554 24933 253 7776 1478 15959 21648 176 108 7544 5187 415 170 17389 3106 537 5392 3698 1914 13111 3273 564
internal_count=82944 15217 67727 46581 3877 11340 21146 323 3554 24933 253 7776 1478 15959 21648 176 108 7544 5187 415 170 17389 3106 537 5392 3698 1914 13111 3273 564
is_linear=0
shrinkage=0.05


Tree=16
num_leaves=31
num_cat=0
split_feature=2 2 2 1 2 2 2 2 0 0 3 9 2 0 9 3 5 5 5 11 4 4 0 6 0 2 3 6 5 0
split_gain=15617 2841.17 2599.25 626.863 446.26 434.91 320.717 177.416 165.683 155.394 111.81 102.31 99.0114 97.8248 94.7094 90.6768 93.7364 80.57 76.8592 100.779 71.4929 99.3266 63.4324 113.345 105 70.7942 62.8923 62.5521 166.174 221.497
threshold=0.64459424129651244 2.017812398497465 -0.29988855771063755 3.720430316313958 0.1113257191213794 -0.70674193616741354 1.3094201532095757 4.2843765881725142 2.0852076738313352 2.0852076738313352 -0.64569774845302541 -1.2514084728909125 -1.0219206631466522 -0.12700209531285983 -0.19252438044475575 4.0676475521031525 1.366818105386481 1.3937669968154378 0.30505838731795659 -0.76213734878520889 0.96227365190113923 -0.84198944541349652 0.097081496934734154 1.1133806251249947 0.7831759819564309 2.5083282097764625 1.9952792160396153 1.0000000180025095e-35 0.95394520574413566 0.03138597865123454
decision_type=2 2 2 2 2 2 2 2 2 2 2 2 2 2 2 2 2 2 2 2 2 2 2 2 2 2 2 2 2 2
left_child=2 6 5 8 18 12 14 -5 22 -9 -7 -6 -1 -13 -2 16 -11 -18 -4 -20 21 -10 23 -3 26 -26 -24 -15 -29 -30
right_child=1 3 4 7 11 10 -8 9 20 15 -12 13 -14 27 -16 -17 17 -19 19 -21 -22 -23 24 -25 25 -27 -28 28 29 -31
leaf_value=-0.032290164129722479 0.013378843930790843 0.057420883568770745 -0.0064030757623146639 0.10391706189463948 -0.006105742631565967 -0.018417975965282739 0.04327245559766521 0.078054295182228089 0.079062574733509111 0.097320976077268528 -0.011503160016286023 0.0052359528979057449 -0.022553187808980382 0.0099942716491815929 0.028537313376137942 0.22693866337499313 0.22695266873228787 0.14044671916125115 0.0093893164067523349 -0.0033828142751513193 0.068903731684226338 0.11311055848343393 0.059093377082276022 0.15495830122030008 0.059259829800667435 0.078624307129033136 0.0077883056583232246 0.01315294236128637 0.089293894768242954 0.02641583316073598
leaf_weight=3280 1266 68 8779 363 895 9190 4212 50 445 48 16066 3703 12797 2649 5538 62 51 57 2233 5009 360 413 112 53 1222 769 128 2234 174 718
leaf_count=3280 1266 68 8779 363 895 9190 4212 50 445 48 16066 3703 12797 2649 5538 62 51 57 2233 5009 360 413 112 53 1222 769 128 2234 174 718
internal_value=3.49238e-12 0.0457712 -0.0102839 0.0807568 0.00197376 -0.0181113 0.0324293 0.126698 0.0726368 0.157554 -0.0140193 0.0100536 -0.0245397 0.0115795 0.0257168 0.175787 0.155458 0.181297 -0.00325765 0.000555348 0.087605 0.0954516 0.0648854 0.100144 0.0629731 0.0667391 0.0317307 0.0156471 0.0204374 0.0386813
internal_weight=82944 15217 67727 4201 26394 41333 11016 631 3570 268 25256 10373 16077 9478 6804 218 156 108 16021 7242 1218 858 2352 121 2231 1991 240 5775 3126 892
internal_count=82944 15217 67727 4201 26394 41333 11016 631 3570 268 25256 10373 16077 9478 6804 218 156 108 16021 7242 1218 858 2352 121 2231 1991 240 5775 3126 892
is_linear=0
shrinkage=0.05


Tree=17
num_leaves=31
num_cat=0
split_feature=2 2 2 1 2 2 2 2 2 0 5 5 11 0 4 3 5 4 5 5 3 7 5 3 6 6 6 2 0 5
split_gain=14121.1 3196.8 1810.32 639.349 385.788 345.13 255.82 203.874 160.118 140.334 105.159 102.335 89.897 85.9709 93.7795 82.759 81.6168 80.7309 85.4671 93.9172 74.831 67.1784 134.52 66.5682 64.325 61.3081 60.0697 98.3227 60.0458 59.8683
threshold=0.44642660022355057 1.8424040029399926 -0.41942541309477815 3.720430316313958 1.0075793976716925 -0.076511020594167686 -0.88440467823144298 2.5083282097764625 4.2843765881725142 1.5862685013415212 0.95394520574413566 -0.24472827403648004 -0.76213734878520889 0.93116348106953939 -0.57736419114068327 0.68510927030695279 0.85925218225375766 0.72170523892585436 1.366818105386481 1.3937669968154378 0.36468474849928911 1.7010387896728181 1.1922423828011943 -1.1072363896695336 -0.50537016327275397 1.1133806251249947 1.7077461606570974 0.32464467306343692 0.077028608076209953 1.082299156171467
decision_type=2 2 2 2 2 2 2 2 2 2 2 2 2 2 2 2 2 2 2 2 2 2 2 2 2 2 2 2 2 2
left_child=2 4 6 7 15 -4 23 -3 -5 -10 -6 25 20 14 -9 -2 28 18 -11 -20 -13 -17 -23 -1 -14 -8 -18 -28 -7 -29
right_child=1 3 5 8 10 16 11 13 9 17 -12 12 24 -15 -16 21 26 -19 19 -21 -22 22 -24 -25 -26 -27 27 29 -30 -31
leaf_value=-0.034852298407258925 0.013259652325785583 0.05619230882086839 -0.006743937177851606 0.098721209427562462 0.017986545169732426 -0.0033096611498976882 -0.01979531030677513 0.092970883652854427 0.071218972003206302 0.12640717745359456 0.037359490956565586 -0.0044046048952612145 -0.016930284615188505 0.081985021275618741 0.024814773223955523 0.021484690597513238 0.0079613029128701614 0.090109607080618548 0.23553026501949015 0.15109485528971023 0.034153842728789359 0.036584146393511749 0.16411469185894187 -0.024189162179949826 -0.0052531907844163631 -0.011413397417721446 0.0083117704793929745 0.03801830134276922 0.005287073334099752 0.12084283858537676
leaf_weight=1987 3934 2265 17053 363 799 4045 16000 78 47 56 5681 1328 5399 1732 143 2828 4635 30 78 57 139 344 22 5557 1509 2526 141 48 4080 40
leaf_count=1987 3934 2265 17053 363 799 4045 16000 78 47 56 5681 1328 5399 1732 143 2828 4635 30 78 57 139 344 22 5557 1509 2526 141 48 4080 40
internal_value=-2.22591e-12 0.0385627 -0.0110371 0.0734219 0.0261411 -0.00206676 -0.0188608 0.0663997 0.120363 0.149676 0.0349708 -0.016579 -0.0119923 0.0782377 0.0488699 0.0181141 0.00407382 0.166361 0.178338 0.19988 -0.000751146 0.0240934 0.0442499 -0.0269977 -0.0143795 -0.0186524 0.00919638 0.0341945 0.00100722 0.0756658
internal_weight=82944 18457 64487 4849 13608 30042 34445 4218 631 268 6480 26901 8375 1953 221 7128 12989 221 191 135 1467 3194 366 7544 6908 18526 4864 229 8125 88
internal_count=82944 18457 64487 4849 13608 30042 34445 4218 631 268 6480 26901 8375 1953 221 7128 12989 221 191 135 1467 3194 366 7544 6908 18526 4864 229 8125 88
is_linear=0
shrinkage=0.05


Tree=18
num_leaves=31
num_cat=0
split_feature=2 2 2 2 2 2 2 0 2 11 9 3 2 3 3 3 4 9 0 1 3 4 0 9 3 6 0 9 3 11
split_gain=12754.5 2459.05 2031.53 490.695 391.394 381.425 341.761 203.403 125.128 122.872 108.28 101.221 85.5341 101 80.2433 74.5842 72.3399 73.6653 67.6676 67.2254 66.02 64.2531 57.0947 56.4154 53.8884 53.8557 150.643 354.819 53.8239 52.9252
threshold=0.78576543155723322 -0.19636480654545599 2.413567648051397 -0.60188752348015928 4.2843765881725142 1.5009240506625152 0.33995594555183412 1.5862685013415212 -0.9276586014370084 -0.76213734878520889 1.1551462826685348 0.86109926473617227 3.6149727007184782 3.3794542420997158 -0.31559147031070728 -0.39192905063849698 0.72170523892585436 1.3476706631132906 -0.12700209531285983 2.2016679155160426 1.9092313060998976 0.96227365190113923 2.5330721622263543 -1.3476706631132902 2.8203810515138188 0.30811198432835407 1.0000000180025095e-35 0.2887865706671337 -1.1072363896695336 -0.76213734878520889
decision_type=2 2 2 2 2 2 2 2 2 2 2 2 2 2 2 2 2 2 2 2 2 2 2 2 2 2 2 2 2 2
left_child=1 3 5 8 9 11 15 -6 28 19 -9 23 -11 -14 -5 -3 17 -12 21 20 -4 -8 -15 -2 -7 -20 27 -27 -1 -10
right_child=2 6 4 14 7 24 18 10 29 12 16 -13 13 22 -16 -17 -18 -19 25 -21 -22 -23 -24 -25 -26 26 -28 -29 -30 -31
leaf_value=-0.034359727023216949 -0.034311176931604424 -0.0065489257294128944 0.059529378334597011 -0.012525995821411662 0.05780069466148105 0.045102214139038171 0.0029687211308001959 0.10465061400908154 -0.012265740629494782 0.076286887419160065 0.21543932957084558 0.032347968051650529 0.080287677404056831 0.16538308512419464 -0.0065458686497623167 0.002378132652326297 0.095068316161632541 0.14354011578518047 0.012346786858071161 0.063295387944846015 -0.01250870533125556 0.023310548072325077 0.078817048072814949 0.020915138164409017 0.068419288752138388 0.032099454717971619 0.019256986246183435 0.20237385630607607 -0.02375030438271232 -0.019583004958778218
leaf_weight=1665 47 2848 59 14445 70 3620 1840 77 2998 1872 95 3886 144 80 9171 13111 24 57 2265 335 69 492 25 2871 266 157 2015 38 4239 14063
leaf_count=1665 47 2848 59 14445 70 3620 1840 77 2998 1872 95 3886 144 80 9171 13111 24 57 2265 335 69 492 25 2871 266 157 2015 38 4239 14063
internal_value=2.15319e-11 -0.00868195 0.0442794 -0.0152643 0.0813412 0.034201 0.00478598 0.133233 -0.0204683 0.0748547 0.154104 0.0270633 0.0799489 0.10748 -0.0102037 0.000785034 0.17574 0.188477 0.0141662 0.0515185 0.0206963 0.00726039 0.144772 0.0200256 0.0466983 0.0177649 0.0233179 0.0652811 -0.0267423 -0.0182972
internal_weight=82944 69347 13597 46581 2907 10690 22766 323 22965 2584 253 6804 2121 249 23616 15959 176 152 6807 463 128 2332 105 2918 3886 4475 2210 195 5904 17061
internal_count=82944 69347 13597 46581 2907 10690 22766 323 22965 2584 253 6804 2121 249 23616 15959 176 152 6807 463 128 2332 105 2918 3886 4475 2210 195 5904 17061
is_linear=0
shrinkage=0.05


Tree=19
num_leaves=31
num_cat=0
split_feature=2 2 2 1 2 2 2 3 3 0 3 5 0 11 3 3 5 0 7 0 2 3 0 7 5 3 3 2 2 3
split_gain=11515.4 2758.86 1373.76 527.163 356.964 260.264 191.161 169.526 133.78 99.1126 95.828 89.3963 87.2486 81.9476 77.2027 62.5325 60.4248 58.8022 141.65 95.8134 71.6129 64.2231 57.6737 57.3041 115.724 55.5841 54.5682 60.6508 54.4844 66.0315
threshold=0.39009691172712807 1.8424040029399926 -0.44730982643468803 3.720430316313958 1.0075793976716925 -0.093062985247572491 -0.88440467823144298 2.8203810515138188 3.6202699090239325 2.0852076738313352 1.4061233754843081 0.36482234569996347 2.415323570517228 -0.76213734878520889 0.68510927030695279 0.24949220878618386 1.082299156171467 0.041510661571337822 1.7010387896728181 0.7831759819564309 2.413567648051397 1.6101491251248989 0.82882426524999564 1.7010387896728181 1.1922423828011943 4.0676475521031525 -1.0327636508400939 -1.5003388811877232 3.6149727007184782 3.3794542420997158
decision_type=2 2 2 2 2 2 2 2 2 2 2 2 2 2 2 2 2 2 2 2 2 2 2 2 2 2 2 2 2 2
left_child=2 4 6 7 14 -4 26 17 -5 -10 16 -8 -11 22 -2 -7 -6 18 -3 21 -21 -19 -13 -16 -25 -14 27 -1 -9 -30
right_child=1 3 5 8 10 15 11 28 9 12 -12 13 25 -15 23 -17 -18 19 -20 20 -22 -23 -24 24 -26 -27 -28 -29 29 -31
leaf_value=-0.056379442637474325 0.011542482579376533 0.054657862058336865 -0.006561899225297433 0.089892497768545937 0.017165121372892521 0.0001224650808255727 -0.016493757580046162 0.071421994991892571 0.065480453030365274 0.22940360883871716 0.040092860590571516 0.002871702047402253 0.11161452586553536 -0.012352468781661283 0.019140595718835904 0.0074172482583171927 0.030723524268372295 0.049664568761028621 0.16019537629083147 0.047773853266418094 0.065352364531538351 0.0032712102887909053 0.068391540603978299 0.032810635841610196 0.15087326324798844 0.16635991873388942 -0.021374165825178211 -0.02807718420778493 0.064537636445285373 0.13650034450598666
leaf_weight=206 4581 122 18039 374 1107 8038 21926 1199 41 30 2184 832 98 2468 3133 4630 3189 139 43 1466 958 161 35 367 22 88 5004 2334 56 74
leaf_count=206 4581 122 18039 374 1107 8038 21926 1199 41 30 2184 832 98 2468 3133 4630 3189 139 43 1466 958 161 35 367 22 88 5004 2334 56 74
internal_value=-9.64419e-14 0.0336811 -0.010305 0.0663529 0.0228174 -0.0027044 -0.0174195 0.0599765 0.108977 0.13675 0.0315651 -0.0153337 0.150278 -0.00770703 0.0158218 0.00278862 0.0272298 0.0531778 0.0821616 0.0514222 0.0547211 0.0247668 0.00551668 0.0213879 0.0394877 0.137516 -0.0244038 -0.0303726 0.0747555 0.105501
internal_weight=82944 19432 63512 4849 14583 30707 32805 4218 631 257 6480 25261 216 3335 8103 12668 4296 2889 165 2724 2424 300 867 3522 389 186 7544 2540 1329 130
internal_count=82944 19432 63512 4849 14583 30707 32805 4218 631 257 6480 25261 216 3335 8103 12668 4296 2889 165 2724 2424 300 867 3522 389 186 7544 2540 1329 130
is_linear=0
shrinkage=0.05


Tree=20
num_leaves=31
num_cat=0
split_feature=2 2 2 2 2 2 2 9 2 9 11 8 4 4 2 3 6 9 3 0 4 11 9 3 3 2 1 6 0 9
split_gain=10403.4 2009.02 1657.95 406.842 360.265 298.879 276.061 172.506 113.998 87.8975 80.5484 66.7769 65.0782 67.5269 64.8863 64.7619 61.2052 61.0869 60.9154 58.8639 62.9995 58.8469 78.9969 103.073 55.5882 52.4918 50.3893 47.4604 160.457 231.267
threshold=0.78576543155723322 -0.19636480654545599 2.5083282097764625 -0.56561953865074621 1.5009240506625152 4.2843765881725142 0.33995594555183412 1.1551462826685348 -0.9276586014370084 -0.19252438044475575 -0.76213734878520889 1.0152913959672809 0.024056841297528397 0.72170523892585436 3.2858080162893386 -0.39192905063849698 1.7077461606570974 1.3476706631132906 -0.46145025269928391 -0.096342892436865946 0.96227365190113923 -0.76213734878520889 0.67383533155664532 0.3489767954495307 1.551422444794669 1.8424040029399926 2.1279170894743822 1.0000000180025095e-35 1.0000000180025095e-35 0.19252438044475581
decision_type=2 2 2 2 2 2 2 2 2 2 2 2 2 2 2 2 2 2 2 2 2 2 2 2 2 2 2 2 2 2
left_child=1 3 4 8 9 10 15 16 -1 -2 26 14 -9 17 -12 -3 -7 -14 -5 20 -8 22 23 -10 -11 -6 -4 -21 29 -29
right_child=2 6 5 18 25 7 19 12 21 24 11 -13 13 -15 -16 -17 -18 -19 -20 27 -22 -23 -24 -25 -26 -27 -28 28 -30 -31
leaf_value=-0.02416538469007426 0.010591468095341674 -0.0060975767945511978 0.012721622520341322 -0.011758962542196888 0.037004232436950668 0.10142342718761593 0.0024608305292763491 0.073748534995441636 -0.0046718094163139727 0.024389601335954633 0.070038545526396864 0.029417929969682 0.19962333172232241 0.083979223544398948 0.09137353115488446 0.002220915651699064 0.029160909837422273 0.13287835256619887 -0.0063658984593102088 0.010237566042302394 0.022129096243851502 -0.017518712098176424 -0.01671342741433034 0.053374436257958971 0.036844537218127006 0.048204360483296495 0.057847633837476181 0.02169165975635521 0.01740808275119304 0.14376415972198761
leaf_weight=5904 983 2848 78 9244 1944 84 1944 24 1370 4715 1314 81 91 24 489 13111 45 55 12076 1867 515 15879 2027 81 1106 2265 299 101 2317 63
leaf_count=5904 983 2848 78 9244 1944 84 1944 24 1370 4715 1314 81 91 24 489 13111 45 55 12076 1867 515 15879 2027 81 1106 2265 299 101 2317 63
internal_value=2.6302e-11 -0.00784104 0.0399906 -0.0137906 0.0315334 0.0760353 0.00433229 0.121026 -0.0180835 0.0244207 0.0696081 0.0738297 0.150822 0.161703 0.0758249 0.00073642 0.0762156 0.17448 -0.00870424 0.0127628 0.00658005 -0.0162285 -0.0103379 -0.00143146 0.0267561 0.0430314 0.0485112 0.0162594 0.020791 0.0685854
internal_weight=82944 69347 13597 46581 11013 2584 22766 323 25261 6804 2261 1884 194 170 1803 15959 129 146 21320 6807 2459 19357 3478 1451 5821 4209 377 4348 2481 164
internal_count=82944 69347 13597 46581 11013 2584 22766 323 25261 6804 2261 1884 194 170 1803 15959 129 146 21320 6807 2459 19357 3478 1451 5821 4209 377 4348 2481 164
is_linear=0
shrinkage=0.05


Tree=21
num_leaves=31
num_cat=0
split_feature=2 2 2 2 2 2 3 0 2 5 9 0 3 1 5 11 7 11 9 2 4 5 12 6 9 1 0 6 4 7
split_gain=9391.88 1753.59 1543.99 383.429 288.212 248.867 215.258 161.489 148.408 82.4784 80.625 73.6163 72.4371 72.3108 70.1537 97.2379 68.7429 80.1227 68.4603 67.4756 58.7073 57.6882 57.2838 55.7285 54.0802 73.0117 97.4105 215.404 49.8527 47.9994
threshold=0.62015932343687175 2.017812398497465 -0.33166896431917076 4.2843765881725142 0.1113257191213794 -0.72758567200538316 0.94730973606102398 1.5862685013415212 2.8051086824331208 1.366818105386481 -1.2514084728909125 -0.13373103824176599 -0.25481354411116902 2.3798475571324054 0.30505838731795659 -0.76213734878520889 1.0000000180025095e-35 1.0801555850332116 -0.28878657066713359 1.4305678151386811 0.72170523892585436 1.3937669968154378 1.0444659357341872 -0.066328909107543868 0.86635971200140116 0.75658325704980689 0.021646708491936072 1.1133806251249947 0.072170523892585367 -0.081021797575299523
decision_type=2 2 2 2 2 2 2 2 2 2 2 2 2 2 2 2 2 2 2 2 2 2 2 2 2 2 2 2 2 2
left_child=2 6 5 8 14 16 18 -5 -3 -9 -6 28 -7 22 -4 23 -1 -18 -2 -8 21 -11 -10 -16 25 -13 27 -27 -12 -15
right_child=1 3 4 7 10 12 19 9 13 20 11 24 -14 29 15 -17 17 -19 -20 -21 -22 -23 -24 -25 -26 26 -28 -29 -30 -31
leaf_value=-0.016970133998083722 0.0064491449382435076 0.050011365264289433 -0.005626149441770506 0.047761689509664265 -0.0067633558373399356 -0.012819645907276956 0.026604163833264236 0.090409921967218837 0.018430379435293225 0.18778834548631784 -0.0025450917078927923 0.01290169125982487 -0.0063954379230490611 0.06472919875790209 0.0041905685228485158 -0.0029841033877211695 -0.021286143639620333 -0.037512137051002481 0.020390626025464889 0.037249259647789155 0.079780262786274161 0.1241621220320986 0.084701834100744 0.021075590676865381 0.0068020210932596666 0.01812806786656438 0.023270309910649243 0.16492243467307674 0.0093054224917280895 0.082905079911435975
leaf_weight=9404 1116 2263 10001 70 875 19244 3405 77 112 95 1744 2607 5684 767 1624 5337 4443 918 4174 2645 24 57 46 699 2307 64 604 41 1807 690
leaf_count=9404 1116 2263 10001 70 875 19244 3405 77 112 95 1744 2607 5684 767 1624 5337 4443 918 4174 2645 24 57 46 699 2307 64 604 41 1807 690
internal_value=3.33071e-11 0.0350392 -0.00807893 0.0626338 0.000978225 -0.0144018 0.0248165 0.114974 0.0582744 0.133571 0.00773834 0.00912149 -0.0113548 0.0698528 -0.00286824 0.000732528 -0.0195461 -0.0240646 0.0174495 0.0312581 0.152454 0.163929 0.0377246 0.00927134 0.0126808 0.0167708 0.0309976 0.0754478 0.00348529 0.0733369
internal_weight=82944 15541 67403 4201 27710 39693 11340 323 3878 253 10049 9174 24928 1615 17661 7660 14765 5361 5290 6050 176 152 158 2323 5623 3316 709 105 3551 1457
internal_count=82944 15541 67403 4201 27710 39693 11340 323 3878 253 10049 9174 24928 1615 17661 7660 14765 5361 5290 6050 176 152 158 2323 5623 3316 709 105 3551 1457
is_linear=0
shrinkage=0.05


Tree=22
num_leaves=31
num_cat=0
split_feature=2 2 2 2 2 2 2 0 5 2 5 5 6 11 9 6 3 4 5 6 8 8 4 5 5 4 4 2 4 5
split_gain=8490.07 1641.17 1354.58 337.122 294.311 242.42 224.852 145.744 107.351 84.1798 74.4367 74.3357 73.252 70.7642 64.6329 65.6328 67.3518 56.1444 77.2215 72.5518 56.0488 54.7237 62.8299 65.5954 108.932 69.9308 81.7174 54.6937 54.0737 53.6955
threshold=0.78576543155723322 -0.19636480654545599 2.5083282097764625 -0.53184314520849496 1.5009240506625152 4.2843765881725142 0.24827907022911186 1.5862685013415212 -0.1839442457199755 -1.2034679433490898 1.366818105386481 0.90745195762283271 1.1133806251249947 -0.76213734878520889 -1.2514084728909125 1.0000000180025095e-35 0.92668547105854981 -1.1306715409838382 1.1922423828011943 1.0000000180025095e-35 1.0152913959672809 0.74090168677562918 0.67359155633079737 1.224450581347845 1.3816171070223859 -0.57736419114068327 0.072170523892585367 3.2858080162893386 -1.1306715409838382 0.95394520574413566
decision_type=2 2 2 2 2 2 2 2 2 2 2 2 2 2 2 2 2 2 2 2 2 2 2 2 2 2 2 2 2 2
left_child=1 3 4 8 11 13 -3 -7 9 -1 -9 -2 -10 -4 -8 -16 -17 18 -13 -19 27 22 23 -21 25 -25 -27 -15 -18 -30
right_child=2 6 5 -5 -6 7 14 10 12 -11 -12 17 -14 20 15 16 28 19 -20 21 -22 -23 -24 24 -26 26 -28 -29 29 -31
leaf_value=-0.030413373959109175 0.010519363752545587 -7.3320022194867644e-06 0.043144406784147972 -0.0073413216876974958 0.038874380906585682 0.045373604084764207 -0.0061794932291894282 0.085889426415616824 -0.010416834899989047 -0.016824967473562151 0.14483106099492446 -0.015197484458698646 0.044675645668853507 0.06339084432053535 0.0073087356428412006 0.012890165657976634 -0.0044516679428488713 0.021907162416895189 0.020473946843524791 0.039609124878336704 0.026187254036316811 0.021152102233701509 0.029124429992273673 0.062724607950792863 0.027617739678509997 0.17598302046457925 0.068351882953068308 0.082978593140596746 0.010677748045278993 0.043629825047563436
leaf_weight=1206 1159 14015 377 19024 4209 70 563 77 5541 20749 176 190 61 1314 4527 2918 100 2968 753 393 81 517 604 65 81 45 29 489 167 476
leaf_count=1206 1159 14015 377 19024 4209 70 563 77 5541 20749 176 190 61 1314 4527 2918 100 2968 753 393 81 517 604 65 81 45 29 489 167 476
internal_value=9.57333e-12 -0.00708338 0.0361265 -0.0124608 0.028482 0.0687069 0.00391918 0.109226 -0.015995 -0.0175714 0.126892 0.0220533 -0.00981693 0.0629185 0.0102076 0.0113344 0.0163123 0.0244214 0.0132867 0.0266544 0.0668754 0.0347801 0.0405695 0.0518466 0.0737072 0.100565 0.133803 0.0687033 0.0297521 0.0350715
internal_weight=82944 69347 13597 46581 11013 2584 22766 323 27557 21955 253 6804 5602 2261 8751 8188 3661 5645 943 4702 1884 1734 1217 613 220 139 74 1803 743 643
internal_count=82944 69347 13597 46581 11013 2584 22766 323 27557 21955 253 6804 5602 2261 8751 8188 3661 5645 943 4702 1884 1734 1217 613 220 139 74 1803 743 643
is_linear=0
shrinkage=0.05


Tree=23
num_leaves=31
num_cat=0
split_feature=2 2 2 2 2 0 2 3 2 2 6 0 5 5 4 4 0 3 5 6 5 0 4 2 11 5 5 11 9 8
split_gain=7664.28 1844.93 927.85 354.797 242.68 202.801 166.477 147.513 143.925 109.347 72.4299 69.7652 64.2492 64.1545 59.2003 78.5134 56.6018 64.5136 56.0854 158.726 108.432 119.301 54.0595 53.3705 52.674 57.9502 50.1022 68.7045 48.151 46.1124
threshold=0.39009691172712807 1.8424040029399926 -0.43173869921418279 3.6149727007184782 1.0075793976716925 1.5598838087422522 -0.038050289856669355 3.3794542420997158 -0.7792142845407235 2.6405108700037183 1.7077461606570974 0.8947109700406356 0.30505838731795659 1.082299156171467 -1.1306715409838382 -1.3712399539591229 2.415323570517228 4.0676475521031525 0.90745195762283271 1.1133806251249947 1.1577679250095743 0.31330514427545292 0.40896630205798407 -1.5003388811877232 -0.76213734878520889 0.36482234569996347 0.30505838731795659 -0.76213734878520889 -0.38504876088951151 1.0152913959672809
decision_type=2 2 2 2 2 2 2 2 2 2 2 2 2 2 2 2 2 2 2 2 2 2 2 2 2 2 2 2 2 2
left_child=2 4 8 9 14 -5 26 10 12 -3 -7 13 23 -6 15 -2 22 -18 -16 -20 -21 -22 -9 -1 25 -10 -4 -28 -8 -11
right_child=1 3 6 5 11 7 28 16 24 29 -12 -13 -14 -15 18 -17 17 -19 19 20 21 -23 -24 -25 -26 -27 27 -29 -30 -31
leaf_value=-0.039519437936756496 0.016268911467087848 0.042522286142437062 -0.0066920397123355199 0.039868258051865273 0.006435155742922501 0.098890429923061907 -0.0010619614869858871 0.13009834466945558 -0.0094270874072829459 0.060873654941387384 0.036647852167658423 0.030493529963691209 -0.0041041703868679525 0.024105190879595912 0.0087391330824712343 -0.0083627829123514383 0.094450765005473447 0.14972719830314976 0.014808601920841769 0.03608781514502251 0.19428953969230256 0.053280524238944055 0.21978990073714938 -0.018775799289504139 -0.012883118419627127 0.0055332029366185614 0.0070816496291229636 -0.0043284320469696583 0.0057757343188046114 0.018804349900935505
leaf_weight=319 603 2588 12189 160 666 101 4309 42 3647 1547 87 3568 735 2246 2500 698 145 83 3836 402 24 40 28 11087 17214 787 1787 5041 6397 68
leaf_count=319 603 2588 12189 160 666 101 4309 42 3647 1547 87 3568 735 2246 2500 698 145 83 3836 402 24 40 28 11087 17214 787 1787 5041 6397 68
internal_value=3.73574e-12 0.0274778 -0.00840706 0.0541955 0.0185939 0.0886938 -0.00196355 0.104768 -0.0140752 0.0488932 0.0700867 0.0258066 -0.0184326 0.0200639 0.0128259 0.00305375 0.126648 0.114573 0.014695 0.018156 0.0457113 0.106159 0.165975 -0.019356 -0.0116314 -0.00677175 -0.0047712 -0.00134223 0.00302367 0.0591023
internal_weight=82944 19432 63512 4849 14583 646 29723 486 33789 4203 188 6480 12141 2912 8103 1301 298 228 6802 4302 466 64 70 11406 21648 4434 19017 6828 10706 1615
internal_count=82944 19432 63512 4849 14583 646 29723 486 33789 4203 188 6480 12141 2912 8103 1301 298 228 6802 4302 466 64 70 11406 21648 4434 19017 6828 10706 1615
is_linear=0
shrinkage=0.05


Tree=24
num_leaves=31
num_cat=0
split_feature=2 2 2 2 2 2 2 0 11 2 5 5 11 5 5 5 4 2 7 0 5 0 11 6 5 7 4 5 6 5
split_gain=6926.05 1340.01 1108.2 280.456 220.227 209.073 183.241 119.492 82.8605 76.0317 63.9481 61.8131 60.1751 73.7039 60.5715 55.6096 52.414 51.5847 62.2349 85.7686 67.6254 52.0575 51.0734 52.4093 50.6381 74.4657 49.3545 67.1826 64.168 49.3469
threshold=0.78576543155723322 -0.19636480654545599 2.413567648051397 -0.60188752348015928 4.2843765881725142 1.5009240506625152 0.33995594555183412 1.5862685013415212 -0.76213734878520889 -0.9907735218775432 1.366818105386481 0.90745195762283271 -0.76213734878520889 0.36482234569996347 -0.24472827403648004 0.30505838731795659 0.72170523892585436 3.1142813650749299 -0.081021797575299523 2.4867904811690109 1.254328062751503 1.6656405814955708 -0.76213734878520889 -0.066328909107543868 -0.24472827403648004 1.7010387896728181 -1.1306715409838382 1.1922423828011943 1.0000000180025095e-35 1.3937669968154378
decision_type=2 2 2 2 2 2 2 2 2 2 2 2 2 2 2 2 2 2 2 2 2 2 2 2 2 2 2 2 2 2
left_child=1 3 5 9 8 11 15 -6 -4 -1 -9 -2 13 -5 -14 -3 29 -10 21 20 -20 -19 23 -17 -11 -26 27 -13 -28 -12
right_child=2 6 4 12 7 -7 -8 10 17 24 16 26 14 -15 -16 22 -18 18 19 -21 -22 -23 -24 -25 25 -27 28 -29 -30 -31
leaf_value=-0.021516879466007669 0.009383843322190338 -0.0026424885117132565 0.035973561560012482 -0.0060243923326950208 0.041111512479505369 0.034438470591404466 0.010412687814789925 0.076919832714385808 0.053148365591329877 -0.015258268250858714 0.16446108622770561 -0.0149470374872908 -0.011946091143196953 0.0072955986216892976 -0.0060365178509263137 0.004097490515117712 0.062883399512308341 -0.0042943130904699077 0.024917745950085154 0.060700115091996659 0.11590954123664864 0.060438035598574705 0.0002985637103091205 0.017834643400081767 -0.0097052729675421549 0.058008851692443943 0.019690034485949151 0.01832504365418108 0.031796412495473263 0.10561431785228484
leaf_weight=3936 1159 7196 463 4954 70 3886 6807 77 1304 14815 95 190 8547 1314 8801 2347 24 34 23 219 182 359 5430 986 4173 41 2968 753 1734 57
leaf_count=3936 1159 7196 463 4954 70 3886 6807 77 1304 14815 95 190 8547 1314 8801 2347 24 34 23 219 182 359 5430 986 4173 41 2968 753 1734 57
internal_value=9.70325e-12 -0.00639776 0.0326297 -0.0112568 0.0600028 0.0251859 0.00354418 0.0989277 0.0551372 -0.0151911 0.114924 0.0199015 -0.00743094 -0.00323204 -0.00894804 0.000614551 0.131551 0.0593205 0.0691716 0.0824575 0.105701 0.0548378 0.00328917 0.00816135 -0.0138827 -0.00904645 0.0220609 0.0116212 0.0241546 0.142394
internal_weight=82944 69347 13597 46581 2907 10690 22766 323 2584 22965 253 6804 23616 6268 17348 15959 176 2121 817 424 205 393 8763 3333 19029 4214 5645 943 4702 152
internal_count=82944 69347 13597 46581 2907 10690 22766 323 2584 22965 253 6804 23616 6268 17348 15959 176 2121 817 424 205 393 8763 3333 19029 4214 5645 943 4702 152
is_linear=0
shrinkage=0.05


Tree=25
num_leaves=31
num_cat=0
split_feature=1 1 3 3 1 1 6 3 3 3 4 0 11 5 4 0 5 4 5 4 0 0 6 7 0 5 3 1 3 1
split_gain=6070.19 1296.8 812.055 285.315 205.379 184.489 117.922 100.371 83.9014 83.424 72.5602 69.0184 70.4446 104.993 86.2666 84.6388 64.9236 56.6334 63.5582 54.9791 53.9865 69.5293 248.674 50.296 54.6433 49.5409 47.0552 43.5744 41.6471 40.88
threshold=0.52972576445151887 2.3798475571324054 -0.43638204642907702 1.3157969961142879 -0.14557303556475534 3.720430316313958 1.1133806251249947 -0.96967995513961214 0.48940817807604869 3.6202699090239325 0.31273893686787019 1.6656405814955708 -0.76213734878520889 0.36482234569996347 0.67359155633079737 0.75305586519458789 1.1210959212062968 0.72170523892585436 1.4032428797398568 0.67359155633079737 0.90431118045679149 0.10789381999018957 1.1133806251249947 1.0000000180025095e-35 0.30657967186768692 -0.24472827403648004 1.7319852129670208 -0.67251048333342112 0.3489767954495307 1.6346039638151819
decision_type=2 2 2 2 2 2 2 2 2 2 2 2 2 2 2 2 2 2 2 2 2 2 2 2 2 2 2 2 2 2
left_child=2 3 6 8 11 16 7 23 -2 -7 -11 12 13 -4 15 -15 -3 18 -12 -18 21 22 -5 -1 -25 -14 -22 -9 -6 -10
right_child=1 5 4 20 28 9 -8 27 29 10 17 -13 25 14 -16 -17 19 -19 -20 -21 26 -23 -24 24 -26 -27 -28 -29 -30 -31
leaf_value=-0.015083222269648006 0.0071554154142457463 0.000295749498764053 -0.0049317263015089645 0.025374556838419174 0.0010635002811271806 0.065461984561786757 -0.0036376636532108272 -0.014323098566369381 0.016253545303396549 0.076204936779462384 0.16593049997808759 0.011818571994964562 -0.011723742416356767 0.013651637589484584 -0.0097254013868925803 0.07003854537304019 0.056726329682613277 0.060173845005920157 0.070096308534795593 0.039581754161828062 0.025922688418769654 0.012380555361312696 0.17446548881069307 -0.019239543652592988 -0.033602313500559873 -0.0051026521303953829 0.037073744821361714 -0.0098391499623661175 0.0067659878740338481 0.027173382826517153
leaf_weight=4233 2521 64 4727 286 9278 374 3256 10245 6342 130 81 593 4782 1062 404 71 1502 24 22 679 1616 820 31 2306 929 6904 2282 11500 4889 991
leaf_count=4233 2521 64 4727 286 9278 374 3256 10245 6342 130 81 593 4782 1062 404 71 1502 24 22 679 1616 820 31 2306 929 6904 2282 11500 4889 991
internal_value=1.38504e-11 0.025909 -0.00706167 0.0199717 -0.00150131 0.056646 -0.0126633 -0.0136693 0.0150241 0.0805326 0.102464 -0.00496434 -0.00551879 -0.00124051 0.0101117 0.0171852 0.0499322 0.129344 0.145461 0.0513888 0.0296546 0.0200683 0.0399544 -0.0186704 -0.0233641 -0.00781205 0.0324508 -0.0119517 0.00303142 0.0177293
internal_weight=82944 17765 65179 14889 32710 2876 32469 29213 9854 631 257 18543 17950 6264 1537 1133 2245 127 103 2181 5035 1137 317 7468 3235 11686 3898 21745 14167 7333
internal_count=82944 17765 65179 14889 32710 2876 32469 29213 9854 631 257 18543 17950 6264 1537 1133 2245 127 103 2181 5035 1137 317 7468 3235 11686 3898 21745 14167 7333
is_linear=0
shrinkage=0.05


Tree=26
num_leaves=31
num_cat=0
split_feature=2 2 2 2 2 3 0 3 3 2 2 5 0 9 6 9 9 3 0 1 0 3 2 11 3 1 1 5 11 5
split_gain=5685.29 1074.31 945.343 245.541 177.57 163.68 160.288 120.615 118.217 79.2564 68.4675 66.0598 64.8386 63.4505 63.038 61.6342 51.5517 56.2137 102.316 115.585 50.2371 53.841 46.1371 45.6506 49.777 45.3501 42.6104 42.4358 41.8183 49.8312
threshold=0.62015932343687175 1.9215687388713503 -0.33166896431917076 3.6149727007184782 0.064733281979409543 -0.70750503933565756 1.5598838087422522 1.4061233754843081 3.3794542420997158 -1.092568663875441 2.6405108700037183 -0.24472827403648004 -0.13373103824176599 -0.28878657066713359 1.7077461606570974 -1.2514084728909125 0.67383533155664532 0.92668547105854981 0.0098975582701544551 0.77499781531213152 2.415323570517228 4.0676475521031525 1.4305678151386811 -0.76213734878520889 0.17087414298626183 4.3806832468255656 2.9043329545264673 1.3937669968154378 -0.76213734878520889 0.30505838731795659
decision_type=2 2 2 2 2 2 2 2 2 2 2 2 2 2 2 2 2 2 2 2 2 2 2 2 2 2 2 2 2 2
left_child=2 7 5 10 28 9 26 13 14 -1 -3 -7 -6 -2 27 -14 17 -17 19 -19 -10 25 -15 24 -13 -22 -5 -8 29 -4
right_child=1 3 4 6 12 11 8 -9 20 -11 -12 23 15 22 -16 16 -18 18 -20 -21 21 -23 -24 -25 -26 -27 -28 -29 -30 -31
leaf_value=-0.024953768692512906 0.0050809094340438857 0.037409682387220693 -0.0025392434086699053 -0.024361089534229705 0.0010213022743502628 -0.010637446332020198 0.12729279843087379 0.027609327357576777 0.14724168448575906 -0.013782391662901376 0.050885266694716026 -0.0022781232065474705 -0.0074635496952113927 0.015625706484877128 0.028361886437853864 0.011873196851978299 0.0056151155339621544 0.027734151995969732 0.021037787434834539 0.15862039349252177 0.11278661104865494 0.13093093318124135 0.026193483544961361 -0.0070120335286638141 0.017888889123805759 0.056265797689052148 0.044532739542970871 0.060724297544408237 -0.0044014892496267721 0.0071688129433362217
leaf_weight=1773 1196 2264 3748 27 4588 13753 39 2890 70 15189 1615 1588 541 5667 87 2617 3133 37 398 31 62 83 1263 7011 379 83 133 62 10575 2042
leaf_count=1773 1196 2264 3748 27 4588 13753 39 2890 70 15189 1615 1588 541 5667 87 2617 3133 37 398 31 62 83 1263 7011 379 83 133 62 10575 2042
internal_value=-5.15286e-12 0.0272618 -0.0062857 0.0477733 0.00080132 -0.0112332 0.0763141 0.0188363 0.0906046 -0.0149501 0.0430202 -0.00845963 0.00560852 0.0157162 0.0595575 0.00872325 0.010132 0.0147222 0.030722 0.0874029 0.110191 0.0988162 0.0175517 -0.00512354 0.00160764 0.0804333 0.0329069 0.086429 -0.00253126 0.000884565
internal_weight=82944 15541 67403 4525 27710 39693 646 11016 486 16962 3879 22731 11345 8126 188 6757 6216 3083 466 68 298 228 6930 8978 1967 145 160 101 16365 5790
internal_count=82944 15541 67403 4525 27710 39693 646 11016 486 16962 3879 22731 11345 8126 188 6757 6216 3083 466 68 298 228 6930 8978 1967 145 160 101 16365 5790
is_linear=0
shrinkage=0.05


Tree=27
num_leaves=31
num_cat=0
split_feature=2 2 2 2 2 2 5 5 11 2 2 3 2 5 7 0 9 6 0 6 11 5 5 3 4 5 6 4 4 4
split_gain=5139.46 996.259 821.224 218.287 201.948 137.698 98.5434 98.1587 78.2638 74.5972 66.6942 59.8037 65.0247 52.2518 51.7103 102 49.2195 53.8997 48.5568 48.1158 47.1203 54.33 47.1582 46.2869 51.9361 47.305 46.259 64.8796 115.532 45.8328
threshold=0.78576543155723322 -0.19636480654545599 2.1237758111861962 -0.60188752348015928 4.2843765881725142 0.24827907022911186 0.90745195762283271 1.366818105386481 -0.76213734878520889 1.5009240506625152 3.1142813650749299 -0.77985881568621018 -1.5003388811877232 1.254328062751503 -0.081021797575299523 2.4867904811690109 -1.2514084728909125 1.0000000180025095e-35 0.10789381999018957 1.7077461606570974 -0.76213734878520889 0.36482234569996347 -0.24472827403648004 0.84306873432985496 -1.1306715409838382 0.90745195762283271 1.1133806251249947 -0.36085261946292729 -0.55330734984315477 -0.36085261946292729
decision_type=2 2 2 2 2 2 2 2 2 2 2 2 2 2 2 2 2 2 2 2 2 2 2 2 2 2 2 2 2 2
left_child=1 3 6 11 8 -3 -2 19 -4 -8 18 12 -1 -12 -15 -16 29 -18 -10 -6 21 -5 -22 -19 -25 -26 -27 28 -28 -7
right_child=2 5 4 20 7 16 9 -9 10 -11 13 -13 -14 14 15 -17 17 23 -20 -21 22 -23 -24 24 25 26 27 -29 -30 -31
leaf_value=-0.039715310285914372 0.0076306221808675303 -1.1474771027473408e-05 0.028786580886008519 -0.005007386081369726 0.073965964557248215 0.0089185640267220399 0.019047519073023402 0.10789371219646071 0.094887546568431638 0.029080255336470164 -0.0061089431586000944 -0.010778806134353979 -0.015257425393857233 0.049192177376093812 0.10247507606950271 0.05182454133891079 0.0053174544824631242 0.010217124514071332 0.041792951559476321 0.0098947727271459177 -0.010313415492722468 0.0064287316249615287 -0.0050990619666853865 -0.0079512368591400824 0.0052821972138749869 0.021519767098950718 0.043816716625199967 0.021681864454969765 0.13776013477808899 -0.019675362680204367
leaf_weight=279 1317 14015 674 4954 84 263 5645 194 44 2758 29 12218 10468 387 182 219 4527 2740 2019 45 8547 1314 8801 117 182 332 120 125 45 300
leaf_count=279 1317 14015 674 4954 84 263 5645 194 44 2758 29 12218 10468 387 182 219 4527 2740 2019 45 8547 1314 8801 117 182 332 120 125 45 300
internal_value=7.22503e-12 -0.00551117 0.0281079 -0.00970086 0.0475644 0.00306124 0.0203473 0.0854173 0.0441242 0.0223404 0.0477136 -0.0131718 -0.0158924 0.0598045 0.0622302 0.0748131 0.0079823 0.00896557 0.0429254 0.0516155 -0.00632558 -0.00260996 -0.00766807 0.0134766 0.0231738 0.0277032 0.0342637 0.0488533 0.0694376 -0.00631799
internal_weight=82944 69347 13597 46581 3877 22766 9720 323 3554 8403 2880 22965 10747 817 788 401 8751 8188 2063 129 23616 6268 17348 3661 921 804 622 290 165 563
internal_count=82944 69347 13597 46581 3877 22766 9720 323 3554 8403 2880 22965 10747 817 788 401 8751 8188 2063 129 23616 6268 17348 3661 921 804 622 290 165 563
is_linear=0
shrinkage=0.05


Tree=28
num_leaves=31
num_cat=0
split_feature=2 2 2 0 2 3 1 2 3 5 0 3 8 4 12 0 0 2 0 4 3 0 7 0 4 4 9 11 5 0
split_gain=4641.88 1121.37 577.917 220.699 175.517 153.1 140.456 74.8959 56.239 57.7502 52.7713 101.469 52.5833 50.1803 83.3127 70.0521 159.215 56.8056 48.3646 46.8937 45.7881 44.5866 105.647 70.4085 50.6152 50.9861 44.0458 40.7351 54.5119 56.3012
threshold=0.39009691172712807 1.8424040029399926 -0.50576930622222027 2.0852076738313352 4.2843765881725142 0.92668547105854981 -0.13787479755562285 -0.88440467823144298 4.0676475521031525 1.366818105386481 2.4867904811690109 3.1648958441122628 0.19793268244031401 -1.1306715409838382 0.69631062382279152 0.064578719106347507 -0.075561753003593288 1.4604060872337588 2.4867904811690109 -0.14434104778517126 -0.44324507530914975 0.041510661571337822 1.7010387896728181 0.7831759819564309 -0.62547787373574071 -0.048113682595056481 -0.28878657066713359 -0.76213734878520889 -0.90745195762283293 0.14477131583635203
decision_type=2 2 2 2 2 2 2 2 2 2 2 2 2 2 2 2 2 2 2 2 2 2 2 2 2 2 2 2 2 2
left_child=2 5 7 21 10 26 20 -1 9 -6 11 19 13 -7 15 16 -15 -18 -11 -5 -4 22 -3 24 -23 -26 -2 28 -9 -30
right_child=1 3 6 4 8 12 -8 27 -10 18 -12 -13 -14 14 -16 -17 17 -19 -20 -21 -22 23 -24 -25 25 -27 -28 -29 29 -31
leaf_value=-0.016003659637821792 0.0037513081675214161 0.035796387618804569 -0.0076432423145390066 0.064721416464090006 0.04293684654957837 0.0095609983431833509 0.0017949197165461634 -0.010940775099186402 0.13681918719422914 0.13659789907661352 0.044040217174530487 0.085422526949644084 0.015032556919447127 0.021748161831437941 0.014962129333988723 0.029508976888039679 0.14700951164122672 0.047854409024585043 0.073112576432300333 0.013362186342477801 -0.0028334034182790958 0.051387654290726739 0.12694007740464322 0.0355820025659059 -0.019720595118752852 0.023993307741699166 0.012099128212780879 -0.011251869033527925 -0.0023567234789911712 0.025656990347416281
leaf_weight=7544 2147 122 8202 80 63 508 13641 2204 62 55 1058 250 2786 99 1047 1939 52 20 66 100 12472 63 43 2620 137 130 5985 17647 1600 202
leaf_count=7544 2147 122 8202 80 63 508 13641 2204 62 55 1058 250 2786 99 1047 1939 52 20 66 100 12472 63 43 2620 137 130 5985 17647 1600 202
internal_value=1.25178e-11 0.0213842 -0.00654268 0.042214 0.0565111 0.0144581 -0.00214319 -0.0117134 0.0956347 0.0817573 0.0500431 0.0648129 0.0202101 0.0241459 0.0264928 0.0322145 0.0628927 0.119466 0.10197 0.0361885 -0.00474161 0.0342553 0.059549 0.0328406 0.0110752 0.00156333 0.00989515 -0.0102186 -0.00566688 0.000783549
internal_weight=82944 19432 63512 4849 1734 14583 34315 29197 246 184 1488 430 6451 3665 3157 2110 171 72 121 180 20674 3115 165 2950 330 267 8132 21653 4006 1802
internal_count=82944 19432 63512 4849 1734 14583 34315 29197 246 184 1488 430 6451 3665 3157 2110 171 72 121 180 20674 3115 165 2950 330 267 8132 21653 4006 1802
is_linear=0
shrinkage=0.05


Tree=29
num_leaves=31
num_cat=0
split_feature=2 2 2 2 3 2 2 0 3 5 3 5 9 6 5 0 2 3 2 8 10 1 0 3 3 0 9 9 0 0
split_gain=4211.31 859.718 640.8 180.987 132.855 122.491 121.847 81.77 54.979 53.5376 50.4468 52.3889 47.8633 70.7392 124.283 267.822 47.3063 42.9888 48.7234 42.5822 43.8087 52.9248 41.5331 37.934 37.7526 37.5672 36.2193 33.4611 52.9428 32.7312
threshold=0.84357929247067187 -0.19636480654545599 2.5083282097764625 -0.70674193616741354 1.4061233754843081 4.2843765881725142 0.24827907022911186 1.761268499712193 -0.60113168818420892 0.90745195762283271 4.0676475521031525 1.366818105386481 -0.28878657066713359 1.1133806251249947 1.082299156171467 0.27820969831084158 1.6501068016329257 -0.98193487592119533 -1.5003388811877232 1.0152913959672809 1.0000000180025095e-35 2.1279170894743822 2.4867904811690109 0.3489767954495307 -0.40432842833785282 1.1484874343550735 -1.3476706631132902 -0.6738353315566451 0.82882426524999564 0.8947109700406356
decision_type=2 2 2 2 2 2 2 2 2 2 2 2 2 2 2 2 2 2 2 2 2 2 2 2 2 2 2 2 2 2
left_child=1 3 4 17 9 19 24 -7 -5 26 11 -9 -8 -14 -15 -16 -11 18 -1 20 -4 -22 -13 25 -3 -10 -2 28 -25 -6
right_child=2 6 5 8 29 7 12 10 23 16 -12 22 13 14 15 -17 -18 -19 -20 -21 21 -23 -24 27 -26 -27 -28 -29 -30 -31
leaf_value=-0.040166084664969813 -0.037143586252046668 -0.0054889195188369483 0.048952763832789181 -0.009284224452081909 0.01770072812712389 0.030716964430159779 0.0015707561289818673 0.04079000339011795 -0.0059380539883918575 0.01603916765937188 0.12997822637684764 0.12718993195537795 0.0068103869758739241 0.013107867335176285 0.13798043499841836 0.018274478291277773 0.028665779902531843 -0.011372745071445351 -0.015923081157895643 0.013867242751539464 -0.019944268635454329 0.037307637535406835 0.069456947700713173 0.0040045213078230843 0.0012395343012829149 0.006956622145243934 0.0081367365054932101 -0.00055403281458200307 0.053758463930959503 0.029657632334467412
leaf_weight=217 46 2548 1819 11274 688 73 2578 63 17220 4220 62 59 5274 1321 66 160 900 11245 4615 109 47 286 66 170 11467 584 1106 1178 78 3405
leaf_count=217 46 2548 1819 11274 688 73 2578 63 17220 4220 62 59 5274 1321 66 160 900 11245 4615 109 47 286 66 170 11467 584 1106 1178 78 3405
internal_value=5.41196e-13 -0.00484586 0.026194 -0.00877455 0.0206404 0.0484707 0.00297008 0.0772728 -0.00651192 0.0160675 0.0908671 0.0779688 0.00737456 0.00956811 0.0189697 0.0532329 0.0182587 -0.0130676 -0.0170118 0.0443561 0.0459004 0.029227 0.0967069 -0.0048866 1.62664e-05 -0.00551509 0.00632867 0.00296022 0.0196529 0.0276478
internal_weight=82944 69995 12949 46581 10365 2584 23414 323 30504 6272 250 188 9399 6821 1547 226 5120 16077 4832 2261 2152 333 125 19230 14015 17804 1152 1426 248 4093
internal_count=82944 69995 12949 46581 10365 2584 23414 323 30504 6272 250 188 9399 6821 1547 226 5120 16077 4832 2261 2152 333 125 19230 14015 17804 1152 1426 248 4093
is_linear=0
shrinkage=0.05


Tree=30
num_leaves=31
num_cat=0
split_feature=2 2 2 2 2 2 2 0 3 3 3 9 9 2 6 0 8 10 1 0 3 6 9 4 4 0 0 11 4 4
split_gain=3800.71 775.896 578.322 164.035 120.991 111.093 110.548 73.7974 50.4508 47.3748 45.5282 47.281 44.1023 43.5457 48.3899 42.2742 38.4304 39.5374 47.7647 37.4836 36.1576 34.8189 59.6627 36.5226 63.9568 81.2801 178.546 44.5116 31.9692 31.6392
threshold=0.84357929247067187 -0.19636480654545599 2.5083282097764625 -0.65897194717338514 1.6501068016329257 0.33995594555183412 4.2843765881725142 1.761268499712193 1.4061233754843081 -0.65224198505206654 4.0676475521031525 1.1551462826685348 -1.3476706631132902 -1.1616648524319453 -0.91243033262339701 -0.59400362938585893 1.0152913959672809 1.0000000180025095e-35 2.1279170894743822 2.4867904811690109 -0.41007570775459373 1.0000000180025095e-35 -0.19252438044475575 -1.1066146996863098 -0.36085261946292729 0.064578719106347507 -0.075561753003593288 1.0801555850332116 -0.072170523892585409 0.69764839762832587
decision_type=2 2 2 2 2 2 2 2 2 2 2 2 2 2 2 2 2 2 2 2 2 2 2 2 2 2 2 2 2 2
left_child=1 3 4 13 8 20 16 -8 12 -5 11 28 -2 14 -1 -7 17 29 -19 -13 -3 -17 -23 27 25 26 -25 -24 -9 -4
right_child=2 5 6 9 -6 15 7 10 -10 -11 -12 19 -14 -15 -16 21 -18 18 -20 -21 -22 22 23 24 -26 -27 -28 -29 -30 -31
leaf_value=0.0016246746192527649 -0.035286406929726191 -0.0048804494704386761 0.050677307755940197 -0.0090762252190292308 0.027624649951440722 -0.0030294048977700175 0.029181115523184815 0.087374012307687252 0.023013872649365934 -0.0045292615795308215 0.12347931457878721 0.12083043871581618 0.013887076369272798 -0.011171552548580068 -0.023154557361319897 0.0056333108101364196 0.01317388054993807 -0.01894705525421082 0.035442255536367845 0.06598410016511369 0.001526730049527501 0.0048457187390189308 -0.0035592042511791754 0.017969452814363383 0.015419194430388548 0.024815329499212155 0.13853078386081116 0.037040486812678186 0.012659841464696134 0.036082693686755825
leaf_weight=229 46 2638 1299 8124 3237 796 73 22 1873 19428 62 59 5209 17389 1411 3410 109 47 286 66 13321 1353 314 68 1048 324 56 86 41 520
leaf_count=229 46 2638 1299 8124 3237 796 73 22 1873 19428 62 59 5209 17389 1411 3410 109 47 286 66 13321 1353 314 68 1048 324 56 86 41 520
internal_value=1.20145e-11 -0.00460356 0.0248843 -0.00833582 0.0196084 0.00282158 0.0460472 0.0734092 0.015968 -0.00586998 0.0863238 0.0740704 0.0134566 -0.0119061 -0.0196945 0.00786069 0.0421383 0.0436054 0.0277657 0.0918716 0.000467632 0.00916247 0.0128665 0.0185902 0.0221786 0.0379907 0.0724165 0.00516973 0.0387505 0.0465051
internal_weight=82944 69995 12949 46581 10365 23414 2584 323 7128 27552 250 188 5255 19029 1640 7455 2261 2152 333 125 15959 6659 3249 1896 1496 448 124 400 63 1819
internal_count=82944 69995 12949 46581 10365 23414 2584 323 7128 27552 250 188 5255 19029 1640 7455 2261 2152 333 125 15959 6659 3249 1896 1496 448 124 400 63 1819
is_linear=0
shrinkage=0.05


Tree=31
num_leaves=31
num_cat=0
split_feature=2 2 3 2 2 2 9 5 8 3 6 1 4 3 10 5 2 11 4 3 11 5 5 6 12 4 10 10 11 4
split_gain=3432.77 745.271 491.397 193.953 136.386 112.828 86.19 58.7406 56.7301 51.6602 49.2916 71.9788 83.0083 48.4284 79.3362 47.0976 45.957 40.8578 40.7546 39.1959 49.2746 38.8927 38.171 38.8247 38.115 39.9011 37.7922 37.0167 35.7871 89.5994
threshold=0.90918287951958476 -0.093062985247572491 2.8203810515138188 -0.53184314520849496 1.6955139360754061 3.6149727007184782 -0.38504876088951151 -0.24472827403648004 -0.27754979391328816 0.12363486240664759 1.0000000180025095e-35 0.46064652029102243 -1.1306715409838382 3.3794542420997158 1.0000000180025095e-35 0.90745195762283271 -1.5003388811877232 1.0801555850332116 0.096227365190113837 1.7801869735868745 1.6942532296393515 1.4032428797398568 -0.24472827403648004 -0.50537016327275397 -1.0444659357341868 -1.4193536365541799 1.0000000180025095e-35 1.0000000180025095e-35 1.0801555850332116 -0.62547787373574071
decision_type=2 2 2 2 2 2 2 2 2 2 2 2 2 2 2 2 2 2 2 2 2 2 2 2 2 2 2 2 2 2
left_child=1 3 4 7 15 -4 -3 8 16 -9 -8 17 -13 -7 21 -2 -1 -12 -11 20 -14 -15 27 -24 -10 -26 -6 -5 -27 -30
right_child=2 6 5 22 26 13 10 9 24 18 11 12 19 14 -16 -17 -18 -19 -20 -21 -22 -23 23 -25 25 28 -28 -29 29 -31
leaf_value=-0.035411708953909028 0.0052779341755018888 -0.00056320020677965712 0.039946095590313369 -0.0084645860740466018 0.031234641138535236 0.045234151543329729 0.0041439329158336142 -0.0071667006600854332 -0.012818926307090417 -0.0013804919604540299 0.0023305410158709215 -0.0071851515078835181 0.022816041281568597 0.096248225510061028 0.030483501253094226 0.017519460643952878 -0.014023793381114168 0.017377696700001968 0.031277222427981463 0.056907149423258731 -0.030939032569188965 0.044783856776044816 -0.0056547648135735346 6.4028345124277753e-05 -0.016937491091103284 -0.0072593110148114013 0.019902870044798564 -0.002403084803711463 0.03098688216458876 -0.0062350350023372518
leaf_weight=259 907 6825 1400 6905 2539 176 8505 5649 5047 244 2135 267 1370 251 73 5876 8300 572 157 81 44 43 4907 7510 938 6146 1036 3965 222 595
leaf_count=259 907 6825 1400 6905 2539 176 8505 5649 5047 244 2135 267 1370 251 73 5876 8300 572 157 81 44 43 4907 7510 938 6146 1036 3965 222 595
internal_value=2.23684e-14 -0.00424459 0.0243761 -0.00744934 0.0200478 0.0474498 0.00398524 -0.0102882 -0.0115125 -0.0059357 0.00637796 0.0106295 0.0184947 0.0667965 0.0771371 0.0158826 -0.014671 0.00551007 0.0114057 0.023081 0.0211433 0.0887211 -0.00408998 -0.00219595 -0.0094247 -0.00725653 0.0279508 -0.00625356 -0.00595239 0.00387912
internal_weight=82944 70643 12301 50844 10358 1943 19799 27557 21507 6050 12974 4469 1762 543 367 6783 8559 2707 401 1495 1414 294 23287 12417 12948 7901 3575 10870 6963 817
internal_count=82944 70643 12301 50844 10358 1943 19799 27557 21507 6050 12974 4469 1762 543 367 6783 8559 2707 401 1495 1414 294 23287 12417 12948 7901 3575 10870 6963 817
is_linear=0
shrinkage=0.05


Tree=32
num_leaves=31
num_cat=0
split_feature=2 2 2 2 2 0 3 3 3 2 6 0 4 9 0 9 11 6 9 0 11 0 0 9 11 3 9 9 4 9
split_gain=3103.33 587.435 525.652 123.878 121.781 95.6644 87.7599 78.6995 74.4428 52.2846 51.7557 47.6759 50.6076 46.2635 46.0707 44.8929 50.1719 88.8095 185.074 102.048 37.5375 47.8347 44.1838 36.8618 36.3173 35.2025 42.5833 34.4584 34.2665 34.2464
threshold=0.62015932343687175 2.1237758111861962 -0.39623048188405446 0.064733281979409543 3.6149727007184782 1.5598838087422522 0.86109926473617227 -0.77985881568621018 3.3794542420997158 -1.092568663875441 1.7077461606570974 -0.11509293106452743 0.072170523892585367 -1.2514084728909125 2.415323570517228 0.67383533155664532 1.0000000180025095e-35 1.1133806251249947 0.19252438044475581 0.19015298867468097 -0.76213734878520889 0.10789381999018957 0.51834313459342507 0.38504876088951162 -0.76213734878520889 0.29093951732349937 -0.57757314133426729 -0.38504876088951151 0.40896630205798407 1.3476706631132906
decision_type=2 2 2 2 2 2 2 2 2 2 2 2 2 2 2 2 2 2 2 2 2 2 2 2 2 2 2 2 2 2
left_child=2 6 7 24 20 -6 27 9 10 -1 29 12 -5 -13 28 16 17 -15 -19 23 -3 -22 -23 -20 -4 -9 -27 -2 -10 -7
right_child=1 4 3 11 5 8 -8 25 14 -11 -12 13 -14 15 -16 -17 -18 18 19 -21 21 22 -24 -25 -26 26 -28 -29 -30 -31
leaf_value=-0.020172200835812254 -0.00032780617957183585 0.02175474230894664 0.0006643525461633088 -0.0043581507267161706 0.023286691213434099 0.10428158766948259 0.018066461974085391 -0.0073839971433425321 0.09032115519290701 -0.010641852186367351 0.014957144796371932 -0.007529095797106946 0.0059671396026844689 0.0099444786617781042 0.072510623173040675 0.0040190630943394519 0.0015532897585437337 0.019651147849723299 0.088520348120120274 0.032313358767525009 0.082634053834195628 -0.037582547276369518 0.035240379497710854 0.16243510004636405 -0.0038033418762105395 0.028851075212911966 -0.0017837905030844937 0.011151693471511613 0.1617297234279769 0.044480368092415797
leaf_weight=1635 787 600 6881 2559 160 39 7017 21133 42 12012 87 506 2213 1545 228 3114 760 534 31 46 53 21 2557 37 13420 131 846 3860 28 62
leaf_count=1635 787 600 6881 2559 160 39 7017 21133 42 12012 87 506 2213 1545 228 3114 760 534 31 46 53 21 2557 37 13420 131 846 3860 28 62
internal_value=4.46427e-12 0.0201415 -0.00464399 4.95497e-05 0.0370026 0.0568208 0.014537 -0.00879792 0.0678609 -0.0117837 0.0432236 0.00423424 0.00043017 0.006996 0.0834038 0.00820742 0.0126241 0.0164608 0.0319975 0.0898302 0.0330402 0.0356138 0.0346472 0.128739 -0.00228902 -0.00695503 0.00232385 0.00920756 0.118885 0.0675719
internal_weight=82944 15541 67403 31646 3877 646 11664 35757 486 13647 188 11345 4772 6573 298 6067 2953 2193 648 114 3231 2631 2578 68 20301 22110 977 4647 70 101
internal_count=82944 15541 67403 31646 3877 646 11664 35757 486 13647 188 11345 4772 6573 298 6067 2953 2193 648 114 3231 2631 2578 68 20301 22110 977 4647 70 101
is_linear=0
shrinkage=0.05


Tree=33
num_leaves=31
num_cat=0
split_feature=2 2 3 5 2 2 2 6 3 0 0 7 0 3 0 11 0 9 10 1 7 3 3 1 10 0 7 11 0 2
split_gain=2809.76 624.665 395.492 162.454 104.503 90.2464 82.1107 80.9475 77.0326 54.0108 50.4935 41.3528 40.0092 56.2103 41.5788 37.6873 37.5476 38.4437 37.4809 37.2091 36.9533 35.294 34.0526 36.8881 33.6545 40.2569 87.0932 63.7274 32.2073 30.5534
threshold=0.9452029766701463 -0.093062985247572491 2.8203810515138188 -0.24472827403648004 1.6501068016329257 3.6149727007184782 -0.7792142845407235 -0.50537016327275397 0.29093951732349937 1.6656405814955708 0.61119873020919024 -0.44226394673424807 1.4992753960410625 3.3794542420997158 2.415323570517228 -0.76213734878520889 0.9209772483878762 0.19252438044475581 1.0000000180025095e-35 -0.91088476337055135 1.0000000180025095e-35 -0.23960383585729178 4.0676475521031525 4.3806832468255656 1.0000000180025095e-35 0.021646708491936072 1.7010387896728181 1.0000000180025095e-35 1.9713770334385832 -1.5003388811877232
decision_type=2 2 2 2 2 2 2 2 2 2 2 2 2 2 2 2 2 2 2 2 2 2 2 2 2 2 2 2 2 2
left_child=1 3 4 6 16 -4 20 21 9 -3 15 19 -7 -14 -15 -8 17 -2 -9 -12 -1 -5 23 -16 25 26 -6 -27 -10 -22
right_child=2 8 5 7 24 12 10 18 28 -11 11 -13 13 14 22 -17 -18 -19 -20 -21 29 -23 -24 -25 -26 27 -28 -29 -30 -31
leaf_value=-0.010059768855417929 0.0015096352743049211 -0.0003670225809330496 0.036337386079707358 -0.0077234533111899878 0.030964653699207978 0.031958698372282823 -0.0040842441806480901 -0.00078130162998372131 0.0067013304847765853 0.012775365328968894 0.05640544208105315 -0.0057270901116807105 0.041188451562710629 0.11294035399332643 0.083444702667334392 -0.0098076732946002516 0.018314770223064897 0.013920949448156104 0.0084015841939882891 0.0027519811613074771 -0.03270163880234124 -0.0010404216134904097 0.094425202550433851 0.032469126335990403 0.017776024547593635 -0.020560892485246118 0.1073214921948253 0.027495105015288762 0.050070546766699746 -0.014981757960035261
leaf_weight=6455 862 9608 1400 7524 157 101 3736 6941 9621 851 33 3837 144 70 62 12498 3018 2259 1323 1555 259 2679 83 83 1184 71 49 2434 43 4004
leaf_count=6455 862 9608 1400 7524 157 101 3736 6941 9621 851 33 3837 144 70 62 12498 3018 2259 1323 1555 259 2679 83 83 1184 71 49 2434 43 4004
internal_value=1.16969e-11 -0.00378057 0.0224009 -0.00673173 0.0184027 0.0430483 -0.00886622 -0.00298946 0.00367599 0.000702312 -0.00709493 -0.00291873 0.060351 0.0668388 0.0792336 -0.00849052 0.0143383 0.010493 0.000688805 0.00386695 -0.0124457 -0.00596869 0.0688851 0.0542656 0.0248088 0.0278803 0.0491272 0.026133 0.0068943 -0.0160583
internal_weight=82944 70967 11977 50844 10034 1943 32377 18467 20123 10459 21659 5425 543 442 298 16234 6139 3121 8264 1588 10718 10203 228 145 3895 2711 206 2505 9664 4263
internal_count=82944 70967 11977 50844 10034 1943 32377 18467 20123 10459 21659 5425 543 442 298 16234 6139 3121 8264 1588 10718 10203 228 145 3895 2711 206 2505 9664 4263
is_linear=0
shrinkage=0.05


Tree=34
num_leaves=31
num_cat=0
split_feature=2 2 2 2 0 5 3 11 5 6 11 3 8 1 0 2 6 0 5 8 7 5 2 5 0 6 0 7 0 9
split_gain=2540.53 613.199 320.744 125.676 91.2143 86.8985 85.3653 63.9336 53.1898 52.4726 47.5937 49.965 45.7555 45.9573 44.4837 43.7506 43.6241 115.665 171.683 43.0393 42.7518 49.8438 34.7745 32.0736 30.7952 30.7677 30.7261 71.5229 30.5475 29.5903
threshold=0.39009691172712807 1.8424040029399926 -0.50576930622222027 3.1142813650749299 0.59140555907625181 0.36482234569996347 0.90331828486506838 -0.76213734878520889 -0.24472827403648004 -0.066328909107543868 -0.76213734878520889 0.29093951732349937 -1.7404918888887655 -1.144176274179687 0.055158686266356984 4.2843765881725142 1.1133806251249947 0.077028608076209953 1.1210959212062968 1.0000000180025095e-35 -0.081021797575299523 1.3937669968154378 1.1451585094059495 1.366818105386481 0.9209772483878762 1.1133806251249947 0.041510661571337822 1.7010387896728181 1.4721067524514158 -1.2514084728909125
decision_type=2 2 2 2 2 2 2 2 2 2 2 2 2 2 2 2 2 2 2 2 2 2 2 2 2 2 2 2 2 2
left_child=2 6 8 26 19 14 29 9 12 -7 11 -10 13 -1 -4 20 22 18 -18 -5 28 -22 -8 -17 -19 -14 27 -3 -6 -2
right_child=1 3 5 4 15 7 16 -9 10 -11 -12 -13 25 -15 -16 23 17 24 -20 -21 21 -23 -24 -25 -26 -27 -28 -29 -30 -31
leaf_value=-0.030348002559292021 -0.0070690939167444861 0.029760697660562788 -0.0059667896093763342 -0.037023010827681939 -0.00064968781338797679 0.0028791983735665331 0.0081242696992109582 -0.00096226598648335769 0.00053532470559279491 0.014505250231333028 -0.0067613696960806633 0.032395413399359092 -0.0096031010804200432 -0.012993083863537955 -0.0013161458089343506 0.042244327711955749 0.015813007352451953 0.0033964943018248445 0.15115495302847454 0.029371957157407171 0.068275415335385836 0.035550010649522193 0.016406763424035211 0.076989380670495378 0.022147123278116729 -0.0029413487365319659 0.025400226682925683 0.11230695738511927 0.037037066662040471 0.0078423550914717127
leaf_weight=443 348 115 10188 46 63 3389 2329 8997 1073 1360 5472 139 17399 2746 10381 101 53 268 42 52 255 214 2780 194 1197 1925 3408 34 367 7566
leaf_count=443 348 115 10188 46 63 3389 2329 8997 1073 1360 5472 139 17399 2746 10381 101 53 268 42 52 255 214 2780 194 1197 1925 3408 34 367 7566
internal_value=6.01298e-12 0.0158201 -0.00484028 0.0312232 0.0445793 -0.00156274 0.0106984 0.00151515 -0.00869235 0.00620862 -0.00477571 0.00418925 -0.00985518 -0.0154039 -0.00361965 0.0483854 0.0148657 0.022184 0.0756484 -0.00179303 0.0429028 0.0533431 0.0126311 0.0650936 0.018717 -0.00893948 0.0263719 0.0485968 0.0315155 0.00718666
internal_weight=82944 19432 63512 4849 1292 34315 14583 13746 29197 4749 6684 1212 22513 3189 20569 1194 6669 1560 95 98 899 469 5109 295 1465 19324 3557 149 430 7914
internal_count=82944 19432 63512 4849 1292 34315 14583 13746 29197 4749 6684 1212 22513 3189 20569 1194 6669 1560 95 98 899 469 5109 295 1465 19324 3557 149 430 7914
is_linear=0
shrinkage=0.05


Tree=35
num_leaves=31
num_cat=0
split_feature=2 2 0 5 2 2 6 2 9 0 0 4 4 6 4 4 5 4 0 9 6 5 0 5 12 4 0 11 4 4
split_gain=2297.89 512.966 331.296 136.399 91.2125 87.2941 73.2188 69.1996 64.2223 47.0559 41.8237 40.784 46.3914 50.0562 40.7596 47.639 50.7183 40.2117 51.715 47.346 63.1445 180.093 102.548 39.6927 38.855 36.285 35.6995 35.2455 34.1081 39.9006
threshold=0.9452029766701463 -0.076511020594167686 1.9255171228095136 -0.24472827403648004 4.2843765881725142 1.6955139360754061 -0.50537016327275397 -0.7792142845407235 -0.38504876088951151 0.93116348106953939 0.61119873020919024 0.72170523892585436 0.36085261946292707 1.7077461606570974 0.96227365190113923 -0.74576208022338231 1.4032428797398568 -1.1306715409838382 1.0526555900914161 0.96262190222377908 1.1133806251249947 1.1577679250095743 0.31330514427545292 0.42390874111029014 -1.0444659357341868 -1.4193536365541799 0.86494808874633555 -0.76213734878520889 0.96227365190113923 -0.57736419114068327
decision_type=2 2 2 2 2 2 2 2 2 2 2 2 2 2 2 2 2 2 2 2 2 2 2 2 2 2 2 2 2 2
left_child=1 3 5 7 14 23 -5 -1 9 -3 27 12 13 -6 15 -4 -17 18 25 20 28 -22 -23 -2 -12 -10 -25 -9 29 -19
right_child=2 8 4 6 11 -7 -8 10 17 -11 24 -13 -14 -15 -16 16 -18 19 -20 -21 21 22 -24 26 -26 -27 -28 -29 -30 -31
leaf_value=-0.011285515391742725 -0.01621343222759928 -0.0015458570954470026 0.029079364609059324 -0.0054968016895014411 0.087419501391963833 0.02284607908117994 0.00074738287399840392 -0.0034331361048976355 0.0032107490195439192 0.018328656621684414 -0.013007230271595069 0.013222164834539097 0.10688704855642038 0.027600071893196881 0.021135371666664751 0.06298092230908596 0.035559109483824486 0.012248732349300583 0.018390325469917094 0.0023083691499912206 0.014418684123235782 0.14572152541506858 0.034559503000047877 0.0098001319954135677 -0.00090831065862715982 -0.010382121929001072 0.017313052682466343 -0.0089274843370099714 0.013261020464979251 0.0015111654475482559
leaf_weight=10718 113 6143 579 10327 72 3639 8608 3804 991 313 772 30 76 68 392 322 354 1230 312 3797 1095 42 41 3059 4725 973 3273 12544 1615 2917
leaf_count=10718 113 6143 579 10327 72 3639 8608 3804 991 313 772 30 76 68 392 322 354 1230 312 3797 1095 42 41 3059 4725 973 3273 12544 1615 2917
internal_value=-4.06585e-12 -0.00341891 0.020258 -0.00603265 0.0394511 0.016655 -0.00265815 -0.00799489 0.00349477 -0.0005823 -0.00638038 0.06785 0.0754372 0.0583643 0.0352094 0.0396054 0.048621 0.00551748 -0.000519407 0.00679716 0.00925306 0.0198011 0.0908102 0.0131594 -0.00260749 -0.0035234 0.0136835 -0.00764901 0.00709659 0.00469593
internal_weight=82944 70967 11977 51498 1893 10084 18935 32563 19469 6456 21845 246 216 140 1647 1255 676 13013 2276 10737 6940 1178 83 6445 5497 1964 6332 16348 5762 4147
internal_count=82944 70967 11977 51498 1893 10084 18935 32563 19469 6456 21845 246 216 140 1647 1255 676 13013 2276 10737 6940 1178 83 6445 5497 1964 6332 16348 5762 4147
is_linear=0
shrinkage=0.05


Tree=36
num_leaves=31
num_cat=0
split_feature=3 1 1 1 3 4 4 3 7 4 3 0 1 0 1 5 5 1 1 11 9 0 4 0 5 6 5 4 5 1
split_gain=2025.85 487.229 269.334 121.198 88.2781 74.2067 62.547 100.31 51.5797 58.3232 49.5742 46.7902 47.8758 46.0846 43.192 34.7086 57.55 38.9699 33.5057 32.7015 33.8222 33.5076 32.4528 39.6309 31.479 29.6246 29.6053 40.8672 29.2292 33.0569
threshold=0.48940817807604869 2.3798475571324054 -0.22258793741949104 0.77499781531213152 -0.5116078948477244 0.69764839762832587 0.38490946076045557 3.6202699090239325 1.7010387896728181 -0.81793260411596802 1.6783695057681489 0.90431118045679149 1.9723754462409178 1.6656405814955708 -0.90010790263129781 0.30505838731795659 0.65128935879477212 -0.18478251449263597 -0.61259321683281442 -0.76213734878520889 -0.28878657066713359 0.0098975582701544551 -1.1306715409838382 1.6656405814955708 0.42390874111029014 1.1133806251249947 0.36482234569996347 0.64953471503326898 1.1577679250095743 3.4175661722137254
decision_type=2 2 2 2 2 2 2 2 2 2 2 2 2 2 2 2 2 2 2 2 2 2 2 2 2 2 2 2 2 2
left_child=2 3 4 15 14 6 8 -8 -3 -10 -5 12 -12 19 -1 -2 17 -17 -15 20 21 26 23 -4 -24 -16 -6 -28 -11 -30
right_child=1 5 22 10 13 -7 7 -9 9 28 11 -13 -14 18 25 16 -18 -19 -20 -21 -22 -23 24 -25 -26 -27 27 -29 29 -31
leaf_value=-0.012191342135765717 -0.0017994620289758165 0.025600028814124917 -0.0050274560523126998 0.011906545551450274 -0.0043745445301484479 0.019595182392272707 0.041529679512510409 0.10099030866664141 0.025676680688000383 -0.00061762221157550816 0.015232805363986999 0.022411171668832976 -0.01915963991611664 0.045445429960928971 -0.0078446962690268355 0.0576576516741798 0.005958006617455513 0.017134564711696023 0.0065434199576802372 -0.0055468788873738462 -0.0041591668553767171 0.017054948970734118 -0.00074457579993498298 0.014440859852335744 0.0039432340727347604 -0.0014316920857421888 0.015478639593560529 -0.011669329967856332 0.078314229142965708 0.048332099430135111
leaf_weight=5568 1338 910 3286 7446 1058 757 289 94 307 24 365 2453 140 66 19126 84 4868 202 343 12619 3226 396 6486 284 7996 1988 553 185 123 364
leaf_count=5568 1338 910 3286 7446 1058 757 289 94 307 24 365 2453 140 66 19126 84 4868 202 343 12619 3226 396 6486 284 7996 1988 553 185 123 364
internal_value=3.34652e-12 0.0139712 -0.00437048 0.0107368 -0.00643522 0.0330259 0.0378421 0.0561231 0.0337902 0.0429015 0.0140819 0.0195579 0.00569827 -0.00377553 -0.00827394 0.0053759 0.00723865 0.0290365 0.012821 -0.00415186 -0.000902754 0.00388976 0.000791146 -0.00347872 0.00184372 -0.00724088 0.000986967 0.00867325 0.0532499 0.0559046
internal_weight=82944 19764 63180 16896 45128 2868 2111 383 1728 818 10404 2958 505 18446 26682 6492 5154 286 409 18037 5418 2192 18052 3570 14482 21114 1796 738 511 487
internal_count=82944 19764 63180 16896 45128 2868 2111 383 1728 818 10404 2958 505 18446 26682 6492 5154 286 409 18037 5418 2192 18052 3570 14482 21114 1796 738 511 487
is_linear=0
shrinkage=0.05


Tree=37
num_leaves=31
num_cat=0
split_feature=2 2 3 2 0 2 2 2 4 4 9 6 1 0 7 0 5 2 7 5 11 9 0 5 4 4 5 5 4 2
split_gain=1892.34 456.268 239.426 85.8974 76.4806 69.3458 64.0245 61.8476 39.6303 66.3619 41.5526 39.1026 37.6466 34.4604 54.2455 34.076 35.4929 32.848 33.9788 43.6805 30.4937 87.5672 55.7967 27.1404 29.1484 27.7555 32.3808 27.1381 40.7938 26.6194
threshold=0.39009691172712807 1.9215687388713503 -0.43638204642907702 3.1142813650749299 0.59140555907625181 1.0075793976716925 -0.076511020594167686 -0.87624568432860839 -1.1306715409838382 -1.4193536365541799 0.77009752177902324 1.1133806251249947 2.9043329545264673 0.021646708491936072 1.7010387896728181 0.8947109700406356 1.082299156171467 4.2843765881725142 -0.081021797575299523 1.3937669968154378 -0.76213734878520889 0.38504876088951162 0.041510661571337822 1.366818105386481 0.72170523892585436 0.024056841297528397 1.3937669968154378 0.36482234569996347 0.64953471503326898 -0.7792142845407235
decision_type=2 2 2 2 2 2 2 2 2 2 2 2 2 2 2 2 2 2 2 2 2 2 2 2 2 2 2 2 2 2
left_child=2 5 7 13 12 8 20 -1 9 -2 -11 -9 -5 14 -3 16 -7 18 -6 -20 21 22 27 -19 25 -25 -27 -4 29 -29
right_child=1 3 6 4 17 15 -8 11 -10 10 -12 -13 -14 -15 -16 -17 -18 23 19 -21 -22 -23 -24 24 -26 26 -28 28 -30 -31
leaf_value=-0.011390063135127344 0.011845753295472449 0.027720917260739955 -0.0028560047075585136 -0.033152439881478833 0.027039753478304701 -0.00098793236205594118 0.0020994098391885533 -0.0067794034152353633 0.0078366803421261073 -0.020617831968955454 0.0031351873754384904 -0.00074562186251184062 0.028943840820220824 0.022217916489085016 0.10311199632637642 0.016275724718544805 0.012084241941825434 0.035400941514290206 0.060477950676326081 0.029842571422205283 -0.0040887171231237564 -0.0051958161160934012 0.017423805840594674 0.024814594316315684 0.015780767084409796 0.10114200481745815 0.052547355361960146 0.041821398898959167 -0.0063720236759306622 0.010685062454797811
leaf_weight=6908 534 80 1285 52 430 670 10617 22338 6802 460 307 3052 46 3119 34 3826 2308 101 255 214 13411 3846 796 24 24 91 55 75 374 810
leaf_count=6908 534 80 1285 52 430 670 10617 22338 6802 460 307 3052 46 3119 34 3826 2308 101 255 214 13411 3846 796 24 24 91 55 75 374 810
internal_value=-7.12344e-13 0.0136536 -0.00417742 0.0275597 0.0384571 0.00943238 -0.00105465 -0.00719538 0.00630742 -0.00168798 -0.0111104 -0.00605411 -0.00400521 0.0232048 0.050206 0.0131539 0.00914322 0.0419423 0.0371916 0.0464993 -0.00268045 -5.22344e-05 0.00587058 0.0564197 0.0673625 0.0746446 0.0828358 0.00225566 0.00747289 0.0133237
internal_weight=82944 19432 63512 4525 1292 14907 31214 32298 8103 1301 767 25390 98 3233 114 6804 2978 1194 899 469 20597 7186 3340 295 194 170 146 2544 1259 885
internal_count=82944 19432 63512 4525 1292 14907 31214 32298 8103 1301 767 25390 98 3233 114 6804 2978 1194 899 469 20597 7186 3340 295 194 170 146 2544 1259 885
is_linear=0
shrinkage=0.05


Tree=38
num_leaves=31
num_cat=0
split_feature=2 2 3 2 3 5 11 6 2 4 6 5 6 9 5 7 11 11 4 4 9 6 2 1 1 11 5 6 5 4
split_gain=1709.69 351.003 276.362 81.8239 78.1268 56.6266 62.4798 71.1106 54.5752 42.5169 53.0692 40.5598 39.9527 35.5076 35.4372 35.3617 38.1448 33.1713 29.0727 66.2528 65.1178 28.8588 28.1587 31.358 31.083 45.3399 97.9553 101.495 32.9556 27.4885
threshold=0.55865729442856826 2.413567648051397 -0.24747862434369247 -0.72758567200538316 1.3157969961142879 0.36482234569996347 -0.76213734878520889 1.0000000180025095e-35 4.2843765881725142 0.62547787373574038 1.1133806251249947 1.366818105386481 1.1133806251249947 -0.19252438044475575 0.90745195762283271 1.0000000180025095e-35 1.0801555850332116 -0.76213734878520889 -1.4193536365541799 -1.1306715409838382 0.77009752177902324 1.7077461606570974 0.20363655943170789 1.0393197749355194 0.46064652029102243 1.0000000180025095e-35 1.0414542967587244 1.1133806251249947 1.1210959212062968 0.67359155633079737
decision_type=2 2 2 2 2 2 2 2 2 2 2 2 2 2 2 2 2 2 2 2 2 2 2 2 2 2 2 2 2 2
left_child=2 4 3 15 13 -4 7 29 17 10 -9 21 -5 -2 -11 -1 -17 -3 -15 20 -20 -10 -8 24 -24 26 -26 -28 -29 -7
right_child=1 8 5 12 -6 6 22 9 11 14 -12 -13 -14 18 -16 16 -18 -19 19 -21 -22 -23 23 -25 25 -27 27 28 -30 -31
leaf_value=-0.0072788379248093617 0.0022467893361675958 0.01562182470219769 -0.0021147138595190703 -0.0053559338984826808 0.016289437198211264 0.0065271087196442064 -0.0020926473402868239 0.015746764529546303 0.045127447320070742 -0.0066811649726550466 0.043340497814086887 0.06399432979140085 -0.00026601433502990195 0.020258907525660921 0.023105181540156922 -0.010531144342692986 -0.021836252226254085 0.030393741791713863 -0.021105916881112206 0.010888230593290362 0.007421528013183575 -0.0044927224071903363 0.0018603761311103294 -0.012874823066088906 -0.0050785883869065894 0.0070869819491048581 -5.4624141790927982e-05 0.055198326154991428 0.12424820893599342 -0.0015011405799099547
leaf_weight=8444 1907 463 10705 23683 4647 2946 5632 691 84 284 233 194 4605 622 154 4144 910 2121 339 5603 488 45 1349 235 87 544 39 27 48 1671
leaf_count=8444 1907 463 10705 23683 4647 2946 5632 691 84 284 233 194 4605 622 154 4144 910 2121 339 5603 488 45 1349 235 87 544 39 27 48 1671
internal_value=4.62163e-12 0.0143982 -0.00357902 -0.00605572 0.0110287 0.000620265 0.00272055 0.00658313 0.0301691 0.0166227 0.0227049 0.0495462 -0.00452735 0.00829995 0.00379166 -0.00925875 -0.0125667 0.0277469 0.00993684 0.00893834 -0.00427231 0.0278181 -0.000180393 0.00444383 0.00638742 0.0145847 0.0348771 0.0653696 0.0993903 0.0036215
internal_weight=82944 16513 66431 41786 13606 24645 13940 5979 2907 1362 924 323 28288 8959 438 13498 5054 2584 7052 6430 827 129 7961 2329 2094 745 201 114 75 4617
internal_count=82944 16513 66431 41786 13606 24645 13940 5979 2907 1362 924 323 28288 8959 438 13498 5054 2584 7052 6430 827 129 7961 2329 2094 745 201 114 75 4617
is_linear=0
shrinkage=0.05


Tree=39
num_leaves=31
num_cat=0
split_feature=3 3 1 1 3 4 4 0 5 0 5 5 7 0 8 0 4 5 4 4 12 6 5 4 4 1 4 5 4 5
split_gain=1502.76 324.374 256.14 93.6066 71.0853 47.6317 47.0269 52.6371 79.0114 41.5246 41.4272 47.8457 37.5667 43.2945 37.5318 51.5947 36.0003 41.0127 48.0886 43.4642 53.2195 35.3325 97.321 35.0301 33.5228 30.8377 30.5638 42.185 41.1787 40.4946
threshold=0.65043800770794302 2.8203810515138188 -0.22258793741949104 1.5090210108706172 -0.5363367042286894 0.96227365190113923 -1.1306715409838382 1.4479213173332186 1.4032428797398568 1.6656405814955708 0.30505838731795659 0.65128935879477212 -0.17427846833443938 1.6379983261343904 -1.7404918888887655 0.30657967186768692 -1.1306715409838382 0.80943899875565395 -0.45707998465304106 0.96227365190113923 0.34815531191139576 1.1133806251249947 1.1210959212062968 -1.2750125887690089 -0.72170523892585436 -0.61259321683281442 0.67359155633079737 0.90745195762283271 -1.1306715409838382 1.3937669968154378
decision_type=2 2 2 2 2 2 2 2 2 2 2 2 2 2 2 2 2 2 2 2 2 2 2 2 2 2 2 2 2 2
left_child=2 3 4 10 14 6 -3 -8 24 -6 -2 -12 13 -5 15 -1 23 -18 -19 21 -21 -20 -23 -4 -9 -11 27 -14 -29 -30
right_child=1 5 16 12 9 -7 7 8 -10 25 11 -13 26 -15 -16 -17 17 18 19 20 -22 22 -24 -25 -26 -27 -28 28 29 -31
leaf_value=-0.0091296888907828663 -0.0023135552125606858 0.020281647191183375 -0.00026600828461276535 0.0080071064263648271 -0.0035982902199437673 0.016765035424024671 0.018335032594678481 0.035365151043341897 0.028729285943595258 0.043433525853536353 0.035387936472848415 0.0084460178912193363 -0.0040344029927686991 0.020869394737891778 -0.0064483586100301292 -0.02447911414107995 0.00023879863421574803 0.013647925883133273 -0.0022572837910287726 0.016693298768261103 0.0013210100558165671 0.0062320346931973953 0.11688839365606724 -0.011069550337770045 0.063756082876503126 0.006370371435555475 0.01297289815080236 0.012404981890620887 0.038297838320429892 0.01655748562900683
leaf_weight=3055 898 350 2815 1903 19471 384 210 134 402 66 168 8619 115 997 21834 667 10213 1367 2770 1032 1239 146 23 1023 464 375 789 344 775 296
leaf_count=3055 898 350 2815 1903 19471 384 210 134 402 66 168 8619 115 997 21834 667 10213 1367 2770 1032 1239 146 23 1023 464 375 789 344 775 296
internal_value=3.79056e-12 0.0133302 -0.00339788 0.0108245 -0.00549439 0.0325399 0.036423 0.041092 0.0458709 -0.00325466 0.00791573 0.00896112 0.0162225 0.0124291 -0.00723948 -0.0118804 0.00122321 0.00222188 0.00530129 0.0031113 0.00830657 -0.000903153 0.0212918 -0.00314564 0.0573942 0.0119172 0.0209663 0.0250884 0.0274552 0.0322893
internal_weight=82944 16848 66096 14904 45468 1944 1560 1210 1000 19912 9685 8787 5219 2900 25556 3722 20628 16790 6577 5210 2271 2939 169 3838 598 441 2319 1530 1415 1071
internal_count=82944 16848 66096 14904 45468 1944 1560 1210 1000 19912 9685 8787 5219 2900 25556 3722 20628 16790 6577 5210 2271 2939 169 3838 598 441 2319 1530 1415 1071
is_linear=0
shrinkage=0.05


Tree=40
num_leaves=31
num_cat=0
split_feature=2 2 0 2 3 2 5 6 6 7 11 5 9 6 3 0 7 0 3 11 6 5 0 5 0 0 0 5 6 5
split_gain=1405.93 308.368 214.643 72.2052 59.5517 57.2291 57.2002 40.0928 36.6601 35.9879 45.1979 34.7686 34.3168 40.9422 33.3891 33.0193 58.2376 86.9714 40.1249 31.7935 32.6291 33.617 28.8988 28.5837 28.1461 26.5076 40.8123 106.487 100.768 23.3729
threshold=0.90918287951958476 -0.33166896431917076 1.9255171228095136 0.16630210637217818 1.4061233754843081 4.2843765881725142 -0.24472827403648004 1.1133806251249947 -0.50537016327275397 1.0000000180025095e-35 1.0801555850332116 0.42390874111029014 -1.2514084728909125 1.0000000180025095e-35 4.0676475521031525 0.86494808874633555 1.7010387896728181 0.24629130255728501 2.1720319318373433 -0.76213734878520889 1.7077461606570974 0.30505838731795659 1.3864946804220966 1.366818105386481 2.4867904811690109 -0.096342892436865946 0.03138597865123454 1.082299156171467 1.1133806251249947 -0.24472827403648004
decision_type=2 2 2 2 2 2 2 2 2 2 2 2 2 2 2 2 2 2 2 2 2 2 2 2 2 2 2 2 2 2
left_child=1 6 4 19 11 -4 7 9 -8 -1 -11 -2 -5 -14 23 16 18 -18 -6 20 21 -3 -17 -7 -25 -15 27 -27 -29 -21
right_child=2 3 5 12 15 14 8 -9 -10 10 -12 -13 13 25 -16 22 17 -19 -20 29 -22 -23 -24 24 -26 26 -28 28 -30 -31
leaf_value=-0.0063836503412286263 -0.015822427672917829 -0.0021057580702328201 0.027700773825972871 -0.0061218044980945316 0.0082672594499177705 0.01554220033779977 -0.0044686162207484992 -0.0018287836606690816 0.001738095966066015 -0.0089244554362946597 -0.020248023291036473 0.009950786074109973 0.0021657607592319764 0.0012726578762956332 0.085279825568619766 0.024886539991198216 0.10146386247032729 0.010939202872132995 -0.021828517209174263 -0.0061409858318677603 0.013291857593504312 0.0052280290126066522 0.015770355410122533 0.083490103313868691 0.035059645805846563 0.0080721966391590835 0.0087014031884804135 -0.015862121731818966 0.10308178065047749 -0.0011343175533186083
leaf_weight=17841 134 4013 1656 774 578 63 8245 3480 3344 5742 1041 5575 6449 1053 62 1325 39 83 137 3194 563 2559 2528 55 66 209 3415 24 69 8628
leaf_count=17841 134 4013 1656 774 578 63 8245 3480 3344 5742 1041 5575 6449 1053 62 1325 39 83 137 3194 563 2559 2528 55 66 209 3415 24 69 8628
internal_value=6.78697e-12 -0.00271641 0.0156 0.00102467 0.0127753 0.0310436 -0.00563346 -0.00685231 -0.00267767 -0.00756226 -0.0106623 0.00934584 0.00406097 0.00476348 0.0535463 0.0169499 0.00794864 0.0398774 0.00250066 -0.000896226 0.00173951 0.000749866 0.0189053 0.0428535 0.0570735 0.00827556 0.0102594 0.0278776 0.0723866 -0.00248699
internal_weight=82944 70643 12301 30950 10399 1902 39693 28104 11589 24624 6783 5709 11993 11219 246 4690 837 122 715 18957 7135 6572 3853 184 121 4770 3717 302 93 11822
internal_count=82944 70643 12301 30950 10399 1902 39693 28104 11589 24624 6783 5709 11993 11219 246 4690 837 122 715 18957 7135 6572 3853 184 121 4770 3717 302 93 11822
is_linear=0
shrinkage=0.05


Tree=41
num_leaves=31
num_cat=0
split_feature=2 2 2 0 2 4 4 0 5 6 4 5 4 4 5 11 4 0 4 8 5 5 11 4 4 4 6 0 8 1
split_gain=1271.9 309.424 170.245 69.5434 52.1223 46.6233 68.768 53.078 47.1897 71.6748 52.9515 173.601 105.248 46.0275 45.2351 39.3743 58.8618 57.9826 41.1786 39.0649 33.6435 33.5697 32.7919 64.0554 32.7293 40.7987 43.0316 32.0842 30.3584 37.397
threshold=0.39009691172712807 1.7608667400725333 -0.50576930622222027 1.9255171228095136 4.2843765881725142 -1.1306715409838382 -1.4193536365541799 0.95849667322298504 0.85925218225375766 1.1133806251249947 -0.21651157167775612 1.082299156171467 -0.62547787373574071 0.96227365190113923 0.30505838731795659 -0.76213734878520889 0.64953471503326898 0.85742682209404297 0.96227365190113923 0.37100531152820115 1.224450581347845 -0.1839442457199755 -0.76213734878520889 0.69764839762832587 0.69764839762832587 0.36085261946292707 1.7077461606570974 0.055158686266356984 -1.7404918888887655 -1.144176274179687
decision_type=2 2 2 2 2 2 2 2 2 2 2 2 2 2 2 2 2 2 2 2 2 2 2 2 2 2 2 2 2 2
left_child=2 5 21 -3 -5 6 -2 19 -7 13 11 -11 -13 -10 27 16 17 -16 -18 -8 -14 28 23 -23 25 26 -6 -4 29 -1
right_child=1 3 14 4 24 8 7 -9 9 10 -12 12 20 -15 15 -17 18 -19 -20 -21 -22 22 -24 -25 -26 -27 -28 -29 -30 -31
leaf_value=-0.025016740899409834 0.010716696537429397 0.017343271590184624 -0.0046596740013549491 0.026151906134110139 0.070170647718219292 0.0028060111943351666 -0.027329162226367238 0.0064459171850739343 0.0060611437153159347 0.010801059768918609 0.014979454964292441 0.037072258019963132 0.097511780843502149 0.014539542499069037 0.0073045551482177262 -0.00077783193745205466 -0.010155718444127337 0.041022735863531889 0.005489959590168722 -0.0047408510224892569 0.16939059893290204 0.012860985476060944 -0.0047481652324714886 -0.011407235237904318 0.008200190730981138 0.090438220638915323 0.014707166994647945 -0.00063452016385563215 -0.0063681971481058704 -0.0094454953628439822
leaf_weight=446 952 3323 9626 1604 72 2719 356 449 5719 230 1064 65 41 2223 3083 9591 898 133 791 414 27 785 4987 416 38 68 68 10193 19716 2847
leaf_count=446 952 3323 9626 1604 72 2719 356 449 5719 230 1064 65 41 2223 3083 9591 898 133 791 414 27 785 4987 416 38 68 68 10193 19716 2847
internal_value=3.93061e-12 0.0111937 -0.0034248 0.0216689 0.0294386 0.00739343 0.000646991 -0.00721713 0.00860508 0.010288 0.0206052 0.037095 0.0825656 0.00843428 -0.00103696 0.00108571 0.0047296 0.00869899 -0.00282846 -0.0151843 0.126052 -0.00623122 -0.00296196 0.00445501 0.050869 0.0586643 0.0432312 -0.00258952 -0.00711044 -0.0115544
internal_weight=82944 19432 63512 5173 1850 14259 2171 1219 12088 9369 1427 363 133 7942 34315 14496 4905 3216 1689 770 68 29197 6188 1201 246 208 140 19819 23009 3293
internal_count=82944 19432 63512 5173 1850 14259 2171 1219 12088 9369 1427 363 133 7942 34315 14496 4905 3216 1689 770 68 29197 6188 1201 246 208 140 19819 23009 3293
is_linear=0
shrinkage=0.05


Tree=42
num_leaves=31
num_cat=0
split_feature=2 2 2 2 9 5 6 0 4 2 6 0 4 2 9 4 7 11 4 4 6 4 5 0 6 6 0 5 0 4
split_gain=1151.82 230.532 198.628 58.235 43.9469 42.2669 38.6983 34.255 39.0743 36.258 33.9997 33.3994 46.8193 33.1269 31.1193 32.0309 30.2936 39.7392 29.1741 53.7542 63.0032 29.5676 31.1119 64.503 26.994 26.895 42.7733 97.5006 41.9689 26.6304
threshold=0.78576543155723322 -0.38059948028597368 2.5083282097764625 0.064733281979409543 -0.19252438044475575 -0.24472827403648004 -0.50537016327275397 0.93116348106953939 -0.57736419114068327 3.6149727007184782 1.1133806251249947 -0.096342892436865946 0.072170523892585367 1.5009240506625152 -1.2514084728909125 -0.40896630205798362 1.0000000180025095e-35 1.0801555850332116 0.72170523892585436 0.36085261946292707 1.7077461606570974 -0.19245473038022767 1.3494002584220433 2.584352261286655 -1.0580783826696147 1.0000000180025095e-35 1.0000000180025095e-35 1.1210959212062968 -0.044525099028048666 -1.1306715409838382
decision_type=2 2 2 2 2 2 2 2 2 2 2 2 2 2 2 2 2 2 2 2 2 2 2 2 2 2 2 2 2 2
left_child=1 5 4 -3 -2 10 -7 8 -4 -9 16 12 -5 29 15 -13 -1 -18 19 20 21 -11 -23 -24 -14 -16 27 -27 -29 -6
right_child=2 3 7 11 13 6 -8 9 -10 18 -12 14 24 -15 25 -17 17 -19 -20 -21 -22 22 23 -25 -26 26 -28 28 -30 -31
leaf_value=-0.0058836144736997926 0.0011337800349127487 -0.0013014614873084534 0.03539316929175438 -0.0043871047637944471 0.0017370036265771098 -0.0042836380871716729 0.0030265891587867595 0.024003785081973192 -0.0077024641740135848 0.033642601916757747 -0.0013501599279265709 0.010761446488104412 -0.012773116906384128 0.014936250377595224 0.0026349029989736149 -0.015047122752010948 -0.00822153724747543 -0.018964623459674396 0.0049906360932578482 0.071804990649264766 0.0048985501079471744 0.01764843342639506 0.11797046533226968 0.030887397504537496 0.0064037502456627347 0.010072460990681846 0.0074120754202728935 0.024898058606222982 0.11146850334757584 0.010609048427177324
leaf_weight=17035 1151 19317 81 2879 1027 7688 2368 1765 150 168 2999 180 199 4041 3341 362 5635 1016 59 118 131 25 50 37 2357 175 3733 21 42 4794
leaf_count=17035 1151 19317 81 2879 1027 7688 2368 1765 150 168 2999 180 199 4041 3341 362 5635 1016 59 118 131 25 50 37 2357 175 3733 21 42 4794
internal_value=6.07566e-12 -0.00260902 0.0133065 0.000451165 0.0103792 -0.0053248 -0.00256222 0.0257824 0.00740899 0.0275862 -0.00636586 0.0029988 -1.44776e-05 0.0114582 0.005084 -0.00647601 -0.00700092 -0.00986264 0.0383396 0.042059 0.0335188 0.046909 0.0668086 0.0809351 0.00491072 0.00594088 0.00872236 0.029274 0.0826117 0.00904375
internal_weight=82944 69347 13597 32606 11013 36741 10056 2584 231 2353 26685 13289 5435 9862 7854 542 23686 6651 588 529 411 280 112 87 2556 7312 3971 238 63 5821
internal_count=82944 69347 13597 32606 11013 36741 10056 2584 231 2353 26685 13289 5435 9862 7854 542 23686 6651 588 529 411 280 112 87 2556 7312 3971 238 63 5821
is_linear=0
shrinkage=0.05


Tree=43
num_leaves=31
num_cat=0
split_feature=2 2 3 0 2 4 4 5 5 11 4 0 3 8 11 0 4 2 2 4 1 2 0 11 5 4 0 0 0 0
split_gain=1040.95 215.403 174.586 62.5003 54.0089 40.0123 67.1028 37.7996 34.6569 48.5507 53.6699 92.373 39.6186 35.4399 32.7557 30.9151 35.2645 32.7228 28.644 28.2964 27.2545 27.6378 27.5921 36.1952 86.216 57.5646 29.1624 27.245 26.6171 26.5731
threshold=0.55865729442856826 2.5083282097764625 -0.24747862434369247 0.8947109700406356 -0.72758567200538316 -1.1306715409838382 -1.4193536365541799 0.80943899875565395 0.36482234569996347 -0.76213734878520889 0.62547787373574038 0.75305586519458789 0.1970921012041231 1.0152913959672809 1.0000000180025095e-35 0.93116348106953939 -0.57736419114068327 3.6149727007184782 1.5465420234017873 1.0344441757937248 1.2084748473566986 0.29315596895356721 -0.5193620345469524 1.0000000180025095e-35 1.0414542967587244 -0.072170523892585409 -0.73023681078568414 0.23739498092388264 0.10789381999018957 1.6119620207663889
decision_type=2 2 2 2 2 2 2 2 2 2 2 2 2 2 2 2 2 2 2 2 2 2 2 2 2 2 2 2 2 2
left_child=2 3 4 5 -1 6 18 -7 -4 10 11 13 -12 -10 -8 16 -3 -17 -2 -14 21 -11 26 24 -24 -26 -23 -15 -18 -22
right_child=1 15 8 -5 -6 7 14 -9 9 20 12 -13 19 27 -16 17 28 -19 -20 -21 29 22 23 -25 25 -27 -28 -29 -30 -31
leaf_value=-0.0073634603990991414 0.0065657711740340734 0.033623510623425473 -0.0015946460274636311 0.012024673494221141 -0.0035194716032744262 -0.0034079956824078191 -0.004792683111459372 0.0085378731217892537 0.010242408388146785 -0.0013579206436141597 -0.0094768280236913627 0.039519108211773575 -0.0010367231367749523 0.0021906851602059964 -0.028504805772885212 0.02280359566566223 0.042175557269998221 0.036422598326909521 0.045596333832859444 0.013519711400421389 -0.027134684009218868 0.0019896099199208299 0.0017833246337568822 0.005285853893195868 0.085700571807484111 0.0052728093811310831 -0.031008204746103732 -0.023130463573845014 -0.016280621888050004 0.0091024992882575793
leaf_weight=13498 363 81 10705 7175 28288 764 357 4970 2577 6145 799 236 888 822 246 1765 23 588 54 535 176 280 146 950 73 32 88 122 127 71
leaf_count=13498 363 81 10705 7175 28288 764 357 4970 2577 6145 799 236 888 822 246 1765 23 588 54 535 176 280 146 950 73 32 88 122 127 71
internal_value=6.45604e-12 0.0112348 -0.00279267 0.00877514 -0.00476118 0.00532306 -0.00380156 0.0069462 0.000544983 0.00218808 0.00559299 0.0092361 -0.000566854 0.00720634 -0.0144663 0.0244933 0.00703854 0.0262069 0.0116201 0.00443601 -0.000369135 0.000154362 0.00607723 0.00974754 0.0266344 0.0611893 -0.00590117 -0.00108175 -0.00731734 -0.0167183
internal_weight=82944 16513 66431 13929 41786 6754 1020 5734 24645 13940 5979 3757 2222 3521 603 2584 231 2353 417 1423 7961 7714 1569 1201 251 105 368 944 150 247
internal_count=82944 16513 66431 13929 41786 6754 1020 5734 24645 13940 5979 3757 2222 3521 603 2584 231 2353 417 1423 7961 7714 1569 1201 251 105 368 944 150 247
is_linear=0
shrinkage=0.05


Tree=44
num_leaves=31
num_cat=0
split_feature=2 2 3 5 6 5 4 4 9 8 1 10 5 11 2 5 6 4 4 6 5 4 4 11 4 6 4 7 4 3
split_gain=942.372 214.719 144.642 69.3337 46.7098 40.724 37.6065 36.7756 33.9495 33.2626 34.2442 30.1909 29.8523 52.0518 29.0777 29.0177 63.7778 27.9473 25.8187 36.2246 75.5469 145.041 44.9677 38.3945 24.4195 40.9836 35.3945 54.0838 38.7593 28.3203
threshold=0.9452029766701463 -0.093062985247572491 2.8203810515138188 -0.24472827403648004 -0.50537016327275397 0.95394520574413566 0.96227365190113923 -1.1306715409838382 -0.38504876088951151 -1.7404918888887655 -1.144176274179687 1.0000000180025095e-35 1.4032428797398568 1.6942532296393515 2.017812398497465 -0.95394520574413588 -0.066328909107543868 -0.72170523892585436 0.96227365190113923 1.1133806251249947 1.1210959212062968 -1.0103873344961958 -0.24056841297528506 1.0801555850332116 0.67359155633079737 1.7077461606570974 0.38490946076045557 1.7010387896728181 0.096227365190113837 3.3794542420997158
decision_type=2 2 2 2 2 2 2 2 2 2 2 2 2 2 2 2 2 2 2 2 2 2 2 2 2 2 2 2 2 2
left_child=1 3 5 9 -5 -2 7 -4 -3 10 -1 -11 13 -9 -7 -13 -17 -15 19 -10 23 -22 -23 -21 26 -26 27 -19 29 -29
right_child=2 8 6 4 -6 14 -8 12 18 11 -12 15 -14 17 -16 16 -18 24 -20 20 21 22 -24 -25 25 -27 -28 28 -30 -31
leaf_value=-0.022834057725059882 0.0012819961511749403 -0.00067842402408850469 0.014639270502616587 -0.0037379962934883828 0.0013192375743926788 0.0099826452529245425 0.011443721237041397 0.02082921091323009 0.0010526454227257481 -0.0056428421658089841 -0.0080076466869278464 -0.003530826464014516 0.021911943511080591 0.022596745117081572 0.01650905321904925 -0.0040471259552444933 0.017400491442207924 0.021812146880464362 0.0080207429533615208 0.0015950862213872435 -0.0069914119374231412 0.1050417770867917 0.019608430406078698 0.017571340951941464 -0.010336518871623117 0.066305358188621918 0.082416969420441064 0.12094999450082716 0.034293218075098206 0.065504536389938139
leaf_weight=443 1059 6844 350 10203 8264 6683 384 273 8400 21934 3222 5329 402 92 2292 875 574 112 2700 1508 83 67 20 501 37 33 106 37 56 61
leaf_count=443 1059 6844 350 10203 8264 6683 384 273 8400 21934 3222 5329 402 92 2292 875 574 112 2700 1508 83 67 20 501 37 33 106 37 56 61
internal_value=1.02305e-12 -0.00218945 0.0129731 -0.00391967 -0.00147488 0.0105552 0.0254597 0.028912 0.00218225 -0.00531412 -0.00979976 -0.00474154 0.0330438 0.0385891 0.0116493 -0.00182489 0.00444903 0.0476686 0.00365664 0.00254282 0.00828743 0.0402922 0.0854019 0.00557921 0.0528872 0.0257947 0.0579852 0.0482493 0.0674763 0.086438
internal_weight=82944 70967 11977 50844 18467 10034 1943 1559 20123 32377 3665 28712 1209 807 8975 6778 1449 534 13279 10579 2179 170 87 2009 442 70 372 266 154 98
internal_count=82944 70967 11977 50844 18467 10034 1943 1559 20123 32377 3665 28712 1209 807 8975 6778 1449 534 13279 10579 2179 170 87 2009 442 70 372 266 154 98
is_linear=0
shrinkage=0.05


Tree=45
num_leaves=31
num_cat=0
split_feature=2 0 3 2 6 4 4 5 3 4 0 5 11 5 0 3 4 9 5 4 4 4 9 4 6 5 8 4 4 5
split_gain=852.147 178.785 145.068 64.9386 45.1913 38.4251 43.3258 48.3514 46.7619 41.25 38.8392 60.4047 36.1714 56.236 52.2693 35.2574 34.2811 67.4537 30.8343 28.5721 27.4069 31.6769 26.7583 41.6594 33.9056 25.2056 29.1177 41.2306 36.8828 31.6019
threshold=0.55865729442856826 1.9255171228095136 -0.31559147031070728 1.6501068016329257 1.1133806251249947 0.96227365190113923 -0.72170523892585436 1.4032428797398568 3.012964256391117 -0.1683978890826997 2.415323570517228 1.3494002584220433 -0.76213734878520889 -0.85925218225375766 0.8947109700406356 -0.96967995513961214 -1.1306715409838382 0.48131095111188954 1.366818105386481 -1.4193536365541799 0.64953471503326898 0.96227365190113923 -1.2514084728909125 -0.14434104778517126 1.0000000180025095e-35 0.90745195762283271 0.74090168677562918 0.28868209557034169 0.67359155633079737 1.224450581347845
decision_type=2 2 2 2 2 2 2 2 2 2 2 2 2 2 2 2 2 2 2 2 2 2 2 2 2 2 2 2 2 2
left_child=2 3 4 16 15 6 -3 8 9 -8 -10 -12 13 -4 20 -1 17 -2 -11 -5 -15 -22 23 -18 -24 -26 28 -28 29 -27
right_child=1 5 12 19 -6 -7 7 -9 10 18 11 -13 -14 14 -16 -17 22 -19 -20 -21 21 -23 24 -25 25 26 27 -29 -30 -31
leaf_value=-0.0081538947916147391 -0.016888435555084045 0.017638288191848556 -0.002614438466402279 0.026622851068880144 0.00035131104350300126 0.010377203508543265 0.055780720685062735 0.020462928278649567 0.075061768860927316 -0.0086031504118671796 -0.03365126494318247 0.049421459045298703 -0.0013963219955773396 0.0054199000285331846 0.019056319396764713 -0.0042698570016674155 0.0240096791935238 0.0057825543782182715 0.059963485691696405 0.012320771810891223 -0.0072303873203796712 0.0044332496297626754 0.0049835626097378058 -0.02860979431762728 0.0057923345392062167 0.017419681514309334 -0.0079272748915702584 0.016005674006002977 0.0098624089051465788 0.035991433120232688
leaf_weight=7468 451 623 4047 387 4249 393 58 367 133 91 24 248 15420 5482 579 26849 55 1204 20 3576 1098 1239 4778 119 1389 649 316 418 860 354
leaf_count=7468 451 623 4047 387 4249 393 58 367 133 91 24 248 15420 5482 579 26849 55 1204 20 3576 1098 1239 4778 119 1389 649 316 418 860 354
internal_value=-1.0422e-12 0.010165 -0.00252675 0.00825735 -0.00451283 0.0243539 0.0278659 0.0346373 0.0437 0.0216075 0.0529188 0.0420915 0.00022205 0.0022273 0.00456053 -0.00511509 0.00621466 -0.000395462 0.0037512 0.0137174 0.00348711 -0.00104671 0.00743862 -0.0119772 0.0078241 0.011229 0.0141368 0.00570212 0.01746 0.0239744
internal_weight=82944 16513 66431 14556 38566 1957 1564 941 574 169 405 272 27865 12445 8398 34317 10593 1655 111 3963 7819 2337 8938 174 8764 3986 2597 734 1863 1003
internal_count=82944 16513 66431 14556 38566 1957 1564 941 574 169 405 272 27865 12445 8398 34317 10593 1655 111 3963 7819 2337 8938 174 8764 3986 2597 734 1863 1003
is_linear=0
shrinkage=0.05


Tree=46
num_leaves=31
num_cat=0
split_feature=2 3 2 0 2 2 4 5 3 4 0 5 11 4 0 4 12 0 1 4 0 0 0 7 0 5 0 8 0 4
split_gain=770.248 189.724 108.133 54.4284 33.1937 32.1987 34.0268 31.7383 30.3469 29.1588 35.7617 28.2702 27.789 48.4363 44.4905 34.416 27.5843 26.5847 25.4124 46.8562 25.2219 24.8386 65.8646 70.8792 27.2454 30.8128 25.839 25.2641 60.6718 29.9986
threshold=0.39009691172712807 1.6783695057681489 -0.50576930622222027 1.8558287282042618 4.2843765881725142 1.6501068016329257 -0.21651157167775612 0.30505838731795659 4.0676475521031525 0.96227365190113923 0.0098975582701544551 0.85925218225375766 -0.76213734878520889 0.67359155633079737 0.85742682209404297 0.96227365190113923 1.0444659357341872 0.055158686266356984 4.3806832468255656 0.24056841297528472 -0.80650011932188403 0.86494808874633555 0.27154823262667721 1.7010387896728181 0.32328236628117729 1.3293991099845883 1.3864946804220966 -1.0174668528432229 1.3243607389875878 -0.38490946076045524
decision_type=2 2 2 2 2 2 2 2 2 2 2 2 2 2 2 2 2 2 2 2 2 2 2 2 2 2 2 2 2 2
left_child=2 5 -1 21 -5 9 16 17 18 10 -2 -11 13 14 -9 20 -7 -4 -6 -20 -15 22 23 -3 -24 -26 27 28 -23 -29
right_child=1 3 7 4 8 6 -8 12 -10 11 -12 -13 -14 15 -16 -17 -18 -19 19 -21 -22 26 24 -25 25 -27 -28 29 -30 -31
leaf_value=-0.0049017938494843247 -0.0013628821530906614 0.014172306701139961 -0.0039469945216851383 0.020529163807912688 0.049096993877541989 0.025041305829269334 0.0066612251239498883 0.0063871192444557691 0.070346601487648097 -0.0010959673940061606 0.0053597523401644762 0.011701663763134145 -0.0005496587949682443 0.029813739287323861 0.035912053841413473 0.0045330030150053961 -0.019062160293718704 -0.00028301989256660837 0.070672475010156638 -0.0090712094035448644 -0.01187277155069244 0.026236834784454904 -0.062594233808063324 0.094967094749550937 0.0099065058927044463 -0.017359732705774868 0.01137030442039854 0.031622701049464845 0.10406436904200488 0.0093261413361263607
leaf_weight=29197 2817 153 9626 1827 89 529 968 3139 62 536 6644 2214 9591 38 133 791 38 10193 25 70 804 237 21 33 200 215 2026 220 28 480
leaf_count=29197 2817 153 9626 1827 89 529 968 3139 62 536 6644 2214 9591 38 133 791 38 10193 25 70 804 237 21 33 200 215 2026 220 28 480
internal_value=3.40774e-12 0.00871088 -0.00266516 0.0163926 0.0228508 0.00553336 0.0123587 -0.000762118 0.0400933 0.00467537 0.0033581 0.00920729 0.0010159 0.00407712 0.00758725 -0.00295602 0.0220855 -0.0020626 0.0298992 0.011914 -0.00999143 0.0126871 0.00359607 0.0285069 -0.00703101 -0.00421938 0.0145776 0.0213114 0.0344601 0.0163336
internal_weight=82944 19432 63512 5686 2073 13746 1535 34315 246 12211 9461 2750 14496 4905 3272 1633 567 19819 184 95 842 3613 622 186 436 415 2991 965 265 700
internal_count=82944 19432 63512 5686 2073 13746 1535 34315 246 12211 9461 2750 14496 4905 3272 1633 567 19819 184 95 842 3613 622 186 436 415 2991 965 265 700
is_linear=0
shrinkage=0.05


Tree=47
num_leaves=31
num_cat=0
split_feature=2 3 3 3 5 11 4 0 3 4 4 0 5 2 2 4 0 11 0 1 0 5 4 0 0 6 4 4 8 0
split_gain=695.149 171.226 100.129 50.3575 31.7243 39.6648 79.7875 57.8379 43.5003 30.9458 31.3966 32.4362 52.6241 29.1431 28.8757 28.3365 29.3058 32.8944 26.5379 37.4288 25.2926 36.602 25.047 24.5218 63.8246 60.027 27.4531 34.3126 23.1805 34.1001
threshold=0.39009691172712807 1.6783695057681489 -0.49250274579991932 2.8203810515138188 0.36482234569996347 -0.76213734878520889 0.67359155633079737 0.79330981145986013 0.11287415785878786 0.96227365190113923 -1.1306715409838382 1.4479213173332186 1.4032428797398568 1.4305678151386811 -0.88440467823144298 0.96227365190113923 -0.096342892436865946 -0.76213734878520889 1.6656405814955708 -0.61259321683281442 2.415323570517228 1.3494002584220433 -1.4193536365541799 0.86494808874633555 0.27154823262667721 1.1133806251249947 0.072170523892585367 -0.76981892152091091 1.0792073135794762 0.79330981145986013
decision_type=2 2 2 2 2 2 2 2 2 2 2 2 2 2 2 2 2 2 2 2 2 2 2 2 2 2 2 2 2 2
left_child=2 13 14 23 18 6 7 -6 -8 10 -5 -12 20 15 28 16 17 -2 -4 -20 -13 -22 -15 24 25 -3 27 -26 -1 -30
right_child=1 3 4 9 5 -7 8 -9 -10 -11 11 12 -14 22 -16 -17 -18 -19 19 -21 21 -23 -24 -25 26 -27 -28 -29 29 -31
leaf_value=-0.0084639822140936023 0.0032573108972195133 0.012213941685221883 -0.002459297487661495 0.012042282323984962 0.0074361896353333373 -0.000903732118373034 -0.012931057479961722 0.036386738447114257 0.002689821419926592 0.0093861908956265946 0.011181957975855941 0.055680641931142999 0.018808157946314984 0.024220720629648237 -0.0038411890738256787 0.0089085421782935763 0.0044972104405633226 -0.0090404720538792664 0.042551904253195973 0.0031932265989507444 -0.010870700580999256 0.039709460976865618 0.0083208960245804587 0.013934351717722929 0.014134702043482225 0.081348193762823942 0.016407594667874614 -0.024396347092209517 0.0086073229255131858 -0.030989552655863385
leaf_weight=5974 1231 146 18452 350 3312 9210 776 182 1047 384 210 220 402 277 22960 2434 6489 974 64 1075 40 338 2341 3151 76 40 88 241 397 63
leaf_count=5974 1231 146 18452 350 3312 9210 776 182 1047 384 210 220 402 277 22960 2434 6489 974 64 1075 40 338 2341 3151 76 40 88 241 397 63
internal_value=5.96266e-12 0.00827533 -0.0025319 0.0155729 -0.000689182 0.00108139 0.00451999 0.0089442 -0.00395955 0.0221013 0.0252312 0.0290461 0.0327976 0.00525669 -0.00467078 0.00414002 0.00280501 -0.00217491 -0.00200209 0.00540478 0.0422019 0.0343571 0.0100032 0.0121814 0.00283545 0.0270815 -0.00829979 -0.0151586 -0.00763119 0.00318427
internal_weight=82944 19432 63512 5686 34118 14527 5317 3494 1823 1944 1560 1210 1000 13746 29394 11128 8694 2205 19591 1139 598 378 2618 3742 591 186 405 317 6434 460
internal_count=82944 19432 63512 5686 34118 14527 5317 3494 1823 1944 1560 1210 1000 13746 29394 11128 8694 2205 19591 1139 598 378 2618 3742 591 186 405 317 6434 460
is_linear=0
shrinkage=0.05


Tree=48
num_leaves=31
num_cat=0
split_feature=2 2 3 0 5 2 5 6 9 4 4 4 0 5 7 0 4 4 0 3 4 5 6 11 9 3 6 7 0 1
split_gain=628.117 142.335 102.84 37.438 32.1472 29.7814 29.7068 30.1297 28.1132 40.0825 27.2587 27.5292 28.4906 45.5804 25.2267 81.8781 43.737 31.2866 28.3885 40.8018 25.0428 24.9103 24.6762 24.5536 33.5193 25.0595 23.8414 22.7826 33.9762 21.7686
threshold=0.8739712444562644 -0.38059948028597368 2.8203810515138188 -0.47344181750897113 0.90745195762283271 0.1113257191213794 -0.24472827403648004 -0.50537016327275397 -1.2514084728909125 -0.38490946076045524 0.96227365190113923 -1.1306715409838382 1.4479213173332186 1.4032428797398568 1.7010387896728181 0.1314169962933068 -0.28868209557034147 -1.1306715409838382 0.86494808874633555 2.1720319318373433 0.91415996930608234 -0.30505838731795659 1.1133806251249947 -0.76213734878520889 0.19252438044475581 0.45612134750475092 1.0000000180025095e-35 1.0000000180025095e-35 0.39239371894079061 1.6346039638151819
decision_type=2 2 2 2 2 2 2 2 2 2 2 2 2 2 2 2 2 2 2 2 2 2 2 2 2 2 2 2 2 2
left_child=1 6 4 21 -2 23 22 -8 9 -7 11 -4 -13 -14 18 16 -16 -17 19 -6 -19 -3 27 24 25 -5 29 -1 -29 -10
right_child=2 3 10 5 14 8 7 -9 26 -11 -12 12 13 -15 15 17 -18 20 -20 -21 -22 -23 -24 -25 -26 -27 -28 28 -30 -31
leaf_value=-0.0044390078608712328 0.00033356654108294276 -0.010992614865580039 0.011440168170790589 0.004870553530241439 0.0061261827487146137 0.0096403413632889824 -0.0031970606435413594 0.0032532724316871975 0.0023973164281148591 -0.014424680406917799 0.0089168812589946363 0.010622860044629003 0.03964694175866107 0.017867750179793442 0.10302963837436059 -0.01731385952045553 0.020129835788303845 0.023916034081663665 0.01083432975090682 -0.021712299967332309 0.0021461015102704089 -0.0014214426633432635 -0.00059392266124656411 -0.0020252507976514784 -0.00075361395207153303 0.019978701529094936 0.0067730668257703552 -0.006623310553909436 -0.01797450935306075 -0.019048345809482992
leaf_weight=17035 1121 738 350 2133 3353 269 7688 2368 5361 485 384 210 597 402 41 76 26 401 5330 137 197 8622 2999 7183 3636 315 4715 5909 742 121
leaf_count=17035 1121 738 350 2133 3353 269 7688 2368 5361 485 384 210 597 402 41 76 26 401 5330 137 197 8622 2999 7183 3636 315 4715 5909 742 121
internal_value=4.95851e-13 -0.00184364 0.0102688 0.000509437 0.00834415 0.00154737 -0.00399415 -0.00167813 0.00347726 -0.00583915 0.0208497 0.0237889 0.0273638 0.0308829 0.00928337 0.0181442 0.0708596 0.0129039 0.00853894 0.00503338 0.0167443 -0.00217609 -0.00486693 -4.56271e-05 0.00229159 0.00681462 0.00416614 -0.00540795 -0.00788967 0.00192396
internal_weight=82944 70319 12625 33578 10682 24218 36741 10056 10951 754 1943 1559 1209 999 9561 741 67 674 8820 3490 598 9360 26685 13267 6084 2448 10197 23686 6651 5482
internal_count=82944 70319 12625 33578 10682 24218 36741 10056 10951 754 1943 1559 1209 999 9561 741 67 674 8820 3490 598 9360 26685 13267 6084 2448 10197 23686 6651 5482
is_linear=0
shrinkage=0.05


Tree=49
num_leaves=31
num_cat=0
split_feature=2 3 2 6 5 12 0 5 11 2 5 0 5 4 8 4 4 3 0 7 6 11 5 7 4 4 5 7 0 4
split_gain=567.032 135.442 88.0927 43.3628 40.0818 38.5839 38.1468 36.7883 44.8553 32.0354 27.5963 24.6967 24.5871 22.7564 22.3889 21.4876 39.8773 56.359 37.7579 22.2555 21.2568 24.7792 26.5828 21.2518 29.1948 28.8799 52.1303 19.9133 87.955 69.3489
threshold=0.9452029766701463 -0.24747862434369247 2.6405108700037183 -0.50537016327275397 -0.24472827403648004 -1.0444659357341868 0.40002294133699273 -0.90745195762283293 -0.76213734878520889 0.02809530469763202 0.95394520574413566 0.54721404967828258 -1.0822991561714665 -0.81793260411596802 1.0152913959672809 0.69764839762832587 0.36085261946292707 4.0676475521031525 2.4867904811690109 1.7010387896728181 1.7077461606570974 1.0801555850332116 -1.3293991099845879 -0.081021797575299523 -0.74576208022338231 -0.072170523892585409 1.366818105386481 1.7010387896728181 0.1682292840005534 -0.28868209557034147
decision_type=2 2 2 2 2 2 2 2 2 2 2 2 2 2 2 2 2 2 2 2 2 2 2 2 2 2 2 2 2 2
left_child=1 3 10 6 5 12 -1 20 -9 -3 -2 -4 -5 -10 15 16 23 18 -18 -17 -7 -22 -23 25 -25 -13 -27 -12 29 -29
right_child=2 9 11 4 -6 7 -8 8 13 -11 27 14 -14 -15 -16 19 17 -19 -20 -21 21 22 -24 24 -26 26 -28 28 -30 -31
leaf_value=-0.0046954987765073916 0.00037578485053181261 -0.00065904666715206476 -0.0013103970164657698 -0.012366361041990816 0.001883078988832231 -0.00072639336970309755 -0.015814547032471156 0.0086547936882078094 -0.011301417541575621 0.0026680070717069785 0.0080846732707952583 0.019626697784122332 -0.0034305356843793433 -0.0040826395968818893 -0.011788650546750089 0.018676190181018532 0.047073664150679907 0.11462036073207856 0.0041934296381665789 -0.0048178837562279251 0.0035441515104673756 0.00046896289602137999 0.040652084209061433 0.012722197610337905 0.035109417763829698 -0.057758597501864045 0.011637433145810432 0.14204531734188397 0.012364388720782183 0.017628048369217487
leaf_weight=20197 1059 15155 141 1641 5237 6355 802 531 1701 13845 7707 523 1450 3048 53 360 173 24 73 140 834 69 102 229 400 36 109 24 905 21
leaf_count=20197 1059 15155 141 1641 5237 6355 802 531 1701 13845 7707 523 1450 3048 53 360 173 24 73 140 834 69 102 229 400 36 109 24 905 21
internal_value=6.44974e-12 -0.00169835 0.0100632 -0.00351413 -0.00190572 -0.00316705 -0.00512016 -0.00194252 -0.00512725 0.000929335 0.0079946 0.0189523 -0.00817453 -0.00666827 0.0203 0.0211228 0.0240024 0.0414843 0.034349 0.0120978 0.000342183 0.0070992 0.0244378 0.0203632 0.0269589 0.0141526 -0.00559193 0.00892661 0.0157569 0.0839839
internal_weight=82944 70967 11977 41967 20968 15731 20999 12640 5280 29000 9716 2261 3091 4749 2120 2067 1567 270 246 500 7360 1005 171 1297 629 668 145 8657 950 45
internal_count=82944 70967 11977 41967 20968 15731 20999 12640 5280 29000 9716 2261 3091 4749 2120 2067 1567 270 246 500 7360 1005 171 1297 629 668 145 8657 950 45
is_linear=0
shrinkage=0.05


Tree=50
num_leaves=31
num_cat=0
split_feature=2 3 3 0 11 9 3 0 0 9 1 1 4 4 9 6 9 4 3 4 4 9 4 4 4 4 9 8 2 2
split_gain=513.333 130.579 74.4454 37.5979 26.4184 46.0647 50.414 34.0864 29.5328 35.1254 26.9742 26.2316 25.9246 41.4529 59.0258 42.4736 40.4967 80.5452 56.2498 38.2837 50.4472 32.1148 25.9427 25.3908 25.053 74.4312 57.8419 34.5408 23.9453 23.7827
threshold=0.39009691172712807 1.6783695057681489 -0.49250274579991932 1.8558287282042618 -0.76213734878520889 0.38504876088951162 0.55969477915055299 1.6656405814955708 -0.1736823839766192 -1.2514084728909125 -0.18478251449263597 -0.61259321683281442 0.67359155633079737 -0.72170523892585436 1.3476706631132906 1.7077461606570974 1.0588840924461571 -0.096227365190113864 3.6202699090239325 0.40896630205798407 -0.1683978890826997 1.1551462826685348 0.33679577816539868 -0.38490946076045524 -1.4193536365541799 -1.1547283822813665 0.77009752177902324 0.19793268244031401 1.5465420234017873 -1.2034679433490898
decision_type=2 2 2 2 2 2 2 2 2 2 2 2 2 2 2 2 2 2 2 2 2 2 2 2 2 2 2 2 2 2
left_child=2 24 29 -3 5 6 8 -6 -4 23 -8 -9 13 -5 15 16 17 -15 -18 20 -17 -22 -19 -10 28 26 27 -26 -2 -1
right_child=1 3 4 12 7 -7 10 11 9 -11 -12 -13 -14 14 -16 19 18 22 -20 -21 21 -23 -24 -25 25 -27 -28 -29 -30 -31
leaf_value=-0.010968321765255779 0.0080321496091889152 0.010404340010671129 -0.0006649398642025353 0.01274483718628412 -0.0020392503515722859 -0.0019330215817671141 0.038798884454937212 0.040240814609569499 0.014279890320505258 0.0096061382805298634 0.011850386683483073 0.006406236888014373 0.009965811176130511 0.094371646083891397 0.017599857447429545 0.060423091627243498 0.14762179008126261 -0.03091614787699655 0.061161938602545943 0.070448767561919798 -0.024264296673495805 0.032080095879188399 0.039616185951639307 -0.01061811866109668 -0.036867902364286755 0.0050735575961395295 0.0019018451089934892 -0.010313342478189175 0.026846804891452108 -0.0037288967920730814
leaf_weight=1182 779 3613 3473 638 20339 6272 105 64 135 1957 803 546 588 36 463 45 25 32 76 41 66 41 22 424 202 11615 623 311 216 28212
leaf_count=1182 779 3613 3473 638 20339 6272 105 64 135 1957 803 546 588 36 463 45 25 32 76 41 66 41 22 424 202 11615 623 311 216 28212
internal_value=1.31013e-12 0.00711125 -0.00217574 0.0134841 -0.000586836 0.001168 0.00398801 -0.00168997 0.00232352 0.00644869 0.0149667 0.00995609 0.0188517 0.0223702 0.0296204 0.0441139 0.0608297 0.0364402 0.0825629 0.0275714 0.0160058 -0.00267439 -0.00218075 -0.00460518 0.00447515 0.00387887 -0.00833619 -0.0207695 0.0121165 -0.00402001
internal_weight=82944 19432 63512 5686 34118 13169 6897 20949 5989 2516 908 610 2073 1485 847 384 191 90 101 193 152 107 54 559 13746 12751 1136 513 995 29394
internal_count=82944 19432 63512 5686 34118 13169 6897 20949 5989 2516 908 610 2073 1485 847 384 191 90 101 193 152 107 54 559 13746 12751 1136 513 995 29394
is_linear=0
shrinkage=0.05


Tree=51
num_leaves=31
num_cat=0
split_feature=2 2 2 0 9 3 2 2 9 4 6 8 11 9 0 6 1 11 4 4 4 9 7 7 4 4 9 9 9 4
split_gain=465.715 107.364 76.3223 30.306 27.6868 22.8582 25.5646 21.5886 24.0954 35.8257 21.8446 21.0045 20.3299 25.4732 20.2987 19.9315 19.6577 19.6042 25.8527 22.3208 40.8565 49.5311 25.3253 21.1925 34.9746 23.737 46.7706 23.1359 33.504 39.0111
threshold=0.8739712444562644 -0.38059948028597368 2.5083282097764625 -0.47344181750897113 -1.3476706631132902 -0.77985881568621018 -1.5003388811877232 0.12610267146840728 -1.2514084728909125 -0.38490946076045524 1.0000000180025095e-35 1.0152913959672809 -0.76213734878520889 0.19252438044475581 0.86494808874633555 1.7077461606570974 1.6346039638151819 1.0000000180025095e-35 -0.57736419114068327 0.67359155633079737 0.38490946076045557 1.4439328533356688 1.7010387896728181 -0.081021797575299523 -0.62547787373574071 -0.072170523892585409 1.1551462826685348 1.3476706631132906 1.0588840924461571 -0.096227365190113864
decision_type=2 2 2 2 2 2 2 2 2 2 2 2 2 2 2 2 2 2 2 2 2 2 2 2 2 2 2 2 2 2
left_child=1 5 4 -3 -2 6 -1 12 9 -9 16 17 13 -5 -6 -8 -10 18 -4 20 23 -22 -21 25 -25 -19 -27 28 29 -26
right_child=2 3 11 7 14 -7 15 8 10 -11 -12 -13 -14 -15 -16 -17 -18 19 -20 22 21 -23 -24 24 27 26 -28 -29 -30 -31
leaf_value=-0.020046599056758655 -0.033165040317662924 -0.001960066029182288 0.024335232291681073 0.006026980707110636 0.0042954368925192544 -0.0024893220341891224 -0.0050410197386302306 0.0091975990196260689 0.0019891328484678604 -0.01413831627345644 0.0062164572071493401 -0.0049754091018358029 -0.0017311380452308092 -0.00048976574409826681 0.0088900843871205677 0.0081879620299160696 -0.01839511045235525 0.018613942624651828 0.00010054092190073668 0.017648165732099041 0.057985662538558247 0.01057193408348775 -0.0060456080342417744 0.012279910669681066 0.063029854001731361 -0.053064838201562707 0.011050632138795938 0.022104376181785047 0.06870149955285168 -0.011744933696841268
leaf_weight=279 43 9360 168 2528 4021 22965 13206 256 5247 460 4631 109 7289 3686 5977 291 121 455 319 429 160 84 153 245 33 37 123 133 99 37
leaf_count=279 43 9360 168 2528 4021 22965 13206 256 5247 460 4631 109 7289 3686 5977 291 121 455 319 429 160 84 153 245 33 37 123 133 99 37
internal_value=-3.00023e-12 -0.00158751 0.00884216 0.000456162 0.00687002 -0.00345525 -0.00506548 0.00139001 0.00306585 -0.00579475 0.00370033 0.0165056 6.01841e-05 0.0021614 0.00704221 -0.0047558 0.00152965 0.0174516 0.00846076 0.0196541 0.0230628 0.0416629 0.0114194 0.0191571 0.0263169 0.0127889 -0.00377607 0.0377045 0.0499815 0.023506
internal_weight=82944 70319 12625 33578 10041 36741 13776 24218 10715 716 9999 2584 13503 6214 9998 13497 5368 2475 487 1988 1406 244 582 1162 547 615 160 302 169 70
internal_count=82944 70319 12625 33578 10041 36741 13776 24218 10715 716 9999 2584 13503 6214 9998 13497 5368 2475 487 1988 1406 244 582 1162 547 615 160 302 169 70
is_linear=0
shrinkage=0.05


Tree=52
num_leaves=31
num_cat=0
split_feature=3 2 2 4 9 6 5 8 4 4 5 0 5 5 0 0 4 5 0 4 3 0 4 4 4 4 3 0 7 0
split_gain=420.328 133.408 53.1035 40.4956 40.4864 39.0588 63.8413 62.4578 61.5714 48.8802 62.2317 47.4353 38.1417 60.6406 36.5916 195.249 33.8379 33.4229 34.0513 27.6075 26.8375 26.1059 27.8643 38.549 26.0051 31.547 25.6908 25.7414 46.0559 28.5822
threshold=0.26287226169537004 1.6955139360754061 -0.56561953865074621 -1.1547283822813665 0.77009752177902324 1.0000000180025095e-35 0.30505838731795659 0.74090168677562918 0.16839788908269929 0.67359155633079737 0.99864169796777091 0.67215999435049134 1.3816171070223859 1.2818148012906689 0.12195901544207187 -0.058025825971856182 -0.12028420648764233 1.0414542967587244 -0.63973862278828808 -1.4193536365541799 1.9952792160396153 1.6656405814955708 0.62547787373574038 0.072170523892585367 0.96227365190113923 -0.31273893686786985 2.8203810515138188 0.021646708491936072 1.7010387896728181 0.86494808874633555
decision_type=2 2 2 2 2 2 2 2 2 2 2 2 2 2 2 2 2 2 2 2 2 2 2 2 2 2 2 2 2 2
left_child=2 3 -1 4 19 24 -7 9 17 10 11 -8 13 14 15 -12 -13 -9 -19 -2 -10 -4 23 -23 25 -5 27 28 -3 -29
right_child=1 26 21 5 -6 6 7 8 20 -11 12 16 -14 -15 -16 -17 -18 18 -20 -21 -22 22 -24 -25 -26 -27 -28 29 -30 -31
leaf_value=-0.0040719552832862134 -0.0019317813022443357 0.014713684476131726 -0.0013020396369625951 0.0047690354965205057 0.0053881595830062266 -0.0009810587813195899 0.0029651629389628249 0.0074594359657670075 0.0087865836609403707 0.0054646587748531884 0.013689981363774079 0.0031070031766475613 0.0030849089298287656 0.058630579920524423 0.017101425387790067 0.10843869417503074 0.028657728675432877 -0.042968488267312449 -0.010147819742988805 -0.016894626166837064 0.067382888644933706 0.0071836830432201225 -0.0041040791472379034 0.039354905313900061 0.0070536957557433529 -0.0020564179823137486 0.017009228592939362 -0.0029872460439728942 0.070140756986678598 0.010548435121345949
leaf_weight=24718 670 185 32269 2802 842 1950 958 212 851 1560 205 187 172 144 636 74 422 96 447 571 20 766 461 106 2039 4277 1922 451 47 2884
leaf_count=24718 670 185 32269 2802 842 1950 958 212 851 1560 205 187 172 144 636 74 422 96 447 571 20 766 461 106 2039 4277 1922 451 47 2884
internal_value=-2.64694e-13 0.00547774 -0.00231282 0.00350661 -0.00307455 0.00431053 0.00687588 0.00943621 0.00107343 0.0125564 0.0165104 0.00990121 0.0249235 0.0284705 0.023724 0.0388205 0.0208121 -0.00937702 -0.0159504 -0.00881638 0.0101321 -0.00101878 0.00583822 0.0110944 0.00207831 0.000645224 0.0123492 0.00983826 0.0259424 0.00871797
internal_weight=82944 24624 58320 19135 2083 17052 7934 5984 1626 4358 2798 1567 1231 1059 915 279 609 755 543 1241 871 33602 1333 872 9118 7079 5489 3567 232 3335
internal_count=82944 24624 58320 19135 2083 17052 7934 5984 1626 4358 2798 1567 1231 1059 915 279 609 755 543 1241 871 33602 1333 872 9118 7079 5489 3567 232 3335
is_linear=0
shrinkage=0.05


Tree=53
num_leaves=31
num_cat=0
split_feature=3 2 2 4 6 6 5 8 4 4 5 0 2 1 11 6 0 5 4 5 4 4 0 4 0 7 4 2 0 1
split_gain=379.353 118.976 49.6789 33.7222 39.9041 34.7417 56.2355 58.4447 56.6047 42.5413 48.0664 42.9405 40.9648 46.9766 45.6358 32.6336 71.3477 41.7843 31.9603 30.419 27.9088 27.2693 23.4978 27.3428 31.0133 57.7233 39.046 28.4256 27.3715 23.7508
threshold=0.2762773063343496 1.7608667400725333 -0.4532149910409925 -1.1547283822813665 1.0000000180025095e-35 1.0000000180025095e-35 0.36482234569996347 0.74090168677562918 0.16839788908269929 0.67359155633079737 0.99864169796777091 0.75305586519458789 1.3919123727225957 1.5090210108706172 -0.76213734878520889 1.1133806251249947 0.12195901544207187 1.0414542967587244 -0.69764839762832598 1.0414542967587244 -0.12028420648764233 0.12028420648764231 1.6656405814955708 -0.64953471503326854 0.021646708491936072 1.7010387896728181 0.072170523892585367 3.1142813650749299 1.2149100099680183 2.9043329545264673
decision_type=2 2 2 2 2 2 2 2 2 2 2 2 2 2 2 2 2 2 2 2 2 2 2 2 2 2 2 2 2 2
left_child=2 3 -1 4 -2 -5 -7 9 18 10 11 -8 13 15 -15 21 17 -17 -9 -20 -13 -12 23 -3 25 -25 28 -28 29 -26
right_child=1 22 -4 5 -6 6 7 8 -10 -11 12 20 -14 14 -16 16 -18 -19 19 -21 -22 -23 -24 24 26 -27 27 -29 -30 -31
leaf_value=-0.0035216499712612537 0.0046503532346304005 0.015981753058702298 -0.00060206176415098346 0.0020533993561856947 -0.0091765706348421166 -0.0008686063625880521 0.0030415478683450737 0.0042711211051261804 0.0095474328310161984 0.0054716454010912399 0.0081727980926688641 0.0039262431663780002 0.011811856322325936 0.022058619270401619 0.10203815665362137 0.007715866570360959 0.022154441982672878 0.088417013205679851 0.0044271029384307025 -0.02442581983642246 0.028142666207074025 0.039367244208371767 0.015481197750840271 0.0070868574208633479 -0.035120852067614838 0.08164516259488222 0.0059347054784622622 0.039161726100000502 0.0010602287387725337 0.010132838832214476
leaf_weight=31628 1001 875 27016 9068 1090 1924 943 280 870 1619 284 173 523 31 42 20 234 81 123 355 381 93 2491 87 134 37 1205 68 231 37
leaf_count=31628 1001 875 27016 9068 1090 1924 943 280 870 1619 284 173 523 31 42 20 234 81 123 355 381 93 2491 87 134 37 1205 68 231 37
internal_value=8.65711e-13 0.00525301 -0.00217666 0.00343533 -0.00255737 0.00417052 0.00657751 0.00894471 0.000844931 0.0119254 0.0156504 0.00953225 0.0226525 0.029875 0.0680742 0.0259585 0.0373141 0.0724366 -0.00914343 -0.0170013 0.0205805 0.015868 0.011987 0.00873202 0.00520588 0.0293341 0.00341967 0.0077096 -0.0101651 -0.0253291
internal_weight=82944 24300 58644 19135 2091 17044 7976 6052 1628 4424 2805 1497 1308 785 73 712 335 101 758 478 554 377 5165 2674 1799 124 1675 1273 402 171
internal_count=82944 24300 58644 19135 2091 17044 7976 6052 1628 4424 2805 1497 1308 785 73 712 335 101 758 478 554 377 5165 2674 1799 124 1675 1273 402 171
is_linear=0
shrinkage=0.05


Tree=54
num_leaves=31
num_cat=0
split_feature=2 0 3 0 11 9 6 0 1 2 4 4 9 9 4 4 6 3 4 4 4 11 1 8 6 9 1 1 9 4
split_gain=343.4 79.7845 65.1807 31.7181 26.7918 40.4527 35.9874 29.5605 37.7961 27.9173 25.0086 32.8581 36.7142 49.0079 81.2912 46.9301 35.0919 40.2247 26.6288 23.608 53.557 23.706 22.678 22.2816 23.4767 22.1667 27.9045 22.1523 21.7531 21.5698
threshold=0.55865729442856826 1.9255171228095136 -0.43638204642907702 0.90431118045679149 -0.76213734878520889 0.38504876088951162 0.30811198432835407 1.6379983261343904 1.2084748473566986 -0.80144913113465421 0.67359155633079737 -0.72170523892585436 1.3476706631132906 1.0588840924461571 -0.12028420648764233 0.38490946076045557 1.7077461606570974 3.6202699090239325 0.33679577816539868 -1.1306715409838382 -1.4193536365541799 1.0000000180025095e-35 -1.0823603647649691 -1.7404918888887655 0.30811198432835407 1.2514084728909129 4.3806832468255656 -0.21570989834759666 -0.38504876088951151 0.38490946076045557
decision_type=2 2 2 2 2 2 2 2 2 2 2 2 2 2 2 2 2 2 2 2 2 2 2 2 2 2 2 2 2 2
left_child=2 3 22 19 5 6 9 8 27 -4 11 -3 13 14 -13 -16 17 -15 -18 20 -2 -22 23 -1 -25 26 -19 -6 -21 -10
right_child=1 10 4 -5 7 -7 -8 -9 29 -11 -12 12 -14 16 15 -17 18 25 -20 28 21 -23 -24 24 -26 -27 -28 -29 -30 -31
leaf_value=-0.016148883468314994 0.0094770502889153924 0.010668899834200912 0.02192568443986306 0.00744295874580488 -0.0029374581680634893 -0.0012977632770027111 0.010043295736541119 0.0091056083367272687 -0.035141129481769701 0.0014716311129168869 0.006498250684588769 0.05614294460309404 0.014547100673111059 0.12123034113967386 -0.0217698567277551 0.046827230162241246 0.014424453308616858 0.043480074581586654 0.067967630858932232 -0.0041582027744467001 -0.0053497803287246909 -0.025173725920512882 -0.0028520272128220356 -0.0040024390609480999 -0.043280731877073264 0.0084650694346055395 0.11714063167572022 0.00048940386041955116 0.005094486067465767 0.00027363212357158775
leaf_weight=619 428 623 172 7498 10461 6534 1892 665 131 5542 517 91 380 31 102 33 69 36 35 722 367 256 30175 1550 39 20 20 8587 5285 64
leaf_count=619 428 623 172 7498 10461 6534 1892 665 131 5542 517 91 380 31 102 33 69 36 35 722 367 256 30175 1550 39 20 20 8587 5285 64
internal_value=4.03496e-12 0.00645282 -0.001604 0.00517847 -7.65877e-05 0.00158765 0.00406638 -0.00125864 -0.00161681 0.00208733 0.0159314 0.0193181 0.0259136 0.0357974 0.0196185 -0.00500168 0.0531265 0.0732293 0.0324438 0.00277281 -0.0041405 -0.0134957 -0.00320995 -0.0081014 -0.00496648 0.05365 0.0697874 -0.0013926 0.00398238 -0.0235178
internal_weight=82944 16513 66431 14556 34048 14140 7606 19908 19243 5714 1957 1440 817 437 226 135 211 107 104 7058 1051 623 32383 2208 1589 76 56 19048 6007 195
internal_count=82944 16513 66431 14556 34048 14140 7606 19908 19243 5714 1957 1440 817 437 226 135 211 107 104 7058 1051 623 32383 2208 1589 76 56 19048 6007 195
is_linear=0
shrinkage=0.05


Tree=55
num_leaves=31
num_cat=0
split_feature=3 2 2 9 7 5 11 2 4 12 6 5 8 4 4 4 4 8 4 6 6 5 5 2 11 6 10 4 1 1
split_gain=311.43 71.5906 62.026 21.421 37.4913 26.0444 38.3032 29.4619 21.1638 48.2414 32.4674 39.7705 37.4192 33.6511 29.2779 22.9048 22.877 38.7137 21.2725 21.0782 20.7139 18.9087 52.6755 43.1905 32.1698 34.9436 46.9268 32.2673 19.6681 18.7325
threshold=0.65043800770794302 1.9215687388713503 -0.41942541309477815 0.2887865706671337 -0.67395931651126872 -0.36482234569996336 -0.76213734878520889 -0.0080750269164533151 -1.1547283822813665 1.0000000180025095e-35 1.0000000180025095e-35 0.30505838731795659 0.74090168677562918 0.16839788908269929 0.93821681060361073 -0.76981892152091091 -0.79387576281843952 1.0792073135794762 0.96227365190113923 -0.91243033262339701 0.30811198432835407 1.3816171070223859 1.224450581347845 1.5465420234017873 1.6942532296393515 1.1133806251249947 1.0000000180025095e-35 -0.52925050854562683 -0.18478251449263597 1.8398692159766912
decision_type=2 2 2 2 2 2 2 2 2 2 2 2 2 2 2 2 2 2 2 2 2 2 2 2 2 2 2 2 2 2
left_child=2 8 -1 5 -5 6 19 -8 9 -2 16 -12 14 15 21 -14 17 -10 29 -4 -7 22 28 24 25 -24 -27 -26 -13 -18
right_child=1 -3 3 4 -6 20 7 -9 10 -11 11 12 13 -15 -16 -17 18 -19 -20 -21 -22 -23 23 -25 27 26 -28 -29 -30 -31
leaf_value=-0.0030306957914020241 -0.0087293840904084843 0.011463302741214071 -0.029003967487749277 0.0062321773935148581 -0.00023915187997812127 -0.0013738597365395547 -0.0067573340169717333 -0.028663320288513646 0.0059885015076038507 0.010032237142964102 -0.0038904953760605407 0.042417285914690989 0.005990401853182877 0.0099578205876057826 0.004844233127374158 -0.01473657390670877 -0.00045927521970821672 0.039811908558229026 0.0068709585660806267 0.0057651556319517393 0.0020821824808326659 0.002240052606390772 0.018975200007527906 0.012002356665075891 0.029792596371128011 0.12080548720677263 0.035978110455575273 0.10066781916788646 0.011463338951831308 -0.02394334525057254
leaf_weight=34096 898 4505 46 3386 6602 11972 2200 165 846 554 647 53 212 594 1003 359 3545 94 1116 832 6797 258 138 175 26 23 56 42 1617 87
leaf_count=34096 898 4505 46 3386 6602 11972 2200 165 846 554 647 53 212 594 1003 359 3545 94 1116 832 6797 258 138 175 26 23 56 42 1617 87
internal_value=2.31976e-12 0.00606836 -0.00154684 3.42144e-05 0.00195467 -0.000837198 -0.00497476 -0.00828566 0.00409929 -0.00157102 0.00485526 0.00770965 0.00935699 0.00162616 0.012013 -0.00704109 0.00224427 0.00937084 0.000833359 0.00394354 -0.00012229 0.015024 0.0165724 0.0315542 0.0435598 0.0341561 0.0606747 0.0735685 0.0124457 -0.00102181
internal_weight=82944 16848 66096 32000 9988 22012 3243 2365 12343 1452 10891 5203 4556 1165 3391 571 5688 940 4748 878 18769 2388 2130 460 285 217 79 68 1670 3632
internal_count=82944 16848 66096 32000 9988 22012 3243 2365 12343 1452 10891 5203 4556 1165 3391 571 5688 940 4748 878 18769 2388 2130 460 285 217 79 68 1670 3632
is_linear=0
shrinkage=0.05


Tree=56
num_leaves=31
num_cat=0
split_feature=2 0 5 8 2 11 4 0 4 4 4 5 9 4 0 6 4 4 4 4 4 4 9 8 12 11 4 4 7 0
split_gain=280.491 79.3548 56.0953 33.4195 28.6089 26.4202 77.4874 33.7827 25.3886 24.0789 30.5455 34.2077 42.0596 81.5596 35.361 29.5217 34.5493 43.058 24.0325 23.712 23.3063 45.2062 40.111 26.6334 23.2642 25.6834 43.2485 104.483 54.202 43.3781
threshold=0.39009691172712807 1.9255171228095136 0.30505838731795659 -0.27754979391328816 1.6501068016329257 -0.76213734878520889 0.67359155633079737 0.79330981145986013 -0.81793260411596802 0.67359155633079737 -0.72170523892585436 1.3937669968154378 1.0588840924461571 -0.36085261946292729 2.415323570517228 1.7077461606570974 -0.14434104778517126 0.12028420648764231 0.33679577816539868 0.86604628671102535 -1.1306715409838382 -1.4193536365541799 0.77009752177902324 0.37100531152820115 -1.0444659357341868 1.0801555850332116 -1.4193536365541799 -0.84198944541349652 1.7010387896728181 1.6656405814955708
decision_type=2 2 2 2 2 2 2 2 2 2 2 2 2 2 2 2 2 2 2 2 2 2 2 2 2 2 2 2 2 2
left_child=2 4 3 8 20 6 7 -4 -1 10 -3 12 13 -12 -15 16 -14 -18 -17 -8 21 -2 23 -23 -5 -26 29 28 -28 -27
right_child=1 9 5 24 -6 -7 19 -9 -10 -11 11 -13 15 14 -16 18 17 -19 -20 -21 -22 22 -24 -25 25 26 27 -29 -30 -31
leaf_value=-0.0080805251518396501 0.0065450882258428454 0.0097422219048012206 0.006514877317889663 -0.0037220317159207686 0.0079125759833935001 -0.00057368906785110131 -0.012532527470450382 0.027321964445144155 -0.0032803166270811432 0.0054877241183208187 0.090562998089829802 0.013246580515972854 0.02589166066476277 0.015954248364684145 -0.041366484609898183 0.013130064897131231 0.14140810693303746 0.060918183657944339 0.063996084827397548 -0.0007720448746803306 0.0039609986189069381 -0.027073856201424176 0.0015156043135869336 -0.0061267884605554447 -0.0013392071382097382 -0.025969178214963563 0.035734577796952383 0.00063695248018303698 -0.006841245982595669 0.014256682026268896
leaf_weight=3754 903 635 3680 9373 3963 11900 634 206 10347 521 34 380 35 169 32 69 24 54 35 1323 11429 322 540 287 19920 212 381 1591 93 98
leaf_count=3754 903 635 3680 9373 3963 11900 634 206 10347 521 34 380 35 169 32 69 24 54 35 1323 11429 322 540 287 19920 212 381 1591 93 98
internal_value=3.36834e-12 0.00525661 -0.0016083 -0.0025335 0.00417796 0.000778286 0.00353175 0.00761788 -0.00455824 0.0147214 0.0180008 0.0243039 0.0335998 0.0189433 0.00682856 0.049472 0.0671645 0.0856843 0.0302484 -0.00458203 0.00308009 -0.00182628 -0.00840535 -0.0172022 -0.00163193 -0.000753231 0.00416157 0.0067758 0.0273811 -0.0132526
internal_weight=82944 19432 63512 45769 17444 17743 5843 3886 14101 1988 1467 832 452 235 201 217 113 78 104 1957 13481 2052 1149 609 31668 22295 2375 2065 474 310
internal_count=82944 19432 63512 45769 17444 17743 5843 3886 14101 1988 1467 832 452 235 201 217 113 78 104 1957 13481 2052 1149 609 31668 22295 2375 2065 474 310
is_linear=0
shrinkage=0.05


Tree=57
num_leaves=31
num_cat=0
split_feature=3 3 6 5 0 3 0 0 0 0 0 5 0 0 4 4 6 5 5 2 12 4 12 1 5 4 2 1 6 4
split_gain=256.652 83.2747 39.725 37.3173 33.2392 24.4625 24.3206 24.2659 41.5758 40.9073 24.1859 23.9023 42.4059 28.9529 22.2805 33.5452 22.6975 25.7386 22.2536 22.1552 21.8986 22.0046 21.5761 33.3324 22.0484 21.313 24.735 30.1027 42.3705 21.5152
threshold=0.26287226169537004 1.6783695057681489 -0.50537016327275397 -0.24472827403648004 1.6656405814955708 -1.1072363896695336 0.30657967186768692 0.90431118045679149 0.27154823262667721 -1.1242459101625819 0.32328236628117729 1.082299156171467 -1.0130311042508209 -0.35071809734617093 0.62547787373574038 0.072170523892585367 1.7077461606570974 -1.3293991099845879 1.3494002584220433 3.1142813650749299 -1.0444659357341868 -0.21651157167775612 -1.0444659357341868 -0.92055808308111831 -0.99864169796777025 0.98633049319866772 1.6501068016329257 0.77499781531213152 -0.89145085320788475 -0.24056841297528506
decision_type=2 2 2 2 2 2 2 2 2 2 2 2 2 2 2 2 2 2 2 2 2 2 2 2 2 2 2 2 2 2
left_child=2 25 5 4 22 6 -1 8 9 -3 -10 20 -13 -14 15 16 -6 -18 -12 -9 21 -5 23 -4 -25 26 -2 -28 -29 -30
right_child=1 7 3 11 14 -7 -8 19 10 -11 18 12 13 -15 -16 -17 17 -19 -20 -21 -22 -23 -24 24 -26 -27 27 28 29 -31
leaf_value=-0.0048944432865677149 0.0013003286481929582 -0.010136515001455943 -0.040117180203752857 0.011913293052466098 -0.0013316126191981197 -0.0026994671645149833 -0.015354205336862634 0.0089001890297362423 -0.059700477974755431 0.035980442935885835 0.0039762982772005061 0.054767375273836988 -0.01253637525414739 0.01748537408841893 -0.0028830048796854978 0.035353015065029789 0.0044347508354030457 0.030619297840748919 -0.018287881850127273 0.016718930213828569 0.00021976924694859957 0.0010188012356809892 -0.0016561829431378195 -0.0088270073083951059 -0.00092753176442303203 0.0061611699130623273 0.065792975291285832 -0.019979465149032576 0.018310086815405299 0.0028639080664540767
leaf_weight=2205 14200 75 70 877 441 23562 743 3958 21 134 283 54 122 235 531 114 227 160 186 1175 9438 983 14988 1966 1604 3531 23 120 520 398
leaf_count=2205 14200 75 70 877 441 23562 743 3958 21 134 283 54 122 235 531 114 227 160 186 1175 9438 983 14988 1966 1604 3531 23 120 520 398
internal_value=2.32868e-12 0.00428035 -0.00180726 -0.000615974 -0.00192303 -0.00323671 -0.00753067 0.00949981 0.00075991 0.0194313 -0.00720401 0.00162787 0.0134722 0.00722584 0.00530747 0.00992439 0.00642335 0.0152604 -0.00485342 0.01069 0.00119699 0.00615561 -0.00249478 -0.00594776 -0.00527778 0.00266052 0.00185056 0.00921469 0.00796103 0.0116134
internal_weight=82944 24624 58320 31810 20101 26510 2948 5832 699 209 490 11709 411 357 1473 942 828 387 469 5133 11298 1860 18628 3640 3570 18792 15261 1061 1038 918
internal_count=82944 24624 58320 31810 20101 26510 2948 5832 699 209 490 11709 411 357 1473 942 828 387 469 5133 11298 1860 18628 3640 3570 18792 15261 1061 1038 918
is_linear=0
shrinkage=0.05


Tree=58
num_leaves=31
num_cat=0
split_feature=2 5 4 6 0 0 0 4 0 5 1 5 4 4 5 8 1 11 1 5 4 7 0 4 6 4 4 4 4 4
split_gain=231.069 65.1436 42.6896 43.9293 40.8744 35.3835 34.2599 38.359 28.3339 98.9589 27.9744 26.948 41.9024 31.9028 23.8902 23.694 22.7164 21.5689 24.5452 21.4211 31.0716 20.4084 53.5328 33.1125 19.6422 19.1866 25.1182 24.3606 18.9474 28.3619
threshold=0.8739712444562644 0.36482234569996347 -1.1306715409838382 1.0000000180025095e-35 1.9255171228095136 1.6656405814955708 -0.12700209531285983 0.55330734984315499 0.021646708491936072 1.1210959212062968 -0.202238019529145 0.95394520574413566 0.072170523892585367 -0.57736419114068327 0.90745195762283271 -0.27754979391328816 -0.61259321683281442 1.0801555850332116 -0.46647926253777777 0.90745195762283271 1.5396378430418227 1.7010387896728181 0.1314169962933068 -0.28868209557034147 1.7077461606570974 -1.1306715409838382 -0.43302314335551256 -1.4674673191492369 0.67359155633079737 -0.72170523892585436
decision_type=2 2 2 2 2 2 2 2 2 2 2 2 2 2 2 2 2 2 2 2 2 2 2 2 2 2 2 2 2 2
left_child=1 5 -3 -4 14 15 11 8 9 -8 -10 -5 13 -13 -2 17 24 -1 -19 -9 -21 -16 23 -23 -7 27 -27 -24 29 -6
right_child=4 2 3 6 28 16 7 19 10 -11 -12 12 -14 -15 21 -17 -18 18 -20 20 -22 22 25 -25 -26 26 -28 -29 -30 -31
leaf_value=-0.0034243235262337497 -0.0020465088420607378 -0.0035500760515417029 0.00064371016515017308 0.0043954292040476088 0.0078701831939631747 0.0075232228718232364 0.014379157251286356 -0.0013477051326602691 0.034218086278801706 0.082616058069688747 0.0088695481920103535 0.031059524484656077 0.022189084053890588 -0.020236472047393469 0.0050316726133483028 -0.0016627143551055737 0.0031919358069077463 -0.0084141766324386177 -0.042406604350967846 0.018546362960384408 -0.011917806333534557 0.0837344852486262 0.029979603316088944 0.011602967750066175 0.050191502394724863 0.02920681871963959 0.0076665792753238329 -0.02301296937431014 0.0047922757692226148 0.022261142537836225
leaf_weight=12877 1074 4011 13250 1335 606 60 291 916 119 65 1275 33 87 372 8639 31717 1785 1542 55 372 108 41 29 26 49 171 649 86 517 787
leaf_count=12877 1074 4011 13250 1335 606 60 291 916 119 65 1275 33 87 372 8639 31717 1785 1542 55 372 108 41 29 26 49 171 649 86 517 787
internal_value=1.1798e-12 -0.00111822 0.00111981 0.00214768 0.00622829 -0.00215306 0.00615483 0.00931743 0.0142486 0.0268381 0.0110334 0.000709001 -0.00929381 -0.0160568 0.00502713 -0.00242771 0.00454508 -0.00410405 -0.00958486 0.00313584 0.0116919 0.00581513 0.0125699 0.0557432 0.0267044 0.00947622 0.0121585 -0.00964962 0.0129667 0.0160006
internal_weight=82944 70319 22234 18223 12625 48085 4973 3146 1750 356 1394 1827 492 405 10715 46191 1894 14474 1597 1396 480 9641 1002 67 109 935 820 115 1910 1393
internal_count=82944 70319 22234 18223 12625 48085 4973 3146 1750 356 1394 1827 492 405 10715 46191 1894 14474 1597 1396 480 9641 1002 67 109 935 820 115 1910 1393
is_linear=0
shrinkage=0.05


Tree=59
num_leaves=31
num_cat=0
split_feature=3 3 6 5 12 1 11 10 5 7 4 5 5 4 11 12 5 8 3 4 4 5 4 5 12 4 2 4 2 1
split_gain=209.236 68.6806 34.6673 32.7903 25.9868 30.0825 25.941 24.0725 28.3558 24.0344 33.8389 28.5162 23.1167 26.5762 22.2272 36.8404 21.9312 22.2366 20.892 20.8852 55.5372 31.2921 43.8699 19.8986 19.5596 19.7321 19.1192 18.694 21.3644 27.1911
threshold=0.26287226169537004 1.6783695057681489 -0.50537016327275397 -0.24472827403648004 -1.0444659357341868 -0.92055808308111831 1.0801555850332116 1.0000000180025095e-35 -0.95394520574413588 -0.17427846833443938 0.60142103243821199 -1.3293991099845879 -0.85925218225375766 -0.81793260411596802 1.6942532296393515 -1.0444659357341868 1.1210959212062968 0.74090168677562918 -1.1072363896695336 -1.1306715409838382 -0.52925050854562683 1.366818105386481 -0.64953471503326854 -0.99864169796777025 -1.0444659357341868 -0.24056841297528506 3.1142813650749299 0.98633049319866772 1.6501068016329257 0.77499781531213152
decision_type=2 2 2 2 2 2 2 2 2 2 2 2 2 2 2 2 2 2 2 2 2 2 2 2 2 2 2 2 2 2
left_child=2 27 18 4 5 -4 7 12 -9 10 11 -8 -6 -14 15 -3 24 -18 -1 -17 21 22 -21 -7 25 -5 -16 28 -2 -30
right_child=1 14 3 16 6 23 9 8 -10 -11 -12 -13 13 -15 26 19 17 -19 -20 20 -22 -23 -24 -25 -26 -27 -28 -29 29 -31
leaf_value=-0.0069353918220058739 0.0011237932905408048 -0.022812473256993343 -0.038028185420802663 0.011445302989754552 -0.00065483802655272869 -0.0083025212769763899 2.1276220566225956e-05 -0.00075986010344234552 0.0091965891836314848 -1.1482757186139671e-05 -0.006943730684847796 0.022077406632809382 -0.010656653610466502 -0.0028844660111124513 0.0087188672246729312 -0.0087606036895007452 -0.00052841943354629307 0.028868288414756933 -0.0024706663844479616 0.025553822617878766 0.0025589009159707778 -0.0012399584426020739 0.091101175599864553 -0.00079801945011991342 0.00034155333706856585 0.0011710411278917222 0.016729640751613983 0.0056722406958219411 0.062251743342241518 0.0072876807116293088
leaf_weight=2948 14200 118 70 869 5028 1966 208 3106 929 1517 219 496 1647 3311 2861 212 115 146 23562 289 1221 96 28 1604 9568 1011 1007 3531 23 1038
leaf_count=2948 14200 118 70 869 5028 1966 208 3106 929 1517 219 496 1647 3311 2861 212 115 146 23562 289 1221 96 28 1604 9568 1011 1007 3531 23 1038
internal_value=-3.30545e-12 0.00386479 -0.0016318 -0.00051893 -0.00174414 -0.00556724 -0.000898747 -0.00172677 0.00153247 0.00385931 0.0102212 0.0155608 -0.00304371 -0.00546631 0.00860487 0.00427299 0.00158441 0.0159157 -0.00296716 0.00600435 0.00791999 0.0237696 0.0313435 -0.00493075 0.00125768 0.00592015 0.0108044 0.00239373 0.00163517 0.00847917
internal_weight=82944 24624 58320 31810 20101 3640 16461 14021 4035 2440 923 704 9986 4958 5832 1964 11709 261 26510 1846 1634 413 317 3570 11448 1880 3868 18792 15261 1061
internal_count=82944 24624 58320 31810 20101 3640 16461 14021 4035 2440 923 704 9986 4958 5832 1964 11709 261 26510 1846 1634 413 317 3570 11448 1880 3868 18792 15261 1061
is_linear=0
shrinkage=0.05


Tree=60
num_leaves=31
num_cat=0
split_feature=3 3 5 0 4 4 4 8 10 5 12 5 0 4 8 4 3 1 4 6 2 3 4 2 2 3 5 5 8 4
split_gain=189.767 44.6091 42.4142 34.0176 27.4048 29.2823 55.3188 32.7594 31.6813 22.8432 25.7445 23.4893 22.46 21.4936 20.2038 22.6495 23.5207 19.495 18.7842 26.1679 53.3593 17.9484 20.5559 29.2498 18.3347 17.9405 17.1624 25.3287 17.1297 23.5112
threshold=0.68510927030695279 2.8203810515138188 0.30505838731795659 1.6656405814955708 -1.1306715409838382 0.67359155633079737 0.96227365190113923 0.19793268244031401 1.0000000180025095e-35 0.80943899875565395 0.34815531191139576 1.1922423828011943 -1.1393166857209629 1.5636946843393513 -0.27754979391328816 -0.81793260411596802 -1.5868423785307526 -0.87129242424561804 -0.096227365190113864 -0.89145085320788475 -0.1016359671750257 -0.061447136000544265 -0.50519366724809844 -0.48423392821982103 1.2692868776987039 0.14667010871090511 0.90745195762283271 1.3494002584220433 0.37100531152820115 -1.4193536365541799
decision_type=2 2 2 2 2 2 2 2 2 2 2 2 2 2 2 2 2 2 2 2 2 2 2 2 2 2 2 2 2 2
left_child=2 -2 3 14 28 7 -7 8 -6 -8 13 -12 -9 -11 15 16 -1 -5 19 20 -10 -14 23 -23 -25 -13 -24 -28 29 -4
right_child=1 -3 4 17 5 6 9 12 18 10 11 25 21 -15 -16 -17 -18 -19 -20 -21 -22 22 26 24 -26 -27 27 -29 -30 -31
leaf_value=-0.027598080638606061 0.0038855249586086586 0.011959587024533971 -0.00085583124777646876 0.04220480497323853 0.0034801182940942844 -0.0085219955800216584 -0.0018578438485293499 -0.0042333215365358357 0.023261282685438568 0.013867309066598936 0.0061194795058166713 -0.018396112194136342 0.0069056619215663306 -0.0040834696268665103 -0.0015638360773820679 -0.0026455541118459444 -0.0064163827233359397 0.003983677027101111 0.016676030975263219 0.012536316008918219 -0.034778751633741493 0.04946875627103605 0.0047011377469296824 0.002848754883251689 0.039387814353944534 -0.00041112252448541401 -0.010367288960119505 0.0072692059698433193 0.0010281340078162747 -0.010831986765926834
leaf_weight=136 14256 1944 1213 34 2732 1770 2238 1568 66 934 805 218 1615 203 30514 10314 3608 1779 966 355 99 38 499 741 36 381 901 263 1567 1151
leaf_count=136 14256 1944 1213 34 2732 1770 2238 1568 66 934 805 218 1615 203 30514 10314 3608 1779 966 355 99 38 499 741 36 381 901 263 1567 1151
internal_value=-5.73359e-12 0.00485441 -0.00117826 -0.0020133 0.000724268 0.00162162 -0.00097106 0.00334037 0.00667598 0.00182558 0.00506978 0.000540734 0.000855015 0.0106624 -0.00228639 -0.00385474 -0.0071858 0.00470045 0.0125515 0.0048895 -0.0115627 0.00280432 0.000131333 0.00663644 0.00454168 -0.00695658 -0.00305668 -0.00638241 -0.00302586 -0.00571309
internal_weight=82944 16200 66744 46385 20359 16428 6549 9879 4218 4779 2541 1404 5661 1137 44572 14058 3744 1813 1486 520 165 4093 2478 815 777 599 1663 1164 3931 2364
internal_count=82944 16200 66744 46385 20359 16428 6549 9879 4218 4779 2541 1404 5661 1137 44572 14058 3744 1813 1486 520 165 4093 2478 815 777 599 1663 1164 3931 2364
is_linear=0
shrinkage=0.05


Tree=61
num_leaves=31
num_cat=0
split_feature=2 11 0 5 5 6 3 3 2 12 0 9 6 0 3 5 6 8 1 5 2 0 0 0 5 2 7 0 3 9
split_gain=172.057 49.9503 41.8327 41.3625 34.0831 34.0211 33.8324 31.4007 26.997 24.8059 22.4715 22.1575 19.4533 19.1782 24.6441 20.9483 18.0195 17.2957 17.2918 17.0017 22.1432 20.1589 16.628 14.9242 14.9122 14.7185 14.5722 13.9893 19.3386 17.6363
threshold=0.8739712444562644 -0.76213734878520889 1.6379983261343904 -0.24472827403648004 0.36482234569996347 -0.91243033262339701 1.7801869735868745 2.8203810515138188 -0.48423392821982103 0.69631062382279152 1.4721067524514158 -1.3476706631132902 1.7077461606570974 1.7273137874825626 0.022695210850758592 -1.2818148012906687 1.7077461606570974 -0.27754979391328816 -0.3946156543864327 -1.2818148012906687 -0.2427789396635455 0.20345515022130037 -1.1080731484177919 1.7871021164344347 -1.0414542967587235 -1.5003388811877232 -0.67395931651126872 0.86494808874633555 2.2740615210686115 0.38504876088951162
decision_type=2 2 2 2 2 2 2 2 2 2 2 2 2 2 2 2 2 2 2 2 2 2 2 2 2 2 2 2 2 2
left_child=1 4 3 17 16 -6 13 11 -7 10 22 -2 -10 14 -4 23 -1 25 -17 21 -21 -19 -5 -15 -18 -3 -23 28 29 -13
right_child=7 2 6 9 5 8 -8 -9 12 -11 -12 27 -14 15 -16 18 24 19 -20 20 -22 26 -24 -25 -26 -27 -28 -29 -30 -31
leaf_value=-0.0011788520944491969 -0.031508636639215229 -0.018079285613722667 0.049582931479173052 -0.0027637423248993791 -0.0014741543509466451 0.018353297378441585 0.070606562637147458 0.011221201320485902 0.0039386315826580431 -0.0028770252722380338 -0.016779784305508458 -0.0017850729610377548 0.017162593095461913 0.041884372899574897 0.0054902683962646829 0.0045307769926413053 0.0012335650223949987 0.025517498040042053 -0.01659692767368242 -0.0025154950376155005 -0.0092258824288637842 0.0068719953898393905 0.0016203237103895379 0.0081736769634496668 0.012782045787191229 -0.0050732905093857335 -0.0032967526984882065 0.0059223540932356825 -0.017485098491138048 0.0051516791829980561
leaf_weight=11880 43 224 56 2625 2481 381 21 1943 5471 7541 183 1387 293 35 73 220 828 89 173 14189 1346 610 12285 530 422 7529 834 6431 121 2700
leaf_count=11880 43 224 56 2625 2481 381 21 1943 5471 7541 183 1387 293 35 73 220 828 89 173 14189 1346 610 12285 530 422 7529 834 6431 121 2700
internal_value=1.01399e-12 -0.000964924 -0.00185687 -0.00208111 0.00102605 0.00346767 0.007747 0.00537446 0.0054629 -0.000535279 0.000634741 0.00431097 0.00461084 0.0065326 0.0246313 0.00409552 -0.000578016 -0.00349073 -0.00476971 -0.00260118 -0.0030969 0.00242236 0.000848481 0.010262 0.00513233 -0.00544906 0.00099891 0.00445574 0.00221434 0.00279756
internal_weight=82944 70319 48563 47455 21756 8626 1108 12625 6145 22634 15093 10682 5764 1087 129 958 13130 24821 393 17068 15535 1533 14910 565 1250 7753 1444 10639 4208 4087
internal_count=82944 70319 48563 47455 21756 8626 1108 12625 6145 22634 15093 10682 5764 1087 129 958 13130 24821 393 17068 15535 1533 14910 565 1250 7753 1444 10639 4208 4087
is_linear=0
shrinkage=0.05


Tree=62
num_leaves=31
num_cat=0
split_feature=2 11 0 5 9 6 9 4 4 6 3 2 4 2 5 4 0 1 0 9 3 1 8 4 3 0 4 6 6 8
split_gain=155.282 45.0802 37.754 37.3297 31.1129 43.7943 47.2485 40.1786 39.6027 39.421 30.5337 28.4224 28.0749 26.4887 25.1525 21.758 28.4713 20.3193 25.8964 19.7759 19.4242 18.9421 18.0083 17.9999 18.8039 29.5959 17.004 19.5646 15.9468 15.6093
threshold=0.8739712444562644 -0.76213734878520889 1.6379983261343904 -0.24472827403648004 0.38504876088951162 -0.91243033262339701 -1.1551462826685344 0.64953471503326898 1.0103873344961962 1.0000000180025095e-35 1.7801869735868745 2.5083282097764625 -0.38490946076045524 -0.62213468932412297 0.70535813777133538 -0.12028420648764233 0.75305586519458789 0.95228406550261491 -1.1393166857209629 -1.3476706631132902 0.42498978228107781 0.3240128706087485 1.0792073135794762 0.62547787373574038 0.52326204651529706 1.7273137874825626 -0.81793260411596802 -1.0580783826696147 -0.91243033262339701 -0.27754979391328816
decision_type=2 2 2 2 2 2 2 2 2 2 2 2 2 2 2 2 2 2 2 2 2 2 2 2 2 2 2 2 2 2
left_child=1 4 3 29 5 -1 12 15 14 -10 23 19 -7 26 -9 -8 20 18 -5 -2 -17 -14 -22 24 25 -4 27 -6 -28 -3
right_child=11 2 10 17 13 6 7 8 9 -11 -12 -13 21 -15 -16 16 -18 -19 -20 -21 22 -23 -24 -25 -26 -27 28 -29 -30 -31
leaf_value=-0.0029991428519005477 -0.029933204298275846 -0.0051766072293933443 0.046162513310029629 -0.0028953308063045737 0.027241936660018465 0.005910050124546349 0.005659962092024972 -0.014715873413863141 0.00030845134224415761 0.018806515836828571 0.067076234271128979 0.0097822953838869759 -0.0037580714178469879 0.00043489552576095092 0.00084053027718043152 0.014332199096193541 0.028120699380925027 -0.007997001229248615 0.00089850166851791606 0.0040477668389256411 0.0066224067928033039 -0.021634005382154667 -0.020588010776302089 -0.0055975733641871672 -0.0063273822696258628 0.0099468346032798999 -0.010080681211270025 -0.014867164553550022 -0.0001280943626581662 -0.0024711195437886161
leaf_weight=2457 43 7753 62 6352 29 785 1696 432 707 486 21 2584 1257 8406 652 1344 279 871 15411 9998 512 168 69 249 150 626 576 565 1336 17068
leaf_count=2457 43 7753 62 6352 29 785 1696 432 707 486 21 2584 1257 8406 652 1344 279 871 15411 9998 512 168 69 249 150 626 576 565 1336 17068
internal_value=5.71497e-12 -0.000916678 -0.00176403 -0.00197705 0.000974749 0.00287149 0.00459131 0.00683606 0.00155855 0.00784413 0.00735965 0.00510573 -0.00168281 -0.000910173 -0.00535907 0.00991732 0.0131934 -0.000508515 -0.00020881 0.00390225 0.0110299 -0.00586555 0.00339088 0.00620597 0.00971323 0.0132105 -0.005422 -0.0128113 -0.00312636 -0.0033162
internal_weight=82944 70319 48563 47455 21756 10844 8387 6177 2277 1193 1108 12625 2210 10912 1084 3900 2204 22634 21763 10041 1925 1425 581 1087 838 688 2506 594 1912 24821
internal_count=82944 70319 48563 47455 21756 10844 8387 6177 2277 1193 1108 12625 2210 10912 1084 3900 2204 22634 21763 10041 1925 1425 581 1087 838 688 2506 594 1912 24821
is_linear=0
shrinkage=0.05


Tree=63
num_leaves=31
num_cat=0
split_feature=5 6 4 4 5 5 4 2 5 4 3 4 8 2 4 6 6 10 4 1 4 5 2 2 4 5 12 11 4 5
split_gain=142.043 59.0717 86.2299 88.6882 69.9709 114.268 109.531 46.3772 73.2573 37.4876 29.3981 27.8938 50.7364 44.5965 41.0517 40.8494 27.6721 26.9424 25.1355 23.0556 24.2983 22.9021 23.8645 23.6182 22.7434 22.5935 21.7545 21.7063 20.7475 29.36
threshold=0.85925218225375766 1.1133806251249947 -1.1306715409838382 -0.26462525427281347 1.366818105386481 1.0414542967587244 -0.64953471503326854 2.2215774627024731 1.1922423828011943 0.96227365190113923 3.3794542420997158 -0.48113682595056956 1.0792073135794762 -0.47850146518390152 0.096227365190113837 1.0000000180025095e-35 -0.50537016327275397 1.0000000180025095e-35 0.67359155633079737 2.2016679155160426 -1.0585010170912528 1.3068553720381473 2.413567648051397 0.31031317655469998 -0.024056841297528036 1.2818148012906689 0.34815531191139576 -0.76213734878520889 1.2750125887690096 1.4032428797398568
decision_type=2 2 2 2 2 2 2 2 2 2 2 2 2 2 2 2 2 2 2 2 2 2 2 2 2 2 2 2 2 2
left_child=16 9 25 4 5 -4 -7 8 -8 11 -5 12 -2 -14 21 -16 27 -9 -17 20 -15 23 24 -13 -23 -3 -11 -1 29 -12
right_child=1 2 3 10 -6 6 7 17 -10 26 28 14 13 19 15 18 -18 -19 -20 -21 -22 22 -24 -25 -26 -27 -28 -29 -30 -31
leaf_value=-0.00028192405748331262 0.0015397803033643897 -0.014417998293380139 0.00047012771212570528 0.0037697375292243952 0.0035620293131012762 0.022939532891558929 0.060842380131471835 0.064644389634486293 0.1369844715214438 0.0096845127868138391 0.030488944589316648 -0.0067743833283661599 0.063553053291980174 0.0062668973130224764 -0.00092665849665217253 0.014754107027069686 -0.0004410926714006873 0.017803587163088181 -0.00047972717656209356 -0.032712550062154025 0.02423085629981557 0.0042507314425271293 -0.029517896873328616 -0.022456887727208413 -0.012025180412971886 0.0020399518832443331 0.0025699560235953904 -0.0036254753306250763 -0.000128286041538505 -0.00015027015942219155
leaf_weight=6836 6198 431 237 2245 349 357 106 64 45 2137 298 1583 44 470 3648 809 35075 59 407 28 314 1032 68 283 271 404 2161 16743 136 106
leaf_count=6836 6198 431 237 2245 349 357 106 64 45 2137 298 1583 44 470 3648 809 35075 59 407 28 314 1032 68 283 271 404 2161 16743 136 106
internal_value=1.16464e-12 0.00321531 0.00816014 0.0112095 0.0224694 0.0300715 0.0411896 0.0649681 0.0835337 0.00198578 0.00628919 0.00081688 0.00311566 0.0145261 -0.0011848 0.00171883 -0.00133154 0.042176 0.00965528 0.0118694 0.0134616 -0.00554786 -0.000641346 -0.00915281 0.000865642 -0.00645511 0.00610737 -0.00265612 0.0167636 0.0224499
internal_weight=82944 24290 4837 4002 1217 868 631 274 151 19453 2785 15155 7054 856 8101 4864 58654 123 1216 812 784 3237 1371 1866 1303 835 4298 23579 540 404
internal_count=82944 24290 4837 4002 1217 868 631 274 151 19453 2785 15155 7054 856 8101 4864 58654 123 1216 812 784 3237 1371 1866 1303 835 4298 23579 540 404
is_linear=0
shrinkage=0.05


Tree=64
num_leaves=31
num_cat=0
split_feature=5 6 0 5 4 4 0 2 4 2 2 11 12 0 5 4 5 4 4 4 8 2 0 4 6 0 8 5 2 2
split_gain=128.194 53.3123 81.7748 142.382 60.71 50.1231 45.0998 41.6035 33.8326 29.2903 27.3282 25.3687 31.2831 32.6781 26.3694 37.4751 26.1182 88.5671 35.2231 25.1742 45.7896 40.4336 39.1765 37.0491 36.8666 32.9268 36.3898 52.2244 58.2966 30.4124
threshold=0.85925218225375766 1.1133806251249947 0.041510661571337822 1.1210959212062968 -1.1306715409838382 0.96227365190113923 0.43545882703510586 2.1237758111861962 0.96227365190113923 1.3919123727225957 0.9452029766701463 -0.76213734878520889 0.69631062382279152 0.2572883657619281 -1.2543280627515025 -0.81793260411596802 0.36482234569996347 0.67359155633079737 -0.12028420648764233 -0.48113682595056956 1.0792073135794762 -0.49486541882725726 -1.2353467622038854 0.096227365190113837 1.0000000180025095e-35 1.1484874343550735 -1.0174668528432229 1.3816171070223859 1.5009240506625152 1.6501068016329257
decision_type=2 2 2 2 2 2 2 2 2 2 2 2 2 2 2 2 2 2 2 2 2 2 2 2 2 2 2 2 2 2
left_child=11 8 3 -3 -4 6 9 10 19 -6 -5 16 -13 14 15 -14 -1 18 -18 20 22 -22 -2 25 -25 29 27 28 -27 -21
right_child=1 2 4 7 5 -7 -8 -9 -10 -11 -12 12 13 -15 -16 -17 17 -19 -20 23 21 -23 -24 24 -26 26 -28 -29 -30 -31
leaf_value=-0.00064828989153655045 0.015469651061560742 0.0027153680725446484 -0.0061323543164313044 0.074570076319981707 0.0054131610616310385 -0.00030247962619219231 0.014429507662458724 0.033172189322067426 0.0058020020620283101 -0.033435182981365538 0.1378599633017312 -0.0010326173607892043 0.038720542566022947 -0.011703704304509914 -0.0035301544239687323 -0.0018914984977598508 -0.00096616956904907892 -0.0070994252735892818 0.013116744011029899 -0.006566565715153099 0.077782157746454084 0.011954117978818712 0.00033462371848800118 -0.00088032557525616741 0.0091725184449124326 0.11606854918812003 -0.0018062043323330932 0.0036843357474036554 0.014038602595350572 -0.035087104655379793
leaf_weight=13268 462 176 835 66 121 1073 2414 48 4298 81 23 29329 90 1246 10994 154 588 1172 1813 2569 24 832 5736 3648 1216 28 424 91 28 97
leaf_count=13268 462 176 835 66 121 1073 2414 48 4298 81 23 29329 90 1246 10994 154 588 1172 1813 2569 24 832 5736 3648 1216 28 424 91 28 97
internal_value=8.75453e-13 0.00305454 0.00775213 0.0324683 0.00604211 0.00879778 0.0125304 0.070691 0.00188649 -0.0101646 0.0909259 -0.00126496 -0.00192489 -0.00402113 -0.00316933 0.0130884 0.000373524 0.00416793 0.00966787 0.000776036 0.00295988 0.0137998 0.00146279 -0.00112556 0.00163289 -0.00527047 0.005626 0.0270631 0.0650536 -0.00760426
internal_weight=82944 24290 4837 313 4524 3689 2616 137 19453 202 89 58654 41813 12484 11238 244 16841 3573 2401 15155 7054 856 6198 8101 4864 3237 571 147 56 2666
internal_count=82944 24290 4837 313 4524 3689 2616 137 19453 202 89 58654 41813 12484 11238 244 16841 3573 2401 15155 7054 856 6198 8101 4864 3237 571 147 56 2666
is_linear=0
shrinkage=0.05


Tree=65
num_leaves=31
num_cat=0
split_feature=3 0 2 4 12 4 1 4 6 8 9 4 3 6 9 0 0 11 2 1 0 2 4 3 4 1 4 4 9 6
split_gain=116.225 31.3143 24.4748 14.1629 28.6326 37.5861 51.3516 28.2085 28.0306 24.9106 20.9522 19.4049 49.4172 24.4434 25.5121 25.3331 18.7309 17.4243 45.6023 19.8117 26.5322 26.7692 46.855 23.0111 18.7486 17.5769 17.575 25.9367 35.883 30.8105
threshold=0.68510927030695279 1.8558287282042618 -0.60188752348015928 0.38490946076045557 -1.0444659357341868 -1.4193536365541799 1.9723754462409178 -0.60142103243821221 0.30811198432835407 1.0792073135794762 1.2514084728909129 0.64953471503326898 1.0578977947364077 -0.89145085320788475 1.3476706631132906 0.82882426524999564 1.6656405814955708 1.0000000180025095e-35 0.62015932343687175 1.5090210108706172 1.4721067524514158 1.4305678151386811 -0.21651157167775612 1.7319852129670208 -0.74576208022338231 1.8398692159766912 -1.1306715409838382 -0.45707998465304106 -0.096262190222377877 1.1133806251249947
decision_type=2 2 2 2 2 2 2 2 2 2 2 2 2 2 2 2 2 2 2 2 2 2 2 2 2 2 2 2 2 2
left_child=2 3 -1 4 5 8 -7 -8 -2 11 -9 12 -5 14 15 -14 -15 26 -19 -20 21 22 -21 -24 -23 -26 -6 28 -28 -30
right_child=1 -3 -4 9 17 6 7 10 -10 -11 -12 -13 13 16 -16 -17 -18 18 19 20 -22 24 23 -25 25 -27 27 -29 29 -31
leaf_value=-0.0022507739164237804 -0.0037261611506418917 0.0094021096906365832 -0.00023213317479468801 -0.00063042756270332266 -0.0045443328888418429 -0.0033815194958671923 -0.010325197477156864 -0.068478168855453367 0.03328714828207114 -0.0050143325544287649 -0.024544393535995603 0.0040276769697438928 0.017576949034716832 0.012213788539871423 0.0074537678749537943 0.069261424706289265 0.042808475090121784 -0.012227452821489244 -0.0012610724293028862 0.0011669829076922991 0.0015976813088322403 0.018072900065315603 0.043998166490789685 0.11893682945519686 0.022146193013759332 -0.023740258483060949 -0.0073490371053286339 0.0021979251491698539 0.0082251587703793608 0.023146702491190878
leaf_weight=22813 98 2161 43931 567 418 1185 92 58 107 567 51 3489 37 680 51 66 54 597 1171 34 659 295 21 20 32 60 239 1877 979 535
leaf_count=22813 98 2161 43931 567 418 1185 92 58 107 567 51 3489 37 680 51 66 54 597 1171 34 659 295 21 20 32 60 239 1877 979 535
internal_value=4.25823e-13 0.00379906 -0.000922102 0.00293659 0.00165995 -0.00438966 -0.00734525 -0.0307135 0.015593 0.00491213 -0.047922 0.00605054 0.0109013 0.0182644 0.036375 0.0506952 0.0144646 0.00304742 8.11736e-05 0.00328722 0.00803837 0.0172254 0.044565 0.0805536 0.011927 -0.00777975 0.00516439 0.00628237 0.0106557 0.013498
internal_weight=82944 16200 66744 14039 8528 1591 1386 201 205 5511 109 4944 1455 888 154 103 734 6937 2889 2292 1121 462 75 41 387 92 4048 3630 1753 1514
internal_count=82944 16200 66744 14039 8528 1591 1386 201 205 5511 109 4944 1455 888 154 103 734 6937 2889 2292 1121 462 75 41 387 92 4048 3630 1753 1514
is_linear=0
shrinkage=0.05


Tree=66
num_leaves=31
num_cat=0
split_feature=5 6 0 5 4 4 0 5 2 4 2 4 8 2 0 3 7 8 4 1 0 2 4 6 6 0 0 1 4 2
split_gain=106.906 43.4141 73.9527 127.254 51.9627 43.9108 39.662 43.4088 38.0384 30.4983 24.7424 22.8132 40.5185 37.64 35.241 33.6752 41.3111 29.7759 36.5559 38.9602 36.9269 28.5607 22.799 27.0474 22.3648 22.1177 21.9536 20.2454 21.7974 19.648
threshold=0.85925218225375766 1.1133806251249947 0.041510661571337822 1.1210959212062968 -1.1306715409838382 0.96227365190113923 0.35859460280915306 1.082299156171467 2.1237758111861962 0.96227365190113923 0.9452029766701463 -0.48113682595056956 1.0792073135794762 -0.47850146518390152 -1.2353467622038854 1.4538561166522213 -0.74611299300944822 -1.0174668528432229 -0.24056841297528506 1.8398692159766912 1.3243607389875878 3.2858080162893386 0.072170523892585367 1.0000000180025095e-35 -0.50537016327275397 0.43545882703510586 1.5862685013415212 2.2016679155160426 -1.0825578583887812 -0.5613093010878013
decision_type=2 2 2 2 2 2 2 2 2 2 2 2 2 2 2 2 2 2 2 2 2 2 2 2 2 2 2 2 2 2
left_child=24 9 3 -3 26 6 7 -6 10 11 -5 12 14 -14 -2 22 -17 18 -18 20 -20 -21 -13 -24 25 -1 -4 28 -15 -11
right_child=1 2 4 8 5 -7 -8 -9 -10 29 -12 15 13 27 -16 16 17 -19 19 21 -22 -23 23 -25 -26 -27 -28 -29 -30 -31
leaf_value=-0.0021135273561248172 0.014636366894227771 0.0024050215277714995 -0.01391990258403937 0.070453628547715419 0.006512881185741979 -0.0005658671552138941 0.013068521651385827 -0.046562808071720904 0.030792677755622819 -0.010859222063040993 0.13067490665808967 -0.0063714037651673681 0.057998012184080752 0.0048068790808957866 0.00028166647997448363 0.064463086837324601 -0.012462655497690676 -0.0011511757267652109 0.025022848161392004 0.0011561799339127356 0.078477858556434521 0.050612356028322016 -0.0023497227697442022 0.0082402931317940003 -0.00035464951177108613 -0.01243492574192033 0.0022951174653499918 -0.031260514791522712 0.021660167875060282 0.0061535419539385863
leaf_weight=23048 462 176 420 66 111 1073 2446 59 48 177 23 2593 44 449 5736 29 115 980 168 253 40 33 3144 746 35075 531 415 28 335 4121
leaf_count=23048 462 176 420 66 111 1073 2446 59 48 177 23 2593 44 449 5736 29 115 980 168 253 40 33 3144 746 35075 531 415 28 335 4121
internal_value=2.45182e-12 0.00278941 0.00702854 0.0305329 0.00540236 0.00795179 0.0114455 -0.0119075 0.066668 0.00173535 0.0860164 0.000681038 0.00275995 0.0129568 0.00135167 -0.00112919 0.0053237 0.00424438 0.0129269 0.0188374 0.0353027 0.00686266 -0.00273968 -0.000318835 -0.00115516 -0.00234597 -0.00586094 0.0105162 0.0120082 0.00545292
internal_weight=82944 24290 4837 313 4524 3689 2616 170 137 19453 89 15155 7054 856 6198 8101 1618 1589 609 494 208 286 6483 3890 58654 23579 835 812 784 4298
internal_count=82944 24290 4837 313 4524 3689 2616 170 137 19453 89 15155 7054 856 6198 8101 1618 1589 609 494 208 286 6483 3890 58654 23579 835 812 784 4298
is_linear=0
shrinkage=0.05


Tree=67
num_leaves=31
num_cat=0
split_feature=5 3 4 4 2 8 6 5 2 6 4 5 0 8 2 4 7 4 0 8 0 0 0 4 5 4 5 4 7 4
split_gain=98.5826 44.7881 29.4441 28.405 31.2267 28.0336 27.1771 26.9202 22.3016 20.3424 19.6236 29.5166 56.0957 40.2075 37.3296 29.9327 28.4009 25.1383 19.8794 19.6234 19.4682 17.2247 31.1242 35.0976 51.0376 40.5984 26.3869 35.779 20.0373 16.4715
threshold=0.42390874111029014 1.6783695057681489 -1.1306715409838382 -1.4193536365541799 1.5465420234017873 0.74090168677562918 1.0000000180025095e-35 1.2818148012906689 0.31031317655469998 1.7077461606570974 -0.45707998465304106 0.90745195762283271 -0.42926151679878671 -1.0174668528432229 0.29315596895356721 -0.81793260411596802 -0.17427846833443938 -0.79387576281843952 -1.1242459101625819 1.0792073135794762 -0.044525099028048666 -0.096342892436865946 0.021646708491936072 -0.26462525427281347 1.082299156171467 -0.50519366724809844 0.99864169796777091 0.072170523892585367 -0.081021797575299523 -1.1787852235788951
decision_type=2 2 2 2 2 2 2 2 2 2 2 2 2 2 2 2 2 2 2 2 2 2 2 2 2 2 2 2 2 2
left_child=9 2 3 4 -2 7 10 8 -5 -1 11 -4 16 15 -15 20 -13 -18 -19 -16 -14 26 23 24 -23 -26 -8 28 -28 -10
right_child=1 -3 6 5 -6 -7 21 -9 29 -11 -12 12 13 14 19 -17 17 18 -20 -21 -22 22 -24 -25 25 -27 27 -29 -30 -31
leaf_value=-0.0017582021894025836 -0.00023409024072385557 0.0060909080751339389 -0.0023362846027037243 -0.008649469038985072 0.019645209057017821 0.0019788128610590552 0.0041557005230479852 0.00059836621791043364 -0.028937338686590649 0.0016146670761431519 -0.00011763469418317671 0.010188150031173892 -0.046892723329251679 0.022444988736939918 -0.00066945693697677223 0.0075517127641852796 0.004075782301926823 0.029962355268365715 0.063241702777644002 0.017006401418497699 -0.009763867355063521 0.0099203253774488593 0.0048667768994861051 0.0041329316889981175 0.015051417467184365 0.077426706489175559 -0.028084510518993074 0.01577615281464859 -0.0058938671731486904 -0.006821206435340392
leaf_weight=44467 2312 5796 1210 791 216 741 1385 460 307 4970 12033 379 82 265 1106 78 69 178 60 183 62 129 4684 225 40 75 185 114 226 116
leaf_count=44467 2312 5796 1210 791 216 741 1385 460 307 4970 12033 379 82 265 1106 78 69 178 60 183 62 129 4684 225 40 75 185 114 226 116
internal_value=-1.12162e-12 0.0020938 0.00125777 -0.00224015 0.00146446 -0.0061181 0.00201718 -0.00970221 -0.0136052 -0.00141912 0.000858713 0.00405816 0.00720085 0.00251022 0.00535372 -0.0173943 0.0193445 0.0306483 0.0383521 0.00183999 -0.0309067 0.00459311 0.00609639 0.0183767 0.0315114 0.055731 0.000537423 -0.00900794 -0.0158824 -0.0228724
internal_weight=82944 33507 27711 4943 2528 2415 22768 1674 1214 49437 15705 3672 2462 1776 1554 222 686 307 238 1289 144 7063 5153 469 244 115 1910 525 411 423
internal_count=82944 33507 27711 4943 2528 2415 22768 1674 1214 49437 15705 3672 2462 1776 1554 222 686 307 238 1289 144 7063 5153 469 244 115 1910 525 411 423
is_linear=0
shrinkage=0.05


Tree=68
num_leaves=31
num_cat=0
split_feature=5 3 4 4 2 8 8 2 5 2 6 4 5 12 6 1 4 11 0 4 5 1 6 4 1 5 8 8 0 1
split_gain=88.9708 40.4213 26.5733 25.6355 28.1821 25.5084 25.1765 20.5728 19.7849 25.4033 19.5993 18.7439 25.0711 24.5627 18.359 26.9052 18.0378 43.1559 20.3614 19.9087 21.75 17.419 15.071 16.1728 25.3057 17.198 24.4535 19.3731 21.7465 14.939
threshold=0.42390874111029014 1.6783695057681489 -1.1306715409838382 -1.4193536365541799 1.5465420234017873 1.0152913959672809 0.19793268244031401 -0.80144913113465421 1.2818148012906689 0.33995594555183412 0.30811198432835407 -0.81793260411596802 0.90745195762283271 0.34815531191139576 1.7077461606570974 -0.92055808308111831 0.67359155633079737 1.6942532296393515 0.51834313459342507 0.84198944541349674 0.70535813777133538 0.98232845130606006 -1.0580783826696147 0.38490946076045557 0.18423188935298163 0.90745195762283271 1.0792073135794762 1.0792073135794762 -0.14550686920228975 -0.019524333269303272
decision_type=2 2 2 2 2 2 2 2 2 2 2 2 2 2 2 2 2 2 2 2 2 2 2 2 2 2 2 2 2 2
left_child=14 2 3 4 -2 8 7 -4 9 10 -5 12 -8 -14 21 -16 17 18 -9 20 -18 -1 -13 24 -24 27 -27 -25 -29 -20
right_child=1 -3 6 5 -6 -7 11 16 -10 -11 -12 22 13 -15 15 -17 19 -19 29 -21 -22 -23 23 25 -26 26 -28 28 -30 -31
leaf_value=-0.001647295351806475 -0.00022238573001641116 0.0057863626617380946 0.032020041590294569 -0.011124327696310572 0.018662948637588505 0.0038671519541972638 -0.003365075924640424 0.0055173414877015521 0.00016201605111436761 -0.020343936582677552 0.0053587255676255359 -0.0036718009876945514 0.0040182530996165384 0.021029052419903046 0.053273507364094252 0.0012723585368772938 -0.024923080193591032 -0.0054752019533535982 0.033522711674971832 0.0024861233479126776 -0.0023619808144462423 -0.044255446991883218 0.0020949989395284575 -0.0045639013930265848 -0.0057449657529144897 0.0074446911680667782 -0.0035307145237524172 -0.00062104278114796482 0.023509458802028062 0.011680077370835281
leaf_weight=44443 2312 5796 64 628 216 531 467 4581 485 518 253 2502 519 359 25 4945 136 817 87 3243 498 24 2224 1204 1916 2315 650 259 146 781
leaf_count=44443 2312 5796 64 628 216 531 467 4581 485 518 253 2502 519 359 25 4945 136 817 87 3243 498 24 2224 1204 1916 2315 650 259 146 781
internal_value=-4.52577e-13 0.00198911 0.00119489 -0.00212814 0.00139123 -0.00581219 0.00191632 0.00376078 -0.00854029 -0.0115572 -0.00639083 0.000417529 0.0059951 0.0109737 -0.00134816 0.00153393 0.00358247 0.00524103 0.00684778 0.000901907 -0.00720159 -0.00167029 -0.000251323 0.000730779 -0.00153335 0.00278008 0.00503862 -0.00138186 0.00807785 0.0138694
internal_weight=82944 33507 27711 4943 2528 2415 22768 10207 1884 1399 881 12561 1345 878 49437 4970 10143 6266 5449 3877 634 44467 11216 8714 4140 4574 2965 1609 405 868
internal_count=82944 33507 27711 4943 2528 2415 22768 10207 1884 1399 881 12561 1345 878 49437 4970 10143 6266 5449 3877 634 44467 11216 8714 4140 4574 2965 1609 405 868
is_linear=0
shrinkage=0.05


Tree=69
num_leaves=31
num_cat=0
split_feature=3 0 6 0 2 1 9 4 4 0 2 7 4 9 9 4 4 4 4 7 2 2 3 3 4 0 4 4 6 9
split_gain=78.6686 32.1258 19.2567 15.8103 17.7695 13.4821 19.6145 13.3606 22.2274 43.4204 18.5782 16.6124 26.2653 31.7568 33.8366 65.0169 31.6528 25.0495 34.6599 14.5642 27.1439 12.9279 20.811 12.808 13.4298 11.3683 16.216 25.6634 16.3458 18.4587
threshold=0.26287226169537004 1.8558287282042618 -0.50537016327275397 0.30657967186768692 -0.57574202542696074 -0.47262753614690289 1.0588840924461571 0.67359155633079737 0.38490946076045557 2.4867904811690109 4.2843765881725142 1.7010387896728181 -0.62547787373574071 1.3476706631132906 1.0588840924461571 -0.072170523892585409 -0.48113682595056956 -0.14434104778517126 0.12028420648764231 -0.081021797575299523 4.2843765881725142 3.6149727007184782 4.0676475521031525 3.6202699090239325 0.91415996930608234 1.6656405814955708 0.60142103243821199 0.12028420648764231 1.7077461606570974 0.96262190222377908
decision_type=2 2 2 2 2 2 2 2 2 2 2 2 2 2 2 2 2 2 2 2 2 2 2 2 2 2 2 2 2 2
left_child=2 -2 3 -1 5 -5 -7 8 11 10 -10 21 -13 14 15 16 -14 -16 -19 23 -21 -3 -23 -9 -25 -4 27 28 -27 -30
right_child=1 7 25 4 -6 6 -8 19 9 -11 -12 12 13 -15 17 -17 -18 18 -20 20 -22 22 -24 24 -26 26 -28 -29 29 -31
leaf_value=-0.0016149961387254615 0.001786618836862862 0.0061167209238723692 -0.00037943197392252244 -0.0080288214470369736 -0.00064220742392879539 -0.059890861595950785 -0.013355044937010722 0.0032873117078575419 0.029235993829067976 -0.0082374476384921153 0.069342104265127671 0.0031439774000120734 0.092720222597320878 0.0066838266052945995 0.026184400291212148 -0.035417277567289976 0.024444939921899091 0.12672011001656455 0.043394929306724894 -0.002382249108582975 -0.060441380028020256 -0.021522038006559784 0.033376665413379671 0.053590555086598872 0.011051949059421367 -0.0012608785190278617 -0.002827997955329376 0.032573749023625469 0.025262909817909185 0.0034003418650517103
leaf_weight=24160 22299 712 30337 1283 952 31 84 310 84 61 44 294 24 160 31 37 58 24 26 237 22 97 21 28 55 447 535 96 168 227
leaf_count=24160 22299 712 30337 1283 952 31 84 310 84 61 44 294 24 160 31 37 58 24 26 237 22 97 21 28 55 447 535 96 168 227
internal_value=6.70309e-12 0.00236978 -0.00100057 -0.00199582 -0.00591098 -0.00949887 -0.0258995 0.00796283 0.010329 0.0264783 0.0430225 0.00827226 0.0142319 0.023287 0.0365696 0.0196021 0.0444279 0.0614971 0.083391 0.00189134 -0.00731391 0.00357636 -0.0117519 0.00795791 0.0254023 -0.00017115 0.00411849 0.0080805 0.00528793 0.0126989
internal_weight=82944 24624 58320 26510 2350 1398 115 2325 1673 189 128 1484 654 360 200 119 82 81 50 652 259 830 118 393 83 31810 1473 938 842 395
internal_count=82944 24624 58320 26510 2350 1398 115 2325 1673 189 128 1484 654 360 200 119 82 81 50 652 259 830 118 393 83 31810 1473 938 842 395
is_linear=0
shrinkage=0.05


Tree=70
num_leaves=31
num_cat=0
split_feature=5 4 6 4 5 2 4 12 0 0 5 4 0 5 4 4 5 0 2 0 6 6 4 5 2 5 5 2 12 2
split_gain=75.646 34.7247 47.5161 35.043 26.0702 25.5305 24.0154 46.8182 40.7546 36.5461 84.7535 49.2618 41.1035 31.9726 63.4815 29.0753 28.8506 27.8241 24.2123 21.6123 28.6274 21.4769 25.4243 64.5397 31.0944 22.4737 22.08 21.5153 21.319 23.4112
threshold=0.42390874111029014 -1.1306715409838382 1.0000000180025095e-35 -1.4193536365541799 1.3937669968154378 1.6955139360754061 0.67359155633079737 -1.0444659357341868 -0.096342892436865946 0.041510661571337822 1.1210959212062968 -0.60142103243821221 0.57843162249431079 1.0414542967587244 0.38490946076045557 -0.28868209557034147 1.3937669968154378 -0.64945329488412173 1.3553366828136773 0.35859460280915306 1.7077461606570974 1.7077461606570974 -0.19245473038022767 1.3494002584220433 1.3553366828136773 1.3816171070223859 1.224450581347845 4.2843765881725142 -1.0444659357341868 0.57392435109495576
decision_type=2 2 2 2 2 2 2 2 2 2 2 2 2 2 2 2 2 2 2 2 2 2 2 2 2 2 2 2 2 2
left_child=-1 3 -3 5 28 -2 7 13 -9 10 -10 -12 18 -4 17 -13 21 -15 -11 20 -20 22 -14 24 26 27 -24 -25 29 -5
right_child=1 2 6 4 -6 -7 -8 8 9 12 11 15 16 14 -16 -17 -18 -19 19 -21 -22 -23 23 25 -26 -27 -28 -29 -30 -31
leaf_value=-0.0012431178416650501 -0.00014603819680267011 0.00088227099427271624 0.0078328559785952358 0.010543921737836958 0.0062630085123860889 0.01161249037821774 0.0020448015687210591 -2.8940733948432226e-05 0.0094059044612432221 0.0060832151734749457 0.0049186225307898393 0.085810016791454002 0.011366785627598054 -0.036827458188054156 0.02190958705006715 0.024629726104438306 0.0038537738032141697 -0.0082534041571342021 -0.012113341275387659 -0.0017963256619477762 -0.071161418110132213 0.009964897600504688 0.027360247467917292 0.053337432000165191 0.0085774925788331922 0.027195412482080218 0.080082892897454183 0.10343851131697497 -0.0099889029982035693 -0.012033031460026558
leaf_weight=49437 2465 16605 724 295 392 568 4047 969 294 666 36 87 510 96 171 25 695 757 65 200 30 968 204 75 341 51 22 30 1931 188
leaf_count=49437 2465 16605 724 295 392 568 4047 969 294 666 36 87 510 96 171 25 695 757 65 200 30 968 204 75 341 51 22 30 1931 188
internal_value=3.6362e-12 0.00183412 0.00257356 -0.00166969 -0.0056968 0.00205602 0.00511211 0.0068814 0.00923418 0.0113221 0.0249403 0.0557992 0.00976149 -0.000209231 -0.00589524 0.0721537 0.0127348 -0.0114692 0.000801193 -0.0111236 -0.0307601 0.0155392 0.0199154 0.0259456 0.0181098 0.0544258 0.0324925 0.067652 -0.00763891 0.0017562
internal_weight=82944 33507 27668 5839 2806 3033 11063 7016 5268 4299 442 148 3857 1748 1024 112 2896 853 961 295 95 2201 1233 723 567 156 226 105 2414 483
internal_count=82944 33507 27668 5839 2806 3033 11063 7016 5268 4299 442 148 3857 1748 1024 112 2896 853 961 295 95 2201 1233 723 567 156 226 105 2414 483
is_linear=0
shrinkage=0.05


Tree=71
num_leaves=31
num_cat=0
split_feature=5 3 11 4 3 5 0 0 5 0 2 4 4 4 5 7 4 2 4 4 6 8 4 0 3 8 4 5 5 2
split_gain=68.3441 31.7545 19.0017 37.326 44.7871 41.1372 18.5105 33.3572 18.3221 15.7659 15.523 14.6495 13.6202 17.8331 26.1959 15.3857 53.9568 27.2945 22.6158 37.4697 44.8522 29.5182 27.3259 30.8231 23.9563 23.2314 21.5189 20.863 21.3534 33.3511
threshold=0.36482234569996347 1.4061233754843081 -0.76213734878520889 0.67359155633079737 0.17087414298626183 0.65128935879477212 -0.80650011932188403 -0.90130289352984005 0.75810821674430728 1.6656405814955708 -0.54228335733896416 -0.12028420648764233 -1.1306715409838382 -1.4193536365541799 1.3816171070223859 1.7010387896728181 0.64953471503326898 4.2843765881725142 0.38490946076045557 0.55330734984315499 -0.91243033262339701 1.0792073135794762 -0.81793260411596802 0.88066025985645691 1.9952792160396153 1.0792073135794762 0.096227365190113837 1.3816171070223859 1.224450581347845 1.9215687388713503
decision_type=2 2 2 2 2 2 2 2 2 2 2 2 2 2 2 2 2 2 2 2 2 2 2 2 2 2 2 2 2 2
left_child=9 2 3 5 6 11 7 -5 -6 -1 -7 -2 13 -3 -15 18 27 -18 22 20 -20 24 25 26 -22 -14 -24 28 -17 -30
right_child=1 12 -4 4 8 10 -8 -9 -10 -11 -12 -13 15 14 -16 16 17 -19 19 -21 21 -23 23 -25 -26 -27 -28 -29 29 -31
leaf_value=-0.001402944770970894 -0.00055153175791051111 0.0052402518171358551 -0.00021542989166765491 -0.0095083148638996015 -0.0092190826294597465 0.017467334400339242 -0.01264129807927687 0.04936173305447613 0.0029310508428711068 0.0031388334427485823 0.0024727619199271965 0.015083510604370985 0.0062678244328142983 -0.017205141745199177 0.005748005272296991 0.010844149056906387 -0.00064054521449660945 -0.057521551271731211 0.092138570006049816 0.0045608029135109978 0.008915541649032601 -0.016879640226675704 -0.01592042503835318 0.0015196386618513097 0.034672420487101924 0.035177803159128003 0.031776455238461496 0.0057686257468484246 0.085905397372941172 0.025182122056243841
leaf_weight=46307 174 619 15825 77 347 178 919 35 2932 1993 5692 1078 489 291 217 281 510 22 21 1832 172 55 437 1427 190 81 25 303 24 391
leaf_count=46307 174 619 15825 77 347 178 919 35 2932 1993 5692 1078 489 291 217 281 510 22 21 1832 172 55 437 1427 190 81 25 303 24 391
internal_value=-5.37368e-13 0.00169468 0.00090663 0.00245987 -0.00121276 0.00468242 -0.0103025 0.00888858 0.00164526 -0.00121554 0.00292745 0.0129106 0.00460247 -0.000457554 -0.00740035 0.00551344 0.00986995 -0.00299277 0.00410303 0.00770183 0.0208396 0.017249 0.000780837 -0.0021145 0.0224343 0.0103761 -0.0133394 0.0167198 0.0214873 0.0286938
internal_weight=82944 34644 27257 11432 4310 7122 1031 112 3279 48300 5870 1252 7387 1127 508 6260 1531 532 4729 2270 438 417 2459 1889 362 570 462 999 696 415
internal_count=82944 34644 27257 11432 4310 7122 1031 112 3279 48300 5870 1252 7387 1127 508 6260 1531 532 4729 2270 438 417 2459 1889 362 570 462 999 696 415
is_linear=0
shrinkage=0.05


Tree=72
num_leaves=31
num_cat=0
split_feature=5 6 0 5 4 4 2 5 4 4 2 4 0 4 4 12 1 1 0 2 7 5 2 4 7 0 3 5 11 12
split_gain=62.117 25.3471 56.2681 98.4835 39.0377 38.3971 29.6151 27.3638 67.8658 26.6979 23.6283 20.9951 25.2346 25.0648 28.6895 28.5123 27.353 26.2001 25.4677 25.9485 24.8158 39.9025 41.7979 26.4074 23.1745 35.0637 24.5767 22.6331 19.4662 22.1416
threshold=0.85925218225375766 1.1133806251249947 0.041510661571337822 1.1210959212062968 -1.1306715409838382 -0.45707998465304106 2.1237758111861962 1.366818105386481 -0.64953471503326854 0.96227365190113923 0.9452029766701463 -0.48113682595056956 -1.0225665607398373 0.096227365190113837 0.69764839762832587 1.0000000180025095e-35 1.8398692159766912 0.034147745514638068 1.1484874343550735 1.6501068016329257 -0.081021797575299523 1.3816171070223859 1.5009240506625152 -0.072170523892585409 -0.17427846833443938 -1.1242459101625819 1.4987726909867238 1.3937669968154378 -0.76213734878520889 0.69631062382279152
decision_type=2 2 2 2 2 2 2 2 2 2 2 2 2 2 2 2 2 2 2 2 2 2 2 2 2 2 2 2 2 2
left_child=28 9 3 -3 -4 7 10 8 -6 11 -5 12 24 18 15 -15 -17 -16 19 -13 23 22 -22 -20 -2 26 -26 -25 -1 -30
right_child=1 2 4 6 5 -7 -8 -9 -10 -11 -12 13 -14 14 17 16 -18 -19 20 -21 21 -23 -24 27 25 -27 -28 -29 29 -31
leaf_value=0.00055473176282005065 0.0012509784729175474 0.0011228834654585544 -0.005815619825325212 0.059520485683936968 0.01518359660319236 0.0034680137914721433 0.026001674305492391 0.0029069098650831796 0.066508675465981174 0.0047991048369106287 0.11837027997750303 -0.0059053966125854999 0.0013735999657038811 0.0093780492267032667 -0.025996939169326379 0.00071145287792283513 -0.038692768904665074 -0.0028235671857449536 0.0086948635457927328 -0.032249808154001684 0.098135260971529151 0.0047899007222494058 0.011741329170763494 -0.032840811625837983 0.021677958025688757 0.067740051214184083 -0.013535365370697664 0.0056840778463670329 -0.00070795344514277517 -0.0032221808205964903
leaf_weight=16841 293 176 835 66 456 2887 48 271 75 4298 23 2569 6401 1259 134 2067 45 1359 218 97 28 136 28 99 264 35 61 62 29329 12484
leaf_count=16841 293 176 835 66 456 2887 48 271 75 4298 23 2569 6401 1259 134 2067 45 1359 218 97 28 136 28 99 264 35 61 62 29329 12484
internal_value=-8.89072e-13 0.00212627 0.00536538 0.0258677 0.0039469 0.00615663 0.0576566 0.015835 0.0224329 0.00132086 0.0747289 0.000334421 0.00232877 -0.00140218 0.000866683 0.00342224 -0.000128126 -0.00490343 -0.00481142 -0.00686391 0.00477167 0.0194165 0.0549383 -0.00264735 0.0116918 0.0201895 0.0150687 -0.0180051 -0.000880537 -0.00145862
internal_weight=82944 24290 4837 313 4524 3689 137 802 531 19453 89 15155 7054 8101 4864 3371 2112 1493 3237 2666 571 192 56 379 653 360 325 161 58654 41813
internal_count=82944 24290 4837 313 4524 3689 137 802 531 19453 89 15155 7054 8101 4864 3371 2112 1493 3237 2666 571 192 56 379 653 360 325 161 58654 41813
is_linear=0
shrinkage=0.05


Tree=73
num_leaves=31
num_cat=0
split_feature=5 4 6 4 2 5 4 12 0 5 4 5 1 0 5 4 0 4 5 0 2 12 2 0 6 4 7 7 6 4
split_gain=56.9305 27.2144 37.2351 27.8519 23.2145 21.4569 21.4438 38.2929 31.3437 29.1262 53.0828 29.0284 32.499 28.8658 68.6819 41.2393 33.4697 24.357 23.7426 21.6042 20.8191 26.3491 20.5027 19.9065 25.1716 18.7809 27.2302 18.6215 17.8986 24.0667
threshold=0.36482234569996347 -1.1306715409838382 1.0000000180025095e-35 -1.4193536365541799 1.6955139360754061 1.3937669968154378 0.67359155633079737 -1.0444659357341868 -0.096342892436865946 1.082299156171467 0.38490946076045557 1.3937669968154378 2.2768420260406423 0.041510661571337822 1.1210959212062968 -0.62547787373574071 0.57843162249431079 -0.28868209557034147 1.3937669968154378 -0.64945329488412173 0.46358094886754453 -0.34815531191139565 1.3553366828136773 0.35859460280915306 1.7077461606570974 0.81793260411596835 -0.081021797575299523 -0.74611299300944822 1.7077461606570974 -0.19245473038022767
decision_type=2 2 2 2 2 2 2 2 2 2 2 2 2 2 2 2 2 2 2 2 2 2 2 2 2 2 2 2 2 2
left_child=-1 3 -3 4 27 20 7 9 -9 -4 11 12 19 14 -10 -16 22 -17 28 -11 21 -5 -15 24 -24 26 -8 -2 29 -18
right_child=1 2 6 5 -6 -7 25 8 13 10 -12 -13 -14 16 15 17 18 -19 -20 -21 -22 -23 23 -25 -26 -27 -28 -29 -30 -31
leaf_value=-0.0011094061368061221 -0.0086830412617570005 0.00071778762948365509 0.0065028017612314293 0.0064616504605641504 0.010906769170071105 0.005839803022766374 0.0039558625792386832 0.00043166974818403857 0.0083461113448624388 -0.038288547970259039 0.019956355551308345 0.0051396144005625985 -0.060519807110540572 0.005364118107685863 -0.0013736315957841375 0.07537950607821467 0.0093882850398806714 0.019723601028323174 0.0032141022838919303 -0.0099289867686061014 -0.012058319142533219 -0.0077384309030951882 -0.011742163435914195 -0.0014300170447677375 -0.067111601233482365 0.0028683854997533778 -0.018076511738575215 0.0018857851362919572 0.0087804067007252792 0.023469742571508991
leaf_weight=48300 523 17162 844 499 568 392 283 1063 303 78 161 197 40 691 31 92 511 25 695 483 1061 946 65 200 30 3627 278 2052 997 747
leaf_count=48300 523 17162 844 499 568 392 283 1063 303 78 161 197 40 691 31 92 511 25 695 483 1061 946 65 200 30 3627 278 2052 997 747
internal_value=-5.22834e-13 0.00154671 0.00219074 -0.00150264 0.00175738 -0.00503826 0.00440023 0.00604511 0.00813474 -0.000271302 -0.00623308 -0.0115169 -0.0169767 0.0100013 0.0219829 0.0499015 0.00862835 0.0634872 0.011294 -0.013872 -0.00673985 -0.00283473 0.000653158 -0.0103817 -0.0292272 0.00155155 -0.00696214 -0.000260815 0.0137842 0.0177499
internal_weight=82944 34644 28603 6041 3143 2898 11441 7253 5450 1803 959 798 601 4387 451 148 3936 117 2950 561 2506 1445 986 295 95 4188 561 2575 2255 1258
internal_count=82944 34644 28603 6041 3143 2898 11441 7253 5450 1803 959 798 601 4387 451 148 3936 117 2950 561 2506 1445 986 295 95 4188 561 2575 2255 1258
is_linear=0
shrinkage=0.05


Tree=74
num_leaves=31
num_cat=0
split_feature=5 0 4 4 4 4 5 4 6 6 2 5 4 7 8 8 5 8 3 0 4 6 0 10 0 6 11 0 0 5
split_gain=52.0297 21.2213 18.0183 35.072 32.0555 45.4354 36.2486 30.6826 29.3001 27.6346 37.9032 33.5984 47.9288 26.078 25.1647 21.9565 21.4809 31.0695 20.2873 19.98 19.3585 18.9964 19.7509 19.333 18.8774 17.8631 16.2808 21.233 31.344 19.2704
threshold=0.80943899875565395 1.6656405814955708 -1.1547283822813665 -1.4193536365541799 -0.45707998465304106 0.096227365190113837 1.3494002584220433 -0.81793260411596802 1.0000000180025095e-35 1.1133806251249947 0.0095706452151017914 0.99864169796777091 -0.62547787373574071 -0.74611299300944822 1.0792073135794762 0.37100531152820115 0.99864169796777091 1.0792073135794762 1.7801869735868745 1.4479213173332186 -0.52925050854562683 -0.066328909107543868 -0.21511525362924996 1.0000000180025095e-35 0.1682292840005534 -1.0580783826696147 -0.76213734878520889 1.6656405814955708 1.7273137874825626 -1.2818148012906687
decision_type=2 2 2 2 2 2 2 2 2 2 2 2 2 2 2 2 2 2 2 2 2 2 2 2 2 2 2 2 2 2
left_child=26 2 3 13 6 -6 9 14 -5 10 16 -11 -13 -2 -8 -15 -4 -18 -14 -16 -12 23 -23 -7 25 -25 -1 -28 -29 -30
right_child=1 -3 4 8 5 21 7 -9 -10 11 20 12 18 15 19 -17 17 -19 -20 -21 -22 22 -24 24 -26 -27 27 28 29 -31
leaf_value=0.00049793093005333832 -0.0093090711543823406 0.0058830030414841299 0.0053178218419242728 -0.0027237005106736235 -0.003975409167346824 0.0033863908629826762 0.0024326009237400277 -0.009093081803861822 -0.016990199831361574 -0.00026232094654964435 0.0038250301636786827 0.016695377225003822 0.043245501729889196 0.00082822293844778464 0.06213568313156858 0.012775675596576636 0.018887416188873081 0.063410198112780411 0.096615010884124788 0.011588812684235367 -0.019629151368439048 0.015870609350985134 0.0039244236531803976 -0.0080454545568669957 -0.011584985080129548 0.0018807769264008541 -0.0015516839258742923 0.039199659184624369 0.0089376768099683236 -0.005115713179284804
leaf_weight=16426 373 2934 260 1154 3666 3092 413 658 523 185 2012 355 69 1018 34 618 358 44 24 46 92 377 4207 600 460 1853 40007 65 618 403
leaf_count=16426 373 2934 260 1154 3666 3092 413 658 523 185 2012 355 69 1018 34 618 358 44 24 46 92 377 4207 600 460 1853 40007 65 618 403
internal_value=2.16351e-12 0.00188355 0.00136182 -0.00183473 0.00198838 0.000822087 0.00564233 -0.00202683 -0.00717294 0.00823933 0.00608259 0.0176636 0.025066 0.00262131 0.00740439 0.00534138 0.0165172 0.0237606 0.0570183 0.0330712 0.00279947 0.00248302 0.00490691 0.000632712 -0.00229018 -0.000547164 -0.000832584 -0.00136443 0.00553391 0.00339065
internal_weight=82944 25425 22491 3686 18805 14255 4550 1151 1677 3399 2766 633 448 2009 493 1636 662 402 93 80 2104 10589 4584 6005 2913 2453 57519 41093 1086 1021
internal_count=82944 25425 22491 3686 18805 14255 4550 1151 1677 3399 2766 633 448 2009 493 1636 662 402 93 80 2104 10589 4584 6005 2913 2453 57519 41093 1086 1021
is_linear=0
shrinkage=0.05


Tree=75
num_leaves=31
num_cat=0
split_feature=5 3 11 4 3 5 5 0 0 6 1 1 4 2 3 8 4 4 0 3 5 3 11 12 0 0 4 4 0 0
split_gain=47.6477 22.9074 15.6636 33.3367 38.2513 30.4464 17.4677 16.6409 28.9977 14.6766 23.1106 15.8787 14.2787 12.5231 12.2743 13.1284 22.9485 22.3877 19.3938 15.2354 13.9652 12.5236 12.1591 20.6946 14.7933 12.1334 11.6268 28.2482 23.7866 13.6916
threshold=0.30505838731795659 1.6783695057681489 -0.76213734878520889 0.67359155633079737 0.11287415785878786 0.70535813777133538 0.75810821674430728 -0.80650011932188403 -0.90130289352984005 1.7077461606570974 -0.92055808308111831 0.98232845130606006 -0.096227365190113864 -0.54228335733896416 -1.1072363896695336 -1.7404918888887655 -0.89010312800855329 -0.21651157167775612 0.19015298867468097 -1.3176954298235919 -1.3293991099845879 1.3157969961142879 1.6942532296393515 -1.0444659357341868 0.9868369036825142 0.71890547861255449 -0.52925050854562683 -1.1306715409838382 -1.2021348799515676 0.021646708491936072
decision_type=2 2 2 2 2 2 2 2 2 2 2 2 2 2 2 2 2 2 2 2 2 2 2 2 2 2 2 2 2 2
left_child=9 2 3 5 7 12 -6 8 -5 11 -11 14 -2 -7 15 16 19 -18 20 -1 -19 -16 23 -3 -24 -14 27 -25 -29 -30
right_child=1 22 -4 4 6 13 -8 -9 -10 10 -12 -13 25 -15 21 -17 17 18 -20 -21 -22 -23 24 26 -26 -27 -28 28 29 -31
leaf_value=-0.027313429436523647 0.00018182898687276369 -0.019278253360169986 -0.0001288615755049544 -0.0095414384622693974 -0.0087416453172505793 0.016075138224669817 0.0024104912201593637 -0.012526262315493983 0.044205345460087864 0.049538990691304213 0.0013384770688217946 -0.041996865874777245 0.0098290757906652135 0.0021057469615391386 -0.00098497343162521635 -0.0022187350308792452 0.0088006515777450198 0.037742719410554224 -0.020298163810051804 -0.0089466078645727976 -0.0034744079904520699 -0.02897708349482855 0.027424708663079986 -0.0069859636966612022 0.005426935266419932 0.021437661886702569 -0.00057770609067760821 -0.01801873322655546 0.042762625377455898 0.015699598915542557
leaf_weight=202 306 118 17747 78 395 165 3161 842 37 25 4725 24 1165 5798 37646 3561 265 23 215 256 193 40 78 212 3790 279 1185 47 55 311
leaf_count=202 306 118 17747 78 395 165 3161 842 37 25 4725 24 1165 5798 37646 3561 265 23 215 256 193 40 78 212 3790 279 1185 47 55 311
internal_value=1.85837e-12 0.00137626 0.000819841 0.00219696 -0.00121629 0.00419411 0.00117171 -0.0100896 0.00775101 -0.00104351 0.00159216 -0.0013386 0.00999293 0.00249229 -0.00131559 -0.00372067 -0.00835533 -0.00263565 -0.00966725 -0.0170473 0.000914453 -0.00101468 0.00425369 0.00100996 0.00587053 0.012072 0.00233262 0.00785058 0.0154664 0.0197664
internal_weight=82944 35769 29973 12226 4513 7713 3556 957 115 47175 4750 42425 1750 5963 42401 4715 1154 696 431 458 216 37686 5796 1928 3868 1444 1810 625 413 366
internal_count=82944 35769 29973 12226 4513 7713 3556 957 115 47175 4750 42425 1750 5963 42401 4715 1154 696 431 458 216 37686 5796 1928 3868 1444 1810 625 413 366
is_linear=0
shrinkage=0.05


Tree=76
num_leaves=31
num_cat=0
split_feature=5 6 0 5 4 4 0 5 4 4 4 2 4 8 2 0 3 7 8 4 1 0 2 3 1 4 8 4 1 4
split_gain=43.1193 17.3559 44.3381 80.4252 30.138 29.9594 25.7303 32.8599 22.8897 19.3519 26.4052 21.6167 18.5264 27.19 26.8458 25.9731 21.8356 31.1342 26.5803 26.8142 34.4691 23.9263 22.9027 20.3784 19.3927 17.613 17.4019 28.0389 17.3035 19.0036
threshold=0.85925218225375766 1.1133806251249947 0.041510661571337822 1.082299156171467 -1.1547283822813665 0.96227365190113923 0.35859460280915306 1.082299156171467 0.96227365190113923 -0.60142103243821221 -0.28868209557034147 0.9452029766701463 -0.48113682595056956 1.0792073135794762 -0.49486541882725726 -1.2353467622038854 1.4061233754843081 -0.74611299300944822 -1.0174668528432229 -0.24056841297528506 1.8398692159766912 1.3243607389875878 3.2858080162893386 1.6783695057681489 0.79858825975645398 -1.2750125887690089 -1.0174668528432229 -0.79387576281843952 2.2016679155160426 -1.0344441757937244
decision_type=2 2 2 2 2 2 2 2 2 2 2 2 2 2 2 2 2 2 2 2 2 2 2 2 2 2 2 2 2 2
left_child=-1 8 3 -3 25 6 7 -6 12 -5 11 -11 13 15 -15 -2 -14 24 19 -19 21 -21 -22 -23 -18 -4 -17 -28 29 -16
right_child=1 2 4 9 5 -7 -8 -9 -10 10 -12 -13 16 14 28 26 17 18 -20 20 22 23 -24 -25 -26 -27 27 -29 -30 -31
leaf_value=-0.00073363201982792762 0.012316344393436391 -0.0037692136603873225 -0.0018304731153496211 0.0064877986013889321 0.0051458671793912182 -0.0019649783082908317 0.0092267739352613464 -0.041032649361986223 0.0043257032476011611 0.052042152817427578 0.01366384087971622 0.10207444931070009 -0.0028062286754523776 0.062552977260202175 0.0040256712116114582 -0.0045590779549906498 0.080955527159385393 -0.010393020436330698 -0.0024591895322632973 0.022157794176821122 -0.00097515078766710172 0.028332213454303291 0.043252918304819053 0.097192444008859735 0.01599617355192701 -0.020166397976660821 0.0037946780772281155 -0.0061579079589617605 -0.029724607284047772 0.019738343015873697
leaf_weight=58654 462 150 635 25 111 1073 2481 59 4298 77 31 30 6343 24 485 1537 20 125 1066 185 259 21 33 22 27 165 3298 901 28 319
leaf_count=58654 462 150 635 25 111 1073 2481 59 4298 77 31 30 6343 24 485 1537 20 125 1066 185 259 21 33 22 27 165 3298 901 28 319
internal_value=6.55009e-13 0.00177153 0.00445184 0.0226513 0.00319268 0.00508418 0.00793734 -0.0108808 0.00110507 0.0469647 0.0542975 0.0660699 0.000191689 0.00206512 0.0104182 0.000911491 -0.00143962 0.00349122 0.0023884 0.0104001 0.0153984 0.0299667 0.00402323 0.063563 0.0436385 -0.00561226 -7.1007e-06 0.0016591 0.00891429 0.0102599
internal_weight=82944 24290 4837 313 4524 3724 2651 170 19453 163 138 107 15155 7054 856 6198 8101 1758 1711 645 520 228 292 43 47 800 5736 4199 832 804
internal_count=82944 24290 4837 313 4524 3724 2651 170 19453 163 138 107 15155 7054 856 6198 8101 1758 1711 645 520 228 292 43 47 800 5736 4199 832 804
is_linear=0
shrinkage=0.05


Tree=77
num_leaves=31
num_cat=0
split_feature=5 6 4 8 4 8 0 5 4 5 1 0 5 4 0 4 5 0 4 12 2 0 6 6 4 5 6 2 5 2
split_gain=39.8786 20.9805 24.9563 32.1639 18.2 29.6171 25.6414 25.3684 46.5429 25.2734 29.9939 23.9657 53.3223 35.5407 24.5343 20.4133 19.5842 19.2565 18.0163 24.4424 17.6671 16.6234 21.1224 15.4276 23.3966 56.0555 26.4505 27.1776 18.6151 20.2682
threshold=0.30505838731795659 1.0000000180025095e-35 -1.1547283822813665 0.74090168677562918 0.67359155633079737 0.74090168677562918 -0.096342892436865946 1.082299156171467 0.38490946076045557 1.3937669968154378 2.2768420260406423 0.041510661571337822 1.1210959212062968 -0.60142103243821221 0.57843162249431079 -0.28868209557034147 1.3937669968154378 -0.64945329488412173 0.81793260411596835 -0.6963106238227913 1.3553366828136773 0.35859460280915306 1.7077461606570974 1.7077461606570974 -0.19245473038022767 1.3494002584220433 1.1133806251249947 1.3094201532095757 1.3816171070223859 4.2843765881725142
decision_type=2 2 2 2 2 2 2 2 2 2 2 2 2 2 2 2 2 2 2 2 2 2 2 2 2 2 2 2 2 2
left_child=-1 -2 3 -3 5 6 -4 -7 9 10 17 12 -8 -14 20 -15 23 -9 19 -6 -13 22 -22 24 -16 26 -26 -28 29 -27
right_child=1 2 4 -5 18 7 11 8 -10 -11 -12 14 13 15 16 -17 -18 -19 -20 -21 21 -23 -24 -25 25 28 27 -29 -30 -31
leaf_value=-0.00095465139340482775 0.00027198295120894753 -0.0053411745590044779 0.00034003914944623207 0.0079220519901780362 0.0030676977507127588 0.0057198340797345584 0.0075788735494474041 -0.035982221775712107 0.018659597241047841 0.004605030785465326 -0.057691408784594389 0.0049246379719578648 0.00097647350048646331 0.069528016373086934 0.0074625728773986023 0.018264828205108646 0.0024053201975475945 -0.009241910693798842 0.0023614810336957388 -0.017479309488010013 -0.010761924365248818 -0.0013772604428231717 -0.061482717469334605 0.007355637339021605 0.039848797280212928 0.046006312715510533 0.0225211128393615 -0.00026083206019191294 0.023079743883892091 0.094633756987750534
leaf_weight=47175 21490 1772 1165 616 292 910 303 78 161 201 40 736 36 87 532 25 706 492 3737 287 65 200 30 1037 87 75 240 288 51 30
leaf_count=47175 21490 1772 1165 616 292 910 303 78 161 201 40 736 36 87 532 25 706 492 3737 287 65 200 30 1037 87 75 240 288 51 30
internal_value=2.16044e-13 0.00125907 0.00274464 -0.00191984 0.00368138 0.00515793 0.00695551 -0.000279721 -0.00589659 -0.0107715 -0.0158382 0.00865759 0.0195945 0.044194 0.00744775 0.0580853 0.00970433 -0.0129011 0.00108991 -0.00711709 0.000780868 -0.00955749 -0.026779 0.0119065 0.0155283 0.0210938 0.0143037 0.0100946 0.0478625 0.0598999
internal_weight=82944 35769 14279 2388 11891 7575 5693 1882 972 811 610 4528 451 148 4077 112 3046 570 4316 579 1031 295 95 2340 1303 771 615 528 156 105
internal_count=82944 35769 14279 2388 11891 7575 5693 1882 972 811 610 4528 451 148 4077 112 3046 570 4316 579 1031 295 95 2340 1303 771 615 528 156 105
is_linear=0
shrinkage=0.05


Tree=78
num_leaves=31
num_cat=0
split_feature=0 5 11 5 6 6 2 0 2 1 6 2 3 2 5 6 8 0 5 2 0 1 3 2 0 2 8 6 3 2
split_gain=37.4089 29.7756 20.1461 19.459 37.8686 17.5483 16.207 23.7274 14.8977 14.7465 14.6561 13.3812 12.1705 14.094 13.3729 11.438 11.3368 12.3037 25.8166 19.8707 19.9196 17.1 14.4634 12.5033 11.1165 10.8858 10.6654 10.3992 19.7246 11.3517
threshold=1.6656405814955708 -0.30505838731795659 -0.76213734878520889 -1.157767925009574 -0.066328909107543868 -0.91243033262339701 -0.2427789396635455 0.097081496934734154 -0.60188752348015928 -0.61259321683281442 1.7077461606570974 0.018390626889765196 0.20902536017874518 2.2215774627024731 1.0414542967587244 -1.0580783826696147 -0.27754979391328816 1.0526555900914161 -1.2543280627515025 -0.28663216535655028 0.1682292840005534 -1.0823603647649691 -1.3575321593855023 -0.74529147764788573 1.4992753960410625 -1.5003388811877232 -0.27754979391328816 -0.066328909107543868 -0.58192408980487897 -0.36692078595614314
decision_type=2 2 2 2 2 2 2 2 2 2 2 2 2 2 2 2 2 2 2 2 2 2 2 2 2 2 2 2 2 2
left_child=1 2 3 8 -5 12 16 -8 15 10 -2 -11 -3 14 -14 -1 25 18 19 20 23 -19 -22 -18 -10 -4 -9 -24 -29 -30
right_child=9 5 6 4 -6 -7 7 26 24 11 -12 -13 13 -15 -16 -17 17 21 -20 -21 22 -23 27 -25 -26 -27 -28 28 29 -31
leaf_value=0.025298445784684383 0.0058430109521335309 -0.002467700062984331 -0.014272954845572323 -0.0015815495950972107 0.011308652558609848 0.0011019273606354995 -0.016087644949951779 -0.034059223008376584 0.0014163807370733928 -0.0020781279597730071 0.042699866494810099 0.0049923863666780357 -0.010350954878109433 -0.036678343599972622 0.0028081386131558741 -0.0043411546510417776 0.052015325075813704 -0.052192182210274045 -0.0012997678812943312 0.032645284242051487 -0.038942828878061851 -0.0054804127090079978 0.0014515067115779393 0.0076197479955916261 -0.0086670862975257359 -0.0030793498955453556 -0.0022573138449317235 0.056549372092498142 0.0041755523945279753 0.044023885935312139
leaf_weight=33 60 6739 224 1195 1089 34894 497 27 4755 803 49 4015 209 24 2533 2385 35 20 12677 68 20 961 827 29 290 7155 1119 24 168 20
leaf_count=33 60 6739 224 1195 1089 34894 497 27 4755 803 49 4015 209 24 2533 2385 35 20 12677 68 20 961 827 29 290 7155 1119 24 168 20
internal_value=1.48302e-12 -0.000266847 -0.0013894 0.00052609 0.00456444 0.000583126 -0.00217153 -0.00696354 -0.000709818 0.0042254 0.0224117 0.00381397 -0.00132146 0.00147122 0.00180513 -0.00393664 -0.00181732 -0.00102132 -0.000638526 0.00639973 0.00481051 -0.00643274 0.00317346 0.0318986 0.000836756 -0.00341915 -0.00300657 0.00398417 0.0138639 0.00841474
internal_weight=82944 78017 33618 9747 2284 44399 23871 1643 7463 4927 109 4818 9505 2766 2742 2418 22228 14849 13868 1191 1123 981 1059 64 5045 7379 1146 1039 212 188
internal_count=82944 78017 33618 9747 2284 44399 23871 1643 7463 4927 109 4818 9505 2766 2742 2418 22228 14849 13868 1191 1123 981 1059 64 5045 7379 1146 1039 212 188
is_linear=0
shrinkage=0.05


Tree=79
num_leaves=31
num_cat=0
split_feature=0 5 11 5 6 6 2 0 4 2 4 6 1 2 6 3 1 2 12 1 5 3 3 5 4 8 5 4 4 12
split_gain=33.7615 26.8725 18.1819 17.5617 34.1764 15.8373 14.6268 21.414 13.5032 13.4452 17.1685 18.729 13.3445 13.2406 12.2479 11.5103 22.6187 21.2343 11.5089 12.5085 15.1583 17.4691 10.8595 11.4753 10.2414 10.2314 11.168 30.3474 21.0005 33.565
threshold=1.6656405814955708 -0.30505838731795659 -0.76213734878520889 -1.157767925009574 -0.066328909107543868 -0.91243033262339701 -0.2427789396635455 0.097081496934734154 0.12028420648764231 -0.60188752348015928 -0.81793260411596802 -0.91243033262339701 -0.59795434504503098 0.018390626889765196 1.7077461606570974 1.4538561166522213 0.79858825975645398 1.9215687388713503 -1.0444659357341868 -0.63296801621504939 -1.4032428797398566 -1.3575321593855023 0.20902536017874518 1.0414542967587244 1.2268989061739526 -0.27754979391328816 -1.2818148012906687 -0.21651157167775612 -1.3712399539591229 1.0000000180025095e-35
decision_type=2 2 2 2 2 2 2 2 2 2 2 2 2 2 2 2 2 2 2 2 2 2 2 2 2 2 2 2 2 2
left_child=1 2 3 9 24 15 25 -8 -6 10 11 -1 14 -14 -2 17 -17 22 -12 20 -20 -22 -3 -24 -5 -4 27 28 -27 -30
right_child=12 5 6 4 8 -7 7 -9 -10 -11 18 -13 13 -15 -16 16 -18 -19 19 -21 21 -23 23 -25 -26 26 -28 -29 29 -31
leaf_value=0.018543664745986465 0.0063408343107250803 -0.0023443150537166462 -0.0032481902693130131 0.0011475832692629208 0.0038770431714106562 0.001046830988866924 -0.015283262647732427 -0.0028562447803515442 0.0152579663432564 0.00079491845180192826 -0.0058387977753555399 -0.013345225797685586 -0.0023725613020621327 0.0047427670433173932 0.03717858054789535 0.05949207644848882 -0.0039847398215594387 -0.048364032517808186 -0.011049201538090607 -0.0028289614676907712 0.049831855939380054 0.0094582501988704545 -0.0098334071338377262 0.0023674081533435372 -0.0095873868462661195 -0.0010716702425287029 -0.0013590613133334295 -0.005299079623302891 0.0011759227332235739 0.030866059959672083
leaf_weight=50 74 6739 7379 900 432 34894 497 1146 657 5045 771 582 781 4015 57 23 36 24 83 551 29 352 209 2474 295 218 13744 497 165 225
leaf_count=50 74 6739 7379 900 432 34894 497 1146 657 5045 771 582 781 4015 57 23 36 24 83 551 29 352 209 2474 295 218 13744 497 165 225
internal_value=-8.01333e-13 -0.000253504 -0.00131993 0.000499786 0.00433621 0.00055397 -0.00206295 -0.00661536 0.0107432 -0.000674327 -0.00373981 -0.0108224 0.00401413 0.00358408 0.0197588 -0.00125538 0.0207605 -0.0013929 -0.00123355 0.00226462 0.00831324 0.0125313 -0.00127325 0.00141699 -0.00150247 -0.00172646 -0.000970255 0.00386572 0.0113573 0.0183048
internal_weight=82944 78017 33618 9747 2284 44399 23871 1643 1089 7463 2418 632 4927 4796 131 9505 59 9446 1786 1015 464 381 9422 2683 1195 22228 14849 1105 608 390
internal_count=82944 78017 33618 9747 2284 44399 23871 1643 1089 7463 2418 632 4927 4796 131 9505 59 9446 1786 1015 464 381 9422 2683 1195 22228 14849 1105 608 390
is_linear=0
shrinkage=0.05


Tree=80
num_leaves=31
num_cat=0
split_feature=5 4 4 4 12 5 4 7 4 0 0 5 8 4 6 6 5 8 12 0 7 12 6 5 8 0 1 4 4 8
split_gain=30.6606 14.9982 36.3029 25.6354 35.0808 34.0171 28.9931 33.9667 24.9265 50.6976 49.4427 29.1061 28.7861 38.0604 28.4327 38.1629 24.3984 24.0414 20.7113 19.3693 19.2526 26.7247 18.2274 18.0813 20.8319 17.1212 16.9251 17.4634 32.5793 29.4787
threshold=0.80943899875565395 -1.1547283822813665 -1.4193536365541799 -0.45707998465304106 -1.0444659357341868 1.366818105386481 0.12028420648764231 1.7010387896728181 -0.62547787373574071 2.0852076738313352 1.3864946804220966 0.99864169796777091 -1.7404918888887655 -0.81793260411596802 1.1133806251249947 -0.066328909107543868 1.3816171070223859 1.0152913959672809 0.34815531191139576 -0.31566746073821877 -0.74611299300944822 -0.6963106238227913 -0.91243033262339701 0.95394520574413566 -1.0174668528432229 -0.096342892436865946 1.3879351022958539 0.33679577816539868 0.67359155633079737 0.37100531152820115
decision_type=2 2 2 2 2 2 2 2 2 2 2 2 2 2 2 2 2 2 2 2 2 2 2 2 2 2 2 2 2 2
left_child=-1 2 20 4 -3 8 7 -5 12 10 11 -10 13 19 15 22 17 -4 26 -6 -2 -22 -13 -20 -25 -9 -8 29 -29 -28
right_child=1 3 16 6 5 -7 18 25 9 -11 -12 14 -14 -15 -16 -17 -18 -19 23 -21 21 -23 -24 24 -26 -27 27 28 -30 -31
leaf_value=-0.00063913519163822947 -0.0061031493184625875 -0.0032155484018121685 -0.012472305325994195 -0.0040450598829343196 -0.0014291145217915377 -0.00025607741912652115 0.0066536004101979121 -0.029225938200950624 0.0013573915647928803 0.079546417575329542 -0.037403445451387338 0.0076412505819462243 0.0094802014542705471 0.017718774278422566 0.049371323550197604 -0.006036385710227278 0.0039519171626082447 0.0035395049556643347 0.0074793801290542004 -0.034442623921482049 0.020860608412604585 0.0029428692807625047 0.037120123000313664 0.0047135602995802932 -0.0035554545619126882 0.013434719074542707 0.00056422076446455854 0.011409111322895737 0.00012865818113520316 -0.027445600154358214
leaf_weight=57519 467 1023 1206 3799 75 1129 3237 25 178 32 42 72 1972 97 96 109 447 291 648 109 239 1610 193 1012 3079 397 332 858 2520 131
leaf_count=57519 467 1023 1206 3799 75 1129 3237 25 178 32 42 72 1972 97 96 109 447 291 648 109 239 1610 193 1012 3079 397 332 858 2520 131
internal_value=-7.72307e-13 0.00144592 -0.00126093 0.00199074 0.00506843 0.00713336 0.00100687 -0.00255017 0.00993763 0.0180224 0.0151691 0.0185766 0.00734676 -0.0076253 0.0250979 0.0188673 -0.00629892 -0.00935979 0.00227743 -0.020986 0.00296785 0.0052589 0.0291108 -0.000280752 -0.00150993 0.0109074 0.00399024 0.00174569 0.00299385 -0.0073608
internal_weight=82944 25425 4260 21165 5127 4104 16038 4221 2975 722 690 648 2253 281 470 374 1944 1497 11817 184 2316 1849 265 4739 4091 422 7078 3841 3378 463
internal_count=82944 25425 4260 21165 5127 4104 16038 4221 2975 722 690 648 2253 281 470 374 1944 1497 11817 184 2316 1849 265 4739 4091 422 7078 3841 3378 463
is_linear=0
shrinkage=0.05


Tree=81
num_leaves=31
num_cat=0
split_feature=0 5 11 5 0 2 0 0 1 5 8 2 4 12 7 4 7 3 4 0 2 12 12 5 3 8 2 4 0 2
split_gain=29.5943 22.9412 14.6404 13.8228 31.5234 13.6098 23.9486 13.5205 12.2192 12.1884 16.9477 12.1343 15.4946 15.2592 12.0878 11.77 11.5613 11.0038 10.9457 10.6921 10.5557 10.4713 10.3868 11.6127 14.3126 11.4571 10.3146 11.7667 10.0326 9.66492
threshold=1.6656405814955708 -0.36482234569996336 -0.76213734878520889 -1.157767925009574 -0.45565471011027431 -0.2427789396635455 0.097081496934734154 -1.1080731484177919 -0.61259321683281442 1.1577679250095743 -1.7404918888887655 -0.60188752348015928 -0.81793260411596802 1.392621247645583 1.7010387896728181 0.12028420648764231 -0.74611299300944822 1.7801869735868745 -0.74576208022338231 0.20345515022130037 0.018390626889765196 -1.0444659357341868 -1.0444659357341868 -1.4141003550473299 -1.3575321593855023 -1.7404918888887655 0.038599347658847788 -0.024056841297528036 1.4992753960410625 -0.46879357366068736
decision_type=2 2 2 2 2 2 2 2 2 2 2 2 2 2 2 2 2 2 2 2 2 2 2 2 2 2 2 2 2 2
left_child=1 2 3 11 -5 -4 -7 9 14 26 17 12 13 -1 -2 -6 -17 -11 -12 -8 -10 -21 -14 25 -25 -24 -3 -28 -13 -9
right_child=8 7 5 4 15 6 19 29 20 10 18 28 22 -15 -16 16 -18 -19 -20 21 -22 -23 23 24 -26 -27 27 -29 -30 -31
leaf_value=-0.011792884066352073 0.038737900572239747 -0.0014396033285008648 -0.0016230716150021224 -0.0051582951377654252 0.0029993736743946192 -0.017151445716101384 0.015003247569975314 0.0032602959533277586 -0.0018494496510482563 0.018994254884391763 0.01970997070528421 0.001337772515233157 -0.0055149011710270927 0.028854953466604157 0.0052657755688899979 0.026767352748469548 0.0096999018816742791 -0.011897153633110452 -0.0053332789744395424 0.0060527707412256866 0.0044303504775436223 -0.0068002802905105398 -0.021986151425990946 0.032964790991234887 0.0027253459602006058 0.013899964911203523 -0.01919976286095822 -0.0025549939303244982 -0.0082415211546058662 0.00061745605808102063
leaf_weight=608 49 7171 21487 645 621 394 79 3858 803 228 51 4755 771 24 60 116 686 33 302 200 4015 763 86 41 858 30 179 261 290 33480
leaf_count=608 49 7171 21487 645 621 394 79 3858 803 228 51 4755 771 24 60 116 686 33 302 200 4015 763 86 41 858 30 179 261 290 33480
internal_value=-1.13524e-12 -0.000237344 -0.00125326 0.000393691 0.00401096 -0.00193803 -0.00665075 0.000486278 0.00375824 -0.00134886 0.00542776 -0.000608654 -0.00352086 -0.0102493 0.0203129 0.00816708 0.0121685 0.0150884 -0.00171513 -0.00268023 0.00338372 -0.0041309 -0.00113992 0.00218334 0.00410445 -0.0127053 -0.00189555 -0.00932639 0.000787129 0.000890531
internal_weight=82944 78017 32454 9531 2068 22923 1436 45563 4927 8225 614 7463 2418 632 109 1423 802 261 353 1042 4818 963 1786 1015 899 116 7611 440 5045 37338
internal_count=82944 78017 32454 9531 2068 22923 1436 45563 4927 8225 614 7463 2418 632 109 1423 802 261 353 1042 4818 963 1786 1015 899 116 7611 440 5045 37338
is_linear=0
shrinkage=0.05


Tree=82
num_leaves=31
num_cat=0
split_feature=0 5 11 5 6 6 2 0 1 4 2 4 6 4 4 9 5 4 1 5 6 12 2 4 2 5 7 1 5 8
split_gain=26.7088 20.7366 14.9256 14.4407 28.6783 13.4666 12.0343 17.5422 11.3814 11.1865 10.9512 13.9838 15.8318 10.0733 25.8025 41.9856 23.7894 14.3011 30.032 48.2812 16.8446 11.8193 22.6774 11.0723 10.5085 13.3492 9.52237 12.302 12.4256 9.48183
threshold=1.6656405814955708 -0.30505838731795659 -0.76213734878520889 -1.157767925009574 -0.066328909107543868 -0.91243033262339701 -0.2427789396635455 0.097081496934734154 -0.86307710905502166 -1.0000000180025095e-35 -0.60188752348015928 -0.81793260411596802 -0.91243033262339701 0.67359155633079737 0.38490946076045557 1.4439328533356688 1.3293991099845883 0.072170523892585367 -0.176898353191041 1.366818105386481 1.1133806251249947 -0.6963106238227913 4.2843765881725142 0.60142103243821199 4.2843765881725142 1.3816171070223859 -0.90839521789717692 -0.63296801621504939 -1.4032428797398566 -0.27754979391328816
decision_type=2 2 2 2 2 2 2 2 2 2 2 2 2 2 2 2 2 2 2 2 2 2 2 2 2 2 2 2 2 2
left_child=1 2 3 10 -5 -3 -4 -8 -2 -6 11 12 -1 14 17 16 -16 -10 -19 20 -20 -15 -23 -18 -21 -26 -13 28 -28 -9
right_child=8 5 6 4 9 -7 7 29 13 -11 -12 26 -14 21 15 -17 23 18 19 24 -22 22 -24 -25 25 -27 27 -29 -30 -31
leaf_value=0.017262534379959109 0.031581024271953438 -0.0011845994608323477 -0.001530262883488563 -0.001383132791031195 0.0035849040490575136 0.00093832444695296838 -0.013810045688050721 -0.031841478569226138 0.0048586187633625801 0.013943624248000963 0.00074777280182224451 -0.0076980078786154276 -0.012056363543480851 0.0041163736717253372 0.0054116852186402789 -0.0030520813632734589 0.053647737726996825 0.027760067059979091 -0.072952030080816022 -0.0036544589347655568 -0.026009454077060248 -0.0031956805683816696 -0.054782627455212854 0.020885983960969107 0.049504225569156311 0.0042834150860560872 -0.010154458686305457 -0.0025284144974112655 0.011136546314092064 -0.0018559624374697653
leaf_weight=50 36 9505 22228 1195 432 34894 497 27 2644 657 5045 417 582 788 53 133 98 61 23 173 113 673 22 35 24 51 83 893 393 1119
leaf_count=50 36 9505 22228 1195 432 34894 497 27 2644 657 5045 417 582 788 53 133 98 61 23 173 113 673 22 35 24 51 83 893 393 1119
internal_value=-5.54781e-12 -0.000225477 -0.00116227 0.000486461 0.00396532 0.000483846 -0.00183548 -0.00596478 0.00357033 0.00983438 -0.000578221 -0.00334482 -0.00973683 0.00336416 0.004861 0.0183993 0.0337382 0.00346291 -0.00482981 -0.0100069 -0.0339483 -7.56631e-05 -0.00482865 0.0450262 0.00312232 0.0187541 -0.00108292 0.000932044 0.00742404 -0.00256243
internal_weight=82944 78017 33618 9747 2284 44399 23871 1643 4927 1089 7463 2418 632 4891 3408 319 186 3089 445 384 136 1483 695 133 248 75 1786 1369 476 1146
internal_count=82944 78017 33618 9747 2284 44399 23871 1643 4927 1089 7463 2418 632 4891 3408 319 186 3089 445 384 136 1483 695 133 248 75 1786 1369 476 1146
is_linear=0
shrinkage=0.05


Tree=83
num_leaves=31
num_cat=0
split_feature=5 4 4 4 5 6 4 2 3 2 4 7 5 6 4 6 0 10 3 1 8 4 7 8 0 10 4 8 0 0
split_gain=24.1937 12.8824 30.8836 26.9725 32.6014 35.4894 52.0994 40.6189 40.342 47.8295 28.174 30.7607 21.4111 25.3696 20.8787 17.997 21.7424 19.1465 19.514 17.0389 16.8021 16.1337 15.5641 22.5625 15.5552 16.6808 15.2248 16.3636 15.0427 14.8915
threshold=0.85925218225375766 -1.1547283822813665 -1.4193536365541799 -0.45707998465304106 1.366818105386481 1.1133806251249947 -0.62547787373574071 0.018390626889765196 1.7801869735868745 2.6405108700037183 0.12028420648764231 1.7010387896728181 1.3816171070223859 1.0000000180025095e-35 -0.55330734984315477 -0.066328909107543868 -0.21511525362924996 1.0000000180025095e-35 -0.37254036289782377 0.308173029498574 1.0792073135794762 -0.50519366724809844 -0.74611299300944822 0.37100531152820115 -0.096342892436865946 1.0000000180025095e-35 -0.81793260411596802 1.0792073135794762 1.4479213173332186 0.1682292840005534
decision_type=2 2 2 2 2 2 2 2 2 2 2 2 2 2 2 2 2 2 2 2 2 2 2 2 2 2 2 2 2 2
left_child=-1 2 22 4 5 7 -7 20 21 -10 11 -5 13 -4 -9 17 -17 18 -12 -16 -3 -8 -2 -24 -13 -26 27 -6 -29 -19
right_child=1 3 12 10 26 6 8 14 9 -11 15 24 -14 -15 19 16 -18 29 -20 -21 -22 -23 23 -25 25 -27 -28 28 -30 -31
leaf_value=-0.00054953245497346519 -0.0056160203114871427 0.013796582406684983 -0.003563950947043953 -0.0042237602140797071 0.0014661007852364142 0.010328210578727674 0.010105455738316844 0.0031997503347450766 0.13856603488326075 0.043462493664656696 0.02095206466621892 -0.027842430390417578 0.0035384368733372713 -0.017269717355892927 0.0043190436797555199 0.017189531382153896 0.0033557561934209629 -0.0012454507123474438 0.0020065552184698535 -0.031832883720344395 0.041856629096792414 0.053529663696404432 0.00040555197803635756 0.012032682113987484 0.018125643413380906 -0.0082203982779756185 -0.0062176258313560986 0.058075725376605991 0.009890624467769395 -0.011134849860064334
leaf_weight=58654 444 557 848 3637 597 537 69 2038 20 39 143 25 447 561 55 300 5336 2304 2744 80 59 31 1090 676 302 75 749 25 46 456
leaf_count=58654 444 557 848 3637 597 537 69 2038 20 39 143 25 447 561 55 300 5336 2304 2744 80 59 31 1090 676 302 75 749 25 46 456
internal_value=4.17443e-12 0.00132698 -0.00124108 0.00184328 0.00507154 0.00767161 0.017772 0.00515104 0.0429123 0.075701 0.000810458 -0.00277308 -0.00599615 -0.00902097 0.00193834 0.00209326 0.00409212 9.8304e-05 0.00294497 -0.0171043 0.0164842 0.023567 0.00275232 0.00485625 0.0103516 0.0128844 -0.00132313 0.00416486 0.0268572 -0.00287935
internal_weight=82944 24290 4066 20224 4902 3485 696 2789 159 59 15322 4039 1856 1409 2173 11283 5636 5647 2887 135 616 100 2210 1766 402 377 1417 668 71 2760
internal_count=82944 24290 4066 20224 4902 3485 696 2789 159 59 15322 4039 1856 1409 2173 11283 5636 5647 2887 135 616 100 2210 1766 402 377 1417 668 71 2760
is_linear=0
shrinkage=0.05


Tree=84
num_leaves=31
num_cat=0
split_feature=0 5 11 5 4 7 5 4 4 7 7 5 6 7 4 4 4 4 4 1 4 0 4 0 4 4 0 1 5 6
split_gain=23.1717 17.8444 11.9276 11.8899 26.1068 13.8045 19.331 40.2757 47.549 35.9308 35.3544 18.8806 16.3518 25.115 29.7866 42.5678 41.7757 19.3965 15.5057 26.8653 22.6302 12.7261 12.6402 12.2436 11.7281 17.617 11.6627 11.5181 11.2033 27.7117
threshold=1.6656405814955708 -0.36482234569996336 -0.76213734878520889 -0.65128935879477201 0.072170523892585367 -0.44226394673424807 -1.1922423828011939 -1.4193536365541799 -0.84198944541349652 -0.74611299300944822 -0.74611299300944822 -1.1210959212062963 -0.89145085320788475 -0.17427846833443938 -0.21651157167775612 0.57736419114068349 -0.52925050854562683 -1.3952967952566515 -0.81793260411596802 -0.95457715881165051 -0.19245473038022767 0.39239371894079061 -1.4193536365541799 0.57843162249431079 0.57736419114068349 0.96227365190113923 -1.1080731484177919 -0.37571107508284524 -1.157767925009574 -0.066328909107543868
decision_type=2 2 2 2 2 2 2 2 2 2 2 2 2 2 2 2 2 2 2 2 2 2 2 2 2 2 2 2 2 2
left_child=1 2 28 5 27 6 7 10 9 -9 21 12 18 14 16 23 17 -14 19 -7 -20 -4 -15 -16 -22 -26 -3 -5 -1 -30
right_child=-2 26 3 4 -6 11 -8 8 -10 -11 -12 -13 13 22 15 -17 -18 -19 20 -21 24 -23 -24 -25 25 -27 -28 -29 29 -31
leaf_value=-0.00052183339617482784 0.0033255236882015777 -0.001276216566067911 -0.00659280660163079 -0.0060133043610538462 0.00038221495571105725 -0.0098650041736978653 -0.0010996727008843238 0.0031639213832871369 0.0029442423119679759 0.034164763251676285 -0.027897722140648801 -0.00050115639825983982 0.0074759776955722161 -0.010250021162891745 -0.021604438444289067 -0.0065687858228455302 0.027625114759818343 -0.017955831553811183 0.0085379623592274998 -0.043238730552826038 -0.022592518675902423 0.030678863344757362 8.7157415408656264e-05 -0.048246034021772771 0.014222627020646611 -0.014427136843913897 0.00080363186184139303 -0.015845187167707442 -0.0018881555334269208 0.0097002737679624199
leaf_weight=7463 4927 8225 49 2222 1916 187 5220 150 1432 248 164 6404 111 333 69 250 96 231 180 89 174 43 2642 115 77 177 37338 344 1082 986
leaf_count=7463 4927 8225 49 2222 1916 187 5220 150 1432 248 164 6404 111 333 69 250 96 231 180 89 174 43 2642 115 77 177 37338 344 1082 986
internal_value=1.15658e-12 -0.000210016 -0.001106 -0.00172408 -0.00403391 -0.00116268 0.000526174 0.00459469 0.00719323 0.022481 -0.0139808 -0.00227079 -0.00466622 -0.00325712 -0.0107192 -0.0200028 -0.00152044 -0.00970165 -0.0107983 -0.0206268 -0.00633672 0.0108276 -0.00106991 -0.0382554 -0.0125924 -0.00574197 0.000428179 -0.00733137 0.000380552 0.00363708
internal_weight=82944 78017 32454 22923 4482 18441 7306 2086 1830 398 256 11135 4731 3847 872 434 438 342 884 276 608 92 2975 184 428 254 45563 2566 9531 2068
internal_count=82944 78017 32454 22923 4482 18441 7306 2086 1830 398 256 11135 4731 3847 872 434 438 342 884 276 608 92 2975 184 428 254 45563 2566 9531 2068
is_linear=0
shrinkage=0.05


Tree=85
num_leaves=31
num_cat=0
split_feature=0 5 11 2 0 6 5 0 3 2 0 4 4 9 5 12 2 3 4 4 2 4 6 4 7 0 3 0 0 12
split_gain=20.9125 16.1045 10.7647 11.2721 18.5917 10.5582 10.111 25.1946 9.97158 18.6733 10.6679 9.94798 23.4357 37.5871 20.7292 10.2263 20.697 11.6897 11.7811 9.99273 9.88345 12.6204 14.2882 9.44911 9.94707 9.25307 9.09299 9.05444 8.78792 9.18612
threshold=1.6656405814955708 -0.36482234569996336 -0.76213734878520889 -0.2427789396635455 0.097081496934734154 -0.91243033262339701 -1.157767925009574 -0.45565471011027431 1.4538561166522213 1.9215687388713503 0.94605603681269745 0.67359155633079737 0.38490946076045557 1.4439328533356688 1.3293991099845883 -0.6963106238227913 4.2843765881725142 3.6202699090239325 0.91415996930608234 0.60142103243821199 -0.60188752348015928 -0.81793260411596802 -0.91243033262339701 0.12028420648764231 -0.74611299300944822 -0.67404874028486339 -0.37879062104434935 1.4992753960410625 0.20345515022130037 -1.0444659357341868
decision_type=2 2 2 2 2 2 2 2 2 2 2 2 2 2 2 2 2 2 2 2 2 2 2 2 2 2 2 2 2 2
left_child=1 2 6 -4 25 8 20 -8 9 -3 -10 12 -2 14 -14 17 -17 26 -19 -16 21 22 -1 -9 -25 -5 -13 -22 -6 -30
right_child=11 5 3 4 28 -7 7 23 10 -11 -12 15 13 -15 19 16 -18 18 -20 -21 27 -23 -24 24 -26 -27 -28 -29 29 -31
leaf_value=0.016452975772321226 0.0032949125648959695 -0.0010677576586874556 -0.0013512406790954497 -0.0060092043494848818 0.013603261321830221 0.00080380368261745059 -0.004742077388732998 0.002540552771262485 0.041811756995905724 -0.045226221516107522 -0.00076533091623493801 -0.022914828018595776 0.007623702583331911 -0.0031880284746219514 0.050631286266582969 -0.0031014504520437418 -0.052377560518851334 0.047803568653762341 0.0079614670441052037 0.01950762055282082 0.0012870635390801143 -0.00097520874077553291 -0.011399977088374202 0.024297469685351927 0.0084662703632950014 -0.021581751008087506 0.002881248604877948 -0.0078132655099987704 0.005794705513195368 -0.0062437813081706872
leaf_weight=50 3109 9663 21487 162 79 35817 645 621 28 24 31 36 63 133 98 679 22 28 55 35 4755 1786 582 116 686 232 669 290 200 763
leaf_count=50 3109 9663 21487 162 79 35817 645 621 28 24 31 36 63 133 98 679 22 28 55 35 4755 1786 582 116 686 232 669 290 200 763
internal_value=-2.92391e-12 -0.000199516 -0.0010507 -0.00163787 -0.00592679 0.00040677 0.000361525 0.00345523 -0.00105235 -0.00117716 0.0194407 0.00315925 0.00463781 0.017328 0.0312496 -0.00025466 -0.00464792 0.00365356 0.0214022 0.0424408 -0.000495742 -0.00312401 -0.00919642 0.0071708 0.0107561 -0.0151788 0.001564 0.000763952 -0.00242841 -0.00374358
internal_weight=82944 78017 32454 22923 1436 45563 9531 2068 9746 9687 59 4927 3438 329 196 1489 701 788 83 133 7463 2418 632 1423 802 394 705 5045 1042 963
internal_count=82944 78017 32454 22923 1436 45563 9531 2068 9746 9687 59 4927 3438 329 196 1489 701 788 83 133 7463 2418 632 1423 802 394 705 5045 1042 963
is_linear=0
shrinkage=0.05


Tree=86
num_leaves=31
num_cat=0
split_feature=5 4 4 6 1 5 7 5 2 2 1 4 5 0 6 5 2 1 7 0 3 5 2 4 7 1 3 3 2 2
split_gain=18.9318 19.0433 20.8529 17.7287 18.6606 17.1947 15.5544 16.8653 14.7387 13.3384 12.0925 12.5086 20.6801 33.9741 26.8126 23.3082 24.7527 18.9078 16.4129 27.4548 13.7862 18.4331 13.0957 12.9254 12.3351 12.2252 15.8777 11.4721 10.9227 10.8088
threshold=0.42390874111029014 -1.1306715409838382 -1.4193536365541799 1.0000000180025095e-35 -0.32676510967635014 1.1577679250095743 -0.081021797575299523 1.2818148012906689 0.21904845369222903 1.5009240506625152 2.2016679155160426 -0.43302314335551256 0.90745195762283271 -0.42926151679878671 -0.89145085320788475 1.224450581347845 -0.1016359671750257 0.50800253104209669 -0.67395931651126872 -1.5387088160037437 0.92668547105854981 1.0414542967587244 -0.59157750407430887 -0.76981892152091091 -0.67395931651126872 1.0146219019038945 -0.28851336768288943 0.23611652982923878 2.413567648051397 1.5009240506625152
decision_type=2 2 2 2 2 2 2 2 2 2 2 2 2 2 2 2 2 2 2 2 2 2 2 2 2 2 2 2 2 2
left_child=-1 2 5 10 -5 -2 -4 8 -8 -9 11 12 22 18 15 16 -15 -16 -14 -20 21 -21 -3 -19 -18 26 -23 -17 -13 -22
right_child=1 3 6 4 -6 -7 7 9 -10 -11 -12 28 13 14 17 27 24 23 19 20 29 25 -24 -25 -26 -27 -28 -29 -30 -31
leaf_value=-0.00062189189185839211 -0.0024229301542636958 0.010010827746681081 -0.0017788204548497364 0.014196619494368937 0.0026385990250472717 0.0051122797763421901 -0.0078289998883985159 0.0071806195601486064 -0.02224085959598214 -0.011880191030272554 -0.024119978915899995 -0.00042298137562922944 0.0018665227165323391 0.015234096050897445 0.023945822423899688 0.018892360432711367 -0.0089300628783419711 0.0094089533845332085 0.0028510842080736024 0.012511584406194744 -0.010333500361842354 0.014191565477813129 -0.004496228885942608 -0.0025718851646354566 -0.036232257790417756 0.019690377761920296 0.053568629546498416 -0.0020887113102674181 0.014036250682097904 0.033778104926681235
leaf_weight=49437 1576 182 1699 361 10702 1457 426 219 304 158 50 12413 198 44 146 73 64 561 187 100 41 32 1071 376 117 63 128 606 132 21
leaf_count=49437 1576 182 1699 361 10702 1457 426 219 304 158 50 12413 198 44 146 73 64 561 187 100 41 32 1071 376 117 63 128 606 132 21
internal_value=3.1219e-13 0.000917554 -0.00167718 0.00146514 0.00301575 0.00119685 -0.00478372 -0.00939556 -0.0138307 -0.000807731 0.000432054 0.000506207 0.00293714 0.00535779 0.0019026 -0.00445466 -0.0184018 0.00720913 0.014274 0.0185689 0.0262032 0.0303485 -0.00238906 0.00460127 -0.0265784 0.0383471 0.0456932 0.000166986 -0.00027084 0.00460753
internal_weight=82944 33507 5839 27668 11063 3033 2806 1107 730 377 16605 16555 4010 2757 1987 904 225 1083 770 572 385 323 1253 937 181 223 160 679 12545 62
internal_count=82944 33507 5839 27668 11063 3033 2806 1107 730 377 16605 16555 4010 2757 1987 904 225 1083 770 572 385 323 1253 937 181 223 160 679 12545 62
is_linear=0
shrinkage=0.05


Tree=87
num_leaves=31
num_cat=0
split_feature=0 5 4 8 4 4 5 0 3 8 4 5 7 1 2 4 4 5 5 2 6 4 3 4 5 4 6 2 5 4
split_gain=18.1984 13.5994 14.629 17.8084 23.7943 21.5312 18.9103 23.9095 18.8272 17.3011 16.68 19.7889 18.047 16.1007 21.884 20.91 15.3408 15.3111 19.5113 15.2721 15.2365 15.0779 19.9726 13.5076 15.6186 38.2248 51.9533 24.0323 22.0264 20.3055
threshold=1.6656405814955708 0.30505838731795659 -1.1306715409838382 0.19793268244031401 0.67359155633079737 0.096227365190113837 1.366818105386481 1.1886801523617443 2.3967518165143686 0.37100531152820115 -0.81793260411596802 0.90745195762283271 -0.67395931651126872 0.50800253104209669 2.5083282097764625 0.31273893686787019 -1.4193536365541799 0.53960840463842696 1.2818148012906689 0.21904845369222903 1.0000000180025095e-35 0.84198944541349674 0.50611494240332422 -0.45707998465304106 0.95394520574413566 -0.81793260411596802 -0.89145085320788475 0.97184569737593107 1.254328062751503 -0.93821681060361073
decision_type=2 2 2 2 2 2 2 2 2 2 2 2 2 2 2 2 2 2 2 2 2 2 2 2 2 2 2 2 2 2
left_child=1 -1 9 4 5 6 7 23 10 16 11 -5 -13 15 20 -7 -3 -18 19 -19 -15 22 -6 24 29 26 28 -27 -26 -4
right_child=-2 2 3 8 21 13 -8 -9 -10 -11 -12 12 -14 14 -16 -17 17 18 -20 -21 -22 -23 -24 -25 25 27 -28 -29 -30 -31
leaf_value=-0.00074887637627045478 0.0029471161077398601 -0.0007799645628563239 0.010964167588077212 -0.0024466097532666511 -0.015419506336230602 0.021426302478721484 -0.0051659510242749581 0.014362455241713121 -0.023088085617388735 0.0015694878197694069 -0.00062175448359555723 0.0011185713790289327 0.015064946608379684 -0.0033540374618317259 0.023593249554849333 0.0061033050393040919 0.0048749965174299092 -0.0075362211810769859 8.8927155734727954e-05 -0.019978160587656391 0.0069349708422213833 0.00082948889216408943 0.0006954633578087838 -0.00063798921455250266 -0.042883854038042221 0.026483356982317297 0.010333620411432874 0.0058809972744125272 -0.0026145594897108121 -0.0024880009048980057
leaf_weight=45182 4927 1716 394 572 359 416 738 453 89 2329 12491 395 562 563 144 479 213 540 381 454 997 4065 414 2080 84 341 293 242 57 974
leaf_count=45182 4927 1716 394 572 359 416 738 453 89 2329 12491 395 562 563 144 479 213 540 381 454 997 4065 414 2080 84 341 293 242 57 974
internal_value=7.45608e-13 -0.000186119 0.000588253 0.00106852 0.00239655 0.00402833 0.00229734 0.00341729 -0.000163888 -0.00173096 -1.83638e-05 0.00491097 0.00930861 0.00779534 0.00494323 0.0132255 -0.00405745 -0.00759911 -0.00953146 -0.013219 0.00322169 -0.000387724 -0.00678872 0.00230684 0.00487508 0.00956785 -0.0016671 0.0179314 -0.0266048 0.00138638
internal_weight=82944 78017 32835 27202 13093 8255 5656 4918 14109 5633 14020 1529 957 2599 1704 895 3304 1588 1375 994 1560 4838 773 4465 2385 1017 434 583 141 1368
internal_count=82944 78017 32835 27202 13093 8255 5656 4918 14109 5633 14020 1529 957 2599 1704 895 3304 1588 1375 994 1560 4838 773 4465 2385 1017 434 583 141 1368
is_linear=0
shrinkage=0.05


Tree=88
num_leaves=31
num_cat=0
split_feature=0 11 9 4 1 9 4 6 1 4 9 2 0 9 6 2 0 6 2 4 4 0 1 12 9 0 3 0 9 4
split_gain=16.424 11.6121 13.8231 40.2813 21.138 18.5842 25.8584 20.6383 20.7036 19.7247 22.9476 13.3399 13.2246 12.9819 12.9252 12.9083 13.2676 11.8927 20.0121 17.549 11.7865 11.5427 14.9594 13.0097 16.426 15.5842 12.3441 13.8833 19.8284 26.1955
threshold=1.6656405814955708 -0.76213734878520889 -1.2514084728909125 -0.38490946076045524 0.3240128706087485 0.2887865706671337 0.67359155633079737 -0.91243033262339701 0.50800253104209669 0.76981892152091114 -0.38504876088951151 1.1451585094059495 -0.38740005267999916 0.38504876088951162 1.7077461606570974 2.017812398497465 0.8947109700406356 1.0000000180025095e-35 0.97184569737593107 1.0344441757937248 -1.2028420648764235 1.0372302355971452 -1.0823603647649691 0.69631062382279152 0.77009752177902324 0.93116348106953939 1.6783695057681489 0.2572883657619281 0.57757314133426751 -0.52925050854562683
decision_type=2 2 2 2 2 2 2 2 2 2 2 2 2 2 2 2 2 2 2 2 2 2 2 2 2 2 2 2 2 2
left_child=1 2 3 14 -5 6 7 -4 -9 10 -8 21 -7 20 -1 16 -10 -11 19 -19 -13 23 -23 24 -3 -26 27 28 -25 -30
right_child=-2 11 5 4 -6 12 9 8 15 17 -12 13 -14 -15 -16 -17 -18 18 -20 -21 -22 22 -24 26 25 -27 -28 -29 29 -31
leaf_value=0.0035509016333030679 0.0027997603018846476 -0.00030702398312350472 -0.0010733390491959726 -0.0054777075785321303 -0.022296708653102626 0.007064047273419455 -0.021096357244455268 0.0085143338004846653 -0.00059423624151922882 -0.001860554983290462 0.0011332911844095048 -0.040368572421945061 -0.0004408019747698589 0.0031679715681640465 0.023765217993852936 -0.025204500534333464 0.0083851558607536559 3.7702186943918895e-05 -0.0061648773575866201 0.015134833598140371 -0.0048828433190161984 -0.047178787346929318 -0.0037648523733132457 -0.0017114814870375261 0.0087740677922730059 -0.0026613519288650276 0.023736056550703152 -0.0056165250011802927 0.021462950761613669 -0.0010536435795051842
leaf_weight=780 4927 29498 1270 1271 219 614 241 3174 1189 1728 224 26 13349 3339 88 43 629 326 302 470 234 20 2519 12305 965 431 47 2181 218 317
leaf_count=780 4927 29498 1270 1271 219 614 241 3174 1189 1728 224 26 13349 3339 88 43 629 326 302 470 234 20 2519 12305 965 431 47 2181 218 317
internal_value=2.57839e-12 -0.000176813 0.00068807 -0.00296188 -0.00794976 0.00105339 0.00274737 0.00462257 0.00605927 -0.000845194 -0.0103879 -0.000607046 -0.000110789 0.00233001 0.00560028 0.00187207 0.0025125 0.000724993 0.00479405 0.00895184 -0.00843142 -0.000824989 -0.00410683 -0.000643696 -5.62135e-05 0.0052435 -0.00184822 -0.00192827 -0.00130178 0.00812134
internal_weight=82944 78017 25917 2358 1490 23559 9596 6305 5035 3291 465 52100 13963 3599 868 1861 1818 2826 1098 796 260 48501 2539 45962 30894 1396 15068 15021 12840 535
internal_count=82944 78017 25917 2358 1490 23559 9596 6305 5035 3291 465 52100 13963 3599 868 1861 1818 2826 1098 796 260 48501 2539 45962 30894 1396 15068 15021 12840 535
is_linear=0
shrinkage=0.05


Tree=89
num_leaves=31
num_cat=0
split_feature=0 5 1 6 0 2 4 5 0 8 1 11 0 1 2 1 11 1 7 5 4 4 7 1 0 7 7 2 0 4
split_gain=14.8227 12.5088 10.9633 9.79599 9.52414 9.13745 24.0096 15.6093 9.85761 9.52682 20.3029 11.4359 11.0527 9.74217 9.12018 11.7268 8.85686 11.1542 9.44555 22.6016 21.5186 45.9281 20.3225 19.2027 15.7588 14.4729 14.424 11.9303 9.90563 8.75108
threshold=1.6656405814955708 -0.36482234569996336 -0.59795434504503098 1.7077461606570974 -1.1393166857209629 -0.48423392821982103 0.67359155633079737 1.254328062751503 0.82022941833538032 1.0792073135794762 -0.038199108313559695 -0.76213734878520889 0.73739952463444869 -0.73039392125437241 -0.038050289856669355 -0.26851208663228626 -0.76213734878520889 -0.48422008332259775 -0.44226394673424807 -1.1922423828011939 -1.4193536365541799 -0.52925050854562683 -0.74611299300944822 -1.144176274179687 1.0684796879210554 -0.74611299300944822 -0.17427846833443938 -0.22208707570491562 0.39239371894079061 -1.4674673191492369
decision_type=2 2 2 2 2 2 2 2 2 2 2 2 2 2 2 2 2 2 2 2 2 2 2 2 2 2 2 2 2 2
left_child=1 16 3 -2 -3 6 8 -8 9 11 -11 13 -13 -6 -4 -16 -1 18 19 20 25 22 -22 26 -23 28 -20 -25 -18 -17
right_child=2 4 14 -5 5 -7 7 -9 -10 10 -12 12 -14 -15 15 29 17 -19 23 -21 21 24 -24 27 -26 -27 -28 -29 -30 -31
leaf_value=0.0003628466247595026 0.0049307932863263673 -0.0012176359074299228 -0.0031691469818538446 0.032509668198365135 0.023841356883685178 0.0004361013529047788 8.5312870949638455e-06 -0.016915799998057385 0.025516299615529453 0.0043419375410406495 0.039765804824936725 0.0023747538242507821 -0.035121865756809714 0.0073714599372364398 0.02130669197924007 0.010061072105435737 -0.0063256033297095981 -0.0040170324566875838 -0.045427776299990147 -0.0010383667787330229 0.010514235920210294 0.0013854843065910962 0.033235980823720361 -0.0011290786994578054 0.046192853339016439 -0.021754561045548015 -0.0076620627415032345 -0.021410428809818544 0.032351934708654877 0.0020132537192237543
leaf_weight=9531 74 7854 664 57 104 33919 1485 150 66 113 63 1132 20 657 87 372 49 3574 26 5894 191 1041 203 10798 20 112 917 73 25 3673
leaf_count=9531 74 7854 664 57 104 33919 1485 150 66 113 63 1132 20 657 87 372 49 3574 26 5894 191 1041 203 10798 20 112 917 73 25 3673
internal_value=1.54466e-12 -0.000167972 0.00265977 0.0169308 0.000366359 0.000696272 0.00302469 -0.00154416 0.00649109 0.00589 0.0170221 0.00486583 0.00172377 0.00962227 0.00226997 0.00314402 -0.000918133 -0.00145074 -0.000976718 0.000406565 0.00559635 0.00764348 0.0222211 -0.00185898 0.00223011 -0.0104176 -0.00870332 -0.00126527 0.00674113 0.00275337
internal_weight=82944 78017 4927 131 45563 37709 3790 1635 2155 2089 176 1913 1152 761 4796 4132 32454 22923 19349 7535 1641 1455 394 11814 1061 186 943 10871 74 4045
internal_count=82944 78017 4927 131 45563 37709 3790 1635 2155 2089 176 1913 1152 761 4796 4132 32454 22923 19349 7535 1641 1455 394 11814 1061 186 943 10871 74 4045
is_linear=0
shrinkage=0.05


Tree=90
num_leaves=31
num_cat=0
split_feature=5 4 8 4 2 4 8 5 1 0 1 7 4 2 5 3 5 7 2 5 12 4 5 12 3 5 4 2 5 1
split_gain=13.6328 15.712 18.1888 27.2837 18.5885 16.9831 21.0526 17.0443 15.8322 22.7155 15.0274 14.7345 14.7022 27.3018 17.5407 22.5796 14.5193 14.4476 14.6479 19.536 16.2883 14.4033 18.6078 22.8723 15.4046 13.7707 25.768 18.1825 17.5946 19.1592
threshold=0.42390874111029014 -1.1306715409838382 0.19793268244031401 0.67359155633079737 -0.62213468932412297 -1.4193536365541799 0.74090168677562918 1.3937669968154378 2.9043329545264673 1.8177858471927231 3.1754622378609842 1.7010387896728181 0.14434104778517079 3.2858080162893386 1.4032428797398568 3.6202699090239325 1.3816171070223859 -0.74611299300944822 0.69854287917992519 1.3816171070223859 -0.6963106238227913 -0.81793260411596802 0.90745195762283271 0.34815531191139576 1.9092313060998976 0.99864169796777091 -0.3367957781653988 1.3919123727225957 1.3816171070223859 3.4175661722137254
decision_type=2 2 2 2 2 2 2 2 2 2 2 2 2 2 2 2 2 2 2 2 2 2 2 2 2 2 2 2 2 2
left_child=-1 5 3 4 -3 17 7 -7 21 -10 -5 12 13 -6 15 -14 -17 -2 -19 20 -20 22 -4 -24 -25 26 -13 -28 -27 -30
right_child=1 2 8 10 11 6 -8 -9 9 -11 -12 25 14 -15 -16 16 -18 18 19 -21 -22 -23 23 24 -26 28 27 -29 29 -31
leaf_value=-0.00052772972261942296 -0.0058906371370203818 0.018704082974073669 -0.0035244243428643549 0.00022674088853065529 0.0020726423464053623 -0.0091062273076865635 0.0022047231133446952 0.0043606431195520939 -0.066067023981701251 -0.0022253897220300706 -0.013104086981905095 -0.0087593954434993983 0.0070740673373466748 -0.018269244446187712 -0.0073419932552000015 0.0094790448628676444 0.060590510996002149 -0.00017943004375324179 0.033080335875963089 -0.0010520729038151452 0.0099741339277726482 -0.00045714097667629114 0.0023502786031825195 0.015347264367094422 0.059297491964839757 0.015402802173962633 0.017638385331654852 -0.0087607881303356835 0.029623920504469426 -0.0041934023962975232
leaf_weight=49437 606 217 467 4868 4661 1686 847 273 22 38 221 293 1690 171 205 24 33 1551 93 359 424 12287 609 394 21 783 270 86 50 258
leaf_count=49437 606 217 467 4868 4661 1686 847 273 22 38 221 293 1690 171 205 24 33 1551 93 359 424 12287 609 394 21 783 270 86 50 258
internal_value=1.97578e-12 0.000778625 0.00127602 0.00255837 0.00425289 -0.00157826 -0.00438177 -0.00722953 -5.59673e-06 -0.025634 -0.000352177 0.003885 0.00283219 0.00135276 0.00649439 0.00811801 0.0390699 0.00101543 0.00273981 0.00790846 0.0141306 0.000106009 0.0047468 0.00851893 0.0175713 0.00798973 0.00222255 0.0112611 0.0114204 0.00129642
internal_weight=82944 33507 27668 13830 8741 5839 2806 1959 13838 60 5089 8524 6784 4832 1952 1747 57 3033 2427 876 517 13778 1491 1024 415 1740 649 356 1091 308
internal_count=82944 33507 27668 13830 8741 5839 2806 1959 13838 60 5089 8524 6784 4832 1952 1747 57 3033 2427 876 517 13778 1491 1024 415 1740 649 356 1091 308
is_linear=0
shrinkage=0.05


Tree=91
num_leaves=31
num_cat=0
split_feature=0 5 1 6 6 5 3 4 3 0 7 4 12 4 5 4 2 2 5 2 12 2 2 1 11 2 5 4 2 0
split_gain=13.2944 10.4838 9.94446 8.84088 8.54989 17.8361 13.496 11.1601 8.37218 10.5937 10.3524 15.1476 18.9712 71.5703 20.0364 17.9503 15.2536 13.9021 13.1803 12.6236 10.2277 8.22734 8.11936 10.9715 7.99332 10.2004 16.1122 14.4541 8.74897 8.94251
threshold=1.6656405814955708 -0.36482234569996336 -0.59795434504503098 1.7077461606570974 0.30811198432835407 1.366818105386481 2.525628365157282 -0.21651157167775612 1.4061233754843081 1.4992753960410625 0.50473852548845832 -0.19245473038022767 1.0000000180025095e-35 0.60142103243821199 1.366818105386481 0.38490946076045557 0.8739712444562644 1.6955139360754061 1.3068553720381473 2.8051086824331208 1.0000000180025095e-35 3.1142813650749299 -0.038050289856669355 -0.18478251449263597 -0.76213734878520889 -0.2427789396635455 -0.80943899875565417 -0.79387576281843952 -1.2590735014296508 1.4992753960410625
decision_type=2 2 2 2 2 2 2 2 2 2 2 2 2 2 2 2 2 2 2 2 2 2 2 2 2 2 2 2 2 2
left_child=1 24 3 -2 6 -6 8 -7 -3 10 11 19 13 17 15 16 -14 18 -13 20 -10 -11 -4 -24 28 -26 -27 -28 -1 -30
right_child=2 4 22 -5 5 7 -8 -9 9 21 -12 12 14 -15 -16 -17 -18 -19 -20 -21 -22 -23 23 -25 25 26 27 -29 29 -31
leaf_value=-0.010308229233239818 0.0047106402913561548 -0.00026950943403195331 -0.0029843297470550346 0.030910571136822301 0.0017201676363805376 -0.019040679410092617 -0.026300191273912789 0.015208683445650554 -0.0076932971017668024 -0.0033850669375942548 -0.00575527368208947 0.025348315015435219 -0.0083019441304107502 -0.0013721315285974099 0.013873054394234885 0.0041823655724965176 -0.051967702073355521 0.02759412201479651 0.072028173734584172 -0.020076648241868528 0.0062445264670236231 0.029139428958296777 0.015260530981749041 0.002432169796979587 -0.0010791536559560714 -0.00095771758881977405 -0.022626132205208597 -0.0061702033934656706 0.00089965284194591471 -0.007042469638682932
leaf_weight=188 74 30943 664 57 11782 158 49 28 175 699 212 20 60 165 318 193 30 52 62 66 531 20 174 3958 21487 838 201 397 8974 369
leaf_count=188 74 30943 664 57 11782 158 49 28 175 699 212 20 60 165 318 193 30 52 62 66 531 20 174 3958 21487 838 201 397 8974 369
internal_value=-1.53408e-12 -0.000159078 0.00251893 0.0161106 0.000330096 0.00147764 -7.87107e-05 -0.0138849 -4.04095e-05 0.002683 0.00465352 0.00597329 0.010381 0.0206729 0.0052607 -0.00441679 -0.0228572 0.047818 0.0606428 0.00083479 0.00278968 -0.00248035 0.00214768 0.00297238 -0.00084584 -0.00135182 -0.00543175 -0.0117014 0.000371091 0.00058598
internal_weight=82944 78017 4927 131 45563 11968 33595 186 33546 2603 1884 1672 900 299 601 283 90 134 82 772 706 719 4796 4132 32454 22923 1436 598 9531 9343
internal_count=82944 78017 4927 131 45563 11968 33595 186 33546 2603 1884 1672 900 299 601 283 90 134 82 772 706 719 4796 4132 32454 22923 1436 598 9531 9343
is_linear=0
shrinkage=0.05


Tree=92
num_leaves=31
num_cat=0
split_feature=0 5 1 1 6 8 6 2 3 5 2 2 12 0 4 0 6 5 8 8 4 5 1 5 0 4 2 0 4 7
split_gain=11.9982 9.47265 9.46287 8.41201 12.8981 14.7444 8.12846 9.25626 9.649 11.1046 9.45469 7.80338 7.46618 9.81354 16.1986 22.1291 20.1487 19.3407 22.9097 19.2027 30.4741 16.014 15.7134 11.6977 11.5997 16.1957 16.1071 11.271 10.2878 9.66705
threshold=1.6656405814955708 -0.30505838731795659 -0.86307710905502166 -1.0823603647649691 0.30811198432835407 -1.7404918888887655 -0.91243033262339701 2.2215774627024731 0.20902536017874518 1.0414542967587244 -0.41363371481135564 -1.5003388811877232 -1.0444659357341868 0.61119873020919024 -0.81793260411596802 0.30657967186768692 -0.89145085320788475 -0.85925218225375766 -1.7404918888887655 1.0000000180025095e-35 -1.4193536365541799 -1.4032428797398566 -0.90010790263129781 -1.157767925009574 0.79330981145986013 -1.4193536365541799 -0.72758567200538316 0.055158686266356984 -0.24056841297528506 -0.081021797575299523
decision_type=2 2 2 2 2 2 2 2 2 2 2 2 2 2 2 2 2 2 2 2 2 2 2 2 2 2 2 2 2 2
left_child=1 3 -2 4 5 -1 7 8 -3 -10 -11 -7 -5 14 15 17 22 19 -19 21 -21 -14 -17 -23 26 -26 -15 -22 29 -28
right_child=2 6 -4 12 -6 11 -8 -9 9 10 -12 -13 13 24 -16 16 -18 18 -20 20 27 23 -24 -25 25 -27 28 -29 -30 -31
leaf_value=-0.010052988510079816 0.027933975593704322 -0.0019069171372470271 0.002204987639873594 -0.0020559159064311764 -0.033503386761165328 0.024988178028885661 0.00068138233004879051 -0.031980189386134346 -0.0094660967024729446 0.014097607918648107 0.0017188086447227713 -0.0012022864347051333 0.013453947303154565 0.018799774541661523 0.0001228741284961001 0.00340598569680217 -0.0068665107272624969 0.010602552551817872 -0.0073429553338531465 -0.0062205265384233958 0.010288047553256388 -0.014101910982854671 -0.035851554034577147 -0.0015059542696065015 -0.010780501749166954 0.0010216671328937207 0.012688515995159619 0.031955952174735791 5.0081605173632693e-05 0.00031769673139298531
leaf_weight=585 36 6739 4891 6728 36 29 34894 24 209 165 2368 1474 125 187 14031 33 922 201 1544 322 662 278 112 547 315 3765 423 66 981 252
leaf_count=585 36 6739 4891 6728 36 29 34894 24 209 165 2368 1474 125 187 14031 33 922 201 1544 322 662 278 112 547 315 3765 423 66 981 252
internal_value=-3.98215e-13 -0.000151124 0.00239298 -0.000784281 -0.00382986 -0.00331825 0.00032829 -0.000967955 -0.000889451 0.00161117 0.00252517 -0.000696948 -0.000578883 -0.000177628 -0.000735649 -0.00323896 -0.00959128 -0.0014291 -0.00527588 0.00192721 0.0065874 -0.00322352 -0.0269171 -0.00575041 0.00159762 0.00011047 0.00488985 0.0122524 0.0033191 0.00807008
internal_weight=82944 78017 4927 33618 2124 2088 44399 9505 9481 2742 2533 1503 31494 24766 18843 4812 1067 3745 1745 2000 1050 950 145 825 5923 4080 1843 728 1656 675
internal_count=82944 78017 4927 33618 2124 2088 44399 9505 9481 2742 2533 1503 31494 24766 18843 4812 1067 3745 1745 2000 1050 950 145 825 5923 4080 1843 728 1656 675
is_linear=0
shrinkage=0.05


Tree=93
num_leaves=31
num_cat=0
split_feature=0 4 0 4 4 0 4 3 4 9 3 5 6 1 5 2 4 8 4 5 5 2 8 4 5 1 0 2 4 3
split_gain=10.9029 13.3476 14.6251 30.4776 30.6506 21.9672 13.4566 12.3646 13.365 12.0663 10.7849 9.55389 8.79062 13.3446 8.39447 12.7393 10.4579 15.9888 13.4035 13.1673 18.4142 19.1082 11.586 19.0007 18.319 17.7471 17.2031 13.0787 12.776 17.1689
threshold=1.9255171228095136 0.67359155633079737 2.4867904811690109 0.38490946076045557 0.072170523892585367 2.0852076738313352 0.55330734984315499 3.012964256391117 -0.74576208022338231 1.2514084728909129 3.6202699090239325 1.3494002584220433 1.7077461606570974 3.4175661722137254 0.30505838731795659 0.97184569737593107 -1.1547283822813665 0.37100531152820115 -1.4193536365541799 0.53960840463842696 1.2818148012906689 0.21904845369222903 0.19793268244031401 0.67359155633079737 1.366818105386481 2.9043329545264673 1.8177858471927231 -0.6362930140224613 0.84198944541349674 0.50611494240332422
decision_type=2 2 2 2 2 2 2 2 2 2 2 2 2 2 2 2 2 2 2 2 2 2 2 2 2 2 2 2 2 2
left_child=14 2 3 4 7 -6 11 -2 -9 -3 12 -5 13 -10 15 -1 17 18 -16 -20 21 -21 23 24 27 -24 -27 -18 29 -25
right_child=1 9 -4 6 5 -7 -8 8 10 -11 -12 -13 -14 -15 16 -17 22 -19 19 20 -22 -23 25 28 -26 26 -28 -29 -30 -31
leaf_value=-0.00049876691930884572 0.0062518139566086111 -0.011527530592061746 0.00074842753325973527 0.024200519930571318 0.0066708464056401606 -0.047842937406329888 0.012304917009683645 -0.0037526249169157104 0.080662511622843658 0.0025054451658622291 0.010527170224763129 0.063239892195200639 0.019664945428570113 0.028465537115931513 -0.00079150166051858537 -0.01976043967649254 0.014218004058847298 0.0016321511407055376 0.0048285544446042307 -0.0067097866610309285 9.9629120359168166e-05 -0.021377039082782726 2.4306209248854972e-05 -0.014419854028328145 -0.0023715114450450752 -0.062995529801330788 -0.0023720881007611751 0.0038662622391478288 0.00058998081533900631 0.00043119373310850388
leaf_weight=46549 580 246 825 25 33 42 41 39 24 406 46 42 30 25 1749 86 319 2391 196 521 384 387 14769 359 1190 22 25 7015 4153 425
leaf_count=46549 580 246 825 25 33 42 41 39 24 406 46 42 30 25 1749 86 319 2391 196 521 384 387 14769 359 1190 22 25 7015 4153 425
internal_value=2.23635e-12 0.00331807 0.00559088 0.0099005 0.00660827 -0.0238569 0.0348666 0.00967935 0.0218011 -0.00278921 0.0297739 0.048673 0.0409808 0.0540314 -9.90396e-05 -0.000534288 0.000499627 -0.00146871 -0.00375916 -0.00724735 -0.0090793 -0.0129611 0.000891388 0.0019532 0.00338283 -7.33144e-05 -0.030749 0.00431652 -0.000515147 -0.00636922
internal_weight=82944 2404 1752 927 819 75 108 744 164 652 125 67 79 49 80540 46635 33905 5628 3237 1488 1292 908 28277 13461 8524 14816 47 7334 4937 784
internal_count=82944 2404 1752 927 819 75 108 744 164 652 125 67 79 49 80540 46635 33905 5628 3237 1488 1292 908 28277 13461 8524 14816 47 7334 4937 784
is_linear=0
shrinkage=0.05


Tree=94
num_leaves=31
num_cat=0
split_feature=0 1 5 4 9 0 9 0 6 0 1 4 5 5 8 3 4 5 6 10 4 5 6 7 0 4 1 4 5 4
split_gain=10.3215 8.68095 8.02257 8.02188 14.7453 14.0117 11.2165 8.35388 7.95563 7.80973 9.03652 20.3417 8.57228 8.20902 14.1628 9.41321 8.68512 8.12531 9.88798 7.85546 7.50324 7.48082 12.6235 7.39584 18.0981 16.7094 42.7826 45.7276 25.0703 17.069
threshold=1.6656405814955708 -0.59795434504503098 -0.36482234569996336 -1.4915241604467655 1.2514084728909129 1.7871021164344347 0.77009752177902324 1.7273137874825626 1.7077461606570974 -1.1080731484177919 -0.31531501214423474 0.67359155633079737 1.254328062751503 1.1577679250095743 -1.7404918888887655 1.7801869735868745 -0.74576208022338231 0.36482234569996347 1.0000000180025095e-35 1.0000000180025095e-35 -0.38490946076045524 1.3068553720381473 -0.91243033262339701 -0.44226394673424807 -0.36367991677752726 -0.52925050854562683 -0.53959452152039977 -1.3471831126615943 -0.85925218225375766 -0.89010312800855329
decision_type=2 2 2 2 2 2 2 2 2 2 2 2 2 2 2 2 2 2 2 2 2 2 2 2 2 2 2 2 2 2
left_child=2 8 23 4 5 -3 7 -5 -2 13 11 17 -13 -4 15 -15 -16 20 19 -19 -11 22 -21 24 -1 26 27 -26 29 -29
right_child=1 3 9 6 -6 -7 -8 -9 -10 10 -12 12 -14 14 16 -17 -18 18 -20 21 -22 -23 -24 -25 25 -27 -28 28 -30 -31
leaf_value=-0.0021112083915084266 0.0041042135210355392 0.036764645520033258 -0.0015556305352921824 0.015280863552147318 -0.001932675123862282 0.0090036395755405101 0.0019927762782857832 -0.01020021523967299 0.028957840057269653 0.0052673209589249193 0.00020689739028198473 -0.00050368705812474965 -0.018850430561265411 0.016898297357756907 0.017009582220777579 -0.011673312318144424 -0.0052982201106366025 0.001478202755848163 0.014442466737942576 0.00081568925249445349 -0.00027822376063874597 0.022541470646967942 0.014833174344236972 -0.0013526172192514728 -0.001788870100176783 8.4112688122838709e-05 -0.00088926099483095905 0.02789209439296186 -0.00662396019879019 0.011197682699016498
leaf_weight=5133 74 66 7611 36 176 146 4070 302 57 1230 29896 3106 65 228 51 33 302 738 353 368 1210 87 285 19589 393 5174 1393 458 84 230
leaf_count=5133 74 66 7611 36 176 146 4070 302 57 1230 29896 3106 65 228 51 33 302 738 353 368 1210 87 285 19589 393 5174 1393 458 84 230
internal_value=-8.61072e-13 0.00221948 -0.000140167 0.00187262 0.00876507 0.0176462 0.00126594 -0.00748625 0.0149184 0.000287751 0.000594988 0.00215403 -0.000879763 -0.00110698 0.00445443 0.0132858 -0.00207528 0.00440646 0.006924 0.00512832 0.00251728 0.00876856 0.00693358 -0.000740931 0.000190457 0.00171845 0.00502419 0.0120949 0.0191627 0.0223111
internal_weight=82944 4927 78017 4796 388 212 4408 338 131 45563 37338 7442 3171 8225 614 261 353 4271 1831 1478 2440 740 653 32454 12865 7732 2558 1165 772 688
internal_count=82944 4927 78017 4796 388 212 4408 338 131 45563 37338 7442 3171 8225 614 261 353 4271 1831 1478 2440 740 653 32454 12865 7732 2558 1165 772 688
is_linear=0
shrinkage=0.05


Tree=95
num_leaves=31
num_cat=0
split_feature=3 6 5 0 10 3 5 4 4 4 3 5 4 5 0 2 2 0 0 0 0 12 6 5 2 2 4 2 0 9
split_gain=9.38091 8.51039 18.7404 55.9356 14.9555 21.3638 15.3742 39.1987 29.2331 13.8083 11.9254 11.464 16.1283 11.0281 10.3581 8.78913 8.56042 8.07361 23.635 19.3653 12.1504 10.7978 9.075 8.05298 7.94548 7.62318 11.4072 7.51642 9.22476 11.3187
threshold=1.7319852129670208 1.7077461606570974 1.1577679250095743 0.27154823262667721 1.0000000180025095e-35 0.42498978228107781 -1.157767925009574 0.62547787373574038 0.14434104778517079 -0.45707998465304106 -0.99388104523294407 -1.3293991099845879 -1.5877515256368793 -1.2543280627515025 0.59140555907625181 0.1113257191213794 -0.38556844920060596 -1.3580487910557422 0.27154823262667721 0.86494808874633555 0.32328236628117729 -1.0444659357341868 -0.89145085320788475 -0.24472827403648004 -0.50576930622222027 0.07602732926268814 -0.93821681060361073 2.1237758111861962 1.28715366489489 -1.3476706631132902
decision_type=2 2 2 2 2 2 2 2 2 2 2 2 2 2 2 2 2 2 2 2 2 2 2 2 2 2 2 2 2 2
left_child=1 -1 4 9 5 6 7 8 11 -4 24 -3 -13 25 -6 -10 -9 -2 -19 20 -20 -22 -21 -12 -8 26 -14 28 29 -16
right_child=17 2 3 -5 14 -7 10 16 15 -11 23 12 13 -15 27 -17 -18 18 19 22 21 -23 -24 -25 -26 -27 -28 -29 -30 -31
leaf_value=-0.00030522366503204785 -0.017067129805006766 -0.004518163148313761 0.03379190098377876 0.0015852385277623758 0.021820277413627243 -0.0079870912534016018 0.020697605460530746 0.0042563581708491898 0.056756726814352947 0.089052634098782002 -0.0036632215628141676 0.048224821942858404 0.065741641968488695 0.00197938514284737 -0.0075539752386214439 0.024491024361206936 -0.019095444113814405 0.023765542929721696 -0.046811599340289833 0.012595099737383101 -0.022461944151409841 -0.0023654351492878051 0.0020907139719218487 0.0015145026587629362 0.0018743458696046233 0.0094292766733193104 0.019090056370355584 -0.014407673818749134 0.00070494131030440516 0.0096663422707636958
leaf_weight=70577 55 105 20 142 85 781 106 57 46 26 1573 32 20 155 107 39 126 124 20 215 86 300 4708 1437 119 57 38 54 852 882
leaf_count=70577 55 105 20 142 85 781 106 57 46 26 1573 32 20 155 107 39 126 124 20 215 86 300 4708 1437 119 57 38 54 852 882
internal_value=1.25149e-12 -0.000141816 0.0015396 0.017108 0.00110085 -0.000437214 0.00107083 0.00793461 0.0152831 0.0650262 -0.000361333 0.00971331 0.0146613 0.0106834 0.00474483 0.0419525 -0.0118219 0.00199377 0.00218602 0.00168389 -0.0088118 -0.0068429 0.00254947 -0.00119133 0.0107422 0.022415 0.0351768 0.00397891 0.00451822 0.00780327
internal_weight=82944 77436 6859 188 6671 4691 3910 675 492 46 3235 407 302 270 1980 85 183 5508 5453 5329 406 386 4923 3010 225 115 58 1895 1841 989
internal_count=82944 77436 6859 188 6671 4691 3910 675 492 46 3235 407 302 270 1980 85 183 5508 5453 5329 406 386 4923 3010 225 115 58 1895 1841 989
is_linear=0
shrinkage=0.05


Tree=96
num_leaves=31
num_cat=0
split_feature=5 2 4 4 4 12 5 4 3 4 2 0 5 6 12 1 4 10 5 5 0 5 3 4 8 5 4 2 1 8
split_gain=8.94621 11.6594 8.95862 21.8196 15.8976 25.7234 25.7304 23.5575 20.2013 30.9851 18.779 17.4072 14.6537 17.4784 12.947 19.9207 17.3096 19.5775 16.7953 16.9115 16.759 34.0258 18.0521 15.8418 25.3435 41.5524 24.3087 22.0972 14.5505 13.7963
threshold=0.80943899875565395 1.3919123727225957 -1.1547283822813665 -1.4193536365541799 -0.45707998465304106 -1.0444659357341868 1.366818105386481 0.12028420648764231 2.8203810515138188 -0.60142103243821221 0.018390626889765196 1.6656405814955708 1.3816171070223859 1.0000000180025095e-35 0.34815531191139576 1.3879351022958539 1.5636946843393513 1.0000000180025095e-35 0.95394520574413566 1.3494002584220433 0.97292088188054693 1.082299156171467 1.3157969961142879 0.36085261946292707 0.37100531152820115 1.3816171070223859 0.67359155633079737 4.2843765881725142 1.0393197749355194 0.19793268244031401
decision_type=2 2 2 2 2 2 2 2 2 2 2 2 2 2 2 2 2 2 2 2 2 2 2 2 2 2 2 2 2 2
left_child=1 -1 3 -2 5 -4 8 11 10 -10 -7 -6 13 -5 15 16 17 20 -16 29 21 -9 -23 24 -17 -26 27 -25 -24 -20
right_child=2 -3 4 12 7 6 -8 14 9 -11 -12 -13 -14 -15 18 23 -18 -19 19 -21 -22 22 28 26 25 -27 -28 -29 -30 -31
leaf_value=-0.00031255570635968527 0.0019674647639900578 -0.015849763612563083 -0.003467866151392609 -0.0032009186084599583 -0.0038264618187111056 0.015375814596420418 -0.0010326919977468017 0.0086238382279329017 0.015117250153037044 0.07722965815663338 0.0050034295040967316 0.0070636306752509832 0.002727466303999984 -0.014240929950967807 0.0070290570763276786 -0.00067143222991452895 -0.0048917016676663077 0.0041284603111023301 -0.00040924414927070703 0.002563857930065886 -0.00038901073235350089 0.023346248103461684 0.085672647667967755 0.0070768381372217255 -0.053447141822265544 -0.00064561780138633991 -0.00062125721092704065 0.039138226117938761 0.035762932266807185 -0.007723488074080357
leaf_weight=57398 2316 121 1023 902 3815 538 1129 521 102 25 2310 406 447 595 648 381 338 1919 1279 1512 193 203 23 732 69 81 2520 58 40 1300
leaf_count=57398 2316 121 1023 902 3815 538 1129 521 102 25 2310 406 447 595 648 381 338 1919 1279 1512 193 203 23 732 69 81 2520 58 40 1300
internal_value=1.02436e-12 -0.000345241 0.000781038 -0.00131098 0.00120211 0.00362576 0.00539398 0.000427321 0.00783288 0.0273441 0.00696282 -0.00277899 -0.00521677 -0.0075889 0.00157261 0.00292683 0.00581629 0.00706476 -0.000450005 -0.00163466 0.0128145 0.0160525 0.0306025 0.000491729 -0.00752536 -0.0249343 0.00177785 0.00943071 0.0539839 -0.00409614
internal_weight=82944 57519 25425 4260 21165 5127 4104 16038 2975 127 2848 4221 1944 1497 11817 7078 3237 2899 4739 4091 980 787 266 3841 531 150 3310 790 63 2579
internal_count=82944 57519 25425 4260 21165 5127 4104 16038 2975 127 2848 4221 1944 1497 11817 7078 3237 2899 4739 4091 980 787 266 3841 531 150 3310 790 63 2579
is_linear=0
shrinkage=0.05


Tree=97
num_leaves=31
num_cat=0
split_feature=5 1 2 12 4 7 4 4 0 2 4 1 5 4 4 2 3 4 8 7 4 4 5 8 5 5 7 4 4 2
split_gain=8.19955 12.2185 7.75905 18.3048 9.26421 12.3849 8.36814 9.08149 7.80426 18.6685 13.7502 8.1391 16.1997 22.8785 23.4191 14.4855 11.4848 10.8051 10.3628 8.24378 7.51229 18.4911 33.1192 17.7446 15.2207 11.682 10.3272 12.6218 20.6618 21.4287
threshold=0.90745195762283271 2.3798475571324054 -1.2590735014296508 1.392621247645583 -1.2028420648764235 0.50473852548845832 -0.38490946076045524 -1.2990694300665375 -1.051535771320941 0.038599347658847788 -0.1683978890826997 0.044348099929735124 0.42390874111029014 0.67359155633079737 -0.096227365190113864 0.57392435109495576 1.2796142973360352 -1.5396378430418223 1.0152913959672809 -0.67395931651126872 1.5636946843393513 1.3471831126615947 1.1922423828011943 1.0000000180025095e-35 1.3068553720381473 0.99864169796777091 1.7010387896728181 -1.1066146996863098 0.62547787373574038 3.6149727007184782
decision_type=2 2 2 2 2 2 2 2 2 2 2 2 2 2 2 2 2 2 2 2 2 2 2 2 2 2 2 2 2 2
left_child=1 2 3 4 -1 -6 7 -5 9 -4 -11 12 15 14 18 16 -10 -17 19 -14 21 26 23 -23 25 -22 -2 -28 -29 -30
right_child=20 -3 8 6 5 -7 -8 -9 11 10 -12 -13 13 -15 -16 17 -18 -19 -20 -21 24 22 -24 -25 -26 -27 27 28 29 -31
leaf_value=-0.014844546287542344 0.00024857256961741391 -0.035256517946720127 -0.0010256031740636497 0.010043394278734923 -0.0073336427823320329 0.0094181949967987386 -0.0049026236714174356 0.053103085048496729 -4.1502494983395373e-05 -0.023715033676126041 -0.0042902489220824512 -0.001529865072026541 -0.0020319823069366357 -0.0020646047282236943 0.01253009128052293 0.041735787024455413 -0.025601900478994306 0.0085309282001060412 -0.0053974095630866768 0.0068851631472469843 0.0056518406927480421 0.0048850722477414149 0.00084476299982868977 0.024130794875782739 0.0030847755888495231 -0.012175064477716031 -0.0038691809135700315 0.0095518152189350974 0.00011169426405967689 -0.041094465692774119
leaf_weight=253 18543 25 10955 25 483 143 24 24 36517 156 219 6890 352 1276 918 28 44 196 327 983 114 194 918 313 510 474 408 1160 438 34
leaf_count=253 18543 25 10955 25 483 143 24 24 36517 156 219 6890 352 1276 918 28 44 196 327 983 114 194 918 313 510 474 408 1160 438 34
internal_value=2.44452e-12 -0.00030892 -0.000294313 -0.00477219 -0.00677021 -0.00350695 0.0192862 0.0311339 -0.000221889 -0.00140111 -0.012371 5.92025e-05 0.000328602 0.00341185 0.00612036 5.39986e-06 -7.22636e-05 0.0126815 0.00257997 0.00453398 0.000800016 0.00100139 0.00650957 0.0167666 -0.00323628 -0.00871883 0.000620049 0.00399666 0.00596312 -0.00285655
internal_weight=82944 59838 59813 952 879 626 73 49 58861 11330 375 47531 40641 3856 2580 36785 36561 224 1662 1335 23106 22008 1425 507 1098 588 20583 2040 1632 472
internal_count=82944 59838 59813 952 879 626 73 49 58861 11330 375 47531 40641 3856 2580 36785 36561 224 1662 1335 23106 22008 1425 507 1098 588 20583 2040 1632 472
is_linear=0
shrinkage=0.05


Tree=98
num_leaves=31
num_cat=0
split_feature=0 1 0 2 4 4 0 4 4 3 3 11 1 3 2 1 6 5 4 5 1 5 1 0 4 0 4 0 2 1
split_gain=7.88812 7.71848 7.1159 13.934 11.4416 9.57139 8.17811 11.9029 11.3927 9.63056 7.65567 18.6884 25.5343 7.50494 10.4769 12.7776 12.4243 14.0194 20.2922 12.0021 10.9689 11.0093 10.4154 10.2267 7.46939 15.1237 13.5421 19.259 11.5689 9.1649
threshold=1.6656405814955708 -0.86307710905502166 1.4992753960410625 0.55865729442856826 0.38490946076045557 -0.1683978890826997 1.1886801523617443 0.93821681060361073 1.2750125887690096 3.6202699090239325 -1.2041145644625468 1.0801555850332116 -0.3946156543864327 -1.143904143574616 1.0075793976716925 1.7826028263345546 -0.066328909107543868 1.254328062751503 -0.84198944541349652 1.3068553720381473 1.1377860452483344 1.3937669968154378 1.5916682534707134 1.2149100099680183 1.0000000180025095e-35 0.86494808874633555 -0.81793260411596802 0.97292088188054693 -0.82260141897940997 -0.54422049086341184
decision_type=2 2 2 2 2 2 2 2 2 2 2 2 2 2 2 2 2 2 2 2 2 2 2 2 2 2 2 2 2 2
left_child=2 -2 6 4 5 -4 10 9 -9 13 11 -1 24 -8 22 16 20 -18 -19 -20 21 -16 23 -15 26 -26 28 29 -13 -28
right_child=1 -3 3 -5 -6 -7 7 8 -10 -11 -12 12 -14 14 15 -17 17 18 19 -21 -22 -23 -24 -25 25 -27 27 -29 -30 -31
leaf_value=-0.00034285322268214215 0.025007350199545426 0.0017705104391970618 -0.0080330412331318778 -0.00089995913489301959 -0.00047220129326179435 -0.027256914972234744 0.024092718111161066 -0.0096656360783652362 0.0023470522571746224 -0.013589765314591697 -4.5178822043729914e-05 -0.0052318496249666689 -0.053623709429596225 0.014638550560556449 -0.038945048827339304 0.0031072586261517957 0.010197947906909139 0.016058227903042201 0.027139115139194162 0.074491371777548929 0.01568031204218159 0.00055568531270693531 -0.031501771964132785 -0.00082604376416946365 -0.00764747309947189 -0.033592753641415334 0.0029233835099148568 0.036907441094517705 -0.033985098016758759 -0.030158123987105986
leaf_weight=2429 36 4891 129 1509 154 130 49 348 456 74 69636 129 31 123 22 785 193 89 23 32 98 89 25 817 302 69 164 40 48 24
leaf_count=2429 36 4891 129 1509 154 130 49 348 456 74 69636 129 31 123 22 785 193 89 23 32 98 89 25 817 302 69 164 40 48 24
internal_value=1.38953e-13 0.00194029 -0.000122535 -0.00312717 -0.0112648 -0.0176821 -4.66445e-05 0.00241808 -0.00285247 0.00416985 -0.000155655 -0.00253301 -0.00912519 0.00473028 0.00431706 0.00719297 0.0130671 0.0190069 0.0308132 0.0546895 0.00348964 -0.00727329 0.000350383 0.00119751 -0.00734754 -0.0124729 -0.00265248 0.00540323 -0.0130293 -0.00129979
internal_weight=82944 4927 78017 1922 413 259 76095 3223 804 2419 72872 3236 807 2345 2296 1331 546 337 144 55 209 111 965 940 776 371 405 228 177 188
internal_count=82944 4927 78017 1922 413 259 76095 3223 804 2419 72872 3236 807 2345 2296 1331 546 337 144 55 209 111 965 940 776 371 405 228 177 188
is_linear=0
shrinkage=0.05


Tree=99
num_leaves=31
num_cat=0
split_feature=6 1 3 1 3 1 5 12 1 4 5 4 4 11 4 2 11 4 2 4 2 4 6 4 6 4 4 3 7 4
split_gain=7.44275 13.1127 12.6064 7.77785 7.40824 12.8724 7.19813 13.8608 20.3847 14.799 11.9117 17.3478 18.8984 16.12 33.2676 10.7973 10.1245 11.6106 12.9988 10.4441 21.3585 15.7842 55.7036 22.2039 22.9739 17.8741 16.0701 14.3599 13.1792 9.80913
threshold=-0.50537016327275397 2.0425026073378567 1.8368263236736824 0.70581257981802781 -1.2041145644625468 -0.49008798855899643 -0.30505838731795659 -1.0444659357341868 -0.92055808308111831 -0.74576208022338231 -0.85925218225375766 -0.21651157167775612 -0.55330734984315477 1.0801555850332116 0.28868209557034169 -0.48955792594913528 1.0801555850332116 0.505193667248098 -0.31961012824821017 -1.3952967952566515 0.64459424129651244 -0.84198944541349652 1.0000000180025095e-35 -0.52925050854562683 -0.066328909107543868 0.072170523892585367 0.072170523892585367 -0.39192905063849698 -0.081021797575299523 -1.3231262713640659
decision_type=2 2 2 2 2 2 2 2 2 2 2 2 2 2 2 2 2 2 2 2 2 2 2 2 2 2 2 2 2 2
left_child=1 2 4 -4 5 -1 7 8 -2 29 11 12 -11 -13 -15 -8 -9 19 -19 20 -18 22 -21 -23 25 -25 28 -24 -26 -10
right_child=6 -3 3 -5 -6 -7 15 16 9 10 -12 13 -14 14 -16 -17 17 18 -20 21 -22 23 27 24 26 -27 -28 -29 -30 -31
leaf_value=-0.0029600038616368011 -0.029870587116706055 -0.036775944620370864 -0.014541611190025623 0.014520559830976817 -0.00044242203529991966 -0.029171987081645059 0.0056741967057019225 -0.00024080862774508366 -0.0017063008065787957 -0.0082518593989368682 0.0044102588939352377 -0.0031338242735234646 0.015464222168686734 -0.045029619147380198 -0.0041066049072308606 0.00070948457619239406 -0.0063343914040529664 0.0021087107761069298 -0.012590842834453331 0.034699476514011625 0.032261932260589675 -0.010346155757995653 -0.0063924444037507001 0.0019945644480348738 -0.0024021713404966476 -0.03323688789581259 0.022389005119762804 0.016111584915340229 0.014565233942416204 -0.011742201812033967
leaf_weight=1935 70 25 26 201 31085 48 1141 15003 407 133 816 1076 228 75 147 27241 345 490 217 200 40 231 214 108 234 54 218 106 224 606
leaf_count=1935 70 25 26 201 31085 48 1141 15003 407 133 816 1076 228 75 147 27241 345 490 217 200 40 231 214 108 234 54 218 106 224 606
internal_value=-5.66662e-13 -0.000578013 -0.000550833 0.0111919 -0.000631443 -0.00359448 0.000388107 -0.000307971 -0.00315541 -0.00261927 -0.000535665 -0.00296838 0.00672672 -0.00566478 -0.0179319 0.000909074 0.00026493 0.00309507 -0.00240303 0.00506424 -0.00232438 0.00685444 0.0139995 0.00337883 0.00716221 -0.00974925 0.011215 0.00106202 0.0058963 -0.00771001
internal_weight=82944 33320 33295 227 33068 1983 49624 21242 3558 3488 2475 1659 361 1298 222 28382 17684 2681 707 1974 385 1589 520 1069 838 162 676 320 458 1013
internal_count=82944 33320 33295 227 33068 1983 49624 21242 3558 3488 2475 1659 361 1298 222 28382 17684 2681 707 1974 385 1589 520 1069 838 162 676 320 458 1013
is_linear=0
shrinkage=0.05


Tree=100
num_leaves=31
num_cat=0
split_feature=0 9 3 1 7 0 3 1 6 11 1 7 6 0 0 5 2 7 0 5 0 1 8 0 7 2 0 7 5 0
split_gain=7.48061 14.7504 11.8938 11.2868 10.8989 13.0921 10.494 8.50236 17.2695 8.24257 25.921 12.6291 8.53303 9.74419 7.00755 7.005 20.2059 8.67932 8.04901 6.73805 12.2945 7.36212 7.66524 10.3082 7.27026 10.568 9.34377 8.14957 6.52204 6.34904
threshold=-0.096342892436865946 0.96262190222377908 -1.143904143574616 -0.91088476337055135 -0.44226394673424807 1.1689190212656213 -1.4745553719189164 0.65272054699695425 0.30811198432835407 0.46605794042707133 -0.46647926253777777 -0.17427846833443938 1.0000000180025095e-35 0.79330981145986013 1.1312584318940235 -0.36482234569996336 -0.14518099212263344 -0.17427846833443938 -0.63973862278828808 1.082299156171467 -0.38740005267999916 0.75658325704980689 1.0792073135794762 -0.36367991677752726 0.50473852548845832 1.1103173439123746 -0.21511525362924996 -0.74611299300944822 -1.4141003550473299 0.24629130255728501
decision_type=2 2 2 2 2 2 2 2 2 2 2 2 2 2 2 2 2 2 2 2 2 2 2 2 2 2 2 2 2 2
left_child=1 7 4 -3 -2 9 -7 15 19 28 11 14 13 -13 -11 16 -1 18 -18 20 -9 -21 24 -24 25 26 -23 -28 -6 -30
right_child=2 3 -4 -5 5 6 -8 8 -10 10 -12 12 -14 -15 -16 -17 17 -19 -20 21 -22 22 23 -25 -26 -27 27 -29 29 -31
leaf_value=-0.001086981141318997 0.0056560230198108045 0.038047580141574146 0.00064457085247410185 0.0055935230205960262 -0.017819970846176147 0.030955136220815572 -0.00060308360351722093 -0.017319779316249707 -0.019934597204047361 -0.038449883411460106 -0.044193018533289434 -0.0057624182768694319 0.0091915534878313377 -0.033612309881683552 -0.0086504999329062079 5.4872246732264196e-05 -0.0058209593103704408 -0.0040624454863510042 -0.030289816873792175 0.010989272999892333 -0.00085634102539474039 0.0059100978044014365 0.038726165217275808 -0.0090200959332287309 0.01022177578180275 -0.012654651991752695 0.006601214589817184 -0.02375792833355566 -0.0075559029737710367 0.003717831248321736
leaf_weight=13912 284 28 40613 620 57 43 68 185 158 47 50 651 91 33 34 24087 49 106 107 133 293 244 26 20 89 261 35 60 188 372
leaf_count=13912 284 28 40613 620 57 43 68 185 158 47 50 651 91 33 34 24087 49 106 107 133 293 244 26 20 89 261 35 60 188 372
internal_value=1.24094e-12 -0.000487123 0.000462865 0.00699586 -0.00338471 -0.00495604 0.0116222 -0.000609063 -0.00429666 -0.0061643 -0.0091998 -0.00715581 -0.0051924 -0.00710605 -0.0259415 -0.000464108 -0.00134605 -0.0151025 -0.0226041 -0.002461 -0.00722817 0.000164235 -0.00179458 0.0179669 -0.00311393 -0.00509206 0.000730474 -0.012573 -0.00170699 -6.69224e-05
internal_weight=82944 40413 42531 648 1918 1634 111 39765 1504 1523 906 856 775 684 81 38261 14174 262 156 1346 478 868 735 46 689 600 339 95 617 560
internal_count=82944 40413 42531 648 1918 1634 111 39765 1504 1523 906 856 775 684 81 38261 14174 262 156 1346 478 868 735 46 689 600 339 95 617 560
is_linear=0
shrinkage=0.05


Tree=101
num_leaves=31
num_cat=0
split_feature=5 2 4 4 4 2 6 4 5 3 4 7 4 8 1 6 12 2 12 1 4 10 1 3 10 4 5 2 4 4
split_gain=6.47424 11.2041 7.4342 19.8892 16.2121 27.1188 24.9503 29.9756 32.3913 62.1012 23.765 20.6069 18.0347 41.9002 28.03 20.8245 17.029 16.0415 15.9346 21.0149 15.7172 18.3493 16.5022 23.3937 15.2174 14.3114 24.1371 48.5805 14.0782 13.9907
threshold=0.85925218225375766 1.1734684802842874 -1.1787852235788951 -1.4193536365541799 -0.45707998465304106 -0.35179893282771774 1.1133806251249947 -0.62547787373574071 1.3293991099845883 1.7801869735868745 0.12028420648764231 1.7010387896728181 -0.74576208022338231 -1.7404918888887655 0.21693531495250926 1.0000000180025095e-35 0.34815531191139576 0.46358094886754453 0.34815531191139576 1.3879351022958539 1.5636946843393513 1.0000000180025095e-35 0.75658325704980689 1.4061233754843081 1.0000000180025095e-35 1.0000000180025095e-35 1.254328062751503 0.81405216879939057 -0.50519366724809844 -0.64953471503326854
decision_type=2 2 2 2 2 2 2 2 2 2 2 2 2 2 2 2 2 2 2 2 2 2 2 2 2 2 2 2 2 2
left_child=1 -1 3 -2 5 -4 12 -8 9 28 11 25 13 24 -14 -16 -15 -18 19 20 21 22 23 -12 -7 26 27 -6 -9 -17
right_child=2 -3 4 -5 10 6 7 8 -10 -11 18 -13 14 16 15 29 17 -19 -20 -21 -22 -23 -24 -25 -26 -27 -28 -29 -30 -31
leaf_value=-0.00023269062860670054 0.0018029819359045214 -0.0095421159296798022 0.018876791358193527 -0.0054111337590662728 -0.0058651152049774063 -0.0046034744689157905 0.0050043917822933815 0.0075462570063013967 0.0019771104816093364 0.095208533853292476 0.017484371752203208 0.0077084201947187625 0.011111411694622268 0.0019337326298493073 -0.0024735002614828137 -0.0044847337321540261 0.023420714250002705 0.00746381300537142 -0.00086038396375977494 0.00049874713148936899 -0.0046971564678227017 0.0044732969578055509 0.0062177092996959504 0.07154819894404639 -0.027749662538536075 -0.010364566942154582 0.001814489524892183 -0.066372437928529357 0.048110013887766867 -0.024706178469583395
leaf_weight=58329 2210 325 272 1683 1364 168 781 69 88 38 424 402 258 1203 764 138 202 715 4526 3780 302 1810 420 21 123 752 1487 34 31 225
leaf_count=58329 2210 325 272 1683 1364 168 781 69 88 38 424 402 258 1203 764 138 202 715 4526 3780 302 1810 420 21 123 752 1487 34 31 225
internal_value=1.25141e-12 -0.000284274 0.000686447 -0.00131578 0.0010686 0.00351792 0.00264813 0.00964493 0.0256815 0.0407973 0.000257324 -0.0030339 0.000792019 0.00340411 -0.00375509 -0.00715842 0.00584617 0.0109789 0.00143549 0.00297332 0.00611537 0.00733607 0.0133264 0.0200357 -0.0143869 -0.00422125 -0.00261994 -0.00733668 0.020121 -0.0170187
internal_weight=82944 58654 24290 3893 20397 5075 4803 1007 226 138 15322 4039 3796 2411 1385 1127 2120 917 11283 6757 2977 2675 865 445 291 3637 2885 1398 100 363
internal_count=82944 58654 24290 3893 20397 5075 4803 1007 226 138 15322 4039 3796 2411 1385 1127 2120 917 11283 6757 2977 2675 865 445 291 3637 2885 1398 100 363
is_linear=0
shrinkage=0.05


Tree=102
num_leaves=31
num_cat=0
split_feature=0 9 3 4 4 7 7 0 5 1 0 4 5 8 2 0 1 6 2 0 6 5 2 7 0 2 5 7 4 2
split_gain=6.56804 13.1344 10.6998 13.0165 20.1263 29.0796 19.5709 18.1245 11.1429 10.1792 9.1512 18.2226 16.4087 10.7374 7.71129 9.31246 7.64419 15.6641 7.27826 7.07841 6.68321 6.24982 18.5228 7.19949 10.2163 6.21994 7.24947 8.89356 8.43217 7.52275
threshold=-0.096342892436865946 0.96262190222377908 -1.1072363896695336 -0.19245473038022767 -0.76981892152091091 0.50473852548845832 -0.44226394673424807 0.40002294133699273 -1.3937669968154378 -0.91088476337055135 1.0526555900914161 0.84198944541349674 -1.3068553720381466 -1.7404918888887655 -0.69527288554500777 0.39239371894079061 0.65272054699695425 0.30811198432835407 -1.0616786639538727 0.39239371894079061 -0.89145085320788475 -0.36482234569996336 -0.2427789396635455 -0.17427846833443938 -0.67404874028486339 0.051912779552365333 1.1577679250095743 0.50473852548845832 0.26462525427281319 0.81405216879939057
decision_type=2 2 2 2 2 2 2 2 2 2 2 2 2 2 2 2 2 2 2 2 2 2 2 2 2 2 2 2 2 2
left_child=1 16 3 4 6 8 -2 -7 -6 -3 13 12 -12 19 15 -10 21 25 -15 -5 -8 22 -1 24 -24 -18 27 28 29 -27
right_child=2 9 -4 10 5 7 20 -9 14 -11 11 -13 -14 18 -16 -17 17 -19 -20 -21 -22 -23 23 -25 -26 26 -28 -29 -30 -31
leaf_value=-0.00094321272442029558 0.013006918492750697 0.036093466263264422 0.00061876003910884929 -0.0076254237542815635 2.5363569471260743e-06 0.0066699147224426273 -0.016290504646520796 -0.03749909159209993 0.059766016922713751 0.0052729783478524398 -0.0012654166811933885 -0.00029570341820975673 -0.049197059605074561 0.010325031507900864 0.0093840711383994576 0.024026250928274248 0.011873823093339699 -0.018961421035446967 -0.0039650884579471909 -0.025385011312947875 -0.0046482726362293714 5.6142433549237938e-05 -0.0041886363931833053 -0.0033642253589151066 -0.02419805066321384 -0.026141069861823477 0.00051408492478628362 0.0045207137654300865 -0.004813220963593292 -0.0058056978364097516
leaf_weight=13733 135 28 40335 158 72 48 175 45 21 620 26 76 57 106 76 138 73 158 559 87 417 24087 104 172 165 118 658 131 292 74
leaf_count=13733 135 28 40335 158 72 48 175 45 21 620 26 76 57 106 76 138 73 158 559 87 417 24087 104 172 165 118 658 131 292 74
internal_value=-5.47149e-12 -0.000456444 0.000433714 -0.00296512 0.000783979 0.00979194 -0.00417226 -0.0147022 0.017212 0.00660473 -0.00691763 -0.0179849 -0.0341823 -0.00498389 0.0224847 0.0287466 -0.000571511 -0.00406806 -0.00168726 -0.0139319 -0.00808981 -0.000434066 -0.00126711 -0.0113536 -0.0164621 -0.00231981 -0.00313374 -0.00703661 -0.0101647 -0.0183035
internal_weight=82944 40413 42531 2196 1127 400 727 93 307 648 1069 159 83 910 235 159 39765 1504 665 245 592 38261 14174 441 269 1346 1273 615 484 192
internal_count=82944 40413 42531 2196 1127 400 727 93 307 648 1069 159 83 910 235 159 39765 1504 665 245 592 38261 14174 441 269 1346 1273 615 484 192
is_linear=0
shrinkage=0.05


Tree=103
num_leaves=31
num_cat=0
split_feature=0 4 0 4 4 0 4 9 3 4 3 4 6 3 5 6 3 5 4 2 4 10 9 0 12 11 9 4 9 4
split_gain=6.23107 10.1308 12.2987 21.6976 27.2817 20.1411 16.2208 9.94936 9.64282 11.0666 9.45423 8.30784 17.221 8.44594 8.13736 7.06694 9.51655 6.90391 5.10738 15.7484 9.40853 10.4453 20.7147 14.928 20.0124 9.46988 16.3821 41.8333 30.3883 15.3919
threshold=1.9255171228095136 0.69764839762832587 2.4867904811690109 0.38490946076045557 0.072170523892585367 2.0852076738313352 0.55330734984315499 1.2514084728909129 3.012964256391117 -0.74576208022338231 3.6202699090239325 -0.096227365190113864 1.7077461606570974 -0.43638204642907702 1.3494002584220433 1.7077461606570974 3.3794542420997158 1.366818105386481 0.96227365190113923 -1.5003388811877232 0.69764839762832587 1.0000000180025095e-35 -0.6738353315566451 -0.73023681078568414 1.0444659357341872 -0.76213734878520889 -1.2514084728909125 -0.38490946076045524 -0.57757314133426729 -0.096227365190113864
decision_type=2 2 2 2 2 2 2 2 2 2 2 2 2 2 2 2 2 2 2 2 2 2 2 2 2 2 2 2 2 2
left_child=18 2 3 4 8 -6 14 -3 11 -10 15 13 -13 -2 -5 16 -11 -12 20 -20 25 -22 -23 -24 -25 26 27 -1 29 -28
right_child=1 7 -4 6 5 -7 -8 -9 9 10 17 12 -14 -15 -16 -17 -18 -19 19 -21 21 22 23 24 -26 -27 28 -29 -30 -31
leaf_value=0.0052137242656627274 -0.0064432729736784078 -0.011053019732491398 1.4196555020912997e-05 0.021966060303151611 0.0059201124180672752 -0.046278651750513489 0.0079105689666572627 0.0019164596240958103 -0.004219781841414097 0.072893043268810617 0.028499468856237154 0.010558702479845481 -0.035981541510139194 0.010701671756891018 0.05799524576757991 0.017668754495680335 0.02859194010358166 -0.010278012952282249 -0.022507253144520865 0.00076359066014214025 -0.00031688310840205118 -0.016020473920888539 0.029602066382233588 -0.0010395137179936538 -0.012736414999636323 -0.00053143081820477005 0.00061082682751134598 -0.0090192731215020666 0.00038384585413046683 0.0085039872441888906
leaf_weight=868 87 236 831 25 33 42 55 396 39 22 22 46 35 412 42 30 27 24 73 17867 3463 339 35 1897 453 38250 896 1274 13137 1988
leaf_count=868 87 236 831 25 33 42 55 396 39 22 22 46 35 412 42 30 27 24 73 17867 3463 339 35 1897 453 38250 896 1274 13137 1988
internal_value=2.05041e-12 0.0025084 0.00444684 0.00836132 0.00543097 -0.0233112 0.0280331 -0.00292657 0.00832837 0.0190331 0.0262881 0.0053015 -0.00955128 0.00771247 0.0445515 0.0367809 0.0484822 0.00826774 -7.48721e-05 0.000668899 -0.000288023 -0.00213897 -0.00445537 -0.00281152 -0.00329428 -8.5024e-05 0.000855077 -0.00325165 0.00140415 0.00605174
internal_weight=82944 2404 1772 941 819 75 122 632 744 164 125 580 81 499 67 79 49 46 80540 17940 62600 6187 2724 2385 2350 56413 18163 2142 16021 2884
internal_count=82944 2404 1772 941 819 75 122 632 744 164 125 580 81 499 67 79 49 46 80540 17940 62600 6187 2724 2385 2350 56413 18163 2142 16021 2884
is_linear=0
shrinkage=0.05


Tree=104
num_leaves=31
num_cat=0
split_feature=6 1 3 0 5 12 1 4 5 4 4 11 4 11 0 4 4 7 3 5 3 1 3 3 0 0 5 4 0 4
split_gain=5.97236 11.2882 11.1957 7.82226 5.85065 11.6021 17.5768 12.6191 10.4074 14.02 16.1191 12.6582 26.5681 8.85197 18.4734 10.859 8.66475 8.54029 27.4087 18.7959 13.827 13.162 9.21628 8.2355 9.1768 7.8825 29.3012 13.3654 7.76047 7.63544
threshold=-0.50537016327275397 2.0425026073378567 1.8368263236736824 -1.3042849253048681 -0.30505838731795659 -1.0444659357341868 -0.91088476337055135 -0.74576208022338231 -0.85925218225375766 -0.21651157167775612 -0.55330734984315477 1.0801555850332116 0.62547787373574038 1.0801555850332116 0.75305586519458789 0.505193667248098 -1.3231262713640659 -0.17427846833443938 0.4105327359637248 -1.3494002584220433 0.2762773063343496 -0.50050194745252075 -1.4745553719189164 -0.3856408629559594 -1.1242459101625819 -1.0225665607398373 1.0414542967587244 -0.28868209557034147 1.0526555900914161 -1.5636946843393509
decision_type=2 2 2 2 2 2 2 2 2 2 2 2 2 2 2 2 2 2 2 2 2 2 2 2 2 2 2 2 2 2
left_child=1 2 -1 -4 5 6 -2 16 9 10 -9 -11 -13 -7 -15 17 28 18 19 -16 22 -21 -19 -6 -25 26 -26 -28 -8 -23
right_child=4 -3 3 -5 23 13 7 8 -10 11 -12 12 -14 14 15 -17 -18 20 -20 21 -22 29 -24 24 25 -27 27 -29 -30 -31
leaf_value=-0.00056852564536949467 -0.02635859571851026 -0.034103078871965412 -0.01580966065824032 0.013838878447146128 0.0031808730798671262 -0.0002286321896821761 -0.0053866392256263296 -0.0078356219704623538 0.0041890039455425082 -0.0028923365438038571 0.014067266450831339 -0.036574259490463078 -0.0014618101474255898 0.021658644524589182 -0.0077285598377337715 -0.003429556522393417 -0.010855523356282698 -0.033319642110949475 -0.020301437255544352 0.023629869133829914 0.021443791926971503 0.031482475579744484 0.00015810756691986031 -0.0048781869998160907 7.5677484846121436e-05 0.0005656034569090537 0.042759575065172896 -0.0026466841144221175 0.010597518932000541 0.0062849028310385906
leaf_weight=33068 78 25 25 202 3262 15003 306 133 816 1069 228 92 130 125 114 682 605 21 78 236 77 33 977 766 295 23967 71 21 101 338
leaf_count=33068 78 25 25 202 3262 15003 306 133 816 1069 228 92 130 125 114 682 605 21 78 236 77 33 977 766 295 23967 71 21 101 338
internal_value=-7.30465e-13 -0.000517778 -0.00049256 0.0105736 0.000347662 -0.000279891 -0.00288501 -0.00235888 -0.000430854 -0.00271282 0.00599778 -0.00514855 -0.0160129 0.000244257 0.00289056 0.00197272 -0.00706082 0.00393876 0.00785394 0.0108999 0.00102877 0.0143985 -0.000546334 0.000817342 0.000510422 0.000679909 0.00775885 0.0323951 -0.00142005 0.0085262
internal_weight=82944 33320 33295 227 49624 21242 3558 3480 2468 1652 361 1291 222 17684 2681 2556 1012 1874 799 721 1075 607 998 28382 25120 24354 387 92 407 371
internal_count=82944 33320 33295 227 49624 21242 3558 3480 2468 1652 361 1291 222 17684 2681 2556 1012 1874 799 721 1075 607 998 28382 25120 24354 387 92 407 371
is_linear=0
shrinkage=0.05


Tree=105
num_leaves=31
num_cat=0
split_feature=1 7 2 4 7 5 6 0 2 0 7 5 2 10 4 4 1 5 1 9 5 2 4 4 3 0 3 0 3 3
split_gain=5.54499 12.3764 16.17 9.84999 8.4998 17.9644 8.5655 6.6839 6.14212 5.43741 5.77479 16.9796 11.2539 10.9832 10.3558 10.3346 8.93029 18.1428 9.59698 11.5263 10.6732 9.00571 8.43874 24.6045 15.2806 13.5721 11.796 9.78746 9.68895 8.96596
threshold=-1.0823603647649691 -0.44226394673424807 -1.5003388811877232 -1.5396378430418223 -0.081021797575299523 -1.1922423828011939 -0.89145085320788475 0.39239371894079061 -1.1616648524319453 -0.0078117817629935965 -0.44226394673424807 -1.0822991561714665 -0.29988855771063755 1.0000000180025095e-35 0.98633049319866772 0.26462525427281319 0.77499781531213152 0.90745195762283271 0.27672180691011977 -1.2514084728909125 -0.12281920449442368 0.0095706452151017914 -0.57736419114068327 -0.21651157167775612 -1.4089851800967199 1.9713770334385832 -1.2845280893920854 1.0839944054265689 1.2796142973360352 -1.5868423785307526
decision_type=2 2 2 2 2 2 2 2 2 2 2 2 2 2 2 2 2 2 2 2 2 2 2 2 2 2 2 2 2 2
left_child=1 2 -1 -4 5 -3 -6 8 -5 -2 -11 22 13 -13 15 -15 18 -18 -14 20 -20 -21 29 24 -24 -26 27 -25 -28 -12
right_child=9 4 3 7 6 -7 -8 -9 -10 10 11 12 16 14 -16 -17 17 -19 19 21 -22 -23 23 26 25 -27 28 -29 -30 -31
leaf_value=0.040008331235084273 -0.00032440092500076622 -0.041687022910142944 -0.021306955092101513 0.011712578958671156 -0.0080494571113047652 -0.0044746915760624688 -0.00019113362657592891 0.018988485146244918 -0.00054758926373290359 0.0012745732010516443 -0.0304016726455302 0.0023809710355402569 0.00068250114229321613 0.011710396962139298 0.022290984034218767 -0.0061844237297291648 -0.0071546723261414862 0.0019880378530423163 0.0029293664948393905 -0.012680562435756283 -0.026259915858452904 -0.0016734239289173257 0.021162536984999092 -0.0072848908636098109 0.0023742154312258079 0.033859515914486514 -0.0011092474949536838 -0.030835325405467302 -0.025238420530444103 -0.0037768238231196388
leaf_weight=27 41433 48 48 116 663 100 727 54 856 14836 32 2123 2487 265 137 116 583 7834 45 209 103 1676 156 375 695 36 4409 50 42 2663
leaf_count=27 41433 48 48 116 663 100 727 54 856 14836 32 2123 2487 265 137 116 583 7834 45 209 103 1676 156 375 695 36 4409 50 42 2663
internal_value=-7.62489e-13 -0.00225517 0.00179182 0.000831068 -0.00515227 -0.0165436 -0.00393938 0.00186677 0.000915558 7.41099e-05 0.000498876 2.00838e-05 0.000999305 0.00397369 0.0105014 0.00626211 0.000392104 0.00135477 -0.00140055 -0.00394877 -0.0173848 -0.00289384 -0.00178345 -0.000703437 0.00695646 0.00392479 -0.00209686 -0.0100555 -0.00133693 -0.00409296
internal_weight=82944 2639 1101 1074 1538 148 1390 1026 972 80305 38872 24036 15578 2641 518 381 12937 8417 4520 2033 148 1885 8458 5763 887 731 4876 425 4451 2695
internal_count=82944 2639 1101 1074 1538 148 1390 1026 972 80305 38872 24036 15578 2641 518 381 12937 8417 4520 2033 148 1885 8458 5763 887 731 4876 425 4451 2695
is_linear=0
shrinkage=0.05


Tree=106
num_leaves=31
num_cat=0
split_feature=0 0 2 4 4 1 0 4 9 0 9 0 1 0 11 1 8 6 2 9 4 1 2 5 6 2 0 7 7 0
split_gain=5.14398 7.11311 12.1339 10.127 8.36996 6.65865 6.75641 6.67606 12.3793 10.9774 8.92696 6.575 6.75771 6.21056 5.85683 13.0398 14.1426 13.3588 13.0662 11.8399 21.7533 22.9473 9.628 14.0721 17.5481 25.7819 11.6981 11.3584 9.34302 11.5029
threshold=1.6656405814955708 1.4992753960410625 0.55865729442856826 0.38490946076045557 -0.1683978890826997 -0.59795434504503098 1.7273137874825626 -1.4915241604467655 1.2514084728909129 1.7871021164344347 0.77009752177902324 1.7273137874825626 -0.3946156543864327 1.9255171228095136 -0.76213734878520889 -0.7786691124769477 1.0152913959672809 1.7077461606570974 1.1734684802842874 -1.2514084728909125 -0.38490946076045524 0.3240128706087485 1.1451585094059495 1.224450581347845 1.0000000180025095e-35 1.3553366828136773 0.0098975582701544551 0.50473852548845832 -0.74611299300944822 -0.99476606789205857
decision_type=2 2 2 2 2 2 2 2 2 2 2 2 2 2 2 2 2 2 2 2 2 2 2 2 2 2 2 2 2 2
left_child=1 14 3 4 -3 6 -2 8 9 -7 11 -9 13 -13 15 16 -1 19 -19 20 28 -22 -16 26 -25 -26 27 -24 -17 -30
right_child=5 2 -4 -5 -6 7 -8 10 -10 -11 -12 12 -14 -15 22 17 -18 18 -20 -21 21 -23 23 24 25 -27 -28 -29 29 -31
leaf_value=0.0098916872323167176 0.03867704414186024 -0.0077110430435097035 -0.0010246259418407297 -0.00054312528582749426 -0.025687948374722443 0.032610460689686468 0.0077272633250950922 0.013099776286010943 -0.0022511520487817258 0.0080385823744470383 0.0013580440526032808 0.0089977646013721831 -0.015537454945778302 -0.014368730153333634 -0.00049282774421064682 -0.012769281967958235 -0.0022677115405995876 0.0079723408323644062 -0.00065115219755104529 0.00039149405292374052 -0.005361189371629882 -0.028048160491602088 -0.0037627932816208833 0.0024283304812952569 0.060966729439262839 0.010717484427158397 -0.010884866471971991 0.025928890167222343 0.026922388149594717 0.0030880273454042839
leaf_weight=737 21 129 1509 154 130 66 110 36 176 146 4070 72 183 47 48217 83 354 1083 739 20252 1188 123 94 1859 28 289 309 49 55 636
leaf_count=737 21 129 1509 154 130 66 110 36 176 146 4070 72 183 47 48217 83 354 1083 739 20252 1188 123 94 1859 28 289 309 49 55 636
internal_value=-2.50001e-12 -9.89518e-05 -0.003103 -0.0106969 -0.0167342 0.00156686 0.0126887 0.00126307 0.00755083 0.0156883 0.000709616 -0.00709838 -0.00950611 -0.000231019 -2.30759e-05 0.000599391 0.00594629 0.00035793 0.00447467 2.21331e-05 -0.00356554 -0.00748972 -0.000332198 0.00261495 0.00428249 0.0151559 -0.00541286 0.00641128 0.00308122 0.00498512
internal_weight=82944 78017 1922 413 259 4927 131 4796 388 212 4408 338 302 119 76095 25250 1091 24159 1822 22337 2085 1311 50845 2628 2176 317 452 143 774 691
internal_count=82944 78017 1922 413 259 4927 131 4796 388 212 4408 338 302 119 76095 25250 1091 24159 1822 22337 2085 1311 50845 2628 2176 317 452 143 774 691
is_linear=0
shrinkage=0.05


Tree=107
num_leaves=31
num_cat=0
split_feature=6 1 3 4 3 1 4 3 8 0 4 5 1 2 5 12 1 5 2 12 3 0 5 4 0 4 4 11 0 4
split_gain=5.0553 10.233 9.97003 6.31102 5.14776 10.2142 6.0854 16.3859 5.78901 7.42771 5.59846 5.11938 9.8652 16.5236 5.10962 10.1375 15.1246 10.8039 9.63837 8.19183 10.5953 13.3352 19.8321 21.7913 13.1325 11.9699 10.6643 8.05113 16.9984 9.57925
threshold=-0.50537016327275397 2.0425026073378567 2.0815005419015571 0.43302314335551256 -1.2041145644625468 -0.49008798855899643 -0.81793260411596802 -1.5868423785307526 -1.0174668528432229 -0.81977332850747986 -1.3231262713640659 -1.3293991099845879 -0.70526585897887173 -0.73284360866161113 -0.30505838731795659 -1.0444659357341868 -0.92055808308111831 -0.99864169796777025 -0.48423392821982103 -0.6963106238227913 0.054937349896423231 -0.18353790939252898 1.082299156171467 0.072170523892585367 -0.39673075154627196 -0.62547787373574071 -0.26462525427281347 1.0801555850332116 0.75305586519458789 0.505193667248098
decision_type=2 2 2 2 2 2 2 2 2 2 2 2 2 2 2 2 2 2 2 2 2 2 2 2 2 2 2 2 2 2
left_child=1 2 4 -4 5 6 7 10 9 -9 -1 12 13 -8 15 16 -2 -18 -16 20 26 22 24 25 -22 -24 -20 -17 -29 -30
right_child=14 -3 3 -5 -6 -7 11 8 -10 -11 -12 -13 -14 -15 18 27 17 -19 19 -21 21 -23 23 -25 -26 -27 -28 28 29 -31
leaf_value=-0.0085852164756751777 -0.025713422309075085 -0.032453470140695571 0.0047510441296013464 0.031250887469221382 -0.0003409990510547245 -0.025752264578477482 0.003670501467936179 -0.00066659219878900753 0.0014153395536319446 -0.017820425297613216 -0.032423519816781793 -0.0014323856859700225 -0.0020962134127067516 0.060080296710310947 0.0051440981255333708 -0.00022765030723553132 -0.0046458256630134264 0.00097867954072861476 0.0080729420730317383 -6.3544625703730419e-05 0.0044079571184841735 0.0016111376647398189 -0.00029052971565926621 0.022888235845381306 -0.0089695976479895589 -0.041879754308841111 0.001278197768413101 0.02075034837620042 0.0037132222062063328 -0.003207306998802856
leaf_weight=38 70 25 53 39 31220 48 34 137 339 117 70 1096 83 21 1200 15003 1996 1492 1164 17828 388 6184 22 21 348 81 1146 125 1874 682
leaf_count=38 70 25 53 39 31220 48 34 137 339 117 70 1096 83 21 1200 15003 1996 1492 1164 17828 388 6184 22 21 348 81 1146 125 1874 682
internal_value=2.17103e-12 -0.00047637 -0.000452359 0.0159847 -0.000497904 -0.00296818 -0.00240299 -0.00612325 -0.0028609 -0.00856816 -0.024036 -0.000289625 0.00878621 0.0252088 0.000319858 -0.000266607 -0.00270175 -0.00223993 0.000758788 0.00056519 0.00176351 0.00079985 -0.00503387 -0.0235322 -0.0019173 -0.0329966 0.00470204 0.00022334 0.00274711 0.00186666
internal_weight=82944 33320 33295 92 33203 1983 1935 701 593 254 108 1234 138 55 49624 21242 3558 3488 28382 27182 9354 7044 860 124 736 103 2310 17684 2681 2556
internal_count=82944 33320 33295 92 33203 1983 1935 701 593 254 108 1234 138 55 49624 21242 3558 3488 28382 27182 9354 7044 860 124 736 103 2310 17684 2681 2556
is_linear=0
shrinkage=0.05


Tree=108
num_leaves=31
num_cat=0
split_feature=1 7 2 4 7 5 6 0 2 5 0 0 2 5 11 2 4 4 2 8 4 5 5 2 8 9 8 0 5 5
split_gain=4.73939 10.9159 14.616 8.88688 7.43629 15.8959 7.4664 5.85389 5.55474 5.08495 6.40238 4.72591 8.05701 11.6905 10.0014 7.7499 7.02757 4.80034 10.326 9.74786 11.0523 18.4626 15.5257 14.5334 11.4587 11.3346 10.1296 9.04883 12.4212 13.1971
threshold=-1.0823603647649691 -0.44226394673424807 -1.5003388811877232 -1.5396378430418223 -0.081021797575299523 -1.157767925009574 -0.89145085320788475 0.39239371894079061 -1.1616648524319453 -1.3293991099845879 -0.27232248366544726 -1.5973165353265373 -0.42611546133801365 0.95394520574413566 -0.76213734878520889 0.088901069741899139 -0.50519366724809844 -1.1547283822813665 -1.2590735014296508 0.37100531152820115 -1.4193536365541799 0.59600457818367614 1.2818148012906689 0.35865906613106963 -1.7404918888887655 -1.0588840924461567 1.0000000180025095e-35 1.6119620207663889 -1.2244505813478443 -1.4032428797398566
decision_type=2 2 2 2 2 2 2 2 2 2 2 2 2 2 2 2 2 2 2 2 2 2 2 2 2 2 2 2 2 2
left_child=1 2 -1 -4 5 -3 9 8 -5 -6 -11 12 13 -2 -14 -16 -15 18 -13 20 24 -22 23 26 25 -20 -23 28 29 -26
right_child=11 4 3 7 6 -7 -8 -9 -10 10 -12 17 14 16 15 -17 -18 -19 19 -21 21 22 -24 -25 27 -27 -28 -29 -30 -31
leaf_value=0.038049605792319335 0.00046774334060418246 -0.036165041090887889 -0.020225529450302326 0.011163709790381636 0.0067690447030033466 -0.0024917892937722443 -0.00017172654059265121 0.017809519474179036 -0.00049549899789989448 -0.0055898622672329009 -0.016949398365225004 -0.01496857878269761 0.00023509022892851915 0.0050937924267990256 -0.0089223835151088209 -0.031448684194522986 -0.028906938288022172 0.00032163441822981287 -0.0062018884991391979 0.0010301253583721217 -0.00087179148316649186 -0.011611827719055631 -0.0015552812190948145 -0.020822772313553242 0.0016669070163908323 0.0096685970121212182 0.0039383869740251811 0.0054229580369049117 -0.001083451521070748 -0.020448383218135247
leaf_weight=27 1997 57 48 116 57 91 727 54 856 432 174 126 350 21 420 42 55 64149 145 5455 2104 384 525 324 109 502 144 460 2816 177
leaf_count=27 1997 57 48 116 57 91 727 54 856 432 174 126 350 21 420 42 55 64149 145 5455 2104 384 525 324 109 502 144 460 2816 177
internal_value=-1.72729e-12 -0.00208492 0.00171578 0.000802357 -0.00480571 -0.0154605 -0.00367124 0.00178612 0.000895929 -0.00750857 -0.00885151 6.85152e-05 -0.00191847 -0.000264751 -0.00614035 -0.0109702 -0.019512 0.000142559 -0.000723052 -0.000586503 -0.00173328 -0.00381763 -0.00831875 -0.0124864 -9.44355e-06 0.00611184 -0.00737086 -0.00112131 -0.00209177 -0.0120198
internal_weight=82944 2639 1101 1074 1538 148 1390 1026 972 663 606 80305 2885 2073 812 462 76 77420 13271 13145 7690 3481 1377 852 4209 647 528 3562 3102 286
internal_count=82944 2639 1101 1074 1538 148 1390 1026 972 663 606 80305 2885 2073 812 462 76 77420 13271 13145 7690 3481 1377 852 4209 647 528 3562 3102 286
is_linear=0
shrinkage=0.05


Tree=109
num_leaves=31
num_cat=0
split_feature=0 4 0 4 4 0 4 3 4 9 3 5 4 6 3 2 5 1 1 3 3 5 3 5 3 4 1 11 1 7
split_gain=4.46944 8.73305 10.8898 19.8477 24.4484 18.1327 14.5873 8.83663 10.1645 8.70102 8.53016 7.34012 7.24505 15.7622 6.95016 6.76485 6.23602 5.02845 5.00338 7.82617 4.92583 4.5543 4.86796 8.96118 7.2034 25.6662 5.94353 4.34737 12.2749 12.7627
threshold=1.9255171228095136 0.69764839762832587 2.4867904811690109 0.38490946076045557 0.072170523892585367 2.0852076738313352 0.55330734984315499 3.012964256391117 -0.74576208022338231 1.2514084728909129 3.6202699090239325 1.3494002584220433 -0.096227365190113864 1.7077461606570974 -0.43638204642907702 3.6149727007184782 1.366818105386481 3.1754622378609842 2.9043329545264673 3.3794542420997158 3.6202699090239325 1.3494002584220433 3.3794542420997158 1.3816171070223859 4.0676475521031525 0.26462525427281319 4.3806832468255656 -0.76213734878520889 -0.7786691124769477 -0.90839521789717692
decision_type=2 2 2 2 2 2 2 2 2 2 2 2 2 2 2 2 2 2 2 2 2 2 2 2 2 2 2 2 2 2
left_child=20 2 3 4 7 -6 11 12 -9 17 15 -5 14 -14 -2 -10 -12 -3 19 -11 27 -4 23 -23 26 -26 -24 28 29 -1
right_child=1 9 21 6 5 -7 -8 8 10 18 16 -13 13 -15 -16 -17 -18 -19 -20 -21 -22 22 24 -25 25 -27 -28 -29 -30 -31
leaf_value=-0.0023259090745823973 -0.0059395001120008959 -0.0065935114731940905 0.019951993575388637 0.02063619998469949 0.0053318842450001593 -0.044196094200015072 0.0073396843062205749 -0.0044896959398801513 0.050303809183674886 0.0021620120267199575 0.026859453557567164 0.054854953670430751 0.010019344891138052 -0.034506054233227459 0.0096133285203110277 0.020982237789957298 -0.0099946288100909442 -0.024083100869056753 -0.0033683582825737228 0.02736412633676082 -0.012464188729354647 -0.023309808547298114 -0.0048313724459700677 0.0051005845541144523 -0.0065075779243445771 0.050558850586414343 -0.021300004609873066 -0.00031022360266873809 0.0002489392135864795 0.0093197717183654723
leaf_weight=343 87 183 27 25 33 42 55 39 37 134 22 42 46 35 412 42 24 53 222 40 80 30 211 371 93 25 74 53742 25626 749
leaf_count=343 87 183 27 25 33 42 55 39 37 134 22 42 46 35 412 42 24 53 222 40 80 30 211 371 93 25 74 53742 25626 749
internal_value=1.73119e-12 0.00212443 0.00392418 0.00760763 0.00480498 -0.0224038 0.0264221 0.0075478 0.0177953 -0.00292171 0.0247483 0.0420868 0.00465023 -0.00922003 0.00690171 0.0347151 0.00763124 -0.0105213 0.00160732 0.0079556 -6.34111e-05 -0.000246844 -0.000925163 0.00297512 -0.00480609 0.00558277 -0.00910744 -5.10813e-05 0.000470171 0.00566183
internal_weight=82944 2404 1772 941 819 75 122 744 164 632 125 67 580 81 499 79 46 236 396 174 80540 831 804 401 403 118 285 80460 26718 1092
internal_count=82944 2404 1772 941 819 75 122 744 164 632 125 67 580 81 499 79 46 236 396 174 80540 831 804 401 403 118 285 80460 26718 1092
is_linear=0
shrinkage=0.05


Tree=110
num_leaves=31
num_cat=0
split_feature=6 1 3 0 5 12 1 4 5 4 3 11 4 4 4 3 0 5 4 11 3 4 4 4 7 4 11 1 5 1
split_gain=4.39402 9.25371 9.06544 6.84583 4.6223 9.05488 13.0495 11.0457 8.26838 11.672 14.0663 10.8395 23.3952 7.9228 7.70109 7.67953 8.29823 7.58564 36.2998 20.138 16.1586 12.3783 11.6444 19.0301 45.7972 16.7253 12.4337 12.1282 14.2381 9.60081
threshold=-0.50537016327275397 2.0425026073378567 1.8368263236736824 -1.3042849253048681 -0.30505838731795659 -1.0444659357341868 -0.88038424595947151 -0.74576208022338231 -0.85925218225375766 -0.21651157167775612 -1.125511661548122 1.0801555850332116 0.14434104778517079 -1.3231262713640659 1.299069430066538 -0.36584247517460194 -1.1242459101625819 -0.85925218225375766 -0.81793260411596802 -0.76213734878520889 -0.20290485855775262 0.40896630205798407 -1.3952967952566515 -0.9141599693060819 -0.081021797575299523 -1.2750125887690089 1.0801555850332116 -0.27578936078172939 -1.2543280627515025 -0.28303422099422554
decision_type=2 2 2 2 2 2 2 2 2 2 2 2 2 2 2 2 2 2 2 2 2 2 2 2 2 2 2 2 2 2
left_child=1 2 -1 -4 5 6 -2 13 9 10 -9 -11 -13 -8 -14 -6 -17 20 -19 -20 21 22 -7 24 25 29 -27 28 -28 -24
right_child=4 -3 3 -5 15 17 7 8 -10 11 -12 12 14 -15 -16 16 -18 18 19 -21 -22 -23 23 -25 -26 26 27 -29 -30 -31
leaf_value=-0.00048964618435655698 -0.021465767826884988 -0.030852615788578987 -0.015145170971751214 0.012591240454538919 0.0028797863149660867 -0.0012727621516787056 -0.0010783549758012999 0.0148894327923396 0.0038479635199622619 -0.0024424120053239185 -0.004890252604630098 -0.043224267213156933 -0.014111416299751323 -0.01010080837424073 0.0077512288980408394 -0.0048824241385469341 0.00056137048074039427 -0.0080020810497977608 0.0071802944332697615 -0.00088350741090798511 -0.0018085059883009417 -0.00031586034327178199 0.012806815774503932 0.0025082930587798074 -0.0010459428833560853 0.017054526897228691 0.053550481112564309 0.016295867410714409 0.014421015861444175 -0.010216335825888176
leaf_weight=33068 89 25 25 202 3582 965 407 192 816 1058 169 54 101 605 67 721 24079 1491 1023 3184 3740 3141 161 2821 561 349 85 68 32 63
leaf_count=33068 89 25 25 202 3582 965 407 192 816 1058 169 54 101 605 67 721 24079 1491 1023 3184 3740 3141 161 2821 561 349 85 68 32 63
internal_value=-6.1083e-13 -0.000444122 -0.000421289 0.00953657 0.000298205 -0.000259593 -0.00256104 -0.00207602 -0.000265302 -0.00231065 0.00562969 -0.00455008 -0.0145947 -0.00647221 -0.00539239 0.000715679 0.000403105 0.000203455 -0.00129848 0.00107734 0.000917458 0.00215383 0.00367338 0.00482628 0.00978386 0.0177991 0.0226094 0.0330886 0.0428484 0.00633155
internal_weight=82944 33320 33295 227 49624 21242 3558 3469 2457 1641 361 1280 222 1012 168 28382 24800 17684 5698 4207 11986 8246 5105 4140 1319 758 534 185 117 224
internal_count=82944 33320 33295 227 49624 21242 3558 3469 2457 1641 361 1280 222 1012 168 28382 24800 17684 5698 4207 11986 8246 5105 4140 1319 758 534 185 117 224
is_linear=0
shrinkage=0.05


Tree=111
num_leaves=31
num_cat=0
split_feature=5 2 4 4 7 12 8 5 2 8 4 2 4 7 12 5 3 4 5 2 0 2 4 1 7 5 4 0 0 0
split_gain=4.23149 9.61349 6.70245 17.3126 14.1752 19.0736 13.5488 15.0482 16.4776 12.9962 12.0167 20.0125 18.0659 19.8448 16.3572 16.3374 15.0146 25.0877 14.0299 13.5754 16.096 35.3525 20.9076 12.9841 12.8146 18.0921 12.1062 12.6149 14.8931 11.7251
threshold=0.80943899875565395 1.2692868776987039 -1.1787852235788951 -1.4193536365541799 -0.74611299300944822 -0.6963106238227913 1.0152913959672809 1.2818148012906689 0.35865906613106963 1.0000000180025095e-35 -0.48113682595056956 -0.36692078595614314 0.12028420648764231 1.7010387896728181 -1.0444659357341868 1.366818105386481 2.8203810515138188 -0.60142103243821221 1.0414542967587244 3.2858080162893386 1.1484874343550735 1.7608667400725333 -0.048113682595056481 -0.176898353191041 -0.081021797575299523 1.3937669968154378 -0.81793260411596802 0.88066025985645691 -1.2150853863330184 -0.096342892436865946
decision_type=2 2 2 2 2 2 2 2 2 2 2 2 2 2 2 2 2 2 2 2 2 2 2 2 2 2 2 2 2 2
left_child=1 -1 3 4 -2 -6 7 8 9 -5 11 18 13 19 -13 16 23 -18 -4 20 21 -12 -22 -16 25 -24 27 28 -17 -15
right_child=2 -3 10 6 5 -7 -8 -9 -10 -11 12 14 -14 29 15 26 17 -19 -20 -21 22 -23 24 -25 -26 -27 -28 -29 -30 -31
leaf_value=-0.00020172818602159421 -0.0062599500687094897 -0.011938621474463227 0.005372122596053029 -0.011442822043942752 0.016669925950904996 0.0015328068166196116 0.0037584255554497115 -0.0015383483841661734 -0.019420373930203846 0.0074399605928296558 -0.0037981642093317274 -0.0036040486729430536 0.001243561996539234 -0.024975246351319726 -0.021673884840889113 -0.014598848128691317 0.01212690420626175 0.069783263653516767 0.028800291904414878 -0.019149199942373397 0.010285187528756727 -0.038548499191179871 -0.025655103687407272 0.0054132558777812961 0.0095646368409506993 0.0062865494582565852 -0.0066797532851844811 0.00015518244435019696 0.029484740426627604 0.0096450643583417886
leaf_weight=57344 467 175 133 261 239 1610 350 638 376 140 3030 949 11817 26 45 25 105 23 123 136 449 75 124 2623 80 69 550 468 82 412
leaf_count=57344 467 175 133 261 239 1610 350 638 376 140 3030 949 11817 26 45 25 105 23 123 136 449 75 124 2623 80 69 550 468 82 412
internal_value=-6.1853e-13 -0.000237437 0.000537155 -0.00131941 0.00152355 0.00348942 -0.00504989 -0.00722863 -0.011901 -0.00485033 0.000892133 0.00300238 0.00022515 -0.00250936 0.00228609 0.00371169 0.00575894 0.022487 0.0166286 -0.00362556 -0.0030739 -0.00463754 0.00365064 0.00495639 -0.00726114 -0.0142355 -0.00137641 0.00369635 0.0191848 0.00758998
internal_weight=82944 57519 25425 4081 2316 1849 1765 1415 777 401 21344 5126 16218 4401 4870 3921 2796 128 256 3963 3827 3105 722 2668 273 193 1125 575 107 438
internal_count=82944 57519 25425 4081 2316 1849 1765 1415 777 401 21344 5126 16218 4401 4870 3921 2796 128 256 3963 3827 3105 722 2668 273 193 1125 575 107 438
is_linear=0
shrinkage=0.05


Tree=112
num_leaves=31
num_cat=0
split_feature=0 2 11 5 1 4 4 5 0 5 4 4 4 6 5 0 1 6 2 7 4 1 2 5 4 2 3 3 12 5
split_gain=4.17287 6.67372 8.54563 5.01112 13.0023 5.21238 4.88838 7.46022 5.01904 4.14065 11.0711 11.8919 17.3676 23.902 19.0885 31.4168 17.5812 18.7455 16.916 16.4934 16.7374 24.5491 21.4491 18.0111 17.7527 23.2443 12.1805 11.3199 14.1382 26.006
threshold=-1.5387088160037437 -0.40850848262623751 -0.76213734878520889 0.95394520574413566 -0.36284974416855514 -0.50519366724809844 -0.67359155633079704 1.082299156171467 -1.7215955740678106 0.42390874111029014 -1.1306715409838382 0.67359155633079737 0.96227365190113923 1.7077461606570974 0.65128935879477212 -0.80650011932188403 3.4175661722137254 -1.0580783826696147 -0.48955792594913528 1.7010387896728181 0.38490946076045557 1.8398692159766912 2.3418640897509673 1.4032428797398568 -0.67359155633079704 1.6501068016329257 3.6202699090239325 -0.13803305558685833 1.0000000180025095e-35 1.3068553720381473
decision_type=2 2 2 2 2 2 2 2 2 2 2 2 2 2 2 2 2 2 2 2 2 2 2 2 2 2 2 2 2 2
left_child=1 3 -3 -1 -5 -6 8 -8 -4 -2 -11 18 13 14 -13 -16 17 -17 -12 20 21 -20 27 -24 -23 -26 -15 -22 29 -29
right_child=9 2 6 4 5 -7 7 -9 -10 10 11 12 -14 26 15 16 -18 -19 19 -21 22 24 23 -25 25 -27 -28 28 -30 -31
leaf_value=0.00014428434914987592 -0.00022292856536370003 0.00077179891942681655 -0.028581199855461981 -0.026458960633364417 0.020800630679974955 -0.0072449159091086809 -0.0053072650979332685 -0.035081856071271678 -0.0078626116726081812 -0.0014608639141185749 0.0078150749818340359 -0.016627478162507311 0.00086775661472761356 0.006339688452086799 0.052096083261072637 -0.017032867279042192 -0.029886576469725697 -0.0018035553778195856 0.0008482762319257731 0.005943451836005172 0.013129217188323975 0.002391969362545634 0.030853561099086491 -0.0021466918524674842 -0.030828633065868773 -0.0070797677503381153 0.038737878540996466 0.0018503095964801876 -0.0023071650814780196 0.022485171208913649
leaf_weight=2542 47025 380 57 62 30 37 481 22 60 5823 1085 325 7366 240 25 227 65 1839 9778 1734 252 418 133 60 117 863 33 691 978 196
leaf_count=2542 47025 380 57 62 30 37 481 22 60 5823 1085 325 7366 240 25 227 65 1839 9778 1734 252 418 133 60 117 863 33 691 978 196
internal_value=-2.43715e-12 -0.00164803 -0.0051322 -0.00034359 -0.00995735 0.00531279 -0.00875077 -0.00660953 -0.0179563 7.63176e-05 0.000512687 0.000947578 -0.000398773 -0.0037863 -0.00533146 -0.00362868 -0.00428242 -0.00347686 0.00178322 0.00135322 0.000763016 -3.78044e-05 0.00463746 0.0205944 -0.0062353 -0.00991509 0.010256 0.00318272 0.00183874 0.00640999
internal_weight=82944 3671 1000 2671 129 67 620 503 117 79273 32248 26425 10120 2754 2481 2156 2131 2066 16305 15220 13486 11176 2310 193 1398 980 273 2117 1865 887
internal_count=82944 3671 1000 2671 129 67 620 503 117 79273 32248 26425 10120 2754 2481 2156 2131 2066 16305 15220 13486 11176 2310 193 1398 980 273 2117 1865 887
is_linear=0
shrinkage=0.05


Tree=113
num_leaves=31
num_cat=0
split_feature=1 7 2 4 7 5 6 0 2 5 0 4 0 7 5 2 11 5 4 4 3 0 4 1 3 5 2 7 1 0
split_gain=4.0088 9.85123 13.133 8.02346 6.47256 14.2928 6.76779 5.2777 4.69818 4.50945 5.76521 4.11973 3.81079 5.14217 13.4457 10.0847 9.53739 9.88093 7.54506 20.4965 13.4874 11.899 10.5681 11.4859 13.8486 10.3542 8.66448 12.5364 12.8686 8.5628
threshold=-1.0823603647649691 -0.44226394673424807 -1.5003388811877232 -1.5396378430418223 -0.081021797575299523 -1.1922423828011939 -0.89145085320788475 0.84254034633363084 -1.1616648524319453 -1.3293991099845879 -0.27232248366544726 0.64953471503326898 -0.0078117817629935965 -0.44226394673424807 -1.1210959212062963 -0.29988855771063755 -0.76213734878520889 1.1922423828011943 -0.57736419114068327 -0.21651157167775612 -1.4089851800967199 1.9713770334385832 0.96227365190113923 -0.66277187122683034 -1.2845280893920854 -1.3068553720381466 -0.83835658716494865 0.50473852548845832 -0.75551634587185068 0.21442066219845521
decision_type=2 2 2 2 2 2 2 2 2 2 2 2 2 2 2 2 2 2 2 2 2 2 2 2 2 2 2 2 2 2
left_child=1 2 -1 -4 5 -3 9 8 11 -6 -11 -5 -2 -14 18 16 17 -16 -15 20 -20 26 23 29 25 -25 27 -22 -29 -21
right_child=12 4 3 7 6 -7 -8 -9 -10 10 -12 -13 13 14 15 -17 -18 -19 19 22 21 -23 -24 24 -26 -27 -28 28 -30 -31
leaf_value=0.036134326320003581 -0.00027060605856960197 -0.036869951884727928 -0.019153026413793364 0.016096994819001821 0.0063482136947609347 -0.003677575122623239 -0.00011202657605265011 0.024453634626697751 -4.4864745281826145e-05 -0.0052667669215225033 -0.016046236588849804 -0.0056638083091519516 0.0011505894414812709 -0.0038639727626447492 0.0115551264243158 0.00023278603889045291 0.0021498244840861768 -0.015254828503758117 0.019726503423701688 0.012317101726841105 0.0058974008561230046 0.031527886519648343 0.0010394623439741186 -0.0090801505680785204 -0.0045272823341731879 -0.034364275188873646 0.0049158122785388772 -0.0028264529317513936 -0.045403818371040489 -0.0011277914128379164
leaf_weight=27 41433 48 48 87 57 100 727 25 885 432 174 29 14836 2653 483 12950 2301 37 156 146 71 36 1837 98 1959 69 542 36 35 627
leaf_count=27 41433 48 48 87 57 100 727 25 885 432 174 29 14836 2653 483 12950 2301 37 156 146 71 36 1837 98 1959 69 542 36 35 627
internal_value=-1.45717e-12 -0.0019175 0.0016931 0.000827261 -0.00450221 -0.0144427 -0.0034438 0.00176201 0.00119529 -0.0070972 -0.00836186 0.0106568 6.30134e-05 0.000418613 -3.31932e-05 0.000822904 0.00353188 0.0096475 -0.00166677 -0.000628071 0.00639787 0.00351001 -0.00192763 -0.00380778 -0.00570552 -0.0195269 0.00203538 -0.00895895 -0.0238153 0.00141161
internal_weight=82944 2639 1101 1074 1538 148 1390 1026 1001 663 606 116 80305 38872 24036 15771 2821 520 8265 5612 876 720 4736 2899 2126 167 684 142 71 773
internal_count=82944 2639 1101 1074 1538 148 1390 1026 1001 663 606 116 80305 38872 24036 15771 2821 520 8265 5612 876 720 4736 2899 2126 167 684 142 71 773
is_linear=0
shrinkage=0.05


Tree=114
num_leaves=31
num_cat=0
split_feature=0 2 11 4 9 0 0 1 1 7 2 4 7 9 6 0 9 9 2 4 0 4 2 8 4 2 9 8 9 9
split_gain=3.71128 6.0147 7.71194 4.41205 6.73302 4.52968 4.02762 6.40927 3.60091 8.64148 11.7164 7.50075 5.95984 12.9352 5.82357 4.68877 4.0357 5.58978 3.70301 4.28313 3.56216 3.12817 9.19023 8.20166 9.57005 14.0909 25.1019 10.1508 10.2727 8.36451
threshold=-1.5387088160037437 -0.40850848262623751 -0.76213734878520889 -0.67359155633079704 0.19252438044475581 -1.7215955740678106 -1.7215955740678106 -0.065995452098374471 -1.0823603647649691 -0.44226394673424807 -1.5003388811877232 -1.4674673191492369 -0.081021797575299523 0.38504876088951162 -0.89145085320788475 0.39239371894079061 0.96262190222377908 0.19252438044475581 -1.1616648524319453 0.62547787373574038 -1.0802617329247328 -1.1547283822813665 -1.2590735014296508 0.37100531152820115 -1.4193536365541799 0.12610267146840728 0.77009752177902324 -1.7404918888887655 -1.0588840924461567 0.38504876088951162
decision_type=2 2 2 2 2 2 2 2 2 2 2 2 2 2 2 2 2 2 2 2 2 2 2 2 2 2 2 2 2 2
left_child=1 6 -3 5 -5 -4 -1 -8 9 10 -2 -12 13 -11 16 18 17 20 19 -13 -14 22 -10 24 27 -26 -27 28 -24 -25
right_child=8 2 3 4 -6 -7 7 -9 21 12 11 15 14 -15 -16 -17 -18 -19 -20 -21 -22 -23 23 29 25 26 -28 -29 -30 -31
leaf_value=0.0014298498821008942 0.03432760913338926 0.00074673922161118281 -0.027138609488151579 -0.0050280013239078214 -0.033314232879572296 -0.0074559508630773061 -0.002953447328379764 0.025591368079185484 -0.014007139839379798 -0.0020217127218179836 -0.016339673954298941 0.017985609856744609 -0.0090221955677119211 -0.032397606796094852 -6.8387100330571482e-05 0.016348686055021568 0.0060308029604959554 -0.01306035886408592 -3.3412595263554626e-05 -0.0047163670067675413 0.0019357428973124789 0.00027777318140376396 -0.0058170375025606361 -0.00050128644524918126 -0.0012651252586928317 -0.016479101860169928 -0.0012826530688091935 -0.00093621466257962419 0.0093053317443541547 0.0035318236592850314
leaf_weight=1477 27 380 57 481 22 60 1174 20 126 91 59 63 139 57 717 54 57 275 744 31 159 63607 145 3353 2364 494 604 3524 498 2085
leaf_count=1477 27 380 57 481 22 60 1174 20 126 91 59 63 139 57 717 54 57 275 744 31 159 63607 145 3353 2364 494 604 3524 498 2085
internal_value=9.0125e-13 -0.00155421 -0.00486188 -0.00829942 -0.00626517 -0.0170449 -0.000315849 -0.00247531 7.19729e-05 -0.00180597 0.00184832 0.000926199 -0.00419653 -0.0137205 -0.0031501 0.00206822 -0.00665737 -0.00791955 0.001148 0.0104988 -0.00317551 0.000132444 -0.000568229 -0.000438643 -0.00149624 -0.0034391 -0.00811967 0.000117918 0.00589516 0.00104506
internal_weight=82944 3671 1000 620 503 117 2671 1194 79273 2473 978 951 1495 148 1347 892 630 573 838 94 298 76800 13193 13067 7629 3462 1098 4167 643 5438
internal_count=82944 3671 1000 620 503 117 2671 1194 79273 2473 978 951 1495 148 1347 892 630 573 838 94 298 76800 13193 13067 7629 3462 1098 4167 643 5438
is_linear=0
shrinkage=0.05


Tree=115
num_leaves=31
num_cat=0
split_feature=0 0 2 4 4 1 0 4 5 9 0 7 2 5 0 7 3 0 4 4 1 1 4 1 3 7 5 1 2 2
split_gain=3.44488 6.70724 10.3673 8.83733 7.47876 5.95827 5.87059 5.79255 11.489 7.62943 5.84259 6.12668 8.82653 5.71209 5.71977 7.5658 4.75958 5.98887 12.3648 7.72626 35.342 6.37228 8.68027 6.77191 11.1628 7.46663 6.16405 5.57878 6.61685 11.9498
threshold=1.6656405814955708 1.4992753960410625 0.55865729442856826 0.38490946076045557 -0.1683978890826997 -0.59795434504503098 1.7273137874825626 -1.4915241604467655 1.366818105386481 0.77009752177902324 1.7273137874825626 1.7010387896728181 -0.37609734407099898 1.3293991099845883 1.761268499712193 1.7010387896728181 3.6202699090239325 1.1886801523617443 -0.048113682595056481 -0.21651157167775612 1.5496670761385922 2.0425026073378567 -0.76981892152091091 2.9043329545264673 2.0815005419015571 -0.081021797575299523 1.254328062751503 2.7276332300298809 0.26378160296541731 1.0075793976716925
decision_type=2 2 2 2 2 2 2 2 2 2 2 2 2 2 2 2 2 2 2 2 2 2 2 2 2 2 2 2 2 2
left_child=1 16 3 4 -3 6 -2 8 13 10 -9 12 -12 14 15 -7 17 21 19 -19 -21 -1 -23 24 -24 -26 -25 28 -20 -30
right_child=5 2 -4 -5 -6 7 -8 9 -10 -11 11 -13 -14 -15 -16 -17 -18 18 27 20 -22 22 23 26 25 -27 -28 -29 29 -31
leaf_value=-5.1022447919017917e-05 0.036027781878198897 -0.00712795455889531 -0.0010769294347713319 -0.00053221894989044147 -0.024120876321282528 0.036658032832516209 0.0071781326418700209 0.012301027381585705 -0.0029940142276852085 0.0010787874052659002 0.00085392560981942917 -0.0026055599217063297 -0.026120856643936943 0.029621480374286576 0.0028308543261317981 0.0028691788017749789 -0.012681693578692707 0.0048938918928506416 0.0032824460035758142 0.0040748155758350713 0.077052907153431868 0.01669917792743562 -0.0058329390639107158 -0.0096899947420752142 -0.039883926988113674 -0.009994308302506201 0.020672080615102978 0.012838924365789423 -0.013196129291588253 -0.00063609521117470157
leaf_weight=72438 21 129 1509 154 130 37 110 36 168 4070 46 167 89 48 105 30 74 1118 627 79 21 38 244 32 48 37 35 77 234 993
leaf_count=72438 21 129 1509 154 130 37 110 36 168 4070 46 167 89 48 105 30 74 1118 627 79 21 38 244 32 48 37 35 77 234 993
internal_value=2.0334e-12 -8.09769e-05 -0.00299806 -0.0100174 -0.0156572 0.00128224 0.0118029 0.00099487 0.0068518 0.000479332 -0.00673896 -0.00900862 -0.0169294 0.0143704 0.0101143 0.0215287 -7.29754e-06 5.03991e-06 0.0021399 0.00608489 0.0194002 -8.72133e-05 -0.00612775 -0.00831821 -0.0112689 -0.0268732 0.00617079 -0.000348444 -0.00089614 -0.00303141
internal_weight=82944 78017 1922 413 259 4927 131 4796 388 4408 338 302 135 220 172 67 76095 76021 3149 1218 100 72872 434 396 329 85 67 1931 1854 1227
internal_count=82944 78017 1922 413 259 4927 131 4796 388 4408 338 302 135 220 172 67 76095 76021 3149 1218 100 72872 434 396 329 85 67 1931 1854 1227
is_linear=0
shrinkage=0.05


Tree=116
num_leaves=31
num_cat=0
split_feature=6 1 5 10 1 0 9 0 4 3 0 4 1 3 4 4 5 5 5 3 1 4 1 3 9 0 9 4 0 4
split_gain=3.4453 14.7646 8.75485 7.37909 14.5889 9.65824 9.42286 44.4595 42.1513 14.1748 22.7571 15.2257 11.2715 10.4023 16.8572 9.99893 16.08 31.6543 9.77644 8.9301 8.65129 12.2653 8.5903 6.97928 6.61739 6.22394 8.1828 6.8889 5.80286 5.65713
threshold=1.7077461606570974 -0.8420222770200313 -1.157767925009574 1.0000000180025095e-35 3.1754622378609842 1.0684796879210554 0.38504876088951162 0.27154823262667721 -0.52925050854562683 -0.19511879420770448 0.38041459796982174 0.96227365190113923 0.10562610595810557 3.6202699090239325 0.36085261946292707 0.91415996930608234 1.4032428797398568 1.3816171070223859 -1.3494002584220433 -1.163228111804516 1.0725343352449406 0.048113682595056877 1.5916682534707134 -0.99388104523294407 -1.3476706631132902 0.54721404967828258 -1.3476706631132902 -0.57736419114068327 1.9255171228095136 -0.52925050854562683
decision_type=2 2 2 2 2 2 2 2 2 2 2 2 2 2 2 2 2 2 2 2 2 2 2 2 2 2 2 2 2 2
left_child=-1 2 -2 6 5 22 20 8 -8 11 -11 12 18 -12 -15 16 17 -16 -9 -20 23 -22 25 -3 -25 29 -27 -28 -14 -5
right_child=1 3 -4 4 -6 -7 7 9 -10 10 13 -13 28 14 15 -17 -18 -19 19 -21 21 -23 -24 24 -26 26 27 -29 -30 -31
leaf_value=-0.00010757153316372261 0.047279858806480966 0.007764126525328513 0.011632022645599286 0.028308800198295615 -0.022504804914139892 0.0015454448433049762 0.0017398247898866735 -0.0057988113590649202 0.084236359098576949 -0.046457493236219449 -0.0022219771251527219 -0.014965214755605249 -0.02763797216826961 -0.003483977898641195 -5.6708393441069695e-05 0.0055994339194148784 -0.0045510645490139728 0.07846990886962775 -0.0017098140691814479 0.026896851304289256 -0.044970280649485411 -0.0055276415495788813 0.032905636908596055 0.0024236777899256587 -0.0029015010677602366 -0.0069140167773531925 -0.0047601062698874536 0.010772574799734036 0.0083520569644557948 -0.00092497997330096753
leaf_weight=74628 24 202 61 59 55 1788 30 35 32 27 1116 51 21 136 21 55 20 33 32 185 27 73 34 737 2799 110 86 420 24 23
leaf_count=74628 24 202 61 59 55 1788 30 35 32 27 1116 51 21 136 21 55 20 33 32 185 27 73 34 737 2799 110 86 420 24 23
internal_value=-1.70118e-12 0.00096535 0.0216973 0.000751255 0.00297002 0.00352602 -0.000258879 0.00270638 0.0443187 0.00123715 -0.00099619 0.0102732 0.0146071 -0.000107374 0.0087979 0.0217462 0.0337472 0.0479318 0.0187232 0.0226784 -0.00166347 -0.0161772 0.00836381 -0.0012752 -0.00179159 0.00716836 0.00544573 0.00813263 -0.00844329 0.0201091
internal_weight=82944 8316 85 8231 2575 2520 5656 1818 62 1756 1408 348 297 1381 265 129 74 54 252 217 3838 100 732 3738 3536 698 616 506 45 82
internal_count=82944 8316 85 8231 2575 2520 5656 1818 62 1756 1408 348 297 1381 265 129 74 54 252 217 3838 100 732 3738 3536 698 616 506 45 82
is_linear=0
shrinkage=0.05


Tree=117
num_leaves=31
num_cat=0
split_feature=5 2 1 3 2 4 4 4 5 8 0 5 3 6 3 6 8 3 5 0 9 8 5 1 6 0 5 2 0 4
split_gain=3.33025 9.31971 6.7556 7.52307 6.77002 7.85596 6.21228 19.1792 27.1149 11.8332 10.6897 11.0438 9.36295 9.14992 8.64727 10.4912 8.3604 8.02367 6.98951 5.87683 6.10107 5.396 5.39249 6.00895 5.18315 21.9679 56.4973 15.7984 19.0488 10.6725
threshold=0.80943899875565395 1.5009240506625152 0.044348099929735124 1.2796142973360352 0.29315596895356721 -1.5396378430418223 1.5636946843393513 1.3471831126615947 1.1922423828011943 0.19793268244031401 0.95849667322298504 0.99864169796777091 1.1465974220183075 0.30811198432835407 0.94730973606102398 1.1133806251249947 1.0152913959672809 -0.10171535485938679 1.3937669968154378 -1.1531837160635419 -1.4439328533356683 -1.0174668528432229 1.224450581347845 0.82459029735354694 1.1133806251249947 0.041510661571337822 1.082299156171467 2.6405108700037183 -0.0078117817629935965 -1.1787852235788951
decision_type=2 2 2 2 2 2 2 2 2 2 2 2 2 2 2 2 2 2 2 2 2 2 2 2 2 2 2 2 2 2
left_child=1 2 3 4 -1 -6 7 24 9 12 11 -8 21 17 -10 18 -11 -13 -16 -7 -21 -9 23 -15 -2 26 -26 28 -28 -27
right_child=6 -3 -4 -5 5 19 10 8 14 16 -12 13 -14 22 15 -17 -18 -19 -20 20 -22 -23 -24 -25 25 29 27 -29 -30 -31
leaf_value=-6.3574644776344334e-05 -9.7559039728261227e-05 -0.017054994713242462 -0.0018315168537824248 -0.020673853353681892 0.023486619340438469 -0.02352040844038129 0.0027041627082634596 0.01193143670147947 -0.0057751895877466144 0.02663316485200197 0.0032988003667722096 -0.024294843700338613 0.033966941039623888 -0.0077639879981199131 0.014918570515190709 -0.0055221986914646901 0.010613039259881002 -0.0041385538583283178 0.0012838071325020652 -0.009132282186474187 0.0054585640105270714 -0.0016953124855977617 -0.0044448040251154454 -0.036025287495816453 -0.0052264444172768704 -0.0043857606477194734 0.03024636355397153 0.0018416164314438558 0.071443093386478723 0.0020319349813490888
leaf_weight=50926 18129 82 5630 44 51 20 230 128 350 203 432 57 29 26 215 186 136 369 167 80 686 168 32 68 182 803 94 29 40 3352
leaf_count=50926 18129 82 5630 44 51 20 230 128 350 203 432 57 29 26 215 186 136 369 167 80 686 168 32 68 182 803 94 29 40 3352
internal_value=1.27588e-12 -0.00021064 -0.000186592 -7.83389e-06 9.73281e-06 0.00447001 0.000476531 0.000651543 0.00597396 0.0136707 -0.00301376 -0.00650101 0.0068537 -0.0103365 0.000406801 0.00421613 0.0202062 -0.00683552 0.00895782 0.00323611 0.00393472 0.00419734 -0.0221732 -0.0282083 0.000279452 0.0017983 0.013922 0.0353024 0.0425439 0.000791644
internal_weight=82944 57519 57437 51807 51763 837 25425 24211 1582 664 1214 782 325 552 918 568 339 426 382 786 766 296 126 94 22629 4500 345 163 134 4155
internal_count=82944 57519 57437 51807 51763 837 25425 24211 1582 664 1214 782 325 552 918 568 339 426 382 786 766 296 126 94 22629 4500 345 163 134 4155
is_linear=0
shrinkage=0.05


Tree=118
num_leaves=31
num_cat=0
split_feature=0 2 11 5 1 2 0 5 1 5 7 0 1 2 8 8 1 5 6 2 1 3 5 0 12 3 2 5 5 2
split_gain=3.28259 5.40041 6.92985 4.61536 11.4175 3.74624 6.017 3.37094 6.68435 22.4296 8.89686 6.86094 6.08492 11.3142 10.5772 5.17349 6.14783 7.4195 7.44035 5.32306 6.4809 5.01742 4.66931 4.29651 4.10699 11.0743 9.00098 11.9829 6.80803 11.055
threshold=-1.5387088160037437 -0.40850848262623751 -0.76213734878520889 0.95394520574413566 -0.24977714500891043 0.088901069741899139 -1.6782105856976191 0.42390874111029014 0.35930066644283459 0.061466547291727118 -0.081021797575299523 1.7273137874825626 -0.76161725216138931 -0.1351820684983506 1.0152913959672809 -0.27754979391328816 -0.176898353191041 0.12281920449442395 -0.89145085320788475 -1.5003388811877232 -0.68587784773185179 0.90331828486506838 1.3068553720381473 -1.465925275049839 -1.0444659357341868 -0.3856408629559594 -0.80144913113465421 -0.99864169796777025 -0.99864169796777025 -0.97059320135477201
decision_type=2 2 2 2 2 2 2 2 2 2 2 2 2 2 2 2 2 2 2 2 2 2 2 2 2 2 2 2 2 2
left_child=1 3 -3 -1 -5 -4 -7 8 15 11 -11 -10 13 14 22 16 19 -18 -19 20 -2 24 -9 -14 25 -17 27 -27 29 -26
right_child=7 2 5 4 -6 6 -8 12 9 10 -12 -13 23 -15 -16 21 17 18 -20 -21 -22 -23 -24 -25 28 26 -28 -29 -30 -31
leaf_value=0.00017994049483162388 -0.010614423056510102 0.00072072194879997133 -0.0064236385918282277 -0.019486911759680411 0.01267379937460646 -0.037783937485745323 -0.0079185090668033812 0.013832274066093801 0.0025689333889070513 -0.010926387773020883 -0.035744712162105473 -0.011024553230105207 0.0066226574868725394 -0.0090969303522463324 -0.0012294778105998003 -0.0017625812550758997 -0.0030536097557524048 0.00055086375713082295 -0.02761717149889438 -0.00060679626382361415 0.012141983024775982 -0.0068979487773452169 0.036635602064430714 0.00032294526693585433 0.0091674851732330056 -0.0088446662156070801 0.0029764231081750732 0.026578398225291705 -0.00012412704086135838 0.0012466054313014919
leaf_weight=2542 239 380 546 89 40 26 48 220 422 77 68 119 273 98 136 6452 320 35 71 13178 36 246 25 31496 462 292 2531 26 12982 9469
leaf_count=2542 239 380 546 89 40 26 48 220 422 77 68 119 273 98 136 6452 320 35 71 13178 36 246 25 31496 462 292 2531 26 12982 9469
internal_value=-1.9658e-12 -0.00146169 -0.0045959 -0.000288272 -0.0095146 -0.00785448 -0.0184118 6.76886e-05 -0.000202315 -0.00510176 -0.0225653 -0.000421131 0.000461416 0.00605487 0.00995218 -0.000129784 -0.000937733 -0.00685139 -0.0183164 -0.000750472 -0.0076354 0.000215672 0.0161591 0.00037708 0.000269995 -0.000616111 0.00198025 -0.00594844 0.000629689 0.00161509
internal_weight=82944 3671 1000 2671 129 620 74 79273 47025 686 145 541 32248 479 381 46339 13879 426 106 13453 275 32460 245 31769 32214 9301 2849 318 22913 9931
internal_count=82944 3671 1000 2671 129 620 74 79273 47025 686 145 541 32248 479 381 46339 13879 426 106 13453 275 32460 245 31769 32214 9301 2849 318 22913 9931
is_linear=0
shrinkage=0.05


Tree=119
num_leaves=31
num_cat=0
split_feature=1 7 2 4 7 5 6 2 0 4 5 0 4 0 0 2 5 3 6 5 4 1 5 4 5 3 4 2 9 2
split_gain=3.22901 7.6514 10.3843 6.77864 5.33661 11.791 5.39714 4.25126 4.83225 4.48979 3.67708 4.67969 3.23012 3.93873 3.10902 5.68256 9.10908 5.70343 5.21861 6.83511 3.85071 6.15968 3.54788 3.28998 3.15327 3.09204 2.95226 8.23639 8.06387 9.48306
threshold=-1.0823603647649691 -0.44226394673424807 -1.5003388811877232 -1.3952967952566515 -0.081021797575299523 -1.1922423828011939 -0.89145085320788475 -1.1616648524319453 0.39239371894079061 0.62547787373574038 -1.3293991099845879 -0.35071809734617093 0.26462525427281319 0.41227145491530831 -1.5973165353265373 -0.42611546133801365 0.95394520574413566 -0.021013197500858293 -1.0580783826696147 0.12281920449442395 -0.26462525427281347 0.18423188935298163 0.70535813777133538 -0.64953471503326854 0.99864169796777091 -1.0590371185339966 -1.1547283822813665 -1.1616648524319453 0.77009752177902324 0.67118978185489986
decision_type=2 2 2 2 2 2 2 2 2 2 2 2 2 2 2 2 2 2 2 2 2 2 2 2 2 2 2 2 2 2
left_child=1 2 -1 -4 5 -3 10 9 -9 -5 25 -12 -13 -14 15 16 -2 -18 20 -20 21 22 -17 -21 -25 -6 27 -16 29 -29
right_child=14 4 3 7 6 -7 -8 8 -10 -11 11 12 13 -15 26 18 17 -19 19 23 -22 -23 -24 24 -26 -27 -28 28 -30 -31
leaf_value=0.032086783413844251 0.000480337054201044 -0.033395104288744433 -0.013806249835217993 0.017738420980688379 -0.0073343561913352465 -0.0032472955479825034 -6.2463787845348708e-05 -0.00028429241360027372 0.015147213371367091 -0.0048396688041975723 -0.0043814513909655592 -0.0059115372573856646 -0.014025055626710959 -0.03574436329029225 -0.010362017293950606 -0.018593146818725825 -0.025619803274219689 0.0050106945957633714 -0.01211577806596844 -0.0066973900504148842 -0.0046614404884167014 -0.00025084468636762453 -0.041442582092207414 0.00070824428789338157 0.013121506293100538 0.016134140238864347 0.0002570454097185788 -0.00075094486933775578 0.0016498640344361029 -0.0072847043715277369
leaf_weight=27 1997 48 75 76 25 100 727 838 54 31 408 79 92 27 211 65 55 21 140 114 114 37 23 255 64 32 64149 8969 3499 592
leaf_count=27 1997 48 75 76 25 100 727 838 54 31 408 79 92 27 211 65 55 21 140 114 114 37 23 255 64 32 64149 8969 3499 592
internal_value=-6.55841e-13 -0.00172093 0.00146111 0.000691186 -0.00399884 -0.013025 -0.00303779 0.00177958 0.000649902 0.0111971 -0.00630032 -0.00744232 -0.0137496 -0.018953 5.65537e-05 -0.00155507 -0.000166248 -0.0171561 -0.00510068 -0.00251192 -0.0113072 -0.0173681 -0.0245652 0.000593248 0.00319868 0.00584094 0.00011661 -0.000562224 -0.000403897 -0.0011555
internal_weight=82944 2639 1101 1074 1538 148 1390 999 892 107 663 606 198 119 80305 2885 2073 76 812 573 239 125 88 433 319 57 77420 13271 13060 9561
internal_count=82944 2639 1101 1074 1538 148 1390 999 892 107 663 606 198 119 80305 2885 2073 76 812 573 239 125 88 433 319 57 77420 13271 13060 9561
is_linear=0
shrinkage=0.05


Tree=120
num_leaves=31
num_cat=0
split_feature=5 6 3 1 0 0 5 4 4 3 4 2 3 5 2 4 0 0 1 6 0 3 9 4 4 3 0 5 4 4
split_gain=3.03722 7.12421 11.7629 7.45781 8.81392 16.1588 37.3031 22.1097 29.4651 15.1031 15.2244 10.1109 18.6506 9.05698 11.6584 10.6182 7.57719 18.3096 9.51642 12.3802 17.3581 9.4403 8.59119 7.63477 8.95064 25.0355 15.8884 8.96527 9.77007 6.96042
threshold=-0.36482234569996336 0.30811198432835407 2.525628365157282 -0.009147584043004026 -0.14550686920228975 0.041510661571337822 1.1577679250095743 -0.60142103243821221 -0.28868209557034147 0.17087414298626183 0.072170523892585367 0.9452029766701463 0.94730973606102398 1.082299156171467 -0.77269876693762252 -0.62547787373574071 0.9209772483878762 0.70385570796422381 2.9043329545264673 1.1133806251249947 1.8177858471927231 1.9092313060998976 -1.3476706631132902 0.74576208022338275 0.36085261946292707 4.0676475521031525 2.4867904811690109 1.3293991099845883 0.55330734984315499 1.5636946843393513
decision_type=2 2 2 2 2 2 2 2 2 2 2 2 2 2 2 2 2 2 2 2 2 2 2 2 2 2 2 2 2 2
left_child=-1 2 -2 -3 9 6 -6 -8 11 -5 13 12 -9 -11 -15 -16 17 -7 -18 20 -20 22 -19 24 -21 26 27 -26 -29 -24
right_child=1 3 -4 4 5 16 7 8 -10 10 -12 -13 -14 14 15 -17 18 21 19 23 -22 -23 29 -25 25 -27 -28 28 -30 -31
leaf_value=-0.00035900254567618932 -0.00010570774117438476 0.0030337699282592715 -0.024375288398121486 0.00518402189464124 0.0030104263661295374 0.00094453079599383309 -0.0049795516104244727 0.081180279012769474 -0.00031112907767797321 -0.0077215900786411903 0.010974585356699779 0.086029066628328085 0.01371453684710321 0.0011674450128339232 0.00027104733003811403 -0.038655649029575682 0.003228746324551219 -0.015194256629778961 -0.059026165448383176 -0.00082843346077876015 -0.003218603826185005 -0.02072401102703671 -0.0019710191304995457 -0.007693105193762451 -0.010151738677436866 0.050272867902690033 -0.013026040481866424 0.03787995874501613 0.0052226389649995542 -0.019875961027493508
leaf_weight=34447 33913 3955 50 293 612 2757 29 20 26 394 86 27 21 39 22 86 3264 176 22 1113 38 106 846 306 27 33 86 49 43 58
leaf_count=34447 33913 3955 50 293 612 2757 29 20 26 394 86 27 21 39 22 86 3264 176 22 1113 38 106 846 306 27 33 86 49 43 58
internal_value=1.35627e-13 0.000254996 -0.000141437 0.00118138 0.000488858 0.000934268 0.00806025 0.0331862 0.0449607 -0.00418746 -0.0085668 0.0622705 0.0466247 -0.0116732 -0.0222646 -0.0307261 0.000347357 -0.00129017 0.00164364 -0.00136963 -0.0236814 -0.00648501 -0.00508748 -0.000561724 0.00105353 0.00985445 0.00334807 0.0151815 0.0226162 -0.00311979
internal_weight=82944 48497 33963 14534 10579 9659 735 123 94 920 627 68 41 541 147 108 8924 3943 4981 1717 60 1186 1080 1657 1351 238 205 119 92 904
internal_count=82944 48497 33963 14534 10579 9659 735 123 94 920 627 68 41 541 147 108 8924 3943 4981 1717 60 1186 1080 1657 1351 238 205 119 92 904
is_linear=0
shrinkage=0.05


Tree=121
num_leaves=31
num_cat=0
split_feature=0 3 4 4 7 5 8 2 5 0 4 1 0 8 0 2 12 4 0 0 8 4 2 3 5 4 7 5 1 2
split_gain=2.88869 6.22618 9.44485 14.9396 25.3282 15.0542 12.1364 9.30878 8.56529 6.99399 9.20571 6.63129 6.09658 5.20636 7.06333 5.50522 6.71194 5.13873 4.52777 4.2749 14.4044 10.9623 18.7437 10.5906 7.89251 7.44585 5.8423 27.2266 8.6534 7.10058
threshold=-0.0078117817629935965 -1.2041145644625468 -0.19245473038022767 -0.81793260411596802 0.50473852548845832 -1.3494002584220433 -1.7404918888887655 -1.092568663875441 -1.3937669968154378 1.0526555900914161 1.0825578583887816 -1.144176274179687 0.39239371894079061 -1.7404918888887655 0.39239371894079061 -1.0616786639538727 0.34815531191139576 0.64953471503326898 0.75305586519458789 0.10789381999018957 1.0152913959672809 -0.9141599693060819 0.18982458001395527 1.7319852129670208 -1.3494002584220433 -1.3231262713640659 -0.44226394673424807 1.1922423828011943 1.2805484083020713 -0.94556519947463247
decision_type=2 2 2 2 2 2 2 2 2 2 2 2 2 2 2 2 2 2 2 2 2 2 2 2 2 2 2 2 2 2
left_child=-1 2 3 6 8 -6 11 -7 -5 13 -11 -2 -10 14 17 -15 -17 -4 -18 20 23 22 25 26 -23 -22 27 29 -28 -3
right_child=1 19 9 4 5 7 -8 -9 12 10 -12 -13 -14 15 -16 16 18 -19 -20 -21 21 24 -24 -25 -26 -27 28 -29 -30 -31
leaf_value=-0.00028333070730005071 -0.0027197635632806591 0.02770808048080653 -0.012718008600670514 -0.0019625773485749962 0.013032450003549457 -0.014065858075881135 0.00012784242978882446 -0.060707271993160256 0.044264597192406656 -0.02755345306177805 0.0079122253538419802 -0.027475650804607496 0.017887180971999858 0.0092914268056946726 -0.024430886866258727 0.00082186301228076098 -0.0086484595789862884 0.0076416637976745184 -0.030990468453744365 0.00026149890483147736 0.0080471082357689745 -0.0016532263853565946 -0.0060665870380656028 0.02069004412769573 0.01080538006420647 0.042752675295752642 -0.00085181061928335598 0.041238099833329517 -0.018895671028049961 0.00069722028354438212
leaf_weight=43155 42 25 79 50 25 23 316 20 25 77 24 76 177 88 70 211 104 51 29 34744 20 219 41 64 303 68 1795 45 69 909
leaf_count=43155 42 25 79 50 25 23 316 20 25 77 24 76 177 88 70 211 104 51 29 34744 20 219 41 64 303 68 1795 45 69 909
internal_value=-2.26057e-12 0.000307299 -0.00286705 0.00106192 0.00925834 -0.0178213 -0.00498152 -0.0357595 0.0165655 -0.00690858 -0.019126 -0.0186642 0.0211517 -0.00495611 -0.0116258 -0.0018683 -0.00472311 -0.00473075 -0.01352 0.000430537 0.0020812 0.00880394 0.0218558 0.000575697 0.00557849 0.034865 0.000122894 0.00325045 -0.00151974 0.00142021
internal_weight=82944 39789 1487 754 320 68 434 43 252 733 101 118 202 632 200 432 344 130 133 38302 3558 651 129 2907 522 88 2843 979 1864 934
internal_count=82944 39789 1487 754 320 68 434 43 252 733 101 118 202 632 200 432 344 130 133 38302 3558 651 129 2907 522 88 2843 979 1864 934
is_linear=0
shrinkage=0.05


Tree=122
num_leaves=31
num_cat=0
split_feature=0 3 1 3 7 5 0 3 6 0 0 1 1 5 3 3 11 1 8 6 0 9 5 1 1 2 2 1 0 1
split_gain=2.83105 6.39778 8.61345 5.7652 7.19484 5.37442 11.9577 6.33197 10.2667 4.67754 10.7023 10.2252 6.2692 4.31391 4.21773 3.84596 3.11171 11.0976 11.1914 8.97481 10.3453 9.09528 11.8789 15.8667 7.82436 6.94995 6.30091 6.19167 5.7304 7.01044
threshold=1.9255171228095136 -0.65875899241029556 2.7276332300298809 2.8203810515138188 1.7010387896728181 1.3494002584220433 2.4867904811690109 3.1648958441122628 1.7077461606570974 2.415323570517228 2.4867904811690109 3.1754622378609842 3.720430316313958 1.3293991099845883 3.1648958441122628 3.6202699090239325 -0.76213734878520889 -0.7786691124769477 1.0152913959672809 1.7077461606570974 1.0684796879210554 -1.2514084728909125 0.12281920449442395 0.34040592890363669 1.6813081811486768 -1.1616648524319453 -0.47850146518390152 3.1754622378609842 1.3597098452314602 3.0427843480465886
decision_type=2 2 2 2 2 2 2 2 2 2 2 2 2 2 2 2 2 2 2 2 2 2 2 2 2 2 2 2 2 2
left_child=15 -2 3 -3 -5 9 7 8 -7 11 12 -4 -11 -13 -8 16 17 18 -1 21 24 22 26 -24 -21 -23 -19 -22 29 -27
right_child=1 2 5 4 -6 6 14 -9 -10 10 -12 13 -14 -15 -16 -17 -18 19 -20 20 27 25 23 -25 -26 28 -28 -29 -30 -31
leaf_value=0.0088435366764433709 -0.011388304479834107 0.0049722446142079829 -0.026225218588175878 0.010322582479626037 0.041146073129028085 0.018484506736963224 0.0030226833979769482 0.014446573756772624 -0.01518189909229814 -0.016368636329259192 0.0089865925838239491 -0.001176220626803115 -0.0495877243578434 0.020048305358833229 -0.0034823893573900397 -0.0110079655428126 -0.00025881499277638281 0.0074545422839208302 -0.0019706573687980674 0.0069781599344648851 0.0013610603212112027 -0.0076452326306599237 -0.0061642176325434018 -0.03136694593155491 0.033479829479394284 0.00044646938525713577 -0.0020715651976799736 -0.021545343427278568 -0.0032278397836273524 0.018829486920535252
leaf_weight=738 90 583 30 78 25 39 391 225 54 49 32 62 20 39 687 80 53742 202 354 703 1773 279 579 70 29 19584 1234 30 1091 52
leaf_count=738 90 583 30 78 25 39 391 225 54 49 32 62 20 39 687 80 53742 202 354 703 1773 279 579 70 29 19584 1234 30 1091 52
internal_value=-1.34657e-12 0.00169079 0.00219948 0.00689888 0.017804 0.000219272 0.00139042 0.00991054 -0.00106373 -0.00682778 -0.0149133 -0.00059388 -0.0259974 0.00701939 -0.00112294 -5.04676e-05 -3.95727e-05 0.000401423 0.00533784 0.000191067 0.00301513 -0.000118967 -0.00326871 -0.00888254 0.00802809 0.000193668 -0.000731542 0.000979922 0.000299185 0.000495151
internal_weight=82944 2404 2314 686 103 1628 1396 318 93 232 101 131 69 101 1078 80540 80460 26718 1092 25626 2535 23091 2085 649 732 21006 1436 1803 20727 19636
internal_count=82944 2404 2314 686 103 1628 1396 318 93 232 101 131 69 101 1078 80540 80460 26718 1092 25626 2535 23091 2085 649 732 21006 1436 1803 20727 19636
is_linear=0
shrinkage=0.05


Tree=123
num_leaves=31
num_cat=0
split_feature=1 7 2 4 7 5 6 0 5 0 2 4 4 4 0 0 2 5 11 4 2 8 5 2 3 5 11 4 2 8
split_gain=2.82287 6.77704 9.09538 6.23367 4.74186 10.4194 4.77833 3.8444 3.31172 4.10859 3.29133 3.17717 3.13168 3.38893 3.01668 2.72781 5.11028 8.2371 6.18394 5.35853 5.30022 3.01864 3.12069 3.08997 2.69858 2.62866 2.66143 2.58899 7.20345 7.21597
threshold=-1.0823603647649691 -0.44226394673424807 -1.5003388811877232 -1.5396378430418223 -0.081021797575299523 -1.157767925009574 -0.89145085320788475 0.84254034633363084 -1.3293991099845879 -0.31566746073821877 -1.1616648524319453 0.26462525427281319 0.64953471503326898 -1.3231262713640659 0.41227145491530831 -1.5973165353265373 -0.42611546133801365 0.95394520574413566 -0.76213734878520889 -0.50519366724809844 0.088901069741899139 -1.7404918888887655 1.082299156171467 0.9452029766701463 -1.0590371185339966 -0.36482234569996336 1.0000000180025095e-35 -1.1547283822813665 -1.1616648524319453 0.37100531152820115
decision_type=2 2 2 2 2 2 2 2 2 2 2 2 2 2 2 2 2 2 2 2 2 2 2 2 2 2 2 2 2 2
left_child=1 2 -1 -4 5 -3 8 10 24 -10 12 -11 13 -5 -13 16 17 25 21 -19 -20 22 -18 -24 -6 -2 -27 28 -17 -30
right_child=15 4 3 7 6 -7 -8 -9 9 11 -12 14 -14 -15 -16 27 18 19 20 -21 -22 -23 23 -25 -26 26 -28 -29 29 -31
leaf_value=0.030047675946520438 -0.0022829862708740063 -0.029023901588822665 -0.016946276273665718 -0.0038269003010576682 -0.0067029890222474941 -0.0017614475839993927 -4.7394266364707818e-05 0.020855805285274986 -0.0042607913989230013 -0.0055818630480137512 -3.2672737830313253e-05 -0.01392486038268544 -0.0053049901395971922 0.019234165732720587 -0.033253429402355796 -0.0096912823917186426 -0.00026714682622226856 0.005190207107391741 -0.0069233600690183361 -0.02449968658387661 -0.025552324629167008 -0.0048952070985914878 0.02088873517614874 -0.001726160311828489 0.015221540694619763 0.0024183800021584192 -0.0046948524304431215 0.00024064349519398688 -0.0013649871301917678 0.0010217321750629151
leaf_weight=27 603 57 48 21 25 91 727 25 420 79 885 80 29 66 27 211 124 21 420 55 42 159 44 23 32 1247 147 64149 7662 5398
leaf_count=27 603 57 48 21 25 91 727 25 420 79 885 80 29 66 27 211 124 21 420 55 42 159 44 23 32 1247 147 64149 7662 5398
internal_value=-1.69601e-12 -0.00160907 0.00138564 0.000665087 -0.00375288 -0.0122612 -0.00284696 0.00148901 -0.00591677 -0.00700055 0.00100532 -0.0131871 0.00892453 0.0136677 -0.0188022 5.28776e-05 -0.00145672 -0.000139678 -0.00481905 -0.0162959 -0.0086169 0.00019411 0.00443077 0.0131254 0.00560552 0.000475181 0.00166828 0.000109131 -0.000526568 -0.000378501
internal_weight=82944 2639 1101 1074 1538 148 1390 1026 663 606 1001 186 116 87 107 80305 2885 2073 812 76 462 350 191 67 57 1997 1394 77420 13271 13060
internal_count=82944 2639 1101 1074 1538 148 1390 1026 663 606 1001 186 116 87 107 80305 2885 2073 812 76 462 350 191 67 57 1997 1394 77420 13271 13060
is_linear=0
shrinkage=0.05


Tree=124
num_leaves=31
num_cat=0
split_feature=5 6 3 1 0 0 5 4 4 3 4 5 4 0 0 3 1 0 1 9 4 10 4 1 5 1 6 0 4 4
split_gain=2.66299 6.11374 10.6315 6.93971 7.78507 14.3382 31.8492 20.1413 26.3223 13.6426 13.7393 8.17692 7.84357 6.52143 16.6537 8.52106 8.26891 29.5161 15.5522 7.62249 6.46808 10.4879 6.27087 5.94677 7.17149 9.1554 11.3925 15.4768 6.98057 7.57048
threshold=-0.36482234569996336 0.30811198432835407 2.525628365157282 -0.009147584043004026 -0.14550686920228975 0.041510661571337822 1.1577679250095743 -0.60142103243821221 -0.28868209557034147 0.17087414298626183 0.072170523892585367 1.082299156171467 -0.40896630205798362 0.9209772483878762 0.70385570796422381 1.9092313060998976 1.9723754462409178 1.6935874626993139 1.8398692159766912 -1.3476706631132902 0.60142103243821199 1.0000000180025095e-35 1.5636946843393513 2.1279170894743822 0.99864169796777091 2.9043329545264673 1.1133806251249947 1.8177858471927231 0.74576208022338275 0.36085261946292707
decision_type=2 2 2 2 2 2 2 2 2 2 2 2 2 2 2 2 2 2 2 2 2 2 2 2 2 2 2 2 2 2
left_child=-1 2 -2 20 9 6 -6 -8 12 -5 11 -11 -9 14 -7 19 17 -15 -19 -16 21 -3 -21 -18 -25 -26 27 -27 29 -28
right_child=1 3 -4 4 5 13 7 8 -10 10 -12 -13 -14 16 15 -17 23 18 -20 22 -22 -23 -24 24 25 26 28 -29 -30 -31
leaf_value=-0.00033615814413465097 -9.4506907636790087e-05 0.0032445450701726396 -0.023167405211366714 0.0049408493360401998 0.002893990455691785 0.00090674915597770296 -0.005650551728743675 0.043732161261439806 -0.00077447287442807401 -0.0073245062070265224 0.010435600365040997 -0.021142876464762681 0.078068188038365599 0.0031631617656935058 -0.014371078389980209 -0.019706878313829876 -0.0065898378183936518 0.069455336138606077 0.016451330383818959 -0.0019073145309891515 0.00039953632028345506 0.01310623462980373 -0.018902233619531941 -0.016663063600145536 0.0042540595078426986 -0.056087023400786251 -0.00072054977479904579 -0.0033904494567602674 -0.0073532594282642695 0.0091042419255000905
leaf_weight=34447 33913 2069 50 293 612 2757 29 39 26 394 86 147 29 1548 176 106 303 25 31 846 1576 310 58 58 1299 22 1113 38 306 238
leaf_count=34447 33913 2069 50 293 612 2757 29 39 26 394 86 147 29 1548 176 106 303 25 31 846 1576 310 58 58 1299 22 1113 38 306 238
internal_value=3.8153e-12 0.00023877 -0.000128475 0.00109695 0.000428912 0.000847519 0.00756007 0.0307767 0.0420148 -0.00396601 -0.00812822 -0.0110792 0.0583755 0.000294659 -0.00122451 -0.00617888 0.00149725 0.00445321 0.0401138 -0.00485114 0.00288383 0.00452959 -0.0029977 9.32287e-05 0.00075197 0.00108687 -0.00130927 -0.0227125 -0.000534254 0.00101024
internal_weight=82944 48497 33963 14534 10579 9659 735 123 94 920 627 541 68 8924 3943 1186 4981 1604 56 1080 3955 2379 904 3377 3074 3016 1717 60 1657 1351
internal_count=82944 48497 33963 14534 10579 9659 735 123 94 920 627 541 68 8924 3943 1186 4981 1604 56 1080 3955 2379 904 3377 3074 3016 1717 60 1657 1351
is_linear=0
shrinkage=0.05


Tree=125
num_leaves=31
num_cat=0
split_feature=0 4 0 4 4 0 3 4 2 9 6 2 3 4 4 6 3 2 4 5 3 4 0 5 2 6 2 2 3 4
split_gain=2.47898 7.48353 8.1063 22.1069 20.842 15.1953 6.74528 8.93809 8.79862 6.38404 5.94267 11.3813 8.72086 10.6547 5.83578 13.1342 5.78444 5.18487 5.17063 4.1848 11.5485 6.52179 5.1338 4.07153 3.95758 3.87467 5.8374 3.58796 3.48449 3.18731
threshold=1.9255171228095136 0.60142103243821199 2.4867904811690109 0.38490946076045557 0.072170523892585367 2.0852076738313352 3.012964256391117 -0.048113682595056481 2.8051086824331208 1.2514084728909129 1.7077461606570974 2.95394829999828 3.6202699090239325 0.91415996930608234 -0.096227365190113864 1.7077461606570974 -0.39192905063849698 4.2843765881725142 0.38490946076045557 1.3068553720381473 1.1785049233486096 -0.96227365190113912 1.9713770334385832 -1.3293991099845879 0.69854287917992519 1.7077461606570974 -0.056070289712664985 0.1113257191213794 3.6202699090239325 0.96227365190113923
decision_type=2 2 2 2 2 2 2 2 2 2 2 2 2 2 2 2 2 2 2 2 2 2 2 2 2 2 2 2 2 2
left_child=28 2 3 4 6 -6 14 8 -8 -3 11 -11 -12 -14 16 24 23 -5 -4 20 21 22 -18 -2 -16 26 -23 -27 29 -1
right_child=1 9 18 17 5 -7 7 -9 -10 10 12 -13 13 -15 15 -17 19 -19 -20 -21 -22 25 -24 -25 -26 27 -28 -29 -30 -31
leaf_value=-0.00020543043196714369 0.0060075560245119661 -0.0089599123073542727 0.00071679796605529113 0.020532804888595518 0.0043914570571911161 -0.040947650656813668 0.038895354707104465 0.046930222958326342 0.0057317152086761788 0.0010971085579803911 -0.0002593096274629993 -0.026246205267516223 0.04732636909645338 0.0057876964363171475 -0.0060794993473047565 -0.031406007813555854 0.034532405370594682 0.045838787797838454 -0.016369832824281557 0.00076465240471359152 0.043212309801364666 -0.0098135274527261836 0.0081931495428639086 -0.014094983311018572 0.02327985796146095 0.0050005722177646518 0.01671221234893892 -0.016967562081888043 -0.010477099870913663 0.0005506214034167676
leaf_weight=62520 48 262 764 48 33 42 24 20 120 200 118 47 26 38 22 35 37 35 47 114 27 28 37 53 24 41 80 34 80 17940
leaf_count=62520 48 262 764 48 33 42 24 20 120 200 118 47 26 38 22 35 37 35 47 114 27 28 37 53 24 41 80 34 80 17940
internal_value=-5.4772e-13 0.00158217 0.00335397 0.00661542 0.00412353 -0.0209984 0.00665599 0.0156091 0.011259 -0.00281017 0.000945617 -0.00410587 0.00780121 0.0226628 0.00412441 -0.00832398 0.00614509 0.031204 -0.000273426 0.00885697 0.0121053 0.00883724 0.0213628 -0.0045413 0.00923843 0.00377227 0.00983517 -0.00495832 -4.72254e-05 -3.68551e-05
internal_weight=82944 2404 1713 902 819 75 744 164 144 691 429 247 182 64 580 81 499 83 811 398 284 257 74 101 46 183 108 75 80540 80460
internal_count=82944 2404 1713 902 819 75 744 164 144 691 429 247 182 64 580 81 499 83 811 398 284 257 74 101 46 183 108 75 80540 80460
is_linear=0
shrinkage=0.05


Tree=126
num_leaves=31
num_cat=0
split_feature=1 7 2 4 7 5 2 0 2 4 4 0 0 5 4 1 5 5 3 4 1 6 4 4 12 0 4 7 1 8
split_gain=2.49206 6.11571 8.21245 5.61876 4.28718 9.45782 4.31317 3.56729 3.11577 2.83571 3.05703 2.7412 2.44008 5.26805 11.2064 6.62905 11.6422 11.3681 10.2299 12.975 9.38833 5.75619 4.68445 4.06781 4.46823 6.54339 3.87349 3.6079 3.54661 3.60073
threshold=-1.0823603647649691 -0.44226394673424807 -1.5003388811877232 -1.5396378430418223 -0.081021797575299523 -1.1922423828011939 -1.5003388811877232 0.43545882703510586 -1.1616648524319453 0.64953471503326898 -1.3231262713640659 0.3709331010095997 -1.2699454819131175 -0.85925218225375766 -0.21651157167775612 -0.2552985726314761 0.90745195762283271 1.082299156171467 1.8368263236736824 -0.40896630205798362 0.067514366011549823 -1.0580783826696147 0.072170523892585367 -0.072170523892585409 1.0444659357341872 -1.8272519404696095 0.19245473038022776 -0.17427846833443938 1.2084748473566986 -1.0174668528432229
decision_type=2 2 2 2 2 2 2 2 2 2 2 2 2 2 2 2 2 2 2 2 2 2 2 2 2 2 2 2 2 2
left_child=1 2 -1 -4 5 -3 -6 8 9 10 -5 -8 13 14 -2 17 21 22 19 20 -18 -17 23 24 -15 -26 -16 -25 29 -22
right_child=12 4 3 7 6 -7 11 -9 -10 -11 -12 -13 -14 15 26 16 18 -19 -20 -21 28 -23 -24 27 25 -27 -28 -29 -30 -31
leaf_value=0.028568344066540404 -0.001978456388615196 -0.029882228552984696 -0.016071883041877299 -0.0036084757984748911 -0.01094401052146232 -0.0028814784323112691 -0.0029670777463604251 0.015196100810749664 -0.00023281362226180397 -0.0050465532128923934 0.018294227843712593 0.0027549650137578801 0.00014151898538416056 -0.00029645327878461103 0.013092546949509577 -0.020467961780153789 0.021383453917741366 -0.019991032826330732 -0.017741375221786173 -0.00071064754747770761 0.015666422076778101 -0.002523801348812733 0.0009386415638049869 -0.0019190497117880685 0.0016976051020657513 -0.0051508940108923908 -0.0031348327651273371 -0.010658546250232652 -0.0067893125092225439 0.0027529523653257375
leaf_weight=27 415 48 48 21 142 100 982 45 865 29 66 266 72280 2200 254 52 180 85 44 313 106 318 1417 215 453 1516 43 262 42 110
leaf_count=27 415 48 48 21 142 100 982 45 865 29 66 266 72280 2200 254 52 180 85 44 313 106 318 1417 215 453 1516 43 262 42 110
internal_value=-2.39642e-12 -0.00151185 0.00133299 0.000648307 -0.00354837 -0.0116385 -0.00268698 0.00143054 0.00079909 0.00849389 0.0130074 -0.00174748 4.96827e-05 -0.000777474 0.00332816 -0.0011772 0.00228101 -0.00183251 0.00569092 0.00706379 0.0126195 -0.00504568 -0.00157793 -0.00234547 -0.00184503 -0.00357529 0.0107431 -0.00671936 0.00650509 0.00909012
internal_weight=82944 2639 1101 1074 1538 148 1390 1026 981 116 87 1248 80305 8025 712 7313 1165 6148 795 751 438 370 6063 4646 4169 1969 297 477 258 216
internal_count=82944 2639 1101 1074 1538 148 1390 1026 981 116 87 1248 80305 8025 712 7313 1165 6148 795 751 438 370 6063 4646 4169 1969 297 477 258 216
is_linear=0
shrinkage=0.05


Tree=127
num_leaves=31
num_cat=0
split_feature=5 6 3 1 2 3 0 4 4 4 2 5 6 2 5 5 5 1 1 7 0 4 6 2 1 3 0 4 7 2
split_gain=2.3824 5.36492 9.58117 6.36122 5.33422 12.4073 11.4975 7.27706 16.1465 11.5372 17.3739 23.3736 14.059 11.5482 10.9573 10.6535 10.1709 9.72903 9.50453 8.73175 8.52495 16.4336 8.78022 8.54129 8.24081 7.84091 7.90002 17.8256 7.76879 10.5904
threshold=-0.36482234569996336 0.30811198432835407 2.525628365157282 -0.30275412649927852 -0.46879357366068736 0.12363486240664759 0.80565153132273315 0.96227365190113923 0.67359155633079737 0.38490946076045557 1.2692868776987039 1.3937669968154378 -0.91243033262339701 0.8739712444562644 0.85925218225375766 1.1577679250095743 0.99864169796777091 3.4175661722137254 1.0725343352449406 -0.17427846833443938 -0.85421494247692253 0.76981892152091114 -1.0580783826696147 0.44642660022355057 1.4320675819635833 2.2740615210686115 -0.035597408600741946 1.5636946843393513 -0.17427846833443938 0.26378160296541731
decision_type=2 2 2 2 2 2 2 2 2 2 2 2 2 2 2 2 2 2 2 2 2 2 2 2 2 2 2 2 2 2
left_child=-1 2 4 -3 5 6 -2 8 9 17 13 12 -12 15 28 18 -15 -6 -11 -17 21 -10 23 -22 -18 26 27 -16 29 -9
right_child=1 3 -4 -5 7 -7 -8 14 20 10 11 -13 -14 16 25 19 24 -19 -20 -21 22 -23 -24 -25 -26 -27 -28 -29 -30 -31
leaf_value=-0.00031795591681438578 0.0006650500937807111 0.0043757342955410101 -0.021989468909567225 0.00070272918940198132 -0.00092422374918744098 0.0094344206267220239 -0.036380079308790822 -0.0043598644787247584 -0.0094404057948850109 0.0047629327244595558 0.068641545772552492 -0.0032281319861917688 0.023003757584417514 -0.024901483099518427 0.0088706448132440385 0.0027194821412705236 -0.00592428495984159 0.025466699291552816 0.027710835861557342 -0.010770503964751819 -0.011483812726155299 0.04907175974831695 -0.0043336483370475746 -0.043617328337353212 0.026436488067900596 0.024851998941740023 0.0006329648410256755 -0.003991822842859395 0.00037229814021370281 -0.027123881399165842
leaf_weight=34447 7991 1294 50 13240 15688 415 21 583 28 1129 20 89 108 67 1028 278 186 35 47 211 205 21 1874 23 22 40 2076 365 1307 56
leaf_count=34447 7991 1294 50 13240 15688 415 21 583 28 1129 20 89 108 67 1028 278 186 35 47 211 205 21 1874 23 22 40 2076 365 1307 56
internal_value=-1.47898e-12 0.000225841 -0.000118179 0.00102975 -8.59326e-05 0.00100459 0.000567952 -0.000446518 -0.000887421 -0.000395049 0.00303404 0.0164513 0.0301347 0.00153324 0.0011725 0.00310102 -0.00795896 -0.000865477 0.00568007 -0.00310135 -0.00498022 0.0156362 -0.00546082 -0.0147254 -0.00250151 0.0028413 0.0025875 0.00550036 -0.00183666 -0.00635483
internal_weight=82944 48497 33963 14534 33913 8427 8012 25486 20031 17880 2157 217 128 1940 5455 1665 275 15723 1176 489 2151 49 2102 228 208 3509 3469 1393 1946 639
internal_count=82944 48497 33963 14534 33913 8427 8012 25486 20031 17880 2157 217 128 1940 5455 1665 275 15723 1176 489 2151 49 2102 228 208 3509 3469 1393 1946 639
is_linear=0
shrinkage=0.05


Tree=128
num_leaves=31
num_cat=0
split_feature=0 3 4 4 7 9 8 2 9 0 1 0 4 9 8 0 2 12 4 1 2 4 4 8 6 0 0 8 2 2
split_gain=2.3042 5.1696 8.43393 13.7886 23.8622 13.4635 10.7914 8.40117 7.99247 8.06744 6.28195 6.0085 7.95538 4.50248 4.34981 6.21585 5.01657 5.80201 4.49825 3.91487 8.48938 8.8976 15.5657 32.2456 22.8082 16.3776 12.2154 10.9722 12.8137 10.8761
threshold=-0.0078117817629935965 -1.2041145644625468 -0.21651157167775612 -0.81793260411596802 0.50473852548845832 1.0588840924461571 -1.7404918888887655 -1.092568663875441 1.4439328533356688 0.39239371894079061 -1.144176274179687 1.0526555900914161 1.0825578583887816 0.86635971200140116 -1.7404918888887655 0.39239371894079061 -1.0616786639538727 0.34815531191139576 0.64953471503326898 -0.3509222869772099 0.2335480201142264 -1.4434104778517083 -1.0344441757937244 0.19793268244031401 0.30811198432835407 0.7831759819564309 0.1314169962933068 -1.7404918888887655 -0.75821709513785907 -0.65434959716848529
decision_type=2 2 2 2 2 2 2 2 2 2 2 2 2 2 2 2 2 2 2 2 2 2 2 2 2 2 2 2 2 2
left_child=-1 2 3 6 8 7 10 -6 9 -5 -2 14 -13 -11 15 18 -16 -18 -4 20 21 -3 23 -23 25 26 -25 28 -24 -28
right_child=1 19 11 4 5 -7 -8 -9 -10 13 -12 12 -14 -15 16 -17 17 -19 -20 -21 -22 22 27 24 -26 -27 29 -29 -30 -31
leaf_value=-0.00025304844868804074 -0.0019912626549956343 -0.003543730969765721 -0.011547029805909161 0.048207606229445213 -0.013325755394306844 0.012207511436194182 0.00021011461486304591 -0.057635099142789838 -0.0055456826815913837 0.026780273251767669 -0.026086259896615768 -0.025403445375046338 0.0075156211911235008 0.010669979139684553 0.0088831293206153954 -0.022702693092370673 0.00056829263827943763 -0.012694576309986862 0.0073644559191284225 5.740073078422232e-05 0.0097456588791815894 0.00036177825529335643 0.00033932534706352947 0.033813508156687024 -0.020040337209190642 0.042346996511627412 0.020575491177017052 0.0012179240289546601 -0.013665497337345251 -0.0026497946008221134
leaf_weight=43155 42 1004 82 23 23 25 316 20 35 70 76 78 24 114 88 70 217 133 51 26888 281 654 398 75 35 79 113 8407 277 91
leaf_count=43155 42 1004 82 23 23 25 316 20 35 70 76 78 24 114 88 70 217 133 51 26888 281 654 398 75 35 79 113 8407 277 91
internal_value=-1.22263e-12 0.000274455 -0.00261804 0.00114499 0.00919892 -0.0169707 -0.00460782 -0.0339348 0.0165524 0.0202888 -0.0175101 -0.00638613 -0.0176578 0.0167989 -0.00459251 -0.0106426 -0.00178846 -0.0044716 -0.00429526 0.000386751 0.0011626 0.000945963 0.00139099 0.00716382 0.0184832 0.0222495 0.0165588 0.000725479 -0.00540784 0.0102152
internal_weight=82944 39789 1487 744 310 68 434 43 242 207 118 743 102 184 641 203 438 350 133 38302 11414 11133 10129 1047 393 358 279 9082 675 204
internal_count=82944 39789 1487 744 310 68 434 43 242 207 118 743 102 184 641 203 438 350 133 38302 11414 11133 10129 1047 393 358 279 9082 675 204
is_linear=0
shrinkage=0.05


Tree=129
num_leaves=31
num_cat=0
split_feature=1 8 2 0 8 5 5 0 0 0 3 3 0 0 0 9 3 8 0 0 2 1 2 5 1 0 6 9 1 1
split_gain=2.24789 5.33978 4.38137 4.9223 3.44008 4.09507 2.9697 3.49242 2.88094 2.58699 3.32924 2.40392 2.36878 4.49204 2.15885 9.11419 6.681 5.85737 7.76585 5.97708 5.78786 5.54313 7.62998 5.39166 9.05726 4.51704 4.26415 3.83482 3.74843 6.81283
threshold=-1.0823603647649691 -1.7404918888887655 -1.092568663875441 -0.97656920633495037 1.0792073135794762 -1.157767925009574 -1.3293991099845879 -0.35071809734617093 -0.31566746073821877 -1.1080731484177919 -1.5868423785307526 -1.0590371185339966 1.0193609357091071 0.82882426524999564 -1.2699454819131175 -0.28878657066713359 1.8368263236736824 -1.0174668528432229 -1.5973165353265373 -1.4106555654566479 -0.20229860414586495 -0.24977714500891043 -0.3572685525990143 0.95394520574413566 -0.36284974416855514 -1.5387088160037437 -1.0580783826696147 -1.1551462826685344 1.2432604983724855 -0.009147584043004026
decision_type=2 2 2 2 2 2 2 2 2 2 2 2 2 2 2 2 2 2 2 2 2 2 2 2 2 2 2 2 2 2
left_child=1 6 3 -3 12 -6 11 9 -7 -8 -11 -1 13 -4 15 20 17 19 23 21 27 25 -23 -19 -25 -17 -22 -2 29 -21
right_child=14 2 4 -5 5 8 7 -9 -10 10 -12 -13 -14 -15 -16 16 -18 18 -20 28 26 22 -24 24 -26 -27 -28 -29 -30 -31
leaf_value=-0.0060247093634679914 -0.00014327863650172342 0.016004429121676367 -0.00082956188763474038 0.0018533418607111802 -0.023789637905105743 -0.01777107252606324 -0.0083879641334836681 -0.01179371965729227 0.0049104931210746513 -0.018395230740956638 0.0016239227634032094 0.01466825695024454 -0.013202095040076137 0.017304264799292601 0.00013356797175300135 0.0089959366326885556 -0.016902645660394972 0.0013877285345877295 0.0031148511913455298 0.010221019679576988 -0.018139173373630323 0.025984051595959401 0.003495069887252253 -0.027683532218992092 -0.003414131264489527 -0.012581602704734837 -0.004970028337678737 -0.0027671771335855628 -0.0054727500981905245 0.032034240221604705
leaf_weight=25 3360 76 1408 321 36 21 171 198 42 23 214 32 37 35 72280 35 44 132 917 126 74 45 233 60 107 79 363 2378 22 50
leaf_count=25 3360 76 1408 321 36 21 171 198 42 23 214 32 37 35 72280 35 44 132 917 126 74 45 233 60 107 79 363 2378 22 50
internal_value=6.31242e-14 -0.00143587 -0.000133082 0.00456237 -0.00131364 -0.0103372 -0.00531871 -0.006345 -0.00265003 -0.00370077 -0.000318864 0.00559239 -0.000710035 -0.000389725 4.7186e-05 -0.000730844 0.00234766 0.00281666 0.000833203 0.00690458 -0.00165315 0.00332792 0.00713537 -0.00616436 -0.0121337 -0.00595692 -0.00720004 -0.0012307 0.0139857 0.016418
internal_weight=82944 2639 1976 397 1579 99 663 606 63 408 237 57 1480 1443 80305 8025 1850 1806 1216 590 6175 392 278 299 167 114 437 5738 198 176
internal_count=82944 2639 1976 397 1579 99 663 606 63 408 237 57 1480 1443 80305 8025 1850 1806 1216 590 6175 392 278 299 167 114 437 5738 198 176
is_linear=0
shrinkage=0.05


Tree=130
num_leaves=31
num_cat=0
split_feature=5 6 3 2 0 3 0 0 5 0 0 2 9 3 2 0 2 3 0 9 0 5 0 8 5 6 3 5 5 2
split_gain=2.21679 4.71086 8.64671 6.14576 8.2807 9.62663 7.46512 11.3711 9.81997 11.3793 14.1048 21.8635 7.97138 8.57817 7.09199 6.90747 4.99368 11.0821 10.4107 6.32737 16.4453 6.85824 5.96089 6.99881 16.5814 5.7563 12.4982 5.44781 4.85313 10.9477
threshold=-0.36482234569996336 0.30811198432835407 2.525628365157282 0.50206105555451919 1.0983238223116816 1.4538561166522213 0.9209772483878762 0.70385570796422381 1.224450581347845 -0.0078117817629935965 0.34567208706119978 2.2215774627024731 -1.2514084728909125 1.9092313060998976 3.1142813650749299 1.0193609357091071 -0.46879357366068736 0.12363486240664759 0.80565153132273315 -1.2514084728909125 -0.01916611073023233 0.12281920449442395 -1.1080731484177919 1.0792073135794762 1.0414542967587244 -0.50537016327275397 -0.12069586471840636 0.90745195762283271 1.254328062751503 -0.80144913113465421
decision_type=2 2 2 2 2 2 2 2 2 2 2 2 2 2 2 2 2 2 2 2 2 2 2 2 2 2 2 2 2 2
left_child=-1 2 16 4 -3 -6 7 8 14 -10 11 -11 -9 -14 -5 -8 17 18 22 20 25 -22 27 28 -25 26 -18 -2 29 -24
right_child=1 3 -4 6 5 -7 15 12 9 10 -12 -13 13 -15 -16 -17 19 -19 -20 -21 21 -23 23 24 -26 -27 -28 -29 -30 -31
leaf_value=-0.0003067058238976458 -6.4162963527723726e-05 0.0018108445221388051 -0.020881886768736879 -0.0014102020486539465 0.0047410848577523479 0.039119004120584583 0.0093243318774414146 -0.021273579778345791 -0.016359546397579833 0.066801745194458848 0.0053441710607472085 0.0069179185609599307 -0.0028128501492314709 -0.018864951485947773 -0.030669861854541871 0.00065483376974115987 -0.0055322554174789471 0.008948182682590896 -0.03458996555280118 -9.1047832095535471e-05 -0.013898202223458984 -0.043432976376136828 0.012444140429005976 0.0048698229008697948 0.040762452143979701 -0.00048542094794348637 0.029533693896015536 -0.0074182419206401855 -0.0064491154743092404 0.0012028660628232803
leaf_weight=34447 4432 7193 50 1497 56 32 242 95 40 27 180 35 473 101 21 4542 1121 415 21 21648 61 29 236 210 38 2601 26 267 175 2633
leaf_count=34447 4432 7193 50 1497 56 32 242 95 40 27 180 35 473 101 21 4542 1121 415 21 21648 61 29 236 210 38 2601 26 267 175 2633
internal_value=-2.02593e-13 0.00021785 -0.000104518 0.000971159 0.00199735 0.0172421 -5.89937e-05 -0.00229187 -0.00022322 0.00834519 0.0124286 0.0329964 -0.00785774 -0.00563735 -0.00181498 0.00109338 -7.38844e-05 0.000981259 0.000568594 -0.00042277 -0.00229383 -0.023415 0.000660989 0.00229253 0.0103695 -0.00178665 -0.00473739 -0.000482026 0.00163448 0.00212756
internal_weight=82944 48497 33963 14534 7281 88 7253 2469 1800 282 242 62 669 574 1518 4784 33913 8427 8012 25486 3838 90 7991 3292 248 3748 1147 4699 3044 2869
internal_count=82944 48497 33963 14534 7281 88 7253 2469 1800 282 242 62 669 574 1518 4784 33913 8427 8012 25486 3838 90 7991 3292 248 3748 1147 4699 3044 2869
is_linear=0
shrinkage=0.05


Tree=131
num_leaves=31
num_cat=0
split_feature=0 4 0 4 4 0 3 4 3 6 1 9 6 2 4 5 4 6 3 5 2 4 5 3 4 0 1 5 2 6
split_gain=2.04629 6.76153 7.40054 19.8871 18.8755 13.7137 6.02232 8.5666 7.67069 6.16297 12.1228 5.73321 5.35049 10.2848 7.88379 14.8093 5.27438 11.8895 5.1886 5.0892 4.67934 4.66649 3.82824 10.3235 5.87792 4.62344 3.73885 3.68045 3.56009 3.49673
threshold=1.9255171228095136 0.60142103243821199 2.4867904811690109 0.38490946076045557 0.072170523892585367 2.0852076738313352 3.012964256391117 -0.74576208022338231 3.6202699090239325 1.7077461606570974 3.4175661722137254 1.2514084728909129 1.7077461606570974 2.95394829999828 0.91415996930608234 1.4100253104837923 -0.096227365190113864 1.7077461606570974 -0.39192905063849698 1.366818105386481 4.2843765881725142 0.38490946076045557 1.3068553720381473 1.1785049233486096 -0.96227365190113912 1.9713770334385832 4.3806832468255656 -1.3293991099845879 0.69854287917992519 1.7077461606570974
decision_type=2 2 2 2 2 2 2 2 2 2 2 2 2 2 2 2 2 2 2 2 2 2 2 2 2 2 2 2 2 2
left_child=-1 2 3 4 6 -6 16 -8 9 10 -9 26 13 -13 15 -14 18 28 27 -10 -5 -4 23 24 25 -20 -3 -2 -18 -26
right_child=1 11 21 20 5 -7 7 8 19 -11 -12 12 14 -15 -16 -17 17 -19 22 -21 -22 -23 -24 -25 29 -27 -28 -29 -30 -31
leaf_value=-4.2906394432590097e-05 0.0057217869735419905 -0.0066687250519640931 0.00059645552664257088 0.019421662198146807 0.0040873818932044689 -0.038984771259129053 -0.0057143801993403869 0.066888722963631159 0.022265862639654768 0.012730702729701684 0.017138617160730063 0.00097438144247280435 0.0457422754817432 -0.025018397393695851 0.00074503648963470304 -0.0086388660650256847 -0.0057609156028113583 -0.029903219336909911 0.032787859466279282 -0.011027439533305976 0.043462345376610756 -0.015635843673086864 0.00064191730946237065 0.040899630932620279 0.0093499597074157836 0.0077920847092566364 -0.027374707418493929 -0.013390934868838709 0.022085048361138129 -0.004703527647381028
leaf_weight=80540 48 238 764 48 33 42 39 24 22 30 25 200 31 47 130 21 22 35 37 24 35 47 114 27 108 37 24 53 24 75
leaf_count=80540 48 238 764 48 33 42 39 24 22 30 25 200 31 47 130 21 22 35 37 24 35 47 114 27 108 37 24 53 24 75
internal_value=3.14473e-12 0.00143747 0.00312164 0.00623787 0.00387441 -0.020033 0.00628443 0.0147442 0.0211273 0.0305787 0.041506 -0.00273761 0.000821587 -0.00397161 0.00732664 0.0237807 0.00389237 -0.00794212 0.00581339 0.00489544 0.0295593 -0.000344257 0.0083818 0.0114887 0.00839879 0.02029 -0.00856546 -0.00430766 0.00876741 0.00359033
internal_weight=82944 2404 1713 902 819 75 744 164 125 79 49 691 429 247 182 52 580 81 499 46 83 811 398 284 257 74 262 101 46 183
internal_count=82944 2404 1713 902 819 75 744 164 125 79 49 691 429 247 182 52 580 81 499 46 83 811 398 284 257 74 262 101 46 183
is_linear=0
shrinkage=0.05


Tree=132
num_leaves=31
num_cat=0
split_feature=5 12 0 0 4 4 6 2 4 7 1 4 5 5 2 0 4 2 0 1 7 0 4 7 2 5 0 5 4 2
split_gain=1.99601 4.31706 6.19238 9.85991 20.9317 15.9596 12.9058 8.63034 7.12706 10.1862 24.3828 22.198 13.5051 6.93547 7.88321 8.06493 7.07677 6.92808 6.83399 6.20768 7.49326 10.3644 6.95301 6.3103 6.23232 8.65248 5.69567 8.28523 5.64555 7.42402
threshold=-0.30505838731795659 -1.0444659357341868 0.56568454374444721 0.30657967186768692 -0.81793260411596802 -1.1306715409838382 -0.91243033262339701 0.32464467306343692 0.38490946076045557 -0.081021797575299523 -0.53959452152039977 -1.4193536365541799 -1.2818148012906687 -0.70535813777133527 0.57392435109495576 1.7871021164344347 -1.5396378430418223 -0.97964468960447981 0.021646708491936072 -0.7675301524496746 1.0000000180025095e-35 0.23739498092388264 0.91415996930608234 -0.67395931651126872 -0.82936985468141 -1.1922423828011939 1.9713770334385832 -1.3293991099845879 -0.57736419114068327 -0.39059627803255503
decision_type=2 2 2 2 2 2 2 2 2 2 2 2 2 2 2 2 2 2 2 2 2 2 2 2 2 2 2 2 2 2
left_child=1 -1 3 18 5 6 -5 -7 9 10 11 -4 -13 14 -12 16 -16 -10 -3 23 24 22 -22 -20 25 -21 -11 -28 -14 -30
right_child=-2 2 8 4 -6 7 -8 -9 17 26 13 12 28 -15 15 -17 -18 -19 19 20 21 -23 -24 -25 -26 -27 27 -29 29 -31
leaf_value=-0.0013838356590289678 0.00021274952088277759 -0.00050278556944606805 -0.008043726305426149 -0.029192005158687126 -0.00026851317011098103 -0.019454240216419113 -0.002623111175994649 0.010456178844189989 0.015150458496435128 -0.00086566149893603582 0.00034341193621348413 0.036007916445653605 0.018524553674646525 0.014025997480875331 0.04223036014515421 -0.0034210197296390011 0.012193105571727791 -0.00084468196803596661 -0.0025035461331843218 0.042923458568427879 -0.0083944501649142762 0.0043988234373931292 0.0046617708175495688 0.0073618814917270946 0.0024096279646677148 0.0011904674107898717 0.019497715185943256 -0.0032404434004177649 -0.0047175722314851051 0.027691558670873445
leaf_weight=7122 47333 13114 91 49 2347 333 680 26 69 2025 1802 93 232 116 23 74 133 3588 204 23 574 357 124 789 1344 27 86 75 67 24
leaf_count=7122 47333 13114 91 49 2347 333 680 26 69 2025 1802 93 232 116 23 74 133 3588 204 23 574 357 124 789 1344 27 86 75 67 24
internal_value=3.92662e-12 -0.00028278 -7.52554e-06 -0.000488145 -0.00292598 -0.00865857 -0.00440895 -0.017288 0.0011231 0.00238163 0.00446277 0.0143254 0.0192186 0.00213486 0.00145603 0.0101732 0.0166217 -0.000542887 1.76503e-05 0.00200051 0.000648406 -0.00253078 -0.00607501 0.00533515 0.00305446 0.0203876 -0.000146018 0.00890541 0.0143846 0.00382989
internal_weight=82944 35611 28489 19991 3435 1088 729 359 8498 4841 2655 507 416 2148 2032 230 156 3657 16556 3442 2449 1055 698 993 1394 50 2186 161 323 91
internal_count=82944 35611 28489 19991 3435 1088 729 359 8498 4841 2655 507 416 2148 2032 230 156 3657 16556 3442 2449 1055 698 993 1394 50 2186 161 323 91
is_linear=0
shrinkage=0.05


Tree=133
num_leaves=31
num_cat=0
split_feature=1 7 2 7 5 6 0 5 5 0 3 2 2 3 9 2 5 1 2 11 5 2 5 6 5 3 2 0 0 0
split_gain=1.98193 4.95086 6.46541 3.73274 7.89038 3.55496 3.49923 2.61594 3.17217 2.8935 2.23843 3.89914 2.17731 2.14559 2.11873 2.20975 2.02375 1.99485 10.4331 6.86424 6.84773 7.39278 8.49789 5.85892 14.469 11.692 10.1542 6.4585 5.65598 13.3545
threshold=-1.0823603647649691 -0.44226394673424807 -1.5003388811877232 -0.081021797575299523 -1.1922423828011939 -0.89145085320788475 0.39239371894079061 -1.3293991099845879 -1.1210959212062963 -1.1242459101625819 -0.31559147031070728 -0.75821709513785907 -0.94556519947463247 -1.0590371185339966 0.67383533155664532 -1.1616648524319453 -0.95394520574413588 -0.51556909891381653 -0.9276586014370084 -0.76213734878520889 0.42390874111029014 -0.20923164933329108 1.3068553720381473 1.7077461606570974 -1.157767925009574 -0.99388104523294407 -0.47314681578330098 0.38041459796982174 0.23739498092388264 0.1314169962933068
decision_type=2 2 2 2 2 2 2 2 2 2 2 2 2 2 2 2 2 2 2 2 2 2 2 2 2 2 2 2 2 2
left_child=1 2 -1 4 -3 7 10 13 12 -10 14 -12 -9 -5 15 -4 -11 19 -19 20 28 22 -22 -21 26 -26 -25 -27 29 -2
right_child=17 3 6 5 -6 -7 -8 8 9 16 11 -13 -14 -15 -16 -17 -18 18 -20 23 21 -23 -24 24 25 27 -28 -29 -30 -31
leaf_value=0.025376791217260893 0.0021225056288094605 -0.027393025439232589 0.0099304934325455535 -0.0057592018239665775 -0.0027309702961938456 3.7903528085825238e-05 0.013007712594440413 -0.0081405194856228619 -0.0080968847078894159 -0.006307449321898204 0.016351345274597407 -0.001037271780660376 -0.020470294007641634 0.013790284805872945 -0.0060939801537443139 -0.00058489340106102452 0.0045454096616271682 -0.007141334395200552 -6.4315970694128318e-05 -0.0001176665415716332 0.0086596733378417213 -0.0027544471937761034 0.037132176916514124 0.010465521112644762 0.014593995496966786 0.0054082238312232979 0.039894117605991854 -0.0052886394076190023 0.0042476885132932338 -0.0063456970030547058
leaf_weight=27 1956 48 54 25 100 727 54 214 151 63 54 80 43 32 164 668 135 526 52477 22020 409 139 28 118 133 212 39 422 1215 611
leaf_count=27 1956 48 54 25 100 727 54 214 151 63 54 80 43 32 164 668 135 526 52477 22020 409 139 28 118 133 212 39 422 1215 611
internal_value=-2.73261e-12 -0.00134826 0.00121136 -0.0031806 -0.0107295 -0.00237683 0.000603848 -0.00502467 -0.00598789 -0.00288358 -5.28274e-05 0.00597008 -0.0102035 0.00521595 -0.000963741 0.000201576 0.00109223 4.43068e-05 -0.000134548 0.000391528 0.00221064 0.0072893 0.010484 4.60044e-05 0.00394647 0.0011157 0.0177758 -0.00171177 0.00143716 0.000106895
internal_weight=82944 2639 1101 1538 148 1390 1074 663 606 349 1020 134 257 57 886 722 198 80305 53003 27302 4358 576 437 22944 924 767 157 634 3782 2567
internal_count=82944 2639 1101 1538 148 1390 1074 663 606 349 1020 134 257 57 886 722 198 80305 53003 27302 4358 576 437 22944 924 767 157 634 3782 2567
is_linear=0
shrinkage=0.05


Tree=134
num_leaves=31
num_cat=0
split_feature=0 3 4 4 7 5 2 8 5 0 4 2 2 0 5 9 0 3 2 0 1 1 5 6 4 6 0 0 4 8
split_gain=1.86333 4.28638 7.49151 11.2751 20.0864 10.9659 8.49018 8.14289 6.41482 6.22061 7.9353 6.09699 5.38143 6.29613 4.18202 3.80054 11.2495 6.93673 5.56059 8.82533 6.21195 5.39812 6.63071 20.7969 20.6283 11.1392 8.48541 6.91988 12.5362 13.5287
threshold=-0.0078117817629935965 -1.2041145644625468 -0.1683978890826997 -0.76981892152091091 0.50473852548845832 -1.3494002584220433 -1.092568663875441 -1.7404918888887655 -1.3937669968154378 1.0526555900914161 1.0825578583887816 -0.90903454081022539 -0.70166467291488499 0.41227145491530831 -1.2543280627515025 0.96262190222377908 -0.027346946039007437 -0.98193487592119533 1.5465420234017873 -1.2353467622038854 -0.7463449955606104 0.65272054699695425 1.0414542967587244 1.1133806251249947 -0.28868209557034147 0.30811198432835407 -0.37493136367654273 -0.2465775308038837 -0.84198944541349652 -1.7404918888887655
decision_type=2 2 2 2 2 2 2 2 2 2 2 2 2 2 2 2 2 2 2 2 2 2 2 2 2 2 2 2 2 2
left_child=15 2 3 7 8 -6 -7 11 -5 14 -11 -2 13 -10 -4 21 17 -17 20 -20 -19 -1 24 25 -23 27 -26 -24 29 -29
right_child=1 -3 9 4 5 6 -8 -9 12 10 -12 -13 -14 -15 -16 16 -18 18 19 -21 -22 22 23 -25 26 -27 -28 28 -30 -31
leaf_value=-0.00018543591005919875 -0.0036891790035802905 0.0003490602780499883 -0.0073478446168767867 -0.00096631271562556617 0.0098629886215483714 -0.011017837997525932 -0.05472469948232174 7.5699959461992801e-05 0.050227516032755375 -0.025875814306876951 0.0072101153098628858 -0.025780805434624202 0.0071748731522888387 0.01985138816004298 0.0011842593260156607 0.033689316124655304 -0.0096946341865218784 0.013875851737861725 -0.00047539099740485355 0.037876764469159149 0.001463194614625001 -0.023238983394525063 0.0023603549367794997 0.026058467153682194 -0.010460789464164101 -0.02095920087349323 0.005079522986624882 -0.049991585793239729 -0.0013264694132279452 -0.010444976703116768
leaf_weight=40168 61 38302 391 53 27 25 20 316 20 74 24 64 69 116 227 20 161 115 30 30 816 152 607 67 149 77 214 28 426 95
leaf_count=40168 61 38302 391 53 27 25 20 316 20 74 24 64 69 116 227 20 161 115 30 30 816 152 607 67 149 77 214 28 426 95
internal_value=-1.56811e-12 0.000246807 -0.00238703 0.00103299 0.0080228 -0.0153283 -0.0304431 -0.00419748 0.0145394 -0.00606976 -0.0177731 -0.0150001 0.0185482 0.0243185 -0.00421388 -0.000227556 0.00258079 0.00453563 0.00394726 0.0187007 0.00299644 -0.000305954 -0.00297316 -0.00107101 -0.00777469 -0.0025452 -0.00129928 -0.00131867 -0.00538636 -0.0194475
internal_weight=82944 39789 1487 771 330 72 45 441 258 716 98 125 205 136 618 43155 1172 1011 991 60 931 41983 1815 1300 515 1233 363 1156 549 123
internal_count=82944 39789 1487 771 330 72 45 441 258 716 98 125 205 136 618 43155 1172 1011 991 60 931 41983 1815 1300 515 1233 363 1156 549 123
is_linear=0
shrinkage=0.05


Tree=135
num_leaves=31
num_cat=0
split_feature=5 1 0 2 2 4 4 2 0 2 2 5 1 5 2 0 4 7 4 0 12 4 4 8 5 2 8 1 3 2
split_gain=1.80748 4.28099 9.63532 10.0697 9.76603 10.8981 9.31058 7.78092 7.02168 6.41164 6.08604 5.95114 5.30955 5.16531 5.54289 5.13226 11.4361 6.72933 7.70374 7.49628 6.36405 10.9574 6.73693 7.20057 4.91659 6.97025 11.0378 21.3747 9.83039 7.87476
threshold=-0.36482234569996336 -0.51556909891381653 -0.31566746073821877 -0.28663216535655028 -0.83835658716494865 -1.5396378430418223 -0.60142103243821221 -0.24946468487045778 -0.79578844366774892 -0.75821709513785907 -0.1016359671750257 -1.4141003550473299 -0.038199108313559695 -1.3068553720381466 -0.076511020594167686 0.56568454374444721 -0.81793260411596802 -0.17427846833443938 -1.1547283822813665 0.22498776168518711 -1.0444659357341868 -1.3952967952566515 -1.1306715409838382 1.0792073135794762 -1.2818148012906687 -0.7226934885010895 -1.7404918888887655 -0.70980694792698396 -1.4089851800967199 -0.2427789396635455
decision_type=2 2 2 2 2 2 2 2 2 2 2 2 2 2 2 2 2 2 2 2 2 2 2 2 2 2 2 2 2 2
left_child=1 24 3 -3 -4 7 10 -6 -5 -8 11 -7 -12 -9 -15 16 17 19 -19 -13 21 -17 -22 -24 25 -1 27 28 -27 -29
right_child=-2 2 4 8 5 6 9 13 -10 -11 12 15 -14 14 -16 20 -18 18 -20 -21 22 -23 23 -25 -26 26 -28 29 -30 -31
leaf_value=-0.00043534418907496147 0.0001967125570989521 -0.0027130915423319597 -0.0070171667464195599 -0.0015285661178691093 0.0022751622927782776 0.0058583608610067693 0.011911024808118089 0.0094593948391716812 -0.01803148264291286 0.00016091555183528642 0.0022130505304665464 0.0019569824344081873 -0.0049813681619452575 0.01286684480766135 0.043557362950273924 0.019021873483839241 0.00055635981538589712 0.00047169968434530553 -0.016097562855332981 -0.026903363661840558 -0.0059056743933273313 -0.018867502051502276 0.0010422800340630274 0.022810400040963522 -0.00023536474869483102 0.043111746811441018 0.0050042812766721047 -0.0091931920316394265 0.0056666678415154513 -0.032739385767755189
leaf_weight=2134 48497 1142 548 93 313 105 118 124 210 7203 682 27 411 31 28 23 195 118 173 135 219 112 141 52 17803 21 1952 184 106 44
leaf_count=2134 48497 1142 548 93 313 105 118 124 210 7203 682 27 411 31 28 23 195 118 173 135 219 112 141 52 17803 21 1952 184 106 44
internal_value=1.09694e-12 -0.000276946 -0.0010295 -0.00486306 -0.000514586 -0.000165574 -0.0005347 0.00706365 -0.0129662 0.000350304 -0.00324223 -0.00555432 -0.000492262 0.0152538 0.0274318 -0.00655711 -0.00956766 -0.0139257 -0.00937876 -0.0220933 -0.00299067 -0.0124123 9.65039e-05 0.00690727 0.000135905 0.00162424 0.00352938 -0.00458047 0.0118584 -0.0137372
internal_weight=82944 34447 12203 1445 10758 10210 9714 496 303 7321 2393 1300 1093 183 59 1195 648 453 291 162 547 135 412 193 22244 4441 2307 355 127 228
internal_count=82944 34447 12203 1445 10758 10210 9714 496 303 7321 2393 1300 1093 183 59 1195 648 453 291 162 547 135 412 193 22244 4441 2307 355 127 228
is_linear=0
shrinkage=0.05


Tree=136
num_leaves=31
num_cat=0
split_feature=1 7 4 2 7 5 2 0 4 6 0 4 0 4 4 5 4 9 5 5 5 5 1 2 8 1 8 2 7 0
split_gain=1.74072 4.39649 5.88377 7.31159 3.35565 7.11578 3.24707 2.73821 2.89753 4.18934 2.53945 2.33842 2.241 1.94241 1.90881 3.65008 5.62017 9.25671 15.3596 15.0243 8.31611 18.9796 11.0931 6.75556 6.70203 4.81141 5.20745 4.60283 4.47832 7.16229
threshold=-1.0823603647649691 -0.44226394673424807 -1.3952967952566515 -1.5003388811877232 -0.081021797575299523 -1.157767925009574 -1.5003388811877232 0.84254034633363084 -1.1306715409838382 -1.0580783826696147 0.055158686266356984 1.4193536365541803 0.3709331010095997 -0.76981892152091091 1.3712399539591236 -0.99864169796777025 1.5636946843393513 -0.48131095111188943 1.1922423828011943 1.082299156171467 0.99864169796777091 1.224450581347845 1.1714912220780553 -0.3572685525990143 -0.27754979391328816 -0.065995452098374471 -1.7404918888887655 -0.68346535649133677 -0.44226394673424807 0.097081496934734154
decision_type=2 2 2 2 2 2 2 2 2 2 2 2 2 2 2 2 2 2 2 2 2 2 2 2 2 2 2 2 2 2
left_child=1 2 10 -4 5 -3 11 8 9 -5 -1 -6 -8 -10 -2 25 17 27 19 -19 -18 22 -22 -23 -21 26 -16 -17 -20 -30
right_child=14 4 3 7 6 -7 12 -9 13 -11 -12 -13 -14 -15 15 16 20 18 28 24 21 23 -24 -25 -26 -27 -28 -29 29 -31
leaf_value=-0.004523759743509193 -4.1434624824086151e-05 -0.024000360985825721 0.028858653225004673 0.02008579506734598 -0.0047350405494467193 -0.0014707332307147885 -0.0025157423482922653 0.017821622379833573 -0.010444963165791707 -0.0066367129964584664 -0.022948620253009724 -0.018232010715470023 0.0026579633803842976 0.00082425529525427782 -0.0094992215519751171 0.0070318192018695731 0.0015879294056099086 0.0063904777819693524 -0.0044471031906844092 0.0075534524450111872 -0.010251388291781592 -0.027924446315737442 -0.036616285525737924 0.0015765479841288452 0.028150441331542167 -0.0084387442165884778 0.00053318692463802636 -0.00097277058378026119 -0.011408979871905306 0.0056681954216641125
leaf_weight=45 71970 57 25 44 93 91 982 25 40 22 32 49 266 868 141 205 2013 775 321 56 264 20 47 653 134 203 1565 1449 72 417
leaf_count=45 71970 57 25 44 93 91 982 25 40 22 32 49 266 868 141 205 2013 775 321 56 264 20 47 653 134 203 1565 1449 72 417
internal_value=-2.95068e-13 -0.00126355 0.00114851 0.00215081 -0.00299026 -0.0101477 -0.00222818 0.00148245 0.00106306 0.0111783 -0.0121808 -0.00939245 -0.00141301 0.000327814 4.15232e-05 0.000757837 0.00132813 0.00271053 0.00521828 0.00947956 -0.000253531 -0.00402067 -0.0142358 0.000699847 0.0220797 -0.00116187 -0.000295986 1.9334e-05 0.000141569 0.00315376
internal_weight=82944 2639 1101 1024 1538 148 1390 999 974 66 77 142 1248 908 80305 8335 6426 3429 1775 965 2997 984 311 673 190 1909 1706 1654 810 489
internal_count=82944 2639 1101 1024 1538 148 1390 999 974 66 77 142 1248 908 80305 8335 6426 3429 1775 965 2997 984 311 673 190 1909 1706 1654 810 489
is_linear=0
shrinkage=0.05


Tree=137
num_leaves=31
num_cat=0
split_feature=0 4 0 4 4 0 4 9 3 4 3 6 1 6 4 3 1 0 4 6 5 3 5 1 4 1 5 4 5 12
split_gain=1.6981 6.04347 6.4262 14.0335 16.921 12.3766 7.06239 6.30022 5.54921 7.73136 6.9228 5.56208 10.9408 5.00728 8.98383 10.1988 7.50617 4.92766 4.70609 8.24728 10.1933 4.85399 4.59301 3.81734 3.56021 3.33425 8.16744 6.6473 18.0028 17.1252
threshold=1.9255171228095136 0.64953471503326898 2.4867904811690109 0.38490946076045557 0.072170523892585367 2.0852076738313352 0.505193667248098 1.2514084728909129 3.012964256391117 -0.74576208022338231 3.6202699090239325 1.7077461606570974 3.4175661722137254 1.7077461606570974 0.91415996930608234 3.6202699090239325 3.1754622378609842 2.5330721622263543 -0.14434104778517126 1.7077461606570974 1.3293991099845883 -0.39192905063849698 1.366818105386481 3.1754622378609842 0.38490946076045557 1.897277043084358 0.99864169796777091 0.38490946076045557 1.3293991099845883 -1.0444659357341868
decision_type=2 2 2 2 2 2 2 2 2 2 2 2 2 2 2 2 2 2 2 2 2 2 2 2 2 2 2 2 2 2
left_child=25 2 3 4 8 -6 -5 23 18 -10 11 12 -11 16 15 -15 -9 -18 21 -20 -21 -2 -12 -3 -4 -1 -27 28 -28 -29
right_child=1 7 24 6 5 -7 -8 13 9 10 22 -13 -14 14 -16 -17 17 -19 19 20 -22 -23 -24 -25 -26 26 27 29 -30 -31
leaf_value=2.3577239381347025e-05 -0.0041116463471409211 -0.0054287113610376175 0.00053399421646421557 0.036969095982649192 0.0038503740603725114 -0.037068171259237545 0.010388631298772846 0.0017927501631333398 -0.0054613000850599162 0.063511646727177629 0.021119931611147794 0.012061529488613209 0.016249046966433527 0.0028802586253732446 0.0007131898008027257 0.049966655299067499 -0.032992414273321634 -0.0055545507568038176 0.0065570656147818755 7.0554788302009311e-05 -0.047629526204296523 0.0082273764024773828 -0.010508705644557874 -0.019659516670637662 -0.012526931033478053 -0.014043235867302429 0.0036176900761158018 0.010791190440246373 -0.0075811382180545894 -0.0020673119624617007
leaf_weight=77596 101 187 764 49 33 42 51 173 39 24 22 30 25 23 130 23 30 36 56 24 21 378 24 63 56 128 576 359 952 929
leaf_count=77596 101 187 764 49 33 42 51 173 39 24 22 30 25 23 130 23 30 36 56 24 21 378 24 63 56 128 576 359 952 929
internal_value=2.92527e-12 0.00130948 0.00285975 0.00573083 0.00357183 -0.019064 0.0234131 -0.00274453 0.00585367 0.0139743 0.0200382 0.0290171 0.0393981 0.00103278 0.00743292 0.0264235 -0.00368029 -0.0180263 0.00355748 -0.0062508 -0.0221895 0.00562562 0.00461803 -0.00901487 -0.000357971 -3.9086e-05 -0.00169072 -0.00112924 -0.00335959 0.0015167
internal_weight=82944 2404 1739 919 819 75 100 665 744 164 125 79 49 415 176 46 239 66 580 101 45 479 46 250 820 80540 2944 2816 1528 1288
internal_count=82944 2404 1739 919 819 75 100 665 744 164 125 79 49 415 176 46 239 66 580 101 45 479 46 250 820 80540 2944 2816 1528 1288
is_linear=0
shrinkage=0.05


Tree=138
num_leaves=31
num_cat=0
split_feature=0 8 4 5 12 5 2 3 1 5 0 3 3 0 3 8 4 3 0 5 2 1 3 6 5 0 4 4 4 8
split_gain=1.70219 6.70323 6.73178 6.27496 5.72455 5.48111 10.2009 5.81252 5.1154 5.47623 10.7874 5.43313 4.92568 6.90191 5.34831 4.9222 9.9794 8.79549 8.21468 7.3422 4.02247 3.26337 3.34805 3.00576 3.00412 2.95549 2.77002 5.10426 2.6516 12.2383
threshold=-1.1242459101625819 1.0792073135794762 -0.69764839762832598 -1.3293991099845879 1.0444659357341872 1.082299156171467 0.038599347658847788 1.4061233754843081 -0.32676510967635014 0.95394520574413566 -1.4265151233784132 1.0000000180025095e-35 -0.08196798763037566 -1.1793287342267103 0.043875236762765744 -1.7404918888887655 -0.36085261946292729 0.78391736070559526 -1.4106555654566479 1.3494002584220433 -0.17605432576354726 -0.97972838692253372 -1.125511661548122 -1.0580783826696147 0.90745195762283271 -1.4883860421484638 -0.28868209557034147 -0.38490946076045524 -0.26462525427281347 -0.27754979391328816
decision_type=2 2 2 2 2 2 2 2 2 2 2 2 2 2 2 2 2 2 2 2 2 2 2 2 2 2 2 2 2 2
left_child=1 2 4 -4 -1 6 21 25 9 20 11 26 -3 -14 -15 16 18 -17 24 -18 -5 -6 -23 -12 -10 -7 27 -11 29 -2
right_child=28 12 3 8 5 7 -8 -9 15 10 23 -13 13 14 -16 17 19 -19 -20 -21 -22 22 -24 -25 -26 -27 -28 -29 -30 -31
leaf_value=0.0001585129232008813 -0.0012068067465165896 -0.0025316025139062504 0.024233757328641203 0.00051293195695535946 -0.010056636974046592 0.0066994603017947688 -0.029085996751451779 -0.010561284021689342 -0.00045294612646102906 -0.012768398568034174 0.012548385209973074 -0.00026660554262029158 -0.0060078822150841284 -0.037714550402518865 -0.0070109728156872416 0.0024780381812037518 0.00031881405348100397 -0.019561860959220214 0.04715996648777615 0.031045512571221307 -0.005986001555518955 0.0058225664850745477 -0.0039343998438080771 -0.0034128781405385008 0.018545612671130831 0.026000766669000898 -0.013173107654702934 -0.042720233536127847 -0.0001601492609212407 0.0010951836250281306
leaf_weight=1533 7974 512 28 5436 204 68 42 39 28 25 54 37 157 37 23 795 262 48 22 21 249 94 1360 65 81 28 44 33 42721 20924
leaf_count=1533 7974 512 28 5436 204 68 42 39 28 25 54 37 157 37 23 795 262 48 22 21 249 94 1360 65 81 28 44 33 42721 20924
internal_value=-1.96131e-12 -0.000569608 -0.000250538 0.000609745 -0.00209677 -0.00398089 -0.00475096 0.00571626 0.000517873 -9.50529e-05 -0.0072197 -0.0166796 -0.00520728 -0.0115204 -0.0259448 0.00341574 0.00788047 0.0012231 0.0192903 0.00259889 0.000228282 -0.00413451 -0.00330362 0.00383005 0.0136652 0.012329 -0.0226333 -0.02981 9.00712e-05 0.000459981
internal_weight=82944 11325 10596 7228 3368 1835 1700 135 7200 5943 258 139 729 217 60 1257 414 843 131 283 5685 1658 1454 119 109 96 102 58 71619 28898
internal_count=82944 11325 10596 7228 3368 1835 1700 135 7200 5943 258 139 729 217 60 1257 414 843 131 283 5685 1658 1454 119 109 96 102 58 71619 28898
is_linear=0
shrinkage=0.05


Tree=139
num_leaves=31
num_cat=0
split_feature=11 1 8 7 4 1 4 1 4 4 1 6 0 0 5 4 4 4 5 4 8 2 2 4 0 2 2 4 0 3
split_gain=1.6368 9.30027 9.66359 6.73932 15.6947 17.901 12.9878 7.74457 8.95881 9.21925 5.95463 9.55865 7.28606 7.24192 6.58254 6.63405 6.51061 9.5558 6.07716 14.6372 13.838 9.38333 8.78191 5.60438 5.55216 5.34771 5.20375 5.47372 4.96611 4.94825
threshold=-0.76213734878520889 -0.7786691124769477 1.0152913959672809 -0.90839521789717692 -0.89010312800855329 -0.52481797240043504 -1.3712399539591229 0.55429999050410483 0.96227365190113923 1.2268989061739526 1.8398692159766912 1.7077461606570974 0.59140555907625181 1.4992753960410625 1.366818105386481 -0.21651157167775612 0.96227365190113923 -0.21651157167775612 1.3293991099845883 -0.81793260411596802 1.0792073135794762 2.2215774627024731 1.5465420234017873 1.1787852235788956 -1.2150853863330184 0.9452029766701463 -1.1616648524319453 -0.81793260411596802 0.064578719106347507 1.7319852129670208
decision_type=2 2 2 2 2 2 2 2 2 2 2 2 2 2 2 2 2 2 2 2 2 2 2 2 2 2 2 2 2 2
left_child=1 2 23 4 5 6 -3 -6 25 -10 11 13 -13 18 -12 -16 17 -15 22 20 24 -21 26 -1 -20 -9 27 -5 -4 -2
right_child=29 3 28 10 7 -7 -8 8 9 -11 14 12 -14 16 15 -17 -18 -19 19 21 -22 -23 -24 -25 -26 -27 -28 -29 -30 -31
leaf_value=0.0098330618089670432 -0.00028291708510943495 -0.001170646625437907 0.0036139478877266033 -0.016263470177518877 -0.0058564918945607442 -0.0012331050592183602 0.032562253318643306 0.00010830453294958618 0.022905962487659706 -0.0011001445129042186 -0.0012412191666588716 0.018128618885598639 0.0031842050278240415 0.00019088855971074927 -0.013199088396394696 0.014536790111257384 0.0046033291440737137 -0.012969393670673122 -0.0028414074755791162 9.2820053105242557e-05 0.052743913436036877 0.031928642466664318 -0.0074326222705530121 -0.002844379906886082 0.018150202703351777 -0.020325470519924744 0.00049326330186487584 -0.0012119025667060232 -0.0082532118041634961 0.0015541064161258659
leaf_weight=637 52133 42 188 94 1533 240 89 111 81 79 1196 85 2015 246 212 24 148 314 45 650 24 24 366 101 105 45 17839 169 166 3943
leaf_count=637 52133 42 188 94 1533 240 89 111 81 79 1196 85 2015 246 212 24 148 314 45 650 24 24 366 101 105 45 17839 169 166 3943
internal_value=-9.001e-13 0.000320883 0.00484045 0.000129411 -0.00250416 0.00688121 0.0217471 -0.00438732 0.00274002 0.0110529 0.000377608 0.000579857 0.0037891 0.000243291 -0.00274708 -0.0103785 -0.00472336 -0.00718827 0.000425336 0.00456413 0.0174929 0.00122644 0.000235294 0.00809807 0.0118527 -0.00578605 0.00039033 -0.00659155 -0.00195088 -0.000153746
internal_weight=82944 26868 1092 25776 2220 371 131 1849 316 160 23556 22124 2100 20024 1432 236 708 560 19316 848 174 674 18468 738 150 156 18102 263 354 56076
internal_count=82944 26868 1092 25776 2220 371 131 1849 316 160 23556 22124 2100 20024 1432 236 708 560 19316 848 174 674 18468 738 150 156 18102 263 354 56076
is_linear=0
shrinkage=0.05


Tree=140
num_leaves=31
num_cat=0
split_feature=4 3 8 5 4 5 1 3 0 1 3 1 5 5 6 3 4 5 0 5 5 5 6 5 0 0 4 5 8 4
split_gain=1.61285 5.03617 4.17351 8.6181 16.146 12.8707 8.85762 6.65918 7.8855 7.38785 5.89253 5.13555 14.6561 7.56882 5.54766 5.5097 10.1618 22.3646 17.1194 4.92563 7.60827 4.13511 5.15314 13.6421 4.083 7.71462 7.59141 3.9993 8.59088 16.6837
threshold=-1.1787852235788951 -1.7429568667747837 0.37100531152820115 0.53960840463842696 -1.2750125887690089 1.2818148012906689 0.79858825975645398 -0.49250274579991932 -0.98494078325691115 -0.84870082325981422 -0.30800012960143436 -0.3509222869772099 -0.30505838731795659 -1.3816171070223857 0.30811198432835407 0.1970921012041231 -1.4193536365541799 0.95394520574413566 1.761268499712193 1.1577679250095743 1.2818148012906689 0.65128935879477212 -0.89145085320788475 0.99864169796777091 1.0042330723170994 0.67215999435049134 -1.5396378430418223 0.42390874111029014 0.19793268244031401 0.67359155633079737
decision_type=2 2 2 2 2 2 2 2 2 2 2 2 2 2 2 2 2 2 2 2 2 2 2 2 2 2 2 2 2 2
left_child=1 -1 3 -3 -5 21 -7 -4 10 -10 -9 24 13 -13 -14 -16 17 -17 19 -19 -21 -6 23 -23 25 -11 -27 -2 29 -29
right_child=27 2 7 4 5 6 -8 8 9 11 -12 12 14 -15 15 16 -18 18 -20 20 -22 22 -24 -25 -26 26 -28 28 -30 -31
leaf_value=-0.018926743209689251 -0.00021550520731611854 0.00010666159028767425 -0.0016767360907377279 -0.0016073674859244259 -0.0022067773336402752 0.023004145146114752 -0.0057976306262440547 0.00023301295121858315 0.03285452101379633 0.0043250382907174716 -0.018107280434569255 -0.0019261693581938744 0.00082564591526674874 -0.021095230662053929 0.011540956865992229 -0.00960402071431634 -0.0067806618270198158 0.011300352236462965 -0.0040190682458726449 0.052764340146983925 0.023671825734729118 -0.028899673301930308 -0.024081029811508503 0.0086043647167329887 -0.012975952602349794 0.0064521416707782808 0.03092002175351391 0.0027282300225813768 -0.00031662562789716662 -0.00085594994926676659
leaf_weight=37 41564 4906 1969 2468 40 32 161 94 20 473 82 104 1576 102 284 105 175 27 53 38 55 48 193 49 26 66 61 8969 14078 5089
leaf_count=37 41564 4906 1969 2468 40 32 161 94 20 473 82 104 1576 102 284 105 175 27 53 38 55 48 193 49 26 66 61 8969 14078 5089
internal_value=-7.9001e-14 -0.000505803 -0.000454196 -0.00118304 -0.00329848 -0.0112787 -0.00102221 0.000629737 0.00198904 0.00256186 -0.0083119 0.00236922 0.001362 -0.0114176 0.00250018 0.00608099 0.00265796 0.00859954 0.0196479 0.0301009 0.0355591 -0.0172772 -0.0193559 -0.00995433 0.00642225 0.00726284 0.0182044 9.61098e-05 0.000556444 0.00143076
internal_weight=82944 13244 13207 7897 2991 523 193 5310 3341 3165 176 3145 2519 206 2313 737 453 278 173 120 93 330 290 97 626 600 127 69700 28136 14058
internal_count=82944 13244 13207 7897 2991 523 193 5310 3341 3165 176 3145 2519 206 2313 737 453 278 173 120 93 330 290 97 626 600 127 69700 28136 14058
is_linear=0
shrinkage=0.05


Tree=141
num_leaves=31
num_cat=0
split_feature=0 2 9 5 1 4 11 4 2 8 8 4 12 5 5 9 4 0 4 9 6 7 9 1 4 5 5 6 8 3
split_gain=1.60683 4.08692 5.86111 4.49868 8.43549 4.74948 2.3863 3.88377 2.38619 2.27085 2.62479 2.05002 3.2231 2.74315 3.52917 2.03066 1.82837 2.04714 1.61608 4.75259 7.12136 5.09961 4.8112 6.04641 4.49284 16.7719 10.1872 15.4453 8.12004 7.1858
threshold=-1.5387088160037437 -0.31378653785074967 -0.6738353315566451 1.082299156171467 -0.28940563337020986 -0.28868209557034147 -0.76213734878520889 -0.62547787373574071 -0.82260141897940997 -1.0174668528432229 0.37100531152820115 -0.69764839762832598 1.0444659357341872 -0.85925218225375766 -0.36482234569996336 -1.540195043558046 -0.79387576281843952 -1.7709483710445137 -1.1787852235788951 -1.3476706631132902 -0.89145085320788475 -0.17427846833443938 1.4439328533356688 -0.73039392125437241 -1.2750125887690089 0.65128935879477212 1.1210959212062968 1.0000000180025095e-35 1.0000000180025095e-35 -0.67957054952110585
decision_type=2 2 2 2 2 2 2 2 2 2 2 2 2 2 2 2 2 2 2 2 2 2 2 2 2 2 2 2 2 2
left_child=1 3 -3 6 5 -5 7 8 -1 16 -11 12 -8 -13 -15 -9 -4 -18 19 20 -2 -22 24 -24 -21 29 28 -28 -27 -26
right_child=18 2 9 4 -6 -7 11 15 -10 10 -12 13 -14 14 -16 -17 17 -19 -20 22 21 -23 23 -25 25 26 27 -29 -30 -31
leaf_value=0.028360874493691055 -0.0037788381887386212 -0.010460385453528526 -0.0093253308002693731 -0.03683624608261931 0.0059309187935091693 -0.0060395455608765287 0.0017423543178895556 0.01368614805843598 0.0084752192783829131 -0.007229011911668525 0.0040714949826893571 0.0092092493469742732 -0.0070983316386284178 -0.003621854006430432 0.0011333723497047039 -0.00076720409245047486 0.010605623324901411 -0.00034503882497109555 0.00014799241577110266 -0.00064185392744310686 0.0084948083682308047 0.001361056106508276 0.026664614678360524 0.0017924454207340853 -0.0026544975344551724 -0.025417590136357554 0.0044725714279742939 -0.01645377583857947 -0.0094398195424728326 0.0055897913101285845
leaf_weight=22 355 257 26 31 41 21 174 28 48 186 71 83 253 521 1554 184 82 89 66132 8824 441 580 25 1081 713 132 225 145 200 420
leaf_count=22 355 257 26 31 41 21 174 28 48 186 71 83 253 521 1554 184 82 89 66132 8824 441 580 25 1081 713 132 225 145 200 420
internal_value=-4.77341e-12 -0.00102266 -0.00442665 -0.000205019 -0.0110278 -0.0243991 0.000146052 0.00451346 0.014725 -0.00101107 -0.00410708 -0.000330393 -0.0034958 0.000295942 -6.05905e-05 0.00114173 0.00302789 0.00490616 4.73579e-05 -0.000459085 0.00232132 0.00444233 -0.000784273 0.00235466 -0.00110997 -0.00336103 -0.00943384 -0.00372829 -0.0157924 0.000401638
internal_weight=82944 3671 711 2960 93 52 2867 282 70 454 257 2585 427 2158 2075 212 197 171 79273 13141 1376 1021 11765 1106 10659 1835 702 370 332 1133
internal_count=82944 3671 711 2960 93 52 2867 282 70 454 257 2585 427 2158 2075 212 197 171 79273 13141 1376 1021 11765 1106 10659 1835 702 370 332 1133
is_linear=0
shrinkage=0.05


Tree=142
num_leaves=31
num_cat=0
split_feature=4 5 4 9 5 5 5 5 8 3 6 5 7 8 1 5 8 8 11 1 3 8 4 5 11 0 3 5 12 1
split_gain=1.53702 4.31114 5.08731 8.6773 13.321 13.4124 6.78676 13.5098 6.62913 5.59747 7.66139 6.47299 5.51578 5.07351 5.22259 4.39686 8.96996 6.41665 3.90193 7.45353 4.57885 3.8814 3.79185 3.72128 3.39018 3.05561 2.84568 4.25243 2.81802 8.61396
threshold=1.3712399539591236 -0.99864169796777025 1.5396378430418227 -0.48131095111188943 1.1922423828011943 1.082299156171467 0.99864169796777091 1.3068553720381473 -0.27754979391328816 0.97251985981170652 1.1133806251249947 1.3937669968154378 -0.90839521789717692 -1.7404918888887655 -0.084017295637670047 0.85925218225375766 0.19793268244031401 1.0152913959672809 1.0000000180025095e-35 0.82459029735354694 0.29093951732349937 0.19793268244031401 1.5636946843393513 1.224450581347845 1.0000000180025095e-35 0.35859460280915306 1.6783695057681489 1.366818105386481 0.34815531191139576 -0.59795434504503098
decision_type=2 2 2 2 2 2 2 2 2 2 2 2 2 2 2 2 2 2 2 2 2 2 2 2 2 2 2 2 2 2
left_child=-1 13 3 -3 5 15 -4 12 -7 -6 11 26 -8 22 21 28 -17 -18 20 -20 -14 24 -2 -21 -15 -24 -11 -28 29 -5
right_child=1 2 6 4 9 8 7 -9 -10 10 -12 -13 18 14 -16 16 17 -19 19 23 -22 -23 25 -25 -26 -27 27 -29 -30 -31
leaf_value=-7.3134212749981269e-05 -0.014770942750265418 4.4751597287311026e-07 0.0015227936695803416 0.037899907790124421 -0.0050975524226260747 0.0071415222624782483 0.0058830318175942496 0.0020994938421243152 0.028920548489509985 0.0095010270426339454 -0.0055082633884141474 0.0004810957254577927 -0.02631342194392346 0.008934550167876882 -0.0078891713947567329 0.0022091096752098693 0.028540670402861873 0.0070705534055315218 -0.0087285632641968952 -0.030733691719738217 -0.00067850050671646996 -0.001396822166823601 0.0078463244727475841 -0.0087442736535404738 0.0010671183928744024 -0.0093070811222724873 0.038761381597982515 0.013327844347250426 -0.0021670866424533266 0.0036205034414901653
leaf_weight=74359 115 1444 2311 20 285 50 57 582 116 82 141 127 20 199 212 140 87 58 236 74 135 1081 47 26 439 58 27 42 155 219
leaf_count=74359 115 1444 2311 20 285 50 57 582 116 82 141 127 20 199 212 140 87 58 236 74 135 1081 47 26 439 58 27 42 155 219
internal_value=-8.22165e-14 0.000633452 0.0012813 0.00278882 0.00538818 0.00962042 -2.99439e-05 -0.0032055 0.0223606 0.000308299 0.00398531 0.0088004 -0.00883963 -0.00130438 -0.000484738 0.00650574 0.0112365 0.0199526 -0.0105488 -0.0135761 -0.00398623 0.000428433 -0.0084986 -0.0250164 0.00352107 -0.00162889 0.0157974 0.0232801 0.00308373 0.00648907
internal_weight=82944 8585 6434 2993 1549 845 3441 1130 166 704 419 278 548 2151 1931 679 285 145 491 336 155 1719 220 100 638 105 151 69 394 239
internal_count=82944 8585 6434 2993 1549 845 3441 1130 166 704 419 278 548 2151 1931 679 285 145 491 336 155 1719 220 100 638 105 151 69 394 239
is_linear=0
shrinkage=0.05


Tree=143
num_leaves=31
num_cat=0
split_feature=5 2 1 3 4 2 0 1 2 6 4 4 5 8 0 3 5 8 3 6 5 1 5 8 4 4 3 1 4 2
split_gain=1.44684 8.99454 5.58007 6.04675 4.56265 4.43414 6.48445 7.63009 7.07219 4.86882 3.94649 14.1135 20.152 9.24712 7.84438 7.26125 7.11222 7.10079 6.72636 7.98085 6.23183 9.16575 5.7184 4.69166 4.55536 13.6992 19.912 19.4117 15.1088 13.2628
threshold=0.80943899875565395 1.1734684802842874 0.044348099929735124 1.2796142973360352 0.98633049319866772 0.29315596895356721 0.67215999435049134 -0.34525657990559083 0.57392435109495576 1.1133806251249947 1.5636946843393513 1.3471831126615947 1.1922423828011943 0.19793268244031401 1.1312584318940235 1.1465974220183075 0.99864169796777091 1.0152913959672809 0.94730973606102398 1.1133806251249947 1.224450581347845 1.1714912220780553 1.3937669968154378 -1.0174668528432229 -0.45707998465304106 0.12028420648764231 4.0676475521031525 4.3806832468255656 0.55330734984315499 -0.36692078595614314
decision_type=2 2 2 2 2 2 2 2 2 2 2 2 2 2 2 2 2 2 2 2 2 2 2 2 2 2 2 2 2 2
left_child=1 2 3 5 -3 -1 9 -8 -9 -7 11 24 13 15 16 23 -12 -15 -14 22 21 -18 -20 -13 29 -26 27 -27 -28 -2
right_child=10 4 -4 -5 -6 6 7 8 -10 -11 14 12 18 17 -16 -17 20 -19 19 -21 -22 -23 -24 -25 25 26 28 -29 -30 -31
leaf_value=1.8010670080298884e-05 0.0080381758115891724 -0.0065149152438309064 -0.0016164608861453933 -0.018466051320799374 -0.024230259357848102 0.0019794682347046874 0.022968415740447549 -0.0031639460746198896 0.014438026293203059 -0.013611931393721275 0.002424845391601 0.010500794549807325 -0.0052323891558750937 0.023355091133615433 0.0036982193309427836 0.029505467106556073 -0.009248559262998628 0.0085910293886092195 0.013106812807882944 -0.0049140865106892312 -0.0028608244049835988 -0.033213886880177138 0.00077401419002200275 -0.0022055211100017744 -0.0028139347431042627 0.00072140985221835318 0.046537131270984328 -0.016852405143981741 0.0045770598760443842 0.0004767488619996741
leaf_weight=50926 621 189 5478 44 45 473 78 125 105 56 230 128 350 203 362 29 264 136 215 186 311 47 167 168 4221 8775 41 160 45 8766
leaf_count=50926 621 189 5478 44 45 473 78 125 105 56 230 128 350 203 362 29 264 136 215 186 311 47 167 168 4221 8775 41 160 45 8766
internal_value=-1.03672e-13 -0.000138839 -9.88777e-05 6.15894e-05 -0.00992171 7.73384e-05 0.00368704 0.00945466 0.00487174 0.000328961 0.000314096 0.000453588 0.00501932 0.0116547 -0.00246781 0.00562841 -0.00508765 0.017432 0.000219901 0.00357959 -0.00786558 -0.0128703 0.00771525 0.0032891 0.000134396 -0.000462894 0.000637177 0.000406714 0.0245813 0.000976977
internal_weight=82944 57519 57285 51807 234 51763 837 308 230 529 25425 24211 1582 664 1214 325 852 339 918 568 622 311 382 296 22629 13242 9021 8935 86 9387
internal_count=82944 57519 57285 51807 234 51763 837 308 230 529 25425 24211 1582 664 1214 325 852 339 918 568 622 311 382 296 22629 13242 9021 8935 86 9387
is_linear=0
shrinkage=0.05


Tree=144
num_leaves=31
num_cat=0
split_feature=0 2 11 4 5 1 4 2 0 11 4 2 2 1 5 4 12 5 5 3 4 4 3 5 4 8 3 4 5 0
split_gain=1.46447 3.68345 4.628 4.73783 4.06251 7.50492 4.31749 2.45451 3.32307 2.16941 3.49139 2.15746 2.10904 2.29799 2.25218 1.84185 2.90397 2.4821 3.16568 1.70299 1.57934 1.54752 4.52586 3.96876 9.58064 17.7504 18.5303 13.4866 20.7903 26.3145
threshold=-1.5387088160037437 -0.31378653785074967 -0.76213734878520889 0.072170523892585367 1.082299156171467 -0.28940563337020986 -0.28868209557034147 -0.16024052074154332 -1.6782105856976191 -0.76213734878520889 -0.62547787373574071 -0.82260141897940997 0.8739712444562644 0.88404498386268171 1.254328062751503 -0.69764839762832598 1.0444659357341872 -0.85925218225375766 -0.36482234569996336 0.054937349896423231 -0.21651157167775612 -1.1787852235788951 -1.7429568667747837 0.42390874111029014 0.67359155633079737 0.37100531152820115 -0.12923464147087799 0.96227365190113923 0.65128935879477212 -0.80650011932188403
decision_type=2 2 2 2 2 2 2 2 2 2 2 2 2 2 2 2 2 2 2 2 2 2 2 2 2 2 2 2 2 2
left_child=1 4 12 7 9 6 -6 -4 -9 10 11 -1 13 14 -3 16 -11 20 -19 -10 -17 22 -2 -23 25 -25 -27 28 -26 -30
right_child=21 2 3 -5 5 -7 -8 8 19 15 -12 -13 -14 -15 -16 17 -18 18 -20 -21 -22 23 -24 24 27 26 -28 -29 29 -31
leaf_value=0.026945587040179155 -0.017912919633090496 -0.0012984139196868499 -0.0062091683530903392 0.010373589683149477 -0.034955100377931474 0.0055111727404703464 -0.0055923286514977617 -0.02359596096040284 -0.012455072350231773 0.0016509470354896787 0.0011008762936810699 0.0080370279249715789 -0.0077386969025584236 0.016827530103425185 0.012752614545179036 0.0038303975142877211 -0.0067406588498817701 -0.0034390772344590789 0.0010646130100854204 0.0041249463033940026 0.01841807868331671 -0.00017696730131887682 -0.00040106624754932717 0.0027000376253696772 -0.014720340080552539 0.0051932778697182831 -0.0017694172757729302 0.00051271391434604293 0.049135573260486128 -0.0024325303515219331
leaf_weight=22 37 210 202 32 31 41 21 61 59 174 212 48 69 24 33 55 253 521 1554 21 28 39240 13104 9899 364 1147 5726 7366 25 2365
leaf_count=22 37 210 202 32 31 41 21 61 59 174 212 48 69 24 33 55 253 521 1554 21 28 39240 13104 9899 364 1147 5726 7366 25 2365
internal_value=2.94412e-12 -0.00097631 -0.0042079 -0.00802634 -0.000200073 -0.0104848 -0.0230971 -0.00974295 -0.0148055 0.000133544 0.00429775 0.0139797 5.375e-05 0.00206753 0.00060975 -0.000320733 -0.00332113 0.000272951 -6.61931e-05 -0.00810282 0.00875154 4.52113e-05 -0.000450373 0.000143688 0.000611579 0.00134466 -0.000607449 -0.000603369 -0.00358851 -0.00189312
internal_weight=82944 3671 711 375 2960 93 52 343 141 2867 282 70 336 267 243 2585 427 2158 2075 80 83 79273 13141 66132 26892 16772 6873 10120 2754 2390
internal_count=82944 3671 711 375 2960 93 52 343 141 2867 282 70 336 267 243 2585 427 2158 2075 80 83 79273 13141 66132 26892 16772 6873 10120 2754 2390
is_linear=0
shrinkage=0.05


Tree=145
num_leaves=31
num_cat=0
split_feature=1 4 12 3 1 4 3 4 1 5 5 1 6 4 5 4 3 5 5 4 0 4 4 0 5 3 0 4 4 5
split_gain=1.49092 7.80049 6.14992 5.93408 9.32426 5.13472 28.1018 14.5365 11.7285 8.61787 7.93952 11.5289 7.24931 10.5821 11.1456 7.20773 6.40589 9.47816 44.4996 25.8228 5.63983 5.54586 5.44227 4.25683 3.87038 3.60323 3.36263 3.23724 7.69233 3.23513
threshold=3.0427843480465886 0.74576208022338275 -1.0444659357341868 2.8203810515138188 1.8398692159766912 0.31273893686787019 4.0676475521031525 0.505193667248098 4.3806832468255656 1.4032428797398568 1.3293991099845883 3.720430316313958 1.7077461606570974 -0.12028420648764233 1.366818105386481 -0.72170523892585436 3.6202699090239325 1.3937669968154378 1.3494002584220433 -0.43302314335551256 1.4191099817341657 -0.072170523892585409 0.62547787373574038 2.4867904811690109 1.366818105386481 3.3794542420997158 2.4867904811690109 0.93821681060361073 0.81793260411596835 1.4141003550473303
decision_type=2 2 2 2 2 2 2 2 2 2 2 2 2 2 2 2 2 2 2 2 2 2 2 2 2 2 2 2 2 2
left_child=3 2 -2 -1 -5 12 8 -8 9 10 -7 22 15 20 -15 -4 17 18 19 -17 -14 25 24 -3 -12 -21 -19 28 -6 -28
right_child=1 23 5 4 27 6 7 -9 -10 -11 11 -13 13 14 -16 16 -18 26 -20 21 -22 -23 -24 -25 -26 -27 29 -29 -30 -31
leaf_value=-1.0078913298895669e-05 -0.020168585134883503 -0.018643264752675102 -0.0047152673183220696 0.036656586910513315 0.0041246127457453983 -0.0081755090228398334 0.072012387910349807 0.013853924601737941 -0.01504760956600437 -0.009706255620853468 0.034680343410000203 0.042326596496920839 -0.022491670532950335 -0.046282820451644162 -0.0094639891911236975 0.041853510309010744 -0.0064189746049990839 -0.014142747601550638 0.067335196313049114 -0.0084187211976809936 0.0015867528749171273 -0.024592853659497843 -0.011197121511213482 -0.0047031734161408108 0.0051704313158988961 0.016002253212196671 0.0088812349777501291 -0.00080909934919687083 0.027450734862866696 -0.0090618762613407216
leaf_weight=80659 37 88 275 22 377 32 22 21 87 55 20 38 28 31 61 34 86 33 35 44 185 35 24 145 25 23 89 259 39 35
leaf_count=80659 37 88 275 22 377 32 22 21 87 55 20 38 28 31 61 34 86 33 35 44 185 35 24 145 25 23 89 259 39 35
internal_value=8.14938e-13 -0.00151731 -6.415e-05 2.96166e-05 0.00462331 0.000500239 0.00596651 0.0436094 0.00020621 0.00704684 0.0136758 0.0202107 -0.00128152 -0.00769931 -0.0218703 0.00155944 0.00572742 0.00891214 0.0170563 0.00411689 -0.00157849 -0.00846198 0.00803097 -0.0099681 0.0182859 -3.54016e-05 4.17425e-05 0.00357926 0.00631144 0.00381665
internal_weight=82944 1588 1355 81356 697 1318 324 43 281 194 139 107 994 305 92 689 414 328 171 136 213 102 69 233 45 67 157 675 416 124
internal_count=82944 1588 1355 81356 697 1318 324 43 281 194 139 107 994 305 92 689 414 328 171 136 213 102 69 233 45 67 157 675 416 124
is_linear=0
shrinkage=0.05


Tree=146
num_leaves=31
num_cat=0
split_feature=1 3 2 5 3 3 0 0 7 4 11 4 4 8 4 4 1 4 12 1 12 3 2 3 0 3 8 2 4 0
split_gain=1.41409 11.0942 9.17618 8.61397 6.88559 6.08958 7.58307 6.78861 6.276 5.9016 8.31818 5.89214 4.99163 7.93726 8.52874 4.8362 4.9276 4.76283 4.73203 4.68932 9.14179 6.66707 7.29337 6.01668 5.34559 12.3601 7.74385 5.21866 11.8543 5.39456
threshold=1.897277043084358 2.8203810515138188 1.6501068016329257 0.99864169796777091 2.525628365157282 1.4061233754843081 1.0372302355971452 1.5306070063048167 1.7010387896728181 -0.72170523892585436 -0.76213734878520889 0.45707998465304106 0.43302314335551256 0.37100531152820115 -0.62547787373574071 -0.31273893686786985 3.1754622378609842 -0.12028420648764233 -1.0444659357341868 1.6346039638151819 0.34815531191139576 2.3967518165143686 1.5009240506625152 1.9952792160396153 1.5862685013415212 1.7319852129670208 0.74090168677562918 0.55865729442856826 0.69764839762832587 0.54721404967828258
decision_type=2 2 2 2 2 2 2 2 2 2 2 2 2 2 2 2 2 2 2 2 2 2 2 2 2 2 2 2 2 2
left_child=1 19 4 -4 12 7 8 11 9 -7 -11 -5 13 -2 -15 16 -10 -12 -14 21 24 -1 -23 -22 27 -26 -27 28 -21 -29
right_child=2 -3 3 5 -6 6 -8 -9 15 10 17 -13 18 14 -16 -17 -18 -19 -20 20 23 22 -24 -25 25 26 -28 29 -30 -31
leaf_value=4.5646284875009475e-07 -0.0034414168240365813 0.028606310996281747 -0.014786089457014635 0.020588360917147087 0.01715492564981105 0.01010775015456602 0.00044006080290351639 -0.013719587191008032 0.033173078283434736 -0.0099130071581839743 -0.017093470458057709 0.0040263128856760123 0.016586564723402263 -0.0098460178782135768 -0.037328526391224429 -0.0063303344667313957 -0.0015049930395824569 -0.050131037041622528 -0.0061170378687633534 -0.046266925414092844 0.0075364702356973002 -0.00098968261642561821 -0.026950233551906424 0.02796551971923469 -0.00026026887604172714 0.01080506326181876 0.042559028536743426 -0.0080265287988669515 0.0049348991364240652 0.001680341745803708
leaf_weight=76398 92 34 97 92 28 24 3610 32 20 128 20 129 25 58 55 68 21 24 280 20 298 62 48 41 173 48 32 175 26 786
leaf_count=76398 92 34 97 92 28 24 3610 32 20 128 20 129 25 58 55 68 21 24 280 20 298 62 48 41 173 48 32 175 26 786
internal_value=1.88432e-12 5.11838e-05 -0.000832719 -5.65143e-05 -0.00698609 0.00028628 -0.000199561 0.00780434 -0.00777016 -0.0131188 -0.0163598 0.0109209 -0.00831148 -0.0143451 -0.0232225 0.00184765 0.0154111 -0.035114 -0.00425609 3.87537e-05 0.0027186 -1.72544e-05 -0.0123179 0.0100072 0.000757603 0.00725496 0.0235066 -0.000874801 -0.0173268 -8.72986e-05
internal_weight=82944 78141 4803 4265 538 4168 3915 253 305 196 172 221 510 205 113 109 41 44 305 78107 1599 76508 110 339 1260 253 80 1007 46 961
internal_count=82944 78141 4803 4265 538 4168 3915 253 305 196 172 221 510 205 113 109 41 44 305 78107 1599 76508 110 339 1260 253 80 1007 46 961
is_linear=0
shrinkage=0.05


Tree=147
num_leaves=31
num_cat=0
split_feature=6 1 3 4 3 5 1 12 5 4 5 4 4 4 7 4 5 5 4 0 0 1 1 11 0 0 3 4 0 5
split_gain=1.4726 7.24126 7.16633 4.7439 3.54704 7.71328 7.90681 7.71914 14.0933 18.9614 10.9169 10.4981 9.23875 15.3439 34.9823 13.8409 9.05122 21.6887 7.57126 8.9758 8.66219 7.53074 7.2053 7.00336 6.90629 6.6044 6.46096 14.3224 6.45477 6.17128
threshold=-0.50537016327275397 2.0425026073378567 2.0815005419015571 0.43302314335551256 -0.19511879420770448 -0.1839442457199755 0.52972576445151887 -1.0444659357341868 -0.85925218225375766 -0.81793260411596802 -1.0822991561714665 0.45707998465304106 -1.3952967952566515 -0.89010312800855329 -0.081021797575299523 -1.2750125887690089 -1.2543280627515025 -1.3293991099845879 -1.3231262713640659 -0.62510674430250013 -0.48789502150937963 -0.28303422099422554 -0.87129242424561804 -0.76213734878520889 -1.1242459101625819 1.0193609357091071 -1.5868423785307526 -0.1683978890826997 0.1314169962933068 -0.42390874111029003
decision_type=2 2 2 2 2 2 2 2 2 2 2 2 2 2 2 2 2 2 2 2 2 2 2 2 2 2 2 2 2 2
left_child=1 2 -1 -4 5 7 -7 10 11 18 22 12 -9 14 15 21 17 -17 20 -20 29 -14 -2 28 -6 -15 27 -24 -11 -10
right_child=4 -3 3 -5 24 6 -8 8 9 23 -12 -13 13 25 -16 16 -18 -19 19 -21 -22 -23 26 -25 -26 -27 -28 -29 -30 -31
leaf_value=-0.00027552168151546633 -0.022210687101850736 -0.027156596422195436 0.0039590890273311233 0.026934405206105651 -0.006286743732201539 0.0021022725732232797 0.025611191693072518 -0.0011246641976144325 -0.011284865182782253 0.0025991909063366701 0.00089899116349822844 -0.00039877534806120738 0.010823618073985096 0.0013625003983426419 -0.00051660868156915051 0.0093786231203315164 0.015430605119217945 0.044632622622179263 -0.00078258958351692129 -0.011633777351668654 0.0037372577389128605 -0.0094343392698647225 0.018681007219028885 -0.00030797223595296105 -0.00010760645076157635 0.0090237407074007792 -0.0052742361738506299 -0.013073167967765281 0.014394070596325321 0.0011315770879362645
leaf_weight=33203 58 25 53 39 460 5513 36 969 276 470 1580 3076 162 2562 597 78 384 99 263 692 357 64 87 3023 26662 316 1469 60 154 157
leaf_count=33203 58 25 53 39 460 5513 36 969 276 470 1580 3076 162 2562 597 78 384 99 263 692 357 64 87 3023 26662 316 1469 60 154 157
internal_value=-2.18084e-12 -0.000257106 -0.000236909 0.0136986 0.000172634 0.00063673 0.00225479 0.000107112 0.000627102 -0.00136347 -0.00208199 0.00191917 0.00328219 0.00428413 0.00861035 0.0155339 0.0197425 0.029097 -0.00564995 -0.00864544 -0.00202882 0.00508685 -0.00489559 0.000687498 -0.000212407 0.00220369 -0.00427413 0.00572012 0.00551011 -0.00678283
internal_weight=82944 33320 33295 92 49624 22502 5549 16953 13699 5392 3254 8307 5231 4262 1384 787 561 177 1745 955 790 226 1674 3647 27122 2878 1616 147 624 433
internal_count=82944 33320 33295 92 49624 22502 5549 16953 13699 5392 3254 8307 5231 4262 1384 787 561 177 1745 955 790 226 1674 3647 27122 2878 1616 147 624 433
is_linear=0
shrinkage=0.05


Tree=148
num_leaves=31
num_cat=0
split_feature=11 8 1 9 2 6 0 4 2 9 4 1 0 1 4 4 5 0 0 4 6 9 5 1 6 1 5 2 4 1
split_gain=1.46771 8.4269 17.167 8.65449 15.4768 10.3813 9.72573 10.5266 8.71111 8.58065 25.4363 12.9535 10.9057 12.0929 9.79815 13.6634 20.5737 9.87991 21.3105 10.1624 12.9306 12.5355 13.9944 9.3767 10.3003 11.5462 8.95199 8.22508 8.04026 20.0893
threshold=-0.76213734878520889 1.0152913959672809 -0.70980694792698396 0.38504876088951162 -0.6362930140224613 1.7077461606570974 -0.11509293106452743 -0.93821681060361073 -0.62213468932412297 -1.2514084728909125 -0.38490946076045524 0.3240128706087485 -0.99476606789205857 -0.10097952670573473 0.64953471503326898 0.76981892152091114 0.80943899875565395 -0.73023681078568414 -0.90130289352984005 1.0344441757937248 -0.91243033262339701 -0.19252438044475575 0.65128935879477212 0.65272054699695425 -0.91243033262339701 0.43631947918440894 0.99864169796777091 2.1237758111861962 -0.81793260411596802 -0.52481797240043504
decision_type=2 2 2 2 2 2 2 2 2 2 2 2 2 2 2 2 2 2 2 2 2 2 2 2 2 2 2 2 2 2
left_child=1 2 -1 4 6 9 7 -4 -5 10 12 -12 13 -6 23 16 -16 18 -17 20 -19 22 -21 24 25 -11 -27 -7 29 -3
right_child=-2 28 3 8 5 27 -8 -9 -10 14 11 -13 -14 -15 15 17 -18 19 -20 21 -22 -23 -24 -25 -26 26 -28 -29 -30 -31
leaf_value=0.0067577743877660279 -0.00014558816043191996 0.019399765458901562 0.031240166804275001 -0.0040901917020257491 0.0043542207725784888 0.0062597388180670238 0.020309614234547309 0.0034672161180299569 8.9418848819745499e-06 -0.0053392827612258227 -0.0058536915683892613 -0.023249982572463534 0.0030772894565825313 0.054125906956260621 -0.02306053286672935 -0.00016200944620112961 -0.00011767894060252921 -0.02461939035675715 0.046345240361471141 0.0034246213842725353 -0.0026997894907823308 0.009808966106505175 -0.015088417072390281 -0.0010253761444131242 0.0054686429944177271 0.0011826280819471268 0.040157017598931609 -0.013371570823281737 -0.0023659510404701106 -0.00056654441174902354
leaf_weight=1124 56076 152 37 1507 26 1130 148 438 9260 431 823 123 538 23 171 78 228 74 36 329 741 385 148 1275 2404 34 26 56 4387 736
leaf_count=1124 56076 152 37 1507 26 1130 148 438 9260 431 823 123 538 23 171 78 228 74 36 329 741 385 148 1275 2404 34 26 56 4387 736
internal_value=-5.23208e-13 0.000303856 0.00074152 0.000411154 0.00149423 0.000971106 0.00911774 0.00563058 -0.000564792 0.000315719 -0.00304217 -0.00811558 0.00513405 0.0277164 0.0011251 -0.00158297 -0.00995033 0.000281117 0.0145245 -0.000687127 -0.00469004 0.00309753 -0.00231947 0.00254732 0.00412079 -0.00247849 0.0180715 0.0053328 -0.0014877 0.00285111
internal_weight=82944 26868 21593 20469 9702 9079 623 475 10767 7893 1533 946 587 49 6360 2190 399 1791 114 1677 815 862 477 4170 2895 491 60 1186 5275 888
internal_count=82944 26868 21593 20469 9702 9079 623 475 10767 7893 1533 946 587 49 6360 2190 399 1791 114 1677 815 862 477 4170 2895 491 60 1186 5275 888
is_linear=0
shrinkage=0.05


Tree=149
num_leaves=31
num_cat=0
split_feature=6 3 4 3 5 12 5 4 4 5 4 4 7 4 2 5 5 4 6 8 11 2 0 3 4 5 2 4 4 5
split_gain=1.36051 5.21236 5.29646 3.29874 7.09649 7.41296 13.5769 20.4326 9.44729 8.83457 8.34631 13.8705 31.5874 12.467 9.78528 8.18283 19.5443 7.89214 9.31961 7.17348 6.55761 6.2413 6.21502 6.18275 13.4307 6.5123 7.93639 8.84445 10.7589 5.92695
threshold=-0.50537016327275397 2.0815005419015571 0.43302314335551256 -0.19511879420770448 -0.24472827403648004 -1.0444659357341868 -0.85925218225375766 -0.81793260411596802 0.45707998465304106 -1.0822991561714665 -1.3952967952566515 -0.89010312800855329 -0.081021797575299523 -1.2750125887690089 -0.29988855771063755 -1.2543280627515025 -1.3293991099845879 -1.2990694300665375 1.0000000180025095e-35 1.0000000180025095e-35 -0.76213734878520889 -0.9907735218775432 -1.1242459101625819 -1.5868423785307526 -0.14434104778517126 -1.3068553720381466 -0.95537302185970652 1.5636946843393513 -1.3231262713640659 -0.70535813777133527
decision_type=2 2 2 2 2 2 2 2 2 2 2 2 2 2 2 2 2 2 2 2 2 2 2 2 2 2 2 2 2 2
left_child=1 -1 -3 4 5 9 8 17 10 23 14 12 13 -12 -7 16 -15 18 -8 -19 -9 -10 -5 24 -2 -25 -27 28 -28 -24
right_child=3 2 -4 22 -6 6 7 20 21 -11 11 -13 -14 15 -16 -17 -18 19 -20 -21 -22 -23 29 25 -26 26 27 -29 -30 -31
leaf_value=-0.0002805673300800835 0.017113800069117651 0.001595668211978461 0.025594964336890444 -0.0059677145157990674 0.0020822146748587845 -0.0033623906393310458 -0.0092586548644072956 0.0055083101957549207 0.013077163093978363 0.00066257211737759847 0.0048568996691466439 0.0021015911422172916 -0.00047990433688738059 0.008942399972016948 0.0099099541551411346 0.014666354255208111 0.042408270798999857 -0.015036378122420738 0.0019049162178220239 -0.0055592162810037121 -0.00028077530488107268 -0.00074195547067602168 -0.0018532411619941996 -0.002610735644580529 -0.013673936104821444 -0.0022973153152023029 0.0024888056079204117 0.01274237136822194 -0.019267699845071581 0.00021209809102284202
leaf_weight=33225 91 56 39 460 6023 801 310 594 84 1532 226 2878 597 78 168 384 99 345 471 474 2772 2992 4106 845 58 259 69 30 322 22556
leaf_count=33225 91 56 39 460 6023 801 310 594 84 1532 226 2878 597 78 168 384 99 345 471 474 2772 2992 4106 845 58 259 69 30 322 22556
internal_value=-2.00797e-14 -0.000247128 0.011448 0.000165934 0.00061349 7.66783e-05 0.00059787 -0.00147039 0.0018343 -0.00208108 0.00312731 0.00407962 0.00819289 0.0147719 -0.0010613 0.0187661 0.0276606 -0.00612224 -0.00252621 -0.00955143 0.000740828 -0.00036458 -0.000205386 -0.004592 0.00512931 -0.00554182 -0.00918413 -0.0134209 -0.0154283 -0.000105968
internal_weight=82944 33320 95 49624 22502 16479 13273 4966 8307 3206 5231 4262 1384 787 969 561 177 1600 781 819 3366 3076 27122 1674 149 1525 680 421 391 26662
internal_count=82944 33320 95 49624 22502 16479 13273 4966 8307 3206 5231 4262 1384 787 969 561 177 1600 781 819 3366 3076 27122 1674 149 1525 680 421 391 26662
is_linear=0
shrinkage=0.05


Tree=150
num_leaves=31
num_cat=0
split_feature=5 8 12 2 12 0 2 1 2 11 3 5 4 2 0 0 4 7 0 4 4 7 3 2 2 7 5 5 4 4
split_gain=1.38674 20.5851 6.19051 3.40723 2.82207 1.99895 1.77378 1.66332 6.43079 6.02891 8.26688 6.89001 17.6202 6.87567 5.38529 9.51045 16.7111 12.1219 8.37443 6.07141 5.73608 5.37655 5.19174 5.00133 4.95462 8.40745 4.97401 4.92002 7.60996 9.56934
threshold=-1.4141003550473299 -1.7404918888887655 0.69631062382279152 -0.24946468487045778 -0.6963106238227913 0.1682292840005534 -0.9276586014370084 -0.51556909891381653 -1.0219206631466522 -0.76213734878520889 -1.3575321593855023 0.42390874111029014 0.33679577816539868 -0.20923164933329108 0.23739498092388264 0.1314169962933068 -0.84198944541349652 -0.67395931651126872 0.27154823262667721 -1.3471831126615943 -1.1787852235788951 0.50473852548845832 0.089529249629884691 -0.55618549337887979 -0.2427789396635455 -0.74611299300944822 -1.3293991099845879 -0.42390874111029003 -1.5877515256368793 -0.40896630205798362
decision_type=2 2 2 2 2 2 2 2 2 2 2 2 2 2 2 2 2 2 2 2 2 2 2 2 2 2 2 2 2 2
left_child=1 6 4 -4 5 -3 -1 9 -9 10 21 14 -13 -14 15 16 17 19 20 -12 -16 -2 -18 -17 -11 -26 -27 28 -10 -30
right_child=7 2 3 -5 -6 -7 -8 8 27 24 11 12 13 -15 18 23 22 -19 -20 -21 -22 -23 -24 -25 25 26 -28 -29 29 -31
leaf_value=-0.013966625009618519 0.029309494344310627 -0.0055876604575467743 0.022659381756595539 0.0079727998993642229 -0.00066464116081380682 0.0065399183732866547 -0.027255939671562781 -0.0070586335839281983 0.0053332356131554348 0.000109766416110758 0.0015529709180728312 0.012443926935028061 -9.4919358311659278e-05 -0.021471363711613706 0.041512718126177794 -0.009197444447787877 0.00039406758764969779 0.0014382564520303122 0.0024568312096132985 0.031348458628180316 0.011717967195560657 -0.0018476371583528819 -0.011807571228849196 0.00084455404894370192 0.007394423781764037 -0.024336578847012586 -0.0052166497176087609 9.5760447591633399e-05 -0.0034370454845170846 -0.00022864443709472143
leaf_weight=83 45 38 51 175 458 321 36 339 438 24681 21 415 136 52 20 389 1664 93 894 92 84 20 92 182 136 36 617 41309 3660 6367
leaf_count=83 45 38 51 175 458 321 36 339 438 24681 21 415 136 52 20 389 1664 93 894 92 84 20 92 182 136 36 617 41309 3660 6367
internal_value=8.84388e-14 0.00171515 0.00396303 0.011287 0.00193706 0.00525622 -0.0179869 -2.43697e-05 -0.00019451 0.000274479 0.00202989 0.0017517 0.00669123 -0.00600755 0.000908166 -0.000317504 0.0013353 0.0148079 0.00401901 0.0258112 0.0174477 0.0197227 -0.000245198 -0.00599667 -1.49196e-05 -0.00391527 -0.00627073 -0.000149566 -0.00111796 -0.00139976
internal_weight=82944 1162 1043 226 817 359 119 81782 52113 29669 4199 4134 603 188 3531 2533 1962 206 998 113 104 65 1756 571 25470 789 653 51774 10465 10027
internal_count=82944 1162 1043 226 817 359 119 81782 52113 29669 4199 4134 603 188 3531 2533 1962 206 998 113 104 65 1756 571 25470 789 653 51774 10465 10027
is_linear=0
shrinkage=0.05


Tree=151
num_leaves=31
num_cat=0
split_feature=0 3 4 4 7 5 8 2 5 0 4 2 2 8 0 4 4 2 12 0 0 5 7 0 8 3 6 2 6 4
split_gain=1.38136 3.48081 6.32647 9.38031 17.3466 9.6496 7.81622 7.57824 5.49055 4.94589 6.7138 4.93409 4.29804 3.84853 5.2548 4.95263 8.81904 4.25184 5.41865 3.7091 3.63531 3.24023 3.2031 3.05226 11.6793 8.4076 8.92303 14.5104 10.9549 6.68692
threshold=-0.0078117817629935965 -1.2041145644625468 -0.1683978890826997 -0.81793260411596802 0.50473852548845832 -1.3494002584220433 -1.7404918888887655 -1.092568663875441 -1.3937669968154378 1.0526555900914161 1.0825578583887816 -0.90903454081022539 -0.70166467291488499 -1.7404918888887655 0.19015298867468097 0.36085261946292707 0.93821681060361073 -1.0616786639538727 0.34815531191139576 0.75305586519458789 0.41227145491530831 -1.3494002584220433 0.50473852548845832 0.10789381999018957 1.0152913959672809 0.94730973606102398 1.1133806251249947 2.2215774627024731 -0.89145085320788475 -0.9141599693060819
decision_type=2 2 2 2 2 2 2 2 2 2 2 2 2 2 2 2 2 2 2 2 2 2 2 2 2 2 2 2 2 2
left_child=-1 2 3 6 8 -6 11 -7 -5 13 -11 -2 20 14 -4 -16 -17 -15 -19 22 -10 -22 -20 24 25 -3 28 -28 -27 -26
right_child=1 23 9 4 5 7 -8 -9 12 10 -12 -13 -14 17 15 16 -18 18 19 -21 21 -23 -24 -25 29 26 27 -29 -30 -31
leaf_value=-0.00019592788226679991 -0.0037277602093969044 -0.00049001262684940134 0.013953531098862491 -0.0010730307738952064 0.0091085578418440283 -0.010348688792437315 0.0002224013995929235 -0.051641600728034975 0.039966149741540787 -0.023433832318295499 0.0069992456177715217 -0.024250143075005327 0.0065571802438817162 0.0087188620683412224 -0.020784503855125119 0.018488381738003729 -0.015379921338784412 0.0013353011917091109 0.0065290794459482038 -0.027462199529440241 0.0059691470101038372 0.023793904228340379 -0.012916845436686548 0.00016181364135436785 0.017946660892077717 0.014318765909620772 0.058244581376625741 0.0067025151233085336 -0.0094549217348008658 0.0052337926829419323
leaf_weight=43155 54 2652 21 54 27 25 316 20 23 74 24 64 69 86 89 29 57 205 30 29 37 82 72 34744 129 111 22 36 86 522
leaf_count=43155 54 2652 21 54 27 25 316 20 23 74 24 64 69 86 89 29 57 205 30 29 37 82 72 34744 129 111 22 36 86 522
internal_value=8.25483e-13 0.000212503 -0.00216097 0.000981886 0.00724054 -0.0145225 -0.00387795 -0.0287011 0.0131535 -0.00554525 -0.0159808 -0.0148585 0.0167944 -0.00389041 -0.00968005 -0.0125161 -0.00395921 -0.00120139 -0.0037405 -0.0116835 0.0217689 0.0182518 -0.00719746 0.000304648 0.00169943 0.000343797 0.00901542 0.026253 0.0039404 0.00775293
internal_weight=82944 39789 1487 771 337 72 434 45 265 716 98 118 211 618 196 175 86 422 336 131 142 119 102 38302 3558 2907 255 58 197 651
internal_count=82944 39789 1487 771 337 72 434 45 265 716 98 118 211 618 196 175 86 422 336 131 142 119 102 38302 3558 2907 255 58 197 651
is_linear=0
shrinkage=0.05


Tree=152
num_leaves=31
num_cat=0
split_feature=1 4 8 3 1 4 3 4 1 9 9 1 6 4 9 4 3 9 9 4 0 4 4 0 9 3 0 9 9 4
split_gain=1.39661 7.02651 5.55287 5.09308 7.6948 4.62301 25.3642 13.1192 10.5821 7.77491 7.17437 10.4048 6.55895 9.54949 10.0598 6.55096 5.80848 8.5265 40.129 23.176 5.09322 5.00493 4.91165 3.82123 3.49302 3.25209 2.95976 2.91971 2.91322 2.9105
threshold=3.0427843480465886 0.74576208022338275 0.74090168677562918 2.8203810515138188 1.8398692159766912 0.31273893686787019 4.0676475521031525 0.505193667248098 4.3806832468255656 1.4439328533356688 0.96262190222377908 3.720430316313958 1.7077461606570974 -0.12028420648764233 1.1551462826685348 -0.72170523892585436 3.6202699090239325 1.3476706631132906 1.0588840924461571 -0.43302314335551256 1.4191099817341657 -0.072170523892585409 0.62547787373574038 2.4867904811690109 1.1551462826685348 3.3794542420997158 2.4867904811690109 1.6364572337804246 1.4439328533356688 0.93821681060361073
decision_type=2 2 2 2 2 2 2 2 2 2 2 2 2 2 2 2 2 2 2 2 2 2 2 2 2 2 2 2 2 2
left_child=3 2 5 -1 -5 12 8 -8 9 10 -7 22 15 20 -15 -2 17 18 19 -17 -14 25 24 -3 -12 -21 -19 -28 -10 -6
right_child=1 23 -4 4 29 6 7 -9 28 -11 11 -13 13 14 -16 16 -18 26 -20 21 -22 -23 -24 -25 -26 -27 27 -29 -30 -31
leaf_value=-8.1106839565547786e-06 -0.0045234090076039799 -0.017708450881102841 -0.019192983339244903 0.033384401893073866 0.0059265928341854027 -0.0078164033793655108 0.068378941549665548 0.013128401427751497 -0.025480361809687959 -0.0092537698522210127 0.032913499744608998 0.040177439966876255 -0.021407640339540585 -0.044003001239991957 -0.0090236164442431491 0.039652028354569616 -0.0061339971931586267 -0.013256237846375866 0.0639351682152067 -0.0079744034796021875 0.0014742123820139347 -0.023339109648394307 -0.010670092135357362 -0.0045008415530098543 0.0048790828585624701 0.015226171315020033 0.0084043465592647301 -0.0086416092195681169 -0.0068216958753160167 -0.00082504165985416555
leaf_weight=80659 275 88 37 22 416 32 22 21 35 55 20 38 28 31 61 34 86 33 35 44 185 35 24 145 25 23 89 35 52 259
leaf_count=80659 275 88 37 22 416 32 22 21 35 55 20 38 28 31 61 34 86 33 35 44 185 35 24 145 25 23 89 35 52 259
internal_value=-1.16444e-12 -0.00146854 -8.93494e-05 2.86646e-05 0.00428441 0.000446944 0.0056337 0.0413961 0.000161155 0.00665889 0.0129553 0.0191674 -0.00124371 -0.00734826 -0.0208101 0.0014586 0.00543215 0.00846474 0.0161892 0.00390168 -0.00153373 -0.0080151 0.00759659 -0.00948912 0.0173388 -1.00271e-05 5.1431e-05 0.00359299 -0.0143281 0.00333597
internal_weight=82944 1588 1355 81356 697 1318 324 43 281 194 139 107 994 305 92 689 414 328 171 136 213 102 69 233 45 67 157 124 87 675
internal_count=82944 1588 1355 81356 697 1318 324 43 281 194 139 107 994 305 92 689 414 328 171 136 213 102 69 233 45 67 157 124 87 675
is_linear=0
shrinkage=0.05


Tree=153
num_leaves=31
num_cat=0
split_feature=4 2 1 2 4 5 5 8 2 1 3 1 8 5 9 6 6 7 9 4 2 6 8 10 6 5 2 5 2 5
split_gain=1.31499 6.29387 2.74852 3.35659 2.52487 12.0345 19.3899 9.55819 7.30746 6.14626 5.25312 4.67716 4.60455 4.01138 8.55632 5.45103 5.45812 5.84384 5.4463 3.99435 3.96754 3.53761 3.51242 4.35398 3.3523 5.02028 3.31318 5.76036 3.29653 3.16965
threshold=1.3712399539591236 -1.5003388811877232 3.1754622378609842 3.1142813650749299 1.5155810017442943 0.85925218225375766 1.1922423828011943 1.0000000180025095e-35 -0.68346535649133677 -0.23639092638522427 0.97251985981170652 -0.21570989834759666 1.0152913959672809 1.3068553720381473 1.0000000180025095e-35 -1.0580783826696147 0.30811198432835407 -0.17427846833443938 0.67383533155664532 1.3952967952566522 1.6501068016329257 -0.91243033262339701 -1.7404918888887655 1.0000000180025095e-35 1.1133806251249947 1.3937669968154378 0.1113257191213794 0.95394520574413566 0.29315596895356721 1.082299156171467
decision_type=2 2 2 2 2 2 2 2 2 2 2 2 2 2 2 2 2 2 2 2 2 2 2 2 2 2 2 2 2 2
left_child=-1 -2 3 4 5 8 7 26 9 22 20 -6 19 14 -13 -16 17 -17 28 -9 -8 -10 -3 -24 25 -12 -7 -28 -18 -21
right_child=1 2 -4 -5 11 6 10 12 21 -11 24 13 -14 -15 15 16 18 -19 -20 29 -22 -23 23 -25 -26 -27 27 -29 -30 -31
leaf_value=-6.7645972120195262e-05 -0.016273859194056554 -0.0091725587617079527 -0.011769749827428976 0.015586245099180624 0.0012575396735780822 0.014863194599747659 -0.0020752626885659994 0.009877821238090596 -0.0064778287061655893 0.032261461243033411 0.015052587925275163 0.00075325996351259604 0.011415067143955982 0.0016323843033863223 -0.024130385195793108 0.0071491859690251576 -0.0035865503174529693 -0.0060044430878519964 -0.0043918503494902129 0.02439649694114494 -0.019325354904867711 -0.00062569751605592123 0.0022715187504844673 0.013070380023206011 -0.0028074832743846395 0.00032262653445782648 0.016400504198099953 -0.0099454876974667036 -0.020473599103349966 0.0408411386816038
leaf_weight=74359 55 46 44 38 2992 55 200 30 309 20 122 712 77 599 43 126 37 256 187 84 40 1572 331 130 102 110 32 59 132 45
leaf_count=74359 55 46 44 38 2992 55 200 30 309 20 122 712 77 599 43 126 37 256 187 84 40 1572 331 130 102 110 32 59 132 45
internal_value=-3.17013e-12 0.000585916 0.000694625 0.000759253 0.000692559 0.0017552 0.0065015 0.0152303 -0.000129125 0.0050746 0.000692464 -1.05747e-05 0.0214511 -0.00182425 -0.00321106 -0.00682515 -0.00581685 -0.00166581 -0.010271 0.0263113 -0.00495028 -0.00158705 0.00400214 0.00531675 0.00474713 0.00806855 0.00517471 -0.000680963 -0.0167764 0.030133
internal_weight=82944 8585 8530 8486 8448 3364 956 382 2408 527 574 5084 236 2092 1493 781 738 382 356 159 240 1881 507 461 334 232 146 91 169 129
internal_count=82944 8585 8530 8486 8448 3364 956 382 2408 527 574 5084 236 2092 1493 781 738 382 356 159 240 1881 507 461 334 232 146 91 169 129
is_linear=0
shrinkage=0.05


Tree=154
num_leaves=31
num_cat=0
split_feature=1 2 3 12 0 6 9 3 2 11 0 2 7 3 0 0 4 4 3 0 0 4 7 1 4 9 2 0 4 7
split_gain=1.2917 6.86945 4.87026 10.4041 9.23457 4.76164 12.503 8.7606 8.64822 5.26869 4.99627 4.63181 7.3954 4.45295 5.76406 4.27664 4.00487 3.85 3.61173 3.72662 13.6741 14.3472 10.4088 7.70095 5.92409 6.91559 6.81627 5.77718 5.30878 7.61405
threshold=-0.51556909891381653 -0.9276586014370084 -0.95051677070936524 0.69631062382279152 0.43545882703510586 1.7077461606570974 0.38504876088951162 -0.99388104523294407 -0.47314681578330098 -0.76213734878520889 0.38041459796982174 -0.2427789396635455 -0.74611299300944822 0.089529249629884691 0.34567208706119978 1.7273137874825626 -0.9863304931986675 0.072170523892585367 -1.5868423785307526 0.23739498092388264 0.097081496934734154 -0.81793260411596802 -0.67395931651126872 -0.7463449955606104 0.28868209557034169 1.1551462826685348 -0.39623048188405446 0.03138597865123454 0.33679577816539868 -0.67395931651126872
decision_type=2 2 2 2 2 2 2 2 2 2 2 2 2 2 2 2 2 2 2 2 2 2 2 2 2 2 2 2 2 2
left_child=5 -2 3 -3 -5 9 7 -7 16 18 -9 -11 -13 14 -14 -10 -8 -16 -1 20 21 22 27 -21 25 -23 -26 -20 -22 -30
right_child=1 2 -4 4 -6 6 8 10 15 11 -12 12 13 -15 17 -17 -18 -19 19 23 28 24 -24 -25 26 -27 -28 -29 29 -31
leaf_value=0.021074631751980634 -0.0058338500904813488 -0.0012641797233113655 -2.1454143480523922e-05 -0.0091438027939096788 -0.038876469965907746 0.012830663688176251 0.024021526922782265 0.0050598039797718373 0.049418577563483272 -1.6409276461543953e-05 -0.0042805265196252723 0.0085941248212590606 -0.0052881016432754883 0.0065814234922072501 -0.029639422216198665 0.018521849633682343 0.0034986212042242512 -0.0082063904567621655 0.016273851877950291 0.012515678001038755 -0.0083714280563237323 0.0064273845254587394 0.0056783338847425082 0.0021320283606597978 0.00090001354399667124 -0.004162962019806097 -0.0087759379214730881 0.041955838152548164 -0.0096059888837532748 0.0053204237850637296
leaf_weight=24 526 907 51396 142 32 133 33 212 24 23784 441 101 505 64 44 21 85 40 47 217 462 782 122 1008 971 192 224 41 137 227
leaf_count=24 526 907 51396 142 32 133 33 212 24 23784 441 101 505 64 44 21 85 40 47 217 462 782 122 1008 971 192 224 41 137 227
internal_value=4.4458e-13 -0.0001483 -9.13111e-05 -0.00341265 -0.0146119 0.000262528 0.00374767 0.00113415 0.0163503 0.000148448 -0.00124814 -0.000138721 -0.0039969 -0.00594437 -0.0073054 0.0350001 0.00923808 -0.0194332 0.00173052 0.00162572 0.000729161 0.00265357 0.0151325 0.00397142 0.00144538 0.00433976 -0.000913721 0.0282393 -0.00481342 -0.000297484
internal_weight=82944 53003 52477 1081 174 29941 949 786 163 28992 653 24538 754 653 589 45 118 84 4454 4430 3205 2379 210 1225 2169 974 1195 88 826 364
internal_count=82944 53003 52477 1081 174 29941 949 786 163 28992 653 24538 754 653 589 45 118 84 4454 4430 3205 2379 210 1225 2169 974 1195 88 826 364
is_linear=0
shrinkage=0.05


Tree=155
num_leaves=31
num_cat=0
split_feature=5 8 12 2 12 0 2 5 1 0 2 4 4 2 12 0 4 0 0 4 5 4 11 0 8 10 4 1 5 0
split_gain=1.26334 18.2613 5.56609 3.00442 2.55187 1.73804 1.50351 1.45609 4.9235 7.11181 8.783 7.29653 10.0528 9.57838 7.29902 10.2435 8.51872 7.11532 6.52875 6.40733 6.50729 6.25333 19.7974 9.85304 6.47113 11.1795 10.2144 5.59098 5.54385 5.07551
threshold=-1.4141003550473299 -1.7404918888887655 0.69631062382279152 -0.24946468487045778 -0.6963106238227913 0.1682292840005534 -0.7928427076525898 -0.36482234569996336 -0.51556909891381653 -0.31566746073821877 -0.28663216535655028 -1.5396378430418223 -0.60142103243821221 -0.24946468487045778 -0.6963106238227913 1.9255171228095136 -1.4193536365541799 1.761268499712193 -0.67404874028486339 -0.81793260411596802 -0.75810821674430739 -1.4193536365541799 1.0801555850332116 0.41227145491530831 0.19793268244031401 1.0000000180025095e-35 -0.81793260411596802 -0.075634951846803369 -1.3668181053864807 1.9713770334385832
decision_type=2 2 2 2 2 2 2 2 2 2 2 2 2 2 2 2 2 2 2 2 2 2 2 2 2 2 2 2 2 2
left_child=1 6 4 -4 5 -3 -1 8 -2 10 -10 13 14 -11 15 16 28 19 -12 20 -18 22 -16 -24 -23 26 -26 -27 -13 -17
right_child=7 2 3 -5 -6 -7 -8 -9 9 11 18 12 -14 -15 21 29 17 -19 -20 -21 -22 24 23 -25 25 27 -28 -29 -30 -31
leaf_value=-0.014168739415860424 0.00015842757798582429 -0.0051220110225442209 0.021378046391057035 0.0075869018503248566 -0.00064083746968101067 0.0061864433690956887 -0.028401763607626376 0.0001515239446474747 -0.0023935455059845307 0.00065073620452481479 -0.0027794018173708693 -0.01043915571299968 5.0683057472123512e-06 0.01571551838944862 0.0067053448928850318 0.02485413440237088 -0.010179154528647334 -0.030113386593505067 -0.017830887996163721 -0.003217574276451795 -0.025654961701751834 -0.0040115131264056936 -0.055105375959759666 -0.016903198873867868 0.021089623908776403 0.0017947581657099981 -0.0024766113362940296 -0.011809753502166133 0.0095494069226239771 -0.00207305485116584
leaf_weight=96 21972 38 51 175 458 321 23 48497 1142 345 118 54 6960 152 98 35 374 44 185 265 83 565 21 86 134 354 70 96 97 35
leaf_count=96 21972 38 51 175 458 321 23 48497 1142 345 118 54 6960 152 98 35 374 44 185 265 83 565 21 86 134 354 70 96 97 35
internal_value=-2.5073e-12 0.00163705 0.00375426 0.0106991 0.00183318 0.00498945 -0.0169197 -2.32601e-05 -0.000277924 -0.0011254 -0.00440146 -0.00064568 -0.000958791 0.00525807 -0.00374123 -0.00704569 -0.00845304 -0.0105927 -0.0119693 -0.00940308 -0.0129899 -0.00145085 -0.00953056 -0.0244008 -9.20837e-05 0.00329397 0.0130032 -0.00110754 0.00240118 0.0113905
internal_weight=82944 1162 1043 226 817 359 119 81782 33285 11313 1445 9868 9371 497 2411 987 917 766 303 722 457 1424 205 107 1219 654 204 450 151 70
internal_count=82944 1162 1043 226 817 359 119 81782 33285 11313 1445 9868 9371 497 2411 987 917 766 303 722 457 1424 205 107 1219 654 204 450 151 70
is_linear=0
shrinkage=0.05


Tree=156
num_leaves=31
num_cat=0
split_feature=1 3 2 5 3 3 5 4 4 8 4 2 12 11 7 4 11 6 1 2 8 5 4 4 4 5 4 4 5 5
split_gain=1.27927 9.18687 8.05323 7.68387 6.12124 5.63582 5.44509 6.62025 4.6501 7.12901 7.696 4.62049 4.22323 4.19741 6.66415 5.20051 4.72905 4.34174 6.90543 8.97345 6.65591 17.1614 5.75352 6.86755 5.68933 6.71874 7.4676 5.97033 18.3367 7.51867
threshold=1.897277043084358 2.8203810515138188 1.6501068016329257 0.99864169796777091 2.525628365157282 1.4061233754843081 1.3494002584220433 0.45707998465304106 0.43302314335551256 0.37100531152820115 -0.62547787373574071 1.3553366828136773 -1.0444659357341868 1.0000000180025095e-35 -0.081021797575299523 -0.52925050854562683 -0.76213734878520889 1.0000000180025095e-35 2.7276332300298809 2.8051086824331208 0.74090168677562918 1.3816171070223859 -0.76981892152091091 0.67359155633079737 0.67359155633079737 1.3816171070223859 1.1306715409838386 0.36085261946292707 1.4032428797398568 1.3293991099845883
decision_type=2 2 2 2 2 2 2 2 2 2 2 2 2 2 2 2 2 2 2 2 2 2 2 2 2 2 2 2 2 2
left_child=1 -1 4 -4 8 6 7 -5 9 11 -11 -2 -10 14 15 -7 -17 22 19 -19 24 -22 -15 -24 27 26 -26 -20 29 -29
right_child=2 -3 3 5 -6 13 -8 -9 12 10 -12 -13 -14 17 -16 16 -18 18 20 -21 21 -23 23 -25 25 -27 -28 28 -30 -31
leaf_value=3.7371508289554318e-05 0.015047514692880213 0.026033509687027515 -0.013976508991183119 0.024190490282813296 0.016205090756661125 0.00062452391221692481 -0.0027302305279083032 0.0040885748170120155 0.015798207340762021 -0.0093364162155294573 -0.035442783771590755 -0.010140871556283328 -0.0056501229813355688 0.0042307324418779614 0.00035990674066726635 -0.009731560295735707 -0.032141301548108459 0.0027101472392424709 5.4874260405425484e-05 0.016843749774069203 -0.051160458337677565 0.00070898617089439476 -0.023956188879850689 0.0063831598283006601 -0.031332825534892354 -0.0011016569858990036 -0.0055715914585818659 -0.0083595640195364314 -0.0098863466204209046 0.023130058411196093
leaf_weight=78107 25 34 97 72 28 120 86 95 25 58 55 67 280 63 580 249 26 825 1063 130 23 52 66 26 44 325 78 22 86 137
leaf_count=78107 25 34 97 72 28 120 86 95 25 58 55 67 280 63 580 249 26 825 1063 130 23 52 66 26 44 325 78 22 86 137
internal_value=4.7066e-13 4.86827e-05 -0.000792029 -6.48683e-05 -0.0065566 0.000258891 0.00749142 0.0127553 -0.00780626 -0.0136298 -0.0220431 -0.0032962 -0.00389206 -0.000208499 -0.00305143 -0.00806048 -0.0118503 0.00073431 0.00118761 0.00463409 -0.000610971 -0.0151976 -0.00741039 -0.015382 1.2391e-05 -0.00485742 -0.0148625 0.00167662 0.00871299 0.018773
internal_weight=82944 78141 4803 4265 538 4168 253 167 510 205 113 92 305 3915 975 395 275 2940 2785 955 1830 75 155 92 1755 447 122 1308 245 159
internal_count=82944 78141 4803 4265 538 4168 253 167 510 205 113 92 305 3915 975 395 275 2940 2785 955 1830 75 155 92 1755 447 122 1308 245 159
is_linear=0
shrinkage=0.05


Tree=157
num_leaves=31
num_cat=0
split_feature=0 7 5 2 1 4 2 0 0 7 2 1 4 4 5 0 1 2 5 5 3 4 4 3 5 10 4 4 1 5
split_gain=1.29498 3.24086 9.25741 9.65889 7.27275 8.75804 9.99927 8.66561 8.06895 24.5142 8.63634 6.69165 14.1039 23.9549 17.6117 13.6975 11.8236 9.14115 8.47933 11.699 8.0416 7.72565 6.76265 6.53516 11.5261 6.29217 8.61394 8.57603 6.18737 12.8451
threshold=-0.0078117817629935965 -0.44226394673424807 -1.1210959212062963 -0.29988855771063755 1.0393197749355194 0.55330734984315499 1.5465420234017873 0.055158686266356984 0.35859460280915306 -0.74611299300944822 0.50206105555451919 -0.50630597511285835 -0.52925050854562683 -1.3231262713640659 -0.85925218225375766 1.1484874343550735 -0.52978493519250935 0.018390626889765196 -1.2543280627515025 -1.4100253104837919 0.10176204207573439 -0.67359155633079704 -0.96227365190113912 1.2796142973360352 1.224450581347845 1.0000000180025095e-35 0.98633049319866772 0.26462525427281319 0.77499781531213152 0.90745195762283271
decision_type=2 2 2 2 2 2 2 2 2 2 2 2 2 2 2 2 2 2 2 2 2 2 2 2 2 2 2 2 2 2
left_child=-1 4 -3 25 5 6 11 -6 9 -9 -10 12 13 -2 17 16 -14 18 19 -15 -17 -13 -21 -23 -25 -4 27 -27 -5 -30
right_child=1 2 3 28 7 -7 -8 8 10 -11 -12 21 15 14 -16 20 -18 -19 -20 22 -22 23 -24 24 -26 26 -28 -29 29 -31
leaf_value=-0.00018970327228837744 -0.0007965415786442689 -0.001453072985046616 0.0020898280109452523 -0.0014965918425031127 0.027583845002048364 -0.00047166592181521961 0.037714577182196084 -0.050840416207211095 -0.010730476412669452 -0.00088516942675293344 -0.00029132821250606416 -0.00056496439847083266 -0.0021447360571745541 0.0025929636829956013 -0.0074536633837085815 0.047346563761432967 0.020969931999126737 -0.0057367891356399333 0.013155497358759725 0.037820150239945012 0.0044179370417259632 0.0027056305884510814 0.019943810616159578 0.0036739728282181882 0.036964727899967097 0.0092126529915926604 0.018921415289833356 -0.0070426780989409649 -0.0063674737715104833 0.001325448305716801
leaf_weight=43155 386 8760 2364 4546 26 4080 20 33 211 96 3247 2600 888 44 76 24 59 37 238 135 20 2755 87 78 39 270 137 116 583 7834
leaf_count=43155 386 8760 2364 4546 26 4080 20 33 211 96 3247 2600 888 44 76 24 59 37 238 135 20 2755 87 78 39 270 137 116 583 7834
internal_value=2.18514e-12 0.000205751 -0.000148641 0.000572295 0.000780334 0.00139204 0.00240779 -0.00117786 -0.00138633 -0.0136644 -0.000928303 0.00231321 0.00479293 0.00897281 0.0150846 0.000562439 -0.000704646 0.0182508 0.0200118 0.0261463 0.0278336 0.00140959 0.0308146 0.00319715 0.0147709 0.00318776 0.00815048 0.00432763 -1.01968e-05 0.000792601
internal_weight=82944 39789 24610 15850 15179 11566 7486 3613 3587 129 3458 7466 1994 1003 617 991 947 541 504 266 44 5472 222 2872 117 2887 523 386 12963 8417
internal_count=82944 39789 24610 15850 15179 11566 7486 3613 3587 129 3458 7466 1994 1003 617 991 947 541 504 266 44 5472 222 2872 117 2887 523 386 12963 8417
is_linear=0
shrinkage=0.05


Tree=158
num_leaves=31
num_cat=0
split_feature=11 8 1 9 9 4 1 1 4 4 8 4 0 4 4 8 5 4 5 0 1 12 0 4 0 0 3 6 5 4
split_gain=1.27907 8.11669 13.9378 7.2233 9.45039 28.4041 12.4058 9.45629 15.8929 19.3241 10.7142 8.21894 9.0745 8.86962 7.4978 18.3486 8.6405 7.44684 7.21079 7.12449 12.2526 9.09061 6.85642 6.73729 14.9974 14.7797 8.83786 7.99734 7.41518 6.73255
threshold=-0.76213734878520889 1.0152913959672809 -0.70980694792698396 0.38504876088951162 -1.1551462826685344 -0.38490946076045524 0.3240128706087485 0.65272054699695425 0.64953471503326898 0.79387576281843975 0.19793268244031401 -0.072170523892585409 0.47558342873508902 0.31273893686787019 0.12028420648764231 -1.7404918888887655 0.95394520574413566 0.45707998465304106 0.80943899875565395 -0.99476606789205857 -0.10097952670573473 -0.6963106238227913 -0.15534822052745847 1.0585010170912532 -0.80650011932188403 -0.93639564123875274 0.80475119441340004 1.0000000180025095e-35 0.90745195762283271 1.1787852235788956
decision_type=2 2 2 2 2 2 2 2 2 2 2 2 2 2 2 2 2 2 2 2 2 2 2 2 2 2 2 2 2 2
left_child=1 2 29 4 5 19 -7 8 10 18 11 -6 -13 -14 15 -9 17 -16 -10 20 -4 -21 -18 24 25 -11 -26 28 -25 -1
right_child=-2 -3 3 -5 7 6 -8 14 9 23 -12 12 13 -15 16 -17 22 -19 -20 21 -22 -23 -24 27 26 -27 -28 -29 -30 -31
leaf_value=0.0078071250438496824 -0.00013591049355813953 -0.0014746178991076598 0.0032780944820373289 -0.00047609252258742934 0.0046422100403670005 -0.0036353804339389752 -0.016488775885424019 -0.04121685661375523 -0.018126190829534025 -0.0032126963038795761 0.0022518195842569275 0.0085152569835300253 0.025225340840794769 0.002440379305127343 0.006445138407292131 -0.002597231584758471 -0.0045730498993533037 -0.0048877415816985384 -0.0007018549041287311 0.014040068059928024 0.051443548642260875 0.0014638188745190591 0.0063934446005428514 -0.0037664987013863388 -0.0064713279944827095 0.056108335192714423 0.019578392624056765 0.011105644719069972 0.0098338779423696315 -0.0028167126464162888
leaf_weight=947 56076 5275 31 10767 895 1216 222 32 187 21 1373 717 180 56 189 791 170 622 87 199 23 517 882 302 467 21 35 317 150 177
leaf_count=947 56076 5275 31 10767 895 1216 222 32 187 21 1373 717 180 56 189 791 170 622 87 199 23 517 882 302 467 21 35 317 150 177
internal_value=-1.31571e-12 0.000283658 0.000713191 0.000415513 0.00140499 -0.0014699 -0.0056197 0.00225204 0.00357957 -0.000515834 0.00559739 0.00808303 0.0113144 0.0198187 -0.000124272 -0.00409885 0.00163154 -0.00224666 -0.0125936 0.00627999 0.023793 0.00495917 0.00462129 0.00200459 -0.00225378 0.0264478 -0.00465511 0.00501702 0.000746901 0.00613415
internal_weight=82944 26868 21593 20469 9702 2208 1438 7494 4808 1587 3221 1848 953 236 2686 823 1863 811 274 770 54 716 1052 1313 544 42 502 769 452 1124
internal_count=82944 26868 21593 20469 9702 2208 1438 7494 4808 1587 3221 1848 953 236 2686 823 1863 811 274 770 54 716 1052 1313 544 42 502 769 452 1124
is_linear=0
shrinkage=0.05


Tree=159
num_leaves=31
num_cat=0
split_feature=6 1 3 1 3 3 5 1 7 0 12 5 4 4 5 4 4 7 5 5 2 2 2 4 2 3 4 5 4 2
split_gain=1.28335 5.96678 5.88919 5.10454 3.80483 3.22289 7.0034 7.39188 5.65238 5.38378 5.27299 10.7482 12.9149 8.25697 8.12765 7.12467 14.7854 29.7664 10.3383 14.0955 10.1872 6.62264 5.96245 5.84132 5.60258 5.49849 11.256 5.78813 6.63991 7.4134
threshold=-0.50537016327275397 2.0425026073378567 1.8368263236736824 0.70581257981802781 2.1720319318373433 -0.17998464794094488 -0.1839442457199755 0.52972576445151887 -0.17427846833443938 -1.1242459101625819 -1.0444659357341868 -0.90745195762283293 -0.81793260411596802 0.45707998465304106 -1.0414542967587235 -1.3471831126615943 -0.9141599693060819 -0.081021797575299523 -1.3494002584220433 -1.2818148012906687 0.018390626889765196 -0.17605432576354726 -0.12546019949046486 -0.52925050854562683 -0.94556519947463247 -1.5868423785307526 -0.12028420648764233 -1.4032428797398566 -1.3952967952566515 -0.80734147011564783
decision_type=2 2 2 2 2 2 2 2 2 2 2 2 2 2 2 2 2 2 2 2 2 2 2 2 2 2 2 2 2 2
left_child=1 2 -1 -4 -5 6 10 -8 -9 -7 14 13 -13 15 25 21 17 18 -17 20 -20 -12 -21 -18 -15 26 -2 -27 -29 -30
right_child=5 -3 3 4 -6 9 7 8 -10 -11 11 12 -14 24 -16 16 23 -19 19 22 -22 -23 -24 -25 -26 27 -28 28 29 -31
leaf_value=-0.00027677857427616464 0.014974118503159845 -0.024657846007496119 -0.013042836213627687 0.00739697448889764 0.025747044767965289 -0.0056784697666452328 0.0019509076954089943 0.0055147994986989284 0.042241684198379516 -0.00012011372083560568 -0.002322354803246681 -0.0044722796481383147 0.00050819588216236965 0.010029603821420742 0.00099716665649941935 -0.0016185979250410241 -0.0020367443592047819 -0.00053818198891851824 0.043631761148571972 0.01556072043546711 0.011350548655859063 0.008459221929127141 -0.012389670908451082 0.0033226878672786135 -0.00083015618736001018 0.0022420749885186898 -0.013354540837894162 0.0036237474648983035 -0.0033981155741996285 -0.011159010451936567
leaf_weight=33068 100 25 26 167 34 443 5719 22 20 26246 906 1911 4082 124 1505 73 670 476 81 415 35 169 20 2108 2813 245 54 156 608 623
leaf_count=33068 100 25 26 167 34 443 5719 22 20 26246 906 1911 4082 124 1505 73 670 476 81 415 35 169 20 2108 2813 245 54 156 608 623
internal_value=-1.23419e-12 -0.000240017 -0.000221683 0.00780432 0.010501 0.00016116 0.000595834 0.00210439 0.0230038 -0.000212375 8.97896e-05 0.000516354 -0.00107994 0.00172885 -0.00170966 0.00297439 0.00397283 0.0088791 0.0160628 0.0184053 0.0338917 -0.000627391 0.0142756 0.0020301 -0.000371658 -0.00399061 0.00504069 -0.00484283 -0.00609431 -0.00732585
internal_weight=82944 33320 33295 227 201 49624 22935 5761 42 26689 17174 13883 5993 7890 3291 4953 3878 1100 624 551 116 1075 435 2778 2937 1786 154 1632 1387 1231
internal_count=82944 33320 33295 227 201 49624 22935 5761 42 26689 17174 13883 5993 7890 3291 4953 3878 1100 624 551 116 1075 435 2778 2937 1786 154 1632 1387 1231
is_linear=0
shrinkage=0.05


Tree=160
num_leaves=31
num_cat=0
split_feature=4 5 8 1 4 9 5 5 5 8 0 5 6 3 5 3 6 5 8 4 1 7 0 5 0 1 11 0 5 5
split_gain=1.26645 3.0058 4.24155 4.35602 3.74649 6.7211 10.2222 10.4802 5.58982 5.18326 5.13072 4.59783 6.42512 4.46162 4.25418 4.04078 5.48988 4.69743 3.31958 3.31489 3.19698 3.09256 5.6033 9.23078 3.23025 7.38785 2.92566 2.81105 6.33373 2.97825
threshold=1.3712399539591236 -0.99864169796777025 -1.7404918888887655 -0.084017295637670047 1.5396378430418227 -0.48131095111188943 1.1922423828011943 1.082299156171467 0.30505838731795659 -0.27754979391328816 1.3864946804220966 0.99864169796777091 0.30811198432835407 -0.11102647248217558 1.254328062751503 0.97251985981170652 1.1133806251249947 1.3937669968154378 0.19793268244031401 1.5636946843393513 0.82459029735354694 -0.17427846833443938 0.56568454374444721 0.90745195762283271 -1.0225665607398373 -0.62735561820155727 1.0000000180025095e-35 1.1165315679873022 -1.3293991099845879 -1.3293991099845879
decision_type=2 2 2 2 2 2 2 2 2 2 2 2 2 2 2 2 2 2 2 2 2 2 2 2 2 2 2 2 2 2
left_child=-1 2 19 18 5 -3 7 21 -6 -9 11 -10 13 -13 20 -8 17 -17 26 -2 -14 22 23 24 -7 -26 -4 29 -29 -20
right_child=1 4 3 -5 8 6 15 9 10 -11 -12 12 14 -15 -16 16 -18 -19 27 -21 -22 -23 -24 -25 25 -27 -28 28 -30 -31
leaf_value=-6.6385756795600534e-05 -0.013485657008587504 -4.4381323507227829e-05 0.0084293383992646818 -0.0070559355436894556 0.0023214439508859397 -0.0039543410552845852 -0.0043457173452796328 0.0062091339752078055 -0.00032560967428707413 0.025467155133133176 0.0038851466890487043 -0.015443226038727775 -0.0056644370304914475 -0.0020812755526822316 0.0045223305821823689 0.013408069377950091 -0.004664838155574687 0.00036042555286659034 0.0011718283404397842 -0.0011979097819754057 -0.023913237647238104 0.0022920179951113591 -0.0067829976779952023 0.024541106128054574 0.03787789460271597 0.0049310300739690369 0.0011207566701712678 -0.0090089418426422142 0.022510365527626631 -0.0042647008566046724
leaf_weight=74359 115 1444 199 212 1472 62 285 50 839 116 335 70 33 581 23 151 141 127 462 105 88 341 48 94 20 114 439 28 37 554
leaf_count=74359 115 1444 199 212 1472 62 285 50 839 116 335 70 33 581 23 151 141 127 462 105 88 341 48 94 20 114 439 28 37 554
internal_value=1.53055e-13 0.000575 -0.00104308 -0.000293648 0.00111595 0.00240964 0.00469732 0.00840477 -9.30588e-06 0.0196665 -0.00175175 -0.00290741 -0.00563211 -0.00351804 -0.0151894 0.000247331 0.00337148 0.00744746 0.000540328 -0.00762105 -0.0189363 0.00565152 0.00904085 0.01166 0.00548228 0.00984847 0.00340039 -0.00114767 0.00893282 -0.00179258
internal_weight=82944 8585 2151 1931 6434 2993 1549 845 3441 166 1969 1634 795 651 144 704 419 278 1719 220 121 679 338 290 196 134 638 1081 65 1016
internal_count=82944 8585 2151 1931 6434 2993 1549 845 3441 166 1969 1634 795 651 144 704 419 278 1719 220 121 679 338 290 196 134 638 1081 65 1016
is_linear=0
shrinkage=0.05


Tree=161
num_leaves=31
num_cat=0
split_feature=11 8 1 9 2 12 9 4 8 2 0 1 4 4 9 0 0 7 1 4 2 9 7 0 4 1 9 4 3 8
split_gain=1.26224 7.41587 12.6397 6.42717 13.1634 9.86079 11.1655 18.8416 15.3154 11.9346 10.0968 14.7665 9.53822 13.2569 18.3415 10.2927 33.7122 7.28188 9.22836 10.775 13.6396 7.50768 7.32968 7.25573 9.18192 7.14047 7.10074 17.254 7.6812 9.59662
threshold=-0.76213734878520889 1.0152913959672809 -0.7463449955606104 0.38504876088951162 -0.64129719124911022 -0.6963106238227913 -1.2514084728909125 -0.14434104778517126 -1.7404918888887655 -0.085238074984968035 -0.98494078325691115 -0.10097952670573473 0.67359155633079737 0.76981892152091114 -0.38504876088951151 -0.81977332850747986 -0.90130289352984005 0.50473852548845832 0.75658325704980689 0.24056841297528472 0.81405216879939057 1.0000000180025095e-35 1.0000000180025095e-35 -0.11509293106452743 -0.93821681060361073 1.0725343352449406 -0.19252438044475575 0.96227365190113923 -0.19511879420770448 1.0000000180025095e-35
decision_type=2 2 2 2 2 2 2 2 2 2 2 2 2 2 2 2 2 2 2 2 2 2 2 2 2 2 2 2 2 2
left_child=1 2 -1 4 23 -6 7 10 -9 -10 11 -7 17 14 -14 16 -15 18 -8 22 25 -22 -20 24 -4 -21 28 -28 -17 -30
right_child=-2 -3 3 -5 5 6 12 8 9 -11 -12 -13 13 15 -16 26 -18 -19 19 20 21 -23 -24 -25 -26 -27 27 -29 29 -31
leaf_value=0.0064235233636823069 -0.00013501368318634535 -0.0013988693445022727 0.02919009482563549 -0.00040083792124369366 0.003615130610051376 0.0029633746173795919 0.002188808091699075 0.0059034623497118844 -0.0073728747750826306 -0.021593994899701915 0.00039962926790390634 0.050695705356506207 -0.026431994378517922 0.00040331460247551533 -0.00066915887354974609 0.0027574347575747169 0.073362023234367371 0.005563991098295834 -0.010856923714856663 0.0029927883983442661 -0.024367713603076706 0.0015271254163235428 -0.038361887942100395 0.017377928902050886 0.003326412733348225 0.027785859316428924 -0.008401698587650169 0.0085353289631180003 -0.0013181938431477312 -0.014701157127606182
leaf_weight=921 56076 5275 37 10862 2407 43 2009 139 418 228 447 26 124 76 156 248 20 1194 147 76 57 55 29 161 473 47 233 424 273 263
leaf_count=921 56076 5275 37 10862 2407 43 2009 139 418 228 447 26 124 76 156 248 20 1194 147 76 57 55 29 161 473 47 233 424 273 263
internal_value=-1.61545e-13 0.000281786 0.000692357 0.000437016 0.00136472 0.000868435 -0.000113635 -0.00427407 -0.0091525 -0.0123921 0.00314757 0.0209495 0.000883 -0.00207216 -0.0120784 -0.000249285 0.015603 0.00236875 0.000792261 -0.00603417 0.000971998 -0.0116515 -0.015389 0.0081241 0.0052028 0.0124666 -0.00130537 0.00252874 -0.0045184 -0.00788483
internal_weight=82944 26868 21593 20672 9810 9139 6732 1301 785 646 516 69 5431 1817 280 1537 96 3614 2420 411 235 112 176 671 510 123 1441 657 784 536
internal_count=82944 26868 21593 20672 9810 9139 6732 1301 785 646 516 69 5431 1817 280 1537 96 3614 2420 411 235 112 176 671 510 123 1441 657 784 536
is_linear=0
shrinkage=0.05


Tree=162
num_leaves=31
num_cat=0
split_feature=0 2 9 0 12 4 4 9 3 4 1 9 6 7 4 2 2 3 2 1 4 2 9 4 1 1 1 3 2 9
split_gain=1.2329 3.23644 4.64931 2.14356 3.38343 3.8794 4.37425 9.93436 2.841 2.09194 2.57632 2.06093 1.99071 2.24694 1.9501 2.26704 1.91068 2.87539 1.8633 1.76966 1.7503 1.61686 2.36951 2.31827 1.56483 1.38546 1.35522 8.21751 6.99491 6.77979
threshold=-1.5387088160037437 -0.31378653785074967 -0.6738353315566451 -1.7215955740678106 1.0444659357341872 -0.24056841297528506 -0.38490946076045524 1.0000000180025095e-35 -0.031199335516981234 -0.38490946076045524 -0.36934435082859812 -0.28878657066713359 -1.0580783826696147 0.50473852548845832 -0.74576208022338231 -0.056070289712664985 -0.84550077492262765 -0.51784511108768672 0.26378160296541731 -0.065995452098374471 0.96227365190113923 0.9452029766701463 0.57757314133426751 0.048113682595056877 -0.12958928108601261 -0.2619925182471679 1.897277043084358 2.8203810515138188 1.6501068016329257 1.0000000180025095e-35
decision_type=2 2 2 2 2 2 2 2 2 2 2 2 2 2 2 2 2 2 2 2 2 2 2 2 2 2 2 2 2 2
left_child=1 3 -3 16 9 6 8 -8 25 19 20 -7 14 21 -4 -16 17 -1 -17 -5 -11 22 23 -14 -25 -6 27 -2 -28 -30
right_child=26 2 12 4 5 11 7 -9 -10 10 -12 -13 13 -15 15 18 -18 -19 -20 -21 -22 -23 -24 24 -26 -27 28 -29 29 -31
leaf_value=0.0025534350349041297 8.2726201791010449e-05 -0.0092988810301889713 0.0034778323676437142 0.0028490611691990146 -0.0067056869440113567 -0.0010744517322713526 -0.0057817413856377604 -0.0382698922135839 0.0065566592403179542 -0.0017831079083960506 -0.016988156632018778 0.010657578716105176 -0.0021521337157978846 -0.0070993909428281451 -0.00085061041272378388 -0.02706503051519394 0.00052212122743414244 0.019025668693440301 -0.0075605769098425913 0.017539044859057124 0.012092511757509784 -0.0049714148133061832 0.017800764751530463 0.021247862391173839 0.0052250852580414181 0.00660340890864886 -0.0061451381261576898 0.024669397140250487 -0.013161910707419067 0.00021004816681004083
leaf_weight=109 74442 257 35 301 284 201 82 33 55 250 26 46 103 67 35 25 1470 35 24 22 25 50 31 20 64 21 538 34 97 4162
leaf_count=109 74442 257 35 301 284 201 82 33 55 250 26 46 103 67 35 25 1470 35 24 22 25 50 31 20 64 21 538 34 97 4162
internal_value=2.24499e-12 -0.000895803 -0.00392497 -0.00016819 -0.00164159 -0.0039721 -0.00661502 -0.0151044 -0.00390313 0.00105492 -0.00194404 0.00111046 -0.000882908 0.00109041 -0.00643804 -0.0105697 0.00106056 0.0065571 -0.0175118 0.00384962 -0.000521688 0.00313786 0.00499778 0.00287536 0.00904003 -0.00578932 4.14832e-05 9.39506e-05 -0.000773102 -9.45022e-05
internal_weight=82944 3671 711 2960 1346 722 475 115 360 624 301 247 454 335 119 84 1614 144 49 323 275 268 218 187 84 305 79273 74476 4797 4259
internal_count=82944 3671 711 2960 1346 722 475 115 360 624 301 247 454 335 119 84 1614 144 49 323 275 268 218 187 84 305 79273 74476 4797 4259
is_linear=0
shrinkage=0.05


Tree=163
num_leaves=31
num_cat=0
split_feature=5 8 12 2 2 6 2 4 0 5 3 5 4 4 12 2 12 2 8 4 4 5 0 11 2 4 11 0 2 2
split_gain=1.26238 16.3945 4.9391 2.79196 2.43674 2.78033 1.93879 1.72734 1.72139 1.49328 3.7002 5.9874 14.9016 11.2065 7.18798 5.64712 5.14108 5.13248 4.73371 10.4792 19.8244 48.0464 19.1518 16.5829 13.1009 7.9765 7.26367 12.5647 5.85748 5.44098
threshold=-1.4141003550473299 -1.7404918888887655 0.69631062382279152 -0.39059627803255503 -0.75237011334800286 1.7077461606570974 0.48111875458978398 -0.72170523892585436 0.46183447651909676 -0.36482234569996336 -0.19511879420770448 -0.59600457818367603 -0.81793260411596802 -1.0825578583887812 1.0000000180025095e-35 -0.26135395489559754 -1.0444659357341868 -1.0085395519534146 -0.27754979391328816 -1.4193536365541799 -0.84198944541349652 -0.85925218225375766 1.5862685013415212 1.0801555850332116 -0.15211389960407254 -1.2990694300665375 1.0801555850332116 0.94605603681269745 -0.86102122448344109 -0.69527288554500777
decision_type=2 2 2 2 2 2 2 2 2 2 2 2 2 2 2 2 2 2 2 2 2 2 2 2 2 2 2 2 2 2
left_child=1 -1 4 -4 -3 7 -7 8 -6 10 11 16 13 15 -15 -13 -2 -12 -18 24 21 22 23 -21 26 -25 -20 29 -27 -28
right_child=9 2 3 -5 5 6 -8 -9 -10 -11 17 12 -14 14 -16 -17 18 -19 19 20 -22 -23 -24 25 -26 28 27 -29 -30 -31
leaf_value=-0.015946242480123995 -0.0011206087048935916 0.010297992169953786 0.028020146638154986 0.0084528663971865977 -0.014530914824675112 0.01401570894060627 0.00067723479393559205 0.0013753314314966859 -0.0021004151127130312 0.00015375069244117137 0.016450617983937262 -0.0018181394770935074 0.0002732763067079793 -0.02152506447171313 -0.007083485290582104 -0.013630797888717464 -0.00025809230550015764 -0.0015192738403209608 -0.0027214784296190984 0.010091625950442988 0.00074007330737076269 -0.008382235153628969 -0.001502278949706833 0.0087655610603499506 0.014024871600432193 0.038275489642211565 -0.015125839866084768 0.0017366544871851256 0.021752544554916247 -0.036610646131250299
leaf_weight=119 5209 77 20 206 34 63 48 441 154 48497 40 748 2573 167 178 117 7932 6004 824 922 7281 423 263 68 101 89 79 85 135 47
leaf_count=119 5209 77 20 206 34 63 48 441 154 48497 40 748 2573 167 178 117 7932 6004 824 922 7281 423 263 68 101 89 79 85 135 47
internal_value=1.60508e-12 0.00163644 0.00364251 0.0101845 0.00183286 0.000952031 0.00824772 -0.000335443 -0.00434848 -2.32513e-05 -0.000281147 -3.28289e-05 -0.00187871 -0.00645481 -0.014074 -0.00341592 0.000264852 -0.00140035 0.000660318 0.00136642 0.00192695 0.00647519 0.0107302 0.0133803 -0.00316374 0.0237643 -0.00484109 -0.0131186 0.0283175 -0.02314
internal_weight=82944 1162 1043 226 817 740 111 629 188 81782 33285 27241 3783 1210 345 865 23458 6044 18249 10317 9181 1900 1477 1214 1136 292 1035 211 224 126
internal_count=82944 1162 1043 226 817 740 111 629 188 81782 33285 27241 3783 1210 345 865 23458 6044 18249 10317 9181 1900 1477 1214 1136 292 1035 211 224 126
is_linear=0
shrinkage=0.05


Tree=164
num_leaves=31
num_cat=0
split_feature=1 4 8 3 1 4 3 4 1 5 5 1 7 2 4 5 0 0 5 4 4 4 4 1 5 4 4 5 3 5
split_gain=1.24894 5.86767 4.47714 4.2136 5.75263 3.90112 22.7843 11.5223 9.09565 6.365 5.89088 9.30738 5.73632 7.02334 6.96244 24.8112 26.56 9.53199 8.15207 5.99997 4.18369 3.93127 3.73528 3.52327 3.49319 3.46222 4.27817 3.13979 2.89581 2.75765
threshold=3.0427843480465886 0.74576208022338275 0.74090168677562918 2.8203810515138188 1.8398692159766912 0.31273893686787019 4.0676475521031525 0.505193667248098 4.3806832468255656 1.4032428797398568 1.3293991099845883 3.720430316313958 1.7010387896728181 3.6149727007184782 -0.1683978890826997 1.3494002584220433 2.584352261286655 2.4867904811690109 1.3494002584220433 -0.072170523892585409 0.62547787373574038 -0.36085261946292729 -0.60142103243821221 3.1754622378609842 1.3937669968154378 0.048113682595056877 -0.12028420648764233 1.366818105386481 2.6513772051283193 1.4032428797398568
decision_type=2 2 2 2 2 2 2 2 2 2 2 2 2 2 2 2 2 2 2 2 2 2 2 2 2 2 2 2 2 2
left_child=3 2 5 28 -5 12 8 -8 9 10 -7 20 13 22 18 19 17 -17 -14 -16 27 -20 -2 -3 -25 26 -15 -12 -1 -10
right_child=1 23 -4 4 -6 6 7 -9 29 -11 11 -13 14 25 15 16 -18 -19 21 -21 -22 -23 -24 24 -26 -27 -28 -29 -30 -31
leaf_value=9.678087510502645e-06 0.0042776946294121451 0.0011665471399520846 -0.017282087944850727 0.029058978367935528 0.0030779434001785748 -0.0071701025968650359 0.064299960265105413 0.01252115912336324 -0.024352496198511552 -0.0084426262145015328 0.03009511196985841 0.037152346468677648 0.0077962601957139825 -0.014060509880073369 0.0048703511520712221 0.069514550805091863 -0.0044379603821257862 0.029761517186355044 -0.0039882341713586558 -0.028102630811013486 -0.010521225988244017 -0.020900132626486132 -0.0084493876167760183 -0.018636019747200593 -0.0040117672559738691 -0.0092666009196736773 -0.044819811675697568 0.0035159147828817371 -0.0056087014867871009 -0.0061988632481258651
leaf_weight=80429 125 65 37 22 675 32 22 21 35 55 20 38 159 26 22 25 46 38 289 37 24 39 107 98 70 61 20 25 230 52
leaf_count=80429 125 65 37 22 675 32 22 21 35 55 20 38 159 26 22 25 46 38 289 37 24 39 107 98 70 61 20 25 230 52
internal_value=2.93793e-12 -0.00138873 -0.000128397 2.71069e-05 0.003898 0.000353155 0.00511777 0.0390126 -6.89898e-05 0.00595511 0.0116521 0.0172811 -0.0011999 -0.00647966 0.00153268 0.0103096 0.0244464 0.0455365 -0.00149507 -0.0158076 0.00633755 -0.0059991 -0.00159212 -0.00871815 -0.0125426 -0.0170769 -0.0274341 0.0153289 -6.34278e-06 -0.013502
internal_weight=82944 1588 1355 81356 697 1318 324 43 281 194 139 107 994 339 655 168 109 63 487 59 69 328 232 233 168 107 46 45 80659 87
internal_count=82944 1588 1355 81356 697 1318 324 43 281 194 139 107 994 339 655 168 109 63 487 59 69 328 232 233 168 107 46 45 80659 87
is_linear=0
shrinkage=0.05


Tree=165
num_leaves=31
num_cat=0
split_feature=6 1 3 1 3 5 1 7 0 0 5 4 4 9 4 12 5 4 5 4 6 1 4 4 6 0 3 11 3 4
split_gain=1.18803 5.12695 5.36653 3.78014 2.79641 6.47367 6.58326 5.15943 4.81501 4.81498 21.5434 6.81525 4.59819 7.05413 7.6406 4.44253 9.00885 10.5423 7.36142 7.03523 6.12384 8.20068 6.188 9.76406 25.5107 9.29715 5.67952 5.33933 4.98799 10.1971
threshold=-0.50537016327275397 2.0425026073378567 2.0815005419015571 0.73094927408788346 -0.17998464794094488 -0.1839442457199755 0.52972576445151887 -0.17427846833443938 -1.1242459101625819 -1.0225665607398373 1.0414542967587244 -0.31273893686786985 -0.52925050854562683 -0.48131095111188943 -0.28868209557034147 -1.0444659357341868 -0.90745195762283293 -0.81793260411596802 -1.0414542967587235 0.45707998465304106 1.7077461606570974 -0.7508451109932891 -1.4193536365541799 -0.9141599693060819 1.0000000180025095e-35 0.73739952463444869 -0.68690229877961484 -0.76213734878520889 -1.5868423785307526 -0.096227365190113864
decision_type=2 2 2 2 2 2 2 2 2 2 2 2 2 2 2 2 2 2 2 2 2 2 2 2 2 2 2 2 2 2
left_child=1 2 -1 -4 5 15 -7 -8 12 10 -10 -12 -6 -14 -15 18 19 -18 28 20 22 -22 -17 24 25 -24 -25 -19 29 -2
right_child=4 -3 3 -5 8 6 7 -9 9 -11 11 -13 13 14 -16 16 17 27 -20 -21 21 -23 23 26 -26 -27 -28 -29 -30 -31
leaf_value=-0.00024735121599057025 0.013773883970973727 -0.022865215754136442 -0.0067905190001640997 0.017357378658218781 0.001479382182123682 0.0018654895815785192 0.0050245399205860776 0.040113394223153596 -0.0028984817366877274 -0.00017350446235612233 0.037529340758102769 0.0052849282065163495 -0.0032373647730679837 -0.034188813654085 -0.0068895898877897044 -0.0023667570243931704 -0.0040614144273445844 0.0045448638467603768 0.00099781933149123317 -0.00036386781656104077 0.022550779438267152 0.0051356906073259691 0.010683022906965288 0.0033323727700806092 -0.00041795295042057132 0.025696906483770439 -0.0015019753687046831 -0.00035792729297693944 -0.0045607288069018691 -0.013703013066202403
leaf_weight=33203 104 25 21 71 158 5719 22 20 181 25985 57 23 182 48 55 686 1911 663 1505 2937 75 685 351 1306 568 146 1136 3419 1632 50
leaf_count=33203 104 25 21 71 158 5719 22 20 181 25985 57 23 182 48 55 686 1911 663 1505 2937 75 685 351 1306 568 146 1136 3419 1632 50
internal_value=1.5787e-12 -0.000230932 -0.000213937 0.0118454 0.000155059 0.000559953 0.00201034 0.0217335 -0.000192883 -0.000105632 0.00665173 0.0282591 -0.00536219 -0.00915506 -0.0196116 7.34237e-05 0.00046496 -0.000996474 -0.00157826 0.00157502 0.00272473 0.00685428 0.00197623 0.00282576 0.00682074 0.0150935 0.00108347 0.000438386 -0.00374903 0.00485281
internal_weight=82944 33320 33295 92 49624 22935 5761 42 26689 26246 261 80 443 285 103 17174 13883 5993 3291 7890 4953 760 4193 3507 1065 497 2442 4082 1786 154
internal_count=82944 33320 33295 92 49624 22935 5761 42 26689 26246 261 80 443 285 103 17174 13883 5993 3291 7890 4953 760 4193 3507 1065 497 2442 4082 1786 154
is_linear=0
shrinkage=0.05


Tree=166
num_leaves=31
num_cat=0
split_feature=9 0 0 1 2 1 4 8 1 6 4 7 6 4 4 7 0 6 2 7 2 0 8 4 9 9 2 0 5 3
split_gain=1.23147 5.56942 11.6121 7.35217 5.52349 8.41139 6.87077 7.88075 6.84352 8.10962 7.41985 8.73438 7.90924 6.63246 6.59723 10.2999 6.52553 8.62535 7.94107 9.53763 6.85127 7.88974 7.27988 17.7239 9.99842 6.09281 6.97764 7.06687 5.48661 5.44941
threshold=0.77009752177902324 1.7273137874825626 1.6656405814955708 -0.3946156543864327 -0.62213468932412297 -0.714850047631713 -0.21651157167775612 0.19793268244031401 -0.50050194745252075 -0.50537016327275397 -1.2990694300665375 0.50473852548845832 -0.89145085320788475 -0.81793260411596802 -0.57736419114068327 -0.44226394673424807 0.30657967186768692 -0.50537016327275397 -0.39059627803255503 -0.67395931651126872 -0.36692078595614314 0.57843162249431079 1.0792073135794762 -1.0585010170912528 1.4439328533356688 1.3476706631132906 3.6149727007184782 1.4191099817341657 -1.3494002584220433 -0.7367407717988651
decision_type=2 2 2 2 2 2 2 2 2 2 2 2 2 2 2 2 2 2 2 2 2 2 2 2 2 2 2 2 2 2
left_child=1 2 -1 -3 8 6 -6 -8 10 -10 11 -2 -12 16 15 -15 17 18 19 -7 21 -18 29 -24 -25 26 27 -17 -13 -22
right_child=4 3 -4 -5 5 13 7 -9 9 -11 12 28 -14 14 -16 25 20 -19 -20 -21 22 -23 23 24 -26 -27 -28 -29 -30 -31
leaf_value=-0.00010270857350445234 -0.0019619280465897949 0.00018202466202307154 0.021042209314898804 -0.01338214723627424 0.013548351953580062 0.03399684701431939 0.010987348820925995 -0.002913737232735243 -0.01125786772153742 -0.00204186893503297 -0.0013469688084823683 -0.029619044038382444 0.0047230431706544668 0.0013758363344780833 0.00026697103687341807 -0.0092468944124363787 -0.014438302294862732 0.024962715829085366 0.0023557005337674058 0.0056177761053550065 -0.012476604519670987 0.00027763889878372532 0.0018968527131542263 0.039140393633034926 0.0026857438911166457 -0.0021153162766580371 0.0092380680842325102 -0.024597285145036139 -0.0062186811028843055 0.0015258486672236522
leaf_weight=59495 300 220 65 183 216 47 169 257 327 884 1306 55 911 621 12310 291 142 57 599 80 71 254 236 62 27 321 38 101 46 3253
leaf_count=59495 300 220 65 183 216 47 169 257 327 884 1306 55 911 621 12310 291 142 57 599 80 71 254 236 62 27 321 38 101 46 3253
internal_value=4.75384e-13 -0.00011927 -7.96324e-05 -0.00597739 0.000311204 0.000657804 0.00628423 0.00260101 -0.00142243 -0.00453042 1.52276e-05 -0.0062436 0.00114729 0.000462657 -9.95713e-05 -0.0033883 0.00205595 0.00623399 0.00476355 0.0161203 0.0012472 -0.00499929 0.00192508 0.00906731 0.0280811 -0.00732775 -0.0112189 -0.013202 -0.0189615 0.00122676
internal_weight=82944 59963 59560 403 22981 19152 642 426 3829 1211 2618 401 2217 18510 13682 1372 4828 783 726 127 4045 396 3649 325 89 751 430 392 101 3324
internal_count=82944 59963 59560 403 22981 19152 642 426 3829 1211 2618 401 2217 18510 13682 1372 4828 783 726 127 4045 396 3649 325 89 751 430 392 101 3324
is_linear=0
shrinkage=0.05


Tree=167
num_leaves=31
num_cat=0
split_feature=6 3 5 0 4 4 3 1 2 4 1 4 4 5 5 6 2 4 2 11 0 0 5 11 4 0 1 0 5 4
split_gain=1.24265 7.15721 4.39297 6.85787 8.79717 9.05715 4.7114 4.40709 4.89633 8.05233 5.66621 5.61853 7.22682 9.95115 4.15684 4.07675 8.6615 3.92625 3.79156 7.65258 3.89363 3.71501 28.0957 13.9966 11.123 9.38248 6.80757 4.84338 31.0896 21.4693
threshold=0.30811198432835407 2.525628365157282 -1.0414542967587235 0.077028608076209953 0.072170523892585367 -0.52925050854562683 0.82272587063186975 0.34040592890363669 -0.4375006347899239 -1.5396378430418223 -0.18478251449263597 0.38490946076045557 0.072170523892585367 -1.157767925009574 -1.3494002584220433 1.7077461606570974 0.21904845369222903 1.2509557474714812 -0.61186358945460828 -0.76213734878520889 0.9868369036825142 -0.45565471011027431 1.0414542967587244 -0.76213734878520889 -0.52925050854562683 -0.1736823839766192 0.70581257981802781 0.041510661571337822 1.1210959212062968 -0.26462525427281347
decision_type=2 2 2 2 2 2 2 2 2 2 2 2 2 2 2 2 2 2 2 2 2 2 2 2 2 2 2 2 2 2
left_child=1 -1 3 4 5 -2 7 8 -5 -10 11 12 -11 15 -12 -14 -17 -13 19 -4 -21 22 24 -24 -20 26 -23 28 -27 -30
right_child=2 -3 18 6 -6 -7 -8 -9 9 10 14 17 13 -15 -16 16 -18 -19 21 20 -22 25 23 -25 -26 27 -28 -29 29 -31
leaf_value=-0.0001102801678124734 -0.0083308719277281843 -0.019035624360665679 0.017678548716779412 -0.0014909373516001042 -0.020459599430955197 0.0094838364520692265 -0.0071155457120388749 -0.0086202327413468626 0.012134194604668505 0.0032834919576557836 0.00090452036865409599 -0.0048605741969941583 0.014664196478358161 -0.00063900792684692606 -0.0046553690849507881 0.053172660246491435 0.014185113967235747 0.0062395659924930893 0.010811604969958859 0.0031081190213901092 -0.0083482055948115898 -0.0030978101675444535 0.0056726159838338701 -0.035235876149322463 0.001408731033557529 0.00099645439115260219 -0.026424775327905083 0.00031862045568992295 0.032875301355488773 -0.018658315979215936
leaf_weight=58046 249 50 87 2363 94 100 250 147 171 462 951 241 60 65 520 28 29 119 487 1017 80 1383 30 69 888 1485 32 13289 128 24
leaf_count=58046 249 50 87 2363 94 100 250 147 171 462 951 241 60 65 520 28 29 119 487 1017 80 1383 30 69 888 1485 32 13289 128 24
internal_value=1.87496e-12 -0.000126568 0.000295923 -0.000902273 -0.00688308 -0.00322637 -0.00041217 -8.71417e-05 0.00016328 0.00164057 0.000915559 0.00381136 0.00660791 0.0150468 -0.00106091 0.0237612 0.0333369 -0.00119136 0.000664798 0.00340467 0.00227265 0.000482704 0.00288678 -0.0228394 0.00473906 0.00026585 -0.00362535 0.000634739 0.00320096 0.0247384
internal_weight=82944 58096 24848 5849 443 349 5406 5156 5009 2646 2475 1004 644 182 1471 117 57 360 18999 1184 1097 17815 1474 99 1375 16341 1415 14926 1637 152
internal_count=82944 58096 24848 5849 443 349 5406 5156 5009 2646 2475 1004 644 182 1471 117 57 360 18999 1184 1097 17815 1474 99 1375 16341 1415 14926 1637 152
is_linear=0
shrinkage=0.05


Tree=168
num_leaves=31
num_cat=0
split_feature=5 8 12 2 2 6 2 4 0 2 5 3 5 4 4 2 2 12 0 8 4 4 5 0 11 2 4 11 0 3
split_gain=1.22326 14.3471 4.33851 2.47434 2.28278 2.50535 1.66697 1.57621 1.59596 1.37903 1.24931 3.12322 5.23108 12.9612 10.202 6.05303 4.67174 4.15303 4.03762 3.88244 9.22935 16.7399 41.1703 16.2769 13.5832 11.0413 7.29081 6.51982 11.0823 4.97275
threshold=-1.4141003550473299 -1.7404918888887655 0.69631062382279152 -0.3572685525990143 -0.75237011334800286 1.7077461606570974 0.48111875458978398 -0.72170523892585436 0.46183447651909676 -0.9276586014370084 -0.36482234569996336 -0.19511879420770448 -0.59600457818367603 -0.81793260411596802 -1.3231262713640659 0.064733281979409543 -1.0085395519534146 -1.0444659357341868 0.79330981145986013 -0.27754979391328816 -1.4193536365541799 -0.84198944541349652 -0.85925218225375766 1.5862685013415212 1.0801555850332116 -0.15211389960407254 -1.3471831126615943 1.0801555850332116 0.84254034633363084 -0.60113168818420892
decision_type=2 2 2 2 2 2 2 2 2 2 2 2 2 2 2 2 2 2 2 2 2 2 2 2 2 2 2 2 2 2
left_child=1 9 4 -4 -3 7 -7 8 -6 -1 11 12 17 14 -14 -16 -13 18 -2 -19 25 22 23 24 -22 27 -26 -21 -29 -28
right_child=10 2 3 -5 5 6 -8 -9 -10 -11 -12 16 13 -15 15 -17 -18 19 -20 20 21 -23 -24 -25 26 -27 29 28 -30 -31
leaf_value=-0.011292464725942497 -0.00031238896246949281 0.0099848025272805969 0.025550082055005158 0.007900772729543877 -0.013921146335847238 0.013212799031050907 0.0008446669176919386 0.0013509744705878888 -0.0019520946228030055 -0.023010115118490326 0.00013901033615114212 0.015743865855038168 -0.00090977488554522604 0.0002509902232037158 -0.0089009384532474679 -0.028293089975797853 -0.0014004855053318388 -0.00022869807015571929 -0.0038255699712197127 -0.0025406308978484591 0.0093535174334491451 0.00067791019732810285 -0.0078052257451456681 -0.0013902753226798978 0.0016048133406095591 0.01277084646707327 0.031979634312372052 -0.024349608170998165 -0.0014108577258990741 0.017957212453953517
leaf_weight=83 4193 77 22 204 34 63 48 441 154 36 48497 40 540 2573 627 43 6004 7932 1016 824 922 7281 423 263 39 101 124 101 110 129
leaf_count=83 4193 77 22 204 34 63 48 441 154 36 48497 40 540 2573 627 43 6004 7932 1016 824 922 7281 423 263 39 101 124 101 110 129
internal_value=-2.16309e-13 0.00161088 0.00348751 0.00961885 0.00179145 0.000938903 0.00786442 -0.000283246 -0.00411671 -0.0148373 -2.28882e-05 -0.000258778 -3.064e-05 -0.00175601 -0.00602378 -0.0101455 -0.00128702 0.000247605 -0.000997624 0.000603043 0.00124251 0.00176855 0.00594802 0.00988683 0.0123299 -0.00300892 0.0217279 -0.00454878 -0.012391 0.0248299
internal_weight=82944 1162 1043 226 817 740 111 629 188 119 81782 33285 27241 3783 1210 670 6044 23458 5209 18249 10317 9181 1900 1477 1214 1136 292 1035 211 253
internal_count=82944 1162 1043 226 817 740 111 629 188 119 81782 33285 27241 3783 1210 670 6044 23458 5209 18249 10317 9181 1900 1477 1214 1136 292 1035 211 253
is_linear=0
shrinkage=0.05


Tree=169
num_leaves=31
num_cat=0
split_feature=1 4 4 3 7 4 5 4 0 5 3 5 4 5 5 5 4 0 4 0 4 3 1 5 1 5 4 3 5 4
split_gain=1.2178 5.25135 4.05692 16.0272 9.30661 11.152 16.8742 6.48677 5.24186 5.13966 7.01099 10.8734 9.55258 15.956 13.4175 8.09558 21.4942 5.35813 4.95245 4.09818 3.77822 3.70565 5.20199 3.5851 3.17704 3.14848 2.98549 2.63775 3.55803 4.07463
threshold=3.0427843480465886 0.74576208022338275 0.36085261946292707 4.0676475521031525 -0.081021797575299523 -0.096227365190113864 1.366818105386481 -0.72170523892585436 2.4867904811690109 1.4100253104837923 3.3794542420997158 1.3816171070223859 -0.45707998465304106 1.3494002584220433 1.3937669968154378 1.3494002584220433 -0.14434104778517126 2.0852076738313352 -0.12028420648764233 1.4191099817341657 -0.48113682595056956 2.8203810515138188 1.8398692159766912 1.254328062751503 3.1754622378609842 1.3937669968154378 0.072170523892585367 2.2740615210686115 1.3293991099845883 0.55330734984315499
decision_type=2 2 2 2 2 2 2 2 2 2 2 2 2 2 2 2 2 2 2 2 2 2 2 2 2 2 2 2 2 2
left_child=21 2 4 8 5 19 -7 -6 27 10 12 15 -9 17 -15 18 20 23 -12 -2 -17 -1 -23 -14 -3 -26 -11 -4 -29 -30
right_child=1 24 3 -5 7 6 -8 9 -10 26 11 -13 13 14 -16 16 -18 -19 -20 -21 -22 22 -24 -25 25 -27 -28 28 29 -31
leaf_value=-4.6019430376721665e-06 -0.019289101021630423 0.001081324877539793 -0.0063252516613075786 0.037866638518982768 -0.0044178758377913093 -0.047492613075062251 -0.0080506036921372919 0.037129476643796712 -0.009217290145474984 0.0010480840250172399 0.0063814883702434603 -0.020062627210628559 -0.014223966214128518 0.054218618557430237 0.010754397318565421 0.01180943753803149 0.054179944273912241 -0.026570449955761435 -0.026195166641846304 0.0012146942670911581 -0.018924172958359124 0.027583335069092836 0.0028770305081798819 0.011534055285238928 -0.017721759146364518 -0.0038378146259180675 -0.018778009609929449 -0.010410612020641566 0.021019481787354584 0.0022074928436920326
leaf_weight=80659 28 65 35 33 275 39 89 37 86 55 28 47 22 26 56 20 27 24 20 188 20 22 675 35 98 70 29 20 63 53
leaf_count=80659 28 65 35 33 275 39 89 37 86 55 28 47 22 26 56 20 27 24 20 188 20 22 675 35 98 70 29 20 63 53
internal_value=1.45648e-12 -0.00137131 -0.000179002 0.00506393 -0.00160666 -0.0083734 -0.0200681 0.00162186 0.000851912 0.00534591 0.00793147 0.000199992 0.014194 0.00898776 0.0245357 0.00848124 0.0197099 -0.00675217 -0.00719212 -0.00144321 -0.00355737 2.67668e-05 0.00365686 0.00159236 -0.00830512 -0.0119368 -0.00579664 0.00591596 0.00906627 0.0124243
internal_weight=82944 1588 1355 290 1065 344 128 721 257 446 362 162 200 163 82 115 67 81 48 216 40 81356 697 57 233 168 84 171 136 116
internal_count=82944 1588 1355 290 1065 344 128 721 257 446 362 162 200 163 82 115 67 81 48 216 40 81356 697 57 233 168 84 171 136 116
is_linear=0
shrinkage=0.05


Tree=170
num_leaves=31
num_cat=0
split_feature=11 8 1 4 3 1 0 3 1 0 6 4 4 9 2 0 3 0 2 6 0 0 3 1 2 2 9 7 4 4
split_gain=1.2176 6.94332 10.631 5.99478 15.4346 14.7861 8.2066 6.3564 8.89599 10.5874 8.46288 6.08048 13.09 8.85441 8.28917 10.5579 5.97963 5.81669 5.7118 7.79305 7.46491 6.2256 6.8206 7.70386 6.9557 6.71942 6.42841 8.9589 6.58145 9.28899
threshold=-0.76213734878520889 1.0152913959672809 -0.76161725216138931 -0.84198944541349652 1.3589231993094233 -0.52481797240043504 0.097081496934734154 0.43998490396856466 0.59909873045822437 -0.12700209531285983 -0.50537016327275397 -0.31273893686786985 0.38490946076045557 0.86635971200140116 0.24827907022911186 0.15627994228345007 0.4105327359637248 0.30657967186768692 1.1451585094059495 1.7077461606570974 1.3243607389875878 1.3243607389875878 0.47181729978982057 0.52972576445151887 0.0095706452151017914 0.39009691172712807 -0.19252438044475575 -0.67395931651126872 0.98633049319866772 1.2750125887690096
decision_type=2 2 2 2 2 2 2 2 2 2 2 2 2 2 2 2 2 2 2 2 2 2 2 2 2 2 2 2 2 2
left_child=1 2 -1 4 5 6 -3 8 10 -10 -5 14 13 17 -9 -16 -7 -13 19 21 -21 22 23 25 -24 -4 27 -26 -28 -30
right_child=-2 3 18 7 -6 16 -8 11 9 -11 -12 12 -14 -15 15 -17 -18 -19 -20 20 -22 -23 24 -25 26 -27 28 -29 29 -31
leaf_value=0.0062544700087703358 -0.00013260491630266006 0.026167840267607313 6.9452585874323636e-05 -0.0042515869641739914 0.043826750598170539 -0.0062815440045497608 0.0022336530425245802 0.022232680725865067 0.00045845477716819223 0.023661192983098621 0.00090604790705573726 -0.018045657321595677 -0.0042743348732971849 -0.0096753071035020691 -0.014036906993772726 0.0090595683189452214 0.0030698447138482673 -0.045749097093939789 -0.0014706398828593873 0.0074401264394294815 0.00080517130218724748 -0.0036740685720328724 0.0068126153654933718 -0.004537476368197943 -0.023926879983385638 0.0051541386368699135 0.0013380195899469665 -0.0014190078749483552 0.01108297596864523 -0.0053015570984412501
leaf_weight=821 56076 83 9221 1613 22 348 63 40 136 77 1569 36 620 94 101 97 336 40 3253 825 872 859 740 848 48 699 2332 560 405 110
leaf_count=821 56076 83 9221 1613 22 348 63 40 136 77 1569 36 620 94 101 97 336 40 3253 825 872 859 740 848 48 699 2332 560 405 110
internal_value=2.31365e-12 0.000276759 0.000674033 -0.00134947 0.002491 0.00139535 0.0158401 -0.00208926 -0.00104623 0.0088463 -0.00170843 -0.00553387 -0.00764452 -0.0199358 0.00147209 -0.00272197 -0.00168788 -0.0326264 0.00045347 0.000810747 0.00403077 0.000465381 0.00070302 3.67185e-05 0.00241332 0.000427738 0.00147107 -0.00319595 0.00246775 0.00758337
internal_weight=82944 26868 21593 5275 852 830 146 4423 3395 213 3182 1028 790 170 238 198 684 76 20772 17519 1697 15822 14963 10768 4195 9920 3455 608 2847 515
internal_count=82944 26868 21593 5275 852 830 146 4423 3395 213 3182 1028 790 170 238 198 684 76 20772 17519 1697 15822 14963 10768 4195 9920 3455 608 2847 515
is_linear=0
shrinkage=0.05


Tree=171
num_leaves=31
num_cat=0
split_feature=4 2 2 4 5 5 8 2 1 1 8 3 6 5 4 2 0 2 5 8 4 2 2 5 8 10 1 0 0 1
split_gain=1.2426 5.45612 1.94735 2.00077 9.17187 16.7388 7.79905 6.48363 5.15886 4.08567 4.06264 3.65378 4.60458 4.3578 3.61757 3.60761 3.17108 6.57616 6.05048 4.05333 3.13591 3.09057 2.87895 5.26067 2.75432 3.53977 2.51986 2.49777 2.49273 2.41593
threshold=1.3712399539591236 -1.5003388811877232 3.2858080162893386 1.5155810017442943 0.85925218225375766 1.1922423828011943 1.0000000180025095e-35 -0.68346535649133677 -0.23639092638522427 -0.21570989834759666 1.0152913959672809 0.97251985981170652 1.1133806251249947 1.3937669968154378 1.3952967952566522 1.6501068016329257 0.021646708491936072 0.27755279788809928 -0.42390874111029003 0.74090168677562918 1.4674673191492373 -0.35179893282771774 0.1113257191213794 0.95394520574413566 -1.7404918888887655 1.0000000180025095e-35 1.0725343352449406 -0.027346946039007437 1.4191099817341657 0.65272054699695425
decision_type=2 2 2 2 2 2 2 2 2 2 2 2 2 2 2 2 2 2 2 2 2 2 2 2 2 2 2 2 2 2
left_child=-1 -2 3 4 7 6 22 8 24 -5 14 15 13 28 -8 26 18 -18 19 -9 -16 -11 -6 -24 -3 -26 29 -22 -13 -7
right_child=1 2 -4 9 5 11 10 16 -10 21 -12 12 -14 -15 20 -17 17 -19 -20 -21 27 -23 23 -25 25 -27 -28 -29 -30 -31
leaf_value=-6.5757774375028104e-05 -0.015128097391941332 -0.0078348515621062525 0.014893237734213471 0.0011972513437725524 0.013774894655216486 0.0010628824883669214 0.0083721332764253014 -0.0040461484804726559 0.029721845872700214 -0.0087688329786058585 0.010019111207553319 0.0097719402906974572 -0.004416370652263843 0.00028830868636511945 0.034054732784725629 -0.018051118134753779 0.0033018306182956004 -0.01177049628746449 -0.00043142092775841356 -0.014211821559225568 0.028307398767875774 -0.0011577074372138803 0.015608907703426668 -0.0095684554663652537 0.0022501204652765213 0.011987061536727617 0.0071794954066341432 0.0063255962605277705 0.025680716125520343 -0.011992392950924115
leaf_weight=74359 55 46 24 2992 55 74 30 264 20 143 77 97 119 110 77 40 565 83 813 156 28 1982 32 59 331 130 58 24 33 68
leaf_count=74359 55 46 24 2992 55 74 30 264 20 143 77 97 119 110 77 40 565 83 813 156 28 1982 32 59 331 130 58 24 33 68
internal_value=4.85372e-13 0.000569561 0.000670777 0.000630648 0.00157292 0.0056482 0.0138268 -8.73122e-05 0.00481431 6.57744e-06 0.0194461 0.000432461 0.00362537 0.00761273 0.0240113 -0.0043436 -0.0014606 0.00137127 -0.00294888 -0.00782197 0.0276483 -0.00166989 0.0047436 -0.000714877 0.00383176 0.0049959 -0.00160209 0.018162 0.0138103 -0.00518894
internal_weight=82944 8585 8530 8506 3389 981 382 2408 527 5117 236 599 359 240 159 240 1881 648 1233 420 129 2125 146 91 507 461 200 52 130 142
internal_count=82944 8585 8530 8506 3389 981 382 2408 527 5117 236 599 359 240 159 240 1881 648 1233 420 129 2125 146 91 507 461 200 52 130 142
is_linear=0
shrinkage=0.05


Tree=172
num_leaves=31
num_cat=0
split_feature=9 0 0 2 6 2 4 0 6 0 4 8 0 9 4 2 2 0 7 4 7 3 7 4 7 2 3 2 0 7
split_gain=1.19577 4.8586 9.86622 4.96056 7.54824 4.82085 5.83406 6.49682 7.12548 8.25965 7.31952 7.09223 7.63313 6.213 7.60161 11.9805 11.5956 7.56724 7.18417 6.24347 6.85596 6.05089 5.98546 5.45043 8.74849 5.42767 4.88154 4.85518 7.07437 4.51237
threshold=0.77009752177902324 1.7273137874825626 1.6656405814955708 -0.20923164933329108 1.7077461606570974 -0.62213468932412297 -0.81793260411596802 0.30657967186768692 -0.50537016327275397 1.0000000180025095e-35 -1.3712399539591229 -1.0174668528432229 0.57843162249431079 1.1551462826685348 -1.5396378430418223 2.5083282097764625 0.8739712444562644 0.39239371894079061 -0.67395931651126872 -1.0825578583887812 -0.17427846833443938 3.3794542420997158 -0.67395931651126872 -0.57736419114068327 -0.44226394673424807 0.038599347658847788 1.9092313060998976 1.6024442575803992 0.9868369036825142 1.0000000180025095e-35
decision_type=2 2 2 2 2 2 2 2 2 2 2 2 2 2 2 2 2 2 2 2 2 2 2 2 2 2 2 2 2 2
left_child=1 2 -1 -3 -5 -2 7 8 9 -7 -11 12 -9 14 18 16 17 22 -13 -18 -21 -15 -16 24 25 -8 -10 -14 -29 -26
right_child=5 3 -4 4 -6 6 23 11 26 10 -12 13 27 21 15 -17 19 -19 -20 20 -22 -23 -24 -25 29 -27 -28 28 -30 -31
leaf_value=-0.00010177768794960169 -0.0013129530914152315 -0.0014303638455985916 0.019388847096751517 0.00021066997395527941 -0.022848405697977688 -0.00095159136737033132 0.010105660874691702 -0.031216088682413101 0.010208569251699374 0.001514690962930827 0.014459628087806179 0.0034149801224526589 -0.0004319925014802606 0.0012896649635887058 -0.0060013270400910796 -0.012373348177390416 0.0071030751949145493 0.0022382628954281765 0.019240956848997411 0.012494054808350349 0.038010482260814084 -0.0083717696249401476 -0.038557815924286844 0.0004387261696090588 -0.010286095190067571 -0.00099613525153806554 0.039696255326271059 0.0067749963326872711 -0.020778098641391341 -0.0025957926491566087
leaf_weight=59495 3829 258 65 62 83 348 142 24 32 182 273 132 509 1920 48 115 273 483 157 81 39 177 20 12811 383 490 25 34 74 380
leaf_count=59495 3829 258 65 62 83 348 142 24 32 182 273 132 509 1920 48 115 273 483 157 81 39 177 20 12811 383 490 25 34 74 380
internal_value=1.02006e-12 -0.000117529 -8.05069e-05 -0.00558906 -0.0129887 0.000306661 0.000630466 0.00210943 0.00605939 0.00484682 0.00928165 0.00127806 -0.00355117 0.00217662 0.004825 0.00286354 0.00471973 3.96751e-05 0.0120125 0.0112813 0.0207869 0.000474179 -0.0155768 0.000115546 -0.00285239 0.00149826 0.0231418 -0.00247506 -0.012104 -0.00645606
internal_weight=82944 59963 59560 403 145 22981 19152 4946 860 803 455 4086 641 3445 1348 1059 944 551 289 393 120 2097 68 14206 1395 632 57 617 108 763
internal_count=82944 59963 59560 403 145 22981 19152 4946 860 803 455 4086 641 3445 1348 1059 944 551 289 393 120 2097 68 14206 1395 632 57 617 108 763
is_linear=0
shrinkage=0.05


Tree=173
num_leaves=31
num_cat=0
split_feature=6 3 5 0 4 4 3 1 6 4 4 6 5 1 1 5 0 5 4 4 4 4 5 4 5 1 0 0 1 0
split_gain=1.1985 6.41009 3.74206 6.17206 7.90486 8.15869 4.24309 3.84326 4.12724 7.89411 7.00932 7.97664 5.12452 11.5107 4.74181 4.21483 4.06457 3.79036 4.65345 8.06286 6.61833 9.92252 10.4122 8.54822 5.45231 4.65214 4.37343 3.43778 3.07702 3.69208
threshold=0.30811198432835407 2.525628365157282 -1.0414542967587235 0.077028608076209953 0.072170523892585367 -0.52925050854562683 0.82272587063186975 0.34040592890363669 1.1133806251249947 0.57736419114068349 -0.14434104778517126 1.7077461606570974 -1.157767925009574 -0.22258793741949104 -1.0051512700193137 -1.3668181053864807 1.4479213173332186 -1.4032428797398566 -1.3952967952566515 -0.81793260411596802 -0.26462525427281347 0.096227365190113837 -1.3293991099845879 -0.57736419114068327 -1.3668181053864807 -0.28303422099422554 1.0526555900914161 1.761268499712193 0.090948298652922574 1.8177858471927231
decision_type=2 2 2 2 2 2 2 2 2 2 2 2 2 2 2 2 2 2 2 2 2 2 2 2 2 2 2 2 2 2
left_child=1 -1 3 4 5 -2 7 8 14 10 -10 15 13 -13 -5 -12 -15 -16 26 -20 23 22 -22 24 -21 -24 -19 -17 29 -8
right_child=2 -3 -4 6 -6 -7 28 -9 9 -11 11 12 -14 16 17 27 -18 18 19 20 21 -23 25 -25 -26 -27 -28 -29 -30 -31
leaf_value=-0.00010888485807256814 -0.007867542380085522 -0.018019239226356148 0.00063107003567013109 -0.018925805202452468 -0.019358702560891696 0.0090405012655246537 -0.014265104774220626 -0.0080104217636691993 0.0012769844040589516 -0.0019564790692748152 -0.010423040542558864 0.033276688123172887 0.0011977470039068175 -0.010093406154571669 0.0030828026156273806 0.00071030762700003487 0.012586593117718751 -0.0061989350313193759 -0.014248374428389072 0.014079659175127747 -0.0045177512518536772 -0.0016542118908101173 -0.022272976883687082 0.017505644182308336 -0.014247266586237359 -0.053846503756940368 0.013515640975525364 0.014484794367308497 0.00088096123544001502 0.0054114128595442873
leaf_weight=58046 249 50 18999 40 94 100 134 147 1581 1276 58 73 68 23 350 155 140 44 160 25 63 621 28 89 53 20 78 64 87 29
leaf_count=58046 249 50 18999 40 94 100 134 147 1581 1276 58 73 68 23 350 155 140 44 160 25 63 621 28 89 53 20 78 64 87 29
internal_value=-3.50533e-12 -0.000124299 0.000290619 -0.000815252 -0.00648913 -0.00302283 -0.0003503 -4.18487e-05 0.000192006 0.0011622 0.00300283 0.00769915 0.0132915 0.0167762 -0.00193119 0.00156169 0.00938635 -0.00148717 -0.00284153 -0.00390681 -0.00206626 -0.00411538 -0.0178846 0.0069155 -0.00516812 -0.0354286 0.00640547 0.00473573 -0.0067118 -0.0107644
internal_weight=82944 58096 24848 5849 443 349 5406 5156 5009 3438 2162 581 304 236 1571 277 163 1531 1181 1059 899 732 111 167 78 48 122 219 250 163
internal_count=82944 58096 24848 5849 443 349 5406 5156 5009 3438 2162 581 304 236 1571 277 163 1531 1181 1059 899 732 111 167 78 48 122 219 250 163
is_linear=0
shrinkage=0.05


Tree=174
num_leaves=31
num_cat=0
split_feature=4 3 5 4 7 8 5 2 5 12 5 12 7 0 0 2 5 5 2 8 8 8 0 2 1 12 11 5 2 5
split_gain=1.21611 5.25027 3.68484 10.4007 12.6696 12.4282 10.5611 8.48251 7.97596 16.7707 21.0733 8.20024 8.36508 9.53445 7.27539 6.93258 6.84719 6.38504 12.5958 7.09223 5.97053 5.66471 5.19494 5.11318 6.44648 4.95309 10.9679 4.80707 5.15226 4.748
threshold=-1.1547283822813665 -1.7429568667747837 0.53960840463842696 -1.4434104778517083 -0.74611299300944822 1.0152913959672809 1.3937669968154378 2.5083282097764625 1.1577679250095743 -0.6963106238227913 1.2818148012906689 1.0000000180025095e-35 1.7010387896728181 2.584352261286655 1.761268499712193 -0.27935668852473466 1.3293991099845883 1.2818148012906689 0.35865906613106963 1.0000000180025095e-35 -1.0174668528432229 1.0000000180025095e-35 -1.0639305915076334 -0.53702592492332035 -0.8215407380635501 1.392621247645583 1.0801555850332116 1.3816171070223859 0.81405216879939057 0.99864169796777091
decision_type=2 2 2 2 2 2 2 2 2 2 2 2 2 2 2 2 2 2 2 2 2 2 2 2 2 2 2 2 2 2
left_child=1 -1 23 4 16 6 7 17 20 10 -10 12 -11 -14 -12 -7 -4 18 19 -5 29 -20 -21 -3 -25 -26 -27 28 -13 -6
right_child=-2 2 3 5 8 15 -8 -9 9 11 14 27 13 -15 -16 -17 -18 -19 21 22 -22 -23 -24 24 25 26 -28 -29 -30 -31
leaf_value=-0.018079169848490329 8.566173800713501e-05 -0.00079433658709609015 -0.0097828868844598814 -0.0078346251098694638 0.01063855753749229 0.015869717901853923 0.0032906337869949205 -0.021969129720342942 0.051812835802074256 -0.01329754652919333 0.022467120231001402 0.0030460146269881139 0.016168785810250007 -0.010493956844099254 -0.0045112077448498083 0.00061854506931783887 0.0028072289517455688 -0.00033723124498034228 -0.020834322025835076 -0.012666741080108665 -0.0028025557111960235 -0.0098353849780097157 0.0042192437228865927 0.018509246551963902 0.0017627467377076677 -0.0015000821532928112 -0.040425278483466671 0.00036682974525534782 0.01406315154076577 -0.0044108704663813119
leaf_weight=42 69109 4888 373 477 174 90 301 88 41 131 51 189 76 60 49 433 152 380 187 54 769 313 291 56 3492 102 22 237 242 75
leaf_count=42 69109 4888 373 477 174 90 301 88 41 131 51 189 76 60 49 433 152 380 187 54 769 313 291 56 3492 102 22 237 242 75
internal_value=1.29864e-12 -0.0004279 -0.000374152 -0.00141938 0.000807576 -0.0036506 -0.00537483 -0.00683198 0.00254888 0.0055504 0.0216248 0.00312634 -0.00428011 0.00440581 0.00924774 0.00324303 -0.00613775 -0.00604933 -0.00769124 -0.00388482 -0.000623646 -0.013949 0.00157622 0.00026483 0.00167475 0.00141403 -0.00840617 0.0060867 0.00923197 0.0061056
internal_weight=82944 13835 13793 5233 2619 2614 2091 1790 2094 1076 141 935 267 136 100 523 525 1702 1322 822 1018 500 345 8560 3672 3616 124 668 431 249
internal_count=82944 13835 13793 5233 2619 2614 2091 1790 2094 1076 141 935 267 136 100 523 525 1702 1322 822 1018 500 345 8560 3672 3616 124 668 431 249
is_linear=0
shrinkage=0.05


Tree=175
num_leaves=31
num_cat=0
split_feature=4 2 1 0 1 12 12 3 2 2 4 12 4 7 0 5 4 4 5 3 0 0 4 4 5 4 4 4 4 3
split_gain=1.15439 4.89691 1.87993 12.4057 5.9766 6.81415 5.52091 5.43556 7.77702 4.72475 7.85542 10.6968 10.1223 11.0164 4.32132 4.24926 5.24491 4.49067 4.12317 10.1119 5.06345 9.54299 3.83704 3.75146 8.12061 5.56756 5.09666 7.16931 6.24913 13.4252
threshold=1.3712399539591236 -1.5003388811877232 1.8398692159766912 2.0852076738313352 1.6813081811486768 0.34815531191139576 1.0444659357341872 2.2740615210686115 1.8424040029399926 1.6501068016329257 0.38490946076045557 -1.0444659357341868 -0.76981892152091091 -0.17427846833443938 1.4721067524514158 1.4100253104837923 -0.9141599693060819 -0.67359155633079704 0.99864169796777091 0.94730973606102398 1.0372302355971452 0.57843162249431079 0.69764839762832587 0.96227365190113923 1.366818105386481 1.2750125887690096 0.81793260411596835 0.74576208022338275 0.36085261946292707 4.0676475521031525
decision_type=2 2 2 2 2 2 2 2 2 2 2 2 2 2 2 2 2 2 2 2 2 2 2 2 2 2 2 2 2 2
left_child=2 -2 3 4 7 -6 9 -1 -9 10 12 -12 -4 14 -14 16 -7 -18 20 -20 21 -11 -8 26 25 -25 27 28 -21 -30
right_child=1 -3 6 -5 5 15 22 8 -10 18 11 -13 13 -15 -16 -17 17 -19 19 23 -22 -23 -24 24 -26 -27 -28 -29 29 -31
leaf_value=-4.2859886811088895e-05 -0.014322500731796027 0.00064486200964991049 0.0014033615011149986 0.029344879944498345 0.0017142525393485067 0.0074018325501432024 -0.032824330795185895 -0.0029703312174899988 -0.027606415090018085 -0.020583674656227232 0.025246177601795167 -0.0027801799432775475 -0.014741124785153792 -0.00095361895201837325 -0.033243539522831829 -0.0021292973283561878 0.045395989751531966 0.018000725720776246 0.01681566028842512 -0.0007806635829195166 -0.018907958319381118 0.02826044441200793 -0.006319824129524124 -0.021215944601378094 -0.00024167965712605798 0.0048672150874223847 0.01106436037009449 -0.012733592640463299 0.0031045381435527764 0.03592545214588895
leaf_weight=68724 55 8530 114 36 651 81 22 135 42 20 39 268 53 68 78 40 21 52 88 2496 63 20 36 96 285 26 105 109 558 33
leaf_count=68724 55 8530 114 36 651 81 22 135 42 20 39 268 53 68 78 40 21 52 88 2496 63 20 36 96 285 26 105 109 558 33
internal_value=2.39524e-12 0.000548973 -6.33808e-05 1.00538e-06 -1.41407e-05 0.00416534 -0.00104503 -6.53977e-05 -0.00881618 -0.000848295 -0.00490262 0.000780172 -0.0104765 -0.017282 -0.0257578 0.0123904 0.0161617 0.0258816 -0.000203595 6.42383e-05 -0.0100744 0.00383838 -0.0163733 -0.000333314 -0.00486256 -0.0156572 0.000225123 -0.000130984 0.000314006 0.00493718
internal_weight=82944 8585 74359 69782 69746 845 4577 68901 177 4519 620 307 313 199 131 194 154 73 3899 3796 103 40 58 3708 407 122 3301 3196 3087 591
internal_count=82944 8585 74359 69782 69746 845 4577 68901 177 4519 620 307 313 199 131 194 154 73 3899 3796 103 40 58 3708 407 122 3301 3196 3087 591
is_linear=0
shrinkage=0.05


Tree=176
num_leaves=31
num_cat=0
split_feature=11 8 1 3 9 2 12 9 4 8 2 0 1 4 4 5 0 0 5 0 8 4 5 0 2 2 7 1 4 2
split_gain=1.10719 6.37865 9.67306 6.15467 5.11669 11.4331 8.1519 10.0777 17.2602 13.8659 10.6388 9.08825 13.3193 8.34228 11.9123 16.677 9.33793 22.3309 6.56567 8.24274 6.33166 6.85125 9.35649 7.91244 7.03452 6.94546 6.26416 8.24506 9.70806 12.2285
threshold=-0.76213734878520889 1.0152913959672809 -0.70980694792698396 -1.4089851800967199 0.38504876088951162 -0.6362930140224613 -0.6963106238227913 -1.2514084728909125 -0.14434104778517126 -1.7404918888887655 -0.10921722477236269 -0.98494078325691115 -0.10097952670573473 0.67359155633079737 0.76981892152091114 0.80943899875565395 -0.76955154078826493 -0.90130289352984005 0.65128935879477212 -0.11509293106452743 1.0000000180025095e-35 1.0585010170912532 0.99864169796777091 -0.15534822052745847 0.75784785297978485 0.02809530469763202 0.50473852548845832 0.75658325704980689 0.24056841297528472 0.81405216879939057
decision_type=2 2 2 2 2 2 2 2 2 2 2 2 2 2 2 2 2 2 2 2 2 2 2 2 2 2 2 2 2 2
left_child=1 2 3 -1 5 18 -7 8 11 -10 -11 12 -8 26 15 -15 17 -16 19 -4 -18 23 24 -22 -23 -24 27 -9 -29 -30
right_child=-2 -3 4 -5 -6 6 7 13 9 10 -12 -13 -14 14 16 -17 20 -19 -20 -21 21 22 25 -25 -26 -27 -28 28 29 -31
leaf_value=0.028308866405859591 -0.00012644950435421694 -0.001294786026519053 0.0029261580015058986 0.0045693834019522352 -0.00035371021839837195 0.0032820705362218436 0.0028400958640241 0.0020918512573061972 0.0056202646338151425 -0.0066499671355722744 -0.019806137037927316 0.0004197479689982981 0.048173117164808973 -0.025105586888258265 0.00037866858441460262 -0.0005395656478074857 0.0022509887188273564 0.053407349327096232 0.026177816370295155 0.016763640348832091 -0.020521910554221409 -0.0018709865329543168 0.033714958998773782 -0.0044876357815155643 -0.026584019917275083 0.0052007573436518824 0.0051983436439192211 -0.014567596016554905 0.011846003932778997 -0.010990472815631491
leaf_weight=28 56076 5275 435 1096 10767 2396 43 1987 138 389 254 445 26 124 75 156 677 27 45 143 110 226 28 256 33 90 1188 176 123 112
leaf_count=28 56076 5275 435 1096 10767 2396 43 1987 138 389 254 445 26 124 75 156 677 27 45 143 110 226 28 256 33 90 1188 176 123 112
internal_value=1.57988e-12 0.000263912 0.000644689 0.00516076 0.000396702 0.00122949 0.000779866 -0.000117228 -0.00407767 -0.00876056 -0.011847 0.00303777 0.0199221 0.00083466 -0.00194074 -0.0114188 -0.00019708 0.0144157 0.00778183 0.00634962 -0.00124673 -0.00443375 0.000297006 -0.00930668 -0.00501975 0.0119668 0.00222933 0.000758439 -0.00568801 0.000962236
internal_weight=82944 26868 21593 1124 20469 9702 9079 6683 1295 781 643 514 69 5388 1802 280 1522 102 623 578 1420 743 377 366 259 118 3586 2398 411 235
internal_count=82944 26868 21593 1124 20469 9702 9079 6683 1295 781 643 514 69 5388 1802 280 1522 102 623 578 1420 743 377 366 259 118 3586 2398 411 235
is_linear=0
shrinkage=0.05


Tree=177
num_leaves=31
num_cat=0
split_feature=9 0 0 1 0 3 2 1 1 6 4 4 8 8 8 4 4 8 1 1 1 4 4 8 1 4 12 2 4 8
split_gain=1.14289 4.48412 8.2757 5.93593 4.62952 4.5067 4.29617 5.32892 5.17869 10.8597 6.00962 7.51394 33.2705 6.51254 5.85007 5.58727 7.44779 5.32692 4.85172 6.31538 4.7312 4.55394 5.51482 5.4706 7.52427 15.2617 7.17856 6.82792 6.98668 19.1497
threshold=0.77009752177902324 1.7273137874825626 1.6656405814955708 -0.3946156543864327 1.9255171228095136 1.9952792160396153 -0.66337822800608248 -0.714850047631713 -0.50050194745252075 -0.50537016327275397 -1.2990694300665375 -1.0585010170912528 -0.27754979391328816 1.0152913959672809 -1.7404918888887655 -0.81793260411596802 1.5636946843393513 0.37100531152820115 -0.93155502615002483 -0.91088476337055135 -0.90010790263129781 -0.79387576281843952 -0.57736419114068327 -1.0174668528432229 -0.53959452152039977 -1.4193536365541799 -1.3926212476455826 -0.36692078595614314 -1.0585010170912528 1.0792073135794762
decision_type=2 2 2 2 2 2 2 2 2 2 2 2 2 2 2 2 2 2 2 2 2 2 2 2 2 2 2 2 2 2
left_child=1 2 5 4 -3 -1 8 18 10 -10 14 12 -12 -13 -2 -11 -17 -16 -8 -20 -15 23 -23 -9 25 -25 -26 -28 -29 -30
right_child=6 3 -4 -5 -6 -7 7 21 9 15 11 13 -14 20 17 16 -18 -19 19 -21 -22 22 -24 24 26 -27 27 28 29 -31
leaf_value=-5.3651410767192001e-05 0.0056424332264920374 0.0044015005466906416 0.017751781188596327 -0.012024798913705519 -0.012249239967786707 -0.0042918469581894473 -0.003453312799347197 -0.0020799267485378786 -0.012457990164490285 -0.0061824411248477158 -0.0042306191287934782 0.0018904182831306572 0.038656436832731261 0.00099677775953628989 -0.012607532339430386 0.0054322756897495382 -0.01434106280180541 0.0045670010339693241 0.024693209419492632 0.0052291837687160761 -0.0087888717846517049 -0.0032241383988868191 0.00026333776062987727 -0.011520560804544198 -0.00456080174475091 0.016608009808525136 -0.0039023066286565074 0.0016988451403419154 0.0042461325960367075 0.025651937500984108
leaf_weight=58861 85 164 65 183 56 634 147 803 293 302 135 1280 68 209 233 355 55 56 45 564 302 1246 12563 62 392 217 366 2173 912 118
leaf_count=58861 85 164 65 183 56 634 147 803 293 302 135 1280 68 209 233 355 55 56 45 564 302 1246 12563 62 392 217 366 2173 912 118
internal_value=-8.31398e-13 -0.000114901 -7.93341e-05 -0.00537134 0.00016313 -9.88151e-05 0.000299804 0.000583346 -0.00134849 -0.00435581 -7.21577e-05 0.00101872 0.0101355 -1.4616e-05 -0.00588823 -0.00102163 0.00277975 -0.0092796 0.00469949 0.00666741 -0.00478652 0.000418281 -5.13407e-05 0.00170422 0.00242089 0.0103572 0.00186188 0.00256732 0.00330659 0.00669845
internal_weight=82944 59963 59560 403 220 59495 22981 19608 3373 1005 2368 1994 203 1791 374 712 410 289 756 609 511 18852 13809 5043 4240 279 3961 3569 3203 1030
internal_count=82944 59963 59560 403 220 59495 22981 19608 3373 1005 2368 1994 203 1791 374 712 410 289 756 609 511 18852 13809 5043 4240 279 3961 3569 3203 1030
is_linear=0
shrinkage=0.05


Tree=178
num_leaves=31
num_cat=0
split_feature=5 8 12 2 6 6 1 3 5 7 0 2 5 2 4 9 7 5 0 1 0 2 0 5 0 7 0 4 5 0
split_gain=1.18154 12.4483 3.58897 2.26006 2.35869 2.22186 1.67362 1.3863 3.14268 12.669 11.2138 11.1755 6.272 6.15467 5.28011 15.5914 9.58238 10.3788 7.05031 6.83658 6.28346 5.85837 5.96511 5.49018 9.77887 7.25775 6.41452 6.26979 8.79223 5.39545
threshold=-1.4141003550473299 -1.7404918888887655 0.69631062382279152 -0.6362930140224613 1.7077461606570974 -0.89145085320788475 0.10562610595810557 -0.42301689786190649 0.42390874111029014 -0.17427846833443938 1.9713770334385832 0.8739712444562644 -1.3293991099845879 -0.89256318450635053 -0.52925050854562683 -1.3476706631132902 -0.90839521789717692 -1.3494002584220433 1.9255171228095136 -0.22258793741949104 0.3709331010095997 0.59497311129984765 0.90431118045679149 -1.157767925009574 0.38041459796982174 -0.44226394673424807 -0.58445059573885749 -1.4193536365541799 -1.3668181053864807 -0.67404874028486339
decision_type=2 2 2 2 2 2 2 2 2 2 2 2 2 2 2 2 2 2 2 2 2 2 2 2 2 2 2 2 2 2
left_child=1 -1 3 -3 -5 -4 -6 -2 9 14 11 13 -12 -11 15 20 17 -17 21 -20 -9 22 23 25 26 27 29 28 -18 -25
right_child=7 2 5 4 6 -7 -8 8 -10 10 12 -13 -14 -15 -16 16 18 -19 19 -21 -22 -23 -24 24 -26 -27 -28 -29 -30 -31
leaf_value=-0.013737945221051449 0.00022910312558467084 0.0082533145327410053 0.0039938674958345166 -0.00053916333500252469 0.014569884931985687 0.013909514812985435 0.0021441880803195093 0.0065936348751145877 0.00011133048358549728 0.0050932714199304558 0.025582977959506766 -0.024556009208358695 0.0024449061442282983 -0.0026099811646575605 -0.00039346010032257684 0.022680090820761101 0.0067685202595644776 -0.00057494464494900932 0.036982263345271348 0.00090590955384461025 0.023478055814620487 0.0076626066503389552 -0.0072768258028027182 -0.0048106991202031268 -0.019537479202845136 -0.0222092358050523 0.0017347341133659129 0.0064807611942466455 -0.024211457631615706 -0.029699276128540869
leaf_weight=119 32795 116 114 590 47 112 64 834 31209 269 54 57 64 7188 6636 94 49 98 24 29 59 173 417 409 80 27 646 505 43 23
leaf_count=119 32795 116 114 590 47 112 64 834 31209 269 54 57 64 7188 6636 94 49 98 24 29 59 173 417 409 80 27 646 505 43 23
internal_value=-2.07718e-12 0.00158317 0.00333122 0.00178861 0.000718839 0.00890782 0.00740552 -2.24945e-05 -0.00019093 -0.000721543 -0.00226051 -0.00250069 0.0130335 -0.0023321 0.000436093 0.00200444 5.78161e-05 0.0108103 -0.000793517 0.0172424 0.00770918 -0.00119651 -0.00189348 -0.000633737 -0.002671 0.00314695 -0.00141931 0.00429372 -0.00771125 -0.00613579
internal_weight=82944 1162 1043 817 701 226 111 81782 48987 17778 7632 7514 118 7457 10146 3510 2617 192 2425 53 893 2372 2199 1782 1158 624 1078 597 92 432
internal_count=82944 1162 1043 817 701 226 111 81782 48987 17778 7632 7514 118 7457 10146 3510 2617 192 2425 53 893 2372 2199 1782 1158 624 1078 597 92 432
is_linear=0
shrinkage=0.05


Tree=179
num_leaves=31
num_cat=0
split_feature=4 3 5 4 8 7 5 5 12 5 6 6 0 0 5 8 7 0 0 4 5 6 6 5 5 0 0 3 0 1
split_gain=1.11643 4.72815 3.31431 9.37706 11.3533 11.274 9.46332 7.10667 15.1361 19.0739 7.22077 7.51896 8.70445 6.5616 6.23417 5.38975 4.56425 4.53038 5.50411 9.19616 7.88542 8.387 5.2091 4.40027 4.28531 4.23163 4.1119 4.07905 3.93892 4.93318
threshold=-1.1547283822813665 -1.7429568667747837 0.53960840463842696 -1.4434104778517083 1.0152913959672809 -0.74611299300944822 1.3937669968154378 1.1577679250095743 -0.6963106238227913 1.2818148012906689 1.0000000180025095e-35 1.1133806251249947 2.584352261286655 1.761268499712193 1.3293991099845883 -1.0174668528432229 -0.67395931651126872 -1.3042849253048681 -0.74193679049689421 -1.2750125887690089 0.95394520574413566 1.0000000180025095e-35 -0.89145085320788475 1.3816171070223859 0.99864169796777091 0.75305586519458789 -0.62510674430250013 -0.30800012960143436 0.85742682209404297 1.0393197749355194
decision_type=2 2 2 2 2 2 2 2 2 2 2 2 2 2 2 2 2 2 2 2 2 2 2 2 2 2 2 2 2 2
left_child=1 -1 -3 5 6 14 17 15 9 -9 23 -12 -13 -11 -4 24 -17 -5 19 22 -20 -22 27 28 -7 -23 -6 -19 -10 -30
right_child=-2 2 3 4 26 7 -8 8 10 13 11 12 -14 -15 -16 16 -18 18 20 -21 21 25 -24 -25 -26 -27 -28 -29 29 -31
leaf_value=-0.017160600758645506 8.207596411818198e-05 0.00024702198726075285 -0.0092655186477865036 0.017167527063284071 0.010210407431139198 0.010112211072212621 0.0030859042192651486 0.049231378198033429 0.0054264935979193834 0.021289935870570879 -0.012562093137672798 0.015461380236880169 -0.010014412243617699 -0.0043308004945972747 0.0027477911087963117 0.0060027651743611368 -0.0043712881985735188 -0.008754699123424612 0.00052715903044477531 -0.023716937057955675 -0.0029162145119030255 -0.017669554058310236 -0.017629938245692867 0.00024263774740356433 -0.0041851380213241409 -0.0086454124641182559 0.0003478561422293461 0.0087823226933352785 0.03737470053813674 0.011567761714403066
leaf_weight=42 69109 8560 373 20 147 174 301 41 292 51 131 76 60 49 152 127 642 70 399 119 487 202 66 237 75 364 376 63 22 117
leaf_count=42 69109 8560 373 20 147 174 301 41 292 51 131 76 60 49 152 127 642 70 399 119 487 202 66 237 75 364 376 63 22 117
internal_value=3.4582e-12 -0.000409988 -0.000358982 -0.00135027 -0.00346884 0.000764258 -0.00511682 0.00240686 0.0052401 0.0205111 0.0029372 -0.00401286 0.00422206 0.00873578 -0.00578738 -0.000587796 -0.00265802 -0.00649616 -0.00676354 -0.0127215 -0.00545871 -0.00772685 -0.00614632 0.00571514 0.00580578 -0.011866 0.00311993 -0.000447689 0.00872438 0.0156523
internal_weight=82944 13835 13793 5233 2614 2619 2091 2094 1076 141 935 267 136 100 525 1018 769 1790 1770 318 1452 1053 199 668 249 566 523 133 431 139
internal_count=82944 13835 13793 5233 2614 2619 2091 2094 1076 141 935 267 136 100 525 1018 769 1790 1770 318 1452 1053 199 668 249 566 523 133 431 139
is_linear=0
shrinkage=0.05


Tree=180
num_leaves=31
num_cat=0
split_feature=0 2 9 5 4 4 3 6 9 5 6 7 4 2 2 4 2 5 4 2 6 2 4 3 9 12 5 4 4 8
split_gain=1.11557 2.92281 4.1521 3.54406 10.632 3.40205 3.45122 2.79278 2.05276 2.5976 1.84967 2.01719 1.72124 2.04747 1.69851 1.56363 1.40273 2.1976 2.0993 1.35875 1.34839 1.3476 1.35772 1.30907 1.24458 1.16987 2.51049 1.59932 1.26414 1.1573
threshold=-1.5387088160037437 -0.31378653785074967 -0.6738353315566451 0.95394520574413566 -0.40896630205798362 -0.28868209557034147 -0.3537715619580814 -1.0580783826696147 -0.28878657066713359 -0.42390874111029003 -1.0580783826696147 0.50473852548845832 -0.74576208022338231 -0.056070289712664985 0.26378160296541731 -0.74576208022338231 0.9452029766701463 1.224450581347845 0.048113682595056877 -0.27935668852473466 -1.0580783826696147 -0.49486541882725726 -0.67359155633079704 -0.39192905063849698 -1.2514084728909125 1.0444659357341872 0.30505838731795659 -0.21651157167775612 -0.40896630205798362 -1.7404918888887655
decision_type=2 2 2 2 2 2 2 2 2 2 2 2 2 2 2 2 2 2 2 2 2 2 2 2 2 2 2 2 2 2
left_child=1 3 19 8 7 6 -6 -5 9 23 12 16 -4 -14 -15 20 17 18 -12 -3 -11 22 -17 29 -24 26 -26 -28 -27 -1
right_child=-2 2 10 4 5 -7 -8 -9 -10 15 11 -13 13 14 -16 21 -18 -19 -20 -21 -22 -23 24 -25 25 28 27 -29 -30 -31
leaf_value=-0.0089228442353487484 3.9459919074129549e-05 -0.0024294592878071684 0.0031051528094602487 -0.0011044852000678766 -0.016141376305710189 -0.0096824444908027857 -0.044839585423469545 0.01841704446955451 0.0047424682876956855 -0.0054069555620934184 -0.0021096423288945163 -0.006713641262369981 -0.00085590431533221682 -0.025810748629271987 -0.0071887270780280239 0.010858580467968504 -0.0045671126991510399 0.017048313354532565 0.0085408443515570115 -0.010880984381722171 0.0015288400592218185 -0.00081015027504649148 0.0034627878198210797 0.0033148423745296899 -0.004516164587237333 -0.0063784436181013012 0.0098898008262871644 -0.0055372348229866478 0.00035536511974540826 -0.0028282908349059471
leaf_weight=96 79273 63 35 53 22 42 20 28 234 177 103 67 35 25 24 44 50 31 84 194 116 524 598 70 68 100 105 20 230 413
leaf_count=96 79273 63 35 53 22 42 20 28 234 177 103 67 35 25 24 44 50 31 84 194 116 524 598 70 68 100 105 20 230 413
internal_value=-3.80524e-13 -0.000852113 -0.00373077 -0.000160652 -0.00728136 -0.0197448 -0.0298072 0.0056437 0.000259712 -0.00014988 -0.000855966 0.00104617 -0.00621071 -0.0100923 -0.0166898 0.000710795 0.00298612 0.00471851 0.00267453 -0.00880921 -0.00266104 0.00129573 0.00224292 -0.00309609 0.00190475 0.000123279 0.00321547 0.00742148 -0.00168518 -0.00397775
internal_weight=82944 3671 711 2960 165 84 42 81 2795 2561 454 335 119 84 49 1982 268 218 187 257 293 1689 1165 579 1121 523 193 125 330 509
internal_count=82944 3671 711 2960 165 84 42 81 2795 2561 454 335 119 84 49 1982 268 218 187 257 293 1689 1165 579 1121 523 193 125 330 509
is_linear=0
shrinkage=0.05


Tree=181
num_leaves=31
num_cat=0
split_feature=1 4 8 4 5 10 3 4 4 1 3 4 5 2 5 2 0 8 2 5 1 0 3 2 5 2 4 1 3 8
split_gain=1.08503 7.33209 5.94495 5.92974 4.71275 6.19695 8.37164 7.86155 9.80751 7.41936 15.4384 6.30604 4.97863 4.32173 4.73287 4.15691 6.34704 6.70038 5.0531 4.24357 3.50724 3.24869 3.08443 3.37001 2.83674 2.82779 2.74822 2.50987 6.42174 6.16799
threshold=3.1754622378609842 0.74576208022338275 0.74090168677562918 -0.72170523892585436 1.4032428797398568 1.0000000180025095e-35 4.0676475521031525 0.26462525427281319 0.505193667248098 4.3806832468255656 3.1648958441122628 -0.40896630205798362 1.366818105386481 3.6149727007184782 1.3494002584220433 2.6405108700037183 0.54721404967828258 1.0152913959672809 3.2858080162893386 1.224450581347845 2.7276332300298809 2.0852076738313352 1.6783695057681489 2.8051086824331208 1.3937669968154378 2.95394829999828 0.14434104778517079 1.897277043084358 2.8203810515138188 -1.7404918888887655
decision_type=2 2 2 2 2 2 2 2 2 2 2 2 2 2 2 2 2 2 2 2 2 2 2 2 2 2 2 2 2 2
left_child=13 2 3 25 5 6 9 -8 -9 -5 -11 12 -7 15 -15 27 19 18 20 -17 22 -20 -18 -24 -3 -2 -6 28 -1 -29
right_child=1 24 -4 4 26 11 7 8 -10 10 -12 -13 -14 14 -16 16 17 -19 21 -21 -22 -23 23 -25 -26 -27 -28 29 -30 -31
leaf_value=3.311147816920552e-05 0.0024785496341904107 -0.016671479285732673 -0.023591931722162722 0.0084067727617914666 0.0023316693913224044 0.027164644459050827 9.0932697057724004e-05 0.052663299916312106 0.0081115996509435635 0.026963076616326971 -0.023693858392817794 -0.013323490839758062 -0.0041505025451382006 -0.024313142240709185 0.002012814593411261 -0.030677040554583077 -0.0042644031212798186 -0.013052183430079582 0.035932756987001213 -0.003647159772402308 0.001892904676212964 0.009004072736327846 0.0041778699054505477 0.014979839186707977 -0.0034927855709767234 -0.0097731069938078174 -0.0078195127206382112 -0.024902231798374228 0.022094419745333268 -0.0013024659709116523
leaf_weight=78026 65 98 26 292 129 22 25 30 21 21 53 79 30 38 31 20 42 53 21 53 539 24 129 164 70 171 138 28 33 2473
leaf_count=78026 65 98 26 292 129 22 25 30 21 21 53 79 30 38 31 20 42 53 21 53 539 24 129 164 70 171 138 28 33 2473
internal_value=8.26629e-13 -0.00145023 3.31232e-05 0.000603989 0.00257141 0.00512791 0.0079587 0.0230594 0.0343185 0.00482303 -0.00931824 -0.00442327 0.00909821 2.25506e-05 -0.0124855 3.31267e-05 0.0031664 0.00423429 0.00523122 -0.0110526 0.00438994 0.0215708 0.00840756 0.010224 -0.0111804 -0.00639871 -0.00291501 -7.51724e-06 4.24381e-05 -0.00156668
internal_weight=82944 1270 1102 1076 840 573 442 76 51 366 74 131 52 81674 69 81605 1045 972 919 73 874 45 335 293 168 236 267 80560 78059 2501
internal_count=82944 1270 1102 1076 840 573 442 76 51 366 74 131 52 81674 69 81605 1045 972 919 73 874 45 335 293 168 236 267 80560 78059 2501
is_linear=0
shrinkage=0.05


Tree=182
num_leaves=31
num_cat=0
split_feature=6 3 5 0 4 4 3 2 11 0 11 0 4 4 5 4 7 1 2 0 0 4 5 0 6 4 2 0 4 6
split_gain=1.0817 5.26162 3.34136 5.74791 7.01575 7.1971 3.86618 3.42809 9.85772 6.40694 7.40184 6.58259 12.2072 9.55316 15.9581 16.1606 8.28928 6.96768 6.10364 5.94256 6.78226 6.31271 8.59023 6.66464 19.0462 12.9725 6.266 6.0747 6.71521 5.89199
threshold=0.30811198432835407 2.525628365157282 -0.99864169796777025 0.077028608076209953 0.072170523892585367 -0.52925050854562683 0.82272587063186975 0.50206105555451919 -0.76213734878520889 -0.096342892436865946 1.0000000180025095e-35 0.041510661571337822 1.5155810017442943 -0.60142103243821221 0.90745195762283271 -0.28868209557034147 1.7010387896728181 0.95228406550261491 -0.1351820684983506 0.93116348106953939 0.70385570796422381 -1.4193536365541799 0.95394520574413566 0.35859460280915306 1.7077461606570974 -0.024056841297528036 1.3553366828136773 1.0193609357091071 0.84198944541349674 1.1133806251249947
decision_type=2 2 2 2 2 2 2 2 2 2 2 2 2 2 2 2 2 2 2 2 2 2 2 2 2 2 2 2 2 2
left_child=1 -1 3 4 5 -2 -5 8 18 10 -9 12 13 -11 -15 17 -17 -16 -4 20 21 22 -13 24 26 -26 29 28 -21 -23
right_child=2 -3 7 6 -6 -7 -8 9 -10 11 -12 19 -14 14 15 16 -18 -19 -20 27 -22 23 -24 -25 25 -27 -28 -29 -30 -31
leaf_value=-0.00010412192561214051 -0.0067458320147703275 -0.01633087136410177 0.0090398076233339873 2.2264282987970855e-05 -0.016375782218675652 0.0077289173732666919 -0.006337717619846809 -0.013484610067020997 0.00048698653419643098 -0.0037621707384432874 0.0024098440190906938 -0.0037916011896661737 -0.026397732483304067 -0.0047660442777366068 0.028150092602008955 0.026617693553271239 -0.014415944209322335 0.066511824824204993 0.0027021039122707494 0.0038978137898342566 -0.0063799299715465779 -0.0026627013479768257 0.04039351566779343 0.0014392054766580783 -0.056550700936851828 -0.0092575738318906777 -0.014714364154907076 0.00035013735076264846 0.024151876578711113 0.014910599369922598
leaf_weight=58046 302 50 520 5407 119 120 250 188 9412 67 120 22 23 48 20 32 20 29 1410 169 721 172 22 857 29 29 71 4549 54 66
leaf_count=58046 302 50 520 5407 119 120 250 188 9412 67 120 22 23 48 20 32 20 29 1410 169 721 172 22 857 29 29 71 4549 54 66
internal_value=-9.30162e-13 -0.000118087 0.000276095 -0.000729677 -0.0056534 -0.00262979 -0.000258803 0.000610345 0.00115449 -0.00023416 -0.00729197 7.63832e-05 0.00823142 0.0119188 0.0189699 0.0302504 0.0108355 0.050854 0.00440967 -0.000211896 -0.00250796 -0.000306312 0.018301 -0.000975201 -0.0066132 -0.0329041 -0.00167833 0.000745119 0.00880239 0.00221057
internal_weight=82944 58096 24848 6198 541 422 5657 18650 11342 7308 308 7000 239 216 149 101 52 49 1930 6761 1989 1268 44 1224 367 58 309 4772 223 238
internal_count=82944 58096 24848 6198 541 422 5657 18650 11342 7308 308 7000 239 216 149 101 52 49 1930 6761 1989 1268 44 1224 367 58 309 4772 223 238
is_linear=0
shrinkage=0.05


Tree=183
num_leaves=31
num_cat=0
split_feature=5 8 12 2 2 6 1 4 0 2 1 5 0 2 0 4 4 5 4 0 5 2 4 2 2 1 0 4 11 8
split_gain=1.07672 11.2518 3.22379 2.13425 2.03719 2.02426 1.48964 1.37671 1.45698 1.23167 1.1876 4.04857 6.18216 7.62742 6.37512 5.48263 8.33816 7.25258 10.8458 6.75553 6.65991 6.50817 5.31399 7.20826 4.99555 4.86226 4.17477 5.3891 4.77189 6.7099
threshold=-1.4141003550473299 -1.7404918888887655 0.69631062382279152 -0.047349550061984172 -0.75237011334800286 1.7077461606570974 0.10562610595810557 -0.72170523892585436 0.46183447651909676 -0.7928427076525898 -0.51556909891381653 -0.42390874111029003 -0.31566746073821877 -0.28663216535655028 -0.65882323132285669 -1.5396378430418223 0.072170523892585367 -0.85925218225375766 0.26462525427281319 0.9868369036825142 -1.3293991099845879 -0.24946468487045778 -0.81793260411596802 0.16630210637217818 -0.6788551355981044 0.27672180691011977 1.8558287282042618 -1.1306715409838382 1.0000000180025095e-35 -0.27754979391328816
decision_type=2 2 2 2 2 2 2 2 2 2 2 2 2 2 2 2 2 2 2 2 2 2 2 2 2 2 2 2 2 2
left_child=1 9 4 -4 -3 7 -7 8 -6 -1 -2 12 13 -12 -15 21 20 -18 19 -19 22 -14 23 -17 -20 -24 28 -28 -22 -30
right_child=10 2 3 -5 5 6 -8 -9 -10 -11 11 -13 15 14 -16 16 17 18 24 -21 26 -23 25 -25 -26 -27 27 -29 29 -31
leaf_value=-0.010565048310672865 0.00023104797661395367 0.009451291804480089 0.013274602740676256 0.0035564212391493914 -0.013143241482184216 0.013890104586298161 0.0021672576143828338 0.0013345659441470915 -0.0017071871385552812 -0.023447277656067973 -0.0025484609626743359 5.9075833674362982e-05 0.00078131139051573198 -0.0039048755440851944 -0.021103087866233779 -0.005927163885886281 -0.00056195674111628353 0.0096768205879256136 0.017758188812149456 0.032269256613734698 -0.0026091766304072619 0.013402541371521682 0.0023877851111420486 0.0036963644695843512 0.0012332559860475079 -0.0077845738723408432 -0.010331414899722275 0.0059932268729975839 -0.029641897614826176 -0.0070204895081577949
leaf_weight=96 29669 77 114 112 34 47 64 441 154 23 1008 41390 340 103 113 740 3461 125 48 45 812 146 1219 264 969 130 70 182 34 914
leaf_count=96 29669 77 114 112 34 47 64 441 154 23 1008 41390 340 103 113 740 3461 125 48 45 812 146 1219 264 969 130 70 182 34 914
internal_value=-1.72238e-12 0.00151131 0.00317323 0.00845851 0.00171121 0.000905819 0.00713099 -0.00019274 -0.00377541 -0.0130549 -2.14735e-05 -0.000165239 -0.00103108 -0.00437557 -0.0129021 -0.000600122 -0.000879061 0.000594708 0.00396726 0.0156572 -0.00244838 0.00457287 -0.000642391 -0.00339667 0.00201319 0.0014075 -0.00456045 0.0014586 -0.00542227 -0.00783181
internal_weight=82944 1162 1043 226 817 740 111 629 188 119 81782 52113 10723 1224 216 9499 9013 4648 1187 170 4365 486 2353 1004 1017 1349 2012 252 1760 948
internal_count=82944 1162 1043 226 817 740 111 629 188 119 81782 52113 10723 1224 216 9499 9013 4648 1187 170 4365 486 2353 1004 1017 1349 2012 252 1760 948
is_linear=0
shrinkage=0.05


Tree=184
num_leaves=31
num_cat=0
split_feature=4 2 11 9 4 8 7 4 5 7 2 7 8 9 1 0 0 2 9 0 0 2 5 4 1 8 0 5 2 3
split_gain=1.04447 4.50062 1.67879 5.43671 18.5521 9.57299 7.95681 6.96142 10.4784 8.72224 6.22737 6.04573 5.39949 9.04853 7.27478 7.45867 8.0894 7.22222 5.97964 5.87382 8.49429 5.3367 5.69515 5.20164 10.9451 6.61332 12.0733 7.08085 8.30567 7.13994
threshold=1.3712399539591236 -1.5003388811877232 -0.76213734878520889 -1.2514084728909125 -0.38490946076045524 -1.7404918888887655 -0.90839521789717692 0.36085261946292707 1.0000000180025095e-35 -0.081021797575299523 -0.34496714603905759 -0.17427846833443938 1.0000000180025095e-35 0.19252438044475581 -0.70526585897887173 -0.21511525362924996 1.7273137874825626 1.1103173439123746 -1.1551462826685344 0.8947109700406356 1.0372302355971452 2.017812398497465 0.95394520574413566 0.96227365190113923 1.5496670761385922 -1.7404918888887655 -0.16492927261318963 1.366818105386481 -0.88440467823144298 -0.010527705594078016
decision_type=2 2 2 2 2 2 2 2 2 2 2 2 2 2 2 2 2 2 2 2 2 2 2 2 2 2 2 2 2 2
left_child=2 -2 3 4 6 -6 -1 8 -7 -10 -11 -8 13 17 -15 -16 23 18 -5 -19 -21 -22 -23 25 -25 26 -17 28 -28 -30
right_child=1 -3 -4 12 5 7 11 -9 9 10 -12 -13 -14 14 15 16 -18 19 -20 20 21 22 -24 24 -26 -27 27 -29 29 -31
leaf_value=-0.010942437985479968 -0.013734845715437339 0.00061410940821784348 -0.0002309122684496591 -0.0043680961262878943 0.0062013423488817268 -0.0026888127963527685 0.010190636594994152 -0.00064494667179328959 -0.0088572083972225258 -0.0038882619946096573 -0.026198007183184824 0.0013699999761077684 -0.00012415387835866965 0.0060318243133727131 0.0064390467242990681 -0.030722382055357735 0.0079081527902453673 -0.01372842707115552 0.0047847474690990719 0.014666885658856724 -0.00036355354875558993 -0.039026744734673276 -0.0037066500820219523 0.004851469197918473 -0.010037337647828585 -0.0010272859550810351 0.0037172985335928391 0.016141615765025982 -0.016265094330602685 -0.004416281245938217
leaf_weight=83 55 8530 49056 190 158 397 353 339 387 39 158 432 13724 492 378 47 250 97 2934 77 150 21 25 697 150 2963 176 39 201 346
leaf_count=83 55 8530 49056 190 158 397 353 339 387 39 158 432 13724 492 378 47 250 97 2934 77 150 21 25 697 150 2963 176 39 201 346
internal_value=2.06842e-13 0.000522182 -6.02877e-05 0.000270509 -0.00202218 -0.0054296 0.00377985 -0.00682179 -0.0089563 -0.0132169 -0.0217814 0.00533648 0.000504802 0.00143969 0.000218362 -0.000326754 -0.00085201 0.00344575 0.00422808 -0.00315964 0.000595565 -0.00493245 -0.019831 -0.00132615 0.00221473 -0.00212125 -0.00612794 -0.00461096 -0.00573039 -0.00877023
internal_weight=82944 8585 74359 25303 2346 1478 868 1320 981 584 197 785 22957 9233 5739 5247 4869 3494 3124 370 273 196 46 4619 847 3772 809 762 723 547
internal_count=82944 8585 74359 25303 2346 1478 868 1320 981 584 197 785 22957 9233 5739 5247 4869 3494 3124 370 273 196 46 4619 847 3772 809 762 723 547
is_linear=0
shrinkage=0.05


Tree=185
num_leaves=31
num_cat=0
split_feature=0 2 9 0 12 4 4 9 3 9 4 1 2 3 6 7 4 2 2 4 1 2 3 2 9 4 1 9 2 4
split_gain=1.04993 2.69851 3.65983 1.72569 2.90295 3.28878 3.72287 8.31837 2.4231 1.82745 1.75876 2.19891 1.69795 2.51083 1.60891 1.80638 1.55778 1.84702 1.53311 1.5234 1.47678 1.22462 1.21967 1.21232 1.93712 1.88242 1.44369 1.18062 1.57067 1.79898
threshold=-1.5387088160037437 -0.31378653785074967 -0.6738353315566451 -1.7215955740678106 1.0444659357341872 -0.24056841297528506 -0.38490946076045524 1.0000000180025095e-35 -0.031199335516981234 -0.28878657066713359 -0.38490946076045524 -0.36934435082859812 -0.84550077492262765 -0.57537725815165786 -1.0580783826696147 0.50473852548845832 -0.74576208022338231 -0.056070289712664985 0.26378160296541731 0.96227365190113923 -0.065995452098374471 -0.27935668852473466 -0.60113168818420892 0.9452029766701463 0.57757314133426751 0.048113682595056877 -0.12958928108601261 -1.1551462826685344 -0.48423392821982103 -0.74576208022338231
decision_type=2 2 2 2 2 2 2 2 2 2 2 2 2 2 2 2 2 2 2 2 2 2 2 2 2 2 2 2 2 2
left_child=1 3 21 12 10 6 8 -8 -6 -7 20 19 13 -1 16 23 -4 -18 -19 -12 -5 -3 -11 24 25 -16 -27 28 29 -14
right_child=-2 2 14 4 5 9 7 -9 -10 22 11 -13 27 -15 15 -17 17 18 -20 -21 -22 -23 -24 -25 -26 26 -28 -29 -30 -31
leaf_value=0.0014532133660244049 3.828134214091744e-05 -0.0023038739630479427 0.002974755688171302 0.0026619184887550305 -0.0053165182581774465 -0.0010207078147628022 -0.0053774433129569294 -0.035106030913690731 0.0060853440604511314 0.017488738179206847 -0.0015991144837113097 -0.015634926158684091 -0.0069159502044406742 0.015458866730720425 -0.0021226436187382065 -0.0064627701750219757 -0.00080780348474425933 -0.024512107335031036 -0.0068200398624564222 0.011345924496650697 0.01608138345181942 -0.01032741245214789 0.001143543632878434 -0.004305720388889313 0.01590272721443926 0.019688494857400658 0.0042983798299246704 -0.0012427758279955016 -0.0018412004921228185 0.0036846522528028985
leaf_weight=96 79273 63 35 301 305 201 82 33 55 25 250 26 43 48 103 67 35 25 24 25 22 194 21 50 31 20 64 613 236 578
leaf_count=96 79273 63 35 301 305 201 82 33 55 25 250 26 43 48 103 67 35 25 24 25 22 194 21 50 31 20 64 613 236 578
internal_value=1.11289e-13 -0.000826662 -0.00359265 -0.000162264 -0.00148427 -0.00364297 -0.00607641 -0.0139083 -0.00357457 0.00103672 0.00101344 -0.00173634 0.000940231 0.00612176 -0.000893642 0.000880379 -0.00588773 -0.00958044 -0.0158466 -0.000422293 0.00357594 -0.00836055 0.0100268 0.00271617 0.00432669 0.00240767 0.00796269 0.000432652 0.00163106 0.00295063
internal_weight=82944 3671 711 2960 1346 722 475 115 360 247 624 301 1614 144 454 335 119 84 49 275 323 257 46 268 218 187 84 1470 857 621
internal_count=82944 3671 711 2960 1346 722 475 115 360 247 624 301 1614 144 454 335 119 84 49 275 323 257 46 268 218 187 84 1470 857 621
is_linear=0
shrinkage=0.05


Tree=186
num_leaves=31
num_cat=0
split_feature=6 1 3 0 0 0 2 5 4 0 5 5 3 4 1 8 1 4 2 1 6 4 0 1 11 0 2 3 5 0
split_gain=0.998832 3.86497 4.53079 4.50444 3.24953 3.1971 8.02854 9.38108 8.47826 8.30958 6.16168 5.84414 8.32053 14.2381 16.0052 7.58161 5.61407 6.7402 5.01222 6.9143 7.8365 7.44009 8.58859 5.68683 4.48435 4.23564 4.14385 4.39709 5.76425 7.93563
threshold=-0.50537016327275397 2.0425026073378567 1.8368263236736824 -1.3042849253048681 1.0983238223116816 0.95849667322298504 0.16630210637217818 1.4141003550473303 0.12028420648764231 1.0526555900914161 1.3293991099845883 1.3293991099845883 1.4061233754843081 -0.24056841297528506 0.75658325704980689 -1.0174668528432229 -0.176898353191041 0.45707998465304106 1.0745583692300595 0.50800253104209669 -0.89145085320788475 1.1306715409838386 -0.23979066859996892 0.77499781531213152 -0.76213734878520889 1.0000000180025095e-35 1.9215687388713503 0.20902536017874518 1.3816171070223859 0.03138597865123454
decision_type=2 2 2 2 2 2 2 2 2 2 2 2 2 2 2 2 2 2 2 2 2 2 2 2 2 2 2 2 2 2
left_child=1 2 5 -4 -5 11 7 8 9 -7 -8 18 15 25 -15 -13 17 -17 -1 -20 21 22 23 -21 -22 -14 27 -18 -29 -30
right_child=-2 -3 3 4 -6 6 10 -9 -10 -11 -12 12 13 14 -16 16 26 -19 19 20 24 -23 -24 -25 -26 -27 -28 28 29 -31
leaf_value=-0.00019758689176743312 0.00014217733564639805 -0.019863884825259449 -0.013178101792931558 0.011969117535722204 -0.0058641675114631661 -0.048942392642299333 0.021311610719809929 0.0086043861645901977 -0.002805435066029691 -0.016801744946383597 -0.001547519038556695 0.019153041937151703 -0.014565811484741668 0.059404891370623207 0.01292753389136771 0.014055829666201667 -0.0050796293818763452 -0.0082864244052788388 0.014399479068361405 0.0062925998058000754 -0.0026495459545403718 0.0011859745303639969 -0.028795904095195946 -0.015181691613437121 0.017527955111214206 0.0088064629396068916 -0.015480285350217442 0.0057309613066415001 -0.014826095857353387 0.0016678549535776768
leaf_weight=29051 49624 25 25 172 30 30 30 43 57 61 1699 59 36 27 59 145 297 44 41 44 100 86 84 103 38 42 44 465 98 285
leaf_count=29051 49624 25 25 172 30 30 30 43 57 61 1699 59 36 27 59 145 297 44 41 44 100 86 84 103 38 42 44 465 98 285
internal_value=-5.93544e-13 -0.000211747 -0.000196991 0.00684278 0.00932061 -0.000245316 -0.00222551 -0.0119534 -0.0179263 -0.0273976 -0.00115089 -0.000123255 0.00281897 0.0134888 0.0275193 0.00160127 0.000849774 0.00885446 -0.000282679 -0.00526656 -0.00703867 -0.0113681 -0.016042 -0.00875401 0.00290658 -0.00198074 -0.000422628 0.000156007 0.00198971 -0.00255253
internal_weight=82944 33320 33295 227 202 33068 1920 191 148 91 1729 31148 1601 164 86 1437 1378 189 29547 496 455 317 231 147 138 78 1189 1145 848 383
internal_count=82944 33320 33295 227 202 33068 1920 191 148 91 1729 31148 1601 164 86 1437 1378 189 29547 496 455 317 231 147 138 78 1189 1145 848 383
is_linear=0
shrinkage=0.05


Tree=187
num_leaves=31
num_cat=0
split_feature=1 8 2 0 2 0 8 2 3 8 1 0 3 2 1 5 1 12 3 5 3 2 3 8 7 3 1 0 6 0
split_gain=1.00597 4.81132 3.75006 4.26538 3.72309 5.58096 5.97417 4.56137 3.8498 3.68144 3.14908 2.94856 2.74768 3.02609 2.43222 2.42205 2.21049 6.26545 5.7803 4.92265 4.78332 4.41183 5.1095 4.41127 4.01068 3.83414 6.46997 9.30714 7.01617 6.80933
threshold=3.1754622378609842 0.74090168677562918 3.6149727007184782 2.0852076738313352 2.6405108700037183 0.54721404967828258 1.0152913959672809 3.2858080162893386 1.8368263236736824 1.0000000180025095e-35 2.7276332300298809 2.4867904811690109 1.6783695057681489 2.8051086824331208 2.7276332300298809 1.366818105386481 1.897277043084358 1.0444659357341872 2.8203810515138188 0.99864169796777091 0.99923620641476529 1.6501068016329257 2.525628365157282 0.37100531152820115 -0.74611299300944822 1.7319852129670208 0.62723882848111667 1.6656405814955708 0.30811198432835407 1.4992753960410625
decision_type=2 2 2 2 2 2 2 2 2 2 2 2 2 2 2 2 2 2 2 2 2 2 2 2 2 2 2 2 2 2
left_child=2 -2 4 14 16 8 7 10 -6 -10 12 -9 -7 -14 -4 -8 18 19 25 -18 24 22 23 -22 -21 -1 -27 29 -29 -28
right_child=1 -3 3 -5 5 6 15 11 9 -11 -12 -13 13 -15 -16 -17 17 -19 -20 20 21 -23 -24 -25 -26 26 27 28 -30 -31
leaf_value=-1.8485110236125438e-05 -0.00091771618916276743 -0.021182066838567458 -0.013743055391090889 -0.031088177002966406 0.0055738166347146035 -0.004013007021109973 -0.022813496103993171 0.032435947734241681 -0.032470174548992266 -0.0047759932815097279 0.0017741614867801778 0.0067813034213724593 0.003932328290987829 0.01416827533933584 0.0086532653775066148 -0.0014323440120698741 -0.01069804500148166 -0.021099887478776509 0.020961648337260792 0.020629426108466256 -0.0035051252390046351 -8.5339144251711139e-05 0.015349245233530248 -0.01462488745014663 0.0025087212717258621 -0.011069741555635469 0.0046087402874701996 0.0081276475181502675 0.044575519114732745 -0.0032762949772672184
leaf_weight=76493 1240 30 27 20 25 42 27 24 24 24 539 21 129 164 22 26 128 40 33 45 275 1759 27 132 95 83 1022 31 23 374
leaf_count=76493 1240 30 27 20 25 42 27 24 24 24 539 21 129 164 22 26 128 40 33 45 275 1759 27 132 95 83 1022 31 23 374
internal_value=-4.41959e-12 -0.0013964 2.17135e-05 -0.0116298 3.15653e-05 0.00299684 0.00399821 0.00493957 -0.0103365 -0.0186231 0.00414027 0.0204638 0.00794723 0.00966166 -0.00368756 -0.0123246 -6.89936e-06 -0.00147012 3.9982e-05 -0.00115107 -0.000627271 -0.00119931 -0.0057142 -0.00711153 0.00833323 3.11335e-05 0.00250698 0.00328413 0.0236517 0.00249627
internal_weight=82944 1270 81674 69 81605 1045 972 919 73 48 874 45 335 293 49 53 80560 2501 78059 2461 2333 2193 434 407 140 78026 1533 1450 54 1396
internal_count=82944 1270 81674 69 81605 1045 972 919 73 48 874 45 335 293 49 53 80560 2501 78059 2461 2333 2193 434 407 140 78026 1533 1450 54 1396
is_linear=0
shrinkage=0.05


Tree=188
num_leaves=31
num_cat=0
split_feature=9 3 0 0 1 0 4 4 2 1 4 8 1 12 4 7 7 8 4 7 2 5 1 9 2 1 3 5 2 0
split_gain=0.96785 4.09619 3.9828 7.39451 5.31822 4.15409 3.72308 3.75299 3.63215 5.90689 5.37092 6.35969 4.78133 6.14284 5.76586 7.57798 6.18972 5.08307 7.49578 25.0381 5.40823 4.85346 4.59694 5.34209 9.59582 4.59525 4.56487 4.44992 4.40454 4.30383
threshold=0.77009752177902324 1.9952792160396153 1.7273137874825626 1.5306070063048167 -0.3946156543864327 1.9255171228095136 -0.28868209557034147 1.0000000180025095e-35 -0.62213468932412297 -0.714850047631713 -0.21651157167775612 0.19793268244031401 -0.51121341037847634 0.69631062382279152 -1.2750125887690089 0.50473852548845832 -0.90839521789717692 -1.7404918888887655 -1.0585010170912528 -0.081021797575299523 -0.84550077492262765 -1.3494002584220433 0.078491737567480055 0.96262190222377908 -0.91705204549966324 -0.69574698718846517 -0.12923464147087799 1.3068553720381473 -1.5003388811877232 0.21442066219845521
decision_type=2 2 2 2 2 2 2 2 2 2 2 2 2 2 2 2 2 2 2 2 2 2 2 2 2 2 2 2 2 2
left_child=1 2 3 -1 5 -4 -6 -8 12 10 27 -12 14 -14 15 -2 -16 28 19 25 26 -17 23 24 -15 -19 -20 -10 -18 -30
right_child=8 -3 4 -5 6 -7 7 -9 9 -11 11 -13 13 22 16 21 17 18 20 -21 -22 -23 -24 -25 -26 -27 -28 -29 29 -31
leaf_value=-4.8453945654042186e-05 -0.0013504668373373935 -0.0041034100402646675 0.0042366994252405702 0.016212047089689544 -0.021400305189070157 -0.011535893465874584 0.0051998432315627325 -0.012975686411418675 0.0090980162538700209 0.000393421114785206 0.0095490994643361946 -0.0029386164466732689 -0.0015215668315477161 -0.0096071098595857628 -0.0037482115244650903 -0.026362951226153616 -0.016841929212678224 0.025778069181953845 0.0014202365234550214 -0.0022054031207170781 0.0078897430431125511 -0.0049517415711306974 0.0072108827103432782 -0.0075373536666640054 -0.046166114506195302 0.05346789138932382 -0.013966564824632197 0.03153096494078636 -0.004994580411963879 0.0034649290753791216
leaf_weight=58856 314 634 164 70 61 56 45 77 191 18510 169 257 896 50 501 59 40 29 449 84 346 48 37 224 28 31 54 25 242 397
leaf_count=58856 314 634 164 70 61 56 45 77 191 18510 169 257 896 50 501 59 40 29 449 84 346 48 37 224 28 31 54 25 242 397
internal_value=-1.67349e-12 -0.000105736 -6.30165e-05 -2.91376e-05 -0.00501674 0.000221858 -0.0113145 -0.0062716 0.000275892 0.000556955 0.00527191 0.00201543 -0.00112994 -0.0036906 8.91945e-05 -0.00526638 0.00112679 0.00258754 0.00486723 0.0154154 0.00307814 -0.0167579 -0.00942351 -0.0114615 -0.0227309 0.0400845 -0.000231627 0.0116944 -0.000746375 0.000261171
internal_weight=82944 59963 59329 58926 403 220 183 122 22981 19152 642 426 3829 1235 2594 421 2173 1672 993 144 849 107 339 302 78 60 503 216 679 639
internal_count=82944 59963 59329 58926 403 220 183 122 22981 19152 642 426 3829 1235 2594 421 2173 1672 993 144 849 107 339 302 78 60 503 216 679 639
is_linear=0
shrinkage=0.05


Tree=189
num_leaves=31
num_cat=0
split_feature=5 12 2 12 2 6 3 2 0 5 5 4 12 4 1 12 2 5 4 4 10 5 1 4 0 5 10 4 9 4
split_gain=0.964557 4.17961 5.6895 4.78731 1.98068 1.87984 1.39239 3.00058 5.15343 4.4585 3.70332 6.55721 4.45767 4.14133 3.61561 3.57367 3.8152 3.76737 6.41777 10.5343 5.94558 5.66913 5.50731 4.28036 7.67691 8.30694 3.56848 5.28762 5.81546 3.79352
threshold=-1.4141003550473299 1.0444659357341872 -0.3572685525990143 0.69631062382279152 -0.6362930140224613 1.7077461606570974 -0.42301689786190649 0.02809530469763202 0.0098975582701544551 0.59600457818367614 -0.42390874111029003 -0.72170523892585436 1.0444659357341872 0.19245473038022776 -0.59795434504503098 -1.0444659357341868 -0.16024052074154332 -1.0822991561714665 -0.21651157167775612 -0.55330734984315477 1.0000000180025095e-35 -1.2244505813478443 -0.38282967656190986 0.57736419114068349 1.0526555900914161 -1.3068553720381466 1.0000000180025095e-35 1.202842064876424 -1.3476706631132902 0.26462525427281319
decision_type=2 2 2 2 2 2 2 2 2 2 2 2 2 2 2 2 2 2 2 2 2 2 2 2 2 2 2 2 2 2
left_child=1 3 -3 4 -1 -6 7 9 10 15 11 -9 -12 -14 -10 16 17 18 19 21 -21 22 -2 24 -20 -26 -19 28 29 -28
right_child=6 2 -4 -5 5 -7 -8 8 14 -11 12 -13 13 -15 -16 -17 -18 26 23 20 -22 -23 -24 -25 25 -27 27 -29 -30 -31
leaf_value=0.0076552268369564913 0.0055366583927362054 -0.012204628437757492 0.003425369835767605 0.012626367073763895 -0.00052127114163088174 0.0065712730270214709 -0.00018912910719585529 -0.02886761944233017 0.02152322754263878 0.0034967202432816952 -0.001101870710246157 -0.0024020005965139715 -0.021346439535874631 -0.0017142977478215471 0.00034179594375003829 0.00049171537992650247 0.0073447594256140294 0.00047710524724244269 -0.0050565492163172805 0.013501721737960069 -0.0020942993672025713 -0.0081356178480736854 -0.0046390105045101965 -0.0025567770392410463 -0.0016165029376658591 -0.028926566854278454 -0.015640693341203511 -0.017032488155941331 0.0031388658365573401 0.0020127074146229361
leaf_weight=116 270 119 114 112 590 111 48987 44 21 1067 345 50 61 48 496 24058 140 3548 421 195 89 293 262 837 43 79 94 69 220 45
leaf_count=116 270 119 114 112 590 111 48987 44 21 1067 345 50 61 48 496 24058 140 3548 421 195 89 293 262 837 43 79 94 69 220 45
internal_value=-3.36674e-12 0.00143043 -0.00455733 0.00293221 0.00160327 0.000601799 -2.03243e-05 0.000231825 -0.00237871 0.000319446 -0.00575701 -0.0147902 -0.00388671 -0.0127011 0.00120216 0.000208885 -0.000821296 -0.000998133 -0.00252365 0.000308552 0.00861424 -0.00255062 0.000525333 -0.00479967 -0.00825693 -0.0193009 -4.31527e-05 -0.00435595 -0.00191951 -0.00992556
internal_weight=82944 1162 233 929 817 701 81782 32795 1065 31730 548 94 454 109 517 30663 6605 6465 2489 1109 284 825 532 1380 543 122 3976 428 359 139
internal_count=82944 1162 233 929 817 701 81782 32795 1065 31730 548 94 454 109 517 30663 6605 6465 2489 1109 284 825 532 1380 543 122 3976 428 359 139
is_linear=0
shrinkage=0.05


Tree=190
num_leaves=31
num_cat=0
split_feature=6 3 5 0 4 4 3 1 4 6 4 6 1 2 5 2 2 4 5 1 1 3 2 4 2 11 0 0 5 11
split_gain=1.03472 4.74845 2.89285 4.89799 6.58336 6.39972 3.46586 3.27905 3.54697 6.60559 6.66679 6.86705 5.22491 4.82113 8.61375 4.87706 4.71695 3.56661 3.46638 4.45506 4.42155 3.3845 3.96584 3.2231 3.2189 5.61218 3.49045 3.29095 24.8867 12.6317
threshold=0.30811198432835407 2.525628365157282 -1.0414542967587235 0.077028608076209953 0.072170523892585367 -0.52925050854562683 0.82272587063186975 0.34040592890363669 0.55330734984315499 1.1133806251249947 -0.14434104778517126 1.7077461606570974 -0.58847126690694507 0.52318171061808105 -1.157767925009574 -0.16024052074154332 -0.42611546133801365 0.33679577816539868 -1.4100253104837919 -0.30901740724304944 -0.22950546707242678 -1.5868423785307526 -1.092568663875441 -0.28868209557034147 -0.61186358945460828 -0.76213734878520889 0.9868369036825142 -0.45565471011027431 1.0414542967587244 -0.76213734878520889
decision_type=2 2 2 2 2 2 2 2 2 2 2 2 2 2 2 2 2 2 2 2 2 2 2 2 2 2 2 2 2 2
left_child=1 -1 3 4 5 -2 7 8 9 12 -11 17 -5 14 15 16 -13 -12 -14 21 -21 23 -23 -20 25 -4 -27 28 -26 -30
right_child=2 -3 24 6 -6 -7 -8 -9 -10 10 11 13 18 -15 -16 -17 -18 -19 19 20 -22 22 -24 -25 27 26 -28 -29 29 -31
leaf_value=-0.00010222785877727214 -0.0068842278085144079 -0.01551738627254963 0.01531760029751679 -0.012536042595510716 -0.017501412458876344 0.008090663066599519 -0.006037522732175421 -0.0073697814258167106 -0.0014960284557290345 0.0011473885102827909 0.0057504895373395731 0.020207118275434231 0.0056719672964124874 0.0011347211175127406 0.0013261147330813944 0.015429855093155909 0.047368564324513557 -0.0066249176506595377 0.028965502103701947 -0.012920921879871559 -0.0017862159648999638 -0.0087708801351901559 0.0039179393362988217 0.0012634095521033965 0.0044075957372228343 0.0029154689319841813 -0.0079315061331726618 0.00019748958058608365 0.0055380218848586089 -0.033324732466776301
leaf_weight=58046 249 50 87 108 94 100 250 147 1899 1581 176 33 164 68 67 93 31 87 21 146 229 90 195 21 1375 1017 80 16341 30 69
leaf_count=58046 249 50 87 108 94 100 250 147 1899 1581 176 33 164 68 67 93 31 87 21 146 229 90 195 21 1375 1017 80 16341 30 69
internal_value=4.58824e-13 -0.000115495 0.000270033 -0.000702293 -0.00575675 -0.00259343 -0.0002881 -9.32712e-06 0.000206681 0.00124637 0.00280243 0.00751706 -0.00216608 0.0127954 0.0163352 0.0227404 0.0333634 0.00165672 -0.000872828 -0.00240181 -0.00612133 0.00186369 -8.90563e-05 0.0151145 0.000569372 0.00309387 0.00212444 0.000401592 0.0026643 -0.0215481
internal_weight=82944 58096 24848 5849 443 349 5406 5156 5009 3110 2136 555 974 292 224 157 64 263 866 702 375 327 285 42 18999 1184 1097 17815 1474 99
internal_count=82944 58096 24848 5849 443 349 5406 5156 5009 3110 2136 555 974 292 224 157 64 263 866 702 375 327 285 42 18999 1184 1097 17815 1474 99
is_linear=0
shrinkage=0.05


Tree=191
num_leaves=31
num_cat=0
split_feature=5 1 2 3 4 4 4 8 5 4 2 4 2 4 0 8 3 2 4 0 6 5 1 2 0 1 6 6 5 3
split_gain=1.00735 7.02531 4.85448 4.04289 3.68527 6.16739 3.28716 11.0197 10.6806 10.0504 15.6053 9.66844 16.7893 13.9601 9.28002 11.602 16.8412 27.21 10.8231 31.4534 18.5642 17.9529 12.1809 9.79035 9.34358 9.11981 10.5565 8.98363 32.9105 17.7711
threshold=0.80943899875565395 -0.009147584043004026 1.3094201532095757 1.2796142973360352 0.98633049319866772 0.74576208022338275 -1.1787852235788951 0.19793268244031401 1.2818148012906689 -1.2750125887690089 0.12610267146840728 -0.48113682595056956 0.038599347658847788 0.12028420648764231 1.1484874343550735 -0.27754979391328816 1.6101491251248989 1.5009240506625152 -0.072170523892585409 2.415323570517228 1.7077461606570974 1.3937669968154378 3.4175661722137254 1.5009240506625152 0.70385570796422381 1.0393197749355194 1.0000000180025095e-35 1.1133806251249947 1.1577679250095743 1.1785049233486096
decision_type=2 2 2 2 2 2 2 2 2 2 2 2 2 2 2 2 2 2 2 2 2 2 2 2 2 2 2 2 2 2
left_child=1 3 -3 -1 5 -4 7 8 9 -2 -11 12 -8 14 23 16 -16 -18 22 21 -21 -20 -17 27 -25 26 -10 -13 -29 -30
right_child=6 2 4 -5 -6 -7 11 -9 25 10 -12 13 -14 -15 15 18 17 -19 19 20 -22 -23 -24 24 -26 -27 -28 28 29 -31
leaf_value=0.00010078391798445349 -0.0047937175656587935 -0.0014093179290119446 -0.01126905743226376 -0.015061987834897908 -0.026303187227840055 0.018237896236990177 0.0094200054866049338 0.0015379120441589864 0.014013170728501554 0.021184542756932587 -0.02274535211851586 -0.0039237080997834304 0.0012365322532213057 0.00080764409874031621 0.0039335486403280426 0.0088176273193876758 0.074485801547765726 0.0020948426522038603 -0.024311828662493182 0.042626297735564769 -0.0083846690253384648 0.0053729657516981078 -0.0081875744651207418 -0.00901830839581148 -0.035242444494875465 -0.0023177590280047781 -0.020696376889944079 -0.0018070834123769576 0.068799245385785732 0.0070894906343892221
leaf_weight=50608 918 6704 113 44 29 21 731 2058 177 23 167 2808 4395 11817 152 348 25 27 187 42 31 70 151 198 41 713 25 273 28 20
leaf_count=50608 918 6704 113 44 29 21 731 2058 177 23 167 2808 4395 11817 152 348 25 27 187 42 31 70 151 198 41 713 25 273 28 20
internal_value=1.52966e-12 -0.000115849 -0.00161661 8.76124e-05 -0.0101423 -0.00664483 0.000262085 -0.0010381 -0.00365868 -0.00696016 -0.0174275 0.000510682 0.00240355 -8.75929e-05 -0.00249137 0.0016544 0.0123363 0.0368982 -0.000974203 -0.00799947 0.0209641 -0.0162265 0.00367176 -0.00376292 -0.013517 0.000339191 0.00971743 -0.00301788 0.00490603 0.0430868
internal_weight=82944 57519 6867 50652 163 134 25425 4081 2023 1108 190 21344 5126 16218 4401 1033 204 52 829 330 73 257 499 3368 239 915 202 3129 321 48
internal_count=82944 57519 6867 50652 163 134 25425 4081 2023 1108 190 21344 5126 16218 4401 1033 204 52 829 330 73 257 499 3368 239 915 202 3129 321 48
is_linear=0
shrinkage=0.05


Tree=192
num_leaves=31
num_cat=0
split_feature=6 3 5 0 4 4 0 4 3 4 5 0 1 6 3 2 0 1 5 0 4 2 11 0 5 11 4 0 1 1
split_gain=1.0615 4.30659 2.60678 4.66256 5.83635 5.65795 3.42422 3.80875 3.01422 4.17673 5.03458 7.14817 3.58237 3.38119 2.88032 3.69113 3.8814 3.0458 3.86601 4.68223 5.28928 2.86394 5.33368 2.83989 22.3601 11.3437 9.53602 8.04941 4.98084 4.20239
threshold=0.30811198432835407 2.525628365157282 -0.99864169796777025 0.077028608076209953 0.072170523892585367 -0.52925050854562683 0.79330981145986013 0.28868209557034169 -0.71466215834932989 -1.4434104778517083 -1.3816171070223857 1.7871021164344347 -0.8420222770200313 1.7077461606570974 0.84306873432985496 0.55865729442856826 1.8558287282042618 -0.009147584043004026 -1.2543280627515025 0.95849667322298504 -0.81793260411596802 -0.61186358945460828 -0.76213734878520889 -0.45565471011027431 1.0414542967587244 -0.76213734878520889 -0.52925050854562683 -0.22515042126907966 0.70581257981802781 -0.61259321683281442
decision_type=2 2 2 2 2 2 2 2 2 2 2 2 2 2 2 2 2 2 2 2 2 2 2 2 2 2 2 2 2 2
left_child=1 -1 3 4 5 -2 7 -5 -8 10 -10 -12 13 -11 17 16 -16 18 19 20 -14 22 -4 24 26 -26 -23 28 29 -25
right_child=2 -3 21 6 -6 -7 8 -9 9 12 11 -13 14 -15 15 -17 -18 -19 -20 -21 -22 23 -24 27 25 -27 -28 -29 -30 -31
leaf_value=-0.00010434517413857715 -0.0059411207510240149 -0.014784778103232386 0.015096578058403205 0.0045816229708153609 -0.014829102001239023 0.006892873636882845 -0.0030080446346352329 -0.0013640852618105317 -0.0023669043236206905 0.0013714894176357325 0.021781542791882758 0.0016310661050834155 -0.019123269259086195 0.022831223884056655 -0.015003518971542902 0.0025160010156564808 0.0063541021771155864 -0.0029232480230119593 -0.0037486986222270372 0.0027811846238213612 -8.3497454574964466e-05 0.0097989661465719292 0.0020429726925747737 -0.02091224894040462 0.0052462177040676281 -0.031581968565781909 0.0010768890615073404 0.0005307736857246561 -0.025479766561721379 -0.0027962075828573945
leaf_weight=58046 302 50 85 692 119 120 1157 441 118 45 82 95 53 31 117 76 26 851 394 1362 117 487 986 33 30 69 879 14986 26 1069
leaf_count=58046 302 50 85 692 119 120 1157 441 118 45 82 95 53 31 117 76 26 851 394 1362 117 487 986 33 30 69 879 14986 26 1069
internal_value=2.76454e-12 -0.00011698 0.000273505 -0.000614857 -0.00504942 -0.00229164 -0.000190763 0.00226736 -0.000806381 -4.98252e-05 0.00563303 0.0109663 -0.000595542 0.0101248 -0.000867486 -0.00638808 -0.0111203 -0.000432121 0.000668579 0.00180462 -0.00601943 0.000568737 0.00307897 0.000415801 0.00252349 -0.0204219 0.00418644 0.000224181 -0.00384905 -0.0033387
internal_weight=82944 58096 24848 6198 541 422 5657 1133 4524 3367 295 177 3072 76 2996 219 143 2777 1926 1532 170 18650 1071 17579 1465 99 1366 16114 1128 1102
internal_count=82944 58096 24848 6198 541 422 5657 1133 4524 3367 295 177 3072 76 2996 219 143 2777 1926 1532 170 18650 1071 17579 1465 99 1366 16114 1128 1102
is_linear=0
shrinkage=0.05


Tree=193
num_leaves=31
num_cat=0
split_feature=1 4 0 1 0 0 12 2 5 5 4 4 0 4 4 12 4 12 1 4 4 5 3 3 4 3 1 5 4 4
split_gain=1.00533 4.24707 3.55422 5.02838 6.673 3.99834 8.57104 4.19724 3.972 3.87696 13.3809 18.6959 11.9907 5.76084 12.2182 27.1468 9.18748 7.33935 4.46093 3.86349 3.60335 3.30314 3.02325 3.33723 15.6642 2.73282 3.04491 5.42322 3.0704 8.39258
threshold=3.0427843480465886 0.74576208022338275 1.3597098452314602 3.720430316313958 0.46183447651909676 1.8177858471927231 -0.6963106238227913 3.1142813650749299 1.366818105386481 1.3494002584220433 -0.096227365190113864 0.38490946076045557 2.4867904811690109 0.55330734984315499 -0.14434104778517126 -0.6963106238227913 0.40896630205798407 -0.6963106238227913 3.1754622378609842 -0.60142103243821221 0.28868209557034169 1.3293991099845883 3.1648958441122628 4.0676475521031525 0.26462525427281319 3.012964256391117 2.5499110629430759 1.254328062751503 0.86604628671102535 -1.1066146996863098
decision_type=2 2 2 2 2 2 2 2 2 2 2 2 2 2 2 2 2 2 2 2 2 2 2 2 2 2 2 2 2 2
left_child=25 2 3 4 -2 6 7 -4 20 10 19 21 13 14 18 16 -16 -15 -11 -7 -8 -12 -14 -24 -25 -1 27 -27 29 -29
right_child=1 -3 5 -5 -6 9 8 -9 -10 12 11 -13 22 17 15 -17 -18 -19 -20 -21 -22 -23 23 24 -26 26 -28 28 -30 -31
leaf_value=8.7598070530406191e-07 -0.0015731193650880772 -0.0074815884937008623 -0.038705560639500619 -0.0097805673187529602 0.02831827299073772 -0.0027984014186912625 7.0708045322034091e-05 -0.011881548804896218 -0.0068961203476398175 0.014451182856490569 -0.026438964290830952 0.0082273055746087016 0.0034017305922556364 0.014241269873755595 -0.010187772122480966 0.063484720679864812 0.030736568104475739 -0.023036582589797353 -0.012876604939810932 0.019317828938364985 0.024398785995562441 -0.051642524384750199 -0.0064137932962666346 -0.0078036402612924579 0.036609522156693323 -0.010914858705787497 0.0017074194078949606 0.0046852486196994076 0.0076376942295017973 0.049942160359350965
leaf_weight=80827 33 233 25 27 43 39 45 35 117 28 26 35 209 31 32 35 24 23 32 40 23 26 325 75 27 22 423 21 43 20
leaf_count=80827 33 233 25 27 43 39 45 35 117 28 26 35 209 31 32 35 24 23 32 40 23 26 325 75 27 22 423 21 43 20
internal_value=1.23717e-13 -0.00124595 -0.000173696 0.00875434 0.0153391 -0.000908192 -0.00663667 -0.0230582 -0.00131077 0.000485531 -0.00649752 -0.0200249 0.00186387 0.0123798 0.0173922 0.028941 0.00735123 -0.00163633 -0.000123637 0.00839969 0.00829932 -0.0390407 -0.00152569 -0.00393747 0.00395279 2.43199e-05 0.00360636 0.0111842 0.0169721 0.0267618
internal_weight=82944 1588 1355 103 76 1252 245 60 185 1007 166 87 841 205 151 91 56 54 60 79 68 52 636 427 102 81356 529 106 84 41
internal_count=82944 1588 1355 103 76 1252 245 60 185 1007 166 87 841 205 151 91 56 54 60 79 68 52 636 427 102 81356 529 106 84 41
is_linear=0
shrinkage=0.05


Tree=194
num_leaves=31
num_cat=0
split_feature=0 2 11 4 5 1 4 4 4 2 0 3 2 1 4 4 5 6 4 2 6 2 1 4 4 4 3 2 5 2
split_gain=0.982 2.40211 3.17124 3.29616 2.94363 9.24146 3.63991 2.92299 2.84894 2.08802 2.55425 2.0658 1.38229 1.8702 1.58309 2.5599 1.28878 2.51545 2.54186 1.82997 1.78321 2.23325 1.90932 1.7773 1.65294 1.60143 1.4238 1.44112 1.3844 1.32841
threshold=-1.5387088160037437 -0.31378653785074967 -0.76213734878520889 0.072170523892585367 0.95394520574413566 -0.36284974416855514 -0.26462525427281347 -0.38490946076045524 -0.50519366724809844 -0.038050289856669355 -1.6782105856976191 -0.3537715619580814 0.8739712444562644 0.88404498386268171 -0.096227365190113864 -0.64953471503326854 -0.12281920449442368 -1.0580783826696147 -0.21651157167775612 -0.84550077492262765 -1.0580783826696147 -0.61186358945460828 -0.8132926768560359 0.072170523892585367 0.16839788908269929 -0.072170523892585409 -0.81161548573550835 -0.84550077492262765 0.85925218225375766 -0.48955792594913528
decision_type=2 2 2 2 2 2 2 2 2 2 2 2 2 2 2 2 2 2 2 2 2 2 2 2 2 2 2 2 2 2
left_child=1 4 12 9 16 6 7 -6 -7 -4 -11 -10 13 14 15 -3 17 18 26 -19 22 -22 -18 25 -20 29 -1 -28 -24 -21
right_child=-2 2 3 -5 5 8 -8 -9 11 10 -12 -13 -14 -15 -16 -17 20 19 24 23 21 -23 28 -25 -26 -27 27 -29 -30 -31
leaf_value=-0.0094011544654874699 3.7022247822113266e-05 0.00044257274823849006 -0.0059028860314506723 0.0087772677245084203 -0.012171580051071943 0.014726277411988887 -0.0040869034292812176 -0.036688886072126128 0.008506897331348488 -0.026968548318435405 -0.0081742083440379549 -0.012084710980155344 -0.0061899915094608855 0.015064345606757949 -0.0026342000903005341 0.019310148179531098 0.0048551437861996507 0.00077140567972616974 0.0090747499776984448 -0.0047977910343749977 0.0062795108324913869 0.00099203963226283487 -0.0032017258231532581 0.0017920393004897052 -0.0017429711769008018 -0.010611661933515161 0.011112319168858921 -0.001565652599266755 0.0072684296530068811 0.0074558886117301881
leaf_weight=46 79273 64 266 32 20 38 26 31 21 29 48 29 69 24 154 25 110 255 142 282 270 767 442 95 47 122 27 132 34 24
leaf_count=46 79273 64 266 32 20 38 26 31 21 29 48 29 69 24 154 25 110 255 142 282 270 767 442 95 47 122 27 132 34 24
internal_value=1.24697e-12 -0.000799473 -0.00340914 -0.00656999 -0.000172624 -0.00666218 -0.0193123 -0.0270743 0.00440667 -0.0080018 -0.0152526 -0.00343624 0.000118591 0.0017489 0.000433792 0.00574245 0.000210481 -0.00105298 0.00220205 -0.00270142 0.00112285 0.00236872 -0.00108186 -0.00439467 0.00638463 -0.00576789 -0.00165408 0.000587211 -0.00245386 -0.00383672
internal_weight=82944 3671 711 375 2960 165 77 51 88 343 77 50 336 267 243 89 2795 1172 394 778 1623 1037 586 523 189 428 205 159 476 306
internal_count=82944 3671 711 375 2960 165 77 51 88 343 77 50 336 267 243 89 2795 1172 394 778 1623 1037 586 523 189 428 205 159 476 306
is_linear=0
shrinkage=0.05


Tree=195
num_leaves=31
num_cat=0
split_feature=4 3 5 4 8 7 5 2 5 2 8 2 5 2 5 12 5 6 6 0 0 8 8 7 5 4 2 1 7 5
split_gain=0.946873 4.27285 2.79156 8.0132 12.4015 9.69231 8.46857 7.62283 8.26398 8.66851 6.74904 6.12467 5.47361 5.23724 5.2115 12.7936 16.2218 7.07893 6.16502 6.83084 5.57556 5.54419 4.60894 4.53883 4.40179 4.36097 4.3597 5.31471 3.81089 3.91194
threshold=-1.1547283822813665 -1.7429568667747837 0.53960840463842696 -1.4193536365541799 1.0152913959672809 -0.74611299300944822 1.3937669968154378 2.017812398497465 1.2818148012906689 0.35865906613106963 -0.27754979391328816 -0.46879357366068736 1.3293991099845883 -0.26135395489559754 1.1577679250095743 -0.6963106238227913 1.2818148012906689 1.0000000180025095e-35 1.1133806251249947 2.584352261286655 1.761268499712193 -1.0174668528432229 -0.27754979391328816 -0.67395931651126872 0.99864169796777091 -1.6118083669344079 0.67118978185489986 0.15751385252972633 -0.44226394673424807 1.0414542967587244
decision_type=2 2 2 2 2 2 2 2 2 2 2 2 2 2 2 2 2 2 2 2 2 2 2 2 2 2 2 2 2 2
left_child=1 -1 26 5 6 12 7 8 9 10 11 -5 -4 -6 21 16 -16 -17 -19 25 -18 24 -11 -23 -7 -20 -3 -28 29 -12
right_child=-2 2 3 4 13 14 -8 -9 -10 22 28 -13 -14 -15 15 17 20 18 19 -21 -22 23 -24 -25 -26 -27 27 -29 -30 -31
leaf_value=-0.016301274193184719 7.5586766885929235e-05 8.2105099421549228e-05 -0.0083798996865038049 0.005423773128228883 0.014607437411937249 0.0099959894202332547 0.0028673896831293991 -0.017445965673717072 0.0021004894462761325 -0.020678480795958618 -0.0062266175054846275 -0.012213592853649508 0.002467017169281886 0.0012895400777323378 0.043907507532817684 0.0049539382022823087 0.018746718325736846 -0.011774212327465443 0.027211208076727007 -0.0094719236596517032 -0.0039784381036506089 0.0058197811024897879 -0.0095713474499165598 -0.0041099179007405623 -0.0039464758904535829 0.0034317051037671231 0.018857456584278818 -0.00069690546012550069 0.0084799464811940121 0.0069936599994737964
leaf_weight=42 69109 8421 406 60 91 188 280 146 290 127 198 274 163 391 43 728 55 141 31 63 53 138 353 693 81 51 69 70 111 78
leaf_count=42 69109 8421 406 60 91 188 280 146 290 127 198 274 163 391 43 728 55 141 31 63 53 138 353 693 81 51 69 70 111 78
internal_value=1.79086e-12 -0.000377573 -0.000329085 -0.00123884 -0.00336542 0.000561325 -0.00516804 -0.00654246 -0.00547478 -0.00730395 -0.00383799 -0.0090452 -0.00527261 0.00380391 0.00202689 0.0043574 0.0179353 0.00233544 -0.00432983 0.00290919 0.00759456 -0.000441329 -0.0125101 -0.00246094 0.0057977 0.0124215 0.000227078 0.00900994 0.000656096 -0.00249045
internal_weight=82944 13835 13793 5233 2399 2834 1917 1637 1491 1201 721 334 569 482 2265 1165 151 1014 286 145 108 1100 480 831 269 82 8560 139 387 276
internal_count=82944 13835 13793 5233 2399 2834 1917 1637 1491 1201 721 334 569 482 2265 1165 151 1014 286 145 108 1100 480 831 269 82 8560 139 387 276
is_linear=0
shrinkage=0.05


Tree=196
num_leaves=31
num_cat=0
split_feature=5 1 2 9 3 6 5 6 9 9 3 12 4 0 4 4 0 4 5 5 2 4 5 3 4 11 8 8 3 5
split_gain=0.976801 6.19884 4.42404 3.62865 3.29943 3.1021 11.7168 11.1784 7.04917 3.14063 3.09837 5.37831 4.52489 4.27656 5.56439 4.26241 4.74259 8.4843 7.70652 5.13951 4.14151 4.95674 3.73106 5.02872 4.62963 5.7884 3.87408 3.71053 3.64393 4.80731
threshold=0.80943899875565395 -0.009147584043004026 1.2692868776987039 -0.48131095111188943 1.2796142973360352 -0.91243033262339701 0.75810821674430728 -1.0580783826696147 -1.2514084728909125 -0.86635971200140094 0.14667010871090511 -1.0444659357341868 -0.40896630205798362 -0.57248596319465506 -0.93821681060361073 -0.67359155633079704 0.93116348106953939 -0.52925050854562683 -0.53960840463842685 0.30505838731795659 0.21904845369222903 -0.1683978890826997 0.53960840463842696 -0.28851336768288943 -1.5877515256368793 1.0801555850332116 1.0792073135794762 -0.27754979391328816 0.47181729978982057 -1.3293991099845879
decision_type=2 2 2 2 2 2 2 2 2 2 2 2 2 2 2 2 2 2 2 2 2 2 2 2 2 2 2 2 2 2
left_child=1 4 5 -4 -1 6 8 -8 -3 -10 11 12 -7 14 -13 28 17 -17 -18 20 -19 -22 24 26 25 -15 -24 -25 -12 -30
right_child=-2 2 3 -5 -6 10 7 -9 9 -11 15 13 -14 22 -16 16 18 19 -20 -21 21 -23 23 27 -26 -27 -28 -29 29 -31
leaf_value=8.8939344193758479e-05 0.0002580808848715829 0.020898530232079795 -0.016368727931338881 -0.0019631444736767341 -0.013608898586508903 0.010118195533809863 -0.047422824033225577 -0.0060971861457801424 -0.022296672686934471 -0.0020757203565491054 -0.0039817528990786638 -0.022970460042018782 -0.00048536281864590305 0.002680494628397615 -0.0036588565190382098 0.0079659737516425966 -0.0019059696446718424 -0.0034981635586577354 0.0086367056637614067 -0.0019127063282357683 -0.0014858197987180305 -0.016717312009647382 0.0059572842729895903 0.006600687360356159 -0.0017179279649648068 0.032992104831196016 0.024222941501509578 -0.0020527566412651094 0.008420895101014703 -0.017666877532348475
leaf_weight=50608 25425 32 90 85 44 222 30 36 22 151 416 44 184 63 245 161 481 248 271 927 74 192 94 187 2050 21 42 367 21 111
leaf_count=50608 25425 32 90 85 44 222 30 36 22 151 416 44 184 63 245 161 481 248 271 927 74 192 94 187 2050 21 42 367 21 111
internal_value=8.88488e-13 -0.000114079 -0.0015238 -0.00937173 7.70404e-05 -0.00131858 -0.00655864 -0.0248816 -0.000659549 -0.00464717 -0.00109742 -0.000100005 0.00531264 -0.000805927 -0.00659903 -0.00230689 -0.00138233 -0.00291996 0.00189332 -0.00413622 -0.00814634 -0.01248 -0.000213078 0.00298307 -0.00124651 0.0102584 0.0115981 0.000868171 -0.00627846 -0.0135166
internal_weight=82944 57519 6867 175 50652 6692 271 66 205 173 6421 3519 406 3113 289 2902 2354 1602 752 1441 514 266 2824 690 2134 84 136 554 548 132
internal_count=82944 57519 6867 175 50652 6692 271 66 205 173 6421 3519 406 3113 289 2902 2354 1602 752 1441 514 266 2824 690 2134 84 136 554 548 132
is_linear=0
shrinkage=0.05


Tree=197
num_leaves=31
num_cat=0
split_feature=6 3 2 3 9 4 4 2 3 2 1 6 8 1 3 0 9 2 9 6 9 8 4 9 0 4 9 0 2 0
split_gain=0.997898 3.88918 2.33349 7.53578 6.49762 10.0255 8.67154 7.60311 5.86028 5.85394 5.7337 4.88805 4.51861 24.8043 6.28294 6.4387 11.876 8.60156 4.4178 7.4078 5.21369 4.32827 5.25979 5.10524 8.96445 4.71167 12.1092 9.9813 5.84661 7.90035
threshold=0.30811198432835407 2.525628365157282 -0.46381375702681027 0.90331828486506838 -0.38504876088951151 0.96227365190113923 0.81793260411596835 1.7608667400725333 2.2740615210686115 -0.14518099212263344 1.5090210108706172 -0.91243033262339701 1.0792073135794762 -0.019524333269303272 -0.031199335516981234 0.79330981145986013 0.86635971200140116 -0.97059320135477201 0.19252438044475581 -1.0580783826696147 1.2514084728909129 1.0792073135794762 1.2750125887690096 0.57757314133426751 0.1314169962933068 1.154728382281367 -0.19252438044475575 0.51834313459342507 0.33995594555183412 0.077028608076209953
decision_type=2 2 2 2 2 2 2 2 2 2 2 2 2 2 2 2 2 2 2 2 2 2 2 2 2 2 2 2 2 2
left_child=1 2 3 12 9 6 -6 18 10 11 21 -4 -1 14 15 17 -17 -14 19 -8 -20 25 23 24 -23 26 -7 28 -28 -30
right_child=-2 -3 4 -5 5 8 7 -9 -10 -11 -12 -13 13 -15 -16 16 -18 -19 20 -21 -22 22 -24 -25 -26 -27 27 -29 29 -31
leaf_value=-3.3151353375816851e-05 0.0002651843765037447 -0.014052267590537668 -0.0035662461180434764 0.014298348493481938 -0.00019166423313964057 -0.012884708132116576 -0.023996189674707475 0.023873877999457449 0.0212230412196368 -0.0031166387348043473 -0.0023987572053984843 3.6630643247259474e-05 0.011910033759585499 0.035962992816073999 -0.0093866187762614572 -0.018496501156616781 0.0033983794420291455 0.001779570267578111 -0.010972223482788819 0.0040494247191932313 -0.0018784215989556792 0.010477673957523491 0.0033812287065988428 -0.00043648328425643863 -0.021960086197581857 0.0022635368190295885 0.0075306312998269821 -2.0155993596866993e-05 0.026675073069811806 0.008680445480175809
leaf_weight=23856 24848 50 1134 95 15628 74 27 22 40 3430 637 5543 232 53 128 105 151 2164 452 184 242 28 289 159 89 2458 328 254 123 121
leaf_count=23856 24848 50 1134 95 15628 74 27 22 40 3430 637 5543 232 53 128 105 151 2164 452 184 242 28 289 159 89 2458 328 254 123 121
internal_value=-3.61848e-13 -0.000113421 -0.000101414 0.000241083 -0.000394852 0.000103393 -0.000470367 -0.00516893 0.00216831 -0.00143773 0.00200116 -0.00057527 0.000191046 0.00207896 0.00143297 0.00195518 -0.00558194 0.00276048 -0.00587495 0.000460649 -0.00780119 0.0027156 -0.00133327 -0.00626983 -0.0141972 0.00339684 0.00649203 0.00822796 0.0118906 0.0177515
internal_weight=82944 58096 58046 26784 31262 21155 16555 927 4600 10107 4560 6677 26689 2833 2780 2652 256 2396 905 211 694 3923 565 276 117 3358 900 826 572 244
internal_count=82944 58096 58046 26784 31262 21155 16555 927 4600 10107 4560 6677 26689 2833 2780 2652 256 2396 905 211 694 3923 565 276 117 3358 900 826 572 244
is_linear=0
shrinkage=0.05


Tree=198
num_leaves=31
num_cat=0
split_feature=11 7 4 1 0 1 1 4 4 9 2 0 5 0 0 12 5 4 4 5 0 0 1 4 8 6 4 2 7 5
split_gain=1.02394 5.51893 7.82753 8.10363 7.93885 7.34816 5.16596 6.95987 7.22986 5.06974 9.20729 10.4976 8.70124 7.58241 6.88943 6.72594 10.0841 10.7846 9.44859 8.50645 7.903 7.55202 7.09305 9.48018 10.5129 6.78648 13.0323 6.28979 5.9719 5.97181
threshold=-0.76213734878520889 -0.90839521789717692 -0.89010312800855329 -0.55514405607970396 0.097081496934734154 -0.7463449955606104 0.55429999050410483 0.96227365190113923 1.2268989061739526 0.2887865706671337 -0.1351820684983506 -0.5529038133358225 0.59600457818367614 -0.38740005267999916 -0.64945329488412173 -0.6963106238227913 0.36482234569996347 -0.40896630205798362 0.67359155633079737 0.65128935879477212 -0.64945329488412173 -0.80650011932188403 0.65272054699695425 -0.67359155633079704 -1.7404918888887655 -0.91243033262339701 1.1306715409838386 0.75784785297978485 -0.081021797575299523 1.0414542967587244
decision_type=2 2 2 2 2 2 2 2 2 2 2 2 2 2 2 2 2 2 2 2 2 2 2 2 2 2 2 2 2 2
left_child=1 2 3 4 -1 -3 -4 -8 -9 10 11 12 -7 14 -11 -12 17 20 22 -20 -17 -21 28 24 -24 26 -23 -27 -18 -26
right_child=-2 5 6 -5 -6 9 7 8 -10 13 15 -13 -14 -15 -16 16 18 -19 19 21 -22 25 23 -25 29 27 -28 -29 -30 -31
leaf_value=0.027752719421146644 -0.00012160268794482606 0.0048161273177860621 -0.0040859434918148882 5.9024999769242257e-05 7.4124073779041115e-05 -0.002030659986792025 -0.0046904287118545301 0.020648088952509205 -0.00061071947116782016 0.0035384619260188559 0.0024433834658250395 0.0051589843549096808 0.010134216244422043 -0.00061223285727282823 0.022479022991017634 0.029579793340103196 0.00090925902505980996 -0.0098605342082654836 -0.017092594890486413 0.019652681383423701 -0.0011133864622061163 -0.024857627180463169 -0.037027917995497032 0.0029300939445693524 -0.0096842560438326255 0.00076430848935634191 0.01531648515827126 -0.0078681105306799577 0.0074905027912254042 0.0030176151239711003
leaf_weight=63 56076 942 1876 264 44 1129 156 81 79 510 2052 2342 169 12313 53 22 643 581 101 39 449 80 27 609 239 797 27 287 743 151
leaf_count=63 56076 942 1876 264 44 1129 156 81 79 510 2052 2342 169 12313 53 22 643 581 101 39 449 80 27 609 239 797 27 287 743 151
internal_value=1.47946e-12 0.000253796 -0.00195295 0.00476352 0.0163709 0.000486501 -0.00308973 0.0028245 0.0101516 0.00031193 0.00112807 0.00316 -0.000446789 -0.000352782 0.0053215 4.78508e-05 -0.000977307 -0.0053024 0.000238295 -0.00314347 0.000320265 -0.00199805 0.00210443 -0.00104698 -0.00685523 -0.00270702 -0.0147202 -0.00152121 0.0044373 -0.00476635
internal_weight=82944 26868 2563 371 107 24305 2192 316 160 23363 10487 3640 1298 12876 563 6847 4795 1052 3743 1331 471 1230 2412 1026 417 1191 107 1084 1386 390
internal_count=82944 26868 2563 371 107 24305 2192 316 160 23363 10487 3640 1298 12876 563 6847 4795 1052 3743 1331 471 1230 2412 1026 417 1191 107 1084 1386 390
is_linear=0
shrinkage=0.05


Tree=199
num_leaves=31
num_cat=0
split_feature=5 8 12 2 2 6 3 5 7 0 2 5 2 4 9 7 5 0 2 8 0 2 0 2 7 0 5 5 3 5
split_gain=0.93973 8.94832 2.54299 1.90459 1.76666 1.81484 1.29371 2.8796 10.457 9.79826 8.44851 5.76968 5.30782 4.34276 12.748 6.94305 9.97943 5.99779 5.85416 4.95941 10.9723 4.69784 4.69066 4.43281 5.41088 4.3041 3.62835 3.63464 3.51465 4.31943
threshold=-1.4141003550473299 -1.7404918888887655 0.69631062382279152 -0.39059627803255503 -0.6362930140224613 1.7077461606570974 -0.42301689786190649 0.42390874111029014 -0.17427846833443938 1.9713770334385832 0.8739712444562644 -1.3293991099845879 -0.89256318450635053 -0.52925050854562683 -1.4439328533356683 -0.90839521789717692 -1.3293991099845879 1.9255171228095136 0.15224671161393585 0.37100531152820115 0.9868369036825142 -0.50085137418782966 0.3709331010095997 0.0095706452151017914 -0.74611299300944822 -0.61734113115645572 0.24472827403648026 -1.2818148012906687 0.72373410581433328 -0.85925218225375766
decision_type=2 2 2 2 2 2 2 2 2 2 2 2 2 2 2 2 2 2 2 2 2 2 2 2 2 2 2 2 2 2
left_child=1 -1 4 -4 -3 -6 -2 8 13 10 12 -11 -10 14 22 16 18 19 -16 28 21 -21 23 24 -8 -23 27 -27 29 -17
right_child=6 2 3 -5 5 -7 7 -9 9 11 -12 -13 -14 -15 15 17 -18 -19 -20 20 -22 25 -24 -25 -26 26 -28 -29 -30 -31
leaf_value=-0.011578016256827455 0.00022298931895232683 0.0073111200857714845 0.022319216579198838 0.0061579169890729176 -0.00045382500291822711 0.0065150148524726562 0.0014364165838742339 0.00010655824990692661 0.0047288406152423378 0.024243748759747382 -0.02148986348326792 0.0020515680214884926 -0.0024248499401133662 -0.00039128874591904338 0.025431176439620728 0.00028456472639795216 -0.0038722908972496431 0.01628617242786963 8.7764518966357567e-05 -0.0037787432724144311 -0.025595135779844392 -0.0016446841920110128 0.023390916761253839 0.00059437200561380729 0.013497743277803488 0.0085251518973597767 0.015050611566402951 0.00076052883786021503 -0.016686330080582675 -0.0054727652206361006
leaf_weight=119 32795 116 20 206 590 111 136 31209 269 54 57 64 7188 6636 86 720 84 53 31 243 36 248 46 195 294 297 96 306 44 595
leaf_count=119 32795 116 20 206 590 111 136 31209 269 54 57 64 7188 6636 86 720 84 53 31 243 36 248 46 195 294 297 96 306 44 595
internal_value=2.08426e-12 0.0014119 0.00289397 0.00758812 0.00159547 0.000649657 -2.0061e-05 -0.000182774 -0.000690693 -0.00208887 -0.00231337 0.0122073 -0.00216679 0.000361037 0.00178338 0.000318457 0.00927627 -0.000364075 0.0187163 -0.000705454 0.00160033 0.00242305 0.00798148 0.00684735 0.009683 0.00401443 0.00602225 0.0045849 -0.00278558 -0.00232046
internal_weight=82944 1162 1043 226 817 701 81782 48987 17778 7632 7514 118 7457 10146 3510 2839 201 2638 117 2585 1226 1190 671 625 430 947 699 603 1359 1315
internal_count=82944 1162 1043 226 817 701 81782 48987 17778 7632 7514 118 7457 10146 3510 2839 201 2638 117 2585 1226 1190 671 625 430 947 699 603 1359 1315
is_linear=0
shrinkage=0.05


end of trees

feature_importances:
Column_4=1137
Column_2=901
Column_0=843
Column_5=842
Column_3=500
Column_1=452
Column_6=338
Column_8=230
Column_9=224
Column_7=219
Column_11=161
Column_12=120
Column_10=33

parameters:
[boosting: gbdt]
[objective: regression]
[metric: rmse]
[tree_learner: serial]
[device_type: cpu]
[data_sample_strategy: bagging]
[data: ]
[valid: ]
[num_iterations: 200]
[learning_rate: 0.05]
[num_leaves: 31]
[num_threads: 0]
[seed: 0]
[deterministic: 0]
[force_col_wise: 0]
[force_row_wise: 0]
[histogram_pool_size: -1]
[max_depth: -1]
[min_data_in_leaf: 20]
[min_sum_hessian_in_leaf: 0.001]
[bagging_fraction: 1]
[pos_bagging_fraction: 1]
[neg_bagging_fraction: 1]
[bagging_freq: 0]
[bagging_seed: 3]
[bagging_by_query: 0]
[feature_fraction: 0.9]
[feature_fraction_bynode: 1]
[feature_fraction_seed: 2]
[extra_trees: 0]
[extra_seed: 6]
[early_stopping_round: 0]
[early_stopping_min_delta: 0]
[first_metric_only: 0]
[max_delta_step: 0]
[lambda_l1: 0]
[lambda_l2: 0]
[linear_lambda: 0]
[min_gain_to_split: 0]
[drop_rate: 0.1]
[max_drop: 50]
[skip_drop: 0.5]
[xgboost_dart_mode: 0]
[uniform_drop: 0]
[drop_seed: 4]
[top_rate: 0.2]
[other_rate: 0.1]
[min_data_per_group: 100]
[max_cat_threshold: 32]
[cat_l2: 10]
[cat_smooth: 10]
[max_cat_to_onehot: 4]
[top_k: 20]
[monotone_constraints: 0,0,0,0,0,0,0,0,0,0,0,0,0]
[monotone_constraints_method: basic]
[monotone_penalty: 0]
[feature_contri: ]
[forcedsplits_filename: ]
[refit_decay_rate: 0.9]
[cegb_tradeoff: 1]
[cegb_penalty_split: 0]
[cegb_penalty_feature_lazy: ]
[cegb_penalty_feature_coupled: ]
[path_smooth: 0]
[interaction_constraints: ]
[verbosity: -1]
[saved_feature_importance_type: 0]
[use_quantized_grad: 0]
[num_grad_quant_bins: 4]
[quant_train_renew_leaf: 0]
[stochastic_rounding: 1]
[linear_tree: 0]
[max_bin: 255]
[max_bin_by_feature: ]
[min_data_in_bin: 3]
[bin_construct_sample_cnt: 200000]
[data_random_seed: 1]
[is_enable_sparse: 1]
[enable_bundle: 1]
[use_missing: 1]
[zero_as_missing: 0]
[feature_pre_filter: 1]
[pre_partition: 0]
[two_round: 0]
[header: 0]
[label_column: ]
[weight_column: ]
[group_column: ]
[ignore_column: ]
[categorical_feature: ]
[forcedbins_filename: ]
[precise_float_parser: 0]
[parser_config_file: ]
[objective_seed: 5]
[num_class: 1]
[is_unbalance: 0]
[scale_pos_weight: 1]
[sigmoid: 1]
[boost_from_average: 1]
[reg_sqrt: 0]
[alpha: 0.9]
[fair_c: 1]
[poisson_max_delta_step: 0.7]
[tweedie_variance_power: 1.5]
[lambdarank_truncation_level: 30]
[lambdarank_norm: 1]
[label_gain: ]
[lambdarank_position_bias_regularization: 0]
[eval_at: ]
[multi_error_top_k: 1]
[auc_mu_weights: ]
[num_machines: 1]
[local_listen_port: 12400]
[time_out: 120]
[machine_list_filename: ]
[machines: ]
[gpu_platform_id: -1]
[gpu_device_id: -1]
[gpu_use_dp: 0]
[num_gpu: 1]

end of parameters

pandas_categorical:null
