grid_cell_id,lon,lat,lat_abs,land_fraction,ocean_basin,psl_trend_forced
0,1.25,-88.75,88.75,1.0,0,-262.63036941269763
1,3.75,-88.75,88.75,1.0,0,-264.53601803223205
2,6.25,-88.75,88.75,1.0,0,-266.39779005799454
3,8.75,-88.75,88.75,1.0,0,-268.2058313626904
4,11.25,-88.75,88.75,1.0,0,-270.06919249637895
5,13.75,-88.75,88.75,1.0,0,-271.8446915941838
6,16.25,-88.75,88.75,1.0,0,-273.4199457018442
7,18.75,-88.75,88.75,1.0,0,-274.9149054162561
8,21.25,-88.75,88.75,1.0,0,-276.32766897803486
9,23.75,-88.75,88.75,1.0,0,-277.6573525528191
10,26.25,-88.75,88.75,1.0,0,-278.90395493576597
11,28.75,-88.75,88.75,1.0,0,-280.06842644120263
12,31.25,-88.75,88.75,1.0,0,-281.15278524201403
13,33.75,-88.75,88.75,1.0,0,-282.22577089197245
14,36.25,-88.75,88.75,1.0,0,-283.207739592247
15,38.75,-88.75,88.75,1.0,0,-284.0491156411268
16,41.25,-88.75,88.75,1.0,0,-284.8258604641484
17,43.75,-88.75,88.75,1.0,0,-285.54211046626006
18,46.25,-88.75,88.75,1.0,0,-286.20204399975887
19,48.75,-88.75,88.75,1.0,0,-286.8097112064491
20,51.25,-88.75,88.75,1.0,0,-287.368981842419
21,53.75,-88.75,88.75,1.0,0,-287.88358783971603
22,56.25,-88.75,88.75,1.0,0,-288.38934446624825
23,58.75,-88.75,88.75,1.0,0,-288.84793867558716
24,61.25,-88.75,88.75,1.0,0,-289.2364556769895
25,63.75,-88.75,88.75,1.0,0,-289.59208701233297
26,66.25,-88.75,88.75,1.0,0,-289.91559905989675
27,68.75,-88.75,88.75,1.0,0,-290.20746751540383
28,71.25,-88.75,88.75,1.0,0,-290.4677010043731
29,73.75,-88.75,88.75,1.0,0,-290.6955512025579
30,76.25,-88.75,88.75,1.0,0,-290.8893625985575
31,78.75,-88.75,88.75,1.0,0,-291.05576837777136
32,81.25,-88.75,88.75,1.0,0,-291.17095410795184
33,83.75,-88.75,88.75,1.0,0,-291.22842529729434
34,86.25,-88.75,88.75,1.0,0,-291.23547453279184
35,88.75,-88.75,88.75,1.0,0,-291.1866258009986
36,91.25,-88.75,88.75,1.0,0,-291.0759489359779
37,93.75,-88.75,88.75,1.0,0,-290.8970169858439
38,96.25,-88.75,88.75,1.0,0,-290.6430187276448
39,98.75,-88.75,88.75,1.0,0,-290.3069719276772
40,101.25,-88.75,88.75,1.0,0,-289.84140014538764
41,103.75,-88.75,88.75,1.0,0,-289.2520063967952
42,106.25,-88.75,88.75,1.0,0,-288.5872825597636
43,108.75,-88.75,88.75,1.0,0,-287.80942333093077
44,111.25,-88.75,88.75,1.0,0,-286.9130992736305
45,113.75,-88.75,88.75,1.0,0,-285.89393727726963
46,116.25,-88.75,88.75,1.0,0,-284.7486388995292
47,118.75,-88.75,88.75,1.0,0,-283.4750612845694
48,121.25,-88.75,88.75,1.0,0,-282.07232314307726
49,123.75,-88.75,88.75,1.0,0,-280.42138775771764
50,126.25,-88.75,88.75,1.0,0,-278.61622468090496
51,128.75,-88.75,88.75,1.0,0,-276.80325198071847
52,131.25,-88.75,88.75,1.0,0,-274.8790049560303
53,133.75,-88.75,88.75,1.0,0,-272.8518030746665
54,136.25,-88.75,88.75,1.0,0,-270.73106410621455
55,138.75,-88.75,88.75,1.0,0,-268.52766891348864
56,141.25,-88.75,88.75,1.0,0,-266.2536221003062
57,143.75,-88.75,88.75,1.0,0,-263.92118403787083
58,146.25,-88.75,88.75,1.0,0,-261.37677778858875
59,148.75,-88.75,88.75,1.0,0,-258.79970160792567
60,151.25,-88.75,88.75,1.0,0,-256.37859691792147
61,153.75,-88.75,88.75,1.0,0,-253.96142581935183
62,156.25,-88.75,88.75,1.0,0,-251.56130156013043
63,158.75,-88.75,88.75,1.0,0,-249.19081774440892
64,161.25,-88.75,88.75,1.0,0,-246.86199364436843
65,163.75,-88.75,88.75,1.0,0,-244.58599345560998
66,166.25,-88.75,88.75,1.0,0,-242.37278887291336
67,168.75,-88.75,88.75,1.0,0,-240.09241750855892
68,171.25,-88.75,88.75,1.0,0,-237.91544600925428
69,173.75,-88.75,88.75,1.0,0,-235.97657339675388
70,176.25,-88.75,88.75,1.0,0,-234.13512968519137
71,178.75,-88.75,88.75,1.0,0,-232.39608546882502
72,181.25,-88.75,88.75,1.0,0,-230.76351810667748
73,183.75,-88.75,88.75,1.0,0,-229.2407427109172
74,186.25,-88.75,88.75,1.0,0,-227.8304688965985
75,188.75,-88.75,88.75,1.0,0,-226.53488497602038
76,191.25,-88.75,88.75,1.0,0,-225.28683397617016
77,193.75,-88.75,88.75,1.0,0,-224.1848246946938
78,196.25,-88.75,88.75,1.0,0,-223.27842969990277
79,198.75,-88.75,88.75,1.0,0,-222.48942184091277
80,201.25,-88.75,88.75,1.0,0,-221.8170175759106
81,203.75,-88.75,88.75,1.0,0,-221.2602925081952
82,206.25,-88.75,88.75,1.0,0,-220.81784354636048
83,208.75,-88.75,88.75,1.0,0,-220.48785397060678
84,211.25,-88.75,88.75,1.0,0,-220.26853253680753
85,213.75,-88.75,88.75,1.0,0,-220.16370968100452
86,216.25,-88.75,88.75,1.0,0,-220.189425848766
87,218.75,-88.75,88.75,1.0,0,-220.31722253242967
88,221.25,-88.75,88.75,1.0,0,-220.5402730861002
89,223.75,-88.75,88.75,1.0,0,-220.8537961304139
90,226.25,-88.75,88.75,1.0,0,-221.25202598551925
91,228.75,-88.75,88.75,1.0,0,-221.72845770658307
92,231.25,-88.75,88.75,1.0,0,-222.27606593755854
93,233.75,-88.75,88.75,1.0,0,-222.8872710566142
94,236.25,-88.75,88.75,1.0,0,-223.60988446119748
95,238.75,-88.75,88.75,1.0,0,-224.38574493861054
96,241.25,-88.75,88.75,1.0,0,-225.13768423339297
97,243.75,-88.75,88.75,1.0,0,-225.90807470265813
98,246.25,-88.75,88.75,1.0,0,-226.68562896150524
99,248.75,-88.75,88.75,1.0,0,-227.4594070096574
100,251.25,-88.75,88.75,1.0,0,-228.21843014793936
101,253.75,-88.75,88.75,1.0,0,-228.95189782986822
102,256.25,-88.75,88.75,1.0,0,-229.64994981270075
103,258.75,-88.75,88.75,1.0,0,-230.3481494655194
104,261.25,-88.75,88.75,1.0,0,-230.97648645993004
105,263.75,-88.75,88.75,1.0,0,-231.49107446394578
106,266.25,-88.75,88.75,1.0,0,-231.93812614771704
107,268.75,-88.75,88.75,1.0,0,-232.31537256263147
108,271.25,-88.75,88.75,1.0,0,-232.62246164027687
109,273.75,-88.75,88.75,1.0,0,-232.8605614671371
110,276.25,-88.75,88.75,1.0,0,-233.03247116608208
111,278.75,-88.75,88.75,1.0,0,-233.1430937769129
112,281.25,-88.75,88.75,1.0,0,-233.20154878747448
113,283.75,-88.75,88.75,1.0,0,-233.20525919004163
114,286.25,-88.75,88.75,1.0,0,-233.17140454096344
115,288.75,-88.75,88.75,1.0,0,-233.1174842514121
116,291.25,-88.75,88.75,1.0,0,-233.05519544925713
117,293.75,-88.75,88.75,1.0,0,-232.99673612977375
118,296.25,-88.75,88.75,1.0,0,-232.95448723267975
119,298.75,-88.75,88.75,1.0,0,-232.9407992828971
120,301.25,-88.75,88.75,1.0,0,-232.9679210789342
121,303.75,-88.75,88.75,1.0,0,-233.06366541413345
122,306.25,-88.75,88.75,1.0,0,-233.24424442630578
123,308.75,-88.75,88.75,1.0,0,-233.49614304507188
124,311.25,-88.75,88.75,1.0,0,-233.83867005364218
125,313.75,-88.75,88.75,1.0,0,-234.28000904410965
126,316.25,-88.75,88.75,1.0,0,-234.82728934146544
127,318.75,-88.75,88.75,1.0,0,-235.4865215578069
128,321.25,-88.75,88.75,1.0,0,-236.26245315230457
129,323.75,-88.75,88.75,1.0,0,-237.15838533788312
130,326.25,-88.75,88.75,1.0,0,-238.2633699730643
131,328.75,-88.75,88.75,1.0,0,-239.51925570754645
132,331.25,-88.75,88.75,1.0,0,-240.81497520239634
133,333.75,-88.75,88.75,1.0,0,-242.22307851978326
134,336.25,-88.75,88.75,1.0,0,-243.7374771227245
135,338.75,-88.75,88.75,1.0,0,-245.35007356734621
136,341.25,-88.75,88.75,1.0,0,-247.05144601040323
137,343.75,-88.75,88.75,1.0,0,-248.831074921139
138,346.25,-88.75,88.75,1.0,0,-250.67702868517
139,348.75,-88.75,88.75,1.0,0,-252.71643761726494
140,351.25,-88.75,88.75,1.0,0,-254.79923098141214
141,353.75,-88.75,88.75,1.0,0,-256.76304442562275
142,356.25,-88.75,88.75,1.0,0,-258.7316242161207
143,358.75,-88.75,88.75,1.0,0,-260.6916396070397
144,1.25,-86.25,86.25,1.0,0,-267.3589818186683
145,3.75,-86.25,86.25,1.0,0,-270.626257524743
146,6.25,-86.25,86.25,1.0,0,-273.3784036053438
147,8.75,-86.25,86.25,1.0,0,-275.6154738005074
148,11.25,-86.25,86.25,1.0,0,-277.4379485826156
149,13.75,-86.25,86.25,1.0,0,-278.69397279848863
150,16.25,-86.25,86.25,1.0,0,-279.43215932311017
151,18.75,-86.25,86.25,1.0,0,-279.82257618885995
152,21.25,-86.25,86.25,1.0,0,-279.9159154752593
153,23.75,-86.25,86.25,1.0,0,-279.76283211896083
154,26.25,-86.25,86.25,1.0,0,-279.41288428113523
155,28.75,-86.25,86.25,1.0,0,-278.91390610877073
156,31.25,-86.25,86.25,1.0,0,-278.3115905271702
157,33.75,-86.25,86.25,1.0,0,-277.6037847075249
158,36.25,-86.25,86.25,1.0,0,-276.8825524152264
159,38.75,-86.25,86.25,1.0,0,-276.23568954222833
160,41.25,-86.25,86.25,1.0,0,-275.6457618790714
161,43.75,-86.25,86.25,1.0,0,-275.1353114773232
162,46.25,-86.25,86.25,1.0,0,-274.72301783097686
163,48.75,-86.25,86.25,1.0,0,-274.42369928374035
164,51.25,-86.25,86.25,1.0,0,-274.24880816468055
165,53.75,-86.25,86.25,1.0,0,-274.20732882430184
166,56.25,-86.25,86.25,1.0,0,-274.332113692106
167,58.75,-86.25,86.25,1.0,0,-274.6398033024771
168,61.25,-86.25,86.25,1.0,0,-275.083992558642
169,63.75,-86.25,86.25,1.0,0,-275.68060371186374
170,66.25,-86.25,86.25,1.0,0,-276.4301424426108
171,68.75,-86.25,86.25,1.0,0,-277.3312765083696
172,71.25,-86.25,86.25,1.0,0,-278.3804243602608
173,73.75,-86.25,86.25,1.0,0,-279.5710813172224
174,76.25,-86.25,86.25,1.0,0,-280.8929846059004
175,78.75,-86.25,86.25,1.0,0,-282.44689290278797
176,81.25,-86.25,86.25,1.0,0,-284.11089788017404
177,83.75,-86.25,86.25,1.0,0,-285.7212931105546
178,86.25,-86.25,86.25,1.0,0,-287.3531989417215
179,88.75,-86.25,86.25,1.0,0,-288.96882851075253
180,91.25,-86.25,86.25,1.0,0,-290.5261236034298
181,93.75,-86.25,86.25,1.0,0,-291.9785206190763
182,96.25,-86.25,86.25,1.0,0,-293.2751008327516
183,98.75,-86.25,86.25,1.0,0,-294.361145296407
184,101.25,-86.25,86.25,1.0,0,-295.20342457676
185,103.75,-86.25,86.25,1.0,0,-295.6072689685822
186,106.25,-86.25,86.25,1.0,0,-295.5262533848192
187,108.75,-86.25,86.25,1.0,0,-294.95558346553804
188,111.25,-86.25,86.25,1.0,0,-293.8412937992698
189,113.75,-86.25,86.25,1.0,0,-292.13861478215
190,116.25,-86.25,86.25,1.0,0,-289.8153001214931
191,118.75,-86.25,86.25,1.0,0,-286.8548342565866
192,121.25,-86.25,86.25,1.0,0,-283.25930191341945
193,123.75,-86.25,86.25,1.0,0,-278.7024266843356
194,126.25,-86.25,86.25,1.0,0,-273.4707451922207
195,128.75,-86.25,86.25,1.0,0,-268.1032240575654
196,131.25,-86.25,86.25,1.0,0,-262.3949904553088
197,133.75,-86.25,86.25,1.0,0,-256.4559693815219
198,136.25,-86.25,86.25,1.0,0,-250.40025702715684
199,138.75,-86.25,86.25,1.0,0,-244.3411588759825
200,141.25,-86.25,86.25,1.0,0,-238.38605864278296
201,143.75,-86.25,86.25,1.0,0,-232.63138333799012
202,146.25,-86.25,86.25,1.0,0,-226.80940716032845
203,148.75,-86.25,86.25,1.0,0,-221.4353339439595
204,151.25,-86.25,86.25,1.0,0,-216.8425177207275
205,153.75,-86.25,86.25,1.0,0,-212.6627059134855
206,156.25,-86.25,86.25,1.0,0,-208.89424264785464
207,158.75,-86.25,86.25,1.0,0,-205.52422471567394
208,161.25,-86.25,86.25,1.0,0,-202.53137906559806
209,163.75,-86.25,86.25,1.0,0,-199.88888263703166
210,166.25,-86.25,86.25,1.0,0,-197.56688472284557
211,168.75,-86.25,86.25,1.0,0,-195.42095068688164
212,171.25,-86.25,86.25,1.0,0,-193.58954311674515
213,173.75,-86.25,86.25,1.0,0,-192.11059871430342
214,176.25,-86.25,86.25,1.0,0,-190.82751623843774
215,178.75,-86.25,86.25,1.0,0,-189.72051857738413
216,181.25,-86.25,86.25,1.0,0,-188.77172749723604
217,183.75,-86.25,86.25,1.0,0,-187.96484810994258
218,186.25,-86.25,86.25,1.0,0,-187.28478504998333
219,188.75,-86.25,86.25,1.0,0,-186.71714315159687
220,191.25,-86.25,86.25,1.0,0,-186.22901264161345
221,193.75,-86.25,86.25,1.0,0,-185.84081975566806
222,196.25,-86.25,86.25,1.0,0,-185.54096815943635
223,198.75,-86.25,86.25,1.0,0,-185.29235266337594
224,201.25,-86.25,86.25,1.0,0,-185.0840890550024
225,203.75,-86.25,86.25,1.0,0,-184.90664750987827
226,206.25,-86.25,86.25,1.0,0,-184.7521047843564
227,208.75,-86.25,86.25,1.0,0,-184.614343320833
228,211.25,-86.25,86.25,1.0,0,-184.48915244041365
229,213.75,-86.25,86.25,1.0,0,-184.37367513812052
230,216.25,-86.25,86.25,1.0,0,-184.27208109393806
231,218.75,-86.25,86.25,1.0,0,-184.18756781383436
232,221.25,-86.25,86.25,1.0,0,-184.12610000920503
233,223.75,-86.25,86.25,1.0,0,-184.0987487522444
234,226.25,-86.25,86.25,1.0,0,-184.12041329666334
235,228.75,-86.25,86.25,1.0,0,-184.2102205714769
236,231.25,-86.25,86.25,1.0,0,-184.3917022226951
237,233.75,-86.25,86.25,1.0,0,-184.69255098917148
238,236.25,-86.25,86.25,1.0,0,-185.20092001413286
239,238.75,-86.25,86.25,1.0,0,-185.9509375191635
240,241.25,-86.25,86.25,1.0,0,-186.89149925182744
241,243.75,-86.25,86.25,1.0,0,-188.08516253510075
242,246.25,-86.25,86.25,1.0,0,-189.54275356975805
243,248.75,-86.25,86.25,1.0,0,-191.26165699782496
244,251.25,-86.25,86.25,1.0,0,-193.22352649144995
245,253.75,-86.25,86.25,1.0,0,-195.39322147022546
246,256.25,-86.25,86.25,1.0,0,-197.71898941101
247,258.75,-86.25,86.25,1.0,0,-200.31158702063843
248,261.25,-86.25,86.25,1.0,0,-202.8782735282136
249,263.75,-86.25,86.25,1.0,0,-205.12928795585307
250,266.25,-86.25,86.25,1.0,0,-207.162303950479
251,268.75,-86.25,86.25,1.0,0,-208.90653368477007
252,271.25,-86.25,86.25,1.0,0,-210.30848823596793
253,273.75,-86.25,86.25,1.0,0,-211.33476927366723
254,276.25,-86.25,86.25,1.0,0,-211.973952929637
255,278.75,-86.25,86.25,1.0,0,-212.23733567688512
256,281.25,-86.25,86.25,1.0,0,-212.13139745134964
257,283.75,-86.25,86.25,1.0,0,-211.6801351330502
258,286.25,-86.25,86.25,1.0,0,-211.0361470737493
259,288.75,-86.25,86.25,1.0,0,-210.26097270650308
260,291.25,-86.25,86.25,1.0,0,-209.41210155166868
261,293.75,-86.25,86.25,1.0,0,-208.5385161538871
262,296.25,-86.25,86.25,1.0,0,-207.67944799132724
263,298.75,-86.25,86.25,1.0,0,-206.86427384499817
264,301.25,-86.25,86.25,1.0,0,-206.11356077993122
265,303.75,-86.25,86.25,1.0,0,-205.40826383736166
266,306.25,-86.25,86.25,1.0,0,-204.82208353971865
267,308.75,-86.25,86.25,1.0,0,-204.39338389630223
268,311.25,-86.25,86.25,1.0,0,-204.1058850916914
269,313.75,-86.25,86.25,1.0,0,-203.99355106915272
270,316.25,-86.25,86.25,1.0,0,-204.0989442148026
271,318.75,-86.25,86.25,1.0,0,-204.47190574746276
272,321.25,-86.25,86.25,1.0,0,-205.16740349499162
273,323.75,-86.25,86.25,1.0,0,-206.24261019477015
274,326.25,-86.25,86.25,1.0,0,-207.91179986339748
275,328.75,-86.25,86.25,1.0,0,-210.1969407099842
276,331.25,-86.25,86.25,1.0,0,-212.892519480355
277,333.75,-86.25,86.25,1.0,0,-216.1183621018961
278,336.25,-86.25,86.25,1.0,0,-219.85446135771534
279,338.75,-86.25,86.25,1.0,0,-224.057638276176
280,341.25,-86.25,86.25,1.0,0,-228.66245963535684
281,343.75,-86.25,86.25,1.0,0,-233.5830516225088
282,346.25,-86.25,86.25,1.0,0,-238.71585270557227
283,348.75,-86.25,86.25,1.0,0,-244.3145358691531
284,351.25,-86.25,86.25,1.0,0,-249.8325286971297
285,353.75,-86.25,86.25,1.0,0,-254.76082938005175
286,356.25,-86.25,86.25,1.0,0,-259.3757413786153
287,358.75,-86.25,86.25,1.0,0,-263.59553985669675
288,1.25,-83.75,83.75,1.0,0,-266.65548958021367
289,3.75,-83.75,83.75,1.0,0,-270.30408457691317
290,6.25,-83.75,83.75,1.0,0,-272.9546879646081
291,8.75,-83.75,83.75,1.0,0,-274.64046321288896
292,11.25,-83.75,83.75,1.0,0,-275.4026146808679
293,13.75,-83.75,83.75,1.0,0,-275.15266806026534
294,16.25,-83.75,83.75,1.0,0,-274.15761347275986
295,18.75,-83.75,83.75,1.0,0,-272.5776994416669
296,21.25,-83.75,83.75,1.0,0,-270.531202697636
297,23.75,-83.75,83.75,1.0,0,-268.14347095711213
298,26.25,-83.75,83.75,1.0,0,-265.54192239122585
299,28.75,-83.75,83.75,1.0,0,-262.85001084872124
300,31.25,-83.75,83.75,1.0,0,-260.1806587033841
301,33.75,-83.75,83.75,1.0,0,-257.4715371076897
302,36.25,-83.75,83.75,1.0,0,-255.01835984620092
303,38.75,-83.75,83.75,1.0,0,-252.99161738090226
304,41.25,-83.75,83.75,1.0,0,-251.22177783248338
305,43.75,-83.75,83.75,1.0,0,-249.70005495129342
306,46.25,-83.75,83.75,1.0,0,-248.40874700693257
307,48.75,-83.75,83.75,1.0,0,-247.32679580153066
308,51.25,-83.75,83.75,1.0,0,-246.43546255568262
309,53.75,-83.75,83.75,1.0,0,-245.72372281061845
310,56.25,-83.75,83.75,1.0,0,-245.18374631316607
311,58.75,-83.75,83.75,1.0,0,-244.90287153423867
312,61.25,-83.75,83.75,1.0,0,-244.90022469468906
313,63.75,-83.75,83.75,1.0,0,-245.20257626646077
314,66.25,-83.75,83.75,1.0,0,-245.869146170862
315,68.75,-83.75,83.75,1.0,0,-246.96085798697393
316,71.25,-83.75,83.75,1.0,0,-248.5352349386471
317,73.75,-83.75,83.75,1.0,0,-250.6407599949147
318,76.25,-83.75,83.75,1.0,0,-253.31106411356757
319,78.75,-83.75,83.75,1.0,0,-256.85474466322296
320,81.25,-83.75,83.75,1.0,0,-261.0848536710545
321,83.75,-83.75,83.75,1.0,0,-265.54502581402835
322,86.25,-83.75,83.75,1.0,0,-270.3937427960452
323,88.75,-83.75,83.75,1.0,0,-275.5181658436522
324,91.25,-83.75,83.75,1.0,0,-280.7871759716052
325,93.75,-83.75,83.75,1.0,0,-286.0553101684578
326,96.25,-83.75,83.75,1.0,0,-291.1667697012784
327,98.75,-83.75,83.75,1.0,0,-295.9590921892183
328,101.25,-83.75,83.75,1.0,0,-300.5102635263252
329,103.75,-83.75,83.75,1.0,0,-304.1726255219286
330,106.25,-83.75,83.75,1.0,0,-306.6018812037751
331,108.75,-83.75,83.75,1.0,0,-307.938248755833
332,111.25,-83.75,83.75,1.0,0,-308.02654208859985
333,113.75,-83.75,83.75,1.0,0,-306.7312241668802
334,116.25,-83.75,83.75,1.0,0,-303.94715281940324
335,118.75,-83.75,83.75,1.0,0,-299.6113720512454
336,121.25,-83.75,83.75,1.0,0,-293.7151553439444
337,123.75,-83.75,83.75,1.0,0,-285.66741000869683
338,126.25,-83.75,83.75,1.0,0,-276.0016661583013
339,128.75,-83.75,83.75,1.0,0,-265.90665707343544
340,131.25,-83.75,83.75,1.0,0,-255.17484654393616
341,133.75,-83.75,83.75,1.0,0,-244.17122389941295
342,136.25,-83.75,83.75,1.0,0,-233.2677509848448
343,138.75,-83.75,83.75,1.0,0,-222.8175543059248
344,141.25,-83.75,83.75,1.0,0,-213.13032713052877
345,143.75,-83.75,83.75,1.0,0,-204.45043328977422
346,146.25,-83.75,83.75,1.0,0,-196.51870833577914
347,148.75,-83.75,83.75,1.0,0,-190.11052191276923
348,151.25,-83.75,83.75,1.0,0,-185.3567146079194
349,153.75,-83.75,83.75,1.0,0,-181.58775975692714
350,156.25,-83.75,83.75,1.0,0,-178.63017413640452
351,158.75,-83.75,83.75,1.0,0,-176.30447454844006
352,161.25,-83.75,83.75,1.0,0,-174.44322504882572
353,163.75,-83.75,83.75,1.0,0,-172.9048047501962
354,166.25,-83.75,83.75,1.0,0,-171.5820515387744
355,168.75,-83.75,83.75,1.0,0,-170.3364078026581
356,171.25,-83.75,83.75,1.0,0,-169.2265718997975
357,173.75,-83.75,83.75,1.0,0,-168.3005176774565
358,176.25,-83.75,83.75,1.0,0,-167.4942231986485
359,178.75,-83.75,83.75,1.0,0,-166.82410271726252
360,181.25,-83.75,83.75,1.0,0,-166.30564338787553
361,183.75,-83.75,83.75,1.0,0,-165.95055568920355
362,186.25,-83.75,83.75,1.0,0,-165.76414028442602
363,188.75,-83.75,83.75,1.0,0,-165.7428896507277
364,191.25,-83.75,83.75,1.0,0,-165.89807815338494
365,193.75,-83.75,83.75,1.0,0,-166.1998848051292
366,196.25,-83.75,83.75,1.0,0,-166.56127371564077
367,198.75,-83.75,83.75,1.0,0,-166.96136672133375
368,201.25,-83.75,83.75,1.0,0,-167.36773787798447
369,203.75,-83.75,83.75,1.0,0,-167.75318950227663
370,206.25,-83.75,83.75,1.0,0,-168.09697712086705
371,208.75,-83.75,83.75,1.0,0,-168.3851564176992
372,211.25,-83.75,83.75,1.0,0,-168.61002418834096
373,213.75,-83.75,83.75,1.0,0,-168.77669658928951
374,216.25,-83.75,83.75,1.0,0,-168.86034241610946
375,218.75,-83.75,83.75,1.0,0,-168.86253448237508
376,221.25,-83.75,83.75,1.0,0,-168.7912033743155
377,223.75,-83.75,83.75,1.0,0,-168.63696456336788
378,226.25,-83.75,83.75,1.0,0,-168.38774870322425
379,228.75,-83.75,83.75,1.0,0,-168.03137642524135
380,231.25,-83.75,83.75,1.0,0,-167.55907812980388
381,233.75,-83.75,83.75,1.0,0,-166.9696582684463
382,236.25,-83.75,83.75,1.0,0,-166.2229158878564
383,238.75,-83.75,83.75,1.0,0,-165.40377314768378
384,241.25,-83.75,83.75,1.0,0,-164.65366384774487
385,243.75,-83.75,83.75,1.0,0,-164.0161828126364
386,246.25,-83.75,83.75,1.0,0,-163.59506466362865
387,248.75,-83.75,83.75,1.0,0,-163.49936483654824
388,251.25,-83.75,83.75,1.0,0,-163.83338487766002
389,253.75,-83.75,83.75,1.0,0,-164.685839793802
390,256.25,-83.75,83.75,1.0,0,-166.11883015043335
391,258.75,-83.75,83.75,1.0,0,-168.35972345618592
392,261.25,-83.75,83.75,1.0,0,-171.28675817340692
393,263.75,-83.75,83.75,1.0,0,-174.46339419180478
394,266.25,-83.75,83.75,1.0,0,-177.87601959046293
395,268.75,-83.75,83.75,1.0,0,-181.32825355640261
396,271.25,-83.75,83.75,1.0,0,-184.61646268144455
397,273.75,-83.75,83.75,1.0,0,-187.54978414755067
398,276.25,-83.75,83.75,1.0,0,-189.96966132203207
399,278.75,-83.75,83.75,1.0,0,-191.767246556335
400,281.25,-83.75,83.75,1.0,0,-192.9266684328759
401,283.75,-83.75,83.75,1.0,0,-193.31720854259285
402,286.25,-83.75,83.75,1.0,0,-193.14734722330624
403,288.75,-83.75,83.75,1.0,0,-192.63739010327228
404,291.25,-83.75,83.75,1.0,0,-191.9183129329511
405,293.75,-83.75,83.75,1.0,0,-191.09869031558756
406,296.25,-83.75,83.75,1.0,0,-190.25598035774112
407,298.75,-83.75,83.75,1.0,0,-189.4340208288412
408,301.25,-83.75,83.75,1.0,0,-188.64653135342533
409,303.75,-83.75,83.75,1.0,0,-187.83701089645174
410,306.25,-83.75,83.75,1.0,0,-187.0449672473223
411,308.75,-83.75,83.75,1.0,0,-186.32004023040136
412,311.25,-83.75,83.75,1.0,0,-185.63732133916662
413,313.75,-83.75,83.75,1.0,0,-185.04160117722878
414,316.25,-83.75,83.75,1.0,0,-184.59542707771743
415,318.75,-83.75,83.75,1.0,0,-184.37751721530142
416,321.25,-83.75,83.75,1.0,0,-184.4808152134636
417,323.75,-83.75,83.75,1.0,0,-185.01020634530974
418,326.25,-83.75,83.75,1.0,0,-186.22373493768083
419,328.75,-83.75,83.75,1.0,0,-188.30319338782996
420,331.25,-83.75,83.75,1.0,0,-191.12656560360406
421,333.75,-83.75,83.75,1.0,0,-194.85302778121923
422,336.25,-83.75,83.75,1.0,0,-199.51470039595782
423,338.75,-83.75,83.75,1.0,0,-205.0912652590019
424,341.25,-83.75,83.75,1.0,0,-211.50279963070253
425,343.75,-83.75,83.75,1.0,0,-218.606786088662
426,346.25,-83.75,83.75,1.0,0,-226.20019826822517
427,348.75,-83.75,83.75,1.0,0,-234.57911545947528
428,351.25,-83.75,83.75,1.0,0,-242.78779824264046
429,353.75,-83.75,83.75,1.0,0,-249.94808327980883
430,356.25,-83.75,83.75,1.0,0,-256.4070612771782
431,358.75,-83.75,83.75,1.0,0,-262.0085726631756
432,1.25,-81.25,81.25,1.0,0,-259.7781797058856
433,3.75,-81.25,81.25,1.0,0,-263.0367835395251
434,6.25,-81.25,81.25,1.0,0,-265.1150938766764
435,8.75,-81.25,81.25,1.0,0,-266.1106049742933
436,11.25,-81.25,81.25,1.0,0,-266.06614958458414
437,13.75,-81.25,81.25,1.0,0,-265.0106595548286
438,16.25,-81.25,81.25,1.0,0,-263.3389848890845
439,18.75,-81.25,81.25,1.0,0,-261.2207687277324
440,21.25,-81.25,81.25,1.0,0,-258.8161779242652
441,23.75,-81.25,81.25,1.0,0,-256.26298354057843
442,26.25,-81.25,81.25,1.0,0,-253.6663862361858
443,28.75,-81.25,81.25,1.0,0,-251.0929234943328
444,31.25,-81.25,81.25,1.0,0,-248.56843972408032
445,33.75,-81.25,81.25,1.0,0,-245.9015963046553
446,36.25,-81.25,81.25,1.0,0,-243.19110724804892
447,38.75,-81.25,81.25,1.0,0,-240.5202573000861
448,41.25,-81.25,81.25,1.0,0,-237.6343421980757
449,43.75,-81.25,81.25,1.0,0,-234.47939211480744
450,46.25,-81.25,81.25,1.0,0,-231.0404180626097
451,48.75,-81.25,81.25,1.0,0,-227.34834358636817
452,51.25,-81.25,81.25,1.0,0,-223.48075911723404
453,53.75,-81.25,81.25,1.0,0,-219.55669900421
454,56.25,-81.25,81.25,1.0,0,-215.4955513634133
455,58.75,-81.25,81.25,1.0,0,-211.82486167927402
456,61.25,-81.25,81.25,1.0,0,-208.9317528212296
457,63.75,-81.25,81.25,1.0,0,-206.71385899986515
458,66.25,-81.25,81.25,1.0,0,-205.31512531815596
459,68.75,-81.25,81.25,1.0,0,-204.86535794360125
460,71.25,-81.25,81.25,1.0,0,-205.47524312821182
461,73.75,-81.25,81.25,1.0,0,-207.22997646522484
462,76.25,-81.25,81.25,1.0,0,-210.18211148171065
463,78.75,-81.25,81.25,1.0,0,-214.7696526855791
464,81.25,-81.25,81.25,1.0,0,-220.79291319321518
465,83.75,-81.25,81.25,1.0,0,-227.51244410123968
466,86.25,-81.25,81.25,1.0,0,-235.12042084679015
467,88.75,-81.25,81.25,1.0,0,-243.45742175402046
468,91.25,-81.25,81.25,1.0,0,-252.3416784004878
469,93.75,-81.25,81.25,1.0,0,-261.5677700428133
470,96.25,-81.25,81.25,1.0,0,-270.90476070941867
471,98.75,-81.25,81.25,1.0,0,-280.0946433916184
472,101.25,-81.25,81.25,1.0,0,-289.4127619160773
473,103.75,-81.25,81.25,1.0,0,-297.68623251471587
474,106.25,-81.25,81.25,1.0,0,-304.1080620135305
475,108.75,-81.25,81.25,1.0,0,-309.0431851841051
476,111.25,-81.25,81.25,1.0,0,-312.2679303451327
477,113.75,-81.25,81.25,1.0,0,-313.6128955345031
478,116.25,-81.25,81.25,1.0,0,-312.96866858081
479,118.75,-81.25,81.25,1.0,0,-310.28756841909967
480,121.25,-81.25,81.25,1.0,0,-305.58150148096456
481,123.75,-81.25,81.25,1.0,0,-298.2753543958679
482,126.25,-81.25,81.25,1.0,0,-288.7222834483734
483,128.75,-81.25,81.25,1.0,0,-278.1057097133016
484,131.25,-81.25,81.25,1.0,0,-266.1988300037972
485,133.75,-81.25,81.25,1.0,0,-253.3387344191781
486,136.25,-81.25,81.25,1.0,0,-239.94453643495896
487,138.75,-81.25,81.25,1.0,0,-226.51166542709453
488,141.25,-81.25,81.25,1.0,0,-213.59032701472856
489,143.75,-81.25,81.25,1.0,0,-201.74667858916143
490,146.25,-81.25,81.25,1.0,0,-190.948567349426
491,148.75,-81.25,81.25,1.0,0,-182.67716992447555
492,151.25,-81.25,81.25,1.0,0,-177.2098986162226
493,153.75,-81.25,81.25,1.0,0,-173.56282169508052
494,156.25,-81.25,81.25,1.0,0,-171.32859916935365
495,158.75,-81.25,81.25,1.0,0,-170.04128469012574
496,161.25,-81.25,81.25,1.0,0,-169.26158485288906
497,163.75,-81.25,81.25,1.0,0,-168.6443569228345
498,166.25,-81.25,81.25,1.0,0,-167.97938720686852
499,168.75,-81.25,81.25,1.0,0,-167.13333091920776
500,171.25,-81.25,81.25,1.0,0,-166.1965595177966
501,173.75,-81.25,81.25,1.0,0,-165.32322475132204
502,176.25,-81.25,81.25,1.0,0,-164.50754751827944
503,178.75,-81.25,81.25,1.0,0,-163.79257765018147
504,181.25,-81.25,81.25,1.0,0,-163.2243520957372
505,183.75,-81.25,81.25,1.0,0,-162.8540855560917
506,186.25,-81.25,81.25,1.0,0,-162.73363021885345
507,188.75,-81.25,81.25,1.0,0,-162.90539633423802
508,191.25,-81.25,81.25,1.0,0,-163.45197337882112
509,193.75,-81.25,81.25,1.0,0,-164.35574134662411
510,196.25,-81.25,81.25,1.0,0,-165.4371641619334
511,198.75,-81.25,81.25,1.0,0,-166.655813077597
512,201.25,-81.25,81.25,1.0,0,-167.93095156735782
513,203.75,-81.25,81.25,1.0,0,-169.18739450847062
514,206.25,-81.25,81.25,1.0,0,-170.36130339268777
515,208.75,-81.25,81.25,1.0,0,-171.4036158446428
516,211.25,-81.25,81.25,1.0,0,-172.28083810263828
517,213.75,-81.25,81.25,1.0,0,-173.00202528005047
518,216.25,-81.25,81.25,1.0,0,-173.47122298503413
519,218.75,-81.25,81.25,1.0,0,-173.67916590325538
520,221.25,-81.25,81.25,1.0,0,-173.6601965608877
521,223.75,-81.25,81.25,1.0,0,-173.40354518591693
522,226.25,-81.25,81.25,1.0,0,-172.90314517087833
523,228.75,-81.25,81.25,1.0,0,-172.16017756769975
524,231.25,-81.25,81.25,1.0,0,-171.18421741014706
525,233.75,-81.25,81.25,1.0,0,-169.99262982833656
526,236.25,-81.25,81.25,1.0,0,-168.4938266641197
527,238.75,-81.25,81.25,1.0,0,-166.795376332834
528,241.25,-81.25,81.25,1.0,0,-165.07678372556225
529,243.75,-81.25,81.25,1.0,0,-163.27857535222793
530,246.25,-81.25,81.25,1.0,0,-161.45737398223451
531,248.75,-81.25,81.25,1.0,0,-159.68926588271648
532,251.25,-81.25,81.25,1.0,0,-158.07363214235264
533,253.75,-81.25,81.25,1.0,0,-156.73605200505867
534,256.25,-81.25,81.25,1.0,0,-155.82933653201047
535,258.75,-81.25,81.25,1.0,0,-155.58759720116333
536,261.25,-81.25,81.25,1.0,0,-156.4001876000543
537,263.75,-81.25,81.25,1.0,0,-158.23402174527644
538,266.25,-81.25,81.25,1.0,0,-161.07544541919506
539,268.75,-81.25,81.25,1.0,0,-164.79281678002363
540,271.25,-81.25,81.25,1.0,0,-169.1248115277213
541,273.75,-81.25,81.25,1.0,0,-173.7103463255343
542,276.25,-81.25,81.25,1.0,0,-178.13876509619396
543,278.75,-81.25,81.25,1.0,0,-182.01497616562014
544,281.25,-81.25,81.25,1.0,0,-185.1622534279049
545,283.75,-81.25,81.25,1.0,0,-187.08598371428818
546,286.25,-81.25,81.25,1.0,0,-187.95921769115964
547,288.75,-81.25,81.25,1.0,0,-188.24053413539
548,291.25,-81.25,81.25,1.0,0,-188.17760164969084
549,293.75,-81.25,81.25,1.0,0,-187.9617842803115
550,296.25,-81.25,81.25,1.0,0,-187.69692466682676
551,298.75,-81.25,81.25,1.0,0,-187.3941231776204
552,301.25,-81.25,81.25,1.0,0,-186.99162189582913
553,303.75,-81.25,81.25,1.0,0,-186.33262401095482
554,306.25,-81.25,81.25,1.0,0,-185.3664013113315
555,308.75,-81.25,81.25,1.0,0,-184.24979176977146
556,311.25,-81.25,81.25,1.0,0,-183.05443587420203
557,313.75,-81.25,81.25,1.0,0,-181.91509302860882
558,316.25,-81.25,81.25,1.0,0,-180.95937848757262
559,318.75,-81.25,81.25,1.0,0,-180.29196258601323
560,321.25,-81.25,81.25,1.0,0,-179.9882224818755
561,323.75,-81.25,81.25,1.0,0,-180.09752453043302
562,326.25,-81.25,81.25,1.0,0,-180.74459824063248
563,328.75,-81.25,81.25,1.0,0,-182.04859737152492
564,331.25,-81.25,81.25,1.0,0,-183.96418205839558
565,333.75,-81.25,81.25,1.0,0,-186.6863847043678
566,336.25,-81.25,81.25,1.0,0,-190.37715795992065
567,338.75,-81.25,81.25,1.0,0,-195.17062964980192
568,341.25,-81.25,81.25,1.0,0,-201.1301404181637
569,343.75,-81.25,81.25,1.0,0,-208.20824001347933
570,346.25,-81.25,81.25,1.0,0,-216.21631280536005
571,348.75,-81.25,81.25,1.0,0,-225.43020684792572
572,351.25,-81.25,81.25,1.0,0,-234.61460866038476
573,353.75,-81.25,81.25,1.0,0,-242.54604213910164
574,356.25,-81.25,81.25,1.0,0,-249.49886884428406
575,358.75,-81.25,81.25,1.0,0,-255.26956819175925
576,1.25,-78.75,78.75,1.0,0,-251.5705375776298
577,3.75,-78.75,78.75,1.0,0,-254.35106063930556
578,6.25,-78.75,78.75,1.0,0,-255.90361360467327
579,8.75,-78.75,78.75,1.0,0,-256.47037889115416
580,11.25,-78.75,78.75,1.0,0,-256.2686145732832
581,13.75,-78.75,78.75,1.0,0,-255.57779861028075
582,16.25,-78.75,78.75,1.0,0,-254.8302331315206
583,18.75,-78.75,78.75,1.0,0,-254.21128946529967
584,21.25,-78.75,78.75,1.0,0,-253.81380028892212
585,23.75,-78.75,78.75,1.0,0,-253.62645282368374
586,26.25,-78.75,78.75,1.0,0,-253.54033668491803
587,28.75,-78.75,78.75,1.0,0,-253.36361347512172
588,31.25,-78.75,78.75,1.0,0,-252.841158776567
589,33.75,-78.75,78.75,1.0,0,-251.50406738059434
590,36.25,-78.75,78.75,1.0,0,-248.89230712538645
591,38.75,-78.75,78.75,1.0,0,-245.0661670765141
592,41.25,-78.75,78.75,1.0,0,-239.87576730227912
593,43.75,-78.75,78.75,1.0,0,-233.40177773292544
594,46.25,-78.75,78.75,1.0,0,-225.8511764591711
595,48.75,-78.75,78.75,1.0,0,-217.52403593650496
596,51.25,-78.75,78.75,1.0,0,-208.7724318772431
597,53.75,-78.75,78.75,1.0,0,-199.95787402422332
598,56.25,-78.75,78.75,1.0,0,-190.87610422783865
599,58.75,-78.75,78.75,1.0,0,-182.57529336504044
600,61.25,-78.75,78.75,1.0,0,-175.75758345838426
601,63.75,-78.75,78.75,1.0,0,-169.98735898343406
602,66.25,-78.75,78.75,1.0,0,-165.40681956938226
603,68.75,-78.75,78.75,1.0,0,-162.15894366824546
604,71.25,-78.75,78.75,1.0,0,-160.39321238804084
605,73.75,-78.75,78.75,1.0,0,-160.25990014317438
606,76.25,-78.75,78.75,1.0,0,-161.89200735625587
607,78.75,-78.75,78.75,1.0,0,-165.80853935959448
608,81.25,-78.75,78.75,1.0,0,-171.95054637108703
609,83.75,-78.75,78.75,1.0,0,-179.35975321689708
610,86.25,-78.75,78.75,1.0,0,-188.09569125829515
611,88.75,-78.75,78.75,1.0,0,-197.9612264207417
612,91.25,-78.75,78.75,1.0,0,-208.80469201956817
613,93.75,-78.75,78.75,1.0,0,-220.49783143117648
614,96.25,-78.75,78.75,1.0,0,-232.89053656518902
615,98.75,-78.75,78.75,1.0,0,-245.75181263081404
616,101.25,-78.75,78.75,1.0,0,-259.6031679495618
617,103.75,-78.75,78.75,1.0,0,-272.68599051716103
618,106.25,-78.75,78.75,1.0,0,-283.432545764649
619,108.75,-78.75,78.75,1.0,0,-292.28054327054963
620,111.25,-78.75,78.75,1.0,0,-298.9153759098743
621,113.75,-78.75,78.75,1.0,0,-303.2464487386253
622,116.25,-78.75,78.75,1.0,0,-305.3978448901423
623,118.75,-78.75,78.75,1.0,0,-305.6597117294921
624,121.25,-78.75,78.75,1.0,0,-304.404354280146
625,123.75,-78.75,78.75,1.0,0,-301.7131963269483
626,126.25,-78.75,78.75,1.0,0,-297.71984040547255
627,128.75,-78.75,78.75,1.0,0,-292.69915530402443
628,131.25,-78.75,78.75,1.0,0,-286.20423023713255
629,133.75,-78.75,78.75,1.0,0,-277.9831190700669
630,136.25,-78.75,78.75,1.0,0,-267.8989382048408
631,138.75,-78.75,78.75,1.0,0,-256.00350142787306
632,141.25,-78.75,78.75,1.0,0,-242.59328242142232
633,143.75,-78.75,78.75,1.0,0,-228.24161248148232
634,146.25,-78.75,78.75,1.0,0,-212.86133498598093
635,148.75,-78.75,78.75,1.0,0,-199.0247931653858
636,151.25,-78.75,78.75,1.0,0,-188.56130092740844
637,153.75,-78.75,78.75,1.0,0,-180.75359423246982
638,156.25,-78.75,78.75,1.0,0,-175.45666700038686
639,158.75,-78.75,78.75,1.0,0,-172.18152936610318
640,161.25,-78.75,78.75,1.0,0,-170.27472018220251
641,163.75,-78.75,78.75,1.0,0,-169.09671199561143
642,166.25,-78.75,78.75,1.0,0,-168.16385430402335
643,168.75,-78.75,78.75,1.0,0,-167.1280452697198
644,171.25,-78.75,78.75,1.0,0,-165.93721678314319
645,173.75,-78.75,78.75,1.0,0,-164.69028412443458
646,176.25,-78.75,78.75,1.0,0,-163.37455879719022
647,178.75,-78.75,78.75,1.0,0,-162.0962298405885
648,181.25,-78.75,78.75,1.0,0,-160.9918178673943
649,183.75,-78.75,78.75,1.0,0,-160.19536539830588
650,186.25,-78.75,78.75,1.0,0,-159.80885460858974
651,188.75,-78.75,78.75,1.0,0,-159.8848990032307
652,191.25,-78.75,78.75,1.0,0,-160.5137248555742
653,193.75,-78.75,78.75,1.0,0,-161.70413669447996
654,196.25,-78.75,78.75,1.0,0,-163.24831604330078
655,198.75,-78.75,78.75,1.0,0,-165.10633265401873
656,201.25,-78.75,78.75,1.0,0,-167.16215325571943
657,203.75,-78.75,78.75,1.0,0,-169.2865503189815
658,206.25,-78.75,78.75,1.0,0,-171.35628723679864
659,208.75,-78.75,78.75,1.0,0,-173.26769149114756
660,211.25,-78.75,78.75,1.0,0,-174.9414865710345
661,213.75,-78.75,78.75,1.0,0,-176.3797395079856
662,216.25,-78.75,78.75,1.0,0,-177.34840543511672
663,218.75,-78.75,78.75,1.0,0,-177.7730702950105
664,221.25,-78.75,78.75,1.0,0,-177.71277988414386
665,223.75,-78.75,78.75,1.0,0,-177.17277031858796
666,226.25,-78.75,78.75,1.0,0,-176.21669274446836
667,228.75,-78.75,78.75,1.0,0,-174.97002269260025
668,231.25,-78.75,78.75,1.0,0,-173.6081851718192
669,233.75,-78.75,78.75,1.0,0,-172.3285720525382
670,236.25,-78.75,78.75,1.0,0,-171.26014121227252
671,238.75,-78.75,78.75,1.0,0,-170.59938070508434
672,241.25,-78.75,78.75,1.0,0,-170.2428205252755
673,243.75,-78.75,78.75,1.0,0,-169.9470316083585
674,246.25,-78.75,78.75,1.0,0,-169.53131077403867
675,248.75,-78.75,78.75,1.0,0,-168.84235065785228
676,251.25,-78.75,78.75,1.0,0,-167.78283670986255
677,253.75,-78.75,78.75,1.0,0,-166.33539964815952
678,256.25,-78.75,78.75,1.0,0,-164.58284941814708
679,258.75,-78.75,78.75,1.0,0,-162.62265040124942
680,261.25,-78.75,78.75,1.0,0,-161.12422498482397
681,263.75,-78.75,78.75,1.0,0,-160.68658691699986
682,266.25,-78.75,78.75,1.0,0,-161.51008751833675
683,268.75,-78.75,78.75,1.0,0,-163.72419593459523
684,271.25,-78.75,78.75,1.0,0,-167.21162973018278
685,273.75,-78.75,78.75,1.0,0,-171.6264978088716
686,276.25,-78.75,78.75,1.0,0,-176.45900200565433
687,278.75,-78.75,78.75,1.0,0,-181.13672089477205
688,281.25,-78.75,78.75,1.0,0,-185.3435191579628
689,283.75,-78.75,78.75,1.0,0,-188.29597144457935
690,286.25,-78.75,78.75,1.0,0,-189.97620819789438
691,288.75,-78.75,78.75,1.0,0,-190.89252779361232
692,291.25,-78.75,78.75,1.0,0,-191.31093548631821
693,293.75,-78.75,78.75,1.0,0,-191.4556776218867
694,296.25,-78.75,78.75,1.0,0,-191.4566029535364
695,298.75,-78.75,78.75,1.0,0,-191.32869042333004
696,301.25,-78.75,78.75,1.0,0,-190.9855127107027
697,303.75,-78.75,78.75,1.0,0,-190.20000666419952
698,306.25,-78.75,78.75,1.0,0,-188.87635794474724
699,308.75,-78.75,78.75,1.0,0,-187.28197557457423
700,311.25,-78.75,78.75,1.0,0,-185.5781774677884
701,313.75,-78.75,78.75,1.0,0,-183.99965068303504
702,316.25,-78.75,78.75,1.0,0,-182.74380944783738
703,318.75,-78.75,78.75,1.0,0,-181.93526210835697
704,321.25,-78.75,78.75,1.0,0,-181.60898021934736
705,323.75,-78.75,78.75,1.0,0,-181.71250591844688
706,326.25,-78.75,78.75,1.0,0,-182.1689321823495
707,328.75,-78.75,78.75,1.0,0,-182.82915959747132
708,331.25,-78.75,78.75,1.0,0,-183.60823660233166
709,333.75,-78.75,78.75,1.0,0,-184.72148132367442
710,336.25,-78.75,78.75,1.0,0,-186.49683877566903
711,338.75,-78.75,78.75,1.0,0,-189.32913309038273
712,341.25,-78.75,78.75,1.0,0,-193.57573624781065
713,343.75,-78.75,78.75,1.0,0,-199.44438622751773
714,346.25,-78.75,78.75,1.0,0,-206.89147994840548
715,348.75,-78.75,78.75,1.0,0,-216.21139435718695
716,351.25,-78.75,78.75,1.0,0,-225.93452928541078
717,353.75,-78.75,78.75,1.0,0,-234.37263130545236
718,356.25,-78.75,78.75,1.0,0,-241.60815368590286
719,358.75,-78.75,78.75,1.0,0,-247.3589730846735
720,1.25,-76.25,76.25,1.0,0,-236.990635056354
721,3.75,-76.25,76.25,1.0,0,-238.89653562616212
722,6.25,-76.25,76.25,1.0,0,-239.67126583117542
723,8.75,-76.25,76.25,1.0,0,-239.7555567806566
724,11.25,-76.25,76.25,1.0,0,-239.61414565082808
725,13.75,-76.25,76.25,1.0,0,-239.70718934847937
726,16.25,-76.25,76.25,1.0,0,-240.24923855224614
727,18.75,-76.25,76.25,1.0,0,-241.26954485232443
728,21.25,-76.25,76.25,1.0,0,-242.63637476132914
729,23.75,-76.25,76.25,1.0,0,-244.10435291103775
730,26.25,-76.25,76.25,1.0,0,-245.34660551553696
731,28.75,-76.25,76.25,1.0,0,-245.9798213738689
732,31.25,-76.25,76.25,1.0,0,-245.58285800561123
733,33.75,-76.25,76.25,1.0,0,-243.4342981365499
734,36.25,-76.25,76.25,1.0,0,-238.91364694222898
735,38.75,-76.25,76.25,1.0,0,-232.51732308194863
736,41.25,-76.25,76.25,1.0,0,-224.420527822444
737,43.75,-76.25,76.25,1.0,0,-215.139979037515
738,46.25,-76.25,76.25,1.0,0,-205.27666354863624
739,48.75,-76.25,76.25,1.0,0,-195.38379162016213
740,51.25,-76.25,76.25,1.0,0,-185.8615112322541
741,53.75,-76.25,76.25,1.0,0,-176.89791857110026
742,56.25,-76.25,76.25,1.0,0,-167.92589507409238
743,58.75,-76.25,76.25,1.0,0,-159.49407145435035
744,61.25,-76.25,76.25,1.0,0,-152.07330723648474
745,63.75,-76.25,76.25,1.0,0,-145.16110694353858
746,66.25,-76.25,76.25,1.0,0,-138.87640875008114
747,68.75,-76.25,76.25,1.0,0,-133.37465733116076
748,71.25,-76.25,76.25,1.0,0,-128.89429490347618
749,73.75,-76.25,76.25,1.0,0,-125.80318579616663
750,76.25,-76.25,76.25,1.0,0,-124.61631508943871
751,78.75,-76.25,76.25,1.0,0,-126.29925610790333
752,81.25,-76.25,76.25,1.0,0,-131.59600717300506
753,83.75,-76.25,76.25,1.0,0,-139.38568925551527
754,86.25,-76.25,76.25,1.0,0,-149.1540486064168
755,88.75,-76.25,76.25,1.0,0,-160.28222661125199
756,91.25,-76.25,76.25,1.0,0,-172.3929211094429
757,93.75,-76.25,76.25,1.0,0,-185.39503179042958
758,96.25,-76.25,76.25,1.0,0,-199.3853906477117
759,98.75,-76.25,76.25,1.0,0,-214.43125514946067
760,101.25,-76.25,76.25,1.0,0,-231.41611278404133
761,103.75,-76.25,76.25,1.0,0,-248.00746869737972
762,106.25,-76.25,76.25,1.0,0,-261.53257293783287
763,108.75,-76.25,76.25,1.0,0,-272.01654450476525
764,111.25,-76.25,76.25,1.0,0,-278.82439407901234
765,113.75,-76.25,76.25,1.0,0,-281.95482954496583
766,116.25,-76.25,76.25,1.0,0,-282.05138197861
767,118.75,-76.25,76.25,1.0,0,-280.28185481590276
768,121.25,-76.25,76.25,1.0,0,-278.09224424029117
769,123.75,-76.25,76.25,1.0,0,-276.93688204658235
770,126.25,-76.25,76.25,1.0,0,-277.89728873239153
771,128.75,-76.25,76.25,1.0,0,-280.2373441617408
772,131.25,-76.25,76.25,1.0,0,-282.9305435701162
773,133.75,-76.25,76.25,1.0,0,-284.79973951310507
774,136.25,-76.25,76.25,1.0,0,-284.65182592090565
775,138.75,-76.25,76.25,1.0,0,-281.4316635413101
776,141.25,-76.25,76.25,1.0,0,-274.3808489622074
777,143.75,-76.25,76.25,1.0,0,-263.20749471481275
778,146.25,-76.25,76.25,1.0,0,-247.02766486244778
779,148.75,-76.25,76.25,1.0,0,-228.39045598640806
780,151.25,-76.25,76.25,1.0,0,-211.38895798932325
781,153.75,-76.25,76.25,1.0,0,-196.66914626148707
782,156.25,-76.25,76.25,1.0,0,-185.2358501607479
783,158.75,-76.25,76.25,1.0,0,-177.30308825798386
784,161.25,-76.25,76.25,1.0,0,-172.44993579386275
785,163.75,-76.25,76.25,0.0,4,-169.87562930277227
786,166.25,-76.25,76.25,0.0,4,-168.68137698202432
787,168.75,-76.25,76.25,0.0,4,-168.008513428021
788,171.25,-76.25,76.25,0.0,4,-167.1103319560092
789,173.75,-76.25,76.25,0.0,4,-165.64291852555777
790,176.25,-76.25,76.25,0.0,4,-163.63108872341897
791,178.75,-76.25,76.25,0.0,4,-161.4128687375991
792,181.25,-76.25,76.25,0.0,4,-159.41185544694196
793,183.75,-76.25,76.25,0.0,4,-157.96300891984922
794,186.25,-76.25,76.25,0.0,4,-157.20684499299188
795,188.75,-76.25,76.25,0.0,4,-157.08016604078023
796,191.25,-76.25,76.25,0.0,4,-157.48734812574676
797,193.75,-76.25,76.25,0.0,4,-158.38199812209257
798,196.25,-76.25,76.25,0.0,4,-159.67046631588138
799,198.75,-76.25,76.25,0.0,4,-161.3810703955033
800,201.25,-76.25,76.25,0.0,4,-163.43404693356715
801,203.75,-76.25,76.25,0.0,4,-165.70111740660371
802,206.25,-76.25,76.25,0.0,4,-168.0437409878364
803,208.75,-76.25,76.25,0.0,4,-170.34114327711822
804,211.25,-76.25,76.25,0.0,4,-172.4992299453363
805,213.75,-76.25,76.25,1.0,0,-174.5401764391701
806,216.25,-76.25,76.25,1.0,0,-176.11499451104993
807,218.75,-76.25,76.25,1.0,0,-176.99304822551812
808,221.25,-76.25,76.25,1.0,0,-177.18676750067934
809,223.75,-76.25,76.25,1.0,0,-176.6486672081109
810,226.25,-76.25,76.25,1.0,0,-175.45437749787789
811,228.75,-76.25,76.25,1.0,0,-173.81763255848838
812,231.25,-76.25,76.25,1.0,0,-172.06948517307598
813,233.75,-76.25,76.25,1.0,0,-170.5998234424781
814,236.25,-76.25,76.25,1.0,0,-169.76507244143767
815,238.75,-76.25,76.25,1.0,0,-169.89217199726647
816,241.25,-76.25,76.25,1.0,0,-170.6639052725076
817,243.75,-76.25,76.25,1.0,0,-171.71686093508205
818,246.25,-76.25,76.25,1.0,0,-172.76176872981324
819,248.75,-76.25,76.25,1.0,0,-173.57878372113527
820,251.25,-76.25,76.25,1.0,0,-174.03021123200466
821,253.75,-76.25,76.25,1.0,0,-174.0533844746362
822,256.25,-76.25,76.25,1.0,0,-173.64585002613128
823,258.75,-76.25,76.25,1.0,0,-172.78769289209356
824,261.25,-76.25,76.25,1.0,0,-171.75686304774538
825,263.75,-76.25,76.25,1.0,0,-171.04312477638447
826,266.25,-76.25,76.25,1.0,0,-170.91079879833973
827,268.75,-76.25,76.25,1.0,0,-171.57938047948687
828,271.25,-76.25,76.25,1.0,0,-173.11073538776114
829,273.75,-76.25,76.25,1.0,0,-175.40954253930903
830,276.25,-76.25,76.25,1.0,0,-178.2591423053867
831,278.75,-76.25,76.25,1.0,0,-181.38226964816397
832,281.25,-76.25,76.25,1.0,0,-184.71455313097073
833,283.75,-76.25,76.25,1.0,0,-187.74737623289863
834,286.25,-76.25,76.25,1.0,0,-190.14437149679856
835,288.75,-76.25,76.25,1.0,0,-192.017450335832
836,291.25,-76.25,76.25,1.0,0,-193.27131983638554
837,293.75,-76.25,76.25,1.0,0,-193.88255535888837
838,296.25,-76.25,76.25,1.0,0,-193.93163245656882
839,298.75,-76.25,76.25,1.0,0,-193.59000735055167
840,301.25,-76.25,76.25,1.0,0,-193.0559846148345
841,303.75,-76.25,76.25,1.0,0,-192.38558518243073
842,306.25,-76.25,76.25,0.0,4,-191.5456269819205
843,308.75,-76.25,76.25,0.0,4,-190.54252654237365
844,311.25,-76.25,76.25,0.0,4,-189.38000264406793
845,313.75,-76.25,76.25,0.0,4,-188.16881409195088
846,316.25,-76.25,76.25,0.0,4,-187.02973877101536
847,318.75,-76.25,76.25,0.0,4,-186.06061763577148
848,321.25,-76.25,76.25,0.0,4,-185.31321018314935
849,323.75,-76.25,76.25,0.0,4,-184.77866249892676
850,326.25,-76.25,76.25,0.0,4,-184.3374586676109
851,328.75,-76.25,76.25,0.0,4,-183.83576218838905
852,331.25,-76.25,76.25,0.0,4,-183.22716073792955
853,333.75,-76.25,76.25,1.0,0,-182.64200620511107
854,336.25,-76.25,76.25,1.0,0,-182.46286337122098
855,338.75,-76.25,76.25,1.0,0,-183.21789444576098
856,341.25,-76.25,76.25,1.0,0,-185.4521871452798
857,343.75,-76.25,76.25,1.0,0,-189.57395299627746
858,346.25,-76.25,76.25,1.0,0,-195.69979005662955
859,348.75,-76.25,76.25,1.0,0,-204.16348018628028
860,351.25,-76.25,76.25,1.0,0,-213.46811017886992
861,353.75,-76.25,76.25,1.0,0,-221.61272558376436
862,356.25,-76.25,76.25,1.0,0,-228.43929051866965
863,358.75,-76.25,76.25,1.0,0,-233.57749279588398
864,1.25,-73.75,73.75,1.0,0,-181.73127333161526
865,3.75,-73.75,73.75,1.0,0,-182.76455141677215
866,6.25,-73.75,73.75,1.0,0,-184.85909289818812
867,8.75,-73.75,73.75,1.0,0,-188.25842261455256
868,11.25,-73.75,73.75,1.0,0,-193.29683147375926
869,13.75,-73.75,73.75,1.0,0,-198.98918978175217
870,16.25,-73.75,73.75,1.0,0,-203.8942366169217
871,18.75,-73.75,73.75,1.0,0,-207.8288592752769
872,21.25,-73.75,73.75,1.0,0,-210.53126359980203
873,23.75,-73.75,73.75,1.0,0,-211.9720339274876
874,26.25,-73.75,73.75,1.0,0,-212.23615477810472
875,28.75,-73.75,73.75,1.0,0,-211.4023346555718
876,31.25,-73.75,73.75,1.0,0,-209.457988607629
877,33.75,-73.75,73.75,1.0,0,-206.02197293828488
878,36.25,-73.75,73.75,1.0,0,-201.17630486065542
879,38.75,-73.75,73.75,1.0,0,-195.9684463880257
880,41.25,-73.75,73.75,1.0,0,-191.01937271852663
881,43.75,-73.75,73.75,1.0,0,-187.0812878106656
882,46.25,-73.75,73.75,1.0,0,-184.59521047137716
883,48.75,-73.75,73.75,1.0,0,-183.52055392598675
884,51.25,-73.75,73.75,1.0,0,-183.27532691347895
885,53.75,-73.75,73.75,1.0,0,-182.8097406810961
886,56.25,-73.75,73.75,1.0,0,-180.51716312207213
887,58.75,-73.75,73.75,1.0,0,-175.27060855572313
888,61.25,-73.75,73.75,1.0,0,-168.18988539774796
889,63.75,-73.75,73.75,1.0,0,-160.08348204905286
890,66.25,-73.75,73.75,1.0,0,-151.66813913678658
891,68.75,-73.75,73.75,1.0,0,-143.22655052541342
892,71.25,-73.75,73.75,1.0,0,-134.8250515619584
893,73.75,-73.75,73.75,1.0,0,-126.73120221535352
894,76.25,-73.75,73.75,1.0,0,-119.86764992749698
895,78.75,-73.75,73.75,1.0,0,-116.20321209395152
896,81.25,-73.75,73.75,1.0,0,-119.08159476287736
897,83.75,-73.75,73.75,1.0,0,-127.81044344605999
898,86.25,-73.75,73.75,1.0,0,-140.38435730019253
899,88.75,-73.75,73.75,1.0,0,-154.4469183602266
900,91.25,-73.75,73.75,1.0,0,-168.09417301121164
901,93.75,-73.75,73.75,1.0,0,-180.44649549243306
902,96.25,-73.75,73.75,1.0,0,-191.72358745877906
903,98.75,-73.75,73.75,1.0,0,-202.83045921361824
904,101.25,-73.75,73.75,1.0,0,-215.43469244786715
905,103.75,-73.75,73.75,1.0,0,-228.12658605037072
906,106.25,-73.75,73.75,1.0,0,-238.04148580573323
907,108.75,-73.75,73.75,1.0,0,-244.23891149031292
908,111.25,-73.75,73.75,1.0,0,-245.58975520462363
909,113.75,-73.75,73.75,1.0,0,-242.0091992482761
910,116.25,-73.75,73.75,1.0,0,-234.5931370271613
911,118.75,-73.75,73.75,1.0,0,-225.48479578480766
912,121.25,-73.75,73.75,1.0,0,-217.46040554242128
913,123.75,-73.75,73.75,1.0,0,-213.42366538511806
914,126.25,-73.75,73.75,1.0,0,-215.93672733430387
915,128.75,-73.75,73.75,1.0,0,-223.01439706459198
916,131.25,-73.75,73.75,1.0,0,-232.34643099829677
917,133.75,-73.75,73.75,1.0,0,-241.7778737528928
918,136.25,-73.75,73.75,1.0,0,-249.59833125787839
919,138.75,-73.75,73.75,1.0,0,-254.73131841708835
920,141.25,-73.75,73.75,1.0,0,-256.67542163739665
921,143.75,-73.75,73.75,1.0,0,-255.2655557074826
922,146.25,-73.75,73.75,1.0,0,-249.73007833484485
923,148.75,-73.75,73.75,1.0,0,-239.84160781414914
924,151.25,-73.75,73.75,1.0,0,-227.6414663412769
925,153.75,-73.75,73.75,1.0,0,-214.25607418307044
926,156.25,-73.75,73.75,1.0,0,-201.2683586579248
927,158.75,-73.75,73.75,1.0,0,-189.88815269354248
928,161.25,-73.75,73.75,1.0,0,-180.76687671604384
929,163.75,-73.75,73.75,1.0,0,-174.01782787852048
930,166.25,-73.75,73.75,0.0,4,-169.38388392907459
931,168.75,-73.75,73.75,0.0,4,-166.2478506256358
932,171.25,-73.75,73.75,0.0,4,-164.02704998200358
933,173.75,-73.75,73.75,0.0,4,-161.86102370572937
934,176.25,-73.75,73.75,0.0,4,-159.37088509711367
935,178.75,-73.75,73.75,0.0,4,-156.87585824543515
936,181.25,-73.75,73.75,0.0,4,-154.88406155355028
937,183.75,-73.75,73.75,0.0,4,-153.79354606413563
938,186.25,-73.75,73.75,0.0,4,-153.71253626595555
939,188.75,-73.75,73.75,0.0,4,-154.44719258777457
940,191.25,-73.75,73.75,0.0,4,-155.79627624570952
941,193.75,-73.75,73.75,0.0,4,-157.49057068710658
942,196.25,-73.75,73.75,0.0,4,-159.30821917451408
943,198.75,-73.75,73.75,0.0,4,-161.2949080767217
944,201.25,-73.75,73.75,0.0,4,-163.357138513128
945,203.75,-73.75,73.75,0.0,4,-165.3806632905176
946,206.25,-73.75,73.75,0.0,4,-167.2614516506295
947,208.75,-73.75,73.75,0.0,4,-168.93091034551549
948,211.25,-73.75,73.75,0.0,4,-170.3701694252872
949,213.75,-73.75,73.75,0.0,4,-171.69249958036053
950,216.25,-73.75,73.75,0.0,4,-172.8648825604905
951,218.75,-73.75,73.75,0.0,4,-173.8699762629387
952,221.25,-73.75,73.75,0.0,4,-174.77400594283066
953,223.75,-73.75,73.75,0.0,4,-175.5255332089542
954,226.25,-73.75,73.75,0.0,4,-176.0865715912318
955,228.75,-73.75,73.75,0.0,4,-176.45855909013525
956,231.25,-73.75,73.75,0.0,4,-176.69003090686255
957,233.75,-73.75,73.75,0.0,4,-176.8649869708785
958,236.25,-73.75,73.75,0.0,4,-177.09752713340885
959,238.75,-73.75,73.75,0.0,4,-177.4553895249151
960,241.25,-73.75,73.75,0.0,4,-177.9018286470795
961,243.75,-73.75,73.75,0.0,4,-178.40334737016988
962,246.25,-73.75,73.75,0.0,4,-178.90116682024995
963,248.75,-73.75,73.75,0.0,4,-179.3519902927427
964,251.25,-73.75,73.75,0.0,4,-179.73775195848737
965,253.75,-73.75,73.75,0.0,4,-180.060616338943
966,256.25,-73.75,73.75,1.0,0,-180.3257537523674
967,258.75,-73.75,73.75,1.0,0,-180.51881997779978
968,261.25,-73.75,73.75,1.0,0,-180.57776535002955
969,263.75,-73.75,73.75,1.0,0,-180.53130766022034
970,266.25,-73.75,73.75,1.0,0,-180.4402724934399
971,268.75,-73.75,73.75,1.0,0,-180.34510772488485
972,271.25,-73.75,73.75,1.0,0,-180.25920340834455
973,273.75,-73.75,73.75,1.0,0,-180.17520667911128
974,276.25,-73.75,73.75,1.0,0,-180.09269263903263
975,278.75,-73.75,73.75,1.0,0,-180.06546488648772
976,281.25,-73.75,73.75,1.0,0,-180.3635830246418
977,283.75,-73.75,73.75,1.0,0,-181.61417326741775
978,286.25,-73.75,73.75,1.0,0,-184.0447419766915
979,288.75,-73.75,73.75,1.0,0,-187.41778187003
980,291.25,-73.75,73.75,1.0,0,-190.89017638501966
981,293.75,-73.75,73.75,1.0,0,-193.50623463937671
982,296.25,-73.75,73.75,1.0,0,-194.70163891365382
983,298.75,-73.75,73.75,0.0,4,-194.5826147363386
984,301.25,-73.75,73.75,0.0,4,-193.86738487275773
985,303.75,-73.75,73.75,0.0,4,-193.3622087177331
986,306.25,-73.75,73.75,0.0,4,-193.35583049058977
987,308.75,-73.75,73.75,0.0,4,-193.43801469943344
988,311.25,-73.75,73.75,0.0,4,-193.37117143311747
989,313.75,-73.75,73.75,0.0,4,-193.10329299691747
990,316.25,-73.75,73.75,0.0,4,-192.64403372267344
991,318.75,-73.75,73.75,0.0,4,-192.0263366622
992,321.25,-73.75,73.75,0.0,4,-191.29472852519766
993,323.75,-73.75,73.75,0.0,4,-190.50947597717126
994,326.25,-73.75,73.75,0.0,4,-189.66758179555944
995,328.75,-73.75,73.75,0.0,4,-188.81146646835052
996,331.25,-73.75,73.75,0.0,4,-187.90926913634675
997,333.75,-73.75,73.75,0.0,4,-186.81340506640117
998,336.25,-73.75,73.75,0.0,4,-185.48434275029828
999,338.75,-73.75,73.75,0.0,4,-183.97224159563748
1000,341.25,-73.75,73.75,1.0,0,-182.43329545699075
1001,343.75,-73.75,73.75,1.0,0,-181.10748054050626
1002,346.25,-73.75,73.75,1.0,0,-180.25317020927594
1003,348.75,-73.75,73.75,1.0,0,-180.06481239139964
1004,351.25,-73.75,73.75,1.0,0,-180.45115382312116
1005,353.75,-73.75,73.75,1.0,0,-180.88387221943853
1006,356.25,-73.75,73.75,1.0,0,-181.158195189186
1007,358.75,-73.75,73.75,1.0,0,-181.34016159091507
1008,1.25,-71.25,71.25,1.0,0,-169.04718251655734
1009,3.75,-71.25,71.25,1.0,0,-165.83245571611644
1010,6.25,-71.25,71.25,1.0,0,-162.92110448267906
1011,8.75,-71.25,71.25,1.0,0,-160.3977363505018
1012,11.25,-71.25,71.25,1.0,0,-157.88753145942866
1013,13.75,-71.25,71.25,1.0,0,-155.0367362006894
1014,16.25,-71.25,71.25,1.0,0,-151.8409174494925
1015,18.75,-71.25,71.25,1.0,0,-148.37757358168486
1016,21.25,-71.25,71.25,1.0,0,-145.0146619649378
1017,23.75,-71.25,71.25,1.0,0,-142.07223093542652
1018,26.25,-71.25,71.25,1.0,0,-139.7533595433057
1019,28.75,-71.25,71.25,1.0,0,-138.12871966933542
1020,31.25,-71.25,71.25,1.0,0,-137.1473826678242
1021,33.75,-71.25,71.25,1.0,0,-136.5805997590616
1022,36.25,-71.25,71.25,1.0,0,-135.90491309166086
1023,38.75,-71.25,71.25,1.0,0,-134.74835929896201
1024,41.25,-71.25,71.25,1.0,0,-133.21552832496002
1025,43.75,-71.25,71.25,1.0,0,-131.8337596394393
1026,46.25,-71.25,71.25,1.0,0,-131.4135887053147
1027,48.75,-71.25,71.25,1.0,0,-132.74135562732698
1028,51.25,-71.25,71.25,1.0,0,-136.14380978252078
1029,53.75,-71.25,71.25,1.0,0,-141.04095770554906
1030,56.25,-71.25,71.25,1.0,0,-145.9261149133862
1031,58.75,-71.25,71.25,1.0,0,-148.17932769622305
1032,61.25,-71.25,71.25,1.0,0,-147.86529022646496
1033,63.75,-71.25,71.25,1.0,0,-146.2130312519158
1034,66.25,-71.25,71.25,1.0,0,-144.0474301807453
1035,68.75,-71.25,71.25,1.0,0,-141.9442130216943
1036,71.25,-71.25,71.25,1.0,0,-139.9181636092331
1037,73.75,-71.25,71.25,1.0,0,-137.36513047191235
1038,76.25,-71.25,71.25,1.0,0,-133.38787142667283
1039,78.75,-71.25,71.25,1.0,0,-127.60687122468592
1040,81.25,-71.25,71.25,1.0,0,-123.6943705790837
1041,83.75,-71.25,71.25,1.0,0,-125.73634805537512
1042,86.25,-71.25,71.25,1.0,0,-134.0885666755631
1043,88.75,-71.25,71.25,1.0,0,-146.5993539129667
1044,91.25,-71.25,71.25,1.0,0,-159.7487541864282
1045,93.75,-71.25,71.25,1.0,0,-170.36600063566237
1046,96.25,-71.25,71.25,1.0,0,-176.87988930110325
1047,98.75,-71.25,71.25,1.0,0,-179.78665766530395
1048,101.25,-71.25,71.25,1.0,0,-181.311649504517
1049,103.75,-71.25,71.25,1.0,0,-183.68965291513993
1050,106.25,-71.25,71.25,1.0,0,-186.6919482416362
1051,108.75,-71.25,71.25,1.0,0,-188.84905667409154
1052,111.25,-71.25,71.25,1.0,0,-188.57788227549054
1053,113.75,-71.25,71.25,1.0,0,-185.21622800597828
1054,116.25,-71.25,71.25,1.0,0,-179.36987741562896
1055,118.75,-71.25,71.25,1.0,0,-172.7158218534673
1056,121.25,-71.25,71.25,1.0,0,-167.33351076895767
1057,123.75,-71.25,71.25,1.0,0,-164.8860547858474
1058,126.25,-71.25,71.25,1.0,0,-166.39763731009128
1059,128.75,-71.25,71.25,1.0,0,-170.7368098340045
1060,131.25,-71.25,71.25,1.0,0,-177.16589307266756
1061,133.75,-71.25,71.25,1.0,0,-184.8960027906298
1062,136.25,-71.25,71.25,1.0,0,-192.77595384396716
1063,138.75,-71.25,71.25,1.0,0,-199.33548303738897
1064,141.25,-71.25,71.25,1.0,0,-203.10732737779426
1065,143.75,-71.25,71.25,1.0,0,-203.1860379353245
1066,146.25,-71.25,71.25,1.0,0,-199.46505356363198
1067,148.75,-71.25,71.25,1.0,0,-193.4014508001928
1068,151.25,-71.25,71.25,1.0,0,-187.14983538232553
1069,153.75,-71.25,71.25,1.0,0,-181.3644343041909
1070,156.25,-71.25,71.25,1.0,0,-176.69609022451655
1071,158.75,-71.25,71.25,1.0,0,-173.30501262342884
1072,161.25,-71.25,71.25,1.0,0,-170.8356144235883
1073,163.75,-71.25,71.25,1.0,0,-168.65765392189647
1074,166.25,-71.25,71.25,1.0,0,-166.29900055708683
1075,168.75,-71.25,71.25,0.0,4,-163.65594433511373
1076,171.25,-71.25,71.25,0.0,4,-161.31754646577107
1077,173.75,-71.25,71.25,0.0,4,-159.51251889788995
1078,176.25,-71.25,71.25,0.0,4,-158.04272857874446
1079,178.75,-71.25,71.25,0.0,4,-156.97427414742936
1080,181.25,-71.25,71.25,0.0,4,-156.3850470657024
1081,183.75,-71.25,71.25,0.0,4,-156.2807253626763
1082,186.25,-71.25,71.25,0.0,4,-156.56598494397252
1083,188.75,-71.25,71.25,0.0,4,-157.08115308831944
1084,191.25,-71.25,71.25,0.0,4,-157.72581307495045
1085,193.75,-71.25,71.25,0.0,4,-158.37431324618544
1086,196.25,-71.25,71.25,0.0,4,-159.00032072357496
1087,198.75,-71.25,71.25,0.0,4,-159.7410201196727
1088,201.25,-71.25,71.25,0.0,4,-160.68716879450008
1089,203.75,-71.25,71.25,0.0,4,-161.86629167274899
1090,206.25,-71.25,71.25,0.0,4,-163.20970257892668
1091,208.75,-71.25,71.25,0.0,4,-164.55372336490382
1092,211.25,-71.25,71.25,0.0,4,-165.6783114578926
1093,213.75,-71.25,71.25,0.0,4,-166.4051723472239
1094,216.25,-71.25,71.25,0.0,4,-166.55792146326235
1095,218.75,-71.25,71.25,0.0,4,-166.3567353002576
1096,221.25,-71.25,71.25,0.0,4,-166.07502657820902
1097,223.75,-71.25,71.25,0.0,4,-165.90058241147884
1098,226.25,-71.25,71.25,0.0,4,-165.96161499367378
1099,228.75,-71.25,71.25,0.0,4,-166.31962264367604
1100,231.25,-71.25,71.25,0.0,4,-166.98042348086338
1101,233.75,-71.25,71.25,0.0,4,-167.91515164529636
1102,236.25,-71.25,71.25,0.0,4,-169.17898857405743
1103,238.75,-71.25,71.25,0.0,4,-170.57556508155324
1104,241.25,-71.25,71.25,0.0,4,-171.82946324476296
1105,243.75,-71.25,71.25,0.0,4,-172.95024886356168
1106,246.25,-71.25,71.25,0.0,4,-173.9205055810425
1107,248.75,-71.25,71.25,0.0,4,-174.77497629364987
1108,251.25,-71.25,71.25,0.0,4,-175.56219675995058
1109,253.75,-71.25,71.25,0.0,4,-176.30357078017786
1110,256.25,-71.25,71.25,0.0,4,-176.96349464171334
1111,258.75,-71.25,71.25,0.0,4,-177.47374259936961
1112,261.25,-71.25,71.25,0.0,4,-177.65242452215767
1113,263.75,-71.25,71.25,0.0,4,-177.5200743209693
1114,266.25,-71.25,71.25,0.0,4,-177.19745651248851
1115,268.75,-71.25,71.25,0.0,4,-176.77575312737065
1116,271.25,-71.25,71.25,0.0,4,-176.33057759427976
1117,273.75,-71.25,71.25,0.0,4,-175.90910784958697
1118,276.25,-71.25,71.25,0.0,4,-175.51455125483747
1119,278.75,-71.25,71.25,0.0,4,-175.09016358106567
1120,281.25,-71.25,71.25,0.0,4,-174.46712454167343
1121,283.75,-71.25,71.25,0.0,4,-173.85333713443205
1122,286.25,-71.25,71.25,1.0,0,-174.23461710372246
1123,288.75,-71.25,71.25,1.0,0,-176.4326159813737
1124,291.25,-71.25,71.25,1.0,0,-180.23027404742118
1125,293.75,-71.25,71.25,1.0,0,-184.3282834700049
1126,296.25,-71.25,71.25,1.0,0,-187.196233314217
1127,298.75,-71.25,71.25,0.0,4,-188.01228589781536
1128,301.25,-71.25,71.25,0.0,4,-187.27659704847872
1129,303.75,-71.25,71.25,0.0,4,-186.33742466773847
1130,306.25,-71.25,71.25,0.0,4,-186.13807987647402
1131,308.75,-71.25,71.25,0.0,4,-186.42756504343325
1132,311.25,-71.25,71.25,0.0,4,-187.02646831400082
1133,313.75,-71.25,71.25,0.0,4,-187.91268075553546
1134,316.25,-71.25,71.25,0.0,4,-189.00268288464292
1135,318.75,-71.25,71.25,0.0,4,-190.14590248689996
1136,321.25,-71.25,71.25,0.0,4,-191.16854069234375
1137,323.75,-71.25,71.25,0.0,4,-191.92821396082485
1138,326.25,-71.25,71.25,0.0,4,-192.2984768075545
1139,328.75,-71.25,71.25,0.0,4,-192.1145294869053
1140,331.25,-71.25,71.25,0.0,4,-191.5373117989468
1141,333.75,-71.25,71.25,0.0,4,-190.70036480517757
1142,336.25,-71.25,71.25,0.0,4,-189.6588420519506
1143,338.75,-71.25,71.25,0.0,4,-188.40573454743975
1144,341.25,-71.25,71.25,0.0,4,-186.91084756368963
1145,343.75,-71.25,71.25,0.0,4,-185.18331004561915
1146,346.25,-71.25,71.25,0.0,4,-183.32975510657937
1147,348.75,-71.25,71.25,0.0,4,-181.42069973669933
1148,351.25,-71.25,71.25,1.0,0,-179.60753274669986
1149,353.75,-71.25,71.25,1.0,0,-177.6747873858603
1150,356.25,-71.25,71.25,1.0,0,-175.2379195323962
1151,358.75,-71.25,71.25,1.0,0,-172.28972940911416
1152,1.25,-68.75,68.75,0.0,4,-177.12037065517194
1153,3.75,-68.75,68.75,0.0,4,-175.54864419660117
1154,6.25,-68.75,68.75,0.0,4,-173.86689341624418
1155,8.75,-68.75,68.75,0.0,4,-172.12620239481743
1156,11.25,-68.75,68.75,0.0,4,-170.0870930358146
1157,13.75,-68.75,68.75,0.0,4,-167.72726290842658
1158,16.25,-68.75,68.75,0.0,4,-165.3442308093758
1159,18.75,-68.75,68.75,0.0,4,-163.06223694745128
1160,21.25,-68.75,68.75,0.0,4,-161.1136363368665
1161,23.75,-68.75,68.75,0.0,4,-159.57072491693398
1162,26.25,-68.75,68.75,0.0,4,-158.33210336402303
1163,28.75,-68.75,68.75,0.0,4,-157.1876284477236
1164,31.25,-68.75,68.75,0.0,4,-155.9292443385461
1165,33.75,-68.75,68.75,0.0,4,-154.29140913192538
1166,36.25,-68.75,68.75,0.0,4,-152.26393549028015
1167,38.75,-68.75,68.75,0.0,4,-149.87794306225706
1168,41.25,-68.75,68.75,0.0,4,-146.72065719567914
1169,43.75,-68.75,68.75,1.0,0,-142.57357371062557
1170,46.25,-68.75,68.75,1.0,0,-137.65080949910936
1171,48.75,-68.75,68.75,1.0,0,-132.6863779378595
1172,51.25,-68.75,68.75,1.0,0,-128.7018426295083
1173,53.75,-68.75,68.75,1.0,0,-126.52634952522678
1174,56.25,-68.75,68.75,1.0,0,-126.48486959321447
1175,58.75,-68.75,68.75,1.0,0,-128.86524205249606
1176,61.25,-68.75,68.75,1.0,0,-133.22747533579232
1177,63.75,-68.75,68.75,1.0,0,-138.37730257258863
1178,66.25,-68.75,68.75,1.0,0,-142.3021529066758
1179,68.75,-68.75,68.75,1.0,0,-143.99411524608894
1180,71.25,-68.75,68.75,0.0,4,-144.0848895260535
1181,73.75,-68.75,68.75,0.0,4,-144.13956522596945
1182,76.25,-68.75,68.75,0.0,4,-144.90848275700375
1183,78.75,-68.75,68.75,1.0,0,-144.41384408613936
1184,81.25,-68.75,68.75,1.0,0,-139.79893188575448
1185,83.75,-68.75,68.75,1.0,0,-133.42197306814091
1186,86.25,-68.75,68.75,1.0,0,-128.65250473513723
1187,88.75,-68.75,68.75,1.0,0,-127.42427608096624
1188,91.25,-68.75,68.75,1.0,0,-129.51086201592503
1189,93.75,-68.75,68.75,1.0,0,-133.22767558568646
1190,96.25,-68.75,68.75,1.0,0,-136.59454005973987
1191,98.75,-68.75,68.75,1.0,0,-138.4941218888631
1192,101.25,-68.75,68.75,1.0,0,-139.27902763454983
1193,103.75,-68.75,68.75,1.0,0,-140.14854031889095
1194,106.25,-68.75,68.75,1.0,0,-141.5410997398579
1195,108.75,-68.75,68.75,1.0,0,-143.1314062992129
1196,111.25,-68.75,68.75,1.0,0,-144.5070164827567
1197,113.75,-68.75,68.75,1.0,0,-145.56791053096384
1198,116.25,-68.75,68.75,1.0,0,-146.5488372860194
1199,118.75,-68.75,68.75,1.0,0,-147.81666638152183
1200,121.25,-68.75,68.75,1.0,0,-149.53779440876167
1201,123.75,-68.75,68.75,1.0,0,-151.5070983575974
1202,126.25,-68.75,68.75,1.0,0,-152.88190236234988
1203,128.75,-68.75,68.75,1.0,0,-153.53523306452004
1204,131.25,-68.75,68.75,1.0,0,-154.3111389373383
1205,133.75,-68.75,68.75,1.0,0,-156.32921063689713
1206,136.25,-68.75,68.75,1.0,0,-160.21530654453326
1207,138.75,-68.75,68.75,1.0,0,-165.3319602922995
1208,141.25,-68.75,68.75,1.0,0,-169.80984779241803
1209,143.75,-68.75,68.75,1.0,0,-171.48894097523382
1210,146.25,-68.75,68.75,1.0,0,-169.4545841040595
1211,148.75,-68.75,68.75,1.0,0,-165.25851850500712
1212,151.25,-68.75,68.75,0.0,4,-161.27998760452812
1213,153.75,-68.75,68.75,0.0,4,-158.17405432379783
1214,156.25,-68.75,68.75,0.0,4,-156.2792645117584
1215,158.75,-68.75,68.75,0.0,4,-155.44268833344032
1216,161.25,-68.75,68.75,0.0,4,-155.15794938137748
1217,163.75,-68.75,68.75,0.0,4,-154.8438164127416
1218,166.25,-68.75,68.75,0.0,4,-154.18059394130515
1219,168.75,-68.75,68.75,0.0,4,-153.27303310478644
1220,171.25,-68.75,68.75,0.0,4,-152.71199575850477
1221,173.75,-68.75,68.75,0.0,4,-152.75817036557777
1222,176.25,-68.75,68.75,0.0,4,-153.21591130603102
1223,178.75,-68.75,68.75,0.0,4,-153.79070665797317
1224,181.25,-68.75,68.75,0.0,4,-154.20025928265815
1225,183.75,-68.75,68.75,0.0,4,-154.28672899489482
1226,186.25,-68.75,68.75,0.0,4,-154.0632217298457
1227,188.75,-68.75,68.75,0.0,4,-153.68506785520302
1228,191.25,-68.75,68.75,0.0,4,-153.32830534348193
1229,193.75,-68.75,68.75,0.0,4,-153.06710994075272
1230,196.25,-68.75,68.75,0.0,4,-152.79399225012156
1231,198.75,-68.75,68.75,0.0,4,-152.44889920009075
1232,201.25,-68.75,68.75,0.0,4,-152.08395204498734
1233,203.75,-68.75,68.75,0.0,4,-151.79266560680537
1234,206.25,-68.75,68.75,0.0,4,-151.640544933421
1235,208.75,-68.75,68.75,0.0,4,-151.62378097384794
1236,211.25,-68.75,68.75,0.0,4,-151.6741719576353
1237,213.75,-68.75,68.75,0.0,4,-151.7603841878678
1238,216.25,-68.75,68.75,0.0,4,-151.9213696651101
1239,218.75,-68.75,68.75,0.0,4,-152.23099118229058
1240,221.25,-68.75,68.75,0.0,4,-152.70723040741805
1241,223.75,-68.75,68.75,0.0,4,-153.21698002008887
1242,226.25,-68.75,68.75,0.0,4,-153.60293135124724
1243,228.75,-68.75,68.75,0.0,4,-153.79198339423488
1244,231.25,-68.75,68.75,0.0,4,-153.86093446960402
1245,233.75,-68.75,68.75,0.0,4,-154.02948308018685
1246,236.25,-68.75,68.75,0.0,4,-154.64128505383897
1247,238.75,-68.75,68.75,0.0,4,-155.7208726733177
1248,241.25,-68.75,68.75,0.0,4,-156.8620539238792
1249,243.75,-68.75,68.75,0.0,4,-157.92493773600836
1250,246.25,-68.75,68.75,0.0,4,-158.84517356261279
1251,248.75,-68.75,68.75,0.0,4,-159.6800239290581
1252,251.25,-68.75,68.75,0.0,4,-160.53211761513606
1253,253.75,-68.75,68.75,0.0,4,-161.45478518103045
1254,256.25,-68.75,68.75,0.0,4,-162.37311628632517
1255,258.75,-68.75,68.75,0.0,4,-163.126092387482
1256,261.25,-68.75,68.75,0.0,4,-163.4382421311796
1257,263.75,-68.75,68.75,0.0,4,-163.46470726678675
1258,266.25,-68.75,68.75,0.0,4,-163.486053145372
1259,268.75,-68.75,68.75,0.0,4,-163.56256263893113
1260,271.25,-68.75,68.75,0.0,4,-163.56169161845327
1261,273.75,-68.75,68.75,0.0,4,-163.23852109333217
1262,276.25,-68.75,68.75,0.0,4,-162.39421377139678
1263,278.75,-68.75,68.75,0.0,4,-161.0595930948107
1264,281.25,-68.75,68.75,0.0,4,-159.5408294052591
1265,283.75,-68.75,68.75,0.0,4,-158.43980463883207
1266,286.25,-68.75,68.75,0.0,4,-157.98254351213643
1267,288.75,-68.75,68.75,0.0,4,-158.3819802614974
1268,291.25,-68.75,68.75,0.0,4,-159.8886498558435
1269,293.75,-68.75,68.75,1.0,0,-162.23357450925008
1270,296.25,-68.75,68.75,1.0,0,-164.65464669690388
1271,298.75,-68.75,68.75,0.0,4,-166.31659140128997
1272,301.25,-68.75,68.75,0.0,4,-166.94691338567438
1273,303.75,-68.75,68.75,0.0,4,-167.2223956190987
1274,306.25,-68.75,68.75,0.0,4,-167.94546270016042
1275,308.75,-68.75,68.75,0.0,4,-169.11965073318984
1276,311.25,-68.75,68.75,0.0,4,-170.67667302906287
1277,313.75,-68.75,68.75,0.0,4,-172.4964510938892
1278,316.25,-68.75,68.75,0.0,4,-174.4467126682896
1279,318.75,-68.75,68.75,0.0,4,-176.4515601129266
1280,321.25,-68.75,68.75,0.0,4,-178.5138507980635
1281,323.75,-68.75,68.75,0.0,4,-180.6594007296527
1282,326.25,-68.75,68.75,0.0,4,-182.9059244032306
1283,328.75,-68.75,68.75,0.0,4,-184.642451560945
1284,331.25,-68.75,68.75,0.0,4,-185.5766874066539
1285,333.75,-68.75,68.75,0.0,4,-185.97528925081144
1286,336.25,-68.75,68.75,0.0,4,-186.01071189360562
1287,338.75,-68.75,68.75,0.0,4,-185.78089494049286
1288,341.25,-68.75,68.75,0.0,4,-185.27703415062913
1289,343.75,-68.75,68.75,0.0,4,-184.4465034392264
1290,346.25,-68.75,68.75,0.0,4,-183.3208055921793
1291,348.75,-68.75,68.75,0.0,4,-182.056292134155
1292,351.25,-68.75,68.75,0.0,4,-181.04988902635358
1293,353.75,-68.75,68.75,0.0,4,-180.30831914391575
1294,356.25,-68.75,68.75,0.0,4,-179.51169843322464
1295,358.75,-68.75,68.75,0.0,4,-178.46593860400927
1296,1.25,-66.25,66.25,0.0,4,-169.97890630415955
1297,3.75,-66.25,66.25,0.0,4,-169.48575365042421
1298,6.25,-66.25,66.25,0.0,4,-169.0187006158359
1299,8.75,-66.25,66.25,0.0,4,-168.59045384752363
1300,11.25,-66.25,66.25,0.0,4,-167.99126991807054
1301,13.75,-66.25,66.25,0.0,4,-167.17989168330925
1302,16.25,-66.25,66.25,0.0,4,-166.4670745185785
1303,18.75,-66.25,66.25,0.0,4,-165.95417634730268
1304,21.25,-66.25,66.25,0.0,4,-165.55627508790667
1305,23.75,-66.25,66.25,0.0,4,-165.07500230249244
1306,26.25,-66.25,66.25,0.0,4,-164.29148727681437
1307,28.75,-66.25,66.25,0.0,4,-163.0280049449196
1308,31.25,-66.25,66.25,0.0,4,-161.1646102101723
1309,33.75,-66.25,66.25,0.0,4,-158.40093751914856
1310,36.25,-66.25,66.25,0.0,4,-154.97140055911163
1311,38.75,-66.25,66.25,0.0,4,-151.58929728383356
1312,41.25,-66.25,66.25,0.0,4,-148.2746466019547
1313,43.75,-66.25,66.25,0.0,4,-145.01784504795233
1314,46.25,-66.25,66.25,0.0,4,-141.82656026736757
1315,48.75,-66.25,66.25,0.0,4,-138.83946355736688
1316,51.25,-66.25,66.25,0.0,4,-136.30360977427821
1317,53.75,-66.25,66.25,1.0,0,-134.438031851423
1318,56.25,-66.25,66.25,0.0,4,-133.2738583211795
1319,58.75,-66.25,66.25,0.0,4,-133.10345269035128
1320,61.25,-66.25,66.25,0.0,4,-134.0938250171815
1321,63.75,-66.25,66.25,0.0,4,-136.06664236797806
1322,66.25,-66.25,66.25,0.0,4,-138.45484297361497
1323,68.75,-66.25,66.25,0.0,4,-140.746872968726
1324,71.25,-66.25,66.25,0.0,4,-142.78193991502923
1325,73.75,-66.25,66.25,0.0,4,-144.66095048909693
1326,76.25,-66.25,66.25,0.0,4,-146.33222075575185
1327,78.75,-66.25,66.25,0.0,4,-147.0278452833109
1328,81.25,-66.25,66.25,0.0,4,-145.5483518392104
1329,83.75,-66.25,66.25,0.0,4,-142.7392673621898
1330,86.25,-66.25,66.25,0.0,4,-139.94468755144518
1331,88.75,-66.25,66.25,0.0,4,-138.0876744697066
1332,91.25,-66.25,66.25,0.0,4,-137.32610371805364
1333,93.75,-66.25,66.25,0.0,4,-137.25071605496476
1334,96.25,-66.25,66.25,0.0,4,-137.32471421194015
1335,98.75,-66.25,66.25,1.0,0,-137.3605071772351
1336,101.25,-66.25,66.25,1.0,0,-137.76283997011723
1337,103.75,-66.25,66.25,1.0,0,-138.87278978552888
1338,106.25,-66.25,66.25,0.0,4,-140.16569586608273
1339,108.75,-66.25,66.25,0.0,4,-141.25105105166094
1340,111.25,-66.25,66.25,0.0,4,-142.03656563058394
1341,113.75,-66.25,66.25,0.0,4,-142.73850435022544
1342,116.25,-66.25,66.25,0.0,4,-143.62793672734134
1343,118.75,-66.25,66.25,0.0,4,-144.7741316425329
1344,121.25,-66.25,66.25,0.0,4,-145.91975745690544
1345,123.75,-66.25,66.25,0.0,4,-146.7644015541133
1346,126.25,-66.25,66.25,0.0,4,-147.3135190702535
1347,128.75,-66.25,66.25,0.0,4,-147.96090020938175
1348,131.25,-66.25,66.25,0.0,4,-148.92890182633758
1349,133.75,-66.25,66.25,0.0,4,-150.2547548016167
1350,136.25,-66.25,66.25,0.0,4,-151.87016142788042
1351,138.75,-66.25,66.25,0.0,4,-153.4899040393653
1352,141.25,-66.25,66.25,0.0,4,-154.61612957504676
1353,143.75,-66.25,66.25,0.0,4,-154.70093816213705
1354,146.25,-66.25,66.25,0.0,4,-153.41521555870446
1355,148.75,-66.25,66.25,0.0,4,-151.14379995445861
1356,151.25,-66.25,66.25,0.0,4,-148.9049744027604
1357,153.75,-66.25,66.25,0.0,4,-147.17288976416475
1358,156.25,-66.25,66.25,0.0,4,-146.09892468101236
1359,158.75,-66.25,66.25,0.0,4,-145.46002980732004
1360,161.25,-66.25,66.25,0.0,4,-144.8961684593764
1361,163.75,-66.25,66.25,0.0,4,-144.18292390920323
1362,166.25,-66.25,66.25,0.0,4,-143.43006664082083
1363,168.75,-66.25,66.25,0.0,4,-143.11081211129112
1364,171.25,-66.25,66.25,0.0,4,-143.58628432685597
1365,173.75,-66.25,66.25,0.0,4,-144.31664299413015
1366,176.25,-66.25,66.25,0.0,4,-144.83320396161218
1367,178.75,-66.25,66.25,0.0,4,-144.90198917365854
1368,181.25,-66.25,66.25,0.0,4,-144.48354460628326
1369,183.75,-66.25,66.25,0.0,4,-143.65262043817458
1370,186.25,-66.25,66.25,0.0,4,-142.53211977023568
1371,188.75,-66.25,66.25,0.0,4,-141.2690273486047
1372,191.25,-66.25,66.25,0.0,4,-140.0013390260931
1373,193.75,-66.25,66.25,0.0,4,-138.93509349635576
1374,196.25,-66.25,66.25,0.0,4,-137.94472527529732
1375,198.75,-66.25,66.25,0.0,4,-136.77674329718164
1376,201.25,-66.25,66.25,0.0,4,-135.38536404547116
1377,203.75,-66.25,66.25,0.0,4,-133.86563593643663
1378,206.25,-66.25,66.25,0.0,4,-132.36492548594617
1379,208.75,-66.25,66.25,0.0,4,-131.00101085785872
1380,211.25,-66.25,66.25,0.0,4,-129.82783336820694
1381,213.75,-66.25,66.25,0.0,4,-128.91369606309607
1382,216.25,-66.25,66.25,0.0,4,-128.5550031227967
1383,218.75,-66.25,66.25,0.0,4,-128.8130589789864
1384,221.25,-66.25,66.25,0.0,4,-129.4880708624384
1385,223.75,-66.25,66.25,0.0,4,-130.1775991584162
1386,226.25,-66.25,66.25,0.0,4,-130.51065773269679
1387,228.75,-66.25,66.25,0.0,4,-130.3561744659121
1388,231.25,-66.25,66.25,0.0,4,-129.88843291734534
1389,233.75,-66.25,66.25,0.0,4,-129.4857412859102
1390,236.25,-66.25,66.25,0.0,4,-129.57102591989573
1391,238.75,-66.25,66.25,0.0,4,-130.2053895087755
1392,241.25,-66.25,66.25,0.0,4,-130.97640779917944
1393,243.75,-66.25,66.25,0.0,4,-131.72744571641573
1394,246.25,-66.25,66.25,0.0,4,-132.39660650938427
1395,248.75,-66.25,66.25,0.0,4,-133.04154393794434
1396,251.25,-66.25,66.25,0.0,4,-133.7691212999096
1397,253.75,-66.25,66.25,0.0,4,-134.6463506899303
1398,256.25,-66.25,66.25,0.0,4,-135.61925296961903
1399,258.75,-66.25,66.25,0.0,4,-136.54857597004215
1400,261.25,-66.25,66.25,0.0,4,-136.9585882271482
1401,263.75,-66.25,66.25,0.0,4,-136.80846954642772
1402,266.25,-66.25,66.25,0.0,4,-136.47592260879708
1403,268.75,-66.25,66.25,0.0,4,-136.2645596114507
1404,271.25,-66.25,66.25,0.0,4,-136.30422814215333
1405,273.75,-66.25,66.25,0.0,4,-136.4732940463323
1406,276.25,-66.25,66.25,0.0,4,-136.44876513379873
1407,278.75,-66.25,66.25,0.0,4,-135.87268136846683
1408,281.25,-66.25,66.25,0.0,4,-134.53092280392178
1409,283.75,-66.25,66.25,0.0,4,-132.82805259857906
1410,286.25,-66.25,66.25,0.0,4,-131.49560234621643
1411,288.75,-66.25,66.25,0.0,4,-130.8054571026493
1412,291.25,-66.25,66.25,0.0,4,-130.9598241332953
1413,293.75,-66.25,66.25,0.0,4,-132.02722689452037
1414,296.25,-66.25,66.25,1.0,0,-133.841530641681
1415,298.75,-66.25,66.25,0.0,4,-135.982430809322
1416,301.25,-66.25,66.25,0.0,4,-137.88739628350453
1417,303.75,-66.25,66.25,0.0,4,-139.31003527286342
1418,306.25,-66.25,66.25,0.0,4,-140.35420053352271
1419,308.75,-66.25,66.25,0.0,4,-141.59012800266683
1420,311.25,-66.25,66.25,0.0,4,-143.4185591936695
1421,313.75,-66.25,66.25,0.0,4,-145.6962135814251
1422,316.25,-66.25,66.25,0.0,4,-148.09703076219134
1423,318.75,-66.25,66.25,0.0,4,-150.41281819483737
1424,321.25,-66.25,66.25,0.0,4,-152.72311242889754
1425,323.75,-66.25,66.25,0.0,4,-155.34679449436126
1426,326.25,-66.25,66.25,0.0,4,-158.7431136913865
1427,328.75,-66.25,66.25,0.0,4,-162.1905560979997
1428,331.25,-66.25,66.25,0.0,4,-164.85495166610244
1429,333.75,-66.25,66.25,0.0,4,-167.03464219810468
1430,336.25,-66.25,66.25,0.0,4,-168.92302614665272
1431,338.75,-66.25,66.25,0.0,4,-170.50405412005523
1432,341.25,-66.25,66.25,0.0,4,-171.5151114376429
1433,343.75,-66.25,66.25,0.0,4,-171.65037157877666
1434,346.25,-66.25,66.25,0.0,4,-170.91533773832302
1435,348.75,-66.25,66.25,0.0,4,-169.8872029670165
1436,351.25,-66.25,66.25,0.0,4,-169.55767674965637
1437,353.75,-66.25,66.25,0.0,4,-169.8807450432474
1438,356.25,-66.25,66.25,0.0,4,-170.2551066234819
1439,358.75,-66.25,66.25,0.0,4,-170.2990087683236
1440,1.25,-63.75,63.75,0.0,4,-145.6849723447013
1441,3.75,-63.75,63.75,0.0,4,-145.21844155698506
1442,6.25,-63.75,63.75,0.0,4,-145.0906263896574
1443,8.75,-63.75,63.75,0.0,4,-145.08215293231794
1444,11.25,-63.75,63.75,0.0,4,-144.90403720144246
1445,13.75,-63.75,63.75,0.0,4,-144.73163707697623
1446,16.25,-63.75,63.75,0.0,4,-144.97088962432778
1447,18.75,-63.75,63.75,0.0,4,-145.56291331389224
1448,21.25,-63.75,63.75,0.0,4,-146.13082883918798
1449,23.75,-63.75,63.75,0.0,4,-146.36645038862542
1450,26.25,-63.75,63.75,0.0,4,-146.19560277273374
1451,28.75,-63.75,63.75,0.0,4,-145.74777113856305
1452,31.25,-63.75,63.75,0.0,4,-145.16161548585282
1453,33.75,-63.75,63.75,0.0,4,-144.28698518629528
1454,36.25,-63.75,63.75,0.0,4,-142.85845399702941
1455,38.75,-63.75,63.75,0.0,4,-141.0816680414031
1456,41.25,-63.75,63.75,0.0,4,-139.10014173981236
1457,43.75,-63.75,63.75,0.0,4,-136.99301074372835
1458,46.25,-63.75,63.75,0.0,4,-134.81235113220256
1459,48.75,-63.75,63.75,0.0,4,-132.64260424381797
1460,51.25,-63.75,63.75,0.0,4,-130.61219471519124
1461,53.75,-63.75,63.75,0.0,4,-128.8536759117489
1462,56.25,-63.75,63.75,0.0,4,-127.39731749486133
1463,58.75,-63.75,63.75,0.0,4,-126.47682536053149
1464,61.25,-63.75,63.75,0.0,4,-126.2135058646879
1465,63.75,-63.75,63.75,0.0,4,-126.5745338222537
1466,66.25,-63.75,63.75,0.0,4,-127.46435414359097
1467,68.75,-63.75,63.75,0.0,4,-128.7569997631682
1468,71.25,-63.75,63.75,0.0,4,-130.3893945857462
1469,73.75,-63.75,63.75,0.0,4,-132.33698927577595
1470,76.25,-63.75,63.75,0.0,4,-134.47434948333725
1471,78.75,-63.75,63.75,0.0,4,-136.42742968383396
1472,81.25,-63.75,63.75,0.0,4,-137.10888582201468
1473,83.75,-63.75,63.75,0.0,4,-136.3693108865203
1474,86.25,-63.75,63.75,0.0,4,-134.7697512960866
1475,88.75,-63.75,63.75,0.0,4,-132.77992363579023
1476,91.25,-63.75,63.75,0.0,4,-130.67155978926286
1477,93.75,-63.75,63.75,0.0,4,-128.55584611338725
1478,96.25,-63.75,63.75,0.0,4,-126.5591228295926
1479,98.75,-63.75,63.75,0.0,4,-125.02931935035794
1480,101.25,-63.75,63.75,0.0,4,-124.6382092719138
1481,103.75,-63.75,63.75,0.0,4,-125.6422997766549
1482,106.25,-63.75,63.75,0.0,4,-126.85673390483551
1483,108.75,-63.75,63.75,0.0,4,-127.61568886271124
1484,111.25,-63.75,63.75,0.0,4,-127.9752042146364
1485,113.75,-63.75,63.75,0.0,4,-128.41653928461858
1486,116.25,-63.75,63.75,0.0,4,-129.33910993911616
1487,118.75,-63.75,63.75,0.0,4,-130.69190866820293
1488,121.25,-63.75,63.75,0.0,4,-131.91537005007194
1489,123.75,-63.75,63.75,0.0,4,-132.45242429648832
1490,126.25,-63.75,63.75,0.0,4,-132.40236467902503
1491,128.75,-63.75,63.75,0.0,4,-132.49664052366884
1492,131.25,-63.75,63.75,0.0,4,-132.87859291249453
1493,133.75,-63.75,63.75,0.0,4,-133.26588835010546
1494,136.25,-63.75,63.75,0.0,4,-133.41832276245904
1495,138.75,-63.75,63.75,0.0,4,-133.3245174848161
1496,141.25,-63.75,63.75,0.0,4,-133.17578448770857
1497,143.75,-63.75,63.75,0.0,4,-133.1468329417056
1498,146.25,-63.75,63.75,0.0,4,-133.10524676985048
1499,148.75,-63.75,63.75,0.0,4,-132.6097770357338
1500,151.25,-63.75,63.75,0.0,4,-131.85974022064914
1501,153.75,-63.75,63.75,0.0,4,-131.28088307033184
1502,156.25,-63.75,63.75,0.0,4,-130.93971366549448
1503,158.75,-63.75,63.75,0.0,4,-130.60775537568
1504,161.25,-63.75,63.75,0.0,4,-130.05636601722742
1505,163.75,-63.75,63.75,0.0,4,-129.31952766017557
1506,166.25,-63.75,63.75,0.0,4,-128.77902044754165
1507,168.75,-63.75,63.75,0.0,4,-128.92813973808617
1508,171.25,-63.75,63.75,0.0,4,-129.42640644180298
1509,173.75,-63.75,63.75,0.0,4,-129.30442310805185
1510,176.25,-63.75,63.75,0.0,4,-128.39232003222622
1511,178.75,-63.75,63.75,0.0,4,-126.96687920276537
1512,181.25,-63.75,63.75,0.0,4,-125.32034049197864
1513,183.75,-63.75,63.75,0.0,4,-123.49332242684345
1514,186.25,-63.75,63.75,0.0,4,-121.28072815375654
1515,188.75,-63.75,63.75,0.0,4,-118.50025241103239
1516,191.25,-63.75,63.75,0.0,4,-115.23147944018012
1517,193.75,-63.75,63.75,0.0,4,-112.34910220498526
1518,196.25,-63.75,63.75,0.0,4,-110.0809216447892
1519,198.75,-63.75,63.75,0.0,4,-107.90358961770922
1520,201.25,-63.75,63.75,0.0,4,-105.65743337996561
1521,203.75,-63.75,63.75,0.0,4,-103.44584241611892
1522,206.25,-63.75,63.75,0.0,4,-101.45152345100965
1523,208.75,-63.75,63.75,0.0,4,-99.74687102080004
1524,211.25,-63.75,63.75,0.0,4,-98.22017603118235
1525,213.75,-63.75,63.75,0.0,4,-96.78164986980568
1526,216.25,-63.75,63.75,0.0,4,-95.83852509945527
1527,218.75,-63.75,63.75,0.0,4,-95.53875448278656
1528,221.25,-63.75,63.75,0.0,4,-95.56142460979821
1529,223.75,-63.75,63.75,0.0,4,-95.51920869675784
1530,226.25,-63.75,63.75,0.0,4,-95.20631493807915
1531,228.75,-63.75,63.75,0.0,4,-94.68319942316467
1532,231.25,-63.75,63.75,0.0,4,-94.19211891217955
1533,233.75,-63.75,63.75,0.0,4,-93.95548453989852
1534,236.25,-63.75,63.75,0.0,4,-94.06555898183848
1535,238.75,-63.75,63.75,0.0,4,-94.30542761752201
1536,241.25,-63.75,63.75,0.0,4,-94.48445164269172
1537,243.75,-63.75,63.75,0.0,4,-94.69598448294163
1538,246.25,-63.75,63.75,0.0,4,-94.97623531645272
1539,248.75,-63.75,63.75,0.0,4,-95.32046303873209
1540,251.25,-63.75,63.75,0.0,4,-95.68306745364038
1541,253.75,-63.75,63.75,0.0,4,-96.00336855307457
1542,256.25,-63.75,63.75,0.0,4,-96.24346298730048
1543,258.75,-63.75,63.75,0.0,4,-96.47724334036896
1544,261.25,-63.75,63.75,0.0,4,-96.61461502158976
1545,263.75,-63.75,63.75,0.0,4,-96.56502916202506
1546,266.25,-63.75,63.75,0.0,4,-96.43216532692787
1547,268.75,-63.75,63.75,0.0,4,-96.32711361742214
1548,271.25,-63.75,63.75,0.0,4,-96.36881747743375
1549,273.75,-63.75,63.75,0.0,4,-96.5896626994894
1550,276.25,-63.75,63.75,0.0,4,-96.88219929509361
1551,278.75,-63.75,63.75,0.0,4,-97.01403844807697
1552,281.25,-63.75,63.75,0.0,4,-96.78143729992203
1553,283.75,-63.75,63.75,0.0,4,-96.14965791024568
1554,286.25,-63.75,63.75,0.0,4,-95.43643910576
1555,288.75,-63.75,63.75,0.0,4,-94.84726619476528
1556,291.25,-63.75,63.75,0.0,4,-94.52283600352793
1557,293.75,-63.75,63.75,0.0,4,-94.6943878642871
1558,296.25,-63.75,63.75,0.0,4,-95.59480130824582
1559,298.75,-63.75,63.75,0.0,4,-97.26798979145015
1560,301.25,-63.75,63.75,0.0,4,-99.36026962270682
1561,303.75,-63.75,63.75,0.0,4,-101.24031023270986
1562,306.25,-63.75,63.75,0.0,4,-102.18041422820684
1563,308.75,-63.75,63.75,0.0,4,-102.9665276256907
1564,311.25,-63.75,63.75,0.0,4,-104.70328089740316
1565,313.75,-63.75,63.75,0.0,4,-107.51389183675434
1566,316.25,-63.75,63.75,0.0,4,-110.83671934449445
1567,318.75,-63.75,63.75,0.0,4,-114.03367108536808
1568,321.25,-63.75,63.75,0.0,4,-116.93693171511313
1569,323.75,-63.75,63.75,0.0,4,-120.06266411155524
1570,326.25,-63.75,63.75,0.0,4,-124.43466028983944
1571,328.75,-63.75,63.75,0.0,4,-129.30508024689536
1572,331.25,-63.75,63.75,0.0,4,-133.27310213291793
1573,333.75,-63.75,63.75,0.0,4,-136.69737411535718
1574,336.25,-63.75,63.75,0.0,4,-139.9542145210946
1575,338.75,-63.75,63.75,0.0,4,-143.07179160659007
1576,341.25,-63.75,63.75,0.0,4,-145.60140043984524
1577,343.75,-63.75,63.75,0.0,4,-146.93759512459232
1578,346.25,-63.75,63.75,0.0,4,-146.92881631545808
1579,348.75,-63.75,63.75,0.0,4,-146.3610468678038
1580,351.25,-63.75,63.75,0.0,4,-146.35906918642547
1581,353.75,-63.75,63.75,0.0,4,-146.70892128780164
1582,356.25,-63.75,63.75,0.0,4,-146.76366832809595
1583,358.75,-63.75,63.75,0.0,4,-146.33012271439503
1584,1.25,-61.25,61.25,0.0,4,-114.36190334301345
1585,3.75,-61.25,61.25,0.0,4,-114.3924568912251
1586,6.25,-61.25,61.25,0.0,4,-114.72530124143609
1587,8.75,-61.25,61.25,0.0,4,-115.10134123327074
1588,11.25,-61.25,61.25,0.0,4,-115.43394968121636
1589,13.75,-61.25,61.25,0.0,4,-115.90652739851335
1590,16.25,-61.25,61.25,0.0,4,-116.60028829843881
1591,18.75,-61.25,61.25,0.0,4,-117.35631086240537
1592,21.25,-61.25,61.25,0.0,4,-117.95052254017669
1593,23.75,-61.25,61.25,0.0,4,-118.3961564110597
1594,26.25,-61.25,61.25,0.0,4,-118.88516101861737
1595,28.75,-61.25,61.25,0.0,4,-119.59373517169834
1596,31.25,-61.25,61.25,0.0,4,-120.45620315610155
1597,33.75,-61.25,61.25,0.0,4,-121.16756245165408
1598,36.25,-61.25,61.25,0.0,4,-121.23784140940131
1599,38.75,-61.25,61.25,0.0,4,-120.77271721802825
1600,41.25,-61.25,61.25,0.0,4,-119.98713285187522
1601,43.75,-61.25,61.25,0.0,4,-118.9193595474903
1602,46.25,-61.25,61.25,0.0,4,-117.62358611320079
1603,48.75,-61.25,61.25,0.0,4,-116.21892761388688
1604,51.25,-61.25,61.25,0.0,4,-114.86409506765236
1605,53.75,-61.25,61.25,0.0,4,-113.66621706747527
1606,56.25,-61.25,61.25,0.0,4,-112.54216426676092
1607,58.75,-61.25,61.25,0.0,4,-111.45020554337631
1608,61.25,-61.25,61.25,0.0,4,-110.54702652773047
1609,63.75,-61.25,61.25,0.0,4,-109.92876060582762
1610,66.25,-61.25,61.25,0.0,4,-109.60647972603128
1611,68.75,-61.25,61.25,0.0,4,-109.56323648661497
1612,71.25,-61.25,61.25,0.0,4,-109.84023591036186
1613,73.75,-61.25,61.25,0.0,4,-110.51576986397903
1614,76.25,-61.25,61.25,0.0,4,-111.57803043205513
1615,78.75,-61.25,61.25,0.0,4,-112.86017896422038
1616,81.25,-61.25,61.25,0.0,4,-113.49596205796854
1617,83.75,-61.25,61.25,0.0,4,-112.89960347636358
1618,86.25,-61.25,61.25,0.0,4,-111.2774348679848
1619,88.75,-61.25,61.25,0.0,4,-109.06954327975649
1620,91.25,-61.25,61.25,0.0,4,-106.70679707659905
1621,93.75,-61.25,61.25,0.0,4,-104.40585777610976
1622,96.25,-61.25,61.25,0.0,4,-102.19252104609266
1623,98.75,-61.25,61.25,0.0,4,-100.1335188607118
1624,101.25,-61.25,61.25,0.0,4,-98.6820191156123
1625,103.75,-61.25,61.25,0.0,4,-98.49515601589802
1626,106.25,-61.25,61.25,0.0,4,-98.95065896593565
1627,108.75,-61.25,61.25,0.0,4,-99.40084475234909
1628,111.25,-61.25,61.25,0.0,4,-99.73594178333553
1629,113.75,-61.25,61.25,0.0,4,-100.18416542599672
1630,116.25,-61.25,61.25,0.0,4,-100.92866609852291
1631,118.75,-61.25,61.25,0.0,4,-101.83253541004797
1632,121.25,-61.25,61.25,0.0,4,-102.42475024048142
1633,123.75,-61.25,61.25,0.0,4,-102.39101173573972
1634,126.25,-61.25,61.25,0.0,4,-102.10011450184723
1635,128.75,-61.25,61.25,0.0,4,-102.1672787427237
1636,131.25,-61.25,61.25,0.0,4,-102.54408837344859
1637,133.75,-61.25,61.25,0.0,4,-102.90047907561448
1638,136.25,-61.25,61.25,0.0,4,-103.1160449463422
1639,138.75,-61.25,61.25,0.0,4,-103.36341918943583
1640,141.25,-61.25,61.25,0.0,4,-103.92195125186377
1641,143.75,-61.25,61.25,0.0,4,-104.82924485548115
1642,146.25,-61.25,61.25,0.0,4,-105.69790230389714
1643,148.75,-61.25,61.25,0.0,4,-105.90477794049474
1644,151.25,-61.25,61.25,0.0,4,-105.90651830942984
1645,153.75,-61.25,61.25,0.0,4,-106.37438568560967
1646,156.25,-61.25,61.25,0.0,4,-107.32843576621976
1647,158.75,-61.25,61.25,0.0,4,-108.3779281070557
1648,161.25,-61.25,61.25,0.0,4,-109.1188323191623
1649,163.75,-61.25,61.25,0.0,4,-109.44239303187102
1650,166.25,-61.25,61.25,0.0,4,-109.60194607184167
1651,168.75,-61.25,61.25,0.0,4,-109.90494253169398
1652,171.25,-61.25,61.25,0.0,4,-109.88800138382886
1653,173.75,-61.25,61.25,0.0,4,-108.93511138083745
1654,176.25,-61.25,61.25,0.0,4,-107.07171003860178
1655,178.75,-61.25,61.25,0.0,4,-104.6075893233812
1656,181.25,-61.25,61.25,0.0,4,-101.77359106260934
1657,183.75,-61.25,61.25,0.0,4,-98.51923003320478
1658,186.25,-61.25,61.25,0.0,4,-94.59380850039456
1659,188.75,-61.25,61.25,0.0,4,-89.8785868932681
1660,191.25,-61.25,61.25,0.0,4,-84.59811564608438
1661,193.75,-61.25,61.25,0.0,4,-80.1031776933715
1662,196.25,-61.25,61.25,0.0,4,-76.529014417831
1663,198.75,-61.25,61.25,0.0,4,-72.96727663273761
1664,201.25,-61.25,61.25,0.0,4,-69.35818047483343
1665,203.75,-61.25,61.25,0.0,4,-66.14464959310803
1666,206.25,-61.25,61.25,0.0,4,-63.71706143204939
1667,208.75,-61.25,61.25,0.0,4,-61.98433057509246
1668,211.25,-61.25,61.25,0.0,4,-60.34002128212926
1669,213.75,-61.25,61.25,0.0,4,-58.33490270743362
1670,216.25,-61.25,61.25,0.0,4,-56.662113343974
1671,218.75,-61.25,61.25,0.0,4,-55.7032280873346
1672,221.25,-61.25,61.25,0.0,4,-54.94607099792118
1673,223.75,-61.25,61.25,0.0,4,-54.080672836432534
1674,226.25,-61.25,61.25,0.0,4,-53.20580224616347
1675,228.75,-61.25,61.25,0.0,4,-52.64442363641313
1676,231.25,-61.25,61.25,0.0,4,-52.64666084247038
1677,233.75,-61.25,61.25,0.0,4,-53.15931906247175
1678,236.25,-61.25,61.25,0.0,4,-54.0302331643335
1679,238.75,-61.25,61.25,0.0,4,-54.81408822797023
1680,241.25,-61.25,61.25,0.0,4,-55.17489036454798
1681,243.75,-61.25,61.25,0.0,4,-55.155875954147696
1682,246.25,-61.25,61.25,0.0,4,-54.815149384059126
1683,248.75,-61.25,61.25,0.0,4,-54.29020504310868
1684,251.25,-61.25,61.25,0.0,4,-53.71816112691986
1685,253.75,-61.25,61.25,0.0,4,-53.17734408952709
1686,256.25,-61.25,61.25,0.0,4,-52.67326869307935
1687,258.75,-61.25,61.25,0.0,4,-52.22980717795515
1688,261.25,-61.25,61.25,0.0,4,-51.83388803934324
1689,263.75,-61.25,61.25,0.0,4,-51.44085044113232
1690,266.25,-61.25,61.25,0.0,4,-51.03837677167701
1691,268.75,-61.25,61.25,0.0,4,-50.5956643464991
1692,271.25,-61.25,61.25,0.0,4,-50.173513232541524
1693,273.75,-61.25,61.25,0.0,4,-49.895456572982724
1694,276.25,-61.25,61.25,0.0,4,-49.85025379543499
1695,278.75,-61.25,61.25,0.0,4,-49.96224983274781
1696,281.25,-61.25,61.25,0.0,4,-49.999455986800214
1697,283.75,-61.25,61.25,0.0,4,-49.70352830435742
1698,286.25,-61.25,61.25,0.0,4,-49.394029727314496
1699,288.75,-61.25,61.25,0.0,4,-49.39562578018006
1700,291.25,-61.25,61.25,0.0,4,-49.65141336109673
1701,293.75,-61.25,61.25,0.0,4,-50.04594611495693
1702,296.25,-61.25,61.25,0.0,4,-50.63227463119645
1703,298.75,-61.25,61.25,0.0,4,-51.65621854125732
1704,301.25,-61.25,61.25,0.0,4,-53.33865353596121
1705,303.75,-61.25,61.25,0.0,4,-55.59130172558061
1706,306.25,-61.25,61.25,0.0,4,-57.236936082317506
1707,308.75,-61.25,61.25,0.0,4,-58.25077117689505
1708,311.25,-61.25,61.25,0.0,4,-59.93059493225757
1709,313.75,-61.25,61.25,0.0,4,-62.871636808959195
1710,316.25,-61.25,61.25,0.0,4,-66.74219455913948
1711,318.75,-61.25,61.25,0.0,4,-70.78159708427313
1712,321.25,-61.25,61.25,0.0,4,-74.52375192555851
1713,323.75,-61.25,61.25,0.0,4,-78.35763266225347
1714,326.25,-61.25,61.25,0.0,4,-83.58132834620947
1715,328.75,-61.25,61.25,0.0,4,-89.4944253610488
1716,331.25,-61.25,61.25,0.0,4,-94.41522894182577
1717,333.75,-61.25,61.25,0.0,4,-98.7364482453479
1718,336.25,-61.25,61.25,0.0,4,-102.86342558298008
1719,338.75,-61.25,61.25,0.0,4,-106.78919988811911
1720,341.25,-61.25,61.25,0.0,4,-110.03507076633281
1721,343.75,-61.25,61.25,0.0,4,-112.06920523396384
1722,346.25,-61.25,61.25,0.0,4,-112.94279546150533
1723,348.75,-61.25,61.25,0.0,4,-113.57680596468992
1724,351.25,-61.25,61.25,0.0,4,-114.47119778617068
1725,353.75,-61.25,61.25,0.0,4,-115.03491612576067
1726,356.25,-61.25,61.25,0.0,4,-115.02983485188282
1727,358.75,-61.25,61.25,0.0,4,-114.66607600298494
1728,1.25,-58.75,58.75,0.0,1,-81.61055318090061
1729,3.75,-58.75,58.75,0.0,1,-81.99426803141222
1730,6.25,-58.75,58.75,0.0,1,-82.33539227463427
1731,8.75,-58.75,58.75,0.0,1,-82.89691308272069
1732,11.25,-58.75,58.75,0.0,1,-83.98344335843188
1733,13.75,-58.75,58.75,0.0,1,-85.142191322496
1734,16.25,-58.75,58.75,0.0,1,-85.87558358138523
1735,18.75,-58.75,58.75,0.0,1,-86.32232406631945
1736,21.25,-58.75,58.75,0.0,1,-86.69238510918295
1737,23.75,-58.75,58.75,0.0,1,-87.29321836549492
1738,26.25,-58.75,58.75,0.0,1,-88.34710789086722
1739,28.75,-58.75,58.75,0.0,1,-89.81873789256369
1740,31.25,-58.75,58.75,0.0,3,-91.3238198213443
1741,33.75,-58.75,58.75,0.0,3,-92.39756919180643
1742,36.25,-58.75,58.75,0.0,3,-92.74549953893388
1743,38.75,-58.75,58.75,0.0,3,-92.74409786391674
1744,41.25,-58.75,58.75,0.0,3,-92.59330889722725
1745,43.75,-58.75,58.75,0.0,3,-92.22151154346152
1746,46.25,-58.75,58.75,0.0,3,-91.66735411775106
1747,48.75,-58.75,58.75,0.0,3,-91.08283239857748
1748,51.25,-58.75,58.75,0.0,3,-90.6012748781077
1749,53.75,-58.75,58.75,0.0,3,-90.15836590262792
1750,56.25,-58.75,58.75,0.0,3,-89.48062924523269
1751,58.75,-58.75,58.75,0.0,3,-88.48295415345731
1752,61.25,-58.75,58.75,0.0,3,-87.47350293494368
1753,63.75,-58.75,58.75,0.0,3,-86.51363206363561
1754,66.25,-58.75,58.75,0.0,3,-85.60110387111212
1755,68.75,-58.75,58.75,0.0,3,-84.86435333439815
1756,71.25,-58.75,58.75,0.0,3,-84.44916884843128
1757,73.75,-58.75,58.75,0.0,3,-84.33340404867377
1758,76.25,-58.75,58.75,0.0,3,-84.2096078898042
1759,78.75,-58.75,58.75,0.0,3,-83.80396225127534
1760,81.25,-58.75,58.75,0.0,3,-83.1295388311777
1761,83.75,-58.75,58.75,0.0,3,-82.00123971808937
1762,86.25,-58.75,58.75,0.0,3,-80.12777790444716
1763,88.75,-58.75,58.75,0.0,3,-77.65284210048338
1764,91.25,-58.75,58.75,0.0,3,-75.03107671622334
1765,93.75,-58.75,58.75,0.0,3,-72.6091369963834
1766,96.25,-58.75,58.75,0.0,3,-70.37986397883864
1767,98.75,-58.75,58.75,0.0,3,-68.06460991921989
1768,101.25,-58.75,58.75,0.0,3,-65.63565634079302
1769,103.75,-58.75,58.75,0.0,3,-63.95441768517893
1770,106.25,-58.75,58.75,0.0,3,-63.1835650999286
1771,108.75,-58.75,58.75,0.0,3,-62.86366336146789
1772,111.25,-58.75,58.75,0.0,3,-62.78656405407635
1773,113.75,-58.75,58.75,0.0,3,-62.899282218885084
1774,116.25,-58.75,58.75,0.0,3,-63.1284055585193
1775,118.75,-58.75,58.75,0.0,3,-63.302483115246346
1776,121.25,-58.75,58.75,0.0,2,-63.25889810867226
1777,123.75,-58.75,58.75,0.0,2,-63.294566125478106
1778,126.25,-58.75,58.75,0.0,2,-63.91187125943289
1779,128.75,-58.75,58.75,0.0,2,-64.87534144479363
1780,131.25,-58.75,58.75,0.0,2,-65.85445958036411
1781,133.75,-58.75,58.75,0.0,2,-66.73361740693716
1782,136.25,-58.75,58.75,0.0,2,-67.70736393946824
1783,138.75,-58.75,58.75,0.0,2,-69.0374892592878
1784,141.25,-58.75,58.75,0.0,2,-70.78802119892836
1785,143.75,-58.75,58.75,0.0,2,-72.68112360457775
1786,146.25,-58.75,58.75,0.0,2,-74.38608867931654
1787,148.75,-58.75,58.75,0.0,2,-75.62678459564155
1788,151.25,-58.75,58.75,0.0,2,-76.8523764261561
1789,153.75,-58.75,58.75,0.0,2,-78.47077646008414
1790,156.25,-58.75,58.75,0.0,2,-80.30534179155741
1791,158.75,-58.75,58.75,0.0,2,-82.07419365196196
1792,161.25,-58.75,58.75,0.0,2,-83.61769017132778
1793,163.75,-58.75,58.75,0.0,2,-84.92474123095246
1794,166.25,-58.75,58.75,0.0,2,-85.96237343544652
1795,168.75,-58.75,58.75,0.0,2,-86.47849386906319
1796,171.25,-58.75,58.75,0.0,2,-85.94395061534101
1797,173.75,-58.75,58.75,0.0,2,-84.43242131688947
1798,176.25,-58.75,58.75,0.0,2,-82.01980263491386
1799,178.75,-58.75,58.75,0.0,2,-78.73751184179422
1800,181.25,-58.75,58.75,0.0,2,-74.7287813267185
1801,183.75,-58.75,58.75,0.0,2,-70.1531985360534
1802,186.25,-58.75,58.75,0.0,2,-65.08529731023121
1803,188.75,-58.75,58.75,0.0,2,-59.484079634382454
1804,191.25,-58.75,58.75,0.0,2,-53.1581171724513
1805,193.75,-58.75,58.75,0.0,2,-47.263073128781514
1806,196.25,-58.75,58.75,0.0,2,-42.26477889397325
1807,198.75,-58.75,58.75,0.0,2,-37.32503264648236
1808,201.25,-58.75,58.75,0.0,2,-32.54046398649412
1809,203.75,-58.75,58.75,0.0,2,-28.566696888358532
1810,206.25,-58.75,58.75,0.0,2,-25.85293708737486
1811,208.75,-58.75,58.75,0.0,2,-24.091457473374767
1812,211.25,-58.75,58.75,0.0,2,-22.25775822641702
1813,213.75,-58.75,58.75,0.0,2,-19.75795627570371
1814,216.25,-58.75,58.75,0.0,2,-17.69202090361967
1815,218.75,-58.75,58.75,0.0,2,-16.319796053871933
1816,221.25,-58.75,58.75,0.0,2,-14.805221613371199
1817,223.75,-58.75,58.75,0.0,2,-13.103054276006455
1818,226.25,-58.75,58.75,0.0,2,-11.79435102328776
1819,228.75,-58.75,58.75,0.0,2,-11.41796359165124
1820,231.25,-58.75,58.75,0.0,2,-12.010875485847263
1821,233.75,-58.75,58.75,0.0,2,-13.13298806312653
1822,236.25,-58.75,58.75,0.0,2,-14.645658530542818
1823,238.75,-58.75,58.75,0.0,2,-16.1504196310491
1824,241.25,-58.75,58.75,0.0,2,-16.934434702906582
1825,243.75,-58.75,58.75,0.0,2,-16.85747738069432
1826,246.25,-58.75,58.75,0.0,2,-16.069345859066313
1827,248.75,-58.75,58.75,0.0,2,-14.9308835680035
1828,251.25,-58.75,58.75,0.0,2,-13.76705340981234
1829,253.75,-58.75,58.75,0.0,2,-12.728617934929584
1830,256.25,-58.75,58.75,0.0,2,-11.794555905307513
1831,258.75,-58.75,58.75,0.0,2,-10.827950321248561
1832,261.25,-58.75,58.75,0.0,2,-9.64188237540376
1833,263.75,-58.75,58.75,0.0,2,-8.337459011364729
1834,266.25,-58.75,58.75,0.0,2,-7.0486484674928365
1835,268.75,-58.75,58.75,0.0,2,-5.742475162808389
1836,271.25,-58.75,58.75,0.0,2,-4.371337698242433
1837,273.75,-58.75,58.75,0.0,2,-3.037416074966892
1838,276.25,-58.75,58.75,0.0,2,-1.9762548836684233
1839,278.75,-58.75,58.75,0.0,2,-1.3309588447401526
1840,281.25,-58.75,58.75,0.0,1,-0.8088088019395449
1841,283.75,-58.75,58.75,0.0,1,0.1264787798021039
1842,286.25,-58.75,58.75,0.0,1,1.051033435747798
1843,288.75,-58.75,58.75,0.0,1,1.2822087130653077
1844,291.25,-58.75,58.75,0.0,1,0.6432672861771
1845,293.75,-58.75,58.75,0.0,1,-0.6010983104463458
1846,296.25,-58.75,58.75,0.0,1,-2.0627058200887345
1847,298.75,-58.75,58.75,0.0,1,-3.5607128896835465
1848,301.25,-58.75,58.75,0.0,1,-5.31044582059516
1849,303.75,-58.75,58.75,0.0,1,-7.975023244044032
1850,306.25,-58.75,58.75,0.0,1,-10.92934950391291
1851,308.75,-58.75,58.75,0.0,1,-13.17876172720601
1852,311.25,-58.75,58.75,0.0,1,-15.46570411529719
1853,313.75,-58.75,58.75,0.0,1,-18.62225899501626
1854,316.25,-58.75,58.75,0.0,1,-22.807559112355335
1855,318.75,-58.75,58.75,0.0,1,-27.500691269018024
1856,321.25,-58.75,58.75,0.0,1,-32.06318863592166
1857,323.75,-58.75,58.75,0.0,1,-36.530334133841485
1858,326.25,-58.75,58.75,0.0,1,-42.085804314793144
1859,328.75,-58.75,58.75,0.0,1,-48.117795377721244
1860,331.25,-58.75,58.75,0.0,1,-53.21654070293052
1861,333.75,-58.75,58.75,0.0,1,-57.95457038704209
1862,336.25,-58.75,58.75,0.0,1,-62.584040094428104
1863,338.75,-58.75,58.75,0.0,1,-66.83606304180503
1864,341.25,-58.75,58.75,0.0,1,-70.23016750445352
1865,343.75,-58.75,58.75,0.0,1,-72.62085643846898
1866,346.25,-58.75,58.75,0.0,1,-74.58542790256078
1867,348.75,-58.75,58.75,0.0,1,-77.02573773369534
1868,351.25,-58.75,58.75,0.0,1,-79.17897025033149
1869,353.75,-58.75,58.75,0.0,1,-80.21995862636602
1870,356.25,-58.75,58.75,0.0,1,-80.73513501463684
1871,358.75,-58.75,58.75,0.0,1,-81.16540460380944
1872,1.25,-56.25,56.25,0.0,1,-48.78402229515986
1873,3.75,-56.25,56.25,0.0,1,-48.913393153125504
1874,6.25,-56.25,56.25,0.0,1,-48.807569211104685
1875,8.75,-56.25,56.25,0.0,1,-49.31851286908361
1876,11.25,-56.25,56.25,0.0,1,-50.67654779383677
1877,13.75,-56.25,56.25,0.0,1,-51.62893317218958
1878,16.25,-56.25,56.25,0.0,1,-51.94347164123625
1879,18.75,-56.25,56.25,0.0,1,-52.35042082849622
1880,21.25,-56.25,56.25,0.0,1,-53.02806608918234
1881,23.75,-56.25,56.25,0.0,1,-53.94774023692494
1882,26.25,-56.25,56.25,0.0,1,-55.10007151887021
1883,28.75,-56.25,56.25,0.0,1,-56.501884317922936
1884,31.25,-56.25,56.25,0.0,3,-57.97414143402366
1885,33.75,-56.25,56.25,0.0,3,-59.14497673085011
1886,36.25,-56.25,56.25,0.0,3,-59.73427712063293
1887,38.75,-56.25,56.25,0.0,3,-60.10264513594497
1888,41.25,-56.25,56.25,0.0,3,-60.415176251439696
1889,43.75,-56.25,56.25,0.0,3,-60.5885757273141
1890,46.25,-56.25,56.25,0.0,3,-60.72671923625082
1891,48.75,-56.25,56.25,0.0,3,-61.013815813999294
1892,51.25,-56.25,56.25,0.0,3,-61.48435551971737
1893,53.75,-56.25,56.25,0.0,3,-61.83683515536613
1894,56.25,-56.25,56.25,0.0,3,-61.69060023860884
1895,58.75,-56.25,56.25,0.0,3,-61.210422648293445
1896,61.25,-56.25,56.25,0.0,3,-60.842735691702735
1897,63.75,-56.25,56.25,0.0,3,-60.369764787846705
1898,66.25,-56.25,56.25,0.0,3,-59.572151213759646
1899,68.75,-56.25,56.25,0.0,3,-58.70155571313732
1900,71.25,-56.25,56.25,0.0,3,-58.13367954501502
1901,73.75,-56.25,56.25,0.0,3,-57.88621698893504
1902,76.25,-56.25,56.25,0.0,3,-57.33162694425515
1903,78.75,-56.25,56.25,0.0,3,-55.75262526828821
1904,81.25,-56.25,56.25,0.0,3,-53.67786466549728
1905,83.75,-56.25,56.25,0.0,3,-51.70415676506036
1906,86.25,-56.25,56.25,0.0,3,-49.3378555503842
1907,88.75,-56.25,56.25,0.0,3,-46.43477291029561
1908,91.25,-56.25,56.25,0.0,3,-43.32685190442682
1909,93.75,-56.25,56.25,0.0,3,-40.380466938427425
1910,96.25,-56.25,56.25,0.0,3,-37.636343041205315
1911,98.75,-56.25,56.25,0.0,3,-34.78465790297789
1912,101.25,-56.25,56.25,0.0,3,-31.68272458212558
1913,103.75,-56.25,56.25,0.0,3,-29.157422095552338
1914,106.25,-56.25,56.25,0.0,3,-27.371717950351503
1915,108.75,-56.25,56.25,0.0,3,-25.91416534146598
1916,111.25,-56.25,56.25,0.0,3,-24.817859593094635
1917,113.75,-56.25,56.25,0.0,3,-24.18585242823142
1918,116.25,-56.25,56.25,0.0,3,-23.940223206635423
1919,118.75,-56.25,56.25,0.0,3,-23.85410827264374
1920,121.25,-56.25,56.25,0.0,2,-23.88366609526245
1921,123.75,-56.25,56.25,0.0,2,-24.765407635781454
1922,126.25,-56.25,56.25,0.0,2,-26.791924400419372
1923,128.75,-56.25,56.25,0.0,2,-28.762778188544672
1924,131.25,-56.25,56.25,0.0,2,-30.341303821200825
1925,133.75,-56.25,56.25,0.0,2,-31.821952836585545
1926,136.25,-56.25,56.25,0.0,2,-33.61303719059888
1927,138.75,-56.25,56.25,0.0,2,-35.83383056922525
1928,141.25,-56.25,56.25,0.0,2,-38.26738927832654
1929,143.75,-56.25,56.25,0.0,2,-40.65051265848093
1930,146.25,-56.25,56.25,0.0,2,-43.21439688814103
1931,148.75,-56.25,56.25,0.0,2,-45.95029390472574
1932,151.25,-56.25,56.25,0.0,2,-48.625130380275664
1933,153.75,-56.25,56.25,0.0,2,-51.15919633813889
1934,156.25,-56.25,56.25,0.0,2,-53.253808597077295
1935,158.75,-56.25,56.25,0.0,2,-54.93429937094175
1936,161.25,-56.25,56.25,0.0,2,-56.4838059616172
1937,163.75,-56.25,56.25,0.0,2,-58.123516193200665
1938,166.25,-56.25,56.25,0.0,2,-59.60081588262882
1939,168.75,-56.25,56.25,0.0,2,-60.08613050742509
1940,171.25,-56.25,56.25,0.0,2,-58.87151226530121
1941,173.75,-56.25,56.25,0.0,2,-56.65888605407618
1942,176.25,-56.25,56.25,0.0,2,-53.64706435316112
1943,178.75,-56.25,56.25,0.0,2,-49.684359670952624
1944,181.25,-56.25,56.25,0.0,2,-44.9243402031961
1945,183.75,-56.25,56.25,0.0,2,-39.80803161013212
1946,186.25,-56.25,56.25,0.0,2,-34.694802886916825
1947,188.75,-56.25,56.25,0.0,2,-29.371649830455247
1948,191.25,-56.25,56.25,0.0,2,-22.769132290924258
1949,193.75,-56.25,56.25,0.0,2,-15.659281090910564
1950,196.25,-56.25,56.25,0.0,2,-9.630618632851974
1951,198.75,-56.25,56.25,0.0,2,-4.231406899059223
1952,201.25,-56.25,56.25,0.0,2,0.7278443179669419
1953,203.75,-56.25,56.25,0.0,2,4.901910146705136
1954,206.25,-56.25,56.25,0.0,2,7.931194481993652
1955,208.75,-56.25,56.25,0.0,2,10.021680840702558
1956,211.25,-56.25,56.25,0.0,2,12.121247495772582
1957,213.75,-56.25,56.25,0.0,2,14.688526629166596
1958,216.25,-56.25,56.25,0.0,2,16.479143961752158
1959,218.75,-56.25,56.25,0.0,2,17.851930897468222
1960,221.25,-56.25,56.25,0.0,2,19.920807514815166
1961,223.75,-56.25,56.25,0.0,2,22.302971146327998
1962,226.25,-56.25,56.25,0.0,2,23.959940000746865
1963,228.75,-56.25,56.25,0.0,2,24.311354226388776
1964,231.25,-56.25,56.25,0.0,2,23.638264237017665
1965,233.75,-56.25,56.25,0.0,2,22.576962875266673
1966,236.25,-56.25,56.25,0.0,2,21.04700615727096
1967,238.75,-56.25,56.25,0.0,2,19.492999376696154
1968,241.25,-56.25,56.25,0.0,2,18.901222712671803
1969,243.75,-56.25,56.25,0.0,2,19.187592717693654
1970,246.25,-56.25,56.25,0.0,2,19.928427793828156
1971,248.75,-56.25,56.25,0.0,2,20.819376362978602
1972,251.25,-56.25,56.25,0.0,2,21.83037420872846
1973,253.75,-56.25,56.25,0.0,2,23.068714566700812
1974,256.25,-56.25,56.25,0.0,2,24.500136556923493
1975,258.75,-56.25,56.25,0.0,2,26.05503561663665
1976,261.25,-56.25,56.25,0.0,2,27.96455057181165
1977,263.75,-56.25,56.25,0.0,2,30.207996088609654
1978,266.25,-56.25,56.25,0.0,2,32.535372186215874
1979,268.75,-56.25,56.25,0.0,2,34.91086548226098
1980,271.25,-56.25,56.25,0.0,2,37.471900300727135
1981,273.75,-56.25,56.25,0.0,2,40.182094836767604
1982,276.25,-56.25,56.25,0.0,2,42.7267913267466
1983,278.75,-56.25,56.25,0.0,2,44.764602265691586
1984,281.25,-56.25,56.25,0.0,1,46.56373598789173
1985,283.75,-56.25,56.25,0.0,1,48.42630071477907
1986,286.25,-56.25,56.25,0.0,1,49.76021812929626
1987,288.75,-56.25,56.25,0.0,1,50.07829870803731
1988,291.25,-56.25,56.25,0.0,1,49.252460633621816
1989,293.75,-56.25,56.25,0.0,1,47.35265380856974
1990,296.25,-56.25,56.25,0.0,1,44.670797363143905
1991,298.75,-56.25,56.25,0.0,1,41.68650548299046
1992,301.25,-56.25,56.25,0.0,1,38.86213737284983
1993,303.75,-56.25,56.25,0.0,1,35.61931439106084
1994,306.25,-56.25,56.25,0.0,1,31.526307675985084
1995,308.75,-56.25,56.25,0.0,1,27.634749676752282
1996,311.25,-56.25,56.25,0.0,1,23.996153822302425
1997,313.75,-56.25,56.25,0.0,1,20.00865039136871
1998,316.25,-56.25,56.25,0.0,1,15.292180435565118
1999,318.75,-56.25,56.25,0.0,1,10.14964109003834
2000,321.25,-56.25,56.25,0.0,1,5.23982398907845
2001,323.75,-56.25,56.25,0.0,1,0.6892882316369316
2002,326.25,-56.25,56.25,0.0,1,-4.636332227167902
2003,328.75,-56.25,56.25,0.0,1,-10.183572823632662
2004,331.25,-56.25,56.25,0.0,1,-14.83162292623272
2005,333.75,-56.25,56.25,0.0,1,-19.387107202698658
2006,336.25,-56.25,56.25,0.0,1,-24.037813292434123
2007,338.75,-56.25,56.25,0.0,1,-28.336207446632333
2008,341.25,-56.25,56.25,0.0,1,-31.844667368159545
2009,343.75,-56.25,56.25,0.0,1,-34.72766024549809
2010,346.25,-56.25,56.25,0.0,1,-37.823866114920726
2011,348.75,-56.25,56.25,0.0,1,-41.68756494793021
2012,351.25,-56.25,56.25,0.0,1,-44.548473963439065
2013,353.75,-56.25,56.25,0.0,1,-45.87424974699159
2014,356.25,-56.25,56.25,0.0,1,-46.93911417419452
2015,358.75,-56.25,56.25,0.0,1,-48.0388215221287
2016,1.25,-53.75,53.75,0.0,1,-17.342900150482034
2017,3.75,-53.75,53.75,0.0,1,-17.36132061261296
2018,6.25,-53.75,53.75,0.0,1,-17.33690531689463
2019,8.75,-53.75,53.75,0.0,1,-17.892223644615985
2020,11.25,-53.75,53.75,0.0,1,-18.605282669949514
2021,13.75,-53.75,53.75,0.0,1,-18.35011168394779
2022,16.25,-53.75,53.75,0.0,1,-18.175469348319364
2023,18.75,-53.75,53.75,0.0,1,-18.974788767605595
2024,21.25,-53.75,53.75,0.0,1,-20.240025151736234
2025,23.75,-53.75,53.75,0.0,1,-21.34867522762829
2026,26.25,-53.75,53.75,0.0,1,-22.237219136576652
2027,28.75,-53.75,53.75,0.0,1,-23.321653303349464
2028,31.25,-53.75,53.75,0.0,3,-24.792648361810716
2029,33.75,-53.75,53.75,0.0,3,-26.32028850075584
2030,36.25,-53.75,53.75,0.0,3,-27.48707798818081
2031,38.75,-53.75,53.75,0.0,3,-28.502813741332275
2032,41.25,-53.75,53.75,0.0,3,-29.598172155440693
2033,43.75,-53.75,53.75,0.0,3,-30.788838195200324
2034,46.25,-53.75,53.75,0.0,3,-32.15304025746697
2035,48.75,-53.75,53.75,0.0,3,-33.717011664389446
2036,51.25,-53.75,53.75,0.0,3,-35.340021909708796
2037,53.75,-53.75,53.75,0.0,3,-36.697555118447674
2038,56.25,-53.75,53.75,0.0,3,-37.54742999955537
2039,58.75,-53.75,53.75,0.0,3,-37.92523622314129
2040,61.25,-53.75,53.75,0.0,3,-38.23115951700204
2041,63.75,-53.75,53.75,0.0,3,-38.379906785038116
2042,66.25,-53.75,53.75,0.0,3,-38.04334417158809
2043,68.75,-53.75,53.75,0.0,3,-37.249343612195915
2044,71.25,-53.75,53.75,0.0,3,-36.290181683376005
2045,73.75,-53.75,53.75,0.0,3,-35.36304657472976
2046,76.25,-53.75,53.75,0.0,3,-34.17205565533844
2047,78.75,-53.75,53.75,0.0,3,-31.967974406981586
2048,81.25,-53.75,53.75,0.0,3,-28.97762296259462
2049,83.75,-53.75,53.75,0.0,3,-25.951522694275656
2050,86.25,-53.75,53.75,0.0,3,-22.702608489142346
2051,88.75,-53.75,53.75,0.0,3,-19.321077063351485
2052,91.25,-53.75,53.75,0.0,3,-16.060020663774576
2053,93.75,-53.75,53.75,0.0,3,-12.98859238146294
2054,96.25,-53.75,53.75,0.0,3,-9.890848147028718
2055,98.75,-53.75,53.75,0.0,3,-6.5302910044063855
2056,101.25,-53.75,53.75,0.0,3,-3.1013027130855226
2057,103.75,-53.75,53.75,0.0,3,-0.39671180806236106
2058,106.25,-53.75,53.75,0.0,3,1.883875926640107
2059,108.75,-53.75,53.75,0.0,3,4.21303619692371
2060,111.25,-53.75,53.75,0.0,3,6.2797298054152515
2061,113.75,-53.75,53.75,0.0,3,7.687910794142888
2062,116.25,-53.75,53.75,0.0,3,8.381497161964086
2063,118.75,-53.75,53.75,0.0,3,8.620989968242627
2064,121.25,-53.75,53.75,0.0,2,8.532000827423918
2065,123.75,-53.75,53.75,0.0,2,7.352438378983707
2066,126.25,-53.75,53.75,0.0,2,4.950039898551511
2067,128.75,-53.75,53.75,0.0,2,2.7372717993222317
2068,131.25,-53.75,53.75,0.0,2,0.7585814355169901
2069,133.75,-53.75,53.75,0.0,2,-1.4583865510848182
2070,136.25,-53.75,53.75,0.0,2,-4.047867358382572
2071,138.75,-53.75,53.75,0.0,2,-6.7310480926240555
2072,141.25,-53.75,53.75,0.0,2,-9.20152429419326
2073,143.75,-53.75,53.75,0.0,2,-11.649790693470202
2074,146.25,-53.75,53.75,0.0,2,-14.827863326290492
2075,148.75,-53.75,53.75,0.0,2,-18.38179786572718
2076,151.25,-53.75,53.75,0.0,2,-21.596182896267255
2077,153.75,-53.75,53.75,0.0,2,-24.571572586348545
2078,156.25,-53.75,53.75,0.0,2,-27.153973876407914
2079,158.75,-53.75,53.75,0.0,2,-29.301365330819923
2080,161.25,-53.75,53.75,0.0,2,-31.073761877954436
2081,163.75,-53.75,53.75,0.0,2,-32.48842062024822
2082,166.25,-53.75,53.75,0.0,2,-33.31023315239697
2083,168.75,-53.75,53.75,0.0,2,-32.89349597006062
2084,171.25,-53.75,53.75,0.0,2,-30.728133744129135
2085,173.75,-53.75,53.75,0.0,2,-27.67589183954632
2086,176.25,-53.75,53.75,0.0,2,-24.0979621383643
2087,178.75,-53.75,53.75,0.0,2,-19.91459778507047
2088,181.25,-53.75,53.75,0.0,2,-15.165038874271247
2089,183.75,-53.75,53.75,0.0,2,-10.165130885805072
2090,186.25,-53.75,53.75,0.0,2,-5.2356968692291534
2091,188.75,-53.75,53.75,0.0,2,-0.17019615763396465
2092,191.25,-53.75,53.75,0.0,2,6.372658871919511
2093,193.75,-53.75,53.75,0.0,2,13.821665740489076
2094,196.25,-53.75,53.75,0.0,2,19.834599501579195
2095,198.75,-53.75,53.75,0.0,2,24.68490489235007
2096,201.25,-53.75,53.75,0.0,2,29.219248394565884
2097,203.75,-53.75,53.75,0.0,2,33.56703192560177
2098,206.25,-53.75,53.75,0.0,2,37.2180793226121
2099,208.75,-53.75,53.75,0.0,2,39.784983669522376
2100,211.25,-53.75,53.75,0.0,2,41.83919063277931
2101,213.75,-53.75,53.75,0.0,2,43.9326112395667
2102,216.25,-53.75,53.75,0.0,2,45.17377818577984
2103,218.75,-53.75,53.75,0.0,2,46.373071399187666
2104,221.25,-53.75,53.75,0.0,2,48.56992396402096
2105,223.75,-53.75,53.75,0.0,2,51.06985521387174
2106,226.25,-53.75,53.75,0.0,2,52.82231173667419
2107,228.75,-53.75,53.75,0.0,2,53.47304697244201
2108,231.25,-53.75,53.75,0.0,2,53.413072265647905
2109,233.75,-53.75,53.75,0.0,2,52.930681822949076
2110,236.25,-53.75,53.75,0.0,2,51.754017727565525
2111,238.75,-53.75,53.75,0.0,2,50.90513128873526
2112,241.25,-53.75,53.75,0.0,2,51.17037162755671
2113,243.75,-53.75,53.75,0.0,2,51.74997141587466
2114,246.25,-53.75,53.75,0.0,2,52.13018985833217
2115,248.75,-53.75,53.75,0.0,2,52.48610686175924
2116,251.25,-53.75,53.75,0.0,2,53.32748474371322
2117,253.75,-53.75,53.75,0.0,2,54.959228918107
2118,256.25,-53.75,53.75,0.0,2,57.1076059197124
2119,258.75,-53.75,53.75,0.0,2,59.30299657148156
2120,261.25,-53.75,53.75,0.0,2,61.63166067087448
2121,263.75,-53.75,53.75,0.0,2,64.44209600230636
2122,266.25,-53.75,53.75,0.0,2,67.59318097313329
2123,268.75,-53.75,53.75,0.0,2,70.93027376220542
2124,271.25,-53.75,53.75,0.0,2,74.53516503400742
2125,273.75,-53.75,53.75,0.0,2,78.37943504352998
2126,276.25,-53.75,53.75,0.0,2,82.20147439121654
2127,278.75,-53.75,53.75,0.0,2,85.74075093579977
2128,281.25,-53.75,53.75,0.0,1,89.41582236428295
2129,283.75,-53.75,53.75,0.0,1,92.24632292323007
2130,286.25,-53.75,53.75,0.0,1,91.9909629057814
2131,288.75,-53.75,53.75,0.0,1,89.5536215968568
2132,291.25,-53.75,53.75,1.0,0,87.04394447389919
2133,293.75,-53.75,53.75,0.0,1,84.81609395467154
2134,296.25,-53.75,53.75,0.0,1,82.09257434431636
2135,298.75,-53.75,53.75,0.0,1,78.34331848730088
2136,301.25,-53.75,53.75,0.0,1,74.2444067091791
2137,303.75,-53.75,53.75,0.0,1,70.24353267784562
2138,306.25,-53.75,53.75,0.0,1,65.64320984129922
2139,308.75,-53.75,53.75,0.0,1,60.67995571182865
2140,311.25,-53.75,53.75,0.0,1,55.75251189789546
2141,313.75,-53.75,53.75,0.0,1,50.69699340771614
2142,316.25,-53.75,53.75,0.0,1,45.33841078560045
2143,318.75,-53.75,53.75,0.0,1,40.0281654947653
2144,321.25,-53.75,53.75,0.0,1,35.35595912609877
2145,323.75,-53.75,53.75,0.0,1,31.225397969261984
2146,326.25,-53.75,53.75,0.0,1,26.23478686415857
2147,328.75,-53.75,53.75,0.0,1,20.96881956909014
2148,331.25,-53.75,53.75,0.0,1,16.657462957979238
2149,333.75,-53.75,53.75,0.0,1,12.476987254482719
2150,336.25,-53.75,53.75,0.0,1,8.206315441199209
2151,338.75,-53.75,53.75,0.0,1,4.127713419417504
2152,341.25,-53.75,53.75,0.0,1,0.4523779945782115
2153,343.75,-53.75,53.75,0.0,1,-3.025490233970132
2154,346.25,-53.75,53.75,0.0,1,-6.735524204012362
2155,348.75,-53.75,53.75,0.0,1,-10.643181622130909
2156,351.25,-53.75,53.75,0.0,1,-13.228300635578085
2157,353.75,-53.75,53.75,0.0,1,-14.547946170678994
2158,356.25,-53.75,53.75,0.0,1,-15.712896320074783
2159,358.75,-53.75,53.75,0.0,1,-16.77286112039863
2160,1.25,-51.25,51.25,0.0,1,8.819596724390449
2161,3.75,-51.25,51.25,0.0,1,8.249916659870497
2162,6.25,-51.25,51.25,0.0,1,7.612595713008557
2163,8.75,-51.25,51.25,0.0,1,7.158656395910484
2164,11.25,-51.25,51.25,0.0,1,7.222171168466604
2165,13.75,-51.25,51.25,0.0,1,7.730794792826273
2166,16.25,-51.25,51.25,0.0,1,7.663581915352082
2167,18.75,-51.25,51.25,0.0,1,6.923430213826815
2168,21.25,-51.25,51.25,0.0,1,6.034420314201972
2169,23.75,-51.25,51.25,0.0,1,5.018698785026188
2170,26.25,-51.25,51.25,0.0,1,3.524312529115131
2171,28.75,-51.25,51.25,0.0,1,1.428126125617914
2172,31.25,-51.25,51.25,0.0,3,-0.5937030396549843
2173,33.75,-51.25,51.25,0.0,3,-1.976665874180131
2174,36.25,-51.25,51.25,0.0,3,-3.3090390046528717
2175,38.75,-51.25,51.25,0.0,3,-5.117286108261486
2176,41.25,-51.25,51.25,0.0,3,-7.429457411834951
2177,43.75,-51.25,51.25,0.0,3,-10.126767118474
2178,46.25,-51.25,51.25,0.0,3,-12.917350723309303
2179,48.75,-51.25,51.25,0.0,3,-15.428530276813474
2180,51.25,-51.25,51.25,0.0,3,-17.466667467455945
2181,53.75,-51.25,51.25,0.0,3,-19.290703477550554
2182,56.25,-51.25,51.25,0.0,3,-21.39081017829404
2183,58.75,-51.25,51.25,0.0,3,-22.98342752873658
2184,61.25,-51.25,51.25,0.0,3,-23.63689605547256
2185,63.75,-51.25,51.25,0.0,3,-24.069153572171057
2186,66.25,-51.25,51.25,0.0,3,-24.487406182403742
2187,68.75,-51.25,51.25,0.0,3,-24.51390814239044
2188,71.25,-51.25,51.25,0.0,3,-23.671983488387074
2189,73.75,-51.25,51.25,0.0,3,-21.826663165363616
2190,76.25,-51.25,51.25,0.0,3,-19.313161209030522
2191,78.75,-51.25,51.25,0.0,3,-16.281087179354177
2192,81.25,-51.25,51.25,0.0,3,-13.00383782378952
2193,83.75,-51.25,51.25,0.0,3,-9.574170331330762
2194,86.25,-51.25,51.25,0.0,3,-5.687817766880813
2195,88.75,-51.25,51.25,0.0,3,-1.6325983514559745
2196,91.25,-51.25,51.25,0.0,3,2.2213264136177346
2197,93.75,-51.25,51.25,0.0,3,5.763254412058624
2198,96.25,-51.25,51.25,0.0,3,9.163609873106138
2199,98.75,-51.25,51.25,0.0,3,12.573597067854749
2200,101.25,-51.25,51.25,0.0,3,16.010544848296863
2201,103.75,-51.25,51.25,0.0,3,19.211610586664904
2202,106.25,-51.25,51.25,0.0,3,22.112228264333226
2203,108.75,-51.25,51.25,0.0,3,24.83899973428683
2204,111.25,-51.25,51.25,0.0,3,27.307861044198933
2205,113.75,-51.25,51.25,0.0,3,29.380792830772823
2206,116.25,-51.25,51.25,0.0,3,30.93228092585539
2207,118.75,-51.25,51.25,0.0,3,31.887928479635885
2208,121.25,-51.25,51.25,0.0,2,32.217588626816394
2209,123.75,-51.25,51.25,0.0,2,31.49212566662594
2210,126.25,-51.25,51.25,0.0,2,29.77800040632439
2211,128.75,-51.25,51.25,0.0,2,28.1203417377133
2212,131.25,-51.25,51.25,0.0,2,26.23818746369597
2213,133.75,-51.25,51.25,0.0,2,23.760189636838994
2214,136.25,-51.25,51.25,0.0,2,20.989183313472267
2215,138.75,-51.25,51.25,0.0,2,18.41253831493908
2216,141.25,-51.25,51.25,0.0,2,16.038254646372874
2217,143.75,-51.25,51.25,0.0,2,13.096187399016001
2218,146.25,-51.25,51.25,0.0,2,8.783575058786056
2219,148.75,-51.25,51.25,0.0,2,4.214440002023335
2220,151.25,-51.25,51.25,0.0,2,0.32875260584421245
2221,153.75,-51.25,51.25,0.0,2,-3.1722403107432697
2222,156.25,-51.25,51.25,0.0,2,-6.1330531497651
2223,158.75,-51.25,51.25,0.0,2,-8.323933454119194
2224,161.25,-51.25,51.25,0.0,2,-9.522454902502494
2225,163.75,-51.25,51.25,0.0,2,-9.626054210909027
2226,166.25,-51.25,51.25,0.0,2,-8.771046805320704
2227,168.75,-51.25,51.25,0.0,2,-7.214936803945088
2228,171.25,-51.25,51.25,0.0,2,-4.753372710426952
2229,173.75,-51.25,51.25,0.0,2,-1.2338617807072985
2230,176.25,-51.25,51.25,0.0,2,2.984686819115982
2231,178.75,-51.25,51.25,0.0,2,7.435500242079597
2232,181.25,-51.25,51.25,0.0,2,12.058395682233346
2233,183.75,-51.25,51.25,0.0,2,16.934793512519207
2234,186.25,-51.25,51.25,0.0,2,22.008539798348227
2235,188.75,-51.25,51.25,0.0,2,27.02304147690669
2236,191.25,-51.25,51.25,0.0,2,32.65466473303825
2237,193.75,-51.25,51.25,0.0,2,39.175035616817425
2238,196.25,-51.25,51.25,0.0,2,44.98268801978123
2239,198.75,-51.25,51.25,0.0,2,49.89418125148059
2240,201.25,-51.25,51.25,0.0,2,54.639906225428554
2241,203.75,-51.25,51.25,0.0,2,59.308775874019204
2242,206.25,-51.25,51.25,0.0,2,63.10610507111097
2243,208.75,-51.25,51.25,0.0,2,65.26074917319585
2244,211.25,-51.25,51.25,0.0,2,66.42343450186706
2245,213.75,-51.25,51.25,0.0,2,67.87068539310778
2246,216.25,-51.25,51.25,0.0,2,69.21100212753535
2247,218.75,-51.25,51.25,0.0,2,70.76541249682646
2248,221.25,-51.25,51.25,0.0,2,73.0472651961411
2249,223.75,-51.25,51.25,0.0,2,75.24408540971594
2250,226.25,-51.25,51.25,0.0,2,76.75101333698898
2251,228.75,-51.25,51.25,0.0,2,77.62848478935126
2252,231.25,-51.25,51.25,0.0,2,78.17919449891785
2253,233.75,-51.25,51.25,0.0,2,78.12495027032132
2254,236.25,-51.25,51.25,0.0,2,77.43286479301987
2255,238.75,-51.25,51.25,0.0,2,77.78635420611397
2256,241.25,-51.25,51.25,0.0,2,78.75543848652963
2257,243.75,-51.25,51.25,0.0,2,79.17200006252696
2258,246.25,-51.25,51.25,0.0,2,79.37064152517058
2259,248.75,-51.25,51.25,0.0,2,80.00765844378516
2260,251.25,-51.25,51.25,0.0,2,81.34554589526111
2261,253.75,-51.25,51.25,0.0,2,83.19815919369891
2262,256.25,-51.25,51.25,0.0,2,85.4511401825455
2263,258.75,-51.25,51.25,0.0,2,88.20123849039933
2264,261.25,-51.25,51.25,0.0,2,91.1675445326879
2265,263.75,-51.25,51.25,0.0,2,94.45303009750967
2266,266.25,-51.25,51.25,0.0,2,98.11566068156311
2267,268.75,-51.25,51.25,0.0,2,101.92947546341938
2268,271.25,-51.25,51.25,0.0,2,105.9387977577868
2269,273.75,-51.25,51.25,0.0,2,110.10575880854269
2270,276.25,-51.25,51.25,0.0,2,114.17172311959206
2271,278.75,-51.25,51.25,0.0,2,117.91875236677116
2272,281.25,-51.25,51.25,0.0,1,122.31404403474782
2273,283.75,-51.25,51.25,0.0,1,125.79010689509047
2274,286.25,-51.25,51.25,0.0,1,121.80001762337622
2275,288.75,-51.25,51.25,1.0,0,113.07163882918996
2276,291.25,-51.25,51.25,0.0,1,106.70750225412012
2277,293.75,-51.25,51.25,0.0,1,104.02257744791629
2278,296.25,-51.25,51.25,0.0,1,102.72059261894353
2279,298.75,-51.25,51.25,0.0,1,100.46336885896122
2280,301.25,-51.25,51.25,0.0,1,96.78309031259491
2281,303.75,-51.25,51.25,0.0,1,92.60428073254114
2282,306.25,-51.25,51.25,0.0,1,88.16707857935145
2283,308.75,-51.25,51.25,0.0,1,83.25494745312376
2284,311.25,-51.25,51.25,0.0,1,78.150379032673
2285,313.75,-51.25,51.25,0.0,1,72.88127903451257
2286,316.25,-51.25,51.25,0.0,1,67.41631778858562
2287,318.75,-51.25,51.25,0.0,1,62.124678814013016
2288,321.25,-51.25,51.25,0.0,1,57.50540995424473
2289,323.75,-51.25,51.25,0.0,1,53.36225986927633
2290,326.25,-51.25,51.25,0.0,1,48.47175348395314
2291,328.75,-51.25,51.25,0.0,1,43.520719655376595
2292,331.25,-51.25,51.25,0.0,1,39.16394612730067
2293,333.75,-51.25,51.25,0.0,1,34.7203053887095
2294,336.25,-51.25,51.25,0.0,1,30.50386655820783
2295,338.75,-51.25,51.25,0.0,1,26.762469541596214
2296,341.25,-51.25,51.25,0.0,1,23.309424516313424
2297,343.75,-51.25,51.25,0.0,1,19.79082439114266
2298,346.25,-51.25,51.25,0.0,1,16.404087056549876
2299,348.75,-51.25,51.25,0.0,1,13.627089249715741
2300,351.25,-51.25,51.25,0.0,1,11.633138036248159
2301,353.75,-51.25,51.25,0.0,1,10.313557357128575
2302,356.25,-51.25,51.25,0.0,1,9.591658916550303
2303,358.75,-51.25,51.25,0.0,1,9.210779905002699
2304,1.25,-48.75,48.75,0.0,1,27.27637994721691
2305,3.75,-48.75,48.75,0.0,1,26.642668088391638
2306,6.25,-48.75,48.75,0.0,1,26.482855690015093
2307,8.75,-48.75,48.75,0.0,1,26.746189635843386
2308,11.25,-48.75,48.75,0.0,1,26.750748175986395
2309,13.75,-48.75,48.75,0.0,1,26.565934937308402
2310,16.25,-48.75,48.75,0.0,1,26.41025395615529
2311,18.75,-48.75,48.75,0.0,1,26.129584942514548
2312,21.25,-48.75,48.75,0.0,1,25.565772667221907
2313,23.75,-48.75,48.75,0.0,1,24.344990005462737
2314,26.25,-48.75,48.75,0.0,1,22.37736417769205
2315,28.75,-48.75,48.75,0.0,1,20.15059523010453
2316,31.25,-48.75,48.75,0.0,3,18.495202171234247
2317,33.75,-48.75,48.75,0.0,3,16.780335766403038
2318,36.25,-48.75,48.75,0.0,3,13.583453392760855
2319,38.75,-48.75,48.75,0.0,3,10.094080178435366
2320,41.25,-48.75,48.75,0.0,3,6.979289381349872
2321,43.75,-48.75,48.75,0.0,3,3.8990736974670583
2322,46.25,-48.75,48.75,0.0,3,0.5072404587407091
2323,48.75,-48.75,48.75,0.0,3,-3.083491665554811
2324,51.25,-48.75,48.75,0.0,3,-6.420965823179926
2325,53.75,-48.75,48.75,0.0,3,-9.224805223299589
2326,56.25,-48.75,48.75,0.0,3,-11.723416011234695
2327,58.75,-48.75,48.75,0.0,3,-13.4828244209347
2328,61.25,-48.75,48.75,0.0,3,-14.25449318524912
2329,63.75,-48.75,48.75,0.0,3,-14.591818815189495
2330,66.25,-48.75,48.75,0.0,3,-14.713279355613238
2331,68.75,-48.75,48.75,0.0,3,-14.354380379693758
2332,71.25,-48.75,48.75,0.0,3,-13.216517738332136
2333,73.75,-48.75,48.75,0.0,3,-11.32555617822353
2334,76.25,-48.75,48.75,0.0,3,-9.041380315379044
2335,78.75,-48.75,48.75,0.0,3,-6.1894122828488065
2336,81.25,-48.75,48.75,0.0,3,-2.757260792701219
2337,83.75,-48.75,48.75,0.0,3,0.8169065552864166
2338,86.25,-48.75,48.75,0.0,3,4.840806905159997
2339,88.75,-48.75,48.75,0.0,3,9.240105876070839
2340,91.25,-48.75,48.75,0.0,3,13.66847360261518
2341,93.75,-48.75,48.75,0.0,3,17.82019699213542
2342,96.25,-48.75,48.75,0.0,3,21.601636018770684
2343,98.75,-48.75,48.75,0.0,3,25.079774767927987
2344,101.25,-48.75,48.75,0.0,3,28.755314489682995
2345,103.75,-48.75,48.75,0.0,3,33.05258434058436
2346,106.25,-48.75,48.75,0.0,3,37.102859499941154
2347,108.75,-48.75,48.75,0.0,3,40.55622530020381
2348,111.25,-48.75,48.75,0.0,3,43.753446393156665
2349,113.75,-48.75,48.75,0.0,3,46.80987786098203
2350,116.25,-48.75,48.75,0.0,3,49.36924162986112
2351,118.75,-48.75,48.75,0.0,3,51.007368272212204
2352,121.25,-48.75,48.75,0.0,2,51.940736681478256
2353,123.75,-48.75,48.75,0.0,2,52.42367238893154
2354,126.25,-48.75,48.75,0.0,2,51.98291318225053
2355,128.75,-48.75,48.75,0.0,2,50.998951779580025
2356,131.25,-48.75,48.75,0.0,2,49.41786258611184
2357,133.75,-48.75,48.75,0.0,2,47.143517220757914
2358,136.25,-48.75,48.75,0.0,2,44.4644961223315
2359,138.75,-48.75,48.75,0.0,2,41.39530369595114
2360,141.25,-48.75,48.75,0.0,2,37.364247227449304
2361,143.75,-48.75,48.75,0.0,2,31.64254177251018
2362,146.25,-48.75,48.75,0.0,2,24.423706353068752
2363,148.75,-48.75,48.75,0.0,2,17.92648922114301
2364,151.25,-48.75,48.75,0.0,2,13.357630258196272
2365,153.75,-48.75,48.75,0.0,2,10.64631120311615
2366,156.25,-48.75,48.75,0.0,2,9.620501932283998
2367,158.75,-48.75,48.75,0.0,2,9.624757557691254
2368,161.25,-48.75,48.75,0.0,2,10.247654783870791
2369,163.75,-48.75,48.75,0.0,2,11.595933345591424
2370,166.25,-48.75,48.75,0.0,2,13.88579690198124
2371,168.75,-48.75,48.75,0.0,2,16.49482998475697
2372,171.25,-48.75,48.75,0.0,2,18.974061634982956
2373,173.75,-48.75,48.75,0.0,2,22.612053608555367
2374,176.25,-48.75,48.75,0.0,2,27.41087924295348
2375,178.75,-48.75,48.75,0.0,2,32.14386668797343
2376,181.25,-48.75,48.75,0.0,2,36.238893190524436
2377,183.75,-48.75,48.75,0.0,2,40.06862534880526
2378,186.25,-48.75,48.75,0.0,2,44.31430409557302
2379,188.75,-48.75,48.75,0.0,2,48.90881146522666
2380,191.25,-48.75,48.75,0.0,2,53.79227564607877
2381,193.75,-48.75,48.75,0.0,2,59.68977713407256
2382,196.25,-48.75,48.75,0.0,2,65.68799701997104
2383,198.75,-48.75,48.75,0.0,2,70.56006004583797
2384,201.25,-48.75,48.75,0.0,2,74.66714597090055
2385,203.75,-48.75,48.75,0.0,2,78.70447754706012
2386,206.25,-48.75,48.75,0.0,2,82.50087038779259
2387,208.75,-48.75,48.75,0.0,2,85.30301579406569
2388,211.25,-48.75,48.75,0.0,2,87.28660103469524
2389,213.75,-48.75,48.75,0.0,2,89.66516204917417
2390,216.25,-48.75,48.75,0.0,2,91.82973427313954
2391,218.75,-48.75,48.75,0.0,2,93.9556684630539
2392,221.25,-48.75,48.75,0.0,2,96.52882098775704
2393,223.75,-48.75,48.75,0.0,2,98.61959588409225
2394,226.25,-48.75,48.75,0.0,2,99.91795064736766
2395,228.75,-48.75,48.75,0.0,2,100.73558150773566
2396,231.25,-48.75,48.75,0.0,2,101.27087381108021
2397,233.75,-48.75,48.75,0.0,2,100.9391561283668
2398,236.25,-48.75,48.75,0.0,2,100.46076334315862
2399,238.75,-48.75,48.75,0.0,2,101.69286867335667
2400,241.25,-48.75,48.75,0.0,2,102.45127704105279
2401,243.75,-48.75,48.75,0.0,2,102.22825788280156
2402,246.25,-48.75,48.75,0.0,2,102.68391352149547
2403,248.75,-48.75,48.75,0.0,2,104.22052378252287
2404,251.25,-48.75,48.75,0.0,2,105.99653580881014
2405,253.75,-48.75,48.75,0.0,2,107.34143368307545
2406,256.25,-48.75,48.75,0.0,2,109.30217580234977
2407,258.75,-48.75,48.75,0.0,2,112.8820142910651
2408,261.25,-48.75,48.75,0.0,2,116.257957993522
2409,263.75,-48.75,48.75,0.0,2,119.40693624350735
2410,266.25,-48.75,48.75,0.0,2,123.07980340189418
2411,268.75,-48.75,48.75,0.0,2,126.78264905038061
2412,271.25,-48.75,48.75,0.0,2,130.54159315914694
2413,273.75,-48.75,48.75,0.0,2,134.65453840275688
2414,276.25,-48.75,48.75,0.0,2,138.92001643303277
2415,278.75,-48.75,48.75,0.0,2,142.02595196861836
2416,281.25,-48.75,48.75,0.0,1,143.49990703362235
2417,283.75,-48.75,48.75,0.0,1,143.081019917567
2418,286.25,-48.75,48.75,1.0,0,132.28094222429786
2419,288.75,-48.75,48.75,1.0,0,117.29962911741416
2420,291.25,-48.75,48.75,1.0,0,109.84454502930105
2421,293.75,-48.75,48.75,0.0,1,108.94002376145016
2422,296.25,-48.75,48.75,0.0,1,109.57543761466147
2423,298.75,-48.75,48.75,0.0,1,109.30264263065507
2424,301.25,-48.75,48.75,0.0,1,107.48617278030954
2425,303.75,-48.75,48.75,0.0,1,104.24348642388921
2426,306.25,-48.75,48.75,0.0,1,100.61897470174469
2427,308.75,-48.75,48.75,0.0,1,96.2478462171841
2428,311.25,-48.75,48.75,0.0,1,91.35837246855478
2429,313.75,-48.75,48.75,0.0,1,86.40253448520018
2430,316.25,-48.75,48.75,0.0,1,81.51335664854318
2431,318.75,-48.75,48.75,0.0,1,76.7961050702265
2432,321.25,-48.75,48.75,0.0,1,72.29187926752688
2433,323.75,-48.75,48.75,0.0,1,67.64427401316874
2434,326.25,-48.75,48.75,0.0,1,62.30050562344107
2435,328.75,-48.75,48.75,0.0,1,57.73768233035632
2436,331.25,-48.75,48.75,0.0,1,53.60268050119504
2437,333.75,-48.75,48.75,0.0,1,49.03169306801347
2438,336.25,-48.75,48.75,0.0,1,45.08485695540577
2439,338.75,-48.75,48.75,0.0,1,42.1057783118132
2440,341.25,-48.75,48.75,0.0,1,39.430665532501855
2441,343.75,-48.75,48.75,0.0,1,36.36457594994146
2442,346.25,-48.75,48.75,0.0,1,33.6125292714648
2443,348.75,-48.75,48.75,0.0,1,32.03214373665382
2444,351.25,-48.75,48.75,0.0,1,30.585968570681043
2445,353.75,-48.75,48.75,0.0,1,29.187786023448133
2446,356.25,-48.75,48.75,0.0,1,28.423637766212295
2447,358.75,-48.75,48.75,0.0,1,27.92018595491871
2448,1.25,-46.25,46.25,0.0,1,40.4381600411977
2449,3.75,-46.25,46.25,0.0,1,40.976191130149395
2450,6.25,-46.25,46.25,0.0,1,41.776377700139
2451,8.75,-46.25,46.25,0.0,1,41.9442215819585
2452,11.25,-46.25,46.25,0.0,1,41.379948978974156
2453,13.75,-46.25,46.25,0.0,1,41.38214341172389
2454,16.25,-46.25,46.25,0.0,1,41.31097162100439
2455,18.75,-46.25,46.25,0.0,1,40.1664371121048
2456,21.25,-46.25,46.25,0.0,1,38.47638823539648
2457,23.75,-46.25,46.25,0.0,1,36.81572746242007
2458,26.25,-46.25,46.25,0.0,1,35.20879290516208
2459,28.75,-46.25,46.25,0.0,1,33.24916297641989
2460,31.25,-46.25,46.25,0.0,3,30.724981974608923
2461,33.75,-46.25,46.25,0.0,3,27.204745211061258
2462,36.25,-46.25,46.25,0.0,3,23.17545435463136
2463,38.75,-46.25,46.25,0.0,3,19.56279120709395
2464,41.25,-46.25,46.25,0.0,3,15.737252542797076
2465,43.75,-46.25,46.25,0.0,3,11.664720037701848
2466,46.25,-46.25,46.25,0.0,3,7.702624491514294
2467,48.75,-46.25,46.25,0.0,3,4.027672807230724
2468,51.25,-46.25,46.25,0.0,3,0.5670593600410434
2469,53.75,-46.25,46.25,0.0,3,-2.466438388264768
2470,56.25,-46.25,46.25,0.0,3,-4.447230945320057
2471,58.75,-46.25,46.25,0.0,3,-5.724228999943009
2472,61.25,-46.25,46.25,0.0,3,-7.1780696059031035
2473,63.75,-46.25,46.25,0.0,3,-8.571985965358737
2474,66.25,-46.25,46.25,0.0,3,-9.432777032370534
2475,68.75,-46.25,46.25,0.0,3,-9.47848683185392
2476,71.25,-46.25,46.25,0.0,3,-8.696742072203085
2477,73.75,-46.25,46.25,0.0,3,-7.268057171649805
2478,76.25,-46.25,46.25,0.0,3,-5.366891230102053
2479,78.75,-46.25,46.25,0.0,3,-2.3331701423597955
2480,81.25,-46.25,46.25,0.0,3,1.9773550917855718
2481,83.75,-46.25,46.25,0.0,3,6.330653236984427
2482,86.25,-46.25,46.25,0.0,3,10.86479496433283
2483,88.75,-46.25,46.25,0.0,3,15.611818310223494
2484,91.25,-46.25,46.25,0.0,3,20.35609747693408
2485,93.75,-46.25,46.25,0.0,3,25.11379188830407
2486,96.25,-46.25,46.25,0.0,3,30.188440350412773
2487,98.75,-46.25,46.25,0.0,3,35.658792577383515
2488,101.25,-46.25,46.25,0.0,3,40.97318555677124
2489,103.75,-46.25,46.25,0.0,3,45.61255528196419
2490,106.25,-46.25,46.25,0.0,3,49.738935281353285
2491,108.75,-46.25,46.25,0.0,3,53.44430017010346
2492,111.25,-46.25,46.25,0.0,3,56.91849568403363
2493,113.75,-46.25,46.25,0.0,3,60.08042047352433
2494,116.25,-46.25,46.25,0.0,3,62.58628443958621
2495,118.75,-46.25,46.25,0.0,3,64.33459614290959
2496,121.25,-46.25,46.25,0.0,2,66.0329100825135
2497,123.75,-46.25,46.25,0.0,2,67.79131362721563
2498,126.25,-46.25,46.25,0.0,2,68.01930804390807
2499,128.75,-46.25,46.25,0.0,2,67.54009632061378
2500,131.25,-46.25,46.25,0.0,2,66.6928625730052
2501,133.75,-46.25,46.25,0.0,2,64.78862797407002
2502,136.25,-46.25,46.25,0.0,2,61.179185100714655
2503,138.75,-46.25,46.25,0.0,2,55.11523030946247
2504,141.25,-46.25,46.25,0.0,2,46.089773786270435
2505,143.75,-46.25,46.25,0.0,2,34.777328052978504
2506,146.25,-46.25,46.25,0.0,2,23.587194204364224
2507,148.75,-46.25,46.25,0.0,2,17.188363444909452
2508,151.25,-46.25,46.25,0.0,2,15.576653437199097
2509,153.75,-46.25,46.25,0.0,2,16.800036213887964
2510,156.25,-46.25,46.25,0.0,2,19.537206880736466
2511,158.75,-46.25,46.25,0.0,2,22.875460556131596
2512,161.25,-46.25,46.25,0.0,2,26.574274184562615
2513,163.75,-46.25,46.25,0.0,2,30.714851128894797
2514,166.25,-46.25,46.25,0.0,2,34.90961465621906
2515,168.75,-46.25,46.25,0.0,2,37.76038915572623
2516,171.25,-46.25,46.25,0.0,2,39.50881562328631
2517,173.75,-46.25,46.25,0.0,2,42.32534013553708
2518,176.25,-46.25,46.25,0.0,2,46.69265720905266
2519,178.75,-46.25,46.25,0.0,2,51.826858436559526
2520,181.25,-46.25,46.25,0.0,2,57.03925916768903
2521,183.75,-46.25,46.25,0.0,2,62.298054375143366
2522,186.25,-46.25,46.25,0.0,2,67.95048461420005
2523,188.75,-46.25,46.25,0.0,2,73.8442865731976
2524,191.25,-46.25,46.25,0.0,2,78.84138675184992
2525,193.75,-46.25,46.25,0.0,2,82.83549184426076
2526,196.25,-46.25,46.25,0.0,2,87.35807529673642
2527,198.75,-46.25,46.25,0.0,2,91.66397855079708
2528,201.25,-46.25,46.25,0.0,2,95.53012017895985
2529,203.75,-46.25,46.25,0.0,2,99.45221820432629
2530,206.25,-46.25,46.25,0.0,2,103.19843761375108
2531,208.75,-46.25,46.25,0.0,2,105.94278418125785
2532,211.25,-46.25,46.25,0.0,2,107.98127747965363
2533,213.75,-46.25,46.25,0.0,2,111.09241744983552
2534,216.25,-46.25,46.25,0.0,2,113.72804757204163
2535,218.75,-46.25,46.25,0.0,2,115.76002531377628
2536,221.25,-46.25,46.25,0.0,2,117.86386067391743
2537,223.75,-46.25,46.25,0.0,2,119.03438901571754
2538,226.25,-46.25,46.25,0.0,2,119.48719127886096
2539,228.75,-46.25,46.25,0.0,2,120.02627071985002
2540,231.25,-46.25,46.25,0.0,2,120.83270749943564
2541,233.75,-46.25,46.25,0.0,2,120.87908437742898
2542,236.25,-46.25,46.25,0.0,2,120.6572903568546
2543,238.75,-46.25,46.25,0.0,2,121.06219548288591
2544,241.25,-46.25,46.25,0.0,2,120.86630246261082
2545,243.75,-46.25,46.25,0.0,2,120.70364703924206
2546,246.25,-46.25,46.25,0.0,2,121.36306728565377
2547,248.75,-46.25,46.25,0.0,2,122.47800837687751
2548,251.25,-46.25,46.25,0.0,2,123.61615038485975
2549,253.75,-46.25,46.25,0.0,2,125.14502876852936
2550,256.25,-46.25,46.25,0.0,2,128.02670656116652
2551,258.75,-46.25,46.25,0.0,2,131.7093166277621
2552,261.25,-46.25,46.25,0.0,2,134.06043125708726
2553,263.75,-46.25,46.25,0.0,2,136.6167193892629
2554,266.25,-46.25,46.25,0.0,2,140.28588072423017
2555,268.75,-46.25,46.25,0.0,2,143.60017756844854
2556,271.25,-46.25,46.25,0.0,2,145.69424194897405
2557,273.75,-46.25,46.25,0.0,2,146.98552805273738
2558,276.25,-46.25,46.25,0.0,2,148.32943953513288
2559,278.75,-46.25,46.25,0.0,2,149.28017055416694
2560,281.25,-46.25,46.25,0.0,1,146.84154041939559
2561,283.75,-46.25,46.25,0.0,1,139.41599844752864
2562,286.25,-46.25,46.25,1.0,0,124.96336623507528
2563,288.75,-46.25,46.25,1.0,0,108.89715110951886
2564,291.25,-46.25,46.25,1.0,0,101.41619868501388
2565,293.75,-46.25,46.25,0.0,1,100.99368677917448
2566,296.25,-46.25,46.25,0.0,1,103.21620941762217
2567,298.75,-46.25,46.25,0.0,1,106.03711683759603
2568,301.25,-46.25,46.25,0.0,1,107.36736215414744
2569,303.75,-46.25,46.25,0.0,1,104.5569487690387
2570,306.25,-46.25,46.25,0.0,1,100.78476985882637
2571,308.75,-46.25,46.25,0.0,1,96.92794934392323
2572,311.25,-46.25,46.25,0.0,1,92.92544673336555
2573,313.75,-46.25,46.25,0.0,1,88.97594931316877
2574,316.25,-46.25,46.25,0.0,1,84.7493191406489
2575,318.75,-46.25,46.25,0.0,1,80.2391833539948
2576,321.25,-46.25,46.25,0.0,1,75.91555487796359
2577,323.75,-46.25,46.25,0.0,1,71.92720747600589
2578,326.25,-46.25,46.25,0.0,1,67.07714340930363
2579,328.75,-46.25,46.25,0.0,1,62.72331561156229
2580,331.25,-46.25,46.25,0.0,1,59.38628105635487
2581,333.75,-46.25,46.25,0.0,1,56.06659798439306
2582,336.25,-46.25,46.25,0.0,1,53.30580049645438
2583,338.75,-46.25,46.25,0.0,1,51.0934417890696
2584,341.25,-46.25,46.25,0.0,1,48.90211616336196
2585,343.75,-46.25,46.25,0.0,1,46.48830371101147
2586,346.25,-46.25,46.25,0.0,1,44.691649389339865
2587,348.75,-46.25,46.25,0.0,1,43.73961308642975
2588,351.25,-46.25,46.25,0.0,1,42.86224772159085
2589,353.75,-46.25,46.25,0.0,1,42.10410763900434
2590,356.25,-46.25,46.25,0.0,1,41.319161472277244
2591,358.75,-46.25,46.25,0.0,1,40.61606640828669
2592,1.25,-43.75,43.75,0.0,1,49.66622000113053
2593,3.75,-43.75,43.75,0.0,1,49.982260344456776
2594,6.25,-43.75,43.75,0.0,1,49.99888045286005
2595,8.75,-43.75,43.75,0.0,1,49.82261323653586
2596,11.25,-43.75,43.75,0.0,1,49.43025205127531
2597,13.75,-43.75,43.75,0.0,1,48.54879313224139
2598,16.25,-43.75,43.75,0.0,1,47.357336722338296
2599,18.75,-43.75,43.75,0.0,1,45.911822817247945
2600,21.25,-43.75,43.75,0.0,1,44.66291112826503
2601,23.75,-43.75,43.75,0.0,1,43.41803619709752
2602,26.25,-43.75,43.75,0.0,1,41.555684457229304
2603,28.75,-43.75,43.75,0.0,1,38.71455698639864
2604,31.25,-43.75,43.75,0.0,3,35.434508567941904
2605,33.75,-43.75,43.75,0.0,3,31.77100372644665
2606,36.25,-43.75,43.75,0.0,3,27.993698876178573
2607,38.75,-43.75,43.75,0.0,3,24.673013560587975
2608,41.25,-43.75,43.75,0.0,3,21.020140691516012
2609,43.75,-43.75,43.75,0.0,3,17.1015301085572
2610,46.25,-43.75,43.75,0.0,3,13.406626755635955
2611,48.75,-43.75,43.75,0.0,3,10.0606924653333
2612,51.25,-43.75,43.75,0.0,3,6.733542602995456
2613,53.75,-43.75,43.75,0.0,3,3.2726431203159563
2614,56.25,-43.75,43.75,0.0,3,0.07254475522007482
2615,58.75,-43.75,43.75,0.0,3,-2.201564116581645
2616,61.25,-43.75,43.75,0.0,3,-3.6564087573170845
2617,63.75,-43.75,43.75,0.0,3,-4.708216180308172
2618,66.25,-43.75,43.75,0.0,3,-5.584139034318334
2619,68.75,-43.75,43.75,0.0,3,-6.1365584168923295
2620,71.25,-43.75,43.75,0.0,3,-5.847219083545146
2621,73.75,-43.75,43.75,0.0,3,-4.2480450105232705
2622,76.25,-43.75,43.75,0.0,3,-1.522227099493979
2623,78.75,-43.75,43.75,0.0,3,1.8825469399928823
2624,81.25,-43.75,43.75,0.0,3,5.613548224052081
2625,83.75,-43.75,43.75,0.0,3,9.308723967892925
2626,86.25,-43.75,43.75,0.0,3,13.481707215139258
2627,88.75,-43.75,43.75,0.0,3,18.488204596004685
2628,91.25,-43.75,43.75,0.0,3,24.039166293954523
2629,93.75,-43.75,43.75,0.0,3,29.665391037552077
2630,96.25,-43.75,43.75,0.0,3,35.15890043251811
2631,98.75,-43.75,43.75,0.0,3,40.673272978932374
2632,101.25,-43.75,43.75,0.0,3,46.08053279716594
2633,103.75,-43.75,43.75,0.0,3,50.92656849049449
2634,106.25,-43.75,43.75,0.0,3,55.474085879260926
2635,108.75,-43.75,43.75,0.0,3,59.26587748294757
2636,111.25,-43.75,43.75,0.0,3,62.27431611108035
2637,113.75,-43.75,43.75,0.0,3,65.05785041749331
2638,116.25,-43.75,43.75,0.0,3,67.835237201121
2639,118.75,-43.75,43.75,0.0,3,70.3578149793502
2640,121.25,-43.75,43.75,0.0,2,72.60890833604026
2641,123.75,-43.75,43.75,0.0,2,74.51772282608908
2642,126.25,-43.75,43.75,0.0,2,75.11923220866775
2643,128.75,-43.75,43.75,0.0,2,75.72619124338458
2644,131.25,-43.75,43.75,0.0,2,75.86844248768693
2645,133.75,-43.75,43.75,0.0,2,73.8587563800196
2646,136.25,-43.75,43.75,0.0,2,68.78636947055672
2647,138.75,-43.75,43.75,0.0,2,60.61137793579381
2648,141.25,-43.75,43.75,0.0,2,50.130790400230964
2649,143.75,-43.75,43.75,0.0,2,39.0070457823145
2650,146.25,-43.75,43.75,0.0,2,28.71332892089681
2651,148.75,-43.75,43.75,0.0,2,22.56726953147048
2652,151.25,-43.75,43.75,0.0,2,21.387821251538032
2653,153.75,-43.75,43.75,0.0,2,23.74961265957871
2654,156.25,-43.75,43.75,0.0,2,28.286674604229617
2655,158.75,-43.75,43.75,0.0,2,34.034846478665735
2656,161.25,-43.75,43.75,0.0,2,40.329172061452006
2657,163.75,-43.75,43.75,0.0,2,46.36864819713334
2658,166.25,-43.75,43.75,0.0,2,50.89974138733933
2659,168.75,-43.75,43.75,0.0,2,53.00308602566433
2660,171.25,-43.75,43.75,1.0,0,53.94264193310472
2661,173.75,-43.75,43.75,0.0,2,56.742598790497674
2662,176.25,-43.75,43.75,0.0,2,61.399162497189046
2663,178.75,-43.75,43.75,0.0,2,66.92928027904051
2664,181.25,-43.75,43.75,0.0,2,72.74216741870546
2665,183.75,-43.75,43.75,0.0,2,78.5680053958298
2666,186.25,-43.75,43.75,0.0,2,84.27447805726348
2667,188.75,-43.75,43.75,0.0,2,89.82377278231147
2668,191.25,-43.75,43.75,0.0,2,95.14746310407872
2669,193.75,-43.75,43.75,0.0,2,98.86081529068281
2670,196.25,-43.75,43.75,0.0,2,102.94999011416235
2671,198.75,-43.75,43.75,0.0,2,107.2993894731999
2672,201.25,-43.75,43.75,0.0,2,110.8633526418092
2673,203.75,-43.75,43.75,0.0,2,114.22299502366744
2674,206.25,-43.75,43.75,0.0,2,117.60632842054247
2675,208.75,-43.75,43.75,0.0,2,120.38167395293276
2676,211.25,-43.75,43.75,0.0,2,122.63732457356669
2677,213.75,-43.75,43.75,0.0,2,126.19558843143899
2678,216.25,-43.75,43.75,0.0,2,128.5146356249431
2679,218.75,-43.75,43.75,0.0,2,130.0823960654843
2680,221.25,-43.75,43.75,0.0,2,131.8154745893047
2681,223.75,-43.75,43.75,0.0,2,132.57321709745318
2682,226.25,-43.75,43.75,0.0,2,132.83311531400122
2683,228.75,-43.75,43.75,0.0,2,133.3041037801125
2684,231.25,-43.75,43.75,0.0,2,133.8337758017573
2685,233.75,-43.75,43.75,0.0,2,133.839690254762
2686,236.25,-43.75,43.75,0.0,2,134.40092480963142
2687,238.75,-43.75,43.75,0.0,2,134.1029277365519
2688,241.25,-43.75,43.75,0.0,2,133.25984607180388
2689,243.75,-43.75,43.75,0.0,2,133.29944367702177
2690,246.25,-43.75,43.75,0.0,2,133.32125658551064
2691,248.75,-43.75,43.75,0.0,2,133.21870907929792
2692,251.25,-43.75,43.75,0.0,2,133.87628462528113
2693,253.75,-43.75,43.75,0.0,2,135.9375736197639
2694,256.25,-43.75,43.75,0.0,2,138.31146302627093
2695,258.75,-43.75,43.75,0.0,2,140.4062355893828
2696,261.25,-43.75,43.75,0.0,2,143.08469856068288
2697,263.75,-43.75,43.75,0.0,2,145.39702119272158
2698,266.25,-43.75,43.75,0.0,2,146.8941558861821
2699,268.75,-43.75,43.75,0.0,2,148.137176060636
2700,271.25,-43.75,43.75,0.0,2,149.09210066343448
2701,273.75,-43.75,43.75,0.0,2,149.05951164634206
2702,276.25,-43.75,43.75,0.0,2,147.41602708825914
2703,278.75,-43.75,43.75,0.0,2,144.35822323065943
2704,281.25,-43.75,43.75,0.0,1,136.94816657826522
2705,283.75,-43.75,43.75,0.0,1,122.7019347476316
2706,286.25,-43.75,43.75,0.0,1,106.15556169440775
2707,288.75,-43.75,43.75,1.0,0,90.90454881381834
2708,291.25,-43.75,43.75,1.0,0,85.82669315559515
2709,293.75,-43.75,43.75,1.0,0,88.60192460673677
2710,296.25,-43.75,43.75,0.0,1,93.80832908134178
2711,298.75,-43.75,43.75,0.0,1,98.39072235865605
2712,301.25,-43.75,43.75,0.0,1,100.00361667988409
2713,303.75,-43.75,43.75,0.0,1,95.52708223829455
2714,306.25,-43.75,43.75,0.0,1,91.76584411254348
2715,308.75,-43.75,43.75,0.0,1,89.23893009974438
2716,311.25,-43.75,43.75,0.0,1,86.52716849699627
2717,313.75,-43.75,43.75,0.0,1,83.93317959898191
2718,316.25,-43.75,43.75,0.0,1,80.63801876071614
2719,318.75,-43.75,43.75,0.0,1,76.38970200402183
2720,321.25,-43.75,43.75,0.0,1,72.21484863705336
2721,323.75,-43.75,43.75,0.0,1,69.24469490533124
2722,326.25,-43.75,43.75,0.0,1,65.60503062804453
2723,328.75,-43.75,43.75,0.0,1,61.96927789088659
2724,331.25,-43.75,43.75,0.0,1,59.555934268863915
2725,333.75,-43.75,43.75,0.0,1,57.46316171769346
2726,336.25,-43.75,43.75,0.0,1,55.95853474681919
2727,338.75,-43.75,43.75,0.0,1,54.67349642551464
2728,341.25,-43.75,43.75,0.0,1,53.162003348115874
2729,343.75,-43.75,43.75,0.0,1,51.60440798508635
2730,346.25,-43.75,43.75,0.0,1,50.909696937794614
2731,348.75,-43.75,43.75,0.0,1,50.37112585612411
2732,351.25,-43.75,43.75,0.0,1,50.09898102155453
2733,353.75,-43.75,43.75,0.0,1,50.36918875649783
2734,356.25,-43.75,43.75,0.0,1,50.0321741299592
2735,358.75,-43.75,43.75,0.0,1,49.61843349469587
2736,1.25,-41.25,41.25,0.0,1,54.87856027528668
2737,3.75,-41.25,41.25,0.0,1,54.67881045832555
2738,6.25,-41.25,41.25,0.0,1,53.9767160024949
2739,8.75,-41.25,41.25,0.0,1,53.5952549468388
2740,11.25,-41.25,41.25,0.0,1,52.3595638754842
2741,13.75,-41.25,41.25,0.0,1,49.9873662130143
2742,16.25,-41.25,41.25,0.0,1,48.35077334275191
2743,18.75,-41.25,41.25,0.0,1,46.73376861249807
2744,21.25,-41.25,41.25,0.0,1,45.014623145760474
2745,23.75,-41.25,41.25,0.0,1,43.209205427071396
2746,26.25,-41.25,41.25,0.0,1,41.21097110121158
2747,28.75,-41.25,41.25,0.0,1,38.95203058214052
2748,31.25,-41.25,41.25,0.0,3,36.76737526745396
2749,33.75,-41.25,41.25,0.0,3,33.94346745221488
2750,36.25,-41.25,41.25,0.0,3,30.09508257135426
2751,38.75,-41.25,41.25,0.0,3,26.852302467717944
2752,41.25,-41.25,41.25,0.0,3,24.33323525342413
2753,43.75,-41.25,41.25,0.0,3,21.933438096402924
2754,46.25,-41.25,41.25,0.0,3,18.935478534354928
2755,48.75,-41.25,41.25,0.0,3,15.27129481034466
2756,51.25,-41.25,41.25,0.0,3,11.587683222047257
2757,53.75,-41.25,41.25,0.0,3,8.524007169681372
2758,56.25,-41.25,41.25,0.0,3,5.279605201283913
2759,58.75,-41.25,41.25,0.0,3,2.281322294941507
2760,61.25,-41.25,41.25,0.0,3,0.12283387677909245
2761,63.75,-41.25,41.25,0.0,3,-1.812088951644713
2762,66.25,-41.25,41.25,0.0,3,-3.1808437805727277
2763,68.75,-41.25,41.25,0.0,3,-3.695756994091542
2764,71.25,-41.25,41.25,0.0,3,-3.245953832774191
2765,73.75,-41.25,41.25,0.0,3,-1.8536592929261038
2766,76.25,-41.25,41.25,0.0,3,0.3884852037637364
2767,78.75,-41.25,41.25,0.0,3,3.018741157836801
2768,81.25,-41.25,41.25,0.0,3,6.201291822675182
2769,83.75,-41.25,41.25,0.0,3,10.098290279254806
2770,86.25,-41.25,41.25,0.0,3,14.372907437613893
2771,88.75,-41.25,41.25,0.0,3,19.099222863292777
2772,91.25,-41.25,41.25,0.0,3,24.458344490697346
2773,93.75,-41.25,41.25,0.0,3,30.19865263370557
2774,96.25,-41.25,41.25,0.0,3,35.74912384844384
2775,98.75,-41.25,41.25,0.0,3,40.908766006478814
2776,101.25,-41.25,41.25,0.0,3,46.10318187029924
2777,103.75,-41.25,41.25,0.0,3,50.332079706110534
2778,106.25,-41.25,41.25,0.0,3,53.77775625868174
2779,108.75,-41.25,41.25,0.0,3,56.66181002414323
2780,111.25,-41.25,41.25,0.0,3,59.05062064468176
2781,113.75,-41.25,41.25,0.0,3,61.56398338613752
2782,116.25,-41.25,41.25,0.0,3,64.31053211592587
2783,118.75,-41.25,41.25,0.0,3,66.86165564070451
2784,121.25,-41.25,41.25,0.0,2,69.31165514710452
2785,123.75,-41.25,41.25,0.0,2,72.53861157263307
2786,126.25,-41.25,41.25,0.0,2,75.0201767330953
2787,128.75,-41.25,41.25,0.0,2,76.92605189515824
2788,131.25,-41.25,41.25,0.0,2,77.91549818976902
2789,133.75,-41.25,41.25,0.0,2,76.58562763517925
2790,136.25,-41.25,41.25,0.0,2,72.1559821808271
2791,138.75,-41.25,41.25,0.0,2,64.66988861714552
2792,141.25,-41.25,41.25,0.0,2,55.41037375963803
2793,143.75,-41.25,41.25,0.0,2,47.19760948982524
2794,146.25,-41.25,41.25,0.0,2,40.6827517806231
2795,148.75,-41.25,41.25,0.0,2,35.17184881098015
2796,151.25,-41.25,41.25,0.0,2,32.98709087134441
2797,153.75,-41.25,41.25,0.0,2,34.28446958939727
2798,156.25,-41.25,41.25,0.0,2,38.754220287718994
2799,158.75,-41.25,41.25,0.0,2,45.380870570468645
2800,161.25,-41.25,41.25,0.0,2,52.65427950009041
2801,163.75,-41.25,41.25,0.0,2,58.92689469218986
2802,166.25,-41.25,41.25,0.0,2,62.994623696509066
2803,168.75,-41.25,41.25,0.0,2,65.28065371157044
2804,171.25,-41.25,41.25,0.0,2,65.3880936805708
2805,173.75,-41.25,41.25,0.0,2,66.88339274652131
2806,176.25,-41.25,41.25,0.0,2,71.56125460086737
2807,178.75,-41.25,41.25,0.0,2,77.42893941102965
2808,181.25,-41.25,41.25,0.0,2,83.41490490921188
2809,183.75,-41.25,41.25,0.0,2,89.14157554357774
2810,186.25,-41.25,41.25,0.0,2,94.23515729153705
2811,188.75,-41.25,41.25,0.0,2,98.23831305992267
2812,191.25,-41.25,41.25,0.0,2,103.23297801626198
2813,193.75,-41.25,41.25,0.0,2,106.98464738991738
2814,196.25,-41.25,41.25,0.0,2,110.46440329268144
2815,198.75,-41.25,41.25,0.0,2,114.5499806603423
2816,201.25,-41.25,41.25,0.0,2,117.74132638379871
2817,203.75,-41.25,41.25,0.0,2,120.95158438465104
2818,206.25,-41.25,41.25,0.0,2,124.76581945588848
2819,208.75,-41.25,41.25,0.0,2,128.2717005881114
2820,211.25,-41.25,41.25,0.0,2,130.765303765987
2821,213.75,-41.25,41.25,0.0,2,134.40454368808653
2822,216.25,-41.25,41.25,0.0,2,136.50878197713575
2823,218.75,-41.25,41.25,0.0,2,138.382315915825
2824,221.25,-41.25,41.25,0.0,2,140.4059910202493
2825,223.75,-41.25,41.25,0.0,2,141.00503135896696
2826,226.25,-41.25,41.25,0.0,2,141.19478268395022
2827,228.75,-41.25,41.25,0.0,2,141.6568895348168
2828,231.25,-41.25,41.25,0.0,2,141.63755593726546
2829,233.75,-41.25,41.25,0.0,2,140.94845835715833
2830,236.25,-41.25,41.25,0.0,2,141.685569827092
2831,238.75,-41.25,41.25,0.0,2,140.92517597577125
2832,241.25,-41.25,41.25,0.0,2,139.9003581209481
2833,243.75,-41.25,41.25,0.0,2,139.88642537051933
2834,246.25,-41.25,41.25,0.0,2,139.50419154846057
2835,248.75,-41.25,41.25,0.0,2,139.2066511803235
2836,251.25,-41.25,41.25,0.0,2,139.9797479235115
2837,253.75,-41.25,41.25,0.0,2,141.67731007358285
2838,256.25,-41.25,41.25,0.0,2,142.75546508842964
2839,258.75,-41.25,41.25,0.0,2,143.8430273801482
2840,261.25,-41.25,41.25,0.0,2,145.8687104883223
2841,263.75,-41.25,41.25,0.0,2,146.71898180187458
2842,266.25,-41.25,41.25,0.0,2,146.16927843595585
2843,268.75,-41.25,41.25,0.0,2,145.2757001077314
2844,271.25,-41.25,41.25,0.0,2,143.94404881325534
2845,273.75,-41.25,41.25,0.0,2,141.20221486048052
2846,276.25,-41.25,41.25,0.0,2,136.44288196751737
2847,278.75,-41.25,41.25,0.0,2,130.25730707970064
2848,281.25,-41.25,41.25,0.0,1,118.41803075321663
2849,283.75,-41.25,41.25,0.0,1,96.90530293034249
2850,286.25,-41.25,41.25,0.0,1,75.99005017089813
2851,288.75,-41.25,41.25,1.0,0,62.621295219970676
2852,291.25,-41.25,41.25,1.0,0,64.51782257432151
2853,293.75,-41.25,41.25,1.0,0,73.39689816556502
2854,296.25,-41.25,41.25,0.0,1,81.22468510155457
2855,298.75,-41.25,41.25,0.0,1,87.15119360008944
2856,301.25,-41.25,41.25,0.0,1,89.85324005181212
2857,303.75,-41.25,41.25,0.0,1,86.68222726280734
2858,306.25,-41.25,41.25,0.0,1,86.24416680338898
2859,308.75,-41.25,41.25,0.0,1,86.2773259217131
2860,311.25,-41.25,41.25,0.0,1,84.0028111372776
2861,313.75,-41.25,41.25,0.0,1,80.94685897944625
2862,316.25,-41.25,41.25,0.0,1,77.47893647846536
2863,318.75,-41.25,41.25,0.0,1,73.6589308024542
2864,321.25,-41.25,41.25,0.0,1,70.04929182751519
2865,323.75,-41.25,41.25,0.0,1,67.40729917342786
2866,326.25,-41.25,41.25,0.0,1,64.13859589938028
2867,328.75,-41.25,41.25,0.0,1,61.84129599717053
2868,331.25,-41.25,41.25,0.0,1,60.797473995408076
2869,333.75,-41.25,41.25,0.0,1,59.41565013039708
2870,336.25,-41.25,41.25,0.0,1,58.74834812166663
2871,338.75,-41.25,41.25,0.0,1,58.536700084447084
2872,341.25,-41.25,41.25,0.0,1,57.93541041843953
2873,343.75,-41.25,41.25,0.0,1,56.89266355640978
2874,346.25,-41.25,41.25,0.0,1,56.75684722084139
2875,348.75,-41.25,41.25,0.0,1,56.408283604188384
2876,351.25,-41.25,41.25,0.0,1,56.143999660873234
2877,353.75,-41.25,41.25,0.0,1,56.31004469290655
2878,356.25,-41.25,41.25,0.0,1,55.52714309271762
2879,358.75,-41.25,41.25,0.0,1,54.95792606423952
2880,1.25,-38.75,38.75,0.0,1,54.39040481787026
2881,3.75,-38.75,38.75,0.0,1,53.45030293496075
2882,6.25,-38.75,38.75,0.0,1,52.46028893909795
2883,8.75,-38.75,38.75,0.0,1,51.630797479607686
2884,11.25,-38.75,38.75,0.0,1,48.998300583251236
2885,13.75,-38.75,38.75,0.0,1,46.08769169879617
2886,16.25,-38.75,38.75,0.0,1,43.89628735339171
2887,18.75,-38.75,38.75,0.0,1,40.976367770062716
2888,21.25,-38.75,38.75,0.0,1,38.419710735183735
2889,23.75,-38.75,38.75,0.0,1,36.98469424918336
2890,26.25,-38.75,38.75,0.0,1,36.34629745170623
2891,28.75,-38.75,38.75,0.0,1,35.55214238749452
2892,31.25,-38.75,38.75,0.0,3,34.085786202276665
2893,33.75,-38.75,38.75,0.0,3,31.811662825537876
2894,36.25,-38.75,38.75,0.0,3,30.018425370361115
2895,38.75,-38.75,38.75,0.0,3,28.628274210980784
2896,41.25,-38.75,38.75,0.0,3,26.68665722904878
2897,43.75,-38.75,38.75,0.0,3,24.419756298720714
2898,46.25,-38.75,38.75,0.0,3,21.858776714617488
2899,48.75,-38.75,38.75,0.0,3,18.99273803125864
2900,51.25,-38.75,38.75,0.0,3,15.989256985936407
2901,53.75,-38.75,38.75,0.0,3,13.165872268489633
2902,56.25,-38.75,38.75,0.0,3,9.42341945897416
2903,58.75,-38.75,38.75,0.0,3,5.9891013780108535
2904,61.25,-38.75,38.75,0.0,3,3.7782314015682
2905,63.75,-38.75,38.75,0.0,3,1.6273628580403912
2906,66.25,-38.75,38.75,0.0,3,0.19542581078113397
2907,68.75,-38.75,38.75,0.0,3,-0.28478204819983816
2908,71.25,-38.75,38.75,0.0,3,0.013431155092998673
2909,73.75,-38.75,38.75,0.0,3,0.9635157282861291
2910,76.25,-38.75,38.75,0.0,3,2.7786916055235715
2911,78.75,-38.75,38.75,0.0,3,4.814358331119248
2912,81.25,-38.75,38.75,0.0,3,6.966686115246635
2913,83.75,-38.75,38.75,0.0,3,9.887900744016711
2914,86.25,-38.75,38.75,0.0,3,13.506184886460229
2915,88.75,-38.75,38.75,0.0,3,17.42927572054232
2916,91.25,-38.75,38.75,0.0,3,21.726982098538482
2917,93.75,-38.75,38.75,0.0,3,26.38861630020978
2918,96.25,-38.75,38.75,0.0,3,31.057292445291697
2919,98.75,-38.75,38.75,0.0,3,35.265701338108954
2920,101.25,-38.75,38.75,0.0,3,39.71212742545838
2921,103.75,-38.75,38.75,0.0,3,42.918313305900625
2922,106.25,-38.75,38.75,0.0,3,44.98672880175703
2923,108.75,-38.75,38.75,0.0,3,47.00623008504463
2924,111.25,-38.75,38.75,0.0,3,48.714167757973755
2925,113.75,-38.75,38.75,0.0,3,50.650061895726004
2926,116.25,-38.75,38.75,0.0,3,53.28915478122183
2927,118.75,-38.75,38.75,0.0,3,56.58617482218598
2928,121.25,-38.75,38.75,0.0,2,60.36426307824704
2929,123.75,-38.75,38.75,0.0,2,65.28238815371242
2930,126.25,-38.75,38.75,0.0,2,68.9242963176006
2931,128.75,-38.75,38.75,0.0,2,71.36180638268667
2932,131.25,-38.75,38.75,0.0,2,72.59224255525315
2933,133.75,-38.75,38.75,0.0,2,71.72216089371082
2934,136.25,-38.75,38.75,0.0,2,68.56854240843317
2935,138.75,-38.75,38.75,0.0,2,63.10219118855758
2936,141.25,-38.75,38.75,0.0,2,56.07485683548026
2937,143.75,-38.75,38.75,0.0,2,50.32471283346451
2938,146.25,-38.75,38.75,0.0,2,46.76768267163166
2939,148.75,-38.75,38.75,0.0,2,44.52405967226571
2940,151.25,-38.75,38.75,0.0,2,44.69964204381458
2941,153.75,-38.75,38.75,0.0,2,47.46199768351935
2942,156.25,-38.75,38.75,0.0,2,52.194096169195475
2943,158.75,-38.75,38.75,0.0,2,58.25417169499833
2944,161.25,-38.75,38.75,0.0,2,64.55867274685315
2945,163.75,-38.75,38.75,0.0,2,69.54402031718182
2946,166.25,-38.75,38.75,0.0,2,71.8353207150971
2947,168.75,-38.75,38.75,0.0,2,72.76200611300338
2948,171.25,-38.75,38.75,0.0,2,71.91821860904204
2949,173.75,-38.75,38.75,0.0,2,72.4293775592483
2950,176.25,-38.75,38.75,1.0,0,77.27443544438209
2951,178.75,-38.75,38.75,0.0,2,83.12732096665938
2952,181.25,-38.75,38.75,0.0,2,88.23532869235174
2953,183.75,-38.75,38.75,0.0,2,92.61522387143765
2954,186.25,-38.75,38.75,0.0,2,96.40991768291069
2955,188.75,-38.75,38.75,0.0,2,98.5044049013203
2956,191.25,-38.75,38.75,0.0,2,102.29092802463924
2957,193.75,-38.75,38.75,0.0,2,105.53418282798431
2958,196.25,-38.75,38.75,0.0,2,108.4390842279437
2959,198.75,-38.75,38.75,0.0,2,112.77254092650942
2960,201.25,-38.75,38.75,0.0,2,116.42271276371375
2961,203.75,-38.75,38.75,0.0,2,120.16913984596404
2962,206.25,-38.75,38.75,0.0,2,124.72220002969945
2963,208.75,-38.75,38.75,0.0,2,129.0986449865667
2964,211.25,-38.75,38.75,0.0,2,132.14110620905385
2965,213.75,-38.75,38.75,0.0,2,136.66022437408725
2966,216.25,-38.75,38.75,0.0,2,139.23064241935475
2967,218.75,-38.75,38.75,0.0,2,141.42144910590372
2968,221.25,-38.75,38.75,0.0,2,143.66627921270398
2969,223.75,-38.75,38.75,0.0,2,144.06916935980365
2970,226.25,-38.75,38.75,0.0,2,143.95173723330333
2971,228.75,-38.75,38.75,0.0,2,144.14046881236624
2972,231.25,-38.75,38.75,0.0,2,143.83231069577602
2973,233.75,-38.75,38.75,0.0,2,143.19579202976763
2974,236.25,-38.75,38.75,0.0,2,143.69261497529212
2975,238.75,-38.75,38.75,0.0,2,142.3501813924592
2976,241.25,-38.75,38.75,0.0,2,141.66440666580633
2977,243.75,-38.75,38.75,0.0,2,141.32301399695558
2978,246.25,-38.75,38.75,0.0,2,140.7047158905471
2979,248.75,-38.75,38.75,0.0,2,140.52955534217614
2980,251.25,-38.75,38.75,0.0,2,140.8479254870377
2981,253.75,-38.75,38.75,0.0,2,140.9373219891791
2982,256.25,-38.75,38.75,0.0,2,141.27750840587834
2983,258.75,-38.75,38.75,0.0,2,142.25885941446282
2984,261.25,-38.75,38.75,0.0,2,141.85620222925087
2985,263.75,-38.75,38.75,0.0,2,140.7564321723424
2986,266.25,-38.75,38.75,0.0,2,139.34017375855288
2987,268.75,-38.75,38.75,0.0,2,136.935629257791
2988,271.25,-38.75,38.75,0.0,2,132.9663895203375
2989,273.75,-38.75,38.75,0.0,2,127.20848873247057
2990,276.25,-38.75,38.75,0.0,2,119.80988587588769
2991,278.75,-38.75,38.75,0.0,2,110.82016669338084
2992,281.25,-38.75,38.75,0.0,1,95.31769260105698
2993,283.75,-38.75,38.75,0.0,1,69.56795840752488
2994,286.25,-38.75,38.75,0.0,1,47.71910288824807
2995,288.75,-38.75,38.75,1.0,0,36.84468051356756
2996,291.25,-38.75,38.75,1.0,0,44.7589875480185
2997,293.75,-38.75,38.75,1.0,0,58.95661847185337
2998,296.25,-38.75,38.75,1.0,0,69.04840199978962
2999,298.75,-38.75,38.75,0.0,1,75.44577103929697
3000,301.25,-38.75,38.75,0.0,1,78.22963158831702
3001,303.75,-38.75,38.75,0.0,1,76.44341198455605
3002,306.25,-38.75,38.75,0.0,1,77.16380627473139
3003,308.75,-38.75,38.75,0.0,1,78.40809667561662
3004,311.25,-38.75,38.75,0.0,1,77.3445902406621
3005,313.75,-38.75,38.75,0.0,1,74.73288645634176
3006,316.25,-38.75,38.75,0.0,1,71.8824536347806
3007,318.75,-38.75,38.75,0.0,1,69.34198229632537
3008,321.25,-38.75,38.75,0.0,1,66.9408102346341
3009,323.75,-38.75,38.75,0.0,1,64.97416307788814
3010,326.25,-38.75,38.75,0.0,1,63.07645541751757
3011,328.75,-38.75,38.75,0.0,1,62.04972734617378
3012,331.25,-38.75,38.75,0.0,1,62.12133076506599
3013,333.75,-38.75,38.75,0.0,1,61.55586760940124
3014,336.25,-38.75,38.75,0.0,1,61.26083223139974
3015,338.75,-38.75,38.75,0.0,1,61.14520415130113
3016,341.25,-38.75,38.75,0.0,1,60.63253712629563
3017,343.75,-38.75,38.75,0.0,1,59.76365956741663
3018,346.25,-38.75,38.75,0.0,1,59.62101593032942
3019,348.75,-38.75,38.75,0.0,1,58.41639251266679
3020,351.25,-38.75,38.75,0.0,1,57.52654691480267
3021,353.75,-38.75,38.75,0.0,1,57.51052459001729
3022,356.25,-38.75,38.75,0.0,1,56.41662068189183
3023,358.75,-38.75,38.75,0.0,1,55.29869993819824
3024,1.25,-36.25,36.25,0.0,1,50.59968656954313
3025,3.75,-36.25,36.25,0.0,1,49.125678293000824
3026,6.25,-36.25,36.25,0.0,1,47.93268065337769
3027,8.75,-36.25,36.25,0.0,1,46.25837391227325
3028,11.25,-36.25,36.25,0.0,1,42.8233401063429
3029,13.75,-36.25,36.25,0.0,1,39.5119201764525
3030,16.25,-36.25,36.25,0.0,1,34.962677097593705
3031,18.75,-36.25,36.25,0.0,1,30.14512979947837
3032,21.25,-36.25,36.25,0.0,1,26.880833553706125
3033,23.75,-36.25,36.25,0.0,1,25.16520514174438
3034,26.25,-36.25,36.25,0.0,1,24.697637591073267
3035,28.75,-36.25,36.25,0.0,1,25.40820255304079
3036,31.25,-36.25,36.25,0.0,3,26.461226771382307
3037,33.75,-36.25,36.25,0.0,3,26.552537392760335
3038,36.25,-36.25,36.25,0.0,3,26.57494902844588
3039,38.75,-36.25,36.25,0.0,3,26.707799776578412
3040,41.25,-36.25,36.25,0.0,3,26.0567769374814
3041,43.75,-36.25,36.25,0.0,3,24.689171785942797
3042,46.25,-36.25,36.25,0.0,3,22.965437263878083
3043,48.75,-36.25,36.25,0.0,3,20.917012661116274
3044,51.25,-36.25,36.25,0.0,3,18.37365347400361
3045,53.75,-36.25,36.25,0.0,3,15.6686684928717
3046,56.25,-36.25,36.25,0.0,3,12.439258731385687
3047,58.75,-36.25,36.25,0.0,3,9.334256282459283
3048,61.25,-36.25,36.25,0.0,3,6.997919924776565
3049,63.75,-36.25,36.25,0.0,3,4.6159657091570345
3050,66.25,-36.25,36.25,0.0,3,2.948819945715756
3051,68.75,-36.25,36.25,0.0,3,2.066171004712473
3052,71.25,-36.25,36.25,0.0,3,1.8366266004881187
3053,73.75,-36.25,36.25,0.0,3,2.3055698513951213
3054,76.25,-36.25,36.25,0.0,3,3.4449575659996023
3055,78.75,-36.25,36.25,0.0,3,4.485238023466746
3056,81.25,-36.25,36.25,0.0,3,6.1097120664913955
3057,83.75,-36.25,36.25,0.0,3,7.927309667951061
3058,86.25,-36.25,36.25,0.0,3,10.510954209783664
3059,88.75,-36.25,36.25,0.0,3,13.644711034721713
3060,91.25,-36.25,36.25,0.0,3,16.99082780769058
3061,93.75,-36.25,36.25,0.0,3,20.55642941822747
3062,96.25,-36.25,36.25,0.0,3,24.33000028367264
3063,98.75,-36.25,36.25,0.0,3,27.408434718042844
3064,101.25,-36.25,36.25,0.0,3,30.38032878622213
3065,103.75,-36.25,36.25,0.0,3,32.570036095155245
3066,106.25,-36.25,36.25,0.0,3,33.520268248020365
3067,108.75,-36.25,36.25,0.0,3,34.29829786042905
3068,111.25,-36.25,36.25,0.0,3,34.59328574944278
3069,113.75,-36.25,36.25,0.0,3,35.43084849689168
3070,116.25,-36.25,36.25,0.0,3,37.949992552960474
3071,118.75,-36.25,36.25,0.0,3,42.24152301956435
3072,121.25,-36.25,36.25,0.0,2,47.21177025274724
3073,123.75,-36.25,36.25,0.0,2,52.85209712487768
3074,126.25,-36.25,36.25,0.0,2,57.210359269700035
3075,128.75,-36.25,36.25,0.0,2,60.14705915664361
3076,131.25,-36.25,36.25,0.0,2,61.61942860177219
3077,133.75,-36.25,36.25,0.0,2,61.18346962019127
3078,136.25,-36.25,36.25,0.0,2,59.26791960418491
3079,138.75,-36.25,36.25,0.0,2,55.92514543262494
3080,141.25,-36.25,36.25,1.0,0,51.36777150915659
3081,143.75,-36.25,36.25,1.0,0,47.80612951701435
3082,146.25,-36.25,36.25,1.0,0,46.99124445656987
3083,148.75,-36.25,36.25,1.0,0,48.30960508570149
3084,151.25,-36.25,36.25,0.0,2,52.19578748916248
3085,153.75,-36.25,36.25,0.0,2,58.0268080827492
3086,156.25,-36.25,36.25,0.0,2,64.40916548048338
3087,158.75,-36.25,36.25,0.0,2,69.80669082666917
3088,161.25,-36.25,36.25,0.0,2,73.78191728304941
3089,163.75,-36.25,36.25,0.0,2,76.46806081664741
3090,166.25,-36.25,36.25,0.0,2,76.7673574448426
3091,168.75,-36.25,36.25,0.0,2,75.32772712811587
3092,171.25,-36.25,36.25,0.0,2,74.21596148698643
3093,173.75,-36.25,36.25,0.0,2,74.42596526860149
3094,176.25,-36.25,36.25,0.0,2,78.22222007403455
3095,178.75,-36.25,36.25,0.0,2,82.69384212512773
3096,181.25,-36.25,36.25,0.0,2,85.96547392781135
3097,183.75,-36.25,36.25,0.0,2,88.35349902760211
3098,186.25,-36.25,36.25,0.0,2,90.69999989738116
3099,188.75,-36.25,36.25,0.0,2,91.7916797189199
3100,191.25,-36.25,36.25,0.0,2,94.56114247459517
3101,193.75,-36.25,36.25,0.0,2,97.88619023083513
3102,196.25,-36.25,36.25,0.0,2,100.84693638083314
3103,198.75,-36.25,36.25,0.0,2,105.53998212326542
3104,201.25,-36.25,36.25,0.0,2,109.83826386906979
3105,203.75,-36.25,36.25,0.0,2,114.37308808888945
3106,206.25,-36.25,36.25,0.0,2,119.9663828973897
3107,208.75,-36.25,36.25,0.0,2,125.70898023333407
3108,211.25,-36.25,36.25,0.0,2,129.7062826887393
3109,213.75,-36.25,36.25,0.0,2,134.76019024885886
3110,216.25,-36.25,36.25,0.0,2,137.54515484791128
3111,218.75,-36.25,36.25,0.0,2,139.70228340829732
3112,221.25,-36.25,36.25,0.0,2,142.0005135044048
3113,223.75,-36.25,36.25,0.0,2,142.65118829287184
3114,226.25,-36.25,36.25,0.0,2,142.6584298108932
3115,228.75,-36.25,36.25,0.0,2,142.59466523548437
3116,231.25,-36.25,36.25,0.0,2,141.97071690871957
3117,233.75,-36.25,36.25,0.0,2,141.72564106162886
3118,236.25,-36.25,36.25,0.0,2,141.6693047618456
3119,238.75,-36.25,36.25,0.0,2,139.65549026941918
3120,241.25,-36.25,36.25,0.0,2,139.27422711809191
3121,243.75,-36.25,36.25,0.0,2,138.24677045398258
3122,246.25,-36.25,36.25,0.0,2,137.29550570635763
3123,248.75,-36.25,36.25,0.0,2,137.0298440602628
3124,251.25,-36.25,36.25,0.0,2,136.63289674529105
3125,253.75,-36.25,36.25,0.0,2,135.38976433710266
3126,256.25,-36.25,36.25,0.0,2,135.23991319770786
3127,258.75,-36.25,36.25,0.0,2,134.70020224829855
3128,261.25,-36.25,36.25,0.0,2,132.64531584727033
3129,263.75,-36.25,36.25,0.0,2,130.63389923500637
3130,266.25,-36.25,36.25,0.0,2,127.27113995808313
3131,268.75,-36.25,36.25,0.0,2,122.31235887607893
3132,271.25,-36.25,36.25,0.0,2,116.2409729112205
3133,273.75,-36.25,36.25,0.0,2,109.17264688951467
3134,276.25,-36.25,36.25,0.0,2,100.45780735546415
3135,278.75,-36.25,36.25,0.0,2,88.98436304927958
3136,281.25,-36.25,36.25,0.0,1,71.4872787295632
3137,283.75,-36.25,36.25,0.0,1,46.29051141317334
3138,286.25,-36.25,36.25,0.0,1,28.07310727376659
3139,288.75,-36.25,36.25,1.0,0,16.52136527381335
3140,291.25,-36.25,36.25,1.0,0,26.874933373687227
3141,293.75,-36.25,36.25,1.0,0,46.29847192812407
3142,296.25,-36.25,36.25,1.0,0,58.97252083319125
3143,298.75,-36.25,36.25,1.0,0,62.24579953183243
3144,301.25,-36.25,36.25,1.0,0,62.27337001595544
3145,303.75,-36.25,36.25,0.0,1,62.241142958082534
3146,306.25,-36.25,36.25,0.0,1,63.74656643429101
3147,308.75,-36.25,36.25,0.0,1,65.04773524254253
3148,311.25,-36.25,36.25,0.0,1,65.25556171396083
3149,313.75,-36.25,36.25,0.0,1,63.53419069061026
3150,316.25,-36.25,36.25,0.0,1,61.95970951101257
3151,318.75,-36.25,36.25,0.0,1,61.45274174579357
3152,321.25,-36.25,36.25,0.0,1,60.8800050223389
3153,323.75,-36.25,36.25,0.0,1,60.24473911309452
3154,326.25,-36.25,36.25,0.0,1,60.79538805116925
3155,328.75,-36.25,36.25,0.0,1,60.49700603774689
3156,331.25,-36.25,36.25,0.0,1,61.041051105782856
3157,333.75,-36.25,36.25,0.0,1,61.24662708478493
3158,336.25,-36.25,36.25,0.0,1,61.102317823210974
3159,338.75,-36.25,36.25,0.0,1,60.67512624627341
3160,341.25,-36.25,36.25,0.0,1,60.002300224404706
3161,343.75,-36.25,36.25,0.0,1,59.23575954038986
3162,346.25,-36.25,36.25,0.0,1,58.65494135720625
3163,348.75,-36.25,36.25,0.0,1,56.5141389691525
3164,351.25,-36.25,36.25,0.0,1,55.388658423776995
3165,353.75,-36.25,36.25,0.0,1,55.016494680186476
3166,356.25,-36.25,36.25,0.0,1,53.67633220639882
3167,358.75,-36.25,36.25,0.0,1,52.16412410973567
3168,1.25,-33.75,33.75,0.0,1,45.75962841098649
3169,3.75,-33.75,33.75,0.0,1,43.94109889393236
3170,6.25,-33.75,33.75,0.0,1,42.25051408546787
3171,8.75,-33.75,33.75,0.0,1,39.340117601527496
3172,11.25,-33.75,33.75,0.0,1,35.78515984381005
3173,13.75,-33.75,33.75,0.0,1,31.457985463822272
3174,16.25,-33.75,33.75,0.0,1,23.914831440403038
3175,18.75,-33.75,33.75,0.0,1,15.820318959961021
3176,21.25,-33.75,33.75,0.0,1,8.05592909040167
3177,23.75,-33.75,33.75,0.0,1,3.001507141879657
3178,26.25,-33.75,33.75,0.0,1,3.4136014033777595
3179,28.75,-33.75,33.75,0.0,1,9.27482585176475
3180,31.25,-33.75,33.75,0.0,3,15.391274695051282
3181,33.75,-33.75,33.75,0.0,3,18.41871183085095
3182,36.25,-33.75,33.75,0.0,3,20.954231468329
3183,38.75,-33.75,33.75,0.0,3,22.421097078856846
3184,41.25,-33.75,33.75,0.0,3,23.630596131310234
3185,43.75,-33.75,33.75,0.0,3,23.65552450177655
3186,46.25,-33.75,33.75,0.0,3,22.747048777896964
3187,48.75,-33.75,33.75,0.0,3,21.328398137524477
3188,51.25,-33.75,33.75,0.0,3,19.42160543397931
3189,53.75,-33.75,33.75,0.0,3,17.108005689236254
3190,56.25,-33.75,33.75,0.0,3,14.675765985241073
3191,58.75,-33.75,33.75,0.0,3,11.761647465454015
3192,61.25,-33.75,33.75,0.0,3,9.113869848121983
3193,63.75,-33.75,33.75,0.0,3,6.421505457267116
3194,66.25,-33.75,33.75,0.0,3,4.521950624006984
3195,68.75,-33.75,33.75,0.0,3,3.3591125555762082
3196,71.25,-33.75,33.75,0.0,3,2.7699746137093655
3197,73.75,-33.75,33.75,0.0,3,2.7848199034138705
3198,76.25,-33.75,33.75,0.0,3,3.1203400058383806
3199,78.75,-33.75,33.75,0.0,3,2.970032700753078
3200,81.25,-33.75,33.75,0.0,3,4.484301821903176
3201,83.75,-33.75,33.75,0.0,3,5.691398211565954
3202,86.25,-33.75,33.75,0.0,3,7.34691403047905
3203,88.75,-33.75,33.75,0.0,3,9.8474642354658
3204,91.25,-33.75,33.75,0.0,3,12.49706228233216
3205,93.75,-33.75,33.75,0.0,3,15.179216248049505
3206,96.25,-33.75,33.75,0.0,3,18.150251766506432
3207,98.75,-33.75,33.75,0.0,3,20.191674829976456
3208,101.25,-33.75,33.75,0.0,3,21.556936482500333
3209,103.75,-33.75,33.75,0.0,3,22.87178572217195
3210,106.25,-33.75,33.75,0.0,3,22.98407193320195
3211,108.75,-33.75,33.75,0.0,3,22.39713195073755
3212,111.25,-33.75,33.75,0.0,3,20.997098888246573
3213,113.75,-33.75,33.75,0.0,3,20.211938794831067
3214,116.25,-33.75,33.75,0.0,3,21.586306353344312
3215,118.75,-33.75,33.75,1.0,0,25.59999636955706
3216,121.25,-33.75,33.75,0.0,2,31.524790431886
3217,123.75,-33.75,33.75,0.0,2,38.56893601348422
3218,126.25,-33.75,33.75,0.0,2,43.732181606765174
3219,128.75,-33.75,33.75,0.0,2,46.51885600915666
3220,131.25,-33.75,33.75,0.0,2,48.092981601056685
3221,133.75,-33.75,33.75,0.0,2,48.43955294270003
3222,136.25,-33.75,33.75,0.0,2,47.85178728954226
3223,138.75,-33.75,33.75,0.0,2,46.441077311486566
3224,141.25,-33.75,33.75,1.0,0,44.36887683063063
3225,143.75,-33.75,33.75,1.0,0,42.67578242901499
3226,146.25,-33.75,33.75,1.0,0,43.57653349283762
3227,148.75,-33.75,33.75,1.0,0,46.96550282654897
3228,151.25,-33.75,33.75,0.0,2,53.6074817039485
3229,153.75,-33.75,33.75,0.0,2,62.4440517441667
3230,156.25,-33.75,33.75,0.0,2,70.7792135467085
3231,158.75,-33.75,33.75,0.0,2,75.71767951571479
3232,161.25,-33.75,33.75,0.0,2,77.2361340163513
3233,163.75,-33.75,33.75,0.0,2,77.40334936230195
3234,166.25,-33.75,33.75,0.0,2,76.40709054577817
3235,168.75,-33.75,33.75,0.0,2,72.85261829702256
3236,171.25,-33.75,33.75,0.0,2,71.43711121614837
3237,173.75,-33.75,33.75,0.0,2,71.14667337047254
3238,176.25,-33.75,33.75,0.0,2,72.6237951395526
3239,178.75,-33.75,33.75,0.0,2,74.95568258360333
3240,181.25,-33.75,33.75,0.0,2,76.33416600352433
3241,183.75,-33.75,33.75,0.0,2,76.94881730621128
3242,186.25,-33.75,33.75,0.0,2,78.33841175188927
3243,188.75,-33.75,33.75,0.0,2,79.86152502843873
3244,191.25,-33.75,33.75,0.0,2,82.36941127141091
3245,193.75,-33.75,33.75,0.0,2,86.55584139455414
3246,196.25,-33.75,33.75,0.0,2,90.27497880855135
3247,198.75,-33.75,33.75,0.0,2,95.51884683407246
3248,201.25,-33.75,33.75,0.0,2,100.95234494405682
3249,203.75,-33.75,33.75,0.0,2,106.68108430627305
3250,206.25,-33.75,33.75,0.0,2,113.22628521793287
3251,208.75,-33.75,33.75,0.0,2,119.99500395299995
3252,211.25,-33.75,33.75,0.0,2,124.82354337516853
3253,213.75,-33.75,33.75,0.0,2,129.8871775146682
3254,216.25,-33.75,33.75,0.0,2,133.09917251840037
3255,218.75,-33.75,33.75,0.0,2,135.58071530408452
3256,221.25,-33.75,33.75,0.0,2,137.8529797000653
3257,223.75,-33.75,33.75,0.0,2,138.82100661815483
3258,226.25,-33.75,33.75,0.0,2,139.24428119264746
3259,228.75,-33.75,33.75,0.0,2,139.23843087351082
3260,231.25,-33.75,33.75,0.0,2,138.35470252436596
3261,233.75,-33.75,33.75,0.0,2,137.96418973058263
3262,236.25,-33.75,33.75,0.0,2,136.8390182620097
3263,238.75,-33.75,33.75,0.0,2,134.40104050729548
3264,241.25,-33.75,33.75,0.0,2,133.761450917713
3265,243.75,-33.75,33.75,0.0,2,131.9844149633776
3266,246.25,-33.75,33.75,0.0,2,130.66622955999998
3267,248.75,-33.75,33.75,0.0,2,129.6459341712201
3268,251.25,-33.75,33.75,0.0,2,128.05242690802018
3269,253.75,-33.75,33.75,0.0,2,126.0772115461049
3270,256.25,-33.75,33.75,0.0,2,125.10377864895423
3271,258.75,-33.75,33.75,0.0,2,121.88595106852658
3272,261.25,-33.75,33.75,0.0,2,119.34537700781212
3273,263.75,-33.75,33.75,0.0,2,116.16364340741248
3274,266.25,-33.75,33.75,0.0,2,110.68008078073338
3275,268.75,-33.75,33.75,0.0,2,104.29329743839503
3276,271.25,-33.75,33.75,0.0,2,97.3496569940966
3277,273.75,-33.75,33.75,0.0,2,89.5362947400609
3278,276.25,-33.75,33.75,0.0,2,80.0684216879713
3279,278.75,-33.75,33.75,0.0,2,67.19593791962642
3280,281.25,-33.75,33.75,0.0,1,49.630607613451375
3281,283.75,-33.75,33.75,0.0,1,28.646596086558887
3282,286.25,-33.75,33.75,0.0,1,17.08171770737752
3283,288.75,-33.75,33.75,1.0,0,2.3494942802170113
3284,291.25,-33.75,33.75,1.0,0,9.39743246557715
3285,293.75,-33.75,33.75,1.0,0,32.490330130856535
3286,296.25,-33.75,33.75,1.0,0,49.56453272900731
3287,298.75,-33.75,33.75,1.0,0,47.961817199117874
3288,301.25,-33.75,33.75,1.0,0,43.7414752094784
3289,303.75,-33.75,33.75,1.0,0,44.21739338014082
3290,306.25,-33.75,33.75,0.0,1,47.166357238287816
3291,308.75,-33.75,33.75,0.0,1,48.531491228662134
3292,311.25,-33.75,33.75,0.0,1,50.204512044210944
3293,313.75,-33.75,33.75,0.0,1,50.13486458822957
3294,316.25,-33.75,33.75,0.0,1,50.478405469893936
3295,318.75,-33.75,33.75,0.0,1,52.266961359012846
3296,321.25,-33.75,33.75,0.0,1,53.91025186295592
3297,323.75,-33.75,33.75,0.0,1,55.12149541480227
3298,326.25,-33.75,33.75,0.0,1,57.38855499201406
3299,328.75,-33.75,33.75,0.0,1,57.36916336475902
3300,331.25,-33.75,33.75,0.0,1,58.293091774642626
3301,333.75,-33.75,33.75,0.0,1,58.4703622173873
3302,336.25,-33.75,33.75,0.0,1,58.101744373892416
3303,338.75,-33.75,33.75,0.0,1,57.502723120026424
3304,341.25,-33.75,33.75,0.0,1,56.73462994767898
3305,343.75,-33.75,33.75,0.0,1,55.77474623821003
3306,346.25,-33.75,33.75,0.0,1,54.73069357782045
3307,348.75,-33.75,33.75,0.0,1,52.593055373573065
3308,351.25,-33.75,33.75,0.0,1,51.83614723028258
3309,353.75,-33.75,33.75,0.0,1,50.72244587112387
3310,356.25,-33.75,33.75,0.0,1,49.14515513067767
3311,358.75,-33.75,33.75,0.0,1,47.55905971056602
3312,1.25,-31.25,31.25,0.0,1,40.454991492022764
3313,3.75,-31.25,31.25,0.0,1,38.35833326417769
3314,6.25,-31.25,31.25,0.0,1,36.022083779867565
3315,8.75,-31.25,31.25,0.0,1,32.127177994840345
3316,11.25,-31.25,31.25,0.0,1,28.747890674641987
3317,13.75,-31.25,31.25,0.0,1,23.14084302369582
3318,16.25,-31.25,31.25,0.0,1,14.448841993005715
3319,18.75,-31.25,31.25,1.0,0,0.9512940106529709
3320,21.25,-31.25,31.25,1.0,0,-15.581763098291002
3321,23.75,-31.25,31.25,1.0,0,-25.977042175236658
3322,26.25,-31.25,31.25,1.0,0,-23.26398260519446
3323,28.75,-31.25,31.25,1.0,0,-9.634405930361213
3324,31.25,-31.25,31.25,0.0,3,4.126463832522128
3325,33.75,-31.25,31.25,0.0,3,9.308410411934194
3326,36.25,-31.25,31.25,0.0,3,15.741064398874862
3327,38.75,-31.25,31.25,0.0,3,18.895454613680055
3328,41.25,-31.25,31.25,0.0,3,21.234499185777626
3329,43.75,-31.25,31.25,0.0,3,21.836029724691603
3330,46.25,-31.25,31.25,0.0,3,21.454178725277394
3331,48.75,-31.25,31.25,0.0,3,21.010161680544048
3332,51.25,-31.25,31.25,0.0,3,20.334839846625197
3333,53.75,-31.25,31.25,0.0,3,18.49147063819883
3334,56.25,-31.25,31.25,0.0,3,16.187734056308663
3335,58.75,-31.25,31.25,0.0,3,13.053375485495103
3336,61.25,-31.25,31.25,0.0,3,10.56556326414303
3337,63.75,-31.25,31.25,0.0,3,7.926771550569011
3338,66.25,-31.25,31.25,0.0,3,5.963315192719517
3339,68.75,-31.25,31.25,0.0,3,4.711796432121459
3340,71.25,-31.25,31.25,0.0,3,3.7967427291681113
3341,73.75,-31.25,31.25,0.0,3,3.0919506208507146
3342,76.25,-31.25,31.25,0.0,3,3.0508582526126764
3343,78.75,-31.25,31.25,0.0,3,2.614809758774597
3344,81.25,-31.25,31.25,0.0,3,3.7521191823276063
3345,83.75,-31.25,31.25,0.0,3,4.722778458159077
3346,86.25,-31.25,31.25,0.0,3,5.9443912070049905
3347,88.75,-31.25,31.25,0.0,3,8.03534842470723
3348,91.25,-31.25,31.25,0.0,3,10.173264119214068
3349,93.75,-31.25,31.25,0.0,3,12.093931972177584
3350,96.25,-31.25,31.25,0.0,3,14.108512900347698
3351,98.75,-31.25,31.25,0.0,3,15.280475497330029
3352,101.25,-31.25,31.25,0.0,3,15.668901523414409
3353,103.75,-31.25,31.25,0.0,3,16.205662401903144
3354,106.25,-31.25,31.25,0.0,3,15.699560484186877
3355,108.75,-31.25,31.25,0.0,3,14.251940009677053
3356,111.25,-31.25,31.25,0.0,3,11.643257810564117
3357,113.75,-31.25,31.25,0.0,3,8.991100398750145
3358,116.25,-31.25,31.25,0.0,3,7.833550120447665
3359,118.75,-31.25,31.25,1.0,0,9.648904261876169
3360,121.25,-31.25,31.25,1.0,0,15.761287195515914
3361,123.75,-31.25,31.25,1.0,0,24.46192559555016
3362,126.25,-31.25,31.25,1.0,0,30.176665571340592
3363,128.75,-31.25,31.25,0.0,2,32.83229741097699
3364,131.25,-31.25,31.25,0.0,2,35.10630477337054
3365,133.75,-31.25,31.25,0.0,2,36.52733257373306
3366,136.25,-31.25,31.25,1.0,0,36.86996282961526
3367,138.75,-31.25,31.25,1.0,0,36.61675091995754
3368,141.25,-31.25,31.25,1.0,0,36.411889637816955
3369,143.75,-31.25,31.25,1.0,0,36.239321693499406
3370,146.25,-31.25,31.25,1.0,0,37.75517992796138
3371,148.75,-31.25,31.25,1.0,0,41.944437093522936
3372,151.25,-31.25,31.25,1.0,0,50.57356819696937
3373,153.75,-31.25,31.25,0.0,2,61.36719046124989
3374,156.25,-31.25,31.25,0.0,2,69.82919898725825
3375,158.75,-31.25,31.25,0.0,2,73.57665182555422
3376,161.25,-31.25,31.25,0.0,2,73.26942447563509
3377,163.75,-31.25,31.25,0.0,2,71.2923550704264
3378,166.25,-31.25,31.25,0.0,2,69.31412111492092
3379,168.75,-31.25,31.25,0.0,2,64.78373310649665
3380,171.25,-31.25,31.25,0.0,2,62.32601390629063
3381,173.75,-31.25,31.25,0.0,2,61.121560932148775
3382,176.25,-31.25,31.25,0.0,2,60.4567983472418
3383,178.75,-31.25,31.25,0.0,2,61.10654214904955
3384,181.25,-31.25,31.25,0.0,2,61.633049167234546
3385,183.75,-31.25,31.25,0.0,2,61.942254420793674
3386,186.25,-31.25,31.25,0.0,2,63.61714786647414
3387,188.75,-31.25,31.25,0.0,2,66.70497774676485
3388,191.25,-31.25,31.25,0.0,2,69.97201212166483
3389,193.75,-31.25,31.25,0.0,2,75.40243493398056
3390,196.25,-31.25,31.25,0.0,2,80.32455287572262
3391,198.75,-31.25,31.25,0.0,2,86.24277430041113
3392,201.25,-31.25,31.25,0.0,2,92.97028717960258
3393,203.75,-31.25,31.25,0.0,2,99.8323006582409
3394,206.25,-31.25,31.25,0.0,2,106.72529987468451
3395,208.75,-31.25,31.25,0.0,2,113.60344868199543
3396,211.25,-31.25,31.25,0.0,2,119.01512005572673
3397,213.75,-31.25,31.25,0.0,2,124.2056213795596
3398,216.25,-31.25,31.25,0.0,2,128.20172283579288
3399,218.75,-31.25,31.25,0.0,2,131.23603836301888
3400,221.25,-31.25,31.25,0.0,2,133.47411128710257
3401,223.75,-31.25,31.25,0.0,2,134.59938863359986
3402,226.25,-31.25,31.25,0.0,2,135.15991229181844
3403,228.75,-31.25,31.25,0.0,2,135.0284577688775
3404,231.25,-31.25,31.25,0.0,2,133.8008768283446
3405,233.75,-31.25,31.25,0.0,2,132.4747169663239
3406,236.25,-31.25,31.25,0.0,2,129.99744078699223
3407,238.75,-31.25,31.25,0.0,2,127.6163362233045
3408,241.25,-31.25,31.25,0.0,2,125.9283340120053
3409,243.75,-31.25,31.25,0.0,2,123.32556945471994
3410,246.25,-31.25,31.25,0.0,2,121.37148254648828
3411,248.75,-31.25,31.25,0.0,2,119.04587865310025
3412,251.25,-31.25,31.25,0.0,2,115.99593520812462
3413,253.75,-31.25,31.25,0.0,2,113.3213592682434
3414,256.25,-31.25,31.25,0.0,2,110.77364883793145
3415,258.75,-31.25,31.25,0.0,2,106.04423384015044
3416,261.25,-31.25,31.25,0.0,2,102.97521044490003
3417,263.75,-31.25,31.25,0.0,2,97.55742272516177
3418,266.25,-31.25,31.25,0.0,2,91.68798658264348
3419,268.75,-31.25,31.25,0.0,2,85.9058692934978
3420,271.25,-31.25,31.25,0.0,2,78.69989484384581
3421,273.75,-31.25,31.25,0.0,2,69.9602589401635
3422,276.25,-31.25,31.25,0.0,2,60.215756309787636
3423,278.75,-31.25,31.25,0.0,2,46.805763420571395
3424,281.25,-31.25,31.25,0.0,1,30.58397507287106
3425,283.75,-31.25,31.25,0.0,1,14.914356375050538
3426,286.25,-31.25,31.25,0.0,1,9.4936424201626
3427,288.75,-31.25,31.25,1.0,0,-3.5090289379323885
3428,291.25,-31.25,31.25,1.0,0,-7.030143110981305
3429,293.75,-31.25,31.25,1.0,0,13.391436283695443
3430,296.25,-31.25,31.25,1.0,0,37.23943644765714
3431,298.75,-31.25,31.25,1.0,0,33.09035251122925
3432,301.25,-31.25,31.25,1.0,0,25.242713856674357
3433,303.75,-31.25,31.25,1.0,0,22.99047718869678
3434,306.25,-31.25,31.25,1.0,0,28.000734903374493
3435,308.75,-31.25,31.25,0.0,1,32.03565221593503
3436,311.25,-31.25,31.25,0.0,1,36.16792032343514
3437,313.75,-31.25,31.25,0.0,1,38.63607382102042
3438,316.25,-31.25,31.25,0.0,1,41.28566878302318
3439,318.75,-31.25,31.25,0.0,1,44.96835703393429
3440,321.25,-31.25,31.25,0.0,1,48.41734787077381
3441,323.75,-31.25,31.25,0.0,1,51.57526665612832
3442,326.25,-31.25,31.25,0.0,1,53.952137302806854
3443,328.75,-31.25,31.25,0.0,1,53.73342411654668
3444,331.25,-31.25,31.25,0.0,1,54.93512613670367
3445,333.75,-31.25,31.25,0.0,1,54.1320717685863
3446,336.25,-31.25,31.25,0.0,1,53.45036730044135
3447,338.75,-31.25,31.25,0.0,1,52.98803701385987
3448,341.25,-31.25,31.25,0.0,1,52.061604474365154
3449,343.75,-31.25,31.25,0.0,1,50.77228239695861
3450,346.25,-31.25,31.25,0.0,1,49.817683991599154
3451,348.75,-31.25,31.25,0.0,1,48.165887006878656
3452,351.25,-31.25,31.25,0.0,1,47.49842097757936
3453,353.75,-31.25,31.25,0.0,1,45.617413850784466
3454,356.25,-31.25,31.25,0.0,1,44.07843316145482
3455,358.75,-31.25,31.25,0.0,1,42.44731469918187
3456,1.25,-28.75,28.75,0.0,1,34.57008018485589
3457,3.75,-28.75,28.75,0.0,1,32.40135848747487
3458,6.25,-28.75,28.75,0.0,1,29.563720688062187
3459,8.75,-28.75,28.75,0.0,1,25.742511166378257
3460,11.25,-28.75,28.75,0.0,1,22.45773253642956
3461,13.75,-28.75,28.75,0.0,1,16.385462352751663
3462,16.25,-28.75,28.75,0.0,1,8.40969187058951
3463,18.75,-28.75,28.75,1.0,0,-10.888061231718318
3464,21.25,-28.75,28.75,1.0,0,-32.4606730862453
3465,23.75,-28.75,28.75,1.0,0,-44.55278221704078
3466,26.25,-28.75,28.75,1.0,0,-41.75744069464869
3467,28.75,-28.75,28.75,1.0,0,-26.407797289952278
3468,31.25,-28.75,28.75,0.0,3,-5.007536651454086
3469,33.75,-28.75,28.75,0.0,3,3.5052755162903866
3470,36.25,-28.75,28.75,0.0,3,12.417008543311399
3471,38.75,-28.75,28.75,0.0,3,16.350763757370668
3472,41.25,-28.75,28.75,0.0,3,18.508045627160886
3473,43.75,-28.75,28.75,0.0,3,19.15710091271669
3474,46.25,-28.75,28.75,0.0,3,19.577327346455853
3475,48.75,-28.75,28.75,0.0,3,20.35876461176684
3476,51.25,-28.75,28.75,0.0,3,20.578861066059755
3477,53.75,-28.75,28.75,0.0,3,18.996939158990052
3478,56.25,-28.75,28.75,0.0,3,17.168499410537677
3479,58.75,-28.75,28.75,0.0,3,14.331525531346383
3480,61.25,-28.75,28.75,0.0,3,12.31270781643141
3481,63.75,-28.75,28.75,0.0,3,9.888336568037579
3482,66.25,-28.75,28.75,0.0,3,7.589622200833621
3483,68.75,-28.75,28.75,0.0,3,5.828880941672568
3484,71.25,-28.75,28.75,0.0,3,4.241918221817738
3485,73.75,-28.75,28.75,0.0,3,2.6706551366682065
3486,76.25,-28.75,28.75,0.0,3,2.7545328375676115
3487,78.75,-28.75,28.75,0.0,3,3.2681690456604087
3488,81.25,-28.75,28.75,0.0,3,3.856291524417478
3489,83.75,-28.75,28.75,0.0,3,4.910120274023045
3490,86.25,-28.75,28.75,0.0,3,6.30935338045997
3491,88.75,-28.75,28.75,0.0,3,8.251227968165507
3492,91.25,-28.75,28.75,0.0,3,10.221000527227948
3493,93.75,-28.75,28.75,0.0,3,11.854373925620553
3494,96.25,-28.75,28.75,0.0,3,13.111403232115004
3495,98.75,-28.75,28.75,0.0,3,13.815136676763647
3496,101.25,-28.75,28.75,0.0,3,14.140211627965414
3497,103.75,-28.75,28.75,0.0,3,14.075074967327483
3498,106.25,-28.75,28.75,0.0,3,13.207969619009296
3499,108.75,-28.75,28.75,0.0,3,11.491917933776225
3500,111.25,-28.75,28.75,0.0,3,8.368986194764208
3501,113.75,-28.75,28.75,0.0,3,4.168360284358488
3502,116.25,-28.75,28.75,1.0,0,0.05169504969193177
3503,118.75,-28.75,28.75,1.0,0,-1.642269600189013
3504,121.25,-28.75,28.75,1.0,0,2.3977460579460255
3505,123.75,-28.75,28.75,1.0,0,9.203449473081937
3506,126.25,-28.75,28.75,1.0,0,14.293960581177359
3507,128.75,-28.75,28.75,1.0,0,18.726989913217537
3508,131.25,-28.75,28.75,1.0,0,23.73917655206987
3509,133.75,-28.75,28.75,1.0,0,26.51254767607532
3510,136.25,-28.75,28.75,1.0,0,26.81231839654772
3511,138.75,-28.75,28.75,1.0,0,26.22887936975873
3512,141.25,-28.75,28.75,1.0,0,26.40521250211481
3513,143.75,-28.75,28.75,1.0,0,27.822761523311694
3514,146.25,-28.75,28.75,1.0,0,31.01693908404844
3515,148.75,-28.75,28.75,1.0,0,35.90888279057428
3516,151.25,-28.75,28.75,1.0,0,46.76909133042483
3517,153.75,-28.75,28.75,0.0,2,57.79292425917219
3518,156.25,-28.75,28.75,0.0,2,63.731488532227644
3519,158.75,-28.75,28.75,0.0,2,64.9521661751585
3520,161.25,-28.75,28.75,0.0,2,63.28453311052543
3521,163.75,-28.75,28.75,0.0,2,59.84964872986948
3522,166.25,-28.75,28.75,0.0,2,56.33445340721913
3523,168.75,-28.75,28.75,0.0,2,52.34987714141338
3524,171.25,-28.75,28.75,0.0,2,49.08602243012987
3525,173.75,-28.75,28.75,0.0,2,47.624937107309876
3526,176.25,-28.75,28.75,0.0,2,46.507323033195405
3527,178.75,-28.75,28.75,0.0,2,46.53988644198816
3528,181.25,-28.75,28.75,0.0,2,47.76566372442061
3529,183.75,-28.75,28.75,0.0,2,49.966099007428134
3530,186.25,-28.75,28.75,0.0,2,53.189537528386865
3531,188.75,-28.75,28.75,0.0,2,57.949660630636146
3532,191.25,-28.75,28.75,0.0,2,62.95254988078079
3533,193.75,-28.75,28.75,0.0,2,69.58839928221902
3534,196.25,-28.75,28.75,0.0,2,75.6878564578025
3535,198.75,-28.75,28.75,0.0,2,81.75136372578864
3536,201.25,-28.75,28.75,0.0,2,88.46264524413294
3537,203.75,-28.75,28.75,0.0,2,95.28890456488006
3538,206.25,-28.75,28.75,0.0,2,102.02682089415296
3539,208.75,-28.75,28.75,0.0,2,108.84670654932314
3540,211.25,-28.75,28.75,0.0,2,114.88616231128994
3541,213.75,-28.75,28.75,0.0,2,120.39524173868983
3542,216.25,-28.75,28.75,0.0,2,124.55857450245588
3543,218.75,-28.75,28.75,0.0,2,127.2985111793441
3544,221.25,-28.75,28.75,0.0,2,129.4119131756685
3545,223.75,-28.75,28.75,0.0,2,130.76106330451015
3546,226.25,-28.75,28.75,0.0,2,130.82561702915612
3547,228.75,-28.75,28.75,0.0,2,129.5078254243521
3548,231.25,-28.75,28.75,0.0,2,127.38454164387424
3549,233.75,-28.75,28.75,0.0,2,124.94296628224578
3550,236.25,-28.75,28.75,0.0,2,121.49617517300314
3551,238.75,-28.75,28.75,0.0,2,119.09006692603647
3552,241.25,-28.75,28.75,0.0,2,115.76901801655274
3553,243.75,-28.75,28.75,0.0,2,112.08089586223682
3554,246.25,-28.75,28.75,0.0,2,108.80791553918304
3555,248.75,-28.75,28.75,0.0,2,105.2943387900675
3556,251.25,-28.75,28.75,0.0,2,101.5730198469294
3557,253.75,-28.75,28.75,0.0,2,98.00959347872353
3558,256.25,-28.75,28.75,0.0,2,93.2747313489516
3559,258.75,-28.75,28.75,0.0,2,89.17778113356034
3560,261.25,-28.75,28.75,0.0,2,84.93989662672784
3561,263.75,-28.75,28.75,0.0,2,78.51086602139604
3562,266.25,-28.75,28.75,0.0,2,73.32964760445633
3563,268.75,-28.75,28.75,0.0,2,67.16378799028375
3564,271.25,-28.75,28.75,0.0,2,59.421623171246594
3565,273.75,-28.75,28.75,0.0,2,51.13016266124902
3566,276.25,-28.75,28.75,0.0,2,41.90072944574363
3567,278.75,-28.75,28.75,0.0,2,28.078040368709637
3568,281.25,-28.75,28.75,0.0,1,14.71353810895816
3569,283.75,-28.75,28.75,0.0,1,3.023334415738097
3570,286.25,-28.75,28.75,0.0,1,-1.1751714311082362
3571,288.75,-28.75,28.75,0.0,1,-1.6382429724846765
3572,291.25,-28.75,28.75,1.0,0,-18.59666490300082
3573,293.75,-28.75,28.75,1.0,0,-9.063919053033278
3574,296.25,-28.75,28.75,1.0,0,20.22852391796661
3575,298.75,-28.75,28.75,1.0,0,16.89491311290855
3576,301.25,-28.75,28.75,1.0,0,6.871705749097695
3577,303.75,-28.75,28.75,1.0,0,-0.505415692942542
3578,306.25,-28.75,28.75,1.0,0,6.980330486190541
3579,308.75,-28.75,28.75,1.0,0,18.178899232454363
3580,311.25,-28.75,28.75,0.0,1,26.23230147472317
3581,313.75,-28.75,28.75,0.0,1,30.91860176918961
3582,316.25,-28.75,28.75,0.0,1,35.270079363299914
3583,318.75,-28.75,28.75,0.0,1,40.205067269490065
3584,321.25,-28.75,28.75,0.0,1,44.430906515922246
3585,323.75,-28.75,28.75,0.0,1,48.79340774278806
3586,326.25,-28.75,28.75,0.0,1,50.81962653313406
3587,328.75,-28.75,28.75,0.0,1,49.76242625937388
3588,331.25,-28.75,28.75,0.0,1,50.33107038699391
3589,333.75,-28.75,28.75,0.0,1,48.62052585378796
3590,336.25,-28.75,28.75,0.0,1,48.262824887541505
3591,338.75,-28.75,28.75,0.0,1,48.05612682096383
3592,341.25,-28.75,28.75,0.0,1,46.82954077605905
3593,343.75,-28.75,28.75,0.0,1,45.7654141976563
3594,346.25,-28.75,28.75,0.0,1,45.27395418613603
3595,348.75,-28.75,28.75,0.0,1,43.31395030380489
3596,351.25,-28.75,28.75,0.0,1,42.00932748724827
3597,353.75,-28.75,28.75,0.0,1,39.89084161598278
3598,356.25,-28.75,28.75,0.0,1,38.69182901203646
3599,358.75,-28.75,28.75,0.0,1,36.79077021183211
3600,1.25,-26.25,26.25,0.0,1,29.141260000776967
3601,3.75,-26.25,26.25,0.0,1,27.02146254026513
3602,6.25,-26.25,26.25,0.0,1,23.012900649215634
3603,8.75,-26.25,26.25,0.0,1,19.443689189592334
3604,11.25,-26.25,26.25,0.0,1,14.963601292782776
3605,13.75,-26.25,26.25,0.0,1,9.97874929496166
3606,16.25,-26.25,26.25,1.0,0,-0.5020767070928265
3607,18.75,-26.25,26.25,1.0,0,-22.34013274208806
3608,21.25,-26.25,26.25,1.0,0,-36.9925351802911
3609,23.75,-26.25,26.25,1.0,0,-40.64361519068349
3610,26.25,-26.25,26.25,1.0,0,-37.40822740236693
3611,28.75,-26.25,26.25,1.0,0,-29.17636338904444
3612,31.25,-26.25,26.25,1.0,0,-13.876839651938392
3613,33.75,-26.25,26.25,0.0,3,1.4986478790682092
3614,36.25,-26.25,26.25,0.0,3,11.554945446880895
3615,38.75,-26.25,26.25,0.0,3,14.711156393661645
3616,41.25,-26.25,26.25,0.0,3,15.233719721160512
3617,43.75,-26.25,26.25,0.0,3,15.158159387661405
3618,46.25,-26.25,26.25,0.0,3,16.290655697958247
3619,48.75,-26.25,26.25,0.0,3,18.549599613211953
3620,51.25,-26.25,26.25,0.0,3,19.99576588485087
3621,53.75,-26.25,26.25,0.0,3,19.390620181716923
3622,56.25,-26.25,26.25,0.0,3,18.110816524769753
3623,58.75,-26.25,26.25,0.0,3,15.090340830461118
3624,61.25,-26.25,26.25,0.0,3,11.946277663868159
3625,63.75,-26.25,26.25,0.0,3,9.37805331775192
3626,66.25,-26.25,26.25,0.0,3,7.191364033369247
3627,68.75,-26.25,26.25,0.0,3,5.850294167083264
3628,71.25,-26.25,26.25,0.0,3,5.190362648687116
3629,73.75,-26.25,26.25,0.0,3,4.608120042488521
3630,76.25,-26.25,26.25,0.0,3,4.554769879160323
3631,78.75,-26.25,26.25,0.0,3,5.140300026156143
3632,81.25,-26.25,26.25,0.0,3,5.883924921797304
3633,83.75,-26.25,26.25,0.0,3,7.200510085204708
3634,86.25,-26.25,26.25,0.0,3,8.419360100235137
3635,88.75,-26.25,26.25,0.0,3,9.583228901226152
3636,91.25,-26.25,26.25,0.0,3,10.946290406634521
3637,93.75,-26.25,26.25,0.0,3,12.40814231175672
3638,96.25,-26.25,26.25,0.0,3,13.689359477094987
3639,98.75,-26.25,26.25,0.0,3,15.039278053370726
3640,101.25,-26.25,26.25,0.0,3,16.194704900573235
3641,103.75,-26.25,26.25,0.0,3,16.104872914053953
3642,106.25,-26.25,26.25,0.0,3,15.223768349213424
3643,108.75,-26.25,26.25,0.0,3,13.672817926351218
3644,111.25,-26.25,26.25,0.0,3,11.006339919443583
3645,113.75,-26.25,26.25,0.0,3,5.824012036619016
3646,116.25,-26.25,26.25,1.0,0,-1.7740459360949778
3647,118.75,-26.25,26.25,1.0,0,-7.9030813961193225
3648,121.25,-26.25,26.25,1.0,0,-5.799158074335788
3649,123.75,-26.25,26.25,1.0,0,-2.9110586436295867
3650,126.25,-26.25,26.25,1.0,0,-0.6283226910284258
3651,128.75,-26.25,26.25,1.0,0,3.8334055875288673
3652,131.25,-26.25,26.25,1.0,0,11.616921570233036
3653,133.75,-26.25,26.25,1.0,0,17.427509047550117
3654,136.25,-26.25,26.25,1.0,0,19.338526682253597
3655,138.75,-26.25,26.25,1.0,0,18.712014483357716
3656,141.25,-26.25,26.25,1.0,0,18.267877790643695
3657,143.75,-26.25,26.25,1.0,0,20.023810578537702
3658,146.25,-26.25,26.25,1.0,0,25.840482103562945
3659,148.75,-26.25,26.25,1.0,0,32.35719671260284
3660,151.25,-26.25,26.25,1.0,0,43.48028925277863
3661,153.75,-26.25,26.25,0.0,2,52.54287807263674
3662,156.25,-26.25,26.25,0.0,2,55.73779682185455
3663,158.75,-26.25,26.25,0.0,2,54.8349255938097
3664,161.25,-26.25,26.25,0.0,2,52.279805926723256
3665,163.75,-26.25,26.25,0.0,2,48.6926020540627
3666,166.25,-26.25,26.25,0.0,2,44.16283846660581
3667,168.75,-26.25,26.25,0.0,2,41.88379607432711
3668,171.25,-26.25,26.25,0.0,2,39.38441006419935
3669,173.75,-26.25,26.25,0.0,2,38.67712421244637
3670,176.25,-26.25,26.25,0.0,2,39.16889804198971
3671,178.75,-26.25,26.25,0.0,2,40.231900851040905
3672,181.25,-26.25,26.25,0.0,2,42.83434328876956
3673,183.75,-26.25,26.25,0.0,2,46.6320513141225
3674,186.25,-26.25,26.25,0.0,2,50.31755465542383
3675,188.75,-26.25,26.25,0.0,2,55.08262205887296
3676,191.25,-26.25,26.25,0.0,2,61.00507326488363
3677,193.75,-26.25,26.25,0.0,2,67.34500223706081
3678,196.25,-26.25,26.25,0.0,2,73.75469144290395
3679,198.75,-26.25,26.25,0.0,2,79.94776946867589
3680,201.25,-26.25,26.25,0.0,2,86.23104439177096
3681,203.75,-26.25,26.25,0.0,2,92.7214841583635
3682,206.25,-26.25,26.25,0.0,2,99.4361535280446
3683,208.75,-26.25,26.25,0.0,2,106.09257680547944
3684,211.25,-26.25,26.25,0.0,2,111.89750555588827
3685,213.75,-26.25,26.25,0.0,2,117.49768462192246
3686,216.25,-26.25,26.25,0.0,2,122.33653181154685
3687,218.75,-26.25,26.25,0.0,2,125.06903612952708
3688,221.25,-26.25,26.25,0.0,2,126.15299171567989
3689,223.75,-26.25,26.25,0.0,2,126.32763238022947
3690,226.25,-26.25,26.25,0.0,2,124.95459588018805
3691,228.75,-26.25,26.25,0.0,2,122.24514973033081
3692,231.25,-26.25,26.25,0.0,2,119.35753573588845
3693,233.75,-26.25,26.25,0.0,2,116.13079085762045
3694,236.25,-26.25,26.25,0.0,2,111.80110654882179
3695,238.75,-26.25,26.25,0.0,2,107.69393405231382
3696,241.25,-26.25,26.25,0.0,2,103.04854789353088
3697,243.75,-26.25,26.25,0.0,2,99.34986572609536
3698,246.25,-26.25,26.25,0.0,2,94.93543367541923
3699,248.75,-26.25,26.25,0.0,2,90.25761781261012
3700,251.25,-26.25,26.25,0.0,2,86.09906579674063
3701,253.75,-26.25,26.25,0.0,2,81.83506958890118
3702,256.25,-26.25,26.25,0.0,2,76.00942014959784
3703,258.75,-26.25,26.25,0.0,2,71.61696007097038
3704,261.25,-26.25,26.25,0.0,2,65.30088608982423
3705,263.75,-26.25,26.25,0.0,2,61.46751259068765
3706,266.25,-26.25,26.25,0.0,2,56.79058338489782
3707,268.75,-26.25,26.25,0.0,2,50.05805465908814
3708,271.25,-26.25,26.25,0.0,2,43.016214588553886
3709,273.75,-26.25,26.25,0.0,2,34.781286742460004
3710,276.25,-26.25,26.25,0.0,2,23.247057724053974
3711,278.75,-26.25,26.25,0.0,2,12.417059535466862
3712,281.25,-26.25,26.25,0.0,1,4.98444080194759
3713,283.75,-26.25,26.25,0.0,1,-5.762101189714814
3714,286.25,-26.25,26.25,0.0,1,-15.789005907641656
3715,288.75,-26.25,26.25,0.0,1,-4.1433045619541415
3716,291.25,-26.25,26.25,1.0,0,-20.36909308993561
3717,293.75,-26.25,26.25,1.0,0,-19.203799880237824
3718,296.25,-26.25,26.25,1.0,0,4.241692140014722
3719,298.75,-26.25,26.25,1.0,0,1.464674679462093
3720,301.25,-26.25,26.25,1.0,0,-8.224283180854613
3721,303.75,-26.25,26.25,1.0,0,-20.18049019443065
3722,306.25,-26.25,26.25,1.0,0,-12.699030406217423
3723,308.75,-26.25,26.25,1.0,0,5.096174167690168
3724,311.25,-26.25,26.25,0.0,1,19.238289364531074
3725,313.75,-26.25,26.25,0.0,1,25.897094198009516
3726,316.25,-26.25,26.25,0.0,1,30.880704615943067
3727,318.75,-26.25,26.25,0.0,1,37.36379089550245
3728,321.25,-26.25,26.25,0.0,1,42.87835485520444
3729,323.75,-26.25,26.25,0.0,1,46.11861123492638
3730,326.25,-26.25,26.25,0.0,1,47.57380539154435
3731,328.75,-26.25,26.25,0.0,1,46.46681311399958
3732,331.25,-26.25,26.25,0.0,1,46.32289483026849
3733,333.75,-26.25,26.25,0.0,1,44.61597895894994
3734,336.25,-26.25,26.25,0.0,1,44.408750426430196
3735,338.75,-26.25,26.25,0.0,1,43.759613174839984
3736,341.25,-26.25,26.25,0.0,1,42.14141550806326
3737,343.75,-26.25,26.25,0.0,1,41.31279499290144
3738,346.25,-26.25,26.25,0.0,1,39.65421601809122
3739,348.75,-26.25,26.25,0.0,1,37.59414211040456
3740,351.25,-26.25,26.25,0.0,1,36.87514514277695
3741,353.75,-26.25,26.25,0.0,1,34.511591688912816
3742,356.25,-26.25,26.25,0.0,1,32.992737088788274
3743,358.75,-26.25,26.25,0.0,1,30.920690010143836
3744,1.25,-23.75,23.75,0.0,1,23.31352627366039
3745,3.75,-23.75,23.75,0.0,1,20.52698086631739
3746,6.25,-23.75,23.75,0.0,1,16.38328930955193
3747,8.75,-23.75,23.75,0.0,1,14.186636320223815
3748,11.25,-23.75,23.75,0.0,1,7.760588050486205
3749,13.75,-23.75,23.75,0.0,1,3.562848748568794
3750,16.25,-23.75,23.75,1.0,0,-19.65243177327041
3751,18.75,-23.75,23.75,1.0,0,-34.520144995327264
3752,21.25,-23.75,23.75,1.0,0,-35.740672736121645
3753,23.75,-23.75,23.75,1.0,0,-33.082196479562334
3754,26.25,-23.75,23.75,1.0,0,-30.66928796140715
3755,28.75,-23.75,23.75,1.0,0,-24.64314973328615
3756,31.25,-23.75,23.75,1.0,0,-18.261516927907905
3757,33.75,-23.75,23.75,1.0,0,-3.051546238964811
3758,36.25,-23.75,23.75,0.0,3,9.85515644229674
3759,38.75,-23.75,23.75,0.0,3,12.921058340528365
3760,41.25,-23.75,23.75,0.0,3,9.099544012862173
3761,43.75,-23.75,23.75,0.0,3,5.8085238966529085
3762,46.25,-23.75,23.75,1.0,0,9.029278562093905
3763,48.75,-23.75,23.75,0.0,3,15.980226934331386
3764,51.25,-23.75,23.75,0.0,3,18.822005220838466
3765,53.75,-23.75,23.75,0.0,3,17.735604095847325
3766,56.25,-23.75,23.75,0.0,3,13.647777304195381
3767,58.75,-23.75,23.75,0.0,3,11.430279091969693
3768,61.25,-23.75,23.75,0.0,3,8.798564645826557
3769,63.75,-23.75,23.75,0.0,3,6.768313911282311
3770,66.25,-23.75,23.75,0.0,3,5.1008889223162965
3771,68.75,-23.75,23.75,0.0,3,3.868197746414221
3772,71.25,-23.75,23.75,0.0,3,3.51373081721951
3773,73.75,-23.75,23.75,0.0,3,4.176199671583996
3774,76.25,-23.75,23.75,0.0,3,4.87715840703208
3775,78.75,-23.75,23.75,0.0,3,6.368112543308443
3776,81.25,-23.75,23.75,0.0,3,8.019006977111479
3777,83.75,-23.75,23.75,0.0,3,9.018494832778837
3778,86.25,-23.75,23.75,0.0,3,10.703965062946748
3779,88.75,-23.75,23.75,0.0,3,12.858496557055307
3780,91.25,-23.75,23.75,0.0,3,14.86753182596156
3781,93.75,-23.75,23.75,0.0,3,16.445089718587326
3782,96.25,-23.75,23.75,0.0,3,17.855297824517297
3783,98.75,-23.75,23.75,0.0,3,19.471086756610188
3784,101.25,-23.75,23.75,0.0,3,20.675932749399667
3785,103.75,-23.75,23.75,0.0,3,21.40799585005627
3786,106.25,-23.75,23.75,0.0,3,21.71564401509225
3787,108.75,-23.75,23.75,0.0,3,21.232121917598256
3788,111.25,-23.75,23.75,0.0,3,18.739728985827895
3789,113.75,-23.75,23.75,0.0,3,12.165624331091069
3790,116.25,-23.75,23.75,1.0,0,1.3235524758383745
3791,118.75,-23.75,23.75,1.0,0,-9.259064053794235
3792,121.25,-23.75,23.75,1.0,0,-10.882649489030277
3793,123.75,-23.75,23.75,1.0,0,-9.387021912090121
3794,126.25,-23.75,23.75,1.0,0,-5.083070072091674
3795,128.75,-23.75,23.75,1.0,0,-0.13256742189843757
3796,131.25,-23.75,23.75,1.0,0,5.358745744498014
3797,133.75,-23.75,23.75,1.0,0,9.9456832173291
3798,136.25,-23.75,23.75,1.0,0,12.178850651130901
3799,138.75,-23.75,23.75,1.0,0,12.841914115615014
3800,141.25,-23.75,23.75,1.0,0,14.256271844948305
3801,143.75,-23.75,23.75,1.0,0,17.30550459425549
3802,146.25,-23.75,23.75,1.0,0,24.97122167534052
3803,148.75,-23.75,23.75,1.0,0,35.765640147090835
3804,151.25,-23.75,23.75,0.0,2,43.234004880917446
3805,153.75,-23.75,23.75,0.0,2,47.4722479252896
3806,156.25,-23.75,23.75,0.0,2,48.05591472077742
3807,158.75,-23.75,23.75,0.0,2,45.838842109461844
3808,161.25,-23.75,23.75,0.0,2,42.91211729770412
3809,163.75,-23.75,23.75,0.0,2,40.57137703153388
3810,166.25,-23.75,23.75,0.0,2,36.784498156602105
3811,168.75,-23.75,23.75,0.0,2,34.90674516898203
3812,171.25,-23.75,23.75,0.0,2,34.35462618779307
3813,173.75,-23.75,23.75,0.0,2,34.665038997363325
3814,176.25,-23.75,23.75,0.0,2,36.40274590160048
3815,178.75,-23.75,23.75,0.0,2,37.834930371038766
3816,181.25,-23.75,23.75,0.0,2,39.93426433212918
3817,183.75,-23.75,23.75,0.0,2,43.219501003135335
3818,186.25,-23.75,23.75,0.0,2,47.158633516546686
3819,188.75,-23.75,23.75,0.0,2,52.46408656497081
3820,191.25,-23.75,23.75,0.0,2,59.07362841494974
3821,193.75,-23.75,23.75,0.0,2,65.97548710505589
3822,196.25,-23.75,23.75,0.0,2,72.73187116358866
3823,198.75,-23.75,23.75,0.0,2,79.25407504872007
3824,201.25,-23.75,23.75,0.0,2,85.6647624413004
3825,203.75,-23.75,23.75,0.0,2,92.12906950276344
3826,206.25,-23.75,23.75,0.0,2,98.56463545642909
3827,208.75,-23.75,23.75,0.0,2,104.75080223333543
3828,211.25,-23.75,23.75,0.0,2,110.6614466138505
3829,213.75,-23.75,23.75,0.0,2,116.09102333103709
3830,216.25,-23.75,23.75,0.0,2,118.72021931789371
3831,218.75,-23.75,23.75,0.0,2,120.20769905696282
3832,221.25,-23.75,23.75,0.0,2,119.462677333246
3833,223.75,-23.75,23.75,0.0,2,117.66037186619009
3834,226.25,-23.75,23.75,0.0,2,114.98016545946807
3835,228.75,-23.75,23.75,0.0,2,111.55419004972511
3836,231.25,-23.75,23.75,0.0,2,107.71036845574389
3837,233.75,-23.75,23.75,0.0,2,103.22879243833755
3838,236.25,-23.75,23.75,0.0,2,99.0737724741029
3839,238.75,-23.75,23.75,0.0,2,94.58531729838792
3840,241.25,-23.75,23.75,0.0,2,89.45901374070722
3841,243.75,-23.75,23.75,0.0,2,85.22981544531977
3842,246.25,-23.75,23.75,0.0,2,80.49831369054222
3843,248.75,-23.75,23.75,0.0,2,75.43867085667341
3844,251.25,-23.75,23.75,0.0,2,70.2266615776269
3845,253.75,-23.75,23.75,0.0,2,64.78153822438018
3846,256.25,-23.75,23.75,0.0,2,60.05498286967092
3847,258.75,-23.75,23.75,0.0,2,55.52134684312893
3848,261.25,-23.75,23.75,0.0,2,49.035367829230715
3849,263.75,-23.75,23.75,0.0,2,45.05470706057219
3850,266.25,-23.75,23.75,0.0,2,38.919709211127916
3851,268.75,-23.75,23.75,0.0,2,33.06366634101326
3852,271.25,-23.75,23.75,0.0,2,26.709846281967465
3853,273.75,-23.75,23.75,0.0,2,18.321445271606954
3854,276.25,-23.75,23.75,0.0,2,9.872086852317505
3855,278.75,-23.75,23.75,0.0,2,7.116771245170121
3856,281.25,-23.75,23.75,0.0,1,-3.4509422460216976
3857,283.75,-23.75,23.75,0.0,1,-9.04573308907115
3858,286.25,-23.75,23.75,0.0,1,-20.296830067547024
3859,288.75,-23.75,23.75,0.0,1,-9.337318070809005
3860,291.25,-23.75,23.75,1.0,0,-15.18116553016343
3861,293.75,-23.75,23.75,1.0,0,-15.984489081265886
3862,296.25,-23.75,23.75,1.0,0,-7.055971494400055
3863,298.75,-23.75,23.75,1.0,0,-11.329050985141706
3864,301.25,-23.75,23.75,1.0,0,-17.920129405770435
3865,303.75,-23.75,23.75,1.0,0,-32.5332142603397
3866,306.25,-23.75,23.75,1.0,0,-25.60800852410358
3867,308.75,-23.75,23.75,1.0,0,-15.21524496223926
3868,311.25,-23.75,23.75,1.0,0,2.404442704022189
3869,313.75,-23.75,23.75,0.0,1,18.482478899672866
3870,316.25,-23.75,23.75,0.0,1,28.086965391507476
3871,318.75,-23.75,23.75,0.0,1,34.26673530656731
3872,321.25,-23.75,23.75,0.0,1,41.721450093797685
3873,323.75,-23.75,23.75,0.0,1,44.73123809786503
3874,326.25,-23.75,23.75,0.0,1,45.34031961457718
3875,328.75,-23.75,23.75,0.0,1,44.74733242886938
3876,331.25,-23.75,23.75,0.0,1,44.7748302199633
3877,333.75,-23.75,23.75,0.0,1,43.334737451081956
3878,336.25,-23.75,23.75,0.0,1,42.228897359839685
3879,338.75,-23.75,23.75,0.0,1,40.577219393683244
3880,341.25,-23.75,23.75,0.0,1,38.78202846589101
3881,343.75,-23.75,23.75,0.0,1,37.80250005721468
3882,346.25,-23.75,23.75,0.0,1,34.720618590600544
3883,348.75,-23.75,23.75,0.0,1,33.43369504154633
3884,351.25,-23.75,23.75,0.0,1,31.637676979506242
3885,353.75,-23.75,23.75,0.0,1,29.129961974324512
3886,356.25,-23.75,23.75,0.0,1,27.96761706561262
3887,358.75,-23.75,23.75,0.0,1,25.70280402510983
3888,1.25,-21.25,21.25,0.0,1,17.17429724978619
3889,3.75,-21.25,21.25,0.0,1,14.202498040257368
3890,6.25,-21.25,21.25,0.0,1,10.418763237000237
3891,8.75,-21.25,21.25,0.0,1,8.631435194537094
3892,11.25,-21.25,21.25,0.0,1,1.6736551777963533
3893,13.75,-21.25,21.25,0.0,1,-5.726921564504983
3894,16.25,-21.25,21.25,1.0,0,-27.24744644818353
3895,18.75,-21.25,21.25,1.0,0,-31.961741185962687
3896,21.25,-21.25,21.25,1.0,0,-27.84790347841791
3897,23.75,-21.25,21.25,1.0,0,-25.610192612380114
3898,26.25,-21.25,21.25,1.0,0,-23.76814278288241
3899,28.75,-21.25,21.25,1.0,0,-16.40548186970693
3900,31.25,-21.25,21.25,1.0,0,-12.54147229958959
3901,33.75,-21.25,21.25,1.0,0,-4.954054709919479
3902,36.25,-21.25,21.25,0.0,3,6.347934253650995
3903,38.75,-21.25,21.25,0.0,3,10.175319253969853
3904,41.25,-21.25,21.25,0.0,3,5.762031540072074
3905,43.75,-21.25,21.25,0.0,3,2.275931696705457
3906,46.25,-21.25,21.25,1.0,0,8.996710715828652
3907,48.75,-21.25,21.25,0.0,3,18.379623144323514
3908,51.25,-21.25,21.25,0.0,3,16.764489066656783
3909,53.75,-21.25,21.25,0.0,3,14.204824357704322
3910,56.25,-21.25,21.25,0.0,3,10.900376549308262
3911,58.75,-21.25,21.25,0.0,3,8.8323083083371
3912,61.25,-21.25,21.25,0.0,3,6.255213804545999
3913,63.75,-21.25,21.25,0.0,3,4.563925458164109
3914,66.25,-21.25,21.25,0.0,3,4.3831557478104894
3915,68.75,-21.25,21.25,0.0,3,5.078296406750824
3916,71.25,-21.25,21.25,0.0,3,6.017420829410312
3917,73.75,-21.25,21.25,0.0,3,7.019389905756753
3918,76.25,-21.25,21.25,0.0,3,7.9344206906257835
3919,78.75,-21.25,21.25,0.0,3,9.22485039614988
3920,81.25,-21.25,21.25,0.0,3,10.932635010465784
3921,83.75,-21.25,21.25,0.0,3,12.608289634954472
3922,86.25,-21.25,21.25,0.0,3,14.568897676024536
3923,88.75,-21.25,21.25,0.0,3,16.508865974740964
3924,91.25,-21.25,21.25,0.0,3,18.464892636711465
3925,93.75,-21.25,21.25,0.0,3,20.702732861543772
3926,96.25,-21.25,21.25,0.0,3,23.254768165178174
3927,98.75,-21.25,21.25,0.0,3,25.52077016595379
3928,101.25,-21.25,21.25,0.0,3,27.021178061349065
3929,103.75,-21.25,21.25,0.0,3,27.88067690720165
3930,106.25,-21.25,21.25,0.0,3,27.751729027482238
3931,108.75,-21.25,21.25,0.0,3,27.43003818687199
3932,111.25,-21.25,21.25,0.0,3,25.358796193685468
3933,113.75,-21.25,21.25,0.0,3,20.13099630644962
3934,116.25,-21.25,21.25,0.0,3,12.299412040693145
3935,118.75,-21.25,21.25,1.0,0,4.479388386810019
3936,121.25,-21.25,21.25,1.0,0,-0.47666301933295785
3937,123.75,-21.25,21.25,1.0,0,-2.5868663836071772
3938,126.25,-21.25,21.25,1.0,0,-1.124925346016207
3939,128.75,-21.25,21.25,1.0,0,2.6704333154600683
3940,131.25,-21.25,21.25,1.0,0,6.392208425055789
3941,133.75,-21.25,21.25,1.0,0,9.010147147374832
3942,136.25,-21.25,21.25,1.0,0,10.507064840051275
3943,138.75,-21.25,21.25,1.0,0,12.130269131003136
3944,141.25,-21.25,21.25,1.0,0,15.49741405915172
3945,143.75,-21.25,21.25,1.0,0,21.27453710014286
3946,146.25,-21.25,21.25,1.0,0,30.424679162062386
3947,148.75,-21.25,21.25,0.0,2,37.86796792398877
3948,151.25,-21.25,21.25,0.0,2,41.66144662181466
3949,153.75,-21.25,21.25,0.0,2,41.901319676878025
3950,156.25,-21.25,21.25,0.0,2,41.25651769152525
3951,158.75,-21.25,21.25,0.0,2,39.57847135820843
3952,161.25,-21.25,21.25,0.0,2,36.94657939998019
3953,163.75,-21.25,21.25,0.0,2,34.52134568969566
3954,166.25,-21.25,21.25,0.0,2,32.34895647565023
3955,168.75,-21.25,21.25,0.0,2,30.63274958663064
3956,171.25,-21.25,21.25,0.0,2,31.241400159589663
3957,173.75,-21.25,21.25,0.0,2,31.98487854503756
3958,176.25,-21.25,21.25,0.0,2,33.55768750251997
3959,178.75,-21.25,21.25,0.0,2,35.66160285294405
3960,181.25,-21.25,21.25,0.0,2,38.52180363882405
3961,183.75,-21.25,21.25,0.0,2,42.26310286866855
3962,186.25,-21.25,21.25,0.0,2,46.74319026690999
3963,188.75,-21.25,21.25,0.0,2,51.846866161492606
3964,191.25,-21.25,21.25,0.0,2,57.307454151212355
3965,193.75,-21.25,21.25,0.0,2,64.77300272982906
3966,196.25,-21.25,21.25,0.0,2,71.40402054182368
3967,198.75,-21.25,21.25,0.0,2,77.85137252828426
3968,201.25,-21.25,21.25,0.0,2,84.38950655550732
3969,203.75,-21.25,21.25,0.0,2,90.79450291457931
3970,206.25,-21.25,21.25,0.0,2,96.63055040397374
3971,208.75,-21.25,21.25,0.0,2,101.52466050500895
3972,211.25,-21.25,21.25,0.0,2,105.30105728544848
3973,213.75,-21.25,21.25,0.0,2,109.26156203613648
3974,216.25,-21.25,21.25,0.0,2,110.51256072447126
3975,218.75,-21.25,21.25,0.0,2,110.98770576231645
3976,221.25,-21.25,21.25,0.0,2,109.55930529513851
3977,223.75,-21.25,21.25,0.0,2,107.47081312911693
3978,226.25,-21.25,21.25,0.0,2,104.59033067125542
3979,228.75,-21.25,21.25,0.0,2,101.10141706034238
3980,231.25,-21.25,21.25,0.0,2,97.63526465581317
3981,233.75,-21.25,21.25,0.0,2,93.46065692979587
3982,236.25,-21.25,21.25,0.0,2,88.79364104324469
3983,238.75,-21.25,21.25,0.0,2,83.49967726519905
3984,241.25,-21.25,21.25,0.0,2,78.57049529680063
3985,243.75,-21.25,21.25,0.0,2,72.43203984547127
3986,246.25,-21.25,21.25,0.0,2,66.70470868776425
3987,248.75,-21.25,21.25,0.0,2,61.30002914805372
3988,251.25,-21.25,21.25,0.0,2,55.61404201350051
3989,253.75,-21.25,21.25,0.0,2,49.7810952219687
3990,256.25,-21.25,21.25,0.0,2,44.40271320392141
3991,258.75,-21.25,21.25,0.0,2,38.166100835990115
3992,261.25,-21.25,21.25,0.0,2,34.95286537547459
3993,263.75,-21.25,21.25,0.0,2,30.11225887800848
3994,266.25,-21.25,21.25,0.0,2,25.693126437673005
3995,268.75,-21.25,21.25,0.0,2,20.48702827677149
3996,271.25,-21.25,21.25,0.0,2,14.672387369022019
3997,273.75,-21.25,21.25,0.0,2,9.615775940861369
3998,276.25,-21.25,21.25,0.0,2,6.086777643545557
3999,278.75,-21.25,21.25,0.0,2,2.7108253863953826
4000,281.25,-21.25,21.25,0.0,1,-7.121255999129944
4001,283.75,-21.25,21.25,0.0,1,0.3688535151511498
4002,286.25,-21.25,21.25,0.0,1,-11.894261135637265
4003,288.75,-21.25,21.25,0.0,1,-10.78153451146066
4004,291.25,-21.25,21.25,1.0,0,-10.616905747744187
4005,293.75,-21.25,21.25,1.0,0,-11.448039721730451
4006,296.25,-21.25,21.25,1.0,0,-13.522191396074595
4007,298.75,-21.25,21.25,1.0,0,-19.061478119196916
4008,301.25,-21.25,21.25,1.0,0,-27.660695532140622
4009,303.75,-21.25,21.25,1.0,0,-40.877626937489374
4010,306.25,-21.25,21.25,1.0,0,-34.53060168521245
4011,308.75,-21.25,21.25,1.0,0,-28.44857268268193
4012,311.25,-21.25,21.25,1.0,0,-15.86424222858416
4013,313.75,-21.25,21.25,1.0,0,2.095986998310939
4014,316.25,-21.25,21.25,1.0,0,17.489676119642528
4015,318.75,-21.25,21.25,0.0,1,30.120808807156397
4016,321.25,-21.25,21.25,0.0,1,43.56114854694225
4017,323.75,-21.25,21.25,0.0,1,47.47498692766246
4018,326.25,-21.25,21.25,0.0,1,48.289522315218015
4019,328.75,-21.25,21.25,0.0,1,47.02920419652563
4020,331.25,-21.25,21.25,0.0,1,46.249331529579884
4021,333.75,-21.25,21.25,0.0,1,43.95844703927085
4022,336.25,-21.25,21.25,0.0,1,41.82720781214609
4023,338.75,-21.25,21.25,0.0,1,39.230769706562945
4024,341.25,-21.25,21.25,0.0,1,36.410578500294555
4025,343.75,-21.25,21.25,0.0,1,34.37182975312269
4026,346.25,-21.25,21.25,0.0,1,31.74093023897373
4027,348.75,-21.25,21.25,0.0,1,30.455012385412967
4028,351.25,-21.25,21.25,0.0,1,27.071773822980333
4029,353.75,-21.25,21.25,0.0,1,25.152867867491224
4030,356.25,-21.25,21.25,0.0,1,23.014860614656833
4031,358.75,-21.25,21.25,0.0,1,19.97423090236225
4032,1.25,-18.75,18.75,0.0,1,12.350390071062801
4033,3.75,-18.75,18.75,0.0,1,9.5470913746903
4034,6.25,-18.75,18.75,0.0,1,6.578445437816082
4035,8.75,-18.75,18.75,0.0,1,4.720064805865173
4036,11.25,-18.75,18.75,0.0,1,-1.1611589250854037
4037,13.75,-18.75,18.75,1.0,0,-17.260870515172762
4038,16.25,-18.75,18.75,1.0,0,-31.64625312792424
4039,18.75,-18.75,18.75,1.0,0,-32.272665008081454
4040,21.25,-18.75,18.75,1.0,0,-27.54696821544123
4041,23.75,-18.75,18.75,1.0,0,-24.94373661491608
4042,26.25,-18.75,18.75,1.0,0,-21.378277265654518
4043,28.75,-18.75,18.75,1.0,0,-11.601010465338485
4044,31.25,-18.75,18.75,1.0,0,-5.426933240229346
4045,33.75,-18.75,18.75,1.0,0,-8.457882925825258
4046,36.25,-18.75,18.75,0.0,3,-1.0154866704362233
4047,38.75,-18.75,18.75,0.0,3,5.164277005615021
4048,41.25,-18.75,18.75,0.0,3,2.829702492972466
4049,43.75,-18.75,18.75,0.0,3,0.5784591082837983
4050,46.25,-18.75,18.75,1.0,0,7.917375288648096
4051,48.75,-18.75,18.75,0.0,3,17.245524372370415
4052,51.25,-18.75,18.75,0.0,3,14.912862457475342
4053,53.75,-18.75,18.75,0.0,3,10.757881361603342
4054,56.25,-18.75,18.75,0.0,3,7.396350872637311
4055,58.75,-18.75,18.75,0.0,3,4.696484133226922
4056,61.25,-18.75,18.75,0.0,3,3.816462613797068
4057,63.75,-18.75,18.75,0.0,3,3.8941685347452233
4058,66.25,-18.75,18.75,0.0,3,3.932786148486765
4059,68.75,-18.75,18.75,0.0,3,4.16223670701104
4060,71.25,-18.75,18.75,0.0,3,4.8602319372100045
4061,73.75,-18.75,18.75,0.0,3,5.966725567002323
4062,76.25,-18.75,18.75,0.0,3,7.802229876061844
4063,78.75,-18.75,18.75,0.0,3,9.833742570800352
4064,81.25,-18.75,18.75,0.0,3,12.372307986379305
4065,83.75,-18.75,18.75,0.0,3,15.332479295886577
4066,86.25,-18.75,18.75,0.0,3,18.1784567818456
4067,88.75,-18.75,18.75,0.0,3,20.975846654693754
4068,91.25,-18.75,18.75,0.0,3,23.76784476246509
4069,93.75,-18.75,18.75,0.0,3,26.32230202425502
4070,96.25,-18.75,18.75,0.0,3,28.29965537061739
4071,98.75,-18.75,18.75,0.0,3,29.67865070968163
4072,101.25,-18.75,18.75,0.0,3,30.56971398596029
4073,103.75,-18.75,18.75,0.0,3,31.3604413910028
4074,106.25,-18.75,18.75,0.0,3,31.548466420206182
4075,108.75,-18.75,18.75,0.0,3,31.261697273594436
4076,111.25,-18.75,18.75,0.0,3,29.78531930266022
4077,113.75,-18.75,18.75,0.0,3,26.429958394739593
4078,116.25,-18.75,18.75,0.0,3,21.334041365645948
4079,118.75,-18.75,18.75,0.0,3,15.422988029436244
4080,121.25,-18.75,18.75,0.0,2,9.789225823218892
4081,123.75,-18.75,18.75,1.0,0,6.845316124067754
4082,126.25,-18.75,18.75,1.0,0,6.039575843596612
4083,128.75,-18.75,18.75,1.0,0,7.729775138478011
4084,131.25,-18.75,18.75,1.0,0,9.504846973830409
4085,133.75,-18.75,18.75,1.0,0,11.579434475449315
4086,136.25,-18.75,18.75,1.0,0,14.434314426133511
4087,138.75,-18.75,18.75,1.0,0,17.584817663473114
4088,141.25,-18.75,18.75,1.0,0,21.019875841984256
4089,143.75,-18.75,18.75,1.0,0,27.650073332402865
4090,146.25,-18.75,18.75,0.0,2,35.75285844053351
4091,148.75,-18.75,18.75,0.0,2,36.73701666241216
4092,151.25,-18.75,18.75,0.0,2,37.96635335509775
4093,153.75,-18.75,18.75,0.0,2,36.66498227072038
4094,156.25,-18.75,18.75,0.0,2,35.35039526753351
4095,158.75,-18.75,18.75,0.0,2,34.03185654625923
4096,161.25,-18.75,18.75,0.0,2,32.02025233615372
4097,163.75,-18.75,18.75,0.0,2,29.806574025046597
4098,166.25,-18.75,18.75,0.0,2,29.12601014455543
4099,168.75,-18.75,18.75,0.0,2,28.81362592610185
4100,171.25,-18.75,18.75,0.0,2,29.94613155507846
4101,173.75,-18.75,18.75,0.0,2,31.862070253384598
4102,176.25,-18.75,18.75,0.0,2,34.10483072341716
4103,178.75,-18.75,18.75,0.0,2,36.40557137677709
4104,181.25,-18.75,18.75,0.0,2,39.132277656724334
4105,183.75,-18.75,18.75,0.0,2,42.58637999117491
4106,186.25,-18.75,18.75,0.0,2,46.85475039918738
4107,188.75,-18.75,18.75,0.0,2,52.18882247850198
4108,191.25,-18.75,18.75,0.0,2,57.73065564813371
4109,193.75,-18.75,18.75,0.0,2,63.96428835338177
4110,196.25,-18.75,18.75,0.0,2,69.43784009914745
4111,198.75,-18.75,18.75,0.0,2,75.28863837951795
4112,201.25,-18.75,18.75,0.0,2,80.80212115585908
4113,203.75,-18.75,18.75,0.0,2,85.72654332012853
4114,206.25,-18.75,18.75,0.0,2,90.27564628829269
4115,208.75,-18.75,18.75,0.0,2,94.24795784276832
4116,211.25,-18.75,18.75,0.0,2,96.36191904946422
4117,213.75,-18.75,18.75,0.0,2,98.98888598635888
4118,216.25,-18.75,18.75,0.0,2,100.42937422301407
4119,218.75,-18.75,18.75,0.0,2,100.38943674131849
4120,221.25,-18.75,18.75,0.0,2,98.35277444723269
4121,223.75,-18.75,18.75,0.0,2,96.4878358783572
4122,226.25,-18.75,18.75,0.0,2,93.97755178126592
4123,228.75,-18.75,18.75,0.0,2,90.48047088686218
4124,231.25,-18.75,18.75,0.0,2,86.7795214205443
4125,233.75,-18.75,18.75,0.0,2,81.99315710903912
4126,236.25,-18.75,18.75,0.0,2,77.03438503080707
4127,238.75,-18.75,18.75,0.0,2,70.01127413204837
4128,241.25,-18.75,18.75,0.0,2,64.67347425149853
4129,243.75,-18.75,18.75,0.0,2,58.45160181888333
4130,246.25,-18.75,18.75,0.0,2,52.48596676154368
4131,248.75,-18.75,18.75,0.0,2,46.38442638830229
4132,251.25,-18.75,18.75,0.0,2,40.420092518484175
4133,253.75,-18.75,18.75,0.0,2,35.68378864427594
4134,256.25,-18.75,18.75,0.0,2,31.654172422561512
4135,258.75,-18.75,18.75,0.0,2,26.102352863624805
4136,261.25,-18.75,18.75,0.0,2,23.4593837851237
4137,263.75,-18.75,18.75,0.0,2,17.750487142910753
4138,266.25,-18.75,18.75,0.0,2,15.102622792173566
4139,268.75,-18.75,18.75,0.0,2,11.053944837718706
4140,271.25,-18.75,18.75,0.0,2,7.855257974221383
4141,273.75,-18.75,18.75,0.0,2,5.713462257505436
4142,276.25,-18.75,18.75,0.0,2,1.8502902429532702
4143,278.75,-18.75,18.75,0.0,2,-0.4723935142511438
4144,281.25,-18.75,18.75,0.0,1,-0.10597378627034507
4145,283.75,-18.75,18.75,0.0,1,-1.907468216922902
4146,286.25,-18.75,18.75,0.0,1,-5.529740126519577
4147,288.75,-18.75,18.75,0.0,1,-7.869736981552924
4148,291.25,-18.75,18.75,1.0,0,10.7863847141412
4149,293.75,-18.75,18.75,1.0,0,7.97019634990634
4150,296.25,-18.75,18.75,1.0,0,-21.343875650152057
4151,298.75,-18.75,18.75,1.0,0,-36.29431728581428
4152,301.25,-18.75,18.75,1.0,0,-42.80207219526322
4153,303.75,-18.75,18.75,1.0,0,-46.585714806806635
4154,306.25,-18.75,18.75,1.0,0,-36.46690490877917
4155,308.75,-18.75,18.75,1.0,0,-28.876828663612176
4156,311.25,-18.75,18.75,1.0,0,-16.920298421130425
4157,313.75,-18.75,18.75,1.0,0,-2.8653829546979903
4158,316.25,-18.75,18.75,1.0,0,10.584805171558623
4159,318.75,-18.75,18.75,1.0,0,26.759865773514623
4160,321.25,-18.75,18.75,0.0,1,45.599723742841945
4161,323.75,-18.75,18.75,0.0,1,49.47459559302239
4162,326.25,-18.75,18.75,0.0,1,50.07236349029944
4163,328.75,-18.75,18.75,0.0,1,47.92416834173998
4164,331.25,-18.75,18.75,0.0,1,46.14569856184896
4165,333.75,-18.75,18.75,0.0,1,43.0008933370429
4166,336.25,-18.75,18.75,0.0,1,40.23317320193425
4167,338.75,-18.75,18.75,0.0,1,37.471128885829934
4168,341.25,-18.75,18.75,0.0,1,34.56695262539028
4169,343.75,-18.75,18.75,0.0,1,31.978005449603906
4170,346.25,-18.75,18.75,0.0,1,28.950100866088363
4171,348.75,-18.75,18.75,0.0,1,26.176729068188433
4172,351.25,-18.75,18.75,0.0,1,23.07725893125111
4173,353.75,-18.75,18.75,0.0,1,20.700276430217052
4174,356.25,-18.75,18.75,0.0,1,17.342430938925126
4175,358.75,-18.75,18.75,0.0,1,14.653870919841445
4176,1.25,-16.25,16.25,0.0,1,9.071737371081161
4177,3.75,-16.25,16.25,0.0,1,6.363430764834359
4178,6.25,-16.25,16.25,0.0,1,4.4817072553549675
4179,8.75,-16.25,16.25,0.0,1,1.8976487691902126
4180,11.25,-16.25,16.25,0.0,1,-2.128420549944173
4181,13.75,-16.25,16.25,1.0,0,-21.610851926830502
4182,16.25,-16.25,16.25,1.0,0,-33.26075952812813
4183,18.75,-16.25,16.25,1.0,0,-30.38988977277566
4184,21.25,-16.25,16.25,1.0,0,-24.51172646113703
4185,23.75,-16.25,16.25,1.0,0,-22.233982263609157
4186,26.25,-16.25,16.25,1.0,0,-21.06754350990091
4187,28.75,-16.25,16.25,1.0,0,-16.26505383526924
4188,31.25,-16.25,16.25,1.0,0,-11.252017223772885
4189,33.75,-16.25,16.25,1.0,0,-12.5122304794853
4190,36.25,-16.25,16.25,1.0,0,-7.315292891577567
4191,38.75,-16.25,16.25,0.0,3,-1.2515088141140809
4192,41.25,-16.25,16.25,0.0,3,-0.46078162989294696
4193,43.75,-16.25,16.25,0.0,3,-1.6607389084009425
4194,46.25,-16.25,16.25,0.0,3,1.6678085014553676
4195,48.75,-16.25,16.25,1.0,0,7.319209591249703
4196,51.25,-16.25,16.25,0.0,3,7.6631461862742345
4197,53.75,-16.25,16.25,0.0,3,4.186772743714131
4198,56.25,-16.25,16.25,0.0,3,1.20187566536698
4199,58.75,-16.25,16.25,0.0,3,-0.4969961669971716
4200,61.25,-16.25,16.25,0.0,3,-1.1064445071926523
4201,63.75,-16.25,16.25,0.0,3,-0.8342721118754854
4202,66.25,-16.25,16.25,0.0,3,-0.04250851574489301
4203,68.75,-16.25,16.25,0.0,3,1.4329720929435708
4204,71.25,-16.25,16.25,0.0,3,3.4628704291253545
4205,73.75,-16.25,16.25,0.0,3,5.726642200872762
4206,76.25,-16.25,16.25,0.0,3,8.47513046906632
4207,78.75,-16.25,16.25,0.0,3,11.129070032012995
4208,81.25,-16.25,16.25,0.0,3,14.365327681580375
4209,83.75,-16.25,16.25,0.0,3,17.570741223960773
4210,86.25,-16.25,16.25,0.0,3,20.944946136741674
4211,88.75,-16.25,16.25,0.0,3,24.199023960073802
4212,91.25,-16.25,16.25,0.0,3,27.087219986813757
4213,93.75,-16.25,16.25,0.0,3,29.47412904783589
4214,96.25,-16.25,16.25,0.0,3,31.324276534526796
4215,98.75,-16.25,16.25,0.0,3,32.65508344554249
4216,101.25,-16.25,16.25,0.0,3,32.85164712256171
4217,103.75,-16.25,16.25,0.0,3,32.858965251332144
4218,106.25,-16.25,16.25,0.0,3,32.46504275533328
4219,108.75,-16.25,16.25,0.0,3,31.323080937314117
4220,111.25,-16.25,16.25,0.0,3,29.728409295497656
4221,113.75,-16.25,16.25,0.0,3,27.781315477200817
4222,116.25,-16.25,16.25,0.0,3,25.47150902003881
4223,118.75,-16.25,16.25,0.0,3,22.677414188773394
4224,121.25,-16.25,16.25,0.0,2,19.136782174493764
4225,123.75,-16.25,16.25,0.0,2,15.381598956378072
4226,126.25,-16.25,16.25,1.0,0,12.804115949044284
4227,128.75,-16.25,16.25,1.0,0,12.548830120213427
4228,131.25,-16.25,16.25,1.0,0,13.123344248357705
4229,133.75,-16.25,16.25,1.0,0,16.32241379180294
4230,136.25,-16.25,16.25,1.0,0,20.98358084456252
4231,138.75,-16.25,16.25,0.0,2,24.402302029811054
4232,141.25,-16.25,16.25,0.0,2,26.079104434186586
4233,143.75,-16.25,16.25,1.0,0,30.065404810706053
4234,146.25,-16.25,16.25,0.0,2,34.62388214071404
4235,148.75,-16.25,16.25,0.0,2,32.911221842890214
4236,151.25,-16.25,16.25,0.0,2,31.846477910227843
4237,153.75,-16.25,16.25,0.0,2,30.993942049654024
4238,156.25,-16.25,16.25,0.0,2,29.829119925955542
4239,158.75,-16.25,16.25,0.0,2,28.59330540670971
4240,161.25,-16.25,16.25,0.0,2,27.687817943512524
4241,163.75,-16.25,16.25,0.0,2,27.308502168209124
4242,166.25,-16.25,16.25,0.0,2,27.62705494871095
4243,168.75,-16.25,16.25,0.0,2,28.52569545906459
4244,171.25,-16.25,16.25,0.0,2,29.88634163388479
4245,173.75,-16.25,16.25,0.0,2,31.55091697582643
4246,176.25,-16.25,16.25,0.0,2,33.7050718985007
4247,178.75,-16.25,16.25,0.0,2,35.89962995588944
4248,181.25,-16.25,16.25,0.0,2,38.6719835827049
4249,183.75,-16.25,16.25,0.0,2,42.12831185490845
4250,186.25,-16.25,16.25,0.0,2,45.80570318214501
4251,188.75,-16.25,16.25,0.0,2,49.89318686618597
4252,191.25,-16.25,16.25,0.0,2,54.29325774916796
4253,193.75,-16.25,16.25,0.0,2,58.80014127747524
4254,196.25,-16.25,16.25,0.0,2,63.364934765937576
4255,198.75,-16.25,16.25,0.0,2,67.79063244467713
4256,201.25,-16.25,16.25,0.0,2,71.97824504910601
4257,203.75,-16.25,16.25,0.0,2,75.82815327192715
4258,206.25,-16.25,16.25,0.0,2,79.20790288234248
4259,208.75,-16.25,16.25,0.0,2,81.91750119981526
4260,211.25,-16.25,16.25,0.0,2,83.75766274993649
4261,213.75,-16.25,16.25,0.0,2,85.95670272930387
4262,216.25,-16.25,16.25,0.0,2,86.7437797660423
4263,218.75,-16.25,16.25,0.0,2,87.36526956156528
4264,221.25,-16.25,16.25,0.0,2,86.2835674903652
4265,223.75,-16.25,16.25,0.0,2,84.672279645155
4266,226.25,-16.25,16.25,0.0,2,81.81614195409627
4267,228.75,-16.25,16.25,0.0,2,77.92890091728785
4268,231.25,-16.25,16.25,0.0,2,73.88864126367899
4269,233.75,-16.25,16.25,0.0,2,68.22520011493764
4270,236.25,-16.25,16.25,0.0,2,63.610507218190975
4271,238.75,-16.25,16.25,0.0,2,57.035154936056735
4272,241.25,-16.25,16.25,0.0,2,51.38612111128353
4273,243.75,-16.25,16.25,0.0,2,45.28027873215022
4274,246.25,-16.25,16.25,0.0,2,39.81318106215682
4275,248.75,-16.25,16.25,0.0,2,34.905439253202765
4276,251.25,-16.25,16.25,0.0,2,30.222074417994797
4277,253.75,-16.25,16.25,0.0,2,25.861293125278
4278,256.25,-16.25,16.25,0.0,2,22.21347779408264
4279,258.75,-16.25,16.25,0.0,2,18.0995003344485
4280,261.25,-16.25,16.25,0.0,2,15.906010695996658
4281,263.75,-16.25,16.25,0.0,2,12.05553762368228
4282,266.25,-16.25,16.25,0.0,2,10.258743600812378
4283,268.75,-16.25,16.25,0.0,2,7.196819302416802
4284,271.25,-16.25,16.25,0.0,2,5.184537048209239
4285,273.75,-16.25,16.25,0.0,2,3.5989092455523903
4286,276.25,-16.25,16.25,0.0,2,0.5154885225325027
4287,278.75,-16.25,16.25,0.0,2,1.8522628507040584
4288,281.25,-16.25,16.25,0.0,1,-2.630187298380571
4289,283.75,-16.25,16.25,0.0,1,-5.321903496029784
4290,286.25,-16.25,16.25,0.0,1,0.10166236581374564
4291,288.75,-16.25,16.25,1.0,0,23.259185365806427
4292,291.25,-16.25,16.25,1.0,0,25.15175952007664
4293,293.75,-16.25,16.25,1.0,0,-8.00614612578567
4294,296.25,-16.25,16.25,1.0,0,-45.89261379256123
4295,298.75,-16.25,16.25,1.0,0,-54.506866473705045
4296,301.25,-16.25,16.25,1.0,0,-54.5916575897327
4297,303.75,-16.25,16.25,1.0,0,-49.14859298718117
4298,306.25,-16.25,16.25,1.0,0,-37.35418057690867
4299,308.75,-16.25,16.25,1.0,0,-27.240827211654864
4300,311.25,-16.25,16.25,1.0,0,-15.95521318581525
4301,313.75,-16.25,16.25,1.0,0,-4.456955288445814
4302,316.25,-16.25,16.25,1.0,0,9.055546905836703
4303,318.75,-16.25,16.25,1.0,0,27.18262117278385
4304,321.25,-16.25,16.25,0.0,1,45.81928876895541
4305,323.75,-16.25,16.25,0.0,1,50.006628178784794
4306,326.25,-16.25,16.25,0.0,1,48.99973489905471
4307,328.75,-16.25,16.25,0.0,1,46.42908652286647
4308,331.25,-16.25,16.25,0.0,1,44.058634199357186
4309,333.75,-16.25,16.25,0.0,1,41.02366598109416
4310,336.25,-16.25,16.25,0.0,1,38.08504869352584
4311,338.75,-16.25,16.25,0.0,1,35.06663520685427
4312,341.25,-16.25,16.25,0.0,1,31.970456150659277
4313,343.75,-16.25,16.25,0.0,1,29.082989231578512
4314,346.25,-16.25,16.25,0.0,1,26.136098664413204
4315,348.75,-16.25,16.25,0.0,1,23.227565266463966
4316,351.25,-16.25,16.25,0.0,1,20.31336678460666
4317,353.75,-16.25,16.25,0.0,1,17.186530456913246
4318,356.25,-16.25,16.25,0.0,1,14.335919790334602
4319,358.75,-16.25,16.25,0.0,1,11.862252486273592
4320,1.25,-13.75,13.75,0.0,1,8.142058937218204
4321,3.75,-13.75,13.75,0.0,1,6.033733247780862
4322,6.25,-13.75,13.75,0.0,1,4.021081607011514
4323,8.75,-13.75,13.75,0.0,1,1.7070514479508578
4324,11.25,-13.75,13.75,0.0,1,-0.32706266657772803
4325,13.75,-13.75,13.75,1.0,0,-12.232791217761113
4326,16.25,-13.75,13.75,1.0,0,-25.98179186228429
4327,18.75,-13.75,13.75,1.0,0,-26.602683406667246
4328,21.25,-13.75,13.75,1.0,0,-22.998085787845103
4329,23.75,-13.75,13.75,1.0,0,-19.92927673559302
4330,26.25,-13.75,13.75,1.0,0,-17.734889031799504
4331,28.75,-13.75,13.75,1.0,0,-15.482125280117568
4332,31.25,-13.75,13.75,1.0,0,-12.607298531970336
4333,33.75,-13.75,13.75,1.0,0,-10.160978619354678
4334,36.25,-13.75,13.75,1.0,0,-7.762438766661602
4335,38.75,-13.75,13.75,1.0,0,-4.464389055478503
4336,41.25,-13.75,13.75,0.0,3,-3.0608387191733493
4337,43.75,-13.75,13.75,0.0,3,-4.703834186522655
4338,46.25,-13.75,13.75,0.0,3,-5.2536123810335456
4339,48.75,-13.75,13.75,0.0,3,-3.4095426880972695
4340,51.25,-13.75,13.75,0.0,3,-2.45662270496424
4341,53.75,-13.75,13.75,0.0,3,-4.723958194213688
4342,56.25,-13.75,13.75,0.0,3,-8.000326105465675
4343,58.75,-13.75,13.75,0.0,3,-9.098358034471415
4344,61.25,-13.75,13.75,0.0,3,-8.800493026266752
4345,63.75,-13.75,13.75,0.0,3,-7.467337545251429
4346,66.25,-13.75,13.75,0.0,3,-5.4470752900546895
4347,68.75,-13.75,13.75,0.0,3,-3.3529410524007934
4348,71.25,-13.75,13.75,0.0,3,-1.1844804508832345
4349,73.75,-13.75,13.75,0.0,3,1.6616826659846438
4350,76.25,-13.75,13.75,0.0,3,5.274719669671913
4351,78.75,-13.75,13.75,0.0,3,8.677561782344707
4352,81.25,-13.75,13.75,0.0,3,12.63015294983337
4353,83.75,-13.75,13.75,0.0,3,16.548473091859023
4354,86.25,-13.75,13.75,0.0,3,21.03953323528546
4355,88.75,-13.75,13.75,0.0,3,24.961708947248567
4356,91.25,-13.75,13.75,0.0,3,28.16610819484155
4357,93.75,-13.75,13.75,0.0,3,30.664998301031304
4358,96.25,-13.75,13.75,0.0,3,32.223760126434094
4359,98.75,-13.75,13.75,0.0,3,32.91453335220339
4360,101.25,-13.75,13.75,0.0,3,32.675741924107044
4361,103.75,-13.75,13.75,0.0,3,32.50762962057821
4362,106.25,-13.75,13.75,0.0,3,31.600365469504702
4363,108.75,-13.75,13.75,0.0,3,30.139647398677134
4364,111.25,-13.75,13.75,0.0,3,28.527479049429488
4365,113.75,-13.75,13.75,0.0,3,26.78113697011646
4366,116.25,-13.75,13.75,0.0,3,24.99297763396864
4367,118.75,-13.75,13.75,0.0,3,23.430762983539285
4368,121.25,-13.75,13.75,0.0,2,22.155889847436914
4369,123.75,-13.75,13.75,0.0,2,19.791978583371602
4370,126.25,-13.75,13.75,0.0,2,17.269059572503057
4371,128.75,-13.75,13.75,0.0,2,16.153960080881564
4372,131.25,-13.75,13.75,1.0,0,16.779934841742953
4373,133.75,-13.75,13.75,1.0,0,20.511627848748127
4374,136.25,-13.75,13.75,0.0,2,24.72202520953786
4375,138.75,-13.75,13.75,0.0,2,26.848224952292675
4376,141.25,-13.75,13.75,0.0,2,27.288377986426806
4377,143.75,-13.75,13.75,0.0,2,28.656571982986367
4378,146.25,-13.75,13.75,0.0,2,29.884845354429903
4379,148.75,-13.75,13.75,0.0,2,28.18027912986549
4380,151.25,-13.75,13.75,0.0,2,25.643989038541367
4381,153.75,-13.75,13.75,0.0,2,24.56755695589208
4382,156.25,-13.75,13.75,0.0,2,23.76784684758733
4383,158.75,-13.75,13.75,0.0,2,23.12772252013806
4384,161.25,-13.75,13.75,0.0,2,23.27482895320822
4385,163.75,-13.75,13.75,0.0,2,24.41536672010534
4386,166.25,-13.75,13.75,0.0,2,25.499000797883554
4387,168.75,-13.75,13.75,0.0,2,26.6821351698832
4388,171.25,-13.75,13.75,0.0,2,28.215829157278876
4389,173.75,-13.75,13.75,0.0,2,29.48240521414107
4390,176.25,-13.75,13.75,0.0,2,31.3090486564256
4391,178.75,-13.75,13.75,0.0,2,33.378285152461295
4392,181.25,-13.75,13.75,0.0,2,35.74583434091995
4393,183.75,-13.75,13.75,0.0,2,38.29024478707458
4394,186.25,-13.75,13.75,0.0,2,40.73166700336286
4395,188.75,-13.75,13.75,0.0,2,43.22681973926075
4396,191.25,-13.75,13.75,0.0,2,46.54749580136206
4397,193.75,-13.75,13.75,0.0,2,49.7830348359627
4398,196.25,-13.75,13.75,0.0,2,53.26158688528792
4399,198.75,-13.75,13.75,0.0,2,56.17924662839331
4400,201.25,-13.75,13.75,0.0,2,59.102360479047356
4401,203.75,-13.75,13.75,0.0,2,61.991000229109666
4402,206.25,-13.75,13.75,0.0,2,64.62257665692597
4403,208.75,-13.75,13.75,0.0,2,66.98758498796762
4404,211.25,-13.75,13.75,0.0,2,69.11590470349765
4405,213.75,-13.75,13.75,0.0,2,71.33756880149419
4406,216.25,-13.75,13.75,0.0,2,72.09238648439067
4407,218.75,-13.75,13.75,0.0,2,72.93603646275099
4408,221.25,-13.75,13.75,0.0,2,72.2233724460315
4409,223.75,-13.75,13.75,0.0,2,70.88594232776995
4410,226.25,-13.75,13.75,0.0,2,68.21794640816302
4411,228.75,-13.75,13.75,0.0,2,64.54941869225873
4412,231.25,-13.75,13.75,0.0,2,60.88259000322418
4413,233.75,-13.75,13.75,0.0,2,55.906934552989746
4414,236.25,-13.75,13.75,0.0,2,50.92784136303035
4415,238.75,-13.75,13.75,0.0,2,45.206113584855046
4416,241.25,-13.75,13.75,0.0,2,40.406819114010155
4417,243.75,-13.75,13.75,0.0,2,35.51527904508607
4418,246.25,-13.75,13.75,0.0,2,30.808788140451878
4419,248.75,-13.75,13.75,0.0,2,26.748218770182277
4420,251.25,-13.75,13.75,0.0,2,23.26454347586151
4421,253.75,-13.75,13.75,0.0,2,20.04278228970041
4422,256.25,-13.75,13.75,0.0,2,17.442503618881886
4423,258.75,-13.75,13.75,0.0,2,14.721025783213676
4424,261.25,-13.75,13.75,0.0,2,12.161784088604508
4425,263.75,-13.75,13.75,0.0,2,10.092752571075813
4426,266.25,-13.75,13.75,0.0,2,7.686421262355032
4427,268.75,-13.75,13.75,0.0,2,5.621109723076471
4428,271.25,-13.75,13.75,0.0,2,3.797769936337046
4429,273.75,-13.75,13.75,0.0,2,1.8364599131516524
4430,276.25,-13.75,13.75,0.0,2,0.32674698696927473
4431,278.75,-13.75,13.75,0.0,2,-0.23635181193156304
4432,281.25,-13.75,13.75,0.0,1,-5.854395573479371
4433,283.75,-13.75,13.75,0.0,1,4.307051396515258
4434,286.25,-13.75,13.75,1.0,0,18.873964964075995
4435,288.75,-13.75,13.75,1.0,0,23.667543929683728
4436,291.25,-13.75,13.75,1.0,0,-6.125690424353465
4437,293.75,-13.75,13.75,1.0,0,-46.05751734634387
4438,296.25,-13.75,13.75,1.0,0,-66.46520947622082
4439,298.75,-13.75,13.75,1.0,0,-65.08740570768373
4440,301.25,-13.75,13.75,1.0,0,-59.32756427279584
4441,303.75,-13.75,13.75,1.0,0,-49.40826952917678
4442,306.25,-13.75,13.75,1.0,0,-38.85069075173643
4443,308.75,-13.75,13.75,1.0,0,-28.395076476974406
4444,311.25,-13.75,13.75,1.0,0,-18.74860625810805
4445,313.75,-13.75,13.75,1.0,0,-8.402667986596217
4446,316.25,-13.75,13.75,1.0,0,6.141464420901994
4447,318.75,-13.75,13.75,1.0,0,25.292375058367206
4448,321.25,-13.75,13.75,0.0,1,42.77221390864976
4449,323.75,-13.75,13.75,0.0,1,47.75007193767541
4450,326.25,-13.75,13.75,0.0,1,45.06919195150043
4451,328.75,-13.75,13.75,0.0,1,42.8171324944861
4452,331.25,-13.75,13.75,0.0,1,40.40123693415828
4453,333.75,-13.75,13.75,0.0,1,37.94011886576501
4454,336.25,-13.75,13.75,0.0,1,35.36367345572702
4455,338.75,-13.75,13.75,0.0,1,32.77465912641179
4456,341.25,-13.75,13.75,0.0,1,30.11910069194586
4457,343.75,-13.75,13.75,0.0,1,27.234404974790415
4458,346.25,-13.75,13.75,0.0,1,24.452550719177008
4459,348.75,-13.75,13.75,0.0,1,21.577048703814604
4460,351.25,-13.75,13.75,0.0,1,18.910472603255364
4461,353.75,-13.75,13.75,0.0,1,15.808956452570062
4462,356.25,-13.75,13.75,0.0,1,13.299204218096634
4463,358.75,-13.75,13.75,0.0,1,10.669887794774487
4464,1.25,-11.25,11.25,0.0,1,8.787069313230049
4465,3.75,-11.25,11.25,0.0,1,6.857392156871827
4466,6.25,-11.25,11.25,0.0,1,4.038646270349777
4467,8.75,-11.25,11.25,0.0,1,3.108143848933084
4468,11.25,-11.25,11.25,0.0,1,2.192766081372693
4469,13.75,-11.25,11.25,0.0,1,-4.111236529952021
4470,16.25,-11.25,11.25,1.0,0,-19.45925113572433
4471,18.75,-11.25,11.25,1.0,0,-23.1259803702958
4472,21.25,-11.25,11.25,1.0,0,-20.535710566505234
4473,23.75,-11.25,11.25,1.0,0,-16.427484747690794
4474,26.25,-11.25,11.25,1.0,0,-13.261601396411576
4475,28.75,-11.25,11.25,1.0,0,-11.720658418802362
4476,31.25,-11.25,11.25,1.0,0,-10.592743227630542
4477,33.75,-11.25,11.25,1.0,0,-8.3960051006821
4478,36.25,-11.25,11.25,1.0,0,-6.43625409038977
4479,38.75,-11.25,11.25,1.0,0,-5.611834439086858
4480,41.25,-11.25,11.25,0.0,3,-6.749981889998718
4481,43.75,-11.25,11.25,0.0,3,-9.845254892236271
4482,46.25,-11.25,11.25,0.0,3,-11.943622344072521
4483,48.75,-11.25,11.25,0.0,3,-12.474912504760136
4484,51.25,-11.25,11.25,0.0,3,-13.567447668645324
4485,53.75,-11.25,11.25,0.0,3,-15.454512262218298
4486,56.25,-11.25,11.25,0.0,3,-18.212786656662054
4487,58.75,-11.25,11.25,0.0,3,-18.760988495328796
4488,61.25,-11.25,11.25,0.0,3,-17.380685623814813
4489,63.75,-11.25,11.25,0.0,3,-15.295175531831484
4490,66.25,-11.25,11.25,0.0,3,-12.891234943164678
4491,68.75,-11.25,11.25,0.0,3,-10.603661816190975
4492,71.25,-11.25,11.25,0.0,3,-8.162709790028769
4493,73.75,-11.25,11.25,0.0,3,-4.874094493691237
4494,76.25,-11.25,11.25,0.0,3,-0.8078529098516413
4495,78.75,-11.25,11.25,0.0,3,3.5155627809556855
4496,81.25,-11.25,11.25,0.0,3,8.13685712687957
4497,83.75,-11.25,11.25,0.0,3,12.786330404005856
4498,86.25,-11.25,11.25,0.0,3,17.860876977465797
4499,88.75,-11.25,11.25,0.0,3,22.226280347919232
4500,91.25,-11.25,11.25,0.0,3,26.00949213586338
4501,93.75,-11.25,11.25,0.0,3,29.028951179490235
4502,96.25,-11.25,11.25,0.0,3,30.691048594611576
4503,98.75,-11.25,11.25,0.0,3,31.521442639616428
4504,101.25,-11.25,11.25,0.0,3,31.720584602333982
4505,103.75,-11.25,11.25,0.0,3,31.363212647515628
4506,106.25,-11.25,11.25,0.0,3,29.9951835592193
4507,108.75,-11.25,11.25,0.0,3,28.290352198696333
4508,111.25,-11.25,11.25,0.0,3,26.034143072172203
4509,113.75,-11.25,11.25,0.0,3,23.79478479447074
4510,116.25,-11.25,11.25,0.0,3,22.077232430301635
4511,118.75,-11.25,11.25,0.0,3,20.91761631959921
4512,121.25,-11.25,11.25,0.0,2,20.367611901262947
4513,123.75,-11.25,11.25,0.0,2,19.542552530336934
4514,126.25,-11.25,11.25,0.0,2,18.249891816317007
4515,128.75,-11.25,11.25,0.0,2,17.673538530111305
4516,131.25,-11.25,11.25,0.0,2,18.92691931672662
4517,133.75,-11.25,11.25,0.0,2,21.641404547893956
4518,136.25,-11.25,11.25,0.0,2,23.85214056171639
4519,138.75,-11.25,11.25,0.0,2,24.28757851755969
4520,141.25,-11.25,11.25,0.0,2,23.83940097538333
4521,143.75,-11.25,11.25,0.0,2,25.21043425746469
4522,146.25,-11.25,11.25,0.0,2,25.61142469289681
4523,148.75,-11.25,11.25,0.0,2,22.758718594047288
4524,151.25,-11.25,11.25,0.0,2,19.67693265925375
4525,153.75,-11.25,11.25,0.0,2,18.178433770217794
4526,156.25,-11.25,11.25,0.0,2,17.84053385086787
4527,158.75,-11.25,11.25,0.0,2,17.98916891051781
4528,161.25,-11.25,11.25,0.0,2,18.636301275151204
4529,163.75,-11.25,11.25,0.0,2,20.055739700598824
4530,166.25,-11.25,11.25,0.0,2,21.482587985231113
4531,168.75,-11.25,11.25,0.0,2,22.323124261155165
4532,171.25,-11.25,11.25,0.0,2,23.623251559435694
4533,173.75,-11.25,11.25,0.0,2,24.988890987447622
4534,176.25,-11.25,11.25,0.0,2,26.385880056756697
4535,178.75,-11.25,11.25,0.0,2,27.894649972256527
4536,181.25,-11.25,11.25,0.0,2,29.426220105722727
4537,183.75,-11.25,11.25,0.0,2,30.958161439697438
4538,186.25,-11.25,11.25,0.0,2,32.482730904598796
4539,188.75,-11.25,11.25,0.0,2,33.72172762418292
4540,191.25,-11.25,11.25,0.0,2,35.87955058193744
4541,193.75,-11.25,11.25,0.0,2,37.90697245671636
4542,196.25,-11.25,11.25,0.0,2,39.961264848008234
4543,198.75,-11.25,11.25,0.0,2,41.904154147158245
4544,201.25,-11.25,11.25,0.0,2,44.09458008700407
4545,203.75,-11.25,11.25,0.0,2,46.14192489863594
4546,206.25,-11.25,11.25,0.0,2,48.308075279143395
4547,208.75,-11.25,11.25,0.0,2,51.15847819749398
4548,211.25,-11.25,11.25,0.0,2,53.61967297666239
4549,213.75,-11.25,11.25,0.0,2,55.83711200158354
4550,216.25,-11.25,11.25,0.0,2,57.12658384182734
4551,218.75,-11.25,11.25,0.0,2,57.98380775791449
4552,221.25,-11.25,11.25,0.0,2,57.50876193565606
4553,223.75,-11.25,11.25,0.0,2,56.62697979571342
4554,226.25,-11.25,11.25,0.0,2,54.73344779804396
4555,228.75,-11.25,11.25,0.0,2,51.670423156952886
4556,231.25,-11.25,11.25,0.0,2,48.14900492395014
4557,233.75,-11.25,11.25,0.0,2,44.38163739508161
4558,236.25,-11.25,11.25,0.0,2,39.86509177757284
4559,238.75,-11.25,11.25,0.0,2,35.51847493514461
4560,241.25,-11.25,11.25,0.0,2,31.37233119314535
4561,243.75,-11.25,11.25,0.0,2,27.52623769790378
4562,246.25,-11.25,11.25,0.0,2,23.987572486245824
4563,248.75,-11.25,11.25,0.0,2,20.744757624440624
4564,251.25,-11.25,11.25,0.0,2,17.893867616516392
4565,253.75,-11.25,11.25,0.0,2,15.504472700676004
4566,256.25,-11.25,11.25,0.0,2,13.241990763767731
4567,258.75,-11.25,11.25,0.0,2,11.74327947875467
4568,261.25,-11.25,11.25,0.0,2,9.358766028856284
4569,263.75,-11.25,11.25,0.0,2,8.398090342980748
4570,266.25,-11.25,11.25,0.0,2,5.461464782915259
4571,268.75,-11.25,11.25,0.0,2,3.985438818445138
4572,271.25,-11.25,11.25,0.0,2,1.9560779504077148
4573,273.75,-11.25,11.25,0.0,2,-0.1160662195213909
4574,276.25,-11.25,11.25,0.0,2,-0.3399367544799375
4575,278.75,-11.25,11.25,0.0,2,-4.829600524579063
4576,281.25,-11.25,11.25,0.0,1,-3.763656902196477
4577,283.75,-11.25,11.25,1.0,0,12.915468272951067
4578,286.25,-11.25,11.25,1.0,0,2.8795758699599308
4579,288.75,-11.25,11.25,1.0,0,-20.42063154635698
4580,291.25,-11.25,11.25,1.0,0,-52.02323479545176
4581,293.75,-11.25,11.25,1.0,0,-73.0410470912195
4582,296.25,-11.25,11.25,1.0,0,-76.30824620175505
4583,298.75,-11.25,11.25,1.0,0,-71.06335932323321
4584,301.25,-11.25,11.25,1.0,0,-63.645260940706414
4585,303.75,-11.25,11.25,1.0,0,-51.35472591025812
4586,306.25,-11.25,11.25,1.0,0,-40.73314645449224
4587,308.75,-11.25,11.25,1.0,0,-30.692134781377824
4588,311.25,-11.25,11.25,1.0,0,-22.193491754708443
4589,313.75,-11.25,11.25,1.0,0,-12.15481538854019
4590,316.25,-11.25,11.25,1.0,0,1.984191616108601
4591,318.75,-11.25,11.25,1.0,0,19.248168778554955
4592,321.25,-11.25,11.25,1.0,0,34.55381984676846
4593,323.75,-11.25,11.25,0.0,1,41.255025405035234
4594,326.25,-11.25,11.25,0.0,1,39.781678776513424
4595,328.75,-11.25,11.25,0.0,1,37.357127849605526
4596,331.25,-11.25,11.25,0.0,1,35.37803881164318
4597,333.75,-11.25,11.25,0.0,1,33.80136424715723
4598,336.25,-11.25,11.25,0.0,1,31.89020526310727
4599,338.75,-11.25,11.25,0.0,1,30.008570391406423
4600,341.25,-11.25,11.25,0.0,1,28.079361001042415
4601,343.75,-11.25,11.25,0.0,1,25.641682318418326
4602,346.25,-11.25,11.25,0.0,1,23.46494741094408
4603,348.75,-11.25,11.25,0.0,1,20.84762747605485
4604,351.25,-11.25,11.25,0.0,1,18.63783386017504
4605,353.75,-11.25,11.25,0.0,1,15.798758152351423
4606,356.25,-11.25,11.25,0.0,1,13.310649519450614
4607,358.75,-11.25,11.25,0.0,1,10.726130449443007
4608,1.25,-8.75,8.75,0.0,1,9.513529394588783
4609,3.75,-8.75,8.75,0.0,1,7.540755447635398
4610,6.25,-8.75,8.75,0.0,1,4.865231517213208
4611,8.75,-8.75,8.75,0.0,1,4.526992795520582
4612,11.25,-8.75,8.75,0.0,1,3.3351977613716013
4613,13.75,-8.75,8.75,1.0,0,-4.075524629277152
4614,16.25,-8.75,8.75,1.0,0,-18.396434923671954
4615,18.75,-8.75,8.75,1.0,0,-20.21082526995105
4616,21.25,-8.75,8.75,1.0,0,-15.708964055107678
4617,23.75,-8.75,8.75,1.0,0,-11.851453050749473
4618,26.25,-8.75,8.75,1.0,0,-10.6278702476715
4619,28.75,-8.75,8.75,1.0,0,-10.261874131522418
4620,31.25,-8.75,8.75,1.0,0,-10.24763226399171
4621,33.75,-8.75,8.75,1.0,0,-8.264296910901567
4622,36.25,-8.75,8.75,1.0,0,-5.034410744841501
4623,38.75,-8.75,8.75,0.0,3,-7.483257641293475
4624,41.25,-8.75,8.75,0.0,3,-11.835965427954456
4625,43.75,-8.75,8.75,0.0,3,-16.023659780629995
4626,46.25,-8.75,8.75,0.0,3,-18.730724222751512
4627,48.75,-8.75,8.75,0.0,3,-20.9400534807458
4628,51.25,-8.75,8.75,0.0,3,-23.95838995638611
4629,53.75,-8.75,8.75,0.0,3,-25.7500712405216
4630,56.25,-8.75,8.75,0.0,3,-27.32821619865998
4631,58.75,-8.75,8.75,0.0,3,-27.27589910696511
4632,61.25,-8.75,8.75,0.0,3,-25.67147522425033
4633,63.75,-8.75,8.75,0.0,3,-23.502607799058644
4634,66.25,-8.75,8.75,0.0,3,-21.191403653395533
4635,68.75,-8.75,8.75,0.0,3,-18.630694119594942
4636,71.25,-8.75,8.75,0.0,3,-15.721547874270868
4637,73.75,-8.75,8.75,0.0,3,-12.48593399376927
4638,76.25,-8.75,8.75,0.0,3,-8.596420746169938
4639,78.75,-8.75,8.75,0.0,3,-3.4615727516444053
4640,81.25,-8.75,8.75,0.0,3,1.613494263518893
4641,83.75,-8.75,8.75,0.0,3,6.803889375502527
4642,86.25,-8.75,8.75,0.0,3,12.014666887184461
4643,88.75,-8.75,8.75,0.0,3,16.813369777432214
4644,91.25,-8.75,8.75,0.0,3,21.15101505849783
4645,93.75,-8.75,8.75,0.0,3,24.616411992320234
4646,96.25,-8.75,8.75,0.0,3,26.83555506313969
4647,98.75,-8.75,8.75,0.0,3,28.455982547341165
4648,101.25,-8.75,8.75,0.0,3,29.141328496358327
4649,103.75,-8.75,8.75,0.0,3,27.943604652104423
4650,106.25,-8.75,8.75,0.0,3,25.437665462331644
4651,108.75,-8.75,8.75,0.0,3,23.242410071585084
4652,111.25,-8.75,8.75,0.0,3,20.51220807312829
4653,113.75,-8.75,8.75,0.0,3,18.376078196859403
4654,116.25,-8.75,8.75,0.0,3,17.39175744583058
4655,118.75,-8.75,8.75,0.0,3,16.792061388005866
4656,121.25,-8.75,8.75,0.0,2,16.405934711262507
4657,123.75,-8.75,8.75,0.0,2,16.23591591952848
4658,126.25,-8.75,8.75,0.0,2,16.307727266721
4659,128.75,-8.75,8.75,0.0,2,16.5538212426741
4660,131.25,-8.75,8.75,0.0,2,17.94519174657873
4661,133.75,-8.75,8.75,0.0,2,18.812474116110366
4662,136.25,-8.75,8.75,0.0,2,19.266772387497962
4663,138.75,-8.75,8.75,0.0,2,19.051765745270323
4664,141.25,-8.75,8.75,0.0,2,18.509885732976187
4665,143.75,-8.75,8.75,0.0,2,21.65922991234787
4666,146.25,-8.75,8.75,0.0,2,22.874507601360698
4667,148.75,-8.75,8.75,0.0,2,16.99651177529601
4668,151.25,-8.75,8.75,0.0,2,14.087393475336304
4669,153.75,-8.75,8.75,0.0,2,13.034283855043716
4670,156.25,-8.75,8.75,0.0,2,13.142105278503475
4671,158.75,-8.75,8.75,0.0,2,13.583505221919971
4672,161.25,-8.75,8.75,0.0,2,14.181088562547185
4673,163.75,-8.75,8.75,0.0,2,15.174806054967148
4674,166.25,-8.75,8.75,0.0,2,16.139291733522697
4675,168.75,-8.75,8.75,0.0,2,16.782173464361904
4676,171.25,-8.75,8.75,0.0,2,17.547665166476115
4677,173.75,-8.75,8.75,0.0,2,18.892515776012708
4678,176.25,-8.75,8.75,0.0,2,19.837617566875366
4679,178.75,-8.75,8.75,0.0,2,20.552510292349087
4680,181.25,-8.75,8.75,0.0,2,21.22759034988729
4681,183.75,-8.75,8.75,0.0,2,22.102802460452573
4682,186.25,-8.75,8.75,0.0,2,23.132163328284438
4683,188.75,-8.75,8.75,0.0,2,23.58641916402023
4684,191.25,-8.75,8.75,0.0,2,24.590624379673528
4685,193.75,-8.75,8.75,0.0,2,25.739932224027648
4686,196.25,-8.75,8.75,0.0,2,26.91824761563389
4687,198.75,-8.75,8.75,0.0,2,28.14665932944682
4688,201.25,-8.75,8.75,0.0,2,29.918310293471446
4689,203.75,-8.75,8.75,0.0,2,31.61954747440812
4690,206.25,-8.75,8.75,0.0,2,33.49175126467241
4691,208.75,-8.75,8.75,0.0,2,36.219549163444434
4692,211.25,-8.75,8.75,0.0,2,38.568027004603486
4693,213.75,-8.75,8.75,0.0,2,40.76167885786298
4694,216.25,-8.75,8.75,0.0,2,42.19271897108124
4695,218.75,-8.75,8.75,0.0,2,42.95619120394733
4696,221.25,-8.75,8.75,0.0,2,42.784227822973946
4697,223.75,-8.75,8.75,0.0,2,41.90996938749787
4698,226.25,-8.75,8.75,0.0,2,40.491681066804546
4699,228.75,-8.75,8.75,0.0,2,38.301030508134495
4700,231.25,-8.75,8.75,0.0,2,35.26716543467994
4701,233.75,-8.75,8.75,0.0,2,32.49318553417133
4702,236.25,-8.75,8.75,0.0,2,29.01953029255343
4703,238.75,-8.75,8.75,0.0,2,26.02923577019417
4704,241.25,-8.75,8.75,0.0,2,22.693680521009256
4705,243.75,-8.75,8.75,0.0,2,19.552686239349775
4706,246.25,-8.75,8.75,0.0,2,17.154937542357427
4707,248.75,-8.75,8.75,0.0,2,14.763311718518946
4708,251.25,-8.75,8.75,0.0,2,12.352262236383869
4709,253.75,-8.75,8.75,0.0,2,10.455475734224454
4710,256.25,-8.75,8.75,0.0,2,8.120003492685084
4711,258.75,-8.75,8.75,0.0,2,7.630938695641608
4712,261.25,-8.75,8.75,0.0,2,6.007745686829892
4713,263.75,-8.75,8.75,0.0,2,5.438384647788826
4714,266.25,-8.75,8.75,0.0,2,2.9264647063734763
4715,268.75,-8.75,8.75,0.0,2,1.3755923271049206
4716,271.25,-8.75,8.75,0.0,2,-0.8654018291956082
4717,273.75,-8.75,8.75,0.0,2,-2.4060194313818877
4718,276.25,-8.75,8.75,0.0,2,-1.703424524909749
4719,278.75,-8.75,8.75,0.0,2,-6.610312373017765
4720,281.25,-8.75,8.75,0.0,1,-5.249081611580784
4721,283.75,-8.75,8.75,1.0,0,-8.89233016318033
4722,286.25,-8.75,8.75,1.0,0,-41.6648132219893
4723,288.75,-8.75,8.75,1.0,0,-63.856879580338834
4724,291.25,-8.75,8.75,1.0,0,-74.852759835006
4725,293.75,-8.75,8.75,1.0,0,-78.82181562039271
4726,296.25,-8.75,8.75,1.0,0,-78.65090580105675
4727,298.75,-8.75,8.75,1.0,0,-74.83612234205216
4728,301.25,-8.75,8.75,1.0,0,-67.64760602484856
4729,303.75,-8.75,8.75,1.0,0,-53.31106593945602
4730,306.25,-8.75,8.75,1.0,0,-41.05888769219748
4731,308.75,-8.75,8.75,1.0,0,-30.786642057290017
4732,311.25,-8.75,8.75,1.0,0,-22.763210581989554
4733,313.75,-8.75,8.75,1.0,0,-14.075900721683645
4734,316.25,-8.75,8.75,1.0,0,-3.2956248275246667
4735,318.75,-8.75,8.75,1.0,0,9.141571640636863
4736,321.25,-8.75,8.75,1.0,0,21.390105027734315
4737,323.75,-8.75,8.75,1.0,0,30.576697449182692
4738,326.25,-8.75,8.75,0.0,1,33.05545457823288
4739,328.75,-8.75,8.75,0.0,1,30.133777369800057
4740,331.25,-8.75,8.75,0.0,1,28.899273195744584
4741,333.75,-8.75,8.75,0.0,1,27.99974554859057
4742,336.25,-8.75,8.75,0.0,1,26.887822040510652
4743,338.75,-8.75,8.75,0.0,1,25.784661117360184
4744,341.25,-8.75,8.75,0.0,1,24.53879091120413
4745,343.75,-8.75,8.75,0.0,1,22.898687925240477
4746,346.25,-8.75,8.75,0.0,1,21.585593902040497
4747,348.75,-8.75,8.75,0.0,1,19.71848887742288
4748,351.25,-8.75,8.75,0.0,1,17.96264175102073
4749,353.75,-8.75,8.75,0.0,1,15.28287989394383
4750,356.25,-8.75,8.75,0.0,1,13.273672112216245
4751,358.75,-8.75,8.75,0.0,1,11.213292905701795
4752,1.25,-6.25,6.25,0.0,1,9.02611034835677
4753,3.75,-6.25,6.25,0.0,1,7.489412790662147
4754,6.25,-6.25,6.25,0.0,1,6.015287918175588
4755,8.75,-6.25,6.25,0.0,1,4.75233474054737
4756,11.25,-6.25,6.25,0.0,1,3.1414112116869926
4757,13.75,-6.25,6.25,1.0,0,-4.654920352183474
4758,16.25,-6.25,6.25,1.0,0,-16.217481777202376
4759,18.75,-6.25,6.25,1.0,0,-15.704513570075886
4760,21.25,-6.25,6.25,1.0,0,-10.599740197897933
4761,23.75,-6.25,6.25,1.0,0,-7.966400899390783
4762,26.25,-6.25,6.25,1.0,0,-8.37492944049995
4763,28.75,-6.25,6.25,1.0,0,-9.266042015999574
4764,31.25,-6.25,6.25,1.0,0,-12.00007883658542
4765,33.75,-6.25,6.25,1.0,0,-4.582854613717246
4766,36.25,-6.25,6.25,1.0,0,0.6280118031509645
4767,38.75,-6.25,6.25,1.0,0,-9.443822547764332
4768,41.25,-6.25,6.25,0.0,3,-16.63953155972069
4769,43.75,-6.25,6.25,0.0,3,-21.426703724931496
4770,46.25,-6.25,6.25,0.0,3,-25.300535753731502
4771,48.75,-6.25,6.25,0.0,3,-28.808059128422812
4772,51.25,-6.25,6.25,0.0,3,-31.5967163695994
4773,53.75,-6.25,6.25,0.0,3,-33.06283164811442
4774,56.25,-6.25,6.25,0.0,3,-34.36611964200539
4775,58.75,-6.25,6.25,0.0,3,-33.919624693723165
4776,61.25,-6.25,6.25,0.0,3,-32.665322666116424
4777,63.75,-6.25,6.25,0.0,3,-30.25887229334254
4778,66.25,-6.25,6.25,0.0,3,-27.73609716639622
4779,68.75,-6.25,6.25,0.0,3,-25.17947926133009
4780,71.25,-6.25,6.25,0.0,3,-22.56095550362135
4781,73.75,-6.25,6.25,0.0,3,-19.854582580557633
4782,76.25,-6.25,6.25,0.0,3,-16.249637868724413
4783,78.75,-6.25,6.25,0.0,3,-11.033220284200802
4784,81.25,-6.25,6.25,0.0,3,-6.1328782142652924
4785,83.75,-6.25,6.25,0.0,3,-0.6631946086827878
4786,86.25,-6.25,6.25,0.0,3,4.801029602122771
4787,88.75,-6.25,6.25,0.0,3,10.1212670874895
4788,91.25,-6.25,6.25,0.0,3,14.648051863757324
4789,93.75,-6.25,6.25,0.0,3,18.125839621157148
4790,96.25,-6.25,6.25,0.0,3,20.754333251789873
4791,98.75,-6.25,6.25,0.0,3,22.12737838948301
4792,101.25,-6.25,6.25,0.0,3,22.25612270510484
4793,103.75,-6.25,6.25,0.0,3,19.80567202503482
4794,106.25,-6.25,6.25,0.0,3,16.247262394239616
4795,108.75,-6.25,6.25,0.0,3,14.146096357190883
4796,111.25,-6.25,6.25,0.0,3,12.39442001071986
4797,113.75,-6.25,6.25,0.0,3,11.36556046440966
4798,116.25,-6.25,6.25,0.0,3,11.124869233961423
4799,118.75,-6.25,6.25,0.0,3,11.230507776583423
4800,121.25,-6.25,6.25,0.0,2,12.321304434889718
4801,123.75,-6.25,6.25,0.0,2,12.366586929183088
4802,126.25,-6.25,6.25,0.0,2,13.124321439031096
4803,128.75,-6.25,6.25,0.0,2,13.285066019223372
4804,131.25,-6.25,6.25,0.0,2,13.903983045893007
4805,133.75,-6.25,6.25,0.0,2,14.031531803744032
4806,136.25,-6.25,6.25,0.0,2,14.464742374899414
4807,138.75,-6.25,6.25,0.0,2,14.633994472131015
4808,141.25,-6.25,6.25,1.0,0,14.202977767305502
4809,143.75,-6.25,6.25,1.0,0,17.383586179734806
4810,146.25,-6.25,6.25,0.0,2,18.65335972486033
4811,148.75,-6.25,6.25,0.0,2,11.63361735291825
4812,151.25,-6.25,6.25,0.0,2,9.773371352465821
4813,153.75,-6.25,6.25,0.0,2,9.693104899969459
4814,156.25,-6.25,6.25,0.0,2,10.054574664095863
4815,158.75,-6.25,6.25,0.0,2,10.25775305876186
4816,161.25,-6.25,6.25,0.0,2,10.601717322518391
4817,163.75,-6.25,6.25,0.0,2,11.35960173990641
4818,166.25,-6.25,6.25,0.0,2,11.405010399417776
4819,168.75,-6.25,6.25,0.0,2,12.142086407477224
4820,171.25,-6.25,6.25,0.0,2,12.439685325666352
4821,173.75,-6.25,6.25,0.0,2,13.014176537820859
4822,176.25,-6.25,6.25,0.0,2,13.524320662477836
4823,178.75,-6.25,6.25,0.0,2,13.758622944488685
4824,181.25,-6.25,6.25,0.0,2,13.86839956183256
4825,183.75,-6.25,6.25,0.0,2,14.131976797348916
4826,186.25,-6.25,6.25,0.0,2,14.555077830893616
4827,188.75,-6.25,6.25,0.0,2,14.692543584648291
4828,191.25,-6.25,6.25,0.0,2,15.134028554461548
4829,193.75,-6.25,6.25,0.0,2,15.84389823523871
4830,196.25,-6.25,6.25,0.0,2,17.068148345592576
4831,198.75,-6.25,6.25,0.0,2,17.659850441795246
4832,201.25,-6.25,6.25,0.0,2,18.827968681971267
4833,203.75,-6.25,6.25,0.0,2,20.43211101905146
4834,206.25,-6.25,6.25,0.0,2,22.027332093352705
4835,208.75,-6.25,6.25,0.0,2,23.574628776197134
4836,211.25,-6.25,6.25,0.0,2,25.2713143989118
4837,213.75,-6.25,6.25,0.0,2,27.078201680067245
4838,216.25,-6.25,6.25,0.0,2,27.90087006275742
4839,218.75,-6.25,6.25,0.0,2,28.060567740963222
4840,221.25,-6.25,6.25,0.0,2,27.775999729459652
4841,223.75,-6.25,6.25,0.0,2,26.553152747304864
4842,226.25,-6.25,6.25,0.0,2,25.171122254552465
4843,228.75,-6.25,6.25,0.0,2,23.859032712435347
4844,231.25,-6.25,6.25,0.0,2,22.124962798198094
4845,233.75,-6.25,6.25,0.0,2,20.2519959481255
4846,236.25,-6.25,6.25,0.0,2,17.544572747148415
4847,238.75,-6.25,6.25,0.0,2,15.161217833913692
4848,241.25,-6.25,6.25,0.0,2,13.61584706537197
4849,243.75,-6.25,6.25,0.0,2,11.526515484854414
4850,246.25,-6.25,6.25,0.0,2,9.762465502620023
4851,248.75,-6.25,6.25,0.0,2,7.859769728945436
4852,251.25,-6.25,6.25,0.0,2,6.059108144984241
4853,253.75,-6.25,6.25,0.0,2,5.026166891575886
4854,256.25,-6.25,6.25,0.0,2,3.5813845739379606
4855,258.75,-6.25,6.25,0.0,2,3.3926518067708895
4856,261.25,-6.25,6.25,0.0,2,2.1916474958070573
4857,263.75,-6.25,6.25,0.0,2,1.242175830341106
4858,266.25,-6.25,6.25,0.0,2,-0.4539806823758391
4859,268.75,-6.25,6.25,0.0,2,-2.318107266805505
4860,271.25,-6.25,6.25,0.0,2,-4.383488006338662
4861,273.75,-6.25,6.25,0.0,2,-5.129524056794913
4862,276.25,-6.25,6.25,0.0,2,-3.8537696120360034
4863,278.75,-6.25,6.25,0.0,2,-5.150361602634179
4864,281.25,-6.25,6.25,1.0,0,-16.016184956422855
4865,283.75,-6.25,6.25,1.0,0,-51.888714532511216
4866,286.25,-6.25,6.25,1.0,0,-64.10632419566684
4867,288.75,-6.25,6.25,1.0,0,-69.1435291649931
4868,291.25,-6.25,6.25,1.0,0,-72.58221113878832
4869,293.75,-6.25,6.25,1.0,0,-75.83636269562876
4870,296.25,-6.25,6.25,1.0,0,-77.03549702250076
4871,298.75,-6.25,6.25,1.0,0,-73.4436919664672
4872,301.25,-6.25,6.25,1.0,0,-64.05745644694896
4873,303.75,-6.25,6.25,1.0,0,-48.58505270797493
4874,306.25,-6.25,6.25,1.0,0,-36.58969422160982
4875,308.75,-6.25,6.25,1.0,0,-27.02094465102706
4876,311.25,-6.25,6.25,1.0,0,-20.25987660506767
4877,313.75,-6.25,6.25,1.0,0,-14.797679156310926
4878,316.25,-6.25,6.25,1.0,0,-9.056077117493343
4879,318.75,-6.25,6.25,1.0,0,-1.4704525698997473
4880,321.25,-6.25,6.25,1.0,0,8.655210325043958
4881,323.75,-6.25,6.25,1.0,0,19.272615649860125
4882,326.25,-6.25,6.25,0.0,1,24.35027134928241
4883,328.75,-6.25,6.25,0.0,1,22.054057696627844
4884,331.25,-6.25,6.25,0.0,1,21.643396533504134
4885,333.75,-6.25,6.25,0.0,1,20.817588849449045
4886,336.25,-6.25,6.25,0.0,1,20.444829231629527
4887,338.75,-6.25,6.25,0.0,1,20.12485701500766
4888,341.25,-6.25,6.25,0.0,1,19.4529192224019
4889,343.75,-6.25,6.25,0.0,1,18.700605529220084
4890,346.25,-6.25,6.25,0.0,1,17.846315532910587
4891,348.75,-6.25,6.25,0.0,1,16.8871162298309
4892,351.25,-6.25,6.25,0.0,1,15.342560971279923
4893,353.75,-6.25,6.25,0.0,1,13.222048943867104
4894,356.25,-6.25,6.25,0.0,1,12.083020099021363
4895,358.75,-6.25,6.25,0.0,1,10.651247516923112
4896,1.25,-3.75,3.75,0.0,1,6.7702697774827625
4897,3.75,-3.75,3.75,0.0,1,5.391256945908946
4898,6.25,-3.75,3.75,0.0,1,4.165312410156138
4899,8.75,-3.75,3.75,0.0,1,3.1013127103838465
4900,11.25,-3.75,3.75,0.0,1,2.60428264234108
4901,13.75,-3.75,3.75,1.0,0,-0.855194951716542
4902,16.25,-3.75,3.75,1.0,0,-6.723126508396852
4903,18.75,-3.75,3.75,1.0,0,-7.934231259683697
4904,21.25,-3.75,3.75,1.0,0,-6.363559306759896
4905,23.75,-3.75,3.75,1.0,0,-4.175605874296364
4906,26.25,-3.75,3.75,1.0,0,-2.2499863709763823
4907,28.75,-3.75,3.75,1.0,0,-3.157743224615335
4908,31.25,-3.75,3.75,1.0,0,-12.451747068040932
4909,33.75,-3.75,3.75,1.0,0,2.521078576936794
4910,36.25,-3.75,3.75,1.0,0,11.690279688024631
4911,38.75,-3.75,3.75,1.0,0,-9.076720249040394
4912,41.25,-3.75,3.75,0.0,3,-20.771297386614712
4913,43.75,-3.75,3.75,0.0,3,-26.67266271533479
4914,46.25,-3.75,3.75,0.0,3,-30.80039957034206
4915,48.75,-3.75,3.75,0.0,3,-33.92841329369874
4916,51.25,-3.75,3.75,0.0,3,-35.83863341229514
4917,53.75,-3.75,3.75,0.0,3,-37.82859670187623
4918,56.25,-3.75,3.75,0.0,3,-39.012127405640214
4919,58.75,-3.75,3.75,0.0,3,-37.83345687089392
4920,61.25,-3.75,3.75,0.0,3,-36.52013444651123
4921,63.75,-3.75,3.75,0.0,3,-34.410692449538956
4922,66.25,-3.75,3.75,0.0,3,-32.232300226449944
4923,68.75,-3.75,3.75,0.0,3,-29.744451839472326
4924,71.25,-3.75,3.75,0.0,3,-26.628207486649014
4925,73.75,-3.75,3.75,0.0,3,-23.01020952237771
4926,76.25,-3.75,3.75,0.0,3,-19.224378140724955
4927,78.75,-3.75,3.75,0.0,3,-15.109183658319818
4928,81.25,-3.75,3.75,0.0,3,-11.388939689067668
4929,83.75,-3.75,3.75,0.0,3,-7.010332171358355
4930,86.25,-3.75,3.75,0.0,3,-2.416155007683007
4931,88.75,-3.75,3.75,0.0,3,2.2574862420507937
4932,91.25,-3.75,3.75,0.0,3,6.25742690942134
4933,93.75,-3.75,3.75,0.0,3,9.585662542682392
4934,96.25,-3.75,3.75,0.0,3,12.279864780427472
4935,98.75,-3.75,3.75,0.0,3,12.401039727329248
4936,101.25,-3.75,3.75,0.0,3,11.402686926951322
4937,103.75,-3.75,3.75,1.0,0,8.354841602974775
4938,106.25,-3.75,3.75,0.0,3,6.72529417353479
4939,108.75,-3.75,3.75,0.0,3,5.985329267352195
4940,111.25,-3.75,3.75,0.0,3,5.40605665003425
4941,113.75,-3.75,3.75,0.0,3,5.233007916838649
4942,116.25,-3.75,3.75,0.0,3,5.6375796445720905
4943,118.75,-3.75,3.75,0.0,3,6.954517479443279
4944,121.25,-3.75,3.75,1.0,0,10.346535049772477
4945,123.75,-3.75,3.75,0.0,2,9.528621745074346
4946,126.25,-3.75,3.75,0.0,2,9.763363039403062
4947,128.75,-3.75,3.75,0.0,2,9.69601590282772
4948,131.25,-3.75,3.75,0.0,2,9.402030501266005
4949,133.75,-3.75,3.75,0.0,2,11.065215127973083
4950,136.25,-3.75,3.75,1.0,0,13.408098843810436
4951,138.75,-3.75,3.75,1.0,0,13.241998361280697
4952,141.25,-3.75,3.75,1.0,0,10.118415384353161
4953,143.75,-3.75,3.75,0.0,2,9.765432248295259
4954,146.25,-3.75,3.75,0.0,2,10.078125234174863
4955,148.75,-3.75,3.75,0.0,2,7.278041288135516
4956,151.25,-3.75,3.75,0.0,2,7.653292495466111
4957,153.75,-3.75,3.75,0.0,2,7.753316357447604
4958,156.25,-3.75,3.75,0.0,2,8.185830858914573
4959,158.75,-3.75,3.75,0.0,2,8.349753135358059
4960,161.25,-3.75,3.75,0.0,2,8.4298168908788
4961,163.75,-3.75,3.75,0.0,2,9.116441022251163
4962,166.25,-3.75,3.75,0.0,2,9.060175516234283
4963,168.75,-3.75,3.75,0.0,2,9.291510743461698
4964,171.25,-3.75,3.75,0.0,2,9.122367075072175
4965,173.75,-3.75,3.75,0.0,2,8.908366458774262
4966,176.25,-3.75,3.75,0.0,2,8.752740814079138
4967,178.75,-3.75,3.75,0.0,2,8.651811700577724
4968,181.25,-3.75,3.75,0.0,2,8.583172981562686
4969,183.75,-3.75,3.75,0.0,2,8.541622276594374
4970,186.25,-3.75,3.75,0.0,2,8.558236150907275
4971,188.75,-3.75,3.75,0.0,2,8.653969281848068
4972,191.25,-3.75,3.75,0.0,2,8.949785508894816
4973,193.75,-3.75,3.75,0.0,2,8.550532136101136
4974,196.25,-3.75,3.75,0.0,2,9.365572089891154
4975,198.75,-3.75,3.75,0.0,2,10.209112969760708
4976,201.25,-3.75,3.75,0.0,2,10.746174887134117
4977,203.75,-3.75,3.75,0.0,2,11.408038807313208
4978,206.25,-3.75,3.75,0.0,2,12.43606532987042
4979,208.75,-3.75,3.75,0.0,2,13.584027891676246
4980,211.25,-3.75,3.75,0.0,2,14.645646884968414
4981,213.75,-3.75,3.75,0.0,2,14.787907482904812
4982,216.25,-3.75,3.75,0.0,2,15.219179693738704
4983,218.75,-3.75,3.75,0.0,2,14.690365806789329
4984,221.25,-3.75,3.75,0.0,2,14.281126448111209
4985,223.75,-3.75,3.75,0.0,2,13.968724924060453
4986,226.25,-3.75,3.75,0.0,2,13.179791321146945
4987,228.75,-3.75,3.75,0.0,2,11.69008185613227
4988,231.25,-3.75,3.75,0.0,2,9.984662595778078
4989,233.75,-3.75,3.75,0.0,2,8.669659134711393
4990,236.25,-3.75,3.75,0.0,2,8.162576899184504
4991,238.75,-3.75,3.75,0.0,2,6.3633132664086824
4992,241.25,-3.75,3.75,0.0,2,5.450673034110178
4993,243.75,-3.75,3.75,0.0,2,4.183116276535602
4994,246.25,-3.75,3.75,0.0,2,3.2202575909553266
4995,248.75,-3.75,3.75,0.0,2,2.101245539301245
4996,251.25,-3.75,3.75,0.0,2,0.7777751335883384
4997,253.75,-3.75,3.75,0.0,2,-0.18758364431604707
4998,256.25,-3.75,3.75,0.0,2,-0.8542576945380069
4999,258.75,-3.75,3.75,0.0,2,-1.779960305616441
5000,261.25,-3.75,3.75,0.0,2,-2.3292833536897684
5001,263.75,-3.75,3.75,0.0,2,-3.8098076269209127
5002,266.25,-3.75,3.75,0.0,2,-5.047397222377537
5003,268.75,-3.75,3.75,0.0,2,-6.687892536093428
5004,271.25,-3.75,3.75,0.0,2,-7.853192235428258
5005,273.75,-3.75,3.75,0.0,2,-8.133069932395204
5006,276.25,-3.75,3.75,0.0,2,-7.303709068602634
5007,278.75,-3.75,3.75,0.0,2,-3.991289700028758
5008,281.25,-3.75,3.75,1.0,0,-16.952625528726777
5009,283.75,-3.75,3.75,1.0,0,-55.96577846495698
5010,286.25,-3.75,3.75,1.0,0,-63.132409276373174
5011,288.75,-3.75,3.75,1.0,0,-62.46916985955477
5012,291.25,-3.75,3.75,1.0,0,-66.64175335411926
5013,293.75,-3.75,3.75,1.0,0,-72.1821481215981
5014,296.25,-3.75,3.75,1.0,0,-72.14809094493351
5015,298.75,-3.75,3.75,1.0,0,-64.60960021486044
5016,301.25,-3.75,3.75,1.0,0,-51.221175067323664
5017,303.75,-3.75,3.75,1.0,0,-34.93182597016881
5018,306.25,-3.75,3.75,1.0,0,-25.932884277134978
5019,308.75,-3.75,3.75,1.0,0,-20.384471987790175
5020,311.25,-3.75,3.75,1.0,0,-15.900791063618897
5021,313.75,-3.75,3.75,1.0,0,-12.592199917637027
5022,316.25,-3.75,3.75,1.0,0,-9.685001538028716
5023,318.75,-3.75,3.75,1.0,0,-4.528742816304764
5024,321.25,-3.75,3.75,0.0,1,4.420743406748747
5025,323.75,-3.75,3.75,0.0,1,12.804243438510312
5026,326.25,-3.75,3.75,0.0,1,15.496512398460508
5027,328.75,-3.75,3.75,0.0,1,15.07488986376644
5028,331.25,-3.75,3.75,0.0,1,15.32896898870536
5029,333.75,-3.75,3.75,0.0,1,14.594375636386337
5030,336.25,-3.75,3.75,0.0,1,14.483238930093034
5031,338.75,-3.75,3.75,0.0,1,14.295807154112222
5032,341.25,-3.75,3.75,0.0,1,13.904886478805684
5033,343.75,-3.75,3.75,0.0,1,13.95907346555403
5034,346.25,-3.75,3.75,0.0,1,13.170124200625262
5035,348.75,-3.75,3.75,0.0,1,12.768894772744732
5036,351.25,-3.75,3.75,0.0,1,11.203733520546125
5037,353.75,-3.75,3.75,0.0,1,10.371739263503528
5038,356.25,-3.75,3.75,0.0,1,9.313934542861865
5039,358.75,-3.75,3.75,0.0,1,8.108376643959822
5040,1.25,-1.25,1.25,0.0,1,4.33533822710327
5041,3.75,-1.25,1.25,0.0,1,3.6771920720378253
5042,6.25,-1.25,1.25,0.0,1,2.855363732233141
5043,8.75,-1.25,1.25,0.0,1,1.8870956740439413
5044,11.25,-1.25,1.25,1.0,0,1.7578889286839414
5045,13.75,-1.25,1.25,1.0,0,2.0176609508133208
5046,16.25,-1.25,1.25,1.0,0,-0.7433068518787755
5047,18.75,-1.25,1.25,1.0,0,-3.476285675845403
5048,21.25,-1.25,1.25,1.0,0,-3.1595315710948078
5049,23.75,-1.25,1.25,1.0,0,-0.6838616593338118
5050,26.25,-1.25,1.25,1.0,0,4.511227865297891
5051,28.75,-1.25,1.25,1.0,0,10.854421122489123
5052,31.25,-1.25,1.25,1.0,0,7.619057030726782
5053,33.75,-1.25,1.25,1.0,0,18.321712186565954
5054,36.25,-1.25,1.25,1.0,0,4.6170089529931575
5055,38.75,-1.25,1.25,1.0,0,-18.556319270870542
5056,41.25,-1.25,1.25,0.0,3,-26.137075445561194
5057,43.75,-1.25,1.25,0.0,3,-29.645321850002198
5058,46.25,-1.25,1.25,0.0,3,-34.02454113470546
5059,48.75,-1.25,1.25,0.0,3,-38.43416536965867
5060,51.25,-1.25,1.25,0.0,3,-41.413008957737034
5061,53.75,-1.25,1.25,0.0,3,-42.634283185729515
5062,56.25,-1.25,1.25,0.0,3,-41.47527683118807
5063,58.75,-1.25,1.25,0.0,3,-40.780998759402955
5064,61.25,-1.25,1.25,0.0,3,-39.401034543212745
5065,63.75,-1.25,1.25,0.0,3,-37.40427460785687
5066,66.25,-1.25,1.25,0.0,3,-34.44900399896572
5067,68.75,-1.25,1.25,0.0,3,-31.10305647257472
5068,71.25,-1.25,1.25,0.0,3,-28.119704548479824
5069,73.75,-1.25,1.25,0.0,3,-25.683190489555056
5070,76.25,-1.25,1.25,0.0,3,-23.294803881521105
5071,78.75,-1.25,1.25,0.0,3,-19.469330630377144
5072,81.25,-1.25,1.25,0.0,3,-15.296237684329341
5073,83.75,-1.25,1.25,0.0,3,-11.491964196227684
5074,86.25,-1.25,1.25,0.0,3,-7.484050097352894
5075,88.75,-1.25,1.25,0.0,3,-3.629851945106264
5076,91.25,-1.25,1.25,0.0,3,-0.5281293135509787
5077,93.75,-1.25,1.25,0.0,3,1.7138515300829067
5078,96.25,-1.25,1.25,0.0,3,2.9195579031342946
5079,98.75,-1.25,1.25,0.0,3,1.8304285231206656
5080,101.25,-1.25,1.25,1.0,0,-0.863024409706449
5081,103.75,-1.25,1.25,0.0,3,-0.20027298106588934
5082,106.25,-1.25,1.25,0.0,3,2.093494266591904
5083,108.75,-1.25,1.25,0.0,3,2.5383973561515614
5084,111.25,-1.25,1.25,1.0,0,1.8549468394537425
5085,113.75,-1.25,1.25,1.0,0,1.1662764455968615
5086,116.25,-1.25,1.25,0.0,3,0.7749408956195295
5087,118.75,-1.25,1.25,0.0,3,1.6763981957829617
5088,121.25,-1.25,1.25,0.0,2,7.039968571370937
5089,123.75,-1.25,1.25,0.0,2,6.86555147025749
5090,126.25,-1.25,1.25,0.0,2,6.001020538141651
5091,128.75,-1.25,1.25,0.0,2,7.291238553796517
5092,131.25,-1.25,1.25,0.0,2,7.296146238123219
5093,133.75,-1.25,1.25,0.0,2,7.3833665235461865
5094,136.25,-1.25,1.25,0.0,2,8.586271391892856
5095,138.75,-1.25,1.25,0.0,2,9.1123085909934
5096,141.25,-1.25,1.25,0.0,2,7.070159052975777
5097,143.75,-1.25,1.25,0.0,2,5.856700542270196
5098,146.25,-1.25,1.25,0.0,2,6.707951895797959
5099,148.75,-1.25,1.25,0.0,2,6.6484616133713805
5100,151.25,-1.25,1.25,0.0,2,7.477760226882366
5101,153.75,-1.25,1.25,0.0,2,7.304901961204007
5102,156.25,-1.25,1.25,0.0,2,7.5615695791640105
5103,158.75,-1.25,1.25,0.0,2,7.739026542992595
5104,161.25,-1.25,1.25,0.0,2,7.504507159524828
5105,163.75,-1.25,1.25,0.0,2,7.415093884527393
5106,166.25,-1.25,1.25,0.0,2,7.640951213310657
5107,168.75,-1.25,1.25,0.0,2,7.267491253679508
5108,171.25,-1.25,1.25,0.0,2,6.969357036728311
5109,173.75,-1.25,1.25,0.0,2,6.986366510849104
5110,176.25,-1.25,1.25,0.0,2,6.416287622927603
5111,178.75,-1.25,1.25,0.0,2,5.991401423565648
5112,181.25,-1.25,1.25,0.0,2,5.772799412186593
5113,183.75,-1.25,1.25,0.0,2,5.6914492612515435
5114,186.25,-1.25,1.25,0.0,2,5.68821828216589
5115,188.75,-1.25,1.25,0.0,2,5.267175327850284
5116,191.25,-1.25,1.25,0.0,2,5.585373706439695
5117,193.75,-1.25,1.25,0.0,2,6.382551883334104
5118,196.25,-1.25,1.25,0.0,2,6.328454729289246
5119,198.75,-1.25,1.25,0.0,2,6.8515816739753514
5120,201.25,-1.25,1.25,0.0,2,7.3545462646299695
5121,203.75,-1.25,1.25,0.0,2,7.723409140221772
5122,206.25,-1.25,1.25,0.0,2,8.035376099074544
5123,208.75,-1.25,1.25,0.0,2,8.268558409427548
5124,211.25,-1.25,1.25,0.0,2,8.36953774876801
5125,213.75,-1.25,1.25,0.0,2,8.205463170643892
5126,216.25,-1.25,1.25,0.0,2,8.851539434775384
5127,218.75,-1.25,1.25,0.0,2,8.480585581181831
5128,221.25,-1.25,1.25,0.0,2,7.548725937098974
5129,223.75,-1.25,1.25,0.0,2,6.553651867856363
5130,226.25,-1.25,1.25,0.0,2,5.592882502666124
5131,228.75,-1.25,1.25,0.0,2,5.024377092856411
5132,231.25,-1.25,1.25,0.0,2,4.787611364799551
5133,233.75,-1.25,1.25,0.0,2,3.1741534589136378
5134,236.25,-1.25,1.25,0.0,2,2.282694991413349
5135,238.75,-1.25,1.25,0.0,2,1.0461536245361953
5136,241.25,-1.25,1.25,0.0,2,0.2620743851074146
5137,243.75,-1.25,1.25,0.0,2,-0.6770326455147271
5138,246.25,-1.25,1.25,0.0,2,-1.64333118988017
5139,248.75,-1.25,1.25,0.0,2,-2.4140530232180137
5140,251.25,-1.25,1.25,0.0,2,-3.1796180991202365
5141,253.75,-1.25,1.25,0.0,2,-4.141553299492273
5142,256.25,-1.25,1.25,0.0,2,-4.52001550210479
5143,258.75,-1.25,1.25,0.0,2,-6.138210582756266
5144,261.25,-1.25,1.25,0.0,2,-6.717289827963735
5145,263.75,-1.25,1.25,0.0,2,-8.741204813985883
5146,266.25,-1.25,1.25,0.0,2,-9.424338887470084
5147,268.75,-1.25,1.25,0.0,2,-10.246937646851695
5148,271.25,-1.25,1.25,0.0,2,-10.353296129171794
5149,273.75,-1.25,1.25,0.0,2,-9.8067114572401
5150,276.25,-1.25,1.25,0.0,2,-8.675248232996001
5151,278.75,-1.25,1.25,0.0,2,-3.203952537884699
5152,281.25,-1.25,1.25,1.0,0,2.779393302569492
5153,283.75,-1.25,1.25,1.0,0,-43.70024929916065
5154,286.25,-1.25,1.25,1.0,0,-56.56005453661065
5155,288.75,-1.25,1.25,1.0,0,-58.38243492070064
5156,291.25,-1.25,1.25,1.0,0,-61.82789076727434
5157,293.75,-1.25,1.25,1.0,0,-64.19342529840652
5158,296.25,-1.25,1.25,1.0,0,-61.816054400368806
5159,298.75,-1.25,1.25,1.0,0,-54.79860190699915
5160,301.25,-1.25,1.25,1.0,0,-40.56406619028406
5161,303.75,-1.25,1.25,1.0,0,-26.20545149710567
5162,306.25,-1.25,1.25,1.0,0,-20.369426038035762
5163,308.75,-1.25,1.25,1.0,0,-15.749995743999586
5164,311.25,-1.25,1.25,0.0,1,-10.913246816649405
5165,313.75,-1.25,1.25,0.0,1,-6.687363583338388
5166,316.25,-1.25,1.25,0.0,1,-3.23661662000651
5167,318.75,-1.25,1.25,0.0,1,0.26034683343104154
5168,321.25,-1.25,1.25,0.0,1,4.228313842711967
5169,323.75,-1.25,1.25,0.0,1,7.2045725092162165
5170,326.25,-1.25,1.25,0.0,1,8.365725053555131
5171,328.75,-1.25,1.25,0.0,1,8.770898019305053
5172,331.25,-1.25,1.25,0.0,1,8.672329815520754
5173,333.75,-1.25,1.25,0.0,1,8.482103739048084
5174,336.25,-1.25,1.25,0.0,1,8.729910209895655
5175,338.75,-1.25,1.25,0.0,1,8.883334637571968
5176,341.25,-1.25,1.25,0.0,1,8.842077847516519
5177,343.75,-1.25,1.25,0.0,1,8.85184425568026
5178,346.25,-1.25,1.25,0.0,1,8.321046567172289
5179,348.75,-1.25,1.25,0.0,1,8.789264345328512
5180,351.25,-1.25,1.25,0.0,1,6.810866338046007
5181,353.75,-1.25,1.25,0.0,1,6.68987192724592
5182,356.25,-1.25,1.25,0.0,1,5.802939672980542
5183,358.75,-1.25,1.25,0.0,1,4.9702510608135055
5184,1.25,1.25,1.25,0.0,1,0.8651381817519541
5185,3.75,1.25,1.25,0.0,1,0.4411720278211201
5186,6.25,1.25,1.25,0.0,1,0.40767130351709924
5187,8.75,1.25,1.25,0.0,1,0.4380644339310398
5188,11.25,1.25,1.25,1.0,0,2.2335657400864375
5189,13.75,1.25,1.25,1.0,0,2.2123027220415628
5190,16.25,1.25,1.25,1.0,0,0.2083524230654657
5191,18.75,1.25,1.25,1.0,0,-1.8904841316808378
5192,21.25,1.25,1.25,1.0,0,-1.4490421612887388
5193,23.75,1.25,1.25,1.0,0,-0.5129230830814968
5194,26.25,1.25,1.25,1.0,0,1.9925733386391202
5195,28.75,1.25,1.25,1.0,0,10.815633029273885
5196,31.25,1.25,1.25,1.0,0,26.596966038849207
5197,33.75,1.25,1.25,1.0,0,30.88908693071513
5198,36.25,1.25,1.25,1.0,0,-27.024357392120056
5199,38.75,1.25,1.25,1.0,0,-36.30095856624673
5200,41.25,1.25,1.25,1.0,0,-31.978451339915203
5201,43.75,1.25,1.25,0.0,3,-32.62510302089471
5202,46.25,1.25,1.25,0.0,3,-37.699030766476895
5203,48.75,1.25,1.25,0.0,3,-41.52743720244886
5204,51.25,1.25,1.25,0.0,3,-43.0518292471648
5205,53.75,1.25,1.25,0.0,3,-44.71053362860698
5206,56.25,1.25,1.25,0.0,3,-45.06553586075294
5207,58.75,1.25,1.25,0.0,3,-44.09419204354123
5208,61.25,1.25,1.25,0.0,3,-40.99027339644039
5209,63.75,1.25,1.25,0.0,3,-38.38150292005
5210,66.25,1.25,1.25,0.0,3,-35.85911241850304
5211,68.75,1.25,1.25,0.0,3,-33.49331341497726
5212,71.25,1.25,1.25,0.0,3,-30.638851984733414
5213,73.75,1.25,1.25,0.0,3,-26.394020693645132
5214,76.25,1.25,1.25,0.0,3,-21.771127062789784
5215,78.75,1.25,1.25,0.0,3,-18.483325328592564
5216,81.25,1.25,1.25,0.0,3,-16.02552099941698
5217,83.75,1.25,1.25,0.0,3,-12.895772885642993
5218,86.25,1.25,1.25,0.0,3,-9.592673069157927
5219,88.75,1.25,1.25,0.0,3,-6.705117603950129
5220,91.25,1.25,1.25,0.0,3,-4.663421506746096
5221,93.75,1.25,1.25,0.0,3,-3.5230020435346243
5222,96.25,1.25,1.25,0.0,3,-2.6969916429390137
5223,98.75,1.25,1.25,0.0,3,-1.1350843919009526
5224,101.25,1.25,1.25,1.0,0,-1.4673259585358058
5225,103.75,1.25,1.25,0.0,3,-0.6446400607660457
5226,106.25,1.25,1.25,0.0,3,-0.5690899565460671
5227,108.75,1.25,1.25,0.0,3,-2.5224202928882256
5228,111.25,1.25,1.25,1.0,0,-1.3537264553477844
5229,113.75,1.25,1.25,1.0,0,1.943950615282466
5230,116.25,1.25,1.25,1.0,0,2.910784125722465
5231,118.75,1.25,1.25,0.0,3,0.45840481099319386
5232,121.25,1.25,1.25,0.0,2,1.4308112458836744
5233,123.75,1.25,1.25,0.0,2,4.056920757416168
5234,126.25,1.25,1.25,0.0,2,5.656632586945356
5235,128.75,1.25,1.25,0.0,2,6.336802817945154
5236,131.25,1.25,1.25,0.0,2,7.417838508259864
5237,133.75,1.25,1.25,0.0,2,6.797569919491499
5238,136.25,1.25,1.25,0.0,2,5.601693147990615
5239,138.75,1.25,1.25,0.0,2,5.471793388050566
5240,141.25,1.25,1.25,0.0,2,6.404541337655591
5241,143.75,1.25,1.25,0.0,2,6.806245430237555
5242,146.25,1.25,1.25,0.0,2,7.656341510211543
5243,148.75,1.25,1.25,0.0,2,7.04932693281579
5244,151.25,1.25,1.25,0.0,2,6.792520021414961
5245,153.75,1.25,1.25,0.0,2,7.088847872764426
5246,156.25,1.25,1.25,0.0,2,7.0819753904585125
5247,158.75,1.25,1.25,0.0,2,7.140198546142994
5248,161.25,1.25,1.25,0.0,2,7.265373508534116
5249,163.75,1.25,1.25,0.0,2,7.027020896687191
5250,166.25,1.25,1.25,0.0,2,7.200173937279738
5251,168.75,1.25,1.25,0.0,2,7.353771489589042
5252,171.25,1.25,1.25,0.0,2,6.824977197058377
5253,173.75,1.25,1.25,0.0,2,6.52219479604067
5254,176.25,1.25,1.25,0.0,2,6.2941806238116085
5255,178.75,1.25,1.25,0.0,2,6.189682796755277
5256,181.25,1.25,1.25,0.0,2,5.788114449315903
5257,183.75,1.25,1.25,0.0,2,5.343368887547794
5258,186.25,1.25,1.25,0.0,2,5.5048802644573245
5259,188.75,1.25,1.25,0.0,2,5.886056563852858
5260,191.25,1.25,1.25,0.0,2,5.280217380214246
5261,193.75,1.25,1.25,0.0,2,5.555716814995517
5262,196.25,1.25,1.25,0.0,2,5.713088182728613
5263,198.75,1.25,1.25,0.0,2,5.725917157259201
5264,201.25,1.25,1.25,0.0,2,5.9136712777612965
5265,203.75,1.25,1.25,0.0,2,6.34506706618841
5266,206.25,1.25,1.25,0.0,2,6.700827876479992
5267,208.75,1.25,1.25,0.0,2,6.707768192633696
5268,211.25,1.25,1.25,0.0,2,6.749620526638198
5269,213.75,1.25,1.25,0.0,2,7.2112669200946105
5270,216.25,1.25,1.25,0.0,2,6.167497042005013
5271,218.75,1.25,1.25,0.0,2,5.535744705502561
5272,221.25,1.25,1.25,0.0,2,5.099255468573042
5273,223.75,1.25,1.25,0.0,2,4.796413239390375
5274,226.25,1.25,1.25,0.0,2,4.058130330594602
5275,228.75,1.25,1.25,0.0,2,2.8634025038717024
5276,231.25,1.25,1.25,0.0,2,1.6829159737744857
5277,233.75,1.25,1.25,0.0,2,0.4613640745923773
5278,236.25,1.25,1.25,0.0,2,-0.9966706530103191
5279,238.75,1.25,1.25,0.0,2,-2.1642423979045367
5280,241.25,1.25,1.25,0.0,2,-3.1514287178926597
5281,243.75,1.25,1.25,0.0,2,-3.9410774973769684
5282,246.25,1.25,1.25,0.0,2,-5.58242233807505
5283,248.75,1.25,1.25,0.0,2,-7.2787971692150615
5284,251.25,1.25,1.25,0.0,2,-8.552409065043241
5285,253.75,1.25,1.25,0.0,2,-9.710234820773994
5286,256.25,1.25,1.25,0.0,2,-10.354213859575884
5287,258.75,1.25,1.25,0.0,2,-11.295268302766129
5288,261.25,1.25,1.25,0.0,2,-11.878207253984575
5289,263.75,1.25,1.25,0.0,2,-12.783463363959735
5290,266.25,1.25,1.25,0.0,2,-12.476138951160758
5291,268.75,1.25,1.25,0.0,2,-12.257672894074403
5292,271.25,1.25,1.25,0.0,2,-12.184064498715063
5293,273.75,1.25,1.25,0.0,2,-11.613657423392599
5294,276.25,1.25,1.25,0.0,2,-10.52434958511585
5295,278.75,1.25,1.25,0.0,2,-10.086475057031873
5296,281.25,1.25,1.25,1.0,0,-2.980839239971815
5297,283.75,1.25,1.25,1.0,0,-27.849581367571965
5298,286.25,1.25,1.25,1.0,0,-47.72564185706588
5299,288.75,1.25,1.25,1.0,0,-53.526952265825386
5300,291.25,1.25,1.25,1.0,0,-55.874538356433035
5301,293.75,1.25,1.25,1.0,0,-56.59222453409536
5302,296.25,1.25,1.25,1.0,0,-52.885328224080986
5303,298.75,1.25,1.25,1.0,0,-43.83181049630862
5304,301.25,1.25,1.25,1.0,0,-33.48679527133938
5305,303.75,1.25,1.25,1.0,0,-29.657284230110065
5306,306.25,1.25,1.25,1.0,0,-18.262433163714533
5307,308.75,1.25,1.25,1.0,0,-10.323280196639857
5308,311.25,1.25,1.25,0.0,1,-5.693261600063995
5309,313.75,1.25,1.25,0.0,1,-3.329554182442283
5310,316.25,1.25,1.25,0.0,1,-1.4460294040590798
5311,318.75,1.25,1.25,0.0,1,0.10746688872490097
5312,321.25,1.25,1.25,0.0,1,0.44706226296713225
5313,323.75,1.25,1.25,0.0,1,0.9574351615264846
5314,326.25,1.25,1.25,0.0,1,1.7406195310942576
5315,328.75,1.25,1.25,0.0,1,2.411957308029481
5316,331.25,1.25,1.25,0.0,1,2.6234375097587606
5317,333.75,1.25,1.25,0.0,1,2.580505769076278
5318,336.25,1.25,1.25,0.0,1,2.76598243781127
5319,338.75,1.25,1.25,0.0,1,3.108358254095051
5320,341.25,1.25,1.25,0.0,1,3.2656493629456906
5321,343.75,1.25,1.25,0.0,1,3.086341490152855
5322,346.25,1.25,1.25,0.0,1,2.8990911061741658
5323,348.75,1.25,1.25,0.0,1,3.2233885476230864
5324,351.25,1.25,1.25,0.0,1,3.3676155325274095
5325,353.75,1.25,1.25,0.0,1,3.30930226884374
5326,356.25,1.25,1.25,0.0,1,2.753253949333296
5327,358.75,1.25,1.25,0.0,1,1.774317360108816
5328,1.25,3.75,3.75,0.0,1,-2.0106674581103574
5329,3.75,3.75,3.75,0.0,1,-2.099308963857137
5330,6.25,3.75,3.75,0.0,1,-1.4819757990645441
5331,8.75,3.75,3.75,0.0,1,0.8540848582124024
5332,11.25,3.75,3.75,1.0,0,1.6590303761857665
5333,13.75,3.75,3.75,1.0,0,-1.5402555780982372
5334,16.25,3.75,3.75,1.0,0,-3.3686697994423302
5335,18.75,3.75,3.75,1.0,0,-3.696459160885275
5336,21.25,3.75,3.75,1.0,0,-2.8262260919121953
5337,23.75,3.75,3.75,1.0,0,-0.9151954845586595
5338,26.25,3.75,3.75,1.0,0,0.5976569951920082
5339,28.75,3.75,3.75,1.0,0,3.806958209668578
5340,31.25,3.75,3.75,1.0,0,20.29016927447838
5341,33.75,3.75,3.75,1.0,0,31.627476902527256
5342,36.25,3.75,3.75,1.0,0,-23.190729405038017
5343,38.75,3.75,3.75,1.0,0,-32.53898621445682
5344,41.25,3.75,3.75,1.0,0,-33.7155466405601
5345,43.75,3.75,3.75,1.0,0,-38.30978523755669
5346,46.25,3.75,3.75,1.0,0,-43.11499431568509
5347,48.75,3.75,3.75,0.0,3,-45.62426403577055
5348,51.25,3.75,3.75,0.0,3,-48.06779467773963
5349,53.75,3.75,3.75,0.0,3,-49.698694872917464
5350,56.25,3.75,3.75,0.0,3,-47.937518120333166
5351,58.75,3.75,3.75,0.0,3,-44.961914117083566
5352,61.25,3.75,3.75,0.0,3,-43.08909785426587
5353,63.75,3.75,3.75,0.0,3,-40.49910100201976
5354,66.25,3.75,3.75,0.0,3,-36.91152324553686
5355,68.75,3.75,3.75,0.0,3,-32.80520143886154
5356,71.25,3.75,3.75,0.0,3,-28.684052364068513
5357,73.75,3.75,3.75,0.0,3,-25.032929427867142
5358,76.25,3.75,3.75,0.0,3,-22.42208995093903
5359,78.75,3.75,3.75,0.0,3,-20.05655177003831
5360,81.25,3.75,3.75,0.0,3,-15.569609336429819
5361,83.75,3.75,3.75,0.0,3,-10.988210221462154
5362,86.25,3.75,3.75,0.0,3,-8.01377212189135
5363,88.75,3.75,3.75,0.0,3,-5.864877352878189
5364,91.25,3.75,3.75,0.0,3,-4.851156965753601
5365,93.75,3.75,3.75,0.0,3,-5.032738666762393
5366,96.25,3.75,3.75,0.0,3,-4.8008651623262715
5367,98.75,3.75,3.75,0.0,3,-1.3536558860036194
5368,101.25,3.75,3.75,1.0,0,1.281032924746564
5369,103.75,3.75,3.75,0.0,3,-0.0804493548035951
5370,106.25,3.75,3.75,0.0,3,0.025297180849316328
5371,108.75,3.75,3.75,0.0,3,-1.1113154904530833
5372,111.25,3.75,3.75,0.0,3,-0.4550281287568811
5373,113.75,3.75,3.75,0.0,3,1.4852220262331903
5374,116.25,3.75,3.75,1.0,0,2.5858855120817195
5375,118.75,3.75,3.75,0.0,3,2.1053224832581723
5376,121.25,3.75,3.75,0.0,2,1.96213545521663
5377,123.75,3.75,3.75,0.0,2,3.013664569339551
5378,126.25,3.75,3.75,0.0,2,5.545332537439207
5379,128.75,3.75,3.75,0.0,2,6.3799436190911125
5380,131.25,3.75,3.75,0.0,2,7.017994987801614
5381,133.75,3.75,3.75,0.0,2,7.19624090512391
5382,136.25,3.75,3.75,0.0,2,6.727598848764866
5383,138.75,3.75,3.75,0.0,2,6.361823621173772
5384,141.25,3.75,3.75,0.0,2,6.791855248273614
5385,143.75,3.75,3.75,0.0,2,6.7756495384955855
5386,146.25,3.75,3.75,0.0,2,6.138280469093733
5387,148.75,3.75,3.75,0.0,2,6.692129676065687
5388,151.25,3.75,3.75,0.0,2,6.1143458697752
5389,153.75,3.75,3.75,0.0,2,6.225941891526197
5390,156.25,3.75,3.75,0.0,2,6.309441012199017
5391,158.75,3.75,3.75,0.0,2,6.223135840276759
5392,161.25,3.75,3.75,0.0,2,6.121377579543439
5393,163.75,3.75,3.75,0.0,2,6.121745174799198
5394,166.25,3.75,3.75,0.0,2,6.23483883020653
5395,168.75,3.75,3.75,0.0,2,6.287184745337678
5396,171.25,3.75,3.75,0.0,2,6.345740541805516
5397,173.75,3.75,3.75,0.0,2,6.388663334140605
5398,176.25,3.75,3.75,0.0,2,6.425606504372122
5399,178.75,3.75,3.75,0.0,2,6.23903988367707
5400,181.25,3.75,3.75,0.0,2,6.199722115899821
5401,183.75,3.75,3.75,0.0,2,6.247230374081566
5402,186.25,3.75,3.75,0.0,2,6.0575734565012205
5403,188.75,3.75,3.75,0.0,2,6.3188217288968955
5404,191.25,3.75,3.75,0.0,2,6.722959439372813
5405,193.75,3.75,3.75,0.0,2,6.448595862952882
5406,196.25,3.75,3.75,0.0,2,6.913559469974068
5407,198.75,3.75,3.75,0.0,2,7.288447185892421
5408,201.25,3.75,3.75,0.0,2,7.3304678150016525
5409,203.75,3.75,3.75,0.0,2,7.126689713364411
5410,206.25,3.75,3.75,0.0,2,6.950525689462246
5411,208.75,3.75,3.75,0.0,2,6.810386144191385
5412,211.25,3.75,3.75,0.0,2,6.009380217679759
5413,213.75,3.75,3.75,0.0,2,5.288686813767304
5414,216.25,3.75,3.75,0.0,2,4.640827348386392
5415,218.75,3.75,3.75,0.0,2,4.245892457414491
5416,221.25,3.75,3.75,0.0,2,3.0356521064232553
5417,223.75,3.75,3.75,0.0,2,1.8796881681671291
5418,226.25,3.75,3.75,0.0,2,0.9121372747549615
5419,228.75,3.75,3.75,0.0,2,-0.2444872391311917
5420,231.25,3.75,3.75,0.0,2,-1.628296352243137
5421,233.75,3.75,3.75,0.0,2,-2.35255463685734
5422,236.25,3.75,3.75,0.0,2,-3.859147645144782
5423,238.75,3.75,3.75,0.0,2,-4.7538609757864485
5424,241.25,3.75,3.75,0.0,2,-6.6341440606657995
5425,243.75,3.75,3.75,0.0,2,-8.007868416107275
5426,246.25,3.75,3.75,0.0,2,-8.977553315090843
5427,248.75,3.75,3.75,0.0,2,-9.695568827858757
5428,251.25,3.75,3.75,0.0,2,-10.3886277781524
5429,253.75,3.75,3.75,0.0,2,-11.19869348564285
5430,256.25,3.75,3.75,0.0,2,-11.928900222725982
5431,258.75,3.75,3.75,0.0,2,-12.184364911058019
5432,261.25,3.75,3.75,0.0,2,-12.263046729407915
5433,263.75,3.75,3.75,0.0,2,-12.055967108671531
5434,266.25,3.75,3.75,0.0,2,-12.27429268870113
5435,268.75,3.75,3.75,0.0,2,-12.150810546776134
5436,271.25,3.75,3.75,0.0,2,-12.093669386267456
5437,273.75,3.75,3.75,0.0,2,-12.248910654243623
5438,276.25,3.75,3.75,0.0,2,-11.963702450068608
5439,278.75,3.75,3.75,0.0,2,-10.716474212151551
5440,281.25,3.75,3.75,0.0,1,-7.799915015239238
5441,283.75,3.75,3.75,1.0,0,-8.637432904108543
5442,286.25,3.75,3.75,1.0,0,-34.24159956770014
5443,288.75,3.75,3.75,1.0,0,-45.77381371621597
5444,291.25,3.75,3.75,1.0,0,-49.31559699414333
5445,293.75,3.75,3.75,1.0,0,-48.238363582563835
5446,296.25,3.75,3.75,1.0,0,-43.101722601862505
5447,298.75,3.75,3.75,1.0,0,-35.62943379651144
5448,301.25,3.75,3.75,1.0,0,-29.58515091132806
5449,303.75,3.75,3.75,1.0,0,-24.647988810373747
5450,306.25,3.75,3.75,1.0,0,-15.953102517572317
5451,308.75,3.75,3.75,0.0,1,-10.772613711796792
5452,311.25,3.75,3.75,0.0,1,-6.796409440151047
5453,313.75,3.75,3.75,0.0,1,-5.77638667772393
5454,316.25,3.75,3.75,0.0,1,-5.511416510371415
5455,318.75,3.75,3.75,0.0,1,-5.123583751642612
5456,321.25,3.75,3.75,0.0,1,-5.542419960171031
5457,323.75,3.75,3.75,0.0,1,-4.842972565899192
5458,326.25,3.75,3.75,0.0,1,-4.899153703696685
5459,328.75,3.75,3.75,0.0,1,-4.175781134503391
5460,331.25,3.75,3.75,0.0,1,-3.6695161226787065
5461,333.75,3.75,3.75,0.0,1,-2.833029533804028
5462,336.25,3.75,3.75,0.0,1,-1.5901063679050729
5463,338.75,3.75,3.75,0.0,1,-0.87151519978111
5464,341.25,3.75,3.75,0.0,1,-0.8690492706728972
5465,343.75,3.75,3.75,0.0,1,-0.8775389232534438
5466,346.25,3.75,3.75,0.0,1,-0.7556427372806895
5467,348.75,3.75,3.75,0.0,1,-0.44755213418287726
5468,351.25,3.75,3.75,0.0,1,0.6504135857336227
5469,353.75,3.75,3.75,0.0,1,-0.4464304947349414
5470,356.25,3.75,3.75,0.0,1,-0.6478315359722308
5471,358.75,3.75,3.75,0.0,1,-1.3292461503971635
5472,1.25,6.25,6.25,0.0,1,-8.640617098945786
5473,3.75,6.25,6.25,0.0,1,-8.48704933723674
5474,6.25,6.25,6.25,1.0,0,-8.056838130282504
5475,8.75,6.25,6.25,1.0,0,-5.498042682065036
5476,11.25,6.25,6.25,1.0,0,-3.315259743869697
5477,13.75,6.25,6.25,1.0,0,-5.8039813123354165
5478,16.25,6.25,6.25,1.0,0,-6.9179692215219974
5479,18.75,6.25,6.25,1.0,0,-5.795919026209761
5480,21.25,6.25,6.25,1.0,0,-3.76359428616825
5481,23.75,6.25,6.25,1.0,0,-1.3323629949881675
5482,26.25,6.25,6.25,1.0,0,-1.3245912564241975
5483,28.75,6.25,6.25,1.0,0,-1.602246205152848
5484,31.25,6.25,6.25,1.0,0,14.610679583846927
5485,33.75,6.25,6.25,1.0,0,35.74151273985649
5486,36.25,6.25,6.25,1.0,0,7.61025601910393
5487,38.75,6.25,6.25,1.0,0,-23.76509404892757
5488,41.25,6.25,6.25,1.0,0,-43.9787057564474
5489,43.75,6.25,6.25,1.0,0,-51.30812040719122
5490,46.25,6.25,6.25,1.0,0,-52.05537954187884
5491,48.75,6.25,6.25,1.0,0,-52.88115111239048
5492,51.25,6.25,6.25,0.0,3,-54.57990092573915
5493,53.75,6.25,6.25,0.0,3,-53.1480697403988
5494,56.25,6.25,6.25,0.0,3,-51.99416535244553
5495,58.75,6.25,6.25,0.0,3,-49.517418558656466
5496,61.25,6.25,6.25,0.0,3,-45.68209938928414
5497,63.75,6.25,6.25,0.0,3,-40.11088851840172
5498,66.25,6.25,6.25,0.0,3,-34.956312501445915
5499,68.75,6.25,6.25,0.0,3,-30.023571996415974
5500,71.25,6.25,6.25,0.0,3,-25.140057750778233
5501,73.75,6.25,6.25,0.0,3,-20.869565906288717
5502,76.25,6.25,6.25,0.0,3,-16.678716137882937
5503,78.75,6.25,6.25,0.0,3,-13.448570541960525
5504,81.25,6.25,6.25,0.0,3,-9.694394324404195
5505,83.75,6.25,6.25,0.0,3,-6.869373976180777
5506,86.25,6.25,6.25,0.0,3,-5.584791945705232
5507,88.75,6.25,6.25,0.0,3,-4.259373431559435
5508,91.25,6.25,6.25,0.0,3,-3.012803116674805
5509,93.75,6.25,6.25,0.0,3,-2.5630712831820954
5510,96.25,6.25,6.25,0.0,3,-2.620226942377809
5511,98.75,6.25,6.25,0.0,3,-1.4176201643924544
5512,101.25,6.25,6.25,0.0,3,0.3509075473295756
5513,103.75,6.25,6.25,0.0,3,-0.816423050474887
5514,106.25,6.25,6.25,0.0,3,-1.1030336318285432
5515,108.75,6.25,6.25,0.0,3,-0.9539696129784403
5516,111.25,6.25,6.25,0.0,3,-0.3062966349796593
5517,113.75,6.25,6.25,0.0,3,0.38449941513979435
5518,116.25,6.25,6.25,1.0,0,0.5505998658139234
5519,118.75,6.25,6.25,0.0,3,0.2686955527909535
5520,121.25,6.25,6.25,0.0,2,0.8275973301509445
5521,123.75,6.25,6.25,0.0,2,2.355367582866392
5522,126.25,6.25,6.25,0.0,2,4.3886403812183845
5523,128.75,6.25,6.25,0.0,2,6.47661224871491
5524,131.25,6.25,6.25,0.0,2,7.150814880915271
5525,133.75,6.25,6.25,0.0,2,6.738629643640455
5526,136.25,6.25,6.25,0.0,2,6.294101348997599
5527,138.75,6.25,6.25,0.0,2,6.015628404113754
5528,141.25,6.25,6.25,0.0,2,5.5153263487733
5529,143.75,6.25,6.25,0.0,2,5.649677288626489
5530,146.25,6.25,6.25,0.0,2,4.852688159911167
5531,148.75,6.25,6.25,0.0,2,4.618654058569371
5532,151.25,6.25,6.25,0.0,2,4.064184987127217
5533,153.75,6.25,6.25,0.0,2,3.7968532360513505
5534,156.25,6.25,6.25,0.0,2,3.8130302826039983
5535,158.75,6.25,6.25,0.0,2,3.8190184482758434
5536,161.25,6.25,6.25,0.0,2,3.7679104367329495
5537,163.75,6.25,6.25,0.0,2,3.8352767932647827
5538,166.25,6.25,6.25,0.0,2,3.9040934556143965
5539,168.75,6.25,6.25,0.0,2,3.637794967105964
5540,171.25,6.25,6.25,0.0,2,3.8102726952186234
5541,173.75,6.25,6.25,0.0,2,3.7325734805367414
5542,176.25,6.25,6.25,0.0,2,4.034968965633459
5543,178.75,6.25,6.25,0.0,2,4.055209565138604
5544,181.25,6.25,6.25,0.0,2,4.069423423519256
5545,183.75,6.25,6.25,0.0,2,4.359211844023809
5546,186.25,6.25,6.25,0.0,2,4.743993888711651
5547,188.75,6.25,6.25,0.0,2,4.952313540625843
5548,191.25,6.25,6.25,0.0,2,5.44771775746707
5549,193.75,6.25,6.25,0.0,2,5.5806330696478454
5550,196.25,6.25,6.25,0.0,2,5.538274625469938
5551,198.75,6.25,6.25,0.0,2,5.289433912377003
5552,201.25,6.25,6.25,0.0,2,5.239126840918455
5553,203.75,6.25,6.25,0.0,2,5.1075333702253225
5554,206.25,6.25,6.25,0.0,2,4.7901753216948295
5555,208.75,6.25,6.25,0.0,2,4.437091035943134
5556,211.25,6.25,6.25,0.0,2,3.766491508789897
5557,213.75,6.25,6.25,0.0,2,2.818809983730916
5558,216.25,6.25,6.25,0.0,2,1.9267369993585544
5559,218.75,6.25,6.25,0.0,2,0.8539009360585194
5560,221.25,6.25,6.25,0.0,2,0.27054067422465916
5561,223.75,6.25,6.25,0.0,2,-0.627229283743512
5562,226.25,6.25,6.25,0.0,2,-1.6547619730535352
5563,228.75,6.25,6.25,0.0,2,-2.4002455910459473
5564,231.25,6.25,6.25,0.0,2,-3.0543018944676126
5565,233.75,6.25,6.25,0.0,2,-4.453068490390702
5566,236.25,6.25,6.25,0.0,2,-6.37889687127055
5567,238.75,6.25,6.25,0.0,2,-6.870247092648284
5568,241.25,6.25,6.25,0.0,2,-7.787485622759038
5569,243.75,6.25,6.25,0.0,2,-8.602311011295347
5570,246.25,6.25,6.25,0.0,2,-9.591821985249574
5571,248.75,6.25,6.25,0.0,2,-10.746164257953444
5572,251.25,6.25,6.25,0.0,2,-11.645746431038374
5573,253.75,6.25,6.25,0.0,2,-11.938876569768466
5574,256.25,6.25,6.25,0.0,2,-11.959354352548251
5575,258.75,6.25,6.25,0.0,2,-11.66451787214358
5576,261.25,6.25,6.25,0.0,2,-12.120145183170976
5577,263.75,6.25,6.25,0.0,2,-12.312611705558705
5578,266.25,6.25,6.25,0.0,2,-12.527016323975275
5579,268.75,6.25,6.25,0.0,2,-12.21696395189748
5580,271.25,6.25,6.25,0.0,2,-11.939779260340124
5581,273.75,6.25,6.25,0.0,2,-12.047255691820347
5582,276.25,6.25,6.25,0.0,2,-11.698115950587628
5583,278.75,6.25,6.25,0.0,2,-9.458349035582053
5584,281.25,6.25,6.25,0.0,1,-9.950799705507837
5585,283.75,6.25,6.25,1.0,0,-7.645684435804262
5586,286.25,6.25,6.25,1.0,0,-24.738224550334696
5587,288.75,6.25,6.25,1.0,0,-34.61601661536993
5588,291.25,6.25,6.25,1.0,0,-38.122870946672066
5589,293.75,6.25,6.25,1.0,0,-37.79884114522169
5590,296.25,6.25,6.25,1.0,0,-34.80949601080828
5591,298.75,6.25,6.25,1.0,0,-29.24614691005347
5592,301.25,6.25,6.25,1.0,0,-21.766476912819197
5593,303.75,6.25,6.25,0.0,1,-17.26718827089916
5594,306.25,6.25,6.25,0.0,1,-15.80924895641442
5595,308.75,6.25,6.25,0.0,1,-12.343710338845383
5596,311.25,6.25,6.25,0.0,1,-10.971190548057681
5597,313.75,6.25,6.25,0.0,1,-11.28095701065266
5598,316.25,6.25,6.25,0.0,1,-11.319063539293039
5599,318.75,6.25,6.25,0.0,1,-11.269770676051529
5600,321.25,6.25,6.25,0.0,1,-12.130928860414192
5601,323.75,6.25,6.25,0.0,1,-11.632943892577707
5602,326.25,6.25,6.25,0.0,1,-11.868325848060366
5603,328.75,6.25,6.25,0.0,1,-11.134464775834294
5604,331.25,6.25,6.25,0.0,1,-11.137904456380918
5605,333.75,6.25,6.25,0.0,1,-9.80094470650975
5606,336.25,6.25,6.25,0.0,1,-7.819336074768286
5607,338.75,6.25,6.25,0.0,1,-6.017807326916469
5608,341.25,6.25,6.25,0.0,1,-4.884125049603221
5609,343.75,6.25,6.25,0.0,1,-4.413702477661491
5610,346.25,6.25,6.25,0.0,1,-3.8429592870742835
5611,348.75,6.25,6.25,0.0,1,-1.692443173971011
5612,351.25,6.25,6.25,1.0,0,-2.344615387890102
5613,353.75,6.25,6.25,1.0,0,-5.314684815919571
5614,356.25,6.25,6.25,1.0,0,-6.072890031907111
5615,358.75,6.25,6.25,1.0,0,-7.615096589735872
5616,1.25,8.75,8.75,1.0,0,-15.615411823974267
5617,3.75,8.75,8.75,1.0,0,-14.390402487227407
5618,6.25,8.75,8.75,1.0,0,-13.727967851888016
5619,8.75,8.75,8.75,1.0,0,-11.460774924644394
5620,11.25,8.75,8.75,1.0,0,-12.026910968587778
5621,13.75,8.75,8.75,1.0,0,-16.1999437900229
5622,16.25,8.75,8.75,1.0,0,-16.44883128912949
5623,18.75,8.75,8.75,1.0,0,-12.698447859856133
5624,21.25,8.75,8.75,1.0,0,-11.739659538883217
5625,23.75,8.75,8.75,1.0,0,-14.347352061196856
5626,26.25,8.75,8.75,1.0,0,-17.38118731128729
5627,28.75,8.75,8.75,1.0,0,-14.980445762362926
5628,31.25,8.75,8.75,1.0,0,-0.638681695696011
5629,33.75,8.75,8.75,1.0,0,17.354036640112255
5630,36.25,8.75,8.75,1.0,0,8.133347925940988
5631,38.75,8.75,8.75,1.0,0,-37.90301283473297
5632,41.25,8.75,8.75,1.0,0,-62.93360184877622
5633,43.75,8.75,8.75,1.0,0,-65.64987339300971
5634,46.25,8.75,8.75,1.0,0,-65.41537426465904
5635,48.75,8.75,8.75,1.0,0,-69.75734755140533
5636,51.25,8.75,8.75,0.0,3,-69.8824149994622
5637,53.75,8.75,8.75,0.0,3,-64.76219647652384
5638,56.25,8.75,8.75,0.0,3,-59.908492996259575
5639,58.75,8.75,8.75,0.0,3,-53.303303340283755
5640,61.25,8.75,8.75,0.0,3,-47.69674706533597
5641,63.75,8.75,8.75,0.0,3,-41.240839831466886
5642,66.25,8.75,8.75,0.0,3,-34.27934786020814
5643,68.75,8.75,8.75,0.0,3,-26.905459007474903
5644,71.25,8.75,8.75,0.0,3,-20.806328954902956
5645,73.75,8.75,8.75,0.0,3,-17.1952072581839
5646,76.25,8.75,8.75,0.0,3,-12.5702130192345
5647,78.75,8.75,8.75,0.0,3,-9.989251877668835
5648,81.25,8.75,8.75,0.0,3,-8.020720297533709
5649,83.75,8.75,8.75,0.0,3,-5.867446511651561
5650,86.25,8.75,8.75,0.0,3,-4.688112210766769
5651,88.75,8.75,8.75,0.0,3,-3.655926957229699
5652,91.25,8.75,8.75,0.0,3,-2.6740231838457236
5653,93.75,8.75,8.75,0.0,3,-1.9224607405077967
5654,96.25,8.75,8.75,0.0,3,-1.5383669218222027
5655,98.75,8.75,8.75,1.0,0,-1.7348372843657938
5656,101.25,8.75,8.75,0.0,3,-1.6314498896453846
5657,103.75,8.75,8.75,0.0,3,-2.159984442857535
5658,106.25,8.75,8.75,0.0,3,-2.181740627152034
5659,108.75,8.75,8.75,0.0,3,-2.1394508151338307
5660,111.25,8.75,8.75,0.0,3,-1.9879701779958359
5661,113.75,8.75,8.75,0.0,3,-1.2763704367511133
5662,116.25,8.75,8.75,0.0,3,-0.5265013786015685
5663,118.75,8.75,8.75,0.0,3,-0.6641255742354347
5664,121.25,8.75,8.75,0.0,2,-0.8275924668295079
5665,123.75,8.75,8.75,0.0,2,1.2001828788101585
5666,126.25,8.75,8.75,0.0,2,2.9865892881721194
5667,128.75,8.75,8.75,0.0,2,4.446009248772651
5668,131.25,8.75,8.75,0.0,2,5.703699961702482
5669,133.75,8.75,8.75,0.0,2,5.49378835835957
5670,136.25,8.75,8.75,0.0,2,5.138509459105721
5671,138.75,8.75,8.75,0.0,2,4.956687001614475
5672,141.25,8.75,8.75,0.0,2,3.996272078224108
5673,143.75,8.75,8.75,0.0,2,3.2253266037447794
5674,146.25,8.75,8.75,0.0,2,2.7815615604318507
5675,148.75,8.75,8.75,0.0,2,1.8462928392765876
5676,151.25,8.75,8.75,0.0,2,1.5599464016446483
5677,153.75,8.75,8.75,0.0,2,1.2342351876658004
5678,156.25,8.75,8.75,0.0,2,0.8534144842481046
5679,158.75,8.75,8.75,0.0,2,0.6163472175786003
5680,161.25,8.75,8.75,0.0,2,0.45763898696447586
5681,163.75,8.75,8.75,0.0,2,0.18915470911136245
5682,166.25,8.75,8.75,0.0,2,0.09359224601862329
5683,168.75,8.75,8.75,0.0,2,-0.26584844903448884
5684,171.25,8.75,8.75,0.0,2,-0.012631655994859046
5685,173.75,8.75,8.75,0.0,2,0.2642049029473822
5686,176.25,8.75,8.75,0.0,2,0.5444918817204214
5687,178.75,8.75,8.75,0.0,2,0.934567967749613
5688,181.25,8.75,8.75,0.0,2,1.1957255625976349
5689,183.75,8.75,8.75,0.0,2,1.4448809208191353
5690,186.25,8.75,8.75,0.0,2,1.99531578454847
5691,188.75,8.75,8.75,0.0,2,2.390934124025004
5692,191.25,8.75,8.75,0.0,2,2.25073969358152
5693,193.75,8.75,8.75,0.0,2,2.2799419291428586
5694,196.25,8.75,8.75,0.0,2,2.4233827366146032
5695,198.75,8.75,8.75,0.0,2,2.289971890259266
5696,201.25,8.75,8.75,0.0,2,1.7813582883097214
5697,203.75,8.75,8.75,0.0,2,1.184830936326214
5698,206.25,8.75,8.75,0.0,2,0.5876508020846074
5699,208.75,8.75,8.75,0.0,2,-0.20663334085890117
5700,211.25,8.75,8.75,0.0,2,-1.0919649555260473
5701,213.75,8.75,8.75,0.0,2,-2.6182334846919004
5702,216.25,8.75,8.75,0.0,2,-3.3401590333971503
5703,218.75,8.75,8.75,0.0,2,-4.22583424164864
5704,221.25,8.75,8.75,0.0,2,-4.577646002341671
5705,223.75,8.75,8.75,0.0,2,-5.242546020857329
5706,226.25,8.75,8.75,0.0,2,-6.064293388173873
5707,228.75,8.75,8.75,0.0,2,-6.600713355960835
5708,231.25,8.75,8.75,0.0,2,-6.962705545145507
5709,233.75,8.75,8.75,0.0,2,-7.905824370362814
5710,236.25,8.75,8.75,0.0,2,-8.091956782859052
5711,238.75,8.75,8.75,0.0,2,-9.08309692822806
5712,241.25,8.75,8.75,0.0,2,-9.828794143319053
5713,243.75,8.75,8.75,0.0,2,-10.22764669418196
5714,246.25,8.75,8.75,0.0,2,-10.6813985021652
5715,248.75,8.75,8.75,0.0,2,-11.127088586883016
5716,251.25,8.75,8.75,0.0,2,-11.628088966345578
5717,253.75,8.75,8.75,0.0,2,-12.381268053624995
5718,256.25,8.75,8.75,0.0,2,-13.047578012262159
5719,258.75,8.75,8.75,0.0,2,-12.933946494592846
5720,261.25,8.75,8.75,0.0,2,-12.279384857945889
5721,263.75,8.75,8.75,0.0,2,-12.266743139463465
5722,266.25,8.75,8.75,0.0,2,-12.000285333337638
5723,268.75,8.75,8.75,0.0,2,-11.483101586528772
5724,271.25,8.75,8.75,0.0,2,-11.074577590643266
5725,273.75,8.75,8.75,0.0,2,-10.702246588815719
5726,276.25,8.75,8.75,0.0,2,-9.53666953396438
5727,278.75,8.75,8.75,0.0,2,-7.055929001014365
5728,281.25,8.75,8.75,1.0,0,-11.458812321088743
5729,283.75,8.75,8.75,0.0,1,-13.352087244882133
5730,286.25,8.75,8.75,1.0,0,-19.13505028115936
5731,288.75,8.75,8.75,1.0,0,-24.264857255188943
5732,291.25,8.75,8.75,1.0,0,-26.57490849028728
5733,293.75,8.75,8.75,1.0,0,-26.6809273800766
5734,296.25,8.75,8.75,1.0,0,-25.23422161448896
5735,298.75,8.75,8.75,0.0,1,-22.042673613373122
5736,301.25,8.75,8.75,0.0,1,-17.935600520950736
5737,303.75,8.75,8.75,0.0,1,-16.869982762045964
5738,306.25,8.75,8.75,0.0,1,-17.32566142873218
5739,308.75,8.75,8.75,0.0,1,-16.53530364721665
5740,311.25,8.75,8.75,0.0,1,-17.400156737345853
5741,313.75,8.75,8.75,0.0,1,-17.910034567864948
5742,316.25,8.75,8.75,0.0,1,-17.998574997397313
5743,318.75,8.75,8.75,0.0,1,-18.404202203726467
5744,321.25,8.75,8.75,0.0,1,-19.01750092927827
5745,323.75,8.75,8.75,0.0,1,-18.893628606253344
5746,326.25,8.75,8.75,0.0,1,-19.22858749442357
5747,328.75,8.75,8.75,0.0,1,-18.80659748493503
5748,331.25,8.75,8.75,0.0,1,-18.80905226746514
5749,333.75,8.75,8.75,0.0,1,-17.077521803718348
5750,336.25,8.75,8.75,0.0,1,-14.741732473757274
5751,338.75,8.75,8.75,0.0,1,-12.025656101115269
5752,341.25,8.75,8.75,0.0,1,-9.409838445183413
5753,343.75,8.75,8.75,0.0,1,-7.663189566098469
5754,346.25,8.75,8.75,0.0,1,-6.4978672186531705
5755,348.75,8.75,8.75,1.0,0,-6.896363357109045
5756,351.25,8.75,8.75,1.0,0,-10.906214848038545
5757,353.75,8.75,8.75,1.0,0,-13.77607853094676
5758,356.25,8.75,8.75,1.0,0,-14.494988967190373
5759,358.75,8.75,8.75,1.0,0,-15.662637075751338
5760,1.25,11.25,11.25,1.0,0,-22.72502333754729
5761,3.75,11.25,11.25,1.0,0,-22.33990920943398
5762,6.25,11.25,11.25,1.0,0,-23.54072867923408
5763,8.75,11.25,11.25,1.0,0,-25.866563185288886
5764,11.25,11.25,11.25,1.0,0,-32.8789007494585
5765,13.75,11.25,11.25,1.0,0,-35.486447473716645
5766,16.25,11.25,11.25,1.0,0,-33.344809709526075
5767,18.75,11.25,11.25,1.0,0,-27.280377601484975
5768,21.25,11.25,11.25,1.0,0,-25.74654259773544
5769,23.75,11.25,11.25,1.0,0,-32.873265188205686
5770,26.25,11.25,11.25,1.0,0,-40.37147910421854
5771,28.75,11.25,11.25,1.0,0,-36.14231836458015
5772,31.25,11.25,11.25,1.0,0,-24.789696589420863
5773,33.75,11.25,11.25,1.0,0,-12.52402839904272
5774,36.25,11.25,11.25,1.0,0,-6.221154022313573
5775,38.75,11.25,11.25,1.0,0,-49.06681364373145
5776,41.25,11.25,11.25,1.0,0,-72.32057852196095
5777,43.75,11.25,11.25,0.0,3,-75.38299458589724
5778,46.25,11.25,11.25,0.0,3,-81.09109799718318
5779,48.75,11.25,11.25,0.0,3,-91.77441601498529
5780,51.25,11.25,11.25,0.0,3,-90.43059573532284
5781,53.75,11.25,11.25,0.0,3,-80.19283698113071
5782,56.25,11.25,11.25,0.0,3,-69.91009298518411
5783,58.75,11.25,11.25,0.0,3,-59.781029500029966
5784,61.25,11.25,11.25,0.0,3,-52.427821447170494
5785,63.75,11.25,11.25,0.0,3,-43.89582443190564
5786,66.25,11.25,11.25,0.0,3,-34.70241757002551
5787,68.75,11.25,11.25,0.0,3,-25.47865572863104
5788,71.25,11.25,11.25,0.0,3,-17.981126994920274
5789,73.75,11.25,11.25,0.0,3,-12.122633148728726
5790,76.25,11.25,11.25,0.0,3,-2.295588298915399
5791,78.75,11.25,11.25,1.0,0,0.27173521802273
5792,81.25,11.25,11.25,0.0,3,-3.6870552878625844
5793,83.75,11.25,11.25,0.0,3,-4.77091494479587
5794,86.25,11.25,11.25,0.0,3,-4.4388108778365805
5795,88.75,11.25,11.25,0.0,3,-3.4221785155168547
5796,91.25,11.25,11.25,0.0,3,-2.4490712333665057
5797,93.75,11.25,11.25,0.0,3,-1.717385020107832
5798,96.25,11.25,11.25,0.0,3,-0.8559154305967174
5799,98.75,11.25,11.25,0.0,3,0.5331750434922136
5800,101.25,11.25,11.25,0.0,3,-0.433502200601553
5801,103.75,11.25,11.25,0.0,3,-2.548257784708988
5802,106.25,11.25,11.25,1.0,0,-3.1010635235520043
5803,108.75,11.25,11.25,0.0,3,-4.30309616027464
5804,111.25,11.25,11.25,0.0,3,-5.172894211878678
5805,113.75,11.25,11.25,0.0,3,-4.7531758663593875
5806,116.25,11.25,11.25,0.0,3,-3.339679869625636
5807,118.75,11.25,11.25,0.0,3,-2.2290030524718407
5808,121.25,11.25,11.25,0.0,2,-2.472377174642389
5809,123.75,11.25,11.25,0.0,2,-2.7649663743444766
5810,126.25,11.25,11.25,0.0,2,0.027522749322754655
5811,128.75,11.25,11.25,0.0,2,1.6224538040590453
5812,131.25,11.25,11.25,0.0,2,3.077399603508351
5813,133.75,11.25,11.25,0.0,2,3.6359071140710926
5814,136.25,11.25,11.25,0.0,2,3.5618924022960727
5815,138.75,11.25,11.25,0.0,2,3.1761328682377514
5816,141.25,11.25,11.25,0.0,2,2.404480568678986
5817,143.75,11.25,11.25,0.0,2,1.0262509548307526
5818,146.25,11.25,11.25,0.0,2,0.38340769300044875
5819,148.75,11.25,11.25,0.0,2,-0.6776840940693087
5820,151.25,11.25,11.25,0.0,2,-1.467765932728382
5821,153.75,11.25,11.25,0.0,2,-2.0874795924861065
5822,156.25,11.25,11.25,0.0,2,-2.667782872255054
5823,158.75,11.25,11.25,0.0,2,-3.0619052197787324
5824,161.25,11.25,11.25,0.0,2,-3.3390451476531453
5825,163.75,11.25,11.25,0.0,2,-3.67259564855821
5826,166.25,11.25,11.25,0.0,2,-3.809781354162428
5827,168.75,11.25,11.25,0.0,2,-4.099297476105322
5828,171.25,11.25,11.25,0.0,2,-3.949570765786069
5829,173.75,11.25,11.25,0.0,2,-2.9410277862543985
5830,176.25,11.25,11.25,0.0,2,-2.6685202745458594
5831,178.75,11.25,11.25,0.0,2,-2.406693844163178
5832,181.25,11.25,11.25,0.0,2,-2.0491174338008777
5833,183.75,11.25,11.25,0.0,2,-1.836919327945652
5834,186.25,11.25,11.25,0.0,2,-1.836021680030425
5835,188.75,11.25,11.25,0.0,2,-1.7122528258896599
5836,191.25,11.25,11.25,0.0,2,-1.509300201348029
5837,193.75,11.25,11.25,0.0,2,-1.3951499881556866
5838,196.25,11.25,11.25,0.0,2,-1.676086271756446
5839,198.75,11.25,11.25,0.0,2,-1.974563183670256
5840,201.25,11.25,11.25,0.0,2,-3.014083952249649
5841,203.75,11.25,11.25,0.0,2,-4.196023242410198
5842,206.25,11.25,11.25,0.0,2,-5.4110808192480375
5843,208.75,11.25,11.25,0.0,2,-7.164123528535536
5844,211.25,11.25,11.25,0.0,2,-8.858271968111339
5845,213.75,11.25,11.25,0.0,2,-11.372623671529652
5846,216.25,11.25,11.25,0.0,2,-12.511494345719823
5847,218.75,11.25,11.25,0.0,2,-13.220232729217726
5848,221.25,11.25,11.25,0.0,2,-14.126847714671241
5849,223.75,11.25,11.25,0.0,2,-14.966348120026336
5850,226.25,11.25,11.25,0.0,2,-15.51451260153935
5851,228.75,11.25,11.25,0.0,2,-15.579783981194948
5852,231.25,11.25,11.25,0.0,2,-15.249677443737003
5853,233.75,11.25,11.25,0.0,2,-15.248806386843313
5854,236.25,11.25,11.25,0.0,2,-14.750790238559528
5855,238.75,11.25,11.25,0.0,2,-14.760950687420207
5856,241.25,11.25,11.25,0.0,2,-14.162416799422314
5857,243.75,11.25,11.25,0.0,2,-13.808762947867352
5858,246.25,11.25,11.25,0.0,2,-13.216747576504149
5859,248.75,11.25,11.25,0.0,2,-12.583075186263063
5860,251.25,11.25,11.25,0.0,2,-12.455229720551484
5861,253.75,11.25,11.25,0.0,2,-12.880775428598552
5862,256.25,11.25,11.25,0.0,2,-13.01318509286919
5863,258.75,11.25,11.25,0.0,2,-13.075309274376073
5864,261.25,11.25,11.25,0.0,2,-11.706648315842575
5865,263.75,11.25,11.25,0.0,2,-10.609669981206007
5866,266.25,11.25,11.25,0.0,2,-9.288999355492791
5867,268.75,11.25,11.25,0.0,2,-8.40804953806842
5868,271.25,11.25,11.25,0.0,2,-7.922034607052333
5869,273.75,11.25,11.25,0.0,2,-7.04503475748033
5870,276.25,11.25,11.25,0.0,2,-5.396316958235732
5871,278.75,11.25,11.25,0.0,2,-4.355077135743531
5872,281.25,11.25,11.25,0.0,1,-8.487877825239043
5873,283.75,11.25,11.25,0.0,1,-12.058548046150234
5874,286.25,11.25,11.25,0.0,1,-13.14477526707229
5875,288.75,11.25,11.25,0.0,1,-15.999992989896178
5876,291.25,11.25,11.25,0.0,1,-18.202492687404153
5877,293.75,11.25,11.25,0.0,1,-19.46467537867743
5878,296.25,11.25,11.25,0.0,1,-19.869010436513925
5879,298.75,11.25,11.25,0.0,1,-19.32858800073167
5880,301.25,11.25,11.25,0.0,1,-19.153745379472515
5881,303.75,11.25,11.25,0.0,1,-19.47167997908926
5882,306.25,11.25,11.25,0.0,1,-20.81704052311114
5883,308.75,11.25,11.25,0.0,1,-22.102458278669857
5884,311.25,11.25,11.25,0.0,1,-23.167978467582884
5885,313.75,11.25,11.25,0.0,1,-23.873248761682596
5886,316.25,11.25,11.25,0.0,1,-24.788261762115845
5887,318.75,11.25,11.25,0.0,1,-25.813973783805274
5888,321.25,11.25,11.25,0.0,1,-26.374925166556395
5889,323.75,11.25,11.25,0.0,1,-26.904860674494998
5890,326.25,11.25,11.25,0.0,1,-27.011773322007766
5891,328.75,11.25,11.25,0.0,1,-26.698566356177363
5892,331.25,11.25,11.25,0.0,1,-26.846790749102645
5893,333.75,11.25,11.25,0.0,1,-25.8112854099699
5894,336.25,11.25,11.25,0.0,1,-23.569924216554426
5895,338.75,11.25,11.25,0.0,1,-20.134644386902572
5896,341.25,11.25,11.25,0.0,1,-16.060418667571035
5897,343.75,11.25,11.25,0.0,1,-12.591192834351332
5898,346.25,11.25,11.25,1.0,0,-11.393706694171174
5899,348.75,11.25,11.25,1.0,0,-15.312129841160269
5900,351.25,11.25,11.25,1.0,0,-20.526636329370938
5901,353.75,11.25,11.25,1.0,0,-22.44458120638316
5902,356.25,11.25,11.25,1.0,0,-22.55308486241632
5903,358.75,11.25,11.25,1.0,0,-22.93313227967334
5904,1.25,13.75,13.75,1.0,0,-37.49485395794488
5905,3.75,13.75,13.75,1.0,0,-39.14052259371782
5906,6.25,13.75,13.75,1.0,0,-43.24591110250553
5907,8.75,13.75,13.75,1.0,0,-50.180021738640136
5908,11.25,13.75,13.75,1.0,0,-62.03954657247364
5909,13.75,13.75,13.75,1.0,0,-63.11209788075041
5910,16.25,13.75,13.75,1.0,0,-60.0438698870927
5911,18.75,13.75,13.75,1.0,0,-54.76782887914318
5912,21.25,13.75,13.75,1.0,0,-53.36819289003605
5913,23.75,13.75,13.75,1.0,0,-61.92134183984979
5914,26.25,13.75,13.75,1.0,0,-71.268646895931
5915,28.75,13.75,13.75,1.0,0,-66.49396235339096
5916,31.25,13.75,13.75,1.0,0,-54.38889468147559
5917,33.75,13.75,13.75,1.0,0,-42.48349605003676
5918,36.25,13.75,13.75,1.0,0,-33.997648115828426
5919,38.75,13.75,13.75,1.0,0,-60.644337854695905
5920,41.25,13.75,13.75,0.0,3,-74.24398033860737
5921,43.75,13.75,13.75,0.0,3,-83.89696712985948
5922,46.25,13.75,13.75,0.0,3,-99.54304799613826
5923,48.75,13.75,13.75,0.0,3,-111.24709156427156
5924,51.25,13.75,13.75,0.0,3,-104.62924801697795
5925,53.75,13.75,13.75,0.0,3,-92.42114965664372
5926,56.25,13.75,13.75,0.0,3,-82.34631503909273
5927,58.75,13.75,13.75,0.0,3,-70.31849891554242
5928,61.25,13.75,13.75,0.0,3,-61.0073526908174
5929,63.75,13.75,13.75,0.0,3,-50.500451664913996
5930,66.25,13.75,13.75,0.0,3,-39.92476792557279
5931,68.75,13.75,13.75,0.0,3,-28.874982869058954
5932,71.25,13.75,13.75,0.0,3,-17.587699873474136
5933,73.75,13.75,13.75,0.0,3,-5.64472029586556
5934,76.25,13.75,13.75,1.0,0,9.963094481820907
5935,78.75,13.75,13.75,1.0,0,9.758245568299992
5936,81.25,13.75,13.75,0.0,3,0.4738155078111456
5937,83.75,13.75,13.75,0.0,3,-2.9601477889228196
5938,86.25,13.75,13.75,0.0,3,-3.360136155080269
5939,88.75,13.75,13.75,0.0,3,-3.1905905971553326
5940,91.25,13.75,13.75,0.0,3,-2.62532326436352
5941,93.75,13.75,13.75,0.0,3,-1.6538592175932763
5942,96.25,13.75,13.75,0.0,3,-0.2032233977301205
5943,98.75,13.75,13.75,1.0,0,3.4048745472451367
5944,101.25,13.75,13.75,0.0,3,3.9285422009882836
5945,103.75,13.75,13.75,1.0,0,0.7007472350072352
5946,106.25,13.75,13.75,1.0,0,-2.5194208737477934
5947,108.75,13.75,13.75,0.0,3,-7.857652799189368
5948,111.25,13.75,13.75,0.0,3,-10.48158279006453
5949,113.75,13.75,13.75,0.0,3,-9.927189291930498
5950,116.25,13.75,13.75,0.0,3,-7.861428775264356
5951,118.75,13.75,13.75,0.0,3,-5.673537923647033
5952,121.25,13.75,13.75,0.0,2,-4.508102356172619
5953,123.75,13.75,13.75,0.0,2,-7.7362280003534645
5954,126.25,13.75,13.75,0.0,2,-5.527373196528159
5955,128.75,13.75,13.75,0.0,2,-3.030076365654348
5956,131.25,13.75,13.75,0.0,2,-1.5750792653089292
5957,133.75,13.75,13.75,0.0,2,0.013350928329148989
5958,136.25,13.75,13.75,0.0,2,0.8119342472616204
5959,138.75,13.75,13.75,0.0,2,0.49496150940336653
5960,141.25,13.75,13.75,0.0,2,-0.09511975221052206
5961,143.75,13.75,13.75,0.0,2,-1.256570937667123
5962,146.25,13.75,13.75,0.0,2,-2.472467957692033
5963,148.75,13.75,13.75,0.0,2,-3.285593664572951
5964,151.25,13.75,13.75,0.0,2,-4.336515851891457
5965,153.75,13.75,13.75,0.0,2,-5.2930464408607225
5966,156.25,13.75,13.75,0.0,2,-6.016614615464087
5967,158.75,13.75,13.75,0.0,2,-6.617605080140137
5968,161.25,13.75,13.75,0.0,2,-7.081593091900971
5969,163.75,13.75,13.75,0.0,2,-7.313060162422453
5970,166.25,13.75,13.75,0.0,2,-7.591903948845649
5971,168.75,13.75,13.75,0.0,2,-7.347720130920758
5972,171.25,13.75,13.75,0.0,2,-7.016029857119684
5973,173.75,13.75,13.75,0.0,2,-6.153775416060817
5974,176.25,13.75,13.75,0.0,2,-5.754644312081998
5975,178.75,13.75,13.75,0.0,2,-5.654322621043634
5976,181.25,13.75,13.75,0.0,2,-5.532374982873545
5977,183.75,13.75,13.75,0.0,2,-5.474375780777035
5978,186.25,13.75,13.75,0.0,2,-5.696125843227703
5979,188.75,13.75,13.75,0.0,2,-5.721839415463099
5980,191.25,13.75,13.75,0.0,2,-5.368741060961932
5981,193.75,13.75,13.75,0.0,2,-5.093137336809346
5982,196.25,13.75,13.75,0.0,2,-5.666618147967767
5983,198.75,13.75,13.75,0.0,2,-6.145311300988277
5984,201.25,13.75,13.75,0.0,2,-7.290051701932746
5985,203.75,13.75,13.75,0.0,2,-8.857987346243508
5986,206.25,13.75,13.75,0.0,2,-11.016939018825372
5987,208.75,13.75,13.75,0.0,2,-14.112995719578233
5988,211.25,13.75,13.75,0.0,2,-17.02553149415157
5989,213.75,13.75,13.75,0.0,2,-20.344124646102152
5990,216.25,13.75,13.75,0.0,2,-22.96236394585607
5991,218.75,13.75,13.75,0.0,2,-24.587710079300614
5992,221.25,13.75,13.75,0.0,2,-26.232449899109028
5993,223.75,13.75,13.75,0.0,2,-27.62926300849118
5994,226.25,13.75,13.75,0.0,2,-28.810016986688815
5995,228.75,13.75,13.75,0.0,2,-29.39639915670084
5996,231.25,13.75,13.75,0.0,2,-28.894688561585866
5997,233.75,13.75,13.75,0.0,2,-27.849694080543493
5998,236.25,13.75,13.75,0.0,2,-26.493019711524795
5999,238.75,13.75,13.75,0.0,2,-24.236169152453098
6000,241.25,13.75,13.75,0.0,2,-22.558511189510966
6001,243.75,13.75,13.75,0.0,2,-20.981091100669364
6002,246.25,13.75,13.75,0.0,2,-18.36059528078088
6003,248.75,13.75,13.75,0.0,2,-15.546453245279595
6004,251.25,13.75,13.75,0.0,2,-13.377761760178535
6005,253.75,13.75,13.75,0.0,2,-11.928940530322356
6006,256.25,13.75,13.75,0.0,2,-11.483400095513606
6007,258.75,13.75,13.75,0.0,2,-10.38804299254512
6008,261.25,13.75,13.75,0.0,2,-8.308225653113062
6009,263.75,13.75,13.75,0.0,2,-6.449550364578017
6010,266.25,13.75,13.75,0.0,2,-4.323390221574766
6011,268.75,13.75,13.75,0.0,2,-4.173148183040135
6012,271.25,13.75,13.75,0.0,2,-3.9569137104725756
6013,273.75,13.75,13.75,1.0,0,-2.352719734347517
6014,276.25,13.75,13.75,0.0,2,-1.267897197816469
6015,278.75,13.75,13.75,0.0,2,-2.8715894761984826
6016,281.25,13.75,13.75,0.0,1,-5.739007087331764
6017,283.75,13.75,13.75,0.0,1,-8.799513070534084
6018,286.25,13.75,13.75,0.0,1,-10.49513921858776
6019,288.75,13.75,13.75,0.0,1,-13.322332967174967
6020,291.25,13.75,13.75,0.0,1,-15.852658730541181
6021,293.75,13.75,13.75,0.0,1,-18.043301209263443
6022,296.25,13.75,13.75,0.0,1,-19.77580912613418
6023,298.75,13.75,13.75,0.0,1,-20.728578049987128
6024,301.25,13.75,13.75,0.0,1,-21.80994469490847
6025,303.75,13.75,13.75,0.0,1,-22.763675356164864
6026,306.25,13.75,13.75,0.0,1,-25.079822973607598
6027,308.75,13.75,13.75,0.0,1,-26.397406472001048
6028,311.25,13.75,13.75,0.0,1,-27.614457571464076
6029,313.75,13.75,13.75,0.0,1,-29.229032424528715
6030,316.25,13.75,13.75,0.0,1,-30.85405589468571
6031,318.75,13.75,13.75,0.0,1,-32.18214124674339
6032,321.25,13.75,13.75,0.0,1,-33.43178236321822
6033,323.75,13.75,13.75,0.0,1,-34.79221185338596
6034,326.25,13.75,13.75,0.0,1,-35.21927150239883
6035,328.75,13.75,13.75,0.0,1,-35.42314132212847
6036,331.25,13.75,13.75,0.0,1,-35.77973415872802
6037,333.75,13.75,13.75,0.0,1,-35.72969032079591
6038,336.25,13.75,13.75,0.0,1,-34.2415213972726
6039,338.75,13.75,13.75,0.0,1,-31.100699395494825
6040,341.25,13.75,13.75,0.0,1,-26.818529717897636
6041,343.75,13.75,13.75,1.0,0,-23.164136312390763
6042,346.25,13.75,13.75,1.0,0,-23.7893038604706
6043,348.75,13.75,13.75,1.0,0,-30.646544503843245
6044,351.25,13.75,13.75,1.0,0,-36.28717623616222
6045,353.75,13.75,13.75,1.0,0,-37.93642168741985
6046,356.25,13.75,13.75,1.0,0,-37.4194443422787
6047,358.75,13.75,13.75,1.0,0,-37.12338913309687
6048,1.25,16.25,16.25,1.0,0,-61.70927339822344
6049,3.75,16.25,16.25,1.0,0,-65.2740017532982
6050,6.25,16.25,16.25,1.0,0,-71.26638141068959
6051,8.75,16.25,16.25,1.0,0,-78.39475396265031
6052,11.25,16.25,16.25,1.0,0,-89.3172076220628
6053,13.75,16.25,16.25,1.0,0,-90.47557273420078
6054,16.25,16.25,16.25,1.0,0,-88.70478233611108
6055,18.75,16.25,16.25,1.0,0,-87.25758839295007
6056,21.25,16.25,16.25,1.0,0,-88.8517230338176
6057,23.75,16.25,16.25,1.0,0,-95.85944966606958
6058,26.25,16.25,16.25,1.0,0,-101.43991520554432
6059,28.75,16.25,16.25,1.0,0,-95.69037583653068
6060,31.25,16.25,16.25,1.0,0,-82.12807455393151
6061,33.75,16.25,16.25,1.0,0,-69.90790671958561
6062,36.25,16.25,16.25,1.0,0,-70.05936058276339
6063,38.75,16.25,16.25,0.0,3,-80.22436867981344
6064,41.25,16.25,16.25,0.0,3,-78.66441231837854
6065,43.75,16.25,16.25,1.0,0,-95.31258249761184
6066,46.25,16.25,16.25,1.0,0,-119.00219876084597
6067,48.75,16.25,16.25,1.0,0,-126.51219150381442
6068,51.25,16.25,16.25,1.0,0,-115.23304753232217
6069,53.75,16.25,16.25,0.0,3,-105.71734539954693
6070,56.25,16.25,16.25,0.0,3,-97.71304483249594
6071,58.75,16.25,16.25,0.0,3,-83.27134571712705
6072,61.25,16.25,16.25,0.0,3,-73.40520403656942
6073,63.75,16.25,16.25,0.0,3,-62.91274254274719
6074,66.25,16.25,16.25,0.0,3,-51.49123885578767
6075,68.75,16.25,16.25,0.0,3,-37.959272734895414
6076,71.25,16.25,16.25,0.0,3,-21.77137387051199
6077,73.75,16.25,16.25,0.0,3,-3.455451003524031
6078,76.25,16.25,16.25,1.0,0,14.65201193866262
6079,78.75,16.25,16.25,1.0,0,11.758997522782817
6080,81.25,16.25,16.25,0.0,3,4.137188957544483
6081,83.75,16.25,16.25,0.0,3,-0.5647082241492616
6082,86.25,16.25,16.25,0.0,3,-2.3593478294164334
6083,88.75,16.25,16.25,0.0,3,-3.183847073232057
6084,91.25,16.25,16.25,0.0,3,-2.540875610003522
6085,93.75,16.25,16.25,0.0,3,-0.5279173229314589
6086,96.25,16.25,16.25,0.0,3,2.212556718970015
6087,98.75,16.25,16.25,1.0,0,6.93911385999346
6088,101.25,16.25,16.25,1.0,0,8.72981998234282
6089,103.75,16.25,16.25,1.0,0,3.5772040885437253
6090,106.25,16.25,16.25,1.0,0,-3.079068750826868
6091,108.75,16.25,16.25,0.0,3,-11.904609063209428
6092,111.25,16.25,16.25,0.0,3,-16.10650384504616
6093,113.75,16.25,16.25,0.0,3,-15.564432862189449
6094,116.25,16.25,16.25,0.0,3,-13.376931980583194
6095,118.75,16.25,16.25,0.0,3,-11.571391996845154
6096,121.25,16.25,16.25,1.0,0,-9.893708512573
6097,123.75,16.25,16.25,0.0,2,-13.628183836072946
6098,126.25,16.25,16.25,0.0,2,-13.653541192672577
6099,128.75,16.25,16.25,0.0,2,-10.560620680006213
6100,131.25,16.25,16.25,0.0,2,-8.519982931464693
6101,133.75,16.25,16.25,0.0,2,-6.139925276927911
6102,136.25,16.25,16.25,0.0,2,-4.274331554088933
6103,138.75,16.25,16.25,0.0,2,-3.7193998181744776
6104,141.25,16.25,16.25,0.0,2,-3.9646814204953094
6105,143.75,16.25,16.25,0.0,2,-4.278727210658803
6106,146.25,16.25,16.25,0.0,2,-5.337686994940987
6107,148.75,16.25,16.25,0.0,2,-6.0347610622866545
6108,151.25,16.25,16.25,0.0,2,-6.543379828862837
6109,153.75,16.25,16.25,0.0,2,-7.526562241251581
6110,156.25,16.25,16.25,0.0,2,-8.35785832739611
6111,158.75,16.25,16.25,0.0,2,-9.109437731452596
6112,161.25,16.25,16.25,0.0,2,-9.68851163911256
6113,163.75,16.25,16.25,0.0,2,-9.889972941359156
6114,166.25,16.25,16.25,0.0,2,-10.29876490404802
6115,168.75,16.25,16.25,0.0,2,-9.653916181278298
6116,171.25,16.25,16.25,0.0,2,-8.785659287558781
6117,173.75,16.25,16.25,0.0,2,-8.732517290021853
6118,176.25,16.25,16.25,0.0,2,-8.365283540764304
6119,178.75,16.25,16.25,0.0,2,-8.109824472838131
6120,181.25,16.25,16.25,0.0,2,-8.088410218189534
6121,183.75,16.25,16.25,0.0,2,-8.176477861407577
6122,186.25,16.25,16.25,0.0,2,-8.167579059109372
6123,188.75,16.25,16.25,0.0,2,-7.8610167160899325
6124,191.25,16.25,16.25,0.0,2,-7.8015015110716925
6125,193.75,16.25,16.25,0.0,2,-7.522468566668523
6126,196.25,16.25,16.25,0.0,2,-7.912692264023773
6127,198.75,16.25,16.25,0.0,2,-8.591578577269553
6128,201.25,16.25,16.25,0.0,2,-9.715104429262412
6129,203.75,16.25,16.25,0.0,2,-11.393199515394537
6130,206.25,16.25,16.25,0.0,2,-14.040359426337684
6131,208.75,16.25,16.25,0.0,2,-17.906898447482106
6132,211.25,16.25,16.25,0.0,2,-22.202355091649626
6133,213.75,16.25,16.25,0.0,2,-26.28377242086433
6134,216.25,16.25,16.25,0.0,2,-30.30666725198904
6135,218.75,16.25,16.25,0.0,2,-33.43356330831769
6136,221.25,16.25,16.25,0.0,2,-36.11112348902783
6137,223.75,16.25,16.25,0.0,2,-38.691723917216116
6138,226.25,16.25,16.25,0.0,2,-41.144660637640136
6139,228.75,16.25,16.25,0.0,2,-42.937052084362584
6140,231.25,16.25,16.25,0.0,2,-43.402472042521275
6141,233.75,16.25,16.25,0.0,2,-42.23143780031918
6142,236.25,16.25,16.25,0.0,2,-39.66940132590829
6143,238.75,16.25,16.25,0.0,2,-35.844300712232894
6144,241.25,16.25,16.25,0.0,2,-33.27164402057445
6145,243.75,16.25,16.25,0.0,2,-29.415559245165426
6146,246.25,16.25,16.25,0.0,2,-24.313763012287836
6147,248.75,16.25,16.25,0.0,2,-18.817041879874125
6148,251.25,16.25,16.25,0.0,2,-13.58503416798222
6149,253.75,16.25,16.25,0.0,2,-9.553294578907916
6150,256.25,16.25,16.25,0.0,2,-8.310532974714105
6151,258.75,16.25,16.25,0.0,2,-2.9109094654469456
6152,261.25,16.25,16.25,0.0,2,-1.4433378629141174
6153,263.75,16.25,16.25,0.0,2,-3.0698651777815247
6154,266.25,16.25,16.25,0.0,2,-3.27771309801092
6155,268.75,16.25,16.25,1.0,0,-4.619503333738221
6156,271.25,16.25,16.25,1.0,0,-3.676315008219468
6157,273.75,16.25,16.25,0.0,2,-0.5710036945345557
6158,276.25,16.25,16.25,0.0,2,-0.3215027605795811
6159,278.75,16.25,16.25,0.0,2,-3.7066759624188084
6160,281.25,16.25,16.25,0.0,1,-7.331575248574431
6161,283.75,16.25,16.25,0.0,1,-10.512758139483672
6162,286.25,16.25,16.25,0.0,1,-13.198471704969313
6163,288.75,16.25,16.25,0.0,1,-15.963415979942509
6164,291.25,16.25,16.25,0.0,1,-18.114648745272028
6165,293.75,16.25,16.25,0.0,1,-19.978600091165468
6166,296.25,16.25,16.25,0.0,1,-21.71728447249498
6167,298.75,16.25,16.25,0.0,1,-23.09207069932219
6168,301.25,16.25,16.25,0.0,1,-24.361929718707362
6169,303.75,16.25,16.25,0.0,1,-26.513913293413154
6170,306.25,16.25,16.25,0.0,1,-28.558377287633103
6171,308.75,16.25,16.25,0.0,1,-29.507105115934163
6172,311.25,16.25,16.25,0.0,1,-31.654896925760468
6173,313.75,16.25,16.25,0.0,1,-33.73051163075787
6174,316.25,16.25,16.25,0.0,1,-35.369428360991165
6175,318.75,16.25,16.25,0.0,1,-37.07355454423371
6176,321.25,16.25,16.25,0.0,1,-39.16618434551458
6177,323.75,16.25,16.25,0.0,1,-41.02935851625207
6178,326.25,16.25,16.25,0.0,1,-42.486413443418975
6179,328.75,16.25,16.25,0.0,1,-43.85217172171912
6180,331.25,16.25,16.25,0.0,1,-44.6904103583492
6181,333.75,16.25,16.25,0.0,1,-45.32950557119096
6182,336.25,16.25,16.25,0.0,1,-45.227608476887326
6183,338.75,16.25,16.25,0.0,1,-43.742527391100275
6184,341.25,16.25,16.25,0.0,1,-41.16988782058235
6185,343.75,16.25,16.25,0.0,1,-39.80934384909486
6186,346.25,16.25,16.25,1.0,0,-43.729909388435516
6187,348.75,16.25,16.25,1.0,0,-52.688538429525295
6188,351.25,16.25,16.25,1.0,0,-59.02309888173865
6189,353.75,16.25,16.25,1.0,0,-60.93798428290283
6190,356.25,16.25,16.25,1.0,0,-60.50537964355095
6191,358.75,16.25,16.25,1.0,0,-60.36836040573475
6192,1.25,18.75,18.75,1.0,0,-86.46958308034019
6193,3.75,18.75,18.75,1.0,0,-91.16388245174157
6194,6.25,18.75,18.75,1.0,0,-97.24616911879791
6195,8.75,18.75,18.75,1.0,0,-102.29359708727588
6196,11.25,18.75,18.75,1.0,0,-108.03871023096164
6197,13.75,18.75,18.75,1.0,0,-106.36558470005286
6198,16.25,18.75,18.75,1.0,0,-105.28715264379217
6199,18.75,18.75,18.75,1.0,0,-107.3758750370478
6200,21.25,18.75,18.75,1.0,0,-111.21809164393366
6201,23.75,18.75,18.75,1.0,0,-114.43591684338548
6202,26.25,18.75,18.75,1.0,0,-113.99286128213078
6203,28.75,18.75,18.75,1.0,0,-108.33951367532111
6204,31.25,18.75,18.75,1.0,0,-100.03938405835461
6205,33.75,18.75,18.75,1.0,0,-92.45749901402694
6206,36.25,18.75,18.75,1.0,0,-92.05926014402637
6207,38.75,18.75,18.75,0.0,3,-95.95437381854401
6208,41.25,18.75,18.75,0.0,3,-90.16283626460358
6209,43.75,18.75,18.75,1.0,0,-110.22333400803672
6210,46.25,18.75,18.75,1.0,0,-134.3420798962022
6211,48.75,18.75,18.75,1.0,0,-140.04180080234042
6212,51.25,18.75,18.75,1.0,0,-133.9358541737284
6213,53.75,18.75,18.75,1.0,0,-127.22465379063378
6214,56.25,18.75,18.75,0.0,3,-113.30364310120716
6215,58.75,18.75,18.75,0.0,3,-96.41594220588763
6216,61.25,18.75,18.75,0.0,3,-87.89296494089923
6217,63.75,18.75,18.75,0.0,3,-77.73810724788197
6218,66.25,18.75,18.75,0.0,3,-65.3630719661295
6219,68.75,18.75,18.75,0.0,3,-50.994056299058016
6220,71.25,18.75,18.75,0.0,3,-33.62879548504206
6221,73.75,18.75,18.75,1.0,0,-12.770409429314125
6222,76.25,18.75,18.75,1.0,0,7.108031495308171
6223,78.75,18.75,18.75,1.0,0,9.434209022066144
6224,81.25,18.75,18.75,1.0,0,9.672842255961408
6225,83.75,18.75,18.75,0.0,3,1.8876931696343304
6226,86.25,18.75,18.75,0.0,3,-3.128399680526035
6227,88.75,18.75,18.75,0.0,3,-3.314095533461753
6228,91.25,18.75,18.75,0.0,3,-0.8095734507672663
6229,93.75,18.75,18.75,0.0,3,2.706829267295771
6230,96.25,18.75,18.75,1.0,0,7.755015450809711
6231,98.75,18.75,18.75,1.0,0,14.193341346260686
6232,101.25,18.75,18.75,1.0,0,12.892844686701956
6233,103.75,18.75,18.75,1.0,0,0.2081198342738763
6234,106.25,18.75,18.75,0.0,3,-8.621224508963262
6235,108.75,18.75,18.75,0.0,3,-14.807639200720587
6236,111.25,18.75,18.75,0.0,3,-19.155132052945625
6237,113.75,18.75,18.75,0.0,3,-20.920319551099222
6238,116.25,18.75,18.75,0.0,3,-20.435734729770996
6239,118.75,18.75,18.75,0.0,3,-19.75965568302616
6240,121.25,18.75,18.75,0.0,2,-20.54751544274721
6241,123.75,18.75,18.75,0.0,2,-22.729879525341072
6242,126.25,18.75,18.75,0.0,2,-22.803103265711826
6243,128.75,18.75,18.75,0.0,2,-19.908542424495156
6244,131.25,18.75,18.75,0.0,2,-16.87268609962579
6245,133.75,18.75,18.75,0.0,2,-14.244023379377296
6246,136.25,18.75,18.75,0.0,2,-11.843153947314521
6247,138.75,18.75,18.75,0.0,2,-9.859409546028218
6248,141.25,18.75,18.75,0.0,2,-8.721384885095429
6249,143.75,18.75,18.75,0.0,2,-7.952019000804848
6250,146.25,18.75,18.75,0.0,2,-7.58778008924742
6251,148.75,18.75,18.75,0.0,2,-8.34504962800068
6252,151.25,18.75,18.75,0.0,2,-8.30392756353214
6253,153.75,18.75,18.75,0.0,2,-8.818750716253351
6254,156.25,18.75,18.75,0.0,2,-9.21220448546021
6255,158.75,18.75,18.75,0.0,2,-9.5493751581777
6256,161.25,18.75,18.75,0.0,2,-9.899749812106934
6257,163.75,18.75,18.75,0.0,2,-10.073354975384682
6258,166.25,18.75,18.75,0.0,2,-10.077953012765464
6259,168.75,18.75,18.75,0.0,2,-10.04241906031848
6260,171.25,18.75,18.75,0.0,2,-9.048296774475364
6261,173.75,18.75,18.75,0.0,2,-8.81859782360277
6262,176.25,18.75,18.75,0.0,2,-8.770471945216965
6263,178.75,18.75,18.75,0.0,2,-8.443206601226546
6264,181.25,18.75,18.75,0.0,2,-7.898199383741895
6265,183.75,18.75,18.75,0.0,2,-7.6476404279782555
6266,186.25,18.75,18.75,0.0,2,-7.827341959704083
6267,188.75,18.75,18.75,0.0,2,-7.261148123787246
6268,191.25,18.75,18.75,0.0,2,-6.326766489272305
6269,193.75,18.75,18.75,0.0,2,-6.124609314522155
6270,196.25,18.75,18.75,0.0,2,-6.886219392982129
6271,198.75,18.75,18.75,0.0,2,-8.277963069812113
6272,201.25,18.75,18.75,0.0,2,-9.707295219847198
6273,203.75,18.75,18.75,0.0,2,-11.239451338646711
6274,206.25,18.75,18.75,0.0,2,-13.440151631100393
6275,208.75,18.75,18.75,0.0,2,-17.032652661305335
6276,211.25,18.75,18.75,0.0,2,-22.42626514085926
6277,213.75,18.75,18.75,0.0,2,-27.63302675683877
6278,216.25,18.75,18.75,0.0,2,-32.08756178558588
6279,218.75,18.75,18.75,0.0,2,-36.186011718696264
6280,221.25,18.75,18.75,0.0,2,-40.47592986991181
6281,223.75,18.75,18.75,0.0,2,-44.64807165978327
6282,226.25,18.75,18.75,0.0,2,-47.743302734742855
6283,228.75,18.75,18.75,0.0,2,-49.80764141019279
6284,231.25,18.75,18.75,0.0,2,-51.486691950607536
6285,233.75,18.75,18.75,0.0,2,-51.857706060975396
6286,236.25,18.75,18.75,0.0,2,-50.24921998189535
6287,238.75,18.75,18.75,0.0,2,-46.35709292188483
6288,241.25,18.75,18.75,0.0,2,-41.017450567365906
6289,243.75,18.75,18.75,0.0,2,-34.0471197261937
6290,246.25,18.75,18.75,0.0,2,-27.286976782748813
6291,248.75,18.75,18.75,0.0,2,-20.43310450734371
6292,251.25,18.75,18.75,0.0,2,-13.438064289476834
6293,253.75,18.75,18.75,0.0,2,-7.440655427181481
6294,256.25,18.75,18.75,0.0,2,-2.8226103384954624
6295,258.75,18.75,18.75,1.0,0,6.129115229294987
6296,261.25,18.75,18.75,1.0,0,2.101441402621286
6297,263.75,18.75,18.75,1.0,0,-7.020106915433669
6298,266.25,18.75,18.75,0.0,2,-11.66212862365963
6299,268.75,18.75,18.75,0.0,2,-12.294702657185812
6300,271.25,18.75,18.75,1.0,0,-8.525476824704299
6301,273.75,18.75,18.75,0.0,2,-3.839455838292312
6302,276.25,18.75,18.75,0.0,2,-3.583809504878645
6303,278.75,18.75,18.75,0.0,2,-6.734794691425632
6304,281.25,18.75,18.75,0.0,1,-10.830528422457439
6305,283.75,18.75,18.75,0.0,1,-14.424505513491333
6306,286.25,18.75,18.75,0.0,1,-16.92987516017353
6307,288.75,18.75,18.75,0.0,1,-19.054034225968344
6308,291.25,18.75,18.75,0.0,1,-20.618458262020237
6309,293.75,18.75,18.75,0.0,1,-21.913530711969415
6310,296.25,18.75,18.75,0.0,1,-23.471700077592235
6311,298.75,18.75,18.75,0.0,1,-25.627765715595732
6312,301.25,18.75,18.75,0.0,1,-28.0861104795655
6313,303.75,18.75,18.75,0.0,1,-30.069955442562808
6314,306.25,18.75,18.75,0.0,1,-31.643330117248432
6315,308.75,18.75,18.75,0.0,1,-33.91347216971189
6316,311.25,18.75,18.75,0.0,1,-35.87181467429642
6317,313.75,18.75,18.75,0.0,1,-37.1153146914085
6318,316.25,18.75,18.75,0.0,1,-38.9874264223648
6319,318.75,18.75,18.75,0.0,1,-41.53849486457129
6320,321.25,18.75,18.75,0.0,1,-43.53645312491055
6321,323.75,18.75,18.75,0.0,1,-45.457032703289094
6322,326.25,18.75,18.75,0.0,1,-47.45045817222198
6323,328.75,18.75,18.75,0.0,1,-49.56446442455493
6324,331.25,18.75,18.75,0.0,1,-51.51519009630552
6325,333.75,18.75,18.75,0.0,1,-52.97386068576386
6326,336.25,18.75,18.75,0.0,1,-54.351429662171554
6327,338.75,18.75,18.75,0.0,1,-55.13908397659903
6328,341.25,18.75,18.75,0.0,1,-55.742797777531095
6329,343.75,18.75,18.75,0.0,1,-58.324964927488075
6330,346.25,18.75,18.75,1.0,0,-65.31190711883033
6331,348.75,18.75,18.75,1.0,0,-74.55187336439351
6332,351.25,18.75,18.75,1.0,0,-79.64796341976043
6333,353.75,18.75,18.75,1.0,0,-81.6004638164232
6334,356.25,18.75,18.75,1.0,0,-82.35322095558433
6335,358.75,18.75,18.75,1.0,0,-83.6871334633258
6336,1.25,21.25,21.25,1.0,0,-104.22671695143644
6337,3.75,21.25,21.25,1.0,0,-105.92168089958406
6338,6.25,21.25,21.25,1.0,0,-109.00940436214023
6339,8.75,21.25,21.25,1.0,0,-113.28687920081633
6340,11.25,21.25,21.25,1.0,0,-117.53163231253221
6341,13.75,21.25,21.25,1.0,0,-114.24711202196664
6342,16.25,21.25,21.25,1.0,0,-114.41066521393861
6343,18.75,21.25,21.25,1.0,0,-117.70734691431271
6344,21.25,21.25,21.25,1.0,0,-119.25512176425491
6345,23.75,21.25,21.25,1.0,0,-119.65398488142407
6346,26.25,21.25,21.25,1.0,0,-118.68161239144149
6347,28.75,21.25,21.25,1.0,0,-114.30669973379347
6348,31.25,21.25,21.25,1.0,0,-108.35301652979797
6349,33.75,21.25,21.25,1.0,0,-101.14555784600435
6350,36.25,21.25,21.25,1.0,0,-99.35207562543916
6351,38.75,21.25,21.25,0.0,3,-102.61660093248385
6352,41.25,21.25,21.25,1.0,0,-112.26744914864314
6353,43.75,21.25,21.25,1.0,0,-130.38698820579373
6354,46.25,21.25,21.25,1.0,0,-142.6076656444073
6355,48.75,21.25,21.25,1.0,0,-144.53510644500574
6356,51.25,21.25,21.25,1.0,0,-144.36341791631864
6357,53.75,21.25,21.25,1.0,0,-141.8560385017185
6358,56.25,21.25,21.25,1.0,0,-124.26910816758397
6359,58.75,21.25,21.25,0.0,3,-108.33980643995176
6360,61.25,21.25,21.25,0.0,3,-98.07213664093153
6361,63.75,21.25,21.25,0.0,3,-87.34524904963318
6362,66.25,21.25,21.25,0.0,3,-77.71763902832389
6363,68.75,21.25,21.25,0.0,3,-66.2286049401974
6364,71.25,21.25,21.25,0.0,3,-50.74837045489885
6365,73.75,21.25,21.25,1.0,0,-32.75076529101425
6366,76.25,21.25,21.25,1.0,0,-14.773048510680095
6367,78.75,21.25,21.25,1.0,0,-5.642371243223647
6368,81.25,21.25,21.25,1.0,0,2.549208548919726
6369,83.75,21.25,21.25,1.0,0,1.0929156095727444
6370,86.25,21.25,21.25,1.0,0,-2.055259993136713
6371,88.75,21.25,21.25,0.0,3,-2.5662020943797956
6372,91.25,21.25,21.25,0.0,3,-0.8416914530000942
6373,93.75,21.25,21.25,1.0,0,3.0611344185532117
6374,96.25,21.25,21.25,1.0,0,10.475212465223974
6375,98.75,21.25,21.25,1.0,0,20.02254554841885
6376,101.25,21.25,21.25,1.0,0,19.20017002599244
6377,103.75,21.25,21.25,1.0,0,0.8279711015388357
6378,106.25,21.25,21.25,1.0,0,-12.86284990460701
6379,108.75,21.25,21.25,0.0,3,-18.723304729876354
6380,111.25,21.25,21.25,0.0,3,-22.549354518957973
6381,113.75,21.25,21.25,0.0,3,-26.19415665219715
6382,116.25,21.25,21.25,0.0,3,-28.234335023952713
6383,118.75,21.25,21.25,0.0,3,-28.233164194426926
6384,121.25,21.25,21.25,0.0,2,-30.228337376819994
6385,123.75,21.25,21.25,0.0,2,-31.841361059943633
6386,126.25,21.25,21.25,0.0,2,-30.80543305740955
6387,128.75,21.25,21.25,0.0,2,-29.857977502281805
6388,131.25,21.25,21.25,0.0,2,-26.816061247849913
6389,133.75,21.25,21.25,0.0,2,-23.122282365410282
6390,136.25,21.25,21.25,0.0,2,-19.62114529077969
6391,138.75,21.25,21.25,0.0,2,-16.489939553134416
6392,141.25,21.25,21.25,0.0,2,-13.905694294199836
6393,143.75,21.25,21.25,0.0,2,-12.625886486950284
6394,146.25,21.25,21.25,0.0,2,-10.803930364504943
6395,148.75,21.25,21.25,0.0,2,-10.387032949680608
6396,151.25,21.25,21.25,0.0,2,-9.20543570813197
6397,153.75,21.25,21.25,0.0,2,-8.353987597673022
6398,156.25,21.25,21.25,0.0,2,-7.869252855130903
6399,158.75,21.25,21.25,0.0,2,-7.624422286638852
6400,161.25,21.25,21.25,0.0,2,-7.725597023977898
6401,163.75,21.25,21.25,0.0,2,-8.032024942390358
6402,166.25,21.25,21.25,0.0,2,-7.331484420006807
6403,168.75,21.25,21.25,0.0,2,-7.179024205101702
6404,171.25,21.25,21.25,0.0,2,-7.018065515627067
6405,173.75,21.25,21.25,0.0,2,-6.2644627409175655
6406,176.25,21.25,21.25,0.0,2,-5.765604877819291
6407,178.75,21.25,21.25,0.0,2,-5.401609589859431
6408,181.25,21.25,21.25,0.0,2,-4.547739742639584
6409,183.75,21.25,21.25,0.0,2,-3.558835132241921
6410,186.25,21.25,21.25,0.0,2,-3.208429007237871
6411,188.75,21.25,21.25,0.0,2,-2.6463278663536967
6412,191.25,21.25,21.25,0.0,2,-1.3283796568566055
6413,193.75,21.25,21.25,0.0,2,-1.2988680911689865
6414,196.25,21.25,21.25,0.0,2,-1.8064023244396161
6415,198.75,21.25,21.25,0.0,2,-2.8462587498740413
6416,201.25,21.25,21.25,0.0,2,-3.969791923217123
6417,203.75,21.25,21.25,0.0,2,-5.610181808209055
6418,206.25,21.25,21.25,0.0,2,-8.414894597947013
6419,208.75,21.25,21.25,0.0,2,-12.625720317515478
6420,211.25,21.25,21.25,0.0,2,-17.841368061076828
6421,213.75,21.25,21.25,0.0,2,-23.263417067530686
6422,216.25,21.25,21.25,0.0,2,-29.58790810417856
6423,218.75,21.25,21.25,0.0,2,-34.999565281417816
6424,221.25,21.25,21.25,0.0,2,-39.37265340419671
6425,223.75,21.25,21.25,0.0,2,-43.770396946119426
6426,226.25,21.25,21.25,0.0,2,-48.038425134765376
6427,228.75,21.25,21.25,0.0,2,-51.63598681532698
6428,231.25,21.25,21.25,0.0,2,-53.97097317924003
6429,233.75,21.25,21.25,0.0,2,-54.16591118207108
6430,236.25,21.25,21.25,0.0,2,-53.2633911849618
6431,238.75,21.25,21.25,0.0,2,-50.14166938940161
6432,241.25,21.25,21.25,0.0,2,-44.28949821510981
6433,243.75,21.25,21.25,0.0,2,-36.73935013426749
6434,246.25,21.25,21.25,0.0,2,-27.785486249125082
6435,248.75,21.25,21.25,0.0,2,-18.83782535814321
6436,251.25,21.25,21.25,0.0,2,-11.355506999105238
6437,253.75,21.25,21.25,0.0,2,-5.117046140345754
6438,256.25,21.25,21.25,1.0,0,1.2288362240652786
6439,258.75,21.25,21.25,1.0,0,-1.5042155139083342
6440,261.25,21.25,21.25,1.0,0,-12.896206837798394
6441,263.75,21.25,21.25,0.0,2,-19.0319060358009
6442,266.25,21.25,21.25,0.0,2,-18.107110349503778
6443,268.75,21.25,21.25,0.0,2,-14.654601766271362
6444,271.25,21.25,21.25,0.0,2,-10.366579331315174
6445,273.75,21.25,21.25,0.0,2,-7.12468756839749
6446,276.25,21.25,21.25,0.0,2,-7.570740025401084
6447,278.75,21.25,21.25,0.0,2,-11.835444763309836
6448,281.25,21.25,21.25,0.0,1,-16.04893764067093
6449,283.75,21.25,21.25,0.0,1,-18.98683072238864
6450,286.25,21.25,21.25,0.0,1,-20.388680062623003
6451,288.75,21.25,21.25,0.0,1,-21.5440105195468
6452,291.25,21.25,21.25,0.0,1,-22.96541658632449
6453,293.75,21.25,21.25,0.0,1,-24.824662664238925
6454,296.25,21.25,21.25,0.0,1,-27.007230926097403
6455,298.75,21.25,21.25,0.0,1,-29.22255753419113
6456,301.25,21.25,21.25,0.0,1,-31.23438241409394
6457,303.75,21.25,21.25,0.0,1,-33.70726620371882
6458,306.25,21.25,21.25,0.0,1,-36.84267866524298
6459,308.75,21.25,21.25,0.0,1,-39.05130143026306
6460,311.25,21.25,21.25,0.0,1,-40.52898944241409
6461,313.75,21.25,21.25,0.0,1,-42.62480848167577
6462,316.25,21.25,21.25,0.0,1,-45.08127681672787
6463,318.75,21.25,21.25,0.0,1,-46.92983022179502
6464,321.25,21.25,21.25,0.0,1,-48.30265561907025
6465,323.75,21.25,21.25,0.0,1,-51.08710970591764
6466,326.25,21.25,21.25,0.0,1,-52.809425680065935
6467,328.75,21.25,21.25,0.0,1,-54.21151784635448
6468,331.25,21.25,21.25,0.0,1,-55.87931074037573
6469,333.75,21.25,21.25,0.0,1,-57.538683591500536
6470,336.25,21.25,21.25,0.0,1,-59.84879626284961
6471,338.75,21.25,21.25,0.0,1,-62.947677557946
6472,341.25,21.25,21.25,0.0,1,-67.7753904090348
6473,343.75,21.25,21.25,0.0,1,-75.65600650585718
6474,346.25,21.25,21.25,1.0,0,-85.88255767603478
6475,348.75,21.25,21.25,1.0,0,-94.19377573722984
6476,351.25,21.25,21.25,1.0,0,-96.38057970891772
6477,353.75,21.25,21.25,1.0,0,-99.2026426607893
6478,356.25,21.25,21.25,1.0,0,-101.19818053951042
6479,358.75,21.25,21.25,1.0,0,-102.86727427552414
6480,1.25,23.75,23.75,1.0,0,-114.53611416051899
6481,3.75,23.75,23.75,1.0,0,-115.24296638116387
6482,6.25,23.75,23.75,1.0,0,-116.22076910299701
6483,8.75,23.75,23.75,1.0,0,-117.68163466002407
6484,11.25,23.75,23.75,1.0,0,-120.03922651693333
6485,13.75,23.75,23.75,1.0,0,-118.38412210857618
6486,16.25,23.75,23.75,1.0,0,-118.40833195110542
6487,18.75,23.75,23.75,1.0,0,-119.30180713783332
6488,21.25,23.75,23.75,1.0,0,-120.03842529123408
6489,23.75,23.75,23.75,1.0,0,-121.43660779117218
6490,26.25,23.75,23.75,1.0,0,-121.93278950927129
6491,28.75,23.75,23.75,1.0,0,-119.01656175067168
6492,31.25,23.75,23.75,1.0,0,-114.94751849957285
6493,33.75,23.75,23.75,1.0,0,-111.53599457425092
6494,36.25,23.75,23.75,0.0,3,-116.00285070819147
6495,38.75,23.75,23.75,0.0,3,-122.02437449774995
6496,41.25,23.75,23.75,1.0,0,-133.84053301402162
6497,43.75,23.75,23.75,1.0,0,-142.44395916993096
6498,46.25,23.75,23.75,1.0,0,-144.60333315528732
6499,48.75,23.75,23.75,1.0,0,-142.68651570107647
6500,51.25,23.75,23.75,1.0,0,-140.35984407678134
6501,53.75,23.75,23.75,0.0,3,-138.9654827939345
6502,56.25,23.75,23.75,1.0,0,-127.55681746674989
6503,58.75,23.75,23.75,0.0,3,-119.04597602619621
6504,61.25,23.75,23.75,0.0,3,-105.58343704090778
6505,63.75,23.75,23.75,0.0,3,-93.77072753254394
6506,66.25,23.75,23.75,0.0,3,-84.42350113937711
6507,68.75,23.75,23.75,0.0,3,-72.87736675502185
6508,71.25,23.75,23.75,1.0,0,-60.144389945400405
6509,73.75,23.75,23.75,1.0,0,-49.33321265325266
6510,76.25,23.75,23.75,1.0,0,-32.89781991975185
6511,78.75,23.75,23.75,1.0,0,-14.070441350391166
6512,81.25,23.75,23.75,1.0,0,-1.7911386135127287
6513,83.75,23.75,23.75,1.0,0,4.084461155546146
6514,86.25,23.75,23.75,1.0,0,5.2248095543066
6515,88.75,23.75,23.75,1.0,0,4.2058849060581345
6516,91.25,23.75,23.75,1.0,0,5.3294860606210115
6517,93.75,23.75,23.75,1.0,0,9.011808261916629
6518,96.25,23.75,23.75,1.0,0,10.49258019591666
6519,98.75,23.75,23.75,1.0,0,5.866179776248312
6520,101.25,23.75,23.75,1.0,0,6.668676142764999
6521,103.75,23.75,23.75,1.0,0,8.70999010889375
6522,106.25,23.75,23.75,1.0,0,-7.4863022280163385
6523,108.75,23.75,23.75,1.0,0,-19.7777309736826
6524,111.25,23.75,23.75,1.0,0,-26.222666245936182
6525,113.75,23.75,23.75,1.0,0,-31.049448431625578
6526,116.25,23.75,23.75,1.0,0,-36.71165041319814
6527,118.75,23.75,23.75,0.0,3,-41.64126054400986
6528,121.25,23.75,23.75,0.0,2,-42.69939830127644
6529,123.75,23.75,23.75,0.0,2,-42.185951182357115
6530,126.25,23.75,23.75,0.0,2,-39.3913028980675
6531,128.75,23.75,23.75,0.0,2,-37.12603890652252
6532,131.25,23.75,23.75,0.0,2,-33.85000558646337
6533,133.75,23.75,23.75,0.0,2,-29.511360556687226
6534,136.25,23.75,23.75,0.0,2,-25.372337785543632
6535,138.75,23.75,23.75,0.0,2,-21.594119814520536
6536,141.25,23.75,23.75,0.0,2,-17.658440772684486
6537,143.75,23.75,23.75,0.0,2,-15.03198080892139
6538,146.25,23.75,23.75,0.0,2,-12.283774440467202
6539,148.75,23.75,23.75,0.0,2,-10.641720578854724
6540,151.25,23.75,23.75,0.0,2,-8.736569926731073
6541,153.75,23.75,23.75,0.0,2,-6.607097283913702
6542,156.25,23.75,23.75,0.0,2,-5.39664765929374
6543,158.75,23.75,23.75,0.0,2,-4.25716515624728
6544,161.25,23.75,23.75,0.0,2,-2.8298930573245147
6545,163.75,23.75,23.75,0.0,2,-1.9563871017947607
6546,166.25,23.75,23.75,0.0,2,-1.978183207703964
6547,168.75,23.75,23.75,0.0,2,-1.4634124110111517
6548,171.25,23.75,23.75,0.0,2,-0.44642378340795824
6549,173.75,23.75,23.75,0.0,2,-0.30360107096653377
6550,176.25,23.75,23.75,0.0,2,0.6192247277502375
6551,178.75,23.75,23.75,0.0,2,1.5654506076180523
6552,181.25,23.75,23.75,0.0,2,2.2279605539566636
6553,183.75,23.75,23.75,0.0,2,2.996815768836215
6554,186.25,23.75,23.75,0.0,2,4.383570364725461
6555,188.75,23.75,23.75,0.0,2,6.109633594795118
6556,191.25,23.75,23.75,0.0,2,7.868565476291848
6557,193.75,23.75,23.75,0.0,2,8.473950413322088
6558,196.25,23.75,23.75,0.0,2,8.605934569787262
6559,198.75,23.75,23.75,0.0,2,7.110748324630546
6560,201.25,23.75,23.75,0.0,2,4.887138539060317
6561,203.75,23.75,23.75,0.0,2,2.4588549134895783
6562,206.25,23.75,23.75,0.0,2,-0.7104857944073553
6563,208.75,23.75,23.75,0.0,2,-5.435007189417106
6564,211.25,23.75,23.75,0.0,2,-11.2347025577454
6565,213.75,23.75,23.75,0.0,2,-17.360610701971392
6566,216.25,23.75,23.75,0.0,2,-23.333963669788968
6567,218.75,23.75,23.75,0.0,2,-29.147423501272474
6568,221.25,23.75,23.75,0.0,2,-34.96694633977849
6569,223.75,23.75,23.75,0.0,2,-40.221478679603294
6570,226.25,23.75,23.75,0.0,2,-44.43128039907954
6571,228.75,23.75,23.75,0.0,2,-47.508375953353735
6572,231.25,23.75,23.75,0.0,2,-49.59510220138439
6573,233.75,23.75,23.75,0.0,2,-50.67666244656603
6574,236.25,23.75,23.75,0.0,2,-50.864348087652004
6575,238.75,23.75,23.75,0.0,2,-48.26454890496453
6576,241.25,23.75,23.75,0.0,2,-44.10033505568238
6577,243.75,23.75,23.75,0.0,2,-37.22348709498228
6578,246.25,23.75,23.75,0.0,2,-27.926230773099007
6579,248.75,23.75,23.75,0.0,2,-20.15812587059009
6580,251.25,23.75,23.75,0.0,2,-13.563582913580294
6581,253.75,23.75,23.75,0.0,2,-6.492941581069751
6582,256.25,23.75,23.75,1.0,0,-7.306242124460589
6583,258.75,23.75,23.75,1.0,0,-20.299545429919863
6584,261.25,23.75,23.75,1.0,0,-28.217193980328858
6585,263.75,23.75,23.75,0.0,2,-27.289537872038387
6586,266.25,23.75,23.75,0.0,2,-20.02048583534578
6587,268.75,23.75,23.75,0.0,2,-14.21281395392979
6588,271.25,23.75,23.75,0.0,2,-11.589424731889684
6589,273.75,23.75,23.75,0.0,2,-11.80742423098276
6590,276.25,23.75,23.75,0.0,2,-14.47782527518707
6591,278.75,23.75,23.75,0.0,2,-17.391384356485613
6592,281.25,23.75,23.75,0.0,1,-20.042055940190725
6593,283.75,23.75,23.75,0.0,1,-22.318351925970777
6594,286.25,23.75,23.75,0.0,1,-23.693198665881656
6595,288.75,23.75,23.75,0.0,1,-25.708250951964725
6596,291.25,23.75,23.75,0.0,1,-27.95571050226291
6597,293.75,23.75,23.75,0.0,1,-30.171949796923393
6598,296.25,23.75,23.75,0.0,1,-32.25433450873886
6599,298.75,23.75,23.75,0.0,1,-34.2639390264859
6600,301.25,23.75,23.75,0.0,1,-36.6074982756014
6601,303.75,23.75,23.75,0.0,1,-40.25557116030258
6602,306.25,23.75,23.75,0.0,1,-43.01551865629846
6603,308.75,23.75,23.75,0.0,1,-45.26388996982212
6604,311.25,23.75,23.75,0.0,1,-48.42351565176496
6605,313.75,23.75,23.75,0.0,1,-51.192881097031176
6606,316.25,23.75,23.75,0.0,1,-53.14747851420897
6607,318.75,23.75,23.75,0.0,1,-55.09184207742372
6608,321.25,23.75,23.75,0.0,1,-57.608804278769526
6609,323.75,23.75,23.75,0.0,1,-59.27815312929067
6610,326.25,23.75,23.75,0.0,1,-59.97660872130466
6611,328.75,23.75,23.75,0.0,1,-62.212140771701534
6612,331.25,23.75,23.75,0.0,1,-62.95027082238436
6613,333.75,23.75,23.75,0.0,1,-63.592480679227954
6614,336.25,23.75,23.75,0.0,1,-64.91519802396294
6615,338.75,23.75,23.75,0.0,1,-67.51959699038358
6616,341.25,23.75,23.75,0.0,1,-72.90302617864538
6617,343.75,23.75,23.75,0.0,1,-82.24141346983494
6618,346.25,23.75,23.75,1.0,0,-93.74796744969196
6619,348.75,23.75,23.75,1.0,0,-104.94754324836457
6620,351.25,23.75,23.75,1.0,0,-108.37376773361076
6621,353.75,23.75,23.75,1.0,0,-110.89842382452626
6622,356.25,23.75,23.75,1.0,0,-112.61609490624932
6623,358.75,23.75,23.75,1.0,0,-113.7540235085336
6624,1.25,26.25,26.25,1.0,0,-117.24906878318224
6625,3.75,26.25,26.25,1.0,0,-115.78283413457017
6626,6.25,26.25,26.25,1.0,0,-116.05574117731366
6627,8.75,26.25,26.25,1.0,0,-117.9915823616554
6628,11.25,26.25,26.25,1.0,0,-119.8577680878058
6629,13.75,26.25,26.25,1.0,0,-119.7966833039602
6630,16.25,26.25,26.25,1.0,0,-118.48251075051638
6631,18.75,26.25,26.25,1.0,0,-117.89520886809805
6632,21.25,26.25,26.25,1.0,0,-119.49018966465933
6633,23.75,26.25,26.25,1.0,0,-122.41407002040557
6634,26.25,26.25,26.25,1.0,0,-124.3537498498161
6635,28.75,26.25,26.25,1.0,0,-123.6722967732018
6636,31.25,26.25,26.25,1.0,0,-121.07677224189081
6637,33.75,26.25,26.25,0.0,3,-118.71562889075234
6638,36.25,26.25,26.25,0.0,3,-122.84157061316827
6639,38.75,26.25,26.25,1.0,0,-137.12963380972576
6640,41.25,26.25,26.25,1.0,0,-147.50679902640175
6641,43.75,26.25,26.25,1.0,0,-148.69094892989847
6642,46.25,26.25,26.25,1.0,0,-145.5035166813955
6643,48.75,26.25,26.25,1.0,0,-143.34617496493357
6644,51.25,26.25,26.25,0.0,3,-141.07285953496805
6645,53.75,26.25,26.25,0.0,3,-132.61941469074824
6646,56.25,26.25,26.25,0.0,3,-128.1628599555012
6647,58.75,26.25,26.25,1.0,0,-124.37115672364283
6648,61.25,26.25,26.25,1.0,0,-117.6171341748524
6649,63.75,26.25,26.25,1.0,0,-110.28591471864048
6650,66.25,26.25,26.25,1.0,0,-96.68606429940742
6651,68.75,26.25,26.25,1.0,0,-83.42327919438549
6652,71.25,26.25,26.25,1.0,0,-73.25642170162523
6653,73.75,26.25,26.25,1.0,0,-60.68075971819209
6654,76.25,26.25,26.25,1.0,0,-45.814025122220265
6655,78.75,26.25,26.25,1.0,0,-34.104794449936286
6656,81.25,26.25,26.25,1.0,0,-16.4272272735931
6657,83.75,26.25,26.25,1.0,0,9.848111950583549
6658,86.25,26.25,26.25,1.0,0,29.35353824858833
6659,88.75,26.25,26.25,1.0,0,28.34672583205064
6660,91.25,26.25,26.25,1.0,0,17.507413869490716
6661,93.75,26.25,26.25,1.0,0,10.703030254489997
6662,96.25,26.25,26.25,1.0,0,10.823364211842035
6663,98.75,26.25,26.25,1.0,0,11.026068754866097
6664,101.25,26.25,26.25,1.0,0,13.525729405348144
6665,103.75,26.25,26.25,1.0,0,11.461132398481322
6666,106.25,26.25,26.25,1.0,0,-4.984385117362646
6667,108.75,26.25,26.25,1.0,0,-22.26832965490697
6668,111.25,26.25,26.25,1.0,0,-37.60115794214393
6669,113.75,26.25,26.25,1.0,0,-44.26544946971941
6670,116.25,26.25,26.25,1.0,0,-45.589780139751994
6671,118.75,26.25,26.25,1.0,0,-51.59009277052855
6672,121.25,26.25,26.25,0.0,2,-57.577074847676336
6673,123.75,26.25,26.25,0.0,2,-55.79903515731192
6674,126.25,26.25,26.25,0.0,2,-49.14830039881778
6675,128.75,26.25,26.25,0.0,2,-42.31384649786398
6676,131.25,26.25,26.25,0.0,2,-37.123170356558795
6677,133.75,26.25,26.25,0.0,2,-31.560261005619687
6678,136.25,26.25,26.25,0.0,2,-25.798505430543685
6679,138.75,26.25,26.25,0.0,2,-20.576230021199347
6680,141.25,26.25,26.25,0.0,2,-16.17685062313362
6681,143.75,26.25,26.25,0.0,2,-12.82024660551104
6682,146.25,26.25,26.25,0.0,2,-9.446598463912819
6683,148.75,26.25,26.25,0.0,2,-5.456001093471181
6684,151.25,26.25,26.25,0.0,2,-2.212285659285649
6685,153.75,26.25,26.25,0.0,2,0.8938320736514325
6686,156.25,26.25,26.25,0.0,2,3.6262899311545262
6687,158.75,26.25,26.25,0.0,2,5.65198616719441
6688,161.25,26.25,26.25,0.0,2,7.245989302976083
6689,163.75,26.25,26.25,0.0,2,8.860672038949566
6690,166.25,26.25,26.25,0.0,2,9.786057488611448
6691,168.75,26.25,26.25,0.0,2,9.582681738731383
6692,171.25,26.25,26.25,0.0,2,11.024080382990668
6693,173.75,26.25,26.25,0.0,2,11.733206321670384
6694,176.25,26.25,26.25,0.0,2,12.143322271768705
6695,178.75,26.25,26.25,0.0,2,12.882325422971187
6696,181.25,26.25,26.25,0.0,2,14.160224281141678
6697,183.75,26.25,26.25,0.0,2,15.849296572896925
6698,186.25,26.25,26.25,0.0,2,17.6119610132867
6699,188.75,26.25,26.25,0.0,2,19.064734951719952
6700,191.25,26.25,26.25,0.0,2,21.136206576893972
6701,193.75,26.25,26.25,0.0,2,21.793749426352406
6702,196.25,26.25,26.25,0.0,2,21.61981056374372
6703,198.75,26.25,26.25,0.0,2,21.03693076671682
6704,201.25,26.25,26.25,0.0,2,19.589054751276226
6705,203.75,26.25,26.25,0.0,2,16.84297930745844
6706,206.25,26.25,26.25,0.0,2,12.84932974089327
6707,208.75,26.25,26.25,0.0,2,7.9995821171697
6708,211.25,26.25,26.25,0.0,2,2.35559039628119
6709,213.75,26.25,26.25,0.0,2,-5.371664703675712
6710,216.25,26.25,26.25,0.0,2,-12.451946868328296
6711,218.75,26.25,26.25,0.0,2,-18.762058506856135
6712,221.25,26.25,26.25,0.0,2,-25.360068754295288
6713,223.75,26.25,26.25,0.0,2,-31.562502055833345
6714,226.25,26.25,26.25,0.0,2,-37.059018223731556
6715,228.75,26.25,26.25,0.0,2,-41.78422524313456
6716,231.25,26.25,26.25,0.0,2,-45.52719539458817
6717,233.75,26.25,26.25,0.0,2,-47.693116202429614
6718,236.25,26.25,26.25,0.0,2,-46.79508489254686
6719,238.75,26.25,26.25,0.0,2,-44.978490840722785
6720,241.25,26.25,26.25,0.0,2,-43.27992994843537
6721,243.75,26.25,26.25,0.0,2,-38.619171079452485
6722,246.25,26.25,26.25,0.0,2,-32.58912651796738
6723,248.75,26.25,26.25,0.0,2,-24.907887827837797
6724,251.25,26.25,26.25,0.0,2,-15.61755939840763
6725,253.75,26.25,26.25,1.0,0,-10.029264592644822
6726,256.25,26.25,26.25,1.0,0,-19.209160462928182
6727,258.75,26.25,26.25,1.0,0,-30.79925260608463
6728,261.25,26.25,26.25,1.0,0,-32.602182488766616
6729,263.75,26.25,26.25,0.0,2,-26.89378819270284
6730,266.25,26.25,26.25,0.0,2,-22.48146905158693
6731,268.75,26.25,26.25,0.0,2,-19.572882659818998
6732,271.25,26.25,26.25,0.0,2,-17.657203775863273
6733,273.75,26.25,26.25,0.0,2,-17.654178354898416
6734,276.25,26.25,26.25,0.0,2,-20.1457160755926
6735,278.75,26.25,26.25,0.0,2,-22.308134051425178
6736,281.25,26.25,26.25,0.0,1,-24.715272154320804
6737,283.75,26.25,26.25,0.0,1,-26.80702476424685
6738,286.25,26.25,26.25,0.0,1,-27.986852842122282
6739,288.75,26.25,26.25,0.0,1,-29.55057276015922
6740,291.25,26.25,26.25,0.0,1,-31.01634285485486
6741,293.75,26.25,26.25,0.0,1,-32.34188152120271
6742,296.25,26.25,26.25,0.0,1,-33.93504097366287
6743,298.75,26.25,26.25,0.0,1,-36.122536089223075
6744,301.25,26.25,26.25,0.0,1,-38.56297368339831
6745,303.75,26.25,26.25,0.0,1,-40.520765154353576
6746,306.25,26.25,26.25,0.0,1,-42.744408574513606
6747,308.75,26.25,26.25,0.0,1,-46.22694307289638
6748,311.25,26.25,26.25,0.0,1,-49.22835552502893
6749,313.75,26.25,26.25,0.0,1,-51.42574949300505
6750,316.25,26.25,26.25,0.0,1,-54.03322720199074
6751,318.75,26.25,26.25,0.0,1,-57.41270469857516
6752,321.25,26.25,26.25,0.0,1,-60.497576867995825
6753,323.75,26.25,26.25,0.0,1,-62.52787664137978
6754,326.25,26.25,26.25,0.0,1,-65.13336381892843
6755,328.75,26.25,26.25,0.0,1,-67.72012080008965
6756,331.25,26.25,26.25,0.0,1,-69.11406314200498
6757,333.75,26.25,26.25,0.0,1,-70.48376816670645
6758,336.25,26.25,26.25,0.0,1,-71.7828432143234
6759,338.75,26.25,26.25,0.0,1,-73.79385247590453
6760,341.25,26.25,26.25,0.0,1,-77.44004857056426
6761,343.75,26.25,26.25,0.0,1,-83.17719409787179
6762,346.25,26.25,26.25,0.0,1,-91.27449139356595
6763,348.75,26.25,26.25,1.0,0,-102.8748686661196
6764,351.25,26.25,26.25,1.0,0,-114.16711349052811
6765,353.75,26.25,26.25,1.0,0,-117.2496267558704
6766,356.25,26.25,26.25,1.0,0,-118.13740601037391
6767,358.75,26.25,26.25,1.0,0,-118.3032071080992
6768,1.25,28.75,28.75,1.0,0,-119.30081656552156
6769,3.75,28.75,28.75,1.0,0,-116.52992967697327
6770,6.25,28.75,28.75,1.0,0,-114.86442902129232
6771,8.75,28.75,28.75,1.0,0,-114.66604645287758
6772,11.25,28.75,28.75,1.0,0,-112.90562753554042
6773,13.75,28.75,28.75,1.0,0,-111.81495086212821
6774,16.25,28.75,28.75,1.0,0,-111.14548376415677
6775,18.75,28.75,28.75,1.0,0,-113.32474000354969
6776,21.25,28.75,28.75,1.0,0,-118.06813697608847
6777,23.75,28.75,28.75,1.0,0,-122.34190247687661
6778,26.25,28.75,28.75,1.0,0,-124.32775893458098
6779,28.75,28.75,28.75,1.0,0,-124.3849580121782
6780,31.25,28.75,28.75,1.0,0,-122.84617942033998
6781,33.75,28.75,28.75,1.0,0,-123.0127291818986
6782,36.25,28.75,28.75,1.0,0,-131.4960954127882
6783,38.75,28.75,28.75,1.0,0,-143.17408450487102
6784,41.25,28.75,28.75,1.0,0,-148.39425030277224
6785,43.75,28.75,28.75,1.0,0,-146.9684257614265
6786,46.25,28.75,28.75,1.0,0,-144.62631819438215
6787,48.75,28.75,28.75,0.0,3,-141.94697654090623
6788,51.25,28.75,28.75,0.0,3,-135.9409036769017
6789,53.75,28.75,28.75,1.0,0,-131.67477977861546
6790,56.25,28.75,28.75,1.0,0,-132.2132641007268
6791,58.75,28.75,28.75,1.0,0,-130.33598978490843
6792,61.25,28.75,28.75,1.0,0,-132.03066089520854
6793,63.75,28.75,28.75,1.0,0,-132.81933377632478
6794,66.25,28.75,28.75,1.0,0,-118.09676697153873
6795,68.75,28.75,28.75,1.0,0,-98.26564210285616
6796,71.25,28.75,28.75,1.0,0,-81.7698498393582
6797,73.75,28.75,28.75,1.0,0,-66.12928136553359
6798,76.25,28.75,28.75,1.0,0,-52.69186391051413
6799,78.75,28.75,28.75,1.0,0,-43.06693251248903
6800,81.25,28.75,28.75,1.0,0,-71.79258464632568
6801,83.75,28.75,28.75,1.0,0,-197.32788895601334
6802,86.25,28.75,28.75,1.0,0,-283.6674337375209
6803,88.75,28.75,28.75,1.0,0,-270.326682548205
6804,91.25,28.75,28.75,1.0,0,-197.50862155792677
6805,93.75,28.75,28.75,1.0,0,-132.093586970931
6806,96.25,28.75,28.75,1.0,0,-101.95638602712184
6807,98.75,28.75,28.75,1.0,0,-74.6188395242111
6808,101.25,28.75,28.75,1.0,0,-5.662785250123321
6809,103.75,28.75,28.75,1.0,0,-17.305203660812715
6810,106.25,28.75,28.75,1.0,0,-34.20623511441304
6811,108.75,28.75,28.75,1.0,0,-43.589903525708465
6812,111.25,28.75,28.75,1.0,0,-55.90983502978689
6813,113.75,28.75,28.75,1.0,0,-62.67649210728329
6814,116.25,28.75,28.75,1.0,0,-62.43234085765985
6815,118.75,28.75,28.75,1.0,0,-65.78439913871289
6816,121.25,28.75,28.75,0.0,2,-72.41701460433515
6817,123.75,28.75,28.75,0.0,2,-67.4665447622334
6818,126.25,28.75,28.75,0.0,2,-57.12209471746733
6819,128.75,28.75,28.75,0.0,2,-45.633525348486735
6820,131.25,28.75,28.75,0.0,2,-35.289014154051344
6821,133.75,28.75,28.75,0.0,2,-26.198151550505784
6822,136.25,28.75,28.75,0.0,2,-18.391304192712088
6823,138.75,28.75,28.75,0.0,2,-12.03852108377536
6824,141.25,28.75,28.75,0.0,2,-6.94514468130578
6825,143.75,28.75,28.75,0.0,2,-1.7370122601336586
6826,146.25,28.75,28.75,0.0,2,2.976979935134595
6827,148.75,28.75,28.75,0.0,2,7.369922146064309
6828,151.25,28.75,28.75,0.0,2,11.303259382934595
6829,153.75,28.75,28.75,0.0,2,14.108904027142103
6830,156.25,28.75,28.75,0.0,2,17.5955283833955
6831,158.75,28.75,28.75,0.0,2,21.271920801919286
6832,161.25,28.75,28.75,0.0,2,24.082638621923895
6833,163.75,28.75,28.75,0.0,2,26.107355058125847
6834,166.25,28.75,28.75,0.0,2,28.64021234855051
6835,168.75,28.75,28.75,0.0,2,29.610503088621037
6836,171.25,28.75,28.75,0.0,2,30.195688301147705
6837,173.75,28.75,28.75,0.0,2,31.122819425142666
6838,176.25,28.75,28.75,0.0,2,31.9518796936844
6839,178.75,28.75,28.75,0.0,2,32.72630092090405
6840,181.25,28.75,28.75,0.0,2,33.680540087960956
6841,183.75,28.75,28.75,0.0,2,35.15112800268438
6842,186.25,28.75,28.75,0.0,2,37.13273718871044
6843,188.75,28.75,28.75,0.0,2,38.787323696084655
6844,191.25,28.75,28.75,0.0,2,40.26450424631901
6845,193.75,28.75,28.75,0.0,2,40.65673580910167
6846,196.25,28.75,28.75,0.0,2,40.01026022263542
6847,198.75,28.75,28.75,0.0,2,38.598413248117055
6848,201.25,28.75,28.75,0.0,2,36.31984282874625
6849,203.75,28.75,28.75,0.0,2,32.961343950155054
6850,206.25,28.75,28.75,0.0,2,28.427522439932144
6851,208.75,28.75,28.75,0.0,2,22.952333366838985
6852,211.25,28.75,28.75,0.0,2,17.13814057740462
6853,213.75,28.75,28.75,0.0,2,9.795684060526971
6854,216.25,28.75,28.75,0.0,2,1.3379923852100415
6855,218.75,28.75,28.75,0.0,2,-6.662653450675103
6856,221.25,28.75,28.75,0.0,2,-13.829518194179363
6857,223.75,28.75,28.75,0.0,2,-20.822831860192075
6858,226.25,28.75,28.75,0.0,2,-27.9025069109441
6859,228.75,28.75,28.75,0.0,2,-34.29415781966382
6860,231.25,28.75,28.75,0.0,2,-39.01534930752154
6861,233.75,28.75,28.75,0.0,2,-42.294916390519916
6862,236.25,28.75,28.75,0.0,2,-42.87922080913006
6863,238.75,28.75,28.75,0.0,2,-42.41517872692175
6864,241.25,28.75,28.75,0.0,2,-42.40940034660201
6865,243.75,28.75,28.75,0.0,2,-41.34939570007661
6866,246.25,28.75,28.75,0.0,2,-39.0689305464229
6867,248.75,28.75,28.75,1.0,0,-34.98898764855562
6868,251.25,28.75,28.75,1.0,0,-31.233074936233972
6869,253.75,28.75,28.75,1.0,0,-31.33159604169366
6870,256.25,28.75,28.75,1.0,0,-34.54873841735714
6871,258.75,28.75,28.75,1.0,0,-36.541444516475245
6872,261.25,28.75,28.75,1.0,0,-34.412753411469964
6873,263.75,28.75,28.75,0.0,2,-30.226694474885896
6874,266.25,28.75,28.75,0.0,2,-27.60731899557338
6875,268.75,28.75,28.75,0.0,2,-26.24495371402596
6876,271.25,28.75,28.75,0.0,2,-25.88775951356567
6877,273.75,28.75,28.75,0.0,2,-26.450527226030577
6878,276.25,28.75,28.75,0.0,2,-27.617665917389967
6879,278.75,28.75,28.75,0.0,2,-28.81087142850749
6880,281.25,28.75,28.75,0.0,1,-29.27331435173106
6881,283.75,28.75,28.75,0.0,1,-28.41306143193819
6882,286.25,28.75,28.75,0.0,1,-28.3905976387909
6883,288.75,28.75,28.75,0.0,1,-29.10989639470518
6884,291.25,28.75,28.75,0.0,1,-30.40241873277016
6885,293.75,28.75,28.75,0.0,1,-31.956374803492142
6886,296.25,28.75,28.75,0.0,1,-33.30912623437883
6887,298.75,28.75,28.75,0.0,1,-34.27359266328959
6888,301.25,28.75,28.75,0.0,1,-35.51420856236132
6889,303.75,28.75,28.75,0.0,1,-37.37564341998579
6890,306.25,28.75,28.75,0.0,1,-39.76888494011923
6891,308.75,28.75,28.75,0.0,1,-42.03299802956374
6892,311.25,28.75,28.75,0.0,1,-44.149405811468796
6893,313.75,28.75,28.75,0.0,1,-46.94762085647313
6894,316.25,28.75,28.75,0.0,1,-49.936950653120334
6895,318.75,28.75,28.75,0.0,1,-52.26814037095432
6896,321.25,28.75,28.75,0.0,1,-54.14383369527273
6897,323.75,28.75,28.75,0.0,1,-57.21590000419971
6898,326.25,28.75,28.75,0.0,1,-60.88266760716175
6899,328.75,28.75,28.75,0.0,1,-62.96084533592391
6900,331.25,28.75,28.75,0.0,1,-65.68137251614058
6901,333.75,28.75,28.75,0.0,1,-68.90832190856501
6902,336.25,28.75,28.75,0.0,1,-72.0342644081642
6903,338.75,28.75,28.75,0.0,1,-75.76451920074703
6904,341.25,28.75,28.75,0.0,1,-79.71214870088923
6905,343.75,28.75,28.75,0.0,1,-83.10388420460914
6906,346.25,28.75,28.75,0.0,1,-88.14336475928063
6907,348.75,28.75,28.75,0.0,1,-96.37043323736334
6908,351.25,28.75,28.75,1.0,0,-112.7675108095679
6909,353.75,28.75,28.75,1.0,0,-122.66245480900672
6910,356.25,28.75,28.75,1.0,0,-122.39272319272159
6911,358.75,28.75,28.75,1.0,0,-121.08290000494631
6912,1.25,31.25,31.25,1.0,0,-119.84162629774535
6913,3.75,31.25,31.25,1.0,0,-117.34724039048122
6914,6.25,31.25,31.25,1.0,0,-114.2987957999634
6915,8.75,31.25,31.25,1.0,0,-111.13197303470652
6916,11.25,31.25,31.25,1.0,0,-107.96833900459173
6917,13.75,31.25,31.25,1.0,0,-108.23947901300677
6918,16.25,31.25,31.25,0.0,1,-109.2090365124909
6919,18.75,31.25,31.25,0.0,1,-112.43564900369954
6920,21.25,31.25,31.25,1.0,0,-117.08030994215224
6921,23.75,31.25,31.25,1.0,0,-121.34296840860233
6922,26.25,31.25,31.25,0.0,1,-124.0076809151364
6923,28.75,31.25,31.25,0.0,1,-124.54554875193665
6924,31.25,31.25,31.25,0.0,2,-122.63769847011372
6925,33.75,31.25,31.25,0.0,2,-122.04764057039588
6926,36.25,31.25,31.25,1.0,0,-125.70638626787537
6927,38.75,31.25,31.25,1.0,0,-135.7587798566043
6928,41.25,31.25,31.25,1.0,0,-141.86900866938103
6929,43.75,31.25,31.25,1.0,0,-143.37914178732
6930,46.25,31.25,31.25,1.0,0,-142.49937693565488
6931,48.75,31.25,31.25,1.0,0,-141.3888512669129
6932,51.25,31.25,31.25,1.0,0,-140.270466892422
6933,53.75,31.25,31.25,1.0,0,-137.41096191370707
6934,56.25,31.25,31.25,1.0,0,-135.9896609332521
6935,58.75,31.25,31.25,1.0,0,-134.11385726190173
6936,61.25,31.25,31.25,1.0,0,-137.8718646416061
6937,63.75,31.25,31.25,1.0,0,-143.80274202570945
6938,66.25,31.25,31.25,1.0,0,-136.043781128118
6939,68.75,31.25,31.25,1.0,0,-115.60292034090858
6940,71.25,31.25,31.25,1.0,0,-95.74371593589895
6941,73.75,31.25,31.25,1.0,0,-84.40914562814397
6942,76.25,31.25,31.25,1.0,0,-72.55526046468142
6943,78.75,31.25,31.25,1.0,0,-146.72656481067057
6944,81.25,31.25,31.25,1.0,0,-518.1801939429452
6945,83.75,31.25,31.25,1.0,0,-915.4232290045871
6946,86.25,31.25,31.25,1.0,0,-1099.4927682644282
6947,88.75,31.25,31.25,1.0,0,-1012.4407099427735
6948,91.25,31.25,31.25,1.0,0,-749.694727004993
6949,93.75,31.25,31.25,1.0,0,-477.19531386723486
6950,96.25,31.25,31.25,1.0,0,-312.43066664257464
6951,98.75,31.25,31.25,1.0,0,-216.27363531945122
6952,101.25,31.25,31.25,1.0,0,-61.91318073120323
6953,103.75,31.25,31.25,1.0,0,-39.59010364009392
6954,106.25,31.25,31.25,1.0,0,-56.388100918089265
6955,108.75,31.25,31.25,1.0,0,-63.10348108268725
6956,111.25,31.25,31.25,1.0,0,-70.07643800958445
6957,113.75,31.25,31.25,1.0,0,-74.82459766322589
6958,116.25,31.25,31.25,1.0,0,-75.16109815774963
6959,118.75,31.25,31.25,1.0,0,-75.70493336938848
6960,121.25,31.25,31.25,1.0,0,-78.00063874039589
6961,123.75,31.25,31.25,0.0,2,-71.71128641151003
6962,126.25,31.25,31.25,0.0,2,-60.862330915484975
6963,128.75,31.25,31.25,0.0,2,-46.798380788479456
6964,131.25,31.25,31.25,0.0,2,-32.612553048062026
6965,133.75,31.25,31.25,0.0,2,-20.94176294224053
6966,136.25,31.25,31.25,0.0,2,-10.5976073339184
6967,138.75,31.25,31.25,0.0,2,-1.3793080370581607
6968,141.25,31.25,31.25,0.0,2,5.525908611845453
6969,143.75,31.25,31.25,0.0,2,12.0480618994904
6970,146.25,31.25,31.25,0.0,2,19.52308911964512
6971,148.75,31.25,31.25,0.0,2,24.61610929575555
6972,151.25,31.25,31.25,0.0,2,29.981154926822423
6973,153.75,31.25,31.25,0.0,2,34.05864056746197
6974,156.25,31.25,31.25,0.0,2,37.338290589321154
6975,158.75,31.25,31.25,0.0,2,41.07732298716102
6976,161.25,31.25,31.25,0.0,2,45.23742429517756
6977,163.75,31.25,31.25,0.0,2,48.762711595140466
6978,166.25,31.25,31.25,0.0,2,51.868018770212416
6979,168.75,31.25,31.25,0.0,2,54.43648363449154
6980,171.25,31.25,31.25,0.0,2,56.33014304407103
6981,173.75,31.25,31.25,0.0,2,57.50092851413192
6982,176.25,31.25,31.25,0.0,2,58.46215165866345
6983,178.75,31.25,31.25,0.0,2,59.608698774073154
6984,181.25,31.25,31.25,0.0,2,60.74917499780287
6985,183.75,31.25,31.25,0.0,2,61.95761168558285
6986,186.25,31.25,31.25,0.0,2,63.498486722626595
6987,188.75,31.25,31.25,0.0,2,64.8730684279645
6988,191.25,31.25,31.25,0.0,2,65.23296129618222
6989,193.75,31.25,31.25,0.0,2,64.35703884684197
6990,196.25,31.25,31.25,0.0,2,62.96087781191636
6991,198.75,31.25,31.25,0.0,2,60.52057419676288
6992,201.25,31.25,31.25,0.0,2,56.77428156733633
6993,203.75,31.25,31.25,0.0,2,52.37581594312876
6994,206.25,31.25,31.25,0.0,2,47.56915208083829
6995,208.75,31.25,31.25,0.0,2,41.797525964866736
6996,211.25,31.25,31.25,0.0,2,34.579464314582545
6997,213.75,31.25,31.25,0.0,2,25.796844026713426
6998,216.25,31.25,31.25,0.0,2,16.820697455612624
6999,218.75,31.25,31.25,0.0,2,8.125731379248002
7000,221.25,31.25,31.25,0.0,2,-0.759976655398874
7001,223.75,31.25,31.25,0.0,2,-9.529733318423643
7002,226.25,31.25,31.25,0.0,2,-17.9428262205031
7003,228.75,31.25,31.25,0.0,2,-25.838318569418796
7004,231.25,31.25,31.25,0.0,2,-33.06211833024438
7005,233.75,31.25,31.25,0.0,2,-39.18336785085896
7006,236.25,31.25,31.25,0.0,2,-42.07025423449937
7007,238.75,31.25,31.25,0.0,2,-42.485345391765065
7008,241.25,31.25,31.25,0.0,2,-43.59541038571047
7009,243.75,31.25,31.25,0.0,2,-45.50001695981213
7010,246.25,31.25,31.25,1.0,0,-47.04021805305225
7011,248.75,31.25,31.25,1.0,0,-46.7047802293881
7012,251.25,31.25,31.25,1.0,0,-45.51690829592341
7013,253.75,31.25,31.25,1.0,0,-45.68297116868043
7014,256.25,31.25,31.25,1.0,0,-46.26575028883504
7015,258.75,31.25,31.25,1.0,0,-44.92741293895694
7016,261.25,31.25,31.25,1.0,0,-40.76842023681544
7017,263.75,31.25,31.25,1.0,0,-37.58779669601455
7018,266.25,31.25,31.25,1.0,0,-35.214723389310066
7019,268.75,31.25,31.25,1.0,0,-33.721843328436414
7020,271.25,31.25,31.25,0.0,2,-32.94297640702636
7021,273.75,31.25,31.25,0.0,2,-32.34104564688295
7022,276.25,31.25,31.25,1.0,0,-31.986037349527276
7023,278.75,31.25,31.25,0.0,2,-33.56091676505941
7024,281.25,31.25,31.25,0.0,1,-34.06542208648488
7025,283.75,31.25,31.25,0.0,1,-30.404602939943285
7026,286.25,31.25,31.25,0.0,1,-27.468523396211175
7027,288.75,31.25,31.25,0.0,1,-25.4481842768885
7028,291.25,31.25,31.25,0.0,1,-24.501820816413108
7029,293.75,31.25,31.25,0.0,1,-24.63998561823483
7030,296.25,31.25,31.25,0.0,1,-25.46684960785888
7031,298.75,31.25,31.25,0.0,1,-26.561220613073615
7032,301.25,31.25,31.25,0.0,1,-28.124243252881293
7033,303.75,31.25,31.25,0.0,1,-29.97470506235895
7034,306.25,31.25,31.25,0.0,1,-31.88628596464348
7035,308.75,31.25,31.25,0.0,1,-34.12950248375264
7036,311.25,31.25,31.25,0.0,1,-37.06887006808401
7037,313.75,31.25,31.25,0.0,1,-40.15118959831699
7038,316.25,31.25,31.25,0.0,1,-42.87899035574644
7039,318.75,31.25,31.25,0.0,1,-45.56685588118848
7040,321.25,31.25,31.25,0.0,1,-48.783969809739276
7041,323.75,31.25,31.25,0.0,1,-51.88748423812032
7042,326.25,31.25,31.25,0.0,1,-54.42455498076998
7043,328.75,31.25,31.25,0.0,1,-57.40617063445037
7044,331.25,31.25,31.25,0.0,1,-60.39299173828541
7045,333.75,31.25,31.25,0.0,1,-63.28006874388512
7046,336.25,31.25,31.25,0.0,1,-66.5365011121557
7047,338.75,31.25,31.25,0.0,1,-71.11256500044577
7048,341.25,31.25,31.25,0.0,1,-76.12932324565045
7049,343.75,31.25,31.25,0.0,1,-79.93558909176866
7050,346.25,31.25,31.25,0.0,1,-83.69683522161523
7051,348.75,31.25,31.25,0.0,1,-90.87497495437547
7052,351.25,31.25,31.25,1.0,0,-99.17296328009407
7053,353.75,31.25,31.25,1.0,0,-114.22990349837681
7054,356.25,31.25,31.25,1.0,0,-119.91126640412688
7055,358.75,31.25,31.25,1.0,0,-120.97854585365451
7056,1.25,33.75,33.75,1.0,0,-117.79857348769345
7057,3.75,33.75,33.75,1.0,0,-116.55573572345732
7058,6.25,33.75,33.75,1.0,0,-112.64436126394236
7059,8.75,33.75,33.75,1.0,0,-108.10633896821048
7060,11.25,33.75,33.75,0.0,1,-106.51363412814263
7061,13.75,33.75,33.75,0.0,1,-108.0026718385231
7062,16.25,33.75,33.75,0.0,1,-110.11488608763565
7063,18.75,33.75,33.75,0.0,1,-113.93329736881363
7064,21.25,33.75,33.75,0.0,1,-118.59905774973795
7065,23.75,33.75,33.75,0.0,1,-123.63407923852614
7066,26.25,33.75,33.75,0.0,1,-127.54141278495678
7067,28.75,33.75,33.75,0.0,1,-128.12664278420144
7068,31.25,33.75,33.75,0.0,2,-125.35230641433448
7069,33.75,33.75,33.75,0.0,2,-124.60651924660314
7070,36.25,33.75,33.75,0.0,2,-125.16586426998933
7071,38.75,33.75,33.75,1.0,0,-135.92404477317558
7072,41.25,33.75,33.75,1.0,0,-142.71944741057314
7073,43.75,33.75,33.75,1.0,0,-144.99430678739452
7074,46.25,33.75,33.75,1.0,0,-147.01204018439654
7075,48.75,33.75,33.75,1.0,0,-148.59385993137406
7076,51.25,33.75,33.75,1.0,0,-145.7681014544769
7077,53.75,33.75,33.75,1.0,0,-140.0616194599804
7078,56.25,33.75,33.75,1.0,0,-139.12560893965966
7079,58.75,33.75,33.75,1.0,0,-136.61587694583926
7080,61.25,33.75,33.75,1.0,0,-140.68425191878381
7081,63.75,33.75,33.75,1.0,0,-154.8540481818376
7082,66.25,33.75,33.75,1.0,0,-163.32845383472505
7083,68.75,33.75,33.75,1.0,0,-149.95752439940074
7084,71.25,33.75,33.75,1.0,0,-124.48685892718426
7085,73.75,33.75,33.75,1.0,0,-114.7144458922101
7086,76.25,33.75,33.75,1.0,0,-138.66567420917028
7087,78.75,33.75,33.75,1.0,0,-308.149644071272
7088,81.25,33.75,33.75,1.0,0,-693.6847496098208
7089,83.75,33.75,33.75,1.0,0,-1061.5296964148522
7090,86.25,33.75,33.75,1.0,0,-1302.8889388922196
7091,88.75,33.75,33.75,1.0,0,-1261.1719348706222
7092,91.25,33.75,33.75,1.0,0,-957.5958381348328
7093,93.75,33.75,33.75,1.0,0,-581.5084337024728
7094,96.25,33.75,33.75,1.0,0,-335.6025898608975
7095,98.75,33.75,33.75,1.0,0,-223.71931613338307
7096,101.25,33.75,33.75,1.0,0,-86.52043843995176
7097,103.75,33.75,33.75,1.0,0,-51.765992668963875
7098,106.25,33.75,33.75,1.0,0,-70.17817292314284
7099,108.75,33.75,33.75,1.0,0,-75.8751299961743
7100,111.25,33.75,33.75,1.0,0,-76.78237425193419
7101,113.75,33.75,33.75,1.0,0,-77.66394865063349
7102,116.25,33.75,33.75,1.0,0,-77.89884144171592
7103,118.75,33.75,33.75,1.0,0,-76.72340567986528
7104,121.25,33.75,33.75,0.0,2,-75.8330985246377
7105,123.75,33.75,33.75,0.0,2,-69.27669767017747
7106,126.25,33.75,33.75,0.0,2,-58.278257862106955
7107,128.75,33.75,33.75,0.0,2,-43.897499655996405
7108,131.25,33.75,33.75,0.0,2,-28.970613771722487
7109,133.75,33.75,33.75,0.0,2,-16.839341506973014
7110,136.25,33.75,33.75,0.0,2,-4.887634862809593
7111,138.75,33.75,33.75,0.0,2,7.247987830720686
7112,141.25,33.75,33.75,0.0,2,16.45312914860024
7113,143.75,33.75,33.75,0.0,2,23.156839173071756
7114,146.25,33.75,33.75,0.0,2,33.09012178352411
7115,148.75,33.75,33.75,0.0,2,39.82240172859334
7116,151.25,33.75,33.75,0.0,2,45.081425996918405
7117,153.75,33.75,33.75,0.0,2,50.72277759610871
7118,156.25,33.75,33.75,0.0,2,55.52137484208116
7119,158.75,33.75,33.75,0.0,2,60.287672915317586
7120,161.25,33.75,33.75,0.0,2,65.6832303054041
7121,163.75,33.75,33.75,0.0,2,71.05805469552162
7122,166.25,33.75,33.75,0.0,2,75.43343421864986
7123,168.75,33.75,33.75,0.0,2,79.47389333626705
7124,171.25,33.75,33.75,0.0,2,83.32072422951943
7125,173.75,33.75,33.75,0.0,2,86.0874484232158
7126,176.25,33.75,33.75,0.0,2,88.04417221652477
7127,178.75,33.75,33.75,0.0,2,89.750984861288
7128,181.25,33.75,33.75,0.0,2,91.34619420109468
7129,183.75,33.75,33.75,0.0,2,92.74542020967411
7130,186.25,33.75,33.75,0.0,2,93.7856859740456
7131,188.75,33.75,33.75,0.0,2,94.26281945659493
7132,191.25,33.75,33.75,0.0,2,94.08196110692522
7133,193.75,33.75,33.75,0.0,2,92.16855611881996
7134,196.25,33.75,33.75,0.0,2,89.27454630174178
7135,198.75,33.75,33.75,0.0,2,86.00179703815532
7136,201.25,33.75,33.75,0.0,2,81.34033386855391
7137,203.75,33.75,33.75,0.0,2,75.2080599592466
7138,206.25,33.75,33.75,0.0,2,68.27526421893292
7139,208.75,33.75,33.75,0.0,2,61.08345476517704
7140,211.25,33.75,33.75,0.0,2,53.164648799723935
7141,213.75,33.75,33.75,0.0,2,43.192330153367394
7142,216.25,33.75,33.75,0.0,2,32.64092770675009
7143,218.75,33.75,33.75,0.0,2,22.878345495048126
7144,221.25,33.75,33.75,0.0,2,12.948975671463959
7145,223.75,33.75,33.75,0.0,2,3.1653464737444446
7146,226.25,33.75,33.75,0.0,2,-6.910878338786941
7147,228.75,33.75,33.75,0.0,2,-17.589538560481188
7148,231.25,33.75,33.75,0.0,2,-28.098174258553666
7149,233.75,33.75,33.75,0.0,2,-36.38586740523013
7150,236.25,33.75,33.75,0.0,2,-41.71490048319436
7151,238.75,33.75,33.75,0.0,2,-44.484168743470775
7152,241.25,33.75,33.75,0.0,2,-48.28940518865912
7153,243.75,33.75,33.75,1.0,0,-52.24411832545122
7154,246.25,33.75,33.75,1.0,0,-55.41903012416387
7155,248.75,33.75,33.75,1.0,0,-57.45491389223893
7156,251.25,33.75,33.75,1.0,0,-57.843323780011026
7157,253.75,33.75,33.75,1.0,0,-56.59485234159205
7158,256.25,33.75,33.75,1.0,0,-56.235838332514334
7159,258.75,33.75,33.75,1.0,0,-56.79954632337198
7160,261.25,33.75,33.75,1.0,0,-50.80652234707653
7161,263.75,33.75,33.75,1.0,0,-45.91344358085562
7162,266.25,33.75,33.75,1.0,0,-42.74618191237524
7163,268.75,33.75,33.75,1.0,0,-40.783375936171915
7164,271.25,33.75,33.75,1.0,0,-38.976193331311194
7165,273.75,33.75,33.75,1.0,0,-36.52448488505625
7166,276.25,33.75,33.75,1.0,0,-34.12053077921372
7167,278.75,33.75,33.75,1.0,0,-34.39932139065385
7168,281.25,33.75,33.75,0.0,1,-35.084508012593574
7169,283.75,33.75,33.75,0.0,1,-31.63472718892958
7170,286.25,33.75,33.75,0.0,1,-25.998138393194424
7171,288.75,33.75,33.75,0.0,1,-20.49027410616016
7172,291.25,33.75,33.75,0.0,1,-16.827142115184593
7173,293.75,33.75,33.75,0.0,1,-14.836274602754463
7174,296.25,33.75,33.75,0.0,1,-13.98502633192905
7175,298.75,33.75,33.75,0.0,1,-14.30078766225893
7176,301.25,33.75,33.75,0.0,1,-15.817639327827656
7177,303.75,33.75,33.75,0.0,1,-17.627039502992435
7178,306.25,33.75,33.75,0.0,1,-19.843502901435723
7179,308.75,33.75,33.75,0.0,1,-22.29103066312572
7180,311.25,33.75,33.75,0.0,1,-25.504534210361488
7181,313.75,33.75,33.75,0.0,1,-29.03061389152879
7182,316.25,33.75,33.75,0.0,1,-32.546680464712395
7183,318.75,33.75,33.75,0.0,1,-36.32649025111112
7184,321.25,33.75,33.75,0.0,1,-40.478954880073
7185,323.75,33.75,33.75,0.0,1,-43.761190667954445
7186,326.25,33.75,33.75,0.0,1,-47.40093799558514
7187,328.75,33.75,33.75,0.0,1,-51.978406195136316
7188,331.25,33.75,33.75,0.0,1,-54.70996494947561
7189,333.75,33.75,33.75,0.0,1,-57.83058941150842
7190,336.25,33.75,33.75,0.0,1,-61.593336286493226
7191,338.75,33.75,33.75,0.0,1,-66.27371133449716
7192,341.25,33.75,33.75,0.0,1,-71.8037187532434
7193,343.75,33.75,33.75,0.0,1,-77.2924402209899
7194,346.25,33.75,33.75,0.0,1,-81.22326431939433
7195,348.75,33.75,33.75,0.0,1,-88.33663369538138
7196,351.25,33.75,33.75,0.0,1,-94.33635817468101
7197,353.75,33.75,33.75,0.0,1,-105.00234749896512
7198,356.25,33.75,33.75,1.0,0,-112.95912411668904
7199,358.75,33.75,33.75,1.0,0,-116.77442414919308
7200,1.25,36.25,36.25,0.0,1,-115.12763347651915
7201,3.75,36.25,36.25,0.0,1,-113.0938907834498
7202,6.25,36.25,36.25,0.0,1,-109.36464145529087
7203,8.75,36.25,36.25,1.0,0,-106.34743284729603
7204,11.25,36.25,36.25,0.0,1,-106.69817280559984
7205,13.75,36.25,36.25,0.0,1,-109.13416456485211
7206,16.25,36.25,36.25,0.0,1,-112.94010205944949
7207,18.75,36.25,36.25,0.0,1,-117.43427663458601
7208,21.25,36.25,36.25,0.0,1,-121.93959728277088
7209,23.75,36.25,36.25,0.0,1,-127.0284179074113
7210,26.25,36.25,36.25,0.0,1,-131.51562091521748
7211,28.75,36.25,36.25,0.0,1,-133.31516127854673
7212,31.25,36.25,36.25,0.0,2,-133.56405246431947
7213,33.75,36.25,36.25,0.0,2,-133.29192250795862
7214,36.25,36.25,36.25,0.0,2,-135.36789759096447
7215,38.75,36.25,36.25,1.0,0,-146.43921616047578
7216,41.25,36.25,36.25,1.0,0,-151.89509899515377
7217,43.75,36.25,36.25,1.0,0,-152.8843025000417
7218,46.25,36.25,36.25,1.0,0,-150.62060097188325
7219,48.75,36.25,36.25,1.0,0,-144.4701968948494
7220,51.25,36.25,36.25,1.0,0,-136.19503137787638
7221,53.75,36.25,36.25,0.0,2,-133.93291079436452
7222,56.25,36.25,36.25,1.0,0,-136.33651559031966
7223,58.75,36.25,36.25,1.0,0,-135.14487237938667
7224,61.25,36.25,36.25,1.0,0,-138.2155262539011
7225,63.75,36.25,36.25,1.0,0,-150.85728741721576
7226,66.25,36.25,36.25,1.0,0,-164.51513589476548
7227,68.75,36.25,36.25,1.0,0,-165.69720314918595
7228,71.25,36.25,36.25,1.0,0,-154.20668430890626
7229,73.75,36.25,36.25,1.0,0,-143.33812527067735
7230,76.25,36.25,36.25,1.0,0,-148.55402433917675
7231,78.75,36.25,36.25,1.0,0,-237.52463207779874
7232,81.25,36.25,36.25,1.0,0,-387.4525284450167
7233,83.75,36.25,36.25,1.0,0,-527.8057580779712
7234,86.25,36.25,36.25,1.0,0,-674.1825972451611
7235,88.75,36.25,36.25,1.0,0,-696.8276432884019
7236,91.25,36.25,36.25,1.0,0,-553.400236229743
7237,93.75,36.25,36.25,1.0,0,-343.8081988267174
7238,96.25,36.25,36.25,1.0,0,-213.60671841003378
7239,98.75,36.25,36.25,1.0,0,-173.04194124321776
7240,101.25,36.25,36.25,1.0,0,-91.34292622557655
7241,103.75,36.25,36.25,1.0,0,-63.858979783382324
7242,106.25,36.25,36.25,1.0,0,-77.3260113173216
7243,108.75,36.25,36.25,1.0,0,-78.25197144357497
7244,111.25,36.25,36.25,1.0,0,-74.19851457877428
7245,113.75,36.25,36.25,1.0,0,-71.67257732407295
7246,116.25,36.25,36.25,1.0,0,-70.68226269095075
7247,118.75,36.25,36.25,1.0,0,-69.28167232572443
7248,121.25,36.25,36.25,0.0,2,-68.64712100879329
7249,123.75,36.25,36.25,0.0,2,-62.44862816623159
7250,126.25,36.25,36.25,0.0,2,-50.87132758376601
7251,128.75,36.25,36.25,0.0,2,-38.10019823095954
7252,131.25,36.25,36.25,0.0,2,-24.864711286761167
7253,133.75,36.25,36.25,0.0,2,-13.361205343518606
7254,136.25,36.25,36.25,0.0,2,-1.7516438389758613
7255,138.75,36.25,36.25,1.0,0,10.192909580371282
7256,141.25,36.25,36.25,0.0,2,19.79805637899164
7257,143.75,36.25,36.25,0.0,2,25.813925508501136
7258,146.25,36.25,36.25,0.0,2,35.200382090658586
7259,148.75,36.25,36.25,0.0,2,44.17673002824174
7260,151.25,36.25,36.25,0.0,2,50.39124198002647
7261,153.75,36.25,36.25,0.0,2,57.32902991314938
7262,156.25,36.25,36.25,0.0,2,64.34262704329238
7263,158.75,36.25,36.25,0.0,2,71.22676757724122
7264,161.25,36.25,36.25,0.0,2,78.09702380001445
7265,163.75,36.25,36.25,0.0,2,84.94289291654961
7266,166.25,36.25,36.25,0.0,2,91.43486162897028
7267,168.75,36.25,36.25,0.0,2,97.92430540762359
7268,171.25,36.25,36.25,0.0,2,103.78358749452312
7269,173.75,36.25,36.25,0.0,2,108.86155482225158
7270,176.25,36.25,36.25,0.0,2,113.1277266028459
7271,178.75,36.25,36.25,0.0,2,116.39466165339206
7272,181.25,36.25,36.25,0.0,2,119.11681837780831
7273,183.75,36.25,36.25,0.0,2,121.47372653093181
7274,186.25,36.25,36.25,0.0,2,122.97151718799411
7275,188.75,36.25,36.25,0.0,2,122.99812787606719
7276,191.25,36.25,36.25,0.0,2,122.37838280479501
7277,193.75,36.25,36.25,0.0,2,120.39099278574658
7278,196.25,36.25,36.25,0.0,2,116.65091772915706
7279,198.75,36.25,36.25,0.0,2,112.14369399246223
7280,201.25,36.25,36.25,0.0,2,106.37963719469283
7281,203.75,36.25,36.25,0.0,2,99.02722931796764
7282,206.25,36.25,36.25,0.0,2,90.43664796611891
7283,208.75,36.25,36.25,0.0,2,81.27921103469951
7284,211.25,36.25,36.25,0.0,2,71.688013777331
7285,213.75,36.25,36.25,0.0,2,60.460161687810725
7286,216.25,36.25,36.25,0.0,2,48.230652317094574
7287,218.75,36.25,36.25,0.0,2,36.73607576499851
7288,221.25,36.25,36.25,0.0,2,25.55391633592718
7289,223.75,36.25,36.25,0.0,2,14.730358334349912
7290,226.25,36.25,36.25,0.0,2,3.466381787688543
7291,228.75,36.25,36.25,0.0,2,-8.980530266183512
7292,231.25,36.25,36.25,0.0,2,-22.510960780661907
7293,233.75,36.25,36.25,0.0,2,-35.74217298585496
7294,236.25,36.25,36.25,0.0,2,-45.480460764953975
7295,238.75,36.25,36.25,0.0,2,-49.891700317150644
7296,241.25,36.25,36.25,1.0,0,-57.82952690097089
7297,243.75,36.25,36.25,1.0,0,-64.61416987458287
7298,246.25,36.25,36.25,1.0,0,-69.24819197867957
7299,248.75,36.25,36.25,1.0,0,-72.61105913322366
7300,251.25,36.25,36.25,1.0,0,-72.3030216204272
7301,253.75,36.25,36.25,1.0,0,-66.22758771933908
7302,256.25,36.25,36.25,1.0,0,-62.072043946485294
7303,258.75,36.25,36.25,1.0,0,-65.45570054170445
7304,261.25,36.25,36.25,1.0,0,-59.15526362393491
7305,263.75,36.25,36.25,1.0,0,-53.26650935846263
7306,266.25,36.25,36.25,1.0,0,-49.087393438553065
7307,268.75,36.25,36.25,1.0,0,-45.912223763211074
7308,271.25,36.25,36.25,1.0,0,-42.72846638943279
7309,273.75,36.25,36.25,1.0,0,-39.16848826149629
7310,276.25,36.25,36.25,1.0,0,-35.87985597893339
7311,278.75,36.25,36.25,1.0,0,-34.026169292611264
7312,281.25,36.25,36.25,1.0,0,-33.56058633748319
7313,283.75,36.25,36.25,0.0,1,-31.659031643998052
7314,286.25,36.25,36.25,0.0,1,-25.22289782461834
7315,288.75,36.25,36.25,0.0,1,-17.179847199993887
7316,291.25,36.25,36.25,0.0,1,-10.875281673876971
7317,293.75,36.25,36.25,0.0,1,-6.12214345668514
7318,296.25,36.25,36.25,0.0,1,-2.5327309982672714
7319,298.75,36.25,36.25,0.0,1,-0.9218628627218645
7320,301.25,36.25,36.25,0.0,1,-1.4214718051256932
7321,303.75,36.25,36.25,0.0,1,-2.3940454939549602
7322,306.25,36.25,36.25,0.0,1,-4.727389824291984
7323,308.75,36.25,36.25,0.0,1,-7.032226387555265
7324,311.25,36.25,36.25,0.0,1,-10.108688457655663
7325,313.75,36.25,36.25,0.0,1,-14.645935266398913
7326,316.25,36.25,36.25,0.0,1,-19.746780379221516
7327,318.75,36.25,36.25,0.0,1,-24.59354389067663
7328,321.25,36.25,36.25,0.0,1,-29.143645066452024
7329,323.75,36.25,36.25,0.0,1,-33.43043318938738
7330,326.25,36.25,36.25,0.0,1,-38.639029292157865
7331,328.75,36.25,36.25,0.0,1,-43.83741372984051
7332,331.25,36.25,36.25,0.0,1,-47.23937576357874
7333,333.75,36.25,36.25,0.0,1,-51.68976687305182
7334,336.25,36.25,36.25,0.0,1,-56.40296124362261
7335,338.75,36.25,36.25,0.0,1,-61.2353679233582
7336,341.25,36.25,36.25,0.0,1,-67.27564180100711
7337,343.75,36.25,36.25,0.0,1,-74.88295328980684
7338,346.25,36.25,36.25,0.0,1,-81.31898950405558
7339,348.75,36.25,36.25,0.0,1,-89.59701011778695
7340,351.25,36.25,36.25,0.0,1,-98.4446138357131
7341,353.75,36.25,36.25,0.0,1,-106.65046446554709
7342,356.25,36.25,36.25,0.0,1,-112.88440925729932
7343,358.75,36.25,36.25,0.0,1,-115.3258301102137
7344,1.25,38.75,38.75,0.0,1,-114.32939879622018
7345,3.75,38.75,38.75,0.0,1,-110.51690308109126
7346,6.25,38.75,38.75,0.0,1,-107.21938788410104
7347,8.75,38.75,38.75,0.0,1,-106.12211283508088
7348,11.25,38.75,38.75,0.0,1,-108.25613407691255
7349,13.75,38.75,38.75,0.0,1,-111.46555470887938
7350,16.25,38.75,38.75,0.0,1,-115.9061495856032
7351,18.75,38.75,38.75,0.0,1,-120.05580667357646
7352,21.25,38.75,38.75,0.0,1,-124.0293260645571
7353,23.75,38.75,38.75,0.0,1,-128.22053437885583
7354,26.25,38.75,38.75,0.0,1,-131.9244579148963
7355,28.75,38.75,38.75,1.0,0,-134.42138713746544
7356,31.25,38.75,38.75,1.0,0,-136.99451819378436
7357,33.75,38.75,38.75,1.0,0,-137.55342426406366
7358,36.25,38.75,38.75,1.0,0,-140.66172619343183
7359,38.75,38.75,38.75,1.0,0,-147.10652890089847
7360,41.25,38.75,38.75,1.0,0,-149.27121643181883
7361,43.75,38.75,38.75,1.0,0,-149.19226117606647
7362,46.25,38.75,38.75,1.0,0,-142.67284750679642
7363,48.75,38.75,38.75,0.0,2,-131.61389912147655
7364,51.25,38.75,38.75,0.0,2,-125.44178154000726
7365,53.75,38.75,38.75,0.0,2,-127.77264115484579
7366,56.25,38.75,38.75,1.0,0,-132.03821989452004
7367,58.75,38.75,38.75,1.0,0,-133.2590907110982
7368,61.25,38.75,38.75,1.0,0,-135.11052478554427
7369,63.75,38.75,38.75,1.0,0,-140.0287319933878
7370,66.25,38.75,38.75,1.0,0,-148.667150999294
7371,68.75,38.75,38.75,1.0,0,-158.32824748056294
7372,71.25,38.75,38.75,1.0,0,-163.81178399135482
7373,73.75,38.75,38.75,1.0,0,-156.88069543916797
7374,76.25,38.75,38.75,1.0,0,-127.93960501555323
7375,78.75,38.75,38.75,1.0,0,-86.63870104742328
7376,81.25,38.75,38.75,1.0,0,-64.12887885268914
7377,83.75,38.75,38.75,1.0,0,-56.235647228252105
7378,86.25,38.75,38.75,1.0,0,-78.74420302109854
7379,88.75,38.75,38.75,1.0,0,-107.85872557534317
7380,91.25,38.75,38.75,1.0,0,-113.61071058658376
7381,93.75,38.75,38.75,1.0,0,-107.85497467672133
7382,96.25,38.75,38.75,1.0,0,-124.31883936636024
7383,98.75,38.75,38.75,1.0,0,-147.65257802858906
7384,101.25,38.75,38.75,1.0,0,-101.54578206606176
7385,103.75,38.75,38.75,1.0,0,-82.97775286648626
7386,106.25,38.75,38.75,1.0,0,-84.63808739265824
7387,108.75,38.75,38.75,1.0,0,-78.42112511678879
7388,111.25,38.75,38.75,1.0,0,-71.66245307197778
7389,113.75,38.75,38.75,1.0,0,-66.62571574482492
7390,116.25,38.75,38.75,1.0,0,-62.627665851051596
7391,118.75,38.75,38.75,0.0,2,-60.487439208561
7392,121.25,38.75,38.75,0.0,2,-61.4475086490626
7393,123.75,38.75,38.75,0.0,2,-54.40734781504491
7394,126.25,38.75,38.75,1.0,0,-41.194372021977564
7395,128.75,38.75,38.75,0.0,2,-30.418939292863453
7396,131.25,38.75,38.75,0.0,2,-19.96218723432029
7397,133.75,38.75,38.75,0.0,2,-9.221629785533592
7398,136.25,38.75,38.75,0.0,2,1.3943499920520348
7399,138.75,38.75,38.75,0.0,2,10.842821752903175
7400,141.25,38.75,38.75,0.0,2,17.750518820654435
7401,143.75,38.75,38.75,0.0,2,20.773206391961832
7402,146.25,38.75,38.75,0.0,2,25.854430209459043
7403,148.75,38.75,38.75,0.0,2,35.04441833190188
7404,151.25,38.75,38.75,0.0,2,43.49000585481956
7405,153.75,38.75,38.75,0.0,2,51.9780315532207
7406,156.25,38.75,38.75,0.0,2,60.80466503890024
7407,158.75,38.75,38.75,0.0,2,69.73987654679213
7408,161.25,38.75,38.75,0.0,2,78.35786038827624
7409,163.75,38.75,38.75,0.0,2,86.57176819278203
7410,166.25,38.75,38.75,0.0,2,94.93732541264036
7411,168.75,38.75,38.75,0.0,2,104.29101818048512
7412,171.25,38.75,38.75,0.0,2,112.92937673586734
7413,173.75,38.75,38.75,0.0,2,120.3884277703102
7414,176.25,38.75,38.75,0.0,2,127.11615722945925
7415,178.75,38.75,38.75,0.0,2,132.57786404495874
7416,181.25,38.75,38.75,0.0,2,137.06995637912297
7417,183.75,38.75,38.75,0.0,2,140.95039122035539
7418,186.25,38.75,38.75,0.0,2,143.93752283334607
7419,188.75,38.75,38.75,0.0,2,145.08432325854875
7420,191.25,38.75,38.75,0.0,2,144.5932616145606
7421,193.75,38.75,38.75,0.0,2,142.92494022687436
7422,196.25,38.75,38.75,0.0,2,139.66174291448775
7423,198.75,38.75,38.75,0.0,2,134.47410980407884
7424,201.25,38.75,38.75,0.0,2,127.5607071403981
7425,203.75,38.75,38.75,0.0,2,119.41671770350564
7426,206.25,38.75,38.75,0.0,2,110.13348595721413
7427,208.75,38.75,38.75,0.0,2,99.44974506433323
7428,211.25,38.75,38.75,0.0,2,87.63869855958501
7429,213.75,38.75,38.75,0.0,2,74.98299250727229
7430,216.25,38.75,38.75,0.0,2,61.55607091958984
7431,218.75,38.75,38.75,0.0,2,48.66195411377289
7432,221.25,38.75,38.75,0.0,2,36.38022316148586
7433,223.75,38.75,38.75,0.0,2,24.43831377704366
7434,226.25,38.75,38.75,0.0,2,12.530730356179935
7435,228.75,38.75,38.75,0.0,2,-0.4564778066434666
7436,231.25,38.75,38.75,0.0,2,-16.31983096940321
7437,233.75,38.75,38.75,0.0,2,-35.49430822614367
7438,236.25,38.75,38.75,0.0,2,-50.77220955972104
7439,238.75,38.75,38.75,1.0,0,-61.468828696421085
7440,241.25,38.75,38.75,1.0,0,-75.81058882187688
7441,243.75,38.75,38.75,1.0,0,-85.78748793648401
7442,246.25,38.75,38.75,1.0,0,-89.6123297047841
7443,248.75,38.75,38.75,1.0,0,-88.23560884130454
7444,251.25,38.75,38.75,1.0,0,-81.16514852494481
7445,253.75,38.75,38.75,1.0,0,-70.43591998514802
7446,256.25,38.75,38.75,1.0,0,-67.62655047820357
7447,258.75,38.75,38.75,1.0,0,-72.96445942650251
7448,261.25,38.75,38.75,1.0,0,-65.66580319187328
7449,263.75,38.75,38.75,1.0,0,-58.2133863358245
7450,266.25,38.75,38.75,1.0,0,-52.763167965416564
7451,268.75,38.75,38.75,1.0,0,-48.56152516021978
7452,271.25,38.75,38.75,1.0,0,-44.31403224477264
7453,273.75,38.75,38.75,1.0,0,-40.04152350348848
7454,276.25,38.75,38.75,1.0,0,-36.57604167389624
7455,278.75,38.75,38.75,1.0,0,-33.3436158308486
7456,281.25,38.75,38.75,1.0,0,-30.6433492430994
7457,283.75,38.75,38.75,1.0,0,-29.05265104815408
7458,286.25,38.75,38.75,0.0,1,-23.698442887063344
7459,288.75,38.75,38.75,0.0,1,-15.942876960449194
7460,291.25,38.75,38.75,0.0,1,-8.6901685306363
7461,293.75,38.75,38.75,0.0,1,-1.8226161113341106
7462,296.25,38.75,38.75,0.0,1,4.32565541839003
7463,298.75,38.75,38.75,0.0,1,8.149540319682075
7464,301.25,38.75,38.75,0.0,1,9.567165233182275
7465,303.75,38.75,38.75,0.0,1,10.90961484376582
7466,306.25,38.75,38.75,0.0,1,9.653874559722437
7467,308.75,38.75,38.75,0.0,1,7.34716374736181
7468,311.25,38.75,38.75,0.0,1,4.257424260045105
7469,313.75,38.75,38.75,0.0,1,-0.5948376777986559
7470,316.25,38.75,38.75,0.0,1,-6.219570251859754
7471,318.75,38.75,38.75,0.0,1,-11.674233736190908
7472,321.25,38.75,38.75,0.0,1,-17.046128495357518
7473,323.75,38.75,38.75,0.0,1,-22.53545659512635
7474,326.25,38.75,38.75,0.0,1,-27.763623548060462
7475,328.75,38.75,38.75,0.0,1,-33.290038209021276
7476,331.25,38.75,38.75,0.0,1,-38.665360617678914
7477,333.75,38.75,38.75,0.0,1,-44.33783587202928
7478,336.25,38.75,38.75,0.0,1,-49.92323218194634
7479,338.75,38.75,38.75,0.0,1,-55.8094842934588
7480,341.25,38.75,38.75,0.0,1,-62.9209444975637
7481,343.75,38.75,38.75,0.0,1,-71.61833230815853
7482,346.25,38.75,38.75,0.0,1,-80.84611118744927
7483,348.75,38.75,38.75,0.0,1,-92.06732459369748
7484,351.25,38.75,38.75,0.0,1,-103.9571697190974
7485,353.75,38.75,38.75,1.0,0,-114.2624785129363
7486,356.25,38.75,38.75,1.0,0,-118.8850342390783
7487,358.75,38.75,38.75,1.0,0,-117.8732426011448
7488,1.25,41.25,41.25,0.0,1,-114.80263992161885
7489,3.75,41.25,41.25,0.0,1,-111.06155918766767
7490,6.25,41.25,41.25,0.0,1,-107.09120790753948
7491,8.75,41.25,41.25,0.0,1,-106.1352786295209
7492,11.25,41.25,41.25,0.0,1,-110.88041952857787
7493,13.75,41.25,41.25,0.0,1,-114.56673585168616
7494,16.25,41.25,41.25,0.0,1,-117.28466896775873
7495,18.75,41.25,41.25,0.0,1,-119.88085324731844
7496,21.25,41.25,41.25,1.0,0,-123.46309820036659
7497,23.75,41.25,41.25,1.0,0,-126.76183493925657
7498,26.25,41.25,41.25,1.0,0,-128.67533913994066
7499,28.75,41.25,41.25,0.0,1,-129.45704111064518
7500,31.25,41.25,41.25,0.0,2,-129.54604532842896
7501,33.75,41.25,41.25,1.0,0,-130.44836706719616
7502,36.25,41.25,41.25,0.0,2,-131.86588973278774
7503,38.75,41.25,41.25,0.0,2,-131.97682268512008
7504,41.25,41.25,41.25,0.0,2,-131.21239452391958
7505,43.75,41.25,41.25,1.0,0,-130.8953161679632
7506,46.25,41.25,41.25,1.0,0,-128.31877949063582
7507,48.75,41.25,41.25,0.0,2,-125.6866208299586
7508,51.25,41.25,41.25,0.0,2,-127.2512700940188
7509,53.75,41.25,41.25,0.0,2,-127.9188245899078
7510,56.25,41.25,41.25,1.0,0,-131.35135170500635
7511,58.75,41.25,41.25,1.0,0,-133.38761073434
7512,61.25,41.25,41.25,1.0,0,-135.8247024604569
7513,63.75,41.25,41.25,1.0,0,-138.63558672073043
7514,66.25,41.25,41.25,1.0,0,-144.2755134450593
7515,68.75,41.25,41.25,1.0,0,-149.68753524190316
7516,71.25,41.25,41.25,1.0,0,-153.85749252955776
7517,73.75,41.25,41.25,1.0,0,-157.2854576614899
7518,76.25,41.25,41.25,1.0,0,-152.76974139111098
7519,78.75,41.25,41.25,1.0,0,-118.19158389739243
7520,81.25,41.25,41.25,1.0,0,-87.49463589176551
7521,83.75,41.25,41.25,1.0,0,-93.35609706834876
7522,86.25,41.25,41.25,1.0,0,-108.94078554962631
7523,88.75,41.25,41.25,1.0,0,-113.56011524142382
7524,91.25,41.25,41.25,1.0,0,-108.97654812117307
7525,93.75,41.25,41.25,1.0,0,-111.18331710087966
7526,96.25,41.25,41.25,1.0,0,-127.94858357019889
7527,98.75,41.25,41.25,1.0,0,-139.80757149450324
7528,101.25,41.25,41.25,1.0,0,-115.486216010916
7529,103.75,41.25,41.25,1.0,0,-104.03983987796106
7530,106.25,41.25,41.25,1.0,0,-97.16827415042329
7531,108.75,41.25,41.25,1.0,0,-87.15378769943642
7532,111.25,41.25,41.25,1.0,0,-80.07379501297822
7533,113.75,41.25,41.25,1.0,0,-73.44421460514533
7534,116.25,41.25,41.25,1.0,0,-65.21378442946455
7535,118.75,41.25,41.25,1.0,0,-58.98517404911781
7536,121.25,41.25,41.25,1.0,0,-58.90327677952786
7537,123.75,41.25,41.25,1.0,0,-50.256167793801886
7538,126.25,41.25,41.25,1.0,0,-36.23187081197638
7539,128.75,41.25,41.25,1.0,0,-26.69349861917452
7540,131.25,41.25,41.25,0.0,2,-18.107097523796043
7541,133.75,41.25,41.25,0.0,2,-7.254285851231018
7542,136.25,41.25,41.25,0.0,2,3.859654818602063
7543,138.75,41.25,41.25,0.0,2,12.014270132755783
7544,141.25,41.25,41.25,0.0,2,15.529338689035772
7545,143.75,41.25,41.25,0.0,2,14.393326455170778
7546,146.25,41.25,41.25,0.0,2,14.750987051865172
7547,148.75,41.25,41.25,0.0,2,21.543925986570958
7548,151.25,41.25,41.25,0.0,2,30.631729618631763
7549,153.75,41.25,41.25,0.0,2,40.51355581740559
7550,156.25,41.25,41.25,0.0,2,50.517164153412836
7551,158.75,41.25,41.25,0.0,2,60.472169723794366
7552,161.25,41.25,41.25,0.0,2,70.27538892295388
7553,163.75,41.25,41.25,0.0,2,79.78162340579186
7554,166.25,41.25,41.25,0.0,2,89.01818917853649
7555,168.75,41.25,41.25,0.0,2,99.72280555781956
7556,171.25,41.25,41.25,0.0,2,110.93919723133385
7557,173.75,41.25,41.25,0.0,2,120.08088403218521
7558,176.25,41.25,41.25,0.0,2,128.0766184171249
7559,178.75,41.25,41.25,0.0,2,135.31467852530923
7560,181.25,41.25,41.25,0.0,2,141.692150544834
7561,183.75,41.25,41.25,0.0,2,147.08491794312576
7562,186.25,41.25,41.25,0.0,2,151.53270982677145
7563,188.75,41.25,41.25,0.0,2,154.8958681241314
7564,191.25,41.25,41.25,0.0,2,156.15344389162982
7565,193.75,41.25,41.25,0.0,2,154.95956348012794
7566,196.25,41.25,41.25,0.0,2,152.6474019692788
7567,198.75,41.25,41.25,0.0,2,148.21293873833025
7568,201.25,41.25,41.25,0.0,2,141.1717272085294
7569,203.75,41.25,41.25,0.0,2,132.3737203353008
7570,206.25,41.25,41.25,0.0,2,122.4140104405646
7571,208.75,41.25,41.25,0.0,2,111.13433496918141
7572,211.25,41.25,41.25,0.0,2,98.59863204828756
7573,213.75,41.25,41.25,0.0,2,85.08219592880114
7574,216.25,41.25,41.25,0.0,2,70.69356497522483
7575,218.75,41.25,41.25,0.0,2,57.3870422945981
7576,221.25,41.25,41.25,0.0,2,44.95354477941383
7577,223.75,41.25,41.25,0.0,2,32.453651163825796
7578,226.25,41.25,41.25,0.0,2,20.113438812684215
7579,228.75,41.25,41.25,0.0,2,6.893945808722333
7580,231.25,41.25,41.25,0.0,2,-9.788092785701261
7581,233.75,41.25,41.25,0.0,2,-30.8954587895878
7582,236.25,41.25,41.25,0.0,2,-50.344031428415455
7583,238.75,41.25,41.25,1.0,0,-73.3270597307453
7584,241.25,41.25,41.25,1.0,0,-93.82067519768732
7585,243.75,41.25,41.25,1.0,0,-104.37794078392655
7586,246.25,41.25,41.25,1.0,0,-103.58428365629958
7587,248.75,41.25,41.25,1.0,0,-93.19949765105066
7588,251.25,41.25,41.25,1.0,0,-79.23571187100352
7589,253.75,41.25,41.25,1.0,0,-71.31093854614012
7590,256.25,41.25,41.25,1.0,0,-76.98509532966993
7591,258.75,41.25,41.25,1.0,0,-81.05489482270643
7592,261.25,41.25,41.25,1.0,0,-71.27396962477687
7593,263.75,41.25,41.25,1.0,0,-60.92160581506927
7594,266.25,41.25,41.25,1.0,0,-53.640086474717506
7595,268.75,41.25,41.25,1.0,0,-48.498260099525204
7596,271.25,41.25,41.25,1.0,0,-43.43517963813236
7597,273.75,41.25,41.25,1.0,0,-38.51235036011641
7598,276.25,41.25,41.25,1.0,0,-35.129949661933104
7599,278.75,41.25,41.25,1.0,0,-32.252672640589076
7600,281.25,41.25,41.25,1.0,0,-28.117584025551974
7601,283.75,41.25,41.25,1.0,0,-25.204598825435728
7602,286.25,41.25,41.25,0.0,1,-21.137055188527174
7603,288.75,41.25,41.25,0.0,1,-15.57591201135775
7604,291.25,41.25,41.25,0.0,1,-9.509175632344427
7605,293.75,41.25,41.25,0.0,1,-2.766297221017176
7606,296.25,41.25,41.25,0.0,1,3.9293979760142164
7607,298.75,41.25,41.25,0.0,1,9.093228116427824
7608,301.25,41.25,41.25,0.0,1,12.832968165724008
7609,303.75,41.25,41.25,0.0,1,16.96271925624847
7610,306.25,41.25,41.25,0.0,1,17.323009336872197
7611,308.75,41.25,41.25,0.0,1,15.1011482406501
7612,311.25,41.25,41.25,0.0,1,12.477131084734367
7613,313.75,41.25,41.25,0.0,1,8.854825079112468
7614,316.25,41.25,41.25,0.0,1,4.253756671408298
7615,318.75,41.25,41.25,0.0,1,-1.191369611082093
7616,321.25,41.25,41.25,0.0,1,-7.266980185573802
7617,323.75,41.25,41.25,0.0,1,-13.02491021223478
7618,326.25,41.25,41.25,0.0,1,-17.505110736593025
7619,328.75,41.25,41.25,0.0,1,-23.722647304870456
7620,331.25,41.25,41.25,0.0,1,-30.61124659653155
7621,333.75,41.25,41.25,0.0,1,-36.54774032129508
7622,336.25,41.25,41.25,0.0,1,-42.83214566617353
7623,338.75,41.25,41.25,0.0,1,-50.30154281468825
7624,341.25,41.25,41.25,0.0,1,-58.486710302075174
7625,343.75,41.25,41.25,0.0,1,-66.83476784456076
7626,346.25,41.25,41.25,0.0,1,-76.80895457489456
7627,348.75,41.25,41.25,0.0,1,-90.51537712127124
7628,351.25,41.25,41.25,0.0,1,-102.67146860433502
7629,353.75,41.25,41.25,1.0,0,-112.45641055113852
7630,356.25,41.25,41.25,1.0,0,-117.70561372528948
7631,358.75,41.25,41.25,1.0,0,-117.6055864751106
7632,1.25,43.75,43.75,1.0,0,-112.34247649758032
7633,3.75,43.75,43.75,0.0,1,-110.4715315584172
7634,6.25,43.75,43.75,0.0,1,-105.48052632798675
7635,8.75,43.75,43.75,0.0,1,-104.44979406720158
7636,11.25,43.75,43.75,1.0,0,-111.44366333919676
7637,13.75,43.75,43.75,0.0,1,-115.964750086999
7638,16.25,43.75,43.75,0.0,1,-117.58845870732391
7639,18.75,43.75,43.75,1.0,0,-119.30766368591927
7640,21.25,43.75,43.75,1.0,0,-122.16543023846756
7641,23.75,43.75,43.75,1.0,0,-124.42631460464827
7642,26.25,43.75,43.75,1.0,0,-124.91423090708639
7643,28.75,43.75,43.75,0.0,1,-124.3398468924304
7644,31.25,43.75,43.75,0.0,2,-123.75254505582457
7645,33.75,43.75,43.75,0.0,2,-122.5769628435023
7646,36.25,43.75,43.75,0.0,2,-125.15908931964779
7647,38.75,43.75,43.75,0.0,2,-127.64928780668208
7648,41.25,43.75,43.75,1.0,0,-127.75870606801148
7649,43.75,43.75,43.75,1.0,0,-126.36308826882583
7650,46.25,43.75,43.75,0.0,2,-124.52126507006909
7651,48.75,43.75,43.75,0.0,2,-123.17017686976975
7652,51.25,43.75,43.75,0.0,2,-123.14954318541542
7653,53.75,43.75,43.75,1.0,0,-125.55181043502442
7654,56.25,43.75,43.75,1.0,0,-128.93116980011365
7655,58.75,43.75,43.75,1.0,0,-130.14100436096533
7656,61.25,43.75,43.75,1.0,0,-133.80600589172573
7657,63.75,43.75,43.75,1.0,0,-136.64935105516707
7658,66.25,43.75,43.75,1.0,0,-140.54253655573208
7659,68.75,43.75,43.75,1.0,0,-146.45681660392924
7660,71.25,43.75,43.75,1.0,0,-151.50157049556964
7661,73.75,43.75,43.75,1.0,0,-153.45666893020567
7662,76.25,43.75,43.75,1.0,0,-158.16077829453434
7663,78.75,43.75,43.75,1.0,0,-154.30654337619546
7664,81.25,43.75,43.75,1.0,0,-132.5262062135506
7665,83.75,43.75,43.75,1.0,0,-137.522369420397
7666,86.25,43.75,43.75,1.0,0,-149.65656726306196
7667,88.75,43.75,43.75,1.0,0,-149.37068175671655
7668,91.25,43.75,43.75,1.0,0,-139.7364921191745
7669,93.75,43.75,43.75,1.0,0,-131.83643856523472
7670,96.25,43.75,43.75,1.0,0,-128.93667565756905
7671,98.75,43.75,43.75,1.0,0,-122.33766695383078
7672,101.25,43.75,43.75,1.0,0,-114.66388790370193
7673,103.75,43.75,43.75,1.0,0,-114.26303663018638
7674,106.25,43.75,43.75,1.0,0,-109.32546762405512
7675,108.75,43.75,43.75,1.0,0,-100.84321863249377
7676,111.25,43.75,43.75,1.0,0,-95.166520652002
7677,113.75,43.75,43.75,1.0,0,-89.6235624072016
7678,116.25,43.75,43.75,1.0,0,-79.67603219126433
7679,118.75,43.75,43.75,1.0,0,-67.14329038416336
7680,121.25,43.75,43.75,1.0,0,-61.8364633314747
7681,123.75,43.75,43.75,1.0,0,-54.853450641322944
7682,126.25,43.75,43.75,1.0,0,-44.610261427988824
7683,128.75,43.75,43.75,1.0,0,-35.84311971720041
7684,131.25,43.75,43.75,1.0,0,-26.681079436503637
7685,133.75,43.75,43.75,0.0,2,-14.78440320054487
7686,136.25,43.75,43.75,0.0,2,-2.36369204638707
7687,138.75,43.75,43.75,0.0,2,6.894911600909172
7688,141.25,43.75,43.75,0.0,2,10.796246070677412
7689,143.75,43.75,43.75,0.0,2,10.183727704518585
7690,146.25,43.75,43.75,0.0,2,11.275067445352178
7691,148.75,43.75,43.75,0.0,2,17.980033636665723
7692,151.25,43.75,43.75,0.0,2,25.159677171188864
7693,153.75,43.75,43.75,0.0,2,34.33490001420862
7694,156.25,43.75,43.75,0.0,2,44.501466935185746
7695,158.75,43.75,43.75,0.0,2,54.31739585720688
7696,161.25,43.75,43.75,0.0,2,63.596193809622555
7697,163.75,43.75,43.75,0.0,2,73.04455840373214
7698,166.25,43.75,43.75,0.0,2,82.51203053292899
7699,168.75,43.75,43.75,0.0,2,92.22853916340415
7700,171.25,43.75,43.75,0.0,2,102.49339975269548
7701,173.75,43.75,43.75,0.0,2,111.48678015074664
7702,176.25,43.75,43.75,0.0,2,119.56208614789986
7703,178.75,43.75,43.75,0.0,2,127.55724846437262
7704,181.25,43.75,43.75,0.0,2,135.1833479360038
7705,183.75,43.75,43.75,0.0,2,141.59908675926434
7706,186.25,43.75,43.75,0.0,2,146.5286374916876
7707,188.75,43.75,43.75,0.0,2,150.99102133166497
7708,191.25,43.75,43.75,0.0,2,154.95517791734756
7709,193.75,43.75,43.75,0.0,2,155.5261839589491
7710,196.25,43.75,43.75,0.0,2,153.66137977306033
7711,198.75,43.75,43.75,0.0,2,150.1485398569539
7712,201.25,43.75,43.75,0.0,2,144.3614570422785
7713,203.75,43.75,43.75,0.0,2,136.30941109027103
7714,206.25,43.75,43.75,0.0,2,126.44920282845013
7715,208.75,43.75,43.75,0.0,2,115.3609966965776
7716,211.25,43.75,43.75,0.0,2,103.5469233102576
7717,213.75,43.75,43.75,0.0,2,90.31388755986104
7718,216.25,43.75,43.75,0.0,2,75.70190217103223
7719,218.75,43.75,43.75,0.0,2,62.378342622525324
7720,221.25,43.75,43.75,0.0,2,49.81167788607926
7721,223.75,43.75,43.75,0.0,2,37.2166421976564
7722,226.25,43.75,43.75,0.0,2,25.198787582151336
7723,228.75,43.75,43.75,0.0,2,12.924638400126305
7724,231.25,43.75,43.75,0.0,2,-2.1878131012530835
7725,233.75,43.75,43.75,0.0,2,-21.392655504384443
7726,236.25,43.75,43.75,0.0,2,-42.04720327077366
7727,238.75,43.75,43.75,1.0,0,-69.412718491983
7728,241.25,43.75,43.75,1.0,0,-89.73226098408729
7729,243.75,43.75,43.75,1.0,0,-98.03872029065583
7730,246.25,43.75,43.75,1.0,0,-95.05365101427849
7731,248.75,43.75,43.75,1.0,0,-85.73632257664863
7732,251.25,43.75,43.75,1.0,0,-78.49364066459157
7733,253.75,43.75,43.75,1.0,0,-79.26044832096298
7734,256.25,43.75,43.75,1.0,0,-83.38355448964829
7735,258.75,43.75,43.75,1.0,0,-80.99729898691756
7736,261.25,43.75,43.75,1.0,0,-72.83770343483718
7737,263.75,43.75,43.75,1.0,0,-63.39794820158766
7738,266.25,43.75,43.75,1.0,0,-53.948274420295654
7739,268.75,43.75,43.75,1.0,0,-45.860880151471626
7740,271.25,43.75,43.75,1.0,0,-39.699228990718304
7741,273.75,43.75,43.75,1.0,0,-35.94198157992549
7742,276.25,43.75,43.75,1.0,0,-34.40692710127589
7743,278.75,43.75,43.75,1.0,0,-33.009938215686006
7744,281.25,43.75,43.75,1.0,0,-29.498151096801323
7745,283.75,43.75,43.75,1.0,0,-25.553581724009778
7746,286.25,43.75,43.75,1.0,0,-21.336956486367505
7747,288.75,43.75,43.75,1.0,0,-16.139981103036945
7748,291.25,43.75,43.75,0.0,1,-11.149272223713204
7749,293.75,43.75,43.75,0.0,1,-6.616770306333555
7750,296.25,43.75,43.75,0.0,1,-2.132092181603855
7751,298.75,43.75,43.75,0.0,1,2.8287094596274702
7752,301.25,43.75,43.75,0.0,1,8.355564864429267
7753,303.75,43.75,43.75,0.0,1,13.271688836544769
7754,306.25,43.75,43.75,0.0,1,13.903414579802641
7755,308.75,43.75,43.75,0.0,1,13.09988793135097
7756,311.25,43.75,43.75,0.0,1,12.445059559090083
7757,313.75,43.75,43.75,0.0,1,10.400866744830225
7758,316.25,43.75,43.75,0.0,1,6.769438353484415
7759,318.75,43.75,43.75,0.0,1,2.2674229757064093
7760,321.25,43.75,43.75,0.0,1,-2.468559860079831
7761,323.75,43.75,43.75,0.0,1,-7.466539960715007
7762,326.25,43.75,43.75,0.0,1,-12.36858623481408
7763,328.75,43.75,43.75,0.0,1,-17.742024081789697
7764,331.25,43.75,43.75,0.0,1,-23.453667453952576
7765,333.75,43.75,43.75,0.0,1,-29.40357452344834
7766,336.25,43.75,43.75,0.0,1,-36.23573829730499
7767,338.75,43.75,43.75,0.0,1,-43.789419389993704
7768,341.25,43.75,43.75,0.0,1,-51.6002743136518
7769,343.75,43.75,43.75,0.0,1,-59.82513612928145
7770,346.25,43.75,43.75,0.0,1,-69.51962771918357
7771,348.75,43.75,43.75,0.0,1,-80.8345667051248
7772,351.25,43.75,43.75,0.0,1,-89.51431300639562
7773,353.75,43.75,43.75,0.0,1,-95.32823417434031
7774,356.25,43.75,43.75,0.0,1,-101.97182742052075
7775,358.75,43.75,43.75,0.0,1,-108.77459997441484
7776,1.25,46.25,46.25,1.0,0,-107.00712975389916
7777,3.75,46.25,46.25,1.0,0,-108.27677302981427
7778,6.25,46.25,46.25,1.0,0,-105.16365427746848
7779,8.75,46.25,46.25,1.0,0,-102.82310934338122
7780,11.25,46.25,46.25,1.0,0,-108.14144624021911
7781,13.75,46.25,46.25,1.0,0,-113.59626850732889
7782,16.25,46.25,46.25,1.0,0,-115.7815648264189
7783,18.75,46.25,46.25,1.0,0,-117.33832248109383
7784,21.25,46.25,46.25,1.0,0,-118.96682122443126
7785,23.75,46.25,46.25,1.0,0,-120.14053146414027
7786,26.25,46.25,46.25,1.0,0,-120.55001769819185
7787,28.75,46.25,46.25,1.0,0,-120.51209623261695
7788,31.25,46.25,46.25,0.0,2,-120.18494155730141
7789,33.75,46.25,46.25,1.0,0,-118.91955576062692
7790,36.25,46.25,46.25,0.0,2,-119.94695759894208
7791,38.75,46.25,46.25,0.0,2,-122.4409029856287
7792,41.25,46.25,46.25,1.0,0,-123.23123097505947
7793,43.75,46.25,46.25,1.0,0,-122.75649392942618
7794,46.25,46.25,46.25,0.0,2,-121.49203517715999
7795,48.75,46.25,46.25,0.0,2,-119.9092351413254
7796,51.25,46.25,46.25,0.0,2,-119.28772781635146
7797,53.75,46.25,46.25,0.0,2,-122.10584692364338
7798,56.25,46.25,46.25,1.0,0,-127.26097311895744
7799,58.75,46.25,46.25,1.0,0,-130.04071312500386
7800,61.25,46.25,46.25,1.0,0,-133.54759429221284
7801,63.75,46.25,46.25,1.0,0,-138.39339711525247
7802,66.25,46.25,46.25,1.0,0,-142.69938271808564
7803,68.75,46.25,46.25,1.0,0,-147.4577362143538
7804,71.25,46.25,46.25,1.0,0,-153.03452909480274
7805,73.75,46.25,46.25,1.0,0,-157.3988505434524
7806,76.25,46.25,46.25,1.0,0,-157.83522043419984
7807,78.75,46.25,46.25,1.0,0,-159.21304308030128
7808,81.25,46.25,46.25,1.0,0,-165.51106516195463
7809,83.75,46.25,46.25,1.0,0,-170.13247129481965
7810,86.25,46.25,46.25,1.0,0,-168.50214743008678
7811,88.75,46.25,46.25,1.0,0,-161.1187422074167
7812,91.25,46.25,46.25,1.0,0,-152.69103907982822
7813,93.75,46.25,46.25,1.0,0,-145.50897789529805
7814,96.25,46.25,46.25,1.0,0,-137.42091644750354
7815,98.75,46.25,46.25,1.0,0,-126.30548148889748
7816,101.25,46.25,46.25,1.0,0,-118.5522401820356
7817,103.75,46.25,46.25,1.0,0,-117.00700556304926
7818,106.25,46.25,46.25,1.0,0,-110.2514802186835
7819,108.75,46.25,46.25,1.0,0,-101.48131012524125
7820,111.25,46.25,46.25,1.0,0,-96.2220500033961
7821,113.75,46.25,46.25,1.0,0,-93.1360615631036
7822,116.25,46.25,46.25,1.0,0,-87.52851126244688
7823,118.75,46.25,46.25,1.0,0,-77.34583539982981
7824,121.25,46.25,46.25,1.0,0,-67.42655320754149
7825,123.75,46.25,46.25,1.0,0,-61.481829572214544
7826,126.25,46.25,46.25,1.0,0,-53.280348494939034
7827,128.75,46.25,46.25,1.0,0,-44.510257894223464
7828,131.25,46.25,46.25,1.0,0,-37.27316341269417
7829,133.75,46.25,46.25,1.0,0,-29.787734985016417
7830,136.25,46.25,46.25,1.0,0,-20.750048295006916
7831,138.75,46.25,46.25,0.0,2,-12.050731529676845
7832,141.25,46.25,46.25,0.0,2,-6.70322297064929
7833,143.75,46.25,46.25,0.0,2,-3.1868757091560203
7834,146.25,46.25,46.25,0.0,2,5.201973496990326
7835,148.75,46.25,46.25,0.0,2,17.723782325015915
7836,151.25,46.25,46.25,0.0,2,26.986658341504132
7837,153.75,46.25,46.25,0.0,2,35.322421954993686
7838,156.25,46.25,46.25,0.0,2,44.24842706226146
7839,158.75,46.25,46.25,0.0,2,52.91122198136606
7840,161.25,46.25,46.25,0.0,2,60.68632249095544
7841,163.75,46.25,46.25,0.0,2,68.34714441458591
7842,166.25,46.25,46.25,0.0,2,76.74819703367649
7843,168.75,46.25,46.25,0.0,2,85.08090504186768
7844,171.25,46.25,46.25,0.0,2,93.08058562571861
7845,173.75,46.25,46.25,0.0,2,100.75760036944511
7846,176.25,46.25,46.25,0.0,2,107.42340573558754
7847,178.75,46.25,46.25,0.0,2,113.68600036570034
7848,181.25,46.25,46.25,0.0,2,120.51060633991227
7849,183.75,46.25,46.25,0.0,2,127.597259406515
7850,186.25,46.25,46.25,0.0,2,133.51223377930216
7851,188.75,46.25,46.25,0.0,2,137.5382977274445
7852,191.25,46.25,46.25,0.0,2,141.1641273749154
7853,193.75,46.25,46.25,0.0,2,143.86313395339434
7854,196.25,46.25,46.25,0.0,2,143.95771559420143
7855,198.75,46.25,46.25,0.0,2,141.44071449806836
7856,201.25,46.25,46.25,0.0,2,136.64063177766167
7857,203.75,46.25,46.25,0.0,2,130.0173956422646
7858,206.25,46.25,46.25,0.0,2,121.75397963762887
7859,208.75,46.25,46.25,0.0,2,111.83401135997316
7860,211.25,46.25,46.25,0.0,2,100.54289028205507
7861,213.75,46.25,46.25,0.0,2,88.02783644315039
7862,216.25,46.25,46.25,0.0,2,75.62536513976636
7863,218.75,46.25,46.25,0.0,2,63.96372804459581
7864,221.25,46.25,46.25,0.0,2,51.66002065330966
7865,223.75,46.25,46.25,0.0,2,39.175206636024754
7866,226.25,46.25,46.25,0.0,2,27.745113446377673
7867,228.75,46.25,46.25,0.0,2,16.634713827681924
7868,231.25,46.25,46.25,0.0,2,2.9839000526246755
7869,233.75,46.25,46.25,0.0,2,-15.180444063832507
7870,236.25,46.25,46.25,0.0,2,-34.17060022693895
7871,238.75,46.25,46.25,1.0,0,-54.08334354190003
7872,241.25,46.25,46.25,1.0,0,-73.75818712440656
7873,243.75,46.25,46.25,1.0,0,-85.94329046141453
7874,246.25,46.25,46.25,1.0,0,-86.43990866246685
7875,248.75,46.25,46.25,1.0,0,-81.78277428731246
7876,251.25,46.25,46.25,1.0,0,-79.59994900184486
7877,253.75,46.25,46.25,1.0,0,-80.87965430470427
7878,256.25,46.25,46.25,1.0,0,-80.08117265654313
7879,258.75,46.25,46.25,1.0,0,-77.2536857399658
7880,261.25,46.25,46.25,1.0,0,-71.76301973451291
7881,263.75,46.25,46.25,1.0,0,-63.17839054012642
7882,266.25,46.25,46.25,1.0,0,-53.371643308623696
7883,268.75,46.25,46.25,1.0,0,-46.31815270003817
7884,271.25,46.25,46.25,1.0,0,-43.23454289064907
7885,273.75,46.25,46.25,1.0,0,-42.21028472136289
7886,276.25,46.25,46.25,1.0,0,-40.31731013863248
7887,278.75,46.25,46.25,1.0,0,-36.786177316908315
7888,281.25,46.25,46.25,1.0,0,-32.391855657562616
7889,283.75,46.25,46.25,1.0,0,-28.283876793022515
7890,286.25,46.25,46.25,1.0,0,-24.249412584037465
7891,288.75,46.25,46.25,1.0,0,-20.492583984754663
7892,291.25,46.25,46.25,1.0,0,-17.710053298943606
7893,293.75,46.25,46.25,1.0,0,-15.40106526632553
7894,296.25,46.25,46.25,0.0,1,-12.332091038892681
7895,298.75,46.25,46.25,0.0,1,-7.553827433282124
7896,301.25,46.25,46.25,0.0,1,-1.4995785592439999
7897,303.75,46.25,46.25,0.0,1,2.4824298646202623
7898,306.25,46.25,46.25,0.0,1,1.051571071394735
7899,308.75,46.25,46.25,0.0,1,0.19437219806521805
7900,311.25,46.25,46.25,0.0,1,1.4959528505297117
7901,313.75,46.25,46.25,0.0,1,2.537195574688138
7902,316.25,46.25,46.25,0.0,1,2.0766069813384833
7903,318.75,46.25,46.25,0.0,1,0.22323350815133833
7904,321.25,46.25,46.25,0.0,1,-2.79451880320872
7905,323.75,46.25,46.25,0.0,1,-7.791793323215245
7906,326.25,46.25,46.25,0.0,1,-13.54762516027039
7907,328.75,46.25,46.25,0.0,1,-16.874529609128054
7908,331.25,46.25,46.25,0.0,1,-20.749320670473324
7909,333.75,46.25,46.25,0.0,1,-27.023967867552088
7910,336.25,46.25,46.25,0.0,1,-33.34678701914989
7911,338.75,46.25,46.25,0.0,1,-38.1267474377156
7912,341.25,46.25,46.25,0.0,1,-42.58729771577104
7913,343.75,46.25,46.25,0.0,1,-49.306336480664584
7914,346.25,46.25,46.25,0.0,1,-58.266635191218825
7915,348.75,46.25,46.25,0.0,1,-66.51616984032253
7916,351.25,46.25,46.25,0.0,1,-73.55362621100168
7917,353.75,46.25,46.25,0.0,1,-81.67211098349968
7918,356.25,46.25,46.25,0.0,1,-91.4274095127084
7919,358.75,46.25,46.25,0.0,1,-100.73188328220165
7920,1.25,48.75,48.75,1.0,0,-90.44727069918423
7921,3.75,48.75,48.75,1.0,0,-95.41894368018114
7922,6.25,48.75,48.75,1.0,0,-95.99136735378421
7923,8.75,48.75,48.75,1.0,0,-93.52367315828965
7924,11.25,48.75,48.75,1.0,0,-92.49554148418689
7925,13.75,48.75,48.75,1.0,0,-93.99943878149138
7926,16.25,48.75,48.75,1.0,0,-97.9341196377168
7927,18.75,48.75,48.75,1.0,0,-103.24360478263462
7928,21.25,48.75,48.75,1.0,0,-107.39529797160179
7929,23.75,48.75,48.75,1.0,0,-109.24010314798251
7930,26.25,48.75,48.75,1.0,0,-109.70496784425742
7931,28.75,48.75,48.75,1.0,0,-110.39899022714955
7932,31.25,48.75,48.75,1.0,0,-111.16499013936787
7933,33.75,48.75,48.75,1.0,0,-110.87048003282513
7934,36.25,48.75,48.75,1.0,0,-111.68070797142366
7935,38.75,48.75,48.75,1.0,0,-112.44578145607306
7936,41.25,48.75,48.75,1.0,0,-111.4949173739217
7937,43.75,48.75,48.75,1.0,0,-111.4429463938408
7938,46.25,48.75,48.75,1.0,0,-113.06272860364254
7939,48.75,48.75,48.75,0.0,2,-114.90011520408292
7940,51.25,48.75,48.75,0.0,2,-115.96024584977819
7941,53.75,48.75,48.75,1.0,0,-119.01770727916136
7942,56.25,48.75,48.75,1.0,0,-124.86855332321917
7943,58.75,48.75,48.75,1.0,0,-126.34355972257639
7944,61.25,48.75,48.75,1.0,0,-126.98587082475294
7945,63.75,48.75,48.75,1.0,0,-132.1050090113678
7946,66.25,48.75,48.75,1.0,0,-137.64316572383177
7947,68.75,48.75,48.75,1.0,0,-141.56142654412207
7948,71.25,48.75,48.75,1.0,0,-145.8314936693835
7949,73.75,48.75,48.75,1.0,0,-152.90401642827405
7950,76.25,48.75,48.75,1.0,0,-159.68370491622198
7951,78.75,48.75,48.75,1.0,0,-161.97234853150292
7952,81.25,48.75,48.75,1.0,0,-164.2884720047316
7953,83.75,48.75,48.75,1.0,0,-164.68829992113203
7954,86.25,48.75,48.75,1.0,0,-154.73797278504583
7955,88.75,48.75,48.75,1.0,0,-141.41406102613362
7956,91.25,48.75,48.75,1.0,0,-136.12339682555307
7957,93.75,48.75,48.75,1.0,0,-140.04401612595714
7958,96.25,48.75,48.75,1.0,0,-142.8879753676186
7959,98.75,48.75,48.75,1.0,0,-135.6100468506829
7960,101.25,48.75,48.75,1.0,0,-119.15511194032665
7961,103.75,48.75,48.75,1.0,0,-114.84170656628312
7962,106.25,48.75,48.75,1.0,0,-112.33122112058085
7963,108.75,48.75,48.75,1.0,0,-106.07772397611109
7964,111.25,48.75,48.75,1.0,0,-98.54827471282302
7965,113.75,48.75,48.75,1.0,0,-92.74252402302842
7966,116.25,48.75,48.75,1.0,0,-88.0849156449958
7967,118.75,48.75,48.75,1.0,0,-81.55127409434247
7968,121.25,48.75,48.75,1.0,0,-73.1325927926792
7969,123.75,48.75,48.75,1.0,0,-67.19804611304049
7970,126.25,48.75,48.75,1.0,0,-63.06832351337369
7971,128.75,48.75,48.75,1.0,0,-56.81759601643404
7972,131.25,48.75,48.75,1.0,0,-50.585619973866145
7973,133.75,48.75,48.75,1.0,0,-45.83739487009446
7974,136.25,48.75,48.75,1.0,0,-42.37154484194081
7975,138.75,48.75,48.75,1.0,0,-40.395604978577445
7976,141.25,48.75,48.75,0.0,2,-39.66372971317838
7977,143.75,48.75,48.75,0.0,2,-36.49020560598667
7978,146.25,48.75,48.75,0.0,2,-24.88568336046721
7979,148.75,48.75,48.75,0.0,2,-6.108489171709154
7980,151.25,48.75,48.75,0.0,2,8.122373064446746
7981,153.75,48.75,48.75,0.0,2,18.804874636343587
7982,156.25,48.75,48.75,0.0,2,29.0192910182297
7983,158.75,48.75,48.75,0.0,2,38.67347106960848
7984,161.25,48.75,48.75,0.0,2,46.7590261612383
7985,163.75,48.75,48.75,0.0,2,53.46311105061451
7986,166.25,48.75,48.75,0.0,2,60.13578682263598
7987,168.75,48.75,48.75,0.0,2,66.23850647262594
7988,171.25,48.75,48.75,0.0,2,71.97771971010877
7989,173.75,48.75,48.75,0.0,2,79.05299516425507
7990,176.25,48.75,48.75,0.0,2,85.99027155914965
7991,178.75,48.75,48.75,0.0,2,91.51055405759932
7992,181.25,48.75,48.75,0.0,2,96.4746144338334
7993,183.75,48.75,48.75,0.0,2,101.96302675329204
7994,186.25,48.75,48.75,0.0,2,107.81540281611909
7995,188.75,48.75,48.75,0.0,2,112.6087893858942
7996,191.25,48.75,48.75,0.0,2,116.3031100878774
7997,193.75,48.75,48.75,0.0,2,119.35549018172146
7998,196.25,48.75,48.75,0.0,2,120.99626334250196
7999,198.75,48.75,48.75,0.0,2,120.71616054783982
8000,201.25,48.75,48.75,0.0,2,118.41269978525061
8001,203.75,48.75,48.75,0.0,2,114.31855413836817
8002,206.25,48.75,48.75,0.0,2,108.66425791297078
8003,208.75,48.75,48.75,0.0,2,101.571240976907
8004,211.25,48.75,48.75,0.0,2,93.12726388920348
8005,213.75,48.75,48.75,0.0,2,82.58946843969765
8006,216.25,48.75,48.75,0.0,2,70.48851971285606
8007,218.75,48.75,48.75,0.0,2,59.03761255773899
8008,221.25,48.75,48.75,0.0,2,48.76882100892716
8009,223.75,48.75,48.75,0.0,2,39.264287743439525
8010,226.25,48.75,48.75,0.0,2,28.613159077439008
8011,228.75,48.75,48.75,0.0,2,15.061001996282078
8012,231.25,48.75,48.75,0.0,2,-1.5563057151031683
8013,233.75,48.75,48.75,0.0,2,-19.639277256751186
8014,236.25,48.75,48.75,1.0,0,-39.94393713096016
8015,238.75,48.75,48.75,1.0,0,-60.31183517117528
8016,241.25,48.75,48.75,1.0,0,-74.09403884469913
8017,243.75,48.75,48.75,1.0,0,-77.25945727927929
8018,246.25,48.75,48.75,1.0,0,-74.28180039172294
8019,248.75,48.75,48.75,1.0,0,-72.7493756803965
8020,251.25,48.75,48.75,1.0,0,-74.43953811540176
8021,253.75,48.75,48.75,1.0,0,-75.21920231101447
8022,256.25,48.75,48.75,1.0,0,-72.86777104829858
8023,258.75,48.75,48.75,1.0,0,-68.22659909000362
8024,261.25,48.75,48.75,1.0,0,-63.07897607128751
8025,263.75,48.75,48.75,1.0,0,-58.9118154833739
8026,266.25,48.75,48.75,1.0,0,-55.21513110211013
8027,268.75,48.75,48.75,1.0,0,-52.794040376339154
8028,271.25,48.75,48.75,1.0,0,-51.12442691267434
8029,273.75,48.75,48.75,1.0,0,-49.8065111664247
8030,276.25,48.75,48.75,1.0,0,-49.46218131365132
8031,278.75,48.75,48.75,1.0,0,-50.94463613946386
8032,281.25,48.75,48.75,1.0,0,-51.03387944466329
8033,283.75,48.75,48.75,1.0,0,-44.81182686106602
8034,286.25,48.75,48.75,1.0,0,-37.04128992200382
8035,288.75,48.75,48.75,1.0,0,-32.28357344200182
8036,291.25,48.75,48.75,1.0,0,-30.189440149702627
8037,293.75,48.75,48.75,1.0,0,-28.35687034096817
8038,296.25,48.75,48.75,0.0,1,-25.619477276541126
8039,298.75,48.75,48.75,0.0,1,-23.069245724268853
8040,301.25,48.75,48.75,0.0,1,-22.58711386660892
8041,303.75,48.75,48.75,1.0,0,-27.245147716282876
8042,306.25,48.75,48.75,0.0,1,-33.69486029836886
8043,308.75,48.75,48.75,0.0,1,-35.646961017633934
8044,311.25,48.75,48.75,0.0,1,-33.91153240958111
8045,313.75,48.75,48.75,0.0,1,-30.58703012996795
8046,316.25,48.75,48.75,0.0,1,-27.75504180663799
8047,318.75,48.75,48.75,0.0,1,-26.404694337810213
8048,321.25,48.75,48.75,0.0,1,-26.41946960548425
8049,323.75,48.75,48.75,0.0,1,-27.306678677656905
8050,326.25,48.75,48.75,0.0,1,-28.063578826460482
8051,328.75,48.75,48.75,0.0,1,-28.11901774396576
8052,331.25,48.75,48.75,0.0,1,-29.408506333294202
8053,333.75,48.75,48.75,0.0,1,-32.03935549223002
8054,336.25,48.75,48.75,0.0,1,-34.18767177419033
8055,338.75,48.75,48.75,0.0,1,-35.42862539359098
8056,341.25,48.75,48.75,0.0,1,-36.85784536690917
8057,343.75,48.75,48.75,0.0,1,-39.72708004597284
8058,346.25,48.75,48.75,0.0,1,-43.86905831646614
8059,348.75,48.75,48.75,0.0,1,-49.581652513153614
8060,351.25,48.75,48.75,0.0,1,-58.191008692592696
8061,353.75,48.75,48.75,0.0,1,-66.89068198667061
8062,356.25,48.75,48.75,0.0,1,-74.83572843069733
8063,358.75,48.75,48.75,1.0,0,-82.87242536803736
8064,1.25,51.25,51.25,0.0,1,-67.51150879146383
8065,3.75,51.25,51.25,0.0,1,-71.37322670781414
8066,6.25,51.25,51.25,1.0,0,-74.81917355390075
8067,8.75,51.25,51.25,1.0,0,-78.03966362629862
8068,11.25,51.25,51.25,1.0,0,-80.89035851714553
8069,13.75,51.25,51.25,1.0,0,-82.55316374823668
8070,16.25,51.25,51.25,1.0,0,-84.96248335433268
8071,18.75,51.25,51.25,1.0,0,-88.73529141522904
8072,21.25,51.25,51.25,1.0,0,-92.12774711165291
8073,23.75,51.25,51.25,1.0,0,-94.49115021347782
8074,26.25,51.25,51.25,1.0,0,-96.4137025275178
8075,28.75,51.25,51.25,1.0,0,-98.28954330475666
8076,31.25,51.25,51.25,1.0,0,-98.68746799100649
8077,33.75,51.25,51.25,1.0,0,-97.07119334984948
8078,36.25,51.25,51.25,1.0,0,-98.21790982788335
8079,38.75,51.25,51.25,1.0,0,-100.91163424905851
8080,41.25,51.25,51.25,1.0,0,-101.80452516156402
8081,43.75,51.25,51.25,1.0,0,-102.53087992574955
8082,46.25,51.25,51.25,1.0,0,-104.59190427121199
8083,48.75,51.25,51.25,1.0,0,-107.17372162528606
8084,51.25,51.25,51.25,1.0,0,-108.68926575518068
8085,53.75,51.25,51.25,1.0,0,-110.54272704982382
8086,56.25,51.25,51.25,1.0,0,-114.92936700771929
8087,58.75,51.25,51.25,1.0,0,-117.67382056357503
8088,61.25,51.25,51.25,1.0,0,-118.51880827587576
8089,63.75,51.25,51.25,1.0,0,-121.42299133999632
8090,66.25,51.25,51.25,1.0,0,-125.84967651248166
8091,68.75,51.25,51.25,1.0,0,-129.32021397931098
8092,71.25,51.25,51.25,1.0,0,-131.50076530754887
8093,73.75,51.25,51.25,1.0,0,-134.55076269227155
8094,76.25,51.25,51.25,1.0,0,-139.68975888441452
8095,78.75,51.25,51.25,1.0,0,-145.05668350414115
8096,81.25,51.25,51.25,1.0,0,-149.07958167155135
8097,83.75,51.25,51.25,1.0,0,-145.20099967392127
8098,86.25,51.25,51.25,1.0,0,-130.77704938165573
8099,88.75,51.25,51.25,1.0,0,-120.21999468312711
8100,91.25,51.25,51.25,1.0,0,-121.32249520730244
8101,93.75,51.25,51.25,1.0,0,-128.47834678169386
8102,96.25,51.25,51.25,1.0,0,-128.92022189533023
8103,98.75,51.25,51.25,1.0,0,-117.37947110842552
8104,101.25,51.25,51.25,1.0,0,-104.88727382249277
8105,103.75,51.25,51.25,1.0,0,-110.52250419118388
8106,106.25,51.25,51.25,1.0,0,-116.06327266976228
8107,108.75,51.25,51.25,1.0,0,-114.62856163923814
8108,111.25,51.25,51.25,1.0,0,-106.98852700363172
8109,113.75,51.25,51.25,1.0,0,-99.03845278502831
8110,116.25,51.25,51.25,1.0,0,-94.04465983795902
8111,118.75,51.25,51.25,1.0,0,-90.15362621537832
8112,121.25,51.25,51.25,1.0,0,-84.49894916396035
8113,123.75,51.25,51.25,1.0,0,-79.27390344923057
8114,126.25,51.25,51.25,1.0,0,-76.02818719677636
8115,128.75,51.25,51.25,1.0,0,-70.31497456402566
8116,131.25,51.25,51.25,1.0,0,-63.47929738588753
8117,133.75,51.25,51.25,1.0,0,-60.555940327693065
8118,136.25,51.25,51.25,1.0,0,-63.29234515256108
8119,138.75,51.25,51.25,1.0,0,-68.67705665034127
8120,141.25,51.25,51.25,0.0,2,-70.95863089613972
8121,143.75,51.25,51.25,0.0,2,-66.18669941373516
8122,146.25,51.25,51.25,0.0,2,-54.350178327146864
8123,148.75,51.25,51.25,0.0,2,-35.94526502377462
8124,151.25,51.25,51.25,0.0,2,-20.610590476937645
8125,153.75,51.25,51.25,0.0,2,-9.17455840167975
8126,156.25,51.25,51.25,0.0,2,-0.4480775379461487
8127,158.75,51.25,51.25,0.0,2,6.067505007214812
8128,161.25,51.25,51.25,0.0,2,11.24357823923707
8129,163.75,51.25,51.25,0.0,2,16.987748368718385
8130,166.25,51.25,51.25,0.0,2,25.274298720349492
8131,168.75,51.25,51.25,0.0,2,34.47036221159181
8132,171.25,51.25,51.25,0.0,2,40.14050344062669
8133,173.75,51.25,51.25,0.0,2,45.11104412652183
8134,176.25,51.25,51.25,0.0,2,51.51009560178132
8135,178.75,51.25,51.25,0.0,2,58.04864547359338
8136,181.25,51.25,51.25,0.0,2,63.700970283802306
8137,183.75,51.25,51.25,0.0,2,68.61158260340389
8138,186.25,51.25,51.25,0.0,2,73.70286506359854
8139,188.75,51.25,51.25,0.0,2,79.3481205304478
8140,191.25,51.25,51.25,0.0,2,84.76623552808316
8141,193.75,51.25,51.25,0.0,2,87.78917376210487
8142,196.25,51.25,51.25,0.0,2,89.23933311936247
8143,198.75,51.25,51.25,0.0,2,90.7898872725318
8144,201.25,51.25,51.25,0.0,2,91.962583888016
8145,203.75,51.25,51.25,0.0,2,91.34642833099603
8146,206.25,51.25,51.25,0.0,2,88.03024428864329
8147,208.75,51.25,51.25,0.0,2,82.3663329564236
8148,211.25,51.25,51.25,0.0,2,75.64175831670832
8149,213.75,51.25,51.25,0.0,2,67.8264458426016
8150,216.25,51.25,51.25,0.0,2,58.74307238275019
8151,218.75,51.25,51.25,0.0,2,50.19881857178144
8152,221.25,51.25,51.25,0.0,2,42.71886806617867
8153,223.75,51.25,51.25,0.0,2,34.89876629608189
8154,226.25,51.25,51.25,0.0,2,24.61416769511056
8155,228.75,51.25,51.25,0.0,2,11.102106860447376
8156,231.25,51.25,51.25,0.0,2,-4.894030442506663
8157,233.75,51.25,51.25,1.0,0,-22.477381760076312
8158,236.25,51.25,51.25,1.0,0,-39.567986164767994
8159,238.75,51.25,51.25,1.0,0,-46.277191714983594
8160,241.25,51.25,51.25,1.0,0,-44.96280214006662
8161,243.75,51.25,51.25,1.0,0,-44.83969414696747
8162,246.25,51.25,51.25,1.0,0,-49.94777732015619
8163,248.75,51.25,51.25,1.0,0,-57.233785885667544
8164,251.25,51.25,51.25,1.0,0,-61.7334197740305
8165,253.75,51.25,51.25,1.0,0,-61.53131494511398
8166,256.25,51.25,51.25,1.0,0,-59.3562689117968
8167,258.75,51.25,51.25,1.0,0,-59.14421509251735
8168,261.25,51.25,51.25,1.0,0,-61.160931469250336
8169,263.75,51.25,51.25,1.0,0,-62.457181904164884
8170,266.25,51.25,51.25,1.0,0,-62.15752504442717
8171,268.75,51.25,51.25,1.0,0,-61.567334387135666
8172,271.25,51.25,51.25,1.0,0,-62.86400392763628
8173,273.75,51.25,51.25,1.0,0,-66.98485629782137
8174,276.25,51.25,51.25,1.0,0,-72.19836001101747
8175,278.75,51.25,51.25,1.0,0,-74.35108355726868
8176,281.25,51.25,51.25,1.0,0,-70.55068437721758
8177,283.75,51.25,51.25,1.0,0,-61.918238853825
8178,286.25,51.25,51.25,1.0,0,-51.948664207076135
8179,288.75,51.25,51.25,1.0,0,-46.185512712791315
8180,291.25,51.25,51.25,1.0,0,-44.93884934931638
8181,293.75,51.25,51.25,1.0,0,-45.77740941587501
8182,296.25,51.25,51.25,1.0,0,-47.684100439369296
8183,298.75,51.25,51.25,1.0,0,-51.9691826685069
8184,301.25,51.25,51.25,1.0,0,-59.634615585332746
8185,303.75,51.25,51.25,0.0,1,-69.09513383270927
8186,306.25,51.25,51.25,0.0,1,-75.6043999924917
8187,308.75,51.25,51.25,0.0,1,-78.38724773674159
8188,311.25,51.25,51.25,0.0,1,-79.06417483251478
8189,313.75,51.25,51.25,0.0,1,-77.33141540255329
8190,316.25,51.25,51.25,0.0,1,-73.33835657878817
8191,318.75,51.25,51.25,0.0,1,-68.47278658673277
8192,321.25,51.25,51.25,0.0,1,-64.71306944838139
8193,323.75,51.25,51.25,0.0,1,-62.85537503755513
8194,326.25,51.25,51.25,0.0,1,-61.47876830254705
8195,328.75,51.25,51.25,0.0,1,-59.52135258339653
8196,331.25,51.25,51.25,0.0,1,-56.64963934398162
8197,333.75,51.25,51.25,0.0,1,-51.38858369329594
8198,336.25,51.25,51.25,0.0,1,-44.28774746301656
8199,338.75,51.25,51.25,0.0,1,-37.87823047332094
8200,341.25,51.25,51.25,0.0,1,-34.18061529913275
8201,343.75,51.25,51.25,0.0,1,-33.14160923954106
8202,346.25,51.25,51.25,0.0,1,-33.1150728592844
8203,348.75,51.25,51.25,0.0,1,-34.738464288140065
8204,351.25,51.25,51.25,0.0,1,-40.946977217646406
8205,353.75,51.25,51.25,0.0,1,-49.555036486175446
8206,356.25,51.25,51.25,1.0,0,-57.2140635432756
8207,358.75,51.25,51.25,1.0,0,-63.00922909205535
8208,1.25,53.75,53.75,0.0,1,-43.553998219371856
8209,3.75,53.75,53.75,0.0,1,-46.97323003639175
8210,6.25,53.75,53.75,0.0,1,-50.82366444806682
8211,8.75,53.75,53.75,0.0,1,-55.62501540626578
8212,11.25,53.75,53.75,1.0,0,-60.16860333267682
8213,13.75,53.75,53.75,0.0,1,-63.41410444509193
8214,16.25,53.75,53.75,1.0,0,-67.20364632072699
8215,18.75,53.75,53.75,1.0,0,-71.51959004101151
8216,21.25,53.75,53.75,1.0,0,-74.79663474195867
8217,23.75,53.75,53.75,1.0,0,-77.25709025572107
8218,26.25,53.75,53.75,1.0,0,-79.999955015507
8219,28.75,53.75,53.75,1.0,0,-83.19343563894596
8220,31.25,53.75,53.75,1.0,0,-84.94030701983982
8221,33.75,53.75,53.75,1.0,0,-84.84422380145993
8222,36.25,53.75,53.75,1.0,0,-87.1687364601574
8223,38.75,53.75,53.75,1.0,0,-90.56646114327049
8224,41.25,53.75,53.75,1.0,0,-92.00758546250513
8225,43.75,53.75,53.75,1.0,0,-92.88652375525243
8226,46.25,53.75,53.75,1.0,0,-95.19683423084798
8227,48.75,53.75,53.75,1.0,0,-98.64979149616424
8228,51.25,53.75,53.75,1.0,0,-101.1049794662974
8229,53.75,53.75,53.75,1.0,0,-101.76441030901704
8230,56.25,53.75,53.75,1.0,0,-102.2999652265334
8231,58.75,53.75,53.75,1.0,0,-103.21576426182558
8232,61.25,53.75,53.75,1.0,0,-104.28149097891573
8233,63.75,53.75,53.75,1.0,0,-105.94891011545468
8234,66.25,53.75,53.75,1.0,0,-109.42136881718875
8235,68.75,53.75,53.75,1.0,0,-114.13311009479311
8236,71.25,53.75,53.75,1.0,0,-118.70998957870778
8237,73.75,53.75,53.75,1.0,0,-122.51950741423872
8238,76.25,53.75,53.75,1.0,0,-126.71686924541463
8239,78.75,53.75,53.75,1.0,0,-131.9535828857426
8240,81.25,53.75,53.75,1.0,0,-136.05243678364874
8241,83.75,53.75,53.75,1.0,0,-136.17908801461888
8242,86.25,53.75,53.75,1.0,0,-131.61647298420996
8243,88.75,53.75,53.75,1.0,0,-126.97738760732676
8244,91.25,53.75,53.75,1.0,0,-125.3335025757237
8245,93.75,53.75,53.75,1.0,0,-124.90121158345461
8246,96.25,53.75,53.75,1.0,0,-121.26258441759057
8247,98.75,53.75,53.75,1.0,0,-113.71866862961923
8248,101.25,53.75,53.75,1.0,0,-111.07732376639835
8249,103.75,53.75,53.75,1.0,0,-119.18063589841603
8250,106.25,53.75,53.75,1.0,0,-124.57044157440761
8251,108.75,53.75,53.75,1.0,0,-124.35611575024316
8252,111.25,53.75,53.75,1.0,0,-118.76767901814358
8253,113.75,53.75,53.75,1.0,0,-111.65726169218348
8254,116.25,53.75,53.75,1.0,0,-106.1674890221217
8255,118.75,53.75,53.75,1.0,0,-102.30373298684502
8256,121.25,53.75,53.75,1.0,0,-97.81031194450232
8257,123.75,53.75,53.75,1.0,0,-92.94239331149188
8258,126.25,53.75,53.75,1.0,0,-88.49342761275236
8259,128.75,53.75,53.75,1.0,0,-82.67609598003502
8260,131.25,53.75,53.75,1.0,0,-78.53971344755294
8261,133.75,53.75,53.75,1.0,0,-81.43776615453903
8262,136.25,53.75,53.75,1.0,0,-90.0302951386329
8263,138.75,53.75,53.75,0.0,2,-97.51307326500469
8264,141.25,53.75,53.75,0.0,2,-98.06810793764302
8265,143.75,53.75,53.75,0.0,2,-93.95432642356093
8266,146.25,53.75,53.75,0.0,2,-86.07463678732438
8267,148.75,53.75,53.75,0.0,2,-69.62317522119932
8268,151.25,53.75,53.75,0.0,2,-53.6453615176627
8269,153.75,53.75,53.75,0.0,2,-41.26522303883599
8270,156.25,53.75,53.75,0.0,2,-34.742431984654125
8271,158.75,53.75,53.75,1.0,0,-32.75112824471884
8272,161.25,53.75,53.75,0.0,2,-31.353454146607206
8273,163.75,53.75,53.75,0.0,2,-26.87010246845549
8274,166.25,53.75,53.75,0.0,2,-19.060048434440343
8275,168.75,53.75,53.75,0.0,2,-8.292787986712533
8276,171.25,53.75,53.75,0.0,2,0.22536636417142053
8277,173.75,53.75,53.75,0.0,2,5.0431990824839925
8278,176.25,53.75,53.75,0.0,2,9.872017914173057
8279,178.75,53.75,53.75,0.0,2,15.70567632088989
8280,181.25,53.75,53.75,0.0,2,22.03947827414462
8281,183.75,53.75,53.75,0.0,2,28.010047710435465
8282,186.25,53.75,53.75,0.0,2,33.24743541165225
8283,188.75,53.75,53.75,0.0,2,38.05298592683339
8284,191.25,53.75,53.75,0.0,2,42.932795935266256
8285,193.75,53.75,53.75,0.0,2,46.734693716107905
8286,196.25,53.75,53.75,0.0,2,49.505335634158065
8287,198.75,53.75,53.75,0.0,2,52.67856900398551
8288,201.25,53.75,53.75,0.0,2,56.39643664859696
8289,203.75,53.75,53.75,0.0,2,59.80942850123937
8290,206.25,53.75,53.75,0.0,2,61.68599923195259
8291,208.75,53.75,53.75,0.0,2,61.06268808692999
8292,211.25,53.75,53.75,0.0,2,57.73366933412285
8293,213.75,53.75,53.75,0.0,2,51.99377616827822
8294,216.25,53.75,53.75,0.0,2,45.773244164939015
8295,218.75,53.75,53.75,0.0,2,40.482847093328616
8296,221.25,53.75,53.75,0.0,2,34.79584063853513
8297,223.75,53.75,53.75,0.0,2,27.43592244305354
8298,226.25,53.75,53.75,0.0,2,17.42615327197101
8299,228.75,53.75,53.75,0.0,2,4.331816658022951
8300,231.25,53.75,53.75,1.0,0,-10.75000071583866
8301,233.75,53.75,53.75,1.0,0,-23.971057447250697
8302,236.25,53.75,53.75,1.0,0,-30.702528717672354
8303,238.75,53.75,53.75,1.0,0,-31.83342668418629
8304,241.25,53.75,53.75,1.0,0,-33.045566640113826
8305,243.75,53.75,53.75,1.0,0,-36.56829752601325
8306,246.25,53.75,53.75,1.0,0,-41.65263419886203
8307,248.75,53.75,53.75,1.0,0,-46.28965247074156
8308,251.25,53.75,53.75,1.0,0,-49.68603046918872
8309,253.75,53.75,53.75,1.0,0,-52.96499875690521
8310,256.25,53.75,53.75,1.0,0,-57.69245582618258
8311,258.75,53.75,53.75,1.0,0,-63.51582620142513
8312,261.25,53.75,53.75,1.0,0,-67.90214814286298
8313,263.75,53.75,53.75,1.0,0,-70.88134705157209
8314,266.25,53.75,53.75,1.0,0,-73.3825973315364
8315,268.75,53.75,53.75,1.0,0,-76.34615757434297
8316,271.25,53.75,53.75,1.0,0,-80.85868670970319
8317,273.75,53.75,53.75,1.0,0,-86.60245840680192
8318,276.25,53.75,53.75,1.0,0,-91.21468092958514
8319,278.75,53.75,53.75,0.0,2,-91.41424402643754
8320,281.25,53.75,53.75,0.0,1,-87.77996809216346
8321,283.75,53.75,53.75,1.0,0,-82.95638784342691
8322,286.25,53.75,53.75,1.0,0,-76.00547236986691
8323,288.75,53.75,53.75,1.0,0,-69.99803982580609
8324,291.25,53.75,53.75,1.0,0,-68.11878106660848
8325,293.75,53.75,53.75,1.0,0,-71.23936683596818
8326,296.25,53.75,53.75,1.0,0,-78.32561617222774
8327,298.75,53.75,53.75,1.0,0,-87.27161097463438
8328,301.25,53.75,53.75,1.0,0,-95.9018890602822
8329,303.75,53.75,53.75,0.0,1,-104.52182826180888
8330,306.25,53.75,53.75,0.0,1,-114.43780621195855
8331,308.75,53.75,53.75,0.0,1,-123.22453162088505
8332,311.25,53.75,53.75,0.0,1,-128.70395708318233
8333,313.75,53.75,53.75,0.0,1,-130.03300009562466
8334,316.25,53.75,53.75,0.0,1,-127.37915686003369
8335,318.75,53.75,53.75,0.0,1,-121.96737539459187
8336,321.25,53.75,53.75,0.0,1,-115.53948444571758
8337,323.75,53.75,53.75,0.0,1,-109.22003466580048
8338,326.25,53.75,53.75,0.0,1,-101.09175920262072
8339,328.75,53.75,53.75,0.0,1,-89.96542250148102
8340,331.25,53.75,53.75,0.0,1,-77.31052549155797
8341,333.75,53.75,53.75,0.0,1,-63.304408125364716
8342,336.25,53.75,53.75,0.0,1,-49.813354515114135
8343,338.75,53.75,53.75,0.0,1,-38.90828432043463
8344,341.25,53.75,53.75,0.0,1,-31.34850538199449
8345,343.75,53.75,53.75,0.0,1,-26.057979533877294
8346,346.25,53.75,53.75,0.0,1,-21.09354164013699
8347,348.75,53.75,53.75,0.0,1,-16.822122702034505
8348,351.25,53.75,53.75,1.0,0,-17.116112052789447
8349,353.75,53.75,53.75,0.0,1,-23.565428759278397
8350,356.25,53.75,53.75,0.0,1,-32.1755549830106
8351,358.75,53.75,53.75,0.0,1,-39.05522719670695
8352,1.25,56.25,56.25,0.0,1,-20.228743705405147
8353,3.75,56.25,56.25,0.0,1,-24.55234760609272
8354,6.25,56.25,56.25,0.0,1,-29.84869611422959
8355,8.75,56.25,56.25,0.0,1,-36.08162328090913
8356,11.25,56.25,56.25,0.0,1,-41.50032166658495
8357,13.75,56.25,56.25,1.0,0,-45.22393326904053
8358,16.25,56.25,56.25,0.0,1,-49.42648393281706
8359,18.75,56.25,56.25,0.0,1,-54.23434024885962
8360,21.25,56.25,56.25,0.0,1,-58.346373228788615
8361,23.75,56.25,56.25,1.0,0,-61.742876634124706
8362,26.25,56.25,56.25,1.0,0,-65.09166532556566
8363,28.75,56.25,56.25,1.0,0,-68.55256206523484
8364,31.25,56.25,56.25,1.0,0,-71.04072670786108
8365,33.75,56.25,56.25,1.0,0,-72.54207221410172
8366,36.25,56.25,56.25,1.0,0,-75.6770419982617
8367,38.75,56.25,56.25,1.0,0,-79.36654718383413
8368,41.25,56.25,56.25,1.0,0,-81.50505232460773
8369,43.75,56.25,56.25,1.0,0,-82.81685259754028
8370,46.25,56.25,56.25,1.0,0,-85.03894569350503
8371,48.75,56.25,56.25,1.0,0,-88.49461906896593
8372,51.25,56.25,56.25,1.0,0,-91.61314217341997
8373,53.75,56.25,56.25,1.0,0,-92.57471736076077
8374,56.25,56.25,56.25,1.0,0,-91.54089110608972
8375,58.75,56.25,56.25,1.0,0,-90.6501321199471
8376,61.25,56.25,56.25,1.0,0,-91.41589403490627
8377,63.75,56.25,56.25,1.0,0,-93.1828557084415
8378,66.25,56.25,56.25,1.0,0,-95.99277114371927
8379,68.75,56.25,56.25,1.0,0,-99.58909787748215
8380,71.25,56.25,56.25,1.0,0,-103.25086249554657
8381,73.75,56.25,56.25,1.0,0,-106.45993999391678
8382,76.25,56.25,56.25,1.0,0,-109.90546803866422
8383,78.75,56.25,56.25,1.0,0,-114.55302963418346
8384,81.25,56.25,56.25,1.0,0,-118.9220146638788
8385,83.75,56.25,56.25,1.0,0,-121.67918123599236
8386,86.25,56.25,56.25,1.0,0,-123.0200755292887
8387,88.75,56.25,56.25,1.0,0,-123.57227565138385
8388,91.25,56.25,56.25,1.0,0,-123.91691440835992
8389,93.75,56.25,56.25,1.0,0,-123.76604537832051
8390,96.25,56.25,56.25,1.0,0,-122.50374607909099
8391,98.75,56.25,56.25,1.0,0,-120.74349154522821
8392,101.25,56.25,56.25,1.0,0,-121.70935224908979
8393,103.75,56.25,56.25,1.0,0,-125.56506931152289
8394,106.25,56.25,56.25,1.0,0,-127.66467130988305
8395,108.75,56.25,56.25,1.0,0,-127.70247959461051
8396,111.25,56.25,56.25,1.0,0,-125.96927504973931
8397,113.75,56.25,56.25,1.0,0,-123.50045829383976
8398,116.25,56.25,56.25,1.0,0,-120.8029081578972
8399,118.75,56.25,56.25,1.0,0,-117.55661249480958
8400,121.25,56.25,56.25,1.0,0,-113.49097990959415
8401,123.75,56.25,56.25,1.0,0,-109.81877532389328
8402,126.25,56.25,56.25,1.0,0,-106.99579961288612
8403,128.75,56.25,56.25,1.0,0,-103.46695081251053
8404,131.25,56.25,56.25,1.0,0,-100.66326112120598
8405,133.75,56.25,56.25,1.0,0,-101.89336293964988
8406,136.25,56.25,56.25,1.0,0,-106.76264128862651
8407,138.75,56.25,56.25,0.0,2,-111.27341752128498
8408,141.25,56.25,56.25,0.0,2,-112.02038692018947
8409,143.75,56.25,56.25,0.0,2,-111.19651202285323
8410,146.25,56.25,56.25,0.0,2,-109.10201626411937
8411,148.75,56.25,56.25,0.0,2,-99.23053312497622
8412,151.25,56.25,56.25,0.0,2,-87.35378809502323
8413,153.75,56.25,56.25,0.0,2,-78.57747563739086
8414,156.25,56.25,56.25,0.0,2,-75.60836285444641
8415,158.75,56.25,56.25,1.0,0,-76.53670587954957
8416,161.25,56.25,56.25,1.0,0,-76.91536017414461
8417,163.75,56.25,56.25,0.0,2,-73.48656326225002
8418,166.25,56.25,56.25,0.0,2,-67.3393763635231
8419,168.75,56.25,56.25,0.0,2,-59.25947078079958
8420,171.25,56.25,56.25,0.0,2,-51.09710989031768
8421,173.75,56.25,56.25,0.0,2,-45.48969099384337
8422,176.25,56.25,56.25,0.0,2,-40.84599805916156
8423,178.75,56.25,56.25,0.0,2,-35.822190122931744
8424,181.25,56.25,56.25,0.0,2,-29.958078912468935
8425,183.75,56.25,56.25,0.0,2,-23.739517958197105
8426,186.25,56.25,56.25,0.0,2,-17.996612913383917
8427,188.75,56.25,56.25,0.0,2,-12.954182722595622
8428,191.25,56.25,56.25,0.0,2,-7.114359144770179
8429,193.75,56.25,56.25,0.0,2,-0.12880249177548447
8430,196.25,56.25,56.25,0.0,2,6.35819914848962
8431,198.75,56.25,56.25,0.0,2,12.308469719315704
8432,201.25,56.25,56.25,0.0,2,18.283156230368693
8433,203.75,56.25,56.25,0.0,2,24.805785930430336
8434,206.25,56.25,56.25,0.0,2,31.414780643016126
8435,208.75,56.25,56.25,0.0,2,36.54794830198672
8436,211.25,56.25,56.25,0.0,2,38.425399435496814
8437,213.75,56.25,56.25,0.0,2,36.486780546560965
8438,216.25,56.25,56.25,0.0,2,32.395445609412896
8439,218.75,56.25,56.25,0.0,2,27.94462090901136
8440,221.25,56.25,56.25,0.0,2,22.770137679375047
8441,223.75,56.25,56.25,0.0,2,16.584862031975316
8442,226.25,56.25,56.25,0.0,2,8.272582581104935
8443,228.75,56.25,56.25,1.0,0,-2.8314329407560237
8444,231.25,56.25,56.25,1.0,0,-15.161019390667732
8445,233.75,56.25,56.25,1.0,0,-24.282208435364243
8446,236.25,56.25,56.25,1.0,0,-29.467556254247807
8447,238.75,56.25,56.25,1.0,0,-34.31553709971859
8448,241.25,56.25,56.25,1.0,0,-38.760801514363536
8449,243.75,56.25,56.25,1.0,0,-42.32923286687522
8450,246.25,56.25,56.25,1.0,0,-45.19666510684448
8451,248.75,56.25,56.25,1.0,0,-48.49102344954682
8452,251.25,56.25,56.25,1.0,0,-53.50298191117723
8453,253.75,56.25,56.25,1.0,0,-60.510860391532574
8454,256.25,56.25,56.25,1.0,0,-67.91598049525359
8455,258.75,56.25,56.25,1.0,0,-73.79135626653293
8456,261.25,56.25,56.25,1.0,0,-79.36961764802048
8457,263.75,56.25,56.25,1.0,0,-86.5671386561876
8458,266.25,56.25,56.25,1.0,0,-93.68599218907394
8459,268.75,56.25,56.25,1.0,0,-98.7723241909069
8460,271.25,56.25,56.25,1.0,0,-102.59118101247874
8461,273.75,56.25,56.25,0.0,2,-106.70077087255778
8462,276.25,56.25,56.25,0.0,2,-111.07150417880607
8463,278.75,56.25,56.25,0.0,2,-113.03428089671107
8464,281.25,56.25,56.25,0.0,1,-110.92873723033273
8465,283.75,56.25,56.25,1.0,0,-106.73859253804213
8466,286.25,56.25,56.25,1.0,0,-101.8893020623449
8467,288.75,56.25,56.25,1.0,0,-98.7287737100162
8468,291.25,56.25,56.25,1.0,0,-99.78181290254675
8469,293.75,56.25,56.25,1.0,0,-104.68995554705101
8470,296.25,56.25,56.25,1.0,0,-111.32569899422488
8471,298.75,56.25,56.25,0.0,1,-117.98905274842285
8472,301.25,56.25,56.25,0.0,1,-125.4155395568863
8473,303.75,56.25,56.25,0.0,1,-137.5265061910236
8474,306.25,56.25,56.25,0.0,1,-154.41667781629457
8475,308.75,56.25,56.25,0.0,1,-167.51688351443184
8476,311.25,56.25,56.25,0.0,1,-173.82557861377438
8477,313.75,56.25,56.25,0.0,1,-175.08811467206786
8478,316.25,56.25,56.25,0.0,1,-173.51290303613288
8479,318.75,56.25,56.25,0.0,1,-169.599282012718
8480,321.25,56.25,56.25,0.0,1,-162.10262868209628
8481,323.75,56.25,56.25,0.0,1,-149.87680931893667
8482,326.25,56.25,56.25,0.0,1,-132.85207765852718
8483,328.75,56.25,56.25,0.0,1,-114.69834724839333
8484,331.25,56.25,56.25,0.0,1,-96.9380885655212
8485,333.75,56.25,56.25,0.0,1,-77.76858123390201
8486,336.25,56.25,56.25,0.0,1,-58.69119456867356
8487,338.75,56.25,56.25,0.0,1,-42.093467311188014
8488,341.25,56.25,56.25,0.0,1,-29.24981775627458
8489,343.75,56.25,56.25,0.0,1,-19.47554304512191
8490,346.25,56.25,56.25,0.0,1,-10.938598705802796
8491,348.75,56.25,56.25,0.0,1,-3.2215955143794117
8492,351.25,56.25,56.25,0.0,1,-0.13346351496152442
8493,353.75,56.25,56.25,0.0,1,-3.38934551061896
8494,356.25,56.25,56.25,1.0,0,-9.73449674218833
8495,358.75,56.25,56.25,0.0,1,-15.631695178723847
8496,1.25,58.75,58.75,0.0,1,-8.168363276938079
8497,3.75,58.75,58.75,0.0,1,-10.027914190794082
8498,6.25,58.75,58.75,0.0,1,-12.897293703587417
8499,8.75,58.75,58.75,1.0,0,-17.841582917968548
8500,11.25,58.75,58.75,0.0,1,-24.459436168670447
8501,13.75,58.75,58.75,1.0,0,-30.05294693613152
8502,16.25,58.75,58.75,0.0,1,-34.71575080904076
8503,18.75,58.75,58.75,0.0,1,-39.43648167037762
8504,21.25,58.75,58.75,0.0,1,-43.87386029316625
8505,23.75,58.75,58.75,0.0,1,-48.17333037319577
8506,26.25,58.75,58.75,1.0,0,-52.564210221986066
8507,28.75,58.75,58.75,1.0,0,-56.807873234374924
8508,31.25,58.75,58.75,1.0,0,-60.05445208093756
8509,33.75,58.75,58.75,1.0,0,-62.37630299065015
8510,36.25,58.75,58.75,1.0,0,-65.31907911966098
8511,38.75,58.75,58.75,1.0,0,-68.84634288867137
8512,41.25,58.75,58.75,1.0,0,-71.75904335458657
8513,43.75,58.75,58.75,1.0,0,-73.90644205098036
8514,46.25,58.75,58.75,1.0,0,-76.11534409486512
8515,48.75,58.75,58.75,1.0,0,-78.89511607163325
8516,51.25,58.75,58.75,1.0,0,-81.73456918019235
8517,53.75,58.75,58.75,1.0,0,-83.37582922375081
8518,56.25,58.75,58.75,1.0,0,-83.14422579683765
8519,58.75,58.75,58.75,1.0,0,-82.3770163159645
8520,61.25,58.75,58.75,1.0,0,-83.0642830517849
8521,63.75,58.75,58.75,1.0,0,-84.96382715915885
8522,66.25,58.75,58.75,1.0,0,-87.56639640135427
8523,68.75,58.75,58.75,1.0,0,-90.41355117052045
8524,71.25,58.75,58.75,1.0,0,-93.17095593717134
8525,73.75,58.75,58.75,1.0,0,-95.8374754888684
8526,76.25,58.75,58.75,1.0,0,-98.94073474978882
8527,78.75,58.75,58.75,1.0,0,-103.08061872453125
8528,81.25,58.75,58.75,1.0,0,-107.20809352615287
8529,83.75,58.75,58.75,1.0,0,-110.49395621624302
8530,86.25,58.75,58.75,1.0,0,-113.47209402023088
8531,88.75,58.75,58.75,1.0,0,-116.23979502381091
8532,91.25,58.75,58.75,1.0,0,-118.64130596449839
8533,93.75,58.75,58.75,1.0,0,-120.45986471272943
8534,96.25,58.75,58.75,1.0,0,-121.75846290198446
8535,98.75,58.75,58.75,1.0,0,-123.09518754952734
8536,101.25,58.75,58.75,1.0,0,-125.10724856217021
8537,103.75,58.75,58.75,1.0,0,-126.89929992750552
8538,106.25,58.75,58.75,1.0,0,-127.75937718086692
8539,108.75,58.75,58.75,1.0,0,-128.26522070613242
8540,111.25,58.75,58.75,1.0,0,-128.7440461994077
8541,113.75,58.75,58.75,1.0,0,-129.00410884278017
8542,116.25,58.75,58.75,1.0,0,-128.4934496169954
8543,118.75,58.75,58.75,1.0,0,-126.9308984853547
8544,121.25,58.75,58.75,1.0,0,-125.02804023866078
8545,123.75,58.75,58.75,1.0,0,-124.18664664988474
8546,126.25,58.75,58.75,1.0,0,-124.03021915862575
8547,128.75,58.75,58.75,1.0,0,-122.74138202822603
8548,131.25,58.75,58.75,1.0,0,-120.7250748887304
8549,133.75,58.75,58.75,1.0,0,-118.71226228099066
8550,136.25,58.75,58.75,1.0,0,-116.79163079567049
8551,138.75,58.75,58.75,1.0,0,-114.86101476868338
8552,141.25,58.75,58.75,0.0,2,-113.5234573877043
8553,143.75,58.75,58.75,0.0,2,-114.40942260344852
8554,146.25,58.75,58.75,0.0,2,-117.03052417736234
8555,148.75,58.75,58.75,0.0,2,-116.026524090646
8556,151.25,58.75,58.75,0.0,2,-112.10436947087541
8557,153.75,58.75,58.75,0.0,2,-108.86624440505724
8558,156.25,58.75,58.75,0.0,2,-108.33534688764468
8559,158.75,58.75,58.75,0.0,2,-109.85039599414341
8560,161.25,58.75,58.75,1.0,0,-111.39068397630763
8561,163.75,58.75,58.75,0.0,2,-111.58745640168708
8562,166.25,58.75,58.75,0.0,2,-111.12512117154597
8563,168.75,58.75,58.75,0.0,2,-110.07193949595933
8564,171.25,58.75,58.75,0.0,2,-106.99561550517241
8565,173.75,58.75,58.75,0.0,2,-103.06452728262644
8566,176.25,58.75,58.75,0.0,2,-98.78057530018178
8567,178.75,58.75,58.75,0.0,2,-93.90027556611471
8568,181.25,58.75,58.75,0.0,2,-88.0302886544651
8569,183.75,58.75,58.75,0.0,2,-81.07444826987862
8570,186.25,58.75,58.75,0.0,2,-73.20583595576292
8571,188.75,58.75,58.75,0.0,2,-64.44499854024657
8572,191.25,58.75,58.75,0.0,2,-53.541178130363235
8573,193.75,58.75,58.75,0.0,2,-41.72394050610009
8574,196.25,58.75,58.75,0.0,2,-31.581627603211484
8575,198.75,58.75,58.75,0.0,2,-23.059207006207128
8576,201.25,58.75,58.75,0.0,2,-15.37802421254433
8577,203.75,58.75,58.75,1.0,0,-7.275049459993178
8578,206.25,58.75,58.75,0.0,2,1.7763691096845364
8579,208.75,58.75,58.75,0.0,2,11.26246908912882
8580,211.25,58.75,58.75,0.0,2,20.23265684364735
8581,213.75,58.75,58.75,0.0,2,27.635559292022403
8582,216.25,58.75,58.75,0.0,2,28.153865174928725
8583,218.75,58.75,58.75,0.0,2,21.216377712741828
8584,221.25,58.75,58.75,0.0,2,11.299412579770978
8585,223.75,58.75,58.75,1.0,0,1.663735592102144
8586,226.25,58.75,58.75,1.0,0,-7.260734329696661
8587,228.75,58.75,58.75,1.0,0,-15.977169810773095
8588,231.25,58.75,58.75,1.0,0,-24.316186214370347
8589,233.75,58.75,58.75,1.0,0,-31.48431225776637
8590,236.25,58.75,58.75,1.0,0,-40.01829622524822
8591,238.75,58.75,58.75,1.0,0,-49.085965162677624
8592,241.25,58.75,58.75,1.0,0,-55.027185019305165
8593,243.75,58.75,58.75,1.0,0,-58.535867370316566
8594,246.25,58.75,58.75,1.0,0,-60.91467169885334
8595,248.75,58.75,58.75,1.0,0,-64.01601945836407
8596,251.25,58.75,58.75,1.0,0,-69.2429611604155
8597,253.75,58.75,58.75,1.0,0,-76.71258715515114
8598,256.25,58.75,58.75,1.0,0,-84.99819391376637
8599,258.75,58.75,58.75,1.0,0,-93.07043248913817
8600,261.25,58.75,58.75,1.0,0,-101.08815127849012
8601,263.75,58.75,58.75,1.0,0,-108.43666745512799
8602,266.25,58.75,58.75,0.0,2,-113.93695644586234
8603,268.75,58.75,58.75,0.0,2,-117.36024738422077
8604,271.25,58.75,58.75,0.0,2,-120.48141679837626
8605,273.75,58.75,58.75,0.0,2,-124.88266622913801
8606,276.25,58.75,58.75,0.0,2,-129.9941311378836
8607,278.75,58.75,58.75,0.0,2,-132.74685125843902
8608,281.25,58.75,58.75,0.0,1,-131.38946231408917
8609,283.75,58.75,58.75,1.0,0,-129.53364240520983
8610,286.25,58.75,58.75,1.0,0,-129.62758104879632
8611,288.75,58.75,58.75,1.0,0,-131.11447866136527
8612,291.25,58.75,58.75,0.0,1,-132.8519611062385
8613,293.75,58.75,58.75,0.0,1,-134.19990946520218
8614,296.25,58.75,58.75,0.0,1,-136.05168247322692
8615,298.75,58.75,58.75,0.0,1,-140.7876946727839
8616,301.25,58.75,58.75,0.0,1,-150.96276484183784
8617,303.75,58.75,58.75,0.0,1,-167.80603315591833
8618,306.25,58.75,58.75,0.0,1,-184.47321075672394
8619,308.75,58.75,58.75,0.0,1,-193.66728016703644
8620,311.25,58.75,58.75,0.0,1,-195.38344040899815
8621,313.75,58.75,58.75,0.0,1,-193.20267293301973
8622,316.25,58.75,58.75,0.0,1,-191.2333084031584
8623,318.75,58.75,58.75,0.0,1,-190.719796025512
8624,321.25,58.75,58.75,0.0,1,-189.14920826179983
8625,323.75,58.75,58.75,0.0,1,-182.33942533627288
8626,326.25,58.75,58.75,0.0,1,-164.89912111321732
8627,328.75,58.75,58.75,0.0,1,-140.0952190370604
8628,331.25,58.75,58.75,0.0,1,-117.19551136824487
8629,333.75,58.75,58.75,0.0,1,-95.37130989720968
8630,336.25,58.75,58.75,0.0,1,-73.80385366339134
8631,338.75,58.75,58.75,0.0,1,-53.02447059924704
8632,341.25,58.75,58.75,0.0,1,-34.49658041675233
8633,343.75,58.75,58.75,0.0,1,-19.4795109284957
8634,346.25,58.75,58.75,0.0,1,-7.996209225591879
8635,348.75,58.75,58.75,0.0,1,0.7354652685263254
8636,351.25,58.75,58.75,0.0,1,4.376059139599344
8637,353.75,58.75,58.75,0.0,1,2.518942189248255
8638,356.25,58.75,58.75,0.0,1,-1.8383262632543143
8639,358.75,58.75,58.75,0.0,1,-5.719753437650933
8640,1.25,61.25,61.25,0.0,1,-14.300835385560807
8641,3.75,61.25,61.25,0.0,1,-10.387537612198082
8642,6.25,61.25,61.25,1.0,0,-7.129738021289178
8643,8.75,61.25,61.25,1.0,0,-6.436191764805577
8644,11.25,61.25,61.25,1.0,0,-10.817755819244093
8645,13.75,61.25,61.25,1.0,0,-18.193118947542967
8646,16.25,61.25,61.25,1.0,0,-24.307439125729765
8647,18.75,61.25,61.25,0.0,1,-29.28741290925572
8648,21.25,61.25,61.25,0.0,1,-33.53291798854775
8649,23.75,61.25,61.25,1.0,0,-37.73252116624942
8650,26.25,61.25,61.25,1.0,0,-42.31397797984275
8651,28.75,61.25,61.25,1.0,0,-47.08337588535079
8652,31.25,61.25,61.25,1.0,0,-51.25855689716869
8653,33.75,61.25,61.25,1.0,0,-54.67864449409597
8654,36.25,61.25,61.25,1.0,0,-57.91850460242926
8655,38.75,61.25,61.25,1.0,0,-61.39832033668329
8656,41.25,61.25,61.25,1.0,0,-64.75347850581726
8657,43.75,61.25,61.25,1.0,0,-67.55166576507531
8658,46.25,61.25,61.25,1.0,0,-69.96024323361948
8659,48.75,61.25,61.25,1.0,0,-72.36292731932865
8660,51.25,61.25,61.25,1.0,0,-74.91222687510356
8661,53.75,61.25,61.25,1.0,0,-77.26629009045797
8662,56.25,61.25,61.25,1.0,0,-78.87673763931915
8663,58.75,61.25,61.25,1.0,0,-79.673121591093
8664,61.25,61.25,61.25,1.0,0,-80.77187799587688
8665,63.75,61.25,61.25,1.0,0,-82.55566309672487
8666,66.25,61.25,61.25,1.0,0,-84.86770205643582
8667,68.75,61.25,61.25,1.0,0,-87.42597861649217
8668,71.25,61.25,61.25,1.0,0,-90.0558118228062
8669,73.75,61.25,61.25,1.0,0,-92.82087418361658
8670,76.25,61.25,61.25,1.0,0,-95.9716882633707
8671,78.75,61.25,61.25,1.0,0,-99.70557534608353
8672,81.25,61.25,61.25,1.0,0,-103.22937137863255
8673,83.75,61.25,61.25,1.0,0,-106.20829060008262
8674,86.25,61.25,61.25,1.0,0,-109.13085653434601
8675,88.75,61.25,61.25,1.0,0,-112.06080824771885
8676,91.25,61.25,61.25,1.0,0,-114.87586362281274
8677,93.75,61.25,61.25,1.0,0,-117.44601776191551
8678,96.25,61.25,61.25,1.0,0,-119.81302382411299
8679,98.75,61.25,61.25,1.0,0,-122.23824349284308
8680,101.25,61.25,61.25,1.0,0,-124.93121040963034
8681,103.75,61.25,61.25,1.0,0,-126.89289253752199
8682,106.25,61.25,61.25,1.0,0,-127.7235715229419
8683,108.75,61.25,61.25,1.0,0,-128.12383095124
8684,111.25,61.25,61.25,1.0,0,-128.58903917381323
8685,113.75,61.25,61.25,1.0,0,-129.2110586314183
8686,116.25,61.25,61.25,1.0,0,-129.83360538191985
8687,118.75,61.25,61.25,1.0,0,-130.33884063810078
8688,121.25,61.25,61.25,1.0,0,-130.85794564974736
8689,123.75,61.25,61.25,1.0,0,-131.55373616161438
8690,126.25,61.25,61.25,1.0,0,-131.69792624335645
8691,128.75,61.25,61.25,1.0,0,-130.7954661081294
8692,131.25,61.25,61.25,1.0,0,-129.32170888112546
8693,133.75,61.25,61.25,1.0,0,-126.65749659092651
8694,136.25,61.25,61.25,1.0,0,-122.41633811610647
8695,138.75,61.25,61.25,1.0,0,-117.73868488332069
8696,141.25,61.25,61.25,1.0,0,-115.05415867080447
8697,143.75,61.25,61.25,1.0,0,-116.30394546133365
8698,146.25,61.25,61.25,1.0,0,-121.88706848344836
8699,148.75,61.25,61.25,1.0,0,-128.36435410027812
8700,151.25,61.25,61.25,1.0,0,-131.96685352412138
8701,153.75,61.25,61.25,1.0,0,-133.17201227938483
8702,156.25,61.25,61.25,0.0,2,-133.27062096468714
8703,158.75,61.25,61.25,0.0,2,-133.46473650558198
8704,161.25,61.25,61.25,0.0,2,-134.76637726289653
8705,163.75,61.25,61.25,0.0,2,-137.9263978569993
8706,166.25,61.25,61.25,1.0,0,-143.07475119153733
8707,168.75,61.25,61.25,1.0,0,-148.80449075298864
8708,171.25,61.25,61.25,1.0,0,-151.41363989928095
8709,173.75,61.25,61.25,0.0,2,-150.52023979788498
8710,176.25,61.25,61.25,0.0,2,-147.50934453242178
8711,178.75,61.25,61.25,0.0,2,-143.00510967818494
8712,181.25,61.25,61.25,0.0,2,-137.03592405186347
8713,183.75,61.25,61.25,0.0,2,-129.19667884248128
8714,186.25,61.25,61.25,0.0,2,-118.93268013464395
8715,188.75,61.25,61.25,0.0,2,-105.91615383799922
8716,191.25,61.25,61.25,0.0,2,-89.69477816952195
8717,193.75,61.25,61.25,0.0,2,-73.94549424676133
8718,196.25,61.25,61.25,1.0,0,-61.49286983346174
8719,198.75,61.25,61.25,1.0,0,-51.337453378060204
8720,201.25,61.25,61.25,1.0,0,-42.73175491411005
8721,203.75,61.25,61.25,1.0,0,-34.5801420277695
8722,206.25,61.25,61.25,1.0,0,-26.055341999312912
8723,208.75,61.25,61.25,1.0,0,-16.688507909587543
8724,211.25,61.25,61.25,1.0,0,-6.189726210609886
8725,213.75,61.25,61.25,1.0,0,4.61045083275967
8726,216.25,61.25,61.25,1.0,0,7.405569944729485
8727,218.75,61.25,61.25,1.0,0,0.625959391291664
8728,221.25,61.25,61.25,1.0,0,-9.361446043163312
8729,223.75,61.25,61.25,1.0,0,-18.168499793598237
8730,226.25,61.25,61.25,1.0,0,-24.76168704020958
8731,228.75,61.25,61.25,1.0,0,-30.347560512061296
8732,231.25,61.25,61.25,1.0,0,-36.97552361869475
8733,233.75,61.25,61.25,1.0,0,-46.44426641387127
8734,236.25,61.25,61.25,1.0,0,-59.28059261255327
8735,238.75,61.25,61.25,1.0,0,-69.75283352410425
8736,241.25,61.25,61.25,1.0,0,-75.900623341206
8737,243.75,61.25,61.25,1.0,0,-80.0381454211809
8738,246.25,61.25,61.25,1.0,0,-83.15427003897628
8739,248.75,61.25,61.25,1.0,0,-86.39471837837411
8740,251.25,61.25,61.25,1.0,0,-91.01317831465929
8741,253.75,61.25,61.25,1.0,0,-97.93553319010337
8742,256.25,61.25,61.25,1.0,0,-107.08364274236132
8743,258.75,61.25,61.25,1.0,0,-117.4560030759502
8744,261.25,61.25,61.25,1.0,0,-125.22268420451046
8745,263.75,61.25,61.25,1.0,0,-128.9672559902245
8746,266.25,61.25,61.25,0.0,2,-130.936158616329
8747,268.75,61.25,61.25,0.0,2,-133.35959821641077
8748,271.25,61.25,61.25,0.0,2,-137.48270333470043
8749,273.75,61.25,61.25,0.0,2,-142.64008755048383
8750,276.25,61.25,61.25,0.0,2,-146.64368377460804
8751,278.75,61.25,61.25,0.0,2,-147.5331902421951
8752,281.25,61.25,61.25,0.0,1,-146.9903273774121
8753,283.75,61.25,61.25,1.0,0,-149.3151081234576
8754,286.25,61.25,61.25,1.0,0,-153.05792555370002
8755,288.75,61.25,61.25,0.0,1,-154.92812562130578
8756,291.25,61.25,61.25,0.0,1,-153.74828017000056
8757,293.75,61.25,61.25,0.0,1,-151.87412500932155
8758,296.25,61.25,61.25,0.0,1,-153.32497431272324
8759,298.75,61.25,61.25,0.0,1,-160.78283604372604
8760,301.25,61.25,61.25,0.0,1,-172.94646910918317
8761,303.75,61.25,61.25,0.0,1,-185.49895795608467
8762,306.25,61.25,61.25,0.0,1,-195.10311214979683
8763,308.75,61.25,61.25,0.0,1,-198.8326966843826
8764,311.25,61.25,61.25,0.0,1,-192.57576886138506
8765,313.75,61.25,61.25,0.0,1,-184.71283027000885
8766,316.25,61.25,61.25,0.0,1,-184.6731888749586
8767,318.75,61.25,61.25,0.0,1,-192.1247066780929
8768,321.25,61.25,61.25,0.0,1,-198.18040223739052
8769,323.75,61.25,61.25,0.0,1,-197.59929982749858
8770,326.25,61.25,61.25,0.0,1,-188.99803750984321
8771,328.75,61.25,61.25,0.0,1,-168.7884648068072
8772,331.25,61.25,61.25,0.0,1,-144.09554687385238
8773,333.75,61.25,61.25,0.0,1,-118.77497820506657
8774,336.25,61.25,61.25,0.0,1,-93.84816835135143
8775,338.75,61.25,61.25,0.0,1,-70.02547219062353
8776,341.25,61.25,61.25,0.0,1,-49.13700454489894
8777,343.75,61.25,61.25,0.0,1,-33.60755770225503
8778,346.25,61.25,61.25,0.0,1,-24.37007598922982
8779,348.75,61.25,61.25,0.0,1,-19.53711624787448
8780,351.25,61.25,61.25,0.0,1,-17.961747132161598
8781,353.75,61.25,61.25,0.0,1,-18.406974721155485
8782,356.25,61.25,61.25,0.0,1,-18.724930892428496
8783,358.75,61.25,61.25,0.0,1,-17.38467651919665
8784,1.25,63.75,63.75,0.0,1,-34.3973673718619
8785,3.75,63.75,63.75,0.0,1,-23.597250942726838
8786,6.25,63.75,63.75,0.0,1,-13.864956508576785
8787,8.75,63.75,63.75,0.0,1,-6.088058948778976
8788,11.25,63.75,63.75,1.0,0,-3.614255958403712
8789,13.75,63.75,63.75,1.0,0,-8.654791093813552
8790,16.25,63.75,63.75,1.0,0,-15.65570838092626
8791,18.75,63.75,63.75,1.0,0,-21.884850660092358
8792,21.25,63.75,63.75,0.0,1,-26.76752148464839
8793,23.75,63.75,63.75,1.0,0,-30.827424735189208
8794,26.25,63.75,63.75,1.0,0,-34.97963026394026
8795,28.75,63.75,63.75,1.0,0,-39.84435402799822
8796,31.25,63.75,63.75,1.0,0,-45.256909572605394
8797,33.75,63.75,63.75,1.0,0,-50.92342379043546
8798,36.25,63.75,63.75,1.0,0,-55.96306011643248
8799,38.75,63.75,63.75,1.0,0,-60.07165362354671
8800,41.25,63.75,63.75,1.0,0,-63.687946728112784
8801,43.75,63.75,63.75,1.0,0,-66.84053032706697
8802,46.25,63.75,63.75,1.0,0,-69.62939309224028
8803,48.75,63.75,63.75,1.0,0,-72.1961738322062
8804,51.25,63.75,63.75,1.0,0,-74.66891655879007
8805,53.75,63.75,63.75,1.0,0,-77.1085181335369
8806,56.25,63.75,63.75,1.0,0,-79.63602853625144
8807,58.75,63.75,63.75,1.0,0,-81.90830550726986
8808,61.25,63.75,63.75,1.0,0,-83.9952320528711
8809,63.75,63.75,63.75,1.0,0,-86.16145175291656
8810,66.25,63.75,63.75,1.0,0,-88.2935432499666
8811,68.75,63.75,63.75,1.0,0,-90.38344534374374
8812,71.25,63.75,63.75,1.0,0,-92.56243074067956
8813,73.75,63.75,63.75,1.0,0,-94.99234072316929
8814,76.25,63.75,63.75,1.0,0,-97.68204085472962
8815,78.75,63.75,63.75,1.0,0,-100.55048008097339
8816,81.25,63.75,63.75,1.0,0,-103.10449980280995
8817,83.75,63.75,63.75,1.0,0,-105.42602280637733
8818,86.25,63.75,63.75,1.0,0,-107.88707829820912
8819,88.75,63.75,63.75,1.0,0,-110.48674535870084
8820,91.25,63.75,63.75,1.0,0,-113.25981600067263
8821,93.75,63.75,63.75,1.0,0,-116.22072533175127
8822,96.25,63.75,63.75,1.0,0,-119.265025006132
8823,98.75,63.75,63.75,1.0,0,-122.11348702190408
8824,101.25,63.75,63.75,1.0,0,-124.56437913685944
8825,103.75,63.75,63.75,1.0,0,-126.0181850754326
8826,106.25,63.75,63.75,1.0,0,-126.52895488353299
8827,108.75,63.75,63.75,1.0,0,-126.73765752057007
8828,111.25,63.75,63.75,1.0,0,-127.22788392818207
8829,113.75,63.75,63.75,1.0,0,-128.30814511133678
8830,116.25,63.75,63.75,1.0,0,-129.89985108859076
8831,118.75,63.75,63.75,1.0,0,-131.62710271501155
8832,121.25,63.75,63.75,1.0,0,-133.03085330437995
8833,123.75,63.75,63.75,1.0,0,-133.54755911501803
8834,126.25,63.75,63.75,1.0,0,-132.45750605986004
8835,128.75,63.75,63.75,1.0,0,-130.4578357206747
8836,131.25,63.75,63.75,1.0,0,-128.40059949717528
8837,133.75,63.75,63.75,1.0,0,-126.38072456366882
8838,136.25,63.75,63.75,1.0,0,-124.40984773483356
8839,138.75,63.75,63.75,1.0,0,-123.03884834719017
8840,141.25,63.75,63.75,1.0,0,-123.41154147496128
8841,143.75,63.75,63.75,1.0,0,-126.73452687302881
8842,146.25,63.75,63.75,1.0,0,-134.22919751748933
8843,148.75,63.75,63.75,1.0,0,-143.40884753621916
8844,151.25,63.75,63.75,1.0,0,-149.7925936814454
8845,153.75,63.75,63.75,1.0,0,-152.88628764015533
8846,156.25,63.75,63.75,1.0,0,-153.32162282173422
8847,158.75,63.75,63.75,1.0,0,-152.536766926128
8848,161.25,63.75,63.75,1.0,0,-152.46340318630894
8849,163.75,63.75,63.75,1.0,0,-154.9030295403303
8850,166.25,63.75,63.75,1.0,0,-160.53737225613366
8851,168.75,63.75,63.75,1.0,0,-168.06618026643437
8852,171.25,63.75,63.75,1.0,0,-173.64643420309784
8853,173.75,63.75,63.75,1.0,0,-176.12244698574034
8854,176.25,63.75,63.75,1.0,0,-176.266710113092
8855,178.75,63.75,63.75,0.0,2,-174.09153084056186
8856,181.25,63.75,63.75,0.0,2,-169.38582553778375
8857,183.75,63.75,63.75,0.0,2,-161.80998335157992
8858,186.25,63.75,63.75,0.0,2,-151.03134954241938
8859,188.75,63.75,63.75,0.0,2,-136.9254171983623
8860,191.25,63.75,63.75,0.0,2,-118.95481863522744
8861,193.75,63.75,63.75,0.0,2,-100.97411724307
8862,196.25,63.75,63.75,0.0,2,-86.46110459915857
8863,198.75,63.75,63.75,0.0,2,-74.54642163700574
8864,201.25,63.75,63.75,1.0,0,-64.88858549853902
8865,203.75,63.75,63.75,1.0,0,-56.915189924602466
8866,206.25,63.75,63.75,1.0,0,-50.148307962325305
8867,208.75,63.75,63.75,1.0,0,-44.26856980496676
8868,211.25,63.75,63.75,1.0,0,-39.05595425047784
8869,213.75,63.75,63.75,1.0,0,-34.80948599957348
8870,216.25,63.75,63.75,1.0,0,-34.556765196322274
8871,218.75,63.75,63.75,1.0,0,-37.729816441748
8872,221.25,63.75,63.75,1.0,0,-41.19468066483747
8873,223.75,63.75,63.75,1.0,0,-43.43068514206426
8874,226.25,63.75,63.75,1.0,0,-45.13258681662439
8875,228.75,63.75,63.75,1.0,0,-48.718303000309476
8876,231.25,63.75,63.75,1.0,0,-56.695145862781054
8877,233.75,63.75,63.75,1.0,0,-69.345683577226
8878,236.25,63.75,63.75,1.0,0,-83.13383368133383
8879,238.75,63.75,63.75,1.0,0,-92.01068764189208
8880,241.25,63.75,63.75,1.0,0,-97.40355361223324
8881,243.75,63.75,63.75,1.0,0,-101.98489552606547
8882,246.25,63.75,63.75,1.0,0,-106.1927327997302
8883,248.75,63.75,63.75,1.0,0,-110.46416214351324
8884,251.25,63.75,63.75,1.0,0,-115.53645848569657
8885,253.75,63.75,63.75,1.0,0,-122.13478962804108
8886,256.25,63.75,63.75,1.0,0,-130.2201244680408
8887,258.75,63.75,63.75,1.0,0,-138.43423736922895
8888,261.25,63.75,63.75,1.0,0,-143.06466003683633
8889,263.75,63.75,63.75,1.0,0,-144.82826841503206
8890,266.25,63.75,63.75,1.0,0,-146.95513634879106
8891,268.75,63.75,63.75,1.0,0,-150.7248011803932
8892,271.25,63.75,63.75,0.0,2,-155.44243777435074
8893,273.75,63.75,63.75,0.0,2,-159.1352375575355
8894,276.25,63.75,63.75,0.0,2,-160.14629089304984
8895,278.75,63.75,63.75,0.0,2,-159.00956239162147
8896,281.25,63.75,63.75,0.0,1,-159.69650266037345
8897,283.75,63.75,63.75,0.0,1,-164.10149873936837
8898,286.25,63.75,63.75,0.0,1,-167.0810402059546
8899,288.75,63.75,63.75,1.0,0,-166.16959718657324
8900,291.25,63.75,63.75,1.0,0,-163.9441919385232
8901,293.75,63.75,63.75,1.0,0,-165.13279646551246
8902,296.25,63.75,63.75,0.0,1,-171.91125160759375
8903,298.75,63.75,63.75,0.0,1,-181.3648011053421
8904,301.25,63.75,63.75,0.0,1,-186.97337879160676
8905,303.75,63.75,63.75,0.0,1,-187.60024478268735
8906,306.25,63.75,63.75,0.0,1,-193.11719623161468
8907,308.75,63.75,63.75,0.0,1,-189.48114206000332
8908,311.25,63.75,63.75,1.0,0,-163.31710893341585
8909,313.75,63.75,63.75,1.0,0,-139.84114056755098
8910,316.25,63.75,63.75,1.0,0,-143.39062081546962
8911,318.75,63.75,63.75,0.0,1,-170.0087419082926
8912,321.25,63.75,63.75,0.0,1,-193.16816022847797
8913,323.75,63.75,63.75,0.0,1,-197.88173375524977
8914,326.25,63.75,63.75,0.0,1,-194.66162182102534
8915,328.75,63.75,63.75,0.0,1,-185.2880236377377
8916,331.25,63.75,63.75,0.0,1,-168.18012112009492
8917,333.75,63.75,63.75,0.0,1,-147.0654223780901
8918,336.25,63.75,63.75,0.0,1,-125.23804250181355
8919,338.75,63.75,63.75,0.0,1,-104.81887917216734
8920,341.25,63.75,63.75,0.0,1,-87.72638715047215
8921,343.75,63.75,63.75,0.0,1,-75.72506012892005
8922,346.25,63.75,63.75,0.0,1,-69.3120601645377
8923,348.75,63.75,63.75,0.0,1,-66.40225599863295
8924,351.25,63.75,63.75,0.0,1,-64.46488754658387
8925,353.75,63.75,63.75,0.0,1,-61.17446070173668
8926,356.25,63.75,63.75,0.0,1,-54.76896485686158
8927,358.75,63.75,63.75,0.0,1,-45.32030283114866
8928,1.25,66.25,66.25,0.0,5,-53.04046192044255
8929,3.75,66.25,66.25,0.0,5,-37.842139282077376
8930,6.25,66.25,66.25,0.0,5,-24.779251295870758
8931,8.75,66.25,66.25,0.0,5,-13.681028383493377
8932,11.25,66.25,66.25,0.0,5,-4.864840291051078
8933,13.75,66.25,66.25,0.0,5,-3.137318284231338
8934,16.25,66.25,66.25,1.0,0,-7.883420753658269
8935,18.75,66.25,66.25,1.0,0,-15.000226262574303
8936,21.25,66.25,66.25,1.0,0,-21.773422456440173
8937,23.75,66.25,66.25,1.0,0,-27.36634435580301
8938,26.25,66.25,66.25,1.0,0,-32.40011746809885
8939,28.75,66.25,66.25,1.0,0,-38.02086546611424
8940,31.25,66.25,66.25,1.0,0,-44.894220392189936
8941,33.75,66.25,66.25,1.0,0,-53.18838277066562
8942,36.25,66.25,66.25,0.0,5,-60.91634378853198
8943,38.75,66.25,66.25,0.0,5,-66.72387987926975
8944,41.25,66.25,66.25,0.0,5,-71.34866745476447
8945,43.75,66.25,66.25,0.0,5,-75.14693327925556
8946,46.25,66.25,66.25,1.0,0,-78.26739773056252
8947,48.75,66.25,66.25,1.0,0,-80.69116742977765
8948,51.25,66.25,66.25,1.0,0,-82.43259013148112
8949,53.75,66.25,66.25,1.0,0,-83.77955866634343
8950,56.25,66.25,66.25,1.0,0,-85.56379708599198
8951,58.75,66.25,66.25,1.0,0,-88.4114439659356
8952,61.25,66.25,66.25,1.0,0,-91.6704334719944
8953,63.75,66.25,66.25,1.0,0,-94.6843902000074
8954,66.25,66.25,66.25,1.0,0,-96.93014376391066
8955,68.75,66.25,66.25,1.0,0,-98.34696565020052
8956,71.25,66.25,66.25,1.0,0,-99.2716530705606
8957,73.75,66.25,66.25,1.0,0,-100.1834293386881
8958,76.25,66.25,66.25,1.0,0,-101.35802237735258
8959,78.75,66.25,66.25,1.0,0,-102.67573429046195
8960,81.25,66.25,66.25,1.0,0,-103.78962561343334
8961,83.75,66.25,66.25,1.0,0,-105.01428373261285
8962,86.25,66.25,66.25,1.0,0,-106.65433824465195
8963,88.75,66.25,66.25,1.0,0,-108.73808078142594
8964,91.25,66.25,66.25,1.0,0,-111.41538407528543
8965,93.75,66.25,66.25,1.0,0,-114.6936660376729
8966,96.25,66.25,66.25,1.0,0,-118.15505353126156
8967,98.75,66.25,66.25,1.0,0,-120.91124111761916
8968,101.25,66.25,66.25,1.0,0,-122.4495422294248
8969,103.75,66.25,66.25,1.0,0,-123.14307385732258
8970,106.25,66.25,66.25,1.0,0,-123.83362424980879
8971,108.75,66.25,66.25,1.0,0,-125.00743038750268
8972,111.25,66.25,66.25,1.0,0,-126.77706361734653
8973,113.75,66.25,66.25,1.0,0,-128.8428931261748
8974,116.25,66.25,66.25,1.0,0,-130.74240404549633
8975,118.75,66.25,66.25,1.0,0,-132.2089660127549
8976,121.25,66.25,66.25,1.0,0,-133.4161234719622
8977,123.75,66.25,66.25,1.0,0,-134.4835825398747
8978,126.25,66.25,66.25,1.0,0,-134.01526520177603
8979,128.75,66.25,66.25,1.0,0,-131.6302697288002
8980,131.25,66.25,66.25,1.0,0,-128.63383904190204
8981,133.75,66.25,66.25,1.0,0,-126.55313510194841
8982,136.25,66.25,66.25,1.0,0,-126.5179902300987
8983,138.75,66.25,66.25,1.0,0,-129.0671867773975
8984,141.25,66.25,66.25,1.0,0,-134.13138662229457
8985,143.75,66.25,66.25,1.0,0,-141.11515069270953
8986,146.25,66.25,66.25,1.0,0,-149.4664517509149
8987,148.75,66.25,66.25,1.0,0,-156.64609969557296
8988,151.25,66.25,66.25,1.0,0,-161.34793260111027
8989,153.75,66.25,66.25,1.0,0,-164.64081028765204
8990,156.25,66.25,66.25,1.0,0,-166.72085828937452
8991,158.75,66.25,66.25,1.0,0,-167.5536783408588
8992,161.25,66.25,66.25,1.0,0,-167.6260829295242
8993,163.75,66.25,66.25,1.0,0,-168.16161767114681
8994,166.25,66.25,66.25,1.0,0,-170.55830505798244
8995,168.75,66.25,66.25,1.0,0,-175.60451396202663
8996,171.25,66.25,66.25,1.0,0,-182.26628804226903
8997,173.75,66.25,66.25,1.0,0,-188.61712907525924
8998,176.25,66.25,66.25,1.0,0,-193.49513970426125
8999,178.75,66.25,66.25,1.0,0,-195.23956865781705
9000,181.25,66.25,66.25,1.0,0,-192.92485828679347
9001,183.75,66.25,66.25,1.0,0,-186.67794096073078
9002,186.25,66.25,66.25,1.0,0,-177.26295029692167
9003,188.75,66.25,66.25,0.0,5,-165.14552376417956
9004,191.25,66.25,66.25,0.0,5,-148.68612738300942
9005,193.75,66.25,66.25,0.0,5,-129.82434180840679
9006,196.25,66.25,66.25,0.0,5,-113.04125120469952
9007,198.75,66.25,66.25,1.0,0,-98.7431147742554
9008,201.25,66.25,66.25,1.0,0,-87.27532270977429
9009,203.75,66.25,66.25,1.0,0,-78.54578778945734
9010,206.25,66.25,66.25,1.0,0,-72.55130056352162
9011,208.75,66.25,66.25,1.0,0,-69.54553836685484
9012,211.25,66.25,66.25,1.0,0,-69.78669110003746
9013,213.75,66.25,66.25,1.0,0,-73.07586814745608
9014,216.25,66.25,66.25,1.0,0,-77.14747543285972
9015,218.75,66.25,66.25,1.0,0,-79.52068108362813
9016,221.25,66.25,66.25,1.0,0,-80.0785244722335
9017,223.75,66.25,66.25,1.0,0,-79.70489903132531
9018,226.25,66.25,66.25,1.0,0,-80.31888607357624
9019,228.75,66.25,66.25,1.0,0,-83.99905639064772
9020,231.25,66.25,66.25,1.0,0,-91.57777341478686
9021,233.75,66.25,66.25,1.0,0,-101.31573505531375
9022,236.25,66.25,66.25,1.0,0,-109.7564372033074
9023,238.75,66.25,66.25,1.0,0,-114.83332424541213
9024,241.25,66.25,66.25,1.0,0,-118.85689636468065
9025,243.75,66.25,66.25,1.0,0,-123.39063927893184
9026,246.25,66.25,66.25,1.0,0,-128.53647049441057
9027,248.75,66.25,66.25,1.0,0,-134.00943720715148
9028,251.25,66.25,66.25,1.0,0,-139.39438364167674
9029,253.75,66.25,66.25,1.0,0,-144.33225536283325
9030,256.25,66.25,66.25,1.0,0,-148.6463375664738
9031,258.75,66.25,66.25,1.0,0,-152.46969048801876
9032,261.25,66.25,66.25,1.0,0,-155.64023619137706
9033,263.75,66.25,66.25,1.0,0,-158.65363790695773
9034,266.25,66.25,66.25,1.0,0,-162.13041345592276
9035,268.75,66.25,66.25,1.0,0,-165.77897265204413
9036,271.25,66.25,66.25,1.0,0,-168.77308638803177
9037,273.75,66.25,66.25,1.0,0,-170.3409797488306
9038,276.25,66.25,66.25,0.0,5,-170.4432870697335
9039,278.75,66.25,66.25,0.0,5,-170.19499161993105
9040,281.25,66.25,66.25,0.0,5,-171.4046462502652
9041,283.75,66.25,66.25,0.0,5,-173.41027293961474
9042,286.25,66.25,66.25,0.0,5,-173.51440742041763
9043,288.75,66.25,66.25,1.0,0,-172.60438176830826
9044,291.25,66.25,66.25,1.0,0,-174.54697813221034
9045,293.75,66.25,66.25,1.0,0,-181.86242962040708
9046,296.25,66.25,66.25,1.0,0,-191.52894460918148
9047,298.75,66.25,66.25,0.0,5,-195.85761785992415
9048,301.25,66.25,66.25,0.0,5,-189.37801942342838
9049,303.75,66.25,66.25,0.0,5,-184.17260449607517
9050,306.25,66.25,66.25,0.0,5,-191.8899214525056
9051,308.75,66.25,66.25,1.0,0,-173.2974581031909
9052,311.25,66.25,66.25,1.0,0,-116.60737562793075
9053,313.75,66.25,66.25,1.0,0,-68.0185747322995
9054,316.25,66.25,66.25,1.0,0,-68.07758463765148
9055,318.75,66.25,66.25,1.0,0,-113.10057810978371
9056,321.25,66.25,66.25,1.0,0,-161.50301088191634
9057,323.75,66.25,66.25,0.0,5,-178.94271769460505
9058,326.25,66.25,66.25,0.0,5,-174.62706210256619
9059,328.75,66.25,66.25,0.0,5,-171.62831719192053
9060,331.25,66.25,66.25,0.0,5,-171.31566999269154
9061,333.75,66.25,66.25,0.0,5,-168.64476813352508
9062,336.25,66.25,66.25,0.0,5,-162.63109461590992
9063,338.75,66.25,66.25,0.0,5,-154.096801445853
9064,341.25,66.25,66.25,0.0,5,-144.1367050865774
9065,343.75,66.25,66.25,0.0,5,-133.38185053938065
9066,346.25,66.25,66.25,0.0,5,-122.31111704664828
9067,348.75,66.25,66.25,0.0,5,-111.27486779870524
9068,351.25,66.25,66.25,0.0,5,-102.26996404097584
9069,353.75,66.25,66.25,0.0,5,-94.07230830159696
9070,356.25,66.25,66.25,0.0,5,-83.19828430385553
9071,358.75,66.25,66.25,0.0,5,-68.9537907538399
9072,1.25,68.75,68.75,0.0,5,-54.796859157620354
9073,3.75,68.75,68.75,0.0,5,-43.95587738725849
9074,6.25,68.75,68.75,0.0,5,-33.179321987299225
9075,8.75,68.75,68.75,0.0,5,-23.4926445272158
9076,11.25,68.75,68.75,0.0,5,-15.115248198375735
9077,13.75,68.75,68.75,0.0,5,-10.156554286127047
9078,16.25,68.75,68.75,0.0,5,-10.343632822888416
9079,18.75,68.75,68.75,1.0,0,-14.991611647389433
9080,21.25,68.75,68.75,1.0,0,-22.037029014212578
9081,23.75,68.75,68.75,1.0,0,-29.32213655015744
9082,26.25,68.75,68.75,1.0,0,-35.9245796453898
9083,28.75,68.75,68.75,1.0,0,-42.422090129695405
9084,31.25,68.75,68.75,1.0,0,-50.04987468109623
9085,33.75,68.75,68.75,1.0,0,-60.006569761440495
9086,36.25,68.75,68.75,0.0,5,-70.73887322264662
9087,38.75,68.75,68.75,0.0,5,-79.91343618298035
9088,41.25,68.75,68.75,0.0,5,-87.30409067068926
9089,43.75,68.75,68.75,0.0,5,-92.58557893026234
9090,46.25,68.75,68.75,0.0,5,-95.86609931477592
9091,48.75,68.75,68.75,0.0,5,-97.55351359438455
9092,51.25,68.75,68.75,0.0,5,-98.25845045995389
9093,53.75,68.75,68.75,0.0,5,-98.7369222057611
9094,56.25,68.75,68.75,0.0,5,-99.98113556745092
9095,58.75,68.75,68.75,0.0,5,-102.56073248128497
9096,61.25,68.75,68.75,1.0,0,-105.34690619439512
9097,63.75,68.75,68.75,1.0,0,-107.23924848809689
9098,66.25,68.75,68.75,1.0,0,-107.77896386806908
9099,68.75,68.75,68.75,1.0,0,-107.3135669096295
9100,71.25,68.75,68.75,1.0,0,-106.5734673970613
9101,73.75,68.75,68.75,0.0,5,-106.17520347588244
9102,76.25,68.75,68.75,1.0,0,-106.26731004594983
9103,78.75,68.75,68.75,1.0,0,-106.59849233423263
9104,81.25,68.75,68.75,1.0,0,-106.97445319686052
9105,83.75,68.75,68.75,1.0,0,-107.5902878064737
9106,86.25,68.75,68.75,1.0,0,-108.55354153490558
9107,88.75,68.75,68.75,1.0,0,-109.88019696785973
9108,91.25,68.75,68.75,1.0,0,-111.76614276776125
9109,93.75,68.75,68.75,1.0,0,-114.3631656320621
9110,96.25,68.75,68.75,1.0,0,-117.47803457620105
9111,98.75,68.75,68.75,1.0,0,-120.41591002569932
9112,101.25,68.75,68.75,1.0,0,-122.62275120529382
9113,103.75,68.75,68.75,1.0,0,-124.21086382931551
9114,106.25,68.75,68.75,1.0,0,-125.79783565249515
9115,108.75,68.75,68.75,1.0,0,-127.54649754348624
9116,111.25,68.75,68.75,1.0,0,-129.17599858316422
9117,113.75,68.75,68.75,1.0,0,-130.41306207146064
9118,116.25,68.75,68.75,1.0,0,-131.22290925845132
9119,118.75,68.75,68.75,1.0,0,-131.85700017789208
9120,121.25,68.75,68.75,1.0,0,-132.68620247473052
9121,123.75,68.75,68.75,1.0,0,-133.87715243779775
9122,126.25,68.75,68.75,1.0,0,-134.84676058338053
9123,128.75,68.75,68.75,1.0,0,-135.180404494391
9124,131.25,68.75,68.75,1.0,0,-135.24049177911255
9125,133.75,68.75,68.75,1.0,0,-135.64995529620083
9126,136.25,68.75,68.75,1.0,0,-137.05327141010878
9127,138.75,68.75,68.75,1.0,0,-139.90866114028307
9128,141.25,68.75,68.75,1.0,0,-144.35687737444553
9129,143.75,68.75,68.75,1.0,0,-150.16202480071732
9130,146.25,68.75,68.75,1.0,0,-157.07377228377624
9131,148.75,68.75,68.75,1.0,0,-163.43502854533688
9132,151.25,68.75,68.75,1.0,0,-168.40956160340318
9133,153.75,68.75,68.75,1.0,0,-172.75530596133035
9134,156.25,68.75,68.75,1.0,0,-176.63468207071628
9135,158.75,68.75,68.75,1.0,0,-179.97454248589693
9136,161.25,68.75,68.75,1.0,0,-182.77629607901656
9137,163.75,68.75,68.75,1.0,0,-185.3867172334919
9138,166.25,68.75,68.75,1.0,0,-188.57556578247087
9139,168.75,68.75,68.75,1.0,0,-193.6855508178656
9140,171.25,68.75,68.75,1.0,0,-200.96510445614084
9141,173.75,68.75,68.75,1.0,0,-208.63628361225372
9142,176.25,68.75,68.75,1.0,0,-214.97110100686285
9143,178.75,68.75,68.75,0.0,5,-217.76900631700212
9144,181.25,68.75,68.75,0.0,5,-216.00017573890426
9145,183.75,68.75,68.75,0.0,5,-210.18898321109796
9146,186.25,68.75,68.75,0.0,5,-201.7723128352519
9147,188.75,68.75,68.75,0.0,5,-191.74016412900338
9148,191.25,68.75,68.75,0.0,5,-178.52071047559275
9149,193.75,68.75,68.75,0.0,5,-162.6202833958159
9150,196.25,68.75,68.75,0.0,5,-147.5169603749625
9151,198.75,68.75,68.75,1.0,0,-133.9697967878062
9152,201.25,68.75,68.75,1.0,0,-122.78100014997116
9153,203.75,68.75,68.75,1.0,0,-114.57839282130827
9154,206.25,68.75,68.75,1.0,0,-110.17696090813297
9155,208.75,68.75,68.75,1.0,0,-110.3894860235348
9156,211.25,68.75,68.75,1.0,0,-115.30192291878629
9157,213.75,68.75,68.75,1.0,0,-123.6588144261358
9158,216.25,68.75,68.75,1.0,0,-130.82392928482102
9159,218.75,68.75,68.75,1.0,0,-134.22897897085272
9160,221.25,68.75,68.75,1.0,0,-135.15564318822433
9161,223.75,68.75,68.75,1.0,0,-134.94167138504415
9162,226.25,68.75,68.75,1.0,0,-134.6476446971319
9163,228.75,68.75,68.75,1.0,0,-134.8398782129038
9164,231.25,68.75,68.75,1.0,0,-135.6305838680863
9165,233.75,68.75,68.75,1.0,0,-136.8757615484838
9166,236.25,68.75,68.75,1.0,0,-138.58651191681
9167,238.75,68.75,68.75,1.0,0,-140.95641083365751
9168,241.25,68.75,68.75,1.0,0,-143.79921267003593
9169,243.75,68.75,68.75,1.0,0,-146.97576747290788
9170,246.25,68.75,68.75,1.0,0,-150.28656670227087
9171,248.75,68.75,68.75,1.0,0,-153.54430413508138
9172,251.25,68.75,68.75,1.0,0,-156.60923838258702
9173,253.75,68.75,68.75,1.0,0,-159.45882803160407
9174,256.25,68.75,68.75,1.0,0,-162.24398924700594
9175,258.75,68.75,68.75,0.0,5,-165.31693377494508
9176,261.25,68.75,68.75,0.0,5,-168.12773392923975
9177,263.75,68.75,68.75,1.0,0,-169.96854341716394
9178,266.25,68.75,68.75,1.0,0,-171.02611765498784
9179,268.75,68.75,68.75,1.0,0,-171.86053944488228
9180,271.25,68.75,68.75,0.0,5,-173.2812709025728
9181,273.75,68.75,68.75,0.0,5,-175.82728014739988
9182,276.25,68.75,68.75,1.0,0,-179.30100920431053
9183,278.75,68.75,68.75,0.0,5,-182.54201691682272
9184,281.25,68.75,68.75,0.0,5,-183.5920885888971
9185,283.75,68.75,68.75,0.0,5,-181.01594490595872
9186,286.25,68.75,68.75,1.0,0,-177.20464564111273
9187,288.75,68.75,68.75,1.0,0,-175.6493861570749
9188,291.25,68.75,68.75,1.0,0,-179.36125281504343
9189,293.75,68.75,68.75,0.0,5,-187.3240146823833
9190,296.25,68.75,68.75,0.0,5,-193.85454286500286
9191,298.75,68.75,68.75,0.0,5,-192.8651438634038
9192,301.25,68.75,68.75,0.0,5,-185.35088599158533
9193,303.75,68.75,68.75,0.0,5,-184.79188946806966
9194,306.25,68.75,68.75,0.0,5,-187.66804011456549
9195,308.75,68.75,68.75,1.0,0,-161.63691947187948
9196,311.25,68.75,68.75,1.0,0,-107.3484907069579
9197,313.75,68.75,68.75,1.0,0,-57.97553088104584
9198,316.25,68.75,68.75,1.0,0,-40.58471081069346
9199,318.75,68.75,68.75,1.0,0,-56.438333007089106
9200,321.25,68.75,68.75,1.0,0,-84.80168129972688
9201,323.75,68.75,68.75,1.0,0,-105.72410710286965
9202,326.25,68.75,68.75,1.0,0,-121.78363788239078
9203,328.75,68.75,68.75,1.0,0,-140.4082740991746
9204,331.25,68.75,68.75,1.0,0,-155.36295982483765
9205,333.75,68.75,68.75,0.0,5,-162.0143098477694
9206,336.25,68.75,68.75,0.0,5,-160.97241938930924
9207,338.75,68.75,68.75,0.0,5,-155.8778406654338
9208,341.25,68.75,68.75,0.0,5,-149.32825503775373
9209,343.75,68.75,68.75,0.0,5,-141.0350375144102
9210,346.25,68.75,68.75,0.0,5,-129.02966817843426
9211,348.75,68.75,68.75,0.0,5,-112.55252285234933
9212,351.25,68.75,68.75,0.0,5,-96.70818392401844
9213,353.75,68.75,68.75,0.0,5,-84.7160183197168
9214,356.25,68.75,68.75,0.0,5,-74.61693783236187
9215,358.75,68.75,68.75,0.0,5,-64.98013953690874
9216,1.25,71.25,71.25,0.0,5,-51.171424282975934
9217,3.75,71.25,71.25,0.0,5,-45.24966920996465
9218,6.25,71.25,71.25,0.0,5,-39.86045920512364
9219,8.75,71.25,71.25,0.0,5,-34.79128360039099
9220,11.25,71.25,71.25,0.0,5,-30.325864121637235
9221,13.75,71.25,71.25,0.0,5,-27.92551801440987
9222,16.25,71.25,71.25,0.0,5,-27.883903789183808
9223,18.75,71.25,71.25,0.0,5,-29.7050441761698
9224,21.25,71.25,71.25,0.0,5,-33.07507144502306
9225,23.75,71.25,71.25,0.0,5,-37.74156002441454
9226,26.25,71.25,71.25,0.0,5,-43.71448948826331
9227,28.75,71.25,71.25,0.0,5,-51.30033610049857
9228,31.25,71.25,71.25,0.0,5,-60.94481746876455
9229,33.75,71.25,71.25,0.0,5,-73.78772488361379
9230,36.25,71.25,71.25,0.0,5,-88.52418587948038
9231,38.75,71.25,71.25,0.0,5,-102.46521405850994
9232,41.25,71.25,71.25,0.0,5,-114.9556538611143
9233,43.75,71.25,71.25,0.0,5,-124.68639804555188
9234,46.25,71.25,71.25,0.0,5,-130.8914720682253
9235,48.75,71.25,71.25,0.0,5,-133.57130707672985
9236,51.25,71.25,71.25,0.0,5,-133.486613088108
9237,53.75,71.25,71.25,0.0,5,-131.90377790068132
9238,56.25,71.25,71.25,0.0,5,-129.97364015305095
9239,58.75,71.25,71.25,0.0,5,-128.6221637400477
9240,61.25,71.25,71.25,0.0,5,-127.60971443967232
9241,63.75,71.25,71.25,0.0,5,-126.25836394612037
9242,66.25,71.25,71.25,0.0,5,-124.30692794315839
9243,68.75,71.25,71.25,0.0,5,-121.78205174651053
9244,71.25,71.25,71.25,0.0,5,-118.91027934057563
9245,73.75,71.25,71.25,0.0,5,-116.01601879035807
9246,76.25,71.25,71.25,1.0,0,-113.44652969485384
9247,78.75,71.25,71.25,1.0,0,-111.49364013493597
9248,81.25,71.25,71.25,1.0,0,-110.85135623144389
9249,83.75,71.25,71.25,1.0,0,-111.6057606891249
9250,86.25,71.25,71.25,1.0,0,-113.4545713010246
9251,88.75,71.25,71.25,1.0,0,-115.88304884472396
9252,91.25,71.25,71.25,1.0,0,-118.23519295176159
9253,93.75,71.25,71.25,1.0,0,-120.0198323350603
9254,96.25,71.25,71.25,1.0,0,-121.1281259404756
9255,98.75,71.25,71.25,1.0,0,-121.87991736152524
9256,101.25,71.25,71.25,1.0,0,-122.89427786795471
9257,103.75,71.25,71.25,1.0,0,-124.60951940661371
9258,106.25,71.25,71.25,1.0,0,-126.94936397118974
9259,108.75,71.25,71.25,1.0,0,-129.79579367738637
9260,111.25,71.25,71.25,1.0,0,-132.7316737634608
9261,113.75,71.25,71.25,1.0,0,-135.3356966404831
9262,116.25,71.25,71.25,1.0,0,-137.41153191660743
9263,118.75,71.25,71.25,1.0,0,-139.06969537118124
9264,121.25,71.25,71.25,1.0,0,-140.6310806127589
9265,123.75,71.25,71.25,1.0,0,-142.51152599204815
9266,126.25,71.25,71.25,1.0,0,-144.6875091858654
9267,128.75,71.25,71.25,1.0,0,-146.82377445365023
9268,131.25,71.25,71.25,0.0,5,-148.9134624104415
9269,133.75,71.25,71.25,0.0,5,-151.05458801441893
9270,136.25,71.25,71.25,0.0,5,-153.5389299504742
9271,138.75,71.25,71.25,0.0,5,-156.70025551463064
9272,141.25,71.25,71.25,1.0,0,-160.77019218193266
9273,143.75,71.25,71.25,1.0,0,-165.7890867790597
9274,146.25,71.25,71.25,1.0,0,-172.03852419134842
9275,148.75,71.25,71.25,1.0,0,-178.5752144902538
9276,151.25,71.25,71.25,0.0,5,-184.1142786216806
9277,153.75,71.25,71.25,0.0,5,-188.64605803460788
9278,156.25,71.25,71.25,0.0,5,-192.17869104482006
9279,158.75,71.25,71.25,0.0,5,-195.0542627747808
9280,161.25,71.25,71.25,0.0,5,-197.79704993948562
9281,163.75,71.25,71.25,0.0,5,-200.93411671928465
9282,166.25,71.25,71.25,0.0,5,-204.81526140255968
9283,168.75,71.25,71.25,0.0,5,-209.75825097720227
9284,171.25,71.25,71.25,0.0,5,-214.66041965554504
9285,173.75,71.25,71.25,0.0,5,-218.00300620988233
9286,176.25,71.25,71.25,0.0,5,-219.40480948716888
9287,178.75,71.25,71.25,0.0,5,-218.7766099792506
9288,181.25,71.25,71.25,0.0,5,-216.57547968647643
9289,183.75,71.25,71.25,0.0,5,-213.43381804366743
9290,186.25,71.25,71.25,0.0,5,-209.7350524492261
9291,188.75,71.25,71.25,0.0,5,-205.32320343043727
9292,191.25,71.25,71.25,0.0,5,-199.12434842289292
9293,193.75,71.25,71.25,0.0,5,-191.48001516115156
9294,196.25,71.25,71.25,0.0,5,-184.45270687302053
9295,198.75,71.25,71.25,0.0,5,-178.9402731790911
9296,201.25,71.25,71.25,0.0,5,-175.62950609629826
9297,203.75,71.25,71.25,0.0,5,-174.41761897630082
9298,206.25,71.25,71.25,0.0,5,-174.6146750986105
9299,208.75,71.25,71.25,0.0,5,-175.31038577482497
9300,211.25,71.25,71.25,0.0,5,-175.78739111841435
9301,213.75,71.25,71.25,0.0,5,-175.69308780168998
9302,216.25,71.25,71.25,0.0,5,-175.09795327686592
9303,218.75,71.25,71.25,0.0,5,-174.23070853104838
9304,221.25,71.25,71.25,0.0,5,-172.9710194753117
9305,223.75,71.25,71.25,0.0,5,-171.1839601336249
9306,226.25,71.25,71.25,0.0,5,-168.8731431830846
9307,228.75,71.25,71.25,0.0,5,-166.3039679785281
9308,231.25,71.25,71.25,0.0,5,-164.00283498448826
9309,233.75,71.25,71.25,0.0,5,-162.6201901694757
9310,236.25,71.25,71.25,0.0,5,-162.7876535188633
9311,238.75,71.25,71.25,0.0,5,-164.70695335530795
9312,241.25,71.25,71.25,0.0,5,-167.31869364599123
9313,243.75,71.25,71.25,1.0,0,-169.84742819286896
9314,246.25,71.25,71.25,1.0,0,-171.72040114194766
9315,248.75,71.25,71.25,1.0,0,-172.65677665659783
9316,251.25,71.25,71.25,1.0,0,-172.722947570152
9317,253.75,71.25,71.25,1.0,0,-172.32606049594
9318,256.25,71.25,71.25,0.0,5,-172.11558926544274
9319,258.75,71.25,71.25,0.0,5,-172.77673990214933
9320,261.25,71.25,71.25,0.0,5,-174.23725561542093
9321,263.75,71.25,71.25,0.0,5,-175.5926549573359
9322,266.25,71.25,71.25,1.0,0,-176.70943200558867
9323,268.75,71.25,71.25,0.0,5,-177.989531116097
9324,271.25,71.25,71.25,0.0,5,-179.9878320692257
9325,273.75,71.25,71.25,1.0,0,-182.91823751234494
9326,276.25,71.25,71.25,1.0,0,-186.307380701952
9327,278.75,71.25,71.25,1.0,0,-188.952535167798
9328,281.25,71.25,71.25,1.0,0,-189.29194329381303
9329,283.75,71.25,71.25,1.0,0,-187.2820949001747
9330,286.25,71.25,71.25,1.0,0,-186.0293153924644
9331,288.75,71.25,71.25,0.0,5,-187.567071023819
9332,291.25,71.25,71.25,0.0,5,-191.6484224401858
9333,293.75,71.25,71.25,0.0,5,-195.75591636258886
9334,296.25,71.25,71.25,0.0,5,-196.93880975360108
9335,298.75,71.25,71.25,0.0,5,-194.17628072312505
9336,301.25,71.25,71.25,0.0,5,-189.94185888581183
9337,303.75,71.25,71.25,0.0,5,-187.64231530589598
9338,306.25,71.25,71.25,0.0,5,-180.60166280302133
9339,308.75,71.25,71.25,1.0,0,-159.63157861350834
9340,311.25,71.25,71.25,1.0,0,-130.70650842011756
9341,313.75,71.25,71.25,1.0,0,-109.09199001080006
9342,316.25,71.25,71.25,1.0,0,-103.034645015032
9343,318.75,71.25,71.25,1.0,0,-106.96641933937504
9344,321.25,71.25,71.25,1.0,0,-106.18560044730567
9345,323.75,71.25,71.25,1.0,0,-90.89615347722658
9346,326.25,71.25,71.25,1.0,0,-72.54969899747726
9347,328.75,71.25,71.25,1.0,0,-80.49685219470058
9348,331.25,71.25,71.25,1.0,0,-110.19129158497394
9349,333.75,71.25,71.25,1.0,0,-140.61989456831134
9350,336.25,71.25,71.25,1.0,0,-158.59229695333605
9351,338.75,71.25,71.25,0.0,5,-162.72719961498103
9352,341.25,71.25,71.25,0.0,5,-158.50582082425652
9353,343.75,71.25,71.25,0.0,5,-151.26905342585698
9354,346.25,71.25,71.25,0.0,5,-140.9574627038247
9355,348.75,71.25,71.25,0.0,5,-123.09104405410257
9356,351.25,71.25,71.25,0.0,5,-100.93470108432815
9357,353.75,71.25,71.25,0.0,5,-82.50708081619277
9358,356.25,71.25,71.25,0.0,5,-68.5054258446837
9359,358.75,71.25,71.25,0.0,5,-58.486828646340804
9360,1.25,73.75,73.75,0.0,5,-95.96615121929493
9361,3.75,73.75,73.75,0.0,5,-93.13679607348914
9362,6.25,73.75,73.75,0.0,5,-92.47307876833813
9363,8.75,73.75,73.75,0.0,5,-92.8694306117127
9364,11.25,73.75,73.75,0.0,5,-93.45817818553519
9365,13.75,73.75,73.75,0.0,5,-93.92945083028934
9366,16.25,73.75,73.75,0.0,5,-94.63740640470296
9367,18.75,73.75,73.75,0.0,5,-95.9957087524496
9368,21.25,73.75,73.75,0.0,5,-98.37003536061425
9369,23.75,73.75,73.75,0.0,5,-102.0681101207038
9370,26.25,73.75,73.75,0.0,5,-107.35297611107143
9371,28.75,73.75,73.75,0.0,5,-114.4210391991698
9372,31.25,73.75,73.75,0.0,5,-123.33356937039837
9373,33.75,73.75,73.75,0.0,5,-134.66416944678627
9374,36.25,73.75,73.75,0.0,5,-147.06690674776604
9375,38.75,73.75,73.75,0.0,5,-158.50962699117906
9376,41.25,73.75,73.75,0.0,5,-168.7411552059106
9377,43.75,73.75,73.75,0.0,5,-176.83137259885316
9378,46.25,73.75,73.75,0.0,5,-181.9737025730438
9379,48.75,73.75,73.75,0.0,5,-183.66824022371975
9380,51.25,73.75,73.75,0.0,5,-181.89822497504662
9381,53.75,73.75,73.75,0.0,5,-177.24609174616734
9382,56.25,73.75,73.75,1.0,0,-170.33788302931023
9383,58.75,73.75,73.75,0.0,5,-163.3394969760039
9384,61.25,73.75,73.75,0.0,5,-157.92503400072047
9385,63.75,73.75,73.75,0.0,5,-153.75133632156874
9386,66.25,73.75,73.75,0.0,5,-150.51254967064196
9387,68.75,73.75,73.75,0.0,5,-147.6329827597572
9388,71.25,73.75,73.75,0.0,5,-144.5090814565628
9389,73.75,73.75,73.75,0.0,5,-140.74138573375367
9390,76.25,73.75,73.75,0.0,5,-136.31057405754734
9391,78.75,73.75,73.75,0.0,5,-131.31771431968957
9392,81.25,73.75,73.75,0.0,5,-127.03592707905158
9393,83.75,73.75,73.75,0.0,5,-124.30631420284341
9394,86.25,73.75,73.75,1.0,0,-122.93807070769006
9395,88.75,73.75,73.75,1.0,0,-122.86246112791432
9396,91.25,73.75,73.75,1.0,0,-123.8403638589728
9397,93.75,73.75,73.75,1.0,0,-125.54703581531558
9398,96.25,73.75,73.75,1.0,0,-127.66284378686026
9399,98.75,73.75,73.75,1.0,0,-129.9555483021753
9400,101.25,73.75,73.75,1.0,0,-132.49156293319223
9401,103.75,73.75,73.75,1.0,0,-135.11966640484826
9402,106.25,73.75,73.75,1.0,0,-137.6192028566524
9403,108.75,73.75,73.75,1.0,0,-140.00683216884642
9404,111.25,73.75,73.75,0.0,5,-142.11395396527996
9405,113.75,73.75,73.75,0.0,5,-143.83888819229279
9406,116.25,73.75,73.75,0.0,5,-145.2086676774667
9407,118.75,73.75,73.75,0.0,5,-146.39344598710503
9408,121.25,73.75,73.75,0.0,5,-147.67141612303485
9409,123.75,73.75,73.75,0.0,5,-149.51920296492648
9410,126.25,73.75,73.75,0.0,5,-152.1602459501118
9411,128.75,73.75,73.75,0.0,5,-155.29876122142736
9412,131.25,73.75,73.75,0.0,5,-158.84948331062736
9413,133.75,73.75,73.75,0.0,5,-162.5935271538077
9414,136.25,73.75,73.75,0.0,5,-166.3664889968215
9415,138.75,73.75,73.75,0.0,5,-170.08442960951925
9416,141.25,73.75,73.75,0.0,5,-173.7441674723724
9417,143.75,73.75,73.75,0.0,5,-177.40450210452917
9418,146.25,73.75,73.75,0.0,5,-181.43964510762686
9419,148.75,73.75,73.75,0.0,5,-185.70764589037114
9420,151.25,73.75,73.75,0.0,5,-189.86587669519537
9421,153.75,73.75,73.75,0.0,5,-194.04021692307194
9422,156.25,73.75,73.75,0.0,5,-198.03821944919613
9423,158.75,73.75,73.75,0.0,5,-201.65254172229368
9424,161.25,73.75,73.75,0.0,5,-204.70646898496636
9425,163.75,73.75,73.75,0.0,5,-207.09710611054584
9426,166.25,73.75,73.75,0.0,5,-208.82709140669053
9427,168.75,73.75,73.75,0.0,5,-210.06450774538777
9428,171.25,73.75,73.75,0.0,5,-210.88350614818972
9429,173.75,73.75,73.75,0.0,5,-211.4338590098462
9430,176.25,73.75,73.75,0.0,5,-211.82589686502413
9431,178.75,73.75,73.75,0.0,5,-212.02788831263152
9432,181.25,73.75,73.75,0.0,5,-211.97406080324632
9433,183.75,73.75,73.75,0.0,5,-211.5922675558295
9434,186.25,73.75,73.75,0.0,5,-210.8366400052049
9435,188.75,73.75,73.75,0.0,5,-209.7204337458337
9436,191.25,73.75,73.75,0.0,5,-208.22446106085627
9437,193.75,73.75,73.75,0.0,5,-206.6212800834002
9438,196.25,73.75,73.75,0.0,5,-205.18356977504982
9439,198.75,73.75,73.75,0.0,5,-203.79197435239317
9440,201.25,73.75,73.75,0.0,5,-202.31292474843693
9441,203.75,73.75,73.75,0.0,5,-200.55669586615085
9442,206.25,73.75,73.75,0.0,5,-198.37598896145266
9443,208.75,73.75,73.75,0.0,5,-195.7586462149739
9444,211.25,73.75,73.75,0.0,5,-192.88487935086664
9445,213.75,73.75,73.75,0.0,5,-189.93954589813166
9446,216.25,73.75,73.75,0.0,5,-187.5944299330104
9447,218.75,73.75,73.75,0.0,5,-185.98385599061388
9448,221.25,73.75,73.75,0.0,5,-184.64275600427163
9449,223.75,73.75,73.75,0.0,5,-183.2745280845441
9450,226.25,73.75,73.75,0.0,5,-181.70910137846394
9451,228.75,73.75,73.75,0.0,5,-179.99027710408558
9452,231.25,73.75,73.75,0.0,5,-178.37994692271465
9453,233.75,73.75,73.75,0.0,5,-177.2807601397989
9454,236.25,73.75,73.75,0.0,5,-177.15653495013694
9455,238.75,73.75,73.75,1.0,0,-178.33222461158633
9456,241.25,73.75,73.75,1.0,0,-180.2140338658851
9457,243.75,73.75,73.75,0.0,5,-182.19200710140973
9458,246.25,73.75,73.75,0.0,5,-183.68956207965095
9459,248.75,73.75,73.75,0.0,5,-184.36397647575163
9460,251.25,73.75,73.75,0.0,5,-184.22752697490753
9461,253.75,73.75,73.75,0.0,5,-183.62375475798615
9462,256.25,73.75,73.75,0.0,5,-183.05042973585427
9463,258.75,73.75,73.75,0.0,5,-182.80732661670055
9464,261.25,73.75,73.75,1.0,0,-182.65632615555668
9465,263.75,73.75,73.75,0.0,5,-182.1850616983754
9466,266.25,73.75,73.75,1.0,0,-181.51918664068393
9467,268.75,73.75,73.75,0.0,5,-181.17056131234713
9468,271.25,73.75,73.75,0.0,5,-181.6427490646383
9469,273.75,73.75,73.75,0.0,5,-183.1309262384313
9470,276.25,73.75,73.75,0.0,5,-185.37722250298057
9471,278.75,73.75,73.75,0.0,5,-187.7194974651295
9472,281.25,73.75,73.75,0.0,5,-189.34184613391207
9473,283.75,73.75,73.75,0.0,5,-189.3677123921052
9474,286.25,73.75,73.75,0.0,5,-188.16848141636262
9475,288.75,73.75,73.75,0.0,5,-186.37501184699133
9476,291.25,73.75,73.75,0.0,5,-184.56195460049932
9477,293.75,73.75,73.75,0.0,5,-183.24659171276093
9478,296.25,73.75,73.75,0.0,5,-182.7030790156711
9479,298.75,73.75,73.75,0.0,5,-182.61115924104834
9480,301.25,73.75,73.75,0.0,5,-181.5913281386324
9481,303.75,73.75,73.75,0.0,5,-175.76233538671752
9482,306.25,73.75,73.75,1.0,0,-161.02669300636452
9483,308.75,73.75,73.75,1.0,0,-142.21767339708686
9484,311.25,73.75,73.75,1.0,0,-127.45709538695237
9485,313.75,73.75,73.75,1.0,0,-123.62286317529231
9486,316.25,73.75,73.75,1.0,0,-129.86791135665266
9487,318.75,73.75,73.75,1.0,0,-137.48631867337258
9488,321.25,73.75,73.75,1.0,0,-135.15446281881782
9489,323.75,73.75,73.75,1.0,0,-117.76052547087639
9490,326.25,73.75,73.75,1.0,0,-94.56018747311057
9491,328.75,73.75,73.75,1.0,0,-91.39325717325376
9492,331.25,73.75,73.75,1.0,0,-111.25597091901712
9493,333.75,73.75,73.75,1.0,0,-139.11734796445336
9494,336.25,73.75,73.75,1.0,0,-161.48436508155254
9495,338.75,73.75,73.75,0.0,5,-172.39644324144447
9496,341.25,73.75,73.75,0.0,5,-173.37107681739084
9497,343.75,73.75,73.75,0.0,5,-169.5440233620499
9498,346.25,73.75,73.75,0.0,5,-164.23965372461984
9499,348.75,73.75,73.75,0.0,5,-155.32031176306228
9500,351.25,73.75,73.75,0.0,5,-141.04815630266705
9501,353.75,73.75,73.75,0.0,5,-125.71729516408472
9502,356.25,73.75,73.75,0.0,5,-112.10465299882408
9503,358.75,73.75,73.75,0.0,5,-102.06937420958748
9504,1.25,76.25,76.25,0.0,5,-157.64473636790925
9505,3.75,76.25,76.25,0.0,5,-157.44205527048592
9506,6.25,76.25,76.25,0.0,5,-158.0217892572018
9507,8.75,76.25,76.25,0.0,5,-159.04821821529507
9508,11.25,76.25,76.25,0.0,5,-160.31689482992883
9509,13.75,76.25,76.25,0.0,5,-161.8586702840679
9510,16.25,76.25,76.25,0.0,5,-163.9676584213152
9511,18.75,76.25,76.25,0.0,5,-167.07606455458142
9512,21.25,76.25,76.25,0.0,5,-171.40521373595018
9513,23.75,76.25,76.25,0.0,5,-176.96844568867107
9514,26.25,76.25,76.25,0.0,5,-183.58293019636093
9515,28.75,76.25,76.25,0.0,5,-190.918605328025
9516,31.25,76.25,76.25,0.0,5,-198.57083282611248
9517,33.75,76.25,76.25,0.0,5,-206.60883176866108
9518,36.25,76.25,76.25,0.0,5,-214.11757227821113
9519,38.75,76.25,76.25,0.0,5,-220.5388328193037
9520,41.25,76.25,76.25,0.0,5,-226.32553008039068
9521,43.75,76.25,76.25,0.0,5,-231.34533742813736
9522,46.25,76.25,76.25,0.0,5,-235.34042136822814
9523,48.75,76.25,76.25,0.0,5,-237.9611357091592
9524,51.25,76.25,76.25,0.0,5,-238.84794548298223
9525,53.75,76.25,76.25,0.0,5,-237.7407659631308
9526,56.25,76.25,76.25,0.0,5,-234.16424341777613
9527,58.75,76.25,76.25,0.0,5,-228.3796168634017
9528,61.25,76.25,76.25,0.0,5,-221.58617620574552
9529,63.75,76.25,76.25,0.0,5,-213.8905367513899
9530,66.25,76.25,76.25,0.0,5,-205.56793031501135
9531,68.75,76.25,76.25,0.0,5,-196.80005761140993
9532,71.25,76.25,76.25,0.0,5,-187.72320269450472
9533,73.75,76.25,76.25,0.0,5,-178.49423763825115
9534,76.25,76.25,76.25,0.0,5,-169.3548001834357
9535,78.75,76.25,76.25,0.0,5,-160.10785581996092
9536,81.25,76.25,76.25,0.0,5,-152.0863320188451
9537,83.75,76.25,76.25,0.0,5,-146.10463887775677
9538,86.25,76.25,76.25,0.0,5,-141.70256439683996
9539,88.75,76.25,76.25,0.0,5,-138.9573826304284
9540,91.25,76.25,76.25,0.0,5,-137.85363868460988
9541,93.75,76.25,76.25,0.0,5,-138.27322680854235
9542,96.25,76.25,76.25,0.0,5,-139.98193961507658
9543,98.75,76.25,76.25,0.0,5,-142.62153356787863
9544,101.25,76.25,76.25,1.0,0,-145.91996938611376
9545,103.75,76.25,76.25,1.0,0,-148.99964422664505
9546,106.25,76.25,76.25,1.0,0,-151.21539876809155
9547,108.75,76.25,76.25,1.0,0,-152.67144304586697
9548,111.25,76.25,76.25,1.0,0,-153.46278119672843
9549,113.75,76.25,76.25,0.0,5,-153.83533896975123
9550,116.25,76.25,76.25,0.0,5,-154.11859997946664
9551,118.75,76.25,76.25,0.0,5,-154.65436840456843
9552,121.25,76.25,76.25,0.0,5,-155.73157060097617
9553,123.75,76.25,76.25,0.0,5,-157.7288663037311
9554,126.25,76.25,76.25,0.0,5,-160.66137152386966
9555,128.75,76.25,76.25,0.0,5,-164.02146105972795
9556,131.25,76.25,76.25,0.0,5,-167.64950935388183
9557,133.75,76.25,76.25,0.0,5,-171.24484700523735
9558,136.25,76.25,76.25,0.0,5,-174.56750363866664
9559,138.75,76.25,76.25,0.0,5,-177.49200663063743
9560,141.25,76.25,76.25,0.0,5,-180.0323625814162
9561,143.75,76.25,76.25,0.0,5,-182.33361445873862
9562,146.25,76.25,76.25,0.0,5,-184.81034268510092
9563,148.75,76.25,76.25,0.0,5,-187.59305339576156
9564,151.25,76.25,76.25,0.0,5,-190.52285256637774
9565,153.75,76.25,76.25,0.0,5,-193.61954928926457
9566,156.25,76.25,76.25,0.0,5,-196.64464363392332
9567,158.75,76.25,76.25,0.0,5,-199.34256634964208
9568,161.25,76.25,76.25,0.0,5,-201.51787775672514
9569,163.75,76.25,76.25,0.0,5,-203.09550114595555
9570,166.25,76.25,76.25,0.0,5,-204.15257180458832
9571,168.75,76.25,76.25,0.0,5,-204.96823418525742
9572,171.25,76.25,76.25,0.0,5,-205.83319971587179
9573,173.75,76.25,76.25,0.0,5,-206.88311375719843
9574,176.25,76.25,76.25,0.0,5,-208.11701215257753
9575,178.75,76.25,76.25,0.0,5,-209.33390320932466
9576,181.25,76.25,76.25,0.0,5,-210.26117378774302
9577,183.75,76.25,76.25,0.0,5,-210.63756012963586
9578,186.25,76.25,76.25,0.0,5,-210.2915172960767
9579,188.75,76.25,76.25,0.0,5,-209.20194580238714
9580,191.25,76.25,76.25,0.0,5,-207.38498278122023
9581,193.75,76.25,76.25,0.0,5,-205.3234492114712
9582,196.25,76.25,76.25,0.0,5,-203.5786723685393
9583,198.75,76.25,76.25,0.0,5,-202.17579141685385
9584,201.25,76.25,76.25,0.0,5,-201.10136859702087
9585,203.75,76.25,76.25,0.0,5,-200.22602397418328
9586,206.25,76.25,76.25,0.0,5,-199.37493202215813
9587,208.75,76.25,76.25,0.0,5,-198.39981256176003
9588,211.25,76.25,76.25,0.0,5,-197.2355029461875
9589,213.75,76.25,76.25,0.0,5,-195.8126393523194
9590,216.25,76.25,76.25,0.0,5,-194.3443202222431
9591,218.75,76.25,76.25,0.0,5,-193.0306604879962
9592,221.25,76.25,76.25,0.0,5,-191.79430091908566
9593,223.75,76.25,76.25,0.0,5,-190.65670768859917
9594,226.25,76.25,76.25,0.0,5,-189.65631768473332
9595,228.75,76.25,76.25,0.0,5,-188.84894153347736
9596,231.25,76.25,76.25,0.0,5,-188.29720865630128
9597,233.75,76.25,76.25,0.0,5,-188.053665833041
9598,236.25,76.25,76.25,0.0,5,-188.16871351870753
9599,238.75,76.25,76.25,0.0,5,-188.63638701162324
9600,241.25,76.25,76.25,0.0,5,-189.21284630905814
9601,243.75,76.25,76.25,0.0,5,-189.68055617470466
9602,246.25,76.25,76.25,0.0,5,-189.85085005842632
9603,248.75,76.25,76.25,0.0,5,-189.64734798990682
9604,251.25,76.25,76.25,0.0,5,-189.13252609967617
9605,253.75,76.25,76.25,0.0,5,-188.4709465734525
9606,256.25,76.25,76.25,0.0,5,-187.83744930825935
9607,258.75,76.25,76.25,1.0,0,-187.24378744267992
9608,261.25,76.25,76.25,0.0,5,-186.60454882454545
9609,263.75,76.25,76.25,0.0,5,-185.9518539760651
9610,266.25,76.25,76.25,0.0,5,-185.5066496640071
9611,268.75,76.25,76.25,1.0,0,-185.65223656043847
9612,271.25,76.25,76.25,1.0,0,-186.70646790340885
9613,273.75,76.25,76.25,1.0,0,-188.80953415040113
9614,276.25,76.25,76.25,0.0,5,-191.8883423926501
9615,278.75,76.25,76.25,0.0,5,-195.69193590992109
9616,281.25,76.25,76.25,0.0,5,-200.13790790251429
9617,283.75,76.25,76.25,0.0,5,-204.2990326686331
9618,286.25,76.25,76.25,0.0,5,-207.159076677114
9619,288.75,76.25,76.25,0.0,5,-208.21653835257018
9620,291.25,76.25,76.25,0.0,5,-206.61766060231452
9621,293.75,76.25,76.25,0.0,5,-201.55905907542453
9622,296.25,76.25,76.25,0.0,5,-192.4329661930546
9623,298.75,76.25,76.25,0.0,5,-179.02030164188392
9624,301.25,76.25,76.25,1.0,0,-161.74165153825024
9625,303.75,76.25,76.25,1.0,0,-140.77821666875803
9626,306.25,76.25,76.25,1.0,0,-122.0786373588324
9627,308.75,76.25,76.25,1.0,0,-112.20304615518737
9628,311.25,76.25,76.25,1.0,0,-112.51637787286558
9629,313.75,76.25,76.25,1.0,0,-121.60667672090345
9630,316.25,76.25,76.25,1.0,0,-133.81313415917398
9631,318.75,76.25,76.25,1.0,0,-141.60765711321764
9632,321.25,76.25,76.25,1.0,0,-139.23202147523202
9633,323.75,76.25,76.25,1.0,0,-126.45995054555931
9634,326.25,76.25,76.25,1.0,0,-110.25499871051372
9635,328.75,76.25,76.25,1.0,0,-105.87317938547552
9636,331.25,76.25,76.25,1.0,0,-116.4462283034536
9637,333.75,76.25,76.25,1.0,0,-134.966209134707
9638,336.25,76.25,76.25,1.0,0,-153.73929117303555
9639,338.75,76.25,76.25,1.0,0,-167.36351171206974
9640,341.25,76.25,76.25,0.0,5,-174.0947423604124
9641,343.75,76.25,76.25,0.0,5,-175.32432178685897
9642,346.25,76.25,76.25,0.0,5,-173.71445062248876
9643,348.75,76.25,76.25,0.0,5,-170.89233697842434
9644,351.25,76.25,76.25,0.0,5,-167.5163256671275
9645,353.75,76.25,76.25,0.0,5,-164.15719706714847
9646,356.25,76.25,76.25,0.0,5,-161.11713361653491
9647,358.75,76.25,76.25,0.0,5,-158.86410115712704
9648,1.25,78.75,78.75,0.0,5,-171.13647357301045
9649,3.75,78.75,78.75,0.0,5,-171.46198419487368
9650,6.25,78.75,78.75,0.0,5,-172.12317747878274
9651,8.75,78.75,78.75,0.0,5,-173.11806932658106
9652,11.25,78.75,78.75,0.0,5,-174.64818546127594
9653,13.75,78.75,78.75,1.0,0,-176.91036112967234
9654,16.25,78.75,78.75,1.0,0,-179.91193277814241
9655,18.75,78.75,78.75,1.0,0,-183.89092536347619
9656,21.25,78.75,78.75,0.0,5,-188.86534236214172
9657,23.75,78.75,78.75,0.0,5,-194.71129940019458
9658,26.25,78.75,78.75,0.0,5,-201.17806005626696
9659,28.75,78.75,78.75,0.0,5,-207.92843591486735
9660,31.25,78.75,78.75,0.0,5,-214.5982539316997
9661,33.75,78.75,78.75,0.0,5,-221.26154293020457
9662,36.25,78.75,78.75,0.0,5,-227.1611933222177
9663,38.75,78.75,78.75,0.0,5,-231.98445812350016
9664,41.25,78.75,78.75,0.0,5,-236.25381585064528
9665,43.75,78.75,78.75,0.0,5,-240.0134868562791
9666,46.25,78.75,78.75,0.0,5,-243.2266219310062
9667,48.75,78.75,78.75,0.0,5,-245.7617685960839
9668,51.25,78.75,78.75,0.0,5,-247.40867783549086
9669,53.75,78.75,78.75,0.0,5,-247.91870395188437
9670,56.25,78.75,78.75,0.0,5,-246.8661049677641
9671,58.75,78.75,78.75,0.0,5,-243.9133996802499
9672,61.25,78.75,78.75,0.0,5,-239.54552926246447
9673,63.75,78.75,78.75,0.0,5,-233.8603645971778
9674,66.25,78.75,78.75,0.0,5,-227.08248587998006
9675,68.75,78.75,78.75,0.0,5,-219.4682378584437
9676,71.25,78.75,78.75,0.0,5,-211.28744590112493
9677,73.75,78.75,78.75,0.0,5,-202.81212119677738
9678,76.25,78.75,78.75,0.0,5,-194.3104156352401
9679,78.75,78.75,78.75,0.0,5,-185.48924017613345
9680,81.25,78.75,78.75,0.0,5,-177.33136164459358
9681,83.75,78.75,78.75,0.0,5,-170.5470031281401
9682,86.25,78.75,78.75,0.0,5,-164.67494476455482
9683,88.75,78.75,78.75,0.0,5,-159.81852676150567
9684,91.25,78.75,78.75,0.0,5,-156.04509234598103
9685,93.75,78.75,78.75,0.0,5,-153.37414338017155
9686,96.25,78.75,78.75,0.0,5,-151.7642298248409
9687,98.75,78.75,78.75,0.0,5,-151.10335282098012
9688,101.25,78.75,78.75,0.0,5,-151.25660085177765
9689,103.75,78.75,78.75,0.0,5,-152.02048803747604
9690,106.25,78.75,78.75,0.0,5,-153.02553203774838
9691,108.75,78.75,78.75,0.0,5,-154.1843312052706
9692,111.25,78.75,78.75,0.0,5,-155.47714228250427
9693,113.75,78.75,78.75,0.0,5,-156.9317182371076
9694,116.25,78.75,78.75,0.0,5,-158.5942167761853
9695,118.75,78.75,78.75,0.0,5,-160.50227061150406
9696,121.25,78.75,78.75,0.0,5,-162.66437598849828
9697,123.75,78.75,78.75,0.0,5,-165.22689549841542
9698,126.25,78.75,78.75,0.0,5,-167.9450581866895
9699,128.75,78.75,78.75,0.0,5,-170.49267496521364
9700,131.25,78.75,78.75,0.0,5,-172.94286740829023
9701,133.75,78.75,78.75,0.0,5,-175.23571313265774
9702,136.25,78.75,78.75,0.0,5,-177.3620027878265
9703,138.75,78.75,78.75,0.0,5,-179.36801787650109
9704,141.25,78.75,78.75,0.0,5,-181.34776431916302
9705,143.75,78.75,78.75,0.0,5,-183.42266086799765
9706,146.25,78.75,78.75,0.0,5,-185.89376478138155
9707,148.75,78.75,78.75,0.0,5,-188.69070130317425
9708,151.25,78.75,78.75,0.0,5,-191.50036674380718
9709,153.75,78.75,78.75,0.0,5,-194.32077630763436
9710,156.25,78.75,78.75,0.0,5,-196.9581040105984
9711,158.75,78.75,78.75,0.0,5,-199.23838668418003
9712,161.25,78.75,78.75,0.0,5,-201.04964775946246
9713,163.75,78.75,78.75,0.0,5,-202.37060981198536
9714,166.25,78.75,78.75,0.0,5,-203.28111818652667
9715,168.75,78.75,78.75,0.0,5,-203.99931860513405
9716,171.25,78.75,78.75,0.0,5,-204.73274685233008
9717,173.75,78.75,78.75,0.0,5,-205.60443875712025
9718,176.25,78.75,78.75,0.0,5,-206.6696340009877
9719,178.75,78.75,78.75,0.0,5,-207.83935290978621
9720,181.25,78.75,78.75,0.0,5,-208.96636017899644
9721,183.75,78.75,78.75,0.0,5,-209.8889601074048
9722,186.25,78.75,78.75,0.0,5,-210.47407612668226
9723,188.75,78.75,78.75,0.0,5,-210.65325928709584
9724,191.25,78.75,78.75,0.0,5,-210.4061275959497
9725,193.75,78.75,78.75,0.0,5,-209.84906295499692
9726,196.25,78.75,78.75,0.0,5,-209.2426409434872
9727,198.75,78.75,78.75,0.0,5,-208.671008034193
9728,201.25,78.75,78.75,0.0,5,-208.17246511598586
9729,203.75,78.75,78.75,0.0,5,-207.72960194182204
9730,206.25,78.75,78.75,0.0,5,-207.2882190946798
9731,208.75,78.75,78.75,0.0,5,-206.7811999250694
9732,211.25,78.75,78.75,0.0,5,-206.15222859538804
9733,213.75,78.75,78.75,0.0,5,-205.30091982390866
9734,216.25,78.75,78.75,0.0,5,-204.27892085584278
9735,218.75,78.75,78.75,0.0,5,-203.22777750032867
9736,221.25,78.75,78.75,0.0,5,-202.13546314071348
9737,223.75,78.75,78.75,0.0,5,-201.05079775786882
9738,226.25,78.75,78.75,0.0,5,-200.01688889067944
9739,228.75,78.75,78.75,0.0,5,-199.06748853375365
9740,231.25,78.75,78.75,0.0,5,-198.2248654347669
9741,233.75,78.75,78.75,0.0,5,-197.49909177775567
9742,236.25,78.75,78.75,0.0,5,-196.84926838549347
9743,238.75,78.75,78.75,0.0,5,-196.30794622901712
9744,241.25,78.75,78.75,0.0,5,-195.8349415836344
9745,243.75,78.75,78.75,0.0,5,-195.3157694522258
9746,246.25,78.75,78.75,0.0,5,-194.71436864787978
9747,248.75,78.75,78.75,0.0,5,-194.0507882790769
9748,251.25,78.75,78.75,0.0,5,-193.39740495208213
9749,253.75,78.75,78.75,0.0,5,-192.85038798591543
9750,256.25,78.75,78.75,0.0,5,-192.4834183171454
9751,258.75,78.75,78.75,0.0,5,-192.2845780279071
9752,261.25,78.75,78.75,0.0,5,-192.18003074815113
9753,263.75,78.75,78.75,0.0,5,-192.1239439857067
9754,266.25,78.75,78.75,0.0,5,-192.24425605597938
9755,268.75,78.75,78.75,0.0,5,-192.82355014065058
9756,271.25,78.75,78.75,1.0,0,-194.19844442274135
9757,273.75,78.75,78.75,1.0,0,-196.65644506443707
9758,276.25,78.75,78.75,1.0,0,-200.3278758891462
9759,278.75,78.75,78.75,1.0,0,-205.08446427272915
9760,281.25,78.75,78.75,1.0,0,-210.7820810410704
9761,283.75,78.75,78.75,0.0,5,-215.7076358619635
9762,286.25,78.75,78.75,0.0,5,-218.05100572122365
9763,288.75,78.75,78.75,0.0,5,-217.02390450503316
9764,291.25,78.75,78.75,0.0,5,-211.83463355732928
9765,293.75,78.75,78.75,0.0,5,-202.22485991681924
9766,296.25,78.75,78.75,1.0,0,-188.5518103442113
9767,298.75,78.75,78.75,1.0,0,-171.8068948130534
9768,301.25,78.75,78.75,1.0,0,-153.57459072482584
9769,303.75,78.75,78.75,1.0,0,-134.99423612148362
9770,306.25,78.75,78.75,1.0,0,-120.90130107001
9771,308.75,78.75,78.75,1.0,0,-113.96739007281536
9772,311.25,78.75,78.75,1.0,0,-113.11084924427279
9773,313.75,78.75,78.75,1.0,0,-116.85047783636573
9774,316.25,78.75,78.75,1.0,0,-122.59888108645353
9775,318.75,78.75,78.75,1.0,0,-127.69177650898632
9776,321.25,78.75,78.75,1.0,0,-130.48210877311294
9777,323.75,78.75,78.75,1.0,0,-131.18311885652417
9778,326.25,78.75,78.75,1.0,0,-132.33174844965328
9779,328.75,78.75,78.75,1.0,0,-137.64386290785197
9780,331.25,78.75,78.75,1.0,0,-146.95240895598377
9781,333.75,78.75,78.75,1.0,0,-158.1849771351539
9782,336.25,78.75,78.75,1.0,0,-168.60410894903455
9783,338.75,78.75,78.75,1.0,0,-176.11356035183087
9784,341.25,78.75,78.75,0.0,5,-179.85931007040813
9785,343.75,78.75,78.75,0.0,5,-180.27038799096152
9786,346.25,78.75,78.75,0.0,5,-178.6197670369259
9787,348.75,78.75,78.75,0.0,5,-176.13674794357385
9788,351.25,78.75,78.75,0.0,5,-173.99073047771978
9789,353.75,78.75,78.75,0.0,5,-172.55850591109902
9790,356.25,78.75,78.75,0.0,5,-171.63686333654226
9791,358.75,78.75,78.75,0.0,5,-171.17940186951705
9792,1.25,81.25,81.25,0.0,5,-172.15593478450995
9793,3.75,81.25,81.25,0.0,5,-170.59688347060506
9794,6.25,81.25,81.25,0.0,5,-169.2551011766459
9795,8.75,81.25,81.25,0.0,5,-168.24937389098818
9796,11.25,81.25,81.25,0.0,5,-167.745894160291
9797,13.75,81.25,81.25,0.0,5,-168.0659088275064
9798,16.25,81.25,81.25,0.0,5,-169.20784498121358
9799,18.75,81.25,81.25,0.0,5,-171.17516881212035
9800,21.25,81.25,81.25,0.0,5,-173.93847662344112
9801,23.75,81.25,81.25,0.0,5,-177.40358641989693
9802,26.25,81.25,81.25,0.0,5,-181.42029180501524
9803,28.75,81.25,81.25,0.0,5,-185.79870089802267
9804,31.25,81.25,81.25,0.0,5,-190.33162135143755
9805,33.75,81.25,81.25,0.0,5,-195.13400524146144
9806,36.25,81.25,81.25,0.0,5,-199.65006566515032
9807,38.75,81.25,81.25,0.0,5,-203.4915904346395
9808,41.25,81.25,81.25,0.0,5,-206.95508877168382
9809,43.75,81.25,81.25,0.0,5,-210.01646654177264
9810,46.25,81.25,81.25,0.0,5,-212.64525318717745
9811,48.75,81.25,81.25,0.0,5,-214.79480459007334
9812,51.25,81.25,81.25,0.0,5,-216.39977673165149
9813,53.75,81.25,81.25,0.0,5,-217.38051806865914
9814,56.25,81.25,81.25,0.0,5,-217.61716576762092
9815,58.75,81.25,81.25,0.0,5,-216.8688038057685
9816,61.25,81.25,81.25,0.0,5,-215.2835975688237
9817,63.75,81.25,81.25,0.0,5,-212.93808321618272
9818,66.25,81.25,81.25,0.0,5,-209.91694206513355
9819,68.75,81.25,81.25,0.0,5,-206.33226040518323
9820,71.25,81.25,81.25,0.0,5,-202.3108034959695
9821,73.75,81.25,81.25,0.0,5,-197.98230547315518
9822,76.25,81.25,81.25,0.0,5,-193.47011145778086
9823,78.75,81.25,81.25,0.0,5,-188.56282540467774
9824,81.25,81.25,81.25,0.0,5,-183.71504765647475
9825,83.75,81.25,81.25,0.0,5,-179.35984531912962
9826,86.25,81.25,81.25,0.0,5,-175.25747976523357
9827,88.75,81.25,81.25,0.0,5,-171.49131961689037
9828,91.25,81.25,81.25,0.0,5,-168.13958333902937
9829,93.75,81.25,81.25,0.0,5,-165.2704993219945
9830,96.25,81.25,81.25,0.0,5,-162.93712031774487
9831,98.75,81.25,81.25,0.0,5,-161.17270962323613
9832,101.25,81.25,81.25,0.0,5,-159.94954211183153
9833,103.75,81.25,81.25,0.0,5,-159.4247600677005
9834,106.25,81.25,81.25,0.0,5,-159.4954614177264
9835,108.75,81.25,81.25,0.0,5,-160.02656091070338
9836,111.25,81.25,81.25,0.0,5,-160.96223447385694
9837,113.75,81.25,81.25,0.0,5,-162.24097910408335
9838,116.25,81.25,81.25,0.0,5,-163.79572829749367
9839,118.75,81.25,81.25,0.0,5,-165.55480032123248
9840,121.25,81.25,81.25,0.0,5,-167.4441406461805
9841,123.75,81.25,81.25,0.0,5,-169.52676093634565
9842,126.25,81.25,81.25,0.0,5,-171.58781609315514
9843,128.75,81.25,81.25,0.0,5,-173.44865126299945
9844,131.25,81.25,81.25,0.0,5,-175.24529792349185
9845,133.75,81.25,81.25,0.0,5,-177.0031561521268
9846,136.25,81.25,81.25,0.0,5,-178.76751070241818
9847,138.75,81.25,81.25,0.0,5,-180.5934970277552
9848,141.25,81.25,81.25,0.0,5,-182.53406942776408
9849,143.75,81.25,81.25,0.0,5,-184.6270958275596
9850,146.25,81.25,81.25,0.0,5,-187.0526041225999
9851,148.75,81.25,81.25,0.0,5,-189.6148191061455
9852,151.25,81.25,81.25,0.0,5,-192.0160771119184
9853,153.75,81.25,81.25,0.0,5,-194.30855784919027
9854,156.25,81.25,81.25,0.0,5,-196.3879688146348
9855,158.75,81.25,81.25,0.0,5,-198.17325938346258
9856,161.25,81.25,81.25,0.0,5,-199.6202032695407
9857,163.75,81.25,81.25,0.0,5,-200.72927407570208
9858,166.25,81.25,81.25,0.0,5,-201.5468120591354
9859,168.75,81.25,81.25,0.0,5,-202.19695696921121
9860,171.25,81.25,81.25,0.0,5,-202.75922313493285
9861,173.75,81.25,81.25,0.0,5,-203.3233976436606
9862,176.25,81.25,81.25,0.0,5,-203.98172414315897
9863,178.75,81.25,81.25,0.0,5,-204.74264783714113
9864,181.25,81.25,81.25,0.0,5,-205.58214620951867
9865,183.75,81.25,81.25,0.0,5,-206.45421147786857
9866,186.25,81.25,81.25,0.0,5,-207.30266785835514
9867,188.75,81.25,81.25,0.0,5,-208.07271383785178
9868,191.25,81.25,81.25,0.0,5,-208.7548650761436
9869,193.75,81.25,81.25,0.0,5,-209.2488087850419
9870,196.25,81.25,81.25,0.0,5,-209.54060736083352
9871,198.75,81.25,81.25,0.0,5,-209.68159783393003
9872,201.25,81.25,81.25,0.0,5,-209.6754031632598
9873,203.75,81.25,81.25,0.0,5,-209.52341790147116
9874,206.25,81.25,81.25,0.0,5,-209.22574506105687
9875,208.75,81.25,81.25,0.0,5,-208.78377501888946
9876,211.25,81.25,81.25,0.0,5,-208.2038505798383
9877,213.75,81.25,81.25,0.0,5,-207.44310279202884
9878,216.25,81.25,81.25,0.0,5,-206.57885835567794
9879,218.75,81.25,81.25,0.0,5,-205.73885563699858
9880,221.25,81.25,81.25,0.0,5,-204.91802344571602
9881,223.75,81.25,81.25,0.0,5,-204.1566537909821
9882,226.25,81.25,81.25,0.0,5,-203.48463157291295
9883,228.75,81.25,81.25,0.0,5,-202.91985483671576
9884,231.25,81.25,81.25,0.0,5,-202.46760386757143
9885,233.75,81.25,81.25,0.0,5,-202.12020495225264
9886,236.25,81.25,81.25,0.0,5,-201.83893900492967
9887,238.75,81.25,81.25,0.0,5,-201.5971048151337
9888,241.25,81.25,81.25,0.0,5,-201.34141302909472
9889,243.75,81.25,81.25,0.0,5,-201.00786060175813
9890,246.25,81.25,81.25,0.0,5,-200.57917821317935
9891,248.75,81.25,81.25,0.0,5,-200.07091655522834
9892,251.25,81.25,81.25,0.0,5,-199.52616196085634
9893,253.75,81.25,81.25,0.0,5,-199.0014362392767
9894,256.25,81.25,81.25,0.0,5,-198.54678547206296
9895,258.75,81.25,81.25,0.0,5,-198.16251952082
9896,261.25,81.25,81.25,0.0,5,-197.86732953707735
9897,263.75,81.25,81.25,0.0,5,-197.65661145227432
9898,266.25,81.25,81.25,0.0,5,-197.5591045975263
9899,268.75,81.25,81.25,0.0,5,-197.70819937598583
9900,271.25,81.25,81.25,1.0,0,-198.28878935303416
9901,273.75,81.25,81.25,1.0,0,-199.48513499881372
9902,276.25,81.25,81.25,1.0,0,-201.4127449373431
9903,278.75,81.25,81.25,1.0,0,-204.0441364889943
9904,281.25,81.25,81.25,1.0,0,-207.34575418715895
9905,283.75,81.25,81.25,1.0,0,-210.36779361960728
9906,286.25,81.25,81.25,1.0,0,-212.0457043447969
9907,288.75,81.25,81.25,0.0,5,-211.96501642733276
9908,291.25,81.25,81.25,0.0,5,-209.7291945977602
9909,293.75,81.25,81.25,0.0,5,-205.2639699451061
9910,296.25,81.25,81.25,0.0,5,-198.84155346188012
9911,298.75,81.25,81.25,0.0,5,-191.0493912733803
9912,301.25,81.25,81.25,0.0,5,-182.70665444047157
9913,303.75,81.25,81.25,1.0,0,-174.26686060990275
9914,306.25,81.25,81.25,1.0,0,-167.50590865614234
9915,308.75,81.25,81.25,1.0,0,-163.2095215568598
9916,311.25,81.25,81.25,1.0,0,-160.75360868126438
9917,313.75,81.25,81.25,1.0,0,-159.84074199807844
9918,316.25,81.25,81.25,1.0,0,-160.0763710009749
9919,318.75,81.25,81.25,1.0,0,-161.11239554854322
9920,321.25,81.25,81.25,1.0,0,-162.74652749456106
9921,323.75,81.25,81.25,1.0,0,-164.95601746037428
9922,326.25,81.25,81.25,1.0,0,-168.09762409075094
9923,328.75,81.25,81.25,1.0,0,-172.09513809067775
9924,331.25,81.25,81.25,1.0,0,-176.23599535344275
9925,333.75,81.25,81.25,1.0,0,-180.16515623181797
9926,336.25,81.25,81.25,1.0,0,-183.3217700211173
9927,338.75,81.25,81.25,1.0,0,-185.3022560072146
9928,341.25,81.25,81.25,1.0,0,-185.95193257091367
9929,343.75,81.25,81.25,1.0,0,-185.38006770464384
9930,346.25,81.25,81.25,0.0,5,-183.90379704877364
9931,348.75,81.25,81.25,0.0,5,-181.77915343343147
9932,351.25,81.25,81.25,0.0,5,-179.53620933923688
9933,353.75,81.25,81.25,0.0,5,-177.53528005611707
9934,356.25,81.25,81.25,0.0,5,-175.64483418419533
9935,358.75,81.25,81.25,0.0,5,-173.85120966087396
9936,1.25,83.75,83.75,0.0,5,-172.58802663999765
9937,3.75,83.75,83.75,0.0,5,-170.24042361597606
9938,6.25,83.75,83.75,0.0,5,-168.01545886935094
9939,8.75,83.75,83.75,0.0,5,-166.01259647563475
9940,11.25,83.75,83.75,0.0,5,-164.24432140372568
9941,13.75,83.75,83.75,0.0,5,-162.99787098629386
9942,16.25,83.75,83.75,0.0,5,-162.35294658463698
9943,18.75,83.75,83.75,0.0,5,-162.20944400681105
9944,21.25,83.75,83.75,0.0,5,-162.56080215424223
9945,23.75,83.75,83.75,0.0,5,-163.37683372423794
9946,26.25,83.75,83.75,0.0,5,-164.60654889789743
9947,28.75,83.75,83.75,0.0,5,-166.18161391438218
9948,31.25,83.75,83.75,0.0,5,-168.0202478229807
9949,33.75,83.75,83.75,0.0,5,-170.18802134925505
9950,36.25,83.75,83.75,0.0,5,-172.42778481375163
9951,38.75,83.75,83.75,0.0,5,-174.46382541005784
9952,41.25,83.75,83.75,0.0,5,-176.3768450200277
9953,43.75,83.75,83.75,0.0,5,-178.1112473502896
9954,46.25,83.75,83.75,0.0,5,-179.62495655312503
9955,48.75,83.75,83.75,0.0,5,-180.88855945831136
9956,51.25,83.75,83.75,0.0,5,-181.8841756167601
9957,53.75,83.75,83.75,0.0,5,-182.60405459477275
9958,56.25,83.75,83.75,0.0,5,-183.06572684527904
9959,58.75,83.75,83.75,0.0,5,-183.19458704727523
9960,61.25,83.75,83.75,0.0,5,-183.03404689464074
9961,63.75,83.75,83.75,0.0,5,-182.64218039414664
9962,66.25,83.75,83.75,0.0,5,-182.03917489632465
9963,68.75,83.75,83.75,0.0,5,-181.24685467845921
9964,71.25,83.75,83.75,0.0,5,-180.28810341916892
9965,73.75,83.75,83.75,0.0,5,-179.18653216084346
9966,76.25,83.75,83.75,0.0,5,-177.96646277303378
9967,78.75,83.75,83.75,0.0,5,-176.5570794712864
9968,81.25,83.75,83.75,0.0,5,-175.0734872610785
9969,83.75,83.75,83.75,0.0,5,-173.66514628979894
9970,86.25,83.75,83.75,0.0,5,-172.27846915505742
9971,88.75,83.75,83.75,0.0,5,-170.9527168252293
9972,91.25,83.75,83.75,0.0,5,-169.72850024238508
9973,93.75,83.75,83.75,0.0,5,-168.645950539221
9974,96.25,83.75,83.75,0.0,5,-167.74255058086706
9975,98.75,83.75,83.75,0.0,5,-167.05083359591455
9976,101.25,83.75,83.75,0.0,5,-166.58402475121312
9977,103.75,83.75,83.75,0.0,5,-166.43468566497305
9978,106.25,83.75,83.75,0.0,5,-166.57337327156182
9979,108.75,83.75,83.75,0.0,5,-166.95301904579765
9980,111.25,83.75,83.75,0.0,5,-167.55118654198384
9981,113.75,83.75,83.75,0.0,5,-168.33905897788978
9982,116.25,83.75,83.75,0.0,5,-169.28382226725955
9983,118.75,83.75,83.75,0.0,5,-170.3513210584289
9984,121.25,83.75,83.75,0.0,5,-171.50891289615438
9985,123.75,83.75,83.75,0.0,5,-172.81778742604016
9986,126.25,83.75,83.75,0.0,5,-174.17608006451385
9987,128.75,83.75,83.75,0.0,5,-175.47836223005308
9988,131.25,83.75,83.75,0.0,5,-176.8149356209431
9989,133.75,83.75,83.75,0.0,5,-178.19550619560133
9990,136.25,83.75,83.75,0.0,5,-179.63113461956235
9991,138.75,83.75,83.75,0.0,5,-181.13070788782628
9992,141.25,83.75,83.75,0.0,5,-182.69770868486845
9993,143.75,83.75,83.75,0.0,5,-184.32746877671735
9994,146.25,83.75,83.75,0.0,5,-186.1266232258225
9995,148.75,83.75,83.75,0.0,5,-187.94125451288892
9996,151.25,83.75,83.75,0.0,5,-189.60032947386193
9997,153.75,83.75,83.75,0.0,5,-191.18612364362892
9998,156.25,83.75,83.75,0.0,5,-192.6655361078636
9999,158.75,83.75,83.75,0.0,5,-194.01438449090273
10000,161.25,83.75,83.75,0.0,5,-195.21992180694835
10001,163.75,83.75,83.75,0.0,5,-196.28211756534762
10002,166.25,83.75,83.75,0.0,5,-197.2136441740437
10003,168.75,83.75,83.75,0.0,5,-198.09313120392986
10004,171.25,83.75,83.75,0.0,5,-198.89147531029437
10005,173.75,83.75,83.75,0.0,5,-199.60737585673346
10006,176.25,83.75,83.75,0.0,5,-200.3277129379903
10007,178.75,83.75,83.75,0.0,5,-201.06952456037698
10008,181.25,83.75,83.75,0.0,5,-201.8388893165863
10009,183.75,83.75,83.75,0.0,5,-202.63087495413257
10010,186.25,83.75,83.75,0.0,5,-203.43041730733225
10011,188.75,83.75,83.75,0.0,5,-204.21391884289014
10012,191.25,83.75,83.75,0.0,5,-204.99819279108604
10013,193.75,83.75,83.75,0.0,5,-205.67173977085204
10014,196.25,83.75,83.75,0.0,5,-206.16335268174484
10015,198.75,83.75,83.75,0.0,5,-206.50493863343962
10016,201.25,83.75,83.75,0.0,5,-206.68298275932122
10017,203.75,83.75,83.75,0.0,5,-206.6939578146064
10018,206.25,83.75,83.75,0.0,5,-206.544523487621
10019,208.75,83.75,83.75,0.0,5,-206.25127400009004
10020,211.25,83.75,83.75,0.0,5,-205.83996690132216
10021,213.75,83.75,83.75,0.0,5,-205.30611397518524
10022,216.25,83.75,83.75,0.0,5,-204.726947913031
10023,218.75,83.75,83.75,0.0,5,-204.19606169715985
10024,221.25,83.75,83.75,0.0,5,-203.7136587537976
10025,223.75,83.75,83.75,0.0,5,-203.30767850078666
10026,226.25,83.75,83.75,0.0,5,-202.99742899288856
10027,228.75,83.75,83.75,0.0,5,-202.79193219270687
10028,231.25,83.75,83.75,0.0,5,-202.6887540230469
10029,233.75,83.75,83.75,0.0,5,-202.67338934195
10030,236.25,83.75,83.75,0.0,5,-202.72414612842738
10031,238.75,83.75,83.75,0.0,5,-202.78978835515105
10032,241.25,83.75,83.75,0.0,5,-202.81192854773312
10033,243.75,83.75,83.75,0.0,5,-202.7634260739889
10034,246.25,83.75,83.75,0.0,5,-202.62725968145236
10035,248.75,83.75,83.75,0.0,5,-202.40175134381585
10036,251.25,83.75,83.75,0.0,5,-202.09934349713112
10037,253.75,83.75,83.75,0.0,5,-201.74293441011812
10038,256.25,83.75,83.75,0.0,5,-201.3604624836039
10039,258.75,83.75,83.75,0.0,5,-200.95471938334714
10040,261.25,83.75,83.75,0.0,5,-200.5839482710868
10041,263.75,83.75,83.75,0.0,5,-200.28995576904262
10042,266.25,83.75,83.75,0.0,5,-200.06644396522762
10043,268.75,83.75,83.75,0.0,5,-199.94337337564193
10044,271.25,83.75,83.75,0.0,5,-199.95870799234416
10045,273.75,83.75,83.75,0.0,5,-200.15191601102697
10046,276.25,83.75,83.75,0.0,5,-200.55406945369526
10047,278.75,83.75,83.75,0.0,5,-201.17587064897296
10048,281.25,83.75,83.75,0.0,5,-202.06443334618513
10049,283.75,83.75,83.75,0.0,5,-203.0713037055059
10050,286.25,83.75,83.75,0.0,5,-203.9471422015105
10051,288.75,83.75,83.75,0.0,5,-204.60711778542438
10052,291.25,83.75,83.75,0.0,5,-204.92244321768234
10053,293.75,83.75,83.75,0.0,5,-204.79985957250793
10054,296.25,83.75,83.75,0.0,5,-204.19345024385677
10055,298.75,83.75,83.75,0.0,5,-203.10964463602954
10056,301.25,83.75,83.75,0.0,5,-201.60552811057647
10057,303.75,83.75,83.75,0.0,5,-199.63047728757905
10058,306.25,83.75,83.75,0.0,5,-197.46196973183575
10059,308.75,83.75,83.75,0.0,5,-195.45341499387462
10060,311.25,83.75,83.75,0.0,5,-193.58229337756737
10061,313.75,83.75,83.75,0.0,5,-191.9366833760718
10062,316.25,83.75,83.75,0.0,5,-190.57659833326733
10063,318.75,83.75,83.75,0.0,5,-189.53248391816845
10064,321.25,83.75,83.75,0.0,5,-188.8049749589469
10065,323.75,83.75,83.75,0.0,5,-188.36607785291707
10066,326.25,83.75,83.75,0.0,5,-188.15495099032478
10067,328.75,83.75,83.75,0.0,5,-188.11350790206245
10068,331.25,83.75,83.75,0.0,5,-188.11028897204264
10069,333.75,83.75,83.75,0.0,5,-188.04220017230867
10070,336.25,83.75,83.75,0.0,5,-187.83858326993357
10071,338.75,83.75,83.75,0.0,5,-187.44495013818323
10072,341.25,83.75,83.75,0.0,5,-186.8233144301966
10073,343.75,83.75,83.75,0.0,5,-185.95014771968226
10074,346.25,83.75,83.75,0.0,5,-184.81305245691507
10075,348.75,83.75,83.75,0.0,5,-183.2844036021252
10076,351.25,83.75,83.75,0.0,5,-181.43200516159652
10077,353.75,83.75,83.75,0.0,5,-179.4488861686704
10078,356.25,83.75,83.75,0.0,5,-177.2731167146544
10079,358.75,83.75,83.75,0.0,5,-174.96152927923688
10080,1.25,86.25,86.25,0.0,5,-174.1844750585411
10081,3.75,86.25,86.25,0.0,5,-172.83993055509626
10082,6.25,86.25,86.25,0.0,5,-171.53369907051217
10083,8.75,86.25,86.25,0.0,5,-170.29609132728098
10084,11.25,86.25,86.25,0.0,5,-169.08425090094488
10085,13.75,86.25,86.25,0.0,5,-168.03177173867863
10086,16.25,86.25,86.25,0.0,5,-167.21209693545316
10087,18.75,86.25,86.25,0.0,5,-166.5524452421997
10088,21.25,86.25,86.25,0.0,5,-166.05647160309294
10089,23.75,86.25,86.25,0.0,5,-165.72166367988342
10090,26.25,86.25,86.25,0.0,5,-165.54032616280787
10091,28.75,86.25,86.25,0.0,5,-165.5002092924427
10092,31.25,86.25,86.25,0.0,5,-165.58472769719245
10093,33.75,86.25,86.25,0.0,5,-165.79489548796764
10094,36.25,86.25,86.25,0.0,5,-166.10260989929589
10095,38.75,86.25,86.25,0.0,5,-166.44460284663376
10096,41.25,86.25,86.25,0.0,5,-166.8133721843759
10097,43.75,86.25,86.25,0.0,5,-167.18945314465373
10098,46.25,86.25,86.25,0.0,5,-167.5558792116237
10099,48.75,86.25,86.25,0.0,5,-167.89841961956532
10100,51.25,86.25,86.25,0.0,5,-168.20577961043324
10101,53.75,86.25,86.25,0.0,5,-168.4698094001276
10102,56.25,86.25,86.25,0.0,5,-168.6979577183777
10103,58.75,86.25,86.25,0.0,5,-168.8641096980307
10104,61.25,86.25,86.25,0.0,5,-168.966690245606
10105,63.75,86.25,86.25,0.0,5,-169.02827084994902
10106,66.25,86.25,86.25,0.0,5,-169.05659067282838
10107,68.75,86.25,86.25,0.0,5,-169.06068626727017
10108,71.25,86.25,86.25,0.0,5,-169.05069370163463
10109,73.75,86.25,86.25,0.0,5,-169.03736797836393
10110,76.25,86.25,86.25,0.0,5,-169.03132876832186
10111,78.75,86.25,86.25,0.0,5,-169.04631163931242
10112,81.25,86.25,86.25,0.0,5,-169.09663115015064
10113,83.75,86.25,86.25,0.0,5,-169.1832588974201
10114,86.25,86.25,86.25,0.0,5,-169.31266411342602
10115,88.75,86.25,86.25,0.0,5,-169.48807033891438
10116,91.25,86.25,86.25,0.0,5,-169.7113547474738
10117,93.75,86.25,86.25,0.0,5,-169.98308677183118
10118,96.25,86.25,86.25,0.0,5,-170.3027497940725
10119,98.75,86.25,86.25,0.0,5,-170.66913459271137
10120,101.25,86.25,86.25,0.0,5,-171.11205945292477
10121,103.75,86.25,86.25,0.0,5,-171.6071395464486
10122,106.25,86.25,86.25,0.0,5,-172.11305545635034
10123,108.75,86.25,86.25,0.0,5,-172.65554082355078
10124,111.25,86.25,86.25,0.0,5,-173.23191640791543
10125,113.75,86.25,86.25,0.0,5,-173.83967813020996
10126,116.25,86.25,86.25,0.0,5,-174.4763641037047
10127,118.75,86.25,86.25,0.0,5,-175.13958665259108
10128,121.25,86.25,86.25,0.0,5,-175.8272526093956
10129,123.75,86.25,86.25,0.0,5,-176.58922413281903
10130,126.25,86.25,86.25,0.0,5,-177.3779504525894
10131,128.75,86.25,86.25,0.0,5,-178.1369306885444
10132,131.25,86.25,86.25,0.0,5,-178.91560208176244
10133,133.75,86.25,86.25,0.0,5,-179.714047213355
10134,136.25,86.25,86.25,0.0,5,-180.5321840206736
10135,138.75,86.25,86.25,0.0,5,-181.3697297816008
10136,141.25,86.25,86.25,0.0,5,-182.22603902138866
10137,143.75,86.25,86.25,0.0,5,-183.09982637258975
10138,146.25,86.25,86.25,0.0,5,-184.0547585384099
10139,148.75,86.25,86.25,0.0,5,-185.0255871608694
10140,151.25,86.25,86.25,0.0,5,-185.9405601744393
10141,153.75,86.25,86.25,0.0,5,-186.8596533242337
10142,156.25,86.25,86.25,0.0,5,-187.7789767563278
10143,158.75,86.25,86.25,0.0,5,-188.694886765088
10144,161.25,86.25,86.25,0.0,5,-189.60398007599434
10145,163.75,86.25,86.25,0.0,5,-190.50308218667973
10146,166.25,86.25,86.25,0.0,5,-191.38926075596754
10147,168.75,86.25,86.25,0.0,5,-192.32174518902585
10148,171.25,86.25,86.25,0.0,5,-193.2301597480024
10149,173.75,86.25,86.25,0.0,5,-194.05115669844866
10150,176.25,86.25,86.25,0.0,5,-194.8442620252365
10151,178.75,86.25,86.25,0.0,5,-195.60439512625575
10152,181.25,86.25,86.25,0.0,5,-196.3257675839162
10153,183.75,86.25,86.25,0.0,5,-197.00173063955808
10154,186.25,86.25,86.25,0.0,5,-197.62504430193985
10155,188.75,86.25,86.25,0.0,5,-198.18852756094395
10156,191.25,86.25,86.25,0.0,5,-198.71583502219124
10157,193.75,86.25,86.25,0.0,5,-199.14999080320803
10158,196.25,86.25,86.25,0.0,5,-199.46721120856353
10159,198.75,86.25,86.25,0.0,5,-199.7028678606025
10160,201.25,86.25,86.25,0.0,5,-199.85827827967364
10161,203.75,86.25,86.25,0.0,5,-199.93721195965483
10162,206.25,86.25,86.25,0.0,5,-199.94582680860532
10163,208.75,86.25,86.25,0.0,5,-199.8925780318433
10164,211.25,86.25,86.25,0.0,5,-199.78795486836526
10165,213.75,86.25,86.25,0.0,5,-199.6331680169546
10166,216.25,86.25,86.25,0.0,5,-199.44954863870007
10167,218.75,86.25,86.25,0.0,5,-199.26762792509444
10168,221.25,86.25,86.25,0.0,5,-199.09004982491808
10169,223.75,86.25,86.25,0.0,5,-198.92570330052658
10170,226.25,86.25,86.25,0.0,5,-198.7809735694441
10171,228.75,86.25,86.25,0.0,5,-198.65948688412558
10172,231.25,86.25,86.25,0.0,5,-198.5620906382729
10173,233.75,86.25,86.25,0.0,5,-198.48704886903383
10174,236.25,86.25,86.25,0.0,5,-198.42845785137226
10175,238.75,86.25,86.25,0.0,5,-198.38188294460662
10176,241.25,86.25,86.25,0.0,5,-198.33819517784084
10177,243.75,86.25,86.25,0.0,5,-198.2882374385484
10178,246.25,86.25,86.25,0.0,5,-198.22730692979684
10179,248.75,86.25,86.25,0.0,5,-198.15279222900176
10180,251.25,86.25,86.25,0.0,5,-198.0644764257677
10181,253.75,86.25,86.25,0.0,5,-197.9646024022864
10182,256.25,86.25,86.25,0.0,5,-197.85768526286444
10183,258.75,86.25,86.25,0.0,5,-197.74479618798378
10184,261.25,86.25,86.25,0.0,5,-197.6436246720552
10185,263.75,86.25,86.25,0.0,5,-197.56812539051228
10186,266.25,86.25,86.25,0.0,5,-197.51783516282768
10187,268.75,86.25,86.25,0.0,5,-197.49622150496782
10188,271.25,86.25,86.25,0.0,5,-197.5040728161289
10189,273.75,86.25,86.25,0.0,5,-197.53875111751614
10190,276.25,86.25,86.25,0.0,5,-197.59396800587803
10191,278.75,86.25,86.25,0.0,5,-197.6601012047397
10192,281.25,86.25,86.25,0.0,5,-197.72819325171375
10193,283.75,86.25,86.25,0.0,5,-197.76768157871638
10194,286.25,86.25,86.25,0.0,5,-197.7545832333925
10195,288.75,86.25,86.25,0.0,5,-197.67714504912882
10196,291.25,86.25,86.25,0.0,5,-197.51989508797655
10197,293.75,86.25,86.25,0.0,5,-197.2708046717838
10198,296.25,86.25,86.25,0.0,5,-196.92189943081723
10199,298.75,86.25,86.25,0.0,5,-196.46976119720193
10200,301.25,86.25,86.25,0.0,5,-195.9159659212188
10201,303.75,86.25,86.25,0.0,5,-195.21505391896596
10202,306.25,86.25,86.25,0.0,5,-194.4141646690902
10203,308.75,86.25,86.25,0.0,5,-193.60040582434
10204,311.25,86.25,86.25,0.0,5,-192.7471890381258
10205,313.75,86.25,86.25,0.0,5,-191.87336470243656
10206,316.25,86.25,86.25,0.0,5,-190.9965605674517
10207,318.75,86.25,86.25,0.0,5,-190.13242278442883
10208,321.25,86.25,86.25,0.0,5,-189.29375409356254
10209,323.75,86.25,86.25,0.0,5,-188.4895519095041
10210,326.25,86.25,86.25,0.0,5,-187.67404386979518
10211,328.75,86.25,86.25,0.0,5,-186.90429710095563
10212,331.25,86.25,86.25,0.0,5,-186.2139306154836
10213,333.75,86.25,86.25,0.0,5,-185.53426746081487
10214,336.25,86.25,86.25,0.0,5,-184.84725460861827
10215,338.75,86.25,86.25,0.0,5,-184.13318505595214
10216,341.25,86.25,86.25,0.0,5,-183.37214480004116
10217,343.75,86.25,86.25,0.0,5,-182.54563609438978
10218,346.25,86.25,86.25,0.0,5,-181.63829097767743
10219,348.75,86.25,86.25,0.0,5,-180.55963457933993
10220,351.25,86.25,86.25,0.0,5,-179.36214297947322
10221,353.75,86.25,86.25,0.0,5,-178.14967463130156
10222,356.25,86.25,86.25,0.0,5,-176.8672228902731
10223,358.75,86.25,86.25,0.0,5,-175.53668962701929
10224,1.25,88.75,88.75,0.0,5,-176.18504329164665
10225,3.75,88.75,88.75,0.0,5,-175.74803568349324
10226,6.25,88.75,88.75,0.0,5,-175.33684673563567
10227,8.75,88.75,88.75,0.0,5,-174.95311988415895
10228,11.25,88.75,88.75,0.0,5,-174.57473992943056
10229,13.75,88.75,88.75,0.0,5,-174.2337731612831
10230,16.25,88.75,88.75,0.0,5,-173.9497529984412
10231,18.75,88.75,88.75,0.0,5,-173.6969911939473
10232,21.25,88.75,88.75,0.0,5,-173.47538321708285
10233,23.75,88.75,88.75,0.0,5,-173.2845335666907
10234,26.25,88.75,88.75,0.0,5,-173.12381109001424
10235,28.75,88.75,88.75,0.0,5,-172.9923292349674
10236,31.25,88.75,88.75,0.0,5,-172.88886882417776
10237,33.75,88.75,88.75,0.0,5,-172.80768334381108
10238,36.25,88.75,88.75,0.0,5,-172.75784582288858
10239,38.75,88.75,88.75,0.0,5,-172.7366835374512
10240,41.25,88.75,88.75,0.0,5,-172.73647203723758
10241,43.75,88.75,88.75,0.0,5,-172.75549501525003
10242,46.25,88.75,88.75,0.0,5,-172.79203831516548
10243,48.75,88.75,88.75,0.0,5,-172.84464950882472
10244,51.25,88.75,88.75,0.0,5,-172.91206718492717
10245,53.75,88.75,88.75,0.0,5,-172.99292348774418
10246,56.25,88.75,88.75,0.0,5,-173.09317362894603
10247,58.75,88.75,88.75,0.0,5,-173.20776332081746
10248,61.25,88.75,88.75,0.0,5,-173.32658838609422
10249,63.75,88.75,88.75,0.0,5,-173.45544372979924
10250,66.25,88.75,88.75,0.0,5,-173.5941895462406
10251,68.75,88.75,88.75,0.0,5,-173.742635057881
10252,71.25,88.75,88.75,0.0,5,-173.9006912700226
10253,73.75,88.75,88.75,0.0,5,-174.06849742522508
10254,76.25,88.75,88.75,0.0,5,-174.24637697642677
10255,78.75,88.75,88.75,0.0,5,-174.4479174125353
10256,81.25,88.75,88.75,0.0,5,-174.66244393408934
10257,83.75,88.75,88.75,0.0,5,-174.87477485357823
10258,86.25,88.75,88.75,0.0,5,-175.09794049686272
10259,88.75,88.75,88.75,0.0,5,-175.3318598965928
10260,91.25,88.75,88.75,0.0,5,-175.576739877449
10261,93.75,88.75,88.75,0.0,5,-175.83259429674615
10262,96.25,88.75,88.75,0.0,5,-176.09921738068363
10263,98.75,88.75,88.75,0.0,5,-176.37662429591393
10264,101.25,88.75,88.75,0.0,5,-176.68515629751812
10265,103.75,88.75,88.75,0.0,5,-177.00629070430028
10266,106.25,88.75,88.75,0.0,5,-177.31757957579106
10267,108.75,88.75,88.75,0.0,5,-177.63832288851327
10268,111.25,88.75,88.75,0.0,5,-177.96812867415045
10269,113.75,88.75,88.75,0.0,5,-178.30678623625573
10270,116.25,88.75,88.75,0.0,5,-178.6540230273036
10271,118.75,88.75,88.75,0.0,5,-179.0094037942008
10272,121.25,88.75,88.75,0.0,5,-179.3724705258638
10273,123.75,88.75,88.75,0.0,5,-179.76993263205864
10274,126.25,88.75,88.75,0.0,5,-180.17630836678387
10275,128.75,88.75,88.75,0.0,5,-180.56329836107855
10276,131.25,88.75,88.75,0.0,5,-180.95649118963152
10277,133.75,88.75,88.75,0.0,5,-181.35565680009717
10278,136.25,88.75,88.75,0.0,5,-181.760342226829
10279,138.75,88.75,88.75,0.0,5,-182.16999669012026
10280,141.25,88.75,88.75,0.0,5,-182.5840356093322
10281,143.75,88.75,88.75,0.0,5,-183.0017766653588
10282,146.25,88.75,88.75,0.0,5,-183.45293000483144
10283,148.75,88.75,88.75,0.0,5,-183.90673068643952
10284,151.25,88.75,88.75,0.0,5,-184.3312615662056
10285,153.75,88.75,88.75,0.0,5,-184.75536632773537
10286,156.25,88.75,88.75,0.0,5,-185.17763759529686
10287,158.75,88.75,88.75,0.0,5,-185.5969641660416
10288,161.25,88.75,88.75,0.0,5,-186.01205467327947
10289,163.75,88.75,88.75,0.0,5,-186.42131626968603
10290,166.25,88.75,88.75,0.0,5,-186.82320119549252
10291,168.75,88.75,88.75,0.0,5,-187.24411421854947
10292,171.25,88.75,88.75,0.0,5,-187.65143321212358
10293,173.75,88.75,88.75,0.0,5,-188.01689642474398
10294,176.25,88.75,88.75,0.0,5,-188.36799801360843
10295,178.75,88.75,88.75,0.0,5,-188.7030589371012
10296,181.25,88.75,88.75,0.0,5,-189.02077877023902
10297,183.75,88.75,88.75,0.0,5,-189.32004424319075
10298,186.25,88.75,88.75,0.0,5,-189.59978687685654
10299,188.75,88.75,88.75,0.0,5,-189.8590834252143
10300,191.25,88.75,88.75,0.0,5,-190.11372211251455
10301,193.75,88.75,88.75,0.0,5,-190.34157700648944
10302,196.25,88.75,88.75,0.0,5,-190.52990879290888
10303,198.75,88.75,88.75,0.0,5,-190.69675402788874
10304,201.25,88.75,88.75,0.0,5,-190.84292623541526
10305,203.75,88.75,88.75,0.0,5,-190.96897221907193
10306,206.25,88.75,88.75,0.0,5,-191.07580256233774
10307,208.75,88.75,88.75,0.0,5,-191.1647408252649
10308,211.25,88.75,88.75,0.0,5,-191.23688808617158
10309,213.75,88.75,88.75,0.0,5,-191.29747963999134
10310,216.25,88.75,88.75,0.0,5,-191.34147024053968
10311,218.75,88.75,88.75,0.0,5,-191.36871770275053
10312,221.25,88.75,88.75,0.0,5,-191.3865321545618
10313,223.75,88.75,88.75,0.0,5,-191.39622304781486
10314,226.25,88.75,88.75,0.0,5,-191.3992987119917
10315,228.75,88.75,88.75,0.0,5,-191.39717500392993
10316,231.25,88.75,88.75,0.0,5,-191.39104001437184
10317,233.75,88.75,88.75,0.0,5,-191.3820427128078
10318,236.25,88.75,88.75,0.0,5,-191.37134222952145
10319,238.75,88.75,88.75,0.0,5,-191.35942105168562
10320,241.25,88.75,88.75,0.0,5,-191.3470832155566
10321,243.75,88.75,88.75,0.0,5,-191.33457505403055
10322,246.25,88.75,88.75,0.0,5,-191.3217502416234
10323,248.75,88.75,88.75,0.0,5,-191.30842625662572
10324,251.25,88.75,88.75,0.0,5,-191.29416573098464
10325,253.75,88.75,88.75,0.0,5,-191.27823815403616
10326,256.25,88.75,88.75,0.0,5,-191.25980294426807
10327,258.75,88.75,88.75,0.0,5,-191.23676561259867
10328,261.25,88.75,88.75,0.0,5,-191.20720116730052
10329,263.75,88.75,88.75,0.0,5,-191.1715844486696
10330,266.25,88.75,88.75,0.0,5,-191.1272992031853
10331,268.75,88.75,88.75,0.0,5,-191.0728138563268
10332,271.25,88.75,88.75,0.0,5,-191.00649825733967
10333,273.75,88.75,88.75,0.0,5,-190.92657172540459
10334,276.25,88.75,88.75,0.0,5,-190.83123706721724
10335,278.75,88.75,88.75,0.0,5,-190.71886940598486
10336,281.25,88.75,88.75,0.0,5,-190.57754765514323
10337,283.75,88.75,88.75,0.0,5,-190.41015065091486
10338,286.25,88.75,88.75,0.0,5,-190.22892319629784
10339,288.75,88.75,88.75,0.0,5,-190.02397796141798
10340,291.25,88.75,88.75,0.0,5,-189.79429819200186
10341,293.75,88.75,88.75,0.0,5,-189.53934437242964
10342,296.25,88.75,88.75,0.0,5,-189.25864593252837
10343,298.75,88.75,88.75,0.0,5,-188.95178937786667
10344,301.25,88.75,88.75,0.0,5,-188.61880747406556
10345,303.75,88.75,88.75,0.0,5,-188.2330055633075
10346,306.25,88.75,88.75,0.0,5,-187.81575115358913
10347,308.75,88.75,88.75,0.0,5,-187.39930727627987
10348,311.25,88.75,88.75,0.0,5,-186.9599796890715
10349,313.75,88.75,88.75,0.0,5,-186.4992221937757
10350,316.25,88.75,88.75,0.0,5,-186.01842305400132
10351,318.75,88.75,88.75,0.0,5,-185.51925663970675
10352,321.25,88.75,88.75,0.0,5,-185.0035894365035
10353,323.75,88.75,88.75,0.0,5,-184.47301988139307
10354,326.25,88.75,88.75,0.0,5,-183.89044994106197
10355,328.75,88.75,88.75,0.0,5,-183.2951540663326
10356,331.25,88.75,88.75,0.0,5,-182.73079112575482
10357,333.75,88.75,88.75,0.0,5,-182.1614542121944
10358,336.25,88.75,88.75,0.0,5,-181.58910280573807
10359,338.75,88.75,88.75,0.0,5,-181.01619395149635
10360,341.25,88.75,88.75,0.0,5,-180.44504792351495
10361,343.75,88.75,88.75,0.0,5,-179.8778633212308
10362,346.25,88.75,88.75,0.0,5,-179.3173727806904
10363,348.75,88.75,88.75,0.0,5,-178.7276922240026
10364,351.25,88.75,88.75,0.0,5,-178.15281925512568
10365,353.75,88.75,88.75,0.0,5,-177.6323442666334
10366,356.25,88.75,88.75,0.0,5,-177.1293656600347
10367,358.75,88.75,88.75,0.0,5,-176.6461609521384
