grid_cell_id,lon,lat,lat_abs,land_fraction,ocean_basin,tas_trend_forced
0,1.25,-88.75,88.75,1.0,0,1.1267500777695898
1,3.75,-88.75,88.75,1.0,0,1.1269243803171727
2,6.25,-88.75,88.75,1.0,0,1.127152580124152
3,8.75,-88.75,88.75,1.0,0,1.1274119421033597
4,11.25,-88.75,88.75,1.0,0,1.1277038055915432
5,13.75,-88.75,88.75,1.0,0,1.1279307747738652
6,16.25,-88.75,88.75,1.0,0,1.1282314823037554
7,18.75,-88.75,88.75,1.0,0,1.1284613959791792
8,21.25,-88.75,88.75,1.0,0,1.128792441557442
9,23.75,-88.75,88.75,1.0,0,1.12905699574323
10,26.25,-88.75,88.75,1.0,0,1.1292443768343747
11,28.75,-88.75,88.75,1.0,0,1.129543549536908
12,31.25,-88.75,88.75,1.0,0,1.1298941329884504
13,33.75,-88.75,88.75,1.0,0,1.1302649077685942
14,36.25,-88.75,88.75,1.0,0,1.1305968772854917
15,38.75,-88.75,88.75,1.0,0,1.13089940442572
16,41.25,-88.75,88.75,1.0,0,1.1314231008739786
17,43.75,-88.75,88.75,1.0,0,1.1320843250598993
18,46.25,-88.75,88.75,1.0,0,1.132774549787425
19,48.75,-88.75,88.75,1.0,0,1.1337939733180753
20,51.25,-88.75,88.75,1.0,0,1.1349287952603022
21,53.75,-88.75,88.75,1.0,0,1.1360783098403944
22,56.25,-88.75,88.75,1.0,0,1.137364328293094
23,58.75,-88.75,88.75,1.0,0,1.1386208335884398
24,61.25,-88.75,88.75,1.0,0,1.1395998119580022
25,63.75,-88.75,88.75,1.0,0,1.1405939865887453
26,66.25,-88.75,88.75,1.0,0,1.1414201711043592
27,68.75,-88.75,88.75,1.0,0,1.141990461773739
28,71.25,-88.75,88.75,1.0,0,1.1423895443918726
29,73.75,-88.75,88.75,1.0,0,1.142571337938753
30,76.25,-88.75,88.75,1.0,0,1.1422890757134574
31,78.75,-88.75,88.75,1.0,0,1.1414340588818588
32,81.25,-88.75,88.75,1.0,0,1.1398228863212176
33,83.75,-88.75,88.75,1.0,0,1.137870436710334
34,86.25,-88.75,88.75,1.0,0,1.1351334765771341
35,88.75,-88.75,88.75,1.0,0,1.1317823640587856
36,91.25,-88.75,88.75,1.0,0,1.1282053175665911
37,93.75,-88.75,88.75,1.0,0,1.1236627891988458
38,96.25,-88.75,88.75,1.0,0,1.1184390723947661
39,98.75,-88.75,88.75,1.0,0,1.1130817364000078
40,101.25,-88.75,88.75,1.0,0,1.1063633249678266
41,103.75,-88.75,88.75,1.0,0,1.0989197169523601
42,106.25,-88.75,88.75,1.0,0,1.091483935122401
43,108.75,-88.75,88.75,1.0,0,1.0825792892104407
44,111.25,-88.75,88.75,1.0,0,1.072936057543316
45,113.75,-88.75,88.75,1.0,0,1.06360707287256
46,116.25,-88.75,88.75,1.0,0,1.0525439966821162
47,118.75,-88.75,88.75,1.0,0,1.0405527535682326
48,121.25,-88.75,88.75,1.0,0,1.0292062286009436
49,123.75,-88.75,88.75,1.0,0,1.0168774333044228
50,126.25,-88.75,88.75,1.0,0,1.0052021479885487
51,128.75,-88.75,88.75,1.0,0,0.995536407875565
52,131.25,-88.75,88.75,1.0,0,0.9862322327752774
53,133.75,-88.75,88.75,1.0,0,0.9781811147246721
54,136.25,-88.75,88.75,1.0,0,0.9717266247114157
55,138.75,-88.75,88.75,1.0,0,0.9655500085352227
56,141.25,-88.75,88.75,1.0,0,0.9600981422153559
57,143.75,-88.75,88.75,1.0,0,0.955703046850586
58,146.25,-88.75,88.75,1.0,0,0.9516451241004932
59,148.75,-88.75,88.75,1.0,0,0.9477318408409109
60,151.25,-88.75,88.75,1.0,0,0.9446465914039209
61,153.75,-88.75,88.75,1.0,0,0.9413899877780044
62,156.25,-88.75,88.75,1.0,0,0.938311634953487
63,158.75,-88.75,88.75,1.0,0,0.9355726189665395
64,161.25,-88.75,88.75,1.0,0,0.9331394630790925
65,163.75,-88.75,88.75,1.0,0,0.9312430107781878
66,166.25,-88.75,88.75,1.0,0,0.9300800473395744
67,168.75,-88.75,88.75,1.0,0,0.9294098491784281
68,171.25,-88.75,88.75,1.0,0,0.9287967195442238
69,173.75,-88.75,88.75,1.0,0,0.9277548592808144
70,176.25,-88.75,88.75,1.0,0,0.9263159516577718
71,178.75,-88.75,88.75,1.0,0,0.9243150185787539
72,181.25,-88.75,88.75,1.0,0,0.9216082029711872
73,183.75,-88.75,88.75,1.0,0,0.9182179383423581
74,186.25,-88.75,88.75,1.0,0,0.914633812410749
75,188.75,-88.75,88.75,1.0,0,0.9110999832846853
76,191.25,-88.75,88.75,1.0,0,0.9072356948275505
77,193.75,-88.75,88.75,1.0,0,0.9041993938441896
78,196.25,-88.75,88.75,1.0,0,0.9019716835987102
79,198.75,-88.75,88.75,1.0,0,0.9001058124905628
80,201.25,-88.75,88.75,1.0,0,0.8986648189240346
81,203.75,-88.75,88.75,1.0,0,0.8979292946747832
82,206.25,-88.75,88.75,1.0,0,0.8976739806678379
83,208.75,-88.75,88.75,1.0,0,0.897938040790109
84,211.25,-88.75,88.75,1.0,0,0.8987126785234935
85,213.75,-88.75,88.75,1.0,0,0.9000516351250762
86,216.25,-88.75,88.75,1.0,0,0.9026898083059354
87,218.75,-88.75,88.75,1.0,0,0.9058908436689089
88,221.25,-88.75,88.75,1.0,0,0.9098207330793617
89,223.75,-88.75,88.75,1.0,0,0.9142934999413856
90,226.25,-88.75,88.75,1.0,0,0.918525816516195
91,228.75,-88.75,88.75,1.0,0,0.9233424806361787
92,231.25,-88.75,88.75,1.0,0,0.9284755205203049
93,233.75,-88.75,88.75,1.0,0,0.9330249262396885
94,236.25,-88.75,88.75,1.0,0,0.9384121644400358
95,238.75,-88.75,88.75,1.0,0,0.9436792012405238
96,241.25,-88.75,88.75,1.0,0,0.9485553929640476
97,243.75,-88.75,88.75,1.0,0,0.9536795304475981
98,246.25,-88.75,88.75,1.0,0,0.9584405642101521
99,248.75,-88.75,88.75,1.0,0,0.9621504321852354
100,251.25,-88.75,88.75,1.0,0,0.9655628872798696
101,253.75,-88.75,88.75,1.0,0,0.9681337509147726
102,256.25,-88.75,88.75,1.0,0,0.9697878777715079
103,258.75,-88.75,88.75,1.0,0,0.9707212267307698
104,261.25,-88.75,88.75,1.0,0,0.9705744458228281
105,263.75,-88.75,88.75,1.0,0,0.9698014838211977
106,266.25,-88.75,88.75,1.0,0,0.9687872213031278
107,268.75,-88.75,88.75,1.0,0,0.9678825000853489
108,271.25,-88.75,88.75,1.0,0,0.9674769814928629
109,273.75,-88.75,88.75,1.0,0,0.9681325861604158
110,276.25,-88.75,88.75,1.0,0,0.9699963337925676
111,278.75,-88.75,88.75,1.0,0,0.9729052188185369
112,281.25,-88.75,88.75,1.0,0,0.9774051754059148
113,283.75,-88.75,88.75,1.0,0,0.9832504451107423
114,286.25,-88.75,88.75,1.0,0,0.9896224844638234
115,288.75,-88.75,88.75,1.0,0,0.9978777188227316
116,291.25,-88.75,88.75,1.0,0,1.0070587721796294
117,293.75,-88.75,88.75,1.0,0,1.0161125064111813
118,296.25,-88.75,88.75,1.0,0,1.0264577367234136
119,298.75,-88.75,88.75,1.0,0,1.0368531562054908
120,301.25,-88.75,88.75,1.0,0,1.046087155495616
121,303.75,-88.75,88.75,1.0,0,1.055713448957921
122,306.25,-88.75,88.75,1.0,0,1.0646439224575053
123,308.75,-88.75,88.75,1.0,0,1.0721385976262099
124,311.25,-88.75,88.75,1.0,0,1.079714867158208
125,313.75,-88.75,88.75,1.0,0,1.0865866632521077
126,316.25,-88.75,88.75,1.0,0,1.0923649644603761
127,318.75,-88.75,88.75,1.0,0,1.0980180315850716
128,321.25,-88.75,88.75,1.0,0,1.1029692964244049
129,323.75,-88.75,88.75,1.0,0,1.1068674613220653
130,326.25,-88.75,88.75,1.0,0,1.1105402936616124
131,328.75,-88.75,88.75,1.0,0,1.1136738665490162
132,331.25,-88.75,88.75,1.0,0,1.1160868108700328
133,333.75,-88.75,88.75,1.0,0,1.1182474253199406
134,336.25,-88.75,88.75,1.0,0,1.1200376672643462
135,338.75,-88.75,88.75,1.0,0,1.1213788504121402
136,341.25,-88.75,88.75,1.0,0,1.1224610458738618
137,343.75,-88.75,88.75,1.0,0,1.123346151940937
138,346.25,-88.75,88.75,1.0,0,1.1240482962134304
139,348.75,-88.75,88.75,1.0,0,1.1246342638524687
140,351.25,-88.75,88.75,1.0,0,1.1251665577358914
141,353.75,-88.75,88.75,1.0,0,1.1255657491065467
142,356.25,-88.75,88.75,1.0,0,1.1259729675960668
143,358.75,-88.75,88.75,1.0,0,1.1263999391290151
144,1.25,-86.25,86.25,1.0,0,1.1177751131409333
145,3.75,-86.25,86.25,1.0,0,1.125099042072562
146,6.25,-86.25,86.25,1.0,0,1.1305518564799093
147,8.75,-86.25,86.25,1.0,0,1.1338040558717657
148,11.25,-86.25,86.25,1.0,0,1.1357886716934915
149,13.75,-86.25,86.25,1.0,0,1.136214082632784
150,16.25,-86.25,86.25,1.0,0,1.1354623650499684
151,18.75,-86.25,86.25,1.0,0,1.1333531774541459
152,21.25,-86.25,86.25,1.0,0,1.1301488847440466
153,23.75,-86.25,86.25,1.0,0,1.126433555054881
154,26.25,-86.25,86.25,1.0,0,1.1218937128605915
155,28.75,-86.25,86.25,1.0,0,1.1173664039390132
156,31.25,-86.25,86.25,1.0,0,1.1138864267209798
157,33.75,-86.25,86.25,1.0,0,1.1112175122882135
158,36.25,-86.25,86.25,1.0,0,1.1100664746999827
159,38.75,-86.25,86.25,1.0,0,1.1101907605150394
160,41.25,-86.25,86.25,1.0,0,1.111287118077346
161,43.75,-86.25,86.25,1.0,0,1.113203210021518
162,46.25,-86.25,86.25,1.0,0,1.1153757785257052
163,48.75,-86.25,86.25,1.0,0,1.1185601761614645
164,51.25,-86.25,86.25,1.0,0,1.1225977911244052
165,53.75,-86.25,86.25,1.0,0,1.126941290988522
166,56.25,-86.25,86.25,1.0,0,1.131855501746896
167,58.75,-86.25,86.25,1.0,0,1.1364522455019854
168,61.25,-86.25,86.25,1.0,0,1.1403925218545239
169,63.75,-86.25,86.25,1.0,0,1.1445255939921841
170,66.25,-86.25,86.25,1.0,0,1.1485050044852751
171,68.75,-86.25,86.25,1.0,0,1.1520271993014182
172,71.25,-86.25,86.25,1.0,0,1.1557464665068617
173,73.75,-86.25,86.25,1.0,0,1.15932089425608
174,76.25,-86.25,86.25,1.0,0,1.1626046480079488
175,78.75,-86.25,86.25,1.0,0,1.1663634108352094
176,81.25,-86.25,86.25,1.0,0,1.1703646404720875
177,83.75,-86.25,86.25,1.0,0,1.174493632281467
178,86.25,-86.25,86.25,1.0,0,1.1801396401864075
179,88.75,-86.25,86.25,1.0,0,1.186754968948181
180,91.25,-86.25,86.25,1.0,0,1.1929132416304893
181,93.75,-86.25,86.25,1.0,0,1.198795855883923
182,96.25,-86.25,86.25,1.0,0,1.2026199832042461
183,98.75,-86.25,86.25,1.0,0,1.2035820983419112
184,101.25,-86.25,86.25,1.0,0,1.2017174709424658
185,103.75,-86.25,86.25,1.0,0,1.197405844998392
186,106.25,-86.25,86.25,1.0,0,1.1921180192114467
187,108.75,-86.25,86.25,1.0,0,1.1843740997115992
188,111.25,-86.25,86.25,1.0,0,1.172221780545826
189,113.75,-86.25,86.25,1.0,0,1.1545587207405152
190,116.25,-86.25,86.25,1.0,0,1.1282776850056315
191,118.75,-86.25,86.25,1.0,0,1.0961729436337777
192,121.25,-86.25,86.25,1.0,0,1.0625346754770737
193,123.75,-86.25,86.25,1.0,0,1.0233803756581572
194,126.25,-86.25,86.25,1.0,0,0.985127018761989
195,128.75,-86.25,86.25,1.0,0,0.9529223576203186
196,131.25,-86.25,86.25,1.0,0,0.9216524589812513
197,133.75,-86.25,86.25,1.0,0,0.8950440528762135
198,136.25,-86.25,86.25,1.0,0,0.8747518727314307
199,138.75,-86.25,86.25,1.0,0,0.8561323073117727
200,141.25,-86.25,86.25,1.0,0,0.8401337318128049
201,143.75,-86.25,86.25,1.0,0,0.8271014078988044
202,146.25,-86.25,86.25,1.0,0,0.8130520620936408
203,148.75,-86.25,86.25,1.0,0,0.7985723525084677
204,151.25,-86.25,86.25,1.0,0,0.782401639541505
205,153.75,-86.25,86.25,1.0,0,0.7626261121881969
206,156.25,-86.25,86.25,1.0,0,0.7432701333912017
207,158.75,-86.25,86.25,1.0,0,0.7285253414508506
208,161.25,-86.25,86.25,1.0,0,0.7164207374013398
209,163.75,-86.25,86.25,1.0,0,0.7081813769067641
210,166.25,-86.25,86.25,1.0,0,0.7007305728311919
211,168.75,-86.25,86.25,1.0,0,0.6922856625003886
212,171.25,-86.25,86.25,1.0,0,0.6838467701145723
213,173.75,-86.25,86.25,1.0,0,0.6761698296627456
214,176.25,-86.25,86.25,1.0,0,0.6662880767182546
215,178.75,-86.25,86.25,1.0,0,0.6561945961570989
216,181.25,-86.25,86.25,1.0,0,0.6482216069071991
217,183.75,-86.25,86.25,1.0,0,0.6405863605520989
218,186.25,-86.25,86.25,1.0,0,0.6330679454293563
219,188.75,-86.25,86.25,1.0,0,0.6274559862251563
220,191.25,-86.25,86.25,1.0,0,0.6215183763420393
221,193.75,-86.25,86.25,1.0,0,0.6160212917381013
222,196.25,-86.25,86.25,1.0,0,0.6113367296006547
223,198.75,-86.25,86.25,1.0,0,0.6072729685778281
224,201.25,-86.25,86.25,1.0,0,0.6033532803728092
225,203.75,-86.25,86.25,1.0,0,0.6005933835799474
226,206.25,-86.25,86.25,1.0,0,0.5984072527773475
227,208.75,-86.25,86.25,1.0,0,0.5969423061436767
228,211.25,-86.25,86.25,1.0,0,0.5965344930425853
229,213.75,-86.25,86.25,1.0,0,0.5974161420852774
230,216.25,-86.25,86.25,1.0,0,0.6005146170430196
231,218.75,-86.25,86.25,1.0,0,0.604982353483854
232,221.25,-86.25,86.25,1.0,0,0.6116214460522357
233,223.75,-86.25,86.25,1.0,0,0.6197627328504184
234,226.25,-86.25,86.25,1.0,0,0.6286119781762435
235,228.75,-86.25,86.25,1.0,0,0.6405922836014406
236,231.25,-86.25,86.25,1.0,0,0.6550091500206884
237,233.75,-86.25,86.25,1.0,0,0.6694726897549981
238,236.25,-86.25,86.25,1.0,0,0.6863099221072098
239,238.75,-86.25,86.25,1.0,0,0.7034909394358113
240,241.25,-86.25,86.25,1.0,0,0.7192004728151952
241,243.75,-86.25,86.25,1.0,0,0.7368504087171245
242,246.25,-86.25,86.25,1.0,0,0.7547784377265648
243,248.75,-86.25,86.25,1.0,0,0.7713183446331405
244,251.25,-86.25,86.25,1.0,0,0.7884655177711042
245,253.75,-86.25,86.25,1.0,0,0.8043542244033407
246,256.25,-86.25,86.25,1.0,0,0.817808209961269
247,258.75,-86.25,86.25,1.0,0,0.8292618543645309
248,261.25,-86.25,86.25,1.0,0,0.8366991654282679
249,263.75,-86.25,86.25,1.0,0,0.8409422267362741
250,266.25,-86.25,86.25,1.0,0,0.8437624354848708
251,268.75,-86.25,86.25,1.0,0,0.8461488550922462
252,271.25,-86.25,86.25,1.0,0,0.8483420669808155
253,273.75,-86.25,86.25,1.0,0,0.8506601243200269
254,276.25,-86.25,86.25,1.0,0,0.8532188948954766
255,278.75,-86.25,86.25,1.0,0,0.8561963997521818
256,281.25,-86.25,86.25,1.0,0,0.8604334756728036
257,283.75,-86.25,86.25,1.0,0,0.8659182566496402
258,286.25,-86.25,86.25,1.0,0,0.8724422318378796
259,288.75,-86.25,86.25,1.0,0,0.8820060594186622
260,291.25,-86.25,86.25,1.0,0,0.8935357857018584
261,293.75,-86.25,86.25,1.0,0,0.9053127987385757
262,296.25,-86.25,86.25,1.0,0,0.919485606240243
263,298.75,-86.25,86.25,1.0,0,0.9346313673969033
264,301.25,-86.25,86.25,1.0,0,0.9487852705676083
265,303.75,-86.25,86.25,1.0,0,0.9641812281283894
266,306.25,-86.25,86.25,1.0,0,0.9793482150510442
267,308.75,-86.25,86.25,1.0,0,0.9926962711239152
268,311.25,-86.25,86.25,1.0,0,1.0062637264262417
269,313.75,-86.25,86.25,1.0,0,1.0167846850035778
270,316.25,-86.25,86.25,1.0,0,1.0231456682989832
271,318.75,-86.25,86.25,1.0,0,1.027054976600327
272,321.25,-86.25,86.25,1.0,0,1.0288624159148902
273,323.75,-86.25,86.25,1.0,0,1.0298486005114769
274,326.25,-86.25,86.25,1.0,0,1.0312660213289275
275,328.75,-86.25,86.25,1.0,0,1.0334567448042833
276,331.25,-86.25,86.25,1.0,0,1.0360183485095555
277,333.75,-86.25,86.25,1.0,0,1.0394893731146175
278,336.25,-86.25,86.25,1.0,0,1.043512328912808
279,338.75,-86.25,86.25,1.0,0,1.0476839846438586
280,341.25,-86.25,86.25,1.0,0,1.0529786891124
281,343.75,-86.25,86.25,1.0,0,1.0589980505721328
282,346.25,-86.25,86.25,1.0,0,1.0651309665065927
283,348.75,-86.25,86.25,1.0,0,1.0729351453274565
284,351.25,-86.25,86.25,1.0,0,1.0816212132417893
285,353.75,-86.25,86.25,1.0,0,1.0902334382863157
286,356.25,-86.25,86.25,1.0,0,1.1001351663145478
287,358.75,-86.25,86.25,1.0,0,1.1097982044678991
288,1.25,-83.75,83.75,1.0,0,1.1032990864405754
289,3.75,-83.75,83.75,1.0,0,1.1155820030057988
290,6.25,-83.75,83.75,1.0,0,1.1263016741152398
291,8.75,-83.75,83.75,1.0,0,1.133881274815654
292,11.25,-83.75,83.75,1.0,0,1.1393088364075128
293,13.75,-83.75,83.75,1.0,0,1.141391844270954
294,16.25,-83.75,83.75,1.0,0,1.140399679229213
295,18.75,-83.75,83.75,1.0,0,1.136523937314192
296,21.25,-83.75,83.75,1.0,0,1.130154349136184
297,23.75,-83.75,83.75,1.0,0,1.1222603603534764
298,26.25,-83.75,83.75,1.0,0,1.1110873141507729
299,28.75,-83.75,83.75,1.0,0,1.098993197189942
300,31.25,-83.75,83.75,1.0,0,1.089134652481592
301,33.75,-83.75,83.75,1.0,0,1.081022744255241
302,36.25,-83.75,83.75,1.0,0,1.0759045212379519
303,38.75,-83.75,83.75,1.0,0,1.0732842091312629
304,41.25,-83.75,83.75,1.0,0,1.071312909304929
305,43.75,-83.75,83.75,1.0,0,1.0680212188167089
306,46.25,-83.75,83.75,1.0,0,1.061277784336112
307,48.75,-83.75,83.75,1.0,0,1.051231480455773
308,51.25,-83.75,83.75,1.0,0,1.0402347187317973
309,53.75,-83.75,83.75,1.0,0,1.031525614261711
310,56.25,-83.75,83.75,1.0,0,1.0244130576087
311,58.75,-83.75,83.75,1.0,0,1.0196047414957812
312,61.25,-83.75,83.75,1.0,0,1.0175977227521003
313,63.75,-83.75,83.75,1.0,0,1.0178088062317723
314,66.25,-83.75,83.75,1.0,0,1.0205368100003802
315,68.75,-83.75,83.75,1.0,0,1.02474301601538
316,71.25,-83.75,83.75,1.0,0,1.0305372077454003
317,73.75,-83.75,83.75,1.0,0,1.0375507904300993
318,76.25,-83.75,83.75,1.0,0,1.0445200834472175
319,78.75,-83.75,83.75,1.0,0,1.0527617885089922
320,81.25,-83.75,83.75,1.0,0,1.0613791288343348
321,83.75,-83.75,83.75,1.0,0,1.0693660732527583
322,86.25,-83.75,83.75,1.0,0,1.0784358703456065
323,88.75,-83.75,83.75,1.0,0,1.0879305324696982
324,91.25,-83.75,83.75,1.0,0,1.0980252841838671
325,93.75,-83.75,83.75,1.0,0,1.1112222241883443
326,96.25,-83.75,83.75,1.0,0,1.1248077612165888
327,98.75,-83.75,83.75,1.0,0,1.1364323910342902
328,101.25,-83.75,83.75,1.0,0,1.1468055772740238
329,103.75,-83.75,83.75,1.0,0,1.1480479021294132
330,106.25,-83.75,83.75,1.0,0,1.1466346155265266
331,108.75,-83.75,83.75,1.0,0,1.1490443118714966
332,111.25,-83.75,83.75,1.0,0,1.1511543438118623
333,113.75,-83.75,83.75,1.0,0,1.1487411397384086
334,116.25,-83.75,83.75,1.0,0,1.141225387102803
335,118.75,-83.75,83.75,1.0,0,1.12728395788705
336,121.25,-83.75,83.75,1.0,0,1.1068425614837833
337,123.75,-83.75,83.75,1.0,0,1.0809014719202161
338,126.25,-83.75,83.75,1.0,0,1.055352368669972
339,128.75,-83.75,83.75,1.0,0,1.032078288476822
340,131.25,-83.75,83.75,1.0,0,1.0067619457604196
341,133.75,-83.75,83.75,1.0,0,0.9814800525707207
342,136.25,-83.75,83.75,1.0,0,0.9579153717252232
343,138.75,-83.75,83.75,1.0,0,0.9322260962591237
344,141.25,-83.75,83.75,1.0,0,0.9045186872482969
345,143.75,-83.75,83.75,1.0,0,0.8717627137609892
346,146.25,-83.75,83.75,1.0,0,0.8298702298918513
347,148.75,-83.75,83.75,1.0,0,0.7888910593534055
348,151.25,-83.75,83.75,1.0,0,0.7495975434850279
349,153.75,-83.75,83.75,1.0,0,0.7113251596473941
350,156.25,-83.75,83.75,1.0,0,0.6835254925287547
351,158.75,-83.75,83.75,1.0,0,0.6640032874809878
352,161.25,-83.75,83.75,1.0,0,0.6499652566063321
353,163.75,-83.75,83.75,1.0,0,0.6374500594456151
354,166.25,-83.75,83.75,1.0,0,0.6266361748786367
355,168.75,-83.75,83.75,1.0,0,0.6121524265881767
356,171.25,-83.75,83.75,1.0,0,0.5998341134642009
357,173.75,-83.75,83.75,1.0,0,0.5895679109114453
358,176.25,-83.75,83.75,1.0,0,0.583277808840397
359,178.75,-83.75,83.75,1.0,0,0.5805643369843159
360,181.25,-83.75,83.75,1.0,0,0.5782778401354117
361,183.75,-83.75,83.75,1.0,0,0.5757704541077452
362,186.25,-83.75,83.75,1.0,0,0.5753527041942559
363,188.75,-83.75,83.75,1.0,0,0.5757895717847281
364,191.25,-83.75,83.75,1.0,0,0.5765729788685605
365,193.75,-83.75,83.75,1.0,0,0.5783812846417148
366,196.25,-83.75,83.75,1.0,0,0.5797085767404968
367,198.75,-83.75,83.75,1.0,0,0.5810934724200507
368,201.25,-83.75,83.75,1.0,0,0.5818299109995271
369,203.75,-83.75,83.75,1.0,0,0.5841728167253384
370,206.25,-83.75,83.75,1.0,0,0.5869830395216517
371,208.75,-83.75,83.75,1.0,0,0.5889124619829061
372,211.25,-83.75,83.75,1.0,0,0.588026022332881
373,213.75,-83.75,83.75,1.0,0,0.5824112848153079
374,216.25,-83.75,83.75,1.0,0,0.5726691724586707
375,218.75,-83.75,83.75,1.0,0,0.5635019449422914
376,221.25,-83.75,83.75,1.0,0,0.5534658301941631
377,223.75,-83.75,83.75,1.0,0,0.5441258998089491
378,226.25,-83.75,83.75,1.0,0,0.5361629997182055
379,228.75,-83.75,83.75,1.0,0,0.5252678540134694
380,231.25,-83.75,83.75,1.0,0,0.5134328077247263
381,233.75,-83.75,83.75,1.0,0,0.5044669881914912
382,236.25,-83.75,83.75,1.0,0,0.49531844160188776
383,238.75,-83.75,83.75,1.0,0,0.4882934332997677
384,241.25,-83.75,83.75,1.0,0,0.4864501624531105
385,243.75,-83.75,83.75,1.0,0,0.48888872132754624
386,246.25,-83.75,83.75,1.0,0,0.49727140561753946
387,248.75,-83.75,83.75,1.0,0,0.5083827122475195
388,251.25,-83.75,83.75,1.0,0,0.5241916139542667
389,253.75,-83.75,83.75,1.0,0,0.5453453867937919
390,256.25,-83.75,83.75,1.0,0,0.569014449149277
391,258.75,-83.75,83.75,1.0,0,0.5987229930717661
392,261.25,-83.75,83.75,1.0,0,0.6351420379910598
393,263.75,-83.75,83.75,1.0,0,0.6726893759310968
394,266.25,-83.75,83.75,1.0,0,0.716270137562875
395,268.75,-83.75,83.75,1.0,0,0.7557361009981101
396,271.25,-83.75,83.75,1.0,0,0.7868954601706778
397,273.75,-83.75,83.75,1.0,0,0.8167903915909974
398,276.25,-83.75,83.75,1.0,0,0.8375824691681812
399,278.75,-83.75,83.75,1.0,0,0.8495053303756812
400,281.25,-83.75,83.75,1.0,0,0.8585449996474689
401,283.75,-83.75,83.75,1.0,0,0.8703232863446877
402,286.25,-83.75,83.75,1.0,0,0.8843345569360488
403,288.75,-83.75,83.75,1.0,0,0.9025636827259351
404,291.25,-83.75,83.75,1.0,0,0.9198564378752268
405,293.75,-83.75,83.75,1.0,0,0.9348745166532505
406,296.25,-83.75,83.75,1.0,0,0.9452349022480213
407,298.75,-83.75,83.75,1.0,0,0.9452814040463479
408,301.25,-83.75,83.75,1.0,0,0.9397117303439074
409,303.75,-83.75,83.75,1.0,0,0.93067507668333
410,306.25,-83.75,83.75,1.0,0,0.9206323461862568
411,308.75,-83.75,83.75,1.0,0,0.9117800482427469
412,311.25,-83.75,83.75,1.0,0,0.9019077531030848
413,313.75,-83.75,83.75,1.0,0,0.8924640701243083
414,316.25,-83.75,83.75,1.0,0,0.8840217956700308
415,318.75,-83.75,83.75,1.0,0,0.8756884060115038
416,321.25,-83.75,83.75,1.0,0,0.8699902549446362
417,323.75,-83.75,83.75,1.0,0,0.868038070067675
418,326.25,-83.75,83.75,1.0,0,0.8704538809605425
419,328.75,-83.75,83.75,1.0,0,0.8792669100709648
420,331.25,-83.75,83.75,1.0,0,0.8927289784596198
421,333.75,-83.75,83.75,1.0,0,0.9133718868751799
422,336.25,-83.75,83.75,1.0,0,0.9378288002213476
423,338.75,-83.75,83.75,1.0,0,0.9613558737296413
424,341.25,-83.75,83.75,1.0,0,0.9858476911286199
425,343.75,-83.75,83.75,1.0,0,1.0071130295064443
426,346.25,-83.75,83.75,1.0,0,1.022997826042285
427,348.75,-83.75,83.75,1.0,0,1.0376811818067542
428,351.25,-83.75,83.75,1.0,0,1.0512647162088669
429,353.75,-83.75,83.75,1.0,0,1.0635782115089158
430,356.25,-83.75,83.75,1.0,0,1.0771625645801892
431,358.75,-83.75,83.75,1.0,0,1.091029238520043
432,1.25,-81.25,81.25,1.0,0,0.9507455428179534
433,3.75,-81.25,81.25,1.0,0,0.9600362288177265
434,6.25,-81.25,81.25,1.0,0,0.9695651351616847
435,8.75,-81.25,81.25,1.0,0,0.9795698415011015
436,11.25,-81.25,81.25,1.0,0,0.9903506574890097
437,13.75,-81.25,81.25,1.0,0,0.9974528241371419
438,16.25,-81.25,81.25,1.0,0,1.0018102561956357
439,18.75,-81.25,81.25,1.0,0,1.0050302365439912
440,21.25,-81.25,81.25,1.0,0,1.0069162501795679
441,23.75,-81.25,81.25,1.0,0,1.0092534724761533
442,26.25,-81.25,81.25,1.0,0,1.0155255370823455
443,28.75,-81.25,81.25,1.0,0,1.0244059502574694
444,31.25,-81.25,81.25,1.0,0,1.0333213465882585
445,33.75,-81.25,81.25,1.0,0,1.0412677834404087
446,36.25,-81.25,81.25,1.0,0,1.0408018426181407
447,38.75,-81.25,81.25,1.0,0,1.0328256623994845
448,41.25,-81.25,81.25,1.0,0,1.0201330486040676
449,43.75,-81.25,81.25,1.0,0,1.0087737044857146
450,46.25,-81.25,81.25,1.0,0,1.000158517403745
451,48.75,-81.25,81.25,1.0,0,0.991404879931725
452,51.25,-81.25,81.25,1.0,0,0.9817404314773317
453,53.75,-81.25,81.25,1.0,0,0.9721174584391777
454,56.25,-81.25,81.25,1.0,0,0.9590166872217137
455,58.75,-81.25,81.25,1.0,0,0.9444719338468737
456,61.25,-81.25,81.25,1.0,0,0.932996225491937
457,63.75,-81.25,81.25,1.0,0,0.9229655218204981
458,66.25,-81.25,81.25,1.0,0,0.9165091370168339
459,68.75,-81.25,81.25,1.0,0,0.9149567901763738
460,71.25,-81.25,81.25,1.0,0,0.9169799701703696
461,73.75,-81.25,81.25,1.0,0,0.9216402531277695
462,76.25,-81.25,81.25,1.0,0,0.9275004170456433
463,78.75,-81.25,81.25,1.0,0,0.9354298188228259
464,81.25,-81.25,81.25,1.0,0,0.9466713185755875
465,83.75,-81.25,81.25,1.0,0,0.9612219869360554
466,86.25,-81.25,81.25,1.0,0,0.9801816827093803
467,88.75,-81.25,81.25,1.0,0,1.0004262725576563
468,91.25,-81.25,81.25,1.0,0,1.0182994630066071
469,93.75,-81.25,81.25,1.0,0,1.034836075928649
470,96.25,-81.25,81.25,1.0,0,1.0465251686506845
471,98.75,-81.25,81.25,1.0,0,1.0532631769502354
472,101.25,-81.25,81.25,1.0,0,1.0586093176587308
473,103.75,-81.25,81.25,1.0,0,1.0622659283883342
474,106.25,-81.25,81.25,1.0,0,1.0647395575114347
475,108.75,-81.25,81.25,1.0,0,1.0708671208210814
476,111.25,-81.25,81.25,1.0,0,1.0767264471434237
477,113.75,-81.25,81.25,1.0,0,1.081282618199772
478,116.25,-81.25,81.25,1.0,0,1.085788378255361
479,118.75,-81.25,81.25,1.0,0,1.085777405816881
480,121.25,-81.25,81.25,1.0,0,1.0799410271570655
481,123.75,-81.25,81.25,1.0,0,1.068306024819822
482,126.25,-81.25,81.25,1.0,0,1.0528073329246517
483,128.75,-81.25,81.25,1.0,0,1.0384653469928944
484,131.25,-81.25,81.25,1.0,0,1.023620083203618
485,133.75,-81.25,81.25,1.0,0,1.0093440442537682
486,136.25,-81.25,81.25,1.0,0,0.9941937211667468
487,138.75,-81.25,81.25,1.0,0,0.970906702270107
488,141.25,-81.25,81.25,1.0,0,0.939807131609353
489,143.75,-81.25,81.25,1.0,0,0.9074847782200872
490,146.25,-81.25,81.25,1.0,0,0.8697740513005732
491,148.75,-81.25,81.25,1.0,0,0.8267369519236571
492,151.25,-81.25,81.25,1.0,0,0.7864366028307657
493,153.75,-81.25,81.25,1.0,0,0.7473606228068727
494,156.25,-81.25,81.25,1.0,0,0.7116634373118497
495,158.75,-81.25,81.25,1.0,0,0.6801621065934464
496,161.25,-81.25,81.25,1.0,0,0.644831617349674
497,163.75,-81.25,81.25,1.0,0,0.6078262165027082
498,166.25,-81.25,81.25,1.0,0,0.581698173560429
499,168.75,-81.25,81.25,1.0,0,0.5696519447064219
500,171.25,-81.25,81.25,1.0,0,0.5688816734125044
501,173.75,-81.25,81.25,1.0,0,0.5683395587971121
502,176.25,-81.25,81.25,1.0,0,0.5738726339663164
503,178.75,-81.25,81.25,1.0,0,0.5835277740834162
504,181.25,-81.25,81.25,1.0,0,0.5888296002071263
505,183.75,-81.25,81.25,1.0,0,0.5910835011543025
506,186.25,-81.25,81.25,1.0,0,0.5918814436615855
507,188.75,-81.25,81.25,1.0,0,0.591823395585338
508,191.25,-81.25,81.25,1.0,0,0.5950405140026376
509,193.75,-81.25,81.25,1.0,0,0.6012449500336008
510,196.25,-81.25,81.25,1.0,0,0.6064866245695917
511,198.75,-81.25,81.25,1.0,0,0.6092753527871816
512,201.25,-81.25,81.25,1.0,0,0.6113888577663338
513,203.75,-81.25,81.25,1.0,0,0.6115217978415899
514,206.25,-81.25,81.25,1.0,0,0.6061181964867861
515,208.75,-81.25,81.25,1.0,0,0.5934720342806997
516,211.25,-81.25,81.25,1.0,0,0.5779160353317139
517,213.75,-81.25,81.25,1.0,0,0.5609952799269665
518,216.25,-81.25,81.25,1.0,0,0.5457210493193442
519,218.75,-81.25,81.25,1.0,0,0.5329368970720035
520,221.25,-81.25,81.25,1.0,0,0.5206200393070538
521,223.75,-81.25,81.25,1.0,0,0.50691366264368
522,226.25,-81.25,81.25,1.0,0,0.49540483210573266
523,228.75,-81.25,81.25,1.0,0,0.48217910211991927
524,231.25,-81.25,81.25,1.0,0,0.46610863348313664
525,233.75,-81.25,81.25,1.0,0,0.4519203120375962
526,236.25,-81.25,81.25,1.0,0,0.43473216641411083
527,238.75,-81.25,81.25,1.0,0,0.4116054628965568
528,241.25,-81.25,81.25,1.0,0,0.3882045734303709
529,243.75,-81.25,81.25,1.0,0,0.3685470271333639
530,246.25,-81.25,81.25,1.0,0,0.36152858048905523
531,248.75,-81.25,81.25,1.0,0,0.3607560607299831
532,251.25,-81.25,81.25,1.0,0,0.36043925536457033
533,253.75,-81.25,81.25,1.0,0,0.3613119838971992
534,256.25,-81.25,81.25,1.0,0,0.3662650258529879
535,258.75,-81.25,81.25,1.0,0,0.377960555668376
536,261.25,-81.25,81.25,1.0,0,0.3972810851277134
537,263.75,-81.25,81.25,1.0,0,0.42089227778438304
538,266.25,-81.25,81.25,1.0,0,0.4521433550974437
539,268.75,-81.25,81.25,1.0,0,0.4895383931127626
540,271.25,-81.25,81.25,1.0,0,0.5378099651157064
541,273.75,-81.25,81.25,1.0,0,0.6129261900192385
542,276.25,-81.25,81.25,1.0,0,0.695412758531226
543,278.75,-81.25,81.25,1.0,0,0.7617542684352367
544,281.25,-81.25,81.25,1.0,0,0.8131010091414704
545,283.75,-81.25,81.25,1.0,0,0.8546256156710158
546,286.25,-81.25,81.25,1.0,0,0.90402114755526
547,288.75,-81.25,81.25,1.0,0,0.9720166919669926
548,291.25,-81.25,81.25,1.0,0,1.0386019336445085
549,293.75,-81.25,81.25,1.0,0,1.088840803995857
550,296.25,-81.25,81.25,1.0,0,1.124170201562961
551,298.75,-81.25,81.25,1.0,0,1.1395212571862379
552,301.25,-81.25,81.25,1.0,0,1.141579075357561
553,303.75,-81.25,81.25,1.0,0,1.1315961914364787
554,306.25,-81.25,81.25,1.0,0,1.1106518497218327
555,308.75,-81.25,81.25,1.0,0,1.085222242004953
556,311.25,-81.25,81.25,1.0,0,1.0549320669877906
557,313.75,-81.25,81.25,1.0,0,1.0251196545871342
558,316.25,-81.25,81.25,1.0,0,1.0046007629684985
559,318.75,-81.25,81.25,1.0,0,0.9869257161563786
560,321.25,-81.25,81.25,1.0,0,0.9694031416932287
561,323.75,-81.25,81.25,1.0,0,0.9511305694661307
562,326.25,-81.25,81.25,1.0,0,0.9285325863686343
563,328.75,-81.25,81.25,1.0,0,0.9055172463125513
564,331.25,-81.25,81.25,1.0,0,0.8899371230672142
565,333.75,-81.25,81.25,1.0,0,0.8812370114520143
566,336.25,-81.25,81.25,1.0,0,0.8796631575181386
567,338.75,-81.25,81.25,1.0,0,0.8817333812328836
568,341.25,-81.25,81.25,1.0,0,0.885758307973211
569,343.75,-81.25,81.25,1.0,0,0.8909677484633297
570,346.25,-81.25,81.25,1.0,0,0.8967029603074366
571,348.75,-81.25,81.25,1.0,0,0.9030608165101535
572,351.25,-81.25,81.25,1.0,0,0.9106847262448537
573,353.75,-81.25,81.25,1.0,0,0.9192304312679488
574,356.25,-81.25,81.25,1.0,0,0.9296075782955778
575,358.75,-81.25,81.25,1.0,0,0.9410707216650686
576,1.25,-78.75,78.75,1.0,0,0.9199330068569713
577,3.75,-78.75,78.75,1.0,0,0.9278078665152889
578,6.25,-78.75,78.75,1.0,0,0.9325738728712463
579,8.75,-78.75,78.75,1.0,0,0.9443592836596457
580,11.25,-78.75,78.75,1.0,0,0.9646910511131292
581,13.75,-78.75,78.75,1.0,0,0.9813917550433301
582,16.25,-78.75,78.75,1.0,0,0.9918800786577281
583,18.75,-78.75,78.75,1.0,0,1.0024445225613474
584,21.25,-78.75,78.75,1.0,0,1.009724332733806
585,23.75,-78.75,78.75,1.0,0,1.0121247839566765
586,26.25,-78.75,78.75,1.0,0,0.9997675675256695
587,28.75,-78.75,78.75,1.0,0,0.9816930801243458
588,31.25,-78.75,78.75,1.0,0,0.9688206668837774
589,33.75,-78.75,78.75,1.0,0,0.9618949014039562
590,36.25,-78.75,78.75,1.0,0,0.9618603162605458
591,38.75,-78.75,78.75,1.0,0,0.9683376856173834
592,41.25,-78.75,78.75,1.0,0,0.982725895381299
593,43.75,-78.75,78.75,1.0,0,1.0037968306800829
594,46.25,-78.75,78.75,1.0,0,1.0253506385493378
595,48.75,-78.75,78.75,1.0,0,1.0289453305933733
596,51.25,-78.75,78.75,1.0,0,1.003520393260244
597,53.75,-78.75,78.75,1.0,0,0.9706659084606737
598,56.25,-78.75,78.75,1.0,0,0.9346518944063309
599,58.75,-78.75,78.75,1.0,0,0.899808867738788
600,61.25,-78.75,78.75,1.0,0,0.8725222443087646
601,63.75,-78.75,78.75,1.0,0,0.8492646559603083
602,66.25,-78.75,78.75,1.0,0,0.8341523716615078
603,68.75,-78.75,78.75,1.0,0,0.82827613635605
604,71.25,-78.75,78.75,1.0,0,0.8289664375221384
605,73.75,-78.75,78.75,1.0,0,0.8362100895925348
606,76.25,-78.75,78.75,1.0,0,0.8473821024422838
607,78.75,-78.75,78.75,1.0,0,0.8661909660549799
608,81.25,-78.75,78.75,1.0,0,0.8864698280181229
609,83.75,-78.75,78.75,1.0,0,0.8988241423429701
610,86.25,-78.75,78.75,1.0,0,0.9098996775391706
611,88.75,-78.75,78.75,1.0,0,0.9225995994187035
612,91.25,-78.75,78.75,1.0,0,0.9367007477167119
613,93.75,-78.75,78.75,1.0,0,0.9518721680255503
614,96.25,-78.75,78.75,1.0,0,0.9654321928373233
615,98.75,-78.75,78.75,1.0,0,0.976106182075835
616,101.25,-78.75,78.75,1.0,0,0.9848131613179043
617,103.75,-78.75,78.75,1.0,0,0.9905858544884498
618,106.25,-78.75,78.75,1.0,0,0.9935468038262301
619,108.75,-78.75,78.75,1.0,0,0.995031189127937
620,111.25,-78.75,78.75,1.0,0,0.9959147484677422
621,113.75,-78.75,78.75,1.0,0,0.9972067565549654
622,116.25,-78.75,78.75,1.0,0,1.0005279263376912
623,118.75,-78.75,78.75,1.0,0,1.0037863873211506
624,121.25,-78.75,78.75,1.0,0,1.0051262125347877
625,123.75,-78.75,78.75,1.0,0,1.0056137554215059
626,126.25,-78.75,78.75,1.0,0,1.0051667215353752
627,128.75,-78.75,78.75,1.0,0,1.0042539839117466
628,131.25,-78.75,78.75,1.0,0,1.0033518096584122
629,133.75,-78.75,78.75,1.0,0,1.0035522141646929
630,136.25,-78.75,78.75,1.0,0,1.0058756024707622
631,138.75,-78.75,78.75,1.0,0,1.0093808579923016
632,141.25,-78.75,78.75,1.0,0,1.0111034583905258
633,143.75,-78.75,78.75,1.0,0,1.00758038626532
634,146.25,-78.75,78.75,1.0,0,0.9842232415567946
635,148.75,-78.75,78.75,1.0,0,0.9308493501156299
636,151.25,-78.75,78.75,1.0,0,0.8663877199798147
637,153.75,-78.75,78.75,1.0,0,0.7963221400795037
638,156.25,-78.75,78.75,1.0,0,0.7431064538409643
639,158.75,-78.75,78.75,1.0,0,0.7066469433471412
640,161.25,-78.75,78.75,1.0,0,0.679120589410278
641,163.75,-78.75,78.75,1.0,0,0.6580816070064094
642,166.25,-78.75,78.75,1.0,0,0.6386869387813611
643,168.75,-78.75,78.75,1.0,0,0.6280713865153504
644,171.25,-78.75,78.75,1.0,0,0.6237728202751798
645,173.75,-78.75,78.75,1.0,0,0.6234135314168148
646,176.25,-78.75,78.75,1.0,0,0.6296783064004873
647,178.75,-78.75,78.75,1.0,0,0.6380338852281754
648,181.25,-78.75,78.75,1.0,0,0.6312031624838509
649,183.75,-78.75,78.75,1.0,0,0.6167505324784917
650,186.25,-78.75,78.75,1.0,0,0.6097758121906205
651,188.75,-78.75,78.75,1.0,0,0.6122427502504632
652,191.25,-78.75,78.75,1.0,0,0.6193091288800353
653,193.75,-78.75,78.75,1.0,0,0.6274615304015168
654,196.25,-78.75,78.75,1.0,0,0.624064956878799
655,198.75,-78.75,78.75,1.0,0,0.6096385332736024
656,201.25,-78.75,78.75,1.0,0,0.6015729538030115
657,203.75,-78.75,78.75,1.0,0,0.5829728310433236
658,206.25,-78.75,78.75,1.0,0,0.5458494636745598
659,208.75,-78.75,78.75,1.0,0,0.5074490440894885
660,211.25,-78.75,78.75,1.0,0,0.48210602576432376
661,213.75,-78.75,78.75,1.0,0,0.4645123894235827
662,216.25,-78.75,78.75,1.0,0,0.4511107193595679
663,218.75,-78.75,78.75,1.0,0,0.4435687739990093
664,221.25,-78.75,78.75,1.0,0,0.4380282054664416
665,223.75,-78.75,78.75,1.0,0,0.4292240764866206
666,226.25,-78.75,78.75,1.0,0,0.4221852441602139
667,228.75,-78.75,78.75,1.0,0,0.4150859878375583
668,231.25,-78.75,78.75,1.0,0,0.4059299742479996
669,233.75,-78.75,78.75,1.0,0,0.39912740767921273
670,236.25,-78.75,78.75,1.0,0,0.3934243959243615
671,238.75,-78.75,78.75,1.0,0,0.3876810402136123
672,241.25,-78.75,78.75,1.0,0,0.38349953342923987
673,243.75,-78.75,78.75,1.0,0,0.38262983703833175
674,246.25,-78.75,78.75,1.0,0,0.38762243326864976
675,248.75,-78.75,78.75,1.0,0,0.38770375609413493
676,251.25,-78.75,78.75,1.0,0,0.3817933099307943
677,253.75,-78.75,78.75,1.0,0,0.3738561291633702
678,256.25,-78.75,78.75,1.0,0,0.36974262093195126
679,258.75,-78.75,78.75,1.0,0,0.36892144141035627
680,261.25,-78.75,78.75,1.0,0,0.37584375488658545
681,263.75,-78.75,78.75,1.0,0,0.39278301408538274
682,266.25,-78.75,78.75,1.0,0,0.4178295293628929
683,268.75,-78.75,78.75,1.0,0,0.4448340535511898
684,271.25,-78.75,78.75,1.0,0,0.4863605492821435
685,273.75,-78.75,78.75,1.0,0,0.5743904070121169
686,276.25,-78.75,78.75,1.0,0,0.6836145403430604
687,278.75,-78.75,78.75,1.0,0,0.7802549497813507
688,281.25,-78.75,78.75,1.0,0,0.8581292329825101
689,283.75,-78.75,78.75,1.0,0,0.9136094563907732
690,286.25,-78.75,78.75,1.0,0,0.9668919959279866
691,288.75,-78.75,78.75,1.0,0,1.0290209009578457
692,291.25,-78.75,78.75,1.0,0,1.0890338719571921
693,293.75,-78.75,78.75,1.0,0,1.1336986252007046
694,296.25,-78.75,78.75,1.0,0,1.1746744287353694
695,298.75,-78.75,78.75,1.0,0,1.2022876617781373
696,301.25,-78.75,78.75,1.0,0,1.2063122901308567
697,303.75,-78.75,78.75,1.0,0,1.188387194200013
698,306.25,-78.75,78.75,1.0,0,1.1620882999110902
699,308.75,-78.75,78.75,1.0,0,1.1231130627471184
700,311.25,-78.75,78.75,1.0,0,1.0910626734334703
701,313.75,-78.75,78.75,1.0,0,1.0845474329381544
702,316.25,-78.75,78.75,1.0,0,1.1027776529556823
703,318.75,-78.75,78.75,1.0,0,1.1172875594622294
704,321.25,-78.75,78.75,1.0,0,1.1040045710922837
705,323.75,-78.75,78.75,1.0,0,1.0572609184209623
706,326.25,-78.75,78.75,1.0,0,0.9748754149799328
707,328.75,-78.75,78.75,1.0,0,0.905673216711226
708,331.25,-78.75,78.75,1.0,0,0.8411796226933445
709,333.75,-78.75,78.75,1.0,0,0.7852271149124096
710,336.25,-78.75,78.75,1.0,0,0.7482176146894739
711,338.75,-78.75,78.75,1.0,0,0.7270340051039039
712,341.25,-78.75,78.75,1.0,0,0.7222608229342599
713,343.75,-78.75,78.75,1.0,0,0.7316188536364149
714,346.25,-78.75,78.75,1.0,0,0.7472657845689258
715,348.75,-78.75,78.75,1.0,0,0.7739011242178726
716,351.25,-78.75,78.75,1.0,0,0.8154444981312969
717,353.75,-78.75,78.75,1.0,0,0.8447000346534973
718,356.25,-78.75,78.75,1.0,0,0.872484977555061
719,358.75,-78.75,78.75,1.0,0,0.9015816507696374
720,1.25,-76.25,76.25,1.0,0,0.8315273190306566
721,3.75,-76.25,76.25,1.0,0,0.8975510411190989
722,6.25,-76.25,76.25,1.0,0,0.9254289295480742
723,8.75,-76.25,76.25,1.0,0,0.9416373383277215
724,11.25,-76.25,76.25,1.0,0,0.9545861614109152
725,13.75,-76.25,76.25,1.0,0,0.9525477415772398
726,16.25,-76.25,76.25,1.0,0,0.9307984672905107
727,18.75,-76.25,76.25,1.0,0,0.9124206408706754
728,21.25,-76.25,76.25,1.0,0,0.9036212031552417
729,23.75,-76.25,76.25,1.0,0,0.9028037872472278
730,26.25,-76.25,76.25,1.0,0,0.8993765898235855
731,28.75,-76.25,76.25,1.0,0,0.8924626311529184
732,31.25,-76.25,76.25,1.0,0,0.8882177371249808
733,33.75,-76.25,76.25,1.0,0,0.89008829490987
734,36.25,-76.25,76.25,1.0,0,0.8973493262383981
735,38.75,-76.25,76.25,1.0,0,0.8990030460272611
736,41.25,-76.25,76.25,1.0,0,0.892373867799304
737,43.75,-76.25,76.25,1.0,0,0.8855097283118337
738,46.25,-76.25,76.25,1.0,0,0.8931088213498387
739,48.75,-76.25,76.25,1.0,0,0.9101850248835502
740,51.25,-76.25,76.25,1.0,0,0.9251387233974536
741,53.75,-76.25,76.25,1.0,0,0.9237245643589107
742,56.25,-76.25,76.25,1.0,0,0.899066694508664
743,58.75,-76.25,76.25,1.0,0,0.8452850864154962
744,61.25,-76.25,76.25,1.0,0,0.8037453624198883
745,63.75,-76.25,76.25,1.0,0,0.7855993601416493
746,66.25,-76.25,76.25,1.0,0,0.7798442753340702
747,68.75,-76.25,76.25,1.0,0,0.7681097868287299
748,71.25,-76.25,76.25,1.0,0,0.7437995501926201
749,73.75,-76.25,76.25,1.0,0,0.7152452628795988
750,76.25,-76.25,76.25,1.0,0,0.6902445590702183
751,78.75,-76.25,76.25,1.0,0,0.6719244207527438
752,81.25,-76.25,76.25,1.0,0,0.6647296039038618
753,83.75,-76.25,76.25,1.0,0,0.6641380846927537
754,86.25,-76.25,76.25,1.0,0,0.6697387473967965
755,88.75,-76.25,76.25,1.0,0,0.6834320432876625
756,91.25,-76.25,76.25,1.0,0,0.7042079781694947
757,93.75,-76.25,76.25,1.0,0,0.7374284316294811
758,96.25,-76.25,76.25,1.0,0,0.7754125587636783
759,98.75,-76.25,76.25,1.0,0,0.8101606721716309
760,101.25,-76.25,76.25,1.0,0,0.8477846402560403
761,103.75,-76.25,76.25,1.0,0,0.8841045547258182
762,106.25,-76.25,76.25,1.0,0,0.9157775935334883
763,108.75,-76.25,76.25,1.0,0,0.949214539438543
764,111.25,-76.25,76.25,1.0,0,0.9784602491094023
765,113.75,-76.25,76.25,1.0,0,0.9951807412513313
766,116.25,-76.25,76.25,1.0,0,0.9940621165895682
767,118.75,-76.25,76.25,1.0,0,0.974798590422931
768,121.25,-76.25,76.25,1.0,0,0.948460376163642
769,123.75,-76.25,76.25,1.0,0,0.9187132454120579
770,126.25,-76.25,76.25,1.0,0,0.8962771261190622
771,128.75,-76.25,76.25,1.0,0,0.8900018463613606
772,131.25,-76.25,76.25,1.0,0,0.8987344750975962
773,133.75,-76.25,76.25,1.0,0,0.9190203914277224
774,136.25,-76.25,76.25,1.0,0,0.946658426802155
775,138.75,-76.25,76.25,1.0,0,0.9822915430344563
776,141.25,-76.25,76.25,1.0,0,1.0252281463456479
777,143.75,-76.25,76.25,1.0,0,1.0598644023599895
778,146.25,-76.25,76.25,1.0,0,1.0509769325960874
779,148.75,-76.25,76.25,1.0,0,0.9733185102506384
780,151.25,-76.25,76.25,1.0,0,0.8750743599033997
781,153.75,-76.25,76.25,1.0,0,0.7846452115277637
782,156.25,-76.25,76.25,1.0,0,0.7248676319947165
783,158.75,-76.25,76.25,1.0,0,0.6956394490122779
784,161.25,-76.25,76.25,1.0,0,0.6794894885141577
785,163.75,-76.25,76.25,0.0,4,0.7059552339304652
786,166.25,-76.25,76.25,0.0,4,0.6941486599440254
787,168.75,-76.25,76.25,0.0,4,0.6977527113963784
788,171.25,-76.25,76.25,0.0,4,0.6724177124331036
789,173.75,-76.25,76.25,0.0,4,0.634566498585703
790,176.25,-76.25,76.25,0.0,4,0.6043363989538941
791,178.75,-76.25,76.25,0.0,4,0.5901163126104236
792,181.25,-76.25,76.25,0.0,4,0.5633586770196463
793,183.75,-76.25,76.25,0.0,4,0.5306174664568226
794,186.25,-76.25,76.25,0.0,4,0.5153624591869274
795,188.75,-76.25,76.25,0.0,4,0.5110502718669412
796,191.25,-76.25,76.25,0.0,4,0.5138561950605176
797,193.75,-76.25,76.25,0.0,4,0.5175609060347538
798,196.25,-76.25,76.25,0.0,4,0.5223078183947962
799,198.75,-76.25,76.25,0.0,4,0.5224549011361075
800,201.25,-76.25,76.25,0.0,4,0.536550542009092
801,203.75,-76.25,76.25,0.0,4,0.5771719961989648
802,206.25,-76.25,76.25,0.0,4,0.6133234547930031
803,208.75,-76.25,76.25,0.0,4,0.6395949388809151
804,211.25,-76.25,76.25,0.0,4,0.6436947257478645
805,213.75,-76.25,76.25,0.0,4,0.6067152499525068
806,216.25,-76.25,76.25,1.0,0,0.5407430364586576
807,218.75,-76.25,76.25,1.0,0,0.5052136083672664
808,221.25,-76.25,76.25,1.0,0,0.4776710275168344
809,223.75,-76.25,76.25,1.0,0,0.4508771127433887
810,226.25,-76.25,76.25,1.0,0,0.4245409629000281
811,228.75,-76.25,76.25,1.0,0,0.3992431641469603
812,231.25,-76.25,76.25,1.0,0,0.38812585611929223
813,233.75,-76.25,76.25,1.0,0,0.38551479894644575
814,236.25,-76.25,76.25,1.0,0,0.3844306490856062
815,238.75,-76.25,76.25,1.0,0,0.38600134213128673
816,241.25,-76.25,76.25,1.0,0,0.3915706872012576
817,243.75,-76.25,76.25,1.0,0,0.40448915694844
818,246.25,-76.25,76.25,1.0,0,0.4208103851146602
819,248.75,-76.25,76.25,1.0,0,0.4331843246287736
820,251.25,-76.25,76.25,1.0,0,0.4420860949392727
821,253.75,-76.25,76.25,1.0,0,0.4462350336654096
822,256.25,-76.25,76.25,1.0,0,0.4499105868239989
823,258.75,-76.25,76.25,1.0,0,0.45822643978950056
824,261.25,-76.25,76.25,1.0,0,0.4670895704223162
825,263.75,-76.25,76.25,1.0,0,0.4757269829467593
826,266.25,-76.25,76.25,1.0,0,0.4896306682739716
827,268.75,-76.25,76.25,1.0,0,0.5137230023264556
828,271.25,-76.25,76.25,1.0,0,0.546770986971984
829,273.75,-76.25,76.25,1.0,0,0.600445583139004
830,276.25,-76.25,76.25,1.0,0,0.6714271976240305
831,278.75,-76.25,76.25,1.0,0,0.7401169996626652
832,281.25,-76.25,76.25,1.0,0,0.801109078294267
833,283.75,-76.25,76.25,1.0,0,0.8262355979783176
834,286.25,-76.25,76.25,1.0,0,0.8235618434262321
835,288.75,-76.25,76.25,1.0,0,0.8267380972131044
836,291.25,-76.25,76.25,1.0,0,0.8630143237620373
837,293.75,-76.25,76.25,1.0,0,0.935448193013542
838,296.25,-76.25,76.25,1.0,0,1.039013875676752
839,298.75,-76.25,76.25,1.0,0,1.1384167720485434
840,301.25,-76.25,76.25,1.0,0,1.1744306722912499
841,303.75,-76.25,76.25,0.0,4,1.1393630169696292
842,306.25,-76.25,76.25,0.0,4,1.049165328351975
843,308.75,-76.25,76.25,0.0,4,0.9799003455555412
844,311.25,-76.25,76.25,0.0,4,0.9401610319944562
845,313.75,-76.25,76.25,0.0,4,0.9186082515807611
846,316.25,-76.25,76.25,0.0,4,0.9204032144480931
847,318.75,-76.25,76.25,0.0,4,0.9247317579939944
848,321.25,-76.25,76.25,0.0,4,0.9371581057679221
849,323.75,-76.25,76.25,0.0,4,0.9486277286664488
850,326.25,-76.25,76.25,0.0,4,0.944305601864096
851,328.75,-76.25,76.25,0.0,4,0.9103375235916952
852,331.25,-76.25,76.25,0.0,4,0.8360589759190021
853,333.75,-76.25,76.25,1.0,0,0.7752434675358905
854,336.25,-76.25,76.25,1.0,0,0.72631694006617
855,338.75,-76.25,76.25,1.0,0,0.6956696184669137
856,341.25,-76.25,76.25,1.0,0,0.647166398589171
857,343.75,-76.25,76.25,1.0,0,0.6197503148858308
858,346.25,-76.25,76.25,1.0,0,0.6169476750479831
859,348.75,-76.25,76.25,1.0,0,0.6349196765195393
860,351.25,-76.25,76.25,1.0,0,0.6732044204903167
861,353.75,-76.25,76.25,1.0,0,0.7055287923470362
862,356.25,-76.25,76.25,1.0,0,0.7370660554697662
863,358.75,-76.25,76.25,1.0,0,0.7769760519612825
864,1.25,-73.75,73.75,1.0,0,0.6441814434018638
865,3.75,-73.75,73.75,1.0,0,0.6608407503282938
866,6.25,-73.75,73.75,1.0,0,0.6715799429407874
867,8.75,-73.75,73.75,1.0,0,0.6783597794418293
868,11.25,-73.75,73.75,1.0,0,0.6823551977261051
869,13.75,-73.75,73.75,1.0,0,0.6853178166303316
870,16.25,-73.75,73.75,1.0,0,0.6863951140946
871,18.75,-73.75,73.75,1.0,0,0.6856675309884412
872,21.25,-73.75,73.75,1.0,0,0.6807157438438843
873,23.75,-73.75,73.75,1.0,0,0.677291239961394
874,26.25,-73.75,73.75,1.0,0,0.690162588883232
875,28.75,-73.75,73.75,1.0,0,0.7313331248951592
876,31.25,-73.75,73.75,1.0,0,0.7745395523336357
877,33.75,-73.75,73.75,1.0,0,0.8014194744827389
878,36.25,-73.75,73.75,1.0,0,0.8039762438103712
879,38.75,-73.75,73.75,1.0,0,0.7969256578181894
880,41.25,-73.75,73.75,1.0,0,0.8026669669782079
881,43.75,-73.75,73.75,1.0,0,0.8260121647708951
882,46.25,-73.75,73.75,1.0,0,0.8387250908596744
883,48.75,-73.75,73.75,1.0,0,0.8250303446246618
884,51.25,-73.75,73.75,1.0,0,0.804670110603785
885,53.75,-73.75,73.75,1.0,0,0.7885489537062276
886,56.25,-73.75,73.75,1.0,0,0.7849845142238749
887,58.75,-73.75,73.75,1.0,0,0.7972718262557108
888,61.25,-73.75,73.75,1.0,0,0.8117731075448016
889,63.75,-73.75,73.75,1.0,0,0.8345512056970843
890,66.25,-73.75,73.75,1.0,0,0.8525760114529023
891,68.75,-73.75,73.75,1.0,0,0.8210208743043901
892,71.25,-73.75,73.75,1.0,0,0.719709548645686
893,73.75,-73.75,73.75,1.0,0,0.6347203189074655
894,76.25,-73.75,73.75,1.0,0,0.590831902060289
895,78.75,-73.75,73.75,1.0,0,0.5583257072153074
896,81.25,-73.75,73.75,1.0,0,0.5507104873857243
897,83.75,-73.75,73.75,1.0,0,0.5600794173439786
898,86.25,-73.75,73.75,1.0,0,0.5772427734459278
899,88.75,-73.75,73.75,1.0,0,0.5942927740976827
900,91.25,-73.75,73.75,1.0,0,0.6114553910705709
901,93.75,-73.75,73.75,1.0,0,0.636022656105509
902,96.25,-73.75,73.75,1.0,0,0.6637494846648353
903,98.75,-73.75,73.75,1.0,0,0.6887299824897993
904,101.25,-73.75,73.75,1.0,0,0.7222053284068882
905,103.75,-73.75,73.75,1.0,0,0.7732925242636889
906,106.25,-73.75,73.75,1.0,0,0.8395387587350014
907,108.75,-73.75,73.75,1.0,0,0.9142301733301993
908,111.25,-73.75,73.75,1.0,0,0.9500198591482514
909,113.75,-73.75,73.75,1.0,0,0.9305313333416539
910,116.25,-73.75,73.75,1.0,0,0.8712313583086029
911,118.75,-73.75,73.75,1.0,0,0.8137741584667049
912,121.25,-73.75,73.75,1.0,0,0.7761408298786693
913,123.75,-73.75,73.75,1.0,0,0.7455109110313938
914,126.25,-73.75,73.75,1.0,0,0.7225915804514137
915,128.75,-73.75,73.75,1.0,0,0.7108282763886163
916,131.25,-73.75,73.75,1.0,0,0.715730620900196
917,133.75,-73.75,73.75,1.0,0,0.7495709515396453
918,136.25,-73.75,73.75,1.0,0,0.8085522409438718
919,138.75,-73.75,73.75,1.0,0,0.8851164022496998
920,141.25,-73.75,73.75,1.0,0,0.9750314802571214
921,143.75,-73.75,73.75,1.0,0,1.0483753276340289
922,146.25,-73.75,73.75,1.0,0,1.0480012113663382
923,148.75,-73.75,73.75,1.0,0,0.9757245450403262
924,151.25,-73.75,73.75,1.0,0,0.9156895864859754
925,153.75,-73.75,73.75,1.0,0,0.8500302913840083
926,156.25,-73.75,73.75,1.0,0,0.7747718187309547
927,158.75,-73.75,73.75,1.0,0,0.713981195269241
928,161.25,-73.75,73.75,1.0,0,0.6668210670236916
929,163.75,-73.75,73.75,1.0,0,0.6504260231321789
930,166.25,-73.75,73.75,0.0,4,0.7028743591403936
931,168.75,-73.75,73.75,0.0,4,0.7490359032918262
932,171.25,-73.75,73.75,0.0,4,0.6903904052389814
933,173.75,-73.75,73.75,0.0,4,0.6025198402228071
934,176.25,-73.75,73.75,0.0,4,0.5394281268356076
935,178.75,-73.75,73.75,0.0,4,0.4989966706366652
936,181.25,-73.75,73.75,0.0,4,0.4521543058007349
937,183.75,-73.75,73.75,0.0,4,0.4146106536757258
938,186.25,-73.75,73.75,0.0,4,0.42009994014220486
939,188.75,-73.75,73.75,0.0,4,0.43215684297746315
940,191.25,-73.75,73.75,0.0,4,0.44037354621151514
941,193.75,-73.75,73.75,0.0,4,0.44250324240860633
942,196.25,-73.75,73.75,0.0,4,0.4459309786900518
943,198.75,-73.75,73.75,0.0,4,0.4536930681005149
944,201.25,-73.75,73.75,0.0,4,0.46033976792967946
945,203.75,-73.75,73.75,0.0,4,0.4752888259789638
946,206.25,-73.75,73.75,0.0,4,0.4986032492520432
947,208.75,-73.75,73.75,0.0,4,0.5193794244835088
948,211.25,-73.75,73.75,0.0,4,0.5360331835860064
949,213.75,-73.75,73.75,0.0,4,0.5575690214354028
950,216.25,-73.75,73.75,0.0,4,0.5824744902708829
951,218.75,-73.75,73.75,0.0,4,0.5852569305648546
952,221.25,-73.75,73.75,0.0,4,0.5764998466074374
953,223.75,-73.75,73.75,0.0,4,0.5577677217754955
954,226.25,-73.75,73.75,0.0,4,0.5269516840629296
955,228.75,-73.75,73.75,0.0,4,0.4847781154384177
956,231.25,-73.75,73.75,0.0,4,0.4554371225773705
957,233.75,-73.75,73.75,0.0,4,0.4628789732083062
958,236.25,-73.75,73.75,0.0,4,0.47534093713555103
959,238.75,-73.75,73.75,0.0,4,0.4494091067662035
960,241.25,-73.75,73.75,0.0,4,0.42864874889841603
961,243.75,-73.75,73.75,0.0,4,0.41112988194474925
962,246.25,-73.75,73.75,0.0,4,0.41374358796418736
963,248.75,-73.75,73.75,0.0,4,0.41075066557053025
964,251.25,-73.75,73.75,0.0,4,0.43251076773998326
965,253.75,-73.75,73.75,0.0,4,0.42601151991114233
966,256.25,-73.75,73.75,0.0,4,0.4323974427731018
967,258.75,-73.75,73.75,1.0,0,0.45978720207205126
968,261.25,-73.75,73.75,1.0,0,0.45033758567263704
969,263.75,-73.75,73.75,1.0,0,0.4787331814185043
970,266.25,-73.75,73.75,1.0,0,0.48641971606398077
971,268.75,-73.75,73.75,1.0,0,0.5015448561550534
972,271.25,-73.75,73.75,1.0,0,0.5331596914375868
973,273.75,-73.75,73.75,1.0,0,0.5790732974291004
974,276.25,-73.75,73.75,1.0,0,0.6332090976077507
975,278.75,-73.75,73.75,1.0,0,0.6742444400785185
976,281.25,-73.75,73.75,1.0,0,0.7133646938393804
977,283.75,-73.75,73.75,1.0,0,0.738793069657803
978,286.25,-73.75,73.75,1.0,0,0.7129379137475724
979,288.75,-73.75,73.75,1.0,0,0.6498730901995523
980,291.25,-73.75,73.75,1.0,0,0.6188125922420227
981,293.75,-73.75,73.75,1.0,0,0.647418932871772
982,296.25,-73.75,73.75,1.0,0,0.7678869830255313
983,298.75,-73.75,73.75,0.0,4,0.9793133895176455
984,301.25,-73.75,73.75,0.0,4,1.103900989523047
985,303.75,-73.75,73.75,0.0,4,1.082134090486706
986,306.25,-73.75,73.75,0.0,4,1.04331987380971
987,308.75,-73.75,73.75,0.0,4,1.0636759892373602
988,311.25,-73.75,73.75,0.0,4,1.1496640676098364
989,313.75,-73.75,73.75,0.0,4,1.1442121916538988
990,316.25,-73.75,73.75,0.0,4,1.068722557922443
991,318.75,-73.75,73.75,0.0,4,0.9935102925841554
992,321.25,-73.75,73.75,0.0,4,0.9514929526697631
993,323.75,-73.75,73.75,0.0,4,0.9291624096031625
994,326.25,-73.75,73.75,0.0,4,0.9132430364424899
995,328.75,-73.75,73.75,0.0,4,0.8915094602853226
996,331.25,-73.75,73.75,0.0,4,0.8564474539521924
997,333.75,-73.75,73.75,0.0,4,0.8126323777091298
998,336.25,-73.75,73.75,0.0,4,0.7777138614306627
999,338.75,-73.75,73.75,0.0,4,0.7759559753639909
1000,341.25,-73.75,73.75,1.0,0,0.8169853581978029
1001,343.75,-73.75,73.75,1.0,0,0.724439929169456
1002,346.25,-73.75,73.75,1.0,0,0.6393624691290084
1003,348.75,-73.75,73.75,1.0,0,0.5821285623493985
1004,351.25,-73.75,73.75,1.0,0,0.560577933472611
1005,353.75,-73.75,73.75,1.0,0,0.5694873020395835
1006,356.25,-73.75,73.75,1.0,0,0.592632284946424
1007,358.75,-73.75,73.75,1.0,0,0.6217758362864663
1008,1.25,-71.25,71.25,1.0,0,0.6037973276611344
1009,3.75,-71.25,71.25,1.0,0,0.5980412224867384
1010,6.25,-71.25,71.25,1.0,0,0.5855319953797978
1011,8.75,-71.25,71.25,1.0,0,0.5957047632014503
1012,11.25,-71.25,71.25,1.0,0,0.5786985317596494
1013,13.75,-71.25,71.25,1.0,0,0.5876951681953395
1014,16.25,-71.25,71.25,1.0,0,0.6257083400580218
1015,18.75,-71.25,71.25,1.0,0,0.6405292831883954
1016,21.25,-71.25,71.25,1.0,0,0.656325843339283
1017,23.75,-71.25,71.25,1.0,0,0.6644310852227299
1018,26.25,-71.25,71.25,1.0,0,0.655735404467946
1019,28.75,-71.25,71.25,1.0,0,0.6454543498997485
1020,31.25,-71.25,71.25,1.0,0,0.627326911012769
1021,33.75,-71.25,71.25,1.0,0,0.6188931304971829
1022,36.25,-71.25,71.25,1.0,0,0.6315484690732586
1023,38.75,-71.25,71.25,1.0,0,0.685063021364229
1024,41.25,-71.25,71.25,1.0,0,0.6822797495134423
1025,43.75,-71.25,71.25,1.0,0,0.7070012802941086
1026,46.25,-71.25,71.25,1.0,0,0.723696505219201
1027,48.75,-71.25,71.25,1.0,0,0.7279305783089414
1028,51.25,-71.25,71.25,1.0,0,0.7188853520081195
1029,53.75,-71.25,71.25,1.0,0,0.6924921070326331
1030,56.25,-71.25,71.25,1.0,0,0.6401520725858568
1031,58.75,-71.25,71.25,1.0,0,0.5954270796455965
1032,61.25,-71.25,71.25,1.0,0,0.6034583018963903
1033,63.75,-71.25,71.25,1.0,0,0.6948882205632346
1034,66.25,-71.25,71.25,1.0,0,0.8235432371819024
1035,68.75,-71.25,71.25,1.0,0,0.9292931904579718
1036,71.25,-71.25,71.25,1.0,0,0.8979824314319836
1037,73.75,-71.25,71.25,1.0,0,0.6883885399604904
1038,76.25,-71.25,71.25,1.0,0,0.5769284583511847
1039,78.75,-71.25,71.25,1.0,0,0.5110763812289069
1040,81.25,-71.25,71.25,1.0,0,0.49031328355703313
1041,83.75,-71.25,71.25,1.0,0,0.4979949521927619
1042,86.25,-71.25,71.25,1.0,0,0.5250731128762933
1043,88.75,-71.25,71.25,1.0,0,0.5487767116827867
1044,91.25,-71.25,71.25,1.0,0,0.5622095319906696
1045,93.75,-71.25,71.25,1.0,0,0.5779744230345916
1046,96.25,-71.25,71.25,1.0,0,0.6026665369650779
1047,98.75,-71.25,71.25,1.0,0,0.6385807567179038
1048,101.25,-71.25,71.25,1.0,0,0.6932100945420976
1049,103.75,-71.25,71.25,1.0,0,0.745431808855744
1050,106.25,-71.25,71.25,1.0,0,0.7689151522800378
1051,108.75,-71.25,71.25,1.0,0,0.7407537381002186
1052,111.25,-71.25,71.25,1.0,0,0.6733308854368402
1053,113.75,-71.25,71.25,1.0,0,0.6267167037062509
1054,116.25,-71.25,71.25,1.0,0,0.6070443775488603
1055,118.75,-71.25,71.25,1.0,0,0.6054223460113521
1056,121.25,-71.25,71.25,1.0,0,0.6006619756572696
1057,123.75,-71.25,71.25,1.0,0,0.5891088011923565
1058,126.25,-71.25,71.25,1.0,0,0.5804893652013238
1059,128.75,-71.25,71.25,1.0,0,0.5800268118012958
1060,131.25,-71.25,71.25,1.0,0,0.5970062777809028
1061,133.75,-71.25,71.25,1.0,0,0.648260254832833
1062,136.25,-71.25,71.25,1.0,0,0.7207145060285048
1063,138.75,-71.25,71.25,1.0,0,0.784606662981193
1064,141.25,-71.25,71.25,1.0,0,0.8311912546845394
1065,143.75,-71.25,71.25,1.0,0,0.8537700631747618
1066,146.25,-71.25,71.25,1.0,0,0.813616964448745
1067,148.75,-71.25,71.25,1.0,0,0.739048583352865
1068,151.25,-71.25,71.25,1.0,0,0.6907450345209123
1069,153.75,-71.25,71.25,1.0,0,0.6517715120707465
1070,156.25,-71.25,71.25,1.0,0,0.6296554918134405
1071,158.75,-71.25,71.25,1.0,0,0.6400777810988815
1072,161.25,-71.25,71.25,1.0,0,0.685659216377035
1073,163.75,-71.25,71.25,1.0,0,0.6881496488317688
1074,166.25,-71.25,71.25,1.0,0,0.6838769370825459
1075,168.75,-71.25,71.25,0.0,4,0.7146985841306744
1076,171.25,-71.25,71.25,0.0,4,0.7136350828280478
1077,173.75,-71.25,71.25,0.0,4,0.6171799456521242
1078,176.25,-71.25,71.25,0.0,4,0.5435191107498281
1079,178.75,-71.25,71.25,0.0,4,0.47868001948296485
1080,181.25,-71.25,71.25,0.0,4,0.42741485103184484
1081,183.75,-71.25,71.25,0.0,4,0.3856768117607263
1082,186.25,-71.25,71.25,0.0,4,0.36909112550983103
1083,188.75,-71.25,71.25,0.0,4,0.3545781728313065
1084,191.25,-71.25,71.25,0.0,4,0.3315868806128479
1085,193.75,-71.25,71.25,0.0,4,0.30450493000569345
1086,196.25,-71.25,71.25,0.0,4,0.2832928121208962
1087,198.75,-71.25,71.25,0.0,4,0.25794892901870287
1088,201.25,-71.25,71.25,0.0,4,0.23273102002173215
1089,203.75,-71.25,71.25,0.0,4,0.22057100950903977
1090,206.25,-71.25,71.25,0.0,4,0.22465174546989936
1091,208.75,-71.25,71.25,0.0,4,0.24439446007041135
1092,211.25,-71.25,71.25,0.0,4,0.26678720881450063
1093,213.75,-71.25,71.25,0.0,4,0.2818819954107915
1094,216.25,-71.25,71.25,0.0,4,0.2942517595323363
1095,218.75,-71.25,71.25,0.0,4,0.3062542316780405
1096,221.25,-71.25,71.25,0.0,4,0.32403518699501405
1097,223.75,-71.25,71.25,0.0,4,0.35294548420371646
1098,226.25,-71.25,71.25,0.0,4,0.3785371987920858
1099,228.75,-71.25,71.25,0.0,4,0.399339130836404
1100,231.25,-71.25,71.25,0.0,4,0.40514080968955896
1101,233.75,-71.25,71.25,0.0,4,0.38990107989741124
1102,236.25,-71.25,71.25,0.0,4,0.3646344155323277
1103,238.75,-71.25,71.25,0.0,4,0.3345161044117357
1104,241.25,-71.25,71.25,0.0,4,0.3136192443303452
1105,243.75,-71.25,71.25,0.0,4,0.29643342175054366
1106,246.25,-71.25,71.25,0.0,4,0.2833530307142624
1107,248.75,-71.25,71.25,0.0,4,0.2800657600319036
1108,251.25,-71.25,71.25,0.0,4,0.3026798138136833
1109,253.75,-71.25,71.25,0.0,4,0.36612331138886484
1110,256.25,-71.25,71.25,0.0,4,0.432618951207715
1111,258.75,-71.25,71.25,0.0,4,0.47458106300261327
1112,261.25,-71.25,71.25,0.0,4,0.48722681440353316
1113,263.75,-71.25,71.25,0.0,4,0.5272402550688167
1114,266.25,-71.25,71.25,0.0,4,0.5509408058934118
1115,268.75,-71.25,71.25,0.0,4,0.5547136490810634
1116,271.25,-71.25,71.25,0.0,4,0.5719863884111769
1117,273.75,-71.25,71.25,0.0,4,0.5893308030181302
1118,276.25,-71.25,71.25,0.0,4,0.6060892540090084
1119,278.75,-71.25,71.25,0.0,4,0.6205771575356637
1120,281.25,-71.25,71.25,0.0,4,0.6554735507564783
1121,283.75,-71.25,71.25,0.0,4,0.8330265098461118
1122,286.25,-71.25,71.25,1.0,0,0.9381696216306168
1123,288.75,-71.25,71.25,1.0,0,0.8259295480027591
1124,291.25,-71.25,71.25,1.0,0,0.7508361871807918
1125,293.75,-71.25,71.25,1.0,0,0.717607804719374
1126,296.25,-71.25,71.25,1.0,0,0.7803225788654542
1127,298.75,-71.25,71.25,1.0,0,0.969546472223029
1128,301.25,-71.25,71.25,0.0,4,1.1407449984592304
1129,303.75,-71.25,71.25,0.0,4,1.098148161456913
1130,306.25,-71.25,71.25,0.0,4,1.1151611207957368
1131,308.75,-71.25,71.25,0.0,4,1.2246780504676262
1132,311.25,-71.25,71.25,0.0,4,1.3070278891011187
1133,313.75,-71.25,71.25,0.0,4,1.2712296488019885
1134,316.25,-71.25,71.25,0.0,4,1.1741773477024675
1135,318.75,-71.25,71.25,0.0,4,1.0741764237620077
1136,321.25,-71.25,71.25,0.0,4,0.9935109507581545
1137,323.75,-71.25,71.25,0.0,4,0.9379239627888715
1138,326.25,-71.25,71.25,0.0,4,0.8839834629167661
1139,328.75,-71.25,71.25,0.0,4,0.8366933821900877
1140,331.25,-71.25,71.25,0.0,4,0.7906877369002981
1141,333.75,-71.25,71.25,0.0,4,0.731632181918892
1142,336.25,-71.25,71.25,0.0,4,0.669456830683312
1143,338.75,-71.25,71.25,0.0,4,0.6216389465458851
1144,341.25,-71.25,71.25,0.0,4,0.6066268767696539
1145,343.75,-71.25,71.25,0.0,4,0.6053009212771518
1146,346.25,-71.25,71.25,0.0,4,0.5964397420855718
1147,348.75,-71.25,71.25,0.0,4,0.6155794720992679
1148,351.25,-71.25,71.25,0.0,4,0.5952584002910731
1149,353.75,-71.25,71.25,1.0,0,0.5938201506491978
1150,356.25,-71.25,71.25,1.0,0,0.5648129492260516
1151,358.75,-71.25,71.25,1.0,0,0.5809920048334454
1152,1.25,-68.75,68.75,0.0,4,0.46177119134621936
1153,3.75,-68.75,68.75,0.0,4,0.3897179362159748
1154,6.25,-68.75,68.75,0.0,4,0.3837450335780796
1155,8.75,-68.75,68.75,0.0,4,0.4299591673081671
1156,11.25,-68.75,68.75,0.0,4,0.46178484154002425
1157,13.75,-68.75,68.75,0.0,4,0.535270900242778
1158,16.25,-68.75,68.75,0.0,4,0.5660163961112923
1159,18.75,-68.75,68.75,0.0,4,0.5122516340533116
1160,21.25,-68.75,68.75,0.0,4,0.4820460453998233
1161,23.75,-68.75,68.75,0.0,4,0.4615308140649866
1162,26.25,-68.75,68.75,0.0,4,0.472478015406979
1163,28.75,-68.75,68.75,0.0,4,0.5365296208444763
1164,31.25,-68.75,68.75,0.0,4,0.5900873072618822
1165,33.75,-68.75,68.75,0.0,4,0.6428176670017656
1166,36.25,-68.75,68.75,0.0,4,0.6705491558730633
1167,38.75,-68.75,68.75,0.0,4,0.7437285430318163
1168,41.25,-68.75,68.75,0.0,4,0.6098426329204186
1169,43.75,-68.75,68.75,1.0,0,0.5483263000596795
1170,46.25,-68.75,68.75,1.0,0,0.5566635433309153
1171,48.75,-68.75,68.75,1.0,0,0.5478551525290699
1172,51.25,-68.75,68.75,1.0,0,0.5598352081301419
1173,53.75,-68.75,68.75,1.0,0,0.570827593200921
1174,56.25,-68.75,68.75,1.0,0,0.5810883164594733
1175,58.75,-68.75,68.75,1.0,0,0.6060734040774551
1176,61.25,-68.75,68.75,1.0,0,0.6175738130974059
1177,63.75,-68.75,68.75,1.0,0,0.6389606468805025
1178,66.25,-68.75,68.75,1.0,0,0.7467511062426767
1179,68.75,-68.75,68.75,1.0,0,0.8826348417302928
1180,71.25,-68.75,68.75,0.0,4,0.9856351963498138
1181,73.75,-68.75,68.75,0.0,4,0.8452924030685673
1182,76.25,-68.75,68.75,0.0,4,0.7432137579429121
1183,78.75,-68.75,68.75,0.0,0,0.6312465171944538
1184,81.25,-68.75,68.75,1.0,0,0.4969733163806597
1185,83.75,-68.75,68.75,1.0,0,0.46900587312344577
1186,86.25,-68.75,68.75,1.0,0,0.4548653496968354
1187,88.75,-68.75,68.75,1.0,0,0.44759162771745625
1188,91.25,-68.75,68.75,1.0,0,0.4414523969472789
1189,93.75,-68.75,68.75,1.0,0,0.4384390659468349
1190,96.25,-68.75,68.75,1.0,0,0.4447842743946352
1191,98.75,-68.75,68.75,1.0,0,0.4600521166679662
1192,101.25,-68.75,68.75,1.0,0,0.4741174958925718
1193,103.75,-68.75,68.75,1.0,0,0.4663173824537381
1194,106.25,-68.75,68.75,1.0,0,0.4450587228093381
1195,108.75,-68.75,68.75,1.0,0,0.4214179720183785
1196,111.25,-68.75,68.75,1.0,0,0.40324469280989744
1197,113.75,-68.75,68.75,1.0,0,0.397727131956346
1198,116.25,-68.75,68.75,1.0,0,0.39237543210801185
1199,118.75,-68.75,68.75,1.0,0,0.38837403149339794
1200,121.25,-68.75,68.75,1.0,0,0.3845516084997116
1201,123.75,-68.75,68.75,1.0,0,0.3908899548612353
1202,126.25,-68.75,68.75,1.0,0,0.4006584615276915
1203,128.75,-68.75,68.75,1.0,0,0.4088955835053658
1204,131.25,-68.75,68.75,1.0,0,0.416296280177581
1205,133.75,-68.75,68.75,1.0,0,0.4258157471740414
1206,136.25,-68.75,68.75,1.0,0,0.44070427928116057
1207,138.75,-68.75,68.75,1.0,0,0.4639314875265348
1208,141.25,-68.75,68.75,1.0,0,0.4908075334149293
1209,143.75,-68.75,68.75,1.0,0,0.5162082389941219
1210,146.25,-68.75,68.75,1.0,0,0.5617943002851824
1211,148.75,-68.75,68.75,1.0,0,0.6142040630660591
1212,151.25,-68.75,68.75,1.0,0,0.6426501128933642
1213,153.75,-68.75,68.75,1.0,0,0.6566547370016412
1214,156.25,-68.75,68.75,0.0,4,0.6942403291408521
1215,158.75,-68.75,68.75,0.0,4,0.6865221225715887
1216,161.25,-68.75,68.75,0.0,4,0.7239540383887088
1217,163.75,-68.75,68.75,0.0,4,0.7074506996969
1218,166.25,-68.75,68.75,0.0,4,0.6989373219102184
1219,168.75,-68.75,68.75,0.0,4,0.7191207173659412
1220,171.25,-68.75,68.75,0.0,4,0.7314438066123429
1221,173.75,-68.75,68.75,0.0,4,0.7143093767908996
1222,176.25,-68.75,68.75,0.0,4,0.6541332447094138
1223,178.75,-68.75,68.75,0.0,4,0.5682867815996042
1224,181.25,-68.75,68.75,0.0,4,0.49344446529295827
1225,183.75,-68.75,68.75,0.0,4,0.42778128431069534
1226,186.25,-68.75,68.75,0.0,4,0.37383475448046555
1227,188.75,-68.75,68.75,0.0,4,0.3349782040298431
1228,191.25,-68.75,68.75,0.0,4,0.30599413062782665
1229,193.75,-68.75,68.75,0.0,4,0.28377146257819297
1230,196.25,-68.75,68.75,0.0,4,0.26331061303563524
1231,198.75,-68.75,68.75,0.0,4,0.2277830913344357
1232,201.25,-68.75,68.75,0.0,4,0.18882442175114597
1233,203.75,-68.75,68.75,0.0,4,0.15989885053599298
1234,206.25,-68.75,68.75,0.0,4,0.14550869740748554
1235,208.75,-68.75,68.75,0.0,4,0.15209466197045704
1236,211.25,-68.75,68.75,0.0,4,0.17307180883677048
1237,213.75,-68.75,68.75,0.0,4,0.19618490316329135
1238,216.25,-68.75,68.75,0.0,4,0.2089111994323563
1239,218.75,-68.75,68.75,0.0,4,0.2118536253913969
1240,221.25,-68.75,68.75,0.0,4,0.19728931129813757
1241,223.75,-68.75,68.75,0.0,4,0.17713721142023503
1242,226.25,-68.75,68.75,0.0,4,0.1769073447510226
1243,228.75,-68.75,68.75,0.0,4,0.20548647941855755
1244,231.25,-68.75,68.75,0.0,4,0.24183887166331824
1245,233.75,-68.75,68.75,0.0,4,0.25252178277533205
1246,236.25,-68.75,68.75,0.0,4,0.24484665947384607
1247,238.75,-68.75,68.75,0.0,4,0.2266792492284749
1248,241.25,-68.75,68.75,0.0,4,0.20851401669915495
1249,243.75,-68.75,68.75,0.0,4,0.19852390211664553
1250,246.25,-68.75,68.75,0.0,4,0.18701573145487888
1251,248.75,-68.75,68.75,0.0,4,0.1764012523168877
1252,251.25,-68.75,68.75,0.0,4,0.17400693341955384
1253,253.75,-68.75,68.75,0.0,4,0.1875452175425613
1254,256.25,-68.75,68.75,0.0,4,0.21785673867072725
1255,258.75,-68.75,68.75,0.0,4,0.2579573865839168
1256,261.25,-68.75,68.75,0.0,4,0.30418374858271996
1257,263.75,-68.75,68.75,0.0,4,0.34803010768446774
1258,266.25,-68.75,68.75,0.0,4,0.3842485733489525
1259,268.75,-68.75,68.75,0.0,4,0.3996538350172081
1260,271.25,-68.75,68.75,0.0,4,0.4132655311949434
1261,273.75,-68.75,68.75,0.0,4,0.43081594899738157
1262,276.25,-68.75,68.75,0.0,4,0.458612645198202
1263,278.75,-68.75,68.75,0.0,4,0.5016890547171018
1264,281.25,-68.75,68.75,0.0,4,0.5760627091857822
1265,283.75,-68.75,68.75,0.0,4,0.68009019270126
1266,286.25,-68.75,68.75,0.0,4,0.7742379912649963
1267,288.75,-68.75,68.75,0.0,4,0.804022820498313
1268,291.25,-68.75,68.75,0.0,4,0.8630463034202048
1269,293.75,-68.75,68.75,0.0,4,0.9990443802655206
1270,296.25,-68.75,68.75,1.0,0,1.0980873049478919
1271,298.75,-68.75,68.75,1.0,0,1.188425747889878
1272,301.25,-68.75,68.75,0.0,4,1.222630267985937
1273,303.75,-68.75,68.75,0.0,4,1.1233371022887766
1274,306.25,-68.75,68.75,0.0,4,1.1765998568369573
1275,308.75,-68.75,68.75,0.0,4,1.2966101613634353
1276,311.25,-68.75,68.75,0.0,4,1.315297201697962
1277,313.75,-68.75,68.75,0.0,4,1.229007361668413
1278,316.25,-68.75,68.75,0.0,4,1.1287199929476097
1279,318.75,-68.75,68.75,0.0,4,1.0356534733494194
1280,321.25,-68.75,68.75,0.0,4,0.9626069824743179
1281,323.75,-68.75,68.75,0.0,4,0.8983835209780596
1282,326.25,-68.75,68.75,0.0,4,0.8305177770710537
1283,328.75,-68.75,68.75,0.0,4,0.7590064661821423
1284,331.25,-68.75,68.75,0.0,4,0.6848273433330536
1285,333.75,-68.75,68.75,0.0,4,0.5944544292820751
1286,336.25,-68.75,68.75,0.0,4,0.49969868605590056
1287,338.75,-68.75,68.75,0.0,4,0.4111491781450557
1288,341.25,-68.75,68.75,0.0,4,0.32169992485913784
1289,343.75,-68.75,68.75,0.0,4,0.2516552627046444
1290,346.25,-68.75,68.75,0.0,4,0.20682831073166008
1291,348.75,-68.75,68.75,0.0,4,0.1913652953000752
1292,351.25,-68.75,68.75,0.0,4,0.21326881752361926
1293,353.75,-68.75,68.75,0.0,4,0.25278788215197484
1294,356.25,-68.75,68.75,0.0,4,0.2906570717916868
1295,358.75,-68.75,68.75,0.0,4,0.4071412420948799
1296,1.25,-66.25,66.25,0.0,4,-0.4090903061425249
1297,3.75,-66.25,66.25,0.0,4,-0.40589125804642173
1298,6.25,-66.25,66.25,0.0,4,-0.3153561726598658
1299,8.75,-66.25,66.25,0.0,4,-0.21301834716569523
1300,11.25,-66.25,66.25,0.0,4,-0.12142703401411038
1301,13.75,-66.25,66.25,0.0,4,-0.05284529493795118
1302,16.25,-66.25,66.25,0.0,4,-0.025902821503672357
1303,18.75,-66.25,66.25,0.0,4,-0.02638224600455265
1304,21.25,-66.25,66.25,0.0,4,-0.03100581275536802
1305,23.75,-66.25,66.25,0.0,4,-0.019433636898300875
1306,26.25,-66.25,66.25,0.0,4,0.011544356154596987
1307,28.75,-66.25,66.25,0.0,4,0.04549101391614911
1308,31.25,-66.25,66.25,0.0,4,0.0845814279101294
1309,33.75,-66.25,66.25,0.0,4,0.12620897367330178
1310,36.25,-66.25,66.25,0.0,4,0.16110158802650826
1311,38.75,-66.25,66.25,0.0,4,0.20317842691340302
1312,41.25,-66.25,66.25,0.0,4,0.24915342954676323
1313,43.75,-66.25,66.25,0.0,4,0.31928153686329436
1314,46.25,-66.25,66.25,0.0,4,0.38860932118276054
1315,48.75,-66.25,66.25,0.0,4,0.4486474147371689
1316,51.25,-66.25,66.25,0.0,4,0.5613374290750212
1317,53.75,-66.25,66.25,1.0,0,0.6243817275958294
1318,56.25,-66.25,66.25,0.0,4,0.7240064591311032
1319,58.75,-66.25,66.25,0.0,4,0.6752745067176601
1320,61.25,-66.25,66.25,0.0,4,0.5972453370536907
1321,63.75,-66.25,66.25,0.0,4,0.5638358689268396
1322,66.25,-66.25,66.25,0.0,4,0.5558368622654637
1323,68.75,-66.25,66.25,0.0,4,0.5140306673282934
1324,71.25,-66.25,66.25,0.0,4,0.394282922154773
1325,73.75,-66.25,66.25,0.0,4,0.23393849647794854
1326,76.25,-66.25,66.25,0.0,4,0.3319257824531071
1327,78.75,-66.25,66.25,0.0,4,0.5940190287942292
1328,81.25,-66.25,66.25,0.0,4,0.7449496851922135
1329,83.75,-66.25,66.25,0.0,4,0.8510021111178434
1330,86.25,-66.25,66.25,0.0,4,0.7793684000107173
1331,88.75,-66.25,66.25,0.0,4,0.6981863405928697
1332,91.25,-66.25,66.25,0.0,4,0.6059951619408519
1333,93.75,-66.25,66.25,0.0,4,0.4840939374239509
1334,96.25,-66.25,66.25,1.0,0,0.4291356825884268
1335,98.75,-66.25,66.25,1.0,0,0.3944346097212297
1336,101.25,-66.25,66.25,1.0,0,0.3952360780396338
1337,103.75,-66.25,66.25,1.0,0,0.39815531175335805
1338,106.25,-66.25,66.25,0.0,4,0.4098217710716771
1339,108.75,-66.25,66.25,0.0,4,0.38724876251750096
1340,111.25,-66.25,66.25,0.0,4,0.36275978113490304
1341,113.75,-66.25,66.25,0.0,4,0.36441004476452554
1342,116.25,-66.25,66.25,0.0,4,0.3185179847132923
1343,118.75,-66.25,66.25,0.0,4,0.27188237474919646
1344,121.25,-66.25,66.25,0.0,4,0.25792192374713474
1345,123.75,-66.25,66.25,0.0,4,0.22127924274611643
1346,126.25,-66.25,66.25,0.0,4,0.1847857864776532
1347,128.75,-66.25,66.25,0.0,4,0.19092409717247577
1348,131.25,-66.25,66.25,1.0,0,0.2314407399861141
1349,133.75,-66.25,66.25,1.0,0,0.26723081802819965
1350,136.25,-66.25,66.25,0.0,4,0.3386258772597104
1351,138.75,-66.25,66.25,0.0,4,0.347499233204442
1352,141.25,-66.25,66.25,0.0,4,0.3452507738989252
1353,143.75,-66.25,66.25,0.0,4,0.3763958627669383
1354,146.25,-66.25,66.25,0.0,4,0.5175326002317227
1355,148.75,-66.25,66.25,0.0,4,0.6245485033107898
1356,151.25,-66.25,66.25,0.0,4,0.6377304623896458
1357,153.75,-66.25,66.25,0.0,4,0.6227806948276308
1358,156.25,-66.25,66.25,0.0,4,0.5618268598480016
1359,158.75,-66.25,66.25,0.0,4,0.5069615513764941
1360,161.25,-66.25,66.25,0.0,4,0.5015012849698371
1361,163.75,-66.25,66.25,0.0,4,0.5117760483652075
1362,166.25,-66.25,66.25,0.0,4,0.5165735989135805
1363,168.75,-66.25,66.25,0.0,4,0.519248688289029
1364,171.25,-66.25,66.25,0.0,4,0.5232359248043777
1365,173.75,-66.25,66.25,0.0,4,0.5073634943018934
1366,176.25,-66.25,66.25,0.0,4,0.4688261358556632
1367,178.75,-66.25,66.25,0.0,4,0.42629932992034497
1368,181.25,-66.25,66.25,0.0,4,0.40141459538601076
1369,183.75,-66.25,66.25,0.0,4,0.38355344101413574
1370,186.25,-66.25,66.25,0.0,4,0.3688935446723683
1371,188.75,-66.25,66.25,0.0,4,0.3597053943649915
1372,191.25,-66.25,66.25,0.0,4,0.34881557457176754
1373,193.75,-66.25,66.25,0.0,4,0.3425544135870752
1374,196.25,-66.25,66.25,0.0,4,0.3325527777182865
1375,198.75,-66.25,66.25,0.0,4,0.3126097717873262
1376,201.25,-66.25,66.25,0.0,4,0.28478248360251746
1377,203.75,-66.25,66.25,0.0,4,0.2570303957512931
1378,206.25,-66.25,66.25,0.0,4,0.23264918520710903
1379,208.75,-66.25,66.25,0.0,4,0.22364433096078062
1380,211.25,-66.25,66.25,0.0,4,0.22527143901642163
1381,213.75,-66.25,66.25,0.0,4,0.23166498194037036
1382,216.25,-66.25,66.25,0.0,4,0.23357823832553842
1383,218.75,-66.25,66.25,0.0,4,0.22639279634072593
1384,221.25,-66.25,66.25,0.0,4,0.20418989299172371
1385,223.75,-66.25,66.25,0.0,4,0.1663391493972004
1386,226.25,-66.25,66.25,0.0,4,0.13609606898108656
1387,228.75,-66.25,66.25,0.0,4,0.13015303832821545
1388,231.25,-66.25,66.25,0.0,4,0.14985443373263058
1389,233.75,-66.25,66.25,0.0,4,0.16795249006121699
1390,236.25,-66.25,66.25,0.0,4,0.17486012958847344
1391,238.75,-66.25,66.25,0.0,4,0.1722932485757868
1392,241.25,-66.25,66.25,0.0,4,0.16499713409197161
1393,243.75,-66.25,66.25,0.0,4,0.16104006016529315
1394,246.25,-66.25,66.25,0.0,4,0.16210083358420688
1395,248.75,-66.25,66.25,0.0,4,0.1578347099232275
1396,251.25,-66.25,66.25,0.0,4,0.15022497188438083
1397,253.75,-66.25,66.25,0.0,4,0.14136459672546717
1398,256.25,-66.25,66.25,0.0,4,0.14388017958273563
1399,258.75,-66.25,66.25,0.0,4,0.1617403165609066
1400,261.25,-66.25,66.25,0.0,4,0.18830629218111045
1401,263.75,-66.25,66.25,0.0,4,0.21756484883372323
1402,266.25,-66.25,66.25,0.0,4,0.24570559184232812
1403,268.75,-66.25,66.25,0.0,4,0.26323581025666637
1404,271.25,-66.25,66.25,0.0,4,0.2705809845255625
1405,273.75,-66.25,66.25,0.0,4,0.28224572224639405
1406,276.25,-66.25,66.25,0.0,4,0.30090821476134444
1407,278.75,-66.25,66.25,0.0,4,0.3213475617535381
1408,281.25,-66.25,66.25,0.0,4,0.3644240912480813
1409,283.75,-66.25,66.25,0.0,4,0.4410707081784299
1410,286.25,-66.25,66.25,0.0,4,0.5628490293631093
1411,288.75,-66.25,66.25,0.0,4,0.7061375116210037
1412,291.25,-66.25,66.25,0.0,4,0.7873450467284884
1413,293.75,-66.25,66.25,0.0,4,0.9125286617158047
1414,296.25,-66.25,66.25,1.0,0,1.1572122292933336
1415,298.75,-66.25,66.25,1.0,0,1.2782601205511828
1416,301.25,-66.25,66.25,0.0,4,1.3344764710995582
1417,303.75,-66.25,66.25,0.0,4,1.2253275739270095
1418,306.25,-66.25,66.25,0.0,4,1.140352054249497
1419,308.75,-66.25,66.25,0.0,4,1.1529850232255534
1420,311.25,-66.25,66.25,0.0,4,1.1462236784191908
1421,313.75,-66.25,66.25,0.0,4,1.075797471218579
1422,316.25,-66.25,66.25,0.0,4,0.9983682302074944
1423,318.75,-66.25,66.25,0.0,4,0.9299138859603636
1424,321.25,-66.25,66.25,0.0,4,0.8688074322590142
1425,323.75,-66.25,66.25,0.0,4,0.820661133260448
1426,326.25,-66.25,66.25,0.0,4,0.7751210425937372
1427,328.75,-66.25,66.25,0.0,4,0.7257877227597401
1428,331.25,-66.25,66.25,0.0,4,0.6724382205968477
1429,333.75,-66.25,66.25,0.0,4,0.6005172027431621
1430,336.25,-66.25,66.25,0.0,4,0.5094409200613309
1431,338.75,-66.25,66.25,0.0,4,0.4048717693977365
1432,341.25,-66.25,66.25,0.0,4,0.2795619228375481
1433,343.75,-66.25,66.25,0.0,4,0.1594783308529119
1434,346.25,-66.25,66.25,0.0,4,0.04995596375776441
1435,348.75,-66.25,66.25,0.0,4,-0.06621105920678952
1436,351.25,-66.25,66.25,0.0,4,-0.16461640485731469
1437,353.75,-66.25,66.25,0.0,4,-0.2430488248716639
1438,356.25,-66.25,66.25,0.0,4,-0.31376201749676463
1439,358.75,-66.25,66.25,0.0,4,-0.36806410835025577
1440,1.25,-63.75,63.75,0.0,4,-0.6568051692112529
1441,3.75,-63.75,63.75,0.0,4,-0.7024110573297008
1442,6.25,-63.75,63.75,0.0,4,-0.6414151975076949
1443,8.75,-63.75,63.75,0.0,4,-0.5353602110317143
1444,11.25,-63.75,63.75,0.0,4,-0.4200759101187425
1445,13.75,-63.75,63.75,0.0,4,-0.32936882825744074
1446,16.25,-63.75,63.75,0.0,4,-0.28728839169305065
1447,18.75,-63.75,63.75,0.0,4,-0.27109413534571364
1448,21.25,-63.75,63.75,0.0,4,-0.2463699244719407
1449,23.75,-63.75,63.75,0.0,4,-0.20542547637179392
1450,26.25,-63.75,63.75,0.0,4,-0.16467742377385824
1451,28.75,-63.75,63.75,0.0,4,-0.14827556367953088
1452,31.25,-63.75,63.75,0.0,4,-0.13941061799101076
1453,33.75,-63.75,63.75,0.0,4,-0.12530964770306377
1454,36.25,-63.75,63.75,0.0,4,-0.10282807915607944
1455,38.75,-63.75,63.75,0.0,4,-0.0749666106949372
1456,41.25,-63.75,63.75,0.0,4,-0.056393048638746834
1457,43.75,-63.75,63.75,0.0,4,-0.03953465165243564
1458,46.25,-63.75,63.75,0.0,4,-0.020369402208278257
1459,48.75,-63.75,63.75,0.0,4,0.008217701364503633
1460,51.25,-63.75,63.75,0.0,4,0.07450311289690015
1461,53.75,-63.75,63.75,0.0,4,0.13721478276191856
1462,56.25,-63.75,63.75,0.0,4,0.11938345295144279
1463,58.75,-63.75,63.75,0.0,4,-0.0024074460192829894
1464,61.25,-63.75,63.75,0.0,4,-0.0697907591237732
1465,63.75,-63.75,63.75,0.0,4,-0.10669272880753121
1466,66.25,-63.75,63.75,0.0,4,-0.14505482978228643
1467,68.75,-63.75,63.75,0.0,4,-0.2029330475430387
1468,71.25,-63.75,63.75,0.0,4,-0.2750260366840366
1469,73.75,-63.75,63.75,0.0,4,-0.2984859681118681
1470,76.25,-63.75,63.75,0.0,4,-0.1738264132574208
1471,78.75,-63.75,63.75,0.0,4,0.21142952918082272
1472,81.25,-63.75,63.75,0.0,4,0.6664491065897779
1473,83.75,-63.75,63.75,0.0,4,0.9236473052529809
1474,86.25,-63.75,63.75,0.0,4,0.9894394682183749
1475,88.75,-63.75,63.75,0.0,4,0.9015785172475475
1476,91.25,-63.75,63.75,0.0,4,0.803139372526978
1477,93.75,-63.75,63.75,0.0,4,0.7496486740439264
1478,96.25,-63.75,63.75,0.0,4,0.7264452646652019
1479,98.75,-63.75,63.75,0.0,4,0.6974729319499575
1480,101.25,-63.75,63.75,0.0,4,0.6461192271680443
1481,103.75,-63.75,63.75,0.0,4,0.5891120607985648
1482,106.25,-63.75,63.75,0.0,4,0.5095115324056166
1483,108.75,-63.75,63.75,0.0,4,0.4210933328312639
1484,111.25,-63.75,63.75,0.0,4,0.36345927674400225
1485,113.75,-63.75,63.75,0.0,4,0.30516768599398153
1486,116.25,-63.75,63.75,0.0,4,0.22090561694622696
1487,118.75,-63.75,63.75,0.0,4,0.1368316813052212
1488,121.25,-63.75,63.75,0.0,4,0.08424703654464143
1489,123.75,-63.75,63.75,0.0,4,0.037363080911860864
1490,126.25,-63.75,63.75,0.0,4,-0.014391767550523281
1491,128.75,-63.75,63.75,0.0,4,-0.0640327147167774
1492,131.25,-63.75,63.75,0.0,4,-0.10907481082054793
1493,133.75,-63.75,63.75,0.0,4,-0.09820130332428494
1494,136.25,-63.75,63.75,0.0,4,-0.08288843494769049
1495,138.75,-63.75,63.75,0.0,4,-0.07209213548691187
1496,141.25,-63.75,63.75,0.0,4,-0.0189235897836707
1497,143.75,-63.75,63.75,0.0,4,0.013319303258206691
1498,146.25,-63.75,63.75,0.0,4,0.05106711877472897
1499,148.75,-63.75,63.75,0.0,4,0.09546410282929467
1500,151.25,-63.75,63.75,0.0,4,0.14714651204434148
1501,153.75,-63.75,63.75,0.0,4,0.22690535575991647
1502,156.25,-63.75,63.75,0.0,4,0.264507088733814
1503,158.75,-63.75,63.75,0.0,4,0.2259602884745999
1504,161.25,-63.75,63.75,0.0,4,0.19850352391993972
1505,163.75,-63.75,63.75,0.0,4,0.193459525007389
1506,166.25,-63.75,63.75,0.0,4,0.20438248093643985
1507,168.75,-63.75,63.75,0.0,4,0.22781832439774233
1508,171.25,-63.75,63.75,0.0,4,0.2525218601316529
1509,173.75,-63.75,63.75,0.0,4,0.26852836735827224
1510,176.25,-63.75,63.75,0.0,4,0.2861090795443496
1511,178.75,-63.75,63.75,0.0,4,0.3022148434920985
1512,181.25,-63.75,63.75,0.0,4,0.3135993126306307
1513,183.75,-63.75,63.75,0.0,4,0.320324205071976
1514,186.25,-63.75,63.75,0.0,4,0.32258546887399386
1515,188.75,-63.75,63.75,0.0,4,0.3266886268342495
1516,191.25,-63.75,63.75,0.0,4,0.33017414367986714
1517,193.75,-63.75,63.75,0.0,4,0.34229822926289905
1518,196.25,-63.75,63.75,0.0,4,0.3482096489792276
1519,198.75,-63.75,63.75,0.0,4,0.34901805481188586
1520,201.25,-63.75,63.75,0.0,4,0.35048242636353266
1521,203.75,-63.75,63.75,0.0,4,0.3503904840942687
1522,206.25,-63.75,63.75,0.0,4,0.3460068884653006
1523,208.75,-63.75,63.75,0.0,4,0.33623142876846057
1524,211.25,-63.75,63.75,0.0,4,0.3206379522244769
1525,213.75,-63.75,63.75,0.0,4,0.29925731987109006
1526,216.25,-63.75,63.75,0.0,4,0.27643449881093096
1527,218.75,-63.75,63.75,0.0,4,0.24797058942032718
1528,221.25,-63.75,63.75,0.0,4,0.21354540447968517
1529,223.75,-63.75,63.75,0.0,4,0.1751906625349197
1530,226.25,-63.75,63.75,0.0,4,0.13785320614638152
1531,228.75,-63.75,63.75,0.0,4,0.1069365010968233
1532,231.25,-63.75,63.75,0.0,4,0.09198430301981464
1533,233.75,-63.75,63.75,0.0,4,0.08286909299590788
1534,236.25,-63.75,63.75,0.0,4,0.07981526329426876
1535,238.75,-63.75,63.75,0.0,4,0.08430868864167411
1536,241.25,-63.75,63.75,0.0,4,0.0899117571597407
1537,243.75,-63.75,63.75,0.0,4,0.09173858073550518
1538,246.25,-63.75,63.75,0.0,4,0.09603198444742554
1539,248.75,-63.75,63.75,0.0,4,0.10517172125928076
1540,251.25,-63.75,63.75,0.0,4,0.11929018576018423
1541,253.75,-63.75,63.75,0.0,4,0.13356637539643246
1542,256.25,-63.75,63.75,0.0,4,0.1442567945475119
1543,258.75,-63.75,63.75,0.0,4,0.15459279043401578
1544,261.25,-63.75,63.75,0.0,4,0.1640232393066326
1545,263.75,-63.75,63.75,0.0,4,0.1788717467041146
1546,266.25,-63.75,63.75,0.0,4,0.19441884504041348
1547,268.75,-63.75,63.75,0.0,4,0.20685993580199852
1548,271.25,-63.75,63.75,0.0,4,0.21035691563518416
1549,273.75,-63.75,63.75,0.0,4,0.21322562595787237
1550,276.25,-63.75,63.75,0.0,4,0.220604437003862
1551,278.75,-63.75,63.75,0.0,4,0.2315132122308341
1552,281.25,-63.75,63.75,0.0,4,0.24835106787556446
1553,283.75,-63.75,63.75,0.0,4,0.26884870744770484
1554,286.25,-63.75,63.75,0.0,4,0.29895465639000485
1555,288.75,-63.75,63.75,0.0,4,0.3568835964910595
1556,291.25,-63.75,63.75,0.0,4,0.44048027498255915
1557,293.75,-63.75,63.75,0.0,4,0.5194670352034418
1558,296.25,-63.75,63.75,0.0,4,0.6511250011591478
1559,298.75,-63.75,63.75,0.0,4,0.8377126939806074
1560,301.25,-63.75,63.75,0.0,4,1.0454602574567537
1561,303.75,-63.75,63.75,0.0,4,1.198210111846452
1562,306.25,-63.75,63.75,0.0,4,1.0938055536055453
1563,308.75,-63.75,63.75,0.0,4,1.0034975465326985
1564,311.25,-63.75,63.75,0.0,4,0.8857442510414133
1565,313.75,-63.75,63.75,0.0,4,0.7874558196216683
1566,316.25,-63.75,63.75,0.0,4,0.7397521149888585
1567,318.75,-63.75,63.75,0.0,4,0.7097033954784415
1568,321.25,-63.75,63.75,0.0,4,0.681697857752579
1569,323.75,-63.75,63.75,0.0,4,0.6605650998614506
1570,326.25,-63.75,63.75,0.0,4,0.6425379212513009
1571,328.75,-63.75,63.75,0.0,4,0.6287730341964457
1572,331.25,-63.75,63.75,0.0,4,0.6147782253306763
1573,333.75,-63.75,63.75,0.0,4,0.5920209910088933
1574,336.25,-63.75,63.75,0.0,4,0.5636400348203721
1575,338.75,-63.75,63.75,0.0,4,0.5125531074525884
1576,341.25,-63.75,63.75,0.0,4,0.41616867782432837
1577,343.75,-63.75,63.75,0.0,4,0.2998019270125687
1578,346.25,-63.75,63.75,0.0,4,0.18139151095789133
1579,348.75,-63.75,63.75,0.0,4,0.04243619101677743
1580,351.25,-63.75,63.75,0.0,4,-0.10494736061554669
1581,353.75,-63.75,63.75,0.0,4,-0.23791463948112926
1582,356.25,-63.75,63.75,0.0,4,-0.3877601211148324
1583,358.75,-63.75,63.75,0.0,4,-0.5419726679927256
1584,1.25,-61.25,61.25,0.0,4,-0.4131850315313378
1585,3.75,-61.25,61.25,0.0,4,-0.5381347361350525
1586,6.25,-61.25,61.25,0.0,4,-0.5908592682082476
1587,8.75,-61.25,61.25,0.0,4,-0.5822814424896771
1588,11.25,-61.25,61.25,0.0,4,-0.5404366898097914
1589,13.75,-61.25,61.25,0.0,4,-0.48576599054584557
1590,16.25,-61.25,61.25,0.0,4,-0.43415614917564305
1591,18.75,-61.25,61.25,0.0,4,-0.3816737852705102
1592,21.25,-61.25,61.25,0.0,4,-0.3305664348428246
1593,23.75,-61.25,61.25,0.0,4,-0.28757120702441374
1594,26.25,-61.25,61.25,0.0,4,-0.2557915117555565
1595,28.75,-61.25,61.25,0.0,4,-0.2394775220206163
1596,31.25,-61.25,61.25,0.0,4,-0.22628932305217028
1597,33.75,-61.25,61.25,0.0,4,-0.21340637426065917
1598,36.25,-61.25,61.25,0.0,4,-0.1959006306100269
1599,38.75,-61.25,61.25,0.0,4,-0.17436766550553467
1600,41.25,-61.25,61.25,0.0,4,-0.1512486020294201
1601,43.75,-61.25,61.25,0.0,4,-0.14243422471464515
1602,46.25,-61.25,61.25,0.0,4,-0.13188545622473652
1603,48.75,-61.25,61.25,0.0,4,-0.1147495506690144
1604,51.25,-61.25,61.25,0.0,4,-0.09168828547817913
1605,53.75,-61.25,61.25,0.0,4,-0.06325745919778185
1606,56.25,-61.25,61.25,0.0,4,-0.04024997938894045
1607,58.75,-61.25,61.25,0.0,4,-0.03342652216101343
1608,61.25,-61.25,61.25,0.0,4,-0.03991340892154507
1609,63.75,-61.25,61.25,0.0,4,-0.06298147023357291
1610,66.25,-61.25,61.25,0.0,4,-0.08642053465496698
1611,68.75,-61.25,61.25,0.0,4,-0.10204868095860006
1612,71.25,-61.25,61.25,0.0,4,-0.10752287448887714
1613,73.75,-61.25,61.25,0.0,4,-0.09991665429457164
1614,76.25,-61.25,61.25,0.0,4,0.005838511676162251
1615,78.75,-61.25,61.25,0.0,4,0.29546117999847865
1616,81.25,-61.25,61.25,0.0,4,0.5998129961571259
1617,83.75,-61.25,61.25,0.0,4,0.7989372733814991
1618,86.25,-61.25,61.25,0.0,4,0.827674881284706
1619,88.75,-61.25,61.25,0.0,4,0.7435065572052999
1620,91.25,-61.25,61.25,0.0,4,0.6714177360586232
1621,93.75,-61.25,61.25,0.0,4,0.6510024213468859
1622,96.25,-61.25,61.25,0.0,4,0.6337480888805868
1623,98.75,-61.25,61.25,0.0,4,0.5845954883369858
1624,101.25,-61.25,61.25,0.0,4,0.4751728752806881
1625,103.75,-61.25,61.25,0.0,4,0.3567092956466317
1626,106.25,-61.25,61.25,0.0,4,0.2900271407953181
1627,108.75,-61.25,61.25,0.0,4,0.25410418149490066
1628,111.25,-61.25,61.25,0.0,4,0.22526724205809406
1629,113.75,-61.25,61.25,0.0,4,0.20191009599319543
1630,116.25,-61.25,61.25,0.0,4,0.17540912723186877
1631,118.75,-61.25,61.25,0.0,4,0.14403011817292297
1632,121.25,-61.25,61.25,0.0,4,0.11865564578333161
1633,123.75,-61.25,61.25,0.0,4,0.10173851648510741
1634,126.25,-61.25,61.25,0.0,4,0.08549168492289153
1635,128.75,-61.25,61.25,0.0,4,0.06547714029919777
1636,131.25,-61.25,61.25,0.0,4,0.036981240271006556
1637,133.75,-61.25,61.25,0.0,4,0.0082694147766045
1638,136.25,-61.25,61.25,0.0,4,-0.01666037139649796
1639,138.75,-61.25,61.25,0.0,4,-0.03362445773382421
1640,141.25,-61.25,61.25,0.0,4,-0.031671896677266206
1641,143.75,-61.25,61.25,0.0,4,-0.02330780275911179
1642,146.25,-61.25,61.25,0.0,4,-0.015502478175852267
1643,148.75,-61.25,61.25,0.0,4,-0.012479133167144718
1644,151.25,-61.25,61.25,0.0,4,0.013065483712409696
1645,153.75,-61.25,61.25,0.0,4,0.07851367237878648
1646,156.25,-61.25,61.25,0.0,4,0.14781486387255577
1647,158.75,-61.25,61.25,0.0,4,0.17511229688727856
1648,161.25,-61.25,61.25,0.0,4,0.1754909458798724
1649,163.75,-61.25,61.25,0.0,4,0.17951794200802482
1650,166.25,-61.25,61.25,0.0,4,0.17073247197899225
1651,168.75,-61.25,61.25,0.0,4,0.191320691011019
1652,171.25,-61.25,61.25,0.0,4,0.24478006953916517
1653,173.75,-61.25,61.25,0.0,4,0.29608211875638935
1654,176.25,-61.25,61.25,0.0,4,0.3416766103552593
1655,178.75,-61.25,61.25,0.0,4,0.36721764908412874
1656,181.25,-61.25,61.25,0.0,4,0.38210970110346765
1657,183.75,-61.25,61.25,0.0,4,0.3831850000210911
1658,186.25,-61.25,61.25,0.0,4,0.38324232071238307
1659,188.75,-61.25,61.25,0.0,4,0.38811959944854
1660,191.25,-61.25,61.25,0.0,4,0.38510449725459706
1661,193.75,-61.25,61.25,0.0,4,0.3826353633936022
1662,196.25,-61.25,61.25,0.0,4,0.36488194431502635
1663,198.75,-61.25,61.25,0.0,4,0.3386991573473471
1664,201.25,-61.25,61.25,0.0,4,0.31922119375701047
1665,203.75,-61.25,61.25,0.0,4,0.311813130179156
1666,206.25,-61.25,61.25,0.0,4,0.30688382033177347
1667,208.75,-61.25,61.25,0.0,4,0.3107255590252228
1668,211.25,-61.25,61.25,0.0,4,0.3167291145587562
1669,213.75,-61.25,61.25,0.0,4,0.3026175580674987
1670,216.25,-61.25,61.25,0.0,4,0.2650369245865466
1671,218.75,-61.25,61.25,0.0,4,0.24233685804158045
1672,221.25,-61.25,61.25,0.0,4,0.23008264485835206
1673,223.75,-61.25,61.25,0.0,4,0.22116926940893977
1674,226.25,-61.25,61.25,0.0,4,0.20679823216502033
1675,228.75,-61.25,61.25,0.0,4,0.19447643656095656
1676,231.25,-61.25,61.25,0.0,4,0.187181623390025
1677,233.75,-61.25,61.25,0.0,4,0.17054879125867412
1678,236.25,-61.25,61.25,0.0,4,0.14732697299226447
1679,238.75,-61.25,61.25,0.0,4,0.13120071489286259
1680,241.25,-61.25,61.25,0.0,4,0.12250013781085296
1681,243.75,-61.25,61.25,0.0,4,0.1189557298223928
1682,246.25,-61.25,61.25,0.0,4,0.11543032064212619
1683,248.75,-61.25,61.25,0.0,4,0.11542032977402006
1684,251.25,-61.25,61.25,0.0,4,0.12457687296281111
1685,253.75,-61.25,61.25,0.0,4,0.1363442477517826
1686,256.25,-61.25,61.25,0.0,4,0.1445559474535093
1687,258.75,-61.25,61.25,0.0,4,0.14817630019103922
1688,261.25,-61.25,61.25,0.0,4,0.15204391538801562
1689,263.75,-61.25,61.25,0.0,4,0.15680912184128634
1690,266.25,-61.25,61.25,0.0,4,0.16238410278621324
1691,268.75,-61.25,61.25,0.0,4,0.16878936680689666
1692,271.25,-61.25,61.25,0.0,4,0.17396001323689356
1693,273.75,-61.25,61.25,0.0,4,0.17620335151027763
1694,276.25,-61.25,61.25,0.0,4,0.17782643321327235
1695,278.75,-61.25,61.25,0.0,4,0.18366091612399743
1696,281.25,-61.25,61.25,0.0,4,0.19563101003992467
1697,283.75,-61.25,61.25,0.0,4,0.2096193236923868
1698,286.25,-61.25,61.25,0.0,4,0.22262898546770166
1699,288.75,-61.25,61.25,0.0,4,0.24162807122321273
1700,291.25,-61.25,61.25,0.0,4,0.2806344780218327
1701,293.75,-61.25,61.25,0.0,4,0.33649698741378214
1702,296.25,-61.25,61.25,0.0,4,0.4106443577741579
1703,298.75,-61.25,61.25,0.0,4,0.5307563603335486
1704,301.25,-61.25,61.25,0.0,4,0.7441148411585956
1705,303.75,-61.25,61.25,0.0,4,0.906710047050977
1706,306.25,-61.25,61.25,0.0,4,0.8584005530790048
1707,308.75,-61.25,61.25,0.0,4,0.7471187888092934
1708,311.25,-61.25,61.25,0.0,4,0.553023803138012
1709,313.75,-61.25,61.25,0.0,4,0.45493241830437126
1710,316.25,-61.25,61.25,0.0,4,0.4538105051292121
1711,318.75,-61.25,61.25,0.0,4,0.444610516421094
1712,321.25,-61.25,61.25,0.0,4,0.44756195522223513
1713,323.75,-61.25,61.25,0.0,4,0.45461497495196845
1714,326.25,-61.25,61.25,0.0,4,0.460896961728452
1715,328.75,-61.25,61.25,0.0,4,0.46299188996589613
1716,331.25,-61.25,61.25,0.0,4,0.466165818665576
1717,333.75,-61.25,61.25,0.0,4,0.4806806653337502
1718,336.25,-61.25,61.25,0.0,4,0.4895347111438934
1719,338.75,-61.25,61.25,0.0,4,0.48451024485511895
1720,341.25,-61.25,61.25,0.0,4,0.4549247428236325
1721,343.75,-61.25,61.25,0.0,4,0.403785022356311
1722,346.25,-61.25,61.25,0.0,4,0.33011023086641894
1723,348.75,-61.25,61.25,0.0,4,0.2360281640269889
1724,351.25,-61.25,61.25,0.0,4,0.12542168361675102
1725,353.75,-61.25,61.25,0.0,4,0.015094259116880561
1726,356.25,-61.25,61.25,0.0,4,-0.11339470822362357
1727,358.75,-61.25,61.25,0.0,4,-0.265006278853979
1728,1.25,-58.75,58.75,0.0,1,-0.09191980159724585
1729,3.75,-58.75,58.75,0.0,1,-0.20629530177451633
1730,6.25,-58.75,58.75,0.0,1,-0.2993025498030068
1731,8.75,-58.75,58.75,0.0,1,-0.3523941312379406
1732,11.25,-58.75,58.75,0.0,1,-0.37098135441180785
1733,13.75,-58.75,58.75,0.0,1,-0.35978212796192865
1734,16.25,-58.75,58.75,0.0,1,-0.3499006769003573
1735,18.75,-58.75,58.75,0.0,1,-0.33832253804667317
1736,21.25,-58.75,58.75,0.0,1,-0.31866769013490454
1737,23.75,-58.75,58.75,0.0,1,-0.29753474316042344
1738,26.25,-58.75,58.75,0.0,1,-0.2898389953816418
1739,28.75,-58.75,58.75,0.0,1,-0.3029605522507385
1740,31.25,-58.75,58.75,0.0,3,-0.30146877359687785
1741,33.75,-58.75,58.75,0.0,3,-0.28401940201688236
1742,36.25,-58.75,58.75,0.0,3,-0.255860700772839
1743,38.75,-58.75,58.75,0.0,3,-0.22789592459858446
1744,41.25,-58.75,58.75,0.0,3,-0.19857805484414479
1745,43.75,-58.75,58.75,0.0,3,-0.1718282162158653
1746,46.25,-58.75,58.75,0.0,3,-0.1377391015267084
1747,48.75,-58.75,58.75,0.0,3,-0.090866458808005
1748,51.25,-58.75,58.75,0.0,3,-0.05220806846249439
1749,53.75,-58.75,58.75,0.0,3,-0.016855543335521857
1750,56.25,-58.75,58.75,0.0,3,0.018749433376191296
1751,58.75,-58.75,58.75,0.0,3,0.04693842312439478
1752,61.25,-58.75,58.75,0.0,3,0.06091265828932402
1753,63.75,-58.75,58.75,0.0,3,0.06386687290697692
1754,66.25,-58.75,58.75,0.0,3,0.06451375832390131
1755,68.75,-58.75,58.75,0.0,3,0.06029153809130136
1756,71.25,-58.75,58.75,0.0,3,0.036134829175140895
1757,73.75,-58.75,58.75,0.0,3,0.018189825266787526
1758,76.25,-58.75,58.75,0.0,3,0.08283257201501984
1759,78.75,-58.75,58.75,0.0,3,0.23188017891615978
1760,81.25,-58.75,58.75,0.0,3,0.42489075391267217
1761,83.75,-58.75,58.75,0.0,3,0.5982439315638527
1762,86.25,-58.75,58.75,0.0,3,0.6578388343304677
1763,88.75,-58.75,58.75,0.0,3,0.6160860149016967
1764,91.25,-58.75,58.75,0.0,3,0.5592662269717997
1765,93.75,-58.75,58.75,0.0,3,0.5208432196124763
1766,96.25,-58.75,58.75,0.0,3,0.498229320298158
1767,98.75,-58.75,58.75,0.0,3,0.46892508691653384
1768,101.25,-58.75,58.75,0.0,3,0.401371743779313
1769,103.75,-58.75,58.75,0.0,3,0.33043610085687275
1770,106.25,-58.75,58.75,0.0,3,0.2868139524292939
1771,108.75,-58.75,58.75,0.0,3,0.2486654078721527
1772,111.25,-58.75,58.75,0.0,3,0.2061406387971574
1773,113.75,-58.75,58.75,0.0,3,0.1710505466464063
1774,116.25,-58.75,58.75,0.0,3,0.14303743508145617
1775,118.75,-58.75,58.75,0.0,3,0.12105140474654719
1776,121.25,-58.75,58.75,0.0,2,0.10228144815234934
1777,123.75,-58.75,58.75,0.0,2,0.08580922483334695
1778,126.25,-58.75,58.75,0.0,2,0.07267549355097545
1779,128.75,-58.75,58.75,0.0,2,0.06249731107085632
1780,131.25,-58.75,58.75,0.0,2,0.05230158462495434
1781,133.75,-58.75,58.75,0.0,2,0.04309422908900743
1782,136.25,-58.75,58.75,0.0,2,0.03536280266882383
1783,138.75,-58.75,58.75,0.0,2,0.02947335828035069
1784,141.25,-58.75,58.75,0.0,2,0.026624989081957644
1785,143.75,-58.75,58.75,0.0,2,0.029197251923631613
1786,146.25,-58.75,58.75,0.0,2,0.046137516609772604
1787,148.75,-58.75,58.75,0.0,2,0.07704388232898453
1788,151.25,-58.75,58.75,0.0,2,0.11363767990209088
1789,153.75,-58.75,58.75,0.0,2,0.14483812872207852
1790,156.25,-58.75,58.75,0.0,2,0.1861129866942669
1791,158.75,-58.75,58.75,0.0,2,0.23372626922325118
1792,161.25,-58.75,58.75,0.0,2,0.25708738122595864
1793,163.75,-58.75,58.75,0.0,2,0.26791283464269794
1794,166.25,-58.75,58.75,0.0,2,0.2568744535937748
1795,168.75,-58.75,58.75,0.0,2,0.24974575418888217
1796,171.25,-58.75,58.75,0.0,2,0.28367898006695
1797,173.75,-58.75,58.75,0.0,2,0.33174965880864304
1798,176.25,-58.75,58.75,0.0,2,0.36807613530454336
1799,178.75,-58.75,58.75,0.0,2,0.38132198281444774
1800,181.25,-58.75,58.75,0.0,2,0.3833620898664952
1801,183.75,-58.75,58.75,0.0,2,0.39988952183288456
1802,186.25,-58.75,58.75,0.0,2,0.4260758361523008
1803,188.75,-58.75,58.75,0.0,2,0.44415533689288805
1804,191.25,-58.75,58.75,0.0,2,0.44275783859380413
1805,193.75,-58.75,58.75,0.0,2,0.42429398720328954
1806,196.25,-58.75,58.75,0.0,2,0.39170356325476274
1807,198.75,-58.75,58.75,0.0,2,0.33928461364829704
1808,201.25,-58.75,58.75,0.0,2,0.27996835530710557
1809,203.75,-58.75,58.75,0.0,2,0.23430480766194503
1810,206.25,-58.75,58.75,0.0,2,0.207034925409085
1811,208.75,-58.75,58.75,0.0,2,0.2110570550559367
1812,211.25,-58.75,58.75,0.0,2,0.21751309314482062
1813,213.75,-58.75,58.75,0.0,2,0.2109601572795773
1814,216.25,-58.75,58.75,0.0,2,0.1948083375306019
1815,218.75,-58.75,58.75,0.0,2,0.1857766627177389
1816,221.25,-58.75,58.75,0.0,2,0.183590362723779
1817,223.75,-58.75,58.75,0.0,2,0.19252209173565385
1818,226.25,-58.75,58.75,0.0,2,0.20724424524692614
1819,228.75,-58.75,58.75,0.0,2,0.21560222649017607
1820,231.25,-58.75,58.75,0.0,2,0.21982583820191268
1821,233.75,-58.75,58.75,0.0,2,0.21909179323935216
1822,236.25,-58.75,58.75,0.0,2,0.2051910828230722
1823,238.75,-58.75,58.75,0.0,2,0.1827135501649928
1824,241.25,-58.75,58.75,0.0,2,0.16452750704829971
1825,243.75,-58.75,58.75,0.0,2,0.15106405926656438
1826,246.25,-58.75,58.75,0.0,2,0.1475413826183015
1827,248.75,-58.75,58.75,0.0,2,0.15026938031269302
1828,251.25,-58.75,58.75,0.0,2,0.15834610921982828
1829,253.75,-58.75,58.75,0.0,2,0.16685102492554443
1830,256.25,-58.75,58.75,0.0,2,0.16973505105806316
1831,258.75,-58.75,58.75,0.0,2,0.16832199989110008
1832,261.25,-58.75,58.75,0.0,2,0.16866213473522848
1833,263.75,-58.75,58.75,0.0,2,0.17230125044349076
1834,266.25,-58.75,58.75,0.0,2,0.17624540743525396
1835,268.75,-58.75,58.75,0.0,2,0.1802407007007298
1836,271.25,-58.75,58.75,0.0,2,0.1848415003010399
1837,273.75,-58.75,58.75,0.0,2,0.18867696889490693
1838,276.25,-58.75,58.75,0.0,2,0.19119243425559246
1839,278.75,-58.75,58.75,0.0,2,0.19378955088865865
1840,281.25,-58.75,58.75,0.0,1,0.19798682706048587
1841,283.75,-58.75,58.75,0.0,1,0.2026659635274311
1842,286.25,-58.75,58.75,0.0,1,0.2063438665780519
1843,288.75,-58.75,58.75,0.0,1,0.21107069620493796
1844,291.25,-58.75,58.75,0.0,1,0.22306062504658844
1845,293.75,-58.75,58.75,0.0,1,0.24271273873840118
1846,296.25,-58.75,58.75,0.0,1,0.2722285093829237
1847,298.75,-58.75,58.75,0.0,1,0.315614874674564
1848,301.25,-58.75,58.75,0.0,1,0.38158257178894944
1849,303.75,-58.75,58.75,0.0,1,0.4608294432112791
1850,306.25,-58.75,58.75,0.0,1,0.5092266802007069
1851,308.75,-58.75,58.75,0.0,1,0.5116498456451894
1852,311.25,-58.75,58.75,0.0,1,0.4419912525430088
1853,313.75,-58.75,58.75,0.0,1,0.37420595161497916
1854,316.25,-58.75,58.75,0.0,1,0.36510849906465764
1855,318.75,-58.75,58.75,0.0,1,0.38906285705338944
1856,321.25,-58.75,58.75,0.0,1,0.388072884530281
1857,323.75,-58.75,58.75,0.0,1,0.3626620685564308
1858,326.25,-58.75,58.75,0.0,1,0.337265825414355
1859,328.75,-58.75,58.75,0.0,1,0.3532391986754173
1860,331.25,-58.75,58.75,0.0,1,0.37149454061033926
1861,333.75,-58.75,58.75,0.0,1,0.39333972740971773
1862,336.25,-58.75,58.75,0.0,1,0.39029621887676536
1863,338.75,-58.75,58.75,0.0,1,0.3754313859066765
1864,341.25,-58.75,58.75,0.0,1,0.35974332411237236
1865,343.75,-58.75,58.75,0.0,1,0.34760616765819463
1866,346.25,-58.75,58.75,0.0,1,0.32134862919197504
1867,348.75,-58.75,58.75,0.0,1,0.27931895340404767
1868,351.25,-58.75,58.75,0.0,1,0.2342906428672217
1869,353.75,-58.75,58.75,0.0,1,0.18719829882305983
1870,356.25,-58.75,58.75,0.0,1,0.11176611469482525
1871,358.75,-58.75,58.75,0.0,1,0.01230139231779929
1872,1.25,-56.25,56.25,0.0,1,0.10565092586155209
1873,3.75,-56.25,56.25,0.0,1,0.04415410618610314
1874,6.25,-56.25,56.25,0.0,1,-0.022386394001325104
1875,8.75,-56.25,56.25,0.0,1,-0.07992000485661903
1876,11.25,-56.25,56.25,0.0,1,-0.12667412782782334
1877,13.75,-56.25,56.25,0.0,1,-0.13835603079073713
1878,16.25,-56.25,56.25,0.0,1,-0.13373736644216935
1879,18.75,-56.25,56.25,0.0,1,-0.13934695249829895
1880,21.25,-56.25,56.25,0.0,1,-0.15684595911937738
1881,23.75,-56.25,56.25,0.0,1,-0.16895603680424778
1882,26.25,-56.25,56.25,0.0,1,-0.16985598459162093
1883,28.75,-56.25,56.25,0.0,1,-0.17307283852789496
1884,31.25,-56.25,56.25,0.0,3,-0.17600976863495946
1885,33.75,-56.25,56.25,0.0,3,-0.16068385103859023
1886,36.25,-56.25,56.25,0.0,3,-0.12762664214309744
1887,38.75,-56.25,56.25,0.0,3,-0.10206277313947759
1888,41.25,-56.25,56.25,0.0,3,-0.08313226164647372
1889,43.75,-56.25,56.25,0.0,3,-0.04982638479692437
1890,46.25,-56.25,56.25,0.0,3,-0.010882505568872738
1891,48.75,-56.25,56.25,0.0,3,0.018026916197982957
1892,51.25,-56.25,56.25,0.0,3,0.038159441947671194
1893,53.75,-56.25,56.25,0.0,3,0.05792762776859994
1894,56.25,-56.25,56.25,0.0,3,0.08087509373771182
1895,58.75,-56.25,56.25,0.0,3,0.09919623996805832
1896,61.25,-56.25,56.25,0.0,3,0.10802691452383403
1897,63.75,-56.25,56.25,0.0,3,0.11208497741324455
1898,66.25,-56.25,56.25,0.0,3,0.11537167074248916
1899,68.75,-56.25,56.25,0.0,3,0.12058628115571991
1900,71.25,-56.25,56.25,0.0,3,0.1239222180430082
1901,73.75,-56.25,56.25,0.0,3,0.11918696777778319
1902,76.25,-56.25,56.25,0.0,3,0.1252691501566413
1903,78.75,-56.25,56.25,0.0,3,0.14458187097024328
1904,81.25,-56.25,56.25,0.0,3,0.20927750669424006
1905,83.75,-56.25,56.25,0.0,3,0.2885605861557717
1906,86.25,-56.25,56.25,0.0,3,0.3406999895633406
1907,88.75,-56.25,56.25,0.0,3,0.35536661993109897
1908,91.25,-56.25,56.25,0.0,3,0.3614131394032637
1909,93.75,-56.25,56.25,0.0,3,0.36084834256590315
1910,96.25,-56.25,56.25,0.0,3,0.35243676445063055
1911,98.75,-56.25,56.25,0.0,3,0.33865916248159816
1912,101.25,-56.25,56.25,0.0,3,0.3191133266384667
1913,103.75,-56.25,56.25,0.0,3,0.2920352802260557
1914,106.25,-56.25,56.25,0.0,3,0.26946160313341816
1915,108.75,-56.25,56.25,0.0,3,0.2382855597900297
1916,111.25,-56.25,56.25,0.0,3,0.19542257023433826
1917,113.75,-56.25,56.25,0.0,3,0.15008738056783116
1918,116.25,-56.25,56.25,0.0,3,0.10816923753938713
1919,118.75,-56.25,56.25,0.0,3,0.08146006859306693
1920,121.25,-56.25,56.25,0.0,2,0.07084808347575758
1921,123.75,-56.25,56.25,0.0,2,0.06439459837489497
1922,126.25,-56.25,56.25,0.0,2,0.05724878181526322
1923,128.75,-56.25,56.25,0.0,2,0.04875656512844236
1924,131.25,-56.25,56.25,0.0,2,0.0386207798032624
1925,133.75,-56.25,56.25,0.0,2,0.028784906576467397
1926,136.25,-56.25,56.25,0.0,2,0.022117596110074172
1927,138.75,-56.25,56.25,0.0,2,0.018240756411030772
1928,141.25,-56.25,56.25,0.0,2,0.015972269922861132
1929,143.75,-56.25,56.25,0.0,2,0.017483138006291365
1930,146.25,-56.25,56.25,0.0,2,0.026537980867504363
1931,148.75,-56.25,56.25,0.0,2,0.0400487411586207
1932,151.25,-56.25,56.25,0.0,2,0.061238879921002035
1933,153.75,-56.25,56.25,0.0,2,0.08910884901610432
1934,156.25,-56.25,56.25,0.0,2,0.10982754269159341
1935,158.75,-56.25,56.25,0.0,2,0.12835513101165563
1936,161.25,-56.25,56.25,0.0,2,0.1366740430658929
1937,163.75,-56.25,56.25,0.0,2,0.14191094887031827
1938,166.25,-56.25,56.25,0.0,2,0.15631164693873992
1939,168.75,-56.25,56.25,0.0,2,0.17472216297327056
1940,171.25,-56.25,56.25,0.0,2,0.19544240119451875
1941,173.75,-56.25,56.25,0.0,2,0.2253162914579179
1942,176.25,-56.25,56.25,0.0,2,0.2592756534774002
1943,178.75,-56.25,56.25,0.0,2,0.28345811563602075
1944,181.25,-56.25,56.25,0.0,2,0.29030158199655165
1945,183.75,-56.25,56.25,0.0,2,0.30265675278925774
1946,186.25,-56.25,56.25,0.0,2,0.3234051422064869
1947,188.75,-56.25,56.25,0.0,2,0.3353589737913926
1948,191.25,-56.25,56.25,0.0,2,0.3334484636646645
1949,193.75,-56.25,56.25,0.0,2,0.3197160786337893
1950,196.25,-56.25,56.25,0.0,2,0.2931468224388003
1951,198.75,-56.25,56.25,0.0,2,0.24932923697017306
1952,201.25,-56.25,56.25,0.0,2,0.19129540472693715
1953,203.75,-56.25,56.25,0.0,2,0.1350099285795456
1954,206.25,-56.25,56.25,0.0,2,0.09662899029071713
1955,208.75,-56.25,56.25,0.0,2,0.09260388736148806
1956,211.25,-56.25,56.25,0.0,2,0.10459154809389187
1957,213.75,-56.25,56.25,0.0,2,0.14064750075034133
1958,216.25,-56.25,56.25,0.0,2,0.1560894607821284
1959,218.75,-56.25,56.25,0.0,2,0.15294016049027384
1960,221.25,-56.25,56.25,0.0,2,0.14308264639516163
1961,223.75,-56.25,56.25,0.0,2,0.12897495647930124
1962,226.25,-56.25,56.25,0.0,2,0.12325760626836331
1963,228.75,-56.25,56.25,0.0,2,0.1343583530902511
1964,231.25,-56.25,56.25,0.0,2,0.16216934064737068
1965,233.75,-56.25,56.25,0.0,2,0.18810156206505624
1966,236.25,-56.25,56.25,0.0,2,0.1990144173749722
1967,238.75,-56.25,56.25,0.0,2,0.19399080919482947
1968,241.25,-56.25,56.25,0.0,2,0.18476159271938034
1969,243.75,-56.25,56.25,0.0,2,0.18038891425012246
1970,246.25,-56.25,56.25,0.0,2,0.18303720241830984
1971,248.75,-56.25,56.25,0.0,2,0.18852710134402584
1972,251.25,-56.25,56.25,0.0,2,0.19470163115482705
1973,253.75,-56.25,56.25,0.0,2,0.19879357236559023
1974,256.25,-56.25,56.25,0.0,2,0.19918168519559895
1975,258.75,-56.25,56.25,0.0,2,0.19733220143707184
1976,261.25,-56.25,56.25,0.0,2,0.1970607609857334
1977,263.75,-56.25,56.25,0.0,2,0.19995838650004397
1978,266.25,-56.25,56.25,0.0,2,0.20425992335378548
1979,268.75,-56.25,56.25,0.0,2,0.20777757094089944
1980,271.25,-56.25,56.25,0.0,2,0.21194537838004318
1981,273.75,-56.25,56.25,0.0,2,0.21518324051202228
1982,276.25,-56.25,56.25,0.0,2,0.21584430239652183
1983,278.75,-56.25,56.25,0.0,2,0.21539259750253903
1984,281.25,-56.25,56.25,0.0,1,0.21335313192202315
1985,283.75,-56.25,56.25,0.0,1,0.21053214309750604
1986,286.25,-56.25,56.25,0.0,1,0.21246515897710033
1987,288.75,-56.25,56.25,0.0,1,0.23502480845023543
1988,291.25,-56.25,56.25,0.0,1,0.27023321286672214
1989,293.75,-56.25,56.25,0.0,1,0.2688294156893516
1990,296.25,-56.25,56.25,0.0,1,0.25348090779691357
1991,298.75,-56.25,56.25,0.0,1,0.2579509203002656
1992,301.25,-56.25,56.25,0.0,1,0.2702062126341191
1993,303.75,-56.25,56.25,0.0,1,0.28619080480743425
1994,306.25,-56.25,56.25,0.0,1,0.31097468721908106
1995,308.75,-56.25,56.25,0.0,1,0.3508392463940286
1996,311.25,-56.25,56.25,0.0,1,0.4021251698556252
1997,313.75,-56.25,56.25,0.0,1,0.4298762851163144
1998,316.25,-56.25,56.25,0.0,1,0.42340436810896187
1999,318.75,-56.25,56.25,0.0,1,0.419437024568922
2000,321.25,-56.25,56.25,0.0,1,0.4065351295398813
2001,323.75,-56.25,56.25,0.0,1,0.38375248048160854
2002,326.25,-56.25,56.25,0.0,1,0.35801925141481966
2003,328.75,-56.25,56.25,0.0,1,0.330807580094793
2004,331.25,-56.25,56.25,0.0,1,0.34573215113247946
2005,333.75,-56.25,56.25,0.0,1,0.3681014989355305
2006,336.25,-56.25,56.25,0.0,1,0.34709442848820704
2007,338.75,-56.25,56.25,0.0,1,0.31288711257467716
2008,341.25,-56.25,56.25,0.0,1,0.27664084032099856
2009,343.75,-56.25,56.25,0.0,1,0.2502564592201484
2010,346.25,-56.25,56.25,0.0,1,0.23825172282156512
2011,348.75,-56.25,56.25,0.0,1,0.23168828505860328
2012,351.25,-56.25,56.25,0.0,1,0.23634458693034527
2013,353.75,-56.25,56.25,0.0,1,0.23501627867020836
2014,356.25,-56.25,56.25,0.0,1,0.2039729198975039
2015,358.75,-56.25,56.25,0.0,1,0.1554810401876428
2016,1.25,-53.75,53.75,0.0,1,0.2584421950995004
2017,3.75,-53.75,53.75,0.0,1,0.21671414061020258
2018,6.25,-53.75,53.75,0.0,1,0.17244815800361343
2019,8.75,-53.75,53.75,0.0,1,0.136434664870119
2020,11.25,-53.75,53.75,0.0,1,0.09580136808755836
2021,13.75,-53.75,53.75,0.0,1,0.06804764822247432
2022,16.25,-53.75,53.75,0.0,1,0.06589718236825211
2023,18.75,-53.75,53.75,0.0,1,0.06700956792316318
2024,21.25,-53.75,53.75,0.0,1,0.05272883947207741
2025,23.75,-53.75,53.75,0.0,1,0.042886679592917705
2026,26.25,-53.75,53.75,0.0,1,0.060918906715354326
2027,28.75,-53.75,53.75,0.0,1,0.07595884507458331
2028,31.25,-53.75,53.75,0.0,3,0.06954372663138363
2029,33.75,-53.75,53.75,0.0,3,0.06483310470718373
2030,36.25,-53.75,53.75,0.0,3,0.06923734181374372
2031,38.75,-53.75,53.75,0.0,3,0.0723336846349006
2032,41.25,-53.75,53.75,0.0,3,0.07623636210674468
2033,43.75,-53.75,53.75,0.0,3,0.08509649938777059
2034,46.25,-53.75,53.75,0.0,3,0.09666918043151247
2035,48.75,-53.75,53.75,0.0,3,0.10792789397503566
2036,51.25,-53.75,53.75,0.0,3,0.11923423281973154
2037,53.75,-53.75,53.75,0.0,3,0.13373101669785703
2038,56.25,-53.75,53.75,0.0,3,0.14891755922454494
2039,58.75,-53.75,53.75,0.0,3,0.1591534471576971
2040,61.25,-53.75,53.75,0.0,3,0.1629570854671436
2041,63.75,-53.75,53.75,0.0,3,0.16398399230111743
2042,66.25,-53.75,53.75,0.0,3,0.16839024658038854
2043,68.75,-53.75,53.75,0.0,3,0.17802097773165185
2044,71.25,-53.75,53.75,0.0,3,0.18950577882433547
2045,73.75,-53.75,53.75,0.0,3,0.19913671109519437
2046,76.25,-53.75,53.75,0.0,3,0.19907920807353716
2047,78.75,-53.75,53.75,0.0,3,0.17682804612405284
2048,81.25,-53.75,53.75,0.0,3,0.16623584831516422
2049,83.75,-53.75,53.75,0.0,3,0.18431360197096572
2050,86.25,-53.75,53.75,0.0,3,0.20377403711117223
2051,88.75,-53.75,53.75,0.0,3,0.21794174988671686
2052,91.25,-53.75,53.75,0.0,3,0.22725431811228333
2053,93.75,-53.75,53.75,0.0,3,0.22887013895203911
2054,96.25,-53.75,53.75,0.0,3,0.21922819872493038
2055,98.75,-53.75,53.75,0.0,3,0.20435374650709165
2056,101.25,-53.75,53.75,0.0,3,0.19156828982530433
2057,103.75,-53.75,53.75,0.0,3,0.18705292272709564
2058,106.25,-53.75,53.75,0.0,3,0.18017932610683088
2059,108.75,-53.75,53.75,0.0,3,0.15821378835315755
2060,111.25,-53.75,53.75,0.0,3,0.12318521259141435
2061,113.75,-53.75,53.75,0.0,3,0.10071398761264362
2062,116.25,-53.75,53.75,0.0,3,0.08942400458458694
2063,118.75,-53.75,53.75,0.0,3,0.08203985048163051
2064,121.25,-53.75,53.75,0.0,2,0.07481837195605365
2065,123.75,-53.75,53.75,0.0,2,0.06941507215887027
2066,126.25,-53.75,53.75,0.0,2,0.06274220643811212
2067,128.75,-53.75,53.75,0.0,2,0.05293137032324368
2068,131.25,-53.75,53.75,0.0,2,0.04151397533369888
2069,133.75,-53.75,53.75,0.0,2,0.032252426992695746
2070,136.25,-53.75,53.75,0.0,2,0.025600423206610667
2071,138.75,-53.75,53.75,0.0,2,0.02162886535624699
2072,141.25,-53.75,53.75,0.0,2,0.02003209956285194
2073,143.75,-53.75,53.75,0.0,2,0.019214058914455098
2074,146.25,-53.75,53.75,0.0,2,0.017169197210206023
2075,148.75,-53.75,53.75,0.0,2,0.01839618468739589
2076,151.25,-53.75,53.75,0.0,2,0.03290878114257644
2077,153.75,-53.75,53.75,0.0,2,0.06176078667166194
2078,156.25,-53.75,53.75,0.0,2,0.08778751147804247
2079,158.75,-53.75,53.75,0.0,2,0.10312469986078693
2080,161.25,-53.75,53.75,0.0,2,0.11422432684861461
2081,163.75,-53.75,53.75,0.0,2,0.12355317319930276
2082,166.25,-53.75,53.75,0.0,2,0.13722444258366318
2083,168.75,-53.75,53.75,0.0,2,0.1545672224689491
2084,171.25,-53.75,53.75,0.0,2,0.17322543584448294
2085,173.75,-53.75,53.75,0.0,2,0.19208420522379752
2086,176.25,-53.75,53.75,0.0,2,0.21598281362804636
2087,178.75,-53.75,53.75,0.0,2,0.24194268962264054
2088,181.25,-53.75,53.75,0.0,2,0.252660002299571
2089,183.75,-53.75,53.75,0.0,2,0.25924762741685053
2090,186.25,-53.75,53.75,0.0,2,0.27075887924286995
2091,188.75,-53.75,53.75,0.0,2,0.2801500770706251
2092,191.25,-53.75,53.75,0.0,2,0.28354268823093437
2093,193.75,-53.75,53.75,0.0,2,0.2764481170299065
2094,196.25,-53.75,53.75,0.0,2,0.2515167781745868
2095,198.75,-53.75,53.75,0.0,2,0.20818344371055586
2096,201.25,-53.75,53.75,0.0,2,0.16223149497817763
2097,203.75,-53.75,53.75,0.0,2,0.12265569511769397
2098,206.25,-53.75,53.75,0.0,2,0.08777683644567007
2099,208.75,-53.75,53.75,0.0,2,0.06784303302166242
2100,211.25,-53.75,53.75,0.0,2,0.08563197286041578
2101,213.75,-53.75,53.75,0.0,2,0.14855285546472766
2102,216.25,-53.75,53.75,0.0,2,0.18461546475944499
2103,218.75,-53.75,53.75,0.0,2,0.18682401874871266
2104,221.25,-53.75,53.75,0.0,2,0.17900762435046916
2105,223.75,-53.75,53.75,0.0,2,0.1677151546615937
2106,226.25,-53.75,53.75,0.0,2,0.1641666177682024
2107,228.75,-53.75,53.75,0.0,2,0.17548359951683795
2108,231.25,-53.75,53.75,0.0,2,0.1974046563273369
2109,233.75,-53.75,53.75,0.0,2,0.21691637553093543
2110,236.25,-53.75,53.75,0.0,2,0.22533830537429317
2111,238.75,-53.75,53.75,0.0,2,0.2217369074203241
2112,241.25,-53.75,53.75,0.0,2,0.2156118460493825
2113,243.75,-53.75,53.75,0.0,2,0.21189813288219395
2114,246.25,-53.75,53.75,0.0,2,0.21072012647094668
2115,248.75,-53.75,53.75,0.0,2,0.2104392587292589
2116,251.25,-53.75,53.75,0.0,2,0.21058275043234623
2117,253.75,-53.75,53.75,0.0,2,0.21263667077043225
2118,256.25,-53.75,53.75,0.0,2,0.21518726340840505
2119,258.75,-53.75,53.75,0.0,2,0.21757267606881764
2120,261.25,-53.75,53.75,0.0,2,0.2209951087321924
2121,263.75,-53.75,53.75,0.0,2,0.2244651019760069
2122,266.25,-53.75,53.75,0.0,2,0.2272277804888156
2123,268.75,-53.75,53.75,0.0,2,0.22838585155098484
2124,271.25,-53.75,53.75,0.0,2,0.22864119502494465
2125,273.75,-53.75,53.75,0.0,2,0.2270625937821998
2126,276.25,-53.75,53.75,0.0,2,0.22185359979947866
2127,278.75,-53.75,53.75,0.0,2,0.2173753257865707
2128,281.25,-53.75,53.75,0.0,1,0.21646616053935133
2129,283.75,-53.75,53.75,0.0,1,0.21375030296314637
2130,286.25,-53.75,53.75,0.0,1,0.2686274711805928
2131,288.75,-53.75,53.75,1.0,0,0.3986668386102839
2132,291.25,-53.75,53.75,0.0,0,0.41584033928064135
2133,293.75,-53.75,53.75,0.0,1,0.3558646162035858
2134,296.25,-53.75,53.75,0.0,1,0.3049973622218623
2135,298.75,-53.75,53.75,0.0,1,0.2978390038375759
2136,301.25,-53.75,53.75,0.0,1,0.2997389857836288
2137,303.75,-53.75,53.75,0.0,1,0.285490949335456
2138,306.25,-53.75,53.75,0.0,1,0.2806415761589362
2139,308.75,-53.75,53.75,0.0,1,0.28633725338501004
2140,311.25,-53.75,53.75,0.0,1,0.3085210656256106
2141,313.75,-53.75,53.75,0.0,1,0.34861786714394083
2142,316.25,-53.75,53.75,0.0,1,0.3848831949699281
2143,318.75,-53.75,53.75,0.0,1,0.4205776739355402
2144,321.25,-53.75,53.75,0.0,1,0.4497598574232339
2145,323.75,-53.75,53.75,0.0,1,0.47140941968031347
2146,326.25,-53.75,53.75,0.0,1,0.4637572368001648
2147,328.75,-53.75,53.75,0.0,1,0.443572510855871
2148,331.25,-53.75,53.75,0.0,1,0.4514826159956835
2149,333.75,-53.75,53.75,0.0,1,0.4652221185985381
2150,336.25,-53.75,53.75,0.0,1,0.44845787013983485
2151,338.75,-53.75,53.75,0.0,1,0.4205909001361961
2152,341.25,-53.75,53.75,0.0,1,0.394365811869299
2153,343.75,-53.75,53.75,0.0,1,0.37695993615230966
2154,346.25,-53.75,53.75,0.0,1,0.3665523474825571
2155,348.75,-53.75,53.75,0.0,1,0.3551425947072415
2156,351.25,-53.75,53.75,0.0,1,0.34698263734082546
2157,353.75,-53.75,53.75,0.0,1,0.33931199551925945
2158,356.25,-53.75,53.75,0.0,1,0.316237959806537
2159,358.75,-53.75,53.75,0.0,1,0.28733027660199817
2160,1.25,-51.25,51.25,0.0,1,0.31436269196275907
2161,3.75,-51.25,51.25,0.0,1,0.2908160922208958
2162,6.25,-51.25,51.25,0.0,1,0.2598492858853144
2163,8.75,-51.25,51.25,0.0,1,0.24001631920179603
2164,11.25,-51.25,51.25,0.0,1,0.22906666433331924
2165,13.75,-51.25,51.25,0.0,1,0.22222029037178603
2166,16.25,-51.25,51.25,0.0,1,0.21850341693867137
2167,18.75,-51.25,51.25,0.0,1,0.21434832622004185
2168,21.25,-51.25,51.25,0.0,1,0.2017005497455986
2169,23.75,-51.25,51.25,0.0,1,0.1854364388943144
2170,26.25,-51.25,51.25,0.0,1,0.18153325474226698
2171,28.75,-51.25,51.25,0.0,1,0.18330346988883142
2172,31.25,-51.25,51.25,0.0,3,0.17811800957258694
2173,33.75,-51.25,51.25,0.0,3,0.17020205753481066
2174,36.25,-51.25,51.25,0.0,3,0.16373750469956835
2175,38.75,-51.25,51.25,0.0,3,0.15551069228592276
2176,41.25,-51.25,51.25,0.0,3,0.1488105087441104
2177,43.75,-51.25,51.25,0.0,3,0.14913747388018295
2178,46.25,-51.25,51.25,0.0,3,0.15481035194902443
2179,48.75,-51.25,51.25,0.0,3,0.16312131446972553
2180,51.25,-51.25,51.25,0.0,3,0.1726339913563114
2181,53.75,-51.25,51.25,0.0,3,0.18228805978417134
2182,56.25,-51.25,51.25,0.0,3,0.19091371711642446
2183,58.75,-51.25,51.25,0.0,3,0.19600504004183425
2184,61.25,-51.25,51.25,0.0,3,0.19693262556044475
2185,63.75,-51.25,51.25,0.0,3,0.19910197517095432
2186,66.25,-51.25,51.25,0.0,3,0.20946554308390883
2187,68.75,-51.25,51.25,0.0,3,0.22553860727260416
2188,71.25,-51.25,51.25,0.0,3,0.23624693618895812
2189,73.75,-51.25,51.25,0.0,3,0.24651597644112985
2190,76.25,-51.25,51.25,0.0,3,0.24901200511591784
2191,78.75,-51.25,51.25,0.0,3,0.22725297000646613
2192,81.25,-51.25,51.25,0.0,3,0.1970754519752496
2193,83.75,-51.25,51.25,0.0,3,0.18087288694312487
2194,86.25,-51.25,51.25,0.0,3,0.17874818598564826
2195,88.75,-51.25,51.25,0.0,3,0.18432315799179189
2196,91.25,-51.25,51.25,0.0,3,0.18909761800435168
2197,93.75,-51.25,51.25,0.0,3,0.19676046758989155
2198,96.25,-51.25,51.25,0.0,3,0.20184949420550205
2199,98.75,-51.25,51.25,0.0,3,0.19682094062973032
2200,101.25,-51.25,51.25,0.0,3,0.19156622748700283
2201,103.75,-51.25,51.25,0.0,3,0.1987577502989885
2202,106.25,-51.25,51.25,0.0,3,0.19711040083352838
2203,108.75,-51.25,51.25,0.0,3,0.17728929269293753
2204,111.25,-51.25,51.25,0.0,3,0.1599419550751976
2205,113.75,-51.25,51.25,0.0,3,0.15505722870906144
2206,116.25,-51.25,51.25,0.0,3,0.14878230826712893
2207,118.75,-51.25,51.25,0.0,3,0.13149426626725197
2208,121.25,-51.25,51.25,0.0,2,0.11382443202325425
2209,123.75,-51.25,51.25,0.0,2,0.10000626159272434
2210,126.25,-51.25,51.25,0.0,2,0.08514650970159943
2211,128.75,-51.25,51.25,0.0,2,0.06740003389138766
2212,131.25,-51.25,51.25,0.0,2,0.0504774224154484
2213,133.75,-51.25,51.25,0.0,2,0.03925249657957673
2214,136.25,-51.25,51.25,0.0,2,0.031940593363676474
2215,138.75,-51.25,51.25,0.0,2,0.02602881904517869
2216,141.25,-51.25,51.25,0.0,2,0.023491802316548464
2217,143.75,-51.25,51.25,0.0,2,0.026983110608720717
2218,146.25,-51.25,51.25,0.0,2,0.03327706828941567
2219,148.75,-51.25,51.25,0.0,2,0.04475512387580243
2220,151.25,-51.25,51.25,0.0,2,0.06170077460384033
2221,153.75,-51.25,51.25,0.0,2,0.08507221449140302
2222,156.25,-51.25,51.25,0.0,2,0.10744676724264385
2223,158.75,-51.25,51.25,0.0,2,0.1219771909221579
2224,161.25,-51.25,51.25,0.0,2,0.13479787662693068
2225,163.75,-51.25,51.25,0.0,2,0.14737816912847757
2226,166.25,-51.25,51.25,0.0,2,0.16570659418901246
2227,168.75,-51.25,51.25,0.0,2,0.18037566918071882
2228,171.25,-51.25,51.25,0.0,2,0.19288736900503525
2229,173.75,-51.25,51.25,0.0,2,0.20669937239228384
2230,176.25,-51.25,51.25,0.0,2,0.21851852781013859
2231,178.75,-51.25,51.25,0.0,2,0.23038903831154534
2232,181.25,-51.25,51.25,0.0,2,0.23904234696641316
2233,183.75,-51.25,51.25,0.0,2,0.24691480835714724
2234,186.25,-51.25,51.25,0.0,2,0.25687093544145007
2235,188.75,-51.25,51.25,0.0,2,0.2660051439318857
2236,191.25,-51.25,51.25,0.0,2,0.27061873849271945
2237,193.75,-51.25,51.25,0.0,2,0.26605248511690704
2238,196.25,-51.25,51.25,0.0,2,0.24460821331574573
2239,198.75,-51.25,51.25,0.0,2,0.2059283953142721
2240,201.25,-51.25,51.25,0.0,2,0.17713675846007035
2241,203.75,-51.25,51.25,0.0,2,0.1656229128022743
2242,206.25,-51.25,51.25,0.0,2,0.1601321668103118
2243,208.75,-51.25,51.25,0.0,2,0.16554721976851927
2244,211.25,-51.25,51.25,0.0,2,0.19536538778651438
2245,213.75,-51.25,51.25,0.0,2,0.23910276068151365
2246,216.25,-51.25,51.25,0.0,2,0.25641579645851975
2247,218.75,-51.25,51.25,0.0,2,0.254046632672029
2248,221.25,-51.25,51.25,0.0,2,0.25089798892367837
2249,223.75,-51.25,51.25,0.0,2,0.2507325910804999
2250,226.25,-51.25,51.25,0.0,2,0.2512675835247606
2251,228.75,-51.25,51.25,0.0,2,0.25056535114254275
2252,231.25,-51.25,51.25,0.0,2,0.25111635966145507
2253,233.75,-51.25,51.25,0.0,2,0.25368564968994783
2254,236.25,-51.25,51.25,0.0,2,0.2519605459818606
2255,238.75,-51.25,51.25,0.0,2,0.2461717630806801
2256,241.25,-51.25,51.25,0.0,2,0.23986389393645716
2257,243.75,-51.25,51.25,0.0,2,0.23280279751127975
2258,246.25,-51.25,51.25,0.0,2,0.22668127449939166
2259,248.75,-51.25,51.25,0.0,2,0.22259511160559084
2260,251.25,-51.25,51.25,0.0,2,0.22165109157427884
2261,253.75,-51.25,51.25,0.0,2,0.2266414726415761
2262,256.25,-51.25,51.25,0.0,2,0.23220277916866644
2263,258.75,-51.25,51.25,0.0,2,0.23520782533765708
2264,261.25,-51.25,51.25,0.0,2,0.23494737655555448
2265,263.75,-51.25,51.25,0.0,2,0.23358131050831282
2266,266.25,-51.25,51.25,0.0,2,0.23213083091281772
2267,268.75,-51.25,51.25,0.0,2,0.2297989383633408
2268,271.25,-51.25,51.25,0.0,2,0.2272142307421019
2269,273.75,-51.25,51.25,0.0,2,0.22330020882843565
2270,276.25,-51.25,51.25,0.0,2,0.22008022274726444
2271,278.75,-51.25,51.25,0.0,2,0.22814553903229456
2272,281.25,-51.25,51.25,0.0,1,0.23314654125950016
2273,283.75,-51.25,51.25,0.0,1,0.2457440443277311
2274,286.25,-51.25,51.25,0.0,1,0.3781239215958758
2275,288.75,-51.25,51.25,1.0,0,0.47632140769574566
2276,291.25,-51.25,51.25,0.0,1,0.4433341222659135
2277,293.75,-51.25,51.25,0.0,1,0.37383501615680703
2278,296.25,-51.25,51.25,0.0,1,0.36096522248949986
2279,298.75,-51.25,51.25,0.0,1,0.34813340495068057
2280,301.25,-51.25,51.25,0.0,1,0.3391933675759038
2281,303.75,-51.25,51.25,0.0,1,0.31027426193540153
2282,306.25,-51.25,51.25,0.0,1,0.28845719311305273
2283,308.75,-51.25,51.25,0.0,1,0.28184142752669916
2284,311.25,-51.25,51.25,0.0,1,0.29659649673611527
2285,313.75,-51.25,51.25,0.0,1,0.32658716476995187
2286,316.25,-51.25,51.25,0.0,1,0.3554969241481576
2287,318.75,-51.25,51.25,0.0,1,0.39472589909937217
2288,321.25,-51.25,51.25,0.0,1,0.4293672560677563
2289,323.75,-51.25,51.25,0.0,1,0.46749978354700844
2290,326.25,-51.25,51.25,0.0,1,0.5040184040008959
2291,328.75,-51.25,51.25,0.0,1,0.5286965342409542
2292,331.25,-51.25,51.25,0.0,1,0.55013299542001
2293,333.75,-51.25,51.25,0.0,1,0.5551869060397365
2294,336.25,-51.25,51.25,0.0,1,0.5355044458968382
2295,338.75,-51.25,51.25,0.0,1,0.505793321411292
2296,341.25,-51.25,51.25,0.0,1,0.4723838381515552
2297,343.75,-51.25,51.25,0.0,1,0.43847250754874795
2298,346.25,-51.25,51.25,0.0,1,0.4094660193506773
2299,348.75,-51.25,51.25,0.0,1,0.378116759238012
2300,351.25,-51.25,51.25,0.0,1,0.3498219958247484
2301,353.75,-51.25,51.25,0.0,1,0.34434157744966903
2302,356.25,-51.25,51.25,0.0,1,0.3443555003706816
2303,358.75,-51.25,51.25,0.0,1,0.33191067096537746
2304,1.25,-48.75,48.75,0.0,1,0.33992481347039644
2305,3.75,-48.75,48.75,0.0,1,0.3196948521029662
2306,6.25,-48.75,48.75,0.0,1,0.30095050348303437
2307,8.75,-48.75,48.75,0.0,1,0.2946707930095028
2308,11.25,-48.75,48.75,0.0,1,0.29634764322636664
2309,13.75,-48.75,48.75,0.0,1,0.2960313171690385
2310,16.25,-48.75,48.75,0.0,1,0.28877551483163
2311,18.75,-48.75,48.75,0.0,1,0.27167970770055916
2312,21.25,-48.75,48.75,0.0,1,0.2510181448843713
2313,23.75,-48.75,48.75,0.0,1,0.23804166143767583
2314,26.25,-48.75,48.75,0.0,1,0.23296786394207297
2315,28.75,-48.75,48.75,0.0,1,0.23021539893096526
2316,31.25,-48.75,48.75,0.0,3,0.23109940593227069
2317,33.75,-48.75,48.75,0.0,3,0.2326269211608061
2318,36.25,-48.75,48.75,0.0,3,0.22911069848002688
2319,38.75,-48.75,48.75,0.0,3,0.22105251146283517
2320,41.25,-48.75,48.75,0.0,3,0.21296060456397867
2321,43.75,-48.75,48.75,0.0,3,0.20832223719298895
2322,46.25,-48.75,48.75,0.0,3,0.21047205894881274
2323,48.75,-48.75,48.75,0.0,3,0.2167124741296088
2324,51.25,-48.75,48.75,0.0,3,0.2191555279155608
2325,53.75,-48.75,48.75,0.0,3,0.21950250344522576
2326,56.25,-48.75,48.75,0.0,3,0.21413685013153008
2327,58.75,-48.75,48.75,0.0,3,0.20909889941405307
2328,61.25,-48.75,48.75,0.0,3,0.2136854112101151
2329,63.75,-48.75,48.75,0.0,3,0.22772516122669095
2330,66.25,-48.75,48.75,0.0,3,0.24728279849960555
2331,68.75,-48.75,48.75,0.0,3,0.2658793545284428
2332,71.25,-48.75,48.75,0.0,3,0.27448497260526766
2333,73.75,-48.75,48.75,0.0,3,0.2924198937320016
2334,76.25,-48.75,48.75,0.0,3,0.31002848960606566
2335,78.75,-48.75,48.75,0.0,3,0.3156185693891
2336,81.25,-48.75,48.75,0.0,3,0.305078370724237
2337,83.75,-48.75,48.75,0.0,3,0.2906059299078618
2338,86.25,-48.75,48.75,0.0,3,0.284444331960054
2339,88.75,-48.75,48.75,0.0,3,0.29026427977515823
2340,91.25,-48.75,48.75,0.0,3,0.30338738335383475
2341,93.75,-48.75,48.75,0.0,3,0.3231647192506103
2342,96.25,-48.75,48.75,0.0,3,0.33244545130262726
2343,98.75,-48.75,48.75,0.0,3,0.325855017990224
2344,101.25,-48.75,48.75,0.0,3,0.31615453473605
2345,103.75,-48.75,48.75,0.0,3,0.3103470707249986
2346,106.25,-48.75,48.75,0.0,3,0.2952289729294727
2347,108.75,-48.75,48.75,0.0,3,0.2683519456372941
2348,111.25,-48.75,48.75,0.0,3,0.245074904761364
2349,113.75,-48.75,48.75,0.0,3,0.22494470644755213
2350,116.25,-48.75,48.75,0.0,3,0.19745217994119876
2351,118.75,-48.75,48.75,0.0,3,0.1668509731348276
2352,121.25,-48.75,48.75,0.0,2,0.14255638357414277
2353,123.75,-48.75,48.75,0.0,2,0.12014157330284568
2354,126.25,-48.75,48.75,0.0,2,0.0970650163901026
2355,128.75,-48.75,48.75,0.0,2,0.07677773766121974
2356,131.25,-48.75,48.75,0.0,2,0.06067387987550004
2357,133.75,-48.75,48.75,0.0,2,0.05035641838656226
2358,136.25,-48.75,48.75,0.0,2,0.04234602462068081
2359,138.75,-48.75,48.75,0.0,2,0.03463136372664287
2360,141.25,-48.75,48.75,0.0,2,0.03867982837246341
2361,143.75,-48.75,48.75,0.0,2,0.06766024914520696
2362,146.25,-48.75,48.75,0.0,2,0.11622094312391965
2363,148.75,-48.75,48.75,0.0,2,0.1559729564813817
2364,151.25,-48.75,48.75,0.0,2,0.17312939491626447
2365,153.75,-48.75,48.75,0.0,2,0.1785699882510907
2366,156.25,-48.75,48.75,0.0,2,0.1798982778623139
2367,158.75,-48.75,48.75,0.0,2,0.18115246372947327
2368,161.25,-48.75,48.75,0.0,2,0.18369996277286396
2369,163.75,-48.75,48.75,0.0,2,0.20130516476874516
2370,166.25,-48.75,48.75,0.0,2,0.2469881634073718
2371,168.75,-48.75,48.75,0.0,2,0.26221428471100194
2372,171.25,-48.75,48.75,0.0,2,0.25178129219681394
2373,173.75,-48.75,48.75,0.0,2,0.25126110586274647
2374,176.25,-48.75,48.75,0.0,2,0.2522359637490418
2375,178.75,-48.75,48.75,0.0,2,0.2587320404015624
2376,181.25,-48.75,48.75,0.0,2,0.2664359966157609
2377,183.75,-48.75,48.75,0.0,2,0.27792609560793957
2378,186.25,-48.75,48.75,0.0,2,0.2882412558990292
2379,188.75,-48.75,48.75,0.0,2,0.2941270095453975
2380,191.25,-48.75,48.75,0.0,2,0.29336710013128947
2381,193.75,-48.75,48.75,0.0,2,0.2842319147817382
2382,196.25,-48.75,48.75,0.0,2,0.2668625445640461
2383,198.75,-48.75,48.75,0.0,2,0.24132236441814953
2384,201.25,-48.75,48.75,0.0,2,0.23027805789888453
2385,203.75,-48.75,48.75,0.0,2,0.23989440104020812
2386,206.25,-48.75,48.75,0.0,2,0.26026153147621867
2387,208.75,-48.75,48.75,0.0,2,0.28282331080172646
2388,211.25,-48.75,48.75,0.0,2,0.30380686904115867
2389,213.75,-48.75,48.75,0.0,2,0.316071881393466
2390,216.25,-48.75,48.75,0.0,2,0.313510789617147
2391,218.75,-48.75,48.75,0.0,2,0.3077747873914896
2392,221.25,-48.75,48.75,0.0,2,0.3037064841842457
2393,223.75,-48.75,48.75,0.0,2,0.2976704283839864
2394,226.25,-48.75,48.75,0.0,2,0.2891114863072041
2395,228.75,-48.75,48.75,0.0,2,0.2806309514458257
2396,231.25,-48.75,48.75,0.0,2,0.2755473249601362
2397,233.75,-48.75,48.75,0.0,2,0.27186845526933295
2398,236.25,-48.75,48.75,0.0,2,0.26624140845752237
2399,238.75,-48.75,48.75,0.0,2,0.2597009353645912
2400,241.25,-48.75,48.75,0.0,2,0.25260789051016214
2401,243.75,-48.75,48.75,0.0,2,0.24477434529181502
2402,246.25,-48.75,48.75,0.0,2,0.23855892937918088
2403,248.75,-48.75,48.75,0.0,2,0.23609540741132232
2404,251.25,-48.75,48.75,0.0,2,0.2370795184588341
2405,253.75,-48.75,48.75,0.0,2,0.23980669947786862
2406,256.25,-48.75,48.75,0.0,2,0.24084220306272397
2407,258.75,-48.75,48.75,0.0,2,0.23912696110776552
2408,261.25,-48.75,48.75,0.0,2,0.23642061018715807
2409,263.75,-48.75,48.75,0.0,2,0.23581765604991564
2410,266.25,-48.75,48.75,0.0,2,0.23746433047571194
2411,268.75,-48.75,48.75,0.0,2,0.23771962171193034
2412,271.25,-48.75,48.75,0.0,2,0.23632953809231433
2413,273.75,-48.75,48.75,0.0,2,0.23471902485544166
2414,276.25,-48.75,48.75,0.0,2,0.2364891814174058
2415,278.75,-48.75,48.75,0.0,2,0.24632326449266742
2416,281.25,-48.75,48.75,0.0,1,0.23988561366975117
2417,283.75,-48.75,48.75,0.0,1,0.28659964331555166
2418,286.25,-48.75,48.75,1.0,0,0.479782146865299
2419,288.75,-48.75,48.75,1.0,0,0.5771724079578382
2420,291.25,-48.75,48.75,1.0,0,0.5627354536036969
2421,293.75,-48.75,48.75,0.0,1,0.43627786799691953
2422,296.25,-48.75,48.75,0.0,1,0.4011731190318079
2423,298.75,-48.75,48.75,0.0,1,0.3757254641741047
2424,301.25,-48.75,48.75,0.0,1,0.3480912724444349
2425,303.75,-48.75,48.75,0.0,1,0.32172999532536695
2426,306.25,-48.75,48.75,0.0,1,0.30471065506111966
2427,308.75,-48.75,48.75,0.0,1,0.3096506732621707
2428,311.25,-48.75,48.75,0.0,1,0.32919420042321895
2429,313.75,-48.75,48.75,0.0,1,0.3466331881697293
2430,316.25,-48.75,48.75,0.0,1,0.3540061598574405
2431,318.75,-48.75,48.75,0.0,1,0.36740361255346193
2432,321.25,-48.75,48.75,0.0,1,0.38591255235200456
2433,323.75,-48.75,48.75,0.0,1,0.4022252732760355
2434,326.25,-48.75,48.75,0.0,1,0.4186777335083177
2435,328.75,-48.75,48.75,0.0,1,0.4315250494444487
2436,331.25,-48.75,48.75,0.0,1,0.4389854925927542
2437,333.75,-48.75,48.75,0.0,1,0.4384215276176604
2438,336.25,-48.75,48.75,0.0,1,0.42194284870421667
2439,338.75,-48.75,48.75,0.0,1,0.40278575370326386
2440,341.25,-48.75,48.75,0.0,1,0.39310081053318047
2441,343.75,-48.75,48.75,0.0,1,0.39068186404883154
2442,346.25,-48.75,48.75,0.0,1,0.38552514041900926
2443,348.75,-48.75,48.75,0.0,1,0.370288013162026
2444,351.25,-48.75,48.75,0.0,1,0.3540720325610503
2445,353.75,-48.75,48.75,0.0,1,0.35422985732240614
2446,356.25,-48.75,48.75,0.0,1,0.35885213868473387
2447,358.75,-48.75,48.75,0.0,1,0.35389692737997847
2448,1.25,-46.25,46.25,0.0,1,0.39367655678001207
2449,3.75,-46.25,46.25,0.0,1,0.38412261452726554
2450,6.25,-46.25,46.25,0.0,1,0.3773046707568456
2451,8.75,-46.25,46.25,0.0,1,0.37459359803223297
2452,11.25,-46.25,46.25,0.0,1,0.37357016138180393
2453,13.75,-46.25,46.25,0.0,1,0.3672963993213009
2454,16.25,-46.25,46.25,0.0,1,0.3515045156644753
2455,18.75,-46.25,46.25,0.0,1,0.3255561089763687
2456,21.25,-46.25,46.25,0.0,1,0.3043589832853409
2457,23.75,-46.25,46.25,0.0,1,0.29617862013671625
2458,26.25,-46.25,46.25,0.0,1,0.28964601234680454
2459,28.75,-46.25,46.25,0.0,1,0.2847321950136708
2460,31.25,-46.25,46.25,0.0,3,0.2888751731602339
2461,33.75,-46.25,46.25,0.0,3,0.28903135102129696
2462,36.25,-46.25,46.25,0.0,3,0.27974591494938594
2463,38.75,-46.25,46.25,0.0,3,0.2707028794995698
2464,41.25,-46.25,46.25,0.0,3,0.2617415220056159
2465,43.75,-46.25,46.25,0.0,3,0.2515954015584644
2466,46.25,-46.25,46.25,0.0,3,0.2510517474776586
2467,48.75,-46.25,46.25,0.0,3,0.2593016741524952
2468,51.25,-46.25,46.25,0.0,3,0.2650355823479735
2469,53.75,-46.25,46.25,0.0,3,0.2710749409057993
2470,56.25,-46.25,46.25,0.0,3,0.26826077306225593
2471,58.75,-46.25,46.25,0.0,3,0.2580622765880314
2472,61.25,-46.25,46.25,0.0,3,0.2518188628292355
2473,63.75,-46.25,46.25,0.0,3,0.2518595847445487
2474,66.25,-46.25,46.25,0.0,3,0.2627168645754869
2475,68.75,-46.25,46.25,0.0,3,0.27935050853262283
2476,71.25,-46.25,46.25,0.0,3,0.29542678636498854
2477,73.75,-46.25,46.25,0.0,3,0.31728330170923047
2478,76.25,-46.25,46.25,0.0,3,0.34685763544346804
2479,78.75,-46.25,46.25,0.0,3,0.3773387508679793
2480,81.25,-46.25,46.25,0.0,3,0.38896192281575465
2481,83.75,-46.25,46.25,0.0,3,0.38693901882280823
2482,86.25,-46.25,46.25,0.0,3,0.38914331063089835
2483,88.75,-46.25,46.25,0.0,3,0.3985844208378318
2484,91.25,-46.25,46.25,0.0,3,0.4094032018860045
2485,93.75,-46.25,46.25,0.0,3,0.4171909084100929
2486,96.25,-46.25,46.25,0.0,3,0.41017954175429133
2487,98.75,-46.25,46.25,0.0,3,0.3944384890624394
2488,101.25,-46.25,46.25,0.0,3,0.37807037934014137
2489,103.75,-46.25,46.25,0.0,3,0.35980174071339477
2490,106.25,-46.25,46.25,0.0,3,0.3355996207272037
2491,108.75,-46.25,46.25,0.0,3,0.3049328807411293
2492,111.25,-46.25,46.25,0.0,3,0.2735170911657835
2493,113.75,-46.25,46.25,0.0,3,0.24433009218161178
2494,116.25,-46.25,46.25,0.0,3,0.21353468292192435
2495,118.75,-46.25,46.25,0.0,3,0.18594554621312534
2496,121.25,-46.25,46.25,0.0,2,0.16360252092344857
2497,123.75,-46.25,46.25,0.0,2,0.14091551446409384
2498,126.25,-46.25,46.25,0.0,2,0.11958010015574103
2499,128.75,-46.25,46.25,0.0,2,0.10151671589035367
2500,131.25,-46.25,46.25,0.0,2,0.08456299378716223
2501,133.75,-46.25,46.25,0.0,2,0.06980348599772554
2502,136.25,-46.25,46.25,0.0,2,0.057091579097652626
2503,138.75,-46.25,46.25,0.0,2,0.05790848751170147
2504,141.25,-46.25,46.25,0.0,2,0.10743856011224302
2505,143.75,-46.25,46.25,0.0,2,0.18242059014203946
2506,146.25,-46.25,46.25,0.0,2,0.2657660310724743
2507,148.75,-46.25,46.25,0.0,2,0.3373890655719434
2508,151.25,-46.25,46.25,0.0,2,0.3554255034628795
2509,153.75,-46.25,46.25,0.0,2,0.31081718277103737
2510,156.25,-46.25,46.25,0.0,2,0.2688202264670085
2511,158.75,-46.25,46.25,0.0,2,0.25748363162352006
2512,161.25,-46.25,46.25,0.0,2,0.24645494216032568
2513,163.75,-46.25,46.25,0.0,2,0.26417079371770574
2514,166.25,-46.25,46.25,0.0,2,0.334707287375366
2515,168.75,-46.25,46.25,0.0,2,0.4564356931691365
2516,171.25,-46.25,46.25,0.0,2,0.3638164158475752
2517,173.75,-46.25,46.25,0.0,2,0.32802830628471125
2518,176.25,-46.25,46.25,0.0,2,0.32028174310125623
2519,178.75,-46.25,46.25,0.0,2,0.3296047941810705
2520,181.25,-46.25,46.25,0.0,2,0.3501046688551032
2521,183.75,-46.25,46.25,0.0,2,0.37086278021265373
2522,186.25,-46.25,46.25,0.0,2,0.3859738355063868
2523,188.75,-46.25,46.25,0.0,2,0.3932085864274415
2524,191.25,-46.25,46.25,0.0,2,0.3892708342311135
2525,193.75,-46.25,46.25,0.0,2,0.38050641979323835
2526,196.25,-46.25,46.25,0.0,2,0.37165954435704124
2527,198.75,-46.25,46.25,0.0,2,0.3613675836802352
2528,201.25,-46.25,46.25,0.0,2,0.3579135814907872
2529,203.75,-46.25,46.25,0.0,2,0.36252051699781923
2530,206.25,-46.25,46.25,0.0,2,0.36773814004149796
2531,208.75,-46.25,46.25,0.0,2,0.36694372973951295
2532,211.25,-46.25,46.25,0.0,2,0.36160907728248687
2533,213.75,-46.25,46.25,0.0,2,0.35206529089436667
2534,216.25,-46.25,46.25,0.0,2,0.3413253005557377
2535,218.75,-46.25,46.25,0.0,2,0.3329054545516192
2536,221.25,-46.25,46.25,0.0,2,0.3228478235773992
2537,223.75,-46.25,46.25,0.0,2,0.31016997890487896
2538,226.25,-46.25,46.25,0.0,2,0.2996526215358366
2539,228.75,-46.25,46.25,0.0,2,0.29254953766180897
2540,231.25,-46.25,46.25,0.0,2,0.2881689458737704
2541,233.75,-46.25,46.25,0.0,2,0.2823615000039542
2542,236.25,-46.25,46.25,0.0,2,0.27462919508654615
2543,238.75,-46.25,46.25,0.0,2,0.2674154039875505
2544,241.25,-46.25,46.25,0.0,2,0.26113559464046326
2545,243.75,-46.25,46.25,0.0,2,0.25533094136149476
2546,246.25,-46.25,46.25,0.0,2,0.2516870659319828
2547,248.75,-46.25,46.25,0.0,2,0.2514408000387184
2548,251.25,-46.25,46.25,0.0,2,0.25243001646488084
2549,253.75,-46.25,46.25,0.0,2,0.25113087707908555
2550,256.25,-46.25,46.25,0.0,2,0.24884029924615775
2551,258.75,-46.25,46.25,0.0,2,0.2480518434548567
2552,261.25,-46.25,46.25,0.0,2,0.25102411185143614
2553,263.75,-46.25,46.25,0.0,2,0.25537861470707185
2554,266.25,-46.25,46.25,0.0,2,0.25959186712145615
2555,268.75,-46.25,46.25,0.0,2,0.25963966565570723
2556,271.25,-46.25,46.25,0.0,2,0.2574505902767651
2557,273.75,-46.25,46.25,0.0,2,0.2538536239441483
2558,276.25,-46.25,46.25,0.0,2,0.24765638598184372
2559,278.75,-46.25,46.25,0.0,2,0.23260367079988736
2560,281.25,-46.25,46.25,0.0,1,0.22613135313738394
2561,283.75,-46.25,46.25,0.0,1,0.2726373356982568
2562,286.25,-46.25,46.25,1.0,0,0.4538952836263407
2563,288.75,-46.25,46.25,1.0,0,0.6022917192839954
2564,291.25,-46.25,46.25,1.0,0,0.59445191746596
2565,293.75,-46.25,46.25,0.0,1,0.44835972043222344
2566,296.25,-46.25,46.25,0.0,1,0.3946338450477224
2567,298.75,-46.25,46.25,0.0,1,0.39811184443792125
2568,301.25,-46.25,46.25,0.0,1,0.37638102649108124
2569,303.75,-46.25,46.25,0.0,1,0.3618639037655721
2570,306.25,-46.25,46.25,0.0,1,0.36426039850265374
2571,308.75,-46.25,46.25,0.0,1,0.3722276324796891
2572,311.25,-46.25,46.25,0.0,1,0.37874209859304964
2573,313.75,-46.25,46.25,0.0,1,0.38215386996309275
2574,316.25,-46.25,46.25,0.0,1,0.38255767228505505
2575,318.75,-46.25,46.25,0.0,1,0.38394826628662987
2576,321.25,-46.25,46.25,0.0,1,0.3876850819803929
2577,323.75,-46.25,46.25,0.0,1,0.3917621386485127
2578,326.25,-46.25,46.25,0.0,1,0.3955707954394416
2579,328.75,-46.25,46.25,0.0,1,0.3932449342121071
2580,331.25,-46.25,46.25,0.0,1,0.3878273783146997
2581,333.75,-46.25,46.25,0.0,1,0.38464992270004844
2582,336.25,-46.25,46.25,0.0,1,0.3777452188584009
2583,338.75,-46.25,46.25,0.0,1,0.3745014604811805
2584,341.25,-46.25,46.25,0.0,1,0.38259380744174765
2585,343.75,-46.25,46.25,0.0,1,0.39461358121168244
2586,346.25,-46.25,46.25,0.0,1,0.39946520317169076
2587,348.75,-46.25,46.25,0.0,1,0.3996520653760085
2588,351.25,-46.25,46.25,0.0,1,0.4014372695773273
2589,353.75,-46.25,46.25,0.0,1,0.40132422490393527
2590,356.25,-46.25,46.25,0.0,1,0.402441487943132
2591,358.75,-46.25,46.25,0.0,1,0.40030738612423183
2592,1.25,-43.75,43.75,0.0,1,0.4090202046174207
2593,3.75,-43.75,43.75,0.0,1,0.4079133306290579
2594,6.25,-43.75,43.75,0.0,1,0.40871010948741965
2595,8.75,-43.75,43.75,0.0,1,0.40537041231971227
2596,11.25,-43.75,43.75,0.0,1,0.3976820117444896
2597,13.75,-43.75,43.75,0.0,1,0.38619736956987283
2598,16.25,-43.75,43.75,0.0,1,0.3690547714921947
2599,18.75,-43.75,43.75,0.0,1,0.3454749539526054
2600,21.25,-43.75,43.75,0.0,1,0.3366150925589222
2601,23.75,-43.75,43.75,0.0,1,0.341685436313567
2602,26.25,-43.75,43.75,0.0,1,0.3430244398984044
2603,28.75,-43.75,43.75,0.0,1,0.33994352986245024
2604,31.25,-43.75,43.75,0.0,3,0.336959832264372
2605,33.75,-43.75,43.75,0.0,3,0.33207449425215735
2606,36.25,-43.75,43.75,0.0,3,0.32831123941283774
2607,38.75,-43.75,43.75,0.0,3,0.32680047493710224
2608,41.25,-43.75,43.75,0.0,3,0.32501432182581863
2609,43.75,-43.75,43.75,0.0,3,0.314803472336164
2610,46.25,-43.75,43.75,0.0,3,0.2987912300794691
2611,48.75,-43.75,43.75,0.0,3,0.29544237267584494
2612,51.25,-43.75,43.75,0.0,3,0.3027742812249192
2613,53.75,-43.75,43.75,0.0,3,0.31228964191280145
2614,56.25,-43.75,43.75,0.0,3,0.3197772849833814
2615,58.75,-43.75,43.75,0.0,3,0.317385077412277
2616,61.25,-43.75,43.75,0.0,3,0.31203994511843486
2617,63.75,-43.75,43.75,0.0,3,0.3061570245373598
2618,66.25,-43.75,43.75,0.0,3,0.30103808525441955
2619,68.75,-43.75,43.75,0.0,3,0.3087616853053669
2620,71.25,-43.75,43.75,0.0,3,0.32713006430208647
2621,73.75,-43.75,43.75,0.0,3,0.34638268269602196
2622,76.25,-43.75,43.75,0.0,3,0.36323139190674875
2623,78.75,-43.75,43.75,0.0,3,0.3803645120726532
2624,81.25,-43.75,43.75,0.0,3,0.39349185662805924
2625,83.75,-43.75,43.75,0.0,3,0.39893931743534317
2626,86.25,-43.75,43.75,0.0,3,0.40430032675411354
2627,88.75,-43.75,43.75,0.0,3,0.41239538023854005
2628,91.25,-43.75,43.75,0.0,3,0.4174646186459299
2629,93.75,-43.75,43.75,0.0,3,0.4139289036624917
2630,96.25,-43.75,43.75,0.0,3,0.4019813288310199
2631,98.75,-43.75,43.75,0.0,3,0.3887162700010534
2632,101.25,-43.75,43.75,0.0,3,0.37301865830113573
2633,103.75,-43.75,43.75,0.0,3,0.3519419911712113
2634,106.25,-43.75,43.75,0.0,3,0.32863670910508147
2635,108.75,-43.75,43.75,0.0,3,0.3026599708814827
2636,111.25,-43.75,43.75,0.0,3,0.2778674331848935
2637,113.75,-43.75,43.75,0.0,3,0.2562567971741109
2638,116.25,-43.75,43.75,0.0,3,0.23267785031841098
2639,118.75,-43.75,43.75,0.0,3,0.2087377152264091
2640,121.25,-43.75,43.75,0.0,2,0.1861912860272712
2641,123.75,-43.75,43.75,0.0,2,0.16347754854677127
2642,126.25,-43.75,43.75,0.0,2,0.14252741388584
2643,128.75,-43.75,43.75,0.0,2,0.1233462143482886
2644,131.25,-43.75,43.75,0.0,2,0.10137627475527944
2645,133.75,-43.75,43.75,0.0,2,0.0786190560765693
2646,136.25,-43.75,43.75,0.0,2,0.06533242503164581
2647,138.75,-43.75,43.75,0.0,2,0.08908658236192195
2648,141.25,-43.75,43.75,0.0,2,0.1464545444967139
2649,143.75,-43.75,43.75,0.0,2,0.18523786505633277
2650,146.25,-43.75,43.75,0.0,2,0.2776923046120546
2651,148.75,-43.75,43.75,0.0,2,0.4002032379001814
2652,151.25,-43.75,43.75,0.0,2,0.4982975199534652
2653,153.75,-43.75,43.75,0.0,2,0.4548946558976919
2654,156.25,-43.75,43.75,0.0,2,0.35429256350010296
2655,158.75,-43.75,43.75,0.0,2,0.3379107187996819
2656,161.25,-43.75,43.75,0.0,2,0.32168299803853273
2657,163.75,-43.75,43.75,0.0,2,0.32345996177041914
2658,166.25,-43.75,43.75,0.0,2,0.3686045672297325
2659,168.75,-43.75,43.75,0.0,2,0.48119424175081726
2660,171.25,-43.75,43.75,0.0,2,0.5714399879814207
2661,173.75,-43.75,43.75,0.0,2,0.48537106506206534
2662,176.25,-43.75,43.75,0.0,2,0.4470242414643891
2663,178.75,-43.75,43.75,0.0,2,0.46835563705743355
2664,181.25,-43.75,43.75,0.0,2,0.48741372023073665
2665,183.75,-43.75,43.75,0.0,2,0.48987420923894853
2666,186.25,-43.75,43.75,0.0,2,0.4922407551305255
2667,188.75,-43.75,43.75,0.0,2,0.4744872828105795
2668,191.25,-43.75,43.75,0.0,2,0.4578547519922234
2669,193.75,-43.75,43.75,0.0,2,0.4513346525968746
2670,196.25,-43.75,43.75,0.0,2,0.44246415194376576
2671,198.75,-43.75,43.75,0.0,2,0.431575374744906
2672,201.25,-43.75,43.75,0.0,2,0.4213243001591442
2673,203.75,-43.75,43.75,0.0,2,0.41250960558483096
2674,206.25,-43.75,43.75,0.0,2,0.4017474506402017
2675,208.75,-43.75,43.75,0.0,2,0.38837852491865893
2676,211.25,-43.75,43.75,0.0,2,0.37586504284929295
2677,213.75,-43.75,43.75,0.0,2,0.3635652017578977
2678,216.25,-43.75,43.75,0.0,2,0.3537540686267897
2679,218.75,-43.75,43.75,0.0,2,0.3470840868440196
2680,221.25,-43.75,43.75,0.0,2,0.339393090800961
2681,223.75,-43.75,43.75,0.0,2,0.33155972896988545
2682,226.25,-43.75,43.75,0.0,2,0.3244899135132297
2683,228.75,-43.75,43.75,0.0,2,0.3175808774083787
2684,231.25,-43.75,43.75,0.0,2,0.31009676772605493
2685,233.75,-43.75,43.75,0.0,2,0.3019238523603859
2686,236.25,-43.75,43.75,0.0,2,0.29291829616159964
2687,238.75,-43.75,43.75,0.0,2,0.28640984825089927
2688,241.25,-43.75,43.75,0.0,2,0.28151968053545406
2689,243.75,-43.75,43.75,0.0,2,0.27752789652260845
2690,246.25,-43.75,43.75,0.0,2,0.27664909728878057
2691,248.75,-43.75,43.75,0.0,2,0.27690881782986565
2692,251.25,-43.75,43.75,0.0,2,0.2762706641283035
2693,253.75,-43.75,43.75,0.0,2,0.2734418240312504
2694,256.25,-43.75,43.75,0.0,2,0.27072920940965367
2695,258.75,-43.75,43.75,0.0,2,0.2684625952152165
2696,261.25,-43.75,43.75,0.0,2,0.2692569470680367
2697,263.75,-43.75,43.75,0.0,2,0.2709419383244076
2698,266.25,-43.75,43.75,0.0,2,0.2708172583395207
2699,268.75,-43.75,43.75,0.0,2,0.2682046888326102
2700,271.25,-43.75,43.75,0.0,2,0.264021768146847
2701,273.75,-43.75,43.75,0.0,2,0.2547597938290445
2702,276.25,-43.75,43.75,0.0,2,0.22587845107360913
2703,278.75,-43.75,43.75,0.0,2,0.189932064709968
2704,281.25,-43.75,43.75,0.0,1,0.20302891217387525
2705,283.75,-43.75,43.75,0.0,1,0.2263976854607328
2706,286.25,-43.75,43.75,0.0,1,0.332309665029236
2707,288.75,-43.75,43.75,1.0,0,0.5966738965362304
2708,291.25,-43.75,43.75,1.0,0,0.6050873748582845
2709,293.75,-43.75,43.75,1.0,0,0.49961944801080327
2710,296.25,-43.75,43.75,0.0,1,0.39043930342342115
2711,298.75,-43.75,43.75,0.0,1,0.4367774021227538
2712,301.25,-43.75,43.75,0.0,1,0.4485612737224943
2713,303.75,-43.75,43.75,0.0,1,0.5110056159710438
2714,306.25,-43.75,43.75,0.0,1,0.5654495196488883
2715,308.75,-43.75,43.75,0.0,1,0.5509869318660587
2716,311.25,-43.75,43.75,0.0,1,0.5269637185203024
2717,313.75,-43.75,43.75,0.0,1,0.49857590043485794
2718,316.25,-43.75,43.75,0.0,1,0.48129565089337617
2719,318.75,-43.75,43.75,0.0,1,0.4651371655201687
2720,321.25,-43.75,43.75,0.0,1,0.4496866916699164
2721,323.75,-43.75,43.75,0.0,1,0.4395358286705316
2722,326.25,-43.75,43.75,0.0,1,0.4308496576140938
2723,328.75,-43.75,43.75,0.0,1,0.41614366214469756
2724,331.25,-43.75,43.75,0.0,1,0.4024572516487187
2725,333.75,-43.75,43.75,0.0,1,0.3966764594400622
2726,336.25,-43.75,43.75,0.0,1,0.3969338130539697
2727,338.75,-43.75,43.75,0.0,1,0.40947207787757295
2728,341.25,-43.75,43.75,0.0,1,0.4335749294659913
2729,343.75,-43.75,43.75,0.0,1,0.44713874922970265
2730,346.25,-43.75,43.75,0.0,1,0.4381570952355497
2731,348.75,-43.75,43.75,0.0,1,0.41705633590440794
2732,351.25,-43.75,43.75,0.0,1,0.41190021659545467
2733,353.75,-43.75,43.75,0.0,1,0.4117376428581458
2734,356.25,-43.75,43.75,0.0,1,0.415117478937964
2735,358.75,-43.75,43.75,0.0,1,0.41322360590709784
2736,1.25,-41.25,41.25,0.0,1,0.3750952750107706
2737,3.75,-41.25,41.25,0.0,1,0.39616464922274064
2738,6.25,-41.25,41.25,0.0,1,0.4019804653713244
2739,8.75,-41.25,41.25,0.0,1,0.39672797575648744
2740,11.25,-41.25,41.25,0.0,1,0.3895801388309623
2741,13.75,-41.25,41.25,0.0,1,0.3816376753784189
2742,16.25,-41.25,41.25,0.0,1,0.36984531430374035
2743,18.75,-41.25,41.25,0.0,1,0.36418822615758883
2744,21.25,-41.25,41.25,0.0,1,0.3728019587550898
2745,23.75,-41.25,41.25,0.0,1,0.3819606931582954
2746,26.25,-41.25,41.25,0.0,1,0.3842863947071155
2747,28.75,-41.25,41.25,0.0,1,0.3834759003264377
2748,31.25,-41.25,41.25,0.0,3,0.3763923875982674
2749,33.75,-41.25,41.25,0.0,3,0.36728962794656733
2750,36.25,-41.25,41.25,0.0,3,0.363347721799437
2751,38.75,-41.25,41.25,0.0,3,0.3634005589528835
2752,41.25,-41.25,41.25,0.0,3,0.3651018016696467
2753,43.75,-41.25,41.25,0.0,3,0.3505347283718535
2754,46.25,-41.25,41.25,0.0,3,0.3255671362019012
2755,48.75,-41.25,41.25,0.0,3,0.3111704210587963
2756,51.25,-41.25,41.25,0.0,3,0.30350627963172616
2757,53.75,-41.25,41.25,0.0,3,0.29511570128366493
2758,56.25,-41.25,41.25,0.0,3,0.2914779532083441
2759,58.75,-41.25,41.25,0.0,3,0.2940314574771523
2760,61.25,-41.25,41.25,0.0,3,0.3004018995783628
2761,63.75,-41.25,41.25,0.0,3,0.3066295869601685
2762,66.25,-41.25,41.25,0.0,3,0.3105936457198354
2763,68.75,-41.25,41.25,0.0,3,0.31679331893413853
2764,71.25,-41.25,41.25,0.0,3,0.3264317994190033
2765,73.75,-41.25,41.25,0.0,3,0.33404646229962687
2766,76.25,-41.25,41.25,0.0,3,0.3414879897714881
2767,78.75,-41.25,41.25,0.0,3,0.35345573132131186
2768,81.25,-41.25,41.25,0.0,3,0.3668324156360102
2769,83.75,-41.25,41.25,0.0,3,0.37413503134611925
2770,86.25,-41.25,41.25,0.0,3,0.37836915438725816
2771,88.75,-41.25,41.25,0.0,3,0.3838217870481061
2772,91.25,-41.25,41.25,0.0,3,0.3872058648032184
2773,93.75,-41.25,41.25,0.0,3,0.38552878616812014
2774,96.25,-41.25,41.25,0.0,3,0.3813378758473821
2775,98.75,-41.25,41.25,0.0,3,0.3760518707593228
2776,101.25,-41.25,41.25,0.0,3,0.3660098171619769
2777,103.75,-41.25,41.25,0.0,3,0.35130936862371487
2778,106.25,-41.25,41.25,0.0,3,0.3344025401253396
2779,108.75,-41.25,41.25,0.0,3,0.3149008829314828
2780,111.25,-41.25,41.25,0.0,3,0.2950593854885267
2781,113.75,-41.25,41.25,0.0,3,0.27629906282470656
2782,116.25,-41.25,41.25,0.0,3,0.2544183605869104
2783,118.75,-41.25,41.25,0.0,3,0.23204786293134927
2784,121.25,-41.25,41.25,0.0,2,0.21295735675455812
2785,123.75,-41.25,41.25,0.0,2,0.1930572671456178
2786,126.25,-41.25,41.25,0.0,2,0.1700976731362313
2787,128.75,-41.25,41.25,0.0,2,0.14460151882756309
2788,131.25,-41.25,41.25,0.0,2,0.11619892321927716
2789,133.75,-41.25,41.25,0.0,2,0.08998539228888795
2790,136.25,-41.25,41.25,0.0,2,0.07601440513848295
2791,138.75,-41.25,41.25,0.0,2,0.09272244974991367
2792,141.25,-41.25,41.25,0.0,2,0.13179232368092184
2793,143.75,-41.25,41.25,0.0,2,0.17874217433097095
2794,146.25,-41.25,41.25,0.0,0,0.3011176836408874
2795,148.75,-41.25,41.25,0.0,2,0.4176771171571683
2796,151.25,-41.25,41.25,0.0,2,0.5705196257966803
2797,153.75,-41.25,41.25,0.0,2,0.5475360536780132
2798,156.25,-41.25,41.25,0.0,2,0.41440253018178547
2799,158.75,-41.25,41.25,0.0,2,0.39640718406588354
2800,161.25,-41.25,41.25,0.0,2,0.39395248711322384
2801,163.75,-41.25,41.25,0.0,2,0.38230796306471176
2802,166.25,-41.25,41.25,0.0,2,0.4095662353444387
2803,168.75,-41.25,41.25,0.0,2,0.42779056664022497
2804,171.25,-41.25,41.25,0.0,2,0.5330981141876121
2805,173.75,-41.25,41.25,0.0,2,0.6583591745443157
2806,176.25,-41.25,41.25,0.0,2,0.6791802335186147
2807,178.75,-41.25,41.25,0.0,2,0.5741533681890025
2808,181.25,-41.25,41.25,0.0,2,0.5786587158857691
2809,183.75,-41.25,41.25,0.0,2,0.5657212008579621
2810,186.25,-41.25,41.25,0.0,2,0.5460335169084148
2811,188.75,-41.25,41.25,0.0,2,0.5099262000439474
2812,191.25,-41.25,41.25,0.0,2,0.4855038124372459
2813,193.75,-41.25,41.25,0.0,2,0.47628020984313413
2814,196.25,-41.25,41.25,0.0,2,0.4678789101298613
2815,198.75,-41.25,41.25,0.0,2,0.45942596927409357
2816,201.25,-41.25,41.25,0.0,2,0.45191458329977185
2817,203.75,-41.25,41.25,0.0,2,0.4451053630605393
2818,206.25,-41.25,41.25,0.0,2,0.4359866796217808
2819,208.75,-41.25,41.25,0.0,2,0.42340036795478114
2820,211.25,-41.25,41.25,0.0,2,0.4102521136412977
2821,213.75,-41.25,41.25,0.0,2,0.3974652383065442
2822,216.25,-41.25,41.25,0.0,2,0.38719234920658074
2823,218.75,-41.25,41.25,0.0,2,0.3791108079196193
2824,221.25,-41.25,41.25,0.0,2,0.37162874491261655
2825,223.75,-41.25,41.25,0.0,2,0.3649204440038402
2826,226.25,-41.25,41.25,0.0,2,0.3580160253769724
2827,228.75,-41.25,41.25,0.0,2,0.34879360503615897
2828,231.25,-41.25,41.25,0.0,2,0.3381409394442977
2829,233.75,-41.25,41.25,0.0,2,0.3282572025533833
2830,236.25,-41.25,41.25,0.0,2,0.318741511555669
2831,238.75,-41.25,41.25,0.0,2,0.3107038339967175
2832,241.25,-41.25,41.25,0.0,2,0.30606596506184386
2833,243.75,-41.25,41.25,0.0,2,0.30340625217008194
2834,246.25,-41.25,41.25,0.0,2,0.3027646093762784
2835,248.75,-41.25,41.25,0.0,2,0.3017913441908398
2836,251.25,-41.25,41.25,0.0,2,0.2977484626502576
2837,253.75,-41.25,41.25,0.0,2,0.2909918197467543
2838,256.25,-41.25,41.25,0.0,2,0.2823570299842846
2839,258.75,-41.25,41.25,0.0,2,0.27283648008432315
2840,261.25,-41.25,41.25,0.0,2,0.26583477391284743
2841,263.75,-41.25,41.25,0.0,2,0.26099658880915017
2842,266.25,-41.25,41.25,0.0,2,0.25589708409558765
2843,268.75,-41.25,41.25,0.0,2,0.2497119598066946
2844,271.25,-41.25,41.25,0.0,2,0.24069761055257538
2845,273.75,-41.25,41.25,0.0,2,0.21996407974275703
2846,276.25,-41.25,41.25,0.0,2,0.1724291318200691
2847,278.75,-41.25,41.25,0.0,2,0.14698942525457742
2848,281.25,-41.25,41.25,0.0,1,0.18184661842651959
2849,283.75,-41.25,41.25,0.0,1,0.18779784233035698
2850,286.25,-41.25,41.25,0.0,1,0.331012658299972
2851,288.75,-41.25,41.25,1.0,0,0.5853138872794039
2852,291.25,-41.25,41.25,1.0,0,0.5465905820590109
2853,293.75,-41.25,41.25,1.0,0,0.44912594660254784
2854,296.25,-41.25,41.25,0.0,1,0.3868407713416071
2855,298.75,-41.25,41.25,0.0,1,0.44290995463911137
2856,301.25,-41.25,41.25,0.0,1,0.5256884365172683
2857,303.75,-41.25,41.25,0.0,1,0.6016472973393505
2858,306.25,-41.25,41.25,0.0,1,0.5013387562964465
2859,308.75,-41.25,41.25,0.0,1,0.42515679625823743
2860,311.25,-41.25,41.25,0.0,1,0.44595107657330174
2861,313.75,-41.25,41.25,0.0,1,0.48851937055014966
2862,316.25,-41.25,41.25,0.0,1,0.47928936722119847
2863,318.75,-41.25,41.25,0.0,1,0.45270078666279046
2864,321.25,-41.25,41.25,0.0,1,0.4361408089648898
2865,323.75,-41.25,41.25,0.0,1,0.4271469665425579
2866,326.25,-41.25,41.25,0.0,1,0.41778070193366246
2867,328.75,-41.25,41.25,0.0,1,0.4080741887617023
2868,331.25,-41.25,41.25,0.0,1,0.4019443788490434
2869,333.75,-41.25,41.25,0.0,1,0.39897896516296605
2870,336.25,-41.25,41.25,0.0,1,0.40566631160531824
2871,338.75,-41.25,41.25,0.0,1,0.4308528797517628
2872,341.25,-41.25,41.25,0.0,1,0.4638081060252257
2873,343.75,-41.25,41.25,0.0,1,0.4547539745680836
2874,346.25,-41.25,41.25,0.0,1,0.40161208633704876
2875,348.75,-41.25,41.25,0.0,1,0.3585487282898576
2876,351.25,-41.25,41.25,0.0,1,0.35707508016589645
2877,353.75,-41.25,41.25,0.0,1,0.36427908009037135
2878,356.25,-41.25,41.25,0.0,1,0.36718122229103667
2879,358.75,-41.25,41.25,0.0,1,0.3647833500975938
2880,1.25,-38.75,38.75,0.0,1,0.3642266741186586
2881,3.75,-38.75,38.75,0.0,1,0.3685733544584247
2882,6.25,-38.75,38.75,0.0,1,0.3542552222151356
2883,8.75,-38.75,38.75,0.0,1,0.3506306634060162
2884,11.25,-38.75,38.75,0.0,1,0.35984572129402853
2885,13.75,-38.75,38.75,0.0,1,0.37015358619848326
2886,16.25,-38.75,38.75,0.0,1,0.38072510806857673
2887,18.75,-38.75,38.75,0.0,1,0.3954551119901159
2888,21.25,-38.75,38.75,0.0,1,0.40652521247250223
2889,23.75,-38.75,38.75,0.0,1,0.40703102273577074
2890,26.25,-38.75,38.75,0.0,1,0.38609936721994337
2891,28.75,-38.75,38.75,0.0,1,0.3544544931717851
2892,31.25,-38.75,38.75,0.0,3,0.333648388165576
2893,33.75,-38.75,38.75,0.0,3,0.3287399340045125
2894,36.25,-38.75,38.75,0.0,3,0.3178852408925426
2895,38.75,-38.75,38.75,0.0,3,0.3033997661565145
2896,41.25,-38.75,38.75,0.0,3,0.29453270482276367
2897,43.75,-38.75,38.75,0.0,3,0.283854383653561
2898,46.25,-38.75,38.75,0.0,3,0.27231810861766464
2899,48.75,-38.75,38.75,0.0,3,0.26358717753676403
2900,51.25,-38.75,38.75,0.0,3,0.2577169770057222
2901,53.75,-38.75,38.75,0.0,3,0.25605366444643063
2902,56.25,-38.75,38.75,0.0,3,0.25910287068331017
2903,58.75,-38.75,38.75,0.0,3,0.2635122490125544
2904,61.25,-38.75,38.75,0.0,3,0.2675394191687146
2905,63.75,-38.75,38.75,0.0,3,0.27157967008730216
2906,66.25,-38.75,38.75,0.0,3,0.27910999082227983
2907,68.75,-38.75,38.75,0.0,3,0.28758964097521833
2908,71.25,-38.75,38.75,0.0,3,0.2980424478683909
2909,73.75,-38.75,38.75,0.0,3,0.309120337480816
2910,76.25,-38.75,38.75,0.0,3,0.32279258306598974
2911,78.75,-38.75,38.75,0.0,3,0.3414846175547525
2912,81.25,-38.75,38.75,0.0,3,0.35827114688102635
2913,83.75,-38.75,38.75,0.0,3,0.3692534741837217
2914,86.25,-38.75,38.75,0.0,3,0.38210967796636175
2915,88.75,-38.75,38.75,0.0,3,0.39676128876768546
2916,91.25,-38.75,38.75,0.0,3,0.40890855781561924
2917,93.75,-38.75,38.75,0.0,3,0.4154680592216092
2918,96.25,-38.75,38.75,0.0,3,0.4154867467176649
2919,98.75,-38.75,38.75,0.0,3,0.4100584629296285
2920,101.25,-38.75,38.75,0.0,3,0.3980558815941226
2921,103.75,-38.75,38.75,0.0,3,0.38284963641829267
2922,106.25,-38.75,38.75,0.0,3,0.3652540648944922
2923,108.75,-38.75,38.75,0.0,3,0.3414566576234942
2924,111.25,-38.75,38.75,0.0,3,0.31520141176706573
2925,113.75,-38.75,38.75,0.0,3,0.29697215560560924
2926,116.25,-38.75,38.75,0.0,3,0.28555614780597155
2927,118.75,-38.75,38.75,0.0,3,0.27315070610678904
2928,121.25,-38.75,38.75,0.0,2,0.2608331273761682
2929,123.75,-38.75,38.75,0.0,2,0.24107714277524822
2930,126.25,-38.75,38.75,0.0,2,0.2116975465662411
2931,128.75,-38.75,38.75,0.0,2,0.18661992965111815
2932,131.25,-38.75,38.75,0.0,2,0.16802899210325137
2933,133.75,-38.75,38.75,0.0,2,0.15333553373958336
2934,136.25,-38.75,38.75,0.0,2,0.1478908731350641
2935,138.75,-38.75,38.75,0.0,2,0.1752301345786344
2936,141.25,-38.75,38.75,0.0,2,0.24440645139159944
2937,143.75,-38.75,38.75,0.0,2,0.30924539571355414
2938,146.25,-38.75,38.75,0.0,2,0.37945258108241303
2939,148.75,-38.75,38.75,0.0,2,0.4716546309485622
2940,151.25,-38.75,38.75,0.0,2,0.6255550280651223
2941,153.75,-38.75,38.75,0.0,2,0.6068513654223407
2942,156.25,-38.75,38.75,0.0,2,0.4552571988810093
2943,158.75,-38.75,38.75,0.0,2,0.4354635004251143
2944,161.25,-38.75,38.75,0.0,2,0.45771349653993476
2945,163.75,-38.75,38.75,0.0,2,0.4464468525293571
2946,166.25,-38.75,38.75,0.0,2,0.46658043370900454
2947,168.75,-38.75,38.75,0.0,2,0.47688029824249484
2948,171.25,-38.75,38.75,0.0,2,0.4884325528933472
2949,173.75,-38.75,38.75,0.0,2,0.5725588719202291
2950,176.25,-38.75,38.75,1.0,0,0.7803196458273373
2951,178.75,-38.75,38.75,0.0,2,0.6568709118691795
2952,181.25,-38.75,38.75,0.0,2,0.6183835839624643
2953,183.75,-38.75,38.75,0.0,2,0.5996419946415772
2954,186.25,-38.75,38.75,0.0,2,0.5750903653478114
2955,188.75,-38.75,38.75,0.0,2,0.5549004731956986
2956,191.25,-38.75,38.75,0.0,2,0.541146513869165
2957,193.75,-38.75,38.75,0.0,2,0.5312443447538175
2958,196.25,-38.75,38.75,0.0,2,0.526028364117776
2959,198.75,-38.75,38.75,0.0,2,0.5218148262593496
2960,201.25,-38.75,38.75,0.0,2,0.515514473299541
2961,203.75,-38.75,38.75,0.0,2,0.5071871316639853
2962,206.25,-38.75,38.75,0.0,2,0.4959391490360721
2963,208.75,-38.75,38.75,0.0,2,0.4795542719992612
2964,211.25,-38.75,38.75,0.0,2,0.4590008994237137
2965,213.75,-38.75,38.75,0.0,2,0.4368980750430115
2966,216.25,-38.75,38.75,0.0,2,0.4182294653548069
2967,218.75,-38.75,38.75,0.0,2,0.4046587049695834
2968,221.25,-38.75,38.75,0.0,2,0.394368871185914
2969,223.75,-38.75,38.75,0.0,2,0.3861790354990198
2970,226.25,-38.75,38.75,0.0,2,0.3820718489117673
2971,228.75,-38.75,38.75,0.0,2,0.37633376968691246
2972,231.25,-38.75,38.75,0.0,2,0.36460190793174957
2973,233.75,-38.75,38.75,0.0,2,0.35015450483783545
2974,236.25,-38.75,38.75,0.0,2,0.33395680638600056
2975,238.75,-38.75,38.75,0.0,2,0.3209832140415721
2976,241.25,-38.75,38.75,0.0,2,0.3149210006492657
2977,243.75,-38.75,38.75,0.0,2,0.31287944010867147
2978,246.25,-38.75,38.75,0.0,2,0.31064582580961086
2979,248.75,-38.75,38.75,0.0,2,0.3062987918862345
2980,251.25,-38.75,38.75,0.0,2,0.29543978920059394
2981,253.75,-38.75,38.75,0.0,2,0.28027206501790414
2982,256.25,-38.75,38.75,0.0,2,0.26298618377183264
2983,258.75,-38.75,38.75,0.0,2,0.24453420135469559
2984,261.25,-38.75,38.75,0.0,2,0.23087606417549766
2985,263.75,-38.75,38.75,0.0,2,0.22194319112250377
2986,266.25,-38.75,38.75,0.0,2,0.21545121899763714
2987,268.75,-38.75,38.75,0.0,2,0.20725356840207787
2988,271.25,-38.75,38.75,0.0,2,0.19481272159687976
2989,273.75,-38.75,38.75,0.0,2,0.1668626636366372
2990,276.25,-38.75,38.75,0.0,2,0.12828476843012734
2991,278.75,-38.75,38.75,0.0,2,0.12434273113611723
2992,281.25,-38.75,38.75,0.0,1,0.15124687472673615
2993,283.75,-38.75,38.75,0.0,1,0.13406440925573523
2994,286.25,-38.75,38.75,0.0,1,0.32275586055151667
2995,288.75,-38.75,38.75,1.0,0,0.6101508048987845
2996,291.25,-38.75,38.75,1.0,0,0.5155460343083486
2997,293.75,-38.75,38.75,1.0,0,0.4338950365689053
2998,296.25,-38.75,38.75,1.0,0,0.40180360438787477
2999,298.75,-38.75,38.75,0.0,0,0.4199383833239753
3000,301.25,-38.75,38.75,0.0,1,0.4627150040243471
3001,303.75,-38.75,38.75,0.0,1,0.4663770080843929
3002,306.25,-38.75,38.75,0.0,1,0.4137368463073112
3003,308.75,-38.75,38.75,0.0,1,0.36857565449684665
3004,311.25,-38.75,38.75,0.0,1,0.3456232906072719
3005,313.75,-38.75,38.75,0.0,1,0.3621416023285129
3006,316.25,-38.75,38.75,0.0,1,0.36081173450677606
3007,318.75,-38.75,38.75,0.0,1,0.3508673840232136
3008,321.25,-38.75,38.75,0.0,1,0.35137809580458973
3009,323.75,-38.75,38.75,0.0,1,0.35281080646120344
3010,326.25,-38.75,38.75,0.0,1,0.35111670781571414
3011,328.75,-38.75,38.75,0.0,1,0.3470740862470173
3012,331.25,-38.75,38.75,0.0,1,0.342308303805181
3013,333.75,-38.75,38.75,0.0,1,0.3400988016482494
3014,336.25,-38.75,38.75,0.0,1,0.34575814810349464
3015,338.75,-38.75,38.75,0.0,1,0.3568918038472756
3016,341.25,-38.75,38.75,0.0,1,0.356061841554625
3017,343.75,-38.75,38.75,0.0,1,0.3259937507408323
3018,346.25,-38.75,38.75,0.0,1,0.29985472405521163
3019,348.75,-38.75,38.75,0.0,1,0.30760542908435873
3020,351.25,-38.75,38.75,0.0,1,0.3258286184276821
3021,353.75,-38.75,38.75,0.0,1,0.32589634380372007
3022,356.25,-38.75,38.75,0.0,1,0.3186894227577686
3023,358.75,-38.75,38.75,0.0,1,0.3362415045212044
3024,1.25,-36.25,36.25,0.0,1,0.31328866165891806
3025,3.75,-36.25,36.25,0.0,1,0.3078094255579782
3026,6.25,-36.25,36.25,0.0,1,0.3113073692608008
3027,8.75,-36.25,36.25,0.0,1,0.3228895121443396
3028,11.25,-36.25,36.25,0.0,1,0.3427133708330715
3029,13.75,-36.25,36.25,0.0,1,0.361783145277601
3030,16.25,-36.25,36.25,0.0,1,0.37466184845241174
3031,18.75,-36.25,36.25,0.0,1,0.38153129498319494
3032,21.25,-36.25,36.25,0.0,1,0.39086036383024436
3033,23.75,-36.25,36.25,0.0,1,0.42612410621793806
3034,26.25,-36.25,36.25,0.0,1,0.45684386372028224
3035,28.75,-36.25,36.25,0.0,1,0.44174202379223265
3036,31.25,-36.25,36.25,0.0,3,0.36938331206771224
3037,33.75,-36.25,36.25,0.0,3,0.31636609199047344
3038,36.25,-36.25,36.25,0.0,3,0.29685152167735723
3039,38.75,-36.25,36.25,0.0,3,0.30846342574100977
3040,41.25,-36.25,36.25,0.0,3,0.3130613435024631
3041,43.75,-36.25,36.25,0.0,3,0.3082790601450575
3042,46.25,-36.25,36.25,0.0,3,0.2997121475985611
3043,48.75,-36.25,36.25,0.0,3,0.2956677412959885
3044,51.25,-36.25,36.25,0.0,3,0.2977324199347579
3045,53.75,-36.25,36.25,0.0,3,0.29994285946165283
3046,56.25,-36.25,36.25,0.0,3,0.2967907418078603
3047,58.75,-36.25,36.25,0.0,3,0.2896775714587908
3048,61.25,-36.25,36.25,0.0,3,0.28995265686110383
3049,63.75,-36.25,36.25,0.0,3,0.2992841857444041
3050,66.25,-36.25,36.25,0.0,3,0.31261833199538913
3051,68.75,-36.25,36.25,0.0,3,0.32168391375196526
3052,71.25,-36.25,36.25,0.0,3,0.3305680196245673
3053,73.75,-36.25,36.25,0.0,3,0.344760535518742
3054,76.25,-36.25,36.25,0.0,3,0.36552417556795164
3055,78.75,-36.25,36.25,0.0,3,0.3922538012567241
3056,81.25,-36.25,36.25,0.0,3,0.41709812665936963
3057,83.75,-36.25,36.25,0.0,3,0.4367447630104077
3058,86.25,-36.25,36.25,0.0,3,0.4552019265268602
3059,88.75,-36.25,36.25,0.0,3,0.4749024749181684
3060,91.25,-36.25,36.25,0.0,3,0.48941107504407033
3061,93.75,-36.25,36.25,0.0,3,0.4918080910281446
3062,96.25,-36.25,36.25,0.0,3,0.4828234082838172
3063,98.75,-36.25,36.25,0.0,3,0.4634404836950579
3064,101.25,-36.25,36.25,0.0,3,0.43616342746552134
3065,103.75,-36.25,36.25,0.0,3,0.4119005858135032
3066,106.25,-36.25,36.25,0.0,3,0.389906352613645
3067,108.75,-36.25,36.25,0.0,3,0.3569490051745535
3068,111.25,-36.25,36.25,0.0,3,0.32570959795353416
3069,113.75,-36.25,36.25,0.0,3,0.311262759013111
3070,116.25,-36.25,36.25,0.0,3,0.32706995775067865
3071,118.75,-36.25,36.25,0.0,3,0.32872535455285407
3072,121.25,-36.25,36.25,0.0,2,0.319148403320213
3073,123.75,-36.25,36.25,0.0,2,0.31833753553251976
3074,126.25,-36.25,36.25,0.0,2,0.30152678816060474
3075,128.75,-36.25,36.25,0.0,2,0.28423668513216843
3076,131.25,-36.25,36.25,0.0,2,0.2686991044538147
3077,133.75,-36.25,36.25,0.0,2,0.2595303948513125
3078,136.25,-36.25,36.25,0.0,2,0.26039566893109334
3079,138.75,-36.25,36.25,0.0,2,0.35979778237906157
3080,141.25,-36.25,36.25,1.0,0,0.5792607782166143
3081,143.75,-36.25,36.25,1.0,0,0.6920019945915787
3082,146.25,-36.25,36.25,1.0,0,0.7759778635849648
3083,148.75,-36.25,36.25,1.0,0,0.8118121033987402
3084,151.25,-36.25,36.25,0.0,2,0.747110640152956
3085,153.75,-36.25,36.25,0.0,2,0.6975078621504294
3086,156.25,-36.25,36.25,0.0,2,0.5624383129822644
3087,158.75,-36.25,36.25,0.0,2,0.48186104803789354
3088,161.25,-36.25,36.25,0.0,2,0.5081112631245417
3089,163.75,-36.25,36.25,0.0,2,0.5187084003920823
3090,166.25,-36.25,36.25,0.0,2,0.5266033779695319
3091,168.75,-36.25,36.25,0.0,2,0.5314376829118415
3092,171.25,-36.25,36.25,0.0,2,0.5365481405764397
3093,173.75,-36.25,36.25,0.0,2,0.6260306450693451
3094,176.25,-36.25,36.25,0.0,2,0.6397474148259916
3095,178.75,-36.25,36.25,0.0,2,0.6310017055573827
3096,181.25,-36.25,36.25,0.0,2,0.6333331057511113
3097,183.75,-36.25,36.25,0.0,2,0.6235028437518776
3098,186.25,-36.25,36.25,0.0,2,0.6116534461334324
3099,188.75,-36.25,36.25,0.0,2,0.6085253314843113
3100,191.25,-36.25,36.25,0.0,2,0.6023074882330672
3101,193.75,-36.25,36.25,0.0,2,0.598109886201106
3102,196.25,-36.25,36.25,0.0,2,0.5966040348588297
3103,198.75,-36.25,36.25,0.0,2,0.5905342405812374
3104,201.25,-36.25,36.25,0.0,2,0.5782860835556972
3105,203.75,-36.25,36.25,0.0,2,0.5644232636862728
3106,206.25,-36.25,36.25,0.0,2,0.5474787507089497
3107,208.75,-36.25,36.25,0.0,2,0.5233487054326669
3108,211.25,-36.25,36.25,0.0,2,0.4928377204218405
3109,213.75,-36.25,36.25,0.0,2,0.4583239018527244
3110,216.25,-36.25,36.25,0.0,2,0.43592608568763475
3111,218.75,-36.25,36.25,0.0,2,0.4229063948067881
3112,221.25,-36.25,36.25,0.0,2,0.4107762788903719
3113,223.75,-36.25,36.25,0.0,2,0.40634541679470026
3114,226.25,-36.25,36.25,0.0,2,0.40935778121074423
3115,228.75,-36.25,36.25,0.0,2,0.406756292459748
3116,231.25,-36.25,36.25,0.0,2,0.3866601924997477
3117,233.75,-36.25,36.25,0.0,2,0.3538593405428597
3118,236.25,-36.25,36.25,0.0,2,0.31624612673639163
3119,238.75,-36.25,36.25,0.0,2,0.29273778276777757
3120,241.25,-36.25,36.25,0.0,2,0.28613058009139186
3121,243.75,-36.25,36.25,0.0,2,0.28738821063456416
3122,246.25,-36.25,36.25,0.0,2,0.284837842095024
3123,248.75,-36.25,36.25,0.0,2,0.27520184475089476
3124,251.25,-36.25,36.25,0.0,2,0.25712096261362544
3125,253.75,-36.25,36.25,0.0,2,0.23496333613552306
3126,256.25,-36.25,36.25,0.0,2,0.2135203087348192
3127,258.75,-36.25,36.25,0.0,2,0.1922253097441347
3128,261.25,-36.25,36.25,0.0,2,0.17778813072438543
3129,263.75,-36.25,36.25,0.0,2,0.17095226953805542
3130,266.25,-36.25,36.25,0.0,2,0.16473473866532992
3131,268.75,-36.25,36.25,0.0,2,0.15575189848524063
3132,271.25,-36.25,36.25,0.0,2,0.14202370897410255
3133,273.75,-36.25,36.25,0.0,2,0.11961916579293946
3134,276.25,-36.25,36.25,0.0,2,0.09995119898925187
3135,278.75,-36.25,36.25,0.0,2,0.1006211896018322
3136,281.25,-36.25,36.25,0.0,1,0.10027701222127679
3137,283.75,-36.25,36.25,0.0,1,0.09948564265908705
3138,286.25,-36.25,36.25,0.0,1,0.30912893203420244
3139,288.75,-36.25,36.25,1.0,0,0.668912676939111
3140,291.25,-36.25,36.25,1.0,0,0.5815290511795171
3141,293.75,-36.25,36.25,1.0,0,0.43124688113204224
3142,296.25,-36.25,36.25,1.0,0,0.3437232912546944
3143,298.75,-36.25,36.25,1.0,0,0.4290972991674497
3144,301.25,-36.25,36.25,1.0,0,0.4605153312294459
3145,303.75,-36.25,36.25,0.0,1,0.42223562148234917
3146,306.25,-36.25,36.25,0.0,1,0.41590738382620424
3147,308.75,-36.25,36.25,0.0,1,0.3956345763993634
3148,311.25,-36.25,36.25,0.0,1,0.35251651816632606
3149,313.75,-36.25,36.25,0.0,1,0.3343901936327067
3150,316.25,-36.25,36.25,0.0,1,0.3341865795283204
3151,318.75,-36.25,36.25,0.0,1,0.33626943275218624
3152,321.25,-36.25,36.25,0.0,1,0.3340536636819438
3153,323.75,-36.25,36.25,0.0,1,0.3296729094274486
3154,326.25,-36.25,36.25,0.0,1,0.3230558944077945
3155,328.75,-36.25,36.25,0.0,1,0.31205776830635856
3156,331.25,-36.25,36.25,0.0,1,0.30014983554876984
3157,333.75,-36.25,36.25,0.0,1,0.290025426583258
3158,336.25,-36.25,36.25,0.0,1,0.28434167290249124
3159,338.75,-36.25,36.25,0.0,1,0.2768545989416396
3160,341.25,-36.25,36.25,0.0,1,0.26369821963672485
3161,343.75,-36.25,36.25,0.0,1,0.2559484363537927
3162,346.25,-36.25,36.25,0.0,1,0.2652853961541646
3163,348.75,-36.25,36.25,0.0,1,0.2852502509156233
3164,351.25,-36.25,36.25,0.0,1,0.2938615369621922
3165,353.75,-36.25,36.25,0.0,1,0.27750101177348235
3166,356.25,-36.25,36.25,0.0,1,0.2684493533590116
3167,358.75,-36.25,36.25,0.0,1,0.29550130055817725
3168,1.25,-33.75,33.75,0.0,1,0.25915113725113115
3169,3.75,-33.75,33.75,0.0,1,0.2770171418136012
3170,6.25,-33.75,33.75,0.0,1,0.30330252733674024
3171,8.75,-33.75,33.75,0.0,1,0.32259878604775466
3172,11.25,-33.75,33.75,0.0,1,0.3368707550855819
3173,13.75,-33.75,33.75,0.0,1,0.3404445300037749
3174,16.25,-33.75,33.75,0.0,1,0.33827983870361045
3175,18.75,-33.75,33.75,0.0,1,0.46947665074012057
3176,21.25,-33.75,33.75,0.0,0,0.553107286046076
3177,23.75,-33.75,33.75,0.0,0,0.5891543458345126
3178,26.25,-33.75,33.75,0.0,1,0.5887362073263362
3179,28.75,-33.75,33.75,0.0,1,0.5648439389750857
3180,31.25,-33.75,33.75,0.0,3,0.5451129314578899
3181,33.75,-33.75,33.75,0.0,3,0.44454240170649717
3182,36.25,-33.75,33.75,0.0,3,0.40154664918093513
3183,38.75,-33.75,33.75,0.0,3,0.4306406164138872
3184,41.25,-33.75,33.75,0.0,3,0.42590601541196693
3185,43.75,-33.75,33.75,0.0,3,0.4109385215718204
3186,46.25,-33.75,33.75,0.0,3,0.40144831715175616
3187,48.75,-33.75,33.75,0.0,3,0.4050935187838019
3188,51.25,-33.75,33.75,0.0,3,0.4061922698923232
3189,53.75,-33.75,33.75,0.0,3,0.39659083921318267
3190,56.25,-33.75,33.75,0.0,3,0.37918244938462126
3191,58.75,-33.75,33.75,0.0,3,0.3628315466117291
3192,61.25,-33.75,33.75,0.0,3,0.35707811698112696
3193,63.75,-33.75,33.75,0.0,3,0.360298670357635
3194,66.25,-33.75,33.75,0.0,3,0.372056170507463
3195,68.75,-33.75,33.75,0.0,3,0.38280972038449246
3196,71.25,-33.75,33.75,0.0,3,0.3947146762458515
3197,73.75,-33.75,33.75,0.0,3,0.4137903802207004
3198,76.25,-33.75,33.75,0.0,3,0.439427052843156
3199,78.75,-33.75,33.75,0.0,3,0.4706941531604733
3200,81.25,-33.75,33.75,0.0,3,0.49722092342218127
3201,83.75,-33.75,33.75,0.0,3,0.5109096030129834
3202,86.25,-33.75,33.75,0.0,3,0.5168366330551958
3203,88.75,-33.75,33.75,0.0,3,0.5238661336041393
3204,91.25,-33.75,33.75,0.0,3,0.5311858220557915
3205,93.75,-33.75,33.75,0.0,3,0.5325538671468228
3206,96.25,-33.75,33.75,0.0,3,0.5228181170426603
3207,98.75,-33.75,33.75,0.0,3,0.4970752228105553
3208,101.25,-33.75,33.75,0.0,3,0.45424813094453315
3209,103.75,-33.75,33.75,0.0,3,0.41334958112742065
3210,106.25,-33.75,33.75,0.0,3,0.3829359642073361
3211,108.75,-33.75,33.75,0.0,3,0.35170001516001637
3212,111.25,-33.75,33.75,0.0,3,0.3474752681684186
3213,113.75,-33.75,33.75,0.0,3,0.3859053277178719
3214,116.25,-33.75,33.75,0.0,3,0.566130155414919
3215,118.75,-33.75,33.75,0.0,0,0.6474476702489308
3216,121.25,-33.75,33.75,0.0,2,0.5801580885393341
3217,123.75,-33.75,33.75,0.0,2,0.5037149017932034
3218,126.25,-33.75,33.75,0.0,2,0.4036668837605255
3219,128.75,-33.75,33.75,0.0,2,0.3683786060500736
3220,131.25,-33.75,33.75,0.0,2,0.34987636236208636
3221,133.75,-33.75,33.75,0.0,2,0.39944719069103607
3222,136.25,-33.75,33.75,0.0,2,0.5283488962079493
3223,138.75,-33.75,33.75,1.0,0,0.7172088227380323
3224,141.25,-33.75,33.75,1.0,0,0.8419954454093386
3225,143.75,-33.75,33.75,1.0,0,0.9054842406645098
3226,146.25,-33.75,33.75,1.0,0,0.9682455899232878
3227,148.75,-33.75,33.75,1.0,0,0.9780557965422982
3228,151.25,-33.75,33.75,0.0,2,0.8734293772633036
3229,153.75,-33.75,33.75,0.0,2,0.7650189989213115
3230,156.25,-33.75,33.75,0.0,2,0.6815256442198105
3231,158.75,-33.75,33.75,0.0,2,0.5613224134959537
3232,161.25,-33.75,33.75,0.0,2,0.5192405503988496
3233,163.75,-33.75,33.75,0.0,2,0.5511851221326214
3234,166.25,-33.75,33.75,0.0,2,0.5676843828297904
3235,168.75,-33.75,33.75,0.0,2,0.5747235668264643
3236,171.25,-33.75,33.75,0.0,2,0.577479454558491
3237,173.75,-33.75,33.75,0.0,2,0.6079092024452275
3238,176.25,-33.75,33.75,0.0,2,0.6320747565066728
3239,178.75,-33.75,33.75,0.0,2,0.6463129015689006
3240,181.25,-33.75,33.75,0.0,2,0.6519426639547649
3241,183.75,-33.75,33.75,0.0,2,0.6598878705947319
3242,186.25,-33.75,33.75,0.0,2,0.666393525211849
3243,188.75,-33.75,33.75,0.0,2,0.6648274806427662
3244,191.25,-33.75,33.75,0.0,2,0.6580386050672713
3245,193.75,-33.75,33.75,0.0,2,0.6515226390974025
3246,196.25,-33.75,33.75,0.0,2,0.6412515877256036
3247,198.75,-33.75,33.75,0.0,2,0.6280435192501309
3248,201.25,-33.75,33.75,0.0,2,0.6135510595749342
3249,203.75,-33.75,33.75,0.0,2,0.5975465168362168
3250,206.25,-33.75,33.75,0.0,2,0.5734294707803308
3251,208.75,-33.75,33.75,0.0,2,0.5415906790772366
3252,211.25,-33.75,33.75,0.0,2,0.5058018901475835
3253,213.75,-33.75,33.75,0.0,2,0.4705360758295621
3254,216.25,-33.75,33.75,0.0,2,0.4490454820299344
3255,218.75,-33.75,33.75,0.0,2,0.43164254405137015
3256,221.25,-33.75,33.75,0.0,2,0.4176607760067988
3257,223.75,-33.75,33.75,0.0,2,0.4184150489133517
3258,226.25,-33.75,33.75,0.0,2,0.42367689004482495
3259,228.75,-33.75,33.75,0.0,2,0.4166060365628202
3260,231.25,-33.75,33.75,0.0,2,0.3830910677785841
3261,233.75,-33.75,33.75,0.0,2,0.3289050283872555
3262,236.25,-33.75,33.75,0.0,2,0.26906394352441143
3263,238.75,-33.75,33.75,0.0,2,0.23071481538754385
3264,241.25,-33.75,33.75,0.0,2,0.2189631976467178
3265,243.75,-33.75,33.75,0.0,2,0.2188551811641218
3266,246.25,-33.75,33.75,0.0,2,0.21433364182726744
3267,248.75,-33.75,33.75,0.0,2,0.20172864383131833
3268,251.25,-33.75,33.75,0.0,2,0.1845312544049495
3269,253.75,-33.75,33.75,0.0,2,0.1680098934960511
3270,256.25,-33.75,33.75,0.0,2,0.15544852200702158
3271,258.75,-33.75,33.75,0.0,2,0.14350828434246166
3272,261.25,-33.75,33.75,0.0,2,0.13332392759979764
3273,263.75,-33.75,33.75,0.0,2,0.12581983155766735
3274,266.25,-33.75,33.75,0.0,2,0.118056839632325
3275,268.75,-33.75,33.75,0.0,2,0.10827909792234582
3276,271.25,-33.75,33.75,0.0,2,0.0957642353916657
3277,273.75,-33.75,33.75,0.0,2,0.08152309968404495
3278,276.25,-33.75,33.75,0.0,2,0.07125104452221327
3279,278.75,-33.75,33.75,0.0,2,0.06739736044412661
3280,281.25,-33.75,33.75,0.0,1,0.059972724083655345
3281,283.75,-33.75,33.75,0.0,1,0.10070933272097046
3282,286.25,-33.75,33.75,0.0,1,0.253877084526169
3283,288.75,-33.75,33.75,1.0,0,0.7276495249672007
3284,291.25,-33.75,33.75,1.0,0,0.6502022280998507
3285,293.75,-33.75,33.75,1.0,0,0.4354953635575524
3286,296.25,-33.75,33.75,1.0,0,0.42382658393078765
3287,298.75,-33.75,33.75,1.0,0,0.5069800021648888
3288,301.25,-33.75,33.75,1.0,0,0.49224800342262287
3289,303.75,-33.75,33.75,1.0,0,0.5016605966647392
3290,306.25,-33.75,33.75,0.0,1,0.49423790033744625
3291,308.75,-33.75,33.75,0.0,1,0.4432738150324916
3292,311.25,-33.75,33.75,0.0,1,0.4105327672586795
3293,313.75,-33.75,33.75,0.0,1,0.3700113207992132
3294,316.25,-33.75,33.75,0.0,1,0.3629399298441755
3295,318.75,-33.75,33.75,0.0,1,0.3584421809751122
3296,321.25,-33.75,33.75,0.0,1,0.34460272806118153
3297,323.75,-33.75,33.75,0.0,1,0.3316012678824991
3298,326.25,-33.75,33.75,0.0,1,0.31802173124610134
3299,328.75,-33.75,33.75,0.0,1,0.3007236449636747
3300,331.25,-33.75,33.75,0.0,1,0.2849304810840988
3301,333.75,-33.75,33.75,0.0,1,0.2695493105794954
3302,336.25,-33.75,33.75,0.0,1,0.2567068730529852
3303,338.75,-33.75,33.75,0.0,1,0.2453292450838342
3304,341.25,-33.75,33.75,0.0,1,0.23411948568954666
3305,343.75,-33.75,33.75,0.0,1,0.2315992538264967
3306,346.25,-33.75,33.75,0.0,1,0.23900466932085898
3307,348.75,-33.75,33.75,0.0,1,0.25436383920639155
3308,351.25,-33.75,33.75,0.0,1,0.26131729608218246
3309,353.75,-33.75,33.75,0.0,1,0.24900314950242436
3310,356.25,-33.75,33.75,0.0,1,0.23536970163900872
3311,358.75,-33.75,33.75,0.0,1,0.24404373662215786
3312,1.25,-31.25,31.25,0.0,1,0.2404447567146076
3313,3.75,-31.25,31.25,0.0,1,0.27134362399169815
3314,6.25,-31.25,31.25,0.0,1,0.304601778252883
3315,8.75,-31.25,31.25,0.0,1,0.32594139391023946
3316,11.25,-31.25,31.25,0.0,1,0.3385319777819961
3317,13.75,-31.25,31.25,0.0,1,0.3499885135732041
3318,16.25,-31.25,31.25,0.0,1,0.39681184994995183
3319,18.75,-31.25,31.25,1.0,0,0.7339444619359017
3320,21.25,-31.25,31.25,1.0,0,1.001916924711247
3321,23.75,-31.25,31.25,1.0,0,1.1059693671373796
3322,26.25,-31.25,31.25,1.0,0,1.0468009151524227
3323,28.75,-31.25,31.25,1.0,0,0.8854201371450223
3324,31.25,-31.25,31.25,0.0,3,0.7097594429577382
3325,33.75,-31.25,31.25,0.0,3,0.6749007170254622
3326,36.25,-31.25,31.25,0.0,3,0.5708361335914988
3327,38.75,-31.25,31.25,0.0,3,0.5350071830325623
3328,41.25,-31.25,31.25,0.0,3,0.5318750788967297
3329,43.75,-31.25,31.25,0.0,3,0.5204993569011932
3330,46.25,-31.25,31.25,0.0,3,0.5227606250109275
3331,48.75,-31.25,31.25,0.0,3,0.5303764867729567
3332,51.25,-31.25,31.25,0.0,3,0.519986238092518
3333,53.75,-31.25,31.25,0.0,3,0.49827996629854304
3334,56.25,-31.25,31.25,0.0,3,0.4703492811280202
3335,58.75,-31.25,31.25,0.0,3,0.44178364339136655
3336,61.25,-31.25,31.25,0.0,3,0.42165602718816797
3337,63.75,-31.25,31.25,0.0,3,0.4088839205505475
3338,66.25,-31.25,31.25,0.0,3,0.4068731736641925
3339,68.75,-31.25,31.25,0.0,3,0.4124890641308917
3340,71.25,-31.25,31.25,0.0,3,0.42951367160660864
3341,73.75,-31.25,31.25,0.0,3,0.4507075939011972
3342,76.25,-31.25,31.25,0.0,3,0.46928048130221206
3343,78.75,-31.25,31.25,0.0,3,0.48868389541270396
3344,81.25,-31.25,31.25,0.0,3,0.5047820207166316
3345,83.75,-31.25,31.25,0.0,3,0.5148063889151856
3346,86.25,-31.25,31.25,0.0,3,0.5216368474292651
3347,88.75,-31.25,31.25,0.0,3,0.5277548227373631
3348,91.25,-31.25,31.25,0.0,3,0.5321184796557634
3349,93.75,-31.25,31.25,0.0,3,0.532833923668395
3350,96.25,-31.25,31.25,0.0,3,0.5232811560837561
3351,98.75,-31.25,31.25,0.0,3,0.5009561748074115
3352,101.25,-31.25,31.25,0.0,3,0.45991707280797955
3353,103.75,-31.25,31.25,0.0,3,0.41027713769677526
3354,106.25,-31.25,31.25,0.0,3,0.36755956189781613
3355,108.75,-31.25,31.25,0.0,3,0.34551838559657455
3356,111.25,-31.25,31.25,0.0,3,0.39727892615977267
3357,113.75,-31.25,31.25,0.0,3,0.4901513966063541
3358,116.25,-31.25,31.25,0.0,0,0.8097687705939226
3359,118.75,-31.25,31.25,1.0,0,0.9953974666061031
3360,121.25,-31.25,31.25,1.0,0,0.9710154172968855
3361,123.75,-31.25,31.25,1.0,0,0.8681338535784121
3362,126.25,-31.25,31.25,1.0,0,0.7697966223130903
3363,128.75,-31.25,31.25,1.0,0,0.744265058598215
3364,131.25,-31.25,31.25,1.0,0,0.7398866095101836
3365,133.75,-31.25,31.25,1.0,0,0.793008730879533
3366,136.25,-31.25,31.25,1.0,0,0.9053716091837267
3367,138.75,-31.25,31.25,1.0,0,0.9796422442543964
3368,141.25,-31.25,31.25,1.0,0,1.0302027574684962
3369,143.75,-31.25,31.25,1.0,0,1.0727229119620296
3370,146.25,-31.25,31.25,1.0,0,1.1336860764280998
3371,148.75,-31.25,31.25,1.0,0,1.1318593170556315
3372,151.25,-31.25,31.25,1.0,0,1.108164604569268
3373,153.75,-31.25,31.25,0.0,2,0.8426764821852525
3374,156.25,-31.25,31.25,0.0,2,0.7177154357088562
3375,158.75,-31.25,31.25,0.0,2,0.6365294858811545
3376,161.25,-31.25,31.25,0.0,2,0.5879807288317358
3377,163.75,-31.25,31.25,0.0,2,0.6109858274018443
3378,166.25,-31.25,31.25,0.0,2,0.6208576714615842
3379,168.75,-31.25,31.25,0.0,2,0.6232298122339506
3380,171.25,-31.25,31.25,0.0,2,0.6311166541697483
3381,173.75,-31.25,31.25,0.0,2,0.6451680367835191
3382,176.25,-31.25,31.25,0.0,2,0.6562801020082104
3383,178.75,-31.25,31.25,0.0,2,0.6662002698834757
3384,181.25,-31.25,31.25,0.0,2,0.6879592756509503
3385,183.75,-31.25,31.25,0.0,2,0.7129373075162092
3386,186.25,-31.25,31.25,0.0,2,0.7184122304807545
3387,188.75,-31.25,31.25,0.0,2,0.7000732389407961
3388,191.25,-31.25,31.25,0.0,2,0.6824962623672668
3389,193.75,-31.25,31.25,0.0,2,0.6685347481126585
3390,196.25,-31.25,31.25,0.0,2,0.6522735310360108
3391,198.75,-31.25,31.25,0.0,2,0.6342721416997531
3392,201.25,-31.25,31.25,0.0,2,0.6149044509014554
3393,203.75,-31.25,31.25,0.0,2,0.5922028598786075
3394,206.25,-31.25,31.25,0.0,2,0.559634231553867
3395,208.75,-31.25,31.25,0.0,2,0.5219896732631903
3396,211.25,-31.25,31.25,0.0,2,0.48893470672766354
3397,213.75,-31.25,31.25,0.0,2,0.4616735678957883
3398,216.25,-31.25,31.25,0.0,2,0.44179036128703403
3399,218.75,-31.25,31.25,0.0,2,0.42062377950961094
3400,221.25,-31.25,31.25,0.0,2,0.40141532284617354
3401,223.75,-31.25,31.25,0.0,2,0.3967575046752192
3402,226.25,-31.25,31.25,0.0,2,0.39299979190974055
3403,228.75,-31.25,31.25,0.0,2,0.3775054394472529
3404,231.25,-31.25,31.25,0.0,2,0.33711694686624716
3405,233.75,-31.25,31.25,0.0,2,0.28045253794280955
3406,236.25,-31.25,31.25,0.0,2,0.22056533045246515
3407,238.75,-31.25,31.25,0.0,2,0.18099703618742902
3408,241.25,-31.25,31.25,0.0,2,0.16132322122043352
3409,243.75,-31.25,31.25,0.0,2,0.14884334892317866
3410,246.25,-31.25,31.25,0.0,2,0.1375596969401314
3411,248.75,-31.25,31.25,0.0,2,0.1284951195547646
3412,251.25,-31.25,31.25,0.0,2,0.1188879804638333
3413,253.75,-31.25,31.25,0.0,2,0.11265933303418516
3414,256.25,-31.25,31.25,0.0,2,0.10894172378423325
3415,258.75,-31.25,31.25,0.0,2,0.10250640376306937
3416,261.25,-31.25,31.25,0.0,2,0.09429585554156415
3417,263.75,-31.25,31.25,0.0,2,0.08865453882417375
3418,266.25,-31.25,31.25,0.0,2,0.08219335875614026
3419,268.75,-31.25,31.25,0.0,2,0.07283242462055842
3420,271.25,-31.25,31.25,0.0,2,0.06346861931062077
3421,273.75,-31.25,31.25,0.0,2,0.0556431917326012
3422,276.25,-31.25,31.25,0.0,2,0.05359376997389463
3423,278.75,-31.25,31.25,0.0,2,0.05384009058932958
3424,281.25,-31.25,31.25,0.0,1,0.05695981531033782
3425,283.75,-31.25,31.25,0.0,1,0.11626194918817807
3426,286.25,-31.25,31.25,0.0,1,0.30567530637197554
3427,288.75,-31.25,31.25,1.0,0,0.898970047407052
3428,291.25,-31.25,31.25,1.0,0,0.7762747031307164
3429,293.75,-31.25,31.25,1.0,0,0.5311678549378736
3430,296.25,-31.25,31.25,1.0,0,0.6566994403758087
3431,298.75,-31.25,31.25,1.0,0,0.6498539608893277
3432,301.25,-31.25,31.25,1.0,0,0.6139001035877284
3433,303.75,-31.25,31.25,1.0,0,0.6375746725491651
3434,306.25,-31.25,31.25,1.0,0,0.621985282314279
3435,308.75,-31.25,31.25,0.0,1,0.538113116382117
3436,311.25,-31.25,31.25,0.0,1,0.46526424342013406
3437,313.75,-31.25,31.25,0.0,1,0.44558110881248153
3438,316.25,-31.25,31.25,0.0,1,0.41511209483097317
3439,318.75,-31.25,31.25,0.0,1,0.39441409321082543
3440,321.25,-31.25,31.25,0.0,1,0.37866331755599475
3441,323.75,-31.25,31.25,0.0,1,0.3594719874837926
3442,326.25,-31.25,31.25,0.0,1,0.3393756593267534
3443,328.75,-31.25,31.25,0.0,1,0.319301811121393
3444,331.25,-31.25,31.25,0.0,1,0.3021156043798588
3445,333.75,-31.25,31.25,0.0,1,0.28126164036642887
3446,336.25,-31.25,31.25,0.0,1,0.26047924431492153
3447,338.75,-31.25,31.25,0.0,1,0.2436928640751081
3448,341.25,-31.25,31.25,0.0,1,0.2276029773799108
3449,343.75,-31.25,31.25,0.0,1,0.21982667300483488
3450,346.25,-31.25,31.25,0.0,1,0.22280782958085693
3451,348.75,-31.25,31.25,0.0,1,0.23425856569818312
3452,351.25,-31.25,31.25,0.0,1,0.2461233094664885
3453,353.75,-31.25,31.25,0.0,1,0.24391148069440396
3454,356.25,-31.25,31.25,0.0,1,0.23088743193388728
3455,358.75,-31.25,31.25,0.0,1,0.22615770608026275
3456,1.25,-28.75,28.75,0.0,1,0.27269374349145703
3457,3.75,-28.75,28.75,0.0,1,0.29706856280680916
3458,6.25,-28.75,28.75,0.0,1,0.3202714175318151
3459,8.75,-28.75,28.75,0.0,1,0.33638122581275465
3460,11.25,-28.75,28.75,0.0,1,0.3527300161928969
3461,13.75,-28.75,28.75,0.0,1,0.38887820934015827
3462,16.25,-28.75,28.75,0.0,1,0.5657466235601489
3463,18.75,-28.75,28.75,1.0,0,0.9876844071990573
3464,21.25,-28.75,28.75,1.0,0,1.3104821781589124
3465,23.75,-28.75,28.75,1.0,0,1.4273945635311962
3466,26.25,-28.75,28.75,1.0,0,1.376742655131355
3467,28.75,-28.75,28.75,1.0,0,1.2400796893173167
3468,31.25,-28.75,28.75,0.0,0,0.964872447951785
3469,33.75,-28.75,28.75,0.0,3,0.7908188108218767
3470,36.25,-28.75,28.75,0.0,3,0.7195929252232208
3471,38.75,-28.75,28.75,0.0,3,0.6374176331363052
3472,41.25,-28.75,28.75,0.0,3,0.6343887367255887
3473,43.75,-28.75,28.75,0.0,3,0.6390566100274597
3474,46.25,-28.75,28.75,0.0,3,0.6393470717066029
3475,48.75,-28.75,28.75,0.0,3,0.6381988285800761
3476,51.25,-28.75,28.75,0.0,3,0.61679155449263
3477,53.75,-28.75,28.75,0.0,3,0.5780408756763067
3478,56.25,-28.75,28.75,0.0,3,0.536240523532617
3479,58.75,-28.75,28.75,0.0,3,0.4948828145473889
3480,61.25,-28.75,28.75,0.0,3,0.46516375992925163
3481,63.75,-28.75,28.75,0.0,3,0.4451093025325377
3482,66.25,-28.75,28.75,0.0,3,0.4338302932373761
3483,68.75,-28.75,28.75,0.0,3,0.4330352171297259
3484,71.25,-28.75,28.75,0.0,3,0.4443436504611854
3485,73.75,-28.75,28.75,0.0,3,0.46148281334695596
3486,76.25,-28.75,28.75,0.0,3,0.47719212366652825
3487,78.75,-28.75,28.75,0.0,3,0.4921163137561093
3488,81.25,-28.75,28.75,0.0,3,0.505010629052844
3489,83.75,-28.75,28.75,0.0,3,0.5148654124594365
3490,86.25,-28.75,28.75,0.0,3,0.5232786051147378
3491,88.75,-28.75,28.75,0.0,3,0.5281554320388753
3492,91.25,-28.75,28.75,0.0,3,0.5250488980487039
3493,93.75,-28.75,28.75,0.0,3,0.5121952984182554
3494,96.25,-28.75,28.75,0.0,3,0.48651118648542757
3495,98.75,-28.75,28.75,0.0,3,0.45025886513881924
3496,101.25,-28.75,28.75,0.0,3,0.4032332876766361
3497,103.75,-28.75,28.75,0.0,3,0.36741013797979527
3498,106.25,-28.75,28.75,0.0,3,0.3632327718960519
3499,108.75,-28.75,28.75,0.0,3,0.40767862452475995
3500,111.25,-28.75,28.75,0.0,3,0.4988952024397639
3501,113.75,-28.75,28.75,0.0,3,0.6186742032597444
3502,116.25,-28.75,28.75,1.0,0,1.060639842750653
3503,118.75,-28.75,28.75,1.0,0,1.2014364517208749
3504,121.25,-28.75,28.75,1.0,0,1.1999158919161301
3505,123.75,-28.75,28.75,1.0,0,1.1516442171213956
3506,126.25,-28.75,28.75,1.0,0,1.1076419777533673
3507,128.75,-28.75,28.75,1.0,0,1.1037882569712145
3508,131.25,-28.75,28.75,1.0,0,1.0988938431278845
3509,133.75,-28.75,28.75,1.0,0,1.06413313511164
3510,136.25,-28.75,28.75,1.0,0,1.0691760788259628
3511,138.75,-28.75,28.75,1.0,0,1.1301392799195142
3512,141.25,-28.75,28.75,1.0,0,1.1900054565872262
3513,143.75,-28.75,28.75,1.0,0,1.2239288757678588
3514,146.25,-28.75,28.75,1.0,0,1.2400189987645962
3515,148.75,-28.75,28.75,1.0,0,1.2575407499921258
3516,151.25,-28.75,28.75,1.0,0,1.2640424199701763
3517,153.75,-28.75,28.75,0.0,2,0.9080613651001622
3518,156.25,-28.75,28.75,0.0,2,0.7183438481981707
3519,158.75,-28.75,28.75,0.0,2,0.6835632203859188
3520,161.25,-28.75,28.75,0.0,2,0.6785763438925129
3521,163.75,-28.75,28.75,0.0,2,0.6897951283816278
3522,166.25,-28.75,28.75,0.0,2,0.6836554586073377
3523,168.75,-28.75,28.75,0.0,2,0.6714381986865933
3524,171.25,-28.75,28.75,0.0,2,0.6666675624886165
3525,173.75,-28.75,28.75,0.0,2,0.6699633003984932
3526,176.25,-28.75,28.75,0.0,2,0.6807943752479323
3527,178.75,-28.75,28.75,0.0,2,0.7065354846414431
3528,181.25,-28.75,28.75,0.0,2,0.7302500522919565
3529,183.75,-28.75,28.75,0.0,2,0.7377205383668641
3530,186.25,-28.75,28.75,0.0,2,0.7193950484089607
3531,188.75,-28.75,28.75,0.0,2,0.6863120157715965
3532,191.25,-28.75,28.75,0.0,2,0.6590850107255599
3533,193.75,-28.75,28.75,0.0,2,0.6397622629790091
3534,196.25,-28.75,28.75,0.0,2,0.6204113300660672
3535,198.75,-28.75,28.75,0.0,2,0.5944166072967406
3536,201.25,-28.75,28.75,0.0,2,0.5672701739179388
3537,203.75,-28.75,28.75,0.0,2,0.5425558536199947
3538,206.25,-28.75,28.75,0.0,2,0.5130166437519126
3539,208.75,-28.75,28.75,0.0,2,0.47914299339126587
3540,211.25,-28.75,28.75,0.0,2,0.4502176692570986
3541,213.75,-28.75,28.75,0.0,2,0.4250546431141079
3542,216.25,-28.75,28.75,0.0,2,0.40440897323041947
3543,218.75,-28.75,28.75,0.0,2,0.38572065943929357
3544,221.25,-28.75,28.75,0.0,2,0.3653851464714839
3545,223.75,-28.75,28.75,0.0,2,0.3514818900868254
3546,226.25,-28.75,28.75,0.0,2,0.33690953237679366
3547,228.75,-28.75,28.75,0.0,2,0.31262509485485235
3548,231.25,-28.75,28.75,0.0,2,0.2730939138138802
3549,233.75,-28.75,28.75,0.0,2,0.22990173338186723
3550,236.25,-28.75,28.75,0.0,2,0.1902879374839547
3551,238.75,-28.75,28.75,0.0,2,0.16158165352043286
3552,241.25,-28.75,28.75,0.0,2,0.14079821644955687
3553,243.75,-28.75,28.75,0.0,2,0.12327182575112723
3554,246.25,-28.75,28.75,0.0,2,0.1104257801295044
3555,248.75,-28.75,28.75,0.0,2,0.10241085023501931
3556,251.25,-28.75,28.75,0.0,2,0.09630996031493372
3557,253.75,-28.75,28.75,0.0,2,0.09284073099565908
3558,256.25,-28.75,28.75,0.0,2,0.08950899355351762
3559,258.75,-28.75,28.75,0.0,2,0.08482758957036797
3560,261.25,-28.75,28.75,0.0,2,0.08072994202744307
3561,263.75,-28.75,28.75,0.0,2,0.07510395607734821
3562,266.25,-28.75,28.75,0.0,2,0.06593288594705224
3563,268.75,-28.75,28.75,0.0,2,0.05441967740139164
3564,271.25,-28.75,28.75,0.0,2,0.04676957056849923
3565,273.75,-28.75,28.75,0.0,2,0.04239601798123238
3566,276.25,-28.75,28.75,0.0,2,0.04328615067702017
3567,278.75,-28.75,28.75,0.0,2,0.046640882864990026
3568,281.25,-28.75,28.75,0.0,1,0.07005940523136915
3569,283.75,-28.75,28.75,0.0,1,0.21565523501188338
3570,286.25,-28.75,28.75,0.0,1,0.5930145176036394
3571,288.75,-28.75,28.75,0.0,1,1.0763274286239037
3572,291.25,-28.75,28.75,1.0,0,0.9858618359001011
3573,293.75,-28.75,28.75,1.0,0,0.7102374436253268
3574,296.25,-28.75,28.75,1.0,0,0.7172144763340107
3575,298.75,-28.75,28.75,1.0,0,0.754990851065917
3576,301.25,-28.75,28.75,1.0,0,0.7312852307002515
3577,303.75,-28.75,28.75,1.0,0,0.847071141121869
3578,306.25,-28.75,28.75,1.0,0,0.9079328519126769
3579,308.75,-28.75,28.75,1.0,0,0.8004884094409728
3580,311.25,-28.75,28.75,0.0,1,0.5489921723919491
3581,313.75,-28.75,28.75,0.0,1,0.5027198658813411
3582,316.25,-28.75,28.75,0.0,1,0.5011217165335461
3583,318.75,-28.75,28.75,0.0,1,0.4766313829851567
3584,321.25,-28.75,28.75,0.0,1,0.443611090302904
3585,323.75,-28.75,28.75,0.0,1,0.41320938946769764
3586,326.25,-28.75,28.75,0.0,1,0.3848283147776584
3587,328.75,-28.75,28.75,0.0,1,0.3567452662715206
3588,331.25,-28.75,28.75,0.0,1,0.3320029062687528
3589,333.75,-28.75,28.75,0.0,1,0.3036742743853114
3590,336.25,-28.75,28.75,0.0,1,0.2761364562526535
3591,338.75,-28.75,28.75,0.0,1,0.2539919156865106
3592,341.25,-28.75,28.75,0.0,1,0.2340175104424327
3593,343.75,-28.75,28.75,0.0,1,0.2275949909979966
3594,346.25,-28.75,28.75,0.0,1,0.2338212996215435
3595,348.75,-28.75,28.75,0.0,1,0.2474593562132776
3596,351.25,-28.75,28.75,0.0,1,0.2585482739728978
3597,353.75,-28.75,28.75,0.0,1,0.257739101883236
3598,356.25,-28.75,28.75,0.0,1,0.2509789674010679
3599,358.75,-28.75,28.75,0.0,1,0.2553589348498115
3600,1.25,-26.25,26.25,0.0,1,0.3085550144910483
3601,3.75,-26.25,26.25,0.0,1,0.3228284473531792
3602,6.25,-26.25,26.25,0.0,1,0.3372013811290677
3603,8.75,-26.25,26.25,0.0,1,0.3608459712376825
3604,11.25,-26.25,26.25,0.0,1,0.42641941453936144
3605,13.75,-26.25,26.25,0.0,1,0.5618115639402621
3606,16.25,-26.25,26.25,1.0,0,0.9204727776161185
3607,18.75,-26.25,26.25,1.0,0,1.3460926345340685
3608,21.25,-26.25,26.25,1.0,0,1.5121493159282793
3609,23.75,-26.25,26.25,1.0,0,1.5605076519530416
3610,26.25,-26.25,26.25,1.0,0,1.4907778294458554
3611,28.75,-26.25,26.25,1.0,0,1.337004963187143
3612,31.25,-26.25,26.25,1.0,0,1.1783576877377955
3613,33.75,-26.25,26.25,0.0,3,0.9221227215950839
3614,36.25,-26.25,26.25,0.0,3,0.8280722811192882
3615,38.75,-26.25,26.25,0.0,3,0.7554704600445377
3616,41.25,-26.25,26.25,0.0,3,0.7223073147687724
3617,43.75,-26.25,26.25,0.0,3,0.7640406775861788
3618,46.25,-26.25,26.25,0.0,3,0.7535828119124011
3619,48.75,-26.25,26.25,0.0,3,0.6788835572366072
3620,51.25,-26.25,26.25,0.0,3,0.648789225087093
3621,53.75,-26.25,26.25,0.0,3,0.6138086895186448
3622,56.25,-26.25,26.25,0.0,3,0.5773490384670298
3623,58.75,-26.25,26.25,0.0,3,0.5398138689623061
3624,61.25,-26.25,26.25,0.0,3,0.5143423179221466
3625,63.75,-26.25,26.25,0.0,3,0.5001507116975403
3626,66.25,-26.25,26.25,0.0,3,0.4959980122446042
3627,68.75,-26.25,26.25,0.0,3,0.4982951827337486
3628,71.25,-26.25,26.25,0.0,3,0.5091912128437284
3629,73.75,-26.25,26.25,0.0,3,0.5234434055650761
3630,76.25,-26.25,26.25,0.0,3,0.5354323640780447
3631,78.75,-26.25,26.25,0.0,3,0.5466919029640084
3632,81.25,-26.25,26.25,0.0,3,0.5552735278255899
3633,83.75,-26.25,26.25,0.0,3,0.5575200865524035
3634,86.25,-26.25,26.25,0.0,3,0.5525348191938688
3635,88.75,-26.25,26.25,0.0,3,0.5362036444822033
3636,91.25,-26.25,26.25,0.0,3,0.5104442370680733
3637,93.75,-26.25,26.25,0.0,3,0.47217547100499485
3638,96.25,-26.25,26.25,0.0,3,0.4303642979526618
3639,98.75,-26.25,26.25,0.0,3,0.39623702711115216
3640,101.25,-26.25,26.25,0.0,3,0.37935766311569374
3641,103.75,-26.25,26.25,0.0,3,0.39742319315754876
3642,106.25,-26.25,26.25,0.0,3,0.4396077680482912
3643,108.75,-26.25,26.25,0.0,3,0.49969973931593376
3644,111.25,-26.25,26.25,0.0,3,0.5730911513711144
3645,113.75,-26.25,26.25,0.0,3,0.7672832497134141
3646,116.25,-26.25,26.25,1.0,0,1.20877870290883
3647,118.75,-26.25,26.25,1.0,0,1.3737380910875538
3648,121.25,-26.25,26.25,1.0,0,1.401042360649632
3649,123.75,-26.25,26.25,1.0,0,1.402760844162308
3650,126.25,-26.25,26.25,1.0,0,1.4033736183261354
3651,128.75,-26.25,26.25,1.0,0,1.3821992298962318
3652,131.25,-26.25,26.25,1.0,0,1.3324580510311586
3653,133.75,-26.25,26.25,1.0,0,1.2360386339383937
3654,136.25,-26.25,26.25,1.0,0,1.2089662553914273
3655,138.75,-26.25,26.25,1.0,0,1.261802823063301
3656,141.25,-26.25,26.25,1.0,0,1.3307716471741844
3657,143.75,-26.25,26.25,1.0,0,1.3665790052539157
3658,146.25,-26.25,26.25,1.0,0,1.3469405406503998
3659,148.75,-26.25,26.25,1.0,0,1.3377326557868392
3660,151.25,-26.25,26.25,1.0,0,1.2697548380810708
3661,153.75,-26.25,26.25,0.0,2,0.8243174864596206
3662,156.25,-26.25,26.25,0.0,2,0.7123644763866072
3663,158.75,-26.25,26.25,0.0,2,0.7162189407721606
3664,161.25,-26.25,26.25,0.0,2,0.723984543223425
3665,163.75,-26.25,26.25,0.0,2,0.7301892705106914
3666,166.25,-26.25,26.25,0.0,2,0.7276915695661704
3667,168.75,-26.25,26.25,0.0,2,0.7143360608977947
3668,171.25,-26.25,26.25,0.0,2,0.6977536885216398
3669,173.75,-26.25,26.25,0.0,2,0.7078437889335855
3670,176.25,-26.25,26.25,0.0,2,0.722758939092264
3671,178.75,-26.25,26.25,0.0,2,0.7286145543419507
3672,181.25,-26.25,26.25,0.0,2,0.7233881902058903
3673,183.75,-26.25,26.25,0.0,2,0.7052591117453935
3674,186.25,-26.25,26.25,0.0,2,0.6707467505957416
3675,188.75,-26.25,26.25,0.0,2,0.6328881972031281
3676,191.25,-26.25,26.25,0.0,2,0.6011683404784314
3677,193.75,-26.25,26.25,0.0,2,0.5745569749731109
3678,196.25,-26.25,26.25,0.0,2,0.5510520132972849
3679,198.75,-26.25,26.25,0.0,2,0.5231822218332658
3680,201.25,-26.25,26.25,0.0,2,0.4989447721847554
3681,203.75,-26.25,26.25,0.0,2,0.48252338442909926
3682,206.25,-26.25,26.25,0.0,2,0.46503009098746034
3683,208.75,-26.25,26.25,0.0,2,0.4399405428286702
3684,211.25,-26.25,26.25,0.0,2,0.4150582399025877
3685,213.75,-26.25,26.25,0.0,2,0.39145068448120107
3686,216.25,-26.25,26.25,0.0,2,0.3699144932319626
3687,218.75,-26.25,26.25,0.0,2,0.34990607894061293
3688,221.25,-26.25,26.25,0.0,2,0.32642579147163625
3689,223.75,-26.25,26.25,0.0,2,0.3006742073568568
3690,226.25,-26.25,26.25,0.0,2,0.2759561759752682
3691,228.75,-26.25,26.25,0.0,2,0.24571842583688946
3692,231.25,-26.25,26.25,0.0,2,0.21426897106521028
3693,233.75,-26.25,26.25,0.0,2,0.18575861594469198
3694,236.25,-26.25,26.25,0.0,2,0.16032073287847667
3695,238.75,-26.25,26.25,0.0,2,0.14113112192826852
3696,241.25,-26.25,26.25,0.0,2,0.12797868004648874
3697,243.75,-26.25,26.25,0.0,2,0.1189838085887736
3698,246.25,-26.25,26.25,0.0,2,0.11090395232428475
3699,248.75,-26.25,26.25,0.0,2,0.10563198025338717
3700,251.25,-26.25,26.25,0.0,2,0.10238382374046963
3701,253.75,-26.25,26.25,0.0,2,0.09905554104869327
3702,256.25,-26.25,26.25,0.0,2,0.09423453599180832
3703,258.75,-26.25,26.25,0.0,2,0.08635708712046486
3704,261.25,-26.25,26.25,0.0,2,0.07314993670780982
3705,263.75,-26.25,26.25,0.0,2,0.058184093115847525
3706,266.25,-26.25,26.25,0.0,2,0.042560610918438616
3707,268.75,-26.25,26.25,0.0,2,0.03087150611302815
3708,271.25,-26.25,26.25,0.0,2,0.024187942902320878
3709,273.75,-26.25,26.25,0.0,2,0.022094247696148643
3710,276.25,-26.25,26.25,0.0,2,0.029004663478501246
3711,278.75,-26.25,26.25,0.0,2,0.05391118845926001
3712,281.25,-26.25,26.25,0.0,1,0.1792111183774966
3713,283.75,-26.25,26.25,0.0,1,0.5686710340051974
3714,286.25,-26.25,26.25,0.0,1,1.0934659870966426
3715,288.75,-26.25,26.25,0.0,1,1.5297289551283
3716,291.25,-26.25,26.25,1.0,0,1.2058865105769894
3717,293.75,-26.25,26.25,1.0,0,1.1458416066757324
3718,296.25,-26.25,26.25,1.0,0,0.7525282488879874
3719,298.75,-26.25,26.25,1.0,0,0.8299753606776417
3720,301.25,-26.25,26.25,1.0,0,0.9175042156091102
3721,303.75,-26.25,26.25,1.0,0,1.0489960434255978
3722,306.25,-26.25,26.25,1.0,0,1.1301648516984752
3723,308.75,-26.25,26.25,1.0,0,1.0277775884947637
3724,311.25,-26.25,26.25,0.0,1,0.6581730760912762
3725,313.75,-26.25,26.25,0.0,1,0.5438211439279915
3726,316.25,-26.25,26.25,0.0,1,0.5451761368588364
3727,318.75,-26.25,26.25,0.0,1,0.5318122864426197
3728,321.25,-26.25,26.25,0.0,1,0.491465995673776
3729,323.75,-26.25,26.25,0.0,1,0.4512870854916307
3730,326.25,-26.25,26.25,0.0,1,0.4161216699578406
3731,328.75,-26.25,26.25,0.0,1,0.380120299154483
3732,331.25,-26.25,26.25,0.0,1,0.3486561328796103
3733,333.75,-26.25,26.25,0.0,1,0.3173334676529738
3734,336.25,-26.25,26.25,0.0,1,0.28985865006745276
3735,338.75,-26.25,26.25,0.0,1,0.27270348645732434
3736,341.25,-26.25,26.25,0.0,1,0.26696877873478647
3737,343.75,-26.25,26.25,0.0,1,0.2720015470867182
3738,346.25,-26.25,26.25,0.0,1,0.28133932023293196
3739,348.75,-26.25,26.25,0.0,1,0.2890353172745018
3740,351.25,-26.25,26.25,0.0,1,0.2883245107471831
3741,353.75,-26.25,26.25,0.0,1,0.28347162280042804
3742,356.25,-26.25,26.25,0.0,1,0.2838908345886223
3743,358.75,-26.25,26.25,0.0,1,0.295055659388699
3744,1.25,-23.75,23.75,0.0,1,0.3344595666102109
3745,3.75,-23.75,23.75,0.0,1,0.3519699591295445
3746,6.25,-23.75,23.75,0.0,1,0.3870814115856284
3747,8.75,-23.75,23.75,0.0,1,0.4515474405895715
3748,11.25,-23.75,23.75,0.0,1,0.5642581476147495
3749,13.75,-23.75,23.75,0.0,1,0.7522560587451895
3750,16.25,-23.75,23.75,1.0,0,1.2196795236132827
3751,18.75,-23.75,23.75,1.0,0,1.587478822572634
3752,21.25,-23.75,23.75,1.0,0,1.6392279867315989
3753,23.75,-23.75,23.75,1.0,0,1.6225662171490713
3754,26.25,-23.75,23.75,1.0,0,1.5408389298597858
3755,28.75,-23.75,23.75,1.0,0,1.4184571838487474
3756,31.25,-23.75,23.75,1.0,0,1.3508353018396728
3757,33.75,-23.75,23.75,1.0,0,1.2621515924912692
3758,36.25,-23.75,23.75,0.0,3,0.8865260744575142
3759,38.75,-23.75,23.75,0.0,3,0.8163318299813859
3760,41.25,-23.75,23.75,0.0,3,0.7892930176574923
3761,43.75,-23.75,23.75,0.0,3,0.9947121993482017
3762,46.25,-23.75,23.75,1.0,0,1.0835300883519337
3763,48.75,-23.75,23.75,0.0,3,0.7494507244000532
3764,51.25,-23.75,23.75,0.0,3,0.670151753898298
3765,53.75,-23.75,23.75,0.0,3,0.6505234183395333
3766,56.25,-23.75,23.75,0.0,3,0.6265688361409911
3767,58.75,-23.75,23.75,0.0,3,0.5980835533618589
3768,61.25,-23.75,23.75,0.0,3,0.5873506434748502
3769,63.75,-23.75,23.75,0.0,3,0.5864457960445288
3770,66.25,-23.75,23.75,0.0,3,0.5913495770695354
3771,68.75,-23.75,23.75,0.0,3,0.6001971634682797
3772,71.25,-23.75,23.75,0.0,3,0.6127906652930531
3773,73.75,-23.75,23.75,0.0,3,0.6214755372741315
3774,76.25,-23.75,23.75,0.0,3,0.6243743782918337
3775,78.75,-23.75,23.75,0.0,3,0.6228572666844809
3776,81.25,-23.75,23.75,0.0,3,0.615482785545303
3777,83.75,-23.75,23.75,0.0,3,0.6013654231663389
3778,86.25,-23.75,23.75,0.0,3,0.5778850538263242
3779,88.75,-23.75,23.75,0.0,3,0.5507497536790679
3780,91.25,-23.75,23.75,0.0,3,0.5272504636408473
3781,93.75,-23.75,23.75,0.0,3,0.5026301134780273
3782,96.25,-23.75,23.75,0.0,3,0.4829593523485379
3783,98.75,-23.75,23.75,0.0,3,0.47164381181012544
3784,101.25,-23.75,23.75,0.0,3,0.47362184929285006
3785,103.75,-23.75,23.75,0.0,3,0.49166889417092074
3786,106.25,-23.75,23.75,0.0,3,0.5149420245990165
3787,108.75,-23.75,23.75,0.0,3,0.5560580306755867
3788,111.25,-23.75,23.75,0.0,3,0.6137695615143608
3789,113.75,-23.75,23.75,0.0,3,0.8108044453734106
3790,116.25,-23.75,23.75,1.0,0,1.30955772886575
3791,118.75,-23.75,23.75,1.0,0,1.491926324857332
3792,121.25,-23.75,23.75,1.0,0,1.5462366801147278
3793,123.75,-23.75,23.75,1.0,0,1.5645130671434853
3794,126.25,-23.75,23.75,1.0,0,1.5644650562457907
3795,128.75,-23.75,23.75,1.0,0,1.5361729385485599
3796,131.25,-23.75,23.75,1.0,0,1.464635104407882
3797,133.75,-23.75,23.75,1.0,0,1.3856671851084519
3798,136.25,-23.75,23.75,1.0,0,1.3606625286753566
3799,138.75,-23.75,23.75,1.0,0,1.40307499962932
3800,141.25,-23.75,23.75,1.0,0,1.4568095109428758
3801,143.75,-23.75,23.75,1.0,0,1.4368227129964648
3802,146.25,-23.75,23.75,1.0,0,1.3745936533699497
3803,148.75,-23.75,23.75,1.0,0,1.290087390297193
3804,151.25,-23.75,23.75,0.0,2,0.9864548750928656
3805,153.75,-23.75,23.75,0.0,2,0.7313232595032764
3806,156.25,-23.75,23.75,0.0,2,0.714181537222971
3807,158.75,-23.75,23.75,0.0,2,0.7415872739568785
3808,161.25,-23.75,23.75,0.0,2,0.7417471556827717
3809,163.75,-23.75,23.75,0.0,2,0.7426946111896802
3810,166.25,-23.75,23.75,0.0,2,0.7580148052543609
3811,168.75,-23.75,23.75,0.0,2,0.7509948830782113
3812,171.25,-23.75,23.75,0.0,2,0.7401863670368927
3813,173.75,-23.75,23.75,0.0,2,0.7364102568988106
3814,176.25,-23.75,23.75,0.0,2,0.7230596445894241
3815,178.75,-23.75,23.75,0.0,2,0.6976268537997483
3816,181.25,-23.75,23.75,0.0,2,0.6757271196769014
3817,183.75,-23.75,23.75,0.0,2,0.6534013888657759
3818,186.25,-23.75,23.75,0.0,2,0.6216866880074045
3819,188.75,-23.75,23.75,0.0,2,0.5902624884600255
3820,191.25,-23.75,23.75,0.0,2,0.5594347668060249
3821,193.75,-23.75,23.75,0.0,2,0.5337571891792418
3822,196.25,-23.75,23.75,0.0,2,0.5144849117162276
3823,198.75,-23.75,23.75,0.0,2,0.4948533107268228
3824,201.25,-23.75,23.75,0.0,2,0.47744374588374217
3825,203.75,-23.75,23.75,0.0,2,0.46399825145473417
3826,206.25,-23.75,23.75,0.0,2,0.44589485538985585
3827,208.75,-23.75,23.75,0.0,2,0.42011726311484004
3828,211.25,-23.75,23.75,0.0,2,0.39498317139623085
3829,213.75,-23.75,23.75,0.0,2,0.36828938990034915
3830,216.25,-23.75,23.75,0.0,2,0.34225775203344677
3831,218.75,-23.75,23.75,0.0,2,0.3174320009884906
3832,221.25,-23.75,23.75,0.0,2,0.2889816244128464
3833,223.75,-23.75,23.75,0.0,2,0.2616503136421723
3834,226.25,-23.75,23.75,0.0,2,0.23900983833495928
3835,228.75,-23.75,23.75,0.0,2,0.21663890142187053
3836,231.25,-23.75,23.75,0.0,2,0.19786189851321798
3837,233.75,-23.75,23.75,0.0,2,0.18264039795344672
3838,236.25,-23.75,23.75,0.0,2,0.17039573565108793
3839,238.75,-23.75,23.75,0.0,2,0.16245928425662062
3840,241.25,-23.75,23.75,0.0,2,0.15841447519469656
3841,243.75,-23.75,23.75,0.0,2,0.1541703550024569
3842,246.25,-23.75,23.75,0.0,2,0.14862690514254265
3843,248.75,-23.75,23.75,0.0,2,0.14182952947574776
3844,251.25,-23.75,23.75,0.0,2,0.13043776517912054
3845,253.75,-23.75,23.75,0.0,2,0.11486667575760687
3846,256.25,-23.75,23.75,0.0,2,0.09650511363932654
3847,258.75,-23.75,23.75,0.0,2,0.07157682035471298
3848,261.25,-23.75,23.75,0.0,2,0.04559060975931287
3849,263.75,-23.75,23.75,0.0,2,0.02671548763365939
3850,266.25,-23.75,23.75,0.0,2,0.013145152103268484
3851,268.75,-23.75,23.75,0.0,2,0.009628235627894997
3852,271.25,-23.75,23.75,0.0,2,0.013681154366429995
3853,273.75,-23.75,23.75,0.0,2,0.027904566846727107
3854,276.25,-23.75,23.75,0.0,2,0.07379519885889112
3855,278.75,-23.75,23.75,0.0,2,0.19479309984552465
3856,281.25,-23.75,23.75,0.0,1,0.5224796026688058
3857,283.75,-23.75,23.75,0.0,1,1.0593319558084926
3858,286.25,-23.75,23.75,0.0,1,1.5133366378412572
3859,288.75,-23.75,23.75,0.0,1,1.739882418718406
3860,291.25,-23.75,23.75,1.0,0,1.3979153249014227
3861,293.75,-23.75,23.75,1.0,0,1.4109605652570012
3862,296.25,-23.75,23.75,1.0,0,0.8929556726366017
3863,298.75,-23.75,23.75,1.0,0,0.9034543445580342
3864,301.25,-23.75,23.75,1.0,0,1.0983822847748297
3865,303.75,-23.75,23.75,1.0,0,1.2960811221454327
3866,306.25,-23.75,23.75,1.0,0,1.3706110145098318
3867,308.75,-23.75,23.75,1.0,0,1.3597978623098945
3868,311.25,-23.75,23.75,1.0,0,1.0671951635180084
3869,313.75,-23.75,23.75,0.0,1,0.8351274703385386
3870,316.25,-23.75,23.75,0.0,1,0.7217823851349777
3871,318.75,-23.75,23.75,0.0,1,0.5894561282892713
3872,321.25,-23.75,23.75,0.0,1,0.5131939848148198
3873,323.75,-23.75,23.75,0.0,1,0.47091890805234476
3874,326.25,-23.75,23.75,0.0,1,0.43151150064776617
3875,328.75,-23.75,23.75,0.0,1,0.39691899213544407
3876,331.25,-23.75,23.75,0.0,1,0.37131458226331227
3877,333.75,-23.75,23.75,0.0,1,0.3498831232718226
3878,336.25,-23.75,23.75,0.0,1,0.3344703917013567
3879,338.75,-23.75,23.75,0.0,1,0.32782129849032154
3880,341.25,-23.75,23.75,0.0,1,0.32589031142119235
3881,343.75,-23.75,23.75,0.0,1,0.3231612798317601
3882,346.25,-23.75,23.75,0.0,1,0.31780219799844356
3883,348.75,-23.75,23.75,0.0,1,0.30923018169836136
3884,351.25,-23.75,23.75,0.0,1,0.3040289185221074
3885,353.75,-23.75,23.75,0.0,1,0.3046842614963037
3886,356.25,-23.75,23.75,0.0,1,0.3118684277920972
3887,358.75,-23.75,23.75,0.0,1,0.3231117793052916
3888,1.25,-21.25,21.25,0.0,1,0.39922521500091934
3889,3.75,-21.25,21.25,0.0,1,0.44633642246571453
3890,6.25,-21.25,21.25,0.0,1,0.5192625751376685
3891,8.75,-21.25,21.25,0.0,1,0.5952352480856093
3892,11.25,-21.25,21.25,0.0,1,0.6688944626548146
3893,13.75,-21.25,21.25,0.0,1,0.9122904229213129
3894,16.25,-21.25,21.25,1.0,0,1.4621028315304987
3895,18.75,-21.25,21.25,1.0,0,1.6948409859815403
3896,21.25,-21.25,21.25,1.0,0,1.712403078796002
3897,23.75,-21.25,21.25,1.0,0,1.664322594014951
3898,26.25,-21.25,21.25,1.0,0,1.6149608374736246
3899,28.75,-21.25,21.25,1.0,0,1.5638360946000938
3900,31.25,-21.25,21.25,1.0,0,1.4992240063999809
3901,33.75,-21.25,21.25,1.0,0,1.34386972822061
3902,36.25,-21.25,21.25,0.0,3,0.9059128971890229
3903,38.75,-21.25,21.25,0.0,3,0.8635351103328188
3904,41.25,-21.25,21.25,0.0,3,0.8709559568688072
3905,43.75,-21.25,21.25,0.0,3,1.088356034687304
3906,46.25,-21.25,21.25,1.0,0,1.1891324298621324
3907,48.75,-21.25,21.25,0.0,3,0.8205116408273274
3908,51.25,-21.25,21.25,0.0,3,0.7131059573589423
3909,53.75,-21.25,21.25,0.0,3,0.7240043019034083
3910,56.25,-21.25,21.25,0.0,3,0.7221714631069172
3911,58.75,-21.25,21.25,0.0,3,0.6780529868167061
3912,61.25,-21.25,21.25,0.0,3,0.6805372309505947
3913,63.75,-21.25,21.25,0.0,3,0.6864930607595631
3914,66.25,-21.25,21.25,0.0,3,0.6934036565479079
3915,68.75,-21.25,21.25,0.0,3,0.6983127519563025
3916,71.25,-21.25,21.25,0.0,3,0.7009338656766436
3917,73.75,-21.25,21.25,0.0,3,0.6984360106725952
3918,76.25,-21.25,21.25,0.0,3,0.6910805440774891
3919,78.75,-21.25,21.25,0.0,3,0.6795189708208256
3920,81.25,-21.25,21.25,0.0,3,0.6618266379547978
3921,83.75,-21.25,21.25,0.0,3,0.642174089556829
3922,86.25,-21.25,21.25,0.0,3,0.6233908062240895
3923,88.75,-21.25,21.25,0.0,3,0.6111736457926934
3924,91.25,-21.25,21.25,0.0,3,0.599706795674569
3925,93.75,-21.25,21.25,0.0,3,0.58368256584787
3926,96.25,-21.25,21.25,0.0,3,0.5682766534529022
3927,98.75,-21.25,21.25,0.0,3,0.555334736198934
3928,101.25,-21.25,21.25,0.0,3,0.5504798564423741
3929,103.75,-21.25,21.25,0.0,3,0.5589534570753977
3930,106.25,-21.25,21.25,0.0,3,0.5691395761419603
3931,108.75,-21.25,21.25,0.0,3,0.5963789826897711
3932,111.25,-21.25,21.25,0.0,3,0.6514357926311768
3933,113.75,-21.25,21.25,0.0,3,0.7677586117277322
3934,116.25,-21.25,21.25,0.0,3,1.1509455438207365
3935,118.75,-21.25,21.25,1.0,0,1.4025609262788181
3936,121.25,-21.25,21.25,1.0,0,1.5568845398331939
3937,123.75,-21.25,21.25,1.0,0,1.6262322208764526
3938,126.25,-21.25,21.25,1.0,0,1.6197906524000478
3939,128.75,-21.25,21.25,1.0,0,1.5956415795279286
3940,131.25,-21.25,21.25,1.0,0,1.5499222164603288
3941,133.75,-21.25,21.25,1.0,0,1.5032274853599688
3942,136.25,-21.25,21.25,1.0,0,1.477467409222868
3943,138.75,-21.25,21.25,1.0,0,1.4918474843826357
3944,141.25,-21.25,21.25,1.0,0,1.4686815550026706
3945,143.75,-21.25,21.25,1.0,0,1.4110262109901999
3946,146.25,-21.25,21.25,1.0,0,1.3186110257682562
3947,148.75,-21.25,21.25,0.0,2,1.0318414243649892
3948,151.25,-21.25,21.25,0.0,2,0.7358529555425637
3949,153.75,-21.25,21.25,0.0,2,0.6948878999768823
3950,156.25,-21.25,21.25,0.0,2,0.7139166529168338
3951,158.75,-21.25,21.25,0.0,2,0.740764484908656
3952,161.25,-21.25,21.25,0.0,2,0.7392514488870925
3953,163.75,-21.25,21.25,0.0,2,0.7413345840082884
3954,166.25,-21.25,21.25,0.0,2,0.7730610149168236
3955,168.75,-21.25,21.25,0.0,2,0.7387976628560158
3956,171.25,-21.25,21.25,0.0,2,0.7388756412396372
3957,173.75,-21.25,21.25,0.0,2,0.7333638529430678
3958,176.25,-21.25,21.25,0.0,2,0.7161162530856495
3959,178.75,-21.25,21.25,0.0,2,0.6862725991448758
3960,181.25,-21.25,21.25,0.0,2,0.6605803958126035
3961,183.75,-21.25,21.25,0.0,2,0.6380128911221558
3962,186.25,-21.25,21.25,0.0,2,0.6099095860525171
3963,188.75,-21.25,21.25,0.0,2,0.5866445429935367
3964,191.25,-21.25,21.25,0.0,2,0.5618517401159699
3965,193.75,-21.25,21.25,0.0,2,0.5420095328271088
3966,196.25,-21.25,21.25,0.0,2,0.5256425999355959
3967,198.75,-21.25,21.25,0.0,2,0.5077746862453986
3968,201.25,-21.25,21.25,0.0,2,0.4905393902369512
3969,203.75,-21.25,21.25,0.0,2,0.4746115171875928
3970,206.25,-21.25,21.25,0.0,2,0.45480096677410076
3971,208.75,-21.25,21.25,0.0,2,0.43073104008290747
3972,211.25,-21.25,21.25,0.0,2,0.40735525492827007
3973,213.75,-21.25,21.25,0.0,2,0.38001178259063817
3974,216.25,-21.25,21.25,0.0,2,0.35462566105321863
3975,218.75,-21.25,21.25,0.0,2,0.3367180291871075
3976,221.25,-21.25,21.25,0.0,2,0.3186777312076761
3977,223.75,-21.25,21.25,0.0,2,0.30237828933258676
3978,226.25,-21.25,21.25,0.0,2,0.2894435215392359
3979,228.75,-21.25,21.25,0.0,2,0.2768867367993003
3980,231.25,-21.25,21.25,0.0,2,0.26509177560522257
3981,233.75,-21.25,21.25,0.0,2,0.2532175070246806
3982,236.25,-21.25,21.25,0.0,2,0.24004358629977635
3983,238.75,-21.25,21.25,0.0,2,0.22713360736158575
3984,241.25,-21.25,21.25,0.0,2,0.21549146977041614
3985,243.75,-21.25,21.25,0.0,2,0.19852739907297265
3986,246.25,-21.25,21.25,0.0,2,0.17755482989435048
3987,248.75,-21.25,21.25,0.0,2,0.15461511058816085
3988,251.25,-21.25,21.25,0.0,2,0.12529413373737638
3989,253.75,-21.25,21.25,0.0,2,0.09432012737299546
3990,256.25,-21.25,21.25,0.0,2,0.06693836702002956
3991,258.75,-21.25,21.25,0.0,2,0.042050438281620986
3992,261.25,-21.25,21.25,0.0,2,0.02574541637279971
3993,263.75,-21.25,21.25,0.0,2,0.02208815356377984
3994,266.25,-21.25,21.25,0.0,2,0.03273490680369664
3995,268.75,-21.25,21.25,0.0,2,0.06241095399419862
3996,271.25,-21.25,21.25,0.0,2,0.10651914573780023
3997,273.75,-21.25,21.25,0.0,2,0.18886546710219607
3998,276.25,-21.25,21.25,0.0,2,0.34833553581616034
3999,278.75,-21.25,21.25,0.0,2,0.6018606588231792
4000,281.25,-21.25,21.25,0.0,1,0.9953491056747982
4001,283.75,-21.25,21.25,0.0,1,1.45286226835893
4002,286.25,-21.25,21.25,0.0,1,1.8124562555456305
4003,288.75,-21.25,21.25,0.0,1,1.8483579979299283
4004,291.25,-21.25,21.25,1.0,0,1.5118133945471217
4005,293.75,-21.25,21.25,1.0,0,1.5592402354053665
4006,296.25,-21.25,21.25,1.0,0,1.0907157443319813
4007,298.75,-21.25,21.25,1.0,0,0.9796007163813519
4008,301.25,-21.25,21.25,1.0,0,1.2693607343336397
4009,303.75,-21.25,21.25,1.0,0,1.4846858343518656
4010,306.25,-21.25,21.25,1.0,0,1.5928192936038743
4011,308.75,-21.25,21.25,1.0,0,1.6325028290765424
4012,311.25,-21.25,21.25,1.0,0,1.5659236778994314
4013,313.75,-21.25,21.25,1.0,0,1.3904709838873244
4014,316.25,-21.25,21.25,1.0,0,1.2132602328314748
4015,318.75,-21.25,21.25,0.0,1,0.8889895439680904
4016,321.25,-21.25,21.25,0.0,1,0.5412405129847869
4017,323.75,-21.25,21.25,0.0,1,0.48681148781056394
4018,326.25,-21.25,21.25,0.0,1,0.44831318666032655
4019,328.75,-21.25,21.25,0.0,1,0.41807611479433454
4020,331.25,-21.25,21.25,0.0,1,0.3965899554960308
4021,333.75,-21.25,21.25,0.0,1,0.3769349163111734
4022,336.25,-21.25,21.25,0.0,1,0.3616586085188906
4023,338.75,-21.25,21.25,0.0,1,0.35058309142180905
4024,341.25,-21.25,21.25,0.0,1,0.33828255633045645
4025,343.75,-21.25,21.25,0.0,1,0.32719417134529305
4026,346.25,-21.25,21.25,0.0,1,0.32085932003106576
4027,348.75,-21.25,21.25,0.0,1,0.32163275665913443
4028,351.25,-21.25,21.25,0.0,1,0.329725769074881
4029,353.75,-21.25,21.25,0.0,1,0.3420991110292506
4030,356.25,-21.25,21.25,0.0,1,0.3571026768940333
4031,358.75,-21.25,21.25,0.0,1,0.37378616377986335
4032,1.25,-18.75,18.75,0.0,1,0.5178208024323406
4033,3.75,-18.75,18.75,0.0,1,0.5817066094103353
4034,6.25,-18.75,18.75,0.0,1,0.6543518361554003
4035,8.75,-18.75,18.75,0.0,1,0.7044261548317285
4036,11.25,-18.75,18.75,0.0,1,0.7883564846113318
4037,13.75,-18.75,18.75,1.0,0,1.2504017458516299
4038,16.25,-18.75,18.75,1.0,0,1.6542577056480154
4039,18.75,-18.75,18.75,1.0,0,1.7604488303142996
4040,21.25,-18.75,18.75,1.0,0,1.741149543777138
4041,23.75,-18.75,18.75,1.0,0,1.715752858119023
4042,26.25,-18.75,18.75,1.0,0,1.6942021132655332
4043,28.75,-18.75,18.75,1.0,0,1.6235721924069895
4044,31.25,-18.75,18.75,1.0,0,1.5287707950959277
4045,33.75,-18.75,18.75,1.0,0,1.3554697083168532
4046,36.25,-18.75,18.75,0.0,3,1.0555895665589496
4047,38.75,-18.75,18.75,0.0,3,0.9098729113887019
4048,41.25,-18.75,18.75,0.0,3,0.9110093858233234
4049,43.75,-18.75,18.75,0.0,3,1.0463797812286446
4050,46.25,-18.75,18.75,1.0,0,1.173137137433468
4051,48.75,-18.75,18.75,0.0,3,0.8565061573538254
4052,51.25,-18.75,18.75,0.0,3,0.7387355315404067
4053,53.75,-18.75,18.75,0.0,3,0.7516507212905895
4054,56.25,-18.75,18.75,0.0,3,0.7508575954771055
4055,58.75,-18.75,18.75,0.0,3,0.7517109398638696
4056,61.25,-18.75,18.75,0.0,3,0.7532782373130789
4057,63.75,-18.75,18.75,0.0,3,0.7545312380491545
4058,66.25,-18.75,18.75,0.0,3,0.7561704044910507
4059,68.75,-18.75,18.75,0.0,3,0.7561225649813043
4060,71.25,-18.75,18.75,0.0,3,0.7523787140754239
4061,73.75,-18.75,18.75,0.0,3,0.7436864455146683
4062,76.25,-18.75,18.75,0.0,3,0.7310335846440167
4063,78.75,-18.75,18.75,0.0,3,0.7127775786767407
4064,81.25,-18.75,18.75,0.0,3,0.6921782574543406
4065,83.75,-18.75,18.75,0.0,3,0.6732341153872228
4066,86.25,-18.75,18.75,0.0,3,0.6538154443811666
4067,88.75,-18.75,18.75,0.0,3,0.6342106184612626
4068,91.25,-18.75,18.75,0.0,3,0.6120649830691469
4069,93.75,-18.75,18.75,0.0,3,0.5903744314301032
4070,96.25,-18.75,18.75,0.0,3,0.5785853549798925
4071,98.75,-18.75,18.75,0.0,3,0.5790713380250094
4072,101.25,-18.75,18.75,0.0,3,0.588250331295225
4073,103.75,-18.75,18.75,0.0,3,0.59657179000427
4074,106.25,-18.75,18.75,0.0,3,0.6055230665001214
4075,108.75,-18.75,18.75,0.0,3,0.6231012383965567
4076,111.25,-18.75,18.75,0.0,3,0.6662044454081384
4077,113.75,-18.75,18.75,0.0,3,0.735264071619112
4078,116.25,-18.75,18.75,0.0,3,0.8220438180033882
4079,118.75,-18.75,18.75,0.0,3,0.9050037665492084
4080,121.25,-18.75,18.75,0.0,2,1.142560116948315
4081,123.75,-18.75,18.75,1.0,0,1.5391518103813242
4082,126.25,-18.75,18.75,1.0,0,1.6030772618866702
4083,128.75,-18.75,18.75,1.0,0,1.579305877032536
4084,131.25,-18.75,18.75,1.0,0,1.5627441509709579
4085,133.75,-18.75,18.75,1.0,0,1.5294461609515804
4086,136.25,-18.75,18.75,1.0,0,1.478307394491708
4087,138.75,-18.75,18.75,1.0,0,1.4098018887202062
4088,141.25,-18.75,18.75,1.0,0,1.348276012700367
4089,143.75,-18.75,18.75,1.0,0,1.2905284833581432
4090,146.25,-18.75,18.75,0.0,2,1.0365964164583286
4091,148.75,-18.75,18.75,0.0,2,0.7017648399761037
4092,151.25,-18.75,18.75,0.0,2,0.6795604018078343
4093,153.75,-18.75,18.75,0.0,2,0.6849761047423418
4094,156.25,-18.75,18.75,0.0,2,0.7020512360607298
4095,158.75,-18.75,18.75,0.0,2,0.7091155444535379
4096,161.25,-18.75,18.75,0.0,2,0.7125095192605837
4097,163.75,-18.75,18.75,0.0,2,0.7173139996231863
4098,166.25,-18.75,18.75,0.0,2,0.7279370088011505
4099,168.75,-18.75,18.75,0.0,2,0.733204317150985
4100,171.25,-18.75,18.75,0.0,2,0.7281324526164101
4101,173.75,-18.75,18.75,0.0,2,0.7245196010393867
4102,176.25,-18.75,18.75,0.0,2,0.7292256123446561
4103,178.75,-18.75,18.75,0.0,2,0.7328299470980949
4104,181.25,-18.75,18.75,0.0,2,0.6676876707974759
4105,183.75,-18.75,18.75,0.0,2,0.6456235707397511
4106,186.25,-18.75,18.75,0.0,2,0.6219914971075706
4107,188.75,-18.75,18.75,0.0,2,0.6057954839969837
4108,191.25,-18.75,18.75,0.0,2,0.5898662681494365
4109,193.75,-18.75,18.75,0.0,2,0.5770969935310206
4110,196.25,-18.75,18.75,0.0,2,0.5666060772060897
4111,198.75,-18.75,18.75,0.0,2,0.5574071572922239
4112,201.25,-18.75,18.75,0.0,2,0.5454748384485233
4113,203.75,-18.75,18.75,0.0,2,0.5341424927897376
4114,206.25,-18.75,18.75,0.0,2,0.5221487907608132
4115,208.75,-18.75,18.75,0.0,2,0.5082530896171409
4116,211.25,-18.75,18.75,0.0,2,0.4958410870142278
4117,213.75,-18.75,18.75,0.0,2,0.4852069971820435
4118,216.25,-18.75,18.75,0.0,2,0.46734762268360375
4119,218.75,-18.75,18.75,0.0,2,0.45301697745544384
4120,221.25,-18.75,18.75,0.0,2,0.4401973835368908
4121,223.75,-18.75,18.75,0.0,2,0.4246301454126046
4122,226.25,-18.75,18.75,0.0,2,0.41042690218486655
4123,228.75,-18.75,18.75,0.0,2,0.39214661189057626
4124,231.25,-18.75,18.75,0.0,2,0.3710194124668957
4125,233.75,-18.75,18.75,0.0,2,0.3498207415175472
4126,236.25,-18.75,18.75,0.0,2,0.32492377169176506
4127,238.75,-18.75,18.75,0.0,2,0.2982312216065655
4128,241.25,-18.75,18.75,0.0,2,0.2738265527118583
4129,243.75,-18.75,18.75,0.0,2,0.2472361051569757
4130,246.25,-18.75,18.75,0.0,2,0.2222439405962049
4131,248.75,-18.75,18.75,0.0,2,0.20165400379960105
4132,251.25,-18.75,18.75,0.0,2,0.18420333720046364
4133,253.75,-18.75,18.75,0.0,2,0.17471449762142988
4134,256.25,-18.75,18.75,0.0,2,0.1771933464983584
4135,258.75,-18.75,18.75,0.0,2,0.19605720028533544
4136,261.25,-18.75,18.75,0.0,2,0.2327371395326503
4137,263.75,-18.75,18.75,0.0,2,0.28497394327557124
4138,266.25,-18.75,18.75,0.0,2,0.36420343701237384
4139,268.75,-18.75,18.75,0.0,2,0.4687921156517466
4140,271.25,-18.75,18.75,0.0,2,0.5901686307881209
4141,273.75,-18.75,18.75,0.0,2,0.7585777175923326
4142,276.25,-18.75,18.75,0.0,2,0.9749310400995717
4143,278.75,-18.75,18.75,0.0,2,1.2069939700476007
4144,281.25,-18.75,18.75,0.0,1,1.480776695673507
4145,283.75,-18.75,18.75,0.0,1,1.7533028194991251
4146,286.25,-18.75,18.75,0.0,1,1.8816816832943906
4147,288.75,-18.75,18.75,0.0,1,1.6889470241089133
4148,291.25,-18.75,18.75,1.0,0,1.5152903994630706
4149,293.75,-18.75,18.75,1.0,0,1.517074734373385
4150,296.25,-18.75,18.75,1.0,0,1.1912832825394608
4151,298.75,-18.75,18.75,1.0,0,1.1917766024002872
4152,301.25,-18.75,18.75,1.0,0,1.4294520378844713
4153,303.75,-18.75,18.75,1.0,0,1.6384828793075594
4154,306.25,-18.75,18.75,1.0,0,1.737812164541306
4155,308.75,-18.75,18.75,1.0,0,1.7260771555819912
4156,311.25,-18.75,18.75,1.0,0,1.6746099130253975
4157,313.75,-18.75,18.75,1.0,0,1.5569970122590797
4158,316.25,-18.75,18.75,1.0,0,1.4139793704192396
4159,318.75,-18.75,18.75,1.0,0,1.1676806106342634
4160,321.25,-18.75,18.75,0.0,1,0.6490141003999963
4161,323.75,-18.75,18.75,0.0,1,0.490972179806191
4162,326.25,-18.75,18.75,0.0,1,0.4574197891325873
4163,328.75,-18.75,18.75,0.0,1,0.42806128252772074
4164,331.25,-18.75,18.75,0.0,1,0.40463561342314286
4165,333.75,-18.75,18.75,0.0,1,0.37808498607762103
4166,336.25,-18.75,18.75,0.0,1,0.359339034708265
4167,338.75,-18.75,18.75,0.0,1,0.35124190533240984
4168,341.25,-18.75,18.75,0.0,1,0.34950478399037727
4169,343.75,-18.75,18.75,0.0,1,0.35355206255506766
4170,346.25,-18.75,18.75,0.0,1,0.3616058703663628
4171,348.75,-18.75,18.75,0.0,1,0.3765081398782033
4172,351.25,-18.75,18.75,0.0,1,0.39895729575352673
4173,353.75,-18.75,18.75,0.0,1,0.4244233525813809
4174,356.25,-18.75,18.75,0.0,1,0.4507927122224605
4175,358.75,-18.75,18.75,0.0,1,0.47870633808342916
4176,1.25,-16.25,16.25,0.0,1,0.633272948640579
4177,3.75,-16.25,16.25,0.0,1,0.6704636177606558
4178,6.25,-16.25,16.25,0.0,1,0.7088959367001931
4179,8.75,-16.25,16.25,0.0,1,0.7688384643001784
4180,11.25,-16.25,16.25,0.0,1,0.9323115367841817
4181,13.75,-16.25,16.25,1.0,0,1.5089967793081427
4182,16.25,-16.25,16.25,1.0,0,1.6968785639184314
4183,18.75,-16.25,16.25,1.0,0,1.7485145955265915
4184,21.25,-16.25,16.25,1.0,0,1.7259939306212053
4185,23.75,-16.25,16.25,1.0,0,1.6891509742604933
4186,26.25,-16.25,16.25,1.0,0,1.6504716751748991
4187,28.75,-16.25,16.25,1.0,0,1.633238686191576
4188,31.25,-16.25,16.25,1.0,0,1.5859852295437769
4189,33.75,-16.25,16.25,1.0,0,1.5068799832113762
4190,36.25,-16.25,16.25,1.0,0,1.4181492757461083
4191,38.75,-16.25,16.25,1.0,0,1.2358296571122453
4192,41.25,-16.25,16.25,0.0,3,0.9445503191956743
4193,43.75,-16.25,16.25,0.0,3,0.981560994821249
4194,46.25,-16.25,16.25,0.0,3,1.0881945575909646
4195,48.75,-16.25,16.25,1.0,0,0.9981463440069677
4196,51.25,-16.25,16.25,0.0,3,0.7690704794557576
4197,53.75,-16.25,16.25,0.0,3,0.7867372236142935
4198,56.25,-16.25,16.25,0.0,3,0.7939116198814505
4199,58.75,-16.25,16.25,0.0,3,0.7960381104551145
4200,61.25,-16.25,16.25,0.0,3,0.7963927908222292
4201,63.75,-16.25,16.25,0.0,3,0.7968337153969196
4202,66.25,-16.25,16.25,0.0,3,0.7934387394246745
4203,68.75,-16.25,16.25,0.0,3,0.7873203640333013
4204,71.25,-16.25,16.25,0.0,3,0.7764362662271417
4205,73.75,-16.25,16.25,0.0,3,0.760386217828795
4206,76.25,-16.25,16.25,0.0,3,0.7406415414450611
4207,78.75,-16.25,16.25,0.0,3,0.7171126653210182
4208,81.25,-16.25,16.25,0.0,3,0.6973241135567523
4209,83.75,-16.25,16.25,0.0,3,0.6804453228407656
4210,86.25,-16.25,16.25,0.0,3,0.661358622618185
4211,88.75,-16.25,16.25,0.0,3,0.6428554346620494
4212,91.25,-16.25,16.25,0.0,3,0.6290936494065384
4213,93.75,-16.25,16.25,0.0,3,0.6212744576372663
4214,96.25,-16.25,16.25,0.0,3,0.6195260331328929
4215,98.75,-16.25,16.25,0.0,3,0.6193024014932833
4216,101.25,-16.25,16.25,0.0,3,0.6214256414013745
4217,103.75,-16.25,16.25,0.0,3,0.6309365299880737
4218,106.25,-16.25,16.25,0.0,3,0.6416701041933786
4219,108.75,-16.25,16.25,0.0,3,0.6544607924562438
4220,111.25,-16.25,16.25,0.0,3,0.6827599193958359
4221,113.75,-16.25,16.25,0.0,3,0.7246904464466035
4222,116.25,-16.25,16.25,0.0,3,0.7877915426635734
4223,118.75,-16.25,16.25,0.0,3,0.8580047774246538
4224,121.25,-16.25,16.25,0.0,2,0.9426698926310431
4225,123.75,-16.25,16.25,0.0,2,1.2206571487289049
4226,126.25,-16.25,16.25,1.0,0,1.5334265305863095
4227,128.75,-16.25,16.25,1.0,0,1.4979625359398383
4228,131.25,-16.25,16.25,1.0,0,1.5339017392485952
4229,133.75,-16.25,16.25,1.0,0,1.4992345995894483
4230,136.25,-16.25,16.25,1.0,0,1.2806358342096558
4231,138.75,-16.25,16.25,0.0,2,1.0181210735733857
4232,141.25,-16.25,16.25,0.0,2,1.1116305483830078
4233,143.75,-16.25,16.25,1.0,0,1.1841638916326387
4234,146.25,-16.25,16.25,0.0,2,0.7663539946157274
4235,148.75,-16.25,16.25,0.0,2,0.6770843143559238
4236,151.25,-16.25,16.25,0.0,2,0.6886369355938965
4237,153.75,-16.25,16.25,0.0,2,0.698294330192772
4238,156.25,-16.25,16.25,0.0,2,0.7062592007119579
4239,158.75,-16.25,16.25,0.0,2,0.7146145274787505
4240,161.25,-16.25,16.25,0.0,2,0.7240509152904577
4241,163.75,-16.25,16.25,0.0,2,0.7334527137915867
4242,166.25,-16.25,16.25,0.0,2,0.7659256600763951
4243,168.75,-16.25,16.25,0.0,2,0.7498298379973696
4244,171.25,-16.25,16.25,0.0,2,0.7372305636542071
4245,173.75,-16.25,16.25,0.0,2,0.7402150560433446
4246,176.25,-16.25,16.25,0.0,2,0.7543633927098173
4247,178.75,-16.25,16.25,0.0,2,0.7810611798013724
4248,181.25,-16.25,16.25,0.0,2,0.7222434575447094
4249,183.75,-16.25,16.25,0.0,2,0.6928176900375915
4250,186.25,-16.25,16.25,0.0,2,0.6807516966126778
4251,188.75,-16.25,16.25,0.0,2,0.6680465674990815
4252,191.25,-16.25,16.25,0.0,2,0.6556316884447514
4253,193.75,-16.25,16.25,0.0,2,0.6502524293823321
4254,196.25,-16.25,16.25,0.0,2,0.646114209432986
4255,198.75,-16.25,16.25,0.0,2,0.6441318837700124
4256,201.25,-16.25,16.25,0.0,2,0.6393733046902539
4257,203.75,-16.25,16.25,0.0,2,0.6348836258500015
4258,206.25,-16.25,16.25,0.0,2,0.6303230485628252
4259,208.75,-16.25,16.25,0.0,2,0.6234157053011701
4260,211.25,-16.25,16.25,0.0,2,0.6183035326727393
4261,213.75,-16.25,16.25,0.0,2,0.6169941763540757
4262,216.25,-16.25,16.25,0.0,2,0.6102936262259562
4263,218.75,-16.25,16.25,0.0,2,0.6015071750880973
4264,221.25,-16.25,16.25,0.0,2,0.5920197106888105
4265,223.75,-16.25,16.25,0.0,2,0.5825634581456576
4266,226.25,-16.25,16.25,0.0,2,0.5745272363696489
4267,228.75,-16.25,16.25,0.0,2,0.5612572814539994
4268,231.25,-16.25,16.25,0.0,2,0.5454990816511194
4269,233.75,-16.25,16.25,0.0,2,0.5310279211720861
4270,236.25,-16.25,16.25,0.0,2,0.5142388332477165
4271,238.75,-16.25,16.25,0.0,2,0.5010621054137383
4272,241.25,-16.25,16.25,0.0,2,0.49471550360018574
4273,243.75,-16.25,16.25,0.0,2,0.49209747227866085
4274,246.25,-16.25,16.25,0.0,2,0.49320959053731944
4275,248.75,-16.25,16.25,0.0,2,0.5001153382477826
4276,251.25,-16.25,16.25,0.0,2,0.5145109040598833
4277,253.75,-16.25,16.25,0.0,2,0.5421187747265885
4278,256.25,-16.25,16.25,0.0,2,0.5861453619023438
4279,258.75,-16.25,16.25,0.0,2,0.6514677612628768
4280,261.25,-16.25,16.25,0.0,2,0.7317484343867988
4281,263.75,-16.25,16.25,0.0,2,0.8206433593546573
4282,266.25,-16.25,16.25,0.0,2,0.9320095546155761
4283,268.75,-16.25,16.25,0.0,2,1.0559585829617146
4284,271.25,-16.25,16.25,0.0,2,1.1801702931821445
4285,273.75,-16.25,16.25,0.0,2,1.3282823851247845
4286,276.25,-16.25,16.25,0.0,2,1.4707043799070576
4287,278.75,-16.25,16.25,0.0,2,1.5713101841868065
4288,281.25,-16.25,16.25,0.0,1,1.6483919415348725
4289,283.75,-16.25,16.25,0.0,1,1.683355867620503
4290,286.25,-16.25,16.25,0.0,1,1.597944406023299
4291,288.75,-16.25,16.25,1.0,0,1.4682032009506645
4292,291.25,-16.25,16.25,1.0,0,1.39974759022099
4293,293.75,-16.25,16.25,1.0,0,1.308753537683206
4294,296.25,-16.25,16.25,1.0,0,1.2463651653838594
4295,298.75,-16.25,16.25,1.0,0,1.4454900886090416
4296,301.25,-16.25,16.25,1.0,0,1.5813934850917932
4297,303.75,-16.25,16.25,1.0,0,1.6989856918448099
4298,306.25,-16.25,16.25,1.0,0,1.7518307695097781
4299,308.75,-16.25,16.25,1.0,0,1.6924703452229823
4300,311.25,-16.25,16.25,1.0,0,1.6608588541512537
4301,313.75,-16.25,16.25,1.0,0,1.5926694938053279
4302,316.25,-16.25,16.25,1.0,0,1.4677208513294828
4303,318.75,-16.25,16.25,1.0,0,1.1639759066386648
4304,321.25,-16.25,16.25,0.0,1,0.6774101733218071
4305,323.75,-16.25,16.25,0.0,1,0.49741024778016546
4306,326.25,-16.25,16.25,0.0,1,0.47751094897246893
4307,328.75,-16.25,16.25,0.0,1,0.4490970361336021
4308,331.25,-16.25,16.25,0.0,1,0.43241096539627594
4309,333.75,-16.25,16.25,0.0,1,0.4176478033143924
4310,336.25,-16.25,16.25,0.0,1,0.4112758685922142
4311,338.75,-16.25,16.25,0.0,1,0.41439197730729543
4312,341.25,-16.25,16.25,0.0,1,0.42855581984812935
4313,343.75,-16.25,16.25,0.0,1,0.44979170723134826
4314,346.25,-16.25,16.25,0.0,1,0.4718791692696409
4315,348.75,-16.25,16.25,0.0,1,0.4983157253578368
4316,351.25,-16.25,16.25,0.0,1,0.5293945093113941
4317,353.75,-16.25,16.25,0.0,1,0.558552932242807
4318,356.25,-16.25,16.25,0.0,1,0.5843416186510849
4319,358.75,-16.25,16.25,0.0,1,0.6065395726512519
4320,1.25,-13.75,13.75,0.0,1,0.700484342716049
4321,3.75,-13.75,13.75,0.0,1,0.7171969072333698
4322,6.25,-13.75,13.75,0.0,1,0.7365957194341496
4323,8.75,-13.75,13.75,0.0,1,0.8045564664043204
4324,11.25,-13.75,13.75,0.0,1,0.9427941774537119
4325,13.75,-13.75,13.75,1.0,0,1.3353954926655116
4326,16.25,-13.75,13.75,1.0,0,1.5595977763987354
4327,18.75,-13.75,13.75,1.0,0,1.6311812724913946
4328,21.25,-13.75,13.75,1.0,0,1.6461358990151405
4329,23.75,-13.75,13.75,1.0,0,1.5889324080978673
4330,26.25,-13.75,13.75,1.0,0,1.5853940887745117
4331,28.75,-13.75,13.75,1.0,0,1.5717838746261408
4332,31.25,-13.75,13.75,1.0,0,1.547793175725959
4333,33.75,-13.75,13.75,1.0,0,1.4835621639486645
4334,36.25,-13.75,13.75,1.0,0,1.3912074925696318
4335,38.75,-13.75,13.75,1.0,0,1.2849715321252155
4336,41.25,-13.75,13.75,0.0,3,0.9817037739447869
4337,43.75,-13.75,13.75,0.0,3,0.9153230559110662
4338,46.25,-13.75,13.75,0.0,3,0.9397337960563471
4339,48.75,-13.75,13.75,0.0,3,1.0087472723600637
4340,51.25,-13.75,13.75,0.0,3,0.8042758457510718
4341,53.75,-13.75,13.75,0.0,3,0.8293612632759205
4342,56.25,-13.75,13.75,0.0,3,0.8384235280669926
4343,58.75,-13.75,13.75,0.0,3,0.8392337023552132
4344,61.25,-13.75,13.75,0.0,3,0.8361861203016745
4345,63.75,-13.75,13.75,0.0,3,0.8289049269355555
4346,66.25,-13.75,13.75,0.0,3,0.8203504046675856
4347,68.75,-13.75,13.75,0.0,3,0.810570664573019
4348,71.25,-13.75,13.75,0.0,3,0.7966194347834211
4349,73.75,-13.75,13.75,0.0,3,0.7803083893892134
4350,76.25,-13.75,13.75,0.0,3,0.7629752617554884
4351,78.75,-13.75,13.75,0.0,3,0.7426940894990121
4352,81.25,-13.75,13.75,0.0,3,0.7242527739051953
4353,83.75,-13.75,13.75,0.0,3,0.7095784285809743
4354,86.25,-13.75,13.75,0.0,3,0.6949431547884422
4355,88.75,-13.75,13.75,0.0,3,0.6824046603027418
4356,91.25,-13.75,13.75,0.0,3,0.6721521600169811
4357,93.75,-13.75,13.75,0.0,3,0.665485559920548
4358,96.25,-13.75,13.75,0.0,3,0.6636727191882388
4359,98.75,-13.75,13.75,0.0,3,0.6647617237608148
4360,101.25,-13.75,13.75,0.0,3,0.6712018132966849
4361,103.75,-13.75,13.75,0.0,3,0.679973990199177
4362,106.25,-13.75,13.75,0.0,3,0.6885965623762264
4363,108.75,-13.75,13.75,0.0,3,0.7044389093784256
4364,111.25,-13.75,13.75,0.0,3,0.7301193645437793
4365,113.75,-13.75,13.75,0.0,3,0.7612078993785366
4366,116.25,-13.75,13.75,0.0,3,0.8077728935441807
4367,118.75,-13.75,13.75,0.0,3,0.858201960549661
4368,121.25,-13.75,13.75,0.0,2,0.8970657058919489
4369,123.75,-13.75,13.75,0.0,2,0.9463549542377431
4370,126.25,-13.75,13.75,0.0,2,1.091384378231784
4371,128.75,-13.75,13.75,0.0,2,1.083123060228075
4372,131.25,-13.75,13.75,1.0,0,1.375648642744232
4373,133.75,-13.75,13.75,1.0,0,1.3799993409998053
4374,136.25,-13.75,13.75,0.0,2,1.0391886046159482
4375,138.75,-13.75,13.75,0.0,2,0.8507884520401903
4376,141.25,-13.75,13.75,0.0,2,0.9386764043463492
4377,143.75,-13.75,13.75,0.0,2,0.8841991440564939
4378,146.25,-13.75,13.75,0.0,2,0.6471939584480659
4379,148.75,-13.75,13.75,0.0,2,0.6653926231930625
4380,151.25,-13.75,13.75,0.0,2,0.678358784868226
4381,153.75,-13.75,13.75,0.0,2,0.7055161156063884
4382,156.25,-13.75,13.75,0.0,2,0.7281846036097266
4383,158.75,-13.75,13.75,0.0,2,0.7410551293617343
4384,161.25,-13.75,13.75,0.0,2,0.751096049318035
4385,163.75,-13.75,13.75,0.0,2,0.7581414149640942
4386,166.25,-13.75,13.75,0.0,2,0.7585582601206509
4387,168.75,-13.75,13.75,0.0,2,0.7544337064051518
4388,171.25,-13.75,13.75,0.0,2,0.7525515181242335
4389,173.75,-13.75,13.75,0.0,2,0.7523322081480784
4390,176.25,-13.75,13.75,0.0,2,0.7534805193609213
4391,178.75,-13.75,13.75,0.0,2,0.7574750686668011
4392,181.25,-13.75,13.75,0.0,2,0.7635740330432388
4393,183.75,-13.75,13.75,0.0,2,0.767530018254466
4394,186.25,-13.75,13.75,0.0,2,0.7754504410996342
4395,188.75,-13.75,13.75,0.0,2,0.7689886009017839
4396,191.25,-13.75,13.75,0.0,2,0.7545574430550112
4397,193.75,-13.75,13.75,0.0,2,0.7570167655713055
4398,196.25,-13.75,13.75,0.0,2,0.758619596605704
4399,198.75,-13.75,13.75,0.0,2,0.7609939128437339
4400,201.25,-13.75,13.75,0.0,2,0.7627194529926813
4401,203.75,-13.75,13.75,0.0,2,0.7647256743543732
4402,206.25,-13.75,13.75,0.0,2,0.7674016047305204
4403,208.75,-13.75,13.75,0.0,2,0.7706055739458306
4404,211.25,-13.75,13.75,0.0,2,0.7738031727975309
4405,213.75,-13.75,13.75,0.0,2,0.7817727093205401
4406,216.25,-13.75,13.75,0.0,2,0.7957007247151024
4407,218.75,-13.75,13.75,0.0,2,0.8058691805822915
4408,221.25,-13.75,13.75,0.0,2,0.813372127332138
4409,223.75,-13.75,13.75,0.0,2,0.8191345622023356
4410,226.25,-13.75,13.75,0.0,2,0.8231852786885474
4411,228.75,-13.75,13.75,0.0,2,0.8244537700097668
4412,231.25,-13.75,13.75,0.0,2,0.8235496319333047
4413,233.75,-13.75,13.75,0.0,2,0.8218143284480154
4414,236.25,-13.75,13.75,0.0,2,0.8189049461371881
4415,238.75,-13.75,13.75,0.0,2,0.8192347832440866
4416,241.25,-13.75,13.75,0.0,2,0.8261264284103407
4417,243.75,-13.75,13.75,0.0,2,0.8398867853235299
4418,246.25,-13.75,13.75,0.0,2,0.8579417479462829
4419,248.75,-13.75,13.75,0.0,2,0.8783858003051204
4420,251.25,-13.75,13.75,0.0,2,0.907429062670454
4421,253.75,-13.75,13.75,0.0,2,0.949193882225054
4422,256.25,-13.75,13.75,0.0,2,0.996991207194283
4423,258.75,-13.75,13.75,0.0,2,1.0553309841001277
4424,261.25,-13.75,13.75,0.0,2,1.1220128191792835
4425,263.75,-13.75,13.75,0.0,2,1.1932497657122676
4426,266.25,-13.75,13.75,0.0,2,1.2819943342244555
4427,268.75,-13.75,13.75,0.0,2,1.3776274552943995
4428,271.25,-13.75,13.75,0.0,2,1.463165122783445
4429,273.75,-13.75,13.75,0.0,2,1.5402062407477453
4430,276.25,-13.75,13.75,0.0,2,1.5705726244527936
4431,278.75,-13.75,13.75,0.0,2,1.556299623897966
4432,281.25,-13.75,13.75,0.0,1,1.5413558571075194
4433,283.75,-13.75,13.75,0.0,1,1.4450615536165776
4434,286.25,-13.75,13.75,1.0,0,1.3954504482337058
4435,288.75,-13.75,13.75,1.0,0,1.3774867179859234
4436,291.25,-13.75,13.75,1.0,0,1.3225122626817254
4437,293.75,-13.75,13.75,1.0,0,1.2825088128137079
4438,296.25,-13.75,13.75,1.0,0,1.4354498783695322
4439,298.75,-13.75,13.75,1.0,0,1.558816750899127
4440,301.25,-13.75,13.75,1.0,0,1.6366590717901637
4441,303.75,-13.75,13.75,1.0,0,1.7371213794973053
4442,306.25,-13.75,13.75,1.0,0,1.7309199381130569
4443,308.75,-13.75,13.75,1.0,0,1.7120497549521412
4444,311.25,-13.75,13.75,1.0,0,1.7083159845222107
4445,313.75,-13.75,13.75,1.0,0,1.6534139492914037
4446,316.25,-13.75,13.75,1.0,0,1.4794139089895926
4447,318.75,-13.75,13.75,1.0,0,1.1123530583390582
4448,321.25,-13.75,13.75,0.0,1,0.6829102066420475
4449,323.75,-13.75,13.75,0.0,1,0.5350876588460121
4450,326.25,-13.75,13.75,0.0,1,0.5417967679744433
4451,328.75,-13.75,13.75,0.0,1,0.5227402059264471
4452,331.25,-13.75,13.75,0.0,1,0.5162231938798744
4453,333.75,-13.75,13.75,0.0,1,0.5157018531238854
4454,336.25,-13.75,13.75,0.0,1,0.5274268134093874
4455,338.75,-13.75,13.75,0.0,1,0.5451211136745577
4456,341.25,-13.75,13.75,0.0,1,0.5687772928854933
4457,343.75,-13.75,13.75,0.0,1,0.5913457683904911
4458,346.25,-13.75,13.75,0.0,1,0.6092346334965297
4459,348.75,-13.75,13.75,0.0,1,0.6260551884727781
4460,351.25,-13.75,13.75,0.0,1,0.6408948813022365
4461,353.75,-13.75,13.75,0.0,1,0.6537033089488211
4462,356.25,-13.75,13.75,0.0,1,0.6679647102196522
4463,358.75,-13.75,13.75,0.0,1,0.6833043413243131
4464,1.25,-11.25,11.25,0.0,1,0.7327357763768176
4465,3.75,-11.25,11.25,0.0,1,0.7483044771939003
4466,6.25,-11.25,11.25,0.0,1,0.7602315749999529
4467,8.75,-11.25,11.25,0.0,1,0.8155561661912232
4468,11.25,-11.25,11.25,0.0,1,0.9142701044439963
4469,13.75,-11.25,11.25,0.0,1,1.112044099566319
4470,16.25,-11.25,11.25,1.0,0,1.3747757177219364
4471,18.75,-11.25,11.25,1.0,0,1.4597175807014255
4472,21.25,-11.25,11.25,1.0,0,1.499535118958281
4473,23.75,-11.25,11.25,1.0,0,1.456279607452519
4474,26.25,-11.25,11.25,1.0,0,1.4701360557241088
4475,28.75,-11.25,11.25,1.0,0,1.4844341885821462
4476,31.25,-11.25,11.25,1.0,0,1.47224601320276
4477,33.75,-11.25,11.25,1.0,0,1.38613585001894
4478,36.25,-11.25,11.25,1.0,0,1.3896005129053832
4479,38.75,-11.25,11.25,1.0,0,1.1319501833977847
4480,41.25,-11.25,11.25,0.0,3,0.9332762005402504
4481,43.75,-11.25,11.25,0.0,3,0.9095046267091205
4482,46.25,-11.25,11.25,0.0,3,0.8947689628940161
4483,48.75,-11.25,11.25,0.0,3,0.8895079358113107
4484,51.25,-11.25,11.25,0.0,3,0.876697780433787
4485,53.75,-11.25,11.25,0.0,3,0.8902877809719488
4486,56.25,-11.25,11.25,0.0,3,0.8880865939158669
4487,58.75,-11.25,11.25,0.0,3,0.8834293432516094
4488,61.25,-11.25,11.25,0.0,3,0.8790474921811079
4489,63.75,-11.25,11.25,0.0,3,0.876502189516659
4490,66.25,-11.25,11.25,0.0,3,0.8681618036421128
4491,68.75,-11.25,11.25,0.0,3,0.8579431541220693
4492,71.25,-11.25,11.25,0.0,3,0.8441059816512292
4493,73.75,-11.25,11.25,0.0,3,0.8272773971332088
4494,76.25,-11.25,11.25,0.0,3,0.8120554925525102
4495,78.75,-11.25,11.25,0.0,3,0.7936699077991592
4496,81.25,-11.25,11.25,0.0,3,0.7759000107456855
4497,83.75,-11.25,11.25,0.0,3,0.7594756110999406
4498,86.25,-11.25,11.25,0.0,3,0.7396306223292393
4499,88.75,-11.25,11.25,0.0,3,0.7203405983053317
4500,91.25,-11.25,11.25,0.0,3,0.7040573982338824
4501,93.75,-11.25,11.25,0.0,3,0.6905704139451401
4502,96.25,-11.25,11.25,0.0,3,0.6855537500380989
4503,98.75,-11.25,11.25,0.0,3,0.6873925502266358
4504,101.25,-11.25,11.25,0.0,3,0.695066588717317
4505,103.75,-11.25,11.25,0.0,3,0.7080968485078349
4506,106.25,-11.25,11.25,0.0,3,0.7216564999570542
4507,108.75,-11.25,11.25,0.0,3,0.7373496417093921
4508,111.25,-11.25,11.25,0.0,3,0.7537435255416884
4509,113.75,-11.25,11.25,0.0,3,0.768589112230771
4510,116.25,-11.25,11.25,0.0,3,0.7921060176018183
4511,118.75,-11.25,11.25,0.0,3,0.8376809745960788
4512,121.25,-11.25,11.25,0.0,2,0.862346569907624
4513,123.75,-11.25,11.25,0.0,2,0.8938694472075895
4514,126.25,-11.25,11.25,0.0,2,0.8491865609181702
4515,128.75,-11.25,11.25,0.0,2,0.8454228037485945
4516,131.25,-11.25,11.25,0.0,2,0.9788951788601693
4517,133.75,-11.25,11.25,0.0,2,0.9510362145858624
4518,136.25,-11.25,11.25,0.0,2,0.8235463410010527
4519,138.75,-11.25,11.25,0.0,2,0.7719448866247689
4520,141.25,-11.25,11.25,0.0,2,0.832308477495841
4521,143.75,-11.25,11.25,0.0,2,0.7039892829706458
4522,146.25,-11.25,11.25,0.0,2,0.6085635699372673
4523,148.75,-11.25,11.25,0.0,2,0.6711828125533064
4524,151.25,-11.25,11.25,0.0,2,0.6748433619537774
4525,153.75,-11.25,11.25,0.0,2,0.7026494018667095
4526,156.25,-11.25,11.25,0.0,2,0.756268512516073
4527,158.75,-11.25,11.25,0.0,2,0.7723419960531893
4528,161.25,-11.25,11.25,0.0,2,0.7795601940056605
4529,163.75,-11.25,11.25,0.0,2,0.7829008415580638
4530,166.25,-11.25,11.25,0.0,2,0.7901052862717116
4531,168.75,-11.25,11.25,0.0,2,0.7928652184044936
4532,171.25,-11.25,11.25,0.0,2,0.7956124213548352
4533,173.75,-11.25,11.25,0.0,2,0.8016792967075517
4534,176.25,-11.25,11.25,0.0,2,0.810467704637552
4535,178.75,-11.25,11.25,0.0,2,0.8209484760185382
4536,181.25,-11.25,11.25,0.0,2,0.8308000664707705
4537,183.75,-11.25,11.25,0.0,2,0.836867066332653
4538,186.25,-11.25,11.25,0.0,2,0.8398859869596753
4539,188.75,-11.25,11.25,0.0,2,0.845568388750015
4540,191.25,-11.25,11.25,0.0,2,0.8559615890885821
4541,193.75,-11.25,11.25,0.0,2,0.8654500448848856
4542,196.25,-11.25,11.25,0.0,2,0.8747412707768848
4543,198.75,-11.25,11.25,0.0,2,0.8836018904647037
4544,201.25,-11.25,11.25,0.0,2,0.8919242656017548
4545,203.75,-11.25,11.25,0.0,2,0.9006973011457619
4546,206.25,-11.25,11.25,0.0,2,0.9106094346240952
4547,208.75,-11.25,11.25,0.0,2,0.9218973872419597
4548,211.25,-11.25,11.25,0.0,2,0.9318108962512276
4549,213.75,-11.25,11.25,0.0,2,0.9434089514327622
4550,216.25,-11.25,11.25,0.0,2,0.9534244770712987
4551,218.75,-11.25,11.25,0.0,2,0.963212159276534
4552,221.25,-11.25,11.25,0.0,2,0.97373311172883
4553,223.75,-11.25,11.25,0.0,2,0.9833229079253373
4554,226.25,-11.25,11.25,0.0,2,0.9914467751914837
4555,228.75,-11.25,11.25,0.0,2,0.9970917046206967
4556,231.25,-11.25,11.25,0.0,2,1.000547262999779
4557,233.75,-11.25,11.25,0.0,2,1.0018412800675889
4558,236.25,-11.25,11.25,0.0,2,1.0031254134904823
4559,238.75,-11.25,11.25,0.0,2,1.006837970260788
4560,241.25,-11.25,11.25,0.0,2,1.0139603500416983
4561,243.75,-11.25,11.25,0.0,2,1.0272811270059223
4562,246.25,-11.25,11.25,0.0,2,1.046009914315603
4563,248.75,-11.25,11.25,0.0,2,1.0662553927939078
4564,251.25,-11.25,11.25,0.0,2,1.0921718074065838
4565,253.75,-11.25,11.25,0.0,2,1.1232591595137118
4566,256.25,-11.25,11.25,0.0,2,1.1544468996817412
4567,258.75,-11.25,11.25,0.0,2,1.1968143229500179
4568,261.25,-11.25,11.25,0.0,2,1.252951592028196
4569,263.75,-11.25,11.25,0.0,2,1.3146333852278562
4570,266.25,-11.25,11.25,0.0,2,1.3882332687638088
4571,268.75,-11.25,11.25,0.0,2,1.4573283781374213
4572,271.25,-11.25,11.25,0.0,2,1.507762242509419
4573,273.75,-11.25,11.25,0.0,2,1.5387195347726075
4574,276.25,-11.25,11.25,0.0,2,1.5229673574883542
4575,278.75,-11.25,11.25,0.0,2,1.467576247515909
4576,281.25,-11.25,11.25,0.0,1,1.4135925211152476
4577,283.75,-11.25,11.25,1.0,0,1.367830635867822
4578,286.25,-11.25,11.25,1.0,0,1.3358104383278007
4579,288.75,-11.25,11.25,1.0,0,1.3955916182101253
4580,291.25,-11.25,11.25,1.0,0,1.4529120646351812
4581,293.75,-11.25,11.25,1.0,0,1.4876109113370988
4582,296.25,-11.25,11.25,1.0,0,1.556988823365803
4583,298.75,-11.25,11.25,1.0,0,1.6601942898131665
4584,301.25,-11.25,11.25,1.0,0,1.717954907803382
4585,303.75,-11.25,11.25,1.0,0,1.7672255398809522
4586,306.25,-11.25,11.25,1.0,0,1.768029982804534
4587,308.75,-11.25,11.25,1.0,0,1.7873788628041345
4588,311.25,-11.25,11.25,1.0,0,1.7707017509977483
4589,313.75,-11.25,11.25,1.0,0,1.7014333688519208
4590,316.25,-11.25,11.25,1.0,0,1.5451775705192177
4591,318.75,-11.25,11.25,1.0,0,1.164256659847403
4592,321.25,-11.25,11.25,1.0,0,0.8399835487768835
4593,323.75,-11.25,11.25,0.0,1,0.6218974684518391
4594,326.25,-11.25,11.25,0.0,1,0.6001673426575383
4595,328.75,-11.25,11.25,0.0,1,0.625929582587694
4596,331.25,-11.25,11.25,0.0,1,0.6229508622972576
4597,333.75,-11.25,11.25,0.0,1,0.6294234740812931
4598,336.25,-11.25,11.25,0.0,1,0.6413289684210957
4599,338.75,-11.25,11.25,0.0,1,0.6494828992818743
4600,341.25,-11.25,11.25,0.0,1,0.6517368163924704
4601,343.75,-11.25,11.25,0.0,1,0.6509232812338224
4602,346.25,-11.25,11.25,0.0,1,0.6506637673725637
4603,348.75,-11.25,11.25,0.0,1,0.6534844165017438
4604,351.25,-11.25,11.25,0.0,1,0.6616892008777033
4605,353.75,-11.25,11.25,0.0,1,0.6742234548679189
4606,356.25,-11.25,11.25,0.0,1,0.6915196675047591
4607,358.75,-11.25,11.25,0.0,1,0.7113837683393736
4608,1.25,-8.75,8.75,0.0,1,0.7617437207670781
4609,3.75,-8.75,8.75,0.0,1,0.7774297140573001
4610,6.25,-8.75,8.75,0.0,1,0.7902317409262226
4611,8.75,-8.75,8.75,0.0,1,0.831716292192488
4612,11.25,-8.75,8.75,0.0,1,0.9098143499988345
4613,13.75,-8.75,8.75,1.0,0,1.148350603216998
4614,16.25,-8.75,8.75,1.0,0,1.3382793368444792
4615,18.75,-8.75,8.75,1.0,0,1.333515277190325
4616,21.25,-8.75,8.75,1.0,0,1.3796144436851818
4617,23.75,-8.75,8.75,1.0,0,1.3751412182559193
4618,26.25,-8.75,8.75,1.0,0,1.3913849644775784
4619,28.75,-8.75,8.75,1.0,0,1.377546359244052
4620,31.25,-8.75,8.75,1.0,0,1.3853945309348872
4621,33.75,-8.75,8.75,1.0,0,1.3493957537543975
4622,36.25,-8.75,8.75,1.0,0,1.2986898679234478
4623,38.75,-8.75,8.75,1.0,0,1.053962480571397
4624,41.25,-8.75,8.75,0.0,3,0.9458659888140499
4625,43.75,-8.75,8.75,0.0,3,0.9472262924687762
4626,46.25,-8.75,8.75,0.0,3,0.9345347733659203
4627,48.75,-8.75,8.75,0.0,3,0.9288062272363156
4628,51.25,-8.75,8.75,0.0,3,0.9318761470907353
4629,53.75,-8.75,8.75,0.0,3,0.9367525763366811
4630,56.25,-8.75,8.75,0.0,3,0.9360777562754402
4631,58.75,-8.75,8.75,0.0,3,0.9312354713310416
4632,61.25,-8.75,8.75,0.0,3,0.9269151447947089
4633,63.75,-8.75,8.75,0.0,3,0.9231306876219002
4634,66.25,-8.75,8.75,0.0,3,0.9113668312466539
4635,68.75,-8.75,8.75,0.0,3,0.8993975314082474
4636,71.25,-8.75,8.75,0.0,3,0.8902081649376459
4637,73.75,-8.75,8.75,0.0,3,0.8774004054553697
4638,76.25,-8.75,8.75,0.0,3,0.8647379532157227
4639,78.75,-8.75,8.75,0.0,3,0.8474873721749304
4640,81.25,-8.75,8.75,0.0,3,0.8284029969953934
4641,83.75,-8.75,8.75,0.0,3,0.8071220409051444
4642,86.25,-8.75,8.75,0.0,3,0.7817392013435231
4643,88.75,-8.75,8.75,0.0,3,0.7569114085584869
4644,91.25,-8.75,8.75,0.0,3,0.7325727135438785
4645,93.75,-8.75,8.75,0.0,3,0.7073675987997667
4646,96.25,-8.75,8.75,0.0,3,0.688145119177401
4647,98.75,-8.75,8.75,0.0,3,0.6752775646506762
4648,101.25,-8.75,8.75,0.0,3,0.6632358895368764
4649,103.75,-8.75,8.75,0.0,3,0.6491612568892937
4650,106.25,-8.75,8.75,0.0,3,0.656707396908507
4651,108.75,-8.75,8.75,0.0,3,0.6979729109829522
4652,111.25,-8.75,8.75,0.0,3,0.7785299938059944
4653,113.75,-8.75,8.75,0.0,3,0.8403257270303124
4654,116.25,-8.75,8.75,0.0,3,0.8555146774986866
4655,118.75,-8.75,8.75,0.0,3,0.9912199446895827
4656,121.25,-8.75,8.75,0.0,2,0.9662887683073378
4657,123.75,-8.75,8.75,0.0,2,0.9630111661583857
4658,126.25,-8.75,8.75,0.0,2,0.9002084486120859
4659,128.75,-8.75,8.75,0.0,2,0.7842684839509433
4660,131.25,-8.75,8.75,0.0,2,0.7843321917027408
4661,133.75,-8.75,8.75,0.0,2,0.7247249079411537
4662,136.25,-8.75,8.75,0.0,2,0.7013962437982918
4663,138.75,-8.75,8.75,0.0,2,0.7866413146908708
4664,141.25,-8.75,8.75,0.0,2,0.8147843946290575
4665,143.75,-8.75,8.75,0.0,2,0.6780323751737193
4666,146.25,-8.75,8.75,0.0,2,0.7752804072386436
4667,148.75,-8.75,8.75,0.0,2,0.8317046292618202
4668,151.25,-8.75,8.75,0.0,2,0.7204662029203297
4669,153.75,-8.75,8.75,0.0,2,0.7850189056436924
4670,156.25,-8.75,8.75,0.0,2,0.8367451817429451
4671,158.75,-8.75,8.75,0.0,2,0.8514663667685355
4672,161.25,-8.75,8.75,0.0,2,0.8319049666875022
4673,163.75,-8.75,8.75,0.0,2,0.8317418793487713
4674,166.25,-8.75,8.75,0.0,2,0.8463193779648033
4675,168.75,-8.75,8.75,0.0,2,0.8554635382871384
4676,171.25,-8.75,8.75,0.0,2,0.8647096966892184
4677,173.75,-8.75,8.75,0.0,2,0.8740194810940121
4678,176.25,-8.75,8.75,0.0,2,0.8845315318767382
4679,178.75,-8.75,8.75,0.0,2,0.89643933312096
4680,181.25,-8.75,8.75,0.0,2,0.9076558969750043
4681,183.75,-8.75,8.75,0.0,2,0.9176663568402731
4682,186.25,-8.75,8.75,0.0,2,0.9262823736650521
4683,188.75,-8.75,8.75,0.0,2,0.9330577451427339
4684,191.25,-8.75,8.75,0.0,2,0.9395922508720004
4685,193.75,-8.75,8.75,0.0,2,0.9468049963309073
4686,196.25,-8.75,8.75,0.0,2,0.9542256749146133
4687,198.75,-8.75,8.75,0.0,2,0.9624622369769072
4688,201.25,-8.75,8.75,0.0,2,0.9688061658953324
4689,203.75,-8.75,8.75,0.0,2,0.9759389189866182
4690,206.25,-8.75,8.75,0.0,2,0.9830690162162573
4691,208.75,-8.75,8.75,0.0,2,0.9890091971064416
4692,211.25,-8.75,8.75,0.0,2,0.9935796680194484
4693,213.75,-8.75,8.75,0.0,2,0.9972807153547182
4694,216.25,-8.75,8.75,0.0,2,0.9998817490575895
4695,218.75,-8.75,8.75,0.0,2,1.001987517474736
4696,221.25,-8.75,8.75,0.0,2,1.0038869167880953
4697,223.75,-8.75,8.75,0.0,2,1.0085148102260373
4698,226.25,-8.75,8.75,0.0,2,1.014659832686805
4699,228.75,-8.75,8.75,0.0,2,1.019148979851393
4700,231.25,-8.75,8.75,0.0,2,1.0228623994526618
4701,233.75,-8.75,8.75,0.0,2,1.0261211767973146
4702,236.25,-8.75,8.75,0.0,2,1.0309050692044253
4703,238.75,-8.75,8.75,0.0,2,1.037628690210326
4704,241.25,-8.75,8.75,0.0,2,1.0456060617581404
4705,243.75,-8.75,8.75,0.0,2,1.060383489719603
4706,246.25,-8.75,8.75,0.0,2,1.079823822331254
4707,248.75,-8.75,8.75,0.0,2,1.0983949597996419
4708,251.25,-8.75,8.75,0.0,2,1.1227205681666368
4709,253.75,-8.75,8.75,0.0,2,1.1523112343291242
4710,256.25,-8.75,8.75,0.0,2,1.1866265725137444
4711,258.75,-8.75,8.75,0.0,2,1.2349309529724686
4712,261.25,-8.75,8.75,0.0,2,1.286747829213934
4713,263.75,-8.75,8.75,0.0,2,1.3365821945859693
4714,266.25,-8.75,8.75,0.0,2,1.3891434615180842
4715,268.75,-8.75,8.75,0.0,2,1.4307547621162828
4716,271.25,-8.75,8.75,0.0,2,1.4629605215680903
4717,273.75,-8.75,8.75,0.0,2,1.4816384202981714
4718,276.25,-8.75,8.75,0.0,2,1.4486465568073612
4719,278.75,-8.75,8.75,0.0,2,1.368367732308963
4720,281.25,-8.75,8.75,1.0,0,1.31706820434786
4721,283.75,-8.75,8.75,1.0,0,1.3238475841066502
4722,286.25,-8.75,8.75,1.0,0,1.3956837455451543
4723,288.75,-8.75,8.75,1.0,0,1.4004147114128793
4724,291.25,-8.75,8.75,1.0,0,1.4565239684546882
4725,293.75,-8.75,8.75,1.0,0,1.488559840939322
4726,296.25,-8.75,8.75,1.0,0,1.5683706798789891
4727,298.75,-8.75,8.75,1.0,0,1.7465415271815776
4728,301.25,-8.75,8.75,1.0,0,1.873249314650223
4729,303.75,-8.75,8.75,1.0,0,2.0193269938020495
4730,306.25,-8.75,8.75,1.0,0,2.076425784346915
4731,308.75,-8.75,8.75,1.0,0,1.9431510114230734
4732,311.25,-8.75,8.75,1.0,0,1.8644875197485935
4733,313.75,-8.75,8.75,1.0,0,1.810205118911819
4734,316.25,-8.75,8.75,1.0,0,1.7324714377224568
4735,318.75,-8.75,8.75,1.0,0,1.4845512972951544
4736,321.25,-8.75,8.75,1.0,0,1.1235169359574502
4737,323.75,-8.75,8.75,1.0,0,0.8796809708170407
4738,326.25,-8.75,8.75,0.0,1,0.648053065412511
4739,328.75,-8.75,8.75,0.0,1,0.6842816461912401
4740,331.25,-8.75,8.75,0.0,1,0.678696724514076
4741,333.75,-8.75,8.75,0.0,1,0.6744671917673613
4742,336.25,-8.75,8.75,0.0,1,0.6671486272416336
4743,338.75,-8.75,8.75,0.0,1,0.6586075740944469
4744,341.25,-8.75,8.75,0.0,1,0.6497035889546721
4745,343.75,-8.75,8.75,0.0,1,0.6437926132559689
4746,346.25,-8.75,8.75,0.0,1,0.6430708910564087
4747,348.75,-8.75,8.75,0.0,1,0.6505403028211613
4748,351.25,-8.75,8.75,0.0,1,0.6665370889230671
4749,353.75,-8.75,8.75,0.0,1,0.6853519731857514
4750,356.25,-8.75,8.75,0.0,1,0.7078919530259576
4751,358.75,-8.75,8.75,0.0,1,0.7355567316336772
4752,1.25,-6.25,6.25,0.0,1,0.7730925340087251
4753,3.75,-6.25,6.25,0.0,1,0.794480768185355
4754,6.25,-6.25,6.25,0.0,1,0.819311491740946
4755,8.75,-6.25,6.25,0.0,1,0.8600300464662293
4756,11.25,-6.25,6.25,0.0,1,0.9468973737459411
4757,13.75,-6.25,6.25,1.0,0,1.2753749771009308
4758,16.25,-6.25,6.25,1.0,0,1.3085289719731652
4759,18.75,-6.25,6.25,1.0,0,1.29673605452257
4760,21.25,-6.25,6.25,1.0,0,1.3366903484342398
4761,23.75,-6.25,6.25,1.0,0,1.340051695158926
4762,26.25,-6.25,6.25,1.0,0,1.3667459819347803
4763,28.75,-6.25,6.25,1.0,0,1.344821595963122
4764,31.25,-6.25,6.25,1.0,0,1.3409291606665945
4765,33.75,-6.25,6.25,1.0,0,1.2971934392783755
4766,36.25,-6.25,6.25,1.0,0,1.0851831607960745
4767,38.75,-6.25,6.25,1.0,0,0.9167245268918375
4768,41.25,-6.25,6.25,0.0,3,0.97938345992055
4769,43.75,-6.25,6.25,0.0,3,0.9993391380957495
4770,46.25,-6.25,6.25,0.0,3,0.990256094883724
4771,48.75,-6.25,6.25,0.0,3,0.9783879949041485
4772,51.25,-6.25,6.25,0.0,3,0.9669829722549965
4773,53.75,-6.25,6.25,0.0,3,0.959549351599765
4774,56.25,-6.25,6.25,0.0,3,0.9557231765973668
4775,58.75,-6.25,6.25,0.0,3,0.9536531687475076
4776,61.25,-6.25,6.25,0.0,3,0.9484684453383923
4777,63.75,-6.25,6.25,0.0,3,0.9384542071209355
4778,66.25,-6.25,6.25,0.0,3,0.92739045054417
4779,68.75,-6.25,6.25,0.0,3,0.917423931403456
4780,71.25,-6.25,6.25,0.0,3,0.9120789722551234
4781,73.75,-6.25,6.25,0.0,3,0.9061594425476233
4782,76.25,-6.25,6.25,0.0,3,0.8947802253431927
4783,78.75,-6.25,6.25,0.0,3,0.8753561875757205
4784,81.25,-6.25,6.25,0.0,3,0.8503430149633238
4785,83.75,-6.25,6.25,0.0,3,0.8243941579010189
4786,86.25,-6.25,6.25,0.0,3,0.7954272405533963
4787,88.75,-6.25,6.25,0.0,3,0.7652411899986544
4788,91.25,-6.25,6.25,0.0,3,0.7329676988510772
4789,93.75,-6.25,6.25,0.0,3,0.6937865326524146
4790,96.25,-6.25,6.25,0.0,3,0.6508369162360064
4791,98.75,-6.25,6.25,0.0,3,0.6090086641299678
4792,101.25,-6.25,6.25,0.0,3,0.5660523653361832
4793,103.75,-6.25,6.25,0.0,3,0.6376621742749207
4794,106.25,-6.25,6.25,1.0,0,0.8640742184647167
4795,108.75,-6.25,6.25,0.0,3,0.943529752111106
4796,111.25,-6.25,6.25,0.0,3,0.9713007480601976
4797,113.75,-6.25,6.25,0.0,3,0.9250489110933906
4798,116.25,-6.25,6.25,0.0,3,0.8727786133399886
4799,118.75,-6.25,6.25,0.0,3,0.8885386073714877
4800,121.25,-6.25,6.25,0.0,2,0.8944358767759961
4801,123.75,-6.25,6.25,0.0,2,0.8520500967700754
4802,126.25,-6.25,6.25,0.0,2,0.8188699408631415
4803,128.75,-6.25,6.25,0.0,2,0.786604904758688
4804,131.25,-6.25,6.25,0.0,2,0.8140899941926333
4805,133.75,-6.25,6.25,0.0,2,0.7977409218925996
4806,136.25,-6.25,6.25,0.0,2,0.7945575038973993
4807,138.75,-6.25,6.25,0.0,2,0.8855228999051294
4808,141.25,-6.25,6.25,1.0,0,0.9300277758983281
4809,143.75,-6.25,6.25,1.0,0,0.93325117946261
4810,146.25,-6.25,6.25,1.0,0,0.9653553587778637
4811,148.75,-6.25,6.25,0.0,2,0.7867120641356684
4812,151.25,-6.25,6.25,0.0,2,0.8012264274839795
4813,153.75,-6.25,6.25,0.0,2,0.8815830097524555
4814,156.25,-6.25,6.25,0.0,2,0.9073628851662879
4815,158.75,-6.25,6.25,0.0,2,0.9008000754233878
4816,161.25,-6.25,6.25,0.0,2,0.9045024970653399
4817,163.75,-6.25,6.25,0.0,2,0.9212460368829953
4818,166.25,-6.25,6.25,0.0,2,0.9369334761166287
4819,168.75,-6.25,6.25,0.0,2,0.9541015048167218
4820,171.25,-6.25,6.25,0.0,2,0.970159770794353
4821,173.75,-6.25,6.25,0.0,2,0.9838097427815182
4822,176.25,-6.25,6.25,0.0,2,1.0006799387593963
4823,178.75,-6.25,6.25,0.0,2,1.0173106685299675
4824,181.25,-6.25,6.25,0.0,2,1.0290933534597808
4825,183.75,-6.25,6.25,0.0,2,1.040019240036828
4826,186.25,-6.25,6.25,0.0,2,1.0486334154916026
4827,188.75,-6.25,6.25,0.0,2,1.0526933936704719
4828,191.25,-6.25,6.25,0.0,2,1.0550170756412822
4829,193.75,-6.25,6.25,0.0,2,1.0567566140418865
4830,196.25,-6.25,6.25,0.0,2,1.057202002974819
4831,198.75,-6.25,6.25,0.0,2,1.055650083393388
4832,201.25,-6.25,6.25,0.0,2,1.0523494965965754
4833,203.75,-6.25,6.25,0.0,2,1.0495367232526247
4834,206.25,-6.25,6.25,0.0,2,1.045791535584457
4835,208.75,-6.25,6.25,0.0,2,1.0414781883202728
4836,211.25,-6.25,6.25,0.0,2,1.0385597192242657
4837,213.75,-6.25,6.25,0.0,2,1.0336649635721566
4838,216.25,-6.25,6.25,0.0,2,1.0282671078046928
4839,218.75,-6.25,6.25,0.0,2,1.025157648527377
4840,221.25,-6.25,6.25,0.0,2,1.0219753638229385
4841,223.75,-6.25,6.25,0.0,2,1.0197167196424728
4842,226.25,-6.25,6.25,0.0,2,1.0207114762081286
4843,228.75,-6.25,6.25,0.0,2,1.0251592910911071
4844,231.25,-6.25,6.25,0.0,2,1.032291984207123
4845,233.75,-6.25,6.25,0.0,2,1.0381573207294434
4846,236.25,-6.25,6.25,0.0,2,1.045391571112253
4847,238.75,-6.25,6.25,0.0,2,1.0557051472747567
4848,241.25,-6.25,6.25,0.0,2,1.0671690352713605
4849,243.75,-6.25,6.25,0.0,2,1.0866436202072327
4850,246.25,-6.25,6.25,0.0,2,1.1127871920481862
4851,248.75,-6.25,6.25,0.0,2,1.1399108790899557
4852,251.25,-6.25,6.25,0.0,2,1.1720860179374792
4853,253.75,-6.25,6.25,0.0,2,1.204393057308324
4854,256.25,-6.25,6.25,0.0,2,1.23653000747349
4855,258.75,-6.25,6.25,0.0,2,1.2753798650341068
4856,261.25,-6.25,6.25,0.0,2,1.3117850043470127
4857,263.75,-6.25,6.25,0.0,2,1.3416841821992587
4858,266.25,-6.25,6.25,0.0,2,1.3674446614306335
4859,268.75,-6.25,6.25,0.0,2,1.3897705598713888
4860,271.25,-6.25,6.25,0.0,2,1.4134002407370814
4861,273.75,-6.25,6.25,0.0,2,1.4286200843208907
4862,276.25,-6.25,6.25,0.0,2,1.4080500557820053
4863,278.75,-6.25,6.25,0.0,2,1.3556563961731813
4864,281.25,-6.25,6.25,1.0,0,1.3290627389535346
4865,283.75,-6.25,6.25,1.0,0,1.3567532480919022
4866,286.25,-6.25,6.25,1.0,0,1.3632554324457613
4867,288.75,-6.25,6.25,1.0,0,1.3716686646419631
4868,291.25,-6.25,6.25,1.0,0,1.4059696205868633
4869,293.75,-6.25,6.25,1.0,0,1.4178193026880233
4870,296.25,-6.25,6.25,1.0,0,1.482115702393782
4871,298.75,-6.25,6.25,1.0,0,1.6694957431264672
4872,301.25,-6.25,6.25,1.0,0,2.036738411256279
4873,303.75,-6.25,6.25,1.0,0,2.315401813618369
4874,306.25,-6.25,6.25,1.0,0,2.3380314638801325
4875,308.75,-6.25,6.25,1.0,0,2.1595740968620385
4876,311.25,-6.25,6.25,1.0,0,1.9256805685135028
4877,313.75,-6.25,6.25,1.0,0,1.7964817825032728
4878,316.25,-6.25,6.25,1.0,0,1.730023771477454
4879,318.75,-6.25,6.25,1.0,0,1.689786934008712
4880,321.25,-6.25,6.25,1.0,0,1.4305927995225356
4881,323.75,-6.25,6.25,1.0,0,1.135085057491845
4882,326.25,-6.25,6.25,0.0,1,0.726387651352876
4883,328.75,-6.25,6.25,0.0,1,0.7468881828845682
4884,331.25,-6.25,6.25,0.0,1,0.7275199134462841
4885,333.75,-6.25,6.25,0.0,1,0.70937091121449
4886,336.25,-6.25,6.25,0.0,1,0.6909680522574932
4887,338.75,-6.25,6.25,0.0,1,0.6762030949225166
4888,341.25,-6.25,6.25,0.0,1,0.6629742523195754
4889,343.75,-6.25,6.25,0.0,1,0.6540711698962351
4890,346.25,-6.25,6.25,0.0,1,0.6529071040713974
4891,348.75,-6.25,6.25,0.0,1,0.6615569430477679
4892,351.25,-6.25,6.25,0.0,1,0.6786433612792265
4893,353.75,-6.25,6.25,0.0,1,0.6980367911930457
4894,356.25,-6.25,6.25,0.0,1,0.7222323087984943
4895,358.75,-6.25,6.25,0.0,1,0.7499549428940679
4896,1.25,-3.75,3.75,0.0,1,0.7952796985701606
4897,3.75,-3.75,3.75,0.0,1,0.8201820791746556
4898,6.25,-3.75,3.75,0.0,1,0.8576403321799903
4899,8.75,-3.75,3.75,0.0,1,0.910846061594734
4900,11.25,-3.75,3.75,0.0,1,1.0761934675853484
4901,13.75,-3.75,3.75,1.0,0,1.2924124927072498
4902,16.25,-3.75,3.75,1.0,0,1.2511951652809743
4903,18.75,-3.75,3.75,1.0,0,1.2277992181309272
4904,21.25,-3.75,3.75,1.0,0,1.2421524881829318
4905,23.75,-3.75,3.75,1.0,0,1.246749434600049
4906,26.25,-3.75,3.75,1.0,0,1.2615862714532764
4907,28.75,-3.75,3.75,1.0,0,1.2693361135941443
4908,31.25,-3.75,3.75,1.0,0,1.3331502217546571
4909,33.75,-3.75,3.75,1.0,0,1.2846372897001053
4910,36.25,-3.75,3.75,1.0,0,0.998922337011263
4911,38.75,-3.75,3.75,1.0,0,0.8584903419325475
4912,41.25,-3.75,3.75,0.0,3,0.9767428612292046
4913,43.75,-3.75,3.75,0.0,3,1.0327069622452825
4914,46.25,-3.75,3.75,0.0,3,1.0302725299878939
4915,48.75,-3.75,3.75,0.0,3,1.0160750910435095
4916,51.25,-3.75,3.75,0.0,3,0.9977237768254401
4917,53.75,-3.75,3.75,0.0,3,0.9810477073387296
4918,56.25,-3.75,3.75,0.0,3,0.9658533705327564
4919,58.75,-3.75,3.75,0.0,3,0.9532416829485467
4920,61.25,-3.75,3.75,0.0,3,0.942000882840593
4921,63.75,-3.75,3.75,0.0,3,0.9323925003784608
4922,66.25,-3.75,3.75,0.0,3,0.9236986085453257
4923,68.75,-3.75,3.75,0.0,3,0.9160108311865857
4924,71.25,-3.75,3.75,0.0,3,0.9080731845994205
4925,73.75,-3.75,3.75,0.0,3,0.8971741822061267
4926,76.25,-3.75,3.75,0.0,3,0.8846543339466775
4927,78.75,-3.75,3.75,0.0,3,0.8668329312396306
4928,81.25,-3.75,3.75,0.0,3,0.842853368485985
4929,83.75,-3.75,3.75,0.0,3,0.8170375563727144
4930,86.25,-3.75,3.75,0.0,3,0.7853190810942914
4931,88.75,-3.75,3.75,0.0,3,0.7500756468985806
4932,91.25,-3.75,3.75,0.0,3,0.7118647057036808
4933,93.75,-3.75,3.75,0.0,3,0.6620903856082209
4934,96.25,-3.75,3.75,0.0,3,0.6089771229310948
4935,98.75,-3.75,3.75,0.0,3,0.5681661500397114
4936,101.25,-3.75,3.75,0.0,3,0.6739165061598301
4937,103.75,-3.75,3.75,1.0,0,1.0173676271283694
4938,106.25,-3.75,3.75,0.0,3,1.0280034893109666
4939,108.75,-3.75,3.75,0.0,3,0.9045559160472237
4940,111.25,-3.75,3.75,0.0,3,0.9319511556627035
4941,113.75,-3.75,3.75,0.0,3,0.9624984013205976
4942,116.25,-3.75,3.75,0.0,3,0.9347065264232335
4943,118.75,-3.75,3.75,0.0,3,0.9834868050500563
4944,121.25,-3.75,3.75,0.0,2,1.045519670540166
4945,123.75,-3.75,3.75,0.0,2,0.845158418370587
4946,126.25,-3.75,3.75,0.0,2,0.8826026220857709
4947,128.75,-3.75,3.75,0.0,2,0.9024564342925278
4948,131.25,-3.75,3.75,0.0,2,0.8550339732562723
4949,133.75,-3.75,3.75,0.0,2,0.8836661854879525
4950,136.25,-3.75,3.75,1.0,0,0.934360493530502
4951,138.75,-3.75,3.75,1.0,0,0.9542983603022817
4952,141.25,-3.75,3.75,1.0,0,1.016028805844622
4953,143.75,-3.75,3.75,0.0,2,0.9807255740187804
4954,146.25,-3.75,3.75,0.0,2,0.8875225496232586
4955,148.75,-3.75,3.75,0.0,2,0.8265082133883328
4956,151.25,-3.75,3.75,0.0,2,0.9005754322839968
4957,153.75,-3.75,3.75,0.0,2,0.9440281343788092
4958,156.25,-3.75,3.75,0.0,2,0.984887156256746
4959,158.75,-3.75,3.75,0.0,2,1.0048097277936052
4960,161.25,-3.75,3.75,0.0,2,1.0343861676167567
4961,163.75,-3.75,3.75,0.0,2,1.0639803868849016
4962,166.25,-3.75,3.75,0.0,2,1.0897871609861705
4963,168.75,-3.75,3.75,0.0,2,1.1156319330234115
4964,171.25,-3.75,3.75,0.0,2,1.1384110461303356
4965,173.75,-3.75,3.75,0.0,2,1.154649681912655
4966,176.25,-3.75,3.75,0.0,2,1.1742781373727298
4967,178.75,-3.75,3.75,0.0,2,1.1912841519433823
4968,181.25,-3.75,3.75,0.0,2,1.2029850825778543
4969,183.75,-3.75,3.75,0.0,2,1.2123175494707237
4970,186.25,-3.75,3.75,0.0,2,1.2173448149520556
4971,188.75,-3.75,3.75,0.0,2,1.2161345053435824
4972,191.25,-3.75,3.75,0.0,2,1.2164816401460734
4973,193.75,-3.75,3.75,0.0,2,1.2176460950423849
4974,196.25,-3.75,3.75,0.0,2,1.2153806411614254
4975,198.75,-3.75,3.75,0.0,2,1.2081262325536573
4976,201.25,-3.75,3.75,0.0,2,1.1993190842220496
4977,203.75,-3.75,3.75,0.0,2,1.1929411209505851
4978,206.25,-3.75,3.75,0.0,2,1.1856098698220885
4979,208.75,-3.75,3.75,0.0,2,1.1743768463682882
4980,211.25,-3.75,3.75,0.0,2,1.1669526227632119
4981,213.75,-3.75,3.75,0.0,2,1.1575818330400807
4982,216.25,-3.75,3.75,0.0,2,1.147232745774971
4983,218.75,-3.75,3.75,0.0,2,1.1415306409086143
4984,221.25,-3.75,3.75,0.0,2,1.1354490888103161
4985,223.75,-3.75,3.75,0.0,2,1.1306436629578744
4986,226.25,-3.75,3.75,0.0,2,1.1341239295988566
4987,228.75,-3.75,3.75,0.0,2,1.1469351906103311
4988,231.25,-3.75,3.75,0.0,2,1.1627989583011795
4989,233.75,-3.75,3.75,0.0,2,1.1750581338010233
4990,236.25,-3.75,3.75,0.0,2,1.1823665661900005
4991,238.75,-3.75,3.75,0.0,2,1.1875686307194195
4992,241.25,-3.75,3.75,0.0,2,1.1926879597975826
4993,243.75,-3.75,3.75,0.0,2,1.1991087821132165
4994,246.25,-3.75,3.75,0.0,2,1.2084897937833108
4995,248.75,-3.75,3.75,0.0,2,1.2169162848978567
4996,251.25,-3.75,3.75,0.0,2,1.2261167363659051
4997,253.75,-3.75,3.75,0.0,2,1.2394785713877972
4998,256.25,-3.75,3.75,0.0,2,1.258252659929843
4999,258.75,-3.75,3.75,0.0,2,1.282472597217316
5000,261.25,-3.75,3.75,0.0,2,1.3063196991487598
5001,263.75,-3.75,3.75,0.0,2,1.3264904412021497
5002,266.25,-3.75,3.75,0.0,2,1.3463200278084075
5003,268.75,-3.75,3.75,0.0,2,1.3692087876202532
5004,271.25,-3.75,3.75,0.0,2,1.3939543756467618
5005,273.75,-3.75,3.75,0.0,2,1.4167108149587688
5006,276.25,-3.75,3.75,0.0,2,1.4037890134558357
5007,278.75,-3.75,3.75,0.0,2,1.3275024299701306
5008,281.25,-3.75,3.75,1.0,0,1.3253402658858462
5009,283.75,-3.75,3.75,1.0,0,1.3934779740922913
5010,286.25,-3.75,3.75,1.0,0,1.331948973511802
5011,288.75,-3.75,3.75,1.0,0,1.3323186740137603
5012,291.25,-3.75,3.75,1.0,0,1.3565224643595482
5013,293.75,-3.75,3.75,1.0,0,1.3881243943590509
5014,296.25,-3.75,3.75,1.0,0,1.408413490703279
5015,298.75,-3.75,3.75,1.0,0,1.6700419677115184
5016,301.25,-3.75,3.75,1.0,0,2.1085170382077085
5017,303.75,-3.75,3.75,1.0,0,2.3766926428296005
5018,306.25,-3.75,3.75,1.0,0,2.3588586091302135
5019,308.75,-3.75,3.75,1.0,0,2.1872199077159236
5020,311.25,-3.75,3.75,1.0,0,1.7917444631066455
5021,313.75,-3.75,3.75,1.0,0,1.5978107726328945
5022,316.25,-3.75,3.75,1.0,0,1.5047348799365237
5023,318.75,-3.75,3.75,1.0,0,1.4591904210052538
5024,321.25,-3.75,3.75,0.0,1,1.1322125042862383
5025,323.75,-3.75,3.75,0.0,1,0.8734889937385977
5026,326.25,-3.75,3.75,0.0,1,0.8017113466553066
5027,328.75,-3.75,3.75,0.0,1,0.8176663265217041
5028,331.25,-3.75,3.75,0.0,1,0.792790567258395
5029,333.75,-3.75,3.75,0.0,1,0.7697376948643185
5030,336.25,-3.75,3.75,0.0,1,0.7467756768293006
5031,338.75,-3.75,3.75,0.0,1,0.7273323769911181
5032,341.25,-3.75,3.75,0.0,1,0.7093746777721068
5033,343.75,-3.75,3.75,0.0,1,0.6963940832735117
5034,346.25,-3.75,3.75,0.0,1,0.692866307804
5035,348.75,-3.75,3.75,0.0,1,0.6993904973203546
5036,351.25,-3.75,3.75,0.0,1,0.7139155722141248
5037,353.75,-3.75,3.75,0.0,1,0.732165124263748
5038,356.25,-3.75,3.75,0.0,1,0.7534115468352904
5039,358.75,-3.75,3.75,0.0,1,0.7759337539755402
5040,1.25,-1.25,1.25,0.0,1,0.8601475561939322
5041,3.75,-1.25,1.25,0.0,1,0.8805020560001959
5042,6.25,-1.25,1.25,0.0,1,0.9161982238021127
5043,8.75,-1.25,1.25,0.0,1,0.9935995889787329
5044,11.25,-1.25,1.25,1.0,0,1.1510516902581254
5045,13.75,-1.25,1.25,1.0,0,1.1805452585770486
5046,16.25,-1.25,1.25,1.0,0,1.1861928694034687
5047,18.75,-1.25,1.25,1.0,0,1.1845600469574582
5048,21.25,-1.25,1.25,1.0,0,1.181480924530787
5049,23.75,-1.25,1.25,1.0,0,1.2160981587487958
5050,26.25,-1.25,1.25,1.0,0,1.2084937371732847
5051,28.75,-1.25,1.25,1.0,0,1.174177186988931
5052,31.25,-1.25,1.25,1.0,0,1.2137956899623272
5053,33.75,-1.25,1.25,1.0,0,1.1489550864411031
5054,36.25,-1.25,1.25,1.0,0,0.9366139353757302
5055,38.75,-1.25,1.25,1.0,0,0.9160895286541445
5056,41.25,-1.25,1.25,0.0,3,0.8980968197553023
5057,43.75,-1.25,1.25,0.0,3,1.0137436698743094
5058,46.25,-1.25,1.25,0.0,3,1.0386421262235037
5059,48.75,-1.25,1.25,0.0,3,1.032600451614518
5060,51.25,-1.25,1.25,0.0,3,1.015359108920662
5061,53.75,-1.25,1.25,0.0,3,0.9942689799817588
5062,56.25,-1.25,1.25,0.0,3,0.9664033759408641
5063,58.75,-1.25,1.25,0.0,3,0.9406295428493375
5064,61.25,-1.25,1.25,0.0,3,0.9196532931605061
5065,63.75,-1.25,1.25,0.0,3,0.9018376094709228
5066,66.25,-1.25,1.25,0.0,3,0.8871613179056101
5067,68.75,-1.25,1.25,0.0,3,0.8744117532603928
5068,71.25,-1.25,1.25,0.0,3,0.8609800746749703
5069,73.75,-1.25,1.25,0.0,3,0.8461747847582393
5070,76.25,-1.25,1.25,0.0,3,0.8321632313660328
5071,78.75,-1.25,1.25,0.0,3,0.8175203011672317
5072,81.25,-1.25,1.25,0.0,3,0.8008984434955783
5073,83.75,-1.25,1.25,0.0,3,0.7821784791850982
5074,86.25,-1.25,1.25,0.0,3,0.7585737711771148
5075,88.75,-1.25,1.25,0.0,3,0.7327931290086852
5076,91.25,-1.25,1.25,0.0,3,0.7023975658377746
5077,93.75,-1.25,1.25,0.0,3,0.6624643167074135
5078,96.25,-1.25,1.25,0.0,3,0.625805582413965
5079,98.75,-1.25,1.25,0.0,3,0.6732670973503814
5080,101.25,-1.25,1.25,1.0,0,0.952559253533497
5081,103.75,-1.25,1.25,1.0,0,1.0035171807873955
5082,106.25,-1.25,1.25,0.0,3,0.9669087117226403
5083,108.75,-1.25,1.25,0.0,3,0.9606887566049099
5084,111.25,-1.25,1.25,1.0,0,1.0250773842775833
5085,113.75,-1.25,1.25,1.0,0,1.0348753321956294
5086,116.25,-1.25,1.25,0.0,0,1.038651345414175
5087,118.75,-1.25,1.25,0.0,3,0.955699494701707
5088,121.25,-1.25,1.25,0.0,2,1.0330669648642794
5089,123.75,-1.25,1.25,0.0,2,0.9100347358986784
5090,126.25,-1.25,1.25,0.0,2,0.8829533103138675
5091,128.75,-1.25,1.25,0.0,2,0.9072024400907323
5092,131.25,-1.25,1.25,0.0,2,0.9095741849298878
5093,133.75,-1.25,1.25,0.0,2,0.9634173330277861
5094,136.25,-1.25,1.25,0.0,2,0.9709147861977843
5095,138.75,-1.25,1.25,0.0,2,0.9814966840635144
5096,141.25,-1.25,1.25,0.0,2,0.9512624688626715
5097,143.75,-1.25,1.25,0.0,2,0.9110574184953273
5098,146.25,-1.25,1.25,0.0,2,0.9103935604053981
5099,148.75,-1.25,1.25,0.0,2,0.9403993390211198
5100,151.25,-1.25,1.25,0.0,2,0.9851196221891018
5101,153.75,-1.25,1.25,0.0,2,1.0191622573711152
5102,156.25,-1.25,1.25,0.0,2,1.0457670154592689
5103,158.75,-1.25,1.25,0.0,2,1.0721372007015124
5104,161.25,-1.25,1.25,0.0,2,1.1003282296472643
5105,163.75,-1.25,1.25,0.0,2,1.1272540295729991
5106,166.25,-1.25,1.25,0.0,2,1.153060347017785
5107,168.75,-1.25,1.25,0.0,2,1.1790452428107405
5108,171.25,-1.25,1.25,0.0,2,1.2015475107241251
5109,173.75,-1.25,1.25,0.0,2,1.219501464302364
5110,176.25,-1.25,1.25,0.0,2,1.236200747112001
5111,178.75,-1.25,1.25,0.0,2,1.246893923109904
5112,181.25,-1.25,1.25,0.0,2,1.2523319877287966
5113,183.75,-1.25,1.25,0.0,2,1.2573066499035968
5114,186.25,-1.25,1.25,0.0,2,1.2578765294772203
5115,188.75,-1.25,1.25,0.0,2,1.2527789187213865
5116,191.25,-1.25,1.25,0.0,2,1.2465383905077463
5117,193.75,-1.25,1.25,0.0,2,1.2415109059873495
5118,196.25,-1.25,1.25,0.0,2,1.2348966063572195
5119,198.75,-1.25,1.25,0.0,2,1.2274736406612632
5120,201.25,-1.25,1.25,0.0,2,1.219587181991932
5121,203.75,-1.25,1.25,0.0,2,1.2116991224834557
5122,206.25,-1.25,1.25,0.0,2,1.199626396681901
5123,208.75,-1.25,1.25,0.0,2,1.187981825278544
5124,211.25,-1.25,1.25,0.0,2,1.1815173700243733
5125,213.75,-1.25,1.25,0.0,2,1.1750298655710394
5126,216.25,-1.25,1.25,0.0,2,1.1675343759068602
5127,218.75,-1.25,1.25,0.0,2,1.1600263152703691
5128,221.25,-1.25,1.25,0.0,2,1.155931488050564
5129,223.75,-1.25,1.25,0.0,2,1.1562435901395811
5130,226.25,-1.25,1.25,0.0,2,1.1691350573782586
5131,228.75,-1.25,1.25,0.0,2,1.1977589515380942
5132,231.25,-1.25,1.25,0.0,2,1.230492670328507
5133,233.75,-1.25,1.25,0.0,2,1.262825118806967
5134,236.25,-1.25,1.25,0.0,2,1.3007386973264945
5135,238.75,-1.25,1.25,0.0,2,1.332015585635523
5136,241.25,-1.25,1.25,0.0,2,1.3514223342574037
5137,243.75,-1.25,1.25,0.0,2,1.3631378406678143
5138,246.25,-1.25,1.25,0.0,2,1.3657563717093308
5139,248.75,-1.25,1.25,0.0,2,1.360639224864733
5140,251.25,-1.25,1.25,0.0,2,1.35347185497016
5141,253.75,-1.25,1.25,0.0,2,1.349197283394643
5142,256.25,-1.25,1.25,0.0,2,1.3524259126047646
5143,258.75,-1.25,1.25,0.0,2,1.3605645933758508
5144,261.25,-1.25,1.25,0.0,2,1.3730365947772554
5145,263.75,-1.25,1.25,0.0,2,1.3900470781042404
5146,266.25,-1.25,1.25,0.0,2,1.4111412988435021
5147,268.75,-1.25,1.25,0.0,2,1.4344253190819023
5148,271.25,-1.25,1.25,0.0,2,1.4554858981382177
5149,273.75,-1.25,1.25,0.0,2,1.4628992535384107
5150,276.25,-1.25,1.25,0.0,2,1.4198315949916138
5151,278.75,-1.25,1.25,0.0,2,1.2871897385872024
5152,281.25,-1.25,1.25,1.0,0,1.305541972594289
5153,283.75,-1.25,1.25,1.0,0,1.376167287427954
5154,286.25,-1.25,1.25,1.0,0,1.3489456072048984
5155,288.75,-1.25,1.25,1.0,0,1.3344260998128756
5156,291.25,-1.25,1.25,1.0,0,1.3483273958376334
5157,293.75,-1.25,1.25,1.0,0,1.388298373600991
5158,296.25,-1.25,1.25,1.0,0,1.4233938570978744
5159,298.75,-1.25,1.25,1.0,0,1.688246015701169
5160,301.25,-1.25,1.25,1.0,0,2.0453396619069055
5161,303.75,-1.25,1.25,1.0,0,2.17133509334599
5162,306.25,-1.25,1.25,1.0,0,2.0844902711196105
5163,308.75,-1.25,1.25,1.0,0,1.722119134186975
5164,311.25,-1.25,1.25,0.0,1,1.299372771178721
5165,313.75,-1.25,1.25,0.0,1,1.0834662716881565
5166,316.25,-1.25,1.25,0.0,1,0.9311192163098017
5167,318.75,-1.25,1.25,0.0,1,0.8897258273988479
5168,321.25,-1.25,1.25,0.0,1,0.8793114041523654
5169,323.75,-1.25,1.25,0.0,1,0.8869813033972814
5170,326.25,-1.25,1.25,0.0,1,0.8998283359071375
5171,328.75,-1.25,1.25,0.0,1,0.892588961213117
5172,331.25,-1.25,1.25,0.0,1,0.8745589119901026
5173,333.75,-1.25,1.25,0.0,1,0.85672512898721
5174,336.25,-1.25,1.25,0.0,1,0.8418133212812129
5175,338.75,-1.25,1.25,0.0,1,0.8306443969866548
5176,341.25,-1.25,1.25,0.0,1,0.8202937087293787
5177,343.75,-1.25,1.25,0.0,1,0.8127847976262699
5178,346.25,-1.25,1.25,0.0,1,0.811015478431047
5179,348.75,-1.25,1.25,0.0,1,0.8139325398025871
5180,351.25,-1.25,1.25,0.0,1,0.8210742896888433
5181,353.75,-1.25,1.25,0.0,1,0.8311446418882621
5182,356.25,-1.25,1.25,0.0,1,0.8412986546013659
5183,358.75,-1.25,1.25,0.0,1,0.8499834025345179
5184,1.25,1.25,1.25,0.0,1,0.9178128206375465
5185,3.75,1.25,1.25,0.0,1,0.9226271346165963
5186,6.25,1.25,1.25,0.0,1,0.9401625658530652
5187,8.75,1.25,1.25,0.0,1,0.9982258352173297
5188,11.25,1.25,1.25,1.0,0,1.121152626764315
5189,13.75,1.25,1.25,1.0,0,1.1562750119757403
5190,16.25,1.25,1.25,1.0,0,1.1706041959313784
5191,18.75,1.25,1.25,1.0,0,1.189601366005967
5192,21.25,1.25,1.25,1.0,0,1.1666938592436282
5193,23.75,1.25,1.25,1.0,0,1.186370699579824
5194,26.25,1.25,1.25,1.0,0,1.2194408314564429
5195,28.75,1.25,1.25,1.0,0,1.1779708984150796
5196,31.25,1.25,1.25,1.0,0,1.1508988383522452
5197,33.75,1.25,1.25,1.0,0,1.1278202888956053
5198,36.25,1.25,1.25,1.0,0,1.180765701824094
5199,38.75,1.25,1.25,1.0,0,1.0913670120164305
5200,41.25,1.25,1.25,1.0,0,0.9308256776802792
5201,43.75,1.25,1.25,1.0,0,1.004151511469925
5202,46.25,1.25,1.25,0.0,3,1.0295592507179494
5203,48.75,1.25,1.25,0.0,3,1.047778094685877
5204,51.25,1.25,1.25,0.0,3,1.034002475773659
5205,53.75,1.25,1.25,0.0,3,1.0111353997490296
5206,56.25,1.25,1.25,0.0,3,0.9807970828069572
5207,58.75,1.25,1.25,0.0,3,0.9468446189584544
5208,61.25,1.25,1.25,0.0,3,0.9144883580118358
5209,63.75,1.25,1.25,0.0,3,0.8836437519133081
5210,66.25,1.25,1.25,0.0,3,0.8591626512166071
5211,68.75,1.25,1.25,0.0,3,0.8419769696343364
5212,71.25,1.25,1.25,0.0,3,0.8285023982284168
5213,73.75,1.25,1.25,0.0,3,0.8194834170532622
5214,76.25,1.25,1.25,0.0,3,0.8124317159182206
5215,78.75,1.25,1.25,0.0,3,0.8032389546450278
5216,81.25,1.25,1.25,0.0,3,0.7966177917552909
5217,83.75,1.25,1.25,0.0,3,0.7904304637731533
5218,86.25,1.25,1.25,0.0,3,0.7792642935495504
5219,88.75,1.25,1.25,0.0,3,0.7643747537286374
5220,91.25,1.25,1.25,0.0,3,0.7484108680445771
5221,93.75,1.25,1.25,0.0,3,0.7256984539766947
5222,96.25,1.25,1.25,0.0,3,0.7240629750329751
5223,98.75,1.25,1.25,0.0,3,0.9024715940842097
5224,101.25,1.25,1.25,1.0,0,1.1174273596474606
5225,103.75,1.25,1.25,0.0,3,0.98948499776768
5226,106.25,1.25,1.25,0.0,3,0.9033210054737484
5227,108.75,1.25,1.25,0.0,3,1.0187292079840695
5228,111.25,1.25,1.25,1.0,0,1.0883296092316306
5229,113.75,1.25,1.25,1.0,0,1.0324738427483298
5230,116.25,1.25,1.25,1.0,0,1.0758184946149276
5231,118.75,1.25,1.25,0.0,3,0.9584887270320758
5232,121.25,1.25,1.25,0.0,2,0.9647654102752997
5233,123.75,1.25,1.25,0.0,2,0.9547778122858925
5234,126.25,1.25,1.25,0.0,2,0.9055250299786912
5235,128.75,1.25,1.25,0.0,2,0.9298554327229538
5236,131.25,1.25,1.25,0.0,2,0.9020994526009719
5237,133.75,1.25,1.25,0.0,2,0.915417534832986
5238,136.25,1.25,1.25,0.0,2,0.9320491017035394
5239,138.75,1.25,1.25,0.0,2,0.9407002845354555
5240,141.25,1.25,1.25,0.0,2,0.9431986732473854
5241,143.75,1.25,1.25,0.0,2,0.9416868260454913
5242,146.25,1.25,1.25,0.0,2,0.9442457629144086
5243,148.75,1.25,1.25,0.0,2,0.9607951932567971
5244,151.25,1.25,1.25,0.0,2,0.9788160090449234
5245,153.75,1.25,1.25,0.0,2,0.9909747359284762
5246,156.25,1.25,1.25,0.0,2,1.003661822169792
5247,158.75,1.25,1.25,0.0,2,1.0193789335277814
5248,161.25,1.25,1.25,0.0,2,1.0404541508044451
5249,163.75,1.25,1.25,0.0,2,1.0635423283031074
5250,166.25,1.25,1.25,0.0,2,1.0847315596181342
5251,168.75,1.25,1.25,0.0,2,1.108321640359317
5252,171.25,1.25,1.25,0.0,2,1.1291067696648096
5253,173.75,1.25,1.25,0.0,2,1.1457038731290095
5254,176.25,1.25,1.25,0.0,2,1.1600520386679039
5255,178.75,1.25,1.25,0.0,2,1.17046312257075
5256,181.25,1.25,1.25,0.0,2,1.178801004231267
5257,183.75,1.25,1.25,0.0,2,1.1852838983314857
5258,186.25,1.25,1.25,0.0,2,1.186558773370121
5259,188.75,1.25,1.25,0.0,2,1.1865321765096095
5260,191.25,1.25,1.25,0.0,2,1.182600514460753
5261,193.75,1.25,1.25,0.0,2,1.1762200218237107
5262,196.25,1.25,1.25,0.0,2,1.1676728547316437
5263,198.75,1.25,1.25,0.0,2,1.1593175267606983
5264,201.25,1.25,1.25,0.0,2,1.1536465685179034
5265,203.75,1.25,1.25,0.0,2,1.1507165533517663
5266,206.25,1.25,1.25,0.0,2,1.1433700371202227
5267,208.75,1.25,1.25,0.0,2,1.137251417646383
5268,211.25,1.25,1.25,0.0,2,1.1361172091403198
5269,213.75,1.25,1.25,0.0,2,1.1359002384622332
5270,216.25,1.25,1.25,0.0,2,1.1384038917685941
5271,218.75,1.25,1.25,0.0,2,1.1432368840927738
5272,221.25,1.25,1.25,0.0,2,1.1503803592072115
5273,223.75,1.25,1.25,0.0,2,1.156405818410323
5274,226.25,1.25,1.25,0.0,2,1.1687471080005316
5275,228.75,1.25,1.25,0.0,2,1.1934735073948215
5276,231.25,1.25,1.25,0.0,2,1.2285949351816061
5277,233.75,1.25,1.25,0.0,2,1.2624357988779793
5278,236.25,1.25,1.25,0.0,2,1.305076524967473
5279,238.75,1.25,1.25,0.0,2,1.3495997030577729
5280,241.25,1.25,1.25,0.0,2,1.3775230109645902
5281,243.75,1.25,1.25,0.0,2,1.4002302875388024
5282,246.25,1.25,1.25,0.0,2,1.40834080860317
5283,248.75,1.25,1.25,0.0,2,1.4088012472061295
5284,251.25,1.25,1.25,0.0,2,1.4077024248518577
5285,253.75,1.25,1.25,0.0,2,1.4042943166902109
5286,256.25,1.25,1.25,0.0,2,1.4064554179159792
5287,258.75,1.25,1.25,0.0,2,1.4135661692538362
5288,261.25,1.25,1.25,0.0,2,1.4229132237828104
5289,263.75,1.25,1.25,0.0,2,1.429467541207881
5290,266.25,1.25,1.25,0.0,2,1.4375716123079745
5291,268.75,1.25,1.25,0.0,2,1.4465585239873702
5292,271.25,1.25,1.25,0.0,2,1.4527961879284776
5293,273.75,1.25,1.25,0.0,2,1.4507895030726152
5294,276.25,1.25,1.25,0.0,2,1.4140634406325407
5295,278.75,1.25,1.25,0.0,2,1.310083628462412
5296,281.25,1.25,1.25,1.0,0,1.2798764186143348
5297,283.75,1.25,1.25,1.0,0,1.3471481781898393
5298,286.25,1.25,1.25,1.0,0,1.3668498171442562
5299,288.75,1.25,1.25,1.0,0,1.325547990547674
5300,291.25,1.25,1.25,1.0,0,1.3516384291037336
5301,293.75,1.25,1.25,1.0,0,1.390481647808964
5302,296.25,1.25,1.25,1.0,0,1.4029639310589193
5303,298.75,1.25,1.25,1.0,0,1.6315435551474984
5304,301.25,1.25,1.25,1.0,0,1.868618067892713
5305,303.75,1.25,1.25,1.0,0,1.9617690831783046
5306,306.25,1.25,1.25,1.0,0,1.954522459742594
5307,308.75,1.25,1.25,1.0,0,1.448947286467065
5308,311.25,1.25,1.25,0.0,1,0.974481725584378
5309,313.75,1.25,1.25,0.0,1,0.9305034821203098
5310,316.25,1.25,1.25,0.0,1,0.9516764934467624
5311,318.75,1.25,1.25,0.0,1,0.9646705975200719
5312,321.25,1.25,1.25,0.0,1,0.9671587456794657
5313,323.75,1.25,1.25,0.0,1,0.9706815341637198
5314,326.25,1.25,1.25,0.0,1,0.9693104258027815
5315,328.75,1.25,1.25,0.0,1,0.9617906437396582
5316,331.25,1.25,1.25,0.0,1,0.9498276449647477
5317,333.75,1.25,1.25,0.0,1,0.93522461253013
5318,336.25,1.25,1.25,0.0,1,0.9226887956669385
5319,338.75,1.25,1.25,0.0,1,0.9155827895412474
5320,341.25,1.25,1.25,0.0,1,0.9101868489756908
5321,343.75,1.25,1.25,0.0,1,0.9060374257863038
5322,346.25,1.25,1.25,0.0,1,0.904787256048391
5323,348.75,1.25,1.25,0.0,1,0.9042754011385948
5324,351.25,1.25,1.25,0.0,1,0.9021671007516047
5325,353.75,1.25,1.25,0.0,1,0.9054886814716381
5326,356.25,1.25,1.25,0.0,1,0.9137695053740127
5327,358.75,1.25,1.25,0.0,1,0.9169806784654805
5328,1.25,3.75,3.75,0.0,1,0.9163804181366731
5329,3.75,3.75,3.75,0.0,1,0.9131459757361485
5330,6.25,3.75,3.75,0.0,1,0.9234562152637548
5331,8.75,3.75,3.75,0.0,1,0.975074052779233
5332,11.25,3.75,3.75,1.0,0,1.0365479723118844
5333,13.75,3.75,3.75,1.0,0,1.1270390024860426
5334,16.25,3.75,3.75,1.0,0,1.1642417548037411
5335,18.75,3.75,3.75,1.0,0,1.2027060783891506
5336,21.25,3.75,3.75,1.0,0,1.1993268887009427
5337,23.75,3.75,3.75,1.0,0,1.207347166724128
5338,26.25,3.75,3.75,1.0,0,1.219305138987021
5339,28.75,3.75,3.75,1.0,0,1.1970186178304547
5340,31.25,3.75,3.75,1.0,0,1.1863795557928685
5341,33.75,3.75,3.75,1.0,0,1.2347064046824403
5342,36.25,3.75,3.75,1.0,0,1.2721283875497003
5343,38.75,3.75,3.75,1.0,0,1.1877469717214528
5344,41.25,3.75,3.75,1.0,0,1.13639578525682
5345,43.75,3.75,3.75,1.0,0,1.1369704372901024
5346,46.25,3.75,3.75,1.0,0,1.116124671469414
5347,48.75,3.75,3.75,0.0,3,1.0693163339773113
5348,51.25,3.75,3.75,0.0,3,1.0614234294889995
5349,53.75,3.75,3.75,0.0,3,1.0371037911193737
5350,56.25,3.75,3.75,0.0,3,1.0091556271056408
5351,58.75,3.75,3.75,0.0,3,0.9752635510093287
5352,61.25,3.75,3.75,0.0,3,0.9382064134644609
5353,63.75,3.75,3.75,0.0,3,0.899199775380709
5354,66.25,3.75,3.75,0.0,3,0.8666811749935368
5355,68.75,3.75,3.75,0.0,3,0.8465732100528448
5356,71.25,3.75,3.75,0.0,3,0.8331708718858971
5357,73.75,3.75,3.75,0.0,3,0.8268299182485781
5358,76.25,3.75,3.75,0.0,3,0.8231729773201208
5359,78.75,3.75,3.75,0.0,3,0.821295744321387
5360,81.25,3.75,3.75,0.0,3,0.8246292512319371
5361,83.75,3.75,3.75,0.0,3,0.8334927871536225
5362,86.25,3.75,3.75,0.0,3,0.8357995529406017
5363,88.75,3.75,3.75,0.0,3,0.8273653025340958
5364,91.25,3.75,3.75,0.0,3,0.8119558099061348
5365,93.75,3.75,3.75,0.0,3,0.8060720669666934
5366,96.25,3.75,3.75,0.0,3,0.8945180900311702
5367,98.75,3.75,3.75,0.0,3,0.9931013975740323
5368,101.25,3.75,3.75,1.0,0,1.1487012525584896
5369,103.75,3.75,3.75,0.0,3,1.007067328851684
5370,106.25,3.75,3.75,0.0,3,0.8991706618871166
5371,108.75,3.75,3.75,0.0,3,0.9106431539305362
5372,111.25,3.75,3.75,0.0,3,0.9287920682053004
5373,113.75,3.75,3.75,0.0,3,1.0111112849456736
5374,116.25,3.75,3.75,1.0,0,1.09748849741907
5375,118.75,3.75,3.75,0.0,3,0.9662365042578311
5376,121.25,3.75,3.75,0.0,2,0.8728010160045633
5377,123.75,3.75,3.75,0.0,2,0.8709827999359162
5378,126.25,3.75,3.75,0.0,2,0.8668846839862262
5379,128.75,3.75,3.75,0.0,2,0.8785404136776751
5380,131.25,3.75,3.75,0.0,2,0.8840883746806683
5381,133.75,3.75,3.75,0.0,2,0.8861551512390988
5382,136.25,3.75,3.75,0.0,2,0.8944840375029152
5383,138.75,3.75,3.75,0.0,2,0.899316524378819
5384,141.25,3.75,3.75,0.0,2,0.9033906604712749
5385,143.75,3.75,3.75,0.0,2,0.9071170318857288
5386,146.25,3.75,3.75,0.0,2,0.9103287820498884
5387,148.75,3.75,3.75,0.0,2,0.9186815561149255
5388,151.25,3.75,3.75,0.0,2,0.9262891886718697
5389,153.75,3.75,3.75,0.0,2,0.933261037171477
5390,156.25,3.75,3.75,0.0,2,0.9416634396069701
5391,158.75,3.75,3.75,0.0,2,0.9500767563552399
5392,161.25,3.75,3.75,0.0,2,0.9639893717289241
5393,163.75,3.75,3.75,0.0,2,0.9824560786825312
5394,166.25,3.75,3.75,0.0,2,0.9975012433329061
5395,168.75,3.75,3.75,0.0,2,1.0150442643875506
5396,171.25,3.75,3.75,0.0,2,1.0343278688115136
5397,173.75,3.75,3.75,0.0,2,1.0472475020337895
5398,176.25,3.75,3.75,0.0,2,1.0602845545675115
5399,178.75,3.75,3.75,0.0,2,1.0743977014403963
5400,181.25,3.75,3.75,0.0,2,1.08844262091012
5401,183.75,3.75,3.75,0.0,2,1.0995397175179662
5402,186.25,3.75,3.75,0.0,2,1.1059575597397693
5403,188.75,3.75,3.75,0.0,2,1.10975768732866
5404,191.25,3.75,3.75,0.0,2,1.1117324124413581
5405,193.75,3.75,3.75,0.0,2,1.1102581150930662
5406,196.25,3.75,3.75,0.0,2,1.1063192157176611
5407,198.75,3.75,3.75,0.0,2,1.1044513579584196
5408,201.25,3.75,3.75,0.0,2,1.103476044106485
5409,203.75,3.75,3.75,0.0,2,1.1051211293084369
5410,206.25,3.75,3.75,0.0,2,1.1014374122007622
5411,208.75,3.75,3.75,0.0,2,1.0977310776410032
5412,211.25,3.75,3.75,0.0,2,1.097430716540065
5413,213.75,3.75,3.75,0.0,2,1.0948104273011214
5414,216.25,3.75,3.75,0.0,2,1.0998119481111306
5415,218.75,3.75,3.75,0.0,2,1.107974383913362
5416,221.25,3.75,3.75,0.0,2,1.1144116481087798
5417,223.75,3.75,3.75,0.0,2,1.1188116045906562
5418,226.25,3.75,3.75,0.0,2,1.1270246895792944
5419,228.75,3.75,3.75,0.0,2,1.1453473886776702
5420,231.25,3.75,3.75,0.0,2,1.17238124643758
5421,233.75,3.75,3.75,0.0,2,1.199837920790024
5422,236.25,3.75,3.75,0.0,2,1.235736989218686
5423,238.75,3.75,3.75,0.0,2,1.2676514313477456
5424,241.25,3.75,3.75,0.0,2,1.2894026770716576
5425,243.75,3.75,3.75,0.0,2,1.3075103383518025
5426,246.25,3.75,3.75,0.0,2,1.313626274590027
5427,248.75,3.75,3.75,0.0,2,1.314432461584051
5428,251.25,3.75,3.75,0.0,2,1.3118760010324035
5429,253.75,3.75,3.75,0.0,2,1.3063551017661268
5430,256.25,3.75,3.75,0.0,2,1.3060118723590541
5431,258.75,3.75,3.75,0.0,2,1.305840733064525
5432,261.25,3.75,3.75,0.0,2,1.2966957792536566
5433,263.75,3.75,3.75,0.0,2,1.279147424766909
5434,266.25,3.75,3.75,0.0,2,1.261971512473549
5435,268.75,3.75,3.75,0.0,2,1.2501406779046946
5436,271.25,3.75,3.75,0.0,2,1.2442772296483675
5437,273.75,3.75,3.75,0.0,2,1.2479973872996415
5438,276.25,3.75,3.75,0.0,2,1.2659211288062249
5439,278.75,3.75,3.75,0.0,2,1.2796185851037107
5440,281.25,3.75,3.75,0.0,1,1.2508566724253816
5441,283.75,3.75,3.75,1.0,0,1.2354967497675091
5442,286.25,3.75,3.75,1.0,0,1.3357459541887047
5443,288.75,3.75,3.75,1.0,0,1.4584917836516003
5444,291.25,3.75,3.75,1.0,0,1.3750117189565283
5445,293.75,3.75,3.75,1.0,0,1.4016252644086546
5446,296.25,3.75,3.75,1.0,0,1.4031388027301377
5447,298.75,3.75,3.75,1.0,0,1.6733707173967398
5448,301.25,3.75,3.75,1.0,0,1.9147676700496346
5449,303.75,3.75,3.75,1.0,0,2.1165314304541067
5450,306.25,3.75,3.75,1.0,0,2.038795169131085
5451,308.75,3.75,3.75,0.0,1,1.3082620343476867
5452,311.25,3.75,3.75,0.0,1,0.9890316400491387
5453,313.75,3.75,3.75,0.0,1,1.0316509350601755
5454,316.25,3.75,3.75,0.0,1,1.0704732359210412
5455,318.75,3.75,3.75,0.0,1,1.051651235681033
5456,321.25,3.75,3.75,0.0,1,1.0374387597282075
5457,323.75,3.75,3.75,0.0,1,1.0412284360340227
5458,326.25,3.75,3.75,0.0,1,1.040942201332397
5459,328.75,3.75,3.75,0.0,1,1.0380663813162796
5460,331.25,3.75,3.75,0.0,1,1.0300252088525328
5461,333.75,3.75,3.75,0.0,1,1.016126654821595
5462,336.25,3.75,3.75,0.0,1,0.9975579052428103
5463,338.75,3.75,3.75,0.0,1,0.9761703848029051
5464,341.25,3.75,3.75,0.0,1,0.9518023164090613
5465,343.75,3.75,3.75,0.0,1,0.9331939986379992
5466,346.25,3.75,3.75,0.0,1,0.9234251410806079
5467,348.75,3.75,3.75,0.0,1,0.9185480401443926
5468,351.25,3.75,3.75,0.0,1,0.9165287711222402
5469,353.75,3.75,3.75,0.0,1,0.9047995036339047
5470,356.25,3.75,3.75,0.0,1,0.9086663365451269
5471,358.75,3.75,3.75,0.0,1,0.9250119720346067
5472,1.25,6.25,6.25,0.0,1,0.9931128440703914
5473,3.75,6.25,6.25,0.0,1,0.9376374761280245
5474,6.25,6.25,6.25,1.0,0,1.00144945431818
5475,8.75,6.25,6.25,1.0,0,1.061132913312665
5476,11.25,6.25,6.25,1.0,0,1.101346615451532
5477,13.75,6.25,6.25,1.0,0,1.143816406330883
5478,16.25,6.25,6.25,1.0,0,1.1585791372338203
5479,18.75,6.25,6.25,1.0,0,1.1728805347680387
5480,21.25,6.25,6.25,1.0,0,1.1893285025049827
5481,23.75,6.25,6.25,1.0,0,1.1866213241491066
5482,26.25,6.25,6.25,1.0,0,1.2250358566472817
5483,28.75,6.25,6.25,1.0,0,1.2580122046910411
5484,31.25,6.25,6.25,1.0,0,1.2594361253079556
5485,33.75,6.25,6.25,1.0,0,1.2057468985660333
5486,36.25,6.25,6.25,1.0,0,1.1543112309282342
5487,38.75,6.25,6.25,1.0,0,1.2339724048599006
5488,41.25,6.25,6.25,1.0,0,1.3215469346886561
5489,43.75,6.25,6.25,1.0,0,1.3031718811510413
5490,46.25,6.25,6.25,1.0,0,1.2940428963175408
5491,48.75,6.25,6.25,1.0,0,1.1696054247128311
5492,51.25,6.25,6.25,0.0,3,1.094276064863232
5493,53.75,6.25,6.25,0.0,3,1.0780426674001538
5494,56.25,6.25,6.25,0.0,3,1.0581179706542994
5495,58.75,6.25,6.25,0.0,3,1.0301862682787903
5496,61.25,6.25,6.25,0.0,3,0.9954607405111127
5497,63.75,6.25,6.25,0.0,3,0.9512661901259231
5498,66.25,6.25,6.25,0.0,3,0.9108176271127965
5499,68.75,6.25,6.25,0.0,3,0.8815904764093957
5500,71.25,6.25,6.25,0.0,3,0.8543759070689874
5501,73.75,6.25,6.25,0.0,3,0.8319807598910611
5502,76.25,6.25,6.25,0.0,3,0.8170244534320427
5503,78.75,6.25,6.25,0.0,3,0.8190268633002247
5504,81.25,6.25,6.25,0.0,3,0.8551638491675211
5505,83.75,6.25,6.25,0.0,3,0.8375522848252965
5506,86.25,6.25,6.25,0.0,3,0.8528247854526863
5507,88.75,6.25,6.25,0.0,3,0.8644999483282535
5508,91.25,6.25,6.25,0.0,3,0.8617559310684155
5509,93.75,6.25,6.25,0.0,3,0.860525207269448
5510,96.25,6.25,6.25,0.0,3,0.8855777581474978
5511,98.75,6.25,6.25,0.0,3,0.9081782378815619
5512,101.25,6.25,6.25,1.0,0,1.0642517574148067
5513,103.75,6.25,6.25,0.0,3,0.9414742325367818
5514,106.25,6.25,6.25,0.0,3,0.9152629474523154
5515,108.75,6.25,6.25,0.0,3,0.9089539959189495
5516,111.25,6.25,6.25,0.0,3,0.8764287109010968
5517,113.75,6.25,6.25,0.0,3,0.8693588412616226
5518,116.25,6.25,6.25,0.0,3,0.9551873427713201
5519,118.75,6.25,6.25,0.0,3,0.9289868776309234
5520,121.25,6.25,6.25,0.0,2,0.8461226498515908
5521,123.75,6.25,6.25,0.0,2,0.908352690249467
5522,126.25,6.25,6.25,0.0,2,0.9253499803388981
5523,128.75,6.25,6.25,0.0,2,0.8881577641303695
5524,131.25,6.25,6.25,0.0,2,0.8862062340262422
5525,133.75,6.25,6.25,0.0,2,0.892409476870918
5526,136.25,6.25,6.25,0.0,2,0.8970618665524807
5527,138.75,6.25,6.25,0.0,2,0.9012395122803157
5528,141.25,6.25,6.25,0.0,2,0.9042036631771823
5529,143.75,6.25,6.25,0.0,2,0.9066129517513385
5530,146.25,6.25,6.25,0.0,2,0.909780421744233
5531,148.75,6.25,6.25,0.0,2,0.9147610410530452
5532,151.25,6.25,6.25,0.0,2,0.9202698034333318
5533,153.75,6.25,6.25,0.0,2,0.9277906859784661
5534,156.25,6.25,6.25,0.0,2,0.9345834047312171
5535,158.75,6.25,6.25,0.0,2,0.9400387156194675
5536,161.25,6.25,6.25,0.0,2,0.9459752745264952
5537,163.75,6.25,6.25,0.0,2,0.9530682264280197
5538,166.25,6.25,6.25,0.0,2,0.9601027341267191
5539,168.75,6.25,6.25,0.0,2,0.9689658248586055
5540,171.25,6.25,6.25,0.0,2,0.9805039987378715
5541,173.75,6.25,6.25,0.0,2,0.986093929175543
5542,176.25,6.25,6.25,0.0,2,0.9912581116212674
5543,178.75,6.25,6.25,0.0,2,0.9956752445381744
5544,181.25,6.25,6.25,0.0,2,0.9995480572796245
5545,183.75,6.25,6.25,0.0,2,1.0037503098658735
5546,186.25,6.25,6.25,0.0,2,1.0079763137346571
5547,188.75,6.25,6.25,0.0,2,1.011334140754047
5548,191.25,6.25,6.25,0.0,2,1.0132909203103548
5549,193.75,6.25,6.25,0.0,2,1.0148872376866818
5550,196.25,6.25,6.25,0.0,2,1.0156504599591216
5551,198.75,6.25,6.25,0.0,2,1.0145754447790658
5552,201.25,6.25,6.25,0.0,2,1.0137042875265314
5553,203.75,6.25,6.25,0.0,2,1.0140301048409324
5554,206.25,6.25,6.25,0.0,2,1.0140857975531519
5555,208.75,6.25,6.25,0.0,2,1.015256161170507
5556,211.25,6.25,6.25,0.0,2,1.0177679346212831
5557,213.75,6.25,6.25,0.0,2,1.0202655879229212
5558,216.25,6.25,6.25,0.0,2,1.02394585326911
5559,218.75,6.25,6.25,0.0,2,1.0291106877624072
5560,221.25,6.25,6.25,0.0,2,1.0342475485456823
5561,223.75,6.25,6.25,0.0,2,1.0397943393114697
5562,226.25,6.25,6.25,0.0,2,1.0486852595013139
5563,228.75,6.25,6.25,0.0,2,1.062899254867278
5564,231.25,6.25,6.25,0.0,2,1.0789242252421816
5565,233.75,6.25,6.25,0.0,2,1.094657907531433
5566,236.25,6.25,6.25,0.0,2,1.1144537622777744
5567,238.75,6.25,6.25,0.0,2,1.132802326498756
5568,241.25,6.25,6.25,0.0,2,1.1468839558130102
5569,243.75,6.25,6.25,0.0,2,1.1595676080221993
5570,246.25,6.25,6.25,0.0,2,1.1705081656752752
5571,248.75,6.25,6.25,0.0,2,1.1775298517519524
5572,251.25,6.25,6.25,0.0,2,1.1803374728933511
5573,253.75,6.25,6.25,0.0,2,1.176939719653564
5574,256.25,6.25,6.25,0.0,2,1.173099173163336
5575,258.75,6.25,6.25,0.0,2,1.1666876015732828
5576,261.25,6.25,6.25,0.0,2,1.153994299875223
5577,263.75,6.25,6.25,0.0,2,1.1404506239363121
5578,266.25,6.25,6.25,0.0,2,1.130483904348774
5579,268.75,6.25,6.25,0.0,2,1.126581086430048
5580,271.25,6.25,6.25,0.0,2,1.1321856470465455
5581,273.75,6.25,6.25,0.0,2,1.1482434762187799
5582,276.25,6.25,6.25,0.0,2,1.1840281618141246
5583,278.75,6.25,6.25,0.0,2,1.2575623714100408
5584,281.25,6.25,6.25,0.0,1,1.3151358177664623
5585,283.75,6.25,6.25,1.0,0,1.2732726653651094
5586,286.25,6.25,6.25,1.0,0,1.3192458996291736
5587,288.75,6.25,6.25,1.0,0,1.494432158757466
5588,291.25,6.25,6.25,1.0,0,1.466729743648941
5589,293.75,6.25,6.25,1.0,0,1.416658313904936
5590,296.25,6.25,6.25,1.0,0,1.60704363237821
5591,298.75,6.25,6.25,1.0,0,2.0108372364261147
5592,301.25,6.25,6.25,0.0,0,1.7063535285213922
5593,303.75,6.25,6.25,0.0,1,1.5573269689857063
5594,306.25,6.25,6.25,0.0,1,1.3797440676894424
5595,308.75,6.25,6.25,0.0,1,1.0842525589724035
5596,311.25,6.25,6.25,0.0,1,1.0884396434048604
5597,313.75,6.25,6.25,0.0,1,1.178151555704449
5598,316.25,6.25,6.25,0.0,1,1.2155212814863348
5599,318.75,6.25,6.25,0.0,1,1.201089577697486
5600,321.25,6.25,6.25,0.0,1,1.1888747223426601
5601,323.75,6.25,6.25,0.0,1,1.188364317395853
5602,326.25,6.25,6.25,0.0,1,1.1814192714874017
5603,328.75,6.25,6.25,0.0,1,1.1739385423265674
5604,331.25,6.25,6.25,0.0,1,1.1672535554131516
5605,333.75,6.25,6.25,0.0,1,1.1633876774536651
5606,336.25,6.25,6.25,0.0,1,1.1371656438318187
5607,338.75,6.25,6.25,0.0,1,1.0972149689972974
5608,341.25,6.25,6.25,0.0,1,1.0424952439179875
5609,343.75,6.25,6.25,0.0,1,0.9858910924851868
5610,346.25,6.25,6.25,0.0,1,0.9271022803033135
5611,348.75,6.25,6.25,0.0,1,0.9194192122536269
5612,351.25,6.25,6.25,1.0,0,0.9737406020687074
5613,353.75,6.25,6.25,1.0,0,0.9876591606312836
5614,356.25,6.25,6.25,1.0,0,0.9909176175100834
5615,358.75,6.25,6.25,1.0,0,1.0142400914736076
5616,1.25,8.75,8.75,1.0,0,1.0809822248838012
5617,3.75,8.75,8.75,1.0,0,1.04956041564628
5618,6.25,8.75,8.75,1.0,0,1.0423876426872507
5619,8.75,8.75,8.75,1.0,0,1.0604012252467834
5620,11.25,8.75,8.75,1.0,0,1.0485024630629782
5621,13.75,8.75,8.75,1.0,0,1.0346137539934588
5622,16.25,8.75,8.75,1.0,0,0.9960468607290024
5623,18.75,8.75,8.75,1.0,0,1.0581682646636315
5624,21.25,8.75,8.75,1.0,0,1.1328895864984603
5625,23.75,8.75,8.75,1.0,0,1.1580061347404222
5626,26.25,8.75,8.75,1.0,0,1.2191628208188878
5627,28.75,8.75,8.75,1.0,0,1.2609220917461603
5628,31.25,8.75,8.75,1.0,0,1.26849811825483
5629,33.75,8.75,8.75,1.0,0,1.1902369000139288
5630,36.25,8.75,8.75,1.0,0,1.1772129164925762
5631,38.75,8.75,8.75,1.0,0,1.2666364320248664
5632,41.25,8.75,8.75,1.0,0,1.4155849284064126
5633,43.75,8.75,8.75,1.0,0,1.4385181564947203
5634,46.25,8.75,8.75,1.0,0,1.455298656533313
5635,48.75,8.75,8.75,1.0,0,1.3374157648485596
5636,51.25,8.75,8.75,0.0,3,1.1335790008904234
5637,53.75,8.75,8.75,0.0,3,1.1090555451288513
5638,56.25,8.75,8.75,0.0,3,1.0969882189914155
5639,58.75,8.75,8.75,0.0,3,1.0808111225735628
5640,61.25,8.75,8.75,0.0,3,1.0570861070281716
5641,63.75,8.75,8.75,0.0,3,1.022960321896088
5642,66.25,8.75,8.75,0.0,3,0.9850430523268225
5643,68.75,8.75,8.75,0.0,3,0.9434024555394638
5644,71.25,8.75,8.75,0.0,3,0.8995934449440456
5645,73.75,8.75,8.75,0.0,3,0.8720240438769193
5646,76.25,8.75,8.75,0.0,3,0.8839365501879471
5647,78.75,8.75,8.75,0.0,3,0.8189032088620423
5648,81.25,8.75,8.75,0.0,3,0.8311607148395492
5649,83.75,8.75,8.75,0.0,3,0.8191687651713639
5650,86.25,8.75,8.75,0.0,3,0.837859184225621
5651,88.75,8.75,8.75,0.0,3,0.8614897642233043
5652,91.25,8.75,8.75,0.0,3,0.8757373363290569
5653,93.75,8.75,8.75,0.0,3,0.8781234260870617
5654,96.25,8.75,8.75,0.0,3,0.8835167380704039
5655,98.75,8.75,8.75,0.0,3,0.9902133272276428
5656,101.25,8.75,8.75,0.0,3,0.9881829085371805
5657,103.75,8.75,8.75,0.0,3,0.9587735425790751
5658,106.25,8.75,8.75,0.0,3,0.9604290900528953
5659,108.75,8.75,8.75,0.0,3,0.9368001368994456
5660,111.25,8.75,8.75,0.0,3,0.8871094867717078
5661,113.75,8.75,8.75,0.0,3,0.8514808399116282
5662,116.25,8.75,8.75,0.0,3,0.8500779404366091
5663,118.75,8.75,8.75,0.0,3,0.878349203292525
5664,121.25,8.75,8.75,0.0,2,0.8567296263188471
5665,123.75,8.75,8.75,0.0,2,0.9211877331370377
5666,126.25,8.75,8.75,0.0,2,0.9511834986703953
5667,128.75,8.75,8.75,0.0,2,0.9106829255823911
5668,131.25,8.75,8.75,0.0,2,0.9082188745983811
5669,133.75,8.75,8.75,0.0,2,0.9141935896143581
5670,136.25,8.75,8.75,0.0,2,0.922052566625828
5671,138.75,8.75,8.75,0.0,2,0.9290928556863882
5672,141.25,8.75,8.75,0.0,2,0.9328514780224415
5673,143.75,8.75,8.75,0.0,2,0.9359746135447173
5674,146.25,8.75,8.75,0.0,2,0.9399078508395518
5675,148.75,8.75,8.75,0.0,2,0.9434514358511601
5676,151.25,8.75,8.75,0.0,2,0.9481098997250315
5677,153.75,8.75,8.75,0.0,2,0.953721161661036
5678,156.25,8.75,8.75,0.0,2,0.9587954319712869
5679,158.75,8.75,8.75,0.0,2,0.9641466227948337
5680,161.25,8.75,8.75,0.0,2,0.9690335581010141
5681,163.75,8.75,8.75,0.0,2,0.9742479473533403
5682,166.25,8.75,8.75,0.0,2,0.9799634984858013
5683,168.75,8.75,8.75,0.0,2,0.9898668021673861
5684,171.25,8.75,8.75,0.0,2,0.9966684091583518
5685,173.75,8.75,8.75,0.0,2,1.0001640146670314
5686,176.25,8.75,8.75,0.0,2,1.0040428316626757
5687,178.75,8.75,8.75,0.0,2,1.0064356819187692
5688,181.25,8.75,8.75,0.0,2,1.0063563056663385
5689,183.75,8.75,8.75,0.0,2,1.0066954734672147
5690,186.25,8.75,8.75,0.0,2,1.0076426656299513
5691,188.75,8.75,8.75,0.0,2,1.010346263914834
5692,191.25,8.75,8.75,0.0,2,1.0142831908764467
5693,193.75,8.75,8.75,0.0,2,1.018493435820815
5694,196.25,8.75,8.75,0.0,2,1.0214308845821363
5695,198.75,8.75,8.75,0.0,2,1.020874778115739
5696,201.25,8.75,8.75,0.0,2,1.0144640373365765
5697,203.75,8.75,8.75,0.0,2,1.0064711156637864
5698,206.25,8.75,8.75,0.0,2,1.0018793667927337
5699,208.75,8.75,8.75,0.0,2,0.9966778942842437
5700,211.25,8.75,8.75,0.0,2,0.9895683695434034
5701,213.75,8.75,8.75,0.0,2,0.9850248301645317
5702,216.25,8.75,8.75,0.0,2,0.9815720152256586
5703,218.75,8.75,8.75,0.0,2,0.9783243219317084
5704,221.25,8.75,8.75,0.0,2,0.9774418160955596
5705,223.75,8.75,8.75,0.0,2,0.9761356928509713
5706,226.25,8.75,8.75,0.0,2,0.9758306316012166
5707,228.75,8.75,8.75,0.0,2,0.9814763504535364
5708,231.25,8.75,8.75,0.0,2,0.9900560163989497
5709,233.75,8.75,8.75,0.0,2,0.998815176347053
5710,236.25,8.75,8.75,0.0,2,1.010326112841043
5711,238.75,8.75,8.75,0.0,2,1.0240519458488149
5712,241.25,8.75,8.75,0.0,2,1.038903331584799
5713,243.75,8.75,8.75,0.0,2,1.056568680709684
5714,246.25,8.75,8.75,0.0,2,1.074914171490093
5715,248.75,8.75,8.75,0.0,2,1.0871642212523531
5716,251.25,8.75,8.75,0.0,2,1.096713049725363
5717,253.75,8.75,8.75,0.0,2,1.1028824335738574
5718,256.25,8.75,8.75,0.0,2,1.1047882483163702
5719,258.75,8.75,8.75,0.0,2,1.1038190295664565
5720,261.25,8.75,8.75,0.0,2,1.0990777923094857
5721,263.75,8.75,8.75,0.0,2,1.0965316919332944
5722,266.25,8.75,8.75,0.0,2,1.1073356652015223
5723,268.75,8.75,8.75,0.0,2,1.1347802102265414
5724,271.25,8.75,8.75,0.0,2,1.1738851562259953
5725,273.75,8.75,8.75,0.0,2,1.2171771870446355
5726,276.25,8.75,8.75,0.0,2,1.2554533161316341
5727,278.75,8.75,8.75,0.0,2,1.2604889625959803
5728,281.25,8.75,8.75,0.0,1,1.3132985594365953
5729,283.75,8.75,8.75,0.0,1,1.2868885206512277
5730,286.25,8.75,8.75,1.0,0,1.3105225059835532
5731,288.75,8.75,8.75,1.0,0,1.38009257580927
5732,291.25,8.75,8.75,1.0,0,1.5488890972317886
5733,293.75,8.75,8.75,1.0,0,1.5875703752256078
5734,296.25,8.75,8.75,1.0,0,1.7864585078868513
5735,298.75,8.75,8.75,1.0,0,1.673065051069709
5736,301.25,8.75,8.75,0.0,1,1.2523999110997177
5737,303.75,8.75,8.75,0.0,1,1.2029248519650315
5738,306.25,8.75,8.75,0.0,1,1.1998374560490523
5739,308.75,8.75,8.75,0.0,1,1.2317761185333083
5740,311.25,8.75,8.75,0.0,1,1.2828730336691492
5741,313.75,8.75,8.75,0.0,1,1.3111101239926108
5742,316.25,8.75,8.75,0.0,1,1.3254376449633891
5743,318.75,8.75,8.75,0.0,1,1.3402242880551916
5744,321.25,8.75,8.75,0.0,1,1.3392076745948256
5745,323.75,8.75,8.75,0.0,1,1.327829733401407
5746,326.25,8.75,8.75,0.0,1,1.3169093655794257
5747,328.75,8.75,8.75,0.0,1,1.2960665774214981
5748,331.25,8.75,8.75,0.0,1,1.2588210685516465
5749,333.75,8.75,8.75,0.0,1,1.2416264851393006
5750,336.25,8.75,8.75,0.0,1,1.2321886115059109
5751,338.75,8.75,8.75,0.0,1,1.183050917587374
5752,341.25,8.75,8.75,0.0,1,1.101651201774261
5753,343.75,8.75,8.75,0.0,1,1.014212650592677
5754,346.25,8.75,8.75,0.0,1,0.884319573844939
5755,348.75,8.75,8.75,1.0,0,1.0074335117040922
5756,351.25,8.75,8.75,1.0,0,1.1193287100250096
5757,353.75,8.75,8.75,1.0,0,1.1458743062563173
5758,356.25,8.75,8.75,1.0,0,1.0868335214301137
5759,358.75,8.75,8.75,1.0,0,1.0706455554115042
5760,1.25,11.25,11.25,1.0,0,1.0915173134264562
5761,3.75,11.25,11.25,1.0,0,1.0650625715882962
5762,6.25,11.25,11.25,1.0,0,1.046461098903222
5763,8.75,11.25,11.25,1.0,0,1.0637365386277016
5764,11.25,11.25,11.25,1.0,0,1.0418495820634008
5765,13.75,11.25,11.25,1.0,0,0.9359762570467121
5766,16.25,11.25,11.25,1.0,0,0.828332421745564
5767,18.75,11.25,11.25,1.0,0,0.8444014139537585
5768,21.25,11.25,11.25,1.0,0,0.968918601902497
5769,23.75,11.25,11.25,1.0,0,1.1258716271955826
5770,26.25,11.25,11.25,1.0,0,1.2541484951443538
5771,28.75,11.25,11.25,1.0,0,1.2910503124512813
5772,31.25,11.25,11.25,1.0,0,1.3019780510208983
5773,33.75,11.25,11.25,1.0,0,1.282023824128024
5774,36.25,11.25,11.25,1.0,0,1.1653264267651127
5775,38.75,11.25,11.25,1.0,0,1.2989386839567922
5776,41.25,11.25,11.25,1.0,0,1.365903506481435
5777,43.75,11.25,11.25,0.0,3,1.306577895664916
5778,46.25,11.25,11.25,0.0,3,1.341038455557443
5779,48.75,11.25,11.25,0.0,3,1.3558938533190326
5780,51.25,11.25,11.25,0.0,3,1.1917003215545032
5781,53.75,11.25,11.25,0.0,3,1.1005774184747936
5782,56.25,11.25,11.25,0.0,3,1.0835263227995804
5783,58.75,11.25,11.25,0.0,3,1.0722831109430828
5784,61.25,11.25,11.25,0.0,3,1.0666359002979604
5785,63.75,11.25,11.25,0.0,3,1.0598100645662787
5786,66.25,11.25,11.25,0.0,3,1.0291110599450137
5787,68.75,11.25,11.25,0.0,3,0.9860032665309385
5788,71.25,11.25,11.25,0.0,3,0.9436818326557316
5789,73.75,11.25,11.25,0.0,3,0.9240144058696205
5790,76.25,11.25,11.25,1.0,0,1.0221562480506239
5791,78.75,11.25,11.25,1.0,0,0.938815516469124
5792,81.25,11.25,11.25,0.0,3,0.7146967942929189
5793,83.75,11.25,11.25,0.0,3,0.7473582936187306
5794,86.25,11.25,11.25,0.0,3,0.7839040747242652
5795,88.75,11.25,11.25,0.0,3,0.8140440002442572
5796,91.25,11.25,11.25,0.0,3,0.8453357386708464
5797,93.75,11.25,11.25,0.0,3,0.854643430695578
5798,96.25,11.25,11.25,0.0,3,0.8674119764035869
5799,98.75,11.25,11.25,0.0,3,0.999471612260125
5800,101.25,11.25,11.25,0.0,3,1.066899399348771
5801,103.75,11.25,11.25,0.0,0,1.1297155618013723
5802,106.25,11.25,11.25,1.0,0,1.128121556891576
5803,108.75,11.25,11.25,0.0,3,0.9837727984102638
5804,111.25,11.25,11.25,0.0,3,0.9267648043307307
5805,113.75,11.25,11.25,0.0,3,0.864189699971055
5806,116.25,11.25,11.25,0.0,3,0.8540116424826074
5807,118.75,11.25,11.25,0.0,3,0.865389303076719
5808,121.25,11.25,11.25,0.0,2,0.8722284494332546
5809,123.75,11.25,11.25,0.0,2,0.9317728922484017
5810,126.25,11.25,11.25,0.0,2,0.9155337470990248
5811,128.75,11.25,11.25,0.0,2,0.9197724562036331
5812,131.25,11.25,11.25,0.0,2,0.9258049776063735
5813,133.75,11.25,11.25,0.0,2,0.9333719027149974
5814,136.25,11.25,11.25,0.0,2,0.9414221498346481
5815,138.75,11.25,11.25,0.0,2,0.950106802421449
5816,141.25,11.25,11.25,0.0,2,0.9563401288131298
5817,143.75,11.25,11.25,0.0,2,0.9608906777975609
5818,146.25,11.25,11.25,0.0,2,0.9655529612202387
5819,148.75,11.25,11.25,0.0,2,0.9699996184509805
5820,151.25,11.25,11.25,0.0,2,0.9740864615460981
5821,153.75,11.25,11.25,0.0,2,0.9784050602259335
5822,156.25,11.25,11.25,0.0,2,0.9840914214463687
5823,158.75,11.25,11.25,0.0,2,0.9901300449105127
5824,161.25,11.25,11.25,0.0,2,0.9961031522582469
5825,163.75,11.25,11.25,0.0,2,1.0012037287981732
5826,166.25,11.25,11.25,0.0,2,1.0051207641070061
5827,168.75,11.25,11.25,0.0,2,1.0075879626595112
5828,171.25,11.25,11.25,0.0,2,1.0102369150822124
5829,173.75,11.25,11.25,0.0,2,1.0132853850442385
5830,176.25,11.25,11.25,0.0,2,1.0170533922256841
5831,178.75,11.25,11.25,0.0,2,1.0199202672869458
5832,181.25,11.25,11.25,0.0,2,1.0215803536549088
5833,183.75,11.25,11.25,0.0,2,1.0231210916461617
5834,186.25,11.25,11.25,0.0,2,1.0245418015323304
5835,188.75,11.25,11.25,0.0,2,1.0264227199173284
5836,191.25,11.25,11.25,0.0,2,1.0296310927032377
5837,193.75,11.25,11.25,0.0,2,1.033011461990217
5838,196.25,11.25,11.25,0.0,2,1.0341963244093486
5839,198.75,11.25,11.25,0.0,2,1.0326618146073745
5840,201.25,11.25,11.25,0.0,2,1.030774081149555
5841,203.75,11.25,11.25,0.0,2,1.0289537012514167
5842,206.25,11.25,11.25,0.0,2,1.0256180881644774
5843,208.75,11.25,11.25,0.0,2,1.019010780175245
5844,211.25,11.25,11.25,0.0,2,1.0123004372419295
5845,213.75,11.25,11.25,0.0,2,1.0056836294589386
5846,216.25,11.25,11.25,0.0,2,0.9983552724419716
5847,218.75,11.25,11.25,0.0,2,0.9941765234039494
5848,221.25,11.25,11.25,0.0,2,0.9916980896477132
5849,223.75,11.25,11.25,0.0,2,0.9872718694602076
5850,226.25,11.25,11.25,0.0,2,0.9837637926860908
5851,228.75,11.25,11.25,0.0,2,0.9842204212622996
5852,231.25,11.25,11.25,0.0,2,0.9869014462758388
5853,233.75,11.25,11.25,0.0,2,0.9899104592451705
5854,236.25,11.25,11.25,0.0,2,0.9964576146969847
5855,238.75,11.25,11.25,0.0,2,1.0057273585626763
5856,241.25,11.25,11.25,0.0,2,1.0121516110452213
5857,243.75,11.25,11.25,0.0,2,1.016249999242005
5858,246.25,11.25,11.25,0.0,2,1.0195285629363433
5859,248.75,11.25,11.25,0.0,2,1.0229057783423
5860,251.25,11.25,11.25,0.0,2,1.028375618439887
5861,253.75,11.25,11.25,0.0,2,1.0358079797719564
5862,256.25,11.25,11.25,0.0,2,1.043004569001405
5863,258.75,11.25,11.25,0.0,2,1.0527929051653593
5864,261.25,11.25,11.25,0.0,2,1.0675378979119003
5865,263.75,11.25,11.25,0.0,2,1.088412130098394
5866,266.25,11.25,11.25,0.0,2,1.1136078706167958
5867,268.75,11.25,11.25,0.0,2,1.1271383411830809
5868,271.25,11.25,11.25,0.0,2,1.1415077290873152
5869,273.75,11.25,11.25,0.0,2,1.2039241915698256
5870,276.25,11.25,11.25,0.0,2,1.2913583451702555
5871,278.75,11.25,11.25,0.0,2,1.2949913544919673
5872,281.25,11.25,11.25,0.0,1,1.2992363249071293
5873,283.75,11.25,11.25,0.0,1,1.3307011469409533
5874,286.25,11.25,11.25,0.0,1,1.3950463092052172
5875,288.75,11.25,11.25,0.0,0,1.3497459022284621
5876,291.25,11.25,11.25,0.0,1,1.3592968488726982
5877,293.75,11.25,11.25,0.0,1,1.3169852274614544
5878,296.25,11.25,11.25,0.0,1,1.3142269284260713
5879,298.75,11.25,11.25,0.0,1,1.2902267019255147
5880,301.25,11.25,11.25,0.0,1,1.322245756161915
5881,303.75,11.25,11.25,0.0,1,1.3672972653173554
5882,306.25,11.25,11.25,0.0,1,1.3832979548112847
5883,308.75,11.25,11.25,0.0,1,1.3928762243749218
5884,311.25,11.25,11.25,0.0,1,1.392473245489093
5885,313.75,11.25,11.25,0.0,1,1.3931350292760338
5886,316.25,11.25,11.25,0.0,1,1.3936150332062711
5887,318.75,11.25,11.25,0.0,1,1.3884023843299518
5888,321.25,11.25,11.25,0.0,1,1.3781442569343483
5889,323.75,11.25,11.25,0.0,1,1.3686708073248226
5890,326.25,11.25,11.25,0.0,1,1.365034971553645
5891,328.75,11.25,11.25,0.0,1,1.3525181056551843
5892,331.25,11.25,11.25,0.0,1,1.3208836362170322
5893,333.75,11.25,11.25,0.0,1,1.2929588407856245
5894,336.25,11.25,11.25,0.0,1,1.2954497110409933
5895,338.75,11.25,11.25,0.0,1,1.271938874995626
5896,341.25,11.25,11.25,0.0,1,1.1815188974136066
5897,343.75,11.25,11.25,0.0,1,1.0725669638076345
5898,346.25,11.25,11.25,1.0,0,1.0671185357420374
5899,348.75,11.25,11.25,1.0,0,1.1459335292563075
5900,351.25,11.25,11.25,1.0,0,1.180247831425212
5901,353.75,11.25,11.25,1.0,0,1.1670086141788762
5902,356.25,11.25,11.25,1.0,0,1.119011274095734
5903,358.75,11.25,11.25,1.0,0,1.1148095234022093
5904,1.25,13.75,13.75,1.0,0,1.4669007194431067
5905,3.75,13.75,13.75,1.0,0,1.4415754774709422
5906,6.25,13.75,13.75,1.0,0,1.4459229427228406
5907,8.75,13.75,13.75,1.0,0,1.4979289644537956
5908,11.25,13.75,13.75,1.0,0,1.5596427546650813
5909,13.75,13.75,13.75,1.0,0,1.4899509080407063
5910,16.25,13.75,13.75,1.0,0,1.4541424840309967
5911,18.75,13.75,13.75,1.0,0,1.3008552280083434
5912,21.25,13.75,13.75,1.0,0,1.216895655352633
5913,23.75,13.75,13.75,1.0,0,1.3700794494967279
5914,26.25,13.75,13.75,1.0,0,1.576642262154557
5915,28.75,13.75,13.75,1.0,0,1.610775503894365
5916,31.25,13.75,13.75,1.0,0,1.493005664470112
5917,33.75,13.75,13.75,1.0,0,1.3542900892101082
5918,36.25,13.75,13.75,1.0,0,1.2461407248762146
5919,38.75,13.75,13.75,1.0,0,1.370123414028795
5920,41.25,13.75,13.75,0.0,3,1.3480232903444387
5921,43.75,13.75,13.75,0.0,3,1.2179340488963533
5922,46.25,13.75,13.75,0.0,3,1.2372675238686566
5923,48.75,13.75,13.75,0.0,3,1.1964832405707448
5924,51.25,13.75,13.75,0.0,3,1.1254979293211576
5925,53.75,13.75,13.75,0.0,3,1.0679489861319404
5926,56.25,13.75,13.75,0.0,3,1.04367694302287
5927,58.75,13.75,13.75,0.0,3,1.0213537834695845
5928,61.25,13.75,13.75,0.0,3,1.0250814845331129
5929,63.75,13.75,13.75,0.0,3,1.0470775935360461
5930,66.25,13.75,13.75,0.0,3,1.0469908498269012
5931,68.75,13.75,13.75,0.0,3,1.0145386193559742
5932,71.25,13.75,13.75,0.0,3,0.9710875628963586
5933,73.75,13.75,13.75,0.0,3,0.9489445649804682
5934,76.25,13.75,13.75,1.0,0,1.024524171443498
5935,78.75,13.75,13.75,1.0,0,0.9295699809883883
5936,81.25,13.75,13.75,0.0,3,0.6518806822750777
5937,83.75,13.75,13.75,0.0,3,0.6534992059388882
5938,86.25,13.75,13.75,0.0,3,0.6752743214706898
5939,88.75,13.75,13.75,0.0,3,0.7121414648468166
5940,91.25,13.75,13.75,0.0,3,0.7633823123098495
5941,93.75,13.75,13.75,0.0,3,0.79739149838184
5942,96.25,13.75,13.75,0.0,3,0.8193838450666895
5943,98.75,13.75,13.75,0.0,0,1.0661514364990632
5944,101.25,13.75,13.75,1.0,0,1.3329276670171442
5945,103.75,13.75,13.75,1.0,0,1.3990209494185255
5946,106.25,13.75,13.75,1.0,0,1.3357329209373985
5947,108.75,13.75,13.75,0.0,3,1.1436475553309606
5948,111.25,13.75,13.75,0.0,3,0.9820581851792386
5949,113.75,13.75,13.75,0.0,3,0.8906713478622725
5950,116.25,13.75,13.75,0.0,3,0.8705247659437444
5951,118.75,13.75,13.75,0.0,3,0.8708569594334487
5952,121.25,13.75,13.75,0.0,2,0.8940798065448495
5953,123.75,13.75,13.75,0.0,2,0.9034598243915626
5954,126.25,13.75,13.75,0.0,2,0.9112956264599605
5955,128.75,13.75,13.75,0.0,2,0.9209235657151145
5956,131.25,13.75,13.75,0.0,2,0.930525423947505
5957,133.75,13.75,13.75,0.0,2,0.9397355147989577
5958,136.25,13.75,13.75,0.0,2,0.9483745601185255
5959,138.75,13.75,13.75,0.0,2,0.9571060366933268
5960,141.25,13.75,13.75,0.0,2,0.9641096904113102
5961,143.75,13.75,13.75,0.0,2,0.9687145153849628
5962,146.25,13.75,13.75,0.0,2,0.9742423821132894
5963,148.75,13.75,13.75,0.0,2,0.981619203343728
5964,151.25,13.75,13.75,0.0,2,0.9871773456283713
5965,153.75,13.75,13.75,0.0,2,0.9921378497332531
5966,156.25,13.75,13.75,0.0,2,0.9974077616758167
5967,158.75,13.75,13.75,0.0,2,1.00132938765318
5968,161.25,13.75,13.75,0.0,2,1.0047731884872868
5969,163.75,13.75,13.75,0.0,2,1.0062906987262499
5970,166.25,13.75,13.75,0.0,2,1.007285361415451
5971,168.75,13.75,13.75,0.0,2,1.0097892068575403
5972,171.25,13.75,13.75,0.0,2,1.012993914035162
5973,173.75,13.75,13.75,0.0,2,1.0160433728966634
5974,176.25,13.75,13.75,0.0,2,1.0186812098406475
5975,178.75,13.75,13.75,0.0,2,1.0208828098873068
5976,181.25,13.75,13.75,0.0,2,1.0232354540920972
5977,183.75,13.75,13.75,0.0,2,1.025018062524447
5978,186.25,13.75,13.75,0.0,2,1.0263995751990924
5979,188.75,13.75,13.75,0.0,2,1.0280626670041317
5980,191.25,13.75,13.75,0.0,2,1.0292345814980424
5981,193.75,13.75,13.75,0.0,2,1.029143724227615
5982,196.25,13.75,13.75,0.0,2,1.0288955632692893
5983,198.75,13.75,13.75,0.0,2,1.0299079020492354
5984,201.25,13.75,13.75,0.0,2,1.0320521750525
5985,203.75,13.75,13.75,0.0,2,1.0326729999457767
5986,206.25,13.75,13.75,0.0,2,1.0306307104747625
5987,208.75,13.75,13.75,0.0,2,1.0283788035211525
5988,211.25,13.75,13.75,0.0,2,1.0281419573421984
5989,213.75,13.75,13.75,0.0,2,1.0263761568358782
5990,216.25,13.75,13.75,0.0,2,1.0255746041964449
5991,218.75,13.75,13.75,0.0,2,1.0306362104231404
5992,221.25,13.75,13.75,0.0,2,1.0387153142163992
5993,223.75,13.75,13.75,0.0,2,1.0433819843147898
5994,226.25,13.75,13.75,0.0,2,1.0467470801081828
5995,228.75,13.75,13.75,0.0,2,1.0566317865395718
5996,231.25,13.75,13.75,0.0,2,1.0706919314357881
5997,233.75,13.75,13.75,0.0,2,1.077595696749115
5998,236.25,13.75,13.75,0.0,2,1.0839704332595281
5999,238.75,13.75,13.75,0.0,2,1.0958224012568762
6000,241.25,13.75,13.75,0.0,2,1.1062033135606162
6001,243.75,13.75,13.75,0.0,2,1.0977947299516273
6002,246.25,13.75,13.75,0.0,2,1.0615532854930676
6003,248.75,13.75,13.75,0.0,2,1.0258263646560297
6004,251.25,13.75,13.75,0.0,2,1.0061316622387162
6005,253.75,13.75,13.75,0.0,2,1.00581787134499
6006,256.25,13.75,13.75,0.0,2,1.016032523424779
6007,258.75,13.75,13.75,0.0,2,1.0279505332911565
6008,261.25,13.75,13.75,0.0,2,1.0479503690318044
6009,263.75,13.75,13.75,0.0,2,1.0726602508960177
6010,266.25,13.75,13.75,0.0,2,1.1191943139219336
6011,268.75,13.75,13.75,0.0,2,1.1692014942715037
6012,271.25,13.75,13.75,0.0,2,1.1799201072983563
6013,273.75,13.75,13.75,1.0,0,1.1557076754243867
6014,276.25,13.75,13.75,0.0,2,1.2523304171083307
6015,278.75,13.75,13.75,0.0,2,1.29329737264969
6016,281.25,13.75,13.75,0.0,1,1.2983537302717358
6017,283.75,13.75,13.75,0.0,1,1.293558785318856
6018,286.25,13.75,13.75,0.0,1,1.2882709099114142
6019,288.75,13.75,13.75,0.0,1,1.281657386173094
6020,291.25,13.75,13.75,0.0,1,1.2826513642723718
6021,293.75,13.75,13.75,0.0,1,1.2919794029286236
6022,296.25,13.75,13.75,0.0,1,1.30665877039388
6023,298.75,13.75,13.75,0.0,1,1.3246896292985455
6024,301.25,13.75,13.75,0.0,1,1.3465420629597822
6025,303.75,13.75,13.75,0.0,1,1.3659953816986152
6026,306.25,13.75,13.75,0.0,1,1.3777203148691843
6027,308.75,13.75,13.75,0.0,1,1.387704902459499
6028,311.25,13.75,13.75,0.0,1,1.3986213815141657
6029,313.75,13.75,13.75,0.0,1,1.4060099887751432
6030,316.25,13.75,13.75,0.0,1,1.408468312157981
6031,318.75,13.75,13.75,0.0,1,1.4049868071272922
6032,321.25,13.75,13.75,0.0,1,1.3965147805789893
6033,323.75,13.75,13.75,0.0,1,1.3843349060212173
6034,326.25,13.75,13.75,0.0,1,1.3661046241804486
6035,328.75,13.75,13.75,0.0,1,1.3469809223140587
6036,331.25,13.75,13.75,0.0,1,1.331762234494583
6037,333.75,13.75,13.75,0.0,1,1.3280695793173902
6038,336.25,13.75,13.75,0.0,1,1.33909778174859
6039,338.75,13.75,13.75,0.0,1,1.3421098697295797
6040,341.25,13.75,13.75,0.0,1,1.2832242509594707
6041,343.75,13.75,13.75,1.0,0,1.2883055629591276
6042,346.25,13.75,13.75,1.0,0,1.3882697774705262
6043,348.75,13.75,13.75,1.0,0,1.4044613408115483
6044,351.25,13.75,13.75,1.0,0,1.4674183467103354
6045,353.75,13.75,13.75,1.0,0,1.5189768448442007
6046,356.25,13.75,13.75,1.0,0,1.5056834623402162
6047,358.75,13.75,13.75,1.0,0,1.5059320578575512
6048,1.25,16.25,16.25,1.0,0,1.7998269482181295
6049,3.75,16.25,16.25,1.0,0,1.7565498254643015
6050,6.25,16.25,16.25,1.0,0,1.7581522107974836
6051,8.75,16.25,16.25,1.0,0,1.8448061644149207
6052,11.25,16.25,16.25,1.0,0,2.038709508626274
6053,13.75,16.25,16.25,1.0,0,2.083674133560635
6054,16.25,16.25,16.25,1.0,0,2.0661676146950327
6055,18.75,16.25,16.25,1.0,0,1.8839676917408765
6056,21.25,16.25,16.25,1.0,0,1.7403180622475303
6057,23.75,16.25,16.25,1.0,0,1.8892547039664154
6058,26.25,16.25,16.25,1.0,0,2.0730107603009382
6059,28.75,16.25,16.25,1.0,0,2.0483923400525463
6060,31.25,16.25,16.25,1.0,0,1.8425173714505856
6061,33.75,16.25,16.25,1.0,0,1.6217340559788997
6062,36.25,16.25,16.25,1.0,0,1.5633326185178293
6063,38.75,16.25,16.25,0.0,3,1.5339748875796817
6064,41.25,16.25,16.25,0.0,3,1.4019683019404225
6065,43.75,16.25,16.25,1.0,0,1.4959056017073822
6066,46.25,16.25,16.25,1.0,0,1.7448203380074656
6067,48.75,16.25,16.25,1.0,0,1.7510372089180688
6068,51.25,16.25,16.25,1.0,0,1.3977213468331238
6069,53.75,16.25,16.25,0.0,3,1.1166557801610648
6070,56.25,16.25,16.25,0.0,3,1.019107751992847
6071,58.75,16.25,16.25,0.0,3,1.0147484620082858
6072,61.25,16.25,16.25,0.0,3,1.0157231740060828
6073,63.75,16.25,16.25,0.0,3,1.0016279252181965
6074,66.25,16.25,16.25,0.0,3,1.0200051928717906
6075,68.75,16.25,16.25,0.0,3,1.027995292042299
6076,71.25,16.25,16.25,0.0,3,0.9742736141447982
6077,73.75,16.25,16.25,0.0,3,0.96205450567358
6078,76.25,16.25,16.25,1.0,0,1.031864608307492
6079,78.75,16.25,16.25,1.0,0,0.8927328212776079
6080,81.25,16.25,16.25,0.0,3,0.5972795626766989
6081,83.75,16.25,16.25,0.0,3,0.5365713790170461
6082,86.25,16.25,16.25,0.0,3,0.53961548984816
6083,88.75,16.25,16.25,0.0,3,0.5690966480011785
6084,91.25,16.25,16.25,0.0,3,0.6385293743549417
6085,93.75,16.25,16.25,0.0,3,0.75492651829501
6086,96.25,16.25,16.25,0.0,3,0.9645330816232464
6087,98.75,16.25,16.25,1.0,0,1.2130296100821478
6088,101.25,16.25,16.25,1.0,0,1.430202263079281
6089,103.75,16.25,16.25,1.0,0,1.4647796880726252
6090,106.25,16.25,16.25,1.0,0,1.4056840180656063
6091,108.75,16.25,16.25,0.0,3,1.1667144322386342
6092,111.25,16.25,16.25,0.0,3,1.048403525301968
6093,113.75,16.25,16.25,0.0,3,0.9565490037562409
6094,116.25,16.25,16.25,0.0,3,0.9013805573443524
6095,118.75,16.25,16.25,0.0,3,0.8975375222729157
6096,121.25,16.25,16.25,0.0,2,0.9412926374894873
6097,123.75,16.25,16.25,0.0,2,0.9088050018202605
6098,126.25,16.25,16.25,0.0,2,0.9067169053815558
6099,128.75,16.25,16.25,0.0,2,0.9159776442010188
6100,131.25,16.25,16.25,0.0,2,0.9248821673666154
6101,133.75,16.25,16.25,0.0,2,0.9361582034241765
6102,136.25,16.25,16.25,0.0,2,0.9440168758477611
6103,138.75,16.25,16.25,0.0,2,0.9497462386377581
6104,141.25,16.25,16.25,0.0,2,0.9535543593899637
6105,143.75,16.25,16.25,0.0,2,0.9558564069566021
6106,146.25,16.25,16.25,0.0,2,0.9600128301181329
6107,148.75,16.25,16.25,0.0,2,0.9659599478287858
6108,151.25,16.25,16.25,0.0,2,0.9721269880061189
6109,153.75,16.25,16.25,0.0,2,0.977534135610412
6110,156.25,16.25,16.25,0.0,2,0.9822199011197522
6111,158.75,16.25,16.25,0.0,2,0.9868559846404975
6112,161.25,16.25,16.25,0.0,2,0.9923781385755549
6113,163.75,16.25,16.25,0.0,2,0.9968620514485101
6114,166.25,16.25,16.25,0.0,2,0.9993308267555195
6115,168.75,16.25,16.25,0.0,2,1.002118443825954
6116,171.25,16.25,16.25,0.0,2,1.0056983674075937
6117,173.75,16.25,16.25,0.0,2,1.0094718487322591
6118,176.25,16.25,16.25,0.0,2,1.0132454120641934
6119,178.75,16.25,16.25,0.0,2,1.0173313220746631
6120,181.25,16.25,16.25,0.0,2,1.02052495455088
6121,183.75,16.25,16.25,0.0,2,1.0228963392296082
6122,186.25,16.25,16.25,0.0,2,1.0253503953355998
6123,188.75,16.25,16.25,0.0,2,1.0281993865668861
6124,191.25,16.25,16.25,0.0,2,1.0305466630096476
6125,193.75,16.25,16.25,0.0,2,1.0325416872194408
6126,196.25,16.25,16.25,0.0,2,1.0348706740963933
6127,198.75,16.25,16.25,0.0,2,1.0380385325304022
6128,201.25,16.25,16.25,0.0,2,1.0414570442722704
6129,203.75,16.25,16.25,0.0,2,1.0446410682928615
6130,206.25,16.25,16.25,0.0,2,1.0492439222399403
6131,208.75,16.25,16.25,0.0,2,1.0577979527667754
6132,211.25,16.25,16.25,0.0,2,1.06409758738592
6133,213.75,16.25,16.25,0.0,2,1.0718331357739797
6134,216.25,16.25,16.25,0.0,2,1.0827316594846357
6135,218.75,16.25,16.25,0.0,2,1.0933172794435166
6136,221.25,16.25,16.25,0.0,2,1.101972552455366
6137,223.75,16.25,16.25,0.0,2,1.1116335267923163
6138,226.25,16.25,16.25,0.0,2,1.1225879192510655
6139,228.75,16.25,16.25,0.0,2,1.1399097168652945
6140,231.25,16.25,16.25,0.0,2,1.1621848482946007
6141,233.75,16.25,16.25,0.0,2,1.1780634311350167
6142,236.25,16.25,16.25,0.0,2,1.196122207911278
6143,238.75,16.25,16.25,0.0,2,1.2227130129790063
6144,241.25,16.25,16.25,0.0,2,1.2502081349262142
6145,243.75,16.25,16.25,0.0,2,1.262748011729625
6146,246.25,16.25,16.25,0.0,2,1.2155221478503342
6147,248.75,16.25,16.25,0.0,2,1.1292054468937038
6148,251.25,16.25,16.25,0.0,2,1.0558233281692222
6149,253.75,16.25,16.25,0.0,2,1.0295017021259636
6150,256.25,16.25,16.25,0.0,2,1.0221486650422442
6151,258.75,16.25,16.25,0.0,2,1.0944602188265657
6152,261.25,16.25,16.25,0.0,2,1.22922532396922
6153,263.75,16.25,16.25,0.0,2,1.3201463212764426
6154,266.25,16.25,16.25,0.0,0,1.3443605997259942
6155,268.75,16.25,16.25,1.0,0,1.268092228961175
6156,271.25,16.25,16.25,1.0,0,1.2545622083302674
6157,273.75,16.25,16.25,0.0,2,1.2382188915526764
6158,276.25,16.25,16.25,0.0,2,1.2685001066797388
6159,278.75,16.25,16.25,0.0,2,1.2843615172608607
6160,281.25,16.25,16.25,0.0,1,1.292723218980531
6161,283.75,16.25,16.25,0.0,1,1.29786455381232
6162,286.25,16.25,16.25,0.0,1,1.3014310299084773
6163,288.75,16.25,16.25,0.0,1,1.306423696098718
6164,291.25,16.25,16.25,0.0,1,1.2989984869392108
6165,293.75,16.25,16.25,0.0,1,1.2995788767763146
6166,296.25,16.25,16.25,0.0,1,1.3062330077455182
6167,298.75,16.25,16.25,0.0,1,1.3301606238462416
6168,301.25,16.25,16.25,0.0,1,1.3497645997970569
6169,303.75,16.25,16.25,0.0,1,1.361646799355425
6170,306.25,16.25,16.25,0.0,1,1.365469032937757
6171,308.75,16.25,16.25,0.0,1,1.3729132928143988
6172,311.25,16.25,16.25,0.0,1,1.38619494763241
6173,313.75,16.25,16.25,0.0,1,1.4007518003908634
6174,316.25,16.25,16.25,0.0,1,1.4098214938998264
6175,318.75,16.25,16.25,0.0,1,1.4129126774876661
6176,321.25,16.25,16.25,0.0,1,1.4102385804191853
6177,323.75,16.25,16.25,0.0,1,1.4034298705037176
6178,326.25,16.25,16.25,0.0,1,1.3908334204643353
6179,328.75,16.25,16.25,0.0,1,1.3737265550071691
6180,331.25,16.25,16.25,0.0,1,1.3567697713675462
6181,333.75,16.25,16.25,0.0,1,1.3451410397070744
6182,336.25,16.25,16.25,0.0,1,1.3432506691800734
6183,338.75,16.25,16.25,0.0,1,1.3454811905862927
6184,341.25,16.25,16.25,0.0,1,1.336139843246019
6185,343.75,16.25,16.25,0.0,1,1.3829339660788893
6186,346.25,16.25,16.25,1.0,0,1.551740469915658
6187,348.75,16.25,16.25,1.0,0,1.6972135302026603
6188,351.25,16.25,16.25,1.0,0,1.8185203534809231
6189,353.75,16.25,16.25,1.0,0,1.8768928133962717
6190,356.25,16.25,16.25,1.0,0,1.8854195470891815
6191,358.75,16.25,16.25,1.0,0,1.8510442956418582
6192,1.25,18.75,18.75,1.0,0,2.039692340452533
6193,3.75,18.75,18.75,1.0,0,2.1107988972868377
6194,6.25,18.75,18.75,1.0,0,2.1203931807252236
6195,8.75,18.75,18.75,1.0,0,2.1928778638726887
6196,11.25,18.75,18.75,1.0,0,2.287114817931493
6197,13.75,18.75,18.75,1.0,0,2.280977742468139
6198,16.25,18.75,18.75,1.0,0,2.1690167103934845
6199,18.75,18.75,18.75,1.0,0,2.1592918544492545
6200,21.25,18.75,18.75,1.0,0,2.223042904224728
6201,23.75,18.75,18.75,1.0,0,2.2552188571172
6202,26.25,18.75,18.75,1.0,0,2.2891467807564356
6203,28.75,18.75,18.75,1.0,0,2.267019820378023
6204,31.25,18.75,18.75,1.0,0,2.1361881383378623
6205,33.75,18.75,18.75,1.0,0,1.9285850001048657
6206,36.25,18.75,18.75,1.0,0,1.7781504330928681
6207,38.75,18.75,18.75,0.0,3,1.5344312935378848
6208,41.25,18.75,18.75,0.0,3,1.4963761971480405
6209,43.75,18.75,18.75,1.0,0,1.8231005172627055
6210,46.25,18.75,18.75,1.0,0,2.121048630879768
6211,48.75,18.75,18.75,1.0,0,2.230166813900407
6212,51.25,18.75,18.75,1.0,0,2.0940759444752377
6213,53.75,18.75,18.75,1.0,0,1.8334112772786602
6214,56.25,18.75,18.75,0.0,3,1.328400464666494
6215,58.75,18.75,18.75,0.0,3,0.9881637911483269
6216,61.25,18.75,18.75,0.0,3,0.9746915808197969
6217,63.75,18.75,18.75,0.0,3,0.9905104972732354
6218,66.25,18.75,18.75,0.0,3,1.0138873119490541
6219,68.75,18.75,18.75,0.0,3,1.0351739859192028
6220,71.25,18.75,18.75,0.0,3,1.0058148275478784
6221,73.75,18.75,18.75,1.0,0,1.0189935291164935
6222,76.25,18.75,18.75,1.0,0,1.0495890229570504
6223,78.75,18.75,18.75,1.0,0,0.9551047264370464
6224,81.25,18.75,18.75,1.0,0,0.7509346699161206
6225,83.75,18.75,18.75,0.0,3,0.5048641152536409
6226,86.25,18.75,18.75,0.0,3,0.4116245451093626
6227,88.75,18.75,18.75,0.0,3,0.44281418220352364
6228,91.25,18.75,18.75,0.0,3,0.5420280460081363
6229,93.75,18.75,18.75,0.0,3,0.7696479778836165
6230,96.25,18.75,18.75,1.0,0,1.105983484949386
6231,98.75,18.75,18.75,1.0,0,1.292974376597912
6232,101.25,18.75,18.75,1.0,0,1.3927456767792972
6233,103.75,18.75,18.75,1.0,0,1.4212431027176604
6234,106.25,18.75,18.75,0.0,3,1.3064762872885212
6235,108.75,18.75,18.75,0.0,3,1.2180900762363807
6236,111.25,18.75,18.75,0.0,3,1.1557713342179565
6237,113.75,18.75,18.75,0.0,3,1.0384239487637188
6238,116.25,18.75,18.75,0.0,3,0.9760534734462087
6239,118.75,18.75,18.75,0.0,3,0.9471870780088562
6240,121.25,18.75,18.75,0.0,2,0.9511795972485007
6241,123.75,18.75,18.75,0.0,2,0.9263429775995724
6242,126.25,18.75,18.75,0.0,2,0.9228222944352604
6243,128.75,18.75,18.75,0.0,2,0.9353629737122021
6244,131.25,18.75,18.75,0.0,2,0.9383322660942872
6245,133.75,18.75,18.75,0.0,2,0.9430317948006038
6246,136.25,18.75,18.75,0.0,2,0.9467119711067727
6247,138.75,18.75,18.75,0.0,2,0.9447821968359077
6248,141.25,18.75,18.75,0.0,2,0.9393721738781575
6249,143.75,18.75,18.75,0.0,2,0.9343787469720977
6250,146.25,18.75,18.75,0.0,2,0.9323372977905764
6251,148.75,18.75,18.75,0.0,2,0.9333272194419454
6252,151.25,18.75,18.75,0.0,2,0.9379029414219412
6253,153.75,18.75,18.75,0.0,2,0.9430409512970417
6254,156.25,18.75,18.75,0.0,2,0.9490995460769315
6255,158.75,18.75,18.75,0.0,2,0.95455109911378
6256,161.25,18.75,18.75,0.0,2,0.9597633145163676
6257,163.75,18.75,18.75,0.0,2,0.9650354407548537
6258,166.25,18.75,18.75,0.0,2,0.9688476967166217
6259,168.75,18.75,18.75,0.0,2,0.9750727415366648
6260,171.25,18.75,18.75,0.0,2,0.9821278234068347
6261,173.75,18.75,18.75,0.0,2,0.9887098969251901
6262,176.25,18.75,18.75,0.0,2,0.9955585222960784
6263,178.75,18.75,18.75,0.0,2,1.000649494571284
6264,181.25,18.75,18.75,0.0,2,1.0035918691434955
6265,183.75,18.75,18.75,0.0,2,1.0037676494399643
6266,186.25,18.75,18.75,0.0,2,1.0019331786983312
6267,188.75,18.75,18.75,0.0,2,1.000472335965155
6268,191.25,18.75,18.75,0.0,2,1.0010673122402451
6269,193.75,18.75,18.75,0.0,2,1.0042347812570682
6270,196.25,18.75,18.75,0.0,2,1.0082543643341424
6271,198.75,18.75,18.75,0.0,2,1.0136078248516913
6272,201.25,18.75,18.75,0.0,2,1.0244687912836532
6273,203.75,18.75,18.75,0.0,2,1.0437811913076536
6274,206.25,18.75,18.75,0.0,2,1.020507905338
6275,208.75,18.75,18.75,0.0,2,1.0381437304646866
6276,211.25,18.75,18.75,0.0,2,1.0530065386960288
6277,213.75,18.75,18.75,0.0,2,1.0731656671046987
6278,216.25,18.75,18.75,0.0,2,1.094065550396424
6279,218.75,18.75,18.75,0.0,2,1.1149266767149204
6280,221.25,18.75,18.75,0.0,2,1.1392041904657912
6281,223.75,18.75,18.75,0.0,2,1.1627021337825687
6282,226.25,18.75,18.75,0.0,2,1.1840429931815861
6283,228.75,18.75,18.75,0.0,2,1.2076256593017483
6284,231.25,18.75,18.75,0.0,2,1.2274329733383462
6285,233.75,18.75,18.75,0.0,2,1.241787502316662
6286,236.25,18.75,18.75,0.0,2,1.2804221475757702
6287,238.75,18.75,18.75,0.0,2,1.3474136884179295
6288,241.25,18.75,18.75,0.0,2,1.3907265255271979
6289,243.75,18.75,18.75,0.0,2,1.3898748733084532
6290,246.25,18.75,18.75,0.0,2,1.3156924676824502
6291,248.75,18.75,18.75,0.0,2,1.200877915210986
6292,251.25,18.75,18.75,0.0,2,1.1098042515465414
6293,253.75,18.75,18.75,0.0,2,1.1118679146388206
6294,256.25,18.75,18.75,0.0,2,1.2274801512713966
6295,258.75,18.75,18.75,1.0,0,1.3723014977782546
6296,261.25,18.75,18.75,1.0,0,1.4475944491516066
6297,263.75,18.75,18.75,1.0,0,1.409915084117647
6298,266.25,18.75,18.75,0.0,2,1.289612176584932
6299,268.75,18.75,18.75,0.0,2,1.306084357967185
6300,271.25,18.75,18.75,1.0,0,1.3348282333727142
6301,273.75,18.75,18.75,0.0,2,1.255440855171284
6302,276.25,18.75,18.75,0.0,2,1.259408482235528
6303,278.75,18.75,18.75,0.0,2,1.2709337689581368
6304,281.25,18.75,18.75,0.0,1,1.2867691995187922
6305,283.75,18.75,18.75,0.0,1,1.3109725589479533
6306,286.25,18.75,18.75,0.0,1,1.339643882906242
6307,288.75,18.75,18.75,1.0,0,1.4078147500337215
6308,291.25,18.75,18.75,0.0,1,1.3220252054268973
6309,293.75,18.75,18.75,0.0,1,1.308145250050491
6310,296.25,18.75,18.75,0.0,1,1.316917216667947
6311,298.75,18.75,18.75,0.0,1,1.3491464974138019
6312,301.25,18.75,18.75,0.0,1,1.3737551853650287
6313,303.75,18.75,18.75,0.0,1,1.3898556675472138
6314,306.25,18.75,18.75,0.0,1,1.403470005413407
6315,308.75,18.75,18.75,0.0,1,1.4166442977398719
6316,311.25,18.75,18.75,0.0,1,1.4275532797887955
6317,313.75,18.75,18.75,0.0,1,1.4373666365232254
6318,316.25,18.75,18.75,0.0,1,1.4442854739106883
6319,318.75,18.75,18.75,0.0,1,1.4470243381084344
6320,321.25,18.75,18.75,0.0,1,1.4467375434596104
6321,323.75,18.75,18.75,0.0,1,1.4420897455588981
6322,326.25,18.75,18.75,0.0,1,1.4333334574646892
6323,328.75,18.75,18.75,0.0,1,1.4200609834123947
6324,331.25,18.75,18.75,0.0,1,1.40107743197855
6325,333.75,18.75,18.75,0.0,1,1.3745919720219286
6326,336.25,18.75,18.75,0.0,1,1.3520023691304468
6327,338.75,18.75,18.75,0.0,1,1.3424849752195696
6328,341.25,18.75,18.75,0.0,1,1.3340860873142204
6329,343.75,18.75,18.75,0.0,1,1.4238993429085305
6330,346.25,18.75,18.75,1.0,0,1.7406918523734345
6331,348.75,18.75,18.75,1.0,0,1.9264788641817812
6332,351.25,18.75,18.75,1.0,0,2.0682441179845705
6333,353.75,18.75,18.75,1.0,0,2.1398905958837147
6334,356.25,18.75,18.75,1.0,0,2.1260475806909267
6335,358.75,18.75,18.75,1.0,0,2.0634871875333847
6336,1.25,21.25,21.25,1.0,0,2.217811404743229
6337,3.75,21.25,21.25,1.0,0,2.2279645092081757
6338,6.25,21.25,21.25,1.0,0,2.2539790745734383
6339,8.75,21.25,21.25,1.0,0,2.311483420317642
6340,11.25,21.25,21.25,1.0,0,2.3274254652294903
6341,13.75,21.25,21.25,1.0,0,2.2759595064317106
6342,16.25,21.25,21.25,1.0,0,2.1731648842991103
6343,18.75,21.25,21.25,1.0,0,2.2117974694320557
6344,21.25,21.25,21.25,1.0,0,2.3334327799454413
6345,23.75,21.25,21.25,1.0,0,2.334716497613894
6346,26.25,21.25,21.25,1.0,0,2.318270747413775
6347,28.75,21.25,21.25,1.0,0,2.3174887274874387
6348,31.25,21.25,21.25,1.0,0,2.2526057076673562
6349,33.75,21.25,21.25,1.0,0,2.11460667171385
6350,36.25,21.25,21.25,0.0,3,1.8211242066323694
6351,38.75,21.25,21.25,0.0,3,1.6067110596411782
6352,41.25,21.25,21.25,1.0,0,1.812899376626671
6353,43.75,21.25,21.25,1.0,0,2.0305091542269906
6354,46.25,21.25,21.25,1.0,0,2.181740677124014
6355,48.75,21.25,21.25,1.0,0,2.240916362105537
6356,51.25,21.25,21.25,1.0,0,2.2325425147331814
6357,53.75,21.25,21.25,1.0,0,2.1690486908235855
6358,56.25,21.25,21.25,1.0,0,1.877590309861
6359,58.75,21.25,21.25,0.0,3,1.3202985965783722
6360,61.25,21.25,21.25,0.0,3,1.0029169465527332
6361,63.75,21.25,21.25,0.0,3,0.9856170408180056
6362,66.25,21.25,21.25,0.0,3,1.00681248291288
6363,68.75,21.25,21.25,0.0,3,1.031837833807915
6364,71.25,21.25,21.25,1.0,0,1.1541762547824623
6365,73.75,21.25,21.25,1.0,0,1.1831354342965343
6366,76.25,21.25,21.25,1.0,0,1.0844666488906174
6367,78.75,21.25,21.25,1.0,0,0.9048131117814585
6368,81.25,21.25,21.25,1.0,0,0.7740756923300751
6369,83.75,21.25,21.25,1.0,0,0.5718614861828832
6370,86.25,21.25,21.25,1.0,0,0.30859337882960197
6371,88.75,21.25,21.25,0.0,3,0.31188698035040713
6372,91.25,21.25,21.25,0.0,3,0.48845598307028815
6373,93.75,21.25,21.25,1.0,0,0.8203192794918602
6374,96.25,21.25,21.25,1.0,0,1.0758025342912227
6375,98.75,21.25,21.25,1.0,0,1.2030608655304995
6376,101.25,21.25,21.25,1.0,0,1.3019486344644324
6377,103.75,21.25,21.25,1.0,0,1.3615193812050768
6378,106.25,21.25,21.25,1.0,0,1.3908436052635331
6379,108.75,21.25,21.25,0.0,3,1.3985224851945122
6380,111.25,21.25,21.25,0.0,3,1.3194352692030622
6381,113.75,21.25,21.25,0.0,3,1.177598890794946
6382,116.25,21.25,21.25,0.0,3,1.1390145505821285
6383,118.75,21.25,21.25,0.0,3,1.109847380488438
6384,121.25,21.25,21.25,0.0,2,1.0500476644035666
6385,123.75,21.25,21.25,0.0,2,0.9940759729871963
6386,126.25,21.25,21.25,0.0,2,0.9809845215849883
6387,128.75,21.25,21.25,0.0,2,1.0008493657638533
6388,131.25,21.25,21.25,0.0,2,1.0108922853216935
6389,133.75,21.25,21.25,0.0,2,1.0005809157113974
6390,136.25,21.25,21.25,0.0,2,0.9905172151954763
6391,138.75,21.25,21.25,0.0,2,0.9754596681039605
6392,141.25,21.25,21.25,0.0,2,0.960442703377862
6393,143.75,21.25,21.25,0.0,2,0.9489711384295224
6394,146.25,21.25,21.25,0.0,2,0.9346708780675185
6395,148.75,21.25,21.25,0.0,2,0.9227266973197682
6396,151.25,21.25,21.25,0.0,2,0.916507236818413
6397,153.75,21.25,21.25,0.0,2,0.914449965099497
6398,156.25,21.25,21.25,0.0,2,0.9160672941221155
6399,158.75,21.25,21.25,0.0,2,0.917903829530935
6400,161.25,21.25,21.25,0.0,2,0.9218369630799614
6401,163.75,21.25,21.25,0.0,2,0.9287222591817177
6402,166.25,21.25,21.25,0.0,2,0.9343576728521827
6403,168.75,21.25,21.25,0.0,2,0.9423013124348013
6404,171.25,21.25,21.25,0.0,2,0.9525831632084996
6405,173.75,21.25,21.25,0.0,2,0.9642868248373977
6406,176.25,21.25,21.25,0.0,2,0.9772851199070676
6407,178.75,21.25,21.25,0.0,2,0.989538570872978
6408,181.25,21.25,21.25,0.0,2,0.9972105056817717
6409,183.75,21.25,21.25,0.0,2,1.000767136145497
6410,186.25,21.25,21.25,0.0,2,0.9986289503149317
6411,188.75,21.25,21.25,0.0,2,0.9913949665757839
6412,191.25,21.25,21.25,0.0,2,0.9777904967567674
6413,193.75,21.25,21.25,0.0,2,0.9655225242680928
6414,196.25,21.25,21.25,0.0,2,0.9611614245454879
6415,198.75,21.25,21.25,0.0,2,0.9621383262535693
6416,201.25,21.25,21.25,0.0,2,0.9658276990912965
6417,203.75,21.25,21.25,0.0,2,0.9665063401080519
6418,206.25,21.25,21.25,0.0,2,0.9580924443425595
6419,208.75,21.25,21.25,0.0,2,0.9677565388316837
6420,211.25,21.25,21.25,0.0,2,0.9830587611679426
6421,213.75,21.25,21.25,0.0,2,1.0103390699119181
6422,216.25,21.25,21.25,0.0,2,1.040834519251371
6423,218.75,21.25,21.25,0.0,2,1.0704510529458517
6424,221.25,21.25,21.25,0.0,2,1.1083938415828194
6425,223.75,21.25,21.25,0.0,2,1.1488648618202837
6426,226.25,21.25,21.25,0.0,2,1.1880318648030022
6427,228.75,21.25,21.25,0.0,2,1.2336685469061086
6428,231.25,21.25,21.25,0.0,2,1.2676995923744743
6429,233.75,21.25,21.25,0.0,2,1.2794777015824517
6430,236.25,21.25,21.25,0.0,2,1.3075975794761114
6431,238.75,21.25,21.25,0.0,2,1.3701681328521729
6432,241.25,21.25,21.25,0.0,2,1.423381786949712
6433,243.75,21.25,21.25,0.0,2,1.4292027041040603
6434,246.25,21.25,21.25,0.0,2,1.34626035089153
6435,248.75,21.25,21.25,0.0,2,1.2297861205052878
6436,251.25,21.25,21.25,0.0,2,1.178201588521665
6437,253.75,21.25,21.25,0.0,2,1.2343482960032042
6438,256.25,21.25,21.25,1.0,0,1.3913432486643207
6439,258.75,21.25,21.25,1.0,0,1.4489286904196477
6440,261.25,21.25,21.25,1.0,0,1.410177651171803
6441,263.75,21.25,21.25,0.0,2,1.325957004769874
6442,266.25,21.25,21.25,0.0,2,1.286400922805427
6443,268.75,21.25,21.25,0.0,2,1.30777614252504
6444,271.25,21.25,21.25,0.0,2,1.348949678340096
6445,273.75,21.25,21.25,0.0,2,1.2750005198069179
6446,276.25,21.25,21.25,0.0,2,1.303970042319282
6447,278.75,21.25,21.25,0.0,2,1.321141343133254
6448,281.25,21.25,21.25,0.0,1,1.3451226989051863
6449,283.75,21.25,21.25,0.0,1,1.339284525347075
6450,286.25,21.25,21.25,0.0,1,1.3082492612231598
6451,288.75,21.25,21.25,0.0,1,1.3133451614617362
6452,291.25,21.25,21.25,0.0,1,1.30158801065181
6453,293.75,21.25,21.25,0.0,1,1.3175574672190802
6454,296.25,21.25,21.25,0.0,1,1.3381781812747937
6455,298.75,21.25,21.25,0.0,1,1.349362722894612
6456,301.25,21.25,21.25,0.0,1,1.3567976529373664
6457,303.75,21.25,21.25,0.0,1,1.3727141777263936
6458,306.25,21.25,21.25,0.0,1,1.3975122316759367
6459,308.75,21.25,21.25,0.0,1,1.4207644932448935
6460,311.25,21.25,21.25,0.0,1,1.4456588684613512
6461,313.75,21.25,21.25,0.0,1,1.468699132039763
6462,316.25,21.25,21.25,0.0,1,1.4873957595923435
6463,318.75,21.25,21.25,0.0,1,1.5006899328768366
6464,321.25,21.25,21.25,0.0,1,1.5068354689736418
6465,323.75,21.25,21.25,0.0,1,1.5047722077830548
6466,326.25,21.25,21.25,0.0,1,1.4972499104115495
6467,328.75,21.25,21.25,0.0,1,1.484638385809068
6468,331.25,21.25,21.25,0.0,1,1.469372436151583
6469,333.75,21.25,21.25,0.0,1,1.446479690171539
6470,336.25,21.25,21.25,0.0,1,1.412572046658932
6471,338.75,21.25,21.25,0.0,1,1.3772486240420656
6472,341.25,21.25,21.25,0.0,1,1.3412587873813808
6473,343.75,21.25,21.25,1.0,0,1.5310704521334095
6474,346.25,21.25,21.25,1.0,0,1.913868364429169
6475,348.75,21.25,21.25,1.0,0,2.1074668543599957
6476,351.25,21.25,21.25,1.0,0,2.21237474122159
6477,353.75,21.25,21.25,1.0,0,2.256222289125415
6478,356.25,21.25,21.25,1.0,0,2.2564687271017703
6479,358.75,21.25,21.25,1.0,0,2.2285759477393143
6480,1.25,23.75,23.75,1.0,0,2.3045044168414375
6481,3.75,23.75,23.75,1.0,0,2.2444497512386894
6482,6.25,23.75,23.75,1.0,0,2.2033866398405704
6483,8.75,23.75,23.75,1.0,0,2.248502010601113
6484,11.25,23.75,23.75,1.0,0,2.305297720806347
6485,13.75,23.75,23.75,1.0,0,2.3218252281412988
6486,16.25,23.75,23.75,1.0,0,2.309288330206961
6487,18.75,23.75,23.75,1.0,0,2.2990261669531527
6488,21.25,23.75,23.75,1.0,0,2.31443701286337
6489,23.75,23.75,23.75,1.0,0,2.2996469120749814
6490,26.25,23.75,23.75,1.0,0,2.296186486395543
6491,28.75,23.75,23.75,1.0,0,2.302671992165434
6492,31.25,23.75,23.75,1.0,0,2.2620900066446783
6493,33.75,23.75,23.75,1.0,0,2.1094603017120703
6494,36.25,23.75,23.75,0.0,3,1.7155035508838343
6495,38.75,23.75,23.75,0.0,3,1.8325660380749853
6496,41.25,23.75,23.75,1.0,0,2.016368333206457
6497,43.75,23.75,23.75,1.0,0,2.088537711404641
6498,46.25,23.75,23.75,1.0,0,2.130119545228273
6499,48.75,23.75,23.75,1.0,0,2.126291411874121
6500,51.25,23.75,23.75,1.0,0,1.9934534344687183
6501,53.75,23.75,23.75,0.0,0,1.9297517697011863
6502,56.25,23.75,23.75,0.0,3,1.8821385159579955
6503,58.75,23.75,23.75,0.0,3,1.571176760444716
6504,61.25,23.75,23.75,0.0,3,1.2604335373718558
6505,63.75,23.75,23.75,0.0,3,1.0767513631686465
6506,66.25,23.75,23.75,0.0,3,0.9898236702787923
6507,68.75,23.75,23.75,0.0,3,1.0446350698623903
6508,71.25,23.75,23.75,1.0,0,1.230983469081459
6509,73.75,23.75,23.75,1.0,0,1.2408242750674419
6510,76.25,23.75,23.75,1.0,0,1.0781119961598002
6511,78.75,23.75,23.75,1.0,0,0.7973523169038877
6512,81.25,23.75,23.75,1.0,0,0.5811854259744105
6513,83.75,23.75,23.75,1.0,0,0.3984641347230258
6514,86.25,23.75,23.75,1.0,0,0.21735064412690808
6515,88.75,23.75,23.75,1.0,0,0.2828995532804527
6516,91.25,23.75,23.75,1.0,0,0.4341081133658719
6517,93.75,23.75,23.75,1.0,0,0.6407167427479759
6518,96.25,23.75,23.75,1.0,0,0.8970389753679774
6519,98.75,23.75,23.75,1.0,0,1.1244927406778173
6520,101.25,23.75,23.75,1.0,0,1.236228072517538
6521,103.75,23.75,23.75,1.0,0,1.3728009289617278
6522,106.25,23.75,23.75,1.0,0,1.4568103331010007
6523,108.75,23.75,23.75,1.0,0,1.4839373379066434
6524,111.25,23.75,23.75,1.0,0,1.4158791192431235
6525,113.75,23.75,23.75,1.0,0,1.3442432890875573
6526,116.25,23.75,23.75,0.0,3,1.343058390194515
6527,118.75,23.75,23.75,0.0,3,1.3816134139913776
6528,121.25,23.75,23.75,0.0,2,1.311376595138124
6529,123.75,23.75,23.75,0.0,2,1.1610251294437546
6530,126.25,23.75,23.75,0.0,2,1.098002097748057
6531,128.75,23.75,23.75,0.0,2,1.0940599158489004
6532,131.25,23.75,23.75,0.0,2,1.11833999230068
6533,133.75,23.75,23.75,0.0,2,1.118965146700285
6534,136.25,23.75,23.75,0.0,2,1.0887509175144676
6535,138.75,23.75,23.75,0.0,2,1.0490270640636938
6536,141.25,23.75,23.75,0.0,2,1.0232065789977787
6537,143.75,23.75,23.75,0.0,2,1.0069002893740522
6538,146.25,23.75,23.75,0.0,2,0.9828045879500033
6539,148.75,23.75,23.75,0.0,2,0.9572280338517346
6540,151.25,23.75,23.75,0.0,2,0.9393363129810708
6541,153.75,23.75,23.75,0.0,2,0.9264775325222387
6542,156.25,23.75,23.75,0.0,2,0.9178849487330606
6543,158.75,23.75,23.75,0.0,2,0.9124213978822484
6544,161.25,23.75,23.75,0.0,2,0.9100991718984428
6545,163.75,23.75,23.75,0.0,2,0.9142849524305329
6546,166.25,23.75,23.75,0.0,2,0.9206313963925179
6547,168.75,23.75,23.75,0.0,2,0.9285812733257426
6548,171.25,23.75,23.75,0.0,2,0.9410217527048853
6549,173.75,23.75,23.75,0.0,2,0.9568286959143649
6550,176.25,23.75,23.75,0.0,2,0.9771127240516614
6551,178.75,23.75,23.75,0.0,2,0.9966150416970813
6552,181.25,23.75,23.75,0.0,2,1.0125693670521292
6553,183.75,23.75,23.75,0.0,2,1.0262001369386824
6554,186.25,23.75,23.75,0.0,2,1.0356287601759357
6555,188.75,23.75,23.75,0.0,2,1.0378703598455932
6556,191.25,23.75,23.75,0.0,2,1.0243839765003242
6557,193.75,23.75,23.75,0.0,2,1.0005539858448105
6558,196.25,23.75,23.75,0.0,2,0.9861535531578974
6559,198.75,23.75,23.75,0.0,2,0.9734638543601587
6560,201.25,23.75,23.75,0.0,2,0.9608770724374273
6561,203.75,23.75,23.75,0.0,2,0.9517275193160505
6562,206.25,23.75,23.75,0.0,2,0.9425389426392978
6563,208.75,23.75,23.75,0.0,2,0.9396390116872765
6564,211.25,23.75,23.75,0.0,2,0.9463073619122173
6565,213.75,23.75,23.75,0.0,2,0.9646584537753324
6566,216.25,23.75,23.75,0.0,2,0.9907737865095748
6567,218.75,23.75,23.75,0.0,2,1.0189504607106603
6568,221.25,23.75,23.75,0.0,2,1.0525195082823788
6569,223.75,23.75,23.75,0.0,2,1.0880408769094896
6570,226.25,23.75,23.75,0.0,2,1.1227943459257232
6571,228.75,23.75,23.75,0.0,2,1.1682710405818435
6572,231.25,23.75,23.75,0.0,2,1.2163626881447154
6573,233.75,23.75,23.75,0.0,2,1.2523379393176985
6574,236.25,23.75,23.75,0.0,2,1.2918296788078956
6575,238.75,23.75,23.75,0.0,2,1.334051293256125
6576,241.25,23.75,23.75,0.0,2,1.3882158091830221
6577,243.75,23.75,23.75,0.0,2,1.4244939580892888
6578,246.25,23.75,23.75,0.0,2,1.3789067544168314
6579,248.75,23.75,23.75,0.0,2,1.305986948101096
6580,251.25,23.75,23.75,0.0,2,1.2759115120832263
6581,253.75,23.75,23.75,0.0,2,1.3637737841524917
6582,256.25,23.75,23.75,1.0,0,1.4504216901704323
6583,258.75,23.75,23.75,1.0,0,1.4471060658822483
6584,261.25,23.75,23.75,1.0,0,1.398081780157695
6585,263.75,23.75,23.75,0.0,2,1.3556970851077523
6586,266.25,23.75,23.75,0.0,2,1.3210088393787527
6587,268.75,23.75,23.75,0.0,2,1.3018032925858032
6588,271.25,23.75,23.75,0.0,2,1.2831211838058767
6589,273.75,23.75,23.75,0.0,2,1.3047780140003633
6590,276.25,23.75,23.75,0.0,2,1.3859423775453044
6591,278.75,23.75,23.75,0.0,2,1.4228357222875143
6592,281.25,23.75,23.75,0.0,1,1.3813114076887205
6593,283.75,23.75,23.75,0.0,1,1.3201453615845151
6594,286.25,23.75,23.75,0.0,1,1.3149778506208323
6595,288.75,23.75,23.75,0.0,1,1.3397287791578154
6596,291.25,23.75,23.75,0.0,1,1.3550342719703934
6597,293.75,23.75,23.75,0.0,1,1.3569631944951261
6598,296.25,23.75,23.75,0.0,1,1.3479620042870786
6599,298.75,23.75,23.75,0.0,1,1.3359411467620226
6600,301.25,23.75,23.75,0.0,1,1.3307157680572386
6601,303.75,23.75,23.75,0.0,1,1.3367782846622238
6602,306.25,23.75,23.75,0.0,1,1.3573237207017461
6603,308.75,23.75,23.75,0.0,1,1.3824550861148408
6604,311.25,23.75,23.75,0.0,1,1.4169375034680498
6605,313.75,23.75,23.75,0.0,1,1.454051176363155
6606,316.25,23.75,23.75,0.0,1,1.4894247648859258
6607,318.75,23.75,23.75,0.0,1,1.5234978075529557
6608,321.25,23.75,23.75,0.0,1,1.5505199490147
6609,323.75,23.75,23.75,0.0,1,1.5653912484335821
6610,326.25,23.75,23.75,0.0,1,1.5729437615127413
6611,328.75,23.75,23.75,0.0,1,1.5680241757913582
6612,331.25,23.75,23.75,0.0,1,1.5502755620693378
6613,333.75,23.75,23.75,0.0,1,1.5208632189863924
6614,336.25,23.75,23.75,0.0,1,1.4896505514952088
6615,338.75,23.75,23.75,0.0,1,1.457724685930012
6616,341.25,23.75,23.75,0.0,1,1.4044495571454876
6617,343.75,23.75,23.75,0.0,1,1.4412801802973372
6618,346.25,23.75,23.75,1.0,0,1.7529802622103083
6619,348.75,23.75,23.75,1.0,0,2.0316014400280342
6620,351.25,23.75,23.75,1.0,0,2.1918077303825454
6621,353.75,23.75,23.75,1.0,0,2.257731035204575
6622,356.25,23.75,23.75,1.0,0,2.3060895458515382
6623,358.75,23.75,23.75,1.0,0,2.3234095884226007
6624,1.25,26.25,26.25,1.0,0,2.3391676299111492
6625,3.75,26.25,26.25,1.0,0,2.305139884446775
6626,6.25,26.25,26.25,1.0,0,2.2648253268746426
6627,8.75,26.25,26.25,1.0,0,2.271122366241478
6628,11.25,26.25,26.25,1.0,0,2.3161473601662568
6629,13.75,26.25,26.25,1.0,0,2.3335062743536032
6630,16.25,26.25,26.25,1.0,0,2.3185621935310485
6631,18.75,26.25,26.25,1.0,0,2.30116509712438
6632,21.25,26.25,26.25,1.0,0,2.299669709041272
6633,23.75,26.25,26.25,1.0,0,2.30625063399754
6634,26.25,26.25,26.25,1.0,0,2.313421390528879
6635,28.75,26.25,26.25,1.0,0,2.289788722697798
6636,31.25,26.25,26.25,1.0,0,2.2465680459113875
6637,33.75,26.25,26.25,0.0,3,2.007216242078191
6638,36.25,26.25,26.25,0.0,3,1.7997214909673005
6639,38.75,26.25,26.25,1.0,0,1.9851251103850862
6640,41.25,26.25,26.25,1.0,0,2.0735760389246023
6641,43.75,26.25,26.25,1.0,0,2.105764933468321
6642,46.25,26.25,26.25,1.0,0,2.0802858328499894
6643,48.75,26.25,26.25,0.0,3,1.9054805155899721
6644,51.25,26.25,26.25,0.0,3,1.6831707641026148
6645,53.75,26.25,26.25,0.0,3,1.6441930392572957
6646,56.25,26.25,26.25,0.0,3,1.6209287699093582
6647,58.75,26.25,26.25,0.0,3,1.634941574277346
6648,61.25,26.25,26.25,1.0,0,1.6059502533693837
6649,63.75,26.25,26.25,1.0,0,1.4712318959598973
6650,66.25,26.25,26.25,1.0,0,1.3095316650349513
6651,68.75,26.25,26.25,1.0,0,1.1893627970937468
6652,71.25,26.25,26.25,1.0,0,1.2216597160786484
6653,73.75,26.25,26.25,1.0,0,1.2303396558936084
6654,76.25,26.25,26.25,1.0,0,1.077540005884564
6655,78.75,26.25,26.25,1.0,0,0.7315766537219222
6656,81.25,26.25,26.25,1.0,0,0.34502743547085357
6657,83.75,26.25,26.25,1.0,0,0.3204498705523602
6658,86.25,26.25,26.25,1.0,0,0.556198965029899
6659,88.75,26.25,26.25,1.0,0,0.7411227456475735
6660,91.25,26.25,26.25,1.0,0,0.7311153358838642
6661,93.75,26.25,26.25,1.0,0,0.6672791632125509
6662,96.25,26.25,26.25,1.0,0,0.7859725193162155
6663,98.75,26.25,26.25,1.0,0,1.0027280489156707
6664,101.25,26.25,26.25,1.0,0,1.1459404664826454
6665,103.75,26.25,26.25,1.0,0,1.3613294258046327
6666,106.25,26.25,26.25,1.0,0,1.4918128542475835
6667,108.75,26.25,26.25,1.0,0,1.5270660610461069
6668,111.25,26.25,26.25,1.0,0,1.5324934573737738
6669,113.75,26.25,26.25,1.0,0,1.4970480540883173
6670,116.25,26.25,26.25,1.0,0,1.4585813939564911
6671,118.75,26.25,26.25,0.0,0,1.5315916005580315
6672,121.25,26.25,26.25,0.0,2,1.5774931959284062
6673,123.75,26.25,26.25,0.0,2,1.428851789860249
6674,126.25,26.25,26.25,0.0,2,1.2994282249689368
6675,128.75,26.25,26.25,0.0,2,1.234957598234947
6676,131.25,26.25,26.25,0.0,2,1.2094209748368503
6677,133.75,26.25,26.25,0.0,2,1.2290628730188076
6678,136.25,26.25,26.25,0.0,2,1.2203821293727097
6679,138.75,26.25,26.25,0.0,2,1.1885975533003628
6680,141.25,26.25,26.25,0.0,2,1.158789096482471
6681,143.75,26.25,26.25,0.0,2,1.1322068695477894
6682,146.25,26.25,26.25,0.0,2,1.0982507119581522
6683,148.75,26.25,26.25,0.0,2,1.0641319610285347
6684,151.25,26.25,26.25,0.0,2,1.0373633729105038
6685,153.75,26.25,26.25,0.0,2,1.0107770479993659
6686,156.25,26.25,26.25,0.0,2,0.9881673127820726
6687,158.75,26.25,26.25,0.0,2,0.9732862627592239
6688,161.25,26.25,26.25,0.0,2,0.9603086604425818
6689,163.75,26.25,26.25,0.0,2,0.9529693832687987
6690,166.25,26.25,26.25,0.0,2,0.9544896545855923
6691,168.75,26.25,26.25,0.0,2,0.9611134277610658
6692,171.25,26.25,26.25,0.0,2,0.9733002217977281
6693,173.75,26.25,26.25,0.0,2,0.9866992453265059
6694,176.25,26.25,26.25,0.0,2,1.0032131386968275
6695,178.75,26.25,26.25,0.0,2,1.0219721483398856
6696,181.25,26.25,26.25,0.0,2,1.039106913331128
6697,183.75,26.25,26.25,0.0,2,1.058806044402755
6698,186.25,26.25,26.25,0.0,2,1.0777180801399724
6699,188.75,26.25,26.25,0.0,2,1.0912995319654322
6700,191.25,26.25,26.25,0.0,2,1.0924374887022241
6701,193.75,26.25,26.25,0.0,2,1.0762294231410863
6702,196.25,26.25,26.25,0.0,2,1.061696170195719
6703,198.75,26.25,26.25,0.0,2,1.0425123412077744
6704,201.25,26.25,26.25,0.0,2,1.0212027334319569
6705,203.75,26.25,26.25,0.0,2,1.005955403810078
6706,206.25,26.25,26.25,0.0,2,0.9927658632268087
6707,208.75,26.25,26.25,0.0,2,0.983913963128632
6708,211.25,26.25,26.25,0.0,2,0.9832709164125571
6709,213.75,26.25,26.25,0.0,2,0.9898544036578795
6710,216.25,26.25,26.25,0.0,2,1.0027693578527892
6711,218.75,26.25,26.25,0.0,2,1.0190779149741789
6712,221.25,26.25,26.25,0.0,2,1.0390560882051239
6713,223.75,26.25,26.25,0.0,2,1.0619394808269202
6714,226.25,26.25,26.25,0.0,2,1.0835670770423806
6715,228.75,26.25,26.25,0.0,2,1.1081615665345221
6716,231.25,26.25,26.25,0.0,2,1.138053831208214
6717,233.75,26.25,26.25,0.0,2,1.1815750580460231
6718,236.25,26.25,26.25,0.0,2,1.2573981416327453
6719,238.75,26.25,26.25,0.0,2,1.3194630662663094
6720,241.25,26.25,26.25,0.0,2,1.3774678703520806
6721,243.75,26.25,26.25,0.0,2,1.421292215657668
6722,246.25,26.25,26.25,0.0,2,1.4368289885820325
6723,248.75,26.25,26.25,0.0,2,1.415639465977731
6724,251.25,26.25,26.25,0.0,2,1.452522352629528
6725,253.75,26.25,26.25,1.0,0,1.5185255748065833
6726,256.25,26.25,26.25,1.0,0,1.5164603710915046
6727,258.75,26.25,26.25,1.0,0,1.5162247094087729
6728,261.25,26.25,26.25,1.0,0,1.5280401521420846
6729,263.75,26.25,26.25,0.0,2,1.436298640644869
6730,266.25,26.25,26.25,0.0,2,1.3818029454062366
6731,268.75,26.25,26.25,0.0,2,1.3831727311587023
6732,271.25,26.25,26.25,0.0,2,1.3887711022277418
6733,273.75,26.25,26.25,0.0,2,1.4309497068883348
6734,276.25,26.25,26.25,0.0,2,1.5094100950095797
6735,278.75,26.25,26.25,0.0,2,1.5430155285988325
6736,281.25,26.25,26.25,0.0,1,1.4504967845961447
6737,283.75,26.25,26.25,0.0,1,1.3457683616358804
6738,286.25,26.25,26.25,0.0,1,1.3712939883263358
6739,288.75,26.25,26.25,0.0,1,1.4458430384177021
6740,291.25,26.25,26.25,0.0,1,1.439555603772223
6741,293.75,26.25,26.25,0.0,1,1.417045834321038
6742,296.25,26.25,26.25,0.0,1,1.3844854029634308
6743,298.75,26.25,26.25,0.0,1,1.3514738095560939
6744,301.25,26.25,26.25,0.0,1,1.3279813878157924
6745,303.75,26.25,26.25,0.0,1,1.312707739350971
6746,306.25,26.25,26.25,0.0,1,1.3119765601084037
6747,308.75,26.25,26.25,0.0,1,1.3215483600655373
6748,311.25,26.25,26.25,0.0,1,1.3455811326538822
6749,313.75,26.25,26.25,0.0,1,1.382027738160076
6750,316.25,26.25,26.25,0.0,1,1.4218714761575952
6751,318.75,26.25,26.25,0.0,1,1.468339568401402
6752,321.25,26.25,26.25,0.0,1,1.5163552284330353
6753,323.75,26.25,26.25,0.0,1,1.5581050410858879
6754,326.25,26.25,26.25,0.0,1,1.5977931574253708
6755,328.75,26.25,26.25,0.0,1,1.6237085806856233
6756,331.25,26.25,26.25,0.0,1,1.6311567391517785
6757,333.75,26.25,26.25,0.0,1,1.6147472899192337
6758,336.25,26.25,26.25,0.0,1,1.5775991097682616
6759,338.75,26.25,26.25,0.0,1,1.5383189631268177
6760,341.25,26.25,26.25,0.0,1,1.4887314281043473
6761,343.75,26.25,26.25,0.0,1,1.413838790999914
6762,346.25,26.25,26.25,0.0,1,1.490508361457058
6763,348.75,26.25,26.25,1.0,0,1.7668986625752223
6764,351.25,26.25,26.25,1.0,0,2.087662525394513
6765,353.75,26.25,26.25,1.0,0,2.2199860891322722
6766,356.25,26.25,26.25,1.0,0,2.295195862024764
6767,358.75,26.25,26.25,1.0,0,2.339569368442419
6768,1.25,28.75,28.75,1.0,0,2.340334209796536
6769,3.75,28.75,28.75,1.0,0,2.3372626164338826
6770,6.25,28.75,28.75,1.0,0,2.331990201060382
6771,8.75,28.75,28.75,1.0,0,2.331128280962283
6772,11.25,28.75,28.75,1.0,0,2.3248767282858886
6773,13.75,28.75,28.75,1.0,0,2.294212036132819
6774,16.25,28.75,28.75,1.0,0,2.2441672287036
6775,18.75,28.75,28.75,1.0,0,2.184181321500717
6776,21.25,28.75,28.75,1.0,0,2.2283480237391426
6777,23.75,28.75,28.75,1.0,0,2.27484952159788
6778,26.25,28.75,28.75,1.0,0,2.272762453466779
6779,28.75,28.75,28.75,1.0,0,2.258065578300756
6780,31.25,28.75,28.75,1.0,0,2.2432909344299006
6781,33.75,28.75,28.75,1.0,0,2.120509924140913
6782,36.25,28.75,28.75,1.0,0,2.04116153403513
6783,38.75,28.75,28.75,1.0,0,2.0853204540328707
6784,41.25,28.75,28.75,1.0,0,2.0965957249439082
6785,43.75,28.75,28.75,1.0,0,2.050434771446393
6786,46.25,28.75,28.75,1.0,0,1.9890749623875357
6787,48.75,28.75,28.75,0.0,3,1.744477792986466
6788,51.25,28.75,28.75,0.0,3,1.7913632737542813
6789,53.75,28.75,28.75,1.0,0,1.8963098656955872
6790,56.25,28.75,28.75,1.0,0,1.9220803207940675
6791,58.75,28.75,28.75,1.0,0,1.9531414391135782
6792,61.25,28.75,28.75,1.0,0,1.9615418132872176
6793,63.75,28.75,28.75,1.0,0,1.9143696251550415
6794,66.25,28.75,28.75,1.0,0,1.6819092037971028
6795,68.75,28.75,28.75,1.0,0,1.3653667158701879
6796,71.25,28.75,28.75,1.0,0,1.16313921417243
6797,73.75,28.75,28.75,1.0,0,1.1057557564386018
6798,76.25,28.75,28.75,1.0,0,0.9310137233398044
6799,78.75,28.75,28.75,1.0,0,0.638455915700968
6800,81.25,28.75,28.75,1.0,0,0.8026995690155763
6801,83.75,28.75,28.75,1.0,0,1.2150608176196653
6802,86.25,28.75,28.75,1.0,0,1.3880393459930567
6803,88.75,28.75,28.75,1.0,0,1.4389732638601929
6804,91.25,28.75,28.75,1.0,0,1.3152903012524635
6805,93.75,28.75,28.75,1.0,0,1.1711502960113795
6806,96.25,28.75,28.75,1.0,0,1.1579425652306483
6807,98.75,28.75,28.75,1.0,0,1.2168145925984952
6808,101.25,28.75,28.75,1.0,0,1.2853017926260357
6809,103.75,28.75,28.75,1.0,0,1.5431065716520238
6810,106.25,28.75,28.75,1.0,0,1.5074657491168577
6811,108.75,28.75,28.75,1.0,0,1.6050286416177844
6812,111.25,28.75,28.75,1.0,0,1.6648758856234676
6813,113.75,28.75,28.75,1.0,0,1.5776366375558109
6814,116.25,28.75,28.75,1.0,0,1.5879713187870228
6815,118.75,28.75,28.75,1.0,0,1.6071055440911897
6816,121.25,28.75,28.75,0.0,2,1.7054992988871425
6817,123.75,28.75,28.75,0.0,2,1.7066912652456365
6818,126.25,28.75,28.75,0.0,2,1.559236510704152
6819,128.75,28.75,28.75,0.0,2,1.442123967578444
6820,131.25,28.75,28.75,0.0,2,1.3587711677161223
6821,133.75,28.75,28.75,0.0,2,1.3151439060546213
6822,136.25,28.75,28.75,0.0,2,1.3136195391807313
6823,138.75,28.75,28.75,0.0,2,1.3126038205502628
6824,141.25,28.75,28.75,0.0,2,1.3212250477919654
6825,143.75,28.75,28.75,0.0,2,1.318636494647812
6826,146.25,28.75,28.75,0.0,2,1.2840129067489432
6827,148.75,28.75,28.75,0.0,2,1.2450698692224724
6828,151.25,28.75,28.75,0.0,2,1.214486240104501
6829,153.75,28.75,28.75,0.0,2,1.1775970371606612
6830,156.25,28.75,28.75,0.0,2,1.1439702625380035
6831,158.75,28.75,28.75,0.0,2,1.1186132930656123
6832,161.25,28.75,28.75,0.0,2,1.0943535398215585
6833,163.75,28.75,28.75,0.0,2,1.072569879698767
6834,166.25,28.75,28.75,0.0,2,1.057987631554771
6835,168.75,28.75,28.75,0.0,2,1.0506975524465643
6836,171.25,28.75,28.75,0.0,2,1.054318469917227
6837,173.75,28.75,28.75,0.0,2,1.063466093586058
6838,176.25,28.75,28.75,0.0,2,1.0736512009460712
6839,178.75,28.75,28.75,0.0,2,1.085722312699706
6840,181.25,28.75,28.75,0.0,2,1.097756446652605
6841,183.75,28.75,28.75,0.0,2,1.1119968191414378
6842,186.25,28.75,28.75,0.0,2,1.1285002415047916
6843,188.75,28.75,28.75,0.0,2,1.143556112537601
6844,191.25,28.75,28.75,0.0,2,1.1521987888746996
6845,193.75,28.75,28.75,0.0,2,1.1498107198278633
6846,196.25,28.75,28.75,0.0,2,1.1415959345654603
6847,198.75,28.75,28.75,0.0,2,1.1276186330443956
6848,201.25,28.75,28.75,0.0,2,1.1099834330653993
6849,203.75,28.75,28.75,0.0,2,1.093528002133685
6850,206.25,28.75,28.75,0.0,2,1.0780721852436654
6851,208.75,28.75,28.75,0.0,2,1.0640594937860615
6852,211.25,28.75,28.75,0.0,2,1.0554608067687996
6853,213.75,28.75,28.75,0.0,2,1.0500795341563782
6854,216.25,28.75,28.75,0.0,2,1.0487185873242229
6855,218.75,28.75,28.75,0.0,2,1.053758839524377
6856,221.25,28.75,28.75,0.0,2,1.0612863528490513
6857,223.75,28.75,28.75,0.0,2,1.0750155463052957
6858,226.25,28.75,28.75,0.0,2,1.0901792254678686
6859,228.75,28.75,28.75,0.0,2,1.1048268463502704
6860,231.25,28.75,28.75,0.0,2,1.1155350358799276
6861,233.75,28.75,28.75,0.0,2,1.1402846279800938
6862,236.25,28.75,28.75,0.0,2,1.2222214902359383
6863,238.75,28.75,28.75,0.0,2,1.3175446912916113
6864,241.25,28.75,28.75,0.0,2,1.4007059608263093
6865,243.75,28.75,28.75,0.0,2,1.4426330667847305
6866,246.25,28.75,28.75,1.0,0,1.632211529960608
6867,248.75,28.75,28.75,1.0,0,1.6791162687246612
6868,251.25,28.75,28.75,1.0,0,1.6846319948979016
6869,253.75,28.75,28.75,1.0,0,1.6535867452663178
6870,256.25,28.75,28.75,1.0,0,1.6194644542882926
6871,258.75,28.75,28.75,1.0,0,1.627968753613202
6872,261.25,28.75,28.75,1.0,0,1.6535721920995348
6873,263.75,28.75,28.75,0.0,2,1.608968633209228
6874,266.25,28.75,28.75,0.0,2,1.574891603603275
6875,268.75,28.75,28.75,0.0,2,1.5808474500337646
6876,271.25,28.75,28.75,0.0,2,1.5941691669158886
6877,273.75,28.75,28.75,0.0,2,1.615099064345367
6878,276.25,28.75,28.75,0.0,2,1.6609484401516577
6879,278.75,28.75,28.75,0.0,2,1.6023000424022236
6880,281.25,28.75,28.75,0.0,1,1.4703298094752566
6881,283.75,28.75,28.75,0.0,1,1.3714272778801369
6882,286.25,28.75,28.75,0.0,1,1.4149864224666964
6883,288.75,28.75,28.75,0.0,1,1.5020257419639593
6884,291.25,28.75,28.75,0.0,1,1.4795497772563102
6885,293.75,28.75,28.75,0.0,1,1.4663224961845696
6886,296.25,28.75,28.75,0.0,1,1.4481296293723316
6887,298.75,28.75,28.75,0.0,1,1.4151882943944853
6888,301.25,28.75,28.75,0.0,1,1.3829625200048379
6889,303.75,28.75,28.75,0.0,1,1.3430878030835287
6890,306.25,28.75,28.75,0.0,1,1.3087513039349281
6891,308.75,28.75,28.75,0.0,1,1.2853513759824884
6892,311.25,28.75,28.75,0.0,1,1.2727493099537188
6893,313.75,28.75,28.75,0.0,1,1.2806404018832054
6894,316.25,28.75,28.75,0.0,1,1.3052770331387982
6895,318.75,28.75,28.75,0.0,1,1.3463199845412939
6896,321.25,28.75,28.75,0.0,1,1.3966875282033773
6897,323.75,28.75,28.75,0.0,1,1.4523349819476181
6898,326.25,28.75,28.75,0.0,1,1.515689320759737
6899,328.75,28.75,28.75,0.0,1,1.5655782104637574
6900,331.25,28.75,28.75,0.0,1,1.5991301375905118
6901,333.75,28.75,28.75,0.0,1,1.6242860701776096
6902,336.25,28.75,28.75,0.0,1,1.6338024955778334
6903,338.75,28.75,28.75,0.0,1,1.6265717740332644
6904,341.25,28.75,28.75,0.0,1,1.6004504680250067
6905,343.75,28.75,28.75,0.0,1,1.5182412675654966
6906,346.25,28.75,28.75,0.0,1,1.3923801973796033
6907,348.75,28.75,28.75,0.0,1,1.4184891783752203
6908,351.25,28.75,28.75,1.0,0,1.9915491141525945
6909,353.75,28.75,28.75,1.0,0,2.2149248241350037
6910,356.25,28.75,28.75,1.0,0,2.2995807980130176
6911,358.75,28.75,28.75,1.0,0,2.337247210129531
6912,1.25,31.25,31.25,1.0,0,2.3181073300113857
6913,3.75,31.25,31.25,1.0,0,2.334117841560356
6914,6.25,31.25,31.25,1.0,0,2.3562748507913507
6915,8.75,31.25,31.25,1.0,0,2.3519346387579128
6916,11.25,31.25,31.25,1.0,0,2.2861313209617258
6917,13.75,31.25,31.25,1.0,0,2.2090818909129992
6918,16.25,31.25,31.25,0.0,1,2.087777048219367
6919,18.75,31.25,31.25,0.0,1,1.9486315194111463
6920,21.25,31.25,31.25,1.0,0,2.047519294340894
6921,23.75,31.25,31.25,1.0,0,2.090719467273923
6922,26.25,31.25,31.25,0.0,1,1.9805771718503626
6923,28.75,31.25,31.25,0.0,1,1.9760975219585954
6924,31.25,31.25,31.25,0.0,2,1.9970562048266745
6925,33.75,31.25,31.25,0.0,2,1.9496002514436281
6926,36.25,31.25,31.25,0.0,0,2.003663439526979
6927,38.75,31.25,31.25,1.0,0,2.0505078510794577
6928,41.25,31.25,31.25,1.0,0,2.022285887257495
6929,43.75,31.25,31.25,1.0,0,1.971094864505968
6930,46.25,31.25,31.25,1.0,0,1.978693586600412
6931,48.75,31.25,31.25,1.0,0,1.949474986287574
6932,51.25,31.25,31.25,1.0,0,1.9945578783300792
6933,53.75,31.25,31.25,1.0,0,2.0735965190507377
6934,56.25,31.25,31.25,1.0,0,2.1149460891954246
6935,58.75,31.25,31.25,1.0,0,2.085072597605586
6936,61.25,31.25,31.25,1.0,0,2.047614336740245
6937,63.75,31.25,31.25,1.0,0,1.9679402590797341
6938,66.25,31.25,31.25,1.0,0,1.770480673137178
6939,68.75,31.25,31.25,1.0,0,1.399859483224973
6940,71.25,31.25,31.25,1.0,0,0.853703829623801
6941,73.75,31.25,31.25,1.0,0,0.6612132153313729
6942,76.25,31.25,31.25,1.0,0,0.9139704699100136
6943,78.75,31.25,31.25,1.0,0,1.3663107555481138
6944,81.25,31.25,31.25,1.0,0,1.6587363825001915
6945,83.75,31.25,31.25,1.0,0,1.6243222298666928
6946,86.25,31.25,31.25,1.0,0,1.5608956346001626
6947,88.75,31.25,31.25,1.0,0,1.5218962291574385
6948,91.25,31.25,31.25,1.0,0,1.4821996358775116
6949,93.75,31.25,31.25,1.0,0,1.4437450463436576
6950,96.25,31.25,31.25,1.0,0,1.4168256915861728
6951,98.75,31.25,31.25,1.0,0,1.4075072645502245
6952,101.25,31.25,31.25,1.0,0,1.46526153559797
6953,103.75,31.25,31.25,1.0,0,1.6754270462129564
6954,106.25,31.25,31.25,1.0,0,1.5553027872891079
6955,108.75,31.25,31.25,1.0,0,1.6445003136961642
6956,111.25,31.25,31.25,1.0,0,1.6780541952061725
6957,113.75,31.25,31.25,1.0,0,1.6449610560045564
6958,116.25,31.25,31.25,1.0,0,1.6603772314166112
6959,118.75,31.25,31.25,1.0,0,1.7466694037573955
6960,121.25,31.25,31.25,0.0,2,1.8011092003444962
6961,123.75,31.25,31.25,0.0,2,1.8416292602304747
6962,126.25,31.25,31.25,0.0,2,1.7413822309119644
6963,128.75,31.25,31.25,0.0,2,1.628951525959686
6964,131.25,31.25,31.25,0.0,2,1.5491904876478355
6965,133.75,31.25,31.25,0.0,2,1.4977558899386407
6966,136.25,31.25,31.25,0.0,2,1.4609953537479745
6967,138.75,31.25,31.25,0.0,2,1.4355602334075228
6968,141.25,31.25,31.25,0.0,2,1.4344173996778895
6969,143.75,31.25,31.25,0.0,2,1.4509578211826517
6970,146.25,31.25,31.25,0.0,2,1.4372096012351818
6971,148.75,31.25,31.25,0.0,2,1.4051626705692806
6972,151.25,31.25,31.25,0.0,2,1.3795412828499194
6973,153.75,31.25,31.25,0.0,2,1.3523005724233097
6974,156.25,31.25,31.25,0.0,2,1.3224318495622374
6975,158.75,31.25,31.25,0.0,2,1.2960209343805176
6976,161.25,31.25,31.25,0.0,2,1.2672953324098963
6977,163.75,31.25,31.25,0.0,2,1.2382136802376902
6978,166.25,31.25,31.25,0.0,2,1.215526643884999
6979,168.75,31.25,31.25,0.0,2,1.1938898595754137
6980,171.25,31.25,31.25,0.0,2,1.1774466091099474
6981,173.75,31.25,31.25,0.0,2,1.1762433038097777
6982,176.25,31.25,31.25,0.0,2,1.1822390905405893
6983,178.75,31.25,31.25,0.0,2,1.1897847600498623
6984,181.25,31.25,31.25,0.0,2,1.1969483257448255
6985,183.75,31.25,31.25,0.0,2,1.2039387250937432
6986,186.25,31.25,31.25,0.0,2,1.2112116508424873
6987,188.75,31.25,31.25,0.0,2,1.2180434275219498
6988,191.25,31.25,31.25,0.0,2,1.2244891394525175
6989,193.75,31.25,31.25,0.0,2,1.2245724698369205
6990,196.25,31.25,31.25,0.0,2,1.2203860313600634
6991,198.75,31.25,31.25,0.0,2,1.2152771146267458
6992,201.25,31.25,31.25,0.0,2,1.2068612868433126
6993,203.75,31.25,31.25,0.0,2,1.193134736361239
6994,206.25,31.25,31.25,0.0,2,1.1751130422335503
6995,208.75,31.25,31.25,0.0,2,1.1559214360481709
6996,211.25,31.25,31.25,0.0,2,1.1400638511807535
6997,213.75,31.25,31.25,0.0,2,1.1256962676036861
6998,216.25,31.25,31.25,0.0,2,1.1143169831825055
6999,218.75,31.25,31.25,0.0,2,1.1114880846043873
7000,221.25,31.25,31.25,0.0,2,1.1133739326884189
7001,223.75,31.25,31.25,0.0,2,1.1178988921102346
7002,226.25,31.25,31.25,0.0,2,1.1224770992817277
7003,228.75,31.25,31.25,0.0,2,1.1254706743508902
7004,231.25,31.25,31.25,0.0,2,1.1248043876441465
7005,233.75,31.25,31.25,0.0,2,1.1376062830095095
7006,236.25,31.25,31.25,0.0,2,1.2121592543306388
7007,238.75,31.25,31.25,0.0,2,1.329703050205735
7008,241.25,31.25,31.25,0.0,2,1.446783102363163
7009,243.75,31.25,31.25,0.0,2,1.6012046709689454
7010,246.25,31.25,31.25,1.0,0,1.767458194640052
7011,248.75,31.25,31.25,1.0,0,1.8139961382200025
7012,251.25,31.25,31.25,1.0,0,1.8068594610903328
7013,253.75,31.25,31.25,1.0,0,1.7811113741374096
7014,256.25,31.25,31.25,1.0,0,1.7587852159481623
7015,258.75,31.25,31.25,1.0,0,1.7581328905176918
7016,261.25,31.25,31.25,1.0,0,1.7918573080839526
7017,263.75,31.25,31.25,1.0,0,1.8595475606115976
7018,266.25,31.25,31.25,1.0,0,1.8351303133890473
7019,268.75,31.25,31.25,1.0,0,1.8236207030519864
7020,271.25,31.25,31.25,1.0,0,1.8116683133792608
7021,273.75,31.25,31.25,1.0,0,1.7822444028968871
7022,276.25,31.25,31.25,1.0,0,1.7880178926911965
7023,278.75,31.25,31.25,0.0,2,1.741146705926083
7024,281.25,31.25,31.25,0.0,1,1.574234803340493
7025,283.75,31.25,31.25,0.0,1,1.441499995596888
7026,286.25,31.25,31.25,0.0,1,1.450998359798835
7027,288.75,31.25,31.25,0.0,1,1.5510405988027052
7028,291.25,31.25,31.25,0.0,1,1.5488659961577247
7029,293.75,31.25,31.25,0.0,1,1.5336130449491894
7030,296.25,31.25,31.25,0.0,1,1.51512599917786
7031,298.75,31.25,31.25,0.0,1,1.4865434905040829
7032,301.25,31.25,31.25,0.0,1,1.4571892275306917
7033,303.75,31.25,31.25,0.0,1,1.4183924477575782
7034,306.25,31.25,31.25,0.0,1,1.3721891735483984
7035,308.75,31.25,31.25,0.0,1,1.3251967579665165
7036,311.25,31.25,31.25,0.0,1,1.2735131271826192
7037,313.75,31.25,31.25,0.0,1,1.2398278202470865
7038,316.25,31.25,31.25,0.0,1,1.2337067991448438
7039,318.75,31.25,31.25,0.0,1,1.241394966455833
7040,321.25,31.25,31.25,0.0,1,1.264725070462126
7041,323.75,31.25,31.25,0.0,1,1.3095918381979943
7042,326.25,31.25,31.25,0.0,1,1.3813225150066477
7043,328.75,31.25,31.25,0.0,1,1.4517796960757168
7044,331.25,31.25,31.25,0.0,1,1.500104892435143
7045,333.75,31.25,31.25,0.0,1,1.5391831030930225
7046,336.25,31.25,31.25,0.0,1,1.5701600056480092
7047,338.75,31.25,31.25,0.0,1,1.5923947844885225
7048,341.25,31.25,31.25,0.0,1,1.6175866618521428
7049,343.75,31.25,31.25,0.0,1,1.6228549246809958
7050,346.25,31.25,31.25,0.0,1,1.535190197245813
7051,348.75,31.25,31.25,0.0,1,1.3810902477303932
7052,351.25,31.25,31.25,1.0,0,1.8214619335301172
7053,353.75,31.25,31.25,1.0,0,2.1386243219206853
7054,356.25,31.25,31.25,1.0,0,2.2360255116372323
7055,358.75,31.25,31.25,1.0,0,2.2976976080097034
7056,1.25,33.75,33.75,1.0,0,2.239143913995355
7057,3.75,33.75,33.75,1.0,0,2.3016262647280734
7058,6.25,33.75,33.75,1.0,0,2.3555057246057443
7059,8.75,33.75,33.75,1.0,0,2.3655108130076976
7060,11.25,33.75,33.75,0.0,1,2.205864731643448
7061,13.75,33.75,33.75,0.0,1,2.063175504498757
7062,16.25,33.75,33.75,0.0,1,2.000948196668316
7063,18.75,33.75,33.75,0.0,1,1.904876527350747
7064,21.25,33.75,33.75,0.0,1,1.8324633509120856
7065,23.75,33.75,33.75,0.0,1,1.868951478211988
7066,26.25,33.75,33.75,0.0,1,1.8682667248352838
7067,28.75,33.75,33.75,0.0,1,1.887908091574174
7068,31.25,33.75,33.75,0.0,2,1.856590397973429
7069,33.75,33.75,33.75,0.0,2,1.7955968603918806
7070,36.25,33.75,33.75,0.0,2,1.9064138929049625
7071,38.75,33.75,33.75,1.0,0,1.9714861117857339
7072,41.25,33.75,33.75,1.0,0,1.9612683411516343
7073,43.75,33.75,33.75,1.0,0,1.9324780115187965
7074,46.25,33.75,33.75,1.0,0,1.9915975567431035
7075,48.75,33.75,33.75,1.0,0,2.0821700912016308
7076,51.25,33.75,33.75,1.0,0,2.1509341604296077
7077,53.75,33.75,33.75,1.0,0,2.1883439304495673
7078,56.25,33.75,33.75,1.0,0,2.166378069537376
7079,58.75,33.75,33.75,1.0,0,2.1196269054172303
7080,61.25,33.75,33.75,1.0,0,2.090613911168588
7081,63.75,33.75,33.75,1.0,0,1.9907235149925342
7082,66.25,33.75,33.75,1.0,0,1.948100237861309
7083,68.75,33.75,33.75,1.0,0,1.789741152218322
7084,71.25,33.75,33.75,1.0,0,1.1599263017820873
7085,73.75,33.75,33.75,1.0,0,1.0867399023459305
7086,76.25,33.75,33.75,1.0,0,1.5992046283242356
7087,78.75,33.75,33.75,1.0,0,1.8914064277361853
7088,81.25,33.75,33.75,1.0,0,1.8064763288037686
7089,83.75,33.75,33.75,1.0,0,1.7314346678083936
7090,86.25,33.75,33.75,1.0,0,1.6551066401087045
7091,88.75,33.75,33.75,1.0,0,1.5256269091985581
7092,91.25,33.75,33.75,1.0,0,1.5369152263854813
7093,93.75,33.75,33.75,1.0,0,1.598702078506074
7094,96.25,33.75,33.75,1.0,0,1.6647552343943657
7095,98.75,33.75,33.75,1.0,0,1.6243500800786719
7096,101.25,33.75,33.75,1.0,0,1.6806485760102694
7097,103.75,33.75,33.75,1.0,0,1.7877500607631696
7098,106.25,33.75,33.75,1.0,0,1.7919251743503857
7099,108.75,33.75,33.75,1.0,0,1.7816479512012369
7100,111.25,33.75,33.75,1.0,0,1.703472465501634
7101,113.75,33.75,33.75,1.0,0,1.61209568155219
7102,116.25,33.75,33.75,1.0,0,1.6259220580536828
7103,118.75,33.75,33.75,1.0,0,1.7392573639902067
7104,121.25,33.75,33.75,0.0,2,1.8036241329437568
7105,123.75,33.75,33.75,0.0,2,1.8410692838397273
7106,126.25,33.75,33.75,0.0,2,1.8347097949972666
7107,128.75,33.75,33.75,0.0,2,1.7681932589975669
7108,131.25,33.75,33.75,0.0,2,1.7846201835316673
7109,133.75,33.75,33.75,1.0,0,1.7842880519903503
7110,136.25,33.75,33.75,0.0,2,1.685711799918804
7111,138.75,33.75,33.75,0.0,2,1.6098941976352417
7112,141.25,33.75,33.75,0.0,2,1.5400382952941287
7113,143.75,33.75,33.75,0.0,2,1.5437819124282708
7114,146.25,33.75,33.75,0.0,2,1.5637436560095126
7115,148.75,33.75,33.75,0.0,2,1.549835320645382
7116,151.25,33.75,33.75,0.0,2,1.5239843138729345
7117,153.75,33.75,33.75,0.0,2,1.49772866464287
7118,156.25,33.75,33.75,0.0,2,1.4685533541733493
7119,158.75,33.75,33.75,0.0,2,1.4405655949046496
7120,161.25,33.75,33.75,0.0,2,1.412965453107126
7121,163.75,33.75,33.75,0.0,2,1.386151542340716
7122,166.25,33.75,33.75,0.0,2,1.3633431024256044
7123,168.75,33.75,33.75,0.0,2,1.341745706416978
7124,171.25,33.75,33.75,0.0,2,1.3172468222125553
7125,173.75,33.75,33.75,0.0,2,1.304470105544145
7126,176.25,33.75,33.75,0.0,2,1.30041790330802
7127,178.75,33.75,33.75,0.0,2,1.3011416373764715
7128,181.25,33.75,33.75,0.0,2,1.305068829198948
7129,183.75,33.75,33.75,0.0,2,1.3077622231487482
7130,186.25,33.75,33.75,0.0,2,1.3086586894178656
7131,188.75,33.75,33.75,0.0,2,1.3092633663841078
7132,191.25,33.75,33.75,0.0,2,1.3120820988951796
7133,193.75,33.75,33.75,0.0,2,1.3130632712508516
7134,196.25,33.75,33.75,0.0,2,1.3115121614803926
7135,198.75,33.75,33.75,0.0,2,1.307923946647091
7136,201.25,33.75,33.75,0.0,2,1.2999948396846226
7137,203.75,33.75,33.75,0.0,2,1.2901198303337964
7138,206.25,33.75,33.75,0.0,2,1.2742181416279694
7139,208.75,33.75,33.75,0.0,2,1.2546563290858417
7140,211.25,33.75,33.75,0.0,2,1.2351527857212414
7141,213.75,33.75,33.75,0.0,2,1.2150502796061202
7142,216.25,33.75,33.75,0.0,2,1.1980585531423207
7143,218.75,33.75,33.75,0.0,2,1.191492580774576
7144,221.25,33.75,33.75,0.0,2,1.1908582647781116
7145,223.75,33.75,33.75,0.0,2,1.1877418144152345
7146,226.25,33.75,33.75,0.0,2,1.1808725513114018
7147,228.75,33.75,33.75,0.0,2,1.1655031748016769
7148,231.25,33.75,33.75,0.0,2,1.1434286874790756
7149,233.75,33.75,33.75,0.0,2,1.134398145575865
7150,236.25,33.75,33.75,0.0,2,1.2115633146867208
7151,238.75,33.75,33.75,0.0,2,1.3774490262005221
7152,241.25,33.75,33.75,0.0,2,1.5502623271311395
7153,243.75,33.75,33.75,1.0,0,1.7471566100665201
7154,246.25,33.75,33.75,1.0,0,1.842839955090564
7155,248.75,33.75,33.75,1.0,0,1.874946134398563
7156,251.25,33.75,33.75,1.0,0,1.8471706665836896
7157,253.75,33.75,33.75,1.0,0,1.8165837466748733
7158,256.25,33.75,33.75,1.0,0,1.8119155600393544
7159,258.75,33.75,33.75,1.0,0,1.8439483987897791
7160,261.25,33.75,33.75,1.0,0,1.8894221424880924
7161,263.75,33.75,33.75,1.0,0,1.9634157941220045
7162,266.25,33.75,33.75,1.0,0,1.9718810498868131
7163,268.75,33.75,33.75,1.0,0,1.9156563207765183
7164,271.25,33.75,33.75,1.0,0,1.933774514861799
7165,273.75,33.75,33.75,1.0,0,1.939108118721599
7166,276.25,33.75,33.75,1.0,0,1.9229610673349102
7167,278.75,33.75,33.75,1.0,0,1.8865541057261865
7168,281.25,33.75,33.75,0.0,1,1.791692904920387
7169,283.75,33.75,33.75,0.0,1,1.6094012471541708
7170,286.25,33.75,33.75,0.0,1,1.5200774513583084
7171,288.75,33.75,33.75,0.0,1,1.5616097602839991
7172,291.25,33.75,33.75,0.0,1,1.5912049621494029
7173,293.75,33.75,33.75,0.0,1,1.5822205003561758
7174,296.25,33.75,33.75,0.0,1,1.5630592435844346
7175,298.75,33.75,33.75,0.0,1,1.545591508587505
7176,301.25,33.75,33.75,0.0,1,1.5239384772773648
7177,303.75,33.75,33.75,0.0,1,1.496703258321383
7178,306.25,33.75,33.75,0.0,1,1.464361340408874
7179,308.75,33.75,33.75,0.0,1,1.4252421739156087
7180,311.25,33.75,33.75,0.0,1,1.3700641233858828
7181,313.75,33.75,33.75,0.0,1,1.315727109255187
7182,316.25,33.75,33.75,0.0,1,1.286064379725744
7183,318.75,33.75,33.75,0.0,1,1.2619218103684517
7184,321.25,33.75,33.75,0.0,1,1.2418594855339171
7185,323.75,33.75,33.75,0.0,1,1.2456268197423395
7186,326.25,33.75,33.75,0.0,1,1.2907378225208377
7187,328.75,33.75,33.75,0.0,1,1.3643157708033053
7188,331.25,33.75,33.75,0.0,1,1.4260557406699115
7189,333.75,33.75,33.75,0.0,1,1.4688146436335723
7190,336.25,33.75,33.75,0.0,1,1.4939654657036925
7191,338.75,33.75,33.75,0.0,1,1.5140474133664414
7192,341.25,33.75,33.75,0.0,1,1.5531317659092532
7193,343.75,33.75,33.75,0.0,1,1.6053197092318883
7194,346.25,33.75,33.75,0.0,1,1.6128687453015216
7195,348.75,33.75,33.75,0.0,1,1.5349157375292146
7196,351.25,33.75,33.75,0.0,1,1.5513985368950187
7197,353.75,33.75,33.75,0.0,1,1.808172777206855
7198,356.25,33.75,33.75,1.0,0,2.0697623494068926
7199,358.75,33.75,33.75,1.0,0,2.163754450687131
7200,1.25,36.25,36.25,0.0,1,2.0914551381981408
7201,3.75,36.25,36.25,1.0,0,2.205266207043889
7202,6.25,36.25,36.25,1.0,0,2.244597835973265
7203,8.75,36.25,36.25,1.0,0,2.2763397888971975
7204,11.25,36.25,36.25,0.0,1,2.2126923499796267
7205,13.75,36.25,36.25,0.0,1,2.1030610785864075
7206,16.25,36.25,36.25,0.0,1,2.0207662933214916
7207,18.75,36.25,36.25,0.0,1,2.0204547689039383
7208,21.25,36.25,36.25,0.0,1,2.0845106853072304
7209,23.75,36.25,36.25,0.0,1,2.1040691076326503
7210,26.25,36.25,36.25,0.0,1,2.068150002127085
7211,28.75,36.25,36.25,0.0,1,2.0010969816247908
7212,31.25,36.25,36.25,0.0,2,1.9208428958355663
7213,33.75,36.25,36.25,0.0,2,1.8450462005433972
7214,36.25,36.25,36.25,0.0,2,1.8396920398842882
7215,38.75,36.25,36.25,1.0,0,1.9204575239313282
7216,41.25,36.25,36.25,1.0,0,1.9604917507876507
7217,43.75,36.25,36.25,1.0,0,1.9984748879700127
7218,46.25,36.25,36.25,1.0,0,2.1053001324222547
7219,48.75,36.25,36.25,1.0,0,2.158969407130894
7220,51.25,36.25,36.25,1.0,0,2.23031211250432
7221,53.75,36.25,36.25,1.0,0,2.2579879636902684
7222,56.25,36.25,36.25,1.0,0,2.213674140767096
7223,58.75,36.25,36.25,1.0,0,2.2273570000784546
7224,61.25,36.25,36.25,1.0,0,2.290840824789974
7225,63.75,36.25,36.25,1.0,0,2.249029222271671
7226,66.25,36.25,36.25,1.0,0,2.1709399430768967
7227,68.75,36.25,36.25,1.0,0,2.0544359998351895
7228,71.25,36.25,36.25,1.0,0,1.8421734986294276
7229,73.75,36.25,36.25,1.0,0,1.8860705389966712
7230,76.25,36.25,36.25,1.0,0,1.9246359449651085
7231,78.75,36.25,36.25,1.0,0,1.9950114438883286
7232,81.25,36.25,36.25,1.0,0,2.0003490199789815
7233,83.75,36.25,36.25,1.0,0,1.9673538097613275
7234,86.25,36.25,36.25,1.0,0,1.9088833967833545
7235,88.75,36.25,36.25,1.0,0,1.9012815111430168
7236,91.25,36.25,36.25,1.0,0,1.9192302471737182
7237,93.75,36.25,36.25,1.0,0,1.961123309588947
7238,96.25,36.25,36.25,1.0,0,1.955303994590709
7239,98.75,36.25,36.25,1.0,0,1.937389067638961
7240,101.25,36.25,36.25,1.0,0,1.9510643115337074
7241,103.75,36.25,36.25,1.0,0,1.9814238642067776
7242,106.25,36.25,36.25,1.0,0,1.9664689376455589
7243,108.75,36.25,36.25,1.0,0,1.938413466190315
7244,111.25,36.25,36.25,1.0,0,1.8065523701115425
7245,113.75,36.25,36.25,1.0,0,1.6187512590137039
7246,116.25,36.25,36.25,1.0,0,1.593614515893772
7247,118.75,36.25,36.25,1.0,0,1.6946121641730694
7248,121.25,36.25,36.25,0.0,2,1.7644090654912556
7249,123.75,36.25,36.25,0.0,2,1.8225090222808702
7250,126.25,36.25,36.25,0.0,2,1.8931062141264385
7251,128.75,36.25,36.25,0.0,2,1.9070838866818751
7252,131.25,36.25,36.25,0.0,2,1.9281172388003724
7253,133.75,36.25,36.25,0.0,2,1.9489724448668477
7254,136.25,36.25,36.25,0.0,2,1.9101674742906036
7255,138.75,36.25,36.25,1.0,0,1.845638038348756
7256,141.25,36.25,36.25,0.0,2,1.6829432835117122
7257,143.75,36.25,36.25,0.0,2,1.6153657486122994
7258,146.25,36.25,36.25,0.0,2,1.6450942212951551
7259,148.75,36.25,36.25,0.0,2,1.6541766731620258
7260,151.25,36.25,36.25,0.0,2,1.6458056734126238
7261,153.75,36.25,36.25,0.0,2,1.6264808101224129
7262,156.25,36.25,36.25,0.0,2,1.5965587607327656
7263,158.75,36.25,36.25,0.0,2,1.5618181172207977
7264,161.25,36.25,36.25,0.0,2,1.5281941766303901
7265,163.75,36.25,36.25,0.0,2,1.5048127078160431
7266,166.25,36.25,36.25,0.0,2,1.4851567130310779
7267,168.75,36.25,36.25,0.0,2,1.4611904753126441
7268,171.25,36.25,36.25,0.0,2,1.4351666708875515
7269,173.75,36.25,36.25,0.0,2,1.4174564709391626
7270,176.25,36.25,36.25,0.0,2,1.4014436375263326
7271,178.75,36.25,36.25,0.0,2,1.3905774576623575
7272,181.25,36.25,36.25,0.0,2,1.389306276284918
7273,183.75,36.25,36.25,0.0,2,1.389782197453468
7274,186.25,36.25,36.25,0.0,2,1.3880518276742424
7275,188.75,36.25,36.25,0.0,2,1.3867909274957302
7276,191.25,36.25,36.25,0.0,2,1.3875712013135686
7277,193.75,36.25,36.25,0.0,2,1.3880411855432095
7278,196.25,36.25,36.25,0.0,2,1.3864588795517958
7279,198.75,36.25,36.25,0.0,2,1.3834064043757222
7280,201.25,36.25,36.25,0.0,2,1.3777005524539996
7281,203.75,36.25,36.25,0.0,2,1.3710830386255852
7282,206.25,36.25,36.25,0.0,2,1.3603027328847779
7283,208.75,36.25,36.25,0.0,2,1.3456960524740624
7284,211.25,36.25,36.25,0.0,2,1.3293318880557516
7285,213.75,36.25,36.25,0.0,2,1.3100247473933095
7286,216.25,36.25,36.25,0.0,2,1.292683900719644
7287,218.75,36.25,36.25,0.0,2,1.2845493806267538
7288,221.25,36.25,36.25,0.0,2,1.2797987747318909
7289,223.75,36.25,36.25,0.0,2,1.2729202617308253
7290,226.25,36.25,36.25,0.0,2,1.2604657187717463
7291,228.75,36.25,36.25,0.0,2,1.2284459307216948
7292,231.25,36.25,36.25,0.0,2,1.1713898751714018
7293,233.75,36.25,36.25,0.0,2,1.1239881947795598
7294,236.25,36.25,36.25,0.0,2,1.238179079734923
7295,238.75,36.25,36.25,0.0,2,1.5201575667723461
7296,241.25,36.25,36.25,1.0,0,1.7528462592960892
7297,243.75,36.25,36.25,1.0,0,1.8711109531423065
7298,246.25,36.25,36.25,1.0,0,1.9595973503510014
7299,248.75,36.25,36.25,1.0,0,1.9972797885128428
7300,251.25,36.25,36.25,1.0,0,1.932674982204896
7301,253.75,36.25,36.25,1.0,0,1.8343861423961492
7302,256.25,36.25,36.25,1.0,0,1.8362156641824496
7303,258.75,36.25,36.25,1.0,0,1.9157710118411835
7304,261.25,36.25,36.25,1.0,0,2.003130597331926
7305,263.75,36.25,36.25,1.0,0,2.085697916222545
7306,266.25,36.25,36.25,1.0,0,2.1130900507709196
7307,268.75,36.25,36.25,1.0,0,2.0753951808853994
7308,271.25,36.25,36.25,1.0,0,2.099096809918299
7309,273.75,36.25,36.25,1.0,0,2.088815578275855
7310,276.25,36.25,36.25,1.0,0,2.0679929094583414
7311,278.75,36.25,36.25,1.0,0,2.0516425722631424
7312,281.25,36.25,36.25,1.0,0,2.038737497494393
7313,283.75,36.25,36.25,0.0,1,1.8795258333625164
7314,286.25,36.25,36.25,0.0,1,1.6813805433644895
7315,288.75,36.25,36.25,0.0,1,1.5903036447354377
7316,291.25,36.25,36.25,0.0,1,1.5753847420524543
7317,293.75,36.25,36.25,0.0,1,1.5733594904801982
7318,296.25,36.25,36.25,0.0,1,1.5635514546995357
7319,298.75,36.25,36.25,0.0,1,1.5555805374981075
7320,301.25,36.25,36.25,0.0,1,1.551904615481958
7321,303.75,36.25,36.25,0.0,1,1.5386083441898006
7322,306.25,36.25,36.25,0.0,1,1.5168747223839492
7323,308.75,36.25,36.25,0.0,1,1.4926238765545343
7324,311.25,36.25,36.25,0.0,1,1.4598937328922144
7325,313.75,36.25,36.25,0.0,1,1.4230698099298738
7326,316.25,36.25,36.25,0.0,1,1.3920881963333223
7327,318.75,36.25,36.25,0.0,1,1.3683652746057196
7328,321.25,36.25,36.25,0.0,1,1.3446263866498378
7329,323.75,36.25,36.25,0.0,1,1.3211337017387954
7330,326.25,36.25,36.25,0.0,1,1.3170708550896553
7331,328.75,36.25,36.25,0.0,1,1.3592422596099414
7332,331.25,36.25,36.25,0.0,1,1.4208152338006057
7333,333.75,36.25,36.25,0.0,1,1.466838346663877
7334,336.25,36.25,36.25,0.0,1,1.4835414868490002
7335,338.75,36.25,36.25,0.0,1,1.4803540042572074
7336,341.25,36.25,36.25,0.0,1,1.497396150560724
7337,343.75,36.25,36.25,0.0,1,1.5441501550308598
7338,346.25,36.25,36.25,0.0,1,1.5769565789455546
7339,348.75,36.25,36.25,0.0,1,1.5346678791274961
7340,351.25,36.25,36.25,0.0,1,1.542271444816187
7341,353.75,36.25,36.25,0.0,1,1.6979399131619974
7342,356.25,36.25,36.25,0.0,1,1.9317573238499042
7343,358.75,36.25,36.25,0.0,1,2.013360380468709
7344,1.25,38.75,38.75,0.0,1,2.092159233830621
7345,3.75,38.75,38.75,0.0,1,2.1187666114124735
7346,6.25,38.75,38.75,0.0,1,2.151529309606402
7347,8.75,38.75,38.75,0.0,1,2.2152366479941166
7348,11.25,38.75,38.75,0.0,1,2.2166928604670035
7349,13.75,38.75,38.75,0.0,1,2.2790122829927326
7350,16.25,38.75,38.75,1.0,0,2.301671255447072
7351,18.75,38.75,38.75,0.0,1,2.184789416415221
7352,21.25,38.75,38.75,0.0,1,2.2704058285699613
7353,23.75,38.75,38.75,0.0,1,2.276475082943312
7354,26.25,38.75,38.75,0.0,1,2.209680723050887
7355,28.75,38.75,38.75,1.0,0,2.138312280161555
7356,31.25,38.75,38.75,1.0,0,2.1196750832415643
7357,33.75,38.75,38.75,1.0,0,2.1167770088531044
7358,36.25,38.75,38.75,1.0,0,2.114959369233964
7359,38.75,38.75,38.75,1.0,0,2.143174364159592
7360,41.25,38.75,38.75,1.0,0,2.119762488659444
7361,43.75,38.75,38.75,1.0,0,2.142083541477063
7362,46.25,38.75,38.75,1.0,0,2.160341346170113
7363,48.75,38.75,38.75,1.0,0,2.229124160589678
7364,51.25,38.75,38.75,1.0,0,2.4369013290324615
7365,53.75,38.75,38.75,1.0,0,2.393655822598158
7366,56.25,38.75,38.75,1.0,0,2.3441741405467442
7367,58.75,38.75,38.75,1.0,0,2.3613205289151273
7368,61.25,38.75,38.75,1.0,0,2.389111125917662
7369,63.75,38.75,38.75,1.0,0,2.3337397867654186
7370,66.25,38.75,38.75,1.0,0,2.2156227788362415
7371,68.75,38.75,38.75,1.0,0,2.1049287108083963
7372,71.25,38.75,38.75,1.0,0,2.0907683785970432
7373,73.75,38.75,38.75,1.0,0,2.0367985499193266
7374,76.25,38.75,38.75,1.0,0,2.135898798286923
7375,78.75,38.75,38.75,1.0,0,2.4483599336157917
7376,81.25,38.75,38.75,1.0,0,2.4464694111190615
7377,83.75,38.75,38.75,1.0,0,2.34690447438421
7378,86.25,38.75,38.75,1.0,0,2.2097115911877983
7379,88.75,38.75,38.75,1.0,0,2.170034815305914
7380,91.25,38.75,38.75,1.0,0,2.1748254028176386
7381,93.75,38.75,38.75,1.0,0,2.1786487360710276
7382,96.25,38.75,38.75,1.0,0,2.146296958924322
7383,98.75,38.75,38.75,1.0,0,2.1567786266182587
7384,101.25,38.75,38.75,1.0,0,2.1645922679592142
7385,103.75,38.75,38.75,1.0,0,2.162103309140532
7386,106.25,38.75,38.75,1.0,0,2.1269876574478492
7387,108.75,38.75,38.75,1.0,0,2.069009711745899
7388,111.25,38.75,38.75,1.0,0,1.9609753740942444
7389,113.75,38.75,38.75,1.0,0,1.7915855951490705
7390,116.25,38.75,38.75,1.0,0,1.6001685067618872
7391,118.75,38.75,38.75,0.0,0,1.6075220929625957
7392,121.25,38.75,38.75,0.0,2,1.699898187938553
7393,123.75,38.75,38.75,0.0,2,1.8116755492166607
7394,126.25,38.75,38.75,1.0,0,1.9525046843838272
7395,128.75,38.75,38.75,0.0,2,2.0419608737167123
7396,131.25,38.75,38.75,0.0,2,2.058978916002093
7397,133.75,38.75,38.75,0.0,2,2.0376498117677984
7398,136.25,38.75,38.75,0.0,2,2.012530840932188
7399,138.75,38.75,38.75,0.0,2,2.0301577314445285
7400,141.25,38.75,38.75,0.0,2,1.8330046625457717
7401,143.75,38.75,38.75,0.0,2,1.7045628639205814
7402,146.25,38.75,38.75,0.0,2,1.7183631328418327
7403,148.75,38.75,38.75,0.0,2,1.7396200784930904
7404,151.25,38.75,38.75,0.0,2,1.7502288715122218
7405,153.75,38.75,38.75,0.0,2,1.7427851324414272
7406,156.25,38.75,38.75,0.0,2,1.7129868348314101
7407,158.75,38.75,38.75,0.0,2,1.67701154697303
7408,161.25,38.75,38.75,0.0,2,1.6441044851223676
7409,163.75,38.75,38.75,0.0,2,1.6218095506093066
7410,166.25,38.75,38.75,0.0,2,1.602654146826655
7411,168.75,38.75,38.75,0.0,2,1.5751054588488533
7412,171.25,38.75,38.75,0.0,2,1.5476047053211888
7413,173.75,38.75,38.75,0.0,2,1.5256239927786284
7414,176.25,38.75,38.75,0.0,2,1.5037627213143818
7415,178.75,38.75,38.75,0.0,2,1.4866331705014109
7416,181.25,38.75,38.75,0.0,2,1.4798452203081724
7417,183.75,38.75,38.75,0.0,2,1.4771013590299407
7418,186.25,38.75,38.75,0.0,2,1.4738936510441822
7419,188.75,38.75,38.75,0.0,2,1.4721925287097164
7420,191.25,38.75,38.75,0.0,2,1.4719763116717326
7421,193.75,38.75,38.75,0.0,2,1.4691040695507998
7422,196.25,38.75,38.75,0.0,2,1.4596434340523352
7423,198.75,38.75,38.75,0.0,2,1.4476937615895122
7424,201.25,38.75,38.75,0.0,2,1.4407340038613787
7425,203.75,38.75,38.75,0.0,2,1.437754076532277
7426,206.25,38.75,38.75,0.0,2,1.4323855326963721
7427,208.75,38.75,38.75,0.0,2,1.4231143780524587
7428,211.25,38.75,38.75,0.0,2,1.4135999433788502
7429,213.75,38.75,38.75,0.0,2,1.4011365715755457
7430,216.25,38.75,38.75,0.0,2,1.385062738561619
7431,218.75,38.75,38.75,0.0,2,1.3737663047721078
7432,221.25,38.75,38.75,0.0,2,1.3619308897477915
7433,223.75,38.75,38.75,0.0,2,1.354351566998707
7434,226.25,38.75,38.75,0.0,2,1.3470879001051708
7435,228.75,38.75,38.75,0.0,2,1.3165230605056972
7436,231.25,38.75,38.75,0.0,2,1.23645275948844
7437,233.75,38.75,38.75,0.0,2,1.1312242635004974
7438,236.25,38.75,38.75,0.0,2,1.3022642938316895
7439,238.75,38.75,38.75,1.0,0,1.6552512724652573
7440,241.25,38.75,38.75,1.0,0,1.8836471119961442
7441,243.75,38.75,38.75,1.0,0,1.9608495454017354
7442,246.25,38.75,38.75,1.0,0,2.0906034856171107
7443,248.75,38.75,38.75,1.0,0,2.1598279675959215
7444,251.25,38.75,38.75,1.0,0,2.035151551971268
7445,253.75,38.75,38.75,1.0,0,1.8741233915645004
7446,256.25,38.75,38.75,1.0,0,1.9086390452296011
7447,258.75,38.75,38.75,1.0,0,1.9807165023653557
7448,261.25,38.75,38.75,1.0,0,2.108182788385779
7449,263.75,38.75,38.75,1.0,0,2.212713420129847
7450,266.25,38.75,38.75,1.0,0,2.317765437691095
7451,268.75,38.75,38.75,1.0,0,2.291061562708295
7452,271.25,38.75,38.75,1.0,0,2.299286128510248
7453,273.75,38.75,38.75,1.0,0,2.291038638029749
7454,276.25,38.75,38.75,1.0,0,2.264827374788599
7455,278.75,38.75,38.75,1.0,0,2.21767293994476
7456,281.25,38.75,38.75,1.0,0,2.191207498749167
7457,283.75,38.75,38.75,1.0,0,2.0735573263975136
7458,286.25,38.75,38.75,0.0,1,1.8808011512617149
7459,288.75,38.75,38.75,0.0,1,1.7455567185992986
7460,291.25,38.75,38.75,0.0,1,1.6767753389020288
7461,293.75,38.75,38.75,0.0,1,1.6374679621714456
7462,296.25,38.75,38.75,0.0,1,1.5951533241245963
7463,298.75,38.75,38.75,0.0,1,1.5593910956205912
7464,301.25,38.75,38.75,0.0,1,1.535288652918041
7465,303.75,38.75,38.75,0.0,1,1.5144723409509364
7466,306.25,38.75,38.75,0.0,1,1.4952132847337647
7467,308.75,38.75,38.75,0.0,1,1.485210223979665
7468,311.25,38.75,38.75,0.0,1,1.472242467996923
7469,313.75,38.75,38.75,0.0,1,1.4717616256413892
7470,316.25,38.75,38.75,0.0,1,1.4810369581806129
7471,318.75,38.75,38.75,0.0,1,1.4690729182701394
7472,321.25,38.75,38.75,0.0,1,1.458233220593877
7473,323.75,38.75,38.75,0.0,1,1.4486143785885504
7474,326.25,38.75,38.75,0.0,1,1.4329072060923753
7475,328.75,38.75,38.75,0.0,1,1.4318873003761245
7476,331.25,38.75,38.75,0.0,1,1.4630831625159482
7477,333.75,38.75,38.75,0.0,1,1.5022249292359082
7478,336.25,38.75,38.75,0.0,1,1.5380427204491152
7479,338.75,38.75,38.75,0.0,1,1.534815718388383
7480,341.25,38.75,38.75,0.0,1,1.5011327498507618
7481,343.75,38.75,38.75,0.0,1,1.5122432809092832
7482,346.25,38.75,38.75,0.0,1,1.5486960433596
7483,348.75,38.75,38.75,0.0,1,1.5172892601282406
7484,351.25,38.75,38.75,0.0,0,1.7479470860790316
7485,353.75,38.75,38.75,1.0,0,2.1179729326695695
7486,356.25,38.75,38.75,1.0,0,2.2130922716611754
7487,358.75,38.75,38.75,1.0,0,2.184306282873349
7488,1.25,41.25,41.25,0.0,1,2.2560722122725765
7489,3.75,41.25,41.25,0.0,1,2.2090526145392926
7490,6.25,41.25,41.25,0.0,1,2.208438665935988
7491,8.75,41.25,41.25,0.0,1,2.314567279379296
7492,11.25,41.25,41.25,0.0,1,2.3569578067603794
7493,13.75,41.25,41.25,0.0,1,2.4196456487624407
7494,16.25,41.25,41.25,0.0,1,2.4139757254965843
7495,18.75,41.25,41.25,0.0,1,2.333441673794789
7496,21.25,41.25,41.25,1.0,0,2.3052325573083556
7497,23.75,41.25,41.25,1.0,0,2.3565356101971124
7498,26.25,41.25,41.25,1.0,0,2.3588733735671883
7499,28.75,41.25,41.25,1.0,0,2.2270951521137765
7500,31.25,41.25,41.25,1.0,0,2.202959864945207
7501,33.75,41.25,41.25,1.0,0,2.2409657846574524
7502,36.25,41.25,41.25,1.0,0,2.3022139077340364
7503,38.75,41.25,41.25,1.0,0,2.3517234108699347
7504,41.25,41.25,41.25,1.0,0,2.223456458525323
7505,43.75,41.25,41.25,1.0,0,2.092039779729332
7506,46.25,41.25,41.25,1.0,0,2.1918748721078405
7507,48.75,41.25,41.25,1.0,0,2.394455481021003
7508,51.25,41.25,41.25,1.0,0,2.5174129877609275
7509,53.75,41.25,41.25,1.0,0,2.459272609029401
7510,56.25,41.25,41.25,1.0,0,2.4624801493987056
7511,58.75,41.25,41.25,1.0,0,2.4644728815437955
7512,61.25,41.25,41.25,1.0,0,2.4821881245922475
7513,63.75,41.25,41.25,1.0,0,2.4571382862177455
7514,66.25,41.25,41.25,1.0,0,2.3737351540634526
7515,68.75,41.25,41.25,1.0,0,2.2405806322631716
7516,71.25,41.25,41.25,1.0,0,2.1277737109504
7517,73.75,41.25,41.25,1.0,0,2.130734668321136
7518,76.25,41.25,41.25,1.0,0,2.1832050831289287
7519,78.75,41.25,41.25,1.0,0,2.3022306886289337
7520,81.25,41.25,41.25,1.0,0,2.410032479578746
7521,83.75,41.25,41.25,1.0,0,2.4374306550058455
7522,86.25,41.25,41.25,1.0,0,2.489318587355922
7523,88.75,41.25,41.25,1.0,0,2.630351819675286
7524,91.25,41.25,41.25,1.0,0,2.664013401414285
7525,93.75,41.25,41.25,1.0,0,2.534767897811168
7526,96.25,41.25,41.25,1.0,0,2.4143894631252434
7527,98.75,41.25,41.25,1.0,0,2.4117513188944493
7528,101.25,41.25,41.25,1.0,0,2.4300441076384542
7529,103.75,41.25,41.25,1.0,0,2.3951428987033503
7530,106.25,41.25,41.25,1.0,0,2.334527415805029
7531,108.75,41.25,41.25,1.0,0,2.270801104910637
7532,111.25,41.25,41.25,1.0,0,2.2150906474659835
7533,113.75,41.25,41.25,1.0,0,2.1468990892157236
7534,116.25,41.25,41.25,1.0,0,2.014728397396507
7535,118.75,41.25,41.25,1.0,0,1.9005939770443954
7536,121.25,41.25,41.25,1.0,0,1.8268097643379066
7537,123.75,41.25,41.25,1.0,0,1.9070567546217378
7538,126.25,41.25,41.25,1.0,0,2.0442874251438714
7539,128.75,41.25,41.25,1.0,0,2.1125225796517135
7540,131.25,41.25,41.25,0.0,2,2.1470515701675152
7541,133.75,41.25,41.25,0.0,2,2.1180385476787245
7542,136.25,41.25,41.25,0.0,2,2.047781434416331
7543,138.75,41.25,41.25,0.0,2,2.0689226922734663
7544,141.25,41.25,41.25,0.0,2,1.9784770758702803
7545,143.75,41.25,41.25,0.0,2,1.9218213268717563
7546,146.25,41.25,41.25,0.0,2,1.9745332556849682
7547,148.75,41.25,41.25,0.0,2,1.9360756823276772
7548,151.25,41.25,41.25,0.0,2,1.9361973149736769
7549,153.75,41.25,41.25,0.0,2,1.905880673219255
7550,156.25,41.25,41.25,0.0,2,1.8497613483407915
7551,158.75,41.25,41.25,0.0,2,1.794206388553571
7552,161.25,41.25,41.25,0.0,2,1.7477724941000266
7553,163.75,41.25,41.25,0.0,2,1.724896609352586
7554,166.25,41.25,41.25,0.0,2,1.7115383790889933
7555,168.75,41.25,41.25,0.0,2,1.6962072767436027
7556,171.25,41.25,41.25,0.0,2,1.675838133078823
7557,173.75,41.25,41.25,0.0,2,1.6457186480227148
7558,176.25,41.25,41.25,0.0,2,1.6175198376235482
7559,178.75,41.25,41.25,0.0,2,1.6001754252935145
7560,181.25,41.25,41.25,0.0,2,1.5915016269291282
7561,183.75,41.25,41.25,0.0,2,1.5860047123573209
7562,186.25,41.25,41.25,0.0,2,1.5806214140717483
7563,188.75,41.25,41.25,0.0,2,1.5782708333421236
7564,191.25,41.25,41.25,0.0,2,1.5761192680852856
7565,193.75,41.25,41.25,0.0,2,1.5718809312007915
7566,196.25,41.25,41.25,0.0,2,1.5586827475916916
7567,198.75,41.25,41.25,0.0,2,1.5366206029329001
7568,201.25,41.25,41.25,0.0,2,1.5190356872740203
7569,203.75,41.25,41.25,0.0,2,1.5094134588024943
7570,206.25,41.25,41.25,0.0,2,1.499739769840205
7571,208.75,41.25,41.25,0.0,2,1.4891970456222643
7572,211.25,41.25,41.25,0.0,2,1.4805473235225879
7573,213.75,41.25,41.25,0.0,2,1.4716658619770342
7574,216.25,41.25,41.25,0.0,2,1.4596635355703749
7575,218.75,41.25,41.25,0.0,2,1.4479243520677207
7576,221.25,41.25,41.25,0.0,2,1.432997532838914
7577,223.75,41.25,41.25,0.0,2,1.4230684803772036
7578,226.25,41.25,41.25,0.0,2,1.4201294331506815
7579,228.75,41.25,41.25,0.0,2,1.403954659656707
7580,231.25,41.25,41.25,0.0,2,1.3261660719378636
7581,233.75,41.25,41.25,0.0,2,1.1702914975136203
7582,236.25,41.25,41.25,0.0,2,1.3774554242289967
7583,238.75,41.25,41.25,1.0,0,1.8426949821554308
7584,241.25,41.25,41.25,1.0,0,1.954024403453187
7585,243.75,41.25,41.25,1.0,0,2.045665469084048
7586,246.25,41.25,41.25,1.0,0,2.2145341285419335
7587,248.75,41.25,41.25,1.0,0,2.2723710863628144
7588,251.25,41.25,41.25,1.0,0,2.1374026965456565
7589,253.75,41.25,41.25,1.0,0,1.9564344495546582
7590,256.25,41.25,41.25,1.0,0,1.9737704824782942
7591,258.75,41.25,41.25,1.0,0,2.0638382675289115
7592,261.25,41.25,41.25,1.0,0,2.1784467486537475
7593,263.75,41.25,41.25,1.0,0,2.3085963730009516
7594,266.25,41.25,41.25,1.0,0,2.4108517190110685
7595,268.75,41.25,41.25,1.0,0,2.411988239063058
7596,271.25,41.25,41.25,1.0,0,2.460335533827974
7597,273.75,41.25,41.25,1.0,0,2.4755869948058167
7598,276.25,41.25,41.25,1.0,0,2.4470349369853674
7599,278.75,41.25,41.25,1.0,0,2.400515527903793
7600,281.25,41.25,41.25,1.0,0,2.3320484459929425
7601,283.75,41.25,41.25,1.0,0,2.2757980127299793
7602,286.25,41.25,41.25,0.0,1,2.154066746150899
7603,288.75,41.25,41.25,0.0,1,2.010075807831966
7604,291.25,41.25,41.25,0.0,1,1.895747596927227
7605,293.75,41.25,41.25,0.0,1,1.798612530502342
7606,296.25,41.25,41.25,0.0,1,1.7151608215407186
7607,298.75,41.25,41.25,0.0,1,1.6568546524207053
7608,301.25,41.25,41.25,0.0,1,1.589571054900472
7609,303.75,41.25,41.25,0.0,1,1.5108271209090405
7610,306.25,41.25,41.25,0.0,1,1.463094265460984
7611,308.75,41.25,41.25,0.0,1,1.4642102199396219
7612,311.25,41.25,41.25,0.0,1,1.471416445944474
7613,313.75,41.25,41.25,0.0,1,1.4431348156432193
7614,316.25,41.25,41.25,0.0,1,1.4511392593012014
7615,318.75,41.25,41.25,0.0,1,1.4586421591438
7616,321.25,41.25,41.25,0.0,1,1.4462529513294466
7617,323.75,41.25,41.25,0.0,1,1.4417895635668825
7618,326.25,41.25,41.25,0.0,1,1.452571011866192
7619,328.75,41.25,41.25,0.0,1,1.468612837365592
7620,331.25,41.25,41.25,0.0,1,1.4873116310309322
7621,333.75,41.25,41.25,0.0,1,1.5100779370987776
7622,336.25,41.25,41.25,0.0,1,1.5480912138953073
7623,338.75,41.25,41.25,0.0,1,1.5699603055092402
7624,341.25,41.25,41.25,0.0,1,1.5367212556175198
7625,343.75,41.25,41.25,0.0,1,1.5102116621150805
7626,346.25,41.25,41.25,0.0,1,1.530515832867978
7627,348.75,41.25,41.25,0.0,1,1.5221378091147642
7628,351.25,41.25,41.25,0.0,1,1.7665979265963079
7629,353.75,41.25,41.25,1.0,0,2.1359871521909755
7630,356.25,41.25,41.25,1.0,0,2.2116081971074286
7631,358.75,41.25,41.25,1.0,0,2.2693885062607797
7632,1.25,43.75,43.75,1.0,0,2.3284742649617987
7633,3.75,43.75,43.75,0.0,1,2.4301132977485453
7634,6.25,43.75,43.75,0.0,0,2.3821003855524863
7635,8.75,43.75,43.75,0.0,1,2.3591953608423424
7636,11.25,43.75,43.75,1.0,0,2.4992926250234078
7637,13.75,43.75,43.75,0.0,1,2.5866227892077496
7638,16.25,43.75,43.75,0.0,0,2.4916541876916867
7639,18.75,43.75,43.75,1.0,0,2.4797431608372125
7640,21.25,43.75,43.75,1.0,0,2.4961587001965313
7641,23.75,43.75,43.75,1.0,0,2.5400250625076146
7642,26.25,43.75,43.75,1.0,0,2.5902598572274815
7643,28.75,43.75,43.75,1.0,0,2.4517725073882612
7644,31.25,43.75,43.75,1.0,0,2.380433856503619
7645,33.75,43.75,43.75,1.0,0,2.4608749782763364
7646,36.25,43.75,43.75,1.0,0,2.473144817923797
7647,38.75,43.75,43.75,1.0,0,2.4861895595289876
7648,41.25,43.75,43.75,1.0,0,2.3392564192384815
7649,43.75,43.75,43.75,1.0,0,2.3077572501536285
7650,46.25,43.75,43.75,1.0,0,2.441304269043456
7651,48.75,43.75,43.75,1.0,0,2.5640627102092983
7652,51.25,43.75,43.75,1.0,0,2.5767576076807743
7653,53.75,43.75,43.75,1.0,0,2.565029947934711
7654,56.25,43.75,43.75,1.0,0,2.576930923659554
7655,58.75,43.75,43.75,1.0,0,2.5560786476520603
7656,61.25,43.75,43.75,1.0,0,2.5805230997271296
7657,63.75,43.75,43.75,1.0,0,2.6067337985929093
7658,66.25,43.75,43.75,1.0,0,2.578123066853252
7659,68.75,43.75,43.75,1.0,0,2.5075520196699106
7660,71.25,43.75,43.75,1.0,0,2.423433369085121
7661,73.75,43.75,43.75,1.0,0,2.4025968525851793
7662,76.25,43.75,43.75,1.0,0,2.374465784605513
7663,78.75,43.75,43.75,1.0,0,2.3242647455514027
7664,81.25,43.75,43.75,1.0,0,2.316909822317569
7665,83.75,43.75,43.75,1.0,0,2.355086818238121
7666,86.25,43.75,43.75,1.0,0,2.4188970607072653
7667,88.75,43.75,43.75,1.0,0,2.5524231930231385
7668,91.25,43.75,43.75,1.0,0,2.6808143457248974
7669,93.75,43.75,43.75,1.0,0,2.627652297532249
7670,96.25,43.75,43.75,1.0,0,2.569601522477005
7671,98.75,43.75,43.75,1.0,0,2.536508717924708
7672,101.25,43.75,43.75,1.0,0,2.478679054260131
7673,103.75,43.75,43.75,1.0,0,2.432227227583602
7674,106.25,43.75,43.75,1.0,0,2.421305100548835
7675,108.75,43.75,43.75,1.0,0,2.4355462606200993
7676,111.25,43.75,43.75,1.0,0,2.4411654736394675
7677,113.75,43.75,43.75,1.0,0,2.4164006478319635
7678,116.25,43.75,43.75,1.0,0,2.3675327025322415
7679,118.75,43.75,43.75,1.0,0,2.2889589128920202
7680,121.25,43.75,43.75,1.0,0,2.1624715813875977
7681,123.75,43.75,43.75,1.0,0,2.083562507036262
7682,126.25,43.75,43.75,1.0,0,2.095779901170394
7683,128.75,43.75,43.75,1.0,0,2.1396772703313993
7684,131.25,43.75,43.75,1.0,0,2.2043243097451977
7685,133.75,43.75,43.75,0.0,2,2.220231494252586
7686,136.25,43.75,43.75,0.0,2,2.162032276564645
7687,138.75,43.75,43.75,0.0,2,2.1825930310074333
7688,141.25,43.75,43.75,0.0,2,2.2761653811286746
7689,143.75,43.75,43.75,1.0,0,2.355299356275306
7690,146.25,43.75,43.75,0.0,2,2.4918579640087577
7691,148.75,43.75,43.75,0.0,2,2.413437753974364
7692,151.25,43.75,43.75,0.0,2,2.396131466186837
7693,153.75,43.75,43.75,0.0,2,2.1922904067881963
7694,156.25,43.75,43.75,0.0,2,1.9709022388765849
7695,158.75,43.75,43.75,0.0,2,1.864599385219385
7696,161.25,43.75,43.75,0.0,2,1.7914228373172885
7697,163.75,43.75,43.75,0.0,2,1.7642227339543912
7698,166.25,43.75,43.75,0.0,2,1.763528932264105
7699,168.75,43.75,43.75,0.0,2,1.770464622088325
7700,171.25,43.75,43.75,0.0,2,1.7670933725821893
7701,173.75,43.75,43.75,0.0,2,1.7438249601309284
7702,176.25,43.75,43.75,0.0,2,1.7169859880820912
7703,178.75,43.75,43.75,0.0,2,1.7034325019307313
7704,181.25,43.75,43.75,0.0,2,1.6993466415659602
7705,183.75,43.75,43.75,0.0,2,1.6957300554764672
7706,186.25,43.75,43.75,0.0,2,1.6908198373596108
7707,188.75,43.75,43.75,0.0,2,1.689057352711282
7708,191.25,43.75,43.75,0.0,2,1.6833469069978946
7709,193.75,43.75,43.75,0.0,2,1.6756382496104316
7710,196.25,43.75,43.75,0.0,2,1.6648648911420565
7711,198.75,43.75,43.75,0.0,2,1.6475749512238227
7712,201.25,43.75,43.75,0.0,2,1.6278089287780912
7713,203.75,43.75,43.75,0.0,2,1.6088388146587338
7714,206.25,43.75,43.75,0.0,2,1.5875095754157125
7715,208.75,43.75,43.75,0.0,2,1.5671132683055864
7716,211.25,43.75,43.75,0.0,2,1.5490891811289527
7717,213.75,43.75,43.75,0.0,2,1.5312765573211604
7718,216.25,43.75,43.75,0.0,2,1.514867535520105
7719,218.75,43.75,43.75,0.0,2,1.5016672447233
7720,221.25,43.75,43.75,0.0,2,1.4894255794269715
7721,223.75,43.75,43.75,0.0,2,1.477704443662538
7722,226.25,43.75,43.75,0.0,2,1.4705899698607006
7723,228.75,43.75,43.75,0.0,2,1.4591890370419291
7724,231.25,43.75,43.75,0.0,2,1.393582015784638
7725,233.75,43.75,43.75,0.0,2,1.2453991405612956
7726,236.25,43.75,43.75,0.0,2,1.3940629008707268
7727,238.75,43.75,43.75,1.0,0,1.8146616715658306
7728,241.25,43.75,43.75,1.0,0,1.9607555460075317
7729,243.75,43.75,43.75,1.0,0,2.155654643636529
7730,246.25,43.75,43.75,1.0,0,2.3269389808885927
7731,248.75,43.75,43.75,1.0,0,2.239538705686719
7732,251.25,43.75,43.75,1.0,0,2.0704974463767427
7733,253.75,43.75,43.75,1.0,0,2.061742239079638
7734,256.25,43.75,43.75,1.0,0,2.0749627539521067
7735,258.75,43.75,43.75,1.0,0,2.1478024554969934
7736,261.25,43.75,43.75,1.0,0,2.25793244815369
7737,263.75,43.75,43.75,1.0,0,2.379636310646113
7738,266.25,43.75,43.75,1.0,0,2.4711812982316
7739,268.75,43.75,43.75,1.0,0,2.477666962591745
7740,271.25,43.75,43.75,1.0,0,2.535775928646565
7741,273.75,43.75,43.75,1.0,0,2.5713043274787477
7742,276.25,43.75,43.75,1.0,0,2.5193934136653704
7743,278.75,43.75,43.75,1.0,0,2.5157440656011376
7744,281.25,43.75,43.75,1.0,0,2.445534189720045
7745,283.75,43.75,43.75,1.0,0,2.3935703534580024
7746,286.25,43.75,43.75,1.0,0,2.3573062851745927
7747,288.75,43.75,43.75,0.0,0,2.3173751394606845
7748,291.25,43.75,43.75,0.0,1,2.2038980594058195
7749,293.75,43.75,43.75,0.0,1,2.068924208624003
7750,296.25,43.75,43.75,0.0,1,1.9175776728160585
7751,298.75,43.75,43.75,0.0,1,1.855276263500865
7752,301.25,43.75,43.75,0.0,1,1.800150863684528
7753,303.75,43.75,43.75,0.0,1,1.714500394191699
7754,306.25,43.75,43.75,0.0,1,1.7277934762592315
7755,308.75,43.75,43.75,0.0,1,1.7510105699453604
7756,311.25,43.75,43.75,0.0,1,1.6859664250522797
7757,313.75,43.75,43.75,0.0,1,1.527865249247522
7758,316.25,43.75,43.75,0.0,1,1.417572545770323
7759,318.75,43.75,43.75,0.0,1,1.357708255523841
7760,321.25,43.75,43.75,0.0,1,1.31989011532128
7761,323.75,43.75,43.75,0.0,1,1.2963613672435041
7762,326.25,43.75,43.75,0.0,1,1.3095637202957369
7763,328.75,43.75,43.75,0.0,1,1.3853468015301744
7764,331.25,43.75,43.75,0.0,1,1.4616380682444028
7765,333.75,43.75,43.75,0.0,1,1.4845296108377917
7766,336.25,43.75,43.75,0.0,1,1.4915869838432643
7767,338.75,43.75,43.75,0.0,1,1.5052339979273752
7768,341.25,43.75,43.75,0.0,1,1.5085003311713263
7769,343.75,43.75,43.75,0.0,1,1.5070232168329787
7770,346.25,43.75,43.75,0.0,1,1.5082781492025787
7771,348.75,43.75,43.75,0.0,1,1.520933050850714
7772,351.25,43.75,43.75,0.0,1,1.6856736269876953
7773,353.75,43.75,43.75,0.0,1,1.8996263589625413
7774,356.25,43.75,43.75,0.0,1,1.9621140757216429
7775,358.75,43.75,43.75,0.0,1,2.104914851533378
7776,1.25,46.25,46.25,1.0,0,2.3037220769056805
7777,3.75,46.25,46.25,1.0,0,2.3627120919026123
7778,6.25,46.25,46.25,1.0,0,2.332570606775317
7779,8.75,46.25,46.25,1.0,0,2.30637191673532
7780,11.25,46.25,46.25,1.0,0,2.3567599169954323
7781,13.75,46.25,46.25,1.0,0,2.4665976260314375
7782,16.25,46.25,46.25,1.0,0,2.552235425445529
7783,18.75,46.25,46.25,1.0,0,2.6662435763450483
7784,21.25,46.25,46.25,1.0,0,2.668787311799461
7785,23.75,46.25,46.25,1.0,0,2.658279135652854
7786,26.25,46.25,46.25,1.0,0,2.660890255030918
7787,28.75,46.25,46.25,1.0,0,2.700832857785185
7788,31.25,46.25,46.25,1.0,0,2.644287360968765
7789,33.75,46.25,46.25,1.0,0,2.6666387901295994
7790,36.25,46.25,46.25,1.0,0,2.6174999887758426
7791,38.75,46.25,46.25,1.0,0,2.5969506552554376
7792,41.25,46.25,46.25,1.0,0,2.5753627416438425
7793,43.75,46.25,46.25,1.0,0,2.63481922384651
7794,46.25,46.25,46.25,1.0,0,2.6780514236533546
7795,48.75,46.25,46.25,1.0,0,2.645825455620102
7796,51.25,46.25,46.25,1.0,0,2.6210581550998016
7797,53.75,46.25,46.25,1.0,0,2.6617139474256
7798,56.25,46.25,46.25,1.0,0,2.722700423217246
7799,58.75,46.25,46.25,1.0,0,2.71729235240489
7800,61.25,46.25,46.25,1.0,0,2.7152665008925223
7801,63.75,46.25,46.25,1.0,0,2.7283445851615644
7802,66.25,46.25,46.25,1.0,0,2.7181636905587743
7803,68.75,46.25,46.25,1.0,0,2.715863289048649
7804,71.25,46.25,46.25,1.0,0,2.7108053311625593
7805,73.75,46.25,46.25,1.0,0,2.6884497466127986
7806,76.25,46.25,46.25,1.0,0,2.644799959259949
7807,78.75,46.25,46.25,1.0,0,2.5522374727029287
7808,81.25,46.25,46.25,1.0,0,2.5054776699948573
7809,83.75,46.25,46.25,1.0,0,2.578069124261011
7810,86.25,46.25,46.25,1.0,0,2.6101820086361833
7811,88.75,46.25,46.25,1.0,0,2.567177842323299
7812,91.25,46.25,46.25,1.0,0,2.542809438012451
7813,93.75,46.25,46.25,1.0,0,2.5009959736314284
7814,96.25,46.25,46.25,1.0,0,2.4980464278353463
7815,98.75,46.25,46.25,1.0,0,2.526547824835812
7816,101.25,46.25,46.25,1.0,0,2.519700234195266
7817,103.75,46.25,46.25,1.0,0,2.503789464130583
7818,106.25,46.25,46.25,1.0,0,2.484456091189237
7819,108.75,46.25,46.25,1.0,0,2.513449704705155
7820,111.25,46.25,46.25,1.0,0,2.5027458457578047
7821,113.75,46.25,46.25,1.0,0,2.491549484589523
7822,116.25,46.25,46.25,1.0,0,2.490929531783817
7823,118.75,46.25,46.25,1.0,0,2.4612661902265502
7824,121.25,46.25,46.25,1.0,0,2.3610999726436925
7825,123.75,46.25,46.25,1.0,0,2.23639437138606
7826,126.25,46.25,46.25,1.0,0,2.1890018520933254
7827,128.75,46.25,46.25,1.0,0,2.213325424005132
7828,131.25,46.25,46.25,1.0,0,2.2369151963202683
7829,133.75,46.25,46.25,1.0,0,2.27784521230629
7830,136.25,46.25,46.25,1.0,0,2.3006743646150905
7831,138.75,46.25,46.25,0.0,2,2.2120369995853624
7832,141.25,46.25,46.25,0.0,2,2.444254280760887
7833,143.75,46.25,46.25,0.0,2,2.6019521909329146
7834,146.25,46.25,46.25,0.0,2,2.7822952442912845
7835,148.75,46.25,46.25,0.0,2,2.8384749063353603
7836,151.25,46.25,46.25,0.0,2,2.822159839655678
7837,153.75,46.25,46.25,0.0,2,2.4828037835750645
7838,156.25,46.25,46.25,0.0,2,2.075714272599673
7839,158.75,46.25,46.25,0.0,2,1.9206893381699026
7840,161.25,46.25,46.25,0.0,2,1.84137599095563
7841,163.75,46.25,46.25,0.0,2,1.7990311031164665
7842,166.25,46.25,46.25,0.0,2,1.779350833761261
7843,168.75,46.25,46.25,0.0,2,1.7726293352438556
7844,171.25,46.25,46.25,0.0,2,1.7652869896130365
7845,173.75,46.25,46.25,0.0,2,1.7532544456107426
7846,176.25,46.25,46.25,0.0,2,1.7407734747073706
7847,178.75,46.25,46.25,0.0,2,1.735505349958998
7848,181.25,46.25,46.25,0.0,2,1.7361285222643916
7849,183.75,46.25,46.25,0.0,2,1.7370451211059832
7850,186.25,46.25,46.25,0.0,2,1.7376381371492513
7851,188.75,46.25,46.25,0.0,2,1.7388723087631017
7852,191.25,46.25,46.25,0.0,2,1.7348188095588652
7853,193.75,46.25,46.25,0.0,2,1.7272716417825238
7854,196.25,46.25,46.25,0.0,2,1.7217308311257034
7855,198.75,46.25,46.25,0.0,2,1.7164215766435462
7856,201.25,46.25,46.25,0.0,2,1.7065024192772156
7857,203.75,46.25,46.25,0.0,2,1.6933139472305472
7858,206.25,46.25,46.25,0.0,2,1.6733236613014848
7859,208.75,46.25,46.25,0.0,2,1.648125212437219
7860,211.25,46.25,46.25,0.0,2,1.6233294523192257
7861,213.75,46.25,46.25,0.0,2,1.5958723259185728
7862,216.25,46.25,46.25,0.0,2,1.5691313358435022
7863,218.75,46.25,46.25,0.0,2,1.547283407115858
7864,221.25,46.25,46.25,0.0,2,1.5288721244738668
7865,223.75,46.25,46.25,0.0,2,1.5131815868997605
7866,226.25,46.25,46.25,0.0,2,1.49920937801172
7867,228.75,46.25,46.25,0.0,2,1.4747557994916116
7868,231.25,46.25,46.25,0.0,2,1.3927467754875424
7869,233.75,46.25,46.25,0.0,2,1.2845560573781776
7870,236.25,46.25,46.25,0.0,2,1.4677087449277453
7871,238.75,46.25,46.25,1.0,0,1.8317523481063627
7872,241.25,46.25,46.25,1.0,0,1.9953648463771836
7873,243.75,46.25,46.25,1.0,0,2.107248906031303
7874,246.25,46.25,46.25,1.0,0,2.0924763302346068
7875,248.75,46.25,46.25,1.0,0,2.0267726958145778
7876,251.25,46.25,46.25,1.0,0,2.036364591060958
7877,253.75,46.25,46.25,1.0,0,2.106767530766136
7878,256.25,46.25,46.25,1.0,0,2.168109931015719
7879,258.75,46.25,46.25,1.0,0,2.25872256477194
7880,261.25,46.25,46.25,1.0,0,2.3389526081017653
7881,263.75,46.25,46.25,1.0,0,2.4321442289383883
7882,266.25,46.25,46.25,1.0,0,2.4820431527197893
7883,268.75,46.25,46.25,1.0,0,2.5080368721199853
7884,271.25,46.25,46.25,1.0,0,2.5319427902735017
7885,273.75,46.25,46.25,1.0,0,2.5920196909650977
7886,276.25,46.25,46.25,1.0,0,2.5532838940285116
7887,278.75,46.25,46.25,1.0,0,2.5101817345775963
7888,281.25,46.25,46.25,1.0,0,2.4211341699243656
7889,283.75,46.25,46.25,1.0,0,2.392330697196316
7890,286.25,46.25,46.25,1.0,0,2.415269895191639
7891,288.75,46.25,46.25,1.0,0,2.4114017863846025
7892,291.25,46.25,46.25,1.0,0,2.350541193617417
7893,293.75,46.25,46.25,1.0,0,2.327169757935022
7894,296.25,46.25,46.25,0.0,1,2.321614537776844
7895,298.75,46.25,46.25,0.0,1,2.2342877998219857
7896,301.25,46.25,46.25,0.0,1,2.1300796684796035
7897,303.75,46.25,46.25,0.0,1,2.0251308625614852
7898,306.25,46.25,46.25,0.0,1,2.0417863143828936
7899,308.75,46.25,46.25,0.0,1,1.9607912041791533
7900,311.25,46.25,46.25,0.0,1,1.8936598584199904
7901,313.75,46.25,46.25,0.0,1,1.879435907827579
7902,316.25,46.25,46.25,0.0,1,1.7637968698625186
7903,318.75,46.25,46.25,0.0,1,1.559353020022629
7904,321.25,46.25,46.25,0.0,1,1.34662151862452
7905,323.75,46.25,46.25,0.0,1,1.2040282301436334
7906,326.25,46.25,46.25,0.0,1,1.1488762211331682
7907,328.75,46.25,46.25,0.0,1,1.183935243380072
7908,331.25,46.25,46.25,0.0,1,1.3506965635799209
7909,333.75,46.25,46.25,0.0,1,1.4590523446367003
7910,336.25,46.25,46.25,0.0,1,1.4695966748230482
7911,338.75,46.25,46.25,0.0,1,1.4590774653521652
7912,341.25,46.25,46.25,0.0,1,1.4619518070435482
7913,343.75,46.25,46.25,0.0,1,1.4779574331662153
7914,346.25,46.25,46.25,0.0,1,1.4738713137199262
7915,348.75,46.25,46.25,0.0,1,1.4905061992729431
7916,351.25,46.25,46.25,0.0,1,1.5561215695638406
7917,353.75,46.25,46.25,0.0,1,1.6341380202082114
7918,356.25,46.25,46.25,0.0,1,1.7729176021907187
7919,358.75,46.25,46.25,0.0,1,2.0766083477301542
7920,1.25,48.75,48.75,1.0,0,2.2334368182709845
7921,3.75,48.75,48.75,1.0,0,2.3225163599962455
7922,6.25,48.75,48.75,1.0,0,2.3553867942049718
7923,8.75,48.75,48.75,1.0,0,2.3711950827427635
7924,11.25,48.75,48.75,1.0,0,2.358509322473347
7925,13.75,48.75,48.75,1.0,0,2.391739409770341
7926,16.25,48.75,48.75,1.0,0,2.5231150389741233
7927,18.75,48.75,48.75,1.0,0,2.638475323294579
7928,21.25,48.75,48.75,1.0,0,2.6546908926595867
7929,23.75,48.75,48.75,1.0,0,2.6324788203178113
7930,26.25,48.75,48.75,1.0,0,2.6677267232764037
7931,28.75,48.75,48.75,1.0,0,2.7584380261490904
7932,31.25,48.75,48.75,1.0,0,2.8187995765352643
7933,33.75,48.75,48.75,1.0,0,2.7913801539560934
7934,36.25,48.75,48.75,1.0,0,2.772632385755138
7935,38.75,48.75,48.75,1.0,0,2.7478359278568503
7936,41.25,48.75,48.75,1.0,0,2.7394623549437953
7937,43.75,48.75,48.75,1.0,0,2.7610485474076873
7938,46.25,48.75,48.75,1.0,0,2.7676299879440376
7939,48.75,48.75,48.75,1.0,0,2.776003544665313
7940,51.25,48.75,48.75,1.0,0,2.7831125791419264
7941,53.75,48.75,48.75,1.0,0,2.788525455407085
7942,56.25,48.75,48.75,1.0,0,2.7919698806987894
7943,58.75,48.75,48.75,1.0,0,2.797662040034321
7944,61.25,48.75,48.75,1.0,0,2.8234926780829426
7945,63.75,48.75,48.75,1.0,0,2.8055753836829815
7946,66.25,48.75,48.75,1.0,0,2.75768316812682
7947,68.75,48.75,48.75,1.0,0,2.732117924007651
7948,71.25,48.75,48.75,1.0,0,2.675512406994587
7949,73.75,48.75,48.75,1.0,0,2.5810028952228157
7950,76.25,48.75,48.75,1.0,0,2.5701392804523655
7951,78.75,48.75,48.75,1.0,0,2.6547674680116815
7952,81.25,48.75,48.75,1.0,0,2.6639819851142486
7953,83.75,48.75,48.75,1.0,0,2.535341507394354
7954,86.25,48.75,48.75,1.0,0,2.4535318709931926
7955,88.75,48.75,48.75,1.0,0,2.430998470510805
7956,91.25,48.75,48.75,1.0,0,2.4012314743335597
7957,93.75,48.75,48.75,1.0,0,2.5006281066085085
7958,96.25,48.75,48.75,1.0,0,2.5843404257029485
7959,98.75,48.75,48.75,1.0,0,2.565332772626438
7960,101.25,48.75,48.75,1.0,0,2.386183867832647
7961,103.75,48.75,48.75,1.0,0,2.3124730762643657
7962,106.25,48.75,48.75,1.0,0,2.415693739512489
7963,108.75,48.75,48.75,1.0,0,2.4007920369253246
7964,111.25,48.75,48.75,1.0,0,2.4130741505402975
7965,113.75,48.75,48.75,1.0,0,2.4646851983509217
7966,116.25,48.75,48.75,1.0,0,2.4863714064935194
7967,118.75,48.75,48.75,1.0,0,2.4547231946866988
7968,121.25,48.75,48.75,1.0,0,2.362066846551675
7969,123.75,48.75,48.75,1.0,0,2.2799816374562303
7970,126.25,48.75,48.75,1.0,0,2.2976860197589892
7971,128.75,48.75,48.75,1.0,0,2.3089134182767492
7972,131.25,48.75,48.75,1.0,0,2.280177813638325
7973,133.75,48.75,48.75,1.0,0,2.3239370143910936
7974,136.25,48.75,48.75,1.0,0,2.4069407768327205
7975,138.75,48.75,48.75,1.0,0,2.336806421617583
7976,141.25,48.75,48.75,0.0,2,2.6330224717887525
7977,143.75,48.75,48.75,0.0,2,2.939903730358673
7978,146.25,48.75,48.75,0.0,2,3.3659523025208453
7979,148.75,48.75,48.75,0.0,2,3.371518644929475
7980,151.25,48.75,48.75,0.0,2,3.035079554006806
7981,153.75,48.75,48.75,0.0,2,2.564403915008651
7982,156.25,48.75,48.75,0.0,2,2.12708036425966
7983,158.75,48.75,48.75,0.0,2,1.929879131166254
7984,161.25,48.75,48.75,0.0,2,1.8345072739259711
7985,163.75,48.75,48.75,0.0,2,1.787894050057719
7986,166.25,48.75,48.75,0.0,2,1.7590039080336601
7987,168.75,48.75,48.75,0.0,2,1.7332133913280219
7988,171.25,48.75,48.75,0.0,2,1.7093486662020476
7989,173.75,48.75,48.75,0.0,2,1.693234242956202
7990,176.25,48.75,48.75,0.0,2,1.6805158762733612
7991,178.75,48.75,48.75,0.0,2,1.6766228397126413
7992,181.25,48.75,48.75,0.0,2,1.6887079574506452
7993,183.75,48.75,48.75,0.0,2,1.7046926174714454
7994,186.25,48.75,48.75,0.0,2,1.711540028311612
7995,188.75,48.75,48.75,0.0,2,1.7160702405915045
7996,191.25,48.75,48.75,0.0,2,1.7197764475668695
7997,193.75,48.75,48.75,0.0,2,1.7243359724788476
7998,196.25,48.75,48.75,0.0,2,1.7283468159537256
7999,198.75,48.75,48.75,0.0,2,1.7320387291676926
8000,201.25,48.75,48.75,0.0,2,1.7316630360836804
8001,203.75,48.75,48.75,0.0,2,1.7265309099101842
8002,206.25,48.75,48.75,0.0,2,1.7148669708316218
8003,208.75,48.75,48.75,0.0,2,1.6966063088624832
8004,211.25,48.75,48.75,0.0,2,1.6739690064623558
8005,213.75,48.75,48.75,0.0,2,1.6417172833855807
8006,216.25,48.75,48.75,0.0,2,1.6075763797872966
8007,218.75,48.75,48.75,0.0,2,1.5776182635405964
8008,221.25,48.75,48.75,0.0,2,1.5489994117937578
8009,223.75,48.75,48.75,0.0,2,1.5261111386046873
8010,226.25,48.75,48.75,0.0,2,1.5062823391051394
8011,228.75,48.75,48.75,0.0,2,1.447211727715076
8012,231.25,48.75,48.75,0.0,2,1.3372506114645824
8013,233.75,48.75,48.75,0.0,2,1.4938549614334937
8014,236.25,48.75,48.75,1.0,0,1.9321355744635533
8015,238.75,48.75,48.75,1.0,0,2.084391281686559
8016,241.25,48.75,48.75,1.0,0,2.157968488176785
8017,243.75,48.75,48.75,1.0,0,2.1010893684581515
8018,246.25,48.75,48.75,1.0,0,2.070437045757686
8019,248.75,48.75,48.75,1.0,0,2.058441165345635
8020,251.25,48.75,48.75,1.0,0,2.0951965201182055
8021,253.75,48.75,48.75,1.0,0,2.186376689074017
8022,256.25,48.75,48.75,1.0,0,2.265677443026484
8023,258.75,48.75,48.75,1.0,0,2.344433734330948
8024,261.25,48.75,48.75,1.0,0,2.4108904899555377
8025,263.75,48.75,48.75,1.0,0,2.4919283906667995
8026,266.25,48.75,48.75,1.0,0,2.4783206639541238
8027,268.75,48.75,48.75,1.0,0,2.501113031498093
8028,271.25,48.75,48.75,1.0,0,2.5553417798177325
8029,273.75,48.75,48.75,1.0,0,2.5537553000222375
8030,276.25,48.75,48.75,1.0,0,2.464432722722496
8031,278.75,48.75,48.75,1.0,0,2.426077918540182
8032,281.25,48.75,48.75,1.0,0,2.4296142657768995
8033,283.75,48.75,48.75,1.0,0,2.4081379920222603
8034,286.25,48.75,48.75,1.0,0,2.3956988298001263
8035,288.75,48.75,48.75,1.0,0,2.3937712145955223
8036,291.25,48.75,48.75,1.0,0,2.3565954897708377
8037,293.75,48.75,48.75,1.0,0,2.3774974070529584
8038,296.25,48.75,48.75,0.0,1,2.4075858825294723
8039,298.75,48.75,48.75,0.0,1,2.3408916074321127
8040,301.25,48.75,48.75,0.0,1,2.326913844677354
8041,303.75,48.75,48.75,1.0,0,2.262297619155493
8042,306.25,48.75,48.75,0.0,1,2.3437948519187204
8043,308.75,48.75,48.75,0.0,1,2.3294083990515686
8044,311.25,48.75,48.75,0.0,1,2.3323076587116325
8045,313.75,48.75,48.75,0.0,1,2.3075229253578464
8046,316.25,48.75,48.75,0.0,1,2.2696077893556295
8047,318.75,48.75,48.75,0.0,1,2.1845340889973888
8048,321.25,48.75,48.75,0.0,1,1.8661512749803444
8049,323.75,48.75,48.75,0.0,1,1.545408449745624
8050,326.25,48.75,48.75,0.0,1,1.3160421075560376
8051,328.75,48.75,48.75,0.0,1,1.0192046341659688
8052,331.25,48.75,48.75,0.0,1,1.0996074462284138
8053,333.75,48.75,48.75,0.0,1,1.328344963460895
8054,336.25,48.75,48.75,0.0,1,1.4242833967817345
8055,338.75,48.75,48.75,0.0,1,1.428781959816337
8056,341.25,48.75,48.75,0.0,1,1.4250039222116735
8057,343.75,48.75,48.75,0.0,1,1.433982896226315
8058,346.25,48.75,48.75,0.0,1,1.4355393245596735
8059,348.75,48.75,48.75,0.0,1,1.4598177056401629
8060,351.25,48.75,48.75,0.0,1,1.496522641789136
8061,353.75,48.75,48.75,0.0,1,1.571234221796482
8062,356.25,48.75,48.75,0.0,1,1.9027489794120895
8063,358.75,48.75,48.75,0.0,1,2.122766137609676
8064,1.25,51.25,51.25,0.0,1,2.140930890987461
8065,3.75,51.25,51.25,0.0,1,2.1961851396463627
8066,6.25,51.25,51.25,1.0,0,2.262837611467786
8067,8.75,51.25,51.25,1.0,0,2.3076412628892844
8068,11.25,51.25,51.25,1.0,0,2.355348251079549
8069,13.75,51.25,51.25,1.0,0,2.402607081298909
8070,16.25,51.25,51.25,1.0,0,2.4661724048237956
8071,18.75,51.25,51.25,1.0,0,2.521690867030009
8072,21.25,51.25,51.25,1.0,0,2.567301890449422
8073,23.75,51.25,51.25,1.0,0,2.6114905310986507
8074,26.25,51.25,51.25,1.0,0,2.679674524185037
8075,28.75,51.25,51.25,1.0,0,2.7064345591084615
8076,31.25,51.25,51.25,1.0,0,2.7210020932708403
8077,33.75,51.25,51.25,1.0,0,2.7637122554011246
8078,36.25,51.25,51.25,1.0,0,2.804802171949632
8079,38.75,51.25,51.25,1.0,0,2.8032436882372687
8080,41.25,51.25,51.25,1.0,0,2.799276574023822
8081,43.75,51.25,51.25,1.0,0,2.8135959055029383
8082,46.25,51.25,51.25,1.0,0,2.841705168644663
8083,48.75,51.25,51.25,1.0,0,2.8577501594086434
8084,51.25,51.25,51.25,1.0,0,2.862083263113212
8085,53.75,51.25,51.25,1.0,0,2.8591103337990225
8086,56.25,51.25,51.25,1.0,0,2.805298624282897
8087,58.75,51.25,51.25,1.0,0,2.7567371550286106
8088,61.25,51.25,51.25,1.0,0,2.7551264134576585
8089,63.75,51.25,51.25,1.0,0,2.765440644047393
8090,66.25,51.25,51.25,1.0,0,2.730022478171971
8091,68.75,51.25,51.25,1.0,0,2.6834475314463946
8092,71.25,51.25,51.25,1.0,0,2.6518896295606957
8093,73.75,51.25,51.25,1.0,0,2.6273394147542
8094,76.25,51.25,51.25,1.0,0,2.6433591642252514
8095,78.75,51.25,51.25,1.0,0,2.6998923436829685
8096,81.25,51.25,51.25,1.0,0,2.6600949946799948
8097,83.75,51.25,51.25,1.0,0,2.4400869649955745
8098,86.25,51.25,51.25,1.0,0,2.297415383184895
8099,88.75,51.25,51.25,1.0,0,2.257530855847906
8100,91.25,51.25,51.25,1.0,0,2.2033471990502473
8101,93.75,51.25,51.25,1.0,0,2.327572779761853
8102,96.25,51.25,51.25,1.0,0,2.405218089557466
8103,98.75,51.25,51.25,1.0,0,2.4406324145937153
8104,101.25,51.25,51.25,1.0,0,2.3815640950161145
8105,103.75,51.25,51.25,1.0,0,2.2061781629201582
8106,106.25,51.25,51.25,1.0,0,2.248476313777849
8107,108.75,51.25,51.25,1.0,0,2.3104914192840815
8108,111.25,51.25,51.25,1.0,0,2.409201050460099
8109,113.75,51.25,51.25,1.0,0,2.3549434179750595
8110,116.25,51.25,51.25,1.0,0,2.3921698230966886
8111,118.75,51.25,51.25,1.0,0,2.342998648818786
8112,121.25,51.25,51.25,1.0,0,2.3212644574700247
8113,123.75,51.25,51.25,1.0,0,2.3226562046765187
8114,126.25,51.25,51.25,1.0,0,2.308778718691973
8115,128.75,51.25,51.25,1.0,0,2.290561032517988
8116,131.25,51.25,51.25,1.0,0,2.325298074208922
8117,133.75,51.25,51.25,1.0,0,2.426322426612609
8118,136.25,51.25,51.25,1.0,0,2.4582763118535595
8119,138.75,51.25,51.25,1.0,0,2.4135755999143895
8120,141.25,51.25,51.25,0.0,2,2.6229284834614806
8121,143.75,51.25,51.25,0.0,2,3.1040290990627
8122,146.25,51.25,51.25,0.0,2,3.786711532002344
8123,148.75,51.25,51.25,0.0,2,3.705707345844421
8124,151.25,51.25,51.25,0.0,2,3.1825434711178597
8125,153.75,51.25,51.25,0.0,2,2.6698431942618495
8126,156.25,51.25,51.25,0.0,2,2.294997332165926
8127,158.75,51.25,51.25,0.0,2,2.083524983873129
8128,161.25,51.25,51.25,0.0,2,1.8941814872926706
8129,163.75,51.25,51.25,0.0,2,1.7841029605769791
8130,166.25,51.25,51.25,0.0,2,1.7261592156807883
8131,168.75,51.25,51.25,0.0,2,1.689592970868658
8132,171.25,51.25,51.25,0.0,2,1.6707854448345472
8133,173.75,51.25,51.25,0.0,2,1.6637042479483617
8134,176.25,51.25,51.25,0.0,2,1.6568917671962788
8135,178.75,51.25,51.25,0.0,2,1.6543141058635609
8136,181.25,51.25,51.25,0.0,2,1.6804162136815044
8137,183.75,51.25,51.25,0.0,2,1.7109892655528003
8138,186.25,51.25,51.25,0.0,2,1.7116209096568553
8139,188.75,51.25,51.25,0.0,2,1.714114269987767
8140,191.25,51.25,51.25,0.0,2,1.7216568642220242
8141,193.75,51.25,51.25,0.0,2,1.7331854029236882
8142,196.25,51.25,51.25,0.0,2,1.7401227370029664
8143,198.75,51.25,51.25,0.0,2,1.7396226901705165
8144,201.25,51.25,51.25,0.0,2,1.7310600602306643
8145,203.75,51.25,51.25,0.0,2,1.7197637682690972
8146,206.25,51.25,51.25,0.0,2,1.7099747206107885
8147,208.75,51.25,51.25,0.0,2,1.6992222065008507
8148,211.25,51.25,51.25,0.0,2,1.6829254062627061
8149,213.75,51.25,51.25,0.0,2,1.6543630162524272
8150,216.25,51.25,51.25,0.0,2,1.6200007538047698
8151,218.75,51.25,51.25,0.0,2,1.5864007962338404
8152,221.25,51.25,51.25,0.0,2,1.5523071051253683
8153,223.75,51.25,51.25,0.0,2,1.5267335767139918
8154,226.25,51.25,51.25,0.0,2,1.4976086193212643
8155,228.75,51.25,51.25,0.0,2,1.4148606009481115
8156,231.25,51.25,51.25,0.0,2,1.4628392162946116
8157,233.75,51.25,51.25,1.0,0,1.9014400400693536
8158,236.25,51.25,51.25,1.0,0,1.9918913047768134
8159,238.75,51.25,51.25,1.0,0,1.9143974582744216
8160,241.25,51.25,51.25,1.0,0,1.9586984960562348
8161,243.75,51.25,51.25,1.0,0,2.001736300226125
8162,246.25,51.25,51.25,1.0,0,2.0265077732583414
8163,248.75,51.25,51.25,1.0,0,2.116562105649509
8164,251.25,51.25,51.25,1.0,0,2.1981152637381665
8165,253.75,51.25,51.25,1.0,0,2.266208619017744
8166,256.25,51.25,51.25,1.0,0,2.314853536866437
8167,258.75,51.25,51.25,1.0,0,2.334604020397855
8168,261.25,51.25,51.25,1.0,0,2.4036235487510464
8169,263.75,51.25,51.25,1.0,0,2.413649734220911
8170,266.25,51.25,51.25,1.0,0,2.4587922196397476
8171,268.75,51.25,51.25,1.0,0,2.4686075276452617
8172,271.25,51.25,51.25,1.0,0,2.494892382827265
8173,273.75,51.25,51.25,1.0,0,2.5205945555383082
8174,276.25,51.25,51.25,1.0,0,2.5274730386521544
8175,278.75,51.25,51.25,1.0,0,2.583565097441201
8176,281.25,51.25,51.25,1.0,0,2.638907059287774
8177,283.75,51.25,51.25,1.0,0,2.5907060043072465
8178,286.25,51.25,51.25,1.0,0,2.5556577078982063
8179,288.75,51.25,51.25,1.0,0,2.4986897776925856
8180,291.25,51.25,51.25,1.0,0,2.486865409296483
8181,293.75,51.25,51.25,1.0,0,2.4415375660623124
8182,296.25,51.25,51.25,1.0,0,2.477637093160524
8183,298.75,51.25,51.25,1.0,0,2.481536187025416
8184,301.25,51.25,51.25,0.0,1,2.631487722789899
8185,303.75,51.25,51.25,0.0,1,2.586225359631975
8186,306.25,51.25,51.25,0.0,1,2.661575659810469
8187,308.75,51.25,51.25,0.0,1,2.7609346218699984
8188,311.25,51.25,51.25,0.0,1,2.8236866882004503
8189,313.75,51.25,51.25,0.0,1,2.6840133409238596
8190,316.25,51.25,51.25,0.0,1,2.3963767601119876
8191,318.75,51.25,51.25,0.0,1,2.010215820774636
8192,321.25,51.25,51.25,0.0,1,1.6581039163818454
8193,323.75,51.25,51.25,0.0,1,1.3745177824672332
8194,326.25,51.25,51.25,0.0,1,1.0812316355465026
8195,328.75,51.25,51.25,0.0,1,0.7686946623263607
8196,331.25,51.25,51.25,0.0,1,0.7615396572593729
8197,333.75,51.25,51.25,0.0,1,1.0075282156499445
8198,336.25,51.25,51.25,0.0,1,1.2737764738947166
8199,338.75,51.25,51.25,0.0,1,1.3927297318759042
8200,341.25,51.25,51.25,0.0,1,1.4018971195192056
8201,343.75,51.25,51.25,0.0,1,1.3864334918933754
8202,346.25,51.25,51.25,0.0,1,1.4030854825733876
8203,348.75,51.25,51.25,0.0,1,1.4513682589029568
8204,351.25,51.25,51.25,0.0,1,1.5906849215243555
8205,353.75,51.25,51.25,0.0,1,1.7145895711180306
8206,356.25,51.25,51.25,0.0,0,1.9897288101828738
8207,358.75,51.25,51.25,0.0,0,2.1070303526449234
8208,1.25,53.75,53.75,0.0,1,1.9673223919178955
8209,3.75,53.75,53.75,0.0,1,1.9917768408084167
8210,6.25,53.75,53.75,0.0,1,2.064389153235653
8211,8.75,53.75,53.75,0.0,1,2.1551072623134853
8212,11.25,53.75,53.75,1.0,0,2.220879741379206
8213,13.75,53.75,53.75,0.0,1,2.3123519486445168
8214,16.25,53.75,53.75,1.0,0,2.351101472312389
8215,18.75,53.75,53.75,1.0,0,2.3904791486599253
8216,21.25,53.75,53.75,1.0,0,2.4469329662624366
8217,23.75,53.75,53.75,1.0,0,2.517349857415865
8218,26.25,53.75,53.75,1.0,0,2.5797361825597807
8219,28.75,53.75,53.75,1.0,0,2.6230342648286884
8220,31.25,53.75,53.75,1.0,0,2.676977098206376
8221,33.75,53.75,53.75,1.0,0,2.7227231527855995
8222,36.25,53.75,53.75,1.0,0,2.754964391815054
8223,38.75,53.75,53.75,1.0,0,2.777994266218551
8224,41.25,53.75,53.75,1.0,0,2.771484073039935
8225,43.75,53.75,53.75,1.0,0,2.760386046892541
8226,46.25,53.75,53.75,1.0,0,2.772752238466905
8227,48.75,53.75,53.75,1.0,0,2.8031179311132606
8228,51.25,53.75,53.75,1.0,0,2.8224981553225676
8229,53.75,53.75,53.75,1.0,0,2.7880664102332613
8230,56.25,53.75,53.75,1.0,0,2.6822011834645694
8231,58.75,53.75,53.75,1.0,0,2.6218059838033585
8232,61.25,53.75,53.75,1.0,0,2.6282404197159144
8233,63.75,53.75,53.75,1.0,0,2.663817376637521
8234,66.25,53.75,53.75,1.0,0,2.6550415626708603
8235,68.75,53.75,53.75,1.0,0,2.621009553024266
8236,71.25,53.75,53.75,1.0,0,2.6151658353437783
8237,73.75,53.75,53.75,1.0,0,2.6379959279117324
8238,76.25,53.75,53.75,1.0,0,2.658820311922363
8239,78.75,53.75,53.75,1.0,0,2.661827125029538
8240,81.25,53.75,53.75,1.0,0,2.6077111917236753
8241,83.75,53.75,53.75,1.0,0,2.501865261315365
8242,86.25,53.75,53.75,1.0,0,2.382470786621906
8243,88.75,53.75,53.75,1.0,0,2.292619829990526
8244,91.25,53.75,53.75,1.0,0,2.309240026599682
8245,93.75,53.75,53.75,1.0,0,2.2074163639796556
8246,96.25,53.75,53.75,1.0,0,2.268873531473987
8247,98.75,53.75,53.75,1.0,0,2.3690344075888823
8248,101.25,53.75,53.75,1.0,0,2.2607020457859983
8249,103.75,53.75,53.75,1.0,0,2.1484720936491435
8250,106.25,53.75,53.75,1.0,0,2.174423916343836
8251,108.75,53.75,53.75,1.0,0,2.4778542133602453
8252,111.25,53.75,53.75,1.0,0,2.5387928606205827
8253,113.75,53.75,53.75,1.0,0,2.45326289710577
8254,116.25,53.75,53.75,1.0,0,2.465443015134874
8255,118.75,53.75,53.75,1.0,0,2.416251735402933
8256,121.25,53.75,53.75,1.0,0,2.390045218845628
8257,123.75,53.75,53.75,1.0,0,2.363699352571985
8258,126.25,53.75,53.75,1.0,0,2.382586854880049
8259,128.75,53.75,53.75,1.0,0,2.4354432355638322
8260,131.25,53.75,53.75,1.0,0,2.501524202044951
8261,133.75,53.75,53.75,1.0,0,2.61547648902444
8262,136.25,53.75,53.75,1.0,0,2.4354176547407334
8263,138.75,53.75,53.75,0.0,0,2.4396770144570925
8264,141.25,53.75,53.75,0.0,2,2.8268899901135542
8265,143.75,53.75,53.75,0.0,2,3.377291548418631
8266,146.25,53.75,53.75,0.0,2,4.1331806421282185
8267,148.75,53.75,53.75,0.0,2,4.104398869065038
8268,151.25,53.75,53.75,0.0,2,3.6479519247057226
8269,153.75,53.75,53.75,0.0,2,3.096924405786012
8270,156.25,53.75,53.75,0.0,2,2.6588538135397934
8271,158.75,53.75,53.75,1.0,0,2.496104211221062
8272,161.25,53.75,53.75,0.0,2,2.1613440127247783
8273,163.75,53.75,53.75,0.0,2,1.9494225886057184
8274,166.25,53.75,53.75,0.0,2,1.7626578384752207
8275,168.75,53.75,53.75,0.0,2,1.6854964743675915
8276,171.25,53.75,53.75,0.0,2,1.677496606587904
8277,173.75,53.75,53.75,0.0,2,1.6878889975617353
8278,176.25,53.75,53.75,0.0,2,1.7074376225598267
8279,178.75,53.75,53.75,0.0,2,1.7277319906291266
8280,181.25,53.75,53.75,0.0,2,1.7547540076472514
8281,183.75,53.75,53.75,0.0,2,1.7984223384110596
8282,186.25,53.75,53.75,0.0,2,1.836604458281438
8283,188.75,53.75,53.75,0.0,2,1.8562721878950172
8284,191.25,53.75,53.75,0.0,2,1.9119296021097725
8285,193.75,53.75,53.75,0.0,2,1.9279443633470987
8286,196.25,53.75,53.75,0.0,2,1.9320641503246603
8287,198.75,53.75,53.75,0.0,2,1.8952918683106774
8288,201.25,53.75,53.75,0.0,2,1.799926887089
8289,203.75,53.75,53.75,0.0,2,1.735599092698491
8290,206.25,53.75,53.75,0.0,2,1.6850430238642908
8291,208.75,53.75,53.75,0.0,2,1.661534499057563
8292,211.25,53.75,53.75,0.0,2,1.6575805446344036
8293,213.75,53.75,53.75,0.0,2,1.6441988718734728
8294,216.25,53.75,53.75,0.0,2,1.6176717815956763
8295,218.75,53.75,53.75,0.0,2,1.5851964871123478
8296,221.25,53.75,53.75,0.0,2,1.5514185037437085
8297,223.75,53.75,53.75,0.0,2,1.5111860683243934
8298,226.25,53.75,53.75,0.0,2,1.4683908773151542
8299,228.75,53.75,53.75,0.0,2,1.547381643301067
8300,231.25,53.75,53.75,1.0,0,1.8129017701799794
8301,233.75,53.75,53.75,1.0,0,1.8835551000728146
8302,236.25,53.75,53.75,1.0,0,1.837903628802269
8303,238.75,53.75,53.75,1.0,0,1.8671532408709908
8304,241.25,53.75,53.75,1.0,0,1.927040344251513
8305,243.75,53.75,53.75,1.0,0,1.9734477640863801
8306,246.25,53.75,53.75,1.0,0,2.0217950056404885
8307,248.75,53.75,53.75,1.0,0,2.0946577973826495
8308,251.25,53.75,53.75,1.0,0,2.1547449433450794
8309,253.75,53.75,53.75,1.0,0,2.2310656312965937
8310,256.25,53.75,53.75,1.0,0,2.2634221222650828
8311,258.75,53.75,53.75,1.0,0,2.3328797348518946
8312,261.25,53.75,53.75,1.0,0,2.425473052571106
8313,263.75,53.75,53.75,1.0,0,2.4210529308332176
8314,266.25,53.75,53.75,1.0,0,2.443842748114025
8315,268.75,53.75,53.75,1.0,0,2.4630973315448577
8316,271.25,53.75,53.75,1.0,0,2.522354445468978
8317,273.75,53.75,53.75,1.0,0,2.5881965949575996
8318,276.25,53.75,53.75,1.0,0,2.6556852124137014
8319,278.75,53.75,53.75,0.0,2,2.8340603511148736
8320,281.25,53.75,53.75,0.0,1,2.8773186185470814
8321,283.75,53.75,53.75,1.0,0,2.7434156055050645
8322,286.25,53.75,53.75,1.0,0,2.6706438774941033
8323,288.75,53.75,53.75,1.0,0,2.6001319628537742
8324,291.25,53.75,53.75,1.0,0,2.5796107591129727
8325,293.75,53.75,53.75,1.0,0,2.561522866819405
8326,296.25,53.75,53.75,1.0,0,2.593510349685626
8327,298.75,53.75,53.75,1.0,0,2.6491143519949865
8328,301.25,53.75,53.75,1.0,0,2.744449300405752
8329,303.75,53.75,53.75,0.0,1,2.8730474998763893
8330,306.25,53.75,53.75,0.0,1,2.968710527187916
8331,308.75,53.75,53.75,0.0,1,3.1322033100219646
8332,311.25,53.75,53.75,0.0,1,3.123814731784908
8333,313.75,53.75,53.75,0.0,1,2.894361203381243
8334,316.25,53.75,53.75,0.0,1,2.4913252656537175
8335,318.75,53.75,53.75,0.0,1,1.8872340209501313
8336,321.25,53.75,53.75,0.0,1,1.2709849608340575
8337,323.75,53.75,53.75,0.0,1,0.7761655995308767
8338,326.25,53.75,53.75,0.0,1,0.4312572933551301
8339,328.75,53.75,53.75,0.0,1,0.41379795885679654
8340,331.25,53.75,53.75,0.0,1,0.535881489403571
8341,333.75,53.75,53.75,0.0,1,0.7448109979704571
8342,336.25,53.75,53.75,0.0,1,1.0866780049368163
8343,338.75,53.75,53.75,0.0,1,1.346730565232975
8344,341.25,53.75,53.75,0.0,1,1.4138875317720685
8345,343.75,53.75,53.75,0.0,1,1.3775736005778425
8346,346.25,53.75,53.75,0.0,1,1.3735880405818073
8347,348.75,53.75,53.75,0.0,1,1.4318626984730352
8348,351.25,53.75,53.75,1.0,0,1.6697941789673623
8349,353.75,53.75,53.75,0.0,1,1.8195647364860352
8350,356.25,53.75,53.75,0.0,1,1.936863821958537
8351,358.75,53.75,53.75,1.0,0,1.9406882040743352
8352,1.25,56.25,56.25,0.0,1,1.7115248303407855
8353,3.75,56.25,56.25,0.0,1,1.818935846572321
8354,6.25,56.25,56.25,0.0,1,1.9187043887604505
8355,8.75,56.25,56.25,0.0,1,2.0761331130620864
8356,11.25,56.25,56.25,0.0,1,2.202887426111261
8357,13.75,56.25,56.25,0.0,0,2.259119639573043
8358,16.25,56.25,56.25,0.0,1,2.3116042959231136
8359,18.75,56.25,56.25,0.0,1,2.347633202079534
8360,21.25,56.25,56.25,0.0,1,2.3700226947625893
8361,23.75,56.25,56.25,1.0,0,2.4132503075265146
8362,26.25,56.25,56.25,1.0,0,2.481072507397797
8363,28.75,56.25,56.25,1.0,0,2.536825810822418
8364,31.25,56.25,56.25,1.0,0,2.567759441801401
8365,33.75,56.25,56.25,1.0,0,2.5979992764053588
8366,36.25,56.25,56.25,1.0,0,2.651678020949454
8367,38.75,56.25,56.25,1.0,0,2.676176171227185
8368,41.25,56.25,56.25,1.0,0,2.6719760688657104
8369,43.75,56.25,56.25,1.0,0,2.6565383857934664
8370,46.25,56.25,56.25,1.0,0,2.646000078708304
8371,48.75,56.25,56.25,1.0,0,2.6595607862027975
8372,51.25,56.25,56.25,1.0,0,2.666257975887467
8373,53.75,56.25,56.25,1.0,0,2.6422439693192885
8374,56.25,56.25,56.25,1.0,0,2.5528281584511237
8375,58.75,56.25,56.25,1.0,0,2.4775447359113976
8376,61.25,56.25,56.25,1.0,0,2.4566578153442085
8377,63.75,56.25,56.25,1.0,0,2.480823747323129
8378,66.25,56.25,56.25,1.0,0,2.5154026337426783
8379,68.75,56.25,56.25,1.0,0,2.4942209003646205
8380,71.25,56.25,56.25,1.0,0,2.4770008565020447
8381,73.75,56.25,56.25,1.0,0,2.494387223756599
8382,76.25,56.25,56.25,1.0,0,2.4849307274621397
8383,78.75,56.25,56.25,1.0,0,2.4557180271703922
8384,81.25,56.25,56.25,1.0,0,2.415433615808485
8385,83.75,56.25,56.25,1.0,0,2.4215389894174133
8386,86.25,56.25,56.25,1.0,0,2.3965509610712856
8387,88.75,56.25,56.25,1.0,0,2.3357378521937044
8388,91.25,56.25,56.25,1.0,0,2.2967083840384688
8389,93.75,56.25,56.25,1.0,0,2.2297274563653082
8390,96.25,56.25,56.25,1.0,0,2.2136395104806295
8391,98.75,56.25,56.25,1.0,0,2.1932540281087918
8392,101.25,56.25,56.25,1.0,0,2.1890169109314845
8393,103.75,56.25,56.25,1.0,0,2.1396719276021474
8394,106.25,56.25,56.25,1.0,0,2.1986605089382505
8395,108.75,56.25,56.25,1.0,0,2.4285576500034938
8396,111.25,56.25,56.25,1.0,0,2.500219807064777
8397,113.75,56.25,56.25,1.0,0,2.5298698580431647
8398,116.25,56.25,56.25,1.0,0,2.581374492636793
8399,118.75,56.25,56.25,1.0,0,2.521458300560492
8400,121.25,56.25,56.25,1.0,0,2.5552170406495183
8401,123.75,56.25,56.25,1.0,0,2.5388807897900607
8402,126.25,56.25,56.25,1.0,0,2.5878137140174737
8403,128.75,56.25,56.25,1.0,0,2.586349371589633
8404,131.25,56.25,56.25,1.0,0,2.5802119095191687
8405,133.75,56.25,56.25,1.0,0,2.556439879643684
8406,136.25,56.25,56.25,1.0,0,2.3639699809448316
8407,138.75,56.25,56.25,0.0,2,2.2592937089635776
8408,141.25,56.25,56.25,0.0,2,2.577933053255713
8409,143.75,56.25,56.25,0.0,2,3.1898223761265125
8410,146.25,56.25,56.25,0.0,2,3.6458187629212264
8411,148.75,56.25,56.25,0.0,2,3.7716442184994228
8412,151.25,56.25,56.25,0.0,2,3.8068714455076984
8413,153.75,56.25,56.25,0.0,2,3.5871323379597038
8414,156.25,56.25,56.25,0.0,2,3.0321822468477504
8415,158.75,56.25,56.25,1.0,0,2.657412226301499
8416,161.25,56.25,56.25,1.0,0,2.584187387093865
8417,163.75,56.25,56.25,0.0,2,2.2944558656786262
8418,166.25,56.25,56.25,0.0,2,2.050683587968756
8419,168.75,56.25,56.25,0.0,2,1.9210649403478754
8420,171.25,56.25,56.25,0.0,2,1.881371340466844
8421,173.75,56.25,56.25,0.0,2,1.885124303041117
8422,176.25,56.25,56.25,0.0,2,1.9227770564932114
8423,178.75,56.25,56.25,0.0,2,1.9883446006236005
8424,181.25,56.25,56.25,0.0,2,2.0729244111545446
8425,183.75,56.25,56.25,0.0,2,2.1874280552748884
8426,186.25,56.25,56.25,0.0,2,2.3280957632183013
8427,188.75,56.25,56.25,0.0,2,2.430448587044521
8428,191.25,56.25,56.25,0.0,2,2.511875375018141
8429,193.75,56.25,56.25,0.0,2,2.574664355008281
8430,196.25,56.25,56.25,0.0,2,2.663981589676398
8431,198.75,56.25,56.25,0.0,2,2.7122725376443424
8432,201.25,56.25,56.25,0.0,2,2.420705100736297
8433,203.75,56.25,56.25,0.0,2,2.047840477675569
8434,206.25,56.25,56.25,0.0,2,1.8444558663292818
8435,208.75,56.25,56.25,0.0,2,1.684293171174045
8436,211.25,56.25,56.25,0.0,2,1.6296890539774553
8437,213.75,56.25,56.25,0.0,2,1.6216534834136704
8438,216.25,56.25,56.25,0.0,2,1.6033776783698148
8439,218.75,56.25,56.25,0.0,2,1.5747966255780532
8440,221.25,56.25,56.25,0.0,2,1.547236011373068
8441,223.75,56.25,56.25,0.0,2,1.5394197622781585
8442,226.25,56.25,56.25,0.0,2,1.7215054171888395
8443,228.75,56.25,56.25,1.0,0,1.8948554432082145
8444,231.25,56.25,56.25,1.0,0,1.9401907875658049
8445,233.75,56.25,56.25,1.0,0,1.9348955212795786
8446,236.25,56.25,56.25,1.0,0,1.9304573562706617
8447,238.75,56.25,56.25,1.0,0,1.9516801746885015
8448,241.25,56.25,56.25,1.0,0,1.9922326278092481
8449,243.75,56.25,56.25,1.0,0,2.0363265075246932
8450,246.25,56.25,56.25,1.0,0,2.073754213764177
8451,248.75,56.25,56.25,1.0,0,2.1126023740411504
8452,251.25,56.25,56.25,1.0,0,2.1701410990695225
8453,253.75,56.25,56.25,1.0,0,2.2405478441188817
8454,256.25,56.25,56.25,1.0,0,2.2769405329181556
8455,258.75,56.25,56.25,1.0,0,2.3692646347291455
8456,261.25,56.25,56.25,1.0,0,2.4323173410357954
8457,263.75,56.25,56.25,1.0,0,2.4742170341950955
8458,266.25,56.25,56.25,1.0,0,2.5017121059692187
8459,268.75,56.25,56.25,1.0,0,2.5083937173670856
8460,271.25,56.25,56.25,0.0,2,2.527511418899059
8461,273.75,56.25,56.25,0.0,2,2.5839030651913153
8462,276.25,56.25,56.25,0.0,2,2.68033698907218
8463,278.75,56.25,56.25,0.0,2,2.7649526600284005
8464,281.25,56.25,56.25,0.0,1,2.815211420944061
8465,283.75,56.25,56.25,1.0,0,2.8100429486675806
8466,286.25,56.25,56.25,1.0,0,2.800326095172975
8467,288.75,56.25,56.25,1.0,0,2.758889026586489
8468,291.25,56.25,56.25,1.0,0,2.7114088377746746
8469,293.75,56.25,56.25,1.0,0,2.713019463284145
8470,296.25,56.25,56.25,1.0,0,2.770000215001713
8471,298.75,56.25,56.25,0.0,1,2.7996300922683606
8472,301.25,56.25,56.25,0.0,1,3.072504146437335
8473,303.75,56.25,56.25,0.0,1,3.345851594386823
8474,306.25,56.25,56.25,0.0,1,3.335946821803539
8475,308.75,56.25,56.25,0.0,1,3.3309319964815174
8476,311.25,56.25,56.25,0.0,1,3.2540017529240655
8477,313.75,56.25,56.25,0.0,1,3.12060014671336
8478,316.25,56.25,56.25,0.0,1,2.927846504712608
8479,318.75,56.25,56.25,0.0,1,2.5959293845801246
8480,321.25,56.25,56.25,0.0,1,1.998217691025305
8481,323.75,56.25,56.25,0.0,1,1.1979129055861248
8482,326.25,56.25,56.25,0.0,1,0.7293586600637307
8483,328.75,56.25,56.25,0.0,1,0.7224941475275225
8484,331.25,56.25,56.25,0.0,1,0.7988375605841261
8485,333.75,56.25,56.25,0.0,1,1.0386888256804396
8486,336.25,56.25,56.25,0.0,1,1.2835066931053676
8487,338.75,56.25,56.25,0.0,1,1.4012397048888696
8488,341.25,56.25,56.25,0.0,1,1.4204486153398628
8489,343.75,56.25,56.25,0.0,1,1.396500889253568
8490,346.25,56.25,56.25,0.0,1,1.3809466917686686
8491,348.75,56.25,56.25,0.0,1,1.3814196141474266
8492,351.25,56.25,56.25,0.0,1,1.4293833861968452
8493,353.75,56.25,56.25,0.0,1,1.58151313751553
8494,356.25,56.25,56.25,1.0,0,1.754718176959823
8495,358.75,56.25,56.25,0.0,1,1.6620444305172961
8496,1.25,58.75,58.75,0.0,1,1.4995395519731833
8497,3.75,58.75,58.75,0.0,1,1.6679809185060344
8498,6.25,58.75,58.75,0.0,1,1.9331391903785096
8499,8.75,58.75,58.75,0.0,0,2.0956807455832296
8500,11.25,58.75,58.75,0.0,1,2.16478324476847
8501,13.75,58.75,58.75,1.0,0,2.176078394054333
8502,16.25,58.75,58.75,1.0,0,2.2247775218350547
8503,18.75,58.75,58.75,0.0,1,2.297942709765515
8504,21.25,58.75,58.75,0.0,1,2.3575974931998203
8505,23.75,58.75,58.75,1.0,0,2.391669529206751
8506,26.25,58.75,58.75,1.0,0,2.412522683121102
8507,28.75,58.75,58.75,1.0,0,2.443866992722301
8508,31.25,58.75,58.75,1.0,0,2.4645260110038003
8509,33.75,58.75,58.75,1.0,0,2.462148444439053
8510,36.25,58.75,58.75,1.0,0,2.4899570180634
8511,38.75,58.75,58.75,1.0,0,2.525850307904149
8512,41.25,58.75,58.75,1.0,0,2.5185499034991494
8513,43.75,58.75,58.75,1.0,0,2.4878826469996054
8514,46.25,58.75,58.75,1.0,0,2.480916553472806
8515,48.75,58.75,58.75,1.0,0,2.4965785901766426
8516,51.25,58.75,58.75,1.0,0,2.4880936255338337
8517,53.75,58.75,58.75,1.0,0,2.475108697668002
8518,56.25,58.75,58.75,1.0,0,2.4307547992721443
8519,58.75,58.75,58.75,1.0,0,2.366852185254478
8520,61.25,58.75,58.75,1.0,0,2.3449997037047865
8521,63.75,58.75,58.75,1.0,0,2.338439513225036
8522,66.25,58.75,58.75,1.0,0,2.367306554677884
8523,68.75,58.75,58.75,1.0,0,2.3441443138565616
8524,71.25,58.75,58.75,1.0,0,2.325032125413781
8525,73.75,58.75,58.75,1.0,0,2.321065053876502
8526,76.25,58.75,58.75,1.0,0,2.340163449686957
8527,78.75,58.75,58.75,1.0,0,2.316462573756014
8528,81.25,58.75,58.75,1.0,0,2.2980160252946695
8529,83.75,58.75,58.75,1.0,0,2.3056987595799936
8530,86.25,58.75,58.75,1.0,0,2.304527302247779
8531,88.75,58.75,58.75,1.0,0,2.298105469645235
8532,91.25,58.75,58.75,1.0,0,2.301946172396647
8533,93.75,58.75,58.75,1.0,0,2.270283890392933
8534,96.25,58.75,58.75,1.0,0,2.238156447230668
8535,98.75,58.75,58.75,1.0,0,2.2138330501444217
8536,101.25,58.75,58.75,1.0,0,2.202480247082504
8537,103.75,58.75,58.75,1.0,0,2.23333907235935
8538,106.25,58.75,58.75,1.0,0,2.27057292889869
8539,108.75,58.75,58.75,1.0,0,2.2939255842308173
8540,111.25,58.75,58.75,1.0,0,2.329729656226907
8541,113.75,58.75,58.75,1.0,0,2.3742538157863002
8542,116.25,58.75,58.75,1.0,0,2.427938664029466
8543,118.75,58.75,58.75,1.0,0,2.4407846121142436
8544,121.25,58.75,58.75,1.0,0,2.443812127330765
8545,123.75,58.75,58.75,1.0,0,2.4870371480902818
8546,126.25,58.75,58.75,1.0,0,2.5617456910154397
8547,128.75,58.75,58.75,1.0,0,2.5902612591381677
8548,131.25,58.75,58.75,1.0,0,2.618193457059731
8549,133.75,58.75,58.75,1.0,0,2.6034372054019634
8550,136.25,58.75,58.75,1.0,0,2.5959954242499266
8551,138.75,58.75,58.75,1.0,0,2.5378117087842478
8552,141.25,58.75,58.75,0.0,2,2.4064818436438795
8553,143.75,58.75,58.75,0.0,2,2.7020870282734073
8554,146.25,58.75,58.75,0.0,2,2.778123966613995
8555,148.75,58.75,58.75,0.0,2,2.648136524476257
8556,151.25,58.75,58.75,0.0,2,2.717853437247893
8557,153.75,58.75,58.75,0.0,2,2.8833756335900795
8558,156.25,58.75,58.75,0.0,2,2.770092163632299
8559,158.75,58.75,58.75,0.0,2,2.648276530148199
8560,161.25,58.75,58.75,1.0,0,2.81764174239883
8561,163.75,58.75,58.75,0.0,2,2.715532438385428
8562,166.25,58.75,58.75,0.0,2,2.394502036372102
8563,168.75,58.75,58.75,0.0,2,2.4326540211842866
8564,171.25,58.75,58.75,0.0,2,2.54190122931928
8565,173.75,58.75,58.75,0.0,2,2.5866451505772785
8566,176.25,58.75,58.75,0.0,2,2.619369064174058
8567,178.75,58.75,58.75,0.0,2,2.7270893791665953
8568,181.25,58.75,58.75,0.0,2,2.8720270028484904
8569,183.75,58.75,58.75,0.0,2,3.0425090963384895
8570,186.25,58.75,58.75,0.0,2,3.214476808884359
8571,188.75,58.75,58.75,0.0,2,3.295043440125315
8572,191.25,58.75,58.75,0.0,2,3.2688543091614073
8573,193.75,58.75,58.75,0.0,2,3.193473531986462
8574,196.25,58.75,58.75,0.0,2,3.1604842917476437
8575,198.75,58.75,58.75,0.0,2,3.0176894349835752
8576,201.25,58.75,58.75,0.0,0,2.820709079369429
8577,203.75,58.75,58.75,1.0,0,2.5631587597546446
8578,206.25,58.75,58.75,1.0,0,2.369223825866092
8579,208.75,58.75,58.75,0.0,2,1.9723701295428506
8580,211.25,58.75,58.75,0.0,2,1.7488313132243647
8581,213.75,58.75,58.75,0.0,2,1.6244552758901196
8582,216.25,58.75,58.75,0.0,2,1.6084508609016632
8583,218.75,58.75,58.75,0.0,2,1.6221185849296602
8584,221.25,58.75,58.75,0.0,2,1.7190344705768117
8585,223.75,58.75,58.75,1.0,0,1.8975028666015987
8586,226.25,58.75,58.75,1.0,0,1.9492704486509955
8587,228.75,58.75,58.75,1.0,0,1.9513023378441536
8588,231.25,58.75,58.75,1.0,0,1.924995439988196
8589,233.75,58.75,58.75,1.0,0,1.9386666309484666
8590,236.25,58.75,58.75,1.0,0,1.937877273739679
8591,238.75,58.75,58.75,1.0,0,1.9847148746088892
8592,241.25,58.75,58.75,1.0,0,2.105228726191615
8593,243.75,58.75,58.75,1.0,0,2.208436564575341
8594,246.25,58.75,58.75,1.0,0,2.2234048218804108
8595,248.75,58.75,58.75,1.0,0,2.2253682765974196
8596,251.25,58.75,58.75,1.0,0,2.261290985153617
8597,253.75,58.75,58.75,1.0,0,2.3084758403515666
8598,256.25,58.75,58.75,1.0,0,2.4080818036750147
8599,258.75,58.75,58.75,1.0,0,2.526621144701515
8600,261.25,58.75,58.75,1.0,0,2.6289618270667985
8601,263.75,58.75,58.75,1.0,0,2.6860229130203366
8602,266.25,58.75,58.75,0.0,2,2.5612255933629675
8603,268.75,58.75,58.75,0.0,2,2.4850879257365768
8604,271.25,58.75,58.75,0.0,2,2.5977323716930996
8605,273.75,58.75,58.75,0.0,2,2.727633993730768
8606,276.25,58.75,58.75,0.0,2,2.8094430450482983
8607,278.75,58.75,58.75,0.0,2,2.8951383537668205
8608,281.25,58.75,58.75,0.0,1,2.81430003143403
8609,283.75,58.75,58.75,1.0,0,3.013138754263531
8610,286.25,58.75,58.75,1.0,0,2.997914969473071
8611,288.75,58.75,58.75,1.0,0,2.9338285904924613
8612,291.25,58.75,58.75,0.0,1,2.692846392831663
8613,293.75,58.75,58.75,0.0,1,2.7755582654208957
8614,296.25,58.75,58.75,1.0,0,2.821310342853543
8615,298.75,58.75,58.75,0.0,1,2.9659973185323487
8616,301.25,58.75,58.75,0.0,1,3.5174274013960414
8617,303.75,58.75,58.75,0.0,1,3.6895979915461163
8618,306.25,58.75,58.75,0.0,1,3.480376830016076
8619,308.75,58.75,58.75,0.0,1,3.313549528423953
8620,311.25,58.75,58.75,0.0,1,3.0485956112567782
8621,313.75,58.75,58.75,0.0,1,2.746026065447741
8622,316.25,58.75,58.75,0.0,1,2.429314283419428
8623,318.75,58.75,58.75,0.0,1,2.3085458241549683
8624,321.25,58.75,58.75,0.0,1,2.7287896733858736
8625,323.75,58.75,58.75,0.0,1,2.440802708001433
8626,326.25,58.75,58.75,0.0,1,1.983241780156548
8627,328.75,58.75,58.75,0.0,1,1.844719460019114
8628,331.25,58.75,58.75,0.0,1,1.7013323258463486
8629,333.75,58.75,58.75,0.0,1,1.6167930750296933
8630,336.25,58.75,58.75,0.0,1,1.5365746115797128
8631,338.75,58.75,58.75,0.0,1,1.4456690243499577
8632,341.25,58.75,58.75,0.0,1,1.4079707465775464
8633,343.75,58.75,58.75,0.0,1,1.399986732420883
8634,346.25,58.75,58.75,0.0,1,1.3691914551597546
8635,348.75,58.75,58.75,0.0,1,1.3282881866372007
8636,351.25,58.75,58.75,0.0,1,1.3286519016685825
8637,353.75,58.75,58.75,0.0,1,1.3754639773721775
8638,356.25,58.75,58.75,0.0,1,1.4519978496262118
8639,358.75,58.75,58.75,0.0,1,1.4120611825597644
8640,1.25,61.25,61.25,0.0,1,1.344267254478718
8641,3.75,61.25,61.25,0.0,1,1.5273198304108897
8642,6.25,61.25,61.25,1.0,0,1.8532138952507362
8643,8.75,61.25,61.25,1.0,0,1.9718565108501587
8644,11.25,61.25,61.25,1.0,0,1.9891769537673216
8645,13.75,61.25,61.25,1.0,0,2.0236803813020647
8646,16.25,61.25,61.25,1.0,0,2.129458176824865
8647,18.75,61.25,61.25,0.0,1,2.325738528405262
8648,21.25,61.25,61.25,0.0,1,2.3695076405456863
8649,23.75,61.25,61.25,1.0,0,2.3472928722186754
8650,26.25,61.25,61.25,1.0,0,2.3482930483020366
8651,28.75,61.25,61.25,1.0,0,2.362841328686001
8652,31.25,61.25,61.25,1.0,0,2.3805711521677435
8653,33.75,61.25,61.25,1.0,0,2.3346601801176554
8654,36.25,61.25,61.25,1.0,0,2.357693211955464
8655,38.75,61.25,61.25,1.0,0,2.3467251474762816
8656,41.25,61.25,61.25,1.0,0,2.350126144467927
8657,43.75,61.25,61.25,1.0,0,2.326876044432778
8658,46.25,61.25,61.25,1.0,0,2.3231859010753086
8659,48.75,61.25,61.25,1.0,0,2.3476248867087217
8660,51.25,61.25,61.25,1.0,0,2.365952262958542
8661,53.75,61.25,61.25,1.0,0,2.3579947453850583
8662,56.25,61.25,61.25,1.0,0,2.3507365488278267
8663,58.75,61.25,61.25,1.0,0,2.3228809358898945
8664,61.25,61.25,61.25,1.0,0,2.288750554426531
8665,63.75,61.25,61.25,1.0,0,2.277099792588893
8666,66.25,61.25,61.25,1.0,0,2.3204189854095643
8667,68.75,61.25,61.25,1.0,0,2.3331043430652847
8668,71.25,61.25,61.25,1.0,0,2.3030529427573057
8669,73.75,61.25,61.25,1.0,0,2.286584015662539
8670,76.25,61.25,61.25,1.0,0,2.3232986298502447
8671,78.75,61.25,61.25,1.0,0,2.367753820091812
8672,81.25,61.25,61.25,1.0,0,2.3410073024956346
8673,83.75,61.25,61.25,1.0,0,2.335746062272679
8674,86.25,61.25,61.25,1.0,0,2.3446640532651526
8675,88.75,61.25,61.25,1.0,0,2.3750466930082843
8676,91.25,61.25,61.25,1.0,0,2.3980203788207484
8677,93.75,61.25,61.25,1.0,0,2.425201072941759
8678,96.25,61.25,61.25,1.0,0,2.508610113072249
8679,98.75,61.25,61.25,1.0,0,2.5195034758512462
8680,101.25,61.25,61.25,1.0,0,2.4946606631212633
8681,103.75,61.25,61.25,1.0,0,2.4582601181422628
8682,106.25,61.25,61.25,1.0,0,2.447088182226285
8683,108.75,61.25,61.25,1.0,0,2.428819112006272
8684,111.25,61.25,61.25,1.0,0,2.418345309664914
8685,113.75,61.25,61.25,1.0,0,2.4179865133020018
8686,116.25,61.25,61.25,1.0,0,2.4499932525552293
8687,118.75,61.25,61.25,1.0,0,2.4356963201097805
8688,121.25,61.25,61.25,1.0,0,2.447468035673834
8689,123.75,61.25,61.25,1.0,0,2.506627018080139
8690,126.25,61.25,61.25,1.0,0,2.6163040018796724
8691,128.75,61.25,61.25,1.0,0,2.6987489749578266
8692,131.25,61.25,61.25,1.0,0,2.721915968195252
8693,133.75,61.25,61.25,1.0,0,2.702460209451025
8694,136.25,61.25,61.25,1.0,0,2.6969469764592944
8695,138.75,61.25,61.25,1.0,0,2.5956565500093682
8696,141.25,61.25,61.25,1.0,0,2.426012076100052
8697,143.75,61.25,61.25,1.0,0,2.4567878528171576
8698,146.25,61.25,61.25,1.0,0,2.5440486640999262
8699,148.75,61.25,61.25,1.0,0,2.608327459519949
8700,151.25,61.25,61.25,1.0,0,2.665814354345873
8701,153.75,61.25,61.25,1.0,0,2.714602817507477
8702,156.25,61.25,61.25,0.0,2,2.6721334892639708
8703,158.75,61.25,61.25,0.0,2,2.5902764712143598
8704,161.25,61.25,61.25,1.0,0,2.9206685403291424
8705,163.75,61.25,61.25,1.0,0,3.074812129226745
8706,166.25,61.25,61.25,1.0,0,2.989251465712663
8707,168.75,61.25,61.25,1.0,0,2.844874484249097
8708,171.25,61.25,61.25,1.0,0,3.017366654422401
8709,173.75,61.25,61.25,0.0,2,3.3097192464247107
8710,176.25,61.25,61.25,0.0,2,3.4857277045066817
8711,178.75,61.25,61.25,0.0,2,3.651894375050452
8712,181.25,61.25,61.25,0.0,2,3.8293913678614757
8713,183.75,61.25,61.25,0.0,2,3.829626465579896
8714,186.25,61.25,61.25,0.0,2,3.7647891936051154
8715,188.75,61.25,61.25,0.0,2,3.721458039205201
8716,191.25,61.25,61.25,0.0,2,3.6033115936327045
8717,193.75,61.25,61.25,0.0,2,3.402257860972448
8718,196.25,61.25,61.25,1.0,0,3.282568707340307
8719,198.75,61.25,61.25,1.0,0,2.9567987504150333
8720,201.25,61.25,61.25,1.0,0,2.730413264225451
8721,203.75,61.25,61.25,1.0,0,2.5281257175437326
8722,206.25,61.25,61.25,1.0,0,2.366979334693188
8723,208.75,61.25,61.25,1.0,0,2.2463050763682935
8724,211.25,61.25,61.25,1.0,0,2.1260850253261014
8725,213.75,61.25,61.25,1.0,0,1.9185208910699538
8726,216.25,61.25,61.25,1.0,0,1.9131832255426453
8727,218.75,61.25,61.25,1.0,0,1.978935680117654
8728,221.25,61.25,61.25,1.0,0,2.0955740970683734
8729,223.75,61.25,61.25,1.0,0,2.2163881000509025
8730,226.25,61.25,61.25,1.0,0,2.1792682609028535
8731,228.75,61.25,61.25,1.0,0,2.0995792587323465
8732,231.25,61.25,61.25,1.0,0,2.1030039122523947
8733,233.75,61.25,61.25,1.0,0,2.1942396831867987
8734,236.25,61.25,61.25,1.0,0,2.2745654422050565
8735,238.75,61.25,61.25,1.0,0,2.3211795810460596
8736,241.25,61.25,61.25,1.0,0,2.3661370007600384
8737,243.75,61.25,61.25,1.0,0,2.4199841731897145
8738,246.25,61.25,61.25,1.0,0,2.4426174676247294
8739,248.75,61.25,61.25,1.0,0,2.4261633232406803
8740,251.25,61.25,61.25,1.0,0,2.4685387734158546
8741,253.75,61.25,61.25,1.0,0,2.528063787224873
8742,256.25,61.25,61.25,1.0,0,2.6328182777767033
8743,258.75,61.25,61.25,1.0,0,2.7378891955465323
8744,261.25,61.25,61.25,1.0,0,2.8329204152671994
8745,263.75,61.25,61.25,1.0,0,2.886307758795912
8746,266.25,61.25,61.25,0.0,2,2.692100938548691
8747,268.75,61.25,61.25,0.0,2,2.644275670697606
8748,271.25,61.25,61.25,0.0,2,2.7085431322389653
8749,273.75,61.25,61.25,0.0,2,2.804676050096414
8750,276.25,61.25,61.25,0.0,2,2.8701123276280307
8751,278.75,61.25,61.25,0.0,2,2.880420357287056
8752,281.25,61.25,61.25,0.0,1,2.756264210647273
8753,283.75,61.25,61.25,1.0,0,3.002800556626844
8754,286.25,61.25,61.25,1.0,0,2.9693670008755375
8755,288.75,61.25,61.25,0.0,1,2.7938430096644686
8756,291.25,61.25,61.25,0.0,1,2.771334699607066
8757,293.75,61.25,61.25,0.0,1,2.7968318156565455
8758,296.25,61.25,61.25,0.0,1,2.8734711200043153
8759,298.75,61.25,61.25,0.0,1,3.3309267499334143
8760,301.25,61.25,61.25,0.0,1,3.844295181228711
8761,303.75,61.25,61.25,0.0,1,3.8153212591082815
8762,306.25,61.25,61.25,0.0,1,3.481887898369468
8763,308.75,61.25,61.25,0.0,1,3.100815292706909
8764,311.25,61.25,61.25,0.0,0,2.5912382811734007
8765,313.75,61.25,61.25,0.0,0,2.420780600481041
8766,316.25,61.25,61.25,1.0,0,2.384538119567189
8767,318.75,61.25,61.25,0.0,1,2.715886210188447
8768,321.25,61.25,61.25,0.0,1,2.251425449881212
8769,323.75,61.25,61.25,0.0,1,2.457733380058502
8770,326.25,61.25,61.25,0.0,1,2.260174536341192
8771,328.75,61.25,61.25,0.0,1,2.0011756562536234
8772,331.25,61.25,61.25,0.0,1,1.8205499585502385
8773,333.75,61.25,61.25,0.0,1,1.65138043121252
8774,336.25,61.25,61.25,0.0,1,1.4761626623776103
8775,338.75,61.25,61.25,0.0,1,1.381298999533746
8776,341.25,61.25,61.25,0.0,1,1.34180885941387
8777,343.75,61.25,61.25,0.0,1,1.3189102156808987
8778,346.25,61.25,61.25,0.0,1,1.2806950810078659
8779,348.75,61.25,61.25,0.0,1,1.240329936152321
8780,351.25,61.25,61.25,0.0,1,1.2012902367589133
8781,353.75,61.25,61.25,0.0,1,1.1899903277603174
8782,356.25,61.25,61.25,0.0,1,1.2376029368766093
8783,358.75,61.25,61.25,0.0,1,1.273530621930247
8784,1.25,63.75,63.75,0.0,1,1.087269491251457
8785,3.75,63.75,63.75,0.0,1,1.2479157318792538
8786,6.25,63.75,63.75,0.0,1,1.4179214429137283
8787,8.75,63.75,63.75,0.0,1,1.541608905729318
8788,11.25,63.75,63.75,1.0,0,1.752684373068739
8789,13.75,63.75,63.75,1.0,0,1.8715627467640081
8790,16.25,63.75,63.75,1.0,0,2.008623849654667
8791,18.75,63.75,63.75,0.0,0,2.2350183692800867
8792,21.25,63.75,63.75,0.0,1,2.480317819030062
8793,23.75,63.75,63.75,1.0,0,2.486689670933573
8794,26.25,63.75,63.75,1.0,0,2.283741563048469
8795,28.75,63.75,63.75,1.0,0,2.261033837984871
8796,31.25,63.75,63.75,1.0,0,2.2844527911222343
8797,33.75,63.75,63.75,1.0,0,2.3347247435151584
8798,36.25,63.75,63.75,1.0,0,2.3499983048504993
8799,38.75,63.75,63.75,1.0,0,2.3534562282342946
8800,41.25,63.75,63.75,1.0,0,2.3584023533741947
8801,43.75,63.75,63.75,1.0,0,2.3420526725034314
8802,46.25,63.75,63.75,1.0,0,2.351439395368126
8803,48.75,63.75,63.75,1.0,0,2.3465448476919355
8804,51.25,63.75,63.75,1.0,0,2.3399303602666315
8805,53.75,63.75,63.75,1.0,0,2.319070104719505
8806,56.25,63.75,63.75,1.0,0,2.315904993337801
8807,58.75,63.75,63.75,1.0,0,2.3273687538616783
8808,61.25,63.75,63.75,1.0,0,2.3441818371966296
8809,63.75,63.75,63.75,1.0,0,2.369543057729394
8810,66.25,63.75,63.75,1.0,0,2.3748671100556034
8811,68.75,63.75,63.75,1.0,0,2.403420538596545
8812,71.25,63.75,63.75,1.0,0,2.427093969834734
8813,73.75,63.75,63.75,1.0,0,2.420247053887559
8814,76.25,63.75,63.75,1.0,0,2.4172872845071454
8815,78.75,63.75,63.75,1.0,0,2.4837360512683873
8816,81.25,63.75,63.75,1.0,0,2.455432727095141
8817,83.75,63.75,63.75,1.0,0,2.442032839127666
8818,86.25,63.75,63.75,1.0,0,2.448357600726828
8819,88.75,63.75,63.75,1.0,0,2.454974795986288
8820,91.25,63.75,63.75,1.0,0,2.4745588437370847
8821,93.75,63.75,63.75,1.0,0,2.5446298738994404
8822,96.25,63.75,63.75,1.0,0,2.6168702526404735
8823,98.75,63.75,63.75,1.0,0,2.652490911985115
8824,101.25,63.75,63.75,1.0,0,2.6585427688418766
8825,103.75,63.75,63.75,1.0,0,2.6408136047744417
8826,106.25,63.75,63.75,1.0,0,2.6271934404601223
8827,108.75,63.75,63.75,1.0,0,2.6241330449915736
8828,111.25,63.75,63.75,1.0,0,2.6306608701992613
8829,113.75,63.75,63.75,1.0,0,2.643634203436287
8830,116.25,63.75,63.75,1.0,0,2.673122356581376
8831,118.75,63.75,63.75,1.0,0,2.6938861578997666
8832,121.25,63.75,63.75,1.0,0,2.7268251276309834
8833,123.75,63.75,63.75,1.0,0,2.7897648520185334
8834,126.25,63.75,63.75,1.0,0,2.818070689475948
8835,128.75,63.75,63.75,1.0,0,2.7990185826526806
8836,131.25,63.75,63.75,1.0,0,2.772664438158421
8837,133.75,63.75,63.75,1.0,0,2.7240172214212928
8838,136.25,63.75,63.75,1.0,0,2.690184609349289
8839,138.75,63.75,63.75,1.0,0,2.572944646423239
8840,141.25,63.75,63.75,1.0,0,2.495768426301803
8841,143.75,63.75,63.75,1.0,0,2.4926071482599523
8842,146.25,63.75,63.75,1.0,0,2.5510812779557885
8843,148.75,63.75,63.75,1.0,0,2.7398490735052485
8844,151.25,63.75,63.75,1.0,0,2.951736387758411
8845,153.75,63.75,63.75,1.0,0,3.0768347449023117
8846,156.25,63.75,63.75,1.0,0,2.9940918137385113
8847,158.75,63.75,63.75,1.0,0,2.842507912214856
8848,161.25,63.75,63.75,1.0,0,2.788590717761265
8849,163.75,63.75,63.75,1.0,0,2.907560947383344
8850,166.25,63.75,63.75,1.0,0,3.081276561129905
8851,168.75,63.75,63.75,1.0,0,3.180591685344093
8852,171.25,63.75,63.75,1.0,0,3.240678930662909
8853,173.75,63.75,63.75,1.0,0,3.3872374409779265
8854,176.25,63.75,63.75,1.0,0,3.5534224994452357
8855,178.75,63.75,63.75,0.0,2,3.6857538548166886
8856,181.25,63.75,63.75,0.0,2,3.805913535913717
8857,183.75,63.75,63.75,0.0,2,3.813485198933607
8858,186.25,63.75,63.75,0.0,2,3.881470893861476
8859,188.75,63.75,63.75,0.0,2,3.9228318646409686
8860,191.25,63.75,63.75,0.0,2,3.748096682324779
8861,193.75,63.75,63.75,0.0,2,3.4436430876372337
8862,196.25,63.75,63.75,0.0,0,3.247505980612049
8863,198.75,63.75,63.75,0.0,0,3.026574976805145
8864,201.25,63.75,63.75,1.0,0,2.826295042646943
8865,203.75,63.75,63.75,1.0,0,2.673444014964079
8866,206.25,63.75,63.75,1.0,0,2.5420006981038643
8867,208.75,63.75,63.75,1.0,0,2.4475275047392833
8868,211.25,63.75,63.75,1.0,0,2.368989718244705
8869,213.75,63.75,63.75,1.0,0,2.3111000068529313
8870,216.25,63.75,63.75,1.0,0,2.320240596408729
8871,218.75,63.75,63.75,1.0,0,2.3699397746264594
8872,221.25,63.75,63.75,1.0,0,2.4413741171913665
8873,223.75,63.75,63.75,1.0,0,2.433878881084537
8874,226.25,63.75,63.75,1.0,0,2.3365344888357473
8875,228.75,63.75,63.75,1.0,0,2.2524430495956307
8876,231.25,63.75,63.75,1.0,0,2.30890278671541
8877,233.75,63.75,63.75,1.0,0,2.4949615517025787
8878,236.25,63.75,63.75,1.0,0,2.6417779142538356
8879,238.75,63.75,63.75,1.0,0,2.6480978222336864
8880,241.25,63.75,63.75,1.0,0,2.6107725306705616
8881,243.75,63.75,63.75,1.0,0,2.5760430073844276
8882,246.25,63.75,63.75,1.0,0,2.577907369936841
8883,248.75,63.75,63.75,1.0,0,2.6143218873391145
8884,251.25,63.75,63.75,1.0,0,2.67245659448749
8885,253.75,63.75,63.75,1.0,0,2.7386524115465556
8886,256.25,63.75,63.75,1.0,0,2.812545530802601
8887,258.75,63.75,63.75,1.0,0,2.894171002031047
8888,261.25,63.75,63.75,1.0,0,2.969927430729845
8889,263.75,63.75,63.75,1.0,0,3.0038548832807512
8890,266.25,63.75,63.75,1.0,0,2.9682540482797823
8891,268.75,63.75,63.75,0.0,0,2.858683540781167
8892,271.25,63.75,63.75,0.0,2,2.779461512112989
8893,273.75,63.75,63.75,0.0,2,2.86865018044449
8894,276.25,63.75,63.75,0.0,2,2.85275605297107
8895,278.75,63.75,63.75,0.0,2,2.7741414239792777
8896,281.25,63.75,63.75,0.0,1,2.7713196959727298
8897,283.75,63.75,63.75,0.0,1,2.8208071400045154
8898,286.25,63.75,63.75,0.0,1,2.7742756450206407
8899,288.75,63.75,63.75,0.0,0,2.8197604908880676
8900,291.25,63.75,63.75,1.0,0,2.9804423785652014
8901,293.75,63.75,63.75,1.0,0,3.1641922270781353
8902,296.25,63.75,63.75,0.0,1,3.0917495136211217
8903,298.75,63.75,63.75,0.0,1,3.395247765892694
8904,301.25,63.75,63.75,0.0,1,3.8474012898941563
8905,303.75,63.75,63.75,0.0,1,3.7553815868837583
8906,306.25,63.75,63.75,0.0,1,3.2648740437964605
8907,308.75,63.75,63.75,0.0,1,2.8420405163317
8908,311.25,63.75,63.75,1.0,0,2.302997201793845
8909,313.75,63.75,63.75,1.0,0,2.11507365692802
8910,316.25,63.75,63.75,1.0,0,2.0489711846087904
8911,318.75,63.75,63.75,0.0,0,2.724497038495507
8912,321.25,63.75,63.75,0.0,1,2.445916876116414
8913,323.75,63.75,63.75,0.0,1,2.150529457407012
8914,326.25,63.75,63.75,0.0,1,2.026405010098338
8915,328.75,63.75,63.75,0.0,1,2.0490009347194134
8916,331.25,63.75,63.75,0.0,1,1.9504191271396714
8917,333.75,63.75,63.75,0.0,1,1.7604844753297328
8918,336.25,63.75,63.75,0.0,1,1.4917571318404073
8919,338.75,63.75,63.75,0.0,0,1.4870906388633824
8920,341.25,63.75,63.75,0.0,0,1.4802386826196494
8921,343.75,63.75,63.75,0.0,1,1.304159263032818
8922,346.25,63.75,63.75,0.0,1,1.0671887041057972
8923,348.75,63.75,63.75,0.0,1,0.996553386108884
8924,351.25,63.75,63.75,0.0,1,1.06088605034817
8925,353.75,63.75,63.75,0.0,1,1.1042090466202572
8926,356.25,63.75,63.75,0.0,1,1.1151694063605924
8927,358.75,63.75,63.75,0.0,1,1.0796779908476346
8928,1.25,66.25,66.25,0.0,5,0.6825534820407851
8929,3.75,66.25,66.25,0.0,5,0.8904108087243754
8930,6.25,66.25,66.25,0.0,5,1.0999439728841416
8931,8.75,66.25,66.25,0.0,5,1.2493701687923664
8932,11.25,66.25,66.25,0.0,5,1.4222009931561777
8933,13.75,66.25,66.25,1.0,0,1.6881109108847085
8934,16.25,66.25,66.25,1.0,0,1.8246684610070905
8935,18.75,66.25,66.25,1.0,0,1.9845598733728977
8936,21.25,66.25,66.25,1.0,0,2.187637196099053
8937,23.75,66.25,66.25,1.0,0,2.3555478416879905
8938,26.25,66.25,66.25,1.0,0,2.252346779643771
8939,28.75,66.25,66.25,1.0,0,2.24568331625202
8940,31.25,66.25,66.25,1.0,0,2.291613871674752
8941,33.75,66.25,66.25,1.0,0,2.333264907324823
8942,36.25,66.25,66.25,1.0,0,2.3658667684319523
8943,38.75,66.25,66.25,1.0,0,2.3854861922297896
8944,41.25,66.25,66.25,1.0,0,2.4046227549601196
8945,43.75,66.25,66.25,0.0,5,2.413716743443117
8946,46.25,66.25,66.25,1.0,0,2.39324329859541
8947,48.75,66.25,66.25,1.0,0,2.38036726962848
8948,51.25,66.25,66.25,1.0,0,2.358935211600907
8949,53.75,66.25,66.25,1.0,0,2.3592283523746445
8950,56.25,66.25,66.25,1.0,0,2.395614050782488
8951,58.75,66.25,66.25,1.0,0,2.447992161289437
8952,61.25,66.25,66.25,1.0,0,2.4920432241602986
8953,63.75,66.25,66.25,1.0,0,2.56606950287165
8954,66.25,66.25,66.25,1.0,0,2.6097804920335266
8955,68.75,66.25,66.25,1.0,0,2.6391908183711426
8956,71.25,66.25,66.25,1.0,0,2.6279565466487074
8957,73.75,66.25,66.25,1.0,0,2.604575695774581
8958,76.25,66.25,66.25,1.0,0,2.5912541628782413
8959,78.75,66.25,66.25,1.0,0,2.5970547961413692
8960,81.25,66.25,66.25,1.0,0,2.6017631715464735
8961,83.75,66.25,66.25,1.0,0,2.5912736478032867
8962,86.25,66.25,66.25,1.0,0,2.5717552838854756
8963,88.75,66.25,66.25,1.0,0,2.589808351291929
8964,91.25,66.25,66.25,1.0,0,2.617958542496779
8965,93.75,66.25,66.25,1.0,0,2.652497576194446
8966,96.25,66.25,66.25,1.0,0,2.6409992710974692
8967,98.75,66.25,66.25,1.0,0,2.670358313923898
8968,101.25,66.25,66.25,1.0,0,2.7287316905622343
8969,103.75,66.25,66.25,1.0,0,2.726639543444154
8970,106.25,66.25,66.25,1.0,0,2.709619602779051
8971,108.75,66.25,66.25,1.0,0,2.733088927348522
8972,111.25,66.25,66.25,1.0,0,2.7681851671039572
8973,113.75,66.25,66.25,1.0,0,2.820789185577496
8974,116.25,66.25,66.25,1.0,0,2.847324146289779
8975,118.75,66.25,66.25,1.0,0,2.8775622816896425
8976,121.25,66.25,66.25,1.0,0,2.9137624568006695
8977,123.75,66.25,66.25,1.0,0,2.8678240653600104
8978,126.25,66.25,66.25,1.0,0,2.740302284540447
8979,128.75,66.25,66.25,1.0,0,2.667632164944811
8980,131.25,66.25,66.25,1.0,0,2.7080699915466164
8981,133.75,66.25,66.25,1.0,0,2.7501640878496088
8982,136.25,66.25,66.25,1.0,0,2.7546252829130013
8983,138.75,66.25,66.25,1.0,0,2.708745916728396
8984,141.25,66.25,66.25,1.0,0,2.702497158746986
8985,143.75,66.25,66.25,1.0,0,2.7467756974994817
8986,146.25,66.25,66.25,1.0,0,2.8363309316711165
8987,148.75,66.25,66.25,1.0,0,3.0039301281479585
8988,151.25,66.25,66.25,1.0,0,3.1712350557993587
8989,153.75,66.25,66.25,1.0,0,3.29604836561751
8990,156.25,66.25,66.25,1.0,0,3.3327187006015877
8991,158.75,66.25,66.25,1.0,0,3.287110841302511
8992,161.25,66.25,66.25,1.0,0,3.1675701048589717
8993,163.75,66.25,66.25,1.0,0,3.0451633396068667
8994,166.25,66.25,66.25,1.0,0,3.0149988985543485
8995,168.75,66.25,66.25,1.0,0,3.087024123490798
8996,171.25,66.25,66.25,1.0,0,3.2101269213440258
8997,173.75,66.25,66.25,1.0,0,3.2706457811626484
8998,176.25,66.25,66.25,1.0,0,3.3030909603094676
8999,178.75,66.25,66.25,1.0,0,3.356215194895783
9000,181.25,66.25,66.25,0.0,0,3.535564547934093
9001,183.75,66.25,66.25,1.0,0,3.9571555768026245
9002,186.25,66.25,66.25,1.0,0,4.290963151468406
9003,188.75,66.25,66.25,0.0,5,4.356258328969691
9004,191.25,66.25,66.25,0.0,5,4.249559283691076
9005,193.75,66.25,66.25,0.0,5,3.9865480412439767
9006,196.25,66.25,66.25,0.0,5,3.6385978716855947
9007,198.75,66.25,66.25,1.0,0,3.239280949836603
9008,201.25,66.25,66.25,1.0,0,2.924395856539235
9009,203.75,66.25,66.25,1.0,0,2.7411797720368525
9010,206.25,66.25,66.25,1.0,0,2.6565549336357144
9011,208.75,66.25,66.25,1.0,0,2.6508245979502902
9012,211.25,66.25,66.25,1.0,0,2.6685835309362287
9013,213.75,66.25,66.25,1.0,0,2.685624107815126
9014,216.25,66.25,66.25,1.0,0,2.692468739213859
9015,218.75,66.25,66.25,1.0,0,2.7100941269398953
9016,221.25,66.25,66.25,1.0,0,2.741890350997553
9017,223.75,66.25,66.25,1.0,0,2.8021187273899106
9018,226.25,66.25,66.25,1.0,0,2.8215362989480575
9019,228.75,66.25,66.25,1.0,0,2.8411204222935424
9020,231.25,66.25,66.25,1.0,0,2.868058296557498
9021,233.75,66.25,66.25,1.0,0,2.882765652409907
9022,236.25,66.25,66.25,1.0,0,2.858946954238731
9023,238.75,66.25,66.25,1.0,0,2.8501826196520113
9024,241.25,66.25,66.25,1.0,0,2.82696661960833
9025,243.75,66.25,66.25,1.0,0,2.7907476629502437
9026,246.25,66.25,66.25,1.0,0,2.7714183160978982
9027,248.75,66.25,66.25,1.0,0,2.794089140700599
9028,251.25,66.25,66.25,1.0,0,2.8486119911254564
9029,253.75,66.25,66.25,1.0,0,2.916164634303531
9030,256.25,66.25,66.25,1.0,0,2.9592637618073736
9031,258.75,66.25,66.25,1.0,0,2.9924911453415515
9032,261.25,66.25,66.25,1.0,0,3.015732333925834
9033,263.75,66.25,66.25,1.0,0,2.999152949177251
9034,266.25,66.25,66.25,1.0,0,2.945122925675877
9035,268.75,66.25,66.25,1.0,0,2.904525783422639
9036,271.25,66.25,66.25,1.0,0,2.912253941496367
9037,273.75,66.25,66.25,1.0,0,2.9552774649776468
9038,276.25,66.25,66.25,1.0,0,2.9553747596788997
9039,278.75,66.25,66.25,0.0,5,2.890838566248842
9040,281.25,66.25,66.25,0.0,5,2.8631680687014165
9041,283.75,66.25,66.25,0.0,5,2.893918493326478
9042,286.25,66.25,66.25,0.0,0,2.931643867474358
9043,288.75,66.25,66.25,1.0,0,2.9665321287390807
9044,291.25,66.25,66.25,1.0,0,2.9672464115280297
9045,293.75,66.25,66.25,0.0,0,3.1139872482305835
9046,296.25,66.25,66.25,1.0,0,2.9271232067748563
9047,298.75,66.25,66.25,0.0,5,2.99040504364354
9048,301.25,66.25,66.25,0.0,5,3.1761342282055485
9049,303.75,66.25,66.25,0.0,5,3.188033996354749
9050,306.25,66.25,66.25,0.0,5,2.8331564483052407
9051,308.75,66.25,66.25,1.0,0,2.5244077962937346
9052,311.25,66.25,66.25,1.0,0,2.3014682178321433
9053,313.75,66.25,66.25,1.0,0,2.1714699232864803
9054,316.25,66.25,66.25,1.0,0,2.0711469510470963
9055,318.75,66.25,66.25,1.0,0,2.0866721449210113
9056,321.25,66.25,66.25,1.0,0,2.285832435902792
9057,323.75,66.25,66.25,0.0,0,2.312358721612679
9058,326.25,66.25,66.25,0.0,5,2.385237290053155
9059,328.75,66.25,66.25,0.0,5,2.2367661469176676
9060,331.25,66.25,66.25,0.0,5,1.9927264586793438
9061,333.75,66.25,66.25,0.0,5,1.8410507361666908
9062,336.25,66.25,66.25,0.0,5,1.732831415157381
9063,338.75,66.25,66.25,0.0,5,1.697165025599814
9064,341.25,66.25,66.25,0.0,5,1.6586191134412833
9065,343.75,66.25,66.25,0.0,5,1.5392338404116788
9066,346.25,66.25,66.25,0.0,5,1.1482667362444032
9067,348.75,66.25,66.25,0.0,5,0.8978002133861566
9068,351.25,66.25,66.25,0.0,5,0.8962680511075459
9069,353.75,66.25,66.25,0.0,5,0.8494202617578274
9070,356.25,66.25,66.25,0.0,5,0.7395172934882803
9071,358.75,66.25,66.25,0.0,5,0.6436645157736758
9072,1.25,68.75,68.75,0.0,5,0.4732737947779714
9073,3.75,68.75,68.75,0.0,5,0.6900375529432748
9074,6.25,68.75,68.75,0.0,5,0.8992904659918696
9075,8.75,68.75,68.75,0.0,5,1.064524388629045
9076,11.25,68.75,68.75,0.0,5,1.2127019363297225
9077,13.75,68.75,68.75,0.0,5,1.3632989179837598
9078,16.25,68.75,68.75,0.0,5,1.5554544220663276
9079,18.75,68.75,68.75,1.0,0,1.7264662045872108
9080,21.25,68.75,68.75,1.0,0,1.8380716189537207
9081,23.75,68.75,68.75,1.0,0,1.969385414248605
9082,26.25,68.75,68.75,1.0,0,2.0246152829873987
9083,28.75,68.75,68.75,1.0,0,2.1157286127228225
9084,31.25,68.75,68.75,1.0,0,2.1836219032323387
9085,33.75,68.75,68.75,1.0,0,2.2753218312198444
9086,36.25,68.75,68.75,0.0,5,2.3157014113893584
9087,38.75,68.75,68.75,0.0,5,2.435573722833262
9088,41.25,68.75,68.75,0.0,5,2.600469233448367
9089,43.75,68.75,68.75,0.0,5,2.807402360254541
9090,46.25,68.75,68.75,0.0,5,2.8810649668763015
9091,48.75,68.75,68.75,0.0,5,2.9417110801303186
9092,51.25,68.75,68.75,0.0,5,2.960968462209117
9093,53.75,68.75,68.75,0.0,5,2.979686039847909
9094,56.25,68.75,68.75,0.0,5,2.9596509664786623
9095,58.75,68.75,68.75,0.0,5,2.9404304450257666
9096,61.25,68.75,68.75,0.0,0,2.9012687425334907
9097,63.75,68.75,68.75,1.0,0,2.854417761928543
9098,66.25,68.75,68.75,0.0,0,2.9148723560902408
9099,68.75,68.75,68.75,0.0,0,2.912240810846418
9100,71.25,68.75,68.75,1.0,0,2.8629157431661176
9101,73.75,68.75,68.75,1.0,0,2.833951218050385
9102,76.25,68.75,68.75,1.0,0,2.7995850956827306
9103,78.75,68.75,68.75,1.0,0,2.760265353649822
9104,81.25,68.75,68.75,1.0,0,2.7510633958933917
9105,83.75,68.75,68.75,1.0,0,2.7265424885666145
9106,86.25,68.75,68.75,1.0,0,2.668514614655275
9107,88.75,68.75,68.75,1.0,0,2.582217848934514
9108,91.25,68.75,68.75,1.0,0,2.485951936079529
9109,93.75,68.75,68.75,1.0,0,2.4398699204474785
9110,96.25,68.75,68.75,1.0,0,2.4407457159257024
9111,98.75,68.75,68.75,1.0,0,2.487639293350381
9112,101.25,68.75,68.75,1.0,0,2.653289053363613
9113,103.75,68.75,68.75,1.0,0,2.7860615975710656
9114,106.25,68.75,68.75,1.0,0,2.8366648168152597
9115,108.75,68.75,68.75,1.0,0,2.895074274945951
9116,111.25,68.75,68.75,1.0,0,2.9426415302587996
9117,113.75,68.75,68.75,1.0,0,2.99387725682806
9118,116.25,68.75,68.75,1.0,0,2.994904032803341
9119,118.75,68.75,68.75,1.0,0,2.9950642130536704
9120,121.25,68.75,68.75,1.0,0,3.0193801774215707
9121,123.75,68.75,68.75,1.0,0,2.962411846806783
9122,126.25,68.75,68.75,1.0,0,2.845762401205918
9123,128.75,68.75,68.75,1.0,0,2.794240538679168
9124,131.25,68.75,68.75,1.0,0,2.861387164052273
9125,133.75,68.75,68.75,1.0,0,2.951298701358763
9126,136.25,68.75,68.75,1.0,0,2.967734383068882
9127,138.75,68.75,68.75,1.0,0,2.9555969610520063
9128,141.25,68.75,68.75,1.0,0,3.0212497068323385
9129,143.75,68.75,68.75,1.0,0,3.140796789636915
9130,146.25,68.75,68.75,1.0,0,3.2751733402435206
9131,148.75,68.75,68.75,1.0,0,3.4012550434375903
9132,151.25,68.75,68.75,1.0,0,3.5343964217248094
9133,153.75,68.75,68.75,1.0,0,3.648460868628894
9134,156.25,68.75,68.75,1.0,0,3.718929732342649
9135,158.75,68.75,68.75,1.0,0,3.748383472134644
9136,161.25,68.75,68.75,1.0,0,3.750131114612015
9137,163.75,68.75,68.75,1.0,0,3.7439285530284083
9138,166.25,68.75,68.75,1.0,0,3.709574530878841
9139,168.75,68.75,68.75,1.0,0,3.6840257904600207
9140,171.25,68.75,68.75,1.0,0,3.6992185048424906
9141,173.75,68.75,68.75,1.0,0,3.682334413480201
9142,176.25,68.75,68.75,1.0,0,3.6895087036958354
9143,178.75,68.75,68.75,1.0,0,3.8778347894419323
9144,181.25,68.75,68.75,0.0,5,4.229987632862891
9145,183.75,68.75,68.75,0.0,5,4.405616803273542
9146,186.25,68.75,68.75,0.0,5,4.493888831940218
9147,188.75,68.75,68.75,0.0,5,4.524514766338267
9148,191.25,68.75,68.75,0.0,5,4.4575602916999655
9149,193.75,68.75,68.75,0.0,5,4.213585548515688
9150,196.25,68.75,68.75,0.0,5,3.8543508607602823
9151,198.75,68.75,68.75,1.0,0,3.550119316807033
9152,201.25,68.75,68.75,1.0,0,3.3732160511358646
9153,203.75,68.75,68.75,1.0,0,3.249070525464266
9154,206.25,68.75,68.75,1.0,0,3.125062315358598
9155,208.75,68.75,68.75,1.0,0,3.0118647174041095
9156,211.25,68.75,68.75,1.0,0,2.9321168668305875
9157,213.75,68.75,68.75,1.0,0,2.9077679291396175
9158,216.25,68.75,68.75,1.0,0,2.976949580978495
9159,218.75,68.75,68.75,1.0,0,3.0812569037929363
9160,221.25,68.75,68.75,1.0,0,3.1887568301777502
9161,223.75,68.75,68.75,0.0,5,3.224312968100647
9162,226.25,68.75,68.75,1.0,0,3.2054839790737537
9163,228.75,68.75,68.75,1.0,0,3.156794907039979
9164,231.25,68.75,68.75,1.0,0,3.1009129232112764
9165,233.75,68.75,68.75,1.0,0,3.0307099436214022
9166,236.25,68.75,68.75,1.0,0,2.9574898255455424
9167,238.75,68.75,68.75,1.0,0,2.948102201027981
9168,241.25,68.75,68.75,1.0,0,2.9812445161954124
9169,243.75,68.75,68.75,1.0,0,3.00378535715141
9170,246.25,68.75,68.75,1.0,0,3.0030583515698233
9171,248.75,68.75,68.75,1.0,0,3.0099591724603396
9172,251.25,68.75,68.75,1.0,0,3.021030240312868
9173,253.75,68.75,68.75,1.0,0,3.0372845799314687
9174,256.25,68.75,68.75,1.0,0,3.047851445483937
9175,258.75,68.75,68.75,1.0,0,3.0621843856031323
9176,261.25,68.75,68.75,1.0,0,3.0685989894169725
9177,263.75,68.75,68.75,1.0,0,3.056733994051784
9178,266.25,68.75,68.75,1.0,0,3.0241020332504576
9179,268.75,68.75,68.75,1.0,0,3.0017564533386913
9180,271.25,68.75,68.75,1.0,0,2.991723640861115
9181,273.75,68.75,68.75,1.0,0,2.989734820357983
9182,276.25,68.75,68.75,1.0,0,2.992477089361175
9183,278.75,68.75,68.75,0.0,5,2.934825917410315
9184,281.25,68.75,68.75,0.0,5,2.9155752184339017
9185,283.75,68.75,68.75,0.0,5,2.909029312838449
9186,286.25,68.75,68.75,1.0,0,2.8605287031893774
9187,288.75,68.75,68.75,1.0,0,2.8333948543627754
9188,291.25,68.75,68.75,0.0,0,2.9552323072720528
9189,293.75,68.75,68.75,0.0,5,3.150132642156397
9190,296.25,68.75,68.75,0.0,5,3.136801473216498
9191,298.75,68.75,68.75,0.0,5,3.0224556924272354
9192,301.25,68.75,68.75,0.0,5,2.8257777366618493
9193,303.75,68.75,68.75,0.0,5,2.5937113436141233
9194,306.25,68.75,68.75,0.0,5,2.4892068063472
9195,308.75,68.75,68.75,1.0,0,2.4563918989670572
9196,311.25,68.75,68.75,1.0,0,2.3577115277560137
9197,313.75,68.75,68.75,1.0,0,2.1726870262004327
9198,316.25,68.75,68.75,1.0,0,2.059644303976248
9199,318.75,68.75,68.75,1.0,0,2.0201548227651194
9200,321.25,68.75,68.75,1.0,0,2.0043058115699344
9201,323.75,68.75,68.75,1.0,0,1.9610644719909538
9202,326.25,68.75,68.75,1.0,0,2.0065459936386283
9203,328.75,68.75,68.75,1.0,0,2.110500714981569
9204,331.25,68.75,68.75,1.0,0,2.059702388197597
9205,333.75,68.75,68.75,0.0,5,2.1116908588771897
9206,336.25,68.75,68.75,0.0,5,2.1378205303544613
9207,338.75,68.75,68.75,0.0,5,2.0896578465765674
9208,341.25,68.75,68.75,0.0,5,1.5497928012044428
9209,343.75,68.75,68.75,0.0,5,0.9148062023617078
9210,346.25,68.75,68.75,0.0,5,0.6672035396913694
9211,348.75,68.75,68.75,0.0,5,0.5114406679332428
9212,351.25,68.75,68.75,0.0,5,0.3628941670467651
9213,353.75,68.75,68.75,0.0,5,0.3384221622118487
9214,356.25,68.75,68.75,0.0,5,0.3312196670110262
9215,358.75,68.75,68.75,0.0,5,0.3480460417423146
9216,1.25,71.25,71.25,0.0,5,0.5613130366981702
9217,3.75,71.25,71.25,0.0,5,0.7161270411420236
9218,6.25,71.25,71.25,0.0,5,0.8566705580788577
9219,8.75,71.25,71.25,0.0,5,0.9709526875488298
9220,11.25,71.25,71.25,0.0,5,1.0852483328036473
9221,13.75,71.25,71.25,0.0,5,1.1946801808953789
9222,16.25,71.25,71.25,0.0,5,1.2875776438716955
9223,18.75,71.25,71.25,0.0,5,1.3797123075400124
9224,21.25,71.25,71.25,0.0,5,1.488147767397944
9225,23.75,71.25,71.25,0.0,5,1.6214976540760058
9226,26.25,71.25,71.25,0.0,5,1.679126214353597
9227,28.75,71.25,71.25,0.0,5,1.7890235606979283
9228,31.25,71.25,71.25,0.0,5,1.8786844358212957
9229,33.75,71.25,71.25,0.0,5,2.0240489577864125
9230,36.25,71.25,71.25,0.0,5,2.190010992727637
9231,38.75,71.25,71.25,0.0,5,2.4021492964707596
9232,41.25,71.25,71.25,0.0,5,2.70856097049101
9233,43.75,71.25,71.25,0.0,5,3.0508691426779047
9234,46.25,71.25,71.25,0.0,5,3.3126890703990397
9235,48.75,71.25,71.25,0.0,5,3.507859412153405
9236,51.25,71.25,71.25,0.0,5,3.5891535378154455
9237,53.75,71.25,71.25,0.0,0,3.603257014532717
9238,56.25,71.25,71.25,0.0,5,3.56227762198482
9239,58.75,71.25,71.25,0.0,5,3.598852522192156
9240,61.25,71.25,71.25,0.0,5,3.5477267021714627
9241,63.75,71.25,71.25,0.0,5,3.4073555498782193
9242,66.25,71.25,71.25,0.0,5,3.185086156931403
9243,68.75,71.25,71.25,1.0,0,3.0280960636485483
9244,71.25,71.25,71.25,1.0,0,2.975572386185507
9245,73.75,71.25,71.25,1.0,0,2.9065369377626054
9246,76.25,71.25,71.25,1.0,0,2.847477722008497
9247,78.75,71.25,71.25,1.0,0,2.839091788982682
9248,81.25,71.25,71.25,1.0,0,2.8489642752610784
9249,83.75,71.25,71.25,1.0,0,2.844380456899822
9250,86.25,71.25,71.25,1.0,0,2.809727814587395
9251,88.75,71.25,71.25,1.0,0,2.743949115900664
9252,91.25,71.25,71.25,1.0,0,2.688940081695441
9253,93.75,71.25,71.25,1.0,0,2.6696431715786613
9254,96.25,71.25,71.25,1.0,0,2.6926469937595847
9255,98.75,71.25,71.25,1.0,0,2.747231132730934
9256,101.25,71.25,71.25,1.0,0,2.827757186863154
9257,103.75,71.25,71.25,1.0,0,2.867846776937325
9258,106.25,71.25,71.25,1.0,0,2.8692630512576187
9259,108.75,71.25,71.25,1.0,0,2.8970222247669115
9260,111.25,71.25,71.25,1.0,0,2.9681162077766134
9261,113.75,71.25,71.25,1.0,0,3.0505355571030504
9262,116.25,71.25,71.25,1.0,0,3.0914631736235343
9263,118.75,71.25,71.25,1.0,0,3.1016061264917116
9264,121.25,71.25,71.25,1.0,0,3.1319006383632715
9265,123.75,71.25,71.25,1.0,0,3.1668404211382386
9266,126.25,71.25,71.25,1.0,0,3.151063842568358
9267,128.75,71.25,71.25,0.0,0,3.08692318841965
9268,131.25,71.25,71.25,0.0,5,3.1541075012618593
9269,133.75,71.25,71.25,1.0,0,3.2562758091853037
9270,136.25,71.25,71.25,0.0,5,3.29407065904478
9271,138.75,71.25,71.25,0.0,5,3.3712626160471433
9272,141.25,71.25,71.25,1.0,0,3.490154278909909
9273,143.75,71.25,71.25,1.0,0,3.609258065639778
9274,146.25,71.25,71.25,1.0,0,3.773793238111958
9275,148.75,71.25,71.25,1.0,0,3.9610286724535397
9276,151.25,71.25,71.25,0.0,5,4.277494889008059
9277,153.75,71.25,71.25,0.0,5,4.452004708755856
9278,156.25,71.25,71.25,0.0,5,4.409097676938282
9279,158.75,71.25,71.25,0.0,5,4.440063544496464
9280,161.25,71.25,71.25,0.0,5,4.547014158507831
9281,163.75,71.25,71.25,0.0,5,4.653124528583312
9282,166.25,71.25,71.25,0.0,5,4.658796501426115
9283,168.75,71.25,71.25,0.0,5,4.618038140724347
9284,171.25,71.25,71.25,0.0,5,4.594170022584936
9285,173.75,71.25,71.25,0.0,5,4.580253511841246
9286,176.25,71.25,71.25,0.0,5,4.547387224046978
9287,178.75,71.25,71.25,0.0,5,4.531812026572986
9288,181.25,71.25,71.25,0.0,0,4.5310018654920174
9289,183.75,71.25,71.25,0.0,5,4.529534958790103
9290,186.25,71.25,71.25,0.0,5,4.54438054858831
9291,188.75,71.25,71.25,0.0,5,4.542475876043039
9292,191.25,71.25,71.25,0.0,5,4.521731258354663
9293,193.75,71.25,71.25,0.0,5,4.466182494413386
9294,196.25,71.25,71.25,0.0,5,4.3541790300652226
9295,198.75,71.25,71.25,0.0,5,4.22282891120268
9296,201.25,71.25,71.25,0.0,5,4.0953180200955055
9297,203.75,71.25,71.25,0.0,5,4.0028855485616255
9298,206.25,71.25,71.25,0.0,5,3.9063357653921225
9299,208.75,71.25,71.25,0.0,5,3.8242084230723115
9300,211.25,71.25,71.25,0.0,5,3.733313047949439
9301,213.75,71.25,71.25,0.0,5,3.6001093435564506
9302,216.25,71.25,71.25,0.0,5,3.4943568675285217
9303,218.75,71.25,71.25,0.0,5,3.4277967273895844
9304,221.25,71.25,71.25,0.0,5,3.380255560592807
9305,223.75,71.25,71.25,0.0,5,3.320650436917585
9306,226.25,71.25,71.25,0.0,5,3.254699446871836
9307,228.75,71.25,71.25,0.0,5,3.1988342427899568
9308,231.25,71.25,71.25,0.0,5,3.1377321400286844
9309,233.75,71.25,71.25,0.0,5,3.0728775443624086
9310,236.25,71.25,71.25,0.0,5,3.0773770138637597
9311,238.75,71.25,71.25,0.0,5,3.089279181106179
9312,241.25,71.25,71.25,0.0,5,3.07287758488883
9313,243.75,71.25,71.25,1.0,0,3.0371802016652416
9314,246.25,71.25,71.25,1.0,0,3.0332445676162063
9315,248.75,71.25,71.25,1.0,0,3.0500398651056653
9316,251.25,71.25,71.25,1.0,0,3.0896246418776316
9317,253.75,71.25,71.25,1.0,0,3.178382949764108
9318,256.25,71.25,71.25,0.0,5,3.3712273479464376
9319,258.75,71.25,71.25,0.0,5,3.2786360859127672
9320,261.25,71.25,71.25,1.0,0,3.2085222483145266
9321,263.75,71.25,71.25,1.0,0,3.173653807420104
9322,266.25,71.25,71.25,1.0,0,3.148925860042798
9323,268.75,71.25,71.25,1.0,0,3.1390047195445945
9324,271.25,71.25,71.25,1.0,0,3.1244078920942395
9325,273.75,71.25,71.25,1.0,0,3.079273984527352
9326,276.25,71.25,71.25,1.0,0,3.002562728469508
9327,278.75,71.25,71.25,1.0,0,2.895319873162517
9328,281.25,71.25,71.25,1.0,0,2.806360103516557
9329,283.75,71.25,71.25,1.0,0,2.8764940055503603
9330,286.25,71.25,71.25,1.0,0,2.9551709493944864
9331,288.75,71.25,71.25,0.0,5,3.035361923882814
9332,291.25,71.25,71.25,0.0,5,3.1859721402784604
9333,293.75,71.25,71.25,0.0,5,3.1588356719180832
9334,296.25,71.25,71.25,0.0,5,3.03469046981942
9335,298.75,71.25,71.25,0.0,5,2.8734344792956263
9336,301.25,71.25,71.25,0.0,5,2.701767806960526
9337,303.75,71.25,71.25,0.0,5,2.354768586454869
9338,306.25,71.25,71.25,0.0,0,2.292817320088192
9339,308.75,71.25,71.25,1.0,0,2.305376052762126
9340,311.25,71.25,71.25,1.0,0,2.1698821291837875
9341,313.75,71.25,71.25,1.0,0,2.0798010964948563
9342,316.25,71.25,71.25,1.0,0,2.0638795578230016
9343,318.75,71.25,71.25,1.0,0,2.0732841633769254
9344,321.25,71.25,71.25,1.0,0,2.074887432528034
9345,323.75,71.25,71.25,1.0,0,2.061526610515268
9346,326.25,71.25,71.25,1.0,0,2.028865966586915
9347,328.75,71.25,71.25,1.0,0,1.9740481341813492
9348,331.25,71.25,71.25,1.0,0,1.9549077517626452
9349,333.75,71.25,71.25,1.0,0,1.9915390467949494
9350,336.25,71.25,71.25,1.0,0,2.159973157971787
9351,338.75,71.25,71.25,0.0,5,2.4640768218226223
9352,341.25,71.25,71.25,0.0,5,2.166673012360012
9353,343.75,71.25,71.25,0.0,5,0.8132089277765269
9354,346.25,71.25,71.25,0.0,5,-0.1711213498610743
9355,348.75,71.25,71.25,0.0,5,-0.4754355133084882
9356,351.25,71.25,71.25,0.0,5,-0.39128419817530613
9357,353.75,71.25,71.25,0.0,5,-0.11891920425812548
9358,356.25,71.25,71.25,0.0,5,0.19891978401688326
9359,358.75,71.25,71.25,0.0,5,0.4079068020784166
9360,1.25,73.75,73.75,0.0,5,0.49082105572409107
9361,3.75,73.75,73.75,0.0,5,0.688312561223025
9362,6.25,73.75,73.75,0.0,5,0.8582657865383163
9363,8.75,73.75,73.75,0.0,5,0.9873469761322526
9364,11.25,73.75,73.75,0.0,5,1.123649509330246
9365,13.75,73.75,73.75,0.0,5,1.2784119992603997
9366,16.25,73.75,73.75,0.0,5,1.428961789395633
9367,18.75,73.75,73.75,0.0,5,1.5366182085100963
9368,21.25,73.75,73.75,0.0,5,1.5889049356367995
9369,23.75,73.75,73.75,0.0,5,1.6444359514582572
9370,26.25,73.75,73.75,0.0,5,1.7182227960904908
9371,28.75,73.75,73.75,0.0,5,1.8288847641849402
9372,31.25,73.75,73.75,0.0,5,1.9553084760503763
9373,33.75,73.75,73.75,0.0,5,2.106004225179392
9374,36.25,73.75,73.75,0.0,5,2.2789299176928663
9375,38.75,73.75,73.75,0.0,5,2.465037584006105
9376,41.25,73.75,73.75,0.0,5,2.725211865911089
9377,43.75,73.75,73.75,0.0,5,3.044542174287625
9378,46.25,73.75,73.75,0.0,5,3.332668698219851
9379,48.75,73.75,73.75,0.0,5,3.588344714109992
9380,51.25,73.75,73.75,0.0,5,3.6719761227037107
9381,53.75,73.75,73.75,0.0,5,3.683484809184546
9382,56.25,73.75,73.75,1.0,0,3.7548321642662144
9383,58.75,73.75,73.75,0.0,5,3.807672850633215
9384,61.25,73.75,73.75,0.0,5,3.7987722215419133
9385,63.75,73.75,73.75,0.0,5,3.6498062578687094
9386,66.25,73.75,73.75,0.0,5,3.4056528621599234
9387,68.75,73.75,73.75,0.0,5,3.201827951452474
9388,71.25,73.75,73.75,0.0,5,3.045726140582155
9389,73.75,73.75,73.75,0.0,5,2.9463043535209668
9390,76.25,73.75,73.75,0.0,5,2.8725353044911617
9391,78.75,73.75,73.75,0.0,5,2.8447630831062773
9392,81.25,73.75,73.75,0.0,5,2.843265760597052
9393,83.75,73.75,73.75,0.0,5,2.8665942092038335
9394,86.25,73.75,73.75,0.0,0,2.921662090422751
9395,88.75,73.75,73.75,1.0,0,3.0069340457572196
9396,91.25,73.75,73.75,1.0,0,3.021802370717598
9397,93.75,73.75,73.75,1.0,0,3.027501570629382
9398,96.25,73.75,73.75,1.0,0,3.0477644203711827
9399,98.75,73.75,73.75,1.0,0,3.0833329278972506
9400,101.25,73.75,73.75,1.0,0,3.12151449275563
9401,103.75,73.75,73.75,1.0,0,3.133845271484142
9402,106.25,73.75,73.75,1.0,0,3.1341253711979786
9403,108.75,73.75,73.75,1.0,0,3.128159478905566
9404,111.25,73.75,73.75,1.0,0,3.1100147410403665
9405,113.75,73.75,73.75,0.0,5,3.0489622661078037
9406,116.25,73.75,73.75,0.0,5,3.1012771402247092
9407,118.75,73.75,73.75,0.0,5,3.1441128788062045
9408,121.25,73.75,73.75,0.0,5,3.2012091310480253
9409,123.75,73.75,73.75,0.0,5,3.3003667514039314
9410,126.25,73.75,73.75,0.0,5,3.3428738972865153
9411,128.75,73.75,73.75,0.0,5,3.350308685666789
9412,131.25,73.75,73.75,0.0,5,3.4562540893167233
9413,133.75,73.75,73.75,0.0,5,3.575714504451796
9414,136.25,73.75,73.75,0.0,5,3.655549627461611
9415,138.75,73.75,73.75,0.0,5,3.768707230985687
9416,141.25,73.75,73.75,0.0,5,3.9917492636903917
9417,143.75,73.75,73.75,0.0,5,4.224722078896272
9418,146.25,73.75,73.75,0.0,5,4.498075318412901
9419,148.75,73.75,73.75,0.0,5,4.681066793387896
9420,151.25,73.75,73.75,0.0,5,4.868763553470966
9421,153.75,73.75,73.75,0.0,5,4.993186384618458
9422,156.25,73.75,73.75,0.0,5,5.0201520380442295
9423,158.75,73.75,73.75,0.0,5,5.007917379916359
9424,161.25,73.75,73.75,0.0,5,4.971492605157902
9425,163.75,73.75,73.75,0.0,5,4.926744212632171
9426,166.25,73.75,73.75,0.0,5,4.899847438427213
9427,168.75,73.75,73.75,0.0,5,4.8844026879808675
9428,171.25,73.75,73.75,0.0,5,4.87643536204226
9429,173.75,73.75,73.75,0.0,5,4.880164071015631
9430,176.25,73.75,73.75,0.0,5,4.8933475927754335
9431,178.75,73.75,73.75,0.0,5,4.92067038447296
9432,181.25,73.75,73.75,0.0,5,4.961167345459476
9433,183.75,73.75,73.75,0.0,5,5.004859230580437
9434,186.25,73.75,73.75,0.0,5,5.040208636391926
9435,188.75,73.75,73.75,0.0,5,5.072855403061118
9436,191.25,73.75,73.75,0.0,5,5.078997466197743
9437,193.75,73.75,73.75,0.0,5,5.018310390421854
9438,196.25,73.75,73.75,0.0,5,4.897147761010602
9439,198.75,73.75,73.75,0.0,5,4.697871243246303
9440,201.25,73.75,73.75,0.0,5,4.462185965054996
9441,203.75,73.75,73.75,0.0,5,4.2474799025685845
9442,206.25,73.75,73.75,0.0,5,4.0547485901571765
9443,208.75,73.75,73.75,0.0,5,3.8864358582903775
9444,211.25,73.75,73.75,0.0,5,3.7557683236875543
9445,213.75,73.75,73.75,0.0,5,3.642089835395505
9446,216.25,73.75,73.75,0.0,5,3.552172131039432
9447,218.75,73.75,73.75,0.0,5,3.4850273149811386
9448,221.25,73.75,73.75,0.0,5,3.4159029216002494
9449,223.75,73.75,73.75,0.0,5,3.344359843016176
9450,226.25,73.75,73.75,0.0,5,3.2755395913645327
9451,228.75,73.75,73.75,0.0,5,3.1936116382687767
9452,231.25,73.75,73.75,0.0,5,3.0941659564789163
9453,233.75,73.75,73.75,0.0,5,2.9787547655316073
9454,236.25,73.75,73.75,0.0,5,2.946017690326931
9455,238.75,73.75,73.75,1.0,0,3.0164550118449305
9456,241.25,73.75,73.75,1.0,0,3.0748015949590846
9457,243.75,73.75,73.75,0.0,5,3.2192989833726604
9458,246.25,73.75,73.75,0.0,5,3.4501182877598646
9459,248.75,73.75,73.75,0.0,5,3.5397879651787187
9460,251.25,73.75,73.75,0.0,5,3.582615228097119
9461,253.75,73.75,73.75,0.0,5,3.638635299557254
9462,256.25,73.75,73.75,0.0,5,3.753773219356248
9463,258.75,73.75,73.75,0.0,5,3.6833554682230787
9464,261.25,73.75,73.75,0.0,5,3.6781129774482406
9465,263.75,73.75,73.75,0.0,5,3.7087693556020467
9466,266.25,73.75,73.75,0.0,5,3.6667065172601268
9467,268.75,73.75,73.75,0.0,5,3.5753571904823467
9468,271.25,73.75,73.75,0.0,5,3.512843215696801
9469,273.75,73.75,73.75,0.0,5,3.515024184017272
9470,276.25,73.75,73.75,0.0,5,3.377305862259923
9471,278.75,73.75,73.75,0.0,5,3.1530747396270993
9472,281.25,73.75,73.75,0.0,5,3.0501788478741676
9473,283.75,73.75,73.75,0.0,5,3.1481570309685143
9474,286.25,73.75,73.75,0.0,5,3.1113305601209724
9475,288.75,73.75,73.75,0.0,5,2.9997966792278925
9476,291.25,73.75,73.75,0.0,5,2.9134757615793205
9477,293.75,73.75,73.75,0.0,5,2.8403688135804894
9478,296.25,73.75,73.75,0.0,5,2.7457600067704826
9479,298.75,73.75,73.75,0.0,5,2.6154631638158072
9480,301.25,73.75,73.75,0.0,5,2.526742760403797
9481,303.75,73.75,73.75,0.0,5,2.369946694746008
9482,306.25,73.75,73.75,1.0,0,2.2709569251926127
9483,308.75,73.75,73.75,1.0,0,2.165174682520827
9484,311.25,73.75,73.75,1.0,0,2.1067321365235157
9485,313.75,73.75,73.75,1.0,0,2.1050850457333787
9486,316.25,73.75,73.75,1.0,0,2.1123049534492386
9487,318.75,73.75,73.75,1.0,0,2.113602480844249
9488,321.25,73.75,73.75,1.0,0,2.1010060414164844
9489,323.75,73.75,73.75,1.0,0,2.0809246191637585
9490,326.25,73.75,73.75,1.0,0,2.0609456833546966
9491,328.75,73.75,73.75,1.0,0,2.030805609917576
9492,331.25,73.75,73.75,1.0,0,2.0188358005597062
9493,333.75,73.75,73.75,1.0,0,2.0425054527476862
9494,336.25,73.75,73.75,1.0,0,2.1737491133922613
9495,338.75,73.75,73.75,0.0,0,2.4325190627466142
9496,341.25,73.75,73.75,0.0,5,2.5475427684625562
9497,343.75,73.75,73.75,0.0,5,2.2445109858095633
9498,346.25,73.75,73.75,0.0,5,1.364811234059296
9499,348.75,73.75,73.75,0.0,5,0.4435775652719873
9500,351.25,73.75,73.75,0.0,5,0.04159705021618253
9501,353.75,73.75,73.75,0.0,5,-0.004853201657611295
9502,356.25,73.75,73.75,0.0,5,0.13299117662594176
9503,358.75,73.75,73.75,0.0,5,0.3064382587893156
9504,1.25,76.25,76.25,0.0,5,0.8004567045786185
9505,3.75,76.25,76.25,0.0,5,0.8842578822659096
9506,6.25,76.25,76.25,0.0,5,1.0503581925293342
9507,8.75,76.25,76.25,0.0,5,1.2289336580897192
9508,11.25,76.25,76.25,0.0,5,1.4500876131579952
9509,13.75,76.25,76.25,0.0,5,1.713284057322229
9510,16.25,76.25,76.25,0.0,5,2.095741902373233
9511,18.75,76.25,76.25,0.0,5,2.2239812098036853
9512,21.25,76.25,76.25,0.0,5,2.214616417539062
9513,23.75,76.25,76.25,0.0,5,2.266978500263701
9514,26.25,76.25,76.25,0.0,5,2.257957100939555
9515,28.75,76.25,76.25,0.0,5,2.324568180163799
9516,31.25,76.25,76.25,0.0,5,2.449567077034881
9517,33.75,76.25,76.25,0.0,5,2.5759725236857887
9518,36.25,76.25,76.25,0.0,5,2.723648910209751
9519,38.75,76.25,76.25,0.0,5,2.8917794445444778
9520,41.25,76.25,76.25,0.0,5,3.1132601877473234
9521,43.75,76.25,76.25,0.0,5,3.380844971210611
9522,46.25,76.25,76.25,0.0,5,3.65404032606408
9523,48.75,76.25,76.25,0.0,5,3.9445657726958316
9524,51.25,76.25,76.25,0.0,5,4.141038660163112
9525,53.75,76.25,76.25,0.0,5,4.176855774628629
9526,56.25,76.25,76.25,0.0,5,4.080289375085842
9527,58.75,76.25,76.25,0.0,5,4.065033267273992
9528,61.25,76.25,76.25,0.0,5,4.041802527489033
9529,63.75,76.25,76.25,0.0,5,3.972173168010647
9530,66.25,76.25,76.25,0.0,5,3.8222670940035104
9531,68.75,76.25,76.25,0.0,5,3.717884512231293
9532,71.25,76.25,76.25,0.0,5,3.6221863245276675
9533,73.75,76.25,76.25,0.0,5,3.4770951148255205
9534,76.25,76.25,76.25,0.0,5,3.3634729527358362
9535,78.75,76.25,76.25,0.0,5,3.2753250286375124
9536,81.25,76.25,76.25,0.0,5,3.195573096249976
9537,83.75,76.25,76.25,0.0,5,3.146706637048476
9538,86.25,76.25,76.25,0.0,5,3.132364778844262
9539,88.75,76.25,76.25,0.0,5,3.153409534769012
9540,91.25,76.25,76.25,0.0,5,3.155602510948961
9541,93.75,76.25,76.25,0.0,5,3.1999648431686545
9542,96.25,76.25,76.25,0.0,5,3.2334307170558625
9543,98.75,76.25,76.25,0.0,0,3.2613313464672626
9544,101.25,76.25,76.25,1.0,0,3.2921310929480483
9545,103.75,76.25,76.25,1.0,0,3.264181576037913
9546,106.25,76.25,76.25,1.0,0,3.24344201346856
9547,108.75,76.25,76.25,1.0,0,3.2357125607343034
9548,111.25,76.25,76.25,1.0,0,3.247658269065786
9549,113.75,76.25,76.25,0.0,5,3.225078519835964
9550,116.25,76.25,76.25,0.0,5,3.3481778245661045
9551,118.75,76.25,76.25,0.0,5,3.4902445290150523
9552,121.25,76.25,76.25,0.0,5,3.586188849552145
9553,123.75,76.25,76.25,0.0,5,3.691463409656431
9554,126.25,76.25,76.25,0.0,5,3.7976893314220184
9555,128.75,76.25,76.25,0.0,5,3.8991015193691885
9556,131.25,76.25,76.25,0.0,5,4.012951401658983
9557,133.75,76.25,76.25,0.0,5,4.113114884878257
9558,136.25,76.25,76.25,0.0,5,4.174049904795371
9559,138.75,76.25,76.25,0.0,5,4.264011894964258
9560,141.25,76.25,76.25,0.0,5,4.388996935167039
9561,143.75,76.25,76.25,0.0,5,4.52872965025731
9562,146.25,76.25,76.25,0.0,5,4.6664771476813405
9563,148.75,76.25,76.25,0.0,5,4.814460142130948
9564,151.25,76.25,76.25,0.0,5,4.987881518904592
9565,153.75,76.25,76.25,0.0,5,5.086607177120313
9566,156.25,76.25,76.25,0.0,5,5.09052277759091
9567,158.75,76.25,76.25,0.0,5,5.051854718992779
9568,161.25,76.25,76.25,0.0,5,4.98695706270225
9569,163.75,76.25,76.25,0.0,5,4.918808219960165
9570,166.25,76.25,76.25,0.0,5,4.856314152970689
9571,168.75,76.25,76.25,0.0,5,4.797022560756162
9572,171.25,76.25,76.25,0.0,5,4.7518874171515275
9573,173.75,76.25,76.25,0.0,5,4.718725932069418
9574,176.25,76.25,76.25,0.0,5,4.687589982894786
9575,178.75,76.25,76.25,0.0,5,4.66876751229972
9576,181.25,76.25,76.25,0.0,5,4.662605771265493
9577,183.75,76.25,76.25,0.0,5,4.672569267299126
9578,186.25,76.25,76.25,0.0,5,4.707938766168542
9579,188.75,76.25,76.25,0.0,5,4.757271903314455
9580,191.25,76.25,76.25,0.0,5,4.776891492273846
9581,193.75,76.25,76.25,0.0,5,4.700282625053546
9582,196.25,76.25,76.25,0.0,5,4.550378730564975
9583,198.75,76.25,76.25,0.0,5,4.369777718642218
9584,201.25,76.25,76.25,0.0,5,4.206483627453143
9585,203.75,76.25,76.25,0.0,5,4.079490275460593
9586,206.25,76.25,76.25,0.0,5,3.962197529733215
9587,208.75,76.25,76.25,0.0,5,3.8645004683540805
9588,211.25,76.25,76.25,0.0,5,3.788723753139129
9589,213.75,76.25,76.25,0.0,5,3.718451653202076
9590,216.25,76.25,76.25,0.0,5,3.6611600387979983
9591,218.75,76.25,76.25,0.0,5,3.6180722560694205
9592,221.25,76.25,76.25,0.0,5,3.5731017833218717
9593,223.75,76.25,76.25,0.0,5,3.5261333240396584
9594,226.25,76.25,76.25,0.0,5,3.480927128685361
9595,228.75,76.25,76.25,0.0,5,3.4270194683924453
9596,231.25,76.25,76.25,0.0,5,3.3589876634897244
9597,233.75,76.25,76.25,0.0,5,3.2713092929002237
9598,236.25,76.25,76.25,0.0,5,3.142731739191664
9599,238.75,76.25,76.25,0.0,5,3.096711814315299
9600,241.25,76.25,76.25,0.0,5,3.129940386068195
9601,243.75,76.25,76.25,0.0,5,3.160375550518462
9602,246.25,76.25,76.25,0.0,5,3.1762053498650773
9603,248.75,76.25,76.25,0.0,5,3.2087842211403026
9604,251.25,76.25,76.25,1.0,0,3.2308743990885658
9605,253.75,76.25,76.25,0.0,5,3.213932214519573
9606,256.25,76.25,76.25,0.0,5,3.222198375324339
9607,258.75,76.25,76.25,1.0,0,3.236509227263441
9608,261.25,76.25,76.25,1.0,0,3.1891387436355236
9609,263.75,76.25,76.25,1.0,0,3.144900758126564
9610,266.25,76.25,76.25,1.0,0,3.07669358142574
9611,268.75,76.25,76.25,1.0,0,3.0031606347308557
9612,271.25,76.25,76.25,1.0,0,2.9733959670092056
9613,273.75,76.25,76.25,1.0,0,2.966027300478522
9614,276.25,76.25,76.25,1.0,0,2.909490583599146
9615,278.75,76.25,76.25,1.0,0,2.864241200167807
9616,281.25,76.25,76.25,0.0,5,2.8314378075803313
9617,283.75,76.25,76.25,0.0,5,2.7322699370106367
9618,286.25,76.25,76.25,0.0,5,2.613396272189286
9619,288.75,76.25,76.25,0.0,5,2.4678767702395024
9620,291.25,76.25,76.25,0.0,5,2.5798431711408245
9621,293.75,76.25,76.25,0.0,0,2.621646752656798
9622,296.25,76.25,76.25,0.0,0,2.5908203800411567
9623,298.75,76.25,76.25,0.0,0,2.499344166552301
9624,301.25,76.25,76.25,1.0,0,2.3720377104934163
9625,303.75,76.25,76.25,1.0,0,2.25910216959153
9626,306.25,76.25,76.25,1.0,0,2.2041045369398993
9627,308.75,76.25,76.25,1.0,0,2.18352661976595
9628,311.25,76.25,76.25,1.0,0,2.200443326588327
9629,313.75,76.25,76.25,1.0,0,2.236817184449696
9630,316.25,76.25,76.25,1.0,0,2.276859088893688
9631,318.75,76.25,76.25,1.0,0,2.3029377679356435
9632,321.25,76.25,76.25,1.0,0,2.288575228197184
9633,323.75,76.25,76.25,1.0,0,2.240191235025144
9634,326.25,76.25,76.25,1.0,0,2.1722265257572677
9635,328.75,76.25,76.25,1.0,0,2.117898846268362
9636,331.25,76.25,76.25,1.0,0,2.0988285499193324
9637,333.75,76.25,76.25,1.0,0,2.1257807921439
9638,336.25,76.25,76.25,1.0,0,2.227282727235145
9639,338.75,76.25,76.25,1.0,0,2.4046962152568727
9640,341.25,76.25,76.25,0.0,5,2.7714087150139526
9641,343.75,76.25,76.25,0.0,5,2.983551685263699
9642,346.25,76.25,76.25,0.0,5,2.9131988135724938
9643,348.75,76.25,76.25,0.0,5,2.487001518341661
9644,351.25,76.25,76.25,0.0,5,2.0100851917860934
9645,353.75,76.25,76.25,0.0,5,1.602218372849776
9646,356.25,76.25,76.25,0.0,5,1.188320865074544
9647,358.75,76.25,76.25,0.0,5,0.8800150401334599
9648,1.25,78.75,78.75,0.0,5,1.7630712637916983
9649,3.75,78.75,78.75,0.0,5,1.503514396324762
9650,6.25,78.75,78.75,0.0,5,1.4178750407256733
9651,8.75,78.75,78.75,0.0,5,1.4356046083811866
9652,11.25,78.75,78.75,0.0,5,1.5385530882632916
9653,13.75,78.75,78.75,1.0,0,2.0698983563490065
9654,16.25,78.75,78.75,1.0,0,2.359292504203334
9655,18.75,78.75,78.75,1.0,0,2.5781446850600855
9656,21.25,78.75,78.75,0.0,5,2.9291260928820733
9657,23.75,78.75,78.75,0.0,5,3.1995158478612122
9658,26.25,78.75,78.75,0.0,5,3.213668247523892
9659,28.75,78.75,78.75,0.0,5,3.16523025535331
9660,31.25,78.75,78.75,0.0,5,3.168995111967086
9661,33.75,78.75,78.75,0.0,5,3.24359648491522
9662,36.25,78.75,78.75,0.0,5,3.3607550827226906
9663,38.75,78.75,78.75,0.0,5,3.4999324472150324
9664,41.25,78.75,78.75,0.0,5,3.6765614375414164
9665,43.75,78.75,78.75,0.0,5,3.8512324253519097
9666,46.25,78.75,78.75,0.0,5,4.010581501228977
9667,48.75,78.75,78.75,0.0,5,4.23006044943668
9668,51.25,78.75,78.75,0.0,5,4.391001285187111
9669,53.75,78.75,78.75,0.0,5,4.4109426900425195
9670,56.25,78.75,78.75,0.0,5,4.41701678470346
9671,58.75,78.75,78.75,0.0,5,4.482369771895031
9672,61.25,78.75,78.75,0.0,5,4.513883859783814
9673,63.75,78.75,78.75,0.0,5,4.497799741595647
9674,66.25,78.75,78.75,0.0,5,4.467176417148856
9675,68.75,78.75,78.75,0.0,5,4.450510016850233
9676,71.25,78.75,78.75,0.0,5,4.366868094698319
9677,73.75,78.75,78.75,0.0,5,4.1969761073752565
9678,76.25,78.75,78.75,0.0,5,4.021509945058647
9679,78.75,78.75,78.75,0.0,5,3.858653534543445
9680,81.25,78.75,78.75,0.0,5,3.7209336618827065
9681,83.75,78.75,78.75,0.0,5,3.64867806744507
9682,86.25,78.75,78.75,0.0,5,3.597061706781952
9683,88.75,78.75,78.75,0.0,5,3.55121027782701
9684,91.25,78.75,78.75,0.0,5,3.5199331955850828
9685,93.75,78.75,78.75,0.0,5,3.5213910706647082
9686,96.25,78.75,78.75,0.0,5,3.5501902788910717
9687,98.75,78.75,78.75,0.0,5,3.601282666670118
9688,101.25,78.75,78.75,1.0,0,3.611502587592973
9689,103.75,78.75,78.75,1.0,0,3.651122752256686
9690,106.25,78.75,78.75,0.0,5,3.679933104863494
9691,108.75,78.75,78.75,0.0,5,3.7144553580438746
9692,111.25,78.75,78.75,0.0,5,3.7676165751805737
9693,113.75,78.75,78.75,0.0,5,3.8179909063367714
9694,116.25,78.75,78.75,0.0,5,3.8843070110078934
9695,118.75,78.75,78.75,0.0,5,3.9663267953857693
9696,121.25,78.75,78.75,0.0,5,4.054458771030322
9697,123.75,78.75,78.75,0.0,5,4.158692547371328
9698,126.25,78.75,78.75,0.0,5,4.263877556994502
9699,128.75,78.75,78.75,0.0,5,4.356723505523349
9700,131.25,78.75,78.75,0.0,5,4.458243423121991
9701,133.75,78.75,78.75,0.0,5,4.561053288284279
9702,136.25,78.75,78.75,0.0,5,4.651850224086399
9703,138.75,78.75,78.75,0.0,5,4.743770685241383
9704,141.25,78.75,78.75,0.0,5,4.827501878195587
9705,143.75,78.75,78.75,0.0,5,4.887474922082259
9706,146.25,78.75,78.75,0.0,5,4.928192774183279
9707,148.75,78.75,78.75,0.0,5,4.937071494270141
9708,151.25,78.75,78.75,0.0,5,4.907398010074519
9709,153.75,78.75,78.75,0.0,5,4.840138909963477
9710,156.25,78.75,78.75,0.0,5,4.76581681105669
9711,158.75,78.75,78.75,0.0,5,4.702798468113775
9712,161.25,78.75,78.75,0.0,5,4.641314169949565
9713,163.75,78.75,78.75,0.0,5,4.580286307780385
9714,166.25,78.75,78.75,0.0,5,4.522325249952774
9715,168.75,78.75,78.75,0.0,5,4.4593585545612475
9716,171.25,78.75,78.75,0.0,5,4.39808911783952
9717,173.75,78.75,78.75,0.0,5,4.350734627350463
9718,176.25,78.75,78.75,0.0,5,4.3082947645256855
9719,178.75,78.75,78.75,0.0,5,4.273281627445477
9720,181.25,78.75,78.75,0.0,5,4.24568703285682
9721,183.75,78.75,78.75,0.0,5,4.218524752916192
9722,186.25,78.75,78.75,0.0,5,4.19375580102496
9723,188.75,78.75,78.75,0.0,5,4.170331923373327
9724,191.25,78.75,78.75,0.0,5,4.1410317772212695
9725,193.75,78.75,78.75,0.0,5,4.104248453759104
9726,196.25,78.75,78.75,0.0,5,4.060754895036488
9727,198.75,78.75,78.75,0.0,5,4.009810454092254
9728,201.25,78.75,78.75,0.0,5,3.9625847133485967
9729,203.75,78.75,78.75,0.0,5,3.921173793053207
9730,206.25,78.75,78.75,0.0,5,3.877474400127278
9731,208.75,78.75,78.75,0.0,5,3.8355765948739977
9732,211.25,78.75,78.75,0.0,5,3.800410566233579
9733,213.75,78.75,78.75,0.0,5,3.7634758058410047
9734,216.25,78.75,78.75,0.0,5,3.729048537353831
9735,218.75,78.75,78.75,0.0,5,3.699960923325802
9736,221.25,78.75,78.75,0.0,5,3.6687953959998842
9737,223.75,78.75,78.75,0.0,5,3.638700729900544
9738,226.25,78.75,78.75,0.0,5,3.6102455477316404
9739,228.75,78.75,78.75,0.0,5,3.5785750206565035
9740,231.25,78.75,78.75,0.0,5,3.5446681888851286
9741,233.75,78.75,78.75,0.0,5,3.5117203290813417
9742,236.25,78.75,78.75,0.0,5,3.476045307015008
9743,238.75,78.75,78.75,0.0,5,3.4412340448077368
9744,241.25,78.75,78.75,0.0,5,3.414804826427305
9745,243.75,78.75,78.75,0.0,5,3.3898594748055233
9746,246.25,78.75,78.75,0.0,5,3.362027108413541
9747,248.75,78.75,78.75,0.0,5,3.339730045336816
9748,251.25,78.75,78.75,0.0,5,3.2966639942895792
9749,253.75,78.75,78.75,0.0,5,3.265229071696238
9750,256.25,78.75,78.75,1.0,0,3.259188421483529
9751,258.75,78.75,78.75,0.0,5,3.2147954741554807
9752,261.25,78.75,78.75,0.0,5,3.1475349192334203
9753,263.75,78.75,78.75,1.0,0,3.043677683549908
9754,266.25,78.75,78.75,1.0,0,2.8901145674443653
9755,268.75,78.75,78.75,1.0,0,2.8069020328040284
9756,271.25,78.75,78.75,1.0,0,2.7166904111375243
9757,273.75,78.75,78.75,1.0,0,2.634459138110224
9758,276.25,78.75,78.75,1.0,0,2.60551562616425
9759,278.75,78.75,78.75,1.0,0,2.6858213653016083
9760,281.25,78.75,78.75,1.0,0,2.74854245049336
9761,283.75,78.75,78.75,1.0,0,2.6572209261139093
9762,286.25,78.75,78.75,0.0,5,2.6625660507452777
9763,288.75,78.75,78.75,0.0,5,2.634844630185074
9764,291.25,78.75,78.75,0.0,0,2.554865744824196
9765,293.75,78.75,78.75,1.0,0,2.4868619195580934
9766,296.25,78.75,78.75,1.0,0,2.4223113957123634
9767,298.75,78.75,78.75,1.0,0,2.3364625908277397
9768,301.25,78.75,78.75,1.0,0,2.3026899748349954
9769,303.75,78.75,78.75,1.0,0,2.250538457862062
9770,306.25,78.75,78.75,1.0,0,2.2245363967600222
9771,308.75,78.75,78.75,1.0,0,2.211120903527204
9772,311.25,78.75,78.75,1.0,0,2.2117416478163063
9773,313.75,78.75,78.75,1.0,0,2.222808202478917
9774,316.25,78.75,78.75,1.0,0,2.2347683101268
9775,318.75,78.75,78.75,1.0,0,2.242771154110162
9776,321.25,78.75,78.75,1.0,0,2.2380431952199804
9777,323.75,78.75,78.75,1.0,0,2.2293923166119582
9778,326.25,78.75,78.75,1.0,0,2.2221542067120263
9779,328.75,78.75,78.75,1.0,0,2.231384757278139
9780,331.25,78.75,78.75,1.0,0,2.2654375394745734
9781,333.75,78.75,78.75,1.0,0,2.337754799387948
9782,336.25,78.75,78.75,1.0,0,2.455098707237816
9783,338.75,78.75,78.75,0.0,0,2.7177370188306917
9784,341.25,78.75,78.75,0.0,5,3.1445588940898768
9785,343.75,78.75,78.75,0.0,5,3.277573481078114
9786,346.25,78.75,78.75,0.0,5,3.2424399016452536
9787,348.75,78.75,78.75,0.0,5,3.1309917886470746
9788,351.25,78.75,78.75,0.0,5,3.007859963190538
9789,353.75,78.75,78.75,0.0,5,2.8864815621977344
9790,356.25,78.75,78.75,0.0,5,2.6347879386963964
9791,358.75,78.75,78.75,0.0,5,2.1807049908391414
9792,1.25,81.25,81.25,0.0,5,2.945482740071816
9793,3.75,81.25,81.25,0.0,5,2.787874548894771
9794,6.25,81.25,81.25,0.0,5,2.623516910356146
9795,8.75,81.25,81.25,0.0,5,2.514891542467734
9796,11.25,81.25,81.25,0.0,5,2.453944599663808
9797,13.75,81.25,81.25,0.0,5,2.536441238010419
9798,16.25,81.25,81.25,0.0,5,2.5956091686339238
9799,18.75,81.25,81.25,0.0,5,2.83163075087968
9800,21.25,81.25,81.25,0.0,5,3.1201799875340313
9801,23.75,81.25,81.25,0.0,5,3.250156069311081
9802,26.25,81.25,81.25,0.0,5,3.3960050407332707
9803,28.75,81.25,81.25,0.0,5,3.47737907291943
9804,31.25,81.25,81.25,0.0,5,3.5236994997542057
9805,33.75,81.25,81.25,0.0,5,3.5760048962957134
9806,36.25,81.25,81.25,0.0,5,3.644342921435465
9807,38.75,81.25,81.25,0.0,5,3.717997268118909
9808,41.25,81.25,81.25,0.0,5,3.794012418627581
9809,43.75,81.25,81.25,0.0,5,3.8239002496263192
9810,46.25,81.25,81.25,0.0,5,3.8011474177174125
9811,48.75,81.25,81.25,0.0,5,3.853509988244265
9812,51.25,81.25,81.25,0.0,5,3.934072474948585
9813,53.75,81.25,81.25,0.0,5,3.9108430088063906
9814,56.25,81.25,81.25,0.0,5,3.9173447508501664
9815,58.75,81.25,81.25,0.0,5,4.015373312287693
9816,61.25,81.25,81.25,0.0,5,4.063123523081925
9817,63.75,81.25,81.25,0.0,5,4.115446119087223
9818,66.25,81.25,81.25,0.0,5,4.222841126623531
9819,68.75,81.25,81.25,0.0,5,4.285141103014044
9820,71.25,81.25,81.25,0.0,5,4.297794763251229
9821,73.75,81.25,81.25,0.0,5,4.257811719992958
9822,76.25,81.25,81.25,0.0,5,4.1983515594256415
9823,78.75,81.25,81.25,0.0,5,4.141891432523385
9824,81.25,81.25,81.25,0.0,5,4.08594738981869
9825,83.75,81.25,81.25,0.0,5,4.0473111904638195
9826,86.25,81.25,81.25,0.0,5,3.9992712364344207
9827,88.75,81.25,81.25,0.0,5,3.9434802924569556
9828,91.25,81.25,81.25,0.0,5,3.923689040275224
9829,93.75,81.25,81.25,0.0,5,3.985474810449825
9830,96.25,81.25,81.25,0.0,5,4.06778371540725
9831,98.75,81.25,81.25,0.0,5,4.178521604403784
9832,101.25,81.25,81.25,0.0,5,4.2637417346981215
9833,103.75,81.25,81.25,0.0,5,4.3035190102665855
9834,106.25,81.25,81.25,0.0,5,4.31624843864284
9835,108.75,81.25,81.25,0.0,5,4.3201592209691935
9836,111.25,81.25,81.25,0.0,5,4.328394465741434
9837,113.75,81.25,81.25,0.0,5,4.350259554295021
9838,116.25,81.25,81.25,0.0,5,4.389611312314099
9839,118.75,81.25,81.25,0.0,5,4.439874225210486
9840,121.25,81.25,81.25,0.0,5,4.48717847813146
9841,123.75,81.25,81.25,0.0,5,4.532644822214854
9842,126.25,81.25,81.25,0.0,5,4.566163772071561
9843,128.75,81.25,81.25,0.0,5,4.587347537401664
9844,131.25,81.25,81.25,0.0,5,4.602181364669012
9845,133.75,81.25,81.25,0.0,5,4.609417741279854
9846,136.25,81.25,81.25,0.0,5,4.6095851849658676
9847,138.75,81.25,81.25,0.0,5,4.6057750541051465
9848,141.25,81.25,81.25,0.0,5,4.597868340034709
9849,143.75,81.25,81.25,0.0,5,4.586327810924081
9850,146.25,81.25,81.25,0.0,5,4.5649331946920215
9851,148.75,81.25,81.25,0.0,5,4.537379903681667
9852,151.25,81.25,81.25,0.0,5,4.504974580275846
9853,153.75,81.25,81.25,0.0,5,4.4621721318579395
9854,156.25,81.25,81.25,0.0,5,4.4172613348778595
9855,158.75,81.25,81.25,0.0,5,4.37826494674438
9856,161.25,81.25,81.25,0.0,5,4.33733767216674
9857,163.75,81.25,81.25,0.0,5,4.295636520819124
9858,166.25,81.25,81.25,0.0,5,4.257368624463123
9859,168.75,81.25,81.25,0.0,5,4.21690359063002
9860,171.25,81.25,81.25,0.0,5,4.178564528765118
9861,173.75,81.25,81.25,0.0,5,4.146729103171216
9862,176.25,81.25,81.25,0.0,5,4.11594366626134
9863,178.75,81.25,81.25,0.0,5,4.088361227188176
9864,181.25,81.25,81.25,0.0,5,4.065595553327921
9865,183.75,81.25,81.25,0.0,5,4.042596521893182
9866,186.25,81.25,81.25,0.0,5,4.019232491869508
9867,188.75,81.25,81.25,0.0,5,3.9966551747340717
9868,191.25,81.25,81.25,0.0,5,3.9721535159206436
9869,193.75,81.25,81.25,0.0,5,3.947433450523566
9870,196.25,81.25,81.25,0.0,5,3.92428937332004
9871,198.75,81.25,81.25,0.0,5,3.899975859354318
9872,201.25,81.25,81.25,0.0,5,3.8775761579185186
9873,203.75,81.25,81.25,0.0,5,3.856986317844698
9874,206.25,81.25,81.25,0.0,5,3.834438854755053
9875,208.75,81.25,81.25,0.0,5,3.812434304315875
9876,211.25,81.25,81.25,0.0,5,3.7939086507192297
9877,213.75,81.25,81.25,0.0,5,3.7750987245383034
9878,216.25,81.25,81.25,0.0,5,3.7586778659575724
9879,218.75,81.25,81.25,0.0,5,3.7441780639543873
9880,221.25,81.25,81.25,0.0,5,3.7295962011200934
9881,223.75,81.25,81.25,0.0,5,3.716678774008769
9882,226.25,81.25,81.25,0.0,5,3.704621606049615
9883,228.75,81.25,81.25,0.0,5,3.6891625826968935
9884,231.25,81.25,81.25,0.0,5,3.671798749007605
9885,233.75,81.25,81.25,0.0,5,3.655377286965349
9886,236.25,81.25,81.25,0.0,5,3.6381427562632527
9887,238.75,81.25,81.25,0.0,5,3.6219607734175767
9888,241.25,81.25,81.25,0.0,5,3.6089652446256655
9889,243.75,81.25,81.25,0.0,5,3.597014681210791
9890,246.25,81.25,81.25,0.0,5,3.586646348011914
9891,248.75,81.25,81.25,0.0,5,3.5774665067118714
9892,251.25,81.25,81.25,0.0,5,3.5629937763344492
9893,253.75,81.25,81.25,0.0,5,3.5475554765967257
9894,256.25,81.25,81.25,0.0,5,3.526564293969208
9895,258.75,81.25,81.25,0.0,5,3.488291245509302
9896,261.25,81.25,81.25,0.0,5,3.441584828766362
9897,263.75,81.25,81.25,0.0,5,3.37220903476738
9898,266.25,81.25,81.25,0.0,5,3.231532473422532
9899,268.75,81.25,81.25,0.0,5,3.1544410833745937
9900,271.25,81.25,81.25,0.0,5,2.943620462273505
9901,273.75,81.25,81.25,1.0,0,2.7900610860320847
9902,276.25,81.25,81.25,1.0,0,2.724696588091923
9903,278.75,81.25,81.25,1.0,0,2.697780210615673
9904,281.25,81.25,81.25,1.0,0,2.716545696662091
9905,283.75,81.25,81.25,1.0,0,2.7578451262592147
9906,286.25,81.25,81.25,1.0,0,2.7426394839321135
9907,288.75,81.25,81.25,1.0,0,2.9496846858423575
9908,291.25,81.25,81.25,0.0,0,2.9555346307921875
9909,293.75,81.25,81.25,0.0,0,2.985306969369108
9910,296.25,81.25,81.25,0.0,5,2.976295648070181
9911,298.75,81.25,81.25,0.0,5,2.868711838684744
9912,301.25,81.25,81.25,1.0,0,2.8282395493749126
9913,303.75,81.25,81.25,1.0,0,2.7470955580449083
9914,306.25,81.25,81.25,1.0,0,2.5650483069288046
9915,308.75,81.25,81.25,1.0,0,2.49947141976295
9916,311.25,81.25,81.25,1.0,0,2.4597960483775005
9917,313.75,81.25,81.25,1.0,0,2.3873968459204837
9918,316.25,81.25,81.25,1.0,0,2.3814418371580244
9919,318.75,81.25,81.25,1.0,0,2.3681945820473564
9920,321.25,81.25,81.25,1.0,0,2.3648541436443438
9921,323.75,81.25,81.25,1.0,0,2.375570209295007
9922,326.25,81.25,81.25,1.0,0,2.4048737357665066
9923,328.75,81.25,81.25,1.0,0,2.455773990574518
9924,331.25,81.25,81.25,1.0,0,2.521782800836503
9925,333.75,81.25,81.25,1.0,0,2.6178157924079906
9926,336.25,81.25,81.25,1.0,0,2.7358213584411604
9927,338.75,81.25,81.25,1.0,0,2.859416042330512
9928,341.25,81.25,81.25,1.0,0,2.9937099288813047
9929,343.75,81.25,81.25,1.0,0,3.17109432797031
9930,346.25,81.25,81.25,0.0,5,3.1760843839898154
9931,348.75,81.25,81.25,0.0,5,3.1743817041961764
9932,351.25,81.25,81.25,0.0,5,3.195023639925461
9933,353.75,81.25,81.25,0.0,5,3.161371419862912
9934,356.25,81.25,81.25,0.0,5,3.1082461340279512
9935,358.75,81.25,81.25,0.0,5,3.0441379364763104
9936,1.25,83.75,83.75,0.0,5,3.418111746396771
9937,3.75,83.75,83.75,0.0,5,3.413528454382003
9938,6.25,83.75,83.75,0.0,5,3.4156944841037973
9939,8.75,83.75,83.75,0.0,5,3.4249733914920526
9940,11.25,83.75,83.75,0.0,5,3.443751069105899
9941,13.75,83.75,83.75,0.0,5,3.468930077850908
9942,16.25,83.75,83.75,0.0,5,3.494536964252234
9943,18.75,83.75,83.75,0.0,5,3.523403381636754
9944,21.25,83.75,83.75,0.0,5,3.552037536277913
9945,23.75,83.75,83.75,0.0,5,3.575881776883708
9946,26.25,83.75,83.75,0.0,5,3.6016300014202263
9947,28.75,83.75,83.75,0.0,5,3.628947366163602
9948,31.25,83.75,83.75,0.0,5,3.654785112193078
9949,33.75,83.75,83.75,0.0,5,3.6849077439272824
9950,36.25,83.75,83.75,0.0,5,3.718487025172093
9951,38.75,83.75,83.75,0.0,5,3.7504879435184173
9952,41.25,83.75,83.75,0.0,5,3.7849854229326874
9953,43.75,83.75,83.75,0.0,5,3.8163465311989624
9954,46.25,83.75,83.75,0.0,5,3.840815930968479
9955,48.75,83.75,83.75,0.0,5,3.8650444606820935
9956,51.25,83.75,83.75,0.0,5,3.8872632583719495
9957,53.75,83.75,83.75,0.0,5,3.9043236449820533
9958,56.25,83.75,83.75,0.0,5,3.9283448454698866
9959,58.75,83.75,83.75,0.0,5,3.951005552348532
9960,61.25,83.75,83.75,0.0,5,3.971414153544267
9961,63.75,83.75,83.75,0.0,5,3.9910461584769004
9962,66.25,83.75,83.75,0.0,5,4.008798523835743
9963,68.75,83.75,83.75,0.0,5,4.025026880284499
9964,71.25,83.75,83.75,0.0,5,4.04296596718669
9965,73.75,83.75,83.75,0.0,5,4.062190758452901
9966,76.25,83.75,83.75,0.0,5,4.087643564355025
9967,78.75,83.75,83.75,0.0,5,4.1177315153001075
9968,81.25,83.75,83.75,0.0,5,4.159580175124956
9969,83.75,83.75,83.75,0.0,5,4.194644833148663
9970,86.25,83.75,83.75,0.0,5,4.234827064397153
9971,88.75,83.75,83.75,0.0,5,4.276678664090879
9972,91.25,83.75,83.75,0.0,5,4.313230019722638
9973,93.75,83.75,83.75,0.0,5,4.349879534825973
9974,96.25,83.75,83.75,0.0,5,4.383234833050345
9975,98.75,83.75,83.75,0.0,5,4.406176866541757
9976,101.25,83.75,83.75,0.0,5,4.427005298097892
9977,103.75,83.75,83.75,0.0,5,4.443933770976941
9978,106.25,83.75,83.75,0.0,5,4.457138871434131
9979,108.75,83.75,83.75,0.0,5,4.47221154571548
9980,111.25,83.75,83.75,0.0,5,4.487921678329803
9981,113.75,83.75,83.75,0.0,5,4.502455092345704
9982,116.25,83.75,83.75,0.0,5,4.517422038982416
9983,118.75,83.75,83.75,0.0,5,4.528372264800384
9984,121.25,83.75,83.75,0.0,5,4.534061198512747
9985,123.75,83.75,83.75,0.0,5,4.535695862254109
9986,126.25,83.75,83.75,0.0,5,4.531244986842638
9987,128.75,83.75,83.75,0.0,5,4.52233399220059
9988,131.25,83.75,83.75,0.0,5,4.505228850120783
9989,133.75,83.75,83.75,0.0,5,4.481730452291005
9990,136.25,83.75,83.75,0.0,5,4.455489096137101
9991,138.75,83.75,83.75,0.0,5,4.423238072731187
9992,141.25,83.75,83.75,0.0,5,4.390651616413032
9993,143.75,83.75,83.75,0.0,5,4.36210534112927
9994,146.25,83.75,83.75,0.0,5,4.331633094963419
9995,148.75,83.75,83.75,0.0,5,4.301853216235341
9996,151.25,83.75,83.75,0.0,5,4.2749293082618065
9997,153.75,83.75,83.75,0.0,5,4.246189851155765
9998,156.25,83.75,83.75,0.0,5,4.218298637410273
9999,158.75,83.75,83.75,0.0,5,4.193678071372438
10000,161.25,83.75,83.75,0.0,5,4.167882669516343
10001,163.75,83.75,83.75,0.0,5,4.143888338289768
10002,166.25,83.75,83.75,0.0,5,4.12296621242994
10003,168.75,83.75,83.75,0.0,5,4.10004785361622
10004,171.25,83.75,83.75,0.0,5,4.0774543235188405
10005,173.75,83.75,83.75,0.0,5,4.057929969264102
10006,176.25,83.75,83.75,0.0,5,4.038534128336912
10007,178.75,83.75,83.75,0.0,5,4.022022316609212
10008,181.25,83.75,83.75,0.0,5,4.006635454392732
10009,183.75,83.75,83.75,0.0,5,3.9901007134614104
10010,186.25,83.75,83.75,0.0,5,3.9734577305620054
10011,188.75,83.75,83.75,0.0,5,3.957509212665798
10012,191.25,83.75,83.75,0.0,5,3.9398192570795687
10013,193.75,83.75,83.75,0.0,5,3.923245028281594
10014,196.25,83.75,83.75,0.0,5,3.9101536382112134
10015,198.75,83.75,83.75,0.0,5,3.896240991276915
10016,201.25,83.75,83.75,0.0,5,3.8825327194884873
10017,203.75,83.75,83.75,0.0,5,3.8711083714843886
10018,206.25,83.75,83.75,0.0,5,3.8597843471241373
10019,208.75,83.75,83.75,0.0,5,3.8495575223584924
10020,211.25,83.75,83.75,0.0,5,3.840800656763029
10021,213.75,83.75,83.75,0.0,5,3.832113103764004
10022,216.25,83.75,83.75,0.0,5,3.823701607522713
10023,218.75,83.75,83.75,0.0,5,3.8160744061518215
10024,221.25,83.75,83.75,0.0,5,3.8077370741514653
10025,223.75,83.75,83.75,0.0,5,3.799792910691789
10026,226.25,83.75,83.75,0.0,5,3.792956533146852
10027,228.75,83.75,83.75,0.0,5,3.785111777628432
10028,231.25,83.75,83.75,0.0,5,3.7770074051661506
10029,233.75,83.75,83.75,0.0,5,3.7700311227217584
10030,236.25,83.75,83.75,0.0,5,3.7619049570585323
10031,238.75,83.75,83.75,0.0,5,3.7523334105421497
10032,241.25,83.75,83.75,0.0,5,3.741804487577139
10033,243.75,83.75,83.75,0.0,5,3.7288314166921626
10034,246.25,83.75,83.75,0.0,5,3.7153343827081295
10035,248.75,83.75,83.75,0.0,5,3.7037956608664935
10036,251.25,83.75,83.75,0.0,5,3.6916526946562205
10037,253.75,83.75,83.75,0.0,5,3.677677075106651
10038,256.25,83.75,83.75,0.0,5,3.6634316542271965
10039,258.75,83.75,83.75,0.0,5,3.648494328816541
10040,261.25,83.75,83.75,0.0,5,3.628781101625444
10041,263.75,83.75,83.75,0.0,5,3.609603616638907
10042,266.25,83.75,83.75,0.0,5,3.5801941664577783
10043,268.75,83.75,83.75,0.0,5,3.545961532157094
10044,271.25,83.75,83.75,0.0,5,3.5079238038858223
10045,273.75,83.75,83.75,0.0,5,3.45522666700821
10046,276.25,83.75,83.75,0.0,5,3.3952983673455437
10047,278.75,83.75,83.75,0.0,5,3.3591037583124295
10048,281.25,83.75,83.75,0.0,5,3.3397244943915765
10049,283.75,83.75,83.75,0.0,5,3.3254806949467897
10050,286.25,83.75,83.75,0.0,5,3.307258782573385
10051,288.75,83.75,83.75,0.0,5,3.3141269900945027
10052,291.25,83.75,83.75,0.0,5,3.3150728556832925
10053,293.75,83.75,83.75,0.0,5,3.327215867526735
10054,296.25,83.75,83.75,0.0,5,3.393486695637775
10055,298.75,83.75,83.75,0.0,5,3.436985400456355
10056,301.25,83.75,83.75,0.0,5,3.3898658881690262
10057,303.75,83.75,83.75,0.0,5,3.398947869812461
10058,306.25,83.75,83.75,0.0,5,3.3417028942789027
10059,308.75,83.75,83.75,0.0,5,3.2668494150492093
10060,311.25,83.75,83.75,0.0,5,3.18794267995531
10061,313.75,83.75,83.75,0.0,5,3.133952475319679
10062,316.25,83.75,83.75,0.0,5,3.122766137844533
10063,318.75,83.75,83.75,0.0,5,3.121915373632362
10064,321.25,83.75,83.75,0.0,5,3.097867639577437
10065,323.75,83.75,83.75,0.0,5,3.0879083397299683
10066,326.25,83.75,83.75,0.0,5,3.091079458020468
10067,328.75,83.75,83.75,0.0,5,3.1344719918580477
10068,331.25,83.75,83.75,0.0,5,3.168066762394112
10069,333.75,83.75,83.75,0.0,5,3.2002772451618937
10070,336.25,83.75,83.75,0.0,5,3.2627545191279563
10071,338.75,83.75,83.75,0.0,5,3.316841659179716
10072,341.25,83.75,83.75,0.0,5,3.377909992487586
10073,343.75,83.75,83.75,0.0,5,3.4025742369007945
10074,346.25,83.75,83.75,0.0,5,3.4034442975427983
10075,348.75,83.75,83.75,0.0,5,3.4189636675465773
10076,351.25,83.75,83.75,0.0,5,3.43459393417512
10077,353.75,83.75,83.75,0.0,5,3.4363429659634153
10078,356.25,83.75,83.75,0.0,5,3.432263116854287
10079,358.75,83.75,83.75,0.0,5,3.4253934162774202
10080,1.25,86.25,86.25,0.0,5,3.6962717008910553
10081,3.75,86.25,86.25,0.0,5,3.6989026206517064
10082,6.25,86.25,86.25,0.0,5,3.7023666875172347
10083,8.75,86.25,86.25,0.0,5,3.7072205166500134
10084,11.25,86.25,86.25,0.0,5,3.7148574256744187
10085,13.75,86.25,86.25,0.0,5,3.724276298393511
10086,16.25,86.25,86.25,0.0,5,3.734323222496521
10087,18.75,86.25,86.25,0.0,5,3.746606281345696
10088,21.25,86.25,86.25,0.0,5,3.7605673140809746
10089,23.75,86.25,86.25,0.0,5,3.7742517483988034
10090,26.25,86.25,86.25,0.0,5,3.789709662447991
10091,28.75,86.25,86.25,0.0,5,3.8053466361267185
10092,31.25,86.25,86.25,0.0,5,3.819538482352701
10093,33.75,86.25,86.25,0.0,5,3.835858543763726
10094,36.25,86.25,86.25,0.0,5,3.853035806544315
10095,38.75,86.25,86.25,0.0,5,3.867802914785548
10096,41.25,86.25,86.25,0.0,5,3.884094304112713
10097,43.75,86.25,86.25,0.0,5,3.900756129170894
10098,46.25,86.25,86.25,0.0,5,3.9155871705231236
10099,48.75,86.25,86.25,0.0,5,3.93123685045467
10100,51.25,86.25,86.25,0.0,5,3.9467685919746938
10101,53.75,86.25,86.25,0.0,5,3.960360969776646
10102,56.25,86.25,86.25,0.0,5,3.9757678793870905
10103,58.75,86.25,86.25,0.0,5,3.9912226041180725
10104,61.25,86.25,86.25,0.0,5,4.004704619896545
10105,63.75,86.25,86.25,0.0,5,4.020407968967495
10106,66.25,86.25,86.25,0.0,5,4.037405725116601
10107,68.75,86.25,86.25,0.0,5,4.054192239135422
10108,71.25,86.25,86.25,0.0,5,4.072969127094578
10109,73.75,86.25,86.25,0.0,5,4.093837399167026
10110,76.25,86.25,86.25,0.0,5,4.1130827569603925
10111,78.75,86.25,86.25,0.0,5,4.130061223389356
10112,81.25,86.25,86.25,0.0,5,4.156864414029499
10113,83.75,86.25,86.25,0.0,5,4.17153154281981
10114,86.25,86.25,86.25,0.0,5,4.19202312041653
10115,88.75,86.25,86.25,0.0,5,4.210525706220334
10116,91.25,86.25,86.25,0.0,5,4.225132063801777
10117,93.75,86.25,86.25,0.0,5,4.23985453031335
10118,96.25,86.25,86.25,0.0,5,4.25389312561723
10119,98.75,86.25,86.25,0.0,5,4.264234314102152
10120,101.25,86.25,86.25,0.0,5,4.2763853355801436
10121,103.75,86.25,86.25,0.0,5,4.2868221750843345
10122,106.25,86.25,86.25,0.0,5,4.2951208000303716
10123,108.75,86.25,86.25,0.0,5,4.3039934593641025
10124,111.25,86.25,86.25,0.0,5,4.311921677487124
10125,113.75,86.25,86.25,0.0,5,4.317809596895666
10126,116.25,86.25,86.25,0.0,5,4.321896674960038
10127,118.75,86.25,86.25,0.0,5,4.322931198212337
10128,121.25,86.25,86.25,0.0,5,4.321528873417561
10129,123.75,86.25,86.25,0.0,5,4.316921839902848
10130,126.25,86.25,86.25,0.0,5,4.309742796303031
10131,128.75,86.25,86.25,0.0,5,4.301492080745319
10132,131.25,86.25,86.25,0.0,5,4.290843548787225
10133,133.75,86.25,86.25,0.0,5,4.278141813310008
10134,136.25,86.25,86.25,0.0,5,4.2650438326629585
10135,138.75,86.25,86.25,0.0,5,4.249693006216029
10136,141.25,86.25,86.25,0.0,5,4.233283708971891
10137,143.75,86.25,86.25,0.0,5,4.2179757371813595
10138,146.25,86.25,86.25,0.0,5,4.200710533017114
10139,148.75,86.25,86.25,0.0,5,4.183666346475269
10140,151.25,86.25,86.25,0.0,5,4.1681393166702625
10141,153.75,86.25,86.25,0.0,5,4.150666902910089
10142,156.25,86.25,86.25,0.0,5,4.132973306264653
10143,158.75,86.25,86.25,0.0,5,4.1169524650635125
10144,161.25,86.25,86.25,0.0,5,4.099788946730916
10145,163.75,86.25,86.25,0.0,5,4.083465878070294
10146,166.25,86.25,86.25,0.0,5,4.0686338251620064
10147,168.75,86.25,86.25,0.0,5,4.053787401732553
10148,171.25,86.25,86.25,0.0,5,4.03872141211151
10149,173.75,86.25,86.25,0.0,5,4.026710523993639
10150,176.25,86.25,86.25,0.0,5,4.0135031791767934
10151,178.75,86.25,86.25,0.0,5,4.001278369225927
10152,181.25,86.25,86.25,0.0,5,3.9915229247217687
10153,183.75,86.25,86.25,0.0,5,3.981067604797369
10154,186.25,86.25,86.25,0.0,5,3.9707801366198265
10155,188.75,86.25,86.25,0.0,5,3.961748528899378
10156,191.25,86.25,86.25,0.0,5,3.9519714898170255
10157,193.75,86.25,86.25,0.0,5,3.9424341446151474
10158,196.25,86.25,86.25,0.0,5,3.934262814341475
10159,198.75,86.25,86.25,0.0,5,3.9261741444995675
10160,201.25,86.25,86.25,0.0,5,3.9190374213935883
10161,203.75,86.25,86.25,0.0,5,3.913227775478514
10162,206.25,86.25,86.25,0.0,5,3.907358515636968
10163,208.75,86.25,86.25,0.0,5,3.9021458214036597
10164,211.25,86.25,86.25,0.0,5,3.898060027945319
10165,213.75,86.25,86.25,0.0,5,3.8941661496207423
10166,216.25,86.25,86.25,0.0,5,3.8905060828531703
10167,218.75,86.25,86.25,0.0,5,3.887479530911861
10168,221.25,86.25,86.25,0.0,5,3.8839501176758136
10169,223.75,86.25,86.25,0.0,5,3.880400482342725
10170,226.25,86.25,86.25,0.0,5,3.8772644472263433
10171,228.75,86.25,86.25,0.0,5,3.873387877593278
10172,231.25,86.25,86.25,0.0,5,3.8696472418638406
10173,233.75,86.25,86.25,0.0,5,3.866535195882474
10174,236.25,86.25,86.25,0.0,5,3.86255839330732
10175,238.75,86.25,86.25,0.0,5,3.8584878156044673
10176,241.25,86.25,86.25,0.0,5,3.854328986720656
10177,243.75,86.25,86.25,0.0,5,3.848506292103396
10178,246.25,86.25,86.25,0.0,5,3.841310284376545
10179,248.75,86.25,86.25,0.0,5,3.834325301500255
10180,251.25,86.25,86.25,0.0,5,3.8259062386842233
10181,253.75,86.25,86.25,0.0,5,3.816954163775767
10182,256.25,86.25,86.25,0.0,5,3.808857534236511
10183,258.75,86.25,86.25,0.0,5,3.801315680903068
10184,261.25,86.25,86.25,0.0,5,3.789890922949765
10185,263.75,86.25,86.25,0.0,5,3.7831804177237407
10186,266.25,86.25,86.25,0.0,5,3.773418487010904
10187,268.75,86.25,86.25,0.0,5,3.7636521478404648
10188,271.25,86.25,86.25,0.0,5,3.7555535037611345
10189,273.75,86.25,86.25,0.0,5,3.7464329660689364
10190,276.25,86.25,86.25,0.0,5,3.7383888019526768
10191,278.75,86.25,86.25,0.0,5,3.731153400299854
10192,281.25,86.25,86.25,0.0,5,3.722974542348488
10193,283.75,86.25,86.25,0.0,5,3.7157597720886812
10194,286.25,86.25,86.25,0.0,5,3.7093986364544866
10195,288.75,86.25,86.25,0.0,5,3.7024031140825966
10196,291.25,86.25,86.25,0.0,5,3.6954635025810405
10197,293.75,86.25,86.25,0.0,5,3.688873150569351
10198,296.25,86.25,86.25,0.0,5,3.6810207527260865
10199,298.75,86.25,86.25,0.0,5,3.672978453021659
10200,301.25,86.25,86.25,0.0,5,3.6640305471940686
10201,303.75,86.25,86.25,0.0,5,3.65474479569312
10202,306.25,86.25,86.25,0.0,5,3.646596501128172
10203,308.75,86.25,86.25,0.0,5,3.6392569645788555
10204,311.25,86.25,86.25,0.0,5,3.6332381535120075
10205,313.75,86.25,86.25,0.0,5,3.6281230658940142
10206,316.25,86.25,86.25,0.0,5,3.6250666486413667
10207,318.75,86.25,86.25,0.0,5,3.6237517866450375
10208,321.25,86.25,86.25,0.0,5,3.623833741099561
10209,323.75,86.25,86.25,0.0,5,3.6252459606496914
10210,326.25,86.25,86.25,0.0,5,3.6290486203938475
10211,328.75,86.25,86.25,0.0,5,3.6352404169860817
10212,331.25,86.25,86.25,0.0,5,3.6417925019996926
10213,333.75,86.25,86.25,0.0,5,3.6492419346589546
10214,336.25,86.25,86.25,0.0,5,3.6564359126887274
10215,338.75,86.25,86.25,0.0,5,3.662120952658905
10216,341.25,86.25,86.25,0.0,5,3.6676011014474685
10217,343.75,86.25,86.25,0.0,5,3.672547917540088
10218,346.25,86.25,86.25,0.0,5,3.6773860056790943
10219,348.75,86.25,86.25,0.0,5,3.6825729541961754
10220,351.25,86.25,86.25,0.0,5,3.686828214639341
10221,353.75,86.25,86.25,0.0,5,3.6897992788306397
10222,356.25,86.25,86.25,0.0,5,3.692713721625438
10223,358.75,86.25,86.25,0.0,5,3.6945920527833502
10224,1.25,88.75,88.75,0.0,5,3.85601537164196
10225,3.75,88.75,88.75,0.0,5,3.8595571795677133
10226,6.25,88.75,88.75,0.0,5,3.8633007146051845
10227,8.75,88.75,88.75,0.0,5,3.867118338870821
10228,11.25,88.75,88.75,0.0,5,3.8718239513262165
10229,13.75,88.75,88.75,0.0,5,3.8766105277332024
10230,16.25,88.75,88.75,0.0,5,3.8813714563335098
10231,18.75,88.75,88.75,0.0,5,3.8868114753183254
10232,21.25,88.75,88.75,0.0,5,3.8927712998070274
10233,23.75,88.75,88.75,0.0,5,3.8983364993223137
10234,26.25,88.75,88.75,0.0,5,3.9044999255311557
10235,28.75,88.75,88.75,0.0,5,3.9110100842928945
10236,31.25,88.75,88.75,0.0,5,3.9171820022498194
10237,33.75,88.75,88.75,0.0,5,3.924227060919857
10238,36.25,88.75,88.75,0.0,5,3.931191393234551
10239,38.75,88.75,88.75,0.0,5,3.937668237408083
10240,41.25,88.75,88.75,0.0,5,3.9450329056104847
10241,43.75,88.75,88.75,0.0,5,3.953114588627375
10242,46.25,88.75,88.75,0.0,5,3.9604480138757694
10243,48.75,88.75,88.75,0.0,5,3.9683409528077704
10244,51.25,88.75,88.75,0.0,5,3.9764919134581285
10245,53.75,88.75,88.75,0.0,5,3.984298614508538
10246,56.25,88.75,88.75,0.0,5,3.992205578381972
10247,58.75,88.75,88.75,0.0,5,3.999762653419869
10248,61.25,88.75,88.75,0.0,5,4.00728665036078
10249,63.75,88.75,88.75,0.0,5,4.016242417908328
10250,66.25,88.75,88.75,0.0,5,4.02423880910485
10251,68.75,88.75,88.75,0.0,5,4.0307864812439895
10252,71.25,88.75,88.75,0.0,5,4.0392272086045535
10253,73.75,88.75,88.75,0.0,5,4.046153797801238
10254,76.25,88.75,88.75,0.0,5,4.050858859250553
10255,78.75,88.75,88.75,0.0,5,4.056957709785919
10256,81.25,88.75,88.75,0.0,5,4.069035217327113
10257,83.75,88.75,88.75,0.0,5,4.07379701054438
10258,86.25,88.75,88.75,0.0,5,4.077814639960146
10259,88.75,88.75,88.75,0.0,5,4.082166458944946
10260,91.25,88.75,88.75,0.0,5,4.087210724067651
10261,93.75,88.75,88.75,0.0,5,4.091613077858964
10262,96.25,88.75,88.75,0.0,5,4.095425521324374
10263,98.75,88.75,88.75,0.0,5,4.09909759114802
10264,101.25,88.75,88.75,0.0,5,4.103000636153902
10265,103.75,88.75,88.75,0.0,5,4.106041826888295
10266,106.25,88.75,88.75,0.0,5,4.108012675621916
10267,108.75,88.75,88.75,0.0,5,4.109701157378206
10268,111.25,88.75,88.75,0.0,5,4.110826934142939
10269,113.75,88.75,88.75,0.0,5,4.11129077100741
10270,116.25,88.75,88.75,0.0,5,4.111511589051498
10271,118.75,88.75,88.75,0.0,5,4.111138575185465
10272,121.25,88.75,88.75,0.0,5,4.110100158534343
10273,123.75,88.75,88.75,0.0,5,4.108531884007646
10274,126.25,88.75,88.75,0.0,5,4.106417858383953
10275,128.75,88.75,88.75,0.0,5,4.103703206244945
10276,131.25,88.75,88.75,0.0,5,4.100292024837121
10277,133.75,88.75,88.75,0.0,5,4.096395995128489
10278,136.25,88.75,88.75,0.0,5,4.092504573470519
10279,138.75,88.75,88.75,0.0,5,4.088076005233457
10280,141.25,88.75,88.75,0.0,5,4.0831003341945475
10281,143.75,88.75,88.75,0.0,5,4.078510839708433
10282,146.25,88.75,88.75,0.0,5,4.073573200005128
10283,148.75,88.75,88.75,0.0,5,4.068403608252088
10284,151.25,88.75,88.75,0.0,5,4.063642681404997
10285,153.75,88.75,88.75,0.0,5,4.058115248542765
10286,156.25,88.75,88.75,0.0,5,4.05225476821626
10287,158.75,88.75,88.75,0.0,5,4.047105856009267
10288,161.25,88.75,88.75,0.0,5,4.041001928719691
10289,163.75,88.75,88.75,0.0,5,4.034824976431837
10290,166.25,88.75,88.75,0.0,5,4.0292365683847615
10291,168.75,88.75,88.75,0.0,5,4.0237227201375445
10292,171.25,88.75,88.75,0.0,5,4.015993029217096
10293,173.75,88.75,88.75,0.0,5,4.011239428834402
10294,176.25,88.75,88.75,0.0,5,4.005378084239999
10295,178.75,88.75,88.75,0.0,5,3.999570308146014
10296,181.25,88.75,88.75,0.0,5,3.994425199211979
10297,183.75,88.75,88.75,0.0,5,3.9890423935617525
10298,186.25,88.75,88.75,0.0,5,3.9836608959369992
10299,188.75,88.75,88.75,0.0,5,3.9791637912795523
10300,191.25,88.75,88.75,0.0,5,3.974400448329006
10301,193.75,88.75,88.75,0.0,5,3.9700885532274826
10302,196.25,88.75,88.75,0.0,5,3.9663102767998564
10303,198.75,88.75,88.75,0.0,5,3.9626831147111043
10304,201.25,88.75,88.75,0.0,5,3.959116145341411
10305,203.75,88.75,88.75,0.0,5,3.9563289298817175
10306,206.25,88.75,88.75,0.0,5,3.9537699029076796
10307,208.75,88.75,88.75,0.0,5,3.951376545065428
10308,211.25,88.75,88.75,0.0,5,3.9490813439397474
10309,213.75,88.75,88.75,0.0,5,3.946896264459476
10310,216.25,88.75,88.75,0.0,5,3.944705481856112
10311,218.75,88.75,88.75,0.0,5,3.942919012406217
10312,221.25,88.75,88.75,0.0,5,3.9411121388678345
10313,223.75,88.75,88.75,0.0,5,3.9393597057148764
10314,226.25,88.75,88.75,0.0,5,3.9380380928016963
10315,228.75,88.75,88.75,0.0,5,3.93646947755636
10316,231.25,88.75,88.75,0.0,5,3.934698716614948
10317,233.75,88.75,88.75,0.0,5,3.932909467791282
10318,236.25,88.75,88.75,0.0,5,3.930601753808515
10319,238.75,88.75,88.75,0.0,5,3.9286433808510295
10320,241.25,88.75,88.75,0.0,5,3.926853831520939
10321,243.75,88.75,88.75,0.0,5,3.9246629286689214
10322,246.25,88.75,88.75,0.0,5,3.922201311414324
10323,248.75,88.75,88.75,0.0,5,3.919630303779708
10324,251.25,88.75,88.75,0.0,5,3.9166821149104987
10325,253.75,88.75,88.75,0.0,5,3.9137785956836106
10326,256.25,88.75,88.75,0.0,5,3.911138005974056
10327,258.75,88.75,88.75,0.0,5,3.90788793905957
10328,261.25,88.75,88.75,0.0,5,3.902817041746086
10329,263.75,88.75,88.75,0.0,5,3.899778082700809
10330,266.25,88.75,88.75,0.0,5,3.8966956451871897
10331,268.75,88.75,88.75,0.0,5,3.893134068328739
10332,271.25,88.75,88.75,0.0,5,3.8893384612030717
10333,273.75,88.75,88.75,0.0,5,3.8859680266500365
10334,276.25,88.75,88.75,0.0,5,3.882698835888544
10335,278.75,88.75,88.75,0.0,5,3.878990501077337
10336,281.25,88.75,88.75,0.0,5,3.875056119898992
10337,283.75,88.75,88.75,0.0,5,3.8719231628913793
10338,286.25,88.75,88.75,0.0,5,3.869454731648184
10339,288.75,88.75,88.75,0.0,5,3.8663943087546846
10340,291.25,88.75,88.75,0.0,5,3.863041620087061
10341,293.75,88.75,88.75,0.0,5,3.860354287230682
10342,296.25,88.75,88.75,0.0,5,3.8576581344828513
10343,298.75,88.75,88.75,0.0,5,3.8550579920274117
10344,301.25,88.75,88.75,0.0,5,3.8524706661463126
10345,303.75,88.75,88.75,0.0,5,3.8500961386856556
10346,306.25,88.75,88.75,0.0,5,3.84780522950225
10347,308.75,88.75,88.75,0.0,5,3.8456477671943716
10348,311.25,88.75,88.75,0.0,5,3.8434767028565333
10349,313.75,88.75,88.75,0.0,5,3.841689314481909
10350,316.25,88.75,88.75,0.0,5,3.8402672176058457
10351,318.75,88.75,88.75,0.0,5,3.8389799303958396
10352,321.25,88.75,88.75,0.0,5,3.8377000199039375
10353,323.75,88.75,88.75,0.0,5,3.8369658643854283
10354,326.25,88.75,88.75,0.0,5,3.83628094493724
10355,328.75,88.75,88.75,0.0,5,3.8356083625965796
10356,331.25,88.75,88.75,0.0,5,3.835176705572439
10357,333.75,88.75,88.75,0.0,5,3.8350331942790983
10358,336.25,88.75,88.75,0.0,5,3.8353787856639574
10359,338.75,88.75,88.75,0.0,5,3.835880060862421
10360,341.25,88.75,88.75,0.0,5,3.8368244559913256
10361,343.75,88.75,88.75,0.0,5,3.8383071940490603
10362,346.25,88.75,88.75,0.0,5,3.8400542219832596
10363,348.75,88.75,88.75,0.0,5,3.841850730623291
10364,351.25,88.75,88.75,0.0,5,3.844663889684858
10365,353.75,88.75,88.75,0.0,5,3.847146719933312
10366,356.25,88.75,88.75,0.0,5,3.8501191283481804
10367,358.75,88.75,88.75,0.0,5,3.853144241135376
