grid_cell_id,lon,lat,lat_abs,land_fraction,ocean_basin,pr_trend_forced
0,1.25,-88.75,88.75,1.0,0,0.0156822331794885
1,3.75,-88.75,88.75,1.0,0,0.015508314328134968
2,6.25,-88.75,88.75,1.0,0,0.015151998799671057
3,8.75,-88.75,88.75,1.0,0,0.014878604297221062
4,11.25,-88.75,88.75,1.0,0,0.014739533395386788
5,13.75,-88.75,88.75,1.0,0,0.014527176600561359
6,16.25,-88.75,88.75,1.0,0,0.014377516280931806
7,18.75,-88.75,88.75,1.0,0,0.014325153826911803
8,21.25,-88.75,88.75,1.0,0,0.014330167058031492
9,23.75,-88.75,88.75,1.0,0,0.014432653164387747
10,26.25,-88.75,88.75,1.0,0,0.014604662675174485
11,28.75,-88.75,88.75,1.0,0,0.014838279328489466
12,31.25,-88.75,88.75,1.0,0,0.01495429571379321
13,33.75,-88.75,88.75,1.0,0,0.015104132239913184
14,36.25,-88.75,88.75,1.0,0,0.015249812733796287
15,38.75,-88.75,88.75,1.0,0,0.015127318564108913
16,41.25,-88.75,88.75,1.0,0,0.015145141441722626
17,43.75,-88.75,88.75,1.0,0,0.015233851242052648
18,46.25,-88.75,88.75,1.0,0,0.015168645582246374
19,48.75,-88.75,88.75,1.0,0,0.015167777339637669
20,51.25,-88.75,88.75,1.0,0,0.015049798907494003
21,53.75,-88.75,88.75,1.0,0,0.014803954027259003
22,56.25,-88.75,88.75,1.0,0,0.014789781001136551
23,58.75,-88.75,88.75,1.0,0,0.01468085332266669
24,61.25,-88.75,88.75,1.0,0,0.014428361661462021
25,63.75,-88.75,88.75,1.0,0,0.01429658311676506
26,66.25,-88.75,88.75,1.0,0,0.01421886290960465
27,68.75,-88.75,88.75,1.0,0,0.014139107645003292
28,71.25,-88.75,88.75,1.0,0,0.013921485270264579
29,73.75,-88.75,88.75,1.0,0,0.013794887441912483
30,76.25,-88.75,88.75,1.0,0,0.013856952156371907
31,78.75,-88.75,88.75,1.0,0,0.013842634649632445
32,81.25,-88.75,88.75,1.0,0,0.013736537209767597
33,83.75,-88.75,88.75,1.0,0,0.013781547438147492
34,86.25,-88.75,88.75,1.0,0,0.01391304089989135
35,88.75,-88.75,88.75,1.0,0,0.01395452145516084
36,91.25,-88.75,88.75,1.0,0,0.014140608723953596
37,93.75,-88.75,88.75,1.0,0,0.01441858821451842
38,96.25,-88.75,88.75,1.0,0,0.014522711486868095
39,98.75,-88.75,88.75,1.0,0,0.014778202073510528
40,101.25,-88.75,88.75,1.0,0,0.014995356853045583
41,103.75,-88.75,88.75,1.0,0,0.015063362220418819
42,106.25,-88.75,88.75,1.0,0,0.01519911642496595
43,108.75,-88.75,88.75,1.0,0,0.015400681181121038
44,111.25,-88.75,88.75,1.0,0,0.015666058921237683
45,113.75,-88.75,88.75,1.0,0,0.0156554267106883
46,116.25,-88.75,88.75,1.0,0,0.015573112889311388
47,118.75,-88.75,88.75,1.0,0,0.0156287047785716
48,121.25,-88.75,88.75,1.0,0,0.015561584032346972
49,123.75,-88.75,88.75,1.0,0,0.015517909013390932
50,126.25,-88.75,88.75,1.0,0,0.01543045974570121
51,128.75,-88.75,88.75,1.0,0,0.015267239787838225
52,131.25,-88.75,88.75,1.0,0,0.014998391811605522
53,133.75,-88.75,88.75,1.0,0,0.014990604876339103
54,136.25,-88.75,88.75,1.0,0,0.015175469753389757
55,138.75,-88.75,88.75,1.0,0,0.014818959026562783
56,141.25,-88.75,88.75,1.0,0,0.014659678406785812
57,143.75,-88.75,88.75,1.0,0,0.014783802671759876
58,146.25,-88.75,88.75,1.0,0,0.014706200254559541
59,148.75,-88.75,88.75,1.0,0,0.015040817826969661
60,151.25,-88.75,88.75,1.0,0,0.01558763032376255
61,153.75,-88.75,88.75,1.0,0,0.016027704475970076
62,156.25,-88.75,88.75,1.0,0,0.016665678892232097
63,158.75,-88.75,88.75,1.0,0,0.01743222886359618
64,161.25,-88.75,88.75,1.0,0,0.01803906400519749
65,163.75,-88.75,88.75,1.0,0,0.018237662381878798
66,166.25,-88.75,88.75,1.0,0,0.018200653509858486
67,168.75,-88.75,88.75,1.0,0,0.019038391473219764
68,171.25,-88.75,88.75,1.0,0,0.02071313883520074
69,173.75,-88.75,88.75,1.0,0,0.021279465872320585
70,176.25,-88.75,88.75,1.0,0,0.021131080594007923
71,178.75,-88.75,88.75,1.0,0,0.02174074240120742
72,181.25,-88.75,88.75,1.0,0,0.022591275575872326
73,183.75,-88.75,88.75,1.0,0,0.022569086843649375
74,186.25,-88.75,88.75,1.0,0,0.02193343173576395
75,188.75,-88.75,88.75,1.0,0,0.021328494461712123
76,191.25,-88.75,88.75,1.0,0,0.021032017905531435
77,193.75,-88.75,88.75,1.0,0,0.021056801669867245
78,196.25,-88.75,88.75,1.0,0,0.020754083452898708
79,198.75,-88.75,88.75,1.0,0,0.01975096938764223
80,201.25,-88.75,88.75,1.0,0,0.01856154418905429
81,203.75,-88.75,88.75,1.0,0,0.017684680630371694
82,206.25,-88.75,88.75,1.0,0,0.016841241344044744
83,208.75,-88.75,88.75,1.0,0,0.01616187233720687
84,211.25,-88.75,88.75,1.0,0,0.015578166812809156
85,213.75,-88.75,88.75,1.0,0,0.014665536580968365
86,216.25,-88.75,88.75,1.0,0,0.014243374105901485
87,218.75,-88.75,88.75,1.0,0,0.014298848026704213
88,221.25,-88.75,88.75,1.0,0,0.014177678629737872
89,223.75,-88.75,88.75,1.0,0,0.014151082035204161
90,226.25,-88.75,88.75,1.0,0,0.014366617965833411
91,228.75,-88.75,88.75,1.0,0,0.014802149579397862
92,231.25,-88.75,88.75,1.0,0,0.015368632704574925
93,233.75,-88.75,88.75,1.0,0,0.016233396428996683
94,236.25,-88.75,88.75,1.0,0,0.017109268034045316
95,238.75,-88.75,88.75,1.0,0,0.018024012052619408
96,241.25,-88.75,88.75,1.0,0,0.019039804224990096
97,243.75,-88.75,88.75,1.0,0,0.019914398264628028
98,246.25,-88.75,88.75,1.0,0,0.021051587061957318
99,248.75,-88.75,88.75,1.0,0,0.022239895180458356
100,251.25,-88.75,88.75,1.0,0,0.0233561085901488
101,253.75,-88.75,88.75,1.0,0,0.02422677230284512
102,256.25,-88.75,88.75,1.0,0,0.024692261073072503
103,258.75,-88.75,88.75,1.0,0,0.025236022714695105
104,261.25,-88.75,88.75,1.0,0,0.025635662702158758
105,263.75,-88.75,88.75,1.0,0,0.02558125265333716
106,266.25,-88.75,88.75,1.0,0,0.025439452441802138
107,268.75,-88.75,88.75,1.0,0,0.025113907102434566
108,271.25,-88.75,88.75,1.0,0,0.024467830583728256
109,273.75,-88.75,88.75,1.0,0,0.023938841023588484
110,276.25,-88.75,88.75,1.0,0,0.023663802126233854
111,278.75,-88.75,88.75,1.0,0,0.023394693178842366
112,281.25,-88.75,88.75,1.0,0,0.022935429168910903
113,283.75,-88.75,88.75,1.0,0,0.02241434469674329
114,286.25,-88.75,88.75,1.0,0,0.02188166510245904
115,288.75,-88.75,88.75,1.0,0,0.021290428671131935
116,291.25,-88.75,88.75,1.0,0,0.021026846419687616
117,293.75,-88.75,88.75,1.0,0,0.02107760169078812
118,296.25,-88.75,88.75,1.0,0,0.020957922896572848
119,298.75,-88.75,88.75,1.0,0,0.020833091814036434
120,301.25,-88.75,88.75,1.0,0,0.02081422148720317
121,303.75,-88.75,88.75,1.0,0,0.02071776301215073
122,306.25,-88.75,88.75,1.0,0,0.020759782126018023
123,308.75,-88.75,88.75,1.0,0,0.020903349141159194
124,311.25,-88.75,88.75,1.0,0,0.02095575182419099
125,313.75,-88.75,88.75,1.0,0,0.020908315986943066
126,316.25,-88.75,88.75,1.0,0,0.020759073785932666
127,318.75,-88.75,88.75,1.0,0,0.020619952680481404
128,321.25,-88.75,88.75,1.0,0,0.020334903036047722
129,323.75,-88.75,88.75,1.0,0,0.02010413313852939
130,326.25,-88.75,88.75,1.0,0,0.020151572908543643
131,328.75,-88.75,88.75,1.0,0,0.019838679643910062
132,331.25,-88.75,88.75,1.0,0,0.01945792936638829
133,333.75,-88.75,88.75,1.0,0,0.019066483081893716
134,336.25,-88.75,88.75,1.0,0,0.01865965004793669
135,338.75,-88.75,88.75,1.0,0,0.01846991488485749
136,341.25,-88.75,88.75,1.0,0,0.01813909374930325
137,343.75,-88.75,88.75,1.0,0,0.017836980206636818
138,346.25,-88.75,88.75,1.0,0,0.017580420624616126
139,348.75,-88.75,88.75,1.0,0,0.017181649190768398
140,351.25,-88.75,88.75,1.0,0,0.016719730815337796
141,353.75,-88.75,88.75,1.0,0,0.01643248568171763
142,356.25,-88.75,88.75,1.0,0,0.01607637373757514
143,358.75,-88.75,88.75,1.0,0,0.015771901195021684
144,1.25,-86.25,86.25,1.0,0,0.014686505095030672
145,3.75,-86.25,86.25,1.0,0,0.01389090059602401
146,6.25,-86.25,86.25,1.0,0,0.013336107818173248
147,8.75,-86.25,86.25,1.0,0,0.01274789688562689
148,11.25,-86.25,86.25,1.0,0,0.012149112106937525
149,13.75,-86.25,86.25,1.0,0,0.011818731762242242
150,16.25,-86.25,86.25,1.0,0,0.011635964105118376
151,18.75,-86.25,86.25,1.0,0,0.01146924984704597
152,21.25,-86.25,86.25,1.0,0,0.011369735158455982
153,23.75,-86.25,86.25,1.0,0,0.01149494374120293
154,26.25,-86.25,86.25,1.0,0,0.011687686850692124
155,28.75,-86.25,86.25,1.0,0,0.011930736150255911
156,31.25,-86.25,86.25,1.0,0,0.012081460875500011
157,33.75,-86.25,86.25,1.0,0,0.012143358285936023
158,36.25,-86.25,86.25,1.0,0,0.012137518405696877
159,38.75,-86.25,86.25,1.0,0,0.012015886703649108
160,41.25,-86.25,86.25,1.0,0,0.011875884025673354
161,43.75,-86.25,86.25,1.0,0,0.011609656680468603
162,46.25,-86.25,86.25,1.0,0,0.011345459338659557
163,48.75,-86.25,86.25,1.0,0,0.01098880128408086
164,51.25,-86.25,86.25,1.0,0,0.01058163462731253
165,53.75,-86.25,86.25,1.0,0,0.010290867690916795
166,56.25,-86.25,86.25,1.0,0,0.010090456696265356
167,58.75,-86.25,86.25,1.0,0,0.009933531716118884
168,61.25,-86.25,86.25,1.0,0,0.009841527784608511
169,63.75,-86.25,86.25,1.0,0,0.009886673531388907
170,66.25,-86.25,86.25,1.0,0,0.009994781600766745
171,68.75,-86.25,86.25,1.0,0,0.010110086319332252
172,71.25,-86.25,86.25,1.0,0,0.010264118193703669
173,73.75,-86.25,86.25,1.0,0,0.010513819507286602
174,76.25,-86.25,86.25,1.0,0,0.010733011331126361
175,78.75,-86.25,86.25,1.0,0,0.010945930406602949
176,81.25,-86.25,86.25,1.0,0,0.011224594488127512
177,83.75,-86.25,86.25,1.0,0,0.011546724102035917
178,86.25,-86.25,86.25,1.0,0,0.011816494675587702
179,88.75,-86.25,86.25,1.0,0,0.011913414469751618
180,91.25,-86.25,86.25,1.0,0,0.011927862670084829
181,93.75,-86.25,86.25,1.0,0,0.011925337558918227
182,96.25,-86.25,86.25,1.0,0,0.011917735821116618
183,98.75,-86.25,86.25,1.0,0,0.01192428982563111
184,101.25,-86.25,86.25,1.0,0,0.01189133142379665
185,103.75,-86.25,86.25,1.0,0,0.011876192648271652
186,106.25,-86.25,86.25,1.0,0,0.011904599380843262
187,108.75,-86.25,86.25,1.0,0,0.011889155080206944
188,111.25,-86.25,86.25,1.0,0,0.011855428260361563
189,113.75,-86.25,86.25,1.0,0,0.011772974962732196
190,116.25,-86.25,86.25,1.0,0,0.011749096695617538
191,118.75,-86.25,86.25,1.0,0,0.011743877387200806
192,121.25,-86.25,86.25,1.0,0,0.011714022502261022
193,123.75,-86.25,86.25,1.0,0,0.01168741876915524
194,126.25,-86.25,86.25,1.0,0,0.011514475004745449
195,128.75,-86.25,86.25,1.0,0,0.011230062259337805
196,131.25,-86.25,86.25,1.0,0,0.010801419117925265
197,133.75,-86.25,86.25,1.0,0,0.01034372110379588
198,136.25,-86.25,86.25,1.0,0,0.009867749801234407
199,138.75,-86.25,86.25,1.0,0,0.009227317256231427
200,141.25,-86.25,86.25,1.0,0,0.008504663755662207
201,143.75,-86.25,86.25,1.0,0,0.007736701426309398
202,146.25,-86.25,86.25,1.0,0,0.007090140965123405
203,148.75,-86.25,86.25,1.0,0,0.00670384547593043
204,151.25,-86.25,86.25,1.0,0,0.006529490867711459
205,153.75,-86.25,86.25,1.0,0,0.006664199276385666
206,156.25,-86.25,86.25,1.0,0,0.007048101844164532
207,158.75,-86.25,86.25,1.0,0,0.0076640838711913625
208,161.25,-86.25,86.25,1.0,0,0.008155820936537975
209,163.75,-86.25,86.25,1.0,0,0.009194355508779636
210,166.25,-86.25,86.25,1.0,0,0.010455085880300934
211,168.75,-86.25,86.25,1.0,0,0.011530024923062408
212,171.25,-86.25,86.25,1.0,0,0.013188254397776626
213,173.75,-86.25,86.25,1.0,0,0.0148970090346777
214,176.25,-86.25,86.25,1.0,0,0.017089592083032144
215,178.75,-86.25,86.25,1.0,0,0.020223263510696494
216,181.25,-86.25,86.25,1.0,0,0.021799892073863302
217,183.75,-86.25,86.25,1.0,0,0.021527444307413556
218,186.25,-86.25,86.25,1.0,0,0.023278593789679235
219,188.75,-86.25,86.25,1.0,0,0.024261864142762903
220,191.25,-86.25,86.25,1.0,0,0.020439192966457635
221,193.75,-86.25,86.25,1.0,0,0.016094827486384425
222,196.25,-86.25,86.25,1.0,0,0.011001843894106566
223,198.75,-86.25,86.25,1.0,0,0.004193179264854143
224,201.25,-86.25,86.25,1.0,0,-0.0005250939431725892
225,203.75,-86.25,86.25,1.0,0,-0.003059884719871967
226,206.25,-86.25,86.25,1.0,0,-0.004968556221765258
227,208.75,-86.25,86.25,1.0,0,-0.006920960077280394
228,211.25,-86.25,86.25,1.0,0,-0.008675160548687923
229,213.75,-86.25,86.25,1.0,0,-0.009325269673694807
230,216.25,-86.25,86.25,1.0,0,-0.009184578859941778
231,218.75,-86.25,86.25,1.0,0,-0.009085581782101301
232,221.25,-86.25,86.25,1.0,0,-0.009012017070790641
233,223.75,-86.25,86.25,1.0,0,-0.009190723462789034
234,226.25,-86.25,86.25,1.0,0,-0.010200837485298004
235,228.75,-86.25,86.25,1.0,0,-0.010423573500117779
236,231.25,-86.25,86.25,1.0,0,-0.008100042800120914
237,233.75,-86.25,86.25,1.0,0,-0.0054333188049017584
238,236.25,-86.25,86.25,1.0,0,-0.002893968966753362
239,238.75,-86.25,86.25,1.0,0,0.00023127422181203427
240,241.25,-86.25,86.25,1.0,0,0.0037599852140055533
241,243.75,-86.25,86.25,1.0,0,0.00801249318991152
242,246.25,-86.25,86.25,1.0,0,0.011874020100955772
243,248.75,-86.25,86.25,1.0,0,0.015842967553054532
244,251.25,-86.25,86.25,1.0,0,0.020770567008549
245,253.75,-86.25,86.25,1.0,0,0.02547163229104337
246,256.25,-86.25,86.25,1.0,0,0.028844547254851634
247,258.75,-86.25,86.25,1.0,0,0.03200114033808215
248,261.25,-86.25,86.25,1.0,0,0.034843689004401365
249,263.75,-86.25,86.25,1.0,0,0.036822878453587275
250,266.25,-86.25,86.25,1.0,0,0.03800948360354061
251,268.75,-86.25,86.25,1.0,0,0.03876454175059758
252,271.25,-86.25,86.25,1.0,0,0.03944306500638213
253,273.75,-86.25,86.25,1.0,0,0.03921162420862965
254,276.25,-86.25,86.25,1.0,0,0.03886930420368264
255,278.75,-86.25,86.25,1.0,0,0.038622041832997854
256,281.25,-86.25,86.25,1.0,0,0.03894156207433413
257,283.75,-86.25,86.25,1.0,0,0.039218108125365025
258,286.25,-86.25,86.25,1.0,0,0.039105970996127386
259,288.75,-86.25,86.25,1.0,0,0.03951996619778116
260,291.25,-86.25,86.25,1.0,0,0.04013308854996662
261,293.75,-86.25,86.25,1.0,0,0.040369572118317716
262,296.25,-86.25,86.25,1.0,0,0.040096521260286046
263,298.75,-86.25,86.25,1.0,0,0.0397686451520993
264,301.25,-86.25,86.25,1.0,0,0.039458329535022846
265,303.75,-86.25,86.25,1.0,0,0.039014819298099156
266,306.25,-86.25,86.25,1.0,0,0.038270281909207546
267,308.75,-86.25,86.25,1.0,0,0.03717759727769198
268,311.25,-86.25,86.25,1.0,0,0.03585025970680057
269,313.75,-86.25,86.25,1.0,0,0.034357843293930976
270,316.25,-86.25,86.25,1.0,0,0.03246310706775127
271,318.75,-86.25,86.25,1.0,0,0.030864992770764266
272,321.25,-86.25,86.25,1.0,0,0.02961262145946537
273,323.75,-86.25,86.25,1.0,0,0.028256211007390987
274,326.25,-86.25,86.25,1.0,0,0.02710983650817612
275,328.75,-86.25,86.25,1.0,0,0.025952769244609483
276,331.25,-86.25,86.25,1.0,0,0.0248279372769373
277,333.75,-86.25,86.25,1.0,0,0.023775510104414997
278,336.25,-86.25,86.25,1.0,0,0.022824656715032834
279,338.75,-86.25,86.25,1.0,0,0.02195020904949197
280,341.25,-86.25,86.25,1.0,0,0.021144617372811918
281,343.75,-86.25,86.25,1.0,0,0.02018695442242246
282,346.25,-86.25,86.25,1.0,0,0.01939165905608502
283,348.75,-86.25,86.25,1.0,0,0.018847903880079776
284,351.25,-86.25,86.25,1.0,0,0.017987038647416118
285,353.75,-86.25,86.25,1.0,0,0.017080128908115905
286,356.25,-86.25,86.25,1.0,0,0.016315433560868054
287,358.75,-86.25,86.25,1.0,0,0.015517968118178807
288,1.25,-83.75,83.75,1.0,0,0.010275917787049253
289,3.75,-83.75,83.75,1.0,0,0.009674892418332845
290,6.25,-83.75,83.75,1.0,0,0.009098389274442058
291,8.75,-83.75,83.75,1.0,0,0.008413109090453404
292,11.25,-83.75,83.75,1.0,0,0.007868555017777073
293,13.75,-83.75,83.75,1.0,0,0.007425360823748308
294,16.25,-83.75,83.75,1.0,0,0.00698517899301584
295,18.75,-83.75,83.75,1.0,0,0.006783269999083807
296,21.25,-83.75,83.75,1.0,0,0.006791918493197571
297,23.75,-83.75,83.75,1.0,0,0.006834605297086866
298,26.25,-83.75,83.75,1.0,0,0.006990148172641996
299,28.75,-83.75,83.75,1.0,0,0.007072885711418705
300,31.25,-83.75,83.75,1.0,0,0.007049041731316316
301,33.75,-83.75,83.75,1.0,0,0.007015835640378564
302,36.25,-83.75,83.75,1.0,0,0.007052551662086155
303,38.75,-83.75,83.75,1.0,0,0.0071470052760793795
304,41.25,-83.75,83.75,1.0,0,0.007261895247361312
305,43.75,-83.75,83.75,1.0,0,0.007387358233307698
306,46.25,-83.75,83.75,1.0,0,0.007400631189541736
307,48.75,-83.75,83.75,1.0,0,0.007398027498738039
308,51.25,-83.75,83.75,1.0,0,0.007432823646896681
309,53.75,-83.75,83.75,1.0,0,0.007370119793520316
310,56.25,-83.75,83.75,1.0,0,0.007328541700349108
311,58.75,-83.75,83.75,1.0,0,0.007353177852736329
312,61.25,-83.75,83.75,1.0,0,0.00739719895408262
313,63.75,-83.75,83.75,1.0,0,0.007452706838983261
314,66.25,-83.75,83.75,1.0,0,0.007523218693478602
315,68.75,-83.75,83.75,1.0,0,0.007527147856392992
316,71.25,-83.75,83.75,1.0,0,0.007498108258194901
317,73.75,-83.75,83.75,1.0,0,0.007526393013198586
318,76.25,-83.75,83.75,1.0,0,0.007569893460771582
319,78.75,-83.75,83.75,1.0,0,0.007645200512317188
320,81.25,-83.75,83.75,1.0,0,0.007745592817402143
321,83.75,-83.75,83.75,1.0,0,0.007837237979587429
322,86.25,-83.75,83.75,1.0,0,0.007867384761848428
323,88.75,-83.75,83.75,1.0,0,0.007950232968305361
324,91.25,-83.75,83.75,1.0,0,0.0081071547463714
325,93.75,-83.75,83.75,1.0,0,0.008217272908595561
326,96.25,-83.75,83.75,1.0,0,0.008339193677797714
327,98.75,-83.75,83.75,1.0,0,0.008423711515700372
328,101.25,-83.75,83.75,1.0,0,0.008464804543269233
329,103.75,-83.75,83.75,1.0,0,0.008489984488157007
330,106.25,-83.75,83.75,1.0,0,0.008427732460085649
331,108.75,-83.75,83.75,1.0,0,0.008279097491531353
332,111.25,-83.75,83.75,1.0,0,0.0080234647426254
333,113.75,-83.75,83.75,1.0,0,0.007724990643828692
334,116.25,-83.75,83.75,1.0,0,0.007485221019127187
335,118.75,-83.75,83.75,1.0,0,0.007302243711919833
336,121.25,-83.75,83.75,1.0,0,0.007224323942036699
337,123.75,-83.75,83.75,1.0,0,0.0071302618076893205
338,126.25,-83.75,83.75,1.0,0,0.0069035540310671065
339,128.75,-83.75,83.75,1.0,0,0.006609818967323164
340,131.25,-83.75,83.75,1.0,0,0.006383613415456235
341,133.75,-83.75,83.75,1.0,0,0.006245751859214358
342,136.25,-83.75,83.75,1.0,0,0.006135013828677257
343,138.75,-83.75,83.75,1.0,0,0.0060819322480190445
344,141.25,-83.75,83.75,1.0,0,0.0058370831912621934
345,143.75,-83.75,83.75,1.0,0,0.00530380254020546
346,146.25,-83.75,83.75,1.0,0,0.004568262034732081
347,148.75,-83.75,83.75,1.0,0,0.0035877950901787876
348,151.25,-83.75,83.75,1.0,0,0.0025289886935521955
349,153.75,-83.75,83.75,1.0,0,0.001632253070036521
350,156.25,-83.75,83.75,1.0,0,-0.00010409095431977587
351,158.75,-83.75,83.75,1.0,0,-0.0014772308843339671
352,161.25,-83.75,83.75,1.0,0,-0.003944611210845892
353,163.75,-83.75,83.75,1.0,0,-0.006187510690498506
354,166.25,-83.75,83.75,1.0,0,-0.007022888172258999
355,168.75,-83.75,83.75,1.0,0,-0.008388291141640511
356,171.25,-83.75,83.75,1.0,0,-0.009762647565575686
357,173.75,-83.75,83.75,1.0,0,-0.010953956479775429
358,176.25,-83.75,83.75,1.0,0,-0.010949479098800237
359,178.75,-83.75,83.75,1.0,0,-0.012395006972702967
360,181.25,-83.75,83.75,1.0,0,-0.013699178084129893
361,183.75,-83.75,83.75,1.0,0,-0.013744461265696655
362,186.25,-83.75,83.75,1.0,0,-0.01404783069724045
363,188.75,-83.75,83.75,1.0,0,-0.014108805109162464
364,191.25,-83.75,83.75,1.0,0,-0.014005239217917348
365,193.75,-83.75,83.75,1.0,0,-0.013787640905951738
366,196.25,-83.75,83.75,1.0,0,-0.013603133354528707
367,198.75,-83.75,83.75,1.0,0,-0.013185133866654474
368,201.25,-83.75,83.75,1.0,0,-0.012649419041718483
369,203.75,-83.75,83.75,1.0,0,-0.011983615810184544
370,206.25,-83.75,83.75,1.0,0,-0.01128857081559831
371,208.75,-83.75,83.75,1.0,0,-0.010968420783969946
372,211.25,-83.75,83.75,1.0,0,-0.010912896107320194
373,213.75,-83.75,83.75,1.0,0,-0.010818454217555255
374,216.25,-83.75,83.75,1.0,0,-0.010926707750280134
375,218.75,-83.75,83.75,1.0,0,-0.01113806700349048
376,221.25,-83.75,83.75,1.0,0,-0.01153558949874953
377,223.75,-83.75,83.75,1.0,0,-0.011918951776928794
378,226.25,-83.75,83.75,1.0,0,-0.01240963253458335
379,228.75,-83.75,83.75,1.0,0,-0.013376934990821246
380,231.25,-83.75,83.75,1.0,0,-0.014240501406638408
381,233.75,-83.75,83.75,1.0,0,-0.014813437166278637
382,236.25,-83.75,83.75,1.0,0,-0.015187922367881737
383,238.75,-83.75,83.75,1.0,0,-0.015971534795212766
384,241.25,-83.75,83.75,1.0,0,-0.016850468057871302
385,243.75,-83.75,83.75,1.0,0,-0.01686114071656607
386,246.25,-83.75,83.75,1.0,0,-0.015917507662150884
387,248.75,-83.75,83.75,1.0,0,-0.012767736844638854
388,251.25,-83.75,83.75,1.0,0,-0.0062942538330550725
389,253.75,-83.75,83.75,1.0,0,0.0024909692953852063
390,256.25,-83.75,83.75,1.0,0,0.01185061508845446
391,258.75,-83.75,83.75,1.0,0,0.021562685653830196
392,261.25,-83.75,83.75,1.0,0,0.031129475106237585
393,263.75,-83.75,83.75,1.0,0,0.04030027230284296
394,266.25,-83.75,83.75,1.0,0,0.048947297422742585
395,268.75,-83.75,83.75,1.0,0,0.05761606262537001
396,271.25,-83.75,83.75,1.0,0,0.0655418606131871
397,273.75,-83.75,83.75,1.0,0,0.07049935500347715
398,276.25,-83.75,83.75,1.0,0,0.0746821060460727
399,278.75,-83.75,83.75,1.0,0,0.07886700629670708
400,281.25,-83.75,83.75,1.0,0,0.08301473159786803
401,283.75,-83.75,83.75,1.0,0,0.08566689107242481
402,286.25,-83.75,83.75,1.0,0,0.0837868312138741
403,288.75,-83.75,83.75,1.0,0,0.07846314557225181
404,291.25,-83.75,83.75,1.0,0,0.06983743442654902
405,293.75,-83.75,83.75,1.0,0,0.05895098557494039
406,296.25,-83.75,83.75,1.0,0,0.04895477640755419
407,298.75,-83.75,83.75,1.0,0,0.04177879945636459
408,301.25,-83.75,83.75,1.0,0,0.038170157103499504
409,303.75,-83.75,83.75,1.0,0,0.03717767875964194
410,306.25,-83.75,83.75,1.0,0,0.03731522720720232
411,308.75,-83.75,83.75,1.0,0,0.037505471738466405
412,311.25,-83.75,83.75,1.0,0,0.0372870897684273
413,313.75,-83.75,83.75,1.0,0,0.03662564421907308
414,316.25,-83.75,83.75,1.0,0,0.03571962284044277
415,318.75,-83.75,83.75,1.0,0,0.034765023859327455
416,321.25,-83.75,83.75,1.0,0,0.03395099877457859
417,323.75,-83.75,83.75,1.0,0,0.03287140641921555
418,326.25,-83.75,83.75,1.0,0,0.030725391164478335
419,328.75,-83.75,83.75,1.0,0,0.02812662199489012
420,331.25,-83.75,83.75,1.0,0,0.026077803631169887
421,333.75,-83.75,83.75,1.0,0,0.024408067068466856
422,336.25,-83.75,83.75,1.0,0,0.022762319634385835
423,338.75,-83.75,83.75,1.0,0,0.020674836679002325
424,341.25,-83.75,83.75,1.0,0,0.018532907341956596
425,343.75,-83.75,83.75,1.0,0,0.016958379687216137
426,346.25,-83.75,83.75,1.0,0,0.01584974447893833
427,348.75,-83.75,83.75,1.0,0,0.0147759007991821
428,351.25,-83.75,83.75,1.0,0,0.013714391273765211
429,353.75,-83.75,83.75,1.0,0,0.012740474361596529
430,356.25,-83.75,83.75,1.0,0,0.011761377214670828
431,358.75,-83.75,83.75,1.0,0,0.01100487354015803
432,1.25,-81.25,81.25,1.0,0,0.008017808355393384
433,3.75,-81.25,81.25,1.0,0,0.007025082333490316
434,6.25,-81.25,81.25,1.0,0,0.006198848010456395
435,8.75,-81.25,81.25,1.0,0,0.005507899802164094
436,11.25,-81.25,81.25,1.0,0,0.0050119567996473645
437,13.75,-81.25,81.25,1.0,0,0.004588886683758516
438,16.25,-81.25,81.25,1.0,0,0.00418048831748545
439,18.75,-81.25,81.25,1.0,0,0.00389902403333812
440,21.25,-81.25,81.25,1.0,0,0.0038453948586439574
441,23.75,-81.25,81.25,1.0,0,0.0038538573244958825
442,26.25,-81.25,81.25,1.0,0,0.003924567317796744
443,28.75,-81.25,81.25,1.0,0,0.003985823758985074
444,31.25,-81.25,81.25,1.0,0,0.004039474485808123
445,33.75,-81.25,81.25,1.0,0,0.004166258424141544
446,36.25,-81.25,81.25,1.0,0,0.004260685339869036
447,38.75,-81.25,81.25,1.0,0,0.004417464772291265
448,41.25,-81.25,81.25,1.0,0,0.004746156314675832
449,43.75,-81.25,81.25,1.0,0,0.0050590161075920485
450,46.25,-81.25,81.25,1.0,0,0.005222964409154863
451,48.75,-81.25,81.25,1.0,0,0.005329347596635778
452,51.25,-81.25,81.25,1.0,0,0.0054724591581298545
453,53.75,-81.25,81.25,1.0,0,0.0056149658496659855
454,56.25,-81.25,81.25,1.0,0,0.005700261230809451
455,58.75,-81.25,81.25,1.0,0,0.00565816042092293
456,61.25,-81.25,81.25,1.0,0,0.0054822781450472756
457,63.75,-81.25,81.25,1.0,0,0.005251750836708162
458,66.25,-81.25,81.25,1.0,0,0.005039001893849119
459,68.75,-81.25,81.25,1.0,0,0.004882680053935947
460,71.25,-81.25,81.25,1.0,0,0.004789094451929037
461,73.75,-81.25,81.25,1.0,0,0.00475280986516082
462,76.25,-81.25,81.25,1.0,0,0.004765223998893454
463,78.75,-81.25,81.25,1.0,0,0.004806531557998807
464,81.25,-81.25,81.25,1.0,0,0.004843720492728068
465,83.75,-81.25,81.25,1.0,0,0.004881986282426404
466,86.25,-81.25,81.25,1.0,0,0.004984239270378046
467,88.75,-81.25,81.25,1.0,0,0.005250273874350475
468,91.25,-81.25,81.25,1.0,0,0.005649472194445228
469,93.75,-81.25,81.25,1.0,0,0.00616341463019172
470,96.25,-81.25,81.25,1.0,0,0.006686436956558573
471,98.75,-81.25,81.25,1.0,0,0.007050327386097662
472,101.25,-81.25,81.25,1.0,0,0.00728642756281116
473,103.75,-81.25,81.25,1.0,0,0.007474591816595989
474,106.25,-81.25,81.25,1.0,0,0.007621365223590703
475,108.75,-81.25,81.25,1.0,0,0.00773839494090808
476,111.25,-81.25,81.25,1.0,0,0.007808076807598548
477,113.75,-81.25,81.25,1.0,0,0.007756422925012134
478,116.25,-81.25,81.25,1.0,0,0.007620592370773016
479,118.75,-81.25,81.25,1.0,0,0.0074970948056825
480,121.25,-81.25,81.25,1.0,0,0.007531223650203873
481,123.75,-81.25,81.25,1.0,0,0.007683084766182847
482,126.25,-81.25,81.25,1.0,0,0.0077847548011090355
483,128.75,-81.25,81.25,1.0,0,0.007841491945132048
484,131.25,-81.25,81.25,1.0,0,0.00787824801148677
485,133.75,-81.25,81.25,1.0,0,0.007873775954283636
486,136.25,-81.25,81.25,1.0,0,0.007904792199993065
487,138.75,-81.25,81.25,1.0,0,0.008094259861500992
488,141.25,-81.25,81.25,1.0,0,0.00821954813760407
489,143.75,-81.25,81.25,1.0,0,0.008204229412476026
490,146.25,-81.25,81.25,1.0,0,0.008246792739835009
491,148.75,-81.25,81.25,1.0,0,0.00833132765369248
492,151.25,-81.25,81.25,1.0,0,0.007243996520184443
493,153.75,-81.25,81.25,1.0,0,0.00509692989946933
494,156.25,-81.25,81.25,1.0,0,0.0011552859924569916
495,158.75,-81.25,81.25,1.0,0,-0.0029625868536655225
496,161.25,-81.25,81.25,1.0,0,-0.007924393549313326
497,163.75,-81.25,81.25,1.0,0,-0.012644202120336
498,166.25,-81.25,81.25,1.0,0,-0.01385826952716774
499,168.75,-81.25,81.25,1.0,0,-0.013925707328711576
500,171.25,-81.25,81.25,1.0,0,-0.013778610790189641
501,173.75,-81.25,81.25,1.0,0,-0.01330894312888599
502,176.25,-81.25,81.25,1.0,0,-0.011882058538729938
503,178.75,-81.25,81.25,1.0,0,-0.010006228586325555
504,181.25,-81.25,81.25,1.0,0,-0.008188118365548266
505,183.75,-81.25,81.25,1.0,0,-0.006373004262171099
506,186.25,-81.25,81.25,1.0,0,-0.004910928564125203
507,188.75,-81.25,81.25,1.0,0,-0.0043318657874647235
508,191.25,-81.25,81.25,1.0,0,-0.003942555642160489
509,193.75,-81.25,81.25,1.0,0,-0.003415336317884987
510,196.25,-81.25,81.25,1.0,0,-0.002740593907943729
511,198.75,-81.25,81.25,1.0,0,-0.0018760341384173958
512,201.25,-81.25,81.25,1.0,0,-0.0011839983648125657
513,203.75,-81.25,81.25,1.0,0,-0.0009013689327882046
514,206.25,-81.25,81.25,1.0,0,-0.0006473985516627977
515,208.75,-81.25,81.25,1.0,0,-0.00040815854264217766
516,211.25,-81.25,81.25,1.0,0,-6.738841215481765e-05
517,213.75,-81.25,81.25,1.0,0,0.00045996015155307785
518,216.25,-81.25,81.25,1.0,0,0.0007341554376151798
519,218.75,-81.25,81.25,1.0,0,0.0008858567142287076
520,221.25,-81.25,81.25,1.0,0,0.0005569753114472458
521,223.75,-81.25,81.25,1.0,0,-7.281500182438836e-05
522,226.25,-81.25,81.25,1.0,0,-0.0006549277099082733
523,228.75,-81.25,81.25,1.0,0,-0.0012783636499682678
524,231.25,-81.25,81.25,1.0,0,-0.0021933691560003343
525,233.75,-81.25,81.25,1.0,0,-0.003178207695528648
526,236.25,-81.25,81.25,1.0,0,-0.003306021438118641
527,238.75,-81.25,81.25,1.0,0,-0.0032811141143483293
528,241.25,-81.25,81.25,1.0,0,-0.0032245808426496214
529,243.75,-81.25,81.25,1.0,0,-0.0028295925231296474
530,246.25,-81.25,81.25,1.0,0,-0.002236315002556784
531,248.75,-81.25,81.25,1.0,0,-0.0016338705121042847
532,251.25,-81.25,81.25,1.0,0,0.00016823920688826952
533,253.75,-81.25,81.25,1.0,0,0.005442302530726043
534,256.25,-81.25,81.25,1.0,0,0.013142199458453822
535,258.75,-81.25,81.25,1.0,0,0.02147606256541019
536,261.25,-81.25,81.25,1.0,0,0.030305395202438103
537,263.75,-81.25,81.25,1.0,0,0.03985275393432724
538,266.25,-81.25,81.25,1.0,0,0.051530190903309986
539,268.75,-81.25,81.25,1.0,0,0.06468080351984028
540,271.25,-81.25,81.25,1.0,0,0.08084336747270328
541,273.75,-81.25,81.25,1.0,0,0.09755371585400952
542,276.25,-81.25,81.25,1.0,0,0.10985761026945277
543,278.75,-81.25,81.25,1.0,0,0.11376451045068
544,281.25,-81.25,81.25,1.0,0,0.1082663401473397
545,283.75,-81.25,81.25,1.0,0,0.09850947115906603
546,286.25,-81.25,81.25,1.0,0,0.08837475801251789
547,288.75,-81.25,81.25,1.0,0,0.07910221712665229
548,291.25,-81.25,81.25,1.0,0,0.06778660322881346
549,293.75,-81.25,81.25,1.0,0,0.055275546013289274
550,296.25,-81.25,81.25,1.0,0,0.04402064636706383
551,298.75,-81.25,81.25,1.0,0,0.035001162396022426
552,301.25,-81.25,81.25,1.0,0,0.028885135368493506
553,303.75,-81.25,81.25,1.0,0,0.025967632023680208
554,306.25,-81.25,81.25,1.0,0,0.02647789773164762
555,308.75,-81.25,81.25,1.0,0,0.02907990900264494
556,311.25,-81.25,81.25,1.0,0,0.031997773471566536
557,313.75,-81.25,81.25,1.0,0,0.034792095812233914
558,316.25,-81.25,81.25,1.0,0,0.035821549755669126
559,318.75,-81.25,81.25,1.0,0,0.03511523592565523
560,321.25,-81.25,81.25,1.0,0,0.03396055944511469
561,323.75,-81.25,81.25,1.0,0,0.03236756302533645
562,326.25,-81.25,81.25,1.0,0,0.030079138339623945
563,328.75,-81.25,81.25,1.0,0,0.027219301544590853
564,331.25,-81.25,81.25,1.0,0,0.024598616056888976
565,333.75,-81.25,81.25,1.0,0,0.022387918024847256
566,336.25,-81.25,81.25,1.0,0,0.02077416777868785
567,338.75,-81.25,81.25,1.0,0,0.019471335108462995
568,341.25,-81.25,81.25,1.0,0,0.018184746950116775
569,343.75,-81.25,81.25,1.0,0,0.0169256587096318
570,346.25,-81.25,81.25,1.0,0,0.016052125863138873
571,348.75,-81.25,81.25,1.0,0,0.015218978743584754
572,351.25,-81.25,81.25,1.0,0,0.014111836730152559
573,353.75,-81.25,81.25,1.0,0,0.012640343206402076
574,356.25,-81.25,81.25,1.0,0,0.010814649454288481
575,358.75,-81.25,81.25,1.0,0,0.009281190664394265
576,1.25,-78.75,78.75,1.0,0,0.009039062699594164
577,3.75,-78.75,78.75,1.0,0,0.007525934732114994
578,6.25,-78.75,78.75,1.0,0,0.006174037186692131
579,8.75,-78.75,78.75,1.0,0,0.0053126777409090034
580,11.25,-78.75,78.75,1.0,0,0.004738013081338305
581,13.75,-78.75,78.75,1.0,0,0.004450969249132032
582,16.25,-78.75,78.75,1.0,0,0.004484689045586893
583,18.75,-78.75,78.75,1.0,0,0.0045375806186396216
584,21.25,-78.75,78.75,1.0,0,0.0046526112275797485
585,23.75,-78.75,78.75,1.0,0,0.004808301266378612
586,26.25,-78.75,78.75,1.0,0,0.004832569095403579
587,28.75,-78.75,78.75,1.0,0,0.004796291284784867
588,31.25,-78.75,78.75,1.0,0,0.00479904223064577
589,33.75,-78.75,78.75,1.0,0,0.0047544440300985695
590,36.25,-78.75,78.75,1.0,0,0.004872851593752511
591,38.75,-78.75,78.75,1.0,0,0.005145514676420603
592,41.25,-78.75,78.75,1.0,0,0.00536774515537026
593,43.75,-78.75,78.75,1.0,0,0.005644245275927726
594,46.25,-78.75,78.75,1.0,0,0.005933109683638055
595,48.75,-78.75,78.75,1.0,0,0.006081462087171437
596,51.25,-78.75,78.75,1.0,0,0.006316490263703169
597,53.75,-78.75,78.75,1.0,0,0.006729687062492638
598,56.25,-78.75,78.75,1.0,0,0.007179180910609015
599,58.75,-78.75,78.75,1.0,0,0.007642498821207866
600,61.25,-78.75,78.75,1.0,0,0.007876846656593087
601,63.75,-78.75,78.75,1.0,0,0.007684947269245886
602,66.25,-78.75,78.75,1.0,0,0.007054283686562914
603,68.75,-78.75,78.75,1.0,0,0.006185857196093807
604,71.25,-78.75,78.75,1.0,0,0.005313476049801361
605,73.75,-78.75,78.75,1.0,0,0.004663700844802899
606,76.25,-78.75,78.75,1.0,0,0.0042568700077411014
607,78.75,-78.75,78.75,1.0,0,0.003964632577503871
608,81.25,-78.75,78.75,1.0,0,0.0036790315033475834
609,83.75,-78.75,78.75,1.0,0,0.003496961400235589
610,86.25,-78.75,78.75,1.0,0,0.0035962087385964436
611,88.75,-78.75,78.75,1.0,0,0.0038453150581472238
612,91.25,-78.75,78.75,1.0,0,0.004243659022884383
613,93.75,-78.75,78.75,1.0,0,0.004810351665375018
614,96.25,-78.75,78.75,1.0,0,0.005331179807835242
615,98.75,-78.75,78.75,1.0,0,0.00565510404424294
616,101.25,-78.75,78.75,1.0,0,0.005839203996966178
617,103.75,-78.75,78.75,1.0,0,0.006026721246164199
618,106.25,-78.75,78.75,1.0,0,0.006180627744674783
619,108.75,-78.75,78.75,1.0,0,0.006317182861071305
620,111.25,-78.75,78.75,1.0,0,0.006522175989274242
621,113.75,-78.75,78.75,1.0,0,0.0067450098306107865
622,116.25,-78.75,78.75,1.0,0,0.006930567577197645
623,118.75,-78.75,78.75,1.0,0,0.007091127801067985
624,121.25,-78.75,78.75,1.0,0,0.007313231400147372
625,123.75,-78.75,78.75,1.0,0,0.007555717139825565
626,126.25,-78.75,78.75,1.0,0,0.007707380841392409
627,128.75,-78.75,78.75,1.0,0,0.007826926292224217
628,131.25,-78.75,78.75,1.0,0,0.00789245193179746
629,133.75,-78.75,78.75,1.0,0,0.007888545688226476
630,136.25,-78.75,78.75,1.0,0,0.00796253378991141
631,138.75,-78.75,78.75,1.0,0,0.008139723277768813
632,141.25,-78.75,78.75,1.0,0,0.008363529369344078
633,143.75,-78.75,78.75,1.0,0,0.008557166780496386
634,146.25,-78.75,78.75,1.0,0,0.008654879085546937
635,148.75,-78.75,78.75,1.0,0,0.008658936056409407
636,151.25,-78.75,78.75,1.0,0,0.008064923758451012
637,153.75,-78.75,78.75,1.0,0,0.005840457535505693
638,156.25,-78.75,78.75,1.0,0,0.002390295266212237
639,158.75,-78.75,78.75,1.0,0,-0.00154206836504911
640,161.25,-78.75,78.75,1.0,0,-0.006664855873621659
641,163.75,-78.75,78.75,1.0,0,-0.011166134662092002
642,166.25,-78.75,78.75,1.0,0,-0.014692350679440096
643,168.75,-78.75,78.75,1.0,0,-0.017188515964107014
644,171.25,-78.75,78.75,1.0,0,-0.015730830435815312
645,173.75,-78.75,78.75,1.0,0,-0.011578959829418421
646,176.25,-78.75,78.75,1.0,0,-0.007540804396139147
647,178.75,-78.75,78.75,1.0,0,-0.00507958952658233
648,181.25,-78.75,78.75,1.0,0,-0.00454818221358367
649,183.75,-78.75,78.75,1.0,0,-0.004069432416518893
650,186.25,-78.75,78.75,1.0,0,-0.00259030431946912
651,188.75,-78.75,78.75,1.0,0,-0.0009343806844718389
652,191.25,-78.75,78.75,1.0,0,0.0009720486069148706
653,193.75,-78.75,78.75,1.0,0,0.0027136199261261437
654,196.25,-78.75,78.75,1.0,0,0.0030738210707322937
655,198.75,-78.75,78.75,1.0,0,0.0021984146965817928
656,201.25,-78.75,78.75,1.0,0,0.000965536664614054
657,203.75,-78.75,78.75,1.0,0,0.0011652643130400614
658,206.25,-78.75,78.75,1.0,0,0.0034307633732514934
659,208.75,-78.75,78.75,1.0,0,0.006740303457108055
660,211.25,-78.75,78.75,1.0,0,0.009907261382840161
661,213.75,-78.75,78.75,1.0,0,0.011849637802854682
662,216.25,-78.75,78.75,1.0,0,0.012568170058356719
663,218.75,-78.75,78.75,1.0,0,0.012845961890665364
664,221.25,-78.75,78.75,1.0,0,0.013875965418393565
665,223.75,-78.75,78.75,1.0,0,0.014573862568489932
666,226.25,-78.75,78.75,1.0,0,0.014326180771689342
667,228.75,-78.75,78.75,1.0,0,0.015689033271054368
668,231.25,-78.75,78.75,1.0,0,0.018846161636852165
669,233.75,-78.75,78.75,1.0,0,0.021728429323321204
670,236.25,-78.75,78.75,1.0,0,0.023656816440740986
671,238.75,-78.75,78.75,1.0,0,0.025624659640497406
672,241.25,-78.75,78.75,1.0,0,0.02802439915106621
673,243.75,-78.75,78.75,1.0,0,0.030125726743241
674,246.25,-78.75,78.75,1.0,0,0.031106535344851326
675,248.75,-78.75,78.75,1.0,0,0.03070794289205965
676,251.25,-78.75,78.75,1.0,0,0.029824274893311162
677,253.75,-78.75,78.75,1.0,0,0.02992182355203042
678,256.25,-78.75,78.75,1.0,0,0.030872891189146684
679,258.75,-78.75,78.75,1.0,0,0.03187293190276828
680,261.25,-78.75,78.75,1.0,0,0.033743860398656914
681,263.75,-78.75,78.75,1.0,0,0.038508176516801294
682,266.25,-78.75,78.75,1.0,0,0.05052610491290914
683,268.75,-78.75,78.75,1.0,0,0.06841072703688872
684,271.25,-78.75,78.75,1.0,0,0.09578091483300755
685,273.75,-78.75,78.75,1.0,0,0.12556327819352842
686,276.25,-78.75,78.75,1.0,0,0.14719421606560887
687,278.75,-78.75,78.75,1.0,0,0.14982276116832763
688,281.25,-78.75,78.75,1.0,0,0.12765234707747108
689,283.75,-78.75,78.75,1.0,0,0.10146411599618858
690,286.25,-78.75,78.75,1.0,0,0.08266743940310142
691,288.75,-78.75,78.75,1.0,0,0.0702621544574229
692,291.25,-78.75,78.75,1.0,0,0.061466796410521767
693,293.75,-78.75,78.75,1.0,0,0.05416723848245359
694,296.25,-78.75,78.75,1.0,0,0.04797506587481422
695,298.75,-78.75,78.75,1.0,0,0.04280350067974453
696,301.25,-78.75,78.75,1.0,0,0.03763554074004058
697,303.75,-78.75,78.75,1.0,0,0.0326382390513963
698,306.25,-78.75,78.75,1.0,0,0.030403866420417616
699,308.75,-78.75,78.75,1.0,0,0.032740601109501326
700,311.25,-78.75,78.75,1.0,0,0.03831214100900178
701,313.75,-78.75,78.75,1.0,0,0.04351853477167273
702,316.25,-78.75,78.75,1.0,0,0.044438376358666945
703,318.75,-78.75,78.75,1.0,0,0.04060269091865775
704,321.25,-78.75,78.75,1.0,0,0.0360727643388473
705,323.75,-78.75,78.75,1.0,0,0.0342060685074595
706,326.25,-78.75,78.75,1.0,0,0.03529449503928745
707,328.75,-78.75,78.75,1.0,0,0.03843238165085438
708,331.25,-78.75,78.75,1.0,0,0.043136104811567405
709,333.75,-78.75,78.75,1.0,0,0.047622557441680556
710,336.25,-78.75,78.75,1.0,0,0.04922143358784453
711,338.75,-78.75,78.75,1.0,0,0.04704810704057145
712,341.25,-78.75,78.75,1.0,0,0.040990094219084755
713,343.75,-78.75,78.75,1.0,0,0.03268991039842587
714,346.25,-78.75,78.75,1.0,0,0.025878710181375213
715,348.75,-78.75,78.75,1.0,0,0.02139257187364138
716,351.25,-78.75,78.75,1.0,0,0.018022473132784076
717,353.75,-78.75,78.75,1.0,0,0.015243927753640302
718,356.25,-78.75,78.75,1.0,0,0.012792754845300059
719,358.75,-78.75,78.75,1.0,0,0.010726329100602304
720,1.25,-76.25,76.25,1.0,0,0.01007522258795511
721,3.75,-76.25,76.25,1.0,0,0.008328748570682273
722,6.25,-76.25,76.25,1.0,0,0.007242231412283012
723,8.75,-76.25,76.25,1.0,0,0.0067567328813191475
724,11.25,-76.25,76.25,1.0,0,0.006652193811866332
725,13.75,-76.25,76.25,1.0,0,0.0067090394562700625
726,16.25,-76.25,76.25,1.0,0,0.006723515127979187
727,18.75,-76.25,76.25,1.0,0,0.006776014734495276
728,21.25,-76.25,76.25,1.0,0,0.007158253083468204
729,23.75,-76.25,76.25,1.0,0,0.008027210896462088
730,26.25,-76.25,76.25,1.0,0,0.009008914401351039
731,28.75,-76.25,76.25,1.0,0,0.009601841777366575
732,31.25,-76.25,76.25,1.0,0,0.00967410658928242
733,33.75,-76.25,76.25,1.0,0,0.009425501959217023
734,36.25,-76.25,76.25,1.0,0,0.00922448768370419
735,38.75,-76.25,76.25,1.0,0,0.00924816398049899
736,41.25,-76.25,76.25,1.0,0,0.00950952909545475
737,43.75,-76.25,76.25,1.0,0,0.009899783708751839
738,46.25,-76.25,76.25,1.0,0,0.010349518255682378
739,48.75,-76.25,76.25,1.0,0,0.010766400580381337
740,51.25,-76.25,76.25,1.0,0,0.011372348454460175
741,53.75,-76.25,76.25,1.0,0,0.01243674376312301
742,56.25,-76.25,76.25,1.0,0,0.014039300485507817
743,58.75,-76.25,76.25,1.0,0,0.01567413472196679
744,61.25,-76.25,76.25,1.0,0,0.015883510318735958
745,63.75,-76.25,76.25,1.0,0,0.014561916215378144
746,66.25,-76.25,76.25,1.0,0,0.013397617562870747
747,68.75,-76.25,76.25,1.0,0,0.01279494651618697
748,71.25,-76.25,76.25,1.0,0,0.011629417792567103
749,73.75,-76.25,76.25,1.0,0,0.00968960846528563
750,76.25,-76.25,76.25,1.0,0,0.007960563358880323
751,78.75,-76.25,76.25,1.0,0,0.006645299020993417
752,81.25,-76.25,76.25,1.0,0,0.0055847764351056916
753,83.75,-76.25,76.25,1.0,0,0.004897137033399757
754,86.25,-76.25,76.25,1.0,0,0.0045027668441022795
755,88.75,-76.25,76.25,1.0,0,0.004365583142861504
756,91.25,-76.25,76.25,1.0,0,0.004536909162929091
757,93.75,-76.25,76.25,1.0,0,0.004982938378691613
758,96.25,-76.25,76.25,1.0,0,0.0054698512724693435
759,98.75,-76.25,76.25,1.0,0,0.005905255830069375
760,101.25,-76.25,76.25,1.0,0,0.006054356825015918
761,103.75,-76.25,76.25,1.0,0,0.00585607485617743
762,106.25,-76.25,76.25,1.0,0,0.005546235928221994
763,108.75,-76.25,76.25,1.0,0,0.005233418388931736
764,111.25,-76.25,76.25,1.0,0,0.005028173620571262
765,113.75,-76.25,76.25,1.0,0,0.004968528230362934
766,116.25,-76.25,76.25,1.0,0,0.004893069020768735
767,118.75,-76.25,76.25,1.0,0,0.004846570108140707
768,121.25,-76.25,76.25,1.0,0,0.0050308124046595844
769,123.75,-76.25,76.25,1.0,0,0.005513162228556325
770,126.25,-76.25,76.25,1.0,0,0.005997372139533822
771,128.75,-76.25,76.25,1.0,0,0.006354980975140863
772,131.25,-76.25,76.25,1.0,0,0.006675810090714073
773,133.75,-76.25,76.25,1.0,0,0.006926818000822761
774,136.25,-76.25,76.25,1.0,0,0.007102498176672467
775,138.75,-76.25,76.25,1.0,0,0.007069240917222115
776,141.25,-76.25,76.25,1.0,0,0.00691003337733009
777,143.75,-76.25,76.25,1.0,0,0.006718836653606941
778,146.25,-76.25,76.25,1.0,0,0.006516855164612364
779,148.75,-76.25,76.25,1.0,0,0.006308726212469066
780,151.25,-76.25,76.25,1.0,0,0.006138239359362885
781,153.75,-76.25,76.25,1.0,0,0.005670035496334878
782,156.25,-76.25,76.25,1.0,0,0.003686605373714616
783,158.75,-76.25,76.25,1.0,0,0.00028749923062497277
784,161.25,-76.25,76.25,1.0,0,-0.004717425607054403
785,163.75,-76.25,76.25,0.0,4,-0.011324232977141998
786,166.25,-76.25,76.25,0.0,4,-0.0185432220581354
787,168.75,-76.25,76.25,0.0,4,-0.02322194708264422
788,171.25,-76.25,76.25,0.0,4,-0.022022618910717363
789,173.75,-76.25,76.25,0.0,4,-0.01705961178253395
790,176.25,-76.25,76.25,0.0,4,-0.01077510267916378
791,178.75,-76.25,76.25,0.0,4,-0.006337137772889099
792,181.25,-76.25,76.25,0.0,4,-0.0032294802968564147
793,183.75,-76.25,76.25,0.0,4,0.0019565170999258463
794,186.25,-76.25,76.25,0.0,4,0.008162289848341983
795,188.75,-76.25,76.25,0.0,4,0.013388553020655282
796,191.25,-76.25,76.25,0.0,4,0.016860009716249895
797,193.75,-76.25,76.25,0.0,4,0.018824755902427888
798,196.25,-76.25,76.25,0.0,4,0.019402033153847472
799,198.75,-76.25,76.25,0.0,4,0.018604119485621913
800,201.25,-76.25,76.25,0.0,4,0.015476638856076981
801,203.75,-76.25,76.25,0.0,4,0.01362786338731596
802,206.25,-76.25,76.25,0.0,4,0.015743078717838994
803,208.75,-76.25,76.25,0.0,4,0.02153581486369185
804,211.25,-76.25,76.25,0.0,4,0.03150034489999436
805,213.75,-76.25,76.25,1.0,0,0.04235310151376909
806,216.25,-76.25,76.25,1.0,0,0.050423141825783134
807,218.75,-76.25,76.25,1.0,0,0.05491772880131964
808,221.25,-76.25,76.25,1.0,0,0.05615044551148844
809,223.75,-76.25,76.25,1.0,0,0.05814952386057113
810,226.25,-76.25,76.25,1.0,0,0.062361254592490485
811,228.75,-76.25,76.25,1.0,0,0.0662729062496869
812,231.25,-76.25,76.25,1.0,0,0.06859369395008041
813,233.75,-76.25,76.25,1.0,0,0.06791067369968548
814,236.25,-76.25,76.25,1.0,0,0.06585095211744284
815,238.75,-76.25,76.25,1.0,0,0.0657028176314821
816,241.25,-76.25,76.25,1.0,0,0.06794284702917142
817,243.75,-76.25,76.25,1.0,0,0.07084036379277982
818,246.25,-76.25,76.25,1.0,0,0.07190917115637516
819,248.75,-76.25,76.25,1.0,0,0.06791237177835294
820,251.25,-76.25,76.25,1.0,0,0.058637407355311755
821,253.75,-76.25,76.25,1.0,0,0.046909542674791506
822,256.25,-76.25,76.25,1.0,0,0.03862563537837794
823,258.75,-76.25,76.25,1.0,0,0.03381216719585631
824,261.25,-76.25,76.25,1.0,0,0.029848104942116063
825,263.75,-76.25,76.25,1.0,0,0.0314114841202229
826,266.25,-76.25,76.25,1.0,0,0.04290156114680609
827,268.75,-76.25,76.25,1.0,0,0.06473158680509082
828,271.25,-76.25,76.25,1.0,0,0.09649005579895002
829,273.75,-76.25,76.25,1.0,0,0.12831778656429785
830,276.25,-76.25,76.25,1.0,0,0.14351798615624614
831,278.75,-76.25,76.25,1.0,0,0.1340947741412618
832,281.25,-76.25,76.25,1.0,0,0.10970721160793383
833,283.75,-76.25,76.25,1.0,0,0.08701899589474005
834,286.25,-76.25,76.25,1.0,0,0.07373672656919986
835,288.75,-76.25,76.25,1.0,0,0.07156486999848784
836,291.25,-76.25,76.25,1.0,0,0.07732646933803036
837,293.75,-76.25,76.25,1.0,0,0.08779578108663261
838,296.25,-76.25,76.25,1.0,0,0.09936181170616369
839,298.75,-76.25,76.25,1.0,0,0.09947480847758244
840,301.25,-76.25,76.25,1.0,0,0.08511924861126036
841,303.75,-76.25,76.25,1.0,0,0.07048301054360953
842,306.25,-76.25,76.25,0.0,4,0.06244673836065037
843,308.75,-76.25,76.25,0.0,4,0.05802391858737911
844,311.25,-76.25,76.25,0.0,4,0.055214539965826016
845,313.75,-76.25,76.25,0.0,4,0.05491643522316002
846,316.25,-76.25,76.25,0.0,4,0.05613181979882152
847,318.75,-76.25,76.25,0.0,4,0.05745018468115727
848,321.25,-76.25,76.25,0.0,4,0.05949838981007616
849,323.75,-76.25,76.25,0.0,4,0.06188681967069791
850,326.25,-76.25,76.25,0.0,4,0.06581725744675637
851,328.75,-76.25,76.25,0.0,4,0.07366161261505676
852,331.25,-76.25,76.25,0.0,4,0.08771903253841357
853,333.75,-76.25,76.25,1.0,0,0.10737122559100279
854,336.25,-76.25,76.25,1.0,0,0.12389101200430556
855,338.75,-76.25,76.25,1.0,0,0.12726218012114957
856,341.25,-76.25,76.25,1.0,0,0.1132616576782341
857,343.75,-76.25,76.25,1.0,0,0.08773878731614788
858,346.25,-76.25,76.25,1.0,0,0.06146420366552066
859,348.75,-76.25,76.25,1.0,0,0.041065547077301735
860,351.25,-76.25,76.25,1.0,0,0.027835860205568823
861,353.75,-76.25,76.25,1.0,0,0.019946893399178687
862,356.25,-76.25,76.25,1.0,0,0.015493329812890656
863,358.75,-76.25,76.25,1.0,0,0.012472895783771545
864,1.25,-73.75,73.75,1.0,0,0.046025227364723566
865,3.75,-73.75,73.75,1.0,0,0.032113737570353046
866,6.25,-73.75,73.75,1.0,0,0.02617178931656335
867,8.75,-73.75,73.75,1.0,0,0.023958374894363334
868,11.25,-73.75,73.75,1.0,0,0.023326476442196046
869,13.75,-73.75,73.75,1.0,0,0.02408102690863887
870,16.25,-73.75,73.75,1.0,0,0.026053025169794877
871,18.75,-73.75,73.75,1.0,0,0.02763612083797438
872,21.25,-73.75,73.75,1.0,0,0.02932413778327792
873,23.75,-73.75,73.75,1.0,0,0.03317584613955282
874,26.25,-73.75,73.75,1.0,0,0.037397488286791604
875,28.75,-73.75,73.75,1.0,0,0.03806023702893519
876,31.25,-73.75,73.75,1.0,0,0.03430017628721033
877,33.75,-73.75,73.75,1.0,0,0.02936844682474502
878,36.25,-73.75,73.75,1.0,0,0.025655305955753268
879,38.75,-73.75,73.75,1.0,0,0.02245517178053132
880,41.25,-73.75,73.75,1.0,0,0.019287373771228432
881,43.75,-73.75,73.75,1.0,0,0.017097870336632945
882,46.25,-73.75,73.75,1.0,0,0.016129277503645394
883,48.75,-73.75,73.75,1.0,0,0.016214262780240855
884,51.25,-73.75,73.75,1.0,0,0.017071816405489323
885,53.75,-73.75,73.75,1.0,0,0.01791341637095166
886,56.25,-73.75,73.75,1.0,0,0.019388001484138634
887,58.75,-73.75,73.75,1.0,0,0.022310434686201135
888,61.25,-73.75,73.75,1.0,0,0.024083454998562886
889,63.75,-73.75,73.75,1.0,0,0.024962215873558024
890,66.25,-73.75,73.75,1.0,0,0.027202159234145123
891,68.75,-73.75,73.75,1.0,0,0.028891340304835037
892,71.25,-73.75,73.75,1.0,0,0.026562521246117445
893,73.75,-73.75,73.75,1.0,0,0.02024334846234992
894,76.25,-73.75,73.75,1.0,0,0.014921169327284064
895,78.75,-73.75,73.75,1.0,0,0.01196157316818634
896,81.25,-73.75,73.75,1.0,0,0.009988578858883436
897,83.75,-73.75,73.75,1.0,0,0.008880620939717174
898,86.25,-73.75,73.75,1.0,0,0.00811651279257596
899,88.75,-73.75,73.75,1.0,0,0.007616168466502653
900,91.25,-73.75,73.75,1.0,0,0.00733822781667792
901,93.75,-73.75,73.75,1.0,0,0.007397996673570194
902,96.25,-73.75,73.75,1.0,0,0.007835885938632886
903,98.75,-73.75,73.75,1.0,0,0.008426380283634263
904,101.25,-73.75,73.75,1.0,0,0.008689619566209675
905,103.75,-73.75,73.75,1.0,0,0.008400810395344715
906,106.25,-73.75,73.75,1.0,0,0.007660957610900024
907,108.75,-73.75,73.75,1.0,0,0.006676621703653587
908,111.25,-73.75,73.75,1.0,0,0.005837920784911065
909,113.75,-73.75,73.75,1.0,0,0.005118652760169694
910,116.25,-73.75,73.75,1.0,0,0.004520117404797821
911,118.75,-73.75,73.75,1.0,0,0.0042642187234174685
912,121.25,-73.75,73.75,1.0,0,0.00430971467362694
913,123.75,-73.75,73.75,1.0,0,0.004624686924649153
914,126.25,-73.75,73.75,1.0,0,0.005240550519728408
915,128.75,-73.75,73.75,1.0,0,0.00594438907008791
916,131.25,-73.75,73.75,1.0,0,0.006547307951337429
917,133.75,-73.75,73.75,1.0,0,0.007096400950912977
918,136.25,-73.75,73.75,1.0,0,0.007343627704789916
919,138.75,-73.75,73.75,1.0,0,0.007001590592825451
920,141.25,-73.75,73.75,1.0,0,0.006486133593702577
921,143.75,-73.75,73.75,1.0,0,0.0060875996810388884
922,146.25,-73.75,73.75,1.0,0,0.005724687293348942
923,148.75,-73.75,73.75,1.0,0,0.005489011450045337
924,151.25,-73.75,73.75,1.0,0,0.005732246806995915
925,153.75,-73.75,73.75,1.0,0,0.0062753763494849
926,156.25,-73.75,73.75,1.0,0,0.005524433215980531
927,158.75,-73.75,73.75,1.0,0,0.0030957522869383605
928,161.25,-73.75,73.75,1.0,0,-0.0006484355105094826
929,163.75,-73.75,73.75,1.0,0,-0.005465221095891427
930,166.25,-73.75,73.75,0.0,4,-0.01108786162907194
931,168.75,-73.75,73.75,0.0,4,-0.015386595441844616
932,171.25,-73.75,73.75,0.0,4,-0.01559342958603798
933,173.75,-73.75,73.75,0.0,4,-0.01116213413873909
934,176.25,-73.75,73.75,0.0,4,-0.0036764746202466976
935,178.75,-73.75,73.75,0.0,4,0.005616814281657537
936,181.25,-73.75,73.75,0.0,4,0.01640440453104451
937,183.75,-73.75,73.75,0.0,4,0.025545761475797263
938,186.25,-73.75,73.75,0.0,4,0.03129330246922789
939,188.75,-73.75,73.75,0.0,4,0.034924053823785065
940,191.25,-73.75,73.75,0.0,4,0.03799918273650437
941,193.75,-73.75,73.75,0.0,4,0.04086575193146825
942,196.25,-73.75,73.75,0.0,4,0.04315814530718022
943,198.75,-73.75,73.75,0.0,4,0.04533873177525987
944,201.25,-73.75,73.75,0.0,4,0.046183793221461426
945,203.75,-73.75,73.75,0.0,4,0.045845292943867216
946,206.25,-73.75,73.75,0.0,4,0.04711119108992487
947,208.75,-73.75,73.75,0.0,4,0.051460120300333374
948,211.25,-73.75,73.75,0.0,4,0.05874134870609682
949,213.75,-73.75,73.75,0.0,4,0.06795273575969425
950,216.25,-73.75,73.75,0.0,4,0.07912130544167627
951,218.75,-73.75,73.75,0.0,4,0.089146159956914
952,221.25,-73.75,73.75,0.0,4,0.09509144498435075
953,223.75,-73.75,73.75,0.0,4,0.0970869818396681
954,226.25,-73.75,73.75,0.0,4,0.09900442846554257
955,228.75,-73.75,73.75,0.0,4,0.10234969883308914
956,231.25,-73.75,73.75,0.0,4,0.10203662190300777
957,233.75,-73.75,73.75,1.0,0,0.09679808793172874
958,236.25,-73.75,73.75,0.0,0,0.08992158924084724
959,238.75,-73.75,73.75,0.0,0,0.08354306303019994
960,241.25,-73.75,73.75,0.0,4,0.07632062856490462
961,243.75,-73.75,73.75,0.0,4,0.06759153942841124
962,246.25,-73.75,73.75,0.0,4,0.059169967263048816
963,248.75,-73.75,73.75,0.0,4,0.05045007992708426
964,251.25,-73.75,73.75,0.0,4,0.04050536721190345
965,253.75,-73.75,73.75,0.0,4,0.03441243161375869
966,256.25,-73.75,73.75,0.0,0,0.03608497730730802
967,258.75,-73.75,73.75,1.0,0,0.04063376816321263
968,261.25,-73.75,73.75,1.0,0,0.0442815927241069
969,263.75,-73.75,73.75,1.0,0,0.05039190713192873
970,266.25,-73.75,73.75,1.0,0,0.059392662765888254
971,268.75,-73.75,73.75,1.0,0,0.06870132658037716
972,271.25,-73.75,73.75,1.0,0,0.07856144913484077
973,273.75,-73.75,73.75,1.0,0,0.08863441353926585
974,276.25,-73.75,73.75,0.0,0,0.09309866288834583
975,278.75,-73.75,73.75,0.0,0,0.08978031407117702
976,281.25,-73.75,73.75,1.0,0,0.0828470937693987
977,283.75,-73.75,73.75,1.0,0,0.07517096838020311
978,286.25,-73.75,73.75,1.0,0,0.07148598374459493
979,288.75,-73.75,73.75,1.0,0,0.07160030495379874
980,291.25,-73.75,73.75,1.0,0,0.07207448502552795
981,293.75,-73.75,73.75,1.0,0,0.08483148957359966
982,296.25,-73.75,73.75,1.0,0,0.12211204757167277
983,298.75,-73.75,73.75,1.0,0,0.13936454952059302
984,301.25,-73.75,73.75,0.0,4,0.11364832965774901
985,303.75,-73.75,73.75,0.0,4,0.08833616214588748
986,306.25,-73.75,73.75,0.0,4,0.07903290942489179
987,308.75,-73.75,73.75,0.0,4,0.07411419984845559
988,311.25,-73.75,73.75,0.0,4,0.06924123955191877
989,313.75,-73.75,73.75,0.0,4,0.06718947631187146
990,316.25,-73.75,73.75,0.0,4,0.06814449801305439
991,318.75,-73.75,73.75,0.0,4,0.07092107196914507
992,321.25,-73.75,73.75,0.0,4,0.07508516100831145
993,323.75,-73.75,73.75,0.0,4,0.08007869673664914
994,326.25,-73.75,73.75,0.0,4,0.08644928946962926
995,328.75,-73.75,73.75,0.0,4,0.09465137013001607
996,331.25,-73.75,73.75,0.0,4,0.10563765344273945
997,333.75,-73.75,73.75,0.0,4,0.12185845887832143
998,336.25,-73.75,73.75,0.0,4,0.140701010234598
999,338.75,-73.75,73.75,0.0,4,0.1569136704124691
1000,341.25,-73.75,73.75,1.0,0,0.1643710227919722
1001,343.75,-73.75,73.75,1.0,0,0.15713738697826088
1002,346.25,-73.75,73.75,1.0,0,0.13971166580582867
1003,348.75,-73.75,73.75,1.0,0,0.11965714406365649
1004,351.25,-73.75,73.75,1.0,0,0.10463938087946502
1005,353.75,-73.75,73.75,1.0,0,0.0962123585861678
1006,356.25,-73.75,73.75,1.0,0,0.08614107887640228
1007,358.75,-73.75,73.75,1.0,0,0.06767173054611711
1008,1.25,-71.25,71.25,1.0,0,0.10223657217021075
1009,3.75,-71.25,71.25,1.0,0,0.08368730580966317
1010,6.25,-71.25,71.25,1.0,0,0.0760374421860065
1011,8.75,-71.25,71.25,1.0,0,0.06898517322474362
1012,11.25,-71.25,71.25,1.0,0,0.06372517122267823
1013,13.75,-71.25,71.25,1.0,0,0.06412973001995598
1014,16.25,-71.25,71.25,1.0,0,0.06831069348007561
1015,18.75,-71.25,71.25,1.0,0,0.06754299909151121
1016,21.25,-71.25,71.25,1.0,0,0.06254611078000905
1017,23.75,-71.25,71.25,1.0,0,0.05934942599675258
1018,26.25,-71.25,71.25,1.0,0,0.05583590932466757
1019,28.75,-71.25,71.25,1.0,0,0.05123499528850539
1020,31.25,-71.25,71.25,1.0,0,0.04920937302233195
1021,33.75,-71.25,71.25,1.0,0,0.05638510582425461
1022,36.25,-71.25,71.25,1.0,0,0.06595216238318387
1023,38.75,-71.25,71.25,1.0,0,0.06282306779944921
1024,41.25,-71.25,71.25,1.0,0,0.05282478092015842
1025,43.75,-71.25,71.25,1.0,0,0.04735886924040213
1026,46.25,-71.25,71.25,1.0,0,0.044618563813505506
1027,48.75,-71.25,71.25,1.0,0,0.03842006903417307
1028,51.25,-71.25,71.25,1.0,0,0.02981827726797301
1029,53.75,-71.25,71.25,1.0,0,0.02488612531858242
1030,56.25,-71.25,71.25,1.0,0,0.025880802911431477
1031,58.75,-71.25,71.25,1.0,0,0.03053996757724098
1032,61.25,-71.25,71.25,1.0,0,0.03660308786008857
1033,63.75,-71.25,71.25,1.0,0,0.05248608255437042
1034,66.25,-71.25,71.25,1.0,0,0.06788528845198279
1035,68.75,-71.25,71.25,1.0,0,0.061519201351665595
1036,71.25,-71.25,71.25,1.0,0,0.050763507028997
1037,73.75,-71.25,71.25,1.0,0,0.04735771953433589
1038,76.25,-71.25,71.25,1.0,0,0.044405110657295244
1039,78.75,-71.25,71.25,1.0,0,0.040011833364983596
1040,81.25,-71.25,71.25,1.0,0,0.033922583777369245
1041,83.75,-71.25,71.25,1.0,0,0.0287303223626394
1042,86.25,-71.25,71.25,1.0,0,0.02502893786813274
1043,88.75,-71.25,71.25,1.0,0,0.02236745604683275
1044,91.25,-71.25,71.25,1.0,0,0.020004131771393853
1045,93.75,-71.25,71.25,1.0,0,0.018669025559276412
1046,96.25,-71.25,71.25,1.0,0,0.018487063425575097
1047,98.75,-71.25,71.25,1.0,0,0.018548502832605517
1048,101.25,-71.25,71.25,1.0,0,0.017948315876104237
1049,103.75,-71.25,71.25,1.0,0,0.01624846381475796
1050,106.25,-71.25,71.25,1.0,0,0.013840571226452105
1051,108.75,-71.25,71.25,1.0,0,0.01169228125444908
1052,111.25,-71.25,71.25,1.0,0,0.010445334922471374
1053,113.75,-71.25,71.25,1.0,0,0.010110972807167723
1054,116.25,-71.25,71.25,1.0,0,0.01029507196776994
1055,118.75,-71.25,71.25,1.0,0,0.010707092260371595
1056,121.25,-71.25,71.25,1.0,0,0.011131612837642411
1057,123.75,-71.25,71.25,1.0,0,0.011247983595801819
1058,126.25,-71.25,71.25,1.0,0,0.0112026592988132
1059,128.75,-71.25,71.25,1.0,0,0.01155543956008388
1060,131.25,-71.25,71.25,1.0,0,0.01230725666187757
1061,133.75,-71.25,71.25,1.0,0,0.012709215317813377
1062,136.25,-71.25,71.25,1.0,0,0.012363035124869274
1063,138.75,-71.25,71.25,1.0,0,0.011612086897217475
1064,141.25,-71.25,71.25,1.0,0,0.011282556120567788
1065,143.75,-71.25,71.25,1.0,0,0.011893771427148415
1066,146.25,-71.25,71.25,1.0,0,0.012958931042075596
1067,148.75,-71.25,71.25,1.0,0,0.013842913572147023
1068,151.25,-71.25,71.25,1.0,0,0.01416788081811794
1069,153.75,-71.25,71.25,1.0,0,0.014639381848705226
1070,156.25,-71.25,71.25,1.0,0,0.014929538056262577
1071,158.75,-71.25,71.25,1.0,0,0.014704175146120513
1072,161.25,-71.25,71.25,1.0,0,0.013193468733190168
1073,163.75,-71.25,71.25,1.0,0,0.01034278303862181
1074,166.25,-71.25,71.25,1.0,0,0.010398870583017512
1075,168.75,-71.25,71.25,0.0,4,0.014007986055164817
1076,171.25,-71.25,71.25,0.0,4,0.0170443012560835
1077,173.75,-71.25,71.25,0.0,4,0.02154461544097558
1078,176.25,-71.25,71.25,0.0,4,0.02786933341278397
1079,178.75,-71.25,71.25,0.0,4,0.03451759736908629
1080,181.25,-71.25,71.25,0.0,4,0.04262710986422877
1081,183.75,-71.25,71.25,0.0,4,0.050783978906992266
1082,186.25,-71.25,71.25,0.0,4,0.058506610074818305
1083,188.75,-71.25,71.25,0.0,4,0.06536713399098039
1084,191.25,-71.25,71.25,0.0,4,0.0710813364315955
1085,193.75,-71.25,71.25,0.0,4,0.075992733477584
1086,196.25,-71.25,71.25,0.0,4,0.08051311264532258
1087,198.75,-71.25,71.25,0.0,4,0.08548288611885549
1088,201.25,-71.25,71.25,0.0,4,0.09114323480660799
1089,203.75,-71.25,71.25,0.0,4,0.09441209176091377
1090,206.25,-71.25,71.25,0.0,4,0.09466125711849359
1091,208.75,-71.25,71.25,0.0,4,0.09365792942664035
1092,211.25,-71.25,71.25,0.0,4,0.09248414217087776
1093,213.75,-71.25,71.25,0.0,4,0.0918576246920313
1094,216.25,-71.25,71.25,0.0,4,0.09205578350088511
1095,218.75,-71.25,71.25,0.0,4,0.09274445789866485
1096,221.25,-71.25,71.25,0.0,4,0.09350183785494057
1097,223.75,-71.25,71.25,0.0,4,0.09443874207729364
1098,226.25,-71.25,71.25,0.0,4,0.09603099549584361
1099,228.75,-71.25,71.25,0.0,4,0.0968176194775751
1100,231.25,-71.25,71.25,0.0,4,0.09351049289193027
1101,233.75,-71.25,71.25,0.0,4,0.08864863502606278
1102,236.25,-71.25,71.25,0.0,4,0.08442423575929617
1103,238.75,-71.25,71.25,0.0,4,0.08005525285134951
1104,241.25,-71.25,71.25,0.0,4,0.0755050603874745
1105,243.75,-71.25,71.25,0.0,4,0.07046121977598103
1106,246.25,-71.25,71.25,0.0,4,0.06650940291449073
1107,248.75,-71.25,71.25,0.0,4,0.06373524733585116
1108,251.25,-71.25,71.25,0.0,4,0.06105522282463086
1109,253.75,-71.25,71.25,0.0,4,0.05843116783915949
1110,256.25,-71.25,71.25,0.0,4,0.05773490869299098
1111,258.75,-71.25,71.25,0.0,4,0.05942642003633977
1112,261.25,-71.25,71.25,0.0,4,0.05988409399843143
1113,263.75,-71.25,71.25,0.0,4,0.05926964238115992
1114,266.25,-71.25,71.25,0.0,4,0.060680801996965184
1115,268.75,-71.25,71.25,0.0,4,0.06464353522823894
1116,271.25,-71.25,71.25,0.0,4,0.06831344431945852
1117,273.75,-71.25,71.25,0.0,4,0.06886999210707173
1118,276.25,-71.25,71.25,0.0,4,0.06742665606014454
1119,278.75,-71.25,71.25,0.0,4,0.06511951634268362
1120,281.25,-71.25,71.25,0.0,4,0.06435842462927618
1121,283.75,-71.25,71.25,0.0,4,0.07061738380069194
1122,286.25,-71.25,71.25,1.0,0,0.08339692955593954
1123,288.75,-71.25,71.25,1.0,0,0.1038628142340646
1124,291.25,-71.25,71.25,1.0,0,0.11493946280951711
1125,293.75,-71.25,71.25,1.0,0,0.10811036598874556
1126,296.25,-71.25,71.25,1.0,0,0.11329020464206983
1127,298.75,-71.25,71.25,0.0,4,0.11849828270645833
1128,301.25,-71.25,71.25,0.0,4,0.10252245221988637
1129,303.75,-71.25,71.25,0.0,4,0.08691602362399979
1130,306.25,-71.25,71.25,0.0,4,0.08099910360774651
1131,308.75,-71.25,71.25,0.0,4,0.07798363757836028
1132,311.25,-71.25,71.25,0.0,4,0.07680245488146466
1133,313.75,-71.25,71.25,0.0,4,0.07901344094786583
1134,316.25,-71.25,71.25,0.0,4,0.08294465453769707
1135,318.75,-71.25,71.25,0.0,4,0.0863724233949402
1136,321.25,-71.25,71.25,0.0,4,0.08973846374795454
1137,323.75,-71.25,71.25,0.0,4,0.09265619981500314
1138,326.25,-71.25,71.25,0.0,4,0.09556024778866319
1139,328.75,-71.25,71.25,0.0,4,0.10003388132175477
1140,331.25,-71.25,71.25,0.0,4,0.10497827287694217
1141,333.75,-71.25,71.25,0.0,4,0.11059932975669176
1142,336.25,-71.25,71.25,0.0,4,0.1194787286737662
1143,338.75,-71.25,71.25,0.0,4,0.13240032643283597
1144,341.25,-71.25,71.25,0.0,4,0.1503921501458006
1145,343.75,-71.25,71.25,0.0,4,0.17180172457494503
1146,346.25,-71.25,71.25,0.0,4,0.18729270771399853
1147,348.75,-71.25,71.25,0.0,4,0.1915719475284485
1148,351.25,-71.25,71.25,1.0,0,0.1895025151003567
1149,353.75,-71.25,71.25,1.0,0,0.18422567706585707
1150,356.25,-71.25,71.25,1.0,0,0.16880024221529735
1151,358.75,-71.25,71.25,1.0,0,0.13682252233863149
1152,1.25,-68.75,68.75,0.0,4,0.14050662984361315
1153,3.75,-68.75,68.75,0.0,4,0.12934920424339677
1154,6.25,-68.75,68.75,0.0,4,0.11639113835780365
1155,8.75,-68.75,68.75,0.0,4,0.10366424926741924
1156,11.25,-68.75,68.75,0.0,4,0.09294768155006133
1157,13.75,-68.75,68.75,0.0,4,0.08445063257826046
1158,16.25,-68.75,68.75,0.0,4,0.07753292145637859
1159,18.75,-68.75,68.75,0.0,4,0.07336680881178415
1160,21.25,-68.75,68.75,0.0,4,0.0716933546056938
1161,23.75,-68.75,68.75,0.0,4,0.07153897584995952
1162,26.25,-68.75,68.75,0.0,4,0.07174873221690524
1163,28.75,-68.75,68.75,0.0,4,0.0705766133516315
1164,31.25,-68.75,68.75,0.0,4,0.07002790545997432
1165,33.75,-68.75,68.75,0.0,4,0.08113453077748428
1166,36.25,-68.75,68.75,0.0,4,0.10229576457924924
1167,38.75,-68.75,68.75,0.0,4,0.11426607120294462
1168,41.25,-68.75,68.75,0.0,0,0.11960338521578365
1169,43.75,-68.75,68.75,1.0,0,0.12733936120423978
1170,46.25,-68.75,68.75,1.0,0,0.130346413930859
1171,48.75,-68.75,68.75,1.0,0,0.11800354160697817
1172,51.25,-68.75,68.75,1.0,0,0.10081133589616625
1173,53.75,-68.75,68.75,1.0,0,0.09367409323397459
1174,56.25,-68.75,68.75,1.0,0,0.09373403685091138
1175,58.75,-68.75,68.75,1.0,0,0.093708664058641
1176,61.25,-68.75,68.75,1.0,0,0.0916890996989613
1177,63.75,-68.75,68.75,1.0,0,0.1014037426543107
1178,66.25,-68.75,68.75,1.0,0,0.11311137847375588
1179,68.75,-68.75,68.75,1.0,0,0.10182001096075304
1180,71.25,-68.75,68.75,0.0,4,0.08902520775324715
1181,73.75,-68.75,68.75,0.0,4,0.09248984788096944
1182,76.25,-68.75,68.75,0.0,4,0.10467979090695892
1183,78.75,-68.75,68.75,0.0,0,0.11737097928111268
1184,81.25,-68.75,68.75,1.0,0,0.1205429852302854
1185,83.75,-68.75,68.75,1.0,0,0.11630434964490141
1186,86.25,-68.75,68.75,1.0,0,0.10783324788785575
1187,88.75,-68.75,68.75,1.0,0,0.09691114091735577
1188,91.25,-68.75,68.75,1.0,0,0.08682678873800335
1189,93.75,-68.75,68.75,1.0,0,0.07922113542628302
1190,96.25,-68.75,68.75,1.0,0,0.07357833420865187
1191,98.75,-68.75,68.75,1.0,0,0.06717749827454868
1192,101.25,-68.75,68.75,1.0,0,0.05842956450414737
1193,103.75,-68.75,68.75,1.0,0,0.04946631494082306
1194,106.25,-68.75,68.75,1.0,0,0.043140546797609564
1195,108.75,-68.75,68.75,1.0,0,0.03945650418643713
1196,111.25,-68.75,68.75,1.0,0,0.03664912601097714
1197,113.75,-68.75,68.75,1.0,0,0.03673679443245967
1198,116.25,-68.75,68.75,1.0,0,0.04066655548995562
1199,118.75,-68.75,68.75,1.0,0,0.045848622309117654
1200,121.25,-68.75,68.75,1.0,0,0.0497334389374985
1201,123.75,-68.75,68.75,1.0,0,0.052448108728248
1202,126.25,-68.75,68.75,1.0,0,0.05508279799958499
1203,128.75,-68.75,68.75,1.0,0,0.05640836561843465
1204,131.25,-68.75,68.75,1.0,0,0.054286633357712326
1205,133.75,-68.75,68.75,1.0,0,0.05022760027443126
1206,136.25,-68.75,68.75,1.0,0,0.046491939864576656
1207,138.75,-68.75,68.75,1.0,0,0.044215143845232674
1208,141.25,-68.75,68.75,1.0,0,0.04355343820957909
1209,143.75,-68.75,68.75,1.0,0,0.0428333094704881
1210,146.25,-68.75,68.75,1.0,0,0.042112460670612285
1211,148.75,-68.75,68.75,1.0,0,0.04482505721159283
1212,151.25,-68.75,68.75,1.0,0,0.052872864208255176
1213,153.75,-68.75,68.75,1.0,0,0.06411201209118038
1214,156.25,-68.75,68.75,0.0,4,0.07474772711100129
1215,158.75,-68.75,68.75,0.0,4,0.08115326769116873
1216,161.25,-68.75,68.75,0.0,4,0.0854701247334209
1217,163.75,-68.75,68.75,0.0,4,0.09009377379153516
1218,166.25,-68.75,68.75,0.0,4,0.09201030968405123
1219,168.75,-68.75,68.75,0.0,4,0.08918848820751302
1220,171.25,-68.75,68.75,0.0,4,0.08184536547210675
1221,173.75,-68.75,68.75,0.0,4,0.07553851727084333
1222,176.25,-68.75,68.75,0.0,4,0.07538359351531887
1223,178.75,-68.75,68.75,0.0,4,0.08007067289023932
1224,181.25,-68.75,68.75,0.0,4,0.08653251908930451
1225,183.75,-68.75,68.75,0.0,4,0.09373835280693098
1226,186.25,-68.75,68.75,0.0,4,0.10189163324901632
1227,188.75,-68.75,68.75,0.0,4,0.10835871437737765
1228,191.25,-68.75,68.75,0.0,4,0.11082907014311616
1229,193.75,-68.75,68.75,0.0,4,0.1129388353575001
1230,196.25,-68.75,68.75,0.0,4,0.11691231871380883
1231,198.75,-68.75,68.75,0.0,4,0.12053286669444445
1232,201.25,-68.75,68.75,0.0,4,0.12209852469479972
1233,203.75,-68.75,68.75,0.0,4,0.12082608004537834
1234,206.25,-68.75,68.75,0.0,4,0.11975344232970947
1235,208.75,-68.75,68.75,0.0,4,0.12013457280743618
1236,211.25,-68.75,68.75,0.0,4,0.12045938333346112
1237,213.75,-68.75,68.75,0.0,4,0.11986828746050411
1238,216.25,-68.75,68.75,0.0,4,0.11992468862208787
1239,218.75,-68.75,68.75,0.0,4,0.12083380039932404
1240,221.25,-68.75,68.75,0.0,4,0.11947502454157073
1241,223.75,-68.75,68.75,0.0,4,0.1179611564598623
1242,226.25,-68.75,68.75,0.0,4,0.11937188989123088
1243,228.75,-68.75,68.75,0.0,4,0.12120818266887534
1244,231.25,-68.75,68.75,0.0,4,0.11866375741864524
1245,233.75,-68.75,68.75,0.0,4,0.11192686653630615
1246,236.25,-68.75,68.75,0.0,4,0.10362800864445769
1247,238.75,-68.75,68.75,0.0,4,0.09542535252122929
1248,241.25,-68.75,68.75,0.0,4,0.08917441988262308
1249,243.75,-68.75,68.75,0.0,4,0.08477628541156303
1250,246.25,-68.75,68.75,0.0,4,0.08074197220459002
1251,248.75,-68.75,68.75,0.0,4,0.07639593133105056
1252,251.25,-68.75,68.75,0.0,4,0.0742575703828753
1253,253.75,-68.75,68.75,0.0,4,0.07536947811208018
1254,256.25,-68.75,68.75,0.0,4,0.07662707340814782
1255,258.75,-68.75,68.75,0.0,4,0.07537469881598403
1256,261.25,-68.75,68.75,0.0,4,0.07290869266411341
1257,263.75,-68.75,68.75,0.0,4,0.07069270389796124
1258,266.25,-68.75,68.75,0.0,4,0.07055479229861317
1259,268.75,-68.75,68.75,0.0,4,0.07323380613981907
1260,271.25,-68.75,68.75,0.0,4,0.07633597662448495
1261,273.75,-68.75,68.75,0.0,4,0.07781858386763159
1262,276.25,-68.75,68.75,0.0,4,0.07849432266499728
1263,278.75,-68.75,68.75,0.0,4,0.07786551802101974
1264,281.25,-68.75,68.75,0.0,4,0.07591838262304006
1265,283.75,-68.75,68.75,0.0,4,0.08058389073256307
1266,286.25,-68.75,68.75,0.0,4,0.09415216563274001
1267,288.75,-68.75,68.75,0.0,4,0.12408986108942612
1268,291.25,-68.75,68.75,0.0,4,0.17944262030022975
1269,293.75,-68.75,68.75,1.0,0,0.19296756364187725
1270,296.25,-68.75,68.75,1.0,0,0.14008956210589651
1271,298.75,-68.75,68.75,0.0,4,0.096456406114926
1272,301.25,-68.75,68.75,0.0,4,0.08204809494489744
1273,303.75,-68.75,68.75,0.0,4,0.0782013106392416
1274,306.25,-68.75,68.75,0.0,4,0.07746153885192769
1275,308.75,-68.75,68.75,0.0,4,0.07861160108770288
1276,311.25,-68.75,68.75,0.0,4,0.08416297583712548
1277,313.75,-68.75,68.75,0.0,4,0.0914056312153852
1278,316.25,-68.75,68.75,0.0,4,0.09801121053340844
1279,318.75,-68.75,68.75,0.0,4,0.10314278925872712
1280,321.25,-68.75,68.75,0.0,4,0.10709517865873303
1281,323.75,-68.75,68.75,0.0,4,0.10949482382518219
1282,326.25,-68.75,68.75,0.0,4,0.10973586447279983
1283,328.75,-68.75,68.75,0.0,4,0.11101560513210222
1284,331.25,-68.75,68.75,0.0,4,0.11392526303586044
1285,333.75,-68.75,68.75,0.0,4,0.11751476330768856
1286,336.25,-68.75,68.75,0.0,4,0.12282867107539766
1287,338.75,-68.75,68.75,0.0,4,0.1294518219754242
1288,341.25,-68.75,68.75,0.0,4,0.13586556132925584
1289,343.75,-68.75,68.75,0.0,4,0.1429037583058833
1290,346.25,-68.75,68.75,0.0,4,0.15148841495697643
1291,348.75,-68.75,68.75,0.0,4,0.16018941780496712
1292,351.25,-68.75,68.75,0.0,4,0.1656565358077024
1293,353.75,-68.75,68.75,0.0,4,0.16608936830663487
1294,356.25,-68.75,68.75,0.0,4,0.1622024322711366
1295,358.75,-68.75,68.75,0.0,4,0.15234880065412001
1296,1.25,-66.25,66.25,0.0,4,0.10987177990239462
1297,3.75,-66.25,66.25,0.0,4,0.10218794265154026
1298,6.25,-66.25,66.25,0.0,4,0.09282073902852866
1299,8.75,-66.25,66.25,0.0,4,0.08477439603076252
1300,11.25,-66.25,66.25,0.0,4,0.07950747188882168
1301,13.75,-66.25,66.25,0.0,4,0.07456770642162676
1302,16.25,-66.25,66.25,0.0,4,0.06898382073644939
1303,18.75,-66.25,66.25,0.0,4,0.06409687513062817
1304,21.25,-66.25,66.25,0.0,4,0.06284868456033582
1305,23.75,-66.25,66.25,0.0,4,0.06446121727181293
1306,26.25,-66.25,66.25,0.0,4,0.06600092958585158
1307,28.75,-66.25,66.25,0.0,4,0.06732890683641204
1308,31.25,-66.25,66.25,0.0,4,0.06980078624549671
1309,33.75,-66.25,66.25,0.0,4,0.07599338890058378
1310,36.25,-66.25,66.25,0.0,4,0.08447966758088714
1311,38.75,-66.25,66.25,0.0,4,0.09398373677771808
1312,41.25,-66.25,66.25,0.0,4,0.10902491773444584
1313,43.75,-66.25,66.25,0.0,4,0.13062883145672632
1314,46.25,-66.25,66.25,0.0,4,0.15416815936342593
1315,48.75,-66.25,66.25,0.0,4,0.16762748026570315
1316,51.25,-66.25,66.25,0.0,4,0.17159090417498282
1317,53.75,-66.25,66.25,1.0,0,0.17314457345771617
1318,56.25,-66.25,66.25,0.0,4,0.17022702799957976
1319,58.75,-66.25,66.25,0.0,4,0.1547027263502585
1320,61.25,-66.25,66.25,0.0,4,0.1338387882723938
1321,63.75,-66.25,66.25,0.0,4,0.12297621435306673
1322,66.25,-66.25,66.25,0.0,4,0.1136785107625479
1323,68.75,-66.25,66.25,0.0,4,0.10143764146165675
1324,71.25,-66.25,66.25,0.0,4,0.09545775055860288
1325,73.75,-66.25,66.25,0.0,4,0.101527593937683
1326,76.25,-66.25,66.25,0.0,4,0.11634583565590229
1327,78.75,-66.25,66.25,0.0,4,0.13413022041972578
1328,81.25,-66.25,66.25,0.0,4,0.1497608071778836
1329,83.75,-66.25,66.25,0.0,4,0.16089010339468499
1330,86.25,-66.25,66.25,0.0,4,0.16704972220435002
1331,88.75,-66.25,66.25,0.0,4,0.1685411203388694
1332,91.25,-66.25,66.25,0.0,4,0.16554253547445266
1333,93.75,-66.25,66.25,0.0,4,0.15882488639696116
1334,96.25,-66.25,66.25,1.0,0,0.1527214392610605
1335,98.75,-66.25,66.25,1.0,0,0.14555766036159695
1336,101.25,-66.25,66.25,1.0,0,0.13657634342898198
1337,103.75,-66.25,66.25,0.0,0,0.12653466816976328
1338,106.25,-66.25,66.25,0.0,4,0.11261933063975854
1339,108.75,-66.25,66.25,0.0,4,0.09290545495065582
1340,111.25,-66.25,66.25,0.0,4,0.0748091068236237
1341,113.75,-66.25,66.25,0.0,4,0.06518269096230624
1342,116.25,-66.25,66.25,0.0,4,0.06334041940829527
1343,118.75,-66.25,66.25,0.0,4,0.06874785835241251
1344,121.25,-66.25,66.25,0.0,4,0.07706704416299491
1345,123.75,-66.25,66.25,0.0,4,0.08343936171734251
1346,126.25,-66.25,66.25,0.0,4,0.0870137363319162
1347,128.75,-66.25,66.25,0.0,4,0.09317799210634932
1348,131.25,-66.25,66.25,0.0,4,0.09947084158629346
1349,133.75,-66.25,66.25,0.0,0,0.09988289116749952
1350,136.25,-66.25,66.25,0.0,4,0.0951251948595269
1351,138.75,-66.25,66.25,0.0,4,0.08674283476919215
1352,141.25,-66.25,66.25,0.0,4,0.07584943885077597
1353,143.75,-66.25,66.25,0.0,4,0.06439227998950418
1354,146.25,-66.25,66.25,0.0,4,0.05678854741770265
1355,148.75,-66.25,66.25,0.0,4,0.05671793071273104
1356,151.25,-66.25,66.25,0.0,4,0.06189101599398781
1357,153.75,-66.25,66.25,0.0,4,0.06673230278242848
1358,156.25,-66.25,66.25,0.0,4,0.06983046191073178
1359,158.75,-66.25,66.25,0.0,4,0.07314971798775118
1360,161.25,-66.25,66.25,0.0,4,0.07782983094777342
1361,163.75,-66.25,66.25,0.0,4,0.08347238279435258
1362,166.25,-66.25,66.25,0.0,4,0.09086201429648175
1363,168.75,-66.25,66.25,0.0,4,0.1007740823448804
1364,171.25,-66.25,66.25,0.0,4,0.11080077638517773
1365,173.75,-66.25,66.25,0.0,4,0.11700756291155348
1366,176.25,-66.25,66.25,0.0,4,0.12023067150643016
1367,178.75,-66.25,66.25,0.0,4,0.12261368909598837
1368,181.25,-66.25,66.25,0.0,4,0.12102833866724115
1369,183.75,-66.25,66.25,0.0,4,0.11805446140949258
1370,186.25,-66.25,66.25,0.0,4,0.11808701188213028
1371,188.75,-66.25,66.25,0.0,4,0.1201104016865481
1372,191.25,-66.25,66.25,0.0,4,0.12203024022434816
1373,193.75,-66.25,66.25,0.0,4,0.12512765810893042
1374,196.25,-66.25,66.25,0.0,4,0.12953636226604406
1375,198.75,-66.25,66.25,0.0,4,0.13153363643217297
1376,201.25,-66.25,66.25,0.0,4,0.12955097018058612
1377,203.75,-66.25,66.25,0.0,4,0.12486745846764997
1378,206.25,-66.25,66.25,0.0,4,0.12118024961030184
1379,208.75,-66.25,66.25,0.0,4,0.11892302366266647
1380,211.25,-66.25,66.25,0.0,4,0.11955853152410395
1381,213.75,-66.25,66.25,0.0,4,0.12684154972881057
1382,216.25,-66.25,66.25,0.0,4,0.1387747950836515
1383,218.75,-66.25,66.25,0.0,4,0.1477036425994712
1384,221.25,-66.25,66.25,0.0,4,0.15054159271847137
1385,223.75,-66.25,66.25,0.0,4,0.15119540856298042
1386,226.25,-66.25,66.25,0.0,4,0.1547117690063124
1387,228.75,-66.25,66.25,0.0,4,0.1606745095918101
1388,231.25,-66.25,66.25,0.0,4,0.1623975286327723
1389,233.75,-66.25,66.25,0.0,4,0.15760771388898587
1390,236.25,-66.25,66.25,0.0,4,0.14987749272535425
1391,238.75,-66.25,66.25,0.0,4,0.1420221751963928
1392,241.25,-66.25,66.25,0.0,4,0.13528045414968906
1393,243.75,-66.25,66.25,0.0,4,0.12784973448668882
1394,246.25,-66.25,66.25,0.0,4,0.11868450133482931
1395,248.75,-66.25,66.25,0.0,4,0.11035135342459416
1396,251.25,-66.25,66.25,0.0,4,0.10582061851309273
1397,253.75,-66.25,66.25,0.0,4,0.10663857890586238
1398,256.25,-66.25,66.25,0.0,4,0.10984848120847737
1399,258.75,-66.25,66.25,0.0,4,0.11163718959134786
1400,261.25,-66.25,66.25,0.0,4,0.11205992394226755
1401,263.75,-66.25,66.25,0.0,4,0.11353281965450934
1402,266.25,-66.25,66.25,0.0,4,0.11539988645130116
1403,268.75,-66.25,66.25,0.0,4,0.11721171694025746
1404,271.25,-66.25,66.25,0.0,4,0.11699459542991499
1405,273.75,-66.25,66.25,0.0,4,0.11200374356704822
1406,276.25,-66.25,66.25,0.0,4,0.1045364712529381
1407,278.75,-66.25,66.25,0.0,4,0.0968928288355939
1408,281.25,-66.25,66.25,0.0,4,0.09119036484602527
1409,283.75,-66.25,66.25,0.0,4,0.0906573190327058
1410,286.25,-66.25,66.25,0.0,4,0.09498159629813246
1411,288.75,-66.25,66.25,0.0,4,0.1085231323314848
1412,291.25,-66.25,66.25,0.0,4,0.14078233545501184
1413,293.75,-66.25,66.25,0.0,4,0.16041033813828365
1414,296.25,-66.25,66.25,1.0,0,0.13822017993588004
1415,298.75,-66.25,66.25,1.0,0,0.10223111375862674
1416,301.25,-66.25,66.25,0.0,4,0.08199368694825776
1417,303.75,-66.25,66.25,0.0,4,0.07886604463110024
1418,306.25,-66.25,66.25,0.0,4,0.08268366918647424
1419,308.75,-66.25,66.25,0.0,4,0.0876615648337808
1420,311.25,-66.25,66.25,0.0,4,0.09388590276833092
1421,313.75,-66.25,66.25,0.0,4,0.10075135392361734
1422,316.25,-66.25,66.25,0.0,4,0.10621833935517207
1423,318.75,-66.25,66.25,0.0,4,0.11032947352885482
1424,321.25,-66.25,66.25,0.0,4,0.11410278941181841
1425,323.75,-66.25,66.25,0.0,4,0.11693279498386484
1426,326.25,-66.25,66.25,0.0,4,0.11791173675059548
1427,328.75,-66.25,66.25,0.0,4,0.11902276519606415
1428,331.25,-66.25,66.25,0.0,4,0.12190053087617107
1429,333.75,-66.25,66.25,0.0,4,0.12519697758677617
1430,336.25,-66.25,66.25,0.0,4,0.129288429657435
1431,338.75,-66.25,66.25,0.0,4,0.1340428103856137
1432,341.25,-66.25,66.25,0.0,4,0.13850877749056856
1433,343.75,-66.25,66.25,0.0,4,0.1424439698027515
1434,346.25,-66.25,66.25,0.0,4,0.14475158384295486
1435,348.75,-66.25,66.25,0.0,4,0.14395982139475644
1436,351.25,-66.25,66.25,0.0,4,0.13933843226641082
1437,353.75,-66.25,66.25,0.0,4,0.1319197243349777
1438,356.25,-66.25,66.25,0.0,4,0.12382915449269181
1439,358.75,-66.25,66.25,0.0,4,0.11671586188501261
1440,1.25,-63.75,63.75,0.0,4,0.10217233787764832
1441,3.75,-63.75,63.75,0.0,4,0.09450148354632248
1442,6.25,-63.75,63.75,0.0,4,0.08496365445785962
1443,8.75,-63.75,63.75,0.0,4,0.07638947281713167
1444,11.25,-63.75,63.75,0.0,4,0.07041867791565203
1445,13.75,-63.75,63.75,0.0,4,0.066582975303024
1446,16.25,-63.75,63.75,0.0,4,0.06499133490401034
1447,18.75,-63.75,63.75,0.0,4,0.0644205985767885
1448,21.25,-63.75,63.75,0.0,4,0.06425269740136375
1449,23.75,-63.75,63.75,0.0,4,0.06374422475937497
1450,26.25,-63.75,63.75,0.0,4,0.06311927089417463
1451,28.75,-63.75,63.75,0.0,4,0.06241083860458951
1452,31.25,-63.75,63.75,0.0,4,0.062404079112993706
1453,33.75,-63.75,63.75,0.0,4,0.06555408264855156
1454,36.25,-63.75,63.75,0.0,4,0.06880597344357715
1455,38.75,-63.75,63.75,0.0,4,0.06890584220382108
1456,41.25,-63.75,63.75,0.0,4,0.07207450276010079
1457,43.75,-63.75,63.75,0.0,4,0.08347215351990897
1458,46.25,-63.75,63.75,0.0,4,0.09922315231904436
1459,48.75,-63.75,63.75,0.0,4,0.11464458525358424
1460,51.25,-63.75,63.75,0.0,4,0.12838584502471415
1461,53.75,-63.75,63.75,0.0,4,0.1345901397881198
1462,56.25,-63.75,63.75,0.0,4,0.12845281696541724
1463,58.75,-63.75,63.75,0.0,4,0.11631633215324859
1464,61.25,-63.75,63.75,0.0,4,0.10578893522959741
1465,63.75,-63.75,63.75,0.0,4,0.09872926752271131
1466,66.25,-63.75,63.75,0.0,4,0.09407942866880237
1467,68.75,-63.75,63.75,0.0,4,0.09188338527358303
1468,71.25,-63.75,63.75,0.0,4,0.09387807881090997
1469,73.75,-63.75,63.75,0.0,4,0.10136383254745401
1470,76.25,-63.75,63.75,0.0,4,0.11325577900480797
1471,78.75,-63.75,63.75,0.0,4,0.1252877305659835
1472,81.25,-63.75,63.75,0.0,4,0.13303551493893614
1473,83.75,-63.75,63.75,0.0,4,0.13580664130496475
1474,86.25,-63.75,63.75,0.0,4,0.13681047224205392
1475,88.75,-63.75,63.75,0.0,4,0.14074215025355133
1476,91.25,-63.75,63.75,0.0,4,0.1465198019955913
1477,93.75,-63.75,63.75,0.0,4,0.14881032643055683
1478,96.25,-63.75,63.75,0.0,4,0.14786343741278743
1479,98.75,-63.75,63.75,0.0,4,0.1459270280108499
1480,101.25,-63.75,63.75,0.0,4,0.14296485838416842
1481,103.75,-63.75,63.75,0.0,4,0.13693133423109224
1482,106.25,-63.75,63.75,0.0,4,0.12546400653038328
1483,108.75,-63.75,63.75,0.0,4,0.11070402082086399
1484,111.25,-63.75,63.75,0.0,4,0.09684247861188816
1485,113.75,-63.75,63.75,0.0,4,0.08444073287770755
1486,116.25,-63.75,63.75,0.0,4,0.07642786981004647
1487,118.75,-63.75,63.75,0.0,4,0.07401822282554503
1488,121.25,-63.75,63.75,0.0,4,0.07356696646843458
1489,123.75,-63.75,63.75,0.0,4,0.07258030038438613
1490,126.25,-63.75,63.75,0.0,4,0.06808536909191147
1491,128.75,-63.75,63.75,0.0,4,0.06389484775562337
1492,131.25,-63.75,63.75,0.0,4,0.06418775987675229
1493,133.75,-63.75,63.75,0.0,4,0.06592802077297245
1494,136.25,-63.75,63.75,0.0,4,0.06552386477131446
1495,138.75,-63.75,63.75,0.0,4,0.06201541761367532
1496,141.25,-63.75,63.75,0.0,4,0.05687291505481602
1497,143.75,-63.75,63.75,0.0,4,0.05186262681728996
1498,146.25,-63.75,63.75,0.0,4,0.05001765691122591
1499,148.75,-63.75,63.75,0.0,4,0.05198937773282553
1500,151.25,-63.75,63.75,0.0,4,0.05435650133712413
1501,153.75,-63.75,63.75,0.0,4,0.05525630336418136
1502,156.25,-63.75,63.75,0.0,4,0.05785723235301984
1503,158.75,-63.75,63.75,0.0,4,0.06433622978433769
1504,161.25,-63.75,63.75,0.0,4,0.07267953417898654
1505,163.75,-63.75,63.75,0.0,4,0.08319717105871222
1506,166.25,-63.75,63.75,0.0,4,0.10193225690853422
1507,168.75,-63.75,63.75,0.0,4,0.13213731443595586
1508,171.25,-63.75,63.75,0.0,4,0.16805632022279712
1509,173.75,-63.75,63.75,0.0,4,0.19388919177928832
1510,176.25,-63.75,63.75,0.0,4,0.19376679427158358
1511,178.75,-63.75,63.75,0.0,4,0.1700124930962031
1512,181.25,-63.75,63.75,0.0,4,0.13288588503825602
1513,183.75,-63.75,63.75,0.0,4,0.10076353861552036
1514,186.25,-63.75,63.75,0.0,4,0.09024392876402494
1515,188.75,-63.75,63.75,0.0,4,0.09650092922900536
1516,191.25,-63.75,63.75,0.0,4,0.10944249982609187
1517,193.75,-63.75,63.75,0.0,4,0.12269331088354234
1518,196.25,-63.75,63.75,0.0,4,0.13017449637491957
1519,198.75,-63.75,63.75,0.0,4,0.12948584384493267
1520,201.25,-63.75,63.75,0.0,4,0.12416605861336541
1521,203.75,-63.75,63.75,0.0,4,0.11842162095361304
1522,206.25,-63.75,63.75,0.0,4,0.1133995866399872
1523,208.75,-63.75,63.75,0.0,4,0.10861081626551333
1524,211.25,-63.75,63.75,0.0,4,0.10722436069062846
1525,213.75,-63.75,63.75,0.0,4,0.1181379918557133
1526,216.25,-63.75,63.75,0.0,4,0.14246758399787243
1527,218.75,-63.75,63.75,0.0,4,0.16358490661621952
1528,221.25,-63.75,63.75,0.0,4,0.1723661954629717
1529,223.75,-63.75,63.75,0.0,4,0.17611491676946472
1530,226.25,-63.75,63.75,0.0,4,0.1828455011646882
1531,228.75,-63.75,63.75,0.0,4,0.1921014222096349
1532,231.25,-63.75,63.75,0.0,4,0.19424904336843027
1533,233.75,-63.75,63.75,0.0,4,0.18726327827483655
1534,236.25,-63.75,63.75,0.0,4,0.17747114525083313
1535,238.75,-63.75,63.75,0.0,4,0.17020039404571963
1536,241.25,-63.75,63.75,0.0,4,0.16487086303115647
1537,243.75,-63.75,63.75,0.0,4,0.15659953076438204
1538,246.25,-63.75,63.75,0.0,4,0.1453433976265054
1539,248.75,-63.75,63.75,0.0,4,0.13771508037233648
1540,251.25,-63.75,63.75,0.0,4,0.13682845362245225
1541,253.75,-63.75,63.75,0.0,4,0.1372340625835297
1542,256.25,-63.75,63.75,0.0,4,0.13451589472080253
1543,258.75,-63.75,63.75,0.0,4,0.13245721007495123
1544,261.25,-63.75,63.75,0.0,4,0.13404591379905018
1545,263.75,-63.75,63.75,0.0,4,0.13599370676002356
1546,266.25,-63.75,63.75,0.0,4,0.13592213632110692
1547,268.75,-63.75,63.75,0.0,4,0.13462033862456418
1548,271.25,-63.75,63.75,0.0,4,0.13191232594570612
1549,273.75,-63.75,63.75,0.0,4,0.12682255773277465
1550,276.25,-63.75,63.75,0.0,4,0.11969800609438172
1551,278.75,-63.75,63.75,0.0,4,0.10924644103657118
1552,281.25,-63.75,63.75,0.0,4,0.09839240216557628
1553,283.75,-63.75,63.75,0.0,4,0.09416417509952912
1554,286.25,-63.75,63.75,0.0,4,0.09689055577965121
1555,288.75,-63.75,63.75,0.0,4,0.10178111955310022
1556,291.25,-63.75,63.75,0.0,4,0.10928885951306619
1557,293.75,-63.75,63.75,0.0,4,0.11924881406845922
1558,296.25,-63.75,63.75,0.0,4,0.1243368784138942
1559,298.75,-63.75,63.75,0.0,4,0.113921927263651
1560,301.25,-63.75,63.75,0.0,4,0.0989071066961471
1561,303.75,-63.75,63.75,0.0,4,0.08753996139863102
1562,306.25,-63.75,63.75,0.0,4,0.08518699793959843
1563,308.75,-63.75,63.75,0.0,4,0.09314058290605336
1564,311.25,-63.75,63.75,0.0,4,0.09800140011211489
1565,313.75,-63.75,63.75,0.0,4,0.10077431658504826
1566,316.25,-63.75,63.75,0.0,4,0.10419951350367312
1567,318.75,-63.75,63.75,0.0,4,0.10906913410799805
1568,321.25,-63.75,63.75,0.0,4,0.11441442330213422
1569,323.75,-63.75,63.75,0.0,4,0.11862344068697438
1570,326.25,-63.75,63.75,0.0,4,0.12129218917488144
1571,328.75,-63.75,63.75,0.0,4,0.12435591858751871
1572,331.25,-63.75,63.75,0.0,4,0.12803069770232864
1573,333.75,-63.75,63.75,0.0,4,0.13142046705280555
1574,336.25,-63.75,63.75,0.0,4,0.1344584543051406
1575,338.75,-63.75,63.75,0.0,4,0.13663533903935673
1576,341.25,-63.75,63.75,0.0,4,0.13854574834488786
1577,343.75,-63.75,63.75,0.0,4,0.14007926441828827
1578,346.25,-63.75,63.75,0.0,4,0.14128624735669715
1579,348.75,-63.75,63.75,0.0,4,0.14139631585119006
1580,351.25,-63.75,63.75,0.0,4,0.13709998037217228
1581,353.75,-63.75,63.75,0.0,4,0.12752889800749953
1582,356.25,-63.75,63.75,0.0,4,0.11740788343597715
1583,358.75,-63.75,63.75,0.0,4,0.10936361370993158
1584,1.25,-61.25,61.25,0.0,4,0.10332001772428562
1585,3.75,-61.25,61.25,0.0,4,0.09887181447187177
1586,6.25,-61.25,61.25,0.0,4,0.09630780892236279
1587,8.75,-61.25,61.25,0.0,4,0.09271281349351157
1588,11.25,-61.25,61.25,0.0,4,0.08792356258490709
1589,13.75,-61.25,61.25,0.0,4,0.08387093563855652
1590,16.25,-61.25,61.25,0.0,4,0.08309780179748934
1591,18.75,-61.25,61.25,0.0,4,0.08696523431605307
1592,21.25,-61.25,61.25,0.0,4,0.09150977644552348
1593,23.75,-61.25,61.25,0.0,4,0.09481026303138791
1594,26.25,-61.25,61.25,0.0,4,0.10135213751579149
1595,28.75,-61.25,61.25,0.0,4,0.11022514012141023
1596,31.25,-61.25,61.25,0.0,4,0.11737725416882183
1597,33.75,-61.25,61.25,0.0,4,0.12442466664757389
1598,36.25,-61.25,61.25,0.0,4,0.12852958628089514
1599,38.75,-61.25,61.25,0.0,4,0.1255452812973309
1600,41.25,-61.25,61.25,0.0,4,0.1222252755813179
1601,43.75,-61.25,61.25,0.0,4,0.12328865907655892
1602,46.25,-61.25,61.25,0.0,4,0.12655165216263964
1603,48.75,-61.25,61.25,0.0,4,0.13194697460255506
1604,51.25,-61.25,61.25,0.0,4,0.13896677832904702
1605,53.75,-61.25,61.25,0.0,4,0.14397501321900064
1606,56.25,-61.25,61.25,0.0,4,0.14344692064371634
1607,58.75,-61.25,61.25,0.0,4,0.13636726427875387
1608,61.25,-61.25,61.25,0.0,4,0.12543785830928303
1609,63.75,-61.25,61.25,0.0,4,0.11631125088193454
1610,66.25,-61.25,61.25,0.0,4,0.11292884241469747
1611,68.75,-61.25,61.25,0.0,4,0.11144844031669102
1612,71.25,-61.25,61.25,0.0,4,0.10773761366158932
1613,73.75,-61.25,61.25,0.0,4,0.10895330276239305
1614,76.25,-61.25,61.25,0.0,4,0.11601722321343183
1615,78.75,-61.25,61.25,0.0,4,0.11940293446836137
1616,81.25,-61.25,61.25,0.0,4,0.11682818539381225
1617,83.75,-61.25,61.25,0.0,4,0.11536791001695501
1618,86.25,-61.25,61.25,0.0,4,0.11890997557314043
1619,88.75,-61.25,61.25,0.0,4,0.12392370417738498
1620,91.25,-61.25,61.25,0.0,4,0.1263718721008645
1621,93.75,-61.25,61.25,0.0,4,0.12711063296119615
1622,96.25,-61.25,61.25,0.0,4,0.12801982865961176
1623,98.75,-61.25,61.25,0.0,4,0.12694028304033753
1624,101.25,-61.25,61.25,0.0,4,0.12262577010186354
1625,103.75,-61.25,61.25,0.0,4,0.11587697129912214
1626,106.25,-61.25,61.25,0.0,4,0.10828594540202449
1627,108.75,-61.25,61.25,0.0,4,0.10477162028217576
1628,111.25,-61.25,61.25,0.0,4,0.10513809932529021
1629,113.75,-61.25,61.25,0.0,4,0.10481937285671888
1630,116.25,-61.25,61.25,0.0,4,0.10299248674827029
1631,118.75,-61.25,61.25,0.0,4,0.10006826823283091
1632,121.25,-61.25,61.25,0.0,4,0.09757712562554251
1633,123.75,-61.25,61.25,0.0,4,0.09390713740594198
1634,126.25,-61.25,61.25,0.0,4,0.0893291236978387
1635,128.75,-61.25,61.25,0.0,4,0.08814747409527138
1636,131.25,-61.25,61.25,0.0,4,0.08946713071689154
1637,133.75,-61.25,61.25,0.0,4,0.08672792745932321
1638,136.25,-61.25,61.25,0.0,4,0.0749559712200875
1639,138.75,-61.25,61.25,0.0,4,0.05929368164368321
1640,141.25,-61.25,61.25,0.0,4,0.0501958687532568
1641,143.75,-61.25,61.25,0.0,4,0.04933629543155578
1642,146.25,-61.25,61.25,0.0,4,0.05087551536455106
1643,148.75,-61.25,61.25,0.0,4,0.052817220439610034
1644,151.25,-61.25,61.25,0.0,4,0.052167757686250815
1645,153.75,-61.25,61.25,0.0,4,0.05398550323462446
1646,156.25,-61.25,61.25,0.0,4,0.06700583684719184
1647,158.75,-61.25,61.25,0.0,4,0.08806540222200439
1648,161.25,-61.25,61.25,0.0,4,0.10947944823008487
1649,163.75,-61.25,61.25,0.0,4,0.12487007656864894
1650,166.25,-61.25,61.25,0.0,4,0.13999193818765085
1651,168.75,-61.25,61.25,0.0,4,0.15451810921243764
1652,171.25,-61.25,61.25,0.0,4,0.15818809407599935
1653,173.75,-61.25,61.25,0.0,4,0.14717965089203328
1654,176.25,-61.25,61.25,0.0,4,0.11976820352561322
1655,178.75,-61.25,61.25,0.0,4,0.08319524890809744
1656,181.25,-61.25,61.25,0.0,4,0.050135962907813816
1657,183.75,-61.25,61.25,0.0,4,0.02938284702457521
1658,186.25,-61.25,61.25,0.0,4,0.025702254732506213
1659,188.75,-61.25,61.25,0.0,4,0.03737209150252582
1660,191.25,-61.25,61.25,0.0,4,0.05695869880561441
1661,193.75,-61.25,61.25,0.0,4,0.07454384706606867
1662,196.25,-61.25,61.25,0.0,4,0.081581069916818
1663,198.75,-61.25,61.25,0.0,4,0.07988395941141378
1664,201.25,-61.25,61.25,0.0,4,0.07996293194798439
1665,203.75,-61.25,61.25,0.0,4,0.08023347605105621
1666,206.25,-61.25,61.25,0.0,4,0.07776837485278926
1667,208.75,-61.25,61.25,0.0,4,0.07900929158406289
1668,211.25,-61.25,61.25,0.0,4,0.08370529756865898
1669,213.75,-61.25,61.25,0.0,4,0.08763163023403384
1670,216.25,-61.25,61.25,0.0,4,0.09738541879954427
1671,218.75,-61.25,61.25,0.0,4,0.1126396930770462
1672,221.25,-61.25,61.25,0.0,4,0.12532319849014742
1673,223.75,-61.25,61.25,0.0,4,0.13524689827928987
1674,226.25,-61.25,61.25,0.0,4,0.1476078334331322
1675,228.75,-61.25,61.25,0.0,4,0.16116826528625822
1676,231.25,-61.25,61.25,0.0,4,0.16525441614058617
1677,233.75,-61.25,61.25,0.0,4,0.1585883431155906
1678,236.25,-61.25,61.25,0.0,4,0.15143149277461282
1679,238.75,-61.25,61.25,0.0,4,0.1495393576381971
1680,241.25,-61.25,61.25,0.0,4,0.14736937826269608
1681,243.75,-61.25,61.25,0.0,4,0.1413008116391507
1682,246.25,-61.25,61.25,0.0,4,0.1327886980367986
1683,248.75,-61.25,61.25,0.0,4,0.12845820712978567
1684,251.25,-61.25,61.25,0.0,4,0.12906296883558335
1685,253.75,-61.25,61.25,0.0,4,0.12917333735533898
1686,256.25,-61.25,61.25,0.0,4,0.1314202730289719
1687,258.75,-61.25,61.25,0.0,4,0.13342701453523192
1688,261.25,-61.25,61.25,0.0,4,0.13036790517451555
1689,263.75,-61.25,61.25,0.0,4,0.12482795457765763
1690,266.25,-61.25,61.25,0.0,4,0.12152871379605065
1691,268.75,-61.25,61.25,0.0,4,0.12303374636001944
1692,271.25,-61.25,61.25,0.0,4,0.12639780269994644
1693,273.75,-61.25,61.25,0.0,4,0.1298559406591305
1694,276.25,-61.25,61.25,0.0,4,0.1336532337182057
1695,278.75,-61.25,61.25,0.0,4,0.13509721278641434
1696,281.25,-61.25,61.25,0.0,4,0.13429386777037763
1697,283.75,-61.25,61.25,0.0,4,0.13353491648025537
1698,286.25,-61.25,61.25,0.0,4,0.12803158400543002
1699,288.75,-61.25,61.25,0.0,4,0.11827378995914226
1700,291.25,-61.25,61.25,0.0,4,0.10632906170230112
1701,293.75,-61.25,61.25,0.0,4,0.09774925042676633
1702,296.25,-61.25,61.25,0.0,4,0.1043495320250594
1703,298.75,-61.25,61.25,0.0,4,0.11002115109846593
1704,301.25,-61.25,61.25,0.0,4,0.1021359756763497
1705,303.75,-61.25,61.25,0.0,4,0.09318381588594231
1706,306.25,-61.25,61.25,0.0,4,0.09022774604204317
1707,308.75,-61.25,61.25,0.0,4,0.08911377889447357
1708,311.25,-61.25,61.25,0.0,4,0.08685027725102024
1709,313.75,-61.25,61.25,0.0,4,0.0864107498435508
1710,316.25,-61.25,61.25,0.0,4,0.08968423354843764
1711,318.75,-61.25,61.25,0.0,4,0.09556721771114104
1712,321.25,-61.25,61.25,0.0,4,0.10228130718786957
1713,323.75,-61.25,61.25,0.0,4,0.10799594426388145
1714,326.25,-61.25,61.25,0.0,4,0.11265299014893303
1715,328.75,-61.25,61.25,0.0,4,0.11574055971220346
1716,331.25,-61.25,61.25,0.0,4,0.11555968979528856
1717,333.75,-61.25,61.25,0.0,4,0.11617256380412863
1718,336.25,-61.25,61.25,0.0,4,0.11924567727439929
1719,338.75,-61.25,61.25,0.0,4,0.12238938933428008
1720,341.25,-61.25,61.25,0.0,4,0.12528996889044833
1721,343.75,-61.25,61.25,0.0,4,0.12814020493837028
1722,346.25,-61.25,61.25,0.0,4,0.13086677039055775
1723,348.75,-61.25,61.25,0.0,4,0.13232133219779826
1724,351.25,-61.25,61.25,0.0,4,0.13107400237206945
1725,353.75,-61.25,61.25,0.0,4,0.1275271046618104
1726,356.25,-61.25,61.25,0.0,4,0.12053189758547275
1727,358.75,-61.25,61.25,0.0,4,0.11109071328384792
1728,1.25,-58.75,58.75,0.0,1,0.10201110006555598
1729,3.75,-58.75,58.75,0.0,1,0.09629383834018204
1730,6.25,-58.75,58.75,0.0,1,0.09620228859804285
1731,8.75,-58.75,58.75,0.0,1,0.09893101365527152
1732,11.25,-58.75,58.75,0.0,1,0.09974092632860623
1733,13.75,-58.75,58.75,0.0,1,0.0994160036598364
1734,16.25,-58.75,58.75,0.0,1,0.10091807978594214
1735,18.75,-58.75,58.75,0.0,1,0.10744146726064807
1736,21.25,-58.75,58.75,0.0,1,0.11779679526186862
1737,23.75,-58.75,58.75,0.0,1,0.12757441072551082
1738,26.25,-58.75,58.75,0.0,1,0.1339486565217896
1739,28.75,-58.75,58.75,0.0,1,0.1336674330192095
1740,31.25,-58.75,58.75,0.0,3,0.12875341409442626
1741,33.75,-58.75,58.75,0.0,3,0.12678826380109376
1742,36.25,-58.75,58.75,0.0,3,0.13071168028294297
1743,38.75,-58.75,58.75,0.0,3,0.14020474488396772
1744,41.25,-58.75,58.75,0.0,3,0.15502152000967814
1745,43.75,-58.75,58.75,0.0,3,0.16881302832310552
1746,46.25,-58.75,58.75,0.0,3,0.1744849469316946
1747,48.75,-58.75,58.75,0.0,3,0.17401138684960998
1748,51.25,-58.75,58.75,0.0,3,0.170952143443738
1749,53.75,-58.75,58.75,0.0,3,0.1653128822859255
1750,56.25,-58.75,58.75,0.0,3,0.15926704078168913
1751,58.75,-58.75,58.75,0.0,3,0.15544155529940903
1752,61.25,-58.75,58.75,0.0,3,0.15107123665334668
1753,63.75,-58.75,58.75,0.0,3,0.1435439721950574
1754,66.25,-58.75,58.75,0.0,3,0.13588473706071574
1755,68.75,-58.75,58.75,0.0,3,0.12898961630596983
1756,71.25,-58.75,58.75,0.0,3,0.11993485555727759
1757,73.75,-58.75,58.75,0.0,3,0.1107155380847842
1758,76.25,-58.75,58.75,0.0,3,0.10616150642997327
1759,78.75,-58.75,58.75,0.0,3,0.10711273878839007
1760,81.25,-58.75,58.75,0.0,3,0.10848265993622364
1761,83.75,-58.75,58.75,0.0,3,0.1108299165384181
1762,86.25,-58.75,58.75,0.0,3,0.1176936657863408
1763,88.75,-58.75,58.75,0.0,3,0.12520317220424132
1764,91.25,-58.75,58.75,0.0,3,0.12891300870097774
1765,93.75,-58.75,58.75,0.0,3,0.13161326549356572
1766,96.25,-58.75,58.75,0.0,3,0.13388924435807506
1767,98.75,-58.75,58.75,0.0,3,0.12917424049626555
1768,101.25,-58.75,58.75,0.0,3,0.12105287082012367
1769,103.75,-58.75,58.75,0.0,3,0.11781627795293666
1770,106.25,-58.75,58.75,0.0,3,0.1188821878663799
1771,108.75,-58.75,58.75,0.0,3,0.12106500555296636
1772,111.25,-58.75,58.75,0.0,3,0.12185652215612361
1773,113.75,-58.75,58.75,0.0,3,0.11839516177395912
1774,116.25,-58.75,58.75,0.0,3,0.10962034874854669
1775,118.75,-58.75,58.75,0.0,3,0.09778402486249811
1776,121.25,-58.75,58.75,0.0,2,0.08655145806376896
1777,123.75,-58.75,58.75,0.0,2,0.07572262173773647
1778,126.25,-58.75,58.75,0.0,2,0.06523416245356112
1779,128.75,-58.75,58.75,0.0,2,0.05766898691253348
1780,131.25,-58.75,58.75,0.0,2,0.0531823584000822
1781,133.75,-58.75,58.75,0.0,2,0.0503127917309961
1782,136.25,-58.75,58.75,0.0,2,0.047593124643251716
1783,138.75,-58.75,58.75,0.0,2,0.044772617079299165
1784,141.25,-58.75,58.75,0.0,2,0.04341179178989238
1785,143.75,-58.75,58.75,0.0,2,0.041088188898760404
1786,146.25,-58.75,58.75,0.0,2,0.0379064975343012
1787,148.75,-58.75,58.75,0.0,2,0.04206769120781341
1788,151.25,-58.75,58.75,0.0,2,0.05200690894173445
1789,153.75,-58.75,58.75,0.0,2,0.06405210773708034
1790,156.25,-58.75,58.75,0.0,2,0.07833556353040992
1791,158.75,-58.75,58.75,0.0,2,0.09513235705761781
1792,161.25,-58.75,58.75,0.0,2,0.12274408964854111
1793,163.75,-58.75,58.75,0.0,2,0.1383534898082592
1794,166.25,-58.75,58.75,0.0,2,0.12795446985544578
1795,168.75,-58.75,58.75,0.0,2,0.1166266478861654
1796,171.25,-58.75,58.75,0.0,2,0.10711165975079429
1797,173.75,-58.75,58.75,0.0,2,0.08836657257896678
1798,176.25,-58.75,58.75,0.0,2,0.06374414624043476
1799,178.75,-58.75,58.75,0.0,2,0.043206989861478536
1800,181.25,-58.75,58.75,0.0,2,0.029501693824837034
1801,183.75,-58.75,58.75,0.0,2,0.023174965553665907
1802,186.25,-58.75,58.75,0.0,2,0.024678266691739392
1803,188.75,-58.75,58.75,0.0,2,0.03233722848770497
1804,191.25,-58.75,58.75,0.0,2,0.043077227222035136
1805,193.75,-58.75,58.75,0.0,2,0.048042724061787695
1806,196.25,-58.75,58.75,0.0,2,0.045648150618247514
1807,198.75,-58.75,58.75,0.0,2,0.044898528511134024
1808,201.25,-58.75,58.75,0.0,2,0.04586885438042926
1809,203.75,-58.75,58.75,0.0,2,0.042945742241378114
1810,206.25,-58.75,58.75,0.0,2,0.0423920163209291
1811,208.75,-58.75,58.75,0.0,2,0.048268594819367946
1812,211.25,-58.75,58.75,0.0,2,0.05010595875329315
1813,213.75,-58.75,58.75,0.0,2,0.05007175214860179
1814,216.25,-58.75,58.75,0.0,2,0.057361249675149724
1815,218.75,-58.75,58.75,0.0,2,0.06844558809724544
1816,221.25,-58.75,58.75,0.0,2,0.0786813051535433
1817,223.75,-58.75,58.75,0.0,2,0.08795423414153511
1818,226.25,-58.75,58.75,0.0,2,0.10312337421745223
1819,228.75,-58.75,58.75,0.0,2,0.1244354223712794
1820,231.25,-58.75,58.75,0.0,2,0.1368957922427339
1821,233.75,-58.75,58.75,0.0,2,0.13853735595743305
1822,236.25,-58.75,58.75,0.0,2,0.14002583337116817
1823,238.75,-58.75,58.75,0.0,2,0.13691911566187476
1824,241.25,-58.75,58.75,0.0,2,0.12502270139487148
1825,243.75,-58.75,58.75,0.0,2,0.11261535038793709
1826,246.25,-58.75,58.75,0.0,2,0.10739281114060659
1827,248.75,-58.75,58.75,0.0,2,0.10977933913406769
1828,251.25,-58.75,58.75,0.0,2,0.11483449941507087
1829,253.75,-58.75,58.75,0.0,2,0.11991315900346501
1830,256.25,-58.75,58.75,0.0,2,0.12281910930604166
1831,258.75,-58.75,58.75,0.0,2,0.1221196880155143
1832,261.25,-58.75,58.75,0.0,2,0.12024695204278148
1833,263.75,-58.75,58.75,0.0,2,0.11785146541805082
1834,266.25,-58.75,58.75,0.0,2,0.1158252406369128
1835,268.75,-58.75,58.75,0.0,2,0.11769883942083767
1836,271.25,-58.75,58.75,0.0,2,0.1237638612846258
1837,273.75,-58.75,58.75,0.0,2,0.13160274008242154
1838,276.25,-58.75,58.75,0.0,2,0.13836521187382314
1839,278.75,-58.75,58.75,0.0,2,0.14116295934955844
1840,281.25,-58.75,58.75,0.0,1,0.13930337951277663
1841,283.75,-58.75,58.75,0.0,1,0.13477347799424383
1842,286.25,-58.75,58.75,0.0,1,0.12626310860157483
1843,288.75,-58.75,58.75,0.0,1,0.11201552182645505
1844,291.25,-58.75,58.75,0.0,1,0.09478963290460778
1845,293.75,-58.75,58.75,0.0,1,0.08636218908406411
1846,296.25,-58.75,58.75,0.0,1,0.09264929623910392
1847,298.75,-58.75,58.75,0.0,1,0.10211679383258829
1848,301.25,-58.75,58.75,0.0,1,0.10540465066950448
1849,303.75,-58.75,58.75,0.0,1,0.10255505891216926
1850,306.25,-58.75,58.75,0.0,1,0.09319102509927528
1851,308.75,-58.75,58.75,0.0,1,0.07899154215537879
1852,311.25,-58.75,58.75,0.0,1,0.06689922054261263
1853,313.75,-58.75,58.75,0.0,1,0.06230748809338147
1854,316.25,-58.75,58.75,0.0,1,0.06509160869956761
1855,318.75,-58.75,58.75,0.0,1,0.07026738534822606
1856,321.25,-58.75,58.75,0.0,1,0.07654134055324521
1857,323.75,-58.75,58.75,0.0,1,0.08518037486923667
1858,326.25,-58.75,58.75,0.0,1,0.09476539234691354
1859,328.75,-58.75,58.75,0.0,1,0.10066769700478623
1860,331.25,-58.75,58.75,0.0,1,0.10170933707732356
1861,333.75,-58.75,58.75,0.0,1,0.10375821182822675
1862,336.25,-58.75,58.75,0.0,1,0.1092245754479203
1863,338.75,-58.75,58.75,0.0,1,0.11440058688181844
1864,341.25,-58.75,58.75,0.0,1,0.11709707218733106
1865,343.75,-58.75,58.75,0.0,1,0.11861986912137328
1866,346.25,-58.75,58.75,0.0,1,0.12085319789322074
1867,348.75,-58.75,58.75,0.0,1,0.12249109112017467
1868,351.25,-58.75,58.75,0.0,1,0.1219044359709833
1869,353.75,-58.75,58.75,0.0,1,0.11963806560016589
1870,356.25,-58.75,58.75,0.0,1,0.11566174534911873
1871,358.75,-58.75,58.75,0.0,1,0.10956826909944681
1872,1.25,-56.25,56.25,0.0,1,0.09326795690658758
1873,3.75,-56.25,56.25,0.0,1,0.08834728035505693
1874,6.25,-56.25,56.25,0.0,1,0.08701374623765984
1875,8.75,-56.25,56.25,0.0,1,0.09076870092283473
1876,11.25,-56.25,56.25,0.0,1,0.09645890357564306
1877,13.75,-56.25,56.25,0.0,1,0.10284971965433751
1878,16.25,-56.25,56.25,0.0,1,0.10984934563723192
1879,18.75,-56.25,56.25,0.0,1,0.11868851656073487
1880,21.25,-56.25,56.25,0.0,1,0.1265801817396486
1881,23.75,-56.25,56.25,0.0,1,0.12719875235895334
1882,26.25,-56.25,56.25,0.0,1,0.11719613465415091
1883,28.75,-56.25,56.25,0.0,1,0.09880242886755668
1884,31.25,-56.25,56.25,0.0,3,0.08413145182294422
1885,33.75,-56.25,56.25,0.0,3,0.0830764728502072
1886,36.25,-56.25,56.25,0.0,3,0.09155860610382392
1887,38.75,-56.25,56.25,0.0,3,0.10274262148924125
1888,41.25,-56.25,56.25,0.0,3,0.116694560510668
1889,43.75,-56.25,56.25,0.0,3,0.13309893340014634
1890,46.25,-56.25,56.25,0.0,3,0.13848267313485058
1891,48.75,-56.25,56.25,0.0,3,0.12955057246360982
1892,51.25,-56.25,56.25,0.0,3,0.11632212426766275
1893,53.75,-56.25,56.25,0.0,3,0.10400125466169734
1894,56.25,-56.25,56.25,0.0,3,0.09958256104991274
1895,58.75,-56.25,56.25,0.0,3,0.10337051652847046
1896,61.25,-56.25,56.25,0.0,3,0.10806187783523569
1897,63.75,-56.25,56.25,0.0,3,0.11431707018919973
1898,66.25,-56.25,56.25,0.0,3,0.1242826384290029
1899,68.75,-56.25,56.25,0.0,3,0.13088285379667294
1900,71.25,-56.25,56.25,0.0,3,0.12683061250486383
1901,73.75,-56.25,56.25,0.0,3,0.11640825306266384
1902,76.25,-56.25,56.25,0.0,3,0.10533632151329016
1903,78.75,-56.25,56.25,0.0,3,0.10115909218827893
1904,81.25,-56.25,56.25,0.0,3,0.10452213817125841
1905,83.75,-56.25,56.25,0.0,3,0.10702658932494138
1906,86.25,-56.25,56.25,0.0,3,0.10591235776264515
1907,88.75,-56.25,56.25,0.0,3,0.10117899079494233
1908,91.25,-56.25,56.25,0.0,3,0.0975573407932453
1909,93.75,-56.25,56.25,0.0,3,0.09619820703564942
1910,96.25,-56.25,56.25,0.0,3,0.09483954169421815
1911,98.75,-56.25,56.25,0.0,3,0.09296288255710722
1912,101.25,-56.25,56.25,0.0,3,0.09460923323937082
1913,103.75,-56.25,56.25,0.0,3,0.0985694176699126
1914,106.25,-56.25,56.25,0.0,3,0.09810366292220928
1915,108.75,-56.25,56.25,0.0,3,0.09236598162944404
1916,111.25,-56.25,56.25,0.0,3,0.0819872194476703
1917,113.75,-56.25,56.25,0.0,3,0.07085726148557007
1918,116.25,-56.25,56.25,0.0,3,0.05982589504797438
1919,118.75,-56.25,56.25,0.0,3,0.04362016017507663
1920,121.25,-56.25,56.25,0.0,2,0.026455468854022494
1921,123.75,-56.25,56.25,0.0,2,0.015660522294704004
1922,126.25,-56.25,56.25,0.0,2,0.01084737543136041
1923,128.75,-56.25,56.25,0.0,2,0.0076714169248254275
1924,131.25,-56.25,56.25,0.0,2,0.006322539349673289
1925,133.75,-56.25,56.25,0.0,2,0.010198057268646815
1926,136.25,-56.25,56.25,0.0,2,0.017450639147872572
1927,138.75,-56.25,56.25,0.0,2,0.025079425494218953
1928,141.25,-56.25,56.25,0.0,2,0.03019007205106434
1929,143.75,-56.25,56.25,0.0,2,0.0286077363499444
1930,146.25,-56.25,56.25,0.0,2,0.02925361257924364
1931,148.75,-56.25,56.25,0.0,2,0.04205542271763707
1932,151.25,-56.25,56.25,0.0,2,0.05552694358966144
1933,153.75,-56.25,56.25,0.0,2,0.05828336720989707
1934,156.25,-56.25,56.25,0.0,2,0.060704329591817534
1935,158.75,-56.25,56.25,0.0,2,0.07294893499947262
1936,161.25,-56.25,56.25,0.0,2,0.0899929067241128
1937,163.75,-56.25,56.25,0.0,2,0.09220057019197107
1938,166.25,-56.25,56.25,0.0,2,0.07645837428259143
1939,168.75,-56.25,56.25,0.0,2,0.06525419357993709
1940,171.25,-56.25,56.25,0.0,2,0.06119740830084511
1941,173.75,-56.25,56.25,0.0,2,0.05302027786727833
1942,176.25,-56.25,56.25,0.0,2,0.04007269638025616
1943,178.75,-56.25,56.25,0.0,2,0.023672385699072394
1944,181.25,-56.25,56.25,0.0,2,0.008396401976856534
1945,183.75,-56.25,56.25,0.0,2,0.005552143716039727
1946,186.25,-56.25,56.25,0.0,2,0.01619104827355567
1947,188.75,-56.25,56.25,0.0,2,0.027031052077112375
1948,191.25,-56.25,56.25,0.0,2,0.028416412509702456
1949,193.75,-56.25,56.25,0.0,2,0.021641628216310663
1950,196.25,-56.25,56.25,0.0,2,0.017029222017452578
1951,198.75,-56.25,56.25,0.0,2,0.020075899276588396
1952,201.25,-56.25,56.25,0.0,2,0.02204729972129107
1953,203.75,-56.25,56.25,0.0,2,0.018915189971286852
1954,206.25,-56.25,56.25,0.0,2,0.02105379416896199
1955,208.75,-56.25,56.25,0.0,2,0.03128321649160566
1956,211.25,-56.25,56.25,0.0,2,0.038394022770736905
1957,213.75,-56.25,56.25,0.0,2,0.042372213255693875
1958,216.25,-56.25,56.25,0.0,2,0.04530726906859101
1959,218.75,-56.25,56.25,0.0,2,0.047729424779610154
1960,221.25,-56.25,56.25,0.0,2,0.049420896142258225
1961,223.75,-56.25,56.25,0.0,2,0.04836036321964085
1962,226.25,-56.25,56.25,0.0,2,0.05297683428013874
1963,228.75,-56.25,56.25,0.0,2,0.06374554825587932
1964,231.25,-56.25,56.25,0.0,2,0.07034547393488727
1965,233.75,-56.25,56.25,0.0,2,0.08167530005583057
1966,236.25,-56.25,56.25,0.0,2,0.09876414938874904
1967,238.75,-56.25,56.25,0.0,2,0.09834199204238164
1968,241.25,-56.25,56.25,0.0,2,0.08230524599674609
1969,243.75,-56.25,56.25,0.0,2,0.0740875230931191
1970,246.25,-56.25,56.25,0.0,2,0.0801267692970501
1971,248.75,-56.25,56.25,0.0,2,0.09067915376880097
1972,251.25,-56.25,56.25,0.0,2,0.09869596411426618
1973,253.75,-56.25,56.25,0.0,2,0.1027222110020081
1974,256.25,-56.25,56.25,0.0,2,0.10465988798396202
1975,258.75,-56.25,56.25,0.0,2,0.10598705881328568
1976,261.25,-56.25,56.25,0.0,2,0.10586233175591603
1977,263.75,-56.25,56.25,0.0,2,0.10152937493089736
1978,266.25,-56.25,56.25,0.0,2,0.09676407614350876
1979,268.75,-56.25,56.25,0.0,2,0.09375839153012767
1980,271.25,-56.25,56.25,0.0,2,0.0930236613684003
1981,273.75,-56.25,56.25,0.0,2,0.09685778692066889
1982,276.25,-56.25,56.25,0.0,2,0.10162951386819061
1983,278.75,-56.25,56.25,0.0,2,0.10171304532853183
1984,281.25,-56.25,56.25,0.0,1,0.09485421208368322
1985,283.75,-56.25,56.25,0.0,1,0.08990599285658006
1986,286.25,-56.25,56.25,0.0,1,0.09167566550256276
1987,288.75,-56.25,56.25,0.0,1,0.08546105253809644
1988,291.25,-56.25,56.25,0.0,1,0.061894998251875534
1989,293.75,-56.25,56.25,0.0,1,0.040189569098767634
1990,296.25,-56.25,56.25,0.0,1,0.034373361819249285
1991,298.75,-56.25,56.25,0.0,1,0.03659899622893755
1992,301.25,-56.25,56.25,0.0,1,0.04033702934714974
1993,303.75,-56.25,56.25,0.0,1,0.048861517726846646
1994,306.25,-56.25,56.25,0.0,1,0.05767035170011781
1995,308.75,-56.25,56.25,0.0,1,0.05453392505726991
1996,311.25,-56.25,56.25,0.0,1,0.045887241235280395
1997,313.75,-56.25,56.25,0.0,1,0.04384455482276256
1998,316.25,-56.25,56.25,0.0,1,0.04632399597791411
1999,318.75,-56.25,56.25,0.0,1,0.04973266665414714
2000,321.25,-56.25,56.25,0.0,1,0.05325663313190303
2001,323.75,-56.25,56.25,0.0,1,0.05592810451598682
2002,326.25,-56.25,56.25,0.0,1,0.05930455299857103
2003,328.75,-56.25,56.25,0.0,1,0.06625637192531378
2004,331.25,-56.25,56.25,0.0,1,0.07534098697890707
2005,333.75,-56.25,56.25,0.0,1,0.08439938617485299
2006,336.25,-56.25,56.25,0.0,1,0.09174682669142258
2007,338.75,-56.25,56.25,0.0,1,0.09729324118584089
2008,341.25,-56.25,56.25,0.0,1,0.10147085632614693
2009,343.75,-56.25,56.25,0.0,1,0.10177293212525541
2010,346.25,-56.25,56.25,0.0,1,0.10091214129787379
2011,348.75,-56.25,56.25,0.0,1,0.10252437764074326
2012,351.25,-56.25,56.25,0.0,1,0.10391625456218224
2013,353.75,-56.25,56.25,0.0,1,0.101768168036662
2014,356.25,-56.25,56.25,0.0,1,0.09851738203344243
2015,358.75,-56.25,56.25,0.0,1,0.09653773511347341
2016,1.25,-53.75,53.75,0.0,1,0.058555333212865435
2017,3.75,-53.75,53.75,0.0,1,0.06328524876475584
2018,6.25,-53.75,53.75,0.0,1,0.06320644820077606
2019,8.75,-53.75,53.75,0.0,1,0.06418185717120438
2020,11.25,-53.75,53.75,0.0,1,0.06754158314074087
2021,13.75,-53.75,53.75,0.0,1,0.06790515736566384
2022,16.25,-53.75,53.75,0.0,1,0.06548442165699787
2023,18.75,-53.75,53.75,0.0,1,0.06464881256118259
2024,21.25,-53.75,53.75,0.0,1,0.06506897519979675
2025,23.75,-53.75,53.75,0.0,1,0.061658721785833426
2026,26.25,-53.75,53.75,0.0,1,0.057239229524269956
2027,28.75,-53.75,53.75,0.0,1,0.05676748959927451
2028,31.25,-53.75,53.75,0.0,3,0.06077049953124567
2029,33.75,-53.75,53.75,0.0,3,0.07147348965501212
2030,36.25,-53.75,53.75,0.0,3,0.08408559183051312
2031,38.75,-53.75,53.75,0.0,3,0.0917835863520001
2032,41.25,-53.75,53.75,0.0,3,0.09527548684666366
2033,43.75,-53.75,53.75,0.0,3,0.09356409778929856
2034,46.25,-53.75,53.75,0.0,3,0.08543060129847722
2035,48.75,-53.75,53.75,0.0,3,0.07874545143932708
2036,51.25,-53.75,53.75,0.0,3,0.07677160491750405
2037,53.75,-53.75,53.75,0.0,3,0.07749099175076116
2038,56.25,-53.75,53.75,0.0,3,0.08068030750737828
2039,58.75,-53.75,53.75,0.0,3,0.08471426718747099
2040,61.25,-53.75,53.75,0.0,3,0.08972062911383384
2041,63.75,-53.75,53.75,0.0,3,0.09909107756257994
2042,66.25,-53.75,53.75,0.0,3,0.11007699213449071
2043,68.75,-53.75,53.75,0.0,3,0.11309080585550071
2044,71.25,-53.75,53.75,0.0,3,0.10557604258483286
2045,73.75,-53.75,53.75,0.0,3,0.10319612528726922
2046,76.25,-53.75,53.75,0.0,3,0.09851570925916991
2047,78.75,-53.75,53.75,0.0,3,0.0835777679418191
2048,81.25,-53.75,53.75,0.0,3,0.07283548793354085
2049,83.75,-53.75,53.75,0.0,3,0.06127146220727895
2050,86.25,-53.75,53.75,0.0,3,0.04524365539738009
2051,88.75,-53.75,53.75,0.0,3,0.0360364779614946
2052,91.25,-53.75,53.75,0.0,3,0.03878265710110039
2053,93.75,-53.75,53.75,0.0,3,0.04687573795800891
2054,96.25,-53.75,53.75,0.0,3,0.05244075606274197
2055,98.75,-53.75,53.75,0.0,3,0.0524663866283909
2056,101.25,-53.75,53.75,0.0,3,0.04997271738751751
2057,103.75,-53.75,53.75,0.0,3,0.04478579815423709
2058,106.25,-53.75,53.75,0.0,3,0.04012947598990177
2059,108.75,-53.75,53.75,0.0,3,0.04026524138539823
2060,111.25,-53.75,53.75,0.0,3,0.0381565062105909
2061,113.75,-53.75,53.75,0.0,3,0.026325524914247656
2062,116.25,-53.75,53.75,0.0,3,0.007794005184491596
2063,118.75,-53.75,53.75,0.0,3,-0.011816858095254318
2064,121.25,-53.75,53.75,0.0,2,-0.023575719314937547
2065,123.75,-53.75,53.75,0.0,2,-0.024269408588457646
2066,126.25,-53.75,53.75,0.0,2,-0.021874136857346745
2067,128.75,-53.75,53.75,0.0,2,-0.01941187152002884
2068,131.25,-53.75,53.75,0.0,2,-0.015560312674160868
2069,133.75,-53.75,53.75,0.0,2,-0.009186356480604046
2070,136.25,-53.75,53.75,0.0,2,-0.0032360479189592235
2071,138.75,-53.75,53.75,0.0,2,-0.0022734790842664832
2072,141.25,-53.75,53.75,0.0,2,-0.004870118716361587
2073,143.75,-53.75,53.75,0.0,2,-0.0030373293378802265
2074,146.25,-53.75,53.75,0.0,2,0.006754684539871523
2075,148.75,-53.75,53.75,0.0,2,0.01957812849545499
2076,151.25,-53.75,53.75,0.0,2,0.02929709926150141
2077,153.75,-53.75,53.75,0.0,2,0.033399383669741815
2078,156.25,-53.75,53.75,0.0,2,0.03641525761925998
2079,158.75,-53.75,53.75,0.0,2,0.04363918086247043
2080,161.25,-53.75,53.75,0.0,2,0.04758224261512553
2081,163.75,-53.75,53.75,0.0,2,0.04334370486862484
2082,166.25,-53.75,53.75,0.0,2,0.037790618887571625
2083,168.75,-53.75,53.75,0.0,2,0.03276912937820505
2084,171.25,-53.75,53.75,0.0,2,0.02958369662053966
2085,173.75,-53.75,53.75,0.0,2,0.024087016401189345
2086,176.25,-53.75,53.75,0.0,2,0.0136801796128361
2087,178.75,-53.75,53.75,0.0,2,0.0010430596243566576
2088,181.25,-53.75,53.75,0.0,2,-0.005873662989100731
2089,183.75,-53.75,53.75,0.0,2,-0.0008306438329135356
2090,186.25,-53.75,53.75,0.0,2,0.005250996885196543
2091,188.75,-53.75,53.75,0.0,2,0.0067303860175705315
2092,191.25,-53.75,53.75,0.0,2,0.003129820682641641
2093,193.75,-53.75,53.75,0.0,2,0.0009980107549137265
2094,196.25,-53.75,53.75,0.0,2,0.003786455507482888
2095,198.75,-53.75,53.75,0.0,2,0.004681963743884673
2096,201.25,-53.75,53.75,0.0,2,-0.0010351829613441804
2097,203.75,-53.75,53.75,0.0,2,-0.005930596662336175
2098,206.25,-53.75,53.75,0.0,2,0.000675172766227021
2099,208.75,-53.75,53.75,0.0,2,0.011468326775954545
2100,211.25,-53.75,53.75,0.0,2,0.01848034401848621
2101,213.75,-53.75,53.75,0.0,2,0.019003157424244483
2102,216.25,-53.75,53.75,0.0,2,0.015733454013656657
2103,218.75,-53.75,53.75,0.0,2,0.01608649576912488
2104,221.25,-53.75,53.75,0.0,2,0.014983096955193875
2105,223.75,-53.75,53.75,0.0,2,0.0067576609640571765
2106,226.25,-53.75,53.75,0.0,2,0.0035638570465495937
2107,228.75,-53.75,53.75,0.0,2,0.006099435309625334
2108,231.25,-53.75,53.75,0.0,2,0.008305598183655607
2109,233.75,-53.75,53.75,0.0,2,0.014306771303611715
2110,236.25,-53.75,53.75,0.0,2,0.017579982218199855
2111,238.75,-53.75,53.75,0.0,2,0.014043477845206641
2112,241.25,-53.75,53.75,0.0,2,0.012612462190778165
2113,243.75,-53.75,53.75,0.0,2,0.01478496121146605
2114,246.25,-53.75,53.75,0.0,2,0.021822595325173336
2115,248.75,-53.75,53.75,0.0,2,0.03242376984529101
2116,251.25,-53.75,53.75,0.0,2,0.03875430893335128
2117,253.75,-53.75,53.75,0.0,2,0.041764281686825534
2118,256.25,-53.75,53.75,0.0,2,0.046634723392703616
2119,258.75,-53.75,53.75,0.0,2,0.05129325295793196
2120,261.25,-53.75,53.75,0.0,2,0.053210772235139515
2121,263.75,-53.75,53.75,0.0,2,0.05461598425979299
2122,266.25,-53.75,53.75,0.0,2,0.055619806947482156
2123,268.75,-53.75,53.75,0.0,2,0.05790627554604057
2124,271.25,-53.75,53.75,0.0,2,0.059805744391330004
2125,273.75,-53.75,53.75,0.0,2,0.055528774365504026
2126,276.25,-53.75,53.75,0.0,2,0.04627269502766142
2127,278.75,-53.75,53.75,0.0,2,0.038503803104347985
2128,281.25,-53.75,53.75,0.0,1,0.03681145421035516
2129,283.75,-53.75,53.75,0.0,1,0.04605405763475055
2130,286.25,-53.75,53.75,0.0,1,0.056554302156849645
2131,288.75,-53.75,53.75,0.0,0,0.04243676578401703
2132,291.25,-53.75,53.75,1.0,0,0.010365141787039353
2133,293.75,-53.75,53.75,0.0,1,-0.019172696364211598
2134,296.25,-53.75,53.75,0.0,1,-0.03284864187145477
2135,298.75,-53.75,53.75,0.0,1,-0.03219657852180501
2136,301.25,-53.75,53.75,0.0,1,-0.029410522357164674
2137,303.75,-53.75,53.75,0.0,1,-0.026015414564722356
2138,306.25,-53.75,53.75,0.0,1,-0.01874037379145603
2139,308.75,-53.75,53.75,0.0,1,-0.0053402109306357635
2140,311.25,-53.75,53.75,0.0,1,0.00879445030994574
2141,313.75,-53.75,53.75,0.0,1,0.017296308036009397
2142,316.25,-53.75,53.75,0.0,1,0.017675441122108816
2143,318.75,-53.75,53.75,0.0,1,0.015403657785076083
2144,321.25,-53.75,53.75,0.0,1,0.014912317729963653
2145,323.75,-53.75,53.75,0.0,1,0.015546108758220172
2146,326.25,-53.75,53.75,0.0,1,0.018646384693486735
2147,328.75,-53.75,53.75,0.0,1,0.02643902013373232
2148,331.25,-53.75,53.75,0.0,1,0.039694777425221435
2149,333.75,-53.75,53.75,0.0,1,0.05454303233944645
2150,336.25,-53.75,53.75,0.0,1,0.06343388272452666
2151,338.75,-53.75,53.75,0.0,1,0.06707277304364379
2152,341.25,-53.75,53.75,0.0,1,0.068446611721574
2153,343.75,-53.75,53.75,0.0,1,0.06897344318856358
2154,346.25,-53.75,53.75,0.0,1,0.07286200950512721
2155,348.75,-53.75,53.75,0.0,1,0.07655448959678707
2156,351.25,-53.75,53.75,0.0,1,0.06976370321053507
2157,353.75,-53.75,53.75,0.0,1,0.057426349284790214
2158,356.25,-53.75,53.75,0.0,1,0.051085018151374076
2159,358.75,-53.75,53.75,0.0,1,0.05238606793660146
2160,1.25,-51.25,51.25,0.0,1,0.05057534875485288
2161,3.75,-51.25,51.25,0.0,1,0.04943404952379868
2162,6.25,-51.25,51.25,0.0,1,0.04432891635693864
2163,8.75,-51.25,51.25,0.0,1,0.0372848957938738
2164,11.25,-51.25,51.25,0.0,1,0.03165827325874303
2165,13.75,-51.25,51.25,0.0,1,0.028463695580003362
2166,16.25,-51.25,51.25,0.0,1,0.02767810772398162
2167,18.75,-51.25,51.25,0.0,1,0.02813368980987239
2168,21.25,-51.25,51.25,0.0,1,0.027081984934871045
2169,23.75,-51.25,51.25,0.0,1,0.02805796702584901
2170,26.25,-51.25,51.25,0.0,1,0.03855867116029393
2171,28.75,-51.25,51.25,0.0,1,0.0546518970477244
2172,31.25,-51.25,51.25,0.0,3,0.06521563087076718
2173,33.75,-51.25,51.25,0.0,3,0.06887961825580727
2174,36.25,-51.25,51.25,0.0,3,0.06924287875914598
2175,38.75,-51.25,51.25,0.0,3,0.06961236628793921
2176,41.25,-51.25,51.25,0.0,3,0.06694566350725585
2177,43.75,-51.25,51.25,0.0,3,0.0635698892407431
2178,46.25,-51.25,51.25,0.0,3,0.06720802568369888
2179,48.75,-51.25,51.25,0.0,3,0.07444799699748271
2180,51.25,-51.25,51.25,0.0,3,0.08169137290957593
2181,53.75,-51.25,51.25,0.0,3,0.08576284654020476
2182,56.25,-51.25,51.25,0.0,3,0.08028484512254752
2183,58.75,-51.25,51.25,0.0,3,0.0734008095491478
2184,61.25,-51.25,51.25,0.0,3,0.0795850336997012
2185,63.75,-51.25,51.25,0.0,3,0.08480927932470467
2186,66.25,-51.25,51.25,0.0,3,0.07984416342067054
2187,68.75,-51.25,51.25,0.0,3,0.07029262014137475
2188,71.25,-51.25,51.25,0.0,3,0.06328210128697453
2189,73.75,-51.25,51.25,0.0,3,0.06561863989362948
2190,76.25,-51.25,51.25,0.0,3,0.06636556974078886
2191,78.75,-51.25,51.25,0.0,3,0.05443732743671815
2192,81.25,-51.25,51.25,0.0,3,0.03282998332334977
2193,83.75,-51.25,51.25,0.0,3,0.017173562826885546
2194,86.25,-51.25,51.25,0.0,3,0.013057730110520683
2195,88.75,-51.25,51.25,0.0,3,0.014678049620888823
2196,91.25,-51.25,51.25,0.0,3,0.020364372013016777
2197,93.75,-51.25,51.25,0.0,3,0.025082576372907887
2198,96.25,-51.25,51.25,0.0,3,0.027367038953935226
2199,98.75,-51.25,51.25,0.0,3,0.026964991224167498
2200,101.25,-51.25,51.25,0.0,3,0.024017993936931242
2201,103.75,-51.25,51.25,0.0,3,0.023330814130446458
2202,106.25,-51.25,51.25,0.0,3,0.026762554722712148
2203,108.75,-51.25,51.25,0.0,3,0.02862586073759812
2204,111.25,-51.25,51.25,0.0,3,0.02104236053597175
2205,113.75,-51.25,51.25,0.0,3,0.0065986072130385974
2206,116.25,-51.25,51.25,0.0,3,-0.007159227772691567
2207,118.75,-51.25,51.25,0.0,3,-0.02009017784516424
2208,121.25,-51.25,51.25,0.0,2,-0.03208031845145337
2209,123.75,-51.25,51.25,0.0,2,-0.03899798656326916
2210,126.25,-51.25,51.25,0.0,2,-0.03628581587295682
2211,128.75,-51.25,51.25,0.0,2,-0.027018809800103415
2212,131.25,-51.25,51.25,0.0,2,-0.0223324311428234
2213,133.75,-51.25,51.25,0.0,2,-0.023780628131168186
2214,136.25,-51.25,51.25,0.0,2,-0.0312971767117801
2215,138.75,-51.25,51.25,0.0,2,-0.03913803877510523
2216,141.25,-51.25,51.25,0.0,2,-0.03864636985577955
2217,143.75,-51.25,51.25,0.0,2,-0.029706678325334163
2218,146.25,-51.25,51.25,0.0,2,-0.011828844118480761
2219,148.75,-51.25,51.25,0.0,2,0.006239865767646604
2220,151.25,-51.25,51.25,0.0,2,0.010690443858158144
2221,153.75,-51.25,51.25,0.0,2,0.009130150317572437
2222,156.25,-51.25,51.25,0.0,2,0.012757484193125201
2223,158.75,-51.25,51.25,0.0,2,0.015106638995998402
2224,161.25,-51.25,51.25,0.0,2,0.007100425360964561
2225,163.75,-51.25,51.25,0.0,2,-0.00019930311599458713
2226,166.25,-51.25,51.25,0.0,2,0.0019469771055460785
2227,168.75,-51.25,51.25,0.0,2,0.0011125148431325867
2228,171.25,-51.25,51.25,0.0,2,0.0005215532704905385
2229,173.75,-51.25,51.25,0.0,2,0.0028036030488224617
2230,176.25,-51.25,51.25,0.0,2,-0.002569498996657457
2231,178.75,-51.25,51.25,0.0,2,-0.00862576619107644
2232,181.25,-51.25,51.25,0.0,2,-0.005206631138450085
2233,183.75,-51.25,51.25,0.0,2,-0.0008859146027428322
2234,186.25,-51.25,51.25,0.0,2,0.0008802553237412978
2235,188.75,-51.25,51.25,0.0,2,0.0043336220098254925
2236,191.25,-51.25,51.25,0.0,2,0.004263893352418782
2237,193.75,-51.25,51.25,0.0,2,0.004138314914869268
2238,196.25,-51.25,51.25,0.0,2,0.007826115953418773
2239,198.75,-51.25,51.25,0.0,2,0.005583534988113816
2240,201.25,-51.25,51.25,0.0,2,-0.006276850442472328
2241,203.75,-51.25,51.25,0.0,2,-0.01610980171281147
2242,206.25,-51.25,51.25,0.0,2,-0.016988552093995385
2243,208.75,-51.25,51.25,0.0,2,-0.014651172456202202
2244,211.25,-51.25,51.25,0.0,2,-0.010055919725701246
2245,213.75,-51.25,51.25,0.0,2,-0.003862659646236072
2246,216.25,-51.25,51.25,0.0,2,-0.005518422437023677
2247,218.75,-51.25,51.25,0.0,2,-0.014663232779511733
2248,221.25,-51.25,51.25,0.0,2,-0.020491566689314747
2249,223.75,-51.25,51.25,0.0,2,-0.02119653864650184
2250,226.25,-51.25,51.25,0.0,2,-0.017277713467854304
2251,228.75,-51.25,51.25,0.0,2,-0.013289739904350784
2252,231.25,-51.25,51.25,0.0,2,-0.017544037501454484
2253,233.75,-51.25,51.25,0.0,2,-0.02499069955976649
2254,236.25,-51.25,51.25,0.0,2,-0.03261641567536502
2255,238.75,-51.25,51.25,0.0,2,-0.036511704315316786
2256,241.25,-51.25,51.25,0.0,2,-0.035952196479049243
2257,243.75,-51.25,51.25,0.0,2,-0.03425666982228469
2258,246.25,-51.25,51.25,0.0,2,-0.027441488914481102
2259,248.75,-51.25,51.25,0.0,2,-0.019383502025771694
2260,251.25,-51.25,51.25,0.0,2,-0.013125188806095048
2261,253.75,-51.25,51.25,0.0,2,-0.002647904092879693
2262,256.25,-51.25,51.25,0.0,2,0.010247020242016708
2263,258.75,-51.25,51.25,0.0,2,0.017254767595215537
2264,261.25,-51.25,51.25,0.0,2,0.0183820864738617
2265,263.75,-51.25,51.25,0.0,2,0.014597929438415487
2266,266.25,-51.25,51.25,0.0,2,0.009719048418704059
2267,268.75,-51.25,51.25,0.0,2,0.008556097239771944
2268,271.25,-51.25,51.25,0.0,2,0.00866019083307176
2269,273.75,-51.25,51.25,0.0,2,0.008220035751461413
2270,276.25,-51.25,51.25,0.0,2,0.008211968252199808
2271,278.75,-51.25,51.25,0.0,2,0.010055259053061759
2272,281.25,-51.25,51.25,0.0,1,0.010404400077347786
2273,283.75,-51.25,51.25,0.0,1,0.014216784827305907
2274,286.25,-51.25,51.25,0.0,0,0.015617076161845383
2275,288.75,-51.25,51.25,1.0,0,-0.009123990447238921
2276,291.25,-51.25,51.25,0.0,1,-0.03492879474070302
2277,293.75,-51.25,51.25,0.0,1,-0.03839828936647115
2278,296.25,-51.25,51.25,0.0,1,-0.03425064392205651
2279,298.75,-51.25,51.25,0.0,1,-0.030255699315727417
2280,301.25,-51.25,51.25,0.0,1,-0.026639350298778623
2281,303.75,-51.25,51.25,0.0,1,-0.022997661040523212
2282,306.25,-51.25,51.25,0.0,1,-0.012179963960091444
2283,308.75,-51.25,51.25,0.0,1,0.003212303580220768
2284,311.25,-51.25,51.25,0.0,1,0.009691531032565566
2285,313.75,-51.25,51.25,0.0,1,0.007734342521165663
2286,316.25,-51.25,51.25,0.0,1,0.002137959358418899
2287,318.75,-51.25,51.25,0.0,1,-0.0027924675440364165
2288,321.25,-51.25,51.25,0.0,1,-0.005122734037020056
2289,323.75,-51.25,51.25,0.0,1,-0.0017901566767226644
2290,326.25,-51.25,51.25,0.0,1,0.0054391593448639836
2291,328.75,-51.25,51.25,0.0,1,0.01202623772094449
2292,331.25,-51.25,51.25,0.0,1,0.021555319794842268
2293,333.75,-51.25,51.25,0.0,1,0.03201501462717713
2294,336.25,-51.25,51.25,0.0,1,0.03861568264281876
2295,338.75,-51.25,51.25,0.0,1,0.04325733499645853
2296,341.25,-51.25,51.25,0.0,1,0.05026018984535918
2297,343.75,-51.25,51.25,0.0,1,0.059372938909057
2298,346.25,-51.25,51.25,0.0,1,0.06462068088746582
2299,348.75,-51.25,51.25,0.0,1,0.059638682027830986
2300,351.25,-51.25,51.25,0.0,1,0.04611045617605765
2301,353.75,-51.25,51.25,0.0,1,0.036636686906889634
2302,356.25,-51.25,51.25,0.0,1,0.03715087441356971
2303,358.75,-51.25,51.25,0.0,1,0.04477775741063804
2304,1.25,-48.75,48.75,0.0,1,0.05063138446559661
2305,3.75,-48.75,48.75,0.0,1,0.04465564949507839
2306,6.25,-48.75,48.75,0.0,1,0.03387569554777049
2307,8.75,-48.75,48.75,0.0,1,0.02397160671154675
2308,11.25,-48.75,48.75,0.0,1,0.012586689338169395
2309,13.75,-48.75,48.75,0.0,1,0.0029988407603047814
2310,16.25,-48.75,48.75,0.0,1,0.0036485441962265906
2311,18.75,-48.75,48.75,0.0,1,0.007749124358526592
2312,21.25,-48.75,48.75,0.0,1,0.013642812028577625
2313,23.75,-48.75,48.75,0.0,1,0.022096883190887966
2314,26.25,-48.75,48.75,0.0,1,0.03167935290266325
2315,28.75,-48.75,48.75,0.0,1,0.03867219866875915
2316,31.25,-48.75,48.75,0.0,3,0.04150959101490565
2317,33.75,-48.75,48.75,0.0,3,0.041537169820988595
2318,36.25,-48.75,48.75,0.0,3,0.04450427187214262
2319,38.75,-48.75,48.75,0.0,3,0.0525104074626137
2320,41.25,-48.75,48.75,0.0,3,0.05909554254366989
2321,43.75,-48.75,48.75,0.0,3,0.06729812973854708
2322,46.25,-48.75,48.75,0.0,3,0.0776789947563729
2323,48.75,-48.75,48.75,0.0,3,0.08122263616700139
2324,51.25,-48.75,48.75,0.0,3,0.0777155328538281
2325,53.75,-48.75,48.75,0.0,3,0.07020089084374381
2326,56.25,-48.75,48.75,0.0,3,0.05936854650235732
2327,58.75,-48.75,48.75,0.0,3,0.05280237244681178
2328,61.25,-48.75,48.75,0.0,3,0.052630553682293246
2329,63.75,-48.75,48.75,0.0,3,0.04850772963510996
2330,66.25,-48.75,48.75,0.0,3,0.042718894351943586
2331,68.75,-48.75,48.75,0.0,3,0.041696298896921696
2332,71.25,-48.75,48.75,0.0,3,0.03965399113837106
2333,73.75,-48.75,48.75,0.0,3,0.03396022997315002
2334,76.25,-48.75,48.75,0.0,3,0.028750018838318778
2335,78.75,-48.75,48.75,0.0,3,0.0204529023697552
2336,81.25,-48.75,48.75,0.0,3,0.006662386993043989
2337,83.75,-48.75,48.75,0.0,3,0.0008470819968646826
2338,86.25,-48.75,48.75,0.0,3,0.0036311235471575736
2339,88.75,-48.75,48.75,0.0,3,0.008159686015696112
2340,91.25,-48.75,48.75,0.0,3,0.008912959804350635
2341,93.75,-48.75,48.75,0.0,3,0.005275982039980575
2342,96.25,-48.75,48.75,0.0,3,0.0031566753206604048
2343,98.75,-48.75,48.75,0.0,3,-0.0015359202638666387
2344,101.25,-48.75,48.75,0.0,3,-0.007120182892002267
2345,103.75,-48.75,48.75,0.0,3,-0.003799360580492908
2346,106.25,-48.75,48.75,0.0,3,-0.006965128768460686
2347,108.75,-48.75,48.75,0.0,3,-0.026053234505158424
2348,111.25,-48.75,48.75,0.0,3,-0.04483706193501729
2349,113.75,-48.75,48.75,0.0,3,-0.053368922399957025
2350,116.25,-48.75,48.75,0.0,3,-0.05329854595514945
2351,118.75,-48.75,48.75,0.0,3,-0.05524319918329447
2352,121.25,-48.75,48.75,0.0,2,-0.05856807646370717
2353,123.75,-48.75,48.75,0.0,2,-0.05795719365568794
2354,126.25,-48.75,48.75,0.0,2,-0.052997609724632966
2355,128.75,-48.75,48.75,0.0,2,-0.04338046834116262
2356,131.25,-48.75,48.75,0.0,2,-0.03843675562178075
2357,133.75,-48.75,48.75,0.0,2,-0.04758762891191606
2358,136.25,-48.75,48.75,0.0,2,-0.05981827859782417
2359,138.75,-48.75,48.75,0.0,2,-0.05286467434305014
2360,141.25,-48.75,48.75,0.0,2,-0.029765396884361153
2361,143.75,-48.75,48.75,0.0,2,-0.007912364413561288
2362,146.25,-48.75,48.75,0.0,2,0.004792935422528437
2363,148.75,-48.75,48.75,0.0,2,0.00486401884735263
2364,151.25,-48.75,48.75,0.0,2,0.002139858632071452
2365,153.75,-48.75,48.75,0.0,2,0.005830228397063554
2366,156.25,-48.75,48.75,0.0,2,0.006305403139300296
2367,158.75,-48.75,48.75,0.0,2,-0.0075407618840328105
2368,161.25,-48.75,48.75,0.0,2,-0.026030370360329454
2369,163.75,-48.75,48.75,0.0,2,-0.03468663933546923
2370,166.25,-48.75,48.75,0.0,2,-0.031159756716728975
2371,168.75,-48.75,48.75,0.0,2,-0.022622712190258507
2372,171.25,-48.75,48.75,0.0,2,-0.013992806191784272
2373,173.75,-48.75,48.75,0.0,2,-0.007845944325607467
2374,176.25,-48.75,48.75,0.0,2,-0.006765266388896153
2375,178.75,-48.75,48.75,0.0,2,-0.0009232350914652331
2376,181.25,-48.75,48.75,0.0,2,0.010437102503187233
2377,183.75,-48.75,48.75,0.0,2,0.016207515329293938
2378,186.25,-48.75,48.75,0.0,2,0.018636518800118764
2379,188.75,-48.75,48.75,0.0,2,0.016641492063995685
2380,191.25,-48.75,48.75,0.0,2,0.011848406110805596
2381,193.75,-48.75,48.75,0.0,2,0.016328289685249003
2382,196.25,-48.75,48.75,0.0,2,0.01970132543484531
2383,198.75,-48.75,48.75,0.0,2,0.012020606883231186
2384,201.25,-48.75,48.75,0.0,2,0.0012942129522500118
2385,203.75,-48.75,48.75,0.0,2,-0.005143616194928089
2386,206.25,-48.75,48.75,0.0,2,-0.006987079630601819
2387,208.75,-48.75,48.75,0.0,2,-0.005967343697659792
2388,211.25,-48.75,48.75,0.0,2,-6.296630893127346e-06
2389,213.75,-48.75,48.75,0.0,2,0.007770640856144969
2390,216.25,-48.75,48.75,0.0,2,0.003646491003915612
2391,218.75,-48.75,48.75,0.0,2,-0.009800817939312138
2392,221.25,-48.75,48.75,0.0,2,-0.019589466135549006
2393,223.75,-48.75,48.75,0.0,2,-0.02948630099455655
2394,226.25,-48.75,48.75,0.0,2,-0.044981901424674994
2395,228.75,-48.75,48.75,0.0,2,-0.06069623117536123
2396,231.25,-48.75,48.75,0.0,2,-0.06897725138290901
2397,233.75,-48.75,48.75,0.0,2,-0.06737949528556436
2398,236.25,-48.75,48.75,0.0,2,-0.060008115273644046
2399,238.75,-48.75,48.75,0.0,2,-0.052638974742700066
2400,241.25,-48.75,48.75,0.0,2,-0.04920118127530372
2401,243.75,-48.75,48.75,0.0,2,-0.049008431830374975
2402,246.25,-48.75,48.75,0.0,2,-0.04879293512496593
2403,248.75,-48.75,48.75,0.0,2,-0.04856748426324322
2404,251.25,-48.75,48.75,0.0,2,-0.04325917371708303
2405,253.75,-48.75,48.75,0.0,2,-0.030377440210842436
2406,256.25,-48.75,48.75,0.0,2,-0.01021853315319141
2407,258.75,-48.75,48.75,0.0,2,0.008498527728809602
2408,261.25,-48.75,48.75,0.0,2,0.014730406108247641
2409,263.75,-48.75,48.75,0.0,2,0.008248743693341769
2410,266.25,-48.75,48.75,0.0,2,-0.0048205660850092315
2411,268.75,-48.75,48.75,0.0,2,-0.01775800303071498
2412,271.25,-48.75,48.75,0.0,2,-0.027926150774182267
2413,273.75,-48.75,48.75,0.0,2,-0.029307849656286522
2414,276.25,-48.75,48.75,0.0,2,-0.02383444427344175
2415,278.75,-48.75,48.75,0.0,2,-0.020549421565056198
2416,281.25,-48.75,48.75,0.0,1,-0.02005930642282522
2417,283.75,-48.75,48.75,0.0,1,-0.010857914801037776
2418,286.25,-48.75,48.75,1.0,0,-0.007694668178620215
2419,288.75,-48.75,48.75,1.0,0,-0.029828553878722838
2420,291.25,-48.75,48.75,1.0,0,-0.04222545932395285
2421,293.75,-48.75,48.75,0.0,1,-0.02941515319449682
2422,296.25,-48.75,48.75,0.0,1,-0.01605428677632587
2423,298.75,-48.75,48.75,0.0,1,-0.0077166507473489685
2424,301.25,-48.75,48.75,0.0,1,-0.0013406407885408066
2425,303.75,-48.75,48.75,0.0,1,0.007025552486923932
2426,306.25,-48.75,48.75,0.0,1,0.01857407063440955
2427,308.75,-48.75,48.75,0.0,1,0.0204521249852638
2428,311.25,-48.75,48.75,0.0,1,0.010793436388344036
2429,313.75,-48.75,48.75,0.0,1,0.001997827138574379
2430,316.25,-48.75,48.75,0.0,1,0.0006598859727351194
2431,318.75,-48.75,48.75,0.0,1,0.0056477788614980335
2432,321.25,-48.75,48.75,0.0,1,0.014727644096433515
2433,323.75,-48.75,48.75,0.0,1,0.025198336589165416
2434,326.25,-48.75,48.75,0.0,1,0.03243314967847032
2435,328.75,-48.75,48.75,0.0,1,0.03643127611069425
2436,331.25,-48.75,48.75,0.0,1,0.0396328528044359
2437,333.75,-48.75,48.75,0.0,1,0.037507027315538295
2438,336.25,-48.75,48.75,0.0,1,0.03319226802555659
2439,338.75,-48.75,48.75,0.0,1,0.03040630990134022
2440,341.25,-48.75,48.75,0.0,1,0.03372377114098233
2441,343.75,-48.75,48.75,0.0,1,0.04361053488269624
2442,346.25,-48.75,48.75,0.0,1,0.046432893320368235
2443,348.75,-48.75,48.75,0.0,1,0.04021399589477573
2444,351.25,-48.75,48.75,0.0,1,0.03610290431300113
2445,353.75,-48.75,48.75,0.0,1,0.03934869988095823
2446,356.25,-48.75,48.75,0.0,1,0.043848313916674715
2447,358.75,-48.75,48.75,0.0,1,0.04889568138949423
2448,1.25,-46.25,46.25,0.0,1,0.028908143748853025
2449,3.75,-46.25,46.25,0.0,1,0.024603862671416465
2450,6.25,-46.25,46.25,0.0,1,0.022191299917636912
2451,8.75,-46.25,46.25,0.0,1,0.012322012555109334
2452,11.25,-46.25,46.25,0.0,1,-0.004486272150666239
2453,13.75,-46.25,46.25,0.0,1,-0.01067831224795008
2454,16.25,-46.25,46.25,0.0,1,-0.0065722320170834595
2455,18.75,-46.25,46.25,0.0,1,-0.004421307569182989
2456,21.25,-46.25,46.25,0.0,1,-0.002411391598768705
2457,23.75,-46.25,46.25,0.0,1,-0.0009862996345428956
2458,26.25,-46.25,46.25,0.0,1,-0.003565771337716
2459,28.75,-46.25,46.25,0.0,1,-0.002903994553718051
2460,31.25,-46.25,46.25,0.0,3,0.005381620989214087
2461,33.75,-46.25,46.25,0.0,3,0.018958805013559683
2462,36.25,-46.25,46.25,0.0,3,0.042550359106142494
2463,38.75,-46.25,46.25,0.0,3,0.06156630248337442
2464,41.25,-46.25,46.25,0.0,3,0.06492176420653903
2465,43.75,-46.25,46.25,0.0,3,0.07697357183838208
2466,46.25,-46.25,46.25,0.0,3,0.09425320264981155
2467,48.75,-46.25,46.25,0.0,3,0.0984041121055279
2468,51.25,-46.25,46.25,0.0,3,0.09182748270537276
2469,53.75,-46.25,46.25,0.0,3,0.08313651000682422
2470,56.25,-46.25,46.25,0.0,3,0.07277381353804235
2471,58.75,-46.25,46.25,0.0,3,0.057942061551509945
2472,61.25,-46.25,46.25,0.0,3,0.04967277924176161
2473,63.75,-46.25,46.25,0.0,3,0.047935856424869236
2474,66.25,-46.25,46.25,0.0,3,0.04228482010480196
2475,68.75,-46.25,46.25,0.0,3,0.029426447468962048
2476,71.25,-46.25,46.25,0.0,3,0.009993011146983755
2477,73.75,-46.25,46.25,0.0,3,-0.00559769134282095
2478,76.25,-46.25,46.25,0.0,3,-0.007562858421450045
2479,78.75,-46.25,46.25,0.0,3,-0.00602403025349595
2480,81.25,-46.25,46.25,0.0,3,-0.011363715335363641
2481,83.75,-46.25,46.25,0.0,3,-0.01815572751539964
2482,86.25,-46.25,46.25,0.0,3,-0.01805348197578562
2483,88.75,-46.25,46.25,0.0,3,-0.014446843567825697
2484,91.25,-46.25,46.25,0.0,3,-0.01619534340343523
2485,93.75,-46.25,46.25,0.0,3,-0.02632020385470958
2486,96.25,-46.25,46.25,0.0,3,-0.04957794690411015
2487,98.75,-46.25,46.25,0.0,3,-0.07584815266225964
2488,101.25,-46.25,46.25,0.0,3,-0.08545413377648324
2489,103.75,-46.25,46.25,0.0,3,-0.08166342384710257
2490,106.25,-46.25,46.25,0.0,3,-0.0860230640886465
2491,108.75,-46.25,46.25,0.0,3,-0.10087772919131524
2492,111.25,-46.25,46.25,0.0,3,-0.10274144958617139
2493,113.75,-46.25,46.25,0.0,3,-0.09374923573228075
2494,116.25,-46.25,46.25,0.0,3,-0.0862576137610199
2495,118.75,-46.25,46.25,0.0,3,-0.07960739528305934
2496,121.25,-46.25,46.25,0.0,2,-0.0770783040093305
2497,123.75,-46.25,46.25,0.0,2,-0.07615664772972658
2498,126.25,-46.25,46.25,0.0,2,-0.07079101511029316
2499,128.75,-46.25,46.25,0.0,2,-0.06288805828150175
2500,131.25,-46.25,46.25,0.0,2,-0.05823347620057601
2501,133.75,-46.25,46.25,0.0,2,-0.05376509884965904
2502,136.25,-46.25,46.25,0.0,2,-0.042598413603570646
2503,138.75,-46.25,46.25,0.0,2,-0.022777968650600354
2504,141.25,-46.25,46.25,0.0,2,-0.0016897021471944352
2505,143.75,-46.25,46.25,0.0,2,0.010846813458679373
2506,146.25,-46.25,46.25,0.0,2,0.01447141239831229
2507,148.75,-46.25,46.25,0.0,2,0.01562643069662672
2508,151.25,-46.25,46.25,0.0,2,0.02262558463099657
2509,153.75,-46.25,46.25,0.0,2,0.026598835518497694
2510,156.25,-46.25,46.25,0.0,2,0.013664753578505173
2511,158.75,-46.25,46.25,0.0,2,-0.0027609740496908333
2512,161.25,-46.25,46.25,0.0,2,-0.009807597435461394
2513,163.75,-46.25,46.25,0.0,2,-0.009120909474150845
2514,166.25,-46.25,46.25,0.0,2,-0.007591342796654827
2515,168.75,-46.25,46.25,0.0,0,-0.006225518995532106
2516,171.25,-46.25,46.25,0.0,2,0.003921245291947639
2517,173.75,-46.25,46.25,0.0,2,0.01607473870501944
2518,176.25,-46.25,46.25,0.0,2,0.021415024653719885
2519,178.75,-46.25,46.25,0.0,2,0.028028571908877347
2520,181.25,-46.25,46.25,0.0,2,0.039430351036366496
2521,183.75,-46.25,46.25,0.0,2,0.04179538517811171
2522,186.25,-46.25,46.25,0.0,2,0.02446331819700324
2523,188.75,-46.25,46.25,0.0,2,0.008253773685617269
2524,191.25,-46.25,46.25,0.0,2,0.013066064635576411
2525,193.75,-46.25,46.25,0.0,2,0.025947679596823623
2526,196.25,-46.25,46.25,0.0,2,0.024022979551162102
2527,198.75,-46.25,46.25,0.0,2,0.0129556245547078
2528,201.25,-46.25,46.25,0.0,2,0.011633822937669708
2529,203.75,-46.25,46.25,0.0,2,0.013933953666786398
2530,206.25,-46.25,46.25,0.0,2,0.011182291964968283
2531,208.75,-46.25,46.25,0.0,2,0.011247527896973341
2532,211.25,-46.25,46.25,0.0,2,0.018169937038615434
2533,213.75,-46.25,46.25,0.0,2,0.02313735473558574
2534,216.25,-46.25,46.25,0.0,2,0.01091520070655472
2535,218.75,-46.25,46.25,0.0,2,-0.011807970625289304
2536,221.25,-46.25,46.25,0.0,2,-0.03304156563417235
2537,223.75,-46.25,46.25,0.0,2,-0.0599503273880247
2538,226.25,-46.25,46.25,0.0,2,-0.08873738924591464
2539,228.75,-46.25,46.25,0.0,2,-0.10058595961108766
2540,231.25,-46.25,46.25,0.0,2,-0.08989889549895838
2541,233.75,-46.25,46.25,0.0,2,-0.06773756389719697
2542,236.25,-46.25,46.25,0.0,2,-0.04456584306079181
2543,238.75,-46.25,46.25,0.0,2,-0.02980525678267352
2544,241.25,-46.25,46.25,0.0,2,-0.030988844667169203
2545,243.75,-46.25,46.25,0.0,2,-0.04279744632995409
2546,246.25,-46.25,46.25,0.0,2,-0.053466264385012514
2547,248.75,-46.25,46.25,0.0,2,-0.05782860182979586
2548,251.25,-46.25,46.25,0.0,2,-0.05475153610335659
2549,253.75,-46.25,46.25,0.0,2,-0.040334730736198574
2550,256.25,-46.25,46.25,0.0,2,-0.019473111599065285
2551,258.75,-46.25,46.25,0.0,2,-0.007172419763549137
2552,261.25,-46.25,46.25,0.0,2,-0.008170920553176772
2553,263.75,-46.25,46.25,0.0,2,-0.020357577712753497
2554,266.25,-46.25,46.25,0.0,2,-0.03459892123611511
2555,268.75,-46.25,46.25,0.0,2,-0.04440669407889053
2556,271.25,-46.25,46.25,0.0,2,-0.05067031882789591
2557,273.75,-46.25,46.25,0.0,2,-0.05208652699252954
2558,276.25,-46.25,46.25,0.0,2,-0.047011281467417475
2559,278.75,-46.25,46.25,0.0,2,-0.04170619450181052
2560,281.25,-46.25,46.25,0.0,1,-0.04286844172092581
2561,283.75,-46.25,46.25,0.0,1,-0.041537004629542955
2562,286.25,-46.25,46.25,1.0,0,-0.030866416285858317
2563,288.75,-46.25,46.25,1.0,0,-0.03290304868762118
2564,291.25,-46.25,46.25,1.0,0,-0.03550410470963311
2565,293.75,-46.25,46.25,0.0,1,-0.02302473699931385
2566,296.25,-46.25,46.25,0.0,1,-0.007483431634365783
2567,298.75,-46.25,46.25,0.0,1,0.007488935002978688
2568,301.25,-46.25,46.25,0.0,1,0.021005041023585313
2569,303.75,-46.25,46.25,0.0,1,0.04014425410688323
2570,306.25,-46.25,46.25,0.0,1,0.05182109864660213
2571,308.75,-46.25,46.25,0.0,1,0.0491839645586891
2572,311.25,-46.25,46.25,0.0,1,0.04184526908338391
2573,313.75,-46.25,46.25,0.0,1,0.03871602310575933
2574,316.25,-46.25,46.25,0.0,1,0.04769943724403161
2575,318.75,-46.25,46.25,0.0,1,0.065389569960525
2576,321.25,-46.25,46.25,0.0,1,0.07902726543364198
2577,323.75,-46.25,46.25,0.0,1,0.07845624661319522
2578,326.25,-46.25,46.25,0.0,1,0.07022331532917885
2579,328.75,-46.25,46.25,0.0,1,0.06138894398556806
2580,331.25,-46.25,46.25,0.0,1,0.048164891644043674
2581,333.75,-46.25,46.25,0.0,1,0.03189783058124651
2582,336.25,-46.25,46.25,0.0,1,0.018845438389512435
2583,338.75,-46.25,46.25,0.0,1,0.01425424333283575
2584,341.25,-46.25,46.25,0.0,1,0.02200603027575893
2585,343.75,-46.25,46.25,0.0,1,0.03916307109475112
2586,346.25,-46.25,46.25,0.0,1,0.05251150249821136
2587,348.75,-46.25,46.25,0.0,1,0.05010744538738561
2588,351.25,-46.25,46.25,0.0,1,0.04239010459188611
2589,353.75,-46.25,46.25,0.0,1,0.03983802551447834
2590,356.25,-46.25,46.25,0.0,1,0.036383230823152916
2591,358.75,-46.25,46.25,0.0,1,0.032826691172526554
2592,1.25,-43.75,43.75,0.0,1,0.012018362703470982
2593,3.75,-43.75,43.75,0.0,1,0.0028944286790747757
2594,6.25,-43.75,43.75,0.0,1,-0.004894495623571354
2595,8.75,-43.75,43.75,0.0,1,-0.01967662568667977
2596,11.25,-43.75,43.75,0.0,1,-0.03299562752768303
2597,13.75,-43.75,43.75,0.0,1,-0.027601767144358705
2598,16.25,-43.75,43.75,0.0,1,-0.012567713955472034
2599,18.75,-43.75,43.75,0.0,1,-0.006798127033538536
2600,21.25,-43.75,43.75,0.0,1,-0.012675013460751977
2601,23.75,-43.75,43.75,0.0,1,-0.01632142154388451
2602,26.25,-43.75,43.75,0.0,1,-0.008357593498789725
2603,28.75,-43.75,43.75,0.0,1,0.00047157897053352844
2604,31.25,-43.75,43.75,0.0,3,0.008409513986891673
2605,33.75,-43.75,43.75,0.0,3,0.03251743764133163
2606,36.25,-43.75,43.75,0.0,3,0.06803338380520407
2607,38.75,-43.75,43.75,0.0,3,0.09522121043982876
2608,41.25,-43.75,43.75,0.0,3,0.12404001914076174
2609,43.75,-43.75,43.75,0.0,3,0.15751460630331862
2610,46.25,-43.75,43.75,0.0,3,0.17182624868313282
2611,48.75,-43.75,43.75,0.0,3,0.1731530291312012
2612,51.25,-43.75,43.75,0.0,3,0.16313537454929355
2613,53.75,-43.75,43.75,0.0,3,0.13298402335298137
2614,56.25,-43.75,43.75,0.0,3,0.09705781989079605
2615,58.75,-43.75,43.75,0.0,3,0.07161635957745417
2616,61.25,-43.75,43.75,0.0,3,0.060799627788289644
2617,63.75,-43.75,43.75,0.0,3,0.05248150714086602
2618,66.25,-43.75,43.75,0.0,3,0.039708840898159174
2619,68.75,-43.75,43.75,0.0,3,0.023225983404442145
2620,71.25,-43.75,43.75,0.0,3,0.003893538945259853
2621,73.75,-43.75,43.75,0.0,3,-0.016463631252807625
2622,76.25,-43.75,43.75,0.0,3,-0.03294228824074269
2623,78.75,-43.75,43.75,0.0,3,-0.04637221694877494
2624,81.25,-43.75,43.75,0.0,3,-0.055383546325602606
2625,83.75,-43.75,43.75,0.0,3,-0.05072255948618552
2626,86.25,-43.75,43.75,0.0,3,-0.04164365172825184
2627,88.75,-43.75,43.75,0.0,3,-0.04231855772272926
2628,91.25,-43.75,43.75,0.0,3,-0.05661736481037098
2629,93.75,-43.75,43.75,0.0,3,-0.07626014207673062
2630,96.25,-43.75,43.75,0.0,3,-0.0954706454609514
2631,98.75,-43.75,43.75,0.0,3,-0.10951748038307557
2632,101.25,-43.75,43.75,0.0,3,-0.11167717734977509
2633,103.75,-43.75,43.75,0.0,3,-0.10937443391824597
2634,106.25,-43.75,43.75,0.0,3,-0.11061674609697716
2635,108.75,-43.75,43.75,0.0,3,-0.11073915845205161
2636,111.25,-43.75,43.75,0.0,3,-0.1041970498808916
2637,113.75,-43.75,43.75,0.0,3,-0.09440192762113875
2638,116.25,-43.75,43.75,0.0,3,-0.08554174508640333
2639,118.75,-43.75,43.75,0.0,3,-0.0847007745114092
2640,121.25,-43.75,43.75,0.0,2,-0.08947484308330127
2641,123.75,-43.75,43.75,0.0,2,-0.09022802625595956
2642,126.25,-43.75,43.75,0.0,2,-0.0894401093954156
2643,128.75,-43.75,43.75,0.0,2,-0.08841799006510705
2644,131.25,-43.75,43.75,0.0,2,-0.08085768809446593
2645,133.75,-43.75,43.75,0.0,2,-0.06819876025178505
2646,136.25,-43.75,43.75,0.0,2,-0.057200023365479406
2647,138.75,-43.75,43.75,0.0,2,-0.04846782763654257
2648,141.25,-43.75,43.75,0.0,2,-0.04733868555643587
2649,143.75,-43.75,43.75,0.0,2,-0.056205513311812665
2650,146.25,-43.75,43.75,0.0,2,-0.043428862688396234
2651,148.75,-43.75,43.75,0.0,2,-0.011109848251187044
2652,151.25,-43.75,43.75,0.0,2,0.009131453740241725
2653,153.75,-43.75,43.75,0.0,2,0.013828297642711885
2654,156.25,-43.75,43.75,0.0,2,0.007791076252646829
2655,158.75,-43.75,43.75,0.0,2,0.002754136502545523
2656,161.25,-43.75,43.75,0.0,2,0.004661238531099066
2657,163.75,-43.75,43.75,0.0,2,0.015272062531634286
2658,166.25,-43.75,43.75,0.0,2,0.02284198235591966
2659,168.75,-43.75,43.75,0.0,2,0.025366217205481285
2660,171.25,-43.75,43.75,0.0,0,0.029022453159693835
2661,173.75,-43.75,43.75,0.0,2,0.032030046056010515
2662,176.25,-43.75,43.75,0.0,2,0.03373726786013859
2663,178.75,-43.75,43.75,0.0,2,0.03323151148215789
2664,181.25,-43.75,43.75,0.0,2,0.04517674721378065
2665,183.75,-43.75,43.75,0.0,2,0.052862095686519436
2666,186.25,-43.75,43.75,0.0,2,0.027744807815258208
2667,188.75,-43.75,43.75,0.0,2,0.010602851034923573
2668,191.25,-43.75,43.75,0.0,2,0.023561357658292086
2669,193.75,-43.75,43.75,0.0,2,0.03804555346165389
2670,196.25,-43.75,43.75,0.0,2,0.03946472662729758
2671,198.75,-43.75,43.75,0.0,2,0.03867909629051878
2672,201.25,-43.75,43.75,0.0,2,0.04288329846378181
2673,203.75,-43.75,43.75,0.0,2,0.040664000582432164
2674,206.25,-43.75,43.75,0.0,2,0.03487201054688735
2675,208.75,-43.75,43.75,0.0,2,0.029229938123704592
2676,211.25,-43.75,43.75,0.0,2,0.01854073768676911
2677,213.75,-43.75,43.75,0.0,2,0.006964342520839034
2678,216.25,-43.75,43.75,0.0,2,-4.569571296575225e-05
2679,218.75,-43.75,43.75,0.0,2,-0.009573649473044806
2680,221.25,-43.75,43.75,0.0,2,-0.025642441261067517
2681,223.75,-43.75,43.75,0.0,2,-0.04373266936243937
2682,226.25,-43.75,43.75,0.0,2,-0.05277469067057847
2683,228.75,-43.75,43.75,0.0,2,-0.047295849236755866
2684,231.25,-43.75,43.75,0.0,2,-0.030788110924131702
2685,233.75,-43.75,43.75,0.0,2,-0.010340882250220966
2686,236.25,-43.75,43.75,0.0,2,0.0014962399313584065
2687,238.75,-43.75,43.75,0.0,2,-0.0036700708564505304
2688,241.25,-43.75,43.75,0.0,2,-0.020123467799410905
2689,243.75,-43.75,43.75,0.0,2,-0.03500326238874731
2690,246.25,-43.75,43.75,0.0,2,-0.042083641250220113
2691,248.75,-43.75,43.75,0.0,2,-0.04517784034861936
2692,251.25,-43.75,43.75,0.0,2,-0.04253228454227439
2693,253.75,-43.75,43.75,0.0,2,-0.031063503285614108
2694,256.25,-43.75,43.75,0.0,2,-0.02270692796645925
2695,258.75,-43.75,43.75,0.0,2,-0.026436712143748826
2696,261.25,-43.75,43.75,0.0,2,-0.0366211522083822
2697,263.75,-43.75,43.75,0.0,2,-0.04550457371434877
2698,266.25,-43.75,43.75,0.0,2,-0.05287393410349341
2699,268.75,-43.75,43.75,0.0,2,-0.06089748458924375
2700,271.25,-43.75,43.75,0.0,2,-0.06422398939766649
2701,273.75,-43.75,43.75,0.0,2,-0.061433284560290194
2702,276.25,-43.75,43.75,0.0,2,-0.05805185705802148
2703,278.75,-43.75,43.75,0.0,2,-0.05825046784433088
2704,281.25,-43.75,43.75,0.0,1,-0.062319949547734815
2705,283.75,-43.75,43.75,0.0,1,-0.066392929610654
2706,286.25,-43.75,43.75,0.0,1,-0.06689040677867572
2707,288.75,-43.75,43.75,1.0,0,-0.049746029480651786
2708,291.25,-43.75,43.75,1.0,0,-0.016408194179822408
2709,293.75,-43.75,43.75,1.0,0,0.009054067575269387
2710,296.25,-43.75,43.75,0.0,1,0.015945418412406022
2711,298.75,-43.75,43.75,0.0,1,0.01750032846221881
2712,301.25,-43.75,43.75,0.0,1,0.032291868750788454
2713,303.75,-43.75,43.75,0.0,1,0.06908204167117006
2714,306.25,-43.75,43.75,0.0,1,0.08917121270053256
2715,308.75,-43.75,43.75,0.0,1,0.08285168702465347
2716,311.25,-43.75,43.75,0.0,1,0.08505059743290459
2717,313.75,-43.75,43.75,0.0,1,0.09707568928731983
2718,316.25,-43.75,43.75,0.0,1,0.10919857214017518
2719,318.75,-43.75,43.75,0.0,1,0.11230121705162777
2720,321.25,-43.75,43.75,0.0,1,0.10669259352019958
2721,323.75,-43.75,43.75,0.0,1,0.09282713149329536
2722,326.25,-43.75,43.75,0.0,1,0.07867571756690837
2723,328.75,-43.75,43.75,0.0,1,0.0668389731154676
2724,331.25,-43.75,43.75,0.0,1,0.05422793277043323
2725,333.75,-43.75,43.75,0.0,1,0.04412390571360007
2726,336.25,-43.75,43.75,0.0,1,0.03829222043187598
2727,338.75,-43.75,43.75,0.0,1,0.03715862671627003
2728,341.25,-43.75,43.75,0.0,1,0.045066138444721994
2729,343.75,-43.75,43.75,0.0,1,0.060763134559844736
2730,346.25,-43.75,43.75,0.0,1,0.08091767104581339
2731,348.75,-43.75,43.75,0.0,1,0.08980465892661821
2732,351.25,-43.75,43.75,0.0,1,0.08249054368590833
2733,353.75,-43.75,43.75,0.0,1,0.07092160941782669
2734,356.25,-43.75,43.75,0.0,1,0.0491673294258162
2735,358.75,-43.75,43.75,0.0,1,0.025970235589137212
2736,1.25,-41.25,41.25,0.0,1,-0.03191724657089708
2737,3.75,-41.25,41.25,0.0,1,-0.04131159039137952
2738,6.25,-41.25,41.25,0.0,1,-0.041201679803976696
2739,8.75,-41.25,41.25,0.0,1,-0.03484002788292787
2740,11.25,-41.25,41.25,0.0,1,-0.0277351382036713
2741,13.75,-41.25,41.25,0.0,1,-0.01314873162511932
2742,16.25,-41.25,41.25,0.0,1,0.0006350284952895023
2743,18.75,-41.25,41.25,0.0,1,0.00427268591989067
2744,21.25,-41.25,41.25,0.0,1,0.00913772257996507
2745,23.75,-41.25,41.25,0.0,1,0.034684038811691846
2746,26.25,-41.25,41.25,0.0,1,0.0624331735932452
2747,28.75,-41.25,41.25,0.0,1,0.05771738200332571
2748,31.25,-41.25,41.25,0.0,3,0.04657092514010819
2749,33.75,-41.25,41.25,0.0,3,0.05609109798553907
2750,36.25,-41.25,41.25,0.0,3,0.07680826912971062
2751,38.75,-41.25,41.25,0.0,3,0.11337270877267326
2752,41.25,-41.25,41.25,0.0,3,0.16318635017450348
2753,43.75,-41.25,41.25,0.0,3,0.18867707207463424
2754,46.25,-41.25,41.25,0.0,3,0.16667089436736954
2755,48.75,-41.25,41.25,0.0,3,0.1320179715864684
2756,51.25,-41.25,41.25,0.0,3,0.10051786325793911
2757,53.75,-41.25,41.25,0.0,3,0.059185376409057834
2758,56.25,-41.25,41.25,0.0,3,0.025438968253316447
2759,58.75,-41.25,41.25,0.0,3,0.011360874826906146
2760,61.25,-41.25,41.25,0.0,3,0.008374002828552144
2761,63.75,-41.25,41.25,0.0,3,0.005257659081114493
2762,66.25,-41.25,41.25,0.0,3,-0.001973081915764481
2763,68.75,-41.25,41.25,0.0,3,-0.006563172601321777
2764,71.25,-41.25,41.25,0.0,3,-0.019160634019680364
2765,73.75,-41.25,41.25,0.0,3,-0.04457828996239693
2766,76.25,-41.25,41.25,0.0,3,-0.06198621215650177
2767,78.75,-41.25,41.25,0.0,3,-0.06351151049424486
2768,81.25,-41.25,41.25,0.0,3,-0.0553772352657457
2769,83.75,-41.25,41.25,0.0,3,-0.04614276371145685
2770,86.25,-41.25,41.25,0.0,3,-0.04808177411066902
2771,88.75,-41.25,41.25,0.0,3,-0.061711894284012574
2772,91.25,-41.25,41.25,0.0,3,-0.07665550467548307
2773,93.75,-41.25,41.25,0.0,3,-0.08322343269983214
2774,96.25,-41.25,41.25,0.0,3,-0.0817320403471352
2775,98.75,-41.25,41.25,0.0,3,-0.08164497940610774
2776,101.25,-41.25,41.25,0.0,3,-0.08478327647497251
2777,103.75,-41.25,41.25,0.0,3,-0.08826200243451009
2778,106.25,-41.25,41.25,0.0,3,-0.0907307719144162
2779,108.75,-41.25,41.25,0.0,3,-0.09027631592970334
2780,111.25,-41.25,41.25,0.0,3,-0.08737384126942814
2781,113.75,-41.25,41.25,0.0,3,-0.08217625116440863
2782,116.25,-41.25,41.25,0.0,3,-0.076511538311061
2783,118.75,-41.25,41.25,0.0,3,-0.07529145789569955
2784,121.25,-41.25,41.25,0.0,2,-0.07530799296655834
2785,123.75,-41.25,41.25,0.0,2,-0.07395318106189251
2786,126.25,-41.25,41.25,0.0,2,-0.07307620329728427
2787,128.75,-41.25,41.25,0.0,2,-0.07052988942582349
2788,131.25,-41.25,41.25,0.0,2,-0.06635053407745585
2789,133.75,-41.25,41.25,0.0,2,-0.06564103023635648
2790,136.25,-41.25,41.25,0.0,2,-0.07141847282809116
2791,138.75,-41.25,41.25,0.0,2,-0.08249741244666015
2792,141.25,-41.25,41.25,0.0,2,-0.09117585041780012
2793,143.75,-41.25,41.25,0.0,2,-0.08220868702632039
2794,146.25,-41.25,41.25,0.0,0,-0.044989768485464265
2795,148.75,-41.25,41.25,0.0,2,0.004072909092963513
2796,151.25,-41.25,41.25,0.0,2,0.03648537557610291
2797,153.75,-41.25,41.25,0.0,2,0.04006883139645988
2798,156.25,-41.25,41.25,0.0,2,0.022141444636548085
2799,158.75,-41.25,41.25,0.0,2,-0.0006978053743683372
2800,161.25,-41.25,41.25,0.0,2,-0.006024566093167469
2801,163.75,-41.25,41.25,0.0,2,0.011725605237477245
2802,166.25,-41.25,41.25,0.0,2,0.02908739762296085
2803,168.75,-41.25,41.25,0.0,2,0.03532510098652076
2804,171.25,-41.25,41.25,0.0,2,0.033878043348033085
2805,173.75,-41.25,41.25,0.0,0,0.04507919772464604
2806,176.25,-41.25,41.25,0.0,2,0.05001905222036855
2807,178.75,-41.25,41.25,0.0,2,0.03602039258888451
2808,181.25,-41.25,41.25,0.0,2,0.025644257201932166
2809,183.75,-41.25,41.25,0.0,2,0.023647823551073907
2810,186.25,-41.25,41.25,0.0,2,0.02576290610689741
2811,188.75,-41.25,41.25,0.0,2,0.03496137346198697
2812,191.25,-41.25,41.25,0.0,2,0.06077260460186969
2813,193.75,-41.25,41.25,0.0,2,0.07991905766533779
2814,196.25,-41.25,41.25,0.0,2,0.08039049916112598
2815,198.75,-41.25,41.25,0.0,2,0.07780999408607665
2816,201.25,-41.25,41.25,0.0,2,0.07172731927504848
2817,203.75,-41.25,41.25,0.0,2,0.054559490160018355
2818,206.25,-41.25,41.25,0.0,2,0.04150572613993899
2819,208.75,-41.25,41.25,0.0,2,0.031546654123346514
2820,211.25,-41.25,41.25,0.0,2,0.01118248674258485
2821,213.75,-41.25,41.25,0.0,2,-0.00795265137895437
2822,216.25,-41.25,41.25,0.0,2,-0.014422981335037026
2823,218.75,-41.25,41.25,0.0,2,-0.023163004384923566
2824,221.25,-41.25,41.25,0.0,2,-0.03969878054662559
2825,223.75,-41.25,41.25,0.0,2,-0.05107446678052175
2826,226.25,-41.25,41.25,0.0,2,-0.04856044792687191
2827,228.75,-41.25,41.25,0.0,2,-0.02938514717864494
2828,231.25,-41.25,41.25,0.0,2,-0.005254723058133775
2829,233.75,-41.25,41.25,0.0,2,0.008414413626532252
2830,236.25,-41.25,41.25,0.0,2,0.009892043176169221
2831,238.75,-41.25,41.25,0.0,2,0.0059619400399234185
2832,241.25,-41.25,41.25,0.0,2,0.0027125357873744893
2833,243.75,-41.25,41.25,0.0,2,-0.0034177532176376192
2834,246.25,-41.25,41.25,0.0,2,-0.014193740272201747
2835,248.75,-41.25,41.25,0.0,2,-0.02329266125196042
2836,251.25,-41.25,41.25,0.0,2,-0.025275997854035816
2837,253.75,-41.25,41.25,0.0,2,-0.0264241095821534
2838,256.25,-41.25,41.25,0.0,2,-0.03312263828800335
2839,258.75,-41.25,41.25,0.0,2,-0.04552038603751781
2840,261.25,-41.25,41.25,0.0,2,-0.06121333816398817
2841,263.75,-41.25,41.25,0.0,2,-0.07641168479348177
2842,266.25,-41.25,41.25,0.0,2,-0.0863285104496662
2843,268.75,-41.25,41.25,0.0,2,-0.0906779759685876
2844,271.25,-41.25,41.25,0.0,2,-0.09189934940027857
2845,273.75,-41.25,41.25,0.0,2,-0.08792318452809887
2846,276.25,-41.25,41.25,0.0,2,-0.08255726964168414
2847,278.75,-41.25,41.25,0.0,2,-0.0781102987684265
2848,281.25,-41.25,41.25,0.0,1,-0.07331186782379222
2849,283.75,-41.25,41.25,0.0,1,-0.07109286378511126
2850,286.25,-41.25,41.25,0.0,1,-0.06990344771103572
2851,288.75,-41.25,41.25,1.0,0,-0.03968932043735082
2852,291.25,-41.25,41.25,1.0,0,0.010095701429379251
2853,293.75,-41.25,41.25,1.0,0,0.04466371065400383
2854,296.25,-41.25,41.25,0.0,1,0.059076736453963656
2855,298.75,-41.25,41.25,0.0,1,0.054260420466340414
2856,301.25,-41.25,41.25,0.0,1,0.060134215730276754
2857,303.75,-41.25,41.25,0.0,1,0.0947783588774535
2858,306.25,-41.25,41.25,0.0,1,0.0927757177118176
2859,308.75,-41.25,41.25,0.0,1,0.0714628504213625
2860,311.25,-41.25,41.25,0.0,1,0.08842054864563363
2861,313.75,-41.25,41.25,0.0,1,0.11235399841714269
2862,316.25,-41.25,41.25,0.0,1,0.12198509615569308
2863,318.75,-41.25,41.25,0.0,1,0.11794398542560253
2864,321.25,-41.25,41.25,0.0,1,0.11282461201581298
2865,323.75,-41.25,41.25,0.0,1,0.10892081658641459
2866,326.25,-41.25,41.25,0.0,1,0.10633281411782453
2867,328.75,-41.25,41.25,0.0,1,0.10368560704620221
2868,331.25,-41.25,41.25,0.0,1,0.09933481401818818
2869,333.75,-41.25,41.25,0.0,1,0.09618739645368132
2870,336.25,-41.25,41.25,0.0,1,0.09494696504811587
2871,338.75,-41.25,41.25,0.0,1,0.09472390957898918
2872,341.25,-41.25,41.25,0.0,1,0.10114339221600234
2873,343.75,-41.25,41.25,0.0,1,0.10255195509330538
2874,346.25,-41.25,41.25,0.0,1,0.08605233347741591
2875,348.75,-41.25,41.25,0.0,1,0.067630894932554
2876,351.25,-41.25,41.25,0.0,1,0.05238842333894185
2877,353.75,-41.25,41.25,0.0,1,0.02937328966844006
2878,356.25,-41.25,41.25,0.0,1,0.000208827409761018
2879,358.75,-41.25,41.25,0.0,1,-0.020721564954262313
2880,1.25,-38.75,38.75,0.0,1,-0.06663050454978443
2881,3.75,-38.75,38.75,0.0,1,-0.05403538601087002
2882,6.25,-38.75,38.75,0.0,1,-0.03157743934190188
2883,8.75,-38.75,38.75,0.0,1,-0.018466476347759744
2884,11.25,-38.75,38.75,0.0,1,-0.015230175637019552
2885,13.75,-38.75,38.75,0.0,1,-0.013026026191321675
2886,16.25,-38.75,38.75,0.0,1,-0.004959207281673564
2887,18.75,-38.75,38.75,0.0,1,0.01412536749478153
2888,21.25,-38.75,38.75,0.0,1,0.03939555236128368
2889,23.75,-38.75,38.75,0.0,1,0.06556573543618768
2890,26.25,-38.75,38.75,0.0,1,0.07470502275951987
2891,28.75,-38.75,38.75,0.0,1,0.04106173384164603
2892,31.25,-38.75,38.75,0.0,3,-0.005306687362780849
2893,33.75,-38.75,38.75,0.0,3,-0.026456735584776323
2894,36.25,-38.75,38.75,0.0,3,-0.019585781974416745
2895,38.75,-38.75,38.75,0.0,3,0.00165657612216104
2896,41.25,-38.75,38.75,0.0,3,0.014781334004613409
2897,43.75,-38.75,38.75,0.0,3,0.006354244818235378
2898,46.25,-38.75,38.75,0.0,3,-0.016670844217243765
2899,48.75,-38.75,38.75,0.0,3,-0.02841493733392469
2900,51.25,-38.75,38.75,0.0,3,-0.031355810238693556
2901,53.75,-38.75,38.75,0.0,3,-0.03704624709454293
2902,56.25,-38.75,38.75,0.0,3,-0.037929525838239254
2903,58.75,-38.75,38.75,0.0,3,-0.032481499742590444
2904,61.25,-38.75,38.75,0.0,3,-0.025866854411919726
2905,63.75,-38.75,38.75,0.0,3,-0.019762408287070935
2906,66.25,-38.75,38.75,0.0,3,-0.012430937240545623
2907,68.75,-38.75,38.75,0.0,3,-0.013444936007335834
2908,71.25,-38.75,38.75,0.0,3,-0.03056419070525472
2909,73.75,-38.75,38.75,0.0,3,-0.04766881482199417
2910,76.25,-38.75,38.75,0.0,3,-0.04208591936949102
2911,78.75,-38.75,38.75,0.0,3,-0.01722461643100812
2912,81.25,-38.75,38.75,0.0,3,-0.0005784857050202223
2913,83.75,-38.75,38.75,0.0,3,-0.007468048852856856
2914,86.25,-38.75,38.75,0.0,3,-0.0323177951494291
2915,88.75,-38.75,38.75,0.0,3,-0.055865102102195294
2916,91.25,-38.75,38.75,0.0,3,-0.05873530763884637
2917,93.75,-38.75,38.75,0.0,3,-0.047607748437602265
2918,96.25,-38.75,38.75,0.0,3,-0.0437103120553457
2919,98.75,-38.75,38.75,0.0,3,-0.049547698401381526
2920,101.25,-38.75,38.75,0.0,3,-0.05697771988750438
2921,103.75,-38.75,38.75,0.0,3,-0.06664400085660285
2922,106.25,-38.75,38.75,0.0,3,-0.0795437610711215
2923,108.75,-38.75,38.75,0.0,3,-0.09507226241257567
2924,111.25,-38.75,38.75,0.0,3,-0.10612628535474326
2925,113.75,-38.75,38.75,0.0,3,-0.10826460393720999
2926,116.25,-38.75,38.75,0.0,3,-0.10773207792532433
2927,118.75,-38.75,38.75,0.0,3,-0.10218552722108265
2928,121.25,-38.75,38.75,0.0,2,-0.08958621663028796
2929,123.75,-38.75,38.75,0.0,2,-0.07517514073724836
2930,126.25,-38.75,38.75,0.0,2,-0.06368255885595381
2931,128.75,-38.75,38.75,0.0,2,-0.0578300482529109
2932,131.25,-38.75,38.75,0.0,2,-0.05630066626094631
2933,133.75,-38.75,38.75,0.0,2,-0.05887076465624142
2934,136.25,-38.75,38.75,0.0,2,-0.06251827348952732
2935,138.75,-38.75,38.75,0.0,2,-0.05931389444331874
2936,141.25,-38.75,38.75,0.0,2,-0.04059859158260698
2937,143.75,-38.75,38.75,0.0,2,-0.014848020272828662
2938,146.25,-38.75,38.75,0.0,0,0.008906822492724358
2939,148.75,-38.75,38.75,0.0,2,0.04480364416627721
2940,151.25,-38.75,38.75,0.0,2,0.08213321204856075
2941,153.75,-38.75,38.75,0.0,2,0.0724899114375197
2942,156.25,-38.75,38.75,0.0,2,0.023631879670606523
2943,158.75,-38.75,38.75,0.0,2,-0.014817786602598956
2944,161.25,-38.75,38.75,0.0,2,-0.026531588339597414
2945,163.75,-38.75,38.75,0.0,2,-0.01357999701729875
2946,166.25,-38.75,38.75,0.0,2,0.007450604478693236
2947,168.75,-38.75,38.75,0.0,2,0.020167662234402188
2948,171.25,-38.75,38.75,0.0,2,0.023885103538432127
2949,173.75,-38.75,38.75,0.0,2,0.06503949312534818
2950,176.25,-38.75,38.75,1.0,0,0.11449596149201534
2951,178.75,-38.75,38.75,0.0,2,0.08719194488045696
2952,181.25,-38.75,38.75,0.0,2,0.04230368107102299
2953,183.75,-38.75,38.75,0.0,2,0.04332792930889287
2954,186.25,-38.75,38.75,0.0,2,0.06047110833214032
2955,188.75,-38.75,38.75,0.0,2,0.08828266166572735
2956,191.25,-38.75,38.75,0.0,2,0.12267747464119598
2957,193.75,-38.75,38.75,0.0,2,0.13983388757822832
2958,196.25,-38.75,38.75,0.0,2,0.1373475442378054
2959,198.75,-38.75,38.75,0.0,2,0.12636389746938603
2960,201.25,-38.75,38.75,0.0,2,0.10322282832296269
2961,203.75,-38.75,38.75,0.0,2,0.07554924642906576
2962,206.25,-38.75,38.75,0.0,2,0.05544364562686072
2963,208.75,-38.75,38.75,0.0,2,0.02998792980570083
2964,211.25,-38.75,38.75,0.0,2,-0.001460317617785722
2965,213.75,-38.75,38.75,0.0,2,-0.03280817978672699
2966,216.25,-38.75,38.75,0.0,2,-0.05880601179746929
2967,218.75,-38.75,38.75,0.0,2,-0.073611522080335
2968,221.25,-38.75,38.75,0.0,2,-0.07526685600253089
2969,223.75,-38.75,38.75,0.0,2,-0.0678342850587712
2970,226.25,-38.75,38.75,0.0,2,-0.05592535973885624
2971,228.75,-38.75,38.75,0.0,2,-0.029536948859369017
2972,231.25,-38.75,38.75,0.0,2,0.0027719319404556964
2973,233.75,-38.75,38.75,0.0,2,0.021079313696228896
2974,236.25,-38.75,38.75,0.0,2,0.025199704483110128
2975,238.75,-38.75,38.75,0.0,2,0.024578945917468863
2976,241.25,-38.75,38.75,0.0,2,0.03051076754325228
2977,243.75,-38.75,38.75,0.0,2,0.03689460947625939
2978,246.25,-38.75,38.75,0.0,2,0.03504748917312499
2979,248.75,-38.75,38.75,0.0,2,0.02774225366674227
2980,251.25,-38.75,38.75,0.0,2,0.01609393675629115
2981,253.75,-38.75,38.75,0.0,2,-0.003514991501885847
2982,256.25,-38.75,38.75,0.0,2,-0.030405443463132918
2983,258.75,-38.75,38.75,0.0,2,-0.06376474997721854
2984,261.25,-38.75,38.75,0.0,2,-0.09631343898020549
2985,263.75,-38.75,38.75,0.0,2,-0.1115513734541702
2986,266.25,-38.75,38.75,0.0,2,-0.11369604050070524
2987,268.75,-38.75,38.75,0.0,2,-0.11940678854639131
2988,271.25,-38.75,38.75,0.0,2,-0.11828742310817483
2989,273.75,-38.75,38.75,0.0,2,-0.10384450327744107
2990,276.25,-38.75,38.75,0.0,2,-0.09237571093286447
2991,278.75,-38.75,38.75,0.0,2,-0.08413518091139892
2992,281.25,-38.75,38.75,0.0,1,-0.07020833505556857
2993,283.75,-38.75,38.75,0.0,1,-0.06795416364675558
2994,286.25,-38.75,38.75,0.0,1,-0.08086732744362632
2995,288.75,-38.75,38.75,1.0,0,-0.0457403122421725
2996,291.25,-38.75,38.75,1.0,0,0.032399092480097175
2997,293.75,-38.75,38.75,1.0,0,0.08542282504253575
2998,296.25,-38.75,38.75,1.0,0,0.10288617195109934
2999,298.75,-38.75,38.75,0.0,1,0.09107721515152598
3000,301.25,-38.75,38.75,0.0,1,0.07136829894646897
3001,303.75,-38.75,38.75,0.0,1,0.05898264782801335
3002,306.25,-38.75,38.75,0.0,1,0.04024847947668801
3003,308.75,-38.75,38.75,0.0,1,0.033235745224612936
3004,311.25,-38.75,38.75,0.0,1,0.05925600034704871
3005,313.75,-38.75,38.75,0.0,1,0.10623780468045932
3006,316.25,-38.75,38.75,0.0,1,0.1440825720402879
3007,318.75,-38.75,38.75,0.0,1,0.16621803030034307
3008,321.25,-38.75,38.75,0.0,1,0.1876965656075854
3009,323.75,-38.75,38.75,0.0,1,0.2015136852827476
3010,326.25,-38.75,38.75,0.0,1,0.20858899511459333
3011,328.75,-38.75,38.75,0.0,1,0.20802621467201304
3012,331.25,-38.75,38.75,0.0,1,0.19493023446515872
3013,333.75,-38.75,38.75,0.0,1,0.17936757063025793
3014,336.25,-38.75,38.75,0.0,1,0.1685004218377432
3015,338.75,-38.75,38.75,0.0,1,0.1497743338714345
3016,341.25,-38.75,38.75,0.0,1,0.11792175477623557
3017,343.75,-38.75,38.75,0.0,1,0.07952166637569824
3018,346.25,-38.75,38.75,0.0,1,0.0383282229849697
3019,348.75,-38.75,38.75,0.0,1,0.008754317442138447
3020,351.25,-38.75,38.75,0.0,1,-0.014699524246189151
3021,353.75,-38.75,38.75,0.0,1,-0.04206962390811714
3022,356.25,-38.75,38.75,0.0,1,-0.06176152662605377
3023,358.75,-38.75,38.75,0.0,1,-0.06775150052575848
3024,1.25,-36.25,36.25,0.0,1,-0.056021534193894024
3025,3.75,-36.25,36.25,0.0,1,-0.04412776555075437
3026,6.25,-36.25,36.25,0.0,1,-0.03886039460291192
3027,8.75,-36.25,36.25,0.0,1,-0.037673322487998755
3028,11.25,-36.25,36.25,0.0,1,-0.036570822603223314
3029,13.75,-36.25,36.25,0.0,1,-0.030053867420211735
3030,16.25,-36.25,36.25,0.0,1,-0.015441802728565247
3031,18.75,-36.25,36.25,0.0,1,0.007966834017124178
3032,21.25,-36.25,36.25,0.0,1,0.029709778116325768
3033,23.75,-36.25,36.25,0.0,1,0.03229476245323342
3034,26.25,-36.25,36.25,0.0,1,0.012135742140500012
3035,28.75,-36.25,36.25,0.0,1,-0.02687012178332009
3036,31.25,-36.25,36.25,0.0,3,-0.07285316177735274
3037,33.75,-36.25,36.25,0.0,3,-0.10654984092804011
3038,36.25,-36.25,36.25,0.0,3,-0.12241719193914716
3039,38.75,-36.25,36.25,0.0,3,-0.11707035681899515
3040,41.25,-36.25,36.25,0.0,3,-0.10154678413500284
3041,43.75,-36.25,36.25,0.0,3,-0.08626712594378762
3042,46.25,-36.25,36.25,0.0,3,-0.06395406347246196
3043,48.75,-36.25,36.25,0.0,3,-0.04037080721745453
3044,51.25,-36.25,36.25,0.0,3,-0.022823062972201626
3045,53.75,-36.25,36.25,0.0,3,-0.009110370798310013
3046,56.25,-36.25,36.25,0.0,3,-0.0018480766576588405
3047,58.75,-36.25,36.25,0.0,3,-0.0003455184112182384
3048,61.25,-36.25,36.25,0.0,3,0.00806499210780527
3049,63.75,-36.25,36.25,0.0,3,0.024472756011033773
3050,66.25,-36.25,36.25,0.0,3,0.03150909416130851
3051,68.75,-36.25,36.25,0.0,3,0.011705106545222006
3052,71.25,-36.25,36.25,0.0,3,-0.012886484158290523
3053,73.75,-36.25,36.25,0.0,3,-0.0005120635796999997
3054,76.25,-36.25,36.25,0.0,3,0.0416030612962058
3055,78.75,-36.25,36.25,0.0,3,0.07024884021612876
3056,81.25,-36.25,36.25,0.0,3,0.06298649494571969
3057,83.75,-36.25,36.25,0.0,3,0.024310758995132672
3058,86.25,-36.25,36.25,0.0,3,-0.017582586878298008
3059,88.75,-36.25,36.25,0.0,3,-0.035111589916054106
3060,91.25,-36.25,36.25,0.0,3,-0.031496873173085194
3061,93.75,-36.25,36.25,0.0,3,-0.02453991876802996
3062,96.25,-36.25,36.25,0.0,3,-0.021632509264657502
3063,98.75,-36.25,36.25,0.0,3,-0.021471632553742785
3064,101.25,-36.25,36.25,0.0,3,-0.029665839944355357
3065,103.75,-36.25,36.25,0.0,3,-0.04765581613464959
3066,106.25,-36.25,36.25,0.0,3,-0.06328730279627
3067,108.75,-36.25,36.25,0.0,3,-0.07389458950772926
3068,111.25,-36.25,36.25,0.0,3,-0.08641627187391746
3069,113.75,-36.25,36.25,0.0,3,-0.10395742912822915
3070,116.25,-36.25,36.25,0.0,3,-0.1103648766045283
3071,118.75,-36.25,36.25,0.0,3,-0.10585734285989534
3072,121.25,-36.25,36.25,0.0,2,-0.0985031926271013
3073,123.75,-36.25,36.25,0.0,2,-0.07918836697310895
3074,126.25,-36.25,36.25,0.0,2,-0.061740809354573926
3075,128.75,-36.25,36.25,0.0,2,-0.054072417202092
3076,131.25,-36.25,36.25,0.0,2,-0.0494535690674201
3077,133.75,-36.25,36.25,0.0,2,-0.04610667029400968
3078,136.25,-36.25,36.25,0.0,2,-0.04146901883386047
3079,138.75,-36.25,36.25,0.0,2,-0.023036545383099818
3080,141.25,-36.25,36.25,1.0,0,0.013819385425464062
3081,143.75,-36.25,36.25,1.0,0,0.04190387687660617
3082,146.25,-36.25,36.25,1.0,0,0.050497038340054944
3083,148.75,-36.25,36.25,1.0,0,0.058175350200877544
3084,151.25,-36.25,36.25,0.0,2,0.06363207717369919
3085,153.75,-36.25,36.25,0.0,2,0.028913539175971375
3086,156.25,-36.25,36.25,0.0,2,-0.03427832493035286
3087,158.75,-36.25,36.25,0.0,2,-0.07055935692328873
3088,161.25,-36.25,36.25,0.0,2,-0.06896566834393197
3089,163.75,-36.25,36.25,0.0,2,-0.05330574337552545
3090,166.25,-36.25,36.25,0.0,2,-0.03761246457457162
3091,168.75,-36.25,36.25,0.0,2,-0.016445015675609638
3092,171.25,-36.25,36.25,0.0,2,0.013343618140526956
3093,173.75,-36.25,36.25,0.0,2,0.06928612311265717
3094,176.25,-36.25,36.25,0.0,2,0.09079881793243233
3095,178.75,-36.25,36.25,0.0,2,0.05841722313434484
3096,181.25,-36.25,36.25,0.0,2,0.057635998022439475
3097,183.75,-36.25,36.25,0.0,2,0.08346015889120711
3098,186.25,-36.25,36.25,0.0,2,0.1071030082986667
3099,188.75,-36.25,36.25,0.0,2,0.13971606516117768
3100,191.25,-36.25,36.25,0.0,2,0.16905556079443868
3101,193.75,-36.25,36.25,0.0,2,0.17369077701801097
3102,196.25,-36.25,36.25,0.0,2,0.15991082280226895
3103,198.75,-36.25,36.25,0.0,2,0.141391774567707
3104,201.25,-36.25,36.25,0.0,2,0.11567967507260964
3105,203.75,-36.25,36.25,0.0,2,0.08450496509355387
3106,206.25,-36.25,36.25,0.0,2,0.05513239267794781
3107,208.75,-36.25,36.25,0.0,2,0.0266526718741159
3108,211.25,-36.25,36.25,0.0,2,-0.00760605053218577
3109,213.75,-36.25,36.25,0.0,2,-0.04715379594096932
3110,216.25,-36.25,36.25,0.0,2,-0.07662745791917919
3111,218.75,-36.25,36.25,0.0,2,-0.08310838994979916
3112,221.25,-36.25,36.25,0.0,2,-0.07109152962394184
3113,223.75,-36.25,36.25,0.0,2,-0.05847777360781761
3114,226.25,-36.25,36.25,0.0,2,-0.045737089411372486
3115,228.75,-36.25,36.25,0.0,2,-0.012795999667340694
3116,231.25,-36.25,36.25,0.0,2,0.0316083544719584
3117,233.75,-36.25,36.25,0.0,2,0.06382669595416088
3118,236.25,-36.25,36.25,0.0,2,0.06643198000746603
3119,238.75,-36.25,36.25,0.0,2,0.050924264584407894
3120,241.25,-36.25,36.25,0.0,2,0.04853146868908013
3121,243.75,-36.25,36.25,0.0,2,0.056220808251647485
3122,246.25,-36.25,36.25,0.0,2,0.06159920956667195
3123,248.75,-36.25,36.25,0.0,2,0.06381179948546702
3124,251.25,-36.25,36.25,0.0,2,0.0342005914314562
3125,253.75,-36.25,36.25,0.0,2,-0.02816830139557697
3126,256.25,-36.25,36.25,0.0,2,-0.08709439115479989
3127,258.75,-36.25,36.25,0.0,2,-0.13330259352477974
3128,261.25,-36.25,36.25,0.0,2,-0.15876212109522517
3129,263.75,-36.25,36.25,0.0,2,-0.16216975754335244
3130,266.25,-36.25,36.25,0.0,2,-0.15740386147181604
3131,268.75,-36.25,36.25,0.0,2,-0.14865242048665958
3132,271.25,-36.25,36.25,0.0,2,-0.13079368795771673
3133,273.75,-36.25,36.25,0.0,2,-0.11125544911413839
3134,276.25,-36.25,36.25,0.0,2,-0.09755550240563608
3135,278.75,-36.25,36.25,0.0,2,-0.08173202007376072
3136,281.25,-36.25,36.25,0.0,1,-0.06944026540673355
3137,283.75,-36.25,36.25,0.0,1,-0.07744403337394412
3138,286.25,-36.25,36.25,0.0,1,-0.11376847183888662
3139,288.75,-36.25,36.25,1.0,0,-0.09124581828339937
3140,291.25,-36.25,36.25,1.0,0,0.00912070608232176
3141,293.75,-36.25,36.25,1.0,0,0.06431521295391536
3142,296.25,-36.25,36.25,1.0,0,0.0717222893528398
3143,298.75,-36.25,36.25,1.0,0,0.07288971680553637
3144,301.25,-36.25,36.25,1.0,0,0.05439956534345515
3145,303.75,-36.25,36.25,0.0,1,0.025872238726253206
3146,306.25,-36.25,36.25,0.0,1,0.020028267891271247
3147,308.75,-36.25,36.25,0.0,1,0.03929707308755178
3148,311.25,-36.25,36.25,0.0,1,0.07082582468246444
3149,313.75,-36.25,36.25,0.0,1,0.12223957978058768
3150,316.25,-36.25,36.25,0.0,1,0.17252208729669868
3151,318.75,-36.25,36.25,0.0,1,0.19315204447877352
3152,321.25,-36.25,36.25,0.0,1,0.19168527525375695
3153,323.75,-36.25,36.25,0.0,1,0.18183568508381653
3154,326.25,-36.25,36.25,0.0,1,0.17460445788342907
3155,328.75,-36.25,36.25,0.0,1,0.17124349647598303
3156,331.25,-36.25,36.25,0.0,1,0.16399412363025698
3157,333.75,-36.25,36.25,0.0,1,0.14311937484102896
3158,336.25,-36.25,36.25,0.0,1,0.10916272594736057
3159,338.75,-36.25,36.25,0.0,1,0.06655299662310585
3160,341.25,-36.25,36.25,0.0,1,0.026507281935424218
3161,343.75,-36.25,36.25,0.0,1,-0.008045667512821522
3162,346.25,-36.25,36.25,0.0,1,-0.0418319694780448
3163,348.75,-36.25,36.25,0.0,1,-0.06601550279360946
3164,351.25,-36.25,36.25,0.0,1,-0.07993805415134665
3165,353.75,-36.25,36.25,0.0,1,-0.08378362574282558
3166,356.25,-36.25,36.25,0.0,1,-0.07862739065092013
3167,358.75,-36.25,36.25,0.0,1,-0.06907066064212297
3168,1.25,-33.75,33.75,0.0,1,-0.04253478907749577
3169,3.75,-33.75,33.75,0.0,1,-0.038684048573648544
3170,6.25,-33.75,33.75,0.0,1,-0.0358137656476026
3171,8.75,-33.75,33.75,0.0,1,-0.03411974075719352
3172,11.25,-33.75,33.75,0.0,1,-0.032474119756810416
3173,13.75,-33.75,33.75,0.0,1,-0.02751506818903478
3174,16.25,-33.75,33.75,0.0,1,-0.017708961574082718
3175,18.75,-33.75,33.75,0.0,0,-0.0013507079876944833
3176,21.25,-33.75,33.75,1.0,0,0.00806128976111408
3177,23.75,-33.75,33.75,0.0,0,0.011141435614037005
3178,26.25,-33.75,33.75,0.0,1,0.03774279343553193
3179,28.75,-33.75,33.75,0.0,1,0.03331551074738594
3180,31.25,-33.75,33.75,0.0,3,-0.02713927136981637
3181,33.75,-33.75,33.75,0.0,3,-0.08330560688475525
3182,36.25,-33.75,33.75,0.0,3,-0.11043050033346773
3183,38.75,-33.75,33.75,0.0,3,-0.08920647000532807
3184,41.25,-33.75,33.75,0.0,3,-0.04757258121138755
3185,43.75,-33.75,33.75,0.0,3,-0.02609891235151951
3186,46.25,-33.75,33.75,0.0,3,-0.02194076585103307
3187,48.75,-33.75,33.75,0.0,3,-0.009750032703737107
3188,51.25,-33.75,33.75,0.0,3,0.014934819411838406
3189,53.75,-33.75,33.75,0.0,3,0.022383447606101524
3190,56.25,-33.75,33.75,0.0,3,0.016809797064090505
3191,58.75,-33.75,33.75,0.0,3,0.02199426658554275
3192,61.25,-33.75,33.75,0.0,3,0.03509782425219691
3193,63.75,-33.75,33.75,0.0,3,0.05444938027074616
3194,66.25,-33.75,33.75,0.0,3,0.06482822874511976
3195,68.75,-33.75,33.75,0.0,3,0.050227696966792176
3196,71.25,-33.75,33.75,0.0,3,0.03898824665550467
3197,73.75,-33.75,33.75,0.0,3,0.04881002368674286
3198,76.25,-33.75,33.75,0.0,3,0.060909925330248235
3199,78.75,-33.75,33.75,0.0,3,0.05903066461001344
3200,81.25,-33.75,33.75,0.0,3,0.03932808401121801
3201,83.75,-33.75,33.75,0.0,3,0.003904741538900115
3202,86.25,-33.75,33.75,0.0,3,-0.026521817190265407
3203,88.75,-33.75,33.75,0.0,3,-0.03852201566960816
3204,91.25,-33.75,33.75,0.0,3,-0.043778884942939196
3205,93.75,-33.75,33.75,0.0,3,-0.04395271825740023
3206,96.25,-33.75,33.75,0.0,3,-0.034616343403017724
3207,98.75,-33.75,33.75,0.0,3,-0.02665648654057887
3208,101.25,-33.75,33.75,0.0,3,-0.029229304453014717
3209,103.75,-33.75,33.75,0.0,3,-0.03484885462473071
3210,106.25,-33.75,33.75,0.0,3,-0.03499349982940226
3211,108.75,-33.75,33.75,0.0,3,-0.03637897855586903
3212,111.25,-33.75,33.75,0.0,3,-0.053845668140908874
3213,113.75,-33.75,33.75,0.0,3,-0.07960145312019769
3214,116.25,-33.75,33.75,1.0,0,-0.07745387297349547
3215,118.75,-33.75,33.75,1.0,0,-0.05667591587252535
3216,121.25,-33.75,33.75,0.0,0,-0.04160359038885553
3217,123.75,-33.75,33.75,0.0,2,-0.027110035898810256
3218,126.25,-33.75,33.75,0.0,2,-0.021771684629022795
3219,128.75,-33.75,33.75,0.0,2,-0.0287097692911922
3220,131.25,-33.75,33.75,0.0,2,-0.03841598229653043
3221,133.75,-33.75,33.75,0.0,2,-0.03862274239857007
3222,136.25,-33.75,33.75,1.0,0,-0.025591509724234116
3223,138.75,-33.75,33.75,1.0,0,0.003025411523692184
3224,141.25,-33.75,33.75,1.0,0,0.041034320884145464
3225,143.75,-33.75,33.75,1.0,0,0.04993256173969982
3226,146.25,-33.75,33.75,1.0,0,0.03097992503308119
3227,148.75,-33.75,33.75,1.0,0,0.022351818779385635
3228,151.25,-33.75,33.75,0.0,2,0.020077216452001678
3229,153.75,-33.75,33.75,0.0,2,-0.012001712075136816
3230,156.25,-33.75,33.75,0.0,2,-0.06326345592457569
3231,158.75,-33.75,33.75,0.0,2,-0.07817235956753676
3232,161.25,-33.75,33.75,0.0,2,-0.07024325128165541
3233,163.75,-33.75,33.75,0.0,2,-0.06703832890024396
3234,166.25,-33.75,33.75,0.0,2,-0.05524276071979257
3235,168.75,-33.75,33.75,0.0,2,-0.0314824694478248
3236,171.25,-33.75,33.75,0.0,2,-0.0015057419133054039
3237,173.75,-33.75,33.75,0.0,2,0.03975156556654821
3238,176.25,-33.75,33.75,0.0,2,0.07036323333664303
3239,178.75,-33.75,33.75,0.0,2,0.07696050135739824
3240,181.25,-33.75,33.75,0.0,2,0.09646332714891295
3241,183.75,-33.75,33.75,0.0,2,0.13751855674029856
3242,186.25,-33.75,33.75,0.0,2,0.1721424852665308
3243,188.75,-33.75,33.75,0.0,2,0.19316627088189423
3244,191.25,-33.75,33.75,0.0,2,0.20644665890977154
3245,193.75,-33.75,33.75,0.0,2,0.18980518526606469
3246,196.25,-33.75,33.75,0.0,2,0.14794361119813265
3247,198.75,-33.75,33.75,0.0,2,0.1165192328846496
3248,201.25,-33.75,33.75,0.0,2,0.10157602016847657
3249,203.75,-33.75,33.75,0.0,2,0.08469311341775689
3250,206.25,-33.75,33.75,0.0,2,0.06063028745521269
3251,208.75,-33.75,33.75,0.0,2,0.0324744997925314
3252,211.25,-33.75,33.75,0.0,2,-0.0008781960796994402
3253,213.75,-33.75,33.75,0.0,2,-0.03219285751582034
3254,216.25,-33.75,33.75,0.0,2,-0.04815216863798563
3255,218.75,-33.75,33.75,0.0,2,-0.04691742823249049
3256,221.25,-33.75,33.75,0.0,2,-0.03622062644907635
3257,223.75,-33.75,33.75,0.0,2,-0.023171113637197052
3258,226.25,-33.75,33.75,0.0,2,-0.005079817172991441
3259,228.75,-33.75,33.75,0.0,2,0.03359946201317266
3260,231.25,-33.75,33.75,0.0,2,0.08271159523208126
3261,233.75,-33.75,33.75,0.0,2,0.10416250913963528
3262,236.25,-33.75,33.75,0.0,2,0.08634690234729517
3263,238.75,-33.75,33.75,0.0,2,0.06492743795721057
3264,241.25,-33.75,33.75,0.0,2,0.05087176415549538
3265,243.75,-33.75,33.75,0.0,2,0.04053216820040937
3266,246.25,-33.75,33.75,0.0,2,0.04039956649350122
3267,248.75,-33.75,33.75,0.0,2,0.022483596512904352
3268,251.25,-33.75,33.75,0.0,2,-0.04621058008295694
3269,253.75,-33.75,33.75,0.0,2,-0.1358513543216557
3270,256.25,-33.75,33.75,0.0,2,-0.20001999849985244
3271,258.75,-33.75,33.75,0.0,2,-0.2274506991633089
3272,261.25,-33.75,33.75,0.0,2,-0.23249267381607772
3273,263.75,-33.75,33.75,0.0,2,-0.2241112745777748
3274,266.25,-33.75,33.75,0.0,2,-0.19868467988761795
3275,268.75,-33.75,33.75,0.0,2,-0.17418185856691484
3276,271.25,-33.75,33.75,0.0,2,-0.154967658742365
3277,273.75,-33.75,33.75,0.0,2,-0.13480389414425517
3278,276.25,-33.75,33.75,0.0,2,-0.11706000296578245
3279,278.75,-33.75,33.75,0.0,2,-0.09785932207431837
3280,281.25,-33.75,33.75,0.0,1,-0.08274118958531858
3281,283.75,-33.75,33.75,0.0,1,-0.081453230102382
3282,286.25,-33.75,33.75,0.0,1,-0.12006404930341237
3283,288.75,-33.75,33.75,0.0,0,-0.11714477637381245
3284,291.25,-33.75,33.75,1.0,0,-0.009795851588536362
3285,293.75,-33.75,33.75,1.0,0,0.06050034402565209
3286,296.25,-33.75,33.75,1.0,0,0.05808487245863971
3287,298.75,-33.75,33.75,1.0,0,0.04863979030944293
3288,301.25,-33.75,33.75,1.0,0,0.02727568225643536
3289,303.75,-33.75,33.75,1.0,0,0.002512263632905039
3290,306.25,-33.75,33.75,0.0,0,0.00030931668402642206
3291,308.75,-33.75,33.75,0.0,1,0.0151909376665591
3292,311.25,-33.75,33.75,0.0,1,0.04088624161900693
3293,313.75,-33.75,33.75,0.0,1,0.06476448224549955
3294,316.25,-33.75,33.75,0.0,1,0.061583223059041695
3295,318.75,-33.75,33.75,0.0,1,0.039776755307402635
3296,321.25,-33.75,33.75,0.0,1,0.02152781072779582
3297,323.75,-33.75,33.75,0.0,1,0.016088790771741898
3298,326.25,-33.75,33.75,0.0,1,0.019892188987503077
3299,328.75,-33.75,33.75,0.0,1,0.01874071168920485
3300,331.25,-33.75,33.75,0.0,1,0.01659447090253689
3301,333.75,-33.75,33.75,0.0,1,0.014022072029868302
3302,336.25,-33.75,33.75,0.0,1,-0.0023070211357677844
3303,338.75,-33.75,33.75,0.0,1,-0.02614915374953756
3304,341.25,-33.75,33.75,0.0,1,-0.047630473313397405
3305,343.75,-33.75,33.75,0.0,1,-0.06590159191180332
3306,346.25,-33.75,33.75,0.0,1,-0.08037216515216809
3307,348.75,-33.75,33.75,0.0,1,-0.08439751935024346
3308,351.25,-33.75,33.75,0.0,1,-0.0797920305633587
3309,353.75,-33.75,33.75,0.0,1,-0.07198941182439555
3310,356.25,-33.75,33.75,0.0,1,-0.06168918863481598
3311,358.75,-33.75,33.75,0.0,1,-0.05038453908534327
3312,1.25,-31.25,31.25,0.0,1,-0.032335207206485514
3313,3.75,-31.25,31.25,0.0,1,-0.029423772731156327
3314,6.25,-31.25,31.25,0.0,1,-0.02647289828968152
3315,8.75,-31.25,31.25,0.0,1,-0.0258534930884306
3316,11.25,-31.25,31.25,0.0,1,-0.02463511746446121
3317,13.75,-31.25,31.25,0.0,1,-0.02127678219665144
3318,16.25,-31.25,31.25,0.0,1,-0.026792140104618795
3319,18.75,-31.25,31.25,1.0,0,-0.058207626861868526
3320,21.25,-31.25,31.25,1.0,0,-0.09078163439005418
3321,23.75,-31.25,31.25,1.0,0,-0.09811392140327897
3322,26.25,-31.25,31.25,1.0,0,-0.04417762796503448
3323,28.75,-31.25,31.25,1.0,0,0.0517797813577772
3324,31.25,-31.25,31.25,0.0,3,0.033614206539765115
3325,33.75,-31.25,31.25,0.0,3,-0.0011774344233846294
3326,36.25,-31.25,31.25,0.0,3,0.023012543631507308
3327,38.75,-31.25,31.25,0.0,3,0.03328637360282391
3328,41.25,-31.25,31.25,0.0,3,0.02353215332558634
3329,43.75,-31.25,31.25,0.0,3,-0.007593141446396757
3330,46.25,-31.25,31.25,0.0,3,-0.026061093019327342
3331,48.75,-31.25,31.25,0.0,3,-0.015941331204572605
3332,51.25,-31.25,31.25,0.0,3,-0.0067723294318159455
3333,53.75,-31.25,31.25,0.0,3,-0.004309090892262897
3334,56.25,-31.25,31.25,0.0,3,0.010051999880715631
3335,58.75,-31.25,31.25,0.0,3,0.025641908301679228
3336,61.25,-31.25,31.25,0.0,3,0.03478880296821146
3337,63.75,-31.25,31.25,0.0,3,0.049807331941584064
3338,66.25,-31.25,31.25,0.0,3,0.05457119553913688
3339,68.75,-31.25,31.25,0.0,3,0.04114899072131672
3340,71.25,-31.25,31.25,0.0,3,0.03723442316204797
3341,73.75,-31.25,31.25,0.0,3,0.032799411998374474
3342,76.25,-31.25,31.25,0.0,3,0.017698742475995635
3343,78.75,-31.25,31.25,0.0,3,0.0049171736079755375
3344,81.25,-31.25,31.25,0.0,3,-0.0049406748694764205
3345,83.75,-31.25,31.25,0.0,3,-0.01819359564887294
3346,86.25,-31.25,31.25,0.0,3,-0.034621797519140914
3347,88.75,-31.25,31.25,0.0,3,-0.04898422176375994
3348,91.25,-31.25,31.25,0.0,3,-0.05996032529411238
3349,93.75,-31.25,31.25,0.0,3,-0.056936552601981286
3350,96.25,-31.25,31.25,0.0,3,-0.043715086695247894
3351,98.75,-31.25,31.25,0.0,3,-0.03682461225046604
3352,101.25,-31.25,31.25,0.0,3,-0.036989632570915844
3353,103.75,-31.25,31.25,0.0,3,-0.035828126152500056
3354,106.25,-31.25,31.25,0.0,3,-0.0329190291945241
3355,108.75,-31.25,31.25,0.0,3,-0.034933868495850756
3356,111.25,-31.25,31.25,0.0,3,-0.0483687195426534
3357,113.75,-31.25,31.25,0.0,3,-0.0653700070826994
3358,116.25,-31.25,31.25,1.0,0,-0.06439330375926135
3359,118.75,-31.25,31.25,1.0,0,-0.0360945260569226
3360,121.25,-31.25,31.25,1.0,0,-0.007972800000681549
3361,123.75,-31.25,31.25,1.0,0,0.0030616269422214077
3362,126.25,-31.25,31.25,1.0,0,-0.0041518444238550015
3363,128.75,-31.25,31.25,0.0,2,-0.022786463416325013
3364,131.25,-31.25,31.25,0.0,2,-0.0248942176361157
3365,133.75,-31.25,31.25,1.0,0,-0.01242129993918467
3366,136.25,-31.25,31.25,1.0,0,0.005743476333479406
3367,138.75,-31.25,31.25,1.0,0,0.028093652104301696
3368,141.25,-31.25,31.25,1.0,0,0.031810700074792635
3369,143.75,-31.25,31.25,1.0,0,0.010484481307794726
3370,146.25,-31.25,31.25,1.0,0,0.010949582289565241
3371,148.75,-31.25,31.25,1.0,0,0.04415225988841462
3372,151.25,-31.25,31.25,1.0,0,0.049426005397328575
3373,153.75,-31.25,31.25,0.0,2,0.014677196045081803
3374,156.25,-31.25,31.25,0.0,2,-0.02231060334297963
3375,158.75,-31.25,31.25,0.0,2,-0.025375922485721326
3376,161.25,-31.25,31.25,0.0,2,-0.014171236733212115
3377,163.75,-31.25,31.25,0.0,2,-0.007415983269317994
3378,166.25,-31.25,31.25,0.0,2,-0.0012866659008979903
3379,168.75,-31.25,31.25,0.0,2,-0.0022818561993147796
3380,171.25,-31.25,31.25,0.0,2,0.007025372558148398
3381,173.75,-31.25,31.25,0.0,2,0.04104575288818995
3382,176.25,-31.25,31.25,0.0,2,0.08574222523658624
3383,178.75,-31.25,31.25,0.0,2,0.11530927125777632
3384,181.25,-31.25,31.25,0.0,2,0.13424505778102172
3385,183.75,-31.25,31.25,0.0,2,0.1585625001279717
3386,186.25,-31.25,31.25,0.0,2,0.1807588293730669
3387,188.75,-31.25,31.25,0.0,2,0.20348048941921068
3388,191.25,-31.25,31.25,0.0,2,0.2200883968014763
3389,193.75,-31.25,31.25,0.0,2,0.19560336427752545
3390,196.25,-31.25,31.25,0.0,2,0.14797371572612233
3391,198.75,-31.25,31.25,0.0,2,0.12253961268603616
3392,201.25,-31.25,31.25,0.0,2,0.1103905768245319
3393,203.75,-31.25,31.25,0.0,2,0.09558041560180104
3394,206.25,-31.25,31.25,0.0,2,0.08239186989819279
3395,208.75,-31.25,31.25,0.0,2,0.06748296947556015
3396,211.25,-31.25,31.25,0.0,2,0.04971266695179014
3397,213.75,-31.25,31.25,0.0,2,0.03333496032201307
3398,216.25,-31.25,31.25,0.0,2,0.03168187317432078
3399,218.75,-31.25,31.25,0.0,2,0.037580896394007766
3400,221.25,-31.25,31.25,0.0,2,0.03173402194397952
3401,223.75,-31.25,31.25,0.0,2,0.032724296467286786
3402,226.25,-31.25,31.25,0.0,2,0.056185104815601634
3403,228.75,-31.25,31.25,0.0,2,0.08683133751491347
3404,231.25,-31.25,31.25,0.0,2,0.09950053479859962
3405,233.75,-31.25,31.25,0.0,2,0.08590658511348913
3406,236.25,-31.25,31.25,0.0,2,0.06092499127842675
3407,238.75,-31.25,31.25,0.0,2,0.028907595758391358
3408,241.25,-31.25,31.25,0.0,2,-0.0033636286857953346
3409,243.75,-31.25,31.25,0.0,2,-0.02690730529966576
3410,246.25,-31.25,31.25,0.0,2,-0.057910602288418954
3411,248.75,-31.25,31.25,0.0,2,-0.11210529028458302
3412,251.25,-31.25,31.25,0.0,2,-0.18183015282430906
3413,253.75,-31.25,31.25,0.0,2,-0.23885886434710546
3414,256.25,-31.25,31.25,0.0,2,-0.26678179234098665
3415,258.75,-31.25,31.25,0.0,2,-0.26643224627611034
3416,261.25,-31.25,31.25,0.0,2,-0.25231478527587337
3417,263.75,-31.25,31.25,0.0,2,-0.23180625450977557
3418,266.25,-31.25,31.25,0.0,2,-0.20407893984380518
3419,268.75,-31.25,31.25,0.0,2,-0.1767937988755763
3420,271.25,-31.25,31.25,0.0,2,-0.15564561398900054
3421,273.75,-31.25,31.25,0.0,2,-0.1345326558075458
3422,276.25,-31.25,31.25,0.0,2,-0.10916884390924912
3423,278.75,-31.25,31.25,0.0,2,-0.08111927580217272
3424,281.25,-31.25,31.25,0.0,1,-0.06123938857099982
3425,283.75,-31.25,31.25,0.0,1,-0.055560496188629835
3426,286.25,-31.25,31.25,0.0,1,-0.08526957713527719
3427,288.75,-31.25,31.25,0.0,0,-0.10104511449327598
3428,291.25,-31.25,31.25,1.0,0,-0.03239843343035961
3429,293.75,-31.25,31.25,1.0,0,0.028748210689853324
3430,296.25,-31.25,31.25,1.0,0,0.04378501784819929
3431,298.75,-31.25,31.25,1.0,0,0.03670345320619573
3432,301.25,-31.25,31.25,1.0,0,-0.004234831616745351
3433,303.75,-31.25,31.25,1.0,0,-0.04792334817886359
3434,306.25,-31.25,31.25,1.0,0,-0.08762192860395694
3435,308.75,-31.25,31.25,0.0,1,-0.1278755366965835
3436,311.25,-31.25,31.25,0.0,1,-0.11426986942832718
3437,313.75,-31.25,31.25,0.0,1,-0.08123420275585964
3438,316.25,-31.25,31.25,0.0,1,-0.09148754169637924
3439,318.75,-31.25,31.25,0.0,1,-0.10550809970733324
3440,321.25,-31.25,31.25,0.0,1,-0.09471195096432654
3441,323.75,-31.25,31.25,0.0,1,-0.078741173680748
3442,326.25,-31.25,31.25,0.0,1,-0.06986940713812101
3443,328.75,-31.25,31.25,0.0,1,-0.06364003064530234
3444,331.25,-31.25,31.25,0.0,1,-0.0509884914528741
3445,333.75,-31.25,31.25,0.0,1,-0.0420188656132946
3446,336.25,-31.25,31.25,0.0,1,-0.05190337326974067
3447,338.75,-31.25,31.25,0.0,1,-0.06750871705252488
3448,341.25,-31.25,31.25,0.0,1,-0.0808872565182439
3449,343.75,-31.25,31.25,0.0,1,-0.08332097010058155
3450,346.25,-31.25,31.25,0.0,1,-0.07274594706539397
3451,348.75,-31.25,31.25,0.0,1,-0.05961551977685152
3452,351.25,-31.25,31.25,0.0,1,-0.05153967004293498
3453,353.75,-31.25,31.25,0.0,1,-0.043404599629229886
3454,356.25,-31.25,31.25,0.0,1,-0.036765861088456225
3455,358.75,-31.25,31.25,0.0,1,-0.03457823847758478
3456,1.25,-28.75,28.75,0.0,1,-0.041134583398396596
3457,3.75,-28.75,28.75,0.0,1,-0.035402360222304315
3458,6.25,-28.75,28.75,0.0,1,-0.027842731803962944
3459,8.75,-28.75,28.75,0.0,1,-0.01882087785863737
3460,11.25,-28.75,28.75,0.0,1,-0.008286342764837118
3461,13.75,-28.75,28.75,0.0,1,0.002695945512473263
3462,16.25,-28.75,28.75,0.0,1,0.0477923422425111
3463,18.75,-28.75,28.75,1.0,0,0.07555906104527789
3464,21.25,-28.75,28.75,1.0,0,0.05549432112124711
3465,23.75,-28.75,28.75,1.0,0,0.08123035458633883
3466,26.25,-28.75,28.75,1.0,0,0.14421213300782626
3467,28.75,-28.75,28.75,1.0,0,0.11889964307748654
3468,31.25,-28.75,28.75,0.0,0,-0.0005095965489819011
3469,33.75,-28.75,28.75,0.0,3,0.04780789765777878
3470,36.25,-28.75,28.75,0.0,3,0.11704887675724109
3471,38.75,-28.75,28.75,0.0,3,-0.019906239552798726
3472,41.25,-28.75,28.75,0.0,3,-0.15417786824102384
3473,43.75,-28.75,28.75,0.0,3,-0.20067318245852803
3474,46.25,-28.75,28.75,0.0,3,-0.18740128076837675
3475,48.75,-28.75,28.75,0.0,3,-0.14440344856653622
3476,51.25,-28.75,28.75,0.0,3,-0.1142634534115458
3477,53.75,-28.75,28.75,0.0,3,-0.09709200779549068
3478,56.25,-28.75,28.75,0.0,3,-0.0836502788474059
3479,58.75,-28.75,28.75,0.0,3,-0.0777621751843861
3480,61.25,-28.75,28.75,0.0,3,-0.07468987570035478
3481,63.75,-28.75,28.75,0.0,3,-0.07576748399907232
3482,66.25,-28.75,28.75,0.0,3,-0.09190541873984404
3483,68.75,-28.75,28.75,0.0,3,-0.11287992972240278
3484,71.25,-28.75,28.75,0.0,3,-0.1175103614440911
3485,73.75,-28.75,28.75,0.0,3,-0.11869117320812332
3486,76.25,-28.75,28.75,0.0,3,-0.12438833364397162
3487,78.75,-28.75,28.75,0.0,3,-0.13075462951418784
3488,81.25,-28.75,28.75,0.0,3,-0.13099431834672773
3489,83.75,-28.75,28.75,0.0,3,-0.11889471719216971
3490,86.25,-28.75,28.75,0.0,3,-0.10453966073051355
3491,88.75,-28.75,28.75,0.0,3,-0.09763745154146702
3492,91.25,-28.75,28.75,0.0,3,-0.09239341062362563
3493,93.75,-28.75,28.75,0.0,3,-0.0796833636068008
3494,96.25,-28.75,28.75,0.0,3,-0.06021759983040872
3495,98.75,-28.75,28.75,0.0,3,-0.0430448523769289
3496,101.25,-28.75,28.75,0.0,3,-0.035067028778441714
3497,103.75,-28.75,28.75,0.0,3,-0.030652551996068964
3498,106.25,-28.75,28.75,0.0,3,-0.028975895662976345
3499,108.75,-28.75,28.75,0.0,3,-0.040501560937479655
3500,111.25,-28.75,28.75,0.0,3,-0.06433535149963338
3501,113.75,-28.75,28.75,0.0,3,-0.03889102057577922
3502,116.25,-28.75,28.75,1.0,0,0.018432966571374988
3503,118.75,-28.75,28.75,1.0,0,0.0620774110040117
3504,121.25,-28.75,28.75,1.0,0,0.09879315990595196
3505,123.75,-28.75,28.75,1.0,0,0.11200297021746901
3506,126.25,-28.75,28.75,1.0,0,0.12498354203401128
3507,128.75,-28.75,28.75,1.0,0,0.13580316074064133
3508,131.25,-28.75,28.75,1.0,0,0.1333302981201101
3509,133.75,-28.75,28.75,1.0,0,0.09894369815913696
3510,136.25,-28.75,28.75,1.0,0,0.06770889667975646
3511,138.75,-28.75,28.75,1.0,0,0.062171552729019926
3512,141.25,-28.75,28.75,1.0,0,0.03122885327982492
3513,143.75,-28.75,28.75,1.0,0,-0.01735010179894407
3514,146.25,-28.75,28.75,1.0,0,-0.027748855963568738
3515,148.75,-28.75,28.75,1.0,0,-0.02658375078944327
3516,151.25,-28.75,28.75,1.0,0,-0.04313558077205739
3517,153.75,-28.75,28.75,0.0,2,-0.15363436197750438
3518,156.25,-28.75,28.75,0.0,2,-0.2824888697584185
3519,158.75,-28.75,28.75,0.0,2,-0.26979211455206153
3520,161.25,-28.75,28.75,0.0,2,-0.20563305945871105
3521,163.75,-28.75,28.75,0.0,2,-0.13751612741051908
3522,166.25,-28.75,28.75,0.0,2,-0.07622105737245399
3523,168.75,-28.75,28.75,0.0,2,-0.03888584532038963
3524,171.25,-28.75,28.75,0.0,2,-0.00898659523085371
3525,173.75,-28.75,28.75,0.0,2,0.0293785767829636
3526,176.25,-28.75,28.75,0.0,2,0.08143004644851086
3527,178.75,-28.75,28.75,0.0,2,0.13161445474896888
3528,181.25,-28.75,28.75,0.0,2,0.15802678603568074
3529,183.75,-28.75,28.75,0.0,2,0.1629030099340944
3530,186.25,-28.75,28.75,0.0,2,0.1697623096845366
3531,188.75,-28.75,28.75,0.0,2,0.19685798986006384
3532,191.25,-28.75,28.75,0.0,2,0.22183774724197186
3533,193.75,-28.75,28.75,0.0,2,0.21810347443865233
3534,196.25,-28.75,28.75,0.0,2,0.20060975665698527
3535,198.75,-28.75,28.75,0.0,2,0.18346183317241188
3536,201.25,-28.75,28.75,0.0,2,0.17153836199337402
3537,203.75,-28.75,28.75,0.0,2,0.1788507529422299
3538,206.25,-28.75,28.75,0.0,2,0.20052452313769403
3539,208.75,-28.75,28.75,0.0,2,0.21931123608175823
3540,211.25,-28.75,28.75,0.0,2,0.2443790056997519
3541,213.75,-28.75,28.75,0.0,2,0.2742199672909233
3542,216.25,-28.75,28.75,0.0,2,0.301643537622761
3543,218.75,-28.75,28.75,0.0,2,0.31546764079219
3544,221.25,-28.75,28.75,0.0,2,0.31452630999523756
3545,223.75,-28.75,28.75,0.0,2,0.32511298477928313
3546,226.25,-28.75,28.75,0.0,2,0.3373982845600239
3547,228.75,-28.75,28.75,0.0,2,0.33097642159889856
3548,231.25,-28.75,28.75,0.0,2,0.2844639619655274
3549,233.75,-28.75,28.75,0.0,2,0.19307055584381402
3550,236.25,-28.75,28.75,0.0,2,0.08357868192826326
3551,238.75,-28.75,28.75,0.0,2,-0.05275715769945153
3552,241.25,-28.75,28.75,0.0,2,-0.1931309277982137
3553,243.75,-28.75,28.75,0.0,2,-0.29663252672697993
3554,246.25,-28.75,28.75,0.0,2,-0.393624102499425
3555,248.75,-28.75,28.75,0.0,2,-0.48376714425020795
3556,251.25,-28.75,28.75,0.0,2,-0.5351498431435209
3557,253.75,-28.75,28.75,0.0,2,-0.5436050203230154
3558,256.25,-28.75,28.75,0.0,2,-0.5201014547743404
3559,258.75,-28.75,28.75,0.0,2,-0.48499789580140795
3560,261.25,-28.75,28.75,0.0,2,-0.44030796233611386
3561,263.75,-28.75,28.75,0.0,2,-0.38557761963556053
3562,266.25,-28.75,28.75,0.0,2,-0.3294067476188572
3563,268.75,-28.75,28.75,0.0,2,-0.2703833192304991
3564,271.25,-28.75,28.75,0.0,2,-0.2149473092262358
3565,273.75,-28.75,28.75,0.0,2,-0.15938465615322886
3566,276.25,-28.75,28.75,0.0,2,-0.10640064307620353
3567,278.75,-28.75,28.75,0.0,2,-0.06596791945357858
3568,281.25,-28.75,28.75,0.0,1,-0.04282323681043432
3569,283.75,-28.75,28.75,0.0,1,-0.03876311627521278
3570,286.25,-28.75,28.75,0.0,1,-0.07751830022584169
3571,288.75,-28.75,28.75,0.0,0,-0.13647696136988138
3572,291.25,-28.75,28.75,1.0,0,-0.24514927168780526
3573,293.75,-28.75,28.75,1.0,0,-0.133917215030115
3574,296.25,-28.75,28.75,1.0,0,0.10121856602923532
3575,298.75,-28.75,28.75,1.0,0,0.07424898200427676
3576,301.25,-28.75,28.75,1.0,0,-0.01520869713266209
3577,303.75,-28.75,28.75,1.0,0,-0.10438045517425683
3578,306.25,-28.75,28.75,1.0,0,-0.14899459804443843
3579,308.75,-28.75,28.75,1.0,0,-0.11328867416032892
3580,311.25,-28.75,28.75,0.0,1,-0.12257102149789371
3581,313.75,-28.75,28.75,0.0,1,-0.26720637480761517
3582,316.25,-28.75,28.75,0.0,1,-0.4000684446838957
3583,318.75,-28.75,28.75,0.0,1,-0.41377742254089633
3584,321.25,-28.75,28.75,0.0,1,-0.3843940022133495
3585,323.75,-28.75,28.75,0.0,1,-0.3447627677076986
3586,326.25,-28.75,28.75,0.0,1,-0.3194239414373806
3587,328.75,-28.75,28.75,0.0,1,-0.29948188626826905
3588,331.25,-28.75,28.75,0.0,1,-0.2841681183861386
3589,333.75,-28.75,28.75,0.0,1,-0.27161795269913125
3590,336.25,-28.75,28.75,0.0,1,-0.25323624547135104
3591,338.75,-28.75,28.75,0.0,1,-0.22981825104455592
3592,341.25,-28.75,28.75,0.0,1,-0.20498928600394717
3593,343.75,-28.75,28.75,0.0,1,-0.17292844751362724
3594,346.25,-28.75,28.75,0.0,1,-0.13657158591686916
3595,348.75,-28.75,28.75,0.0,1,-0.10498201874779907
3596,351.25,-28.75,28.75,0.0,1,-0.08071876562645147
3597,353.75,-28.75,28.75,0.0,1,-0.062479632778858776
3598,356.25,-28.75,28.75,0.0,1,-0.05168087272315568
3599,358.75,-28.75,28.75,0.0,1,-0.04618938754484659
3600,1.25,-26.25,26.25,0.0,1,-0.009791412837366684
3601,3.75,-26.25,26.25,0.0,1,-0.008564129467105058
3602,6.25,-26.25,26.25,0.0,1,-0.005443528009401649
3603,8.75,-26.25,26.25,0.0,1,-0.00215949352976773
3604,11.25,-26.25,26.25,0.0,1,0.0019289674828672694
3605,13.75,-26.25,26.25,0.0,1,-0.006096840123530502
3606,16.25,-26.25,26.25,1.0,0,-0.07481725764085295
3607,18.75,-26.25,26.25,1.0,0,-0.13749967954143666
3608,21.25,-26.25,26.25,1.0,0,-0.11552156264429013
3609,23.75,-26.25,26.25,1.0,0,-0.01882216409338494
3610,26.25,-26.25,26.25,1.0,0,0.06825040407431349
3611,28.75,-26.25,26.25,1.0,0,0.10167544829768663
3612,31.25,-26.25,26.25,1.0,0,0.10804944795982872
3613,33.75,-26.25,26.25,0.0,3,0.10697832364829896
3614,36.25,-26.25,26.25,0.0,3,0.09696348472644653
3615,38.75,-26.25,26.25,0.0,3,0.04380006220023579
3616,41.25,-26.25,26.25,0.0,3,-0.0037611288269431037
3617,43.75,-26.25,26.25,0.0,3,-0.027398855140382632
3618,46.25,-26.25,26.25,0.0,3,-0.04280023469273168
3619,48.75,-26.25,26.25,0.0,3,-0.04554336494209586
3620,51.25,-26.25,26.25,0.0,3,-0.040229468740330655
3621,53.75,-26.25,26.25,0.0,3,-0.029221225321042432
3622,56.25,-26.25,26.25,0.0,3,-0.026839141353888898
3623,58.75,-26.25,26.25,0.0,3,-0.03290495482046541
3624,61.25,-26.25,26.25,0.0,3,-0.025796816722777477
3625,63.75,-26.25,26.25,0.0,3,-0.012404934528852196
3626,66.25,-26.25,26.25,0.0,3,-0.01392069774998304
3627,68.75,-26.25,26.25,0.0,3,-0.03579761818076226
3628,71.25,-26.25,26.25,0.0,3,-0.06263519097345459
3629,73.75,-26.25,26.25,0.0,3,-0.07681258342911448
3630,76.25,-26.25,26.25,0.0,3,-0.0731259941381024
3631,78.75,-26.25,26.25,0.0,3,-0.06677530020521222
3632,81.25,-26.25,26.25,0.0,3,-0.0614785182871282
3633,83.75,-26.25,26.25,0.0,3,-0.05831413239757441
3634,86.25,-26.25,26.25,0.0,3,-0.06460756270412586
3635,88.75,-26.25,26.25,0.0,3,-0.06874780579338302
3636,91.25,-26.25,26.25,0.0,3,-0.06335472443544782
3637,93.75,-26.25,26.25,0.0,3,-0.05482850116822334
3638,96.25,-26.25,26.25,0.0,3,-0.04958451654628917
3639,98.75,-26.25,26.25,0.0,3,-0.0489478647055622
3640,101.25,-26.25,26.25,0.0,3,-0.04721933315083139
3641,103.75,-26.25,26.25,0.0,3,-0.04259868337489097
3642,106.25,-26.25,26.25,0.0,3,-0.03891769987189083
3643,108.75,-26.25,26.25,0.0,3,-0.03879603700197565
3644,111.25,-26.25,26.25,0.0,3,-0.039063201576749806
3645,113.75,-26.25,26.25,0.0,0,-0.034284286760404556
3646,116.25,-26.25,26.25,1.0,0,-0.025481269524269098
3647,118.75,-26.25,26.25,1.0,0,-0.010237731986679
3648,121.25,-26.25,26.25,1.0,0,0.010110522460393088
3649,123.75,-26.25,26.25,1.0,0,0.025241713047265666
3650,126.25,-26.25,26.25,1.0,0,0.04261464851626309
3651,128.75,-26.25,26.25,1.0,0,0.0528550120626212
3652,131.25,-26.25,26.25,1.0,0,0.036238346767990814
3653,133.75,-26.25,26.25,1.0,0,0.004454657625037394
3654,136.25,-26.25,26.25,1.0,0,-0.012628677493560525
3655,138.75,-26.25,26.25,1.0,0,-0.01893591673252405
3656,141.25,-26.25,26.25,1.0,0,-0.02633709438706972
3657,143.75,-26.25,26.25,1.0,0,-0.017359144356163123
3658,146.25,-26.25,26.25,1.0,0,0.005433849482669304
3659,148.75,-26.25,26.25,1.0,0,0.013852298885997132
3660,151.25,-26.25,26.25,1.0,0,-0.024471368040663927
3661,153.75,-26.25,26.25,0.0,2,-0.07401249536573254
3662,156.25,-26.25,26.25,0.0,2,-0.086846652046188
3663,158.75,-26.25,26.25,0.0,2,-0.07990523988642045
3664,161.25,-26.25,26.25,0.0,2,-0.06745555505310659
3665,163.75,-26.25,26.25,0.0,2,-0.03855158519929842
3666,166.25,-26.25,26.25,0.0,2,-0.0014515627080052133
3667,168.75,-26.25,26.25,0.0,2,0.03737567582870192
3668,171.25,-26.25,26.25,0.0,2,0.07420984521804774
3669,173.75,-26.25,26.25,0.0,2,0.10250980788820693
3670,176.25,-26.25,26.25,0.0,2,0.1287988076211175
3671,178.75,-26.25,26.25,0.0,2,0.15271863516324657
3672,181.25,-26.25,26.25,0.0,2,0.16217356225784818
3673,183.75,-26.25,26.25,0.0,2,0.1609100760487452
3674,186.25,-26.25,26.25,0.0,2,0.1682478748700985
3675,188.75,-26.25,26.25,0.0,2,0.17350731516424334
3676,191.25,-26.25,26.25,0.0,2,0.1594948986705796
3677,193.75,-26.25,26.25,0.0,2,0.1440671654322047
3678,196.25,-26.25,26.25,0.0,2,0.14417773819193075
3679,198.75,-26.25,26.25,0.0,2,0.15355172339719816
3680,201.25,-26.25,26.25,0.0,2,0.17284857537353165
3681,203.75,-26.25,26.25,0.0,2,0.19175609799792787
3682,206.25,-26.25,26.25,0.0,2,0.19764629550575605
3683,208.75,-26.25,26.25,0.0,2,0.2137851361945654
3684,211.25,-26.25,26.25,0.0,2,0.22971918424823282
3685,213.75,-26.25,26.25,0.0,2,0.20899847725192214
3686,216.25,-26.25,26.25,0.0,2,0.15353819142727887
3687,218.75,-26.25,26.25,0.0,2,0.0893736969365391
3688,221.25,-26.25,26.25,0.0,2,0.04001702622105534
3689,223.75,-26.25,26.25,0.0,2,0.030190219233314608
3690,226.25,-26.25,26.25,0.0,2,0.03768422345399065
3691,228.75,-26.25,26.25,0.0,2,0.0037707702671930356
3692,231.25,-26.25,26.25,0.0,2,-0.07225006239576014
3693,233.75,-26.25,26.25,0.0,2,-0.16838423237763755
3694,236.25,-26.25,26.25,0.0,2,-0.2541748851343453
3695,238.75,-26.25,26.25,0.0,2,-0.3014614820494194
3696,241.25,-26.25,26.25,0.0,2,-0.3238304149911784
3697,243.75,-26.25,26.25,0.0,2,-0.3361751197494282
3698,246.25,-26.25,26.25,0.0,2,-0.3445279786979463
3699,248.75,-26.25,26.25,0.0,2,-0.34916814998433954
3700,251.25,-26.25,26.25,0.0,2,-0.3376352149930439
3701,253.75,-26.25,26.25,0.0,2,-0.30566817500192833
3702,256.25,-26.25,26.25,0.0,2,-0.26955426960393214
3703,258.75,-26.25,26.25,0.0,2,-0.23601866024985804
3704,261.25,-26.25,26.25,0.0,2,-0.19766215352052946
3705,263.75,-26.25,26.25,0.0,2,-0.15785931198800596
3706,266.25,-26.25,26.25,0.0,2,-0.12349440389675365
3707,268.75,-26.25,26.25,0.0,2,-0.09386439758960445
3708,271.25,-26.25,26.25,0.0,2,-0.06359130384144757
3709,273.75,-26.25,26.25,0.0,2,-0.03778284577541212
3710,276.25,-26.25,26.25,0.0,2,-0.021534608535939512
3711,278.75,-26.25,26.25,0.0,2,-0.012694005955973284
3712,281.25,-26.25,26.25,0.0,1,-0.007002252160698655
3713,283.75,-26.25,26.25,0.0,1,-0.001106746281734874
3714,286.25,-26.25,26.25,0.0,1,-0.008052915118452329
3715,288.75,-26.25,26.25,0.0,1,-0.05624926151052563
3716,291.25,-26.25,26.25,1.0,0,-0.08716263116543874
3717,293.75,-26.25,26.25,1.0,0,-0.10697918149080955
3718,296.25,-26.25,26.25,1.0,0,-0.12052365723937376
3719,298.75,-26.25,26.25,1.0,0,-0.07890105851179581
3720,301.25,-26.25,26.25,1.0,0,-0.07265518646924843
3721,303.75,-26.25,26.25,1.0,0,-0.10612906657236298
3722,306.25,-26.25,26.25,1.0,0,-0.0756522618891524
3723,308.75,-26.25,26.25,1.0,0,-0.09992281347868792
3724,311.25,-26.25,26.25,0.0,0,-0.1834948706376718
3725,313.75,-26.25,26.25,0.0,1,-0.16816587371902172
3726,316.25,-26.25,26.25,0.0,1,-0.10890891502290506
3727,318.75,-26.25,26.25,0.0,1,-0.08031219249291213
3728,321.25,-26.25,26.25,0.0,1,-0.07370092026769859
3729,323.75,-26.25,26.25,0.0,1,-0.06870626739768537
3730,326.25,-26.25,26.25,0.0,1,-0.0662071010775635
3731,328.75,-26.25,26.25,0.0,1,-0.0722194693428269
3732,331.25,-26.25,26.25,0.0,1,-0.07530087136143845
3733,333.75,-26.25,26.25,0.0,1,-0.06332267140705324
3734,336.25,-26.25,26.25,0.0,1,-0.04900531188515656
3735,338.75,-26.25,26.25,0.0,1,-0.04610384982542806
3736,341.25,-26.25,26.25,0.0,1,-0.043429497440064156
3737,343.75,-26.25,26.25,0.0,1,-0.032365586742407436
3738,346.25,-26.25,26.25,0.0,1,-0.020584674972055187
3739,348.75,-26.25,26.25,0.0,1,-0.013888543329025014
3740,351.25,-26.25,26.25,0.0,1,-0.010689241773840856
3741,353.75,-26.25,26.25,0.0,1,-0.007581589265110379
3742,356.25,-26.25,26.25,0.0,1,-0.007067760640548475
3743,358.75,-26.25,26.25,0.0,1,-0.008988067239477596
3744,1.25,-23.75,23.75,0.0,1,-0.003326474133923457
3745,3.75,-23.75,23.75,0.0,1,-0.00031472377742788367
3746,6.25,-23.75,23.75,0.0,1,0.0009709477802338065
3747,8.75,-23.75,23.75,0.0,1,0.001103896823931791
3748,11.25,-23.75,23.75,0.0,1,0.009184199706900048
3749,13.75,-23.75,23.75,0.0,1,-0.011301879144680971
3750,16.25,-23.75,23.75,1.0,0,-0.06918921192976178
3751,18.75,-23.75,23.75,1.0,0,-0.06654091033837001
3752,21.25,-23.75,23.75,1.0,0,0.010080815934083203
3753,23.75,-23.75,23.75,1.0,0,0.0641268856314716
3754,26.25,-23.75,23.75,1.0,0,0.08041938961742535
3755,28.75,-23.75,23.75,1.0,0,0.05116293783820482
3756,31.25,-23.75,23.75,1.0,0,-0.0027268386504878976
3757,33.75,-23.75,23.75,1.0,0,-0.014929940999930653
3758,36.25,-23.75,23.75,0.0,3,-0.024640463972861595
3759,38.75,-23.75,23.75,0.0,3,-0.03376430355135997
3760,41.25,-23.75,23.75,0.0,3,-0.02609950445942535
3761,43.75,-23.75,23.75,1.0,0,-0.02220458270387398
3762,46.25,-23.75,23.75,1.0,0,-0.027125930500189608
3763,48.75,-23.75,23.75,0.0,3,-0.03491511984847326
3764,51.25,-23.75,23.75,0.0,3,-0.04191410247287587
3765,53.75,-23.75,23.75,0.0,3,-0.047157207680839426
3766,56.25,-23.75,23.75,0.0,3,-0.05430463479953558
3767,58.75,-23.75,23.75,0.0,3,-0.06451193818887453
3768,61.25,-23.75,23.75,0.0,3,-0.06357318656516336
3769,63.75,-23.75,23.75,0.0,3,-0.05797374306911683
3770,66.25,-23.75,23.75,0.0,3,-0.06572998827491373
3771,68.75,-23.75,23.75,0.0,3,-0.08701024895172678
3772,71.25,-23.75,23.75,0.0,3,-0.10328039009917257
3773,73.75,-23.75,23.75,0.0,3,-0.10563116151485694
3774,76.25,-23.75,23.75,0.0,3,-0.09399258079403362
3775,78.75,-23.75,23.75,0.0,3,-0.07281206989640872
3776,81.25,-23.75,23.75,0.0,3,-0.05546169643072294
3777,83.75,-23.75,23.75,0.0,3,-0.05476160610108345
3778,86.25,-23.75,23.75,0.0,3,-0.06668336792370916
3779,88.75,-23.75,23.75,0.0,3,-0.07312568254945681
3780,91.25,-23.75,23.75,0.0,3,-0.0644030964267798
3781,93.75,-23.75,23.75,0.0,3,-0.05257497359754102
3782,96.25,-23.75,23.75,0.0,3,-0.04489388964462984
3783,98.75,-23.75,23.75,0.0,3,-0.03895380332138099
3784,101.25,-23.75,23.75,0.0,3,-0.03744033220931271
3785,103.75,-23.75,23.75,0.0,3,-0.03938217649070192
3786,106.25,-23.75,23.75,0.0,3,-0.03739589144830965
3787,108.75,-23.75,23.75,0.0,3,-0.03051116991464585
3788,111.25,-23.75,23.75,0.0,3,-0.02209920748331438
3789,113.75,-23.75,23.75,0.0,0,-0.0280752547485072
3790,116.25,-23.75,23.75,1.0,0,-0.049407934705432394
3791,118.75,-23.75,23.75,1.0,0,-0.056951149849487154
3792,121.25,-23.75,23.75,1.0,0,-0.0307657586575247
3793,123.75,-23.75,23.75,1.0,0,0.018267943942956895
3794,126.25,-23.75,23.75,1.0,0,0.07579451371366738
3795,128.75,-23.75,23.75,1.0,0,0.11065305181649251
3796,131.25,-23.75,23.75,1.0,0,0.09085451431083842
3797,133.75,-23.75,23.75,1.0,0,0.0570323290220892
3798,136.25,-23.75,23.75,1.0,0,0.04895117233059698
3799,138.75,-23.75,23.75,1.0,0,0.04626491352404022
3800,141.25,-23.75,23.75,1.0,0,0.028306346126701985
3801,143.75,-23.75,23.75,1.0,0,0.012721007658331694
3802,146.25,-23.75,23.75,1.0,0,0.020128862791599204
3803,148.75,-23.75,23.75,1.0,0,-0.0014876655353572108
3804,151.25,-23.75,23.75,0.0,2,-0.07367356821037432
3805,153.75,-23.75,23.75,0.0,2,-0.09965721318589411
3806,156.25,-23.75,23.75,0.0,2,-0.06981340847943884
3807,158.75,-23.75,23.75,0.0,2,-0.032628887909995595
3808,161.25,-23.75,23.75,0.0,2,0.010446495920640841
3809,163.75,-23.75,23.75,0.0,2,0.059260448350996656
3810,166.25,-23.75,23.75,0.0,2,0.09441123106417193
3811,168.75,-23.75,23.75,0.0,2,0.10787153878481398
3812,171.25,-23.75,23.75,0.0,2,0.10787935886334755
3813,173.75,-23.75,23.75,0.0,2,0.12126312594283879
3814,176.25,-23.75,23.75,0.0,2,0.1550134920747345
3815,178.75,-23.75,23.75,0.0,2,0.18636841762894737
3816,181.25,-23.75,23.75,0.0,2,0.20041880357519015
3817,183.75,-23.75,23.75,0.0,2,0.21484958319977715
3818,186.25,-23.75,23.75,0.0,2,0.23747369255478856
3819,188.75,-23.75,23.75,0.0,2,0.24710744250881816
3820,191.25,-23.75,23.75,0.0,2,0.2530069722317137
3821,193.75,-23.75,23.75,0.0,2,0.2704564332503116
3822,196.25,-23.75,23.75,0.0,2,0.2855607895839245
3823,198.75,-23.75,23.75,0.0,2,0.2967164073382588
3824,201.25,-23.75,23.75,0.0,2,0.3062196475412944
3825,203.75,-23.75,23.75,0.0,2,0.30537210144492366
3826,206.25,-23.75,23.75,0.0,2,0.3094370437545838
3827,208.75,-23.75,23.75,0.0,2,0.3138268127220073
3828,211.25,-23.75,23.75,0.0,2,0.2534280965772525
3829,213.75,-23.75,23.75,0.0,2,0.14034630014858898
3830,216.25,-23.75,23.75,0.0,2,0.04485789565815487
3831,218.75,-23.75,23.75,0.0,2,-0.027575287764500713
3832,221.25,-23.75,23.75,0.0,2,-0.080966240924026
3833,223.75,-23.75,23.75,0.0,2,-0.12258466820741447
3834,226.25,-23.75,23.75,0.0,2,-0.21056254658497933
3835,228.75,-23.75,23.75,0.0,2,-0.34135662868850497
3836,231.25,-23.75,23.75,0.0,2,-0.4396794100516004
3837,233.75,-23.75,23.75,0.0,2,-0.49805917239291636
3838,236.25,-23.75,23.75,0.0,2,-0.5192054669756279
3839,238.75,-23.75,23.75,0.0,2,-0.5075400464565205
3840,241.25,-23.75,23.75,0.0,2,-0.4951081693154481
3841,243.75,-23.75,23.75,0.0,2,-0.47969590003553625
3842,246.25,-23.75,23.75,0.0,2,-0.44994272058734364
3843,248.75,-23.75,23.75,0.0,2,-0.41029738229068097
3844,251.25,-23.75,23.75,0.0,2,-0.3625763788462564
3845,253.75,-23.75,23.75,0.0,2,-0.3042530533087991
3846,256.25,-23.75,23.75,0.0,2,-0.2476142790922102
3847,258.75,-23.75,23.75,0.0,2,-0.20051352541296383
3848,261.25,-23.75,23.75,0.0,2,-0.14982344545708165
3849,263.75,-23.75,23.75,0.0,2,-0.0992022560468114
3850,266.25,-23.75,23.75,0.0,2,-0.06360717488545922
3851,268.75,-23.75,23.75,0.0,2,-0.039469739437020306
3852,271.25,-23.75,23.75,0.0,2,-0.02106734269789373
3853,273.75,-23.75,23.75,0.0,2,-0.008321841365646381
3854,276.25,-23.75,23.75,0.0,2,-0.0015226555885564383
3855,278.75,-23.75,23.75,0.0,2,0.0002950418303381816
3856,281.25,-23.75,23.75,0.0,1,0.0022880710480969236
3857,283.75,-23.75,23.75,0.0,1,0.005126664403490649
3858,286.25,-23.75,23.75,0.0,1,0.007864685972266793
3859,288.75,-23.75,23.75,0.0,1,-0.02958426058255584
3860,291.25,-23.75,23.75,1.0,0,-0.029551630081257448
3861,293.75,-23.75,23.75,1.0,0,-0.037631768182813344
3862,296.25,-23.75,23.75,1.0,0,-0.036850451239931074
3863,298.75,-23.75,23.75,1.0,0,-0.011894600349611428
3864,301.25,-23.75,23.75,1.0,0,-0.0459757867650009
3865,303.75,-23.75,23.75,1.0,0,-0.06260224225029563
3866,306.25,-23.75,23.75,1.0,0,-0.04529448852192076
3867,308.75,-23.75,23.75,1.0,0,-0.061648400862410455
3868,311.25,-23.75,23.75,1.0,0,-0.1153086043862649
3869,313.75,-23.75,23.75,0.0,1,-0.10214968648659156
3870,316.25,-23.75,23.75,0.0,1,-0.03569946783934506
3871,318.75,-23.75,23.75,0.0,1,-0.017698329173346083
3872,321.25,-23.75,23.75,0.0,1,-0.04425175585577716
3873,323.75,-23.75,23.75,0.0,1,-0.05586940790895523
3874,326.25,-23.75,23.75,0.0,1,-0.07092515488164512
3875,328.75,-23.75,23.75,0.0,1,-0.08036605182234571
3876,331.25,-23.75,23.75,0.0,1,-0.07339263031543591
3877,333.75,-23.75,23.75,0.0,1,-0.057081251893550275
3878,336.25,-23.75,23.75,0.0,1,-0.04580831567992019
3879,338.75,-23.75,23.75,0.0,1,-0.03946526922567468
3880,341.25,-23.75,23.75,0.0,1,-0.030487069171314475
3881,343.75,-23.75,23.75,0.0,1,-0.020572617612809936
3882,346.25,-23.75,23.75,0.0,1,-0.013012598183414886
3883,348.75,-23.75,23.75,0.0,1,-0.009461904862961282
3884,351.25,-23.75,23.75,0.0,1,-0.007911937611646382
3885,353.75,-23.75,23.75,0.0,1,-0.006832521563922894
3886,356.25,-23.75,23.75,0.0,1,-0.006669094218026611
3887,358.75,-23.75,23.75,0.0,1,-0.005898603423015364
3888,1.25,-21.25,21.25,0.0,1,-0.008449651989402096
3889,3.75,-21.25,21.25,0.0,1,-0.009326425098035962
3890,6.25,-21.25,21.25,0.0,1,-0.010160448984335393
3891,8.75,-21.25,21.25,0.0,1,-0.01616755198133472
3892,11.25,-21.25,21.25,0.0,1,-0.06356704038649014
3893,13.75,-21.25,21.25,0.0,1,-0.20799453243681448
3894,16.25,-21.25,21.25,1.0,0,-0.3084324501965019
3895,18.75,-21.25,21.25,1.0,0,-0.24716553072617953
3896,21.25,-21.25,21.25,1.0,0,-0.16579077203450893
3897,23.75,-21.25,21.25,1.0,0,-0.0933277793352694
3898,26.25,-21.25,21.25,1.0,0,0.011673495385416779
3899,28.75,-21.25,21.25,1.0,0,0.04553395165140873
3900,31.25,-21.25,21.25,1.0,0,-0.014903412174715303
3901,33.75,-21.25,21.25,1.0,0,-0.09723843224548176
3902,36.25,-21.25,21.25,0.0,3,-0.14314428575919433
3903,38.75,-21.25,21.25,0.0,3,-0.1314228233944117
3904,41.25,-21.25,21.25,0.0,3,-0.1235509015134333
3905,43.75,-21.25,21.25,0.0,3,-0.13522008181299755
3906,46.25,-21.25,21.25,1.0,0,-0.13933814966672095
3907,48.75,-21.25,21.25,0.0,3,-0.15394643459403734
3908,51.25,-21.25,21.25,0.0,3,-0.15395444594995092
3909,53.75,-21.25,21.25,0.0,3,-0.11463396610902399
3910,56.25,-21.25,21.25,0.0,3,-0.09157518311576919
3911,58.75,-21.25,21.25,0.0,3,-0.09917690834013658
3912,61.25,-21.25,21.25,0.0,3,-0.10981126668062718
3913,63.75,-21.25,21.25,0.0,3,-0.11950319110072864
3914,66.25,-21.25,21.25,0.0,3,-0.13509318050046185
3915,68.75,-21.25,21.25,0.0,3,-0.14184519167462967
3916,71.25,-21.25,21.25,0.0,3,-0.13666437763437314
3917,73.75,-21.25,21.25,0.0,3,-0.13244623034386413
3918,76.25,-21.25,21.25,0.0,3,-0.1236868563898701
3919,78.75,-21.25,21.25,0.0,3,-0.09842455461347475
3920,81.25,-21.25,21.25,0.0,3,-0.0763700645456269
3921,83.75,-21.25,21.25,0.0,3,-0.07426962995654282
3922,86.25,-21.25,21.25,0.0,3,-0.08100495288183336
3923,88.75,-21.25,21.25,0.0,3,-0.08643171891836582
3924,91.25,-21.25,21.25,0.0,3,-0.08350480224437364
3925,93.75,-21.25,21.25,0.0,3,-0.07156542086778346
3926,96.25,-21.25,21.25,0.0,3,-0.059884244664619043
3927,98.75,-21.25,21.25,0.0,3,-0.05932578050345563
3928,101.25,-21.25,21.25,0.0,3,-0.06680598284615168
3929,103.75,-21.25,21.25,0.0,3,-0.07228980309093562
3930,106.25,-21.25,21.25,0.0,3,-0.07217164153591468
3931,108.75,-21.25,21.25,0.0,3,-0.05783663062561419
3932,111.25,-21.25,21.25,0.0,3,-0.05050826785690039
3933,113.75,-21.25,21.25,0.0,3,-0.06549933425734483
3934,116.25,-21.25,21.25,0.0,3,-0.07106961898262376
3935,118.75,-21.25,21.25,1.0,0,-0.07183023919505967
3936,121.25,-21.25,21.25,1.0,0,-0.07956352059726471
3937,123.75,-21.25,21.25,1.0,0,-0.06734565668942283
3938,126.25,-21.25,21.25,1.0,0,-0.017025078666127853
3939,128.75,-21.25,21.25,1.0,0,0.03353596653565563
3940,131.25,-21.25,21.25,1.0,0,0.04354214496544282
3941,133.75,-21.25,21.25,1.0,0,0.01147405031817687
3942,136.25,-21.25,21.25,1.0,0,-0.023050049991877538
3943,138.75,-21.25,21.25,1.0,0,-0.016802662560502536
3944,141.25,-21.25,21.25,1.0,0,0.008899438544028625
3945,143.75,-21.25,21.25,1.0,0,0.01820440727703036
3946,146.25,-21.25,21.25,1.0,0,-0.027402885785644232
3947,148.75,-21.25,21.25,1.0,0,-0.0744026257472047
3948,151.25,-21.25,21.25,0.0,2,-0.0950058070546901
3949,153.75,-21.25,21.25,0.0,2,-0.12086830446998373
3950,156.25,-21.25,21.25,0.0,2,-0.15092417066552305
3951,158.75,-21.25,21.25,0.0,2,-0.13493102189430867
3952,161.25,-21.25,21.25,0.0,2,-0.06903681391604562
3953,163.75,-21.25,21.25,0.0,2,-0.03869008039570483
3954,166.25,-21.25,21.25,0.0,2,-0.05266959100942943
3955,168.75,-21.25,21.25,0.0,2,-0.07294364603507278
3956,171.25,-21.25,21.25,0.0,2,-0.08009822532068676
3957,173.75,-21.25,21.25,0.0,2,-0.06229206889768946
3958,176.25,-21.25,21.25,0.0,2,-0.0321168409262699
3959,178.75,-21.25,21.25,0.0,2,0.002608838587005412
3960,181.25,-21.25,21.25,0.0,2,0.049570999929093376
3961,183.75,-21.25,21.25,0.0,2,0.08648660850101612
3962,186.25,-21.25,21.25,0.0,2,0.0982397011088945
3963,188.75,-21.25,21.25,0.0,2,0.11641755343823387
3964,191.25,-21.25,21.25,0.0,2,0.15719278749877214
3965,193.75,-21.25,21.25,0.0,2,0.1950784800106815
3966,196.25,-21.25,21.25,0.0,2,0.2100705508796209
3967,198.75,-21.25,21.25,0.0,2,0.2009586197563556
3968,201.25,-21.25,21.25,0.0,2,0.16829013433083273
3969,203.75,-21.25,21.25,0.0,2,0.12236936232781276
3970,206.25,-21.25,21.25,0.0,2,0.07255512029272658
3971,208.75,-21.25,21.25,0.0,2,-0.004898910234438513
3972,211.25,-21.25,21.25,0.0,2,-0.11319183955764112
3973,213.75,-21.25,21.25,0.0,2,-0.20390027668435382
3974,216.25,-21.25,21.25,0.0,2,-0.2456871096881447
3975,218.75,-21.25,21.25,0.0,2,-0.2754802699772977
3976,221.25,-21.25,21.25,0.0,2,-0.3109633757318891
3977,223.75,-21.25,21.25,0.0,2,-0.34201139876788195
3978,226.25,-21.25,21.25,0.0,2,-0.359351719205376
3979,228.75,-21.25,21.25,0.0,2,-0.3595421701325317
3980,231.25,-21.25,21.25,0.0,2,-0.35522094152682115
3981,233.75,-21.25,21.25,0.0,2,-0.3450196622467909
3982,236.25,-21.25,21.25,0.0,2,-0.3304273355666559
3983,238.75,-21.25,21.25,0.0,2,-0.31415089049653977
3984,241.25,-21.25,21.25,0.0,2,-0.29301021876660677
3985,243.75,-21.25,21.25,0.0,2,-0.2633508798975107
3986,246.25,-21.25,21.25,0.0,2,-0.22378783034810373
3987,248.75,-21.25,21.25,0.0,2,-0.18278225081820523
3988,251.25,-21.25,21.25,0.0,2,-0.14756272963480904
3989,253.75,-21.25,21.25,0.0,2,-0.11665957033590496
3990,256.25,-21.25,21.25,0.0,2,-0.08981596034501153
3991,258.75,-21.25,21.25,0.0,2,-0.06539880757246849
3992,261.25,-21.25,21.25,0.0,2,-0.04168246634028714
3993,263.75,-21.25,21.25,0.0,2,-0.023151361228497744
3994,266.25,-21.25,21.25,0.0,2,-0.009856012226012907
3995,268.75,-21.25,21.25,0.0,2,-1.375206998944278e-05
3996,271.25,-21.25,21.25,0.0,2,0.007542524630198543
3997,273.75,-21.25,21.25,0.0,2,0.011262801051792766
3998,276.25,-21.25,21.25,0.0,2,0.010832246687750352
3999,278.75,-21.25,21.25,0.0,2,0.009090890429909458
4000,281.25,-21.25,21.25,0.0,1,0.008856668242133622
4001,283.75,-21.25,21.25,0.0,1,0.014283909960570933
4002,286.25,-21.25,21.25,0.0,1,-0.014974139552981401
4003,288.75,-21.25,21.25,0.0,1,-0.23305195046861155
4004,291.25,-21.25,21.25,1.0,0,-0.31391875752865167
4005,293.75,-21.25,21.25,1.0,0,-0.15297149056738343
4006,296.25,-21.25,21.25,1.0,0,0.04680489627155997
4007,298.75,-21.25,21.25,1.0,0,0.1474817209607837
4008,301.25,-21.25,21.25,1.0,0,0.05966478717815979
4009,303.75,-21.25,21.25,1.0,0,0.042510565313356424
4010,306.25,-21.25,21.25,1.0,0,0.06718179648722113
4011,308.75,-21.25,21.25,1.0,0,0.09111244407768544
4012,311.25,-21.25,21.25,1.0,0,0.10885106879441167
4013,313.75,-21.25,21.25,1.0,0,0.1008938570693909
4014,316.25,-21.25,21.25,1.0,0,0.06593056480669644
4015,318.75,-21.25,21.25,0.0,1,0.032239177776448524
4016,321.25,-21.25,21.25,0.0,1,0.001817916342046831
4017,323.75,-21.25,21.25,0.0,1,-0.01578947220984308
4018,326.25,-21.25,21.25,0.0,1,-0.0307482174335471
4019,328.75,-21.25,21.25,0.0,1,-0.026056658416345333
4020,331.25,-21.25,21.25,0.0,1,-0.013641208709275583
4021,333.75,-21.25,21.25,0.0,1,-0.007526243394229375
4022,336.25,-21.25,21.25,0.0,1,-0.006690700056226667
4023,338.75,-21.25,21.25,0.0,1,-0.0057014561204236204
4024,341.25,-21.25,21.25,0.0,1,-0.003643489417461899
4025,343.75,-21.25,21.25,0.0,1,-0.0023114580904934293
4026,346.25,-21.25,21.25,0.0,1,-0.002626018886751484
4027,348.75,-21.25,21.25,0.0,1,-0.0036837857950458444
4028,351.25,-21.25,21.25,0.0,1,-0.005666745414496863
4029,353.75,-21.25,21.25,0.0,1,-0.007679086376812432
4030,356.25,-21.25,21.25,0.0,1,-0.008729656265840114
4031,358.75,-21.25,21.25,0.0,1,-0.008518806650727288
4032,1.25,-18.75,18.75,0.0,1,-0.012110254252991262
4033,3.75,-18.75,18.75,0.0,1,-0.012280214262877617
4034,6.25,-18.75,18.75,0.0,1,-0.015706719278379792
4035,8.75,-18.75,18.75,0.0,1,-0.06031410829528537
4036,11.25,-18.75,18.75,0.0,1,-0.23935206376797694
4037,13.75,-18.75,18.75,1.0,0,-0.37339181734953497
4038,16.25,-18.75,18.75,1.0,0,-0.352070766253252
4039,18.75,-18.75,18.75,1.0,0,-0.276478638374965
4040,21.25,-18.75,18.75,1.0,0,-0.19561545528416657
4041,23.75,-18.75,18.75,1.0,0,-0.1506275434708631
4042,26.25,-18.75,18.75,1.0,0,-0.08197559909196804
4043,28.75,-18.75,18.75,1.0,0,-0.04964440064964991
4044,31.25,-18.75,18.75,1.0,0,-0.1160694495213098
4045,33.75,-18.75,18.75,1.0,0,-0.2267824276324457
4046,36.25,-18.75,18.75,0.0,3,-0.2472712398505124
4047,38.75,-18.75,18.75,0.0,3,-0.21207530558262205
4048,41.25,-18.75,18.75,0.0,3,-0.15936852080198566
4049,43.75,-18.75,18.75,0.0,3,-0.1697505146344587
4050,46.25,-18.75,18.75,1.0,0,-0.21406417920190943
4051,48.75,-18.75,18.75,0.0,3,-0.238559481975232
4052,51.25,-18.75,18.75,0.0,3,-0.260121240195361
4053,53.75,-18.75,18.75,0.0,3,-0.17835374317065872
4054,56.25,-18.75,18.75,0.0,3,-0.122776027794128
4055,58.75,-18.75,18.75,0.0,3,-0.14114970577515196
4056,61.25,-18.75,18.75,0.0,3,-0.15834285979000706
4057,63.75,-18.75,18.75,0.0,3,-0.15975543480065457
4058,66.25,-18.75,18.75,0.0,3,-0.16420094096493948
4059,68.75,-18.75,18.75,0.0,3,-0.16358430598720025
4060,71.25,-18.75,18.75,0.0,3,-0.15440039406403866
4061,73.75,-18.75,18.75,0.0,3,-0.1610751220022418
4062,76.25,-18.75,18.75,0.0,3,-0.16494348814118934
4063,78.75,-18.75,18.75,0.0,3,-0.14932641037652253
4064,81.25,-18.75,18.75,0.0,3,-0.13863682287801268
4065,83.75,-18.75,18.75,0.0,3,-0.1352506843903179
4066,86.25,-18.75,18.75,0.0,3,-0.13267801772479404
4067,88.75,-18.75,18.75,0.0,3,-0.1301491295403378
4068,91.25,-18.75,18.75,0.0,3,-0.11852277262351255
4069,93.75,-18.75,18.75,0.0,3,-0.10722141395788692
4070,96.25,-18.75,18.75,0.0,3,-0.10934672232533163
4071,98.75,-18.75,18.75,0.0,3,-0.12339286626233792
4072,101.25,-18.75,18.75,0.0,3,-0.1398324684150238
4073,103.75,-18.75,18.75,0.0,3,-0.15310994712043824
4074,106.25,-18.75,18.75,0.0,3,-0.14778943279233883
4075,108.75,-18.75,18.75,0.0,3,-0.12234409172331272
4076,111.25,-18.75,18.75,0.0,3,-0.10560038860998008
4077,113.75,-18.75,18.75,0.0,3,-0.09972977556272716
4078,116.25,-18.75,18.75,0.0,3,-0.0773996417500667
4079,118.75,-18.75,18.75,0.0,3,-0.02289690613622766
4080,121.25,-18.75,18.75,0.0,2,-0.03368248386994014
4081,123.75,-18.75,18.75,1.0,0,-0.13643223638445062
4082,126.25,-18.75,18.75,1.0,0,-0.1610921150720144
4083,128.75,-18.75,18.75,1.0,0,-0.1108167043572272
4084,131.25,-18.75,18.75,1.0,0,-0.0779427406765018
4085,133.75,-18.75,18.75,1.0,0,-0.0733868830297657
4086,136.25,-18.75,18.75,1.0,0,-0.10152856780371097
4087,138.75,-18.75,18.75,1.0,0,-0.09891216160203531
4088,141.25,-18.75,18.75,1.0,0,-0.059074645246316025
4089,143.75,-18.75,18.75,1.0,0,-0.09642390844341968
4090,146.25,-18.75,18.75,0.0,2,-0.2242074492539282
4091,148.75,-18.75,18.75,0.0,2,-0.2593633677629994
4092,151.25,-18.75,18.75,0.0,2,-0.23436037036746146
4093,153.75,-18.75,18.75,0.0,2,-0.3193059551261561
4094,156.25,-18.75,18.75,0.0,2,-0.4067882972183579
4095,158.75,-18.75,18.75,0.0,2,-0.39698131944663045
4096,161.25,-18.75,18.75,0.0,2,-0.3611446762273522
4097,163.75,-18.75,18.75,0.0,2,-0.34433287543257285
4098,166.25,-18.75,18.75,0.0,2,-0.334806263599644
4099,168.75,-18.75,18.75,0.0,2,-0.3388777281162411
4100,171.25,-18.75,18.75,0.0,2,-0.33869830747634466
4101,173.75,-18.75,18.75,0.0,2,-0.28997462584758293
4102,176.25,-18.75,18.75,0.0,2,-0.2162672917452651
4103,178.75,-18.75,18.75,0.0,2,-0.22435347750129406
4104,181.25,-18.75,18.75,0.0,2,-0.22947636746085406
4105,183.75,-18.75,18.75,0.0,2,-0.1714914058639076
4106,186.25,-18.75,18.75,0.0,2,-0.1354134741034354
4107,188.75,-18.75,18.75,0.0,2,-0.08209872867575059
4108,191.25,-18.75,18.75,0.0,2,-0.008460115181886545
4109,193.75,-18.75,18.75,0.0,2,0.014617954738812937
4110,196.25,-18.75,18.75,0.0,2,-0.009506895824654499
4111,198.75,-18.75,18.75,0.0,2,-0.04294041238826664
4112,201.25,-18.75,18.75,0.0,2,-0.10297061631690776
4113,203.75,-18.75,18.75,0.0,2,-0.1795628573809709
4114,206.25,-18.75,18.75,0.0,2,-0.24064877780250668
4115,208.75,-18.75,18.75,0.0,2,-0.2907538251489988
4116,211.25,-18.75,18.75,0.0,2,-0.33535970623053407
4117,213.75,-18.75,18.75,0.0,2,-0.3468134136992712
4118,216.25,-18.75,18.75,0.0,2,-0.33808290597126467
4119,218.75,-18.75,18.75,0.0,2,-0.33655436251362286
4120,221.25,-18.75,18.75,0.0,2,-0.3051253515400027
4121,223.75,-18.75,18.75,0.0,2,-0.2480441088038877
4122,226.25,-18.75,18.75,0.0,2,-0.20484084766991684
4123,228.75,-18.75,18.75,0.0,2,-0.1824691256685819
4124,231.25,-18.75,18.75,0.0,2,-0.17614871435486582
4125,233.75,-18.75,18.75,0.0,2,-0.17142243774095578
4126,236.25,-18.75,18.75,0.0,2,-0.16104373310050185
4127,238.75,-18.75,18.75,0.0,2,-0.14426729112781678
4128,241.25,-18.75,18.75,0.0,2,-0.12171360868816467
4129,243.75,-18.75,18.75,0.0,2,-0.09719658007319072
4130,246.25,-18.75,18.75,0.0,2,-0.07680670941420534
4131,248.75,-18.75,18.75,0.0,2,-0.06166358717208532
4132,251.25,-18.75,18.75,0.0,2,-0.04357730050920629
4133,253.75,-18.75,18.75,0.0,2,-0.027403888224700815
4134,256.25,-18.75,18.75,0.0,2,-0.018228589434795186
4135,258.75,-18.75,18.75,0.0,2,-0.011579687055722841
4136,261.25,-18.75,18.75,0.0,2,-0.0043301431939525405
4137,263.75,-18.75,18.75,0.0,2,0.0015516641941580157
4138,266.25,-18.75,18.75,0.0,2,0.0058168982918816205
4139,268.75,-18.75,18.75,0.0,2,0.009898534998620657
4140,271.25,-18.75,18.75,0.0,2,0.011683225674921418
4141,273.75,-18.75,18.75,0.0,2,0.011189446422873532
4142,276.25,-18.75,18.75,0.0,2,0.011304557166316186
4143,278.75,-18.75,18.75,0.0,2,0.013010238582557525
4144,281.25,-18.75,18.75,0.0,1,0.013064098291095887
4145,283.75,-18.75,18.75,0.0,1,-0.00595222167396054
4146,286.25,-18.75,18.75,0.0,1,-0.4737152395006686
4147,288.75,-18.75,18.75,0.0,1,-0.9785146469816561
4148,291.25,-18.75,18.75,1.0,0,-0.6480378996461573
4149,293.75,-18.75,18.75,1.0,0,-0.2457252422864287
4150,296.25,-18.75,18.75,1.0,0,0.16368138052397424
4151,298.75,-18.75,18.75,1.0,0,0.35765363956796364
4152,301.25,-18.75,18.75,1.0,0,0.11800989351033139
4153,303.75,-18.75,18.75,1.0,0,0.07307585544483892
4154,306.25,-18.75,18.75,1.0,0,0.08101510161595034
4155,308.75,-18.75,18.75,1.0,0,0.11697130485235685
4156,311.25,-18.75,18.75,1.0,0,0.16248476881265347
4157,313.75,-18.75,18.75,1.0,0,0.16085283646124549
4158,316.25,-18.75,18.75,1.0,0,0.14643382705964186
4159,318.75,-18.75,18.75,1.0,0,0.07422563447836109
4160,321.25,-18.75,18.75,0.0,1,-0.02196110024529927
4161,323.75,-18.75,18.75,0.0,1,-0.031119736079311722
4162,326.25,-18.75,18.75,0.0,1,-0.01772559423270367
4163,328.75,-18.75,18.75,0.0,1,-0.0043172219631072446
4164,331.25,-18.75,18.75,0.0,1,0.0025100599023347974
4165,333.75,-18.75,18.75,0.0,1,0.0031934255654377406
4166,336.25,-18.75,18.75,0.0,1,0.0014634874355186622
4167,338.75,-18.75,18.75,0.0,1,-1.1086753937303681e-05
4168,341.25,-18.75,18.75,0.0,1,-0.0020329519105181807
4169,343.75,-18.75,18.75,0.0,1,-0.003623406835735319
4170,346.25,-18.75,18.75,0.0,1,-0.0052615972385151415
4171,348.75,-18.75,18.75,0.0,1,-0.006748272061406664
4172,351.25,-18.75,18.75,0.0,1,-0.008259827776127035
4173,353.75,-18.75,18.75,0.0,1,-0.00996922382882408
4174,356.25,-18.75,18.75,0.0,1,-0.01136142702265642
4175,358.75,-18.75,18.75,0.0,1,-0.012055758520904897
4176,1.25,-16.25,16.25,0.0,1,-0.0025290381141107143
4177,3.75,-16.25,16.25,0.0,1,-0.007360652819107088
4178,6.25,-16.25,16.25,0.0,1,-0.02320579251724166
4179,8.75,-16.25,16.25,0.0,1,-0.058758480282295696
4180,11.25,-16.25,16.25,0.0,1,-0.19498153071375335
4181,13.75,-16.25,16.25,1.0,0,-0.2939035145307874
4182,16.25,-16.25,16.25,1.0,0,-0.2760855902332877
4183,18.75,-16.25,16.25,1.0,0,-0.23160685171506362
4184,21.25,-16.25,16.25,1.0,0,-0.17118474337622375
4185,23.75,-16.25,16.25,1.0,0,-0.11400273296679024
4186,26.25,-16.25,16.25,1.0,0,-0.06087175402920613
4187,28.75,-16.25,16.25,1.0,0,-0.07006391385302187
4188,31.25,-16.25,16.25,1.0,0,-0.14475020972290847
4189,33.75,-16.25,16.25,1.0,0,-0.2248968427681066
4190,36.25,-16.25,16.25,1.0,0,-0.18913776332337578
4191,38.75,-16.25,16.25,1.0,0,-0.15535399568591512
4192,41.25,-16.25,16.25,0.0,3,-0.2270205595515004
4193,43.75,-16.25,16.25,0.0,3,-0.22480958469640783
4194,46.25,-16.25,16.25,0.0,3,-0.16916329903935676
4195,48.75,-16.25,16.25,1.0,0,-0.12695699442758118
4196,51.25,-16.25,16.25,0.0,3,-0.17387737708186746
4197,53.75,-16.25,16.25,0.0,3,-0.2008918500118792
4198,56.25,-16.25,16.25,0.0,3,-0.17527293872134717
4199,58.75,-16.25,16.25,0.0,3,-0.17915829913421502
4200,61.25,-16.25,16.25,0.0,3,-0.15747226949093357
4201,63.75,-16.25,16.25,0.0,3,-0.1409268880003603
4202,66.25,-16.25,16.25,0.0,3,-0.14401484874283127
4203,68.75,-16.25,16.25,0.0,3,-0.15413560878930826
4204,71.25,-16.25,16.25,0.0,3,-0.1520717891730122
4205,73.75,-16.25,16.25,0.0,3,-0.1536793262158845
4206,76.25,-16.25,16.25,0.0,3,-0.1684652057841658
4207,78.75,-16.25,16.25,0.0,3,-0.17091025019239975
4208,81.25,-16.25,16.25,0.0,3,-0.16139001833268357
4209,83.75,-16.25,16.25,0.0,3,-0.15827373379934034
4210,86.25,-16.25,16.25,0.0,3,-0.15450585407947842
4211,88.75,-16.25,16.25,0.0,3,-0.13699774535073678
4212,91.25,-16.25,16.25,0.0,3,-0.11987434735023605
4213,93.75,-16.25,16.25,0.0,3,-0.11887173308249331
4214,96.25,-16.25,16.25,0.0,3,-0.12350684977963065
4215,98.75,-16.25,16.25,0.0,3,-0.12720120333764415
4216,101.25,-16.25,16.25,0.0,3,-0.1446140721423136
4217,103.75,-16.25,16.25,0.0,3,-0.1558605197806101
4218,106.25,-16.25,16.25,0.0,3,-0.13889947566174335
4219,108.75,-16.25,16.25,0.0,3,-0.12827534037627839
4220,111.25,-16.25,16.25,0.0,3,-0.1309748857251747
4221,113.75,-16.25,16.25,0.0,3,-0.12678641140375768
4222,116.25,-16.25,16.25,0.0,3,-0.10263943937755295
4223,118.75,-16.25,16.25,0.0,3,-0.06243151488791758
4224,121.25,-16.25,16.25,0.0,2,-0.039108620970596794
4225,123.75,-16.25,16.25,1.0,0,-0.04332588259775384
4226,126.25,-16.25,16.25,1.0,0,-0.029585433004604415
4227,128.75,-16.25,16.25,1.0,0,-0.010338736923889535
4228,131.25,-16.25,16.25,1.0,0,-0.007218338693089769
4229,133.75,-16.25,16.25,1.0,0,-0.014264209781100665
4230,136.25,-16.25,16.25,1.0,0,-0.08854772463841193
4231,138.75,-16.25,16.25,0.0,2,-0.20163876458731345
4232,141.25,-16.25,16.25,0.0,2,-0.21084126738302064
4233,143.75,-16.25,16.25,1.0,0,-0.19662982091842768
4234,146.25,-16.25,16.25,0.0,2,-0.23188656116068068
4235,148.75,-16.25,16.25,0.0,2,-0.21286788567605702
4236,151.25,-16.25,16.25,0.0,2,-0.19468809807231913
4237,153.75,-16.25,16.25,0.0,2,-0.2291415590434329
4238,156.25,-16.25,16.25,0.0,2,-0.2498426196273924
4239,158.75,-16.25,16.25,0.0,2,-0.2304343804669133
4240,161.25,-16.25,16.25,0.0,2,-0.20030757119002293
4241,163.75,-16.25,16.25,0.0,2,-0.18820956461857974
4242,166.25,-16.25,16.25,0.0,2,-0.1810019113676699
4243,168.75,-16.25,16.25,0.0,2,-0.19058904214273595
4244,171.25,-16.25,16.25,0.0,2,-0.2183303785933354
4245,173.75,-16.25,16.25,0.0,2,-0.1996466821853196
4246,176.25,-16.25,16.25,0.0,2,-0.1889236222024954
4247,178.75,-16.25,16.25,0.0,2,-0.22147878332656576
4248,181.25,-16.25,16.25,0.0,2,-0.21218252811889704
4249,183.75,-16.25,16.25,0.0,2,-0.1877886959896541
4250,186.25,-16.25,16.25,0.0,2,-0.18844121351901508
4251,188.75,-16.25,16.25,0.0,2,-0.1588391369162828
4252,191.25,-16.25,16.25,0.0,2,-0.11858718425899722
4253,193.75,-16.25,16.25,0.0,2,-0.13829649433542354
4254,196.25,-16.25,16.25,0.0,2,-0.19866272274655553
4255,198.75,-16.25,16.25,0.0,2,-0.2769517831918412
4256,201.25,-16.25,16.25,0.0,2,-0.3796489279566888
4257,203.75,-16.25,16.25,0.0,2,-0.4830878797190406
4258,206.25,-16.25,16.25,0.0,2,-0.5522215197372154
4259,208.75,-16.25,16.25,0.0,2,-0.5941783162262847
4260,211.25,-16.25,16.25,0.0,2,-0.6071676855588896
4261,213.75,-16.25,16.25,0.0,2,-0.5850980361500011
4262,216.25,-16.25,16.25,0.0,2,-0.548993581621853
4263,218.75,-16.25,16.25,0.0,2,-0.5011138474586508
4264,221.25,-16.25,16.25,0.0,2,-0.4351488424720289
4265,223.75,-16.25,16.25,0.0,2,-0.3693306666898105
4266,226.25,-16.25,16.25,0.0,2,-0.3260876662206202
4267,228.75,-16.25,16.25,0.0,2,-0.2998404392369972
4268,231.25,-16.25,16.25,0.0,2,-0.27296920702112043
4269,233.75,-16.25,16.25,0.0,2,-0.2385334811788825
4270,236.25,-16.25,16.25,0.0,2,-0.19904352433735048
4271,238.75,-16.25,16.25,0.0,2,-0.1598641608123319
4272,241.25,-16.25,16.25,0.0,2,-0.12627476226852888
4273,243.75,-16.25,16.25,0.0,2,-0.10023706538171732
4274,246.25,-16.25,16.25,0.0,2,-0.07905124719102749
4275,248.75,-16.25,16.25,0.0,2,-0.055828131477590984
4276,251.25,-16.25,16.25,0.0,2,-0.03484625538536847
4277,253.75,-16.25,16.25,0.0,2,-0.021533952905799347
4278,256.25,-16.25,16.25,0.0,2,-0.012834948984594998
4279,258.75,-16.25,16.25,0.0,2,-0.005052738837989011
4280,261.25,-16.25,16.25,0.0,2,0.002287584036568549
4281,263.75,-16.25,16.25,0.0,2,0.007164354093542424
4282,266.25,-16.25,16.25,0.0,2,0.009600308598760519
4283,268.75,-16.25,16.25,0.0,2,0.010580201172015125
4284,271.25,-16.25,16.25,0.0,2,0.011393457986883723
4285,273.75,-16.25,16.25,0.0,2,0.011668660112517914
4286,276.25,-16.25,16.25,0.0,2,0.011576759210674926
4287,278.75,-16.25,16.25,0.0,2,0.008585703382158022
4288,281.25,-16.25,16.25,0.0,1,0.06893355670739511
4289,283.75,-16.25,16.25,0.0,1,0.002150476586441084
4290,286.25,-16.25,16.25,0.0,1,-0.29352476439168607
4291,288.75,-16.25,16.25,1.0,0,-0.03982638430071857
4292,291.25,-16.25,16.25,1.0,0,0.16091233967502377
4293,293.75,-16.25,16.25,1.0,0,0.30034899281819544
4294,296.25,-16.25,16.25,1.0,0,0.44041155131618637
4295,298.75,-16.25,16.25,1.0,0,0.1731775720861233
4296,301.25,-16.25,16.25,1.0,0,0.09008482325672068
4297,303.75,-16.25,16.25,1.0,0,0.07455616360495147
4298,306.25,-16.25,16.25,1.0,0,0.0960790910039618
4299,308.75,-16.25,16.25,1.0,0,0.1348598339647621
4300,311.25,-16.25,16.25,1.0,0,0.14702300030107418
4301,313.75,-16.25,16.25,1.0,0,0.10506649438077245
4302,316.25,-16.25,16.25,1.0,0,0.06353576869826391
4303,318.75,-16.25,16.25,1.0,0,0.021110977651309957
4304,321.25,-16.25,16.25,0.0,1,-0.023054094049736597
4305,323.75,-16.25,16.25,0.0,1,-0.035903979459403476
4306,326.25,-16.25,16.25,0.0,1,-0.025444317598613157
4307,328.75,-16.25,16.25,0.0,1,-0.01813146624435916
4308,331.25,-16.25,16.25,0.0,1,-0.013521762383614471
4309,333.75,-16.25,16.25,0.0,1,-0.011172193628249064
4310,336.25,-16.25,16.25,0.0,1,-0.009841168323234109
4311,338.75,-16.25,16.25,0.0,1,-0.008493878392785778
4312,341.25,-16.25,16.25,0.0,1,-0.007633016153571647
4313,343.75,-16.25,16.25,0.0,1,-0.006558547146018693
4314,346.25,-16.25,16.25,0.0,1,-0.006016912360470568
4315,348.75,-16.25,16.25,0.0,1,-0.005199092330127841
4316,351.25,-16.25,16.25,0.0,1,-0.0039407343965781
4317,353.75,-16.25,16.25,0.0,1,-0.003150733650763346
4318,356.25,-16.25,16.25,0.0,1,-0.003214502206893423
4319,358.75,-16.25,16.25,0.0,1,-0.003095791304090283
4320,1.25,-13.75,13.75,0.0,1,0.03484021118634659
4321,3.75,-13.75,13.75,0.0,1,0.03535202236639464
4322,6.25,-13.75,13.75,0.0,1,0.02593698613257698
4323,8.75,-13.75,13.75,0.0,1,-0.003005950724941027
4324,11.25,-13.75,13.75,0.0,1,-0.07271577453470376
4325,13.75,-13.75,13.75,1.0,0,-0.07971863582157371
4326,16.25,-13.75,13.75,1.0,0,0.02319162540506625
4327,18.75,-13.75,13.75,1.0,0,0.07715572739667137
4328,21.25,-13.75,13.75,1.0,0,0.04370749809728808
4329,23.75,-13.75,13.75,1.0,0,0.03340680786777042
4330,26.25,-13.75,13.75,1.0,0,0.045948185989296134
4331,28.75,-13.75,13.75,1.0,0,-0.03294355843976884
4332,31.25,-13.75,13.75,1.0,0,-0.1262045001277713
4333,33.75,-13.75,13.75,1.0,0,-0.1649397567142423
4334,36.25,-13.75,13.75,1.0,0,-0.19475672355499665
4335,38.75,-13.75,13.75,1.0,0,-0.1638056148675774
4336,41.25,-13.75,13.75,0.0,3,-0.14533170072301985
4337,43.75,-13.75,13.75,0.0,3,-0.13323588793063382
4338,46.25,-13.75,13.75,0.0,3,-0.07837927941562378
4339,48.75,-13.75,13.75,0.0,0,-0.0721748045093833
4340,51.25,-13.75,13.75,0.0,3,-0.07615000909454041
4341,53.75,-13.75,13.75,0.0,3,-0.03139871460572022
4342,56.25,-13.75,13.75,0.0,3,-0.02857224134282277
4343,58.75,-13.75,13.75,0.0,3,-0.04032914208507095
4344,61.25,-13.75,13.75,0.0,3,0.00036025554806264315
4345,63.75,-13.75,13.75,0.0,3,0.04317666031670013
4346,66.25,-13.75,13.75,0.0,3,0.06886693672003559
4347,68.75,-13.75,13.75,0.0,3,0.05500522733233082
4348,71.25,-13.75,13.75,0.0,3,0.034441908069463664
4349,73.75,-13.75,13.75,0.0,3,0.0428506779523304
4350,76.25,-13.75,13.75,0.0,3,0.028636078015216122
4351,78.75,-13.75,13.75,0.0,3,0.00010535034168870463
4352,81.25,-13.75,13.75,0.0,3,0.0060449222080228935
4353,83.75,-13.75,13.75,0.0,3,0.0371246802463183
4354,86.25,-13.75,13.75,0.0,3,0.08706542556363901
4355,88.75,-13.75,13.75,0.0,3,0.14830535733943667
4356,91.25,-13.75,13.75,0.0,3,0.17971218396868485
4357,93.75,-13.75,13.75,0.0,3,0.1610029606137745
4358,96.25,-13.75,13.75,0.0,3,0.13222589938253862
4359,98.75,-13.75,13.75,0.0,3,0.09202416276507715
4360,101.25,-13.75,13.75,0.0,3,0.0431324544742307
4361,103.75,-13.75,13.75,0.0,3,0.018368007895638937
4362,106.25,-13.75,13.75,0.0,3,0.004187432170901302
4363,108.75,-13.75,13.75,0.0,3,0.001393556558383312
4364,111.25,-13.75,13.75,0.0,3,0.0005938343500870915
4365,113.75,-13.75,13.75,0.0,3,0.008852542672802586
4366,116.25,-13.75,13.75,0.0,3,0.06329030421405722
4367,118.75,-13.75,13.75,0.0,3,0.10916577018813921
4368,121.25,-13.75,13.75,0.0,2,0.08262604848348368
4369,123.75,-13.75,13.75,0.0,2,0.019566682532197417
4370,126.25,-13.75,13.75,0.0,2,-0.027207346929214008
4371,128.75,-13.75,13.75,0.0,2,-0.02504447662931054
4372,131.25,-13.75,13.75,1.0,0,0.042799448340323204
4373,133.75,-13.75,13.75,1.0,0,0.13762774455307022
4374,136.25,-13.75,13.75,0.0,0,0.06921049232506464
4375,138.75,-13.75,13.75,0.0,2,-0.09802237575909169
4376,141.25,-13.75,13.75,0.0,2,-0.07183482124367614
4377,143.75,-13.75,13.75,0.0,2,0.04221671929563113
4378,146.25,-13.75,13.75,0.0,2,0.08580717979251695
4379,148.75,-13.75,13.75,0.0,2,0.15890030113494874
4380,151.25,-13.75,13.75,0.0,2,0.2735628208414494
4381,153.75,-13.75,13.75,0.0,2,0.37970396133082696
4382,156.25,-13.75,13.75,0.0,2,0.4879581883338269
4383,158.75,-13.75,13.75,0.0,2,0.5612884730609786
4384,161.25,-13.75,13.75,0.0,2,0.5593355681070263
4385,163.75,-13.75,13.75,0.0,2,0.5212960091176265
4386,166.25,-13.75,13.75,0.0,2,0.48832291726468624
4387,168.75,-13.75,13.75,0.0,2,0.44604721109579754
4388,171.25,-13.75,13.75,0.0,2,0.40135592595444486
4389,173.75,-13.75,13.75,0.0,2,0.3545325575109701
4390,176.25,-13.75,13.75,0.0,2,0.24788843979274638
4391,178.75,-13.75,13.75,0.0,2,0.09451184713214604
4392,181.25,-13.75,13.75,0.0,2,-0.04789733114103729
4393,183.75,-13.75,13.75,0.0,2,-0.18474286070059417
4394,186.25,-13.75,13.75,0.0,2,-0.3040736382676223
4395,188.75,-13.75,13.75,0.0,2,-0.41747204857333925
4396,191.25,-13.75,13.75,0.0,2,-0.5478882200362595
4397,193.75,-13.75,13.75,0.0,2,-0.6725780094104183
4398,196.25,-13.75,13.75,0.0,2,-0.7737176310148359
4399,198.75,-13.75,13.75,0.0,2,-0.846434529933932
4400,201.25,-13.75,13.75,0.0,2,-0.9133815763479176
4401,203.75,-13.75,13.75,0.0,2,-0.9626358024899296
4402,206.25,-13.75,13.75,0.0,2,-0.9688175941165058
4403,208.75,-13.75,13.75,0.0,2,-0.9430223250985396
4404,211.25,-13.75,13.75,0.0,2,-0.8711016902531818
4405,213.75,-13.75,13.75,0.0,2,-0.7780437246510706
4406,216.25,-13.75,13.75,0.0,2,-0.6858013087880197
4407,218.75,-13.75,13.75,0.0,2,-0.5861752773426131
4408,221.25,-13.75,13.75,0.0,2,-0.4878025763164267
4409,223.75,-13.75,13.75,0.0,2,-0.40488786014679173
4410,226.25,-13.75,13.75,0.0,2,-0.35678750280502314
4411,228.75,-13.75,13.75,0.0,2,-0.3247730688980652
4412,231.25,-13.75,13.75,0.0,2,-0.28030590330366145
4413,233.75,-13.75,13.75,0.0,2,-0.23369130091343224
4414,236.25,-13.75,13.75,0.0,2,-0.19351799723443863
4415,238.75,-13.75,13.75,0.0,2,-0.15364813399528568
4416,241.25,-13.75,13.75,0.0,2,-0.12133821589462414
4417,243.75,-13.75,13.75,0.0,2,-0.09953621170547783
4418,246.25,-13.75,13.75,0.0,2,-0.07725885989069274
4419,248.75,-13.75,13.75,0.0,2,-0.05352871030567264
4420,251.25,-13.75,13.75,0.0,2,-0.035276425331466
4421,253.75,-13.75,13.75,0.0,2,-0.021676905356227676
4422,256.25,-13.75,13.75,0.0,2,-0.008715849318720485
4423,258.75,-13.75,13.75,0.0,2,0.0014851972254354816
4424,261.25,-13.75,13.75,0.0,2,0.00843030620222559
4425,263.75,-13.75,13.75,0.0,2,0.013085324346308512
4426,266.25,-13.75,13.75,0.0,2,0.016533376477233828
4427,268.75,-13.75,13.75,0.0,2,0.02198068226522799
4428,271.25,-13.75,13.75,0.0,2,0.027861447958722477
4429,273.75,-13.75,13.75,0.0,2,0.03158053454975879
4430,276.25,-13.75,13.75,0.0,2,0.042201212537796344
4431,278.75,-13.75,13.75,0.0,2,0.11606028604932017
4432,281.25,-13.75,13.75,0.0,1,0.35539530224222976
4433,283.75,-13.75,13.75,0.0,1,0.29027135245539787
4434,286.25,-13.75,13.75,1.0,0,0.3418353351419486
4435,288.75,-13.75,13.75,1.0,0,0.9611800043017711
4436,291.25,-13.75,13.75,1.0,0,0.8868328019518321
4437,293.75,-13.75,13.75,1.0,0,0.42569187680440806
4438,296.25,-13.75,13.75,1.0,0,0.2973700615086989
4439,298.75,-13.75,13.75,1.0,0,0.19439018438191452
4440,301.25,-13.75,13.75,1.0,0,0.16996305039993875
4441,303.75,-13.75,13.75,1.0,0,0.16705752688384762
4442,306.25,-13.75,13.75,1.0,0,0.17086615316184972
4443,308.75,-13.75,13.75,1.0,0,0.1781208591520881
4444,311.25,-13.75,13.75,1.0,0,0.17015008444285606
4445,313.75,-13.75,13.75,1.0,0,0.11249277393133747
4446,316.25,-13.75,13.75,1.0,0,0.03605124920771442
4447,318.75,-13.75,13.75,1.0,0,-0.019341731942398886
4448,321.25,-13.75,13.75,0.0,1,-0.05352284784868645
4449,323.75,-13.75,13.75,0.0,1,-0.05149653106467457
4450,326.25,-13.75,13.75,0.0,1,-0.025501970367395214
4451,328.75,-13.75,13.75,0.0,1,-0.01760767675249451
4452,331.25,-13.75,13.75,0.0,1,-0.010233802694670937
4453,333.75,-13.75,13.75,0.0,1,-0.0021584358135208104
4454,336.25,-13.75,13.75,0.0,1,0.003529800412974056
4455,338.75,-13.75,13.75,0.0,1,0.006165659659380502
4456,341.25,-13.75,13.75,0.0,1,0.006632482853408236
4457,343.75,-13.75,13.75,0.0,1,0.007810807713659148
4458,346.25,-13.75,13.75,0.0,1,0.009754733807565199
4459,348.75,-13.75,13.75,0.0,1,0.012320481797963644
4460,351.25,-13.75,13.75,0.0,1,0.013763901241712853
4461,353.75,-13.75,13.75,0.0,1,0.013719603282424017
4462,356.25,-13.75,13.75,0.0,1,0.01700473609632836
4463,358.75,-13.75,13.75,0.0,1,0.02510577606898848
4464,1.25,-11.25,11.25,0.0,1,0.015538858279286517
4465,3.75,-11.25,11.25,0.0,1,0.011699567132780534
4466,6.25,-11.25,11.25,0.0,1,0.002091586432321848
4467,8.75,-11.25,11.25,0.0,1,-0.004326296043709873
4468,11.25,-11.25,11.25,0.0,1,-0.04756183960330992
4469,13.75,-11.25,11.25,0.0,0,-0.054695352489553484
4470,16.25,-11.25,11.25,1.0,0,0.06266964690911347
4471,18.75,-11.25,11.25,1.0,0,0.11383461805146479
4472,21.25,-11.25,11.25,1.0,0,0.07301775921164354
4473,23.75,-11.25,11.25,1.0,0,0.06770224471390152
4474,26.25,-11.25,11.25,1.0,0,0.04835811421230788
4475,28.75,-11.25,11.25,1.0,0,0.0026571736973939543
4476,31.25,-11.25,11.25,1.0,0,-0.04119572508974539
4477,33.75,-11.25,11.25,1.0,0,-0.07877739879003023
4478,36.25,-11.25,11.25,1.0,0,-0.1239505494191395
4479,38.75,-11.25,11.25,1.0,0,-0.14573636443559562
4480,41.25,-11.25,11.25,0.0,3,-0.14898421714585464
4481,43.75,-11.25,11.25,0.0,3,-0.16311747137115332
4482,46.25,-11.25,11.25,0.0,3,-0.17862479061171319
4483,48.75,-11.25,11.25,0.0,3,-0.20776125192433195
4484,51.25,-11.25,11.25,0.0,3,-0.22712775316467063
4485,53.75,-11.25,11.25,0.0,3,-0.22489618286032032
4486,56.25,-11.25,11.25,0.0,3,-0.23611112424726757
4487,58.75,-11.25,11.25,0.0,3,-0.2580515572638014
4488,61.25,-11.25,11.25,0.0,3,-0.2374447091586002
4489,63.75,-11.25,11.25,0.0,3,-0.1582130908845139
4490,66.25,-11.25,11.25,0.0,3,-0.089853068403852
4491,68.75,-11.25,11.25,0.0,3,-0.08250741793988986
4492,71.25,-11.25,11.25,0.0,3,-0.0968936806092298
4493,73.75,-11.25,11.25,0.0,3,-0.11579499925780774
4494,76.25,-11.25,11.25,0.0,3,-0.15479113387068155
4495,78.75,-11.25,11.25,0.0,3,-0.18063602774890117
4496,81.25,-11.25,11.25,0.0,3,-0.184425924372698
4497,83.75,-11.25,11.25,0.0,3,-0.18991007245092933
4498,86.25,-11.25,11.25,0.0,3,-0.18051619237079333
4499,88.75,-11.25,11.25,0.0,3,-0.1586069599094132
4500,91.25,-11.25,11.25,0.0,3,-0.1625263305900188
4501,93.75,-11.25,11.25,0.0,3,-0.18381935852304873
4502,96.25,-11.25,11.25,0.0,3,-0.18523597862883967
4503,98.75,-11.25,11.25,0.0,3,-0.1925278984501247
4504,101.25,-11.25,11.25,0.0,3,-0.2093731598252035
4505,103.75,-11.25,11.25,0.0,3,-0.2128003546173858
4506,106.25,-11.25,11.25,0.0,3,-0.207998720077654
4507,108.75,-11.25,11.25,0.0,3,-0.17754285935007746
4508,111.25,-11.25,11.25,0.0,3,-0.13418356141972457
4509,113.75,-11.25,11.25,0.0,3,-0.09669635186467992
4510,116.25,-11.25,11.25,0.0,3,-0.05482197149096773
4511,118.75,-11.25,11.25,0.0,3,-0.03410866480194203
4512,121.25,-11.25,11.25,0.0,2,-0.035288618322169174
4513,123.75,-11.25,11.25,0.0,2,-0.02856987205715875
4514,126.25,-11.25,11.25,0.0,2,-0.009359149720078428
4515,128.75,-11.25,11.25,0.0,2,0.009730131152043197
4516,131.25,-11.25,11.25,0.0,2,0.012397140590354034
4517,133.75,-11.25,11.25,0.0,2,0.0031654942594669657
4518,136.25,-11.25,11.25,0.0,2,-0.003867214682470042
4519,138.75,-11.25,11.25,0.0,2,-0.0043789892232816855
4520,141.25,-11.25,11.25,0.0,2,0.04875868949598079
4521,143.75,-11.25,11.25,0.0,2,0.09228165105790512
4522,146.25,-11.25,11.25,0.0,2,0.07968530660507882
4523,148.75,-11.25,11.25,0.0,2,0.1496892348261729
4524,151.25,-11.25,11.25,0.0,2,0.32626610652684424
4525,153.75,-11.25,11.25,0.0,2,0.4320926777047962
4526,156.25,-11.25,11.25,0.0,2,0.46677716048767454
4527,158.75,-11.25,11.25,0.0,2,0.4708175439023317
4528,161.25,-11.25,11.25,0.0,2,0.3820927991054005
4529,163.75,-11.25,11.25,0.0,2,0.2320867436210927
4530,166.25,-11.25,11.25,0.0,2,0.09991299034849946
4531,168.75,-11.25,11.25,0.0,2,-0.0019366695721808732
4532,171.25,-11.25,11.25,0.0,2,-0.1059344427566962
4533,173.75,-11.25,11.25,0.0,2,-0.24951928736742504
4534,176.25,-11.25,11.25,0.0,2,-0.4234728757801606
4535,178.75,-11.25,11.25,0.0,2,-0.6135637361715697
4536,181.25,-11.25,11.25,0.0,2,-0.8082188084115823
4537,183.75,-11.25,11.25,0.0,2,-0.9705166825830591
4538,186.25,-11.25,11.25,0.0,2,-1.1048601823537707
4539,188.75,-11.25,11.25,0.0,2,-1.2239215753767294
4540,191.25,-11.25,11.25,0.0,2,-1.2969752770463654
4541,193.75,-11.25,11.25,0.0,2,-1.3129698990073515
4542,196.25,-11.25,11.25,0.0,2,-1.2747563760054943
4543,198.75,-11.25,11.25,0.0,2,-1.195919049254528
4544,201.25,-11.25,11.25,0.0,2,-1.1007964796549674
4545,203.75,-11.25,11.25,0.0,2,-0.9933152341247722
4546,206.25,-11.25,11.25,0.0,2,-0.8803532314041395
4547,208.75,-11.25,11.25,0.0,2,-0.7938417378615057
4548,211.25,-11.25,11.25,0.0,2,-0.7287292555376818
4549,213.75,-11.25,11.25,0.0,2,-0.6764854657227649
4550,216.25,-11.25,11.25,0.0,2,-0.6378187281912033
4551,218.75,-11.25,11.25,0.0,2,-0.6042834957079432
4552,221.25,-11.25,11.25,0.0,2,-0.5832428985667952
4553,223.75,-11.25,11.25,0.0,2,-0.57132254525583
4554,226.25,-11.25,11.25,0.0,2,-0.5607544745760547
4555,228.75,-11.25,11.25,0.0,2,-0.5416168658135277
4556,231.25,-11.25,11.25,0.0,2,-0.5062542299404746
4557,233.75,-11.25,11.25,0.0,2,-0.46374815265535485
4558,236.25,-11.25,11.25,0.0,2,-0.4206845772420956
4559,238.75,-11.25,11.25,0.0,2,-0.37918154298960277
4560,241.25,-11.25,11.25,0.0,2,-0.3449607421972534
4561,243.75,-11.25,11.25,0.0,2,-0.3130678950001513
4562,246.25,-11.25,11.25,0.0,2,-0.27148324980503774
4563,248.75,-11.25,11.25,0.0,2,-0.226324479686633
4564,251.25,-11.25,11.25,0.0,2,-0.18543785671049148
4565,253.75,-11.25,11.25,0.0,2,-0.1444833993691759
4566,256.25,-11.25,11.25,0.0,2,-0.10334569671185717
4567,258.75,-11.25,11.25,0.0,2,-0.06783210093758596
4568,261.25,-11.25,11.25,0.0,2,-0.04454538618635923
4569,263.75,-11.25,11.25,0.0,2,-0.03248430756533209
4570,266.25,-11.25,11.25,0.0,2,-0.020853012208583998
4571,268.75,-11.25,11.25,0.0,2,-0.003878407955938978
4572,271.25,-11.25,11.25,0.0,2,0.011700784863499958
4573,273.75,-11.25,11.25,0.0,2,0.023422246639162373
4574,276.25,-11.25,11.25,0.0,2,0.030940039107005796
4575,278.75,-11.25,11.25,0.0,2,0.00795472626454315
4576,281.25,-11.25,11.25,0.0,1,0.22165442389181894
4577,283.75,-11.25,11.25,1.0,0,0.9368549308906725
4578,286.25,-11.25,11.25,1.0,0,1.541794302535746
4579,288.75,-11.25,11.25,1.0,0,1.2010860596764605
4580,291.25,-11.25,11.25,1.0,0,0.31021210589674575
4581,293.75,-11.25,11.25,1.0,0,-0.15892700036561214
4582,296.25,-11.25,11.25,1.0,0,-0.21595442033988718
4583,298.75,-11.25,11.25,1.0,0,-0.1952668210157661
4584,301.25,-11.25,11.25,1.0,0,-0.11915326773465576
4585,303.75,-11.25,11.25,1.0,0,-0.07177056598627742
4586,306.25,-11.25,11.25,1.0,0,-0.02458615838643375
4587,308.75,-11.25,11.25,1.0,0,0.013429254728326708
4588,311.25,-11.25,11.25,1.0,0,0.0404692452312627
4589,313.75,-11.25,11.25,1.0,0,0.055109779824490335
4590,316.25,-11.25,11.25,1.0,0,0.02243383941565399
4591,318.75,-11.25,11.25,1.0,0,-0.025049978541272045
4592,321.25,-11.25,11.25,1.0,0,-0.061467127803316944
4593,323.75,-11.25,11.25,0.0,1,-0.08264490811249568
4594,326.25,-11.25,11.25,0.0,1,-0.08288103261003663
4595,328.75,-11.25,11.25,0.0,1,-0.07113114398424365
4596,331.25,-11.25,11.25,0.0,1,-0.05400947876092424
4597,333.75,-11.25,11.25,0.0,1,-0.03773497449771864
4598,336.25,-11.25,11.25,0.0,1,-0.024163552296187
4599,338.75,-11.25,11.25,0.0,1,-0.017471574284200545
4600,341.25,-11.25,11.25,0.0,1,-0.017151290833402232
4601,343.75,-11.25,11.25,0.0,1,-0.017397161903046954
4602,346.25,-11.25,11.25,0.0,1,-0.016463517469789364
4603,348.75,-11.25,11.25,0.0,1,-0.014281523182790532
4604,351.25,-11.25,11.25,0.0,1,-0.015084320021107954
4605,353.75,-11.25,11.25,0.0,1,-0.011814258295067393
4606,356.25,-11.25,11.25,0.0,1,0.002787678116064488
4607,358.75,-11.25,11.25,0.0,1,0.013433369583648843
4608,1.25,-8.75,8.75,0.0,1,-0.09366515336909917
4609,3.75,-8.75,8.75,0.0,1,-0.0885046957108525
4610,6.25,-8.75,8.75,0.0,1,-0.10847899911227783
4611,8.75,-8.75,8.75,0.0,1,-0.13730397325671023
4612,11.25,-8.75,8.75,0.0,1,-0.20998389450624935
4613,13.75,-8.75,8.75,1.0,0,-0.18360410767100233
4614,16.25,-8.75,8.75,1.0,0,0.02919901633959975
4615,18.75,-8.75,8.75,1.0,0,0.1595214953271786
4616,21.25,-8.75,8.75,1.0,0,0.14916401684088726
4617,23.75,-8.75,8.75,1.0,0,0.08686029657671414
4618,26.25,-8.75,8.75,1.0,0,-0.020348695584948583
4619,28.75,-8.75,8.75,1.0,0,-0.09822530521578664
4620,31.25,-8.75,8.75,1.0,0,-0.10013114944031212
4621,33.75,-8.75,8.75,1.0,0,-0.07510472998707315
4622,36.25,-8.75,8.75,1.0,0,-0.12953240125644222
4623,38.75,-8.75,8.75,1.0,0,-0.22245997153136343
4624,41.25,-8.75,8.75,0.0,3,-0.26944656558748076
4625,43.75,-8.75,8.75,0.0,3,-0.33234607151354717
4626,46.25,-8.75,8.75,0.0,3,-0.4634833339028599
4627,48.75,-8.75,8.75,0.0,3,-0.5824524070129016
4628,51.25,-8.75,8.75,0.0,3,-0.6278656614041208
4629,53.75,-8.75,8.75,0.0,3,-0.6229489185843021
4630,56.25,-8.75,8.75,0.0,3,-0.5756196111248268
4631,58.75,-8.75,8.75,0.0,3,-0.5247761026977198
4632,61.25,-8.75,8.75,0.0,3,-0.47203997335414877
4633,63.75,-8.75,8.75,0.0,3,-0.3815409358715632
4634,66.25,-8.75,8.75,0.0,3,-0.3124421395691772
4635,68.75,-8.75,8.75,0.0,3,-0.28851027830472376
4636,71.25,-8.75,8.75,0.0,3,-0.2955467478081402
4637,73.75,-8.75,8.75,0.0,3,-0.3336209726398562
4638,76.25,-8.75,8.75,0.0,3,-0.38640904590808917
4639,78.75,-8.75,8.75,0.0,3,-0.43910746653870536
4640,81.25,-8.75,8.75,0.0,3,-0.4580282506699661
4641,83.75,-8.75,8.75,0.0,3,-0.48837225094067743
4642,86.25,-8.75,8.75,0.0,3,-0.5454916151468238
4643,88.75,-8.75,8.75,0.0,3,-0.5887064763466536
4644,91.25,-8.75,8.75,0.0,3,-0.6180143259632748
4645,93.75,-8.75,8.75,0.0,3,-0.6322225830766277
4646,96.25,-8.75,8.75,0.0,3,-0.6314676443272609
4647,98.75,-8.75,8.75,0.0,3,-0.6224203898924977
4648,101.25,-8.75,8.75,0.0,3,-0.6146282095156294
4649,103.75,-8.75,8.75,0.0,3,-0.5975737642073249
4650,106.25,-8.75,8.75,0.0,3,-0.5547830282461623
4651,108.75,-8.75,8.75,0.0,3,-0.5161529861819116
4652,111.25,-8.75,8.75,0.0,3,-0.473346152221792
4653,113.75,-8.75,8.75,0.0,3,-0.4106967955890392
4654,116.25,-8.75,8.75,0.0,3,-0.33680736590989013
4655,118.75,-8.75,8.75,0.0,3,-0.2843585902198485
4656,121.25,-8.75,8.75,0.0,2,-0.2764922083451366
4657,123.75,-8.75,8.75,0.0,2,-0.2679205540684569
4658,126.25,-8.75,8.75,0.0,2,-0.23876275245016004
4659,128.75,-8.75,8.75,0.0,2,-0.18504933845740246
4660,131.25,-8.75,8.75,0.0,2,-0.10703796826286016
4661,133.75,-8.75,8.75,0.0,2,-0.039605263130886435
4662,136.25,-8.75,8.75,0.0,2,-0.04973295407806716
4663,138.75,-8.75,8.75,0.0,2,-0.1624375490477555
4664,141.25,-8.75,8.75,0.0,2,-0.257577747468045
4665,143.75,-8.75,8.75,0.0,2,-0.29917023499513135
4666,146.25,-8.75,8.75,0.0,2,-0.2311238867127054
4667,148.75,-8.75,8.75,0.0,2,0.0009607382773139617
4668,151.25,-8.75,8.75,0.0,2,0.33821145843479306
4669,153.75,-8.75,8.75,0.0,2,0.5273040792697871
4670,156.25,-8.75,8.75,0.0,2,0.4983671812913282
4671,158.75,-8.75,8.75,0.0,2,0.45845521827113844
4672,161.25,-8.75,8.75,0.0,2,0.34538028142475524
4673,163.75,-8.75,8.75,0.0,2,0.10978862838347796
4674,166.25,-8.75,8.75,0.0,2,-0.16809683098758668
4675,168.75,-8.75,8.75,0.0,2,-0.4368705827377934
4676,171.25,-8.75,8.75,0.0,2,-0.6963443421947847
4677,173.75,-8.75,8.75,0.0,2,-0.9469333404268504
4678,176.25,-8.75,8.75,0.0,2,-1.147214914988279
4679,178.75,-8.75,8.75,0.0,2,-1.3174384581738694
4680,181.25,-8.75,8.75,0.0,2,-1.4727127627086591
4681,183.75,-8.75,8.75,0.0,2,-1.5911699423268926
4682,186.25,-8.75,8.75,0.0,2,-1.692489275904354
4683,188.75,-8.75,8.75,0.0,2,-1.7716280318320112
4684,191.25,-8.75,8.75,0.0,2,-1.7873979360549783
4685,193.75,-8.75,8.75,0.0,2,-1.7340241423815426
4686,196.25,-8.75,8.75,0.0,2,-1.643906433980472
4687,198.75,-8.75,8.75,0.0,2,-1.5317550616734816
4688,201.25,-8.75,8.75,0.0,2,-1.402188696433852
4689,203.75,-8.75,8.75,0.0,2,-1.2693145771566732
4690,206.25,-8.75,8.75,0.0,2,-1.1589635343468128
4691,208.75,-8.75,8.75,0.0,2,-1.087270073762002
4692,211.25,-8.75,8.75,0.0,2,-1.0633143913050547
4693,213.75,-8.75,8.75,0.0,2,-1.0579657137854601
4694,216.25,-8.75,8.75,0.0,2,-1.0543084477399691
4695,218.75,-8.75,8.75,0.0,2,-1.0633079760676254
4696,221.25,-8.75,8.75,0.0,2,-1.0803376733918
4697,223.75,-8.75,8.75,0.0,2,-1.0904252246418613
4698,226.25,-8.75,8.75,0.0,2,-1.0971406268892014
4699,228.75,-8.75,8.75,0.0,2,-1.0984487094387883
4700,231.25,-8.75,8.75,0.0,2,-1.090893082271874
4701,233.75,-8.75,8.75,0.0,2,-1.0905421091985614
4702,236.25,-8.75,8.75,0.0,2,-1.0921532084871262
4703,238.75,-8.75,8.75,0.0,2,-1.0828451021932806
4704,241.25,-8.75,8.75,0.0,2,-1.0538773718578585
4705,243.75,-8.75,8.75,0.0,2,-1.009237781624604
4706,246.25,-8.75,8.75,0.0,2,-0.9549964640135159
4707,248.75,-8.75,8.75,0.0,2,-0.8914517986585851
4708,251.25,-8.75,8.75,0.0,2,-0.8226831726268217
4709,253.75,-8.75,8.75,0.0,2,-0.7452620513211176
4710,256.25,-8.75,8.75,0.0,2,-0.6583618390050184
4711,258.75,-8.75,8.75,0.0,2,-0.57085193929823
4712,261.25,-8.75,8.75,0.0,2,-0.4882466839454478
4713,263.75,-8.75,8.75,0.0,2,-0.4083632611549282
4714,266.25,-8.75,8.75,0.0,2,-0.3113463841693503
4715,268.75,-8.75,8.75,0.0,2,-0.19935270958957366
4716,271.25,-8.75,8.75,0.0,2,-0.09593882284032934
4717,273.75,-8.75,8.75,0.0,2,-0.03500455105941466
4718,276.25,-8.75,8.75,0.0,2,-0.11348343845934229
4719,278.75,-8.75,8.75,0.0,2,0.15955361651275102
4720,281.25,-8.75,8.75,0.0,1,1.3910282438621366
4721,283.75,-8.75,8.75,1.0,0,2.130895428337775
4722,286.25,-8.75,8.75,1.0,0,0.9135510702774143
4723,288.75,-8.75,8.75,1.0,0,-0.2621680472114849
4724,291.25,-8.75,8.75,1.0,0,-0.48345070675622775
4725,293.75,-8.75,8.75,1.0,0,-0.6187026052296383
4726,296.25,-8.75,8.75,1.0,0,-0.5917456308287607
4727,298.75,-8.75,8.75,1.0,0,-0.4432435481087381
4728,301.25,-8.75,8.75,1.0,0,-0.35834203105653045
4729,303.75,-8.75,8.75,1.0,0,-0.4757146810413965
4730,306.25,-8.75,8.75,1.0,0,-0.5535263841797561
4731,308.75,-8.75,8.75,1.0,0,-0.5554816378905626
4732,311.25,-8.75,8.75,1.0,0,-0.49755740591645825
4733,313.75,-8.75,8.75,1.0,0,-0.3789835850073072
4734,316.25,-8.75,8.75,1.0,0,-0.25187604677755354
4735,318.75,-8.75,8.75,1.0,0,-0.16155952324014786
4736,321.25,-8.75,8.75,1.0,0,-0.1743165972463339
4737,323.75,-8.75,8.75,1.0,0,-0.24387448136373058
4738,326.25,-8.75,8.75,0.0,1,-0.3317690845740593
4739,328.75,-8.75,8.75,0.0,1,-0.3701101184726446
4740,331.25,-8.75,8.75,0.0,1,-0.33971177428708726
4741,333.75,-8.75,8.75,0.0,1,-0.3062539586169335
4742,336.25,-8.75,8.75,0.0,1,-0.27200696425716453
4743,338.75,-8.75,8.75,0.0,1,-0.24407139356401147
4744,341.25,-8.75,8.75,0.0,1,-0.23445903896267584
4745,343.75,-8.75,8.75,0.0,1,-0.2334381664609223
4746,346.25,-8.75,8.75,0.0,1,-0.2286505455923478
4747,348.75,-8.75,8.75,0.0,1,-0.22579038168332902
4748,351.25,-8.75,8.75,0.0,1,-0.21211229169200096
4749,353.75,-8.75,8.75,0.0,1,-0.1784446965737865
4750,356.25,-8.75,8.75,0.0,1,-0.14377218400598096
4751,358.75,-8.75,8.75,0.0,1,-0.11842382854686766
4752,1.25,-6.25,6.25,0.0,1,0.1737370473913622
4753,3.75,-6.25,6.25,0.0,1,0.18627465491179468
4754,6.25,-6.25,6.25,0.0,1,0.17827759241875316
4755,8.75,-6.25,6.25,0.0,1,0.1614774270767464
4756,11.25,-6.25,6.25,0.0,1,0.15792804465475602
4757,13.75,-6.25,6.25,1.0,0,0.1681016558451715
4758,16.25,-6.25,6.25,1.0,0,0.26027794037191
4759,18.75,-6.25,6.25,1.0,0,0.3771192261245771
4760,21.25,-6.25,6.25,1.0,0,0.40873675766769674
4761,23.75,-6.25,6.25,1.0,0,0.40326097533829064
4762,26.25,-6.25,6.25,1.0,0,0.29751896245715864
4763,28.75,-6.25,6.25,1.0,0,0.1517646006172372
4764,31.25,-6.25,6.25,1.0,0,0.010445588253492788
4765,33.75,-6.25,6.25,1.0,0,-0.12569311231075206
4766,36.25,-6.25,6.25,1.0,0,-0.15785595860309087
4767,38.75,-6.25,6.25,0.0,0,-0.2089710735930713
4768,41.25,-6.25,6.25,0.0,3,-0.3025825074395425
4769,43.75,-6.25,6.25,0.0,3,-0.333693957346152
4770,46.25,-6.25,6.25,0.0,3,-0.37209132889604746
4771,48.75,-6.25,6.25,0.0,3,-0.41642260676093973
4772,51.25,-6.25,6.25,0.0,3,-0.43454536216716444
4773,53.75,-6.25,6.25,0.0,3,-0.38835585569735487
4774,56.25,-6.25,6.25,0.0,3,-0.26669849871131973
4775,58.75,-6.25,6.25,0.0,3,-0.12396874935115888
4776,61.25,-6.25,6.25,0.0,3,-0.009564320773633051
4777,63.75,-6.25,6.25,0.0,3,0.0970886066505948
4778,66.25,-6.25,6.25,0.0,3,0.19789658764067686
4779,68.75,-6.25,6.25,0.0,3,0.2758386195291714
4780,71.25,-6.25,6.25,0.0,3,0.30292259329311233
4781,73.75,-6.25,6.25,0.0,3,0.2779077412822866
4782,76.25,-6.25,6.25,0.0,3,0.24044713770453288
4783,78.75,-6.25,6.25,0.0,3,0.2261719808508916
4784,81.25,-6.25,6.25,0.0,3,0.2441598014757443
4785,83.75,-6.25,6.25,0.0,3,0.2003585624345926
4786,86.25,-6.25,6.25,0.0,3,0.07783010731816939
4787,88.75,-6.25,6.25,0.0,3,-0.02643218047794705
4788,91.25,-6.25,6.25,0.0,3,-0.08355502854486774
4789,93.75,-6.25,6.25,0.0,3,-0.1314313479836036
4790,96.25,-6.25,6.25,0.0,3,-0.16955511773073143
4791,98.75,-6.25,6.25,0.0,3,-0.14123561179448688
4792,101.25,-6.25,6.25,0.0,3,-0.09693993400407794
4793,103.75,-6.25,6.25,0.0,3,-0.10300567245117412
4794,106.25,-6.25,6.25,0.0,3,0.05664281502142184
4795,108.75,-6.25,6.25,0.0,3,0.15387227341883186
4796,111.25,-6.25,6.25,0.0,3,0.022233835668955072
4797,113.75,-6.25,6.25,0.0,3,-0.038360291788639575
4798,116.25,-6.25,6.25,0.0,3,-0.04972543255190003
4799,118.75,-6.25,6.25,0.0,3,-0.06887339459397769
4800,121.25,-6.25,6.25,0.0,2,-0.07402419335750872
4801,123.75,-6.25,6.25,0.0,2,-0.0174789724191092
4802,126.25,-6.25,6.25,0.0,2,-0.003223437669521324
4803,128.75,-6.25,6.25,0.0,2,-0.00954421522700261
4804,131.25,-6.25,6.25,0.0,2,0.138437291488918
4805,133.75,-6.25,6.25,0.0,2,0.4442061060376293
4806,136.25,-6.25,6.25,0.0,2,0.5359148751151648
4807,138.75,-6.25,6.25,0.0,0,0.3019929885862049
4808,141.25,-6.25,6.25,1.0,0,0.4316160476993527
4809,143.75,-6.25,6.25,1.0,0,0.9858801251812063
4810,146.25,-6.25,6.25,1.0,0,1.1217079676975297
4811,148.75,-6.25,6.25,0.0,2,0.7818869934752617
4812,151.25,-6.25,6.25,0.0,2,0.5569792228738526
4813,153.75,-6.25,6.25,0.0,2,0.5608515715761765
4814,156.25,-6.25,6.25,0.0,2,0.46946051375744724
4815,158.75,-6.25,6.25,0.0,2,0.2122749055943309
4816,161.25,-6.25,6.25,0.0,2,-0.039826728489870906
4817,163.75,-6.25,6.25,0.0,2,-0.2759538802702873
4818,166.25,-6.25,6.25,0.0,2,-0.4931717642355695
4819,168.75,-6.25,6.25,0.0,2,-0.7024360217374056
4820,171.25,-6.25,6.25,0.0,2,-0.8941562689095643
4821,173.75,-6.25,6.25,0.0,2,-1.0555710812835426
4822,176.25,-6.25,6.25,0.0,2,-1.19464996543814
4823,178.75,-6.25,6.25,0.0,2,-1.305611421963525
4824,181.25,-6.25,6.25,0.0,2,-1.3712807852839723
4825,183.75,-6.25,6.25,0.0,2,-1.3893990299092052
4826,186.25,-6.25,6.25,0.0,2,-1.3787485676295632
4827,188.75,-6.25,6.25,0.0,2,-1.3549973478915454
4828,191.25,-6.25,6.25,0.0,2,-1.2863083472543275
4829,193.75,-6.25,6.25,0.0,2,-1.166834605397364
4830,196.25,-6.25,6.25,0.0,2,-1.0563281214217553
4831,198.75,-6.25,6.25,0.0,2,-0.9702451499122176
4832,201.25,-6.25,6.25,0.0,2,-0.8821525677792857
4833,203.75,-6.25,6.25,0.0,2,-0.7860579680406221
4834,206.25,-6.25,6.25,0.0,2,-0.6985124194766553
4835,208.75,-6.25,6.25,0.0,2,-0.6478983371983683
4836,211.25,-6.25,6.25,0.0,2,-0.6286776037326033
4837,213.75,-6.25,6.25,0.0,2,-0.614102370847001
4838,216.25,-6.25,6.25,0.0,2,-0.6067500272878149
4839,218.75,-6.25,6.25,0.0,2,-0.6040894617541336
4840,221.25,-6.25,6.25,0.0,2,-0.6131119909393834
4841,223.75,-6.25,6.25,0.0,2,-0.6423244988567514
4842,226.25,-6.25,6.25,0.0,2,-0.6763468021189439
4843,228.75,-6.25,6.25,0.0,2,-0.6940863356557578
4844,231.25,-6.25,6.25,0.0,2,-0.7004896599398043
4845,233.75,-6.25,6.25,0.0,2,-0.7102469692280711
4846,236.25,-6.25,6.25,0.0,2,-0.713322377308918
4847,238.75,-6.25,6.25,0.0,2,-0.7064201820985354
4848,241.25,-6.25,6.25,0.0,2,-0.6952022494896365
4849,243.75,-6.25,6.25,0.0,2,-0.6824443512072781
4850,246.25,-6.25,6.25,0.0,2,-0.6683637436052454
4851,248.75,-6.25,6.25,0.0,2,-0.6359278389827863
4852,251.25,-6.25,6.25,0.0,2,-0.5772917701195669
4853,253.75,-6.25,6.25,0.0,2,-0.5051887747698958
4854,256.25,-6.25,6.25,0.0,2,-0.42440974125150677
4855,258.75,-6.25,6.25,0.0,2,-0.3340633012258652
4856,261.25,-6.25,6.25,0.0,2,-0.22320918579222013
4857,263.75,-6.25,6.25,0.0,2,-0.0764207762737288
4858,266.25,-6.25,6.25,0.0,2,0.12031366662791743
4859,268.75,-6.25,6.25,0.0,2,0.3254461472385621
4860,271.25,-6.25,6.25,0.0,2,0.46747721685498284
4861,273.75,-6.25,6.25,0.0,2,0.5713743500311602
4862,276.25,-6.25,6.25,0.0,2,0.7010926107328642
4863,278.75,-6.25,6.25,0.0,2,2.1332650190968487
4864,281.25,-6.25,6.25,1.0,0,3.654726576689755
4865,283.75,-6.25,6.25,1.0,0,2.6181026412938557
4866,286.25,-6.25,6.25,1.0,0,0.6929358784213001
4867,288.75,-6.25,6.25,1.0,0,0.14191981175736626
4868,291.25,-6.25,6.25,1.0,0,-0.07826950517452375
4869,293.75,-6.25,6.25,1.0,0,-0.4265393954294898
4870,296.25,-6.25,6.25,1.0,0,-0.42190475206508005
4871,298.75,-6.25,6.25,1.0,0,-0.46157097112764806
4872,301.25,-6.25,6.25,1.0,0,-0.613647406401593
4873,303.75,-6.25,6.25,1.0,0,-0.81334593453531
4874,306.25,-6.25,6.25,1.0,0,-0.7627000941527027
4875,308.75,-6.25,6.25,1.0,0,-0.5301522663622924
4876,311.25,-6.25,6.25,1.0,0,-0.3356532024445397
4877,313.75,-6.25,6.25,1.0,0,-0.2088006558263817
4878,316.25,-6.25,6.25,1.0,0,-0.07517185605274475
4879,318.75,-6.25,6.25,1.0,0,0.022318743322668613
4880,321.25,-6.25,6.25,1.0,0,0.051022241949313714
4881,323.75,-6.25,6.25,1.0,0,0.12987955353583291
4882,326.25,-6.25,6.25,0.0,1,0.3129365139773611
4883,328.75,-6.25,6.25,0.0,1,0.44949734844748157
4884,331.25,-6.25,6.25,0.0,1,0.4802978326694856
4885,333.75,-6.25,6.25,0.0,1,0.45388519386497117
4886,336.25,-6.25,6.25,0.0,1,0.4091735213690724
4887,338.75,-6.25,6.25,0.0,1,0.35571544460993754
4888,341.25,-6.25,6.25,0.0,1,0.2783352997124195
4889,343.75,-6.25,6.25,0.0,1,0.19945440447287346
4890,346.25,-6.25,6.25,0.0,1,0.13608501150117489
4891,348.75,-6.25,6.25,0.0,1,0.08873308546437175
4892,351.25,-6.25,6.25,0.0,1,0.07174006880707894
4893,353.75,-6.25,6.25,0.0,1,0.0861831272553953
4894,356.25,-6.25,6.25,0.0,1,0.1169008298896299
4895,358.75,-6.25,6.25,0.0,1,0.14532440349256134
4896,1.25,-3.75,3.75,0.0,1,0.16465103225400438
4897,3.75,-3.75,3.75,0.0,1,0.21617596627840716
4898,6.25,-3.75,3.75,0.0,1,0.2714430198283537
4899,8.75,-3.75,3.75,0.0,1,0.41576397239988055
4900,11.25,-3.75,3.75,0.0,1,0.4101874012438113
4901,13.75,-3.75,3.75,1.0,0,0.3523973716399291
4902,16.25,-3.75,3.75,1.0,0,0.46116532958728473
4903,18.75,-3.75,3.75,1.0,0,0.45555645035384873
4904,21.25,-3.75,3.75,1.0,0,0.3505157753599931
4905,23.75,-3.75,3.75,1.0,0,0.34998160797857636
4906,26.25,-3.75,3.75,1.0,0,0.38578124391908436
4907,28.75,-3.75,3.75,1.0,0,0.25873807450596903
4908,31.25,-3.75,3.75,1.0,0,0.06002795017038043
4909,33.75,-3.75,3.75,1.0,0,-0.09607165973085645
4910,36.25,-3.75,3.75,1.0,0,-0.15080460656586836
4911,38.75,-3.75,3.75,1.0,0,-0.14609532979876044
4912,41.25,-3.75,3.75,0.0,3,-0.15971043981578745
4913,43.75,-3.75,3.75,0.0,3,-0.16238664164844124
4914,46.25,-3.75,3.75,0.0,3,-0.17519370592062355
4915,48.75,-3.75,3.75,0.0,3,-0.21541497264470333
4916,51.25,-3.75,3.75,0.0,3,-0.25483118350846323
4917,53.75,-3.75,3.75,0.0,3,-0.25138095441772346
4918,56.25,-3.75,3.75,0.0,3,-0.22148042858790895
4919,58.75,-3.75,3.75,0.0,3,-0.20533984159788485
4920,61.25,-3.75,3.75,0.0,3,-0.19904133105619626
4921,63.75,-3.75,3.75,0.0,3,-0.22200519306253444
4922,66.25,-3.75,3.75,0.0,3,-0.2863969050498485
4923,68.75,-3.75,3.75,0.0,3,-0.34144763435248426
4924,71.25,-3.75,3.75,0.0,3,-0.35068024786630314
4925,73.75,-3.75,3.75,0.0,3,-0.3435159090442881
4926,76.25,-3.75,3.75,0.0,3,-0.3566035914701265
4927,78.75,-3.75,3.75,0.0,3,-0.37203230188706815
4928,81.25,-3.75,3.75,0.0,3,-0.3716223150743614
4929,83.75,-3.75,3.75,0.0,3,-0.38156489237043106
4930,86.25,-3.75,3.75,0.0,3,-0.43804430212466633
4931,88.75,-3.75,3.75,0.0,3,-0.5122413461144163
4932,91.25,-3.75,3.75,0.0,3,-0.5433898053349484
4933,93.75,-3.75,3.75,0.0,3,-0.5418229799314409
4934,96.25,-3.75,3.75,0.0,3,-0.5158636234955862
4935,98.75,-3.75,3.75,0.0,3,-0.5099981610023125
4936,101.25,-3.75,3.75,0.0,3,-0.522589872138989
4937,103.75,-3.75,3.75,1.0,0,-0.4605898987504873
4938,106.25,-3.75,3.75,0.0,3,-0.38792633749452177
4939,108.75,-3.75,3.75,0.0,3,-0.40813573843630163
4940,111.25,-3.75,3.75,0.0,3,-0.41094459010100337
4941,113.75,-3.75,3.75,0.0,3,-0.3194640950002944
4942,116.25,-3.75,3.75,0.0,3,-0.11404397494384802
4943,118.75,-3.75,3.75,0.0,3,0.04834993287481929
4944,121.25,-3.75,3.75,1.0,0,0.031891846354756434
4945,123.75,-3.75,3.75,0.0,2,-0.06691103507065009
4946,126.25,-3.75,3.75,0.0,2,-0.1565194810101544
4947,128.75,-3.75,3.75,0.0,2,-0.12182877819610716
4948,131.25,-3.75,3.75,0.0,2,-0.005622830516397139
4949,133.75,-3.75,3.75,0.0,2,0.10525598143206427
4950,136.25,-3.75,3.75,1.0,0,0.044695456999241795
4951,138.75,-3.75,3.75,1.0,0,-0.1071580750947954
4952,141.25,-3.75,3.75,1.0,0,-0.2148334305944302
4953,143.75,-3.75,3.75,0.0,2,-0.33709694762667297
4954,146.25,-3.75,3.75,0.0,2,-0.27934173119092365
4955,148.75,-3.75,3.75,0.0,2,-0.045349267324329735
4956,151.25,-3.75,3.75,0.0,2,0.14790937994469425
4957,153.75,-3.75,3.75,0.0,2,0.22942477191672794
4958,156.25,-3.75,3.75,0.0,2,0.19760919237618751
4959,158.75,-3.75,3.75,0.0,2,0.08925052028853368
4960,161.25,-3.75,3.75,0.0,2,-0.03326737326372447
4961,163.75,-3.75,3.75,0.0,2,-0.11571658309151432
4962,166.25,-3.75,3.75,0.0,2,-0.1691037151354381
4963,168.75,-3.75,3.75,0.0,2,-0.20102617667548162
4964,171.25,-3.75,3.75,0.0,2,-0.22923147231620436
4965,173.75,-3.75,3.75,0.0,2,-0.24999611309717748
4966,176.25,-3.75,3.75,0.0,2,-0.26785842443487823
4967,178.75,-3.75,3.75,0.0,2,-0.3020266612106205
4968,181.25,-3.75,3.75,0.0,2,-0.3359791887413839
4969,183.75,-3.75,3.75,0.0,2,-0.3408085414325396
4970,186.25,-3.75,3.75,0.0,2,-0.3355997932182976
4971,188.75,-3.75,3.75,0.0,2,-0.3332410968074611
4972,191.25,-3.75,3.75,0.0,2,-0.30054884936456416
4973,193.75,-3.75,3.75,0.0,2,-0.2605364041528369
4974,196.25,-3.75,3.75,0.0,2,-0.250382669513899
4975,198.75,-3.75,3.75,0.0,2,-0.25657483735487885
4976,201.25,-3.75,3.75,0.0,2,-0.2573756216447938
4977,203.75,-3.75,3.75,0.0,2,-0.2468909483777095
4978,206.25,-3.75,3.75,0.0,2,-0.2308736153810177
4979,208.75,-3.75,3.75,0.0,2,-0.2285372410392507
4980,211.25,-3.75,3.75,0.0,2,-0.2566476201118126
4981,213.75,-3.75,3.75,0.0,2,-0.29389481652985694
4982,216.25,-3.75,3.75,0.0,2,-0.31583274338133865
4983,218.75,-3.75,3.75,0.0,2,-0.3254807535511148
4984,221.25,-3.75,3.75,0.0,2,-0.34122521003491907
4985,223.75,-3.75,3.75,0.0,2,-0.3775446250322457
4986,226.25,-3.75,3.75,0.0,2,-0.42561758518545784
4987,228.75,-3.75,3.75,0.0,2,-0.46348737670554313
4988,231.25,-3.75,3.75,0.0,2,-0.4859782084305683
4989,233.75,-3.75,3.75,0.0,2,-0.49982225023320037
4990,236.25,-3.75,3.75,0.0,2,-0.5094788888674793
4991,238.75,-3.75,3.75,0.0,2,-0.5165675944645202
4992,241.25,-3.75,3.75,0.0,2,-0.5219880143940434
4993,243.75,-3.75,3.75,0.0,2,-0.534633995450462
4994,246.25,-3.75,3.75,0.0,2,-0.5550080394793893
4995,248.75,-3.75,3.75,0.0,2,-0.5734566038957386
4996,251.25,-3.75,3.75,0.0,2,-0.5899732501389596
4997,253.75,-3.75,3.75,0.0,2,-0.6001736200983172
4998,256.25,-3.75,3.75,0.0,2,-0.6013517165929396
4999,258.75,-3.75,3.75,0.0,2,-0.5968044083930526
5000,261.25,-3.75,3.75,0.0,2,-0.5868673471858143
5001,263.75,-3.75,3.75,0.0,2,-0.5791274407414979
5002,266.25,-3.75,3.75,0.0,2,-0.5398222338627995
5003,268.75,-3.75,3.75,0.0,2,-0.46154616297572193
5004,271.25,-3.75,3.75,0.0,2,-0.3719880193552586
5005,273.75,-3.75,3.75,0.0,2,-0.3552404724533367
5006,276.25,-3.75,3.75,0.0,2,-0.40728950499956396
5007,278.75,-3.75,3.75,0.0,2,1.066377372907868
5008,281.25,-3.75,3.75,1.0,0,2.9729755552340418
5009,283.75,-3.75,3.75,1.0,0,2.5775654002752226
5010,286.25,-3.75,3.75,1.0,0,0.613302357535779
5011,288.75,-3.75,3.75,1.0,0,-0.5527635511265413
5012,291.25,-3.75,3.75,1.0,0,-0.7523492826812433
5013,293.75,-3.75,3.75,1.0,0,-0.7955312767267849
5014,296.25,-3.75,3.75,1.0,0,-0.6190253011047072
5015,298.75,-3.75,3.75,1.0,0,-0.7669033638495223
5016,301.25,-3.75,3.75,1.0,0,-1.0542173899207576
5017,303.75,-3.75,3.75,1.0,0,-1.0892000700361515
5018,306.25,-3.75,3.75,1.0,0,-1.004085800379327
5019,308.75,-3.75,3.75,1.0,0,-0.9337818054045781
5020,311.25,-3.75,3.75,1.0,0,-0.7657877603021718
5021,313.75,-3.75,3.75,1.0,0,-0.5848190987059004
5022,316.25,-3.75,3.75,1.0,0,-0.396148419713971
5023,318.75,-3.75,3.75,1.0,0,-0.1783039152889872
5024,321.25,-3.75,3.75,0.0,1,-0.020156522442953833
5025,323.75,-3.75,3.75,0.0,1,0.11674865079617278
5026,326.25,-3.75,3.75,0.0,1,0.17330165271373482
5027,328.75,-3.75,3.75,0.0,1,0.1081414304035593
5028,331.25,-3.75,3.75,0.0,1,0.05642943551224944
5029,333.75,-3.75,3.75,0.0,1,0.03861280084833191
5030,336.25,-3.75,3.75,0.0,1,0.05356239679119867
5031,338.75,-3.75,3.75,0.0,1,0.09473963928191301
5032,341.25,-3.75,3.75,0.0,1,0.12320939453664459
5033,343.75,-3.75,3.75,0.0,1,0.11582698764392801
5034,346.25,-3.75,3.75,0.0,1,0.08288819298283712
5035,348.75,-3.75,3.75,0.0,1,0.05345796153208375
5036,351.25,-3.75,3.75,0.0,1,0.04559859843452337
5037,353.75,-3.75,3.75,0.0,1,0.06086862568281565
5038,356.25,-3.75,3.75,0.0,1,0.09192671814211811
5039,358.75,-3.75,3.75,0.0,1,0.12451270796782204
5040,1.25,-1.25,1.25,0.0,1,0.20008960446258212
5041,3.75,-1.25,1.25,0.0,1,0.24947737344619783
5042,6.25,-1.25,1.25,0.0,1,0.331563188705252
5043,8.75,-1.25,1.25,0.0,1,0.3514944211297402
5044,11.25,-1.25,1.25,1.0,0,0.321185769471789
5045,13.75,-1.25,1.25,1.0,0,0.3692370748235706
5046,16.25,-1.25,1.25,1.0,0,0.38823621127334335
5047,18.75,-1.25,1.25,1.0,0,0.39501018014153083
5048,21.25,-1.25,1.25,1.0,0,0.4045228254137831
5049,23.75,-1.25,1.25,1.0,0,0.3937567013411759
5050,26.25,-1.25,1.25,1.0,0,0.46332239025084354
5051,28.75,-1.25,1.25,1.0,0,0.41033969209368054
5052,31.25,-1.25,1.25,1.0,0,0.2010925193766296
5053,33.75,-1.25,1.25,1.0,0,0.0442349658607452
5054,36.25,-1.25,1.25,1.0,0,-0.04917426553004424
5055,38.75,-1.25,1.25,1.0,0,-0.09620628523920735
5056,41.25,-1.25,1.25,0.0,3,-0.06330145134075962
5057,43.75,-1.25,1.25,0.0,3,0.014361650516135836
5058,46.25,-1.25,1.25,0.0,3,0.02097474265658855
5059,48.75,-1.25,1.25,0.0,3,0.01190623956604112
5060,51.25,-1.25,1.25,0.0,3,0.05032448843731298
5061,53.75,-1.25,1.25,0.0,3,0.09882403726834989
5062,56.25,-1.25,1.25,0.0,3,0.08884640797743368
5063,58.75,-1.25,1.25,0.0,3,0.029980969023253413
5064,61.25,-1.25,1.25,0.0,3,-0.02556585290650823
5065,63.75,-1.25,1.25,0.0,3,-0.08728587502518366
5066,66.25,-1.25,1.25,0.0,3,-0.17854059724511426
5067,68.75,-1.25,1.25,0.0,3,-0.26876795814464766
5068,71.25,-1.25,1.25,0.0,3,-0.30813383674955924
5069,73.75,-1.25,1.25,0.0,3,-0.3019051618264867
5070,76.25,-1.25,1.25,0.0,3,-0.2826842765209689
5071,78.75,-1.25,1.25,0.0,3,-0.27206843391984525
5072,81.25,-1.25,1.25,0.0,3,-0.2825022294108721
5073,83.75,-1.25,1.25,0.0,3,-0.30795607445841183
5074,86.25,-1.25,1.25,0.0,3,-0.3310118460395285
5075,88.75,-1.25,1.25,0.0,3,-0.361372918131711
5076,91.25,-1.25,1.25,0.0,3,-0.40328262834599055
5077,93.75,-1.25,1.25,0.0,3,-0.4502821464401908
5078,96.25,-1.25,1.25,0.0,3,-0.4760871332266222
5079,98.75,-1.25,1.25,0.0,3,-0.4901000822089119
5080,101.25,-1.25,1.25,1.0,0,-0.447210740297881
5081,103.75,-1.25,1.25,1.0,0,-0.36512124933218837
5082,106.25,-1.25,1.25,0.0,3,-0.4081325023831784
5083,108.75,-1.25,1.25,0.0,3,-0.46535149450806007
5084,111.25,-1.25,1.25,1.0,0,-0.457319150912244
5085,113.75,-1.25,1.25,1.0,0,-0.29997619096586553
5086,116.25,-1.25,1.25,1.0,0,-0.14883894615694343
5087,118.75,-1.25,1.25,0.0,3,-0.20565009403444015
5088,121.25,-1.25,1.25,1.0,0,-0.23899535073836273
5089,123.75,-1.25,1.25,0.0,2,-0.1496782375053545
5090,126.25,-1.25,1.25,0.0,2,-0.05755828563289534
5091,128.75,-1.25,1.25,0.0,2,-0.04954543546279534
5092,131.25,-1.25,1.25,0.0,2,-0.0851076845248603
5093,133.75,-1.25,1.25,1.0,0,-0.06475723433585498
5094,136.25,-1.25,1.25,0.0,2,0.04688952026974653
5095,138.75,-1.25,1.25,0.0,2,0.08093491946757835
5096,141.25,-1.25,1.25,0.0,2,0.07895601378866839
5097,143.75,-1.25,1.25,0.0,2,0.14449278830963613
5098,146.25,-1.25,1.25,0.0,2,0.24776233388567584
5099,148.75,-1.25,1.25,0.0,2,0.32601950371803906
5100,151.25,-1.25,1.25,0.0,2,0.3566749738274578
5101,153.75,-1.25,1.25,0.0,2,0.39037651060446893
5102,156.25,-1.25,1.25,0.0,2,0.39281160899859385
5103,158.75,-1.25,1.25,0.0,2,0.35865816225805747
5104,161.25,-1.25,1.25,0.0,2,0.3283977364842743
5105,163.75,-1.25,1.25,0.0,2,0.29632288855500877
5106,166.25,-1.25,1.25,0.0,2,0.2768173018591605
5107,168.75,-1.25,1.25,0.0,2,0.27655252103379163
5108,171.25,-1.25,1.25,0.0,2,0.2609263450520622
5109,173.75,-1.25,1.25,0.0,2,0.23006486488272515
5110,176.25,-1.25,1.25,0.0,2,0.1989904144760605
5111,178.75,-1.25,1.25,0.0,2,0.17001778592638772
5112,181.25,-1.25,1.25,0.0,2,0.1538132927211262
5113,183.75,-1.25,1.25,0.0,2,0.15353682724629256
5114,186.25,-1.25,1.25,0.0,2,0.1508646352087751
5115,188.75,-1.25,1.25,0.0,2,0.13526068192263843
5116,191.25,-1.25,1.25,0.0,2,0.11833699405544568
5117,193.75,-1.25,1.25,0.0,2,0.1040359516389895
5118,196.25,-1.25,1.25,0.0,2,0.07566601038984337
5119,198.75,-1.25,1.25,0.0,2,0.02747730568593342
5120,201.25,-1.25,1.25,0.0,2,-0.02222796222519772
5121,203.75,-1.25,1.25,0.0,2,-0.0680116560308297
5122,206.25,-1.25,1.25,0.0,2,-0.11181177668364314
5123,208.75,-1.25,1.25,0.0,2,-0.1490971342552915
5124,211.25,-1.25,1.25,0.0,2,-0.19575408479666045
5125,213.75,-1.25,1.25,0.0,2,-0.24283417696025658
5126,216.25,-1.25,1.25,0.0,2,-0.2702174275427925
5127,218.75,-1.25,1.25,0.0,2,-0.28168628501057613
5128,221.25,-1.25,1.25,0.0,2,-0.2909501377899776
5129,223.75,-1.25,1.25,0.0,2,-0.3040089217779619
5130,226.25,-1.25,1.25,0.0,2,-0.3175264331303928
5131,228.75,-1.25,1.25,0.0,2,-0.3267580509600312
5132,231.25,-1.25,1.25,0.0,2,-0.3263621485571148
5133,233.75,-1.25,1.25,0.0,2,-0.3170595959448649
5134,236.25,-1.25,1.25,0.0,2,-0.302573177588756
5135,238.75,-1.25,1.25,0.0,2,-0.2896903457282715
5136,241.25,-1.25,1.25,0.0,2,-0.2801903523615033
5137,243.75,-1.25,1.25,0.0,2,-0.27287490410664045
5138,246.25,-1.25,1.25,0.0,2,-0.2626442188808221
5139,248.75,-1.25,1.25,0.0,2,-0.24984438917200968
5140,251.25,-1.25,1.25,0.0,2,-0.24350191529235873
5141,253.75,-1.25,1.25,0.0,2,-0.24355001209078403
5142,256.25,-1.25,1.25,0.0,2,-0.24636748003958453
5143,258.75,-1.25,1.25,0.0,2,-0.25069314201415016
5144,261.25,-1.25,1.25,0.0,2,-0.2539818232349503
5145,263.75,-1.25,1.25,0.0,2,-0.26174556893717693
5146,266.25,-1.25,1.25,0.0,2,-0.2769334941874438
5147,268.75,-1.25,1.25,0.0,2,-0.29792640367025336
5148,271.25,-1.25,1.25,0.0,2,-0.28896525897387554
5149,273.75,-1.25,1.25,0.0,2,-0.3588697121467849
5150,276.25,-1.25,1.25,0.0,2,-0.5811133017170729
5151,278.75,-1.25,1.25,0.0,2,-0.12082927020010467
5152,281.25,-1.25,1.25,1.0,0,1.024365582738715
5153,283.75,-1.25,1.25,1.0,0,0.8926534411105254
5154,286.25,-1.25,1.25,1.0,0,-0.2870962506024167
5155,288.75,-1.25,1.25,1.0,0,-0.6336732825656465
5156,291.25,-1.25,1.25,1.0,0,-0.44168984853073345
5157,293.75,-1.25,1.25,1.0,0,-0.32965827335397396
5158,296.25,-1.25,1.25,1.0,0,-0.4742861311616845
5159,298.75,-1.25,1.25,1.0,0,-0.7361929104013036
5160,301.25,-1.25,1.25,1.0,0,-0.7904821530721525
5161,303.75,-1.25,1.25,1.0,0,-0.8163465040046661
5162,306.25,-1.25,1.25,1.0,0,-0.8179286244746703
5163,308.75,-1.25,1.25,1.0,0,-0.6518619779461097
5164,311.25,-1.25,1.25,1.0,0,-0.4689689650435399
5165,313.75,-1.25,1.25,0.0,1,-0.3761629309951311
5166,316.25,-1.25,1.25,0.0,1,-0.2776928428362414
5167,318.75,-1.25,1.25,0.0,1,-0.14009085155167203
5168,321.25,-1.25,1.25,0.0,1,0.007813571543453033
5169,323.75,-1.25,1.25,0.0,1,0.030788208427883358
5170,326.25,-1.25,1.25,0.0,1,-0.0760267077703599
5171,328.75,-1.25,1.25,0.0,1,-0.1577924682321763
5172,331.25,-1.25,1.25,0.0,1,-0.15117298149089375
5173,333.75,-1.25,1.25,0.0,1,-0.10356551517281114
5174,336.25,-1.25,1.25,0.0,1,-0.04301499593644765
5175,338.75,-1.25,1.25,0.0,1,0.026208986352050618
5176,341.25,-1.25,1.25,0.0,1,0.08633173087046486
5177,343.75,-1.25,1.25,0.0,1,0.11599409153027532
5178,346.25,-1.25,1.25,0.0,1,0.10836922450813069
5179,348.75,-1.25,1.25,0.0,1,0.09234251202411044
5180,351.25,-1.25,1.25,0.0,1,0.0896260635160566
5181,353.75,-1.25,1.25,0.0,1,0.0989837116676846
5182,356.25,-1.25,1.25,0.0,1,0.12259882601915668
5183,358.75,-1.25,1.25,0.0,1,0.15934208985352843
5184,1.25,1.25,1.25,0.0,1,0.2180879991371791
5185,3.75,1.25,1.25,0.0,1,0.25864018818823054
5186,6.25,1.25,1.25,0.0,1,0.19302235318315705
5187,8.75,1.25,1.25,0.0,1,-0.01526932662698597
5188,11.25,1.25,1.25,1.0,0,-0.04642901244458248
5189,13.75,1.25,1.25,1.0,0,0.1690987429187269
5190,16.25,1.25,1.25,1.0,0,0.15180021037218389
5191,18.75,1.25,1.25,1.0,0,0.1005844107141037
5192,21.25,1.25,1.25,1.0,0,0.14603025664059427
5193,23.75,1.25,1.25,1.0,0,0.16488599615584215
5194,26.25,1.25,1.25,1.0,0,0.31752268876354134
5195,28.75,1.25,1.25,1.0,0,0.2871291585663347
5196,31.25,1.25,1.25,1.0,0,0.14572585017653894
5197,33.75,1.25,1.25,1.0,0,0.12145298430627394
5198,36.25,1.25,1.25,1.0,0,0.0974154560905389
5199,38.75,1.25,1.25,1.0,0,0.07669180162831796
5200,41.25,1.25,1.25,1.0,0,0.0769347540856244
5201,43.75,1.25,1.25,0.0,3,0.11548743764275546
5202,46.25,1.25,1.25,0.0,3,0.17065355283894984
5203,48.75,1.25,1.25,0.0,3,0.16200363262338985
5204,51.25,1.25,1.25,0.0,3,0.13452101561548793
5205,53.75,1.25,1.25,0.0,3,0.1588315720657073
5206,56.25,1.25,1.25,0.0,3,0.16730810605898164
5207,58.75,1.25,1.25,0.0,3,0.15841974923228017
5208,61.25,1.25,1.25,0.0,3,0.15268365012782648
5209,63.75,1.25,1.25,0.0,3,0.16569847817116773
5210,66.25,1.25,1.25,0.0,3,0.17533855365795167
5211,68.75,1.25,1.25,0.0,3,0.19012898979707255
5212,71.25,1.25,1.25,0.0,3,0.2285324081745182
5213,73.75,1.25,1.25,0.0,3,0.26722229587582547
5214,76.25,1.25,1.25,0.0,3,0.27706224073084523
5215,78.75,1.25,1.25,0.0,3,0.249703312823222
5216,81.25,1.25,1.25,0.0,3,0.20544914578221493
5217,83.75,1.25,1.25,0.0,3,0.16768743220920784
5218,86.25,1.25,1.25,0.0,3,0.12030076988733662
5219,88.75,1.25,1.25,0.0,3,0.07416639227783424
5220,91.25,1.25,1.25,0.0,3,0.045774301775059464
5221,93.75,1.25,1.25,0.0,3,-0.010641384391059345
5222,96.25,1.25,1.25,0.0,3,-0.09030301475046701
5223,98.75,1.25,1.25,0.0,3,-0.11290644917887474
5224,101.25,1.25,1.25,1.0,0,-0.027827067682318324
5225,103.75,1.25,1.25,0.0,3,0.06554520503663257
5226,106.25,1.25,1.25,0.0,3,0.05765421671893697
5227,108.75,1.25,1.25,0.0,3,-0.006046202326887412
5228,111.25,1.25,1.25,1.0,0,-0.14082837819140534
5229,113.75,1.25,1.25,1.0,0,-0.23636218385133814
5230,116.25,1.25,1.25,1.0,0,-0.11281919318632573
5231,118.75,1.25,1.25,0.0,3,0.05294704165362449
5232,121.25,1.25,1.25,0.0,2,0.1417280322957143
5233,123.75,1.25,1.25,0.0,2,0.1728528366195688
5234,126.25,1.25,1.25,0.0,2,0.09656667321171045
5235,128.75,1.25,1.25,0.0,2,0.05643546020593806
5236,131.25,1.25,1.25,0.0,2,0.07235758966977206
5237,133.75,1.25,1.25,0.0,2,0.1130870374468541
5238,136.25,1.25,1.25,0.0,2,0.19098249897946512
5239,138.75,1.25,1.25,0.0,2,0.23161343487907737
5240,141.25,1.25,1.25,0.0,2,0.24716156201360104
5241,143.75,1.25,1.25,0.0,2,0.2598343504774463
5242,146.25,1.25,1.25,0.0,2,0.2769242467346529
5243,148.75,1.25,1.25,0.0,2,0.28593612413565705
5244,151.25,1.25,1.25,0.0,2,0.2804405516451336
5245,153.75,1.25,1.25,0.0,2,0.2490046670522492
5246,156.25,1.25,1.25,0.0,2,0.19049920064938325
5247,158.75,1.25,1.25,0.0,2,0.14112851455502132
5248,161.25,1.25,1.25,0.0,2,0.1249870128530804
5249,163.75,1.25,1.25,0.0,2,0.11419766088575539
5250,166.25,1.25,1.25,0.0,2,0.10388588006645008
5251,168.75,1.25,1.25,0.0,2,0.10514180901490049
5252,171.25,1.25,1.25,0.0,2,0.09527981867029899
5253,173.75,1.25,1.25,0.0,2,0.07336937121763361
5254,176.25,1.25,1.25,0.0,2,0.05386310655411004
5255,178.75,1.25,1.25,0.0,2,0.03764316582343414
5256,181.25,1.25,1.25,0.0,2,0.0336695245502142
5257,183.75,1.25,1.25,0.0,2,0.03994855136489271
5258,186.25,1.25,1.25,0.0,2,0.04046678787935185
5259,188.75,1.25,1.25,0.0,2,0.04057622500289622
5260,191.25,1.25,1.25,0.0,2,0.04516156556382952
5261,193.75,1.25,1.25,0.0,2,0.04207625590171993
5262,196.25,1.25,1.25,0.0,2,0.027753316468409027
5263,198.75,1.25,1.25,0.0,2,-0.005991034855066681
5264,201.25,1.25,1.25,0.0,2,-0.049023607268502564
5265,203.75,1.25,1.25,0.0,2,-0.09315823459469445
5266,206.25,1.25,1.25,0.0,2,-0.1345718206183993
5267,208.75,1.25,1.25,0.0,2,-0.16633931275234157
5268,211.25,1.25,1.25,0.0,2,-0.20539127141103394
5269,213.75,1.25,1.25,0.0,2,-0.256670856983633
5270,216.25,1.25,1.25,0.0,2,-0.3046587940650226
5271,218.75,1.25,1.25,0.0,2,-0.33141369708777396
5272,221.25,1.25,1.25,0.0,2,-0.34493833222484327
5273,223.75,1.25,1.25,0.0,2,-0.35954207076088357
5274,226.25,1.25,1.25,0.0,2,-0.3684478189499793
5275,228.75,1.25,1.25,0.0,2,-0.36633408988568505
5276,231.25,1.25,1.25,0.0,2,-0.36080936161062244
5277,233.75,1.25,1.25,0.0,2,-0.36017740121210284
5278,236.25,1.25,1.25,0.0,2,-0.3587918902724747
5279,238.75,1.25,1.25,0.0,2,-0.3432784517652904
5280,241.25,1.25,1.25,0.0,2,-0.31814130371453875
5281,243.75,1.25,1.25,0.0,2,-0.29326160886876024
5282,246.25,1.25,1.25,0.0,2,-0.2663661195541844
5283,248.75,1.25,1.25,0.0,2,-0.23589125371958455
5284,251.25,1.25,1.25,0.0,2,-0.20159618005003138
5285,253.75,1.25,1.25,0.0,2,-0.16272775019500194
5286,256.25,1.25,1.25,0.0,2,-0.12141934120137722
5287,258.75,1.25,1.25,0.0,2,-0.08128788722157188
5288,261.25,1.25,1.25,0.0,2,-0.04396516453395796
5289,263.75,1.25,1.25,0.0,2,-0.009184828833226948
5290,266.25,1.25,1.25,0.0,2,0.03396597641121039
5291,268.75,1.25,1.25,0.0,2,0.12198277650129478
5292,271.25,1.25,1.25,0.0,2,0.25036136122098596
5293,273.75,1.25,1.25,0.0,2,0.33663689461610946
5294,276.25,1.25,1.25,0.0,2,0.34587898726282057
5295,278.75,1.25,1.25,0.0,2,0.4137520739147592
5296,281.25,1.25,1.25,0.0,0,0.8640624942356556
5297,283.75,1.25,1.25,1.0,0,0.9411528027020092
5298,286.25,1.25,1.25,1.0,0,0.13622300231165774
5299,288.75,1.25,1.25,1.0,0,-0.40486295779203046
5300,291.25,1.25,1.25,1.0,0,-0.4382250602365602
5301,293.75,1.25,1.25,1.0,0,-0.34205075797580464
5302,296.25,1.25,1.25,1.0,0,-0.24628818879427955
5303,298.75,1.25,1.25,1.0,0,-0.2867130823977086
5304,301.25,1.25,1.25,1.0,0,-0.3225807822287816
5305,303.75,1.25,1.25,1.0,0,-0.30112900207598386
5306,306.25,1.25,1.25,1.0,0,-0.28992164327033076
5307,308.75,1.25,1.25,1.0,0,-0.2328189731990832
5308,311.25,1.25,1.25,0.0,1,-0.12438469604577837
5309,313.75,1.25,1.25,0.0,1,-0.08539492289955332
5310,316.25,1.25,1.25,0.0,1,-0.16181187956571078
5311,318.75,1.25,1.25,0.0,1,-0.23802633280354796
5312,321.25,1.25,1.25,0.0,1,-0.2670888563096555
5313,323.75,1.25,1.25,0.0,1,-0.3142446000729057
5314,326.25,1.25,1.25,0.0,1,-0.3768235738610481
5315,328.75,1.25,1.25,0.0,1,-0.4090322400723011
5316,331.25,1.25,1.25,0.0,1,-0.3751010134276224
5317,333.75,1.25,1.25,0.0,1,-0.29729555037372296
5318,336.25,1.25,1.25,0.0,1,-0.2134896729274276
5319,338.75,1.25,1.25,0.0,1,-0.15163422614255934
5320,341.25,1.25,1.25,0.0,1,-0.13314719823844823
5321,343.75,1.25,1.25,0.0,1,-0.13336650710857714
5322,346.25,1.25,1.25,0.0,1,-0.12008566891223656
5323,348.75,1.25,1.25,0.0,1,-0.10184931638450882
5324,351.25,1.25,1.25,0.0,1,-0.08807277988097123
5325,353.75,1.25,1.25,0.0,1,-0.03839177007579727
5326,356.25,1.25,1.25,0.0,1,0.0408970380131282
5327,358.75,1.25,1.25,0.0,1,0.12639420992136954
5328,1.25,3.75,3.75,0.0,1,0.08910758798133192
5329,3.75,3.75,3.75,0.0,1,0.13355505176773957
5330,6.25,3.75,3.75,0.0,1,0.070000281967638
5331,8.75,3.75,3.75,0.0,1,-0.07847310482926566
5332,11.25,3.75,3.75,1.0,0,-0.08939956477577814
5333,13.75,3.75,3.75,1.0,0,0.07140967200197915
5334,16.25,3.75,3.75,1.0,0,0.08385620992016743
5335,18.75,3.75,3.75,1.0,0,-0.0644316034755155
5336,21.25,3.75,3.75,1.0,0,-0.14344203448926493
5337,23.75,3.75,3.75,1.0,0,-0.1258524322380081
5338,26.25,3.75,3.75,1.0,0,-0.016554102311625997
5339,28.75,3.75,3.75,1.0,0,0.09452550145655268
5340,31.25,3.75,3.75,1.0,0,0.22563108903127138
5341,33.75,3.75,3.75,1.0,0,0.26754437837570133
5342,36.25,3.75,3.75,1.0,0,0.16887126201417413
5343,38.75,3.75,3.75,1.0,0,0.10556518736575324
5344,41.25,3.75,3.75,1.0,0,0.08087483177437367
5345,43.75,3.75,3.75,1.0,0,0.046160943985559026
5346,46.25,3.75,3.75,1.0,0,0.06881905608905436
5347,48.75,3.75,3.75,0.0,3,0.10647974242248578
5348,51.25,3.75,3.75,0.0,3,0.1085723004460705
5349,53.75,3.75,3.75,0.0,3,0.14590982098928199
5350,56.25,3.75,3.75,0.0,3,0.199811240299484
5351,58.75,3.75,3.75,0.0,3,0.23291087361635346
5352,61.25,3.75,3.75,0.0,3,0.23880429347141005
5353,63.75,3.75,3.75,0.0,3,0.23740036225111577
5354,66.25,3.75,3.75,0.0,3,0.24233095176024277
5355,68.75,3.75,3.75,0.0,3,0.2639276749548225
5356,71.25,3.75,3.75,0.0,3,0.29899773373637234
5357,73.75,3.75,3.75,0.0,3,0.33251493715017116
5358,76.25,3.75,3.75,0.0,3,0.34853645200366334
5359,78.75,3.75,3.75,0.0,3,0.34778999028645163
5360,81.25,3.75,3.75,0.0,3,0.3456681781300412
5361,83.75,3.75,3.75,0.0,3,0.34786536388291295
5362,86.25,3.75,3.75,0.0,3,0.3190264573174384
5363,88.75,3.75,3.75,0.0,3,0.26354962727556247
5364,91.25,3.75,3.75,0.0,3,0.22194036641444032
5365,93.75,3.75,3.75,0.0,3,0.17044697991358107
5366,96.25,3.75,3.75,0.0,3,0.11642341550117799
5367,98.75,3.75,3.75,0.0,0,0.1315191806421191
5368,101.25,3.75,3.75,1.0,0,0.2204103072671471
5369,103.75,3.75,3.75,0.0,3,0.31556149971780456
5370,106.25,3.75,3.75,0.0,3,0.3167177362150649
5371,108.75,3.75,3.75,0.0,3,0.19594159131005578
5372,111.25,3.75,3.75,0.0,3,0.02025910140979513
5373,113.75,3.75,3.75,0.0,3,-0.09646657788989815
5374,116.25,3.75,3.75,1.0,0,0.022769798752228242
5375,118.75,3.75,3.75,0.0,3,0.24289886654686518
5376,121.25,3.75,3.75,0.0,2,0.3550602347718444
5377,123.75,3.75,3.75,0.0,2,0.39085222580704093
5378,126.25,3.75,3.75,0.0,2,0.3823488286694187
5379,128.75,3.75,3.75,0.0,2,0.3504046398221116
5380,131.25,3.75,3.75,0.0,2,0.28970364655308406
5381,133.75,3.75,3.75,0.0,2,0.23307451893665898
5382,136.25,3.75,3.75,0.0,2,0.21024151495311116
5383,138.75,3.75,3.75,0.0,2,0.22017812138508921
5384,141.25,3.75,3.75,0.0,2,0.2507665038448114
5385,143.75,3.75,3.75,0.0,2,0.2957953823251218
5386,146.25,3.75,3.75,0.0,2,0.36014777809807574
5387,148.75,3.75,3.75,0.0,2,0.4291251163944758
5388,151.25,3.75,3.75,0.0,2,0.49284889567254175
5389,153.75,3.75,3.75,0.0,2,0.5097713674655135
5390,156.25,3.75,3.75,0.0,2,0.49204728356039196
5391,158.75,3.75,3.75,0.0,2,0.4811863294440635
5392,161.25,3.75,3.75,0.0,2,0.5029717255759835
5393,163.75,3.75,3.75,0.0,2,0.5503225469023519
5394,166.25,3.75,3.75,0.0,2,0.5920425599205277
5395,168.75,3.75,3.75,0.0,2,0.6440236241276552
5396,171.25,3.75,3.75,0.0,2,0.7041602837808181
5397,173.75,3.75,3.75,0.0,2,0.7539159906194117
5398,176.25,3.75,3.75,0.0,2,0.7939950317922704
5399,178.75,3.75,3.75,0.0,2,0.8126707903503266
5400,181.25,3.75,3.75,0.0,2,0.8184683846165248
5401,183.75,3.75,3.75,0.0,2,0.8221166745455959
5402,186.25,3.75,3.75,0.0,2,0.8252880004334555
5403,188.75,3.75,3.75,0.0,2,0.8359271777689867
5404,191.25,3.75,3.75,0.0,2,0.8443003962551772
5405,193.75,3.75,3.75,0.0,2,0.8499782724852513
5406,196.25,3.75,3.75,0.0,2,0.8413314273995904
5407,198.75,3.75,3.75,0.0,2,0.8096250050316565
5408,201.25,3.75,3.75,0.0,2,0.7624925824183787
5409,203.75,3.75,3.75,0.0,2,0.7020705945704682
5410,206.25,3.75,3.75,0.0,2,0.6362571480951723
5411,208.75,3.75,3.75,0.0,2,0.5796249663045714
5412,211.25,3.75,3.75,0.0,2,0.5260058777106493
5413,213.75,3.75,3.75,0.0,2,0.4685552509824648
5414,216.25,3.75,3.75,0.0,2,0.4112491774829129
5415,218.75,3.75,3.75,0.0,2,0.35764480744490296
5416,221.25,3.75,3.75,0.0,2,0.30951582744245265
5417,223.75,3.75,3.75,0.0,2,0.2625543638934352
5418,226.25,3.75,3.75,0.0,2,0.22461526413306268
5419,228.75,3.75,3.75,0.0,2,0.2000309149933992
5420,231.25,3.75,3.75,0.0,2,0.1765327808651165
5421,233.75,3.75,3.75,0.0,2,0.15201732178326605
5422,236.25,3.75,3.75,0.0,2,0.12809480827276246
5423,238.75,3.75,3.75,0.0,2,0.11083433740804072
5424,241.25,3.75,3.75,0.0,2,0.09848610141307976
5425,243.75,3.75,3.75,0.0,2,0.0849882127409842
5426,246.25,3.75,3.75,0.0,2,0.08101199956293796
5427,248.75,3.75,3.75,0.0,2,0.09132989993201573
5428,251.25,3.75,3.75,0.0,2,0.11693467796695133
5429,253.75,3.75,3.75,0.0,2,0.15466164104355637
5430,256.25,3.75,3.75,0.0,2,0.19576406812959607
5431,258.75,3.75,3.75,0.0,2,0.2390090287076032
5432,261.25,3.75,3.75,0.0,2,0.2867481883611173
5433,263.75,3.75,3.75,0.0,2,0.3484823921691564
5434,266.25,3.75,3.75,0.0,2,0.421616388601412
5435,268.75,3.75,3.75,0.0,2,0.5164157571713145
5436,271.25,3.75,3.75,0.0,2,0.6128624257094444
5437,273.75,3.75,3.75,0.0,2,0.6640346181646161
5438,276.25,3.75,3.75,0.0,2,0.6269894873327777
5439,278.75,3.75,3.75,0.0,2,0.6725389282368235
5440,281.25,3.75,3.75,0.0,1,0.983697407832935
5441,283.75,3.75,3.75,1.0,0,0.8788238051970948
5442,286.25,3.75,3.75,1.0,0,0.27567398360209533
5443,288.75,3.75,3.75,1.0,0,-0.45407215742569584
5444,291.25,3.75,3.75,1.0,0,-0.8210630537939757
5445,293.75,3.75,3.75,1.0,0,-0.5691858091591986
5446,296.25,3.75,3.75,1.0,0,-0.30593618090997826
5447,298.75,3.75,3.75,1.0,0,-0.23637647022467892
5448,301.25,3.75,3.75,1.0,0,-0.2426090214489891
5449,303.75,3.75,3.75,1.0,0,-0.24589964040114187
5450,306.25,3.75,3.75,1.0,0,-0.24485191084286032
5451,308.75,3.75,3.75,0.0,1,-0.2192628842010913
5452,311.25,3.75,3.75,0.0,1,-0.1711862681615906
5453,313.75,3.75,3.75,0.0,1,-0.08372960723474702
5454,316.25,3.75,3.75,0.0,1,-0.02617539841395411
5455,318.75,3.75,3.75,0.0,1,-0.046155000504320455
5456,321.25,3.75,3.75,0.0,1,-0.10631650666538268
5457,323.75,3.75,3.75,0.0,1,-0.19861688863667565
5458,326.25,3.75,3.75,0.0,1,-0.27030975539395086
5459,328.75,3.75,3.75,0.0,1,-0.2945668407222392
5460,331.25,3.75,3.75,0.0,1,-0.2812877673044064
5461,333.75,3.75,3.75,0.0,1,-0.23786270056408315
5462,336.25,3.75,3.75,0.0,1,-0.16788895529418335
5463,338.75,3.75,3.75,0.0,1,-0.10350344339614487
5464,341.25,3.75,3.75,0.0,1,-0.06094848905485144
5465,343.75,3.75,3.75,0.0,1,-0.02835875359042688
5466,346.25,3.75,3.75,0.0,1,0.02224099409484355
5467,348.75,3.75,3.75,0.0,1,0.056054656825401374
5468,351.25,3.75,3.75,0.0,1,0.021946513080065948
5469,353.75,3.75,3.75,0.0,1,-0.006962116196553309
5470,356.25,3.75,3.75,0.0,1,-0.007791001658287605
5471,358.75,3.75,3.75,0.0,1,0.020168100341912857
5472,1.25,6.25,6.25,0.0,1,-0.1025131890343835
5473,3.75,6.25,6.25,0.0,1,-0.09586282192612817
5474,6.25,6.25,6.25,1.0,0,-0.2547948972115051
5475,8.75,6.25,6.25,1.0,0,-0.3862593823215339
5476,11.25,6.25,6.25,1.0,0,-0.19709666103813062
5477,13.75,6.25,6.25,1.0,0,0.062448083226227774
5478,16.25,6.25,6.25,1.0,0,0.07358444404236684
5479,18.75,6.25,6.25,1.0,0,-0.07260753180435171
5480,21.25,6.25,6.25,1.0,0,-0.16947590576316052
5481,23.75,6.25,6.25,1.0,0,-0.19536936221897716
5482,26.25,6.25,6.25,1.0,0,-0.22997509174524775
5483,28.75,6.25,6.25,1.0,0,-0.2508635604875107
5484,31.25,6.25,6.25,1.0,0,-0.006166022673248642
5485,33.75,6.25,6.25,1.0,0,0.28422148031669103
5486,36.25,6.25,6.25,1.0,0,0.26768969444250684
5487,38.75,6.25,6.25,1.0,0,0.1201105056153234
5488,41.25,6.25,6.25,1.0,0,0.031465983543020166
5489,43.75,6.25,6.25,1.0,0,0.011010586884400776
5490,46.25,6.25,6.25,1.0,0,-0.01210094386222255
5491,48.75,6.25,6.25,1.0,0,-0.0809565677554444
5492,51.25,6.25,6.25,0.0,3,-0.14997527120549506
5493,53.75,6.25,6.25,0.0,3,-0.14751528375463924
5494,56.25,6.25,6.25,0.0,3,-0.09257254574255419
5495,58.75,6.25,6.25,0.0,3,0.001756597953684507
5496,61.25,6.25,6.25,0.0,3,0.10196169413868289
5497,63.75,6.25,6.25,0.0,3,0.18290271080388343
5498,66.25,6.25,6.25,0.0,3,0.23554364495825172
5499,68.75,6.25,6.25,0.0,3,0.27027370692156266
5500,71.25,6.25,6.25,0.0,3,0.30609862382911035
5501,73.75,6.25,6.25,0.0,3,0.3393284965500315
5502,76.25,6.25,6.25,0.0,3,0.36840071197632446
5503,78.75,6.25,6.25,0.0,3,0.37306183368441176
5504,81.25,6.25,6.25,0.0,3,0.36928359257196597
5505,83.75,6.25,6.25,0.0,3,0.3778427314656728
5506,86.25,6.25,6.25,0.0,3,0.33572272207023435
5507,88.75,6.25,6.25,0.0,3,0.25389660742293235
5508,91.25,6.25,6.25,0.0,3,0.1948553964093564
5509,93.75,6.25,6.25,0.0,3,0.14436439296977993
5510,96.25,6.25,6.25,0.0,3,0.09779872575562042
5511,98.75,6.25,6.25,0.0,3,0.10859735899588464
5512,101.25,6.25,6.25,1.0,0,0.18487294388668532
5513,103.75,6.25,6.25,0.0,3,0.28157154880979673
5514,106.25,6.25,6.25,0.0,3,0.3339857258074834
5515,108.75,6.25,6.25,0.0,3,0.3178708401954374
5516,111.25,6.25,6.25,0.0,3,0.24393584959707082
5517,113.75,6.25,6.25,0.0,3,0.12750799535774462
5518,116.25,6.25,6.25,0.0,0,0.10887215457611976
5519,118.75,6.25,6.25,0.0,3,0.2322867360975866
5520,121.25,6.25,6.25,0.0,2,0.3774658925674835
5521,123.75,6.25,6.25,0.0,2,0.45600736398999864
5522,126.25,6.25,6.25,0.0,2,0.45492672614054863
5523,128.75,6.25,6.25,0.0,2,0.43010714539276085
5524,131.25,6.25,6.25,0.0,2,0.39172541775495073
5525,133.75,6.25,6.25,0.0,2,0.35069247534755316
5526,136.25,6.25,6.25,0.0,2,0.3502751203222717
5527,138.75,6.25,6.25,0.0,2,0.3815233433749827
5528,141.25,6.25,6.25,0.0,2,0.3922411357577731
5529,143.75,6.25,6.25,0.0,2,0.3845215187120829
5530,146.25,6.25,6.25,0.0,2,0.3848036618206164
5531,148.75,6.25,6.25,0.0,2,0.38885215453155064
5532,151.25,6.25,6.25,0.0,2,0.3818949211484228
5533,153.75,6.25,6.25,0.0,2,0.3615719446700191
5534,156.25,6.25,6.25,0.0,2,0.3545407651536664
5535,158.75,6.25,6.25,0.0,2,0.35424858374213614
5536,161.25,6.25,6.25,0.0,2,0.3709551435715527
5537,163.75,6.25,6.25,0.0,2,0.4284920257072053
5538,166.25,6.25,6.25,0.0,2,0.48969351967043756
5539,168.75,6.25,6.25,0.0,2,0.5688759720857646
5540,171.25,6.25,6.25,0.0,2,0.6853309933476749
5541,173.75,6.25,6.25,0.0,2,0.7938665478969577
5542,176.25,6.25,6.25,0.0,2,0.9114910949922007
5543,178.75,6.25,6.25,0.0,2,1.0363907131617998
5544,181.25,6.25,6.25,0.0,2,1.132082936214688
5545,183.75,6.25,6.25,0.0,2,1.211240451809778
5546,186.25,6.25,6.25,0.0,2,1.284657712171957
5547,188.75,6.25,6.25,0.0,2,1.325694765076045
5548,191.25,6.25,6.25,0.0,2,1.33525993258913
5549,193.75,6.25,6.25,0.0,2,1.3675440009951585
5550,196.25,6.25,6.25,0.0,2,1.407531642193335
5551,198.75,6.25,6.25,0.0,2,1.4061156166715783
5552,201.25,6.25,6.25,0.0,2,1.3739987653721917
5553,203.75,6.25,6.25,0.0,2,1.3480659973322036
5554,206.25,6.25,6.25,0.0,2,1.3554254522668097
5555,208.75,6.25,6.25,0.0,2,1.374711106213852
5556,211.25,6.25,6.25,0.0,2,1.3755658875636976
5557,213.75,6.25,6.25,0.0,2,1.365772340849972
5558,216.25,6.25,6.25,0.0,2,1.3557976097746325
5559,218.75,6.25,6.25,0.0,2,1.3376257916949494
5560,221.25,6.25,6.25,0.0,2,1.313289284402641
5561,223.75,6.25,6.25,0.0,2,1.289983416994412
5562,226.25,6.25,6.25,0.0,2,1.2656374761083586
5563,228.75,6.25,6.25,0.0,2,1.233091183605941
5564,231.25,6.25,6.25,0.0,2,1.1820917416309396
5565,233.75,6.25,6.25,0.0,2,1.1144860479160295
5566,236.25,6.25,6.25,0.0,2,1.033865374774776
5567,238.75,6.25,6.25,0.0,2,0.9552654252636303
5568,241.25,6.25,6.25,0.0,2,0.8797261693992873
5569,243.75,6.25,6.25,0.0,2,0.8083806406409151
5570,246.25,6.25,6.25,0.0,2,0.7629349737621078
5571,248.75,6.25,6.25,0.0,2,0.7412270328515973
5572,251.25,6.25,6.25,0.0,2,0.7238298270983397
5573,253.75,6.25,6.25,0.0,2,0.689922296838719
5574,256.25,6.25,6.25,0.0,2,0.6254147891985288
5575,258.75,6.25,6.25,0.0,2,0.533596544811648
5576,261.25,6.25,6.25,0.0,2,0.41875389410605984
5577,263.75,6.25,6.25,0.0,2,0.2833285120670371
5578,266.25,6.25,6.25,0.0,2,0.1402239338877238
5579,268.75,6.25,6.25,0.0,2,0.03386498445177016
5580,271.25,6.25,6.25,0.0,2,0.00655839929579648
5581,273.75,6.25,6.25,0.0,2,0.06851824493203477
5582,276.25,6.25,6.25,0.0,2,0.15033725341144383
5583,278.75,6.25,6.25,0.0,2,0.021627460215041496
5584,281.25,6.25,6.25,0.0,1,-0.20480726721256448
5585,283.75,6.25,6.25,1.0,0,-0.26909347623900925
5586,286.25,6.25,6.25,1.0,0,-0.567649315824771
5587,288.75,6.25,6.25,1.0,0,-1.1203578777572427
5588,291.25,6.25,6.25,1.0,0,-1.020655316215767
5589,293.75,6.25,6.25,1.0,0,-0.532985786475157
5590,296.25,6.25,6.25,1.0,0,-0.3038606249996181
5591,298.75,6.25,6.25,1.0,0,-0.14540890320672245
5592,301.25,6.25,6.25,1.0,0,-0.1875247884562369
5593,303.75,6.25,6.25,0.0,1,-0.34757013605649384
5594,306.25,6.25,6.25,0.0,1,-0.32884976437867186
5595,308.75,6.25,6.25,0.0,1,-0.2330732539167187
5596,311.25,6.25,6.25,0.0,1,-0.1033043599861722
5597,313.75,6.25,6.25,0.0,1,0.0032171113036169726
5598,316.25,6.25,6.25,0.0,1,0.014544712819584096
5599,318.75,6.25,6.25,0.0,1,-0.003547371000873093
5600,321.25,6.25,6.25,0.0,1,-0.022708493194862643
5601,323.75,6.25,6.25,0.0,1,-0.036799293360255725
5602,326.25,6.25,6.25,0.0,1,-0.02221485480816857
5603,328.75,6.25,6.25,0.0,1,0.017730486243661307
5604,331.25,6.25,6.25,0.0,1,0.054762441834107695
5605,333.75,6.25,6.25,0.0,1,0.08660271570687471
5606,336.25,6.25,6.25,0.0,1,0.12020819777359867
5607,338.75,6.25,6.25,0.0,1,0.1214869888102441
5608,341.25,6.25,6.25,0.0,1,0.08156741143270801
5609,343.75,6.25,6.25,0.0,1,0.014241881171322787
5610,346.25,6.25,6.25,0.0,1,-0.0702893375504072
5611,348.75,6.25,6.25,0.0,1,-0.14854464073766085
5612,351.25,6.25,6.25,1.0,0,-0.14949663099755336
5613,353.75,6.25,6.25,1.0,0,-0.09008947988379298
5614,356.25,6.25,6.25,1.0,0,-0.0928390923922288
5615,358.75,6.25,6.25,1.0,0,-0.12179436122629314
5616,1.25,8.75,8.75,1.0,0,0.05810624114893826
5617,3.75,8.75,8.75,1.0,0,0.06445270125093087
5618,6.25,8.75,8.75,1.0,0,0.08359410910797244
5619,8.75,8.75,8.75,1.0,0,0.10495946149636685
5620,11.25,8.75,8.75,1.0,0,0.13052286564287777
5621,13.75,8.75,8.75,1.0,0,0.26358148533650183
5622,16.25,8.75,8.75,1.0,0,0.3382746349257634
5623,18.75,8.75,8.75,1.0,0,0.22076846463014524
5624,21.25,8.75,8.75,1.0,0,0.11833671066438162
5625,23.75,8.75,8.75,1.0,0,0.17352119725920323
5626,26.25,8.75,8.75,1.0,0,0.2399378875761029
5627,28.75,8.75,8.75,1.0,0,0.12548692126389085
5628,31.25,8.75,8.75,1.0,0,0.08181658384166203
5629,33.75,8.75,8.75,1.0,0,0.11063848018456232
5630,36.25,8.75,8.75,1.0,0,0.03894893256988165
5631,38.75,8.75,8.75,1.0,0,-0.03987938684364353
5632,41.25,8.75,8.75,1.0,0,0.0033354515252054452
5633,43.75,8.75,8.75,1.0,0,0.10259807209935805
5634,46.25,8.75,8.75,1.0,0,0.11980093118046994
5635,48.75,8.75,8.75,1.0,0,0.13248719242367474
5636,51.25,8.75,8.75,0.0,3,0.17066347880083307
5637,53.75,8.75,8.75,0.0,3,0.1815868557830599
5638,56.25,8.75,8.75,0.0,3,0.14457095913974816
5639,58.75,8.75,8.75,0.0,3,0.128678408418451
5640,61.25,8.75,8.75,0.0,3,0.15083911268790404
5641,63.75,8.75,8.75,0.0,3,0.16472766307730896
5642,66.25,8.75,8.75,0.0,3,0.17608248510283256
5643,68.75,8.75,8.75,0.0,3,0.18418218524464147
5644,71.25,8.75,8.75,0.0,3,0.18202608836308906
5645,73.75,8.75,8.75,0.0,3,0.22017925851274364
5646,76.25,8.75,8.75,0.0,3,0.2852755877076433
5647,78.75,8.75,8.75,0.0,3,0.3248240027575623
5648,81.25,8.75,8.75,0.0,3,0.3427549403022911
5649,83.75,8.75,8.75,0.0,3,0.33715481484543847
5650,86.25,8.75,8.75,0.0,3,0.3010798096814574
5651,88.75,8.75,8.75,0.0,3,0.2632592731017396
5652,91.25,8.75,8.75,0.0,3,0.22406686003192774
5653,93.75,8.75,8.75,0.0,3,0.16443175889456302
5654,96.25,8.75,8.75,0.0,3,0.10899807333052783
5655,98.75,8.75,8.75,1.0,0,0.10290772668524978
5656,101.25,8.75,8.75,0.0,3,0.16832260542399738
5657,103.75,8.75,8.75,0.0,3,0.2271993128150873
5658,106.25,8.75,8.75,0.0,3,0.2884348506753862
5659,108.75,8.75,8.75,0.0,3,0.36389213972581175
5660,111.25,8.75,8.75,0.0,3,0.4091672921454224
5661,113.75,8.75,8.75,0.0,3,0.42633140459288693
5662,116.25,8.75,8.75,0.0,3,0.4301576280376149
5663,118.75,8.75,8.75,0.0,3,0.4529537825466222
5664,121.25,8.75,8.75,0.0,2,0.47042789363811455
5665,123.75,8.75,8.75,0.0,0,0.4714627661860634
5666,126.25,8.75,8.75,1.0,0,0.4949884046546256
5667,128.75,8.75,8.75,0.0,2,0.5597223991906646
5668,131.25,8.75,8.75,0.0,2,0.6079233348385288
5669,133.75,8.75,8.75,0.0,2,0.6269891456660209
5670,136.25,8.75,8.75,0.0,2,0.6254170431430265
5671,138.75,8.75,8.75,0.0,2,0.6050651323174264
5672,141.25,8.75,8.75,0.0,2,0.6114347523292182
5673,143.75,8.75,8.75,0.0,2,0.6341218447408102
5674,146.25,8.75,8.75,0.0,2,0.6522360503081888
5675,148.75,8.75,8.75,0.0,2,0.6469433836299738
5676,151.25,8.75,8.75,0.0,2,0.6144993014176193
5677,153.75,8.75,8.75,0.0,2,0.5894500492299667
5678,156.25,8.75,8.75,0.0,2,0.5896557190118472
5679,158.75,8.75,8.75,0.0,2,0.5797913036517482
5680,161.25,8.75,8.75,0.0,2,0.5477328241018657
5681,163.75,8.75,8.75,0.0,2,0.5429817026152818
5682,166.25,8.75,8.75,0.0,2,0.5752655134598909
5683,168.75,8.75,8.75,0.0,2,0.604074168610805
5684,171.25,8.75,8.75,0.0,2,0.6184852313096402
5685,173.75,8.75,8.75,0.0,2,0.6232824234110038
5686,176.25,8.75,8.75,0.0,2,0.635069185532558
5687,178.75,8.75,8.75,0.0,2,0.6505392271191808
5688,181.25,8.75,8.75,0.0,2,0.6700745649404124
5689,183.75,8.75,8.75,0.0,2,0.6869975515211924
5690,186.25,8.75,8.75,0.0,2,0.6839570384339937
5691,188.75,8.75,8.75,0.0,2,0.6548483700651061
5692,191.25,8.75,8.75,0.0,2,0.5880619233368147
5693,193.75,8.75,8.75,0.0,2,0.5338146564269294
5694,196.25,8.75,8.75,0.0,2,0.516577948652592
5695,198.75,8.75,8.75,0.0,2,0.48340802428497226
5696,201.25,8.75,8.75,0.0,2,0.442955990103506
5697,203.75,8.75,8.75,0.0,2,0.440963326979249
5698,206.25,8.75,8.75,0.0,2,0.4902901901447551
5699,208.75,8.75,8.75,0.0,2,0.5787931361203498
5700,211.25,8.75,8.75,0.0,2,0.6738502545002343
5701,213.75,8.75,8.75,0.0,2,0.7582589286514381
5702,216.25,8.75,8.75,0.0,2,0.8386007528754654
5703,218.75,8.75,8.75,0.0,2,0.9147062536951194
5704,221.25,8.75,8.75,0.0,2,0.9873073724552257
5705,223.75,8.75,8.75,0.0,2,1.054591253328156
5706,226.25,8.75,8.75,0.0,2,1.0815902759431808
5707,228.75,8.75,8.75,0.0,2,1.075215918881268
5708,231.25,8.75,8.75,0.0,2,1.0504419457003389
5709,233.75,8.75,8.75,0.0,2,0.9925182650302661
5710,236.25,8.75,8.75,0.0,2,0.9023130070923173
5711,238.75,8.75,8.75,0.0,2,0.8125747262036656
5712,241.25,8.75,8.75,0.0,2,0.7329835692983229
5713,243.75,8.75,8.75,0.0,2,0.6251064684959918
5714,246.25,8.75,8.75,0.0,2,0.5078467946793347
5715,248.75,8.75,8.75,0.0,2,0.39800157853542956
5716,251.25,8.75,8.75,0.0,2,0.2824596651984826
5717,253.75,8.75,8.75,0.0,2,0.18093392620615634
5718,256.25,8.75,8.75,0.0,2,0.11526334610859401
5719,258.75,8.75,8.75,0.0,2,0.07224564065980375
5720,261.25,8.75,8.75,0.0,2,0.01434073160847921
5721,263.75,8.75,8.75,0.0,2,-0.04796271079683839
5722,266.25,8.75,8.75,0.0,2,-0.06570574603842333
5723,268.75,8.75,8.75,0.0,2,-0.03270480074177392
5724,271.25,8.75,8.75,0.0,2,-0.0292986145308011
5725,273.75,8.75,8.75,0.0,2,-0.16044082746678412
5726,276.25,8.75,8.75,0.0,2,-0.23778850503270454
5727,278.75,8.75,8.75,0.0,2,-0.1658758881089597
5728,281.25,8.75,8.75,0.0,0,-0.2077020119464945
5729,283.75,8.75,8.75,0.0,1,-0.2345137851340307
5730,286.25,8.75,8.75,1.0,0,-0.16163233274070998
5731,288.75,8.75,8.75,1.0,0,-0.13365209805191453
5732,291.25,8.75,8.75,1.0,0,-0.12403964691142814
5733,293.75,8.75,8.75,1.0,0,-0.12348427058754902
5734,296.25,8.75,8.75,1.0,0,-0.13689634042580517
5735,298.75,8.75,8.75,0.0,1,-0.1215073273917239
5736,301.25,8.75,8.75,0.0,1,-0.08401470166042144
5737,303.75,8.75,8.75,0.0,1,-0.05414979698904666
5738,306.25,8.75,8.75,0.0,1,0.012513398678990649
5739,308.75,8.75,8.75,0.0,1,0.09481287562958554
5740,311.25,8.75,8.75,0.0,1,0.16918890607608186
5741,313.75,8.75,8.75,0.0,1,0.2256094216168585
5742,316.25,8.75,8.75,0.0,1,0.26384412392175727
5743,318.75,8.75,8.75,0.0,1,0.2873955351917629
5744,321.25,8.75,8.75,0.0,1,0.2905523488319638
5745,323.75,8.75,8.75,0.0,1,0.2862543613782866
5746,326.25,8.75,8.75,0.0,1,0.2938380110372389
5747,328.75,8.75,8.75,0.0,1,0.30757780754225844
5748,331.25,8.75,8.75,0.0,1,0.3180269283860289
5749,333.75,8.75,8.75,0.0,1,0.33589496485916154
5750,336.25,8.75,8.75,0.0,1,0.37102737731347846
5751,338.75,8.75,8.75,0.0,1,0.40563179205231037
5752,341.25,8.75,8.75,0.0,1,0.40740600749151473
5753,343.75,8.75,8.75,0.0,1,0.34332446575989545
5754,346.25,8.75,8.75,0.0,1,0.20621796173726942
5755,348.75,8.75,8.75,1.0,0,0.1146985409307223
5756,351.25,8.75,8.75,1.0,0,0.1616930156681136
5757,353.75,8.75,8.75,1.0,0,0.198977979947318
5758,356.25,8.75,8.75,1.0,0,0.1524626973836216
5759,358.75,8.75,8.75,1.0,0,0.09036854091556049
5760,1.25,11.25,11.25,1.0,0,0.28037060584336054
5761,3.75,11.25,11.25,1.0,0,0.2686305334916431
5762,6.25,11.25,11.25,1.0,0,0.26333166756402293
5763,8.75,11.25,11.25,1.0,0,0.294270604732541
5764,11.25,11.25,11.25,1.0,0,0.3164786324472369
5765,13.75,11.25,11.25,1.0,0,0.35497274589992006
5766,16.25,11.25,11.25,1.0,0,0.3912128395723704
5767,18.75,11.25,11.25,1.0,0,0.35634911845950257
5768,21.25,11.25,11.25,1.0,0,0.3158089365027348
5769,23.75,11.25,11.25,1.0,0,0.36559487004062285
5770,26.25,11.25,11.25,1.0,0,0.41933013269301234
5771,28.75,11.25,11.25,1.0,0,0.37915121393306594
5772,31.25,11.25,11.25,1.0,0,0.4022709398473287
5773,33.75,11.25,11.25,1.0,0,0.44527179969604125
5774,36.25,11.25,11.25,1.0,0,0.3110701821051403
5775,38.75,11.25,11.25,1.0,0,0.18250654876428
5776,41.25,11.25,11.25,1.0,0,0.1702402488686609
5777,43.75,11.25,11.25,0.0,0,0.1391712219516596
5778,46.25,11.25,11.25,0.0,3,0.1021025842202042
5779,48.75,11.25,11.25,0.0,3,0.15903576642121273
5780,51.25,11.25,11.25,0.0,3,0.2196725718813427
5781,53.75,11.25,11.25,0.0,3,0.24932225404587766
5782,56.25,11.25,11.25,0.0,3,0.26819192055206403
5783,58.75,11.25,11.25,0.0,3,0.24674790591158874
5784,61.25,11.25,11.25,0.0,3,0.2156267085882623
5785,63.75,11.25,11.25,0.0,3,0.17555401982406232
5786,66.25,11.25,11.25,0.0,3,0.13210950833963986
5787,68.75,11.25,11.25,0.0,3,0.101282603637371
5788,71.25,11.25,11.25,0.0,3,0.06414549925288276
5789,73.75,11.25,11.25,0.0,3,0.08937904108613308
5790,76.25,11.25,11.25,1.0,0,0.14446688834069255
5791,78.75,11.25,11.25,1.0,0,0.2031285714741207
5792,81.25,11.25,11.25,0.0,3,0.2924609627117666
5793,83.75,11.25,11.25,0.0,3,0.3432295116422157
5794,86.25,11.25,11.25,0.0,3,0.34129389016000655
5795,88.75,11.25,11.25,0.0,3,0.32159922839148264
5796,91.25,11.25,11.25,0.0,3,0.30875493116608377
5797,93.75,11.25,11.25,0.0,3,0.29681483635849054
5798,96.25,11.25,11.25,0.0,3,0.26408814581535933
5799,98.75,11.25,11.25,1.0,0,0.19310939669215943
5800,101.25,11.25,11.25,0.0,3,0.13843530752341573
5801,103.75,11.25,11.25,0.0,0,0.12903573362451995
5802,106.25,11.25,11.25,1.0,0,0.181009336116018
5803,108.75,11.25,11.25,0.0,3,0.22430080863682517
5804,111.25,11.25,11.25,0.0,3,0.29620589668547553
5805,113.75,11.25,11.25,0.0,3,0.406814209787822
5806,116.25,11.25,11.25,0.0,3,0.4712921904207864
5807,118.75,11.25,11.25,0.0,3,0.5269950116858726
5808,121.25,11.25,11.25,0.0,2,0.618470819709685
5809,123.75,11.25,11.25,0.0,0,0.7264006979638715
5810,126.25,11.25,11.25,0.0,2,0.8497239954309622
5811,128.75,11.25,11.25,0.0,2,0.9042354017536551
5812,131.25,11.25,11.25,0.0,2,0.8996314627941238
5813,133.75,11.25,11.25,0.0,2,0.928824806699343
5814,136.25,11.25,11.25,0.0,2,0.922552862552573
5815,138.75,11.25,11.25,0.0,2,0.8728287106504538
5816,141.25,11.25,11.25,0.0,2,0.839430876790822
5817,143.75,11.25,11.25,0.0,2,0.8445070787432529
5818,146.25,11.25,11.25,0.0,2,0.8524720168826283
5819,148.75,11.25,11.25,0.0,2,0.8535236018437444
5820,151.25,11.25,11.25,0.0,2,0.8376680954962099
5821,153.75,11.25,11.25,0.0,2,0.8176781387333591
5822,156.25,11.25,11.25,0.0,2,0.8116171316712639
5823,158.75,11.25,11.25,0.0,2,0.7980018060887073
5824,161.25,11.25,11.25,0.0,2,0.779018716086426
5825,163.75,11.25,11.25,0.0,2,0.7884228075649322
5826,166.25,11.25,11.25,0.0,2,0.8323215839589699
5827,168.75,11.25,11.25,0.0,2,0.8717342707217027
5828,171.25,11.25,11.25,0.0,2,0.892129405437649
5829,173.75,11.25,11.25,0.0,2,0.9332337145680527
5830,176.25,11.25,11.25,0.0,2,0.995129647819756
5831,178.75,11.25,11.25,0.0,2,1.0558911484668385
5832,181.25,11.25,11.25,0.0,2,1.107122649183418
5833,183.75,11.25,11.25,0.0,2,1.131580581735761
5834,186.25,11.25,11.25,0.0,2,1.1126600424729536
5835,188.75,11.25,11.25,0.0,2,1.044503058077786
5836,191.25,11.25,11.25,0.0,2,0.9279082413960613
5837,193.75,11.25,11.25,0.0,2,0.8013601945422624
5838,196.25,11.25,11.25,0.0,2,0.6913009051978157
5839,198.75,11.25,11.25,0.0,2,0.5686850654258694
5840,201.25,11.25,11.25,0.0,2,0.4539735449285435
5841,203.75,11.25,11.25,0.0,2,0.38670273619034035
5842,206.25,11.25,11.25,0.0,2,0.34882383529693817
5843,208.75,11.25,11.25,0.0,2,0.31279718744261015
5844,211.25,11.25,11.25,0.0,2,0.28979223624504175
5845,213.75,11.25,11.25,0.0,2,0.2907337355916388
5846,216.25,11.25,11.25,0.0,2,0.33151391174605643
5847,218.75,11.25,11.25,0.0,2,0.40885767529452
5848,221.25,11.25,11.25,0.0,2,0.4885745145883504
5849,223.75,11.25,11.25,0.0,2,0.5418082741579332
5850,226.25,11.25,11.25,0.0,2,0.5575217535495555
5851,228.75,11.25,11.25,0.0,2,0.5819445460930324
5852,231.25,11.25,11.25,0.0,2,0.6212917270950409
5853,233.75,11.25,11.25,0.0,2,0.6309498363857164
5854,236.25,11.25,11.25,0.0,2,0.5996031075705587
5855,238.75,11.25,11.25,0.0,2,0.5539647663498444
5856,241.25,11.25,11.25,0.0,2,0.5102625623673418
5857,243.75,11.25,11.25,0.0,2,0.437548366816948
5858,246.25,11.25,11.25,0.0,2,0.362293789159533
5859,248.75,11.25,11.25,0.0,2,0.31868397587370584
5860,251.25,11.25,11.25,0.0,2,0.28149385119549886
5861,253.75,11.25,11.25,0.0,2,0.23730954339745017
5862,256.25,11.25,11.25,0.0,2,0.15954257824367044
5863,258.75,11.25,11.25,0.0,2,0.014407088949487962
5864,261.25,11.25,11.25,0.0,2,-0.16900654439301377
5865,263.75,11.25,11.25,0.0,2,-0.2559667843602295
5866,266.25,11.25,11.25,0.0,2,-0.16200988099031416
5867,268.75,11.25,11.25,0.0,2,-0.09732918503108401
5868,271.25,11.25,11.25,0.0,2,-0.11995338591004254
5869,273.75,11.25,11.25,0.0,2,-0.13549901733711883
5870,276.25,11.25,11.25,0.0,2,-0.11082488966635506
5871,278.75,11.25,11.25,0.0,2,-0.05110225942675125
5872,281.25,11.25,11.25,0.0,1,-0.033035555848112165
5873,283.75,11.25,11.25,0.0,1,-0.016656238206945333
5874,286.25,11.25,11.25,0.0,1,0.0349936904749746
5875,288.75,11.25,11.25,0.0,0,0.08761626603724827
5876,291.25,11.25,11.25,0.0,0,0.10531584091582241
5877,293.75,11.25,11.25,0.0,1,0.0404789129829445
5878,296.25,11.25,11.25,0.0,1,0.009364381480397038
5879,298.75,11.25,11.25,0.0,1,0.034441743015340684
5880,301.25,11.25,11.25,0.0,1,0.026592029036377956
5881,303.75,11.25,11.25,0.0,1,0.03545286077914344
5882,306.25,11.25,11.25,0.0,1,0.051880135014767674
5883,308.75,11.25,11.25,0.0,1,0.06234639933687399
5884,311.25,11.25,11.25,0.0,1,0.07514086712322868
5885,313.75,11.25,11.25,0.0,1,0.08599454694859344
5886,316.25,11.25,11.25,0.0,1,0.08689503867000914
5887,318.75,11.25,11.25,0.0,1,0.08187815454537226
5888,321.25,11.25,11.25,0.0,1,0.07417341149386077
5889,323.75,11.25,11.25,0.0,1,0.06889629986261551
5890,326.25,11.25,11.25,0.0,1,0.06811209101744008
5891,328.75,11.25,11.25,0.0,1,0.0665915022404574
5892,331.25,11.25,11.25,0.0,1,0.06979026981632995
5893,333.75,11.25,11.25,0.0,1,0.08450657671447974
5894,336.25,11.25,11.25,0.0,1,0.10752991395115996
5895,338.75,11.25,11.25,0.0,1,0.13172983197392138
5896,341.25,11.25,11.25,0.0,1,0.15853025469183163
5897,343.75,11.25,11.25,0.0,1,0.13035078264817196
5898,346.25,11.25,11.25,1.0,0,0.10772973086410312
5899,348.75,11.25,11.25,1.0,0,0.1462942708978524
5900,351.25,11.25,11.25,1.0,0,0.2296057509721069
5901,353.75,11.25,11.25,1.0,0,0.29710795893192166
5902,356.25,11.25,11.25,1.0,0,0.29439962675738907
5903,358.75,11.25,11.25,1.0,0,0.27944992014425574
5904,1.25,13.75,13.75,1.0,0,-0.05689058101746195
5905,3.75,13.75,13.75,1.0,0,-0.05017739031134725
5906,6.25,13.75,13.75,1.0,0,-0.046746850983845276
5907,8.75,13.75,13.75,1.0,0,-0.04420962452730559
5908,11.25,13.75,13.75,1.0,0,-0.040562745081182454
5909,13.75,13.75,13.75,1.0,0,-0.01872425041163375
5910,16.25,13.75,13.75,1.0,0,-0.005433115601870751
5911,18.75,13.75,13.75,1.0,0,-0.0483716375933023
5912,21.25,13.75,13.75,1.0,0,-0.08719497561030007
5913,23.75,13.75,13.75,1.0,0,-0.09000629909213166
5914,26.25,13.75,13.75,1.0,0,-0.07146729382517043
5915,28.75,13.75,13.75,1.0,0,-0.09492395262590755
5916,31.25,13.75,13.75,1.0,0,-0.1700172715993487
5917,33.75,13.75,13.75,1.0,0,-0.22798857193279337
5918,36.25,13.75,13.75,1.0,0,-0.20265500222847851
5919,38.75,13.75,13.75,1.0,0,-0.10853998138248894
5920,41.25,13.75,13.75,0.0,0,-0.03733559997502725
5921,43.75,13.75,13.75,1.0,0,0.016322439112666752
5922,46.25,13.75,13.75,0.0,3,0.05795542830529103
5923,48.75,13.75,13.75,0.0,3,0.05024286884108679
5924,51.25,13.75,13.75,0.0,3,0.024969400734154136
5925,53.75,13.75,13.75,0.0,3,0.02787419979340516
5926,56.25,13.75,13.75,0.0,3,0.007813926681497378
5927,58.75,13.75,13.75,0.0,3,-0.03221726827157263
5928,61.25,13.75,13.75,0.0,3,-0.04883622596386078
5929,63.75,13.75,13.75,0.0,3,-0.01936280861652589
5930,66.25,13.75,13.75,0.0,3,0.050003256234516784
5931,68.75,13.75,13.75,0.0,3,0.146429096900468
5932,71.25,13.75,13.75,0.0,3,0.30159891964740754
5933,73.75,13.75,13.75,0.0,3,0.24967826858598505
5934,76.25,13.75,13.75,1.0,0,0.06303750183029752
5935,78.75,13.75,13.75,1.0,0,0.08258613983663522
5936,81.25,13.75,13.75,0.0,3,0.17920182646095423
5937,83.75,13.75,13.75,0.0,3,0.24983145360590123
5938,86.25,13.75,13.75,0.0,3,0.2681757110007159
5939,88.75,13.75,13.75,0.0,3,0.2690103608186902
5940,91.25,13.75,13.75,0.0,3,0.2670935626933381
5941,93.75,13.75,13.75,0.0,3,0.2439066604485832
5942,96.25,13.75,13.75,0.0,3,0.22222136977064316
5943,98.75,13.75,13.75,1.0,0,0.15537352906116225
5944,101.25,13.75,13.75,1.0,0,0.037168544369251245
5945,103.75,13.75,13.75,1.0,0,-0.01194540179577645
5946,106.25,13.75,13.75,1.0,0,0.0384552404345566
5947,108.75,13.75,13.75,1.0,0,0.1553022972758972
5948,111.25,13.75,13.75,0.0,3,0.24415606980962853
5949,113.75,13.75,13.75,0.0,3,0.24388518748254562
5950,116.25,13.75,13.75,0.0,3,0.21838637792733198
5951,118.75,13.75,13.75,0.0,3,0.21714130269109205
5952,121.25,13.75,13.75,0.0,0,0.281907010509849
5953,123.75,13.75,13.75,0.0,2,0.32199887519366344
5954,126.25,13.75,13.75,0.0,2,0.2825053008940622
5955,128.75,13.75,13.75,0.0,2,0.2770847994275615
5956,131.25,13.75,13.75,0.0,2,0.29324813100886654
5957,133.75,13.75,13.75,0.0,2,0.2805704308885843
5958,136.25,13.75,13.75,0.0,2,0.23809157591840827
5959,138.75,13.75,13.75,0.0,2,0.18289488118982522
5960,141.25,13.75,13.75,0.0,2,0.14057537420386562
5961,143.75,13.75,13.75,0.0,2,0.12717150195606391
5962,146.25,13.75,13.75,0.0,2,0.13800979673754996
5963,148.75,13.75,13.75,0.0,2,0.15870843290532444
5964,151.25,13.75,13.75,0.0,2,0.17518199532603587
5965,153.75,13.75,13.75,0.0,2,0.19342363296811793
5966,156.25,13.75,13.75,0.0,2,0.20679649058406732
5967,158.75,13.75,13.75,0.0,2,0.21103415964168798
5968,161.25,13.75,13.75,0.0,2,0.23418983915260458
5969,163.75,13.75,13.75,0.0,2,0.27890058061921696
5970,166.25,13.75,13.75,0.0,2,0.33271460788724067
5971,168.75,13.75,13.75,0.0,2,0.384279491816949
5972,171.25,13.75,13.75,0.0,2,0.4232922204233223
5973,173.75,13.75,13.75,0.0,2,0.45388767372767214
5974,176.25,13.75,13.75,0.0,2,0.5012925361292231
5975,178.75,13.75,13.75,0.0,2,0.5549757968435899
5976,181.25,13.75,13.75,0.0,2,0.5880605387180778
5977,183.75,13.75,13.75,0.0,2,0.611642709704857
5978,186.25,13.75,13.75,0.0,2,0.6215139902077779
5979,188.75,13.75,13.75,0.0,2,0.5848566030487585
5980,191.25,13.75,13.75,0.0,2,0.4821798154250225
5981,193.75,13.75,13.75,0.0,2,0.36480594752307405
5982,196.25,13.75,13.75,0.0,2,0.2591357279100826
5983,198.75,13.75,13.75,0.0,2,0.13950548588127462
5984,201.25,13.75,13.75,0.0,2,0.03237179100166946
5985,203.75,13.75,13.75,0.0,2,-0.029740037093344704
5986,206.25,13.75,13.75,0.0,2,-0.06611568612410641
5987,208.75,13.75,13.75,0.0,2,-0.09212339425769865
5988,211.25,13.75,13.75,0.0,2,-0.11500210646875549
5989,213.75,13.75,13.75,0.0,2,-0.12968528881112967
5990,216.25,13.75,13.75,0.0,2,-0.10449173520987824
5991,218.75,13.75,13.75,0.0,2,-0.062044359847074675
5992,221.25,13.75,13.75,0.0,2,-0.026048980363829563
5993,223.75,13.75,13.75,0.0,2,0.0011514738484688825
5994,226.25,13.75,13.75,0.0,2,0.016437317660706136
5995,228.75,13.75,13.75,0.0,2,0.038022475080969516
5996,231.25,13.75,13.75,0.0,2,0.03410061583285338
5997,233.75,13.75,13.75,0.0,2,-4.9118824304570334e-05
5998,236.25,13.75,13.75,0.0,2,-0.032944230443833225
5999,238.75,13.75,13.75,0.0,2,-0.05024345320242823
6000,241.25,13.75,13.75,0.0,2,-0.043227149550682964
6001,243.75,13.75,13.75,0.0,2,-0.0333784274055707
6002,246.25,13.75,13.75,0.0,2,-0.008015870299539653
6003,248.75,13.75,13.75,0.0,2,0.058853510670748385
6004,251.25,13.75,13.75,0.0,2,0.15340251547350064
6005,253.75,13.75,13.75,0.0,2,0.2671821169823165
6006,256.25,13.75,13.75,0.0,2,0.3407169213625822
6007,258.75,13.75,13.75,0.0,2,0.25285473175435974
6008,261.25,13.75,13.75,0.0,2,2.459004814481394e-05
6009,263.75,13.75,13.75,0.0,2,-0.21170957610617294
6010,266.25,13.75,13.75,0.0,2,-0.21983409402218246
6011,268.75,13.75,13.75,0.0,2,-0.12292748642979268
6012,271.25,13.75,13.75,1.0,0,-0.04297839250447649
6013,273.75,13.75,13.75,1.0,0,-0.04149917435993126
6014,276.25,13.75,13.75,0.0,0,-0.08185967003490231
6015,278.75,13.75,13.75,0.0,2,-0.06714345515705175
6016,281.25,13.75,13.75,0.0,1,-0.039860343357564984
6017,283.75,13.75,13.75,0.0,1,-0.029039458469902128
6018,286.25,13.75,13.75,0.0,1,-0.025491885078335996
6019,288.75,13.75,13.75,0.0,1,-0.03372088219940525
6020,291.25,13.75,13.75,0.0,1,-0.05096526773438636
6021,293.75,13.75,13.75,0.0,1,-0.06329568404486026
6022,296.25,13.75,13.75,0.0,1,-0.06397127192546503
6023,298.75,13.75,13.75,0.0,1,-0.060888340987523194
6024,301.25,13.75,13.75,0.0,1,-0.05164503898317002
6025,303.75,13.75,13.75,0.0,1,-0.039609488144775204
6026,306.25,13.75,13.75,0.0,1,-0.030532129052593733
6027,308.75,13.75,13.75,0.0,1,-0.025411326679110738
6028,311.25,13.75,13.75,0.0,1,-0.02103738709147338
6029,313.75,13.75,13.75,0.0,1,-0.01694222817390951
6030,316.25,13.75,13.75,0.0,1,-0.016499786754747534
6031,318.75,13.75,13.75,0.0,1,-0.017713586767417907
6032,321.25,13.75,13.75,0.0,1,-0.01567409163488208
6033,323.75,13.75,13.75,0.0,1,-0.010251595526680998
6034,326.25,13.75,13.75,0.0,1,-0.004178989073052932
6035,328.75,13.75,13.75,0.0,1,-0.003901748506904615
6036,331.25,13.75,13.75,0.0,1,-0.008523527140800687
6037,333.75,13.75,13.75,0.0,1,-0.012339303470981286
6038,336.25,13.75,13.75,0.0,1,-0.011642659686321074
6039,338.75,13.75,13.75,0.0,1,-0.006786520891578295
6040,341.25,13.75,13.75,0.0,1,-0.008351519226199807
6041,343.75,13.75,13.75,1.0,0,-0.04064431126117632
6042,346.25,13.75,13.75,1.0,0,-0.10981328764918616
6043,348.75,13.75,13.75,1.0,0,-0.17390670404783662
6044,351.25,13.75,13.75,1.0,0,-0.178114284351779
6045,353.75,13.75,13.75,1.0,0,-0.1361217700054345
6046,356.25,13.75,13.75,1.0,0,-0.1032373186166094
6047,358.75,13.75,13.75,1.0,0,-0.0788190476811842
6048,1.25,16.25,16.25,1.0,0,0.05789976974152313
6049,3.75,16.25,16.25,1.0,0,0.06370203687765105
6050,6.25,16.25,16.25,1.0,0,0.06702302516722147
6051,8.75,16.25,16.25,1.0,0,0.053432407264530676
6052,11.25,16.25,16.25,1.0,0,0.037299054785503584
6053,13.75,16.25,16.25,1.0,0,0.03276705133917137
6054,16.25,16.25,16.25,1.0,0,0.03630008696639164
6055,18.75,16.25,16.25,1.0,0,0.03884335469621011
6056,21.25,16.25,16.25,1.0,0,0.040220467097265976
6057,23.75,16.25,16.25,1.0,0,0.030882192125827025
6058,26.25,16.25,16.25,1.0,0,0.016017141418187865
6059,28.75,16.25,16.25,1.0,0,0.010664294398567281
6060,31.25,16.25,16.25,1.0,0,0.008125288056849046
6061,33.75,16.25,16.25,1.0,0,0.015593779238660975
6062,36.25,16.25,16.25,1.0,0,0.02477471269874874
6063,38.75,16.25,16.25,0.0,0,0.014922502648000173
6064,41.25,16.25,16.25,0.0,0,0.04833714141995713
6065,43.75,16.25,16.25,1.0,0,0.1237604623285136
6066,46.25,16.25,16.25,1.0,0,0.16123801447612127
6067,48.75,16.25,16.25,1.0,0,0.14910985453003944
6068,51.25,16.25,16.25,1.0,0,0.09755851387745258
6069,53.75,16.25,16.25,0.0,3,0.05004479837844642
6070,56.25,16.25,16.25,0.0,3,0.043768855212734534
6071,58.75,16.25,16.25,0.0,3,0.06494352468021895
6072,61.25,16.25,16.25,0.0,3,0.11754788998218735
6073,63.75,16.25,16.25,0.0,3,0.21855887340621877
6074,66.25,16.25,16.25,0.0,3,0.3374259285734631
6075,68.75,16.25,16.25,0.0,3,0.4567762747503122
6076,71.25,16.25,16.25,0.0,3,0.5884369812393493
6077,73.75,16.25,16.25,1.0,0,0.43981424557641574
6078,76.25,16.25,16.25,1.0,0,0.15676131016195158
6079,78.75,16.25,16.25,1.0,0,0.11818491945036576
6080,81.25,16.25,16.25,0.0,3,0.18096359532447157
6081,83.75,16.25,16.25,0.0,3,0.26244441980094535
6082,86.25,16.25,16.25,0.0,3,0.3204536170689526
6083,88.75,16.25,16.25,0.0,3,0.3395781162477898
6084,91.25,16.25,16.25,0.0,3,0.3344763085565917
6085,93.75,16.25,16.25,0.0,3,0.30121179486438054
6086,96.25,16.25,16.25,0.0,3,0.2854635116393967
6087,98.75,16.25,16.25,1.0,0,0.2275471965349633
6088,101.25,16.25,16.25,1.0,0,0.1488811052388019
6089,103.75,16.25,16.25,1.0,0,0.15538260702913273
6090,106.25,16.25,16.25,1.0,0,0.21634027362487507
6091,108.75,16.25,16.25,0.0,3,0.29116553309049337
6092,111.25,16.25,16.25,0.0,3,0.3240088470363621
6093,113.75,16.25,16.25,0.0,3,0.3246197313765031
6094,116.25,16.25,16.25,0.0,3,0.3375824975420563
6095,118.75,16.25,16.25,0.0,3,0.3620416548121806
6096,121.25,16.25,16.25,1.0,0,0.40172313581969765
6097,123.75,16.25,16.25,0.0,2,0.45701087796979634
6098,126.25,16.25,16.25,0.0,2,0.48273998674902235
6099,128.75,16.25,16.25,0.0,2,0.47284017151414504
6100,131.25,16.25,16.25,0.0,2,0.4479803489681235
6101,133.75,16.25,16.25,0.0,2,0.4117237962998026
6102,136.25,16.25,16.25,0.0,2,0.40220278889709843
6103,138.75,16.25,16.25,0.0,2,0.3951206849135906
6104,141.25,16.25,16.25,0.0,2,0.36149587915457515
6105,143.75,16.25,16.25,0.0,2,0.33211176261492703
6106,146.25,16.25,16.25,0.0,2,0.323749886493013
6107,148.75,16.25,16.25,0.0,2,0.3264209490294939
6108,151.25,16.25,16.25,0.0,2,0.33533167656827634
6109,153.75,16.25,16.25,0.0,2,0.3468105774970427
6110,156.25,16.25,16.25,0.0,2,0.339901418198205
6111,158.75,16.25,16.25,0.0,2,0.3162779397426236
6112,161.25,16.25,16.25,0.0,2,0.3213168757240648
6113,163.75,16.25,16.25,0.0,2,0.36115647515938826
6114,166.25,16.25,16.25,0.0,2,0.3866615114453143
6115,168.75,16.25,16.25,0.0,2,0.41414691895447947
6116,171.25,16.25,16.25,0.0,2,0.4644034593105779
6117,173.75,16.25,16.25,0.0,2,0.5000133747411156
6118,176.25,16.25,16.25,0.0,2,0.5173767196986592
6119,178.75,16.25,16.25,0.0,2,0.5216224085148053
6120,181.25,16.25,16.25,0.0,2,0.5158840444025485
6121,183.75,16.25,16.25,0.0,2,0.5138112879240727
6122,186.25,16.25,16.25,0.0,2,0.5154635663814537
6123,188.75,16.25,16.25,0.0,2,0.49361581385756903
6124,191.25,16.25,16.25,0.0,2,0.4314429032775878
6125,193.75,16.25,16.25,0.0,2,0.3604117490790766
6126,196.25,16.25,16.25,0.0,2,0.29316874712255575
6127,198.75,16.25,16.25,0.0,2,0.21358556602926784
6128,201.25,16.25,16.25,0.0,2,0.12392380734574869
6129,203.75,16.25,16.25,0.0,2,0.02943998252769626
6130,206.25,16.25,16.25,0.0,2,-0.04106084796595935
6131,208.75,16.25,16.25,0.0,2,-0.07290327339851055
6132,211.25,16.25,16.25,0.0,2,-0.09881927345724201
6133,213.75,16.25,16.25,0.0,2,-0.12851843462056253
6134,216.25,16.25,16.25,0.0,2,-0.12723952699336305
6135,218.75,16.25,16.25,0.0,2,-0.12448967423683172
6136,221.25,16.25,16.25,0.0,2,-0.1560845615181991
6137,223.75,16.25,16.25,0.0,2,-0.18340553351306885
6138,226.25,16.25,16.25,0.0,2,-0.1839898945119287
6139,228.75,16.25,16.25,0.0,2,-0.16098602872302314
6140,231.25,16.25,16.25,0.0,2,-0.14746584993680723
6141,233.75,16.25,16.25,0.0,2,-0.17728676524602205
6142,236.25,16.25,16.25,0.0,2,-0.2179943310907079
6143,238.75,16.25,16.25,0.0,2,-0.21779117736801906
6144,241.25,16.25,16.25,0.0,2,-0.17960475466835882
6145,243.75,16.25,16.25,0.0,2,-0.11708010693924073
6146,246.25,16.25,16.25,0.0,2,-0.06181784778161969
6147,248.75,16.25,16.25,0.0,2,-0.022226381801407624
6148,251.25,16.25,16.25,0.0,2,0.02599884967889728
6149,253.75,16.25,16.25,0.0,2,0.09308623114746
6150,256.25,16.25,16.25,0.0,2,0.14848563507839396
6151,258.75,16.25,16.25,0.0,2,0.11842486080879289
6152,261.25,16.25,16.25,0.0,2,-0.022916911095382162
6153,263.75,16.25,16.25,1.0,0,-0.14046532474383772
6154,266.25,16.25,16.25,0.0,2,-0.11850684952993089
6155,268.75,16.25,16.25,1.0,0,-0.05148526201904564
6156,271.25,16.25,16.25,1.0,0,-0.04535586278975056
6157,273.75,16.25,16.25,0.0,2,-0.09052542313245339
6158,276.25,16.25,16.25,0.0,2,-0.11957755957354178
6159,278.75,16.25,16.25,0.0,2,-0.10598795235719687
6160,281.25,16.25,16.25,0.0,1,-0.08614700423211852
6161,283.75,16.25,16.25,0.0,1,-0.06462860427737159
6162,286.25,16.25,16.25,0.0,1,-0.04909475557839311
6163,288.75,16.25,16.25,0.0,1,-0.044905597469485664
6164,291.25,16.25,16.25,0.0,1,-0.04932512632247611
6165,293.75,16.25,16.25,0.0,1,-0.05342343909182882
6166,296.25,16.25,16.25,0.0,1,-0.0526451939023926
6167,298.75,16.25,16.25,0.0,1,-0.04940590315396175
6168,301.25,16.25,16.25,0.0,1,-0.04184023332350999
6169,303.75,16.25,16.25,0.0,1,-0.03253405842593927
6170,306.25,16.25,16.25,0.0,1,-0.02559005199565123
6171,308.75,16.25,16.25,0.0,1,-0.019984811360886597
6172,311.25,16.25,16.25,0.0,1,-0.014423585556566594
6173,313.75,16.25,16.25,0.0,1,-0.007994083443101978
6174,316.25,16.25,16.25,0.0,1,-0.0008749224577659827
6175,318.75,16.25,16.25,0.0,1,0.0023173314653084608
6176,321.25,16.25,16.25,0.0,1,0.0006128144962583497
6177,323.75,16.25,16.25,0.0,1,-0.0013114106272933395
6178,326.25,16.25,16.25,0.0,1,-0.000706480632720761
6179,328.75,16.25,16.25,0.0,1,0.0004336646658038373
6180,331.25,16.25,16.25,0.0,1,-0.0011441480070579226
6181,333.75,16.25,16.25,0.0,1,-0.002420921245663195
6182,336.25,16.25,16.25,0.0,1,0.0017402454272011896
6183,338.75,16.25,16.25,0.0,1,0.008280336972293587
6184,341.25,16.25,16.25,0.0,1,0.012436067933661123
6185,343.75,16.25,16.25,1.0,0,0.0054531045611573015
6186,346.25,16.25,16.25,1.0,0,-0.005013758521896757
6187,348.75,16.25,16.25,1.0,0,-0.0036585976210761068
6188,351.25,16.25,16.25,1.0,0,0.0036071851255175488
6189,353.75,16.25,16.25,1.0,0,0.014178428497570414
6190,356.25,16.25,16.25,1.0,0,0.03131203087333751
6191,358.75,16.25,16.25,1.0,0,0.04993960353221785
6192,1.25,18.75,18.75,1.0,0,0.029278905355975115
6193,3.75,18.75,18.75,1.0,0,0.03518985497372197
6194,6.25,18.75,18.75,1.0,0,0.039548913996663
6195,8.75,18.75,18.75,1.0,0,0.02949866715235804
6196,11.25,18.75,18.75,1.0,0,0.01732084605958435
6197,13.75,18.75,18.75,1.0,0,0.015273233983138212
6198,16.25,18.75,18.75,1.0,0,0.01711451955637017
6199,18.75,18.75,18.75,1.0,0,0.016181698384007643
6200,21.25,18.75,18.75,1.0,0,0.013633652195046244
6201,23.75,18.75,18.75,1.0,0,0.010903594669601958
6202,26.25,18.75,18.75,1.0,0,0.00903353219831238
6203,28.75,18.75,18.75,1.0,0,0.011282279379086529
6204,31.25,18.75,18.75,1.0,0,0.016134934482583928
6205,33.75,18.75,18.75,1.0,0,0.02745847815350447
6206,36.25,18.75,18.75,1.0,0,0.04388750835176879
6207,38.75,18.75,18.75,0.0,0,0.04502829091154292
6208,41.25,18.75,18.75,0.0,0,0.08876571381396868
6209,43.75,18.75,18.75,1.0,0,0.13622072197391416
6210,46.25,18.75,18.75,1.0,0,0.11084778997018835
6211,48.75,18.75,18.75,1.0,0,0.08539312323519466
6212,51.25,18.75,18.75,1.0,0,0.0822718466282488
6213,53.75,18.75,18.75,1.0,0,0.07161506830887612
6214,56.25,18.75,18.75,1.0,0,0.045756816858300076
6215,58.75,18.75,18.75,0.0,3,0.060329745711753965
6216,61.25,18.75,18.75,0.0,3,0.13465701737077926
6217,63.75,18.75,18.75,0.0,3,0.26714674311388065
6218,66.25,18.75,18.75,0.0,3,0.43475917697218663
6219,68.75,18.75,18.75,0.0,3,0.566867938425929
6220,71.25,18.75,18.75,0.0,3,0.6917891175726927
6221,73.75,18.75,18.75,1.0,0,0.5179182776505845
6222,76.25,18.75,18.75,1.0,0,0.2286568558665415
6223,78.75,18.75,18.75,1.0,0,0.16195440141361298
6224,81.25,18.75,18.75,1.0,0,0.16369309477575386
6225,83.75,18.75,18.75,0.0,3,0.1893674168587745
6226,86.25,18.75,18.75,0.0,3,0.2650518731361413
6227,88.75,18.75,18.75,0.0,3,0.3608938897776276
6228,91.25,18.75,18.75,0.0,3,0.39668020989791863
6229,93.75,18.75,18.75,0.0,3,0.37360307875836996
6230,96.25,18.75,18.75,1.0,0,0.30207296884666196
6231,98.75,18.75,18.75,1.0,0,0.20916105215616554
6232,101.25,18.75,18.75,1.0,0,0.11278244813225011
6233,103.75,18.75,18.75,1.0,0,0.1316095291322675
6234,106.25,18.75,18.75,0.0,0,0.2661693097215666
6235,108.75,18.75,18.75,0.0,0,0.3445907217516285
6236,111.25,18.75,18.75,0.0,3,0.4204717478171176
6237,113.75,18.75,18.75,0.0,3,0.4406605195979769
6238,116.25,18.75,18.75,0.0,3,0.37065253873675547
6239,118.75,18.75,18.75,0.0,3,0.3343562927601151
6240,121.25,18.75,18.75,0.0,2,0.34877979329492764
6241,123.75,18.75,18.75,0.0,2,0.3938169029970645
6242,126.25,18.75,18.75,0.0,2,0.4036050797156105
6243,128.75,18.75,18.75,0.0,2,0.390059989660786
6244,131.25,18.75,18.75,0.0,2,0.36609647674037643
6245,133.75,18.75,18.75,0.0,2,0.34206796297068
6246,136.25,18.75,18.75,0.0,2,0.3586806697446874
6247,138.75,18.75,18.75,0.0,2,0.3871359264458427
6248,141.25,18.75,18.75,0.0,2,0.38966025851148733
6249,143.75,18.75,18.75,0.0,2,0.3720368143195657
6250,146.25,18.75,18.75,0.0,2,0.35750920719576923
6251,148.75,18.75,18.75,0.0,2,0.33914339774762764
6252,151.25,18.75,18.75,0.0,2,0.3045700604979977
6253,153.75,18.75,18.75,0.0,2,0.27486068438889355
6254,156.25,18.75,18.75,0.0,2,0.27308742636204136
6255,158.75,18.75,18.75,0.0,2,0.2827726012782174
6256,161.25,18.75,18.75,0.0,2,0.29065605259759564
6257,163.75,18.75,18.75,0.0,2,0.29730608504851563
6258,166.25,18.75,18.75,0.0,2,0.30010164405984635
6259,168.75,18.75,18.75,0.0,2,0.3109454048001878
6260,171.25,18.75,18.75,0.0,2,0.33259682867909945
6261,173.75,18.75,18.75,0.0,2,0.346224717585277
6262,176.25,18.75,18.75,0.0,2,0.3375824990235148
6263,178.75,18.75,18.75,0.0,2,0.31707316070375513
6264,181.25,18.75,18.75,0.0,2,0.3028491392847337
6265,183.75,18.75,18.75,0.0,2,0.2918434892005147
6266,186.25,18.75,18.75,0.0,2,0.2798902440421432
6267,188.75,18.75,18.75,0.0,2,0.26805071571151906
6268,191.25,18.75,18.75,0.0,2,0.2608918145724413
6269,193.75,18.75,18.75,0.0,2,0.25370952270393216
6270,196.25,18.75,18.75,0.0,2,0.2367082955224888
6271,198.75,18.75,18.75,0.0,2,0.21616435782517307
6272,201.25,18.75,18.75,0.0,2,0.17634599122007902
6273,203.75,18.75,18.75,0.0,2,0.10465350553232775
6274,206.25,18.75,18.75,0.0,2,0.027686639285051013
6275,208.75,18.75,18.75,0.0,2,0.00475723003598368
6276,211.25,18.75,18.75,0.0,2,0.010434578055347098
6277,213.75,18.75,18.75,0.0,2,-0.0040572829914499176
6278,216.25,18.75,18.75,0.0,2,-0.012786382446296794
6279,218.75,18.75,18.75,0.0,2,-0.028749797200621124
6280,221.25,18.75,18.75,0.0,2,-0.0745015229174604
6281,223.75,18.75,18.75,0.0,2,-0.12682095583932412
6282,226.25,18.75,18.75,0.0,2,-0.1517444994552471
6283,228.75,18.75,18.75,0.0,2,-0.14686429619911107
6284,231.25,18.75,18.75,0.0,2,-0.12404516260482533
6285,233.75,18.75,18.75,0.0,2,-0.11012871105159516
6286,236.25,18.75,18.75,0.0,2,-0.128809451295072
6287,238.75,18.75,18.75,0.0,2,-0.15561520984958105
6288,241.25,18.75,18.75,0.0,2,-0.15806034289490717
6289,243.75,18.75,18.75,0.0,2,-0.14292861199226484
6290,246.25,18.75,18.75,0.0,2,-0.13013718773920357
6291,248.75,18.75,18.75,0.0,2,-0.11787233743816072
6292,251.25,18.75,18.75,0.0,2,-0.1061231672524328
6293,253.75,18.75,18.75,0.0,2,-0.06741897834141594
6294,256.25,18.75,18.75,0.0,2,0.0473663486039908
6295,258.75,18.75,18.75,1.0,0,0.017179692281045444
6296,261.25,18.75,18.75,1.0,0,-0.37651084395027135
6297,263.75,18.75,18.75,0.0,0,-0.4022456986251414
6298,266.25,18.75,18.75,0.0,2,-0.12124504598973096
6299,268.75,18.75,18.75,0.0,2,-0.040601152519900804
6300,271.25,18.75,18.75,1.0,0,-0.0038968485682254832
6301,273.75,18.75,18.75,0.0,2,-0.01883082372037156
6302,276.25,18.75,18.75,0.0,2,-0.047665605034738774
6303,278.75,18.75,18.75,0.0,2,-0.08992443391113694
6304,281.25,18.75,18.75,0.0,1,-0.11307021220777289
6305,283.75,18.75,18.75,0.0,1,-0.1039358249367979
6306,286.25,18.75,18.75,0.0,1,-0.0708431156594601
6307,288.75,18.75,18.75,0.0,0,-0.037980979258250246
6308,291.25,18.75,18.75,0.0,1,-0.041928851267606634
6309,293.75,18.75,18.75,0.0,1,-0.04365553091048814
6310,296.25,18.75,18.75,0.0,1,-0.03719621911004287
6311,298.75,18.75,18.75,0.0,1,-0.0410669656109149
6312,301.25,18.75,18.75,0.0,1,-0.04279226153729193
6313,303.75,18.75,18.75,0.0,1,-0.044321161450190355
6314,306.25,18.75,18.75,0.0,1,-0.04419425490774492
6315,308.75,18.75,18.75,0.0,1,-0.04001237689816264
6316,311.25,18.75,18.75,0.0,1,-0.03366321807315501
6317,313.75,18.75,18.75,0.0,1,-0.027042519670929906
6318,316.25,18.75,18.75,0.0,1,-0.017497767089429555
6319,318.75,18.75,18.75,0.0,1,-0.0066426367543794525
6320,321.25,18.75,18.75,0.0,1,0.0002859216830109378
6321,323.75,18.75,18.75,0.0,1,0.004377971353796976
6322,326.25,18.75,18.75,0.0,1,0.00967589897831064
6323,328.75,18.75,18.75,0.0,1,0.014305395105564543
6324,331.25,18.75,18.75,0.0,1,0.015949271567285258
6325,333.75,18.75,18.75,0.0,1,0.015182415471518405
6326,336.25,18.75,18.75,0.0,1,0.015226236763209156
6327,338.75,18.75,18.75,0.0,1,0.01761353205846807
6328,341.25,18.75,18.75,0.0,1,0.016790184594486064
6329,343.75,18.75,18.75,0.0,1,0.008121434395914898
6330,346.25,18.75,18.75,1.0,0,0.002123347004505866
6331,348.75,18.75,18.75,1.0,0,0.005011443242113207
6332,351.25,18.75,18.75,1.0,0,0.009732700932108717
6333,353.75,18.75,18.75,1.0,0,0.015886608693203488
6334,356.25,18.75,18.75,1.0,0,0.024723679153793077
6335,358.75,18.75,18.75,1.0,0,0.028487986982131643
6336,1.25,21.25,21.25,1.0,0,0.019663701259697918
6337,3.75,21.25,21.25,1.0,0,0.01976110893473617
6338,6.25,21.25,21.25,1.0,0,0.019461844508793236
6339,8.75,21.25,21.25,1.0,0,0.01323078875380382
6340,11.25,21.25,21.25,1.0,0,0.006192160701819842
6341,13.75,21.25,21.25,1.0,0,0.006952071065392708
6342,16.25,21.25,21.25,1.0,0,0.011126822431460596
6343,18.75,21.25,21.25,1.0,0,0.010132366913305033
6344,21.25,21.25,21.25,1.0,0,0.007464747312189431
6345,23.75,21.25,21.25,1.0,0,0.006936710020441359
6346,26.25,21.25,21.25,1.0,0,0.0063730316652158
6347,28.75,21.25,21.25,1.0,0,0.007331649376975141
6348,31.25,21.25,21.25,1.0,0,0.0066686302470467815
6349,33.75,21.25,21.25,1.0,0,0.007577983452874141
6350,36.25,21.25,21.25,0.0,0,0.021621225871614705
6351,38.75,21.25,21.25,0.0,0,0.03323685143737227
6352,41.25,21.25,21.25,1.0,0,0.061730991754636554
6353,43.75,21.25,21.25,1.0,0,0.0771722989117198
6354,46.25,21.25,21.25,1.0,0,0.058001637577168086
6355,48.75,21.25,21.25,1.0,0,0.049104037247889615
6356,51.25,21.25,21.25,1.0,0,0.05109413001301175
6357,53.75,21.25,21.25,1.0,0,0.05737407767780886
6358,56.25,21.25,21.25,1.0,0,0.05979516378160705
6359,58.75,21.25,21.25,0.0,3,0.0740330550466368
6360,61.25,21.25,21.25,0.0,3,0.12575268515716462
6361,63.75,21.25,21.25,0.0,3,0.21175592081886696
6362,66.25,21.25,21.25,0.0,3,0.31082112927435457
6363,68.75,21.25,21.25,0.0,3,0.4100838224334886
6364,71.25,21.25,21.25,1.0,0,0.4781854492320106
6365,73.75,21.25,21.25,1.0,0,0.4096210463909784
6366,76.25,21.25,21.25,1.0,0,0.29152405718747715
6367,78.75,21.25,21.25,1.0,0,0.280360738220071
6368,81.25,21.25,21.25,1.0,0,0.29186844715139343
6369,83.75,21.25,21.25,1.0,0,0.2639630729518084
6370,86.25,21.25,21.25,1.0,0,0.2304238630229477
6371,88.75,21.25,21.25,0.0,3,0.251191968603708
6372,91.25,21.25,21.25,0.0,3,0.32110439166988525
6373,93.75,21.25,21.25,1.0,0,0.34945993800045244
6374,96.25,21.25,21.25,1.0,0,0.29555239290774216
6375,98.75,21.25,21.25,1.0,0,0.22078481511591555
6376,101.25,21.25,21.25,1.0,0,0.13541439602617866
6377,103.75,21.25,21.25,1.0,0,-0.04087647734685103
6378,106.25,21.25,21.25,1.0,0,-0.025077561835286904
6379,108.75,21.25,21.25,0.0,0,0.20336914201716627
6380,111.25,21.25,21.25,0.0,3,0.3965049564257159
6381,113.75,21.25,21.25,0.0,3,0.5013396132844439
6382,116.25,21.25,21.25,0.0,3,0.4855027265777361
6383,118.75,21.25,21.25,0.0,3,0.3911815057216825
6384,121.25,21.25,21.25,0.0,2,0.23565443183880067
6385,123.75,21.25,21.25,0.0,2,0.12990624154609945
6386,126.25,21.25,21.25,0.0,2,0.1417737313432528
6387,128.75,21.25,21.25,0.0,2,0.20014009122112814
6388,131.25,21.25,21.25,0.0,2,0.22340534532326412
6389,133.75,21.25,21.25,0.0,2,0.21212713366917285
6390,136.25,21.25,21.25,0.0,2,0.2282182069979285
6391,138.75,21.25,21.25,0.0,2,0.262466108479032
6392,141.25,21.25,21.25,0.0,2,0.288154289342481
6393,143.75,21.25,21.25,0.0,2,0.3075082563355612
6394,146.25,21.25,21.25,0.0,2,0.3213369726961303
6395,148.75,21.25,21.25,0.0,2,0.3265341400025009
6396,151.25,21.25,21.25,0.0,2,0.3040633658337015
6397,153.75,21.25,21.25,0.0,2,0.2625017869867415
6398,156.25,21.25,21.25,0.0,2,0.24617647311618257
6399,158.75,21.25,21.25,0.0,2,0.24694806447668757
6400,161.25,21.25,21.25,0.0,2,0.24729175147896468
6401,163.75,21.25,21.25,0.0,2,0.24835273867494773
6402,166.25,21.25,21.25,0.0,2,0.2387657858870585
6403,168.75,21.25,21.25,0.0,2,0.22484034085794574
6404,171.25,21.25,21.25,0.0,2,0.21273296947112907
6405,173.75,21.25,21.25,0.0,2,0.19565926940505432
6406,176.25,21.25,21.25,0.0,2,0.17930731929384222
6407,178.75,21.25,21.25,0.0,2,0.16762879766125532
6408,181.25,21.25,21.25,0.0,2,0.16162322992228056
6409,183.75,21.25,21.25,0.0,2,0.16407588809761156
6410,186.25,21.25,21.25,0.0,2,0.16476935429581918
6411,188.75,21.25,21.25,0.0,2,0.14781085067356392
6412,191.25,21.25,21.25,0.0,2,0.13101684595927143
6413,193.75,21.25,21.25,0.0,2,0.1314307686996683
6414,196.25,21.25,21.25,0.0,2,0.13698021488659096
6415,198.75,21.25,21.25,0.0,2,0.11988230205590918
6416,201.25,21.25,21.25,0.0,2,0.07937131878138184
6417,203.75,21.25,21.25,0.0,2,0.042797532560159175
6418,206.25,21.25,21.25,0.0,2,0.040953193456350324
6419,208.75,21.25,21.25,0.0,2,0.05830672022850584
6420,211.25,21.25,21.25,0.0,2,0.06020861134766003
6421,213.75,21.25,21.25,0.0,2,0.045538875731580726
6422,216.25,21.25,21.25,0.0,2,0.030891058422801678
6423,218.75,21.25,21.25,0.0,2,0.022195587458179386
6424,221.25,21.25,21.25,0.0,2,-0.0064091466013590824
6425,223.75,21.25,21.25,0.0,2,-0.045063043513839905
6426,226.25,21.25,21.25,0.0,2,-0.059261750293924935
6427,228.75,21.25,21.25,0.0,2,-0.05290917562474978
6428,231.25,21.25,21.25,0.0,2,-0.04375500317577713
6429,233.75,21.25,21.25,0.0,2,-0.04198881130500767
6430,236.25,21.25,21.25,0.0,2,-0.0470175322481441
6431,238.75,21.25,21.25,0.0,2,-0.050789169471305184
6432,241.25,21.25,21.25,0.0,2,-0.06404450981156581
6433,243.75,21.25,21.25,0.0,2,-0.09866977462791256
6434,246.25,21.25,21.25,0.0,2,-0.13138118865960716
6435,248.75,21.25,21.25,0.0,2,-0.17788089328718545
6436,251.25,21.25,21.25,0.0,2,-0.25569348122494684
6437,253.75,21.25,21.25,0.0,2,-0.3049125783510746
6438,256.25,21.25,21.25,1.0,0,-0.22841807800159583
6439,258.75,21.25,21.25,1.0,0,-0.1364758392524536
6440,261.25,21.25,21.25,1.0,0,-0.09278263601384139
6441,263.75,21.25,21.25,0.0,2,0.03881255476564652
6442,266.25,21.25,21.25,0.0,2,0.010745217684682989
6443,268.75,21.25,21.25,0.0,2,-0.13049193861237524
6444,271.25,21.25,21.25,0.0,2,-0.11066591372509126
6445,273.75,21.25,21.25,0.0,2,-0.07964746953776598
6446,276.25,21.25,21.25,0.0,2,-0.06221453574431816
6447,278.75,21.25,21.25,0.0,2,-0.05783869817951281
6448,281.25,21.25,21.25,0.0,1,-0.10307721365237349
6449,283.75,21.25,21.25,0.0,1,-0.1473205450004624
6450,286.25,21.25,21.25,0.0,1,-0.14753622397554803
6451,288.75,21.25,21.25,0.0,1,-0.12668833670016072
6452,291.25,21.25,21.25,0.0,1,-0.08853236553217089
6453,293.75,21.25,21.25,0.0,1,-0.07233675680498643
6454,296.25,21.25,21.25,0.0,1,-0.07917703452404001
6455,298.75,21.25,21.25,0.0,1,-0.07485917456511906
6456,301.25,21.25,21.25,0.0,1,-0.07924520609362654
6457,303.75,21.25,21.25,0.0,1,-0.08636797234565984
6458,306.25,21.25,21.25,0.0,1,-0.08974943664228474
6459,308.75,21.25,21.25,0.0,1,-0.08613906538019571
6460,311.25,21.25,21.25,0.0,1,-0.07624018177338573
6461,313.75,21.25,21.25,0.0,1,-0.06375369222535142
6462,316.25,21.25,21.25,0.0,1,-0.05357662293041603
6463,318.75,21.25,21.25,0.0,1,-0.04038359854767872
6464,321.25,21.25,21.25,0.0,1,-0.024197296691979543
6465,323.75,21.25,21.25,0.0,1,-0.011059056070942194
6466,326.25,21.25,21.25,0.0,1,0.0011242912540193634
6467,328.75,21.25,21.25,0.0,1,0.01192557393215598
6468,331.25,21.25,21.25,0.0,1,0.018289382876613584
6469,333.75,21.25,21.25,0.0,1,0.02000049530376047
6470,336.25,21.25,21.25,0.0,1,0.018319383452816855
6471,338.75,21.25,21.25,0.0,1,0.014818349221744104
6472,341.25,21.25,21.25,0.0,1,0.007481715782441699
6473,343.75,21.25,21.25,1.0,0,0.0016579112169735138
6474,346.25,21.25,21.25,1.0,0,0.0016605237472578755
6475,348.75,21.25,21.25,1.0,0,0.003401306598646016
6476,351.25,21.25,21.25,1.0,0,0.005369136293178075
6477,353.75,21.25,21.25,1.0,0,0.00682359694102003
6478,356.25,21.25,21.25,1.0,0,0.01108976442473749
6479,358.75,21.25,21.25,1.0,0,0.017282184820358697
6480,1.25,23.75,23.75,1.0,0,0.003349568579178902
6481,3.75,23.75,23.75,1.0,0,0.010063679308157018
6482,6.25,23.75,23.75,1.0,0,0.013811604710911458
6483,8.75,23.75,23.75,1.0,0,0.0118855815231133
6484,11.25,23.75,23.75,1.0,0,0.008441021746049077
6485,13.75,23.75,23.75,1.0,0,0.003350806767829055
6486,16.25,23.75,23.75,1.0,0,0.0004535813041893765
6487,18.75,23.75,23.75,1.0,0,0.00018128107599256192
6488,21.25,23.75,23.75,1.0,0,0.0014492927942266016
6489,23.75,23.75,23.75,1.0,0,0.003389759743273002
6490,26.25,23.75,23.75,1.0,0,0.00355684739472742
6491,28.75,23.75,23.75,1.0,0,0.0023850374870407797
6492,31.25,23.75,23.75,1.0,0,-6.911437439702086e-05
6493,33.75,23.75,23.75,1.0,0,-0.004777571094178427
6494,36.25,23.75,23.75,0.0,0,0.0027503373352503408
6495,38.75,23.75,23.75,0.0,0,0.018680250887586573
6496,41.25,23.75,23.75,1.0,0,0.01805417089611811
6497,43.75,23.75,23.75,1.0,0,0.011565017974317927
6498,46.25,23.75,23.75,1.0,0,0.014382548774742652
6499,48.75,23.75,23.75,1.0,0,0.01530265547106466
6500,51.25,23.75,23.75,1.0,0,0.014624783797755597
6501,53.75,23.75,23.75,0.0,0,0.01915325183655849
6502,56.25,23.75,23.75,1.0,0,0.030742538379445173
6503,58.75,23.75,23.75,0.0,3,0.049984877984604964
6504,61.25,23.75,23.75,0.0,3,0.06514757858506963
6505,63.75,23.75,23.75,0.0,3,0.07664591788495057
6506,66.25,23.75,23.75,0.0,3,0.0947446529342478
6507,68.75,23.75,23.75,0.0,0,0.11561383874208697
6508,71.25,23.75,23.75,1.0,0,0.1274829628172661
6509,73.75,23.75,23.75,1.0,0,0.09874370680300658
6510,76.25,23.75,23.75,1.0,0,0.04636256728769107
6511,78.75,23.75,23.75,1.0,0,0.016056105466171925
6512,81.25,23.75,23.75,1.0,0,0.010403351929319458
6513,83.75,23.75,23.75,1.0,0,0.037887697252221374
6514,86.25,23.75,23.75,1.0,0,0.12929522194793464
6515,88.75,23.75,23.75,1.0,0,0.24584099284007854
6516,91.25,23.75,23.75,1.0,0,0.3133731985244325
6517,93.75,23.75,23.75,1.0,0,0.2979402710657574
6518,96.25,23.75,23.75,1.0,0,0.31694242615866147
6519,98.75,23.75,23.75,1.0,0,0.2640069115566208
6520,101.25,23.75,23.75,1.0,0,0.07330400844015525
6521,103.75,23.75,23.75,1.0,0,-0.08106295259637296
6522,106.25,23.75,23.75,1.0,0,-0.10211579561052962
6523,108.75,23.75,23.75,1.0,0,0.011593625847744747
6524,111.25,23.75,23.75,1.0,0,0.0683688156469117
6525,113.75,23.75,23.75,1.0,0,0.08076126277294887
6526,116.25,23.75,23.75,0.0,0,0.08714828276612101
6527,118.75,23.75,23.75,0.0,3,0.06604161806879383
6528,121.25,23.75,23.75,0.0,2,0.011797422034502689
6529,123.75,23.75,23.75,0.0,2,-0.04862225958296648
6530,126.25,23.75,23.75,0.0,2,-0.0684299755986097
6531,128.75,23.75,23.75,0.0,2,-0.05889534936050527
6532,131.25,23.75,23.75,0.0,2,-0.046884479211557264
6533,133.75,23.75,23.75,0.0,2,-0.027727757948981156
6534,136.25,23.75,23.75,0.0,2,0.01826709761545354
6535,138.75,23.75,23.75,0.0,2,0.07656116336749194
6536,141.25,23.75,23.75,0.0,2,0.12575922610549695
6537,143.75,23.75,23.75,0.0,2,0.16087131485155806
6538,146.25,23.75,23.75,0.0,2,0.18558117237184232
6539,148.75,23.75,23.75,0.0,2,0.19495359472165175
6540,151.25,23.75,23.75,0.0,2,0.18074865710679353
6541,153.75,23.75,23.75,0.0,2,0.14551279684707025
6542,156.25,23.75,23.75,0.0,2,0.1157136408926315
6543,158.75,23.75,23.75,0.0,2,0.1015928951810302
6544,161.25,23.75,23.75,0.0,2,0.09301858749711207
6545,163.75,23.75,23.75,0.0,2,0.08393455637770947
6546,166.25,23.75,23.75,0.0,2,0.06759285259804042
6547,168.75,23.75,23.75,0.0,2,0.050383844045719696
6548,171.25,23.75,23.75,0.0,2,0.031045084910679338
6549,173.75,23.75,23.75,0.0,2,0.011342616828867554
6550,176.25,23.75,23.75,0.0,2,-0.0022442031291152863
6551,178.75,23.75,23.75,0.0,2,-0.01473279284310925
6552,181.25,23.75,23.75,0.0,2,-0.027419953599871604
6553,183.75,23.75,23.75,0.0,2,-0.02772382751446577
6554,186.25,23.75,23.75,0.0,2,-0.027067883031757015
6555,188.75,23.75,23.75,0.0,2,-0.050294464702091236
6556,191.25,23.75,23.75,0.0,2,-0.0877215290940037
6557,193.75,23.75,23.75,0.0,2,-0.11797182987504065
6558,196.25,23.75,23.75,0.0,2,-0.12473799628850571
6559,198.75,23.75,23.75,0.0,2,-0.12875791460135572
6560,201.25,23.75,23.75,0.0,2,-0.15215883747361733
6561,203.75,23.75,23.75,0.0,2,-0.18809889203960456
6562,206.25,23.75,23.75,0.0,2,-0.21108489078801335
6563,208.75,23.75,23.75,0.0,2,-0.19376615386421872
6564,211.25,23.75,23.75,0.0,2,-0.1685044573199586
6565,213.75,23.75,23.75,0.0,2,-0.16882715538231644
6566,216.25,23.75,23.75,0.0,2,-0.18573380040070897
6567,218.75,23.75,23.75,0.0,2,-0.20427753631166332
6568,221.25,23.75,23.75,0.0,2,-0.2145845579206019
6569,223.75,23.75,23.75,0.0,2,-0.22318628742395505
6570,226.25,23.75,23.75,0.0,2,-0.22511417343933482
6571,228.75,23.75,23.75,0.0,2,-0.2126257382899031
6572,231.25,23.75,23.75,0.0,2,-0.19744080078760676
6573,233.75,23.75,23.75,0.0,2,-0.19091384225853048
6574,236.25,23.75,23.75,0.0,2,-0.19216439860497597
6575,238.75,23.75,23.75,0.0,2,-0.2010537407382886
6576,241.25,23.75,23.75,0.0,2,-0.2203934616216142
6577,243.75,23.75,23.75,0.0,2,-0.2436128449785057
6578,246.25,23.75,23.75,0.0,2,-0.2663041297890822
6579,248.75,23.75,23.75,0.0,2,-0.2678650847392095
6580,251.25,23.75,23.75,0.0,2,-0.19953218675907386
6581,253.75,23.75,23.75,0.0,2,-0.19796128712815173
6582,256.25,23.75,23.75,1.0,0,-0.18435545687085608
6583,258.75,23.75,23.75,1.0,0,-0.11402711781753319
6584,261.25,23.75,23.75,1.0,0,-0.21869348851001252
6585,263.75,23.75,23.75,0.0,2,-0.1724361772007569
6586,266.25,23.75,23.75,0.0,2,-0.0227242976983118
6587,268.75,23.75,23.75,0.0,2,-0.020318325841517333
6588,271.25,23.75,23.75,0.0,2,-0.011903165034892738
6589,273.75,23.75,23.75,0.0,2,-0.0008678928382317871
6590,276.25,23.75,23.75,0.0,2,0.037904681004188256
6591,278.75,23.75,23.75,0.0,2,0.07557594457661775
6592,281.25,23.75,23.75,0.0,1,0.09256075249572698
6593,283.75,23.75,23.75,0.0,1,0.10592755642220388
6594,286.25,23.75,23.75,0.0,1,0.12926512962819814
6595,288.75,23.75,23.75,0.0,1,0.13491457194571596
6596,291.25,23.75,23.75,0.0,1,0.10984681272411674
6597,293.75,23.75,23.75,0.0,1,0.0787814453271082
6598,296.25,23.75,23.75,0.0,1,0.05931050459804344
6599,298.75,23.75,23.75,0.0,1,0.059117159611427834
6600,301.25,23.75,23.75,0.0,1,0.06046589472442305
6601,303.75,23.75,23.75,0.0,1,0.04316565519135348
6602,306.25,23.75,23.75,0.0,1,0.01837934985400437
6603,308.75,23.75,23.75,0.0,1,0.002522061075526231
6604,311.25,23.75,23.75,0.0,1,-0.00021181392054249698
6605,313.75,23.75,23.75,0.0,1,0.005846988959028444
6606,316.25,23.75,23.75,0.0,1,0.007113088509781258
6607,318.75,23.75,23.75,0.0,1,0.0031215062533441846
6608,321.25,23.75,23.75,0.0,1,0.004146861751842026
6609,323.75,23.75,23.75,0.0,1,0.007113345656403229
6610,326.25,23.75,23.75,0.0,1,0.007724694988011959
6611,328.75,23.75,23.75,0.0,1,0.007699271113272873
6612,331.25,23.75,23.75,0.0,1,0.007166538263794159
6613,333.75,23.75,23.75,0.0,1,0.008507435361105313
6614,336.25,23.75,23.75,0.0,1,0.009904402983084573
6615,338.75,23.75,23.75,0.0,1,0.011144277711372073
6616,341.25,23.75,23.75,0.0,1,0.013860897020738257
6617,343.75,23.75,23.75,0.0,1,0.0067639026995745056
6618,346.25,23.75,23.75,1.0,0,-0.00130506238348835
6619,348.75,23.75,23.75,1.0,0,-0.0012455986303842907
6620,351.25,23.75,23.75,1.0,0,-0.0015423531415902033
6621,353.75,23.75,23.75,1.0,0,-0.00109089558907809
6622,356.25,23.75,23.75,1.0,0,-0.0006235519583803467
6623,358.75,23.75,23.75,1.0,0,0.00036102296100913085
6624,1.25,26.25,26.25,1.0,0,0.004056033503999915
6625,3.75,26.25,26.25,1.0,0,0.009484379409879739
6626,6.25,26.25,26.25,1.0,0,0.007889620405193276
6627,8.75,26.25,26.25,1.0,0,0.0015074541278413192
6628,11.25,26.25,26.25,1.0,0,-0.0008859775491728841
6629,13.75,26.25,26.25,1.0,0,-0.003843725533499392
6630,16.25,26.25,26.25,1.0,0,-0.006360014068046119
6631,18.75,26.25,26.25,1.0,0,-0.003620360012474482
6632,21.25,26.25,26.25,1.0,0,0.0005774017392544072
6633,23.75,26.25,26.25,1.0,0,0.0030081734218659955
6634,26.25,26.25,26.25,1.0,0,0.004904437365828513
6635,28.75,26.25,26.25,1.0,0,0.004111559872086948
6636,31.25,26.25,26.25,1.0,0,6.529017093950174e-05
6637,33.75,26.25,26.25,0.0,0,-0.0031342849959373666
6638,36.25,26.25,26.25,0.0,0,-0.0020566933319851816
6639,38.75,26.25,26.25,1.0,0,0.008738710015335285
6640,41.25,26.25,26.25,1.0,0,0.017943106304432146
6641,43.75,26.25,26.25,1.0,0,0.022509726728121543
6642,46.25,26.25,26.25,1.0,0,0.027779885216344002
6643,48.75,26.25,26.25,1.0,0,0.025426044016244733
6644,51.25,26.25,26.25,0.0,0,0.016121569275839683
6645,53.75,26.25,26.25,0.0,0,-0.005103596032301562
6646,56.25,26.25,26.25,0.0,0,-0.011084809397605278
6647,58.75,26.25,26.25,1.0,0,0.016407183803749212
6648,61.25,26.25,26.25,1.0,0,0.04322322983977769
6649,63.75,26.25,26.25,1.0,0,0.06529243924789964
6650,66.25,26.25,26.25,1.0,0,0.08884490920912631
6651,68.75,26.25,26.25,1.0,0,0.1119876285347521
6652,71.25,26.25,26.25,1.0,0,0.14006324484091057
6653,73.75,26.25,26.25,1.0,0,0.15304882848062923
6654,76.25,26.25,26.25,1.0,0,0.12267733261721832
6655,78.75,26.25,26.25,1.0,0,0.06376763662703647
6656,81.25,26.25,26.25,1.0,0,-0.041352038556528255
6657,83.75,26.25,26.25,1.0,0,-0.21132036520990893
6658,86.25,26.25,26.25,1.0,0,-0.412930927062355
6659,88.75,26.25,26.25,1.0,0,-0.6518292115611237
6660,91.25,26.25,26.25,1.0,0,-0.8431926053228755
6661,93.75,26.25,26.25,1.0,0,-0.8275100445448931
6662,96.25,26.25,26.25,1.0,0,-0.582892253012465
6663,98.75,26.25,26.25,1.0,0,-0.30864397527345133
6664,101.25,26.25,26.25,1.0,0,-0.20202847294494822
6665,103.75,26.25,26.25,1.0,0,-0.17440147113074006
6666,106.25,26.25,26.25,1.0,0,-0.15618512238154503
6667,108.75,26.25,26.25,1.0,0,-0.1971784660612011
6668,111.25,26.25,26.25,1.0,0,-0.2424050006532663
6669,113.75,26.25,26.25,1.0,0,-0.22707509027966075
6670,116.25,26.25,26.25,1.0,0,-0.21843321068874727
6671,118.75,26.25,26.25,1.0,0,-0.20714060538554263
6672,121.25,26.25,26.25,0.0,2,-0.20403436680955422
6673,123.75,26.25,26.25,0.0,2,-0.2295480043993432
6674,126.25,26.25,26.25,0.0,2,-0.3041551877463286
6675,128.75,26.25,26.25,0.0,2,-0.3652683474692241
6676,131.25,26.25,26.25,0.0,2,-0.3349285242928033
6677,133.75,26.25,26.25,0.0,2,-0.26318006329609156
6678,136.25,26.25,26.25,0.0,2,-0.1867481092680603
6679,138.75,26.25,26.25,0.0,2,-0.1213953353487359
6680,141.25,26.25,26.25,0.0,2,-0.07899817689861902
6681,143.75,26.25,26.25,0.0,2,-0.05341006381887496
6682,146.25,26.25,26.25,0.0,2,-0.02107839896339498
6683,148.75,26.25,26.25,0.0,2,0.015605282310244085
6684,151.25,26.25,26.25,0.0,2,0.03228784111754443
6685,153.75,26.25,26.25,0.0,2,0.038140158347539
6686,156.25,26.25,26.25,0.0,2,0.04415186771149602
6687,158.75,26.25,26.25,0.0,2,0.04462320256815454
6688,161.25,26.25,26.25,0.0,2,0.04429296521342187
6689,163.75,26.25,26.25,0.0,2,0.04500234422247606
6690,166.25,26.25,26.25,0.0,2,0.046280907616593744
6691,168.75,26.25,26.25,0.0,2,0.03593553827799104
6692,171.25,26.25,26.25,0.0,2,0.01836495357899773
6693,173.75,26.25,26.25,0.0,2,0.02008330048362034
6694,176.25,26.25,26.25,0.0,2,0.03234853362174009
6695,178.75,26.25,26.25,0.0,2,0.032029420250764204
6696,181.25,26.25,26.25,0.0,2,0.02463858130354422
6697,183.75,26.25,26.25,0.0,2,0.02222642127495031
6698,186.25,26.25,26.25,0.0,2,0.026484197453763722
6699,188.75,26.25,26.25,0.0,2,0.017698283615024443
6700,191.25,26.25,26.25,0.0,2,-0.00814625804983862
6701,193.75,26.25,26.25,0.0,2,-0.031393303888302214
6702,196.25,26.25,26.25,0.0,2,-0.04728863314363517
6703,198.75,26.25,26.25,0.0,2,-0.07489493472991375
6704,201.25,26.25,26.25,0.0,2,-0.12129814393731854
6705,203.75,26.25,26.25,0.0,2,-0.16469166346220404
6706,206.25,26.25,26.25,0.0,2,-0.18042601774835362
6707,208.75,26.25,26.25,0.0,2,-0.16049403470635043
6708,211.25,26.25,26.25,0.0,2,-0.12917920079369338
6709,213.75,26.25,26.25,0.0,2,-0.11441276582314579
6710,216.25,26.25,26.25,0.0,2,-0.11088722921879123
6711,218.75,26.25,26.25,0.0,2,-0.10981734470098423
6712,221.25,26.25,26.25,0.0,2,-0.11225121656495982
6713,223.75,26.25,26.25,0.0,2,-0.11072252308237733
6714,226.25,26.25,26.25,0.0,2,-0.10270461533552348
6715,228.75,26.25,26.25,0.0,2,-0.0907855195435024
6716,231.25,26.25,26.25,0.0,2,-0.075803321755304
6717,233.75,26.25,26.25,0.0,2,-0.06423180846509069
6718,236.25,26.25,26.25,0.0,2,-0.06428243759483318
6719,238.75,26.25,26.25,0.0,2,-0.06704900539289897
6720,241.25,26.25,26.25,0.0,2,-0.07904036919549262
6721,243.75,26.25,26.25,0.0,2,-0.10558557637113895
6722,246.25,26.25,26.25,0.0,2,-0.14840252346252622
6723,248.75,26.25,26.25,0.0,0,-0.18787549733229755
6724,251.25,26.25,26.25,0.0,0,-0.15536408583595965
6725,253.75,26.25,26.25,1.0,0,-0.10608462653053778
6726,256.25,26.25,26.25,1.0,0,-0.12428462544505664
6727,258.75,26.25,26.25,1.0,0,-0.13287324333564132
6728,261.25,26.25,26.25,1.0,0,-0.11627356482304203
6729,263.75,26.25,26.25,0.0,2,-0.07097087271700707
6730,266.25,26.25,26.25,0.0,2,-0.031373915763277534
6731,268.75,26.25,26.25,0.0,2,-0.029477194521086374
6732,271.25,26.25,26.25,0.0,2,-0.010703434231746967
6733,273.75,26.25,26.25,0.0,2,0.037964583131020344
6734,276.25,26.25,26.25,0.0,2,0.06392764905991657
6735,278.75,26.25,26.25,0.0,2,0.026988464203379536
6736,281.25,26.25,26.25,0.0,1,-0.014082379469757444
6737,283.75,26.25,26.25,0.0,1,-0.024332759790548084
6738,286.25,26.25,26.25,0.0,1,-0.017157594869925446
6739,288.75,26.25,26.25,0.0,1,0.01667812531097316
6740,291.25,26.25,26.25,0.0,1,0.052806314145921976
6741,293.75,26.25,26.25,0.0,1,0.05358207778270687
6742,296.25,26.25,26.25,0.0,1,0.02485281669052471
6743,298.75,26.25,26.25,0.0,1,-0.0004170320742950985
6744,301.25,26.25,26.25,0.0,1,-0.011269049132214635
6745,303.75,26.25,26.25,0.0,1,-0.022164588047525614
6746,306.25,26.25,26.25,0.0,1,-0.03481232070433486
6747,308.75,26.25,26.25,0.0,1,-0.053796322019315924
6748,311.25,26.25,26.25,0.0,1,-0.07395007759026122
6749,313.75,26.25,26.25,0.0,1,-0.07840967869604507
6750,316.25,26.25,26.25,0.0,1,-0.07650667764700486
6751,318.75,26.25,26.25,0.0,1,-0.07302459257939532
6752,321.25,26.25,26.25,0.0,1,-0.06497375161055477
6753,323.75,26.25,26.25,0.0,1,-0.05646667177952603
6754,326.25,26.25,26.25,0.0,1,-0.05069330477382362
6755,328.75,26.25,26.25,0.0,1,-0.044930371961358184
6756,331.25,26.25,26.25,0.0,1,-0.034549074139586
6757,333.75,26.25,26.25,0.0,1,-0.02056647864459532
6758,336.25,26.25,26.25,0.0,1,-0.008573210946822504
6759,338.75,26.25,26.25,0.0,1,-0.0014218031781224334
6760,341.25,26.25,26.25,0.0,1,0.0029963287368479793
6761,343.75,26.25,26.25,0.0,1,0.0022566593123431898
6762,346.25,26.25,26.25,0.0,1,-0.002889335397442674
6763,348.75,26.25,26.25,1.0,0,-0.0038685311988892225
6764,351.25,26.25,26.25,1.0,0,-0.0006328782718379604
6765,353.75,26.25,26.25,1.0,0,0.0001591345740389511
6766,356.25,26.25,26.25,1.0,0,-0.0011039228091941386
6767,358.75,26.25,26.25,1.0,0,-0.00019266142931092804
6768,1.25,28.75,28.75,1.0,0,-0.007032898563583671
6769,3.75,28.75,28.75,1.0,0,-0.002506406016578904
6770,6.25,28.75,28.75,1.0,0,0.0020705908611292384
6771,8.75,28.75,28.75,1.0,0,-0.0005915661139993154
6772,11.25,28.75,28.75,1.0,0,-0.005259491715384481
6773,13.75,28.75,28.75,1.0,0,-0.013124599505496755
6774,16.25,28.75,28.75,1.0,0,-0.01615449016719213
6775,18.75,28.75,28.75,1.0,0,-0.011486930018749519
6776,21.25,28.75,28.75,1.0,0,-0.007514518391496489
6777,23.75,28.75,28.75,1.0,0,-0.006220728673274656
6778,26.25,28.75,28.75,1.0,0,-0.0032218371329343263
6779,28.75,28.75,28.75,1.0,0,-0.0014798747900006493
6780,31.25,28.75,28.75,1.0,0,-0.001257147309637023
6781,33.75,28.75,28.75,1.0,0,0.000502180497301428
6782,36.25,28.75,28.75,1.0,0,0.0015855723893178646
6783,38.75,28.75,28.75,1.0,0,0.001344706763570992
6784,41.25,28.75,28.75,1.0,0,0.009138101584520445
6785,43.75,28.75,28.75,1.0,0,0.025543446205213056
6786,46.25,28.75,28.75,1.0,0,0.032665734002699065
6787,48.75,28.75,28.75,0.0,0,0.029419842263788173
6788,51.25,28.75,28.75,0.0,0,0.015309994058385155
6789,53.75,28.75,28.75,1.0,0,0.019342603727083598
6790,56.25,28.75,28.75,1.0,0,0.030746163360739272
6791,58.75,28.75,28.75,1.0,0,0.026025086038230946
6792,61.25,28.75,28.75,1.0,0,0.030740264940321758
6793,63.75,28.75,28.75,1.0,0,0.04646573976112286
6794,66.25,28.75,28.75,1.0,0,0.05526381868348263
6795,68.75,28.75,28.75,1.0,0,0.052763145574596555
6796,71.25,28.75,28.75,1.0,0,0.06784541607173615
6797,73.75,28.75,28.75,1.0,0,0.08738556690323909
6798,76.25,28.75,28.75,1.0,0,0.0412284678613615
6799,78.75,28.75,28.75,1.0,0,-0.019353157673763582
6800,81.25,28.75,28.75,1.0,0,0.187410890207698
6801,83.75,28.75,28.75,1.0,0,1.0440549539238333
6802,86.25,28.75,28.75,1.0,0,2.2808160951392464
6803,88.75,28.75,28.75,1.0,0,3.0813060592682593
6804,91.25,28.75,28.75,1.0,0,2.765792163839966
6805,93.75,28.75,28.75,1.0,0,1.50542812622183
6806,96.25,28.75,28.75,1.0,0,0.7382691542516119
6807,98.75,28.75,28.75,1.0,0,0.596074103512104
6808,101.25,28.75,28.75,1.0,0,0.2049706403735974
6809,103.75,28.75,28.75,1.0,0,-0.31006953751357785
6810,106.25,28.75,28.75,1.0,0,-0.3951093905756556
6811,108.75,28.75,28.75,1.0,0,-0.28892168038922666
6812,111.25,28.75,28.75,1.0,0,-0.35961924502600257
6813,113.75,28.75,28.75,1.0,0,-0.4113125118150884
6814,116.25,28.75,28.75,1.0,0,-0.43413138652875494
6815,118.75,28.75,28.75,1.0,0,-0.40757730375950985
6816,121.25,28.75,28.75,1.0,0,-0.2882518041943996
6817,123.75,28.75,28.75,0.0,2,-0.1949810968538823
6818,126.25,28.75,28.75,0.0,2,-0.28738310529896643
6819,128.75,28.75,28.75,0.0,2,-0.4824017918105637
6820,131.25,28.75,28.75,0.0,2,-0.6309561460161743
6821,133.75,28.75,28.75,0.0,2,-0.6587678400486865
6822,136.25,28.75,28.75,0.0,2,-0.5712976015343796
6823,138.75,28.75,28.75,0.0,2,-0.46586221774984105
6824,141.25,28.75,28.75,0.0,2,-0.4068440485305017
6825,143.75,28.75,28.75,0.0,2,-0.3657746870524762
6826,146.25,28.75,28.75,0.0,2,-0.3260597055257324
6827,148.75,28.75,28.75,0.0,2,-0.28302829358927856
6828,151.25,28.75,28.75,0.0,2,-0.24770928092745256
6829,153.75,28.75,28.75,0.0,2,-0.21861369492023566
6830,156.25,28.75,28.75,0.0,2,-0.19047242933812228
6831,158.75,28.75,28.75,0.0,2,-0.16723261580390164
6832,161.25,28.75,28.75,0.0,2,-0.15490604121083015
6833,163.75,28.75,28.75,0.0,2,-0.15833591483493556
6834,166.25,28.75,28.75,0.0,2,-0.1590876440705421
6835,168.75,28.75,28.75,0.0,2,-0.16603977311821919
6836,171.25,28.75,28.75,0.0,2,-0.18260029155592794
6837,173.75,28.75,28.75,0.0,2,-0.1808211427657211
6838,176.25,28.75,28.75,0.0,2,-0.16278103255086862
6839,178.75,28.75,28.75,0.0,2,-0.150564634853556
6840,181.25,28.75,28.75,0.0,2,-0.14613423509113282
6841,183.75,28.75,28.75,0.0,2,-0.14190167307920695
6842,186.25,28.75,28.75,0.0,2,-0.13998580827501664
6843,188.75,28.75,28.75,0.0,2,-0.13305576747669526
6844,191.25,28.75,28.75,0.0,2,-0.11979646531968918
6845,193.75,28.75,28.75,0.0,2,-0.11920820347113077
6846,196.25,28.75,28.75,0.0,2,-0.12397432883274277
6847,198.75,28.75,28.75,0.0,2,-0.13117424597276975
6848,201.25,28.75,28.75,0.0,2,-0.15377891885345146
6849,203.75,28.75,28.75,0.0,2,-0.19148004403072227
6850,206.25,28.75,28.75,0.0,2,-0.21934335307982786
6851,208.75,28.75,28.75,0.0,2,-0.2153983802599187
6852,211.25,28.75,28.75,0.0,2,-0.19519758088907022
6853,213.75,28.75,28.75,0.0,2,-0.18488442598692711
6854,216.25,28.75,28.75,0.0,2,-0.18598258409834878
6855,218.75,28.75,28.75,0.0,2,-0.1714836033689865
6856,221.25,28.75,28.75,0.0,2,-0.14045342697352137
6857,223.75,28.75,28.75,0.0,2,-0.10758819502221384
6858,226.25,28.75,28.75,0.0,2,-0.0832486757792238
6859,228.75,28.75,28.75,0.0,2,-0.06507376505232282
6860,231.25,28.75,28.75,0.0,2,-0.04880136796720209
6861,233.75,28.75,28.75,0.0,2,-0.03462863258651595
6862,236.25,28.75,28.75,0.0,2,-0.021391075674551993
6863,238.75,28.75,28.75,0.0,2,-0.021700270720378986
6864,241.25,28.75,28.75,0.0,2,-0.041595932751636144
6865,243.75,28.75,28.75,0.0,2,-0.062251294433322286
6866,246.25,28.75,28.75,0.0,0,-0.08707588224283422
6867,248.75,28.75,28.75,0.0,0,-0.11096214388692253
6868,251.25,28.75,28.75,1.0,0,-0.02188495412955595
6869,253.75,28.75,28.75,1.0,0,0.03371133056828455
6870,256.25,28.75,28.75,1.0,0,0.006513770400478902
6871,258.75,28.75,28.75,1.0,0,-0.04424843521038887
6872,261.25,28.75,28.75,1.0,0,-0.14133142688378186
6873,263.75,28.75,28.75,0.0,2,-0.15187980921570862
6874,266.25,28.75,28.75,0.0,2,-0.12434426511484933
6875,268.75,28.75,28.75,0.0,2,-0.11932777203464581
6876,271.25,28.75,28.75,0.0,2,-0.08357075070148275
6877,273.75,28.75,28.75,0.0,2,-0.033109232082181986
6878,276.25,28.75,28.75,0.0,2,0.02891689624675422
6879,278.75,28.75,28.75,0.0,2,0.021260463119863602
6880,281.25,28.75,28.75,0.0,1,-0.09901221224514696
6881,283.75,28.75,28.75,0.0,1,-0.20345423676182794
6882,286.25,28.75,28.75,0.0,1,-0.25218780841463595
6883,288.75,28.75,28.75,0.0,1,-0.23739211938215668
6884,291.25,28.75,28.75,0.0,1,-0.17306585612234132
6885,293.75,28.75,28.75,0.0,1,-0.12175478083962901
6886,296.25,28.75,28.75,0.0,1,-0.10724065070314553
6887,298.75,28.75,28.75,0.0,1,-0.11544892931614811
6888,301.25,28.75,28.75,0.0,1,-0.1257412692177266
6889,303.75,28.75,28.75,0.0,1,-0.1379841460069887
6890,306.25,28.75,28.75,0.0,1,-0.14619589374118191
6891,308.75,28.75,28.75,0.0,1,-0.14253320302699934
6892,311.25,28.75,28.75,0.0,1,-0.1406204319845971
6893,313.75,28.75,28.75,0.0,1,-0.1469716280039481
6894,316.25,28.75,28.75,0.0,1,-0.15480226265616134
6895,318.75,28.75,28.75,0.0,1,-0.15012205151179533
6896,321.25,28.75,28.75,0.0,1,-0.13217535531173094
6897,323.75,28.75,28.75,0.0,1,-0.11603944441278485
6898,326.25,28.75,28.75,0.0,1,-0.11199394232833296
6899,328.75,28.75,28.75,0.0,1,-0.11334001212657543
6900,331.25,28.75,28.75,0.0,1,-0.10705268246855275
6901,333.75,28.75,28.75,0.0,1,-0.08694320497055553
6902,336.25,28.75,28.75,0.0,1,-0.06167860415867697
6903,338.75,28.75,28.75,0.0,1,-0.0421947272218194
6904,341.25,28.75,28.75,0.0,1,-0.02776722167468904
6905,343.75,28.75,28.75,0.0,1,-0.020402209135761802
6906,346.25,28.75,28.75,0.0,1,-0.018369411745535948
6907,348.75,28.75,28.75,0.0,1,-0.020741333588933045
6908,351.25,28.75,28.75,1.0,0,-0.020666551723999158
6909,353.75,28.75,28.75,1.0,0,-0.014618971466340515
6910,356.25,28.75,28.75,1.0,0,-0.013176164606902623
6911,358.75,28.75,28.75,1.0,0,-0.009884992737992386
6912,1.25,31.25,31.25,1.0,0,-0.03410759618116886
6913,3.75,31.25,31.25,1.0,0,-0.019034835397088595
6914,6.25,31.25,31.25,1.0,0,-0.010847120642878396
6915,8.75,31.25,31.25,1.0,0,-0.00856100045536881
6916,11.25,31.25,31.25,1.0,0,-0.007919813046083383
6917,13.75,31.25,31.25,1.0,0,-0.006601366314058922
6918,16.25,31.25,31.25,0.0,1,-0.007979931665145564
6919,18.75,31.25,31.25,0.0,1,-0.017922152164218195
6920,21.25,31.25,31.25,1.0,0,-0.02092122206262798
6921,23.75,31.25,31.25,1.0,0,-0.020045144653578515
6922,26.25,31.25,31.25,0.0,1,-0.02508248649793402
6923,28.75,31.25,31.25,0.0,1,-0.029017318614557655
6924,31.25,31.25,31.25,0.0,2,-0.03016854318283115
6925,33.75,31.25,31.25,0.0,2,-0.032402064686594095
6926,36.25,31.25,31.25,1.0,0,-0.02900524577441564
6927,38.75,31.25,31.25,1.0,0,-0.01375038264205329
6928,41.25,31.25,31.25,1.0,0,-0.0005978913474314323
6929,43.75,31.25,31.25,1.0,0,0.00836587001074109
6930,46.25,31.25,31.25,1.0,0,0.014140708430108256
6931,48.75,31.25,31.25,1.0,0,0.008622962075252549
6932,51.25,31.25,31.25,1.0,0,0.013960284671451871
6933,53.75,31.25,31.25,1.0,0,0.015965774522907837
6934,56.25,31.25,31.25,1.0,0,0.0019439185005209495
6935,58.75,31.25,31.25,1.0,0,-0.007616239712840164
6936,61.25,31.25,31.25,1.0,0,-0.009381523239187065
6937,63.75,31.25,31.25,1.0,0,-0.011588376940600588
6938,66.25,31.25,31.25,1.0,0,0.0008161774595814471
6939,68.75,31.25,31.25,1.0,0,0.020985807097103168
6940,71.25,31.25,31.25,1.0,0,0.03112997771068029
6941,73.75,31.25,31.25,1.0,0,0.07637354651955736
6942,76.25,31.25,31.25,1.0,0,0.11246676192788216
6943,78.75,31.25,31.25,1.0,0,0.04654271735457838
6944,81.25,31.25,31.25,1.0,0,0.38337080641071336
6945,83.75,31.25,31.25,1.0,0,0.6388142985931399
6946,86.25,31.25,31.25,1.0,0,0.43193303622926477
6947,88.75,31.25,31.25,1.0,0,0.2936511407011155
6948,91.25,31.25,31.25,1.0,0,0.2774197338114995
6949,93.75,31.25,31.25,1.0,0,0.40865447364819124
6950,96.25,31.25,31.25,1.0,0,0.4909146054717984
6951,98.75,31.25,31.25,1.0,0,0.36689371029145995
6952,101.25,31.25,31.25,1.0,0,0.16299202589504022
6953,103.75,31.25,31.25,1.0,0,-0.13754808142282154
6954,106.25,31.25,31.25,1.0,0,-0.2967362028218884
6955,108.75,31.25,31.25,1.0,0,-0.22509002240501527
6956,111.25,31.25,31.25,1.0,0,-0.201518710735733
6957,113.75,31.25,31.25,1.0,0,-0.19080621824492866
6958,116.25,31.25,31.25,1.0,0,-0.17265368745002363
6959,118.75,31.25,31.25,1.0,0,-0.16069544562226928
6960,121.25,31.25,31.25,1.0,0,-0.10153408094893755
6961,123.75,31.25,31.25,0.0,2,-0.07375449434487563
6962,126.25,31.25,31.25,0.0,2,-0.1247184692311892
6963,128.75,31.25,31.25,0.0,2,-0.16540968646835175
6964,131.25,31.25,31.25,0.0,2,-0.22073932570051918
6965,133.75,31.25,31.25,0.0,2,-0.32148928117974657
6966,136.25,31.25,31.25,0.0,2,-0.3744799750015563
6967,138.75,31.25,31.25,0.0,2,-0.352647491716662
6968,141.25,31.25,31.25,0.0,2,-0.30439851423623476
6969,143.75,31.25,31.25,0.0,2,-0.2572254934107582
6970,146.25,31.25,31.25,0.0,2,-0.22435276440433882
6971,148.75,31.25,31.25,0.0,2,-0.19768162072066475
6972,151.25,31.25,31.25,0.0,2,-0.1756043820299951
6973,153.75,31.25,31.25,0.0,2,-0.16058101303743794
6974,156.25,31.25,31.25,0.0,2,-0.13468666961338094
6975,158.75,31.25,31.25,0.0,2,-0.10911022493537825
6976,161.25,31.25,31.25,0.0,2,-0.0985010399621856
6977,163.75,31.25,31.25,0.0,2,-0.09977701424470514
6978,166.25,31.25,31.25,0.0,2,-0.11111380147424818
6979,168.75,31.25,31.25,0.0,2,-0.11367651354860527
6980,171.25,31.25,31.25,0.0,2,-0.11504702366456868
6981,173.75,31.25,31.25,0.0,2,-0.12424131655617145
6982,176.25,31.25,31.25,0.0,2,-0.12644669527832822
6983,178.75,31.25,31.25,0.0,2,-0.13574539865739216
6984,181.25,31.25,31.25,0.0,2,-0.1464182368998719
6985,183.75,31.25,31.25,0.0,2,-0.14327775320814728
6986,186.25,31.25,31.25,0.0,2,-0.14811424752823762
6987,188.75,31.25,31.25,0.0,2,-0.1640671609482125
6988,191.25,31.25,31.25,0.0,2,-0.1751822094004401
6989,193.75,31.25,31.25,0.0,2,-0.18597112073874897
6990,196.25,31.25,31.25,0.0,2,-0.18883898051188697
6991,198.75,31.25,31.25,0.0,2,-0.1769607711234556
6992,201.25,31.25,31.25,0.0,2,-0.162826153231255
6993,203.75,31.25,31.25,0.0,2,-0.16883783412404965
6994,206.25,31.25,31.25,0.0,2,-0.18928647397107315
6995,208.75,31.25,31.25,0.0,2,-0.19478214593799173
6996,211.25,31.25,31.25,0.0,2,-0.19110247817718662
6997,213.75,31.25,31.25,0.0,2,-0.19809394654649082
6998,216.25,31.25,31.25,0.0,2,-0.2071758485900772
6999,218.75,31.25,31.25,0.0,2,-0.19943769473262513
7000,221.25,31.25,31.25,0.0,2,-0.1730708737900954
7001,223.75,31.25,31.25,0.0,2,-0.13279513843641866
7002,226.25,31.25,31.25,0.0,2,-0.10056286612188815
7003,228.75,31.25,31.25,0.0,2,-0.08136831800327188
7004,231.25,31.25,31.25,0.0,2,-0.06536141959050394
7005,233.75,31.25,31.25,0.0,2,-0.05399703529252326
7006,236.25,31.25,31.25,0.0,2,-0.04214495789207618
7007,238.75,31.25,31.25,0.0,2,-0.03548254445875109
7008,241.25,31.25,31.25,0.0,2,-0.050483448254801756
7009,243.75,31.25,31.25,0.0,2,-0.08361625037192759
7010,246.25,31.25,31.25,1.0,0,-0.13744687501340896
7011,248.75,31.25,31.25,1.0,0,-0.18433995772741132
7012,251.25,31.25,31.25,1.0,0,-0.18139727413367365
7013,253.75,31.25,31.25,1.0,0,-0.1338103078854339
7014,256.25,31.25,31.25,1.0,0,-0.08973581244155636
7015,258.75,31.25,31.25,1.0,0,-0.06428830128102489
7016,261.25,31.25,31.25,1.0,0,-0.07036325670119155
7017,263.75,31.25,31.25,1.0,0,-0.08219322698023282
7018,266.25,31.25,31.25,1.0,0,-0.06749290835091844
7019,268.75,31.25,31.25,1.0,0,-0.029238851398562634
7020,271.25,31.25,31.25,1.0,0,0.02759062073984489
7021,273.75,31.25,31.25,1.0,0,0.07267971701533345
7022,276.25,31.25,31.25,1.0,0,0.11266317332992018
7023,278.75,31.25,31.25,0.0,2,0.1310866565825842
7024,281.25,31.25,31.25,0.0,1,0.09872158041289601
7025,283.75,31.25,31.25,0.0,1,0.039256859472205315
7026,286.25,31.25,31.25,0.0,1,-0.02300958742049473
7027,288.75,31.25,31.25,0.0,1,-0.08035140420027226
7028,291.25,31.25,31.25,0.0,1,-0.09573199599518108
7029,293.75,31.25,31.25,0.0,1,-0.07732232968954374
7030,296.25,31.25,31.25,0.0,1,-0.060427475381197956
7031,298.75,31.25,31.25,0.0,1,-0.05264769007220092
7032,301.25,31.25,31.25,0.0,1,-0.059539813176441005
7033,303.75,31.25,31.25,0.0,1,-0.07107275072613083
7034,306.25,31.25,31.25,0.0,1,-0.06896536096595224
7035,308.75,31.25,31.25,0.0,1,-0.05674864300903332
7036,311.25,31.25,31.25,0.0,1,-0.04889883660459727
7037,313.75,31.25,31.25,0.0,1,-0.05541832165927951
7038,316.25,31.25,31.25,0.0,1,-0.06742947568452738
7039,318.75,31.25,31.25,0.0,1,-0.07498115229535111
7040,321.25,31.25,31.25,0.0,1,-0.06712202169661627
7041,323.75,31.25,31.25,0.0,1,-0.05457401044377083
7042,326.25,31.25,31.25,0.0,1,-0.0569500484591654
7043,328.75,31.25,31.25,0.0,1,-0.06772892522376457
7044,331.25,31.25,31.25,0.0,1,-0.0741592679245416
7045,333.75,31.25,31.25,0.0,1,-0.06867280185653847
7046,336.25,31.25,31.25,0.0,1,-0.057317286685480806
7047,338.75,31.25,31.25,0.0,1,-0.045792253032653114
7048,341.25,31.25,31.25,0.0,1,-0.03731025522464749
7049,343.75,31.25,31.25,0.0,1,-0.03043205086977288
7050,346.25,31.25,31.25,0.0,1,-0.02808548626773553
7051,348.75,31.25,31.25,0.0,1,-0.03453208866541447
7052,351.25,31.25,31.25,1.0,0,-0.04691589667801203
7053,353.75,31.25,31.25,1.0,0,-0.0573163837254324
7054,356.25,31.25,31.25,1.0,0,-0.05593082177324589
7055,358.75,31.25,31.25,1.0,0,-0.04620934855459573
7056,1.25,33.75,33.75,1.0,0,0.01531092573126804
7057,3.75,33.75,33.75,1.0,0,0.05104599335765529
7058,6.25,33.75,33.75,1.0,0,0.0670984692271935
7059,8.75,33.75,33.75,1.0,0,0.059690855510059676
7060,11.25,33.75,33.75,0.0,1,0.07973317565875049
7061,13.75,33.75,33.75,0.0,1,0.08929685470700204
7062,16.25,33.75,33.75,0.0,1,0.05949139426273841
7063,18.75,33.75,33.75,0.0,1,0.07533566346474088
7064,21.25,33.75,33.75,0.0,1,0.10579486029721254
7065,23.75,33.75,33.75,0.0,1,0.08792411259015835
7066,26.25,33.75,33.75,0.0,1,0.08539865134751098
7067,28.75,33.75,33.75,0.0,1,0.12140071759686397
7068,31.25,33.75,33.75,0.0,2,0.12006521105351618
7069,33.75,33.75,33.75,0.0,2,0.10359876717839996
7070,36.25,33.75,33.75,0.0,0,0.08007435898770884
7071,38.75,33.75,33.75,1.0,0,0.047173781145387506
7072,41.25,33.75,33.75,1.0,0,0.052545405248486
7073,43.75,33.75,33.75,1.0,0,0.08258194744546601
7074,46.25,33.75,33.75,1.0,0,0.11385833363048249
7075,48.75,33.75,33.75,1.0,0,0.08069451999992176
7076,51.25,33.75,33.75,1.0,0,0.041575630916709634
7077,53.75,33.75,33.75,1.0,0,0.021244440214059822
7078,56.25,33.75,33.75,1.0,0,-0.0005146239043348601
7079,58.75,33.75,33.75,1.0,0,-0.003298546538538225
7080,61.25,33.75,33.75,1.0,0,-0.017755264897628326
7081,63.75,33.75,33.75,1.0,0,-0.019346654648918923
7082,66.25,33.75,33.75,1.0,0,0.011785577258537324
7083,68.75,33.75,33.75,1.0,0,0.0408614839560332
7084,71.25,33.75,33.75,1.0,0,0.12010879516528457
7085,73.75,33.75,33.75,1.0,0,0.3132076637702367
7086,76.25,33.75,33.75,1.0,0,0.009970986013147894
7087,78.75,33.75,33.75,1.0,0,-0.39950958043786255
7088,81.25,33.75,33.75,1.0,0,-0.09047478829814079
7089,83.75,33.75,33.75,1.0,0,0.17393169872409336
7090,86.25,33.75,33.75,1.0,0,0.13240328636984242
7091,88.75,33.75,33.75,1.0,0,0.11098227324944325
7092,91.25,33.75,33.75,1.0,0,0.09659811258178641
7093,93.75,33.75,33.75,1.0,0,-0.004846397845162605
7094,96.25,33.75,33.75,1.0,0,-0.12339024206305195
7095,98.75,33.75,33.75,1.0,0,-0.16584846699238986
7096,101.25,33.75,33.75,1.0,0,-0.22380207694235363
7097,103.75,33.75,33.75,1.0,0,-0.36730792480815866
7098,106.25,33.75,33.75,1.0,0,-0.36791517877032
7099,108.75,33.75,33.75,1.0,0,-0.2734577132821796
7100,111.25,33.75,33.75,1.0,0,-0.21453569465619068
7101,113.75,33.75,33.75,1.0,0,-0.16127780912465406
7102,116.25,33.75,33.75,1.0,0,-0.19420330575584532
7103,118.75,33.75,33.75,1.0,0,-0.25351649312886204
7104,121.25,33.75,33.75,0.0,2,-0.22700960848376575
7105,123.75,33.75,33.75,0.0,2,-0.18203342512108456
7106,126.25,33.75,33.75,0.0,2,-0.22497686837008066
7107,128.75,33.75,33.75,0.0,2,-0.21879005407116942
7108,131.25,33.75,33.75,0.0,2,-0.18604829464743783
7109,133.75,33.75,33.75,0.0,0,-0.2856973910531278
7110,136.25,33.75,33.75,0.0,2,-0.3513432347144596
7111,138.75,33.75,33.75,0.0,2,-0.16792405499642551
7112,141.25,33.75,33.75,0.0,2,0.06754141517599249
7113,143.75,33.75,33.75,0.0,2,0.16542071479254916
7114,146.25,33.75,33.75,0.0,2,0.2261762340482227
7115,148.75,33.75,33.75,0.0,2,0.27605356270602016
7116,151.25,33.75,33.75,0.0,2,0.2784112245815901
7117,153.75,33.75,33.75,0.0,2,0.2843799773967848
7118,156.25,33.75,33.75,0.0,2,0.28543572048573884
7119,158.75,33.75,33.75,0.0,2,0.28707785865646457
7120,161.25,33.75,33.75,0.0,2,0.2904964272881841
7121,163.75,33.75,33.75,0.0,2,0.2798927656991474
7122,166.25,33.75,33.75,0.0,2,0.24611426646339316
7123,168.75,33.75,33.75,0.0,2,0.21677137914258038
7124,171.25,33.75,33.75,0.0,2,0.2033414446801748
7125,173.75,33.75,33.75,0.0,2,0.18819010139020523
7126,176.25,33.75,33.75,0.0,2,0.166823901482493
7127,178.75,33.75,33.75,0.0,2,0.13771638220419624
7128,181.25,33.75,33.75,0.0,2,0.10546232159430821
7129,183.75,33.75,33.75,0.0,2,0.08488083785484532
7130,186.25,33.75,33.75,0.0,2,0.06887875776047687
7131,188.75,33.75,33.75,0.0,2,0.04809105773838864
7132,191.25,33.75,33.75,0.0,2,0.015526694967236798
7133,193.75,33.75,33.75,0.0,2,-0.03053212264988126
7134,196.25,33.75,33.75,0.0,2,-0.057358921695726386
7135,198.75,33.75,33.75,0.0,2,-0.051784443493831794
7136,201.25,33.75,33.75,0.0,2,-0.035769616652527474
7137,203.75,33.75,33.75,0.0,2,-0.03734600718557618
7138,206.25,33.75,33.75,0.0,2,-0.05461039785829017
7139,208.75,33.75,33.75,0.0,2,-0.0626514733067134
7140,211.25,33.75,33.75,0.0,2,-0.0642721791041141
7141,213.75,33.75,33.75,0.0,2,-0.09270193651438717
7142,216.25,33.75,33.75,0.0,2,-0.12285152894048258
7143,218.75,33.75,33.75,0.0,2,-0.11509915928599285
7144,221.25,33.75,33.75,0.0,2,-0.09720993179989601
7145,223.75,33.75,33.75,0.0,2,-0.07457890745804134
7146,226.25,33.75,33.75,0.0,2,-0.048968201657562785
7147,228.75,33.75,33.75,0.0,2,-0.03437995268601405
7148,231.25,33.75,33.75,0.0,2,-0.024685523298255657
7149,233.75,33.75,33.75,0.0,2,-0.013054598534313717
7150,236.25,33.75,33.75,0.0,2,0.0038297170894394275
7151,238.75,33.75,33.75,0.0,2,-0.0027054109678132585
7152,241.25,33.75,33.75,0.0,2,-0.00866270144751665
7153,243.75,33.75,33.75,1.0,0,0.015193568565835824
7154,246.25,33.75,33.75,1.0,0,-0.04410202716302139
7155,248.75,33.75,33.75,1.0,0,-0.17239083313868864
7156,251.25,33.75,33.75,1.0,0,-0.15496793003642426
7157,253.75,33.75,33.75,1.0,0,-0.005608338327173569
7158,256.25,33.75,33.75,1.0,0,0.07834641875567168
7159,258.75,33.75,33.75,1.0,0,0.04375872139186971
7160,261.25,33.75,33.75,1.0,0,-4.984253473198107e-05
7161,263.75,33.75,33.75,1.0,0,0.032486274214797765
7162,266.25,33.75,33.75,1.0,0,0.059227515086455046
7163,268.75,33.75,33.75,1.0,0,0.09166534119422239
7164,271.25,33.75,33.75,1.0,0,0.16658282696834545
7165,273.75,33.75,33.75,1.0,0,0.23896211435220405
7166,276.25,33.75,33.75,1.0,0,0.24009867553528325
7167,278.75,33.75,33.75,1.0,0,0.17815477105603297
7168,281.25,33.75,33.75,0.0,1,0.010254560474548332
7169,283.75,33.75,33.75,0.0,1,-0.09958462738506321
7170,286.25,33.75,33.75,0.0,1,0.022214336320829933
7171,288.75,33.75,33.75,0.0,1,0.1546193751440773
7172,291.25,33.75,33.75,0.0,1,0.21940717829846174
7173,293.75,33.75,33.75,0.0,1,0.2447035201218168
7174,296.25,33.75,33.75,0.0,1,0.24881229171201574
7175,298.75,33.75,33.75,0.0,1,0.26304618110956707
7176,301.25,33.75,33.75,0.0,1,0.2711180132080163
7177,303.75,33.75,33.75,0.0,1,0.24954115654790263
7178,306.25,33.75,33.75,0.0,1,0.22977612606552045
7179,308.75,33.75,33.75,0.0,1,0.23666356503178448
7180,311.25,33.75,33.75,0.0,1,0.24199040308867548
7181,313.75,33.75,33.75,0.0,1,0.2377363130487935
7182,316.25,33.75,33.75,0.0,1,0.22730161201079985
7183,318.75,33.75,33.75,0.0,1,0.19681000790803438
7184,321.25,33.75,33.75,0.0,1,0.1681755171619411
7185,323.75,33.75,33.75,0.0,1,0.14394694773878353
7186,326.25,33.75,33.75,0.0,1,0.1156432673951881
7187,328.75,33.75,33.75,0.0,1,0.08945715836032878
7188,331.25,33.75,33.75,0.0,1,0.06641065188573175
7189,333.75,33.75,33.75,0.0,1,0.050519180886887116
7190,336.25,33.75,33.75,0.0,1,0.04405072026856233
7191,338.75,33.75,33.75,0.0,1,0.036173637362915435
7192,341.25,33.75,33.75,0.0,1,0.025380394473320644
7193,343.75,33.75,33.75,0.0,1,0.021238746080090107
7194,346.25,33.75,33.75,0.0,1,0.019808530884987987
7195,348.75,33.75,33.75,0.0,1,0.009974605224888945
7196,351.25,33.75,33.75,0.0,1,-0.011637437296168205
7197,353.75,33.75,33.75,1.0,0,-0.04380700098630053
7198,356.25,33.75,33.75,1.0,0,-0.04511062158206853
7199,358.75,33.75,33.75,1.0,0,-0.014242624334341272
7200,1.25,36.25,36.25,0.0,1,-0.028037900690602108
7201,3.75,36.25,36.25,1.0,0,0.005974851287172859
7202,6.25,36.25,36.25,1.0,0,0.024508100636925403
7203,8.75,36.25,36.25,1.0,0,0.018497751527872277
7204,11.25,36.25,36.25,0.0,1,0.011368471673058723
7205,13.75,36.25,36.25,0.0,1,0.007658308161196053
7206,16.25,36.25,36.25,0.0,1,0.006709708158734453
7207,18.75,36.25,36.25,0.0,1,0.009183858799089327
7208,21.25,36.25,36.25,0.0,1,-0.003577298907680117
7209,23.75,36.25,36.25,0.0,1,-0.01709127363308677
7210,26.25,36.25,36.25,0.0,1,-0.028536399656217622
7211,28.75,36.25,36.25,0.0,1,-0.04956442496745522
7212,31.25,36.25,36.25,0.0,2,-0.060956342393735444
7213,33.75,36.25,36.25,0.0,2,-0.05876690053648796
7214,36.25,36.25,36.25,0.0,0,-0.03493249022664251
7215,38.75,36.25,36.25,1.0,0,-0.01258395004416803
7216,41.25,36.25,36.25,1.0,0,-0.008036602763828738
7217,43.75,36.25,36.25,1.0,0,0.006675472441812567
7218,46.25,36.25,36.25,1.0,0,-0.00021297110514385584
7219,48.75,36.25,36.25,1.0,0,-0.003800716719205794
7220,51.25,36.25,36.25,0.0,0,-0.0025120538648693513
7221,53.75,36.25,36.25,0.0,0,-0.019812567625425933
7222,56.25,36.25,36.25,1.0,0,-0.026739974189420986
7223,58.75,36.25,36.25,1.0,0,-0.023655010650407208
7224,61.25,36.25,36.25,1.0,0,-0.0261009520238855
7225,63.75,36.25,36.25,1.0,0,-0.03700316287550988
7226,66.25,36.25,36.25,1.0,0,-0.04903421452995822
7227,68.75,36.25,36.25,1.0,0,-0.05431084857670239
7228,71.25,36.25,36.25,1.0,0,-0.04495408218489206
7229,73.75,36.25,36.25,1.0,0,-0.12062995214475843
7230,76.25,36.25,36.25,1.0,0,-0.1611877139949085
7231,78.75,36.25,36.25,1.0,0,-0.05714099441244474
7232,81.25,36.25,36.25,1.0,0,0.012187122874578845
7233,83.75,36.25,36.25,1.0,0,0.04519979546093113
7234,86.25,36.25,36.25,1.0,0,0.09497905470961225
7235,88.75,36.25,36.25,1.0,0,0.11903824803936428
7236,91.25,36.25,36.25,1.0,0,0.11167368988042245
7237,93.75,36.25,36.25,1.0,0,0.05422954912718809
7238,96.25,36.25,36.25,1.0,0,-0.00857920858834137
7239,98.75,36.25,36.25,1.0,0,-0.01991810254863715
7240,101.25,36.25,36.25,1.0,0,-0.050247878683599485
7241,103.75,36.25,36.25,1.0,0,-0.12285332314365506
7242,106.25,36.25,36.25,1.0,0,-0.10842426103875588
7243,108.75,36.25,36.25,1.0,0,-0.035651285667926406
7244,111.25,36.25,36.25,1.0,0,0.006110515704893599
7245,113.75,36.25,36.25,1.0,0,0.06599438965343285
7246,116.25,36.25,36.25,1.0,0,0.08083779782352199
7247,118.75,36.25,36.25,1.0,0,0.04624086898325813
7248,121.25,36.25,36.25,0.0,2,0.004605152262971694
7249,123.75,36.25,36.25,0.0,2,-0.024423341269603025
7250,126.25,36.25,36.25,0.0,2,-0.01647795360264998
7251,128.75,36.25,36.25,0.0,2,0.013732078044378683
7252,131.25,36.25,36.25,0.0,2,0.04518655245164527
7253,133.75,36.25,36.25,0.0,2,0.05924563837104584
7254,136.25,36.25,36.25,0.0,2,0.02163008172516392
7255,138.75,36.25,36.25,1.0,0,-0.11452950971225265
7256,141.25,36.25,36.25,0.0,2,-0.1591954026117553
7257,143.75,36.25,36.25,0.0,2,-0.06574218769908453
7258,146.25,36.25,36.25,0.0,2,0.0018198925457474518
7259,148.75,36.25,36.25,0.0,2,0.03865708124202353
7260,151.25,36.25,36.25,0.0,2,0.08038183847861392
7261,153.75,36.25,36.25,0.0,2,0.11994514650322301
7262,156.25,36.25,36.25,0.0,2,0.14606611960041294
7263,158.75,36.25,36.25,0.0,2,0.16823662551082932
7264,161.25,36.25,36.25,0.0,2,0.1803691289498705
7265,163.75,36.25,36.25,0.0,2,0.17729913738151432
7266,166.25,36.25,36.25,0.0,2,0.16617328053190364
7267,168.75,36.25,36.25,0.0,2,0.14752351564018618
7268,171.25,36.25,36.25,0.0,2,0.1290360712580878
7269,173.75,36.25,36.25,0.0,2,0.12039722154111156
7270,176.25,36.25,36.25,0.0,2,0.11618405661784317
7271,178.75,36.25,36.25,0.0,2,0.10352850292066122
7272,181.25,36.25,36.25,0.0,2,0.08001096422170553
7273,183.75,36.25,36.25,0.0,2,0.04776919869758862
7274,186.25,36.25,36.25,0.0,2,0.005017972628581896
7275,188.75,36.25,36.25,0.0,2,-0.037279483168757725
7276,191.25,36.25,36.25,0.0,2,-0.0798570274727303
7277,193.75,36.25,36.25,0.0,2,-0.1204386850065171
7278,196.25,36.25,36.25,0.0,2,-0.1228224537503432
7279,198.75,36.25,36.25,0.0,2,-0.09638611139467777
7280,201.25,36.25,36.25,0.0,2,-0.08313785350650926
7281,203.75,36.25,36.25,0.0,2,-0.09673592539233095
7282,206.25,36.25,36.25,0.0,2,-0.11325357390572306
7283,208.75,36.25,36.25,0.0,2,-0.12663405942306422
7284,211.25,36.25,36.25,0.0,2,-0.13305164859876703
7285,213.75,36.25,36.25,0.0,2,-0.13556578648594364
7286,216.25,36.25,36.25,0.0,2,-0.1561687755648395
7287,218.75,36.25,36.25,0.0,2,-0.16171955114225123
7288,221.25,36.25,36.25,0.0,2,-0.14459920846237379
7289,223.75,36.25,36.25,0.0,2,-0.12263362911297229
7290,226.25,36.25,36.25,0.0,2,-0.0986172795519687
7291,228.75,36.25,36.25,0.0,2,-0.07974093856395718
7292,231.25,36.25,36.25,0.0,2,-0.06030916139187247
7293,233.75,36.25,36.25,0.0,2,-0.03759575505268044
7294,236.25,36.25,36.25,0.0,2,-0.04035800531090433
7295,238.75,36.25,36.25,0.0,2,-0.06573003867756198
7296,241.25,36.25,36.25,1.0,0,-0.0857642592999798
7297,243.75,36.25,36.25,1.0,0,-0.10420677169284426
7298,246.25,36.25,36.25,1.0,0,-0.1264164032241324
7299,248.75,36.25,36.25,1.0,0,-0.1501676662919344
7300,251.25,36.25,36.25,1.0,0,-0.18158429430071862
7301,253.75,36.25,36.25,1.0,0,-0.1536049506442812
7302,256.25,36.25,36.25,1.0,0,-0.03644094736484592
7303,258.75,36.25,36.25,1.0,0,0.017217410620624603
7304,261.25,36.25,36.25,1.0,0,-0.011076931839832363
7305,263.75,36.25,36.25,1.0,0,-0.01067174882024142
7306,266.25,36.25,36.25,1.0,0,0.006466673723934571
7307,268.75,36.25,36.25,1.0,0,0.019809591993017014
7308,271.25,36.25,36.25,1.0,0,0.0525031358983629
7309,273.75,36.25,36.25,1.0,0,0.10509699453343989
7310,276.25,36.25,36.25,1.0,0,0.1493517262030917
7311,278.75,36.25,36.25,1.0,0,0.1501502547556482
7312,281.25,36.25,36.25,1.0,0,0.1047912777995877
7313,283.75,36.25,36.25,0.0,1,0.05040010044998999
7314,286.25,36.25,36.25,0.0,1,0.043898790208478054
7315,288.75,36.25,36.25,0.0,1,0.060448542458724434
7316,291.25,36.25,36.25,0.0,1,0.0604251561949672
7317,293.75,36.25,36.25,0.0,1,0.0561062826791843
7318,296.25,36.25,36.25,0.0,1,0.04650611650352167
7319,298.75,36.25,36.25,0.0,1,0.05009377373495694
7320,301.25,36.25,36.25,0.0,1,0.06604849081330988
7321,303.75,36.25,36.25,0.0,1,0.06073678905218973
7322,306.25,36.25,36.25,0.0,1,0.028238234982818404
7323,308.75,36.25,36.25,0.0,1,-0.0007516480596424836
7324,311.25,36.25,36.25,0.0,1,-0.01899125958203001
7325,313.75,36.25,36.25,0.0,1,-0.03164782648174989
7326,316.25,36.25,36.25,0.0,1,-0.02790465527693068
7327,318.75,36.25,36.25,0.0,1,-0.011788837454860108
7328,321.25,36.25,36.25,0.0,1,0.003165906356487276
7329,323.75,36.25,36.25,0.0,1,0.006070655070464967
7330,326.25,36.25,36.25,0.0,1,0.007683603227210638
7331,328.75,36.25,36.25,0.0,1,0.013935268958084175
7332,331.25,36.25,36.25,0.0,1,0.009966526399181884
7333,333.75,36.25,36.25,0.0,1,-0.005791495726837905
7334,336.25,36.25,36.25,0.0,1,-0.019555372935898926
7335,338.75,36.25,36.25,0.0,1,-0.026792382615825318
7336,341.25,36.25,36.25,0.0,1,-0.03547313139045561
7337,343.75,36.25,36.25,0.0,1,-0.039588843126703764
7338,346.25,36.25,36.25,0.0,1,-0.0361180142848866
7339,348.75,36.25,36.25,0.0,1,-0.03867373969340393
7340,351.25,36.25,36.25,0.0,1,-0.05960463644081135
7341,353.75,36.25,36.25,0.0,1,-0.06517759593934722
7342,356.25,36.25,36.25,0.0,0,-0.05423486616225544
7343,358.75,36.25,36.25,0.0,1,-0.04944144586390092
7344,1.25,38.75,38.75,0.0,1,-0.061175672159523485
7345,3.75,38.75,38.75,0.0,1,-0.02814123795310675
7346,6.25,38.75,38.75,0.0,1,-0.03179403649095396
7347,8.75,38.75,38.75,0.0,1,-0.05577184698314045
7348,11.25,38.75,38.75,0.0,1,-0.0647553929724619
7349,13.75,38.75,38.75,0.0,1,-0.07503087811564624
7350,16.25,38.75,38.75,0.0,1,-0.10163355629696241
7351,18.75,38.75,38.75,0.0,1,-0.12427381874453672
7352,21.25,38.75,38.75,0.0,1,-0.11223587573033282
7353,23.75,38.75,38.75,0.0,0,-0.10987453634026251
7354,26.25,38.75,38.75,0.0,1,-0.15944174738071723
7355,28.75,38.75,38.75,1.0,0,-0.18866373404154022
7356,31.25,38.75,38.75,1.0,0,-0.1654628856500643
7357,33.75,38.75,38.75,1.0,0,-0.15474868916546208
7358,36.25,38.75,38.75,1.0,0,-0.17511559593551246
7359,38.75,38.75,38.75,1.0,0,-0.2019818387679531
7360,41.25,38.75,38.75,1.0,0,-0.20922789142926504
7361,43.75,38.75,38.75,1.0,0,-0.13283516323119368
7362,46.25,38.75,38.75,1.0,0,-0.054407129326066166
7363,48.75,38.75,38.75,0.0,0,-0.00011550724739459216
7364,51.25,38.75,38.75,0.0,0,0.030650207910356334
7365,53.75,38.75,38.75,0.0,0,0.011973200911460731
7366,56.25,38.75,38.75,1.0,0,0.0014631534523601982
7367,58.75,38.75,38.75,1.0,0,-0.0022776173762321787
7368,61.25,38.75,38.75,1.0,0,-0.0053573819113299425
7369,63.75,38.75,38.75,1.0,0,-0.013809092747383032
7370,66.25,38.75,38.75,1.0,0,-0.05005186726933916
7371,68.75,38.75,38.75,1.0,0,-0.08693032419189857
7372,71.25,38.75,38.75,1.0,0,-0.0517032287752462
7373,73.75,38.75,38.75,1.0,0,0.01115563287919104
7374,76.25,38.75,38.75,1.0,0,-0.0065492986840929805
7375,78.75,38.75,38.75,1.0,0,0.04608551051924028
7376,81.25,38.75,38.75,1.0,0,0.1353081990978004
7377,83.75,38.75,38.75,1.0,0,0.1671644315800227
7378,86.25,38.75,38.75,1.0,0,0.19474422620910486
7379,88.75,38.75,38.75,1.0,0,0.18371478730583896
7380,91.25,38.75,38.75,1.0,0,0.1722464796236754
7381,93.75,38.75,38.75,1.0,0,0.13732751738371837
7382,96.25,38.75,38.75,1.0,0,0.13275754393529107
7383,98.75,38.75,38.75,1.0,0,0.20251390276185216
7384,101.25,38.75,38.75,1.0,0,0.2995605752571307
7385,103.75,38.75,38.75,1.0,0,0.3466694099191069
7386,106.25,38.75,38.75,1.0,0,0.321501206798322
7387,108.75,38.75,38.75,1.0,0,0.29577624433186833
7388,111.25,38.75,38.75,1.0,0,0.2935393573156815
7389,113.75,38.75,38.75,1.0,0,0.3001181675867553
7390,116.25,38.75,38.75,1.0,0,0.2940927334402025
7391,118.75,38.75,38.75,0.0,0,0.2853843219393818
7392,121.25,38.75,38.75,0.0,0,0.23657091361408183
7393,123.75,38.75,38.75,0.0,0,0.17047652918194758
7394,126.25,38.75,38.75,1.0,0,0.19901787883051394
7395,128.75,38.75,38.75,0.0,2,0.34541072433036546
7396,131.25,38.75,38.75,0.0,2,0.4702847883478575
7397,133.75,38.75,38.75,0.0,2,0.3632224918568122
7398,136.25,38.75,38.75,0.0,2,0.15202461612520315
7399,138.75,38.75,38.75,0.0,2,0.0814078173425299
7400,141.25,38.75,38.75,0.0,2,0.15081620839060556
7401,143.75,38.75,38.75,0.0,2,0.20032134251443023
7402,146.25,38.75,38.75,0.0,2,0.1917685348225955
7403,148.75,38.75,38.75,0.0,2,0.17700445404726875
7404,151.25,38.75,38.75,0.0,2,0.1519496019888761
7405,153.75,38.75,38.75,0.0,2,0.15001711900232823
7406,156.25,38.75,38.75,0.0,2,0.14056532990243517
7407,158.75,38.75,38.75,0.0,2,0.12670784647063
7408,161.25,38.75,38.75,0.0,2,0.1372869576978277
7409,163.75,38.75,38.75,0.0,2,0.14414460369178894
7410,166.25,38.75,38.75,0.0,2,0.12909683671273522
7411,168.75,38.75,38.75,0.0,2,0.11450017346877386
7412,171.25,38.75,38.75,0.0,2,0.10677942230928229
7413,173.75,38.75,38.75,0.0,2,0.1001495950304735
7414,176.25,38.75,38.75,0.0,2,0.10055166720573762
7415,178.75,38.75,38.75,0.0,2,0.112776471520613
7416,181.25,38.75,38.75,0.0,2,0.12198734187879141
7417,183.75,38.75,38.75,0.0,2,0.11863368091147598
7418,186.25,38.75,38.75,0.0,2,0.0853056706348349
7419,188.75,38.75,38.75,0.0,2,0.016808212646521655
7420,191.25,38.75,38.75,0.0,2,-0.057052587544148846
7421,193.75,38.75,38.75,0.0,2,-0.1106196479984936
7422,196.25,38.75,38.75,0.0,2,-0.11831966432874853
7423,198.75,38.75,38.75,0.0,2,-0.0957851504816617
7424,201.25,38.75,38.75,0.0,2,-0.08415527225449157
7425,203.75,38.75,38.75,0.0,2,-0.09607196254380139
7426,206.25,38.75,38.75,0.0,2,-0.11548149483486003
7427,208.75,38.75,38.75,0.0,2,-0.13448660493024084
7428,211.25,38.75,38.75,0.0,2,-0.1510972638124981
7429,213.75,38.75,38.75,0.0,2,-0.16214599966014617
7430,216.25,38.75,38.75,0.0,2,-0.18384820461237103
7431,218.75,38.75,38.75,0.0,2,-0.20516306164933618
7432,221.25,38.75,38.75,0.0,2,-0.20078669888708578
7433,223.75,38.75,38.75,0.0,2,-0.17497487062827619
7434,226.25,38.75,38.75,0.0,2,-0.14445590020287746
7435,228.75,38.75,38.75,0.0,2,-0.12423707377670684
7436,231.25,38.75,38.75,0.0,2,-0.11313031652854671
7437,233.75,38.75,38.75,0.0,2,-0.12191136896503264
7438,236.25,38.75,38.75,0.0,2,-0.18169625424108318
7439,238.75,38.75,38.75,1.0,0,-0.23473201764155638
7440,241.25,38.75,38.75,1.0,0,-0.18322379510664258
7441,243.75,38.75,38.75,1.0,0,-0.10641663901924531
7442,246.25,38.75,38.75,1.0,0,-0.08149260297537805
7443,248.75,38.75,38.75,1.0,0,-0.06713406096674195
7444,251.25,38.75,38.75,1.0,0,-0.03863574547799295
7445,253.75,38.75,38.75,1.0,0,0.04820617186486557
7446,256.25,38.75,38.75,1.0,0,0.16632795890665514
7447,258.75,38.75,38.75,1.0,0,0.1702521490287892
7448,261.25,38.75,38.75,1.0,0,0.09469737135867927
7449,263.75,38.75,38.75,1.0,0,0.0554753605406462
7450,266.25,38.75,38.75,1.0,0,0.035692846924271764
7451,268.75,38.75,38.75,1.0,0,0.035665892377041444
7452,271.25,38.75,38.75,1.0,0,0.07724285359937287
7453,273.75,38.75,38.75,1.0,0,0.12524538269000837
7454,276.25,38.75,38.75,1.0,0,0.14015285119789878
7455,278.75,38.75,38.75,1.0,0,0.16069404735986148
7456,281.25,38.75,38.75,1.0,0,0.15185883083640547
7457,283.75,38.75,38.75,0.0,0,0.18351433673587014
7458,286.25,38.75,38.75,0.0,1,0.29408597778904244
7459,288.75,38.75,38.75,0.0,1,0.3426092199215438
7460,291.25,38.75,38.75,0.0,1,0.32015501824215187
7461,293.75,38.75,38.75,0.0,1,0.28886954063961773
7462,296.25,38.75,38.75,0.0,1,0.2429461990875942
7463,298.75,38.75,38.75,0.0,1,0.1851319723593945
7464,301.25,38.75,38.75,0.0,1,0.14795803024364196
7465,303.75,38.75,38.75,0.0,1,0.13624946713293296
7466,306.25,38.75,38.75,0.0,1,0.13541623096106956
7467,308.75,38.75,38.75,0.0,1,0.12235157957238525
7468,311.25,38.75,38.75,0.0,1,0.07198847327056443
7469,313.75,38.75,38.75,0.0,1,-0.009181986645125251
7470,316.25,38.75,38.75,0.0,1,-0.09169360932029208
7471,318.75,38.75,38.75,0.0,1,-0.15386318964621087
7472,321.25,38.75,38.75,0.0,1,-0.19243508653613817
7473,323.75,38.75,38.75,0.0,1,-0.21949144674392443
7474,326.25,38.75,38.75,0.0,1,-0.21875617410735748
7475,328.75,38.75,38.75,0.0,1,-0.16933420304043487
7476,331.25,38.75,38.75,0.0,1,-0.10649858214296254
7477,333.75,38.75,38.75,0.0,1,-0.07807500518330829
7478,336.25,38.75,38.75,0.0,1,-0.08332035175559317
7479,338.75,38.75,38.75,0.0,1,-0.09740740731195294
7480,341.25,38.75,38.75,0.0,1,-0.10615357312582696
7481,343.75,38.75,38.75,0.0,1,-0.10679057912633844
7482,346.25,38.75,38.75,0.0,1,-0.11184207542645969
7483,348.75,38.75,38.75,0.0,1,-0.1343603411938329
7484,351.25,38.75,38.75,0.0,1,-0.194023110408044
7485,353.75,38.75,38.75,1.0,0,-0.21953208924176337
7486,356.25,38.75,38.75,1.0,0,-0.15467754471514067
7487,358.75,38.75,38.75,1.0,0,-0.09764815069371956
7488,1.25,41.25,41.25,0.0,1,-0.030499935062839864
7489,3.75,41.25,41.25,0.0,1,-0.03974325416184072
7490,6.25,41.25,41.25,0.0,1,-0.03318114043514367
7491,8.75,41.25,41.25,0.0,1,-0.02320102076859505
7492,11.25,41.25,41.25,0.0,1,-0.015798682631810477
7493,13.75,41.25,41.25,0.0,1,-0.011427262861113466
7494,16.25,41.25,41.25,0.0,0,-0.027481148509523087
7495,18.75,41.25,41.25,0.0,0,-0.051842842373904616
7496,21.25,41.25,41.25,1.0,0,-0.05710184604031487
7497,23.75,41.25,41.25,1.0,0,-0.06615116112206745
7498,26.25,41.25,41.25,0.0,0,-0.1019930801278665
7499,28.75,41.25,41.25,0.0,1,-0.09520935820897009
7500,31.25,41.25,41.25,0.0,2,-0.052642209750145524
7501,33.75,41.25,41.25,1.0,0,-0.06131500601297243
7502,36.25,41.25,41.25,0.0,0,-0.07670198532874785
7503,38.75,41.25,41.25,0.0,2,-0.08276562298711539
7504,41.25,41.25,41.25,0.0,2,-0.0757236279128213
7505,43.75,41.25,41.25,1.0,0,-0.04537567784213006
7506,46.25,41.25,41.25,1.0,0,-0.022581374390493902
7507,48.75,41.25,41.25,0.0,0,-0.010406903260782302
7508,51.25,41.25,41.25,0.0,0,-0.005652270290961784
7509,53.75,41.25,41.25,0.0,0,-0.00924595747160795
7510,56.25,41.25,41.25,1.0,0,-0.014371764764690062
7511,58.75,41.25,41.25,1.0,0,-0.015203667597292473
7512,61.25,41.25,41.25,1.0,0,-0.012595646415818314
7513,63.75,41.25,41.25,1.0,0,-0.011764656016339702
7514,66.25,41.25,41.25,1.0,0,-0.019895437797065905
7515,68.75,41.25,41.25,1.0,0,-0.03794407787942283
7516,71.25,41.25,41.25,1.0,0,-0.042197584303927
7517,73.75,41.25,41.25,1.0,0,-0.019922380882589245
7518,76.25,41.25,41.25,1.0,0,-0.00019467155058100618
7519,78.75,41.25,41.25,1.0,0,8.894940480683864e-06
7520,81.25,41.25,41.25,1.0,0,-0.004584437949226996
7521,83.75,41.25,41.25,1.0,0,-0.0036074767646521403
7522,86.25,41.25,41.25,1.0,0,-0.0020657326212282757
7523,88.75,41.25,41.25,1.0,0,0.00043873259685729975
7524,91.25,41.25,41.25,1.0,0,0.005768951864628314
7525,93.75,41.25,41.25,1.0,0,0.015587037581019016
7526,96.25,41.25,41.25,1.0,0,0.027033748716716426
7527,98.75,41.25,41.25,1.0,0,0.03915109805573493
7528,101.25,41.25,41.25,1.0,0,0.05236155386726319
7529,103.75,41.25,41.25,1.0,0,0.06647972624285263
7530,106.25,41.25,41.25,1.0,0,0.09032026026914806
7531,108.75,41.25,41.25,1.0,0,0.12343209493950064
7532,111.25,41.25,41.25,1.0,0,0.15265259005525755
7533,113.75,41.25,41.25,1.0,0,0.17435166091633222
7534,116.25,41.25,41.25,1.0,0,0.1987764193879006
7535,118.75,41.25,41.25,1.0,0,0.20991545200586184
7536,121.25,41.25,41.25,1.0,0,0.1998515145905387
7537,123.75,41.25,41.25,1.0,0,0.1941289867487915
7538,126.25,41.25,41.25,1.0,0,0.21821202107361531
7539,128.75,41.25,41.25,1.0,0,0.2857861041303821
7540,131.25,41.25,41.25,0.0,2,0.34012593031624827
7541,133.75,41.25,41.25,0.0,2,0.2962876768003626
7542,136.25,41.25,41.25,0.0,2,0.13436288228740256
7543,138.75,41.25,41.25,0.0,2,0.02111682446804752
7544,141.25,41.25,41.25,0.0,2,0.034342478924804826
7545,143.75,41.25,41.25,0.0,2,0.05142226241868817
7546,146.25,41.25,41.25,0.0,2,0.06508073898476821
7547,148.75,41.25,41.25,0.0,2,0.07897922370643214
7548,151.25,41.25,41.25,0.0,2,0.06546623633052331
7549,153.75,41.25,41.25,0.0,2,0.05171349786465816
7550,156.25,41.25,41.25,0.0,2,0.05101927815418627
7551,158.75,41.25,41.25,0.0,2,0.0439026419747988
7552,161.25,41.25,41.25,0.0,2,0.05218918166690091
7553,163.75,41.25,41.25,0.0,2,0.09291198287879589
7554,166.25,41.25,41.25,0.0,2,0.1196061483600296
7555,168.75,41.25,41.25,0.0,2,0.11443046284951368
7556,171.25,41.25,41.25,0.0,2,0.10386364942500129
7557,173.75,41.25,41.25,0.0,2,0.09396194142874813
7558,176.25,41.25,41.25,0.0,2,0.08489840486922166
7559,178.75,41.25,41.25,0.0,2,0.09743414655287648
7560,181.25,41.25,41.25,0.0,2,0.12666126413478285
7561,183.75,41.25,41.25,0.0,2,0.14045884171128592
7562,186.25,41.25,41.25,0.0,2,0.12603824456637666
7563,188.75,41.25,41.25,0.0,2,0.08377178830183796
7564,191.25,41.25,41.25,0.0,2,0.024602298281458483
7565,193.75,41.25,41.25,0.0,2,-0.02746475917993971
7566,196.25,41.25,41.25,0.0,2,-0.044270859570384846
7567,198.75,41.25,41.25,0.0,2,-0.03878801280689957
7568,201.25,41.25,41.25,0.0,2,-0.034515519254857456
7569,203.75,41.25,41.25,0.0,2,-0.036196483736047495
7570,206.25,41.25,41.25,0.0,2,-0.047966178973499966
7571,208.75,41.25,41.25,0.0,2,-0.06888569476604293
7572,211.25,41.25,41.25,0.0,2,-0.09383373317059644
7573,213.75,41.25,41.25,0.0,2,-0.10947321831231618
7574,216.25,41.25,41.25,0.0,2,-0.12111614301045699
7575,218.75,41.25,41.25,0.0,2,-0.13312556490611324
7576,221.25,41.25,41.25,0.0,2,-0.13027496679758796
7577,223.75,41.25,41.25,0.0,2,-0.11120144939203316
7578,226.25,41.25,41.25,0.0,2,-0.08795962579761536
7579,228.75,41.25,41.25,0.0,2,-0.07342259232153218
7580,231.25,41.25,41.25,0.0,2,-0.06663366996965357
7581,233.75,41.25,41.25,0.0,2,-0.06299828132849686
7582,236.25,41.25,41.25,0.0,2,-0.07358595408857233
7583,238.75,41.25,41.25,1.0,0,-0.09251290555217188
7584,241.25,41.25,41.25,1.0,0,-0.09218908939295825
7585,243.75,41.25,41.25,1.0,0,-0.08175952995596308
7586,246.25,41.25,41.25,1.0,0,-0.07848681913861465
7587,248.75,41.25,41.25,1.0,0,-0.06534547792109234
7588,251.25,41.25,41.25,1.0,0,-0.027572292721801527
7589,253.75,41.25,41.25,1.0,0,0.07790519132392335
7590,256.25,41.25,41.25,1.0,0,0.20856880331659475
7591,258.75,41.25,41.25,1.0,0,0.20278123131517242
7592,261.25,41.25,41.25,1.0,0,0.10260922652908579
7593,263.75,41.25,41.25,1.0,0,0.05133439317977628
7594,266.25,41.25,41.25,1.0,0,0.03797871649956383
7595,268.75,41.25,41.25,1.0,0,0.03139531711827445
7596,271.25,41.25,41.25,1.0,0,0.03424873146764543
7597,273.75,41.25,41.25,1.0,0,0.04855825339322899
7598,276.25,41.25,41.25,1.0,0,0.06888316366869611
7599,278.75,41.25,41.25,1.0,0,0.08754175114314887
7600,281.25,41.25,41.25,1.0,0,0.08822117937606823
7601,283.75,41.25,41.25,1.0,0,0.09030162649677602
7602,286.25,41.25,41.25,1.0,0,0.11024289414078897
7603,288.75,41.25,41.25,0.0,1,0.13198626578926287
7604,291.25,41.25,41.25,0.0,1,0.16910323233194943
7605,293.75,41.25,41.25,0.0,1,0.2346795068729416
7606,296.25,41.25,41.25,0.0,1,0.28780928871097144
7607,298.75,41.25,41.25,0.0,1,0.3009419710103284
7608,301.25,41.25,41.25,0.0,1,0.3028147946205483
7609,303.75,41.25,41.25,0.0,1,0.3010544123064821
7610,306.25,41.25,41.25,0.0,1,0.30565640274626993
7611,308.75,41.25,41.25,0.0,1,0.32244520466574456
7612,311.25,41.25,41.25,0.0,1,0.3147824676087366
7613,313.75,41.25,41.25,0.0,1,0.26548254161381957
7614,316.25,41.25,41.25,0.0,1,0.18717380315748922
7615,318.75,41.25,41.25,0.0,1,0.07006740204892487
7616,321.25,41.25,41.25,0.0,1,-0.08321332759644932
7617,323.75,41.25,41.25,0.0,1,-0.18807725294528788
7618,326.25,41.25,41.25,0.0,1,-0.18629978498308875
7619,328.75,41.25,41.25,0.0,1,-0.10691626940586049
7620,331.25,41.25,41.25,0.0,1,-0.03957866115847671
7621,333.75,41.25,41.25,0.0,1,-0.03089774538403331
7622,336.25,41.25,41.25,0.0,1,-0.03937259757305722
7623,338.75,41.25,41.25,0.0,1,-0.0551912062814615
7624,341.25,41.25,41.25,0.0,1,-0.06934990552747895
7625,343.75,41.25,41.25,0.0,1,-0.07199334423601002
7626,346.25,41.25,41.25,0.0,1,-0.07836002121067112
7627,348.75,41.25,41.25,0.0,1,-0.09445656894937772
7628,351.25,41.25,41.25,1.0,0,-0.11650175000125278
7629,353.75,41.25,41.25,1.0,0,-0.09959516833680802
7630,356.25,41.25,41.25,1.0,0,-0.0478087008872702
7631,358.75,41.25,41.25,1.0,0,-0.022689716992603356
7632,1.25,43.75,43.75,1.0,0,0.14500879222091767
7633,3.75,43.75,43.75,1.0,0,0.09203283282104087
7634,6.25,43.75,43.75,1.0,0,0.07479645557966765
7635,8.75,43.75,43.75,0.0,1,0.10386348462387958
7636,11.25,43.75,43.75,1.0,0,0.07688010417745447
7637,13.75,43.75,43.75,0.0,0,0.04498719211979142
7638,16.25,43.75,43.75,0.0,0,0.00211272026597773
7639,18.75,43.75,43.75,1.0,0,-0.02910787833852982
7640,21.25,43.75,43.75,1.0,0,-0.0071620118685269745
7641,23.75,43.75,43.75,1.0,0,-0.01340824412852175
7642,26.25,43.75,43.75,1.0,0,-0.0563499125234829
7643,28.75,43.75,43.75,0.0,1,-0.06287572403840118
7644,31.25,43.75,43.75,0.0,2,-0.03215980852914139
7645,33.75,43.75,43.75,0.0,2,-0.04380491153289279
7646,36.25,43.75,43.75,0.0,2,-0.10987652721679435
7647,38.75,43.75,43.75,0.0,2,-0.21263177513588244
7648,41.25,43.75,43.75,1.0,0,-0.24735667845030826
7649,43.75,43.75,43.75,1.0,0,-0.203629693276464
7650,46.25,43.75,43.75,0.0,0,-0.14231318867298806
7651,48.75,43.75,43.75,0.0,0,-0.05602641282834366
7652,51.25,43.75,43.75,0.0,0,0.0011007154613232647
7653,53.75,43.75,43.75,1.0,0,0.018016454447665302
7654,56.25,43.75,43.75,1.0,0,0.02820142502929788
7655,58.75,43.75,43.75,1.0,0,0.028539727801420875
7656,61.25,43.75,43.75,1.0,0,0.03033789248232548
7657,63.75,43.75,43.75,1.0,0,0.027874655365255147
7658,66.25,43.75,43.75,1.0,0,0.016966887308952103
7659,68.75,43.75,43.75,1.0,0,-0.004592374209566409
7660,71.25,43.75,43.75,1.0,0,-0.05255089304267914
7661,73.75,43.75,43.75,1.0,0,-0.09826897597565529
7662,76.25,43.75,43.75,1.0,0,-0.03787927675786954
7663,78.75,43.75,43.75,1.0,0,0.060366376670862365
7664,81.25,43.75,43.75,1.0,0,0.07028480530971218
7665,83.75,43.75,43.75,1.0,0,0.054693472815324815
7666,86.25,43.75,43.75,1.0,0,0.03707920390620801
7667,88.75,43.75,43.75,1.0,0,0.014780750136976318
7668,91.25,43.75,43.75,1.0,0,0.01566631153893884
7669,93.75,43.75,43.75,1.0,0,0.028552948147823907
7670,96.25,43.75,43.75,1.0,0,0.04462542212899061
7671,98.75,43.75,43.75,1.0,0,0.05732236823114927
7672,101.25,43.75,43.75,1.0,0,0.06754520006901095
7673,103.75,43.75,43.75,1.0,0,0.0865971409962468
7674,106.25,43.75,43.75,1.0,0,0.09461179299327188
7675,108.75,43.75,43.75,1.0,0,0.0860330781647606
7676,111.25,43.75,43.75,1.0,0,0.09427396576731412
7677,113.75,43.75,43.75,1.0,0,0.11804302064676782
7678,116.25,43.75,43.75,1.0,0,0.10679490430089504
7679,118.75,43.75,43.75,1.0,0,0.10292858119834446
7680,121.25,43.75,43.75,1.0,0,0.10624732963915214
7681,123.75,43.75,43.75,1.0,0,0.08656375602337894
7682,126.25,43.75,43.75,1.0,0,0.10065396487833297
7683,128.75,43.75,43.75,1.0,0,0.1440830468905666
7684,131.25,43.75,43.75,1.0,0,0.14639374243862513
7685,133.75,43.75,43.75,1.0,0,0.0933438859560866
7686,136.25,43.75,43.75,0.0,2,-0.03180013985419447
7687,138.75,43.75,43.75,0.0,2,-0.13137733176803484
7688,141.25,43.75,43.75,0.0,2,-0.08659595897195106
7689,143.75,43.75,43.75,0.0,0,-0.08560721081454209
7690,146.25,43.75,43.75,0.0,2,-0.1219694522919264
7691,148.75,43.75,43.75,0.0,2,-0.10563442497544033
7692,151.25,43.75,43.75,0.0,2,-0.08893551405141653
7693,153.75,43.75,43.75,0.0,2,-0.07573891688485428
7694,156.25,43.75,43.75,0.0,2,-0.05943149610783709
7695,158.75,43.75,43.75,0.0,2,-0.04169605247529626
7696,161.25,43.75,43.75,0.0,2,-0.029615073263388848
7697,163.75,43.75,43.75,0.0,2,0.0009238607013280387
7698,166.25,43.75,43.75,0.0,2,0.04589857116438017
7699,168.75,43.75,43.75,0.0,2,0.07169005385109083
7700,171.25,43.75,43.75,0.0,2,0.07084820787202356
7701,173.75,43.75,43.75,0.0,2,0.0632092840641572
7702,176.25,43.75,43.75,0.0,2,0.05978999863858131
7703,178.75,43.75,43.75,0.0,2,0.06492254554746973
7704,181.25,43.75,43.75,0.0,2,0.08490397992518957
7705,183.75,43.75,43.75,0.0,2,0.1070835642889012
7706,186.25,43.75,43.75,0.0,2,0.11218154624180292
7707,188.75,43.75,43.75,0.0,2,0.08700352192675641
7708,191.25,43.75,43.75,0.0,2,0.04404044054129937
7709,193.75,43.75,43.75,0.0,2,0.007145994369132384
7710,196.25,43.75,43.75,0.0,2,-0.011109798127640964
7711,198.75,43.75,43.75,0.0,2,-0.01635358647308558
7712,201.25,43.75,43.75,0.0,2,-0.016024119183174677
7713,203.75,43.75,43.75,0.0,2,-0.014137285131597073
7714,206.25,43.75,43.75,0.0,2,-0.022830712749557752
7715,208.75,43.75,43.75,0.0,2,-0.0414835723922772
7716,211.25,43.75,43.75,0.0,2,-0.060645293888960054
7717,213.75,43.75,43.75,0.0,2,-0.07789076841105715
7718,216.25,43.75,43.75,0.0,2,-0.0820513569799263
7719,218.75,43.75,43.75,0.0,2,-0.06697972451977163
7720,221.25,43.75,43.75,0.0,2,-0.050521419408749775
7721,223.75,43.75,43.75,0.0,2,-0.033618697487837794
7722,226.25,43.75,43.75,0.0,2,-0.010456733684647654
7723,228.75,43.75,43.75,0.0,2,0.004329577616176032
7724,231.25,43.75,43.75,0.0,2,0.0056398015883137005
7725,233.75,43.75,43.75,0.0,2,0.01871565131577442
7726,236.25,43.75,43.75,0.0,2,0.026564829661634932
7727,238.75,43.75,43.75,1.0,0,0.005206022185419613
7728,241.25,43.75,43.75,1.0,0,0.022552386846835325
7729,243.75,43.75,43.75,1.0,0,0.06087839165589148
7730,246.25,43.75,43.75,1.0,0,0.06312127702325428
7731,248.75,43.75,43.75,1.0,0,0.06227988964234168
7732,251.25,43.75,43.75,1.0,0,0.15167225615650684
7733,253.75,43.75,43.75,1.0,0,0.17686181251634778
7734,256.25,43.75,43.75,1.0,0,0.08131831119754612
7735,258.75,43.75,43.75,1.0,0,0.04356814358814895
7736,261.25,43.75,43.75,1.0,0,0.0198690878117568
7737,263.75,43.75,43.75,1.0,0,0.003812676512835638
7738,266.25,43.75,43.75,1.0,0,0.0009658915141069933
7739,268.75,43.75,43.75,1.0,0,-0.007059151828174337
7740,271.25,43.75,43.75,1.0,0,-0.014145224796981912
7741,273.75,43.75,43.75,1.0,0,-0.004038213806981804
7742,276.25,43.75,43.75,1.0,0,0.02014701145432967
7743,278.75,43.75,43.75,1.0,0,0.05071417430823926
7744,281.25,43.75,43.75,1.0,0,0.08621545668352729
7745,283.75,43.75,43.75,1.0,0,0.09277185485785117
7746,286.25,43.75,43.75,1.0,0,0.08642241693351774
7747,288.75,43.75,43.75,1.0,0,0.10695235310095474
7748,291.25,43.75,43.75,0.0,1,0.11375629977768967
7749,293.75,43.75,43.75,0.0,1,0.10746903431810306
7750,296.25,43.75,43.75,0.0,1,0.06911842140702319
7751,298.75,43.75,43.75,0.0,1,0.026767001501287996
7752,301.25,43.75,43.75,0.0,1,0.049257831032429825
7753,303.75,43.75,43.75,0.0,1,0.0803242412761754
7754,306.25,43.75,43.75,0.0,1,0.07834484312793916
7755,308.75,43.75,43.75,0.0,1,0.08181210895075428
7756,311.25,43.75,43.75,0.0,1,0.10597907536912177
7757,313.75,43.75,43.75,0.0,1,0.11373605267708813
7758,316.25,43.75,43.75,0.0,1,0.0861946868216385
7759,318.75,43.75,43.75,0.0,1,-0.02070125330926046
7760,321.25,43.75,43.75,0.0,1,-0.24486059432541035
7761,323.75,43.75,43.75,0.0,1,-0.39697091936699147
7762,326.25,43.75,43.75,0.0,1,-0.2954015322273545
7763,328.75,43.75,43.75,0.0,1,-0.057738751112136395
7764,331.25,43.75,43.75,0.0,1,0.10708632193680154
7765,333.75,43.75,43.75,0.0,1,0.13655117457913296
7766,336.25,43.75,43.75,0.0,1,0.11746930925071297
7767,338.75,43.75,43.75,0.0,1,0.08662546832404165
7768,341.25,43.75,43.75,0.0,1,0.044108641862326714
7769,343.75,43.75,43.75,0.0,1,0.011765357688770893
7770,346.25,43.75,43.75,0.0,1,-0.012201916052099986
7771,348.75,43.75,43.75,0.0,1,-0.03700189051914309
7772,351.25,43.75,43.75,0.0,1,-0.09631428789878776
7773,353.75,43.75,43.75,0.0,1,-0.058776198504728684
7774,356.25,43.75,43.75,0.0,1,0.10241358916525432
7775,358.75,43.75,43.75,0.0,1,0.170636390472828
7776,1.25,46.25,46.25,1.0,0,-0.0156133038281833
7777,3.75,46.25,46.25,1.0,0,0.03190582663375521
7778,6.25,46.25,46.25,1.0,0,0.10815650469882501
7779,8.75,46.25,46.25,1.0,0,0.12646942647772447
7780,11.25,46.25,46.25,1.0,0,0.09834514222441369
7781,13.75,46.25,46.25,1.0,0,0.07272588474248172
7782,16.25,46.25,46.25,1.0,0,0.01387003512499445
7783,18.75,46.25,46.25,1.0,0,-0.04029050104227299
7784,21.25,46.25,46.25,1.0,0,-0.03219589958234492
7785,23.75,46.25,46.25,1.0,0,0.003035142156307313
7786,26.25,46.25,46.25,1.0,0,0.016610605737365364
7787,28.75,46.25,46.25,1.0,0,0.019411709366192333
7788,31.25,46.25,46.25,0.0,2,0.011083550802617909
7789,33.75,46.25,46.25,1.0,0,0.01406598581440391
7790,36.25,46.25,46.25,1.0,0,0.01175083329468924
7791,38.75,46.25,46.25,1.0,0,-0.008497532179629784
7792,41.25,46.25,46.25,1.0,0,-0.04579570766227489
7793,43.75,46.25,46.25,1.0,0,-0.06352531426835126
7794,46.25,46.25,46.25,0.0,0,-0.041085503860043206
7795,48.75,46.25,46.25,0.0,0,-0.00598450859258276
7796,51.25,46.25,46.25,0.0,0,0.02092197866080657
7797,53.75,46.25,46.25,0.0,0,0.028989272656127735
7798,56.25,46.25,46.25,1.0,0,0.027727142367396235
7799,58.75,46.25,46.25,1.0,0,0.02604183521714748
7800,61.25,46.25,46.25,1.0,0,0.028963058537089918
7801,63.75,46.25,46.25,1.0,0,0.03285877888474407
7802,66.25,46.25,46.25,1.0,0,0.03319137708102107
7803,68.75,46.25,46.25,1.0,0,0.028353859027672557
7804,71.25,46.25,46.25,1.0,0,0.02118440930179533
7805,73.75,46.25,46.25,1.0,0,0.007095738943434291
7806,76.25,46.25,46.25,1.0,0,-0.03465926592318665
7807,78.75,46.25,46.25,1.0,0,-0.05141906487667707
7808,81.25,46.25,46.25,1.0,0,-0.01582671153085147
7809,83.75,46.25,46.25,1.0,0,0.021425334244499432
7810,86.25,46.25,46.25,1.0,0,0.05691599518547572
7811,88.75,46.25,46.25,1.0,0,0.07352799365883973
7812,91.25,46.25,46.25,1.0,0,0.06831733861911585
7813,93.75,46.25,46.25,1.0,0,0.06849385455638883
7814,96.25,46.25,46.25,1.0,0,0.09578755127664546
7815,98.75,46.25,46.25,1.0,0,0.13217602609279355
7816,101.25,46.25,46.25,1.0,0,0.14809461137182225
7817,103.75,46.25,46.25,1.0,0,0.1405096879981209
7818,106.25,46.25,46.25,1.0,0,0.14368022294315058
7819,108.75,46.25,46.25,1.0,0,0.16289963968299356
7820,111.25,46.25,46.25,1.0,0,0.1447824959348366
7821,113.75,46.25,46.25,1.0,0,0.10152710516178184
7822,116.25,46.25,46.25,1.0,0,0.0751841716067967
7823,118.75,46.25,46.25,1.0,0,0.074615393191164
7824,121.25,46.25,46.25,1.0,0,0.07077798904825972
7825,123.75,46.25,46.25,1.0,0,0.05850979936061811
7826,126.25,46.25,46.25,1.0,0,0.053971102580986495
7827,128.75,46.25,46.25,1.0,0,0.0548970840540256
7828,131.25,46.25,46.25,1.0,0,0.06114179458389823
7829,133.75,46.25,46.25,1.0,0,0.08081298605907791
7830,136.25,46.25,46.25,1.0,0,0.0726029155885808
7831,138.75,46.25,46.25,0.0,2,0.03464919935311105
7832,141.25,46.25,46.25,0.0,2,0.0073093076389173185
7833,143.75,46.25,46.25,0.0,2,0.005935537524151964
7834,146.25,46.25,46.25,0.0,2,0.022839674026215756
7835,148.75,46.25,46.25,0.0,2,0.024129800195287116
7836,151.25,46.25,46.25,0.0,2,0.01881528896154614
7837,153.75,46.25,46.25,0.0,2,0.01815707219884037
7838,156.25,46.25,46.25,0.0,2,0.010107033229118502
7839,158.75,46.25,46.25,0.0,2,0.011439175162232243
7840,161.25,46.25,46.25,0.0,2,0.014284881867621986
7841,163.75,46.25,46.25,0.0,2,0.012509661424817553
7842,166.25,46.25,46.25,0.0,2,0.025373481138818585
7843,168.75,46.25,46.25,0.0,2,0.0531193102994367
7844,171.25,46.25,46.25,0.0,2,0.07814015487262341
7845,173.75,46.25,46.25,0.0,2,0.08756998374573831
7846,176.25,46.25,46.25,0.0,2,0.09271090067116003
7847,178.75,46.25,46.25,0.0,2,0.09739991857049769
7848,181.25,46.25,46.25,0.0,2,0.0889608169648608
7849,183.75,46.25,46.25,0.0,2,0.08308374247278748
7850,186.25,46.25,46.25,0.0,2,0.08731929839550931
7851,188.75,46.25,46.25,0.0,2,0.07918576693964573
7852,191.25,46.25,46.25,0.0,2,0.05540242174374789
7853,193.75,46.25,46.25,0.0,2,0.030613445909471605
7854,196.25,46.25,46.25,0.0,2,0.012645194441563354
7855,198.75,46.25,46.25,0.0,2,-0.003727407909602147
7856,201.25,46.25,46.25,0.0,2,-0.011406307182665667
7857,203.75,46.25,46.25,0.0,2,-0.007143330930287619
7858,206.25,46.25,46.25,0.0,2,-0.01007047410928188
7859,208.75,46.25,46.25,0.0,2,-0.020107462917505276
7860,211.25,46.25,46.25,0.0,2,-0.028550094919807967
7861,213.75,46.25,46.25,0.0,2,-0.04598802898896087
7862,216.25,46.25,46.25,0.0,2,-0.05729472059039881
7863,218.75,46.25,46.25,0.0,2,-0.044427543198332434
7864,221.25,46.25,46.25,0.0,2,-0.029042059480173313
7865,223.75,46.25,46.25,0.0,2,-0.021268192839537924
7866,226.25,46.25,46.25,0.0,2,-0.00779204811641717
7867,228.75,46.25,46.25,0.0,2,0.0075746179232440815
7868,231.25,46.25,46.25,0.0,2,0.022559559125111154
7869,233.75,46.25,46.25,0.0,2,0.031276615473630254
7870,236.25,46.25,46.25,0.0,2,0.016724817464731076
7871,238.75,46.25,46.25,1.0,0,0.003805040941236971
7872,241.25,46.25,46.25,1.0,0,0.022688900647610873
7873,243.75,46.25,46.25,1.0,0,0.010245109757038162
7874,246.25,46.25,46.25,1.0,0,-0.013556181696527711
7875,248.75,46.25,46.25,1.0,0,0.03205227155801698
7876,251.25,46.25,46.25,1.0,0,0.08032783875779806
7877,253.75,46.25,46.25,1.0,0,0.075085680566623
7878,256.25,46.25,46.25,1.0,0,0.055890336152905604
7879,258.75,46.25,46.25,1.0,0,0.037623078153022606
7880,261.25,46.25,46.25,1.0,0,0.01587799241889149
7881,263.75,46.25,46.25,1.0,0,0.007064266706003704
7882,266.25,46.25,46.25,1.0,0,0.014203634903848614
7883,268.75,46.25,46.25,1.0,0,0.02107100168930377
7884,271.25,46.25,46.25,1.0,0,0.03604719582347955
7885,273.75,46.25,46.25,1.0,0,0.047581317845452435
7886,276.25,46.25,46.25,1.0,0,0.057122048514390816
7887,278.75,46.25,46.25,1.0,0,0.07919491834570416
7888,281.25,46.25,46.25,1.0,0,0.08498221138445315
7889,283.75,46.25,46.25,1.0,0,0.08271842071634716
7890,286.25,46.25,46.25,1.0,0,0.08613169023442001
7891,288.75,46.25,46.25,1.0,0,0.10373749843644083
7892,291.25,46.25,46.25,1.0,0,0.12959211684043132
7893,293.75,46.25,46.25,1.0,0,0.13575626806348778
7894,296.25,46.25,46.25,1.0,0,0.12306554609051262
7895,298.75,46.25,46.25,0.0,1,0.08510433068840938
7896,301.25,46.25,46.25,0.0,1,0.07052200534149251
7897,303.75,46.25,46.25,0.0,1,0.08823795223511859
7898,306.25,46.25,46.25,0.0,1,0.07039084340312485
7899,308.75,46.25,46.25,0.0,1,0.050019147769763656
7900,311.25,46.25,46.25,0.0,1,0.0635747858643891
7901,313.75,46.25,46.25,0.0,1,0.08409099256210219
7902,316.25,46.25,46.25,0.0,1,0.08213084883211094
7903,318.75,46.25,46.25,0.0,1,0.0031824024487443463
7904,321.25,46.25,46.25,0.0,1,-0.21802784057407779
7905,323.75,46.25,46.25,0.0,1,-0.49033384701134214
7906,326.25,46.25,46.25,0.0,1,-0.5829173298672803
7907,328.75,46.25,46.25,0.0,1,-0.3769301490606007
7908,331.25,46.25,46.25,0.0,1,-0.06189635297245337
7909,333.75,46.25,46.25,0.0,1,0.1149144869207554
7910,336.25,46.25,46.25,0.0,1,0.13940258666345853
7911,338.75,46.25,46.25,0.0,1,0.10258072330296907
7912,341.25,46.25,46.25,0.0,1,0.05462362525336201
7913,343.75,46.25,46.25,0.0,1,0.011425969559875182
7914,346.25,46.25,46.25,0.0,1,-0.018552779454757563
7915,348.75,46.25,46.25,0.0,1,-0.04838905382290392
7916,351.25,46.25,46.25,0.0,1,-0.07817721061111357
7917,353.75,46.25,46.25,0.0,1,-0.09538100322690904
7918,356.25,46.25,46.25,0.0,1,-0.09193094236699087
7919,358.75,46.25,46.25,0.0,1,-0.057542604299752435
7920,1.25,48.75,48.75,1.0,0,-0.014472289514786275
7921,3.75,48.75,48.75,1.0,0,0.024517062132061198
7922,6.25,48.75,48.75,1.0,0,0.09164144879208412
7923,8.75,48.75,48.75,1.0,0,0.13168498874179588
7924,11.25,48.75,48.75,1.0,0,0.11372599198839985
7925,13.75,48.75,48.75,1.0,0,0.0801652931420249
7926,16.25,48.75,48.75,1.0,0,0.04879919746923279
7927,18.75,48.75,48.75,1.0,0,0.030196646451631174
7928,21.25,48.75,48.75,1.0,0,0.026922478756415992
7929,23.75,48.75,48.75,1.0,0,0.026981794330255028
7930,26.25,48.75,48.75,1.0,0,0.0017285500727960634
7931,28.75,48.75,48.75,1.0,0,-0.035931817207608935
7932,31.25,48.75,48.75,1.0,0,-0.051591070471454795
7933,33.75,48.75,48.75,1.0,0,-0.051482226802498435
7934,36.25,48.75,48.75,1.0,0,-0.05225497585211852
7935,38.75,48.75,48.75,1.0,0,-0.054338120750383835
7936,41.25,48.75,48.75,1.0,0,-0.0607105901948437
7937,43.75,48.75,48.75,1.0,0,-0.06408672877916334
7938,46.25,48.75,48.75,1.0,0,-0.06109285625150117
7939,48.75,48.75,48.75,0.0,0,-0.052376673758114244
7940,51.25,48.75,48.75,0.0,0,-0.04609828653963631
7941,53.75,48.75,48.75,1.0,0,-0.060378635585887505
7942,56.25,48.75,48.75,1.0,0,-0.07795120102172677
7943,58.75,48.75,48.75,1.0,0,-0.07043910894084672
7944,61.25,48.75,48.75,1.0,0,-0.052442819567346255
7945,63.75,48.75,48.75,1.0,0,-0.040233960944951665
7946,66.25,48.75,48.75,1.0,0,-0.035709034143065164
7947,68.75,48.75,48.75,1.0,0,-0.03328489068598402
7948,71.25,48.75,48.75,1.0,0,-0.023077769950435582
7949,73.75,48.75,48.75,1.0,0,-0.02372695573095594
7950,76.25,48.75,48.75,1.0,0,-0.03535455548868307
7951,78.75,48.75,48.75,1.0,0,-0.037655014972288126
7952,81.25,48.75,48.75,1.0,0,-0.03793913082637657
7953,83.75,48.75,48.75,1.0,0,-0.0587450725499538
7954,86.25,48.75,48.75,1.0,0,-0.08172175973460413
7955,88.75,48.75,48.75,1.0,0,-0.07293466844644109
7956,91.25,48.75,48.75,1.0,0,-0.04148743616106911
7957,93.75,48.75,48.75,1.0,0,-0.012806541125053547
7958,96.25,48.75,48.75,1.0,0,0.012234978071377104
7959,98.75,48.75,48.75,1.0,0,0.049705392486271954
7960,101.25,48.75,48.75,1.0,0,0.09451389629435994
7961,103.75,48.75,48.75,1.0,0,0.10362059969151861
7962,106.25,48.75,48.75,1.0,0,0.09819064319422306
7963,108.75,48.75,48.75,1.0,0,0.11781620234524434
7964,111.25,48.75,48.75,1.0,0,0.12724448151821555
7965,113.75,48.75,48.75,1.0,0,0.10972402048766482
7966,116.25,48.75,48.75,1.0,0,0.09073245139335294
7967,118.75,48.75,48.75,1.0,0,0.08090348906713522
7968,121.25,48.75,48.75,1.0,0,0.07339285752100652
7969,123.75,48.75,48.75,1.0,0,0.06910520865150102
7970,126.25,48.75,48.75,1.0,0,0.0726240159853051
7971,128.75,48.75,48.75,1.0,0,0.08080536991363549
7972,131.25,48.75,48.75,1.0,0,0.0735675407803629
7973,133.75,48.75,48.75,1.0,0,0.07077216241834464
7974,136.25,48.75,48.75,1.0,0,0.09132322510886692
7975,138.75,48.75,48.75,1.0,0,0.08934382319122953
7976,141.25,48.75,48.75,0.0,0,0.0633012044965271
7977,143.75,48.75,48.75,0.0,2,0.06831675452450611
7978,146.25,48.75,48.75,0.0,2,0.09438092021272332
7979,148.75,48.75,48.75,0.0,2,0.11232383081660305
7980,151.25,48.75,48.75,0.0,2,0.12648116199018966
7981,153.75,48.75,48.75,0.0,2,0.14100282461919386
7982,156.25,48.75,48.75,0.0,2,0.13750155078096252
7983,158.75,48.75,48.75,0.0,2,0.12778428545820567
7984,161.25,48.75,48.75,0.0,2,0.12938425602962136
7985,163.75,48.75,48.75,0.0,2,0.1369708135584103
7986,166.25,48.75,48.75,0.0,2,0.15359030576178287
7987,168.75,48.75,48.75,0.0,2,0.16457185827455917
7988,171.25,48.75,48.75,0.0,2,0.1740105196144501
7989,173.75,48.75,48.75,0.0,2,0.18629141645824568
7990,176.25,48.75,48.75,0.0,2,0.189003147067144
7991,178.75,48.75,48.75,0.0,2,0.1816839765140118
7992,181.25,48.75,48.75,0.0,2,0.15260435450019916
7993,183.75,48.75,48.75,0.0,2,0.1155377362730692
7994,186.25,48.75,48.75,0.0,2,0.09700583195243855
7995,188.75,48.75,48.75,0.0,2,0.09097750444356265
7996,191.25,48.75,48.75,0.0,2,0.09049796849641288
7997,193.75,48.75,48.75,0.0,2,0.0941675254875208
7998,196.25,48.75,48.75,0.0,2,0.09077488231358734
7999,198.75,48.75,48.75,0.0,2,0.07638881172349231
8000,201.25,48.75,48.75,0.0,2,0.06442484363493817
8001,203.75,48.75,48.75,0.0,2,0.057643632563787454
8002,206.25,48.75,48.75,0.0,2,0.05098948443946048
8003,208.75,48.75,48.75,0.0,2,0.04267845056686135
8004,211.25,48.75,48.75,0.0,2,0.031342530177363354
8005,213.75,48.75,48.75,0.0,2,0.015145554347106549
8006,216.25,48.75,48.75,0.0,2,-0.002211345911107335
8007,218.75,48.75,48.75,0.0,2,-0.013044297511919949
8008,221.25,48.75,48.75,0.0,2,-0.023242492469200696
8009,223.75,48.75,48.75,0.0,2,-0.028740800039964768
8010,226.25,48.75,48.75,0.0,2,-0.03386449638443227
8011,228.75,48.75,48.75,0.0,2,-0.057443561598662624
8012,231.25,48.75,48.75,0.0,2,-0.13244027186753807
8013,233.75,48.75,48.75,0.0,2,-0.24699526103488
8014,236.25,48.75,48.75,1.0,0,-0.20160901544749957
8015,238.75,48.75,48.75,1.0,0,-0.015325941804187409
8016,241.25,48.75,48.75,1.0,0,0.10676216970768689
8017,243.75,48.75,48.75,1.0,0,0.11555468883136069
8018,246.25,48.75,48.75,1.0,0,0.07121153318556178
8019,248.75,48.75,48.75,1.0,0,0.0725280524922851
8020,251.25,48.75,48.75,1.0,0,0.0859104217645644
8021,253.75,48.75,48.75,1.0,0,0.08643931949449461
8022,256.25,48.75,48.75,1.0,0,0.08262683485095175
8023,258.75,48.75,48.75,1.0,0,0.07968364841534659
8024,261.25,48.75,48.75,1.0,0,0.07385440043482043
8025,263.75,48.75,48.75,1.0,0,0.07294984144286006
8026,266.25,48.75,48.75,1.0,0,0.08611804104857826
8027,268.75,48.75,48.75,1.0,0,0.09401708867386928
8028,271.25,48.75,48.75,1.0,0,0.08758442115753377
8029,273.75,48.75,48.75,1.0,0,0.09308666175234936
8030,276.25,48.75,48.75,1.0,0,0.10928589609704129
8031,278.75,48.75,48.75,1.0,0,0.11704837286358377
8032,281.25,48.75,48.75,1.0,0,0.12460904765739782
8033,283.75,48.75,48.75,1.0,0,0.11587249738356262
8034,286.25,48.75,48.75,1.0,0,0.10010648782137299
8035,288.75,48.75,48.75,1.0,0,0.12462101039326308
8036,291.25,48.75,48.75,1.0,0,0.15706534092074093
8037,293.75,48.75,48.75,0.0,0,0.15848535206487505
8038,296.25,48.75,48.75,0.0,1,0.13645077342927944
8039,298.75,48.75,48.75,0.0,1,0.10882979436079161
8040,301.25,48.75,48.75,0.0,1,0.12813884776909962
8041,303.75,48.75,48.75,1.0,0,0.15356994804484872
8042,306.25,48.75,48.75,0.0,1,0.10875261661251485
8043,308.75,48.75,48.75,0.0,1,0.05351112835755421
8044,311.25,48.75,48.75,0.0,1,0.037967541173686184
8045,313.75,48.75,48.75,0.0,1,0.03993242334171997
8046,316.25,48.75,48.75,0.0,1,0.03729407784626609
8047,318.75,48.75,48.75,0.0,1,-0.00825943384243065
8048,321.25,48.75,48.75,0.0,1,-0.14480764305929203
8049,323.75,48.75,48.75,0.0,1,-0.4117343390892674
8050,326.25,48.75,48.75,0.0,1,-0.786824164985375
8051,328.75,48.75,48.75,0.0,1,-0.9490813518781339
8052,331.25,48.75,48.75,0.0,1,-0.6267232658262829
8053,333.75,48.75,48.75,0.0,1,-0.16299262528324607
8054,336.25,48.75,48.75,0.0,1,0.07128531431985309
8055,338.75,48.75,48.75,0.0,1,0.10796290010369039
8056,341.25,48.75,48.75,0.0,1,0.05759943355451334
8057,343.75,48.75,48.75,0.0,1,-0.008136978650297295
8058,346.25,48.75,48.75,0.0,1,-0.06454200636526174
8059,348.75,48.75,48.75,0.0,1,-0.09646899121115768
8060,351.25,48.75,48.75,0.0,1,-0.09351443200144449
8061,353.75,48.75,48.75,0.0,1,-0.07541750910456023
8062,356.25,48.75,48.75,0.0,1,-0.05504569414038923
8063,358.75,48.75,48.75,0.0,0,-0.03675319587844749
8064,1.25,51.25,51.25,0.0,1,0.06726060328567164
8065,3.75,51.25,51.25,0.0,0,0.10767967827878043
8066,6.25,51.25,51.25,1.0,0,0.19961049191019858
8067,8.75,51.25,51.25,1.0,0,0.2342663393296769
8068,11.25,51.25,51.25,1.0,0,0.1753311060686797
8069,13.75,51.25,51.25,1.0,0,0.12932904230977996
8070,16.25,51.25,51.25,1.0,0,0.06876027063955398
8071,18.75,51.25,51.25,1.0,0,0.025098176033230394
8072,21.25,51.25,51.25,1.0,0,0.03580223672707066
8073,23.75,51.25,51.25,1.0,0,0.051086978157767665
8074,26.25,51.25,51.25,1.0,0,0.017127384207123023
8075,28.75,51.25,51.25,1.0,0,-0.032826563482395064
8076,31.25,51.25,51.25,1.0,0,-0.045877228002237105
8077,33.75,51.25,51.25,1.0,0,-0.04647765797276747
8078,36.25,51.25,51.25,1.0,0,-0.05606639672448177
8079,38.75,51.25,51.25,1.0,0,-0.0610187081507729
8080,41.25,51.25,51.25,1.0,0,-0.06710308497360681
8081,43.75,51.25,51.25,1.0,0,-0.07386380451499358
8082,46.25,51.25,51.25,1.0,0,-0.07957197618959447
8083,48.75,51.25,51.25,1.0,0,-0.07642071584710448
8084,51.25,51.25,51.25,1.0,0,-0.07041920191607809
8085,53.75,51.25,51.25,1.0,0,-0.07559719960697842
8086,56.25,51.25,51.25,1.0,0,-0.08788678161052912
8087,58.75,51.25,51.25,1.0,0,-0.09179078732655215
8088,61.25,51.25,51.25,1.0,0,-0.0825000206277239
8089,63.75,51.25,51.25,1.0,0,-0.07118000308524618
8090,66.25,51.25,51.25,1.0,0,-0.05953328216400349
8091,68.75,51.25,51.25,1.0,0,-0.053602768417733176
8092,71.25,51.25,51.25,1.0,0,-0.05909947517460437
8093,73.75,51.25,51.25,1.0,0,-0.057983928018538994
8094,76.25,51.25,51.25,1.0,0,-0.05307857145382086
8095,78.75,51.25,51.25,1.0,0,-0.05709656363801731
8096,81.25,51.25,51.25,1.0,0,-0.06751152002782097
8097,83.75,51.25,51.25,1.0,0,-0.08759461268819276
8098,86.25,51.25,51.25,1.0,0,-0.06560582165094522
8099,88.75,51.25,51.25,1.0,0,-0.028445826404486993
8100,91.25,51.25,51.25,1.0,0,-0.014674628011106697
8101,93.75,51.25,51.25,1.0,0,0.02267508044940726
8102,96.25,51.25,51.25,1.0,0,0.03389065384832685
8103,98.75,51.25,51.25,1.0,0,0.014032649213061866
8104,101.25,51.25,51.25,1.0,0,0.055965146235736826
8105,103.75,51.25,51.25,1.0,0,0.11285949759602665
8106,106.25,51.25,51.25,1.0,0,0.11908821197891838
8107,108.75,51.25,51.25,1.0,0,0.11289515574039458
8108,111.25,51.25,51.25,1.0,0,0.11972875773566237
8109,113.75,51.25,51.25,1.0,0,0.12872857501768833
8110,116.25,51.25,51.25,1.0,0,0.13933807557039607
8111,118.75,51.25,51.25,1.0,0,0.14492499451054977
8112,121.25,51.25,51.25,1.0,0,0.13655309778952823
8113,123.75,51.25,51.25,1.0,0,0.11474194666540015
8114,126.25,51.25,51.25,1.0,0,0.10803378641078747
8115,128.75,51.25,51.25,1.0,0,0.12599380474906774
8116,131.25,51.25,51.25,1.0,0,0.1595789828208632
8117,133.75,51.25,51.25,1.0,0,0.18284901118015717
8118,136.25,51.25,51.25,1.0,0,0.15524031899568203
8119,138.75,51.25,51.25,1.0,0,0.1127049988623238
8120,141.25,51.25,51.25,0.0,0,0.09222231062292953
8121,143.75,51.25,51.25,0.0,2,0.10304213277052016
8122,146.25,51.25,51.25,0.0,2,0.13864850665993736
8123,148.75,51.25,51.25,0.0,2,0.17494170517750948
8124,151.25,51.25,51.25,0.0,2,0.20018304920329164
8125,153.75,51.25,51.25,0.0,2,0.21463148418642983
8126,156.25,51.25,51.25,0.0,2,0.20061014169861824
8127,158.75,51.25,51.25,0.0,2,0.16536904843819522
8128,161.25,51.25,51.25,0.0,2,0.15674924548799024
8129,163.75,51.25,51.25,0.0,2,0.1748150686429303
8130,166.25,51.25,51.25,0.0,2,0.18818482216665963
8131,168.75,51.25,51.25,0.0,2,0.2008236278662156
8132,171.25,51.25,51.25,0.0,2,0.20822006350132155
8133,173.75,51.25,51.25,0.0,2,0.20285293699918258
8134,176.25,51.25,51.25,0.0,2,0.20240846861362968
8135,178.75,51.25,51.25,0.0,2,0.1926148354060132
8136,181.25,51.25,51.25,0.0,2,0.16073758219237033
8137,183.75,51.25,51.25,0.0,2,0.13374416438621975
8138,186.25,51.25,51.25,0.0,2,0.12003300689000615
8139,188.75,51.25,51.25,0.0,2,0.11748876270891152
8140,191.25,51.25,51.25,0.0,2,0.12130247521233999
8141,193.75,51.25,51.25,0.0,2,0.1245135363325203
8142,196.25,51.25,51.25,0.0,2,0.12956629699929287
8143,198.75,51.25,51.25,0.0,2,0.1384566581134454
8144,201.25,51.25,51.25,0.0,2,0.1438977200894918
8145,203.75,51.25,51.25,0.0,2,0.1302747239156679
8146,206.25,51.25,51.25,0.0,2,0.10940972751766839
8147,208.75,51.25,51.25,0.0,2,0.09737773210536782
8148,211.25,51.25,51.25,0.0,2,0.08798982789582577
8149,213.75,51.25,51.25,0.0,2,0.07465224189040143
8150,216.25,51.25,51.25,0.0,2,0.05674467993482807
8151,218.75,51.25,51.25,0.0,2,0.0347706177497653
8152,221.25,51.25,51.25,0.0,2,0.0072932513806911875
8153,223.75,51.25,51.25,0.0,2,-0.019400161634137787
8154,226.25,51.25,51.25,0.0,2,-0.05331694478140903
8155,228.75,51.25,51.25,0.0,2,-0.1417958796702622
8156,231.25,51.25,51.25,0.0,2,-0.23195548325751775
8157,233.75,51.25,51.25,1.0,0,-0.035821175705487145
8158,236.25,51.25,51.25,1.0,0,0.2990054088036691
8159,238.75,51.25,51.25,1.0,0,0.3768527141808041
8160,241.25,51.25,51.25,1.0,0,0.24281673971229556
8161,243.75,51.25,51.25,1.0,0,0.1425424919778866
8162,246.25,51.25,51.25,1.0,0,0.14385353500361728
8163,248.75,51.25,51.25,1.0,0,0.12450144366775823
8164,251.25,51.25,51.25,1.0,0,0.08837612573648676
8165,253.75,51.25,51.25,1.0,0,0.07231157724438818
8166,256.25,51.25,51.25,1.0,0,0.06269903263139885
8167,258.75,51.25,51.25,1.0,0,0.06325794427441973
8168,261.25,51.25,51.25,1.0,0,0.06470559103148268
8169,263.75,51.25,51.25,1.0,0,0.0715286594186274
8170,266.25,51.25,51.25,1.0,0,0.08464645367093711
8171,268.75,51.25,51.25,1.0,0,0.09315746092134083
8172,271.25,51.25,51.25,1.0,0,0.10148907048011609
8173,273.75,51.25,51.25,1.0,0,0.11044841372665799
8174,276.25,51.25,51.25,1.0,0,0.11346092886722693
8175,278.75,51.25,51.25,1.0,0,0.11734411101104612
8176,281.25,51.25,51.25,1.0,0,0.11032165290948362
8177,283.75,51.25,51.25,1.0,0,0.10264746489789707
8178,286.25,51.25,51.25,1.0,0,0.1386145934481325
8179,288.75,51.25,51.25,1.0,0,0.1862031229072022
8180,291.25,51.25,51.25,1.0,0,0.21052346878774822
8181,293.75,51.25,51.25,1.0,0,0.21955563803624092
8182,296.25,51.25,51.25,1.0,0,0.2418056667434333
8183,298.75,51.25,51.25,1.0,0,0.25053376330632116
8184,301.25,51.25,51.25,1.0,0,0.22977041757541808
8185,303.75,51.25,51.25,1.0,0,0.13472647067316815
8186,306.25,51.25,51.25,0.0,1,0.017661769077298283
8187,308.75,51.25,51.25,0.0,1,-0.013171918594010878
8188,311.25,51.25,51.25,0.0,1,-0.019157766891795144
8189,313.75,51.25,51.25,0.0,1,-0.042615594351768836
8190,316.25,51.25,51.25,0.0,1,-0.09219698360203162
8191,318.75,51.25,51.25,0.0,1,-0.1950895152649865
8192,321.25,51.25,51.25,0.0,1,-0.44587623598277953
8193,323.75,51.25,51.25,0.0,1,-0.908946339513298
8194,326.25,51.25,51.25,0.0,1,-1.458203046356965
8195,328.75,51.25,51.25,0.0,1,-1.6230949206209295
8196,331.25,51.25,51.25,0.0,1,-1.115012778047196
8197,333.75,51.25,51.25,0.0,1,-0.36935930288028823
8198,336.25,51.25,51.25,0.0,1,0.11280692662396327
8199,338.75,51.25,51.25,0.0,1,0.24388293296461333
8200,341.25,51.25,51.25,0.0,1,0.16186643546205068
8201,343.75,51.25,51.25,0.0,1,0.04492755065597492
8202,346.25,51.25,51.25,0.0,1,-0.04076200498339821
8203,348.75,51.25,51.25,0.0,1,-0.08279727553196248
8204,351.25,51.25,51.25,0.0,1,-0.08320361943194264
8205,353.75,51.25,51.25,0.0,1,-0.059930230438321956
8206,356.25,51.25,51.25,0.0,0,-0.02861098130401513
8207,358.75,51.25,51.25,0.0,0,0.014688311681049275
8208,1.25,53.75,53.75,0.0,1,0.0752667268768927
8209,3.75,53.75,53.75,0.0,1,0.0676315602118306
8210,6.25,53.75,53.75,0.0,1,0.07630132143172799
8211,8.75,53.75,53.75,0.0,1,0.0754792248068241
8212,11.25,53.75,53.75,1.0,0,0.060809221587589946
8213,13.75,53.75,53.75,0.0,0,0.061954116114255914
8214,16.25,53.75,53.75,1.0,0,0.07271190573243634
8215,18.75,53.75,53.75,1.0,0,0.07824568049645154
8216,21.25,53.75,53.75,1.0,0,0.06418059506542041
8217,23.75,53.75,53.75,1.0,0,0.03622071080682564
8218,26.25,53.75,53.75,1.0,0,0.03306969563507548
8219,28.75,53.75,53.75,1.0,0,0.03429392705244167
8220,31.25,53.75,53.75,1.0,0,0.017470292815778395
8221,33.75,53.75,53.75,1.0,0,0.01610469488123174
8222,36.25,53.75,53.75,1.0,0,0.01628513388285469
8223,38.75,53.75,53.75,1.0,0,0.0034897850973768505
8224,41.25,53.75,53.75,1.0,0,-0.007796366717035754
8225,43.75,53.75,53.75,1.0,0,-0.01847765713315025
8226,46.25,53.75,53.75,1.0,0,-0.022867733398120642
8227,48.75,53.75,53.75,1.0,0,-0.016146266545356797
8228,51.25,53.75,53.75,1.0,0,-0.015301933328834283
8229,53.75,53.75,53.75,1.0,0,-0.028576785605445253
8230,56.25,53.75,53.75,1.0,0,-0.041483014470670765
8231,58.75,53.75,53.75,1.0,0,-0.0451595551681106
8232,61.25,53.75,53.75,1.0,0,-0.04078742725199964
8233,63.75,53.75,53.75,1.0,0,-0.03583866557823141
8234,66.25,53.75,53.75,1.0,0,-0.033514832989102586
8235,68.75,53.75,53.75,1.0,0,-0.03086273869762071
8236,71.25,53.75,53.75,1.0,0,-0.0354364806975246
8237,73.75,53.75,53.75,1.0,0,-0.0462335562154214
8238,76.25,53.75,53.75,1.0,0,-0.053114623328781856
8239,78.75,53.75,53.75,1.0,0,-0.05015722406534529
8240,81.25,53.75,53.75,1.0,0,-0.02300833671171163
8241,83.75,53.75,53.75,1.0,0,0.07275135813397302
8242,86.25,53.75,53.75,1.0,0,0.1482187277721575
8243,88.75,53.75,53.75,1.0,0,0.09983165771558913
8244,91.25,53.75,53.75,1.0,0,0.024687917964341003
8245,93.75,53.75,53.75,1.0,0,0.02438521812920807
8246,96.25,53.75,53.75,1.0,0,0.10339186354938562
8247,98.75,53.75,53.75,1.0,0,0.16395631805398406
8248,101.25,53.75,53.75,1.0,0,0.0904861210844823
8249,103.75,53.75,53.75,1.0,0,-0.0006473665717199878
8250,106.25,53.75,53.75,1.0,0,0.029709554007082303
8251,108.75,53.75,53.75,1.0,0,0.08075081850046621
8252,111.25,53.75,53.75,1.0,0,0.09926818730215069
8253,113.75,53.75,53.75,1.0,0,0.12003324210000015
8254,116.25,53.75,53.75,1.0,0,0.14378200187175086
8255,118.75,53.75,53.75,1.0,0,0.16131129963603674
8256,121.25,53.75,53.75,1.0,0,0.16262299696393415
8257,123.75,53.75,53.75,1.0,0,0.15612924475757956
8258,126.25,53.75,53.75,1.0,0,0.14692185887188852
8259,128.75,53.75,53.75,1.0,0,0.14455274016609523
8260,131.25,53.75,53.75,1.0,0,0.16295400915955757
8261,133.75,53.75,53.75,1.0,0,0.18310123128957745
8262,136.25,53.75,53.75,1.0,0,0.16895911595568142
8263,138.75,53.75,53.75,1.0,0,0.13352499598223114
8264,141.25,53.75,53.75,0.0,0,0.11672763280398887
8265,143.75,53.75,53.75,0.0,2,0.11894351843556493
8266,146.25,53.75,53.75,0.0,2,0.13851840090771858
8267,148.75,53.75,53.75,0.0,2,0.1714292477737707
8268,151.25,53.75,53.75,0.0,2,0.2129577701684679
8269,153.75,53.75,53.75,0.0,2,0.25017568362216847
8270,156.25,53.75,53.75,0.0,2,0.21605052876930708
8271,158.75,53.75,53.75,1.0,0,0.1621122772265616
8272,161.25,53.75,53.75,0.0,2,0.144495829370269
8273,163.75,53.75,53.75,0.0,2,0.1541907723213816
8274,166.25,53.75,53.75,0.0,2,0.1674772110024318
8275,168.75,53.75,53.75,0.0,2,0.15884513599389327
8276,171.25,53.75,53.75,0.0,2,0.14899076352203988
8277,173.75,53.75,53.75,0.0,2,0.14333787445053817
8278,176.25,53.75,53.75,0.0,2,0.14842742579616824
8279,178.75,53.75,53.75,0.0,2,0.14794837833267818
8280,181.25,53.75,53.75,0.0,2,0.13240927996953678
8281,183.75,53.75,53.75,0.0,2,0.11174029940148708
8282,186.25,53.75,53.75,0.0,2,0.10083983160291177
8283,188.75,53.75,53.75,0.0,2,0.10916821693108078
8284,191.25,53.75,53.75,0.0,2,0.1183040256201056
8285,193.75,53.75,53.75,0.0,2,0.12753228470934966
8286,196.25,53.75,53.75,0.0,2,0.14346639574530842
8287,198.75,53.75,53.75,0.0,2,0.153247464723116
8288,201.25,53.75,53.75,0.0,2,0.1581146415817874
8289,203.75,53.75,53.75,0.0,2,0.14896033258072325
8290,206.25,53.75,53.75,0.0,2,0.12594600540006537
8291,208.75,53.75,53.75,0.0,2,0.11394276334522041
8292,211.25,53.75,53.75,0.0,2,0.10953850451745926
8293,213.75,53.75,53.75,0.0,2,0.09646680676476735
8294,216.25,53.75,53.75,0.0,2,0.07738709655186221
8295,218.75,53.75,53.75,0.0,2,0.05816540142305143
8296,221.25,53.75,53.75,0.0,2,0.032540779395273056
8297,223.75,53.75,53.75,0.0,2,-0.009849090710742667
8298,226.25,53.75,53.75,0.0,2,-0.09720569991012712
8299,228.75,53.75,53.75,0.0,0,-0.19648514161716263
8300,231.25,53.75,53.75,1.0,0,-0.07315160880141865
8301,233.75,53.75,53.75,1.0,0,0.27786099256573227
8302,236.25,53.75,53.75,1.0,0,0.3737337772917435
8303,238.75,53.75,53.75,1.0,0,0.23407849996605135
8304,241.25,53.75,53.75,1.0,0,0.1921172372032805
8305,243.75,53.75,53.75,1.0,0,0.1911028298181926
8306,246.25,53.75,53.75,1.0,0,0.14695429704651905
8307,248.75,53.75,53.75,1.0,0,0.08480925540773507
8308,251.25,53.75,53.75,1.0,0,0.06541273572818644
8309,253.75,53.75,53.75,1.0,0,0.06668483750206906
8310,256.25,53.75,53.75,1.0,0,0.058620813277348444
8311,258.75,53.75,53.75,1.0,0,0.05323120475293691
8312,261.25,53.75,53.75,1.0,0,0.050456563322585565
8313,263.75,53.75,53.75,1.0,0,0.047873152386312935
8314,266.25,53.75,53.75,1.0,0,0.05541567782432197
8315,268.75,53.75,53.75,1.0,0,0.06930703546061036
8316,271.25,53.75,53.75,1.0,0,0.07776202199545078
8317,273.75,53.75,53.75,1.0,0,0.07867730458010808
8318,276.25,53.75,53.75,1.0,0,0.07808072645854837
8319,278.75,53.75,53.75,0.0,2,0.0700473345331736
8320,281.25,53.75,53.75,0.0,1,0.076317904935095
8321,283.75,53.75,53.75,1.0,0,0.106798470034928
8322,286.25,53.75,53.75,1.0,0,0.13197577726577112
8323,288.75,53.75,53.75,1.0,0,0.14153647379255646
8324,291.25,53.75,53.75,1.0,0,0.14953903659983211
8325,293.75,53.75,53.75,1.0,0,0.16248348529127815
8326,296.25,53.75,53.75,1.0,0,0.1815584269639965
8327,298.75,53.75,53.75,1.0,0,0.1926332903201669
8328,301.25,53.75,53.75,1.0,0,0.1615518959242948
8329,303.75,53.75,53.75,0.0,1,0.035040381107382335
8330,306.25,53.75,53.75,0.0,1,-0.08645471409401602
8331,308.75,53.75,53.75,0.0,1,-0.11114670158686266
8332,311.25,53.75,53.75,0.0,1,-0.11562856172270713
8333,313.75,53.75,53.75,0.0,1,-0.119952339536744
8334,316.25,53.75,53.75,0.0,1,-0.13133416122323274
8335,318.75,53.75,53.75,0.0,1,-0.30905721422322446
8336,321.25,53.75,53.75,0.0,1,-0.8486857642052704
8337,323.75,53.75,53.75,0.0,1,-1.481012321050292
8338,326.25,53.75,53.75,0.0,1,-1.6420568713218977
8339,328.75,53.75,53.75,0.0,1,-1.2098729810142586
8340,331.25,53.75,53.75,0.0,1,-0.5086153820015972
8341,333.75,53.75,53.75,0.0,1,0.11314192290290415
8342,336.25,53.75,53.75,0.0,1,0.4974688407857764
8343,338.75,53.75,53.75,0.0,1,0.5552856288072733
8344,341.25,53.75,53.75,0.0,1,0.3718820614047214
8345,343.75,53.75,53.75,0.0,1,0.1839185927381435
8346,346.25,53.75,53.75,0.0,1,0.07391004612524887
8347,348.75,53.75,53.75,0.0,1,0.011371521794044399
8348,351.25,53.75,53.75,1.0,0,-0.03452795777365397
8349,353.75,53.75,53.75,1.0,0,-0.039915411758081436
8350,356.25,53.75,53.75,1.0,0,-0.003958486765452742
8351,358.75,53.75,53.75,1.0,0,0.051214095796197054
8352,1.25,56.25,56.25,0.0,1,0.012616161161935596
8353,3.75,56.25,56.25,0.0,1,0.008426055890371504
8354,6.25,56.25,56.25,0.0,1,0.031452990464029884
8355,8.75,56.25,56.25,0.0,0,0.04932076047438559
8356,11.25,56.25,56.25,0.0,0,0.038514090449948565
8357,13.75,56.25,56.25,1.0,0,0.035120607888792336
8358,16.25,56.25,56.25,0.0,1,0.06959555685253103
8359,18.75,56.25,56.25,0.0,1,0.11595758593343994
8360,21.25,56.25,56.25,0.0,1,0.12113563082078568
8361,23.75,56.25,56.25,1.0,0,0.0995044640229728
8362,26.25,56.25,56.25,1.0,0,0.08339257910124978
8363,28.75,56.25,56.25,1.0,0,0.0775037377107149
8364,31.25,56.25,56.25,1.0,0,0.07401963236664358
8365,33.75,56.25,56.25,1.0,0,0.07279250278372225
8366,36.25,56.25,56.25,1.0,0,0.07174371233531215
8367,38.75,56.25,56.25,1.0,0,0.0657030292487071
8368,41.25,56.25,56.25,1.0,0,0.05842984956454831
8369,43.75,56.25,56.25,1.0,0,0.052566357225945846
8370,46.25,56.25,56.25,1.0,0,0.04953318929256087
8371,48.75,56.25,56.25,1.0,0,0.046879594779097804
8372,51.25,56.25,56.25,1.0,0,0.04405383488233302
8373,53.75,56.25,56.25,1.0,0,0.04853186951172959
8374,56.25,56.25,56.25,1.0,0,0.059079893705972865
8375,58.75,56.25,56.25,1.0,0,0.05616754579720436
8376,61.25,56.25,56.25,1.0,0,0.034585152862009985
8377,63.75,56.25,56.25,1.0,0,0.006928656528996303
8378,66.25,56.25,56.25,1.0,0,-0.012219302517845719
8379,68.75,56.25,56.25,1.0,0,-0.02228853989234722
8380,71.25,56.25,56.25,1.0,0,-0.02984592250032154
8381,73.75,56.25,56.25,1.0,0,-0.029689944110511728
8382,76.25,56.25,56.25,1.0,0,-0.015455724255128766
8383,78.75,56.25,56.25,1.0,0,0.0032285096187645536
8384,81.25,56.25,56.25,1.0,0,0.005264135967186662
8385,83.75,56.25,56.25,1.0,0,-0.00949539153224809
8386,86.25,56.25,56.25,1.0,0,0.0003439527428987904
8387,88.75,56.25,56.25,1.0,0,0.030295305443912107
8388,91.25,56.25,56.25,1.0,0,0.03913940177736282
8389,93.75,56.25,56.25,1.0,0,0.028642458688962227
8390,96.25,56.25,56.25,1.0,0,0.024540434139044782
8391,98.75,56.25,56.25,1.0,0,0.03410588389096407
8392,101.25,56.25,56.25,1.0,0,0.04566219899341292
8393,103.75,56.25,56.25,1.0,0,0.07736101605983954
8394,106.25,56.25,56.25,1.0,0,0.13815324052830197
8395,108.75,56.25,56.25,1.0,0,0.17257608853093728
8396,111.25,56.25,56.25,1.0,0,0.1537416374246957
8397,113.75,56.25,56.25,1.0,0,0.14880873021068505
8398,116.25,56.25,56.25,1.0,0,0.16734903879394183
8399,118.75,56.25,56.25,1.0,0,0.17183935071385545
8400,121.25,56.25,56.25,1.0,0,0.16449257257826697
8401,123.75,56.25,56.25,1.0,0,0.15925278219136624
8402,126.25,56.25,56.25,1.0,0,0.16869032706907341
8403,128.75,56.25,56.25,1.0,0,0.1838830465599643
8404,131.25,56.25,56.25,1.0,0,0.18196241121033044
8405,133.75,56.25,56.25,1.0,0,0.17638578698223464
8406,136.25,56.25,56.25,1.0,0,0.14657356578676012
8407,138.75,56.25,56.25,0.0,2,0.09256933939879472
8408,141.25,56.25,56.25,0.0,2,0.07116966518126192
8409,143.75,56.25,56.25,0.0,2,0.08437587986789928
8410,146.25,56.25,56.25,0.0,2,0.1073574621650083
8411,148.75,56.25,56.25,0.0,2,0.12910142430550006
8412,151.25,56.25,56.25,0.0,2,0.1529370718396627
8413,153.75,56.25,56.25,0.0,2,0.17283423961621147
8414,156.25,56.25,56.25,0.0,2,0.18613464715378422
8415,158.75,56.25,56.25,1.0,0,0.18360311887719916
8416,161.25,56.25,56.25,1.0,0,0.16531757723791377
8417,163.75,56.25,56.25,0.0,2,0.14177208947126688
8418,166.25,56.25,56.25,0.0,2,0.13436381926938823
8419,168.75,56.25,56.25,0.0,2,0.1352174414132622
8420,171.25,56.25,56.25,0.0,2,0.13212221885797046
8421,173.75,56.25,56.25,0.0,2,0.1334578578161841
8422,176.25,56.25,56.25,0.0,2,0.13127426033541142
8423,178.75,56.25,56.25,0.0,2,0.12853599583945866
8424,181.25,56.25,56.25,0.0,2,0.12333533456446263
8425,183.75,56.25,56.25,0.0,2,0.11348253053587098
8426,186.25,56.25,56.25,0.0,2,0.11078613465054135
8427,188.75,56.25,56.25,0.0,2,0.12527662018186173
8428,191.25,56.25,56.25,0.0,2,0.1430163814054913
8429,193.75,56.25,56.25,0.0,2,0.1535283413407383
8430,196.25,56.25,56.25,0.0,2,0.1556390830876997
8431,198.75,56.25,56.25,0.0,2,0.143130009564283
8432,201.25,56.25,56.25,0.0,0,0.12179715252637446
8433,203.75,56.25,56.25,0.0,2,0.09230865356713232
8434,206.25,56.25,56.25,0.0,2,0.06903857371872252
8435,208.75,56.25,56.25,0.0,2,0.0715815366674079
8436,211.25,56.25,56.25,0.0,2,0.0737103924081507
8437,213.75,56.25,56.25,0.0,2,0.0590734451847942
8438,216.25,56.25,56.25,0.0,2,0.027538915222402194
8439,218.75,56.25,56.25,0.0,2,-0.052546918555678744
8440,221.25,56.25,56.25,0.0,2,-0.13077606880004403
8441,223.75,56.25,56.25,0.0,2,-0.11960801507945738
8442,226.25,56.25,56.25,0.0,0,-0.0061183315028713004
8443,228.75,56.25,56.25,1.0,0,0.2907986261982396
8444,231.25,56.25,56.25,1.0,0,0.3827866213440356
8445,233.75,56.25,56.25,1.0,0,0.20317751006627174
8446,236.25,56.25,56.25,1.0,0,0.13194761779203312
8447,238.75,56.25,56.25,1.0,0,0.11300024848844763
8448,241.25,56.25,56.25,1.0,0,0.08785305159457314
8449,243.75,56.25,56.25,1.0,0,0.0740635693325742
8450,246.25,56.25,56.25,1.0,0,0.07739125308060095
8451,248.75,56.25,56.25,1.0,0,0.0778418488859244
8452,251.25,56.25,56.25,1.0,0,0.06695039425220393
8453,253.75,56.25,56.25,1.0,0,0.05116333586550312
8454,256.25,56.25,56.25,1.0,0,0.03676437057290286
8455,258.75,56.25,56.25,1.0,0,0.031897468900313766
8456,261.25,56.25,56.25,1.0,0,0.03342899296858569
8457,263.75,56.25,56.25,1.0,0,0.034387668974667836
8458,266.25,56.25,56.25,1.0,0,0.03792870503141757
8459,268.75,56.25,56.25,1.0,0,0.04509724339518791
8460,271.25,56.25,56.25,1.0,0,0.05218780076265703
8461,273.75,56.25,56.25,0.0,2,0.06231704986996033
8462,276.25,56.25,56.25,0.0,2,0.0784675215092497
8463,278.75,56.25,56.25,0.0,2,0.09435747675093825
8464,281.25,56.25,56.25,0.0,1,0.105811921445969
8465,283.75,56.25,56.25,0.0,0,0.1273287553579448
8466,286.25,56.25,56.25,1.0,0,0.1458483891638437
8467,288.75,56.25,56.25,1.0,0,0.14637406677706633
8468,291.25,56.25,56.25,1.0,0,0.14206462410460768
8469,293.75,56.25,56.25,1.0,0,0.13408594819868228
8470,296.25,56.25,56.25,1.0,0,0.1295658475673821
8471,298.75,56.25,56.25,0.0,1,0.057097522726458176
8472,301.25,56.25,56.25,0.0,1,-0.09153074648511901
8473,303.75,56.25,56.25,0.0,1,-0.16887441679751805
8474,306.25,56.25,56.25,0.0,1,-0.16566089340941956
8475,308.75,56.25,56.25,0.0,1,-0.14912371696163815
8476,311.25,56.25,56.25,0.0,1,-0.16148073786004785
8477,313.75,56.25,56.25,0.0,1,-0.18059734168622044
8478,316.25,56.25,56.25,0.0,1,-0.1585051157456434
8479,318.75,56.25,56.25,0.0,1,-0.21843958328789892
8480,321.25,56.25,56.25,0.0,1,-0.5277114406813408
8481,323.75,56.25,56.25,0.0,1,-0.8308301539455553
8482,326.25,56.25,56.25,0.0,1,-0.7383140421057457
8483,328.75,56.25,56.25,0.0,1,-0.3505982006123807
8484,331.25,56.25,56.25,0.0,1,0.06250858430938855
8485,333.75,56.25,56.25,0.0,1,0.3690993866683156
8486,336.25,56.25,56.25,0.0,1,0.5412668191810591
8487,338.75,56.25,56.25,0.0,1,0.5140697709853893
8488,341.25,56.25,56.25,0.0,1,0.3202266575119941
8489,343.75,56.25,56.25,0.0,1,0.15656685975140333
8490,346.25,56.25,56.25,0.0,1,0.08220958195153902
8491,348.75,56.25,56.25,0.0,1,0.058020799742786344
8492,351.25,56.25,56.25,0.0,1,0.06192335501748238
8493,353.75,56.25,56.25,0.0,1,0.06140308505772385
8494,356.25,56.25,56.25,1.0,0,0.051093236337890126
8495,358.75,56.25,56.25,0.0,1,0.03147229048622443
8496,1.25,58.75,58.75,0.0,1,0.10833264857424599
8497,3.75,58.75,58.75,0.0,1,0.15285275962004605
8498,6.25,58.75,58.75,0.0,1,0.15447348175796397
8499,8.75,58.75,58.75,0.0,0,0.10558733330032667
8500,11.25,58.75,58.75,0.0,0,0.06344414606664046
8501,13.75,58.75,58.75,1.0,0,0.031642009562955244
8502,16.25,58.75,58.75,1.0,0,0.04077831192666698
8503,18.75,58.75,58.75,0.0,1,0.08398253587813198
8504,21.25,58.75,58.75,0.0,1,0.10371490256160065
8505,23.75,58.75,58.75,0.0,0,0.08251856098338965
8506,26.25,58.75,58.75,1.0,0,0.06333186403067641
8507,28.75,58.75,58.75,1.0,0,0.061217571334003275
8508,31.25,58.75,58.75,1.0,0,0.06683632859674937
8509,33.75,58.75,58.75,1.0,0,0.07046379107166181
8510,36.25,58.75,58.75,1.0,0,0.06660649136559943
8511,38.75,58.75,58.75,1.0,0,0.06542799798252873
8512,41.25,58.75,58.75,1.0,0,0.06795810586271789
8513,43.75,58.75,58.75,1.0,0,0.06948952714551532
8514,46.25,58.75,58.75,1.0,0,0.06608447053009875
8515,48.75,58.75,58.75,1.0,0,0.06406862115109985
8516,51.25,58.75,58.75,1.0,0,0.06983251318290296
8517,53.75,58.75,58.75,1.0,0,0.07024075719127805
8518,56.25,58.75,58.75,1.0,0,0.06548833851451921
8519,58.75,58.75,58.75,1.0,0,0.06192559031935636
8520,61.25,58.75,58.75,1.0,0,0.051123592826107365
8521,63.75,58.75,58.75,1.0,0,0.03112218946563506
8522,66.25,58.75,58.75,1.0,0,0.01968807696015009
8523,68.75,58.75,58.75,1.0,0,0.01612974534929298
8524,71.25,58.75,58.75,1.0,0,0.01239516125121029
8525,73.75,58.75,58.75,1.0,0,0.016550064908829553
8526,76.25,58.75,58.75,1.0,0,0.026838193294761777
8527,78.75,58.75,58.75,1.0,0,0.030682037404525873
8528,81.25,58.75,58.75,1.0,0,0.02754020347568104
8529,83.75,58.75,58.75,1.0,0,0.024790135709862444
8530,86.25,58.75,58.75,1.0,0,0.027974859177935272
8531,88.75,58.75,58.75,1.0,0,0.039223491163049636
8532,91.25,58.75,58.75,1.0,0,0.050098169046386
8533,93.75,58.75,58.75,1.0,0,0.044338924208270396
8534,96.25,58.75,58.75,1.0,0,0.034869045459818226
8535,98.75,58.75,58.75,1.0,0,0.03612743623023697
8536,101.25,58.75,58.75,1.0,0,0.04222379366867102
8537,103.75,58.75,58.75,1.0,0,0.05640406490021223
8538,106.25,58.75,58.75,1.0,0,0.07347083447696254
8539,108.75,58.75,58.75,1.0,0,0.09083857263240722
8540,111.25,58.75,58.75,1.0,0,0.11710863047251274
8541,113.75,58.75,58.75,1.0,0,0.13139701700292403
8542,116.25,58.75,58.75,1.0,0,0.1270211233169448
8543,118.75,58.75,58.75,1.0,0,0.12745564845951332
8544,121.25,58.75,58.75,1.0,0,0.13849650922610665
8545,123.75,58.75,58.75,1.0,0,0.14425319279668714
8546,126.25,58.75,58.75,1.0,0,0.13656135487402643
8547,128.75,58.75,58.75,1.0,0,0.12853180692272198
8548,131.25,58.75,58.75,1.0,0,0.12086311580042582
8549,133.75,58.75,58.75,1.0,0,0.11825709411539799
8550,136.25,58.75,58.75,1.0,0,0.12976044013844953
8551,138.75,58.75,58.75,1.0,0,0.14389473091784682
8552,141.25,58.75,58.75,0.0,0,0.14903536199210382
8553,143.75,58.75,58.75,0.0,2,0.1494468740715919
8554,146.25,58.75,58.75,0.0,2,0.14946452799205387
8555,148.75,58.75,58.75,0.0,2,0.15067303843520735
8556,151.25,58.75,58.75,0.0,2,0.14992330807009752
8557,153.75,58.75,58.75,0.0,2,0.13793793955963846
8558,156.25,58.75,58.75,0.0,2,0.12023546338747042
8559,158.75,58.75,58.75,0.0,0,0.10671516046907126
8560,161.25,58.75,58.75,1.0,0,0.10580545806061241
8561,163.75,58.75,58.75,0.0,2,0.12017232304860376
8562,166.25,58.75,58.75,0.0,2,0.13225694304851954
8563,168.75,58.75,58.75,0.0,2,0.126292774583781
8564,171.25,58.75,58.75,0.0,2,0.1155868120453397
8565,173.75,58.75,58.75,0.0,2,0.10702420460988869
8566,176.25,58.75,58.75,0.0,2,0.09980457828709238
8567,178.75,58.75,58.75,0.0,2,0.09535797387791346
8568,181.25,58.75,58.75,0.0,2,0.09246954627161492
8569,183.75,58.75,58.75,0.0,2,0.09910287503894492
8570,186.25,58.75,58.75,0.0,2,0.11329704034728089
8571,188.75,58.75,58.75,0.0,2,0.1266104856616764
8572,191.25,58.75,58.75,0.0,2,0.13515614231191989
8573,193.75,58.75,58.75,0.0,2,0.13704640172467605
8574,196.25,58.75,58.75,0.0,2,0.13686042384083016
8575,198.75,58.75,58.75,0.0,0,0.1499383608935369
8576,201.25,58.75,58.75,0.0,0,0.1642616841902831
8577,203.75,58.75,58.75,1.0,0,0.14573539854571624
8578,206.25,58.75,58.75,0.0,0,0.10454194364609862
8579,208.75,58.75,58.75,0.0,2,0.08589195049530804
8580,211.25,58.75,58.75,0.0,2,0.09774808305612011
8581,213.75,58.75,58.75,0.0,2,0.11642620530984457
8582,216.25,58.75,58.75,0.0,2,0.14048761446567365
8583,218.75,58.75,58.75,0.0,2,0.16800962291958357
8584,221.25,58.75,58.75,0.0,2,0.16802633994693383
8585,223.75,58.75,58.75,1.0,0,0.17340695135651676
8586,226.25,58.75,58.75,1.0,0,0.19656154575510415
8587,228.75,58.75,58.75,1.0,0,0.1767042434427408
8588,231.25,58.75,58.75,1.0,0,0.1166034761053226
8589,233.75,58.75,58.75,1.0,0,0.07729130088848685
8590,236.25,58.75,58.75,1.0,0,0.06668033421419656
8591,238.75,58.75,58.75,1.0,0,0.05717240464203229
8592,241.25,58.75,58.75,1.0,0,0.04330527476805837
8593,243.75,58.75,58.75,1.0,0,0.038290466309205004
8594,246.25,58.75,58.75,1.0,0,0.03753240431708005
8595,248.75,58.75,58.75,1.0,0,0.042411392314209685
8596,251.25,58.75,58.75,1.0,0,0.04786191956465078
8597,253.75,58.75,58.75,1.0,0,0.045633759532822546
8598,256.25,58.75,58.75,1.0,0,0.03624279226912128
8599,258.75,58.75,58.75,1.0,0,0.030640984503907998
8600,261.25,58.75,58.75,1.0,0,0.03205538080153882
8601,263.75,58.75,58.75,1.0,0,0.036170270967918645
8602,266.25,58.75,58.75,0.0,2,0.04405584272291758
8603,268.75,58.75,58.75,0.0,2,0.05697832511909082
8604,271.25,58.75,58.75,0.0,2,0.07361142326767561
8605,273.75,58.75,58.75,0.0,2,0.08819873339770788
8606,276.25,58.75,58.75,0.0,2,0.0996527393416037
8607,278.75,58.75,58.75,0.0,2,0.11111120415400512
8608,281.25,58.75,58.75,0.0,1,0.12113838613397634
8609,283.75,58.75,58.75,1.0,0,0.11779329697195856
8610,286.25,58.75,58.75,1.0,0,0.10152047533142257
8611,288.75,58.75,58.75,1.0,0,0.091930735345508
8612,291.25,58.75,58.75,0.0,1,0.09395587661009938
8613,293.75,58.75,58.75,0.0,1,0.09225558769735807
8614,296.25,58.75,58.75,0.0,0,0.05873925630096818
8615,298.75,58.75,58.75,0.0,1,-0.03367882487871896
8616,301.25,58.75,58.75,0.0,1,-0.10633512114614471
8617,303.75,58.75,58.75,0.0,1,-0.1070648821730119
8618,306.25,58.75,58.75,0.0,1,-0.0949503232409116
8619,308.75,58.75,58.75,0.0,1,-0.08430090350573483
8620,311.25,58.75,58.75,0.0,1,-0.055470751878070206
8621,313.75,58.75,58.75,0.0,1,-0.008845578589167109
8622,316.25,58.75,58.75,0.0,1,0.019961451505081912
8623,318.75,58.75,58.75,0.0,1,-0.04458856333774647
8624,321.25,58.75,58.75,0.0,1,-0.26055222689772434
8625,323.75,58.75,58.75,0.0,1,-0.512123786449626
8626,326.25,58.75,58.75,0.0,1,-0.6122618927312524
8627,328.75,58.75,58.75,0.0,1,-0.48414976566904083
8628,331.25,58.75,58.75,0.0,1,-0.19858689940331542
8629,333.75,58.75,58.75,0.0,1,0.04942719654506449
8630,336.25,58.75,58.75,0.0,1,0.1945026874873081
8631,338.75,58.75,58.75,0.0,1,0.2541026124553688
8632,341.25,58.75,58.75,0.0,1,0.22288336262956582
8633,343.75,58.75,58.75,0.0,1,0.16707534435565122
8634,346.25,58.75,58.75,0.0,1,0.11032027195369871
8635,348.75,58.75,58.75,0.0,1,0.07205029333999712
8636,351.25,58.75,58.75,0.0,1,0.0744014925510222
8637,353.75,58.75,58.75,0.0,1,0.08635072405324527
8638,356.25,58.75,58.75,0.0,1,0.09186615351536531
8639,358.75,58.75,58.75,0.0,1,0.09393135938268304
8640,1.25,61.25,61.25,0.0,1,0.10849984205690824
8641,3.75,61.25,61.25,0.0,1,0.16566628138812717
8642,6.25,61.25,61.25,1.0,0,0.16790925778584087
8643,8.75,61.25,61.25,1.0,0,0.10924830666786599
8644,11.25,61.25,61.25,1.0,0,0.06728598126481042
8645,13.75,61.25,61.25,1.0,0,0.04567341927318341
8646,16.25,61.25,61.25,1.0,0,0.036904804086095463
8647,18.75,61.25,61.25,0.0,1,0.05500731327935836
8648,21.25,61.25,61.25,0.0,1,0.07749846830793079
8649,23.75,61.25,61.25,1.0,0,0.0743583336679559
8650,26.25,61.25,61.25,1.0,0,0.07145322084722414
8651,28.75,61.25,61.25,1.0,0,0.07720736355057331
8652,31.25,61.25,61.25,1.0,0,0.0792914149163218
8653,33.75,61.25,61.25,1.0,0,0.07238269355172128
8654,36.25,61.25,61.25,1.0,0,0.06409376389440832
8655,38.75,61.25,61.25,1.0,0,0.0644112502327836
8656,41.25,61.25,61.25,1.0,0,0.07080490028374922
8657,43.75,61.25,61.25,1.0,0,0.07717705526484116
8658,46.25,61.25,61.25,1.0,0,0.07590453284905362
8659,48.75,61.25,61.25,1.0,0,0.07386713613651998
8660,51.25,61.25,61.25,1.0,0,0.07674990317701286
8661,53.75,61.25,61.25,1.0,0,0.07817616701546852
8662,56.25,61.25,61.25,1.0,0,0.07820761160350831
8663,58.75,61.25,61.25,1.0,0,0.07671043163199852
8664,61.25,61.25,61.25,1.0,0,0.0681385198535141
8665,63.75,61.25,61.25,1.0,0,0.05662757357161867
8666,66.25,61.25,61.25,1.0,0,0.05195030358867127
8667,68.75,61.25,61.25,1.0,0,0.04897803827402097
8668,71.25,61.25,61.25,1.0,0,0.04708217195590812
8669,73.75,61.25,61.25,1.0,0,0.05332645902716955
8670,76.25,61.25,61.25,1.0,0,0.05783014070659618
8671,78.75,61.25,61.25,1.0,0,0.05243469963707075
8672,81.25,61.25,61.25,1.0,0,0.04398544214005985
8673,83.75,61.25,61.25,1.0,0,0.040899623319252384
8674,86.25,61.25,61.25,1.0,0,0.03717132082805915
8675,88.75,61.25,61.25,1.0,0,0.049942842008572845
8676,91.25,61.25,61.25,1.0,0,0.07103564449604308
8677,93.75,61.25,61.25,1.0,0,0.06316582070567706
8678,96.25,61.25,61.25,1.0,0,0.049494538369786914
8679,98.75,61.25,61.25,1.0,0,0.05109778221869883
8680,101.25,61.25,61.25,1.0,0,0.05899182743895191
8681,103.75,61.25,61.25,1.0,0,0.06780539506852958
8682,106.25,61.25,61.25,1.0,0,0.0735658147248491
8683,108.75,61.25,61.25,1.0,0,0.07568221007817456
8684,111.25,61.25,61.25,1.0,0,0.0798123860119502
8685,113.75,61.25,61.25,1.0,0,0.08051339821793346
8686,116.25,61.25,61.25,1.0,0,0.07727609791106016
8687,118.75,61.25,61.25,1.0,0,0.08161143789233245
8688,121.25,61.25,61.25,1.0,0,0.09564275600894284
8689,123.75,61.25,61.25,1.0,0,0.11117168488773696
8690,126.25,61.25,61.25,1.0,0,0.11992573755821534
8691,128.75,61.25,61.25,1.0,0,0.11944251275118833
8692,131.25,61.25,61.25,1.0,0,0.11948983389434017
8693,133.75,61.25,61.25,1.0,0,0.13259289918468664
8694,136.25,61.25,61.25,1.0,0,0.173415597877805
8695,138.75,61.25,61.25,1.0,0,0.20785013066251842
8696,141.25,61.25,61.25,1.0,0,0.20880579776420038
8697,143.75,61.25,61.25,1.0,0,0.2087714581973465
8698,146.25,61.25,61.25,1.0,0,0.20103002728174107
8699,148.75,61.25,61.25,1.0,0,0.1842308195921522
8700,151.25,61.25,61.25,1.0,0,0.17489937340285316
8701,153.75,61.25,61.25,1.0,0,0.16525573272980607
8702,156.25,61.25,61.25,0.0,0,0.15149192907941947
8703,158.75,61.25,61.25,0.0,0,0.13873832696674057
8704,161.25,61.25,61.25,0.0,0,0.1360798981779826
8705,163.75,61.25,61.25,1.0,0,0.1471792474909644
8706,166.25,61.25,61.25,1.0,0,0.15584043095370656
8707,168.75,61.25,61.25,1.0,0,0.14396530029615737
8708,171.25,61.25,61.25,1.0,0,0.12513286371698748
8709,173.75,61.25,61.25,0.0,2,0.10774736516009353
8710,176.25,61.25,61.25,0.0,2,0.09816690192655433
8711,178.75,61.25,61.25,0.0,2,0.10192441023382953
8712,181.25,61.25,61.25,0.0,2,0.10957376078972851
8713,183.75,61.25,61.25,0.0,2,0.12267497082573511
8714,186.25,61.25,61.25,0.0,2,0.13464790396786144
8715,188.75,61.25,61.25,0.0,2,0.1388648163571757
8716,191.25,61.25,61.25,0.0,2,0.14175982081259975
8717,193.75,61.25,61.25,0.0,2,0.13736967585584392
8718,196.25,61.25,61.25,1.0,0,0.13210911221602722
8719,198.75,61.25,61.25,1.0,0,0.14380360951483187
8720,201.25,61.25,61.25,1.0,0,0.16023226391260115
8721,203.75,61.25,61.25,1.0,0,0.17212035318150537
8722,206.25,61.25,61.25,1.0,0,0.19066285524242121
8723,208.75,61.25,61.25,1.0,0,0.2047073272939193
8724,211.25,61.25,61.25,1.0,0,0.2070729541632452
8725,213.75,61.25,61.25,1.0,0,0.21946564979510486
8726,216.25,61.25,61.25,1.0,0,0.23506106076429764
8727,218.75,61.25,61.25,1.0,0,0.2259257568086274
8728,221.25,61.25,61.25,1.0,0,0.19216928527144392
8729,223.75,61.25,61.25,1.0,0,0.16059640582277637
8730,226.25,61.25,61.25,1.0,0,0.16958053838726656
8731,228.75,61.25,61.25,1.0,0,0.15816796713090162
8732,231.25,61.25,61.25,1.0,0,0.09742483502158344
8733,233.75,61.25,61.25,1.0,0,0.054990053736814294
8734,236.25,61.25,61.25,1.0,0,0.04139094163722168
8735,238.75,61.25,61.25,1.0,0,0.032553692976272426
8736,241.25,61.25,61.25,1.0,0,0.023383837100625374
8737,243.75,61.25,61.25,1.0,0,0.02488138941055856
8738,246.25,61.25,61.25,1.0,0,0.031561847257129176
8739,248.75,61.25,61.25,1.0,0,0.0416053416177822
8740,251.25,61.25,61.25,1.0,0,0.046185089592930224
8741,253.75,61.25,61.25,1.0,0,0.0421421261233054
8742,256.25,61.25,61.25,1.0,0,0.03515737242113813
8743,258.75,61.25,61.25,1.0,0,0.03214555692714891
8744,261.25,61.25,61.25,1.0,0,0.03492142597500456
8745,263.75,61.25,61.25,1.0,0,0.04155284283135595
8746,266.25,61.25,61.25,0.0,2,0.050438888994963314
8747,268.75,61.25,61.25,0.0,2,0.0614606795946219
8748,271.25,61.25,61.25,0.0,2,0.07646087998527702
8749,273.75,61.25,61.25,0.0,2,0.09010155539881907
8750,276.25,61.25,61.25,0.0,2,0.10142963375854674
8751,278.75,61.25,61.25,0.0,2,0.11491598706868474
8752,281.25,61.25,61.25,0.0,1,0.1212907968469544
8753,283.75,61.25,61.25,1.0,0,0.11541042639980043
8754,286.25,61.25,61.25,1.0,0,0.10639389040540832
8755,288.75,61.25,61.25,0.0,1,0.10135636755311714
8756,291.25,61.25,61.25,0.0,1,0.09760151423091891
8757,293.75,61.25,61.25,0.0,1,0.07184019071531708
8758,296.25,61.25,61.25,0.0,1,-0.023815729877858308
8759,298.75,61.25,61.25,0.0,1,-0.1082562105442772
8760,301.25,61.25,61.25,0.0,1,-0.10455190011862642
8761,303.75,61.25,61.25,0.0,1,-0.07239991857663444
8762,306.25,61.25,61.25,0.0,1,-0.0032068224165243612
8763,308.75,61.25,61.25,0.0,1,0.10860256678324978
8764,311.25,61.25,61.25,0.0,1,0.19151842706997962
8765,313.75,61.25,61.25,1.0,0,0.12898959006234487
8766,316.25,61.25,61.25,1.0,0,-0.040221011668692186
8767,318.75,61.25,61.25,0.0,1,-0.10447131713111045
8768,321.25,61.25,61.25,0.0,1,-0.15157774308543545
8769,323.75,61.25,61.25,0.0,1,-0.30575429375930047
8770,326.25,61.25,61.25,0.0,1,-0.4401859298545723
8771,328.75,61.25,61.25,0.0,1,-0.4212933064934893
8772,331.25,61.25,61.25,0.0,1,-0.21727301086025966
8773,333.75,61.25,61.25,0.0,1,-0.02718275379604714
8774,336.25,61.25,61.25,0.0,1,0.05573355261503249
8775,338.75,61.25,61.25,0.0,1,0.0958299811588355
8776,341.25,61.25,61.25,0.0,1,0.11409204353492662
8777,343.75,61.25,61.25,0.0,1,0.11869921311440977
8778,346.25,61.25,61.25,0.0,1,0.10566615973163342
8779,348.75,61.25,61.25,0.0,1,0.08615800521545021
8780,351.25,61.25,61.25,0.0,1,0.07261142183030021
8781,353.75,61.25,61.25,0.0,1,0.06881870164026886
8782,356.25,61.25,61.25,0.0,1,0.0751650509376155
8783,358.75,61.25,61.25,0.0,1,0.08263750047572156
8784,1.25,63.75,63.75,0.0,1,-0.07262316680274505
8785,3.75,63.75,63.75,0.0,1,-0.025757977743845605
8786,6.25,63.75,63.75,0.0,1,-0.0008845139468368131
8787,8.75,63.75,63.75,0.0,1,0.07793587793823013
8788,11.25,63.75,63.75,1.0,0,0.15464481285463055
8789,13.75,63.75,63.75,1.0,0,0.10167507759864614
8790,16.25,63.75,63.75,1.0,0,0.0720011851780735
8791,18.75,63.75,63.75,1.0,0,0.11580486405595619
8792,21.25,63.75,63.75,0.0,1,0.10726977292983
8793,23.75,63.75,63.75,0.0,0,0.05679193272370187
8794,26.25,63.75,63.75,1.0,0,0.05299808540163864
8795,28.75,63.75,63.75,1.0,0,0.06517620534815856
8796,31.25,63.75,63.75,1.0,0,0.06350577718715418
8797,33.75,63.75,63.75,1.0,0,0.04966609780224581
8798,36.25,63.75,63.75,1.0,0,0.040439734181422764
8799,38.75,63.75,63.75,1.0,0,0.041281432941241814
8800,41.25,63.75,63.75,1.0,0,0.04147408437658279
8801,43.75,63.75,63.75,1.0,0,0.03798450686059409
8802,46.25,63.75,63.75,1.0,0,0.03723015926573853
8803,48.75,63.75,63.75,1.0,0,0.04776789527024
8804,51.25,63.75,63.75,1.0,0,0.06011305539269255
8805,53.75,63.75,63.75,1.0,0,0.06732489539459338
8806,56.25,63.75,63.75,1.0,0,0.07943733383046785
8807,58.75,63.75,63.75,1.0,0,0.08582703340861193
8808,61.25,63.75,63.75,1.0,0,0.07527161750678273
8809,63.75,63.75,63.75,1.0,0,0.0639487093136903
8810,66.25,63.75,63.75,1.0,0,0.05658306241738231
8811,68.75,63.75,63.75,1.0,0,0.051789596305115565
8812,71.25,63.75,63.75,1.0,0,0.054459198047402145
8813,73.75,63.75,63.75,1.0,0,0.05985979936343777
8814,76.25,63.75,63.75,1.0,0,0.06126813208069536
8815,78.75,63.75,63.75,1.0,0,0.05632698968800785
8816,81.25,63.75,63.75,1.0,0,0.04709298166473038
8817,83.75,63.75,63.75,1.0,0,0.04849097107035674
8818,86.25,63.75,63.75,1.0,0,0.07912120920170504
8819,88.75,63.75,63.75,1.0,0,0.12476817135405831
8820,91.25,63.75,63.75,1.0,0,0.1432271331086779
8821,93.75,63.75,63.75,1.0,0,0.11723399733815874
8822,96.25,63.75,63.75,1.0,0,0.07892642091209359
8823,98.75,63.75,63.75,1.0,0,0.059791677144007294
8824,101.25,63.75,63.75,1.0,0,0.054940471604566575
8825,103.75,63.75,63.75,1.0,0,0.058915183793885675
8826,106.25,63.75,63.75,1.0,0,0.06780482849461107
8827,108.75,63.75,63.75,1.0,0,0.07185797450887635
8828,111.25,63.75,63.75,1.0,0,0.07137055834098888
8829,113.75,63.75,63.75,1.0,0,0.07205441068372491
8830,116.25,63.75,63.75,1.0,0,0.07575383139258923
8831,118.75,63.75,63.75,1.0,0,0.08138220219614856
8832,121.25,63.75,63.75,1.0,0,0.08758042131910698
8833,123.75,63.75,63.75,1.0,0,0.10415680245584555
8834,126.25,63.75,63.75,1.0,0,0.1398634828306892
8835,128.75,63.75,63.75,1.0,0,0.15663885949020337
8836,131.25,63.75,63.75,1.0,0,0.13817534218643107
8837,133.75,63.75,63.75,1.0,0,0.1251836223974742
8838,136.25,63.75,63.75,1.0,0,0.14756987544659506
8839,138.75,63.75,63.75,1.0,0,0.16938737982139923
8840,141.25,63.75,63.75,1.0,0,0.15439700576542298
8841,143.75,63.75,63.75,1.0,0,0.13466138218600815
8842,146.25,63.75,63.75,1.0,0,0.10807956970147588
8843,148.75,63.75,63.75,1.0,0,0.0880053595429354
8844,151.25,63.75,63.75,1.0,0,0.09091958151424225
8845,153.75,63.75,63.75,1.0,0,0.09249391481792177
8846,156.25,63.75,63.75,1.0,0,0.08655075860126704
8847,158.75,63.75,63.75,1.0,0,0.06922630336162142
8848,161.25,63.75,63.75,1.0,0,0.05866476233422675
8849,163.75,63.75,63.75,1.0,0,0.06933704352455165
8850,166.25,63.75,63.75,1.0,0,0.08372648216248971
8851,168.75,63.75,63.75,1.0,0,0.07959885667988383
8852,171.25,63.75,63.75,1.0,0,0.059964752584947295
8853,173.75,63.75,63.75,1.0,0,0.047859487786817985
8854,176.25,63.75,63.75,1.0,0,0.07157159121677269
8855,178.75,63.75,63.75,0.0,0,0.11337731636726389
8856,181.25,63.75,63.75,0.0,2,0.13274723265427255
8857,183.75,63.75,63.75,0.0,2,0.12050948177033811
8858,186.25,63.75,63.75,0.0,2,0.09992000829531121
8859,188.75,63.75,63.75,0.0,2,0.10130736917037676
8860,191.25,63.75,63.75,0.0,2,0.11454148132681406
8861,193.75,63.75,63.75,0.0,2,0.11840360463615046
8862,196.25,63.75,63.75,0.0,2,0.1268613264215734
8863,198.75,63.75,63.75,1.0,0,0.15143585019012135
8864,201.25,63.75,63.75,1.0,0,0.17546381877727288
8865,203.75,63.75,63.75,1.0,0,0.19178027683788976
8866,206.25,63.75,63.75,1.0,0,0.18589149219865553
8867,208.75,63.75,63.75,1.0,0,0.1530727932101966
8868,211.25,63.75,63.75,1.0,0,0.1087734611832415
8869,213.75,63.75,63.75,1.0,0,0.07736526194944168
8870,216.25,63.75,63.75,1.0,0,0.08302612861752964
8871,218.75,63.75,63.75,1.0,0,0.0845482657516847
8872,221.25,63.75,63.75,1.0,0,0.0496102209755557
8873,223.75,63.75,63.75,1.0,0,0.02098431437796176
8874,226.25,63.75,63.75,1.0,0,0.021645049654039093
8875,228.75,63.75,63.75,1.0,0,0.036299011567747876
8876,231.25,63.75,63.75,1.0,0,0.050957965488638415
8877,233.75,63.75,63.75,1.0,0,0.05368816811175461
8878,236.25,63.75,63.75,1.0,0,0.04476298658989682
8879,238.75,63.75,63.75,1.0,0,0.04047896392512751
8880,241.25,63.75,63.75,1.0,0,0.045850678739792
8881,243.75,63.75,63.75,1.0,0,0.049841562682996256
8882,246.25,63.75,63.75,1.0,0,0.05284207006802329
8883,248.75,63.75,63.75,1.0,0,0.056635522182246004
8884,251.25,63.75,63.75,1.0,0,0.054205394463191316
8885,253.75,63.75,63.75,1.0,0,0.04180733883680312
8886,256.25,63.75,63.75,1.0,0,0.03027475433835251
8887,258.75,63.75,63.75,1.0,0,0.030047544381853804
8888,261.25,63.75,63.75,1.0,0,0.0390327060603092
8889,263.75,63.75,63.75,1.0,0,0.05556912220282506
8890,266.25,63.75,63.75,1.0,0,0.07214771335137661
8891,268.75,63.75,63.75,1.0,0,0.07901171321498215
8892,271.25,63.75,63.75,0.0,2,0.08392564017086891
8893,273.75,63.75,63.75,0.0,2,0.08972467528275803
8894,276.25,63.75,63.75,0.0,2,0.08997729316629954
8895,278.75,63.75,63.75,0.0,2,0.09116814069376442
8896,281.25,63.75,63.75,0.0,1,0.09556432095844297
8897,283.75,63.75,63.75,0.0,1,0.0977806535891035
8898,286.25,63.75,63.75,0.0,1,0.10182222760215849
8899,288.75,63.75,63.75,1.0,0,0.11090550602635715
8900,291.25,63.75,63.75,1.0,0,0.10558404112100107
8901,293.75,63.75,63.75,1.0,0,0.0811744169172193
8902,296.25,63.75,63.75,0.0,1,0.03883156174571215
8903,298.75,63.75,63.75,0.0,1,-0.0733340506026194
8904,301.25,63.75,63.75,0.0,1,-0.13868714091704595
8905,303.75,63.75,63.75,0.0,1,-0.10010944329363705
8906,306.25,63.75,63.75,0.0,1,-0.07868559016271637
8907,308.75,63.75,63.75,0.0,1,-0.006998466369452514
8908,311.25,63.75,63.75,1.0,0,0.055161885927579445
8909,313.75,63.75,63.75,1.0,0,-0.14319930217455573
8910,316.25,63.75,63.75,1.0,0,-0.6280334906549697
8911,318.75,63.75,63.75,0.0,1,-0.6146722216349733
8912,321.25,63.75,63.75,0.0,1,-0.20294673955488665
8913,323.75,63.75,63.75,0.0,1,-0.13571263026849964
8914,326.25,63.75,63.75,0.0,1,-0.24599177005877615
8915,328.75,63.75,63.75,0.0,1,-0.35837675515218254
8916,331.25,63.75,63.75,0.0,1,-0.3190779436096219
8917,333.75,63.75,63.75,0.0,1,-0.20971500699126297
8918,336.25,63.75,63.75,0.0,1,-0.19849606951836846
8919,338.75,63.75,63.75,0.0,1,-0.21722751519894168
8920,341.25,63.75,63.75,1.0,0,-0.21738917061971114
8921,343.75,63.75,63.75,0.0,1,-0.2721546569778489
8922,346.25,63.75,63.75,0.0,1,-0.27042490346318243
8923,348.75,63.75,63.75,0.0,1,-0.21351211224381345
8924,351.25,63.75,63.75,0.0,1,-0.18739231039808496
8925,353.75,63.75,63.75,0.0,1,-0.14691460996146216
8926,356.25,63.75,63.75,0.0,1,-0.1156332099732883
8927,358.75,63.75,63.75,0.0,1,-0.09725545958585939
8928,1.25,66.25,66.25,0.0,5,-0.15362071018998405
8929,3.75,66.25,66.25,0.0,5,-0.12427343739721278
8930,6.25,66.25,66.25,0.0,5,-0.038874621167652106
8931,8.75,66.25,66.25,0.0,5,0.037868163166500664
8932,11.25,66.25,66.25,0.0,5,0.16444470320820784
8933,13.75,66.25,66.25,1.0,0,0.2305244616243075
8934,16.25,66.25,66.25,1.0,0,0.11707420581146617
8935,18.75,66.25,66.25,1.0,0,0.024901955621527215
8936,21.25,66.25,66.25,1.0,0,0.025497493172625466
8937,23.75,66.25,66.25,1.0,0,0.027330489543212287
8938,26.25,66.25,66.25,1.0,0,0.022006726516189908
8939,28.75,66.25,66.25,1.0,0,0.03101389680835029
8940,31.25,66.25,66.25,1.0,0,0.031299214270177636
8941,33.75,66.25,66.25,1.0,0,0.03269136489558622
8942,36.25,66.25,66.25,1.0,0,0.03208930917476489
8943,38.75,66.25,66.25,1.0,0,0.03898375319923193
8944,41.25,66.25,66.25,1.0,0,0.040900026235885324
8945,43.75,66.25,66.25,1.0,0,0.03458599361326682
8946,46.25,66.25,66.25,1.0,0,0.0389039938171132
8947,48.75,66.25,66.25,1.0,0,0.04066653819771777
8948,51.25,66.25,66.25,1.0,0,0.05924206794016409
8949,53.75,66.25,66.25,1.0,0,0.08701685821832077
8950,56.25,66.25,66.25,1.0,0,0.09861606770732785
8951,58.75,66.25,66.25,1.0,0,0.09480314398221837
8952,61.25,66.25,66.25,1.0,0,0.08234560774079262
8953,63.75,66.25,66.25,1.0,0,0.08303743189751418
8954,66.25,66.25,66.25,1.0,0,0.08199018200352066
8955,68.75,66.25,66.25,1.0,0,0.06561982907130108
8956,71.25,66.25,66.25,1.0,0,0.06434375651007047
8957,73.75,66.25,66.25,1.0,0,0.07106073049890652
8958,76.25,66.25,66.25,1.0,0,0.06654745304992557
8959,78.75,66.25,66.25,1.0,0,0.06353549981423662
8960,81.25,66.25,66.25,1.0,0,0.07001072665637416
8961,83.75,66.25,66.25,1.0,0,0.08232998565592806
8962,86.25,66.25,66.25,1.0,0,0.09886746732167806
8963,88.75,66.25,66.25,1.0,0,0.12182768723872785
8964,91.25,66.25,66.25,1.0,0,0.1298210397307433
8965,93.75,66.25,66.25,1.0,0,0.10154555238749186
8966,96.25,66.25,66.25,1.0,0,0.06895808696215411
8967,98.75,66.25,66.25,1.0,0,0.06130861481245584
8968,101.25,66.25,66.25,1.0,0,0.06777120428673503
8969,103.75,66.25,66.25,1.0,0,0.07426404636725023
8970,106.25,66.25,66.25,1.0,0,0.0733835200309188
8971,108.75,66.25,66.25,1.0,0,0.0712685435728253
8972,111.25,66.25,66.25,1.0,0,0.0718913063317667
8973,113.75,66.25,66.25,1.0,0,0.07381577646167452
8974,116.25,66.25,66.25,1.0,0,0.07734633338695443
8975,118.75,66.25,66.25,1.0,0,0.08532978502396038
8976,121.25,66.25,66.25,1.0,0,0.10038497103464172
8977,123.75,66.25,66.25,1.0,0,0.1251139780560082
8978,126.25,66.25,66.25,1.0,0,0.16239660138045692
8979,128.75,66.25,66.25,1.0,0,0.1673906391883269
8980,131.25,66.25,66.25,1.0,0,0.13069366975163926
8981,133.75,66.25,66.25,1.0,0,0.11307292840009753
8982,136.25,66.25,66.25,1.0,0,0.1313350981579055
8983,138.75,66.25,66.25,1.0,0,0.14335894573436953
8984,141.25,66.25,66.25,1.0,0,0.1326684852284736
8985,143.75,66.25,66.25,1.0,0,0.10625718321423837
8986,146.25,66.25,66.25,1.0,0,0.0624179387200813
8987,148.75,66.25,66.25,1.0,0,0.029526916449921666
8988,151.25,66.25,66.25,1.0,0,0.02498139569635012
8989,153.75,66.25,66.25,1.0,0,0.03152896814421233
8990,156.25,66.25,66.25,1.0,0,0.04005020354844669
8991,158.75,66.25,66.25,1.0,0,0.05814166414765535
8992,161.25,66.25,66.25,1.0,0,0.08310047185201723
8993,163.75,66.25,66.25,1.0,0,0.0910991699135067
8994,166.25,66.25,66.25,1.0,0,0.0813998849161609
8995,168.75,66.25,66.25,1.0,0,0.08175300081743428
8996,171.25,66.25,66.25,1.0,0,0.08452102001288819
8997,173.75,66.25,66.25,1.0,0,0.06902698501541787
8998,176.25,66.25,66.25,1.0,0,0.048437421072112394
8999,178.75,66.25,66.25,1.0,0,0.0489111387732953
9000,181.25,66.25,66.25,1.0,0,0.061884821524608655
9001,183.75,66.25,66.25,1.0,0,0.06218918710943222
9002,186.25,66.25,66.25,1.0,0,0.06319902537355959
9003,188.75,66.25,66.25,0.0,5,0.07941357402228257
9004,191.25,66.25,66.25,0.0,5,0.09521684374806935
9005,193.75,66.25,66.25,0.0,5,0.09971162576371868
9006,196.25,66.25,66.25,1.0,0,0.09738548010590574
9007,198.75,66.25,66.25,1.0,0,0.1002588294225137
9008,201.25,66.25,66.25,1.0,0,0.11114800646950795
9009,203.75,66.25,66.25,1.0,0,0.11295670221346359
9010,206.25,66.25,66.25,1.0,0,0.09848640757594516
9011,208.75,66.25,66.25,1.0,0,0.07525753039673402
9012,211.25,66.25,66.25,1.0,0,0.05415396053576227
9013,213.75,66.25,66.25,1.0,0,0.04405423226562804
9014,216.25,66.25,66.25,1.0,0,0.04625373211993238
9015,218.75,66.25,66.25,1.0,0,0.056256284679924586
9016,221.25,66.25,66.25,1.0,0,0.055469574299260124
9017,223.75,66.25,66.25,1.0,0,0.03356186214939601
9018,226.25,66.25,66.25,1.0,0,0.0011232851104571564
9019,228.75,66.25,66.25,1.0,0,-0.011159369368648281
9020,231.25,66.25,66.25,1.0,0,0.01274693903537602
9021,233.75,66.25,66.25,1.0,0,0.05211902632671683
9022,236.25,66.25,66.25,1.0,0,0.0719464426624412
9023,238.75,66.25,66.25,1.0,0,0.06989055286957103
9024,241.25,66.25,66.25,1.0,0,0.06755101561398372
9025,243.75,66.25,66.25,1.0,0,0.06784443000759535
9026,246.25,66.25,66.25,1.0,0,0.06692171687644685
9027,248.75,66.25,66.25,1.0,0,0.057865333737653575
9028,251.25,66.25,66.25,1.0,0,0.04624500989420526
9029,253.75,66.25,66.25,1.0,0,0.043782454016127424
9030,256.25,66.25,66.25,1.0,0,0.04437486526236153
9031,258.75,66.25,66.25,1.0,0,0.04699502718305673
9032,261.25,66.25,66.25,1.0,0,0.056440851772982845
9033,263.75,66.25,66.25,1.0,0,0.07361958298951841
9034,266.25,66.25,66.25,1.0,0,0.09219955000506905
9035,268.75,66.25,66.25,1.0,0,0.09958282909683246
9036,271.25,66.25,66.25,1.0,0,0.100603483552234
9037,273.75,66.25,66.25,1.0,0,0.10077663738081435
9038,276.25,66.25,66.25,1.0,0,0.09840153677792711
9039,278.75,66.25,66.25,0.0,5,0.09768470436534578
9040,281.25,66.25,66.25,0.0,5,0.09819628844639776
9041,283.75,66.25,66.25,0.0,5,0.09736898150549972
9042,286.25,66.25,66.25,0.0,5,0.09622132939927165
9043,288.75,66.25,66.25,1.0,0,0.10212579652188929
9044,291.25,66.25,66.25,1.0,0,0.10823391144327958
9045,293.75,66.25,66.25,1.0,0,0.09300558703573461
9046,296.25,66.25,66.25,1.0,0,0.060191939181244235
9047,298.75,66.25,66.25,0.0,5,0.019725086164394175
9048,301.25,66.25,66.25,0.0,5,0.002680474520731422
9049,303.75,66.25,66.25,0.0,5,0.032743043086144785
9050,306.25,66.25,66.25,0.0,5,0.06421718027293408
9051,308.75,66.25,66.25,1.0,0,0.1393739051882762
9052,311.25,66.25,66.25,1.0,0,0.208721854161431
9053,313.75,66.25,66.25,1.0,0,0.08370465917178198
9054,316.25,66.25,66.25,1.0,0,-0.26808417908452203
9055,318.75,66.25,66.25,1.0,0,-0.558455613253598
9056,321.25,66.25,66.25,1.0,0,-0.48767658167166356
9057,323.75,66.25,66.25,0.0,5,-0.32699233984057996
9058,326.25,66.25,66.25,0.0,5,-0.28977686996223456
9059,328.75,66.25,66.25,0.0,5,-0.30747156351285904
9060,331.25,66.25,66.25,0.0,5,-0.31558076365688914
9061,333.75,66.25,66.25,0.0,5,-0.21700476147711759
9062,336.25,66.25,66.25,0.0,5,-0.06765328161649328
9063,338.75,66.25,66.25,0.0,5,-0.010855894043970665
9064,341.25,66.25,66.25,0.0,5,-0.025010191232303296
9065,343.75,66.25,66.25,0.0,0,-0.04506111921040323
9066,346.25,66.25,66.25,0.0,5,-0.11043803702431085
9067,348.75,66.25,66.25,0.0,5,-0.10356159106000214
9068,351.25,66.25,66.25,0.0,5,-0.028378149714319772
9069,353.75,66.25,66.25,0.0,5,-0.02347256192784083
9070,356.25,66.25,66.25,0.0,5,-0.06867168316751748
9071,358.75,66.25,66.25,0.0,5,-0.12397514552902515
9072,1.25,68.75,68.75,0.0,5,-0.07188587225021952
9073,3.75,68.75,68.75,0.0,5,-0.06746137054412199
9074,6.25,68.75,68.75,0.0,5,-0.035129296047920165
9075,8.75,68.75,68.75,0.0,5,0.029580139430557255
9076,11.25,68.75,68.75,0.0,5,0.07616319290396292
9077,13.75,68.75,68.75,0.0,5,0.11363672972444101
9078,16.25,68.75,68.75,0.0,0,0.14557643814982546
9079,18.75,68.75,68.75,1.0,0,0.11306073862208352
9080,21.25,68.75,68.75,1.0,0,0.06722345182995626
9081,23.75,68.75,68.75,1.0,0,0.055854335970200834
9082,26.25,68.75,68.75,1.0,0,0.05502555801781048
9083,28.75,68.75,68.75,1.0,0,0.05014179108180128
9084,31.25,68.75,68.75,1.0,0,0.04567177694948677
9085,33.75,68.75,68.75,1.0,0,0.05380423490245303
9086,36.25,68.75,68.75,1.0,0,0.07635568016689898
9087,38.75,68.75,68.75,0.0,5,0.09665483166576769
9088,41.25,68.75,68.75,0.0,5,0.09966210122734169
9089,43.75,68.75,68.75,0.0,5,0.09417718672961911
9090,46.25,68.75,68.75,0.0,5,0.08704912301496814
9091,48.75,68.75,68.75,0.0,5,0.08272608687712191
9092,51.25,68.75,68.75,0.0,5,0.08626089307809034
9093,53.75,68.75,68.75,0.0,0,0.09127957393106172
9094,56.25,68.75,68.75,0.0,0,0.08925467008021021
9095,58.75,68.75,68.75,0.0,0,0.08183054280460629
9096,61.25,68.75,68.75,1.0,0,0.08504830890984373
9097,63.75,68.75,68.75,1.0,0,0.0912666279507365
9098,66.25,68.75,68.75,1.0,0,0.08699051139427792
9099,68.75,68.75,68.75,1.0,0,0.08311099356284442
9100,71.25,68.75,68.75,1.0,0,0.08508532797874092
9101,73.75,68.75,68.75,1.0,0,0.08807872224435498
9102,76.25,68.75,68.75,1.0,0,0.08982510120708118
9103,78.75,68.75,68.75,1.0,0,0.09077538123336099
9104,81.25,68.75,68.75,1.0,0,0.09143837236641832
9105,83.75,68.75,68.75,1.0,0,0.09621801709156264
9106,86.25,68.75,68.75,1.0,0,0.10867411470056744
9107,88.75,68.75,68.75,1.0,0,0.129322358518202
9108,91.25,68.75,68.75,1.0,0,0.14086107813908236
9109,93.75,68.75,68.75,1.0,0,0.12114836733432666
9110,96.25,68.75,68.75,1.0,0,0.09034979500096146
9111,98.75,68.75,68.75,1.0,0,0.07776758583694798
9112,101.25,68.75,68.75,1.0,0,0.08283077799353392
9113,103.75,68.75,68.75,1.0,0,0.08745739605528892
9114,106.25,68.75,68.75,1.0,0,0.08362870510827153
9115,108.75,68.75,68.75,1.0,0,0.07713082405907294
9116,111.25,68.75,68.75,1.0,0,0.06991276320522913
9117,113.75,68.75,68.75,1.0,0,0.06477051221916764
9118,116.25,68.75,68.75,1.0,0,0.06936203072435336
9119,118.75,68.75,68.75,1.0,0,0.0798939902487047
9120,121.25,68.75,68.75,1.0,0,0.08971425919795391
9121,123.75,68.75,68.75,1.0,0,0.11011943701858203
9122,126.25,68.75,68.75,1.0,0,0.13478604507198702
9123,128.75,68.75,68.75,1.0,0,0.13587739045376837
9124,131.25,68.75,68.75,1.0,0,0.11495809109409749
9125,133.75,68.75,68.75,1.0,0,0.1002895639756673
9126,136.25,68.75,68.75,1.0,0,0.09890557023568662
9127,138.75,68.75,68.75,1.0,0,0.09764098593551479
9128,141.25,68.75,68.75,1.0,0,0.08869501690374984
9129,143.75,68.75,68.75,1.0,0,0.07092426593130509
9130,146.25,68.75,68.75,1.0,0,0.061965540855518184
9131,148.75,68.75,68.75,1.0,0,0.06289473065624046
9132,151.25,68.75,68.75,1.0,0,0.060057550993418474
9133,153.75,68.75,68.75,1.0,0,0.05997645507243945
9134,156.25,68.75,68.75,1.0,0,0.06494937868839633
9135,158.75,68.75,68.75,1.0,0,0.07033226681077405
9136,161.25,68.75,68.75,1.0,0,0.07793925902592143
9137,163.75,68.75,68.75,1.0,0,0.08139142032487118
9138,166.25,68.75,68.75,1.0,0,0.07203096275025607
9139,168.75,68.75,68.75,1.0,0,0.06132440549576608
9140,171.25,68.75,68.75,1.0,0,0.06111762976248677
9141,173.75,68.75,68.75,1.0,0,0.06854426787792343
9142,176.25,68.75,68.75,1.0,0,0.07273003985123098
9143,178.75,68.75,68.75,1.0,0,0.06746094483501681
9144,181.25,68.75,68.75,0.0,5,0.06146186900529496
9145,183.75,68.75,68.75,0.0,5,0.07142344536837052
9146,186.25,68.75,68.75,0.0,5,0.09203599012523181
9147,188.75,68.75,68.75,0.0,5,0.10835918395215713
9148,191.25,68.75,68.75,0.0,5,0.12294236028544359
9149,193.75,68.75,68.75,0.0,5,0.12598398002190203
9150,196.25,68.75,68.75,0.0,0,0.11612588072835525
9151,198.75,68.75,68.75,1.0,0,0.1084297280216143
9152,201.25,68.75,68.75,1.0,0,0.0976223587624257
9153,203.75,68.75,68.75,1.0,0,0.08172616878207391
9154,206.25,68.75,68.75,1.0,0,0.07254214888671022
9155,208.75,68.75,68.75,1.0,0,0.07664817311531305
9156,211.25,68.75,68.75,1.0,0,0.09151692509356421
9157,213.75,68.75,68.75,1.0,0,0.10221747301554858
9158,216.25,68.75,68.75,1.0,0,0.09112560557101447
9159,218.75,68.75,68.75,1.0,0,0.06822073311178838
9160,221.25,68.75,68.75,1.0,0,0.050185370433959646
9161,223.75,68.75,68.75,1.0,0,0.043751367035865615
9162,226.25,68.75,68.75,1.0,0,0.051717215742073865
9163,228.75,68.75,68.75,1.0,0,0.06104790082921844
9164,231.25,68.75,68.75,1.0,0,0.06258211204062099
9165,233.75,68.75,68.75,1.0,0,0.06732653423327084
9166,236.25,68.75,68.75,1.0,0,0.07648065010081781
9167,238.75,68.75,68.75,1.0,0,0.0816940563262625
9168,241.25,68.75,68.75,0.0,0,0.08263934473745012
9169,243.75,68.75,68.75,1.0,0,0.08273742982972404
9170,246.25,68.75,68.75,1.0,0,0.08138259424560883
9171,248.75,68.75,68.75,1.0,0,0.07576838360102298
9172,251.25,68.75,68.75,1.0,0,0.06936348467021254
9173,253.75,68.75,68.75,1.0,0,0.06684959119761259
9174,256.25,68.75,68.75,0.0,0,0.06422581056004788
9175,258.75,68.75,68.75,0.0,0,0.06159943162953344
9176,261.25,68.75,68.75,0.0,0,0.07165761758820996
9177,263.75,68.75,68.75,1.0,0,0.08950179988833416
9178,266.25,68.75,68.75,1.0,0,0.09419132873997825
9179,268.75,68.75,68.75,1.0,0,0.09176093116032945
9180,271.25,68.75,68.75,0.0,0,0.0966476552396165
9181,273.75,68.75,68.75,0.0,0,0.10757663921194444
9182,276.25,68.75,68.75,1.0,0,0.12143073014698057
9183,278.75,68.75,68.75,0.0,5,0.12517109191923345
9184,281.25,68.75,68.75,0.0,5,0.12154406404517745
9185,283.75,68.75,68.75,0.0,5,0.12770561992826107
9186,286.25,68.75,68.75,1.0,0,0.13061328771780087
9187,288.75,68.75,68.75,1.0,0,0.1133150846291351
9188,291.25,68.75,68.75,1.0,0,0.09179651611188594
9189,293.75,68.75,68.75,0.0,5,0.07095712521657627
9190,296.25,68.75,68.75,0.0,5,0.05579001567848861
9191,298.75,68.75,68.75,0.0,5,0.06597710330032107
9192,301.25,68.75,68.75,0.0,5,0.10275182681261637
9193,303.75,68.75,68.75,0.0,5,0.15167584165969125
9194,306.25,68.75,68.75,0.0,5,0.1916461225763888
9195,308.75,68.75,68.75,1.0,0,0.2173738161823796
9196,311.25,68.75,68.75,1.0,0,0.19455105620438554
9197,313.75,68.75,68.75,1.0,0,0.14172026770984317
9198,316.25,68.75,68.75,1.0,0,0.07988091147020321
9199,318.75,68.75,68.75,1.0,0,-0.03548197462939931
9200,321.25,68.75,68.75,1.0,0,-0.18900460066474517
9201,323.75,68.75,68.75,1.0,0,-0.2781683665473169
9202,326.25,68.75,68.75,1.0,0,-0.24832366375263876
9203,328.75,68.75,68.75,1.0,0,-0.16412729891235397
9204,331.25,68.75,68.75,1.0,0,-0.0785370748543331
9205,333.75,68.75,68.75,0.0,5,-0.031447749435524246
9206,336.25,68.75,68.75,0.0,5,-0.02628786026430927
9207,338.75,68.75,68.75,0.0,5,-0.02876496645088977
9208,341.25,68.75,68.75,0.0,5,-0.03389133833130233
9209,343.75,68.75,68.75,0.0,5,-0.050373238753613644
9210,346.25,68.75,68.75,0.0,5,-0.05374307053048906
9211,348.75,68.75,68.75,0.0,5,-0.026062129759325103
9212,351.25,68.75,68.75,0.0,5,-0.0012261781745927583
9213,353.75,68.75,68.75,0.0,5,0.0008145941538757803
9214,356.25,68.75,68.75,0.0,5,-0.019282734107562774
9215,358.75,68.75,68.75,0.0,5,-0.0517340895565822
9216,1.25,71.25,71.25,0.0,5,-0.01480525714278829
9217,3.75,71.25,71.25,0.0,5,-0.015660994901744992
9218,6.25,71.25,71.25,0.0,5,-0.014730893734516286
9219,8.75,71.25,71.25,0.0,5,0.012170864529615317
9220,11.25,71.25,71.25,0.0,5,0.05252351321920587
9221,13.75,71.25,71.25,0.0,5,0.08714372927567957
9222,16.25,71.25,71.25,0.0,5,0.11095516757287933
9223,18.75,71.25,71.25,0.0,5,0.12927270302933566
9224,21.25,71.25,71.25,0.0,5,0.13295460948459875
9225,23.75,71.25,71.25,0.0,5,0.1084076482150826
9226,26.25,71.25,71.25,0.0,5,0.08813768132087767
9227,28.75,71.25,71.25,0.0,5,0.09005027490707965
9228,31.25,71.25,71.25,0.0,5,0.11827235458075853
9229,33.75,71.25,71.25,0.0,5,0.1541313491803275
9230,36.25,71.25,71.25,0.0,5,0.16790333766067522
9231,38.75,71.25,71.25,0.0,5,0.17359717871602498
9232,41.25,71.25,71.25,0.0,5,0.1764419733444641
9233,43.75,71.25,71.25,0.0,5,0.17496791074661897
9234,46.25,71.25,71.25,0.0,5,0.16732145433747267
9235,48.75,71.25,71.25,0.0,5,0.1505461757982076
9236,51.25,71.25,71.25,0.0,5,0.1284875071069777
9237,53.75,71.25,71.25,0.0,5,0.10939181847189478
9238,56.25,71.25,71.25,0.0,0,0.10140329618977985
9239,58.75,71.25,71.25,0.0,5,0.10243386182593434
9240,61.25,71.25,71.25,0.0,5,0.10696725828302059
9241,63.75,71.25,71.25,0.0,5,0.11174687231801118
9242,66.25,71.25,71.25,0.0,5,0.1104262570138642
9243,68.75,71.25,71.25,0.0,0,0.10795706327927938
9244,71.25,71.25,71.25,1.0,0,0.10930539788429786
9245,73.75,71.25,71.25,1.0,0,0.1096671669072892
9246,76.25,71.25,71.25,1.0,0,0.10768999758647702
9247,78.75,71.25,71.25,1.0,0,0.10564276349380879
9248,81.25,71.25,71.25,1.0,0,0.10646651676039942
9249,83.75,71.25,71.25,1.0,0,0.11136677970832587
9250,86.25,71.25,71.25,1.0,0,0.12185964934024948
9251,88.75,71.25,71.25,1.0,0,0.13860560906234864
9252,91.25,71.25,71.25,1.0,0,0.14923970858028243
9253,93.75,71.25,71.25,1.0,0,0.13221000152196694
9254,96.25,71.25,71.25,1.0,0,0.10254045713293322
9255,98.75,71.25,71.25,1.0,0,0.09555025252792758
9256,101.25,71.25,71.25,1.0,0,0.1076059210412456
9257,103.75,71.25,71.25,1.0,0,0.11402098252356908
9258,106.25,71.25,71.25,1.0,0,0.1091053442527078
9259,108.75,71.25,71.25,1.0,0,0.10140481114235617
9260,111.25,71.25,71.25,1.0,0,0.08972860167319403
9261,113.75,71.25,71.25,1.0,0,0.07913286517339632
9262,116.25,71.25,71.25,1.0,0,0.0800241429753684
9263,118.75,71.25,71.25,1.0,0,0.08784603386974364
9264,121.25,71.25,71.25,1.0,0,0.09594976293311683
9265,123.75,71.25,71.25,1.0,0,0.10209120268101714
9266,126.25,71.25,71.25,1.0,0,0.10563532557863946
9267,128.75,71.25,71.25,1.0,0,0.10291485386132267
9268,131.25,71.25,71.25,1.0,0,0.09251294077405237
9269,133.75,71.25,71.25,1.0,0,0.08330122056310867
9270,136.25,71.25,71.25,1.0,0,0.08429753345260939
9271,138.75,71.25,71.25,1.0,0,0.08778985260101514
9272,141.25,71.25,71.25,1.0,0,0.08437130080355977
9273,143.75,71.25,71.25,1.0,0,0.07643880307214626
9274,146.25,71.25,71.25,1.0,0,0.07236046420593338
9275,148.75,71.25,71.25,1.0,0,0.07255485712571452
9276,151.25,71.25,71.25,0.0,5,0.07037796688121815
9277,153.75,71.25,71.25,0.0,5,0.06839129769922248
9278,156.25,71.25,71.25,0.0,5,0.07011744858591297
9279,158.75,71.25,71.25,0.0,5,0.07355321178842746
9280,161.25,71.25,71.25,0.0,5,0.08014955997792259
9281,163.75,71.25,71.25,0.0,5,0.0868835677062125
9282,166.25,71.25,71.25,0.0,5,0.08667153436379896
9283,168.75,71.25,71.25,0.0,5,0.08531883507722568
9284,171.25,71.25,71.25,0.0,5,0.09011080903212514
9285,173.75,71.25,71.25,0.0,5,0.09624951080225537
9286,176.25,71.25,71.25,0.0,5,0.09936829864379859
9287,178.75,71.25,71.25,0.0,5,0.10269177606488197
9288,181.25,71.25,71.25,0.0,5,0.10812202802582037
9289,183.75,71.25,71.25,0.0,5,0.11577123492259471
9290,186.25,71.25,71.25,0.0,5,0.12239532726098047
9291,188.75,71.25,71.25,0.0,5,0.12574369170128202
9292,191.25,71.25,71.25,0.0,5,0.12979242052267528
9293,193.75,71.25,71.25,0.0,5,0.1354643546036804
9294,196.25,71.25,71.25,0.0,5,0.13901355257347758
9295,198.75,71.25,71.25,0.0,5,0.13294513406750835
9296,201.25,71.25,71.25,0.0,5,0.11541326798808042
9297,203.75,71.25,71.25,0.0,0,0.09900834227823524
9298,206.25,71.25,71.25,0.0,5,0.0914914650638858
9299,208.75,71.25,71.25,0.0,5,0.09547943959826909
9300,211.25,71.25,71.25,0.0,5,0.1147534737657245
9301,213.75,71.25,71.25,0.0,5,0.1278355236480246
9302,216.25,71.25,71.25,0.0,5,0.11201631209383008
9303,218.75,71.25,71.25,0.0,5,0.08460882981642866
9304,221.25,71.25,71.25,0.0,5,0.0698795114182082
9305,223.75,71.25,71.25,0.0,5,0.06776139319638667
9306,226.25,71.25,71.25,0.0,5,0.06943200116708971
9307,228.75,71.25,71.25,0.0,5,0.07133737734083412
9308,231.25,71.25,71.25,0.0,5,0.07289439374658671
9309,233.75,71.25,71.25,0.0,5,0.07850219922916946
9310,236.25,71.25,71.25,0.0,5,0.08731967261154913
9311,238.75,71.25,71.25,0.0,5,0.09404880851894762
9312,241.25,71.25,71.25,0.0,5,0.09741401848093571
9313,243.75,71.25,71.25,1.0,0,0.09753587933240626
9314,246.25,71.25,71.25,1.0,0,0.09716858281132174
9315,248.75,71.25,71.25,1.0,0,0.0962078730075326
9316,251.25,71.25,71.25,1.0,0,0.09349435049256145
9317,253.75,71.25,71.25,1.0,0,0.0888772579934911
9318,256.25,71.25,71.25,0.0,5,0.08474082628514623
9319,258.75,71.25,71.25,0.0,5,0.08561138299523786
9320,261.25,71.25,71.25,0.0,5,0.09153212883991037
9321,263.75,71.25,71.25,0.0,5,0.09722625786629996
9322,266.25,71.25,71.25,0.0,0,0.09644656837807189
9323,268.75,71.25,71.25,0.0,0,0.09566546941394671
9324,271.25,71.25,71.25,1.0,0,0.10292836458252351
9325,273.75,71.25,71.25,1.0,0,0.1129223642506837
9326,276.25,71.25,71.25,1.0,0,0.1178630726236689
9327,278.75,71.25,71.25,1.0,0,0.12247316976974171
9328,281.25,71.25,71.25,1.0,0,0.13481101967832573
9329,283.75,71.25,71.25,1.0,0,0.14232386238744035
9330,286.25,71.25,71.25,1.0,0,0.13690631316963256
9331,288.75,71.25,71.25,0.0,5,0.12519421863124758
9332,291.25,71.25,71.25,0.0,5,0.1102269397514016
9333,293.75,71.25,71.25,0.0,5,0.10171696811455569
9334,296.25,71.25,71.25,0.0,5,0.1041952134734735
9335,298.75,71.25,71.25,0.0,5,0.10872004552985355
9336,301.25,71.25,71.25,0.0,5,0.11837751720727364
9337,303.75,71.25,71.25,0.0,5,0.15150518173897615
9338,306.25,71.25,71.25,0.0,0,0.20334791204267164
9339,308.75,71.25,71.25,1.0,0,0.24264524760494172
9340,311.25,71.25,71.25,1.0,0,0.2421108360985367
9341,313.75,71.25,71.25,1.0,0,0.20337198213806437
9342,316.25,71.25,71.25,1.0,0,0.14570011632078675
9343,318.75,71.25,71.25,1.0,0,0.09259277108807637
9344,321.25,71.25,71.25,1.0,0,0.06510719615795746
9345,323.75,71.25,71.25,1.0,0,0.0644819587717415
9346,326.25,71.25,71.25,1.0,0,0.07833398895851534
9347,328.75,71.25,71.25,1.0,0,0.08231797979719585
9348,331.25,71.25,71.25,1.0,0,0.0720786455075796
9349,333.75,71.25,71.25,1.0,0,0.05408692294884403
9350,336.25,71.25,71.25,1.0,0,0.02602340054517072
9351,338.75,71.25,71.25,0.0,5,0.0005522106160695773
9352,341.25,71.25,71.25,0.0,5,-0.020911471711792175
9353,343.75,71.25,71.25,0.0,5,-0.04582364785245027
9354,346.25,71.25,71.25,0.0,5,-0.06871324650532111
9355,348.75,71.25,71.25,0.0,5,-0.07842755073836857
9356,351.25,71.25,71.25,0.0,5,-0.0773256247827913
9357,353.75,71.25,71.25,0.0,5,-0.0668236424301159
9358,356.25,71.25,71.25,0.0,5,-0.04633416639906354
9359,358.75,71.25,71.25,0.0,5,-0.027419846501258765
9360,1.25,73.75,73.75,0.0,5,0.04378313418656685
9361,3.75,73.75,73.75,0.0,5,0.07152224716763887
9362,6.25,73.75,73.75,0.0,5,0.08734520227918931
9363,8.75,73.75,73.75,0.0,5,0.10442321989767771
9364,11.25,73.75,73.75,0.0,5,0.12480862488774028
9365,13.75,73.75,73.75,0.0,5,0.14389371695003933
9366,16.25,73.75,73.75,0.0,5,0.15901870703325055
9367,18.75,73.75,73.75,0.0,5,0.16983251713854333
9368,21.25,73.75,73.75,0.0,5,0.1736572520184792
9369,23.75,73.75,73.75,0.0,5,0.16714140570218558
9370,26.25,73.75,73.75,0.0,5,0.16589424472300895
9371,28.75,73.75,73.75,0.0,5,0.18727480212285036
9372,31.25,73.75,73.75,0.0,5,0.21674915955146354
9373,33.75,73.75,73.75,0.0,5,0.2228970962698759
9374,36.25,73.75,73.75,0.0,5,0.20328117691722733
9375,38.75,73.75,73.75,0.0,5,0.19328835954662327
9376,41.25,73.75,73.75,0.0,5,0.20361563536797003
9377,43.75,73.75,73.75,0.0,5,0.2125061839718806
9378,46.25,73.75,73.75,0.0,5,0.20505926881019193
9379,48.75,73.75,73.75,0.0,5,0.1827387006574709
9380,51.25,73.75,73.75,0.0,5,0.1570408597183202
9381,53.75,73.75,73.75,0.0,5,0.13360443288171764
9382,56.25,73.75,73.75,0.0,0,0.12282984471672098
9383,58.75,73.75,73.75,0.0,5,0.12164246918303893
9384,61.25,73.75,73.75,0.0,5,0.11598820878789133
9385,63.75,73.75,73.75,0.0,5,0.10961526804461291
9386,66.25,73.75,73.75,0.0,5,0.1066160040574276
9387,68.75,73.75,73.75,0.0,5,0.10342148131945238
9388,71.25,73.75,73.75,0.0,5,0.10069726107149875
9389,73.75,73.75,73.75,0.0,5,0.1008354714522494
9390,76.25,73.75,73.75,0.0,5,0.10012671408139154
9391,78.75,73.75,73.75,0.0,5,0.09894950433740342
9392,81.25,73.75,73.75,0.0,5,0.09679187803798456
9393,83.75,73.75,73.75,0.0,0,0.09559642682106537
9394,86.25,73.75,73.75,1.0,0,0.10193265732610404
9395,88.75,73.75,73.75,1.0,0,0.11354477487543664
9396,91.25,73.75,73.75,1.0,0,0.12325901250535544
9397,93.75,73.75,73.75,1.0,0,0.1183989188160289
9398,96.25,73.75,73.75,1.0,0,0.09966880521358212
9399,98.75,73.75,73.75,1.0,0,0.08719519963069311
9400,101.25,73.75,73.75,1.0,0,0.09484036243018502
9401,103.75,73.75,73.75,1.0,0,0.10818786734525478
9402,106.25,73.75,73.75,1.0,0,0.10824280174281196
9403,108.75,73.75,73.75,1.0,0,0.10219239257097482
9404,111.25,73.75,73.75,1.0,0,0.09372018502265886
9405,113.75,73.75,73.75,0.0,0,0.08101099410282075
9406,116.25,73.75,73.75,0.0,0,0.07443029167491395
9407,118.75,73.75,73.75,0.0,5,0.07818452015790586
9408,121.25,73.75,73.75,0.0,5,0.0816877792402216
9409,123.75,73.75,73.75,0.0,5,0.08196382254964091
9410,126.25,73.75,73.75,0.0,5,0.082591421529558
9411,128.75,73.75,73.75,0.0,5,0.0817708740545074
9412,131.25,73.75,73.75,0.0,5,0.0788118001663031
9413,133.75,73.75,73.75,0.0,5,0.07684620124466371
9414,136.25,73.75,73.75,0.0,5,0.07680221056533454
9415,138.75,73.75,73.75,0.0,5,0.07597768432458799
9416,141.25,73.75,73.75,0.0,5,0.07328031120112154
9417,143.75,73.75,73.75,0.0,5,0.07214065700467182
9418,146.25,73.75,73.75,0.0,5,0.07483404154685283
9419,148.75,73.75,73.75,0.0,5,0.078220312536832
9420,151.25,73.75,73.75,0.0,5,0.07967631179441105
9421,153.75,73.75,73.75,0.0,5,0.07950450841288792
9422,156.25,73.75,73.75,0.0,5,0.07848030600467855
9423,158.75,73.75,73.75,0.0,5,0.07757706375226021
9424,161.25,73.75,73.75,0.0,5,0.07727607529369797
9425,163.75,73.75,73.75,0.0,5,0.07735310692650849
9426,166.25,73.75,73.75,0.0,5,0.07845958637654113
9427,168.75,73.75,73.75,0.0,5,0.08167888147120886
9428,171.25,73.75,73.75,0.0,5,0.08631914159680112
9429,173.75,73.75,73.75,0.0,5,0.09082855563591909
9430,176.25,73.75,73.75,0.0,5,0.09427574234294508
9431,178.75,73.75,73.75,0.0,5,0.09663699356326348
9432,181.25,73.75,73.75,0.0,5,0.09887084050965846
9433,183.75,73.75,73.75,0.0,5,0.101200199762686
9434,186.25,73.75,73.75,0.0,5,0.102973391239433
9435,188.75,73.75,73.75,0.0,5,0.10451685170099456
9436,191.25,73.75,73.75,0.0,5,0.10652932184489977
9437,193.75,73.75,73.75,0.0,5,0.10778539664854096
9438,196.25,73.75,73.75,0.0,5,0.10661929617306387
9439,198.75,73.75,73.75,0.0,5,0.10327910881916186
9440,201.25,73.75,73.75,0.0,5,0.09938354029213059
9441,203.75,73.75,73.75,0.0,5,0.09573838359650122
9442,206.25,73.75,73.75,0.0,5,0.0922561795467375
9443,208.75,73.75,73.75,0.0,5,0.08948052717830944
9444,211.25,73.75,73.75,0.0,5,0.09047725516706963
9445,213.75,73.75,73.75,0.0,5,0.09276620147933365
9446,216.25,73.75,73.75,0.0,5,0.08935288191957676
9447,218.75,73.75,73.75,0.0,5,0.08251636427810566
9448,221.25,73.75,73.75,0.0,5,0.07881514739618042
9449,223.75,73.75,73.75,0.0,5,0.075515537019133
9450,226.25,73.75,73.75,0.0,5,0.07241203494401979
9451,228.75,73.75,73.75,0.0,5,0.07238460289357487
9452,231.25,73.75,73.75,0.0,5,0.07495482856046311
9453,233.75,73.75,73.75,0.0,5,0.08071537808274745
9454,236.25,73.75,73.75,0.0,5,0.08869486288281071
9455,238.75,73.75,73.75,1.0,0,0.0948200616554642
9456,241.25,73.75,73.75,1.0,0,0.0951792274086869
9457,243.75,73.75,73.75,0.0,5,0.09366160341040171
9458,246.25,73.75,73.75,0.0,5,0.09334524614414892
9459,248.75,73.75,73.75,0.0,5,0.0919797227349304
9460,251.25,73.75,73.75,0.0,5,0.08864821996156039
9461,253.75,73.75,73.75,0.0,0,0.08623208983991756
9462,256.25,73.75,73.75,0.0,5,0.0864537697551692
9463,258.75,73.75,73.75,0.0,5,0.08751025958363264
9464,261.25,73.75,73.75,0.0,0,0.09005794579483971
9465,263.75,73.75,73.75,0.0,0,0.09289202718924862
9466,266.25,73.75,73.75,1.0,0,0.0936338683361648
9467,268.75,73.75,73.75,1.0,0,0.09263849320666467
9468,271.25,73.75,73.75,0.0,0,0.09487077357777288
9469,273.75,73.75,73.75,0.0,5,0.10320915866623508
9470,276.25,73.75,73.75,0.0,5,0.10893776243562457
9471,278.75,73.75,73.75,0.0,5,0.10511025977742332
9472,281.25,73.75,73.75,0.0,5,0.09784197056351014
9473,283.75,73.75,73.75,0.0,5,0.09545643495485154
9474,286.25,73.75,73.75,0.0,5,0.09579338564882
9475,288.75,73.75,73.75,0.0,5,0.09678256400687829
9476,291.25,73.75,73.75,0.0,5,0.0977904105807769
9477,293.75,73.75,73.75,0.0,5,0.0971535534238526
9478,296.25,73.75,73.75,0.0,5,0.09769358841535766
9479,298.75,73.75,73.75,0.0,5,0.10269162724252907
9480,301.25,73.75,73.75,0.0,5,0.1271068334996622
9481,303.75,73.75,73.75,0.0,5,0.1880197941225639
9482,306.25,73.75,73.75,1.0,0,0.2806886718307555
9483,308.75,73.75,73.75,1.0,0,0.3324538266474739
9484,311.25,73.75,73.75,1.0,0,0.2780474694731299
9485,313.75,73.75,73.75,1.0,0,0.18283305276474673
9486,316.25,73.75,73.75,1.0,0,0.12082910223539282
9487,318.75,73.75,73.75,1.0,0,0.08580597128307929
9488,321.25,73.75,73.75,1.0,0,0.06469278683213278
9489,323.75,73.75,73.75,1.0,0,0.05714326890682905
9490,326.25,73.75,73.75,1.0,0,0.05723586351666457
9491,328.75,73.75,73.75,1.0,0,0.05617405634390863
9492,331.25,73.75,73.75,1.0,0,0.05462297151792136
9493,333.75,73.75,73.75,1.0,0,0.06473138981238061
9494,336.25,73.75,73.75,1.0,0,0.07183464841144581
9495,338.75,73.75,73.75,1.0,0,0.05051715400125068
9496,341.25,73.75,73.75,0.0,5,0.014285686859777736
9497,343.75,73.75,73.75,0.0,5,-0.006311030599402676
9498,346.25,73.75,73.75,0.0,5,-0.011122230946707098
9499,348.75,73.75,73.75,0.0,5,-0.020591187520718056
9500,351.25,73.75,73.75,0.0,5,-0.03136216079176456
9501,353.75,73.75,73.75,0.0,5,-0.03163088645172779
9502,356.25,73.75,73.75,0.0,5,-0.02152658387593808
9503,358.75,73.75,73.75,0.0,5,0.004972573648867183
9504,1.25,76.25,76.25,0.0,5,0.05023314847853502
9505,3.75,76.25,76.25,0.0,5,0.0811185604972418
9506,6.25,76.25,76.25,0.0,5,0.10478728758874427
9507,8.75,76.25,76.25,0.0,5,0.1147953931270014
9508,11.25,76.25,76.25,0.0,5,0.11420418742517668
9509,13.75,76.25,76.25,0.0,5,0.10268338936248073
9510,16.25,76.25,76.25,0.0,5,0.08044229092020966
9511,18.75,76.25,76.25,0.0,5,0.06502945324994469
9512,21.25,76.25,76.25,0.0,5,0.06311075789399309
9513,23.75,76.25,76.25,0.0,5,0.0665119584700615
9514,26.25,76.25,76.25,0.0,5,0.07654501029744665
9515,28.75,76.25,76.25,0.0,5,0.09246087444220374
9516,31.25,76.25,76.25,0.0,5,0.10022617595438638
9517,33.75,76.25,76.25,0.0,5,0.09869245836724665
9518,36.25,76.25,76.25,0.0,5,0.09825760064919752
9519,38.75,76.25,76.25,0.0,5,0.10380362221402369
9520,41.25,76.25,76.25,0.0,5,0.11656837629147924
9521,43.75,76.25,76.25,0.0,5,0.12830344238896774
9522,46.25,76.25,76.25,0.0,5,0.12850158709801113
9523,48.75,76.25,76.25,0.0,5,0.12137853843096394
9524,51.25,76.25,76.25,0.0,5,0.11694207054547227
9525,53.75,76.25,76.25,0.0,5,0.11368670739231598
9526,56.25,76.25,76.25,0.0,5,0.10727603058234875
9527,58.75,76.25,76.25,0.0,5,0.09950737374165942
9528,61.25,76.25,76.25,0.0,0,0.09277632460781236
9529,63.75,76.25,76.25,0.0,5,0.08716933693878802
9530,66.25,76.25,76.25,1.0,0,0.08251996542462255
9531,68.75,76.25,76.25,0.0,5,0.07972762815043634
9532,71.25,76.25,76.25,0.0,5,0.07813622754000232
9533,73.75,76.25,76.25,0.0,5,0.0779940763827311
9534,76.25,76.25,76.25,0.0,5,0.07761798506943955
9535,78.75,76.25,76.25,0.0,5,0.0752471966173984
9536,81.25,76.25,76.25,0.0,5,0.07377798306057896
9537,83.75,76.25,76.25,0.0,5,0.07413224399838036
9538,86.25,76.25,76.25,0.0,5,0.07557323387138797
9539,88.75,76.25,76.25,0.0,5,0.07774388312994479
9540,91.25,76.25,76.25,0.0,5,0.08132721076096908
9541,93.75,76.25,76.25,0.0,5,0.08453187735752182
9542,96.25,76.25,76.25,0.0,0,0.08504012761986109
9543,98.75,76.25,76.25,0.0,0,0.08483476340517167
9544,101.25,76.25,76.25,0.0,0,0.08647629572231202
9545,103.75,76.25,76.25,1.0,0,0.08823832928034828
9546,106.25,76.25,76.25,1.0,0,0.08737557011225892
9547,108.75,76.25,76.25,1.0,0,0.08459785641969177
9548,111.25,76.25,76.25,0.0,0,0.08076968905409337
9549,113.75,76.25,76.25,0.0,5,0.07849684737198208
9550,116.25,76.25,76.25,0.0,5,0.0790703341586149
9551,118.75,76.25,76.25,0.0,5,0.08065407940359237
9552,121.25,76.25,76.25,0.0,5,0.0818028436335508
9553,123.75,76.25,76.25,0.0,5,0.0819698983486372
9554,126.25,76.25,76.25,0.0,5,0.0802222346030353
9555,128.75,76.25,76.25,0.0,5,0.07764430860726022
9556,131.25,76.25,76.25,0.0,5,0.07581386371473532
9557,133.75,76.25,76.25,0.0,5,0.07500378220944047
9558,136.25,76.25,76.25,0.0,5,0.07571558866808804
9559,138.75,76.25,76.25,0.0,5,0.07692017687961326
9560,141.25,76.25,76.25,0.0,5,0.07733037923763196
9561,143.75,76.25,76.25,0.0,5,0.07695169496179018
9562,146.25,76.25,76.25,0.0,5,0.07731246140152237
9563,148.75,76.25,76.25,0.0,5,0.07857857970734398
9564,151.25,76.25,76.25,0.0,5,0.07989541061963139
9565,153.75,76.25,76.25,0.0,5,0.08130549279490155
9566,156.25,76.25,76.25,0.0,5,0.08229884345290495
9567,158.75,76.25,76.25,0.0,5,0.08202197470870844
9568,161.25,76.25,76.25,0.0,5,0.081589782305433
9569,163.75,76.25,76.25,0.0,5,0.08166182674568664
9570,166.25,76.25,76.25,0.0,5,0.08180529745224323
9571,168.75,76.25,76.25,0.0,5,0.0830057700986571
9572,171.25,76.25,76.25,0.0,5,0.08469619704849876
9573,173.75,76.25,76.25,0.0,5,0.08545042398744745
9574,176.25,76.25,76.25,0.0,5,0.08614245335379465
9575,178.75,76.25,76.25,0.0,5,0.08477182066480989
9576,181.25,76.25,76.25,0.0,5,0.08338631617095225
9577,183.75,76.25,76.25,0.0,5,0.08393055884695981
9578,186.25,76.25,76.25,0.0,5,0.08372753494195927
9579,188.75,76.25,76.25,0.0,5,0.08433527132248804
9580,191.25,76.25,76.25,0.0,5,0.08514573503325634
9581,193.75,76.25,76.25,0.0,5,0.08516376915064322
9582,196.25,76.25,76.25,0.0,5,0.08506443578140792
9583,198.75,76.25,76.25,0.0,5,0.08490590065162514
9584,201.25,76.25,76.25,0.0,5,0.08507561887032104
9585,203.75,76.25,76.25,0.0,5,0.08447693859141028
9586,206.25,76.25,76.25,0.0,5,0.08249572869006844
9587,208.75,76.25,76.25,0.0,5,0.08065169684586317
9588,211.25,76.25,76.25,0.0,5,0.07955052148368968
9589,213.75,76.25,76.25,0.0,5,0.0784381169709422
9590,216.25,76.25,76.25,0.0,5,0.07752153763778173
9591,218.75,76.25,76.25,0.0,5,0.07649883101853899
9592,221.25,76.25,76.25,0.0,5,0.07456909997367639
9593,223.75,76.25,76.25,0.0,5,0.07262235249178711
9594,226.25,76.25,76.25,0.0,5,0.07212525761747789
9595,228.75,76.25,76.25,0.0,5,0.07315453625738443
9596,231.25,76.25,76.25,0.0,5,0.07460442693793133
9597,233.75,76.25,76.25,0.0,5,0.07588293506572552
9598,236.25,76.25,76.25,0.0,5,0.0779434709010126
9599,238.75,76.25,76.25,0.0,5,0.0804235766179523
9600,241.25,76.25,76.25,0.0,0,0.0806456936997497
9601,243.75,76.25,76.25,0.0,0,0.07949163876195228
9602,246.25,76.25,76.25,0.0,0,0.07806246006765806
9603,248.75,76.25,76.25,0.0,0,0.07609159725450455
9604,251.25,76.25,76.25,0.0,0,0.07462413593159051
9605,253.75,76.25,76.25,0.0,5,0.07428399695743375
9606,256.25,76.25,76.25,0.0,5,0.07506652927975632
9607,258.75,76.25,76.25,0.0,0,0.07669026670614952
9608,261.25,76.25,76.25,1.0,0,0.07901409061183337
9609,263.75,76.25,76.25,1.0,0,0.08157632502887427
9610,266.25,76.25,76.25,1.0,0,0.08436179316709383
9611,268.75,76.25,76.25,1.0,0,0.0877770239557893
9612,271.25,76.25,76.25,0.0,0,0.09314359834753197
9613,273.75,76.25,76.25,0.0,0,0.09936063888776675
9614,276.25,76.25,76.25,0.0,0,0.1040496185556642
9615,278.75,76.25,76.25,0.0,5,0.10802028645028419
9616,281.25,76.25,76.25,0.0,5,0.10965782812113042
9617,283.75,76.25,76.25,0.0,5,0.10980880500592809
9618,286.25,76.25,76.25,0.0,5,0.11464453947389155
9619,288.75,76.25,76.25,0.0,5,0.12708386803470015
9620,291.25,76.25,76.25,1.0,0,0.14512989686792024
9621,293.75,76.25,76.25,1.0,0,0.17109315203079417
9622,296.25,76.25,76.25,0.0,5,0.20637905865231207
9623,298.75,76.25,76.25,0.0,5,0.24665091937496905
9624,301.25,76.25,76.25,1.0,0,0.27906588501911905
9625,303.75,76.25,76.25,1.0,0,0.2756035848750967
9626,306.25,76.25,76.25,1.0,0,0.22974366172733066
9627,308.75,76.25,76.25,1.0,0,0.17791564687442885
9628,311.25,76.25,76.25,1.0,0,0.1465326410329661
9629,313.75,76.25,76.25,1.0,0,0.12219920970280286
9630,316.25,76.25,76.25,1.0,0,0.093513075662603
9631,318.75,76.25,76.25,1.0,0,0.06872833771102596
9632,321.25,76.25,76.25,1.0,0,0.05271928771172877
9633,323.75,76.25,76.25,1.0,0,0.042520618242838946
9634,326.25,76.25,76.25,1.0,0,0.0355466376910793
9635,328.75,76.25,76.25,1.0,0,0.02865443405319561
9636,331.25,76.25,76.25,1.0,0,0.020735467660910948
9637,333.75,76.25,76.25,1.0,0,0.013287695005060253
9638,336.25,76.25,76.25,1.0,0,0.006024204556028983
9639,338.75,76.25,76.25,0.0,0,-0.005217584150284551
9640,341.25,76.25,76.25,0.0,5,-0.019167762321138263
9641,343.75,76.25,76.25,0.0,5,-0.024200133153114093
9642,346.25,76.25,76.25,0.0,5,-0.0189777062685919
9643,348.75,76.25,76.25,0.0,5,-0.01504602251980663
9644,351.25,76.25,76.25,0.0,5,-0.016259459195346306
9645,353.75,76.25,76.25,0.0,5,-0.014231536083143037
9646,356.25,76.25,76.25,0.0,5,-0.0015502444926545358
9647,358.75,76.25,76.25,0.0,5,0.020793590403118373
9648,1.25,78.75,78.75,0.0,5,0.051832164496369765
9649,3.75,78.75,78.75,0.0,5,0.07920213133420413
9650,6.25,78.75,78.75,0.0,5,0.09541367258765729
9651,8.75,78.75,78.75,0.0,5,0.0990163874714311
9652,11.25,78.75,78.75,0.0,5,0.09508905170868046
9653,13.75,78.75,78.75,1.0,0,0.08488484403868926
9654,16.25,78.75,78.75,1.0,0,0.07563590567549772
9655,18.75,78.75,78.75,1.0,0,0.07366726116751479
9656,21.25,78.75,78.75,0.0,5,0.07359986891378238
9657,23.75,78.75,78.75,0.0,5,0.07202884722704075
9658,26.25,78.75,78.75,0.0,5,0.07158795434138793
9659,28.75,78.75,78.75,0.0,5,0.0727900581098956
9660,31.25,78.75,78.75,0.0,5,0.0733156070358802
9661,33.75,78.75,78.75,0.0,5,0.07197895405581503
9662,36.25,78.75,78.75,0.0,5,0.07031587145090443
9663,38.75,78.75,78.75,0.0,5,0.07041129708425492
9664,41.25,78.75,78.75,0.0,5,0.07215795836070338
9665,43.75,78.75,78.75,0.0,5,0.07509474930638592
9666,46.25,78.75,78.75,0.0,5,0.07696425631433845
9667,48.75,78.75,78.75,0.0,5,0.07692624403770097
9668,51.25,78.75,78.75,0.0,5,0.0768825789232128
9669,53.75,78.75,78.75,0.0,5,0.07727376760793594
9670,56.25,78.75,78.75,0.0,5,0.07783985722306414
9671,58.75,78.75,78.75,0.0,5,0.07861694339356837
9672,61.25,78.75,78.75,0.0,5,0.07960407289596833
9673,63.75,78.75,78.75,0.0,5,0.07936430275944516
9674,66.25,78.75,78.75,0.0,5,0.07650011932854368
9675,68.75,78.75,78.75,0.0,5,0.07274454815282586
9676,71.25,78.75,78.75,0.0,5,0.07031990147181363
9677,73.75,78.75,78.75,0.0,5,0.0689585059764809
9678,76.25,78.75,78.75,0.0,5,0.06713760895876686
9679,78.75,78.75,78.75,0.0,5,0.0642923575977599
9680,81.25,78.75,78.75,0.0,5,0.06217282694012157
9681,83.75,78.75,78.75,0.0,5,0.061325342245281945
9682,86.25,78.75,78.75,0.0,5,0.06178659630856689
9683,88.75,78.75,78.75,0.0,5,0.06412506943144171
9684,91.25,78.75,78.75,0.0,5,0.06810077832769201
9685,93.75,78.75,78.75,0.0,5,0.07256763304888462
9686,96.25,78.75,78.75,0.0,5,0.07583057615985088
9687,98.75,78.75,78.75,0.0,5,0.07789122266059566
9688,101.25,78.75,78.75,0.0,0,0.07911577626566958
9689,103.75,78.75,78.75,0.0,5,0.07816757658453304
9690,106.25,78.75,78.75,0.0,5,0.07525918385682802
9691,108.75,78.75,78.75,0.0,5,0.07300212206705711
9692,111.25,78.75,78.75,0.0,5,0.07209494837020192
9693,113.75,78.75,78.75,0.0,5,0.07194070031809029
9694,116.25,78.75,78.75,0.0,5,0.07249241632514336
9695,118.75,78.75,78.75,0.0,5,0.07339962438403366
9696,121.25,78.75,78.75,0.0,5,0.07384216872748442
9697,123.75,78.75,78.75,0.0,5,0.0740817906403201
9698,126.25,78.75,78.75,0.0,5,0.07403205504710837
9699,128.75,78.75,78.75,0.0,5,0.07393973256044044
9700,131.25,78.75,78.75,0.0,5,0.07377732953700103
9701,133.75,78.75,78.75,0.0,5,0.07329635575208494
9702,136.25,78.75,78.75,0.0,5,0.0731531709194331
9703,138.75,78.75,78.75,0.0,5,0.07371460939016962
9704,141.25,78.75,78.75,0.0,5,0.07462479685774698
9705,143.75,78.75,78.75,0.0,5,0.07507115281470328
9706,146.25,78.75,78.75,0.0,5,0.07510950752119644
9707,148.75,78.75,78.75,0.0,5,0.07480588919039459
9708,151.25,78.75,78.75,0.0,5,0.07408446854312548
9709,153.75,78.75,78.75,0.0,5,0.07388196262091346
9710,156.25,78.75,78.75,0.0,5,0.07415215631449538
9711,158.75,78.75,78.75,0.0,5,0.07439067335431737
9712,161.25,78.75,78.75,0.0,5,0.07487266922125707
9713,163.75,78.75,78.75,0.0,5,0.07551046642086791
9714,166.25,78.75,78.75,0.0,5,0.07637546771420482
9715,168.75,78.75,78.75,0.0,5,0.07765099606533368
9716,171.25,78.75,78.75,0.0,5,0.07882076702923978
9717,173.75,78.75,78.75,0.0,5,0.07960085175759944
9718,176.25,78.75,78.75,0.0,5,0.07992697799474771
9719,178.75,78.75,78.75,0.0,5,0.0813121841898808
9720,181.25,78.75,78.75,0.0,5,0.08209848960736899
9721,183.75,78.75,78.75,0.0,5,0.08071212188116317
9722,186.25,78.75,78.75,0.0,5,0.0799335928786411
9723,188.75,78.75,78.75,0.0,5,0.08047698834349988
9724,191.25,78.75,78.75,0.0,5,0.08127128758417414
9725,193.75,78.75,78.75,0.0,5,0.08173314253211311
9726,196.25,78.75,78.75,0.0,5,0.08173569346034923
9727,198.75,78.75,78.75,0.0,5,0.08157774831592522
9728,201.25,78.75,78.75,0.0,5,0.08119557503923985
9729,203.75,78.75,78.75,0.0,5,0.0804016315907549
9730,206.25,78.75,78.75,0.0,5,0.07924174679646634
9731,208.75,78.75,78.75,0.0,5,0.07804937678397728
9732,211.25,78.75,78.75,0.0,5,0.07693808116423688
9733,213.75,78.75,78.75,0.0,5,0.07543738957607689
9734,216.25,78.75,78.75,0.0,5,0.07343884260894026
9735,218.75,78.75,78.75,0.0,5,0.07158703068554767
9736,221.25,78.75,78.75,0.0,5,0.07045828952054728
9737,223.75,78.75,78.75,0.0,5,0.06998305583625188
9738,226.25,78.75,78.75,0.0,5,0.0697955898909136
9739,228.75,78.75,78.75,0.0,5,0.07023044306934176
9740,231.25,78.75,78.75,0.0,5,0.07139193158716109
9741,233.75,78.75,78.75,0.0,5,0.07237214113285904
9742,236.25,78.75,78.75,0.0,5,0.0732917376741241
9743,238.75,78.75,78.75,0.0,5,0.07421153438594702
9744,241.25,78.75,78.75,0.0,5,0.07462643891675841
9745,243.75,78.75,78.75,0.0,5,0.0740939448915581
9746,246.25,78.75,78.75,0.0,5,0.07328356251156024
9747,248.75,78.75,78.75,0.0,5,0.0731007383125414
9748,251.25,78.75,78.75,0.0,5,0.07290073636024764
9749,253.75,78.75,78.75,0.0,5,0.07284308004548931
9750,256.25,78.75,78.75,0.0,5,0.07419808570450034
9751,258.75,78.75,78.75,1.0,0,0.07685420051180873
9752,261.25,78.75,78.75,0.0,5,0.08018081235764472
9753,263.75,78.75,78.75,0.0,5,0.0833336785737566
9754,266.25,78.75,78.75,1.0,0,0.08607069763053338
9755,268.75,78.75,78.75,1.0,0,0.08810641316115436
9756,271.25,78.75,78.75,1.0,0,0.08931070906791563
9757,273.75,78.75,78.75,1.0,0,0.09167730961028753
9758,276.25,78.75,78.75,1.0,0,0.09693475835675017
9759,278.75,78.75,78.75,1.0,0,0.10417218838701041
9760,281.25,78.75,78.75,1.0,0,0.111276446555314
9761,283.75,78.75,78.75,0.0,5,0.11920439323220518
9762,286.25,78.75,78.75,0.0,5,0.12784009682593994
9763,288.75,78.75,78.75,0.0,5,0.13584885082744827
9764,291.25,78.75,78.75,1.0,0,0.1444416598255794
9765,293.75,78.75,78.75,1.0,0,0.15669273939742137
9766,296.25,78.75,78.75,1.0,0,0.17273477103040258
9767,298.75,78.75,78.75,1.0,0,0.18396708404937517
9768,301.25,78.75,78.75,1.0,0,0.18295279288849953
9769,303.75,78.75,78.75,1.0,0,0.16947575267489418
9770,306.25,78.75,78.75,1.0,0,0.14686571226584774
9771,308.75,78.75,78.75,1.0,0,0.12447084400068514
9772,311.25,78.75,78.75,1.0,0,0.10706568952715423
9773,313.75,78.75,78.75,1.0,0,0.091905855032183
9774,316.25,78.75,78.75,1.0,0,0.08008246097141845
9775,318.75,78.75,78.75,1.0,0,0.07268700687385637
9776,321.25,78.75,78.75,1.0,0,0.06689770385844837
9777,323.75,78.75,78.75,1.0,0,0.05968972132522231
9778,326.25,78.75,78.75,1.0,0,0.051314821905727864
9779,328.75,78.75,78.75,1.0,0,0.043972671638922836
9780,331.25,78.75,78.75,1.0,0,0.03677274465627301
9781,333.75,78.75,78.75,1.0,0,0.02772205320393288
9782,336.25,78.75,78.75,1.0,0,0.018669245264571657
9783,338.75,78.75,78.75,1.0,0,0.009946152558195481
9784,341.25,78.75,78.75,0.0,5,0.0017260343006065874
9785,343.75,78.75,78.75,0.0,5,-0.001594216971118943
9786,346.25,78.75,78.75,0.0,5,0.0014590665502038078
9787,348.75,78.75,78.75,0.0,5,0.004770128750308602
9788,351.25,78.75,78.75,0.0,5,0.0054900103707885015
9789,353.75,78.75,78.75,0.0,5,0.005291345945369209
9790,356.25,78.75,78.75,0.0,5,0.007153291782126678
9791,358.75,78.75,78.75,0.0,5,0.02292222258225631
9792,1.25,81.25,81.25,0.0,5,0.03773595091251826
9793,3.75,81.25,81.25,0.0,5,0.04207640654496887
9794,6.25,81.25,81.25,0.0,5,0.046082534937362384
9795,8.75,81.25,81.25,0.0,5,0.04918094295856965
9796,11.25,81.25,81.25,0.0,5,0.052040649118775165
9797,13.75,81.25,81.25,0.0,5,0.055985471572581276
9798,16.25,81.25,81.25,0.0,5,0.06042696839444813
9799,18.75,81.25,81.25,0.0,5,0.06436015437286893
9800,21.25,81.25,81.25,0.0,5,0.06659148901754805
9801,23.75,81.25,81.25,0.0,5,0.0674035010446164
9802,26.25,81.25,81.25,0.0,5,0.06723019609044102
9803,28.75,81.25,81.25,0.0,5,0.06680639856857751
9804,31.25,81.25,81.25,0.0,5,0.06690153353241655
9805,33.75,81.25,81.25,0.0,5,0.0666956086576063
9806,36.25,81.25,81.25,0.0,5,0.06585367950123712
9807,38.75,81.25,81.25,0.0,5,0.06421259663909938
9808,41.25,81.25,81.25,0.0,5,0.06193530824542414
9809,43.75,81.25,81.25,0.0,5,0.06003082298225802
9810,46.25,81.25,81.25,0.0,5,0.05867452628096747
9811,48.75,81.25,81.25,0.0,5,0.05739068508859331
9812,51.25,81.25,81.25,0.0,5,0.057206848609891364
9813,53.75,81.25,81.25,0.0,5,0.05940535796074374
9814,56.25,81.25,81.25,0.0,5,0.0629980572391835
9815,58.75,81.25,81.25,0.0,5,0.06528896422475196
9816,61.25,81.25,81.25,0.0,5,0.06572095685618706
9817,63.75,81.25,81.25,0.0,5,0.06501386742502749
9818,66.25,81.25,81.25,0.0,5,0.06408114350208215
9819,68.75,81.25,81.25,0.0,5,0.06290014001449631
9820,71.25,81.25,81.25,0.0,5,0.061913794889666376
9821,73.75,81.25,81.25,0.0,5,0.061936739519847996
9822,76.25,81.25,81.25,0.0,5,0.062105376971982124
9823,78.75,81.25,81.25,0.0,5,0.06202204629900969
9824,81.25,81.25,81.25,0.0,5,0.06129128015381526
9825,83.75,81.25,81.25,0.0,5,0.06041300159254293
9826,86.25,81.25,81.25,0.0,5,0.05985879969351388
9827,88.75,81.25,81.25,0.0,5,0.06006107722044108
9828,91.25,81.25,81.25,0.0,5,0.061472149132807706
9829,93.75,81.25,81.25,0.0,5,0.06392970831535214
9830,96.25,81.25,81.25,0.0,5,0.06603259610530827
9831,98.75,81.25,81.25,0.0,5,0.06601235158745883
9832,101.25,81.25,81.25,0.0,5,0.06503549425158876
9833,103.75,81.25,81.25,0.0,5,0.0648599576436308
9834,106.25,81.25,81.25,0.0,5,0.0661768417439127
9835,108.75,81.25,81.25,0.0,5,0.06838361959707827
9836,111.25,81.25,81.25,0.0,5,0.06941860428717475
9837,113.75,81.25,81.25,0.0,5,0.06959769263541259
9838,116.25,81.25,81.25,0.0,5,0.06969293883849612
9839,118.75,81.25,81.25,0.0,5,0.06951221046873444
9840,121.25,81.25,81.25,0.0,5,0.06993981728748529
9841,123.75,81.25,81.25,0.0,5,0.07126208510300373
9842,126.25,81.25,81.25,0.0,5,0.07171777400068075
9843,128.75,81.25,81.25,0.0,5,0.0700254945273519
9844,131.25,81.25,81.25,0.0,5,0.06776952351688122
9845,133.75,81.25,81.25,0.0,5,0.06647989017176074
9846,136.25,81.25,81.25,0.0,5,0.06630660747088976
9847,138.75,81.25,81.25,0.0,5,0.06658178489934066
9848,141.25,81.25,81.25,0.0,5,0.06656430822582213
9849,143.75,81.25,81.25,0.0,5,0.06604010308315085
9850,146.25,81.25,81.25,0.0,5,0.06537161756978743
9851,148.75,81.25,81.25,0.0,5,0.06511310216927585
9852,151.25,81.25,81.25,0.0,5,0.0653866405252381
9853,153.75,81.25,81.25,0.0,5,0.06647232660891098
9854,156.25,81.25,81.25,0.0,5,0.06797542051874551
9855,158.75,81.25,81.25,0.0,5,0.06871457001649699
9856,161.25,81.25,81.25,0.0,5,0.06904773388554851
9857,163.75,81.25,81.25,0.0,5,0.06978665636983285
9858,166.25,81.25,81.25,0.0,5,0.07092736831238607
9859,168.75,81.25,81.25,0.0,5,0.07198809169148021
9860,171.25,81.25,81.25,0.0,5,0.07283798936147193
9861,173.75,81.25,81.25,0.0,5,0.07336480228520571
9862,176.25,81.25,81.25,0.0,5,0.07361356233386894
9863,178.75,81.25,81.25,0.0,5,0.07392259339023402
9864,181.25,81.25,81.25,0.0,5,0.07398339275732059
9865,183.75,81.25,81.25,0.0,5,0.07341158613554286
9866,186.25,81.25,81.25,0.0,5,0.07296861330656718
9867,188.75,81.25,81.25,0.0,5,0.07350868283393146
9868,191.25,81.25,81.25,0.0,5,0.07434007471576423
9869,193.75,81.25,81.25,0.0,5,0.07479239374386039
9870,196.25,81.25,81.25,0.0,5,0.07484216936800736
9871,198.75,81.25,81.25,0.0,5,0.0744200112697357
9872,201.25,81.25,81.25,0.0,5,0.0733447888870029
9873,203.75,81.25,81.25,0.0,5,0.07246238105223367
9874,206.25,81.25,81.25,0.0,5,0.07222137955463309
9875,208.75,81.25,81.25,0.0,5,0.07162941398547644
9876,211.25,81.25,81.25,0.0,5,0.07090269965469123
9877,213.75,81.25,81.25,0.0,5,0.07052244897634258
9878,216.25,81.25,81.25,0.0,5,0.06994752209071518
9879,218.75,81.25,81.25,0.0,5,0.06913596127692559
9880,221.25,81.25,81.25,0.0,5,0.0684603781689509
9881,223.75,81.25,81.25,0.0,5,0.06765295779927102
9882,226.25,81.25,81.25,0.0,5,0.06695422502960185
9883,228.75,81.25,81.25,0.0,5,0.06689872894124889
9884,231.25,81.25,81.25,0.0,5,0.06698879940618577
9885,233.75,81.25,81.25,0.0,5,0.06745191909191608
9886,236.25,81.25,81.25,0.0,5,0.06779043710483214
9887,238.75,81.25,81.25,0.0,5,0.06777525288677196
9888,241.25,81.25,81.25,0.0,5,0.06815805011352923
9889,243.75,81.25,81.25,0.0,5,0.06812457284991176
9890,246.25,81.25,81.25,0.0,5,0.0675338474427744
9891,248.75,81.25,81.25,0.0,5,0.066889119267786
9892,251.25,81.25,81.25,0.0,5,0.06635817433990136
9893,253.75,81.25,81.25,0.0,5,0.06637201381391639
9894,256.25,81.25,81.25,0.0,5,0.06768074791612394
9895,258.75,81.25,81.25,0.0,5,0.07058026148692256
9896,261.25,81.25,81.25,0.0,5,0.07432183032613289
9897,263.75,81.25,81.25,0.0,5,0.07785479772586788
9898,266.25,81.25,81.25,0.0,5,0.08040563706237516
9899,268.75,81.25,81.25,0.0,0,0.08180326418895265
9900,271.25,81.25,81.25,1.0,0,0.0829273846183667
9901,273.75,81.25,81.25,1.0,0,0.08552094807569581
9902,276.25,81.25,81.25,1.0,0,0.08949361632934139
9903,278.75,81.25,81.25,1.0,0,0.09375860477376075
9904,281.25,81.25,81.25,1.0,0,0.09694759601486691
9905,283.75,81.25,81.25,1.0,0,0.09535840027661807
9906,286.25,81.25,81.25,0.0,0,0.08861572388567053
9907,288.75,81.25,81.25,0.0,0,0.08284842512067049
9908,291.25,81.25,81.25,0.0,5,0.08102952670658242
9909,293.75,81.25,81.25,1.0,0,0.08159431894802179
9910,296.25,81.25,81.25,1.0,0,0.08315505354191942
9911,298.75,81.25,81.25,1.0,0,0.08449181885864226
9912,301.25,81.25,81.25,1.0,0,0.08592043958077981
9913,303.75,81.25,81.25,1.0,0,0.08694556956916494
9914,306.25,81.25,81.25,1.0,0,0.08399762881626252
9915,308.75,81.25,81.25,1.0,0,0.07753326377324155
9916,311.25,81.25,81.25,1.0,0,0.07174057967067675
9917,313.75,81.25,81.25,1.0,0,0.06969535056153787
9918,316.25,81.25,81.25,1.0,0,0.072643435502708
9919,318.75,81.25,81.25,1.0,0,0.07768427755701772
9920,321.25,81.25,81.25,1.0,0,0.07927527571028724
9921,323.75,81.25,81.25,1.0,0,0.0751639688844969
9922,326.25,81.25,81.25,1.0,0,0.06743447541151708
9923,328.75,81.25,81.25,1.0,0,0.05883924646604852
9924,331.25,81.25,81.25,1.0,0,0.05186697121599403
9925,333.75,81.25,81.25,1.0,0,0.0467656954652361
9926,336.25,81.25,81.25,1.0,0,0.04186639506115612
9927,338.75,81.25,81.25,1.0,0,0.037215313040074624
9928,341.25,81.25,81.25,1.0,0,0.03394040852058952
9929,343.75,81.25,81.25,1.0,0,0.032228947264101644
9930,346.25,81.25,81.25,1.0,0,0.030735496951625106
9931,348.75,81.25,81.25,0.0,5,0.028941601172990272
9932,351.25,81.25,81.25,0.0,5,0.02740686227716752
9933,353.75,81.25,81.25,0.0,5,0.0272806725046588
9934,356.25,81.25,81.25,0.0,5,0.029340307870661737
9935,358.75,81.25,81.25,0.0,5,0.03309792622866739
9936,1.25,83.75,83.75,0.0,5,0.028419848669243058
9937,3.75,83.75,83.75,0.0,5,0.031354829182921325
9938,6.25,83.75,83.75,0.0,5,0.0346339655773459
9939,8.75,83.75,83.75,0.0,5,0.03694182227128026
9940,11.25,83.75,83.75,0.0,5,0.03920851531792929
9941,13.75,83.75,83.75,0.0,5,0.04199600259122636
9942,16.25,83.75,83.75,0.0,5,0.044354461386196385
9943,18.75,83.75,83.75,0.0,5,0.04585787600834489
9944,21.25,83.75,83.75,0.0,5,0.04594179352611433
9945,23.75,83.75,83.75,0.0,5,0.04534307846918822
9946,26.25,83.75,83.75,0.0,5,0.044453610957486976
9947,28.75,83.75,83.75,0.0,5,0.04364517584815805
9948,31.25,83.75,83.75,0.0,5,0.04366445841687154
9949,33.75,83.75,83.75,0.0,5,0.04371381840465149
9950,36.25,83.75,83.75,0.0,5,0.043505814131055996
9951,38.75,83.75,83.75,0.0,5,0.04349251614894756
9952,41.25,83.75,83.75,0.0,5,0.04390331421797666
9953,43.75,83.75,83.75,0.0,5,0.044316879406501045
9954,46.25,83.75,83.75,0.0,5,0.044276245112339574
9955,48.75,83.75,83.75,0.0,5,0.04390054057502201
9956,51.25,83.75,83.75,0.0,5,0.0437538350411022
9957,53.75,83.75,83.75,0.0,5,0.044527313430061485
9958,56.25,83.75,83.75,0.0,5,0.04613210491343402
9959,58.75,83.75,83.75,0.0,5,0.04778883859910019
9960,61.25,83.75,83.75,0.0,5,0.04918596126006353
9961,63.75,83.75,83.75,0.0,5,0.05024546409048679
9962,66.25,83.75,83.75,0.0,5,0.05131310145532342
9963,68.75,83.75,83.75,0.0,5,0.05212990341209088
9964,71.25,83.75,83.75,0.0,5,0.052314420014026114
9965,73.75,83.75,83.75,0.0,5,0.05317830528810486
9966,76.25,83.75,83.75,0.0,5,0.05520763141533907
9967,78.75,83.75,83.75,0.0,5,0.0574165846939055
9968,81.25,83.75,83.75,0.0,5,0.05863472523132633
9969,83.75,83.75,83.75,0.0,5,0.05911093134650211
9970,86.25,83.75,83.75,0.0,5,0.058876165707777484
9971,88.75,83.75,83.75,0.0,5,0.05804321880214737
9972,91.25,83.75,83.75,0.0,5,0.05712532446427665
9973,93.75,83.75,83.75,0.0,5,0.056562758048743784
9974,96.25,83.75,83.75,0.0,5,0.0576061909615256
9975,98.75,83.75,83.75,0.0,5,0.05925536303375865
9976,101.25,83.75,83.75,0.0,5,0.06079173652892781
9977,103.75,83.75,83.75,0.0,5,0.061680478872502546
9978,106.25,83.75,83.75,0.0,5,0.06187020924268727
9979,108.75,83.75,83.75,0.0,5,0.06255369189453319
9980,111.25,83.75,83.75,0.0,5,0.06334947502203549
9981,113.75,83.75,83.75,0.0,5,0.06397976509168689
9982,116.25,83.75,83.75,0.0,5,0.0646670232585178
9983,118.75,83.75,83.75,0.0,5,0.06549336955201966
9984,121.25,83.75,83.75,0.0,5,0.06615290779355021
9985,123.75,83.75,83.75,0.0,5,0.06662056103352246
9986,126.25,83.75,83.75,0.0,5,0.06679092002493957
9987,128.75,83.75,83.75,0.0,5,0.06556340421581165
9988,131.25,83.75,83.75,0.0,5,0.06387045193448461
9989,133.75,83.75,83.75,0.0,5,0.06259606965079252
9990,136.25,83.75,83.75,0.0,5,0.06164196921036906
9991,138.75,83.75,83.75,0.0,5,0.06117609616572638
9992,141.25,83.75,83.75,0.0,5,0.06074753664306558
9993,143.75,83.75,83.75,0.0,5,0.060284157923028055
9994,146.25,83.75,83.75,0.0,5,0.05992592440416347
9995,148.75,83.75,83.75,0.0,5,0.06003700079090917
9996,151.25,83.75,83.75,0.0,5,0.060278405607603426
9997,153.75,83.75,83.75,0.0,5,0.06132677381946437
9998,156.25,83.75,83.75,0.0,5,0.06320125566267824
9999,158.75,83.75,83.75,0.0,5,0.06441893066507025
10000,161.25,83.75,83.75,0.0,5,0.06512784194490899
10001,163.75,83.75,83.75,0.0,5,0.06583922694044567
10002,166.25,83.75,83.75,0.0,5,0.06662777493628877
10003,168.75,83.75,83.75,0.0,5,0.0675332126292767
10004,171.25,83.75,83.75,0.0,5,0.06814661850845365
10005,173.75,83.75,83.75,0.0,5,0.06816273644873584
10006,176.25,83.75,83.75,0.0,5,0.06795516269105138
10007,178.75,83.75,83.75,0.0,5,0.06737071842717296
10008,181.25,83.75,83.75,0.0,5,0.06612158713892874
10009,183.75,83.75,83.75,0.0,5,0.06479975741942726
10010,186.25,83.75,83.75,0.0,5,0.06401325872586476
10011,188.75,83.75,83.75,0.0,5,0.06371008435467228
10012,191.25,83.75,83.75,0.0,5,0.06388795039414505
10013,193.75,83.75,83.75,0.0,5,0.06414031554975305
10014,196.25,83.75,83.75,0.0,5,0.06399494900170274
10015,198.75,83.75,83.75,0.0,5,0.06373319856355414
10016,201.25,83.75,83.75,0.0,5,0.06344571317707387
10017,203.75,83.75,83.75,0.0,5,0.06354440581342215
10018,206.25,83.75,83.75,0.0,5,0.06414146444360824
10019,208.75,83.75,83.75,0.0,5,0.06457662677983159
10020,211.25,83.75,83.75,0.0,5,0.0647865217060623
10021,213.75,83.75,83.75,0.0,5,0.06500396233777528
10022,216.25,83.75,83.75,0.0,5,0.06488163668709906
10023,218.75,83.75,83.75,0.0,5,0.0648497773504658
10024,221.25,83.75,83.75,0.0,5,0.06475833570756824
10025,223.75,83.75,83.75,0.0,5,0.0638360485188842
10026,226.25,83.75,83.75,0.0,5,0.06293981885889056
10027,228.75,83.75,83.75,0.0,5,0.06201106857781442
10028,231.25,83.75,83.75,0.0,5,0.06090041198486008
10029,233.75,83.75,83.75,0.0,5,0.06014153848161606
10030,236.25,83.75,83.75,0.0,5,0.059711217457270704
10031,238.75,83.75,83.75,0.0,5,0.05994072936906781
10032,241.25,83.75,83.75,0.0,5,0.060646384912672914
10033,243.75,83.75,83.75,0.0,5,0.061240742694449325
10034,246.25,83.75,83.75,0.0,5,0.06172008765677065
10035,248.75,83.75,83.75,0.0,5,0.061993736633726586
10036,251.25,83.75,83.75,0.0,5,0.06209789850380956
10037,253.75,83.75,83.75,0.0,5,0.062329862923103455
10038,256.25,83.75,83.75,0.0,5,0.06200661302470962
10039,258.75,83.75,83.75,0.0,5,0.06106681151101187
10040,261.25,83.75,83.75,0.0,5,0.05926352092207315
10041,263.75,83.75,83.75,0.0,5,0.057029234566858066
10042,266.25,83.75,83.75,0.0,5,0.055542990291438506
10043,268.75,83.75,83.75,0.0,5,0.055978218937034585
10044,271.25,83.75,83.75,0.0,5,0.05874704561672426
10045,273.75,83.75,83.75,0.0,5,0.06309570043277694
10046,276.25,83.75,83.75,0.0,5,0.06709035113955025
10047,278.75,83.75,83.75,0.0,5,0.0690559288018653
10048,281.25,83.75,83.75,0.0,5,0.06826384364650241
10049,283.75,83.75,83.75,0.0,5,0.06227901935623925
10050,286.25,83.75,83.75,0.0,5,0.05275676958213011
10051,288.75,83.75,83.75,0.0,5,0.04384938413719206
10052,291.25,83.75,83.75,0.0,5,0.03860767892565668
10053,293.75,83.75,83.75,0.0,5,0.03699891973173505
10054,296.25,83.75,83.75,0.0,5,0.03785416671172536
10055,298.75,83.75,83.75,0.0,5,0.040244752970504914
10056,301.25,83.75,83.75,0.0,5,0.04325799405647402
10057,303.75,83.75,83.75,0.0,5,0.048433619033058234
10058,306.25,83.75,83.75,0.0,5,0.05491234929382377
10059,308.75,83.75,83.75,0.0,5,0.06046550839678651
10060,311.25,83.75,83.75,0.0,5,0.06274715175374929
10061,313.75,83.75,83.75,0.0,5,0.060508425958697286
10062,316.25,83.75,83.75,0.0,5,0.05533004102548503
10063,318.75,83.75,83.75,0.0,5,0.05039645247866484
10064,321.25,83.75,83.75,0.0,5,0.047421502903372555
10065,323.75,83.75,83.75,0.0,5,0.04611948116628522
10066,326.25,83.75,83.75,0.0,5,0.046204613378448396
10067,328.75,83.75,83.75,0.0,5,0.04575186285968412
10068,331.25,83.75,83.75,1.0,0,0.04386005698408732
10069,333.75,83.75,83.75,0.0,5,0.0406031672219504
10070,336.25,83.75,83.75,0.0,5,0.035477903449982744
10071,338.75,83.75,83.75,0.0,5,0.029017824457728547
10072,341.25,83.75,83.75,0.0,5,0.023283276155084114
10073,343.75,83.75,83.75,0.0,5,0.02036777572634334
10074,346.25,83.75,83.75,0.0,5,0.01958014312004302
10075,348.75,83.75,83.75,0.0,5,0.019464436789207642
10076,351.25,83.75,83.75,0.0,5,0.019628963115810607
10077,353.75,83.75,83.75,0.0,5,0.020513756692869103
10078,356.25,83.75,83.75,0.0,5,0.022568993510162266
10079,358.75,83.75,83.75,0.0,5,0.025553879809902674
10080,1.25,86.25,86.25,0.0,5,0.046371073539331745
10081,3.75,86.25,86.25,0.0,5,0.04699437740016533
10082,6.25,86.25,86.25,0.0,5,0.047758955999716794
10083,8.75,86.25,86.25,0.0,5,0.048177394265250306
10084,11.25,86.25,86.25,0.0,5,0.04852508015447563
10085,13.75,86.25,86.25,0.0,5,0.048978974840315465
10086,16.25,86.25,86.25,0.0,5,0.04939447147265653
10087,18.75,86.25,86.25,0.0,5,0.050062733485701796
10088,21.25,86.25,86.25,0.0,5,0.05098081432257122
10089,23.75,86.25,86.25,0.0,5,0.05128172960699945
10090,26.25,86.25,86.25,0.0,5,0.05155089130308363
10091,28.75,86.25,86.25,0.0,5,0.05228017204729529
10092,31.25,86.25,86.25,0.0,5,0.05328515840492732
10093,33.75,86.25,86.25,0.0,5,0.054338790610032404
10094,36.25,86.25,86.25,0.0,5,0.05519789358542378
10095,38.75,86.25,86.25,0.0,5,0.055778273551680586
10096,41.25,86.25,86.25,0.0,5,0.05624060279160648
10097,43.75,86.25,86.25,0.0,5,0.05675213366420301
10098,46.25,86.25,86.25,0.0,5,0.05722302157749927
10099,48.75,86.25,86.25,0.0,5,0.05712183566585411
10100,51.25,86.25,86.25,0.0,5,0.056406596538002236
10101,53.75,86.25,86.25,0.0,5,0.05586324544499909
10102,56.25,86.25,86.25,0.0,5,0.05558803803227235
10103,58.75,86.25,86.25,0.0,5,0.05544870807555552
10104,61.25,86.25,86.25,0.0,5,0.05561585284417077
10105,63.75,86.25,86.25,0.0,5,0.05587148190303409
10106,66.25,86.25,86.25,0.0,5,0.0562110972523471
10107,68.75,86.25,86.25,0.0,5,0.05679143930311233
10108,71.25,86.25,86.25,0.0,5,0.057388099701400436
10109,73.75,86.25,86.25,0.0,5,0.057872134416748426
10110,76.25,86.25,86.25,0.0,5,0.05866346872529043
10111,78.75,86.25,86.25,0.0,5,0.059748025360827045
10112,81.25,86.25,86.25,0.0,5,0.06033101586561831
10113,83.75,86.25,86.25,0.0,5,0.0607768926851527
10114,86.25,86.25,86.25,0.0,5,0.06115456941169141
10115,88.75,86.25,86.25,0.0,5,0.061307680987380056
10116,91.25,86.25,86.25,0.0,5,0.061639544635188406
10117,93.75,86.25,86.25,0.0,5,0.06161880478982362
10118,96.25,86.25,86.25,0.0,5,0.06179824566151389
10119,98.75,86.25,86.25,0.0,5,0.06222856398753159
10120,101.25,86.25,86.25,0.0,5,0.062482955554703276
10121,103.75,86.25,86.25,0.0,5,0.06272882385497884
10122,106.25,86.25,86.25,0.0,5,0.06276935010070915
10123,108.75,86.25,86.25,0.0,5,0.06320017525507722
10124,111.25,86.25,86.25,0.0,5,0.06377305772098911
10125,113.75,86.25,86.25,0.0,5,0.06426433836057939
10126,116.25,86.25,86.25,0.0,5,0.06501574598410798
10127,118.75,86.25,86.25,0.0,5,0.06542502207884801
10128,121.25,86.25,86.25,0.0,5,0.0654537937393039
10129,123.75,86.25,86.25,0.0,5,0.06553813123987218
10130,126.25,86.25,86.25,0.0,5,0.065467665514275
10131,128.75,86.25,86.25,0.0,5,0.06535113215739717
10132,131.25,86.25,86.25,0.0,5,0.06519799978020735
10133,133.75,86.25,86.25,0.0,5,0.06483385065350546
10134,136.25,86.25,86.25,0.0,5,0.06469056308943856
10135,138.75,86.25,86.25,0.0,5,0.06455617026705032
10136,141.25,86.25,86.25,0.0,5,0.06451966600758095
10137,143.75,86.25,86.25,0.0,5,0.06480792226956819
10138,146.25,86.25,86.25,0.0,5,0.06458125438135669
10139,148.75,86.25,86.25,0.0,5,0.0641315011835201
10140,151.25,86.25,86.25,0.0,5,0.06409136175340424
10141,153.75,86.25,86.25,0.0,5,0.06399278018958178
10142,156.25,86.25,86.25,0.0,5,0.0638774574928585
10143,158.75,86.25,86.25,0.0,5,0.06375562688304437
10144,161.25,86.25,86.25,0.0,5,0.06381520412588206
10145,163.75,86.25,86.25,0.0,5,0.0638962816573314
10146,166.25,86.25,86.25,0.0,5,0.06377139477937036
10147,168.75,86.25,86.25,0.0,5,0.06365629520666091
10148,171.25,86.25,86.25,0.0,5,0.06338405997756014
10149,173.75,86.25,86.25,0.0,5,0.0629920745596187
10150,176.25,86.25,86.25,0.0,5,0.06288793935181856
10151,178.75,86.25,86.25,0.0,5,0.06310516401032377
10152,181.25,86.25,86.25,0.0,5,0.06350465648223128
10153,183.75,86.25,86.25,0.0,5,0.06419054677780549
10154,186.25,86.25,86.25,0.0,5,0.06510736551591466
10155,188.75,86.25,86.25,0.0,5,0.06598721361702095
10156,191.25,86.25,86.25,0.0,5,0.0670526962963879
10157,193.75,86.25,86.25,0.0,5,0.06840468442829219
10158,196.25,86.25,86.25,0.0,5,0.06898566972536911
10159,198.75,86.25,86.25,0.0,5,0.06897166521559187
10160,201.25,86.25,86.25,0.0,5,0.0688330855119205
10161,203.75,86.25,86.25,0.0,5,0.06856480251584296
10162,206.25,86.25,86.25,0.0,5,0.06813547276799795
10163,208.75,86.25,86.25,0.0,5,0.06750113042576422
10164,211.25,86.25,86.25,0.0,5,0.06668138418454136
10165,213.75,86.25,86.25,0.0,5,0.06601546544244165
10166,216.25,86.25,86.25,0.0,5,0.06561457646696263
10167,218.75,86.25,86.25,0.0,5,0.06506468961938972
10168,221.25,86.25,86.25,0.0,5,0.06434735131822746
10169,223.75,86.25,86.25,0.0,5,0.06350067740345812
10170,226.25,86.25,86.25,0.0,5,0.06284017992256792
10171,228.75,86.25,86.25,0.0,5,0.06215574929134604
10172,231.25,86.25,86.25,0.0,5,0.0611318827917236
10173,233.75,86.25,86.25,0.0,5,0.0601267984910867
10174,236.25,86.25,86.25,0.0,5,0.059409065243398236
10175,238.75,86.25,86.25,0.0,5,0.059146053473048285
10176,241.25,86.25,86.25,0.0,5,0.058976587371902436
10177,243.75,86.25,86.25,0.0,5,0.05894818839420406
10178,246.25,86.25,86.25,0.0,5,0.05903402417284179
10179,248.75,86.25,86.25,0.0,5,0.05860623809884811
10180,251.25,86.25,86.25,0.0,5,0.05774097075647993
10181,253.75,86.25,86.25,0.0,5,0.05705304849922049
10182,256.25,86.25,86.25,0.0,5,0.05674005730994955
10183,258.75,86.25,86.25,0.0,5,0.05631592627579868
10184,261.25,86.25,86.25,0.0,5,0.055462078287867526
10185,263.75,86.25,86.25,0.0,5,0.05467650565905256
10186,266.25,86.25,86.25,0.0,5,0.05354266532774272
10187,268.75,86.25,86.25,0.0,5,0.0516844981163293
10188,271.25,86.25,86.25,0.0,5,0.04906293001969748
10189,273.75,86.25,86.25,0.0,5,0.04526330229765032
10190,276.25,86.25,86.25,0.0,5,0.040885777671009205
10191,278.75,86.25,86.25,0.0,5,0.03665206923819658
10192,281.25,86.25,86.25,0.0,5,0.03356961952375553
10193,283.75,86.25,86.25,0.0,5,0.032623742277657006
10194,286.25,86.25,86.25,0.0,5,0.03391710187386359
10195,288.75,86.25,86.25,0.0,5,0.03706757266080221
10196,291.25,86.25,86.25,0.0,5,0.04117632333098753
10197,293.75,86.25,86.25,0.0,5,0.04464192645089632
10198,296.25,86.25,86.25,0.0,5,0.04681370664560907
10199,298.75,86.25,86.25,0.0,5,0.04772621114287954
10200,301.25,86.25,86.25,0.0,5,0.047471752725592564
10201,303.75,86.25,86.25,0.0,5,0.04670723133493331
10202,306.25,86.25,86.25,0.0,5,0.045888065354595074
10203,308.75,86.25,86.25,0.0,5,0.04586315878613072
10204,311.25,86.25,86.25,0.0,5,0.046392309710858004
10205,313.75,86.25,86.25,0.0,5,0.0465577059686277
10206,316.25,86.25,86.25,0.0,5,0.04668118300963405
10207,318.75,86.25,86.25,0.0,5,0.04746584631134874
10208,321.25,86.25,86.25,0.0,5,0.04841969019873802
10209,323.75,86.25,86.25,0.0,5,0.04877934296388725
10210,326.25,86.25,86.25,0.0,5,0.049548531911310235
10211,328.75,86.25,86.25,0.0,5,0.050612165289748136
10212,331.25,86.25,86.25,0.0,5,0.05086508689118276
10213,333.75,86.25,86.25,0.0,5,0.050477035303349654
10214,336.25,86.25,86.25,0.0,5,0.04922271351878087
10215,338.75,86.25,86.25,0.0,5,0.0473907561591109
10216,341.25,86.25,86.25,0.0,5,0.04625895279298015
10217,343.75,86.25,86.25,0.0,5,0.04551092737465291
10218,346.25,86.25,86.25,0.0,5,0.04455046787560754
10219,348.75,86.25,86.25,0.0,5,0.044244869865157604
10220,351.25,86.25,86.25,0.0,5,0.04433713458675299
10221,353.75,86.25,86.25,0.0,5,0.04465491743323821
10222,356.25,86.25,86.25,0.0,5,0.045162917320076094
10223,358.75,86.25,86.25,0.0,5,0.04578617790327059
10224,1.25,88.75,88.75,0.0,5,0.05402111443571582
10225,3.75,88.75,88.75,0.0,5,0.05514375916474231
10226,6.25,88.75,88.75,0.0,5,0.0559644318038971
10227,8.75,88.75,88.75,0.0,5,0.056459076406231004
10228,11.25,88.75,88.75,0.0,5,0.05670341455608734
10229,13.75,88.75,88.75,0.0,5,0.056833553439447855
10230,16.25,88.75,88.75,0.0,5,0.05753708218313882
10231,18.75,88.75,88.75,0.0,5,0.0585731887935097
10232,21.25,88.75,88.75,0.0,5,0.05934198585161806
10233,23.75,88.75,88.75,0.0,5,0.0601240615284021
10234,26.25,88.75,88.75,0.0,5,0.06089738646373625
10235,28.75,88.75,88.75,0.0,5,0.06124981953339161
10236,31.25,88.75,88.75,0.0,5,0.061437116162396485
10237,33.75,88.75,88.75,0.0,5,0.061442563425773714
10238,36.25,88.75,88.75,0.0,5,0.061682238953320145
10239,38.75,88.75,88.75,0.0,5,0.0622825393814963
10240,41.25,88.75,88.75,0.0,5,0.06284567575122756
10241,43.75,88.75,88.75,0.0,5,0.06317847542871736
10242,46.25,88.75,88.75,0.0,5,0.06326361335414876
10243,48.75,88.75,88.75,0.0,5,0.06302021986245304
10244,51.25,88.75,88.75,0.0,5,0.06273990837490687
10245,53.75,88.75,88.75,0.0,5,0.06275570246484641
10246,56.25,88.75,88.75,0.0,5,0.0625793210799873
10247,58.75,88.75,88.75,0.0,5,0.06202621675064875
10248,61.25,88.75,88.75,0.0,5,0.061511909138850594
10249,63.75,88.75,88.75,0.0,5,0.0616737476342932
10250,66.25,88.75,88.75,0.0,5,0.06200886848245605
10251,68.75,88.75,88.75,0.0,5,0.06243267849162063
10252,71.25,88.75,88.75,0.0,5,0.0628907866509151
10253,73.75,88.75,88.75,0.0,5,0.06301194885909832
10254,76.25,88.75,88.75,0.0,5,0.06354117079934359
10255,78.75,88.75,88.75,0.0,5,0.06420649027591797
10256,81.25,88.75,88.75,0.0,5,0.06443341068863224
10257,83.75,88.75,88.75,0.0,5,0.06441969338632784
10258,86.25,88.75,88.75,0.0,5,0.06430712565049668
10259,88.75,88.75,88.75,0.0,5,0.06448304419730332
10260,91.25,88.75,88.75,0.0,5,0.06473776578142432
10261,93.75,88.75,88.75,0.0,5,0.06433387519955093
10262,96.25,88.75,88.75,0.0,5,0.06387958738005553
10263,98.75,88.75,88.75,0.0,5,0.06365073628458659
10264,101.25,88.75,88.75,0.0,5,0.06330043166082193
10265,103.75,88.75,88.75,0.0,5,0.06288225701281416
10266,106.25,88.75,88.75,0.0,5,0.06270760418575634
10267,108.75,88.75,88.75,0.0,5,0.06277901858805855
10268,111.25,88.75,88.75,0.0,5,0.06264409840998032
10269,113.75,88.75,88.75,0.0,5,0.062437230859596245
10270,116.25,88.75,88.75,0.0,5,0.06263255868048145
10271,118.75,88.75,88.75,0.0,5,0.06272478213479232
10272,121.25,88.75,88.75,0.0,5,0.062378282786939805
10273,123.75,88.75,88.75,0.0,5,0.06256831786231674
10274,126.25,88.75,88.75,0.0,5,0.06265360062465268
10275,128.75,88.75,88.75,0.0,5,0.062209755536657724
10276,131.25,88.75,88.75,0.0,5,0.06206561211733999
10277,133.75,88.75,88.75,0.0,5,0.062387370747309406
10278,136.25,88.75,88.75,0.0,5,0.06251676844540817
10279,138.75,88.75,88.75,0.0,5,0.062274283588961026
10280,141.25,88.75,88.75,0.0,5,0.06227938361482461
10281,143.75,88.75,88.75,0.0,5,0.06243377450739414
10282,146.25,88.75,88.75,0.0,5,0.06238231361139663
10283,148.75,88.75,88.75,0.0,5,0.062037881254077824
10284,151.25,88.75,88.75,0.0,5,0.061494758890989695
10285,153.75,88.75,88.75,0.0,5,0.06089629623300076
10286,156.25,88.75,88.75,0.0,5,0.060696775965780346
10287,158.75,88.75,88.75,0.0,5,0.06076502542542364
10288,161.25,88.75,88.75,0.0,5,0.06100324401152136
10289,163.75,88.75,88.75,0.0,5,0.060794180538406364
10290,166.25,88.75,88.75,0.0,5,0.06040757045353295
10291,168.75,88.75,88.75,0.0,5,0.06050256948439321
10292,171.25,88.75,88.75,0.0,5,0.06058818111193255
10293,173.75,88.75,88.75,0.0,5,0.060628853753689135
10294,176.25,88.75,88.75,0.0,5,0.06027382454730477
10295,178.75,88.75,88.75,0.0,5,0.06005807140213707
10296,181.25,88.75,88.75,0.0,5,0.06012225791582865
10297,183.75,88.75,88.75,0.0,5,0.060197016893220046
10298,186.25,88.75,88.75,0.0,5,0.06023699631022825
10299,188.75,88.75,88.75,0.0,5,0.060334909702424076
10300,191.25,88.75,88.75,0.0,5,0.0606310857978911
10301,193.75,88.75,88.75,0.0,5,0.06107559882747183
10302,196.25,88.75,88.75,0.0,5,0.061657889665652804
10303,198.75,88.75,88.75,0.0,5,0.06201614963375586
10304,201.25,88.75,88.75,0.0,5,0.0621460627881747
10305,203.75,88.75,88.75,0.0,5,0.062068567103310546
10306,206.25,88.75,88.75,0.0,5,0.061965525394161614
10307,208.75,88.75,88.75,0.0,5,0.06184645632430646
10308,211.25,88.75,88.75,0.0,5,0.06122311413593477
10309,213.75,88.75,88.75,0.0,5,0.061027596598981514
10310,216.25,88.75,88.75,0.0,5,0.06131413572935279
10311,218.75,88.75,88.75,0.0,5,0.06117993236256824
10312,221.25,88.75,88.75,0.0,5,0.0607866136025123
10313,223.75,88.75,88.75,0.0,5,0.060456116138704795
10314,226.25,88.75,88.75,0.0,5,0.060145744102535315
10315,228.75,88.75,88.75,0.0,5,0.05978869202103025
10316,231.25,88.75,88.75,0.0,5,0.05949424530005279
10317,233.75,88.75,88.75,0.0,5,0.05887471814838956
10318,236.25,88.75,88.75,0.0,5,0.05827188115915834
10319,238.75,88.75,88.75,0.0,5,0.05819968206446087
10320,241.25,88.75,88.75,0.0,5,0.058412868287873725
10321,243.75,88.75,88.75,0.0,5,0.05894694519336257
10322,246.25,88.75,88.75,0.0,5,0.05893681465093701
10323,248.75,88.75,88.75,0.0,5,0.058157993782552306
10324,251.25,88.75,88.75,0.0,5,0.05757505306677461
10325,253.75,88.75,88.75,0.0,5,0.05740385252374494
10326,256.25,88.75,88.75,0.0,5,0.05726351787103727
10327,258.75,88.75,88.75,0.0,5,0.056939867365081824
10328,261.25,88.75,88.75,0.0,5,0.05666030078076732
10329,263.75,88.75,88.75,0.0,5,0.05612528473469311
10330,266.25,88.75,88.75,0.0,5,0.05528142154632694
10331,268.75,88.75,88.75,0.0,5,0.05449672769438695
10332,271.25,88.75,88.75,0.0,5,0.053769993787765785
10333,273.75,88.75,88.75,0.0,5,0.05332364025721811
10334,276.25,88.75,88.75,0.0,5,0.05313472033507726
10335,278.75,88.75,88.75,0.0,5,0.05275787197362821
10336,281.25,88.75,88.75,0.0,5,0.051983062650074977
10337,283.75,88.75,88.75,0.0,5,0.05116412456957524
10338,286.25,88.75,88.75,0.0,5,0.050579015924146035
10339,288.75,88.75,88.75,0.0,5,0.050266897343157785
10340,291.25,88.75,88.75,0.0,5,0.05028305424294497
10341,293.75,88.75,88.75,0.0,5,0.049758571124488435
10342,296.25,88.75,88.75,0.0,5,0.04871829369213708
10343,298.75,88.75,88.75,0.0,5,0.04816396348074648
10344,301.25,88.75,88.75,0.0,5,0.0484152135387209
10345,303.75,88.75,88.75,0.0,5,0.04883222216454097
10346,306.25,88.75,88.75,0.0,5,0.048928898854683774
10347,308.75,88.75,88.75,0.0,5,0.04907243699331184
10348,311.25,88.75,88.75,0.0,5,0.0490628870136953
10349,313.75,88.75,88.75,0.0,5,0.04881162555373106
10350,316.25,88.75,88.75,0.0,5,0.049059974364316895
10351,318.75,88.75,88.75,0.0,5,0.04969165084823764
10352,321.25,88.75,88.75,0.0,5,0.050086503867054856
10353,323.75,88.75,88.75,0.0,5,0.04993434231112405
10354,326.25,88.75,88.75,0.0,5,0.049938400135169446
10355,328.75,88.75,88.75,0.0,5,0.0502818701201487
10356,331.25,88.75,88.75,0.0,5,0.05024053505604566
10357,333.75,88.75,88.75,0.0,5,0.050215673230044014
10358,336.25,88.75,88.75,0.0,5,0.05043740538015429
10359,338.75,88.75,88.75,0.0,5,0.05049565800569691
10360,341.25,88.75,88.75,0.0,5,0.05048809038065834
10361,343.75,88.75,88.75,0.0,5,0.05046704364333959
10362,346.25,88.75,88.75,0.0,5,0.050406384864872186
10363,348.75,88.75,88.75,0.0,5,0.0504182023616872
10364,351.25,88.75,88.75,0.0,5,0.05063960640131574
10365,353.75,88.75,88.75,0.0,5,0.05153597873238144
10366,356.25,88.75,88.75,0.0,5,0.05242865885203817
10367,358.75,88.75,88.75,0.0,5,0.053066668625032634
