grid_cell_id,lon,lat,lat_abs,land_fraction,ocean_basin,pr_trend_forced
0,1.25,-88.75,88.75,1.0,0,0.002152773339133641
1,3.75,-88.75,88.75,1.0,0,0.0021851796117156445
2,6.25,-88.75,88.75,1.0,0,0.0023259049805372167
3,8.75,-88.75,88.75,1.0,0,0.0025754494139732746
4,11.25,-88.75,88.75,1.0,0,0.0027311315338297846
5,13.75,-88.75,88.75,1.0,0,0.0028126282268963474
6,16.25,-88.75,88.75,1.0,0,0.0030186260784616625
7,18.75,-88.75,88.75,1.0,0,0.003201927379370736
8,21.25,-88.75,88.75,1.0,0,0.003412892198185512
9,23.75,-88.75,88.75,1.0,0,0.0035570115767445797
10,26.25,-88.75,88.75,1.0,0,0.003846769707095985
11,28.75,-88.75,88.75,1.0,0,0.004132361035076967
12,31.25,-88.75,88.75,1.0,0,0.004221271179555978
13,33.75,-88.75,88.75,1.0,0,0.004405020157191698
14,36.25,-88.75,88.75,1.0,0,0.004705275611946001
15,38.75,-88.75,88.75,1.0,0,0.004902529238344224
16,41.25,-88.75,88.75,1.0,0,0.0050625483840824196
17,43.75,-88.75,88.75,1.0,0,0.0052952209037343545
18,46.25,-88.75,88.75,1.0,0,0.005581426615808613
19,48.75,-88.75,88.75,1.0,0,0.005734162252839662
20,51.25,-88.75,88.75,1.0,0,0.005791655303353878
21,53.75,-88.75,88.75,1.0,0,0.005950714875999133
22,56.25,-88.75,88.75,1.0,0,0.00592805604180145
23,58.75,-88.75,88.75,1.0,0,0.005922869286049808
24,61.25,-88.75,88.75,1.0,0,0.005964569000938474
25,63.75,-88.75,88.75,1.0,0,0.006007188114416639
26,66.25,-88.75,88.75,1.0,0,0.0060491498054387844
27,68.75,-88.75,88.75,1.0,0,0.006098665963300686
28,71.25,-88.75,88.75,1.0,0,0.006153826072788321
29,73.75,-88.75,88.75,1.0,0,0.006098932469221611
30,76.25,-88.75,88.75,1.0,0,0.0061068770038060945
31,78.75,-88.75,88.75,1.0,0,0.006116712293668149
32,81.25,-88.75,88.75,1.0,0,0.005975166829394463
33,83.75,-88.75,88.75,1.0,0,0.005930508774142605
34,86.25,-88.75,88.75,1.0,0,0.0058850326645666475
35,88.75,-88.75,88.75,1.0,0,0.005690055605982456
36,91.25,-88.75,88.75,1.0,0,0.005598437366597219
37,93.75,-88.75,88.75,1.0,0,0.005506221417171033
38,96.25,-88.75,88.75,1.0,0,0.005437627823488868
39,98.75,-88.75,88.75,1.0,0,0.005385178246372732
40,101.25,-88.75,88.75,1.0,0,0.005440652647003297
41,103.75,-88.75,88.75,1.0,0,0.005379857674124442
42,106.25,-88.75,88.75,1.0,0,0.005212985206587303
43,108.75,-88.75,88.75,1.0,0,0.005165983765458385
44,111.25,-88.75,88.75,1.0,0,0.005206069407721502
45,113.75,-88.75,88.75,1.0,0,0.005266371789844003
46,116.25,-88.75,88.75,1.0,0,0.0052139366425841245
47,118.75,-88.75,88.75,1.0,0,0.005280643482883715
48,121.25,-88.75,88.75,1.0,0,0.005285966656753974
49,123.75,-88.75,88.75,1.0,0,0.00526672948428386
50,126.25,-88.75,88.75,1.0,0,0.00527801697619989
51,128.75,-88.75,88.75,1.0,0,0.005315859340093462
52,131.25,-88.75,88.75,1.0,0,0.005396347922102075
53,133.75,-88.75,88.75,1.0,0,0.005314338458481682
54,136.25,-88.75,88.75,1.0,0,0.005139871041358793
55,138.75,-88.75,88.75,1.0,0,0.004997217339894033
56,141.25,-88.75,88.75,1.0,0,0.004891585279571028
57,143.75,-88.75,88.75,1.0,0,0.004698897140717966
58,146.25,-88.75,88.75,1.0,0,0.004408218131980381
59,148.75,-88.75,88.75,1.0,0,0.00408447327332699
60,151.25,-88.75,88.75,1.0,0,0.003993262561865476
61,153.75,-88.75,88.75,1.0,0,0.003874961888764535
62,156.25,-88.75,88.75,1.0,0,0.003761039814823478
63,158.75,-88.75,88.75,1.0,0,0.0033604137793125832
64,161.25,-88.75,88.75,1.0,0,0.003053024300273108
65,163.75,-88.75,88.75,1.0,0,0.0028255435780329243
66,166.25,-88.75,88.75,1.0,0,0.0026276519131262937
67,168.75,-88.75,88.75,1.0,0,0.0025375832309886418
68,171.25,-88.75,88.75,1.0,0,0.0023241310808820997
69,173.75,-88.75,88.75,1.0,0,0.002175662657093731
70,176.25,-88.75,88.75,1.0,0,0.0019064799731274328
71,178.75,-88.75,88.75,1.0,0,0.001917571764414677
72,181.25,-88.75,88.75,1.0,0,0.0018647125912588606
73,183.75,-88.75,88.75,1.0,0,0.0016401495970066345
74,186.25,-88.75,88.75,1.0,0,0.0014972626197433828
75,188.75,-88.75,88.75,1.0,0,0.0016271335402621727
76,191.25,-88.75,88.75,1.0,0,0.0016357614421983848
77,193.75,-88.75,88.75,1.0,0,0.0014830241469006606
78,196.25,-88.75,88.75,1.0,0,0.001686042296416961
79,198.75,-88.75,88.75,1.0,0,0.0015897014531642023
80,201.25,-88.75,88.75,1.0,0,0.0015253887541140584
81,203.75,-88.75,88.75,1.0,0,0.0016277605787048605
82,206.25,-88.75,88.75,1.0,0,0.0016547740404930598
83,208.75,-88.75,88.75,1.0,0,0.0017206462634388206
84,211.25,-88.75,88.75,1.0,0,0.0017980018274885133
85,213.75,-88.75,88.75,1.0,0,0.001760303144790159
86,216.25,-88.75,88.75,1.0,0,0.0019631861856463655
87,218.75,-88.75,88.75,1.0,0,0.002187027040177413
88,221.25,-88.75,88.75,1.0,0,0.0023048877295261954
89,223.75,-88.75,88.75,1.0,0,0.002372260987799831
90,226.25,-88.75,88.75,1.0,0,0.0023389298642618943
91,228.75,-88.75,88.75,1.0,0,0.002528183211347595
92,231.25,-88.75,88.75,1.0,0,0.0028317474119030454
93,233.75,-88.75,88.75,1.0,0,0.0028938536891884355
94,236.25,-88.75,88.75,1.0,0,0.003100773910520551
95,238.75,-88.75,88.75,1.0,0,0.003171072083819213
96,241.25,-88.75,88.75,1.0,0,0.0031149227533663238
97,243.75,-88.75,88.75,1.0,0,0.00307661104206914
98,246.25,-88.75,88.75,1.0,0,0.003039147588795974
99,248.75,-88.75,88.75,1.0,0,0.003092160612806424
100,251.25,-88.75,88.75,1.0,0,0.0030410984484784947
101,253.75,-88.75,88.75,1.0,0,0.003129685355612104
102,256.25,-88.75,88.75,1.0,0,0.003124170075290227
103,258.75,-88.75,88.75,1.0,0,0.0030565089739851554
104,261.25,-88.75,88.75,1.0,0,0.0030044231819977172
105,263.75,-88.75,88.75,1.0,0,0.0028534473815106875
106,266.25,-88.75,88.75,1.0,0,0.0028721038744496416
107,268.75,-88.75,88.75,1.0,0,0.0027505480854305197
108,271.25,-88.75,88.75,1.0,0,0.0026342771588222513
109,273.75,-88.75,88.75,1.0,0,0.0025185925455413704
110,276.25,-88.75,88.75,1.0,0,0.0024017735501379515
111,278.75,-88.75,88.75,1.0,0,0.0023254894807762157
112,281.25,-88.75,88.75,1.0,0,0.002155612464493174
113,283.75,-88.75,88.75,1.0,0,0.0019754022907357218
114,286.25,-88.75,88.75,1.0,0,0.0018733075116500566
115,288.75,-88.75,88.75,1.0,0,0.0019070670253728936
116,291.25,-88.75,88.75,1.0,0,0.001723129802256722
117,293.75,-88.75,88.75,1.0,0,0.0016252466433021079
118,296.25,-88.75,88.75,1.0,0,0.0016134327700104804
119,298.75,-88.75,88.75,1.0,0,0.001575683823850162
120,301.25,-88.75,88.75,1.0,0,0.0016117844866411178
121,303.75,-88.75,88.75,1.0,0,0.001458766627110675
122,306.25,-88.75,88.75,1.0,0,0.0013548394650524291
123,308.75,-88.75,88.75,1.0,0,0.0013343418068280347
124,311.25,-88.75,88.75,1.0,0,0.0013102547755275392
125,313.75,-88.75,88.75,1.0,0,0.0013369020005878705
126,316.25,-88.75,88.75,1.0,0,0.0013511694983324026
127,318.75,-88.75,88.75,1.0,0,0.0012981677433203716
128,321.25,-88.75,88.75,1.0,0,0.0012383859329140178
129,323.75,-88.75,88.75,1.0,0,0.0013167124427909897
130,326.25,-88.75,88.75,1.0,0,0.0013655148229181975
131,328.75,-88.75,88.75,1.0,0,0.0013177544043601844
132,331.25,-88.75,88.75,1.0,0,0.001272379121474476
133,333.75,-88.75,88.75,1.0,0,0.0012765804652802388
134,336.25,-88.75,88.75,1.0,0,0.0014167172212955687
135,338.75,-88.75,88.75,1.0,0,0.0014907193825725142
136,341.25,-88.75,88.75,1.0,0,0.0015693057915154584
137,343.75,-88.75,88.75,1.0,0,0.0014810418332936652
138,346.25,-88.75,88.75,1.0,0,0.0014747064765958844
139,348.75,-88.75,88.75,1.0,0,0.0015951952208471656
140,351.25,-88.75,88.75,1.0,0,0.001731411339391306
141,353.75,-88.75,88.75,1.0,0,0.0017960117218259405
142,356.25,-88.75,88.75,1.0,0,0.001961599734217929
143,358.75,-88.75,88.75,1.0,0,0.002139034672108547
144,1.25,-86.25,86.25,1.0,0,0.001013810196127658
145,3.75,-86.25,86.25,1.0,0,0.0007699231955036475
146,6.25,-86.25,86.25,1.0,0,0.0011526268369876215
147,8.75,-86.25,86.25,1.0,0,0.0024450045091681453
148,11.25,-86.25,86.25,1.0,0,0.0026253734385207382
149,13.75,-86.25,86.25,1.0,0,0.002613161282003335
150,16.25,-86.25,86.25,1.0,0,0.0030976136888133557
151,18.75,-86.25,86.25,1.0,0,0.0034140185310174266
152,21.25,-86.25,86.25,1.0,0,0.0032469785229760307
153,23.75,-86.25,86.25,1.0,0,0.0035794624065432984
154,26.25,-86.25,86.25,1.0,0,0.0043234144177103145
155,28.75,-86.25,86.25,1.0,0,0.005086917388765461
156,31.25,-86.25,86.25,1.0,0,0.004951712000207954
157,33.75,-86.25,86.25,1.0,0,0.0054619902850943525
158,36.25,-86.25,86.25,1.0,0,0.006072010284386184
159,38.75,-86.25,86.25,1.0,0,0.006139381652978144
160,41.25,-86.25,86.25,1.0,0,0.0056711117049374985
161,43.75,-86.25,86.25,1.0,0,0.005717772601726058
162,46.25,-86.25,86.25,1.0,0,0.006195581681633486
163,48.75,-86.25,86.25,1.0,0,0.005958456913200289
164,51.25,-86.25,86.25,1.0,0,0.005761488707895163
165,53.75,-86.25,86.25,1.0,0,0.006207725143026942
166,56.25,-86.25,86.25,1.0,0,0.005330489189695548
167,58.75,-86.25,86.25,1.0,0,0.00468947575415818
168,61.25,-86.25,86.25,1.0,0,0.004608553331146174
169,63.75,-86.25,86.25,1.0,0,0.0044178049193944
170,66.25,-86.25,86.25,1.0,0,0.004254294883348023
171,68.75,-86.25,86.25,1.0,0,0.004434416518247512
172,71.25,-86.25,86.25,1.0,0,0.004252187220333398
173,73.75,-86.25,86.25,1.0,0,0.0038778171281342684
174,76.25,-86.25,86.25,1.0,0,0.003837705638539773
175,78.75,-86.25,86.25,1.0,0,0.004011281855655768
176,81.25,-86.25,86.25,1.0,0,0.0039093438933718305
177,83.75,-86.25,86.25,1.0,0,0.003958498191273561
178,86.25,-86.25,86.25,1.0,0,0.003974058525495905
179,88.75,-86.25,86.25,1.0,0,0.0037612962415928446
180,91.25,-86.25,86.25,1.0,0,0.0038209180384876857
181,93.75,-86.25,86.25,1.0,0,0.003816121209158194
182,96.25,-86.25,86.25,1.0,0,0.0035370004987466926
183,98.75,-86.25,86.25,1.0,0,0.0035589552399473944
184,101.25,-86.25,86.25,1.0,0,0.003513145024895621
185,103.75,-86.25,86.25,1.0,0,0.003069806167893822
186,106.25,-86.25,86.25,1.0,0,0.002807134449558763
187,108.75,-86.25,86.25,1.0,0,0.0025524467864660705
188,111.25,-86.25,86.25,1.0,0,0.0026180040446584086
189,113.75,-86.25,86.25,1.0,0,0.002296318297324802
190,116.25,-86.25,86.25,1.0,0,0.001991940556210801
191,118.75,-86.25,86.25,1.0,0,0.0018932717644856848
192,121.25,-86.25,86.25,1.0,0,0.0016045600620549429
193,123.75,-86.25,86.25,1.0,0,0.0014083991409805786
194,126.25,-86.25,86.25,1.0,0,0.0013843244059158688
195,128.75,-86.25,86.25,1.0,0,0.0012466463480248675
196,131.25,-86.25,86.25,1.0,0,0.0012739938431184576
197,133.75,-86.25,86.25,1.0,0,0.0014182774751963843
198,136.25,-86.25,86.25,1.0,0,0.0010374968622047212
199,138.75,-86.25,86.25,1.0,0,0.0009039819417660823
200,141.25,-86.25,86.25,1.0,0,0.0002920515651845728
201,143.75,-86.25,86.25,1.0,0,8.013886250396804e-05
202,146.25,-86.25,86.25,1.0,0,-7.914195822274146e-05
203,148.75,-86.25,86.25,1.0,0,-0.0002493703501342214
204,151.25,-86.25,86.25,1.0,0,-0.0006211667878001958
205,153.75,-86.25,86.25,1.0,0,-0.00020859289306935828
206,156.25,-86.25,86.25,1.0,0,0.0004567402919974015
207,158.75,-86.25,86.25,1.0,0,-9.232961994805923e-05
208,161.25,-86.25,86.25,1.0,0,-0.0002985769782086051
209,163.75,-86.25,86.25,1.0,0,-0.0009685773551132378
210,166.25,-86.25,86.25,1.0,0,-0.0007636300876478556
211,168.75,-86.25,86.25,1.0,0,-0.0008908271843440129
212,171.25,-86.25,86.25,1.0,0,-0.0023247845925317237
213,173.75,-86.25,86.25,1.0,0,-0.0033248806120220386
214,176.25,-86.25,86.25,1.0,0,-0.004856204176746277
215,178.75,-86.25,86.25,1.0,0,-0.005633430260397191
216,181.25,-86.25,86.25,1.0,0,-0.0058996369839596115
217,183.75,-86.25,86.25,1.0,0,-0.008028960163974929
218,186.25,-86.25,86.25,1.0,0,-0.008906287714881616
219,188.75,-86.25,86.25,1.0,0,-0.008516591383024241
220,191.25,-86.25,86.25,1.0,0,-0.008589724573193363
221,193.75,-86.25,86.25,1.0,0,-0.009075132397939637
222,196.25,-86.25,86.25,1.0,0,-0.008498313125482297
223,198.75,-86.25,86.25,1.0,0,-0.00907762399047517
224,201.25,-86.25,86.25,1.0,0,-0.00889095107886649
225,203.75,-86.25,86.25,1.0,0,-0.008011966653699902
226,206.25,-86.25,86.25,1.0,0,-0.008262855602036108
227,208.75,-86.25,86.25,1.0,0,-0.007825588931234027
228,211.25,-86.25,86.25,1.0,0,-0.007484929883311142
229,213.75,-86.25,86.25,1.0,0,-0.007674144066996481
230,216.25,-86.25,86.25,1.0,0,-0.0066528856745669916
231,218.75,-86.25,86.25,1.0,0,-0.004922720689414359
232,221.25,-86.25,86.25,1.0,0,-0.0035556423343073326
233,223.75,-86.25,86.25,1.0,0,-0.002869713481479746
234,226.25,-86.25,86.25,1.0,0,-0.002843723021881682
235,228.75,-86.25,86.25,1.0,0,-0.0015829519507946322
236,231.25,-86.25,86.25,1.0,0,0.00046777486478918634
237,233.75,-86.25,86.25,1.0,0,0.0016503046695618782
238,236.25,-86.25,86.25,1.0,0,0.0035269548397627564
239,238.75,-86.25,86.25,1.0,0,0.0047260254225365205
240,241.25,-86.25,86.25,1.0,0,0.005117763458917085
241,243.75,-86.25,86.25,1.0,0,0.00547414138657203
242,246.25,-86.25,86.25,1.0,0,0.006233011877605835
243,248.75,-86.25,86.25,1.0,0,0.006929573669379378
244,251.25,-86.25,86.25,1.0,0,0.007132660457217493
245,253.75,-86.25,86.25,1.0,0,0.007891940044888442
246,256.25,-86.25,86.25,1.0,0,0.008499863558340422
247,258.75,-86.25,86.25,1.0,0,0.007892520899391894
248,261.25,-86.25,86.25,1.0,0,0.007861963500658174
249,263.75,-86.25,86.25,1.0,0,0.0071520060909848245
250,266.25,-86.25,86.25,1.0,0,0.008043385798694274
251,268.75,-86.25,86.25,1.0,0,0.007511658972361011
252,271.25,-86.25,86.25,1.0,0,0.006973609154613106
253,273.75,-86.25,86.25,1.0,0,0.006516329366702952
254,276.25,-86.25,86.25,1.0,0,0.005819342263915225
255,278.75,-86.25,86.25,1.0,0,0.004710046603911905
256,281.25,-86.25,86.25,1.0,0,0.0031649109035933464
257,283.75,-86.25,86.25,1.0,0,0.002259407737766382
258,286.25,-86.25,86.25,1.0,0,0.001328966266209621
259,288.75,-86.25,86.25,1.0,0,0.001742542692479332
260,291.25,-86.25,86.25,1.0,0,0.0008687697356556879
261,293.75,-86.25,86.25,1.0,0,0.0006513142255877529
262,296.25,-86.25,86.25,1.0,0,0.00045858040843279273
263,298.75,-86.25,86.25,1.0,0,0.00034601133793322856
264,301.25,-86.25,86.25,1.0,0,0.0005302318807871954
265,303.75,-86.25,86.25,1.0,0,-0.00045035173977850526
266,306.25,-86.25,86.25,1.0,0,-0.0009848802818310225
267,308.75,-86.25,86.25,1.0,0,-0.0008821024771966491
268,311.25,-86.25,86.25,1.0,0,-0.0015630381043143704
269,313.75,-86.25,86.25,1.0,0,-0.001529128762965379
270,316.25,-86.25,86.25,1.0,0,-0.001572500427606965
271,318.75,-86.25,86.25,1.0,0,-0.0022327510215547994
272,321.25,-86.25,86.25,1.0,0,-0.002726672980127497
273,323.75,-86.25,86.25,1.0,0,-0.002288688376630701
274,326.25,-86.25,86.25,1.0,0,-0.0020895727303193324
275,328.75,-86.25,86.25,1.0,0,-0.0022389117078402206
276,331.25,-86.25,86.25,1.0,0,-0.0023877448497725967
277,333.75,-86.25,86.25,1.0,0,-0.0026270176910984763
278,336.25,-86.25,86.25,1.0,0,-0.0020914619989193506
279,338.75,-86.25,86.25,1.0,0,-0.001551379999034503
280,341.25,-86.25,86.25,1.0,0,-0.0009183994801901783
281,343.75,-86.25,86.25,1.0,0,-0.0014171969450233139
282,346.25,-86.25,86.25,1.0,0,-0.0015830403847406048
283,348.75,-86.25,86.25,1.0,0,-0.0009786738667917803
284,351.25,-86.25,86.25,1.0,0,0.00011090782196251032
285,353.75,-86.25,86.25,1.0,0,-0.00019132926139629576
286,356.25,-86.25,86.25,1.0,0,0.0005602905142866889
287,358.75,-86.25,86.25,1.0,0,0.0012847670111317629
288,1.25,-83.75,83.75,1.0,0,0.0023975434538136575
289,3.75,-83.75,83.75,1.0,0,0.0024879449343329705
290,6.25,-83.75,83.75,1.0,0,0.0024362455754728934
291,8.75,-83.75,83.75,1.0,0,0.0020751400754189754
292,11.25,-83.75,83.75,1.0,0,0.001995720613729928
293,13.75,-83.75,83.75,1.0,0,0.0022443272178975736
294,16.25,-83.75,83.75,1.0,0,0.0022762595960528365
295,18.75,-83.75,83.75,1.0,0,0.0026919638012360037
296,21.25,-83.75,83.75,1.0,0,0.0028610936162905046
297,23.75,-83.75,83.75,1.0,0,0.0036198055348519325
298,26.25,-83.75,83.75,1.0,0,0.004442774000635239
299,28.75,-83.75,83.75,1.0,0,0.00524950598508278
300,31.25,-83.75,83.75,1.0,0,0.005505011709670389
301,33.75,-83.75,83.75,1.0,0,0.006258326530437893
302,36.25,-83.75,83.75,1.0,0,0.007365687845415693
303,38.75,-83.75,83.75,1.0,0,0.007786569357836207
304,41.25,-83.75,83.75,1.0,0,0.007811485464915632
305,43.75,-83.75,83.75,1.0,0,0.008019111883275703
306,46.25,-83.75,83.75,1.0,0,0.00835906019162494
307,48.75,-83.75,83.75,1.0,0,0.008144617010375376
308,51.25,-83.75,83.75,1.0,0,0.008087436030054638
309,53.75,-83.75,83.75,1.0,0,0.008303603893852632
310,56.25,-83.75,83.75,1.0,0,0.007707369863201039
311,58.75,-83.75,83.75,1.0,0,0.006527718273286604
312,61.25,-83.75,83.75,1.0,0,0.006299407215856114
313,63.75,-83.75,83.75,1.0,0,0.005633503995355577
314,66.25,-83.75,83.75,1.0,0,0.00512686692316374
315,68.75,-83.75,83.75,1.0,0,0.004867799433223633
316,71.25,-83.75,83.75,1.0,0,0.004078269546962737
317,73.75,-83.75,83.75,1.0,0,0.0038699068632000967
318,76.25,-83.75,83.75,1.0,0,0.003843071169025677
319,78.75,-83.75,83.75,1.0,0,0.0038598472163101833
320,81.25,-83.75,83.75,1.0,0,0.004047232448083113
321,83.75,-83.75,83.75,1.0,0,0.004262259351640311
322,86.25,-83.75,83.75,1.0,0,0.004500543377606053
323,88.75,-83.75,83.75,1.0,0,0.004666629751454956
324,91.25,-83.75,83.75,1.0,0,0.0051236900883617365
325,93.75,-83.75,83.75,1.0,0,0.005296887176288911
326,96.25,-83.75,83.75,1.0,0,0.005578316049796837
327,98.75,-83.75,83.75,1.0,0,0.005663147733906263
328,101.25,-83.75,83.75,1.0,0,0.005327690099691177
329,103.75,-83.75,83.75,1.0,0,0.004964922934427417
330,106.25,-83.75,83.75,1.0,0,0.004729586791310821
331,108.75,-83.75,83.75,1.0,0,0.004376263623539011
332,111.25,-83.75,83.75,1.0,0,0.003940847802667424
333,113.75,-83.75,83.75,1.0,0,0.003286533910775104
334,116.25,-83.75,83.75,1.0,0,0.002404434031293754
335,118.75,-83.75,83.75,1.0,0,0.001964838907091713
336,121.25,-83.75,83.75,1.0,0,0.0018546427271417187
337,123.75,-83.75,83.75,1.0,0,0.001225958966931662
338,126.25,-83.75,83.75,1.0,0,0.0006803455636735433
339,128.75,-83.75,83.75,1.0,0,0.0004206870837421077
340,131.25,-83.75,83.75,1.0,0,0.00011926011347964691
341,133.75,-83.75,83.75,1.0,0,0.000202393690959056
342,136.25,-83.75,83.75,1.0,0,0.0001801712433146662
343,138.75,-83.75,83.75,1.0,0,0.00017339157029877523
344,141.25,-83.75,83.75,1.0,0,-0.0008218899181436564
345,143.75,-83.75,83.75,1.0,0,-0.0007740482111720623
346,146.25,-83.75,83.75,1.0,0,-0.0021069764202612507
347,148.75,-83.75,83.75,1.0,0,-0.0021413821258682406
348,151.25,-83.75,83.75,1.0,0,-0.0027421080345880564
349,153.75,-83.75,83.75,1.0,0,-0.004111902546496296
350,156.25,-83.75,83.75,1.0,0,-0.005200285573762108
351,158.75,-83.75,83.75,1.0,0,-0.006614254095990379
352,161.25,-83.75,83.75,1.0,0,-0.007634654411686703
353,163.75,-83.75,83.75,1.0,0,-0.008920742754305981
354,166.25,-83.75,83.75,1.0,0,-0.010496070138094801
355,168.75,-83.75,83.75,1.0,0,-0.012432035874800155
356,171.25,-83.75,83.75,1.0,0,-0.015669583982088734
357,173.75,-83.75,83.75,1.0,0,-0.0180542013137433
358,176.25,-83.75,83.75,1.0,0,-0.020314367494227305
359,178.75,-83.75,83.75,1.0,0,-0.022718977309616483
360,181.25,-83.75,83.75,1.0,0,-0.022794899452976372
361,183.75,-83.75,83.75,1.0,0,-0.023487550058042754
362,186.25,-83.75,83.75,1.0,0,-0.02502791427658981
363,188.75,-83.75,83.75,1.0,0,-0.025288625041749415
364,191.25,-83.75,83.75,1.0,0,-0.024628825220462707
365,193.75,-83.75,83.75,1.0,0,-0.023469588879568976
366,196.25,-83.75,83.75,1.0,0,-0.022730093431695353
367,198.75,-83.75,83.75,1.0,0,-0.02187860004194186
368,201.25,-83.75,83.75,1.0,0,-0.020403523934167025
369,203.75,-83.75,83.75,1.0,0,-0.019273132325679204
370,206.25,-83.75,83.75,1.0,0,-0.018459147289287752
371,208.75,-83.75,83.75,1.0,0,-0.018067345279276663
372,211.25,-83.75,83.75,1.0,0,-0.01721286366576221
373,213.75,-83.75,83.75,1.0,0,-0.016606665594239647
374,216.25,-83.75,83.75,1.0,0,-0.015498488771163579
375,218.75,-83.75,83.75,1.0,0,-0.014216282557050309
376,221.25,-83.75,83.75,1.0,0,-0.013946295046946281
377,223.75,-83.75,83.75,1.0,0,-0.014120528838534806
378,226.25,-83.75,83.75,1.0,0,-0.015023862561974407
379,228.75,-83.75,83.75,1.0,0,-0.015783409034955127
380,231.25,-83.75,83.75,1.0,0,-0.016036519667614248
381,233.75,-83.75,83.75,1.0,0,-0.01645656112140237
382,236.25,-83.75,83.75,1.0,0,-0.016405309892756757
383,238.75,-83.75,83.75,1.0,0,-0.015820787454781285
384,241.25,-83.75,83.75,1.0,0,-0.015870527286454585
385,243.75,-83.75,83.75,1.0,0,-0.014833500614871351
386,246.25,-83.75,83.75,1.0,0,-0.011757930685143683
387,248.75,-83.75,83.75,1.0,0,-0.008892356511251894
388,251.25,-83.75,83.75,1.0,0,-0.00661105056620123
389,253.75,-83.75,83.75,1.0,0,-0.0035754296423262167
390,256.25,-83.75,83.75,1.0,0,-0.002505042221675066
391,258.75,-83.75,83.75,1.0,0,-0.0014595139619493344
392,261.25,-83.75,83.75,1.0,0,0.0003852897297570047
393,263.75,-83.75,83.75,1.0,0,0.0018498333952182153
394,266.25,-83.75,83.75,1.0,0,0.004455824347706072
395,268.75,-83.75,83.75,1.0,0,0.005735933937584722
396,271.25,-83.75,83.75,1.0,0,0.006878266796098562
397,273.75,-83.75,83.75,1.0,0,0.007988386879834561
398,276.25,-83.75,83.75,1.0,0,0.008668769864977303
399,278.75,-83.75,83.75,1.0,0,0.0075858845118001355
400,281.25,-83.75,83.75,1.0,0,0.006055597640311845
401,283.75,-83.75,83.75,1.0,0,0.004115941642139457
402,286.25,-83.75,83.75,1.0,0,0.0027408468208061825
403,288.75,-83.75,83.75,1.0,0,0.0029988479763001312
404,291.25,-83.75,83.75,1.0,0,0.0022496271146615066
405,293.75,-83.75,83.75,1.0,0,0.0026310157853553662
406,296.25,-83.75,83.75,1.0,0,0.0027960745697081057
407,298.75,-83.75,83.75,1.0,0,0.0025765392874684237
408,301.25,-83.75,83.75,1.0,0,0.0016619195705874278
409,303.75,-83.75,83.75,1.0,0,0.001010739864811333
410,306.25,-83.75,83.75,1.0,0,0.0006006728011252992
411,308.75,-83.75,83.75,1.0,0,0.00013622593217219706
412,311.25,-83.75,83.75,1.0,0,-0.0003443670710147648
413,313.75,-83.75,83.75,1.0,0,-0.0012656889917492561
414,316.25,-83.75,83.75,1.0,0,-0.002163377756656099
415,318.75,-83.75,83.75,1.0,0,-0.0032237528259811557
416,321.25,-83.75,83.75,1.0,0,-0.004787407037406958
417,323.75,-83.75,83.75,1.0,0,-0.005456682455627569
418,326.25,-83.75,83.75,1.0,0,-0.006051958653576179
419,328.75,-83.75,83.75,1.0,0,-0.006113452618928122
420,331.25,-83.75,83.75,1.0,0,-0.005654361215770531
421,333.75,-83.75,83.75,1.0,0,-0.00587932562507573
422,336.25,-83.75,83.75,1.0,0,-0.005617947969045431
423,338.75,-83.75,83.75,1.0,0,-0.004920211165272811
424,341.25,-83.75,83.75,1.0,0,-0.0036117526880585222
425,343.75,-83.75,83.75,1.0,0,-0.0028257389487015136
426,346.25,-83.75,83.75,1.0,0,-0.0023933453813862796
427,348.75,-83.75,83.75,1.0,0,-0.0008730469836916097
428,351.25,-83.75,83.75,1.0,0,0.00030046073404099894
429,353.75,-83.75,83.75,1.0,0,0.0008243061653937571
430,356.25,-83.75,83.75,1.0,0,0.001739746660236291
431,358.75,-83.75,83.75,1.0,0,0.0021180398183201095
432,1.25,-81.25,81.25,1.0,0,0.002854150334606531
433,3.75,-81.25,81.25,1.0,0,0.002775044613293552
434,6.25,-81.25,81.25,1.0,0,0.002950841276656225
435,8.75,-81.25,81.25,1.0,0,0.003430747436106561
436,11.25,-81.25,81.25,1.0,0,0.0027150965388407773
437,13.75,-81.25,81.25,1.0,0,0.003196277064452269
438,16.25,-81.25,81.25,1.0,0,0.003904604399754418
439,18.75,-81.25,81.25,1.0,0,0.0036211796180400948
440,21.25,-81.25,81.25,1.0,0,0.003925783209438083
441,23.75,-81.25,81.25,1.0,0,0.0043022531111739535
442,26.25,-81.25,81.25,1.0,0,0.00458305142269682
443,28.75,-81.25,81.25,1.0,0,0.004636568023543932
444,31.25,-81.25,81.25,1.0,0,0.004758788832789578
445,33.75,-81.25,81.25,1.0,0,0.004738033250024764
446,36.25,-81.25,81.25,1.0,0,0.005591377890363547
447,38.75,-81.25,81.25,1.0,0,0.005805234161552742
448,41.25,-81.25,81.25,1.0,0,0.006196911959272421
449,43.75,-81.25,81.25,1.0,0,0.0066158260098409475
450,46.25,-81.25,81.25,1.0,0,0.006508179822791502
451,48.75,-81.25,81.25,1.0,0,0.007004235106939227
452,51.25,-81.25,81.25,1.0,0,0.0067655899897468815
453,53.75,-81.25,81.25,1.0,0,0.006607023806369529
454,56.25,-81.25,81.25,1.0,0,0.006418643381950366
455,58.75,-81.25,81.25,1.0,0,0.005623817220997181
456,61.25,-81.25,81.25,1.0,0,0.005268131744869883
457,63.75,-81.25,81.25,1.0,0,0.004975303409400838
458,66.25,-81.25,81.25,1.0,0,0.004593445379073303
459,68.75,-81.25,81.25,1.0,0,0.00429864277869262
460,71.25,-81.25,81.25,1.0,0,0.0038640461437820578
461,73.75,-81.25,81.25,1.0,0,0.0036981856098474036
462,76.25,-81.25,81.25,1.0,0,0.003533650290035616
463,78.75,-81.25,81.25,1.0,0,0.0033424117599935646
464,81.25,-81.25,81.25,1.0,0,0.0035173717962833978
465,83.75,-81.25,81.25,1.0,0,0.0035827138284579146
466,86.25,-81.25,81.25,1.0,0,0.0038287437806378325
467,88.75,-81.25,81.25,1.0,0,0.004056755289992881
468,91.25,-81.25,81.25,1.0,0,0.004196045700775407
469,93.75,-81.25,81.25,1.0,0,0.004307232134007997
470,96.25,-81.25,81.25,1.0,0,0.00444250032832237
471,98.75,-81.25,81.25,1.0,0,0.004447185138221604
472,101.25,-81.25,81.25,1.0,0,0.004444436324998826
473,103.75,-81.25,81.25,1.0,0,0.00438344740832331
474,106.25,-81.25,81.25,1.0,0,0.004315049372458513
475,108.75,-81.25,81.25,1.0,0,0.004137519909012939
476,111.25,-81.25,81.25,1.0,0,0.003973918325746326
477,113.75,-81.25,81.25,1.0,0,0.003582623550144657
478,116.25,-81.25,81.25,1.0,0,0.0030701496614249165
479,118.75,-81.25,81.25,1.0,0,0.002389869844498581
480,121.25,-81.25,81.25,1.0,0,0.0019655817574440156
481,123.75,-81.25,81.25,1.0,0,0.0017714890884645781
482,126.25,-81.25,81.25,1.0,0,0.0009084565203152754
483,128.75,-81.25,81.25,1.0,0,0.0006095311349607549
484,131.25,-81.25,81.25,1.0,0,0.0008779645092531211
485,133.75,-81.25,81.25,1.0,0,0.0007953277142371718
486,136.25,-81.25,81.25,1.0,0,0.0005785848222130889
487,138.75,-81.25,81.25,1.0,0,0.0008611425685700819
488,141.25,-81.25,81.25,1.0,0,4.532994709598709e-05
489,143.75,-81.25,81.25,1.0,0,-0.00023466670202010415
490,146.25,-81.25,81.25,1.0,0,-0.000934083608154694
491,148.75,-81.25,81.25,1.0,0,-0.0017272273729602417
492,151.25,-81.25,81.25,1.0,0,-0.0032944566139074083
493,153.75,-81.25,81.25,1.0,0,-0.005781064833354177
494,156.25,-81.25,81.25,1.0,0,-0.008495292833307196
495,158.75,-81.25,81.25,1.0,0,-0.011388527597908637
496,161.25,-81.25,81.25,1.0,0,-0.015284148737093608
497,163.75,-81.25,81.25,1.0,0,-0.01910858132369014
498,166.25,-81.25,81.25,1.0,0,-0.022082063629460857
499,168.75,-81.25,81.25,1.0,0,-0.022964567124850593
500,171.25,-81.25,81.25,1.0,0,-0.021932019482288137
501,173.75,-81.25,81.25,1.0,0,-0.020184868074021103
502,176.25,-81.25,81.25,1.0,0,-0.015624816841594039
503,178.75,-81.25,81.25,1.0,0,-0.014354698599777102
504,181.25,-81.25,81.25,1.0,0,-0.01261547203608076
505,183.75,-81.25,81.25,1.0,0,-0.01213654085986176
506,186.25,-81.25,81.25,1.0,0,-0.01219008312571051
507,188.75,-81.25,81.25,1.0,0,-0.012818982853116877
508,191.25,-81.25,81.25,1.0,0,-0.012900746286531746
509,193.75,-81.25,81.25,1.0,0,-0.013807644550924956
510,196.25,-81.25,81.25,1.0,0,-0.01481084693218937
511,198.75,-81.25,81.25,1.0,0,-0.015740267061490797
512,201.25,-81.25,81.25,1.0,0,-0.01764956586447489
513,203.75,-81.25,81.25,1.0,0,-0.018861382831408688
514,206.25,-81.25,81.25,1.0,0,-0.019542067467375947
515,208.75,-81.25,81.25,1.0,0,-0.019150133845656687
516,211.25,-81.25,81.25,1.0,0,-0.017509978635472892
517,213.75,-81.25,81.25,1.0,0,-0.01686921318963663
518,216.25,-81.25,81.25,1.0,0,-0.014821099990777731
519,218.75,-81.25,81.25,1.0,0,-0.012866355078499347
520,221.25,-81.25,81.25,1.0,0,-0.011057957069040638
521,223.75,-81.25,81.25,1.0,0,-0.00968314058324645
522,226.25,-81.25,81.25,1.0,0,-0.009683749232846654
523,228.75,-81.25,81.25,1.0,0,-0.010345450083357823
524,231.25,-81.25,81.25,1.0,0,-0.010975948353192145
525,233.75,-81.25,81.25,1.0,0,-0.012451787608230638
526,236.25,-81.25,81.25,1.0,0,-0.014839438471361934
527,238.75,-81.25,81.25,1.0,0,-0.015825223100836207
528,241.25,-81.25,81.25,1.0,0,-0.01585203292736252
529,243.75,-81.25,81.25,1.0,0,-0.014610008577915145
530,246.25,-81.25,81.25,1.0,0,-0.01242648390035073
531,248.75,-81.25,81.25,1.0,0,-0.010082284680538237
532,251.25,-81.25,81.25,1.0,0,-0.0066109881550138845
533,253.75,-81.25,81.25,1.0,0,-0.003911133809831488
534,256.25,-81.25,81.25,1.0,0,-0.0025376892135954465
535,258.75,-81.25,81.25,1.0,0,-0.0003035638869678267
536,261.25,-81.25,81.25,1.0,0,0.00278065755101766
537,263.75,-81.25,81.25,1.0,0,0.004347862280374098
538,266.25,-81.25,81.25,1.0,0,0.008225066437238254
539,268.75,-81.25,81.25,1.0,0,0.011826935082969744
540,271.25,-81.25,81.25,1.0,0,0.01407312358194069
541,273.75,-81.25,81.25,1.0,0,0.016354968307697438
542,276.25,-81.25,81.25,1.0,0,0.017119270919146914
543,278.75,-81.25,81.25,1.0,0,0.01704810049343038
544,281.25,-81.25,81.25,1.0,0,0.016480582776232364
545,283.75,-81.25,81.25,1.0,0,0.015374646586508266
546,286.25,-81.25,81.25,1.0,0,0.014515050867865337
547,288.75,-81.25,81.25,1.0,0,0.012942119508691742
548,291.25,-81.25,81.25,1.0,0,0.010521473034318333
549,293.75,-81.25,81.25,1.0,0,0.007919400272833568
550,296.25,-81.25,81.25,1.0,0,0.005168428027253525
551,298.75,-81.25,81.25,1.0,0,0.003596685317311606
552,301.25,-81.25,81.25,1.0,0,0.003688390378967859
553,303.75,-81.25,81.25,1.0,0,0.003962307075689133
554,306.25,-81.25,81.25,1.0,0,0.004544162453390065
555,308.75,-81.25,81.25,1.0,0,0.004646277886476197
556,311.25,-81.25,81.25,1.0,0,0.0039629279815055155
557,313.75,-81.25,81.25,1.0,0,0.0014295370817371381
558,316.25,-81.25,81.25,1.0,0,-0.0008599429908490085
559,318.75,-81.25,81.25,1.0,0,-0.0031897505419837577
560,321.25,-81.25,81.25,1.0,0,-0.006081311105322154
561,323.75,-81.25,81.25,1.0,0,-0.007421188701013003
562,326.25,-81.25,81.25,1.0,0,-0.008269792481745298
563,328.75,-81.25,81.25,1.0,0,-0.007371677809809202
564,331.25,-81.25,81.25,1.0,0,-0.006338451353294193
565,333.75,-81.25,81.25,1.0,0,-0.005156482454853711
566,336.25,-81.25,81.25,1.0,0,-0.003996012316838759
567,338.75,-81.25,81.25,1.0,0,-0.003281098753347676
568,341.25,-81.25,81.25,1.0,0,-0.0026113818195967206
569,343.75,-81.25,81.25,1.0,0,-0.0014874700973531137
570,346.25,-81.25,81.25,1.0,0,-0.0012035936743192352
571,348.75,-81.25,81.25,1.0,0,0.0001742888996192577
572,351.25,-81.25,81.25,1.0,0,0.0012981578013014686
573,353.75,-81.25,81.25,1.0,0,0.001581266613558819
574,356.25,-81.25,81.25,1.0,0,0.0028922279721529894
575,358.75,-81.25,81.25,1.0,0,0.0027676787359702916
576,1.25,-78.75,78.75,1.0,0,0.0033757633452800905
577,3.75,-78.75,78.75,1.0,0,0.003701970716903235
578,6.25,-78.75,78.75,1.0,0,0.004321628642521143
579,8.75,-78.75,78.75,1.0,0,0.005382073588876206
580,11.25,-78.75,78.75,1.0,0,0.004870708305683735
581,13.75,-78.75,78.75,1.0,0,0.005432572655094429
582,16.25,-78.75,78.75,1.0,0,0.005816161533901305
583,18.75,-78.75,78.75,1.0,0,0.005868098299492253
584,21.25,-78.75,78.75,1.0,0,0.006255158455128051
585,23.75,-78.75,78.75,1.0,0,0.006544394967706523
586,26.25,-78.75,78.75,1.0,0,0.006940337275220703
587,28.75,-78.75,78.75,1.0,0,0.006356624418375081
588,31.25,-78.75,78.75,1.0,0,0.005845199164388013
589,33.75,-78.75,78.75,1.0,0,0.006066616662753898
590,36.25,-78.75,78.75,1.0,0,0.005470997806736799
591,38.75,-78.75,78.75,1.0,0,0.005586293871005635
592,41.25,-78.75,78.75,1.0,0,0.005995822627809625
593,43.75,-78.75,78.75,1.0,0,0.006195588270665753
594,46.25,-78.75,78.75,1.0,0,0.006243971526749304
595,48.75,-78.75,78.75,1.0,0,0.00622523866938844
596,51.25,-78.75,78.75,1.0,0,0.0062577439779018555
597,53.75,-78.75,78.75,1.0,0,0.006036840857840425
598,56.25,-78.75,78.75,1.0,0,0.005620430484640398
599,58.75,-78.75,78.75,1.0,0,0.005290912151970077
600,61.25,-78.75,78.75,1.0,0,0.005011053538800182
601,63.75,-78.75,78.75,1.0,0,0.00491816560921934
602,66.25,-78.75,78.75,1.0,0,0.0048910147336085315
603,68.75,-78.75,78.75,1.0,0,0.004844890834638733
604,71.25,-78.75,78.75,1.0,0,0.004561884148993851
605,73.75,-78.75,78.75,1.0,0,0.004012836853534307
606,76.25,-78.75,78.75,1.0,0,0.0034424687093382133
607,78.75,-78.75,78.75,1.0,0,0.0029027021839865483
608,81.25,-78.75,78.75,1.0,0,0.0026716547349278116
609,83.75,-78.75,78.75,1.0,0,0.002474366386293915
610,86.25,-78.75,78.75,1.0,0,0.002440284824538315
611,88.75,-78.75,78.75,1.0,0,0.0026326319937267435
612,91.25,-78.75,78.75,1.0,0,0.0028675893296497366
613,93.75,-78.75,78.75,1.0,0,0.0029716491667854494
614,96.25,-78.75,78.75,1.0,0,0.0031184718042055904
615,98.75,-78.75,78.75,1.0,0,0.0032563503553796956
616,101.25,-78.75,78.75,1.0,0,0.003165372398923598
617,103.75,-78.75,78.75,1.0,0,0.0031871502672062395
618,106.25,-78.75,78.75,1.0,0,0.0031644965365773274
619,108.75,-78.75,78.75,1.0,0,0.00298856664180077
620,111.25,-78.75,78.75,1.0,0,0.002974952619940522
621,113.75,-78.75,78.75,1.0,0,0.0029494297862893626
622,116.25,-78.75,78.75,1.0,0,0.00274676884517103
623,118.75,-78.75,78.75,1.0,0,0.0027284946760157062
624,121.25,-78.75,78.75,1.0,0,0.0026983169149674396
625,123.75,-78.75,78.75,1.0,0,0.002399944094476578
626,126.25,-78.75,78.75,1.0,0,0.0022592585894635865
627,128.75,-78.75,78.75,1.0,0,0.001971013212271325
628,131.25,-78.75,78.75,1.0,0,0.0018656468012304855
629,133.75,-78.75,78.75,1.0,0,0.002005900505002447
630,136.25,-78.75,78.75,1.0,0,0.002074718782855685
631,138.75,-78.75,78.75,1.0,0,0.002246341923194221
632,141.25,-78.75,78.75,1.0,0,0.002927040907759928
633,143.75,-78.75,78.75,1.0,0,0.003407440065330052
634,146.25,-78.75,78.75,1.0,0,0.0036681640392140034
635,148.75,-78.75,78.75,1.0,0,0.00435784768624119
636,151.25,-78.75,78.75,1.0,0,0.004895088823467178
637,153.75,-78.75,78.75,1.0,0,0.004842506248618431
638,156.25,-78.75,78.75,1.0,0,0.0037842772716889564
639,158.75,-78.75,78.75,1.0,0,0.0010539651924901965
640,161.25,-78.75,78.75,1.0,0,-0.0031446631003107374
641,163.75,-78.75,78.75,1.0,0,-0.009787943563108295
642,166.25,-78.75,78.75,1.0,0,-0.017736717209889914
643,168.75,-78.75,78.75,1.0,0,-0.018641931718471255
644,171.25,-78.75,78.75,1.0,0,-0.017800261309526555
645,173.75,-78.75,78.75,1.0,0,-0.014898032551851908
646,176.25,-78.75,78.75,1.0,0,-0.010030953590802165
647,178.75,-78.75,78.75,1.0,0,-0.007197693483029589
648,181.25,-78.75,78.75,1.0,0,-0.004906115615527339
649,183.75,-78.75,78.75,1.0,0,-0.0033684764154516085
650,186.25,-78.75,78.75,1.0,0,-0.0016129256844433862
651,188.75,-78.75,78.75,1.0,0,-0.0015678856528007286
652,191.25,-78.75,78.75,1.0,0,-0.004933310433661264
653,193.75,-78.75,78.75,1.0,0,-0.006675021503554963
654,196.25,-78.75,78.75,1.0,0,-0.007493219786232791
655,198.75,-78.75,78.75,1.0,0,-0.00894752401124393
656,201.25,-78.75,78.75,0.0,4,-0.014348409752068794
657,203.75,-78.75,78.75,1.0,0,-0.020660465697313928
658,206.25,-78.75,78.75,1.0,0,-0.027338913468555635
659,208.75,-78.75,78.75,1.0,0,-0.0320911302999283
660,211.25,-78.75,78.75,1.0,0,-0.033752368841372574
661,213.75,-78.75,78.75,1.0,0,-0.032198167307141964
662,216.25,-78.75,78.75,1.0,0,-0.02823882239738843
663,218.75,-78.75,78.75,1.0,0,-0.023399274114483504
664,221.25,-78.75,78.75,1.0,0,-0.018633849592049456
665,223.75,-78.75,78.75,1.0,0,-0.014629255872191927
666,226.25,-78.75,78.75,1.0,0,-0.01063615957852603
667,228.75,-78.75,78.75,1.0,0,-0.006546179703222365
668,231.25,-78.75,78.75,1.0,0,-0.002246662686041939
669,233.75,-78.75,78.75,1.0,0,0.0015820895645464585
670,236.25,-78.75,78.75,1.0,0,0.005689211204600483
671,238.75,-78.75,78.75,1.0,0,0.009628176850476396
672,241.25,-78.75,78.75,1.0,0,0.01342614612079317
673,243.75,-78.75,78.75,1.0,0,0.01725582795674331
674,246.25,-78.75,78.75,1.0,0,0.021235998370271483
675,248.75,-78.75,78.75,1.0,0,0.0219433840217549
676,251.25,-78.75,78.75,1.0,0,0.020956137906622117
677,253.75,-78.75,78.75,1.0,0,0.018144403417063883
678,256.25,-78.75,78.75,1.0,0,0.016441189716082518
679,258.75,-78.75,78.75,1.0,0,0.01456980554481892
680,261.25,-78.75,78.75,1.0,0,0.01482443944434468
681,263.75,-78.75,78.75,1.0,0,0.014165662733230994
682,266.25,-78.75,78.75,1.0,0,0.014099351078594478
683,268.75,-78.75,78.75,1.0,0,0.017821711975467336
684,271.25,-78.75,78.75,1.0,0,0.021637264893050203
685,273.75,-78.75,78.75,1.0,0,0.027996733103487777
686,276.25,-78.75,78.75,1.0,0,0.03218869047910433
687,278.75,-78.75,78.75,1.0,0,0.035793866098190824
688,281.25,-78.75,78.75,1.0,0,0.039538151404257635
689,283.75,-78.75,78.75,1.0,0,0.041679759641616736
690,286.25,-78.75,78.75,1.0,0,0.0431978818311685
691,288.75,-78.75,78.75,1.0,0,0.043689415745943504
692,291.25,-78.75,78.75,1.0,0,0.04047727255484897
693,293.75,-78.75,78.75,1.0,0,0.03438227677036222
694,296.25,-78.75,78.75,1.0,0,0.027722345466349205
695,298.75,-78.75,78.75,1.0,0,0.018507956245902946
696,301.25,-78.75,78.75,1.0,0,0.017622911283437202
697,303.75,-78.75,78.75,1.0,0,0.019407019196504137
698,306.25,-78.75,78.75,1.0,0,0.021202340922037783
699,308.75,-78.75,78.75,1.0,0,0.0208363133682207
700,311.25,-78.75,78.75,1.0,0,0.01954001878192893
701,313.75,-78.75,78.75,1.0,0,0.01749611565177452
702,316.25,-78.75,78.75,1.0,0,0.014004636100984985
703,318.75,-78.75,78.75,1.0,0,0.009744394892717678
704,321.25,-78.75,78.75,1.0,0,0.006481827707382483
705,323.75,-78.75,78.75,1.0,0,0.004083563339928126
706,326.25,-78.75,78.75,1.0,0,0.0007703790455339079
707,328.75,-78.75,78.75,1.0,0,-0.0030314825977187693
708,331.25,-78.75,78.75,1.0,0,-0.0017645054045364417
709,333.75,-78.75,78.75,1.0,0,-0.0003209832273829885
710,336.25,-78.75,78.75,1.0,0,0.0006771424848697209
711,338.75,-78.75,78.75,1.0,0,0.0008653395191965485
712,341.25,-78.75,78.75,1.0,0,0.001875901945722919
713,343.75,-78.75,78.75,1.0,0,0.0031526397515928444
714,346.25,-78.75,78.75,1.0,0,0.004295874363587091
715,348.75,-78.75,78.75,1.0,0,0.003990860739582376
716,351.25,-78.75,78.75,1.0,0,0.004133193063596583
717,353.75,-78.75,78.75,1.0,0,0.0034723425833843554
718,356.25,-78.75,78.75,1.0,0,0.0031785687817933892
719,358.75,-78.75,78.75,1.0,0,0.003435721282221968
720,1.25,-76.25,76.25,1.0,0,0.009191184402353633
721,3.75,-76.25,76.25,1.0,0,0.008871181854604641
722,6.25,-76.25,76.25,1.0,0,0.008345837781626196
723,8.75,-76.25,76.25,1.0,0,0.008380462096838893
724,11.25,-76.25,76.25,1.0,0,0.008339767402367228
725,13.75,-76.25,76.25,1.0,0,0.008585056778644998
726,16.25,-76.25,76.25,1.0,0,0.009273647500987789
727,18.75,-76.25,76.25,1.0,0,0.010077906590167317
728,21.25,-76.25,76.25,1.0,0,0.010169181946778098
729,23.75,-76.25,76.25,1.0,0,0.010870620331419735
730,26.25,-76.25,76.25,1.0,0,0.010976422407243659
731,28.75,-76.25,76.25,1.0,0,0.010385742750596802
732,31.25,-76.25,76.25,1.0,0,0.009862513566363916
733,33.75,-76.25,76.25,1.0,0,0.00918557449631496
734,36.25,-76.25,76.25,1.0,0,0.008702233530720988
735,38.75,-76.25,76.25,1.0,0,0.008514569776390538
736,41.25,-76.25,76.25,1.0,0,0.008140196854807233
737,43.75,-76.25,76.25,1.0,0,0.00813046555307036
738,46.25,-76.25,76.25,1.0,0,0.008360107390281809
739,48.75,-76.25,76.25,1.0,0,0.008601858813472875
740,51.25,-76.25,76.25,1.0,0,0.00860218522152089
741,53.75,-76.25,76.25,1.0,0,0.008222662466597395
742,56.25,-76.25,76.25,1.0,0,0.007570278633900247
743,58.75,-76.25,76.25,1.0,0,0.006207706876400502
744,61.25,-76.25,76.25,1.0,0,0.005529200031684596
745,63.75,-76.25,76.25,1.0,0,0.005223924705071979
746,66.25,-76.25,76.25,1.0,0,0.00550009339832681
747,68.75,-76.25,76.25,1.0,0,0.005899413192526635
748,71.25,-76.25,76.25,1.0,0,0.006042976563443943
749,73.75,-76.25,76.25,1.0,0,0.005466473281522359
750,76.25,-76.25,76.25,1.0,0,0.0043629517428364
751,78.75,-76.25,76.25,1.0,0,0.0027946182447071404
752,81.25,-76.25,76.25,1.0,0,0.0016945582983948204
753,83.75,-76.25,76.25,1.0,0,0.0012161668270460964
754,86.25,-76.25,76.25,1.0,0,0.0007765823182856273
755,88.75,-76.25,76.25,1.0,0,0.0013842795762855238
756,91.25,-76.25,76.25,1.0,0,0.002289973524632891
757,93.75,-76.25,76.25,1.0,0,0.0033344729037660783
758,96.25,-76.25,76.25,1.0,0,0.00376182684758313
759,98.75,-76.25,76.25,1.0,0,0.004490965775826569
760,101.25,-76.25,76.25,1.0,0,0.0046727574474393525
761,103.75,-76.25,76.25,1.0,0,0.005100299519563274
762,106.25,-76.25,76.25,1.0,0,0.004940762793851628
763,108.75,-76.25,76.25,1.0,0,0.004581869039725562
764,111.25,-76.25,76.25,1.0,0,0.003977273083296909
765,113.75,-76.25,76.25,1.0,0,0.0034593542446943394
766,116.25,-76.25,76.25,1.0,0,0.0032380251647895287
767,118.75,-76.25,76.25,1.0,0,0.003213766507577971
768,121.25,-76.25,76.25,1.0,0,0.003451293394724906
769,123.75,-76.25,76.25,1.0,0,0.003890757892193266
770,126.25,-76.25,76.25,1.0,0,0.0041615941768052625
771,128.75,-76.25,76.25,1.0,0,0.004303672060710606
772,131.25,-76.25,76.25,1.0,0,0.004097853002864747
773,133.75,-76.25,76.25,1.0,0,0.0038632552238380127
774,136.25,-76.25,76.25,1.0,0,0.003344499197626447
775,138.75,-76.25,76.25,1.0,0,0.0027329752366472924
776,141.25,-76.25,76.25,1.0,0,0.002952047385790033
777,143.75,-76.25,76.25,1.0,0,0.0034585945051302846
778,146.25,-76.25,76.25,1.0,0,0.0036985005091171533
779,148.75,-76.25,76.25,1.0,0,0.004346408830954274
780,151.25,-76.25,76.25,1.0,0,0.005256914610108651
781,153.75,-76.25,76.25,1.0,0,0.006554953833916464
782,156.25,-76.25,76.25,1.0,0,0.007556708315929368
783,158.75,-76.25,76.25,1.0,0,0.0075108198743245235
784,161.25,-76.25,76.25,1.0,0,0.006242283049696646
785,163.75,-76.25,76.25,0.0,4,0.0027779865651045873
786,166.25,-76.25,76.25,0.0,4,-0.005515080847530638
787,168.75,-76.25,76.25,0.0,4,-0.011058945333720208
788,171.25,-76.25,76.25,0.0,4,-0.014991500144312154
789,173.75,-76.25,76.25,0.0,4,-0.011586052736755177
790,176.25,-76.25,76.25,0.0,4,-0.0025931186774721285
791,178.75,-76.25,76.25,0.0,4,0.003839504678678159
792,181.25,-76.25,76.25,0.0,4,0.0062266990152954685
793,183.75,-76.25,76.25,0.0,4,0.008413986157873764
794,186.25,-76.25,76.25,0.0,4,0.011724488249149947
795,188.75,-76.25,76.25,0.0,4,0.017294727486334024
796,191.25,-76.25,76.25,0.0,4,0.017210792652260398
797,193.75,-76.25,76.25,0.0,4,0.012581437991578603
798,196.25,-76.25,76.25,0.0,4,0.008695097470983617
799,198.75,-76.25,76.25,0.0,4,0.0002160308494295415
800,201.25,-76.25,76.25,0.0,4,-0.008069178068258008
801,203.75,-76.25,76.25,0.0,4,-0.018328448577645477
802,206.25,-76.25,76.25,0.0,4,-0.029824899363197033
803,208.75,-76.25,76.25,0.0,4,-0.041304208592516836
804,211.25,-76.25,76.25,0.0,4,-0.052872576522078565
805,213.75,-76.25,76.25,0.0,4,-0.05909699652479827
806,216.25,-76.25,76.25,1.0,0,-0.057126389008330884
807,218.75,-76.25,76.25,1.0,0,-0.05052726760223523
808,221.25,-76.25,76.25,1.0,0,-0.040334763350903774
809,223.75,-76.25,76.25,1.0,0,-0.02356938821959831
810,226.25,-76.25,76.25,1.0,0,-0.00606100238690268
811,228.75,-76.25,76.25,1.0,0,0.013763115777685436
812,231.25,-76.25,76.25,1.0,0,0.034416550177072125
813,233.75,-76.25,76.25,1.0,0,0.051034804291225706
814,236.25,-76.25,76.25,1.0,0,0.06837850463910769
815,238.75,-76.25,76.25,1.0,0,0.08027312711037105
816,241.25,-76.25,76.25,1.0,0,0.08750276849819935
817,243.75,-76.25,76.25,1.0,0,0.09265441055405906
818,246.25,-76.25,76.25,1.0,0,0.09122942378254845
819,248.75,-76.25,76.25,1.0,0,0.0829882295650107
820,251.25,-76.25,76.25,1.0,0,0.06974756433732104
821,253.75,-76.25,76.25,1.0,0,0.055231044293679143
822,256.25,-76.25,76.25,1.0,0,0.04433176942305485
823,258.75,-76.25,76.25,1.0,0,0.03564618806451826
824,261.25,-76.25,76.25,1.0,0,0.030632681513058452
825,263.75,-76.25,76.25,1.0,0,0.02625447240094867
826,266.25,-76.25,76.25,1.0,0,0.022005783382199207
827,268.75,-76.25,76.25,1.0,0,0.02089470221633451
828,271.25,-76.25,76.25,1.0,0,0.023161285217124954
829,273.75,-76.25,76.25,1.0,0,0.0298415588405948
830,276.25,-76.25,76.25,1.0,0,0.03541667271706262
831,278.75,-76.25,76.25,1.0,0,0.03743118891825767
832,281.25,-76.25,76.25,1.0,0,0.04002421036726603
833,283.75,-76.25,76.25,1.0,0,0.04567054140742856
834,286.25,-76.25,76.25,1.0,0,0.051730053194356106
835,288.75,-76.25,76.25,1.0,0,0.057708211581246636
836,291.25,-76.25,76.25,1.0,0,0.05944748657943932
837,293.75,-76.25,76.25,1.0,0,0.05891914907071427
838,296.25,-76.25,76.25,0.0,4,0.057578035362981866
839,298.75,-76.25,76.25,0.0,4,0.052053493243256886
840,301.25,-76.25,76.25,0.0,4,0.048912812762526334
841,303.75,-76.25,76.25,0.0,4,0.043085670242730155
842,306.25,-76.25,76.25,0.0,4,0.03976322697976664
843,308.75,-76.25,76.25,0.0,4,0.03476067811130628
844,311.25,-76.25,76.25,0.0,4,0.02801518718429504
845,313.75,-76.25,76.25,0.0,4,0.026278488056841454
846,316.25,-76.25,76.25,0.0,4,0.02560186944575842
847,318.75,-76.25,76.25,0.0,4,0.026747976495577246
848,321.25,-76.25,76.25,0.0,4,0.03073814795776841
849,323.75,-76.25,76.25,0.0,4,0.035064671654632104
850,326.25,-76.25,76.25,0.0,4,0.03856711914116694
851,328.75,-76.25,76.25,0.0,4,0.03954295402903414
852,331.25,-76.25,76.25,0.0,4,0.043493119024365444
853,333.75,-76.25,76.25,0.0,4,0.04803787307906615
854,336.25,-76.25,76.25,0.0,4,0.049125385461170186
855,338.75,-76.25,76.25,1.0,0,0.04399017397138032
856,341.25,-76.25,76.25,1.0,0,0.031786207055011374
857,343.75,-76.25,76.25,1.0,0,0.02726011138655848
858,346.25,-76.25,76.25,1.0,0,0.024262426082128603
859,348.75,-76.25,76.25,1.0,0,0.020908513794762877
860,351.25,-76.25,76.25,1.0,0,0.017384219483798563
861,353.75,-76.25,76.25,1.0,0,0.013725461697378885
862,356.25,-76.25,76.25,1.0,0,0.011697990023098851
863,358.75,-76.25,76.25,1.0,0,0.010084395561696047
864,1.25,-73.75,73.75,1.0,0,0.04399111613957309
865,3.75,-73.75,73.75,1.0,0,0.04118739240436826
866,6.25,-73.75,73.75,1.0,0,0.03944169627479157
867,8.75,-73.75,73.75,1.0,0,0.03855516853861898
868,11.25,-73.75,73.75,1.0,0,0.03901524544402219
869,13.75,-73.75,73.75,1.0,0,0.040566685767229695
870,16.25,-73.75,73.75,1.0,0,0.042698721739738266
871,18.75,-73.75,73.75,1.0,0,0.04494259545088859
872,21.25,-73.75,73.75,1.0,0,0.04783055609947859
873,23.75,-73.75,73.75,1.0,0,0.048930804031181635
874,26.25,-73.75,73.75,1.0,0,0.046536732407957755
875,28.75,-73.75,73.75,1.0,0,0.04206754907573671
876,31.25,-73.75,73.75,1.0,0,0.03772104211471881
877,33.75,-73.75,73.75,1.0,0,0.033818401750848257
878,36.25,-73.75,73.75,1.0,0,0.02960659980697126
879,38.75,-73.75,73.75,1.0,0,0.026301830560686294
880,41.25,-73.75,73.75,1.0,0,0.02210387002974637
881,43.75,-73.75,73.75,1.0,0,0.018038594419893944
882,46.25,-73.75,73.75,1.0,0,0.01482229785323904
883,48.75,-73.75,73.75,1.0,0,0.012405818048168217
884,51.25,-73.75,73.75,1.0,0,0.011518337917915109
885,53.75,-73.75,73.75,1.0,0,0.010997494090612113
886,56.25,-73.75,73.75,1.0,0,0.01042440911122324
887,58.75,-73.75,73.75,1.0,0,0.009355542466054032
888,61.25,-73.75,73.75,1.0,0,0.00799069945222652
889,63.75,-73.75,73.75,1.0,0,0.006715758437708338
890,66.25,-73.75,73.75,1.0,0,0.006744825775306696
891,68.75,-73.75,73.75,1.0,0,0.0069732278463693195
892,71.25,-73.75,73.75,1.0,0,0.006864747002229054
893,73.75,-73.75,73.75,1.0,0,0.006370724647643288
894,76.25,-73.75,73.75,1.0,0,0.003997279022049155
895,78.75,-73.75,73.75,1.0,0,0.0006234887725756758
896,81.25,-73.75,73.75,1.0,0,-0.0018154928172091694
897,83.75,-73.75,73.75,1.0,0,-0.0015257283981173746
898,86.25,-73.75,73.75,1.0,0,0.001831693304950619
899,88.75,-73.75,73.75,1.0,0,0.005734990851178497
900,91.25,-73.75,73.75,1.0,0,0.007605297449706943
901,93.75,-73.75,73.75,1.0,0,0.007422142686070029
902,96.25,-73.75,73.75,1.0,0,0.006692188144967314
903,98.75,-73.75,73.75,1.0,0,0.0067821001592452265
904,101.25,-73.75,73.75,1.0,0,0.006203657368134447
905,103.75,-73.75,73.75,1.0,0,0.006720143743815154
906,106.25,-73.75,73.75,1.0,0,0.006467088476602415
907,108.75,-73.75,73.75,1.0,0,0.005673196067864569
908,111.25,-73.75,73.75,1.0,0,0.005024323794008434
909,113.75,-73.75,73.75,1.0,0,0.00430376433944499
910,116.25,-73.75,73.75,1.0,0,0.003912924844846267
911,118.75,-73.75,73.75,1.0,0,0.0038787416892442196
912,121.25,-73.75,73.75,1.0,0,0.0043164439680087084
913,123.75,-73.75,73.75,1.0,0,0.004908096524864367
914,126.25,-73.75,73.75,1.0,0,0.0055791300652626085
915,128.75,-73.75,73.75,1.0,0,0.005982183104913802
916,131.25,-73.75,73.75,1.0,0,0.005822341826864948
917,133.75,-73.75,73.75,1.0,0,0.004844375410486756
918,136.25,-73.75,73.75,1.0,0,0.003936042888712128
919,138.75,-73.75,73.75,1.0,0,0.0033005634022369394
920,141.25,-73.75,73.75,1.0,0,0.00322324301888039
921,143.75,-73.75,73.75,1.0,0,0.0033899972808857704
922,146.25,-73.75,73.75,1.0,0,0.0034857833572173222
923,148.75,-73.75,73.75,1.0,0,0.003158478390363364
924,151.25,-73.75,73.75,1.0,0,0.002864690672331302
925,153.75,-73.75,73.75,1.0,0,0.0033765124437159116
926,156.25,-73.75,73.75,1.0,0,0.00409503213932587
927,158.75,-73.75,73.75,1.0,0,0.004966278747631512
928,161.25,-73.75,73.75,1.0,0,0.004794948705471951
929,163.75,-73.75,73.75,1.0,0,0.0040961258805043005
930,166.25,-73.75,73.75,0.0,4,-0.0018480005970293132
931,168.75,-73.75,73.75,0.0,4,0.0008876269031941825
932,171.25,-73.75,73.75,0.0,4,-0.013750876403193514
933,173.75,-73.75,73.75,0.0,4,-0.018712296929265758
934,176.25,-73.75,73.75,0.0,4,-0.007962810088638975
935,178.75,-73.75,73.75,0.0,4,0.0032803918805111368
936,181.25,-73.75,73.75,0.0,4,0.009947549344102677
937,183.75,-73.75,73.75,0.0,4,0.011890629654853485
938,186.25,-73.75,73.75,0.0,4,0.011205964478455156
939,188.75,-73.75,73.75,0.0,4,0.00946951507095786
940,191.25,-73.75,73.75,0.0,4,0.006230624422036406
941,193.75,-73.75,73.75,0.0,4,0.0030810543477017365
942,196.25,-73.75,73.75,0.0,4,-0.0028254193478972167
943,198.75,-73.75,73.75,0.0,4,-0.007351920503919276
944,201.25,-73.75,73.75,0.0,4,-0.010695805388586707
945,203.75,-73.75,73.75,0.0,4,-0.011547002142807848
946,206.25,-73.75,73.75,0.0,4,-0.01954001082273342
947,208.75,-73.75,73.75,0.0,4,-0.031527260177240356
948,211.25,-73.75,73.75,0.0,4,-0.03894764421842148
949,213.75,-73.75,73.75,0.0,4,-0.04787491552529989
950,216.25,-73.75,73.75,0.0,4,-0.04707091497792381
951,218.75,-73.75,73.75,0.0,4,-0.039844606672392334
952,221.25,-73.75,73.75,0.0,4,-0.030511157886664857
953,223.75,-73.75,73.75,0.0,4,-0.015200284024395699
954,226.25,-73.75,73.75,0.0,4,0.0054974167656597905
955,228.75,-73.75,73.75,0.0,4,0.029415342631444498
956,231.25,-73.75,73.75,0.0,4,0.05235199228320003
957,233.75,-73.75,73.75,0.0,4,0.06904618563599907
958,236.25,-73.75,73.75,0.0,4,0.08982178796632857
959,238.75,-73.75,73.75,0.0,4,0.10634357676916731
960,241.25,-73.75,73.75,0.0,4,0.1155009790473003
961,243.75,-73.75,73.75,0.0,4,0.11697177330895361
962,246.25,-73.75,73.75,0.0,4,0.11001667736225941
963,248.75,-73.75,73.75,0.0,4,0.09600212107844568
964,251.25,-73.75,73.75,0.0,4,0.07261549219590842
965,253.75,-73.75,73.75,0.0,4,0.052945903069172566
966,256.25,-73.75,73.75,0.0,4,0.041417714813736344
967,258.75,-73.75,73.75,0.0,4,0.046060583563106834
968,261.25,-73.75,73.75,1.0,0,0.04685859494325283
969,263.75,-73.75,73.75,1.0,0,0.04594198829213559
970,266.25,-73.75,73.75,1.0,0,0.04432528836622053
971,268.75,-73.75,73.75,1.0,0,0.04462118915317794
972,271.25,-73.75,73.75,1.0,0,0.04803406476197426
973,273.75,-73.75,73.75,1.0,0,0.053477401922519735
974,276.25,-73.75,73.75,0.0,4,0.04659262025845226
975,278.75,-73.75,73.75,0.0,4,0.03904183686649573
976,281.25,-73.75,73.75,1.0,0,0.042909946312839245
977,283.75,-73.75,73.75,1.0,0,0.04864659958160331
978,286.25,-73.75,73.75,1.0,0,0.053935329759853615
979,288.75,-73.75,73.75,1.0,0,0.05210332203021933
980,291.25,-73.75,73.75,1.0,0,0.043584008289279205
981,293.75,-73.75,73.75,1.0,0,0.03731321253928431
982,296.25,-73.75,73.75,1.0,0,0.04027341099549457
983,298.75,-73.75,73.75,0.0,4,0.05069742822082208
984,301.25,-73.75,73.75,0.0,4,0.057939050325359266
985,303.75,-73.75,73.75,0.0,4,0.05997133964737506
986,306.25,-73.75,73.75,0.0,4,0.05208379601366156
987,308.75,-73.75,73.75,0.0,4,0.03939733834788481
988,311.25,-73.75,73.75,0.0,4,0.02220814046358416
989,313.75,-73.75,73.75,0.0,4,0.01606595128385137
990,316.25,-73.75,73.75,0.0,4,0.019213172653601413
991,318.75,-73.75,73.75,0.0,4,0.028567872941091848
992,321.25,-73.75,73.75,0.0,4,0.03972062296053553
993,323.75,-73.75,73.75,0.0,4,0.0465742644565796
994,326.25,-73.75,73.75,0.0,4,0.04650341788933197
995,328.75,-73.75,73.75,0.0,4,0.044918792239590256
996,331.25,-73.75,73.75,0.0,4,0.04754675061634875
997,333.75,-73.75,73.75,0.0,4,0.051973500559451616
998,336.25,-73.75,73.75,0.0,4,0.057563832583433956
999,338.75,-73.75,73.75,0.0,4,0.06398815625850529
1000,341.25,-73.75,73.75,0.0,4,0.07150424122922397
1001,343.75,-73.75,73.75,0.0,4,0.06707733379538053
1002,346.25,-73.75,73.75,1.0,0,0.06005731083154601
1003,348.75,-73.75,73.75,1.0,0,0.05360332185657292
1004,351.25,-73.75,73.75,1.0,0,0.05067119847058296
1005,353.75,-73.75,73.75,1.0,0,0.04880191562913335
1006,356.25,-73.75,73.75,1.0,0,0.04771416018110074
1007,358.75,-73.75,73.75,1.0,0,0.04614063197549506
1008,1.25,-71.25,71.25,0.0,4,0.1362551337639972
1009,3.75,-71.25,71.25,1.0,0,0.13292380813832116
1010,6.25,-71.25,71.25,1.0,0,0.1293972804456441
1011,8.75,-71.25,71.25,1.0,0,0.12710138833771753
1012,11.25,-71.25,71.25,1.0,0,0.12428720408948599
1013,13.75,-71.25,71.25,1.0,0,0.12392758248452568
1014,16.25,-71.25,71.25,1.0,0,0.12525774946121032
1015,18.75,-71.25,71.25,1.0,0,0.12886870633063105
1016,21.25,-71.25,71.25,1.0,0,0.12936193987569658
1017,23.75,-71.25,71.25,1.0,0,0.12582077393945204
1018,26.25,-71.25,71.25,1.0,0,0.11789958254984145
1019,28.75,-71.25,71.25,1.0,0,0.10673832226809786
1020,31.25,-71.25,71.25,1.0,0,0.09880591358386115
1021,33.75,-71.25,71.25,1.0,0,0.09461520932874289
1022,36.25,-71.25,71.25,1.0,0,0.08836841351283847
1023,38.75,-71.25,71.25,1.0,0,0.07904516445668323
1024,41.25,-71.25,71.25,1.0,0,0.06509674098505193
1025,43.75,-71.25,71.25,1.0,0,0.04987784890048975
1026,46.25,-71.25,71.25,1.0,0,0.03807970358256993
1027,48.75,-71.25,71.25,1.0,0,0.027852010854855967
1028,51.25,-71.25,71.25,1.0,0,0.020678013492360956
1029,53.75,-71.25,71.25,1.0,0,0.01796350018569914
1030,56.25,-71.25,71.25,1.0,0,0.018491674345193634
1031,58.75,-71.25,71.25,1.0,0,0.02028464522364365
1032,61.25,-71.25,71.25,1.0,0,0.022605665963139215
1033,63.75,-71.25,71.25,1.0,0,0.024935518817429274
1034,66.25,-71.25,71.25,1.0,0,0.02629683289818508
1035,68.75,-71.25,71.25,0.0,4,0.026587313630768508
1036,71.25,-71.25,71.25,0.0,4,0.024256284111167953
1037,73.75,-71.25,71.25,1.0,0,0.015826747748633976
1038,76.25,-71.25,71.25,1.0,0,0.005986937019237005
1039,78.75,-71.25,71.25,1.0,0,0.002147840493476545
1040,81.25,-71.25,71.25,1.0,0,0.0011062587278366982
1041,83.75,-71.25,71.25,1.0,0,0.002791111386885203
1042,86.25,-71.25,71.25,1.0,0,0.007316778532380427
1043,88.75,-71.25,71.25,1.0,0,0.012003569973100864
1044,91.25,-71.25,71.25,1.0,0,0.013391626362555593
1045,93.75,-71.25,71.25,1.0,0,0.012023626644816881
1046,96.25,-71.25,71.25,1.0,0,0.01020547506852388
1047,98.75,-71.25,71.25,1.0,0,0.00975114316610745
1048,101.25,-71.25,71.25,1.0,0,0.010371316984667677
1049,103.75,-71.25,71.25,1.0,0,0.011753469000023971
1050,106.25,-71.25,71.25,1.0,0,0.012558782236329408
1051,108.75,-71.25,71.25,1.0,0,0.01170379463121291
1052,111.25,-71.25,71.25,1.0,0,0.010002942642166668
1053,113.75,-71.25,71.25,1.0,0,0.009578545742693888
1054,116.25,-71.25,71.25,1.0,0,0.009250077545741737
1055,118.75,-71.25,71.25,1.0,0,0.00915504039691533
1056,121.25,-71.25,71.25,1.0,0,0.009365034004970978
1057,123.75,-71.25,71.25,1.0,0,0.009617173968731579
1058,126.25,-71.25,71.25,1.0,0,0.009184809515864319
1059,128.75,-71.25,71.25,1.0,0,0.007988986420281004
1060,131.25,-71.25,71.25,1.0,0,0.007080717034841818
1061,133.75,-71.25,71.25,1.0,0,0.006344933609304238
1062,136.25,-71.25,71.25,1.0,0,0.005911583102145039
1063,138.75,-71.25,71.25,1.0,0,0.004184293434255076
1064,141.25,-71.25,71.25,1.0,0,0.002505296156046393
1065,143.75,-71.25,71.25,1.0,0,0.0008214661819907047
1066,146.25,-71.25,71.25,1.0,0,-0.0005478622536513631
1067,148.75,-71.25,71.25,1.0,0,-0.0019084611723169946
1068,151.25,-71.25,71.25,1.0,0,-0.003122918064401053
1069,153.75,-71.25,71.25,1.0,0,-0.00491245397051405
1070,156.25,-71.25,71.25,1.0,0,-0.005617244569257693
1071,158.75,-71.25,71.25,1.0,0,-0.004265525468650051
1072,161.25,-71.25,71.25,1.0,0,0.002484956333334399
1073,163.75,-71.25,71.25,1.0,0,0.0011566851768211822
1074,166.25,-71.25,71.25,1.0,0,-0.0017390801309903686
1075,168.75,-71.25,71.25,0.0,4,-0.0014177752392450275
1076,171.25,-71.25,71.25,0.0,4,0.0016378546774209566
1077,173.75,-71.25,71.25,0.0,4,0.006587375959014624
1078,176.25,-71.25,71.25,0.0,4,0.020880982610045312
1079,178.75,-71.25,71.25,0.0,4,0.029977444811157286
1080,181.25,-71.25,71.25,0.0,4,0.032829078087442086
1081,183.75,-71.25,71.25,0.0,4,0.028130801691822825
1082,186.25,-71.25,71.25,0.0,4,0.022640437267922867
1083,188.75,-71.25,71.25,0.0,4,0.015865272393968344
1084,191.25,-71.25,71.25,0.0,4,0.005229391170778924
1085,193.75,-71.25,71.25,0.0,4,-0.0024199296598056644
1086,196.25,-71.25,71.25,0.0,4,-0.005746546961819395
1087,198.75,-71.25,71.25,0.0,4,-0.010031682731510878
1088,201.25,-71.25,71.25,0.0,4,-0.00992177365343907
1089,203.75,-71.25,71.25,0.0,4,-0.006844875057163812
1090,206.25,-71.25,71.25,0.0,4,-0.009095712671680441
1091,208.75,-71.25,71.25,0.0,4,-0.013093644593905543
1092,211.25,-71.25,71.25,0.0,4,-0.012524765480448835
1093,213.75,-71.25,71.25,0.0,4,-0.013701834691289001
1094,216.25,-71.25,71.25,0.0,4,-0.006499917954716114
1095,218.75,-71.25,71.25,0.0,4,0.0009934677871978404
1096,221.25,-71.25,71.25,0.0,4,0.00582980919762103
1097,223.75,-71.25,71.25,0.0,4,0.009853729166867952
1098,226.25,-71.25,71.25,0.0,4,0.02103453430914135
1099,228.75,-71.25,71.25,0.0,4,0.03626105301378866
1100,231.25,-71.25,71.25,0.0,4,0.040347835300222935
1101,233.75,-71.25,71.25,0.0,4,0.03890185077431393
1102,236.25,-71.25,71.25,0.0,4,0.03472239248692818
1103,238.75,-71.25,71.25,0.0,4,0.03256547303500542
1104,241.25,-71.25,71.25,0.0,4,0.030857099347163464
1105,243.75,-71.25,71.25,0.0,4,0.03645855170310019
1106,246.25,-71.25,71.25,0.0,4,0.043862258761439794
1107,248.75,-71.25,71.25,0.0,4,0.047046703817953096
1108,251.25,-71.25,71.25,0.0,4,0.045829708647856474
1109,253.75,-71.25,71.25,0.0,4,0.04313815606298074
1110,256.25,-71.25,71.25,0.0,4,0.04231093477504404
1111,258.75,-71.25,71.25,0.0,4,0.03666419822273346
1112,261.25,-71.25,71.25,0.0,4,0.03657635089323768
1113,263.75,-71.25,71.25,0.0,4,0.037881150239423726
1114,266.25,-71.25,71.25,0.0,4,0.03762892104172436
1115,268.75,-71.25,71.25,0.0,4,0.029380627158243442
1116,271.25,-71.25,71.25,0.0,4,0.026121359994508896
1117,273.75,-71.25,71.25,0.0,4,0.023881594989742076
1118,276.25,-71.25,71.25,0.0,4,0.01388206117695372
1119,278.75,-71.25,71.25,0.0,4,0.011568923428488039
1120,281.25,-71.25,71.25,0.0,4,0.03602938816159396
1121,283.75,-71.25,71.25,0.0,4,0.0857206321546509
1122,286.25,-71.25,71.25,1.0,0,0.12567521594640213
1123,288.75,-71.25,71.25,1.0,0,0.12924291355142073
1124,291.25,-71.25,71.25,1.0,0,0.09898838180278868
1125,293.75,-71.25,71.25,1.0,0,0.06445122531439863
1126,296.25,-71.25,71.25,1.0,0,0.045096176014836314
1127,298.75,-71.25,71.25,0.0,4,0.046298552630841025
1128,301.25,-71.25,71.25,0.0,4,0.04683989644021213
1129,303.75,-71.25,71.25,0.0,4,0.03732951228020296
1130,306.25,-71.25,71.25,0.0,4,0.02971876635398226
1131,308.75,-71.25,71.25,0.0,4,0.022132596423419536
1132,311.25,-71.25,71.25,0.0,4,0.020932024461380712
1133,313.75,-71.25,71.25,0.0,4,0.028081229738933032
1134,316.25,-71.25,71.25,0.0,4,0.03443856522633947
1135,318.75,-71.25,71.25,0.0,4,0.03617331491463848
1136,321.25,-71.25,71.25,0.0,4,0.032034823868576215
1137,323.75,-71.25,71.25,0.0,4,0.02620562844753524
1138,326.25,-71.25,71.25,0.0,4,0.026590344298412425
1139,328.75,-71.25,71.25,0.0,4,0.02981424277697775
1140,331.25,-71.25,71.25,0.0,4,0.030096160277659583
1141,333.75,-71.25,71.25,0.0,4,0.02774514790937001
1142,336.25,-71.25,71.25,0.0,4,0.03225451149180136
1143,338.75,-71.25,71.25,0.0,4,0.049460753977474035
1144,341.25,-71.25,71.25,0.0,4,0.07642511082197559
1145,343.75,-71.25,71.25,0.0,4,0.09950675175391821
1146,346.25,-71.25,71.25,0.0,4,0.11297185795405995
1147,348.75,-71.25,71.25,0.0,4,0.112376165284412
1148,351.25,-71.25,71.25,0.0,4,0.12218221545442773
1149,353.75,-71.25,71.25,1.0,0,0.13081402554580515
1150,356.25,-71.25,71.25,0.0,4,0.13753817303738278
1151,358.75,-71.25,71.25,0.0,4,0.13789998297554526
1152,1.25,-68.75,68.75,0.0,4,0.08631520893712909
1153,3.75,-68.75,68.75,0.0,4,0.09511384092832449
1154,6.25,-68.75,68.75,0.0,4,0.11142019377392937
1155,8.75,-68.75,68.75,0.0,4,0.12289246551471922
1156,11.25,-68.75,68.75,0.0,4,0.12222258971455341
1157,13.75,-68.75,68.75,0.0,4,0.11577401701271889
1158,16.25,-68.75,68.75,0.0,4,0.11076007961281234
1159,18.75,-68.75,68.75,0.0,4,0.11002431420132174
1160,21.25,-68.75,68.75,0.0,4,0.11121195852483046
1161,23.75,-68.75,68.75,0.0,4,0.11430355519686826
1162,26.25,-68.75,68.75,0.0,4,0.11662707257411858
1163,28.75,-68.75,68.75,0.0,4,0.11587121604584183
1164,31.25,-68.75,68.75,0.0,4,0.12142078368759893
1165,33.75,-68.75,68.75,0.0,4,0.13432367466394293
1166,36.25,-68.75,68.75,0.0,4,0.15150459079946524
1167,38.75,-68.75,68.75,0.0,4,0.16323356383089416
1168,41.25,-68.75,68.75,0.0,4,0.16832930702758367
1169,43.75,-68.75,68.75,1.0,0,0.14819936950478843
1170,46.25,-68.75,68.75,1.0,0,0.11716543871476404
1171,48.75,-68.75,68.75,1.0,0,0.09211855611971692
1172,51.25,-68.75,68.75,1.0,0,0.07319516468961965
1173,53.75,-68.75,68.75,1.0,0,0.06036493046964215
1174,56.25,-68.75,68.75,1.0,0,0.05092461472453988
1175,58.75,-68.75,68.75,1.0,0,0.044941950333789386
1176,61.25,-68.75,68.75,1.0,0,0.04332880791143584
1177,63.75,-68.75,68.75,1.0,0,0.049310214891637554
1178,66.25,-68.75,68.75,1.0,0,0.0602716310049811
1179,68.75,-68.75,68.75,1.0,0,0.07024780540333841
1180,71.25,-68.75,68.75,0.0,4,0.06240599316631968
1181,73.75,-68.75,68.75,0.0,4,0.04728382823498123
1182,76.25,-68.75,68.75,0.0,4,0.037496805585390654
1183,78.75,-68.75,68.75,1.0,0,0.0367510588917518
1184,81.25,-68.75,68.75,1.0,0,0.036707370370107906
1185,83.75,-68.75,68.75,1.0,0,0.03697587089841208
1186,86.25,-68.75,68.75,1.0,0,0.032855792735969
1187,88.75,-68.75,68.75,1.0,0,0.02806175203915791
1188,91.25,-68.75,68.75,1.0,0,0.02708831330597384
1189,93.75,-68.75,68.75,1.0,0,0.026007791835002646
1190,96.25,-68.75,68.75,1.0,0,0.02386349846232489
1191,98.75,-68.75,68.75,1.0,0,0.02292478101052551
1192,101.25,-68.75,68.75,1.0,0,0.023958772645237783
1193,103.75,-68.75,68.75,1.0,0,0.027113394114712554
1194,106.25,-68.75,68.75,1.0,0,0.030315205830379246
1195,108.75,-68.75,68.75,1.0,0,0.034346482456533024
1196,111.25,-68.75,68.75,1.0,0,0.03536684127030851
1197,113.75,-68.75,68.75,1.0,0,0.03252048594506858
1198,116.25,-68.75,68.75,1.0,0,0.02850578758531101
1199,118.75,-68.75,68.75,1.0,0,0.026323350744769502
1200,121.25,-68.75,68.75,1.0,0,0.027587410162362172
1201,123.75,-68.75,68.75,1.0,0,0.026366223357057624
1202,126.25,-68.75,68.75,1.0,0,0.02374095883206846
1203,128.75,-68.75,68.75,1.0,0,0.02252022363673797
1204,131.25,-68.75,68.75,1.0,0,0.021244742127397024
1205,133.75,-68.75,68.75,1.0,0,0.02026560579836445
1206,136.25,-68.75,68.75,1.0,0,0.017987781410851673
1207,138.75,-68.75,68.75,1.0,0,0.01581675632474025
1208,141.25,-68.75,68.75,1.0,0,0.012749736648906454
1209,143.75,-68.75,68.75,1.0,0,0.0101429746256609
1210,146.25,-68.75,68.75,1.0,0,0.01224998799512723
1211,148.75,-68.75,68.75,1.0,0,0.014874003306190887
1212,151.25,-68.75,68.75,0.0,4,0.018091081796872736
1213,153.75,-68.75,68.75,0.0,4,0.02249607646164357
1214,156.25,-68.75,68.75,0.0,4,0.030597342008530863
1215,158.75,-68.75,68.75,0.0,4,0.03464945845724314
1216,161.25,-68.75,68.75,0.0,4,0.045664159107568096
1217,163.75,-68.75,68.75,0.0,4,0.05071288475013206
1218,166.25,-68.75,68.75,0.0,4,0.0513660789263171
1219,168.75,-68.75,68.75,0.0,4,0.05099004347097095
1220,171.25,-68.75,68.75,0.0,4,0.048917011522674074
1221,173.75,-68.75,68.75,0.0,4,0.05042356287092498
1222,176.25,-68.75,68.75,0.0,4,0.05227336128618263
1223,178.75,-68.75,68.75,0.0,4,0.054629390675906185
1224,181.25,-68.75,68.75,0.0,4,0.05145781212499836
1225,183.75,-68.75,68.75,0.0,4,0.045625275297886674
1226,186.25,-68.75,68.75,0.0,4,0.04325343830001952
1227,188.75,-68.75,68.75,0.0,4,0.04462447112535185
1228,191.25,-68.75,68.75,0.0,4,0.04214793650974996
1229,193.75,-68.75,68.75,0.0,4,0.03790114394927816
1230,196.25,-68.75,68.75,0.0,4,0.033448798951940695
1231,198.75,-68.75,68.75,0.0,4,0.024224259984934157
1232,201.25,-68.75,68.75,0.0,4,0.01797005868682276
1233,203.75,-68.75,68.75,0.0,4,0.012986720561380848
1234,206.25,-68.75,68.75,0.0,4,0.007859384723146724
1235,208.75,-68.75,68.75,0.0,4,0.009884952511133588
1236,211.25,-68.75,68.75,0.0,4,0.013311605481434235
1237,213.75,-68.75,68.75,0.0,4,0.01629538561217494
1238,216.25,-68.75,68.75,0.0,4,0.019631235729403878
1239,218.75,-68.75,68.75,0.0,4,0.022412272717581627
1240,221.25,-68.75,68.75,0.0,4,0.028639215097878246
1241,223.75,-68.75,68.75,0.0,4,0.03517999813335389
1242,226.25,-68.75,68.75,0.0,4,0.04213023205556865
1243,228.75,-68.75,68.75,0.0,4,0.05411242273381651
1244,231.25,-68.75,68.75,0.0,4,0.0636253501521912
1245,233.75,-68.75,68.75,0.0,4,0.07026091004726859
1246,236.25,-68.75,68.75,0.0,4,0.0704686029002227
1247,238.75,-68.75,68.75,0.0,4,0.06334252396047045
1248,241.25,-68.75,68.75,0.0,4,0.05249819602054279
1249,243.75,-68.75,68.75,0.0,4,0.04533182087995871
1250,246.25,-68.75,68.75,0.0,4,0.045113625276184344
1251,248.75,-68.75,68.75,0.0,4,0.047594677950995375
1252,251.25,-68.75,68.75,0.0,4,0.0506841565919909
1253,253.75,-68.75,68.75,0.0,4,0.05447410872031047
1254,256.25,-68.75,68.75,0.0,4,0.056819351627541176
1255,258.75,-68.75,68.75,0.0,4,0.04730210685739584
1256,261.25,-68.75,68.75,0.0,4,0.03872676754353
1257,263.75,-68.75,68.75,0.0,4,0.034486273381142636
1258,266.25,-68.75,68.75,0.0,4,0.03302347668287918
1259,268.75,-68.75,68.75,0.0,4,0.04126766802678257
1260,271.25,-68.75,68.75,0.0,4,0.05003378303483618
1261,273.75,-68.75,68.75,0.0,4,0.052387851343698416
1262,276.25,-68.75,68.75,0.0,4,0.048212042957658956
1263,278.75,-68.75,68.75,0.0,4,0.04295421404510447
1264,281.25,-68.75,68.75,0.0,4,0.050165911974519126
1265,283.75,-68.75,68.75,0.0,4,0.07862179637361118
1266,286.25,-68.75,68.75,0.0,4,0.12660690175766473
1267,288.75,-68.75,68.75,0.0,4,0.15229851761484683
1268,291.25,-68.75,68.75,0.0,4,0.13366442203124926
1269,293.75,-68.75,68.75,0.0,4,0.09894036414733205
1270,296.25,-68.75,68.75,0.0,4,0.06676202775376937
1271,298.75,-68.75,68.75,0.0,4,0.04062281353651705
1272,301.25,-68.75,68.75,0.0,4,0.028403539242110448
1273,303.75,-68.75,68.75,0.0,4,0.019725726418041295
1274,306.25,-68.75,68.75,0.0,4,0.022703053865137858
1275,308.75,-68.75,68.75,0.0,4,0.030085295986298825
1276,311.25,-68.75,68.75,0.0,4,0.04435903882841244
1277,313.75,-68.75,68.75,0.0,4,0.048983421194882124
1278,316.25,-68.75,68.75,0.0,4,0.044076297510112133
1279,318.75,-68.75,68.75,0.0,4,0.03484571382041243
1280,321.25,-68.75,68.75,0.0,4,0.01954387231572132
1281,323.75,-68.75,68.75,0.0,4,0.01168597876595952
1282,326.25,-68.75,68.75,0.0,4,0.019315665259549378
1283,328.75,-68.75,68.75,0.0,4,0.03260171899110416
1284,331.25,-68.75,68.75,0.0,4,0.037530302344149565
1285,333.75,-68.75,68.75,0.0,4,0.03312505497381459
1286,336.25,-68.75,68.75,0.0,4,0.03175023276389004
1287,338.75,-68.75,68.75,0.0,4,0.039470384527719185
1288,341.25,-68.75,68.75,0.0,4,0.04897780366965421
1289,343.75,-68.75,68.75,0.0,4,0.05588784609274701
1290,346.25,-68.75,68.75,0.0,4,0.06995389520487318
1291,348.75,-68.75,68.75,0.0,4,0.08409385010958262
1292,351.25,-68.75,68.75,0.0,4,0.09129643818148943
1293,353.75,-68.75,68.75,0.0,4,0.0884856830167571
1294,356.25,-68.75,68.75,0.0,4,0.0861459606377462
1295,358.75,-68.75,68.75,0.0,4,0.08209152069002987
1296,1.25,-66.25,66.25,0.0,4,0.10269087469090504
1297,3.75,-66.25,66.25,0.0,4,0.08429301877891177
1298,6.25,-66.25,66.25,0.0,4,0.07558795417159803
1299,8.75,-66.25,66.25,0.0,4,0.08477235496869909
1300,11.25,-66.25,66.25,0.0,4,0.09127450625366416
1301,13.75,-66.25,66.25,0.0,4,0.10188744043514912
1302,16.25,-66.25,66.25,0.0,4,0.10882646052797536
1303,18.75,-66.25,66.25,0.0,4,0.11612342063463564
1304,21.25,-66.25,66.25,0.0,4,0.11247585860391998
1305,23.75,-66.25,66.25,0.0,4,0.10799473178604993
1306,26.25,-66.25,66.25,0.0,4,0.10504372940276294
1307,28.75,-66.25,66.25,0.0,4,0.11372235653386997
1308,31.25,-66.25,66.25,0.0,4,0.11545194525347938
1309,33.75,-66.25,66.25,0.0,4,0.11105965696812982
1310,36.25,-66.25,66.25,0.0,4,0.12648898728952684
1311,38.75,-66.25,66.25,0.0,4,0.1650520031624982
1312,41.25,-66.25,66.25,0.0,4,0.20441506506196985
1313,43.75,-66.25,66.25,0.0,4,0.22008111796249333
1314,46.25,-66.25,66.25,0.0,4,0.222405837189214
1315,48.75,-66.25,66.25,0.0,4,0.2157948901704053
1316,51.25,-66.25,66.25,0.0,4,0.1923450463669998
1317,53.75,-66.25,66.25,0.0,4,0.16425833253980507
1318,56.25,-66.25,66.25,0.0,4,0.1442180144638035
1319,58.75,-66.25,66.25,0.0,4,0.12389932079158958
1320,61.25,-66.25,66.25,0.0,4,0.11041595298726686
1321,63.75,-66.25,66.25,0.0,4,0.1077521825810722
1322,66.25,-66.25,66.25,0.0,4,0.10117466169675722
1323,68.75,-66.25,66.25,0.0,4,0.08988741528083154
1324,71.25,-66.25,66.25,0.0,4,0.07389533129578853
1325,73.75,-66.25,66.25,0.0,4,0.06023665456382121
1326,76.25,-66.25,66.25,0.0,4,0.06793286553049442
1327,78.75,-66.25,66.25,0.0,4,0.08541954817972251
1328,81.25,-66.25,66.25,0.0,4,0.097215828742472
1329,83.75,-66.25,66.25,0.0,4,0.10310716343740055
1330,86.25,-66.25,66.25,0.0,4,0.09880935144845807
1331,88.75,-66.25,66.25,0.0,4,0.08857517842731194
1332,91.25,-66.25,66.25,0.0,4,0.08599431204813619
1333,93.75,-66.25,66.25,0.0,4,0.08809133804640382
1334,96.25,-66.25,66.25,0.0,4,0.0898179709781445
1335,98.75,-66.25,66.25,0.0,4,0.08748320973631775
1336,101.25,-66.25,66.25,0.0,4,0.07868213781790712
1337,103.75,-66.25,66.25,1.0,0,0.07452803910574674
1338,106.25,-66.25,66.25,0.0,4,0.08201925453684886
1339,108.75,-66.25,66.25,0.0,4,0.08205521907585162
1340,111.25,-66.25,66.25,0.0,4,0.07389445965850935
1341,113.75,-66.25,66.25,0.0,4,0.06850945979554761
1342,116.25,-66.25,66.25,0.0,4,0.05664500662864871
1343,118.75,-66.25,66.25,0.0,4,0.04357500233239708
1344,121.25,-66.25,66.25,0.0,4,0.041561674709460275
1345,123.75,-66.25,66.25,0.0,4,0.04561323460619861
1346,126.25,-66.25,66.25,0.0,4,0.054637608083222884
1347,128.75,-66.25,66.25,0.0,4,0.06413040107661588
1348,131.25,-66.25,66.25,0.0,4,0.07481710619007388
1349,133.75,-66.25,66.25,0.0,4,0.08233782028099296
1350,136.25,-66.25,66.25,0.0,4,0.08320157196142594
1351,138.75,-66.25,66.25,0.0,4,0.0820557630775181
1352,141.25,-66.25,66.25,0.0,4,0.08041716689580074
1353,143.75,-66.25,66.25,0.0,4,0.07803918497764603
1354,146.25,-66.25,66.25,0.0,4,0.07382307287281567
1355,148.75,-66.25,66.25,0.0,4,0.07193934578665391
1356,151.25,-66.25,66.25,0.0,4,0.07918665916077147
1357,153.75,-66.25,66.25,0.0,4,0.09464715477195607
1358,156.25,-66.25,66.25,0.0,4,0.10978227826585557
1359,158.75,-66.25,66.25,0.0,4,0.11323835646643796
1360,161.25,-66.25,66.25,0.0,4,0.10990261242861893
1361,163.75,-66.25,66.25,0.0,4,0.1051547758942886
1362,166.25,-66.25,66.25,0.0,4,0.09984293929158211
1363,168.75,-66.25,66.25,0.0,4,0.0921515494546443
1364,171.25,-66.25,66.25,0.0,4,0.07914903068557501
1365,173.75,-66.25,66.25,0.0,4,0.0764473455439668
1366,176.25,-66.25,66.25,0.0,4,0.0790921751487962
1367,178.75,-66.25,66.25,0.0,4,0.07993495364569837
1368,181.25,-66.25,66.25,0.0,4,0.08033050062355712
1369,183.75,-66.25,66.25,0.0,4,0.08320336827570642
1370,186.25,-66.25,66.25,0.0,4,0.08524260947481413
1371,188.75,-66.25,66.25,0.0,4,0.08827282677780757
1372,191.25,-66.25,66.25,0.0,4,0.08994736669039038
1373,193.75,-66.25,66.25,0.0,4,0.08468185907502955
1374,196.25,-66.25,66.25,0.0,4,0.07438830957965865
1375,198.75,-66.25,66.25,0.0,4,0.06563681853778565
1376,201.25,-66.25,66.25,0.0,4,0.056714745011502504
1377,203.75,-66.25,66.25,0.0,4,0.051317191245888946
1378,206.25,-66.25,66.25,0.0,4,0.04962879155330014
1379,208.75,-66.25,66.25,0.0,4,0.057777153968366655
1380,211.25,-66.25,66.25,0.0,4,0.06015362676696266
1381,213.75,-66.25,66.25,0.0,4,0.061342465324881267
1382,216.25,-66.25,66.25,0.0,4,0.07251676417600462
1383,218.75,-66.25,66.25,0.0,4,0.07917016153025286
1384,221.25,-66.25,66.25,0.0,4,0.07732385359744294
1385,223.75,-66.25,66.25,0.0,4,0.07238176530184026
1386,226.25,-66.25,66.25,0.0,4,0.06803783781002211
1387,228.75,-66.25,66.25,0.0,4,0.06514824888225312
1388,231.25,-66.25,66.25,0.0,4,0.07455793024170691
1389,233.75,-66.25,66.25,0.0,4,0.08066896189297328
1390,236.25,-66.25,66.25,0.0,4,0.08156533803995641
1391,238.75,-66.25,66.25,0.0,4,0.08176242934416574
1392,241.25,-66.25,66.25,0.0,4,0.0790806728869849
1393,243.75,-66.25,66.25,0.0,4,0.07908551715863527
1394,246.25,-66.25,66.25,0.0,4,0.08014433177533394
1395,248.75,-66.25,66.25,0.0,4,0.07881697451214442
1396,251.25,-66.25,66.25,0.0,4,0.07565588996105234
1397,253.75,-66.25,66.25,0.0,4,0.08064506423959175
1398,256.25,-66.25,66.25,0.0,4,0.08888213328027231
1399,258.75,-66.25,66.25,0.0,4,0.08862400485768455
1400,261.25,-66.25,66.25,0.0,4,0.07937313438249059
1401,263.75,-66.25,66.25,0.0,4,0.06529981888552817
1402,266.25,-66.25,66.25,0.0,4,0.049478171160014614
1403,268.75,-66.25,66.25,0.0,4,0.045830404471532235
1404,271.25,-66.25,66.25,0.0,4,0.05584181362677835
1405,273.75,-66.25,66.25,0.0,4,0.07217903191613369
1406,276.25,-66.25,66.25,0.0,4,0.06817753816043892
1407,278.75,-66.25,66.25,0.0,4,0.04997523248128675
1408,281.25,-66.25,66.25,0.0,4,0.04479509862785123
1409,283.75,-66.25,66.25,0.0,4,0.060632294174973074
1410,286.25,-66.25,66.25,0.0,4,0.08849059754378477
1411,288.75,-66.25,66.25,0.0,4,0.12050817949418251
1412,291.25,-66.25,66.25,0.0,4,0.12871420815885845
1413,293.75,-66.25,66.25,0.0,4,0.11376333949070501
1414,296.25,-66.25,66.25,1.0,0,0.0765863231128573
1415,298.75,-66.25,66.25,0.0,4,0.05018352193004876
1416,301.25,-66.25,66.25,0.0,4,0.03434233184691632
1417,303.75,-66.25,66.25,0.0,4,0.037724443892399886
1418,306.25,-66.25,66.25,0.0,4,0.05163852871422523
1419,308.75,-66.25,66.25,0.0,4,0.05746578124756892
1420,311.25,-66.25,66.25,0.0,4,0.06832176103157042
1421,313.75,-66.25,66.25,0.0,4,0.06669753861463924
1422,316.25,-66.25,66.25,0.0,4,0.058630928633348615
1423,318.75,-66.25,66.25,0.0,4,0.05245106615147715
1424,321.25,-66.25,66.25,0.0,4,0.04485383482635233
1425,323.75,-66.25,66.25,0.0,4,0.03666794664765195
1426,326.25,-66.25,66.25,0.0,4,0.033504667066788056
1427,328.75,-66.25,66.25,0.0,4,0.03679727352553445
1428,331.25,-66.25,66.25,0.0,4,0.04027951011846612
1429,333.75,-66.25,66.25,0.0,4,0.04467254720067096
1430,336.25,-66.25,66.25,0.0,4,0.049294740658622924
1431,338.75,-66.25,66.25,0.0,4,0.05122283660577759
1432,341.25,-66.25,66.25,0.0,4,0.051170675209244613
1433,343.75,-66.25,66.25,0.0,4,0.054973676940336225
1434,346.25,-66.25,66.25,0.0,4,0.06299535413220295
1435,348.75,-66.25,66.25,0.0,4,0.06890326749548446
1436,351.25,-66.25,66.25,0.0,4,0.06795255780302446
1437,353.75,-66.25,66.25,0.0,4,0.07480901414330005
1438,356.25,-66.25,66.25,0.0,4,0.09707623336334786
1439,358.75,-66.25,66.25,0.0,4,0.11035594729702415
1440,1.25,-63.75,63.75,0.0,4,0.1496741655903621
1441,3.75,-63.75,63.75,0.0,4,0.1394268179008134
1442,6.25,-63.75,63.75,0.0,4,0.1237078297349147
1443,8.75,-63.75,63.75,0.0,4,0.11523060090364132
1444,11.25,-63.75,63.75,0.0,4,0.11987443977670034
1445,13.75,-63.75,63.75,0.0,4,0.13054364779862687
1446,16.25,-63.75,63.75,0.0,4,0.1380602021958625
1447,18.75,-63.75,63.75,0.0,4,0.13594394647977948
1448,21.25,-63.75,63.75,0.0,4,0.12632285543231514
1449,23.75,-63.75,63.75,0.0,4,0.12450418478175274
1450,26.25,-63.75,63.75,0.0,4,0.12911584304854182
1451,28.75,-63.75,63.75,0.0,4,0.13535224072379712
1452,31.25,-63.75,63.75,0.0,4,0.14196507438023978
1453,33.75,-63.75,63.75,0.0,4,0.13949249848137552
1454,36.25,-63.75,63.75,0.0,4,0.130549953592302
1455,38.75,-63.75,63.75,0.0,4,0.1213976401017689
1456,41.25,-63.75,63.75,0.0,4,0.12726627748776834
1457,43.75,-63.75,63.75,0.0,4,0.1465213294034537
1458,46.25,-63.75,63.75,0.0,4,0.1622742824585967
1459,48.75,-63.75,63.75,0.0,4,0.1823681825419548
1460,51.25,-63.75,63.75,0.0,4,0.19154982460989317
1461,53.75,-63.75,63.75,0.0,4,0.1867156309294739
1462,56.25,-63.75,63.75,0.0,4,0.17900592349068878
1463,58.75,-63.75,63.75,0.0,4,0.16639489548942354
1464,61.25,-63.75,63.75,0.0,4,0.1489266590843218
1465,63.75,-63.75,63.75,0.0,4,0.13866428923394317
1466,66.25,-63.75,63.75,0.0,4,0.13310661915442942
1467,68.75,-63.75,63.75,0.0,4,0.12598937797275384
1468,71.25,-63.75,63.75,0.0,4,0.11683694080166195
1469,73.75,-63.75,63.75,0.0,4,0.10460040846410856
1470,76.25,-63.75,63.75,0.0,4,0.09519507322091074
1471,78.75,-63.75,63.75,0.0,4,0.0883818020665426
1472,81.25,-63.75,63.75,0.0,4,0.08873456167938037
1473,83.75,-63.75,63.75,0.0,4,0.09845218785295355
1474,86.25,-63.75,63.75,0.0,4,0.10957580561987221
1475,88.75,-63.75,63.75,0.0,4,0.10621149282173042
1476,91.25,-63.75,63.75,0.0,4,0.10298774840510289
1477,93.75,-63.75,63.75,0.0,4,0.10165878665351151
1478,96.25,-63.75,63.75,0.0,4,0.10403352941406546
1479,98.75,-63.75,63.75,0.0,4,0.10882851290133862
1480,101.25,-63.75,63.75,0.0,4,0.11383217950916062
1481,103.75,-63.75,63.75,0.0,4,0.11900227994443409
1482,106.25,-63.75,63.75,0.0,4,0.12396930704571556
1483,108.75,-63.75,63.75,0.0,4,0.12844901294966124
1484,111.25,-63.75,63.75,0.0,4,0.1185872907819011
1485,113.75,-63.75,63.75,0.0,4,0.1099390887981748
1486,116.25,-63.75,63.75,0.0,4,0.09692731613701666
1487,118.75,-63.75,63.75,0.0,4,0.09822915941016903
1488,121.25,-63.75,63.75,0.0,4,0.10800922560325084
1489,123.75,-63.75,63.75,0.0,4,0.10719683101597109
1490,126.25,-63.75,63.75,0.0,4,0.09731224664001216
1491,128.75,-63.75,63.75,0.0,4,0.09006124120270571
1492,131.25,-63.75,63.75,0.0,4,0.08692944083166804
1493,133.75,-63.75,63.75,0.0,4,0.09418765863794058
1494,136.25,-63.75,63.75,0.0,4,0.10697377062806819
1495,138.75,-63.75,63.75,0.0,4,0.12283355655313939
1496,141.25,-63.75,63.75,0.0,4,0.12724162241131404
1497,143.75,-63.75,63.75,0.0,4,0.12174691400438177
1498,146.25,-63.75,63.75,0.0,4,0.10977357148064189
1499,148.75,-63.75,63.75,0.0,4,0.10181970152849917
1500,151.25,-63.75,63.75,0.0,4,0.10731784726901161
1501,153.75,-63.75,63.75,0.0,4,0.1256761935967194
1502,156.25,-63.75,63.75,0.0,4,0.1461956048936709
1503,158.75,-63.75,63.75,0.0,4,0.14727036935631468
1504,161.25,-63.75,63.75,0.0,4,0.13974010132877415
1505,163.75,-63.75,63.75,0.0,4,0.13210605902351566
1506,166.25,-63.75,63.75,0.0,4,0.1273998574409425
1507,168.75,-63.75,63.75,0.0,4,0.12002336232868713
1508,171.25,-63.75,63.75,0.0,4,0.1145416567821637
1509,173.75,-63.75,63.75,0.0,4,0.1154114121358994
1510,176.25,-63.75,63.75,0.0,4,0.11388173805293353
1511,178.75,-63.75,63.75,0.0,4,0.11123595788178145
1512,181.25,-63.75,63.75,0.0,4,0.11394013430922144
1513,183.75,-63.75,63.75,0.0,4,0.11760423087050971
1514,186.25,-63.75,63.75,0.0,4,0.12096540439658778
1515,188.75,-63.75,63.75,0.0,4,0.12536155164476354
1516,191.25,-63.75,63.75,0.0,4,0.12764626508464522
1517,193.75,-63.75,63.75,0.0,4,0.11781626994818795
1518,196.25,-63.75,63.75,0.0,4,0.10629617579333475
1519,198.75,-63.75,63.75,0.0,4,0.09559085628856066
1520,201.25,-63.75,63.75,0.0,4,0.08208577640950351
1521,203.75,-63.75,63.75,0.0,4,0.07705001095119057
1522,206.25,-63.75,63.75,0.0,4,0.07868975025905087
1523,208.75,-63.75,63.75,0.0,4,0.08440386350451876
1524,211.25,-63.75,63.75,0.0,4,0.08415429057214564
1525,213.75,-63.75,63.75,0.0,4,0.08909615303112607
1526,216.25,-63.75,63.75,0.0,4,0.09998674858915779
1527,218.75,-63.75,63.75,0.0,4,0.11112279889827574
1528,221.25,-63.75,63.75,0.0,4,0.11703493626836038
1529,223.75,-63.75,63.75,0.0,4,0.10959981958327328
1530,226.25,-63.75,63.75,0.0,4,0.09619609066720008
1531,228.75,-63.75,63.75,0.0,4,0.09229936407431424
1532,231.25,-63.75,63.75,0.0,4,0.09737366100812425
1533,233.75,-63.75,63.75,0.0,4,0.100992853838349
1534,236.25,-63.75,63.75,0.0,4,0.0961924234623218
1535,238.75,-63.75,63.75,0.0,4,0.09515574284050417
1536,241.25,-63.75,63.75,0.0,4,0.09729090714145741
1537,243.75,-63.75,63.75,0.0,4,0.10935209298515448
1538,246.25,-63.75,63.75,0.0,4,0.1140660462333278
1539,248.75,-63.75,63.75,0.0,4,0.10816905952363648
1540,251.25,-63.75,63.75,0.0,4,0.10120374292486155
1541,253.75,-63.75,63.75,0.0,4,0.09467813514557374
1542,256.25,-63.75,63.75,0.0,4,0.10092943291014385
1543,258.75,-63.75,63.75,0.0,4,0.11126601038322836
1544,261.25,-63.75,63.75,0.0,4,0.11635387775939288
1545,263.75,-63.75,63.75,0.0,4,0.10331655246035613
1546,266.25,-63.75,63.75,0.0,4,0.07847546946388824
1547,268.75,-63.75,63.75,0.0,4,0.052801979845331456
1548,271.25,-63.75,63.75,0.0,4,0.04916360842410893
1549,273.75,-63.75,63.75,0.0,4,0.06518684486317829
1550,276.25,-63.75,63.75,0.0,4,0.08095835955638457
1551,278.75,-63.75,63.75,0.0,4,0.07642714967435088
1552,281.25,-63.75,63.75,0.0,4,0.06100585508129008
1553,283.75,-63.75,63.75,0.0,4,0.048910316272111405
1554,286.25,-63.75,63.75,0.0,4,0.056934745231290336
1555,288.75,-63.75,63.75,0.0,4,0.09290034188887172
1556,291.25,-63.75,63.75,0.0,4,0.11882421001786951
1557,293.75,-63.75,63.75,0.0,4,0.11029664192882414
1558,296.25,-63.75,63.75,0.0,4,0.08301751084503055
1559,298.75,-63.75,63.75,0.0,4,0.06397897017349097
1560,301.25,-63.75,63.75,0.0,4,0.04698609396884103
1561,303.75,-63.75,63.75,0.0,4,0.056462850990509086
1562,306.25,-63.75,63.75,0.0,4,0.07104595122158942
1563,308.75,-63.75,63.75,0.0,4,0.07953377856012067
1564,311.25,-63.75,63.75,0.0,4,0.08446188748742252
1565,313.75,-63.75,63.75,0.0,4,0.0834797758398721
1566,316.25,-63.75,63.75,0.0,4,0.08510124523921554
1567,318.75,-63.75,63.75,0.0,4,0.09794378339442891
1568,321.25,-63.75,63.75,0.0,4,0.10693157138016718
1569,323.75,-63.75,63.75,0.0,4,0.09933005018752919
1570,326.25,-63.75,63.75,0.0,4,0.08325035045872309
1571,328.75,-63.75,63.75,0.0,4,0.0748517847160946
1572,331.25,-63.75,63.75,0.0,4,0.07805447035241007
1573,333.75,-63.75,63.75,0.0,4,0.08984675543311019
1574,336.25,-63.75,63.75,0.0,4,0.09268993145618025
1575,338.75,-63.75,63.75,0.0,4,0.08977408509079664
1576,341.25,-63.75,63.75,0.0,4,0.08000232174207113
1577,343.75,-63.75,63.75,0.0,4,0.07024438997853616
1578,346.25,-63.75,63.75,0.0,4,0.06971552091731054
1579,348.75,-63.75,63.75,0.0,4,0.06835821177991877
1580,351.25,-63.75,63.75,0.0,4,0.07262591633364056
1581,353.75,-63.75,63.75,0.0,4,0.08662557409868636
1582,356.25,-63.75,63.75,0.0,4,0.11437114853219699
1583,358.75,-63.75,63.75,0.0,4,0.1426313243018512
1584,1.25,-61.25,61.25,0.0,4,0.14311543567376012
1585,3.75,-61.25,61.25,0.0,4,0.1441412689505806
1586,6.25,-61.25,61.25,0.0,4,0.1459433593173289
1587,8.75,-61.25,61.25,0.0,4,0.14697016960349227
1588,11.25,-61.25,61.25,0.0,4,0.14939360566695037
1589,13.75,-61.25,61.25,0.0,4,0.14889059584377806
1590,16.25,-61.25,61.25,0.0,4,0.1509010168591544
1591,18.75,-61.25,61.25,0.0,4,0.14147351243095727
1592,21.25,-61.25,61.25,0.0,4,0.1369227236834172
1593,23.75,-61.25,61.25,0.0,4,0.13903209467463612
1594,26.25,-61.25,61.25,0.0,4,0.13543714519686748
1595,28.75,-61.25,61.25,0.0,4,0.1262541338727435
1596,31.25,-61.25,61.25,0.0,4,0.13183542186604996
1597,33.75,-61.25,61.25,0.0,4,0.14400855477804267
1598,36.25,-61.25,61.25,0.0,4,0.151151523709817
1599,38.75,-61.25,61.25,0.0,4,0.149350039482472
1600,41.25,-61.25,61.25,0.0,4,0.14654753047800412
1601,43.75,-61.25,61.25,0.0,4,0.14447980719723788
1602,46.25,-61.25,61.25,0.0,4,0.14688475282171262
1603,48.75,-61.25,61.25,0.0,4,0.15731283124848947
1604,51.25,-61.25,61.25,0.0,4,0.1695930485876723
1605,53.75,-61.25,61.25,0.0,4,0.17601952333566465
1606,56.25,-61.25,61.25,0.0,4,0.18234869679931637
1607,58.75,-61.25,61.25,0.0,4,0.19567408467560796
1608,61.25,-61.25,61.25,0.0,4,0.19899482981896502
1609,63.75,-61.25,61.25,0.0,4,0.18652105783402156
1610,66.25,-61.25,61.25,0.0,4,0.17387039369885254
1611,68.75,-61.25,61.25,0.0,4,0.17380074486273933
1612,71.25,-61.25,61.25,0.0,4,0.18030536489409602
1613,73.75,-61.25,61.25,0.0,4,0.1704219472399212
1614,76.25,-61.25,61.25,0.0,4,0.16652502863066515
1615,78.75,-61.25,61.25,0.0,4,0.15585869548158474
1616,81.25,-61.25,61.25,0.0,4,0.13897809284329884
1617,83.75,-61.25,61.25,0.0,4,0.13958979761231166
1618,86.25,-61.25,61.25,0.0,4,0.16054875237532468
1619,88.75,-61.25,61.25,0.0,4,0.16347708735612515
1620,91.25,-61.25,61.25,0.0,4,0.15427244334761686
1621,93.75,-61.25,61.25,0.0,4,0.13772527515213506
1622,96.25,-61.25,61.25,0.0,4,0.12437871170641847
1623,98.75,-61.25,61.25,0.0,4,0.11588807692835858
1624,101.25,-61.25,61.25,0.0,4,0.11593281203279486
1625,103.75,-61.25,61.25,0.0,4,0.11033538929635288
1626,106.25,-61.25,61.25,0.0,4,0.10813557886474069
1627,108.75,-61.25,61.25,0.0,4,0.11279141053222898
1628,111.25,-61.25,61.25,0.0,4,0.12752171713361177
1629,113.75,-61.25,61.25,0.0,4,0.13147376733988486
1630,116.25,-61.25,61.25,0.0,4,0.12253206912607864
1631,118.75,-61.25,61.25,0.0,4,0.12494046433298443
1632,121.25,-61.25,61.25,0.0,4,0.14217067390231983
1633,123.75,-61.25,61.25,0.0,4,0.14852728989493102
1634,126.25,-61.25,61.25,0.0,4,0.135801052551683
1635,128.75,-61.25,61.25,0.0,4,0.12863291836091637
1636,131.25,-61.25,61.25,0.0,4,0.12465676540087477
1637,133.75,-61.25,61.25,0.0,4,0.12154605554126001
1638,136.25,-61.25,61.25,0.0,4,0.12297233927879594
1639,138.75,-61.25,61.25,0.0,4,0.13492755666017342
1640,141.25,-61.25,61.25,0.0,4,0.13258246807652535
1641,143.75,-61.25,61.25,0.0,4,0.122414283955812
1642,146.25,-61.25,61.25,0.0,4,0.12520370118179416
1643,148.75,-61.25,61.25,0.0,4,0.1329404165642061
1644,151.25,-61.25,61.25,0.0,4,0.1417011814909164
1645,153.75,-61.25,61.25,0.0,4,0.15065936332791607
1646,156.25,-61.25,61.25,0.0,4,0.15604851704144593
1647,158.75,-61.25,61.25,0.0,4,0.15555993287840583
1648,161.25,-61.25,61.25,0.0,4,0.15543580837982776
1649,163.75,-61.25,61.25,0.0,4,0.14951951438968725
1650,166.25,-61.25,61.25,0.0,4,0.14055799068515099
1651,168.75,-61.25,61.25,0.0,4,0.13958233766013287
1652,171.25,-61.25,61.25,0.0,4,0.14109565045206512
1653,173.75,-61.25,61.25,0.0,4,0.14087007233019544
1654,176.25,-61.25,61.25,0.0,4,0.14326828329847674
1655,178.75,-61.25,61.25,0.0,4,0.14520644764622317
1656,181.25,-61.25,61.25,0.0,4,0.15078305997904448
1657,183.75,-61.25,61.25,0.0,4,0.1507917490105087
1658,186.25,-61.25,61.25,0.0,4,0.13985427952198298
1659,188.75,-61.25,61.25,0.0,4,0.1332888572113588
1660,191.25,-61.25,61.25,0.0,4,0.1271106321146047
1661,193.75,-61.25,61.25,0.0,4,0.11730660520974615
1662,196.25,-61.25,61.25,0.0,4,0.10624649417615241
1663,198.75,-61.25,61.25,0.0,4,0.09699618359820701
1664,201.25,-61.25,61.25,0.0,4,0.09059786127898307
1665,203.75,-61.25,61.25,0.0,4,0.0870800804138921
1666,206.25,-61.25,61.25,0.0,4,0.08431756985688812
1667,208.75,-61.25,61.25,0.0,4,0.08333875863502137
1668,211.25,-61.25,61.25,0.0,4,0.09135585179950767
1669,213.75,-61.25,61.25,0.0,4,0.10683793384435446
1670,216.25,-61.25,61.25,0.0,4,0.10551437360440441
1671,218.75,-61.25,61.25,0.0,4,0.09653840098212407
1672,221.25,-61.25,61.25,0.0,4,0.08968497215035769
1673,223.75,-61.25,61.25,0.0,4,0.08827134668768194
1674,226.25,-61.25,61.25,0.0,4,0.09123595152028964
1675,228.75,-61.25,61.25,0.0,4,0.09878278889863298
1676,231.25,-61.25,61.25,0.0,4,0.09572498804121363
1677,233.75,-61.25,61.25,0.0,4,0.09300361240154101
1678,236.25,-61.25,61.25,0.0,4,0.09327421183710334
1679,238.75,-61.25,61.25,0.0,4,0.09560917845377831
1680,241.25,-61.25,61.25,0.0,4,0.10262078543804257
1681,243.75,-61.25,61.25,0.0,4,0.10853029948422827
1682,246.25,-61.25,61.25,0.0,4,0.10748085843795993
1683,248.75,-61.25,61.25,0.0,4,0.1038376671830159
1684,251.25,-61.25,61.25,0.0,4,0.1073392920034322
1685,253.75,-61.25,61.25,0.0,4,0.10797890648000454
1686,256.25,-61.25,61.25,0.0,4,0.10723030656756745
1687,258.75,-61.25,61.25,0.0,4,0.1001707507521258
1688,261.25,-61.25,61.25,0.0,4,0.09876330762518759
1689,263.75,-61.25,61.25,0.0,4,0.10425932419803474
1690,266.25,-61.25,61.25,0.0,4,0.10801768134224585
1691,268.75,-61.25,61.25,0.0,4,0.09711319469097372
1692,271.25,-61.25,61.25,0.0,4,0.08606598054451751
1693,273.75,-61.25,61.25,0.0,4,0.08877518485618988
1694,276.25,-61.25,61.25,0.0,4,0.09838387637421268
1695,278.75,-61.25,61.25,0.0,4,0.11290333043885122
1696,281.25,-61.25,61.25,0.0,4,0.11123086399530223
1697,283.75,-61.25,61.25,0.0,4,0.09889341016142376
1698,286.25,-61.25,61.25,0.0,4,0.08398219484308712
1699,288.75,-61.25,61.25,0.0,4,0.08911567078456843
1700,291.25,-61.25,61.25,0.0,4,0.09564002625424106
1701,293.75,-61.25,61.25,0.0,4,0.09710071497770056
1702,296.25,-61.25,61.25,0.0,4,0.09357455106900568
1703,298.75,-61.25,61.25,0.0,4,0.08124108689706297
1704,301.25,-61.25,61.25,0.0,4,0.055763352398976854
1705,303.75,-61.25,61.25,0.0,4,0.04912793057367528
1706,306.25,-61.25,61.25,0.0,4,0.06409391723254493
1707,308.75,-61.25,61.25,0.0,4,0.07935012530348594
1708,311.25,-61.25,61.25,0.0,4,0.09214096774927615
1709,313.75,-61.25,61.25,0.0,4,0.09554758870922775
1710,316.25,-61.25,61.25,0.0,4,0.09756776655817836
1711,318.75,-61.25,61.25,0.0,4,0.10479972433792542
1712,321.25,-61.25,61.25,0.0,4,0.11439433221860912
1713,323.75,-61.25,61.25,0.0,4,0.11132946585345314
1714,326.25,-61.25,61.25,0.0,4,0.10296063312962639
1715,328.75,-61.25,61.25,0.0,4,0.10305633275456194
1716,331.25,-61.25,61.25,0.0,4,0.11158688550397322
1717,333.75,-61.25,61.25,0.0,4,0.12427009554071015
1718,336.25,-61.25,61.25,0.0,4,0.12390254135060184
1719,338.75,-61.25,61.25,0.0,4,0.12099475190217267
1720,341.25,-61.25,61.25,0.0,4,0.12915871035562962
1721,343.75,-61.25,61.25,0.0,4,0.12251109802572221
1722,346.25,-61.25,61.25,0.0,4,0.1122875729046185
1723,348.75,-61.25,61.25,0.0,4,0.10700510890546056
1724,351.25,-61.25,61.25,0.0,4,0.11419670227962973
1725,353.75,-61.25,61.25,0.0,4,0.1275360186444974
1726,356.25,-61.25,61.25,0.0,4,0.13823458821768211
1727,358.75,-61.25,61.25,0.0,4,0.14011013778628187
1728,1.25,-58.75,58.75,0.0,1,0.13455183225536477
1729,3.75,-58.75,58.75,0.0,1,0.149024642569781
1730,6.25,-58.75,58.75,0.0,1,0.15309848858469818
1731,8.75,-58.75,58.75,0.0,1,0.1486393819622701
1732,11.25,-58.75,58.75,0.0,1,0.13889707719000305
1733,13.75,-58.75,58.75,0.0,1,0.14053837710066558
1734,16.25,-58.75,58.75,0.0,1,0.1394369305639338
1735,18.75,-58.75,58.75,0.0,1,0.1305904807757338
1736,21.25,-58.75,58.75,0.0,1,0.13070206977678592
1737,23.75,-58.75,58.75,0.0,1,0.14307608859636767
1738,26.25,-58.75,58.75,0.0,1,0.14113019515336492
1739,28.75,-58.75,58.75,0.0,1,0.11596606682674779
1740,31.25,-58.75,58.75,0.0,3,0.10220677996356123
1741,33.75,-58.75,58.75,0.0,3,0.10825903571579747
1742,36.25,-58.75,58.75,0.0,3,0.11717968494787924
1743,38.75,-58.75,58.75,0.0,3,0.12228989031181889
1744,41.25,-58.75,58.75,0.0,3,0.1273128319546085
1745,43.75,-58.75,58.75,0.0,3,0.1302401136267763
1746,46.25,-58.75,58.75,0.0,3,0.13554899898135783
1747,48.75,-58.75,58.75,0.0,3,0.14426766827218304
1748,51.25,-58.75,58.75,0.0,3,0.15608464087977325
1749,53.75,-58.75,58.75,0.0,3,0.16131614985381726
1750,56.25,-58.75,58.75,0.0,3,0.16815565392074078
1751,58.75,-58.75,58.75,0.0,3,0.18362073389690425
1752,61.25,-58.75,58.75,0.0,3,0.19434423217556765
1753,63.75,-58.75,58.75,0.0,3,0.19772136210960778
1754,66.25,-58.75,58.75,0.0,3,0.19242731892441908
1755,68.75,-58.75,58.75,0.0,3,0.1844154045054549
1756,71.25,-58.75,58.75,0.0,3,0.17511806833157031
1757,73.75,-58.75,58.75,0.0,3,0.15279835179532797
1758,76.25,-58.75,58.75,0.0,3,0.1537205005861891
1759,78.75,-58.75,58.75,0.0,3,0.16594619853515036
1760,81.25,-58.75,58.75,0.0,3,0.16236582712222997
1761,83.75,-58.75,58.75,0.0,3,0.15906842511901445
1762,86.25,-58.75,58.75,0.0,3,0.1606086239524953
1763,88.75,-58.75,58.75,0.0,3,0.1636610706533196
1764,91.25,-58.75,58.75,0.0,3,0.17019159933272826
1765,93.75,-58.75,58.75,0.0,3,0.1661511034379474
1766,96.25,-58.75,58.75,0.0,3,0.1549531413461206
1767,98.75,-58.75,58.75,0.0,3,0.15169296357611384
1768,101.25,-58.75,58.75,0.0,3,0.1613345711710363
1769,103.75,-58.75,58.75,0.0,3,0.15293882522504815
1770,106.25,-58.75,58.75,0.0,3,0.12876062183898251
1771,108.75,-58.75,58.75,0.0,3,0.10615778480469969
1772,111.25,-58.75,58.75,0.0,3,0.10001791386473123
1773,113.75,-58.75,58.75,0.0,3,0.10786397782072875
1774,116.25,-58.75,58.75,0.0,3,0.11316546563474818
1775,118.75,-58.75,58.75,0.0,3,0.1162914282489291
1776,121.25,-58.75,58.75,0.0,2,0.11721679352119246
1777,123.75,-58.75,58.75,0.0,2,0.11058733621816107
1778,126.25,-58.75,58.75,0.0,2,0.10173250436109324
1779,128.75,-58.75,58.75,0.0,2,0.1089530769963483
1780,131.25,-58.75,58.75,0.0,2,0.11800967097358285
1781,133.75,-58.75,58.75,0.0,2,0.12161456301815231
1782,136.25,-58.75,58.75,0.0,2,0.11650489498027083
1783,138.75,-58.75,58.75,0.0,2,0.10862172345854763
1784,141.25,-58.75,58.75,0.0,2,0.09839483493129239
1785,143.75,-58.75,58.75,0.0,2,0.09865776720782564
1786,146.25,-58.75,58.75,0.0,2,0.1130230228033972
1787,148.75,-58.75,58.75,0.0,2,0.1336704795586345
1788,151.25,-58.75,58.75,0.0,2,0.15052764970910984
1789,153.75,-58.75,58.75,0.0,2,0.15614407845300474
1790,156.25,-58.75,58.75,0.0,2,0.16304259851919756
1791,158.75,-58.75,58.75,0.0,2,0.17056535818318083
1792,161.25,-58.75,58.75,0.0,2,0.18082367033556712
1793,163.75,-58.75,58.75,0.0,2,0.18514253034854128
1794,166.25,-58.75,58.75,0.0,2,0.18001895017465167
1795,168.75,-58.75,58.75,0.0,2,0.17258728451579347
1796,171.25,-58.75,58.75,0.0,2,0.1662002627196251
1797,173.75,-58.75,58.75,0.0,2,0.15532847411845915
1798,176.25,-58.75,58.75,0.0,2,0.15445616291278236
1799,178.75,-58.75,58.75,0.0,2,0.16125675175216897
1800,181.25,-58.75,58.75,0.0,2,0.1596210043945983
1801,183.75,-58.75,58.75,0.0,2,0.15275973396514886
1802,186.25,-58.75,58.75,0.0,2,0.15168049871671366
1803,188.75,-58.75,58.75,0.0,2,0.14661946648994478
1804,191.25,-58.75,58.75,0.0,2,0.1218676279671949
1805,193.75,-58.75,58.75,0.0,2,0.09646226034489205
1806,196.25,-58.75,58.75,0.0,2,0.08311588983002868
1807,198.75,-58.75,58.75,0.0,2,0.07857923504545632
1808,201.25,-58.75,58.75,0.0,2,0.0901346770940768
1809,203.75,-58.75,58.75,0.0,2,0.0883507731467443
1810,206.25,-58.75,58.75,0.0,2,0.0902510029070604
1811,208.75,-58.75,58.75,0.0,2,0.09168790077217474
1812,211.25,-58.75,58.75,0.0,2,0.10737763058176002
1813,213.75,-58.75,58.75,0.0,2,0.11652227035668597
1814,216.25,-58.75,58.75,0.0,2,0.09942302108018673
1815,218.75,-58.75,58.75,0.0,2,0.08119741204308269
1816,221.25,-58.75,58.75,0.0,2,0.07928833498582237
1817,223.75,-58.75,58.75,0.0,2,0.08825600554132679
1818,226.25,-58.75,58.75,0.0,2,0.10170955137594424
1819,228.75,-58.75,58.75,0.0,2,0.10821130278229704
1820,231.25,-58.75,58.75,0.0,2,0.0891524507387703
1821,233.75,-58.75,58.75,0.0,2,0.08102939313479122
1822,236.25,-58.75,58.75,0.0,2,0.0784127418234291
1823,238.75,-58.75,58.75,0.0,2,0.08513378936054612
1824,241.25,-58.75,58.75,0.0,2,0.0945714015330617
1825,243.75,-58.75,58.75,0.0,2,0.09345946386757621
1826,246.25,-58.75,58.75,0.0,2,0.07793593168414621
1827,248.75,-58.75,58.75,0.0,2,0.06886806503587395
1828,251.25,-58.75,58.75,0.0,2,0.08093595518303973
1829,253.75,-58.75,58.75,0.0,2,0.10724079032758911
1830,256.25,-58.75,58.75,0.0,2,0.1183086813243653
1831,258.75,-58.75,58.75,0.0,2,0.10673474825614974
1832,261.25,-58.75,58.75,0.0,2,0.0932147346461735
1833,263.75,-58.75,58.75,0.0,2,0.08949798429119027
1834,266.25,-58.75,58.75,0.0,2,0.09636244976842823
1835,268.75,-58.75,58.75,0.0,2,0.09489689657784534
1836,271.25,-58.75,58.75,0.0,2,0.09441562055140891
1837,273.75,-58.75,58.75,0.0,2,0.10155983197941579
1838,276.25,-58.75,58.75,0.0,2,0.1001111003458559
1839,278.75,-58.75,58.75,0.0,2,0.09125152331033373
1840,281.25,-58.75,58.75,0.0,1,0.08510692130712125
1841,283.75,-58.75,58.75,0.0,1,0.08656609452801102
1842,286.25,-58.75,58.75,0.0,1,0.09988052122572216
1843,288.75,-58.75,58.75,0.0,1,0.10913403141840608
1844,291.25,-58.75,58.75,0.0,1,0.10414949357506505
1845,293.75,-58.75,58.75,0.0,1,0.09081255810080993
1846,296.25,-58.75,58.75,0.0,1,0.08800519185335254
1847,298.75,-58.75,58.75,0.0,1,0.09547218443868273
1848,301.25,-58.75,58.75,0.0,1,0.08730518808857295
1849,303.75,-58.75,58.75,0.0,1,0.06734470310238748
1850,306.25,-58.75,58.75,0.0,1,0.07591864427941206
1851,308.75,-58.75,58.75,0.0,1,0.10538888593268217
1852,311.25,-58.75,58.75,0.0,1,0.11518777519253885
1853,313.75,-58.75,58.75,0.0,1,0.09128511408432048
1854,316.25,-58.75,58.75,0.0,1,0.08447347141398222
1855,318.75,-58.75,58.75,0.0,1,0.09496677733253622
1856,321.25,-58.75,58.75,0.0,1,0.11111496024101379
1857,323.75,-58.75,58.75,0.0,1,0.12123394963132592
1858,326.25,-58.75,58.75,0.0,1,0.12062714016100802
1859,328.75,-58.75,58.75,0.0,1,0.11980516116660866
1860,331.25,-58.75,58.75,0.0,1,0.1269609898351843
1861,333.75,-58.75,58.75,0.0,1,0.13181674639242516
1862,336.25,-58.75,58.75,0.0,1,0.12158614760610237
1863,338.75,-58.75,58.75,0.0,1,0.1142276602055821
1864,341.25,-58.75,58.75,0.0,1,0.13730130605066926
1865,343.75,-58.75,58.75,0.0,1,0.15522657596169456
1866,346.25,-58.75,58.75,0.0,1,0.1414679628745271
1867,348.75,-58.75,58.75,0.0,1,0.12452694683253718
1868,351.25,-58.75,58.75,0.0,1,0.12816802092715446
1869,353.75,-58.75,58.75,0.0,1,0.13790704841430584
1870,356.25,-58.75,58.75,0.0,1,0.130247042081571
1871,358.75,-58.75,58.75,0.0,1,0.12586009352592392
1872,1.25,-56.25,56.25,0.0,1,0.11538035568011047
1873,3.75,-56.25,56.25,0.0,1,0.12688467675281376
1874,6.25,-56.25,56.25,0.0,1,0.1191756685856234
1875,8.75,-56.25,56.25,0.0,1,0.09822466854253112
1876,11.25,-56.25,56.25,0.0,1,0.09031916443908154
1877,13.75,-56.25,56.25,0.0,1,0.10254521036061039
1878,16.25,-56.25,56.25,0.0,1,0.10763411944122364
1879,18.75,-56.25,56.25,0.0,1,0.09653114101135547
1880,21.25,-56.25,56.25,0.0,1,0.08895344974542628
1881,23.75,-56.25,56.25,0.0,1,0.08977064593568682
1882,26.25,-56.25,56.25,0.0,1,0.08241769283523309
1883,28.75,-56.25,56.25,0.0,1,0.08049678398581832
1884,31.25,-56.25,56.25,0.0,3,0.08470992911095039
1885,33.75,-56.25,56.25,0.0,3,0.09085589571805008
1886,36.25,-56.25,56.25,0.0,3,0.09302982409180056
1887,38.75,-56.25,56.25,0.0,3,0.09775509725103809
1888,41.25,-56.25,56.25,0.0,3,0.09097631652775198
1889,43.75,-56.25,56.25,0.0,3,0.0966733307045612
1890,46.25,-56.25,56.25,0.0,3,0.11468970115231798
1891,48.75,-56.25,56.25,0.0,3,0.12202219279668193
1892,51.25,-56.25,56.25,0.0,3,0.11910347046375383
1893,53.75,-56.25,56.25,0.0,3,0.12193704474217301
1894,56.25,-56.25,56.25,0.0,3,0.13967378266245564
1895,58.75,-56.25,56.25,0.0,3,0.15425662645446195
1896,61.25,-56.25,56.25,0.0,3,0.15682195683001496
1897,63.75,-56.25,56.25,0.0,3,0.14964750548499317
1898,66.25,-56.25,56.25,0.0,3,0.15323127353572305
1899,68.75,-56.25,56.25,0.0,3,0.16319400863684927
1900,71.25,-56.25,56.25,0.0,3,0.16180042169994627
1901,73.75,-56.25,56.25,0.0,3,0.14758194145960646
1902,76.25,-56.25,56.25,0.0,3,0.13286654688084557
1903,78.75,-56.25,56.25,0.0,3,0.1269380777104259
1904,81.25,-56.25,56.25,0.0,3,0.14548163159176852
1905,83.75,-56.25,56.25,0.0,3,0.1540179123494468
1906,86.25,-56.25,56.25,0.0,3,0.15715819623175084
1907,88.75,-56.25,56.25,0.0,3,0.1632791279105704
1908,91.25,-56.25,56.25,0.0,3,0.17314319310883142
1909,93.75,-56.25,56.25,0.0,3,0.17335188079209357
1910,96.25,-56.25,56.25,0.0,3,0.16081707744332566
1911,98.75,-56.25,56.25,0.0,3,0.1517106196905904
1912,101.25,-56.25,56.25,0.0,3,0.1473950265265624
1913,103.75,-56.25,56.25,0.0,3,0.1480445786155338
1914,106.25,-56.25,56.25,0.0,3,0.13588773785164449
1915,108.75,-56.25,56.25,0.0,3,0.11832952711728974
1916,111.25,-56.25,56.25,0.0,3,0.11917184294101939
1917,113.75,-56.25,56.25,0.0,3,0.1204157920137285
1918,116.25,-56.25,56.25,0.0,3,0.11847807528932162
1919,118.75,-56.25,56.25,0.0,3,0.11662559772218385
1920,121.25,-56.25,56.25,0.0,2,0.11612233203183235
1921,123.75,-56.25,56.25,0.0,2,0.11031782100763057
1922,126.25,-56.25,56.25,0.0,2,0.0977477804314322
1923,128.75,-56.25,56.25,0.0,2,0.09244213727940334
1924,131.25,-56.25,56.25,0.0,2,0.08804169572993874
1925,133.75,-56.25,56.25,0.0,2,0.10787508354986487
1926,136.25,-56.25,56.25,0.0,2,0.11633009992568595
1927,138.75,-56.25,56.25,0.0,2,0.10992356561093065
1928,141.25,-56.25,56.25,0.0,2,0.10986432605755478
1929,143.75,-56.25,56.25,0.0,2,0.11171313093218745
1930,146.25,-56.25,56.25,0.0,2,0.11525164731009827
1931,148.75,-56.25,56.25,0.0,2,0.12400352576523899
1932,151.25,-56.25,56.25,0.0,2,0.12710319428716021
1933,153.75,-56.25,56.25,0.0,2,0.13583729428106617
1934,156.25,-56.25,56.25,0.0,2,0.1495146735410296
1935,158.75,-56.25,56.25,0.0,2,0.1707182075817473
1936,161.25,-56.25,56.25,0.0,2,0.1827498318230229
1937,163.75,-56.25,56.25,0.0,2,0.18305245808752296
1938,166.25,-56.25,56.25,0.0,2,0.17728167636643655
1939,168.75,-56.25,56.25,0.0,2,0.16372302659888982
1940,171.25,-56.25,56.25,0.0,2,0.1498704695681419
1941,173.75,-56.25,56.25,0.0,2,0.1358854150369491
1942,176.25,-56.25,56.25,0.0,2,0.12910573708888406
1943,178.75,-56.25,56.25,0.0,2,0.13218257028412184
1944,181.25,-56.25,56.25,0.0,2,0.12753174856331528
1945,183.75,-56.25,56.25,0.0,2,0.13122928939113543
1946,186.25,-56.25,56.25,0.0,2,0.14890439160734759
1947,188.75,-56.25,56.25,0.0,2,0.15102092391272454
1948,191.25,-56.25,56.25,0.0,2,0.12686616512178475
1949,193.75,-56.25,56.25,0.0,2,0.09530058658541926
1950,196.25,-56.25,56.25,0.0,2,0.06921433133215818
1951,198.75,-56.25,56.25,0.0,2,0.05988486606691857
1952,201.25,-56.25,56.25,0.0,2,0.06940605607577395
1953,203.75,-56.25,56.25,0.0,2,0.0806934857909849
1954,206.25,-56.25,56.25,0.0,2,0.08134496894828717
1955,208.75,-56.25,56.25,0.0,2,0.07436071920755738
1956,211.25,-56.25,56.25,0.0,2,0.08141273341823159
1957,213.75,-56.25,56.25,0.0,2,0.0883595697487117
1958,216.25,-56.25,56.25,0.0,2,0.07798473238799987
1959,218.75,-56.25,56.25,0.0,2,0.06242627208227495
1960,221.25,-56.25,56.25,0.0,2,0.06605215925943496
1961,223.75,-56.25,56.25,0.0,2,0.08033802608764273
1962,226.25,-56.25,56.25,0.0,2,0.08599365329672691
1963,228.75,-56.25,56.25,0.0,2,0.087617924369544
1964,231.25,-56.25,56.25,0.0,2,0.09534783472254721
1965,233.75,-56.25,56.25,0.0,2,0.10415198996686194
1966,236.25,-56.25,56.25,0.0,2,0.09352939511367706
1967,238.75,-56.25,56.25,0.0,2,0.07814657417454553
1968,241.25,-56.25,56.25,0.0,2,0.07808194409247865
1969,243.75,-56.25,56.25,0.0,2,0.08403775302019986
1970,246.25,-56.25,56.25,0.0,2,0.08259743420445463
1971,248.75,-56.25,56.25,0.0,2,0.07166800182824634
1972,251.25,-56.25,56.25,0.0,2,0.07567685140665126
1973,253.75,-56.25,56.25,0.0,2,0.09026259151863025
1974,256.25,-56.25,56.25,0.0,2,0.10855536623703219
1975,258.75,-56.25,56.25,0.0,2,0.10697595133705431
1976,261.25,-56.25,56.25,0.0,2,0.10387700157920225
1977,263.75,-56.25,56.25,0.0,2,0.10918767628893028
1978,266.25,-56.25,56.25,0.0,2,0.09901655009494194
1979,268.75,-56.25,56.25,0.0,2,0.07899484098882263
1980,271.25,-56.25,56.25,0.0,2,0.07771083336198024
1981,273.75,-56.25,56.25,0.0,2,0.08661488956685666
1982,276.25,-56.25,56.25,0.0,2,0.08615027889447863
1983,278.75,-56.25,56.25,0.0,2,0.07463952199425358
1984,281.25,-56.25,56.25,0.0,1,0.06687469946685476
1985,283.75,-56.25,56.25,0.0,1,0.0956630394209382
1986,286.25,-56.25,56.25,0.0,1,0.13134997507531462
1987,288.75,-56.25,56.25,0.0,1,0.11097439189699967
1988,291.25,-56.25,56.25,0.0,1,0.08581833854211891
1989,293.75,-56.25,56.25,0.0,1,0.05126826186988725
1990,296.25,-56.25,56.25,0.0,1,0.02871025368309175
1991,298.75,-56.25,56.25,0.0,1,0.02539868347719289
1992,301.25,-56.25,56.25,0.0,1,0.030723442756384032
1993,303.75,-56.25,56.25,0.0,1,0.03755727504996015
1994,306.25,-56.25,56.25,0.0,1,0.046851149633893696
1995,308.75,-56.25,56.25,0.0,1,0.06985747615837445
1996,311.25,-56.25,56.25,0.0,1,0.10570661190523324
1997,313.75,-56.25,56.25,0.0,1,0.08072491287535535
1998,316.25,-56.25,56.25,0.0,1,0.05633800720926067
1999,318.75,-56.25,56.25,0.0,1,0.06059672231663348
2000,321.25,-56.25,56.25,0.0,1,0.07939925416338629
2001,323.75,-56.25,56.25,0.0,1,0.10244492402491039
2002,326.25,-56.25,56.25,0.0,1,0.10700816260996185
2003,328.75,-56.25,56.25,0.0,1,0.10694803241001866
2004,331.25,-56.25,56.25,0.0,1,0.12098304669148528
2005,333.75,-56.25,56.25,0.0,1,0.14326756378647174
2006,336.25,-56.25,56.25,0.0,1,0.1391215483778445
2007,338.75,-56.25,56.25,0.0,1,0.12495556436702382
2008,341.25,-56.25,56.25,0.0,1,0.12402771684965856
2009,343.75,-56.25,56.25,0.0,1,0.13801938867797464
2010,346.25,-56.25,56.25,0.0,1,0.13316447914898968
2011,348.75,-56.25,56.25,0.0,1,0.12344834876998598
2012,351.25,-56.25,56.25,0.0,1,0.13446165173376567
2013,353.75,-56.25,56.25,0.0,1,0.14893854682322072
2014,356.25,-56.25,56.25,0.0,1,0.1338788213493117
2015,358.75,-56.25,56.25,0.0,1,0.11441070490449184
2016,1.25,-53.75,53.75,0.0,1,0.10870988207816695
2017,3.75,-53.75,53.75,0.0,1,0.10732529709325948
2018,6.25,-53.75,53.75,0.0,1,0.09910104203583239
2019,8.75,-53.75,53.75,0.0,1,0.08309065579143977
2020,11.25,-53.75,53.75,0.0,1,0.08086780839116474
2021,13.75,-53.75,53.75,0.0,1,0.08537737581775137
2022,16.25,-53.75,53.75,0.0,1,0.07631264011779179
2023,18.75,-53.75,53.75,0.0,1,0.06491734836555627
2024,21.25,-53.75,53.75,0.0,1,0.06976588990546674
2025,23.75,-53.75,53.75,0.0,1,0.07535708378686944
2026,26.25,-53.75,53.75,0.0,1,0.06162445505540008
2027,28.75,-53.75,53.75,0.0,1,0.05640198513220976
2028,31.25,-53.75,53.75,0.0,3,0.061377168603051445
2029,33.75,-53.75,53.75,0.0,3,0.061819563017881766
2030,36.25,-53.75,53.75,0.0,3,0.06068404243522827
2031,38.75,-53.75,53.75,0.0,3,0.06641575148280862
2032,41.25,-53.75,53.75,0.0,3,0.0685884127532609
2033,43.75,-53.75,53.75,0.0,3,0.0700166407504109
2034,46.25,-53.75,53.75,0.0,3,0.07629362347446635
2035,48.75,-53.75,53.75,0.0,3,0.07920910450571388
2036,51.25,-53.75,53.75,0.0,3,0.0813069807663919
2037,53.75,-53.75,53.75,0.0,3,0.08691201993029275
2038,56.25,-53.75,53.75,0.0,3,0.10309161155077746
2039,58.75,-53.75,53.75,0.0,3,0.11712160419706241
2040,61.25,-53.75,53.75,0.0,3,0.12235702310857839
2041,63.75,-53.75,53.75,0.0,3,0.12635829586150682
2042,66.25,-53.75,53.75,0.0,3,0.1277158072120146
2043,68.75,-53.75,53.75,0.0,3,0.12929206878931254
2044,71.25,-53.75,53.75,0.0,3,0.13161342566131562
2045,73.75,-53.75,53.75,0.0,3,0.12323533820147704
2046,76.25,-53.75,53.75,0.0,3,0.12041719136725465
2047,78.75,-53.75,53.75,0.0,3,0.09597472194348568
2048,81.25,-53.75,53.75,0.0,3,0.08847686834160139
2049,83.75,-53.75,53.75,0.0,3,0.10400561072567181
2050,86.25,-53.75,53.75,0.0,3,0.12234619442548272
2051,88.75,-53.75,53.75,0.0,3,0.1262252638232948
2052,91.25,-53.75,53.75,0.0,3,0.1307598624766972
2053,93.75,-53.75,53.75,0.0,3,0.12598631055510462
2054,96.25,-53.75,53.75,0.0,3,0.11738664295890616
2055,98.75,-53.75,53.75,0.0,3,0.10891295404668373
2056,101.25,-53.75,53.75,0.0,3,0.09890888660889398
2057,103.75,-53.75,53.75,0.0,3,0.09063835652751807
2058,106.25,-53.75,53.75,0.0,3,0.08483879000879024
2059,108.75,-53.75,53.75,0.0,3,0.07711928823644931
2060,111.25,-53.75,53.75,0.0,3,0.08362091767244179
2061,113.75,-53.75,53.75,0.0,3,0.0881576672118281
2062,116.25,-53.75,53.75,0.0,3,0.09178550340025499
2063,118.75,-53.75,53.75,0.0,3,0.09472087479128478
2064,121.25,-53.75,53.75,0.0,2,0.09623790908037991
2065,123.75,-53.75,53.75,0.0,2,0.08868601326413621
2066,126.25,-53.75,53.75,0.0,2,0.08745293323398937
2067,128.75,-53.75,53.75,0.0,2,0.10044157498989444
2068,131.25,-53.75,53.75,0.0,2,0.10604015871620466
2069,133.75,-53.75,53.75,0.0,2,0.10506853312243097
2070,136.25,-53.75,53.75,0.0,2,0.09514376527147682
2071,138.75,-53.75,53.75,0.0,2,0.09174641705715998
2072,141.25,-53.75,53.75,0.0,2,0.090829810662669
2073,143.75,-53.75,53.75,0.0,2,0.08574708519479735
2074,146.25,-53.75,53.75,0.0,2,0.08793873604796254
2075,148.75,-53.75,53.75,0.0,2,0.10331447289508747
2076,151.25,-53.75,53.75,0.0,2,0.10638581820308769
2077,153.75,-53.75,53.75,0.0,2,0.1198298650026091
2078,156.25,-53.75,53.75,0.0,2,0.13965898528313114
2079,158.75,-53.75,53.75,0.0,2,0.15178732350939164
2080,161.25,-53.75,53.75,0.0,2,0.15740191754882038
2081,163.75,-53.75,53.75,0.0,2,0.1529099447803401
2082,166.25,-53.75,53.75,0.0,2,0.1230038197500562
2083,168.75,-53.75,53.75,0.0,2,0.09382642226199481
2084,171.25,-53.75,53.75,0.0,2,0.07957582442554793
2085,173.75,-53.75,53.75,0.0,2,0.08425413659867914
2086,176.25,-53.75,53.75,0.0,2,0.0904607189442746
2087,178.75,-53.75,53.75,0.0,2,0.09344927433296417
2088,181.25,-53.75,53.75,0.0,2,0.07896221210064983
2089,183.75,-53.75,53.75,0.0,2,0.07360453391482527
2090,186.25,-53.75,53.75,0.0,2,0.08931084997435647
2091,188.75,-53.75,53.75,0.0,2,0.08114599020970129
2092,191.25,-53.75,53.75,0.0,2,0.06932056086550013
2093,193.75,-53.75,53.75,0.0,2,0.07749110722960299
2094,196.25,-53.75,53.75,0.0,2,0.06647662885105672
2095,198.75,-53.75,53.75,0.0,2,0.04741623038982851
2096,201.25,-53.75,53.75,0.0,2,0.03886571788388098
2097,203.75,-53.75,53.75,0.0,2,0.05146176526809712
2098,206.25,-53.75,53.75,0.0,2,0.06261180119672499
2099,208.75,-53.75,53.75,0.0,2,0.049652933655305875
2100,211.25,-53.75,53.75,0.0,2,0.04906108120006739
2101,213.75,-53.75,53.75,0.0,2,0.06710202652446282
2102,216.25,-53.75,53.75,0.0,2,0.0742162552728851
2103,218.75,-53.75,53.75,0.0,2,0.05726834320871267
2104,221.25,-53.75,53.75,0.0,2,0.062158736869550146
2105,223.75,-53.75,53.75,0.0,2,0.08129872951756642
2106,226.25,-53.75,53.75,0.0,2,0.0835040645771895
2107,228.75,-53.75,53.75,0.0,2,0.07940336660324741
2108,231.25,-53.75,53.75,0.0,2,0.0919571144675647
2109,233.75,-53.75,53.75,0.0,2,0.10303444672004422
2110,236.25,-53.75,53.75,0.0,2,0.09159122062591644
2111,238.75,-53.75,53.75,0.0,2,0.06752725025990619
2112,241.25,-53.75,53.75,0.0,2,0.05973822463775617
2113,243.75,-53.75,53.75,0.0,2,0.07496283389801607
2114,246.25,-53.75,53.75,0.0,2,0.08156441803062259
2115,248.75,-53.75,53.75,0.0,2,0.08072437311445256
2116,251.25,-53.75,53.75,0.0,2,0.08494772363061731
2117,253.75,-53.75,53.75,0.0,2,0.08852884838585244
2118,256.25,-53.75,53.75,0.0,2,0.0881445683759123
2119,258.75,-53.75,53.75,0.0,2,0.06275264581777928
2120,261.25,-53.75,53.75,0.0,2,0.05739212076565632
2121,263.75,-53.75,53.75,0.0,2,0.0756819165400928
2122,266.25,-53.75,53.75,0.0,2,0.06362999501240017
2123,268.75,-53.75,53.75,0.0,2,0.048563540513925765
2124,271.25,-53.75,53.75,0.0,2,0.036572718683296715
2125,273.75,-53.75,53.75,0.0,2,0.04447328486232628
2126,276.25,-53.75,53.75,0.0,2,0.03606370276296027
2127,278.75,-53.75,53.75,0.0,2,0.025786097034965882
2128,281.25,-53.75,53.75,0.0,1,0.054932502232475616
2129,283.75,-53.75,53.75,0.0,1,0.11272524322441951
2130,286.25,-53.75,53.75,0.0,1,0.15062006009606357
2131,288.75,-53.75,53.75,1.0,0,0.09136006254049138
2132,291.25,-53.75,53.75,1.0,0,-0.010285643022086422
2133,293.75,-53.75,53.75,0.0,1,-0.015886815806130203
2134,296.25,-53.75,53.75,0.0,1,-0.012356225523893856
2135,298.75,-53.75,53.75,0.0,1,-0.029527635631674872
2136,301.25,-53.75,53.75,0.0,1,-0.02768485331464811
2137,303.75,-53.75,53.75,0.0,1,-0.0031124225355788114
2138,306.25,-53.75,53.75,0.0,1,0.003430112505599323
2139,308.75,-53.75,53.75,0.0,1,0.018396291093988285
2140,311.25,-53.75,53.75,0.0,1,0.05856136924803281
2141,313.75,-53.75,53.75,0.0,1,0.059365741618420405
2142,316.25,-53.75,53.75,0.0,1,0.05411675383833904
2143,318.75,-53.75,53.75,0.0,1,0.07585844532011692
2144,321.25,-53.75,53.75,0.0,1,0.09855677813918194
2145,323.75,-53.75,53.75,0.0,1,0.11657584904400078
2146,326.25,-53.75,53.75,0.0,1,0.11343212786414897
2147,328.75,-53.75,53.75,0.0,1,0.10234646571602479
2148,331.25,-53.75,53.75,0.0,1,0.10898737141240047
2149,333.75,-53.75,53.75,0.0,1,0.11215110380761316
2150,336.25,-53.75,53.75,0.0,1,0.10430366390526588
2151,338.75,-53.75,53.75,0.0,1,0.1045204106663677
2152,341.25,-53.75,53.75,0.0,1,0.10965506309016908
2153,343.75,-53.75,53.75,0.0,1,0.12245719230650558
2154,346.25,-53.75,53.75,0.0,1,0.13312029907524028
2155,348.75,-53.75,53.75,0.0,1,0.13212760649904803
2156,351.25,-53.75,53.75,0.0,1,0.13696718904105668
2157,353.75,-53.75,53.75,0.0,1,0.14401677966159393
2158,356.25,-53.75,53.75,0.0,1,0.13138647953987181
2159,358.75,-53.75,53.75,0.0,1,0.11773607003096848
2160,1.25,-51.25,51.25,0.0,1,0.07769269523014398
2161,3.75,-51.25,51.25,0.0,1,0.07404200104943091
2162,6.25,-51.25,51.25,0.0,1,0.06776378556082308
2163,8.75,-51.25,51.25,0.0,1,0.05320337889736459
2164,11.25,-51.25,51.25,0.0,1,0.04782320091503642
2165,13.75,-51.25,51.25,0.0,1,0.05264552869990906
2166,16.25,-51.25,51.25,0.0,1,0.051003591280414165
2167,18.75,-51.25,51.25,0.0,1,0.04103885231038769
2168,21.25,-51.25,51.25,0.0,1,0.04674165938430217
2169,23.75,-51.25,51.25,0.0,1,0.03376113984936436
2170,26.25,-51.25,51.25,0.0,1,0.003959796337526521
2171,28.75,-51.25,51.25,0.0,1,-0.008901718541840693
2172,31.25,-51.25,51.25,0.0,3,0.004332617160729321
2173,33.75,-51.25,51.25,0.0,3,0.022724995388653867
2174,36.25,-51.25,51.25,0.0,3,0.023180870683188984
2175,38.75,-51.25,51.25,0.0,3,0.02148181965329894
2176,41.25,-51.25,51.25,0.0,3,0.037127755531517176
2177,43.75,-51.25,51.25,0.0,3,0.04386156877492316
2178,46.25,-51.25,51.25,0.0,3,0.04679447071762156
2179,48.75,-51.25,51.25,0.0,3,0.0481338509721359
2180,51.25,-51.25,51.25,0.0,3,0.06291570725920545
2181,53.75,-51.25,51.25,0.0,3,0.08278034732327949
2182,56.25,-51.25,51.25,0.0,3,0.08874247761735456
2183,58.75,-51.25,51.25,0.0,3,0.08107666365374844
2184,61.25,-51.25,51.25,0.0,3,0.08346245448319103
2185,63.75,-51.25,51.25,0.0,3,0.08861443312296227
2186,66.25,-51.25,51.25,0.0,3,0.08860113016813126
2187,68.75,-51.25,51.25,0.0,3,0.08439550882886677
2188,71.25,-51.25,51.25,0.0,3,0.0777629398275804
2189,73.75,-51.25,51.25,0.0,3,0.07166316194300928
2190,76.25,-51.25,51.25,0.0,3,0.08573796452335364
2191,78.75,-51.25,51.25,0.0,3,0.08779580482185388
2192,81.25,-51.25,51.25,0.0,3,0.06247988261123625
2193,83.75,-51.25,51.25,0.0,3,0.02465765713559548
2194,86.25,-51.25,51.25,0.0,3,0.013926698776790269
2195,88.75,-51.25,51.25,0.0,3,0.016765511868535317
2196,91.25,-51.25,51.25,0.0,3,0.030779777719843048
2197,93.75,-51.25,51.25,0.0,3,0.03974959309345977
2198,96.25,-51.25,51.25,0.0,3,0.051394527797791356
2199,98.75,-51.25,51.25,0.0,3,0.05149875538512549
2200,101.25,-51.25,51.25,0.0,3,0.054406999902891634
2201,103.75,-51.25,51.25,0.0,3,0.06458739925572057
2202,106.25,-51.25,51.25,0.0,3,0.08555830850821808
2203,108.75,-51.25,51.25,0.0,3,0.0773904823559729
2204,111.25,-51.25,51.25,0.0,3,0.08212523710645803
2205,113.75,-51.25,51.25,0.0,3,0.08464485834960633
2206,116.25,-51.25,51.25,0.0,3,0.08255954859454967
2207,118.75,-51.25,51.25,0.0,3,0.07981735851434209
2208,121.25,-51.25,51.25,0.0,2,0.06316779495547926
2209,123.75,-51.25,51.25,0.0,2,0.049286904096290676
2210,126.25,-51.25,51.25,0.0,2,0.05797497667723175
2211,128.75,-51.25,51.25,0.0,2,0.06676934798189328
2212,131.25,-51.25,51.25,0.0,2,0.06838449056573596
2213,133.75,-51.25,51.25,0.0,2,0.04680363716429884
2214,136.25,-51.25,51.25,0.0,2,0.030654419807402803
2215,138.75,-51.25,51.25,0.0,2,0.04545749789597176
2216,141.25,-51.25,51.25,0.0,2,0.07293828346800023
2217,143.75,-51.25,51.25,0.0,2,0.09058084536352823
2218,146.25,-51.25,51.25,0.0,2,0.09050100104949062
2219,148.75,-51.25,51.25,0.0,2,0.06980414770758317
2220,151.25,-51.25,51.25,0.0,2,0.06539703414161607
2221,153.75,-51.25,51.25,0.0,2,0.07284978448896251
2222,156.25,-51.25,51.25,0.0,2,0.0923353822339646
2223,158.75,-51.25,51.25,0.0,2,0.08006038102805588
2224,161.25,-51.25,51.25,0.0,2,0.05422477777013653
2225,163.75,-51.25,51.25,0.0,2,0.08228603589768906
2226,166.25,-51.25,51.25,0.0,2,0.0936482488560144
2227,168.75,-51.25,51.25,0.0,2,0.07826704446300822
2228,171.25,-51.25,51.25,0.0,2,0.06551084300620945
2229,173.75,-51.25,51.25,0.0,2,0.061678325058686985
2230,176.25,-51.25,51.25,0.0,2,0.05086328414452395
2231,178.75,-51.25,51.25,0.0,2,0.03791417254224294
2232,181.25,-51.25,51.25,0.0,2,0.018458241216797348
2233,183.75,-51.25,51.25,0.0,2,0.014939212927997447
2234,186.25,-51.25,51.25,0.0,2,0.024933475762564432
2235,188.75,-51.25,51.25,0.0,2,0.02315921383423003
2236,191.25,-51.25,51.25,0.0,2,0.01387745780328112
2237,193.75,-51.25,51.25,0.0,2,0.029473842609268452
2238,196.25,-51.25,51.25,0.0,2,0.03886947354239176
2239,198.75,-51.25,51.25,0.0,2,0.027286673003954612
2240,201.25,-51.25,51.25,0.0,2,0.014249563336999373
2241,203.75,-51.25,51.25,0.0,2,0.02471840730190141
2242,206.25,-51.25,51.25,0.0,2,0.05475554890657372
2243,208.75,-51.25,51.25,0.0,2,0.05004495476514562
2244,211.25,-51.25,51.25,0.0,2,0.033110947239579705
2245,213.75,-51.25,51.25,0.0,2,0.057879421124984835
2246,216.25,-51.25,51.25,0.0,2,0.07089472889939828
2247,218.75,-51.25,51.25,0.0,2,0.06737400106139264
2248,221.25,-51.25,51.25,0.0,2,0.08328927753098832
2249,223.75,-51.25,51.25,0.0,2,0.10495887267665023
2250,226.25,-51.25,51.25,0.0,2,0.10643225904959881
2251,228.75,-51.25,51.25,0.0,2,0.09141958918117687
2252,231.25,-51.25,51.25,0.0,2,0.0889670831895281
2253,233.75,-51.25,51.25,0.0,2,0.08412387278758135
2254,236.25,-51.25,51.25,0.0,2,0.07088386731578306
2255,238.75,-51.25,51.25,0.0,2,0.05346265270294012
2256,241.25,-51.25,51.25,0.0,2,0.04248859993552621
2257,243.75,-51.25,51.25,0.0,2,0.03662507554970033
2258,246.25,-51.25,51.25,0.0,2,0.04319864413331279
2259,248.75,-51.25,51.25,0.0,2,0.04815441536630284
2260,251.25,-51.25,51.25,0.0,2,0.05348084015661789
2261,253.75,-51.25,51.25,0.0,2,0.05220140695087157
2262,256.25,-51.25,51.25,0.0,2,0.050124612665056335
2263,258.75,-51.25,51.25,0.0,2,0.034458407655887605
2264,261.25,-51.25,51.25,0.0,2,0.012507800910022881
2265,263.75,-51.25,51.25,0.0,2,0.013196624382734817
2266,266.25,-51.25,51.25,0.0,2,-0.011007276835876986
2267,268.75,-51.25,51.25,0.0,2,-0.025303506317667354
2268,271.25,-51.25,51.25,0.0,2,-0.013500233095021312
2269,273.75,-51.25,51.25,0.0,2,-0.005631081269215237
2270,276.25,-51.25,51.25,0.0,2,-0.003263445299802395
2271,278.75,-51.25,51.25,0.0,2,0.017020673291019448
2272,281.25,-51.25,51.25,0.0,1,0.0221428491171226
2273,283.75,-51.25,51.25,0.0,1,0.07257189125860802
2274,286.25,-51.25,51.25,0.0,1,0.0921803048768232
2275,288.75,-51.25,51.25,1.0,0,-0.02698215085290548
2276,291.25,-51.25,51.25,0.0,1,-0.11699738606691977
2277,293.75,-51.25,51.25,0.0,1,-0.08686625238414514
2278,296.25,-51.25,51.25,0.0,1,-0.05865190918212773
2279,298.75,-51.25,51.25,0.0,1,-0.05400659921674457
2280,301.25,-51.25,51.25,0.0,1,-0.04936146805151902
2281,303.75,-51.25,51.25,0.0,1,-0.02771790696237044
2282,306.25,-51.25,51.25,0.0,1,-0.022966605307747735
2283,308.75,-51.25,51.25,0.0,1,0.0032479328878752957
2284,311.25,-51.25,51.25,0.0,1,0.03691647164117748
2285,313.75,-51.25,51.25,0.0,1,0.05005582131937255
2286,316.25,-51.25,51.25,0.0,1,0.06347501448651732
2287,318.75,-51.25,51.25,0.0,1,0.0875014765725767
2288,321.25,-51.25,51.25,0.0,1,0.09622533190327939
2289,323.75,-51.25,51.25,0.0,1,0.09901411682289839
2290,326.25,-51.25,51.25,0.0,1,0.09529822714714888
2291,328.75,-51.25,51.25,0.0,1,0.09061701381660196
2292,331.25,-51.25,51.25,0.0,1,0.08656432355356496
2293,333.75,-51.25,51.25,0.0,1,0.07609249951264924
2294,336.25,-51.25,51.25,0.0,1,0.05962434239029732
2295,338.75,-51.25,51.25,0.0,1,0.073887628238021
2296,341.25,-51.25,51.25,0.0,1,0.0942401951793734
2297,343.75,-51.25,51.25,0.0,1,0.08767508478048669
2298,346.25,-51.25,51.25,0.0,1,0.08962094062695569
2299,348.75,-51.25,51.25,0.0,1,0.09362810360974672
2300,351.25,-51.25,51.25,0.0,1,0.08142498679125665
2301,353.75,-51.25,51.25,0.0,1,0.07782571505068386
2302,356.25,-51.25,51.25,0.0,1,0.08161890230323808
2303,358.75,-51.25,51.25,0.0,1,0.08578381314312855
2304,1.25,-48.75,48.75,0.0,1,0.04569745356774341
2305,3.75,-48.75,48.75,0.0,1,0.041150537247588
2306,6.25,-48.75,48.75,0.0,1,0.040176359582985266
2307,8.75,-48.75,48.75,0.0,1,0.03821670278168169
2308,11.25,-48.75,48.75,0.0,1,0.016823565417878314
2309,13.75,-48.75,48.75,0.0,1,0.012100511352444112
2310,16.25,-48.75,48.75,0.0,1,0.019726821138965147
2311,18.75,-48.75,48.75,0.0,1,0.015389465135005791
2312,21.25,-48.75,48.75,0.0,1,0.004924256194459552
2313,23.75,-48.75,48.75,0.0,1,-0.01943572032009716
2314,26.25,-48.75,48.75,0.0,1,-0.03448340518036912
2315,28.75,-48.75,48.75,0.0,1,-0.02764711462564508
2316,31.25,-48.75,48.75,0.0,3,-0.018095461355072083
2317,33.75,-48.75,48.75,0.0,3,-0.014151967008232881
2318,36.25,-48.75,48.75,0.0,3,-0.005646188681915019
2319,38.75,-48.75,48.75,0.0,3,0.0054697678025896505
2320,41.25,-48.75,48.75,0.0,3,0.01570716259546028
2321,43.75,-48.75,48.75,0.0,3,0.028399301888678414
2322,46.25,-48.75,48.75,0.0,3,0.034961973277272115
2323,48.75,-48.75,48.75,0.0,3,0.048643972928578416
2324,51.25,-48.75,48.75,0.0,3,0.052501579591795966
2325,53.75,-48.75,48.75,0.0,3,0.045692647719365334
2326,56.25,-48.75,48.75,0.0,3,0.033875745617103284
2327,58.75,-48.75,48.75,0.0,3,0.04013285077888777
2328,61.25,-48.75,48.75,0.0,3,0.04543982673967097
2329,63.75,-48.75,48.75,0.0,3,0.058370764421833074
2330,66.25,-48.75,48.75,0.0,3,0.061959263461662986
2331,68.75,-48.75,48.75,0.0,3,0.041100677800079234
2332,71.25,-48.75,48.75,0.0,3,0.03999199589862084
2333,73.75,-48.75,48.75,0.0,3,0.020136367530925504
2334,76.25,-48.75,48.75,0.0,3,0.04021604950992797
2335,78.75,-48.75,48.75,0.0,3,0.10059331673808337
2336,81.25,-48.75,48.75,0.0,3,0.09526058265622078
2337,83.75,-48.75,48.75,0.0,3,0.054349145303511585
2338,86.25,-48.75,48.75,0.0,3,0.01639933859621641
2339,88.75,-48.75,48.75,0.0,3,-0.009644360734780142
2340,91.25,-48.75,48.75,0.0,3,0.017010235206571918
2341,93.75,-48.75,48.75,0.0,3,0.04585594194607587
2342,96.25,-48.75,48.75,0.0,3,0.0440132148477477
2343,98.75,-48.75,48.75,0.0,3,0.033694679308706045
2344,101.25,-48.75,48.75,0.0,3,0.031044151904130478
2345,103.75,-48.75,48.75,0.0,3,0.043980346095487365
2346,106.25,-48.75,48.75,0.0,3,0.059262559546375694
2347,108.75,-48.75,48.75,0.0,3,0.042422003483224786
2348,111.25,-48.75,48.75,0.0,3,0.04007682992637288
2349,113.75,-48.75,48.75,0.0,3,0.03245677734469999
2350,116.25,-48.75,48.75,0.0,3,0.008050253517765579
2351,118.75,-48.75,48.75,0.0,3,-0.006856788806076993
2352,121.25,-48.75,48.75,0.0,2,0.009408356661291549
2353,123.75,-48.75,48.75,0.0,2,0.015646316533167243
2354,126.25,-48.75,48.75,0.0,2,0.022478878834906565
2355,128.75,-48.75,48.75,0.0,2,0.019414446178186044
2356,131.25,-48.75,48.75,0.0,2,0.008222537004383553
2357,133.75,-48.75,48.75,0.0,2,-0.0024181695370051326
2358,136.25,-48.75,48.75,0.0,2,0.01304554295533386
2359,138.75,-48.75,48.75,0.0,2,0.0646512232318649
2360,141.25,-48.75,48.75,0.0,2,0.13714489468869556
2361,143.75,-48.75,48.75,0.0,2,0.13703863914278788
2362,146.25,-48.75,48.75,0.0,2,0.08136173251318818
2363,148.75,-48.75,48.75,0.0,2,0.04216403446256036
2364,151.25,-48.75,48.75,0.0,2,0.03432292406377241
2365,153.75,-48.75,48.75,0.0,2,0.03251961210852309
2366,156.25,-48.75,48.75,0.0,2,0.027563198813123146
2367,158.75,-48.75,48.75,0.0,2,-0.019178262400828122
2368,161.25,-48.75,48.75,0.0,2,-0.028326927320646258
2369,163.75,-48.75,48.75,0.0,2,0.03921435908871334
2370,166.25,-48.75,48.75,0.0,2,0.09552313403772242
2371,168.75,-48.75,48.75,0.0,2,0.08133766459626214
2372,171.25,-48.75,48.75,0.0,2,0.0328151875013676
2373,173.75,-48.75,48.75,0.0,2,0.020671591891091606
2374,176.25,-48.75,48.75,0.0,2,0.028729480572585023
2375,178.75,-48.75,48.75,0.0,2,0.00920265912096895
2376,181.25,-48.75,48.75,0.0,2,-0.021291151197707865
2377,183.75,-48.75,48.75,0.0,2,-0.031123505519992833
2378,186.25,-48.75,48.75,0.0,2,-0.01917376481016391
2379,188.75,-48.75,48.75,0.0,2,-0.0035463063144141726
2380,191.25,-48.75,48.75,0.0,2,0.013977084099992007
2381,193.75,-48.75,48.75,0.0,2,0.01702841864736652
2382,196.25,-48.75,48.75,0.0,2,0.018689087951680266
2383,198.75,-48.75,48.75,0.0,2,0.0229236096059788
2384,201.25,-48.75,48.75,0.0,2,0.028209238208711827
2385,203.75,-48.75,48.75,0.0,2,0.022441040311634075
2386,206.25,-48.75,48.75,0.0,2,0.034958230660046045
2387,208.75,-48.75,48.75,0.0,2,0.04615072162655032
2388,211.25,-48.75,48.75,0.0,2,0.03485090374110028
2389,213.75,-48.75,48.75,0.0,2,0.04474652188705794
2390,216.25,-48.75,48.75,0.0,2,0.05071236445235757
2391,218.75,-48.75,48.75,0.0,2,0.05742035999044818
2392,221.25,-48.75,48.75,0.0,2,0.06354623403740706
2393,223.75,-48.75,48.75,0.0,2,0.08086306737722951
2394,226.25,-48.75,48.75,0.0,2,0.06797364349897629
2395,228.75,-48.75,48.75,0.0,2,0.032428293406576554
2396,231.25,-48.75,48.75,0.0,2,0.023403650630551637
2397,233.75,-48.75,48.75,0.0,2,0.023979802191527073
2398,236.25,-48.75,48.75,0.0,2,0.015160162980805128
2399,238.75,-48.75,48.75,0.0,2,0.02415928763082975
2400,241.25,-48.75,48.75,0.0,2,0.025520877501085133
2401,243.75,-48.75,48.75,0.0,2,0.013405885669188182
2402,246.25,-48.75,48.75,0.0,2,0.02115527411072013
2403,248.75,-48.75,48.75,0.0,2,0.021652040536197598
2404,251.25,-48.75,48.75,0.0,2,0.018100255956167603
2405,253.75,-48.75,48.75,0.0,2,0.002235801524338609
2406,256.25,-48.75,48.75,0.0,2,-0.011388757965288238
2407,258.75,-48.75,48.75,0.0,2,-0.017304097656159964
2408,261.25,-48.75,48.75,0.0,2,-0.02311423950935165
2409,263.75,-48.75,48.75,0.0,2,-0.035066044922372204
2410,266.25,-48.75,48.75,0.0,2,-0.05198064386618789
2411,268.75,-48.75,48.75,0.0,2,-0.050214276693887006
2412,271.25,-48.75,48.75,0.0,2,-0.04249176800335068
2413,273.75,-48.75,48.75,0.0,2,-0.04047820911160774
2414,276.25,-48.75,48.75,0.0,2,-0.023229278966213924
2415,278.75,-48.75,48.75,0.0,2,0.00651679398708799
2416,281.25,-48.75,48.75,0.0,1,0.0005270395886693756
2417,283.75,-48.75,48.75,0.0,1,0.01218485351445719
2418,286.25,-48.75,48.75,1.0,0,-0.016986467294157228
2419,288.75,-48.75,48.75,1.0,0,-0.09334518944561516
2420,291.25,-48.75,48.75,1.0,0,-0.09433716682736189
2421,293.75,-48.75,48.75,0.0,1,-0.08222428273120769
2422,296.25,-48.75,48.75,0.0,1,-0.06762142450909656
2423,298.75,-48.75,48.75,0.0,1,-0.05864179950894794
2424,301.25,-48.75,48.75,0.0,1,-0.04801044384239376
2425,303.75,-48.75,48.75,0.0,1,-0.04236429858887154
2426,306.25,-48.75,48.75,0.0,1,-0.01969406029481472
2427,308.75,-48.75,48.75,0.0,1,0.015009027353936293
2428,311.25,-48.75,48.75,0.0,1,0.04073436825782687
2429,313.75,-48.75,48.75,0.0,1,0.0588835118273745
2430,316.25,-48.75,48.75,0.0,1,0.0640397849632238
2431,318.75,-48.75,48.75,0.0,1,0.07969727601291787
2432,321.25,-48.75,48.75,0.0,1,0.08613153691844881
2433,323.75,-48.75,48.75,0.0,1,0.08183620433239489
2434,326.25,-48.75,48.75,0.0,1,0.06448099381620745
2435,328.75,-48.75,48.75,0.0,1,0.0621051365164574
2436,331.25,-48.75,48.75,0.0,1,0.07082957146046617
2437,333.75,-48.75,48.75,0.0,1,0.055033761709324815
2438,336.25,-48.75,48.75,0.0,1,0.03299822317572921
2439,338.75,-48.75,48.75,0.0,1,0.03716226187949095
2440,341.25,-48.75,48.75,0.0,1,0.05770378830589407
2441,343.75,-48.75,48.75,0.0,1,0.06664718044278571
2442,346.25,-48.75,48.75,0.0,1,0.07105087265109676
2443,348.75,-48.75,48.75,0.0,1,0.0794513885394017
2444,351.25,-48.75,48.75,0.0,1,0.06542589879902484
2445,353.75,-48.75,48.75,0.0,1,0.0560768066383153
2446,356.25,-48.75,48.75,0.0,1,0.04823096933330979
2447,358.75,-48.75,48.75,0.0,1,0.0514405415020882
2448,1.25,-46.25,46.25,0.0,1,0.006605606916967178
2449,3.75,-46.25,46.25,0.0,1,-0.005143854371218893
2450,6.25,-46.25,46.25,0.0,1,-0.006621539229468358
2451,8.75,-46.25,46.25,0.0,1,-0.009045116652602795
2452,11.25,-46.25,46.25,0.0,1,-0.022150946568059077
2453,13.75,-46.25,46.25,0.0,1,-0.03368339313375856
2454,16.25,-46.25,46.25,0.0,1,-0.03949549413313251
2455,18.75,-46.25,46.25,0.0,1,-0.05325647435497439
2456,21.25,-46.25,46.25,0.0,1,-0.06373882388821948
2457,23.75,-46.25,46.25,0.0,1,-0.06720164716475362
2458,26.25,-46.25,46.25,0.0,1,-0.05684160744163604
2459,28.75,-46.25,46.25,0.0,1,-0.03867547669684325
2460,31.25,-46.25,46.25,0.0,3,-0.03864624783563212
2461,33.75,-46.25,46.25,0.0,3,-0.04317863677191888
2462,36.25,-46.25,46.25,0.0,3,-0.023716164521597777
2463,38.75,-46.25,46.25,0.0,3,0.002845204844872536
2464,41.25,-46.25,46.25,0.0,3,0.020905587357536805
2465,43.75,-46.25,46.25,0.0,3,0.02361544001610743
2466,46.25,-46.25,46.25,0.0,3,0.026718045670298795
2467,48.75,-46.25,46.25,0.0,3,0.030801438147693847
2468,51.25,-46.25,46.25,0.0,3,0.035857807539907326
2469,53.75,-46.25,46.25,0.0,3,0.04172543601843242
2470,56.25,-46.25,46.25,0.0,3,0.028397724700657618
2471,58.75,-46.25,46.25,0.0,3,0.012806661612647471
2472,61.25,-46.25,46.25,0.0,3,0.010182058350814508
2473,63.75,-46.25,46.25,0.0,3,0.0038026798823624064
2474,66.25,-46.25,46.25,0.0,3,0.004623303945934674
2475,68.75,-46.25,46.25,0.0,3,0.00614188300327506
2476,71.25,-46.25,46.25,0.0,3,0.011181196194104882
2477,73.75,-46.25,46.25,0.0,3,0.0044428003609259725
2478,76.25,-46.25,46.25,0.0,3,0.00661614916270933
2479,78.75,-46.25,46.25,0.0,3,-0.0004474378077522248
2480,81.25,-46.25,46.25,0.0,3,-0.015307171304078916
2481,83.75,-46.25,46.25,0.0,3,-0.0171452991109627
2482,86.25,-46.25,46.25,0.0,3,-0.0229065972299113
2483,88.75,-46.25,46.25,0.0,3,-0.02006773643809918
2484,91.25,-46.25,46.25,0.0,3,0.001128250317131143
2485,93.75,-46.25,46.25,0.0,3,0.002140239689985674
2486,96.25,-46.25,46.25,0.0,3,-0.008074320771842995
2487,98.75,-46.25,46.25,0.0,3,-0.014575865329249663
2488,101.25,-46.25,46.25,0.0,3,-0.022120167579372726
2489,103.75,-46.25,46.25,0.0,3,-0.01425524859851577
2490,106.25,-46.25,46.25,0.0,3,-0.019798431749112933
2491,108.75,-46.25,46.25,0.0,3,-0.03443260075632752
2492,111.25,-46.25,46.25,0.0,3,-0.051888899720423945
2493,113.75,-46.25,46.25,0.0,3,-0.05142681110349021
2494,116.25,-46.25,46.25,0.0,3,-0.06658035659913286
2495,118.75,-46.25,46.25,0.0,3,-0.05350983223418678
2496,121.25,-46.25,46.25,0.0,2,-0.02057661336761484
2497,123.75,-46.25,46.25,0.0,2,-0.012362416239973379
2498,126.25,-46.25,46.25,0.0,2,-0.036026708842910996
2499,128.75,-46.25,46.25,0.0,2,-0.0576969811474831
2500,131.25,-46.25,46.25,0.0,2,-0.0500653894566458
2501,133.75,-46.25,46.25,0.0,2,-0.02177254521342807
2502,136.25,-46.25,46.25,0.0,2,0.00901488610340553
2503,138.75,-46.25,46.25,0.0,2,0.05929594631094503
2504,141.25,-46.25,46.25,0.0,2,0.09964213242963861
2505,143.75,-46.25,46.25,0.0,2,0.08963565900562291
2506,146.25,-46.25,46.25,0.0,2,0.06252677869070274
2507,148.75,-46.25,46.25,0.0,2,0.044415047967884876
2508,151.25,-46.25,46.25,0.0,2,0.01958887258614296
2509,153.75,-46.25,46.25,0.0,2,-0.0030220848325368185
2510,156.25,-46.25,46.25,0.0,2,-0.02174558891570853
2511,158.75,-46.25,46.25,0.0,2,-0.022685643125049768
2512,161.25,-46.25,46.25,0.0,2,0.008604732166070665
2513,163.75,-46.25,46.25,0.0,2,0.10605404627540756
2514,166.25,-46.25,46.25,0.0,2,0.1560858961552962
2515,168.75,-46.25,46.25,0.0,2,0.08143079842630238
2516,171.25,-46.25,46.25,0.0,2,-0.01997007111941499
2517,173.75,-46.25,46.25,0.0,2,-0.032543476166319744
2518,176.25,-46.25,46.25,0.0,2,0.02059173696181813
2519,178.75,-46.25,46.25,0.0,2,0.030731385126040685
2520,181.25,-46.25,46.25,0.0,2,-0.011787008197453703
2521,183.75,-46.25,46.25,0.0,2,-0.04783768005341253
2522,186.25,-46.25,46.25,0.0,2,-0.03817666410276748
2523,188.75,-46.25,46.25,0.0,2,-0.025905594074962162
2524,191.25,-46.25,46.25,0.0,2,-0.005114622497790821
2525,193.75,-46.25,46.25,0.0,2,0.009228781858981688
2526,196.25,-46.25,46.25,0.0,2,0.008610851894240696
2527,198.75,-46.25,46.25,0.0,2,0.026630450780428916
2528,201.25,-46.25,46.25,0.0,2,0.027226035220931283
2529,203.75,-46.25,46.25,0.0,2,0.001419009719688478
2530,206.25,-46.25,46.25,0.0,2,0.011943273546264533
2531,208.75,-46.25,46.25,0.0,2,0.024617055449316562
2532,211.25,-46.25,46.25,0.0,2,0.017636712847866717
2533,213.75,-46.25,46.25,0.0,2,0.03267899586252687
2534,216.25,-46.25,46.25,0.0,2,0.0387682152510555
2535,218.75,-46.25,46.25,0.0,2,0.024313467961649134
2536,221.25,-46.25,46.25,0.0,2,0.028447629734163357
2537,223.75,-46.25,46.25,0.0,2,0.02370487345678877
2538,226.25,-46.25,46.25,0.0,2,0.0054280300614546724
2539,228.75,-46.25,46.25,0.0,2,-0.014124956341091538
2540,231.25,-46.25,46.25,0.0,2,-0.017326072526039273
2541,233.75,-46.25,46.25,0.0,2,-0.026555643142464242
2542,236.25,-46.25,46.25,0.0,2,-0.027520122865570977
2543,238.75,-46.25,46.25,0.0,2,-0.014489376559658627
2544,241.25,-46.25,46.25,0.0,2,-0.004251985527251959
2545,243.75,-46.25,46.25,0.0,2,0.0025899782968582617
2546,246.25,-46.25,46.25,0.0,2,0.001188091548727362
2547,248.75,-46.25,46.25,0.0,2,0.0030666226237883528
2548,251.25,-46.25,46.25,0.0,2,-0.00864525738208566
2549,253.75,-46.25,46.25,0.0,2,-0.023464345792042544
2550,256.25,-46.25,46.25,0.0,2,-0.031064563318409004
2551,258.75,-46.25,46.25,0.0,2,-0.035357284691267914
2552,261.25,-46.25,46.25,0.0,2,-0.04105462668314057
2553,263.75,-46.25,46.25,0.0,2,-0.05964811166491938
2554,266.25,-46.25,46.25,0.0,2,-0.06741808150108244
2555,268.75,-46.25,46.25,0.0,2,-0.05888003550088973
2556,271.25,-46.25,46.25,0.0,2,-0.04755215515324468
2557,273.75,-46.25,46.25,0.0,2,-0.0518333705405056
2558,276.25,-46.25,46.25,0.0,2,-0.06671508520944189
2559,278.75,-46.25,46.25,0.0,2,-0.04417470438295268
2560,281.25,-46.25,46.25,0.0,1,-0.021401897628835962
2561,283.75,-46.25,46.25,0.0,1,-0.05657956240989954
2562,286.25,-46.25,46.25,0.0,1,-0.10414389414678923
2563,288.75,-46.25,46.25,1.0,0,-0.10280976898219518
2564,291.25,-46.25,46.25,1.0,0,-0.06217506758094146
2565,293.75,-46.25,46.25,0.0,1,-0.06096245938134804
2566,296.25,-46.25,46.25,0.0,1,-0.06741380135698566
2567,298.75,-46.25,46.25,0.0,1,-0.05959993833719094
2568,301.25,-46.25,46.25,0.0,1,-0.04389329541479605
2569,303.75,-46.25,46.25,0.0,1,-0.02165922267901533
2570,306.25,-46.25,46.25,0.0,1,-0.004539050238840803
2571,308.75,-46.25,46.25,0.0,1,0.010453449807282635
2572,311.25,-46.25,46.25,0.0,1,0.02659369646871338
2573,313.75,-46.25,46.25,0.0,1,0.03894447709744602
2574,316.25,-46.25,46.25,0.0,1,0.04456532682216443
2575,318.75,-46.25,46.25,0.0,1,0.04236603497246557
2576,321.25,-46.25,46.25,0.0,1,0.03711017450262835
2577,323.75,-46.25,46.25,0.0,1,0.03551241260373897
2578,326.25,-46.25,46.25,0.0,1,0.027463211034729335
2579,328.75,-46.25,46.25,0.0,1,0.03238612196023583
2580,331.25,-46.25,46.25,0.0,1,0.04481050061016028
2581,333.75,-46.25,46.25,0.0,1,0.03491920587410826
2582,336.25,-46.25,46.25,0.0,1,0.010719824865615618
2583,338.75,-46.25,46.25,0.0,1,0.006886878664316253
2584,341.25,-46.25,46.25,0.0,1,0.040966713173501826
2585,343.75,-46.25,46.25,0.0,1,0.06339891494929169
2586,346.25,-46.25,46.25,0.0,1,0.06129861392303917
2587,348.75,-46.25,46.25,0.0,1,0.053338160738660885
2588,351.25,-46.25,46.25,0.0,1,0.05264162713437138
2589,353.75,-46.25,46.25,0.0,1,0.0508562995496984
2590,356.25,-46.25,46.25,0.0,1,0.03856172624074662
2591,358.75,-46.25,46.25,0.0,1,0.019271341487591805
2592,1.25,-43.75,43.75,0.0,1,-0.01050533941125968
2593,3.75,-43.75,43.75,0.0,1,-0.03569832572197358
2594,6.25,-43.75,43.75,0.0,1,-0.056171012067905354
2595,8.75,-43.75,43.75,0.0,1,-0.05031285279445103
2596,11.25,-43.75,43.75,0.0,1,-0.04347717358470767
2597,13.75,-43.75,43.75,0.0,1,-0.06129095437279741
2598,16.25,-43.75,43.75,0.0,1,-0.07591136212128768
2599,18.75,-43.75,43.75,0.0,1,-0.08219164926733827
2600,21.25,-43.75,43.75,0.0,1,-0.08474873536220758
2601,23.75,-43.75,43.75,0.0,1,-0.0780090770153167
2602,26.25,-43.75,43.75,0.0,1,-0.06973642337581265
2603,28.75,-43.75,43.75,0.0,1,-0.07167766189140348
2604,31.25,-43.75,43.75,0.0,3,-0.0718676999231246
2605,33.75,-43.75,43.75,0.0,3,-0.04953362075642396
2606,36.25,-43.75,43.75,0.0,3,-0.0067864729556425495
2607,38.75,-43.75,43.75,0.0,3,0.026183248271197907
2608,41.25,-43.75,43.75,0.0,3,0.036716408324466446
2609,43.75,-43.75,43.75,0.0,3,0.037935648421111356
2610,46.25,-43.75,43.75,0.0,3,0.03335550273917302
2611,48.75,-43.75,43.75,0.0,3,0.03377464973001067
2612,51.25,-43.75,43.75,0.0,3,0.030469739011243346
2613,53.75,-43.75,43.75,0.0,3,0.03645561465189826
2614,56.25,-43.75,43.75,0.0,3,0.037111613678030425
2615,58.75,-43.75,43.75,0.0,3,0.030141179075388623
2616,61.25,-43.75,43.75,0.0,3,0.01822270306182994
2617,63.75,-43.75,43.75,0.0,3,0.0036968758552720607
2618,66.25,-43.75,43.75,0.0,3,0.015587882146758214
2619,68.75,-43.75,43.75,0.0,3,0.013814642961891832
2620,71.25,-43.75,43.75,0.0,3,0.014617428905724672
2621,73.75,-43.75,43.75,0.0,3,0.009761844901208528
2622,76.25,-43.75,43.75,0.0,3,-0.012801517248115811
2623,78.75,-43.75,43.75,0.0,3,-0.033707665635730286
2624,81.25,-43.75,43.75,0.0,3,-0.04051576410629633
2625,83.75,-43.75,43.75,0.0,3,-0.030896260019484013
2626,86.25,-43.75,43.75,0.0,3,-0.045127916618015324
2627,88.75,-43.75,43.75,0.0,3,-0.08430651104190229
2628,91.25,-43.75,43.75,0.0,3,-0.0917143489857205
2629,93.75,-43.75,43.75,0.0,3,-0.08722438446295791
2630,96.25,-43.75,43.75,0.0,3,-0.08701735419584913
2631,98.75,-43.75,43.75,0.0,3,-0.07613815120040263
2632,101.25,-43.75,43.75,0.0,3,-0.07247036450278888
2633,103.75,-43.75,43.75,0.0,3,-0.07702835960082394
2634,106.25,-43.75,43.75,0.0,3,-0.08741801765471416
2635,108.75,-43.75,43.75,0.0,3,-0.09593781947091592
2636,111.25,-43.75,43.75,0.0,3,-0.09802562623004489
2637,113.75,-43.75,43.75,0.0,3,-0.10996741289420855
2638,116.25,-43.75,43.75,0.0,3,-0.11614959801970415
2639,118.75,-43.75,43.75,0.0,3,-0.10043457770538129
2640,121.25,-43.75,43.75,0.0,2,-0.07875934480581116
2641,123.75,-43.75,43.75,0.0,2,-0.06665041942559591
2642,126.25,-43.75,43.75,0.0,2,-0.06643815985827406
2643,128.75,-43.75,43.75,0.0,2,-0.053202518051631016
2644,131.25,-43.75,43.75,0.0,2,-0.039632273222570506
2645,133.75,-43.75,43.75,0.0,2,0.0015797659136187123
2646,136.25,-43.75,43.75,0.0,2,0.03472487272350597
2647,138.75,-43.75,43.75,0.0,2,0.061220756415969975
2648,141.25,-43.75,43.75,0.0,2,0.04254527517622104
2649,143.75,-43.75,43.75,0.0,2,-0.041410184121461045
2650,146.25,-43.75,43.75,0.0,2,-0.08225906765811966
2651,148.75,-43.75,43.75,0.0,2,0.11684834582897294
2652,151.25,-43.75,43.75,0.0,2,0.13873471792177883
2653,153.75,-43.75,43.75,0.0,2,0.002625383650828444
2654,156.25,-43.75,43.75,0.0,2,-0.034787926296963145
2655,158.75,-43.75,43.75,0.0,2,0.027997593179340786
2656,161.25,-43.75,43.75,0.0,2,0.05161164111301565
2657,163.75,-43.75,43.75,0.0,2,0.0886363948870496
2658,166.25,-43.75,43.75,0.0,2,0.14538140552296827
2659,168.75,-43.75,43.75,0.0,2,0.1006501594486121
2660,171.25,-43.75,43.75,0.0,2,-0.00041171274449043545
2661,173.75,-43.75,43.75,0.0,2,0.007344677764743314
2662,176.25,-43.75,43.75,0.0,2,0.04142602786780138
2663,178.75,-43.75,43.75,0.0,2,0.018250199873693425
2664,181.25,-43.75,43.75,0.0,2,-0.04140993006509201
2665,183.75,-43.75,43.75,0.0,2,-0.05687596641939638
2666,186.25,-43.75,43.75,0.0,2,-0.03004218667244474
2667,188.75,-43.75,43.75,0.0,2,-0.08869333748614196
2668,191.25,-43.75,43.75,0.0,2,-0.13363813802277466
2669,193.75,-43.75,43.75,0.0,2,-0.1146975749182911
2670,196.25,-43.75,43.75,0.0,2,-0.10428401110533578
2671,198.75,-43.75,43.75,0.0,2,-0.07997688629363393
2672,201.25,-43.75,43.75,0.0,2,-0.06251057777045915
2673,203.75,-43.75,43.75,0.0,2,-0.0799117616052343
2674,206.25,-43.75,43.75,0.0,2,-0.05991168475522695
2675,208.75,-43.75,43.75,0.0,2,-0.02366484567410126
2676,211.25,-43.75,43.75,0.0,2,-0.020893421024688823
2677,213.75,-43.75,43.75,0.0,2,-0.001594970069048761
2678,216.25,-43.75,43.75,0.0,2,0.0031366202342623037
2679,218.75,-43.75,43.75,0.0,2,-0.013376068616666143
2680,221.25,-43.75,43.75,0.0,2,-0.007982584198739122
2681,223.75,-43.75,43.75,0.0,2,0.0012598255633271135
2682,226.25,-43.75,43.75,0.0,2,-0.012982324410081042
2683,228.75,-43.75,43.75,0.0,2,-0.022368567619537896
2684,231.25,-43.75,43.75,0.0,2,-0.01639745681253081
2685,233.75,-43.75,43.75,0.0,2,-0.01767086038856687
2686,236.25,-43.75,43.75,0.0,2,-0.027193177426357608
2687,238.75,-43.75,43.75,0.0,2,-0.008714743235261495
2688,241.25,-43.75,43.75,0.0,2,-0.0067354035395290075
2689,243.75,-43.75,43.75,0.0,2,-0.022446257965086872
2690,246.25,-43.75,43.75,0.0,2,-0.051800971669944657
2691,248.75,-43.75,43.75,0.0,2,-0.04001312521638981
2692,251.25,-43.75,43.75,0.0,2,-0.04193232169720254
2693,253.75,-43.75,43.75,0.0,2,-0.04098593053110206
2694,256.25,-43.75,43.75,0.0,2,-0.03278220112885641
2695,258.75,-43.75,43.75,0.0,2,-0.04396811543361678
2696,261.25,-43.75,43.75,0.0,2,-0.06327178152838489
2697,263.75,-43.75,43.75,0.0,2,-0.06787477588144468
2698,266.25,-43.75,43.75,0.0,2,-0.07322340528042952
2699,268.75,-43.75,43.75,0.0,2,-0.07488596939279211
2700,271.25,-43.75,43.75,0.0,2,-0.0763786882803614
2701,273.75,-43.75,43.75,0.0,2,-0.07828056096727125
2702,276.25,-43.75,43.75,0.0,2,-0.0886350023495761
2703,278.75,-43.75,43.75,0.0,2,-0.06134384694736653
2704,281.25,-43.75,43.75,0.0,1,-0.03200153074887256
2705,283.75,-43.75,43.75,0.0,1,-0.08851978377861662
2706,286.25,-43.75,43.75,0.0,1,-0.1656253443277847
2707,288.75,-43.75,43.75,1.0,0,-0.13051218724965122
2708,291.25,-43.75,43.75,1.0,0,-0.04377689105815726
2709,293.75,-43.75,43.75,0.0,1,-0.030271702743198906
2710,296.25,-43.75,43.75,0.0,1,-0.04589517412416656
2711,298.75,-43.75,43.75,0.0,1,-0.043525801438370454
2712,301.25,-43.75,43.75,0.0,1,0.039526108185502985
2713,303.75,-43.75,43.75,0.0,1,0.19243932795702517
2714,306.25,-43.75,43.75,0.0,1,0.18654287391514593
2715,308.75,-43.75,43.75,0.0,1,0.1433393189803239
2716,311.25,-43.75,43.75,0.0,1,0.11166223613240779
2717,313.75,-43.75,43.75,0.0,1,0.1479617130289785
2718,316.25,-43.75,43.75,0.0,1,0.17144158228377032
2719,318.75,-43.75,43.75,0.0,1,0.1543719758877627
2720,321.25,-43.75,43.75,0.0,1,0.1218964159943584
2721,323.75,-43.75,43.75,0.0,1,0.11131603595481128
2722,326.25,-43.75,43.75,0.0,1,0.10662845217555275
2723,328.75,-43.75,43.75,0.0,1,0.10633404154379768
2724,331.25,-43.75,43.75,0.0,1,0.07567878289828645
2725,333.75,-43.75,43.75,0.0,1,0.050271440553128155
2726,336.25,-43.75,43.75,0.0,1,0.05479507914305663
2727,338.75,-43.75,43.75,0.0,1,0.060456909836660695
2728,341.25,-43.75,43.75,0.0,1,0.07203186673342582
2729,343.75,-43.75,43.75,0.0,1,0.0919072372076555
2730,346.25,-43.75,43.75,0.0,1,0.08873923570822453
2731,348.75,-43.75,43.75,0.0,1,0.07268546369890316
2732,351.25,-43.75,43.75,0.0,1,0.0635404869212663
2733,353.75,-43.75,43.75,0.0,1,0.04301290563386241
2734,356.25,-43.75,43.75,0.0,1,0.017044617712157647
2735,358.75,-43.75,43.75,0.0,1,0.00952771132995388
2736,1.25,-41.25,41.25,0.0,1,-0.07483195028805541
2737,3.75,-41.25,41.25,0.0,1,-0.06870517044783508
2738,6.25,-41.25,41.25,0.0,1,-0.017393948751400344
2739,8.75,-41.25,41.25,0.0,1,0.0021694196608322445
2740,11.25,-41.25,41.25,0.0,1,-0.036660890159291554
2741,13.75,-41.25,41.25,0.0,1,-0.07278654893301482
2742,16.25,-41.25,41.25,0.0,1,-0.06688038952938657
2743,18.75,-41.25,41.25,0.0,1,-0.07101151255850682
2744,21.25,-41.25,41.25,0.0,1,-0.09748471724056591
2745,23.75,-41.25,41.25,0.0,1,-0.08633604628285024
2746,26.25,-41.25,41.25,0.0,1,-0.048108690619065024
2747,28.75,-41.25,41.25,0.0,1,-0.025358573582041345
2748,31.25,-41.25,41.25,0.0,3,-0.015636406349231045
2749,33.75,-41.25,41.25,0.0,3,0.007810657243045057
2750,36.25,-41.25,41.25,0.0,3,0.03796881475123371
2751,38.75,-41.25,41.25,0.0,3,0.05062709409899453
2752,41.25,-41.25,41.25,0.0,3,0.05318103264593438
2753,43.75,-41.25,41.25,0.0,3,0.050062724869136044
2754,46.25,-41.25,41.25,0.0,3,0.03690949266667652
2755,48.75,-41.25,41.25,0.0,3,0.03832631449056774
2756,51.25,-41.25,41.25,0.0,3,0.05317980463745989
2757,53.75,-41.25,41.25,0.0,3,0.06042333065946533
2758,56.25,-41.25,41.25,0.0,3,0.0683973287609742
2759,58.75,-41.25,41.25,0.0,3,0.07012234309606184
2760,61.25,-41.25,41.25,0.0,3,0.07375602168233715
2761,63.75,-41.25,41.25,0.0,3,0.07449983360351187
2762,66.25,-41.25,41.25,0.0,3,0.06874405961094127
2763,68.75,-41.25,41.25,0.0,3,0.048972181443771634
2764,71.25,-41.25,41.25,0.0,3,0.02077083395932312
2765,73.75,-41.25,41.25,0.0,3,-0.0047305189667087785
2766,76.25,-41.25,41.25,0.0,3,-0.02247472861285682
2767,78.75,-41.25,41.25,0.0,3,-0.0374976355649673
2768,81.25,-41.25,41.25,0.0,3,-0.04960619207573814
2769,83.75,-41.25,41.25,0.0,3,-0.0683451633555604
2770,86.25,-41.25,41.25,0.0,3,-0.10231989697073228
2771,88.75,-41.25,41.25,0.0,3,-0.11525189080674672
2772,91.25,-41.25,41.25,0.0,3,-0.1150414344883342
2773,93.75,-41.25,41.25,0.0,3,-0.11348845796669473
2774,96.25,-41.25,41.25,0.0,3,-0.10838608444100481
2775,98.75,-41.25,41.25,0.0,3,-0.09812959043419558
2776,101.25,-41.25,41.25,0.0,3,-0.10098418034873329
2777,103.75,-41.25,41.25,0.0,3,-0.11614378309969355
2778,106.25,-41.25,41.25,0.0,3,-0.1384729887370218
2779,108.75,-41.25,41.25,0.0,3,-0.13431049218903274
2780,111.25,-41.25,41.25,0.0,3,-0.1230486766651581
2781,113.75,-41.25,41.25,0.0,3,-0.12281088180626804
2782,116.25,-41.25,41.25,0.0,3,-0.13146415096502317
2783,118.75,-41.25,41.25,0.0,3,-0.1247401247752803
2784,121.25,-41.25,41.25,0.0,2,-0.10955879378160824
2785,123.75,-41.25,41.25,0.0,2,-0.08306648995664999
2786,126.25,-41.25,41.25,0.0,2,-0.0409620089208102
2787,128.75,-41.25,41.25,0.0,2,-0.031163787062990875
2788,131.25,-41.25,41.25,0.0,2,-0.01904260076237186
2789,133.75,-41.25,41.25,0.0,2,0.01047160068508097
2790,136.25,-41.25,41.25,0.0,2,0.006971758098017836
2791,138.75,-41.25,41.25,0.0,2,-0.011939961318796622
2792,141.25,-41.25,41.25,0.0,2,-0.0538929712319503
2793,143.75,-41.25,41.25,0.0,2,-0.13229809914416713
2794,146.25,-41.25,41.25,1.0,0,-0.0956950613333666
2795,148.75,-41.25,41.25,0.0,2,0.2183925125140952
2796,151.25,-41.25,41.25,0.0,2,0.41272973976574456
2797,153.75,-41.25,41.25,0.0,2,0.2849177558815163
2798,156.25,-41.25,41.25,0.0,2,0.04369442226221754
2799,158.75,-41.25,41.25,0.0,2,0.048510832324036524
2800,161.25,-41.25,41.25,0.0,2,0.062225091139573536
2801,163.75,-41.25,41.25,0.0,2,0.011814232381426908
2802,166.25,-41.25,41.25,0.0,2,0.013685173062059837
2803,168.75,-41.25,41.25,0.0,2,0.017475915978016326
2804,171.25,-41.25,41.25,0.0,2,0.006385291032634185
2805,173.75,-41.25,41.25,0.0,2,-0.03015939813937312
2806,176.25,-41.25,41.25,0.0,2,-0.03658297478520274
2807,178.75,-41.25,41.25,0.0,2,-0.06415141473042817
2808,181.25,-41.25,41.25,0.0,2,-0.05648625198856626
2809,183.75,-41.25,41.25,0.0,2,-0.04212908841717236
2810,186.25,-41.25,41.25,0.0,2,-0.023542262963727224
2811,188.75,-41.25,41.25,0.0,2,-0.059878407515195464
2812,191.25,-41.25,41.25,0.0,2,-0.13478466471549297
2813,193.75,-41.25,41.25,0.0,2,-0.17119012959492103
2814,196.25,-41.25,41.25,0.0,2,-0.18256465236259772
2815,198.75,-41.25,41.25,0.0,2,-0.1692670865260863
2816,201.25,-41.25,41.25,0.0,2,-0.14947753729376528
2817,203.75,-41.25,41.25,0.0,2,-0.15159623158796
2818,206.25,-41.25,41.25,0.0,2,-0.10413899554014494
2819,208.75,-41.25,41.25,0.0,2,-0.06153467356639005
2820,211.25,-41.25,41.25,0.0,2,-0.0580500726023911
2821,213.75,-41.25,41.25,0.0,2,-0.018247069465868793
2822,216.25,-41.25,41.25,0.0,2,0.0003166984808542539
2823,218.75,-41.25,41.25,0.0,2,-0.012630785989298204
2824,221.25,-41.25,41.25,0.0,2,-0.004572393591565996
2825,223.75,-41.25,41.25,0.0,2,-1.7025220888455266e-05
2826,226.25,-41.25,41.25,0.0,2,-0.0040306568495519215
2827,228.75,-41.25,41.25,0.0,2,-0.002715116732570946
2828,231.25,-41.25,41.25,0.0,2,-0.0022845314431131736
2829,233.75,-41.25,41.25,0.0,2,-0.006735473264515055
2830,236.25,-41.25,41.25,0.0,2,-0.02431329254338209
2831,238.75,-41.25,41.25,0.0,2,-0.029574785020339535
2832,241.25,-41.25,41.25,0.0,2,-0.03749733647452246
2833,243.75,-41.25,41.25,0.0,2,-0.04315463415107763
2834,246.25,-41.25,41.25,0.0,2,-0.05604238724682884
2835,248.75,-41.25,41.25,0.0,2,-0.061371098984253414
2836,251.25,-41.25,41.25,0.0,2,-0.05600031223172212
2837,253.75,-41.25,41.25,0.0,2,-0.0479566878868081
2838,256.25,-41.25,41.25,0.0,2,-0.05162280669599968
2839,258.75,-41.25,41.25,0.0,2,-0.06779784006457486
2840,261.25,-41.25,41.25,0.0,2,-0.07493758231040837
2841,263.75,-41.25,41.25,0.0,2,-0.07185166286599656
2842,266.25,-41.25,41.25,0.0,2,-0.061349916390018404
2843,268.75,-41.25,41.25,0.0,2,-0.05860443514961875
2844,271.25,-41.25,41.25,0.0,2,-0.07659839161896533
2845,273.75,-41.25,41.25,0.0,2,-0.08075345294737749
2846,276.25,-41.25,41.25,0.0,2,-0.06750547199639853
2847,278.75,-41.25,41.25,0.0,2,-0.04334286108579029
2848,281.25,-41.25,41.25,0.0,1,-0.077747003861898
2849,283.75,-41.25,41.25,0.0,1,-0.19014234177037376
2850,286.25,-41.25,41.25,0.0,1,-0.2362978240483632
2851,288.75,-41.25,41.25,1.0,0,-0.2004265140826298
2852,291.25,-41.25,41.25,1.0,0,-0.040125060870182215
2853,293.75,-41.25,41.25,0.0,1,-0.009207231130253683
2854,296.25,-41.25,41.25,0.0,1,-0.02492426275470724
2855,298.75,-41.25,41.25,0.0,1,-0.03364459210746782
2856,301.25,-41.25,41.25,0.0,1,0.02348057235457837
2857,303.75,-41.25,41.25,0.0,1,0.018723265116590955
2858,306.25,-41.25,41.25,0.0,1,-0.019990077536975678
2859,308.75,-41.25,41.25,0.0,1,-0.0417418462402396
2860,311.25,-41.25,41.25,0.0,1,-0.02608455296378918
2861,313.75,-41.25,41.25,0.0,1,0.00941589012481736
2862,316.25,-41.25,41.25,0.0,1,0.015533737507456959
2863,318.75,-41.25,41.25,0.0,1,0.012697800776575284
2864,321.25,-41.25,41.25,0.0,1,0.027371550092239197
2865,323.75,-41.25,41.25,0.0,1,0.030901462780726013
2866,326.25,-41.25,41.25,0.0,1,0.023895450820085616
2867,328.75,-41.25,41.25,0.0,1,0.03549698582689927
2868,331.25,-41.25,41.25,0.0,1,0.025289185071318096
2869,333.75,-41.25,41.25,0.0,1,0.00660107254544271
2870,336.25,-41.25,41.25,0.0,1,0.028662325833438366
2871,338.75,-41.25,41.25,0.0,1,0.017264923163220515
2872,341.25,-41.25,41.25,0.0,1,-0.008142016498623192
2873,343.75,-41.25,41.25,0.0,1,0.0040340328291164785
2874,346.25,-41.25,41.25,0.0,1,0.010207777903616006
2875,348.75,-41.25,41.25,0.0,1,-0.01955144614865419
2876,351.25,-41.25,41.25,0.0,1,-0.04883112807362627
2877,353.75,-41.25,41.25,0.0,1,-0.04304557363745886
2878,356.25,-41.25,41.25,0.0,1,-0.03125103030861515
2879,358.75,-41.25,41.25,0.0,1,-0.05437922024068456
2880,1.25,-38.75,38.75,0.0,1,-0.1567991601209107
2881,3.75,-38.75,38.75,0.0,1,-0.08503901665569673
2882,6.25,-38.75,38.75,0.0,1,-0.041348014759165316
2883,8.75,-38.75,38.75,0.0,1,-0.08825435892442328
2884,11.25,-38.75,38.75,0.0,1,-0.17046796421046453
2885,13.75,-38.75,38.75,0.0,1,-0.20754048434237368
2886,16.25,-38.75,38.75,0.0,1,-0.1863586601993951
2887,18.75,-38.75,38.75,0.0,1,-0.1868988851503291
2888,21.25,-38.75,38.75,0.0,1,-0.21848051943090663
2889,23.75,-38.75,38.75,0.0,1,-0.2417528249931245
2890,26.25,-38.75,38.75,0.0,1,-0.21429912109328253
2891,28.75,-38.75,38.75,0.0,1,-0.1365367282552809
2892,31.25,-38.75,38.75,0.0,3,-0.037966506092807266
2893,33.75,-38.75,38.75,0.0,3,0.023195978223764853
2894,36.25,-38.75,38.75,0.0,3,0.019007481543511652
2895,38.75,-38.75,38.75,0.0,3,0.014768325833803688
2896,41.25,-38.75,38.75,0.0,3,0.021409523243662347
2897,43.75,-38.75,38.75,0.0,3,0.011015776785662288
2898,46.25,-38.75,38.75,0.0,3,-0.005896384468003178
2899,48.75,-38.75,38.75,0.0,3,0.001174663174915338
2900,51.25,-38.75,38.75,0.0,3,0.02989655457324985
2901,53.75,-38.75,38.75,0.0,3,0.05390588152541299
2902,56.25,-38.75,38.75,0.0,3,0.05650755201766243
2903,58.75,-38.75,38.75,0.0,3,0.04752376023653671
2904,61.25,-38.75,38.75,0.0,3,0.052647558620855475
2905,63.75,-38.75,38.75,0.0,3,0.06385481692170081
2906,66.25,-38.75,38.75,0.0,3,0.042098019702463255
2907,68.75,-38.75,38.75,0.0,3,0.013436356101570698
2908,71.25,-38.75,38.75,0.0,3,-0.013282498247331475
2909,73.75,-38.75,38.75,0.0,3,-0.03264808468313219
2910,76.25,-38.75,38.75,0.0,3,-0.04901857626847125
2911,78.75,-38.75,38.75,0.0,3,-0.06769389317610858
2912,81.25,-38.75,38.75,0.0,3,-0.08400369717674519
2913,83.75,-38.75,38.75,0.0,3,-0.10048916381116194
2914,86.25,-38.75,38.75,0.0,3,-0.10129597041026148
2915,88.75,-38.75,38.75,0.0,3,-0.09719333861211875
2916,91.25,-38.75,38.75,0.0,3,-0.10593849816336245
2917,93.75,-38.75,38.75,0.0,3,-0.10531495447682644
2918,96.25,-38.75,38.75,0.0,3,-0.10791845714318639
2919,98.75,-38.75,38.75,0.0,3,-0.1187517549716483
2920,101.25,-38.75,38.75,0.0,3,-0.12603196665760538
2921,103.75,-38.75,38.75,0.0,3,-0.13867492266425424
2922,106.25,-38.75,38.75,0.0,3,-0.12462382157435503
2923,108.75,-38.75,38.75,0.0,3,-0.12796345513118276
2924,111.25,-38.75,38.75,0.0,3,-0.11317622641568016
2925,113.75,-38.75,38.75,0.0,3,-0.1103572840616435
2926,116.25,-38.75,38.75,0.0,3,-0.11047673467452918
2927,118.75,-38.75,38.75,0.0,3,-0.109255687157858
2928,121.25,-38.75,38.75,0.0,2,-0.09662024205836522
2929,123.75,-38.75,38.75,0.0,2,-0.08615084498956595
2930,126.25,-38.75,38.75,0.0,2,-0.051711356810915536
2931,128.75,-38.75,38.75,0.0,2,-0.03839152428154207
2932,131.25,-38.75,38.75,0.0,2,-0.026712914229808857
2933,133.75,-38.75,38.75,0.0,2,-0.03674376726501166
2934,136.25,-38.75,38.75,0.0,2,-0.06851435712411563
2935,138.75,-38.75,38.75,0.0,2,-0.11244531251726066
2936,141.25,-38.75,38.75,0.0,2,-0.10494359392445801
2937,143.75,-38.75,38.75,0.0,2,-0.0860291210029421
2938,146.25,-38.75,38.75,0.0,2,-0.08350499643730258
2939,148.75,-38.75,38.75,0.0,2,0.045439251874636946
2940,151.25,-38.75,38.75,0.0,2,0.26430717719957025
2941,153.75,-38.75,38.75,0.0,2,0.3694040974823216
2942,156.25,-38.75,38.75,0.0,2,0.13625284882806152
2943,158.75,-38.75,38.75,0.0,2,0.039264552913863805
2944,161.25,-38.75,38.75,0.0,2,0.08237247259527183
2945,163.75,-38.75,38.75,0.0,2,0.05677671573578157
2946,166.25,-38.75,38.75,0.0,2,-0.006946993951714184
2947,168.75,-38.75,38.75,0.0,2,-0.07390025748181658
2948,171.25,-38.75,38.75,0.0,2,-0.04005575502473589
2949,173.75,-38.75,38.75,0.0,2,-0.014096085338165091
2950,176.25,-38.75,38.75,0.0,2,-0.045505653826937234
2951,178.75,-38.75,38.75,0.0,2,-0.0370575024789056
2952,181.25,-38.75,38.75,0.0,2,-0.03307980730467441
2953,183.75,-38.75,38.75,0.0,2,-0.03431513675552394
2954,186.25,-38.75,38.75,0.0,2,-0.02069444250709455
2955,188.75,-38.75,38.75,0.0,2,-0.024294590393986196
2956,191.25,-38.75,38.75,0.0,2,-0.0411268807871967
2957,193.75,-38.75,38.75,0.0,2,-0.0698757933695512
2958,196.25,-38.75,38.75,0.0,2,-0.11097812881736163
2959,198.75,-38.75,38.75,0.0,2,-0.12296861296967518
2960,201.25,-38.75,38.75,0.0,2,-0.11059502635227346
2961,203.75,-38.75,38.75,0.0,2,-0.1052201789739417
2962,206.25,-38.75,38.75,0.0,2,-0.0791969163776463
2963,208.75,-38.75,38.75,0.0,2,-0.05621663961665308
2964,211.25,-38.75,38.75,0.0,2,-0.03636995196028236
2965,213.75,-38.75,38.75,0.0,2,-0.0027323772250716634
2966,216.25,-38.75,38.75,0.0,2,0.025956586279689626
2967,218.75,-38.75,38.75,0.0,2,0.01691176407998037
2968,221.25,-38.75,38.75,0.0,2,0.027602795107172253
2969,223.75,-38.75,38.75,0.0,2,0.028302835312381744
2970,226.25,-38.75,38.75,0.0,2,0.018191365254029795
2971,228.75,-38.75,38.75,0.0,2,0.00981569200578335
2972,231.25,-38.75,38.75,0.0,2,-0.0065616283807778284
2973,233.75,-38.75,38.75,0.0,2,-0.037729176536029294
2974,236.25,-38.75,38.75,0.0,2,-0.053051945109889184
2975,238.75,-38.75,38.75,0.0,2,-0.07598451603314593
2976,241.25,-38.75,38.75,0.0,2,-0.09422610839861642
2977,243.75,-38.75,38.75,0.0,2,-0.08903933956820206
2978,246.25,-38.75,38.75,0.0,2,-0.06675759188818603
2979,248.75,-38.75,38.75,0.0,2,-0.07297067043737428
2980,251.25,-38.75,38.75,0.0,2,-0.062133981503354196
2981,253.75,-38.75,38.75,0.0,2,-0.05403906874125077
2982,256.25,-38.75,38.75,0.0,2,-0.07646559697589936
2983,258.75,-38.75,38.75,0.0,2,-0.09067724855965006
2984,261.25,-38.75,38.75,0.0,2,-0.08805242366409691
2985,263.75,-38.75,38.75,0.0,2,-0.08979603482264249
2986,266.25,-38.75,38.75,0.0,2,-0.10708124869171971
2987,268.75,-38.75,38.75,0.0,2,-0.0864157634663609
2988,271.25,-38.75,38.75,0.0,2,-0.06380566229820683
2989,273.75,-38.75,38.75,0.0,2,-0.053160170320956754
2990,276.25,-38.75,38.75,0.0,2,-0.039520731399769256
2991,278.75,-38.75,38.75,0.0,2,-0.044092559184564686
2992,281.25,-38.75,38.75,0.0,1,-0.12574636731180272
2993,283.75,-38.75,38.75,0.0,1,-0.1922336911304334
2994,286.25,-38.75,38.75,0.0,1,-0.24744182370428994
2995,288.75,-38.75,38.75,1.0,0,-0.20815014746473146
2996,291.25,-38.75,38.75,1.0,0,-0.03453765176238438
2997,293.75,-38.75,38.75,1.0,0,0.00405257193986929
2998,296.25,-38.75,38.75,1.0,0,-0.01472954578670305
2999,298.75,-38.75,38.75,1.0,0,-0.033963824829133994
3000,301.25,-38.75,38.75,0.0,1,-0.00860155152572473
3001,303.75,-38.75,38.75,0.0,1,-0.02796495536555062
3002,306.25,-38.75,38.75,0.0,1,-0.05182203283251059
3003,308.75,-38.75,38.75,0.0,1,-0.028871473412427563
3004,311.25,-38.75,38.75,0.0,1,0.01088154767012078
3005,313.75,-38.75,38.75,0.0,1,0.04057346874208541
3006,316.25,-38.75,38.75,0.0,1,0.03771935592100302
3007,318.75,-38.75,38.75,0.0,1,0.01888657185245827
3008,321.25,-38.75,38.75,0.0,1,0.01916528995241722
3009,323.75,-38.75,38.75,0.0,1,0.018175288564463227
3010,326.25,-38.75,38.75,0.0,1,0.014755779759236141
3011,328.75,-38.75,38.75,0.0,1,0.023492529527941036
3012,331.25,-38.75,38.75,0.0,1,0.029670525879176107
3013,333.75,-38.75,38.75,0.0,1,0.021790384234217166
3014,336.25,-38.75,38.75,0.0,1,0.019848532100798174
3015,338.75,-38.75,38.75,0.0,1,-0.0006571085252831958
3016,341.25,-38.75,38.75,0.0,1,-0.03813942657720352
3017,343.75,-38.75,38.75,0.0,1,-0.06791049144427184
3018,346.25,-38.75,38.75,0.0,1,-0.1040752724052195
3019,348.75,-38.75,38.75,0.0,1,-0.12276380958521811
3020,351.25,-38.75,38.75,0.0,1,-0.06763247619205703
3021,353.75,-38.75,38.75,0.0,1,-0.02171116192921306
3022,356.25,-38.75,38.75,0.0,1,-0.05062289375002685
3023,358.75,-38.75,38.75,0.0,1,-0.13648086569892157
3024,1.25,-36.25,36.25,0.0,1,-0.2640652481675969
3025,3.75,-36.25,36.25,0.0,1,-0.1532026854971471
3026,6.25,-36.25,36.25,0.0,1,-0.1012331374903374
3027,8.75,-36.25,36.25,0.0,1,-0.12100838335985716
3028,11.25,-36.25,36.25,0.0,1,-0.1481685933751026
3029,13.75,-36.25,36.25,0.0,1,-0.16275746659254253
3030,16.25,-36.25,36.25,0.0,1,-0.13375529584693815
3031,18.75,-36.25,36.25,0.0,1,-0.10632830400732117
3032,21.25,-36.25,36.25,0.0,1,-0.11028589369833484
3033,23.75,-36.25,36.25,0.0,1,-0.11329437153644772
3034,26.25,-36.25,36.25,0.0,1,-0.1405772654987875
3035,28.75,-36.25,36.25,0.0,1,-0.1640414040663014
3036,31.25,-36.25,36.25,0.0,3,-0.11901910929134225
3037,33.75,-36.25,36.25,0.0,3,-0.023264801871943436
3038,36.25,-36.25,36.25,0.0,3,0.008891226321820189
3039,38.75,-36.25,36.25,0.0,3,0.02399474580066949
3040,41.25,-36.25,36.25,0.0,3,0.043278039396981785
3041,43.75,-36.25,36.25,0.0,3,0.06833549155015271
3042,46.25,-36.25,36.25,0.0,3,0.08995123770278658
3043,48.75,-36.25,36.25,0.0,3,0.08790315785708001
3044,51.25,-36.25,36.25,0.0,3,0.08836641132098871
3045,53.75,-36.25,36.25,0.0,3,0.08766663568379916
3046,56.25,-36.25,36.25,0.0,3,0.07427301549032486
3047,58.75,-36.25,36.25,0.0,3,0.04834515929760581
3048,61.25,-36.25,36.25,0.0,3,0.05334051097694226
3049,63.75,-36.25,36.25,0.0,3,0.05330364768340824
3050,66.25,-36.25,36.25,0.0,3,0.047490535732717276
3051,68.75,-36.25,36.25,0.0,3,0.031075868803424826
3052,71.25,-36.25,36.25,0.0,3,0.0015853717577589879
3053,73.75,-36.25,36.25,0.0,3,-0.023481714283456745
3054,76.25,-36.25,36.25,0.0,3,-0.04532024104519346
3055,78.75,-36.25,36.25,0.0,3,-0.06457860792158568
3056,81.25,-36.25,36.25,0.0,3,-0.07243216054458239
3057,83.75,-36.25,36.25,0.0,3,-0.08493654265374018
3058,86.25,-36.25,36.25,0.0,3,-0.09307114753473464
3059,88.75,-36.25,36.25,0.0,3,-0.0973826673915906
3060,91.25,-36.25,36.25,0.0,3,-0.10201298777047975
3061,93.75,-36.25,36.25,0.0,3,-0.09570082874236958
3062,96.25,-36.25,36.25,0.0,3,-0.0984068328681223
3063,98.75,-36.25,36.25,0.0,3,-0.10346330567948574
3064,101.25,-36.25,36.25,0.0,3,-0.11090340382530514
3065,103.75,-36.25,36.25,0.0,3,-0.09811676744563105
3066,106.25,-36.25,36.25,0.0,3,-0.08527167541199918
3067,108.75,-36.25,36.25,0.0,3,-0.07990527868540998
3068,111.25,-36.25,36.25,0.0,3,-0.06719612742700753
3069,113.75,-36.25,36.25,0.0,3,-0.0655080651452219
3070,116.25,-36.25,36.25,0.0,3,-0.0581891995632025
3071,118.75,-36.25,36.25,0.0,3,-0.05787085848431772
3072,121.25,-36.25,36.25,0.0,2,-0.07091191936665486
3073,123.75,-36.25,36.25,0.0,2,-0.07736116113769481
3074,126.25,-36.25,36.25,0.0,2,-0.06493079844306372
3075,128.75,-36.25,36.25,0.0,2,-0.04923382397610941
3076,131.25,-36.25,36.25,0.0,2,-0.0612025842153222
3077,133.75,-36.25,36.25,0.0,2,-0.09260297963989053
3078,136.25,-36.25,36.25,0.0,2,-0.09502429812098058
3079,138.75,-36.25,36.25,0.0,2,-0.10793232215099126
3080,141.25,-36.25,36.25,1.0,0,-0.04195971857012078
3081,143.75,-36.25,36.25,1.0,0,-0.03408382654263785
3082,146.25,-36.25,36.25,1.0,0,-0.04488065642905026
3083,148.75,-36.25,36.25,1.0,0,-0.02080987823917856
3084,151.25,-36.25,36.25,0.0,2,-0.0027225969004753213
3085,153.75,-36.25,36.25,0.0,2,0.022312490670105527
3086,156.25,-36.25,36.25,0.0,2,-0.07190471175342374
3087,158.75,-36.25,36.25,0.0,2,-0.08593511794028301
3088,161.25,-36.25,36.25,0.0,2,-0.05815600435595083
3089,163.75,-36.25,36.25,0.0,2,0.013625622105919446
3090,166.25,-36.25,36.25,0.0,2,0.024792209953234758
3091,168.75,-36.25,36.25,0.0,2,-0.04853299637320613
3092,171.25,-36.25,36.25,0.0,2,-0.04120306411915871
3093,173.75,-36.25,36.25,0.0,2,0.03271565148347503
3094,176.25,-36.25,36.25,0.0,2,0.026242725824387733
3095,178.75,-36.25,36.25,0.0,2,0.009584073566815244
3096,181.25,-36.25,36.25,0.0,2,-0.019679781135209115
3097,183.75,-36.25,36.25,0.0,2,-0.021845286107563214
3098,186.25,-36.25,36.25,0.0,2,-0.030294763010612822
3099,188.75,-36.25,36.25,0.0,2,-0.03149135643464877
3100,191.25,-36.25,36.25,0.0,2,-0.024725774073824466
3101,193.75,-36.25,36.25,0.0,2,-0.03513503643988783
3102,196.25,-36.25,36.25,0.0,2,-0.0673248055871488
3103,198.75,-36.25,36.25,0.0,2,-0.062422176890462394
3104,201.25,-36.25,36.25,0.0,2,-0.05323953870794159
3105,203.75,-36.25,36.25,0.0,2,-0.03874669769439848
3106,206.25,-36.25,36.25,0.0,2,-0.005369217473395681
3107,208.75,-36.25,36.25,0.0,2,0.014314392873707468
3108,211.25,-36.25,36.25,0.0,2,0.01906069806343973
3109,213.75,-36.25,36.25,0.0,2,0.01612334107061797
3110,216.25,-36.25,36.25,0.0,2,-0.0002237338290607746
3111,218.75,-36.25,36.25,0.0,2,0.0023055907202955543
3112,221.25,-36.25,36.25,0.0,2,0.042726186665930706
3113,223.75,-36.25,36.25,0.0,2,0.044925166468028514
3114,226.25,-36.25,36.25,0.0,2,0.0157616298239049
3115,228.75,-36.25,36.25,0.0,2,-0.002976137485703393
3116,231.25,-36.25,36.25,0.0,2,-0.0553922614274031
3117,233.75,-36.25,36.25,0.0,2,-0.07860403285499623
3118,236.25,-36.25,36.25,0.0,2,-0.10705508036932519
3119,238.75,-36.25,36.25,0.0,2,-0.13131966730363398
3120,241.25,-36.25,36.25,0.0,2,-0.14663738764059264
3121,243.75,-36.25,36.25,0.0,2,-0.10900807877380442
3122,246.25,-36.25,36.25,0.0,2,-0.09609806501001139
3123,248.75,-36.25,36.25,0.0,2,-0.09507187330703179
3124,251.25,-36.25,36.25,0.0,2,-0.07816010372843488
3125,253.75,-36.25,36.25,0.0,2,-0.09951098199359062
3126,256.25,-36.25,36.25,0.0,2,-0.12859296691690475
3127,258.75,-36.25,36.25,0.0,2,-0.10538393543341369
3128,261.25,-36.25,36.25,0.0,2,-0.09532012032987416
3129,263.75,-36.25,36.25,0.0,2,-0.09463156017608634
3130,266.25,-36.25,36.25,0.0,2,-0.08839249861775525
3131,268.75,-36.25,36.25,0.0,2,-0.07207198891875283
3132,271.25,-36.25,36.25,0.0,2,-0.06659659097610404
3133,273.75,-36.25,36.25,0.0,2,-0.05889136685508879
3134,276.25,-36.25,36.25,0.0,2,-0.038166510509295
3135,278.75,-36.25,36.25,0.0,2,-0.07549501412268025
3136,281.25,-36.25,36.25,0.0,1,-0.15350182492647907
3137,283.75,-36.25,36.25,0.0,1,-0.13210532814487883
3138,286.25,-36.25,36.25,0.0,1,-0.19958499316550624
3139,288.75,-36.25,36.25,1.0,0,-0.22002083904728723
3140,291.25,-36.25,36.25,1.0,0,-0.06454213925862529
3141,293.75,-36.25,36.25,1.0,0,-0.008119345794686568
3142,296.25,-36.25,36.25,1.0,0,-0.03221513020793012
3143,298.75,-36.25,36.25,1.0,0,-0.05574092066178904
3144,301.25,-36.25,36.25,1.0,0,-0.0369683925884805
3145,303.75,-36.25,36.25,0.0,1,-0.02989577644388993
3146,306.25,-36.25,36.25,0.0,1,-0.052446128160964854
3147,308.75,-36.25,36.25,0.0,1,-0.03532797747086942
3148,311.25,-36.25,36.25,0.0,1,0.03971706400799637
3149,313.75,-36.25,36.25,0.0,1,0.0969735647422856
3150,316.25,-36.25,36.25,0.0,1,0.11643473552869191
3151,318.75,-36.25,36.25,0.0,1,0.09727086573905924
3152,321.25,-36.25,36.25,0.0,1,0.07877446662303828
3153,323.75,-36.25,36.25,0.0,1,0.07088319798407326
3154,326.25,-36.25,36.25,0.0,1,0.051461935716971316
3155,328.75,-36.25,36.25,0.0,1,0.044757653622677335
3156,331.25,-36.25,36.25,0.0,1,0.03824124314466311
3157,333.75,-36.25,36.25,0.0,1,0.025668326964940365
3158,336.25,-36.25,36.25,0.0,1,0.03412480864678573
3159,338.75,-36.25,36.25,0.0,1,0.022149448176361997
3160,341.25,-36.25,36.25,0.0,1,-0.011243833066836255
3161,343.75,-36.25,36.25,0.0,1,-0.05806775318525765
3162,346.25,-36.25,36.25,0.0,1,-0.11240311496130048
3163,348.75,-36.25,36.25,0.0,1,-0.10642043344425627
3164,351.25,-36.25,36.25,0.0,1,-0.04627035604132828
3165,353.75,-36.25,36.25,0.0,1,-0.03573453437302288
3166,356.25,-36.25,36.25,0.0,1,-0.1028700422833803
3167,358.75,-36.25,36.25,0.0,1,-0.2257416485214552
3168,1.25,-33.75,33.75,0.0,1,-0.2167499678290633
3169,3.75,-33.75,33.75,0.0,1,-0.13110308506120666
3170,6.25,-33.75,33.75,0.0,1,-0.07697658635958173
3171,8.75,-33.75,33.75,0.0,1,-0.07087395957179989
3172,11.25,-33.75,33.75,0.0,1,-0.06928789605531821
3173,13.75,-33.75,33.75,0.0,1,-0.07391579993478707
3174,16.25,-33.75,33.75,0.0,1,-0.07998261201754961
3175,18.75,-33.75,33.75,0.0,1,-0.045577247697751934
3176,21.25,-33.75,33.75,1.0,0,-0.02928150792358497
3177,23.75,-33.75,33.75,1.0,0,0.01786622982482068
3178,26.25,-33.75,33.75,0.0,1,-0.006340285314496741
3179,28.75,-33.75,33.75,0.0,1,-0.05459434178019947
3180,31.25,-33.75,33.75,0.0,3,-0.051777859022025266
3181,33.75,-33.75,33.75,0.0,3,0.009798177364902886
3182,36.25,-33.75,33.75,0.0,3,0.052843972562676304
3183,38.75,-33.75,33.75,0.0,3,0.03695059663816951
3184,41.25,-33.75,33.75,0.0,3,0.05715641974545013
3185,43.75,-33.75,33.75,0.0,3,0.1026842768611056
3186,46.25,-33.75,33.75,0.0,3,0.14589173693907598
3187,48.75,-33.75,33.75,0.0,3,0.16997108878795592
3188,51.25,-33.75,33.75,0.0,3,0.181310350040019
3189,53.75,-33.75,33.75,0.0,3,0.1867199634735202
3190,56.25,-33.75,33.75,0.0,3,0.15468952541014713
3191,58.75,-33.75,33.75,0.0,3,0.106527408371637
3192,61.25,-33.75,33.75,0.0,3,0.0986907658152553
3193,63.75,-33.75,33.75,0.0,3,0.05947961245903381
3194,66.25,-33.75,33.75,0.0,3,0.04697907834702442
3195,68.75,-33.75,33.75,0.0,3,0.026388264726875412
3196,71.25,-33.75,33.75,0.0,3,-0.023901502249612957
3197,73.75,-33.75,33.75,0.0,3,-0.041842227547392634
3198,76.25,-33.75,33.75,0.0,3,-0.0559951464691201
3199,78.75,-33.75,33.75,0.0,3,-0.07462948029229262
3200,81.25,-33.75,33.75,0.0,3,-0.0929215417316618
3201,83.75,-33.75,33.75,0.0,3,-0.0993841565701392
3202,86.25,-33.75,33.75,0.0,3,-0.09342218774644491
3203,88.75,-33.75,33.75,0.0,3,-0.0920851759103172
3204,91.25,-33.75,33.75,0.0,3,-0.09114610892099083
3205,93.75,-33.75,33.75,0.0,3,-0.08334414815962211
3206,96.25,-33.75,33.75,0.0,3,-0.0896864011404793
3207,98.75,-33.75,33.75,0.0,3,-0.08707492377885133
3208,101.25,-33.75,33.75,0.0,3,-0.07977001218318439
3209,103.75,-33.75,33.75,0.0,3,-0.061715946929619424
3210,106.25,-33.75,33.75,0.0,3,-0.05124906453588769
3211,108.75,-33.75,33.75,0.0,3,-0.05635487083375007
3212,111.25,-33.75,33.75,0.0,3,-0.04421377150963315
3213,113.75,-33.75,33.75,0.0,3,-0.068703356350269
3214,116.25,-33.75,33.75,0.0,3,-0.05457698206274359
3215,118.75,-33.75,33.75,1.0,0,-0.04817628358543333
3216,121.25,-33.75,33.75,0.0,2,-0.03846970297166698
3217,123.75,-33.75,33.75,0.0,2,-0.025450156114858805
3218,126.25,-33.75,33.75,0.0,2,-0.023701404834752506
3219,128.75,-33.75,33.75,0.0,2,-0.03539259740055088
3220,131.25,-33.75,33.75,0.0,2,-0.05702596180368204
3221,133.75,-33.75,33.75,0.0,2,-0.08422939481336275
3222,136.25,-33.75,33.75,0.0,2,-0.05256627435573505
3223,138.75,-33.75,33.75,1.0,0,-0.028239699072938395
3224,141.25,-33.75,33.75,1.0,0,-0.01729610141407705
3225,143.75,-33.75,33.75,1.0,0,-4.5805474408059175e-05
3226,146.25,-33.75,33.75,1.0,0,0.007855201783278006
3227,148.75,-33.75,33.75,1.0,0,0.01813245672794043
3228,151.25,-33.75,33.75,0.0,2,-0.0017587853427769435
3229,153.75,-33.75,33.75,0.0,2,-0.0592866585209101
3230,156.25,-33.75,33.75,0.0,2,-0.14514663742939354
3231,158.75,-33.75,33.75,0.0,2,-0.18094819530962558
3232,161.25,-33.75,33.75,0.0,2,-0.17344992208420265
3233,163.75,-33.75,33.75,0.0,2,-0.15844749461515423
3234,166.25,-33.75,33.75,0.0,2,-0.08816288707087551
3235,168.75,-33.75,33.75,0.0,2,-0.07114841633381695
3236,171.25,-33.75,33.75,0.0,2,-0.07527447706674481
3237,173.75,-33.75,33.75,0.0,2,-0.03526925891191408
3238,176.25,-33.75,33.75,0.0,2,-0.03946623126912656
3239,178.75,-33.75,33.75,0.0,2,-0.04282131896113853
3240,181.25,-33.75,33.75,0.0,2,-0.06106527003149548
3241,183.75,-33.75,33.75,0.0,2,-0.043694272346376066
3242,186.25,-33.75,33.75,0.0,2,-0.04082701451512271
3243,188.75,-33.75,33.75,0.0,2,-0.05561170947898045
3244,191.25,-33.75,33.75,0.0,2,-0.05445020901042557
3245,193.75,-33.75,33.75,0.0,2,-0.0744399735826018
3246,196.25,-33.75,33.75,0.0,2,-0.062199113201540764
3247,198.75,-33.75,33.75,0.0,2,-0.04916683895896378
3248,201.25,-33.75,33.75,0.0,2,-0.029838260656153644
3249,203.75,-33.75,33.75,0.0,2,-0.0049092856546341995
3250,206.25,-33.75,33.75,0.0,2,0.028678447319097435
3251,208.75,-33.75,33.75,0.0,2,0.04132324422876306
3252,211.25,-33.75,33.75,0.0,2,0.030559363523514103
3253,213.75,-33.75,33.75,0.0,2,0.03962804120825223
3254,216.25,-33.75,33.75,0.0,2,0.020620273488234298
3255,218.75,-33.75,33.75,0.0,2,0.02911713564092106
3256,221.25,-33.75,33.75,0.0,2,0.06075014598596765
3257,223.75,-33.75,33.75,0.0,2,0.058105722113540606
3258,226.25,-33.75,33.75,0.0,2,0.03834775726641479
3259,228.75,-33.75,33.75,0.0,2,-0.005287158808830116
3260,231.25,-33.75,33.75,0.0,2,-0.05312915741709803
3261,233.75,-33.75,33.75,0.0,2,-0.09294389348233399
3262,236.25,-33.75,33.75,0.0,2,-0.14145485881960007
3263,238.75,-33.75,33.75,0.0,2,-0.16704777789450054
3264,241.25,-33.75,33.75,0.0,2,-0.17395336959180785
3265,243.75,-33.75,33.75,0.0,2,-0.15471692418892444
3266,246.25,-33.75,33.75,0.0,2,-0.1620566631440639
3267,248.75,-33.75,33.75,0.0,2,-0.1648585845427489
3268,251.25,-33.75,33.75,0.0,2,-0.15564489869753145
3269,253.75,-33.75,33.75,0.0,2,-0.1912287968215796
3270,256.25,-33.75,33.75,0.0,2,-0.16760940601654312
3271,258.75,-33.75,33.75,0.0,2,-0.12736578008322094
3272,261.25,-33.75,33.75,0.0,2,-0.13829123892135184
3273,263.75,-33.75,33.75,0.0,2,-0.09668654822806294
3274,266.25,-33.75,33.75,0.0,2,-0.08049001808414011
3275,268.75,-33.75,33.75,0.0,2,-0.1031702803730186
3276,271.25,-33.75,33.75,0.0,2,-0.09657569704000082
3277,273.75,-33.75,33.75,0.0,2,-0.09955282626546268
3278,276.25,-33.75,33.75,0.0,2,-0.10404800842864631
3279,278.75,-33.75,33.75,0.0,2,-0.13161188420127382
3280,281.25,-33.75,33.75,0.0,1,-0.15818979862106736
3281,283.75,-33.75,33.75,0.0,1,-0.08320885342494565
3282,286.25,-33.75,33.75,0.0,1,-0.1525566088731745
3283,288.75,-33.75,33.75,0.0,1,-0.2214646552942812
3284,291.25,-33.75,33.75,1.0,0,-0.0854745123811903
3285,293.75,-33.75,33.75,1.0,0,-0.024350926305953112
3286,296.25,-33.75,33.75,1.0,0,-0.05051108535971303
3287,298.75,-33.75,33.75,1.0,0,-0.059952081389674436
3288,301.25,-33.75,33.75,1.0,0,-0.035968261545912705
3289,303.75,-33.75,33.75,1.0,0,-0.029858512447929995
3290,306.25,-33.75,33.75,0.0,1,-0.026627389063030776
3291,308.75,-33.75,33.75,0.0,1,-0.02788992913209788
3292,311.25,-33.75,33.75,0.0,1,-0.03896350314255806
3293,313.75,-33.75,33.75,0.0,1,0.05381195728651437
3294,316.25,-33.75,33.75,0.0,1,0.1048017788148864
3295,318.75,-33.75,33.75,0.0,1,0.10306603610142667
3296,321.25,-33.75,33.75,0.0,1,0.10580057825157979
3297,323.75,-33.75,33.75,0.0,1,0.09370655266990532
3298,326.25,-33.75,33.75,0.0,1,0.06736179269658212
3299,328.75,-33.75,33.75,0.0,1,0.0485623980114342
3300,331.25,-33.75,33.75,0.0,1,0.027441493620216487
3301,333.75,-33.75,33.75,0.0,1,0.02712101396515553
3302,336.25,-33.75,33.75,0.0,1,0.04274384856135405
3303,338.75,-33.75,33.75,0.0,1,0.04360014705000371
3304,341.25,-33.75,33.75,0.0,1,0.013534088748278326
3305,343.75,-33.75,33.75,0.0,1,-0.043766490288985944
3306,346.25,-33.75,33.75,0.0,1,-0.11992386797890028
3307,348.75,-33.75,33.75,0.0,1,-0.15333572828038106
3308,351.25,-33.75,33.75,0.0,1,-0.11943747715963504
3309,353.75,-33.75,33.75,0.0,1,-0.08221570124267381
3310,356.25,-33.75,33.75,0.0,1,-0.08406282643636928
3311,358.75,-33.75,33.75,0.0,1,-0.17587116705612196
3312,1.25,-31.25,31.25,0.0,1,-0.09070578875338729
3313,3.75,-31.25,31.25,0.0,1,-0.07857538505933417
3314,6.25,-31.25,31.25,0.0,1,-0.06027588636967848
3315,8.75,-31.25,31.25,0.0,1,-0.04411503270361748
3316,11.25,-31.25,31.25,0.0,1,-0.04583873055311421
3317,13.75,-31.25,31.25,0.0,1,-0.04152367059959162
3318,16.25,-31.25,31.25,0.0,1,-0.039233476223120255
3319,18.75,-31.25,31.25,1.0,0,-0.038170029701583646
3320,21.25,-31.25,31.25,1.0,0,-0.04023041921434404
3321,23.75,-31.25,31.25,1.0,0,0.017222998233821323
3322,26.25,-31.25,31.25,1.0,0,0.04883753439386127
3323,28.75,-31.25,31.25,1.0,0,0.03219546123379264
3324,31.25,-31.25,31.25,0.0,3,-0.03800488402751553
3325,33.75,-31.25,31.25,0.0,3,-0.011138390138743258
3326,36.25,-31.25,31.25,0.0,3,0.04462142573413278
3327,38.75,-31.25,31.25,0.0,3,0.017137637425158957
3328,41.25,-31.25,31.25,0.0,3,0.02443962304307959
3329,43.75,-31.25,31.25,0.0,3,0.018106927211877982
3330,46.25,-31.25,31.25,0.0,3,0.042843276364559514
3331,48.75,-31.25,31.25,0.0,3,0.08933635060285457
3332,51.25,-31.25,31.25,0.0,3,0.16809849350847814
3333,53.75,-31.25,31.25,0.0,3,0.12719903482364187
3334,56.25,-31.25,31.25,0.0,3,0.026711831917850416
3335,58.75,-31.25,31.25,0.0,3,0.03836401662743757
3336,61.25,-31.25,31.25,0.0,3,0.031247680180982344
3337,63.75,-31.25,31.25,0.0,3,-0.023074306513123845
3338,66.25,-31.25,31.25,0.0,3,-0.03832021815209112
3339,68.75,-31.25,31.25,0.0,3,-0.054790280452548315
3340,71.25,-31.25,31.25,0.0,3,-0.07843813266713497
3341,73.75,-31.25,31.25,0.0,3,-0.07300758463564978
3342,76.25,-31.25,31.25,0.0,3,-0.08225295205777879
3343,78.75,-31.25,31.25,0.0,3,-0.08934227011738272
3344,81.25,-31.25,31.25,0.0,3,-0.0956799548059825
3345,83.75,-31.25,31.25,0.0,3,-0.09019295396859928
3346,86.25,-31.25,31.25,0.0,3,-0.0766094774381728
3347,88.75,-31.25,31.25,0.0,3,-0.0788601148813136
3348,91.25,-31.25,31.25,0.0,3,-0.08129346883060679
3349,93.75,-31.25,31.25,0.0,3,-0.07494863297387364
3350,96.25,-31.25,31.25,0.0,3,-0.07758057616247246
3351,98.75,-31.25,31.25,0.0,3,-0.0719093188150969
3352,101.25,-31.25,31.25,0.0,3,-0.06508788764408646
3353,103.75,-31.25,31.25,0.0,3,-0.04881271156550774
3354,106.25,-31.25,31.25,0.0,3,-0.04420012083123035
3355,108.75,-31.25,31.25,0.0,3,-0.04338735790180739
3356,111.25,-31.25,31.25,0.0,3,-0.03979290720854277
3357,113.75,-31.25,31.25,0.0,3,-0.06452241463543076
3358,116.25,-31.25,31.25,1.0,0,-0.0432418856867966
3359,118.75,-31.25,31.25,1.0,0,-0.045879616626732796
3360,121.25,-31.25,31.25,1.0,0,-0.02755255241868506
3361,123.75,-31.25,31.25,1.0,0,-0.006846304451287293
3362,126.25,-31.25,31.25,1.0,0,-0.003382987775702623
3363,128.75,-31.25,31.25,0.0,2,-0.01200649380481231
3364,131.25,-31.25,31.25,0.0,2,-0.023537597223534643
3365,133.75,-31.25,31.25,0.0,2,-0.023500154786253155
3366,136.25,-31.25,31.25,1.0,0,-0.016229561072988938
3367,138.75,-31.25,31.25,1.0,0,-0.017474399312251223
3368,141.25,-31.25,31.25,1.0,0,-0.006010269954058686
3369,143.75,-31.25,31.25,1.0,0,0.025846355606613428
3370,146.25,-31.25,31.25,1.0,0,0.03979948976655497
3371,148.75,-31.25,31.25,1.0,0,0.026903600103934795
3372,151.25,-31.25,31.25,1.0,0,0.016887507405125752
3373,153.75,-31.25,31.25,0.0,2,-0.04267419732503122
3374,156.25,-31.25,31.25,0.0,2,-0.11356281257217228
3375,158.75,-31.25,31.25,0.0,2,-0.1341107830330962
3376,161.25,-31.25,31.25,0.0,2,-0.0984385803066756
3377,163.75,-31.25,31.25,0.0,2,-0.12312614112667036
3378,166.25,-31.25,31.25,0.0,2,-0.11794185396695876
3379,168.75,-31.25,31.25,0.0,2,-0.11525981515699214
3380,171.25,-31.25,31.25,0.0,2,-0.10572051768874494
3381,173.75,-31.25,31.25,0.0,2,-0.10624190323973304
3382,176.25,-31.25,31.25,0.0,2,-0.11115957344572014
3383,178.75,-31.25,31.25,0.0,2,-0.06809127866045618
3384,181.25,-31.25,31.25,0.0,2,-0.0591301776342251
3385,183.75,-31.25,31.25,0.0,2,-0.05836933291815308
3386,186.25,-31.25,31.25,0.0,2,-0.0506954266495405
3387,188.75,-31.25,31.25,0.0,2,-0.049576906436103386
3388,191.25,-31.25,31.25,0.0,2,-0.05384936279020345
3389,193.75,-31.25,31.25,0.0,2,-0.04866311607029095
3390,196.25,-31.25,31.25,0.0,2,-0.005554686091383501
3391,198.75,-31.25,31.25,0.0,2,0.03480919722476162
3392,201.25,-31.25,31.25,0.0,2,0.06315469792426173
3393,203.75,-31.25,31.25,0.0,2,0.08389303652404795
3394,206.25,-31.25,31.25,0.0,2,0.09850242707885434
3395,208.75,-31.25,31.25,0.0,2,0.08165379330643997
3396,211.25,-31.25,31.25,0.0,2,0.08687813434001648
3397,213.75,-31.25,31.25,0.0,2,0.09949698852806386
3398,216.25,-31.25,31.25,0.0,2,0.09439529391542742
3399,218.75,-31.25,31.25,0.0,2,0.08821676813051169
3400,221.25,-31.25,31.25,0.0,2,0.09920652613606411
3401,223.75,-31.25,31.25,0.0,2,0.08771815040163002
3402,226.25,-31.25,31.25,0.0,2,0.025973083300673314
3403,228.75,-31.25,31.25,0.0,2,-0.02615502218695994
3404,231.25,-31.25,31.25,0.0,2,-0.057107857935637676
3405,233.75,-31.25,31.25,0.0,2,-0.11108328128820068
3406,236.25,-31.25,31.25,0.0,2,-0.15600510463196143
3407,238.75,-31.25,31.25,0.0,2,-0.22054690292169019
3408,241.25,-31.25,31.25,0.0,2,-0.24300903461248863
3409,243.75,-31.25,31.25,0.0,2,-0.26521332917943363
3410,246.25,-31.25,31.25,0.0,2,-0.2748777028201935
3411,248.75,-31.25,31.25,0.0,2,-0.26956330529514033
3412,251.25,-31.25,31.25,0.0,2,-0.2513792040763102
3413,253.75,-31.25,31.25,0.0,2,-0.23837383453015032
3414,256.25,-31.25,31.25,0.0,2,-0.18110226121017375
3415,258.75,-31.25,31.25,0.0,2,-0.15826203830409652
3416,261.25,-31.25,31.25,0.0,2,-0.1791408575057648
3417,263.75,-31.25,31.25,0.0,2,-0.13291062089454964
3418,266.25,-31.25,31.25,0.0,2,-0.13257948125557753
3419,268.75,-31.25,31.25,0.0,2,-0.16256867622196605
3420,271.25,-31.25,31.25,0.0,2,-0.11312233653896916
3421,273.75,-31.25,31.25,0.0,2,-0.1282001984980521
3422,276.25,-31.25,31.25,0.0,2,-0.1518214983933859
3423,278.75,-31.25,31.25,0.0,2,-0.11391267238952615
3424,281.25,-31.25,31.25,0.0,1,-0.09382459285385703
3425,283.75,-31.25,31.25,0.0,1,-0.04644035332184546
3426,286.25,-31.25,31.25,0.0,1,-0.08667582085666153
3427,288.75,-31.25,31.25,0.0,1,-0.16008177883972768
3428,291.25,-31.25,31.25,1.0,0,-0.08821870993755188
3429,293.75,-31.25,31.25,1.0,0,-0.04928923021633371
3430,296.25,-31.25,31.25,1.0,0,-0.05455806549736931
3431,298.75,-31.25,31.25,1.0,0,-0.09849425541881941
3432,301.25,-31.25,31.25,1.0,0,-0.09588778285101253
3433,303.75,-31.25,31.25,1.0,0,-0.07181941875368868
3434,306.25,-31.25,31.25,1.0,0,-0.023138931774256327
3435,308.75,-31.25,31.25,0.0,1,-0.023947052793061044
3436,311.25,-31.25,31.25,0.0,1,-0.06483439751262422
3437,313.75,-31.25,31.25,0.0,1,-0.03986699312312996
3438,316.25,-31.25,31.25,0.0,1,0.012275933932721972
3439,318.75,-31.25,31.25,0.0,1,0.05810167649121083
3440,321.25,-31.25,31.25,0.0,1,0.10876742131663766
3441,323.75,-31.25,31.25,0.0,1,0.10276383564539232
3442,326.25,-31.25,31.25,0.0,1,0.08581087514974696
3443,328.75,-31.25,31.25,0.0,1,0.04639211344216057
3444,331.25,-31.25,31.25,0.0,1,0.005250448726884644
3445,333.75,-31.25,31.25,0.0,1,0.010267637941273527
3446,336.25,-31.25,31.25,0.0,1,0.004487422085199898
3447,338.75,-31.25,31.25,0.0,1,-0.0246256711537539
3448,341.25,-31.25,31.25,0.0,1,-0.06690617323081798
3449,343.75,-31.25,31.25,0.0,1,-0.11750679023648553
3450,346.25,-31.25,31.25,0.0,1,-0.17873298795049433
3451,348.75,-31.25,31.25,0.0,1,-0.2153822145439307
3452,351.25,-31.25,31.25,0.0,1,-0.18680371321397884
3453,353.75,-31.25,31.25,0.0,1,-0.11337239712869678
3454,356.25,-31.25,31.25,0.0,1,-0.05772729329993315
3455,358.75,-31.25,31.25,0.0,1,-0.07379403790046914
3456,1.25,-28.75,28.75,0.0,1,-0.03232420116124476
3457,3.75,-28.75,28.75,0.0,1,-0.03570190862340944
3458,6.25,-28.75,28.75,0.0,1,-0.02951057335211175
3459,8.75,-28.75,28.75,0.0,1,-0.027947054464107526
3460,11.25,-28.75,28.75,0.0,1,-0.0185447329091057
3461,13.75,-28.75,28.75,0.0,1,-0.004416511030199883
3462,16.25,-28.75,28.75,0.0,1,-0.01740774736200553
3463,18.75,-28.75,28.75,1.0,0,-0.031555933481828134
3464,21.25,-28.75,28.75,1.0,0,-0.0339138414079937
3465,23.75,-28.75,28.75,1.0,0,0.0004113843328499705
3466,26.25,-28.75,28.75,1.0,0,0.08162199590507589
3467,28.75,-28.75,28.75,1.0,0,0.09416405180358317
3468,31.25,-28.75,28.75,1.0,0,0.07134059391435253
3469,33.75,-28.75,28.75,0.0,3,-0.05130107361046621
3470,36.25,-28.75,28.75,0.0,3,-0.07854718904967607
3471,38.75,-28.75,28.75,0.0,3,-0.05089329538122105
3472,41.25,-28.75,28.75,0.0,3,-0.012571927080266639
3473,43.75,-28.75,28.75,0.0,3,-0.0212748492828317
3474,46.25,-28.75,28.75,0.0,3,-0.011703639199679377
3475,48.75,-28.75,28.75,0.0,3,0.044931020818714064
3476,51.25,-28.75,28.75,0.0,3,0.08506059510194755
3477,53.75,-28.75,28.75,0.0,3,-0.06885687979464612
3478,56.25,-28.75,28.75,0.0,3,-0.19408586094432725
3479,58.75,-28.75,28.75,0.0,3,-0.1563492300862484
3480,61.25,-28.75,28.75,0.0,3,-0.15633767886105648
3481,63.75,-28.75,28.75,0.0,3,-0.19288289257221417
3482,66.25,-28.75,28.75,0.0,3,-0.1529505195764908
3483,68.75,-28.75,28.75,0.0,3,-0.1487213278751292
3484,71.25,-28.75,28.75,0.0,3,-0.1264181684554553
3485,73.75,-28.75,28.75,0.0,3,-0.10790699154111273
3486,76.25,-28.75,28.75,0.0,3,-0.11349368974718954
3487,78.75,-28.75,28.75,0.0,3,-0.10863103852315203
3488,81.25,-28.75,28.75,0.0,3,-0.0912893748007191
3489,83.75,-28.75,28.75,0.0,3,-0.0694051229866928
3490,86.25,-28.75,28.75,0.0,3,-0.05602579583677193
3491,88.75,-28.75,28.75,0.0,3,-0.053754594081229484
3492,91.25,-28.75,28.75,0.0,3,-0.053613767657455805
3493,93.75,-28.75,28.75,0.0,3,-0.05007954298203458
3494,96.25,-28.75,28.75,0.0,3,-0.04177320702708404
3495,98.75,-28.75,28.75,0.0,3,-0.03603332090332521
3496,101.25,-28.75,28.75,0.0,3,-0.03480171423255762
3497,103.75,-28.75,28.75,0.0,3,-0.03204763535672857
3498,106.25,-28.75,28.75,0.0,3,-0.03461091898398979
3499,108.75,-28.75,28.75,0.0,3,-0.0341544496851549
3500,111.25,-28.75,28.75,0.0,3,-0.04104799146995726
3501,113.75,-28.75,28.75,0.0,3,-0.06433255888210553
3502,116.25,-28.75,28.75,1.0,0,-0.04368581667989426
3503,118.75,-28.75,28.75,1.0,0,-0.0417485228040533
3504,121.25,-28.75,28.75,1.0,0,-0.036277676248817704
3505,123.75,-28.75,28.75,1.0,0,-0.01846495153261826
3506,126.25,-28.75,28.75,1.0,0,-0.006114703183710378
3507,128.75,-28.75,28.75,1.0,0,-0.006756600347137511
3508,131.25,-28.75,28.75,1.0,0,-0.015129020463487537
3509,133.75,-28.75,28.75,1.0,0,-0.008708180977496016
3510,136.25,-28.75,28.75,1.0,0,-0.00014410852988737863
3511,138.75,-28.75,28.75,1.0,0,-0.008925552304699817
3512,141.25,-28.75,28.75,1.0,0,0.02085261905263349
3513,143.75,-28.75,28.75,1.0,0,0.04953880630974215
3514,146.25,-28.75,28.75,1.0,0,0.05400659371054947
3515,148.75,-28.75,28.75,1.0,0,0.051994193473535365
3516,151.25,-28.75,28.75,1.0,0,0.030202674180304596
3517,153.75,-28.75,28.75,0.0,2,-0.00395860349760367
3518,156.25,-28.75,28.75,0.0,2,-0.024515540866881878
3519,158.75,-28.75,28.75,0.0,2,-0.010823569157979251
3520,161.25,-28.75,28.75,0.0,2,0.043231359212501916
3521,163.75,-28.75,28.75,0.0,2,0.0005255527748894294
3522,166.25,-28.75,28.75,0.0,2,-0.037234275310719656
3523,168.75,-28.75,28.75,0.0,2,-0.05029636769939194
3524,171.25,-28.75,28.75,0.0,2,-0.06217977679097029
3525,173.75,-28.75,28.75,0.0,2,-0.06632196879617762
3526,176.25,-28.75,28.75,0.0,2,-0.041811376979500166
3527,178.75,-28.75,28.75,0.0,2,-0.015588438508217742
3528,181.25,-28.75,28.75,0.0,2,-0.0007720601110390483
3529,183.75,-28.75,28.75,0.0,2,-0.02157778944786195
3530,186.25,-28.75,28.75,0.0,2,-0.02630815257552359
3531,188.75,-28.75,28.75,0.0,2,-0.03185721672206655
3532,191.25,-28.75,28.75,0.0,2,-0.008810750682553065
3533,193.75,-28.75,28.75,0.0,2,0.03750663872897213
3534,196.25,-28.75,28.75,0.0,2,0.07944269785120062
3535,198.75,-28.75,28.75,0.0,2,0.11885805388684825
3536,201.25,-28.75,28.75,0.0,2,0.15065333453559
3537,203.75,-28.75,28.75,0.0,2,0.13331517742239785
3538,206.25,-28.75,28.75,0.0,2,0.0824138649675253
3539,208.75,-28.75,28.75,0.0,2,0.07511102507989875
3540,211.25,-28.75,28.75,0.0,2,0.09145668430204318
3541,213.75,-28.75,28.75,0.0,2,0.08734860555537434
3542,216.25,-28.75,28.75,0.0,2,0.06695512866697033
3543,218.75,-28.75,28.75,0.0,2,0.09240981291204381
3544,221.25,-28.75,28.75,0.0,2,0.09839182871158411
3545,223.75,-28.75,28.75,0.0,2,0.03460662489572115
3546,226.25,-28.75,28.75,0.0,2,-0.019394189515129005
3547,228.75,-28.75,28.75,0.0,2,-0.06885342377634979
3548,231.25,-28.75,28.75,0.0,2,-0.11144914265107848
3549,233.75,-28.75,28.75,0.0,2,-0.16818998439353397
3550,236.25,-28.75,28.75,0.0,2,-0.2486570975525222
3551,238.75,-28.75,28.75,0.0,2,-0.33831796566838596
3552,241.25,-28.75,28.75,0.0,2,-0.38177048000519004
3553,243.75,-28.75,28.75,0.0,2,-0.3952531258171704
3554,246.25,-28.75,28.75,0.0,2,-0.36444378200524746
3555,248.75,-28.75,28.75,0.0,2,-0.3587370767899156
3556,251.25,-28.75,28.75,0.0,2,-0.31217556091423115
3557,253.75,-28.75,28.75,0.0,2,-0.2861271314768722
3558,256.25,-28.75,28.75,0.0,2,-0.24033175132656714
3559,258.75,-28.75,28.75,0.0,2,-0.19163524470588858
3560,261.25,-28.75,28.75,0.0,2,-0.16084293773152777
3561,263.75,-28.75,28.75,0.0,2,-0.16707629372309224
3562,266.25,-28.75,28.75,0.0,2,-0.1885159428856186
3563,268.75,-28.75,28.75,0.0,2,-0.1706591848551751
3564,271.25,-28.75,28.75,0.0,2,-0.12192314293815112
3565,273.75,-28.75,28.75,0.0,2,-0.11652314808590249
3566,276.25,-28.75,28.75,0.0,2,-0.09623174974743372
3567,278.75,-28.75,28.75,0.0,2,-0.04049540048990553
3568,281.25,-28.75,28.75,0.0,1,-0.032770169110489064
3569,283.75,-28.75,28.75,0.0,1,-0.025158222744403116
3570,286.25,-28.75,28.75,0.0,1,-0.03418436722819213
3571,288.75,-28.75,28.75,0.0,1,-0.09323996066917728
3572,291.25,-28.75,28.75,1.0,0,-0.09954736013535587
3573,293.75,-28.75,28.75,1.0,0,-0.1180785100327207
3574,296.25,-28.75,28.75,1.0,0,-0.092678975536354
3575,298.75,-28.75,28.75,1.0,0,-0.1590155725660124
3576,301.25,-28.75,28.75,1.0,0,-0.15459962579627862
3577,303.75,-28.75,28.75,1.0,0,-0.14860380350369887
3578,306.25,-28.75,28.75,1.0,0,-0.06149759171428074
3579,308.75,-28.75,28.75,1.0,0,0.009962030990874738
3580,311.25,-28.75,28.75,0.0,1,-0.07199316433830028
3581,313.75,-28.75,28.75,0.0,1,-0.05831915569368837
3582,316.25,-28.75,28.75,0.0,1,-0.06626025641141198
3583,318.75,-28.75,28.75,0.0,1,-0.0448288917662841
3584,321.25,-28.75,28.75,0.0,1,0.03583578422933006
3585,323.75,-28.75,28.75,0.0,1,0.029825216831978012
3586,326.25,-28.75,28.75,0.0,1,-0.0028193766691076475
3587,328.75,-28.75,28.75,0.0,1,-0.011350970205323515
3588,331.25,-28.75,28.75,0.0,1,-0.04801920309464123
3589,333.75,-28.75,28.75,0.0,1,-0.07841892955198043
3590,336.25,-28.75,28.75,0.0,1,-0.10118614372195434
3591,338.75,-28.75,28.75,0.0,1,-0.14118259309051825
3592,341.25,-28.75,28.75,0.0,1,-0.1820588584448796
3593,343.75,-28.75,28.75,0.0,1,-0.18348636565222023
3594,346.25,-28.75,28.75,0.0,1,-0.183265871455447
3595,348.75,-28.75,28.75,0.0,1,-0.1849037214297941
3596,351.25,-28.75,28.75,0.0,1,-0.16752352755723138
3597,353.75,-28.75,28.75,0.0,1,-0.11985696492215615
3598,356.25,-28.75,28.75,0.0,1,-0.08037275556165321
3599,358.75,-28.75,28.75,0.0,1,-0.04666303319619124
3600,1.25,-26.25,26.25,0.0,1,-0.02179102569739884
3601,3.75,-26.25,26.25,0.0,1,-0.013863200114296013
3602,6.25,-26.25,26.25,0.0,1,-0.0100657864292512
3603,8.75,-26.25,26.25,0.0,1,-0.011193608565035689
3604,11.25,-26.25,26.25,0.0,1,-0.00519295611747934
3605,13.75,-26.25,26.25,0.0,1,0.005776138816573157
3606,16.25,-26.25,26.25,1.0,0,-0.02473631668672872
3607,18.75,-26.25,26.25,1.0,0,-0.05373454184640872
3608,21.25,-26.25,26.25,1.0,0,-0.034684066995630786
3609,23.75,-26.25,26.25,1.0,0,-0.022635514708466167
3610,26.25,-26.25,26.25,1.0,0,0.017447062432304414
3611,28.75,-26.25,26.25,1.0,0,0.06389603383032413
3612,31.25,-26.25,26.25,1.0,0,0.07321132652778442
3613,33.75,-26.25,26.25,0.0,3,-0.038574429027148124
3614,36.25,-26.25,26.25,0.0,3,-0.07416841598343878
3615,38.75,-26.25,26.25,0.0,3,-0.05452505255342277
3616,41.25,-26.25,26.25,0.0,3,-0.03171237490713664
3617,43.75,-26.25,26.25,0.0,3,-0.056894534937166376
3618,46.25,-26.25,26.25,0.0,3,-0.03718060197312685
3619,48.75,-26.25,26.25,0.0,3,-0.05568535042711712
3620,51.25,-26.25,26.25,0.0,3,-0.04975900239643039
3621,53.75,-26.25,26.25,0.0,3,-0.16028943650428332
3622,56.25,-26.25,26.25,0.0,3,-0.20306118195068598
3623,58.75,-26.25,26.25,0.0,3,-0.21603402241122768
3624,61.25,-26.25,26.25,0.0,3,-0.23161490330729068
3625,63.75,-26.25,26.25,0.0,3,-0.21702848777170777
3626,66.25,-26.25,26.25,0.0,3,-0.1543377816276846
3627,68.75,-26.25,26.25,0.0,3,-0.14130060333117786
3628,71.25,-26.25,26.25,0.0,3,-0.11737235408103865
3629,73.75,-26.25,26.25,0.0,3,-0.10780581234788665
3630,76.25,-26.25,26.25,0.0,3,-0.11115132167580398
3631,78.75,-26.25,26.25,0.0,3,-0.11047949609483738
3632,81.25,-26.25,26.25,0.0,3,-0.07649605276376713
3633,83.75,-26.25,26.25,0.0,3,-0.05237799155328115
3634,86.25,-26.25,26.25,0.0,3,-0.03595636244594854
3635,88.75,-26.25,26.25,0.0,3,-0.023579643232726863
3636,91.25,-26.25,26.25,0.0,3,-0.021371928135218488
3637,93.75,-26.25,26.25,0.0,3,-0.017783205567683934
3638,96.25,-26.25,26.25,0.0,3,-0.01496688327180089
3639,98.75,-26.25,26.25,0.0,3,-0.01779909552702405
3640,101.25,-26.25,26.25,0.0,3,-0.02271506083552351
3641,103.75,-26.25,26.25,0.0,3,-0.025770328439517827
3642,106.25,-26.25,26.25,0.0,3,-0.028677898200576174
3643,108.75,-26.25,26.25,0.0,3,-0.028553310151918317
3644,111.25,-26.25,26.25,0.0,3,-0.03790274711118045
3645,113.75,-26.25,26.25,0.0,3,-0.0465697373139431
3646,116.25,-26.25,26.25,1.0,0,-0.06105442093957457
3647,118.75,-26.25,26.25,1.0,0,-0.03505136813585585
3648,121.25,-26.25,26.25,1.0,0,-0.007246423503491117
3649,123.75,-26.25,26.25,1.0,0,-0.006029587977321923
3650,126.25,-26.25,26.25,1.0,0,-0.0011361886349868047
3651,128.75,-26.25,26.25,1.0,0,0.0043329166800772445
3652,131.25,-26.25,26.25,1.0,0,0.003595267913873315
3653,133.75,-26.25,26.25,1.0,0,-0.005464590487565862
3654,136.25,-26.25,26.25,1.0,0,-0.005906676830099227
3655,138.75,-26.25,26.25,1.0,0,0.00816344571038217
3656,141.25,-26.25,26.25,1.0,0,0.0372858689699755
3657,143.75,-26.25,26.25,1.0,0,0.059674911399467144
3658,146.25,-26.25,26.25,1.0,0,0.05121926806195579
3659,148.75,-26.25,26.25,1.0,0,0.044145602423589794
3660,151.25,-26.25,26.25,1.0,0,0.029380361229246157
3661,153.75,-26.25,26.25,0.0,2,-0.029332722731068597
3662,156.25,-26.25,26.25,0.0,2,0.005421139083120118
3663,158.75,-26.25,26.25,0.0,2,0.036204977807247005
3664,161.25,-26.25,26.25,0.0,2,0.05027871852170055
3665,163.75,-26.25,26.25,0.0,2,0.013205866794032193
3666,166.25,-26.25,26.25,0.0,2,-0.024958261364243447
3667,168.75,-26.25,26.25,0.0,2,-0.02186246233387544
3668,171.25,-26.25,26.25,0.0,2,-0.0323616313589009
3669,173.75,-26.25,26.25,0.0,2,-0.041166311392931004
3670,176.25,-26.25,26.25,0.0,2,-0.019348957801155735
3671,178.75,-26.25,26.25,0.0,2,0.00020018048698693518
3672,181.25,-26.25,26.25,0.0,2,0.0017394901953895483
3673,183.75,-26.25,26.25,0.0,2,-0.007413011918201381
3674,186.25,-26.25,26.25,0.0,2,-0.041926543040821454
3675,188.75,-26.25,26.25,0.0,2,-0.06319229927697705
3676,191.25,-26.25,26.25,0.0,2,-0.01913781390882129
3677,193.75,-26.25,26.25,0.0,2,0.03750281984383729
3678,196.25,-26.25,26.25,0.0,2,0.03414878528095398
3679,198.75,-26.25,26.25,0.0,2,0.024373272682792047
3680,201.25,-26.25,26.25,0.0,2,0.0467195594910203
3681,203.75,-26.25,26.25,0.0,2,0.052537798317180764
3682,206.25,-26.25,26.25,0.0,2,0.07134110299119195
3683,208.75,-26.25,26.25,0.0,2,0.07797279230636298
3684,211.25,-26.25,26.25,0.0,2,0.08414975245674218
3685,213.75,-26.25,26.25,0.0,2,0.09678801831477013
3686,216.25,-26.25,26.25,0.0,2,0.1077533445525884
3687,218.75,-26.25,26.25,0.0,2,0.12192961824475887
3688,221.25,-26.25,26.25,0.0,2,0.08293416685186349
3689,223.75,-26.25,26.25,0.0,2,0.007651107725023047
3690,226.25,-26.25,26.25,0.0,2,-0.05257906985664069
3691,228.75,-26.25,26.25,0.0,2,-0.13457236232871447
3692,231.25,-26.25,26.25,0.0,2,-0.21803526069435297
3693,233.75,-26.25,26.25,0.0,2,-0.32321389333898976
3694,236.25,-26.25,26.25,0.0,2,-0.4322057793404875
3695,238.75,-26.25,26.25,0.0,2,-0.4567864859470455
3696,241.25,-26.25,26.25,0.0,2,-0.5016385803771554
3697,243.75,-26.25,26.25,0.0,2,-0.4387169255816411
3698,246.25,-26.25,26.25,0.0,2,-0.35780660673053205
3699,248.75,-26.25,26.25,0.0,2,-0.34187844331278616
3700,251.25,-26.25,26.25,0.0,2,-0.270562600181136
3701,253.75,-26.25,26.25,0.0,2,-0.18858885890128202
3702,256.25,-26.25,26.25,0.0,2,-0.17074772871290014
3703,258.75,-26.25,26.25,0.0,2,-0.16750763807941732
3704,261.25,-26.25,26.25,0.0,2,-0.1581816347002773
3705,263.75,-26.25,26.25,0.0,2,-0.17341988448520204
3706,266.25,-26.25,26.25,0.0,2,-0.15509812321571415
3707,268.75,-26.25,26.25,0.0,2,-0.11989741027037945
3708,271.25,-26.25,26.25,0.0,2,-0.10222237444122279
3709,273.75,-26.25,26.25,0.0,2,-0.06001245380642988
3710,276.25,-26.25,26.25,0.0,2,-0.032650584497447045
3711,278.75,-26.25,26.25,0.0,2,-0.02341366837526827
3712,281.25,-26.25,26.25,0.0,1,-0.011163049725930652
3713,283.75,-26.25,26.25,0.0,1,-0.013905991987470289
3714,286.25,-26.25,26.25,0.0,1,-0.015644181240831657
3715,288.75,-26.25,26.25,0.0,1,-0.0687681781373578
3716,291.25,-26.25,26.25,1.0,0,-0.12306308836995662
3717,293.75,-26.25,26.25,1.0,0,-0.14242928547163736
3718,296.25,-26.25,26.25,1.0,0,-0.10937079267523955
3719,298.75,-26.25,26.25,1.0,0,-0.1958056834432721
3720,301.25,-26.25,26.25,1.0,0,-0.08647188322969317
3721,303.75,-26.25,26.25,1.0,0,-0.17097863902590946
3722,306.25,-26.25,26.25,1.0,0,-0.086312312194808
3723,308.75,-26.25,26.25,1.0,0,0.03469534032952089
3724,311.25,-26.25,26.25,0.0,1,0.0383500959217297
3725,313.75,-26.25,26.25,0.0,1,-0.036478286126865635
3726,316.25,-26.25,26.25,0.0,1,-0.07845079913010548
3727,318.75,-26.25,26.25,0.0,1,-0.09251253729324903
3728,321.25,-26.25,26.25,0.0,1,-0.054854581871524796
3729,323.75,-26.25,26.25,0.0,1,-0.0019957549363346597
3730,326.25,-26.25,26.25,0.0,1,-0.026966151111954748
3731,328.75,-26.25,26.25,0.0,1,-0.062282888072308286
3732,331.25,-26.25,26.25,0.0,1,-0.08630536862023205
3733,333.75,-26.25,26.25,0.0,1,-0.09833651876962672
3734,336.25,-26.25,26.25,0.0,1,-0.1323996830068322
3735,338.75,-26.25,26.25,0.0,1,-0.16749067387214733
3736,341.25,-26.25,26.25,0.0,1,-0.1902204746731283
3737,343.75,-26.25,26.25,0.0,1,-0.1919365208719612
3738,346.25,-26.25,26.25,0.0,1,-0.15548585607623625
3739,348.75,-26.25,26.25,0.0,1,-0.11948330368695502
3740,351.25,-26.25,26.25,0.0,1,-0.10106225188619779
3741,353.75,-26.25,26.25,0.0,1,-0.07768833598053555
3742,356.25,-26.25,26.25,0.0,1,-0.05637258730329215
3743,358.75,-26.25,26.25,0.0,1,-0.034524042257582765
3744,1.25,-23.75,23.75,0.0,1,-0.003388134966785167
3745,3.75,-23.75,23.75,0.0,1,-0.0016597375626965722
3746,6.25,-23.75,23.75,0.0,1,-0.0008800877512125714
3747,8.75,-23.75,23.75,0.0,1,-0.00893984786245777
3748,11.25,-23.75,23.75,0.0,1,-0.0055733109110420965
3749,13.75,-23.75,23.75,0.0,1,-0.0021000052397629745
3750,16.25,-23.75,23.75,1.0,0,-0.037620661888713505
3751,18.75,-23.75,23.75,1.0,0,-0.07502234463054515
3752,21.25,-23.75,23.75,1.0,0,-0.0499898284121671
3753,23.75,-23.75,23.75,1.0,0,-0.026504708393630602
3754,26.25,-23.75,23.75,1.0,0,-0.024521210740366804
3755,28.75,-23.75,23.75,1.0,0,-0.007039663605275689
3756,31.25,-23.75,23.75,1.0,0,0.03265162589619937
3757,33.75,-23.75,23.75,1.0,0,0.00945286671502688
3758,36.25,-23.75,23.75,0.0,3,-0.07541127953442528
3759,38.75,-23.75,23.75,0.0,3,-0.07777179287358445
3760,41.25,-23.75,23.75,0.0,3,-0.02884057748787441
3761,43.75,-23.75,23.75,0.0,3,-0.05967294727613056
3762,46.25,-23.75,23.75,1.0,0,-0.11432969371247079
3763,48.75,-23.75,23.75,0.0,3,-0.20935511306697968
3764,51.25,-23.75,23.75,0.0,3,-0.11868899767184435
3765,53.75,-23.75,23.75,0.0,3,-0.18464059419971857
3766,56.25,-23.75,23.75,0.0,3,-0.1670003238965026
3767,58.75,-23.75,23.75,0.0,3,-0.21643761401695205
3768,61.25,-23.75,23.75,0.0,3,-0.2333474142389387
3769,63.75,-23.75,23.75,0.0,3,-0.16912124551059
3770,66.25,-23.75,23.75,0.0,3,-0.15757155834938946
3771,68.75,-23.75,23.75,0.0,3,-0.14434472215245525
3772,71.25,-23.75,23.75,0.0,3,-0.1580048009114598
3773,73.75,-23.75,23.75,0.0,3,-0.16780633349042087
3774,76.25,-23.75,23.75,0.0,3,-0.14458959846969335
3775,78.75,-23.75,23.75,0.0,3,-0.1290953029558966
3776,81.25,-23.75,23.75,0.0,3,-0.09745005280824483
3777,83.75,-23.75,23.75,0.0,3,-0.06673215161409418
3778,86.25,-23.75,23.75,0.0,3,-0.04781853291916349
3779,88.75,-23.75,23.75,0.0,3,-0.03050009067654175
3780,91.25,-23.75,23.75,0.0,3,-0.02174686846350328
3781,93.75,-23.75,23.75,0.0,3,-0.016152522525548236
3782,96.25,-23.75,23.75,0.0,3,-0.016998343941689895
3783,98.75,-23.75,23.75,0.0,3,-0.017769402141968337
3784,101.25,-23.75,23.75,0.0,3,-0.022153614881713822
3785,103.75,-23.75,23.75,0.0,3,-0.024784011205166396
3786,106.25,-23.75,23.75,0.0,3,-0.024106380651124425
3787,108.75,-23.75,23.75,0.0,3,-0.030183336621025958
3788,111.25,-23.75,23.75,0.0,3,-0.03339406019719818
3789,113.75,-23.75,23.75,0.0,3,-0.04037332571616129
3790,116.25,-23.75,23.75,1.0,0,-0.049634585222159924
3791,118.75,-23.75,23.75,1.0,0,-0.017310047838470663
3792,121.25,-23.75,23.75,1.0,0,0.003296563882995957
3793,123.75,-23.75,23.75,1.0,0,0.0276682737698959
3794,126.25,-23.75,23.75,1.0,0,0.045565506267758085
3795,128.75,-23.75,23.75,1.0,0,0.043590588469958676
3796,131.25,-23.75,23.75,1.0,0,0.02699040596911665
3797,133.75,-23.75,23.75,1.0,0,0.019447465512751748
3798,136.25,-23.75,23.75,1.0,0,0.004944500150528809
3799,138.75,-23.75,23.75,1.0,0,0.02973897641753654
3800,141.25,-23.75,23.75,1.0,0,0.059672718303253054
3801,143.75,-23.75,23.75,1.0,0,0.07180773400922227
3802,146.25,-23.75,23.75,1.0,0,0.049415677054289335
3803,148.75,-23.75,23.75,1.0,0,0.03944726507764688
3804,151.25,-23.75,23.75,0.0,2,-0.01091463706672109
3805,153.75,-23.75,23.75,0.0,2,-0.04624113017546996
3806,156.25,-23.75,23.75,0.0,2,0.001798922156831624
3807,158.75,-23.75,23.75,0.0,2,0.005956113123558962
3808,161.25,-23.75,23.75,0.0,2,0.007191051283455861
3809,163.75,-23.75,23.75,0.0,2,0.011572274014908804
3810,166.25,-23.75,23.75,0.0,2,-0.03636319517270008
3811,168.75,-23.75,23.75,0.0,2,-0.04525436209704153
3812,171.25,-23.75,23.75,0.0,2,-0.023675816999289598
3813,173.75,-23.75,23.75,0.0,2,-0.020928262137573254
3814,176.25,-23.75,23.75,0.0,2,-0.0014545913960230421
3815,178.75,-23.75,23.75,0.0,2,0.024660709517338324
3816,181.25,-23.75,23.75,0.0,2,-0.0030625781933330677
3817,183.75,-23.75,23.75,0.0,2,-0.02126083496706185
3818,186.25,-23.75,23.75,0.0,2,-0.008337190888104713
3819,188.75,-23.75,23.75,0.0,2,0.009189610029299912
3820,191.25,-23.75,23.75,0.0,2,0.027553300750696612
3821,193.75,-23.75,23.75,0.0,2,0.05142006533383417
3822,196.25,-23.75,23.75,0.0,2,0.027946426870222127
3823,198.75,-23.75,23.75,0.0,2,0.016148825054742556
3824,201.25,-23.75,23.75,0.0,2,0.07889474131392286
3825,203.75,-23.75,23.75,0.0,2,0.14830116007257726
3826,206.25,-23.75,23.75,0.0,2,0.17122446818553397
3827,208.75,-23.75,23.75,0.0,2,0.15892076436726202
3828,211.25,-23.75,23.75,0.0,2,0.15325873932081882
3829,213.75,-23.75,23.75,0.0,2,0.16013024077176646
3830,216.25,-23.75,23.75,0.0,2,0.15349590850903957
3831,218.75,-23.75,23.75,0.0,2,0.10985375559924088
3832,221.25,-23.75,23.75,0.0,2,0.048954520988932375
3833,223.75,-23.75,23.75,0.0,2,-0.03651593524570627
3834,226.25,-23.75,23.75,0.0,2,-0.12192438100590837
3835,228.75,-23.75,23.75,0.0,2,-0.2681486045294407
3836,231.25,-23.75,23.75,0.0,2,-0.38251937445163225
3837,233.75,-23.75,23.75,0.0,2,-0.4802837870550218
3838,236.25,-23.75,23.75,0.0,2,-0.548135105730463
3839,238.75,-23.75,23.75,0.0,2,-0.5087241167907027
3840,241.25,-23.75,23.75,0.0,2,-0.4612603258059933
3841,243.75,-23.75,23.75,0.0,2,-0.3644912783865005
3842,246.25,-23.75,23.75,0.0,2,-0.3099781921847196
3843,248.75,-23.75,23.75,0.0,2,-0.29606339108489677
3844,251.25,-23.75,23.75,0.0,2,-0.2386675672680419
3845,253.75,-23.75,23.75,0.0,2,-0.19284027298591483
3846,256.25,-23.75,23.75,0.0,2,-0.1826602206335573
3847,258.75,-23.75,23.75,0.0,2,-0.17074268733319808
3848,261.25,-23.75,23.75,0.0,2,-0.13887457300903153
3849,263.75,-23.75,23.75,0.0,2,-0.11824599318688306
3850,266.25,-23.75,23.75,0.0,2,-0.0933217435824726
3851,268.75,-23.75,23.75,0.0,2,-0.07065926091864215
3852,271.25,-23.75,23.75,0.0,2,-0.05863699278269086
3853,273.75,-23.75,23.75,0.0,2,-0.021246321190826145
3854,276.25,-23.75,23.75,0.0,2,-0.01888655940268804
3855,278.75,-23.75,23.75,0.0,2,-0.014653141988386893
3856,281.25,-23.75,23.75,0.0,1,0.01539669531488565
3857,283.75,-23.75,23.75,0.0,1,-0.007610538218806841
3858,286.25,-23.75,23.75,0.0,1,-0.013769951527342802
3859,288.75,-23.75,23.75,0.0,1,-0.05610866817844921
3860,291.25,-23.75,23.75,1.0,0,-0.13597215894720566
3861,293.75,-23.75,23.75,1.0,0,-0.17674056645149688
3862,296.25,-23.75,23.75,1.0,0,-0.15673030961703135
3863,298.75,-23.75,23.75,1.0,0,-0.2158451870040416
3864,301.25,-23.75,23.75,1.0,0,-0.09757540678134202
3865,303.75,-23.75,23.75,1.0,0,-0.22112111867912193
3866,306.25,-23.75,23.75,1.0,0,-0.08760080312878842
3867,308.75,-23.75,23.75,1.0,0,0.046802041230782764
3868,311.25,-23.75,23.75,1.0,0,0.06239136515942069
3869,313.75,-23.75,23.75,0.0,1,0.07186761556427629
3870,316.25,-23.75,23.75,0.0,1,-0.07617906663008839
3871,318.75,-23.75,23.75,0.0,1,-0.12279719428897155
3872,321.25,-23.75,23.75,0.0,1,-0.12009058468572599
3873,323.75,-23.75,23.75,0.0,1,-0.12454258193627572
3874,326.25,-23.75,23.75,0.0,1,-0.12653123999237262
3875,328.75,-23.75,23.75,0.0,1,-0.15151335226681936
3876,331.25,-23.75,23.75,0.0,1,-0.15648926399563073
3877,333.75,-23.75,23.75,0.0,1,-0.14552469497615825
3878,336.25,-23.75,23.75,0.0,1,-0.16066648681130552
3879,338.75,-23.75,23.75,0.0,1,-0.16426255843627915
3880,341.25,-23.75,23.75,0.0,1,-0.15717793819640274
3881,343.75,-23.75,23.75,0.0,1,-0.16174059881326927
3882,346.25,-23.75,23.75,0.0,1,-0.12541149281412892
3883,348.75,-23.75,23.75,0.0,1,-0.08504249364313443
3884,351.25,-23.75,23.75,0.0,1,-0.06325810529168929
3885,353.75,-23.75,23.75,0.0,1,-0.03804930703410726
3886,356.25,-23.75,23.75,0.0,1,-0.02715027029886494
3887,358.75,-23.75,23.75,0.0,1,-0.013289087358226863
3888,1.25,-21.25,21.25,0.0,1,0.0022104469528310363
3889,3.75,-21.25,21.25,0.0,1,-0.0015269493066234403
3890,6.25,-21.25,21.25,0.0,1,0.00040157706185720384
3891,8.75,-21.25,21.25,0.0,1,-0.0028020016617340215
3892,11.25,-21.25,21.25,0.0,1,0.007359008386620439
3893,13.75,-21.25,21.25,0.0,1,0.025957155315929736
3894,16.25,-21.25,21.25,1.0,0,-0.042335416163896314
3895,18.75,-21.25,21.25,1.0,0,-0.08551518150397472
3896,21.25,-21.25,21.25,1.0,0,-0.04542791137203522
3897,23.75,-21.25,21.25,1.0,0,-0.07375584318784771
3898,26.25,-21.25,21.25,1.0,0,-0.06871144297248497
3899,28.75,-21.25,21.25,1.0,0,-0.05407591347865587
3900,31.25,-21.25,21.25,1.0,0,-0.023977159858588743
3901,33.75,-21.25,21.25,1.0,0,0.03458271469551261
3902,36.25,-21.25,21.25,0.0,3,-0.08322220819090087
3903,38.75,-21.25,21.25,0.0,3,-0.10023440430065787
3904,41.25,-21.25,21.25,0.0,3,-0.025333085319293396
3905,43.75,-21.25,21.25,0.0,3,-0.10518892097449546
3906,46.25,-21.25,21.25,1.0,0,-0.14501349879503914
3907,48.75,-21.25,21.25,0.0,3,-0.2922199505821139
3908,51.25,-21.25,21.25,0.0,3,-0.1465465622985472
3909,53.75,-21.25,21.25,0.0,3,-0.23798400972026743
3910,56.25,-21.25,21.25,0.0,3,-0.2590874986897177
3911,58.75,-21.25,21.25,0.0,3,-0.27889088338776014
3912,61.25,-21.25,21.25,0.0,3,-0.30020243521492934
3913,63.75,-21.25,21.25,0.0,3,-0.21717482492392437
3914,66.25,-21.25,21.25,0.0,3,-0.26183411510010385
3915,68.75,-21.25,21.25,0.0,3,-0.2418259050606809
3916,71.25,-21.25,21.25,0.0,3,-0.2460698735310742
3917,73.75,-21.25,21.25,0.0,3,-0.23385210571175086
3918,76.25,-21.25,21.25,0.0,3,-0.18889399758494466
3919,78.75,-21.25,21.25,0.0,3,-0.16912138156797685
3920,81.25,-21.25,21.25,0.0,3,-0.12435466190164186
3921,83.75,-21.25,21.25,0.0,3,-0.09496654247924947
3922,86.25,-21.25,21.25,0.0,3,-0.07630724045166089
3923,88.75,-21.25,21.25,0.0,3,-0.05705556743942334
3924,91.25,-21.25,21.25,0.0,3,-0.04463247271066546
3925,93.75,-21.25,21.25,0.0,3,-0.034861699156865586
3926,96.25,-21.25,21.25,0.0,3,-0.0317871852908348
3927,98.75,-21.25,21.25,0.0,3,-0.02933148282821225
3928,101.25,-21.25,21.25,0.0,3,-0.029917897607720473
3929,103.75,-21.25,21.25,0.0,3,-0.03108554434121231
3930,106.25,-21.25,21.25,0.0,3,-0.022747793286541
3931,108.75,-21.25,21.25,0.0,3,-0.029091769522202427
3932,111.25,-21.25,21.25,0.0,3,-0.05100578009236606
3933,113.75,-21.25,21.25,0.0,3,-0.044921903915837
3934,116.25,-21.25,21.25,0.0,3,0.029860004060385126
3935,118.75,-21.25,21.25,1.0,0,0.005327800279169333
3936,121.25,-21.25,21.25,1.0,0,0.0374309933883942
3937,123.75,-21.25,21.25,1.0,0,0.06312756584702296
3938,126.25,-21.25,21.25,1.0,0,0.0789080987752066
3939,128.75,-21.25,21.25,1.0,0,0.0943393298978944
3940,131.25,-21.25,21.25,1.0,0,0.08807404996265575
3941,133.75,-21.25,21.25,1.0,0,0.058681973645079516
3942,136.25,-21.25,21.25,1.0,0,0.0314315880499996
3943,138.75,-21.25,21.25,1.0,0,0.055424640287391407
3944,141.25,-21.25,21.25,1.0,0,0.10951430435300588
3945,143.75,-21.25,21.25,1.0,0,0.10511975592223048
3946,146.25,-21.25,21.25,1.0,0,0.054907643396874095
3947,148.75,-21.25,21.25,0.0,2,0.008483981733033202
3948,151.25,-21.25,21.25,0.0,2,-0.04885008327213637
3949,153.75,-21.25,21.25,0.0,2,-0.031623725758969316
3950,156.25,-21.25,21.25,0.0,2,-0.03906161552676063
3951,158.75,-21.25,21.25,0.0,2,-0.025744106347870235
3952,161.25,-21.25,21.25,0.0,2,0.007209194560346847
3953,163.75,-21.25,21.25,0.0,2,0.018617601625414735
3954,166.25,-21.25,21.25,0.0,2,0.00043374208340704736
3955,168.75,-21.25,21.25,0.0,2,-0.006137961505389802
3956,171.25,-21.25,21.25,0.0,2,0.008103839215461834
3957,173.75,-21.25,21.25,0.0,2,-0.011662097273038272
3958,176.25,-21.25,21.25,0.0,2,-0.016400164387245956
3959,178.75,-21.25,21.25,0.0,2,-0.005541112129224625
3960,181.25,-21.25,21.25,0.0,2,0.005236868260546032
3961,183.75,-21.25,21.25,0.0,2,0.04933955231698113
3962,186.25,-21.25,21.25,0.0,2,0.10015650745900502
3963,188.75,-21.25,21.25,0.0,2,0.15418325651196105
3964,191.25,-21.25,21.25,0.0,2,0.18356518476006858
3965,193.75,-21.25,21.25,0.0,2,0.1716831282110515
3966,196.25,-21.25,21.25,0.0,2,0.1687229919573498
3967,198.75,-21.25,21.25,0.0,2,0.1914536595745666
3968,201.25,-21.25,21.25,0.0,2,0.24775940978496708
3969,203.75,-21.25,21.25,0.0,2,0.28958514743028935
3970,206.25,-21.25,21.25,0.0,2,0.28744317374667133
3971,208.75,-21.25,21.25,0.0,2,0.31478310379038366
3972,211.25,-21.25,21.25,0.0,2,0.3065308696154841
3973,213.75,-21.25,21.25,0.0,2,0.22298025538364585
3974,216.25,-21.25,21.25,0.0,2,0.09727273221290171
3975,218.75,-21.25,21.25,0.0,2,-0.010967825700378957
3976,221.25,-21.25,21.25,0.0,2,-0.0877544598767303
3977,223.75,-21.25,21.25,0.0,2,-0.1517875623721172
3978,226.25,-21.25,21.25,0.0,2,-0.2603550940593737
3979,228.75,-21.25,21.25,0.0,2,-0.42613415486671496
3980,231.25,-21.25,21.25,0.0,2,-0.5496777396143714
3981,233.75,-21.25,21.25,0.0,2,-0.5799315720100797
3982,236.25,-21.25,21.25,0.0,2,-0.5845746665443896
3983,238.75,-21.25,21.25,0.0,2,-0.6110508108585981
3984,241.25,-21.25,21.25,0.0,2,-0.5877635784751994
3985,243.75,-21.25,21.25,0.0,2,-0.49032044607624364
3986,246.25,-21.25,21.25,0.0,2,-0.38377486261221144
3987,248.75,-21.25,21.25,0.0,2,-0.31906123404867304
3988,251.25,-21.25,21.25,0.0,2,-0.2365018645618396
3989,253.75,-21.25,21.25,0.0,2,-0.1764948009256493
3990,256.25,-21.25,21.25,0.0,2,-0.1402095369020501
3991,258.75,-21.25,21.25,0.0,2,-0.11108792199836655
3992,261.25,-21.25,21.25,0.0,2,-0.08846413674869738
3993,263.75,-21.25,21.25,0.0,2,-0.0580531834428896
3994,266.25,-21.25,21.25,0.0,2,-0.06044179600458542
3995,268.75,-21.25,21.25,0.0,2,-0.03805622028451943
3996,271.25,-21.25,21.25,0.0,2,-0.01848878320268531
3997,273.75,-21.25,21.25,0.0,2,-0.010372199325724045
3998,276.25,-21.25,21.25,0.0,2,0.01185780052386428
3999,278.75,-21.25,21.25,0.0,2,0.01967597368055674
4000,281.25,-21.25,21.25,0.0,1,0.010532007756075237
4001,283.75,-21.25,21.25,0.0,1,-0.01259805582567894
4002,286.25,-21.25,21.25,0.0,1,-0.010468094086212366
4003,288.75,-21.25,21.25,0.0,1,-0.05256794163003103
4004,291.25,-21.25,21.25,1.0,0,-0.24807939698493459
4005,293.75,-21.25,21.25,1.0,0,-0.19334986936192472
4006,296.25,-21.25,21.25,1.0,0,-0.16271440874812235
4007,298.75,-21.25,21.25,1.0,0,-0.19671727426036006
4008,301.25,-21.25,21.25,1.0,0,-0.09928704093320545
4009,303.75,-21.25,21.25,1.0,0,-0.11973691926847793
4010,306.25,-21.25,21.25,1.0,0,0.17735771285283722
4011,308.75,-21.25,21.25,1.0,0,0.1342775938892107
4012,311.25,-21.25,21.25,1.0,0,0.019068734117098345
4013,313.75,-21.25,21.25,1.0,0,0.046047504332556034
4014,316.25,-21.25,21.25,1.0,0,0.01728611315163518
4015,318.75,-21.25,21.25,0.0,1,-0.06728118160387345
4016,321.25,-21.25,21.25,0.0,1,-0.18425160874645474
4017,323.75,-21.25,21.25,0.0,1,-0.23587101749159828
4018,326.25,-21.25,21.25,0.0,1,-0.27240787352372686
4019,328.75,-21.25,21.25,0.0,1,-0.247558390606754
4020,331.25,-21.25,21.25,0.0,1,-0.22116838684749177
4021,333.75,-21.25,21.25,0.0,1,-0.2002052365253667
4022,336.25,-21.25,21.25,0.0,1,-0.18377739148124544
4023,338.75,-21.25,21.25,0.0,1,-0.1534089673141969
4024,341.25,-21.25,21.25,0.0,1,-0.1257071175335341
4025,343.75,-21.25,21.25,0.0,1,-0.1314575464555385
4026,346.25,-21.25,21.25,0.0,1,-0.10456789770621823
4027,348.75,-21.25,21.25,0.0,1,-0.07649483229258949
4028,351.25,-21.25,21.25,0.0,1,-0.046361402552883055
4029,353.75,-21.25,21.25,0.0,1,-0.023836633237194593
4030,356.25,-21.25,21.25,0.0,1,-0.0201023101345152
4031,358.75,-21.25,21.25,0.0,1,-0.006902581377546926
4032,1.25,-18.75,18.75,0.0,1,-0.004620859250862947
4033,3.75,-18.75,18.75,0.0,1,-0.005986208782857947
4034,6.25,-18.75,18.75,0.0,1,0.016083729332893315
4035,8.75,-18.75,18.75,0.0,1,0.03834279835196215
4036,11.25,-18.75,18.75,0.0,1,0.11456900628748418
4037,13.75,-18.75,18.75,1.0,0,0.062469126698141475
4038,16.25,-18.75,18.75,1.0,0,0.0232771070130981
4039,18.75,-18.75,18.75,1.0,0,0.010979168612113845
4040,21.25,-18.75,18.75,1.0,0,0.012164234586859932
4041,23.75,-18.75,18.75,1.0,0,-0.045822724811568225
4042,26.25,-18.75,18.75,1.0,0,-0.02322201672086491
4043,28.75,-18.75,18.75,1.0,0,-0.013945011960897164
4044,31.25,-18.75,18.75,1.0,0,0.00028855226583578527
4045,33.75,-18.75,18.75,1.0,0,-0.059725023835777165
4046,36.25,-18.75,18.75,0.0,3,-0.026172975314423457
4047,38.75,-18.75,18.75,0.0,3,-0.13270977557020408
4048,41.25,-18.75,18.75,0.0,3,-0.04907127485575404
4049,43.75,-18.75,18.75,0.0,3,-0.12052256274161192
4050,46.25,-18.75,18.75,1.0,0,-0.2000547042997705
4051,48.75,-18.75,18.75,0.0,3,-0.2888375918491003
4052,51.25,-18.75,18.75,0.0,3,-0.2845884073035888
4053,53.75,-18.75,18.75,0.0,3,-0.35894569462068243
4054,56.25,-18.75,18.75,0.0,3,-0.36096530001590227
4055,58.75,-18.75,18.75,0.0,3,-0.30983595084119664
4056,61.25,-18.75,18.75,0.0,3,-0.3112739746827148
4057,63.75,-18.75,18.75,0.0,3,-0.29153035765969104
4058,66.25,-18.75,18.75,0.0,3,-0.3146471400509281
4059,68.75,-18.75,18.75,0.0,3,-0.29313699636559926
4060,71.25,-18.75,18.75,0.0,3,-0.2948385043912931
4061,73.75,-18.75,18.75,0.0,3,-0.28901517111774677
4062,76.25,-18.75,18.75,0.0,3,-0.26061598072585623
4063,78.75,-18.75,18.75,0.0,3,-0.21801805227922424
4064,81.25,-18.75,18.75,0.0,3,-0.15221792324948533
4065,83.75,-18.75,18.75,0.0,3,-0.1378953773703918
4066,86.25,-18.75,18.75,0.0,3,-0.12901479992660383
4067,88.75,-18.75,18.75,0.0,3,-0.10528897066780372
4068,91.25,-18.75,18.75,0.0,3,-0.08201023778785652
4069,93.75,-18.75,18.75,0.0,3,-0.06382350530306964
4070,96.25,-18.75,18.75,0.0,3,-0.05379661731643339
4071,98.75,-18.75,18.75,0.0,3,-0.04782351424206203
4072,101.25,-18.75,18.75,0.0,3,-0.04499582467788809
4073,103.75,-18.75,18.75,0.0,3,-0.039789882640658726
4074,106.25,-18.75,18.75,0.0,3,-0.027741654089975726
4075,108.75,-18.75,18.75,0.0,3,-0.024135740201369906
4076,111.25,-18.75,18.75,0.0,3,-0.03892028176834884
4077,113.75,-18.75,18.75,0.0,3,-0.017324815998821092
4078,116.25,-18.75,18.75,0.0,3,0.033860725947953814
4079,118.75,-18.75,18.75,0.0,3,0.05559164664319146
4080,121.25,-18.75,18.75,0.0,2,0.07756808570821082
4081,123.75,-18.75,18.75,1.0,0,0.09382978317398094
4082,126.25,-18.75,18.75,1.0,0,0.0980171492887088
4083,128.75,-18.75,18.75,1.0,0,0.10820047661286991
4084,131.25,-18.75,18.75,1.0,0,0.09749101081111039
4085,133.75,-18.75,18.75,1.0,0,0.08998747163015987
4086,136.25,-18.75,18.75,1.0,0,0.06067306990011187
4087,138.75,-18.75,18.75,1.0,0,0.10265641779030785
4088,141.25,-18.75,18.75,1.0,0,0.13483086433880315
4089,143.75,-18.75,18.75,1.0,0,0.10138650441180758
4090,146.25,-18.75,18.75,0.0,2,0.0289228372833386
4091,148.75,-18.75,18.75,0.0,2,-0.019600836884954537
4092,151.25,-18.75,18.75,0.0,2,-0.09811623749576698
4093,153.75,-18.75,18.75,0.0,2,-0.08154949233088185
4094,156.25,-18.75,18.75,0.0,2,-0.08256376215863095
4095,158.75,-18.75,18.75,0.0,2,-0.07419177381640979
4096,161.25,-18.75,18.75,0.0,2,-0.026419443389374353
4097,163.75,-18.75,18.75,0.0,2,-0.01796504550491943
4098,166.25,-18.75,18.75,0.0,2,-0.00036153448897186067
4099,168.75,-18.75,18.75,0.0,2,0.04222287884038079
4100,171.25,-18.75,18.75,0.0,2,0.04425196786016211
4101,173.75,-18.75,18.75,0.0,2,0.027075010472720762
4102,176.25,-18.75,18.75,0.0,2,0.01247549883309596
4103,178.75,-18.75,18.75,0.0,2,0.02036665234049805
4104,181.25,-18.75,18.75,0.0,2,0.06064402126861944
4105,183.75,-18.75,18.75,0.0,2,0.15021342671340857
4106,186.25,-18.75,18.75,0.0,2,0.21769729034617488
4107,188.75,-18.75,18.75,0.0,2,0.27144830993165564
4108,191.25,-18.75,18.75,0.0,2,0.3014126371523987
4109,193.75,-18.75,18.75,0.0,2,0.3443683499927914
4110,196.25,-18.75,18.75,0.0,2,0.38747994984433093
4111,198.75,-18.75,18.75,0.0,2,0.4133012082955838
4112,201.25,-18.75,18.75,0.0,2,0.4070609628205861
4113,203.75,-18.75,18.75,0.0,2,0.386973568784632
4114,206.25,-18.75,18.75,0.0,2,0.3748755267833097
4115,208.75,-18.75,18.75,0.0,2,0.34484486207501375
4116,211.25,-18.75,18.75,0.0,2,0.2704848371423126
4117,213.75,-18.75,18.75,0.0,2,0.15214594256132266
4118,216.25,-18.75,18.75,0.0,2,0.009441777098774338
4119,218.75,-18.75,18.75,0.0,2,-0.12228589701898342
4120,221.25,-18.75,18.75,0.0,2,-0.26385861957512813
4121,223.75,-18.75,18.75,0.0,2,-0.4038133313663554
4122,226.25,-18.75,18.75,0.0,2,-0.5368993211585317
4123,228.75,-18.75,18.75,0.0,2,-0.6395672983541946
4124,231.25,-18.75,18.75,0.0,2,-0.7815015391716228
4125,233.75,-18.75,18.75,0.0,2,-0.8332764026479493
4126,236.25,-18.75,18.75,0.0,2,-0.8186762884542028
4127,238.75,-18.75,18.75,0.0,2,-0.7324520317592379
4128,241.25,-18.75,18.75,0.0,2,-0.6183426978259418
4129,243.75,-18.75,18.75,0.0,2,-0.5206885394347055
4130,246.25,-18.75,18.75,0.0,2,-0.3676629946574042
4131,248.75,-18.75,18.75,0.0,2,-0.2775392912134749
4132,251.25,-18.75,18.75,0.0,2,-0.18242056645180257
4133,253.75,-18.75,18.75,0.0,2,-0.11788737421425295
4134,256.25,-18.75,18.75,0.0,2,-0.08864369996657766
4135,258.75,-18.75,18.75,0.0,2,-0.05851026822255592
4136,261.25,-18.75,18.75,0.0,2,-0.04783176515954831
4137,263.75,-18.75,18.75,0.0,2,-0.023982801367516092
4138,266.25,-18.75,18.75,0.0,2,-0.02311542279169749
4139,268.75,-18.75,18.75,0.0,2,-0.010375345973030721
4140,271.25,-18.75,18.75,0.0,2,-0.002292393363856464
4141,273.75,-18.75,18.75,0.0,2,-0.0030612846098365945
4142,276.25,-18.75,18.75,0.0,2,0.02059246526898387
4143,278.75,-18.75,18.75,0.0,2,0.015481610197490036
4144,281.25,-18.75,18.75,0.0,1,-0.005970801689171024
4145,283.75,-18.75,18.75,0.0,1,-0.007150848697880265
4146,286.25,-18.75,18.75,0.0,1,-0.004606307265707082
4147,288.75,-18.75,18.75,0.0,1,-0.08240392694256385
4148,291.25,-18.75,18.75,1.0,0,-0.3085635371332006
4149,293.75,-18.75,18.75,1.0,0,-0.0805312072134748
4150,296.25,-18.75,18.75,1.0,0,-0.15225633571220096
4151,298.75,-18.75,18.75,1.0,0,-0.1691535637517593
4152,301.25,-18.75,18.75,1.0,0,-0.06515139232762675
4153,303.75,-18.75,18.75,1.0,0,-0.04380576447452373
4154,306.25,-18.75,18.75,1.0,0,0.10744800543079838
4155,308.75,-18.75,18.75,1.0,0,0.09818976861412736
4156,311.25,-18.75,18.75,1.0,0,-0.053279175002496806
4157,313.75,-18.75,18.75,1.0,0,-0.033994421715248566
4158,316.25,-18.75,18.75,1.0,0,-0.082214265372626
4159,318.75,-18.75,18.75,1.0,0,-0.09457330405363656
4160,321.25,-18.75,18.75,0.0,1,-0.20579938380905904
4161,323.75,-18.75,18.75,0.0,1,-0.36649429548558
4162,326.25,-18.75,18.75,0.0,1,-0.4015799779699376
4163,328.75,-18.75,18.75,0.0,1,-0.3324369162128759
4164,331.25,-18.75,18.75,0.0,1,-0.270726860658321
4165,333.75,-18.75,18.75,0.0,1,-0.21712463427417292
4166,336.25,-18.75,18.75,0.0,1,-0.18240458647030977
4167,338.75,-18.75,18.75,0.0,1,-0.1715529836581449
4168,341.25,-18.75,18.75,0.0,1,-0.13722437911195368
4169,343.75,-18.75,18.75,0.0,1,-0.11327300349078682
4170,346.25,-18.75,18.75,0.0,1,-0.08551949449702567
4171,348.75,-18.75,18.75,0.0,1,-0.06722898673095642
4172,351.25,-18.75,18.75,0.0,1,-0.04288999788965249
4173,353.75,-18.75,18.75,0.0,1,-0.025191256775018378
4174,356.25,-18.75,18.75,0.0,1,-0.016173257246255637
4175,358.75,-18.75,18.75,0.0,1,-0.008606904130412374
4176,1.25,-16.25,16.25,0.0,1,-0.013736779259761717
4177,3.75,-16.25,16.25,0.0,1,0.0009152212857045247
4178,6.25,-16.25,16.25,0.0,1,0.05974583158669253
4179,8.75,-16.25,16.25,0.0,1,0.10160686351790357
4180,11.25,-16.25,16.25,0.0,1,0.18512831627182522
4181,13.75,-16.25,16.25,1.0,0,-0.0025551036288523725
4182,16.25,-16.25,16.25,1.0,0,-0.07153928454097191
4183,18.75,-16.25,16.25,1.0,0,-0.0006193355775943036
4184,21.25,-16.25,16.25,1.0,0,0.07392148468957774
4185,23.75,-16.25,16.25,1.0,0,-0.01576471728544624
4186,26.25,-16.25,16.25,1.0,0,-0.054921737702471295
4187,28.75,-16.25,16.25,1.0,0,-0.036399329423561014
4188,31.25,-16.25,16.25,1.0,0,-0.1188816432344031
4189,33.75,-16.25,16.25,1.0,0,-0.20986984149541887
4190,36.25,-16.25,16.25,1.0,0,-0.09236266101672222
4191,38.75,-16.25,16.25,0.0,3,-0.0005384736577769917
4192,41.25,-16.25,16.25,0.0,3,-0.23119283362379903
4193,43.75,-16.25,16.25,0.0,3,-0.14422765263809104
4194,46.25,-16.25,16.25,0.0,3,-0.2632097316139444
4195,48.75,-16.25,16.25,1.0,0,-0.2926559234985554
4196,51.25,-16.25,16.25,0.0,3,-0.3981147236945402
4197,53.75,-16.25,16.25,0.0,3,-0.3759252263140843
4198,56.25,-16.25,16.25,0.0,3,-0.3742415300576051
4199,58.75,-16.25,16.25,0.0,3,-0.35204784027300295
4200,61.25,-16.25,16.25,0.0,3,-0.34721479855677456
4201,63.75,-16.25,16.25,0.0,3,-0.3441228378454845
4202,66.25,-16.25,16.25,0.0,3,-0.33599107295092934
4203,68.75,-16.25,16.25,0.0,3,-0.34627994363573966
4204,71.25,-16.25,16.25,0.0,3,-0.42591521295743134
4205,73.75,-16.25,16.25,0.0,3,-0.4283402351713107
4206,76.25,-16.25,16.25,0.0,3,-0.41113067806956316
4207,78.75,-16.25,16.25,0.0,3,-0.35275354363552813
4208,81.25,-16.25,16.25,0.0,3,-0.26280007865184923
4209,83.75,-16.25,16.25,0.0,3,-0.22819893594721094
4210,86.25,-16.25,16.25,0.0,3,-0.18765735259621896
4211,88.75,-16.25,16.25,0.0,3,-0.17948724958931814
4212,91.25,-16.25,16.25,0.0,3,-0.1631873813047324
4213,93.75,-16.25,16.25,0.0,3,-0.13723980864469673
4214,96.25,-16.25,16.25,0.0,3,-0.13294734979814576
4215,98.75,-16.25,16.25,0.0,3,-0.1239560067088452
4216,101.25,-16.25,16.25,0.0,3,-0.10753561352025638
4217,103.75,-16.25,16.25,0.0,3,-0.060678164994702015
4218,106.25,-16.25,16.25,0.0,3,-0.012515179822539711
4219,108.75,-16.25,16.25,0.0,3,0.00826307031640374
4220,111.25,-16.25,16.25,0.0,3,-0.005029157973814266
4221,113.75,-16.25,16.25,0.0,3,-0.028562940413828578
4222,116.25,-16.25,16.25,0.0,3,-0.030754394042226598
4223,118.75,-16.25,16.25,0.0,3,0.00024803816486844584
4224,121.25,-16.25,16.25,0.0,2,0.018757188690547037
4225,123.75,-16.25,16.25,0.0,2,0.023894983942302824
4226,126.25,-16.25,16.25,1.0,0,0.0929734150050412
4227,128.75,-16.25,16.25,1.0,0,0.04467743829487279
4228,131.25,-16.25,16.25,1.0,0,0.05587563547977733
4229,133.75,-16.25,16.25,1.0,0,0.060247747687489375
4230,136.25,-16.25,16.25,0.0,2,0.029211296182250275
4231,138.75,-16.25,16.25,0.0,2,-0.017513772782018062
4232,141.25,-16.25,16.25,0.0,2,0.015650961161264406
4233,143.75,-16.25,16.25,1.0,0,0.09386841661101496
4234,146.25,-16.25,16.25,0.0,2,-0.05368096757871782
4235,148.75,-16.25,16.25,0.0,2,-0.06641846826600006
4236,151.25,-16.25,16.25,0.0,2,-0.09525948775395786
4237,153.75,-16.25,16.25,0.0,2,-0.08543249972319775
4238,156.25,-16.25,16.25,0.0,2,-0.04093287646876922
4239,158.75,-16.25,16.25,0.0,2,-0.038639849394271134
4240,161.25,-16.25,16.25,0.0,2,0.005866397047685986
4241,163.75,-16.25,16.25,0.0,2,0.035007308884825866
4242,166.25,-16.25,16.25,0.0,2,0.04377119764939277
4243,168.75,-16.25,16.25,0.0,2,0.10941738908755734
4244,171.25,-16.25,16.25,0.0,2,0.17037782358693743
4245,173.75,-16.25,16.25,0.0,2,0.1645981426557553
4246,176.25,-16.25,16.25,0.0,2,0.16655895831370404
4247,178.75,-16.25,16.25,0.0,2,0.1952545236237737
4248,181.25,-16.25,16.25,0.0,2,0.20901400840839673
4249,183.75,-16.25,16.25,0.0,2,0.27416239848607177
4250,186.25,-16.25,16.25,0.0,2,0.3560086252065422
4251,188.75,-16.25,16.25,0.0,2,0.3883760546910287
4252,191.25,-16.25,16.25,0.0,2,0.40807881144714064
4253,193.75,-16.25,16.25,0.0,2,0.45067686110343097
4254,196.25,-16.25,16.25,0.0,2,0.4588951503091643
4255,198.75,-16.25,16.25,0.0,2,0.4369046733312493
4256,201.25,-16.25,16.25,0.0,2,0.4150750104937534
4257,203.75,-16.25,16.25,0.0,2,0.3554844855364657
4258,206.25,-16.25,16.25,0.0,2,0.31735970331137736
4259,208.75,-16.25,16.25,0.0,2,0.23042524906982564
4260,211.25,-16.25,16.25,0.0,2,0.08793661851013367
4261,213.75,-16.25,16.25,0.0,2,-0.04273754506722573
4262,216.25,-16.25,16.25,0.0,2,-0.1916345124624836
4263,218.75,-16.25,16.25,0.0,2,-0.3399301934963412
4264,221.25,-16.25,16.25,0.0,2,-0.5130586173804582
4265,223.75,-16.25,16.25,0.0,2,-0.6904278006906507
4266,226.25,-16.25,16.25,0.0,2,-0.8064998347834831
4267,228.75,-16.25,16.25,0.0,2,-0.8857165992366253
4268,231.25,-16.25,16.25,0.0,2,-0.973671351521352
4269,233.75,-16.25,16.25,0.0,2,-0.9138672705242246
4270,236.25,-16.25,16.25,0.0,2,-0.8959358197745184
4271,238.75,-16.25,16.25,0.0,2,-0.8000363488748434
4272,241.25,-16.25,16.25,0.0,2,-0.6070328951175172
4273,243.75,-16.25,16.25,0.0,2,-0.4862372784974991
4274,246.25,-16.25,16.25,0.0,2,-0.30253870237430286
4275,248.75,-16.25,16.25,0.0,2,-0.22681774882881298
4276,251.25,-16.25,16.25,0.0,2,-0.1552315470779077
4277,253.75,-16.25,16.25,0.0,2,-0.09273468574295439
4278,256.25,-16.25,16.25,0.0,2,-0.07350003377756471
4279,258.75,-16.25,16.25,0.0,2,-0.03763575926763665
4280,261.25,-16.25,16.25,0.0,2,-0.029057058333539304
4281,263.75,-16.25,16.25,0.0,2,-0.018689138144049728
4282,266.25,-16.25,16.25,0.0,2,-0.010542406066605592
4283,268.75,-16.25,16.25,0.0,2,-0.007986732442784502
4284,271.25,-16.25,16.25,0.0,2,0.0003334584441820933
4285,273.75,-16.25,16.25,0.0,2,0.01004300868390671
4286,276.25,-16.25,16.25,0.0,2,0.00918161505871572
4287,278.75,-16.25,16.25,0.0,2,0.0031800173648449882
4288,281.25,-16.25,16.25,0.0,1,0.004369585616339707
4289,283.75,-16.25,16.25,0.0,1,-0.01389329048734015
4290,286.25,-16.25,16.25,0.0,1,-0.15703129460066356
4291,288.75,-16.25,16.25,1.0,0,-0.2050312669421038
4292,291.25,-16.25,16.25,1.0,0,-0.11698749167637862
4293,293.75,-16.25,16.25,1.0,0,-0.14041699575633687
4294,296.25,-16.25,16.25,1.0,0,-0.1562843903378201
4295,298.75,-16.25,16.25,1.0,0,-0.046307254822475184
4296,301.25,-16.25,16.25,1.0,0,-0.062384935562959445
4297,303.75,-16.25,16.25,1.0,0,0.0031143285616764076
4298,306.25,-16.25,16.25,1.0,0,0.047080292358132006
4299,308.75,-16.25,16.25,1.0,0,0.06193359750842765
4300,311.25,-16.25,16.25,1.0,0,-0.11421761676838123
4301,313.75,-16.25,16.25,1.0,0,-0.1452856513536852
4302,316.25,-16.25,16.25,1.0,0,-0.1481453991142337
4303,318.75,-16.25,16.25,1.0,0,-0.11186932935800066
4304,321.25,-16.25,16.25,0.0,1,-0.18916001444055056
4305,323.75,-16.25,16.25,0.0,1,-0.4420520411196717
4306,326.25,-16.25,16.25,0.0,1,-0.5099351415080128
4307,328.75,-16.25,16.25,0.0,1,-0.3878589666393652
4308,331.25,-16.25,16.25,0.0,1,-0.28442048250983204
4309,333.75,-16.25,16.25,0.0,1,-0.2542673883489304
4310,336.25,-16.25,16.25,0.0,1,-0.19849689633965062
4311,338.75,-16.25,16.25,0.0,1,-0.1879502090584636
4312,341.25,-16.25,16.25,0.0,1,-0.16215226510729333
4313,343.75,-16.25,16.25,0.0,1,-0.11207157431433484
4314,346.25,-16.25,16.25,0.0,1,-0.08078209928069868
4315,348.75,-16.25,16.25,0.0,1,-0.06587127731493053
4316,351.25,-16.25,16.25,0.0,1,-0.051646293504843
4317,353.75,-16.25,16.25,0.0,1,-0.04044642001194499
4318,356.25,-16.25,16.25,0.0,1,-0.02883166892201907
4319,358.75,-16.25,16.25,0.0,1,-0.01700121122953438
4320,1.25,-13.75,13.75,0.0,1,-0.0080176024935969
4321,3.75,-13.75,13.75,0.0,1,0.017846713775118348
4322,6.25,-13.75,13.75,0.0,1,0.10546769667879045
4323,8.75,-13.75,13.75,0.0,1,0.19566092362799442
4324,11.25,-13.75,13.75,0.0,1,0.2729748743845783
4325,13.75,-13.75,13.75,0.0,1,0.17476681537818975
4326,16.25,-13.75,13.75,1.0,0,-0.08002852702544257
4327,18.75,-13.75,13.75,1.0,0,-0.07289530426857693
4328,21.25,-13.75,13.75,1.0,0,-0.0630112029590632
4329,23.75,-13.75,13.75,1.0,0,-0.10374358638599303
4330,26.25,-13.75,13.75,1.0,0,-0.1857568174882136
4331,28.75,-13.75,13.75,1.0,0,-0.1708370726297174
4332,31.25,-13.75,13.75,1.0,0,-0.14493460552195458
4333,33.75,-13.75,13.75,1.0,0,-0.14862962627170065
4334,36.25,-13.75,13.75,1.0,0,-0.15520497276970951
4335,38.75,-13.75,13.75,1.0,0,-0.10383731562581859
4336,41.25,-13.75,13.75,0.0,3,-0.335134555805683
4337,43.75,-13.75,13.75,0.0,3,-0.24205851143250917
4338,46.25,-13.75,13.75,0.0,3,-0.317654751589556
4339,48.75,-13.75,13.75,0.0,3,-0.20756348689948062
4340,51.25,-13.75,13.75,0.0,3,-0.43247229925400815
4341,53.75,-13.75,13.75,0.0,3,-0.33789018884716954
4342,56.25,-13.75,13.75,0.0,3,-0.32592900444382894
4343,58.75,-13.75,13.75,0.0,3,-0.2948617495257137
4344,61.25,-13.75,13.75,0.0,3,-0.27601020199574566
4345,63.75,-13.75,13.75,0.0,3,-0.2932495090507446
4346,66.25,-13.75,13.75,0.0,3,-0.3434422724383169
4347,68.75,-13.75,13.75,0.0,3,-0.4049105578999591
4348,71.25,-13.75,13.75,0.0,3,-0.41224729008540867
4349,73.75,-13.75,13.75,0.0,3,-0.411677494612188
4350,76.25,-13.75,13.75,0.0,3,-0.46425855293504514
4351,78.75,-13.75,13.75,0.0,3,-0.4233468539122941
4352,81.25,-13.75,13.75,0.0,3,-0.35665618358323364
4353,83.75,-13.75,13.75,0.0,3,-0.30858714850306973
4354,86.25,-13.75,13.75,0.0,3,-0.2647665428186082
4355,88.75,-13.75,13.75,0.0,3,-0.31020390947428916
4356,91.25,-13.75,13.75,0.0,3,-0.33038264678942103
4357,93.75,-13.75,13.75,0.0,3,-0.34810911077904294
4358,96.25,-13.75,13.75,0.0,3,-0.3755623944741719
4359,98.75,-13.75,13.75,0.0,3,-0.3503477410062842
4360,101.25,-13.75,13.75,0.0,3,-0.27261449794545267
4361,103.75,-13.75,13.75,0.0,3,-0.1599789970583339
4362,106.25,-13.75,13.75,0.0,3,-0.07938810068817957
4363,108.75,-13.75,13.75,0.0,3,0.01453130858809966
4364,111.25,-13.75,13.75,0.0,3,0.03272093977942633
4365,113.75,-13.75,13.75,0.0,3,0.008389987912845212
4366,116.25,-13.75,13.75,0.0,3,-0.05194785757158887
4367,118.75,-13.75,13.75,0.0,3,-0.05133325826005766
4368,121.25,-13.75,13.75,0.0,2,-0.034506499636465814
4369,123.75,-13.75,13.75,0.0,2,-0.10522573049706022
4370,126.25,-13.75,13.75,0.0,2,-0.028160087280947085
4371,128.75,-13.75,13.75,0.0,2,-0.097743248732122
4372,131.25,-13.75,13.75,0.0,2,0.010723553946661408
4373,133.75,-13.75,13.75,1.0,0,-0.12379648932360125
4374,136.25,-13.75,13.75,0.0,2,-0.13383206854538712
4375,138.75,-13.75,13.75,0.0,2,-0.14736305098933583
4376,141.25,-13.75,13.75,0.0,2,-0.1070808769626923
4377,143.75,-13.75,13.75,0.0,2,-0.07734091878499103
4378,146.25,-13.75,13.75,0.0,2,-0.11570747476177691
4379,148.75,-13.75,13.75,0.0,2,-0.09886442678965958
4380,151.25,-13.75,13.75,0.0,2,-0.061870353685269656
4381,153.75,-13.75,13.75,0.0,2,0.025671296390898744
4382,156.25,-13.75,13.75,0.0,2,0.08287832137507688
4383,158.75,-13.75,13.75,0.0,2,0.11132328744891667
4384,161.25,-13.75,13.75,0.0,2,0.12220632851911103
4385,163.75,-13.75,13.75,0.0,2,0.1552840334321583
4386,166.25,-13.75,13.75,0.0,2,0.13424876684509507
4387,168.75,-13.75,13.75,0.0,2,0.13012359852353586
4388,171.25,-13.75,13.75,0.0,2,0.19898874713702355
4389,173.75,-13.75,13.75,0.0,2,0.2429178494512011
4390,176.25,-13.75,13.75,0.0,2,0.27397217663951207
4391,178.75,-13.75,13.75,0.0,2,0.3202935201789103
4392,181.25,-13.75,13.75,0.0,2,0.3211216598637609
4393,183.75,-13.75,13.75,0.0,2,0.29018637881867254
4394,186.25,-13.75,13.75,0.0,2,0.2749350301275714
4395,188.75,-13.75,13.75,0.0,2,0.24489532416440785
4396,191.25,-13.75,13.75,0.0,2,0.1923261927741734
4397,193.75,-13.75,13.75,0.0,2,0.14961876157571546
4398,196.25,-13.75,13.75,0.0,2,0.11509538910915193
4399,198.75,-13.75,13.75,0.0,2,0.09736536516637172
4400,201.25,-13.75,13.75,0.0,2,0.07992645320468963
4401,203.75,-13.75,13.75,0.0,2,-0.002861336250706693
4402,206.25,-13.75,13.75,0.0,2,-0.12770296816079382
4403,208.75,-13.75,13.75,0.0,2,-0.2327407874974397
4404,211.25,-13.75,13.75,0.0,2,-0.35532984226792247
4405,213.75,-13.75,13.75,0.0,2,-0.4628027338880882
4406,216.25,-13.75,13.75,0.0,2,-0.595597247155281
4407,218.75,-13.75,13.75,0.0,2,-0.7170710143841096
4408,221.25,-13.75,13.75,0.0,2,-0.8096360880073149
4409,223.75,-13.75,13.75,0.0,2,-0.8943454079969654
4410,226.25,-13.75,13.75,0.0,2,-0.926910715310471
4411,228.75,-13.75,13.75,0.0,2,-0.9326699981625926
4412,231.25,-13.75,13.75,0.0,2,-0.9719701229749338
4413,233.75,-13.75,13.75,0.0,2,-0.8657714307179375
4414,236.25,-13.75,13.75,0.0,2,-0.8177194870213031
4415,238.75,-13.75,13.75,0.0,2,-0.753868548171177
4416,241.25,-13.75,13.75,0.0,2,-0.590542792179083
4417,243.75,-13.75,13.75,0.0,2,-0.5134752388652286
4418,246.25,-13.75,13.75,0.0,2,-0.39168069201224925
4419,248.75,-13.75,13.75,0.0,2,-0.2883993766994236
4420,251.25,-13.75,13.75,0.0,2,-0.22090695943152933
4421,253.75,-13.75,13.75,0.0,2,-0.13744999674462974
4422,256.25,-13.75,13.75,0.0,2,-0.09696336210351256
4423,258.75,-13.75,13.75,0.0,2,-0.06454518679768116
4424,261.25,-13.75,13.75,0.0,2,-0.03815680060481875
4425,263.75,-13.75,13.75,0.0,2,-0.03343636119575533
4426,266.25,-13.75,13.75,0.0,2,-0.014972163727635227
4427,268.75,-13.75,13.75,0.0,2,-0.007977505302726855
4428,271.25,-13.75,13.75,0.0,2,-0.011411975467938077
4429,273.75,-13.75,13.75,0.0,2,0.00665702291541407
4430,276.25,-13.75,13.75,0.0,2,0.0003052014985507134
4431,278.75,-13.75,13.75,0.0,2,-0.013152164577483083
4432,281.25,-13.75,13.75,0.0,1,-0.01295605286397837
4433,283.75,-13.75,13.75,0.0,1,-0.09639557275741466
4434,286.25,-13.75,13.75,1.0,0,-0.06229680979446337
4435,288.75,-13.75,13.75,1.0,0,0.0243881993256194
4436,291.25,-13.75,13.75,1.0,0,-0.12611111523443624
4437,293.75,-13.75,13.75,1.0,0,-0.2302558055823349
4438,296.25,-13.75,13.75,1.0,0,0.04617433336074466
4439,298.75,-13.75,13.75,1.0,0,0.001468207438384397
4440,301.25,-13.75,13.75,1.0,0,-0.10238801910317749
4441,303.75,-13.75,13.75,1.0,0,0.0563256040405883
4442,306.25,-13.75,13.75,1.0,0,0.09695930839490496
4443,308.75,-13.75,13.75,1.0,0,-0.08589556743408316
4444,311.25,-13.75,13.75,1.0,0,-0.10730026183838
4445,313.75,-13.75,13.75,1.0,0,-0.18788911495859872
4446,316.25,-13.75,13.75,1.0,0,-0.2790041825111113
4447,318.75,-13.75,13.75,1.0,0,-0.16834069222654777
4448,321.25,-13.75,13.75,0.0,1,-0.23923645648013575
4449,323.75,-13.75,13.75,0.0,1,-0.48405647904983884
4450,326.25,-13.75,13.75,0.0,1,-0.5045223632229595
4451,328.75,-13.75,13.75,0.0,1,-0.4805126301160361
4452,331.25,-13.75,13.75,0.0,1,-0.3790463978000637
4453,333.75,-13.75,13.75,0.0,1,-0.33848187389346157
4454,336.25,-13.75,13.75,0.0,1,-0.2711831242696707
4455,338.75,-13.75,13.75,0.0,1,-0.25007819782036034
4456,341.25,-13.75,13.75,0.0,1,-0.20337518860212214
4457,343.75,-13.75,13.75,0.0,1,-0.1474572531276376
4458,346.25,-13.75,13.75,0.0,1,-0.10997235747300638
4459,348.75,-13.75,13.75,0.0,1,-0.06919987668758903
4460,351.25,-13.75,13.75,0.0,1,-0.057544085999073416
4461,353.75,-13.75,13.75,0.0,1,-0.05539866028984402
4462,356.25,-13.75,13.75,0.0,1,-0.044583913291421806
4463,358.75,-13.75,13.75,0.0,1,-0.026213152326694612
4464,1.25,-11.25,11.25,0.0,1,-0.017952187293160095
4465,3.75,-11.25,11.25,0.0,1,0.026478301518032172
4466,6.25,-11.25,11.25,0.0,1,0.12331866749072072
4467,8.75,-11.25,11.25,0.0,1,0.2654786901491979
4468,11.25,-11.25,11.25,0.0,1,0.36864586690797513
4469,13.75,-11.25,11.25,0.0,1,0.38501337801990604
4470,16.25,-11.25,11.25,1.0,0,0.06364180281628819
4471,18.75,-11.25,11.25,1.0,0,-0.01962288212552478
4472,21.25,-11.25,11.25,1.0,0,-0.042659240718669666
4473,23.75,-11.25,11.25,1.0,0,-0.1348335013805372
4474,26.25,-11.25,11.25,1.0,0,-0.24785438476570995
4475,28.75,-11.25,11.25,1.0,0,-0.2606623296241465
4476,31.25,-11.25,11.25,1.0,0,-0.24988562827482055
4477,33.75,-11.25,11.25,1.0,0,-0.13936333663959158
4478,36.25,-11.25,11.25,1.0,0,-0.19945695879956657
4479,38.75,-11.25,11.25,1.0,0,-0.13695787647652252
4480,41.25,-11.25,11.25,0.0,3,-0.20838582153431276
4481,43.75,-11.25,11.25,0.0,3,-0.21048358526019564
4482,46.25,-11.25,11.25,0.0,3,-0.1946433217172687
4483,48.75,-11.25,11.25,0.0,3,-0.24787431389091494
4484,51.25,-11.25,11.25,0.0,3,-0.3298724306685514
4485,53.75,-11.25,11.25,0.0,3,-0.21617274150129234
4486,56.25,-11.25,11.25,0.0,3,-0.22993255279901878
4487,58.75,-11.25,11.25,0.0,3,-0.22620831834449
4488,61.25,-11.25,11.25,0.0,3,-0.19556975532809792
4489,63.75,-11.25,11.25,0.0,3,-0.1815605553260544
4490,66.25,-11.25,11.25,0.0,3,-0.25340535353664295
4491,68.75,-11.25,11.25,0.0,3,-0.2947903092853051
4492,71.25,-11.25,11.25,0.0,3,-0.3435758639558246
4493,73.75,-11.25,11.25,0.0,3,-0.4525663661819099
4494,76.25,-11.25,11.25,0.0,3,-0.5024711681628152
4495,78.75,-11.25,11.25,0.0,3,-0.48132192158579906
4496,81.25,-11.25,11.25,0.0,3,-0.4695789006242094
4497,83.75,-11.25,11.25,0.0,3,-0.4482416916240719
4498,86.25,-11.25,11.25,0.0,3,-0.45355653766530624
4499,88.75,-11.25,11.25,0.0,3,-0.4801553993628475
4500,91.25,-11.25,11.25,0.0,3,-0.5325269627176049
4501,93.75,-11.25,11.25,0.0,3,-0.6210301091119979
4502,96.25,-11.25,11.25,0.0,3,-0.6677000989680525
4503,98.75,-11.25,11.25,0.0,3,-0.6343327922965949
4504,101.25,-11.25,11.25,0.0,3,-0.5294854601033646
4505,103.75,-11.25,11.25,0.0,3,-0.431454946181513
4506,106.25,-11.25,11.25,0.0,3,-0.34009826958862804
4507,108.75,-11.25,11.25,0.0,3,-0.15523674769143356
4508,111.25,-11.25,11.25,0.0,3,-0.10935951888481459
4509,113.75,-11.25,11.25,0.0,3,-0.11697213579797755
4510,116.25,-11.25,11.25,0.0,3,-0.09236558383851567
4511,118.75,-11.25,11.25,0.0,3,-0.08117403582525987
4512,121.25,-11.25,11.25,0.0,2,-0.0691744011611793
4513,123.75,-11.25,11.25,0.0,2,-0.14553574226823768
4514,126.25,-11.25,11.25,0.0,2,-0.2046612309402246
4515,128.75,-11.25,11.25,0.0,2,-0.21327149730887598
4516,131.25,-11.25,11.25,0.0,2,-0.23516450157119986
4517,133.75,-11.25,11.25,0.0,2,-0.27165878697996726
4518,136.25,-11.25,11.25,0.0,2,-0.2663290848785385
4519,138.75,-11.25,11.25,0.0,2,-0.2817997876565362
4520,141.25,-11.25,11.25,0.0,2,-0.2617294255426681
4521,143.75,-11.25,11.25,0.0,2,-0.0869917916802719
4522,146.25,-11.25,11.25,0.0,2,-0.057891937384902004
4523,148.75,-11.25,11.25,0.0,2,-0.14290770684273688
4524,151.25,-11.25,11.25,0.0,2,0.0791624783120003
4525,153.75,-11.25,11.25,0.0,2,0.3342749726258427
4526,156.25,-11.25,11.25,0.0,2,0.2605488097572724
4527,158.75,-11.25,11.25,0.0,2,0.25890111386169
4528,161.25,-11.25,11.25,0.0,2,0.2373185694252296
4529,163.75,-11.25,11.25,0.0,2,0.16787570173754354
4530,166.25,-11.25,11.25,0.0,2,0.1749967563355862
4531,168.75,-11.25,11.25,0.0,2,0.16951493818451138
4532,171.25,-11.25,11.25,0.0,2,0.14673135155574507
4533,173.75,-11.25,11.25,0.0,2,0.16509341919750947
4534,176.25,-11.25,11.25,0.0,2,0.1594429877481035
4535,178.75,-11.25,11.25,0.0,2,0.13859482529556125
4536,181.25,-11.25,11.25,0.0,2,0.13304941621592986
4537,183.75,-11.25,11.25,0.0,2,0.03741041662222689
4538,186.25,-11.25,11.25,0.0,2,-0.06615162991148808
4539,188.75,-11.25,11.25,0.0,2,-0.1503367096010733
4540,191.25,-11.25,11.25,0.0,2,-0.23521626948297208
4541,193.75,-11.25,11.25,0.0,2,-0.2741289744128193
4542,196.25,-11.25,11.25,0.0,2,-0.301599224427361
4543,198.75,-11.25,11.25,0.0,2,-0.32796157416344646
4544,201.25,-11.25,11.25,0.0,2,-0.3717685555373203
4545,203.75,-11.25,11.25,0.0,2,-0.4434033735316063
4546,206.25,-11.25,11.25,0.0,2,-0.5361143228124366
4547,208.75,-11.25,11.25,0.0,2,-0.6192889899315418
4548,211.25,-11.25,11.25,0.0,2,-0.6597207320927888
4549,213.75,-11.25,11.25,0.0,2,-0.7225045499306316
4550,216.25,-11.25,11.25,0.0,2,-0.7862236117180197
4551,218.75,-11.25,11.25,0.0,2,-0.8381432067526974
4552,221.25,-11.25,11.25,0.0,2,-0.8128246115918151
4553,223.75,-11.25,11.25,0.0,2,-0.7932967023168624
4554,226.25,-11.25,11.25,0.0,2,-0.7991366216732108
4555,228.75,-11.25,11.25,0.0,2,-0.7162469240080693
4556,231.25,-11.25,11.25,0.0,2,-0.6877593111022265
4557,233.75,-11.25,11.25,0.0,2,-0.6782950199209966
4558,236.25,-11.25,11.25,0.0,2,-0.6182030856987514
4559,238.75,-11.25,11.25,0.0,2,-0.5574351704868072
4560,241.25,-11.25,11.25,0.0,2,-0.4950165426516068
4561,243.75,-11.25,11.25,0.0,2,-0.466096523481126
4562,246.25,-11.25,11.25,0.0,2,-0.44732938413446455
4563,248.75,-11.25,11.25,0.0,2,-0.36686382641512977
4564,251.25,-11.25,11.25,0.0,2,-0.2906898664059317
4565,253.75,-11.25,11.25,0.0,2,-0.2497254812931753
4566,256.25,-11.25,11.25,0.0,2,-0.18545316964867317
4567,258.75,-11.25,11.25,0.0,2,-0.15479004612130928
4568,261.25,-11.25,11.25,0.0,2,-0.09675059435652261
4569,263.75,-11.25,11.25,0.0,2,-0.07600243022649973
4570,266.25,-11.25,11.25,0.0,2,-0.05305367995260663
4571,268.75,-11.25,11.25,0.0,2,-0.024994107124636712
4572,271.25,-11.25,11.25,0.0,2,-0.021554299591194804
4573,273.75,-11.25,11.25,0.0,2,-0.012411191658646199
4574,276.25,-11.25,11.25,0.0,2,-0.007214679124652633
4575,278.75,-11.25,11.25,0.0,2,-0.01186888092174183
4576,281.25,-11.25,11.25,0.0,1,-0.05511917914271265
4577,283.75,-11.25,11.25,0.0,1,-0.12129269492946858
4578,286.25,-11.25,11.25,1.0,0,-0.003874495495933672
4579,288.75,-11.25,11.25,1.0,0,-0.10926043569718062
4580,291.25,-11.25,11.25,1.0,0,0.01901132645160945
4581,293.75,-11.25,11.25,1.0,0,0.07668179020250122
4582,296.25,-11.25,11.25,1.0,0,-0.07186053825104981
4583,298.75,-11.25,11.25,1.0,0,-0.13157580779851064
4584,301.25,-11.25,11.25,1.0,0,-0.05783264687437215
4585,303.75,-11.25,11.25,1.0,0,-0.08200530181435683
4586,306.25,-11.25,11.25,1.0,0,0.039817030651795086
4587,308.75,-11.25,11.25,1.0,0,0.02942406508387546
4588,311.25,-11.25,11.25,1.0,0,-0.0026958490130503205
4589,313.75,-11.25,11.25,1.0,0,-0.16036602013065054
4590,316.25,-11.25,11.25,1.0,0,-0.2388409298477873
4591,318.75,-11.25,11.25,1.0,0,-0.1572829478038148
4592,321.25,-11.25,11.25,1.0,0,-0.2083136572960869
4593,323.75,-11.25,11.25,0.0,1,-0.4009323656952237
4594,326.25,-11.25,11.25,0.0,1,-0.4763242742829039
4595,328.75,-11.25,11.25,0.0,1,-0.5469295201003459
4596,331.25,-11.25,11.25,0.0,1,-0.49475658572789916
4597,333.75,-11.25,11.25,0.0,1,-0.42997566821156996
4598,336.25,-11.25,11.25,0.0,1,-0.36673307270553
4599,338.75,-11.25,11.25,0.0,1,-0.31186985137326684
4600,341.25,-11.25,11.25,0.0,1,-0.249187318168875
4601,343.75,-11.25,11.25,0.0,1,-0.22439794922145934
4602,346.25,-11.25,11.25,0.0,1,-0.18304988884263879
4603,348.75,-11.25,11.25,0.0,1,-0.1339164033497025
4604,351.25,-11.25,11.25,0.0,1,-0.11243106285393295
4605,353.75,-11.25,11.25,0.0,1,-0.0893704454161216
4606,356.25,-11.25,11.25,0.0,1,-0.07651718007592645
4607,358.75,-11.25,11.25,0.0,1,-0.04494181730175388
4608,1.25,-8.75,8.75,0.0,1,0.00874209873546859
4609,3.75,-8.75,8.75,0.0,1,0.07328746271087433
4610,6.25,-8.75,8.75,0.0,1,0.22321977437257914
4611,8.75,-8.75,8.75,0.0,1,0.42300500478401876
4612,11.25,-8.75,8.75,0.0,1,0.3367071631090541
4613,13.75,-8.75,8.75,0.0,1,0.3346980486230893
4614,16.25,-8.75,8.75,1.0,0,0.13709115168588354
4615,18.75,-8.75,8.75,1.0,0,0.1602538278018632
4616,21.25,-8.75,8.75,1.0,0,0.22090118464068162
4617,23.75,-8.75,8.75,1.0,0,0.13309331590707787
4618,26.25,-8.75,8.75,1.0,0,0.05023958382622499
4619,28.75,-8.75,8.75,1.0,0,-0.10248348247362189
4620,31.25,-8.75,8.75,1.0,0,-0.22325079527531114
4621,33.75,-8.75,8.75,1.0,0,-0.23536589394648022
4622,36.25,-8.75,8.75,1.0,0,-0.23260978053794498
4623,38.75,-8.75,8.75,0.0,3,-0.12737595961355683
4624,41.25,-8.75,8.75,0.0,3,-0.09220784550445048
4625,43.75,-8.75,8.75,0.0,3,-0.013319499355705266
4626,46.25,-8.75,8.75,0.0,3,-0.028018456138903605
4627,48.75,-8.75,8.75,0.0,3,-0.027165353415311642
4628,51.25,-8.75,8.75,0.0,3,-0.06982250952027483
4629,53.75,-8.75,8.75,0.0,3,-0.05297275920990997
4630,56.25,-8.75,8.75,0.0,3,-0.07116488772304148
4631,58.75,-8.75,8.75,0.0,3,-0.06674854230153009
4632,61.25,-8.75,8.75,0.0,3,-0.05760395020756041
4633,63.75,-8.75,8.75,0.0,3,-0.040205171336835384
4634,66.25,-8.75,8.75,0.0,3,-0.06338132511727722
4635,68.75,-8.75,8.75,0.0,3,-0.10971076226709921
4636,71.25,-8.75,8.75,0.0,3,-0.20811275197503326
4637,73.75,-8.75,8.75,0.0,3,-0.31249595360040056
4638,76.25,-8.75,8.75,0.0,3,-0.3460608826807391
4639,78.75,-8.75,8.75,0.0,3,-0.413356054255272
4640,81.25,-8.75,8.75,0.0,3,-0.45697919772594314
4641,83.75,-8.75,8.75,0.0,3,-0.45108555993704585
4642,86.25,-8.75,8.75,0.0,3,-0.45763442769096535
4643,88.75,-8.75,8.75,0.0,3,-0.4500226800295986
4644,91.25,-8.75,8.75,0.0,3,-0.5813888577459777
4645,93.75,-8.75,8.75,0.0,3,-0.6700700465593363
4646,96.25,-8.75,8.75,0.0,3,-0.7499945743661607
4647,98.75,-8.75,8.75,0.0,3,-0.8029863451863396
4648,101.25,-8.75,8.75,0.0,3,-0.7676246178609428
4649,103.75,-8.75,8.75,0.0,3,-0.6950431523058576
4650,106.25,-8.75,8.75,0.0,3,-0.5587926007403925
4651,108.75,-8.75,8.75,0.0,3,-0.18509091499704858
4652,111.25,-8.75,8.75,0.0,3,-0.036590322787935115
4653,113.75,-8.75,8.75,0.0,3,-0.3176394899959974
4654,116.25,-8.75,8.75,0.0,3,-0.20801190413036408
4655,118.75,-8.75,8.75,0.0,3,-0.1916065943527976
4656,121.25,-8.75,8.75,0.0,2,-0.1879293710754367
4657,123.75,-8.75,8.75,0.0,2,-0.19773850354038502
4658,126.25,-8.75,8.75,0.0,2,-0.2538600304579005
4659,128.75,-8.75,8.75,0.0,2,-0.2050118786624246
4660,131.25,-8.75,8.75,0.0,2,-0.28655063030108974
4661,133.75,-8.75,8.75,0.0,2,-0.34514389303407683
4662,136.25,-8.75,8.75,0.0,2,-0.2469075770964594
4663,138.75,-8.75,8.75,0.0,2,-0.14478220430096406
4664,141.25,-8.75,8.75,0.0,2,-0.009621989918756487
4665,143.75,-8.75,8.75,0.0,2,0.15381860975133682
4666,146.25,-8.75,8.75,0.0,2,0.09994870693630839
4667,148.75,-8.75,8.75,0.0,2,0.11493574197958356
4668,151.25,-8.75,8.75,0.0,2,0.38234898444479987
4669,153.75,-8.75,8.75,0.0,2,0.5911730174580652
4670,156.25,-8.75,8.75,0.0,2,0.4145024474234605
4671,158.75,-8.75,8.75,0.0,2,0.2992888285869814
4672,161.25,-8.75,8.75,0.0,2,0.221505763804689
4673,163.75,-8.75,8.75,0.0,2,0.19690584420005197
4674,166.25,-8.75,8.75,0.0,2,0.20809821206310827
4675,168.75,-8.75,8.75,0.0,2,0.1677733362147238
4676,171.25,-8.75,8.75,0.0,2,0.07195039333689258
4677,173.75,-8.75,8.75,0.0,2,0.033080430586548
4678,176.25,-8.75,8.75,0.0,2,-0.055780566851991085
4679,178.75,-8.75,8.75,0.0,2,-0.11936438356691072
4680,181.25,-8.75,8.75,0.0,2,-0.1639191039070342
4681,183.75,-8.75,8.75,0.0,2,-0.25633923000896425
4682,186.25,-8.75,8.75,0.0,2,-0.29268572800306186
4683,188.75,-8.75,8.75,0.0,2,-0.3587214955197697
4684,191.25,-8.75,8.75,0.0,2,-0.380191878067737
4685,193.75,-8.75,8.75,0.0,2,-0.4084485866294869
4686,196.25,-8.75,8.75,0.0,2,-0.44824430057439735
4687,198.75,-8.75,8.75,0.0,2,-0.48806984035940265
4688,201.25,-8.75,8.75,0.0,2,-0.501223039022394
4689,203.75,-8.75,8.75,0.0,2,-0.49628977204405716
4690,206.25,-8.75,8.75,0.0,2,-0.4985151480038429
4691,208.75,-8.75,8.75,0.0,2,-0.4916330861868969
4692,211.25,-8.75,8.75,0.0,2,-0.4697520330121103
4693,213.75,-8.75,8.75,0.0,2,-0.4762070114082374
4694,216.25,-8.75,8.75,0.0,2,-0.4506468244428405
4695,218.75,-8.75,8.75,0.0,2,-0.4682040392433866
4696,221.25,-8.75,8.75,0.0,2,-0.4145186148263101
4697,223.75,-8.75,8.75,0.0,2,-0.3201948004438216
4698,226.25,-8.75,8.75,0.0,2,-0.3448235859638832
4699,228.75,-8.75,8.75,0.0,2,-0.3203811733450434
4700,231.25,-8.75,8.75,0.0,2,-0.27932356561876753
4701,233.75,-8.75,8.75,0.0,2,-0.2915532367632317
4702,236.25,-8.75,8.75,0.0,2,-0.2591036390662966
4703,238.75,-8.75,8.75,0.0,2,-0.27063253342438864
4704,241.25,-8.75,8.75,0.0,2,-0.28632299506813114
4705,243.75,-8.75,8.75,0.0,2,-0.2665463761310414
4706,246.25,-8.75,8.75,0.0,2,-0.27353873392395295
4707,248.75,-8.75,8.75,0.0,2,-0.2745098427808507
4708,251.25,-8.75,8.75,0.0,2,-0.2528505634070311
4709,253.75,-8.75,8.75,0.0,2,-0.2584567790152341
4710,256.25,-8.75,8.75,0.0,2,-0.20086182815834894
4711,258.75,-8.75,8.75,0.0,2,-0.18013768931595872
4712,261.25,-8.75,8.75,0.0,2,-0.15073568747552413
4713,263.75,-8.75,8.75,0.0,2,-0.12352866690244908
4714,266.25,-8.75,8.75,0.0,2,-0.09700509165358553
4715,268.75,-8.75,8.75,0.0,2,-0.06796844018266371
4716,271.25,-8.75,8.75,0.0,2,-0.042738430726586306
4717,273.75,-8.75,8.75,0.0,2,-0.024416688951173594
4718,276.25,-8.75,8.75,0.0,2,-0.014605212702715952
4719,278.75,-8.75,8.75,0.0,2,0.004249228707419123
4720,281.25,-8.75,8.75,0.0,1,-0.062397751063425363
4721,283.75,-8.75,8.75,1.0,0,-0.058397459741754296
4722,286.25,-8.75,8.75,1.0,0,0.027502503920363346
4723,288.75,-8.75,8.75,1.0,0,0.15987746126110938
4724,291.25,-8.75,8.75,1.0,0,0.1987362774566495
4725,293.75,-8.75,8.75,1.0,0,0.04700313002132844
4726,296.25,-8.75,8.75,1.0,0,-0.1206807355958724
4727,298.75,-8.75,8.75,1.0,0,0.053884675753903134
4728,301.25,-8.75,8.75,1.0,0,0.12197455283939172
4729,303.75,-8.75,8.75,1.0,0,0.0553264514090409
4730,306.25,-8.75,8.75,1.0,0,0.06690327675212264
4731,308.75,-8.75,8.75,1.0,0,0.06998857217580357
4732,311.25,-8.75,8.75,1.0,0,0.10377683360358314
4733,313.75,-8.75,8.75,1.0,0,0.03399516108139918
4734,316.25,-8.75,8.75,1.0,0,-0.010634850945505009
4735,318.75,-8.75,8.75,1.0,0,-0.08961584200086713
4736,321.25,-8.75,8.75,1.0,0,-0.14339831243117063
4737,323.75,-8.75,8.75,0.0,1,-0.08790843069160335
4738,326.25,-8.75,8.75,0.0,1,-0.4221148638097828
4739,328.75,-8.75,8.75,0.0,1,-0.5062971775750047
4740,331.25,-8.75,8.75,0.0,1,-0.49356328035947183
4741,333.75,-8.75,8.75,0.0,1,-0.4765928900041051
4742,336.25,-8.75,8.75,0.0,1,-0.4235031793067576
4743,338.75,-8.75,8.75,0.0,1,-0.3682722493227763
4744,341.25,-8.75,8.75,0.0,1,-0.3178089126956852
4745,343.75,-8.75,8.75,0.0,1,-0.32129550192763323
4746,346.25,-8.75,8.75,0.0,1,-0.27053237187337814
4747,348.75,-8.75,8.75,0.0,1,-0.2327630286939789
4748,351.25,-8.75,8.75,0.0,1,-0.20139016046499908
4749,353.75,-8.75,8.75,0.0,1,-0.16356334523292354
4750,356.25,-8.75,8.75,0.0,1,-0.1297259496099601
4751,358.75,-8.75,8.75,0.0,1,-0.05421400426272673
4752,1.25,-6.25,6.25,0.0,1,0.06155932126358748
4753,3.75,-6.25,6.25,0.0,1,0.19428795557223713
4754,6.25,-6.25,6.25,0.0,1,0.3106494634449797
4755,8.75,-6.25,6.25,0.0,1,0.3874646716994298
4756,11.25,-6.25,6.25,0.0,1,0.1890197120924783
4757,13.75,-6.25,6.25,1.0,0,0.43219971387470246
4758,16.25,-6.25,6.25,1.0,0,0.29984663847685505
4759,18.75,-6.25,6.25,1.0,0,0.3271336576052141
4760,21.25,-6.25,6.25,1.0,0,0.3033130326886314
4761,23.75,-6.25,6.25,1.0,0,0.2145692431868412
4762,26.25,-6.25,6.25,1.0,0,0.10727067958801845
4763,28.75,-6.25,6.25,1.0,0,0.06938919817470626
4764,31.25,-6.25,6.25,1.0,0,-0.11197391596363464
4765,33.75,-6.25,6.25,1.0,0,-0.23337348570764754
4766,36.25,-6.25,6.25,1.0,0,-0.17361035254922855
4767,38.75,-6.25,6.25,0.0,3,-0.09986419366726067
4768,41.25,-6.25,6.25,0.0,3,-0.012154516793622639
4769,43.75,-6.25,6.25,0.0,3,0.14527952527432333
4770,46.25,-6.25,6.25,0.0,3,0.11497993287707782
4771,48.75,-6.25,6.25,0.0,3,0.11249839219669634
4772,51.25,-6.25,6.25,0.0,3,0.10196690338359471
4773,53.75,-6.25,6.25,0.0,3,0.08876404458548742
4774,56.25,-6.25,6.25,0.0,3,0.10140332219472374
4775,58.75,-6.25,6.25,0.0,3,0.15475092151614703
4776,61.25,-6.25,6.25,0.0,3,0.12061068201561569
4777,63.75,-6.25,6.25,0.0,3,0.07967069325573482
4778,66.25,-6.25,6.25,0.0,3,0.05528032589750303
4779,68.75,-6.25,6.25,0.0,3,0.0297463657686445
4780,71.25,-6.25,6.25,0.0,3,0.001177456219082179
4781,73.75,-6.25,6.25,0.0,3,-0.039979422797487355
4782,76.25,-6.25,6.25,0.0,3,-0.06421354248646646
4783,78.75,-6.25,6.25,0.0,3,-0.12534367810174518
4784,81.25,-6.25,6.25,0.0,3,-0.14200423571183296
4785,83.75,-6.25,6.25,0.0,3,-0.15480999365065248
4786,86.25,-6.25,6.25,0.0,3,-0.14307488664205137
4787,88.75,-6.25,6.25,0.0,3,-0.1809946968300799
4788,91.25,-6.25,6.25,0.0,3,-0.23613322908400886
4789,93.75,-6.25,6.25,0.0,3,-0.33672311765295404
4790,96.25,-6.25,6.25,0.0,3,-0.48521370747092873
4791,98.75,-6.25,6.25,0.0,3,-0.6253237955845573
4792,101.25,-6.25,6.25,0.0,3,-0.7570771376584152
4793,103.75,-6.25,6.25,0.0,3,-0.5799996224981587
4794,106.25,-6.25,6.25,0.0,3,-0.08675563090030783
4795,108.75,-6.25,6.25,0.0,3,0.02935030228207152
4796,111.25,-6.25,6.25,0.0,3,-0.03828438723316604
4797,113.75,-6.25,6.25,0.0,3,-0.127806882593728
4798,116.25,-6.25,6.25,0.0,3,-0.20873643957837984
4799,118.75,-6.25,6.25,0.0,3,-0.14466651201525163
4800,121.25,-6.25,6.25,0.0,2,-0.12609211293534764
4801,123.75,-6.25,6.25,0.0,2,-0.10990038713090564
4802,126.25,-6.25,6.25,0.0,2,-0.14089303296304426
4803,128.75,-6.25,6.25,0.0,2,-0.139606804193299
4804,131.25,-6.25,6.25,0.0,2,-0.1803738933219638
4805,133.75,-6.25,6.25,0.0,2,-0.05809238319894151
4806,136.25,-6.25,6.25,0.0,2,-0.0759345797801042
4807,138.75,-6.25,6.25,0.0,2,-0.057702999548215346
4808,141.25,-6.25,6.25,1.0,0,0.18210811379314346
4809,143.75,-6.25,6.25,1.0,0,0.32118413275693897
4810,146.25,-6.25,6.25,1.0,0,0.3252778000031485
4811,148.75,-6.25,6.25,0.0,2,0.4252591976160153
4812,151.25,-6.25,6.25,0.0,2,0.47251169381387986
4813,153.75,-6.25,6.25,0.0,2,0.24085681015668575
4814,156.25,-6.25,6.25,0.0,2,0.19756286984296137
4815,158.75,-6.25,6.25,0.0,2,0.10834974199544156
4816,161.25,-6.25,6.25,0.0,2,0.028673013773807238
4817,163.75,-6.25,6.25,0.0,2,0.033038341295128885
4818,166.25,-6.25,6.25,0.0,2,-0.05838214331502335
4819,168.75,-6.25,6.25,0.0,2,-0.10014742119410598
4820,171.25,-6.25,6.25,0.0,2,-0.1349375302814764
4821,173.75,-6.25,6.25,0.0,2,-0.15332670942997317
4822,176.25,-6.25,6.25,0.0,2,-0.16661087996313814
4823,178.75,-6.25,6.25,0.0,2,-0.1757940954798055
4824,181.25,-6.25,6.25,0.0,2,-0.1905585518138766
4825,183.75,-6.25,6.25,0.0,2,-0.20223913978400396
4826,186.25,-6.25,6.25,0.0,2,-0.2155973383079531
4827,188.75,-6.25,6.25,0.0,2,-0.2422675596776497
4828,191.25,-6.25,6.25,0.0,2,-0.228929631835904
4829,193.75,-6.25,6.25,0.0,2,-0.22313915499500658
4830,196.25,-6.25,6.25,0.0,2,-0.23248421069802694
4831,198.75,-6.25,6.25,0.0,2,-0.1910791943166826
4832,201.25,-6.25,6.25,0.0,2,-0.15628714674629415
4833,203.75,-6.25,6.25,0.0,2,-0.13987122782986705
4834,206.25,-6.25,6.25,0.0,2,-0.1067468152440679
4835,208.75,-6.25,6.25,0.0,2,-0.08007316987091508
4836,211.25,-6.25,6.25,0.0,2,-0.05886987986333176
4837,213.75,-6.25,6.25,0.0,2,-0.030254439134701164
4838,216.25,-6.25,6.25,0.0,2,0.0018803349223640875
4839,218.75,-6.25,6.25,0.0,2,0.015799684902874034
4840,221.25,-6.25,6.25,0.0,2,0.013276017675375831
4841,223.75,-6.25,6.25,0.0,2,0.04796485325392004
4842,226.25,-6.25,6.25,0.0,2,0.03444027644899868
4843,228.75,-6.25,6.25,0.0,2,0.029877165379995848
4844,231.25,-6.25,6.25,0.0,2,0.0478111701683649
4845,233.75,-6.25,6.25,0.0,2,0.030245235506116554
4846,236.25,-6.25,6.25,0.0,2,0.03418618216772343
4847,238.75,-6.25,6.25,0.0,2,0.012786189736308648
4848,241.25,-6.25,6.25,0.0,2,0.013918981871872587
4849,243.75,-6.25,6.25,0.0,2,0.00531230164596235
4850,246.25,-6.25,6.25,0.0,2,-0.014450694294406033
4851,248.75,-6.25,6.25,0.0,2,-0.033583224433408936
4852,251.25,-6.25,6.25,0.0,2,-0.03958700587979583
4853,253.75,-6.25,6.25,0.0,2,-0.050807849236340734
4854,256.25,-6.25,6.25,0.0,2,-0.05722647008723308
4855,258.75,-6.25,6.25,0.0,2,-0.05559153868551198
4856,261.25,-6.25,6.25,0.0,2,-0.06929872079100047
4857,263.75,-6.25,6.25,0.0,2,-0.06850760816833912
4858,266.25,-6.25,6.25,0.0,2,-0.04127759111504559
4859,268.75,-6.25,6.25,0.0,2,-0.02836876979329351
4860,271.25,-6.25,6.25,0.0,2,-0.022517610564591343
4861,273.75,-6.25,6.25,0.0,2,-0.014455295880979102
4862,276.25,-6.25,6.25,0.0,2,-0.03251624146203847
4863,278.75,-6.25,6.25,0.0,2,-0.055545362777922505
4864,281.25,-6.25,6.25,1.0,0,-0.10769522265850617
4865,283.75,-6.25,6.25,1.0,0,-0.0009527502718467755
4866,286.25,-6.25,6.25,1.0,0,0.12962347138666586
4867,288.75,-6.25,6.25,1.0,0,0.03559253325775925
4868,291.25,-6.25,6.25,1.0,0,-0.02500712934438125
4869,293.75,-6.25,6.25,1.0,0,-0.07755500647441384
4870,296.25,-6.25,6.25,1.0,0,0.08464131314089086
4871,298.75,-6.25,6.25,1.0,0,0.06009154513254995
4872,301.25,-6.25,6.25,1.0,0,-0.018299834966443225
4873,303.75,-6.25,6.25,1.0,0,0.08584014400610296
4874,306.25,-6.25,6.25,1.0,0,0.1319248806919636
4875,308.75,-6.25,6.25,1.0,0,0.10696183505003957
4876,311.25,-6.25,6.25,1.0,0,0.21116870454589506
4877,313.75,-6.25,6.25,1.0,0,0.19106755858138352
4878,316.25,-6.25,6.25,1.0,0,0.21635815896722002
4879,318.75,-6.25,6.25,1.0,0,0.16280547415793512
4880,321.25,-6.25,6.25,1.0,0,0.06436931362949247
4881,323.75,-6.25,6.25,0.0,1,0.0960069304258449
4882,326.25,-6.25,6.25,0.0,1,-0.32202587839710295
4883,328.75,-6.25,6.25,0.0,1,-0.36793678788761397
4884,331.25,-6.25,6.25,0.0,1,-0.34574557075060186
4885,333.75,-6.25,6.25,0.0,1,-0.285714850536832
4886,336.25,-6.25,6.25,0.0,1,-0.28949325595064157
4887,338.75,-6.25,6.25,0.0,1,-0.2990132488720036
4888,341.25,-6.25,6.25,0.0,1,-0.2846833431539789
4889,343.75,-6.25,6.25,0.0,1,-0.23676890665705752
4890,346.25,-6.25,6.25,0.0,1,-0.1740114305372412
4891,348.75,-6.25,6.25,0.0,1,-0.12601738636485904
4892,351.25,-6.25,6.25,0.0,1,-0.08498726499386176
4893,353.75,-6.25,6.25,0.0,1,-0.03894584291442832
4894,356.25,-6.25,6.25,0.0,1,-0.014685073614533674
4895,358.75,-6.25,6.25,0.0,1,0.04795640531078658
4896,1.25,-3.75,3.75,0.0,1,0.23644653473321633
4897,3.75,-3.75,3.75,0.0,1,0.34028474207521386
4898,6.25,-3.75,3.75,0.0,1,0.41852875631135383
4899,8.75,-3.75,3.75,0.0,1,0.4502416139642553
4900,11.25,-3.75,3.75,0.0,1,0.5760981536119151
4901,13.75,-3.75,3.75,1.0,0,0.6457045749269603
4902,16.25,-3.75,3.75,1.0,0,0.6616591678477493
4903,18.75,-3.75,3.75,1.0,0,0.5655605710701531
4904,21.25,-3.75,3.75,1.0,0,0.46811687841299654
4905,23.75,-3.75,3.75,1.0,0,0.3424763287992806
4906,26.25,-3.75,3.75,1.0,0,0.2119881322554022
4907,28.75,-3.75,3.75,1.0,0,0.04051312707732718
4908,31.25,-3.75,3.75,1.0,0,0.004902578154147456
4909,33.75,-3.75,3.75,1.0,0,-0.11955989312553522
4910,36.25,-3.75,3.75,1.0,0,-0.12629876393479086
4911,38.75,-3.75,3.75,0.0,3,-0.044887008821243156
4912,41.25,-3.75,3.75,0.0,3,-0.0005708051980699721
4913,43.75,-3.75,3.75,0.0,3,0.16510924777793778
4914,46.25,-3.75,3.75,0.0,3,0.16065131084964285
4915,48.75,-3.75,3.75,0.0,3,0.13561358943749413
4916,51.25,-3.75,3.75,0.0,3,0.10423278215281696
4917,53.75,-3.75,3.75,0.0,3,0.09297314769903936
4918,56.25,-3.75,3.75,0.0,3,0.0877839954133913
4919,58.75,-3.75,3.75,0.0,3,0.16103716147077834
4920,61.25,-3.75,3.75,0.0,3,0.19015309602602817
4921,63.75,-3.75,3.75,0.0,3,0.19395878376594114
4922,66.25,-3.75,3.75,0.0,3,0.14960406492739572
4923,68.75,-3.75,3.75,0.0,3,0.10664597773410936
4924,71.25,-3.75,3.75,0.0,3,0.07482795851536912
4925,73.75,-3.75,3.75,0.0,3,0.09136455151396175
4926,76.25,-3.75,3.75,0.0,3,0.1196226957938261
4927,78.75,-3.75,3.75,0.0,3,0.13711416116577752
4928,81.25,-3.75,3.75,0.0,3,0.16336890556287348
4929,83.75,-3.75,3.75,0.0,3,0.1127436964644488
4930,86.25,-3.75,3.75,0.0,3,0.1381322571967063
4931,88.75,-3.75,3.75,0.0,3,0.11516219490864844
4932,91.25,-3.75,3.75,0.0,3,0.015382217388278281
4933,93.75,-3.75,3.75,0.0,3,-0.07006455877905013
4934,96.25,-3.75,3.75,0.0,3,-0.1692401700281386
4935,98.75,-3.75,3.75,0.0,3,-0.30458104055297763
4936,101.25,-3.75,3.75,0.0,3,-0.20756039023557796
4937,103.75,-3.75,3.75,0.0,3,0.06746899905362296
4938,106.25,-3.75,3.75,0.0,3,-0.012451578463604528
4939,108.75,-3.75,3.75,0.0,3,-0.0084711542864413
4940,111.25,-3.75,3.75,0.0,3,0.14631369647898818
4941,113.75,-3.75,3.75,0.0,3,0.1691804766789824
4942,116.25,-3.75,3.75,0.0,3,-0.06570543731462145
4943,118.75,-3.75,3.75,0.0,3,0.039156081015818855
4944,121.25,-3.75,3.75,0.0,2,0.2754192157763117
4945,123.75,-3.75,3.75,0.0,2,-0.008464842360350123
4946,126.25,-3.75,3.75,0.0,2,-0.020760202775480567
4947,128.75,-3.75,3.75,0.0,2,0.04852326804789014
4948,131.25,-3.75,3.75,0.0,2,-0.07946886503639362
4949,133.75,-3.75,3.75,0.0,2,0.3635849065763255
4950,136.25,-3.75,3.75,1.0,0,0.43743692244235954
4951,138.75,-3.75,3.75,0.0,2,0.2514178797504516
4952,141.25,-3.75,3.75,0.0,2,0.15278525171136262
4953,143.75,-3.75,3.75,0.0,2,0.29071869120916083
4954,146.25,-3.75,3.75,0.0,2,0.4670245942060127
4955,148.75,-3.75,3.75,0.0,2,0.3364970364537369
4956,151.25,-3.75,3.75,0.0,2,0.07171801395355752
4957,153.75,-3.75,3.75,0.0,2,-0.06923772177391938
4958,156.25,-3.75,3.75,0.0,2,-0.03721668232814245
4959,158.75,-3.75,3.75,0.0,2,-0.08813708781967414
4960,161.25,-3.75,3.75,0.0,2,-0.13959141975077557
4961,163.75,-3.75,3.75,0.0,2,-0.20283326763255619
4962,166.25,-3.75,3.75,0.0,2,-0.24681624396836102
4963,168.75,-3.75,3.75,0.0,2,-0.2196427196768186
4964,171.25,-3.75,3.75,0.0,2,-0.2297379379911041
4965,173.75,-3.75,3.75,0.0,2,-0.21462896517830998
4966,176.25,-3.75,3.75,0.0,2,-0.1825317832228015
4967,178.75,-3.75,3.75,0.0,2,-0.17802407568338977
4968,181.25,-3.75,3.75,0.0,2,-0.15904612491351902
4969,183.75,-3.75,3.75,0.0,2,-0.14711514342164436
4970,186.25,-3.75,3.75,0.0,2,-0.11953324116254666
4971,188.75,-3.75,3.75,0.0,2,-0.09232138919959786
4972,191.25,-3.75,3.75,0.0,2,-0.08384449733583173
4973,193.75,-3.75,3.75,0.0,2,-0.06435643697626142
4974,196.25,-3.75,3.75,0.0,2,-0.041909159486982234
4975,198.75,-3.75,3.75,0.0,2,-0.025287620627601558
4976,201.25,-3.75,3.75,0.0,2,-0.018199700684810916
4977,203.75,-3.75,3.75,0.0,2,-0.009181613522678258
4978,206.25,-3.75,3.75,0.0,2,0.01679496575990694
4979,208.75,-3.75,3.75,0.0,2,0.02804061656426017
4980,211.25,-3.75,3.75,0.0,2,0.03723670694738954
4981,213.75,-3.75,3.75,0.0,2,0.05691360704555182
4982,216.25,-3.75,3.75,0.0,2,0.05693617427011017
4983,218.75,-3.75,3.75,0.0,2,0.07119092737266795
4984,221.25,-3.75,3.75,0.0,2,0.06763786380929275
4985,223.75,-3.75,3.75,0.0,2,0.0749554537897972
4986,226.25,-3.75,3.75,0.0,2,0.07363566891847563
4987,228.75,-3.75,3.75,0.0,2,0.07105696934211009
4988,231.25,-3.75,3.75,0.0,2,0.06548131736723686
4989,233.75,-3.75,3.75,0.0,2,0.05539236878501489
4990,236.25,-3.75,3.75,0.0,2,0.05858341622111157
4991,238.75,-3.75,3.75,0.0,2,0.04343488343723481
4992,241.25,-3.75,3.75,0.0,2,0.05434509225681969
4993,243.75,-3.75,3.75,0.0,2,0.03531058983414373
4994,246.25,-3.75,3.75,0.0,2,0.03190231402830205
4995,248.75,-3.75,3.75,0.0,2,0.0367006944724231
4996,251.25,-3.75,3.75,0.0,2,0.016926620802466
4997,253.75,-3.75,3.75,0.0,2,0.019645144565059367
4998,256.25,-3.75,3.75,0.0,2,0.013000716101978815
4999,258.75,-3.75,3.75,0.0,2,0.012748686706794446
5000,261.25,-3.75,3.75,0.0,2,0.018704402594360448
5001,263.75,-3.75,3.75,0.0,2,0.006626699286991327
5002,266.25,-3.75,3.75,0.0,2,0.02171149461897034
5003,268.75,-3.75,3.75,0.0,2,0.024834677103648714
5004,271.25,-3.75,3.75,0.0,2,0.011218361868152754
5005,273.75,-3.75,3.75,0.0,2,-0.0033991249750522693
5006,276.25,-3.75,3.75,0.0,2,-0.027529169536289207
5007,278.75,-3.75,3.75,0.0,2,0.0032816115933590336
5008,281.25,-3.75,3.75,1.0,0,-0.033727239131495286
5009,283.75,-3.75,3.75,1.0,0,0.17844672784441387
5010,286.25,-3.75,3.75,1.0,0,0.2172349577080886
5011,288.75,-3.75,3.75,1.0,0,0.02288539260807264
5012,291.25,-3.75,3.75,1.0,0,0.12651268094782886
5013,293.75,-3.75,3.75,1.0,0,0.14891944776443017
5014,296.25,-3.75,3.75,1.0,0,0.18740305852969122
5015,298.75,-3.75,3.75,1.0,0,-0.02361861621631384
5016,301.25,-3.75,3.75,1.0,0,-0.03236953256416692
5017,303.75,-3.75,3.75,1.0,0,0.04033066490658974
5018,306.25,-3.75,3.75,1.0,0,0.0003092071021865841
5019,308.75,-3.75,3.75,1.0,0,-0.055254980355293075
5020,311.25,-3.75,3.75,1.0,0,0.037671913190073354
5021,313.75,-3.75,3.75,1.0,0,0.15535865339627158
5022,316.25,-3.75,3.75,1.0,0,0.049043333063678404
5023,318.75,-3.75,3.75,0.0,1,0.04499455603292333
5024,321.25,-3.75,3.75,0.0,1,0.08349816195934773
5025,323.75,-3.75,3.75,0.0,1,-0.17535955304436585
5026,326.25,-3.75,3.75,0.0,1,-0.24232776642858325
5027,328.75,-3.75,3.75,0.0,1,-0.21498202632955746
5028,331.25,-3.75,3.75,0.0,1,-0.16738561793028556
5029,333.75,-3.75,3.75,0.0,1,-0.1450711771335259
5030,336.25,-3.75,3.75,0.0,1,-0.13705648634309364
5031,338.75,-3.75,3.75,0.0,1,-0.11264545957495498
5032,341.25,-3.75,3.75,0.0,1,-0.07541417858578756
5033,343.75,-3.75,3.75,0.0,1,0.018773523849908116
5034,346.25,-3.75,3.75,0.0,1,0.05824178375106513
5035,348.75,-3.75,3.75,0.0,1,0.1181397640815438
5036,351.25,-3.75,3.75,0.0,1,0.23230932674706845
5037,353.75,-3.75,3.75,0.0,1,0.28377727209225667
5038,356.25,-3.75,3.75,0.0,1,0.2765424706790297
5039,358.75,-3.75,3.75,0.0,1,0.32187406277952924
5040,1.25,-1.25,1.25,0.0,1,0.40108502013353636
5041,3.75,-1.25,1.25,0.0,1,0.47829839978618394
5042,6.25,-1.25,1.25,0.0,1,0.4218728377176592
5043,8.75,-1.25,1.25,0.0,1,0.36810752782861916
5044,11.25,-1.25,1.25,1.0,0,0.6035534021979351
5045,13.75,-1.25,1.25,1.0,0,0.616686894792737
5046,16.25,-1.25,1.25,1.0,0,0.6947340389881606
5047,18.75,-1.25,1.25,1.0,0,0.5605498310745366
5048,21.25,-1.25,1.25,1.0,0,0.40486216901222444
5049,23.75,-1.25,1.25,1.0,0,0.2985553920979331
5050,26.25,-1.25,1.25,1.0,0,0.21456566968915772
5051,28.75,-1.25,1.25,1.0,0,0.09432001718236108
5052,31.25,-1.25,1.25,1.0,0,0.0331362866877635
5053,33.75,-1.25,1.25,1.0,0,-0.0093420704303342
5054,36.25,-1.25,1.25,1.0,0,-0.03244430759741253
5055,38.75,-1.25,1.25,1.0,0,-0.03174523288200239
5056,41.25,-1.25,1.25,0.0,3,0.018351209438352566
5057,43.75,-1.25,1.25,0.0,3,0.12187434405721705
5058,46.25,-1.25,1.25,0.0,3,0.15169072489398663
5059,48.75,-1.25,1.25,0.0,3,0.15584535455189344
5060,51.25,-1.25,1.25,0.0,3,0.09898297540352957
5061,53.75,-1.25,1.25,0.0,3,0.06006453751092696
5062,56.25,-1.25,1.25,0.0,3,0.10307241673020401
5063,58.75,-1.25,1.25,0.0,3,0.14962480226966196
5064,61.25,-1.25,1.25,0.0,3,0.17916398151431798
5065,63.75,-1.25,1.25,0.0,3,0.2059653582935363
5066,66.25,-1.25,1.25,0.0,3,0.17309789729336109
5067,68.75,-1.25,1.25,0.0,3,0.1578606510024466
5068,71.25,-1.25,1.25,0.0,3,0.13992560063202883
5069,73.75,-1.25,1.25,0.0,3,0.1740521300498608
5070,76.25,-1.25,1.25,0.0,3,0.18134611564618602
5071,78.75,-1.25,1.25,0.0,3,0.15612010468999568
5072,81.25,-1.25,1.25,0.0,3,0.17056833808793528
5073,83.75,-1.25,1.25,0.0,3,0.13091642057341643
5074,86.25,-1.25,1.25,0.0,3,0.14786956839812784
5075,88.75,-1.25,1.25,0.0,3,0.09051738948346019
5076,91.25,-1.25,1.25,0.0,3,0.0041065145855800605
5077,93.75,-1.25,1.25,0.0,3,0.017182086914161607
5078,96.25,-1.25,1.25,0.0,3,-0.022929279056962192
5079,98.75,-1.25,1.25,0.0,3,-0.0562590842595206
5080,101.25,-1.25,1.25,1.0,0,0.4346401712357011
5081,103.75,-1.25,1.25,0.0,3,0.37739154985857315
5082,106.25,-1.25,1.25,0.0,3,-0.012519639467448385
5083,108.75,-1.25,1.25,0.0,3,0.2675667094328026
5084,111.25,-1.25,1.25,1.0,0,0.4373696215598488
5085,113.75,-1.25,1.25,1.0,0,0.2212284351426865
5086,116.25,-1.25,1.25,1.0,0,0.26514149987809726
5087,118.75,-1.25,1.25,0.0,3,0.09173799677625746
5088,121.25,-1.25,1.25,0.0,2,0.39363327101750156
5089,123.75,-1.25,1.25,0.0,2,0.20336587580010632
5090,126.25,-1.25,1.25,0.0,2,0.1895830851552155
5091,128.75,-1.25,1.25,0.0,2,0.2149147956387357
5092,131.25,-1.25,1.25,0.0,2,0.12524307720325906
5093,133.75,-1.25,1.25,0.0,2,0.13952683318513362
5094,136.25,-1.25,1.25,0.0,2,0.23742712040470462
5095,138.75,-1.25,1.25,0.0,2,0.2619310718467704
5096,141.25,-1.25,1.25,0.0,2,0.2267702658739249
5097,143.75,-1.25,1.25,0.0,2,0.1332195795884921
5098,146.25,-1.25,1.25,0.0,2,0.1746945952373107
5099,148.75,-1.25,1.25,0.0,2,0.09905276185790073
5100,151.25,-1.25,1.25,0.0,2,-0.09405187684748409
5101,153.75,-1.25,1.25,0.0,2,-0.14277678392127313
5102,156.25,-1.25,1.25,0.0,2,-0.20682117244977286
5103,158.75,-1.25,1.25,0.0,2,-0.2604628545649579
5104,161.25,-1.25,1.25,0.0,2,-0.28672995451030675
5105,163.75,-1.25,1.25,0.0,2,-0.3078403152094614
5106,166.25,-1.25,1.25,0.0,2,-0.305434136919512
5107,168.75,-1.25,1.25,0.0,2,-0.28411212300724875
5108,171.25,-1.25,1.25,0.0,2,-0.25599774980174095
5109,173.75,-1.25,1.25,0.0,2,-0.22594245851462452
5110,176.25,-1.25,1.25,0.0,2,-0.19766410984368107
5111,178.75,-1.25,1.25,0.0,2,-0.16224344981805042
5112,181.25,-1.25,1.25,0.0,2,-0.12006276826689354
5113,183.75,-1.25,1.25,0.0,2,-0.08611679460114607
5114,186.25,-1.25,1.25,0.0,2,-0.04901901011734465
5115,188.75,-1.25,1.25,0.0,2,-0.027515245297301625
5116,191.25,-1.25,1.25,0.0,2,-0.015876994211543368
5117,193.75,-1.25,1.25,0.0,2,-0.008807674318918334
5118,196.25,-1.25,1.25,0.0,2,-0.002876151953186184
5119,198.75,-1.25,1.25,0.0,2,-0.0030589537431220688
5120,201.25,-1.25,1.25,0.0,2,0.0001451815424048712
5121,203.75,-1.25,1.25,0.0,2,0.00425811247699859
5122,206.25,-1.25,1.25,0.0,2,0.009970257239875166
5123,208.75,-1.25,1.25,0.0,2,0.015114695255202997
5124,211.25,-1.25,1.25,0.0,2,0.02092530819221389
5125,213.75,-1.25,1.25,0.0,2,0.0204218390832551
5126,216.25,-1.25,1.25,0.0,2,0.02275060230340067
5127,218.75,-1.25,1.25,0.0,2,0.027641117495922563
5128,221.25,-1.25,1.25,0.0,2,0.02095233134681498
5129,223.75,-1.25,1.25,0.0,2,0.0264634600700965
5130,226.25,-1.25,1.25,0.0,2,0.02318786863657234
5131,228.75,-1.25,1.25,0.0,2,0.020527353733435342
5132,231.25,-1.25,1.25,0.0,2,0.016219324820673696
5133,233.75,-1.25,1.25,0.0,2,0.006885736426344255
5134,236.25,-1.25,1.25,0.0,2,0.013260308391574199
5135,238.75,-1.25,1.25,0.0,2,0.003928212348949221
5136,241.25,-1.25,1.25,0.0,2,0.003668483213289317
5137,243.75,-1.25,1.25,0.0,2,-0.0018046387581897472
5138,246.25,-1.25,1.25,0.0,2,-0.008255166204925037
5139,248.75,-1.25,1.25,0.0,2,-0.005411559254242512
5140,251.25,-1.25,1.25,0.0,2,-0.013991532575028675
5141,253.75,-1.25,1.25,0.0,2,-0.007625503909963126
5142,256.25,-1.25,1.25,0.0,2,0.0069107691399005935
5143,258.75,-1.25,1.25,0.0,2,0.012697604679092925
5144,261.25,-1.25,1.25,0.0,2,0.020287863025597097
5145,263.75,-1.25,1.25,0.0,2,0.028627759425563143
5146,266.25,-1.25,1.25,0.0,2,0.05521154454566095
5147,268.75,-1.25,1.25,0.0,2,0.06448986007631284
5148,271.25,-1.25,1.25,0.0,2,0.04759673507963082
5149,273.75,-1.25,1.25,0.0,2,0.016123417948585794
5150,276.25,-1.25,1.25,0.0,2,-0.02783050030389613
5151,278.75,-1.25,1.25,0.0,2,-0.007352586587907889
5152,281.25,-1.25,1.25,1.0,0,0.062357961910422095
5153,283.75,-1.25,1.25,1.0,0,0.12396361137771558
5154,286.25,-1.25,1.25,1.0,0,0.3528134297919295
5155,288.75,-1.25,1.25,1.0,0,0.13895433444110816
5156,291.25,-1.25,1.25,1.0,0,0.27121350270418737
5157,293.75,-1.25,1.25,1.0,0,0.22554039590656616
5158,296.25,-1.25,1.25,1.0,0,-0.04242767641504835
5159,298.75,-1.25,1.25,1.0,0,-0.05937621297890263
5160,301.25,-1.25,1.25,1.0,0,-0.015307752067836721
5161,303.75,-1.25,1.25,1.0,0,0.036696587841710225
5162,306.25,-1.25,1.25,1.0,0,0.029273292863175995
5163,308.75,-1.25,1.25,1.0,0,-0.02325770295011307
5164,311.25,-1.25,1.25,0.0,1,-0.03511198502487774
5165,313.75,-1.25,1.25,0.0,1,-0.09391218707569567
5166,316.25,-1.25,1.25,0.0,1,-0.22672698569028696
5167,318.75,-1.25,1.25,0.0,1,-0.2047817242109884
5168,321.25,-1.25,1.25,0.0,1,-0.14226118788356099
5169,323.75,-1.25,1.25,0.0,1,-0.10097694367945766
5170,326.25,-1.25,1.25,0.0,1,-0.01628274719746125
5171,328.75,-1.25,1.25,0.0,1,0.006870865909917577
5172,331.25,-1.25,1.25,0.0,1,-0.014206783212708825
5173,333.75,-1.25,1.25,0.0,1,-0.05998931699773154
5174,336.25,-1.25,1.25,0.0,1,-0.05089832295508091
5175,338.75,-1.25,1.25,0.0,1,-0.05813860688820223
5176,341.25,-1.25,1.25,0.0,1,0.0038691348953331806
5177,343.75,-1.25,1.25,0.0,1,0.05566810865031084
5178,346.25,-1.25,1.25,0.0,1,0.05976205986266245
5179,348.75,-1.25,1.25,0.0,1,0.13551488167884157
5180,351.25,-1.25,1.25,0.0,1,0.2118751118751092
5181,353.75,-1.25,1.25,0.0,1,0.31264297636310234
5182,356.25,-1.25,1.25,0.0,1,0.3455178823005374
5183,358.75,-1.25,1.25,0.0,1,0.37119298184247057
5184,1.25,1.25,1.25,0.0,1,0.21968577202223782
5185,3.75,1.25,1.25,0.0,1,0.3296795121160944
5186,6.25,1.25,1.25,0.0,1,0.1770103625966106
5187,8.75,1.25,1.25,0.0,1,0.21219729658155767
5188,11.25,1.25,1.25,1.0,0,0.5472985841523758
5189,13.75,1.25,1.25,1.0,0,0.48283772762080557
5190,16.25,1.25,1.25,1.0,0,0.5091682491603315
5191,18.75,1.25,1.25,1.0,0,0.49807955307711993
5192,21.25,1.25,1.25,1.0,0,0.49769306842324923
5193,23.75,1.25,1.25,1.0,0,0.4948124652256843
5194,26.25,1.25,1.25,1.0,0,0.22056343545294535
5195,28.75,1.25,1.25,1.0,0,0.08132867592195749
5196,31.25,1.25,1.25,1.0,0,-0.02690206728836434
5197,33.75,1.25,1.25,1.0,0,-0.045966354988637825
5198,36.25,1.25,1.25,1.0,0,-0.056173638972326384
5199,38.75,1.25,1.25,1.0,0,-0.02276729608668618
5200,41.25,1.25,1.25,1.0,0,0.04165038484404878
5201,43.75,1.25,1.25,0.0,3,0.14553294094880356
5202,46.25,1.25,1.25,0.0,3,0.13348408772842135
5203,48.75,1.25,1.25,0.0,3,0.18383889655525246
5204,51.25,1.25,1.25,0.0,3,0.19064390991879565
5205,53.75,1.25,1.25,0.0,3,0.17867381451498035
5206,56.25,1.25,1.25,0.0,3,0.1742864961863613
5207,58.75,1.25,1.25,0.0,3,0.2105882161234452
5208,61.25,1.25,1.25,0.0,3,0.27603208130543994
5209,63.75,1.25,1.25,0.0,3,0.3089691934019438
5210,66.25,1.25,1.25,0.0,3,0.316671480528536
5211,68.75,1.25,1.25,0.0,3,0.38905853896522546
5212,71.25,1.25,1.25,0.0,3,0.30475958507797374
5213,73.75,1.25,1.25,0.0,3,0.33140951407679975
5214,76.25,1.25,1.25,0.0,3,0.33273147570279055
5215,78.75,1.25,1.25,0.0,3,0.2402820021851129
5216,81.25,1.25,1.25,0.0,3,0.2173455576040706
5217,83.75,1.25,1.25,0.0,3,0.13976382082196068
5218,86.25,1.25,1.25,0.0,3,0.14415687291568086
5219,88.75,1.25,1.25,0.0,3,0.11276444917221756
5220,91.25,1.25,1.25,0.0,3,0.09370257888399872
5221,93.75,1.25,1.25,0.0,3,-0.030833784796118698
5222,96.25,1.25,1.25,0.0,3,0.1427103920319688
5223,98.75,1.25,1.25,0.0,3,0.729757291016326
5224,101.25,1.25,1.25,1.0,0,0.5791530526206102
5225,103.75,1.25,1.25,0.0,3,0.48393203690819364
5226,106.25,1.25,1.25,0.0,3,0.0065890259983302415
5227,108.75,1.25,1.25,0.0,3,0.32354903951071184
5228,111.25,1.25,1.25,1.0,0,0.5665393027334055
5229,113.75,1.25,1.25,1.0,0,0.8607980314740452
5230,116.25,1.25,1.25,1.0,0,0.5354646398019667
5231,118.75,1.25,1.25,0.0,3,0.09147521219268731
5232,121.25,1.25,1.25,0.0,2,0.1742694288173764
5233,123.75,1.25,1.25,0.0,2,0.35940012341975547
5234,126.25,1.25,1.25,0.0,2,0.31283089425940075
5235,128.75,1.25,1.25,0.0,2,0.25154475545094057
5236,131.25,1.25,1.25,0.0,2,0.3213793040996381
5237,133.75,1.25,1.25,0.0,2,0.17896964304469376
5238,136.25,1.25,1.25,0.0,2,0.14278429945527266
5239,138.75,1.25,1.25,0.0,2,0.1588828166005554
5240,141.25,1.25,1.25,0.0,2,0.11032917092500931
5241,143.75,1.25,1.25,0.0,2,0.08337754489755064
5242,146.25,1.25,1.25,0.0,2,0.0544085510906644
5243,148.75,1.25,1.25,0.0,2,0.011053620256016944
5244,151.25,1.25,1.25,0.0,2,-0.07942482888820925
5245,153.75,1.25,1.25,0.0,2,-0.15525189228773054
5246,156.25,1.25,1.25,0.0,2,-0.24903122871426497
5247,158.75,1.25,1.25,0.0,2,-0.26821606917306556
5248,161.25,1.25,1.25,0.0,2,-0.3059467227763076
5249,163.75,1.25,1.25,0.0,2,-0.31030167331971376
5250,166.25,1.25,1.25,0.0,2,-0.2904179196181438
5251,168.75,1.25,1.25,0.0,2,-0.3138056400195935
5252,171.25,1.25,1.25,0.0,2,-0.26546405559651287
5253,173.75,1.25,1.25,0.0,2,-0.23133080031585898
5254,176.25,1.25,1.25,0.0,2,-0.19312342062125915
5255,178.75,1.25,1.25,0.0,2,-0.1326673935136975
5256,181.25,1.25,1.25,0.0,2,-0.09932197263510584
5257,183.75,1.25,1.25,0.0,2,-0.06525156566288087
5258,186.25,1.25,1.25,0.0,2,-0.04765707328589218
5259,188.75,1.25,1.25,0.0,2,-0.04020822677966591
5260,191.25,1.25,1.25,0.0,2,-0.020889554381121063
5261,193.75,1.25,1.25,0.0,2,-0.01176433388884987
5262,196.25,1.25,1.25,0.0,2,-0.006346879002411238
5263,198.75,1.25,1.25,0.0,2,-0.0051307684728270015
5264,201.25,1.25,1.25,0.0,2,0.0002881974799858373
5265,203.75,1.25,1.25,0.0,2,0.001798524004915748
5266,206.25,1.25,1.25,0.0,2,0.0018521146882024186
5267,208.75,1.25,1.25,0.0,2,0.004641881249449963
5268,211.25,1.25,1.25,0.0,2,0.0048680472776107455
5269,213.75,1.25,1.25,0.0,2,0.006658644083414572
5270,216.25,1.25,1.25,0.0,2,0.007601616396350892
5271,218.75,1.25,1.25,0.0,2,0.00785535581683469
5272,221.25,1.25,1.25,0.0,2,0.004212401694493277
5273,223.75,1.25,1.25,0.0,2,0.007599370441053657
5274,226.25,1.25,1.25,0.0,2,0.008472211872489512
5275,228.75,1.25,1.25,0.0,2,0.008330999750075584
5276,231.25,1.25,1.25,0.0,2,0.008461803613919761
5277,233.75,1.25,1.25,0.0,2,0.007025029731075731
5278,236.25,1.25,1.25,0.0,2,0.011148177017154415
5279,238.75,1.25,1.25,0.0,2,0.012988537801651365
5280,241.25,1.25,1.25,0.0,2,0.016552395610384827
5281,243.75,1.25,1.25,0.0,2,0.021847220092033822
5282,246.25,1.25,1.25,0.0,2,0.019093235510046207
5283,248.75,1.25,1.25,0.0,2,0.016886464789555578
5284,251.25,1.25,1.25,0.0,2,0.027723600098850967
5285,253.75,1.25,1.25,0.0,2,0.02101818675531226
5286,256.25,1.25,1.25,0.0,2,0.019035530544170787
5287,258.75,1.25,1.25,0.0,2,0.026856824218183695
5288,261.25,1.25,1.25,0.0,2,0.034428044529043564
5289,263.75,1.25,1.25,0.0,2,0.052808471935189207
5290,266.25,1.25,1.25,0.0,2,0.07189381139514692
5291,268.75,1.25,1.25,0.0,2,0.09361568966164525
5292,271.25,1.25,1.25,0.0,2,0.07885378335172832
5293,273.75,1.25,1.25,0.0,2,0.08575322866425038
5294,276.25,1.25,1.25,0.0,2,0.0460250149271683
5295,278.75,1.25,1.25,0.0,2,0.020494414018559233
5296,281.25,1.25,1.25,0.0,1,0.20635900827117748
5297,283.75,1.25,1.25,1.0,0,0.16573938135711735
5298,286.25,1.25,1.25,1.0,0,0.24769504518021518
5299,288.75,1.25,1.25,1.0,0,0.295881372550962
5300,291.25,1.25,1.25,1.0,0,0.25636985616724234
5301,293.75,1.25,1.25,1.0,0,0.24702810658713592
5302,296.25,1.25,1.25,1.0,0,0.07581486015819992
5303,298.75,1.25,1.25,1.0,0,0.048642277675701714
5304,301.25,1.25,1.25,1.0,0,0.17175618170388807
5305,303.75,1.25,1.25,1.0,0,0.08617735131238369
5306,306.25,1.25,1.25,1.0,0,0.06620098129293649
5307,308.75,1.25,1.25,0.0,1,0.09566543151810851
5308,311.25,1.25,1.25,0.0,1,-0.1809246356029736
5309,313.75,1.25,1.25,0.0,1,-0.2528712247988522
5310,316.25,1.25,1.25,0.0,1,-0.16095616041255567
5311,318.75,1.25,1.25,0.0,1,-0.14085632436979312
5312,321.25,1.25,1.25,0.0,1,-0.08024769048636643
5313,323.75,1.25,1.25,0.0,1,0.028480959012400848
5314,326.25,1.25,1.25,0.0,1,0.08675634858100834
5315,328.75,1.25,1.25,0.0,1,0.08531140139217341
5316,331.25,1.25,1.25,0.0,1,0.1020323604831545
5317,333.75,1.25,1.25,0.0,1,0.10407116631395778
5318,336.25,1.25,1.25,0.0,1,0.08505866230060427
5319,338.75,1.25,1.25,0.0,1,0.05016924455608884
5320,341.25,1.25,1.25,0.0,1,0.043966382284482894
5321,343.75,1.25,1.25,0.0,1,0.04767036277152511
5322,346.25,1.25,1.25,0.0,1,0.09634539103273886
5323,348.75,1.25,1.25,0.0,1,0.04082386782602446
5324,351.25,1.25,1.25,0.0,1,0.04447994652462105
5325,353.75,1.25,1.25,0.0,1,0.09434621697986695
5326,356.25,1.25,1.25,0.0,1,0.11424019816198659
5327,358.75,1.25,1.25,0.0,1,0.18549679259917654
5328,1.25,3.75,3.75,0.0,1,0.023794417980799752
5329,3.75,3.75,3.75,0.0,1,0.29244201019372984
5330,6.25,3.75,3.75,0.0,1,0.2768732633854179
5331,8.75,3.75,3.75,0.0,1,0.24842909546184647
5332,11.25,3.75,3.75,1.0,0,0.2470567509517228
5333,13.75,3.75,3.75,1.0,0,0.14135226867211892
5334,16.25,3.75,3.75,1.0,0,0.33684995500831383
5335,18.75,3.75,3.75,1.0,0,0.40244529664796413
5336,21.25,3.75,3.75,1.0,0,0.2868820313730754
5337,23.75,3.75,3.75,1.0,0,0.3199786750661407
5338,26.25,3.75,3.75,1.0,0,0.16941754359058436
5339,28.75,3.75,3.75,1.0,0,0.037733657982532746
5340,31.25,3.75,3.75,1.0,0,0.03190349260653265
5341,33.75,3.75,3.75,1.0,0,-0.04443191056193384
5342,36.25,3.75,3.75,1.0,0,-0.05992309474849366
5343,38.75,3.75,3.75,1.0,0,-0.05342293541345456
5344,41.25,3.75,3.75,1.0,0,0.009803833063926687
5345,43.75,3.75,3.75,1.0,0,0.08274061451138899
5346,46.25,3.75,3.75,1.0,0,0.07237454120985681
5347,48.75,3.75,3.75,0.0,3,0.1444564185898372
5348,51.25,3.75,3.75,0.0,3,0.20768920120954015
5349,53.75,3.75,3.75,0.0,3,0.2267818356297656
5350,56.25,3.75,3.75,0.0,3,0.21875535365612092
5351,58.75,3.75,3.75,0.0,3,0.2830021308160386
5352,61.25,3.75,3.75,0.0,3,0.365544317827316
5353,63.75,3.75,3.75,0.0,3,0.42352458188117115
5354,66.25,3.75,3.75,0.0,3,0.49857549400892653
5355,68.75,3.75,3.75,0.0,3,0.5663495435266405
5356,71.25,3.75,3.75,0.0,3,0.5933185253053737
5357,73.75,3.75,3.75,0.0,3,0.6417540774451969
5358,76.25,3.75,3.75,0.0,3,0.6207107872598641
5359,78.75,3.75,3.75,0.0,3,0.447147132631031
5360,81.25,3.75,3.75,0.0,3,0.40393924497789835
5361,83.75,3.75,3.75,0.0,3,0.3292571769387478
5362,86.25,3.75,3.75,0.0,3,0.2539120343625017
5363,88.75,3.75,3.75,0.0,3,0.1979155890820423
5364,91.25,3.75,3.75,0.0,3,0.18226300788683603
5365,93.75,3.75,3.75,0.0,3,-0.02195758081806013
5366,96.25,3.75,3.75,0.0,3,0.435575160265914
5367,98.75,3.75,3.75,0.0,3,0.41673786496004533
5368,101.25,3.75,3.75,1.0,0,0.6750124467437895
5369,103.75,3.75,3.75,0.0,3,0.4393850047958298
5370,106.25,3.75,3.75,0.0,3,0.12738678046122703
5371,108.75,3.75,3.75,0.0,3,0.34635630482168495
5372,111.25,3.75,3.75,0.0,3,0.3581722111764823
5373,113.75,3.75,3.75,0.0,3,0.7625626673918028
5374,116.25,3.75,3.75,1.0,0,0.6612007665385804
5375,118.75,3.75,3.75,0.0,3,0.2616203317205265
5376,121.25,3.75,3.75,0.0,2,0.19710554668452182
5377,123.75,3.75,3.75,0.0,2,0.27255995648158454
5378,126.25,3.75,3.75,0.0,2,0.3382759020142675
5379,128.75,3.75,3.75,0.0,2,0.328883043252065
5380,131.25,3.75,3.75,0.0,2,0.3442125800171992
5381,133.75,3.75,3.75,0.0,2,0.3835660640820354
5382,136.25,3.75,3.75,0.0,2,0.29248794068509465
5383,138.75,3.75,3.75,0.0,2,0.17499469431276093
5384,141.25,3.75,3.75,0.0,2,0.22969554591886937
5385,143.75,3.75,3.75,0.0,2,0.23775488923391108
5386,146.25,3.75,3.75,0.0,2,0.19256801795529926
5387,148.75,3.75,3.75,0.0,2,0.13142050391333604
5388,151.25,3.75,3.75,0.0,2,0.07036526931615403
5389,153.75,3.75,3.75,0.0,2,0.036900352007838366
5390,156.25,3.75,3.75,0.0,2,0.0025072801971783728
5391,158.75,3.75,3.75,0.0,2,0.0021499758930801395
5392,161.25,3.75,3.75,0.0,2,-0.0491990732116136
5393,163.75,3.75,3.75,0.0,2,-0.09279027461472919
5394,166.25,3.75,3.75,0.0,2,-0.06802321743651853
5395,168.75,3.75,3.75,0.0,2,-0.08804722966085557
5396,171.25,3.75,3.75,0.0,2,-0.04891163782651543
5397,173.75,3.75,3.75,0.0,2,-0.05294266802497234
5398,176.25,3.75,3.75,0.0,2,-0.042988655550523294
5399,178.75,3.75,3.75,0.0,2,0.03246957409336886
5400,181.25,3.75,3.75,0.0,2,0.03973417997293288
5401,183.75,3.75,3.75,0.0,2,0.04649988042316951
5402,186.25,3.75,3.75,0.0,2,0.05110697463400666
5403,188.75,3.75,3.75,0.0,2,0.03717688934836601
5404,191.25,3.75,3.75,0.0,2,0.06254945500078388
5405,193.75,3.75,3.75,0.0,2,0.06089817340344194
5406,196.25,3.75,3.75,0.0,2,0.07991384431480278
5407,198.75,3.75,3.75,0.0,2,0.09536040277171186
5408,201.25,3.75,3.75,0.0,2,0.08317674450425917
5409,203.75,3.75,3.75,0.0,2,0.09425308583130522
5410,206.25,3.75,3.75,0.0,2,0.0846532047659561
5411,208.75,3.75,3.75,0.0,2,0.07794365779261077
5412,211.25,3.75,3.75,0.0,2,0.08545359253602104
5413,213.75,3.75,3.75,0.0,2,0.07160311031171963
5414,216.25,3.75,3.75,0.0,2,0.07922794117251478
5415,218.75,3.75,3.75,0.0,2,0.08911980593916417
5416,221.25,3.75,3.75,0.0,2,0.0934785548822238
5417,223.75,3.75,3.75,0.0,2,0.09864898201103135
5418,226.25,3.75,3.75,0.0,2,0.09028723133401295
5419,228.75,3.75,3.75,0.0,2,0.0998054732768824
5420,231.25,3.75,3.75,0.0,2,0.10975019667583877
5421,233.75,3.75,3.75,0.0,2,0.12763369422251805
5422,236.25,3.75,3.75,0.0,2,0.12060373985062571
5423,238.75,3.75,3.75,0.0,2,0.14439993175829974
5424,241.25,3.75,3.75,0.0,2,0.16352029669910412
5425,243.75,3.75,3.75,0.0,2,0.1538607967535218
5426,246.25,3.75,3.75,0.0,2,0.17044375602205614
5427,248.75,3.75,3.75,0.0,2,0.16170838445215932
5428,251.25,3.75,3.75,0.0,2,0.1802620782194399
5429,253.75,3.75,3.75,0.0,2,0.16665688096710457
5430,256.25,3.75,3.75,0.0,2,0.16978729283407132
5431,258.75,3.75,3.75,0.0,2,0.1882650470168283
5432,261.25,3.75,3.75,0.0,2,0.20915582584422207
5433,263.75,3.75,3.75,0.0,2,0.2465277758948168
5434,266.25,3.75,3.75,0.0,2,0.25259151591175866
5435,268.75,3.75,3.75,0.0,2,0.3296166080222873
5436,271.25,3.75,3.75,0.0,2,0.31406462325010737
5437,273.75,3.75,3.75,0.0,2,0.30921708949896615
5438,276.25,3.75,3.75,0.0,2,0.29786138273405577
5439,278.75,3.75,3.75,0.0,2,0.1799702651951067
5440,281.25,3.75,3.75,0.0,1,0.2875489957279268
5441,283.75,3.75,3.75,0.0,1,0.3739219056736448
5442,286.25,3.75,3.75,1.0,0,0.0680186737669519
5443,288.75,3.75,3.75,1.0,0,0.16455415297444342
5444,291.25,3.75,3.75,1.0,0,0.4062352564484456
5445,293.75,3.75,3.75,1.0,0,0.1935553417083007
5446,296.25,3.75,3.75,1.0,0,0.017716001719803785
5447,298.75,3.75,3.75,1.0,0,-0.08269847031955867
5448,301.25,3.75,3.75,1.0,0,0.010460263991331958
5449,303.75,3.75,3.75,1.0,0,0.08500655407190498
5450,306.25,3.75,3.75,1.0,0,0.10220234385304935
5451,308.75,3.75,3.75,0.0,1,-0.06001196974563598
5452,311.25,3.75,3.75,0.0,1,-0.2879260956496539
5453,313.75,3.75,3.75,0.0,1,-0.1893776707824838
5454,316.25,3.75,3.75,0.0,1,-0.16190681285068648
5455,318.75,3.75,3.75,0.0,1,-0.22556367747256464
5456,321.25,3.75,3.75,0.0,1,-0.23576332618031215
5457,323.75,3.75,3.75,0.0,1,-0.1126397588593972
5458,326.25,3.75,3.75,0.0,1,0.023237188589120286
5459,328.75,3.75,3.75,0.0,1,0.15829291154418473
5460,331.25,3.75,3.75,0.0,1,0.2358461834435842
5461,333.75,3.75,3.75,0.0,1,0.2648276049630181
5462,336.25,3.75,3.75,0.0,1,0.323481303557625
5463,338.75,3.75,3.75,0.0,1,0.31711170831189184
5464,341.25,3.75,3.75,0.0,1,0.27149562239698305
5465,343.75,3.75,3.75,0.0,1,0.31897429147683276
5466,346.25,3.75,3.75,0.0,1,0.19919058955027721
5467,348.75,3.75,3.75,0.0,1,0.027725172832264965
5468,351.25,3.75,3.75,0.0,1,0.06068584286083607
5469,353.75,3.75,3.75,0.0,1,0.001918546842587054
5470,356.25,3.75,3.75,0.0,1,-0.021160886142113207
5471,358.75,3.75,3.75,0.0,1,-0.018055099279869185
5472,1.25,6.25,6.25,0.0,1,0.322082879111153
5473,3.75,6.25,6.25,0.0,1,0.5146645910637573
5474,6.25,6.25,6.25,1.0,0,0.5503488057343713
5475,8.75,6.25,6.25,1.0,0,0.44705567161111565
5476,11.25,6.25,6.25,1.0,0,0.21265420869687324
5477,13.75,6.25,6.25,1.0,0,0.10101807567617725
5478,16.25,6.25,6.25,1.0,0,0.25920293922731275
5479,18.75,6.25,6.25,1.0,0,0.3737727615112443
5480,21.25,6.25,6.25,1.0,0,0.24111341788477542
5481,23.75,6.25,6.25,1.0,0,0.17327125830185416
5482,26.25,6.25,6.25,1.0,0,0.21305766590310657
5483,28.75,6.25,6.25,1.0,0,0.1910466039316605
5484,31.25,6.25,6.25,1.0,0,0.03503159761121175
5485,33.75,6.25,6.25,1.0,0,-0.07091000074048127
5486,36.25,6.25,6.25,1.0,0,-0.03846261272360206
5487,38.75,6.25,6.25,1.0,0,-0.0786133922982705
5488,41.25,6.25,6.25,1.0,0,-0.03373839930902308
5489,43.75,6.25,6.25,1.0,0,0.011436594320076173
5490,46.25,6.25,6.25,1.0,0,0.017946844322890627
5491,48.75,6.25,6.25,0.0,3,0.047211322300170555
5492,51.25,6.25,6.25,0.0,3,0.12207265285731592
5493,53.75,6.25,6.25,0.0,3,0.19870876164387408
5494,56.25,6.25,6.25,0.0,3,0.20448677051694578
5495,58.75,6.25,6.25,0.0,3,0.1971473742842809
5496,61.25,6.25,6.25,0.0,3,0.25152415254469296
5497,63.75,6.25,6.25,0.0,3,0.3928372179086154
5498,66.25,6.25,6.25,0.0,3,0.5065016242326018
5499,68.75,6.25,6.25,0.0,3,0.4796306399326064
5500,71.25,6.25,6.25,0.0,3,0.642708718753737
5501,73.75,6.25,6.25,0.0,3,0.5140244539134767
5502,76.25,6.25,6.25,0.0,3,0.3402079040381276
5503,78.75,6.25,6.25,0.0,3,0.2681911127292355
5504,81.25,6.25,6.25,0.0,3,0.30237569004813325
5505,83.75,6.25,6.25,0.0,3,0.40410528332156115
5506,86.25,6.25,6.25,0.0,3,0.28536887080499673
5507,88.75,6.25,6.25,0.0,3,0.17018846731630238
5508,91.25,6.25,6.25,0.0,3,0.1544230031367486
5509,93.75,6.25,6.25,0.0,3,-0.015635764315873088
5510,96.25,6.25,6.25,0.0,3,0.09393941595880562
5511,98.75,6.25,6.25,0.0,3,0.36192593423457786
5512,101.25,6.25,6.25,0.0,3,0.63236296915912
5513,103.75,6.25,6.25,0.0,3,0.15246831515154954
5514,106.25,6.25,6.25,0.0,3,0.3429204471538398
5515,108.75,6.25,6.25,0.0,3,0.32799515716376243
5516,111.25,6.25,6.25,0.0,3,0.04606252264545295
5517,113.75,6.25,6.25,0.0,3,0.23770459150556505
5518,116.25,6.25,6.25,0.0,3,0.837610416056123
5519,118.75,6.25,6.25,0.0,3,0.1788258029074953
5520,121.25,6.25,6.25,0.0,2,0.33834871259367705
5521,123.75,6.25,6.25,0.0,2,0.33303605988590673
5522,126.25,6.25,6.25,0.0,2,0.2281062273527839
5523,128.75,6.25,6.25,0.0,2,0.31806884970068394
5524,131.25,6.25,6.25,0.0,2,0.2802577654490721
5525,133.75,6.25,6.25,0.0,2,0.2867516555631145
5526,136.25,6.25,6.25,0.0,2,0.32434631178734424
5527,138.75,6.25,6.25,0.0,2,0.2580934024030838
5528,141.25,6.25,6.25,0.0,2,0.2993753699343445
5529,143.75,6.25,6.25,0.0,2,0.2602339301765424
5530,146.25,6.25,6.25,0.0,2,0.20725803300380638
5531,148.75,6.25,6.25,0.0,2,0.21606074352972837
5532,151.25,6.25,6.25,0.0,2,0.2811925698867141
5533,153.75,6.25,6.25,0.0,2,0.29732805821371355
5534,156.25,6.25,6.25,0.0,2,0.2761303345916973
5535,158.75,6.25,6.25,0.0,2,0.2751835151054044
5536,161.25,6.25,6.25,0.0,2,0.30065871598661364
5537,163.75,6.25,6.25,0.0,2,0.32353227524755507
5538,166.25,6.25,6.25,0.0,2,0.3388704938171935
5539,168.75,6.25,6.25,0.0,2,0.3814425550513342
5540,171.25,6.25,6.25,0.0,2,0.41638679586720306
5541,173.75,6.25,6.25,0.0,2,0.4373449102649771
5542,176.25,6.25,6.25,0.0,2,0.4307553334765052
5543,178.75,6.25,6.25,0.0,2,0.4364754583530468
5544,181.25,6.25,6.25,0.0,2,0.4570993990739579
5545,183.75,6.25,6.25,0.0,2,0.42011226016430403
5546,186.25,6.25,6.25,0.0,2,0.38175107988448753
5547,188.75,6.25,6.25,0.0,2,0.32911781593017997
5548,191.25,6.25,6.25,0.0,2,0.33528792122434636
5549,193.75,6.25,6.25,0.0,2,0.33462606551866947
5550,196.25,6.25,6.25,0.0,2,0.3319817498640594
5551,198.75,6.25,6.25,0.0,2,0.3298744402964775
5552,201.25,6.25,6.25,0.0,2,0.28742371381215537
5553,203.75,6.25,6.25,0.0,2,0.3246518989152432
5554,206.25,6.25,6.25,0.0,2,0.3527843744943554
5555,208.75,6.25,6.25,0.0,2,0.321262529835353
5556,211.25,6.25,6.25,0.0,2,0.3422393301707937
5557,213.75,6.25,6.25,0.0,2,0.3446841066001644
5558,216.25,6.25,6.25,0.0,2,0.34285786133415613
5559,218.75,6.25,6.25,0.0,2,0.34872253052700347
5560,221.25,6.25,6.25,0.0,2,0.35356426960753434
5561,223.75,6.25,6.25,0.0,2,0.33663970019097844
5562,226.25,6.25,6.25,0.0,2,0.32135256853523214
5563,228.75,6.25,6.25,0.0,2,0.33541316112748926
5564,231.25,6.25,6.25,0.0,2,0.326887930470136
5565,233.75,6.25,6.25,0.0,2,0.3643003047446613
5566,236.25,6.25,6.25,0.0,2,0.3401955419301728
5567,238.75,6.25,6.25,0.0,2,0.365388454144215
5568,241.25,6.25,6.25,0.0,2,0.3861934230838156
5569,243.75,6.25,6.25,0.0,2,0.3680560516955559
5570,246.25,6.25,6.25,0.0,2,0.40762267201253066
5571,248.75,6.25,6.25,0.0,2,0.38836550961681987
5572,251.25,6.25,6.25,0.0,2,0.39986734439600913
5573,253.75,6.25,6.25,0.0,2,0.38841192043986555
5574,256.25,6.25,6.25,0.0,2,0.3917135425576494
5575,258.75,6.25,6.25,0.0,2,0.37446981543252317
5576,261.25,6.25,6.25,0.0,2,0.37823147945247304
5577,263.75,6.25,6.25,0.0,2,0.3863241911949679
5578,266.25,6.25,6.25,0.0,2,0.33622728013718806
5579,268.75,6.25,6.25,0.0,2,0.4020439699164389
5580,271.25,6.25,6.25,0.0,2,0.4213046316356314
5581,273.75,6.25,6.25,0.0,2,0.4073466718454561
5582,276.25,6.25,6.25,0.0,2,0.48330551531855
5583,278.75,6.25,6.25,0.0,2,0.36005661103432557
5584,281.25,6.25,6.25,0.0,1,0.32616691030541706
5585,283.75,6.25,6.25,0.0,1,0.4385177640787739
5586,286.25,6.25,6.25,1.0,0,0.15622767377978006
5587,288.75,6.25,6.25,1.0,0,0.024489061536062964
5588,291.25,6.25,6.25,1.0,0,0.38763449046632426
5589,293.75,6.25,6.25,1.0,0,0.1540299651108975
5590,296.25,6.25,6.25,1.0,0,-0.06376891563433586
5591,298.75,6.25,6.25,1.0,0,-0.16936204718548428
5592,301.25,6.25,6.25,1.0,0,-0.0071603653911194495
5593,303.75,6.25,6.25,0.0,1,-0.01048392494820909
5594,306.25,6.25,6.25,0.0,1,-0.08753337981297334
5595,308.75,6.25,6.25,0.0,1,-0.21866741422842811
5596,311.25,6.25,6.25,0.0,1,-0.2644644213891196
5597,313.75,6.25,6.25,0.0,1,-0.18585526888432535
5598,316.25,6.25,6.25,0.0,1,-0.20999505423105003
5599,318.75,6.25,6.25,0.0,1,-0.1480620906633392
5600,321.25,6.25,6.25,0.0,1,-0.04071443862685369
5601,323.75,6.25,6.25,0.0,1,0.08451804203276063
5602,326.25,6.25,6.25,0.0,1,0.2460398147425395
5603,328.75,6.25,6.25,0.0,1,0.34441064318265907
5604,331.25,6.25,6.25,0.0,1,0.4035277680955698
5605,333.75,6.25,6.25,0.0,1,0.4276134877702751
5606,336.25,6.25,6.25,0.0,1,0.49333675896907747
5607,338.75,6.25,6.25,0.0,1,0.543995034858909
5608,341.25,6.25,6.25,0.0,1,0.5391244469676807
5609,343.75,6.25,6.25,0.0,1,0.5366659931973822
5610,346.25,6.25,6.25,0.0,1,0.35718981141395
5611,348.75,6.25,6.25,0.0,1,0.23662304344909305
5612,351.25,6.25,6.25,1.0,0,0.23895255433269405
5613,353.75,6.25,6.25,1.0,0,0.26034171128778133
5614,356.25,6.25,6.25,1.0,0,0.25696800709204076
5615,358.75,6.25,6.25,0.0,1,0.17650998649016508
5616,1.25,8.75,8.75,1.0,0,0.6205961258413322
5617,3.75,8.75,8.75,1.0,0,0.5290153055668644
5618,6.25,8.75,8.75,1.0,0,0.5936987669820178
5619,8.75,8.75,8.75,1.0,0,0.44545753794426673
5620,11.25,8.75,8.75,1.0,0,0.3768338562199846
5621,13.75,8.75,8.75,1.0,0,0.4656547726539131
5622,16.25,8.75,8.75,1.0,0,0.46934703810394846
5623,18.75,8.75,8.75,1.0,0,0.534573927324929
5624,21.25,8.75,8.75,1.0,0,0.4275605910353967
5625,23.75,8.75,8.75,1.0,0,0.2520997398850191
5626,26.25,8.75,8.75,1.0,0,0.2722975831812544
5627,28.75,8.75,8.75,1.0,0,0.38360077054869085
5628,31.25,8.75,8.75,1.0,0,0.28685444699117274
5629,33.75,8.75,8.75,1.0,0,0.1346392940336803
5630,36.25,8.75,8.75,1.0,0,0.11174321184105822
5631,38.75,8.75,8.75,1.0,0,0.00424354312601912
5632,41.25,8.75,8.75,1.0,0,-0.01108806693832129
5633,43.75,8.75,8.75,1.0,0,-0.0066000323564101475
5634,46.25,8.75,8.75,1.0,0,0.004637070415148452
5635,48.75,8.75,8.75,0.0,3,0.015296339025897967
5636,51.25,8.75,8.75,0.0,3,0.06864935618701182
5637,53.75,8.75,8.75,0.0,3,0.08283713418561182
5638,56.25,8.75,8.75,0.0,3,0.06069645255112616
5639,58.75,8.75,8.75,0.0,3,0.11721282190946869
5640,61.25,8.75,8.75,0.0,3,0.20189537444262726
5641,63.75,8.75,8.75,0.0,3,0.27281179775063574
5642,66.25,8.75,8.75,0.0,3,0.28134803245428225
5643,68.75,8.75,8.75,0.0,3,0.18667938917517413
5644,71.25,8.75,8.75,0.0,3,0.3640952242352968
5645,73.75,8.75,8.75,0.0,3,0.19792668960847282
5646,76.25,8.75,8.75,0.0,3,0.16681105346915737
5647,78.75,8.75,8.75,0.0,3,0.10098040635291379
5648,81.25,8.75,8.75,0.0,3,0.23257081091461512
5649,83.75,8.75,8.75,0.0,3,0.30065590943867176
5650,86.25,8.75,8.75,0.0,3,0.09277841605887682
5651,88.75,8.75,8.75,0.0,3,0.04683617128234381
5652,91.25,8.75,8.75,0.0,3,-0.012940114908541514
5653,93.75,8.75,8.75,0.0,3,-0.1692358545384028
5654,96.25,8.75,8.75,0.0,3,-0.2553582045228835
5655,98.75,8.75,8.75,0.0,3,-0.04655521299191519
5656,101.25,8.75,8.75,0.0,3,0.0050632674882420915
5657,103.75,8.75,8.75,0.0,3,0.35176157696798066
5658,106.25,8.75,8.75,0.0,3,0.37869824140802033
5659,108.75,8.75,8.75,0.0,3,0.07940372690615584
5660,111.25,8.75,8.75,0.0,3,0.1225188636721155
5661,113.75,8.75,8.75,0.0,3,0.3030631408761274
5662,116.25,8.75,8.75,0.0,3,0.16431695823572215
5663,118.75,8.75,8.75,0.0,3,0.19209671494703093
5664,121.25,8.75,8.75,0.0,2,0.43729124683338916
5665,123.75,8.75,8.75,0.0,2,0.27253317029353163
5666,126.25,8.75,8.75,0.0,2,0.061111183946139805
5667,128.75,8.75,8.75,0.0,2,0.29932193781662597
5668,131.25,8.75,8.75,0.0,2,0.3714773838262858
5669,133.75,8.75,8.75,0.0,2,0.26113149819766834
5670,136.25,8.75,8.75,0.0,2,0.27635674112150715
5671,138.75,8.75,8.75,0.0,2,0.2971411951010596
5672,141.25,8.75,8.75,0.0,2,0.31339681690360294
5673,143.75,8.75,8.75,0.0,2,0.3440652624929384
5674,146.25,8.75,8.75,0.0,2,0.38850926703814426
5675,148.75,8.75,8.75,0.0,2,0.4412863132736392
5676,151.25,8.75,8.75,0.0,2,0.5051647307402581
5677,153.75,8.75,8.75,0.0,2,0.4982238996187681
5678,156.25,8.75,8.75,0.0,2,0.5181189818228707
5679,158.75,8.75,8.75,0.0,2,0.5023001489356791
5680,161.25,8.75,8.75,0.0,2,0.5622265364402615
5681,163.75,8.75,8.75,0.0,2,0.6379888420475158
5682,166.25,8.75,8.75,0.0,2,0.6132652577907103
5683,168.75,8.75,8.75,0.0,2,0.7061861088817453
5684,171.25,8.75,8.75,0.0,2,0.7053759427751345
5685,173.75,8.75,8.75,0.0,2,0.6729461804004813
5686,176.25,8.75,8.75,0.0,2,0.7134234002685247
5687,178.75,8.75,8.75,0.0,2,0.6227280032578024
5688,181.25,8.75,8.75,0.0,2,0.6284301227578513
5689,183.75,8.75,8.75,0.0,2,0.533286327513148
5690,186.25,8.75,8.75,0.0,2,0.481761268517353
5691,188.75,8.75,8.75,0.0,2,0.4974308912058857
5692,191.25,8.75,8.75,0.0,2,0.3838709829250868
5693,193.75,8.75,8.75,0.0,2,0.3918468619891858
5694,196.25,8.75,8.75,0.0,2,0.35867904078002316
5695,198.75,8.75,8.75,0.0,2,0.33774492419630886
5696,201.25,8.75,8.75,0.0,2,0.3604347356031447
5697,203.75,8.75,8.75,0.0,2,0.3171809894648857
5698,206.25,8.75,8.75,0.0,2,0.3854622267927108
5699,208.75,8.75,8.75,0.0,2,0.4353051769786136
5700,211.25,8.75,8.75,0.0,2,0.46710503567258255
5701,213.75,8.75,8.75,0.0,2,0.5103865846646038
5702,216.25,8.75,8.75,0.0,2,0.5417770862280166
5703,218.75,8.75,8.75,0.0,2,0.588176155433344
5704,221.25,8.75,8.75,0.0,2,0.554238999264799
5705,223.75,8.75,8.75,0.0,2,0.5168645177205915
5706,226.25,8.75,8.75,0.0,2,0.5010373336481588
5707,228.75,8.75,8.75,0.0,2,0.4507466965342633
5708,231.25,8.75,8.75,0.0,2,0.40478511548483925
5709,233.75,8.75,8.75,0.0,2,0.43832741036391704
5710,236.25,8.75,8.75,0.0,2,0.432758406567114
5711,238.75,8.75,8.75,0.0,2,0.35723113416483687
5712,241.25,8.75,8.75,0.0,2,0.3477590347513692
5713,243.75,8.75,8.75,0.0,2,0.37201741457919935
5714,246.25,8.75,8.75,0.0,2,0.3499355084410218
5715,248.75,8.75,8.75,0.0,2,0.35866592529504326
5716,251.25,8.75,8.75,0.0,2,0.3736664501281347
5717,253.75,8.75,8.75,0.0,2,0.2944402958527942
5718,256.25,8.75,8.75,0.0,2,0.259966703992654
5719,258.75,8.75,8.75,0.0,2,0.250423667698581
5720,261.25,8.75,8.75,0.0,2,0.22340677435116074
5721,263.75,8.75,8.75,0.0,2,0.21164880024712382
5722,266.25,8.75,8.75,0.0,2,0.12444363677828736
5723,268.75,8.75,8.75,0.0,2,0.16032184848203718
5724,271.25,8.75,8.75,0.0,2,0.31778980901067344
5725,273.75,8.75,8.75,0.0,2,0.2970638914377599
5726,276.25,8.75,8.75,0.0,2,0.3083960816772626
5727,278.75,8.75,8.75,0.0,2,0.47958534633759864
5728,281.25,8.75,8.75,0.0,1,0.4650141276044272
5729,283.75,8.75,8.75,0.0,1,0.24302197024673022
5730,286.25,8.75,8.75,1.0,0,0.21107654431296582
5731,288.75,8.75,8.75,1.0,0,-0.09244970001323594
5732,291.25,8.75,8.75,1.0,0,0.11613160288797454
5733,293.75,8.75,8.75,1.0,0,0.24843253392549736
5734,296.25,8.75,8.75,1.0,0,0.14864456552423272
5735,298.75,8.75,8.75,0.0,1,0.025692038269743592
5736,301.25,8.75,8.75,0.0,1,-0.045909514943232345
5737,303.75,8.75,8.75,0.0,1,-0.07363823633944133
5738,306.25,8.75,8.75,0.0,1,-0.240655827415415
5739,308.75,8.75,8.75,0.0,1,-0.2776703009254079
5740,311.25,8.75,8.75,0.0,1,-0.1626096001198234
5741,313.75,8.75,8.75,0.0,1,0.00447766858397851
5742,316.25,8.75,8.75,0.0,1,0.09960691771423143
5743,318.75,8.75,8.75,0.0,1,0.18734468009955485
5744,321.25,8.75,8.75,0.0,1,0.2543691963041397
5745,323.75,8.75,8.75,0.0,1,0.2955462546047888
5746,326.25,8.75,8.75,0.0,1,0.36588202942570475
5747,328.75,8.75,8.75,0.0,1,0.37970601305923507
5748,331.25,8.75,8.75,0.0,1,0.42026129932887324
5749,333.75,8.75,8.75,0.0,1,0.470907199635503
5750,336.25,8.75,8.75,0.0,1,0.4919447858522704
5751,338.75,8.75,8.75,0.0,1,0.535679782569992
5752,341.25,8.75,8.75,0.0,1,0.6157693903822592
5753,343.75,8.75,8.75,0.0,1,0.5911457473440143
5754,346.25,8.75,8.75,0.0,1,0.5802012783682482
5755,348.75,8.75,8.75,1.0,0,0.5449129947817439
5756,351.25,8.75,8.75,1.0,0,0.6110166297274677
5757,353.75,8.75,8.75,1.0,0,0.7446371381167494
5758,356.25,8.75,8.75,1.0,0,0.6469159445475893
5759,358.75,8.75,8.75,1.0,0,0.5367714365702649
5760,1.25,11.25,11.25,1.0,0,0.47560308448123023
5761,3.75,11.25,11.25,1.0,0,0.4837345685959463
5762,6.25,11.25,11.25,1.0,0,0.4753627976847088
5763,8.75,11.25,11.25,1.0,0,0.485507788898757
5764,11.25,11.25,11.25,1.0,0,0.44576925981361937
5765,13.75,11.25,11.25,1.0,0,0.4705834881432103
5766,16.25,11.25,11.25,1.0,0,0.4602352652305258
5767,18.75,11.25,11.25,1.0,0,0.5628363969626408
5768,21.25,11.25,11.25,1.0,0,0.44132641794384064
5769,23.75,11.25,11.25,1.0,0,0.2953892288927132
5770,26.25,11.25,11.25,1.0,0,0.28197601705494035
5771,28.75,11.25,11.25,1.0,0,0.2580683865838104
5772,31.25,11.25,11.25,1.0,0,0.16428192365674169
5773,33.75,11.25,11.25,1.0,0,0.17076059006353417
5774,36.25,11.25,11.25,1.0,0,0.1914354643143787
5775,38.75,11.25,11.25,1.0,0,0.12748331053526862
5776,41.25,11.25,11.25,0.0,3,0.054279653144262946
5777,43.75,11.25,11.25,0.0,3,0.07513756766732393
5778,46.25,11.25,11.25,0.0,3,0.03726539211144254
5779,48.75,11.25,11.25,0.0,3,0.018601302476674745
5780,51.25,11.25,11.25,0.0,3,0.01386621883186943
5781,53.75,11.25,11.25,0.0,3,0.012932714293798915
5782,56.25,11.25,11.25,0.0,3,0.015429516014714335
5783,58.75,11.25,11.25,0.0,3,0.025280665439089058
5784,61.25,11.25,11.25,0.0,3,0.03746078878977895
5785,63.75,11.25,11.25,0.0,3,0.05655703885929045
5786,66.25,11.25,11.25,0.0,3,0.08124953422670123
5787,68.75,11.25,11.25,0.0,3,0.10794680564150068
5788,71.25,11.25,11.25,0.0,3,0.20357363035986084
5789,73.75,11.25,11.25,0.0,3,0.10410523325733004
5790,76.25,11.25,11.25,0.0,3,0.2302171754023714
5791,78.75,11.25,11.25,0.0,3,0.2530077572490162
5792,81.25,11.25,11.25,0.0,3,0.15080275661423287
5793,83.75,11.25,11.25,0.0,3,0.18108766903324575
5794,86.25,11.25,11.25,0.0,3,0.08243774898661224
5795,88.75,11.25,11.25,0.0,3,-0.05105161954536651
5796,91.25,11.25,11.25,0.0,3,-0.2259105680511055
5797,93.75,11.25,11.25,0.0,3,-0.4489655054147209
5798,96.25,11.25,11.25,0.0,3,-0.2323474925007681
5799,98.75,11.25,11.25,0.0,3,0.12514566008629163
5800,101.25,11.25,11.25,0.0,3,-0.07854495825887467
5801,103.75,11.25,11.25,1.0,0,0.3620557586650171
5802,106.25,11.25,11.25,1.0,0,0.06300426081584434
5803,108.75,11.25,11.25,0.0,3,-0.035076376617765796
5804,111.25,11.25,11.25,0.0,3,0.230503503375114
5805,113.75,11.25,11.25,0.0,3,0.3392671622646691
5806,116.25,11.25,11.25,0.0,3,0.3449649912319121
5807,118.75,11.25,11.25,0.0,3,0.48141501730328473
5808,121.25,11.25,11.25,0.0,2,0.3189244890353076
5809,123.75,11.25,11.25,0.0,2,0.16681206368421359
5810,126.25,11.25,11.25,0.0,2,0.2802871740982451
5811,128.75,11.25,11.25,0.0,2,0.43797031208927617
5812,131.25,11.25,11.25,0.0,2,0.3702213591993331
5813,133.75,11.25,11.25,0.0,2,0.3946638127692379
5814,136.25,11.25,11.25,0.0,2,0.39281439812876806
5815,138.75,11.25,11.25,0.0,2,0.38693938247175036
5816,141.25,11.25,11.25,0.0,2,0.4252536168023494
5817,143.75,11.25,11.25,0.0,2,0.43575458397762157
5818,146.25,11.25,11.25,0.0,2,0.4622191149805238
5819,148.75,11.25,11.25,0.0,2,0.4907960881974071
5820,151.25,11.25,11.25,0.0,2,0.4878190175759354
5821,153.75,11.25,11.25,0.0,2,0.49799873537249806
5822,156.25,11.25,11.25,0.0,2,0.5779877261748679
5823,158.75,11.25,11.25,0.0,2,0.5769131196696208
5824,161.25,11.25,11.25,0.0,2,0.5879898229730899
5825,163.75,11.25,11.25,0.0,2,0.6461031544413166
5826,166.25,11.25,11.25,0.0,2,0.6058408850361016
5827,168.75,11.25,11.25,0.0,2,0.6446592605174332
5828,171.25,11.25,11.25,0.0,2,0.6558623761086533
5829,173.75,11.25,11.25,0.0,2,0.5605301713128668
5830,176.25,11.25,11.25,0.0,2,0.541025001260252
5831,178.75,11.25,11.25,0.0,2,0.42485373432148127
5832,181.25,11.25,11.25,0.0,2,0.38946090370700537
5833,183.75,11.25,11.25,0.0,2,0.3591065665780599
5834,186.25,11.25,11.25,0.0,2,0.325240936579078
5835,188.75,11.25,11.25,0.0,2,0.31337710951874287
5836,191.25,11.25,11.25,0.0,2,0.23033092106620975
5837,193.75,11.25,11.25,0.0,2,0.2424249324694852
5838,196.25,11.25,11.25,0.0,2,0.1786288152876504
5839,198.75,11.25,11.25,0.0,2,0.19880816652308866
5840,201.25,11.25,11.25,0.0,2,0.279611439807175
5841,203.75,11.25,11.25,0.0,2,0.22800134394399246
5842,206.25,11.25,11.25,0.0,2,0.34046300793243345
5843,208.75,11.25,11.25,0.0,2,0.38818338602011615
5844,211.25,11.25,11.25,0.0,2,0.42508188543540104
5845,213.75,11.25,11.25,0.0,2,0.4771318378912166
5846,216.25,11.25,11.25,0.0,2,0.4564090580404633
5847,218.75,11.25,11.25,0.0,2,0.529515858235221
5848,221.25,11.25,11.25,0.0,2,0.5229902524767742
5849,223.75,11.25,11.25,0.0,2,0.5434326044942352
5850,226.25,11.25,11.25,0.0,2,0.5264981194668858
5851,228.75,11.25,11.25,0.0,2,0.4899744409480352
5852,231.25,11.25,11.25,0.0,2,0.49492533291859675
5853,233.75,11.25,11.25,0.0,2,0.4331010506681061
5854,236.25,11.25,11.25,0.0,2,0.39569733326029494
5855,238.75,11.25,11.25,0.0,2,0.282719935811217
5856,241.25,11.25,11.25,0.0,2,0.27225610840915926
5857,243.75,11.25,11.25,0.0,2,0.2637392059908772
5858,246.25,11.25,11.25,0.0,2,0.22285900200114725
5859,248.75,11.25,11.25,0.0,2,0.2903134802121337
5860,251.25,11.25,11.25,0.0,2,0.23207035196986422
5861,253.75,11.25,11.25,0.0,2,0.21000469424506124
5862,256.25,11.25,11.25,0.0,2,0.27097245818450005
5863,258.75,11.25,11.25,0.0,2,0.2717960524492609
5864,261.25,11.25,11.25,0.0,2,0.2289202919398421
5865,263.75,11.25,11.25,0.0,2,0.2064866382451854
5866,266.25,11.25,11.25,0.0,2,0.2311686654255544
5867,268.75,11.25,11.25,0.0,2,0.16133104405029144
5868,271.25,11.25,11.25,0.0,2,0.17116794337376265
5869,273.75,11.25,11.25,0.0,2,0.36976043148473514
5870,276.25,11.25,11.25,0.0,2,0.34386434416201506
5871,278.75,11.25,11.25,0.0,2,0.21889762341312147
5872,281.25,11.25,11.25,0.0,1,0.44665112331479584
5873,283.75,11.25,11.25,0.0,1,0.23072366862608837
5874,286.25,11.25,11.25,0.0,1,0.20316867831542657
5875,288.75,11.25,11.25,1.0,0,0.13708055846703457
5876,291.25,11.25,11.25,0.0,1,0.15160558044282046
5877,293.75,11.25,11.25,0.0,1,0.11679795732415438
5878,296.25,11.25,11.25,0.0,1,0.0027466111272741204
5879,298.75,11.25,11.25,0.0,1,-0.11918067225755508
5880,301.25,11.25,11.25,0.0,1,-0.10861175619871134
5881,303.75,11.25,11.25,0.0,1,-0.09863690813454591
5882,306.25,11.25,11.25,0.0,1,-0.15689531611114055
5883,308.75,11.25,11.25,0.0,1,-0.08413448748314377
5884,311.25,11.25,11.25,0.0,1,0.019467265943532194
5885,313.75,11.25,11.25,0.0,1,0.09900715960876393
5886,316.25,11.25,11.25,0.0,1,0.13184360584817642
5887,318.75,11.25,11.25,0.0,1,0.1323244067266612
5888,321.25,11.25,11.25,0.0,1,0.17525945132590678
5889,323.75,11.25,11.25,0.0,1,0.20050105671985946
5890,326.25,11.25,11.25,0.0,1,0.23613733942789436
5891,328.75,11.25,11.25,0.0,1,0.2822712535951757
5892,331.25,11.25,11.25,0.0,1,0.30183415538661235
5893,333.75,11.25,11.25,0.0,1,0.3294267446814803
5894,336.25,11.25,11.25,0.0,1,0.3510058053690591
5895,338.75,11.25,11.25,0.0,1,0.38189077971538915
5896,341.25,11.25,11.25,0.0,1,0.4192344750647632
5897,343.75,11.25,11.25,0.0,1,0.4323298045791225
5898,346.25,11.25,11.25,1.0,0,0.44702105543983683
5899,348.75,11.25,11.25,1.0,0,0.5235989260951088
5900,351.25,11.25,11.25,1.0,0,0.5182432799271287
5901,353.75,11.25,11.25,1.0,0,0.5917492540597442
5902,356.25,11.25,11.25,1.0,0,0.5582672378373528
5903,358.75,11.25,11.25,1.0,0,0.504839997303955
5904,1.25,13.75,13.75,1.0,0,0.2676511624069427
5905,3.75,13.75,13.75,1.0,0,0.2837902691901985
5906,6.25,13.75,13.75,1.0,0,0.30779161891242907
5907,8.75,13.75,13.75,1.0,0,0.2495775133310865
5908,11.25,13.75,13.75,1.0,0,0.3020541407078373
5909,13.75,13.75,13.75,1.0,0,0.3091471920872681
5910,16.25,13.75,13.75,1.0,0,0.2910484564640884
5911,18.75,13.75,13.75,1.0,0,0.30743649909546983
5912,21.25,13.75,13.75,1.0,0,0.24534508628587126
5913,23.75,13.75,13.75,1.0,0,0.27545752476054575
5914,26.25,13.75,13.75,1.0,0,0.18052502506601298
5915,28.75,13.75,13.75,1.0,0,0.1209900224969192
5916,31.25,13.75,13.75,1.0,0,0.137743508184594
5917,33.75,13.75,13.75,1.0,0,0.12928714880449382
5918,36.25,13.75,13.75,1.0,0,0.2417547955236603
5919,38.75,13.75,13.75,1.0,0,0.1553011891431111
5920,41.25,13.75,13.75,0.0,3,0.18777178928219698
5921,43.75,13.75,13.75,0.0,3,0.08163125612911651
5922,46.25,13.75,13.75,0.0,3,0.04659536004370421
5923,48.75,13.75,13.75,0.0,3,0.017781992378653227
5924,51.25,13.75,13.75,0.0,3,0.008203434685448915
5925,53.75,13.75,13.75,0.0,3,0.008991758458112115
5926,56.25,13.75,13.75,0.0,3,0.012903336136296595
5927,58.75,13.75,13.75,0.0,3,-0.008474759359400518
5928,61.25,13.75,13.75,0.0,3,-0.07172499714414501
5929,63.75,13.75,13.75,0.0,3,-0.05780154165869174
5930,66.25,13.75,13.75,0.0,3,-0.03811670259944728
5931,68.75,13.75,13.75,0.0,3,0.023405662003240034
5932,71.25,13.75,13.75,0.0,3,0.05264023155487581
5933,73.75,13.75,13.75,0.0,3,0.0725432895965338
5934,76.25,13.75,13.75,1.0,0,0.22610141873012451
5935,78.75,13.75,13.75,0.0,3,0.25553703257940824
5936,81.25,13.75,13.75,0.0,3,-0.07278977933454232
5937,83.75,13.75,13.75,0.0,3,-0.09476531104582073
5938,86.25,13.75,13.75,0.0,3,0.17183922378907765
5939,88.75,13.75,13.75,0.0,3,0.01711721042230971
5940,91.25,13.75,13.75,0.0,3,-0.17864245260124956
5941,93.75,13.75,13.75,0.0,3,-0.08497984160653708
5942,96.25,13.75,13.75,0.0,3,0.05610261766629274
5943,98.75,13.75,13.75,1.0,0,0.0014798626944612565
5944,101.25,13.75,13.75,1.0,0,-0.0759219451168266
5945,103.75,13.75,13.75,1.0,0,0.06813704740816778
5946,106.25,13.75,13.75,1.0,0,-0.07511370931393026
5947,108.75,13.75,13.75,0.0,3,0.047027728236244425
5948,111.25,13.75,13.75,0.0,3,0.3853710194493828
5949,113.75,13.75,13.75,0.0,3,0.3464063482638149
5950,116.25,13.75,13.75,0.0,3,0.3360839538141271
5951,118.75,13.75,13.75,0.0,3,0.3854709432365476
5952,121.25,13.75,13.75,0.0,2,0.23530497520565424
5953,123.75,13.75,13.75,0.0,2,0.22107888258686995
5954,126.25,13.75,13.75,0.0,2,0.3862132348413793
5955,128.75,13.75,13.75,0.0,2,0.42464528138985325
5956,131.25,13.75,13.75,0.0,2,0.3488211468094047
5957,133.75,13.75,13.75,0.0,2,0.3983827076332888
5958,136.25,13.75,13.75,0.0,2,0.37637027985520555
5959,138.75,13.75,13.75,0.0,2,0.3834062933636154
5960,141.25,13.75,13.75,0.0,2,0.4141936452125359
5961,143.75,13.75,13.75,0.0,2,0.39165726975633647
5962,146.25,13.75,13.75,0.0,2,0.38882603352149825
5963,148.75,13.75,13.75,0.0,2,0.43123428296055205
5964,151.25,13.75,13.75,0.0,2,0.4596151364364611
5965,153.75,13.75,13.75,0.0,2,0.44898395593383456
5966,156.25,13.75,13.75,0.0,2,0.4633151836595847
5967,158.75,13.75,13.75,0.0,2,0.5009525407850999
5968,161.25,13.75,13.75,0.0,2,0.4632882862362795
5969,163.75,13.75,13.75,0.0,2,0.4731089559409069
5970,166.25,13.75,13.75,0.0,2,0.5001490938883494
5971,168.75,13.75,13.75,0.0,2,0.4414747759983565
5972,171.25,13.75,13.75,0.0,2,0.4042438973148019
5973,173.75,13.75,13.75,0.0,2,0.3391872438335837
5974,176.25,13.75,13.75,0.0,2,0.27484667377180405
5975,178.75,13.75,13.75,0.0,2,0.17293533119475563
5976,181.25,13.75,13.75,0.0,2,0.12781823219842117
5977,183.75,13.75,13.75,0.0,2,0.12050960150055597
5978,186.25,13.75,13.75,0.0,2,0.064220167081634
5979,188.75,13.75,13.75,0.0,2,0.046527235799504726
5980,191.25,13.75,13.75,0.0,2,0.02181628532508541
5981,193.75,13.75,13.75,0.0,2,0.031021913176633737
5982,196.25,13.75,13.75,0.0,2,-0.0014055358273134455
5983,198.75,13.75,13.75,0.0,2,0.03373787386360553
5984,201.25,13.75,13.75,0.0,2,0.07910069355706281
5985,203.75,13.75,13.75,0.0,2,0.10112392545557104
5986,206.25,13.75,13.75,0.0,2,0.17548346487587244
5987,208.75,13.75,13.75,0.0,2,0.19818492000955315
5988,211.25,13.75,13.75,0.0,2,0.23916858935136626
5989,213.75,13.75,13.75,0.0,2,0.2994100456931052
5990,216.25,13.75,13.75,0.0,2,0.26998149216421896
5991,218.75,13.75,13.75,0.0,2,0.30170730179239436
5992,221.25,13.75,13.75,0.0,2,0.3324965428659656
5993,223.75,13.75,13.75,0.0,2,0.37761004931684783
5994,226.25,13.75,13.75,0.0,2,0.39812864864139674
5995,228.75,13.75,13.75,0.0,2,0.4264925481615994
5996,231.25,13.75,13.75,0.0,2,0.48020695399421315
5997,233.75,13.75,13.75,0.0,2,0.39504433087682184
5998,236.25,13.75,13.75,0.0,2,0.41181771269396583
5999,238.75,13.75,13.75,0.0,2,0.39371171350288936
6000,241.25,13.75,13.75,0.0,2,0.303521969116264
6001,243.75,13.75,13.75,0.0,2,0.2152069500076153
6002,246.25,13.75,13.75,0.0,2,0.20879303313526223
6003,248.75,13.75,13.75,0.0,2,0.22105366304710802
6004,251.25,13.75,13.75,0.0,2,0.202069310849573
6005,253.75,13.75,13.75,0.0,2,0.26964910488686405
6006,256.25,13.75,13.75,0.0,2,0.24718904416409168
6007,258.75,13.75,13.75,0.0,2,0.2544189086797428
6008,261.25,13.75,13.75,0.0,2,0.3148141884749095
6009,263.75,13.75,13.75,0.0,2,0.23892038397246002
6010,266.25,13.75,13.75,0.0,2,0.1118037274384238
6011,268.75,13.75,13.75,0.0,2,0.10932226428673605
6012,271.25,13.75,13.75,0.0,2,0.20218283464100772
6013,273.75,13.75,13.75,1.0,0,0.5309532621397087
6014,276.25,13.75,13.75,0.0,2,0.16485318535904903
6015,278.75,13.75,13.75,0.0,2,0.14633495116478465
6016,281.25,13.75,13.75,0.0,1,0.4236598764289869
6017,283.75,13.75,13.75,0.0,1,0.2537401524251277
6018,286.25,13.75,13.75,0.0,1,0.13851030488597263
6019,288.75,13.75,13.75,0.0,1,0.11815641850207566
6020,291.25,13.75,13.75,0.0,1,0.07973559212399857
6021,293.75,13.75,13.75,0.0,1,0.020255905790429986
6022,296.25,13.75,13.75,0.0,1,-0.03912405549426395
6023,298.75,13.75,13.75,0.0,1,-0.05907456696694566
6024,301.25,13.75,13.75,0.0,1,-0.05910021852162503
6025,303.75,13.75,13.75,0.0,1,-0.03603583927987349
6026,306.25,13.75,13.75,0.0,1,0.018687306084122463
6027,308.75,13.75,13.75,0.0,1,0.05900389043672337
6028,311.25,13.75,13.75,0.0,1,0.03646368369023721
6029,313.75,13.75,13.75,0.0,1,0.04116932052548127
6030,316.25,13.75,13.75,0.0,1,0.044312506285283985
6031,318.75,13.75,13.75,0.0,1,0.03433832750419216
6032,321.25,13.75,13.75,0.0,1,0.06591191179664034
6033,323.75,13.75,13.75,0.0,1,0.0782765464537133
6034,326.25,13.75,13.75,0.0,1,0.10588792760202412
6035,328.75,13.75,13.75,0.0,1,0.1478881155787651
6036,331.25,13.75,13.75,0.0,1,0.14830069274008795
6037,333.75,13.75,13.75,0.0,1,0.15499125823098542
6038,336.25,13.75,13.75,0.0,1,0.16216883225927053
6039,338.75,13.75,13.75,0.0,1,0.18570378412052407
6040,341.25,13.75,13.75,0.0,1,0.1932889266913144
6041,343.75,13.75,13.75,0.0,1,0.2160937052822787
6042,346.25,13.75,13.75,1.0,0,0.27452405768017774
6043,348.75,13.75,13.75,1.0,0,0.3032929057689043
6044,351.25,13.75,13.75,1.0,0,0.33221772983890685
6045,353.75,13.75,13.75,1.0,0,0.42961026034718597
6046,356.25,13.75,13.75,1.0,0,0.42712502513637546
6047,358.75,13.75,13.75,1.0,0,0.3599767528135275
6048,1.25,16.25,16.25,1.0,0,0.13815339638880747
6049,3.75,16.25,16.25,1.0,0,0.11036324886697438
6050,6.25,16.25,16.25,1.0,0,0.14463243869695747
6051,8.75,16.25,16.25,1.0,0,0.11519753496957567
6052,11.25,16.25,16.25,1.0,0,0.08509318623710004
6053,13.75,16.25,16.25,1.0,0,0.06695542160850505
6054,16.25,16.25,16.25,1.0,0,0.05022679478378245
6055,18.75,16.25,16.25,1.0,0,0.04375255928504115
6056,21.25,16.25,16.25,1.0,0,0.07947227109467406
6057,23.75,16.25,16.25,1.0,0,0.10473514711387702
6058,26.25,16.25,16.25,1.0,0,0.0533829755939578
6059,28.75,16.25,16.25,1.0,0,0.043079629250015475
6060,31.25,16.25,16.25,1.0,0,0.06980835868233595
6061,33.75,16.25,16.25,1.0,0,0.02728423823417909
6062,36.25,16.25,16.25,1.0,0,0.07174555602129122
6063,38.75,16.25,16.25,0.0,3,0.08785441513507776
6064,41.25,16.25,16.25,0.0,3,0.16809579511048078
6065,43.75,16.25,16.25,1.0,0,0.17859888960365208
6066,46.25,16.25,16.25,1.0,0,0.0801007088277645
6067,48.75,16.25,16.25,1.0,0,0.027984314662976933
6068,51.25,16.25,16.25,0.0,3,0.02699684966633125
6069,53.75,16.25,16.25,0.0,3,0.001391892566127195
6070,56.25,16.25,16.25,0.0,3,0.0027813630090010415
6071,58.75,16.25,16.25,0.0,3,-0.00560614037626352
6072,61.25,16.25,16.25,0.0,3,-0.032253299197020156
6073,63.75,16.25,16.25,0.0,3,-0.05716699888578257
6074,66.25,16.25,16.25,0.0,3,-0.0712250051800806
6075,68.75,16.25,16.25,0.0,3,-0.020834803597821815
6076,71.25,16.25,16.25,0.0,3,0.08548505276877066
6077,73.75,16.25,16.25,0.0,3,0.14542251229941233
6078,76.25,16.25,16.25,1.0,0,0.20882166243346764
6079,78.75,16.25,16.25,1.0,0,0.05689742412013923
6080,81.25,16.25,16.25,0.0,3,-0.3854877216982518
6081,83.75,16.25,16.25,0.0,3,-0.35618238242319655
6082,86.25,16.25,16.25,0.0,3,0.14778169403845715
6083,88.75,16.25,16.25,0.0,3,-0.021642997480875028
6084,91.25,16.25,16.25,0.0,3,-0.14717569232418037
6085,93.75,16.25,16.25,0.0,3,0.1539392732616718
6086,96.25,16.25,16.25,0.0,3,0.323788767625825
6087,98.75,16.25,16.25,1.0,0,0.04062226771169734
6088,101.25,16.25,16.25,1.0,0,-0.05461491916145347
6089,103.75,16.25,16.25,1.0,0,-0.041786646570541916
6090,106.25,16.25,16.25,1.0,0,-0.06179817429406789
6091,108.75,16.25,16.25,0.0,3,0.0308617552272888
6092,111.25,16.25,16.25,0.0,3,0.3156302775992817
6093,113.75,16.25,16.25,0.0,3,0.23909245785237696
6094,116.25,16.25,16.25,0.0,3,0.2553480958031328
6095,118.75,16.25,16.25,0.0,3,0.1178618328198442
6096,121.25,16.25,16.25,0.0,2,0.19446713165608834
6097,123.75,16.25,16.25,0.0,2,0.2138398621040183
6098,126.25,16.25,16.25,0.0,2,0.26350879039067365
6099,128.75,16.25,16.25,0.0,2,0.29767543159545046
6100,131.25,16.25,16.25,0.0,2,0.30702606357663204
6101,133.75,16.25,16.25,0.0,2,0.23908886642185295
6102,136.25,16.25,16.25,0.0,2,0.2723939789788961
6103,138.75,16.25,16.25,0.0,2,0.28220574288201306
6104,141.25,16.25,16.25,0.0,2,0.2742415066964741
6105,143.75,16.25,16.25,0.0,2,0.2916588019880382
6106,146.25,16.25,16.25,0.0,2,0.32343797122952833
6107,148.75,16.25,16.25,0.0,2,0.3205452757191197
6108,151.25,16.25,16.25,0.0,2,0.3077140955990533
6109,153.75,16.25,16.25,0.0,2,0.3067849796504719
6110,156.25,16.25,16.25,0.0,2,0.2850968702943894
6111,158.75,16.25,16.25,0.0,2,0.31436076514683264
6112,161.25,16.25,16.25,0.0,2,0.28751964628109483
6113,163.75,16.25,16.25,0.0,2,0.23408574400178173
6114,166.25,16.25,16.25,0.0,2,0.2632702231825236
6115,168.75,16.25,16.25,0.0,2,0.20482660915785422
6116,171.25,16.25,16.25,0.0,2,0.13233150850515418
6117,173.75,16.25,16.25,0.0,2,0.07521612240237897
6118,176.25,16.25,16.25,0.0,2,0.026345836454431254
6119,178.75,16.25,16.25,0.0,2,-0.028498622230823195
6120,181.25,16.25,16.25,0.0,2,-0.09850111687458546
6121,183.75,16.25,16.25,0.0,2,-0.12980470978550282
6122,186.25,16.25,16.25,0.0,2,-0.13238980880710155
6123,188.75,16.25,16.25,0.0,2,-0.17012629610839447
6124,191.25,16.25,16.25,0.0,2,-0.18277989572394876
6125,193.75,16.25,16.25,0.0,2,-0.14761593081659677
6126,196.25,16.25,16.25,0.0,2,-0.12547335628616052
6127,198.75,16.25,16.25,0.0,2,-0.08977492363892742
6128,201.25,16.25,16.25,0.0,2,-0.0901852960124581
6129,203.75,16.25,16.25,0.0,2,-0.08846837430849065
6130,206.25,16.25,16.25,0.0,2,-0.045992022259883546
6131,208.75,16.25,16.25,0.0,2,-0.0013104568546882312
6132,211.25,16.25,16.25,0.0,2,0.034821862110732585
6133,213.75,16.25,16.25,0.0,2,0.06304304219470105
6134,216.25,16.25,16.25,0.0,2,0.06929301180883739
6135,218.75,16.25,16.25,0.0,2,0.09902210246357099
6136,221.25,16.25,16.25,0.0,2,0.1251671420876042
6137,223.75,16.25,16.25,0.0,2,0.1531272124518243
6138,226.25,16.25,16.25,0.0,2,0.20055206859984623
6139,228.75,16.25,16.25,0.0,2,0.23277649029377775
6140,231.25,16.25,16.25,0.0,2,0.27888967419271526
6141,233.75,16.25,16.25,0.0,2,0.29395608695886366
6142,236.25,16.25,16.25,0.0,2,0.3287442298451993
6143,238.75,16.25,16.25,0.0,2,0.3075647998320744
6144,241.25,16.25,16.25,0.0,2,0.24460102228869054
6145,243.75,16.25,16.25,0.0,2,0.19597675782434654
6146,246.25,16.25,16.25,0.0,2,0.1739800679124127
6147,248.75,16.25,16.25,0.0,2,0.15745544102601072
6148,251.25,16.25,16.25,0.0,2,0.17694129315875873
6149,253.75,16.25,16.25,0.0,2,0.13452303429314844
6150,256.25,16.25,16.25,0.0,2,0.05772670601470007
6151,258.75,16.25,16.25,0.0,2,0.2641706289987919
6152,261.25,16.25,16.25,0.0,2,0.20921010807231344
6153,263.75,16.25,16.25,0.0,2,0.278686672465019
6154,266.25,16.25,16.25,1.0,0,0.23957120544265104
6155,268.75,16.25,16.25,1.0,0,0.04712118279772295
6156,271.25,16.25,16.25,1.0,0,-0.07945215656601332
6157,273.75,16.25,16.25,0.0,2,0.12285655231299226
6158,276.25,16.25,16.25,0.0,2,0.23454647151364072
6159,278.75,16.25,16.25,0.0,2,0.16541287377549113
6160,281.25,16.25,16.25,0.0,1,0.13676462731736083
6161,283.75,16.25,16.25,0.0,1,0.12456934772032559
6162,286.25,16.25,16.25,0.0,1,0.1197306586806981
6163,288.75,16.25,16.25,0.0,1,0.05002491914025962
6164,291.25,16.25,16.25,0.0,1,-0.006181484130649843
6165,293.75,16.25,16.25,0.0,1,-0.002433814474636389
6166,296.25,16.25,16.25,0.0,1,-0.019810462020565148
6167,298.75,16.25,16.25,0.0,1,-0.03041838580020742
6168,301.25,16.25,16.25,0.0,1,-0.024864628748841097
6169,303.75,16.25,16.25,0.0,1,-0.003063859664462871
6170,306.25,16.25,16.25,0.0,1,-0.010074071233589294
6171,308.75,16.25,16.25,0.0,1,-0.005187472716663887
6172,311.25,16.25,16.25,0.0,1,0.011651966203876341
6173,313.75,16.25,16.25,0.0,1,0.01665249736641355
6174,316.25,16.25,16.25,0.0,1,0.0008099075055719216
6175,318.75,16.25,16.25,0.0,1,0.01868897157673516
6176,321.25,16.25,16.25,0.0,1,0.029780262614344244
6177,323.75,16.25,16.25,0.0,1,0.024640257282863662
6178,326.25,16.25,16.25,0.0,1,0.05708804045296046
6179,328.75,16.25,16.25,0.0,1,0.061679292054875066
6180,331.25,16.25,16.25,0.0,1,0.05796728150516339
6181,333.75,16.25,16.25,0.0,1,0.05500695570586355
6182,336.25,16.25,16.25,0.0,1,0.04152297858488127
6183,338.75,16.25,16.25,0.0,1,0.04601139552879683
6184,341.25,16.25,16.25,0.0,1,0.05846079011862527
6185,343.75,16.25,16.25,0.0,1,0.08559152761552856
6186,346.25,16.25,16.25,1.0,0,0.12417054119858874
6187,348.75,16.25,16.25,1.0,0,0.23927272565263957
6188,351.25,16.25,16.25,1.0,0,0.19045007601086159
6189,353.75,16.25,16.25,1.0,0,0.15437032543342163
6190,356.25,16.25,16.25,1.0,0,0.11189693823107805
6191,358.75,16.25,16.25,1.0,0,0.1287924192412743
6192,1.25,18.75,18.75,1.0,0,0.042963649652550825
6193,3.75,18.75,18.75,1.0,0,0.02643412381622681
6194,6.25,18.75,18.75,1.0,0,0.035308811765526006
6195,8.75,18.75,18.75,1.0,0,0.043184025294683175
6196,11.25,18.75,18.75,1.0,0,0.026138719189927374
6197,13.75,18.75,18.75,1.0,0,0.01486740593735649
6198,16.25,18.75,18.75,1.0,0,0.024526105923734685
6199,18.75,18.75,18.75,1.0,0,0.024792989432250816
6200,21.25,18.75,18.75,1.0,0,0.013474954745547541
6201,23.75,18.75,18.75,1.0,0,0.015887403041631627
6202,26.25,18.75,18.75,1.0,0,0.011842875613733596
6203,28.75,18.75,18.75,1.0,0,0.009249634719065982
6204,31.25,18.75,18.75,1.0,0,0.010022515416045175
6205,33.75,18.75,18.75,1.0,0,0.007310271150936255
6206,36.25,18.75,18.75,1.0,0,0.022113569035246795
6207,38.75,18.75,18.75,0.0,3,0.0434369793928271
6208,41.25,18.75,18.75,0.0,3,0.10316175243151726
6209,43.75,18.75,18.75,1.0,0,0.08608064581069659
6210,46.25,18.75,18.75,1.0,0,0.04390507948119184
6211,48.75,18.75,18.75,1.0,0,0.01736263210232212
6212,51.25,18.75,18.75,1.0,0,0.010696138055757172
6213,53.75,18.75,18.75,1.0,0,0.0037808562920026646
6214,56.25,18.75,18.75,0.0,3,-0.00018032723504019953
6215,58.75,18.75,18.75,0.0,3,-0.0019554166705789524
6216,61.25,18.75,18.75,0.0,3,-0.00495964075737937
6217,63.75,18.75,18.75,0.0,3,-0.02645310992374809
6218,66.25,18.75,18.75,0.0,3,-0.057291680947737476
6219,68.75,18.75,18.75,0.0,3,-0.051737953819833836
6220,71.25,18.75,18.75,0.0,3,0.0838039608814761
6221,73.75,18.75,18.75,1.0,0,0.14772807187684
6222,76.25,18.75,18.75,1.0,0,0.19168277866100647
6223,78.75,18.75,18.75,1.0,0,0.07912761959871471
6224,81.25,18.75,18.75,1.0,0,0.03321898824316439
6225,83.75,18.75,18.75,0.0,3,-0.07746394404778152
6226,86.25,18.75,18.75,0.0,3,0.06148955392899078
6227,88.75,18.75,18.75,0.0,3,0.19861761114236212
6228,91.25,18.75,18.75,0.0,3,0.09583445464587112
6229,93.75,18.75,18.75,0.0,3,0.24357208824254775
6230,96.25,18.75,18.75,1.0,0,0.13410200746740003
6231,98.75,18.75,18.75,1.0,0,-0.01665681105542874
6232,101.25,18.75,18.75,1.0,0,0.007806643593602133
6233,103.75,18.75,18.75,1.0,0,-0.018225295246567335
6234,106.25,18.75,18.75,0.0,3,-0.008891286043769632
6235,108.75,18.75,18.75,0.0,3,0.0017534589643090636
6236,111.25,18.75,18.75,0.0,3,0.08909754537153591
6237,113.75,18.75,18.75,0.0,3,0.10755788925307662
6238,116.25,18.75,18.75,0.0,3,0.1970504344256562
6239,118.75,18.75,18.75,0.0,3,0.11760174341800053
6240,121.25,18.75,18.75,0.0,2,0.05607539572401689
6241,123.75,18.75,18.75,0.0,2,0.12135113390626064
6242,126.25,18.75,18.75,0.0,2,0.1307217553597382
6243,128.75,18.75,18.75,0.0,2,0.14053679686977935
6244,131.25,18.75,18.75,0.0,2,0.11839161775058663
6245,133.75,18.75,18.75,0.0,2,0.09058410165496099
6246,136.25,18.75,18.75,0.0,2,0.13334887412867324
6247,138.75,18.75,18.75,0.0,2,0.14740664420873678
6248,141.25,18.75,18.75,0.0,2,0.17494225556898055
6249,143.75,18.75,18.75,0.0,2,0.23230164500053296
6250,146.25,18.75,18.75,0.0,2,0.26869797015776115
6251,148.75,18.75,18.75,0.0,2,0.2909765284219649
6252,151.25,18.75,18.75,0.0,2,0.2574337025952354
6253,153.75,18.75,18.75,0.0,2,0.25039251688990266
6254,156.25,18.75,18.75,0.0,2,0.22052693373644194
6255,158.75,18.75,18.75,0.0,2,0.20972234578149385
6256,161.25,18.75,18.75,0.0,2,0.19646433249477013
6257,163.75,18.75,18.75,0.0,2,0.15088395347593858
6258,166.25,18.75,18.75,0.0,2,0.14707845521566848
6259,168.75,18.75,18.75,0.0,2,0.10448457113637717
6260,171.25,18.75,18.75,0.0,2,0.05565301231663177
6261,173.75,18.75,18.75,0.0,2,-0.0005509807546264251
6262,176.25,18.75,18.75,0.0,2,-0.05392308740686353
6263,178.75,18.75,18.75,0.0,2,-0.0989423600321973
6264,181.25,18.75,18.75,0.0,2,-0.14923932482389826
6265,183.75,18.75,18.75,0.0,2,-0.18430922838394556
6266,186.25,18.75,18.75,0.0,2,-0.18929467877199405
6267,188.75,18.75,18.75,0.0,2,-0.18301602415700358
6268,191.25,18.75,18.75,0.0,2,-0.18756313499122435
6269,193.75,18.75,18.75,0.0,2,-0.14849782601450437
6270,196.25,18.75,18.75,0.0,2,-0.12542385707786016
6271,198.75,18.75,18.75,0.0,2,-0.11967611317798783
6272,201.25,18.75,18.75,0.0,2,-0.12827458499504876
6273,203.75,18.75,18.75,0.0,2,-0.1315362256955978
6274,206.25,18.75,18.75,0.0,2,-0.09862449757946362
6275,208.75,18.75,18.75,0.0,2,-0.05667754808230099
6276,211.25,18.75,18.75,0.0,2,-0.045407132582179016
6277,213.75,18.75,18.75,0.0,2,-0.044272259407650984
6278,216.25,18.75,18.75,0.0,2,-0.030671388625148656
6279,218.75,18.75,18.75,0.0,2,-0.01541198357561115
6280,221.25,18.75,18.75,0.0,2,0.0005484676641432495
6281,223.75,18.75,18.75,0.0,2,0.015390200757942412
6282,226.25,18.75,18.75,0.0,2,0.02835906634298261
6283,228.75,18.75,18.75,0.0,2,0.06789693857148565
6284,231.25,18.75,18.75,0.0,2,0.136799716085583
6285,233.75,18.75,18.75,0.0,2,0.17992839929153204
6286,236.25,18.75,18.75,0.0,2,0.206542567099514
6287,238.75,18.75,18.75,0.0,2,0.18945235407239047
6288,241.25,18.75,18.75,0.0,2,0.18867265913256726
6289,243.75,18.75,18.75,0.0,2,0.12282324165277761
6290,246.25,18.75,18.75,0.0,2,0.12513179767255128
6291,248.75,18.75,18.75,0.0,2,0.18956266572183073
6292,251.25,18.75,18.75,0.0,2,0.19015168469054713
6293,253.75,18.75,18.75,0.0,2,0.16933122724006736
6294,256.25,18.75,18.75,0.0,2,0.024024705709810898
6295,258.75,18.75,18.75,1.0,0,0.16068693384369998
6296,261.25,18.75,18.75,1.0,0,0.06987759195302823
6297,263.75,18.75,18.75,0.0,2,0.08532409997972559
6298,266.25,18.75,18.75,0.0,2,0.2241505317704629
6299,268.75,18.75,18.75,0.0,2,0.18909134807317224
6300,271.25,18.75,18.75,0.0,2,0.08321535106713812
6301,273.75,18.75,18.75,0.0,2,0.11775319944511253
6302,276.25,18.75,18.75,0.0,2,0.12967813234922676
6303,278.75,18.75,18.75,0.0,2,0.1647052903290661
6304,281.25,18.75,18.75,0.0,1,0.16010998028640233
6305,283.75,18.75,18.75,0.0,1,0.1449018510162418
6306,286.25,18.75,18.75,0.0,1,0.13669025200733748
6307,288.75,18.75,18.75,0.0,1,0.09508384444825127
6308,291.25,18.75,18.75,0.0,1,0.07046038227839532
6309,293.75,18.75,18.75,0.0,1,0.09871479291684189
6310,296.25,18.75,18.75,0.0,1,0.05838682087559584
6311,298.75,18.75,18.75,0.0,1,0.047720593892577864
6312,301.25,18.75,18.75,0.0,1,0.011173382968759303
6313,303.75,18.75,18.75,0.0,1,-0.020418200468891465
6314,306.25,18.75,18.75,0.0,1,-0.021761002041332758
6315,308.75,18.75,18.75,0.0,1,-0.009576831237976579
6316,311.25,18.75,18.75,0.0,1,-0.007224270811606914
6317,313.75,18.75,18.75,0.0,1,-0.01926654866494907
6318,316.25,18.75,18.75,0.0,1,-0.025245804872061225
6319,318.75,18.75,18.75,0.0,1,-0.02724878408424181
6320,321.25,18.75,18.75,0.0,1,-0.03014424692300954
6321,323.75,18.75,18.75,0.0,1,-0.024069463058637965
6322,326.25,18.75,18.75,0.0,1,-0.0052155983576557775
6323,328.75,18.75,18.75,0.0,1,0.0011228176018389256
6324,331.25,18.75,18.75,0.0,1,0.011481584516466864
6325,333.75,18.75,18.75,0.0,1,0.00907753215247543
6326,336.25,18.75,18.75,0.0,1,0.0012696226016737325
6327,338.75,18.75,18.75,0.0,1,0.003957615779111236
6328,341.25,18.75,18.75,0.0,1,0.01825310125501554
6329,343.75,18.75,18.75,0.0,1,0.04544430443150725
6330,346.25,18.75,18.75,1.0,0,0.07366153233530377
6331,348.75,18.75,18.75,1.0,0,0.07693696747135338
6332,351.25,18.75,18.75,1.0,0,0.05286351033228759
6333,353.75,18.75,18.75,1.0,0,0.05627055206848674
6334,356.25,18.75,18.75,1.0,0,0.037564707523291885
6335,358.75,18.75,18.75,1.0,0,0.037183891129168964
6336,1.25,21.25,21.25,1.0,0,0.014579811035634143
6337,3.75,21.25,21.25,1.0,0,0.008817712254354468
6338,6.25,21.25,21.25,1.0,0,0.006138913272633063
6339,8.75,21.25,21.25,1.0,0,0.003182591134726384
6340,11.25,21.25,21.25,1.0,0,0.003662157176822318
6341,13.75,21.25,21.25,1.0,0,0.004749042836728101
6342,16.25,21.25,21.25,1.0,0,0.008440058780962083
6343,18.75,21.25,21.25,1.0,0,0.007945479171095742
6344,21.25,21.25,21.25,1.0,0,0.002825040299852244
6345,23.75,21.25,21.25,1.0,0,0.002055368561567668
6346,26.25,21.25,21.25,1.0,0,0.003907466790245906
6347,28.75,21.25,21.25,1.0,0,0.002087256685324564
6348,31.25,21.25,21.25,1.0,0,0.002133166188166757
6349,33.75,21.25,21.25,1.0,0,0.005063418993210049
6350,36.25,21.25,21.25,0.0,3,0.012193840833071908
6351,38.75,21.25,21.25,0.0,3,0.03237703856570207
6352,41.25,21.25,21.25,1.0,0,0.05313951841295988
6353,43.75,21.25,21.25,1.0,0,0.016879764691700133
6354,46.25,21.25,21.25,1.0,0,0.002432955419965824
6355,48.75,21.25,21.25,1.0,0,-0.002464686006919992
6356,51.25,21.25,21.25,1.0,0,0.0023702858251757573
6357,53.75,21.25,21.25,1.0,0,0.007553137441803048
6358,56.25,21.25,21.25,1.0,0,0.00026818298373700543
6359,58.75,21.25,21.25,0.0,3,-0.004567011446852207
6360,61.25,21.25,21.25,0.0,3,-0.0027045910029666084
6361,63.75,21.25,21.25,0.0,3,-0.003923410882438845
6362,66.25,21.25,21.25,0.0,3,-0.008876370943403525
6363,68.75,21.25,21.25,0.0,3,-0.006207756709195032
6364,71.25,21.25,21.25,1.0,0,0.07213225486908917
6365,73.75,21.25,21.25,1.0,0,0.14681163341232129
6366,76.25,21.25,21.25,1.0,0,0.15345774206257745
6367,78.75,21.25,21.25,1.0,0,0.13041202130072116
6368,81.25,21.25,21.25,1.0,0,0.18236882233763027
6369,83.75,21.25,21.25,1.0,0,0.22526234742132464
6370,86.25,21.25,21.25,0.0,3,0.0629210271329763
6371,88.75,21.25,21.25,0.0,3,0.022758811610473623
6372,91.25,21.25,21.25,0.0,3,0.1312604672407648
6373,93.75,21.25,21.25,1.0,0,0.15308531864520653
6374,96.25,21.25,21.25,1.0,0,0.06310217284787117
6375,98.75,21.25,21.25,1.0,0,-0.037024444974597115
6376,101.25,21.25,21.25,1.0,0,-0.06297686585318141
6377,103.75,21.25,21.25,1.0,0,-0.028721350344759297
6378,106.25,21.25,21.25,0.0,3,-0.008439162814338309
6379,108.75,21.25,21.25,0.0,3,0.005952890510171939
6380,111.25,21.25,21.25,0.0,3,-0.06826820667708894
6381,113.75,21.25,21.25,0.0,3,-0.04277717764158853
6382,116.25,21.25,21.25,0.0,3,0.06193583807280483
6383,118.75,21.25,21.25,0.0,3,0.029793276210316178
6384,121.25,21.25,21.25,0.0,2,-0.06035886903561485
6385,123.75,21.25,21.25,0.0,2,-0.0032307988491381084
6386,126.25,21.25,21.25,0.0,2,0.057189443345666675
6387,128.75,21.25,21.25,0.0,2,0.04739940580372505
6388,131.25,21.25,21.25,0.0,2,0.04881936174846227
6389,133.75,21.25,21.25,0.0,2,0.08058601550670416
6390,136.25,21.25,21.25,0.0,2,0.07224351155574167
6391,138.75,21.25,21.25,0.0,2,0.033340774216279116
6392,141.25,21.25,21.25,0.0,2,0.08195644529656136
6393,143.75,21.25,21.25,0.0,2,0.13261219944860944
6394,146.25,21.25,21.25,0.0,2,0.19365483940474448
6395,148.75,21.25,21.25,0.0,2,0.25371825481105104
6396,151.25,21.25,21.25,0.0,2,0.2251696777166941
6397,153.75,21.25,21.25,0.0,2,0.2086985985333791
6398,156.25,21.25,21.25,0.0,2,0.16792432315515526
6399,158.75,21.25,21.25,0.0,2,0.14385748023952577
6400,161.25,21.25,21.25,0.0,2,0.15276677594607682
6401,163.75,21.25,21.25,0.0,2,0.11138725634948138
6402,166.25,21.25,21.25,0.0,2,0.10200430737494319
6403,168.75,21.25,21.25,0.0,2,0.050860882459244416
6404,171.25,21.25,21.25,0.0,2,0.01586316011054087
6405,173.75,21.25,21.25,0.0,2,0.0008308173901639931
6406,176.25,21.25,21.25,0.0,2,-0.04944409396001664
6407,178.75,21.25,21.25,0.0,2,-0.11916976817015154
6408,181.25,21.25,21.25,0.0,2,-0.1496163788969767
6409,183.75,21.25,21.25,0.0,2,-0.1615695300535102
6410,186.25,21.25,21.25,0.0,2,-0.1710918110414879
6411,188.75,21.25,21.25,0.0,2,-0.15422647428144498
6412,191.25,21.25,21.25,0.0,2,-0.14652018019777577
6413,193.75,21.25,21.25,0.0,2,-0.12681792514834464
6414,196.25,21.25,21.25,0.0,2,-0.12016537027226756
6415,198.75,21.25,21.25,0.0,2,-0.12461149101851116
6416,201.25,21.25,21.25,0.0,2,-0.14136206137750068
6417,203.75,21.25,21.25,0.0,2,-0.14150986028085008
6418,206.25,21.25,21.25,0.0,2,-0.11577617356915307
6419,208.75,21.25,21.25,0.0,2,-0.08666800126851971
6420,211.25,21.25,21.25,0.0,2,-0.0822906631647094
6421,213.75,21.25,21.25,0.0,2,-0.11345487728025022
6422,216.25,21.25,21.25,0.0,2,-0.11087546090888248
6423,218.75,21.25,21.25,0.0,2,-0.10501002903215574
6424,221.25,21.25,21.25,0.0,2,-0.09292696380809669
6425,223.75,21.25,21.25,0.0,2,-0.07684299740064404
6426,226.25,21.25,21.25,0.0,2,-0.0691343765889466
6427,228.75,21.25,21.25,0.0,2,-0.03184641887038904
6428,231.25,21.25,21.25,0.0,2,0.011307445250484226
6429,233.75,21.25,21.25,0.0,2,0.04710254416881742
6430,236.25,21.25,21.25,0.0,2,0.08159240875519529
6431,238.75,21.25,21.25,0.0,2,0.09182197677686102
6432,241.25,21.25,21.25,0.0,2,0.10510272037734553
6433,243.75,21.25,21.25,0.0,2,0.07874017258867158
6434,246.25,21.25,21.25,0.0,2,0.11176345474146403
6435,248.75,21.25,21.25,0.0,2,0.16788724090509857
6436,251.25,21.25,21.25,0.0,2,0.09767993410208672
6437,253.75,21.25,21.25,0.0,2,0.17769349296393125
6438,256.25,21.25,21.25,1.0,0,0.09116454825015198
6439,258.75,21.25,21.25,1.0,0,0.07506550404720766
6440,261.25,21.25,21.25,1.0,0,0.039567401384328155
6441,263.75,21.25,21.25,0.0,2,0.0735193013262067
6442,266.25,21.25,21.25,0.0,2,0.1533648639905892
6443,268.75,21.25,21.25,0.0,2,0.11574780961542915
6444,271.25,21.25,21.25,0.0,2,0.06556182455616687
6445,273.75,21.25,21.25,0.0,2,0.05151726832284403
6446,276.25,21.25,21.25,0.0,2,0.071271744536753
6447,278.75,21.25,21.25,0.0,2,0.16002446491090944
6448,281.25,21.25,21.25,0.0,1,0.2194267389773721
6449,283.75,21.25,21.25,0.0,1,0.20300707283956587
6450,286.25,21.25,21.25,0.0,1,0.2211444082001535
6451,288.75,21.25,21.25,0.0,1,0.17893306159994055
6452,291.25,21.25,21.25,0.0,1,0.14147919157850283
6453,293.75,21.25,21.25,0.0,1,0.11532505575458887
6454,296.25,21.25,21.25,0.0,1,0.09205248087031602
6455,298.75,21.25,21.25,0.0,1,0.10865321616386371
6456,301.25,21.25,21.25,0.0,1,0.0695053089810101
6457,303.75,21.25,21.25,0.0,1,0.03815081696005936
6458,306.25,21.25,21.25,0.0,1,0.04001709520449099
6459,308.75,21.25,21.25,0.0,1,0.023320546177628042
6460,311.25,21.25,21.25,0.0,1,0.004792810834518709
6461,313.75,21.25,21.25,0.0,1,-0.0009752375473592713
6462,316.25,21.25,21.25,0.0,1,-0.02878602703423568
6463,318.75,21.25,21.25,0.0,1,-0.060026456315741286
6464,321.25,21.25,21.25,0.0,1,-0.0547365523090995
6465,323.75,21.25,21.25,0.0,1,-0.06278784946205244
6466,326.25,21.25,21.25,0.0,1,-0.071236940191979
6467,328.75,21.25,21.25,0.0,1,-0.05203716341198304
6468,331.25,21.25,21.25,0.0,1,-0.026018303584157687
6469,333.75,21.25,21.25,0.0,1,-0.017009647419710956
6470,336.25,21.25,21.25,0.0,1,-0.010541084060063158
6471,338.75,21.25,21.25,0.0,1,-0.006054134440601628
6472,341.25,21.25,21.25,0.0,1,-0.002024787995082559
6473,343.75,21.25,21.25,0.0,1,0.016416236840797127
6474,346.25,21.25,21.25,1.0,0,0.049006675600041766
6475,348.75,21.25,21.25,1.0,0,0.03689600964892595
6476,351.25,21.25,21.25,1.0,0,0.01628766498635309
6477,353.75,21.25,21.25,1.0,0,0.01722612922690753
6478,356.25,21.25,21.25,1.0,0,0.013353918573221008
6479,358.75,21.25,21.25,1.0,0,0.01356819519680512
6480,1.25,23.75,23.75,1.0,0,0.002646847330294501
6481,3.75,23.75,23.75,1.0,0,0.0021323858804428077
6482,6.25,23.75,23.75,1.0,0,0.0027222510495920056
6483,8.75,23.75,23.75,1.0,0,-0.000513701319766417
6484,11.25,23.75,23.75,1.0,0,-6.308505699687045e-05
6485,13.75,23.75,23.75,1.0,0,8.503420038163816e-05
6486,16.25,23.75,23.75,1.0,0,-0.000827328625721088
6487,18.75,23.75,23.75,1.0,0,-0.002297500595667867
6488,21.25,23.75,23.75,1.0,0,-0.0017062950303859555
6489,23.75,23.75,23.75,1.0,0,-0.0006400754389895876
6490,26.25,23.75,23.75,1.0,0,0.0006864924847530409
6491,28.75,23.75,23.75,1.0,0,0.000659198249972809
6492,31.25,23.75,23.75,1.0,0,-0.0002800012836717851
6493,33.75,23.75,23.75,1.0,0,-0.001124586811500208
6494,36.25,23.75,23.75,0.0,3,0.0023061434123067136
6495,38.75,23.75,23.75,0.0,3,0.0037978223490470983
6496,41.25,23.75,23.75,1.0,0,0.007381705317322313
6497,43.75,23.75,23.75,1.0,0,-0.0015359702812743636
6498,46.25,23.75,23.75,1.0,0,-0.0061803895269485236
6499,48.75,23.75,23.75,1.0,0,-0.006704756696096205
6500,51.25,23.75,23.75,0.0,3,-0.002371452606595893
6501,53.75,23.75,23.75,1.0,0,0.0017721546870702934
6502,56.25,23.75,23.75,0.0,3,-0.0044974095761550715
6503,58.75,23.75,23.75,0.0,3,-0.008376417046272022
6504,61.25,23.75,23.75,0.0,3,-0.0011692872674588662
6505,63.75,23.75,23.75,0.0,3,-5.1396449565668296e-05
6506,66.25,23.75,23.75,0.0,3,0.011910279576845949
6507,68.75,23.75,23.75,0.0,3,0.022779800509914638
6508,71.25,23.75,23.75,1.0,0,0.06930579007786267
6509,73.75,23.75,23.75,1.0,0,0.15199442064846846
6510,76.25,23.75,23.75,1.0,0,0.14787547242436128
6511,78.75,23.75,23.75,1.0,0,0.19772974206560465
6512,81.25,23.75,23.75,1.0,0,0.2883584917669593
6513,83.75,23.75,23.75,1.0,0,0.30118562806337873
6514,86.25,23.75,23.75,1.0,0,0.38345651531137537
6515,88.75,23.75,23.75,1.0,0,0.5634202693221504
6516,91.25,23.75,23.75,1.0,0,0.31338620545193296
6517,93.75,23.75,23.75,1.0,0,0.05729752765636968
6518,96.25,23.75,23.75,1.0,0,-0.001948065558475934
6519,98.75,23.75,23.75,1.0,0,-0.10781203677623082
6520,101.25,23.75,23.75,1.0,0,-0.2058347919174108
6521,103.75,23.75,23.75,1.0,0,-0.18191797089790657
6522,106.25,23.75,23.75,1.0,0,-0.1951803382125169
6523,108.75,23.75,23.75,1.0,0,-0.10372547503541835
6524,111.25,23.75,23.75,1.0,0,-0.1666118262699055
6525,113.75,23.75,23.75,1.0,0,-0.29171837017538443
6526,116.25,23.75,23.75,0.0,3,-0.19019646502163257
6527,118.75,23.75,23.75,0.0,3,-0.07298727677832609
6528,121.25,23.75,23.75,0.0,2,-0.10710221428618096
6529,123.75,23.75,23.75,0.0,2,-0.09615468145452842
6530,126.25,23.75,23.75,0.0,2,0.02097137340443408
6531,128.75,23.75,23.75,0.0,2,0.07142653598018985
6532,131.25,23.75,23.75,0.0,2,0.08364033052499383
6533,133.75,23.75,23.75,0.0,2,0.11041167911092618
6534,136.25,23.75,23.75,0.0,2,0.08799163534983284
6535,138.75,23.75,23.75,0.0,2,0.03181643808562991
6536,141.25,23.75,23.75,0.0,2,0.02292117543915128
6537,143.75,23.75,23.75,0.0,2,0.037798501304990975
6538,146.25,23.75,23.75,0.0,2,0.0909406318530287
6539,148.75,23.75,23.75,0.0,2,0.1444297504535978
6540,151.25,23.75,23.75,0.0,2,0.13207800321345337
6541,153.75,23.75,23.75,0.0,2,0.12477461553845409
6542,156.25,23.75,23.75,0.0,2,0.11757144061184052
6543,158.75,23.75,23.75,0.0,2,0.10118505472509887
6544,161.25,23.75,23.75,0.0,2,0.09533673760817805
6545,163.75,23.75,23.75,0.0,2,0.08831561983420345
6546,166.25,23.75,23.75,0.0,2,0.08205254838960357
6547,168.75,23.75,23.75,0.0,2,0.05401484259727653
6548,171.25,23.75,23.75,0.0,2,0.037877668452824226
6549,173.75,23.75,23.75,0.0,2,0.028946944401680098
6550,176.25,23.75,23.75,0.0,2,-0.006496821490205804
6551,178.75,23.75,23.75,0.0,2,-0.06869301336146136
6552,181.25,23.75,23.75,0.0,2,-0.10928386515453249
6553,183.75,23.75,23.75,0.0,2,-0.11270680193323397
6554,186.25,23.75,23.75,0.0,2,-0.12031530793107707
6555,188.75,23.75,23.75,0.0,2,-0.11058276757870585
6556,191.25,23.75,23.75,0.0,2,-0.11461010218604743
6557,193.75,23.75,23.75,0.0,2,-0.13341926298761542
6558,196.25,23.75,23.75,0.0,2,-0.12697847857788974
6559,198.75,23.75,23.75,0.0,2,-0.1190412263715428
6560,201.25,23.75,23.75,0.0,2,-0.15405085891395642
6561,203.75,23.75,23.75,0.0,2,-0.15940590091384838
6562,206.25,23.75,23.75,0.0,2,-0.15489330545559188
6563,208.75,23.75,23.75,0.0,2,-0.12982599733644173
6564,211.25,23.75,23.75,0.0,2,-0.12552387076240654
6565,213.75,23.75,23.75,0.0,2,-0.15748199007001934
6566,216.25,23.75,23.75,0.0,2,-0.1601420732193121
6567,218.75,23.75,23.75,0.0,2,-0.144118051190964
6568,221.25,23.75,23.75,0.0,2,-0.12543580343527616
6569,223.75,23.75,23.75,0.0,2,-0.11499078887386875
6570,226.25,23.75,23.75,0.0,2,-0.09733621334864727
6571,228.75,23.75,23.75,0.0,2,-0.06788487545769299
6572,231.25,23.75,23.75,0.0,2,-0.02623554098913055
6573,233.75,23.75,23.75,0.0,2,-0.005038351237163424
6574,236.25,23.75,23.75,0.0,2,-0.006184149627990729
6575,238.75,23.75,23.75,0.0,2,-0.018177070975649676
6576,241.25,23.75,23.75,0.0,2,-0.01276028847137528
6577,243.75,23.75,23.75,0.0,2,0.043776525578448
6578,246.25,23.75,23.75,0.0,2,0.12767274809586188
6579,248.75,23.75,23.75,0.0,2,0.09662143036197782
6580,251.25,23.75,23.75,0.0,2,0.0571820321917339
6581,253.75,23.75,23.75,0.0,2,0.00964625953074654
6582,256.25,23.75,23.75,1.0,0,-0.02321702953789726
6583,258.75,23.75,23.75,1.0,0,0.03619590303585057
6584,261.25,23.75,23.75,0.0,2,0.019687650534495414
6585,263.75,23.75,23.75,0.0,2,0.02242114166908504
6586,266.25,23.75,23.75,0.0,2,0.07046173170848224
6587,268.75,23.75,23.75,0.0,2,0.07154051318204811
6588,271.25,23.75,23.75,0.0,2,0.06334038157902727
6589,273.75,23.75,23.75,0.0,2,0.08435670759983283
6590,276.25,23.75,23.75,0.0,2,0.12509082447367706
6591,278.75,23.75,23.75,0.0,2,0.18691783195354955
6592,281.25,23.75,23.75,0.0,1,0.20891074542535915
6593,283.75,23.75,23.75,0.0,1,0.17161342567690133
6594,286.25,23.75,23.75,0.0,1,0.18711757093726616
6595,288.75,23.75,23.75,0.0,1,0.24551872040138564
6596,291.25,23.75,23.75,0.0,1,0.20247808460744235
6597,293.75,23.75,23.75,0.0,1,0.16593798992469258
6598,296.25,23.75,23.75,0.0,1,0.12670819201510103
6599,298.75,23.75,23.75,0.0,1,0.13783123313226017
6600,301.25,23.75,23.75,0.0,1,0.15250062239534776
6601,303.75,23.75,23.75,0.0,1,0.12339009950210646
6602,306.25,23.75,23.75,0.0,1,0.098406340814345
6603,308.75,23.75,23.75,0.0,1,0.09786881526785701
6604,311.25,23.75,23.75,0.0,1,0.10532244513477636
6605,313.75,23.75,23.75,0.0,1,0.09658894104971145
6606,316.25,23.75,23.75,0.0,1,0.06471994381084106
6607,318.75,23.75,23.75,0.0,1,0.02023447197683915
6608,321.25,23.75,23.75,0.0,1,0.013523234483559373
6609,323.75,23.75,23.75,0.0,1,-0.020222719738916758
6610,326.25,23.75,23.75,0.0,1,-0.06357766690529087
6611,328.75,23.75,23.75,0.0,1,-0.08198766173251996
6612,331.25,23.75,23.75,0.0,1,-0.07417387541113227
6613,333.75,23.75,23.75,0.0,1,-0.05142612805145593
6614,336.25,23.75,23.75,0.0,1,-0.037032159051240264
6615,338.75,23.75,23.75,0.0,1,-0.02788853062523364
6616,341.25,23.75,23.75,0.0,1,-0.017610237462806145
6617,343.75,23.75,23.75,0.0,1,-0.0034071000582184515
6618,346.25,23.75,23.75,1.0,0,0.016676525295835548
6619,348.75,23.75,23.75,1.0,0,0.020425265811225262
6620,351.25,23.75,23.75,1.0,0,0.014725728732138007
6621,353.75,23.75,23.75,1.0,0,0.008237015734391222
6622,356.25,23.75,23.75,1.0,0,0.008419915862101843
6623,358.75,23.75,23.75,1.0,0,0.004869615312194038
6624,1.25,26.25,26.25,1.0,0,0.0019880162505215735
6625,3.75,26.25,26.25,1.0,0,-0.0002570803888519179
6626,6.25,26.25,26.25,1.0,0,-0.0017464168295569088
6627,8.75,26.25,26.25,1.0,0,-0.0026802891503315443
6628,11.25,26.25,26.25,1.0,0,-0.002343592093053376
6629,13.75,26.25,26.25,1.0,0,-0.0019138987252956896
6630,16.25,26.25,26.25,1.0,0,-0.0018624399963734918
6631,18.75,26.25,26.25,1.0,0,-0.0014380219187372918
6632,21.25,26.25,26.25,1.0,0,-0.0022261132183995325
6633,23.75,26.25,26.25,1.0,0,-0.0024789792743527862
6634,26.25,26.25,26.25,1.0,0,-0.001976735201611361
6635,28.75,26.25,26.25,1.0,0,-0.0012717940872844786
6636,31.25,26.25,26.25,1.0,0,-0.0022094335116907473
6637,33.75,26.25,26.25,0.0,3,-0.002638061865491517
6638,36.25,26.25,26.25,0.0,3,-0.0040674668438609
6639,38.75,26.25,26.25,1.0,0,0.0007387495922612486
6640,41.25,26.25,26.25,1.0,0,0.0011740611614760778
6641,43.75,26.25,26.25,1.0,0,-0.003814612205086487
6642,46.25,26.25,26.25,1.0,0,-0.004339433552201002
6643,48.75,26.25,26.25,0.0,3,-0.0041529042827191534
6644,51.25,26.25,26.25,0.0,3,0.004027842870390152
6645,53.75,26.25,26.25,0.0,3,0.002963880007226658
6646,56.25,26.25,26.25,0.0,3,-0.0011576565446102074
6647,58.75,26.25,26.25,0.0,3,-0.009386556572800265
6648,61.25,26.25,26.25,1.0,0,-0.008979632442322978
6649,63.75,26.25,26.25,0.0,3,-0.0034089340812535926
6650,66.25,26.25,26.25,0.0,3,0.009940874240942291
6651,68.75,26.25,26.25,1.0,0,0.0024302371528971815
6652,71.25,26.25,26.25,1.0,0,0.04344130042883933
6653,73.75,26.25,26.25,1.0,0,0.1442282881849353
6654,76.25,26.25,26.25,1.0,0,0.13291649127289693
6655,78.75,26.25,26.25,1.0,0,0.1567103338352058
6656,81.25,26.25,26.25,1.0,0,0.22070987087847632
6657,83.75,26.25,26.25,1.0,0,0.1968417916157428
6658,86.25,26.25,26.25,1.0,0,0.13951841895429692
6659,88.75,26.25,26.25,1.0,0,0.016180140556874115
6660,91.25,26.25,26.25,1.0,0,0.05237813180475268
6661,93.75,26.25,26.25,1.0,0,-0.022414451740013715
6662,96.25,26.25,26.25,1.0,0,-0.12282328568022034
6663,98.75,26.25,26.25,1.0,0,-0.21325975488753046
6664,101.25,26.25,26.25,1.0,0,-0.2294626090206724
6665,103.75,26.25,26.25,1.0,0,-0.2200711671853829
6666,106.25,26.25,26.25,1.0,0,-0.20649490357104827
6667,108.75,26.25,26.25,1.0,0,-0.18849246017650298
6668,111.25,26.25,26.25,1.0,0,-0.20700404513050963
6669,113.75,26.25,26.25,1.0,0,-0.31272143126219404
6670,116.25,26.25,26.25,1.0,0,-0.36714244726034745
6671,118.75,26.25,26.25,1.0,0,-0.26769127563371053
6672,121.25,26.25,26.25,0.0,2,-0.16718063963321583
6673,123.75,26.25,26.25,0.0,2,-0.10097587703372941
6674,126.25,26.25,26.25,0.0,2,-0.026709049024211978
6675,128.75,26.25,26.25,0.0,2,0.02888950612438649
6676,131.25,26.25,26.25,0.0,2,0.06109893799142384
6677,133.75,26.25,26.25,0.0,2,0.0889075714368452
6678,136.25,26.25,26.25,0.0,2,0.0920997058886498
6679,138.75,26.25,26.25,0.0,2,0.039459968571192924
6680,141.25,26.25,26.25,0.0,2,0.009743503467467735
6681,143.75,26.25,26.25,0.0,2,-0.006661650375418319
6682,146.25,26.25,26.25,0.0,2,0.0177338308647518
6683,148.75,26.25,26.25,0.0,2,0.05205220076366608
6684,151.25,26.25,26.25,0.0,2,0.05900804656798073
6685,153.75,26.25,26.25,0.0,2,0.07934118269707567
6686,156.25,26.25,26.25,0.0,2,0.07615129743155577
6687,158.75,26.25,26.25,0.0,2,0.0741713681522164
6688,161.25,26.25,26.25,0.0,2,0.05408585247096596
6689,163.75,26.25,26.25,0.0,2,0.04644074308483105
6690,166.25,26.25,26.25,0.0,2,0.03163065924519639
6691,168.75,26.25,26.25,0.0,2,0.03792345254929984
6692,171.25,26.25,26.25,0.0,2,0.029744318445616272
6693,173.75,26.25,26.25,0.0,2,0.0083671658587094
6694,176.25,26.25,26.25,0.0,2,-0.01795221688018854
6695,178.75,26.25,26.25,0.0,2,-0.04878060756263697
6696,181.25,26.25,26.25,0.0,2,-0.06188242488447933
6697,183.75,26.25,26.25,0.0,2,-0.07376226494464176
6698,186.25,26.25,26.25,0.0,2,-0.0746050636575927
6699,188.75,26.25,26.25,0.0,2,-0.07202686157595378
6700,191.25,26.25,26.25,0.0,2,-0.09242079924105502
6701,193.75,26.25,26.25,0.0,2,-0.11811915349588667
6702,196.25,26.25,26.25,0.0,2,-0.11976093623643452
6703,198.75,26.25,26.25,0.0,2,-0.13271103740012918
6704,201.25,26.25,26.25,0.0,2,-0.16016589191059963
6705,203.75,26.25,26.25,0.0,2,-0.16145289087783768
6706,206.25,26.25,26.25,0.0,2,-0.16297568853525823
6707,208.75,26.25,26.25,0.0,2,-0.1288261395552468
6708,211.25,26.25,26.25,0.0,2,-0.12595427925773592
6709,213.75,26.25,26.25,0.0,2,-0.14504584405936907
6710,216.25,26.25,26.25,0.0,2,-0.16556772933740965
6711,218.75,26.25,26.25,0.0,2,-0.1610927612174717
6712,221.25,26.25,26.25,0.0,2,-0.14451046409046361
6713,223.75,26.25,26.25,0.0,2,-0.11848996176924181
6714,226.25,26.25,26.25,0.0,2,-0.09290021491587479
6715,228.75,26.25,26.25,0.0,2,-0.07351047213693192
6716,231.25,26.25,26.25,0.0,2,-0.03931021023282066
6717,233.75,26.25,26.25,0.0,2,-0.019082684694208922
6718,236.25,26.25,26.25,0.0,2,-0.03503108562088977
6719,238.75,26.25,26.25,0.0,2,-0.043133680395555284
6720,241.25,26.25,26.25,0.0,2,-0.03021038251639859
6721,243.75,26.25,26.25,0.0,2,0.047094835059449024
6722,246.25,26.25,26.25,0.0,2,0.09260546364614163
6723,248.75,26.25,26.25,0.0,2,0.08946491493214782
6724,251.25,26.25,26.25,0.0,2,0.06689532569040668
6725,253.75,26.25,26.25,1.0,0,-0.06494960448465778
6726,256.25,26.25,26.25,1.0,0,-0.0360164679816042
6727,258.75,26.25,26.25,1.0,0,0.005519124892443799
6728,261.25,26.25,26.25,1.0,0,-0.007417591649635267
6729,263.75,26.25,26.25,0.0,2,0.03065090059664101
6730,266.25,26.25,26.25,0.0,2,0.07852510087052761
6731,268.75,26.25,26.25,0.0,2,0.10973362830225236
6732,271.25,26.25,26.25,0.0,2,0.16564477034789363
6733,273.75,26.25,26.25,0.0,2,0.1781035002226564
6734,276.25,26.25,26.25,0.0,2,0.19420760365509968
6735,278.75,26.25,26.25,0.0,2,0.25190728222960673
6736,281.25,26.25,26.25,0.0,1,0.2769664339078298
6737,283.75,26.25,26.25,0.0,1,0.12252211505851701
6738,286.25,26.25,26.25,0.0,1,0.17749958649070824
6739,288.75,26.25,26.25,0.0,1,0.29593712513779746
6740,291.25,26.25,26.25,0.0,1,0.23969257746042613
6741,293.75,26.25,26.25,0.0,1,0.23252751407477554
6742,296.25,26.25,26.25,0.0,1,0.22463011046442513
6743,298.75,26.25,26.25,0.0,1,0.21694618307568575
6744,301.25,26.25,26.25,0.0,1,0.19488807395596258
6745,303.75,26.25,26.25,0.0,1,0.15238507990097278
6746,306.25,26.25,26.25,0.0,1,0.1419419193772519
6747,308.75,26.25,26.25,0.0,1,0.1399670027661244
6748,311.25,26.25,26.25,0.0,1,0.13350701161888884
6749,313.75,26.25,26.25,0.0,1,0.12158403777708676
6750,316.25,26.25,26.25,0.0,1,0.09835641184084704
6751,318.75,26.25,26.25,0.0,1,0.09486363829249217
6752,321.25,26.25,26.25,0.0,1,0.08456596582398371
6753,323.75,26.25,26.25,0.0,1,0.045383621205200037
6754,326.25,26.25,26.25,0.0,1,-0.006884416245661391
6755,328.75,26.25,26.25,0.0,1,-0.049294614606441904
6756,331.25,26.25,26.25,0.0,1,-0.06906971235191864
6757,333.75,26.25,26.25,0.0,1,-0.06704839917079314
6758,336.25,26.25,26.25,0.0,1,-0.06394178274679219
6759,338.75,26.25,26.25,0.0,1,-0.06260361050002501
6760,341.25,26.25,26.25,0.0,1,-0.04576115686746167
6761,343.75,26.25,26.25,0.0,1,-0.027514896095426046
6762,346.25,26.25,26.25,0.0,1,-0.013812209797443168
6763,348.75,26.25,26.25,1.0,0,-0.0009882948054305387
6764,351.25,26.25,26.25,1.0,0,0.005052912686073623
6765,353.75,26.25,26.25,1.0,0,0.003730104300877046
6766,356.25,26.25,26.25,1.0,0,0.006224622555225509
6767,358.75,26.25,26.25,1.0,0,0.0032371588654301476
6768,1.25,28.75,28.75,1.0,0,0.0005373207192584437
6769,3.75,28.75,28.75,1.0,0,-0.00027076628079531807
6770,6.25,28.75,28.75,1.0,0,-0.0027452120969633257
6771,8.75,28.75,28.75,1.0,0,-0.0050379063772569245
6772,11.25,28.75,28.75,1.0,0,-0.0074989091255667885
6773,13.75,28.75,28.75,1.0,0,-0.005726708443643543
6774,16.25,28.75,28.75,1.0,0,-0.004894831052051506
6775,18.75,28.75,28.75,1.0,0,-0.002910394158746925
6776,21.25,28.75,28.75,1.0,0,-0.002638043062519718
6777,23.75,28.75,28.75,1.0,0,-0.003214408880278608
6778,26.25,28.75,28.75,1.0,0,-0.0037353602598202322
6779,28.75,28.75,28.75,1.0,0,-0.004952915762262762
6780,31.25,28.75,28.75,1.0,0,-0.005461582481878
6781,33.75,28.75,28.75,1.0,0,-0.005299103692191029
6782,36.25,28.75,28.75,1.0,0,-0.005860876671153662
6783,38.75,28.75,28.75,1.0,0,-0.0020004357662886866
6784,41.25,28.75,28.75,1.0,0,0.0028274656583440983
6785,43.75,28.75,28.75,1.0,0,0.005007070825086314
6786,46.25,28.75,28.75,1.0,0,0.006895516000005931
6787,48.75,28.75,28.75,0.0,3,0.015963281627073347
6788,51.25,28.75,28.75,0.0,3,-0.006960245881007945
6789,53.75,28.75,28.75,1.0,0,-0.020423282930118317
6790,56.25,28.75,28.75,1.0,0,-0.008812020351387144
6791,58.75,28.75,28.75,1.0,0,-0.013230285341366119
6792,61.25,28.75,28.75,1.0,0,-0.016430135749319414
6793,63.75,28.75,28.75,1.0,0,-0.008254686647084753
6794,66.25,28.75,28.75,1.0,0,0.00036967651214038933
6795,68.75,28.75,28.75,1.0,0,0.007934336106923649
6796,71.25,28.75,28.75,1.0,0,0.025305742342626582
6797,73.75,28.75,28.75,1.0,0,0.10627930997199626
6798,76.25,28.75,28.75,1.0,0,0.13724432956950758
6799,78.75,28.75,28.75,1.0,0,0.05583912052973223
6800,81.25,28.75,28.75,1.0,0,-0.025723412016011606
6801,83.75,28.75,28.75,1.0,0,-0.029940183367263708
6802,86.25,28.75,28.75,1.0,0,-0.04435065180082062
6803,88.75,28.75,28.75,1.0,0,-0.03716851806506215
6804,91.25,28.75,28.75,1.0,0,0.08808200691743191
6805,93.75,28.75,28.75,1.0,0,-0.0630999388206044
6806,96.25,28.75,28.75,1.0,0,-0.5325227141992974
6807,98.75,28.75,28.75,1.0,0,-0.3442676344098802
6808,101.25,28.75,28.75,1.0,0,-0.16936305284247172
6809,103.75,28.75,28.75,1.0,0,-0.26890500541789286
6810,106.25,28.75,28.75,1.0,0,-0.15314446932089384
6811,108.75,28.75,28.75,1.0,0,-0.134494940278279
6812,111.25,28.75,28.75,1.0,0,-0.1522515593260693
6813,113.75,28.75,28.75,1.0,0,-0.2222247927552015
6814,116.25,28.75,28.75,1.0,0,-0.2656552698582049
6815,118.75,28.75,28.75,1.0,0,-0.24364726798709802
6816,121.25,28.75,28.75,0.0,2,-0.19231559009177757
6817,123.75,28.75,28.75,0.0,2,-0.11957321475791201
6818,126.25,28.75,28.75,0.0,2,-0.05281385727753001
6819,128.75,28.75,28.75,0.0,2,-0.044691480279283456
6820,131.25,28.75,28.75,0.0,2,0.02051886944309269
6821,133.75,28.75,28.75,0.0,2,0.06399597069581715
6822,136.25,28.75,28.75,0.0,2,0.04162570692543475
6823,138.75,28.75,28.75,0.0,2,-0.030176537246751258
6824,141.25,28.75,28.75,0.0,2,-0.044011649472456206
6825,143.75,28.75,28.75,0.0,2,-0.057495387201156684
6826,146.25,28.75,28.75,0.0,2,-0.05642406844071505
6827,148.75,28.75,28.75,0.0,2,-0.03297173553689821
6828,151.25,28.75,28.75,0.0,2,-0.06805884934169223
6829,153.75,28.75,28.75,0.0,2,-0.06263543385263386
6830,156.25,28.75,28.75,0.0,2,-0.04810034420878793
6831,158.75,28.75,28.75,0.0,2,-0.022262036625666674
6832,161.25,28.75,28.75,0.0,2,-0.018935041804726375
6833,163.75,28.75,28.75,0.0,2,-0.028660139744340507
6834,166.25,28.75,28.75,0.0,2,-0.023110099604785817
6835,168.75,28.75,28.75,0.0,2,-0.004670587933788424
6836,171.25,28.75,28.75,0.0,2,-0.016184095243730514
6837,173.75,28.75,28.75,0.0,2,-0.044186668182820084
6838,176.25,28.75,28.75,0.0,2,-0.052318515563206665
6839,178.75,28.75,28.75,0.0,2,-0.06196576458095086
6840,181.25,28.75,28.75,0.0,2,-0.0551679679181806
6841,183.75,28.75,28.75,0.0,2,-0.06013633851971881
6842,186.25,28.75,28.75,0.0,2,-0.06031129749090433
6843,188.75,28.75,28.75,0.0,2,-0.06615167725375444
6844,191.25,28.75,28.75,0.0,2,-0.10922430981801684
6845,193.75,28.75,28.75,0.0,2,-0.13714417806050083
6846,196.25,28.75,28.75,0.0,2,-0.1635079407785837
6847,198.75,28.75,28.75,0.0,2,-0.16448762749686424
6848,201.25,28.75,28.75,0.0,2,-0.16793709622598188
6849,203.75,28.75,28.75,0.0,2,-0.16954286215895686
6850,206.25,28.75,28.75,0.0,2,-0.16250391728782096
6851,208.75,28.75,28.75,0.0,2,-0.14212317418611287
6852,211.25,28.75,28.75,0.0,2,-0.1427833690785559
6853,213.75,28.75,28.75,0.0,2,-0.150671384971739
6854,216.25,28.75,28.75,0.0,2,-0.1454796265025735
6855,218.75,28.75,28.75,0.0,2,-0.15107525775607322
6856,221.25,28.75,28.75,0.0,2,-0.14383411825158343
6857,223.75,28.75,28.75,0.0,2,-0.1258412463689211
6858,226.25,28.75,28.75,0.0,2,-0.10842895317180064
6859,228.75,28.75,28.75,0.0,2,-0.08915929540605001
6860,231.25,28.75,28.75,0.0,2,-0.06657117415481686
6861,233.75,28.75,28.75,0.0,2,-0.055093457898994454
6862,236.25,28.75,28.75,0.0,2,-0.05407253975916451
6863,238.75,28.75,28.75,0.0,2,-0.06266648744084455
6864,241.25,28.75,28.75,0.0,2,-0.05506439984720139
6865,243.75,28.75,28.75,0.0,2,0.029987161719630236
6866,246.25,28.75,28.75,0.0,2,0.015475351570542945
6867,248.75,28.75,28.75,1.0,0,0.07548256719332824
6868,251.25,28.75,28.75,1.0,0,-0.0029121872795780683
6869,253.75,28.75,28.75,1.0,0,-0.05205335516816052
6870,256.25,28.75,28.75,1.0,0,-0.03696172456372451
6871,258.75,28.75,28.75,1.0,0,-0.029629705003929387
6872,261.25,28.75,28.75,1.0,0,-0.014580232981047589
6873,263.75,28.75,28.75,0.0,2,-0.005599699347483438
6874,266.25,28.75,28.75,0.0,2,0.0446122392955301
6875,268.75,28.75,28.75,0.0,2,0.11113528871853817
6876,271.25,28.75,28.75,0.0,2,0.18612812200272372
6877,273.75,28.75,28.75,0.0,2,0.2501142954971059
6878,276.25,28.75,28.75,0.0,2,0.25838868549373484
6879,278.75,28.75,28.75,0.0,2,0.31428790322380634
6880,281.25,28.75,28.75,0.0,1,0.27708290635844335
6881,283.75,28.75,28.75,0.0,1,0.10453542338672533
6882,286.25,28.75,28.75,0.0,1,0.12737130306478509
6883,288.75,28.75,28.75,0.0,1,0.2833317340130026
6884,291.25,28.75,28.75,0.0,1,0.2199043618207079
6885,293.75,28.75,28.75,0.0,1,0.19354695418601564
6886,296.25,28.75,28.75,0.0,1,0.1937152537371983
6887,298.75,28.75,28.75,0.0,1,0.17210689479796462
6888,301.25,28.75,28.75,0.0,1,0.14614008112188956
6889,303.75,28.75,28.75,0.0,1,0.1855890157550106
6890,306.25,28.75,28.75,0.0,1,0.20664657607897055
6891,308.75,28.75,28.75,0.0,1,0.15469745993222267
6892,311.25,28.75,28.75,0.0,1,0.13710267383801256
6893,313.75,28.75,28.75,0.0,1,0.11967993924290515
6894,316.25,28.75,28.75,0.0,1,0.10569065746866867
6895,318.75,28.75,28.75,0.0,1,0.10526500937143109
6896,321.25,28.75,28.75,0.0,1,0.07070029572920211
6897,323.75,28.75,28.75,0.0,1,0.03275589766096856
6898,326.25,28.75,28.75,0.0,1,-0.002427614322265544
6899,328.75,28.75,28.75,0.0,1,-0.041128601560627816
6900,331.25,28.75,28.75,0.0,1,-0.05339757663917325
6901,333.75,28.75,28.75,0.0,1,-0.06071406596775807
6902,336.25,28.75,28.75,0.0,1,-0.07205936226118918
6903,338.75,28.75,28.75,0.0,1,-0.07409233289746446
6904,341.25,28.75,28.75,0.0,1,-0.0742970038788943
6905,343.75,28.75,28.75,0.0,1,-0.06282284399778564
6906,346.25,28.75,28.75,0.0,1,-0.05302498624223793
6907,348.75,28.75,28.75,0.0,1,-0.0591514939326686
6908,351.25,28.75,28.75,1.0,0,-0.02389433999671368
6909,353.75,28.75,28.75,1.0,0,-0.007862981565782962
6910,356.25,28.75,28.75,1.0,0,-0.0004601337126386837
6911,358.75,28.75,28.75,1.0,0,0.00014414841905100495
6912,1.25,31.25,31.25,1.0,0,-0.01070331763259932
6913,3.75,31.25,31.25,1.0,0,-0.004054013563616938
6914,6.25,31.25,31.25,1.0,0,0.00028182682998675445
6915,8.75,31.25,31.25,1.0,0,-0.002714088352056517
6916,11.25,31.25,31.25,1.0,0,-0.009080967368150188
6917,13.75,31.25,31.25,1.0,0,-0.003420866733156941
6918,16.25,31.25,31.25,0.0,1,0.004140098317940972
6919,18.75,31.25,31.25,0.0,1,0.010834256627250615
6920,21.25,31.25,31.25,1.0,0,0.009063742281737407
6921,23.75,31.25,31.25,0.0,1,0.0008662345866588092
6922,26.25,31.25,31.25,0.0,1,-0.0059163023307831275
6923,28.75,31.25,31.25,0.0,1,-0.003277788709732987
6924,31.25,31.25,31.25,0.0,2,0.004350425866976669
6925,33.75,31.25,31.25,0.0,2,0.001679845394990644
6926,36.25,31.25,31.25,1.0,0,-0.018313423001916816
6927,38.75,31.25,31.25,1.0,0,-0.013065841007683567
6928,41.25,31.25,31.25,1.0,0,-0.0005866549649169158
6929,43.75,31.25,31.25,1.0,0,0.0034420902409300303
6930,46.25,31.25,31.25,1.0,0,-0.001883468821864501
6931,48.75,31.25,31.25,1.0,0,-0.016976299249507262
6932,51.25,31.25,31.25,1.0,0,-0.03982175429428144
6933,53.75,31.25,31.25,1.0,0,-0.025196253396141427
6934,56.25,31.25,31.25,1.0,0,-0.008041089604307635
6935,58.75,31.25,31.25,1.0,0,-0.018682399584992623
6936,61.25,31.25,31.25,1.0,0,-0.025728685525655052
6937,63.75,31.25,31.25,1.0,0,-0.041442031639150625
6938,66.25,31.25,31.25,1.0,0,-0.05126489623115465
6939,68.75,31.25,31.25,1.0,0,-0.009165910181812268
6940,71.25,31.25,31.25,1.0,0,-0.012050845547576974
6941,73.75,31.25,31.25,1.0,0,0.046042781741470376
6942,76.25,31.25,31.25,1.0,0,0.0940486305486526
6943,78.75,31.25,31.25,1.0,0,-0.035740785785268375
6944,81.25,31.25,31.25,1.0,0,-0.03934644965210899
6945,83.75,31.25,31.25,1.0,0,0.049156979866303324
6946,86.25,31.25,31.25,1.0,0,0.16641557103618415
6947,88.75,31.25,31.25,1.0,0,0.15423409991879766
6948,91.25,31.25,31.25,1.0,0,0.14676084004680442
6949,93.75,31.25,31.25,1.0,0,0.07485322253898055
6950,96.25,31.25,31.25,1.0,0,-0.04016620073934761
6951,98.75,31.25,31.25,1.0,0,-0.05740031423002094
6952,101.25,31.25,31.25,1.0,0,-0.10757185943171907
6953,103.75,31.25,31.25,1.0,0,-0.39891492133440487
6954,106.25,31.25,31.25,1.0,0,-0.22152725107244078
6955,108.75,31.25,31.25,1.0,0,-0.10071761900597535
6956,111.25,31.25,31.25,1.0,0,-0.058867427318854984
6957,113.75,31.25,31.25,1.0,0,-0.03178070765066228
6958,116.25,31.25,31.25,1.0,0,-0.05639179572328938
6959,118.75,31.25,31.25,1.0,0,-0.1035902577715699
6960,121.25,31.25,31.25,0.0,2,-0.1134961314475873
6961,123.75,31.25,31.25,0.0,2,-0.10335740543259898
6962,126.25,31.25,31.25,0.0,2,-0.02112923117654511
6963,128.75,31.25,31.25,0.0,2,-0.02240259078191179
6964,131.25,31.25,31.25,0.0,2,0.022875520589168637
6965,133.75,31.25,31.25,0.0,2,0.056489432860685765
6966,136.25,31.25,31.25,0.0,2,0.07658861137921864
6967,138.75,31.25,31.25,0.0,2,0.05024063897369141
6968,141.25,31.25,31.25,0.0,2,0.02407885991733495
6969,143.75,31.25,31.25,0.0,2,-0.04298229811754171
6970,146.25,31.25,31.25,0.0,2,-0.08004641546949202
6971,148.75,31.25,31.25,0.0,2,-0.07781357202167156
6972,151.25,31.25,31.25,0.0,2,-0.11711758956428645
6973,153.75,31.25,31.25,0.0,2,-0.13817423300003484
6974,156.25,31.25,31.25,0.0,2,-0.11186637794123454
6975,158.75,31.25,31.25,0.0,2,-0.07884944851800857
6976,161.25,31.25,31.25,0.0,2,-0.09075228855270832
6977,163.75,31.25,31.25,0.0,2,-0.07876542492266342
6978,166.25,31.25,31.25,0.0,2,-0.051142125556777454
6979,168.75,31.25,31.25,0.0,2,-0.034781780465647026
6980,171.25,31.25,31.25,0.0,2,-0.024350875269703726
6981,173.75,31.25,31.25,0.0,2,-0.03314440619359975
6982,176.25,31.25,31.25,0.0,2,-0.06305645791129895
6983,178.75,31.25,31.25,0.0,2,-0.05197898185160311
6984,181.25,31.25,31.25,0.0,2,-0.04323135157212567
6985,183.75,31.25,31.25,0.0,2,-0.05482331953428079
6986,186.25,31.25,31.25,0.0,2,-0.07557775301442088
6987,188.75,31.25,31.25,0.0,2,-0.0735134270968508
6988,191.25,31.25,31.25,0.0,2,-0.10685818109158027
6989,193.75,31.25,31.25,0.0,2,-0.1602678186623757
6990,196.25,31.25,31.25,0.0,2,-0.18964173681658397
6991,198.75,31.25,31.25,0.0,2,-0.18051628820410182
6992,201.25,31.25,31.25,0.0,2,-0.18472639244502084
6993,203.75,31.25,31.25,0.0,2,-0.19542017308515955
6994,206.25,31.25,31.25,0.0,2,-0.18105229236501472
6995,208.75,31.25,31.25,0.0,2,-0.18582452716653797
6996,211.25,31.25,31.25,0.0,2,-0.18677328720858968
6997,213.75,31.25,31.25,0.0,2,-0.16162422542834556
6998,216.25,31.25,31.25,0.0,2,-0.1461616772209023
6999,218.75,31.25,31.25,0.0,2,-0.12743084290984075
7000,221.25,31.25,31.25,0.0,2,-0.11212365882509033
7001,223.75,31.25,31.25,0.0,2,-0.12017069706731465
7002,226.25,31.25,31.25,0.0,2,-0.13585881434071
7003,228.75,31.25,31.25,0.0,2,-0.1306873627267569
7004,231.25,31.25,31.25,0.0,2,-0.11360676633984644
7005,233.75,31.25,31.25,0.0,2,-0.09357133314430027
7006,236.25,31.25,31.25,0.0,2,-0.07767937889172198
7007,238.75,31.25,31.25,0.0,2,-0.08927527069946743
7008,241.25,31.25,31.25,0.0,2,-0.08744850768661684
7009,243.75,31.25,31.25,0.0,2,-0.04691869587987582
7010,246.25,31.25,31.25,1.0,0,-0.03771755048388312
7011,248.75,31.25,31.25,1.0,0,0.0011609345612691184
7012,251.25,31.25,31.25,1.0,0,-0.03793570897940755
7013,253.75,31.25,31.25,1.0,0,-0.023068554906426095
7014,256.25,31.25,31.25,1.0,0,-0.04826392101730628
7015,258.75,31.25,31.25,1.0,0,-0.051380133278772895
7016,261.25,31.25,31.25,1.0,0,-0.03387164070660036
7017,263.75,31.25,31.25,1.0,0,-0.0505303212747473
7018,266.25,31.25,31.25,1.0,0,0.01836336954989741
7019,268.75,31.25,31.25,1.0,0,0.07146130309722501
7020,271.25,31.25,31.25,1.0,0,0.1606425184162638
7021,273.75,31.25,31.25,1.0,0,0.2873656976791769
7022,276.25,31.25,31.25,1.0,0,0.32896476838337324
7023,278.75,31.25,31.25,0.0,2,0.26013682675244876
7024,281.25,31.25,31.25,0.0,1,0.21383230122803462
7025,283.75,31.25,31.25,0.0,1,0.20733227476310295
7026,286.25,31.25,31.25,0.0,1,0.03833070870798919
7027,288.75,31.25,31.25,0.0,1,0.005769694633109707
7028,291.25,31.25,31.25,0.0,1,0.05575991789687008
7029,293.75,31.25,31.25,0.0,1,0.09771303356708666
7030,296.25,31.25,31.25,0.0,1,0.0835821076705691
7031,298.75,31.25,31.25,0.0,1,0.04507244612496009
7032,301.25,31.25,31.25,0.0,1,0.042287035311947926
7033,303.75,31.25,31.25,0.0,1,0.08453230894146577
7034,306.25,31.25,31.25,0.0,1,0.11261525325879107
7035,308.75,31.25,31.25,0.0,1,0.10951370001641877
7036,311.25,31.25,31.25,0.0,1,0.1516854012466173
7037,313.75,31.25,31.25,0.0,1,0.15854790282932443
7038,316.25,31.25,31.25,0.0,1,0.1320870035005391
7039,318.75,31.25,31.25,0.0,1,0.12094978632219114
7040,321.25,31.25,31.25,0.0,1,0.09219080932803772
7041,323.75,31.25,31.25,0.0,1,0.047940883244726486
7042,326.25,31.25,31.25,0.0,1,0.021855413666534963
7043,328.75,31.25,31.25,0.0,1,-0.017302493386905805
7044,331.25,31.25,31.25,0.0,1,-0.03881728258314311
7045,333.75,31.25,31.25,0.0,1,-0.05774739576225155
7046,336.25,31.25,31.25,0.0,1,-0.06117786489176658
7047,338.75,31.25,31.25,0.0,1,-0.07698447001536647
7048,341.25,31.25,31.25,0.0,1,-0.08457383707156696
7049,343.75,31.25,31.25,0.0,1,-0.07575801638345056
7050,346.25,31.25,31.25,0.0,1,-0.0657438097507623
7051,348.75,31.25,31.25,0.0,1,-0.12773916780896785
7052,351.25,31.25,31.25,1.0,0,-0.14938584684725073
7053,353.75,31.25,31.25,1.0,0,-0.06435763776438844
7054,356.25,31.25,31.25,1.0,0,-0.02358975327550833
7055,358.75,31.25,31.25,1.0,0,-0.013727702067690936
7056,1.25,33.75,33.75,1.0,0,-0.0398662837424016
7057,3.75,33.75,33.75,1.0,0,-0.017324726492016197
7058,6.25,33.75,33.75,1.0,0,-0.007277591989697127
7059,8.75,33.75,33.75,1.0,0,-0.0031176923278251585
7060,11.25,33.75,33.75,0.0,1,0.011919090257217255
7061,13.75,33.75,33.75,0.0,1,0.0197269493620728
7062,16.25,33.75,33.75,0.0,1,0.018644014176187818
7063,18.75,33.75,33.75,0.0,1,0.011464913826754944
7064,21.25,33.75,33.75,0.0,1,0.01553518670176972
7065,23.75,33.75,33.75,0.0,1,0.013515073454220462
7066,26.25,33.75,33.75,0.0,1,0.0005465640294686459
7067,28.75,33.75,33.75,0.0,1,0.005215590571838598
7068,31.25,33.75,33.75,0.0,2,0.018422975597884743
7069,33.75,33.75,33.75,0.0,2,0.03216255842862686
7070,36.25,33.75,33.75,0.0,2,-0.00819835458669529
7071,38.75,33.75,33.75,1.0,0,-0.025812110141030728
7072,41.25,33.75,33.75,1.0,0,-0.012850701817583892
7073,43.75,33.75,33.75,1.0,0,-0.01320076384979543
7074,46.25,33.75,33.75,1.0,0,-0.0385195581796269
7075,48.75,33.75,33.75,1.0,0,-0.04674426447706189
7076,51.25,33.75,33.75,1.0,0,-0.033862619716969425
7077,53.75,33.75,33.75,1.0,0,-0.017390509172995807
7078,56.25,33.75,33.75,1.0,0,-0.022964623156056282
7079,58.75,33.75,33.75,1.0,0,-0.04228695783343172
7080,61.25,33.75,33.75,1.0,0,-0.056934512865302676
7081,63.75,33.75,33.75,1.0,0,-0.0880057659853337
7082,66.25,33.75,33.75,1.0,0,-0.09227753431103865
7083,68.75,33.75,33.75,1.0,0,-0.059359168012396255
7084,71.25,33.75,33.75,1.0,0,-0.012112934559791221
7085,73.75,33.75,33.75,1.0,0,0.024585751043896712
7086,76.25,33.75,33.75,1.0,0,-0.016174447628736866
7087,78.75,33.75,33.75,1.0,0,-0.033769322866291175
7088,81.25,33.75,33.75,1.0,0,0.09698577373983673
7089,83.75,33.75,33.75,1.0,0,0.1100985992786754
7090,86.25,33.75,33.75,1.0,0,0.11104575740676659
7091,88.75,33.75,33.75,1.0,0,0.11521669027020062
7092,91.25,33.75,33.75,1.0,0,0.1069783944334312
7093,93.75,33.75,33.75,1.0,0,0.09193701044657879
7094,96.25,33.75,33.75,1.0,0,0.0759715643846298
7095,98.75,33.75,33.75,1.0,0,0.046264185843910205
7096,101.25,33.75,33.75,1.0,0,-0.048553235135778514
7097,103.75,33.75,33.75,1.0,0,-0.2367912160772611
7098,106.25,33.75,33.75,1.0,0,-0.19041522128955837
7099,108.75,33.75,33.75,1.0,0,-0.09157851757349639
7100,111.25,33.75,33.75,1.0,0,-0.014392517551369437
7101,113.75,33.75,33.75,1.0,0,0.05777737154624898
7102,116.25,33.75,33.75,1.0,0,0.04632239941514938
7103,118.75,33.75,33.75,1.0,0,0.016069946564156935
7104,121.25,33.75,33.75,0.0,2,-0.020548708881141117
7105,123.75,33.75,33.75,0.0,2,-0.008228112512095615
7106,126.25,33.75,33.75,0.0,2,0.05181924948360862
7107,128.75,33.75,33.75,0.0,2,0.008945301336349859
7108,131.25,33.75,33.75,0.0,2,0.08801056071318016
7109,133.75,33.75,33.75,0.0,2,0.10971486247497877
7110,136.25,33.75,33.75,0.0,2,0.11849483263899258
7111,138.75,33.75,33.75,0.0,2,0.12848166004542994
7112,141.25,33.75,33.75,0.0,2,0.11230713348263725
7113,143.75,33.75,33.75,0.0,2,0.05653090027260885
7114,146.25,33.75,33.75,0.0,2,-0.0019230681946490209
7115,148.75,33.75,33.75,0.0,2,-0.020217839091830652
7116,151.25,33.75,33.75,0.0,2,-0.02562325468500369
7117,153.75,33.75,33.75,0.0,2,-0.03398144922048581
7118,156.25,33.75,33.75,0.0,2,-0.03900204444595718
7119,158.75,33.75,33.75,0.0,2,-0.026373179551809043
7120,161.25,33.75,33.75,0.0,2,-0.025389536636492217
7121,163.75,33.75,33.75,0.0,2,-0.041640227716236614
7122,166.25,33.75,33.75,0.0,2,-0.054596203241019624
7123,168.75,33.75,33.75,0.0,2,-0.027698370433163384
7124,171.25,33.75,33.75,0.0,2,-0.022456845669514246
7125,173.75,33.75,33.75,0.0,2,-0.04275845670795286
7126,176.25,33.75,33.75,0.0,2,-0.05529471973919735
7127,178.75,33.75,33.75,0.0,2,-0.03436730673223971
7128,181.25,33.75,33.75,0.0,2,-0.03130598019015619
7129,183.75,33.75,33.75,0.0,2,-0.062018725627471655
7130,186.25,33.75,33.75,0.0,2,-0.08354711867504284
7131,188.75,33.75,33.75,0.0,2,-0.09090754090054375
7132,191.25,33.75,33.75,0.0,2,-0.09262287327594758
7133,193.75,33.75,33.75,0.0,2,-0.12930236788977764
7134,196.25,33.75,33.75,0.0,2,-0.1510540652817798
7135,198.75,33.75,33.75,0.0,2,-0.15352301425052756
7136,201.25,33.75,33.75,0.0,2,-0.15743783420803495
7137,203.75,33.75,33.75,0.0,2,-0.16132926270346903
7138,206.25,33.75,33.75,0.0,2,-0.15697647636529846
7139,208.75,33.75,33.75,0.0,2,-0.1667550448843077
7140,211.25,33.75,33.75,0.0,2,-0.1665177793769639
7141,213.75,33.75,33.75,0.0,2,-0.14146527349623378
7142,216.25,33.75,33.75,0.0,2,-0.14499966020970395
7143,218.75,33.75,33.75,0.0,2,-0.10951824035041748
7144,221.25,33.75,33.75,0.0,2,-0.08326802477131824
7145,223.75,33.75,33.75,0.0,2,-0.09613053406411114
7146,226.25,33.75,33.75,0.0,2,-0.11303095313795422
7147,228.75,33.75,33.75,0.0,2,-0.11677386097811394
7148,231.25,33.75,33.75,0.0,2,-0.12481973689470334
7149,233.75,33.75,33.75,0.0,2,-0.10129833160736251
7150,236.25,33.75,33.75,0.0,2,-0.08897643213289376
7151,238.75,33.75,33.75,0.0,2,-0.11964670395258203
7152,241.25,33.75,33.75,0.0,2,-0.12282526481532133
7153,243.75,33.75,33.75,1.0,0,-0.08975224266452607
7154,246.25,33.75,33.75,1.0,0,-0.09234984235052575
7155,248.75,33.75,33.75,1.0,0,-0.10617594034004785
7156,251.25,33.75,33.75,1.0,0,-0.0832166058079412
7157,253.75,33.75,33.75,1.0,0,-0.032343479259980844
7158,256.25,33.75,33.75,1.0,0,-0.05028931454572737
7159,258.75,33.75,33.75,1.0,0,-0.04544302469018088
7160,261.25,33.75,33.75,1.0,0,-0.02795910731981806
7161,263.75,33.75,33.75,1.0,0,-0.017776342452926315
7162,266.25,33.75,33.75,1.0,0,0.08199725394862255
7163,268.75,33.75,33.75,1.0,0,0.15918867900351416
7164,271.25,33.75,33.75,1.0,0,0.17115501105299516
7165,273.75,33.75,33.75,1.0,0,0.20286132103879453
7166,276.25,33.75,33.75,1.0,0,0.21790167233700675
7167,278.75,33.75,33.75,1.0,0,0.23660329680301334
7168,281.25,33.75,33.75,0.0,1,0.2079147048629865
7169,283.75,33.75,33.75,0.0,1,0.2173829234347565
7170,286.25,33.75,33.75,0.0,1,0.09210150044700495
7171,288.75,33.75,33.75,0.0,1,-0.0001168825695310725
7172,291.25,33.75,33.75,0.0,1,0.0617574887901577
7173,293.75,33.75,33.75,0.0,1,0.03856409428569722
7174,296.25,33.75,33.75,0.0,1,0.03799219296749159
7175,298.75,33.75,33.75,0.0,1,0.05129188958787847
7176,301.25,33.75,33.75,0.0,1,0.04043823699394708
7177,303.75,33.75,33.75,0.0,1,0.03415283565668641
7178,306.25,33.75,33.75,0.0,1,0.07388353292357198
7179,308.75,33.75,33.75,0.0,1,0.09777283829462355
7180,311.25,33.75,33.75,0.0,1,0.10723086292686076
7181,313.75,33.75,33.75,0.0,1,0.09412177517604861
7182,316.25,33.75,33.75,0.0,1,0.0937858588388888
7183,318.75,33.75,33.75,0.0,1,0.07947113247288055
7184,321.25,33.75,33.75,0.0,1,0.07858391578671216
7185,323.75,33.75,33.75,0.0,1,0.02948615244636701
7186,326.25,33.75,33.75,0.0,1,-0.011821167555708894
7187,328.75,33.75,33.75,0.0,1,-0.022590530422197466
7188,331.25,33.75,33.75,0.0,1,-0.011528330913073185
7189,333.75,33.75,33.75,0.0,1,0.002441050904574816
7190,336.25,33.75,33.75,0.0,1,-0.02948127764493905
7191,338.75,33.75,33.75,0.0,1,-0.06059740526687462
7192,341.25,33.75,33.75,0.0,1,-0.07406523376016531
7193,343.75,33.75,33.75,0.0,1,-0.07996242408784554
7194,346.25,33.75,33.75,0.0,1,-0.07260594662978831
7195,348.75,33.75,33.75,0.0,1,-0.11739167103031024
7196,351.25,33.75,33.75,0.0,1,-0.18676299431126478
7197,353.75,33.75,33.75,0.0,1,-0.12197066215724649
7198,356.25,33.75,33.75,1.0,0,-0.06920995922167505
7199,358.75,33.75,33.75,1.0,0,-0.054021741403716815
7200,1.25,36.25,36.25,0.0,1,-0.13137526069024505
7201,3.75,36.25,36.25,0.0,1,-0.0999842702371709
7202,6.25,36.25,36.25,1.0,0,-0.012254990495728335
7203,8.75,36.25,36.25,0.0,1,-0.006380103483993078
7204,11.25,36.25,36.25,0.0,1,0.022872696827366104
7205,13.75,36.25,36.25,0.0,1,0.04297661385418631
7206,16.25,36.25,36.25,0.0,1,0.022994418431750024
7207,18.75,36.25,36.25,0.0,1,0.012159127423520936
7208,21.25,36.25,36.25,0.0,1,0.035818043226098925
7209,23.75,36.25,36.25,0.0,1,0.037965985034509146
7210,26.25,36.25,36.25,0.0,1,0.05271187553939589
7211,28.75,36.25,36.25,0.0,1,0.007773937168842645
7212,31.25,36.25,36.25,0.0,2,-0.046002359726855985
7213,33.75,36.25,36.25,0.0,2,-0.050585837683212356
7214,36.25,36.25,36.25,0.0,2,-0.054894565578831295
7215,38.75,36.25,36.25,1.0,0,-0.037491341020359475
7216,41.25,36.25,36.25,1.0,0,-0.031726373267320904
7217,43.75,36.25,36.25,1.0,0,-0.057463062008548255
7218,46.25,36.25,36.25,1.0,0,-0.07032358243172265
7219,48.75,36.25,36.25,1.0,0,-0.04070109645261844
7220,51.25,36.25,36.25,1.0,0,-0.01744191159689292
7221,53.75,36.25,36.25,1.0,0,-0.019501732412921132
7222,56.25,36.25,36.25,1.0,0,-0.0377260301490933
7223,58.75,36.25,36.25,1.0,0,-0.03280838277447127
7224,61.25,36.25,36.25,1.0,0,-0.033130987276556285
7225,63.75,36.25,36.25,1.0,0,-0.05717051677151962
7226,66.25,36.25,36.25,1.0,0,-0.07431648442562223
7227,68.75,36.25,36.25,1.0,0,-0.07498456062423439
7228,71.25,36.25,36.25,1.0,0,-0.036605794864740734
7229,73.75,36.25,36.25,1.0,0,-0.04991490105132116
7230,76.25,36.25,36.25,1.0,0,-0.05825984264237785
7231,78.75,36.25,36.25,1.0,0,0.01213669811356419
7232,81.25,36.25,36.25,1.0,0,0.02595775200916959
7233,83.75,36.25,36.25,1.0,0,0.033631625408859805
7234,86.25,36.25,36.25,1.0,0,0.05624003813952254
7235,88.75,36.25,36.25,1.0,0,0.11373795213265041
7236,91.25,36.25,36.25,1.0,0,0.07383037260426518
7237,93.75,36.25,36.25,1.0,0,0.048972203617767794
7238,96.25,36.25,36.25,1.0,0,0.06859559681976878
7239,98.75,36.25,36.25,1.0,0,0.05378045160348057
7240,101.25,36.25,36.25,1.0,0,-0.01535017035250681
7241,103.75,36.25,36.25,1.0,0,-0.06116978580530766
7242,106.25,36.25,36.25,1.0,0,-0.04063995158248633
7243,108.75,36.25,36.25,1.0,0,-0.0053447238675277415
7244,111.25,36.25,36.25,1.0,0,0.05407543798095766
7245,113.75,36.25,36.25,1.0,0,0.11182922643098245
7246,116.25,36.25,36.25,1.0,0,0.09720448742046829
7247,118.75,36.25,36.25,1.0,0,0.04968213568743155
7248,121.25,36.25,36.25,0.0,2,-0.01340831149004563
7249,123.75,36.25,36.25,0.0,2,-0.03288793185204854
7250,126.25,36.25,36.25,0.0,2,0.015880405587937133
7251,128.75,36.25,36.25,0.0,2,0.01387839723533831
7252,131.25,36.25,36.25,0.0,2,0.011000918883937888
7253,133.75,36.25,36.25,0.0,2,0.009366575679925961
7254,136.25,36.25,36.25,0.0,2,0.042713655037345206
7255,138.75,36.25,36.25,0.0,2,0.063346776275414
7256,141.25,36.25,36.25,0.0,2,0.05580455840451332
7257,143.75,36.25,36.25,0.0,2,0.027635683571160828
7258,146.25,36.25,36.25,0.0,2,0.04117779909734805
7259,148.75,36.25,36.25,0.0,2,0.06339598288661913
7260,151.25,36.25,36.25,0.0,2,0.0695689865933932
7261,153.75,36.25,36.25,0.0,2,0.0929137728068424
7262,156.25,36.25,36.25,0.0,2,0.06011640557490529
7263,158.75,36.25,36.25,0.0,2,0.053241598458151414
7264,161.25,36.25,36.25,0.0,2,0.0749039486847195
7265,163.75,36.25,36.25,0.0,2,0.039122283313286405
7266,166.25,36.25,36.25,0.0,2,-0.006985470830023183
7267,168.75,36.25,36.25,0.0,2,-0.022086822945533047
7268,171.25,36.25,36.25,0.0,2,0.005874702858470048
7269,173.75,36.25,36.25,0.0,2,0.009513018447609711
7270,176.25,36.25,36.25,0.0,2,-0.005329761208653969
7271,178.75,36.25,36.25,0.0,2,0.016752047473566505
7272,181.25,36.25,36.25,0.0,2,0.010120038642422023
7273,183.75,36.25,36.25,0.0,2,0.0032330119023980864
7274,186.25,36.25,36.25,0.0,2,-0.021245823172319482
7275,188.75,36.25,36.25,0.0,2,-0.02401475928058768
7276,191.25,36.25,36.25,0.0,2,-0.039559082575002034
7277,193.75,36.25,36.25,0.0,2,-0.0782021332657469
7278,196.25,36.25,36.25,0.0,2,-0.09169736607309115
7279,198.75,36.25,36.25,0.0,2,-0.09630120963917023
7280,201.25,36.25,36.25,0.0,2,-0.08887420601504882
7281,203.75,36.25,36.25,0.0,2,-0.09214083726861166
7282,206.25,36.25,36.25,0.0,2,-0.11556072860723676
7283,208.75,36.25,36.25,0.0,2,-0.13520653237246047
7284,211.25,36.25,36.25,0.0,2,-0.1507825932445702
7285,213.75,36.25,36.25,0.0,2,-0.1333386899122921
7286,216.25,36.25,36.25,0.0,2,-0.12767684653250666
7287,218.75,36.25,36.25,0.0,2,-0.08822204174073868
7288,221.25,36.25,36.25,0.0,2,-0.06015103320156095
7289,223.75,36.25,36.25,0.0,2,-0.07138610632672537
7290,226.25,36.25,36.25,0.0,2,-0.08450883022570801
7291,228.75,36.25,36.25,0.0,2,-0.09360216794918162
7292,231.25,36.25,36.25,0.0,2,-0.11405985265051008
7293,233.75,36.25,36.25,0.0,2,-0.10362188685429172
7294,236.25,36.25,36.25,0.0,2,-0.11137806568045146
7295,238.75,36.25,36.25,0.0,2,-0.15997457054698813
7296,241.25,36.25,36.25,1.0,0,-0.170433031957026
7297,243.75,36.25,36.25,1.0,0,-0.11805589530451867
7298,246.25,36.25,36.25,1.0,0,-0.10024224150643937
7299,248.75,36.25,36.25,1.0,0,-0.11231063344333199
7300,251.25,36.25,36.25,1.0,0,-0.08097724120829765
7301,253.75,36.25,36.25,1.0,0,-0.02282975241677412
7302,256.25,36.25,36.25,1.0,0,-0.03743859805544341
7303,258.75,36.25,36.25,1.0,0,-0.047854798241823954
7304,261.25,36.25,36.25,1.0,0,-0.016843152044616783
7305,263.75,36.25,36.25,1.0,0,0.01667132829560454
7306,266.25,36.25,36.25,1.0,0,0.06659872825590157
7307,268.75,36.25,36.25,1.0,0,0.13310236559347297
7308,271.25,36.25,36.25,1.0,0,0.17023649712509817
7309,273.75,36.25,36.25,1.0,0,0.191390549362257
7310,276.25,36.25,36.25,1.0,0,0.1454054767200028
7311,278.75,36.25,36.25,1.0,0,0.12272033146404931
7312,281.25,36.25,36.25,1.0,0,0.17178415728271243
7313,283.75,36.25,36.25,0.0,1,0.18717509864433776
7314,286.25,36.25,36.25,0.0,1,0.13445810895662572
7315,288.75,36.25,36.25,0.0,1,0.19198845788979033
7316,291.25,36.25,36.25,0.0,1,0.27927354997952103
7317,293.75,36.25,36.25,0.0,1,0.22007111234191218
7318,296.25,36.25,36.25,0.0,1,0.14016138404518083
7319,298.75,36.25,36.25,0.0,1,0.11339991379219723
7320,301.25,36.25,36.25,0.0,1,0.13845926086625074
7321,303.75,36.25,36.25,0.0,1,0.1938049595301146
7322,306.25,36.25,36.25,0.0,1,0.22936816944782432
7323,308.75,36.25,36.25,0.0,1,0.21268019494945326
7324,311.25,36.25,36.25,0.0,1,0.18699075779036664
7325,313.75,36.25,36.25,0.0,1,0.12403520005393318
7326,316.25,36.25,36.25,0.0,1,0.08017857726690378
7327,318.75,36.25,36.25,0.0,1,0.09244474748439928
7328,321.25,36.25,36.25,0.0,1,0.041281806403970916
7329,323.75,36.25,36.25,0.0,1,-0.0007752905853844782
7330,326.25,36.25,36.25,0.0,1,-0.0351479903497382
7331,328.75,36.25,36.25,0.0,1,-0.030343159568056857
7332,331.25,36.25,36.25,0.0,1,-0.023643179476808374
7333,333.75,36.25,36.25,0.0,1,0.005690282233482179
7334,336.25,36.25,36.25,0.0,1,0.019571000113980767
7335,338.75,36.25,36.25,0.0,1,-0.017801713691939874
7336,341.25,36.25,36.25,0.0,1,-0.04165773212842159
7337,343.75,36.25,36.25,0.0,1,-0.04583488494754963
7338,346.25,36.25,36.25,0.0,1,-0.07332454692779278
7339,348.75,36.25,36.25,0.0,1,-0.09827106601131193
7340,351.25,36.25,36.25,0.0,1,-0.13039039620109452
7341,353.75,36.25,36.25,0.0,1,-0.10011602261972848
7342,356.25,36.25,36.25,0.0,1,-0.1362370357169556
7343,358.75,36.25,36.25,0.0,1,-0.11380085627300479
7344,1.25,38.75,38.75,0.0,1,-0.03645245871216449
7345,3.75,38.75,38.75,0.0,1,-0.0023139055992212323
7346,6.25,38.75,38.75,0.0,1,0.018474404394878727
7347,8.75,38.75,38.75,0.0,1,0.03766907901629137
7348,11.25,38.75,38.75,0.0,1,0.08124241609662271
7349,13.75,38.75,38.75,0.0,1,0.07119641449336625
7350,16.25,38.75,38.75,0.0,1,0.056389697719934836
7351,18.75,38.75,38.75,0.0,1,0.06328206973938276
7352,21.25,38.75,38.75,0.0,1,0.028506724261610293
7353,23.75,38.75,38.75,0.0,1,0.0549595553355552
7354,26.25,38.75,38.75,0.0,1,0.10592204824085107
7355,28.75,38.75,38.75,1.0,0,0.07096290511336974
7356,31.25,38.75,38.75,1.0,0,0.011090767956031436
7357,33.75,38.75,38.75,1.0,0,-0.015128156747568447
7358,36.25,38.75,38.75,1.0,0,-0.034103108712031385
7359,38.75,38.75,38.75,1.0,0,-0.04306997327222954
7360,41.25,38.75,38.75,1.0,0,-0.06723513382483431
7361,43.75,38.75,38.75,1.0,0,-0.05398997270419082
7362,46.25,38.75,38.75,1.0,0,-0.017548840462586784
7363,48.75,38.75,38.75,1.0,0,0.01787259060569845
7364,51.25,38.75,38.75,1.0,0,0.019243803917004466
7365,53.75,38.75,38.75,1.0,0,-0.005836471408462536
7366,56.25,38.75,38.75,1.0,0,-0.017096325794068685
7367,58.75,38.75,38.75,1.0,0,-0.00553542367829379
7368,61.25,38.75,38.75,1.0,0,-0.0033935985020625897
7369,63.75,38.75,38.75,1.0,0,-0.012354646952719766
7370,66.25,38.75,38.75,1.0,0,-0.03119183528854893
7371,68.75,38.75,38.75,1.0,0,-0.053101348182197076
7372,71.25,38.75,38.75,1.0,0,-0.033573986183472154
7373,73.75,38.75,38.75,1.0,0,-0.04920335782053868
7374,76.25,38.75,38.75,1.0,0,-0.06137327014141817
7375,78.75,38.75,38.75,1.0,0,-0.005445189029983368
7376,81.25,38.75,38.75,1.0,0,-0.0036481171544087494
7377,83.75,38.75,38.75,1.0,0,-0.0013865553873642592
7378,86.25,38.75,38.75,1.0,0,0.019215784751304504
7379,88.75,38.75,38.75,1.0,0,0.044125203535976765
7380,91.25,38.75,38.75,1.0,0,0.04053978992799899
7381,93.75,38.75,38.75,1.0,0,0.052255857151373285
7382,96.25,38.75,38.75,1.0,0,0.0691706646790768
7383,98.75,38.75,38.75,1.0,0,0.04020097166654452
7384,101.25,38.75,38.75,1.0,0,0.02947448651749585
7385,103.75,38.75,38.75,1.0,0,0.026386752278203775
7386,106.25,38.75,38.75,1.0,0,0.02876635469405691
7387,108.75,38.75,38.75,1.0,0,0.05917851787714686
7388,111.25,38.75,38.75,1.0,0,0.08817886474275974
7389,113.75,38.75,38.75,1.0,0,0.10447092542005125
7390,116.25,38.75,38.75,1.0,0,0.1322488929551629
7391,118.75,38.75,38.75,1.0,0,0.11179932137063243
7392,121.25,38.75,38.75,0.0,2,0.06494464744528562
7393,123.75,38.75,38.75,0.0,2,0.020302984769565297
7394,126.25,38.75,38.75,1.0,0,0.05432361548594616
7395,128.75,38.75,38.75,0.0,2,0.00363110661745906
7396,131.25,38.75,38.75,0.0,2,-0.025083413039167606
7397,133.75,38.75,38.75,0.0,2,-0.0048451680914976016
7398,136.25,38.75,38.75,0.0,2,0.010428581705101228
7399,138.75,38.75,38.75,0.0,2,0.011279418817424645
7400,141.25,38.75,38.75,0.0,2,0.046804520092549415
7401,143.75,38.75,38.75,0.0,2,-0.00459869067418413
7402,146.25,38.75,38.75,0.0,2,0.02054896739686724
7403,148.75,38.75,38.75,0.0,2,0.10840714423752046
7404,151.25,38.75,38.75,0.0,2,0.1185464637822443
7405,153.75,38.75,38.75,0.0,2,0.11298768016576935
7406,156.25,38.75,38.75,0.0,2,0.07581867798844655
7407,158.75,38.75,38.75,0.0,2,0.05867775900411001
7408,161.25,38.75,38.75,0.0,2,0.07835146801680563
7409,163.75,38.75,38.75,0.0,2,0.11443299985256507
7410,166.25,38.75,38.75,0.0,2,0.12937860068772108
7411,168.75,38.75,38.75,0.0,2,0.12303359407204559
7412,171.25,38.75,38.75,0.0,2,0.10120843937565448
7413,173.75,38.75,38.75,0.0,2,0.10128104009485908
7414,176.25,38.75,38.75,0.0,2,0.09113153706909714
7415,178.75,38.75,38.75,0.0,2,0.07540274500663915
7416,181.25,38.75,38.75,0.0,2,0.08011154861642386
7417,183.75,38.75,38.75,0.0,2,0.05248864016520401
7418,186.25,38.75,38.75,0.0,2,0.049192177616649777
7419,188.75,38.75,38.75,0.0,2,0.07643466951091861
7420,191.25,38.75,38.75,0.0,2,0.06527149020452631
7421,193.75,38.75,38.75,0.0,2,0.014083029855315109
7422,196.25,38.75,38.75,0.0,2,0.002961143692040803
7423,198.75,38.75,38.75,0.0,2,-0.009279087855158973
7424,201.25,38.75,38.75,0.0,2,-0.021043825677970255
7425,203.75,38.75,38.75,0.0,2,-0.03212229741576277
7426,206.25,38.75,38.75,0.0,2,-0.042038535169508284
7427,208.75,38.75,38.75,0.0,2,-0.05111408627145613
7428,211.25,38.75,38.75,0.0,2,-0.07196055622281868
7429,213.75,38.75,38.75,0.0,2,-0.0884954266690009
7430,216.25,38.75,38.75,0.0,2,-0.08279993439323398
7431,218.75,38.75,38.75,0.0,2,-0.06418177098117919
7432,221.25,38.75,38.75,0.0,2,-0.05715692528945799
7433,223.75,38.75,38.75,0.0,2,-0.061737636498216605
7434,226.25,38.75,38.75,0.0,2,-0.0711358962349822
7435,228.75,38.75,38.75,0.0,2,-0.08856626679175941
7436,231.25,38.75,38.75,0.0,2,-0.08742150860668778
7437,233.75,38.75,38.75,0.0,2,-0.10981715472591401
7438,236.25,38.75,38.75,0.0,2,-0.17137925757587733
7439,238.75,38.75,38.75,1.0,0,-0.22067779469301085
7440,241.25,38.75,38.75,1.0,0,-0.14488879638186908
7441,243.75,38.75,38.75,1.0,0,-0.05458443042795508
7442,246.25,38.75,38.75,1.0,0,-0.05239342496439482
7443,248.75,38.75,38.75,1.0,0,-0.0790905205252525
7444,251.25,38.75,38.75,1.0,0,-0.05875484084172036
7445,253.75,38.75,38.75,1.0,0,-0.015068336690220206
7446,256.25,38.75,38.75,1.0,0,-0.04184966875834381
7447,258.75,38.75,38.75,1.0,0,-0.031092451518407848
7448,261.25,38.75,38.75,1.0,0,0.01880945001742136
7449,263.75,38.75,38.75,1.0,0,0.0710820489428707
7450,266.25,38.75,38.75,1.0,0,0.08439641324631608
7451,268.75,38.75,38.75,1.0,0,0.10930365757976934
7452,271.25,38.75,38.75,1.0,0,0.13682804055643322
7453,273.75,38.75,38.75,1.0,0,0.1222877726866341
7454,276.25,38.75,38.75,1.0,0,0.10324448171710252
7455,278.75,38.75,38.75,1.0,0,0.08078253632342934
7456,281.25,38.75,38.75,1.0,0,0.08987033760687213
7457,283.75,38.75,38.75,1.0,0,0.13972227561068468
7458,286.25,38.75,38.75,0.0,1,0.14497889131252517
7459,288.75,38.75,38.75,0.0,1,0.22401776635951137
7460,291.25,38.75,38.75,0.0,1,0.32244903687493
7461,293.75,38.75,38.75,0.0,1,0.2001473582286173
7462,296.25,38.75,38.75,0.0,1,-0.05271022944326537
7463,298.75,38.75,38.75,0.0,1,-0.081149860460399
7464,301.25,38.75,38.75,0.0,1,-0.07961233456834618
7465,303.75,38.75,38.75,0.0,1,0.011791632928608754
7466,306.25,38.75,38.75,0.0,1,0.06557610936468232
7467,308.75,38.75,38.75,0.0,1,0.07301194630835806
7468,311.25,38.75,38.75,0.0,1,0.42961267974804934
7469,313.75,38.75,38.75,0.0,1,0.43981963186387485
7470,316.25,38.75,38.75,0.0,1,0.09590951973566005
7471,318.75,38.75,38.75,0.0,1,0.04884483589483059
7472,321.25,38.75,38.75,0.0,1,0.04548121025166762
7473,323.75,38.75,38.75,0.0,1,-0.015470308927141074
7474,326.25,38.75,38.75,0.0,1,-0.02864538312340712
7475,328.75,38.75,38.75,0.0,1,-0.015875016880089268
7476,331.25,38.75,38.75,0.0,1,-0.01627457828087083
7477,333.75,38.75,38.75,0.0,1,-0.023821720448694243
7478,336.25,38.75,38.75,0.0,1,0.03590959428032988
7479,338.75,38.75,38.75,0.0,1,0.05769414172346379
7480,341.25,38.75,38.75,0.0,1,0.021656733385881075
7481,343.75,38.75,38.75,0.0,1,-0.007022036036260579
7482,346.25,38.75,38.75,0.0,1,-0.0033846504472214187
7483,348.75,38.75,38.75,0.0,1,-0.03714566805964053
7484,351.25,38.75,38.75,1.0,0,-0.08523153575897455
7485,353.75,38.75,38.75,1.0,0,-0.0653929997453232
7486,356.25,38.75,38.75,1.0,0,-0.026524608490364223
7487,358.75,38.75,38.75,1.0,0,-0.028075041997905115
7488,1.25,41.25,41.25,0.0,1,0.0020405153913790157
7489,3.75,41.25,41.25,0.0,1,0.03343298436711215
7490,6.25,41.25,41.25,0.0,1,0.04140775935452944
7491,8.75,41.25,41.25,0.0,1,0.062275973991201626
7492,11.25,41.25,41.25,0.0,1,0.09008692484648409
7493,13.75,41.25,41.25,0.0,1,0.04751438210524063
7494,16.25,41.25,41.25,0.0,1,0.10787769339373851
7495,18.75,41.25,41.25,0.0,1,0.0705483001046202
7496,21.25,41.25,41.25,1.0,0,0.03323564941896087
7497,23.75,41.25,41.25,1.0,0,0.031143708685041474
7498,26.25,41.25,41.25,0.0,1,0.047971187487464595
7499,28.75,41.25,41.25,0.0,1,0.1775178756814339
7500,31.25,41.25,41.25,0.0,2,0.15384665161865532
7501,33.75,41.25,41.25,0.0,2,0.12856129291327903
7502,36.25,41.25,41.25,0.0,2,0.0925566290321429
7503,38.75,41.25,41.25,0.0,2,0.0655435308369591
7504,41.25,41.25,41.25,0.0,2,0.026716430445059475
7505,43.75,41.25,41.25,1.0,0,0.013547278135886314
7506,46.25,41.25,41.25,1.0,0,0.010746625097648468
7507,48.75,41.25,41.25,1.0,0,0.04267914522392808
7508,51.25,41.25,41.25,1.0,0,0.016841381693850657
7509,53.75,41.25,41.25,1.0,0,0.00587243128695703
7510,56.25,41.25,41.25,1.0,0,0.0010932485247329214
7511,58.75,41.25,41.25,1.0,0,0.00011387481013194119
7512,61.25,41.25,41.25,1.0,0,5.912228084287255e-05
7513,63.75,41.25,41.25,1.0,0,-0.0031155814964230295
7514,66.25,41.25,41.25,1.0,0,-0.004858833770893096
7515,68.75,41.25,41.25,1.0,0,-0.00024568427844763363
7516,71.25,41.25,41.25,1.0,0,0.023604728543052293
7517,73.75,41.25,41.25,1.0,0,0.012885741921706943
7518,76.25,41.25,41.25,1.0,0,0.019452110100301838
7519,78.75,41.25,41.25,1.0,0,0.029470203066487337
7520,81.25,41.25,41.25,1.0,0,0.00986419891622901
7521,83.75,41.25,41.25,1.0,0,0.004558253251021652
7522,86.25,41.25,41.25,1.0,0,0.0053862397034963394
7523,88.75,41.25,41.25,1.0,0,0.007514717463020141
7524,91.25,41.25,41.25,1.0,0,0.0076776832404233716
7525,93.75,41.25,41.25,1.0,0,0.014892504999647449
7526,96.25,41.25,41.25,1.0,0,0.0275485743404556
7527,98.75,41.25,41.25,1.0,0,0.021253958005978863
7528,101.25,41.25,41.25,1.0,0,0.018674799461700208
7529,103.75,41.25,41.25,1.0,0,0.025961289914261613
7530,106.25,41.25,41.25,1.0,0,0.04259167139573181
7531,108.75,41.25,41.25,1.0,0,0.061580965878914345
7532,111.25,41.25,41.25,1.0,0,0.07864134555373307
7533,113.75,41.25,41.25,1.0,0,0.10801476435347315
7534,116.25,41.25,41.25,1.0,0,0.12085259586818213
7535,118.75,41.25,41.25,1.0,0,0.09686713398853776
7536,121.25,41.25,41.25,1.0,0,0.07548176094156558
7537,123.75,41.25,41.25,1.0,0,0.06521511184385717
7538,126.25,41.25,41.25,1.0,0,0.05457092851805461
7539,128.75,41.25,41.25,0.0,2,0.02657012715198277
7540,131.25,41.25,41.25,0.0,2,-0.052112821407676396
7541,133.75,41.25,41.25,0.0,2,-0.0707049839526256
7542,136.25,41.25,41.25,0.0,2,-0.0776167289304861
7543,138.75,41.25,41.25,0.0,2,-0.033155506915527586
7544,141.25,41.25,41.25,0.0,2,0.0051211657700662135
7545,143.75,41.25,41.25,0.0,2,-0.026159029693381602
7546,146.25,41.25,41.25,0.0,2,0.0005368475516827149
7547,148.75,41.25,41.25,0.0,2,0.012556076255887014
7548,151.25,41.25,41.25,0.0,2,0.0003397770921827223
7549,153.75,41.25,41.25,0.0,2,0.004096015152118646
7550,156.25,41.25,41.25,0.0,2,0.046169492026488256
7551,158.75,41.25,41.25,0.0,2,0.10591355163993535
7552,161.25,41.25,41.25,0.0,2,0.1314972337913172
7553,163.75,41.25,41.25,0.0,2,0.11087059718667211
7554,166.25,41.25,41.25,0.0,2,0.11724248389708354
7555,168.75,41.25,41.25,0.0,2,0.16549785109679865
7556,171.25,41.25,41.25,0.0,2,0.15596576394799122
7557,173.75,41.25,41.25,0.0,2,0.1512732021765088
7558,176.25,41.25,41.25,0.0,2,0.15866529971175528
7559,178.75,41.25,41.25,0.0,2,0.1571392469026402
7560,181.25,41.25,41.25,0.0,2,0.15614691463066716
7561,183.75,41.25,41.25,0.0,2,0.1473854289815498
7562,186.25,41.25,41.25,0.0,2,0.13726424370928209
7563,188.75,41.25,41.25,0.0,2,0.14887478792982295
7564,191.25,41.25,41.25,0.0,2,0.1400851690189608
7565,193.75,41.25,41.25,0.0,2,0.09052384331872884
7566,196.25,41.25,41.25,0.0,2,0.05885973806592085
7567,198.75,41.25,41.25,0.0,2,0.031061855047384568
7568,201.25,41.25,41.25,0.0,2,0.022818716838639164
7569,203.75,41.25,41.25,0.0,2,0.024117799595965536
7570,206.25,41.25,41.25,0.0,2,0.017079240312973833
7571,208.75,41.25,41.25,0.0,2,0.00023075473856931693
7572,211.25,41.25,41.25,0.0,2,-0.023166989388680486
7573,213.75,41.25,41.25,0.0,2,-0.03363759049668331
7574,216.25,41.25,41.25,0.0,2,-0.04572959566349667
7575,218.75,41.25,41.25,0.0,2,-0.04858260089603979
7576,221.25,41.25,41.25,0.0,2,-0.03406869322590016
7577,223.75,41.25,41.25,0.0,2,-0.029039163476126405
7578,226.25,41.25,41.25,0.0,2,-0.05233212208004166
7579,228.75,41.25,41.25,0.0,2,-0.07057887259857337
7580,231.25,41.25,41.25,0.0,2,-0.07080676486409374
7581,233.75,41.25,41.25,0.0,2,-0.08678502363266334
7582,236.25,41.25,41.25,0.0,2,-0.1984268474466775
7583,238.75,41.25,41.25,1.0,0,-0.18395778215813546
7584,241.25,41.25,41.25,1.0,0,-0.08145785036027928
7585,243.75,41.25,41.25,1.0,0,-0.03288882628258973
7586,246.25,41.25,41.25,1.0,0,-0.06467842044512145
7587,248.75,41.25,41.25,1.0,0,-0.09260333122575616
7588,251.25,41.25,41.25,1.0,0,-0.052403818726848114
7589,253.75,41.25,41.25,1.0,0,-0.023257777565160204
7590,256.25,41.25,41.25,1.0,0,-0.04562824671726009
7591,258.75,41.25,41.25,1.0,0,-0.015048713336363479
7592,261.25,41.25,41.25,1.0,0,0.02225957120187401
7593,263.75,41.25,41.25,1.0,0,0.07186169188368456
7594,266.25,41.25,41.25,1.0,0,0.06910113002811051
7595,268.75,41.25,41.25,1.0,0,0.08327173887689322
7596,271.25,41.25,41.25,1.0,0,0.0850400443123889
7597,273.75,41.25,41.25,1.0,0,0.0635046523486037
7598,276.25,41.25,41.25,1.0,0,0.08762841540352428
7599,278.75,41.25,41.25,1.0,0,0.09046084263951971
7600,281.25,41.25,41.25,1.0,0,0.0790226342718502
7601,283.75,41.25,41.25,1.0,0,0.08207484130662333
7602,286.25,41.25,41.25,0.0,1,0.10656440094338021
7603,288.75,41.25,41.25,0.0,1,0.13760732240071166
7604,291.25,41.25,41.25,0.0,1,0.0742587147414749
7605,293.75,41.25,41.25,0.0,1,-0.0001968005555413773
7606,296.25,41.25,41.25,0.0,1,-0.14933522949188016
7607,298.75,41.25,41.25,0.0,1,-0.051238472627789945
7608,301.25,41.25,41.25,0.0,1,-0.09727399971800832
7609,303.75,41.25,41.25,0.0,1,-0.09168265349296895
7610,306.25,41.25,41.25,0.0,1,-0.04268822104422211
7611,308.75,41.25,41.25,0.0,1,-0.02502361347705539
7612,311.25,41.25,41.25,0.0,1,0.16798615761796637
7613,313.75,41.25,41.25,0.0,1,0.1091482862611236
7614,316.25,41.25,41.25,0.0,1,-0.12338163087590288
7615,318.75,41.25,41.25,0.0,1,-0.07257319288864844
7616,321.25,41.25,41.25,0.0,1,-0.01600678856496532
7617,323.75,41.25,41.25,0.0,1,-0.009412496497053531
7618,326.25,41.25,41.25,0.0,1,0.013659656415306068
7619,328.75,41.25,41.25,0.0,1,-0.020436193041882517
7620,331.25,41.25,41.25,0.0,1,0.01568076544429348
7621,333.75,41.25,41.25,0.0,1,-0.004391916115233894
7622,336.25,41.25,41.25,0.0,1,0.027174762677619063
7623,338.75,41.25,41.25,0.0,1,0.08683585934213106
7624,341.25,41.25,41.25,0.0,1,0.08439065833892423
7625,343.75,41.25,41.25,0.0,1,0.025821925413471218
7626,346.25,41.25,41.25,0.0,1,0.009688892960504295
7627,348.75,41.25,41.25,0.0,1,0.001768862384538536
7628,351.25,41.25,41.25,0.0,1,-0.003968041918529119
7629,353.75,41.25,41.25,1.0,0,0.005253503265243487
7630,356.25,41.25,41.25,1.0,0,0.03709916224179154
7631,358.75,41.25,41.25,1.0,0,0.013961245862041009
7632,1.25,43.75,43.75,1.0,0,0.07873326804043039
7633,3.75,43.75,43.75,0.0,1,0.07387757404492001
7634,6.25,43.75,43.75,1.0,0,0.07264049952538096
7635,8.75,43.75,43.75,0.0,1,0.0921503515015138
7636,11.25,43.75,43.75,1.0,0,0.07899825445662194
7637,13.75,43.75,43.75,0.0,1,0.09430697325455804
7638,16.25,43.75,43.75,1.0,0,0.1099605120039147
7639,18.75,43.75,43.75,1.0,0,0.08609534260281694
7640,21.25,43.75,43.75,1.0,0,0.10104964564542862
7641,23.75,43.75,43.75,1.0,0,0.09484157540002452
7642,26.25,43.75,43.75,1.0,0,0.05495216231450972
7643,28.75,43.75,43.75,0.0,1,0.08310707705174994
7644,31.25,43.75,43.75,0.0,2,0.1660456460866935
7645,33.75,43.75,43.75,0.0,2,0.13236457594390694
7646,36.25,43.75,43.75,0.0,2,0.10311260716072254
7647,38.75,43.75,43.75,0.0,2,0.11242781561889138
7648,41.25,43.75,43.75,1.0,0,0.025953430506894686
7649,43.75,43.75,43.75,1.0,0,0.04267225453714049
7650,46.25,43.75,43.75,1.0,0,0.03030867996074686
7651,48.75,43.75,43.75,1.0,0,0.055443532443324596
7652,51.25,43.75,43.75,1.0,0,0.035173552187011785
7653,53.75,43.75,43.75,1.0,0,0.025817125637350443
7654,56.25,43.75,43.75,1.0,0,0.02980909885335028
7655,58.75,43.75,43.75,1.0,0,0.022267759454207343
7656,61.25,43.75,43.75,1.0,0,0.01774567340761471
7657,63.75,43.75,43.75,1.0,0,0.016830982014389144
7658,66.25,43.75,43.75,1.0,0,0.021984362708270432
7659,68.75,43.75,43.75,1.0,0,0.027281206245175372
7660,71.25,43.75,43.75,1.0,0,0.0478720004110355
7661,73.75,43.75,43.75,1.0,0,0.06931794289384208
7662,76.25,43.75,43.75,1.0,0,0.09377537285832531
7663,78.75,43.75,43.75,1.0,0,0.09281568006556681
7664,81.25,43.75,43.75,1.0,0,0.06697591042469941
7665,83.75,43.75,43.75,1.0,0,0.045226455645961484
7666,86.25,43.75,43.75,1.0,0,0.04009762561641198
7667,88.75,43.75,43.75,1.0,0,0.02455815154984314
7668,91.25,43.75,43.75,1.0,0,0.014614333760127612
7669,93.75,43.75,43.75,1.0,0,0.013868204057310334
7670,96.25,43.75,43.75,1.0,0,0.015597166997337372
7671,98.75,43.75,43.75,1.0,0,0.013926431171037831
7672,101.25,43.75,43.75,1.0,0,0.014118797166205222
7673,103.75,43.75,43.75,1.0,0,0.021070116206071483
7674,106.25,43.75,43.75,1.0,0,0.033288848366778485
7675,108.75,43.75,43.75,1.0,0,0.047277512827643364
7676,111.25,43.75,43.75,1.0,0,0.07021265073388017
7677,113.75,43.75,43.75,1.0,0,0.09712842173744715
7678,116.25,43.75,43.75,1.0,0,0.07603320189406895
7679,118.75,43.75,43.75,1.0,0,0.0527939605750907
7680,121.25,43.75,43.75,1.0,0,0.05570660320881049
7681,123.75,43.75,43.75,1.0,0,0.05353778048096033
7682,126.25,43.75,43.75,1.0,0,0.04643005565188449
7683,128.75,43.75,43.75,1.0,0,0.028488804619702233
7684,131.25,43.75,43.75,1.0,0,-0.009278170469755058
7685,133.75,43.75,43.75,0.0,2,-0.05674610746306627
7686,136.25,43.75,43.75,0.0,2,-0.11297493401774855
7687,138.75,43.75,43.75,0.0,2,-0.084358088045716
7688,141.25,43.75,43.75,0.0,2,-0.01910902251125711
7689,143.75,43.75,43.75,0.0,2,0.0037310928779494133
7690,146.25,43.75,43.75,0.0,2,-0.0213012836057754
7691,148.75,43.75,43.75,0.0,2,-0.0240339120105715
7692,151.25,43.75,43.75,0.0,2,0.0009561473248750338
7693,153.75,43.75,43.75,0.0,2,0.03745688313390503
7694,156.25,43.75,43.75,0.0,2,0.09681161733953023
7695,158.75,43.75,43.75,0.0,2,0.16783936100693791
7696,161.25,43.75,43.75,0.0,2,0.18587329992129953
7697,163.75,43.75,43.75,0.0,2,0.13740139661881579
7698,166.25,43.75,43.75,0.0,2,0.13202229282726397
7699,168.75,43.75,43.75,0.0,2,0.18329139475439266
7700,171.25,43.75,43.75,0.0,2,0.21181000061119978
7701,173.75,43.75,43.75,0.0,2,0.21407001903172646
7702,176.25,43.75,43.75,0.0,2,0.21698792446925588
7703,178.75,43.75,43.75,0.0,2,0.22274283638017103
7704,181.25,43.75,43.75,0.0,2,0.24930024349195928
7705,183.75,43.75,43.75,0.0,2,0.24270858362120096
7706,186.25,43.75,43.75,0.0,2,0.21402847038412504
7707,188.75,43.75,43.75,0.0,2,0.2049631085809276
7708,191.25,43.75,43.75,0.0,2,0.19863470259717605
7709,193.75,43.75,43.75,0.0,2,0.174178573270252
7710,196.25,43.75,43.75,0.0,2,0.12828257676671592
7711,198.75,43.75,43.75,0.0,2,0.08715036691800691
7712,201.25,43.75,43.75,0.0,2,0.061776324572686135
7713,203.75,43.75,43.75,0.0,2,0.05263971951040422
7714,206.25,43.75,43.75,0.0,2,0.03937568946799554
7715,208.75,43.75,43.75,0.0,2,0.022923322668908522
7716,211.25,43.75,43.75,0.0,2,0.013016357104564384
7717,213.75,43.75,43.75,0.0,2,-0.0004161316695808287
7718,216.25,43.75,43.75,0.0,2,-0.01791267214298332
7719,218.75,43.75,43.75,0.0,2,-0.03944303069835165
7720,221.25,43.75,43.75,0.0,2,-0.034761778045622936
7721,223.75,43.75,43.75,0.0,2,-0.02725385436780144
7722,226.25,43.75,43.75,0.0,2,-0.0405465261997493
7723,228.75,43.75,43.75,0.0,2,-0.0587899376557291
7724,231.25,43.75,43.75,0.0,2,-0.049879527320314664
7725,233.75,43.75,43.75,0.0,2,-0.05010081755354416
7726,236.25,43.75,43.75,0.0,2,-0.1226792255883336
7727,238.75,43.75,43.75,1.0,0,-0.0912084010943365
7728,241.25,43.75,43.75,1.0,0,-0.05860543297294717
7729,243.75,43.75,43.75,1.0,0,-0.06581545595253636
7730,246.25,43.75,43.75,1.0,0,-0.1022267775568338
7731,248.75,43.75,43.75,1.0,0,-0.09840977126500662
7732,251.25,43.75,43.75,1.0,0,-0.07369808353987695
7733,253.75,43.75,43.75,1.0,0,-0.0722676577545655
7734,256.25,43.75,43.75,1.0,0,-0.049138644529687144
7735,258.75,43.75,43.75,1.0,0,-0.01679782061093334
7736,261.25,43.75,43.75,1.0,0,0.03805806752224372
7737,263.75,43.75,43.75,1.0,0,0.08230925855667848
7738,266.25,43.75,43.75,1.0,0,0.08126033502931825
7739,268.75,43.75,43.75,1.0,0,0.0771659977217444
7740,271.25,43.75,43.75,1.0,0,0.07435191362472104
7741,273.75,43.75,43.75,1.0,0,0.06363396185097027
7742,276.25,43.75,43.75,1.0,0,0.09734496864102943
7743,278.75,43.75,43.75,1.0,0,0.0984249126107179
7744,281.25,43.75,43.75,1.0,0,0.04936232231474306
7745,283.75,43.75,43.75,1.0,0,0.055227800711451745
7746,286.25,43.75,43.75,1.0,0,0.07912932548364353
7747,288.75,43.75,43.75,1.0,0,0.1293011625276915
7748,291.25,43.75,43.75,0.0,1,0.10668335839757237
7749,293.75,43.75,43.75,0.0,1,0.04973211184759249
7750,296.25,43.75,43.75,0.0,1,0.08361645549190456
7751,298.75,43.75,43.75,0.0,1,0.11731487498933611
7752,301.25,43.75,43.75,0.0,1,0.13064811872720625
7753,303.75,43.75,43.75,0.0,1,0.14443498464068813
7754,306.25,43.75,43.75,0.0,1,0.1243432797924851
7755,308.75,43.75,43.75,0.0,1,0.09533403777200346
7756,311.25,43.75,43.75,0.0,1,0.10079857261550221
7757,313.75,43.75,43.75,0.0,1,0.06532581415071426
7758,316.25,43.75,43.75,0.0,1,0.027695292108693436
7759,318.75,43.75,43.75,0.0,1,0.07123090933200878
7760,321.25,43.75,43.75,0.0,1,0.1028439245761841
7761,323.75,43.75,43.75,0.0,1,0.11367853024777824
7762,326.25,43.75,43.75,0.0,1,0.13175757347072994
7763,328.75,43.75,43.75,0.0,1,0.07659271215633635
7764,331.25,43.75,43.75,0.0,1,0.04234346912484171
7765,333.75,43.75,43.75,0.0,1,0.03185167789686902
7766,336.25,43.75,43.75,0.0,1,-0.011541132511861656
7767,338.75,43.75,43.75,0.0,1,-0.020723066788397308
7768,341.25,43.75,43.75,0.0,1,0.10172516300851539
7769,343.75,43.75,43.75,0.0,1,0.09929894970808656
7770,346.25,43.75,43.75,0.0,1,0.033555426198940023
7771,348.75,43.75,43.75,0.0,1,-0.010290688831252231
7772,351.25,43.75,43.75,0.0,1,-0.0009902966550557162
7773,353.75,43.75,43.75,0.0,1,0.04167990677818087
7774,356.25,43.75,43.75,0.0,1,0.12461250227676869
7775,358.75,43.75,43.75,0.0,1,0.13831038935029033
7776,1.25,46.25,46.25,1.0,0,0.09977352683048797
7777,3.75,46.25,46.25,1.0,0,0.13921930916673855
7778,6.25,46.25,46.25,1.0,0,0.17518749444707385
7779,8.75,46.25,46.25,1.0,0,0.16647148733934777
7780,11.25,46.25,46.25,1.0,0,0.12827282964076367
7781,13.75,46.25,46.25,1.0,0,0.1368563468475009
7782,16.25,46.25,46.25,1.0,0,0.14051126908722186
7783,18.75,46.25,46.25,1.0,0,0.13450007966768188
7784,21.25,46.25,46.25,1.0,0,0.1481075671715532
7785,23.75,46.25,46.25,1.0,0,0.17202263445101923
7786,26.25,46.25,46.25,1.0,0,0.14815395485063293
7787,28.75,46.25,46.25,1.0,0,0.09397044783009764
7788,31.25,46.25,46.25,0.0,2,0.10143523358320243
7789,33.75,46.25,46.25,1.0,0,0.05565308225655598
7790,36.25,46.25,46.25,0.0,2,0.055748956310130826
7791,38.75,46.25,46.25,0.0,2,0.0457295238406638
7792,41.25,46.25,46.25,1.0,0,0.03946167103851949
7793,43.75,46.25,46.25,1.0,0,0.06287422841027573
7794,46.25,46.25,46.25,1.0,0,0.05161582792491597
7795,48.75,46.25,46.25,1.0,0,0.05459403967850247
7796,51.25,46.25,46.25,1.0,0,0.047114888479038025
7797,53.75,46.25,46.25,1.0,0,0.04856527727355697
7798,56.25,46.25,46.25,1.0,0,0.055107109854199525
7799,58.75,46.25,46.25,1.0,0,0.04454569652889041
7800,61.25,46.25,46.25,1.0,0,0.02876409940271657
7801,63.75,46.25,46.25,1.0,0,0.024224861543363296
7802,66.25,46.25,46.25,1.0,0,0.03804372287191091
7803,68.75,46.25,46.25,1.0,0,0.045779823959309525
7804,71.25,46.25,46.25,1.0,0,0.03814063865623494
7805,73.75,46.25,46.25,1.0,0,0.03471363586084216
7806,76.25,46.25,46.25,1.0,0,0.03976190333108512
7807,78.75,46.25,46.25,1.0,0,0.048008702443830056
7808,81.25,46.25,46.25,1.0,0,0.04450323316978154
7809,83.75,46.25,46.25,1.0,0,0.04616874078506065
7810,86.25,46.25,46.25,1.0,0,0.053352788492185804
7811,88.75,46.25,46.25,1.0,0,0.052818950753989465
7812,91.25,46.25,46.25,1.0,0,0.048740147283530905
7813,93.75,46.25,46.25,1.0,0,0.04973185775122883
7814,96.25,46.25,46.25,1.0,0,0.03556619003463297
7815,98.75,46.25,46.25,1.0,0,0.0189894475431513
7816,101.25,46.25,46.25,1.0,0,0.010474907655646789
7817,103.75,46.25,46.25,1.0,0,0.01729281872619824
7818,106.25,46.25,46.25,1.0,0,0.031194570254511025
7819,108.75,46.25,46.25,1.0,0,0.04848489278127109
7820,111.25,46.25,46.25,1.0,0,0.07412584116991303
7821,113.75,46.25,46.25,1.0,0,0.08871355853138889
7822,116.25,46.25,46.25,1.0,0,0.07228351971218674
7823,118.75,46.25,46.25,1.0,0,0.04683072545129842
7824,121.25,46.25,46.25,1.0,0,0.038183649290688626
7825,123.75,46.25,46.25,1.0,0,0.03662163729243354
7826,126.25,46.25,46.25,1.0,0,0.03992839320015872
7827,128.75,46.25,46.25,1.0,0,0.05128193535012677
7828,131.25,46.25,46.25,1.0,0,0.043920082836199206
7829,133.75,46.25,46.25,1.0,0,0.048979683848849986
7830,136.25,46.25,46.25,0.0,2,0.03739233085479445
7831,138.75,46.25,46.25,0.0,2,-0.04466434300055305
7832,141.25,46.25,46.25,0.0,2,0.0031676776695098254
7833,143.75,46.25,46.25,0.0,2,0.04333454453712751
7834,146.25,46.25,46.25,0.0,2,0.04554925086026398
7835,148.75,46.25,46.25,0.0,2,0.0447228865327973
7836,151.25,46.25,46.25,0.0,2,0.06045860198632031
7837,153.75,46.25,46.25,0.0,2,0.08622565999935895
7838,156.25,46.25,46.25,0.0,2,0.09853558003587852
7839,158.75,46.25,46.25,0.0,2,0.13235932937274758
7840,161.25,46.25,46.25,0.0,2,0.18039726521059327
7841,163.75,46.25,46.25,0.0,2,0.20386444877400065
7842,166.25,46.25,46.25,0.0,2,0.22299440125113662
7843,168.75,46.25,46.25,0.0,2,0.23253183299635025
7844,171.25,46.25,46.25,0.0,2,0.23120638671550967
7845,173.75,46.25,46.25,0.0,2,0.2414487421251632
7846,176.25,46.25,46.25,0.0,2,0.2464336962351168
7847,178.75,46.25,46.25,0.0,2,0.24698396164192798
7848,181.25,46.25,46.25,0.0,2,0.25158024372863186
7849,183.75,46.25,46.25,0.0,2,0.2478708116690078
7850,186.25,46.25,46.25,0.0,2,0.224395020855749
7851,188.75,46.25,46.25,0.0,2,0.21178650913904556
7852,191.25,46.25,46.25,0.0,2,0.21859404723430645
7853,193.75,46.25,46.25,0.0,2,0.2144623194656664
7854,196.25,46.25,46.25,0.0,2,0.18406779777594057
7855,198.75,46.25,46.25,0.0,2,0.14338074641009424
7856,201.25,46.25,46.25,0.0,2,0.11407859191077004
7857,203.75,46.25,46.25,0.0,2,0.08812835474266553
7858,206.25,46.25,46.25,0.0,2,0.08561274120589414
7859,208.75,46.25,46.25,0.0,2,0.08231092299615766
7860,211.25,46.25,46.25,0.0,2,0.06316629792639789
7861,213.75,46.25,46.25,0.0,2,0.03733526582208496
7862,216.25,46.25,46.25,0.0,2,0.018889447414979905
7863,218.75,46.25,46.25,0.0,2,0.006456977944077591
7864,221.25,46.25,46.25,0.0,2,0.008420054504336931
7865,223.75,46.25,46.25,0.0,2,0.0028537841665422256
7866,226.25,46.25,46.25,0.0,2,-0.0023459510999153757
7867,228.75,46.25,46.25,0.0,2,-0.012191307725999287
7868,231.25,46.25,46.25,0.0,2,-0.02805245584152019
7869,233.75,46.25,46.25,0.0,2,-0.004273991088190959
7870,236.25,46.25,46.25,0.0,2,-0.0029692232074966327
7871,238.75,46.25,46.25,1.0,0,-0.021435175507207627
7872,241.25,46.25,46.25,1.0,0,-0.055334151532217685
7873,243.75,46.25,46.25,1.0,0,-0.072017538361153
7874,246.25,46.25,46.25,1.0,0,-0.07764632333656775
7875,248.75,46.25,46.25,1.0,0,-0.0976487759174112
7876,251.25,46.25,46.25,1.0,0,-0.11655790396277073
7877,253.75,46.25,46.25,1.0,0,-0.103486582769171
7878,256.25,46.25,46.25,1.0,0,-0.05865132118298022
7879,258.75,46.25,46.25,1.0,0,-0.014949705097282695
7880,261.25,46.25,46.25,1.0,0,0.04589345029580618
7881,263.75,46.25,46.25,1.0,0,0.0877713050477243
7882,266.25,46.25,46.25,1.0,0,0.08570077140098312
7883,268.75,46.25,46.25,1.0,0,0.08764519925881155
7884,271.25,46.25,46.25,1.0,0,0.10198772151909188
7885,273.75,46.25,46.25,1.0,0,0.11146114615357688
7886,276.25,46.25,46.25,1.0,0,0.09209530513792274
7887,278.75,46.25,46.25,1.0,0,0.09301773436874033
7888,281.25,46.25,46.25,1.0,0,0.06847645638195801
7889,283.75,46.25,46.25,1.0,0,0.0901166854555721
7890,286.25,46.25,46.25,1.0,0,0.11817309794581403
7891,288.75,46.25,46.25,1.0,0,0.12054158928509823
7892,291.25,46.25,46.25,1.0,0,0.11936803266249921
7893,293.75,46.25,46.25,1.0,0,0.14235812549362745
7894,296.25,46.25,46.25,0.0,1,0.11056946061057682
7895,298.75,46.25,46.25,0.0,1,0.11623229388563074
7896,301.25,46.25,46.25,0.0,1,0.1697622789133188
7897,303.75,46.25,46.25,0.0,1,0.17296697201884714
7898,306.25,46.25,46.25,0.0,1,0.11297095613925966
7899,308.75,46.25,46.25,0.0,1,0.07479169103965506
7900,311.25,46.25,46.25,0.0,1,0.09604850085200628
7901,313.75,46.25,46.25,0.0,1,0.1285970813934022
7902,316.25,46.25,46.25,0.0,1,0.147536427655045
7903,318.75,46.25,46.25,0.0,1,0.15360010037253477
7904,321.25,46.25,46.25,0.0,1,0.167798218517054
7905,323.75,46.25,46.25,0.0,1,0.15242409060333795
7906,326.25,46.25,46.25,0.0,1,0.12214205720858277
7907,328.75,46.25,46.25,0.0,1,0.12130789340544537
7908,331.25,46.25,46.25,0.0,1,0.059062471619251496
7909,333.75,46.25,46.25,0.0,1,0.00567604711363103
7910,336.25,46.25,46.25,0.0,1,-0.029913656473225483
7911,338.75,46.25,46.25,0.0,1,-0.07619354064408991
7912,341.25,46.25,46.25,0.0,1,0.03762810830909269
7913,343.75,46.25,46.25,0.0,1,0.10104096482427762
7914,346.25,46.25,46.25,0.0,1,0.08340838620465343
7915,348.75,46.25,46.25,0.0,1,0.06091137978671758
7916,351.25,46.25,46.25,0.0,1,0.0539038129784072
7917,353.75,46.25,46.25,0.0,1,0.07998432115930482
7918,356.25,46.25,46.25,0.0,1,0.16073636159454338
7919,358.75,46.25,46.25,0.0,1,0.1652224100586612
7920,1.25,48.75,48.75,1.0,0,0.07383648401308134
7921,3.75,48.75,48.75,1.0,0,0.08435536796829085
7922,6.25,48.75,48.75,1.0,0,0.15005501148543954
7923,8.75,48.75,48.75,1.0,0,0.1890076841063738
7924,11.25,48.75,48.75,1.0,0,0.18162386307778994
7925,13.75,48.75,48.75,1.0,0,0.1779199800186554
7926,16.25,48.75,48.75,1.0,0,0.18091759039534272
7927,18.75,48.75,48.75,1.0,0,0.18224671238150497
7928,21.25,48.75,48.75,1.0,0,0.1787864384709918
7929,23.75,48.75,48.75,1.0,0,0.17123643703038802
7930,26.25,48.75,48.75,1.0,0,0.15429678214958942
7931,28.75,48.75,48.75,1.0,0,0.14056064985542802
7932,31.25,48.75,48.75,1.0,0,0.1269814318891088
7933,33.75,48.75,48.75,1.0,0,0.13206237483537453
7934,36.25,48.75,48.75,1.0,0,0.11975424297428647
7935,38.75,48.75,48.75,1.0,0,0.09439321106382345
7936,41.25,48.75,48.75,1.0,0,0.09228950332990374
7937,43.75,48.75,48.75,1.0,0,0.10023364213178708
7938,46.25,48.75,48.75,1.0,0,0.091987165716327
7939,48.75,48.75,48.75,1.0,0,0.08051602762097766
7940,51.25,48.75,48.75,1.0,0,0.07338365789357244
7941,53.75,48.75,48.75,1.0,0,0.07880717078465778
7942,56.25,48.75,48.75,1.0,0,0.08060171669392108
7943,58.75,48.75,48.75,1.0,0,0.07114331076985679
7944,61.25,48.75,48.75,1.0,0,0.05454312961145035
7945,63.75,48.75,48.75,1.0,0,0.048832585432811174
7946,66.25,48.75,48.75,1.0,0,0.051606060427112875
7947,68.75,48.75,48.75,1.0,0,0.060494081178547474
7948,71.25,48.75,48.75,1.0,0,0.06071188946604334
7949,73.75,48.75,48.75,1.0,0,0.06633699296823786
7950,76.25,48.75,48.75,1.0,0,0.07222209996096844
7951,78.75,48.75,48.75,1.0,0,0.06854711246957607
7952,81.25,48.75,48.75,1.0,0,0.06809181896545077
7953,83.75,48.75,48.75,1.0,0,0.08203287776392194
7954,86.25,48.75,48.75,1.0,0,0.0936688129125676
7955,88.75,48.75,48.75,1.0,0,0.0708128451018477
7956,91.25,48.75,48.75,1.0,0,0.045144714408257784
7957,93.75,48.75,48.75,1.0,0,0.02963524033559541
7958,96.25,48.75,48.75,1.0,0,0.03697654501639545
7959,98.75,48.75,48.75,1.0,0,0.04015752085590415
7960,101.25,48.75,48.75,1.0,0,0.022821343322446362
7961,103.75,48.75,48.75,1.0,0,0.02976598816855411
7962,106.25,48.75,48.75,1.0,0,0.044711442386426825
7963,108.75,48.75,48.75,1.0,0,0.06770380291036453
7964,111.25,48.75,48.75,1.0,0,0.09104043386846693
7965,113.75,48.75,48.75,1.0,0,0.08009128062196567
7966,116.25,48.75,48.75,1.0,0,0.06222386600119079
7967,118.75,48.75,48.75,1.0,0,0.063726654832798
7968,121.25,48.75,48.75,1.0,0,0.05338932983917626
7969,123.75,48.75,48.75,1.0,0,0.03930722834652636
7970,126.25,48.75,48.75,1.0,0,0.03405394509691713
7971,128.75,48.75,48.75,1.0,0,0.04644309489657865
7972,131.25,48.75,48.75,1.0,0,0.06704718239598992
7973,133.75,48.75,48.75,1.0,0,0.08541774007567553
7974,136.25,48.75,48.75,1.0,0,0.10331426055765393
7975,138.75,48.75,48.75,1.0,0,0.07318420327746558
7976,141.25,48.75,48.75,0.0,2,0.07856370661409269
7977,143.75,48.75,48.75,0.0,2,0.047267901209819704
7978,146.25,48.75,48.75,0.0,2,0.07935550724470919
7979,148.75,48.75,48.75,0.0,2,0.086681645113265
7980,151.25,48.75,48.75,0.0,2,0.08057290269826367
7981,153.75,48.75,48.75,0.0,2,0.10483787614245386
7982,156.25,48.75,48.75,0.0,2,0.1253218818916687
7983,158.75,48.75,48.75,0.0,2,0.12922532713103224
7984,161.25,48.75,48.75,0.0,2,0.14984587541208663
7985,163.75,48.75,48.75,0.0,2,0.19158016642896858
7986,166.25,48.75,48.75,0.0,2,0.2303207069431026
7987,168.75,48.75,48.75,0.0,2,0.22322432476465692
7988,171.25,48.75,48.75,0.0,2,0.20746923081647617
7989,173.75,48.75,48.75,0.0,2,0.22289069419481766
7990,176.25,48.75,48.75,0.0,2,0.23785274836451265
7991,178.75,48.75,48.75,0.0,2,0.22926134292753517
7992,181.25,48.75,48.75,0.0,2,0.2307446740587123
7993,183.75,48.75,48.75,0.0,2,0.23433091356463917
7994,186.25,48.75,48.75,0.0,2,0.22251510843857925
7995,188.75,48.75,48.75,0.0,2,0.21308927043667245
7996,191.25,48.75,48.75,0.0,2,0.21237749713274914
7997,193.75,48.75,48.75,0.0,2,0.20259309588457475
7998,196.25,48.75,48.75,0.0,2,0.1846176101675447
7999,198.75,48.75,48.75,0.0,2,0.15110767590807755
8000,201.25,48.75,48.75,0.0,2,0.12743390011443742
8001,203.75,48.75,48.75,0.0,2,0.11090166871109808
8002,206.25,48.75,48.75,0.0,2,0.1028397555453148
8003,208.75,48.75,48.75,0.0,2,0.11143037731908978
8004,211.25,48.75,48.75,0.0,2,0.10240820211723867
8005,213.75,48.75,48.75,0.0,2,0.06950464558521437
8006,216.25,48.75,48.75,0.0,2,0.05668358277230284
8007,218.75,48.75,48.75,0.0,2,0.05943461739933812
8008,221.25,48.75,48.75,0.0,2,0.050462256645994914
8009,223.75,48.75,48.75,0.0,2,0.03773149954151626
8010,226.25,48.75,48.75,0.0,2,0.0358186810667914
8011,228.75,48.75,48.75,0.0,2,0.03619530294387044
8012,231.25,48.75,48.75,0.0,2,0.06075393684114748
8013,233.75,48.75,48.75,0.0,2,0.0937032847702862
8014,236.25,48.75,48.75,1.0,0,0.1028720324055829
8015,238.75,48.75,48.75,1.0,0,0.04953958601900597
8016,241.25,48.75,48.75,1.0,0,-0.017498156699481345
8017,243.75,48.75,48.75,1.0,0,-0.029100799039084222
8018,246.25,48.75,48.75,1.0,0,-0.044667538739032016
8019,248.75,48.75,48.75,1.0,0,-0.07303801465459048
8020,251.25,48.75,48.75,1.0,0,-0.07911819021712065
8021,253.75,48.75,48.75,1.0,0,-0.05368450520784295
8022,256.25,48.75,48.75,1.0,0,-0.025595657303273366
8023,258.75,48.75,48.75,1.0,0,0.005645710007286341
8024,261.25,48.75,48.75,1.0,0,0.04500025657329349
8025,263.75,48.75,48.75,1.0,0,0.076428969153087
8026,266.25,48.75,48.75,1.0,0,0.08353167512836673
8027,268.75,48.75,48.75,1.0,0,0.09162504240561216
8028,271.25,48.75,48.75,1.0,0,0.10725245845241596
8029,273.75,48.75,48.75,1.0,0,0.11204278154628414
8030,276.25,48.75,48.75,1.0,0,0.08457197266794693
8031,278.75,48.75,48.75,1.0,0,0.10056613515288122
8032,281.25,48.75,48.75,1.0,0,0.1347843090203926
8033,283.75,48.75,48.75,1.0,0,0.1546579427617908
8034,286.25,48.75,48.75,1.0,0,0.1622968930815861
8035,288.75,48.75,48.75,1.0,0,0.16059543027540918
8036,291.25,48.75,48.75,1.0,0,0.15437588811405123
8037,293.75,48.75,48.75,0.0,1,0.1607159854584354
8038,296.25,48.75,48.75,0.0,1,0.1102150611688276
8039,298.75,48.75,48.75,0.0,1,0.14224997105762363
8040,301.25,48.75,48.75,0.0,1,0.17006510697897523
8041,303.75,48.75,48.75,1.0,0,0.13977680866292205
8042,306.25,48.75,48.75,0.0,1,0.09238773354881435
8043,308.75,48.75,48.75,0.0,1,0.053476287929594926
8044,311.25,48.75,48.75,0.0,1,0.07119632298100531
8045,313.75,48.75,48.75,0.0,1,0.11311993043697446
8046,316.25,48.75,48.75,0.0,1,0.123988514518591
8047,318.75,48.75,48.75,0.0,1,0.14981755662058618
8048,321.25,48.75,48.75,0.0,1,0.18839265935791635
8049,323.75,48.75,48.75,0.0,1,0.17492424973545687
8050,326.25,48.75,48.75,0.0,1,0.13317577828725063
8051,328.75,48.75,48.75,0.0,1,0.09775138610725621
8052,331.25,48.75,48.75,0.0,1,0.053102295806928976
8053,333.75,48.75,48.75,0.0,1,0.022688475787306296
8054,336.25,48.75,48.75,0.0,1,0.008262336377379874
8055,338.75,48.75,48.75,0.0,1,-0.06327930237001805
8056,341.25,48.75,48.75,0.0,1,-0.06271723974088278
8057,343.75,48.75,48.75,0.0,1,-0.024911883470676074
8058,346.25,48.75,48.75,0.0,1,0.05060325000751122
8059,348.75,48.75,48.75,0.0,1,0.06996811653795641
8060,351.25,48.75,48.75,0.0,1,0.09311705792418751
8061,353.75,48.75,48.75,0.0,1,0.14647845712350824
8062,356.25,48.75,48.75,0.0,1,0.16260737129914254
8063,358.75,48.75,48.75,0.0,1,0.12278918279753974
8064,1.25,51.25,51.25,0.0,1,0.09356575439151753
8065,3.75,51.25,51.25,0.0,1,0.16611464195437262
8066,6.25,51.25,51.25,1.0,0,0.09351055766001656
8067,8.75,51.25,51.25,1.0,0,0.09881359800847905
8068,11.25,51.25,51.25,1.0,0,0.12673820755906887
8069,13.75,51.25,51.25,1.0,0,0.14246602690925705
8070,16.25,51.25,51.25,1.0,0,0.17737798376292643
8071,18.75,51.25,51.25,1.0,0,0.20469674474587288
8072,21.25,51.25,51.25,1.0,0,0.1987267089195479
8073,23.75,51.25,51.25,1.0,0,0.19400499378467384
8074,26.25,51.25,51.25,1.0,0,0.17466398344632972
8075,28.75,51.25,51.25,1.0,0,0.1476680257127972
8076,31.25,51.25,51.25,1.0,0,0.14320281839968443
8077,33.75,51.25,51.25,1.0,0,0.16243018410885965
8078,36.25,51.25,51.25,1.0,0,0.1645644889199173
8079,38.75,51.25,51.25,1.0,0,0.1533346716309546
8080,41.25,51.25,51.25,1.0,0,0.14589090198237792
8081,43.75,51.25,51.25,1.0,0,0.13404683670587714
8082,46.25,51.25,51.25,1.0,0,0.11767624755478341
8083,48.75,51.25,51.25,1.0,0,0.10197378574611392
8084,51.25,51.25,51.25,1.0,0,0.09664231762534589
8085,53.75,51.25,51.25,1.0,0,0.10776126563117687
8086,56.25,51.25,51.25,1.0,0,0.11787980371962274
8087,58.75,51.25,51.25,1.0,0,0.11435154266394246
8088,61.25,51.25,51.25,1.0,0,0.09779715053020531
8089,63.75,51.25,51.25,1.0,0,0.07480919391910666
8090,66.25,51.25,51.25,1.0,0,0.07537259363753193
8091,68.75,51.25,51.25,1.0,0,0.08378981932101577
8092,71.25,51.25,51.25,1.0,0,0.07957888946221692
8093,73.75,51.25,51.25,1.0,0,0.07975375553891723
8094,76.25,51.25,51.25,1.0,0,0.06753432657795819
8095,78.75,51.25,51.25,1.0,0,0.05441007315705951
8096,81.25,51.25,51.25,1.0,0,0.0881067212148747
8097,83.75,51.25,51.25,1.0,0,0.12693696406007407
8098,86.25,51.25,51.25,1.0,0,0.13673929466227513
8099,88.75,51.25,51.25,1.0,0,0.09825350851532069
8100,91.25,51.25,51.25,1.0,0,0.06567490597208168
8101,93.75,51.25,51.25,1.0,0,0.04892210798252096
8102,96.25,51.25,51.25,1.0,0,0.07456080346560226
8103,98.75,51.25,51.25,1.0,0,0.09144934545868207
8104,101.25,51.25,51.25,1.0,0,0.09540571738008549
8105,103.75,51.25,51.25,1.0,0,0.09037210969505924
8106,106.25,51.25,51.25,1.0,0,0.05861838561926324
8107,108.75,51.25,51.25,1.0,0,0.07425122005201525
8108,111.25,51.25,51.25,1.0,0,0.08269660538837004
8109,113.75,51.25,51.25,1.0,0,0.0668904778187473
8110,116.25,51.25,51.25,1.0,0,0.05353443398551779
8111,118.75,51.25,51.25,1.0,0,0.0695123341606165
8112,121.25,51.25,51.25,1.0,0,0.07610925238040005
8113,123.75,51.25,51.25,1.0,0,0.05794765812163862
8114,126.25,51.25,51.25,1.0,0,0.0559407842556817
8115,128.75,51.25,51.25,1.0,0,0.09472485934449286
8116,131.25,51.25,51.25,1.0,0,0.11730782834284958
8117,133.75,51.25,51.25,1.0,0,0.11048532505823021
8118,136.25,51.25,51.25,1.0,0,0.1247447869612349
8119,138.75,51.25,51.25,1.0,0,0.12563664614806377
8120,141.25,51.25,51.25,0.0,2,0.0995034414761549
8121,143.75,51.25,51.25,0.0,2,0.09433801916045008
8122,146.25,51.25,51.25,0.0,2,0.13126594696632612
8123,148.75,51.25,51.25,0.0,2,0.11600191143747887
8124,151.25,51.25,51.25,0.0,2,0.10829697556160979
8125,153.75,51.25,51.25,0.0,2,0.1526089626172884
8126,156.25,51.25,51.25,0.0,2,0.17911667356114483
8127,158.75,51.25,51.25,0.0,2,0.15457657011357204
8128,161.25,51.25,51.25,0.0,2,0.11997905398073833
8129,163.75,51.25,51.25,0.0,2,0.12841238738901706
8130,166.25,51.25,51.25,0.0,2,0.16796214743284443
8131,168.75,51.25,51.25,0.0,2,0.19009827622565473
8132,171.25,51.25,51.25,0.0,2,0.1859915048653449
8133,173.75,51.25,51.25,0.0,2,0.19121058025814505
8134,176.25,51.25,51.25,0.0,2,0.2036016415723882
8135,178.75,51.25,51.25,0.0,2,0.2048108399873654
8136,181.25,51.25,51.25,0.0,2,0.20030238925824712
8137,183.75,51.25,51.25,0.0,2,0.20944662166807784
8138,186.25,51.25,51.25,0.0,2,0.20316778314847267
8139,188.75,51.25,51.25,0.0,2,0.20671766565694755
8140,191.25,51.25,51.25,0.0,2,0.21367699081204372
8141,193.75,51.25,51.25,0.0,2,0.1998488932640048
8142,196.25,51.25,51.25,0.0,2,0.17697465968801393
8143,198.75,51.25,51.25,0.0,2,0.156809742874622
8144,201.25,51.25,51.25,0.0,2,0.13616356215896858
8145,203.75,51.25,51.25,0.0,2,0.11410700041471741
8146,206.25,51.25,51.25,0.0,2,0.09952181787257133
8147,208.75,51.25,51.25,0.0,2,0.09294779964940328
8148,211.25,51.25,51.25,0.0,2,0.09663837239223523
8149,213.75,51.25,51.25,0.0,2,0.09435684520131746
8150,216.25,51.25,51.25,0.0,2,0.09503581065804372
8151,218.75,51.25,51.25,0.0,2,0.10851622636469986
8152,221.25,51.25,51.25,0.0,2,0.09659653734961345
8153,223.75,51.25,51.25,0.0,2,0.07029293645028209
8154,226.25,51.25,51.25,0.0,2,0.07520820067062783
8155,228.75,51.25,51.25,0.0,2,0.1359544556248926
8156,231.25,51.25,51.25,0.0,2,0.2137287072206181
8157,233.75,51.25,51.25,1.0,0,0.2502796685529119
8158,236.25,51.25,51.25,1.0,0,0.2303892242889736
8159,238.75,51.25,51.25,1.0,0,0.13257741982481985
8160,241.25,51.25,51.25,1.0,0,0.04991818660769057
8161,243.75,51.25,51.25,1.0,0,-0.005894390659141682
8162,246.25,51.25,51.25,1.0,0,-0.025975881189973817
8163,248.75,51.25,51.25,1.0,0,-0.03768779883081805
8164,251.25,51.25,51.25,1.0,0,-0.038806994651266684
8165,253.75,51.25,51.25,1.0,0,-0.03759225762470345
8166,256.25,51.25,51.25,1.0,0,-0.029337199951800237
8167,258.75,51.25,51.25,1.0,0,0.0036487481285402204
8168,261.25,51.25,51.25,1.0,0,0.059601376220704515
8169,263.75,51.25,51.25,1.0,0,0.08519008408002995
8170,266.25,51.25,51.25,1.0,0,0.08867647724105082
8171,268.75,51.25,51.25,1.0,0,0.10720285010921775
8172,271.25,51.25,51.25,1.0,0,0.11412512527529542
8173,273.75,51.25,51.25,1.0,0,0.10355059380628395
8174,276.25,51.25,51.25,1.0,0,0.08961678057631292
8175,278.75,51.25,51.25,1.0,0,0.1034015449258585
8176,281.25,51.25,51.25,1.0,0,0.16683462012662326
8177,283.75,51.25,51.25,1.0,0,0.22306851196585625
8178,286.25,51.25,51.25,1.0,0,0.2283866304897265
8179,288.75,51.25,51.25,1.0,0,0.20637386647451475
8180,291.25,51.25,51.25,1.0,0,0.1862602213416814
8181,293.75,51.25,51.25,1.0,0,0.1837273724957684
8182,296.25,51.25,51.25,1.0,0,0.19097961290703308
8183,298.75,51.25,51.25,1.0,0,0.199199921104043
8184,301.25,51.25,51.25,0.0,1,0.19576417477244257
8185,303.75,51.25,51.25,0.0,1,0.16726277231121164
8186,306.25,51.25,51.25,0.0,1,0.09844719365988402
8187,308.75,51.25,51.25,0.0,1,0.048842646738639944
8188,311.25,51.25,51.25,0.0,1,0.057382961904536005
8189,313.75,51.25,51.25,0.0,1,0.09469576824098813
8190,316.25,51.25,51.25,0.0,1,0.07814263322706363
8191,318.75,51.25,51.25,0.0,1,0.05358404772061134
8192,321.25,51.25,51.25,0.0,1,0.08191673849694647
8193,323.75,51.25,51.25,0.0,1,0.09832814294465439
8194,326.25,51.25,51.25,0.0,1,0.060143301979204346
8195,328.75,51.25,51.25,0.0,1,0.016593262521733685
8196,331.25,51.25,51.25,0.0,1,-0.005715088010815783
8197,333.75,51.25,51.25,0.0,1,-0.030452559727505192
8198,336.25,51.25,51.25,0.0,1,-0.04938759698431758
8199,338.75,51.25,51.25,0.0,1,-0.10827696760187198
8200,341.25,51.25,51.25,0.0,1,-0.11693830545148823
8201,343.75,51.25,51.25,0.0,1,-0.07774422064438348
8202,346.25,51.25,51.25,0.0,1,0.027455248831547048
8203,348.75,51.25,51.25,0.0,1,0.06285548324055996
8204,351.25,51.25,51.25,0.0,1,0.11664540980762587
8205,353.75,51.25,51.25,0.0,1,0.16096458093610527
8206,356.25,51.25,51.25,1.0,0,0.11082309435382354
8207,358.75,51.25,51.25,1.0,0,0.0762203586053687
8208,1.25,53.75,53.75,0.0,1,0.15573549431060066
8209,3.75,53.75,53.75,0.0,1,0.18414350656098494
8210,6.25,53.75,53.75,0.0,1,0.19496201360684612
8211,8.75,53.75,53.75,0.0,1,0.12465149861119663
8212,11.25,53.75,53.75,1.0,0,0.15589554177042583
8213,13.75,53.75,53.75,0.0,1,0.20133245142049352
8214,16.25,53.75,53.75,1.0,0,0.1941373213476961
8215,18.75,53.75,53.75,1.0,0,0.19487753177104622
8216,21.25,53.75,53.75,1.0,0,0.15926414875547487
8217,23.75,53.75,53.75,1.0,0,0.1879361317477926
8218,26.25,53.75,53.75,1.0,0,0.19792516719395498
8219,28.75,53.75,53.75,1.0,0,0.1884136001082686
8220,31.25,53.75,53.75,1.0,0,0.15446575041093838
8221,33.75,53.75,53.75,1.0,0,0.14853480226758373
8222,36.25,53.75,53.75,1.0,0,0.15839955244399415
8223,38.75,53.75,53.75,1.0,0,0.17208856775038445
8224,41.25,53.75,53.75,1.0,0,0.1789534348262083
8225,43.75,53.75,53.75,1.0,0,0.1717750116874527
8226,46.25,53.75,53.75,1.0,0,0.1543716356517951
8227,48.75,53.75,53.75,1.0,0,0.1435530137030854
8228,51.25,53.75,53.75,1.0,0,0.1335872496034944
8229,53.75,53.75,53.75,1.0,0,0.14475669113454986
8230,56.25,53.75,53.75,1.0,0,0.15633987624747644
8231,58.75,53.75,53.75,1.0,0,0.15604087659015028
8232,61.25,53.75,53.75,1.0,0,0.14361203902330721
8233,63.75,53.75,53.75,1.0,0,0.12102732265231264
8234,66.25,53.75,53.75,1.0,0,0.11068520604146781
8235,68.75,53.75,53.75,1.0,0,0.12109960879066164
8236,71.25,53.75,53.75,1.0,0,0.11281490096141318
8237,73.75,53.75,53.75,1.0,0,0.0960716274253817
8238,76.25,53.75,53.75,1.0,0,0.09799468359477063
8239,78.75,53.75,53.75,1.0,0,0.12414472736871217
8240,81.25,53.75,53.75,1.0,0,0.14491462689195286
8241,83.75,53.75,53.75,1.0,0,0.15747816588144234
8242,86.25,53.75,53.75,1.0,0,0.16324331056320732
8243,88.75,53.75,53.75,1.0,0,0.12710995272408693
8244,91.25,53.75,53.75,1.0,0,0.12819740821901884
8245,93.75,53.75,53.75,1.0,0,0.10159108366075899
8246,96.25,53.75,53.75,1.0,0,0.11689962036878962
8247,98.75,53.75,53.75,1.0,0,0.12907457967031752
8248,101.25,53.75,53.75,1.0,0,0.12324860191362
8249,103.75,53.75,53.75,1.0,0,0.0847242063729055
8250,106.25,53.75,53.75,1.0,0,0.06350465266506392
8251,108.75,53.75,53.75,1.0,0,0.09716112750800425
8252,111.25,53.75,53.75,1.0,0,0.09549167794624032
8253,113.75,53.75,53.75,1.0,0,0.07857558197344035
8254,116.25,53.75,53.75,1.0,0,0.06389812364803153
8255,118.75,53.75,53.75,1.0,0,0.07549658851927109
8256,121.25,53.75,53.75,1.0,0,0.10014901291516266
8257,123.75,53.75,53.75,1.0,0,0.10180243028514137
8258,126.25,53.75,53.75,1.0,0,0.10752701437696321
8259,128.75,53.75,53.75,1.0,0,0.14741873218232115
8260,131.25,53.75,53.75,1.0,0,0.15696465509904514
8261,133.75,53.75,53.75,1.0,0,0.1279567215574431
8262,136.25,53.75,53.75,1.0,0,0.128697548849378
8263,138.75,53.75,53.75,1.0,0,0.1421991296007916
8264,141.25,53.75,53.75,0.0,2,0.13530056009104593
8265,143.75,53.75,53.75,0.0,2,0.15043309723871504
8266,146.25,53.75,53.75,0.0,2,0.1528796080258845
8267,148.75,53.75,53.75,0.0,2,0.131871919557903
8268,151.25,53.75,53.75,0.0,2,0.13920631001939093
8269,153.75,53.75,53.75,0.0,2,0.20088184859753974
8270,156.25,53.75,53.75,0.0,2,0.22102785164551544
8271,158.75,53.75,53.75,0.0,2,0.20929170497440513
8272,161.25,53.75,53.75,0.0,2,0.17923629081575748
8273,163.75,53.75,53.75,0.0,2,0.12404412098142065
8274,166.25,53.75,53.75,0.0,2,0.07726063635055772
8275,168.75,53.75,53.75,0.0,2,0.11491711718325345
8276,171.25,53.75,53.75,0.0,2,0.16311117660753185
8277,173.75,53.75,53.75,0.0,2,0.1814319737141989
8278,176.25,53.75,53.75,0.0,2,0.17337599848511528
8279,178.75,53.75,53.75,0.0,2,0.16840789692849384
8280,181.25,53.75,53.75,0.0,2,0.17205102055352975
8281,183.75,53.75,53.75,0.0,2,0.1784229799226688
8282,186.25,53.75,53.75,0.0,2,0.1921498325650778
8283,188.75,53.75,53.75,0.0,2,0.1866956379661048
8284,191.25,53.75,53.75,0.0,2,0.18373177446967973
8285,193.75,53.75,53.75,0.0,2,0.1775573661452388
8286,196.25,53.75,53.75,0.0,2,0.16769457779770086
8287,198.75,53.75,53.75,0.0,2,0.1445474927516136
8288,201.25,53.75,53.75,0.0,2,0.11736846071564822
8289,203.75,53.75,53.75,0.0,2,0.10108636709945254
8290,206.25,53.75,53.75,0.0,2,0.09948062475557552
8291,208.75,53.75,53.75,0.0,2,0.10820237516100974
8292,211.25,53.75,53.75,0.0,2,0.11210956555724044
8293,213.75,53.75,53.75,0.0,2,0.1149705226903729
8294,216.25,53.75,53.75,0.0,2,0.11045664501787571
8295,218.75,53.75,53.75,0.0,2,0.11777356139169418
8296,221.25,53.75,53.75,0.0,2,0.11723336377070093
8297,223.75,53.75,53.75,0.0,2,0.12176133944301532
8298,226.25,53.75,53.75,0.0,2,0.1838421436191571
8299,228.75,53.75,53.75,0.0,2,0.267503190782382
8300,231.25,53.75,53.75,0.0,2,0.32070458432023957
8301,233.75,53.75,53.75,1.0,0,0.2798890555239532
8302,236.25,53.75,53.75,1.0,0,0.17474537893718356
8303,238.75,53.75,53.75,1.0,0,0.08069545662949856
8304,241.25,53.75,53.75,1.0,0,0.024744203155085652
8305,243.75,53.75,53.75,1.0,0,-0.023040685434865423
8306,246.25,53.75,53.75,1.0,0,-0.02161397429062762
8307,248.75,53.75,53.75,1.0,0,-0.009862126007139349
8308,251.25,53.75,53.75,1.0,0,-0.0019298735756495195
8309,253.75,53.75,53.75,1.0,0,-0.0038056680396039936
8310,256.25,53.75,53.75,1.0,0,0.0006273031263783782
8311,258.75,53.75,53.75,1.0,0,0.023282481958075068
8312,261.25,53.75,53.75,1.0,0,0.06554994974823133
8313,263.75,53.75,53.75,1.0,0,0.08586262415452642
8314,266.25,53.75,53.75,1.0,0,0.08316704030046312
8315,268.75,53.75,53.75,1.0,0,0.07977079088293526
8316,271.25,53.75,53.75,1.0,0,0.08945332961992077
8317,273.75,53.75,53.75,1.0,0,0.10776661872632391
8318,276.25,53.75,53.75,1.0,0,0.10658878134970655
8319,278.75,53.75,53.75,0.0,2,0.13159133107377427
8320,281.25,53.75,53.75,0.0,1,0.19205037872470898
8321,283.75,53.75,53.75,1.0,0,0.2406721041998608
8322,286.25,53.75,53.75,1.0,0,0.24188024114763682
8323,288.75,53.75,53.75,1.0,0,0.20742802336269872
8324,291.25,53.75,53.75,1.0,0,0.19644368905626808
8325,293.75,53.75,53.75,1.0,0,0.19817466775659306
8326,296.25,53.75,53.75,1.0,0,0.19675237728151543
8327,298.75,53.75,53.75,1.0,0,0.19710571985309494
8328,301.25,53.75,53.75,1.0,0,0.17567690418997814
8329,303.75,53.75,53.75,0.0,1,0.14764491740438526
8330,306.25,53.75,53.75,0.0,1,0.09667482857410913
8331,308.75,53.75,53.75,0.0,1,0.06219124567445796
8332,311.25,53.75,53.75,0.0,1,0.05851887801827349
8333,313.75,53.75,53.75,0.0,1,0.04361910866321045
8334,316.25,53.75,53.75,0.0,1,0.017004279126801355
8335,318.75,53.75,53.75,0.0,1,-0.036984914382235015
8336,321.25,53.75,53.75,0.0,1,-0.03191206135958404
8337,323.75,53.75,53.75,0.0,1,-0.04768801458743658
8338,326.25,53.75,53.75,0.0,1,-0.12422658140285665
8339,328.75,53.75,53.75,0.0,1,-0.1793560138472385
8340,331.25,53.75,53.75,0.0,1,-0.14563211236946158
8341,333.75,53.75,53.75,0.0,1,-0.09107723045731282
8342,336.25,53.75,53.75,0.0,1,-0.0916560212955727
8343,338.75,53.75,53.75,0.0,1,-0.15287262755758826
8344,341.25,53.75,53.75,0.0,1,-0.17289697468044504
8345,343.75,53.75,53.75,0.0,1,-0.0994224799766874
8346,346.25,53.75,53.75,0.0,1,-0.025260268057768202
8347,348.75,53.75,53.75,0.0,1,0.10606065018949443
8348,351.25,53.75,53.75,0.0,1,0.15215129790935733
8349,353.75,53.75,53.75,0.0,1,0.15049311653436154
8350,356.25,53.75,53.75,0.0,1,0.11465677652074265
8351,358.75,53.75,53.75,1.0,0,0.09244435893273868
8352,1.25,56.25,56.25,0.0,1,0.1743580455581308
8353,3.75,56.25,56.25,0.0,1,0.1813188940354793
8354,6.25,56.25,56.25,0.0,1,0.21806610785399275
8355,8.75,56.25,56.25,0.0,1,0.16636731114385606
8356,11.25,56.25,56.25,0.0,1,0.16039217382578144
8357,13.75,56.25,56.25,1.0,0,0.18063402774639917
8358,16.25,56.25,56.25,0.0,1,0.22913188443816548
8359,18.75,56.25,56.25,0.0,1,0.256122580402215
8360,21.25,56.25,56.25,0.0,1,0.20190039920811478
8361,23.75,56.25,56.25,1.0,0,0.16236042492452465
8362,26.25,56.25,56.25,1.0,0,0.16876041215557422
8363,28.75,56.25,56.25,1.0,0,0.18520419406663433
8364,31.25,56.25,56.25,1.0,0,0.18102172119411547
8365,33.75,56.25,56.25,1.0,0,0.1913207160003934
8366,36.25,56.25,56.25,1.0,0,0.2147478696698111
8367,38.75,56.25,56.25,1.0,0,0.21773024707717434
8368,41.25,56.25,56.25,1.0,0,0.21798511428569625
8369,43.75,56.25,56.25,1.0,0,0.20823070738700125
8370,46.25,56.25,56.25,1.0,0,0.19320940006722892
8371,48.75,56.25,56.25,1.0,0,0.19315976911162702
8372,51.25,56.25,56.25,1.0,0,0.17291934866157888
8373,53.75,56.25,56.25,1.0,0,0.1620069530174731
8374,56.25,56.25,56.25,1.0,0,0.17226342309640377
8375,58.75,56.25,56.25,1.0,0,0.18154454607777343
8376,61.25,56.25,56.25,1.0,0,0.1644989779580006
8377,63.75,56.25,56.25,1.0,0,0.159701568358324
8378,66.25,56.25,56.25,1.0,0,0.1653114922504232
8379,68.75,56.25,56.25,1.0,0,0.1691838163619599
8380,71.25,56.25,56.25,1.0,0,0.1451285193591033
8381,73.75,56.25,56.25,1.0,0,0.12672341593858058
8382,76.25,56.25,56.25,1.0,0,0.15120338434917174
8383,78.75,56.25,56.25,1.0,0,0.18763514141074847
8384,81.25,56.25,56.25,1.0,0,0.1798476102416818
8385,83.75,56.25,56.25,1.0,0,0.1630288533117268
8386,86.25,56.25,56.25,1.0,0,0.17088077586259665
8387,88.75,56.25,56.25,1.0,0,0.17279980874625572
8388,91.25,56.25,56.25,1.0,0,0.1761445907039157
8389,93.75,56.25,56.25,1.0,0,0.13317768698980287
8390,96.25,56.25,56.25,1.0,0,0.10835401309328231
8391,98.75,56.25,56.25,1.0,0,0.11064624059050158
8392,101.25,56.25,56.25,1.0,0,0.11622665034449285
8393,103.75,56.25,56.25,1.0,0,0.11373536409893471
8394,106.25,56.25,56.25,1.0,0,0.13535803178718192
8395,108.75,56.25,56.25,1.0,0,0.17321802104256442
8396,111.25,56.25,56.25,1.0,0,0.17079278049301244
8397,113.75,56.25,56.25,1.0,0,0.13764332308617208
8398,116.25,56.25,56.25,1.0,0,0.1211244179377401
8399,118.75,56.25,56.25,1.0,0,0.14020113508567877
8400,121.25,56.25,56.25,1.0,0,0.15984477170196867
8401,123.75,56.25,56.25,1.0,0,0.16163334323966871
8402,126.25,56.25,56.25,1.0,0,0.1550613119732059
8403,128.75,56.25,56.25,1.0,0,0.16675844642193516
8404,131.25,56.25,56.25,1.0,0,0.16982332844327283
8405,133.75,56.25,56.25,1.0,0,0.14335938274501994
8406,136.25,56.25,56.25,0.0,2,0.1364406361984249
8407,138.75,56.25,56.25,0.0,2,0.15981208840394676
8408,141.25,56.25,56.25,0.0,2,0.16876240821032806
8409,143.75,56.25,56.25,0.0,2,0.16926493449493515
8410,146.25,56.25,56.25,0.0,2,0.14051748945085307
8411,148.75,56.25,56.25,0.0,2,0.10549383634820443
8412,151.25,56.25,56.25,0.0,2,0.11874057226712151
8413,153.75,56.25,56.25,0.0,2,0.19179123852403426
8414,156.25,56.25,56.25,0.0,2,0.23621938761736352
8415,158.75,56.25,56.25,1.0,0,0.20974723299667983
8416,161.25,56.25,56.25,0.0,2,0.21591189844282266
8417,163.75,56.25,56.25,0.0,2,0.23781801896464458
8418,166.25,56.25,56.25,0.0,2,0.1464700048059825
8419,168.75,56.25,56.25,0.0,2,0.10575771363889439
8420,171.25,56.25,56.25,0.0,2,0.12092215622418771
8421,173.75,56.25,56.25,0.0,2,0.1380090062738667
8422,176.25,56.25,56.25,0.0,2,0.14874481178438936
8423,178.75,56.25,56.25,0.0,2,0.16271759935308028
8424,181.25,56.25,56.25,0.0,2,0.17379940349490836
8425,183.75,56.25,56.25,0.0,2,0.17761198297491804
8426,186.25,56.25,56.25,0.0,2,0.1767908423082391
8427,188.75,56.25,56.25,0.0,2,0.16507333415885367
8428,191.25,56.25,56.25,0.0,2,0.15824073629885052
8429,193.75,56.25,56.25,0.0,2,0.16598036182681555
8430,196.25,56.25,56.25,0.0,2,0.18274987063937767
8431,198.75,56.25,56.25,0.0,2,0.1797427499662
8432,201.25,56.25,56.25,0.0,2,0.14620912226322713
8433,203.75,56.25,56.25,0.0,2,0.11107370133442211
8434,206.25,56.25,56.25,0.0,2,0.0888283556113253
8435,208.75,56.25,56.25,0.0,2,0.09191623507250446
8436,211.25,56.25,56.25,0.0,2,0.1055357566469677
8437,213.75,56.25,56.25,0.0,2,0.1184534079311661
8438,216.25,56.25,56.25,0.0,2,0.13280061926055237
8439,218.75,56.25,56.25,0.0,2,0.15804714917322712
8440,221.25,56.25,56.25,0.0,2,0.1945966998566126
8441,223.75,56.25,56.25,0.0,2,0.25160390896149276
8442,226.25,56.25,56.25,0.0,2,0.335560537633145
8443,228.75,56.25,56.25,1.0,0,0.38791698305718536
8444,231.25,56.25,56.25,1.0,0,0.32742286699611317
8445,233.75,56.25,56.25,1.0,0,0.18913882055952647
8446,236.25,56.25,56.25,1.0,0,0.08472110967995963
8447,238.75,56.25,56.25,1.0,0,0.03437831958537884
8448,241.25,56.25,56.25,1.0,0,0.010511164355648023
8449,243.75,56.25,56.25,1.0,0,-0.003245936702386716
8450,246.25,56.25,56.25,1.0,0,0.0011865002960761311
8451,248.75,56.25,56.25,1.0,0,0.02490530269773379
8452,251.25,56.25,56.25,1.0,0,0.05104235255913956
8453,253.75,56.25,56.25,1.0,0,0.045321230540329854
8454,256.25,56.25,56.25,1.0,0,0.03538292546360984
8455,258.75,56.25,56.25,1.0,0,0.0503728841733967
8456,261.25,56.25,56.25,1.0,0,0.07981902718331509
8457,263.75,56.25,56.25,1.0,0,0.09549992955149175
8458,266.25,56.25,56.25,1.0,0,0.10223330335098993
8459,268.75,56.25,56.25,1.0,0,0.10378935561507857
8460,271.25,56.25,56.25,0.0,2,0.12268236075332155
8461,273.75,56.25,56.25,0.0,2,0.14068455703190264
8462,276.25,56.25,56.25,0.0,2,0.14033605080738407
8463,278.75,56.25,56.25,0.0,2,0.16718561183872144
8464,281.25,56.25,56.25,0.0,1,0.21457905374774427
8465,283.75,56.25,56.25,0.0,1,0.22852619717505152
8466,286.25,56.25,56.25,1.0,0,0.22276195941164598
8467,288.75,56.25,56.25,1.0,0,0.21117190374610278
8468,291.25,56.25,56.25,1.0,0,0.20245594495300898
8469,293.75,56.25,56.25,1.0,0,0.18906824249653773
8470,296.25,56.25,56.25,1.0,0,0.1751882078533201
8471,298.75,56.25,56.25,0.0,1,0.15659408927582877
8472,301.25,56.25,56.25,0.0,1,0.13390191986848451
8473,303.75,56.25,56.25,0.0,1,0.04850633953697994
8474,306.25,56.25,56.25,0.0,1,0.011071486040193037
8475,308.75,56.25,56.25,0.0,1,0.05808810889316164
8476,311.25,56.25,56.25,0.0,1,0.045628145922293376
8477,313.75,56.25,56.25,0.0,1,0.025118198958202765
8478,316.25,56.25,56.25,0.0,1,0.03243440066275892
8479,318.75,56.25,56.25,0.0,1,0.023256383890557508
8480,321.25,56.25,56.25,0.0,1,0.030524665979864092
8481,323.75,56.25,56.25,0.0,1,0.043176559470086286
8482,326.25,56.25,56.25,0.0,1,0.023302362066971838
8483,328.75,56.25,56.25,0.0,1,-0.09406693190044711
8484,331.25,56.25,56.25,0.0,1,-0.1999497772522007
8485,333.75,56.25,56.25,0.0,1,-0.2449626569793805
8486,336.25,56.25,56.25,0.0,1,-0.23280701409402468
8487,338.75,56.25,56.25,0.0,1,-0.16045316848089675
8488,341.25,56.25,56.25,0.0,1,-0.04900076093435104
8489,343.75,56.25,56.25,0.0,1,0.0550496116700921
8490,346.25,56.25,56.25,0.0,1,0.07074062907669358
8491,348.75,56.25,56.25,0.0,1,0.1615837118889211
8492,351.25,56.25,56.25,0.0,1,0.23871425952752437
8493,353.75,56.25,56.25,0.0,1,0.16072297152115061
8494,356.25,56.25,56.25,1.0,0,0.12184515562486521
8495,358.75,56.25,56.25,0.0,1,0.15057570180906818
8496,1.25,58.75,58.75,0.0,1,0.2137247074467109
8497,3.75,58.75,58.75,0.0,1,0.2886406844456934
8498,6.25,58.75,58.75,0.0,1,0.2701414504574619
8499,8.75,58.75,58.75,1.0,0,0.19668754423890025
8500,11.25,58.75,58.75,0.0,1,0.20682529721656862
8501,13.75,58.75,58.75,1.0,0,0.1650893666334614
8502,16.25,58.75,58.75,1.0,0,0.14671355847025278
8503,18.75,58.75,58.75,0.0,1,0.21859529281784518
8504,21.25,58.75,58.75,0.0,1,0.20689501962921342
8505,23.75,58.75,58.75,0.0,1,0.15631087490098292
8506,26.25,58.75,58.75,1.0,0,0.11478007445182342
8507,28.75,58.75,58.75,1.0,0,0.13863240154988468
8508,31.25,58.75,58.75,1.0,0,0.18064845621700942
8509,33.75,58.75,58.75,1.0,0,0.1908873303712118
8510,36.25,58.75,58.75,1.0,0,0.21294057121259308
8511,38.75,58.75,58.75,1.0,0,0.23945716854539567
8512,41.25,58.75,58.75,1.0,0,0.24209671816083703
8513,43.75,58.75,58.75,1.0,0,0.23642862679108007
8514,46.25,58.75,58.75,1.0,0,0.229965276349676
8515,48.75,58.75,58.75,1.0,0,0.22051624150906682
8516,51.25,58.75,58.75,1.0,0,0.2092648536543469
8517,53.75,58.75,58.75,1.0,0,0.21385554129051282
8518,56.25,58.75,58.75,1.0,0,0.24310261383507809
8519,58.75,58.75,58.75,1.0,0,0.22845955281382588
8520,61.25,58.75,58.75,1.0,0,0.21677562682504614
8521,63.75,58.75,58.75,1.0,0,0.2215414185801774
8522,66.25,58.75,58.75,1.0,0,0.2150461233978421
8523,68.75,58.75,58.75,1.0,0,0.2311942152399833
8524,71.25,58.75,58.75,1.0,0,0.23941075243392526
8525,73.75,58.75,58.75,1.0,0,0.21417536033848267
8526,76.25,58.75,58.75,1.0,0,0.1936297282755563
8527,78.75,58.75,58.75,1.0,0,0.18706175253724866
8528,81.25,58.75,58.75,1.0,0,0.18651512119706276
8529,83.75,58.75,58.75,1.0,0,0.19823280568669838
8530,86.25,58.75,58.75,1.0,0,0.2305360001719209
8531,88.75,58.75,58.75,1.0,0,0.23189076687173754
8532,91.25,58.75,58.75,1.0,0,0.2105559942979156
8533,93.75,58.75,58.75,1.0,0,0.17273748965230584
8534,96.25,58.75,58.75,1.0,0,0.1582294675129829
8535,98.75,58.75,58.75,1.0,0,0.16712597009180583
8536,101.25,58.75,58.75,1.0,0,0.16506266924061594
8537,103.75,58.75,58.75,1.0,0,0.1424097359218951
8538,106.25,58.75,58.75,1.0,0,0.126909719800287
8539,108.75,58.75,58.75,1.0,0,0.14399547739299756
8540,111.25,58.75,58.75,1.0,0,0.187570155023175
8541,113.75,58.75,58.75,1.0,0,0.1766693627653132
8542,116.25,58.75,58.75,1.0,0,0.17026313930154405
8543,118.75,58.75,58.75,1.0,0,0.19323272451076537
8544,121.25,58.75,58.75,1.0,0,0.20598265490007678
8545,123.75,58.75,58.75,1.0,0,0.19676051615155535
8546,126.25,58.75,58.75,1.0,0,0.18174222464259954
8547,128.75,58.75,58.75,1.0,0,0.1726770187246289
8548,131.25,58.75,58.75,1.0,0,0.16477184576448395
8549,133.75,58.75,58.75,1.0,0,0.15010212183066804
8550,136.25,58.75,58.75,1.0,0,0.14943002758655802
8551,138.75,58.75,58.75,1.0,0,0.17153541161447447
8552,141.25,58.75,58.75,0.0,2,0.19348663395393298
8553,143.75,58.75,58.75,0.0,2,0.18935409459803113
8554,146.25,58.75,58.75,0.0,2,0.16869122219465119
8555,148.75,58.75,58.75,0.0,2,0.1610623569831506
8556,151.25,58.75,58.75,0.0,2,0.16507797720638703
8557,153.75,58.75,58.75,0.0,2,0.18330029663044337
8558,156.25,58.75,58.75,0.0,2,0.19913397974258773
8559,158.75,58.75,58.75,0.0,2,0.19192938117763308
8560,161.25,58.75,58.75,1.0,0,0.19976378931089522
8561,163.75,58.75,58.75,0.0,2,0.2415084108306442
8562,166.25,58.75,58.75,0.0,2,0.2542014138752928
8563,168.75,58.75,58.75,0.0,2,0.22529622742877634
8564,171.25,58.75,58.75,0.0,2,0.22656055507815
8565,173.75,58.75,58.75,0.0,2,0.22456994152097565
8566,176.25,58.75,58.75,0.0,2,0.2095199906262209
8567,178.75,58.75,58.75,0.0,2,0.19868657091617614
8568,181.25,58.75,58.75,0.0,2,0.18976137024414705
8569,183.75,58.75,58.75,0.0,2,0.18374915200108471
8570,186.25,58.75,58.75,0.0,2,0.18144793286844324
8571,188.75,58.75,58.75,0.0,2,0.17334700426391203
8572,191.25,58.75,58.75,0.0,2,0.15605548099266994
8573,193.75,58.75,58.75,0.0,2,0.15318249199974437
8574,196.25,58.75,58.75,0.0,2,0.17380012808448922
8575,198.75,58.75,58.75,0.0,2,0.1840824783217727
8576,201.25,58.75,58.75,1.0,0,0.19569357455264033
8577,203.75,58.75,58.75,1.0,0,0.17515037218972468
8578,206.25,58.75,58.75,0.0,2,0.12894054164886146
8579,208.75,58.75,58.75,0.0,2,0.09288085066860197
8580,211.25,58.75,58.75,0.0,2,0.10980715165743239
8581,213.75,58.75,58.75,0.0,2,0.15819380252946663
8582,216.25,58.75,58.75,0.0,2,0.20909385397535277
8583,218.75,58.75,58.75,0.0,2,0.24814959159888478
8584,221.25,58.75,58.75,0.0,2,0.29154767029236117
8585,223.75,58.75,58.75,1.0,0,0.31759730339438225
8586,226.25,58.75,58.75,1.0,0,0.32189602638027104
8587,228.75,58.75,58.75,1.0,0,0.2881608777645587
8588,231.25,58.75,58.75,1.0,0,0.19901879543397777
8589,233.75,58.75,58.75,1.0,0,0.11635686479221005
8590,236.25,58.75,58.75,1.0,0,0.08414396998475088
8591,238.75,58.75,58.75,1.0,0,0.07545219637120847
8592,241.25,58.75,58.75,1.0,0,0.07392288622964686
8593,243.75,58.75,58.75,1.0,0,0.0636104373446813
8594,246.25,58.75,58.75,1.0,0,0.06741177158947347
8595,248.75,58.75,58.75,1.0,0,0.06858062884555699
8596,251.25,58.75,58.75,1.0,0,0.0743478920254364
8597,253.75,58.75,58.75,1.0,0,0.07486820454960741
8598,256.25,58.75,58.75,1.0,0,0.0804140164476898
8599,258.75,58.75,58.75,1.0,0,0.09862230857639472
8600,261.25,58.75,58.75,1.0,0,0.11512628457399095
8601,263.75,58.75,58.75,1.0,0,0.12921521777045106
8602,266.25,58.75,58.75,0.0,2,0.12951014966696536
8603,268.75,58.75,58.75,0.0,2,0.13102241848061008
8604,271.25,58.75,58.75,0.0,2,0.12971803635551069
8605,273.75,58.75,58.75,0.0,2,0.13066062995496833
8606,276.25,58.75,58.75,0.0,2,0.1367860515929456
8607,278.75,58.75,58.75,0.0,2,0.15189515607801776
8608,281.25,58.75,58.75,0.0,1,0.1745530338395657
8609,283.75,58.75,58.75,1.0,0,0.18009341337445334
8610,286.25,58.75,58.75,1.0,0,0.18404631802629798
8611,288.75,58.75,58.75,1.0,0,0.17760085798853978
8612,291.25,58.75,58.75,0.0,1,0.18040783416073017
8613,293.75,58.75,58.75,0.0,1,0.17747631682146578
8614,296.25,58.75,58.75,0.0,1,0.17903979854203786
8615,298.75,58.75,58.75,0.0,1,0.18015592045932416
8616,301.25,58.75,58.75,0.0,1,0.1731705389169607
8617,303.75,58.75,58.75,0.0,1,-0.022683146344443902
8618,306.25,58.75,58.75,0.0,1,-0.028007922753923234
8619,308.75,58.75,58.75,0.0,1,0.021180942152092756
8620,311.25,58.75,58.75,0.0,1,0.025867945723021445
8621,313.75,58.75,58.75,0.0,1,0.021505873047858497
8622,316.25,58.75,58.75,0.0,1,0.052754450343814145
8623,318.75,58.75,58.75,0.0,1,0.09104482341679491
8624,321.25,58.75,58.75,0.0,1,0.0995739550632754
8625,323.75,58.75,58.75,0.0,1,0.13356361704210623
8626,326.25,58.75,58.75,0.0,1,0.20774085848303644
8627,328.75,58.75,58.75,0.0,1,0.1675300913759319
8628,331.25,58.75,58.75,0.0,1,0.04259556755119239
8629,333.75,58.75,58.75,0.0,1,-0.09563024854677823
8630,336.25,58.75,58.75,0.0,1,-0.17090975862341667
8631,338.75,58.75,58.75,0.0,1,-0.1676028953239384
8632,341.25,58.75,58.75,0.0,1,-0.05376346440644107
8633,343.75,58.75,58.75,0.0,1,0.0947063317827318
8634,346.25,58.75,58.75,0.0,1,0.19297981644395606
8635,348.75,58.75,58.75,0.0,1,0.30940449405668413
8636,351.25,58.75,58.75,0.0,1,0.35107637415417337
8637,353.75,58.75,58.75,0.0,1,0.237137571148533
8638,356.25,58.75,58.75,0.0,1,0.15047496337071375
8639,358.75,58.75,58.75,0.0,1,0.14126195372926872
8640,1.25,61.25,61.25,0.0,1,0.25197784509341775
8641,3.75,61.25,61.25,0.0,1,0.2574895620131624
8642,6.25,61.25,61.25,1.0,0,0.14572199825156854
8643,8.75,61.25,61.25,1.0,0,0.21536180590771228
8644,11.25,61.25,61.25,1.0,0,0.2631349540923591
8645,13.75,61.25,61.25,1.0,0,0.20821896482839686
8646,16.25,61.25,61.25,1.0,0,0.15351084801545714
8647,18.75,61.25,61.25,0.0,1,0.16704139304517449
8648,21.25,61.25,61.25,0.0,1,0.14330199113747452
8649,23.75,61.25,61.25,1.0,0,0.11193772457381934
8650,26.25,61.25,61.25,1.0,0,0.11939039095309004
8651,28.75,61.25,61.25,1.0,0,0.14741029303747252
8652,31.25,61.25,61.25,1.0,0,0.2507415959487406
8653,33.75,61.25,61.25,1.0,0,0.18364403820025518
8654,36.25,61.25,61.25,1.0,0,0.17465016145815573
8655,38.75,61.25,61.25,1.0,0,0.18258309390413782
8656,41.25,61.25,61.25,1.0,0,0.2054421428684818
8657,43.75,61.25,61.25,1.0,0,0.22753212002664636
8658,46.25,61.25,61.25,1.0,0,0.23814977584864092
8659,48.75,61.25,61.25,1.0,0,0.2327361071541223
8660,51.25,61.25,61.25,1.0,0,0.22678204670717947
8661,53.75,61.25,61.25,1.0,0,0.2288375241516629
8662,56.25,61.25,61.25,1.0,0,0.23563033879639741
8663,58.75,61.25,61.25,1.0,0,0.23357727217350815
8664,61.25,61.25,61.25,1.0,0,0.2175931936911241
8665,63.75,61.25,61.25,1.0,0,0.20247661421598398
8666,66.25,61.25,61.25,1.0,0,0.17976950734702707
8667,68.75,61.25,61.25,1.0,0,0.2009445830151733
8668,71.25,61.25,61.25,1.0,0,0.23762745820380105
8669,73.75,61.25,61.25,1.0,0,0.2548383721162343
8670,76.25,61.25,61.25,1.0,0,0.26002569912746826
8671,78.75,61.25,61.25,1.0,0,0.2697618936114015
8672,81.25,61.25,61.25,1.0,0,0.27111063138469543
8673,83.75,61.25,61.25,1.0,0,0.27261969931980773
8674,86.25,61.25,61.25,1.0,0,0.2643137706059716
8675,88.75,61.25,61.25,1.0,0,0.2397990780981051
8676,91.25,61.25,61.25,1.0,0,0.22193384783882994
8677,93.75,61.25,61.25,1.0,0,0.23145632360217702
8678,96.25,61.25,61.25,1.0,0,0.23792987203204982
8679,98.75,61.25,61.25,1.0,0,0.22244722543265366
8680,101.25,61.25,61.25,1.0,0,0.17164377414187845
8681,103.75,61.25,61.25,1.0,0,0.11929744829899457
8682,106.25,61.25,61.25,1.0,0,0.10091864187431189
8683,108.75,61.25,61.25,1.0,0,0.13546986025390617
8684,111.25,61.25,61.25,1.0,0,0.16947140099603758
8685,113.75,61.25,61.25,1.0,0,0.15456240116830736
8686,116.25,61.25,61.25,1.0,0,0.12904980649403197
8687,118.75,61.25,61.25,1.0,0,0.12759262229268042
8688,121.25,61.25,61.25,1.0,0,0.15125048614666387
8689,123.75,61.25,61.25,1.0,0,0.1676003485811143
8690,126.25,61.25,61.25,1.0,0,0.15269896805003222
8691,128.75,61.25,61.25,1.0,0,0.12131693801690101
8692,131.25,61.25,61.25,1.0,0,0.09329829820715543
8693,133.75,61.25,61.25,1.0,0,0.11780937225927532
8694,136.25,61.25,61.25,1.0,0,0.16174840886821268
8695,138.75,61.25,61.25,1.0,0,0.17678275482925507
8696,141.25,61.25,61.25,1.0,0,0.18850229547489492
8697,143.75,61.25,61.25,1.0,0,0.19528706080644367
8698,146.25,61.25,61.25,1.0,0,0.19232434124295464
8699,148.75,61.25,61.25,1.0,0,0.19279276855166325
8700,151.25,61.25,61.25,1.0,0,0.19900235761650545
8701,153.75,61.25,61.25,1.0,0,0.21255397201251736
8702,156.25,61.25,61.25,0.0,2,0.21010322636308706
8703,158.75,61.25,61.25,0.0,2,0.20008311307419735
8704,161.25,61.25,61.25,1.0,0,0.1902015270279703
8705,163.75,61.25,61.25,1.0,0,0.20578308210875823
8706,166.25,61.25,61.25,1.0,0,0.2159470855864312
8707,168.75,61.25,61.25,1.0,0,0.20762575863631133
8708,171.25,61.25,61.25,0.0,2,0.23167978386600127
8709,173.75,61.25,61.25,0.0,2,0.26621215503602785
8710,176.25,61.25,61.25,0.0,2,0.245385891644326
8711,178.75,61.25,61.25,0.0,2,0.20590737996522157
8712,181.25,61.25,61.25,0.0,2,0.1755634929482117
8713,183.75,61.25,61.25,0.0,2,0.15592384136117413
8714,186.25,61.25,61.25,0.0,2,0.15622859801146752
8715,188.75,61.25,61.25,0.0,2,0.17442331453499663
8716,191.25,61.25,61.25,0.0,2,0.1700003128169161
8717,193.75,61.25,61.25,0.0,2,0.1359681989235769
8718,196.25,61.25,61.25,1.0,0,0.15452886759254664
8719,198.75,61.25,61.25,1.0,0,0.19541495023522565
8720,201.25,61.25,61.25,1.0,0,0.2295681818008596
8721,203.75,61.25,61.25,1.0,0,0.23419992852584753
8722,206.25,61.25,61.25,1.0,0,0.207550895577724
8723,208.75,61.25,61.25,1.0,0,0.18171247401765575
8724,211.25,61.25,61.25,1.0,0,0.18229367031413635
8725,213.75,61.25,61.25,1.0,0,0.19887457791697716
8726,216.25,61.25,61.25,1.0,0,0.22003642988028926
8727,218.75,61.25,61.25,1.0,0,0.2206135601653945
8728,221.25,61.25,61.25,1.0,0,0.193062971191442
8729,223.75,61.25,61.25,1.0,0,0.17882289826615477
8730,226.25,61.25,61.25,1.0,0,0.17509730492619832
8731,228.75,61.25,61.25,1.0,0,0.1643790540452338
8732,231.25,61.25,61.25,1.0,0,0.12924968541489343
8733,233.75,61.25,61.25,1.0,0,0.1119607130279247
8734,236.25,61.25,61.25,1.0,0,0.10487941842839683
8735,238.75,61.25,61.25,1.0,0,0.11721902474016799
8736,241.25,61.25,61.25,1.0,0,0.11331529986180183
8737,243.75,61.25,61.25,1.0,0,0.0942147371102938
8738,246.25,61.25,61.25,1.0,0,0.0879466907646076
8739,248.75,61.25,61.25,1.0,0,0.08546186648410421
8740,251.25,61.25,61.25,1.0,0,0.0887294714519323
8741,253.75,61.25,61.25,1.0,0,0.10165523069266866
8742,256.25,61.25,61.25,1.0,0,0.11974642105763848
8743,258.75,61.25,61.25,1.0,0,0.12097255424995784
8744,261.25,61.25,61.25,1.0,0,0.11466875423885695
8745,263.75,61.25,61.25,1.0,0,0.11066476948516148
8746,266.25,61.25,61.25,0.0,2,0.11335187037571126
8747,268.75,61.25,61.25,0.0,2,0.11556938495578122
8748,271.25,61.25,61.25,0.0,2,0.12519738221125662
8749,273.75,61.25,61.25,0.0,2,0.13692834953794425
8750,276.25,61.25,61.25,0.0,2,0.14047607523115074
8751,278.75,61.25,61.25,0.0,2,0.14106125482782034
8752,281.25,61.25,61.25,0.0,1,0.15838617678845227
8753,283.75,61.25,61.25,1.0,0,0.16937462605411044
8754,286.25,61.25,61.25,1.0,0,0.1776858930100357
8755,288.75,61.25,61.25,0.0,1,0.17543059991490492
8756,291.25,61.25,61.25,0.0,1,0.15045835763547472
8757,293.75,61.25,61.25,0.0,1,0.13558549892299684
8758,296.25,61.25,61.25,0.0,1,0.1451914124606676
8759,298.75,61.25,61.25,0.0,1,0.18481463660527653
8760,301.25,61.25,61.25,0.0,1,0.143469181825429
8761,303.75,61.25,61.25,0.0,1,-0.027636935046064747
8762,306.25,61.25,61.25,0.0,1,-0.030362035660864227
8763,308.75,61.25,61.25,0.0,1,0.04089267460317225
8764,311.25,61.25,61.25,1.0,0,0.09455761603542981
8765,313.75,61.25,61.25,1.0,0,0.1259648270884615
8766,316.25,61.25,61.25,1.0,0,0.20914571803105209
8767,318.75,61.25,61.25,0.0,1,0.21316288953885962
8768,321.25,61.25,61.25,0.0,1,0.15572955197852634
8769,323.75,61.25,61.25,0.0,1,0.1128237261759541
8770,326.25,61.25,61.25,0.0,1,0.13890769157396426
8771,328.75,61.25,61.25,0.0,1,0.24443068690718317
8772,331.25,61.25,61.25,0.0,1,0.24270055985844535
8773,333.75,61.25,61.25,0.0,1,0.13171460545161903
8774,336.25,61.25,61.25,0.0,1,0.04535965857754082
8775,338.75,61.25,61.25,0.0,1,0.0022639749879071035
8776,341.25,61.25,61.25,0.0,1,-0.01149667113649211
8777,343.75,61.25,61.25,0.0,1,0.0269371879944851
8778,346.25,61.25,61.25,0.0,1,0.068984371818047
8779,348.75,61.25,61.25,0.0,1,0.16296780441555475
8780,351.25,61.25,61.25,0.0,1,0.2821056650821163
8781,353.75,61.25,61.25,0.0,1,0.31920317392108566
8782,356.25,61.25,61.25,0.0,1,0.2633720069435808
8783,358.75,61.25,61.25,0.0,1,0.21051469064331785
8784,1.25,63.75,63.75,0.0,1,0.25562314642603673
8785,3.75,63.75,63.75,0.0,1,0.17799178084208755
8786,6.25,63.75,63.75,0.0,1,0.11918915589792085
8787,8.75,63.75,63.75,0.0,1,0.10972946935556842
8788,11.25,63.75,63.75,1.0,0,0.1218380529631877
8789,13.75,63.75,63.75,1.0,0,0.17824323745424658
8790,16.25,63.75,63.75,1.0,0,0.1754626320933227
8791,18.75,63.75,63.75,1.0,0,0.16635287542796587
8792,21.25,63.75,63.75,0.0,1,0.13888853124544565
8793,23.75,63.75,63.75,0.0,1,0.11881263384236737
8794,26.25,63.75,63.75,1.0,0,0.10739248769869336
8795,28.75,63.75,63.75,1.0,0,0.12556645116090806
8796,31.25,63.75,63.75,1.0,0,0.16007855557351822
8797,33.75,63.75,63.75,1.0,0,0.16255448635102648
8798,36.25,63.75,63.75,0.0,2,0.16707861312737685
8799,38.75,63.75,63.75,1.0,0,0.1661456514271601
8800,41.25,63.75,63.75,1.0,0,0.17358216559930606
8801,43.75,63.75,63.75,1.0,0,0.18322783054316114
8802,46.25,63.75,63.75,1.0,0,0.2012928231420873
8803,48.75,63.75,63.75,1.0,0,0.21416493159137112
8804,51.25,63.75,63.75,1.0,0,0.21222625975932569
8805,53.75,63.75,63.75,1.0,0,0.21219444719782346
8806,56.25,63.75,63.75,1.0,0,0.22322304673283327
8807,58.75,63.75,63.75,1.0,0,0.2322677863917562
8808,61.25,63.75,63.75,1.0,0,0.23157447381952184
8809,63.75,63.75,63.75,1.0,0,0.21947267617760788
8810,66.25,63.75,63.75,1.0,0,0.20732596522679084
8811,68.75,63.75,63.75,1.0,0,0.2098152130451837
8812,71.25,63.75,63.75,1.0,0,0.20961747340657355
8813,73.75,63.75,63.75,1.0,0,0.22952336034107787
8814,76.25,63.75,63.75,1.0,0,0.23961166720743887
8815,78.75,63.75,63.75,1.0,0,0.23327594017763142
8816,81.25,63.75,63.75,1.0,0,0.2258163441515965
8817,83.75,63.75,63.75,1.0,0,0.21894468081198468
8818,86.25,63.75,63.75,1.0,0,0.21926445745158354
8819,88.75,63.75,63.75,1.0,0,0.22415839307554608
8820,91.25,63.75,63.75,1.0,0,0.24430309778262627
8821,93.75,63.75,63.75,1.0,0,0.2670280851347957
8822,96.25,63.75,63.75,1.0,0,0.26238901952095894
8823,98.75,63.75,63.75,1.0,0,0.2328767971948508
8824,101.25,63.75,63.75,1.0,0,0.18438351551080218
8825,103.75,63.75,63.75,1.0,0,0.15013156745224085
8826,106.25,63.75,63.75,1.0,0,0.15980883500988552
8827,108.75,63.75,63.75,1.0,0,0.18535348170064733
8828,111.25,63.75,63.75,1.0,0,0.17303141119463913
8829,113.75,63.75,63.75,1.0,0,0.13160022945533473
8830,116.25,63.75,63.75,1.0,0,0.09294912205099407
8831,118.75,63.75,63.75,1.0,0,0.08869409397882289
8832,121.25,63.75,63.75,1.0,0,0.1243381997548704
8833,123.75,63.75,63.75,1.0,0,0.15615575080051586
8834,126.25,63.75,63.75,1.0,0,0.1509185753821932
8835,128.75,63.75,63.75,1.0,0,0.13277032251030874
8836,131.25,63.75,63.75,1.0,0,0.11341619616771824
8837,133.75,63.75,63.75,1.0,0,0.12999334631069298
8838,136.25,63.75,63.75,1.0,0,0.15767879023970868
8839,138.75,63.75,63.75,1.0,0,0.16204105607865552
8840,141.25,63.75,63.75,1.0,0,0.15665520022848467
8841,143.75,63.75,63.75,1.0,0,0.1551826250850216
8842,146.25,63.75,63.75,1.0,0,0.17154077285210897
8843,148.75,63.75,63.75,1.0,0,0.1910388970819159
8844,151.25,63.75,63.75,1.0,0,0.20517382891541663
8845,153.75,63.75,63.75,1.0,0,0.20957493904561908
8846,156.25,63.75,63.75,1.0,0,0.1948957890917112
8847,158.75,63.75,63.75,1.0,0,0.18924761854327543
8848,161.25,63.75,63.75,1.0,0,0.18903169197385528
8849,163.75,63.75,63.75,1.0,0,0.2012992778636928
8850,166.25,63.75,63.75,1.0,0,0.20888501843260504
8851,168.75,63.75,63.75,1.0,0,0.20522718710585203
8852,171.25,63.75,63.75,1.0,0,0.1978443001346183
8853,173.75,63.75,63.75,1.0,0,0.19430148447293336
8854,176.25,63.75,63.75,1.0,0,0.18597310139008538
8855,178.75,63.75,63.75,0.0,2,0.1769484339979912
8856,181.25,63.75,63.75,0.0,2,0.16355810017729788
8857,183.75,63.75,63.75,0.0,2,0.13161460657719848
8858,186.25,63.75,63.75,0.0,2,0.11895444312731965
8859,188.75,63.75,63.75,0.0,2,0.12664739476067227
8860,191.25,63.75,63.75,0.0,2,0.15580200729451882
8861,193.75,63.75,63.75,0.0,2,0.1425242221946449
8862,196.25,63.75,63.75,1.0,0,0.1487706801822126
8863,198.75,63.75,63.75,1.0,0,0.17654742957870226
8864,201.25,63.75,63.75,1.0,0,0.20369027516259364
8865,203.75,63.75,63.75,1.0,0,0.20463095780517554
8866,206.25,63.75,63.75,1.0,0,0.17661035225192043
8867,208.75,63.75,63.75,1.0,0,0.14888581170148926
8868,211.25,63.75,63.75,1.0,0,0.13785364152355706
8869,213.75,63.75,63.75,1.0,0,0.14249235119596482
8870,216.25,63.75,63.75,1.0,0,0.14671883210211864
8871,218.75,63.75,63.75,1.0,0,0.1423582390518181
8872,221.25,63.75,63.75,1.0,0,0.1357456638841867
8873,223.75,63.75,63.75,1.0,0,0.1434473697023353
8874,226.25,63.75,63.75,1.0,0,0.15578327664633512
8875,228.75,63.75,63.75,1.0,0,0.15465246168992078
8876,231.25,63.75,63.75,1.0,0,0.13625440252020557
8877,233.75,63.75,63.75,1.0,0,0.13131855487995855
8878,236.25,63.75,63.75,1.0,0,0.12928482095561428
8879,238.75,63.75,63.75,1.0,0,0.1322259381789775
8880,241.25,63.75,63.75,1.0,0,0.12845882037328837
8881,243.75,63.75,63.75,1.0,0,0.12653176568168378
8882,246.25,63.75,63.75,1.0,0,0.13348948829708995
8883,248.75,63.75,63.75,1.0,0,0.12997202491915164
8884,251.25,63.75,63.75,1.0,0,0.11700017998755119
8885,253.75,63.75,63.75,1.0,0,0.10627033419123348
8886,256.25,63.75,63.75,1.0,0,0.11195518114510482
8887,258.75,63.75,63.75,1.0,0,0.12006833537579344
8888,261.25,63.75,63.75,1.0,0,0.12416287680269379
8889,263.75,63.75,63.75,1.0,0,0.12476820579655278
8890,266.25,63.75,63.75,1.0,0,0.12419330266410858
8891,268.75,63.75,63.75,1.0,0,0.1273713326011411
8892,271.25,63.75,63.75,0.0,2,0.1320881130567036
8893,273.75,63.75,63.75,0.0,2,0.13589555500447645
8894,276.25,63.75,63.75,0.0,2,0.11180176985837562
8895,278.75,63.75,63.75,0.0,2,0.10306898498346888
8896,281.25,63.75,63.75,0.0,1,0.12092244490604827
8897,283.75,63.75,63.75,0.0,1,0.13775471843470616
8898,286.25,63.75,63.75,0.0,1,0.15475992919583806
8899,288.75,63.75,63.75,1.0,0,0.14787433636071198
8900,291.25,63.75,63.75,1.0,0,0.1362186159821632
8901,293.75,63.75,63.75,1.0,0,0.13283308224431162
8902,296.25,63.75,63.75,0.0,1,0.14378756027592868
8903,298.75,63.75,63.75,0.0,1,0.1532207521303405
8904,301.25,63.75,63.75,0.0,1,0.13835206538686978
8905,303.75,63.75,63.75,0.0,1,0.02722095606239168
8906,306.25,63.75,63.75,0.0,1,-0.021106171436323286
8907,308.75,63.75,63.75,0.0,1,0.04680571188470271
8908,311.25,63.75,63.75,1.0,0,0.1114239766537592
8909,313.75,63.75,63.75,1.0,0,0.12759127825949473
8910,316.25,63.75,63.75,1.0,0,0.23866558410555427
8911,318.75,63.75,63.75,1.0,0,0.37159054146524034
8912,321.25,63.75,63.75,0.0,1,0.2528018055691733
8913,323.75,63.75,63.75,0.0,1,0.08162340985268683
8914,326.25,63.75,63.75,0.0,1,0.03221015147790681
8915,328.75,63.75,63.75,0.0,1,0.04877096315787654
8916,331.25,63.75,63.75,0.0,1,0.09187760615467787
8917,333.75,63.75,63.75,0.0,1,0.1041785924586502
8918,336.25,63.75,63.75,0.0,1,0.10788614700829001
8919,338.75,63.75,63.75,1.0,0,0.07963350738522688
8920,341.25,63.75,63.75,1.0,0,0.10752564310369801
8921,343.75,63.75,63.75,0.0,1,0.09334615103264554
8922,346.25,63.75,63.75,0.0,1,0.09378645721072786
8923,348.75,63.75,63.75,0.0,1,0.13784782178309954
8924,351.25,63.75,63.75,0.0,1,0.22925460109595314
8925,353.75,63.75,63.75,0.0,1,0.27192739755312745
8926,356.25,63.75,63.75,0.0,1,0.27568901742894936
8927,358.75,63.75,63.75,0.0,1,0.2799408630465767
8928,1.25,66.25,66.25,0.0,5,0.3726717525838484
8929,3.75,66.25,66.25,0.0,5,0.2379502589329387
8930,6.25,66.25,66.25,0.0,5,0.1514632409086825
8931,8.75,66.25,66.25,0.0,5,0.14728299347117893
8932,11.25,66.25,66.25,0.0,5,0.11085276143276496
8933,13.75,66.25,66.25,1.0,0,0.12189342694803118
8934,16.25,66.25,66.25,1.0,0,0.1857444825010064
8935,18.75,66.25,66.25,1.0,0,0.20197891518650526
8936,21.25,66.25,66.25,1.0,0,0.1944586481256091
8937,23.75,66.25,66.25,1.0,0,0.1621370153054341
8938,26.25,66.25,66.25,1.0,0,0.13799370929611227
8939,28.75,66.25,66.25,1.0,0,0.13030586367991426
8940,31.25,66.25,66.25,1.0,0,0.13279439564993417
8941,33.75,66.25,66.25,0.0,5,0.1312751399178281
8942,36.25,66.25,66.25,0.0,5,0.13357915170336251
8943,38.75,66.25,66.25,0.0,5,0.1233462878988254
8944,41.25,66.25,66.25,0.0,5,0.13888244706294406
8945,43.75,66.25,66.25,0.0,5,0.14037577317268543
8946,46.25,66.25,66.25,1.0,0,0.15581442505958065
8947,48.75,66.25,66.25,1.0,0,0.1893678046392198
8948,51.25,66.25,66.25,1.0,0,0.20938595000575902
8949,53.75,66.25,66.25,1.0,0,0.2152489361680568
8950,56.25,66.25,66.25,1.0,0,0.2161807352492691
8951,58.75,66.25,66.25,1.0,0,0.21797880481578163
8952,61.25,66.25,66.25,1.0,0,0.21784410983637106
8953,63.75,66.25,66.25,1.0,0,0.2084248514359144
8954,66.25,66.25,66.25,1.0,0,0.2023655377500926
8955,68.75,66.25,66.25,1.0,0,0.20194584714890812
8956,71.25,66.25,66.25,1.0,0,0.20590211181008009
8957,73.75,66.25,66.25,1.0,0,0.21846076918851987
8958,76.25,66.25,66.25,1.0,0,0.21983630367120638
8959,78.75,66.25,66.25,1.0,0,0.21941645974468538
8960,81.25,66.25,66.25,1.0,0,0.20270691138641725
8961,83.75,66.25,66.25,1.0,0,0.2088002474323485
8962,86.25,66.25,66.25,1.0,0,0.2331046577080774
8963,88.75,66.25,66.25,1.0,0,0.25697550434855887
8964,91.25,66.25,66.25,1.0,0,0.2622813377337519
8965,93.75,66.25,66.25,1.0,0,0.24617152637861192
8966,96.25,66.25,66.25,1.0,0,0.21660356862703053
8967,98.75,66.25,66.25,1.0,0,0.19562604967870892
8968,101.25,66.25,66.25,1.0,0,0.17825545542949683
8969,103.75,66.25,66.25,1.0,0,0.16534572430123073
8970,106.25,66.25,66.25,1.0,0,0.1714259506785031
8971,108.75,66.25,66.25,1.0,0,0.16991955991150237
8972,111.25,66.25,66.25,1.0,0,0.14703931366816467
8973,113.75,66.25,66.25,1.0,0,0.13210995378978083
8974,116.25,66.25,66.25,1.0,0,0.12155485788570108
8975,118.75,66.25,66.25,1.0,0,0.12218413282294469
8976,121.25,66.25,66.25,1.0,0,0.14149501114928806
8977,123.75,66.25,66.25,1.0,0,0.1627909763366409
8978,126.25,66.25,66.25,1.0,0,0.15728614267560306
8979,128.75,66.25,66.25,1.0,0,0.13515087137276963
8980,131.25,66.25,66.25,1.0,0,0.12474491302647125
8981,133.75,66.25,66.25,1.0,0,0.13335028599854576
8982,136.25,66.25,66.25,1.0,0,0.1438068184381519
8983,138.75,66.25,66.25,1.0,0,0.15215444255544824
8984,141.25,66.25,66.25,1.0,0,0.15603217125844135
8985,143.75,66.25,66.25,1.0,0,0.15791672307646704
8986,146.25,66.25,66.25,1.0,0,0.16688832385643165
8987,148.75,66.25,66.25,1.0,0,0.1757576596242281
8988,151.25,66.25,66.25,1.0,0,0.18393480441380675
8989,153.75,66.25,66.25,1.0,0,0.17919052876784303
8990,156.25,66.25,66.25,1.0,0,0.1629406058890242
8991,158.75,66.25,66.25,1.0,0,0.1616995605263102
8992,161.25,66.25,66.25,1.0,0,0.16436429227999538
8993,163.75,66.25,66.25,1.0,0,0.1719516051532011
8994,166.25,66.25,66.25,1.0,0,0.17271116852662258
8995,168.75,66.25,66.25,1.0,0,0.17132327019213814
8996,171.25,66.25,66.25,1.0,0,0.16777945577261608
8997,173.75,66.25,66.25,1.0,0,0.16273430755194346
8998,176.25,66.25,66.25,1.0,0,0.15987886685969285
8999,178.75,66.25,66.25,1.0,0,0.16574254438644087
9000,181.25,66.25,66.25,1.0,0,0.16484043989926012
9001,183.75,66.25,66.25,1.0,0,0.15389431738437392
9002,186.25,66.25,66.25,1.0,0,0.12626915104729045
9003,188.75,66.25,66.25,0.0,5,0.1134941384443164
9004,191.25,66.25,66.25,0.0,5,0.13875567450217838
9005,193.75,66.25,66.25,0.0,5,0.13745651771459802
9006,196.25,66.25,66.25,0.0,5,0.14936718693821313
9007,198.75,66.25,66.25,1.0,0,0.18389191378150807
9008,201.25,66.25,66.25,1.0,0,0.20032390527716035
9009,203.75,66.25,66.25,1.0,0,0.19742190959875575
9010,206.25,66.25,66.25,1.0,0,0.17139956804270565
9011,208.75,66.25,66.25,1.0,0,0.14971195416433158
9012,211.25,66.25,66.25,1.0,0,0.1339007449016217
9013,213.75,66.25,66.25,1.0,0,0.13271330942943413
9014,216.25,66.25,66.25,1.0,0,0.13156048636868495
9015,218.75,66.25,66.25,1.0,0,0.1287253852464007
9016,221.25,66.25,66.25,1.0,0,0.12973398136992195
9017,223.75,66.25,66.25,1.0,0,0.13159506508453078
9018,226.25,66.25,66.25,1.0,0,0.13442236272274297
9019,228.75,66.25,66.25,1.0,0,0.13127998644580735
9020,231.25,66.25,66.25,1.0,0,0.1298775542407123
9021,233.75,66.25,66.25,1.0,0,0.12663369244137263
9022,236.25,66.25,66.25,1.0,0,0.12101500693418268
9023,238.75,66.25,66.25,1.0,0,0.12842645029389219
9024,241.25,66.25,66.25,1.0,0,0.13375330765094645
9025,243.75,66.25,66.25,1.0,0,0.13590207814857136
9026,246.25,66.25,66.25,1.0,0,0.13769107450700807
9027,248.75,66.25,66.25,1.0,0,0.13169201384210633
9028,251.25,66.25,66.25,1.0,0,0.11620739647242245
9029,253.75,66.25,66.25,1.0,0,0.10686681999142152
9030,256.25,66.25,66.25,1.0,0,0.10863233977951581
9031,258.75,66.25,66.25,1.0,0,0.12388965012941125
9032,261.25,66.25,66.25,1.0,0,0.13511390139261598
9033,263.75,66.25,66.25,1.0,0,0.14051511018732132
9034,266.25,66.25,66.25,1.0,0,0.1386106854507266
9035,268.75,66.25,66.25,1.0,0,0.13329612183706102
9036,271.25,66.25,66.25,1.0,0,0.1324175611477348
9037,273.75,66.25,66.25,0.0,5,0.13443110706163602
9038,276.25,66.25,66.25,0.0,5,0.1307805202833387
9039,278.75,66.25,66.25,0.0,5,0.11906348250815045
9040,281.25,66.25,66.25,0.0,5,0.1099484832367881
9041,283.75,66.25,66.25,0.0,5,0.10596824991865689
9042,286.25,66.25,66.25,1.0,0,0.09330057679151975
9043,288.75,66.25,66.25,1.0,0,0.09028875508437352
9044,291.25,66.25,66.25,1.0,0,0.09875979964941123
9045,293.75,66.25,66.25,1.0,0,0.10086498646073434
9046,296.25,66.25,66.25,1.0,0,0.0942783776803681
9047,298.75,66.25,66.25,0.0,5,0.10235190364496653
9048,301.25,66.25,66.25,0.0,5,0.09881025203130454
9049,303.75,66.25,66.25,0.0,5,0.11158822851779744
9050,306.25,66.25,66.25,0.0,5,0.06503607902242335
9051,308.75,66.25,66.25,1.0,0,0.05145963866899381
9052,311.25,66.25,66.25,1.0,0,0.06845437150653876
9053,313.75,66.25,66.25,1.0,0,0.05973514805250925
9054,316.25,66.25,66.25,1.0,0,0.09301901522973965
9055,318.75,66.25,66.25,1.0,0,0.18675231154682007
9056,321.25,66.25,66.25,1.0,0,0.19547324962907994
9057,323.75,66.25,66.25,1.0,0,0.14480953083521866
9058,326.25,66.25,66.25,0.0,5,0.14075048809090177
9059,328.75,66.25,66.25,0.0,5,0.11999681754175727
9060,331.25,66.25,66.25,0.0,5,0.04925790422525259
9061,333.75,66.25,66.25,0.0,5,-0.03780415247249988
9062,336.25,66.25,66.25,0.0,5,-0.005927507483571357
9063,338.75,66.25,66.25,0.0,5,0.03312444682100325
9064,341.25,66.25,66.25,0.0,5,0.08894688840843162
9065,343.75,66.25,66.25,0.0,5,0.13061501088170657
9066,346.25,66.25,66.25,0.0,5,0.1181864336195
9067,348.75,66.25,66.25,0.0,5,0.045047428324963355
9068,351.25,66.25,66.25,0.0,5,0.06223722956443916
9069,353.75,66.25,66.25,0.0,5,0.12411696979743594
9070,356.25,66.25,66.25,0.0,5,0.1964771327047905
9071,358.75,66.25,66.25,0.0,5,0.34796991959114565
9072,1.25,68.75,68.75,0.0,5,0.35129014819609716
9073,3.75,68.75,68.75,0.0,5,0.35260793780330363
9074,6.25,68.75,68.75,0.0,5,0.290687286175157
9075,8.75,68.75,68.75,0.0,5,0.25979720234816206
9076,11.25,68.75,68.75,0.0,5,0.20351890456466862
9077,13.75,68.75,68.75,0.0,5,0.12432336877214978
9078,16.25,68.75,68.75,0.0,5,0.10134816190987973
9079,18.75,68.75,68.75,1.0,0,0.1385329400614647
9080,21.25,68.75,68.75,1.0,0,0.1647677944976076
9081,23.75,68.75,68.75,1.0,0,0.1623101816605519
9082,26.25,68.75,68.75,1.0,0,0.1582194254668812
9083,28.75,68.75,68.75,1.0,0,0.14873892480103368
9084,31.25,68.75,68.75,1.0,0,0.14714533211616906
9085,33.75,68.75,68.75,1.0,0,0.1403712557224298
9086,36.25,68.75,68.75,0.0,5,0.13850184797373719
9087,38.75,68.75,68.75,0.0,5,0.14686840739846713
9088,41.25,68.75,68.75,0.0,5,0.1810999032765209
9089,43.75,68.75,68.75,0.0,5,0.16960654411640078
9090,46.25,68.75,68.75,0.0,5,0.16500701024326495
9091,48.75,68.75,68.75,0.0,5,0.17151696417442755
9092,51.25,68.75,68.75,0.0,5,0.17593056547915137
9093,53.75,68.75,68.75,0.0,5,0.19527393101361615
9094,56.25,68.75,68.75,0.0,5,0.21019113505178422
9095,58.75,68.75,68.75,0.0,5,0.20512952342508597
9096,61.25,68.75,68.75,1.0,0,0.19756243107248841
9097,63.75,68.75,68.75,1.0,0,0.1768690086890342
9098,66.25,68.75,68.75,1.0,0,0.1641501965582671
9099,68.75,68.75,68.75,1.0,0,0.1681018041083407
9100,71.25,68.75,68.75,1.0,0,0.18006780891107704
9101,73.75,68.75,68.75,1.0,0,0.18313181244361243
9102,76.25,68.75,68.75,1.0,0,0.18391739025685416
9103,78.75,68.75,68.75,1.0,0,0.1814609143342461
9104,81.25,68.75,68.75,1.0,0,0.17617670266017904
9105,83.75,68.75,68.75,1.0,0,0.1842536451822094
9106,86.25,68.75,68.75,1.0,0,0.20020572997279693
9107,88.75,68.75,68.75,1.0,0,0.21054338581772974
9108,91.25,68.75,68.75,1.0,0,0.20558267979536043
9109,93.75,68.75,68.75,1.0,0,0.1947922076475995
9110,96.25,68.75,68.75,1.0,0,0.189952050005312
9111,98.75,68.75,68.75,1.0,0,0.18708875317014068
9112,101.25,68.75,68.75,1.0,0,0.18941998735669693
9113,103.75,68.75,68.75,1.0,0,0.18040855243975942
9114,106.25,68.75,68.75,1.0,0,0.1739927405246109
9115,108.75,68.75,68.75,1.0,0,0.16152201982020312
9116,111.25,68.75,68.75,1.0,0,0.14834674729967484
9117,113.75,68.75,68.75,1.0,0,0.14048608954838315
9118,116.25,68.75,68.75,1.0,0,0.14300179463857507
9119,118.75,68.75,68.75,1.0,0,0.1507852070585003
9120,121.25,68.75,68.75,1.0,0,0.15731598052151954
9121,123.75,68.75,68.75,1.0,0,0.15896556193483688
9122,126.25,68.75,68.75,1.0,0,0.14993453304702795
9123,128.75,68.75,68.75,1.0,0,0.13685446350971628
9124,131.25,68.75,68.75,1.0,0,0.133093078528585
9125,133.75,68.75,68.75,1.0,0,0.14602626993094472
9126,136.25,68.75,68.75,1.0,0,0.15372990021613422
9127,138.75,68.75,68.75,1.0,0,0.15142153507941636
9128,141.25,68.75,68.75,1.0,0,0.14899716246302924
9129,143.75,68.75,68.75,1.0,0,0.1474519696145859
9130,146.25,68.75,68.75,1.0,0,0.14537843909227213
9131,148.75,68.75,68.75,1.0,0,0.14695625004730145
9132,151.25,68.75,68.75,1.0,0,0.14577527929206868
9133,153.75,68.75,68.75,1.0,0,0.13632268937049208
9134,156.25,68.75,68.75,1.0,0,0.12826562479197404
9135,158.75,68.75,68.75,1.0,0,0.12743108805082282
9136,161.25,68.75,68.75,1.0,0,0.14531247631195454
9137,163.75,68.75,68.75,1.0,0,0.15293076222155338
9138,166.25,68.75,68.75,1.0,0,0.1548797472285828
9139,168.75,68.75,68.75,1.0,0,0.15725635225260085
9140,171.25,68.75,68.75,1.0,0,0.14264074896592918
9141,173.75,68.75,68.75,1.0,0,0.1408158847637744
9142,176.25,68.75,68.75,1.0,0,0.1421762673660468
9143,178.75,68.75,68.75,1.0,0,0.16608673906884058
9144,181.25,68.75,68.75,0.0,5,0.16975253840564244
9145,183.75,68.75,68.75,0.0,5,0.20650938313620734
9146,186.25,68.75,68.75,0.0,5,0.185675130708142
9147,188.75,68.75,68.75,0.0,5,0.14927319684457357
9148,191.25,68.75,68.75,0.0,5,0.12636027994438764
9149,193.75,68.75,68.75,0.0,5,0.12483796654202428
9150,196.25,68.75,68.75,0.0,5,0.12429844570348954
9151,198.75,68.75,68.75,1.0,0,0.1239426446139218
9152,201.25,68.75,68.75,1.0,0,0.13328698508695705
9153,203.75,68.75,68.75,1.0,0,0.13606556250350027
9154,206.25,68.75,68.75,1.0,0,0.1309865634741598
9155,208.75,68.75,68.75,1.0,0,0.1205004609002384
9156,211.25,68.75,68.75,1.0,0,0.11110930973941924
9157,213.75,68.75,68.75,1.0,0,0.10532440348987822
9158,216.25,68.75,68.75,1.0,0,0.10546693473250619
9159,218.75,68.75,68.75,1.0,0,0.11824692205535672
9160,221.25,68.75,68.75,0.0,5,0.12774763350731047
9161,223.75,68.75,68.75,0.0,5,0.11869570670479392
9162,226.25,68.75,68.75,1.0,0,0.11052205382013872
9163,228.75,68.75,68.75,1.0,0,0.1006264059890516
9164,231.25,68.75,68.75,1.0,0,0.09374415890566534
9165,233.75,68.75,68.75,1.0,0,0.10286227643705449
9166,236.25,68.75,68.75,1.0,0,0.1123075886743381
9167,238.75,68.75,68.75,1.0,0,0.1196016787720183
9168,241.25,68.75,68.75,0.0,5,0.1231193238981293
9169,243.75,68.75,68.75,0.0,5,0.12228435964511886
9170,246.25,68.75,68.75,0.0,5,0.11327542724227288
9171,248.75,68.75,68.75,0.0,5,0.10653962725311923
9172,251.25,68.75,68.75,0.0,5,0.09560350363798045
9173,253.75,68.75,68.75,0.0,5,0.09006911053821805
9174,256.25,68.75,68.75,0.0,5,0.08917648244401388
9175,258.75,68.75,68.75,0.0,5,0.11513434974964815
9176,261.25,68.75,68.75,0.0,5,0.1059107589059687
9177,263.75,68.75,68.75,0.0,5,0.08057097509417749
9178,266.25,68.75,68.75,0.0,5,0.07503783637600409
9179,268.75,68.75,68.75,1.0,0,0.09118546606641369
9180,271.25,68.75,68.75,0.0,5,0.11455248470228084
9181,273.75,68.75,68.75,0.0,5,0.11772139581632679
9182,276.25,68.75,68.75,1.0,0,0.11831692130361092
9183,278.75,68.75,68.75,0.0,5,0.12028067140981005
9184,281.25,68.75,68.75,0.0,5,0.1204221920746661
9185,283.75,68.75,68.75,0.0,5,0.08296172186096377
9186,286.25,68.75,68.75,1.0,0,0.07452808290753166
9187,288.75,68.75,68.75,1.0,0,0.07398237348473753
9188,291.25,68.75,68.75,1.0,0,0.07238949610209774
9189,293.75,68.75,68.75,0.0,5,0.08181289444190505
9190,296.25,68.75,68.75,0.0,5,0.08590144010756581
9191,298.75,68.75,68.75,0.0,5,0.07445651639582446
9192,301.25,68.75,68.75,0.0,5,0.06845152115828651
9193,303.75,68.75,68.75,0.0,5,0.1092988872987481
9194,306.25,68.75,68.75,0.0,5,0.07003487512139696
9195,308.75,68.75,68.75,0.0,5,0.04105610102275224
9196,311.25,68.75,68.75,1.0,0,0.04603329251385298
9197,313.75,68.75,68.75,1.0,0,0.03617836850875158
9198,316.25,68.75,68.75,1.0,0,0.0291328964885204
9199,318.75,68.75,68.75,1.0,0,0.04120006049873024
9200,321.25,68.75,68.75,1.0,0,0.05972068397347538
9201,323.75,68.75,68.75,1.0,0,0.0819227304039079
9202,326.25,68.75,68.75,1.0,0,0.13627911874353266
9203,328.75,68.75,68.75,1.0,0,0.22769044980162081
9204,331.25,68.75,68.75,1.0,0,0.2422358837501591
9205,333.75,68.75,68.75,0.0,5,0.20295703423034922
9206,336.25,68.75,68.75,0.0,5,0.1332539828183533
9207,338.75,68.75,68.75,0.0,5,0.07065896307911773
9208,341.25,68.75,68.75,0.0,5,0.03651518238469745
9209,343.75,68.75,68.75,0.0,5,-0.00048329862847336694
9210,346.25,68.75,68.75,0.0,5,0.009328175539959006
9211,348.75,68.75,68.75,0.0,5,0.05925029157285972
9212,351.25,68.75,68.75,0.0,5,0.10982626388981394
9213,353.75,68.75,68.75,0.0,5,0.12332708131991048
9214,356.25,68.75,68.75,0.0,5,0.18230566238835055
9215,358.75,68.75,68.75,0.0,5,0.267890025735859
9216,1.25,71.25,71.25,0.0,5,0.1640709852620022
9217,3.75,71.25,71.25,0.0,5,0.19126454377886032
9218,6.25,71.25,71.25,0.0,5,0.21238942708274713
9219,8.75,71.25,71.25,0.0,5,0.21658796903667427
9220,11.25,71.25,71.25,0.0,5,0.1896140450647423
9221,13.75,71.25,71.25,0.0,5,0.1202857895592963
9222,16.25,71.25,71.25,0.0,5,0.08312236861510107
9223,18.75,71.25,71.25,0.0,5,0.0684076848924108
9224,21.25,71.25,71.25,0.0,5,0.07254885658063932
9225,23.75,71.25,71.25,0.0,5,0.08160705157600673
9226,26.25,71.25,71.25,0.0,5,0.0977382044312849
9227,28.75,71.25,71.25,0.0,5,0.11452328777984813
9228,31.25,71.25,71.25,0.0,5,0.12556301063356015
9229,33.75,71.25,71.25,0.0,5,0.1208692570071169
9230,36.25,71.25,71.25,0.0,5,0.11607152549727098
9231,38.75,71.25,71.25,0.0,5,0.14317735976046714
9232,41.25,71.25,71.25,0.0,5,0.19423143972131124
9233,43.75,71.25,71.25,0.0,5,0.23268854991999388
9234,46.25,71.25,71.25,0.0,5,0.25899996397848757
9235,48.75,71.25,71.25,0.0,5,0.2513188586453733
9236,51.25,71.25,71.25,0.0,5,0.16778923599001463
9237,53.75,71.25,71.25,1.0,0,0.12849543929229948
9238,56.25,71.25,71.25,0.0,5,0.18113253073682653
9239,58.75,71.25,71.25,0.0,5,0.19422850003467415
9240,61.25,71.25,71.25,0.0,5,0.1926429088044636
9241,63.75,71.25,71.25,0.0,5,0.1675542566019638
9242,66.25,71.25,71.25,0.0,5,0.14303209612859755
9243,68.75,71.25,71.25,0.0,5,0.12586587704046653
9244,71.25,71.25,71.25,1.0,0,0.13425428397461517
9245,73.75,71.25,71.25,1.0,0,0.1473917264999743
9246,76.25,71.25,71.25,1.0,0,0.15027613915610988
9247,78.75,71.25,71.25,1.0,0,0.15556234792152393
9248,81.25,71.25,71.25,1.0,0,0.1619260744211198
9249,83.75,71.25,71.25,1.0,0,0.16844070701526886
9250,86.25,71.25,71.25,1.0,0,0.17102759756019367
9251,88.75,71.25,71.25,1.0,0,0.17374463931261314
9252,91.25,71.25,71.25,1.0,0,0.17795587576355087
9253,93.75,71.25,71.25,1.0,0,0.18632153276017716
9254,96.25,71.25,71.25,1.0,0,0.18738024646582774
9255,98.75,71.25,71.25,1.0,0,0.18381971619344667
9256,101.25,71.25,71.25,1.0,0,0.18056912679836015
9257,103.75,71.25,71.25,1.0,0,0.16909387677506962
9258,106.25,71.25,71.25,1.0,0,0.15554759047169883
9259,108.75,71.25,71.25,1.0,0,0.13991318807663844
9260,111.25,71.25,71.25,1.0,0,0.12755671831194018
9261,113.75,71.25,71.25,1.0,0,0.11783513306243432
9262,116.25,71.25,71.25,1.0,0,0.11434164265238199
9263,118.75,71.25,71.25,1.0,0,0.1190780049073008
9264,121.25,71.25,71.25,1.0,0,0.12793371017647265
9265,123.75,71.25,71.25,1.0,0,0.13633437671595217
9266,126.25,71.25,71.25,1.0,0,0.13794971202319414
9267,128.75,71.25,71.25,1.0,0,0.13587341402055161
9268,131.25,71.25,71.25,0.0,5,0.15909270898435712
9269,133.75,71.25,71.25,0.0,5,0.1626165758206353
9270,136.25,71.25,71.25,0.0,5,0.15709112984840362
9271,138.75,71.25,71.25,0.0,5,0.14313817259037764
9272,141.25,71.25,71.25,1.0,0,0.11667403861458103
9273,143.75,71.25,71.25,1.0,0,0.11854662231991407
9274,146.25,71.25,71.25,1.0,0,0.12071975644956445
9275,148.75,71.25,71.25,0.0,5,0.13076712103474497
9276,151.25,71.25,71.25,0.0,5,0.14428910630353267
9277,153.75,71.25,71.25,0.0,5,0.1342425665685914
9278,156.25,71.25,71.25,0.0,5,0.1201796480214384
9279,158.75,71.25,71.25,0.0,5,0.10616380272393554
9280,161.25,71.25,71.25,0.0,5,0.11075516333152327
9281,163.75,71.25,71.25,0.0,5,0.11653705203387366
9282,166.25,71.25,71.25,0.0,5,0.1217970755730254
9283,168.75,71.25,71.25,0.0,5,0.12816815035693388
9284,171.25,71.25,71.25,0.0,5,0.11846237483678407
9285,173.75,71.25,71.25,0.0,5,0.11927472703504156
9286,176.25,71.25,71.25,0.0,5,0.1209099536069995
9287,178.75,71.25,71.25,0.0,5,0.13815210865035515
9288,181.25,71.25,71.25,1.0,0,0.1381111939589328
9289,183.75,71.25,71.25,0.0,5,0.13856211250808786
9290,186.25,71.25,71.25,0.0,5,0.13145880141448216
9291,188.75,71.25,71.25,0.0,5,0.12146612295497158
9292,191.25,71.25,71.25,0.0,5,0.11866165763039666
9293,193.75,71.25,71.25,0.0,5,0.12705679378164064
9294,196.25,71.25,71.25,0.0,5,0.12931004303207505
9295,198.75,71.25,71.25,0.0,5,0.10974548747928571
9296,201.25,71.25,71.25,0.0,5,0.10581310117590177
9297,203.75,71.25,71.25,0.0,5,0.1041749547889869
9298,206.25,71.25,71.25,0.0,5,0.09877653072700966
9299,208.75,71.25,71.25,0.0,5,0.09865848859281329
9300,211.25,71.25,71.25,0.0,5,0.09933364879224801
9301,213.75,71.25,71.25,0.0,5,0.10239399665301485
9302,216.25,71.25,71.25,0.0,5,0.1024905627146134
9303,218.75,71.25,71.25,0.0,5,0.10734959022571339
9304,221.25,71.25,71.25,0.0,5,0.10471370288066031
9305,223.75,71.25,71.25,0.0,5,0.09786571622959983
9306,226.25,71.25,71.25,0.0,5,0.09905898745812158
9307,228.75,71.25,71.25,0.0,5,0.10828797972984393
9308,231.25,71.25,71.25,0.0,5,0.10846579469219762
9309,233.75,71.25,71.25,0.0,5,0.11293055016297715
9310,236.25,71.25,71.25,0.0,5,0.09270115293968695
9311,238.75,71.25,71.25,0.0,5,0.08300757521008074
9312,241.25,71.25,71.25,0.0,5,0.08438059237720538
9313,243.75,71.25,71.25,1.0,0,0.08085804310066738
9314,246.25,71.25,71.25,1.0,0,0.07485881214957364
9315,248.75,71.25,71.25,1.0,0,0.0765549611172565
9316,251.25,71.25,71.25,1.0,0,0.0736021665018966
9317,253.75,71.25,71.25,1.0,0,0.06874419369266345
9318,256.25,71.25,71.25,0.0,5,0.0832352076223352
9319,258.75,71.25,71.25,0.0,5,0.10132723523088663
9320,261.25,71.25,71.25,0.0,5,0.06540421663884263
9321,263.75,71.25,71.25,0.0,5,0.0656309984986992
9322,266.25,71.25,71.25,1.0,0,0.055443170434322155
9323,268.75,71.25,71.25,0.0,5,0.09209944003766414
9324,271.25,71.25,71.25,0.0,5,0.08748482449934253
9325,273.75,71.25,71.25,1.0,0,0.0703631223125421
9326,276.25,71.25,71.25,1.0,0,0.07379903994992786
9327,278.75,71.25,71.25,1.0,0,0.07522734149005131
9328,281.25,71.25,71.25,1.0,0,0.08205189857579939
9329,283.75,71.25,71.25,1.0,0,0.06821408560748625
9330,286.25,71.25,71.25,1.0,0,0.07959493026372604
9331,288.75,71.25,71.25,0.0,5,0.08357558482468698
9332,291.25,71.25,71.25,0.0,5,0.07333404278929959
9333,293.75,71.25,71.25,0.0,5,0.06665710568548958
9334,296.25,71.25,71.25,0.0,5,0.06045304180991565
9335,298.75,71.25,71.25,0.0,5,0.05750877729205678
9336,301.25,71.25,71.25,0.0,5,0.06061890558822188
9337,303.75,71.25,71.25,0.0,5,0.0842356279249956
9338,306.25,71.25,71.25,1.0,0,0.05618728474325744
9339,308.75,71.25,71.25,1.0,0,0.05642803120231878
9340,311.25,71.25,71.25,1.0,0,0.055436811392902303
9341,313.75,71.25,71.25,1.0,0,0.04231016139457442
9342,316.25,71.25,71.25,1.0,0,0.02688182568256198
9343,318.75,71.25,71.25,1.0,0,0.017617385209501204
9344,321.25,71.25,71.25,1.0,0,0.020101085468761496
9345,323.75,71.25,71.25,1.0,0,0.03104044555059774
9346,326.25,71.25,71.25,1.0,0,0.054802595405701295
9347,328.75,71.25,71.25,1.0,0,0.09429500648819629
9348,331.25,71.25,71.25,1.0,0,0.14251992003534442
9349,333.75,71.25,71.25,1.0,0,0.19310227597329926
9350,336.25,71.25,71.25,1.0,0,0.21936466818214506
9351,338.75,71.25,71.25,0.0,5,0.22059277239319294
9352,341.25,71.25,71.25,0.0,5,0.1900738811532868
9353,343.75,71.25,71.25,0.0,5,0.05076994645343023
9354,346.25,71.25,71.25,0.0,5,-0.053510147714684646
9355,348.75,71.25,71.25,0.0,5,-0.03456587384395169
9356,351.25,71.25,71.25,0.0,5,0.0356070813983927
9357,353.75,71.25,71.25,0.0,5,0.07778130809803849
9358,356.25,71.25,71.25,0.0,5,0.10219744502507795
9359,358.75,71.25,71.25,0.0,5,0.13163436263313544
9360,1.25,73.75,73.75,0.0,5,0.08356397764808449
9361,3.75,73.75,73.75,0.0,5,0.10598299137303008
9362,6.25,73.75,73.75,0.0,5,0.10780573093128054
9363,8.75,73.75,73.75,0.0,5,0.06901269547195595
9364,11.25,73.75,73.75,0.0,5,0.03715702738307388
9365,13.75,73.75,73.75,0.0,5,0.03902092615123801
9366,16.25,73.75,73.75,0.0,5,0.07632298924364657
9367,18.75,73.75,73.75,0.0,5,0.09818925448775633
9368,21.25,73.75,73.75,0.0,5,0.06892471036075297
9369,23.75,73.75,73.75,0.0,5,0.04658263712745824
9370,26.25,73.75,73.75,0.0,5,0.04769229173757655
9371,28.75,73.75,73.75,0.0,5,0.07067248390140873
9372,31.25,73.75,73.75,0.0,5,0.07630017470419956
9373,33.75,73.75,73.75,0.0,5,0.0804108446856667
9374,36.25,73.75,73.75,0.0,5,0.0745461309506075
9375,38.75,73.75,73.75,0.0,5,0.08158255102488692
9376,41.25,73.75,73.75,0.0,5,0.15941936539348345
9377,43.75,73.75,73.75,0.0,5,0.29199989620430955
9378,46.25,73.75,73.75,0.0,5,0.40831691336355247
9379,48.75,73.75,73.75,0.0,5,0.4348765983376763
9380,51.25,73.75,73.75,0.0,5,0.3210898324530264
9381,53.75,73.75,73.75,0.0,5,0.16259278578414355
9382,56.25,73.75,73.75,0.0,5,0.14265399666239048
9383,58.75,73.75,73.75,0.0,5,0.16367949029722387
9384,61.25,73.75,73.75,0.0,5,0.16814438600009587
9385,63.75,73.75,73.75,0.0,5,0.1738501742591218
9386,66.25,73.75,73.75,0.0,5,0.14920237341781936
9387,68.75,73.75,73.75,0.0,5,0.13283559626302466
9388,71.25,73.75,73.75,0.0,5,0.1291277933970288
9389,73.75,73.75,73.75,0.0,5,0.13278552232181767
9390,76.25,73.75,73.75,0.0,5,0.13834569572147615
9391,78.75,73.75,73.75,0.0,5,0.14629614370078262
9392,81.25,73.75,73.75,0.0,5,0.13989339384666588
9393,83.75,73.75,73.75,0.0,5,0.1338512743674396
9394,86.25,73.75,73.75,1.0,0,0.13723011502928512
9395,88.75,73.75,73.75,1.0,0,0.14024172020863135
9396,91.25,73.75,73.75,1.0,0,0.13990701804735595
9397,93.75,73.75,73.75,1.0,0,0.13487993192671963
9398,96.25,73.75,73.75,1.0,0,0.13016645312344882
9399,98.75,73.75,73.75,1.0,0,0.12766967117655903
9400,101.25,73.75,73.75,1.0,0,0.12285741439101974
9401,103.75,73.75,73.75,1.0,0,0.11736507056307341
9402,106.25,73.75,73.75,1.0,0,0.11219652302545559
9403,108.75,73.75,73.75,1.0,0,0.10531945142494538
9404,111.25,73.75,73.75,0.0,5,0.09653410712250274
9405,113.75,73.75,73.75,0.0,5,0.09654170372054684
9406,116.25,73.75,73.75,0.0,5,0.10826068249630147
9407,118.75,73.75,73.75,0.0,5,0.1049539802813744
9408,121.25,73.75,73.75,0.0,5,0.1073120123912227
9409,123.75,73.75,73.75,0.0,5,0.10798689294273248
9410,126.25,73.75,73.75,0.0,5,0.09803910498788472
9411,128.75,73.75,73.75,0.0,5,0.11098459805974405
9412,131.25,73.75,73.75,0.0,5,0.12643745256090513
9413,133.75,73.75,73.75,0.0,5,0.13476754276212854
9414,136.25,73.75,73.75,0.0,5,0.12979975677205666
9415,138.75,73.75,73.75,0.0,5,0.11090827450680983
9416,141.25,73.75,73.75,0.0,5,0.0772539824481469
9417,143.75,73.75,73.75,0.0,5,0.08889411646825555
9418,146.25,73.75,73.75,0.0,5,0.10337831064128707
9419,148.75,73.75,73.75,0.0,5,0.10714027587752398
9420,151.25,73.75,73.75,0.0,5,0.10827416941377235
9421,153.75,73.75,73.75,0.0,5,0.10438229666513935
9422,156.25,73.75,73.75,0.0,5,0.10118832599279802
9423,158.75,73.75,73.75,0.0,5,0.09626133508512334
9424,161.25,73.75,73.75,0.0,5,0.08906801188447667
9425,163.75,73.75,73.75,0.0,5,0.08290088734177564
9426,166.25,73.75,73.75,0.0,5,0.0807266383152641
9427,168.75,73.75,73.75,0.0,5,0.08143733508826623
9428,171.25,73.75,73.75,0.0,5,0.08482719040656345
9429,173.75,73.75,73.75,0.0,5,0.08697706885995558
9430,176.25,73.75,73.75,0.0,5,0.08814595187545295
9431,178.75,73.75,73.75,0.0,5,0.09106670833744646
9432,181.25,73.75,73.75,0.0,5,0.09347901739651356
9433,183.75,73.75,73.75,0.0,5,0.09677812317677426
9434,186.25,73.75,73.75,0.0,5,0.10107677190821303
9435,188.75,73.75,73.75,0.0,5,0.10768599297120852
9436,191.25,73.75,73.75,0.0,5,0.11583033084391871
9437,193.75,73.75,73.75,0.0,5,0.12229219078559318
9438,196.25,73.75,73.75,0.0,5,0.12171314694269562
9439,198.75,73.75,73.75,0.0,5,0.11418764643860115
9440,201.25,73.75,73.75,0.0,5,0.09842644740369595
9441,203.75,73.75,73.75,0.0,5,0.08523287264976628
9442,206.25,73.75,73.75,0.0,5,0.07709290034729553
9443,208.75,73.75,73.75,0.0,5,0.07297816235490216
9444,211.25,73.75,73.75,0.0,5,0.07212799148710751
9445,213.75,73.75,73.75,0.0,5,0.07342836257898018
9446,216.25,73.75,73.75,0.0,5,0.07410705840392845
9447,218.75,73.75,73.75,0.0,5,0.07191154987896241
9448,221.25,73.75,73.75,0.0,5,0.07013980499754356
9449,223.75,73.75,73.75,0.0,5,0.07206711222596533
9450,226.25,73.75,73.75,0.0,5,0.07802072769618293
9451,228.75,73.75,73.75,0.0,5,0.08578127163510949
9452,231.25,73.75,73.75,0.0,5,0.08832092628492905
9453,233.75,73.75,73.75,0.0,5,0.08080739689919178
9454,236.25,73.75,73.75,0.0,5,0.05606900038245945
9455,238.75,73.75,73.75,0.0,5,0.05249165366867633
9456,241.25,73.75,73.75,0.0,5,0.060730633294572296
9457,243.75,73.75,73.75,0.0,5,0.09420151999269614
9458,246.25,73.75,73.75,0.0,5,0.09605913183317114
9459,248.75,73.75,73.75,0.0,5,0.093376147314265
9460,251.25,73.75,73.75,0.0,5,0.08692870391733587
9461,253.75,73.75,73.75,0.0,5,0.07794851348131096
9462,256.25,73.75,73.75,0.0,5,0.078096244712983
9463,258.75,73.75,73.75,0.0,5,0.07347926571437896
9464,261.25,73.75,73.75,0.0,5,0.06672342495563387
9465,263.75,73.75,73.75,0.0,5,0.0856927676957233
9466,266.25,73.75,73.75,0.0,5,0.07101055941547865
9467,268.75,73.75,73.75,0.0,5,0.0948309068583836
9468,271.25,73.75,73.75,0.0,5,0.08513516897610696
9469,273.75,73.75,73.75,0.0,5,0.05804312649458086
9470,276.25,73.75,73.75,0.0,5,0.0628804902850492
9471,278.75,73.75,73.75,0.0,5,0.06512283247212632
9472,281.25,73.75,73.75,0.0,5,0.09371650249046479
9473,283.75,73.75,73.75,0.0,5,0.10285848530509371
9474,286.25,73.75,73.75,0.0,5,0.0936256723285718
9475,288.75,73.75,73.75,0.0,5,0.08145804045060522
9476,291.25,73.75,73.75,0.0,5,0.07922633346279291
9477,293.75,73.75,73.75,0.0,5,0.08221749227791994
9478,296.25,73.75,73.75,0.0,5,0.08917242676148754
9479,298.75,73.75,73.75,0.0,5,0.09743189258095301
9480,301.25,73.75,73.75,0.0,5,0.09041165431777924
9481,303.75,73.75,73.75,0.0,5,0.07250865514723638
9482,306.25,73.75,73.75,1.0,0,0.06870761284719014
9483,308.75,73.75,73.75,1.0,0,0.06420231442630701
9484,311.25,73.75,73.75,1.0,0,0.05434580218539585
9485,313.75,73.75,73.75,1.0,0,0.037147716610322956
9486,316.25,73.75,73.75,1.0,0,0.02335440298540335
9487,318.75,73.75,73.75,1.0,0,0.0132788225609051
9488,321.25,73.75,73.75,1.0,0,0.014412876367957161
9489,323.75,73.75,73.75,1.0,0,0.02097277626095358
9490,326.25,73.75,73.75,1.0,0,0.032612366389802895
9491,328.75,73.75,73.75,1.0,0,0.05398186019891564
9492,331.25,73.75,73.75,1.0,0,0.08488155622290627
9493,333.75,73.75,73.75,1.0,0,0.12541990467619452
9494,336.25,73.75,73.75,1.0,0,0.16535842736237316
9495,338.75,73.75,73.75,1.0,0,0.20907099837200746
9496,341.25,73.75,73.75,0.0,5,0.22077194274904155
9497,343.75,73.75,73.75,0.0,5,0.1590212618681433
9498,346.25,73.75,73.75,0.0,5,0.09193843506634869
9499,348.75,73.75,73.75,0.0,5,0.032127909240457046
9500,351.25,73.75,73.75,0.0,5,-0.019752234917468147
9501,353.75,73.75,73.75,0.0,5,-0.023295310839045083
9502,356.25,73.75,73.75,0.0,5,0.003619120336436086
9503,358.75,73.75,73.75,0.0,5,0.0526138307473721
9504,1.25,76.25,76.25,0.0,5,-0.009409919555003168
9505,3.75,76.25,76.25,0.0,5,0.043031219577320694
9506,6.25,76.25,76.25,0.0,5,0.07229272462543654
9507,8.75,76.25,76.25,0.0,5,0.11145758620585744
9508,11.25,76.25,76.25,0.0,5,0.1865919340863931
9509,13.75,76.25,76.25,0.0,5,0.2255737206379958
9510,16.25,76.25,76.25,0.0,5,0.20378376047794663
9511,18.75,76.25,76.25,0.0,5,0.15049538665330237
9512,21.25,76.25,76.25,0.0,5,0.09753227160282064
9513,23.75,76.25,76.25,0.0,5,0.10789989210044268
9514,26.25,76.25,76.25,0.0,5,0.17448015761789887
9515,28.75,76.25,76.25,0.0,5,0.27419211009747735
9516,31.25,76.25,76.25,0.0,5,0.32500751916853465
9517,33.75,76.25,76.25,0.0,5,0.2702490233364611
9518,36.25,76.25,76.25,0.0,5,0.2009690804892563
9519,38.75,76.25,76.25,0.0,5,0.1891201750655688
9520,41.25,76.25,76.25,0.0,5,0.22874986103360972
9521,43.75,76.25,76.25,0.0,5,0.30762875360848496
9522,46.25,76.25,76.25,0.0,5,0.3895445724018985
9523,48.75,76.25,76.25,0.0,5,0.45602984644129724
9524,51.25,76.25,76.25,0.0,5,0.4442998075077257
9525,53.75,76.25,76.25,0.0,5,0.36773433543169853
9526,56.25,76.25,76.25,0.0,5,0.29621774048868466
9527,58.75,76.25,76.25,0.0,5,0.19060336585080265
9528,61.25,76.25,76.25,0.0,5,0.2078471955036794
9529,63.75,76.25,76.25,0.0,5,0.2790561987056914
9530,66.25,76.25,76.25,0.0,5,0.22852915198817958
9531,68.75,76.25,76.25,0.0,5,0.1970179963261156
9532,71.25,76.25,76.25,0.0,5,0.16928272134093617
9533,73.75,76.25,76.25,0.0,5,0.14550726297790487
9534,76.25,76.25,76.25,0.0,5,0.13316535204002686
9535,78.75,76.25,76.25,0.0,5,0.12824325954168997
9536,81.25,76.25,76.25,0.0,5,0.12937241921290132
9537,83.75,76.25,76.25,0.0,5,0.1322651323970582
9538,86.25,76.25,76.25,0.0,5,0.13115679900081362
9539,88.75,76.25,76.25,0.0,5,0.12042648206362697
9540,91.25,76.25,76.25,0.0,5,0.12351424766319273
9541,93.75,76.25,76.25,0.0,5,0.12673995359687049
9542,96.25,76.25,76.25,0.0,5,0.12593643185021042
9543,98.75,76.25,76.25,1.0,0,0.12071755808049552
9544,101.25,76.25,76.25,1.0,0,0.10152304231376848
9545,103.75,76.25,76.25,1.0,0,0.10572073641223398
9546,106.25,76.25,76.25,1.0,0,0.11474066475121691
9547,108.75,76.25,76.25,1.0,0,0.10996822486834754
9548,111.25,76.25,76.25,0.0,5,0.10329096068420458
9549,113.75,76.25,76.25,0.0,5,0.11080993211733664
9550,116.25,76.25,76.25,0.0,5,0.106756562950602
9551,118.75,76.25,76.25,0.0,5,0.08929067389382309
9552,121.25,76.25,76.25,0.0,5,0.07942081130793502
9553,123.75,76.25,76.25,0.0,5,0.07566266332611156
9554,126.25,76.25,76.25,0.0,5,0.0756685273078899
9555,128.75,76.25,76.25,0.0,5,0.07928035938860034
9556,131.25,76.25,76.25,0.0,5,0.0843467253596233
9557,133.75,76.25,76.25,0.0,5,0.08811075042298375
9558,136.25,76.25,76.25,0.0,5,0.079333821835442
9559,138.75,76.25,76.25,0.0,5,0.07222031806130827
9560,141.25,76.25,76.25,0.0,5,0.07381350396768653
9561,143.75,76.25,76.25,0.0,5,0.07131715767418828
9562,146.25,76.25,76.25,0.0,5,0.07611776592440664
9563,148.75,76.25,76.25,0.0,5,0.07460736958697772
9564,151.25,76.25,76.25,0.0,5,0.07500468310010243
9565,153.75,76.25,76.25,0.0,5,0.0780238481264872
9566,156.25,76.25,76.25,0.0,5,0.08035866260673268
9567,158.75,76.25,76.25,0.0,5,0.08355226664431098
9568,161.25,76.25,76.25,0.0,5,0.08714952337337571
9569,163.75,76.25,76.25,0.0,5,0.08923352361365841
9570,166.25,76.25,76.25,0.0,5,0.08990998705983128
9571,168.75,76.25,76.25,0.0,5,0.08989907349738376
9572,171.25,76.25,76.25,0.0,5,0.08757670861084202
9573,173.75,76.25,76.25,0.0,5,0.0864702858858236
9574,176.25,76.25,76.25,0.0,5,0.08302491407234988
9575,178.75,76.25,76.25,0.0,5,0.08267809080596852
9576,181.25,76.25,76.25,0.0,5,0.08320280210141004
9577,183.75,76.25,76.25,0.0,5,0.08527717109385029
9578,186.25,76.25,76.25,0.0,5,0.08735442379145791
9579,188.75,76.25,76.25,0.0,5,0.08850138373260953
9580,191.25,76.25,76.25,0.0,5,0.089601505951171
9581,193.75,76.25,76.25,0.0,5,0.08911041329743083
9582,196.25,76.25,76.25,0.0,5,0.08590771098149051
9583,198.75,76.25,76.25,0.0,5,0.08008550846484683
9584,201.25,76.25,76.25,0.0,5,0.0747217998562709
9585,203.75,76.25,76.25,0.0,5,0.07212998023882329
9586,206.25,76.25,76.25,0.0,5,0.0725242087867004
9587,208.75,76.25,76.25,0.0,5,0.07351635824271158
9588,211.25,76.25,76.25,0.0,5,0.07406170669617725
9589,213.75,76.25,76.25,0.0,5,0.07575073888624947
9590,216.25,76.25,76.25,0.0,5,0.07640981017562479
9591,218.75,76.25,76.25,0.0,5,0.07505273974709639
9592,221.25,76.25,76.25,0.0,5,0.07193236953102533
9593,223.75,76.25,76.25,0.0,5,0.06601656792696911
9594,226.25,76.25,76.25,0.0,5,0.060255812913192715
9595,228.75,76.25,76.25,0.0,5,0.05580318779580438
9596,231.25,76.25,76.25,0.0,5,0.056456284366592016
9597,233.75,76.25,76.25,0.0,5,0.05954987186274507
9598,236.25,76.25,76.25,0.0,5,0.06483769489616213
9599,238.75,76.25,76.25,0.0,5,0.07226787163726613
9600,241.25,76.25,76.25,0.0,5,0.07559635817363289
9601,243.75,76.25,76.25,0.0,5,0.0740086292759905
9602,246.25,76.25,76.25,0.0,5,0.057455577849369006
9603,248.75,76.25,76.25,0.0,5,0.05532487326846917
9604,251.25,76.25,76.25,0.0,5,0.052110118892185
9605,253.75,76.25,76.25,0.0,5,0.04807543974186297
9606,256.25,76.25,76.25,0.0,5,0.04978229224708216
9607,258.75,76.25,76.25,0.0,5,0.056999786297023736
9608,261.25,76.25,76.25,0.0,5,0.06899586738496474
9609,263.75,76.25,76.25,0.0,5,0.07019379153436493
9610,266.25,76.25,76.25,0.0,5,0.09317047248430127
9611,268.75,76.25,76.25,1.0,0,0.08074786506839755
9612,271.25,76.25,76.25,0.0,5,0.06809877043851612
9613,273.75,76.25,76.25,0.0,5,0.059273031534171176
9614,276.25,76.25,76.25,0.0,5,0.06060063799515888
9615,278.75,76.25,76.25,0.0,5,0.06604703032038432
9616,281.25,76.25,76.25,0.0,5,0.09533648475207833
9617,283.75,76.25,76.25,0.0,5,0.1285245010764636
9618,286.25,76.25,76.25,0.0,5,0.12244218012094833
9619,288.75,76.25,76.25,0.0,5,0.10808212808717968
9620,291.25,76.25,76.25,0.0,5,0.11867508919024956
9621,293.75,76.25,76.25,1.0,0,0.13263557144444024
9622,296.25,76.25,76.25,1.0,0,0.14531793815220442
9623,298.75,76.25,76.25,1.0,0,0.1400294849809637
9624,301.25,76.25,76.25,1.0,0,0.11567329771906691
9625,303.75,76.25,76.25,1.0,0,0.1010732660382172
9626,306.25,76.25,76.25,1.0,0,0.09112387610349701
9627,308.75,76.25,76.25,1.0,0,0.07817013902202102
9628,311.25,76.25,76.25,1.0,0,0.06031210346735634
9629,313.75,76.25,76.25,1.0,0,0.04242658087914882
9630,316.25,76.25,76.25,1.0,0,0.028920141094140702
9631,318.75,76.25,76.25,1.0,0,0.019984248029416705
9632,321.25,76.25,76.25,1.0,0,0.020209650390032585
9633,323.75,76.25,76.25,1.0,0,0.02457658030041985
9634,326.25,76.25,76.25,1.0,0,0.0331159020690972
9635,328.75,76.25,76.25,1.0,0,0.04728719222130569
9636,331.25,76.25,76.25,1.0,0,0.06625294194599007
9637,333.75,76.25,76.25,1.0,0,0.09407544765755903
9638,336.25,76.25,76.25,1.0,0,0.1224131076067559
9639,338.75,76.25,76.25,0.0,5,0.14318726380997235
9640,341.25,76.25,76.25,0.0,5,0.1783537234840058
9641,343.75,76.25,76.25,0.0,5,0.15362501437643827
9642,346.25,76.25,76.25,0.0,5,0.11012475125343234
9643,348.75,76.25,76.25,0.0,5,0.062416655730319376
9644,351.25,76.25,76.25,0.0,5,0.016739134781690163
9645,353.75,76.25,76.25,0.0,5,0.004570246990864463
9646,356.25,76.25,76.25,0.0,5,-0.010679054571697941
9647,358.75,76.25,76.25,0.0,5,-0.0313954305857121
9648,1.25,78.75,78.75,0.0,5,-0.1714856803017105
9649,3.75,78.75,78.75,0.0,5,-0.12683329159890602
9650,6.25,78.75,78.75,0.0,5,0.02276679558874179
9651,8.75,78.75,78.75,0.0,5,0.19291345899561232
9652,11.25,78.75,78.75,0.0,5,0.216027967727198
9653,13.75,78.75,78.75,1.0,0,0.1515496634294797
9654,16.25,78.75,78.75,1.0,0,0.08625608652331929
9655,18.75,78.75,78.75,1.0,0,0.07840404493395642
9656,21.25,78.75,78.75,0.0,5,0.07863237249237896
9657,23.75,78.75,78.75,0.0,5,0.10584393148463886
9658,26.25,78.75,78.75,0.0,5,0.16782346845286308
9659,28.75,78.75,78.75,0.0,5,0.2267559493856763
9660,31.25,78.75,78.75,0.0,5,0.2673184049828646
9661,33.75,78.75,78.75,0.0,5,0.2448149550271651
9662,36.25,78.75,78.75,0.0,5,0.211188725429531
9663,38.75,78.75,78.75,0.0,5,0.23222470897964165
9664,41.25,78.75,78.75,0.0,5,0.3016326409178044
9665,43.75,78.75,78.75,0.0,5,0.36361364831505116
9666,46.25,78.75,78.75,0.0,5,0.3809156127442709
9667,48.75,78.75,78.75,0.0,5,0.3753490490663521
9668,51.25,78.75,78.75,0.0,5,0.35954544072788674
9669,53.75,78.75,78.75,0.0,5,0.3093141741818709
9670,56.25,78.75,78.75,0.0,5,0.23480009037011879
9671,58.75,78.75,78.75,0.0,5,0.19388665164434585
9672,61.25,78.75,78.75,0.0,5,0.20259514890300728
9673,63.75,78.75,78.75,0.0,5,0.22415551634780542
9674,66.25,78.75,78.75,0.0,5,0.21513848982661077
9675,68.75,78.75,78.75,0.0,5,0.20280574957752692
9676,71.25,78.75,78.75,0.0,5,0.19045270831255856
9677,73.75,78.75,78.75,0.0,5,0.17348186895577508
9678,76.25,78.75,78.75,0.0,5,0.1561152866881737
9679,78.75,78.75,78.75,0.0,5,0.13850863969460372
9680,81.25,78.75,78.75,0.0,5,0.12858144891673925
9681,83.75,78.75,78.75,0.0,5,0.1293721877012267
9682,86.25,78.75,78.75,0.0,5,0.13270640369994982
9683,88.75,78.75,78.75,0.0,5,0.13124143173007624
9684,91.25,78.75,78.75,0.0,5,0.12705114049355953
9685,93.75,78.75,78.75,0.0,5,0.11217722461385952
9686,96.25,78.75,78.75,0.0,5,0.10626595433985006
9687,98.75,78.75,78.75,0.0,5,0.10086553436207665
9688,101.25,78.75,78.75,1.0,0,0.08357641068747673
9689,103.75,78.75,78.75,0.0,5,0.09231698256578519
9690,106.25,78.75,78.75,0.0,5,0.10839822560651738
9691,108.75,78.75,78.75,0.0,5,0.10502120766385069
9692,111.25,78.75,78.75,0.0,5,0.10049785691225462
9693,113.75,78.75,78.75,0.0,5,0.0950559302198496
9694,116.25,78.75,78.75,0.0,5,0.0876195731773885
9695,118.75,78.75,78.75,0.0,5,0.0784663678390843
9696,121.25,78.75,78.75,0.0,5,0.07312211617714587
9697,123.75,78.75,78.75,0.0,5,0.07264635141137865
9698,126.25,78.75,78.75,0.0,5,0.07372996897972095
9699,128.75,78.75,78.75,0.0,5,0.07757106061287972
9700,131.25,78.75,78.75,0.0,5,0.08119695126327008
9701,133.75,78.75,78.75,0.0,5,0.08296220263016459
9702,136.25,78.75,78.75,0.0,5,0.0835953188988656
9703,138.75,78.75,78.75,0.0,5,0.08266555619365934
9704,141.25,78.75,78.75,0.0,5,0.0797143035136909
9705,143.75,78.75,78.75,0.0,5,0.0755369583171079
9706,146.25,78.75,78.75,0.0,5,0.0706189662777742
9707,148.75,78.75,78.75,0.0,5,0.06756059919197706
9708,151.25,78.75,78.75,0.0,5,0.06680346589439258
9709,153.75,78.75,78.75,0.0,5,0.06888000885664099
9710,156.25,78.75,78.75,0.0,5,0.07242558751571669
9711,158.75,78.75,78.75,0.0,5,0.07740277549115802
9712,161.25,78.75,78.75,0.0,5,0.08108715766813696
9713,163.75,78.75,78.75,0.0,5,0.085179177188347
9714,166.25,78.75,78.75,0.0,5,0.08545144026409865
9715,168.75,78.75,78.75,0.0,5,0.08525078070889545
9716,171.25,78.75,78.75,0.0,5,0.0853050786392622
9717,173.75,78.75,78.75,0.0,5,0.08511486652111282
9718,176.25,78.75,78.75,0.0,5,0.08195985512024621
9719,178.75,78.75,78.75,0.0,5,0.07949752895254698
9720,181.25,78.75,78.75,0.0,5,0.0791298464490781
9721,183.75,78.75,78.75,0.0,5,0.08000335783723415
9722,186.25,78.75,78.75,0.0,5,0.08090718615673959
9723,188.75,78.75,78.75,0.0,5,0.08078441406307127
9724,191.25,78.75,78.75,0.0,5,0.08152837553204097
9725,193.75,78.75,78.75,0.0,5,0.08232652376501033
9726,196.25,78.75,78.75,0.0,5,0.08116026600816871
9727,198.75,78.75,78.75,0.0,5,0.07732587584893888
9728,201.25,78.75,78.75,0.0,5,0.07257104600363705
9729,203.75,78.75,78.75,0.0,5,0.06817699097792547
9730,206.25,78.75,78.75,0.0,5,0.06354391807465652
9731,208.75,78.75,78.75,0.0,5,0.059819035791865684
9732,211.25,78.75,78.75,0.0,5,0.05607241774802389
9733,213.75,78.75,78.75,0.0,5,0.05418452608505582
9734,216.25,78.75,78.75,0.0,5,0.05368681518570221
9735,218.75,78.75,78.75,0.0,5,0.05475915651018124
9736,221.25,78.75,78.75,0.0,5,0.057229651613528866
9737,223.75,78.75,78.75,0.0,5,0.05902518232789378
9738,226.25,78.75,78.75,0.0,5,0.06028248417288147
9739,228.75,78.75,78.75,0.0,5,0.0629927982639784
9740,231.25,78.75,78.75,0.0,5,0.06604213927414375
9741,233.75,78.75,78.75,0.0,5,0.06777761577350622
9742,236.25,78.75,78.75,0.0,5,0.06636219521129424
9743,238.75,78.75,78.75,0.0,5,0.06387913777874173
9744,241.25,78.75,78.75,0.0,5,0.06106254493722271
9745,243.75,78.75,78.75,0.0,5,0.05716276890896104
9746,246.25,78.75,78.75,0.0,5,0.05250442328300901
9747,248.75,78.75,78.75,0.0,5,0.04905041248938111
9748,251.25,78.75,78.75,0.0,5,0.04913481892860904
9749,253.75,78.75,78.75,0.0,5,0.04967391066400738
9750,256.25,78.75,78.75,0.0,5,0.05531788292605453
9751,258.75,78.75,78.75,0.0,5,0.07003737246324027
9752,261.25,78.75,78.75,0.0,5,0.0872607496806356
9753,263.75,78.75,78.75,0.0,5,0.09628113145634656
9754,266.25,78.75,78.75,0.0,5,0.10072744039957594
9755,268.75,78.75,78.75,1.0,0,0.10180628500641489
9756,271.25,78.75,78.75,1.0,0,0.0895260627975068
9757,273.75,78.75,78.75,1.0,0,0.08296903812962272
9758,276.25,78.75,78.75,1.0,0,0.08560586282369886
9759,278.75,78.75,78.75,1.0,0,0.09236412941613295
9760,281.25,78.75,78.75,1.0,0,0.1009823242797702
9761,283.75,78.75,78.75,1.0,0,0.12095866109107872
9762,286.25,78.75,78.75,0.0,5,0.13561132598830775
9763,288.75,78.75,78.75,0.0,5,0.12165764453947661
9764,291.25,78.75,78.75,1.0,0,0.10621373642761357
9765,293.75,78.75,78.75,1.0,0,0.10389587218144816
9766,296.25,78.75,78.75,1.0,0,0.10157834085772739
9767,298.75,78.75,78.75,1.0,0,0.097330948449762
9768,301.25,78.75,78.75,1.0,0,0.09112285929392692
9769,303.75,78.75,78.75,1.0,0,0.08496609378352231
9770,306.25,78.75,78.75,1.0,0,0.07645837113260517
9771,308.75,78.75,78.75,1.0,0,0.06728264612817196
9772,311.25,78.75,78.75,1.0,0,0.05564284824678076
9773,313.75,78.75,78.75,1.0,0,0.043638083034628274
9774,316.25,78.75,78.75,1.0,0,0.03481958867654546
9775,318.75,78.75,78.75,1.0,0,0.029407793109600903
9776,321.25,78.75,78.75,1.0,0,0.029003471302090016
9777,323.75,78.75,78.75,1.0,0,0.03215705457287636
9778,326.25,78.75,78.75,1.0,0,0.03883812145722787
9779,328.75,78.75,78.75,1.0,0,0.0483505564176569
9780,331.25,78.75,78.75,1.0,0,0.06037998329360203
9781,333.75,78.75,78.75,1.0,0,0.07629695098691064
9782,336.25,78.75,78.75,1.0,0,0.09229622962748636
9783,338.75,78.75,78.75,1.0,0,0.1065751066101916
9784,341.25,78.75,78.75,0.0,5,0.13407898111002023
9785,343.75,78.75,78.75,0.0,5,0.13065942209741785
9786,346.25,78.75,78.75,0.0,5,0.11279610547880049
9787,348.75,78.75,78.75,0.0,5,0.08892935428723395
9788,351.25,78.75,78.75,0.0,5,0.06275758756677373
9789,353.75,78.75,78.75,0.0,5,0.03660198668516077
9790,356.25,78.75,78.75,0.0,5,-0.00474512790961695
9791,358.75,78.75,78.75,0.0,5,-0.09486160776310021
9792,1.25,81.25,81.25,0.0,5,0.047201148021359475
9793,3.75,81.25,81.25,0.0,5,0.055118708184308064
9794,6.25,81.25,81.25,0.0,5,0.09517839228190089
9795,8.75,81.25,81.25,0.0,5,0.14528842810365555
9796,11.25,81.25,81.25,0.0,5,0.1764501402669419
9797,13.75,81.25,81.25,0.0,5,0.19138248378420067
9798,16.25,81.25,81.25,0.0,5,0.19602638405919418
9799,18.75,81.25,81.25,0.0,5,0.19118739982596158
9800,21.25,81.25,81.25,0.0,5,0.17436010242477556
9801,23.75,81.25,81.25,0.0,5,0.1585665128874332
9802,26.25,81.25,81.25,0.0,5,0.15238807349317463
9803,28.75,81.25,81.25,0.0,5,0.14612808846074993
9804,31.25,81.25,81.25,0.0,5,0.14374896198388856
9805,33.75,81.25,81.25,0.0,5,0.1435393477058942
9806,36.25,81.25,81.25,0.0,5,0.14327922860935902
9807,38.75,81.25,81.25,0.0,5,0.14665112606014624
9808,41.25,81.25,81.25,0.0,5,0.15818954973351135
9809,43.75,81.25,81.25,0.0,5,0.1703975891963179
9810,46.25,81.25,81.25,0.0,5,0.1722762820124691
9811,48.75,81.25,81.25,0.0,5,0.164950721779307
9812,51.25,81.25,81.25,0.0,5,0.15172629254820189
9813,53.75,81.25,81.25,0.0,5,0.13390841053238894
9814,56.25,81.25,81.25,0.0,5,0.11422698777773707
9815,58.75,81.25,81.25,0.0,5,0.11003716021953922
9816,61.25,81.25,81.25,0.0,5,0.1137878594219842
9817,63.75,81.25,81.25,0.0,5,0.11931495142894111
9818,66.25,81.25,81.25,0.0,5,0.12303253056469805
9819,68.75,81.25,81.25,0.0,5,0.12494962155622057
9820,71.25,81.25,81.25,0.0,5,0.12891009507626813
9821,73.75,81.25,81.25,0.0,5,0.12871534764374165
9822,76.25,81.25,81.25,0.0,5,0.12265075155253773
9823,78.75,81.25,81.25,0.0,5,0.11633033711069841
9824,81.25,81.25,81.25,0.0,5,0.11232747333966384
9825,83.75,81.25,81.25,0.0,5,0.11232047356699897
9826,86.25,81.25,81.25,0.0,5,0.1159721581444751
9827,88.75,81.25,81.25,0.0,5,0.11613845206664695
9828,91.25,81.25,81.25,0.0,5,0.11309957250648334
9829,93.75,81.25,81.25,0.0,5,0.10515591767829371
9830,96.25,81.25,81.25,0.0,5,0.09998205831163473
9831,98.75,81.25,81.25,0.0,5,0.09361683478743464
9832,101.25,81.25,81.25,0.0,5,0.08990064720273364
9833,103.75,81.25,81.25,0.0,5,0.08987575169335699
9834,106.25,81.25,81.25,0.0,5,0.09223713074265608
9835,108.75,81.25,81.25,0.0,5,0.09233065693649059
9836,111.25,81.25,81.25,0.0,5,0.08997401445194379
9837,113.75,81.25,81.25,0.0,5,0.08710573672157088
9838,116.25,81.25,81.25,0.0,5,0.08518784279125698
9839,118.75,81.25,81.25,0.0,5,0.0840627289526766
9840,121.25,81.25,81.25,0.0,5,0.08352050667927456
9841,123.75,81.25,81.25,0.0,5,0.08051989841278837
9842,126.25,81.25,81.25,0.0,5,0.07795649716787798
9843,128.75,81.25,81.25,0.0,5,0.07733733953352914
9844,131.25,81.25,81.25,0.0,5,0.07578255855613546
9845,133.75,81.25,81.25,0.0,5,0.0747052729845151
9846,136.25,81.25,81.25,0.0,5,0.07176357174302472
9847,138.75,81.25,81.25,0.0,5,0.0696304001619105
9848,141.25,81.25,81.25,0.0,5,0.06909388132644402
9849,143.75,81.25,81.25,0.0,5,0.06817057784399072
9850,146.25,81.25,81.25,0.0,5,0.06838922822622218
9851,148.75,81.25,81.25,0.0,5,0.06896197944031222
9852,151.25,81.25,81.25,0.0,5,0.07086884321366763
9853,153.75,81.25,81.25,0.0,5,0.07443648993641343
9854,156.25,81.25,81.25,0.0,5,0.07830779857576939
9855,158.75,81.25,81.25,0.0,5,0.08216257482701757
9856,161.25,81.25,81.25,0.0,5,0.08615296223490589
9857,163.75,81.25,81.25,0.0,5,0.08911582904857292
9858,166.25,81.25,81.25,0.0,5,0.08916874431860924
9859,168.75,81.25,81.25,0.0,5,0.08898802507455768
9860,171.25,81.25,81.25,0.0,5,0.08837061353878443
9861,173.75,81.25,81.25,0.0,5,0.08677661410029135
9862,176.25,81.25,81.25,0.0,5,0.08500287748916634
9863,178.75,81.25,81.25,0.0,5,0.08143007306774698
9864,181.25,81.25,81.25,0.0,5,0.07995951984096004
9865,183.75,81.25,81.25,0.0,5,0.07899044391788185
9866,186.25,81.25,81.25,0.0,5,0.07911462416028592
9867,188.75,81.25,81.25,0.0,5,0.07969466968943185
9868,191.25,81.25,81.25,0.0,5,0.07972792264166009
9869,193.75,81.25,81.25,0.0,5,0.08170297237972095
9870,196.25,81.25,81.25,0.0,5,0.08463866531564494
9871,198.75,81.25,81.25,0.0,5,0.0866998083146862
9872,201.25,81.25,81.25,0.0,5,0.0877371595712382
9873,203.75,81.25,81.25,0.0,5,0.0862100695684181
9874,206.25,81.25,81.25,0.0,5,0.08388563228887606
9875,208.75,81.25,81.25,0.0,5,0.08199929157028235
9876,211.25,81.25,81.25,0.0,5,0.0795272999954983
9877,213.75,81.25,81.25,0.0,5,0.07799713413827809
9878,216.25,81.25,81.25,0.0,5,0.076632352406798
9879,218.75,81.25,81.25,0.0,5,0.07680086409684993
9880,221.25,81.25,81.25,0.0,5,0.07539372187625228
9881,223.75,81.25,81.25,0.0,5,0.07539068922749843
9882,226.25,81.25,81.25,0.0,5,0.07449866720146066
9883,228.75,81.25,81.25,0.0,5,0.07280216203346888
9884,231.25,81.25,81.25,0.0,5,0.07225446997317816
9885,233.75,81.25,81.25,0.0,5,0.07044628902640465
9886,236.25,81.25,81.25,0.0,5,0.06636788842703915
9887,238.75,81.25,81.25,0.0,5,0.06048498380787833
9888,241.25,81.25,81.25,0.0,5,0.05579513291957391
9889,243.75,81.25,81.25,0.0,5,0.050307227472201
9890,246.25,81.25,81.25,0.0,5,0.04769145554029666
9891,248.75,81.25,81.25,0.0,5,0.04697393108179754
9892,251.25,81.25,81.25,0.0,5,0.04920377769623329
9893,253.75,81.25,81.25,0.0,5,0.055413278815311856
9894,256.25,81.25,81.25,0.0,5,0.06270959305620513
9895,258.75,81.25,81.25,0.0,5,0.07301774898658414
9896,261.25,81.25,81.25,0.0,5,0.0819604262674769
9897,263.75,81.25,81.25,0.0,5,0.08802441186997598
9898,266.25,81.25,81.25,0.0,5,0.08603807890347484
9899,268.75,81.25,81.25,0.0,5,0.08404349574585883
9900,271.25,81.25,81.25,0.0,5,0.08017425673464627
9901,273.75,81.25,81.25,1.0,0,0.07872232377082941
9902,276.25,81.25,81.25,1.0,0,0.07509844169251857
9903,278.75,81.25,81.25,1.0,0,0.07274160462044016
9904,281.25,81.25,81.25,1.0,0,0.07080598904035806
9905,283.75,81.25,81.25,1.0,0,0.0698252026588113
9906,286.25,81.25,81.25,1.0,0,0.07072834160232107
9907,288.75,81.25,81.25,1.0,0,0.06656525506317378
9908,291.25,81.25,81.25,1.0,0,0.06214892951125819
9909,293.75,81.25,81.25,1.0,0,0.06013780985305856
9910,296.25,81.25,81.25,0.0,5,0.05874556917736152
9911,298.75,81.25,81.25,0.0,5,0.0570423160458652
9912,301.25,81.25,81.25,1.0,0,0.05625360666574915
9913,303.75,81.25,81.25,1.0,0,0.05490586319514835
9914,306.25,81.25,81.25,1.0,0,0.05474976614828902
9915,308.75,81.25,81.25,1.0,0,0.0546755215825402
9916,311.25,81.25,81.25,1.0,0,0.05451267783385927
9917,313.75,81.25,81.25,1.0,0,0.05375126224560459
9918,316.25,81.25,81.25,1.0,0,0.053288125395319436
9919,318.75,81.25,81.25,1.0,0,0.05379108145153024
9920,321.25,81.25,81.25,1.0,0,0.054615556337748596
9921,323.75,81.25,81.25,1.0,0,0.05649043033807773
9922,326.25,81.25,81.25,1.0,0,0.060316066213786816
9923,328.75,81.25,81.25,1.0,0,0.06600635515822656
9924,331.25,81.25,81.25,1.0,0,0.07306073856194395
9925,333.75,81.25,81.25,1.0,0,0.08248422252277551
9926,336.25,81.25,81.25,1.0,0,0.09237911943222743
9927,338.75,81.25,81.25,1.0,0,0.10195188813904445
9928,341.25,81.25,81.25,1.0,0,0.11234703563201909
9929,343.75,81.25,81.25,1.0,0,0.11703407776972112
9930,346.25,81.25,81.25,0.0,5,0.11858924372128235
9931,348.75,81.25,81.25,0.0,5,0.11268191653828082
9932,351.25,81.25,81.25,0.0,5,0.10206405432593443
9933,353.75,81.25,81.25,0.0,5,0.09041464075218734
9934,356.25,81.25,81.25,0.0,5,0.07962360461907006
9935,358.75,81.25,81.25,0.0,5,0.06405455360180412
9936,1.25,83.75,83.75,0.0,5,0.08923251265782632
9937,3.75,83.75,83.75,0.0,5,0.0882541701794849
9938,6.25,83.75,83.75,0.0,5,0.08827515785296841
9939,8.75,83.75,83.75,0.0,5,0.08816118230657427
9940,11.25,83.75,83.75,0.0,5,0.0887145552857732
9941,13.75,83.75,83.75,0.0,5,0.08781534504991982
9942,16.25,83.75,83.75,0.0,5,0.08554697773474951
9943,18.75,83.75,83.75,0.0,5,0.08302134172389579
9944,21.25,83.75,83.75,0.0,5,0.08177319005340858
9945,23.75,83.75,83.75,0.0,5,0.08088831977548405
9946,26.25,83.75,83.75,0.0,5,0.08118562594310516
9947,28.75,83.75,83.75,0.0,5,0.08184573991864064
9948,31.25,83.75,83.75,0.0,5,0.08416934168110701
9949,33.75,83.75,83.75,0.0,5,0.08631614734530092
9950,36.25,83.75,83.75,0.0,5,0.08890898283804774
9951,38.75,83.75,83.75,0.0,5,0.09209981042446211
9952,41.25,83.75,83.75,0.0,5,0.09581055207761084
9953,43.75,83.75,83.75,0.0,5,0.09967168621349029
9954,46.25,83.75,83.75,0.0,5,0.10188030117224552
9955,48.75,83.75,83.75,0.0,5,0.10526754291917949
9956,51.25,83.75,83.75,0.0,5,0.10802730011811765
9957,53.75,83.75,83.75,0.0,5,0.10910655284912757
9958,56.25,83.75,83.75,0.0,5,0.1087174207141085
9959,58.75,83.75,83.75,0.0,5,0.10924297218631926
9960,61.25,83.75,83.75,0.0,5,0.10853715313873295
9961,63.75,83.75,83.75,0.0,5,0.1056338813425661
9962,66.25,83.75,83.75,0.0,5,0.10261055099716264
9963,68.75,83.75,83.75,0.0,5,0.09900443875566575
9964,71.25,83.75,83.75,0.0,5,0.09644649415054274
9965,73.75,83.75,83.75,0.0,5,0.09305845581062062
9966,76.25,83.75,83.75,0.0,5,0.08981537698387172
9967,78.75,83.75,83.75,0.0,5,0.08777082662809223
9968,81.25,83.75,83.75,0.0,5,0.08436472174739758
9969,83.75,83.75,83.75,0.0,5,0.08303570993306046
9970,86.25,83.75,83.75,0.0,5,0.08431400634138603
9971,88.75,83.75,83.75,0.0,5,0.08450025676850012
9972,91.25,83.75,83.75,0.0,5,0.08455984793207848
9973,93.75,83.75,83.75,0.0,5,0.08404275768745664
9974,96.25,83.75,83.75,0.0,5,0.08678367110504409
9975,98.75,83.75,83.75,0.0,5,0.08777424833111554
9976,101.25,83.75,83.75,0.0,5,0.08883559913272648
9977,103.75,83.75,83.75,0.0,5,0.09001415288646322
9978,106.25,83.75,83.75,0.0,5,0.09069082330793306
9979,108.75,83.75,83.75,0.0,5,0.09044657608759163
9980,111.25,83.75,83.75,0.0,5,0.0889820198567955
9981,113.75,83.75,83.75,0.0,5,0.08816664547616343
9982,116.25,83.75,83.75,0.0,5,0.08785567596832057
9983,118.75,83.75,83.75,0.0,5,0.08751107145970118
9984,121.25,83.75,83.75,0.0,5,0.08767577650402957
9985,123.75,83.75,83.75,0.0,5,0.08571613756960458
9986,126.25,83.75,83.75,0.0,5,0.08331601747840015
9987,128.75,83.75,83.75,0.0,5,0.08211376324586518
9988,131.25,83.75,83.75,0.0,5,0.0802269185884885
9989,133.75,83.75,83.75,0.0,5,0.08051181230479704
9990,136.25,83.75,83.75,0.0,5,0.07951075558331613
9991,138.75,83.75,83.75,0.0,5,0.07804173729352233
9992,141.25,83.75,83.75,0.0,5,0.0762115376611075
9993,143.75,83.75,83.75,0.0,5,0.07536284357798415
9994,146.25,83.75,83.75,0.0,5,0.07667891995412239
9995,148.75,83.75,83.75,0.0,5,0.07740702767004011
9996,151.25,83.75,83.75,0.0,5,0.07772708244873208
9997,153.75,83.75,83.75,0.0,5,0.07952894102211923
9998,156.25,83.75,83.75,0.0,5,0.08117014144274691
9999,158.75,83.75,83.75,0.0,5,0.08270622661623053
10000,161.25,83.75,83.75,0.0,5,0.08300562229406969
10001,163.75,83.75,83.75,0.0,5,0.08227025664100002
10002,166.25,83.75,83.75,0.0,5,0.08208016137734168
10003,168.75,83.75,83.75,0.0,5,0.08018840655627474
10004,171.25,83.75,83.75,0.0,5,0.07840083792971116
10005,173.75,83.75,83.75,0.0,5,0.07553478215796301
10006,176.25,83.75,83.75,0.0,5,0.07342218380912457
10007,178.75,83.75,83.75,0.0,5,0.07215395368309513
10008,181.25,83.75,83.75,0.0,5,0.0698633123675247
10009,183.75,83.75,83.75,0.0,5,0.0689041246718863
10010,186.25,83.75,83.75,0.0,5,0.06829372502008067
10011,188.75,83.75,83.75,0.0,5,0.06976128028233897
10012,191.25,83.75,83.75,0.0,5,0.07198369896721567
10013,193.75,83.75,83.75,0.0,5,0.07331180078359345
10014,196.25,83.75,83.75,0.0,5,0.0739245350320035
10015,198.75,83.75,83.75,0.0,5,0.07641172143046213
10016,201.25,83.75,83.75,0.0,5,0.0799120883086673
10017,203.75,83.75,83.75,0.0,5,0.08110274445381281
10018,206.25,83.75,83.75,0.0,5,0.08101012192593574
10019,208.75,83.75,83.75,0.0,5,0.08175398081488115
10020,211.25,83.75,83.75,0.0,5,0.08218843803683025
10021,213.75,83.75,83.75,0.0,5,0.0814544192634496
10022,216.25,83.75,83.75,0.0,5,0.08147663704219645
10023,218.75,83.75,83.75,0.0,5,0.08257477947335702
10024,221.25,83.75,83.75,0.0,5,0.08206610050799834
10025,223.75,83.75,83.75,0.0,5,0.08001063620130486
10026,226.25,83.75,83.75,0.0,5,0.0770758535695587
10027,228.75,83.75,83.75,0.0,5,0.07397739652134547
10028,231.25,83.75,83.75,0.0,5,0.06990099478303916
10029,233.75,83.75,83.75,0.0,5,0.0657914625210981
10030,236.25,83.75,83.75,0.0,5,0.06145795359331198
10031,238.75,83.75,83.75,0.0,5,0.05756473663069998
10032,241.25,83.75,83.75,0.0,5,0.05476264144053016
10033,243.75,83.75,83.75,0.0,5,0.05255336667009632
10034,246.25,83.75,83.75,0.0,5,0.05155425356066631
10035,248.75,83.75,83.75,0.0,5,0.05083498070707992
10036,251.25,83.75,83.75,0.0,5,0.05214210987165352
10037,253.75,83.75,83.75,0.0,5,0.055056767836822014
10038,256.25,83.75,83.75,0.0,5,0.057644141798810354
10039,258.75,83.75,83.75,0.0,5,0.06317876829883265
10040,261.25,83.75,83.75,0.0,5,0.06691270298663107
10041,263.75,83.75,83.75,0.0,5,0.068843186000013
10042,266.25,83.75,83.75,0.0,5,0.07213084918251192
10043,268.75,83.75,83.75,0.0,5,0.07482427477864748
10044,271.25,83.75,83.75,0.0,5,0.07583645349212871
10045,273.75,83.75,83.75,0.0,5,0.07514261299909558
10046,276.25,83.75,83.75,0.0,5,0.0733400570484671
10047,278.75,83.75,83.75,0.0,5,0.07189715861597905
10048,281.25,83.75,83.75,0.0,5,0.06996519241456502
10049,283.75,83.75,83.75,0.0,5,0.06727695023238084
10050,286.25,83.75,83.75,0.0,5,0.06471773199015896
10051,288.75,83.75,83.75,0.0,5,0.06113386456584283
10052,291.25,83.75,83.75,0.0,5,0.06099419872376373
10053,293.75,83.75,83.75,0.0,5,0.06148362342333919
10054,296.25,83.75,83.75,0.0,5,0.0605381103483977
10055,298.75,83.75,83.75,0.0,5,0.057936299224641545
10056,301.25,83.75,83.75,0.0,5,0.05554767368483343
10057,303.75,83.75,83.75,0.0,5,0.055507212194503636
10058,306.25,83.75,83.75,0.0,5,0.05724744866721883
10059,308.75,83.75,83.75,0.0,5,0.0595601745165864
10060,311.25,83.75,83.75,0.0,5,0.06161053681451195
10061,313.75,83.75,83.75,0.0,5,0.06310626350343915
10062,316.25,83.75,83.75,0.0,5,0.06401869970012154
10063,318.75,83.75,83.75,0.0,5,0.06693370797107555
10064,321.25,83.75,83.75,0.0,5,0.06893254365139168
10065,323.75,83.75,83.75,0.0,5,0.07117710367523657
10066,326.25,83.75,83.75,0.0,5,0.0741111962238054
10067,328.75,83.75,83.75,0.0,5,0.07877418105703005
10068,331.25,83.75,83.75,0.0,5,0.08254425638171338
10069,333.75,83.75,83.75,0.0,5,0.08890236804707403
10070,336.25,83.75,83.75,0.0,5,0.09571250684764503
10071,338.75,83.75,83.75,0.0,5,0.10077463222964973
10072,341.25,83.75,83.75,0.0,5,0.10572432175344966
10073,343.75,83.75,83.75,0.0,5,0.10733062060782389
10074,346.25,83.75,83.75,0.0,5,0.1064710538263108
10075,348.75,83.75,83.75,0.0,5,0.10511932247997283
10076,351.25,83.75,83.75,0.0,5,0.1012832464030616
10077,353.75,83.75,83.75,0.0,5,0.09678006766409225
10078,356.25,83.75,83.75,0.0,5,0.09247775874815077
10079,358.75,83.75,83.75,0.0,5,0.09067325744273615
10080,1.25,86.25,86.25,0.0,5,0.10710443191766235
10081,3.75,86.25,86.25,0.0,5,0.10683748975853981
10082,6.25,86.25,86.25,0.0,5,0.10766381673599255
10083,8.75,86.25,86.25,0.0,5,0.10961100643028643
10084,11.25,86.25,86.25,0.0,5,0.11027444701635315
10085,13.75,86.25,86.25,0.0,5,0.11120429758115671
10086,16.25,86.25,86.25,0.0,5,0.11224472420841322
10087,18.75,86.25,86.25,0.0,5,0.11284209537385749
10088,21.25,86.25,86.25,0.0,5,0.11327782031047126
10089,23.75,86.25,86.25,0.0,5,0.11287207159850876
10090,26.25,86.25,86.25,0.0,5,0.11309116953037465
10091,28.75,86.25,86.25,0.0,5,0.11225192805110511
10092,31.25,86.25,86.25,0.0,5,0.11134449493079998
10093,33.75,86.25,86.25,0.0,5,0.11054063876339687
10094,36.25,86.25,86.25,0.0,5,0.11067870067433407
10095,38.75,86.25,86.25,0.0,5,0.11076269397834969
10096,41.25,86.25,86.25,0.0,5,0.10898312912052159
10097,43.75,86.25,86.25,0.0,5,0.10706128969224483
10098,46.25,86.25,86.25,0.0,5,0.10644493159840078
10099,48.75,86.25,86.25,0.0,5,0.1061418695911188
10100,51.25,86.25,86.25,0.0,5,0.1053335157297681
10101,53.75,86.25,86.25,0.0,5,0.10268597774344711
10102,56.25,86.25,86.25,0.0,5,0.09985498724724676
10103,58.75,86.25,86.25,0.0,5,0.09751486746548324
10104,61.25,86.25,86.25,0.0,5,0.09462484452091548
10105,63.75,86.25,86.25,0.0,5,0.09117637294642976
10106,66.25,86.25,86.25,0.0,5,0.08903824283359288
10107,68.75,86.25,86.25,0.0,5,0.08796809386584822
10108,71.25,86.25,86.25,0.0,5,0.08674890244835783
10109,73.75,86.25,86.25,0.0,5,0.08537711089149583
10110,76.25,86.25,86.25,0.0,5,0.08328480236842513
10111,78.75,86.25,86.25,0.0,5,0.08177947266873899
10112,81.25,86.25,86.25,0.0,5,0.07961950855390039
10113,83.75,86.25,86.25,0.0,5,0.0787249035755078
10114,86.25,86.25,86.25,0.0,5,0.07774197924614418
10115,88.75,86.25,86.25,0.0,5,0.07733018152180005
10116,91.25,86.25,86.25,0.0,5,0.07853754413245902
10117,93.75,86.25,86.25,0.0,5,0.07924280921961051
10118,96.25,86.25,86.25,0.0,5,0.07838335465175562
10119,98.75,86.25,86.25,0.0,5,0.0782334467870406
10120,101.25,86.25,86.25,0.0,5,0.07929409628273308
10121,103.75,86.25,86.25,0.0,5,0.07904161328993217
10122,106.25,86.25,86.25,0.0,5,0.07926147937029407
10123,108.75,86.25,86.25,0.0,5,0.08074568738278141
10124,111.25,86.25,86.25,0.0,5,0.08238976941507115
10125,113.75,86.25,86.25,0.0,5,0.08322513372489351
10126,116.25,86.25,86.25,0.0,5,0.08343088427122757
10127,118.75,86.25,86.25,0.0,5,0.0846117038474255
10128,121.25,86.25,86.25,0.0,5,0.08527035367024316
10129,123.75,86.25,86.25,0.0,5,0.0846040503743441
10130,126.25,86.25,86.25,0.0,5,0.08573425344263708
10131,128.75,86.25,86.25,0.0,5,0.0863271359939792
10132,131.25,86.25,86.25,0.0,5,0.08629817364326038
10133,133.75,86.25,86.25,0.0,5,0.08659416747883375
10134,136.25,86.25,86.25,0.0,5,0.08759075044798975
10135,138.75,86.25,86.25,0.0,5,0.08724448148532193
10136,141.25,86.25,86.25,0.0,5,0.08616523484316206
10137,143.75,86.25,86.25,0.0,5,0.08654507730098664
10138,146.25,86.25,86.25,0.0,5,0.08656236213008288
10139,148.75,86.25,86.25,0.0,5,0.08516645366316877
10140,151.25,86.25,86.25,0.0,5,0.08433320939984504
10141,153.75,86.25,86.25,0.0,5,0.08362650529862813
10142,156.25,86.25,86.25,0.0,5,0.08306031232261
10143,158.75,86.25,86.25,0.0,5,0.08180165892114835
10144,161.25,86.25,86.25,0.0,5,0.08018554119794641
10145,163.75,86.25,86.25,0.0,5,0.07942951601638526
10146,166.25,86.25,86.25,0.0,5,0.07912781948120189
10147,168.75,86.25,86.25,0.0,5,0.0786850745711231
10148,171.25,86.25,86.25,0.0,5,0.0791026760686892
10149,173.75,86.25,86.25,0.0,5,0.07830511512159065
10150,176.25,86.25,86.25,0.0,5,0.07771363062559818
10151,178.75,86.25,86.25,0.0,5,0.07756874148934909
10152,181.25,86.25,86.25,0.0,5,0.07702004412374439
10153,183.75,86.25,86.25,0.0,5,0.07678854287095645
10154,186.25,86.25,86.25,0.0,5,0.07615084533716587
10155,188.75,86.25,86.25,0.0,5,0.07672219890683268
10156,191.25,86.25,86.25,0.0,5,0.0776438716342207
10157,193.75,86.25,86.25,0.0,5,0.07732831493036293
10158,196.25,86.25,86.25,0.0,5,0.07780990542225769
10159,198.75,86.25,86.25,0.0,5,0.07904938081171284
10160,201.25,86.25,86.25,0.0,5,0.07954442093503303
10161,203.75,86.25,86.25,0.0,5,0.07983995854382997
10162,206.25,86.25,86.25,0.0,5,0.07929320092629205
10163,208.75,86.25,86.25,0.0,5,0.07957624890893136
10164,211.25,86.25,86.25,0.0,5,0.07992196077556052
10165,213.75,86.25,86.25,0.0,5,0.07875358828464865
10166,216.25,86.25,86.25,0.0,5,0.07786901030972616
10167,218.75,86.25,86.25,0.0,5,0.07813206496973228
10168,221.25,86.25,86.25,0.0,5,0.07867763019952892
10169,223.75,86.25,86.25,0.0,5,0.07792759334576184
10170,226.25,86.25,86.25,0.0,5,0.07656439577132038
10171,228.75,86.25,86.25,0.0,5,0.07525284342118586
10172,231.25,86.25,86.25,0.0,5,0.07281475427535604
10173,233.75,86.25,86.25,0.0,5,0.07055329073921465
10174,236.25,86.25,86.25,0.0,5,0.06787900187665041
10175,238.75,86.25,86.25,0.0,5,0.06611350541681163
10176,241.25,86.25,86.25,0.0,5,0.06420830500311478
10177,243.75,86.25,86.25,0.0,5,0.06276299234158518
10178,246.25,86.25,86.25,0.0,5,0.06161637622285035
10179,248.75,86.25,86.25,0.0,5,0.062216835578438705
10180,251.25,86.25,86.25,0.0,5,0.062270420471537774
10181,253.75,86.25,86.25,0.0,5,0.06203738526213039
10182,256.25,86.25,86.25,0.0,5,0.0627760738686982
10183,258.75,86.25,86.25,0.0,5,0.06466945906757039
10184,261.25,86.25,86.25,0.0,5,0.0657737853255154
10185,263.75,86.25,86.25,0.0,5,0.06562174992191577
10186,266.25,86.25,86.25,0.0,5,0.06640165394248013
10187,268.75,86.25,86.25,0.0,5,0.0667685606825887
10188,271.25,86.25,86.25,0.0,5,0.06658420253599417
10189,273.75,86.25,86.25,0.0,5,0.06645377842136292
10190,276.25,86.25,86.25,0.0,5,0.06762496162250366
10191,278.75,86.25,86.25,0.0,5,0.06778402155837973
10192,281.25,86.25,86.25,0.0,5,0.0683119467540417
10193,283.75,86.25,86.25,0.0,5,0.06737873096596049
10194,286.25,86.25,86.25,0.0,5,0.06687575823321258
10195,288.75,86.25,86.25,0.0,5,0.06596427844772554
10196,291.25,86.25,86.25,0.0,5,0.06508196658297871
10197,293.75,86.25,86.25,0.0,5,0.06463432949439823
10198,296.25,86.25,86.25,0.0,5,0.06469833790344087
10199,298.75,86.25,86.25,0.0,5,0.06513848844544701
10200,301.25,86.25,86.25,0.0,5,0.06457308859324574
10201,303.75,86.25,86.25,0.0,5,0.0644268716440829
10202,306.25,86.25,86.25,0.0,5,0.06494025449290587
10203,308.75,86.25,86.25,0.0,5,0.06492354453994514
10204,311.25,86.25,86.25,0.0,5,0.06497170440339828
10205,313.75,86.25,86.25,0.0,5,0.06433494039877474
10206,316.25,86.25,86.25,0.0,5,0.0653048766509998
10207,318.75,86.25,86.25,0.0,5,0.0676380282152889
10208,321.25,86.25,86.25,0.0,5,0.07005284385888469
10209,323.75,86.25,86.25,0.0,5,0.07182487123665617
10210,326.25,86.25,86.25,0.0,5,0.07363989200599862
10211,328.75,86.25,86.25,0.0,5,0.0764876141968136
10212,331.25,86.25,86.25,0.0,5,0.07907386896166897
10213,333.75,86.25,86.25,0.0,5,0.08247470873863683
10214,336.25,86.25,86.25,0.0,5,0.08525177381186752
10215,338.75,86.25,86.25,0.0,5,0.08851383517683938
10216,341.25,86.25,86.25,0.0,5,0.09102971396661558
10217,343.75,86.25,86.25,0.0,5,0.09441428990500737
10218,346.25,86.25,86.25,0.0,5,0.09724701850702218
10219,348.75,86.25,86.25,0.0,5,0.09922637840371723
10220,351.25,86.25,86.25,0.0,5,0.10079521728650113
10221,353.75,86.25,86.25,0.0,5,0.10229491659132581
10222,356.25,86.25,86.25,0.0,5,0.1041920122901678
10223,358.75,86.25,86.25,0.0,5,0.10665872995453024
10224,1.25,88.75,88.75,0.0,5,0.04820289763018269
10225,3.75,88.75,88.75,0.0,5,0.047947689064230414
10226,6.25,88.75,88.75,0.0,5,0.04810683865743942
10227,8.75,88.75,88.75,0.0,5,0.048498345334702105
10228,11.25,88.75,88.75,0.0,5,0.04890474352906444
10229,13.75,88.75,88.75,0.0,5,0.049834151780246895
10230,16.25,88.75,88.75,0.0,5,0.05031621358868794
10231,18.75,88.75,88.75,0.0,5,0.05073248817210912
10232,21.25,88.75,88.75,0.0,5,0.05091739711135061
10233,23.75,88.75,88.75,0.0,5,0.050610860125709846
10234,26.25,88.75,88.75,0.0,5,0.05110382018397802
10235,28.75,88.75,88.75,0.0,5,0.05173092420374183
10236,31.25,88.75,88.75,0.0,5,0.052031101064754205
10237,33.75,88.75,88.75,0.0,5,0.05221814305301467
10238,36.25,88.75,88.75,0.0,5,0.05236942278757703
10239,38.75,88.75,88.75,0.0,5,0.052742935132463226
10240,41.25,88.75,88.75,0.0,5,0.05263043143386981
10241,43.75,88.75,88.75,0.0,5,0.052373501827718195
10242,46.25,88.75,88.75,0.0,5,0.05238201023204547
10243,48.75,88.75,88.75,0.0,5,0.052424793786827927
10244,51.25,88.75,88.75,0.0,5,0.05272712845028108
10245,53.75,88.75,88.75,0.0,5,0.05310534848694749
10246,56.25,88.75,88.75,0.0,5,0.05343017090395915
10247,58.75,88.75,88.75,0.0,5,0.053522562295664315
10248,61.25,88.75,88.75,0.0,5,0.05356537309648614
10249,63.75,88.75,88.75,0.0,5,0.05372298211746685
10250,66.25,88.75,88.75,0.0,5,0.054332311141451387
10251,68.75,88.75,88.75,0.0,5,0.05473316308676067
10252,71.25,88.75,88.75,0.0,5,0.05537075290152609
10253,73.75,88.75,88.75,0.0,5,0.055956598034794934
10254,76.25,88.75,88.75,0.0,5,0.05631420104347552
10255,78.75,88.75,88.75,0.0,5,0.056732917338890715
10256,81.25,88.75,88.75,0.0,5,0.057324108388416034
10257,83.75,88.75,88.75,0.0,5,0.0579324232417725
10258,86.25,88.75,88.75,0.0,5,0.05769489029942657
10259,88.75,88.75,88.75,0.0,5,0.057706980479949196
10260,91.25,88.75,88.75,0.0,5,0.05823313228351667
10261,93.75,88.75,88.75,0.0,5,0.0584606140874917
10262,96.25,88.75,88.75,0.0,5,0.05848310752739226
10263,98.75,88.75,88.75,0.0,5,0.05853831116097179
10264,101.25,88.75,88.75,0.0,5,0.05845712913876174
10265,103.75,88.75,88.75,0.0,5,0.05849802778159039
10266,106.25,88.75,88.75,0.0,5,0.0594704901495836
10267,108.75,88.75,88.75,0.0,5,0.060244753475857706
10268,111.25,88.75,88.75,0.0,5,0.06097304344837067
10269,113.75,88.75,88.75,0.0,5,0.06184972461799226
10270,116.25,88.75,88.75,0.0,5,0.06262359306374271
10271,118.75,88.75,88.75,0.0,5,0.06347363868072219
10272,121.25,88.75,88.75,0.0,5,0.06398096266074214
10273,123.75,88.75,88.75,0.0,5,0.06507095847375256
10274,126.25,88.75,88.75,0.0,5,0.06585369933999981
10275,128.75,88.75,88.75,0.0,5,0.0665785801430132
10276,131.25,88.75,88.75,0.0,5,0.06764552461015062
10277,133.75,88.75,88.75,0.0,5,0.06871318036369281
10278,136.25,88.75,88.75,0.0,5,0.06959045657548879
10279,138.75,88.75,88.75,0.0,5,0.07012948891514463
10280,141.25,88.75,88.75,0.0,5,0.07063247917763624
10281,143.75,88.75,88.75,0.0,5,0.07067040439647054
10282,146.25,88.75,88.75,0.0,5,0.07078363436715876
10283,148.75,88.75,88.75,0.0,5,0.07026714308583845
10284,151.25,88.75,88.75,0.0,5,0.0699271733495573
10285,153.75,88.75,88.75,0.0,5,0.06985161231092522
10286,156.25,88.75,88.75,0.0,5,0.06996434149268702
10287,158.75,88.75,88.75,0.0,5,0.07000081657395814
10288,161.25,88.75,88.75,0.0,5,0.07011355791644246
10289,163.75,88.75,88.75,0.0,5,0.07036954314803684
10290,166.25,88.75,88.75,0.0,5,0.07008987866720369
10291,168.75,88.75,88.75,0.0,5,0.06988692454155744
10292,171.25,88.75,88.75,0.0,5,0.07044702676465392
10293,173.75,88.75,88.75,0.0,5,0.07084944341469843
10294,176.25,88.75,88.75,0.0,5,0.07075987300485816
10295,178.75,88.75,88.75,0.0,5,0.0706057833876672
10296,181.25,88.75,88.75,0.0,5,0.07025631334352159
10297,183.75,88.75,88.75,0.0,5,0.07006928877007454
10298,186.25,88.75,88.75,0.0,5,0.06994974835780779
10299,188.75,88.75,88.75,0.0,5,0.06979962649007662
10300,191.25,88.75,88.75,0.0,5,0.06983895491885117
10301,193.75,88.75,88.75,0.0,5,0.07017889651202232
10302,196.25,88.75,88.75,0.0,5,0.07088931851548363
10303,198.75,88.75,88.75,0.0,5,0.07145637022735095
10304,201.25,88.75,88.75,0.0,5,0.07202039447803948
10305,203.75,88.75,88.75,0.0,5,0.07232777860174273
10306,206.25,88.75,88.75,0.0,5,0.07241587285893697
10307,208.75,88.75,88.75,0.0,5,0.0730588118404834
10308,211.25,88.75,88.75,0.0,5,0.07375405883668097
10309,213.75,88.75,88.75,0.0,5,0.0742956890680344
10310,216.25,88.75,88.75,0.0,5,0.0745380011928354
10311,218.75,88.75,88.75,0.0,5,0.07461009541659222
10312,221.25,88.75,88.75,0.0,5,0.07467364546680565
10313,223.75,88.75,88.75,0.0,5,0.07443232600034096
10314,226.25,88.75,88.75,0.0,5,0.07428122709787814
10315,228.75,88.75,88.75,0.0,5,0.07429862162718934
10316,231.25,88.75,88.75,0.0,5,0.0741278839751976
10317,233.75,88.75,88.75,0.0,5,0.07396762774358648
10318,236.25,88.75,88.75,0.0,5,0.07369150162309765
10319,238.75,88.75,88.75,0.0,5,0.07311040058104896
10320,241.25,88.75,88.75,0.0,5,0.07241324037595766
10321,243.75,88.75,88.75,0.0,5,0.07180494382693044
10322,246.25,88.75,88.75,0.0,5,0.0711357654984926
10323,248.75,88.75,88.75,0.0,5,0.07088336541692875
10324,251.25,88.75,88.75,0.0,5,0.07018921895295019
10325,253.75,88.75,88.75,0.0,5,0.06944451045410294
10326,256.25,88.75,88.75,0.0,5,0.0686431387536359
10327,258.75,88.75,88.75,0.0,5,0.06798326643405554
10328,261.25,88.75,88.75,0.0,5,0.0674584007756115
10329,263.75,88.75,88.75,0.0,5,0.06668828215161232
10330,266.25,88.75,88.75,0.0,5,0.06619427365485825
10331,268.75,88.75,88.75,0.0,5,0.06568780859999322
10332,271.25,88.75,88.75,0.0,5,0.06514431792516849
10333,273.75,88.75,88.75,0.0,5,0.06484826203461662
10334,276.25,88.75,88.75,0.0,5,0.06422297800169802
10335,278.75,88.75,88.75,0.0,5,0.0630901790054554
10336,281.25,88.75,88.75,0.0,5,0.06206262475979504
10337,283.75,88.75,88.75,0.0,5,0.06070451497518045
10338,286.25,88.75,88.75,0.0,5,0.05967512464711496
10339,288.75,88.75,88.75,0.0,5,0.0584908183879607
10340,291.25,88.75,88.75,0.0,5,0.057813811698751244
10341,293.75,88.75,88.75,0.0,5,0.05748735818425446
10342,296.25,88.75,88.75,0.0,5,0.056511012501723246
10343,298.75,88.75,88.75,0.0,5,0.05523992542289412
10344,301.25,88.75,88.75,0.0,5,0.05450455475572237
10345,303.75,88.75,88.75,0.0,5,0.05440086266547875
10346,306.25,88.75,88.75,0.0,5,0.05404986191631855
10347,308.75,88.75,88.75,0.0,5,0.05364027482812315
10348,311.25,88.75,88.75,0.0,5,0.05246715209783606
10349,313.75,88.75,88.75,0.0,5,0.05120987076811204
10350,316.25,88.75,88.75,0.0,5,0.050245316592423955
10351,318.75,88.75,88.75,0.0,5,0.04944704123357218
10352,321.25,88.75,88.75,0.0,5,0.048755981548504794
10353,323.75,88.75,88.75,0.0,5,0.04825235165573287
10354,326.25,88.75,88.75,0.0,5,0.04788262757835725
10355,328.75,88.75,88.75,0.0,5,0.04749425921129725
10356,331.25,88.75,88.75,0.0,5,0.047422816764631635
10357,333.75,88.75,88.75,0.0,5,0.04764055202041938
10358,336.25,88.75,88.75,0.0,5,0.04773973668097377
10359,338.75,88.75,88.75,0.0,5,0.04817862208579998
10360,341.25,88.75,88.75,0.0,5,0.048206060207330086
10361,343.75,88.75,88.75,0.0,5,0.04800580391647129
10362,346.25,88.75,88.75,0.0,5,0.04804526437320583
10363,348.75,88.75,88.75,0.0,5,0.04812471930056102
10364,351.25,88.75,88.75,0.0,5,0.04801267843188448
10365,353.75,88.75,88.75,0.0,5,0.04786440939216925
10366,356.25,88.75,88.75,0.0,5,0.04791025178128759
10367,358.75,88.75,88.75,0.0,5,0.048161208768422586
