grid_cell_id,lon,lat,lat_abs,land_fraction,ocean_basin,tos_trend_forced
0,163.75,-76.25,76.25,0.0,4,0.09495958986549975
1,166.25,-76.25,76.25,0.0,4,0.10473696847065456
2,168.75,-76.25,76.25,0.0,4,0.10292102543701358
3,171.25,-76.25,76.25,0.0,4,0.1066869951818802
4,173.75,-76.25,76.25,0.0,4,0.0891692699021754
5,176.25,-76.25,76.25,0.0,4,0.0781659217729826
6,178.75,-76.25,76.25,0.0,4,0.07896460210317016
7,181.25,-76.25,76.25,0.0,4,0.07060004127609129
8,183.75,-76.25,76.25,0.0,4,0.05032601042233033
9,186.25,-76.25,76.25,0.0,4,0.05139417238774364
10,188.75,-76.25,76.25,0.0,4,0.0589275740891462
11,191.25,-76.25,76.25,0.0,4,0.06608123699367409
12,193.75,-76.25,76.25,0.0,4,0.07423085969517643
13,196.25,-76.25,76.25,0.0,4,0.0687163393840473
14,198.75,-76.25,76.25,0.0,4,0.05174811787770086
15,201.25,-76.25,76.25,0.0,4,0.04167413607720496
16,203.75,-76.25,76.25,0.0,4,0.04605874840244487
17,206.25,-76.25,76.25,0.0,4,0.05862273388853877
18,208.75,-76.25,76.25,0.0,4,0.06623842193397628
19,211.25,-76.25,76.25,0.0,4,0.06967339127330972
20,213.75,-76.25,76.25,0.0,4,0.07318716655656388
21,303.75,-76.25,76.25,0.0,4,0.024728111232507913
22,306.25,-76.25,76.25,0.0,4,0.017108802326757006
23,308.75,-76.25,76.25,0.0,4,0.011749103238863662
24,311.25,-76.25,76.25,0.0,4,0.01087410053808706
25,313.75,-76.25,76.25,0.0,4,0.01200031104011165
26,316.25,-76.25,76.25,0.0,4,0.01295365271739582
27,318.75,-76.25,76.25,0.0,4,0.015691247533895614
28,321.25,-76.25,76.25,0.0,4,0.020571758315959178
29,323.75,-76.25,76.25,0.0,4,0.0327081629997399
30,326.25,-76.25,76.25,0.0,4,0.04666640269065045
31,328.75,-76.25,76.25,0.0,4,0.05318926353923479
32,331.25,-76.25,76.25,0.0,4,0.05120038363700911
33,166.25,-73.75,73.75,0.0,4,0.006117930182108939
34,168.75,-73.75,73.75,0.0,4,0.005059825563479105
35,171.25,-73.75,73.75,0.0,4,0.011769842754801536
36,173.75,-73.75,73.75,0.0,4,0.022602571083310756
37,176.25,-73.75,73.75,0.0,4,0.020450362312600737
38,178.75,-73.75,73.75,0.0,4,0.0154156388244798
39,181.25,-73.75,73.75,0.0,4,0.013805495722017606
40,183.75,-73.75,73.75,0.0,4,0.012050462386110888
41,186.25,-73.75,73.75,0.0,4,0.01347537977868084
42,188.75,-73.75,73.75,0.0,4,0.02238300511365734
43,191.25,-73.75,73.75,0.0,4,0.03297212679640058
44,193.75,-73.75,73.75,0.0,4,0.03658218543506302
45,196.25,-73.75,73.75,0.0,4,0.038962299991555926
46,198.75,-73.75,73.75,0.0,4,0.04465684628567541
47,201.25,-73.75,73.75,0.0,4,0.04778124257695854
48,203.75,-73.75,73.75,0.0,4,0.047892761932794035
49,206.25,-73.75,73.75,0.0,4,0.04764269966541723
50,208.75,-73.75,73.75,0.0,4,0.04922995585230799
51,211.25,-73.75,73.75,0.0,4,0.05538279224214103
52,213.75,-73.75,73.75,0.0,4,0.06762090951038094
53,216.25,-73.75,73.75,0.0,4,0.08077902160792264
54,218.75,-73.75,73.75,0.0,4,0.09334188691044909
55,221.25,-73.75,73.75,0.0,4,0.10302432776298981
56,223.75,-73.75,73.75,0.0,4,0.11154856577808317
57,226.25,-73.75,73.75,0.0,4,0.10905120600901833
58,228.75,-73.75,73.75,0.0,4,0.10352326612566155
59,231.25,-73.75,73.75,0.0,4,0.09911558138175383
60,233.75,-73.75,73.75,0.0,4,0.09925156233322226
61,236.25,-73.75,73.75,0.0,4,0.1021573492909422
62,238.75,-73.75,73.75,0.0,4,0.07656977274241428
63,241.25,-73.75,73.75,0.0,4,0.07257565056348614
64,243.75,-73.75,73.75,0.0,4,0.0615254855465994
65,246.25,-73.75,73.75,0.0,4,0.0688037133839117
66,248.75,-73.75,73.75,0.0,4,0.07272119663811699
67,251.25,-73.75,73.75,0.0,4,0.09203725832440537
68,253.75,-73.75,73.75,0.0,4,0.04940282315051828
69,256.25,-73.75,73.75,0.0,4,0.024061236574569083
70,298.75,-73.75,73.75,0.0,4,0.014878251592795318
71,301.25,-73.75,73.75,0.0,4,0.01256722820560844
72,303.75,-73.75,73.75,0.0,4,0.009796743529804045
73,306.25,-73.75,73.75,0.0,4,0.008065424592696387
74,308.75,-73.75,73.75,0.0,4,0.01300413919193898
75,311.25,-73.75,73.75,0.0,4,0.026106699738749423
76,313.75,-73.75,73.75,0.0,4,0.04796896972255317
77,316.25,-73.75,73.75,0.0,4,0.061829006102204195
78,318.75,-73.75,73.75,0.0,4,0.0676139110734224
79,321.25,-73.75,73.75,0.0,4,0.07195966416307344
80,323.75,-73.75,73.75,0.0,4,0.06958584095755802
81,326.25,-73.75,73.75,0.0,4,0.06420797132187242
82,328.75,-73.75,73.75,0.0,4,0.059762926774183586
83,331.25,-73.75,73.75,0.0,4,0.0541042618352284
84,333.75,-73.75,73.75,0.0,4,0.04071641493604722
85,336.25,-73.75,73.75,0.0,4,0.020888572754070526
86,338.75,-73.75,73.75,0.0,4,0.005604717628650266
87,168.75,-71.25,71.25,0.0,4,-0.014112648604901834
88,171.25,-71.25,71.25,0.0,4,-0.0022565615062264503
89,173.75,-71.25,71.25,0.0,4,0.007392288485635027
90,176.25,-71.25,71.25,0.0,4,0.0211493667643719
91,178.75,-71.25,71.25,0.0,4,0.022673456245496344
92,181.25,-71.25,71.25,0.0,4,0.012916755250711535
93,183.75,-71.25,71.25,0.0,4,0.0006301761493460394
94,186.25,-71.25,71.25,0.0,4,-0.01826320647129121
95,188.75,-71.25,71.25,0.0,4,-0.02809010173656297
96,191.25,-71.25,71.25,0.0,4,-0.04013645473410571
97,193.75,-71.25,71.25,0.0,4,-0.04529791750279306
98,196.25,-71.25,71.25,0.0,4,-0.053064236879243075
99,198.75,-71.25,71.25,0.0,4,-0.061023750684586084
100,201.25,-71.25,71.25,0.0,4,-0.06718486190580232
101,203.75,-71.25,71.25,0.0,4,-0.06800444902418527
102,206.25,-71.25,71.25,0.0,4,-0.07139504172430473
103,208.75,-71.25,71.25,0.0,4,-0.07603977418318268
104,211.25,-71.25,71.25,0.0,4,-0.0817731978988709
105,213.75,-71.25,71.25,0.0,4,-0.08630190761871487
106,216.25,-71.25,71.25,0.0,4,-0.09097652050981467
107,218.75,-71.25,71.25,0.0,4,-0.09138282899477138
108,221.25,-71.25,71.25,0.0,4,-0.08430866310427079
109,223.75,-71.25,71.25,0.0,4,-0.07123193811345124
110,226.25,-71.25,71.25,0.0,4,-0.04658846967228955
111,228.75,-71.25,71.25,0.0,4,-0.030079698513396712
112,231.25,-71.25,71.25,0.0,4,-0.023789871832041617
113,233.75,-71.25,71.25,0.0,4,-0.02776956075230556
114,236.25,-71.25,71.25,0.0,4,-0.03993556217826922
115,238.75,-71.25,71.25,0.0,4,-0.04940692550468055
116,241.25,-71.25,71.25,0.0,4,-0.04404059108574626
117,243.75,-71.25,71.25,0.0,4,-0.030611823631119323
118,246.25,-71.25,71.25,0.0,4,-0.017996969976001264
119,248.75,-71.25,71.25,0.0,4,-0.0031914471562080595
120,251.25,-71.25,71.25,0.0,4,0.04065510375762258
121,253.75,-71.25,71.25,0.0,4,0.08973205956272462
122,256.25,-71.25,71.25,0.0,4,0.17714132802313473
123,258.75,-71.25,71.25,0.0,4,0.21111114778617723
124,261.25,-71.25,71.25,0.0,4,0.20350213155910882
125,263.75,-71.25,71.25,0.0,4,0.18190716692470557
126,266.25,-71.25,71.25,0.0,4,0.13816660178917253
127,268.75,-71.25,71.25,0.0,4,0.10646387172598139
128,271.25,-71.25,71.25,0.0,4,0.08204728849327926
129,273.75,-71.25,71.25,0.0,4,0.06380833587911218
130,276.25,-71.25,71.25,0.0,4,0.048333108753319795
131,278.75,-71.25,71.25,0.0,4,0.06972511762956085
132,281.25,-71.25,71.25,0.0,4,0.13559008035890127
133,283.75,-71.25,71.25,0.0,4,0.1590057541649357
134,301.25,-71.25,71.25,0.0,4,0.012988412314368996
135,303.75,-71.25,71.25,0.0,4,0.014849090954378058
136,306.25,-71.25,71.25,0.0,4,0.028722439169167342
137,308.75,-71.25,71.25,0.0,4,0.06230745044240491
138,311.25,-71.25,71.25,0.0,4,0.11340222523856501
139,313.75,-71.25,71.25,0.0,4,0.13100694762140627
140,316.25,-71.25,71.25,0.0,4,0.13338056685859975
141,318.75,-71.25,71.25,0.0,4,0.1270493361941513
142,321.25,-71.25,71.25,0.0,4,0.1155310344668848
143,323.75,-71.25,71.25,0.0,4,0.11064098236904836
144,326.25,-71.25,71.25,0.0,4,0.10870097648918585
145,328.75,-71.25,71.25,0.0,4,0.10396215317720156
146,331.25,-71.25,71.25,0.0,4,0.08934887128727381
147,333.75,-71.25,71.25,0.0,4,0.07798280474807794
148,336.25,-71.25,71.25,0.0,4,0.06166729500195036
149,338.75,-71.25,71.25,0.0,4,0.038073361402312794
150,341.25,-71.25,71.25,0.0,4,0.006527782910407847
151,343.75,-71.25,71.25,0.0,4,0.0033887516079004793
152,346.25,-71.25,71.25,0.0,4,0.0150282579889994
153,348.75,-71.25,71.25,0.0,4,0.020846938000272052
154,351.25,-71.25,71.25,0.0,4,0.018329503551054116
155,1.25,-68.75,68.75,0.0,4,-0.0025211572279982167
156,3.75,-68.75,68.75,0.0,4,-0.06465825297971056
157,6.25,-68.75,68.75,0.0,4,-0.06438033601173267
158,8.75,-68.75,68.75,0.0,4,-0.04936256279730443
159,11.25,-68.75,68.75,0.0,4,0.00310616488254001
160,13.75,-68.75,68.75,0.0,4,0.04400251432338417
161,16.25,-68.75,68.75,0.0,4,0.06657321796270527
162,18.75,-68.75,68.75,0.0,4,0.06593613010853339
163,21.25,-68.75,68.75,0.0,4,0.06003595140416437
164,23.75,-68.75,68.75,0.0,4,0.0526751732386928
165,26.25,-68.75,68.75,0.0,4,0.04914188654527317
166,28.75,-68.75,68.75,0.0,4,0.06031056400876607
167,31.25,-68.75,68.75,0.0,4,0.06003652794577115
168,33.75,-68.75,68.75,0.0,4,0.04203205981274495
169,36.25,-68.75,68.75,0.0,4,0.05167717685261179
170,38.75,-68.75,68.75,0.0,4,0.06443891616683915
171,41.25,-68.75,68.75,0.0,4,0.06017431958515592
172,71.25,-68.75,68.75,0.0,4,0.11720142590801974
173,73.75,-68.75,68.75,0.0,4,0.17521394161760265
174,76.25,-68.75,68.75,0.0,4,0.21132337349122027
175,78.75,-68.75,68.75,0.0,0,0.21985683225351163
176,156.25,-68.75,68.75,0.0,4,0.011803443508150454
177,158.75,-68.75,68.75,0.0,4,0.011116072784077408
178,161.25,-68.75,68.75,0.0,4,0.006141149309524967
179,163.75,-68.75,68.75,0.0,4,0.005705143059837033
180,166.25,-68.75,68.75,0.0,4,0.00512406522907219
181,168.75,-68.75,68.75,0.0,4,0.00815061156383009
182,171.25,-68.75,68.75,0.0,4,0.030268504585128978
183,173.75,-68.75,68.75,0.0,4,0.06074918255116027
184,176.25,-68.75,68.75,0.0,4,0.08207067044131586
185,178.75,-68.75,68.75,0.0,4,0.0763508785974476
186,181.25,-68.75,68.75,0.0,4,0.03531948185873824
187,183.75,-68.75,68.75,0.0,4,-0.003410158095540774
188,186.25,-68.75,68.75,0.0,4,-0.04549183964242955
189,188.75,-68.75,68.75,0.0,4,-0.0692690025849869
190,191.25,-68.75,68.75,0.0,4,-0.09137668705146883
191,193.75,-68.75,68.75,0.0,4,-0.10644436004818501
192,196.25,-68.75,68.75,0.0,4,-0.12332737985834685
193,198.75,-68.75,68.75,0.0,4,-0.13267083525028603
194,201.25,-68.75,68.75,0.0,4,-0.14684643113859952
195,203.75,-68.75,68.75,0.0,4,-0.15326932998675666
196,206.25,-68.75,68.75,0.0,4,-0.15368500426159867
197,208.75,-68.75,68.75,0.0,4,-0.14667775249861117
198,211.25,-68.75,68.75,0.0,4,-0.1284148364472738
199,213.75,-68.75,68.75,0.0,4,-0.11585702127344445
200,216.25,-68.75,68.75,0.0,4,-0.10747910764056953
201,218.75,-68.75,68.75,0.0,4,-0.1085783563565052
202,221.25,-68.75,68.75,0.0,4,-0.11661277238916931
203,223.75,-68.75,68.75,0.0,4,-0.12603591407192974
204,226.25,-68.75,68.75,0.0,4,-0.12912360014256513
205,228.75,-68.75,68.75,0.0,4,-0.11523496624778948
206,231.25,-68.75,68.75,0.0,4,-0.08557785392939642
207,233.75,-68.75,68.75,0.0,4,-0.07143520701838252
208,236.25,-68.75,68.75,0.0,4,-0.07282886712564125
209,238.75,-68.75,68.75,0.0,4,-0.08091230319980165
210,241.25,-68.75,68.75,0.0,4,-0.08963869553979738
211,243.75,-68.75,68.75,0.0,4,-0.0974184731982963
212,246.25,-68.75,68.75,0.0,4,-0.0978662156884346
213,248.75,-68.75,68.75,0.0,4,-0.0908405945206552
214,251.25,-68.75,68.75,0.0,4,-0.08081256044690417
215,253.75,-68.75,68.75,0.0,4,-0.07186645359319449
216,256.25,-68.75,68.75,0.0,4,-0.0508835026379475
217,258.75,-68.75,68.75,0.0,4,-0.03390999770291304
218,261.25,-68.75,68.75,0.0,4,-0.014247282094512108
219,263.75,-68.75,68.75,0.0,4,0.0006557134599635743
220,266.25,-68.75,68.75,0.0,4,0.013574946550469905
221,268.75,-68.75,68.75,0.0,4,0.017445593514773167
222,271.25,-68.75,68.75,0.0,4,0.023726690425374213
223,273.75,-68.75,68.75,0.0,4,0.03658722410908896
224,276.25,-68.75,68.75,0.0,4,0.042566498037109615
225,278.75,-68.75,68.75,0.0,4,0.036584814394283335
226,281.25,-68.75,68.75,0.0,4,0.03518113493080576
227,283.75,-68.75,68.75,0.0,4,0.0934208399310387
228,286.25,-68.75,68.75,0.0,4,0.13147443187846694
229,288.75,-68.75,68.75,0.0,4,0.1025841451960915
230,291.25,-68.75,68.75,0.0,4,0.08103386501314648
231,293.75,-68.75,68.75,0.0,4,0.09743891185567276
232,301.25,-68.75,68.75,0.0,4,0.05141320229277326
233,303.75,-68.75,68.75,0.0,4,0.04308180364304402
234,306.25,-68.75,68.75,0.0,4,0.044718714511584975
235,308.75,-68.75,68.75,0.0,4,0.06219404050529865
236,311.25,-68.75,68.75,0.0,4,0.11012863916300565
237,313.75,-68.75,68.75,0.0,4,0.1257845736570981
238,316.25,-68.75,68.75,0.0,4,0.1248759753826346
239,318.75,-68.75,68.75,0.0,4,0.11820161607338273
240,321.25,-68.75,68.75,0.0,4,0.11233518150927774
241,323.75,-68.75,68.75,0.0,4,0.10318197702838897
242,326.25,-68.75,68.75,0.0,4,0.08350071569307951
243,328.75,-68.75,68.75,0.0,4,0.06073214499425232
244,331.25,-68.75,68.75,0.0,4,0.015596553108630506
245,333.75,-68.75,68.75,0.0,4,-0.021639454193827526
246,336.25,-68.75,68.75,0.0,4,-0.06017589863804099
247,338.75,-68.75,68.75,0.0,4,-0.07944002808155767
248,341.25,-68.75,68.75,0.0,4,-0.09901774212370595
249,343.75,-68.75,68.75,0.0,4,-0.12302846671949755
250,346.25,-68.75,68.75,0.0,4,-0.15195261884421174
251,348.75,-68.75,68.75,0.0,4,-0.13474151516561222
252,351.25,-68.75,68.75,0.0,4,-0.07529075943654166
253,353.75,-68.75,68.75,0.0,4,-0.03974319350010526
254,356.25,-68.75,68.75,0.0,4,0.007377838477314876
255,358.75,-68.75,68.75,0.0,4,0.027794917360015953
256,1.25,-66.25,66.25,0.0,4,-0.24213824260588462
257,3.75,-66.25,66.25,0.0,4,-0.2338491824587326
258,6.25,-66.25,66.25,0.0,4,-0.19239298962279822
259,8.75,-66.25,66.25,0.0,4,-0.1578032241570996
260,11.25,-66.25,66.25,0.0,4,-0.1282316605243429
261,13.75,-66.25,66.25,0.0,4,-0.11512317308169219
262,16.25,-66.25,66.25,0.0,4,-0.09964743921723186
263,18.75,-66.25,66.25,0.0,4,-0.08842656926135449
264,21.25,-66.25,66.25,0.0,4,-0.08481245913973728
265,23.75,-66.25,66.25,0.0,4,-0.0829634350299452
266,26.25,-66.25,66.25,0.0,4,-0.08001907990512842
267,28.75,-66.25,66.25,0.0,4,-0.08123830278272963
268,31.25,-66.25,66.25,0.0,4,-0.07352419487538578
269,33.75,-66.25,66.25,0.0,4,-0.0500721841207789
270,36.25,-66.25,66.25,0.0,4,-0.0281027273829936
271,38.75,-66.25,66.25,0.0,4,-0.029462992381133132
272,41.25,-66.25,66.25,0.0,4,-0.029580397770638367
273,43.75,-66.25,66.25,0.0,4,-0.02082358143202645
274,46.25,-66.25,66.25,0.0,4,0.016478524607466006
275,48.75,-66.25,66.25,0.0,4,0.041757867198522536
276,51.25,-66.25,66.25,0.0,4,0.054369198876904314
277,56.25,-66.25,66.25,0.0,4,0.05268808382233262
278,58.75,-66.25,66.25,0.0,4,0.05632060228267847
279,61.25,-66.25,66.25,0.0,4,0.017696741118369778
280,63.75,-66.25,66.25,0.0,4,0.014025473110634777
281,66.25,-66.25,66.25,0.0,4,0.005265923885722411
282,68.75,-66.25,66.25,0.0,4,-0.011847848620929741
283,71.25,-66.25,66.25,0.0,4,-0.056735889279028805
284,73.75,-66.25,66.25,0.0,4,-0.12812408369309142
285,76.25,-66.25,66.25,0.0,4,-0.13717161938897704
286,78.75,-66.25,66.25,0.0,4,0.00808855459085399
287,81.25,-66.25,66.25,0.0,4,0.14451485049031876
288,83.75,-66.25,66.25,0.0,4,0.10413361444035915
289,86.25,-66.25,66.25,0.0,4,0.15496711113404532
290,88.75,-66.25,66.25,0.0,4,0.11226136787071317
291,91.25,-66.25,66.25,0.0,4,0.16473782994667455
292,93.75,-66.25,66.25,0.0,4,0.14626552302435705
293,106.25,-66.25,66.25,0.0,4,0.10326546683569124
294,108.75,-66.25,66.25,0.0,4,0.09938317327586721
295,111.25,-66.25,66.25,0.0,4,0.08468417542023632
296,113.75,-66.25,66.25,0.0,4,0.044872735908964824
297,116.25,-66.25,66.25,0.0,4,0.06678878648452047
298,118.75,-66.25,66.25,0.0,4,0.08606580891211575
299,121.25,-66.25,66.25,0.0,4,0.07369980463486027
300,123.75,-66.25,66.25,0.0,4,0.03908706196331147
301,126.25,-66.25,66.25,0.0,4,0.023102296747583902
302,128.75,-66.25,66.25,0.0,4,0.017691080732653623
303,136.25,-66.25,66.25,0.0,4,0.05778565297284271
304,138.75,-66.25,66.25,0.0,4,0.05373612284904545
305,141.25,-66.25,66.25,0.0,4,0.03667610014094519
306,143.75,-66.25,66.25,0.0,4,0.038511870363187095
307,146.25,-66.25,66.25,0.0,4,0.026429435598061372
308,148.75,-66.25,66.25,0.0,4,0.0053942370674590085
309,151.25,-66.25,66.25,0.0,4,-8.163877356508233e-05
310,153.75,-66.25,66.25,0.0,4,0.007126438211722749
311,156.25,-66.25,66.25,0.0,4,0.014315345978564332
312,158.75,-66.25,66.25,0.0,4,0.01267613571998792
313,161.25,-66.25,66.25,0.0,4,0.0031114895963228013
314,163.75,-66.25,66.25,0.0,4,0.005648513323849755
315,166.25,-66.25,66.25,0.0,4,0.008248613168325657
316,168.75,-66.25,66.25,0.0,4,0.0009871779178262765
317,171.25,-66.25,66.25,0.0,4,-0.0020673079315609104
318,173.75,-66.25,66.25,0.0,4,-0.003776226695637165
319,176.25,-66.25,66.25,0.0,4,-0.0184655907082353
320,178.75,-66.25,66.25,0.0,4,-0.03711293721308064
321,181.25,-66.25,66.25,0.0,4,-0.04672174062192432
322,183.75,-66.25,66.25,0.0,4,-0.047916081178731626
323,186.25,-66.25,66.25,0.0,4,-0.05781170325925538
324,188.75,-66.25,66.25,0.0,4,-0.06902391658629514
325,191.25,-66.25,66.25,0.0,4,-0.08283440950843542
326,193.75,-66.25,66.25,0.0,4,-0.0932576709762731
327,196.25,-66.25,66.25,0.0,4,-0.10795624460272149
328,198.75,-66.25,66.25,0.0,4,-0.11989433407498416
329,201.25,-66.25,66.25,0.0,4,-0.13758677709948514
330,203.75,-66.25,66.25,0.0,4,-0.15066424191121935
331,206.25,-66.25,66.25,0.0,4,-0.15606290012457447
332,208.75,-66.25,66.25,0.0,4,-0.1509419824929068
333,211.25,-66.25,66.25,0.0,4,-0.15252487876672366
334,213.75,-66.25,66.25,0.0,4,-0.155626249491519
335,216.25,-66.25,66.25,0.0,4,-0.13922092627118457
336,218.75,-66.25,66.25,0.0,4,-0.12299515837782178
337,221.25,-66.25,66.25,0.0,4,-0.11934572724130457
338,223.75,-66.25,66.25,0.0,4,-0.12936547072514668
339,226.25,-66.25,66.25,0.0,4,-0.15131503697325835
340,228.75,-66.25,66.25,0.0,4,-0.1522355725619264
341,231.25,-66.25,66.25,0.0,4,-0.12385560043402748
342,233.75,-66.25,66.25,0.0,4,-0.10068809158525399
343,236.25,-66.25,66.25,0.0,4,-0.08332847095932416
344,238.75,-66.25,66.25,0.0,4,-0.07968325316851366
345,241.25,-66.25,66.25,0.0,4,-0.07302001823683595
346,243.75,-66.25,66.25,0.0,4,-0.0672405874299815
347,246.25,-66.25,66.25,0.0,4,-0.061313481225686396
348,248.75,-66.25,66.25,0.0,4,-0.0514216939762261
349,251.25,-66.25,66.25,0.0,4,-0.03628884213845699
350,253.75,-66.25,66.25,0.0,4,-0.024185888855079406
351,256.25,-66.25,66.25,0.0,4,-0.0062474978459134195
352,258.75,-66.25,66.25,0.0,4,0.008046531482434725
353,261.25,-66.25,66.25,0.0,4,0.035371579138155945
354,263.75,-66.25,66.25,0.0,4,0.06234703763247375
355,266.25,-66.25,66.25,0.0,4,0.08889656456858272
356,268.75,-66.25,66.25,0.0,4,0.07927333263175984
357,271.25,-66.25,66.25,0.0,4,0.06939937765019154
358,273.75,-66.25,66.25,0.0,4,0.07633536955975928
359,276.25,-66.25,66.25,0.0,4,0.08012755090212753
360,278.75,-66.25,66.25,0.0,4,0.08695712232054681
361,281.25,-66.25,66.25,0.0,4,0.10245261757188333
362,283.75,-66.25,66.25,0.0,4,0.11671201285321375
363,286.25,-66.25,66.25,0.0,4,0.1283946103548722
364,288.75,-66.25,66.25,0.0,4,0.12614040575562438
365,291.25,-66.25,66.25,0.0,4,0.12291106210773549
366,293.75,-66.25,66.25,0.0,4,0.11967214622803184
367,301.25,-66.25,66.25,0.0,4,0.26183345234818023
368,303.75,-66.25,66.25,0.0,4,0.17636737154590837
369,306.25,-66.25,66.25,0.0,4,0.10197510966203868
370,308.75,-66.25,66.25,0.0,4,0.07249625415504996
371,311.25,-66.25,66.25,0.0,4,0.10452918106001952
372,313.75,-66.25,66.25,0.0,4,0.12635705534844652
373,316.25,-66.25,66.25,0.0,4,0.11604392189822577
374,318.75,-66.25,66.25,0.0,4,0.10153041376302062
375,321.25,-66.25,66.25,0.0,4,0.08350865466817264
376,323.75,-66.25,66.25,0.0,4,0.07138575932982692
377,326.25,-66.25,66.25,0.0,4,0.0629750669804947
378,328.75,-66.25,66.25,0.0,4,0.05692487105080169
379,331.25,-66.25,66.25,0.0,4,0.03524571403222027
380,333.75,-66.25,66.25,0.0,4,0.008234411869947809
381,336.25,-66.25,66.25,0.0,4,-0.04279676818216181
382,338.75,-66.25,66.25,0.0,4,-0.08971180576280272
383,341.25,-66.25,66.25,0.0,4,-0.1353708282048537
384,343.75,-66.25,66.25,0.0,4,-0.15097833631622995
385,346.25,-66.25,66.25,0.0,4,-0.1570656858281358
386,348.75,-66.25,66.25,0.0,4,-0.16696657596674214
387,351.25,-66.25,66.25,0.0,4,-0.19202083685518037
388,353.75,-66.25,66.25,0.0,4,-0.21131944686679519
389,356.25,-66.25,66.25,0.0,4,-0.234186369319683
390,358.75,-66.25,66.25,0.0,4,-0.24094847200602215
391,1.25,-63.75,63.75,0.0,4,-0.38671003539376025
392,3.75,-63.75,63.75,0.0,4,-0.4112429398519967
393,6.25,-63.75,63.75,0.0,4,-0.3673902484289132
394,8.75,-63.75,63.75,0.0,4,-0.3111256120886132
395,11.25,-63.75,63.75,0.0,4,-0.24496674541635402
396,13.75,-63.75,63.75,0.0,4,-0.20634832478738716
397,16.25,-63.75,63.75,0.0,4,-0.1816894486647441
398,18.75,-63.75,63.75,0.0,4,-0.17357354958818985
399,21.25,-63.75,63.75,0.0,4,-0.15988698681775382
400,23.75,-63.75,63.75,0.0,4,-0.1461771884262434
401,26.25,-63.75,63.75,0.0,4,-0.1280788769317582
402,28.75,-63.75,63.75,0.0,4,-0.12321287310396327
403,31.25,-63.75,63.75,0.0,4,-0.12348833959132662
404,33.75,-63.75,63.75,0.0,4,-0.11572036163623854
405,36.25,-63.75,63.75,0.0,4,-0.09220843412788264
406,38.75,-63.75,63.75,0.0,4,-0.07107275909143651
407,41.25,-63.75,63.75,0.0,4,-0.05323687960174238
408,43.75,-63.75,63.75,0.0,4,-0.05598047015601303
409,46.25,-63.75,63.75,0.0,4,-0.06067010446440052
410,48.75,-63.75,63.75,0.0,4,-0.06032868903753364
411,51.25,-63.75,63.75,0.0,4,-0.0863010320739666
412,53.75,-63.75,63.75,0.0,4,-0.109700836557248
413,56.25,-63.75,63.75,0.0,4,-0.10842925544621504
414,58.75,-63.75,63.75,0.0,4,-0.10243619741121203
415,61.25,-63.75,63.75,0.0,4,-0.14081928112138115
416,63.75,-63.75,63.75,0.0,4,-0.1907018002917879
417,66.25,-63.75,63.75,0.0,4,-0.22841328351504608
418,68.75,-63.75,63.75,0.0,4,-0.2478743919152438
419,71.25,-63.75,63.75,0.0,4,-0.2765490370697721
420,73.75,-63.75,63.75,0.0,4,-0.3037977759991252
421,76.25,-63.75,63.75,0.0,4,-0.290100366123838
422,78.75,-63.75,63.75,0.0,4,-0.20867912859815707
423,81.25,-63.75,63.75,0.0,4,-0.1302145521255391
424,83.75,-63.75,63.75,0.0,4,0.008095433852529909
425,86.25,-63.75,63.75,0.0,4,0.18018613652207238
426,88.75,-63.75,63.75,0.0,4,0.09848483963099092
427,91.25,-63.75,63.75,0.0,4,0.046806911377428886
428,93.75,-63.75,63.75,0.0,4,0.01840068709770329
429,96.25,-63.75,63.75,0.0,4,-0.02549549968089621
430,98.75,-63.75,63.75,0.0,4,-0.03288245890182336
431,101.25,-63.75,63.75,0.0,4,-0.000921710625783144
432,103.75,-63.75,63.75,0.0,4,0.08362710750444194
433,106.25,-63.75,63.75,0.0,4,0.1983887208223039
434,108.75,-63.75,63.75,0.0,4,0.20860193078784103
435,111.25,-63.75,63.75,0.0,4,0.20692873860070252
436,113.75,-63.75,63.75,0.0,4,0.2073277339228436
437,116.25,-63.75,63.75,0.0,4,0.19866471396534865
438,118.75,-63.75,63.75,0.0,4,0.2111636685198698
439,121.25,-63.75,63.75,0.0,4,0.24661778926023822
440,123.75,-63.75,63.75,0.0,4,0.26799041684611136
441,126.25,-63.75,63.75,0.0,4,0.26748146201439515
442,128.75,-63.75,63.75,0.0,4,0.21967250818548612
443,131.25,-63.75,63.75,0.0,4,0.08642517695588844
444,133.75,-63.75,63.75,0.0,4,-0.05526812060336107
445,136.25,-63.75,63.75,0.0,4,-0.19283658966935316
446,138.75,-63.75,63.75,0.0,4,-0.2084024883328635
447,141.25,-63.75,63.75,0.0,4,-0.1317813146119687
448,143.75,-63.75,63.75,0.0,4,-0.12333752451259825
449,146.25,-63.75,63.75,0.0,4,-0.1506766032450126
450,148.75,-63.75,63.75,0.0,4,-0.16138266731576664
451,151.25,-63.75,63.75,0.0,4,-0.154023709997146
452,153.75,-63.75,63.75,0.0,4,-0.06180521305210565
453,156.25,-63.75,63.75,0.0,4,0.07977295581222066
454,158.75,-63.75,63.75,0.0,4,0.06687122881516087
455,161.25,-63.75,63.75,0.0,4,-0.02376149766932464
456,163.75,-63.75,63.75,0.0,4,-0.0585241613470589
457,166.25,-63.75,63.75,0.0,4,-0.052903823159161416
458,168.75,-63.75,63.75,0.0,4,-0.05050345024825838
459,171.25,-63.75,63.75,0.0,4,-0.05240675261290191
460,173.75,-63.75,63.75,0.0,4,-0.057708611853927914
461,176.25,-63.75,63.75,0.0,4,-0.05688999427345151
462,178.75,-63.75,63.75,0.0,4,-0.04126434141597953
463,181.25,-63.75,63.75,0.0,4,-0.007637074175354654
464,183.75,-63.75,63.75,0.0,4,-0.003962408249821297
465,186.25,-63.75,63.75,0.0,4,-0.028020737604956717
466,188.75,-63.75,63.75,0.0,4,-0.03756209590137489
467,191.25,-63.75,63.75,0.0,4,-0.03948103202206373
468,193.75,-63.75,63.75,0.0,4,-0.043538114347730965
469,196.25,-63.75,63.75,0.0,4,-0.04564706219779727
470,198.75,-63.75,63.75,0.0,4,-0.031315195959550346
471,201.25,-63.75,63.75,0.0,4,-0.01727513312788053
472,203.75,-63.75,63.75,0.0,4,-0.03751292414286395
473,206.25,-63.75,63.75,0.0,4,-0.07209475329065389
474,208.75,-63.75,63.75,0.0,4,-0.0876048821845443
475,211.25,-63.75,63.75,0.0,4,-0.10354860701253173
476,213.75,-63.75,63.75,0.0,4,-0.1056491185337422
477,216.25,-63.75,63.75,0.0,4,-0.09640492068576086
478,218.75,-63.75,63.75,0.0,4,-0.1007993390375398
479,221.25,-63.75,63.75,0.0,4,-0.1057077940486811
480,223.75,-63.75,63.75,0.0,4,-0.12420943896908622
481,226.25,-63.75,63.75,0.0,4,-0.15466083043409762
482,228.75,-63.75,63.75,0.0,4,-0.1611275377925735
483,231.25,-63.75,63.75,0.0,4,-0.15644387566912257
484,233.75,-63.75,63.75,0.0,4,-0.1456534255107278
485,236.25,-63.75,63.75,0.0,4,-0.11764744851344036
486,238.75,-63.75,63.75,0.0,4,-0.08753127371525193
487,241.25,-63.75,63.75,0.0,4,-0.046669745489910465
488,243.75,-63.75,63.75,0.0,4,-0.030178247091680432
489,246.25,-63.75,63.75,0.0,4,-0.030612890434648602
490,248.75,-63.75,63.75,0.0,4,-0.026065006412679795
491,251.25,-63.75,63.75,0.0,4,-0.0031876901714713063
492,253.75,-63.75,63.75,0.0,4,0.019024328626006896
493,256.25,-63.75,63.75,0.0,4,0.04044741004239049
494,258.75,-63.75,63.75,0.0,4,0.05158326092734243
495,261.25,-63.75,63.75,0.0,4,0.06926115709307211
496,263.75,-63.75,63.75,0.0,4,0.08983834544266572
497,266.25,-63.75,63.75,0.0,4,0.11409205668093081
498,268.75,-63.75,63.75,0.0,4,0.121905173114459
499,271.25,-63.75,63.75,0.0,4,0.12270184449243991
500,273.75,-63.75,63.75,0.0,4,0.12575709009739783
501,276.25,-63.75,63.75,0.0,4,0.14041850215998755
502,278.75,-63.75,63.75,0.0,4,0.1538975890929447
503,281.25,-63.75,63.75,0.0,4,0.1661935713906431
504,283.75,-63.75,63.75,0.0,4,0.17234090190315968
505,286.25,-63.75,63.75,0.0,4,0.17143533079415874
506,288.75,-63.75,63.75,0.0,4,0.1720538512470979
507,291.25,-63.75,63.75,0.0,4,0.17762217801363825
508,293.75,-63.75,63.75,0.0,4,0.1889766473187495
509,296.25,-63.75,63.75,0.0,4,0.09369870062447683
510,298.75,-63.75,63.75,0.0,4,0.02729812218595198
511,301.25,-63.75,63.75,0.0,4,0.07565139734231131
512,303.75,-63.75,63.75,0.0,4,0.25627959009055135
513,306.25,-63.75,63.75,0.0,4,0.20320091495927586
514,308.75,-63.75,63.75,0.0,4,0.12857772325023006
515,311.25,-63.75,63.75,0.0,4,0.0459823121279646
516,313.75,-63.75,63.75,0.0,4,0.018815523605509456
517,316.25,-63.75,63.75,0.0,4,0.028043442734060564
518,318.75,-63.75,63.75,0.0,4,0.035245103342831555
519,321.25,-63.75,63.75,0.0,4,0.02838672920207023
520,323.75,-63.75,63.75,0.0,4,0.016799506503341614
521,326.25,-63.75,63.75,0.0,4,-0.00970656090675638
522,328.75,-63.75,63.75,0.0,4,-0.012274918519303988
523,331.25,-63.75,63.75,0.0,4,-0.016423737230354975
524,333.75,-63.75,63.75,0.0,4,-0.008187800813618435
525,336.25,-63.75,63.75,0.0,4,-0.006021648327746529
526,338.75,-63.75,63.75,0.0,4,-0.025399648233427087
527,341.25,-63.75,63.75,0.0,4,-0.07409955829024199
528,343.75,-63.75,63.75,0.0,4,-0.11217960298879077
529,346.25,-63.75,63.75,0.0,4,-0.1545372687329326
530,348.75,-63.75,63.75,0.0,4,-0.18330640883715305
531,351.25,-63.75,63.75,0.0,4,-0.220581123517258
532,353.75,-63.75,63.75,0.0,4,-0.2472646350316419
533,356.25,-63.75,63.75,0.0,4,-0.27952257573676226
534,358.75,-63.75,63.75,0.0,4,-0.3190218835781066
535,1.25,-61.25,61.25,0.0,4,-0.3273280250848426
536,3.75,-61.25,61.25,0.0,4,-0.37783544427999094
537,6.25,-61.25,61.25,0.0,4,-0.39127398827743
538,8.75,-61.25,61.25,0.0,4,-0.3792164713247389
539,11.25,-61.25,61.25,0.0,4,-0.34288773520041743
540,13.75,-61.25,61.25,0.0,4,-0.31565268523137435
541,16.25,-61.25,61.25,0.0,4,-0.2758833122652868
542,18.75,-61.25,61.25,0.0,4,-0.24391092395815686
543,21.25,-61.25,61.25,0.0,4,-0.2170056882983802
544,23.75,-61.25,61.25,0.0,4,-0.20531569739754418
545,26.25,-61.25,61.25,0.0,4,-0.19327339269452296
546,28.75,-61.25,61.25,0.0,4,-0.1799469931168419
547,31.25,-61.25,61.25,0.0,4,-0.16140670644567018
548,33.75,-61.25,61.25,0.0,4,-0.15413548384197828
549,36.25,-61.25,61.25,0.0,4,-0.14543044215855772
550,38.75,-61.25,61.25,0.0,4,-0.13071057226726956
551,41.25,-61.25,61.25,0.0,4,-0.11411288586002162
552,43.75,-61.25,61.25,0.0,4,-0.10959753033392386
553,46.25,-61.25,61.25,0.0,4,-0.10920169463066867
554,48.75,-61.25,61.25,0.0,4,-0.10474746078564232
555,51.25,-61.25,61.25,0.0,4,-0.06949542191642391
556,53.75,-61.25,61.25,0.0,4,-0.022012611504370613
557,56.25,-61.25,61.25,0.0,4,0.03681128705112468
558,58.75,-61.25,61.25,0.0,4,0.049126548649284514
559,61.25,-61.25,61.25,0.0,4,0.011508661817778227
560,63.75,-61.25,61.25,0.0,4,-0.03744259487677186
561,66.25,-61.25,61.25,0.0,4,-0.07797030640329498
562,68.75,-61.25,61.25,0.0,4,-0.08662490561861008
563,71.25,-61.25,61.25,0.0,4,-0.14570651550173838
564,73.75,-61.25,61.25,0.0,4,-0.25358269410485285
565,76.25,-61.25,61.25,0.0,4,-0.16461268384212777
566,78.75,-61.25,61.25,0.0,4,-0.0758552548414197
567,81.25,-61.25,61.25,0.0,4,-0.039511362704100605
568,83.75,-61.25,61.25,0.0,4,0.013873240349995337
569,86.25,-61.25,61.25,0.0,4,0.08096891442220007
570,88.75,-61.25,61.25,0.0,4,0.04961391076505252
571,91.25,-61.25,61.25,0.0,4,0.059624120139277675
572,93.75,-61.25,61.25,0.0,4,0.09020845047512821
573,96.25,-61.25,61.25,0.0,4,0.1602998444461543
574,98.75,-61.25,61.25,0.0,4,0.21739486824365817
575,101.25,-61.25,61.25,0.0,4,0.2564651648579787
576,103.75,-61.25,61.25,0.0,4,0.25499023562562245
577,106.25,-61.25,61.25,0.0,4,0.21487009969800178
578,108.75,-61.25,61.25,0.0,4,0.183612353407208
579,111.25,-61.25,61.25,0.0,4,0.13944021229578313
580,113.75,-61.25,61.25,0.0,4,0.11310606396799114
581,116.25,-61.25,61.25,0.0,4,0.08992911679273453
582,118.75,-61.25,61.25,0.0,4,0.07985382087158772
583,121.25,-61.25,61.25,0.0,4,0.07053967342046481
584,123.75,-61.25,61.25,0.0,4,0.06841174854185599
585,126.25,-61.25,61.25,0.0,4,0.07749898715024761
586,128.75,-61.25,61.25,0.0,4,0.08548736288313391
587,131.25,-61.25,61.25,0.0,4,0.09340030819272455
588,133.75,-61.25,61.25,0.0,4,0.10461528772869652
589,136.25,-61.25,61.25,0.0,4,0.12446813859831642
590,138.75,-61.25,61.25,0.0,4,0.1259329734322489
591,141.25,-61.25,61.25,0.0,4,0.12030324183181645
592,143.75,-61.25,61.25,0.0,4,0.12572469391682964
593,146.25,-61.25,61.25,0.0,4,0.14353817623737028
594,148.75,-61.25,61.25,0.0,4,0.12777032738009822
595,151.25,-61.25,61.25,0.0,4,0.0835562911844556
596,153.75,-61.25,61.25,0.0,4,0.12277086912375534
597,156.25,-61.25,61.25,0.0,4,0.1895246894147326
598,158.75,-61.25,61.25,0.0,4,0.15519150979483262
599,161.25,-61.25,61.25,0.0,4,0.11698893114796816
600,163.75,-61.25,61.25,0.0,4,0.09772481424837896
601,166.25,-61.25,61.25,0.0,4,0.07885519942796251
602,168.75,-61.25,61.25,0.0,4,0.11776563754718822
603,171.25,-61.25,61.25,0.0,4,0.17717101963898196
604,173.75,-61.25,61.25,0.0,4,0.20368065897719648
605,176.25,-61.25,61.25,0.0,4,0.23802957308529715
606,178.75,-61.25,61.25,0.0,4,0.24469878248098348
607,181.25,-61.25,61.25,0.0,4,0.2274400158687771
608,183.75,-61.25,61.25,0.0,4,0.19211927905209666
609,186.25,-61.25,61.25,0.0,4,0.17216891802793408
610,188.75,-61.25,61.25,0.0,4,0.1705976431967589
611,191.25,-61.25,61.25,0.0,4,0.16048067530851667
612,193.75,-61.25,61.25,0.0,4,0.16502631599960085
613,196.25,-61.25,61.25,0.0,4,0.10561433994550024
614,198.75,-61.25,61.25,0.0,4,0.04922271693598459
615,201.25,-61.25,61.25,0.0,4,-0.000715134436486531
616,203.75,-61.25,61.25,0.0,4,-0.01746804761414814
617,206.25,-61.25,61.25,0.0,4,-0.058463063209422655
618,208.75,-61.25,61.25,0.0,4,-0.07532726474026748
619,211.25,-61.25,61.25,0.0,4,-0.07029408412017538
620,213.75,-61.25,61.25,0.0,4,-0.0727586718641206
621,216.25,-61.25,61.25,0.0,4,-0.06996832698822193
622,218.75,-61.25,61.25,0.0,4,-0.020079780990498862
623,221.25,-61.25,61.25,0.0,4,0.032215757004071796
624,223.75,-61.25,61.25,0.0,4,0.06318838756736864
625,226.25,-61.25,61.25,0.0,4,0.07170494474382322
626,228.75,-61.25,61.25,0.0,4,0.0482180459932506
627,231.25,-61.25,61.25,0.0,4,0.02430205216937543
628,233.75,-61.25,61.25,0.0,4,-0.004583990426037156
629,236.25,-61.25,61.25,0.0,4,-0.04070174005021389
630,238.75,-61.25,61.25,0.0,4,-0.046645734606841294
631,241.25,-61.25,61.25,0.0,4,-0.03273338513501688
632,243.75,-61.25,61.25,0.0,4,-0.024330649794638035
633,246.25,-61.25,61.25,0.0,4,-0.02078799630708675
634,248.75,-61.25,61.25,0.0,4,-0.011520451633939931
635,251.25,-61.25,61.25,0.0,4,0.018667751801446107
636,253.75,-61.25,61.25,0.0,4,0.045351735818940205
637,256.25,-61.25,61.25,0.0,4,0.06463229609859954
638,258.75,-61.25,61.25,0.0,4,0.06799176348596032
639,261.25,-61.25,61.25,0.0,4,0.07297327369410843
640,263.75,-61.25,61.25,0.0,4,0.07956566775389613
641,266.25,-61.25,61.25,0.0,4,0.08915708021766452
642,268.75,-61.25,61.25,0.0,4,0.09575504504148136
643,271.25,-61.25,61.25,0.0,4,0.10211434375503194
644,273.75,-61.25,61.25,0.0,4,0.10422328093478396
645,276.25,-61.25,61.25,0.0,4,0.10302536458979646
646,278.75,-61.25,61.25,0.0,4,0.10352859411203011
647,281.25,-61.25,61.25,0.0,4,0.11168237062593776
648,283.75,-61.25,61.25,0.0,4,0.11841777809992299
649,286.25,-61.25,61.25,0.0,4,0.11441222797808942
650,288.75,-61.25,61.25,0.0,4,0.10607659361897635
651,291.25,-61.25,61.25,0.0,4,0.10056435145146876
652,293.75,-61.25,61.25,0.0,4,0.14034445273942237
653,296.25,-61.25,61.25,0.0,4,0.23171063135234363
654,298.75,-61.25,61.25,0.0,4,0.25785131509259795
655,301.25,-61.25,61.25,0.0,4,0.15147375092285642
656,303.75,-61.25,61.25,0.0,4,0.14207252175856594
657,306.25,-61.25,61.25,0.0,4,0.08313553200613098
658,308.75,-61.25,61.25,0.0,4,0.06579256699415867
659,311.25,-61.25,61.25,0.0,4,-0.1797173849734361
660,313.75,-61.25,61.25,0.0,4,-0.16794464033728798
661,316.25,-61.25,61.25,0.0,4,-0.0767664654092427
662,318.75,-61.25,61.25,0.0,4,-0.05163794770321749
663,321.25,-61.25,61.25,0.0,4,-0.05122555983209261
664,323.75,-61.25,61.25,0.0,4,-0.05731754160342809
665,326.25,-61.25,61.25,0.0,4,-0.07617054249705146
666,328.75,-61.25,61.25,0.0,4,-0.08091214936448732
667,331.25,-61.25,61.25,0.0,4,-0.08256745055511946
668,333.75,-61.25,61.25,0.0,4,-0.07692374702541648
669,336.25,-61.25,61.25,0.0,4,-0.08302808405974905
670,338.75,-61.25,61.25,0.0,4,-0.0921533320896403
671,341.25,-61.25,61.25,0.0,4,-0.08699155047788125
672,343.75,-61.25,61.25,0.0,4,-0.09927900239216146
673,346.25,-61.25,61.25,0.0,4,-0.13083342867750003
674,348.75,-61.25,61.25,0.0,4,-0.1483745616563131
675,351.25,-61.25,61.25,0.0,4,-0.1707446888958136
676,353.75,-61.25,61.25,0.0,4,-0.19344795045631455
677,356.25,-61.25,61.25,0.0,4,-0.22165838423597892
678,358.75,-61.25,61.25,0.0,4,-0.25673255918394355
679,1.25,-58.75,58.75,0.0,1,-0.2085972833275738
680,3.75,-58.75,58.75,0.0,1,-0.24315536642636632
681,6.25,-58.75,58.75,0.0,1,-0.26291370572705197
682,8.75,-58.75,58.75,0.0,1,-0.2725692902053339
683,11.25,-58.75,58.75,0.0,1,-0.2580462411546162
684,13.75,-58.75,58.75,0.0,1,-0.24485229164130023
685,16.25,-58.75,58.75,0.0,1,-0.2543468906662471
686,18.75,-58.75,58.75,0.0,1,-0.2700751550961287
687,21.25,-58.75,58.75,0.0,1,-0.2617102982406222
688,23.75,-58.75,58.75,0.0,1,-0.22964864158347387
689,26.25,-58.75,58.75,0.0,1,-0.24262149902032143
690,28.75,-58.75,58.75,0.0,1,-0.3200033556892474
691,31.25,-58.75,58.75,0.0,3,-0.3249948524088901
692,33.75,-58.75,58.75,0.0,3,-0.28966815746794633
693,36.25,-58.75,58.75,0.0,3,-0.2531200548932322
694,38.75,-58.75,58.75,0.0,3,-0.20418740466663132
695,41.25,-58.75,58.75,0.0,3,-0.17302950736238362
696,43.75,-58.75,58.75,0.0,3,-0.13850979569042216
697,46.25,-58.75,58.75,0.0,3,-0.11783011099663486
698,48.75,-58.75,58.75,0.0,3,-0.0981284657576976
699,51.25,-58.75,58.75,0.0,3,-0.07214763477399172
700,53.75,-58.75,58.75,0.0,3,-0.028050686976647973
701,56.25,-58.75,58.75,0.0,3,0.0020852512898332366
702,58.75,-58.75,58.75,0.0,3,0.024474139411227336
703,61.25,-58.75,58.75,0.0,3,0.022755005588230043
704,63.75,-58.75,58.75,0.0,3,-0.006884160835548631
705,66.25,-58.75,58.75,0.0,3,-0.034064173515653794
706,68.75,-58.75,58.75,0.0,3,-0.052442243769782584
707,71.25,-58.75,58.75,0.0,3,-0.053611768071395366
708,73.75,-58.75,58.75,0.0,3,-0.12703177542539326
709,76.25,-58.75,58.75,0.0,3,-0.04207040666789338
710,78.75,-58.75,58.75,0.0,3,0.059331199419499124
711,81.25,-58.75,58.75,0.0,3,0.11520209378867068
712,83.75,-58.75,58.75,0.0,3,0.07915630775978749
713,86.25,-58.75,58.75,0.0,3,0.04245580261636635
714,88.75,-58.75,58.75,0.0,3,0.02040223971626233
715,91.25,-58.75,58.75,0.0,3,0.05949794904775035
716,93.75,-58.75,58.75,0.0,3,0.11939274520579261
717,96.25,-58.75,58.75,0.0,3,0.16193649529591173
718,98.75,-58.75,58.75,0.0,3,0.1987782851382491
719,101.25,-58.75,58.75,0.0,3,0.20328851759482897
720,103.75,-58.75,58.75,0.0,3,0.1695535556020609
721,106.25,-58.75,58.75,0.0,3,0.13231686870548
722,108.75,-58.75,58.75,0.0,3,0.0641789918040736
723,111.25,-58.75,58.75,0.0,3,0.030226479402380546
724,113.75,-58.75,58.75,0.0,3,0.009983359155345466
725,116.25,-58.75,58.75,0.0,3,0.011669013087523676
726,118.75,-58.75,58.75,0.0,3,0.025397986280524112
727,121.25,-58.75,58.75,0.0,2,0.0326345372905128
728,123.75,-58.75,58.75,0.0,2,0.03661989883838362
729,126.25,-58.75,58.75,0.0,2,0.04051545287345859
730,128.75,-58.75,58.75,0.0,2,0.04542974454347649
731,131.25,-58.75,58.75,0.0,2,0.048816649714801305
732,133.75,-58.75,58.75,0.0,2,0.049818167433477285
733,136.25,-58.75,58.75,0.0,2,0.04929437234088948
734,138.75,-58.75,58.75,0.0,2,0.04518755055969335
735,141.25,-58.75,58.75,0.0,2,0.04075911754216589
736,143.75,-58.75,58.75,0.0,2,0.04604273525290314
737,146.25,-58.75,58.75,0.0,2,0.06765728890257218
738,148.75,-58.75,58.75,0.0,2,0.12262745746152286
739,151.25,-58.75,58.75,0.0,2,0.1832797643640071
740,153.75,-58.75,58.75,0.0,2,0.20905094502903138
741,156.25,-58.75,58.75,0.0,2,0.22497892825336946
742,158.75,-58.75,58.75,0.0,2,0.3033911935131737
743,161.25,-58.75,58.75,0.0,2,0.2967867879057727
744,163.75,-58.75,58.75,0.0,2,0.27544053785339456
745,166.25,-58.75,58.75,0.0,2,0.25662274009535413
746,168.75,-58.75,58.75,0.0,2,0.1908672101218971
747,171.25,-58.75,58.75,0.0,2,0.16368263570965821
748,173.75,-58.75,58.75,0.0,2,0.2022603120549019
749,176.25,-58.75,58.75,0.0,2,0.26477331219076566
750,178.75,-58.75,58.75,0.0,2,0.2654074222885383
751,181.25,-58.75,58.75,0.0,2,0.24281155675689547
752,183.75,-58.75,58.75,0.0,2,0.25285967553655925
753,186.25,-58.75,58.75,0.0,2,0.2822102986728026
754,188.75,-58.75,58.75,0.0,2,0.29986584326101107
755,191.25,-58.75,58.75,0.0,2,0.2819967265976946
756,193.75,-58.75,58.75,0.0,2,0.23721592404701677
757,196.25,-58.75,58.75,0.0,2,0.1802987382525918
758,198.75,-58.75,58.75,0.0,2,0.0829777913627548
759,201.25,-58.75,58.75,0.0,2,-0.004800078446666007
760,203.75,-58.75,58.75,0.0,2,-0.09229210915118788
761,206.25,-58.75,58.75,0.0,2,-0.127012584750123
762,208.75,-58.75,58.75,0.0,2,-0.10501331682140935
763,211.25,-58.75,58.75,0.0,2,-0.0964886410700628
764,213.75,-58.75,58.75,0.0,2,-0.08469610675094942
765,216.25,-58.75,58.75,0.0,2,-0.07666753141177048
766,218.75,-58.75,58.75,0.0,2,-0.07232805553688056
767,221.25,-58.75,58.75,0.0,2,-0.05580848131436871
768,223.75,-58.75,58.75,0.0,2,0.001064712767046719
769,226.25,-58.75,58.75,0.0,2,0.04775583787946156
770,228.75,-58.75,58.75,0.0,2,0.08905154448153468
771,231.25,-58.75,58.75,0.0,2,0.10755156694231706
772,233.75,-58.75,58.75,0.0,2,0.10647180681873186
773,236.25,-58.75,58.75,0.0,2,0.08824536485622446
774,238.75,-58.75,58.75,0.0,2,0.06254255596488502
775,241.25,-58.75,58.75,0.0,2,0.05132661267787057
776,243.75,-58.75,58.75,0.0,2,0.049267604147606656
777,246.25,-58.75,58.75,0.0,2,0.054518485258328545
778,248.75,-58.75,58.75,0.0,2,0.07256086194645762
779,251.25,-58.75,58.75,0.0,2,0.0937113366445101
780,253.75,-58.75,58.75,0.0,2,0.11510794467799858
781,256.25,-58.75,58.75,0.0,2,0.11760528432944027
782,258.75,-58.75,58.75,0.0,2,0.1115785265155055
783,261.25,-58.75,58.75,0.0,2,0.11276015705682588
784,263.75,-58.75,58.75,0.0,2,0.11814314037237109
785,266.25,-58.75,58.75,0.0,2,0.12060984394501213
786,268.75,-58.75,58.75,0.0,2,0.12436776616854008
787,271.25,-58.75,58.75,0.0,2,0.12887308410898068
788,273.75,-58.75,58.75,0.0,2,0.1297023226205855
789,276.25,-58.75,58.75,0.0,2,0.1272635782110176
790,278.75,-58.75,58.75,0.0,2,0.1254683683306429
791,281.25,-58.75,58.75,0.0,1,0.1248882119034821
792,283.75,-58.75,58.75,0.0,1,0.12406360564763862
793,286.25,-58.75,58.75,0.0,1,0.11912980811357504
794,288.75,-58.75,58.75,0.0,1,0.1076610442526796
795,291.25,-58.75,58.75,0.0,1,0.09531075724752937
796,293.75,-58.75,58.75,0.0,1,0.08548830628736102
797,296.25,-58.75,58.75,0.0,1,0.09529433705816101
798,298.75,-58.75,58.75,0.0,1,0.1137237650038027
799,301.25,-58.75,58.75,0.0,1,0.14067220191423535
800,303.75,-58.75,58.75,0.0,1,0.15073658883951774
801,306.25,-58.75,58.75,0.0,1,0.1625342586360111
802,308.75,-58.75,58.75,0.0,1,0.18061495906903488
803,311.25,-58.75,58.75,0.0,1,0.14020940944619542
804,313.75,-58.75,58.75,0.0,1,0.04337133171848873
805,316.25,-58.75,58.75,0.0,1,0.06652618972900438
806,318.75,-58.75,58.75,0.0,1,0.08603409467586157
807,321.25,-58.75,58.75,0.0,1,0.015940630872796863
808,323.75,-58.75,58.75,0.0,1,-0.08431965667799686
809,326.25,-58.75,58.75,0.0,1,-0.10324756944785689
810,328.75,-58.75,58.75,0.0,1,-0.08810764325982112
811,331.25,-58.75,58.75,0.0,1,-0.10910635794948043
812,333.75,-58.75,58.75,0.0,1,-0.11439459012605377
813,336.25,-58.75,58.75,0.0,1,-0.13207251165780048
814,338.75,-58.75,58.75,0.0,1,-0.1402179047666526
815,341.25,-58.75,58.75,0.0,1,-0.12385213685309997
816,343.75,-58.75,58.75,0.0,1,-0.11811045796684408
817,346.25,-58.75,58.75,0.0,1,-0.11549011303122501
818,348.75,-58.75,58.75,0.0,1,-0.12171025706370335
819,351.25,-58.75,58.75,0.0,1,-0.10666606568436822
820,353.75,-58.75,58.75,0.0,1,-0.12287636254284222
821,356.25,-58.75,58.75,0.0,1,-0.14642679807990513
822,358.75,-58.75,58.75,0.0,1,-0.18261388234890286
823,1.25,-56.25,56.25,0.0,1,-0.08814170181167655
824,3.75,-56.25,56.25,0.0,1,-0.10099471008813754
825,6.25,-56.25,56.25,0.0,1,-0.14356602760384468
826,8.75,-56.25,56.25,0.0,1,-0.1815140593853132
827,11.25,-56.25,56.25,0.0,1,-0.17395175115957304
828,13.75,-56.25,56.25,0.0,1,-0.13077346585025432
829,16.25,-56.25,56.25,0.0,1,-0.11410352789865978
830,18.75,-56.25,56.25,0.0,1,-0.1376480550986424
831,21.25,-56.25,56.25,0.0,1,-0.1893487399533162
832,23.75,-56.25,56.25,0.0,1,-0.19524530943934765
833,26.25,-56.25,56.25,0.0,1,-0.17690970494100886
834,28.75,-56.25,56.25,0.0,1,-0.1760871756662798
835,31.25,-56.25,56.25,0.0,3,-0.1667037052753212
836,33.75,-56.25,56.25,0.0,3,-0.15010801350898567
837,36.25,-56.25,56.25,0.0,3,-0.0901665006372437
838,38.75,-56.25,56.25,0.0,3,-0.06525391825552354
839,41.25,-56.25,56.25,0.0,3,-0.05949508603641916
840,43.75,-56.25,56.25,0.0,3,-0.034002798933808046
841,46.25,-56.25,56.25,0.0,3,0.0014625617754778753
842,48.75,-56.25,56.25,0.0,3,0.014895075658773205
843,51.25,-56.25,56.25,0.0,3,0.023925019917923673
844,53.75,-56.25,56.25,0.0,3,0.041986911064334526
845,56.25,-56.25,56.25,0.0,3,0.06973225287146781
846,58.75,-56.25,56.25,0.0,3,0.08136772528623668
847,61.25,-56.25,56.25,0.0,3,0.08191127149381149
848,63.75,-56.25,56.25,0.0,3,0.0699215337947515
849,66.25,-56.25,56.25,0.0,3,0.05415180034751006
850,68.75,-56.25,56.25,0.0,3,0.05145147487464298
851,71.25,-56.25,56.25,0.0,3,0.04181384285720775
852,73.75,-56.25,56.25,0.0,3,0.037615756407778186
853,76.25,-56.25,56.25,0.0,3,-0.007037639512947562
854,78.75,-56.25,56.25,0.0,3,-0.01990227427495553
855,81.25,-56.25,56.25,0.0,3,0.11248660151724092
856,83.75,-56.25,56.25,0.0,3,0.18232515867348845
857,86.25,-56.25,56.25,0.0,3,0.1594590935351938
858,88.75,-56.25,56.25,0.0,3,0.1497648139716702
859,91.25,-56.25,56.25,0.0,3,0.16135674011606957
860,93.75,-56.25,56.25,0.0,3,0.16913671981139503
861,96.25,-56.25,56.25,0.0,3,0.15922380848629908
862,98.75,-56.25,56.25,0.0,3,0.13928817875838295
863,101.25,-56.25,56.25,0.0,3,0.11106246117340614
864,103.75,-56.25,56.25,0.0,3,0.08668569004768788
865,106.25,-56.25,56.25,0.0,3,0.02178747520227628
866,108.75,-56.25,56.25,0.0,3,-0.020787296242678645
867,111.25,-56.25,56.25,0.0,3,-0.04961913243394894
868,113.75,-56.25,56.25,0.0,3,-0.0584991890520762
869,116.25,-56.25,56.25,0.0,3,-0.03611484316448742
870,118.75,-56.25,56.25,0.0,3,-0.002700457587844156
871,121.25,-56.25,56.25,0.0,2,0.029527405858072103
872,123.75,-56.25,56.25,0.0,2,0.04183310027552156
873,126.25,-56.25,56.25,0.0,2,0.046238204259562876
874,128.75,-56.25,56.25,0.0,2,0.04296520393488884
875,131.25,-56.25,56.25,0.0,2,0.037973887026676055
876,133.75,-56.25,56.25,0.0,2,0.03281479001574721
877,136.25,-56.25,56.25,0.0,2,0.02976543730941728
878,138.75,-56.25,56.25,0.0,2,0.0314018444181066
879,141.25,-56.25,56.25,0.0,2,0.025689450470321545
880,143.75,-56.25,56.25,0.0,2,0.023748080708757
881,146.25,-56.25,56.25,0.0,2,0.0455418150971389
882,148.75,-56.25,56.25,0.0,2,0.062382059684551204
883,151.25,-56.25,56.25,0.0,2,0.10784755432074025
884,153.75,-56.25,56.25,0.0,2,0.14553087565345812
885,156.25,-56.25,56.25,0.0,2,0.15367187230271123
886,158.75,-56.25,56.25,0.0,2,0.16189358259568232
887,161.25,-56.25,56.25,0.0,2,0.12154742754031062
888,163.75,-56.25,56.25,0.0,2,0.09732664713328405
889,166.25,-56.25,56.25,0.0,2,0.08316559845400684
890,168.75,-56.25,56.25,0.0,2,0.07486952989936455
891,171.25,-56.25,56.25,0.0,2,0.07821892565818507
892,173.75,-56.25,56.25,0.0,2,0.10230245396833172
893,176.25,-56.25,56.25,0.0,2,0.16950599637714248
894,178.75,-56.25,56.25,0.0,2,0.19872059054445462
895,181.25,-56.25,56.25,0.0,2,0.18917740874859898
896,183.75,-56.25,56.25,0.0,2,0.19406088185317097
897,186.25,-56.25,56.25,0.0,2,0.2211401394201714
898,188.75,-56.25,56.25,0.0,2,0.2270928517691622
899,191.25,-56.25,56.25,0.0,2,0.20538991517733513
900,193.75,-56.25,56.25,0.0,2,0.1817417710161582
901,196.25,-56.25,56.25,0.0,2,0.12543654275218785
902,198.75,-56.25,56.25,0.0,2,0.06756326232965545
903,201.25,-56.25,56.25,0.0,2,-0.036738457090539335
904,203.75,-56.25,56.25,0.0,2,-0.11599029588975392
905,206.25,-56.25,56.25,0.0,2,-0.15222823958462772
906,208.75,-56.25,56.25,0.0,2,-0.1260915481676128
907,211.25,-56.25,56.25,0.0,2,-0.1149554859987883
908,213.75,-56.25,56.25,0.0,2,-0.05372420911820484
909,216.25,-56.25,56.25,0.0,2,-0.031073225465439138
910,218.75,-56.25,56.25,0.0,2,-0.027107327098199692
911,221.25,-56.25,56.25,0.0,2,-0.033174588991554246
912,223.75,-56.25,56.25,0.0,2,-0.05608545461020336
913,226.25,-56.25,56.25,0.0,2,-0.046664169438565745
914,228.75,-56.25,56.25,0.0,2,-0.007430981684596572
915,231.25,-56.25,56.25,0.0,2,0.06874807230526339
916,233.75,-56.25,56.25,0.0,2,0.11306967575962559
917,236.25,-56.25,56.25,0.0,2,0.122262540113998
918,238.75,-56.25,56.25,0.0,2,0.11104499518634187
919,241.25,-56.25,56.25,0.0,2,0.09691211753848025
920,243.75,-56.25,56.25,0.0,2,0.09952896822457072
921,246.25,-56.25,56.25,0.0,2,0.11709546246252285
922,248.75,-56.25,56.25,0.0,2,0.132668084430296
923,251.25,-56.25,56.25,0.0,2,0.1505435903840367
924,253.75,-56.25,56.25,0.0,2,0.15821402031442933
925,256.25,-56.25,56.25,0.0,2,0.15413599533270336
926,258.75,-56.25,56.25,0.0,2,0.14662304865473785
927,261.25,-56.25,56.25,0.0,2,0.145140963236734
928,263.75,-56.25,56.25,0.0,2,0.14805504992974275
929,266.25,-56.25,56.25,0.0,2,0.15217363036165163
930,268.75,-56.25,56.25,0.0,2,0.15515389629114326
931,271.25,-56.25,56.25,0.0,2,0.1600544990330131
932,273.75,-56.25,56.25,0.0,2,0.16069615502780388
933,276.25,-56.25,56.25,0.0,2,0.15677278995914176
934,278.75,-56.25,56.25,0.0,2,0.1536078626516389
935,281.25,-56.25,56.25,0.0,1,0.1459051958330052
936,283.75,-56.25,56.25,0.0,1,0.13663662644355584
937,286.25,-56.25,56.25,0.0,1,0.10896953015166957
938,288.75,-56.25,56.25,0.0,1,0.0967482016931374
939,291.25,-56.25,56.25,0.0,1,0.10252576228439822
940,293.75,-56.25,56.25,0.0,1,0.10080234323222045
941,296.25,-56.25,56.25,0.0,1,0.10130494609960769
942,298.75,-56.25,56.25,0.0,1,0.10526671150264436
943,301.25,-56.25,56.25,0.0,1,0.10660606490139812
944,303.75,-56.25,56.25,0.0,1,0.1057607009632043
945,306.25,-56.25,56.25,0.0,1,0.10808397801822597
946,308.75,-56.25,56.25,0.0,1,0.11525757710598449
947,311.25,-56.25,56.25,0.0,1,0.14019743618666686
948,313.75,-56.25,56.25,0.0,1,0.15647786004953415
949,316.25,-56.25,56.25,0.0,1,0.1621601670269825
950,318.75,-56.25,56.25,0.0,1,0.17299891622000338
951,321.25,-56.25,56.25,0.0,1,0.17564191103475618
952,323.75,-56.25,56.25,0.0,1,0.17191966539775827
953,326.25,-56.25,56.25,0.0,1,0.1493179588804348
954,328.75,-56.25,56.25,0.0,1,0.09538463976838686
955,331.25,-56.25,56.25,0.0,1,0.00407945165805127
956,333.75,-56.25,56.25,0.0,1,-0.008076787864873527
957,336.25,-56.25,56.25,0.0,1,-0.0647059668183884
958,338.75,-56.25,56.25,0.0,1,-0.08466161015558533
959,341.25,-56.25,56.25,0.0,1,-0.0509636048368945
960,343.75,-56.25,56.25,0.0,1,0.00030128287994737413
961,346.25,-56.25,56.25,0.0,1,0.07304452753646752
962,348.75,-56.25,56.25,0.0,1,0.09515652893208637
963,351.25,-56.25,56.25,0.0,1,0.10060080382480933
964,353.75,-56.25,56.25,0.0,1,0.04084952950737002
965,356.25,-56.25,56.25,0.0,1,-0.043899722693051375
966,358.75,-56.25,56.25,0.0,1,-0.07453393488594044
967,1.25,-53.75,53.75,0.0,1,0.06346761843056191
968,3.75,-53.75,53.75,0.0,1,0.041898838176006786
969,6.25,-53.75,53.75,0.0,1,0.0014163324276796
970,8.75,-53.75,53.75,0.0,1,-0.019437098753918258
971,11.25,-53.75,53.75,0.0,1,-0.060570156511632375
972,13.75,-53.75,53.75,0.0,1,-0.0715940894529847
973,16.25,-53.75,53.75,0.0,1,-0.04761560629937163
974,18.75,-53.75,53.75,0.0,1,-0.039139165040560496
975,21.25,-53.75,53.75,0.0,1,-0.03496873721305189
976,23.75,-53.75,53.75,0.0,1,-0.020462788263995547
977,26.25,-53.75,53.75,0.0,1,0.06585277282494618
978,28.75,-53.75,53.75,0.0,1,0.08752851755343768
979,31.25,-53.75,53.75,0.0,3,0.05986671741380853
980,33.75,-53.75,53.75,0.0,3,0.04911008720635079
981,36.25,-53.75,53.75,0.0,3,0.0590153779864312
982,38.75,-53.75,53.75,0.0,3,0.06143110849061054
983,41.25,-53.75,53.75,0.0,3,0.0663252599862778
984,43.75,-53.75,53.75,0.0,3,0.07939877272601806
985,46.25,-53.75,53.75,0.0,3,0.09643245595271838
986,48.75,-53.75,53.75,0.0,3,0.10229400003705635
987,51.25,-53.75,53.75,0.0,3,0.11181063072332174
988,53.75,-53.75,53.75,0.0,3,0.12832714402725914
989,56.25,-53.75,53.75,0.0,3,0.14398154826976264
990,58.75,-53.75,53.75,0.0,3,0.14555973883611598
991,61.25,-53.75,53.75,0.0,3,0.13621987948454023
992,63.75,-53.75,53.75,0.0,3,0.1252338869168083
993,66.25,-53.75,53.75,0.0,3,0.12249018577936904
994,68.75,-53.75,53.75,0.0,3,0.13461647184473613
995,71.25,-53.75,53.75,0.0,3,0.15150369688749565
996,73.75,-53.75,53.75,0.0,3,0.15703259886117218
997,76.25,-53.75,53.75,0.0,3,0.13834726624874086
998,78.75,-53.75,53.75,0.0,3,0.06647366796561079
999,81.25,-53.75,53.75,0.0,3,0.005653805332403875
1000,83.75,-53.75,53.75,0.0,3,0.028228398998312327
1001,86.25,-53.75,53.75,0.0,3,0.028399045203773007
1002,88.75,-53.75,53.75,0.0,3,0.022116449134529377
1003,91.25,-53.75,53.75,0.0,3,0.016314507388784233
1004,93.75,-53.75,53.75,0.0,3,0.0010358908536198688
1005,96.25,-53.75,53.75,0.0,3,-0.04735120258516244
1006,98.75,-53.75,53.75,0.0,3,-0.09958890516298124
1007,101.25,-53.75,53.75,0.0,3,-0.14637022690068627
1008,103.75,-53.75,53.75,0.0,3,-0.1294140066929334
1009,106.25,-53.75,53.75,0.0,3,-0.09741128487499491
1010,108.75,-53.75,53.75,0.0,3,-0.10483317015277946
1011,111.25,-53.75,53.75,0.0,3,-0.12853248984094354
1012,113.75,-53.75,53.75,0.0,3,-0.09920431321115306
1013,116.25,-53.75,53.75,0.0,3,-0.02391951554061635
1014,118.75,-53.75,53.75,0.0,3,0.011509751461013129
1015,121.25,-53.75,53.75,0.0,2,0.035297800011693345
1016,123.75,-53.75,53.75,0.0,2,0.04708648906015701
1017,126.25,-53.75,53.75,0.0,2,0.04948645593370294
1018,128.75,-53.75,53.75,0.0,2,0.04199115715692883
1019,131.25,-53.75,53.75,0.0,2,0.03452387701349442
1020,133.75,-53.75,53.75,0.0,2,0.03185356517477038
1021,136.25,-53.75,53.75,0.0,2,0.02672662301265321
1022,138.75,-53.75,53.75,0.0,2,0.027048524362105093
1023,141.25,-53.75,53.75,0.0,2,0.028698840683908874
1024,143.75,-53.75,53.75,0.0,2,0.02769626634998066
1025,146.25,-53.75,53.75,0.0,2,0.02457587365661085
1026,148.75,-53.75,53.75,0.0,2,0.022028951771065786
1027,151.25,-53.75,53.75,0.0,2,0.04371014658865201
1028,153.75,-53.75,53.75,0.0,2,0.07756680549060195
1029,156.25,-53.75,53.75,0.0,2,0.1077737715331821
1030,158.75,-53.75,53.75,0.0,2,0.11186640851101264
1031,161.25,-53.75,53.75,0.0,2,0.10535958490925841
1032,163.75,-53.75,53.75,0.0,2,0.09482494289932447
1033,166.25,-53.75,53.75,0.0,2,0.09978629144647122
1034,168.75,-53.75,53.75,0.0,2,0.1004192952422298
1035,171.25,-53.75,53.75,0.0,2,0.10024104625326731
1036,173.75,-53.75,53.75,0.0,2,0.10183641909874894
1037,176.25,-53.75,53.75,0.0,2,0.11601688884928057
1038,178.75,-53.75,53.75,0.0,2,0.1449719745581779
1039,181.25,-53.75,53.75,0.0,2,0.15049226213837666
1040,183.75,-53.75,53.75,0.0,2,0.14630596881427796
1041,186.25,-53.75,53.75,0.0,2,0.1540571206826209
1042,188.75,-53.75,53.75,0.0,2,0.16023396105932275
1043,191.25,-53.75,53.75,0.0,2,0.1570238284928291
1044,193.75,-53.75,53.75,0.0,2,0.14019902136917214
1045,196.25,-53.75,53.75,0.0,2,0.08080527568746251
1046,198.75,-53.75,53.75,0.0,2,0.020539685720338628
1047,201.25,-53.75,53.75,0.0,2,-0.049803404798649246
1048,203.75,-53.75,53.75,0.0,2,-0.09830471192445966
1049,206.25,-53.75,53.75,0.0,2,-0.1481356456408361
1050,208.75,-53.75,53.75,0.0,2,-0.17910388335177294
1051,211.25,-53.75,53.75,0.0,2,-0.11822191625516026
1052,213.75,-53.75,53.75,0.0,2,0.021248861816587895
1053,216.25,-53.75,53.75,0.0,2,0.09057825454228903
1054,218.75,-53.75,53.75,0.0,2,0.08398196041612213
1055,221.25,-53.75,53.75,0.0,2,0.07142908903910423
1056,223.75,-53.75,53.75,0.0,2,0.05528690980632462
1057,226.25,-53.75,53.75,0.0,2,0.057237824227180475
1058,228.75,-53.75,53.75,0.0,2,0.0874509463325763
1059,231.25,-53.75,53.75,0.0,2,0.1406790848184114
1060,233.75,-53.75,53.75,0.0,2,0.17104741111680594
1061,236.25,-53.75,53.75,0.0,2,0.17520395623378007
1062,238.75,-53.75,53.75,0.0,2,0.16420996170846028
1063,241.25,-53.75,53.75,0.0,2,0.15358425483023255
1064,243.75,-53.75,53.75,0.0,2,0.15481136659377714
1065,246.25,-53.75,53.75,0.0,2,0.16026347224940501
1066,248.75,-53.75,53.75,0.0,2,0.16171770526152734
1067,251.25,-53.75,53.75,0.0,2,0.16159299606374602
1068,253.75,-53.75,53.75,0.0,2,0.16172516284943153
1069,256.25,-53.75,53.75,0.0,2,0.16393005683406542
1070,258.75,-53.75,53.75,0.0,2,0.16693250682082658
1071,261.25,-53.75,53.75,0.0,2,0.17370325510513626
1072,263.75,-53.75,53.75,0.0,2,0.18032283167926863
1073,266.25,-53.75,53.75,0.0,2,0.1866238839659728
1074,268.75,-53.75,53.75,0.0,2,0.18738345653895874
1075,271.25,-53.75,53.75,0.0,2,0.18332591681600102
1076,273.75,-53.75,53.75,0.0,2,0.17639568861368077
1077,276.25,-53.75,53.75,0.0,2,0.16239948140694843
1078,278.75,-53.75,53.75,0.0,2,0.15106076014975758
1079,281.25,-53.75,53.75,0.0,1,0.14868640108840367
1080,283.75,-53.75,53.75,0.0,1,0.11101289646998837
1081,286.25,-53.75,53.75,0.0,1,0.16301590493367304
1082,291.25,-53.75,53.75,0.0,0,0.31085878252088545
1083,293.75,-53.75,53.75,0.0,1,0.3093917701389597
1084,296.25,-53.75,53.75,0.0,1,0.20126004477970078
1085,298.75,-53.75,53.75,0.0,1,0.20758646181324303
1086,301.25,-53.75,53.75,0.0,1,0.19367647889449963
1087,303.75,-53.75,53.75,0.0,1,0.1684897356242292
1088,306.25,-53.75,53.75,0.0,1,0.1499544213778243
1089,308.75,-53.75,53.75,0.0,1,0.14866442698462273
1090,311.25,-53.75,53.75,0.0,1,0.13744436938888416
1091,313.75,-53.75,53.75,0.0,1,0.15989385730854572
1092,316.25,-53.75,53.75,0.0,1,0.19456992630776615
1093,318.75,-53.75,53.75,0.0,1,0.2521177227772881
1094,321.25,-53.75,53.75,0.0,1,0.2948945561647774
1095,323.75,-53.75,53.75,0.0,1,0.30334794327082226
1096,326.25,-53.75,53.75,0.0,1,0.2245777251868409
1097,328.75,-53.75,53.75,0.0,1,0.19354020187948062
1098,331.25,-53.75,53.75,0.0,1,0.2327663787035664
1099,333.75,-53.75,53.75,0.0,1,0.28458500947344106
1100,336.25,-53.75,53.75,0.0,1,0.28651148353529265
1101,338.75,-53.75,53.75,0.0,1,0.27616032055431444
1102,341.25,-53.75,53.75,0.0,1,0.2641885236173387
1103,343.75,-53.75,53.75,0.0,1,0.23185687680661973
1104,346.25,-53.75,53.75,0.0,1,0.18024411582521987
1105,348.75,-53.75,53.75,0.0,1,0.16225666613106207
1106,351.25,-53.75,53.75,0.0,1,0.15727988367543727
1107,353.75,-53.75,53.75,0.0,1,0.1455214375639143
1108,356.25,-53.75,53.75,0.0,1,0.10291873841648955
1109,358.75,-53.75,53.75,0.0,1,0.08748431769064588
1110,1.25,-51.25,51.25,0.0,1,0.18241146273376044
1111,3.75,-51.25,51.25,0.0,1,0.15296633082976843
1112,6.25,-51.25,51.25,0.0,1,0.12152998595434654
1113,8.75,-51.25,51.25,0.0,1,0.10751020542289022
1114,11.25,-51.25,51.25,0.0,1,0.10452035850109966
1115,13.75,-51.25,51.25,0.0,1,0.11498014959339456
1116,16.25,-51.25,51.25,0.0,1,0.11923273686818726
1117,18.75,-51.25,51.25,0.0,1,0.1104333055517025
1118,21.25,-51.25,51.25,0.0,1,0.1077760525835345
1119,23.75,-51.25,51.25,0.0,1,0.10768496057723444
1120,26.25,-51.25,51.25,0.0,1,0.14408559943507152
1121,28.75,-51.25,51.25,0.0,1,0.17523496520343013
1122,31.25,-51.25,51.25,0.0,3,0.17097397165634864
1123,33.75,-51.25,51.25,0.0,3,0.16247657831860987
1124,36.25,-51.25,51.25,0.0,3,0.1524460034109371
1125,38.75,-51.25,51.25,0.0,3,0.13712989135270254
1126,41.25,-51.25,51.25,0.0,3,0.12454333604805833
1127,43.75,-51.25,51.25,0.0,3,0.12695750123527508
1128,46.25,-51.25,51.25,0.0,3,0.1380518412613889
1129,48.75,-51.25,51.25,0.0,3,0.1460673028846265
1130,51.25,-51.25,51.25,0.0,3,0.15710800627084062
1131,53.75,-51.25,51.25,0.0,3,0.16751036426517443
1132,56.25,-51.25,51.25,0.0,3,0.176847584644365
1133,58.75,-51.25,51.25,0.0,3,0.17769544385599254
1134,61.25,-51.25,51.25,0.0,3,0.1611780532529559
1135,63.75,-51.25,51.25,0.0,3,0.152645983330929
1136,66.25,-51.25,51.25,0.0,3,0.1714077215702679
1137,68.75,-51.25,51.25,0.0,3,0.1935733109795206
1138,71.25,-51.25,51.25,0.0,3,0.20085666097719582
1139,73.75,-51.25,51.25,0.0,3,0.206119137423473
1140,76.25,-51.25,51.25,0.0,3,0.17831765232031885
1141,78.75,-51.25,51.25,0.0,3,0.11639356543581171
1142,81.25,-51.25,51.25,0.0,3,0.04609836702738549
1143,83.75,-51.25,51.25,0.0,3,0.022108365669966535
1144,86.25,-51.25,51.25,0.0,3,0.02234118920088479
1145,88.75,-51.25,51.25,0.0,3,0.02579484347759183
1146,91.25,-51.25,51.25,0.0,3,0.02091533586578516
1147,93.75,-51.25,51.25,0.0,3,0.025848439883521073
1148,96.25,-51.25,51.25,0.0,3,0.04121611615942674
1149,98.75,-51.25,51.25,0.0,3,0.0352495275265855
1150,101.25,-51.25,51.25,0.0,3,0.04130559379585975
1151,103.75,-51.25,51.25,0.0,3,0.08427319174705873
1152,106.25,-51.25,51.25,0.0,3,0.09874120488143454
1153,108.75,-51.25,51.25,0.0,3,0.07401125909672994
1154,111.25,-51.25,51.25,0.0,3,0.07347243640059638
1155,113.75,-51.25,51.25,0.0,3,0.1031944816656471
1156,116.25,-51.25,51.25,0.0,3,0.12258072650715852
1157,118.75,-51.25,51.25,0.0,3,0.10463277297306851
1158,121.25,-51.25,51.25,0.0,2,0.08260887933746365
1159,123.75,-51.25,51.25,0.0,2,0.08103415869809548
1160,126.25,-51.25,51.25,0.0,2,0.07531630626697088
1161,128.75,-51.25,51.25,0.0,2,0.05493536473354492
1162,131.25,-51.25,51.25,0.0,2,0.03595615575869842
1163,133.75,-51.25,51.25,0.0,2,0.02955091856059547
1164,136.25,-51.25,51.25,0.0,2,0.023538360241830647
1165,138.75,-51.25,51.25,0.0,2,0.02132079136391099
1166,141.25,-51.25,51.25,0.0,2,0.02245133387570108
1167,143.75,-51.25,51.25,0.0,2,0.03217760708484234
1168,146.25,-51.25,51.25,0.0,2,0.03344971161977197
1169,148.75,-51.25,51.25,0.0,2,0.03506233619576373
1170,151.25,-51.25,51.25,0.0,2,0.048915415857025156
1171,153.75,-51.25,51.25,0.0,2,0.06578506675257488
1172,156.25,-51.25,51.25,0.0,2,0.09119268580970584
1173,158.75,-51.25,51.25,0.0,2,0.09889618901623778
1174,161.25,-51.25,51.25,0.0,2,0.10454266661714817
1175,163.75,-51.25,51.25,0.0,2,0.10440278765891355
1176,166.25,-51.25,51.25,0.0,2,0.11137923921635362
1177,168.75,-51.25,51.25,0.0,2,0.10481096678450505
1178,171.25,-51.25,51.25,0.0,2,0.10951684268588589
1179,173.75,-51.25,51.25,0.0,2,0.11541723374397832
1180,176.25,-51.25,51.25,0.0,2,0.11831329224294718
1181,178.75,-51.25,51.25,0.0,2,0.12183756091828485
1182,181.25,-51.25,51.25,0.0,2,0.12862419570817923
1183,183.75,-51.25,51.25,0.0,2,0.13476058640812516
1184,186.25,-51.25,51.25,0.0,2,0.14506611108444606
1185,188.75,-51.25,51.25,0.0,2,0.15039857309746243
1186,191.25,-51.25,51.25,0.0,2,0.1477113889922263
1187,193.75,-51.25,51.25,0.0,2,0.13566913110373766
1188,196.25,-51.25,51.25,0.0,2,0.085894211304279
1189,198.75,-51.25,51.25,0.0,2,0.02732944234837751
1190,201.25,-51.25,51.25,0.0,2,-0.008456464111122584
1191,203.75,-51.25,51.25,0.0,2,-0.004982230430813892
1192,206.25,-51.25,51.25,0.0,2,-0.00019212514756110902
1193,208.75,-51.25,51.25,0.0,2,0.014032625897998129
1194,211.25,-51.25,51.25,0.0,2,0.102680423265791
1195,213.75,-51.25,51.25,0.0,2,0.18206713189598817
1196,216.25,-51.25,51.25,0.0,2,0.20171948939297654
1197,218.75,-51.25,51.25,0.0,2,0.18546036436115385
1198,221.25,-51.25,51.25,0.0,2,0.1818560599593454
1199,223.75,-51.25,51.25,0.0,2,0.190133713799081
1200,226.25,-51.25,51.25,0.0,2,0.19989541813680897
1201,228.75,-51.25,51.25,0.0,2,0.20214455582358978
1202,231.25,-51.25,51.25,0.0,2,0.20775499450505158
1203,233.75,-51.25,51.25,0.0,2,0.21417488347355926
1204,236.25,-51.25,51.25,0.0,2,0.2102533979214472
1205,238.75,-51.25,51.25,0.0,2,0.20199176571054872
1206,241.25,-51.25,51.25,0.0,2,0.1923845622291099
1207,243.75,-51.25,51.25,0.0,2,0.18404281409741133
1208,246.25,-51.25,51.25,0.0,2,0.1741900766356369
1209,248.75,-51.25,51.25,0.0,2,0.16904628910103656
1210,251.25,-51.25,51.25,0.0,2,0.16956537440658748
1211,253.75,-51.25,51.25,0.0,2,0.17769257779748085
1212,256.25,-51.25,51.25,0.0,2,0.19022834640692765
1213,258.75,-51.25,51.25,0.0,2,0.19568512630104426
1214,261.25,-51.25,51.25,0.0,2,0.194367204237103
1215,263.75,-51.25,51.25,0.0,2,0.19037545942344433
1216,266.25,-51.25,51.25,0.0,2,0.18551488143794365
1217,268.75,-51.25,51.25,0.0,2,0.17943538936558737
1218,271.25,-51.25,51.25,0.0,2,0.1711346468794348
1219,273.75,-51.25,51.25,0.0,2,0.1663815503828818
1220,276.25,-51.25,51.25,0.0,2,0.16194520801586026
1221,278.75,-51.25,51.25,0.0,2,0.18449601926631765
1222,281.25,-51.25,51.25,0.0,1,0.18759308625678137
1223,283.75,-51.25,51.25,0.0,1,0.16230012790725043
1224,286.25,-51.25,51.25,0.0,1,0.21420284714567714
1225,291.25,-51.25,51.25,0.0,1,0.3230692431452199
1226,293.75,-51.25,51.25,0.0,1,0.33786411748910367
1227,296.25,-51.25,51.25,0.0,1,0.3121408950738245
1228,298.75,-51.25,51.25,0.0,1,0.2814994673455232
1229,301.25,-51.25,51.25,0.0,1,0.26781029228052233
1230,303.75,-51.25,51.25,0.0,1,0.22450451098182156
1231,306.25,-51.25,51.25,0.0,1,0.18187844147836754
1232,308.75,-51.25,51.25,0.0,1,0.16590917759763502
1233,311.25,-51.25,51.25,0.0,1,0.1909023183483044
1234,313.75,-51.25,51.25,0.0,1,0.2263020922367699
1235,316.25,-51.25,51.25,0.0,1,0.27570391705658703
1236,318.75,-51.25,51.25,0.0,1,0.33032928614924156
1237,321.25,-51.25,51.25,0.0,1,0.3714192524197224
1238,323.75,-51.25,51.25,0.0,1,0.40924365286475994
1239,326.25,-51.25,51.25,0.0,1,0.45919185652968636
1240,328.75,-51.25,51.25,0.0,1,0.4601732956435343
1241,331.25,-51.25,51.25,0.0,1,0.4708049441953026
1242,333.75,-51.25,51.25,0.0,1,0.4575279953126115
1243,336.25,-51.25,51.25,0.0,1,0.40406646904624216
1244,338.75,-51.25,51.25,0.0,1,0.3541282016160805
1245,341.25,-51.25,51.25,0.0,1,0.30877719297495004
1246,343.75,-51.25,51.25,0.0,1,0.28645273155055195
1247,346.25,-51.25,51.25,0.0,1,0.26772292068335213
1248,348.75,-51.25,51.25,0.0,1,0.24547237642876746
1249,351.25,-51.25,51.25,0.0,1,0.1973198332591536
1250,353.75,-51.25,51.25,0.0,1,0.20547002799898903
1251,356.25,-51.25,51.25,0.0,1,0.23532488517869535
1252,358.75,-51.25,51.25,0.0,1,0.22310544043589461
1253,1.25,-48.75,48.75,0.0,1,0.2890005985543369
1254,3.75,-48.75,48.75,0.0,1,0.2610599222836855
1255,6.25,-48.75,48.75,0.0,1,0.2379437694743841
1256,8.75,-48.75,48.75,0.0,1,0.25080707085842474
1257,11.25,-48.75,48.75,0.0,1,0.2826125722313323
1258,13.75,-48.75,48.75,0.0,1,0.2942390941913191
1259,16.25,-48.75,48.75,0.0,1,0.291409608793489
1260,18.75,-48.75,48.75,0.0,1,0.27304283974191357
1261,21.25,-48.75,48.75,0.0,1,0.23989719971084605
1262,23.75,-48.75,48.75,0.0,1,0.22770006942443605
1263,26.25,-48.75,48.75,0.0,1,0.23135368694917754
1264,28.75,-48.75,48.75,0.0,1,0.2284776638905726
1265,31.25,-48.75,48.75,0.0,3,0.23132240129009107
1266,33.75,-48.75,48.75,0.0,3,0.23682341541701382
1267,36.25,-48.75,48.75,0.0,3,0.22922981779243537
1268,38.75,-48.75,48.75,0.0,3,0.21248976019555108
1269,41.25,-48.75,48.75,0.0,3,0.2001068897041351
1270,43.75,-48.75,48.75,0.0,3,0.197057794895731
1271,46.25,-48.75,48.75,0.0,3,0.20253306725578335
1272,48.75,-48.75,48.75,0.0,3,0.20803577882492488
1273,51.25,-48.75,48.75,0.0,3,0.2035929944693616
1274,53.75,-48.75,48.75,0.0,3,0.19676177974582337
1275,56.25,-48.75,48.75,0.0,3,0.1698430404545357
1276,58.75,-48.75,48.75,0.0,3,0.15238714593897448
1277,61.25,-48.75,48.75,0.0,3,0.16811736313749912
1278,63.75,-48.75,48.75,0.0,3,0.1927925522767634
1279,66.25,-48.75,48.75,0.0,3,0.22659235692045546
1280,68.75,-48.75,48.75,0.0,3,0.24640673936715585
1281,71.25,-48.75,48.75,0.0,3,0.2511868567742466
1282,73.75,-48.75,48.75,0.0,3,0.284430144501904
1283,76.25,-48.75,48.75,0.0,3,0.2945290968965147
1284,78.75,-48.75,48.75,0.0,3,0.2782656022689076
1285,81.25,-48.75,48.75,0.0,3,0.2224807627816446
1286,83.75,-48.75,48.75,0.0,3,0.18208496020021864
1287,86.25,-48.75,48.75,0.0,3,0.16939035123982932
1288,88.75,-48.75,48.75,0.0,3,0.1818613958952497
1289,91.25,-48.75,48.75,0.0,3,0.21555186734463566
1290,93.75,-48.75,48.75,0.0,3,0.25995473248852513
1291,96.25,-48.75,48.75,0.0,3,0.28687241618334297
1292,98.75,-48.75,48.75,0.0,3,0.272305973301357
1293,101.25,-48.75,48.75,0.0,3,0.25951379187517226
1294,103.75,-48.75,48.75,0.0,3,0.2665293379361783
1295,106.25,-48.75,48.75,0.0,3,0.2447736596356018
1296,108.75,-48.75,48.75,0.0,3,0.21429706900161863
1297,111.25,-48.75,48.75,0.0,3,0.1979386703392746
1298,113.75,-48.75,48.75,0.0,3,0.18588922123979218
1299,116.25,-48.75,48.75,0.0,3,0.14913389828716542
1300,118.75,-48.75,48.75,0.0,3,0.11847191993700279
1301,121.25,-48.75,48.75,0.0,2,0.09177946557364015
1302,123.75,-48.75,48.75,0.0,2,0.07791907725480288
1303,126.25,-48.75,48.75,0.0,2,0.04922356278889353
1304,128.75,-48.75,48.75,0.0,2,0.02823172712653196
1305,131.25,-48.75,48.75,0.0,2,0.016370428204999423
1306,133.75,-48.75,48.75,0.0,2,0.013832907745109466
1307,136.25,-48.75,48.75,0.0,2,0.008495784040099486
1308,138.75,-48.75,48.75,0.0,2,0.004922665423189088
1309,141.25,-48.75,48.75,0.0,2,0.01340395430668411
1310,143.75,-48.75,48.75,0.0,2,0.04904393949192573
1311,146.25,-48.75,48.75,0.0,2,0.1402891834200271
1312,148.75,-48.75,48.75,0.0,2,0.17942521683991203
1313,151.25,-48.75,48.75,0.0,2,0.17184873593743805
1314,153.75,-48.75,48.75,0.0,2,0.16038946540432264
1315,156.25,-48.75,48.75,0.0,2,0.1441613316878414
1316,158.75,-48.75,48.75,0.0,2,0.13232315346068155
1317,161.25,-48.75,48.75,0.0,2,0.126885334827962
1318,163.75,-48.75,48.75,0.0,2,0.14136231912407662
1319,166.25,-48.75,48.75,0.0,2,0.21745078027217554
1320,168.75,-48.75,48.75,0.0,2,0.19824765874631622
1321,171.25,-48.75,48.75,0.0,2,0.1347274736803914
1322,173.75,-48.75,48.75,0.0,2,0.13470095918647065
1323,176.25,-48.75,48.75,0.0,2,0.14443506251439697
1324,178.75,-48.75,48.75,0.0,2,0.14991751371461645
1325,181.25,-48.75,48.75,0.0,2,0.15590916731947677
1326,183.75,-48.75,48.75,0.0,2,0.16111997648925314
1327,186.25,-48.75,48.75,0.0,2,0.16221537590821455
1328,188.75,-48.75,48.75,0.0,2,0.15905484541934273
1329,191.25,-48.75,48.75,0.0,2,0.14898294207925347
1330,193.75,-48.75,48.75,0.0,2,0.1320076875414286
1331,196.25,-48.75,48.75,0.0,2,0.08393633478220748
1332,198.75,-48.75,48.75,0.0,2,0.03818925361797886
1333,201.25,-48.75,48.75,0.0,2,0.02789495401926526
1334,203.75,-48.75,48.75,0.0,2,0.0658515457915575
1335,206.25,-48.75,48.75,0.0,2,0.1351484291713744
1336,208.75,-48.75,48.75,0.0,2,0.1928216655370748
1337,211.25,-48.75,48.75,0.0,2,0.25699679186348057
1338,213.75,-48.75,48.75,0.0,2,0.27159452625942954
1339,216.25,-48.75,48.75,0.0,2,0.255156292581138
1340,218.75,-48.75,48.75,0.0,2,0.24548233322661833
1341,221.25,-48.75,48.75,0.0,2,0.24626768026051232
1342,223.75,-48.75,48.75,0.0,2,0.24376414434060187
1343,226.25,-48.75,48.75,0.0,2,0.23034751690956526
1344,228.75,-48.75,48.75,0.0,2,0.22195585730248843
1345,231.25,-48.75,48.75,0.0,2,0.2223715603760547
1346,233.75,-48.75,48.75,0.0,2,0.22460206532691787
1347,236.25,-48.75,48.75,0.0,2,0.22056675602786507
1348,238.75,-48.75,48.75,0.0,2,0.21392790243279636
1349,241.25,-48.75,48.75,0.0,2,0.2035474887915241
1350,243.75,-48.75,48.75,0.0,2,0.1946308792766971
1351,246.25,-48.75,48.75,0.0,2,0.18680359209938463
1352,248.75,-48.75,48.75,0.0,2,0.1861632536350816
1353,251.25,-48.75,48.75,0.0,2,0.19193714464280803
1354,253.75,-48.75,48.75,0.0,2,0.19626660648638286
1355,256.25,-48.75,48.75,0.0,2,0.19577330732110942
1356,258.75,-48.75,48.75,0.0,2,0.19020959846899443
1357,261.25,-48.75,48.75,0.0,2,0.18227264830749412
1358,263.75,-48.75,48.75,0.0,2,0.18270061199824603
1359,266.25,-48.75,48.75,0.0,2,0.18920511353498112
1360,268.75,-48.75,48.75,0.0,2,0.19171455296702627
1361,271.25,-48.75,48.75,0.0,2,0.1924619706928828
1362,273.75,-48.75,48.75,0.0,2,0.193499419832011
1363,276.25,-48.75,48.75,0.0,2,0.2050430812480188
1364,278.75,-48.75,48.75,0.0,2,0.2503862469559886
1365,281.25,-48.75,48.75,0.0,1,0.2046891048107745
1366,283.75,-48.75,48.75,0.0,1,0.1968493335795636
1367,293.75,-48.75,48.75,0.0,1,0.3690709354182998
1368,296.25,-48.75,48.75,0.0,1,0.3894981084597785
1369,298.75,-48.75,48.75,0.0,1,0.3341578903223741
1370,301.25,-48.75,48.75,0.0,1,0.2707376237209473
1371,303.75,-48.75,48.75,0.0,1,0.23759502790220405
1372,306.25,-48.75,48.75,0.0,1,0.21099381642582193
1373,308.75,-48.75,48.75,0.0,1,0.22954625253907182
1374,311.25,-48.75,48.75,0.0,1,0.2726432015843579
1375,313.75,-48.75,48.75,0.0,1,0.29270654784611977
1376,316.25,-48.75,48.75,0.0,1,0.29334110629541094
1377,318.75,-48.75,48.75,0.0,1,0.3081056666255582
1378,321.25,-48.75,48.75,0.0,1,0.3405264594527657
1379,323.75,-48.75,48.75,0.0,1,0.3571328731265474
1380,326.25,-48.75,48.75,0.0,1,0.37343776307150117
1381,328.75,-48.75,48.75,0.0,1,0.3847340097658507
1382,331.25,-48.75,48.75,0.0,1,0.3971994930004252
1383,333.75,-48.75,48.75,0.0,1,0.3954403171352574
1384,336.25,-48.75,48.75,0.0,1,0.3558542838461221
1385,338.75,-48.75,48.75,0.0,1,0.32454366988197897
1386,341.25,-48.75,48.75,0.0,1,0.3233342079552071
1387,343.75,-48.75,48.75,0.0,1,0.33315195555497684
1388,346.25,-48.75,48.75,0.0,1,0.3326106024586604
1389,348.75,-48.75,48.75,0.0,1,0.3135282770437724
1390,351.25,-48.75,48.75,0.0,1,0.29004565396561005
1391,353.75,-48.75,48.75,0.0,1,0.31140137545192614
1392,356.25,-48.75,48.75,0.0,1,0.33138222123678257
1393,358.75,-48.75,48.75,0.0,1,0.3217600914927383
1394,1.25,-46.25,46.25,0.0,1,0.3943431169171509
1395,3.75,-46.25,46.25,0.0,1,0.3827289445161546
1396,6.25,-46.25,46.25,0.0,1,0.3834474447393892
1397,8.75,-46.25,46.25,0.0,1,0.39490221952568694
1398,11.25,-46.25,46.25,0.0,1,0.4079948324290691
1399,13.75,-46.25,46.25,0.0,1,0.4034725417566306
1400,16.25,-46.25,46.25,0.0,1,0.38078030282568154
1401,18.75,-46.25,46.25,0.0,1,0.3375011530813834
1402,21.25,-46.25,46.25,0.0,1,0.3128086453586116
1403,23.75,-46.25,46.25,0.0,1,0.3089267932489964
1404,26.25,-46.25,46.25,0.0,1,0.3027351204833611
1405,28.75,-46.25,46.25,0.0,1,0.2941582919097617
1406,31.25,-46.25,46.25,0.0,3,0.30781530099602616
1407,33.75,-46.25,46.25,0.0,3,0.302981051118333
1408,36.25,-46.25,46.25,0.0,3,0.27887601288102826
1409,38.75,-46.25,46.25,0.0,3,0.2622033294395126
1410,41.25,-46.25,46.25,0.0,3,0.25020089061045925
1411,43.75,-46.25,46.25,0.0,3,0.22983899334139274
1412,46.25,-46.25,46.25,0.0,3,0.23941550804335326
1413,48.75,-46.25,46.25,0.0,3,0.26111219784453216
1414,51.25,-46.25,46.25,0.0,3,0.258714624737391
1415,53.75,-46.25,46.25,0.0,3,0.2551472233083289
1416,56.25,-46.25,46.25,0.0,3,0.2326988478905527
1417,58.75,-46.25,46.25,0.0,3,0.20287382831797385
1418,61.25,-46.25,46.25,0.0,3,0.1889740676429172
1419,63.75,-46.25,46.25,0.0,3,0.19310611767392216
1420,66.25,-46.25,46.25,0.0,3,0.22723866234419732
1421,68.75,-46.25,46.25,0.0,3,0.2671519578658121
1422,71.25,-46.25,46.25,0.0,3,0.27333318857112693
1423,73.75,-46.25,46.25,0.0,3,0.2950503360823534
1424,76.25,-46.25,46.25,0.0,3,0.34891724447018485
1425,78.75,-46.25,46.25,0.0,3,0.39932499051297615
1426,81.25,-46.25,46.25,0.0,3,0.38601999695453476
1427,83.75,-46.25,46.25,0.0,3,0.3530516713318115
1428,86.25,-46.25,46.25,0.0,3,0.3541301037540335
1429,88.75,-46.25,46.25,0.0,3,0.3722703677782129
1430,91.25,-46.25,46.25,0.0,3,0.3892796944497667
1431,93.75,-46.25,46.25,0.0,3,0.40319678796617736
1432,96.25,-46.25,46.25,0.0,3,0.3840439208398454
1433,98.75,-46.25,46.25,0.0,3,0.34896919240831115
1434,101.25,-46.25,46.25,0.0,3,0.3337492251993742
1435,103.75,-46.25,46.25,0.0,3,0.3128195697399996
1436,106.25,-46.25,46.25,0.0,3,0.27975505801617423
1437,108.75,-46.25,46.25,0.0,3,0.23783582998807273
1438,111.25,-46.25,46.25,0.0,3,0.20394964032276214
1439,113.75,-46.25,46.25,0.0,3,0.16703786709205762
1440,116.25,-46.25,46.25,0.0,3,0.13968023649005928
1441,118.75,-46.25,46.25,0.0,3,0.11581181974320107
1442,121.25,-46.25,46.25,0.0,2,0.1023776044840889
1443,123.75,-46.25,46.25,0.0,2,0.0852650095080409
1444,126.25,-46.25,46.25,0.0,2,0.07017936378590793
1445,128.75,-46.25,46.25,0.0,2,0.05189932148013
1446,131.25,-46.25,46.25,0.0,2,0.04159144534694086
1447,133.75,-46.25,46.25,0.0,2,0.030470359675961407
1448,136.25,-46.25,46.25,0.0,2,0.019195257955035634
1449,138.75,-46.25,46.25,0.0,2,0.019125337094946373
1450,141.25,-46.25,46.25,0.0,2,0.14712121408690926
1451,143.75,-46.25,46.25,0.0,2,0.3746167987074142
1452,146.25,-46.25,46.25,0.0,2,0.4831689634023214
1453,148.75,-46.25,46.25,0.0,2,0.5373423555206527
1454,151.25,-46.25,46.25,0.0,2,0.44706520611446154
1455,153.75,-46.25,46.25,0.0,2,0.26215598254503497
1456,156.25,-46.25,46.25,0.0,2,0.19769770464265504
1457,158.75,-46.25,46.25,0.0,2,0.18218998029149042
1458,161.25,-46.25,46.25,0.0,2,0.16020438996601422
1459,163.75,-46.25,46.25,0.0,2,0.1941958583356856
1460,166.25,-46.25,46.25,0.0,2,0.32385230219750855
1461,168.75,-46.25,46.25,0.0,2,0.2773196362577256
1462,171.25,-46.25,46.25,0.0,2,0.24793796670018436
1463,173.75,-46.25,46.25,0.0,2,0.21426655534681863
1464,176.25,-46.25,46.25,0.0,2,0.19089019993453396
1465,178.75,-46.25,46.25,0.0,2,0.2066071369085216
1466,181.25,-46.25,46.25,0.0,2,0.23775660331242518
1467,183.75,-46.25,46.25,0.0,2,0.281965230477378
1468,186.25,-46.25,46.25,0.0,2,0.2868109717711641
1469,188.75,-46.25,46.25,0.0,2,0.29674616516013647
1470,191.25,-46.25,46.25,0.0,2,0.2885406443948128
1471,193.75,-46.25,46.25,0.0,2,0.27617065466823104
1472,196.25,-46.25,46.25,0.0,2,0.2708192043675163
1473,198.75,-46.25,46.25,0.0,2,0.2683435582982501
1474,201.25,-46.25,46.25,0.0,2,0.28000078986699395
1475,203.75,-46.25,46.25,0.0,2,0.30786748571411326
1476,206.25,-46.25,46.25,0.0,2,0.3200550081957698
1477,208.75,-46.25,46.25,0.0,2,0.3173783411560275
1478,211.25,-46.25,46.25,0.0,2,0.3054039083322723
1479,213.75,-46.25,46.25,0.0,2,0.2867207077150025
1480,216.25,-46.25,46.25,0.0,2,0.27374768068511723
1481,218.75,-46.25,46.25,0.0,2,0.2624375895052736
1482,221.25,-46.25,46.25,0.0,2,0.2518461494103637
1483,223.75,-46.25,46.25,0.0,2,0.2377190090507732
1484,226.25,-46.25,46.25,0.0,2,0.23115969712761777
1485,228.75,-46.25,46.25,0.0,2,0.23251333036529337
1486,231.25,-46.25,46.25,0.0,2,0.2369476658970748
1487,233.75,-46.25,46.25,0.0,2,0.23473336489317184
1488,236.25,-46.25,46.25,0.0,2,0.22754119529282696
1489,238.75,-46.25,46.25,0.0,2,0.2222232626244973
1490,241.25,-46.25,46.25,0.0,2,0.2190223539748123
1491,243.75,-46.25,46.25,0.0,2,0.2139760425473743
1492,246.25,-46.25,46.25,0.0,2,0.21229378220271614
1493,248.75,-46.25,46.25,0.0,2,0.21564409986758035
1494,251.25,-46.25,46.25,0.0,2,0.21897079329967198
1495,253.75,-46.25,46.25,0.0,2,0.21609157937813028
1496,256.25,-46.25,46.25,0.0,2,0.2106029182387032
1497,258.75,-46.25,46.25,0.0,2,0.2080327258181258
1498,261.25,-46.25,46.25,0.0,2,0.21363667347119814
1499,263.75,-46.25,46.25,0.0,2,0.22896057819554602
1500,266.25,-46.25,46.25,0.0,2,0.24013774184157682
1501,268.75,-46.25,46.25,0.0,2,0.24557156381729156
1502,271.25,-46.25,46.25,0.0,2,0.2475420406758194
1503,273.75,-46.25,46.25,0.0,2,0.24904336791783002
1504,276.25,-46.25,46.25,0.0,2,0.25278324233752925
1505,278.75,-46.25,46.25,0.0,2,0.22487413889951707
1506,281.25,-46.25,46.25,0.0,1,0.20652341061572405
1507,283.75,-46.25,46.25,0.0,1,0.24371167780181632
1508,293.75,-46.25,46.25,0.0,1,0.3459045339015899
1509,296.25,-46.25,46.25,0.0,1,0.37553259780725845
1510,298.75,-46.25,46.25,0.0,1,0.36945305845710746
1511,301.25,-46.25,46.25,0.0,1,0.31900513545203474
1512,303.75,-46.25,46.25,0.0,1,0.2964999213842635
1513,306.25,-46.25,46.25,0.0,1,0.2956356063811971
1514,308.75,-46.25,46.25,0.0,1,0.3033622487530454
1515,311.25,-46.25,46.25,0.0,1,0.3146393476287129
1516,313.75,-46.25,46.25,0.0,1,0.33079205741489925
1517,316.25,-46.25,46.25,0.0,1,0.3349884658428187
1518,318.75,-46.25,46.25,0.0,1,0.3411685754762889
1519,321.25,-46.25,46.25,0.0,1,0.34972682658649146
1520,323.75,-46.25,46.25,0.0,1,0.35899187911052144
1521,326.25,-46.25,46.25,0.0,1,0.36692232124678237
1522,328.75,-46.25,46.25,0.0,1,0.3603958541975089
1523,331.25,-46.25,46.25,0.0,1,0.34839285857811253
1524,333.75,-46.25,46.25,0.0,1,0.3462968179833842
1525,336.25,-46.25,46.25,0.0,1,0.3347620976653989
1526,338.75,-46.25,46.25,0.0,1,0.3301620313158078
1527,341.25,-46.25,46.25,0.0,1,0.35447522145057186
1528,343.75,-46.25,46.25,0.0,1,0.38260316626210505
1529,346.25,-46.25,46.25,0.0,1,0.3892318101380293
1530,348.75,-46.25,46.25,0.0,1,0.39599122238394235
1531,351.25,-46.25,46.25,0.0,1,0.4118531005840182
1532,353.75,-46.25,46.25,0.0,1,0.41051691447732236
1533,356.25,-46.25,46.25,0.0,1,0.41229182283526883
1534,358.75,-46.25,46.25,0.0,1,0.4064826960619414
1535,1.25,-43.75,43.75,0.0,1,0.4484827576281056
1536,3.75,-43.75,43.75,0.0,1,0.4539622584883428
1537,6.25,-43.75,43.75,0.0,1,0.4608229563408077
1538,8.75,-43.75,43.75,0.0,1,0.4556310609959845
1539,11.25,-43.75,43.75,0.0,1,0.44141463218633686
1540,13.75,-43.75,43.75,0.0,1,0.42373902556429954
1541,16.25,-43.75,43.75,0.0,1,0.4005585980643335
1542,18.75,-43.75,43.75,0.0,1,0.3608708927682478
1543,21.25,-43.75,43.75,0.0,1,0.3590776728838801
1544,23.75,-43.75,43.75,0.0,1,0.3803784644248845
1545,26.25,-43.75,43.75,0.0,1,0.3774483315183955
1546,28.75,-43.75,43.75,0.0,1,0.3628542949031397
1547,31.25,-43.75,43.75,0.0,3,0.3553057029595014
1548,33.75,-43.75,43.75,0.0,3,0.34648453757142395
1549,36.25,-43.75,43.75,0.0,3,0.3439518221640427
1550,38.75,-43.75,43.75,0.0,3,0.3392998904262162
1551,41.25,-43.75,43.75,0.0,3,0.3334094995226057
1552,43.75,-43.75,43.75,0.0,3,0.30910126433836455
1553,46.25,-43.75,43.75,0.0,3,0.27592689935862963
1554,48.75,-43.75,43.75,0.0,3,0.2740164318366297
1555,51.25,-43.75,43.75,0.0,3,0.2888507449139099
1556,53.75,-43.75,43.75,0.0,3,0.310445520850149
1557,56.25,-43.75,43.75,0.0,3,0.3220952119362319
1558,58.75,-43.75,43.75,0.0,3,0.3095238624103284
1559,61.25,-43.75,43.75,0.0,3,0.29884434786308683
1560,63.75,-43.75,43.75,0.0,3,0.2893064678707411
1561,66.25,-43.75,43.75,0.0,3,0.2757215848211574
1562,68.75,-43.75,43.75,0.0,3,0.2948049120605285
1563,71.25,-43.75,43.75,0.0,3,0.32375959705526075
1564,73.75,-43.75,43.75,0.0,3,0.34679250259129607
1565,76.25,-43.75,43.75,0.0,3,0.3557922318775924
1566,78.75,-43.75,43.75,0.0,3,0.36356189786028315
1567,81.25,-43.75,43.75,0.0,3,0.3666843660667356
1568,83.75,-43.75,43.75,0.0,3,0.36265244014416315
1569,86.25,-43.75,43.75,0.0,3,0.36371634286164606
1570,88.75,-43.75,43.75,0.0,3,0.3731728337143047
1571,91.25,-43.75,43.75,0.0,3,0.37480465470763047
1572,93.75,-43.75,43.75,0.0,3,0.35761963869950525
1573,96.25,-43.75,43.75,0.0,3,0.33318628634488057
1574,98.75,-43.75,43.75,0.0,3,0.3098193183435313
1575,101.25,-43.75,43.75,0.0,3,0.2964776482667649
1576,103.75,-43.75,43.75,0.0,3,0.2678783744670661
1577,106.25,-43.75,43.75,0.0,3,0.24287893396294966
1578,108.75,-43.75,43.75,0.0,3,0.2166932005097164
1579,111.25,-43.75,43.75,0.0,3,0.2018040290888684
1580,113.75,-43.75,43.75,0.0,3,0.18545321959019442
1581,116.25,-43.75,43.75,0.0,3,0.1738405617855951
1582,118.75,-43.75,43.75,0.0,3,0.15426802771950365
1583,121.25,-43.75,43.75,0.0,2,0.13427873622837005
1584,123.75,-43.75,43.75,0.0,2,0.10988951535302974
1585,126.25,-43.75,43.75,0.0,2,0.09224909661643241
1586,128.75,-43.75,43.75,0.0,2,0.0703922450450402
1587,131.25,-43.75,43.75,0.0,2,0.05160244735311015
1588,133.75,-43.75,43.75,0.0,2,0.022303347834413758
1589,136.25,-43.75,43.75,0.0,2,0.012547705976998566
1590,138.75,-43.75,43.75,0.0,2,0.1141310492621423
1591,141.25,-43.75,43.75,0.0,2,0.23103553114819447
1592,143.75,-43.75,43.75,0.0,2,0.2535105388114855
1593,146.25,-43.75,43.75,0.0,2,0.3342763358491742
1594,148.75,-43.75,43.75,0.0,2,0.5799757778124817
1595,151.25,-43.75,43.75,0.0,2,0.7183184693969047
1596,153.75,-43.75,43.75,0.0,2,0.4483219814179986
1597,156.25,-43.75,43.75,0.0,2,0.2518654279376872
1598,158.75,-43.75,43.75,0.0,2,0.26573197315328734
1599,161.25,-43.75,43.75,0.0,2,0.23497680347326666
1600,163.75,-43.75,43.75,0.0,2,0.251629884577741
1601,166.25,-43.75,43.75,0.0,2,0.34036609222932035
1602,168.75,-43.75,43.75,0.0,2,0.3443974497439909
1603,171.25,-43.75,43.75,0.0,2,0.28435943259268903
1604,173.75,-43.75,43.75,0.0,2,0.2842433024766364
1605,176.25,-43.75,43.75,0.0,2,0.33337833568641534
1606,178.75,-43.75,43.75,0.0,2,0.37242414323282735
1607,181.25,-43.75,43.75,0.0,2,0.42767319776414814
1608,183.75,-43.75,43.75,0.0,2,0.43257132971572493
1609,186.25,-43.75,43.75,0.0,2,0.44273994272963857
1610,188.75,-43.75,43.75,0.0,2,0.3815308211595012
1611,191.25,-43.75,43.75,0.0,2,0.37128526756325864
1612,193.75,-43.75,43.75,0.0,2,0.37782438261248624
1613,196.25,-43.75,43.75,0.0,2,0.3727212247162756
1614,198.75,-43.75,43.75,0.0,2,0.3638429988633503
1615,201.25,-43.75,43.75,0.0,2,0.3541618224081237
1616,203.75,-43.75,43.75,0.0,2,0.3419270126251852
1617,206.25,-43.75,43.75,0.0,2,0.3307666462082806
1618,208.75,-43.75,43.75,0.0,2,0.31392568922190506
1619,211.25,-43.75,43.75,0.0,2,0.3019076839843031
1620,213.75,-43.75,43.75,0.0,2,0.2897048193873605
1621,216.25,-43.75,43.75,0.0,2,0.2831672672431751
1622,218.75,-43.75,43.75,0.0,2,0.27883516830184174
1623,221.25,-43.75,43.75,0.0,2,0.2778711417263371
1624,223.75,-43.75,43.75,0.0,2,0.27895127601383546
1625,226.25,-43.75,43.75,0.0,2,0.2802764369130062
1626,228.75,-43.75,43.75,0.0,2,0.2807091734276552
1627,231.25,-43.75,43.75,0.0,2,0.27758120159500776
1628,233.75,-43.75,43.75,0.0,2,0.27097474623922296
1629,236.25,-43.75,43.75,0.0,2,0.267580638224907
1630,238.75,-43.75,43.75,0.0,2,0.26707139592683915
1631,241.25,-43.75,43.75,0.0,2,0.2669382458296912
1632,243.75,-43.75,43.75,0.0,2,0.26578719297939263
1633,246.25,-43.75,43.75,0.0,2,0.26687863206921597
1634,248.75,-43.75,43.75,0.0,2,0.2688746743242427
1635,251.25,-43.75,43.75,0.0,2,0.26762367659138947
1636,253.75,-43.75,43.75,0.0,2,0.26140518053091844
1637,256.25,-43.75,43.75,0.0,2,0.2602159435176202
1638,258.75,-43.75,43.75,0.0,2,0.2603997531281602
1639,261.25,-43.75,43.75,0.0,2,0.26382890422054806
1640,263.75,-43.75,43.75,0.0,2,0.27161451732699887
1641,266.25,-43.75,43.75,0.0,2,0.2761276440059788
1642,268.75,-43.75,43.75,0.0,2,0.27880390822804485
1643,271.25,-43.75,43.75,0.0,2,0.27855854625885845
1644,273.75,-43.75,43.75,0.0,2,0.2738127400259517
1645,276.25,-43.75,43.75,0.0,2,0.23838380300182868
1646,278.75,-43.75,43.75,0.0,2,0.14339781925125153
1647,281.25,-43.75,43.75,0.0,1,0.2057280869587291
1648,283.75,-43.75,43.75,0.0,1,0.22359163190278689
1649,286.25,-43.75,43.75,0.0,1,0.2744340062172917
1650,296.25,-43.75,43.75,0.0,1,0.35547301818827926
1651,298.75,-43.75,43.75,0.0,1,0.4493169519589541
1652,301.25,-43.75,43.75,0.0,1,0.41465031978144357
1653,303.75,-43.75,43.75,0.0,1,0.4917204148388659
1654,306.25,-43.75,43.75,0.0,1,0.6957840480621458
1655,308.75,-43.75,43.75,0.0,1,0.734957865872479
1656,311.25,-43.75,43.75,0.0,1,0.6564444191226655
1657,313.75,-43.75,43.75,0.0,1,0.5461965616826145
1658,316.25,-43.75,43.75,0.0,1,0.5251487273343299
1659,318.75,-43.75,43.75,0.0,1,0.5110834137545726
1660,321.25,-43.75,43.75,0.0,1,0.4911869796258806
1661,323.75,-43.75,43.75,0.0,1,0.4727512778460076
1662,326.25,-43.75,43.75,0.0,1,0.46396709942991793
1663,328.75,-43.75,43.75,0.0,1,0.432104569768507
1664,331.25,-43.75,43.75,0.0,1,0.4091854171803996
1665,333.75,-43.75,43.75,0.0,1,0.40763086230827644
1666,336.25,-43.75,43.75,0.0,1,0.41048145780007184
1667,338.75,-43.75,43.75,0.0,1,0.4467016668129813
1668,341.25,-43.75,43.75,0.0,1,0.4846274594894737
1669,343.75,-43.75,43.75,0.0,1,0.4984927917478127
1670,346.25,-43.75,43.75,0.0,1,0.4907784755740948
1671,348.75,-43.75,43.75,0.0,1,0.4526836469491591
1672,351.25,-43.75,43.75,0.0,1,0.45493208914658806
1673,353.75,-43.75,43.75,0.0,1,0.44658565439018655
1674,356.25,-43.75,43.75,0.0,1,0.45612600720072943
1675,358.75,-43.75,43.75,0.0,1,0.4516083733180297
1676,1.25,-41.25,41.25,0.0,1,0.40410042551127373
1677,3.75,-41.25,41.25,0.0,1,0.46091510358231935
1678,6.25,-41.25,41.25,0.0,1,0.4859418492771522
1679,8.75,-41.25,41.25,0.0,1,0.47703918518425603
1680,11.25,-41.25,41.25,0.0,1,0.4533137376613926
1681,13.75,-41.25,41.25,0.0,1,0.4423902934979672
1682,16.25,-41.25,41.25,0.0,1,0.4050219429494797
1683,18.75,-41.25,41.25,0.0,1,0.4008034927292912
1684,21.25,-41.25,41.25,0.0,1,0.44517329101704284
1685,23.75,-41.25,41.25,0.0,1,0.4628203506088881
1686,26.25,-41.25,41.25,0.0,1,0.4557303748762785
1687,28.75,-41.25,41.25,0.0,1,0.4488888572493618
1688,31.25,-41.25,41.25,0.0,3,0.42230020039450555
1689,33.75,-41.25,41.25,0.0,3,0.40216493614903737
1690,36.25,-41.25,41.25,0.0,3,0.39678207209757677
1691,38.75,-41.25,41.25,0.0,3,0.3971665117808054
1692,41.25,-41.25,41.25,0.0,3,0.4115366131090953
1693,43.75,-41.25,41.25,0.0,3,0.38172201166512565
1694,46.25,-41.25,41.25,0.0,3,0.3189925487645322
1695,48.75,-41.25,41.25,0.0,3,0.304592189251101
1696,51.25,-41.25,41.25,0.0,3,0.2889396903318331
1697,53.75,-41.25,41.25,0.0,3,0.2659578938086407
1698,56.25,-41.25,41.25,0.0,3,0.25014459437245135
1699,58.75,-41.25,41.25,0.0,3,0.2515803804404473
1700,61.25,-41.25,41.25,0.0,3,0.26817041369192507
1701,63.75,-41.25,41.25,0.0,3,0.27868674233399787
1702,66.25,-41.25,41.25,0.0,3,0.2815003021741349
1703,68.75,-41.25,41.25,0.0,3,0.2841502710787134
1704,71.25,-41.25,41.25,0.0,3,0.28593332256423254
1705,73.75,-41.25,41.25,0.0,3,0.285071902144928
1706,76.25,-41.25,41.25,0.0,3,0.28680714770366955
1707,78.75,-41.25,41.25,0.0,3,0.29689002658804825
1708,81.25,-41.25,41.25,0.0,3,0.3162429117253352
1709,83.75,-41.25,41.25,0.0,3,0.3189509417486587
1710,86.25,-41.25,41.25,0.0,3,0.308883699019604
1711,88.75,-41.25,41.25,0.0,3,0.307589579128963
1712,91.25,-41.25,41.25,0.0,3,0.30580079422484524
1713,93.75,-41.25,41.25,0.0,3,0.298347107005529
1714,96.25,-41.25,41.25,0.0,3,0.296937781026549
1715,98.75,-41.25,41.25,0.0,3,0.2986196513343391
1716,101.25,-41.25,41.25,0.0,3,0.2906749259988373
1717,103.75,-41.25,41.25,0.0,3,0.28165752478494277
1718,106.25,-41.25,41.25,0.0,3,0.26698714162875364
1719,108.75,-41.25,41.25,0.0,3,0.2560465447366541
1720,111.25,-41.25,41.25,0.0,3,0.2415588160901126
1721,113.75,-41.25,41.25,0.0,3,0.22716054464352628
1722,116.25,-41.25,41.25,0.0,3,0.2025974364727539
1723,118.75,-41.25,41.25,0.0,3,0.18477020007774692
1724,121.25,-41.25,41.25,0.0,2,0.1648298153841731
1725,123.75,-41.25,41.25,0.0,2,0.15198566371416972
1726,126.25,-41.25,41.25,0.0,2,0.12742457385179898
1727,128.75,-41.25,41.25,0.0,2,0.09535827609873573
1728,131.25,-41.25,41.25,0.0,2,0.04856301222499408
1729,133.75,-41.25,41.25,0.0,2,0.013901844721273834
1730,136.25,-41.25,41.25,0.0,2,-0.0011008368599214335
1731,138.75,-41.25,41.25,0.0,2,0.03603544115106637
1732,141.25,-41.25,41.25,0.0,2,0.0937545982738819
1733,143.75,-41.25,41.25,0.0,2,0.18369205868485333
1734,146.25,-41.25,41.25,0.0,0,0.20556496244180444
1735,148.75,-41.25,41.25,0.0,2,0.4286268334589786
1736,151.25,-41.25,41.25,0.0,2,0.8067192024922217
1737,153.75,-41.25,41.25,0.0,2,0.6195348518210898
1738,156.25,-41.25,41.25,0.0,2,0.2766954353131242
1739,158.75,-41.25,41.25,0.0,2,0.3044771905266696
1740,161.25,-41.25,41.25,0.0,2,0.3097995611159366
1741,163.75,-41.25,41.25,0.0,2,0.29526076236450105
1742,166.25,-41.25,41.25,0.0,2,0.3739650092114125
1743,168.75,-41.25,41.25,0.0,2,0.37330480885287054
1744,171.25,-41.25,41.25,0.0,2,0.42861716166438
1745,173.75,-41.25,41.25,0.0,2,0.47625025410404587
1746,176.25,-41.25,41.25,0.0,2,0.4276177679164094
1747,178.75,-41.25,41.25,0.0,2,0.4744472334086901
1748,181.25,-41.25,41.25,0.0,2,0.4984764025215356
1749,183.75,-41.25,41.25,0.0,2,0.49439879243714624
1750,186.25,-41.25,41.25,0.0,2,0.47876809427666717
1751,188.75,-41.25,41.25,0.0,2,0.40999937914732193
1752,191.25,-41.25,41.25,0.0,2,0.39305117516478255
1753,193.75,-41.25,41.25,0.0,2,0.3922238491610843
1754,196.25,-41.25,41.25,0.0,2,0.38508988490743246
1755,198.75,-41.25,41.25,0.0,2,0.3821300544959552
1756,201.25,-41.25,41.25,0.0,2,0.37910959431292074
1757,203.75,-41.25,41.25,0.0,2,0.37706621385359207
1758,206.25,-41.25,41.25,0.0,2,0.3738125891618325
1759,208.75,-41.25,41.25,0.0,2,0.3647248321468556
1760,211.25,-41.25,41.25,0.0,2,0.34930379968922065
1761,213.75,-41.25,41.25,0.0,2,0.3431974016416923
1762,216.25,-41.25,41.25,0.0,2,0.34335095753603445
1763,218.75,-41.25,41.25,0.0,2,0.34431035590499304
1764,221.25,-41.25,41.25,0.0,2,0.3450598173439613
1765,223.75,-41.25,41.25,0.0,2,0.3460020722738668
1766,226.25,-41.25,41.25,0.0,2,0.3443728680726841
1767,228.75,-41.25,41.25,0.0,2,0.33890163383087146
1768,231.25,-41.25,41.25,0.0,2,0.32800322101676366
1769,233.75,-41.25,41.25,0.0,2,0.31990377943368764
1770,236.25,-41.25,41.25,0.0,2,0.31543557722814786
1771,238.75,-41.25,41.25,0.0,2,0.3143606114946003
1772,241.25,-41.25,41.25,0.0,2,0.3129779286636984
1773,243.75,-41.25,41.25,0.0,2,0.3141525003970877
1774,246.25,-41.25,41.25,0.0,2,0.3173689417205698
1775,248.75,-41.25,41.25,0.0,2,0.3158072042585933
1776,251.25,-41.25,41.25,0.0,2,0.3063941992389989
1777,253.75,-41.25,41.25,0.0,2,0.29934131098041067
1778,256.25,-41.25,41.25,0.0,2,0.2907011248547743
1779,258.75,-41.25,41.25,0.0,2,0.28366950153372616
1780,261.25,-41.25,41.25,0.0,2,0.2762398151221237
1781,263.75,-41.25,41.25,0.0,2,0.2738533709841506
1782,266.25,-41.25,41.25,0.0,2,0.274235960816368
1783,268.75,-41.25,41.25,0.0,2,0.27535592656457974
1784,271.25,-41.25,41.25,0.0,2,0.26597860510001053
1785,273.75,-41.25,41.25,0.0,2,0.24506372440389526
1786,276.25,-41.25,41.25,0.0,2,0.13301530440214573
1787,278.75,-41.25,41.25,0.0,2,0.09814768127058743
1788,281.25,-41.25,41.25,0.0,1,0.22689206889014257
1789,283.75,-41.25,41.25,0.0,1,0.19765050676033677
1790,286.25,-41.25,41.25,0.0,1,0.14107032258127705
1791,296.25,-41.25,41.25,0.0,1,0.32943730420210315
1792,298.75,-41.25,41.25,0.0,1,0.4406538531035274
1793,301.25,-41.25,41.25,0.0,1,0.6059129308141886
1794,303.75,-41.25,41.25,0.0,1,0.781730869477928
1795,306.25,-41.25,41.25,0.0,1,0.3429950961511048
1796,308.75,-41.25,41.25,0.0,1,0.2564742949791752
1797,311.25,-41.25,41.25,0.0,1,0.4282881985889523
1798,313.75,-41.25,41.25,0.0,1,0.5635004473542917
1799,316.25,-41.25,41.25,0.0,1,0.5258091916843245
1800,318.75,-41.25,41.25,0.0,1,0.480632206256459
1801,321.25,-41.25,41.25,0.0,1,0.45548601505380726
1802,323.75,-41.25,41.25,0.0,1,0.4430877761477054
1803,326.25,-41.25,41.25,0.0,1,0.42924877546905066
1804,328.75,-41.25,41.25,0.0,1,0.42242970352065945
1805,331.25,-41.25,41.25,0.0,1,0.4248927895623572
1806,333.75,-41.25,41.25,0.0,1,0.4290599674315796
1807,336.25,-41.25,41.25,0.0,1,0.4526658572894317
1808,338.75,-41.25,41.25,0.0,1,0.5110820929917012
1809,341.25,-41.25,41.25,0.0,1,0.5994887358262743
1810,343.75,-41.25,41.25,0.0,1,0.5751280238653206
1811,346.25,-41.25,41.25,0.0,1,0.40365784015478545
1812,348.75,-41.25,41.25,0.0,1,0.3245042994251475
1813,351.25,-41.25,41.25,0.0,1,0.3543459466256132
1814,353.75,-41.25,41.25,0.0,1,0.3760031779360778
1815,356.25,-41.25,41.25,0.0,1,0.38258687553220955
1816,358.75,-41.25,41.25,0.0,1,0.3657197858518106
1817,1.25,-38.75,38.75,0.0,1,0.4473724822267855
1818,3.75,-38.75,38.75,0.0,1,0.41997739766824493
1819,6.25,-38.75,38.75,0.0,1,0.36038629562785834
1820,8.75,-38.75,38.75,0.0,1,0.3569353901553475
1821,11.25,-38.75,38.75,0.0,1,0.3844862151756072
1822,13.75,-38.75,38.75,0.0,1,0.38474057867936917
1823,16.25,-38.75,38.75,0.0,1,0.3863959539945816
1824,18.75,-38.75,38.75,0.0,1,0.40577835881119717
1825,21.25,-38.75,38.75,0.0,1,0.4198601446596489
1826,23.75,-38.75,38.75,0.0,1,0.40632849159761325
1827,26.25,-38.75,38.75,0.0,1,0.3443410407389705
1828,28.75,-38.75,38.75,0.0,1,0.2817045725116752
1829,31.25,-38.75,38.75,0.0,3,0.26498229785827115
1830,33.75,-38.75,38.75,0.0,3,0.27264715697281244
1831,36.25,-38.75,38.75,0.0,3,0.26453273484715545
1832,38.75,-38.75,38.75,0.0,3,0.22026250032021097
1833,41.25,-38.75,38.75,0.0,3,0.20201373378082776
1834,43.75,-38.75,38.75,0.0,3,0.1792172033480263
1835,46.25,-38.75,38.75,0.0,3,0.16876369803335617
1836,48.75,-38.75,38.75,0.0,3,0.16329936403092823
1837,51.25,-38.75,38.75,0.0,3,0.15868862051539112
1838,53.75,-38.75,38.75,0.0,3,0.16190930134988235
1839,56.25,-38.75,38.75,0.0,3,0.1738454851794897
1840,58.75,-38.75,38.75,0.0,3,0.18840013455627247
1841,61.25,-38.75,38.75,0.0,3,0.19418270058950976
1842,63.75,-38.75,38.75,0.0,3,0.1933069645784521
1843,66.25,-38.75,38.75,0.0,3,0.1969490394733808
1844,68.75,-38.75,38.75,0.0,3,0.21001413337470962
1845,71.25,-38.75,38.75,0.0,3,0.22002613424229683
1846,73.75,-38.75,38.75,0.0,3,0.2311741473500324
1847,76.25,-38.75,38.75,0.0,3,0.24379252861862022
1848,78.75,-38.75,38.75,0.0,3,0.2658302995521888
1849,81.25,-38.75,38.75,0.0,3,0.27933668902957365
1850,83.75,-38.75,38.75,0.0,3,0.284923142971185
1851,86.25,-38.75,38.75,0.0,3,0.2976560199062142
1852,88.75,-38.75,38.75,0.0,3,0.32005602800618294
1853,91.25,-38.75,38.75,0.0,3,0.33722799677890725
1854,93.75,-38.75,38.75,0.0,3,0.35179408703380843
1855,96.25,-38.75,38.75,0.0,3,0.35915176222819956
1856,98.75,-38.75,38.75,0.0,3,0.35977920482462805
1857,101.25,-38.75,38.75,0.0,3,0.3518951901216695
1858,103.75,-38.75,38.75,0.0,3,0.3383819496458186
1859,106.25,-38.75,38.75,0.0,3,0.32319537595539843
1860,108.75,-38.75,38.75,0.0,3,0.2987883649834988
1861,111.25,-38.75,38.75,0.0,3,0.2725970917429956
1862,113.75,-38.75,38.75,0.0,3,0.2577054812169719
1863,116.25,-38.75,38.75,0.0,3,0.25568234150487656
1864,118.75,-38.75,38.75,0.0,3,0.23921423037232983
1865,121.25,-38.75,38.75,0.0,2,0.2222310657899302
1866,123.75,-38.75,38.75,0.0,2,0.19490592832189788
1867,126.25,-38.75,38.75,0.0,2,0.15551975395577486
1868,128.75,-38.75,38.75,0.0,2,0.11822817306446398
1869,131.25,-38.75,38.75,0.0,2,0.11341757215713265
1870,133.75,-38.75,38.75,0.0,2,0.10435096438409373
1871,136.25,-38.75,38.75,0.0,2,0.10465165936600726
1872,138.75,-38.75,38.75,0.0,2,0.17345645467274148
1873,141.25,-38.75,38.75,0.0,2,0.16413002755305464
1874,143.75,-38.75,38.75,0.0,2,0.20392060284340097
1875,146.25,-38.75,38.75,0.0,2,0.20458466063638364
1876,148.75,-38.75,38.75,0.0,2,0.4239599529314647
1877,151.25,-38.75,38.75,0.0,2,0.8212670798796432
1878,153.75,-38.75,38.75,0.0,2,0.6200922872498764
1879,156.25,-38.75,38.75,0.0,2,0.3163822973747441
1880,158.75,-38.75,38.75,0.0,2,0.344406880230701
1881,161.25,-38.75,38.75,0.0,2,0.3997742332425468
1882,163.75,-38.75,38.75,0.0,2,0.36257754547693816
1883,166.25,-38.75,38.75,0.0,2,0.42904073374820056
1884,168.75,-38.75,38.75,0.0,2,0.43164277926078154
1885,171.25,-38.75,38.75,0.0,2,0.4436435462671994
1886,173.75,-38.75,38.75,0.0,2,0.4634494306177184
1887,178.75,-38.75,38.75,0.0,2,0.5454689737284811
1888,181.25,-38.75,38.75,0.0,2,0.5498424897946794
1889,183.75,-38.75,38.75,0.0,2,0.5301065794488649
1890,186.25,-38.75,38.75,0.0,2,0.5060634527359307
1891,188.75,-38.75,38.75,0.0,2,0.4830512127162897
1892,191.25,-38.75,38.75,0.0,2,0.4838214259765635
1893,193.75,-38.75,38.75,0.0,2,0.47597816823060957
1894,196.25,-38.75,38.75,0.0,2,0.4764023357062792
1895,198.75,-38.75,38.75,0.0,2,0.47981127117119743
1896,201.25,-38.75,38.75,0.0,2,0.48163854612429985
1897,203.75,-38.75,38.75,0.0,2,0.4813357840559075
1898,206.25,-38.75,38.75,0.0,2,0.4786542808993665
1899,208.75,-38.75,38.75,0.0,2,0.4625278828883718
1900,211.25,-38.75,38.75,0.0,2,0.4372420224174969
1901,213.75,-38.75,38.75,0.0,2,0.4122732718667425
1902,216.25,-38.75,38.75,0.0,2,0.39570091357193715
1903,218.75,-38.75,38.75,0.0,2,0.38190627437758234
1904,221.25,-38.75,38.75,0.0,2,0.3773236559969974
1905,223.75,-38.75,38.75,0.0,2,0.3760783969502033
1906,226.25,-38.75,38.75,0.0,2,0.3795354379434978
1907,228.75,-38.75,38.75,0.0,2,0.3774135144837414
1908,231.25,-38.75,38.75,0.0,2,0.36541864554469117
1909,233.75,-38.75,38.75,0.0,2,0.3478006312418972
1910,236.25,-38.75,38.75,0.0,2,0.33911745580877567
1911,238.75,-38.75,38.75,0.0,2,0.3305351591315193
1912,241.25,-38.75,38.75,0.0,2,0.3274684393912144
1913,243.75,-38.75,38.75,0.0,2,0.3286182852639833
1914,246.25,-38.75,38.75,0.0,2,0.3312405153799987
1915,248.75,-38.75,38.75,0.0,2,0.32685746632503565
1916,251.25,-38.75,38.75,0.0,2,0.3140962730855114
1917,253.75,-38.75,38.75,0.0,2,0.2961278621709828
1918,256.25,-38.75,38.75,0.0,2,0.2768038484974835
1919,258.75,-38.75,38.75,0.0,2,0.25184860601514314
1920,261.25,-38.75,38.75,0.0,2,0.2394871791056098
1921,263.75,-38.75,38.75,0.0,2,0.23250274187016165
1922,266.25,-38.75,38.75,0.0,2,0.23187833207965006
1923,268.75,-38.75,38.75,0.0,2,0.22997279881451255
1924,271.25,-38.75,38.75,0.0,2,0.21829765461970427
1925,273.75,-38.75,38.75,0.0,2,0.17084364013125505
1926,276.25,-38.75,38.75,0.0,2,0.10699963125128133
1927,278.75,-38.75,38.75,0.0,2,0.12336751563109971
1928,281.25,-38.75,38.75,0.0,1,0.18448450483443085
1929,283.75,-38.75,38.75,0.0,1,0.09599949462065069
1930,286.25,-38.75,38.75,0.0,1,0.11217062730069999
1931,298.75,-38.75,38.75,0.0,0,0.3915604334278678
1932,301.25,-38.75,38.75,0.0,1,0.4682243272467326
1933,303.75,-38.75,38.75,0.0,1,0.4493386614822898
1934,306.25,-38.75,38.75,0.0,1,0.37269360253429007
1935,308.75,-38.75,38.75,0.0,1,0.3017767296460645
1936,311.25,-38.75,38.75,0.0,1,0.2639181113253229
1937,313.75,-38.75,38.75,0.0,1,0.30567867010000366
1938,316.25,-38.75,38.75,0.0,1,0.298048090743712
1939,318.75,-38.75,38.75,0.0,1,0.276179472210631
1940,321.25,-38.75,38.75,0.0,1,0.29056811924543086
1941,323.75,-38.75,38.75,0.0,1,0.3039476505731542
1942,326.25,-38.75,38.75,0.0,1,0.30997895197352554
1943,328.75,-38.75,38.75,0.0,1,0.3161029200617777
1944,331.25,-38.75,38.75,0.0,1,0.3194651310805209
1945,333.75,-38.75,38.75,0.0,1,0.32645548493007714
1946,336.25,-38.75,38.75,0.0,1,0.3437335425897461
1947,338.75,-38.75,38.75,0.0,1,0.37430943498924824
1948,341.25,-38.75,38.75,0.0,1,0.3655816204313873
1949,343.75,-38.75,38.75,0.0,1,0.2785617442103664
1950,346.25,-38.75,38.75,0.0,1,0.24160750886840454
1951,348.75,-38.75,38.75,0.0,1,0.3043731939563249
1952,351.25,-38.75,38.75,0.0,1,0.35013233989760095
1953,353.75,-38.75,38.75,0.0,1,0.3512573368245282
1954,356.25,-38.75,38.75,0.0,1,0.3250217891007074
1955,358.75,-38.75,38.75,0.0,1,0.3812586543213429
1956,1.25,-36.25,36.25,0.0,1,0.34622027829754576
1957,3.75,-36.25,36.25,0.0,1,0.29282591932666
1958,6.25,-36.25,36.25,0.0,1,0.28623264209797605
1959,8.75,-36.25,36.25,0.0,1,0.294499117071098
1960,11.25,-36.25,36.25,0.0,1,0.31485924188095177
1961,13.75,-36.25,36.25,0.0,1,0.327027566044998
1962,16.25,-36.25,36.25,0.0,1,0.34120712662295954
1963,18.75,-36.25,36.25,0.0,1,0.32195141529722504
1964,21.25,-36.25,36.25,0.0,1,0.3129276853934593
1965,23.75,-36.25,36.25,0.0,1,0.4296717796296932
1966,26.25,-36.25,36.25,0.0,1,0.4945561337186971
1967,28.75,-36.25,36.25,0.0,1,0.48268438445162143
1968,31.25,-36.25,36.25,0.0,3,0.3019626394512346
1969,33.75,-36.25,36.25,0.0,3,0.2375616221666395
1970,36.25,-36.25,36.25,0.0,3,0.15840121532792523
1971,38.75,-36.25,36.25,0.0,3,0.2188197292502709
1972,41.25,-36.25,36.25,0.0,3,0.22786909846904205
1973,43.75,-36.25,36.25,0.0,3,0.23278282468781275
1974,46.25,-36.25,36.25,0.0,3,0.21954053120785577
1975,48.75,-36.25,36.25,0.0,3,0.21371437368411708
1976,51.25,-36.25,36.25,0.0,3,0.22228568615718933
1977,53.75,-36.25,36.25,0.0,3,0.23671259087261426
1978,56.25,-36.25,36.25,0.0,3,0.23446724475141797
1979,58.75,-36.25,36.25,0.0,3,0.22114086791425558
1980,61.25,-36.25,36.25,0.0,3,0.22534233816261076
1981,63.75,-36.25,36.25,0.0,3,0.24578023406574107
1982,66.25,-36.25,36.25,0.0,3,0.2621425280356657
1983,68.75,-36.25,36.25,0.0,3,0.2665672957158007
1984,71.25,-36.25,36.25,0.0,3,0.26940217596594257
1985,73.75,-36.25,36.25,0.0,3,0.2854654354443248
1986,76.25,-36.25,36.25,0.0,3,0.3097697024127875
1987,78.75,-36.25,36.25,0.0,3,0.341169350406761
1988,81.25,-36.25,36.25,0.0,3,0.36235466434233865
1989,83.75,-36.25,36.25,0.0,3,0.3873320139739264
1990,86.25,-36.25,36.25,0.0,3,0.4104029910151531
1991,88.75,-36.25,36.25,0.0,3,0.444941772123402
1992,91.25,-36.25,36.25,0.0,3,0.4631324637915157
1993,93.75,-36.25,36.25,0.0,3,0.46253119951609556
1994,96.25,-36.25,36.25,0.0,3,0.4527224305401569
1995,98.75,-36.25,36.25,0.0,3,0.4232567097823738
1996,101.25,-36.25,36.25,0.0,3,0.39668061210209615
1997,103.75,-36.25,36.25,0.0,3,0.3748894149589658
1998,106.25,-36.25,36.25,0.0,3,0.35092929995615635
1999,108.75,-36.25,36.25,0.0,3,0.28908770784112453
2000,111.25,-36.25,36.25,0.0,3,0.23552047647728083
2001,113.75,-36.25,36.25,0.0,3,0.2114045216276251
2002,116.25,-36.25,36.25,0.0,3,0.1907929286718013
2003,118.75,-36.25,36.25,0.0,3,0.2554920554384526
2004,121.25,-36.25,36.25,0.0,2,0.29456432910431674
2005,123.75,-36.25,36.25,0.0,2,0.30328951700946566
2006,126.25,-36.25,36.25,0.0,2,0.2871472799768552
2007,128.75,-36.25,36.25,0.0,2,0.27630128453501923
2008,131.25,-36.25,36.25,0.0,2,0.26366075462775346
2009,133.75,-36.25,36.25,0.0,2,0.2505268142707588
2010,136.25,-36.25,36.25,0.0,2,0.24819002894155634
2011,138.75,-36.25,36.25,0.0,2,0.24611724281248643
2012,151.25,-36.25,36.25,0.0,2,0.7397980668766279
2013,153.75,-36.25,36.25,0.0,2,0.7449166109075043
2014,156.25,-36.25,36.25,0.0,2,0.4905255188596194
2015,158.75,-36.25,36.25,0.0,2,0.35412107340274285
2016,161.25,-36.25,36.25,0.0,2,0.467225572929765
2017,163.75,-36.25,36.25,0.0,2,0.47922530843509
2018,166.25,-36.25,36.25,0.0,2,0.49153022941843544
2019,168.75,-36.25,36.25,0.0,2,0.4955620901823462
2020,171.25,-36.25,36.25,0.0,2,0.49807420450817835
2021,173.75,-36.25,36.25,0.0,2,0.5272001679130582
2022,176.25,-36.25,36.25,0.0,2,0.5641689613842936
2023,178.75,-36.25,36.25,0.0,2,0.5731057277474032
2024,181.25,-36.25,36.25,0.0,2,0.5822148440882702
2025,183.75,-36.25,36.25,0.0,2,0.57008572262202
2026,186.25,-36.25,36.25,0.0,2,0.5552493085965167
2027,188.75,-36.25,36.25,0.0,2,0.5657706036933873
2028,191.25,-36.25,36.25,0.0,2,0.5664923183300391
2029,193.75,-36.25,36.25,0.0,2,0.5745548618396865
2030,196.25,-36.25,36.25,0.0,2,0.5869374702039792
2031,198.75,-36.25,36.25,0.0,2,0.5867325162196638
2032,201.25,-36.25,36.25,0.0,2,0.5768383575511903
2033,203.75,-36.25,36.25,0.0,2,0.5655919257871552
2034,206.25,-36.25,36.25,0.0,2,0.5584931087709102
2035,208.75,-36.25,36.25,0.0,2,0.5331586450149269
2036,211.25,-36.25,36.25,0.0,2,0.49195797254066453
2037,213.75,-36.25,36.25,0.0,2,0.44351505374987854
2038,216.25,-36.25,36.25,0.0,2,0.4253514614918616
2039,218.75,-36.25,36.25,0.0,2,0.41580579474276985
2040,221.25,-36.25,36.25,0.0,2,0.4054863742915613
2041,223.75,-36.25,36.25,0.0,2,0.40740058213886937
2042,226.25,-36.25,36.25,0.0,2,0.4233821306187155
2043,228.75,-36.25,36.25,0.0,2,0.4297891331976714
2044,231.25,-36.25,36.25,0.0,2,0.4097844441054379
2045,233.75,-36.25,36.25,0.0,2,0.3516752269635923
2046,236.25,-36.25,36.25,0.0,2,0.30671149519201857
2047,238.75,-36.25,36.25,0.0,2,0.28052243869765225
2048,241.25,-36.25,36.25,0.0,2,0.28177430875241094
2049,243.75,-36.25,36.25,0.0,2,0.2965465149055918
2050,246.25,-36.25,36.25,0.0,2,0.30001998542134806
2051,248.75,-36.25,36.25,0.0,2,0.2885684010542273
2052,251.25,-36.25,36.25,0.0,2,0.26792160881214133
2053,253.75,-36.25,36.25,0.0,2,0.23825778570808878
2054,256.25,-36.25,36.25,0.0,2,0.2112132666131041
2055,258.75,-36.25,36.25,0.0,2,0.18305897924622014
2056,261.25,-36.25,36.25,0.0,2,0.17078196793042344
2057,263.75,-36.25,36.25,0.0,2,0.172630456747523
2058,266.25,-36.25,36.25,0.0,2,0.17583934558406147
2059,268.75,-36.25,36.25,0.0,2,0.17368677185380343
2060,271.25,-36.25,36.25,0.0,2,0.15931210416071556
2061,273.75,-36.25,36.25,0.0,2,0.12447645649859822
2062,276.25,-36.25,36.25,0.0,2,0.09801376113135175
2063,278.75,-36.25,36.25,0.0,2,0.10147371133251332
2064,281.25,-36.25,36.25,0.0,1,0.08383945947398884
2065,283.75,-36.25,36.25,0.0,1,0.045897624928851785
2066,286.25,-36.25,36.25,0.0,1,0.26921685968742787
2067,303.75,-36.25,36.25,0.0,1,0.3510425540935137
2068,306.25,-36.25,36.25,0.0,1,0.36161858576813316
2069,308.75,-36.25,36.25,0.0,1,0.36065266307834115
2070,311.25,-36.25,36.25,0.0,1,0.29786144293868816
2071,313.75,-36.25,36.25,0.0,1,0.2719941323783103
2072,316.25,-36.25,36.25,0.0,1,0.26514191248368174
2073,318.75,-36.25,36.25,0.0,1,0.285781395762862
2074,321.25,-36.25,36.25,0.0,1,0.28859958494662696
2075,323.75,-36.25,36.25,0.0,1,0.2852185757930021
2076,326.25,-36.25,36.25,0.0,1,0.2819421814432205
2077,328.75,-36.25,36.25,0.0,1,0.27112688176366034
2078,331.25,-36.25,36.25,0.0,1,0.26368644057440055
2079,333.75,-36.25,36.25,0.0,1,0.25692238693038083
2080,336.25,-36.25,36.25,0.0,1,0.25712812867356943
2081,338.75,-36.25,36.25,0.0,1,0.24205579002966157
2082,341.25,-36.25,36.25,0.0,1,0.22043411886676462
2083,343.75,-36.25,36.25,0.0,1,0.22204967175154203
2084,346.25,-36.25,36.25,0.0,1,0.2577689428110695
2085,348.75,-36.25,36.25,0.0,1,0.3077866550811472
2086,351.25,-36.25,36.25,0.0,1,0.32076109969880956
2087,353.75,-36.25,36.25,0.0,1,0.2591251573516661
2088,356.25,-36.25,36.25,0.0,1,0.24863156736453668
2089,358.75,-36.25,36.25,0.0,1,0.3314528059661035
2090,1.25,-33.75,33.75,0.0,1,0.2431872707855357
2091,3.75,-33.75,33.75,0.0,1,0.25048835026058697
2092,6.25,-33.75,33.75,0.0,1,0.27767141967411335
2093,8.75,-33.75,33.75,0.0,1,0.29110059374278635
2094,11.25,-33.75,33.75,0.0,1,0.2921586533301168
2095,13.75,-33.75,33.75,0.0,1,0.2730754233155866
2096,16.25,-33.75,33.75,0.0,1,0.2442305876470033
2097,18.75,-33.75,33.75,0.0,1,0.22839331830726553
2098,21.25,-33.75,33.75,0.0,0,0.28804042896238274
2099,23.75,-33.75,33.75,0.0,0,0.36110531836661347
2100,26.25,-33.75,33.75,0.0,1,0.4450430939237784
2101,28.75,-33.75,33.75,0.0,1,0.5570920804316856
2102,31.25,-33.75,33.75,0.0,3,0.6558125792676707
2103,33.75,-33.75,33.75,0.0,3,0.34113148367345386
2104,36.25,-33.75,33.75,0.0,3,0.321652530144783
2105,38.75,-33.75,33.75,0.0,3,0.4106961498889755
2106,41.25,-33.75,33.75,0.0,3,0.38994130045073083
2107,43.75,-33.75,33.75,0.0,3,0.3650799821653899
2108,46.25,-33.75,33.75,0.0,3,0.35108550058987975
2109,48.75,-33.75,33.75,0.0,3,0.3651498804771612
2110,51.25,-33.75,33.75,0.0,3,0.3694870735289901
2111,53.75,-33.75,33.75,0.0,3,0.35518524907651333
2112,56.25,-33.75,33.75,0.0,3,0.33772845415738423
2113,58.75,-33.75,33.75,0.0,3,0.3215974239427038
2114,61.25,-33.75,33.75,0.0,3,0.3225303250697616
2115,63.75,-33.75,33.75,0.0,3,0.33413806489057196
2116,66.25,-33.75,33.75,0.0,3,0.3498484276329376
2117,68.75,-33.75,33.75,0.0,3,0.35955965224963565
2118,71.25,-33.75,33.75,0.0,3,0.36213937116051004
2119,73.75,-33.75,33.75,0.0,3,0.3794077674573082
2120,76.25,-33.75,33.75,0.0,3,0.4088318519822496
2121,78.75,-33.75,33.75,0.0,3,0.45046271548408157
2122,81.25,-33.75,33.75,0.0,3,0.47441866341126165
2123,83.75,-33.75,33.75,0.0,3,0.4824456354667431
2124,86.25,-33.75,33.75,0.0,3,0.4770565030463814
2125,88.75,-33.75,33.75,0.0,3,0.4799733797412135
2126,91.25,-33.75,33.75,0.0,3,0.48754663344181676
2127,93.75,-33.75,33.75,0.0,3,0.4898051691443731
2128,96.25,-33.75,33.75,0.0,3,0.4885064585674352
2129,98.75,-33.75,33.75,0.0,3,0.45674619265475785
2130,101.25,-33.75,33.75,0.0,3,0.40286007054707795
2131,103.75,-33.75,33.75,0.0,3,0.3557010228001441
2132,106.25,-33.75,33.75,0.0,3,0.33438843841928584
2133,108.75,-33.75,33.75,0.0,3,0.283799594091931
2134,111.25,-33.75,33.75,0.0,3,0.27102002221158106
2135,113.75,-33.75,33.75,0.0,3,0.3633977974742877
2136,116.25,-33.75,33.75,0.0,3,0.3744679730591293
2137,118.75,-33.75,33.75,0.0,0,0.2724418378456484
2138,121.25,-33.75,33.75,0.0,2,0.28295530888660564
2139,123.75,-33.75,33.75,0.0,2,0.33449495804323054
2140,126.25,-33.75,33.75,0.0,2,0.3353934816505948
2141,128.75,-33.75,33.75,0.0,2,0.32525907767015616
2142,131.25,-33.75,33.75,0.0,2,0.2979975955636723
2143,133.75,-33.75,33.75,0.0,2,0.30666754497501303
2144,136.25,-33.75,33.75,0.0,2,0.28580384728030933
2145,151.25,-33.75,33.75,0.0,2,0.7280448492114965
2146,153.75,-33.75,33.75,0.0,2,0.7488353134345027
2147,156.25,-33.75,33.75,0.0,2,0.6825180374791944
2148,158.75,-33.75,33.75,0.0,2,0.42910056299552674
2149,161.25,-33.75,33.75,0.0,2,0.3976375767940234
2150,163.75,-33.75,33.75,0.0,2,0.485772647578659
2151,166.25,-33.75,33.75,0.0,2,0.5142307367496858
2152,168.75,-33.75,33.75,0.0,2,0.5331673973946981
2153,171.25,-33.75,33.75,0.0,2,0.5301400078547429
2154,173.75,-33.75,33.75,0.0,2,0.5521182096589095
2155,176.25,-33.75,33.75,0.0,2,0.5941153905311909
2156,178.75,-33.75,33.75,0.0,2,0.6082120734064708
2157,181.25,-33.75,33.75,0.0,2,0.6092544365983892
2158,183.75,-33.75,33.75,0.0,2,0.6194411593843644
2159,186.25,-33.75,33.75,0.0,2,0.6336861522095206
2160,188.75,-33.75,33.75,0.0,2,0.6451765812132335
2161,191.25,-33.75,33.75,0.0,2,0.6471864150444055
2162,193.75,-33.75,33.75,0.0,2,0.64931637858415
2163,196.25,-33.75,33.75,0.0,2,0.639856895743116
2164,198.75,-33.75,33.75,0.0,2,0.6287355012310508
2165,201.25,-33.75,33.75,0.0,2,0.6218299340010516
2166,203.75,-33.75,33.75,0.0,2,0.6130266611226436
2167,206.25,-33.75,33.75,0.0,2,0.5958560431812577
2168,208.75,-33.75,33.75,0.0,2,0.5615998395286015
2169,211.25,-33.75,33.75,0.0,2,0.5157847454544627
2170,213.75,-33.75,33.75,0.0,2,0.4667930270655164
2171,216.25,-33.75,33.75,0.0,2,0.45248306715130915
2172,218.75,-33.75,33.75,0.0,2,0.4288842261782715
2173,221.25,-33.75,33.75,0.0,2,0.4123477651840925
2174,223.75,-33.75,33.75,0.0,2,0.4265358229280996
2175,226.25,-33.75,33.75,0.0,2,0.45083828188861347
2176,228.75,-33.75,33.75,0.0,2,0.45291034517719236
2177,231.25,-33.75,33.75,0.0,2,0.4168957428777929
2178,233.75,-33.75,33.75,0.0,2,0.31592208905039193
2179,236.25,-33.75,33.75,0.0,2,0.2380150894046576
2180,238.75,-33.75,33.75,0.0,2,0.18760777037534457
2181,241.25,-33.75,33.75,0.0,2,0.1841674623268007
2182,243.75,-33.75,33.75,0.0,2,0.2024876001664232
2183,246.25,-33.75,33.75,0.0,2,0.20767126348309187
2184,248.75,-33.75,33.75,0.0,2,0.1954912666994286
2185,251.25,-33.75,33.75,0.0,2,0.1790935322145786
2186,253.75,-33.75,33.75,0.0,2,0.162490543289976
2187,256.25,-33.75,33.75,0.0,2,0.15144259156127216
2188,258.75,-33.75,33.75,0.0,2,0.1428957334995403
2189,261.25,-33.75,33.75,0.0,2,0.13817114818713833
2190,263.75,-33.75,33.75,0.0,2,0.13250205824946742
2191,266.25,-33.75,33.75,0.0,2,0.12912772110443232
2192,268.75,-33.75,33.75,0.0,2,0.11972002362728212
2193,271.25,-33.75,33.75,0.0,2,0.10114818085761067
2194,273.75,-33.75,33.75,0.0,2,0.07633445353577582
2195,276.25,-33.75,33.75,0.0,2,0.05960208791604635
2196,278.75,-33.75,33.75,0.0,2,0.04666160307174866
2197,281.25,-33.75,33.75,0.0,1,0.01947530297702279
2198,283.75,-33.75,33.75,0.0,1,0.08731041589198382
2199,286.25,-33.75,33.75,0.0,1,0.26021791629446694
2200,306.25,-33.75,33.75,0.0,1,0.37583945672707153
2201,308.75,-33.75,33.75,0.0,1,0.36717800869681005
2202,311.25,-33.75,33.75,0.0,1,0.38847017574076703
2203,313.75,-33.75,33.75,0.0,1,0.3139436241703218
2204,316.25,-33.75,33.75,0.0,1,0.31828864085700076
2205,318.75,-33.75,33.75,0.0,1,0.313983654370933
2206,321.25,-33.75,33.75,0.0,1,0.2958618753402263
2207,323.75,-33.75,33.75,0.0,1,0.2825528305414247
2208,326.25,-33.75,33.75,0.0,1,0.27321732888863176
2209,328.75,-33.75,33.75,0.0,1,0.2570005991779594
2210,331.25,-33.75,33.75,0.0,1,0.2459463385192358
2211,333.75,-33.75,33.75,0.0,1,0.23328836011428264
2212,336.25,-33.75,33.75,0.0,1,0.22794903132429803
2213,338.75,-33.75,33.75,0.0,1,0.2161725193155661
2214,341.25,-33.75,33.75,0.0,1,0.20704628881224696
2215,343.75,-33.75,33.75,0.0,1,0.20881017563724297
2216,346.25,-33.75,33.75,0.0,1,0.2255121321568749
2217,348.75,-33.75,33.75,0.0,1,0.25629998395358905
2218,351.25,-33.75,33.75,0.0,1,0.2651900803376618
2219,353.75,-33.75,33.75,0.0,1,0.2240731031404085
2220,356.25,-33.75,33.75,0.0,1,0.19923026060207433
2221,358.75,-33.75,33.75,0.0,1,0.2255103892657405
2222,1.25,-31.25,31.25,0.0,1,0.18502639063865628
2223,3.75,-31.25,31.25,0.0,1,0.23113158094305633
2224,6.25,-31.25,31.25,0.0,1,0.2722647904113326
2225,8.75,-31.25,31.25,0.0,1,0.29558891067605164
2226,11.25,-31.25,31.25,0.0,1,0.29462389490354013
2227,13.75,-31.25,31.25,0.0,1,0.30551317388095844
2228,16.25,-31.25,31.25,0.0,1,0.3495006629096917
2229,31.25,-31.25,31.25,0.0,3,0.6147651351158313
2230,33.75,-31.25,31.25,0.0,3,0.7722995727143588
2231,36.25,-31.25,31.25,0.0,3,0.5460193628477321
2232,38.75,-31.25,31.25,0.0,3,0.5063974443464737
2233,41.25,-31.25,31.25,0.0,3,0.4936302041301349
2234,43.75,-31.25,31.25,0.0,3,0.4718712641946385
2235,46.25,-31.25,31.25,0.0,3,0.4790482796661184
2236,48.75,-31.25,31.25,0.0,3,0.5002030077016333
2237,51.25,-31.25,31.25,0.0,3,0.49174343339972654
2238,53.75,-31.25,31.25,0.0,3,0.4737865427103432
2239,56.25,-31.25,31.25,0.0,3,0.45463165872451844
2240,58.75,-31.25,31.25,0.0,3,0.42427377285911977
2241,61.25,-31.25,31.25,0.0,3,0.40456870121647737
2242,63.75,-31.25,31.25,0.0,3,0.3844480204017112
2243,66.25,-31.25,31.25,0.0,3,0.37310605407522374
2244,68.75,-31.25,31.25,0.0,3,0.3739010009821006
2245,71.25,-31.25,31.25,0.0,3,0.38763859983724164
2246,73.75,-31.25,31.25,0.0,3,0.4084413066608616
2247,76.25,-31.25,31.25,0.0,3,0.41939101228100684
2248,78.75,-31.25,31.25,0.0,3,0.42573497758574147
2249,81.25,-31.25,31.25,0.0,3,0.42778683716343485
2250,83.75,-31.25,31.25,0.0,3,0.43350422513744974
2251,86.25,-31.25,31.25,0.0,3,0.44058448192014765
2252,88.75,-31.25,31.25,0.0,3,0.4467377408970464
2253,91.25,-31.25,31.25,0.0,3,0.45520896393824073
2254,93.75,-31.25,31.25,0.0,3,0.47104390697229864
2255,96.25,-31.25,31.25,0.0,3,0.47587573673820394
2256,98.75,-31.25,31.25,0.0,3,0.46531058339088094
2257,101.25,-31.25,31.25,0.0,3,0.43376749046916113
2258,103.75,-31.25,31.25,0.0,3,0.3737602934311491
2259,106.25,-31.25,31.25,0.0,3,0.3140509737587794
2260,108.75,-31.25,31.25,0.0,3,0.2494799782798933
2261,111.25,-31.25,31.25,0.0,3,0.3359668441233359
2262,113.75,-31.25,31.25,0.0,3,0.45503884877713663
2263,116.25,-31.25,31.25,0.0,0,0.46294925794610914
2264,153.75,-31.25,31.25,0.0,2,0.7248663427577523
2265,156.25,-31.25,31.25,0.0,2,0.6744523671709239
2266,158.75,-31.25,31.25,0.0,2,0.5856194154065215
2267,161.25,-31.25,31.25,0.0,2,0.49044498175988177
2268,163.75,-31.25,31.25,0.0,2,0.5624914675337241
2269,166.25,-31.25,31.25,0.0,2,0.5808529467365733
2270,168.75,-31.25,31.25,0.0,2,0.5867936447894238
2271,171.25,-31.25,31.25,0.0,2,0.6023741058899814
2272,173.75,-31.25,31.25,0.0,2,0.6375728306493775
2273,176.25,-31.25,31.25,0.0,2,0.6365710185833585
2274,178.75,-31.25,31.25,0.0,2,0.6230741095634598
2275,181.25,-31.25,31.25,0.0,2,0.6530223497965272
2276,183.75,-31.25,31.25,0.0,2,0.7124565487066753
2277,186.25,-31.25,31.25,0.0,2,0.7311069022101224
2278,188.75,-31.25,31.25,0.0,2,0.6887397082375273
2279,191.25,-31.25,31.25,0.0,2,0.673091009277443
2280,193.75,-31.25,31.25,0.0,2,0.6652426841092954
2281,196.25,-31.25,31.25,0.0,2,0.6510509418557457
2282,198.75,-31.25,31.25,0.0,2,0.6361035130339628
2283,201.25,-31.25,31.25,0.0,2,0.6257616964216801
2284,203.75,-31.25,31.25,0.0,2,0.5986384255455595
2285,206.25,-31.25,31.25,0.0,2,0.5668975507192499
2286,208.75,-31.25,31.25,0.0,2,0.5211310645952368
2287,211.25,-31.25,31.25,0.0,2,0.4818982302540862
2288,213.75,-31.25,31.25,0.0,2,0.45020510547918363
2289,216.25,-31.25,31.25,0.0,2,0.4401607706554279
2290,218.75,-31.25,31.25,0.0,2,0.40917641948674993
2291,221.25,-31.25,31.25,0.0,2,0.38420277689783583
2292,223.75,-31.25,31.25,0.0,2,0.38823687843294935
2293,226.25,-31.25,31.25,0.0,2,0.3970498069512271
2294,228.75,-31.25,31.25,0.0,2,0.39059045737636783
2295,231.25,-31.25,31.25,0.0,2,0.3488915822822629
2296,233.75,-31.25,31.25,0.0,2,0.2579048300385153
2297,236.25,-31.25,31.25,0.0,2,0.19250147508193285
2298,238.75,-31.25,31.25,0.0,2,0.1429083447811156
2299,241.25,-31.25,31.25,0.0,2,0.12512517247318597
2300,243.75,-31.25,31.25,0.0,2,0.1174494867611572
2301,246.25,-31.25,31.25,0.0,2,0.11320657824454072
2302,248.75,-31.25,31.25,0.0,2,0.10601422912132459
2303,251.25,-31.25,31.25,0.0,2,0.09631596268793094
2304,253.75,-31.25,31.25,0.0,2,0.09079482614326476
2305,256.25,-31.25,31.25,0.0,2,0.0928035458040947
2306,258.75,-31.25,31.25,0.0,2,0.09091539200573663
2307,261.25,-31.25,31.25,0.0,2,0.08346837671324982
2308,263.75,-31.25,31.25,0.0,2,0.07907868319488862
2309,266.25,-31.25,31.25,0.0,2,0.07569794859333602
2310,268.75,-31.25,31.25,0.0,2,0.06664606272915607
2311,271.25,-31.25,31.25,0.0,2,0.05388421715590638
2312,273.75,-31.25,31.25,0.0,2,0.03810175163854972
2313,276.25,-31.25,31.25,0.0,2,0.037218039302793826
2314,278.75,-31.25,31.25,0.0,2,0.03985927179125977
2315,281.25,-31.25,31.25,0.0,1,0.033991947804814085
2316,283.75,-31.25,31.25,0.0,1,0.08725159057148327
2317,286.25,-31.25,31.25,0.0,1,0.2965395631860812
2318,308.75,-31.25,31.25,0.0,1,0.35865116104361344
2319,311.25,-31.25,31.25,0.0,1,0.39825895753233925
2320,313.75,-31.25,31.25,0.0,1,0.4215871113776865
2321,316.25,-31.25,31.25,0.0,1,0.35898224749448526
2322,318.75,-31.25,31.25,0.0,1,0.3322873204537921
2323,321.25,-31.25,31.25,0.0,1,0.33003326464660543
2324,323.75,-31.25,31.25,0.0,1,0.31018315290778137
2325,326.25,-31.25,31.25,0.0,1,0.2994869812378178
2326,328.75,-31.25,31.25,0.0,1,0.2869706630515387
2327,331.25,-31.25,31.25,0.0,1,0.27572783456630673
2328,333.75,-31.25,31.25,0.0,1,0.2521850907247709
2329,336.25,-31.25,31.25,0.0,1,0.2331146408316891
2330,338.75,-31.25,31.25,0.0,1,0.21125852115304916
2331,341.25,-31.25,31.25,0.0,1,0.19492100074724172
2332,343.75,-31.25,31.25,0.0,1,0.18786424184336448
2333,346.25,-31.25,31.25,0.0,1,0.1924377807134265
2334,348.75,-31.25,31.25,0.0,1,0.20942682720963787
2335,351.25,-31.25,31.25,0.0,1,0.2259830627435747
2336,353.75,-31.25,31.25,0.0,1,0.22148214851111883
2337,356.25,-31.25,31.25,0.0,1,0.19298783084482532
2338,358.75,-31.25,31.25,0.0,1,0.17274141264991316
2339,1.25,-28.75,28.75,0.0,1,0.2368532223905107
2340,3.75,-28.75,28.75,0.0,1,0.2696798753457568
2341,6.25,-28.75,28.75,0.0,1,0.2886152269219002
2342,8.75,-28.75,28.75,0.0,1,0.30168595052741903
2343,11.25,-28.75,28.75,0.0,1,0.3064702997313085
2344,13.75,-28.75,28.75,0.0,1,0.3445531621164719
2345,16.25,-28.75,28.75,0.0,1,0.4254955792396076
2346,31.25,-28.75,28.75,0.0,0,0.6194202870296942
2347,33.75,-28.75,28.75,0.0,3,0.7418009574573833
2348,36.25,-28.75,28.75,0.0,3,0.7273958520465692
2349,38.75,-28.75,28.75,0.0,3,0.5528804858771919
2350,41.25,-28.75,28.75,0.0,3,0.5777762189960878
2351,43.75,-28.75,28.75,0.0,3,0.5787105535716387
2352,46.25,-28.75,28.75,0.0,3,0.5829043418313752
2353,48.75,-28.75,28.75,0.0,3,0.606657194453331
2354,51.25,-28.75,28.75,0.0,3,0.6103450308299248
2355,53.75,-28.75,28.75,0.0,3,0.5494930755299824
2356,56.25,-28.75,28.75,0.0,3,0.5155478868044813
2357,58.75,-28.75,28.75,0.0,3,0.465404254191517
2358,61.25,-28.75,28.75,0.0,3,0.43080409800710057
2359,63.75,-28.75,28.75,0.0,3,0.4052160007782544
2360,66.25,-28.75,28.75,0.0,3,0.38622699338405597
2361,68.75,-28.75,28.75,0.0,3,0.3699832645356458
2362,71.25,-28.75,28.75,0.0,3,0.3697299022720157
2363,73.75,-28.75,28.75,0.0,3,0.3816579783054145
2364,76.25,-28.75,28.75,0.0,3,0.3925357700773514
2365,78.75,-28.75,28.75,0.0,3,0.4014976383863604
2366,81.25,-28.75,28.75,0.0,3,0.4078925393592546
2367,83.75,-28.75,28.75,0.0,3,0.41928722163965093
2368,86.25,-28.75,28.75,0.0,3,0.43373209874925694
2369,88.75,-28.75,28.75,0.0,3,0.4515465164216692
2370,91.25,-28.75,28.75,0.0,3,0.4580919587083298
2371,93.75,-28.75,28.75,0.0,3,0.4577198235494257
2372,96.25,-28.75,28.75,0.0,3,0.43735210536879
2373,98.75,-28.75,28.75,0.0,3,0.38543587408442925
2374,101.25,-28.75,28.75,0.0,3,0.32312465219603326
2375,103.75,-28.75,28.75,0.0,3,0.26594081566866573
2376,106.25,-28.75,28.75,0.0,3,0.2733867731526564
2377,108.75,-28.75,28.75,0.0,3,0.3716882455155594
2378,111.25,-28.75,28.75,0.0,3,0.4849618542992556
2379,113.75,-28.75,28.75,0.0,3,0.5271375053246552
2380,153.75,-28.75,28.75,0.0,2,0.7066898856638649
2381,156.25,-28.75,28.75,0.0,2,0.6646569014956569
2382,158.75,-28.75,28.75,0.0,2,0.6547917945382381
2383,161.25,-28.75,28.75,0.0,2,0.6521314077537689
2384,163.75,-28.75,28.75,0.0,2,0.6854456278930643
2385,166.25,-28.75,28.75,0.0,2,0.6740192045321538
2386,168.75,-28.75,28.75,0.0,2,0.6574706448244366
2387,171.25,-28.75,28.75,0.0,2,0.6451237290040541
2388,173.75,-28.75,28.75,0.0,2,0.6315927669484025
2389,176.25,-28.75,28.75,0.0,2,0.6294183880394415
2390,178.75,-28.75,28.75,0.0,2,0.6741566073919768
2391,181.25,-28.75,28.75,0.0,2,0.7218104320696926
2392,183.75,-28.75,28.75,0.0,2,0.7478783905908372
2393,186.25,-28.75,28.75,0.0,2,0.7274336900665731
2394,188.75,-28.75,28.75,0.0,2,0.6629284875280786
2395,191.25,-28.75,28.75,0.0,2,0.637663834847125
2396,193.75,-28.75,28.75,0.0,2,0.6238635674354053
2397,196.25,-28.75,28.75,0.0,2,0.6094834308936335
2398,198.75,-28.75,28.75,0.0,2,0.5794889107065587
2399,201.25,-28.75,28.75,0.0,2,0.5510329862498518
2400,203.75,-28.75,28.75,0.0,2,0.5194845884834004
2401,206.25,-28.75,28.75,0.0,2,0.4961825805770186
2402,208.75,-28.75,28.75,0.0,2,0.4555789488586056
2403,211.25,-28.75,28.75,0.0,2,0.4195453170614423
2404,213.75,-28.75,28.75,0.0,2,0.3882585971927358
2405,216.25,-28.75,28.75,0.0,2,0.3748358145415383
2406,218.75,-28.75,28.75,0.0,2,0.35919856614715295
2407,221.25,-28.75,28.75,0.0,2,0.3414889825152285
2408,223.75,-28.75,28.75,0.0,2,0.33644562616118373
2409,226.25,-28.75,28.75,0.0,2,0.33381460181093336
2410,228.75,-28.75,28.75,0.0,2,0.3183686338990926
2411,231.25,-28.75,28.75,0.0,2,0.2819482027891444
2412,233.75,-28.75,28.75,0.0,2,0.22735099932772107
2413,236.25,-28.75,28.75,0.0,2,0.191770584782481
2414,238.75,-28.75,28.75,0.0,2,0.1642797457394383
2415,241.25,-28.75,28.75,0.0,2,0.13996001352164772
2416,243.75,-28.75,28.75,0.0,2,0.11811241473393205
2417,246.25,-28.75,28.75,0.0,2,0.10712160742266919
2418,248.75,-28.75,28.75,0.0,2,0.09280269142072768
2419,251.25,-28.75,28.75,0.0,2,0.08105538394332831
2420,253.75,-28.75,28.75,0.0,2,0.0757586573445617
2421,256.25,-28.75,28.75,0.0,2,0.07258830735401915
2422,258.75,-28.75,28.75,0.0,2,0.06846158678559323
2423,261.25,-28.75,28.75,0.0,2,0.06645982760764738
2424,263.75,-28.75,28.75,0.0,2,0.06635204722405284
2425,266.25,-28.75,28.75,0.0,2,0.05638323337493452
2426,268.75,-28.75,28.75,0.0,2,0.037637402509882775
2427,271.25,-28.75,28.75,0.0,2,0.02722899290820665
2428,273.75,-28.75,28.75,0.0,2,0.020913945099648862
2429,276.25,-28.75,28.75,0.0,2,0.01674646125394503
2430,278.75,-28.75,28.75,0.0,2,0.011705761235811627
2431,281.25,-28.75,28.75,0.0,1,0.015201462799780982
2432,283.75,-28.75,28.75,0.0,1,0.17365315887395588
2433,286.25,-28.75,28.75,0.0,1,0.66558531432309
2434,288.75,-28.75,28.75,0.0,1,0.9170068949535966
2435,311.25,-28.75,28.75,0.0,1,0.3938883167881356
2436,313.75,-28.75,28.75,0.0,1,0.4534303038671752
2437,316.25,-28.75,28.75,0.0,1,0.4679606668601465
2438,318.75,-28.75,28.75,0.0,1,0.4366521565294836
2439,321.25,-28.75,28.75,0.0,1,0.4050842426240706
2440,323.75,-28.75,28.75,0.0,1,0.36896182376936004
2441,326.25,-28.75,28.75,0.0,1,0.3508079600551749
2442,328.75,-28.75,28.75,0.0,1,0.3261606809800066
2443,331.25,-28.75,28.75,0.0,1,0.304786834559342
2444,333.75,-28.75,28.75,0.0,1,0.27293633609468804
2445,336.25,-28.75,28.75,0.0,1,0.24670914586452997
2446,338.75,-28.75,28.75,0.0,1,0.2153202903893353
2447,341.25,-28.75,28.75,0.0,1,0.18968274573425595
2448,343.75,-28.75,28.75,0.0,1,0.18006472890307956
2449,346.25,-28.75,28.75,0.0,1,0.18652063341271272
2450,348.75,-28.75,28.75,0.0,1,0.20739543354069218
2451,351.25,-28.75,28.75,0.0,1,0.22732196408065972
2452,353.75,-28.75,28.75,0.0,1,0.22680304585182598
2453,356.25,-28.75,28.75,0.0,1,0.21129612193013653
2454,358.75,-28.75,28.75,0.0,1,0.21378048311705591
2455,1.25,-26.25,26.25,0.0,1,0.27860428178545654
2456,3.75,-26.25,26.25,0.0,1,0.2902924823487079
2457,6.25,-26.25,26.25,0.0,1,0.2938513991983123
2458,8.75,-26.25,26.25,0.0,1,0.32175916522380077
2459,11.25,-26.25,26.25,0.0,1,0.4297215897345868
2460,13.75,-26.25,26.25,0.0,1,0.639686538357716
2461,33.75,-26.25,26.25,0.0,3,0.755561300105004
2462,36.25,-26.25,26.25,0.0,3,0.802932116929667
2463,38.75,-26.25,26.25,0.0,3,0.7264530666198393
2464,41.25,-26.25,26.25,0.0,3,0.6618495333580062
2465,43.75,-26.25,26.25,0.0,3,0.731706876294345
2466,46.25,-26.25,26.25,0.0,3,0.7102810414035852
2467,48.75,-26.25,26.25,0.0,3,0.6033927591978784
2468,51.25,-26.25,26.25,0.0,3,0.6042118148964192
2469,53.75,-26.25,26.25,0.0,3,0.5770559127534355
2470,56.25,-26.25,26.25,0.0,3,0.5470665144317176
2471,58.75,-26.25,26.25,0.0,3,0.5126231248818368
2472,61.25,-26.25,26.25,0.0,3,0.48250186340412743
2473,63.75,-26.25,26.25,0.0,3,0.46375044066491666
2474,66.25,-26.25,26.25,0.0,3,0.45500584233356844
2475,68.75,-26.25,26.25,0.0,3,0.44783658985534386
2476,71.25,-26.25,26.25,0.0,3,0.45161366868121644
2477,73.75,-26.25,26.25,0.0,3,0.4670975664182376
2478,76.25,-26.25,26.25,0.0,3,0.478557081727035
2479,78.75,-26.25,26.25,0.0,3,0.4920936694758575
2480,81.25,-26.25,26.25,0.0,3,0.5017870174230323
2481,83.75,-26.25,26.25,0.0,3,0.5114020577641579
2482,86.25,-26.25,26.25,0.0,3,0.5145947323621244
2483,88.75,-26.25,26.25,0.0,3,0.4968223871145268
2484,91.25,-26.25,26.25,0.0,3,0.4680653770456096
2485,93.75,-26.25,26.25,0.0,3,0.41168400020609647
2486,96.25,-26.25,26.25,0.0,3,0.36046732075647603
2487,98.75,-26.25,26.25,0.0,3,0.30480158921106654
2488,101.25,-26.25,26.25,0.0,3,0.2908023409802225
2489,103.75,-26.25,26.25,0.0,3,0.3503854745476611
2490,106.25,-26.25,26.25,0.0,3,0.4232474795898563
2491,108.75,-26.25,26.25,0.0,3,0.48871693514753295
2492,111.25,-26.25,26.25,0.0,3,0.5482809014107151
2493,113.75,-26.25,26.25,0.0,3,0.5556664798962213
2494,153.75,-26.25,26.25,0.0,2,0.6574398149342209
2495,156.25,-26.25,26.25,0.0,2,0.6429751002694266
2496,158.75,-26.25,26.25,0.0,2,0.6881793669304406
2497,161.25,-26.25,26.25,0.0,2,0.697488766017099
2498,163.75,-26.25,26.25,0.0,2,0.7200438144990157
2499,166.25,-26.25,26.25,0.0,2,0.7198741009308904
2500,168.75,-26.25,26.25,0.0,2,0.707648750753421
2501,171.25,-26.25,26.25,0.0,2,0.646522426945459
2502,173.75,-26.25,26.25,0.0,2,0.6697499450393822
2503,176.25,-26.25,26.25,0.0,2,0.7016027589556273
2504,178.75,-26.25,26.25,0.0,2,0.7110320186997809
2505,181.25,-26.25,26.25,0.0,2,0.7041186212111791
2506,183.75,-26.25,26.25,0.0,2,0.68701155859233
2507,186.25,-26.25,26.25,0.0,2,0.6510273063079467
2508,188.75,-26.25,26.25,0.0,2,0.5859201187338386
2509,191.25,-26.25,26.25,0.0,2,0.5569402088185778
2510,193.75,-26.25,26.25,0.0,2,0.5251282991250869
2511,196.25,-26.25,26.25,0.0,2,0.49960560724702613
2512,198.75,-26.25,26.25,0.0,2,0.46516640396149245
2513,201.25,-26.25,26.25,0.0,2,0.4417165236954459
2514,203.75,-26.25,26.25,0.0,2,0.43073689662641496
2515,206.25,-26.25,26.25,0.0,2,0.4263528394310133
2516,208.75,-26.25,26.25,0.0,2,0.40523803933079483
2517,211.25,-26.25,26.25,0.0,2,0.37940186286030525
2518,213.75,-26.25,26.25,0.0,2,0.3564019006815546
2519,216.25,-26.25,26.25,0.0,2,0.3487156750110627
2520,218.75,-26.25,26.25,0.0,2,0.33193765718295987
2521,221.25,-26.25,26.25,0.0,2,0.3158912381001667
2522,223.75,-26.25,26.25,0.0,2,0.292118631084882
2523,226.25,-26.25,26.25,0.0,2,0.2717351856917884
2524,228.75,-26.25,26.25,0.0,2,0.24111855423711337
2525,231.25,-26.25,26.25,0.0,2,0.214024539820939
2526,233.75,-26.25,26.25,0.0,2,0.17830276373134823
2527,236.25,-26.25,26.25,0.0,2,0.15404572674978206
2528,238.75,-26.25,26.25,0.0,2,0.1306902611479597
2529,241.25,-26.25,26.25,0.0,2,0.11229170676925967
2530,243.75,-26.25,26.25,0.0,2,0.09948915339729598
2531,246.25,-26.25,26.25,0.0,2,0.09157134664952828
2532,248.75,-26.25,26.25,0.0,2,0.08167841655613112
2533,251.25,-26.25,26.25,0.0,2,0.07874547168999636
2534,253.75,-26.25,26.25,0.0,2,0.07755981505193613
2535,256.25,-26.25,26.25,0.0,2,0.07624891541697999
2536,258.75,-26.25,26.25,0.0,2,0.07238225630090235
2537,261.25,-26.25,26.25,0.0,2,0.06316342225493618
2538,263.75,-26.25,26.25,0.0,2,0.04131948253289228
2539,266.25,-26.25,26.25,0.0,2,0.018851357709720334
2540,268.75,-26.25,26.25,0.0,2,-0.000953563743110523
2541,271.25,-26.25,26.25,0.0,2,-0.015155293082863184
2542,273.75,-26.25,26.25,0.0,2,-0.031308187607498705
2543,276.25,-26.25,26.25,0.0,2,-0.033866253123411946
2544,278.75,-26.25,26.25,0.0,2,-0.012158421296248221
2545,281.25,-26.25,26.25,0.0,1,0.09135189075849066
2546,283.75,-26.25,26.25,0.0,1,0.7444444110103963
2547,286.25,-26.25,26.25,0.0,1,1.350605438085771
2548,288.75,-26.25,26.25,0.0,1,1.6775040867877782
2549,311.25,-26.25,26.25,0.0,1,0.44575590570878454
2550,313.75,-26.25,26.25,0.0,1,0.47562678165588623
2551,316.25,-26.25,26.25,0.0,1,0.47755006346713796
2552,318.75,-26.25,26.25,0.0,1,0.48249411332909775
2553,321.25,-26.25,26.25,0.0,1,0.4530867159425233
2554,323.75,-26.25,26.25,0.0,1,0.39803589198298056
2555,326.25,-26.25,26.25,0.0,1,0.37607190704561766
2556,328.75,-26.25,26.25,0.0,1,0.33400256475174245
2557,331.25,-26.25,26.25,0.0,1,0.3020537097476353
2558,333.75,-26.25,26.25,0.0,1,0.2649206809311553
2559,336.25,-26.25,26.25,0.0,1,0.2373886654089952
2560,338.75,-26.25,26.25,0.0,1,0.2136854611264541
2561,341.25,-26.25,26.25,0.0,1,0.21215571313375753
2562,343.75,-26.25,26.25,0.0,1,0.2292301355595538
2563,346.25,-26.25,26.25,0.0,1,0.25430507081373904
2564,348.75,-26.25,26.25,0.0,1,0.2727238340116109
2565,351.25,-26.25,26.25,0.0,1,0.26784184510181347
2566,353.75,-26.25,26.25,0.0,1,0.25092317483302806
2567,356.25,-26.25,26.25,0.0,1,0.24803487071217145
2568,358.75,-26.25,26.25,0.0,1,0.2627909112715756
2569,1.25,-23.75,23.75,0.0,1,0.30084462828831093
2570,3.75,-23.75,23.75,0.0,1,0.31674995848662363
2571,6.25,-23.75,23.75,0.0,1,0.3621930370875366
2572,8.75,-23.75,23.75,0.0,1,0.4704601161625365
2573,11.25,-23.75,23.75,0.0,1,0.6133048384954765
2574,13.75,-23.75,23.75,0.0,1,0.7877157124306349
2575,36.25,-23.75,23.75,0.0,3,0.8170127533422443
2576,38.75,-23.75,23.75,0.0,3,0.8037658677535685
2577,41.25,-23.75,23.75,0.0,3,0.7167713701276541
2578,43.75,-23.75,23.75,0.0,3,0.7473599359226264
2579,48.75,-23.75,23.75,0.0,3,0.6270893039147978
2580,51.25,-23.75,23.75,0.0,3,0.6147211181404816
2581,53.75,-23.75,23.75,0.0,3,0.6048360345652245
2582,56.25,-23.75,23.75,0.0,3,0.5984377779005153
2583,58.75,-23.75,23.75,0.0,3,0.5676170727860238
2584,61.25,-23.75,23.75,0.0,3,0.5592042187316677
2585,63.75,-23.75,23.75,0.0,3,0.5585951508046265
2586,66.25,-23.75,23.75,0.0,3,0.5642088711105581
2587,68.75,-23.75,23.75,0.0,3,0.5757679746216389
2588,71.25,-23.75,23.75,0.0,3,0.5952140144707352
2589,73.75,-23.75,23.75,0.0,3,0.6071548361228982
2590,76.25,-23.75,23.75,0.0,3,0.6107389276163433
2591,78.75,-23.75,23.75,0.0,3,0.6096718659684104
2592,81.25,-23.75,23.75,0.0,3,0.6014796218148807
2593,83.75,-23.75,23.75,0.0,3,0.585123250868272
2594,86.25,-23.75,23.75,0.0,3,0.5517875515517532
2595,88.75,-23.75,23.75,0.0,3,0.5194376255843255
2596,91.25,-23.75,23.75,0.0,3,0.49973824699076425
2597,93.75,-23.75,23.75,0.0,3,0.48957373293243733
2598,96.25,-23.75,23.75,0.0,3,0.4845199633253419
2599,98.75,-23.75,23.75,0.0,3,0.4823219593955338
2600,101.25,-23.75,23.75,0.0,3,0.48074097216635836
2601,103.75,-23.75,23.75,0.0,3,0.4886867185742758
2602,106.25,-23.75,23.75,0.0,3,0.4922329638355952
2603,108.75,-23.75,23.75,0.0,3,0.5237298777310512
2604,111.25,-23.75,23.75,0.0,3,0.5650930856700171
2605,113.75,-23.75,23.75,0.0,3,0.5735514403860285
2606,151.25,-23.75,23.75,0.0,2,0.668816195945708
2607,153.75,-23.75,23.75,0.0,2,0.6501539593990526
2608,156.25,-23.75,23.75,0.0,2,0.6351419773662093
2609,158.75,-23.75,23.75,0.0,2,0.7297167087733258
2610,161.25,-23.75,23.75,0.0,2,0.7107748543431985
2611,163.75,-23.75,23.75,0.0,2,0.7094019842983617
2612,166.25,-23.75,23.75,0.0,2,0.6950820381359033
2613,168.75,-23.75,23.75,0.0,2,0.7428868984990793
2614,171.25,-23.75,23.75,0.0,2,0.7198973916973379
2615,173.75,-23.75,23.75,0.0,2,0.7125649606983109
2616,176.25,-23.75,23.75,0.0,2,0.6889062580588186
2617,178.75,-23.75,23.75,0.0,2,0.6445552174196334
2618,181.25,-23.75,23.75,0.0,2,0.6101419274694077
2619,183.75,-23.75,23.75,0.0,2,0.5998840077285977
2620,186.25,-23.75,23.75,0.0,2,0.5662521225903874
2621,188.75,-23.75,23.75,0.0,2,0.5381724835723453
2622,191.25,-23.75,23.75,0.0,2,0.5065348743830261
2623,193.75,-23.75,23.75,0.0,2,0.4831097179824917
2624,196.25,-23.75,23.75,0.0,2,0.46814991261377537
2625,198.75,-23.75,23.75,0.0,2,0.45945369647873935
2626,201.25,-23.75,23.75,0.0,2,0.445860582609678
2627,203.75,-23.75,23.75,0.0,2,0.4366382303743848
2628,206.25,-23.75,23.75,0.0,2,0.4213941057504459
2629,208.75,-23.75,23.75,0.0,2,0.39768124220736406
2630,211.25,-23.75,23.75,0.0,2,0.37036702537147803
2631,213.75,-23.75,23.75,0.0,2,0.35059708479327883
2632,216.25,-23.75,23.75,0.0,2,0.32688579315764515
2633,218.75,-23.75,23.75,0.0,2,0.30143229217148637
2634,221.25,-23.75,23.75,0.0,2,0.27039672776010204
2635,223.75,-23.75,23.75,0.0,2,0.24322618274946356
2636,226.25,-23.75,23.75,0.0,2,0.21791834887500416
2637,228.75,-23.75,23.75,0.0,2,0.19588315201816647
2638,231.25,-23.75,23.75,0.0,2,0.17780029244752937
2639,233.75,-23.75,23.75,0.0,2,0.15931465524029131
2640,236.25,-23.75,23.75,0.0,2,0.14485706178102464
2641,238.75,-23.75,23.75,0.0,2,0.13745761972516862
2642,241.25,-23.75,23.75,0.0,2,0.13456560030148715
2643,243.75,-23.75,23.75,0.0,2,0.13684037710646912
2644,246.25,-23.75,23.75,0.0,2,0.13720081891802358
2645,248.75,-23.75,23.75,0.0,2,0.13679453111831016
2646,251.25,-23.75,23.75,0.0,2,0.12907324308035795
2647,253.75,-23.75,23.75,0.0,2,0.1157833971285211
2648,256.25,-23.75,23.75,0.0,2,0.09543745480408095
2649,258.75,-23.75,23.75,0.0,2,0.0679514009833494
2650,261.25,-23.75,23.75,0.0,2,0.03248960889232475
2651,263.75,-23.75,23.75,0.0,2,0.002457970715257309
2652,266.25,-23.75,23.75,0.0,2,-0.02268782864777165
2653,268.75,-23.75,23.75,0.0,2,-0.03391655430462683
2654,271.25,-23.75,23.75,0.0,2,-0.0360984630208778
2655,273.75,-23.75,23.75,0.0,2,-0.02731565272647364
2656,276.25,-23.75,23.75,0.0,2,0.0046090495006600035
2657,278.75,-23.75,23.75,0.0,2,0.11557075368998615
2658,281.25,-23.75,23.75,0.0,1,0.5475890231714324
2659,283.75,-23.75,23.75,0.0,1,1.1825713645787685
2660,286.25,-23.75,23.75,0.0,1,1.7644683256869782
2661,288.75,-23.75,23.75,0.0,1,1.9727846673161267
2662,313.75,-23.75,23.75,0.0,1,0.5208435200294411
2663,316.25,-23.75,23.75,0.0,1,0.5026541080813262
2664,318.75,-23.75,23.75,0.0,1,0.4907566622641936
2665,321.25,-23.75,23.75,0.0,1,0.46284710413830343
2666,323.75,-23.75,23.75,0.0,1,0.40807532135746705
2667,326.25,-23.75,23.75,0.0,1,0.3747686077632143
2668,328.75,-23.75,23.75,0.0,1,0.34491892934561874
2669,331.25,-23.75,23.75,0.0,1,0.31692222565920086
2670,333.75,-23.75,23.75,0.0,1,0.2988995358440586
2671,336.25,-23.75,23.75,0.0,1,0.2966371795972881
2672,338.75,-23.75,23.75,0.0,1,0.3004444145592763
2673,341.25,-23.75,23.75,0.0,1,0.3120574908294762
2674,343.75,-23.75,23.75,0.0,1,0.316414498077772
2675,346.25,-23.75,23.75,0.0,1,0.3049177108280594
2676,348.75,-23.75,23.75,0.0,1,0.2839245472334941
2677,351.25,-23.75,23.75,0.0,1,0.2695215970230666
2678,353.75,-23.75,23.75,0.0,1,0.27029952242459776
2679,356.25,-23.75,23.75,0.0,1,0.2790121859361473
2680,358.75,-23.75,23.75,0.0,1,0.28849944507029857
2681,1.25,-21.25,21.25,0.0,1,0.3867307063469314
2682,3.75,-21.25,21.25,0.0,1,0.4600478909723129
2683,6.25,-21.25,21.25,0.0,1,0.5509524723119845
2684,8.75,-21.25,21.25,0.0,1,0.6655826959619352
2685,11.25,-21.25,21.25,0.0,1,0.7049681398978956
2686,13.75,-21.25,21.25,0.0,1,0.7637745569903978
2687,36.25,-21.25,21.25,0.0,3,0.8195761175877458
2688,38.75,-21.25,21.25,0.0,3,0.8273674476332082
2689,41.25,-21.25,21.25,0.0,3,0.7991785573931368
2690,43.75,-21.25,21.25,0.0,3,0.8508300057150008
2691,48.75,-21.25,21.25,0.0,3,0.6182017587332044
2692,51.25,-21.25,21.25,0.0,3,0.6750862707464833
2693,53.75,-21.25,21.25,0.0,3,0.6678998210812439
2694,56.25,-21.25,21.25,0.0,3,0.654346840040046
2695,58.75,-21.25,21.25,0.0,3,0.6588602848143787
2696,61.25,-21.25,21.25,0.0,3,0.666147823966021
2697,63.75,-21.25,21.25,0.0,3,0.675483171898879
2698,66.25,-21.25,21.25,0.0,3,0.6857322591968844
2699,68.75,-21.25,21.25,0.0,3,0.6899850021256407
2700,71.25,-21.25,21.25,0.0,3,0.6907755304126771
2701,73.75,-21.25,21.25,0.0,3,0.6878000759437717
2702,76.25,-21.25,21.25,0.0,3,0.6813080392540155
2703,78.75,-21.25,21.25,0.0,3,0.6690902503638448
2704,81.25,-21.25,21.25,0.0,3,0.6532932889655495
2705,83.75,-21.25,21.25,0.0,3,0.6248104181271552
2706,86.25,-21.25,21.25,0.0,3,0.6036500948278837
2707,88.75,-21.25,21.25,0.0,3,0.6017672895312892
2708,91.25,-21.25,21.25,0.0,3,0.6011480233641266
2709,93.75,-21.25,21.25,0.0,3,0.5881776747424712
2710,96.25,-21.25,21.25,0.0,3,0.5813905915548784
2711,98.75,-21.25,21.25,0.0,3,0.5580145245244338
2712,101.25,-21.25,21.25,0.0,3,0.5350517096847225
2713,103.75,-21.25,21.25,0.0,3,0.5496043821288431
2714,106.25,-21.25,21.25,0.0,3,0.5466655250283399
2715,108.75,-21.25,21.25,0.0,3,0.5539030930813594
2716,111.25,-21.25,21.25,0.0,3,0.578823135958918
2717,113.75,-21.25,21.25,0.0,3,0.649587802737019
2718,116.25,-21.25,21.25,0.0,3,0.6755899364398444
2719,148.75,-21.25,21.25,0.0,2,0.6666190842683271
2720,151.25,-21.25,21.25,0.0,2,0.6562432229564735
2721,153.75,-21.25,21.25,0.0,2,0.6194734548170339
2722,156.25,-21.25,21.25,0.0,2,0.6371365121825971
2723,158.75,-21.25,21.25,0.0,2,0.7216976607285409
2724,161.25,-21.25,21.25,0.0,2,0.7069373840468773
2725,163.75,-21.25,21.25,0.0,2,0.6904237935213748
2726,166.25,-21.25,21.25,0.0,2,0.6577673824974287
2727,168.75,-21.25,21.25,0.0,2,0.6842637228184388
2728,171.25,-21.25,21.25,0.0,2,0.702159953607576
2729,173.75,-21.25,21.25,0.0,2,0.6955276447371198
2730,176.25,-21.25,21.25,0.0,2,0.6884478590401821
2731,178.75,-21.25,21.25,0.0,2,0.6436710078349146
2732,181.25,-21.25,21.25,0.0,2,0.6144672610159898
2733,183.75,-21.25,21.25,0.0,2,0.6001600088896875
2734,186.25,-21.25,21.25,0.0,2,0.5674331818370119
2735,188.75,-21.25,21.25,0.0,2,0.545277999309441
2736,191.25,-21.25,21.25,0.0,2,0.523400545642605
2737,193.75,-21.25,21.25,0.0,2,0.5099213886565783
2738,196.25,-21.25,21.25,0.0,2,0.49649188545569845
2739,198.75,-21.25,21.25,0.0,2,0.4778309861748852
2740,201.25,-21.25,21.25,0.0,2,0.46286438218298476
2741,203.75,-21.25,21.25,0.0,2,0.44663249238761565
2742,206.25,-21.25,21.25,0.0,2,0.43104259539392875
2743,208.75,-21.25,21.25,0.0,2,0.406887281217868
2744,211.25,-21.25,21.25,0.0,2,0.3828303788447121
2745,213.75,-21.25,21.25,0.0,2,0.35056629381724136
2746,216.25,-21.25,21.25,0.0,2,0.32108848943463525
2747,218.75,-21.25,21.25,0.0,2,0.301261464595225
2748,221.25,-21.25,21.25,0.0,2,0.28792806842757257
2749,223.75,-21.25,21.25,0.0,2,0.27417248819779816
2750,226.25,-21.25,21.25,0.0,2,0.2640943241171749
2751,228.75,-21.25,21.25,0.0,2,0.2540584117676262
2752,231.25,-21.25,21.25,0.0,2,0.24566701855184736
2753,233.75,-21.25,21.25,0.0,2,0.23439718915090668
2754,236.25,-21.25,21.25,0.0,2,0.2262137579254006
2755,238.75,-21.25,21.25,0.0,2,0.21839236928563907
2756,241.25,-21.25,21.25,0.0,2,0.2101814050905968
2757,243.75,-21.25,21.25,0.0,2,0.19504855039923488
2758,246.25,-21.25,21.25,0.0,2,0.17479313304666183
2759,248.75,-21.25,21.25,0.0,2,0.1468045799048566
2760,251.25,-21.25,21.25,0.0,2,0.11684237413310221
2761,253.75,-21.25,21.25,0.0,2,0.07828848632206124
2762,256.25,-21.25,21.25,0.0,2,0.04377029874313624
2763,258.75,-21.25,21.25,0.0,2,0.007059228531007299
2764,261.25,-21.25,21.25,0.0,2,-0.016528987579100502
2765,263.75,-21.25,21.25,0.0,2,-0.033393160421750806
2766,266.25,-21.25,21.25,0.0,2,-0.03346560377254704
2767,268.75,-21.25,21.25,0.0,2,-0.008860690086176121
2768,271.25,-21.25,21.25,0.0,2,0.034722668959515576
2769,273.75,-21.25,21.25,0.0,2,0.12358544490983563
2770,276.25,-21.25,21.25,0.0,2,0.2727328505971559
2771,278.75,-21.25,21.25,0.0,2,0.6001485496843654
2772,281.25,-21.25,21.25,0.0,1,0.9629727765536658
2773,283.75,-21.25,21.25,0.0,1,1.464614671128567
2774,286.25,-21.25,21.25,0.0,1,1.9190295754687299
2775,288.75,-21.25,21.25,0.0,1,1.930819809966845
2776,318.75,-21.25,21.25,0.0,1,0.5345209686344713
2777,321.25,-21.25,21.25,0.0,1,0.5005118362488764
2778,323.75,-21.25,21.25,0.0,1,0.43215426730592893
2779,326.25,-21.25,21.25,0.0,1,0.4053499741343037
2780,328.75,-21.25,21.25,0.0,1,0.3750098131031911
2781,331.25,-21.25,21.25,0.0,1,0.35887698601877155
2782,333.75,-21.25,21.25,0.0,1,0.34570463105914784
2783,336.25,-21.25,21.25,0.0,1,0.3402474904102598
2784,338.75,-21.25,21.25,0.0,1,0.33286873591816163
2785,341.25,-21.25,21.25,0.0,1,0.31893244187912606
2786,343.75,-21.25,21.25,0.0,1,0.2982618418432439
2787,346.25,-21.25,21.25,0.0,1,0.28238631847193046
2788,348.75,-21.25,21.25,0.0,1,0.2784922318713724
2789,351.25,-21.25,21.25,0.0,1,0.28894937066469295
2790,353.75,-21.25,21.25,0.0,1,0.30953028099398827
2791,356.25,-21.25,21.25,0.0,1,0.328859353228992
2792,358.75,-21.25,21.25,0.0,1,0.351626101583973
2793,1.25,-18.75,18.75,0.0,1,0.5322520755301499
2794,3.75,-18.75,18.75,0.0,1,0.600441031991604
2795,6.25,-18.75,18.75,0.0,1,0.6777725433538379
2796,8.75,-18.75,18.75,0.0,1,0.7207015198318968
2797,11.25,-18.75,18.75,0.0,1,0.7367033720165729
2798,36.25,-18.75,18.75,0.0,3,0.787457047640472
2799,38.75,-18.75,18.75,0.0,3,0.8167816852295401
2800,41.25,-18.75,18.75,0.0,3,0.8725228308472301
2801,43.75,-18.75,18.75,0.0,3,0.8888873413353895
2802,48.75,-18.75,18.75,0.0,3,0.6689558813640757
2803,51.25,-18.75,18.75,0.0,3,0.7188447776809811
2804,53.75,-18.75,18.75,0.0,3,0.7292005567545661
2805,56.25,-18.75,18.75,0.0,3,0.7418123382321836
2806,58.75,-18.75,18.75,0.0,3,0.7404988182810508
2807,61.25,-18.75,18.75,0.0,3,0.7416208135782406
2808,63.75,-18.75,18.75,0.0,3,0.737717729562108
2809,66.25,-18.75,18.75,0.0,3,0.737883094184022
2810,68.75,-18.75,18.75,0.0,3,0.7404598049508136
2811,71.25,-18.75,18.75,0.0,3,0.7390909222823074
2812,73.75,-18.75,18.75,0.0,3,0.7345694811556354
2813,76.25,-18.75,18.75,0.0,3,0.7226484916796244
2814,78.75,-18.75,18.75,0.0,3,0.7039723318144209
2815,81.25,-18.75,18.75,0.0,3,0.6782202853389283
2816,83.75,-18.75,18.75,0.0,3,0.6537091465226949
2817,86.25,-18.75,18.75,0.0,3,0.6279092236555088
2818,88.75,-18.75,18.75,0.0,3,0.6057150292281193
2819,91.25,-18.75,18.75,0.0,3,0.5700217299045147
2820,93.75,-18.75,18.75,0.0,3,0.5419008124604119
2821,96.25,-18.75,18.75,0.0,3,0.5237976165810986
2822,98.75,-18.75,18.75,0.0,3,0.5328533285635599
2823,101.25,-18.75,18.75,0.0,3,0.554196140643181
2824,103.75,-18.75,18.75,0.0,3,0.5582223791436979
2825,106.25,-18.75,18.75,0.0,3,0.5695566311147181
2826,108.75,-18.75,18.75,0.0,3,0.5691832962174453
2827,111.25,-18.75,18.75,0.0,3,0.5872714455269944
2828,113.75,-18.75,18.75,0.0,3,0.6402550635165342
2829,116.25,-18.75,18.75,0.0,3,0.7162954107955897
2830,118.75,-18.75,18.75,0.0,3,0.7417763070268966
2831,121.25,-18.75,18.75,0.0,2,0.7315977556913712
2832,146.25,-18.75,18.75,0.0,2,0.6632169451576921
2833,148.75,-18.75,18.75,0.0,2,0.6332168690992329
2834,151.25,-18.75,18.75,0.0,2,0.6078660292764709
2835,153.75,-18.75,18.75,0.0,2,0.623637641214352
2836,156.25,-18.75,18.75,0.0,2,0.6535773667272103
2837,158.75,-18.75,18.75,0.0,2,0.645789942021989
2838,161.25,-18.75,18.75,0.0,2,0.6519483689986363
2839,163.75,-18.75,18.75,0.0,2,0.653790904927299
2840,166.25,-18.75,18.75,0.0,2,0.688314876362373
2841,168.75,-18.75,18.75,0.0,2,0.6979705455947642
2842,171.25,-18.75,18.75,0.0,2,0.6768761529600363
2843,173.75,-18.75,18.75,0.0,2,0.6687761880096637
2844,176.25,-18.75,18.75,0.0,2,0.6454370481689117
2845,178.75,-18.75,18.75,0.0,2,0.6687828281350807
2846,181.25,-18.75,18.75,0.0,2,0.6214616005346896
2847,183.75,-18.75,18.75,0.0,2,0.6108782666958557
2848,186.25,-18.75,18.75,0.0,2,0.576711266079577
2849,188.75,-18.75,18.75,0.0,2,0.5674012174763928
2850,191.25,-18.75,18.75,0.0,2,0.555078905679588
2851,193.75,-18.75,18.75,0.0,2,0.5496715036939671
2852,196.25,-18.75,18.75,0.0,2,0.5431699151367533
2853,198.75,-18.75,18.75,0.0,2,0.53947507600878
2854,201.25,-18.75,18.75,0.0,2,0.5314905100433194
2855,203.75,-18.75,18.75,0.0,2,0.5192439695672446
2856,206.25,-18.75,18.75,0.0,2,0.5038189919230512
2857,208.75,-18.75,18.75,0.0,2,0.4888432700457428
2858,211.25,-18.75,18.75,0.0,2,0.47816911073548785
2859,213.75,-18.75,18.75,0.0,2,0.4767635722798066
2860,216.25,-18.75,18.75,0.0,2,0.4509463224145168
2861,218.75,-18.75,18.75,0.0,2,0.43424027898585205
2862,221.25,-18.75,18.75,0.0,2,0.4221657020584111
2863,223.75,-18.75,18.75,0.0,2,0.404794044456774
2864,226.25,-18.75,18.75,0.0,2,0.38708068376921795
2865,228.75,-18.75,18.75,0.0,2,0.36723924586578083
2866,231.25,-18.75,18.75,0.0,2,0.3443195328181538
2867,233.75,-18.75,18.75,0.0,2,0.32044838634668715
2868,236.25,-18.75,18.75,0.0,2,0.2902721036396182
2869,238.75,-18.75,18.75,0.0,2,0.26009832815214196
2870,241.25,-18.75,18.75,0.0,2,0.22709958771507885
2871,243.75,-18.75,18.75,0.0,2,0.19865581155528378
2872,246.25,-18.75,18.75,0.0,2,0.17227177384744505
2873,248.75,-18.75,18.75,0.0,2,0.15384046783074787
2874,251.25,-18.75,18.75,0.0,2,0.1420919836345176
2875,253.75,-18.75,18.75,0.0,2,0.14221289929903858
2876,256.25,-18.75,18.75,0.0,2,0.15553996119539237
2877,258.75,-18.75,18.75,0.0,2,0.18968343016586175
2878,261.25,-18.75,18.75,0.0,2,0.2548524554440202
2879,263.75,-18.75,18.75,0.0,2,0.33916743399791655
2880,266.25,-18.75,18.75,0.0,2,0.4706672858384636
2881,268.75,-18.75,18.75,0.0,2,0.6248088322800898
2882,271.25,-18.75,18.75,0.0,2,0.8197621597616231
2883,273.75,-18.75,18.75,0.0,2,1.0070330259760294
2884,276.25,-18.75,18.75,0.0,2,1.2168569885955947
2885,278.75,-18.75,18.75,0.0,2,1.3996198966930562
2886,281.25,-18.75,18.75,0.0,1,1.590829531474258
2887,283.75,-18.75,18.75,0.0,1,1.7785654771874677
2888,286.25,-18.75,18.75,0.0,1,1.8645190531243439
2889,288.75,-18.75,18.75,0.0,1,1.64504466825841
2890,321.25,-18.75,18.75,0.0,1,0.5182186767196376
2891,323.75,-18.75,18.75,0.0,1,0.46383058042352227
2892,326.25,-18.75,18.75,0.0,1,0.4224264813855843
2893,328.75,-18.75,18.75,0.0,1,0.40135556601749034
2894,331.25,-18.75,18.75,0.0,1,0.3779140662681351
2895,333.75,-18.75,18.75,0.0,1,0.350146288303427
2896,336.25,-18.75,18.75,0.0,1,0.3222896282908834
2897,338.75,-18.75,18.75,0.0,1,0.31021672492030034
2898,341.25,-18.75,18.75,0.0,1,0.3084720843410161
2899,343.75,-18.75,18.75,0.0,1,0.31626279712248484
2900,346.25,-18.75,18.75,0.0,1,0.32577518476681283
2901,348.75,-18.75,18.75,0.0,1,0.34260445300572984
2902,351.25,-18.75,18.75,0.0,1,0.3760197416525127
2903,353.75,-18.75,18.75,0.0,1,0.41940250065009504
2904,356.25,-18.75,18.75,0.0,1,0.4605907258722957
2905,358.75,-18.75,18.75,0.0,1,0.4845500010741108
2906,1.25,-16.25,16.25,0.0,1,0.6378393493234106
2907,3.75,-16.25,16.25,0.0,1,0.6515361735987643
2908,6.25,-16.25,16.25,0.0,1,0.6405664623689648
2909,8.75,-16.25,16.25,0.0,1,0.7292181152417155
2910,11.25,-16.25,16.25,0.0,1,0.8563129165581053
2911,41.25,-16.25,16.25,0.0,3,0.8595219706135946
2912,43.75,-16.25,16.25,0.0,3,0.8884086668181592
2913,46.25,-16.25,16.25,0.0,3,0.8858778885269456
2914,51.25,-16.25,16.25,0.0,3,0.7293247939093166
2915,53.75,-16.25,16.25,0.0,3,0.7550484085801716
2916,56.25,-16.25,16.25,0.0,3,0.7600601605542856
2917,58.75,-16.25,16.25,0.0,3,0.7676148812559125
2918,61.25,-16.25,16.25,0.0,3,0.7657894599247467
2919,63.75,-16.25,16.25,0.0,3,0.7710630965566121
2920,66.25,-16.25,16.25,0.0,3,0.7669666971559671
2921,68.75,-16.25,16.25,0.0,3,0.7584156024165366
2922,71.25,-16.25,16.25,0.0,3,0.7493058997621889
2923,73.75,-16.25,16.25,0.0,3,0.7357371042007946
2924,76.25,-16.25,16.25,0.0,3,0.7142520835414345
2925,78.75,-16.25,16.25,0.0,3,0.6842886253845717
2926,81.25,-16.25,16.25,0.0,3,0.661188443847887
2927,83.75,-16.25,16.25,0.0,3,0.6393135447775665
2928,86.25,-16.25,16.25,0.0,3,0.6236971492271769
2929,88.75,-16.25,16.25,0.0,3,0.6054010712516725
2930,91.25,-16.25,16.25,0.0,3,0.5942481971172373
2931,93.75,-16.25,16.25,0.0,3,0.5895809466733998
2932,96.25,-16.25,16.25,0.0,3,0.5911456597226077
2933,98.75,-16.25,16.25,0.0,3,0.5846971917872047
2934,101.25,-16.25,16.25,0.0,3,0.5750707753192811
2935,103.75,-16.25,16.25,0.0,3,0.5884281341121462
2936,106.25,-16.25,16.25,0.0,3,0.6029805954059467
2937,108.75,-16.25,16.25,0.0,3,0.6153106320401752
2938,111.25,-16.25,16.25,0.0,3,0.6369029855763054
2939,113.75,-16.25,16.25,0.0,3,0.665157279043597
2940,116.25,-16.25,16.25,0.0,3,0.7116641857390724
2941,118.75,-16.25,16.25,0.0,3,0.7857591733584736
2942,121.25,-16.25,16.25,0.0,2,0.8504980684426829
2943,123.75,-16.25,16.25,0.0,2,0.888058644573866
2944,138.75,-16.25,16.25,0.0,2,0.7602357874399432
2945,141.25,-16.25,16.25,0.0,2,0.7755275803217134
2946,146.25,-16.25,16.25,0.0,2,0.6188635571896547
2947,148.75,-16.25,16.25,0.0,2,0.6356813334263295
2948,151.25,-16.25,16.25,0.0,2,0.6543511715629513
2949,153.75,-16.25,16.25,0.0,2,0.6625852381429838
2950,156.25,-16.25,16.25,0.0,2,0.6634572791799175
2951,158.75,-16.25,16.25,0.0,2,0.6760718636695497
2952,161.25,-16.25,16.25,0.0,2,0.6836547243649203
2953,163.75,-16.25,16.25,0.0,2,0.687195739567213
2954,166.25,-16.25,16.25,0.0,2,0.6777580200275459
2955,168.75,-16.25,16.25,0.0,2,0.6907361108185995
2956,171.25,-16.25,16.25,0.0,2,0.6924804764731401
2957,173.75,-16.25,16.25,0.0,2,0.68617925586143
2958,176.25,-16.25,16.25,0.0,2,0.684052392349311
2959,178.75,-16.25,16.25,0.0,2,0.6708653975762131
2960,181.25,-16.25,16.25,0.0,2,0.6393619601550816
2961,183.75,-16.25,16.25,0.0,2,0.6530902929871045
2962,186.25,-16.25,16.25,0.0,2,0.6531680187524338
2963,188.75,-16.25,16.25,0.0,2,0.637918921981971
2964,191.25,-16.25,16.25,0.0,2,0.6238480337716824
2965,193.75,-16.25,16.25,0.0,2,0.62214493060947
2966,196.25,-16.25,16.25,0.0,2,0.6142691477543201
2967,198.75,-16.25,16.25,0.0,2,0.6114865447365462
2968,201.25,-16.25,16.25,0.0,2,0.6082653419531504
2969,203.75,-16.25,16.25,0.0,2,0.5995871549405786
2970,206.25,-16.25,16.25,0.0,2,0.5889533135786719
2971,208.75,-16.25,16.25,0.0,2,0.5755283195306417
2972,211.25,-16.25,16.25,0.0,2,0.5703152860056543
2973,213.75,-16.25,16.25,0.0,2,0.5705375397145701
2974,216.25,-16.25,16.25,0.0,2,0.558274024086747
2975,218.75,-16.25,16.25,0.0,2,0.54421032932554
2976,221.25,-16.25,16.25,0.0,2,0.5311807975137293
2977,223.75,-16.25,16.25,0.0,2,0.5205231059320513
2978,226.25,-16.25,16.25,0.0,2,0.5147940868976153
2979,228.75,-16.25,16.25,0.0,2,0.5059903729743209
2980,231.25,-16.25,16.25,0.0,2,0.4963836872795553
2981,233.75,-16.25,16.25,0.0,2,0.48668825078657396
2982,236.25,-16.25,16.25,0.0,2,0.4793162831788152
2983,238.75,-16.25,16.25,0.0,2,0.47364944898595607
2984,241.25,-16.25,16.25,0.0,2,0.477109685897452
2985,243.75,-16.25,16.25,0.0,2,0.4912301128734617
2986,246.25,-16.25,16.25,0.0,2,0.5077900636867558
2987,248.75,-16.25,16.25,0.0,2,0.5329640958824445
2988,251.25,-16.25,16.25,0.0,2,0.5610669012331233
2989,253.75,-16.25,16.25,0.0,2,0.6024733718197209
2990,256.25,-16.25,16.25,0.0,2,0.6633152721834491
2991,258.75,-16.25,16.25,0.0,2,0.7606656017089117
2992,261.25,-16.25,16.25,0.0,2,0.8541042211933539
2993,263.75,-16.25,16.25,0.0,2,0.9778948262983167
2994,266.25,-16.25,16.25,0.0,2,1.0972254025944876
2995,268.75,-16.25,16.25,0.0,2,1.2232047319529162
2996,271.25,-16.25,16.25,0.0,2,1.32173148601697
2997,273.75,-16.25,16.25,0.0,2,1.4383149581774677
2998,276.25,-16.25,16.25,0.0,2,1.5248093473059563
2999,278.75,-16.25,16.25,0.0,2,1.5667971975154387
3000,281.25,-16.25,16.25,0.0,1,1.5618861435165483
3001,283.75,-16.25,16.25,0.0,1,1.6123460684090487
3002,286.25,-16.25,16.25,0.0,1,1.598966514862255
3003,321.25,-16.25,16.25,0.0,1,0.5035884581998356
3004,323.75,-16.25,16.25,0.0,1,0.45427458256872183
3005,326.25,-16.25,16.25,0.0,1,0.45067160629456443
3006,328.75,-16.25,16.25,0.0,1,0.42232248352797896
3007,331.25,-16.25,16.25,0.0,1,0.407547493539293
3008,333.75,-16.25,16.25,0.0,1,0.39421002530441024
3009,336.25,-16.25,16.25,0.0,1,0.38740718780190886
3010,338.75,-16.25,16.25,0.0,1,0.3879449329995776
3011,341.25,-16.25,16.25,0.0,1,0.40560860898864615
3012,343.75,-16.25,16.25,0.0,1,0.43460203132065184
3013,346.25,-16.25,16.25,0.0,1,0.46537123288361976
3014,348.75,-16.25,16.25,0.0,1,0.5001817208491515
3015,351.25,-16.25,16.25,0.0,1,0.5400678258081317
3016,353.75,-16.25,16.25,0.0,1,0.5850825526044605
3017,356.25,-16.25,16.25,0.0,1,0.6162019347103309
3018,358.75,-16.25,16.25,0.0,1,0.6283469171442534
3019,1.25,-13.75,13.75,0.0,1,0.6559449147021386
3020,3.75,-13.75,13.75,0.0,1,0.6701596878459644
3021,6.25,-13.75,13.75,0.0,1,0.6695007542192579
3022,8.75,-13.75,13.75,0.0,1,0.7261341191082481
3023,11.25,-13.75,13.75,0.0,1,0.8852812977332292
3024,41.25,-13.75,13.75,0.0,3,0.8862021303008832
3025,43.75,-13.75,13.75,0.0,3,0.8774820011080492
3026,46.25,-13.75,13.75,0.0,3,0.8659423475541441
3027,48.75,-13.75,13.75,0.0,3,0.7829464441872506
3028,51.25,-13.75,13.75,0.0,3,0.7794071951825537
3029,53.75,-13.75,13.75,0.0,3,0.8054065961963787
3030,56.25,-13.75,13.75,0.0,3,0.8103744173777905
3031,58.75,-13.75,13.75,0.0,3,0.8138469457984907
3032,61.25,-13.75,13.75,0.0,3,0.8062573393877439
3033,63.75,-13.75,13.75,0.0,3,0.7951311060878555
3034,66.25,-13.75,13.75,0.0,3,0.7858026846712917
3035,68.75,-13.75,13.75,0.0,3,0.7768448063912732
3036,71.25,-13.75,13.75,0.0,3,0.7622642260866545
3037,73.75,-13.75,13.75,0.0,3,0.7489425024154034
3038,76.25,-13.75,13.75,0.0,3,0.7316398462582389
3039,78.75,-13.75,13.75,0.0,3,0.713907871019316
3040,81.25,-13.75,13.75,0.0,3,0.6913173708234154
3041,83.75,-13.75,13.75,0.0,3,0.6732979699987031
3042,86.25,-13.75,13.75,0.0,3,0.656913815478112
3043,88.75,-13.75,13.75,0.0,3,0.6445461535663805
3044,91.25,-13.75,13.75,0.0,3,0.6276330881971292
3045,93.75,-13.75,13.75,0.0,3,0.6154175472051566
3046,96.25,-13.75,13.75,0.0,3,0.6140525842960922
3047,98.75,-13.75,13.75,0.0,3,0.6184913968461383
3048,101.25,-13.75,13.75,0.0,3,0.6264055961669587
3049,103.75,-13.75,13.75,0.0,3,0.6381098276357962
3050,106.25,-13.75,13.75,0.0,3,0.654467181064083
3051,108.75,-13.75,13.75,0.0,3,0.6779324594979735
3052,111.25,-13.75,13.75,0.0,3,0.7047471415697076
3053,113.75,-13.75,13.75,0.0,3,0.7319814912681502
3054,116.25,-13.75,13.75,0.0,3,0.7706617510039444
3055,118.75,-13.75,13.75,0.0,3,0.8125108886510459
3056,121.25,-13.75,13.75,0.0,2,0.8538641780692579
3057,123.75,-13.75,13.75,0.0,2,0.8726033930660223
3058,126.25,-13.75,13.75,0.0,2,0.83767216599209
3059,128.75,-13.75,13.75,0.0,2,0.8654294943338084
3060,136.25,-13.75,13.75,0.0,2,0.7643272696388145
3061,138.75,-13.75,13.75,0.0,2,0.7546239172610698
3062,141.25,-13.75,13.75,0.0,2,0.7808755560331616
3063,143.75,-13.75,13.75,0.0,2,0.6519629291479465
3064,146.25,-13.75,13.75,0.0,2,0.577740710489959
3065,148.75,-13.75,13.75,0.0,2,0.6091262263481177
3066,151.25,-13.75,13.75,0.0,2,0.6131190321739668
3067,153.75,-13.75,13.75,0.0,2,0.6454504092880686
3068,156.25,-13.75,13.75,0.0,2,0.6772689787265028
3069,158.75,-13.75,13.75,0.0,2,0.6868061807801964
3070,161.25,-13.75,13.75,0.0,2,0.6979644401028795
3071,163.75,-13.75,13.75,0.0,2,0.7032219798314135
3072,166.25,-13.75,13.75,0.0,2,0.7007765822780814
3073,168.75,-13.75,13.75,0.0,2,0.6969829794183383
3074,171.25,-13.75,13.75,0.0,2,0.6933345167729813
3075,173.75,-13.75,13.75,0.0,2,0.695993533957388
3076,176.25,-13.75,13.75,0.0,2,0.6984785707616101
3077,178.75,-13.75,13.75,0.0,2,0.7056340978164048
3078,181.25,-13.75,13.75,0.0,2,0.7287227709618566
3079,183.75,-13.75,13.75,0.0,2,0.7368436471343578
3080,186.25,-13.75,13.75,0.0,2,0.7059837538966324
3081,188.75,-13.75,13.75,0.0,2,0.7075199925353335
3082,191.25,-13.75,13.75,0.0,2,0.7168663849185937
3083,193.75,-13.75,13.75,0.0,2,0.7259963673226034
3084,196.25,-13.75,13.75,0.0,2,0.7245005471282279
3085,198.75,-13.75,13.75,0.0,2,0.7248795582079619
3086,201.25,-13.75,13.75,0.0,2,0.7252740710815945
3087,203.75,-13.75,13.75,0.0,2,0.7252814414307521
3088,206.25,-13.75,13.75,0.0,2,0.7264047895006
3089,208.75,-13.75,13.75,0.0,2,0.7307740343760175
3090,211.25,-13.75,13.75,0.0,2,0.7315611930050904
3091,213.75,-13.75,13.75,0.0,2,0.7365231493561647
3092,216.25,-13.75,13.75,0.0,2,0.7703990854039835
3093,218.75,-13.75,13.75,0.0,2,0.7863593359748206
3094,221.25,-13.75,13.75,0.0,2,0.8022185790179998
3095,223.75,-13.75,13.75,0.0,2,0.8171194476756735
3096,226.25,-13.75,13.75,0.0,2,0.8318773358267788
3097,228.75,-13.75,13.75,0.0,2,0.8434440060838827
3098,231.25,-13.75,13.75,0.0,2,0.8534808604973303
3099,233.75,-13.75,13.75,0.0,2,0.8606392240004518
3100,236.25,-13.75,13.75,0.0,2,0.8672106391279277
3101,238.75,-13.75,13.75,0.0,2,0.8715470091271819
3102,241.25,-13.75,13.75,0.0,2,0.8817584183209903
3103,243.75,-13.75,13.75,0.0,2,0.9021660209616404
3104,246.25,-13.75,13.75,0.0,2,0.9305683257465289
3105,248.75,-13.75,13.75,0.0,2,0.9526909565108962
3106,251.25,-13.75,13.75,0.0,2,0.9813426799426382
3107,253.75,-13.75,13.75,0.0,2,1.0177071482366247
3108,256.25,-13.75,13.75,0.0,2,1.0688236034706873
3109,258.75,-13.75,13.75,0.0,2,1.1119508200473924
3110,261.25,-13.75,13.75,0.0,2,1.1660159337708038
3111,263.75,-13.75,13.75,0.0,2,1.2190248236536159
3112,266.25,-13.75,13.75,0.0,2,1.292298030454402
3113,268.75,-13.75,13.75,0.0,2,1.36062505430599
3114,271.25,-13.75,13.75,0.0,2,1.430326088878858
3115,273.75,-13.75,13.75,0.0,2,1.4651743406500204
3116,276.25,-13.75,13.75,0.0,2,1.4646418826778185
3117,278.75,-13.75,13.75,0.0,2,1.4178413709063067
3118,281.25,-13.75,13.75,0.0,1,1.4856357492062282
3119,283.75,-13.75,13.75,0.0,1,1.3790207691898748
3120,321.25,-13.75,13.75,0.0,1,0.5219626506310043
3121,323.75,-13.75,13.75,0.0,1,0.48753225453247706
3122,326.25,-13.75,13.75,0.0,1,0.5596748245404629
3123,328.75,-13.75,13.75,0.0,1,0.5121467051339426
3124,331.25,-13.75,13.75,0.0,1,0.52003539039376
3125,333.75,-13.75,13.75,0.0,1,0.5124031640976214
3126,336.25,-13.75,13.75,0.0,1,0.528283103146678
3127,338.75,-13.75,13.75,0.0,1,0.5541198045202653
3128,341.25,-13.75,13.75,0.0,1,0.5909255997378898
3129,343.75,-13.75,13.75,0.0,1,0.6163607286307214
3130,346.25,-13.75,13.75,0.0,1,0.6327863021229102
3131,348.75,-13.75,13.75,0.0,1,0.6370550099772727
3132,351.25,-13.75,13.75,0.0,1,0.6330633957981617
3133,353.75,-13.75,13.75,0.0,1,0.6292551766655432
3134,356.25,-13.75,13.75,0.0,1,0.6323674746966093
3135,358.75,-13.75,13.75,0.0,1,0.6396754171004704
3136,1.25,-11.25,11.25,0.0,1,0.6801558421210174
3137,3.75,-11.25,11.25,0.0,1,0.6973610296695514
3138,6.25,-11.25,11.25,0.0,1,0.6913582399190698
3139,8.75,-11.25,11.25,0.0,1,0.7169330681748257
3140,11.25,-11.25,11.25,0.0,1,0.8844482490461701
3141,13.75,-11.25,11.25,0.0,1,0.9129216138830087
3142,41.25,-11.25,11.25,0.0,3,0.9025845531163501
3143,43.75,-11.25,11.25,0.0,3,0.846507467123352
3144,46.25,-11.25,11.25,0.0,3,0.8305758802144738
3145,48.75,-11.25,11.25,0.0,3,0.8338969809849418
3146,51.25,-11.25,11.25,0.0,3,0.8705646123380791
3147,53.75,-11.25,11.25,0.0,3,0.8738009021450655
3148,56.25,-11.25,11.25,0.0,3,0.8564303261964848
3149,58.75,-11.25,11.25,0.0,3,0.8466085212776777
3150,61.25,-11.25,11.25,0.0,3,0.8375395748741867
3151,63.75,-11.25,11.25,0.0,3,0.8391485663489935
3152,66.25,-11.25,11.25,0.0,3,0.8345178427940105
3153,68.75,-11.25,11.25,0.0,3,0.8273364929043272
3154,71.25,-11.25,11.25,0.0,3,0.8117160476711209
3155,73.75,-11.25,11.25,0.0,3,0.7948283757955635
3156,76.25,-11.25,11.25,0.0,3,0.7727019698102534
3157,78.75,-11.25,11.25,0.0,3,0.7578011787571741
3158,81.25,-11.25,11.25,0.0,3,0.7380306799421845
3159,83.75,-11.25,11.25,0.0,3,0.7248553238118648
3160,86.25,-11.25,11.25,0.0,3,0.6954132222360673
3161,88.75,-11.25,11.25,0.0,3,0.6739153680082292
3162,91.25,-11.25,11.25,0.0,3,0.646180663154224
3163,93.75,-11.25,11.25,0.0,3,0.6300851708558584
3164,96.25,-11.25,11.25,0.0,3,0.6152284785073278
3165,98.75,-11.25,11.25,0.0,3,0.6137439895575769
3166,101.25,-11.25,11.25,0.0,3,0.62285544422727
3167,103.75,-11.25,11.25,0.0,3,0.6389979843663457
3168,106.25,-11.25,11.25,0.0,3,0.6659826208548882
3169,108.75,-11.25,11.25,0.0,3,0.681440419913453
3170,111.25,-11.25,11.25,0.0,3,0.707010108949471
3171,113.75,-11.25,11.25,0.0,3,0.7177379975787663
3172,116.25,-11.25,11.25,0.0,3,0.7352329784144915
3173,118.75,-11.25,11.25,0.0,3,0.7349227982399307
3174,121.25,-11.25,11.25,0.0,2,0.7505104803209655
3175,123.75,-11.25,11.25,0.0,2,0.7621936592119628
3176,126.25,-11.25,11.25,0.0,2,0.783117102254844
3177,128.75,-11.25,11.25,0.0,2,0.7688672873621722
3178,131.25,-11.25,11.25,0.0,2,0.7251690032124074
3179,133.75,-11.25,11.25,0.0,2,0.7340710091348039
3180,136.25,-11.25,11.25,0.0,2,0.7194181044885675
3181,138.75,-11.25,11.25,0.0,2,0.7057464804160117
3182,141.25,-11.25,11.25,0.0,2,0.7364929221639249
3183,143.75,-11.25,11.25,0.0,2,0.577436530626843
3184,146.25,-11.25,11.25,0.0,2,0.5390077802702904
3185,148.75,-11.25,11.25,0.0,2,0.5442547321177634
3186,151.25,-11.25,11.25,0.0,2,0.5795499919778659
3187,153.75,-11.25,11.25,0.0,2,0.6185211077468891
3188,156.25,-11.25,11.25,0.0,2,0.7184065640177875
3189,158.75,-11.25,11.25,0.0,2,0.7111858869366634
3190,161.25,-11.25,11.25,0.0,2,0.7038323617443205
3191,163.75,-11.25,11.25,0.0,2,0.7208121366625898
3192,166.25,-11.25,11.25,0.0,2,0.7300228615731406
3193,168.75,-11.25,11.25,0.0,2,0.7262201162516937
3194,171.25,-11.25,11.25,0.0,2,0.7211670577177529
3195,173.75,-11.25,11.25,0.0,2,0.7267380031792501
3196,176.25,-11.25,11.25,0.0,2,0.740452669040362
3197,178.75,-11.25,11.25,0.0,2,0.75035376974435
3198,181.25,-11.25,11.25,0.0,2,0.7685719329274162
3199,183.75,-11.25,11.25,0.0,2,0.7755927549293598
3200,186.25,-11.25,11.25,0.0,2,0.7834970780529962
3201,188.75,-11.25,11.25,0.0,2,0.7910417899589844
3202,191.25,-11.25,11.25,0.0,2,0.8138692896672954
3203,193.75,-11.25,11.25,0.0,2,0.822838758535457
3204,196.25,-11.25,11.25,0.0,2,0.8379322168068737
3205,198.75,-11.25,11.25,0.0,2,0.8497102726270473
3206,201.25,-11.25,11.25,0.0,2,0.8650678562049925
3207,203.75,-11.25,11.25,0.0,2,0.8755789527643182
3208,206.25,-11.25,11.25,0.0,2,0.8911981641546889
3209,208.75,-11.25,11.25,0.0,2,0.905290404539876
3210,211.25,-11.25,11.25,0.0,2,0.9253346465454763
3211,213.75,-11.25,11.25,0.0,2,0.9396042863695714
3212,216.25,-11.25,11.25,0.0,2,0.9577167827892065
3213,218.75,-11.25,11.25,0.0,2,0.9700605059887287
3214,221.25,-11.25,11.25,0.0,2,0.9834559433189407
3215,223.75,-11.25,11.25,0.0,2,0.9891732790978092
3216,226.25,-11.25,11.25,0.0,2,0.998441647953074
3217,228.75,-11.25,11.25,0.0,2,1.004284968119925
3218,231.25,-11.25,11.25,0.0,2,1.0122950009696254
3219,233.75,-11.25,11.25,0.0,2,1.014375933272598
3220,236.25,-11.25,11.25,0.0,2,1.0126181469260418
3221,238.75,-11.25,11.25,0.0,2,1.0117008558370553
3222,241.25,-11.25,11.25,0.0,2,1.0150494108024586
3223,243.75,-11.25,11.25,0.0,2,1.018078449177074
3224,246.25,-11.25,11.25,0.0,2,1.0325220517236313
3225,248.75,-11.25,11.25,0.0,2,1.0461247873308246
3226,251.25,-11.25,11.25,0.0,2,1.0649522955055433
3227,253.75,-11.25,11.25,0.0,2,1.0762510472103646
3228,256.25,-11.25,11.25,0.0,2,1.092405114040476
3229,258.75,-11.25,11.25,0.0,2,1.109270826269449
3230,261.25,-11.25,11.25,0.0,2,1.1608749096108324
3231,263.75,-11.25,11.25,0.0,2,1.2049391489255674
3232,266.25,-11.25,11.25,0.0,2,1.2788921539793559
3233,268.75,-11.25,11.25,0.0,2,1.3218643951760198
3234,271.25,-11.25,11.25,0.0,2,1.3746112353119966
3235,273.75,-11.25,11.25,0.0,2,1.3982162425032987
3236,276.25,-11.25,11.25,0.0,2,1.4189526719946153
3237,278.75,-11.25,11.25,0.0,2,1.3886934566306741
3238,281.25,-11.25,11.25,0.0,1,1.3178037678906538
3239,323.75,-11.25,11.25,0.0,1,0.5109675894815917
3240,326.25,-11.25,11.25,0.0,1,0.5873722029466543
3241,328.75,-11.25,11.25,0.0,1,0.6578713336016735
3242,331.25,-11.25,11.25,0.0,1,0.6378014947932276
3243,333.75,-11.25,11.25,0.0,1,0.6371500850398889
3244,336.25,-11.25,11.25,0.0,1,0.6490225142780908
3245,338.75,-11.25,11.25,0.0,1,0.6490666893749554
3246,341.25,-11.25,11.25,0.0,1,0.6322254565198258
3247,343.75,-11.25,11.25,0.0,1,0.6177508038771026
3248,346.25,-11.25,11.25,0.0,1,0.6033291089863931
3249,348.75,-11.25,11.25,0.0,1,0.5940669129097108
3250,351.25,-11.25,11.25,0.0,1,0.5942311639852091
3251,353.75,-11.25,11.25,0.0,1,0.6018739424236138
3252,356.25,-11.25,11.25,0.0,1,0.6281486891844646
3253,358.75,-11.25,11.25,0.0,1,0.6426126473643208
3254,1.25,-8.75,8.75,0.0,1,0.7168071715677184
3255,3.75,-8.75,8.75,0.0,1,0.7344537784689854
3256,6.25,-8.75,8.75,0.0,1,0.7482626872359067
3257,8.75,-8.75,8.75,0.0,1,0.7734162313880864
3258,11.25,-8.75,8.75,0.0,1,0.8747358059179305
3259,41.25,-8.75,8.75,0.0,3,0.9101445171349775
3260,43.75,-8.75,8.75,0.0,3,0.9105908891363622
3261,46.25,-8.75,8.75,0.0,3,0.8980356244322746
3262,48.75,-8.75,8.75,0.0,3,0.8912200963692427
3263,51.25,-8.75,8.75,0.0,3,0.8915843821044418
3264,53.75,-8.75,8.75,0.0,3,0.9118344726182317
3265,56.25,-8.75,8.75,0.0,3,0.920007566746263
3266,58.75,-8.75,8.75,0.0,3,0.9145557544014331
3267,61.25,-8.75,8.75,0.0,3,0.8971479761853021
3268,63.75,-8.75,8.75,0.0,3,0.8981847209508725
3269,66.25,-8.75,8.75,0.0,3,0.8772226209019006
3270,68.75,-8.75,8.75,0.0,3,0.8634046620476235
3271,71.25,-8.75,8.75,0.0,3,0.8562692899817401
3272,73.75,-8.75,8.75,0.0,3,0.8440268264492193
3273,76.25,-8.75,8.75,0.0,3,0.8336347957454302
3274,78.75,-8.75,8.75,0.0,3,0.817609588482143
3275,81.25,-8.75,8.75,0.0,3,0.7962655026623392
3276,83.75,-8.75,8.75,0.0,3,0.7774160011234874
3277,86.25,-8.75,8.75,0.0,3,0.7390449790781858
3278,88.75,-8.75,8.75,0.0,3,0.7200950443963863
3279,91.25,-8.75,8.75,0.0,3,0.6836760802707051
3280,93.75,-8.75,8.75,0.0,3,0.6502137753912625
3281,96.25,-8.75,8.75,0.0,3,0.604944510743134
3282,98.75,-8.75,8.75,0.0,3,0.5814500497189528
3283,101.25,-8.75,8.75,0.0,3,0.5514505336455012
3284,103.75,-8.75,8.75,0.0,3,0.5311040136889406
3285,106.25,-8.75,8.75,0.0,3,0.5238836174368804
3286,108.75,-8.75,8.75,0.0,3,0.49533333153013104
3287,111.25,-8.75,8.75,0.0,3,0.4763552407306732
3288,113.75,-8.75,8.75,0.0,3,0.4637257297720707
3289,116.25,-8.75,8.75,0.0,3,0.7342489128512548
3290,118.75,-8.75,8.75,0.0,3,0.7549083319797898
3291,121.25,-8.75,8.75,0.0,2,0.7070664363418134
3292,123.75,-8.75,8.75,0.0,2,0.822197900262732
3293,126.25,-8.75,8.75,0.0,2,0.7630565323147679
3294,128.75,-8.75,8.75,0.0,2,0.740056448177476
3295,131.25,-8.75,8.75,0.0,2,0.7086111575748162
3296,133.75,-8.75,8.75,0.0,2,0.7029359702041582
3297,136.25,-8.75,8.75,0.0,2,0.6157211603475949
3298,138.75,-8.75,8.75,0.0,2,0.5886421495715846
3299,141.25,-8.75,8.75,0.0,2,0.5383093023877703
3300,143.75,-8.75,8.75,0.0,2,0.5372903827624663
3301,146.25,-8.75,8.75,0.0,2,0.5331897170855923
3302,148.75,-8.75,8.75,0.0,2,0.6089130323123525
3303,151.25,-8.75,8.75,0.0,2,0.618975064470827
3304,153.75,-8.75,8.75,0.0,2,0.790068563279743
3305,156.25,-8.75,8.75,0.0,2,0.7999882309945705
3306,158.75,-8.75,8.75,0.0,2,0.7547383031156986
3307,161.25,-8.75,8.75,0.0,2,0.764740813086731
3308,163.75,-8.75,8.75,0.0,2,0.7532537253937898
3309,166.25,-8.75,8.75,0.0,2,0.7890087238505719
3310,168.75,-8.75,8.75,0.0,2,0.7945721447974049
3311,171.25,-8.75,8.75,0.0,2,0.8036147360825524
3312,173.75,-8.75,8.75,0.0,2,0.8119865602654939
3313,176.25,-8.75,8.75,0.0,2,0.8236905163014379
3314,178.75,-8.75,8.75,0.0,2,0.8310523090233689
3315,181.25,-8.75,8.75,0.0,2,0.8485005535832495
3316,183.75,-8.75,8.75,0.0,2,0.8559368812628086
3317,186.25,-8.75,8.75,0.0,2,0.8656789766562967
3318,188.75,-8.75,8.75,0.0,2,0.8689859937637914
3319,191.25,-8.75,8.75,0.0,2,0.8743496662927727
3320,193.75,-8.75,8.75,0.0,2,0.878336692495188
3321,196.25,-8.75,8.75,0.0,2,0.8855223801020184
3322,198.75,-8.75,8.75,0.0,2,0.8913264187479295
3323,201.25,-8.75,8.75,0.0,2,0.902649160542893
3324,203.75,-8.75,8.75,0.0,2,0.9130086339180515
3325,206.25,-8.75,8.75,0.0,2,0.9272770997448477
3326,208.75,-8.75,8.75,0.0,2,0.9370094988942933
3327,211.25,-8.75,8.75,0.0,2,0.9483549639937655
3328,213.75,-8.75,8.75,0.0,2,0.9550903091774833
3329,216.25,-8.75,8.75,0.0,2,0.9633052957332191
3330,218.75,-8.75,8.75,0.0,2,0.9685373987431308
3331,221.25,-8.75,8.75,0.0,2,0.9753408595478542
3332,223.75,-8.75,8.75,0.0,2,0.9800299832923713
3333,226.25,-8.75,8.75,0.0,2,0.9873447303893399
3334,228.75,-8.75,8.75,0.0,2,0.9882868869535815
3335,231.25,-8.75,8.75,0.0,2,0.9872493669912012
3336,233.75,-8.75,8.75,0.0,2,0.9877834520726707
3337,236.25,-8.75,8.75,0.0,2,0.9914595475109828
3338,238.75,-8.75,8.75,0.0,2,0.9953426480618321
3339,241.25,-8.75,8.75,0.0,2,0.9978997759800501
3340,243.75,-8.75,8.75,0.0,2,1.003728896273504
3341,246.25,-8.75,8.75,0.0,2,1.0183333836505633
3342,248.75,-8.75,8.75,0.0,2,1.0265168121112163
3343,251.25,-8.75,8.75,0.0,2,1.0447299730765904
3344,253.75,-8.75,8.75,0.0,2,1.0598855512379866
3345,256.25,-8.75,8.75,0.0,2,1.0920952106097415
3346,258.75,-8.75,8.75,0.0,2,1.1296289242793034
3347,261.25,-8.75,8.75,0.0,2,1.1866230736619579
3348,263.75,-8.75,8.75,0.0,2,1.2190407799456418
3349,266.25,-8.75,8.75,0.0,2,1.266954681783858
3350,268.75,-8.75,8.75,0.0,2,1.2851988017235354
3351,271.25,-8.75,8.75,0.0,2,1.3197766881331632
3352,273.75,-8.75,8.75,0.0,2,1.3541671972678293
3353,276.25,-8.75,8.75,0.0,2,1.355902735070633
3354,278.75,-8.75,8.75,0.0,2,1.2931499865570313
3355,326.25,-8.75,8.75,0.0,1,0.5651747535264049
3356,328.75,-8.75,8.75,0.0,1,0.6890524996387513
3357,331.25,-8.75,8.75,0.0,1,0.663305441823441
3358,333.75,-8.75,8.75,0.0,1,0.6600660199283118
3359,336.25,-8.75,8.75,0.0,1,0.6422108260165088
3360,338.75,-8.75,8.75,0.0,1,0.6284711664496183
3361,341.25,-8.75,8.75,0.0,1,0.6099392806715603
3362,343.75,-8.75,8.75,0.0,1,0.6010315251838992
3363,346.25,-8.75,8.75,0.0,1,0.5912021895893117
3364,348.75,-8.75,8.75,0.0,1,0.5928501872109885
3365,351.25,-8.75,8.75,0.0,1,0.606798822409605
3366,353.75,-8.75,8.75,0.0,1,0.6211449258066453
3367,356.25,-8.75,8.75,0.0,1,0.6507267348824558
3368,358.75,-8.75,8.75,0.0,1,0.6754708508597174
3369,1.25,-6.25,6.25,0.0,1,0.7211950422682796
3370,3.75,-6.25,6.25,0.0,1,0.7390049103059203
3371,6.25,-6.25,6.25,0.0,1,0.778618641204945
3372,8.75,-6.25,6.25,0.0,1,0.7977590412587254
3373,11.25,-6.25,6.25,0.0,1,0.8839369968219712
3374,41.25,-6.25,6.25,0.0,3,0.9447957990578301
3375,43.75,-6.25,6.25,0.0,3,0.9584384783588408
3376,46.25,-6.25,6.25,0.0,3,0.9613713945234283
3377,48.75,-6.25,6.25,0.0,3,0.9442321565914065
3378,51.25,-6.25,6.25,0.0,3,0.9349278528395983
3379,53.75,-6.25,6.25,0.0,3,0.9289356387761364
3380,56.25,-6.25,6.25,0.0,3,0.9282485521070409
3381,58.75,-6.25,6.25,0.0,3,0.9377502440425901
3382,61.25,-6.25,6.25,0.0,3,0.9351828053499156
3383,63.75,-6.25,6.25,0.0,3,0.9249779947453005
3384,66.25,-6.25,6.25,0.0,3,0.9110516981888225
3385,68.75,-6.25,6.25,0.0,3,0.9025772381223142
3386,71.25,-6.25,6.25,0.0,3,0.9022182128035664
3387,73.75,-6.25,6.25,0.0,3,0.8872271439021846
3388,76.25,-6.25,6.25,0.0,3,0.8686215159067238
3389,78.75,-6.25,6.25,0.0,3,0.8480074441506309
3390,81.25,-6.25,6.25,0.0,3,0.8167100264971511
3391,83.75,-6.25,6.25,0.0,3,0.7901886326562547
3392,86.25,-6.25,6.25,0.0,3,0.7457080804501459
3393,88.75,-6.25,6.25,0.0,3,0.7166150561476828
3394,91.25,-6.25,6.25,0.0,3,0.6682875541339751
3395,93.75,-6.25,6.25,0.0,3,0.62677837063361
3396,96.25,-6.25,6.25,0.0,3,0.5477025784973877
3397,98.75,-6.25,6.25,0.0,3,0.4906296270190343
3398,101.25,-6.25,6.25,0.0,3,0.4117708714482178
3399,103.75,-6.25,6.25,0.0,3,0.33608967521337274
3400,108.75,-6.25,6.25,0.0,3,0.7509749113082952
3401,111.25,-6.25,6.25,0.0,3,0.7679951274745854
3402,113.75,-6.25,6.25,0.0,3,0.775371255683846
3403,116.25,-6.25,6.25,0.0,3,0.8038113322889819
3404,118.75,-6.25,6.25,0.0,3,0.7834544638198364
3405,121.25,-6.25,6.25,0.0,2,0.7699925772126549
3406,123.75,-6.25,6.25,0.0,2,0.7846633011031668
3407,126.25,-6.25,6.25,0.0,2,0.7692911690009315
3408,128.75,-6.25,6.25,0.0,2,0.7425696979138753
3409,131.25,-6.25,6.25,0.0,2,0.7470641762150673
3410,133.75,-6.25,6.25,0.0,2,0.7271384929375015
3411,136.25,-6.25,6.25,0.0,2,0.6596965414780892
3412,138.75,-6.25,6.25,0.0,2,0.6545527892505292
3413,148.75,-6.25,6.25,0.0,2,0.6226049688645159
3414,151.25,-6.25,6.25,0.0,2,0.720705747381988
3415,153.75,-6.25,6.25,0.0,2,0.8565653760133698
3416,156.25,-6.25,6.25,0.0,2,0.8291088658180976
3417,158.75,-6.25,6.25,0.0,2,0.8489577001472669
3418,161.25,-6.25,6.25,0.0,2,0.8707857043346097
3419,163.75,-6.25,6.25,0.0,2,0.8777389709971687
3420,166.25,-6.25,6.25,0.0,2,0.8904011465809477
3421,168.75,-6.25,6.25,0.0,2,0.9085467855779449
3422,171.25,-6.25,6.25,0.0,2,0.9226039949613516
3423,173.75,-6.25,6.25,0.0,2,0.9330666562352207
3424,176.25,-6.25,6.25,0.0,2,0.9470465608979541
3425,178.75,-6.25,6.25,0.0,2,0.9559760030325539
3426,181.25,-6.25,6.25,0.0,2,0.9623555044969566
3427,183.75,-6.25,6.25,0.0,2,0.9649338511280766
3428,186.25,-6.25,6.25,0.0,2,0.9671156122282084
3429,188.75,-6.25,6.25,0.0,2,0.9680884130487812
3430,191.25,-6.25,6.25,0.0,2,0.9659865762776383
3431,193.75,-6.25,6.25,0.0,2,0.9621213712910779
3432,196.25,-6.25,6.25,0.0,2,0.9625297047167588
3433,198.75,-6.25,6.25,0.0,2,0.9599693449957399
3434,201.25,-6.25,6.25,0.0,2,0.9533849599174085
3435,203.75,-6.25,6.25,0.0,2,0.9489335646411136
3436,206.25,-6.25,6.25,0.0,2,0.9411340453357557
3437,208.75,-6.25,6.25,0.0,2,0.9381005751095707
3438,211.25,-6.25,6.25,0.0,2,0.9403936497128073
3439,213.75,-6.25,6.25,0.0,2,0.9396590353400098
3440,216.25,-6.25,6.25,0.0,2,0.9342390391559244
3441,218.75,-6.25,6.25,0.0,2,0.9296987165792905
3442,221.25,-6.25,6.25,0.0,2,0.9302453237120556
3443,223.75,-6.25,6.25,0.0,2,0.9260522442172345
3444,226.25,-6.25,6.25,0.0,2,0.9258625290541695
3445,228.75,-6.25,6.25,0.0,2,0.9305578816759861
3446,231.25,-6.25,6.25,0.0,2,0.9439222929685216
3447,233.75,-6.25,6.25,0.0,2,0.9505009143932968
3448,236.25,-6.25,6.25,0.0,2,0.9559085552507821
3449,238.75,-6.25,6.25,0.0,2,0.9688334318596927
3450,241.25,-6.25,6.25,0.0,2,0.9898352235092305
3451,243.75,-6.25,6.25,0.0,2,1.0078186590453426
3452,246.25,-6.25,6.25,0.0,2,1.0480253910487163
3453,248.75,-6.25,6.25,0.0,2,1.077007949555717
3454,251.25,-6.25,6.25,0.0,2,1.12253024556681
3455,253.75,-6.25,6.25,0.0,2,1.144302088540165
3456,256.25,-6.25,6.25,0.0,2,1.1725252055760937
3457,258.75,-6.25,6.25,0.0,2,1.1952210214052243
3458,261.25,-6.25,6.25,0.0,2,1.2283632628002477
3459,263.75,-6.25,6.25,0.0,2,1.244188188503728
3460,266.25,-6.25,6.25,0.0,2,1.2574887896875908
3461,268.75,-6.25,6.25,0.0,2,1.2666782235959446
3462,271.25,-6.25,6.25,0.0,2,1.3029116901068227
3463,273.75,-6.25,6.25,0.0,2,1.337030376530925
3464,276.25,-6.25,6.25,0.0,2,1.3977544414163765
3465,278.75,-6.25,6.25,0.0,2,1.4026906630336726
3466,326.25,-6.25,6.25,0.0,1,0.6862811287932181
3467,328.75,-6.25,6.25,0.0,1,0.718445984454795
3468,331.25,-6.25,6.25,0.0,1,0.6989956954799381
3469,333.75,-6.25,6.25,0.0,1,0.6830396275137707
3470,336.25,-6.25,6.25,0.0,1,0.6623647156606706
3471,338.75,-6.25,6.25,0.0,1,0.6491090226939913
3472,341.25,-6.25,6.25,0.0,1,0.630213457822128
3473,343.75,-6.25,6.25,0.0,1,0.6200814638718017
3474,346.25,-6.25,6.25,0.0,1,0.6092122420034956
3475,348.75,-6.25,6.25,0.0,1,0.6104570575036565
3476,351.25,-6.25,6.25,0.0,1,0.6272153430048125
3477,353.75,-6.25,6.25,0.0,1,0.641699389284616
3478,356.25,-6.25,6.25,0.0,1,0.6693556368491876
3479,358.75,-6.25,6.25,0.0,1,0.69002142575944
3480,1.25,-3.75,3.75,0.0,1,0.759904238909247
3481,3.75,-3.75,3.75,0.0,1,0.7761432338221299
3482,6.25,-3.75,3.75,0.0,1,0.8101696796374293
3483,8.75,-3.75,3.75,0.0,1,0.8569871853855205
3484,11.25,-3.75,3.75,0.0,1,0.9299949634135151
3485,41.25,-3.75,3.75,0.0,3,1.0007413762108421
3486,43.75,-3.75,3.75,0.0,3,1.032415750278528
3487,46.25,-3.75,3.75,0.0,3,0.9969163507366422
3488,48.75,-3.75,3.75,0.0,3,0.9854205900127738
3489,51.25,-3.75,3.75,0.0,3,0.9703532121631179
3490,53.75,-3.75,3.75,0.0,3,0.9561490237787972
3491,56.25,-3.75,3.75,0.0,3,0.9418028784493022
3492,58.75,-3.75,3.75,0.0,3,0.9398197678099764
3493,61.25,-3.75,3.75,0.0,3,0.9270334686429137
3494,63.75,-3.75,3.75,0.0,3,0.9190534699176562
3495,66.25,-3.75,3.75,0.0,3,0.9103572993483369
3496,68.75,-3.75,3.75,0.0,3,0.9040329660007738
3497,71.25,-3.75,3.75,0.0,3,0.889369590095167
3498,73.75,-3.75,3.75,0.0,3,0.8770048324415934
3499,76.25,-3.75,3.75,0.0,3,0.8567093874414353
3500,78.75,-3.75,3.75,0.0,3,0.8400033136090167
3501,81.25,-3.75,3.75,0.0,3,0.8048286530129449
3502,83.75,-3.75,3.75,0.0,3,0.7785064846667528
3503,86.25,-3.75,3.75,0.0,3,0.7378419211091156
3504,88.75,-3.75,3.75,0.0,3,0.7056478583379715
3505,91.25,-3.75,3.75,0.0,3,0.6448294602271812
3506,93.75,-3.75,3.75,0.0,3,0.5893447445611262
3507,96.25,-3.75,3.75,0.0,3,0.5016630822128347
3508,98.75,-3.75,3.75,0.0,3,0.45681031767428254
3509,101.25,-3.75,3.75,0.0,3,0.39963326076129985
3510,106.25,-3.75,3.75,0.0,3,0.7763936188531013
3511,108.75,-3.75,3.75,0.0,3,0.8315529415140632
3512,111.25,-3.75,3.75,0.0,3,0.7903677464180385
3513,113.75,-3.75,3.75,0.0,3,0.7819458332746927
3514,116.25,-3.75,3.75,0.0,3,0.795402406870047
3515,118.75,-3.75,3.75,0.0,3,0.7990962246640538
3516,121.25,-3.75,3.75,0.0,2,0.7225614753503198
3517,123.75,-3.75,3.75,0.0,2,0.7053188544256964
3518,126.25,-3.75,3.75,0.0,2,0.7437047256692442
3519,128.75,-3.75,3.75,0.0,2,0.7326467752945951
3520,131.25,-3.75,3.75,0.0,2,0.7896565803946175
3521,133.75,-3.75,3.75,0.0,2,0.7036294030065371
3522,143.75,-3.75,3.75,0.0,2,0.7863608671376098
3523,146.25,-3.75,3.75,0.0,2,0.749130463721139
3524,148.75,-3.75,3.75,0.0,2,0.7774457510925944
3525,151.25,-3.75,3.75,0.0,2,0.774090208439968
3526,153.75,-3.75,3.75,0.0,2,0.9557682816061749
3527,156.25,-3.75,3.75,0.0,2,0.9885359543175807
3528,158.75,-3.75,3.75,0.0,2,1.0090999508275493
3529,161.25,-3.75,3.75,0.0,2,1.054715061454092
3530,163.75,-3.75,3.75,0.0,2,1.0815214037846839
3531,166.25,-3.75,3.75,0.0,2,1.111366562393964
3532,168.75,-3.75,3.75,0.0,2,1.1310371569758597
3533,171.25,-3.75,3.75,0.0,2,1.1559528561061574
3534,173.75,-3.75,3.75,0.0,2,1.158557676906285
3535,176.25,-3.75,3.75,0.0,2,1.1704364454551268
3536,178.75,-3.75,3.75,0.0,2,1.1801161905253235
3537,181.25,-3.75,3.75,0.0,2,1.1941207624289258
3538,183.75,-3.75,3.75,0.0,2,1.1950736763439662
3539,186.25,-3.75,3.75,0.0,2,1.1990229567188013
3540,188.75,-3.75,3.75,0.0,2,1.191898694638949
3541,191.25,-3.75,3.75,0.0,2,1.186293658756008
3542,193.75,-3.75,3.75,0.0,2,1.1921780566296736
3543,196.25,-3.75,3.75,0.0,2,1.1928067488362541
3544,198.75,-3.75,3.75,0.0,2,1.1874185139440971
3545,201.25,-3.75,3.75,0.0,2,1.1751158661725984
3546,203.75,-3.75,3.75,0.0,2,1.170175495225381
3547,206.25,-3.75,3.75,0.0,2,1.1747025289212154
3548,208.75,-3.75,3.75,0.0,2,1.167851509763583
3549,211.25,-3.75,3.75,0.0,2,1.1627581536062137
3550,213.75,-3.75,3.75,0.0,2,1.1551147683372016
3551,216.25,-3.75,3.75,0.0,2,1.1404602336922343
3552,218.75,-3.75,3.75,0.0,2,1.1367059154174086
3553,221.25,-3.75,3.75,0.0,2,1.1291291985283414
3554,223.75,-3.75,3.75,0.0,2,1.1196461627513585
3555,226.25,-3.75,3.75,0.0,2,1.1177394952188697
3556,228.75,-3.75,3.75,0.0,2,1.1209984209651953
3557,231.25,-3.75,3.75,0.0,2,1.12713236988884
3558,233.75,-3.75,3.75,0.0,2,1.1365876952625475
3559,236.25,-3.75,3.75,0.0,2,1.1295735981030568
3560,238.75,-3.75,3.75,0.0,2,1.1230195517102115
3561,241.25,-3.75,3.75,0.0,2,1.112406248217329
3562,243.75,-3.75,3.75,0.0,2,1.1042498528970666
3563,246.25,-3.75,3.75,0.0,2,1.106854679624931
3564,248.75,-3.75,3.75,0.0,2,1.1128287669034516
3565,251.25,-3.75,3.75,0.0,2,1.1138142518399752
3566,253.75,-3.75,3.75,0.0,2,1.1151194990256612
3567,256.25,-3.75,3.75,0.0,2,1.1348585288742126
3568,258.75,-3.75,3.75,0.0,2,1.1534508274743998
3569,261.25,-3.75,3.75,0.0,2,1.1838493689568335
3570,263.75,-3.75,3.75,0.0,2,1.2039827446348805
3571,266.25,-3.75,3.75,0.0,2,1.2309696491192914
3572,268.75,-3.75,3.75,0.0,2,1.2509741382649464
3573,271.25,-3.75,3.75,0.0,2,1.2974295840080896
3574,273.75,-3.75,3.75,0.0,2,1.3467189988736579
3575,276.25,-3.75,3.75,0.0,2,1.3963255367799488
3576,278.75,-3.75,3.75,0.0,2,1.285928537631868
3577,321.25,-3.75,3.75,0.0,1,0.6874724168337376
3578,323.75,-3.75,3.75,0.0,1,0.7341688963510989
3579,326.25,-3.75,3.75,0.0,1,0.7578748892136091
3580,328.75,-3.75,3.75,0.0,1,0.7473524743620262
3581,331.25,-3.75,3.75,0.0,1,0.7177828116425684
3582,333.75,-3.75,3.75,0.0,1,0.7026635940033791
3583,336.25,-3.75,3.75,0.0,1,0.6865724283588993
3584,338.75,-3.75,3.75,0.0,1,0.6761632620713345
3585,341.25,-3.75,3.75,0.0,1,0.6637735722803139
3586,343.75,-3.75,3.75,0.0,1,0.6569059251926423
3587,346.25,-3.75,3.75,0.0,1,0.6516118349418761
3588,348.75,-3.75,3.75,0.0,1,0.6569770427648562
3589,351.25,-3.75,3.75,0.0,1,0.6740113901814071
3590,353.75,-3.75,3.75,0.0,1,0.6913736741461554
3591,356.25,-3.75,3.75,0.0,1,0.7203907189954712
3592,358.75,-3.75,3.75,0.0,1,0.7387264551021291
3593,1.25,-1.25,1.25,0.0,1,0.8499047088774521
3594,3.75,-1.25,1.25,0.0,1,0.8555789189510812
3595,6.25,-1.25,1.25,0.0,1,0.892155915042378
3596,8.75,-1.25,1.25,0.0,1,0.9371408095750872
3597,41.25,-1.25,1.25,0.0,3,0.990028239474221
3598,43.75,-1.25,1.25,0.0,3,1.0099209821173456
3599,46.25,-1.25,1.25,0.0,3,1.0195679026623676
3600,48.75,-1.25,1.25,0.0,3,1.0020292516119003
3601,51.25,-1.25,1.25,0.0,3,0.988874438157316
3602,53.75,-1.25,1.25,0.0,3,0.9711309661022881
3603,56.25,-1.25,1.25,0.0,3,0.9359489995051148
3604,58.75,-1.25,1.25,0.0,3,0.9190445104183773
3605,61.25,-1.25,1.25,0.0,3,0.8940809475879943
3606,63.75,-1.25,1.25,0.0,3,0.8785657288358615
3607,66.25,-1.25,1.25,0.0,3,0.8596478108856197
3608,68.75,-1.25,1.25,0.0,3,0.8483499540583072
3609,71.25,-1.25,1.25,0.0,3,0.8293529404820702
3610,73.75,-1.25,1.25,0.0,3,0.8127374479781959
3611,76.25,-1.25,1.25,0.0,3,0.7877684566935489
3612,78.75,-1.25,1.25,0.0,3,0.7720774603634618
3613,81.25,-1.25,1.25,0.0,3,0.7460505673453751
3614,83.75,-1.25,1.25,0.0,3,0.7261259466465888
3615,86.25,-1.25,1.25,0.0,3,0.691763602272138
3616,88.75,-1.25,1.25,0.0,3,0.6674607895777491
3617,91.25,-1.25,1.25,0.0,3,0.6199938401467403
3618,93.75,-1.25,1.25,0.0,3,0.5822916046513564
3619,96.25,-1.25,1.25,0.0,3,0.5318309191455692
3620,98.75,-1.25,1.25,0.0,3,0.5353656048842109
3621,106.25,-1.25,1.25,0.0,3,0.8368557508983898
3622,108.75,-1.25,1.25,0.0,3,0.8252972823015101
3623,116.25,-1.25,1.25,0.0,0,0.7687415206600078
3624,118.75,-1.25,1.25,0.0,3,0.8052513387644008
3625,121.25,-1.25,1.25,0.0,2,0.766737476649054
3626,123.75,-1.25,1.25,0.0,2,0.7277316478178798
3627,126.25,-1.25,1.25,0.0,2,0.7535253839343196
3628,128.75,-1.25,1.25,0.0,2,0.815194133998511
3629,131.25,-1.25,1.25,0.0,2,0.8354240349840729
3630,133.75,-1.25,1.25,0.0,2,0.9052996639982989
3631,136.25,-1.25,1.25,0.0,2,0.9734839852361691
3632,138.75,-1.25,1.25,0.0,2,0.9625866538103534
3633,141.25,-1.25,1.25,0.0,2,0.9423107208846139
3634,143.75,-1.25,1.25,0.0,2,0.8997529449377708
3635,146.25,-1.25,1.25,0.0,2,0.9145542278798217
3636,148.75,-1.25,1.25,0.0,2,0.9405269864953811
3637,151.25,-1.25,1.25,0.0,2,1.0237442358956568
3638,153.75,-1.25,1.25,0.0,2,1.0467498027224842
3639,156.25,-1.25,1.25,0.0,2,1.0886432322769308
3640,158.75,-1.25,1.25,0.0,2,1.1134564615059124
3641,161.25,-1.25,1.25,0.0,2,1.1467975258875631
3642,163.75,-1.25,1.25,0.0,2,1.1654863866434433
3643,166.25,-1.25,1.25,0.0,2,1.1974929481346703
3644,168.75,-1.25,1.25,0.0,2,1.218135586098691
3645,171.25,-1.25,1.25,0.0,2,1.2376899016417908
3646,173.75,-1.25,1.25,0.0,2,1.2503857809271424
3647,176.25,-1.25,1.25,0.0,2,1.2655050533609031
3648,178.75,-1.25,1.25,0.0,2,1.270193906275985
3649,181.25,-1.25,1.25,0.0,2,1.2703847075337995
3650,183.75,-1.25,1.25,0.0,2,1.273097164482146
3651,186.25,-1.25,1.25,0.0,2,1.2699012532160494
3652,188.75,-1.25,1.25,0.0,2,1.262332087239008
3653,191.25,-1.25,1.25,0.0,2,1.2471649349689342
3654,193.75,-1.25,1.25,0.0,2,1.2440232449917314
3655,196.25,-1.25,1.25,0.0,2,1.235059960540639
3656,198.75,-1.25,1.25,0.0,2,1.2264892323431869
3657,201.25,-1.25,1.25,0.0,2,1.2136290731298471
3658,203.75,-1.25,1.25,0.0,2,1.204934501455116
3659,206.25,-1.25,1.25,0.0,2,1.1851732743272922
3660,208.75,-1.25,1.25,0.0,2,1.1693950143850114
3661,211.25,-1.25,1.25,0.0,2,1.1575257411097855
3662,213.75,-1.25,1.25,0.0,2,1.1479575720392952
3663,216.25,-1.25,1.25,0.0,2,1.1354908593319433
3664,218.75,-1.25,1.25,0.0,2,1.1221397712828436
3665,221.25,-1.25,1.25,0.0,2,1.112560669981841
3666,223.75,-1.25,1.25,0.0,2,1.1025570113295857
3667,226.25,-1.25,1.25,0.0,2,1.1152514066456551
3668,228.75,-1.25,1.25,0.0,2,1.139723116398719
3669,231.25,-1.25,1.25,0.0,2,1.1845844039692552
3670,233.75,-1.25,1.25,0.0,2,1.2130655282525735
3671,236.25,-1.25,1.25,0.0,2,1.2628207968516836
3672,238.75,-1.25,1.25,0.0,2,1.290281557319369
3673,241.25,-1.25,1.25,0.0,2,1.3137917656062406
3674,243.75,-1.25,1.25,0.0,2,1.3196150818017964
3675,246.25,-1.25,1.25,0.0,2,1.3229669347333186
3676,248.75,-1.25,1.25,0.0,2,1.3135438596283138
3677,251.25,-1.25,1.25,0.0,2,1.296668185999396
3678,253.75,-1.25,1.25,0.0,2,1.2890332501495068
3679,256.25,-1.25,1.25,0.0,2,1.2883763689942525
3680,258.75,-1.25,1.25,0.0,2,1.2926999185624037
3681,261.25,-1.25,1.25,0.0,2,1.3057901198537587
3682,263.75,-1.25,1.25,0.0,2,1.3233960946136036
3683,266.25,-1.25,1.25,0.0,2,1.3582832820150488
3684,268.75,-1.25,1.25,0.0,2,1.380892266719063
3685,271.25,-1.25,1.25,0.0,2,1.4142712399814772
3686,273.75,-1.25,1.25,0.0,2,1.42989696249056
3687,276.25,-1.25,1.25,0.0,2,1.3871485939756556
3688,278.75,-1.25,1.25,0.0,2,1.348313675589725
3689,311.25,-1.25,1.25,0.0,1,0.8723419215768413
3690,313.75,-1.25,1.25,0.0,1,0.8156801695780543
3691,316.25,-1.25,1.25,0.0,1,0.7868836320497463
3692,318.75,-1.25,1.25,0.0,1,0.7950036936851153
3693,321.25,-1.25,1.25,0.0,1,0.8054222154708476
3694,323.75,-1.25,1.25,0.0,1,0.832639000404506
3695,326.25,-1.25,1.25,0.0,1,0.8559134252388133
3696,328.75,-1.25,1.25,0.0,1,0.848361219005329
3697,331.25,-1.25,1.25,0.0,1,0.8200369657957929
3698,333.75,-1.25,1.25,0.0,1,0.8033668196493309
3699,336.25,-1.25,1.25,0.0,1,0.791894991440672
3700,338.75,-1.25,1.25,0.0,1,0.789823704397763
3701,341.25,-1.25,1.25,0.0,1,0.7917505611935738
3702,343.75,-1.25,1.25,0.0,1,0.7948594191031524
3703,346.25,-1.25,1.25,0.0,1,0.8073680445359174
3704,348.75,-1.25,1.25,0.0,1,0.8168591166872469
3705,351.25,-1.25,1.25,0.0,1,0.8277651533304708
3706,353.75,-1.25,1.25,0.0,1,0.8385497111782119
3707,356.25,-1.25,1.25,0.0,1,0.8451757225702575
3708,358.75,-1.25,1.25,0.0,1,0.8462989689779822
3709,1.25,1.25,1.25,0.0,1,0.8838779520137091
3710,3.75,1.25,1.25,0.0,1,0.8844029033094941
3711,6.25,1.25,1.25,0.0,1,0.9218972454708304
3712,8.75,1.25,1.25,0.0,1,0.9072955482743917
3713,46.25,1.25,1.25,0.0,3,1.0043998651027453
3714,48.75,1.25,1.25,0.0,3,1.0180939597902696
3715,51.25,1.25,1.25,0.0,3,1.0018686552725524
3716,53.75,1.25,1.25,0.0,3,0.9907664242685293
3717,56.25,1.25,1.25,0.0,3,0.9634264522182813
3718,58.75,1.25,1.25,0.0,3,0.9394566251698011
3719,61.25,1.25,1.25,0.0,3,0.9000176250989306
3720,63.75,1.25,1.25,0.0,3,0.8760540789198233
3721,66.25,1.25,1.25,0.0,3,0.8459216565433478
3722,68.75,1.25,1.25,0.0,3,0.8276969738353527
3723,71.25,1.25,1.25,0.0,3,0.8081921441753234
3724,73.75,1.25,1.25,0.0,3,0.8006495586994639
3725,76.25,1.25,1.25,0.0,3,0.789195468266725
3726,78.75,1.25,1.25,0.0,3,0.7785000470474241
3727,81.25,1.25,1.25,0.0,3,0.7649168780277178
3728,83.75,1.25,1.25,0.0,3,0.760751430660488
3729,86.25,1.25,1.25,0.0,3,0.755369969666313
3730,88.75,1.25,1.25,0.0,3,0.7445404166812485
3731,91.25,1.25,1.25,0.0,3,0.7241014850276389
3732,93.75,1.25,1.25,0.0,3,0.7074782745817217
3733,96.25,1.25,1.25,0.0,3,0.6648920561280623
3734,98.75,1.25,1.25,0.0,3,0.6508626880644478
3735,103.75,1.25,1.25,0.0,3,0.8499606780506002
3736,106.25,1.25,1.25,0.0,3,0.8388830434358642
3737,108.75,1.25,1.25,0.0,3,0.844972716977798
3738,118.75,1.25,1.25,0.0,3,0.8134713044874798
3739,121.25,1.25,1.25,0.0,2,0.8422185299685195
3740,123.75,1.25,1.25,0.0,2,0.8145644187321015
3741,126.25,1.25,1.25,0.0,2,0.771210859167811
3742,128.75,1.25,1.25,0.0,2,0.837308319052396
3743,131.25,1.25,1.25,0.0,2,0.9146268643551703
3744,133.75,1.25,1.25,0.0,2,0.9348075417379921
3745,136.25,1.25,1.25,0.0,2,0.9596644820611615
3746,138.75,1.25,1.25,0.0,2,0.9577371466639315
3747,141.25,1.25,1.25,0.0,2,0.9702633702706671
3748,143.75,1.25,1.25,0.0,2,0.9720057058995302
3749,146.25,1.25,1.25,0.0,2,0.9745843766845816
3750,148.75,1.25,1.25,0.0,2,0.9931340200580305
3751,151.25,1.25,1.25,0.0,2,1.0117726766929123
3752,153.75,1.25,1.25,0.0,2,1.0152631872521094
3753,156.25,1.25,1.25,0.0,2,1.0188162250917674
3754,158.75,1.25,1.25,0.0,2,1.0259721994024136
3755,161.25,1.25,1.25,0.0,2,1.0470527856445835
3756,163.75,1.25,1.25,0.0,2,1.064748927809525
3757,166.25,1.25,1.25,0.0,2,1.094116793104839
3758,168.75,1.25,1.25,0.0,2,1.1146123598767943
3759,171.25,1.25,1.25,0.0,2,1.1338610553598294
3760,173.75,1.25,1.25,0.0,2,1.1443499942693691
3761,176.25,1.25,1.25,0.0,2,1.156118684435549
3762,178.75,1.25,1.25,0.0,2,1.1582638618789927
3763,181.25,1.25,1.25,0.0,2,1.16127900741197
3764,183.75,1.25,1.25,0.0,2,1.1648207731541866
3765,186.25,1.25,1.25,0.0,2,1.161443680347014
3766,188.75,1.25,1.25,0.0,2,1.1641982230529575
3767,191.25,1.25,1.25,0.0,2,1.1575619704690707
3768,193.75,1.25,1.25,0.0,2,1.150629799486991
3769,196.25,1.25,1.25,0.0,2,1.1349794867541454
3770,198.75,1.25,1.25,0.0,2,1.1268790776688633
3771,201.25,1.25,1.25,0.0,2,1.1140155898239372
3772,203.75,1.25,1.25,0.0,2,1.1140705524029721
3773,206.25,1.25,1.25,0.0,2,1.1012129644895359
3774,208.75,1.25,1.25,0.0,2,1.0915106707416171
3775,211.25,1.25,1.25,0.0,2,1.092126587894603
3776,213.75,1.25,1.25,0.0,2,1.0907121848588721
3777,216.25,1.25,1.25,0.0,2,1.0940384246775054
3778,218.75,1.25,1.25,0.0,2,1.0991767861654713
3779,221.25,1.25,1.25,0.0,2,1.11809189013056
3780,223.75,1.25,1.25,0.0,2,1.1206022815842192
3781,226.25,1.25,1.25,0.0,2,1.1372328681616395
3782,228.75,1.25,1.25,0.0,2,1.1540174041550433
3783,231.25,1.25,1.25,0.0,2,1.2013532269812695
3784,233.75,1.25,1.25,0.0,2,1.2334904843308638
3785,236.25,1.25,1.25,0.0,2,1.2847728351602918
3786,238.75,1.25,1.25,0.0,2,1.329339439975936
3787,241.25,1.25,1.25,0.0,2,1.3687503585228264
3788,243.75,1.25,1.25,0.0,2,1.3958903412600456
3789,246.25,1.25,1.25,0.0,2,1.4131155291038877
3790,248.75,1.25,1.25,0.0,2,1.413956286324088
3791,251.25,1.25,1.25,0.0,2,1.4189981625713879
3792,253.75,1.25,1.25,0.0,2,1.4137302348182519
3793,256.25,1.25,1.25,0.0,2,1.4170776276554227
3794,258.75,1.25,1.25,0.0,2,1.4231628080748213
3795,261.25,1.25,1.25,0.0,2,1.437351187124904
3796,263.75,1.25,1.25,0.0,2,1.4367677627209112
3797,266.25,1.25,1.25,0.0,2,1.435939031319363
3798,268.75,1.25,1.25,0.0,2,1.4349574688462332
3799,271.25,1.25,1.25,0.0,2,1.4395200602612854
3800,273.75,1.25,1.25,0.0,2,1.4560794387764422
3801,276.25,1.25,1.25,0.0,2,1.4700779505496824
3802,278.75,1.25,1.25,0.0,2,1.3849938435377982
3803,311.25,1.25,1.25,0.0,1,0.8418813305162157
3804,313.75,1.25,1.25,0.0,1,0.8401886817246731
3805,316.25,1.25,1.25,0.0,1,0.8818812926933698
3806,318.75,1.25,1.25,0.0,1,0.9248379701254414
3807,321.25,1.25,1.25,0.0,1,0.9574741069030968
3808,323.75,1.25,1.25,0.0,1,0.9778683760979029
3809,326.25,1.25,1.25,0.0,1,0.9813151164339317
3810,328.75,1.25,1.25,0.0,1,0.9876263347332576
3811,331.25,1.25,1.25,0.0,1,0.978064344534102
3812,333.75,1.25,1.25,0.0,1,0.9606700362886939
3813,336.25,1.25,1.25,0.0,1,0.9377700530449052
3814,338.75,1.25,1.25,0.0,1,0.927679126832351
3815,341.25,1.25,1.25,0.0,1,0.9184992491790875
3816,343.75,1.25,1.25,0.0,1,0.9096226339740588
3817,346.25,1.25,1.25,0.0,1,0.8999183318561773
3818,348.75,1.25,1.25,0.0,1,0.8921306859515818
3819,351.25,1.25,1.25,0.0,1,0.8716734194525025
3820,353.75,1.25,1.25,0.0,1,0.868993041048143
3821,356.25,1.25,1.25,0.0,1,0.892539608801147
3822,358.75,1.25,1.25,0.0,1,0.8933979290203925
3823,1.25,3.75,3.75,0.0,1,0.8443747367676883
3824,3.75,3.75,3.75,0.0,1,0.8475102525684224
3825,6.25,3.75,3.75,0.0,1,0.8516782540778302
3826,8.75,3.75,3.75,0.0,1,0.8556678930510441
3827,48.75,3.75,3.75,0.0,3,1.0088161545276346
3828,51.25,3.75,3.75,0.0,3,0.9944249933020067
3829,53.75,3.75,3.75,0.0,3,0.9800940790787511
3830,56.25,3.75,3.75,0.0,3,0.961619012975174
3831,58.75,3.75,3.75,0.0,3,0.9469881217725927
3832,61.25,3.75,3.75,0.0,3,0.9132573603615939
3833,63.75,3.75,3.75,0.0,3,0.8844221080729208
3834,66.25,3.75,3.75,0.0,3,0.8451738348450186
3835,68.75,3.75,3.75,0.0,3,0.830161101366999
3836,71.25,3.75,3.75,0.0,3,0.8239904544299012
3837,73.75,3.75,3.75,0.0,3,0.8221346466714388
3838,76.25,3.75,3.75,0.0,3,0.8267600388873264
3839,78.75,3.75,3.75,0.0,3,0.826888370824734
3840,81.25,3.75,3.75,0.0,3,0.8268021061995843
3841,83.75,3.75,3.75,0.0,3,0.838534697391206
3842,86.25,3.75,3.75,0.0,3,0.8476717878731819
3843,88.75,3.75,3.75,0.0,3,0.838806074820917
3844,91.25,3.75,3.75,0.0,3,0.8047528933959319
3845,93.75,3.75,3.75,0.0,3,0.7773364051898991
3846,96.25,3.75,3.75,0.0,3,0.76391947889634
3847,98.75,3.75,3.75,0.0,3,0.6548893584553385
3848,103.75,3.75,3.75,0.0,3,0.8500397175143586
3849,106.25,3.75,3.75,0.0,3,0.8618810684846678
3850,108.75,3.75,3.75,0.0,3,0.8937904349389317
3851,111.25,3.75,3.75,0.0,3,0.8725365970811041
3852,113.75,3.75,3.75,0.0,3,0.8498738305073463
3853,118.75,3.75,3.75,0.0,3,0.8251140732415703
3854,121.25,3.75,3.75,0.0,2,0.8391674905499314
3855,123.75,3.75,3.75,0.0,2,0.8151667208259018
3856,126.25,3.75,3.75,0.0,2,0.8129383344699254
3857,128.75,3.75,3.75,0.0,2,0.8082701047161254
3858,131.25,3.75,3.75,0.0,2,0.8885056504948433
3859,133.75,3.75,3.75,0.0,2,0.8804998341984834
3860,136.25,3.75,3.75,0.0,2,0.9056589008491609
3861,138.75,3.75,3.75,0.0,2,0.9072266749124019
3862,141.25,3.75,3.75,0.0,2,0.9090721639588988
3863,143.75,3.75,3.75,0.0,2,0.921320607175612
3864,146.25,3.75,3.75,0.0,2,0.919254960007499
3865,148.75,3.75,3.75,0.0,2,0.9232729486128014
3866,151.25,3.75,3.75,0.0,2,0.9291657380049867
3867,153.75,3.75,3.75,0.0,2,0.9342726369804137
3868,156.25,3.75,3.75,0.0,2,0.9426714634606351
3869,158.75,3.75,3.75,0.0,2,0.9436308169478685
3870,161.25,3.75,3.75,0.0,2,0.9568800992538624
3871,163.75,3.75,3.75,0.0,2,0.9740989170740779
3872,166.25,3.75,3.75,0.0,2,0.9989435570158282
3873,168.75,3.75,3.75,0.0,2,1.012333567182902
3874,171.25,3.75,3.75,0.0,2,1.0381217572633707
3875,173.75,3.75,3.75,0.0,2,1.0524919511502473
3876,176.25,3.75,3.75,0.0,2,1.0722451844378065
3877,178.75,3.75,3.75,0.0,2,1.0822116781481084
3878,181.25,3.75,3.75,0.0,2,1.109023185901994
3879,183.75,3.75,3.75,0.0,2,1.123553464485064
3880,186.25,3.75,3.75,0.0,2,1.1314047817217874
3881,188.75,3.75,3.75,0.0,2,1.1324707204307034
3882,191.25,3.75,3.75,0.0,2,1.1366943718972242
3883,193.75,3.75,3.75,0.0,2,1.1377756615264205
3884,196.25,3.75,3.75,0.0,2,1.1290947633560067
3885,198.75,3.75,3.75,0.0,2,1.1273319328666185
3886,201.25,3.75,3.75,0.0,2,1.1221016801002448
3887,203.75,3.75,3.75,0.0,2,1.1265138860990165
3888,206.25,3.75,3.75,0.0,2,1.1201194950988727
3889,208.75,3.75,3.75,0.0,2,1.1111509193078368
3890,211.25,3.75,3.75,0.0,2,1.1068892252871947
3891,213.75,3.75,3.75,0.0,2,1.092851637499609
3892,216.25,3.75,3.75,0.0,2,1.0899952473068921
3893,218.75,3.75,3.75,0.0,2,1.0938936562585906
3894,221.25,3.75,3.75,0.0,2,1.0938370159153519
3895,223.75,3.75,3.75,0.0,2,1.0920977573267736
3896,226.25,3.75,3.75,0.0,2,1.0950632845846258
3897,228.75,3.75,3.75,0.0,2,1.098907529186865
3898,231.25,3.75,3.75,0.0,2,1.1211363806276617
3899,233.75,3.75,3.75,0.0,2,1.141445113828266
3900,236.25,3.75,3.75,0.0,2,1.1889544880229705
3901,238.75,3.75,3.75,0.0,2,1.2153253779527162
3902,241.25,3.75,3.75,0.0,2,1.2488624082809752
3903,243.75,3.75,3.75,0.0,2,1.2725852693335165
3904,246.25,3.75,3.75,0.0,2,1.2950262968587551
3905,248.75,3.75,3.75,0.0,2,1.3013495486629807
3906,251.25,3.75,3.75,0.0,2,1.2948948099001523
3907,253.75,3.75,3.75,0.0,2,1.282274099967658
3908,256.25,3.75,3.75,0.0,2,1.2766369799937753
3909,258.75,3.75,3.75,0.0,2,1.2781380281025099
3910,261.25,3.75,3.75,0.0,2,1.2524780776567073
3911,263.75,3.75,3.75,0.0,2,1.224694017738097
3912,266.25,3.75,3.75,0.0,2,1.1983970830130848
3913,268.75,3.75,3.75,0.0,2,1.1930263812810036
3914,271.25,3.75,3.75,0.0,2,1.1929617844269913
3915,273.75,3.75,3.75,0.0,2,1.2058863437908653
3916,276.25,3.75,3.75,0.0,2,1.2699609275097308
3917,278.75,3.75,3.75,0.0,2,1.3275769127796513
3918,281.25,3.75,3.75,0.0,1,1.261952418719166
3919,308.75,3.75,3.75,0.0,1,0.9644980679439816
3920,311.25,3.75,3.75,0.0,1,0.873443172396459
3921,313.75,3.75,3.75,0.0,1,0.9075775063195286
3922,316.25,3.75,3.75,0.0,1,1.034304064043866
3923,318.75,3.75,3.75,0.0,1,0.9992980971299976
3924,321.25,3.75,3.75,0.0,1,0.9506363679481511
3925,323.75,3.75,3.75,0.0,1,0.9771105498041285
3926,326.25,3.75,3.75,0.0,1,0.9926793606894591
3927,328.75,3.75,3.75,0.0,1,0.9973174111713397
3928,331.25,3.75,3.75,0.0,1,0.9946099252888123
3929,333.75,3.75,3.75,0.0,1,0.9876411701620086
3930,336.25,3.75,3.75,0.0,1,0.9790831028089793
3931,338.75,3.75,3.75,0.0,1,0.9527308471796845
3932,341.25,3.75,3.75,0.0,1,0.9057820095342253
3933,343.75,3.75,3.75,0.0,1,0.8885243487848133
3934,346.25,3.75,3.75,0.0,1,0.875045818798749
3935,348.75,3.75,3.75,0.0,1,0.8698571357295142
3936,351.25,3.75,3.75,0.0,1,0.8679968751530698
3937,353.75,3.75,3.75,0.0,1,0.866889975765387
3938,356.25,3.75,3.75,0.0,1,0.8647240798570193
3939,358.75,3.75,3.75,0.0,1,0.8625157008700783
3940,1.25,6.25,6.25,0.0,1,0.8338581137903317
3941,3.75,6.25,6.25,0.0,1,0.8277180047964104
3942,51.25,6.25,6.25,0.0,3,1.0040780271114926
3943,53.75,6.25,6.25,0.0,3,1.0009536220155295
3944,56.25,6.25,6.25,0.0,3,0.9698454632721847
3945,58.75,6.25,6.25,0.0,3,0.9538223964036535
3946,61.25,6.25,6.25,0.0,3,0.9106016124148938
3947,63.75,6.25,6.25,0.0,3,0.8772497322097745
3948,66.25,6.25,6.25,0.0,3,0.8371609320011436
3949,68.75,6.25,6.25,0.0,3,0.8273958047434498
3950,71.25,6.25,6.25,0.0,3,0.8136171001700815
3951,73.75,6.25,6.25,0.0,3,0.8030639628226752
3952,76.25,6.25,6.25,0.0,3,0.7973051708046351
3953,78.75,6.25,6.25,0.0,3,0.792615123985148
3954,81.25,6.25,6.25,0.0,3,0.8487480350814844
3955,83.75,6.25,6.25,0.0,3,0.8256858114223619
3956,86.25,6.25,6.25,0.0,3,0.8454819952455899
3957,88.75,6.25,6.25,0.0,3,0.8576289321010883
3958,91.25,6.25,6.25,0.0,3,0.8446975849473641
3959,93.75,6.25,6.25,0.0,3,0.8193156653949909
3960,96.25,6.25,6.25,0.0,3,0.8067545142280477
3961,98.75,6.25,6.25,0.0,3,0.7471099927909929
3962,103.75,6.25,6.25,0.0,3,0.8641770792609113
3963,106.25,6.25,6.25,0.0,3,0.8715401161495833
3964,108.75,6.25,6.25,0.0,3,0.8908124691923835
3965,111.25,6.25,6.25,0.0,3,0.8520042856834227
3966,113.75,6.25,6.25,0.0,3,0.84044959528219
3967,116.25,6.25,6.25,0.0,3,0.7933158917331643
3968,118.75,6.25,6.25,0.0,3,0.8247981664263726
3969,121.25,6.25,6.25,0.0,2,0.82874146334429
3970,123.75,6.25,6.25,0.0,2,0.8395095019170408
3971,126.25,6.25,6.25,0.0,2,0.8851601642354603
3972,128.75,6.25,6.25,0.0,2,0.8891886211003612
3973,131.25,6.25,6.25,0.0,2,0.8896775767991031
3974,133.75,6.25,6.25,0.0,2,0.8992677910332056
3975,136.25,6.25,6.25,0.0,2,0.9024453612810587
3976,138.75,6.25,6.25,0.0,2,0.9042873863494026
3977,141.25,6.25,6.25,0.0,2,0.9086057808653762
3978,143.75,6.25,6.25,0.0,2,0.9093825540589852
3979,146.25,6.25,6.25,0.0,2,0.9069308441682399
3980,148.75,6.25,6.25,0.0,2,0.9032135780238989
3981,151.25,6.25,6.25,0.0,2,0.9028236203875153
3982,153.75,6.25,6.25,0.0,2,0.9085021741600591
3983,156.25,6.25,6.25,0.0,2,0.9133839965049738
3984,158.75,6.25,6.25,0.0,2,0.9168196969467675
3985,161.25,6.25,6.25,0.0,2,0.9224024013130346
3986,163.75,6.25,6.25,0.0,2,0.9268110955008898
3987,166.25,6.25,6.25,0.0,2,0.9311670622748806
3988,168.75,6.25,6.25,0.0,2,0.9324839531907219
3989,171.25,6.25,6.25,0.0,2,0.9456225137320848
3990,173.75,6.25,6.25,0.0,2,0.9488153900100272
3991,176.25,6.25,6.25,0.0,2,0.955399832490377
3992,178.75,6.25,6.25,0.0,2,0.957246305207993
3993,181.25,6.25,6.25,0.0,2,0.9580811937248991
3994,183.75,6.25,6.25,0.0,2,0.9585492868310149
3995,186.25,6.25,6.25,0.0,2,0.9593928719036636
3996,188.75,6.25,6.25,0.0,2,0.9606182503129479
3997,191.25,6.25,6.25,0.0,2,0.9596634798586481
3998,193.75,6.25,6.25,0.0,2,0.9592882526851163
3999,196.25,6.25,6.25,0.0,2,0.9611471455845222
4000,198.75,6.25,6.25,0.0,2,0.9610607503263155
4001,201.25,6.25,6.25,0.0,2,0.9620865721031723
4002,203.75,6.25,6.25,0.0,2,0.966961871041028
4003,206.25,6.25,6.25,0.0,2,0.9747602667524103
4004,208.75,6.25,6.25,0.0,2,0.977387969825296
4005,211.25,6.25,6.25,0.0,2,0.9895922919880864
4006,213.75,6.25,6.25,0.0,2,0.995861938134115
4007,216.25,6.25,6.25,0.0,2,1.0004478161059307
4008,218.75,6.25,6.25,0.0,2,1.005740979587743
4009,221.25,6.25,6.25,0.0,2,1.0090546590309082
4010,223.75,6.25,6.25,0.0,2,1.01258917070571
4011,226.25,6.25,6.25,0.0,2,1.0181235264522677
4012,228.75,6.25,6.25,0.0,2,1.0219098288953405
4013,231.25,6.25,6.25,0.0,2,1.0348817600552231
4014,233.75,6.25,6.25,0.0,2,1.0413193118422728
4015,236.25,6.25,6.25,0.0,2,1.0564284533947814
4016,238.75,6.25,6.25,0.0,2,1.069102661222928
4017,241.25,6.25,6.25,0.0,2,1.0848168098337276
4018,243.75,6.25,6.25,0.0,2,1.0922465718153247
4019,246.25,6.25,6.25,0.0,2,1.1001850342669468
4020,248.75,6.25,6.25,0.0,2,1.1066041373128643
4021,251.25,6.25,6.25,0.0,2,1.1148141201283939
4022,253.75,6.25,6.25,0.0,2,1.1117054585051076
4023,256.25,6.25,6.25,0.0,2,1.1065310287889236
4024,258.75,6.25,6.25,0.0,2,1.1017195189697018
4025,261.25,6.25,6.25,0.0,2,1.0889090390096985
4026,263.75,6.25,6.25,0.0,2,1.0851943493302498
4027,266.25,6.25,6.25,0.0,2,1.0818736657657042
4028,268.75,6.25,6.25,0.0,2,1.0749551913225297
4029,271.25,6.25,6.25,0.0,2,1.0844046125033282
4030,273.75,6.25,6.25,0.0,2,1.1160044245296494
4031,276.25,6.25,6.25,0.0,2,1.1992586684871183
4032,278.75,6.25,6.25,0.0,2,1.3166114160739562
4033,281.25,6.25,6.25,0.0,1,1.37018149667598
4034,301.25,6.25,6.25,0.0,0,1.1503482752919651
4035,303.75,6.25,6.25,0.0,1,1.0766891930153166
4036,306.25,6.25,6.25,0.0,1,1.0191320773656773
4037,308.75,6.25,6.25,0.0,1,0.9200305436232334
4038,311.25,6.25,6.25,0.0,1,0.960634626653813
4039,313.75,6.25,6.25,0.0,1,1.0988941029842283
4040,316.25,6.25,6.25,0.0,1,1.189497928157308
4041,318.75,6.25,6.25,0.0,1,1.1601849306910341
4042,321.25,6.25,6.25,0.0,1,1.1287797249159799
4043,323.75,6.25,6.25,0.0,1,1.1419378057175942
4044,326.25,6.25,6.25,0.0,1,1.1315583560059326
4045,328.75,6.25,6.25,0.0,1,1.137253151736354
4046,331.25,6.25,6.25,0.0,1,1.1304994036840568
4047,333.75,6.25,6.25,0.0,1,1.1314568398147902
4048,336.25,6.25,6.25,0.0,1,1.0920026968758585
4049,338.75,6.25,6.25,0.0,1,1.063539224144435
4050,341.25,6.25,6.25,0.0,1,0.9935386946777879
4051,343.75,6.25,6.25,0.0,1,0.9356392691997873
4052,346.25,6.25,6.25,0.0,1,0.8801855321138214
4053,348.75,6.25,6.25,0.0,1,0.8128045249698447
4054,51.25,8.75,8.75,0.0,3,1.0320037176815253
4055,53.75,8.75,8.75,0.0,3,1.0255544406120274
4056,56.25,8.75,8.75,0.0,3,1.0092277795481641
4057,58.75,8.75,8.75,0.0,3,0.9905914438780054
4058,61.25,8.75,8.75,0.0,3,0.958483020535562
4059,63.75,8.75,8.75,0.0,3,0.9302969014392823
4060,66.25,8.75,8.75,0.0,3,0.8912805797687563
4061,68.75,8.75,8.75,0.0,3,0.8574753191990472
4062,71.25,8.75,8.75,0.0,3,0.8129259460379569
4063,73.75,8.75,8.75,0.0,3,0.7957719933782982
4064,76.25,8.75,8.75,0.0,3,0.7670340816074959
4065,78.75,8.75,8.75,0.0,3,0.7102007118758535
4066,81.25,8.75,8.75,0.0,3,0.7335332635495247
4067,83.75,8.75,8.75,0.0,3,0.790838909569205
4068,86.25,8.75,8.75,0.0,3,0.8069887595548694
4069,88.75,8.75,8.75,0.0,3,0.830347807675072
4070,91.25,8.75,8.75,0.0,3,0.8442304371603198
4071,93.75,8.75,8.75,0.0,3,0.8475522247975374
4072,96.25,8.75,8.75,0.0,3,0.7916300175733519
4073,98.75,8.75,8.75,0.0,3,0.7822233810082151
4074,101.25,8.75,8.75,0.0,3,0.8909530415723718
4075,103.75,8.75,8.75,0.0,3,0.8837163078160639
4076,106.25,8.75,8.75,0.0,3,0.9116781923333788
4077,108.75,8.75,8.75,0.0,3,0.8991790014681365
4078,111.25,8.75,8.75,0.0,3,0.8497040878889645
4079,113.75,8.75,8.75,0.0,3,0.8290466770622592
4080,116.25,8.75,8.75,0.0,3,0.829921226791155
4081,118.75,8.75,8.75,0.0,3,0.8330261457111124
4082,121.25,8.75,8.75,0.0,2,0.8172395696279733
4083,123.75,8.75,8.75,0.0,2,0.8709177298885122
4084,126.25,8.75,8.75,0.0,2,0.8887732056436821
4085,128.75,8.75,8.75,0.0,2,0.8944826205908806
4086,131.25,8.75,8.75,0.0,2,0.8984166202015851
4087,133.75,8.75,8.75,0.0,2,0.9024643865813385
4088,136.25,8.75,8.75,0.0,2,0.916575346488143
4089,138.75,8.75,8.75,0.0,2,0.9224901325597925
4090,141.25,8.75,8.75,0.0,2,0.9196566556918773
4091,143.75,8.75,8.75,0.0,2,0.9201060506878046
4092,146.25,8.75,8.75,0.0,2,0.9212299751966211
4093,148.75,8.75,8.75,0.0,2,0.9225521313994038
4094,151.25,8.75,8.75,0.0,2,0.9257187107930804
4095,153.75,8.75,8.75,0.0,2,0.9287538191721434
4096,156.25,8.75,8.75,0.0,2,0.9306389100325605
4097,158.75,8.75,8.75,0.0,2,0.9323700597705314
4098,161.25,8.75,8.75,0.0,2,0.9362551933543934
4099,163.75,8.75,8.75,0.0,2,0.9370955581517838
4100,166.25,8.75,8.75,0.0,2,0.9335869796315035
4101,168.75,8.75,8.75,0.0,2,0.9467621499853522
4102,171.25,8.75,8.75,0.0,2,0.9650542758729295
4103,173.75,8.75,8.75,0.0,2,0.967974589040773
4104,176.25,8.75,8.75,0.0,2,0.9679078432881736
4105,178.75,8.75,8.75,0.0,2,0.9685738734725833
4106,181.25,8.75,8.75,0.0,2,0.9651702743529345
4107,183.75,8.75,8.75,0.0,2,0.9642949335238066
4108,186.25,8.75,8.75,0.0,2,0.9596396857822123
4109,188.75,8.75,8.75,0.0,2,0.9597778010848622
4110,191.25,8.75,8.75,0.0,2,0.962174963455954
4111,193.75,8.75,8.75,0.0,2,0.9637728945693675
4112,196.25,8.75,8.75,0.0,2,0.9688163963150763
4113,198.75,8.75,8.75,0.0,2,0.9741435171238491
4114,201.25,8.75,8.75,0.0,2,0.9723954238259621
4115,203.75,8.75,8.75,0.0,2,0.951312704579412
4116,206.25,8.75,8.75,0.0,2,0.9444381828020603
4117,208.75,8.75,8.75,0.0,2,0.9484566863680436
4118,211.25,8.75,8.75,0.0,2,0.934659079277602
4119,213.75,8.75,8.75,0.0,2,0.9281428715610754
4120,216.25,8.75,8.75,0.0,2,0.9298269531985298
4121,218.75,8.75,8.75,0.0,2,0.9213210182943032
4122,221.25,8.75,8.75,0.0,2,0.9216508426067123
4123,223.75,8.75,8.75,0.0,2,0.922959126141819
4124,226.25,8.75,8.75,0.0,2,0.9176264380799888
4125,228.75,8.75,8.75,0.0,2,0.9212003182855305
4126,231.25,8.75,8.75,0.0,2,0.9339314044995447
4127,233.75,8.75,8.75,0.0,2,0.9418367124097115
4128,236.25,8.75,8.75,0.0,2,0.9550600456387629
4129,238.75,8.75,8.75,0.0,2,0.9666395930822759
4130,241.25,8.75,8.75,0.0,2,0.989643301200317
4131,243.75,8.75,8.75,0.0,2,1.00714058423422
4132,246.25,8.75,8.75,0.0,2,1.0364592545432316
4133,248.75,8.75,8.75,0.0,2,1.051566828016168
4134,251.25,8.75,8.75,0.0,2,1.0609698434988333
4135,253.75,8.75,8.75,0.0,2,1.0653754335385615
4136,256.25,8.75,8.75,0.0,2,1.0711326431317023
4137,258.75,8.75,8.75,0.0,2,1.069711298361612
4138,261.25,8.75,8.75,0.0,2,1.0590957009727509
4139,263.75,8.75,8.75,0.0,2,1.046664316111378
4140,266.25,8.75,8.75,0.0,2,1.0692200589215233
4141,268.75,8.75,8.75,0.0,2,1.1194536392165375
4142,271.25,8.75,8.75,0.0,2,1.213902336453319
4143,273.75,8.75,8.75,0.0,2,1.237678374707695
4144,276.25,8.75,8.75,0.0,2,1.2473019098024851
4145,278.75,8.75,8.75,0.0,2,1.2416519669272348
4146,281.25,8.75,8.75,0.0,1,1.4000215379172116
4147,283.75,8.75,8.75,0.0,1,1.310135113446112
4148,301.25,8.75,8.75,0.0,1,1.1243046398562373
4149,303.75,8.75,8.75,0.0,1,1.0991140909448824
4150,306.25,8.75,8.75,0.0,1,1.0289510270117483
4151,308.75,8.75,8.75,0.0,1,1.0425739809508057
4152,311.25,8.75,8.75,0.0,1,1.2546463973254496
4153,313.75,8.75,8.75,0.0,1,1.2766137196311278
4154,316.25,8.75,8.75,0.0,1,1.2919511340878695
4155,318.75,8.75,8.75,0.0,1,1.3386236084630658
4156,321.25,8.75,8.75,0.0,1,1.365207213742459
4157,323.75,8.75,8.75,0.0,1,1.3366628606251905
4158,326.25,8.75,8.75,0.0,1,1.2985014555801566
4159,328.75,8.75,8.75,0.0,1,1.2889142074707671
4160,331.25,8.75,8.75,0.0,1,1.2071019841605592
4161,333.75,8.75,8.75,0.0,1,1.1821182169619524
4162,336.25,8.75,8.75,0.0,1,1.1946166806537002
4163,338.75,8.75,8.75,0.0,1,1.1181277663297235
4164,341.25,8.75,8.75,0.0,1,1.0112748761308439
4165,343.75,8.75,8.75,0.0,1,0.9427655860683504
4166,346.25,8.75,8.75,0.0,1,0.7548660621567144
4167,43.75,11.25,11.25,0.0,3,1.0677218851821901
4168,46.25,11.25,11.25,0.0,3,1.1608661560871611
4169,48.75,11.25,11.25,0.0,3,1.1513048948419367
4170,51.25,11.25,11.25,0.0,3,0.9456058382042714
4171,53.75,11.25,11.25,0.0,3,1.0030492887315687
4172,56.25,11.25,11.25,0.0,3,0.9971284463194767
4173,58.75,11.25,11.25,0.0,3,0.9842656115212046
4174,61.25,11.25,11.25,0.0,3,0.9698798455103504
4175,63.75,11.25,11.25,0.0,3,0.9608915835335559
4176,66.25,11.25,11.25,0.0,3,0.9159710677424207
4177,68.75,11.25,11.25,0.0,3,0.8787162306357327
4178,71.25,11.25,11.25,0.0,3,0.8364960273044474
4179,73.75,11.25,11.25,0.0,3,0.8261579655342001
4180,81.25,11.25,11.25,0.0,3,0.645120422736422
4181,83.75,11.25,11.25,0.0,3,0.6848909065420781
4182,86.25,11.25,11.25,0.0,3,0.7448906603387738
4183,88.75,11.25,11.25,0.0,3,0.7573373432792028
4184,91.25,11.25,11.25,0.0,3,0.8115211748667118
4185,93.75,11.25,11.25,0.0,3,0.794152197942767
4186,96.25,11.25,11.25,0.0,3,0.7807995057513587
4187,98.75,11.25,11.25,0.0,3,0.9056945823072166
4188,101.25,11.25,11.25,0.0,3,0.9553077391431026
4189,103.75,11.25,11.25,0.0,0,0.8895166635400247
4190,108.75,11.25,11.25,0.0,3,0.9200722320540274
4191,111.25,11.25,11.25,0.0,3,0.8508141070690306
4192,113.75,11.25,11.25,0.0,3,0.8240108488638004
4193,116.25,11.25,11.25,0.0,3,0.8278370236400241
4194,118.75,11.25,11.25,0.0,3,0.8333401889900963
4195,121.25,11.25,11.25,0.0,2,0.8290634571833606
4196,123.75,11.25,11.25,0.0,2,0.7876574180089136
4197,126.25,11.25,11.25,0.0,2,0.8908822418215553
4198,128.75,11.25,11.25,0.0,2,0.8935891796099853
4199,131.25,11.25,11.25,0.0,2,0.907623400821155
4200,133.75,11.25,11.25,0.0,2,0.916111283244991
4201,136.25,11.25,11.25,0.0,2,0.9292218191774264
4202,138.75,11.25,11.25,0.0,2,0.9374309125858605
4203,141.25,11.25,11.25,0.0,2,0.9444549329003148
4204,143.75,11.25,11.25,0.0,2,0.9466007815458928
4205,146.25,11.25,11.25,0.0,2,0.9476233491783844
4206,148.75,11.25,11.25,0.0,2,0.9485370194209406
4207,151.25,11.25,11.25,0.0,2,0.9496550613442878
4208,153.75,11.25,11.25,0.0,2,0.9506621986930988
4209,156.25,11.25,11.25,0.0,2,0.9539046896425372
4210,158.75,11.25,11.25,0.0,2,0.9568791214908723
4211,161.25,11.25,11.25,0.0,2,0.9614988629058522
4212,163.75,11.25,11.25,0.0,2,0.9690202092391249
4213,166.25,11.25,11.25,0.0,2,0.9828493645469033
4214,168.75,11.25,11.25,0.0,2,0.9769389053746365
4215,171.25,11.25,11.25,0.0,2,0.9768412081215173
4216,173.75,11.25,11.25,0.0,2,0.9789857333863891
4217,176.25,11.25,11.25,0.0,2,0.9829562664670152
4218,178.75,11.25,11.25,0.0,2,0.9859346925085681
4219,181.25,11.25,11.25,0.0,2,0.9874556827218008
4220,183.75,11.25,11.25,0.0,2,0.9891088802090995
4221,186.25,11.25,11.25,0.0,2,0.9916724303526319
4222,188.75,11.25,11.25,0.0,2,0.9924635878738916
4223,191.25,11.25,11.25,0.0,2,0.9978458468383342
4224,193.75,11.25,11.25,0.0,2,1.0030207970645055
4225,196.25,11.25,11.25,0.0,2,1.007356356592084
4226,198.75,11.25,11.25,0.0,2,1.0032810431727237
4227,201.25,11.25,11.25,0.0,2,0.9992772344181361
4228,203.75,11.25,11.25,0.0,2,0.9991653138204994
4229,206.25,11.25,11.25,0.0,2,0.998000894971813
4230,208.75,11.25,11.25,0.0,2,0.9952201277435311
4231,211.25,11.25,11.25,0.0,2,0.9889479098060306
4232,213.75,11.25,11.25,0.0,2,0.9837726429768072
4233,216.25,11.25,11.25,0.0,2,0.974159568277055
4234,218.75,11.25,11.25,0.0,2,0.9665508260094764
4235,221.25,11.25,11.25,0.0,2,0.9542159018928078
4236,223.75,11.25,11.25,0.0,2,0.947118679269028
4237,226.25,11.25,11.25,0.0,2,0.9409675891384316
4238,228.75,11.25,11.25,0.0,2,0.9344203895878304
4239,231.25,11.25,11.25,0.0,2,0.9235696248226098
4240,233.75,11.25,11.25,0.0,2,0.9211719414450118
4241,236.25,11.25,11.25,0.0,2,0.921821575738958
4242,238.75,11.25,11.25,0.0,2,0.9279704454513712
4243,241.25,11.25,11.25,0.0,2,0.9375805856483945
4244,243.75,11.25,11.25,0.0,2,0.9448925591844037
4245,246.25,11.25,11.25,0.0,2,0.9620593872374741
4246,248.75,11.25,11.25,0.0,2,0.9707978425451012
4247,251.25,11.25,11.25,0.0,2,0.9837595422046224
4248,253.75,11.25,11.25,0.0,2,0.9857703362801526
4249,256.25,11.25,11.25,0.0,2,0.9824425671731692
4250,258.75,11.25,11.25,0.0,2,0.9847336681195276
4251,261.25,11.25,11.25,0.0,2,1.001094340249057
4252,263.75,11.25,11.25,0.0,2,1.0323597459709126
4253,266.25,11.25,11.25,0.0,2,1.100895640732518
4254,268.75,11.25,11.25,0.0,2,1.1375450161607976
4255,271.25,11.25,11.25,0.0,2,1.1243597249993453
4256,273.75,11.25,11.25,0.0,2,1.2635600951359658
4257,276.25,11.25,11.25,0.0,2,1.2530543869133322
4258,278.75,11.25,11.25,0.0,2,1.2650362469610161
4259,281.25,11.25,11.25,0.0,1,1.261853400356481
4260,283.75,11.25,11.25,0.0,1,1.2989338000862065
4261,286.25,11.25,11.25,0.0,1,1.42023039222954
4262,288.75,11.25,11.25,0.0,0,1.2284562755600676
4263,291.25,11.25,11.25,0.0,1,1.2213935791643706
4264,293.75,11.25,11.25,0.0,1,1.1850797102821493
4265,296.25,11.25,11.25,0.0,1,1.1337168672136446
4266,298.75,11.25,11.25,0.0,1,1.1902688160788093
4267,301.25,11.25,11.25,0.0,1,1.2339269976418956
4268,303.75,11.25,11.25,0.0,1,1.320814592732667
4269,306.25,11.25,11.25,0.0,1,1.3594025286363167
4270,308.75,11.25,11.25,0.0,1,1.3440949111786185
4271,311.25,11.25,11.25,0.0,1,1.3302121328547252
4272,313.75,11.25,11.25,0.0,1,1.3425086151782033
4273,316.25,11.25,11.25,0.0,1,1.3442696785507358
4274,318.75,11.25,11.25,0.0,1,1.3421546985708048
4275,321.25,11.25,11.25,0.0,1,1.3309514670973572
4276,323.75,11.25,11.25,0.0,1,1.3217702788429835
4277,326.25,11.25,11.25,0.0,1,1.3415717570790386
4278,328.75,11.25,11.25,0.0,1,1.353083785440481
4279,331.25,11.25,11.25,0.0,1,1.2982417221244178
4280,333.75,11.25,11.25,0.0,1,1.2292759092493941
4281,336.25,11.25,11.25,0.0,1,1.2356085260063818
4282,338.75,11.25,11.25,0.0,1,1.2046817392264348
4283,341.25,11.25,11.25,0.0,1,1.1217712393654304
4284,343.75,11.25,11.25,0.0,1,1.0084504684050468
4285,41.25,13.75,13.75,0.0,3,1.0672475063028373
4286,43.75,13.75,13.75,0.0,3,1.0101563424732851
4287,46.25,13.75,13.75,0.0,3,1.0600226206252596
4288,48.75,13.75,13.75,0.0,3,0.9487771922040046
4289,51.25,13.75,13.75,0.0,3,0.9689362283536511
4290,53.75,13.75,13.75,0.0,3,0.9152618016262456
4291,56.25,13.75,13.75,0.0,3,0.9138631654652483
4292,58.75,13.75,13.75,0.0,3,0.8881572892783836
4293,61.25,13.75,13.75,0.0,3,0.8965880538800538
4294,63.75,13.75,13.75,0.0,3,0.9612616776561691
4295,66.25,13.75,13.75,0.0,3,0.9426156681106317
4296,68.75,13.75,13.75,0.0,3,0.8992326854646706
4297,71.25,13.75,13.75,0.0,3,0.8667266593599975
4298,73.75,13.75,13.75,0.0,3,0.8165754476377857
4299,81.25,13.75,13.75,0.0,3,0.602614989475879
4300,83.75,13.75,13.75,0.0,3,0.6260773240981513
4301,86.25,13.75,13.75,0.0,3,0.6396509278299513
4302,88.75,13.75,13.75,0.0,3,0.6545399242815947
4303,91.25,13.75,13.75,0.0,3,0.7349169301619953
4304,93.75,13.75,13.75,0.0,3,0.7542576215599953
4305,96.25,13.75,13.75,0.0,3,0.674176674919815
4306,98.75,13.75,13.75,0.0,0,0.8678162276575463
4307,108.75,13.75,13.75,0.0,3,0.9703222055435174
4308,111.25,13.75,13.75,0.0,3,0.9034657308697532
4309,113.75,13.75,13.75,0.0,3,0.8092016762309869
4310,116.25,13.75,13.75,0.0,3,0.8311517362777533
4311,118.75,13.75,13.75,0.0,3,0.8353039289289714
4312,121.25,13.75,13.75,0.0,2,0.8178281213533486
4313,123.75,13.75,13.75,0.0,2,0.8670166025376892
4314,126.25,13.75,13.75,0.0,2,0.8836961953316078
4315,128.75,13.75,13.75,0.0,2,0.8900805760785133
4316,131.25,13.75,13.75,0.0,2,0.9026302627200333
4317,133.75,13.75,13.75,0.0,2,0.9135249724603913
4318,136.25,13.75,13.75,0.0,2,0.9269037790504926
4319,138.75,13.75,13.75,0.0,2,0.9351257977943495
4320,141.25,13.75,13.75,0.0,2,0.9412039511015854
4321,143.75,13.75,13.75,0.0,2,0.9448172148380181
4322,146.25,13.75,13.75,0.0,2,0.9496026553517489
4323,148.75,13.75,13.75,0.0,2,0.9559636434472567
4324,151.25,13.75,13.75,0.0,2,0.9621840783616853
4325,153.75,13.75,13.75,0.0,2,0.9665830734584896
4326,156.25,13.75,13.75,0.0,2,0.971450432237738
4327,158.75,13.75,13.75,0.0,2,0.9750226888859972
4328,161.25,13.75,13.75,0.0,2,0.9773673637186444
4329,163.75,13.75,13.75,0.0,2,0.9763084759667194
4330,166.25,13.75,13.75,0.0,2,0.9746575872573197
4331,168.75,13.75,13.75,0.0,2,0.9764047438614152
4332,171.25,13.75,13.75,0.0,2,0.9783005694260033
4333,173.75,13.75,13.75,0.0,2,0.9810615095448618
4334,176.25,13.75,13.75,0.0,2,0.9822206305990966
4335,178.75,13.75,13.75,0.0,2,0.9827898472447048
4336,181.25,13.75,13.75,0.0,2,0.9857363146556645
4337,183.75,13.75,13.75,0.0,2,0.9878548195175493
4338,186.25,13.75,13.75,0.0,2,0.9876463663886756
4339,188.75,13.75,13.75,0.0,2,0.9889849637703403
4340,191.25,13.75,13.75,0.0,2,0.9923404975790151
4341,193.75,13.75,13.75,0.0,2,0.9945311493362616
4342,196.25,13.75,13.75,0.0,2,0.9925744490570604
4343,198.75,13.75,13.75,0.0,2,0.9913774724571076
4344,201.25,13.75,13.75,0.0,2,0.9939154494938757
4345,203.75,13.75,13.75,0.0,2,0.9998376434970597
4346,206.25,13.75,13.75,0.0,2,0.9918505681590232
4347,208.75,13.75,13.75,0.0,2,0.9821755795509296
4348,211.25,13.75,13.75,0.0,2,0.9792343429349903
4349,213.75,13.75,13.75,0.0,2,0.9736486550121195
4350,216.25,13.75,13.75,0.0,2,0.9564321622879952
4351,218.75,13.75,13.75,0.0,2,0.9547221937139633
4352,221.25,13.75,13.75,0.0,2,0.9725140215012068
4353,223.75,13.75,13.75,0.0,2,0.9758120525133371
4354,226.25,13.75,13.75,0.0,2,0.9664008830194428
4355,228.75,13.75,13.75,0.0,2,0.9624814847851614
4356,231.25,13.75,13.75,0.0,2,0.9830669653465911
4357,233.75,13.75,13.75,0.0,2,0.9950486073549187
4358,236.25,13.75,13.75,0.0,2,1.002763991762984
4359,238.75,13.75,13.75,0.0,2,1.0115634801282452
4360,241.25,13.75,13.75,0.0,2,1.0159009198281748
4361,243.75,13.75,13.75,0.0,2,1.009464305399113
4362,246.25,13.75,13.75,0.0,2,0.9839445040024326
4363,248.75,13.75,13.75,0.0,2,0.96415624723299
4364,251.25,13.75,13.75,0.0,2,0.9567095099179218
4365,253.75,13.75,13.75,0.0,2,0.9623175228730985
4366,256.25,13.75,13.75,0.0,2,0.9808806798773864
4367,258.75,13.75,13.75,0.0,2,0.9870021164605706
4368,261.25,13.75,13.75,0.0,2,0.9885387685724314
4369,263.75,13.75,13.75,0.0,2,0.9959855466486293
4370,266.25,13.75,13.75,0.0,2,1.0088987819880402
4371,268.75,13.75,13.75,0.0,2,0.9918439740753999
4372,271.25,13.75,13.75,0.0,2,1.0887462966016226
4373,276.25,13.75,13.75,0.0,2,1.2373033097063808
4374,278.75,13.75,13.75,0.0,2,1.2760285044528539
4375,281.25,13.75,13.75,0.0,1,1.2807947202490608
4376,283.75,13.75,13.75,0.0,1,1.257219945911477
4377,286.25,13.75,13.75,0.0,1,1.244863854801129
4378,288.75,13.75,13.75,0.0,1,1.2320987297110437
4379,291.25,13.75,13.75,0.0,1,1.24365825795561
4380,293.75,13.75,13.75,0.0,1,1.2445441287968029
4381,296.25,13.75,13.75,0.0,1,1.2500109719999648
4382,298.75,13.75,13.75,0.0,1,1.243569562681831
4383,301.25,13.75,13.75,0.0,1,1.2673092354982347
4384,303.75,13.75,13.75,0.0,1,1.2907455165328843
4385,306.25,13.75,13.75,0.0,1,1.3135260469242052
4386,308.75,13.75,13.75,0.0,1,1.3242393178710974
4387,311.25,13.75,13.75,0.0,1,1.3333656975167658
4388,313.75,13.75,13.75,0.0,1,1.335686368117623
4389,316.25,13.75,13.75,0.0,1,1.3401922574767962
4390,318.75,13.75,13.75,0.0,1,1.334826174324231
4391,321.25,13.75,13.75,0.0,1,1.3278938317964286
4392,323.75,13.75,13.75,0.0,1,1.3175927136162415
4393,326.25,13.75,13.75,0.0,1,1.2969773862000493
4394,328.75,13.75,13.75,0.0,1,1.277955160010894
4395,331.25,13.75,13.75,0.0,1,1.2529365116461255
4396,333.75,13.75,13.75,0.0,1,1.2438171238018534
4397,336.25,13.75,13.75,0.0,1,1.2685635729726412
4398,338.75,13.75,13.75,0.0,1,1.291882577632548
4399,341.25,13.75,13.75,0.0,1,1.1881226718683586
4400,38.75,16.25,16.25,0.0,3,1.2678101567100524
4401,41.25,16.25,16.25,0.0,3,1.189265819658401
4402,53.75,16.25,16.25,0.0,3,0.8430169617438726
4403,56.25,16.25,16.25,0.0,3,0.8777363235208867
4404,58.75,16.25,16.25,0.0,3,0.8984864341617527
4405,61.25,16.25,16.25,0.0,3,0.9018918889158029
4406,63.75,16.25,16.25,0.0,3,0.8329917113539813
4407,66.25,16.25,16.25,0.0,3,0.8979105625292694
4408,68.75,16.25,16.25,0.0,3,0.936368585712844
4409,71.25,16.25,16.25,0.0,3,0.867587149711335
4410,73.75,16.25,16.25,0.0,3,0.850295985813386
4411,81.25,16.25,16.25,0.0,3,0.5385578317466038
4412,83.75,16.25,16.25,0.0,3,0.5132387835044615
4413,86.25,16.25,16.25,0.0,3,0.5271514572393408
4414,88.75,16.25,16.25,0.0,3,0.5252589651964293
4415,91.25,16.25,16.25,0.0,3,0.5841911593079184
4416,93.75,16.25,16.25,0.0,3,0.6659009992521269
4417,96.25,16.25,16.25,0.0,3,0.7807248638304164
4418,108.75,16.25,16.25,0.0,3,0.9125583063904192
4419,111.25,16.25,16.25,0.0,3,0.9509085293612278
4420,113.75,16.25,16.25,0.0,3,0.87382602774328
4421,116.25,16.25,16.25,0.0,3,0.8423065274278384
4422,118.75,16.25,16.25,0.0,3,0.8236861049708533
4423,121.25,16.25,16.25,0.0,2,0.8224490407944219
4424,123.75,16.25,16.25,0.0,2,0.8675923991020519
4425,126.25,16.25,16.25,0.0,2,0.8613295434811856
4426,128.75,16.25,16.25,0.0,2,0.8729167724716523
4427,131.25,16.25,16.25,0.0,2,0.8818807150615651
4428,133.75,16.25,16.25,0.0,2,0.895236225699589
4429,136.25,16.25,16.25,0.0,2,0.9043852097799479
4430,138.75,16.25,16.25,0.0,2,0.9147267140510088
4431,141.25,16.25,16.25,0.0,2,0.9186267213071225
4432,143.75,16.25,16.25,0.0,2,0.9226779031167185
4433,146.25,16.25,16.25,0.0,2,0.9253758063181088
4434,148.75,16.25,16.25,0.0,2,0.9320539510518733
4435,151.25,16.25,16.25,0.0,2,0.9396504714718176
4436,153.75,16.25,16.25,0.0,2,0.9464420655748401
4437,156.25,16.25,16.25,0.0,2,0.9504140298266204
4438,158.75,16.25,16.25,0.0,2,0.9559271944916352
4439,161.25,16.25,16.25,0.0,2,0.9607728186176936
4440,163.75,16.25,16.25,0.0,2,0.9655055645288828
4441,166.25,16.25,16.25,0.0,2,0.9672459671141345
4442,168.75,16.25,16.25,0.0,2,0.9671178658780568
4443,171.25,16.25,16.25,0.0,2,0.9681287874006865
4444,173.75,16.25,16.25,0.0,2,0.9705357879616477
4445,176.25,16.25,16.25,0.0,2,0.9735330858852324
4446,178.75,16.25,16.25,0.0,2,0.9776391028646471
4447,181.25,16.25,16.25,0.0,2,0.9830679979891432
4448,183.75,16.25,16.25,0.0,2,0.9879555068402965
4449,186.25,16.25,16.25,0.0,2,0.9905597182063196
4450,188.75,16.25,16.25,0.0,2,0.9932125538803395
4451,191.25,16.25,16.25,0.0,2,0.9948598641678836
4452,193.75,16.25,16.25,0.0,2,0.9971206378457884
4453,196.25,16.25,16.25,0.0,2,0.9998850299098572
4454,198.75,16.25,16.25,0.0,2,1.0039297189944976
4455,201.25,16.25,16.25,0.0,2,1.0067417398326217
4456,203.75,16.25,16.25,0.0,2,1.010298801271239
4457,206.25,16.25,16.25,0.0,2,1.0148633680359764
4458,208.75,16.25,16.25,0.0,2,1.019262322755245
4459,211.25,16.25,16.25,0.0,2,1.020985190650737
4460,213.75,16.25,16.25,0.0,2,1.0191889443592668
4461,216.25,16.25,16.25,0.0,2,1.0235721368641928
4462,218.75,16.25,16.25,0.0,2,1.0324933468026536
4463,221.25,16.25,16.25,0.0,2,1.0321766648148138
4464,223.75,16.25,16.25,0.0,2,1.0333489264872937
4465,226.25,16.25,16.25,0.0,2,1.0373914565431184
4466,228.75,16.25,16.25,0.0,2,1.048158918640805
4467,231.25,16.25,16.25,0.0,2,1.0711566941561452
4468,233.75,16.25,16.25,0.0,2,1.0830370418313502
4469,236.25,16.25,16.25,0.0,2,1.0764953881152768
4470,238.75,16.25,16.25,0.0,2,1.0829051824851996
4471,241.25,16.25,16.25,0.0,2,1.115024863469661
4472,243.75,16.25,16.25,0.0,2,1.175853276354311
4473,246.25,16.25,16.25,0.0,2,1.1709401170278044
4474,248.75,16.25,16.25,0.0,2,1.0725094858865938
4475,251.25,16.25,16.25,0.0,2,1.0096661206272017
4476,253.75,16.25,16.25,0.0,2,0.9942174449511102
4477,256.25,16.25,16.25,0.0,2,0.9778841303295425
4478,258.75,16.25,16.25,0.0,2,0.9741222089877416
4479,261.25,16.25,16.25,0.0,2,1.0168353295031292
4480,263.75,16.25,16.25,0.0,2,1.0826064535933697
4481,266.25,16.25,16.25,0.0,0,1.0793175899814507
4482,273.75,16.25,16.25,0.0,2,1.2075957290495762
4483,276.25,16.25,16.25,0.0,2,1.2339139016918705
4484,278.75,16.25,16.25,0.0,2,1.2645321663419535
4485,281.25,16.25,16.25,0.0,1,1.2680625517032513
4486,283.75,16.25,16.25,0.0,1,1.2667067828331708
4487,286.25,16.25,16.25,0.0,1,1.2635340463289293
4488,288.75,16.25,16.25,0.0,1,1.2629764324113302
4489,291.25,16.25,16.25,0.0,1,1.2497637277348443
4490,293.75,16.25,16.25,0.0,1,1.2290090572353694
4491,296.25,16.25,16.25,0.0,1,1.2047104037747145
4492,298.75,16.25,16.25,0.0,1,1.2418843180162982
4493,301.25,16.25,16.25,0.0,1,1.256348954194583
4494,303.75,16.25,16.25,0.0,1,1.2765004860650024
4495,306.25,16.25,16.25,0.0,1,1.2690529120967031
4496,308.75,16.25,16.25,0.0,1,1.2711384002916504
4497,311.25,16.25,16.25,0.0,1,1.281128196056835
4498,313.75,16.25,16.25,0.0,1,1.3054707921609385
4499,316.25,16.25,16.25,0.0,1,1.3230327780390985
4500,318.75,16.25,16.25,0.0,1,1.3285852392187854
4501,321.25,16.25,16.25,0.0,1,1.325582570855244
4502,323.75,16.25,16.25,0.0,1,1.316675452262748
4503,326.25,16.25,16.25,0.0,1,1.3048267995518419
4504,328.75,16.25,16.25,0.0,1,1.2880116002815234
4505,331.25,16.25,16.25,0.0,1,1.269562218367837
4506,333.75,16.25,16.25,0.0,1,1.259481419435016
4507,336.25,16.25,16.25,0.0,1,1.2725263487630079
4508,338.75,16.25,16.25,0.0,1,1.3032774955902031
4509,341.25,16.25,16.25,0.0,1,1.3129523707925292
4510,343.75,16.25,16.25,0.0,1,1.3224972029458484
4511,38.75,18.75,18.75,0.0,3,1.345840960249062
4512,41.25,18.75,18.75,0.0,3,1.251619583301068
4513,56.25,18.75,18.75,0.0,3,0.8209110017383575
4514,58.75,18.75,18.75,0.0,3,0.835055450330815
4515,61.25,18.75,18.75,0.0,3,0.8478328913651831
4516,63.75,18.75,18.75,0.0,3,0.8775971553356054
4517,66.25,18.75,18.75,0.0,3,0.874219141037862
4518,68.75,18.75,18.75,0.0,3,0.9714879828624854
4519,71.25,18.75,18.75,0.0,3,0.8924856433009704
4520,83.75,18.75,18.75,0.0,3,0.39182440299438126
4521,86.25,18.75,18.75,0.0,3,0.38974095606129994
4522,88.75,18.75,18.75,0.0,3,0.3944800552668692
4523,91.25,18.75,18.75,0.0,3,0.46800398723509556
4524,93.75,18.75,18.75,0.0,3,0.6046173272526025
4525,106.25,18.75,18.75,0.0,3,0.9819321274224787
4526,108.75,18.75,18.75,0.0,3,0.9661969941675622
4527,111.25,18.75,18.75,0.0,3,0.9645868687919595
4528,113.75,18.75,18.75,0.0,3,0.9141613328724456
4529,116.25,18.75,18.75,0.0,3,0.8539150059447408
4530,118.75,18.75,18.75,0.0,3,0.846606844688033
4531,121.25,18.75,18.75,0.0,2,0.8806566493451424
4532,123.75,18.75,18.75,0.0,2,0.8565801458042926
4533,126.25,18.75,18.75,0.0,2,0.8632803406506085
4534,128.75,18.75,18.75,0.0,2,0.8739226651851962
4535,131.25,18.75,18.75,0.0,2,0.8670065174469189
4536,133.75,18.75,18.75,0.0,2,0.8721461044613423
4537,136.25,18.75,18.75,0.0,2,0.8822784280070635
4538,138.75,18.75,18.75,0.0,2,0.8842906218762122
4539,141.25,18.75,18.75,0.0,2,0.8790489219337227
4540,143.75,18.75,18.75,0.0,2,0.8734987925153869
4541,146.25,18.75,18.75,0.0,2,0.8735889738162861
4542,148.75,18.75,18.75,0.0,2,0.8780845951840552
4543,151.25,18.75,18.75,0.0,2,0.8869010243490867
4544,153.75,18.75,18.75,0.0,2,0.8957765357683083
4545,156.25,18.75,18.75,0.0,2,0.9046982278410463
4546,158.75,18.75,18.75,0.0,2,0.9119360476651258
4547,161.25,18.75,18.75,0.0,2,0.9195465986579919
4548,163.75,18.75,18.75,0.0,2,0.9226927600866456
4549,166.25,18.75,18.75,0.0,2,0.9256246630004032
4550,168.75,18.75,18.75,0.0,2,0.9288460877921837
4551,171.25,18.75,18.75,0.0,2,0.9325189059628608
4552,173.75,18.75,18.75,0.0,2,0.9382306202865459
4553,176.25,18.75,18.75,0.0,2,0.9447709545140837
4554,178.75,18.75,18.75,0.0,2,0.9470334099930218
4555,181.25,18.75,18.75,0.0,2,0.9489604028366286
4556,183.75,18.75,18.75,0.0,2,0.9491229349230975
4557,186.25,18.75,18.75,0.0,2,0.9486747762393791
4558,188.75,18.75,18.75,0.0,2,0.9492377664056129
4559,191.25,18.75,18.75,0.0,2,0.9540149674291649
4560,193.75,18.75,18.75,0.0,2,0.9624008507469483
4561,196.25,18.75,18.75,0.0,2,0.9727259615177427
4562,198.75,18.75,18.75,0.0,2,0.977284292035173
4563,201.25,18.75,18.75,0.0,2,0.9845677923495003
4564,203.75,18.75,18.75,0.0,2,0.9844008673892717
4565,206.25,18.75,18.75,0.0,2,0.9878165141100301
4566,208.75,18.75,18.75,0.0,2,1.008956802779338
4567,211.25,18.75,18.75,0.0,2,1.0196552582003036
4568,213.75,18.75,18.75,0.0,2,1.0352266564755905
4569,216.25,18.75,18.75,0.0,2,1.0454942525272704
4570,218.75,18.75,18.75,0.0,2,1.0575936649379547
4571,221.25,18.75,18.75,0.0,2,1.0717647532679717
4572,223.75,18.75,18.75,0.0,2,1.0837443511873772
4573,226.25,18.75,18.75,0.0,2,1.0957072698797268
4574,228.75,18.75,18.75,0.0,2,1.1061054712988858
4575,231.25,18.75,18.75,0.0,2,1.1256849185560152
4576,233.75,18.75,18.75,0.0,2,1.124655413173087
4577,236.25,18.75,18.75,0.0,2,1.1317234106528093
4578,238.75,18.75,18.75,0.0,2,1.2100988737419662
4579,241.25,18.75,18.75,0.0,2,1.2853344340331605
4580,243.75,18.75,18.75,0.0,2,1.3156447184517137
4581,246.25,18.75,18.75,0.0,2,1.2878819415956952
4582,248.75,18.75,18.75,0.0,2,1.1736476844855572
4583,251.25,18.75,18.75,0.0,2,1.0329596724243784
4584,253.75,18.75,18.75,0.0,2,0.9940150855772036
4585,256.25,18.75,18.75,0.0,2,0.9665234734860062
4586,266.25,18.75,18.75,0.0,2,1.1726337892396206
4587,268.75,18.75,18.75,0.0,2,1.2222520730371174
4588,273.75,18.75,18.75,0.0,2,1.1851294738454978
4589,276.25,18.75,18.75,0.0,2,1.193765363718105
4590,278.75,18.75,18.75,0.0,2,1.2133006850027872
4591,281.25,18.75,18.75,0.0,1,1.2370077199960392
4592,283.75,18.75,18.75,0.0,1,1.2521210494053499
4593,286.25,18.75,18.75,0.0,1,1.2827791539964946
4594,291.25,18.75,18.75,0.0,1,1.2259440569349285
4595,293.75,18.75,18.75,0.0,1,1.2459647536471419
4596,296.25,18.75,18.75,0.0,1,1.2090999494070582
4597,298.75,18.75,18.75,0.0,1,1.26169322158571
4598,301.25,18.75,18.75,0.0,1,1.311580107814771
4599,303.75,18.75,18.75,0.0,1,1.3279582334379336
4600,306.25,18.75,18.75,0.0,1,1.334125886553072
4601,308.75,18.75,18.75,0.0,1,1.3485943710737178
4602,311.25,18.75,18.75,0.0,1,1.353124189245435
4603,313.75,18.75,18.75,0.0,1,1.3537550335948332
4604,316.25,18.75,18.75,0.0,1,1.3578372108830208
4605,318.75,18.75,18.75,0.0,1,1.3550384848722068
4606,321.25,18.75,18.75,0.0,1,1.3516826098955799
4607,323.75,18.75,18.75,0.0,1,1.3419982027547186
4608,326.25,18.75,18.75,0.0,1,1.3314655629772525
4609,328.75,18.75,18.75,0.0,1,1.317167187423139
4610,331.25,18.75,18.75,0.0,1,1.293250418305802
4611,333.75,18.75,18.75,0.0,1,1.2663846697924996
4612,336.25,18.75,18.75,0.0,1,1.254781025680669
4613,338.75,18.75,18.75,0.0,1,1.2849399556635228
4614,341.25,18.75,18.75,0.0,1,1.3463868804610712
4615,343.75,18.75,18.75,0.0,1,1.2329921798659464
4616,36.25,21.25,21.25,0.0,3,1.5315939517805162
4617,38.75,21.25,21.25,0.0,3,1.4622929139473249
4618,58.75,21.25,21.25,0.0,3,0.7900993031472245
4619,61.25,21.25,21.25,0.0,3,0.8440682611610216
4620,63.75,21.25,21.25,0.0,3,0.8692028700221953
4621,66.25,21.25,21.25,0.0,3,0.9376317309723041
4622,68.75,21.25,21.25,0.0,3,0.9100230738386339
4623,88.75,21.25,21.25,0.0,3,0.2891807319551376
4624,91.25,21.25,21.25,0.0,3,0.3594014945919178
4625,108.75,21.25,21.25,0.0,3,1.1411878562678825
4626,111.25,21.25,21.25,0.0,3,0.9588526731369401
4627,113.75,21.25,21.25,0.0,3,1.0048073946519223
4628,116.25,21.25,21.25,0.0,3,0.9924318195347378
4629,118.75,21.25,21.25,0.0,3,0.9676997412244187
4630,121.25,21.25,21.25,0.0,2,0.9189428223942927
4631,123.75,21.25,21.25,0.0,2,0.8448873637469014
4632,126.25,21.25,21.25,0.0,2,0.8668432619370384
4633,128.75,21.25,21.25,0.0,2,0.9130852704780511
4634,131.25,21.25,21.25,0.0,2,0.9236949111369087
4635,133.75,21.25,21.25,0.0,2,0.9048143057017877
4636,136.25,21.25,21.25,0.0,2,0.9032464467746962
4637,138.75,21.25,21.25,0.0,2,0.9014203067818632
4638,141.25,21.25,21.25,0.0,2,0.8905715469016967
4639,143.75,21.25,21.25,0.0,2,0.8773744911853193
4640,146.25,21.25,21.25,0.0,2,0.8608029625476051
4641,148.75,21.25,21.25,0.0,2,0.8459413828282825
4642,151.25,21.25,21.25,0.0,2,0.8407548183778677
4643,153.75,21.25,21.25,0.0,2,0.8408144157476943
4644,156.25,21.25,21.25,0.0,2,0.8447704796434689
4645,158.75,21.25,21.25,0.0,2,0.8501856191545918
4646,161.25,21.25,21.25,0.0,2,0.8560967054609008
4647,163.75,21.25,21.25,0.0,2,0.862853095177482
4648,166.25,21.25,21.25,0.0,2,0.8679664662489124
4649,168.75,21.25,21.25,0.0,2,0.8749313053600531
4650,171.25,21.25,21.25,0.0,2,0.8837869189872828
4651,173.75,21.25,21.25,0.0,2,0.8969578467702456
4652,176.25,21.25,21.25,0.0,2,0.909309409457279
4653,178.75,21.25,21.25,0.0,2,0.9220592170319267
4654,181.25,21.25,21.25,0.0,2,0.929444911792913
4655,183.75,21.25,21.25,0.0,2,0.9323776517231093
4656,186.25,21.25,21.25,0.0,2,0.9279252291622814
4657,188.75,21.25,21.25,0.0,2,0.9158560772496533
4658,191.25,21.25,21.25,0.0,2,0.902163565234043
4659,193.75,21.25,21.25,0.0,2,0.8853717785979174
4660,196.25,21.25,21.25,0.0,2,0.8832286695166727
4661,198.75,21.25,21.25,0.0,2,0.8947823130587143
4662,201.25,21.25,21.25,0.0,2,0.9135814233189936
4663,203.75,21.25,21.25,0.0,2,0.9200533694935964
4664,206.25,21.25,21.25,0.0,2,0.9001067858029645
4665,208.75,21.25,21.25,0.0,2,0.9126251341681727
4666,211.25,21.25,21.25,0.0,2,0.9199996801601735
4667,213.75,21.25,21.25,0.0,2,0.9524110557885285
4668,216.25,21.25,21.25,0.0,2,0.9799170649121811
4669,218.75,21.25,21.25,0.0,2,1.0096621611615937
4670,221.25,21.25,21.25,0.0,2,1.0430401214071323
4671,223.75,21.25,21.25,0.0,2,1.0850459765236757
4672,226.25,21.25,21.25,0.0,2,1.1223058684531255
4673,228.75,21.25,21.25,0.0,2,1.1758111267135187
4674,231.25,21.25,21.25,0.0,2,1.2151913737063151
4675,233.75,21.25,21.25,0.0,2,1.1990410528570934
4676,236.25,21.25,21.25,0.0,2,1.1949766591178772
4677,238.75,21.25,21.25,0.0,2,1.2831006372055043
4678,241.25,21.25,21.25,0.0,2,1.3518982035668956
4679,243.75,21.25,21.25,0.0,2,1.3572100653643573
4680,246.25,21.25,21.25,0.0,2,1.2739134170425785
4681,248.75,21.25,21.25,0.0,2,1.123808976587029
4682,251.25,21.25,21.25,0.0,2,1.0839746389810652
4683,253.75,21.25,21.25,0.0,2,1.105972450476683
4684,263.75,21.25,21.25,0.0,2,1.231819191635303
4685,266.25,21.25,21.25,0.0,2,1.2448395310824347
4686,268.75,21.25,21.25,0.0,2,1.2647474230263729
4687,271.25,21.25,21.25,0.0,2,1.2024322765858106
4688,273.75,21.25,21.25,0.0,2,1.1602526993336293
4689,276.25,21.25,21.25,0.0,2,1.2232977229498174
4690,278.75,21.25,21.25,0.0,2,1.2327392514705715
4691,281.25,21.25,21.25,0.0,1,1.2290169362109333
4692,283.75,21.25,21.25,0.0,1,1.2490711780178534
4693,286.25,21.25,21.25,0.0,1,1.2541099624199556
4694,288.75,21.25,21.25,0.0,1,1.2103272315088207
4695,291.25,21.25,21.25,0.0,1,1.2093310591580175
4696,293.75,21.25,21.25,0.0,1,1.2295804722474726
4697,296.25,21.25,21.25,0.0,1,1.2752904839385577
4698,298.75,21.25,21.25,0.0,1,1.283543057749184
4699,301.25,21.25,21.25,0.0,1,1.2775998695495223
4700,303.75,21.25,21.25,0.0,1,1.290942509368683
4701,306.25,21.25,21.25,0.0,1,1.3202322924129353
4702,308.75,21.25,21.25,0.0,1,1.3526561698936208
4703,311.25,21.25,21.25,0.0,1,1.3781023835192725
4704,313.75,21.25,21.25,0.0,1,1.4015567833565856
4705,316.25,21.25,21.25,0.0,1,1.4190206386489463
4706,318.75,21.25,21.25,0.0,1,1.431562465938875
4707,321.25,21.25,21.25,0.0,1,1.4335871344523683
4708,323.75,21.25,21.25,0.0,1,1.4230879977147206
4709,326.25,21.25,21.25,0.0,1,1.407499626342251
4710,328.75,21.25,21.25,0.0,1,1.3836757766195853
4711,331.25,21.25,21.25,0.0,1,1.369673929199378
4712,333.75,21.25,21.25,0.0,1,1.345866977845753
4713,336.25,21.25,21.25,0.0,1,1.3057452508610325
4714,338.75,21.25,21.25,0.0,1,1.2712206529471952
4715,341.25,21.25,21.25,0.0,1,1.277159743731414
4716,36.25,23.75,23.75,0.0,3,1.5503383229693943
4717,38.75,23.75,23.75,0.0,3,1.5172669345474916
4718,53.75,23.75,23.75,0.0,0,1.517243432759888
4719,56.25,23.75,23.75,0.0,3,1.5565131547665487
4720,58.75,23.75,23.75,0.0,3,1.4282730889366757
4721,61.25,23.75,23.75,0.0,3,1.1846898149959069
4722,63.75,23.75,23.75,0.0,3,1.0166999031037203
4723,66.25,23.75,23.75,0.0,3,0.9243278427155057
4724,68.75,23.75,23.75,0.0,3,0.917663548593127
4725,116.25,23.75,23.75,0.0,3,1.0617898484214727
4726,118.75,23.75,23.75,0.0,3,1.19407470230964
4727,121.25,23.75,23.75,0.0,2,0.9624642472897095
4728,123.75,23.75,23.75,0.0,2,0.9158300637016565
4729,126.25,23.75,23.75,0.0,2,0.9083639905655483
4730,128.75,23.75,23.75,0.0,2,0.9339325123890748
4731,131.25,23.75,23.75,0.0,2,1.0262913956251676
4732,133.75,23.75,23.75,0.0,2,1.020133872663942
4733,136.25,23.75,23.75,0.0,2,0.9776122734240109
4734,138.75,23.75,23.75,0.0,2,0.9303411917915386
4735,141.25,23.75,23.75,0.0,2,0.9097474214400445
4736,143.75,23.75,23.75,0.0,2,0.9059420533731476
4737,146.25,23.75,23.75,0.0,2,0.8849052627295401
4738,148.75,23.75,23.75,0.0,2,0.8619046620617276
4739,151.25,23.75,23.75,0.0,2,0.8441656113247509
4740,153.75,23.75,23.75,0.0,2,0.8366540545345584
4741,156.25,23.75,23.75,0.0,2,0.8381187737814093
4742,158.75,23.75,23.75,0.0,2,0.8368178286254788
4743,161.25,23.75,23.75,0.0,2,0.8338698833504871
4744,163.75,23.75,23.75,0.0,2,0.836956225723527
4745,166.25,23.75,23.75,0.0,2,0.8454442739908052
4746,168.75,23.75,23.75,0.0,2,0.851946594734729
4747,171.25,23.75,23.75,0.0,2,0.8625703476193318
4748,173.75,23.75,23.75,0.0,2,0.8787658402659652
4749,176.25,23.75,23.75,0.0,2,0.8993710335831143
4750,178.75,23.75,23.75,0.0,2,0.9191866938525654
4751,181.25,23.75,23.75,0.0,2,0.9373955000305096
4752,183.75,23.75,23.75,0.0,2,0.9520801739506943
4753,186.25,23.75,23.75,0.0,2,0.9651872364639144
4754,188.75,23.75,23.75,0.0,2,0.9727925591797109
4755,191.25,23.75,23.75,0.0,2,0.9580469423633701
4756,193.75,23.75,23.75,0.0,2,0.9234630713619474
4757,196.25,23.75,23.75,0.0,2,0.9047188385333544
4758,198.75,23.75,23.75,0.0,2,0.896746671063858
4759,201.25,23.75,23.75,0.0,2,0.8852041550981573
4760,203.75,23.75,23.75,0.0,2,0.8822294368734491
4761,206.25,23.75,23.75,0.0,2,0.8738565502506939
4762,208.75,23.75,23.75,0.0,2,0.8673170488548927
4763,211.25,23.75,23.75,0.0,2,0.8639626539170725
4764,213.75,23.75,23.75,0.0,2,0.8792476159103987
4765,216.25,23.75,23.75,0.0,2,0.9090543129562815
4766,218.75,23.75,23.75,0.0,2,0.9390595053694926
4767,221.25,23.75,23.75,0.0,2,0.9750677356424287
4768,223.75,23.75,23.75,0.0,2,1.0119676896467504
4769,226.25,23.75,23.75,0.0,2,1.0540180826717125
4770,228.75,23.75,23.75,0.0,2,1.108567584285894
4771,231.25,23.75,23.75,0.0,2,1.175523401055362
4772,233.75,23.75,23.75,0.0,2,1.1991021278623994
4773,236.25,23.75,23.75,0.0,2,1.2003950522173814
4774,238.75,23.75,23.75,0.0,2,1.2187929826366326
4775,241.25,23.75,23.75,0.0,2,1.2845116006073758
4776,243.75,23.75,23.75,0.0,2,1.3269825555695514
4777,246.25,23.75,23.75,0.0,2,1.277203205064529
4778,248.75,23.75,23.75,0.0,2,1.141278394261833
4779,251.25,23.75,23.75,0.0,2,1.1705700368348508
4780,253.75,23.75,23.75,0.0,2,1.1361504787602803
4781,263.75,23.75,23.75,0.0,2,1.2717969862486618
4782,266.25,23.75,23.75,0.0,2,1.2702485159478019
4783,268.75,23.75,23.75,0.0,2,1.2641672163401247
4784,271.25,23.75,23.75,0.0,2,1.2184127993382718
4785,273.75,23.75,23.75,0.0,2,1.1959982832288558
4786,276.25,23.75,23.75,0.0,2,1.2977840473885536
4787,278.75,23.75,23.75,0.0,2,1.386582960000608
4788,281.25,23.75,23.75,0.0,1,1.3526490409472895
4789,283.75,23.75,23.75,0.0,1,1.2527209412234979
4790,286.25,23.75,23.75,0.0,1,1.2134724272769999
4791,288.75,23.75,23.75,0.0,1,1.2335517739763606
4792,291.25,23.75,23.75,0.0,1,1.2698408475280516
4793,293.75,23.75,23.75,0.0,1,1.2939704256589408
4794,296.25,23.75,23.75,0.0,1,1.2803050863202234
4795,298.75,23.75,23.75,0.0,1,1.2651934850906363
4796,301.25,23.75,23.75,0.0,1,1.2551615216243823
4797,303.75,23.75,23.75,0.0,1,1.2562938955598082
4798,306.25,23.75,23.75,0.0,1,1.2846080781177684
4799,308.75,23.75,23.75,0.0,1,1.313234389332716
4800,311.25,23.75,23.75,0.0,1,1.3576635896576421
4801,313.75,23.75,23.75,0.0,1,1.3972050145834771
4802,316.25,23.75,23.75,0.0,1,1.4427964635287784
4803,318.75,23.75,23.75,0.0,1,1.4790455925249961
4804,321.25,23.75,23.75,0.0,1,1.5049077586055202
4805,323.75,23.75,23.75,0.0,1,1.5098109203016254
4806,326.25,23.75,23.75,0.0,1,1.5052790361711503
4807,328.75,23.75,23.75,0.0,1,1.485059471737494
4808,331.25,23.75,23.75,0.0,1,1.447939877918215
4809,333.75,23.75,23.75,0.0,1,1.4097186307654077
4810,336.25,23.75,23.75,0.0,1,1.3859569224938082
4811,338.75,23.75,23.75,0.0,1,1.3557898787007088
4812,341.25,23.75,23.75,0.0,1,1.3052721667439955
4813,343.75,23.75,23.75,0.0,1,1.258575749115539
4814,33.75,26.25,26.25,0.0,3,1.6575906725496108
4815,36.25,26.25,26.25,0.0,3,1.5946321026189476
4816,48.75,26.25,26.25,0.0,3,1.5893399292395183
4817,51.25,26.25,26.25,0.0,3,1.57054049903932
4818,53.75,26.25,26.25,0.0,3,1.5000396510190892
4819,56.25,26.25,26.25,0.0,3,1.4553530415049845
4820,58.75,26.25,26.25,0.0,3,1.4989551223342068
4821,118.75,26.25,26.25,0.0,0,1.4029714174733665
4822,121.25,26.25,26.25,0.0,2,1.4428373957660487
4823,123.75,26.25,26.25,0.0,2,1.1738874776032542
4824,126.25,26.25,26.25,0.0,2,1.0382364125030301
4825,128.75,26.25,26.25,0.0,2,0.9991878914466665
4826,131.25,26.25,26.25,0.0,2,1.009207309258078
4827,133.75,26.25,26.25,0.0,2,1.1481486519178172
4828,136.25,26.25,26.25,0.0,2,1.1445455175327632
4829,138.75,26.25,26.25,0.0,2,1.085171989905906
4830,141.25,26.25,26.25,0.0,2,1.027270903278124
4831,143.75,26.25,26.25,0.0,2,0.9898065115565808
4832,146.25,26.25,26.25,0.0,2,0.973437532143466
4833,148.75,26.25,26.25,0.0,2,0.9453335878265323
4834,151.25,26.25,26.25,0.0,2,0.9226187503200869
4835,153.75,26.25,26.25,0.0,2,0.8998072759272754
4836,156.25,26.25,26.25,0.0,2,0.8883700878694197
4837,158.75,26.25,26.25,0.0,2,0.8806497098965039
4838,161.25,26.25,26.25,0.0,2,0.8725307268154986
4839,163.75,26.25,26.25,0.0,2,0.8660341300133646
4840,166.25,26.25,26.25,0.0,2,0.8690239498075907
4841,168.75,26.25,26.25,0.0,2,0.8768595096102305
4842,171.25,26.25,26.25,0.0,2,0.8904293744975975
4843,173.75,26.25,26.25,0.0,2,0.9060700532114971
4844,176.25,26.25,26.25,0.0,2,0.9196031756205255
4845,178.75,26.25,26.25,0.0,2,0.9396858755066576
4846,181.25,26.25,26.25,0.0,2,0.9540963345363549
4847,183.75,26.25,26.25,0.0,2,0.9748121432759336
4848,186.25,26.25,26.25,0.0,2,0.9934159822246005
4849,188.75,26.25,26.25,0.0,2,1.0209528012521258
4850,191.25,26.25,26.25,0.0,2,1.034034719489796
4851,193.75,26.25,26.25,0.0,2,1.004914682129907
4852,196.25,26.25,26.25,0.0,2,0.9939249285690444
4853,198.75,26.25,26.25,0.0,2,0.9734613911529487
4854,201.25,26.25,26.25,0.0,2,0.9502276989663155
4855,203.75,26.25,26.25,0.0,2,0.9316931438404497
4856,206.25,26.25,26.25,0.0,2,0.9199711043027837
4857,208.75,26.25,26.25,0.0,2,0.9108897967708848
4858,211.25,26.25,26.25,0.0,2,0.9081109017532133
4859,213.75,26.25,26.25,0.0,2,0.9119205195578721
4860,216.25,26.25,26.25,0.0,2,0.9222801833863243
4861,218.75,26.25,26.25,0.0,2,0.9424932330411304
4862,221.25,26.25,26.25,0.0,2,0.9558220248093138
4863,223.75,26.25,26.25,0.0,2,0.9763657130675975
4864,226.25,26.25,26.25,0.0,2,0.9950988050650232
4865,228.75,26.25,26.25,0.0,2,1.0176280015259171
4866,231.25,26.25,26.25,0.0,2,1.044470805001041
4867,233.75,26.25,26.25,0.0,2,1.1026622531436165
4868,236.25,26.25,26.25,0.0,2,1.17995639928218
4869,238.75,26.25,26.25,0.0,2,1.2077920461144316
4870,241.25,26.25,26.25,0.0,2,1.2420530147211077
4871,243.75,26.25,26.25,0.0,2,1.348211092785705
4872,246.25,26.25,26.25,0.0,2,1.247725310030884
4873,248.75,26.25,26.25,0.0,2,1.2671259921322042
4874,251.25,26.25,26.25,0.0,2,1.2539582800662301
4875,263.75,26.25,26.25,0.0,2,1.3122259219813512
4876,266.25,26.25,26.25,0.0,2,1.2884667563893022
4877,268.75,26.25,26.25,0.0,2,1.3084415055511562
4878,271.25,26.25,26.25,0.0,2,1.298023878442355
4879,273.75,26.25,26.25,0.0,2,1.3309304119930248
4880,276.25,26.25,26.25,0.0,2,1.4446748626801578
4881,278.75,26.25,26.25,0.0,2,1.4652454801245216
4882,281.25,26.25,26.25,0.0,1,1.4598436026606936
4883,283.75,26.25,26.25,0.0,1,1.2248753894315867
4884,286.25,26.25,26.25,0.0,1,1.2548996455966301
4885,288.75,26.25,26.25,0.0,1,1.4385394793672508
4886,291.25,26.25,26.25,0.0,1,1.4132459005238056
4887,293.75,26.25,26.25,0.0,1,1.3712500179340295
4888,296.25,26.25,26.25,0.0,1,1.3264478768261367
4889,298.75,26.25,26.25,0.0,1,1.2701420641037502
4890,301.25,26.25,26.25,0.0,1,1.2396938778164572
4891,303.75,26.25,26.25,0.0,1,1.2215259677786539
4892,306.25,26.25,26.25,0.0,1,1.2270521045110525
4893,308.75,26.25,26.25,0.0,1,1.2483505618435953
4894,311.25,26.25,26.25,0.0,1,1.2772638803411727
4895,313.75,26.25,26.25,0.0,1,1.328495050364325
4896,316.25,26.25,26.25,0.0,1,1.3749762539733879
4897,318.75,26.25,26.25,0.0,1,1.4254663515248136
4898,321.25,26.25,26.25,0.0,1,1.4745260787940013
4899,323.75,26.25,26.25,0.0,1,1.5311851086699557
4900,326.25,26.25,26.25,0.0,1,1.5665524195515916
4901,328.75,26.25,26.25,0.0,1,1.5987698068391158
4902,331.25,26.25,26.25,0.0,1,1.6089101518315234
4903,333.75,26.25,26.25,0.0,1,1.571045682020995
4904,336.25,26.25,26.25,0.0,1,1.498885663732296
4905,338.75,26.25,26.25,0.0,1,1.4123591057360243
4906,341.25,26.25,26.25,0.0,1,1.371368932469749
4907,343.75,26.25,26.25,0.0,1,1.2900593418179072
4908,346.25,26.25,26.25,0.0,1,1.2304328154271118
4909,48.75,28.75,28.75,0.0,3,1.6068109145910672
4910,51.25,28.75,28.75,0.0,3,1.6106875237953355
4911,121.25,28.75,28.75,0.0,2,1.5799233621432325
4912,123.75,28.75,28.75,0.0,2,1.5299741558631161
4913,126.25,28.75,28.75,0.0,2,1.3664291023100226
4914,128.75,28.75,28.75,0.0,2,1.2095257098214036
4915,131.25,28.75,28.75,0.0,2,1.1050502885884046
4916,133.75,28.75,28.75,0.0,2,1.0831194807930697
4917,136.25,28.75,28.75,0.0,2,1.1463537553654717
4918,138.75,28.75,28.75,0.0,2,1.174526431807924
4919,141.25,28.75,28.75,0.0,2,1.2322489642118573
4920,143.75,28.75,28.75,0.0,2,1.246877283490532
4921,146.25,28.75,28.75,0.0,2,1.198333507492956
4922,148.75,28.75,28.75,0.0,2,1.16333401419292
4923,151.25,28.75,28.75,0.0,2,1.1412338320804734
4924,153.75,28.75,28.75,0.0,2,1.0944998690076997
4925,156.25,28.75,28.75,0.0,2,1.0637462203992842
4926,158.75,28.75,28.75,0.0,2,1.0389584737930269
4927,161.25,28.75,28.75,0.0,2,1.0213265578388442
4928,163.75,28.75,28.75,0.0,2,0.9998405136685098
4929,166.25,28.75,28.75,0.0,2,0.9823664660077764
4930,168.75,28.75,28.75,0.0,2,0.9740978525181515
4931,171.25,28.75,28.75,0.0,2,0.9803735368897908
4932,173.75,28.75,28.75,0.0,2,0.9940242567463174
4933,176.25,28.75,28.75,0.0,2,1.001926483889267
4934,178.75,28.75,28.75,0.0,2,1.0096678046815404
4935,181.25,28.75,28.75,0.0,2,1.0202118980464574
4936,183.75,28.75,28.75,0.0,2,1.0299742956619902
4937,186.25,28.75,28.75,0.0,2,1.043379548346329
4938,188.75,28.75,28.75,0.0,2,1.0669394294934897
4939,191.25,28.75,28.75,0.0,2,1.0806323839486816
4940,193.75,28.75,28.75,0.0,2,1.0824538685843828
4941,196.25,28.75,28.75,0.0,2,1.0759155762719455
4942,198.75,28.75,28.75,0.0,2,1.0624645435598083
4943,201.25,28.75,28.75,0.0,2,1.0438738384959747
4944,203.75,28.75,28.75,0.0,2,1.0222514251601489
4945,206.25,28.75,28.75,0.0,2,1.0098483868899721
4946,208.75,28.75,28.75,0.0,2,0.9957599387985474
4947,211.25,28.75,28.75,0.0,2,0.9883891829473472
4948,213.75,28.75,28.75,0.0,2,0.98177279657803
4949,216.25,28.75,28.75,0.0,2,0.9772518075345429
4950,218.75,28.75,28.75,0.0,2,0.9793655524229687
4951,221.25,28.75,28.75,0.0,2,0.9791095668488606
4952,223.75,28.75,28.75,0.0,2,0.9842334832619708
4953,226.25,28.75,28.75,0.0,2,0.997682816382274
4954,228.75,28.75,28.75,0.0,2,1.0117943955617064
4955,231.25,28.75,28.75,0.0,2,1.0134402098435158
4956,233.75,28.75,28.75,0.0,2,1.0260108647115123
4957,236.25,28.75,28.75,0.0,2,1.1220534791594041
4958,238.75,28.75,28.75,0.0,2,1.2231380866829666
4959,241.25,28.75,28.75,0.0,2,1.2756738362880669
4960,243.75,28.75,28.75,0.0,2,1.3059572453372668
4961,263.75,28.75,28.75,0.0,2,1.4082822890147053
4962,266.25,28.75,28.75,0.0,2,1.4812554209481168
4963,268.75,28.75,28.75,0.0,2,1.4966096059439031
4964,271.25,28.75,28.75,0.0,2,1.4752329482560225
4965,273.75,28.75,28.75,0.0,2,1.4575330682065981
4966,276.25,28.75,28.75,0.0,2,1.5808886259610124
4967,278.75,28.75,28.75,0.0,2,1.4069757898795998
4968,281.25,28.75,28.75,0.0,1,1.3398408032814857
4969,283.75,28.75,28.75,0.0,1,1.1978538656031488
4970,286.25,28.75,28.75,0.0,1,1.2897518434914625
4971,288.75,28.75,28.75,0.0,1,1.4903713527818332
4972,291.25,28.75,28.75,0.0,1,1.4101950130589131
4973,293.75,28.75,28.75,0.0,1,1.4055302817692445
4974,296.25,28.75,28.75,0.0,1,1.3981547668988283
4975,298.75,28.75,28.75,0.0,1,1.36104753163435
4976,301.25,28.75,28.75,0.0,1,1.3302585508085853
4977,303.75,28.75,28.75,0.0,1,1.2752909484465915
4978,306.25,28.75,28.75,0.0,1,1.2359468206418198
4979,308.75,28.75,28.75,0.0,1,1.2064333869235417
4980,311.25,28.75,28.75,0.0,1,1.190753574427026
4981,313.75,28.75,28.75,0.0,1,1.201019541528995
4982,316.25,28.75,28.75,0.0,1,1.2331682411742029
4983,318.75,28.75,28.75,0.0,1,1.282480890365992
4984,321.25,28.75,28.75,0.0,1,1.3284148960954107
4985,323.75,28.75,28.75,0.0,1,1.4036810427625765
4986,326.25,28.75,28.75,0.0,1,1.4724708196451917
4987,328.75,28.75,28.75,0.0,1,1.5276973493164865
4988,331.25,28.75,28.75,0.0,1,1.5621518644038042
4989,333.75,28.75,28.75,0.0,1,1.596288937676245
4990,336.25,28.75,28.75,0.0,1,1.613085481630801
4991,338.75,28.75,28.75,0.0,1,1.5987918918370856
4992,341.25,28.75,28.75,0.0,1,1.55804499176149
4993,343.75,28.75,28.75,0.0,1,1.4256363106623113
4994,346.25,28.75,28.75,0.0,1,1.1984395297758512
4995,348.75,28.75,28.75,0.0,1,1.0966703782443818
4996,16.25,31.25,31.25,0.0,1,1.9209323544214516
4997,18.75,31.25,31.25,0.0,1,1.846921285796773
4998,26.25,31.25,31.25,0.0,1,1.7764576995086383
4999,28.75,31.25,31.25,0.0,1,1.75569406568478
5000,31.25,31.25,31.25,0.0,2,1.817306778029569
5001,33.75,31.25,31.25,0.0,2,1.730488089853149
5002,36.25,31.25,31.25,0.0,0,1.7462832411982334
5003,121.25,31.25,31.25,0.0,2,1.6784826756322562
5004,123.75,31.25,31.25,0.0,2,1.7800745513647078
5005,126.25,31.25,31.25,0.0,2,1.5980363677474267
5006,128.75,31.25,31.25,0.0,2,1.4140912896415538
5007,131.25,31.25,31.25,0.0,2,1.3005629659992657
5008,133.75,31.25,31.25,0.0,2,1.178781861774337
5009,136.25,31.25,31.25,0.0,2,1.1734072841204355
5010,138.75,31.25,31.25,0.0,2,1.1878243478431376
5011,141.25,31.25,31.25,0.0,2,1.236746673963191
5012,143.75,31.25,31.25,0.0,2,1.3442946064957284
5013,146.25,31.25,31.25,0.0,2,1.340276512334103
5014,148.75,31.25,31.25,0.0,2,1.3144054350503713
5015,151.25,31.25,31.25,0.0,2,1.3060383485662312
5016,153.75,31.25,31.25,0.0,2,1.2896946071321644
5017,156.25,31.25,31.25,0.0,2,1.2637096714365905
5018,158.75,31.25,31.25,0.0,2,1.2331657271497292
5019,161.25,31.25,31.25,0.0,2,1.2114269080683566
5020,163.75,31.25,31.25,0.0,2,1.1853954087091645
5021,166.25,31.25,31.25,0.0,2,1.16512875272434
5022,168.75,31.25,31.25,0.0,2,1.134038891264286
5023,171.25,31.25,31.25,0.0,2,1.1089149112768033
5024,173.75,31.25,31.25,0.0,2,1.1067834360441824
5025,176.25,31.25,31.25,0.0,2,1.1141509389094137
5026,178.75,31.25,31.25,0.0,2,1.1208243336602761
5027,181.25,31.25,31.25,0.0,2,1.1257581296947694
5028,183.75,31.25,31.25,0.0,2,1.128768006600485
5029,186.25,31.25,31.25,0.0,2,1.1346575308291573
5030,188.75,31.25,31.25,0.0,2,1.1461883353056446
5031,191.25,31.25,31.25,0.0,2,1.152133430974223
5032,193.75,31.25,31.25,0.0,2,1.1520867979127343
5033,196.25,31.25,31.25,0.0,2,1.1468877459295033
5034,198.75,31.25,31.25,0.0,2,1.1435224942218034
5035,201.25,31.25,31.25,0.0,2,1.1429708260407931
5036,203.75,31.25,31.25,0.0,2,1.129189711546857
5037,206.25,31.25,31.25,0.0,2,1.113483364262182
5038,208.75,31.25,31.25,0.0,2,1.0907084922170047
5039,211.25,31.25,31.25,0.0,2,1.0721959383770685
5040,213.75,31.25,31.25,0.0,2,1.0546952776173069
5041,216.25,31.25,31.25,0.0,2,1.0395916284808264
5042,218.75,31.25,31.25,0.0,2,1.0313354690990075
5043,221.25,31.25,31.25,0.0,2,1.0276998183380592
5044,223.75,31.25,31.25,0.0,2,1.021926235537819
5045,226.25,31.25,31.25,0.0,2,1.0199777493051794
5046,228.75,31.25,31.25,0.0,2,1.0196596699845835
5047,231.25,31.25,31.25,0.0,2,1.0169539638466585
5048,233.75,31.25,31.25,0.0,2,1.0356008653627504
5049,236.25,31.25,31.25,0.0,2,1.1315905372284527
5050,238.75,31.25,31.25,0.0,2,1.247481365650171
5051,241.25,31.25,31.25,0.0,2,1.3729394946328712
5052,243.75,31.25,31.25,0.0,2,1.4038318794261482
5053,278.75,31.25,31.25,0.0,2,1.4686488273118803
5054,281.25,31.25,31.25,0.0,1,1.3781497095071318
5055,283.75,31.25,31.25,0.0,1,1.2264487433437092
5056,286.25,31.25,31.25,0.0,1,1.2853276931281872
5057,288.75,31.25,31.25,0.0,1,1.549327454856381
5058,291.25,31.25,31.25,0.0,1,1.5030392900933842
5059,293.75,31.25,31.25,0.0,1,1.4901775400793849
5060,296.25,31.25,31.25,0.0,1,1.4768384643717838
5061,298.75,31.25,31.25,0.0,1,1.4428542226689882
5062,301.25,31.25,31.25,0.0,1,1.416848820383184
5063,303.75,31.25,31.25,0.0,1,1.3699384612329144
5064,306.25,31.25,31.25,0.0,1,1.3265302567265729
5065,308.75,31.25,31.25,0.0,1,1.2582203111505674
5066,311.25,31.25,31.25,0.0,1,1.1946283250304832
5067,313.75,31.25,31.25,0.0,1,1.1383764140152464
5068,316.25,31.25,31.25,0.0,1,1.132754172187838
5069,318.75,31.25,31.25,0.0,1,1.1392476428582003
5070,321.25,31.25,31.25,0.0,1,1.148588209101818
5071,323.75,31.25,31.25,0.0,1,1.2047895775557207
5072,326.25,31.25,31.25,0.0,1,1.288926874957995
5073,328.75,31.25,31.25,0.0,1,1.3823658990127645
5074,331.25,31.25,31.25,0.0,1,1.4317651129636695
5075,333.75,31.25,31.25,0.0,1,1.4702559435819222
5076,336.25,31.25,31.25,0.0,1,1.5083408169534658
5077,338.75,31.25,31.25,0.0,1,1.544170650417232
5078,341.25,31.25,31.25,0.0,1,1.57033577889704
5079,343.75,31.25,31.25,0.0,1,1.614700626780734
5080,346.25,31.25,31.25,0.0,1,1.4924217295979274
5081,348.75,31.25,31.25,0.0,1,1.0669241588337555
5082,11.25,33.75,33.75,0.0,1,1.992671581910131
5083,13.75,33.75,33.75,0.0,1,1.9641833169169518
5084,16.25,33.75,33.75,0.0,1,1.974704132500655
5085,18.75,33.75,33.75,0.0,1,1.763982080923394
5086,21.25,33.75,33.75,0.0,1,1.5192254619226138
5087,23.75,33.75,33.75,0.0,1,1.705127695892265
5088,26.25,33.75,33.75,0.0,1,1.7202768095618204
5089,28.75,33.75,33.75,0.0,1,1.7908944817609462
5090,31.25,33.75,33.75,0.0,2,1.7763315541118048
5091,33.75,33.75,33.75,0.0,2,1.6366800321848525
5092,36.25,33.75,33.75,0.0,2,1.5851587721118827
5093,121.25,33.75,33.75,0.0,2,1.6716145768360895
5094,123.75,33.75,33.75,0.0,2,1.7372373863042456
5095,126.25,33.75,33.75,0.0,2,1.8005653399059958
5096,128.75,33.75,33.75,0.0,2,1.562142549161717
5097,131.25,33.75,33.75,0.0,2,1.6752795382395318
5098,136.25,33.75,33.75,0.0,2,1.3682852429917927
5099,138.75,33.75,33.75,0.0,2,1.3533940613158304
5100,141.25,33.75,33.75,0.0,2,1.2460990588384109
5101,143.75,33.75,33.75,0.0,2,1.3343349576661911
5102,146.25,33.75,33.75,0.0,2,1.414102761841804
5103,148.75,33.75,33.75,0.0,2,1.431193195887288
5104,151.25,33.75,33.75,0.0,2,1.4203341060134473
5105,153.75,33.75,33.75,0.0,2,1.4113056985474863
5106,156.25,33.75,33.75,0.0,2,1.3922136429457412
5107,158.75,33.75,33.75,0.0,2,1.3583055578038268
5108,161.25,33.75,33.75,0.0,2,1.3366562542008031
5109,163.75,33.75,33.75,0.0,2,1.3171553203328343
5110,166.25,33.75,33.75,0.0,2,1.3026151162976904
5111,168.75,33.75,33.75,0.0,2,1.2915625039509733
5112,171.25,33.75,33.75,0.0,2,1.2618874549463464
5113,173.75,33.75,33.75,0.0,2,1.2417782425717514
5114,176.25,33.75,33.75,0.0,2,1.238597219833767
5115,178.75,33.75,33.75,0.0,2,1.239034736263694
5116,181.25,33.75,33.75,0.0,2,1.2465689780775104
5117,183.75,33.75,33.75,0.0,2,1.2507954056337955
5118,186.25,33.75,33.75,0.0,2,1.2483212986514787
5119,188.75,33.75,33.75,0.0,2,1.2483014057488546
5120,191.25,33.75,33.75,0.0,2,1.2543090546518914
5121,193.75,33.75,33.75,0.0,2,1.2604134322671023
5122,196.25,33.75,33.75,0.0,2,1.2592675825694304
5123,198.75,33.75,33.75,0.0,2,1.2580420527743217
5124,201.25,33.75,33.75,0.0,2,1.2551727443523664
5125,203.75,33.75,33.75,0.0,2,1.2482755751463344
5126,206.25,33.75,33.75,0.0,2,1.2373451253240673
5127,208.75,33.75,33.75,0.0,2,1.214277065822688
5128,211.25,33.75,33.75,0.0,2,1.1911748446740746
5129,213.75,33.75,33.75,0.0,2,1.1606502153094582
5130,216.25,33.75,33.75,0.0,2,1.1369951432190022
5131,218.75,33.75,33.75,0.0,2,1.1243244614831325
5132,221.25,33.75,33.75,0.0,2,1.1187668127482748
5133,223.75,33.75,33.75,0.0,2,1.1003721117937724
5134,226.25,33.75,33.75,0.0,2,1.0806532519716185
5135,228.75,33.75,33.75,0.0,2,1.0528606579451425
5136,231.25,33.75,33.75,0.0,2,1.0321583222475632
5137,233.75,33.75,33.75,0.0,2,1.0442211613718158
5138,236.25,33.75,33.75,0.0,2,1.1462399038482893
5139,238.75,33.75,33.75,0.0,2,1.2790881580928524
5140,241.25,33.75,33.75,0.0,2,1.4753435161332331
5141,281.25,33.75,33.75,0.0,1,1.4505158102875422
5142,283.75,33.75,33.75,0.0,1,1.3374063913803185
5143,286.25,33.75,33.75,0.0,1,1.25765315554987
5144,288.75,33.75,33.75,0.0,1,1.498050808663815
5145,291.25,33.75,33.75,0.0,1,1.563256280512295
5146,293.75,33.75,33.75,0.0,1,1.5485233444231197
5147,296.25,33.75,33.75,0.0,1,1.527056642424695
5148,298.75,33.75,33.75,0.0,1,1.5275593149721958
5149,301.25,33.75,33.75,0.0,1,1.5056218946344604
5150,303.75,33.75,33.75,0.0,1,1.4792875036947355
5151,306.25,33.75,33.75,0.0,1,1.4629553467287972
5152,308.75,33.75,33.75,0.0,1,1.41952968062383
5153,311.25,33.75,33.75,0.0,1,1.3579221655214144
5154,313.75,33.75,33.75,0.0,1,1.2716954871806823
5155,316.25,33.75,33.75,0.0,1,1.2386618597015215
5156,318.75,33.75,33.75,0.0,1,1.2002004999465945
5157,321.25,33.75,33.75,0.0,1,1.146852309083811
5158,323.75,33.75,33.75,0.0,1,1.1129077598366204
5159,326.25,33.75,33.75,0.0,1,1.1538439097185083
5160,328.75,33.75,33.75,0.0,1,1.2528753026152208
5161,331.25,33.75,33.75,0.0,1,1.3233806380454889
5162,333.75,33.75,33.75,0.0,1,1.3676720916063636
5163,336.25,33.75,33.75,0.0,1,1.3903384818933966
5164,338.75,33.75,33.75,0.0,1,1.417034776692325
5165,341.25,33.75,33.75,0.0,1,1.4580388968413636
5166,343.75,33.75,33.75,0.0,1,1.5618682838458968
5167,346.25,33.75,33.75,0.0,1,1.5944491086881323
5168,348.75,33.75,33.75,0.0,1,1.4769848055814792
5169,351.25,33.75,33.75,0.0,1,1.409255280396837
5170,353.75,33.75,33.75,0.0,1,0.9417863740949107
5171,1.25,36.25,36.25,0.0,1,1.897873245256703
5172,11.25,36.25,36.25,0.0,1,2.12279962151934
5173,13.75,36.25,36.25,0.0,1,1.8991040149611464
5174,16.25,36.25,36.25,0.0,1,1.768607152504142
5175,18.75,36.25,36.25,0.0,1,1.9127123292241337
5176,21.25,36.25,36.25,0.0,1,2.0768849045421187
5177,23.75,36.25,36.25,0.0,1,2.135014788483797
5178,26.25,36.25,36.25,0.0,1,2.097817968071923
5179,28.75,36.25,36.25,0.0,1,1.996112628255888
5180,31.25,36.25,36.25,0.0,2,1.8205592489114133
5181,33.75,36.25,36.25,0.0,2,1.6643517574833038
5182,36.25,36.25,36.25,0.0,2,1.644652918301566
5183,121.25,36.25,36.25,0.0,2,1.6671456421631092
5184,123.75,36.25,36.25,0.0,2,1.685340344919473
5185,126.25,36.25,36.25,0.0,2,1.8219114754627521
5186,128.75,36.25,36.25,0.0,2,1.675956743537538
5187,131.25,36.25,36.25,0.0,2,1.7182641536047534
5188,133.75,36.25,36.25,0.0,2,1.8253680674135657
5189,136.25,36.25,36.25,0.0,2,1.9020448744457807
5190,141.25,36.25,36.25,0.0,2,1.254701710736474
5191,143.75,36.25,36.25,0.0,2,1.2902028345802146
5192,146.25,36.25,36.25,0.0,2,1.3843843505797946
5193,148.75,36.25,36.25,0.0,2,1.4388922488322748
5194,151.25,36.25,36.25,0.0,2,1.4665630782448504
5195,153.75,36.25,36.25,0.0,2,1.4819376889059759
5196,156.25,36.25,36.25,0.0,2,1.4727434275473748
5197,158.75,36.25,36.25,0.0,2,1.4316301055963765
5198,161.25,36.25,36.25,0.0,2,1.3950433022588682
5199,163.75,36.25,36.25,0.0,2,1.3740729800335654
5200,166.25,36.25,36.25,0.0,2,1.3640592458229863
5201,168.75,36.25,36.25,0.0,2,1.3504559336924726
5202,171.25,36.25,36.25,0.0,2,1.3282380459915237
5203,173.75,36.25,36.25,0.0,2,1.316606173073253
5204,176.25,36.25,36.25,0.0,2,1.3037891835777944
5205,178.75,36.25,36.25,0.0,2,1.2928351482226117
5206,181.25,36.25,36.25,0.0,2,1.2980214471353464
5207,183.75,36.25,36.25,0.0,2,1.3053796193888636
5208,186.25,36.25,36.25,0.0,2,1.3074684723330416
5209,188.75,36.25,36.25,0.0,2,1.30776447247458
5210,191.25,36.25,36.25,0.0,2,1.3120684114940866
5211,193.75,36.25,36.25,0.0,2,1.320491053352682
5212,196.25,36.25,36.25,0.0,2,1.324473163856306
5213,198.75,36.25,36.25,0.0,2,1.328010003524562
5214,201.25,36.25,36.25,0.0,2,1.3289709217932721
5215,203.75,36.25,36.25,0.0,2,1.3284189644624336
5216,206.25,36.25,36.25,0.0,2,1.327982091605131
5217,208.75,36.25,36.25,0.0,2,1.3168076367739805
5218,211.25,36.25,36.25,0.0,2,1.3004933861371042
5219,213.75,36.25,36.25,0.0,2,1.273549363179467
5220,216.25,36.25,36.25,0.0,2,1.2477818563645147
5221,218.75,36.25,36.25,0.0,2,1.2303993493302863
5222,221.25,36.25,36.25,0.0,2,1.2199976661841594
5223,223.75,36.25,36.25,0.0,2,1.200740703459699
5224,226.25,36.25,36.25,0.0,2,1.1742002945234222
5225,228.75,36.25,36.25,0.0,2,1.11319135480137
5226,231.25,36.25,36.25,0.0,2,1.0434168924312552
5227,233.75,36.25,36.25,0.0,2,1.0161209250314835
5228,236.25,36.25,36.25,0.0,2,1.194818396803678
5229,238.75,36.25,36.25,0.0,2,1.3800389743199337
5230,283.75,36.25,36.25,0.0,1,1.5096032746878194
5231,286.25,36.25,36.25,0.0,1,1.3732806641464421
5232,288.75,36.25,36.25,0.0,1,1.3190864048984698
5233,291.25,36.25,36.25,0.0,1,1.3931053539317662
5234,293.75,36.25,36.25,0.0,1,1.4573605432657404
5235,296.25,36.25,36.25,0.0,1,1.4764959335071821
5236,298.75,36.25,36.25,0.0,1,1.49599694185398
5237,301.25,36.25,36.25,0.0,1,1.5330029084371897
5238,303.75,36.25,36.25,0.0,1,1.535061935298176
5239,306.25,36.25,36.25,0.0,1,1.52410618077514
5240,308.75,36.25,36.25,0.0,1,1.4994769122868736
5241,311.25,36.25,36.25,0.0,1,1.4778827833503765
5242,313.75,36.25,36.25,0.0,1,1.431478530381416
5243,316.25,36.25,36.25,0.0,1,1.3822964606283636
5244,318.75,36.25,36.25,0.0,1,1.3569791830528501
5245,321.25,36.25,36.25,0.0,1,1.3202225342048934
5246,323.75,36.25,36.25,0.0,1,1.2454195468854379
5247,326.25,36.25,36.25,0.0,1,1.2017307761175948
5248,328.75,36.25,36.25,0.0,1,1.2498915055140234
5249,331.25,36.25,36.25,0.0,1,1.3351892890479609
5250,333.75,36.25,36.25,0.0,1,1.3817283635794047
5251,336.25,36.25,36.25,0.0,1,1.3809669197860712
5252,338.75,36.25,36.25,0.0,1,1.3392635325674764
5253,341.25,36.25,36.25,0.0,1,1.3740427933728803
5254,343.75,36.25,36.25,0.0,1,1.4576241162566332
5255,346.25,36.25,36.25,0.0,1,1.5086982917599003
5256,348.75,36.25,36.25,0.0,1,1.419626938360198
5257,351.25,36.25,36.25,0.0,1,1.285302550203178
5258,353.75,36.25,36.25,0.0,1,1.3714794964602859
5259,356.25,36.25,36.25,0.0,1,1.821381028699988
5260,358.75,36.25,36.25,0.0,1,1.9066571098684735
5261,1.25,38.75,38.75,0.0,1,1.928173202861826
5262,3.75,38.75,38.75,0.0,1,2.0527252174851878
5263,6.25,38.75,38.75,0.0,1,2.0799048637322826
5264,8.75,38.75,38.75,0.0,1,1.9979059926841118
5265,11.25,38.75,38.75,0.0,1,2.099149481287642
5266,13.75,38.75,38.75,0.0,1,2.2102632340717587
5267,18.75,38.75,38.75,0.0,1,2.0267206691404187
5268,21.25,38.75,38.75,0.0,1,2.23780613301592
5269,23.75,38.75,38.75,0.0,1,2.165890738424649
5270,26.25,38.75,38.75,0.0,1,2.1089137934388913
5271,118.75,38.75,38.75,0.0,0,1.4978579726113437
5272,121.25,38.75,38.75,0.0,2,1.565513466182155
5273,123.75,38.75,38.75,0.0,2,1.6878718459370199
5274,128.75,38.75,38.75,0.0,2,1.9525574095084257
5275,131.25,38.75,38.75,0.0,2,1.9324321781863567
5276,133.75,38.75,38.75,0.0,2,1.8791748965771358
5277,136.25,38.75,38.75,0.0,2,1.8478884302053202
5278,138.75,38.75,38.75,0.0,2,2.021433184310425
5279,141.25,38.75,38.75,0.0,2,1.3118935018703706
5280,143.75,38.75,38.75,0.0,2,1.2769478274173882
5281,146.25,38.75,38.75,0.0,2,1.329107532121382
5282,148.75,38.75,38.75,0.0,2,1.3874705517662294
5283,151.25,38.75,38.75,0.0,2,1.448215850622529
5284,153.75,38.75,38.75,0.0,2,1.4889645103433542
5285,156.25,38.75,38.75,0.0,2,1.4911311722319256
5286,158.75,38.75,38.75,0.0,2,1.4724945655321944
5287,161.25,38.75,38.75,0.0,2,1.4658024138193635
5288,163.75,38.75,38.75,0.0,2,1.4655190659270114
5289,166.25,38.75,38.75,0.0,2,1.4516892373421721
5290,168.75,38.75,38.75,0.0,2,1.4189305612770589
5291,171.25,38.75,38.75,0.0,2,1.3986869552767125
5292,173.75,38.75,38.75,0.0,2,1.3839228153212486
5293,176.25,38.75,38.75,0.0,2,1.3673465405539296
5294,178.75,38.75,38.75,0.0,2,1.349122322000386
5295,181.25,38.75,38.75,0.0,2,1.3492373347215478
5296,183.75,38.75,38.75,0.0,2,1.3572603449962484
5297,186.25,38.75,38.75,0.0,2,1.3627439875697474
5298,188.75,38.75,38.75,0.0,2,1.3661251168834088
5299,191.25,38.75,38.75,0.0,2,1.3723634694962799
5300,193.75,38.75,38.75,0.0,2,1.378507442646347
5301,196.25,38.75,38.75,0.0,2,1.3736749634238652
5302,198.75,38.75,38.75,0.0,2,1.3710409064560896
5303,201.25,38.75,38.75,0.0,2,1.3766087951419945
5304,203.75,38.75,38.75,0.0,2,1.3881438894647067
5305,206.25,38.75,38.75,0.0,2,1.3982608880179206
5306,208.75,38.75,38.75,0.0,2,1.4015027541898384
5307,211.25,38.75,38.75,0.0,2,1.3974766708503026
5308,213.75,38.75,38.75,0.0,2,1.386757012444742
5309,216.25,38.75,38.75,0.0,2,1.36651754192252
5310,218.75,38.75,38.75,0.0,2,1.3449432301482964
5311,221.25,38.75,38.75,0.0,2,1.3234075488423633
5312,223.75,38.75,38.75,0.0,2,1.3059597297971577
5313,226.25,38.75,38.75,0.0,2,1.294896180904709
5314,228.75,38.75,38.75,0.0,2,1.2275044027232762
5315,231.25,38.75,38.75,0.0,2,1.1208530194490904
5316,233.75,38.75,38.75,0.0,2,1.0026701865140863
5317,236.25,38.75,38.75,0.0,2,1.2349176543248406
5318,286.25,38.75,38.75,0.0,1,1.5418019709749229
5319,288.75,38.75,38.75,0.0,1,1.454801357361554
5320,291.25,38.75,38.75,0.0,1,1.4244788949900244
5321,293.75,38.75,38.75,0.0,1,1.388367938146607
5322,296.25,38.75,38.75,0.0,1,1.3757438557169865
5323,298.75,38.75,38.75,0.0,1,1.3835969118407043
5324,301.25,38.75,38.75,0.0,1,1.4015218243150218
5325,303.75,38.75,38.75,0.0,1,1.4387889694043081
5326,306.25,38.75,38.75,0.0,1,1.4595565972272677
5327,308.75,38.75,38.75,0.0,1,1.4884765348451363
5328,311.25,38.75,38.75,0.0,1,1.4697064366698815
5329,313.75,38.75,38.75,0.0,1,1.5070671754177192
5330,316.25,38.75,38.75,0.0,1,1.557128215442992
5331,318.75,38.75,38.75,0.0,1,1.521677565820523
5332,321.25,38.75,38.75,0.0,1,1.5116424844561225
5333,323.75,38.75,38.75,0.0,1,1.4877954009207814
5334,326.25,38.75,38.75,0.0,1,1.443144374659789
5335,328.75,38.75,38.75,0.0,1,1.3953938659156218
5336,331.25,38.75,38.75,0.0,1,1.4227374776328645
5337,333.75,38.75,38.75,0.0,1,1.4614206522227777
5338,336.25,38.75,38.75,0.0,1,1.5132030446602935
5339,338.75,38.75,38.75,0.0,1,1.469315069905697
5340,341.25,38.75,38.75,0.0,1,1.3703531341387494
5341,343.75,38.75,38.75,0.0,1,1.3910935042874852
5342,346.25,38.75,38.75,0.0,1,1.4686102401783794
5343,348.75,38.75,38.75,0.0,1,1.3238885938225553
5344,351.25,38.75,38.75,0.0,0,1.257920446226656
5345,1.25,41.25,41.25,0.0,1,2.1090170209620607
5346,3.75,41.25,41.25,0.0,1,2.0793263443258225
5347,6.25,41.25,41.25,0.0,1,2.1300940097793837
5348,8.75,41.25,41.25,0.0,1,2.1575720426355733
5349,11.25,41.25,41.25,0.0,1,2.2018867380309968
5350,13.75,41.25,41.25,0.0,1,2.1786027253206233
5351,16.25,41.25,41.25,0.0,1,2.297353727737084
5352,18.75,41.25,41.25,0.0,1,2.2692783690210527
5353,131.25,41.25,41.25,0.0,2,2.039881087611203
5354,133.75,41.25,41.25,0.0,2,1.9883799500558024
5355,136.25,41.25,41.25,0.0,2,1.8134684146247568
5356,138.75,41.25,41.25,0.0,2,1.9163624804758241
5357,141.25,41.25,41.25,0.0,2,1.6003704158822292
5358,143.75,41.25,41.25,0.0,2,1.5094429655770731
5359,146.25,41.25,41.25,0.0,2,1.548589682830113
5360,148.75,41.25,41.25,0.0,2,1.4691051534037782
5361,151.25,41.25,41.25,0.0,2,1.5144304398270187
5362,153.75,41.25,41.25,0.0,2,1.5904317199801747
5363,156.25,41.25,41.25,0.0,2,1.6231665923313778
5364,158.75,41.25,41.25,0.0,2,1.6064927190987692
5365,161.25,41.25,41.25,0.0,2,1.5941433396897662
5366,163.75,41.25,41.25,0.0,2,1.6026265955387256
5367,166.25,41.25,41.25,0.0,2,1.6087630143730567
5368,168.75,41.25,41.25,0.0,2,1.5944654615138563
5369,171.25,41.25,41.25,0.0,2,1.5639108796885224
5370,173.75,41.25,41.25,0.0,2,1.515642052034991
5371,176.25,41.25,41.25,0.0,2,1.4728083860027281
5372,178.75,41.25,41.25,0.0,2,1.4589906503190009
5373,181.25,41.25,41.25,0.0,2,1.4573269530309347
5374,183.75,41.25,41.25,0.0,2,1.4630058413888296
5375,186.25,41.25,41.25,0.0,2,1.4680053308745074
5376,188.75,41.25,41.25,0.0,2,1.470774981383463
5377,191.25,41.25,41.25,0.0,2,1.4774993474482705
5378,193.75,41.25,41.25,0.0,2,1.4788580902753887
5379,196.25,41.25,41.25,0.0,2,1.4588056937726592
5380,198.75,41.25,41.25,0.0,2,1.4387251963470415
5381,201.25,41.25,41.25,0.0,2,1.428715271420845
5382,203.75,41.25,41.25,0.0,2,1.4351977951239474
5383,206.25,41.25,41.25,0.0,2,1.445644744910993
5384,208.75,41.25,41.25,0.0,2,1.4511997040604738
5385,211.25,41.25,41.25,0.0,2,1.4575056839681018
5386,213.75,41.25,41.25,0.0,2,1.4603149549571848
5387,216.25,41.25,41.25,0.0,2,1.4493808267532564
5388,218.75,41.25,41.25,0.0,2,1.4334695873088592
5389,221.25,41.25,41.25,0.0,2,1.4046099819031368
5390,223.75,41.25,41.25,0.0,2,1.3870731552214988
5391,226.25,41.25,41.25,0.0,2,1.382842764692763
5392,228.75,41.25,41.25,0.0,2,1.3621668457900802
5393,231.25,41.25,41.25,0.0,2,1.227164763332331
5394,233.75,41.25,41.25,0.0,2,1.0545019928593606
5395,236.25,41.25,41.25,0.0,2,0.9641941993890373
5396,286.25,41.25,41.25,0.0,1,1.7636873265972934
5397,288.75,41.25,41.25,0.0,1,1.6484917883357224
5398,291.25,41.25,41.25,0.0,1,1.5909791270705094
5399,293.75,41.25,41.25,0.0,1,1.5350991041903934
5400,296.25,41.25,41.25,0.0,1,1.4838966756237986
5401,298.75,41.25,41.25,0.0,1,1.4684493672503074
5402,301.25,41.25,41.25,0.0,1,1.3835445765815366
5403,303.75,41.25,41.25,0.0,1,1.307312069691897
5404,306.25,41.25,41.25,0.0,1,1.2519308670348572
5405,308.75,41.25,41.25,0.0,1,1.2671680681667852
5406,311.25,41.25,41.25,0.0,1,1.3483631502012101
5407,313.75,41.25,41.25,0.0,1,1.344114450305392
5408,316.25,41.25,41.25,0.0,1,1.4506880035436513
5409,318.75,41.25,41.25,0.0,1,1.4979633927810703
5410,321.25,41.25,41.25,0.0,1,1.4661256663016666
5411,323.75,41.25,41.25,0.0,1,1.4606183105588153
5412,326.25,41.25,41.25,0.0,1,1.499787817237057
5413,328.75,41.25,41.25,0.0,1,1.5036630297374933
5414,331.25,41.25,41.25,0.0,1,1.500186133920618
5415,333.75,41.25,41.25,0.0,1,1.5060523795611547
5416,336.25,41.25,41.25,0.0,1,1.5690551853701984
5417,338.75,41.25,41.25,0.0,1,1.6042718741874769
5418,341.25,41.25,41.25,0.0,1,1.4798909064776287
5419,343.75,41.25,41.25,0.0,1,1.396514586005226
5420,346.25,41.25,41.25,0.0,1,1.4486482965646634
5421,348.75,41.25,41.25,0.0,1,1.3547505997645308
5422,351.25,41.25,41.25,0.0,1,1.2073771605318355
5423,3.75,43.75,43.75,0.0,1,2.177681480458709
5424,6.25,43.75,43.75,0.0,0,2.235740403764349
5425,8.75,43.75,43.75,0.0,1,2.312011457697796
5426,13.75,43.75,43.75,0.0,1,2.560226553140607
5427,16.25,43.75,43.75,0.0,0,2.418669244042791
5428,133.75,43.75,43.75,0.0,2,1.878104376941549
5429,136.25,43.75,43.75,0.0,2,1.8923177270123461
5430,138.75,43.75,43.75,0.0,2,2.0259894499981512
5431,141.25,43.75,43.75,0.0,2,2.2687512969828108
5432,146.25,43.75,43.75,0.0,2,2.1593185879374035
5433,148.75,43.75,43.75,0.0,2,1.870364317832324
5434,151.25,43.75,43.75,0.0,2,1.7759443237728245
5435,153.75,43.75,43.75,0.0,2,1.6295986216643117
5436,156.25,43.75,43.75,0.0,2,1.6074236611517232
5437,158.75,43.75,43.75,0.0,2,1.5611423309938266
5438,161.25,43.75,43.75,0.0,2,1.5371830774523536
5439,163.75,43.75,43.75,0.0,2,1.5851171400140132
5440,166.25,43.75,43.75,0.0,2,1.6455245205763878
5441,168.75,43.75,43.75,0.0,2,1.6995286827276155
5442,171.25,43.75,43.75,0.0,2,1.7092091626542107
5443,173.75,43.75,43.75,0.0,2,1.6560083040675206
5444,176.25,43.75,43.75,0.0,2,1.6123585349377951
5445,178.75,43.75,43.75,0.0,2,1.5956370979083778
5446,181.25,43.75,43.75,0.0,2,1.5986503622591495
5447,183.75,43.75,43.75,0.0,2,1.6020551348360985
5448,186.25,43.75,43.75,0.0,2,1.6020772495588471
5449,188.75,43.75,43.75,0.0,2,1.6044399778215135
5450,191.25,43.75,43.75,0.0,2,1.6062253750585134
5451,193.75,43.75,43.75,0.0,2,1.603974480158723
5452,196.25,43.75,43.75,0.0,2,1.592040417507813
5453,198.75,43.75,43.75,0.0,2,1.5698184282644398
5454,201.25,43.75,43.75,0.0,2,1.5509228005154403
5455,203.75,43.75,43.75,0.0,2,1.5340860054882073
5456,206.25,43.75,43.75,0.0,2,1.5273465755399527
5457,208.75,43.75,43.75,0.0,2,1.5207898682587968
5458,211.25,43.75,43.75,0.0,2,1.5107845959482835
5459,213.75,43.75,43.75,0.0,2,1.4984583900487471
5460,216.25,43.75,43.75,0.0,2,1.4912576901670596
5461,218.75,43.75,43.75,0.0,2,1.4747889012332283
5462,221.25,43.75,43.75,0.0,2,1.456959860465684
5463,223.75,43.75,43.75,0.0,2,1.4373147723305653
5464,226.25,43.75,43.75,0.0,2,1.429126254016313
5465,228.75,43.75,43.75,0.0,2,1.4189141487012733
5466,231.25,43.75,43.75,0.0,2,1.3391935421533763
5467,233.75,43.75,43.75,0.0,2,1.1053926116625596
5468,236.25,43.75,43.75,0.0,2,1.0073194975440076
5469,288.75,43.75,43.75,0.0,0,2.149576902579817
5470,291.25,43.75,43.75,0.0,1,2.088227983072675
5471,293.75,43.75,43.75,0.0,1,1.7635223592893974
5472,296.25,43.75,43.75,0.0,1,1.534128893215696
5473,298.75,43.75,43.75,0.0,1,1.5807364252263165
5474,301.25,43.75,43.75,0.0,1,1.5725896563492472
5475,303.75,43.75,43.75,0.0,1,1.4459053131706128
5476,306.25,43.75,43.75,0.0,1,1.626965416984238
5477,308.75,43.75,43.75,0.0,1,1.800052843929897
5478,311.25,43.75,43.75,0.0,1,1.7584784773159698
5479,313.75,43.75,43.75,0.0,1,1.3657862964738992
5480,316.25,43.75,43.75,0.0,1,1.2005813416149598
5481,318.75,43.75,43.75,0.0,1,1.1832814584562725
5482,321.25,43.75,43.75,0.0,1,1.1858085687908577
5483,323.75,43.75,43.75,0.0,1,1.189203395002867
5484,326.25,43.75,43.75,0.0,1,1.2272248908082322
5485,328.75,43.75,43.75,0.0,1,1.4110916045052282
5486,331.25,43.75,43.75,0.0,1,1.5215916260485445
5487,333.75,43.75,43.75,0.0,1,1.4899565248517828
5488,336.25,43.75,43.75,0.0,1,1.4681549473757916
5489,338.75,43.75,43.75,0.0,1,1.4844039441107237
5490,341.25,43.75,43.75,0.0,1,1.4837920211873556
5491,343.75,43.75,43.75,0.0,1,1.4611471815357022
5492,346.25,43.75,43.75,0.0,1,1.4221473402971625
5493,348.75,43.75,43.75,0.0,1,1.3699200108266942
5494,351.25,43.75,43.75,0.0,1,1.4394319748026043
5495,353.75,43.75,43.75,0.0,1,1.7480029479279406
5496,356.25,43.75,43.75,0.0,1,1.7342722228586196
5497,358.75,43.75,43.75,0.0,1,1.8197424885842013
5498,138.75,46.25,46.25,0.0,2,1.8392397353426724
5499,141.25,46.25,46.25,0.0,2,2.0771631228494085
5500,143.75,46.25,46.25,0.0,2,2.044110525423346
5501,146.25,46.25,46.25,0.0,2,2.213799327990665
5502,148.75,46.25,46.25,0.0,2,2.2661261207357466
5503,151.25,46.25,46.25,0.0,2,2.029914580461117
5504,153.75,46.25,46.25,0.0,2,1.664668094997496
5505,156.25,46.25,46.25,0.0,2,1.651461341887683
5506,158.75,46.25,46.25,0.0,2,1.6433892725936592
5507,161.25,46.25,46.25,0.0,2,1.64532570265031
5508,163.75,46.25,46.25,0.0,2,1.6379553011037
5509,166.25,46.25,46.25,0.0,2,1.6473980882321315
5510,168.75,46.25,46.25,0.0,2,1.6793529777991678
5511,171.25,46.25,46.25,0.0,2,1.6869587454066073
5512,173.75,46.25,46.25,0.0,2,1.6791240423189764
5513,176.25,46.25,46.25,0.0,2,1.6781611140430521
5514,178.75,46.25,46.25,0.0,2,1.6796198025117497
5515,181.25,46.25,46.25,0.0,2,1.680482503014317
5516,183.75,46.25,46.25,0.0,2,1.68061113756477
5517,186.25,46.25,46.25,0.0,2,1.6825156186083223
5518,188.75,46.25,46.25,0.0,2,1.6806920305448763
5519,191.25,46.25,46.25,0.0,2,1.671060529898439
5520,193.75,46.25,46.25,0.0,2,1.658711756022389
5521,196.25,46.25,46.25,0.0,2,1.6557352933604084
5522,198.75,46.25,46.25,0.0,2,1.652990848532909
5523,201.25,46.25,46.25,0.0,2,1.6451895983610856
5524,203.75,46.25,46.25,0.0,2,1.631872694715071
5525,206.25,46.25,46.25,0.0,2,1.6218849650658145
5526,208.75,46.25,46.25,0.0,2,1.6038765669589332
5527,211.25,46.25,46.25,0.0,2,1.585013153534779
5528,213.75,46.25,46.25,0.0,2,1.552914374166724
5529,216.25,46.25,46.25,0.0,2,1.5314926936083186
5530,218.75,46.25,46.25,0.0,2,1.506779283446664
5531,221.25,46.25,46.25,0.0,2,1.4891204109700422
5532,223.75,46.25,46.25,0.0,2,1.4690706061618906
5533,226.25,46.25,46.25,0.0,2,1.4531238909937623
5534,228.75,46.25,46.25,0.0,2,1.4260718024706014
5535,231.25,46.25,46.25,0.0,2,1.3436001431417885
5536,233.75,46.25,46.25,0.0,2,1.1615529771553696
5537,236.25,46.25,46.25,0.0,2,1.1795940760417774
5538,296.25,46.25,46.25,0.0,1,2.345974804082573
5539,298.75,46.25,46.25,0.0,1,2.278230532087084
5540,301.25,46.25,46.25,0.0,1,2.0705004341873225
5541,303.75,46.25,46.25,0.0,1,1.9028330912769542
5542,306.25,46.25,46.25,0.0,1,1.9917189156826645
5543,308.75,46.25,46.25,0.0,1,1.722114855485028
5544,311.25,46.25,46.25,0.0,1,1.7097946730853821
5545,313.75,46.25,46.25,0.0,1,1.798119367308377
5546,316.25,46.25,46.25,0.0,1,1.6524449448071028
5547,318.75,46.25,46.25,0.0,1,1.187111778349448
5548,321.25,46.25,46.25,0.0,1,0.9162387781326433
5549,323.75,46.25,46.25,0.0,1,0.7551049183058918
5550,326.25,46.25,46.25,0.0,1,0.7797668302268566
5551,328.75,46.25,46.25,0.0,1,1.0030070080387163
5552,331.25,46.25,46.25,0.0,1,1.4070943613555162
5553,333.75,46.25,46.25,0.0,1,1.5476552990195889
5554,336.25,46.25,46.25,0.0,1,1.4991786384557941
5555,338.75,46.25,46.25,0.0,1,1.4314523753876118
5556,341.25,46.25,46.25,0.0,1,1.4244301676801114
5557,343.75,46.25,46.25,0.0,1,1.4529759802855586
5558,346.25,46.25,46.25,0.0,1,1.411782246304194
5559,348.75,46.25,46.25,0.0,1,1.3880721496006598
5560,351.25,46.25,46.25,0.0,1,1.465299063424601
5561,353.75,46.25,46.25,0.0,1,1.5736981512683115
5562,356.25,46.25,46.25,0.0,1,1.547667299257561
5563,358.75,46.25,46.25,0.0,1,1.6154522498324249
5564,141.25,48.75,48.75,0.0,2,2.008842096350254
5565,143.75,48.75,48.75,0.0,2,1.4893818225220818
5566,146.25,48.75,48.75,0.0,2,1.6262063502503232
5567,148.75,48.75,48.75,0.0,2,1.9133079079368567
5568,151.25,48.75,48.75,0.0,2,1.9393798373180997
5569,153.75,48.75,48.75,0.0,2,1.6800838064097579
5570,156.25,48.75,48.75,0.0,2,1.5776967111444673
5571,158.75,48.75,48.75,0.0,2,1.5034691795685955
5572,161.25,48.75,48.75,0.0,2,1.5522484926002698
5573,163.75,48.75,48.75,0.0,2,1.60013258194856
5574,166.25,48.75,48.75,0.0,2,1.603028655988331
5575,168.75,48.75,48.75,0.0,2,1.5899447094252703
5576,171.25,48.75,48.75,0.0,2,1.5668953463871405
5577,173.75,48.75,48.75,0.0,2,1.5487969850568157
5578,176.25,48.75,48.75,0.0,2,1.5353310752442841
5579,178.75,48.75,48.75,0.0,2,1.530545803706877
5580,181.25,48.75,48.75,0.0,2,1.5530731230846402
5581,183.75,48.75,48.75,0.0,2,1.5864216123796182
5582,186.25,48.75,48.75,0.0,2,1.595224537873086
5583,188.75,48.75,48.75,0.0,2,1.6016928700223583
5584,191.25,48.75,48.75,0.0,2,1.605880835602152
5585,193.75,48.75,48.75,0.0,2,1.6174476104596045
5586,196.25,48.75,48.75,0.0,2,1.6299616374178871
5587,198.75,48.75,48.75,0.0,2,1.644179238269409
5588,201.25,48.75,48.75,0.0,2,1.6533000430680949
5589,203.75,48.75,48.75,0.0,2,1.655831863201355
5590,206.25,48.75,48.75,0.0,2,1.6518246489448691
5591,208.75,48.75,48.75,0.0,2,1.6431455554790948
5592,211.25,48.75,48.75,0.0,2,1.6266063809261235
5593,213.75,48.75,48.75,0.0,2,1.5858763418779334
5594,216.25,48.75,48.75,0.0,2,1.5508572499614104
5595,218.75,48.75,48.75,0.0,2,1.512317896633884
5596,221.25,48.75,48.75,0.0,2,1.4847884860386205
5597,223.75,48.75,48.75,0.0,2,1.4606834985568737
5598,226.25,48.75,48.75,0.0,2,1.4388162164324916
5599,228.75,48.75,48.75,0.0,2,1.3535007301240514
5600,231.25,48.75,48.75,0.0,2,1.1818732828231369
5601,233.75,48.75,48.75,0.0,2,1.2303822690743642
5602,296.25,48.75,48.75,0.0,1,2.189515331770526
5603,298.75,48.75,48.75,0.0,1,2.0416946396005167
5604,301.25,48.75,48.75,0.0,1,2.154115531816854
5605,306.25,48.75,48.75,0.0,1,1.8073886991827777
5606,308.75,48.75,48.75,0.0,1,1.7719948189462753
5607,311.25,48.75,48.75,0.0,1,1.799495485835895
5608,313.75,48.75,48.75,0.0,1,1.8986979216318867
5609,316.25,48.75,48.75,0.0,1,2.0088747837210676
5610,318.75,48.75,48.75,0.0,1,2.400192835156764
5611,321.25,48.75,48.75,0.0,1,2.0118063450215007
5612,323.75,48.75,48.75,0.0,1,1.373352467692723
5613,326.25,48.75,48.75,0.0,1,1.2381252080611336
5614,328.75,48.75,48.75,0.0,1,0.4956300248461804
5615,331.25,48.75,48.75,0.0,1,0.9419083267625336
5616,333.75,48.75,48.75,0.0,1,1.4855755018757977
5617,336.25,48.75,48.75,0.0,1,1.5440487014734081
5618,338.75,48.75,48.75,0.0,1,1.4277865571240027
5619,341.25,48.75,48.75,0.0,1,1.3892101272502297
5620,343.75,48.75,48.75,0.0,1,1.3988065807420866
5621,346.25,48.75,48.75,0.0,1,1.3567973789383283
5622,348.75,48.75,48.75,0.0,1,1.379726989853121
5623,351.25,48.75,48.75,0.0,1,1.3940241385378869
5624,353.75,48.75,48.75,0.0,1,1.4133614006563155
5625,356.25,48.75,48.75,0.0,1,1.9673728821151812
5626,358.75,48.75,48.75,0.0,1,2.192182648577621
5627,1.25,51.25,51.25,0.0,1,2.261325222000667
5628,3.75,51.25,51.25,0.0,1,2.226707618556652
5629,141.25,51.25,51.25,0.0,2,1.6514248273572663
5630,143.75,51.25,51.25,0.0,2,1.4776807700162924
5631,146.25,51.25,51.25,0.0,2,1.6843599467231183
5632,148.75,51.25,51.25,0.0,2,2.016125542688562
5633,151.25,51.25,51.25,0.0,2,1.8741527150915744
5634,153.75,51.25,51.25,0.0,2,1.7548880933120643
5635,156.25,51.25,51.25,0.0,2,1.5779526412016198
5636,158.75,51.25,51.25,0.0,2,1.5108333538635983
5637,161.25,51.25,51.25,0.0,2,1.4140079439406823
5638,163.75,51.25,51.25,0.0,2,1.482212583073885
5639,166.25,51.25,51.25,0.0,2,1.5116754652961466
5640,168.75,51.25,51.25,0.0,2,1.494179190034296
5641,171.25,51.25,51.25,0.0,2,1.4777305482803849
5642,173.75,51.25,51.25,0.0,2,1.4701445695694666
5643,176.25,51.25,51.25,0.0,2,1.4571587689146162
5644,178.75,51.25,51.25,0.0,2,1.4502291808961516
5645,181.25,51.25,51.25,0.0,2,1.5044853707600543
5646,183.75,51.25,51.25,0.0,2,1.561279220441923
5647,186.25,51.25,51.25,0.0,2,1.5292794834887777
5648,188.75,51.25,51.25,0.0,2,1.5252049259871812
5649,191.25,51.25,51.25,0.0,2,1.5232449075542642
5650,193.75,51.25,51.25,0.0,2,1.5350230563435978
5651,196.25,51.25,51.25,0.0,2,1.5518775433128353
5652,198.75,51.25,51.25,0.0,2,1.567505380393043
5653,201.25,51.25,51.25,0.0,2,1.581776883672794
5654,203.75,51.25,51.25,0.0,2,1.5908796077642593
5655,206.25,51.25,51.25,0.0,2,1.6064060408007919
5656,208.75,51.25,51.25,0.0,2,1.616979101289573
5657,211.25,51.25,51.25,0.0,2,1.609459176577818
5658,213.75,51.25,51.25,0.0,2,1.5808190596432556
5659,216.25,51.25,51.25,0.0,2,1.5412522956813426
5660,218.75,51.25,51.25,0.0,2,1.5015757180919915
5661,221.25,51.25,51.25,0.0,2,1.4601017669893588
5662,223.75,51.25,51.25,0.0,2,1.4485841644517101
5663,226.25,51.25,51.25,0.0,2,1.4136054524285828
5664,228.75,51.25,51.25,0.0,2,1.3107008324852534
5665,231.25,51.25,51.25,0.0,2,1.1628254810914476
5666,301.25,51.25,51.25,0.0,1,2.241349817278917
5667,303.75,51.25,51.25,0.0,1,1.78997347302268
5668,306.25,51.25,51.25,0.0,1,1.7148768605673064
5669,308.75,51.25,51.25,0.0,1,1.9222196526501973
5670,311.25,51.25,51.25,0.0,1,2.133880828816934
5671,313.75,51.25,51.25,0.0,1,2.1172449619671316
5672,316.25,51.25,51.25,0.0,1,1.8263047770409666
5673,318.75,51.25,51.25,0.0,1,1.428569193133403
5674,321.25,51.25,51.25,0.0,1,1.2295978621387464
5675,323.75,51.25,51.25,0.0,1,1.0609310801596248
5676,326.25,51.25,51.25,0.0,1,0.7258038034008301
5677,328.75,51.25,51.25,0.0,1,0.11585182031053914
5678,331.25,51.25,51.25,0.0,1,0.28890603753220057
5679,333.75,51.25,51.25,0.0,1,0.9020507276659018
5680,336.25,51.25,51.25,0.0,1,1.481110374890779
5681,338.75,51.25,51.25,0.0,1,1.5464848125304815
5682,341.25,51.25,51.25,0.0,1,1.3976768635733676
5683,343.75,51.25,51.25,0.0,1,1.3016898358231805
5684,346.25,51.25,51.25,0.0,1,1.3335787191631996
5685,348.75,51.25,51.25,0.0,1,1.373947303912923
5686,351.25,51.25,51.25,0.0,1,1.4100104051780837
5687,353.75,51.25,51.25,0.0,1,1.6722643102931438
5688,356.25,51.25,51.25,0.0,0,1.9942034405555085
5689,358.75,51.25,51.25,0.0,0,2.16251194590487
5690,1.25,53.75,53.75,0.0,1,2.0795452798033693
5691,3.75,53.75,53.75,0.0,1,2.0633212121172306
5692,6.25,53.75,53.75,0.0,1,2.1011985167904492
5693,8.75,53.75,53.75,0.0,1,2.157051861736964
5694,13.75,53.75,53.75,0.0,1,2.4208821936760136
5695,138.75,53.75,53.75,0.0,0,0.8033487380116549
5696,141.25,53.75,53.75,0.0,2,1.0790581512551292
5697,143.75,53.75,53.75,0.0,2,1.0358706505891024
5698,146.25,53.75,53.75,0.0,2,1.6301018053555436
5699,148.75,53.75,53.75,0.0,2,1.9763074121006867
5700,151.25,53.75,53.75,0.0,2,1.9532208063852912
5701,153.75,53.75,53.75,0.0,2,1.868121540970506
5702,156.25,53.75,53.75,0.0,2,1.833565710032441
5703,161.25,53.75,53.75,0.0,2,1.458144181350602
5704,163.75,53.75,53.75,0.0,2,1.3649543821422925
5705,166.25,53.75,53.75,0.0,2,1.2835564994493662
5706,168.75,53.75,53.75,0.0,2,1.3382103493438955
5707,171.25,53.75,53.75,0.0,2,1.3720223445061963
5708,173.75,53.75,53.75,0.0,2,1.4152355582931637
5709,176.25,53.75,53.75,0.0,2,1.4473272932986743
5710,178.75,53.75,53.75,0.0,2,1.4763461241275733
5711,181.25,53.75,53.75,0.0,2,1.473912327437471
5712,183.75,53.75,53.75,0.0,2,1.5083985606230215
5713,186.25,53.75,53.75,0.0,2,1.55145193534205
5714,188.75,53.75,53.75,0.0,2,1.5043167531115313
5715,191.25,53.75,53.75,0.0,2,1.5765258837046856
5716,193.75,53.75,53.75,0.0,2,1.5374142570802656
5717,196.25,53.75,53.75,0.0,2,1.4329548364427396
5718,198.75,53.75,53.75,0.0,2,1.4524562220813229
5719,201.25,53.75,53.75,0.0,2,1.450770518279592
5720,203.75,53.75,53.75,0.0,2,1.4302828882747218
5721,206.25,53.75,53.75,0.0,2,1.4385148252091227
5722,208.75,53.75,53.75,0.0,2,1.4918582160965166
5723,211.25,53.75,53.75,0.0,2,1.5390885824913072
5724,213.75,53.75,53.75,0.0,2,1.5491537976613652
5725,216.25,53.75,53.75,0.0,2,1.5327533272220804
5726,218.75,53.75,53.75,0.0,2,1.4850464693810626
5727,221.25,53.75,53.75,0.0,2,1.4477779930620802
5728,223.75,53.75,53.75,0.0,2,1.3781836790886333
5729,226.25,53.75,53.75,0.0,2,1.2399542147127303
5730,228.75,53.75,53.75,0.0,2,1.3966183994766839
5731,278.75,53.75,53.75,0.0,2,1.238402834479072
5732,281.25,53.75,53.75,0.0,1,1.2734517931915816
5733,303.75,53.75,53.75,0.0,1,1.4136102232995402
5734,306.25,53.75,53.75,0.0,1,1.500454759455537
5735,308.75,53.75,53.75,0.0,1,1.9985588451937049
5736,311.25,53.75,53.75,0.0,1,2.230748202301004
5737,313.75,53.75,53.75,0.0,1,2.0978306705964798
5738,316.25,53.75,53.75,0.0,1,1.58857763104977
5739,318.75,53.75,53.75,0.0,1,0.6081884110845875
5740,321.25,53.75,53.75,0.0,1,-0.03716890771189276
5741,323.75,53.75,53.75,0.0,1,-0.5864327764907459
5742,326.25,53.75,53.75,0.0,1,-0.7875888682332953
5743,328.75,53.75,53.75,0.0,1,-0.289318796450439
5744,331.25,53.75,53.75,0.0,1,0.04939897124088688
5745,333.75,53.75,53.75,0.0,1,0.327639046809216
5746,336.25,53.75,53.75,0.0,1,0.9268830498821428
5747,338.75,53.75,53.75,0.0,1,1.5644160844804647
5748,341.25,53.75,53.75,0.0,1,1.507858756559926
5749,343.75,53.75,53.75,0.0,1,1.29485845854243
5750,346.25,53.75,53.75,0.0,1,1.2421608808047744
5751,348.75,53.75,53.75,0.0,1,1.2846981546971166
5752,353.75,53.75,53.75,0.0,1,2.0868758895357518
5753,356.25,53.75,53.75,0.0,1,2.1085624131470277
5754,1.25,56.25,56.25,0.0,1,1.7161056056487305
5755,3.75,56.25,56.25,0.0,1,1.9125283564710436
5756,6.25,56.25,56.25,0.0,1,1.9319202610498454
5757,8.75,56.25,56.25,0.0,1,2.046660700782678
5758,11.25,56.25,56.25,0.0,1,2.2553835046979196
5759,13.75,56.25,56.25,0.0,0,2.4096533148719255
5760,16.25,56.25,56.25,0.0,1,2.373914444935921
5761,18.75,56.25,56.25,0.0,1,2.367626988880986
5762,21.25,56.25,56.25,0.0,1,2.3740183430693476
5763,138.75,56.25,56.25,0.0,2,0.843264879345797
5764,141.25,56.25,56.25,0.0,2,0.7145441432746139
5765,143.75,56.25,56.25,0.0,2,0.7980474027178177
5766,146.25,56.25,56.25,0.0,2,1.133626506381754
5767,148.75,56.25,56.25,0.0,2,1.2691757959145649
5768,151.25,56.25,56.25,0.0,2,1.489839365476734
5769,153.75,56.25,56.25,0.0,2,1.6607497827549635
5770,156.25,56.25,56.25,0.0,2,1.5381000762292316
5771,163.75,56.25,56.25,0.0,2,1.5810216020136312
5772,166.25,56.25,56.25,0.0,2,1.3939028180995583
5773,168.75,56.25,56.25,0.0,2,1.4179211886131513
5774,171.25,56.25,56.25,0.0,2,1.3992527029244999
5775,173.75,56.25,56.25,0.0,2,1.3889890596792092
5776,176.25,56.25,56.25,0.0,2,1.4251153767192553
5777,178.75,56.25,56.25,0.0,2,1.4671985409505222
5778,181.25,56.25,56.25,0.0,2,1.5085751773848153
5779,183.75,56.25,56.25,0.0,2,1.572578695656122
5780,186.25,56.25,56.25,0.0,2,1.6016988545767787
5781,188.75,56.25,56.25,0.0,2,1.6388470687644225
5782,191.25,56.25,56.25,0.0,2,1.6919741215779185
5783,193.75,56.25,56.25,0.0,2,1.8115616696273127
5784,196.25,56.25,56.25,0.0,2,1.9848531290298004
5785,198.75,56.25,56.25,0.0,2,2.1191730351566833
5786,201.25,56.25,56.25,0.0,2,1.782116436631757
5787,203.75,56.25,56.25,0.0,2,1.6078017949109895
5788,206.25,56.25,56.25,0.0,2,1.4187887504951695
5789,208.75,56.25,56.25,0.0,2,1.3251383994586672
5790,211.25,56.25,56.25,0.0,2,1.3748838407670476
5791,213.75,56.25,56.25,0.0,2,1.4838429979367647
5792,216.25,56.25,56.25,0.0,2,1.4953544939074308
5793,218.75,56.25,56.25,0.0,2,1.4447876051099682
5794,221.25,56.25,56.25,0.0,2,1.395650266382955
5795,223.75,56.25,56.25,0.0,2,1.3287282045381257
5796,226.25,56.25,56.25,0.0,2,1.2335142760922317
5797,271.25,56.25,56.25,0.0,2,0.7042532011158802
5798,273.75,56.25,56.25,0.0,2,0.6666135057166384
5799,276.25,56.25,56.25,0.0,2,0.6599149890315515
5800,278.75,56.25,56.25,0.0,2,0.6867844244497698
5801,281.25,56.25,56.25,0.0,1,0.7815447034034197
5802,298.75,56.25,56.25,0.0,1,1.0475497354481456
5803,301.25,56.25,56.25,0.0,1,1.144677447574922
5804,303.75,56.25,56.25,0.0,1,1.5142432616631984
5805,306.25,56.25,56.25,0.0,1,1.841148756928858
5806,308.75,56.25,56.25,0.0,1,2.077083873123343
5807,311.25,56.25,56.25,0.0,1,2.2161719102707007
5808,313.75,56.25,56.25,0.0,1,2.1757858769342837
5809,316.25,56.25,56.25,0.0,1,2.0149398545202617
5810,318.75,56.25,56.25,0.0,1,1.365120547428393
5811,321.25,56.25,56.25,0.0,1,0.04520599526447168
5812,323.75,56.25,56.25,0.0,1,-1.2828213519281173
5813,326.25,56.25,56.25,0.0,1,-1.097347982987733
5814,328.75,56.25,56.25,0.0,1,-0.46758475398971994
5815,331.25,56.25,56.25,0.0,1,-0.1657670678254401
5816,333.75,56.25,56.25,0.0,1,0.7935549762401704
5817,336.25,56.25,56.25,0.0,1,1.3220566961776847
5818,338.75,56.25,56.25,0.0,1,1.4904119912101201
5819,341.25,56.25,56.25,0.0,1,1.3911534987785488
5820,343.75,56.25,56.25,0.0,1,1.3271528512086435
5821,346.25,56.25,56.25,0.0,1,1.2819061774216767
5822,348.75,56.25,56.25,0.0,1,1.2530391642168772
5823,351.25,56.25,56.25,0.0,1,1.2637018280758359
5824,353.75,56.25,56.25,0.0,1,1.3440981846225992
5825,358.75,56.25,56.25,0.0,1,1.6089293346229603
5826,1.25,58.75,58.75,0.0,1,1.443498191892327
5827,3.75,58.75,58.75,0.0,1,1.7099913135076303
5828,6.25,58.75,58.75,0.0,1,1.8095786434290022
5829,8.75,58.75,58.75,0.0,0,2.249326420290904
5830,11.25,58.75,58.75,0.0,1,2.2778561864319378
5831,18.75,58.75,58.75,0.0,1,2.2632924476489507
5832,21.25,58.75,58.75,0.0,1,2.251552943165895
5833,141.25,58.75,58.75,0.0,2,0.7340052974099149
5834,143.75,58.75,58.75,0.0,2,1.011767306548957
5835,146.25,58.75,58.75,0.0,2,0.911806433542327
5836,148.75,58.75,58.75,0.0,2,0.796193032410798
5837,151.25,58.75,58.75,0.0,2,0.8646805093871488
5838,153.75,58.75,58.75,0.0,2,0.7824848540399566
5839,156.25,58.75,58.75,0.0,2,0.5772327080802184
5840,158.75,58.75,58.75,0.0,2,0.5652257559220444
5841,163.75,58.75,58.75,0.0,2,1.5406590449300588
5842,166.25,58.75,58.75,0.0,2,1.4869316182078245
5843,168.75,58.75,58.75,0.0,2,1.5088878109510713
5844,171.25,58.75,58.75,0.0,2,1.5600058525893794
5845,173.75,58.75,58.75,0.0,2,1.5913438759863905
5846,176.25,58.75,58.75,0.0,2,1.5942450077002301
5847,178.75,58.75,58.75,0.0,2,1.6500001325027542
5848,181.25,58.75,58.75,0.0,2,1.7655742323906516
5849,183.75,58.75,58.75,0.0,2,1.9161754266169513
5850,186.25,58.75,58.75,0.0,2,1.9620970335083032
5851,188.75,58.75,58.75,0.0,2,1.9535072641056592
5852,191.25,58.75,58.75,0.0,2,1.925951590251164
5853,193.75,58.75,58.75,0.0,2,1.8906686538689235
5854,196.25,58.75,58.75,0.0,2,1.8956728075021148
5855,198.75,58.75,58.75,0.0,2,2.0210832705925545
5856,201.25,58.75,58.75,0.0,0,2.024896895383337
5857,208.75,58.75,58.75,0.0,2,1.573636837118016
5858,211.25,58.75,58.75,0.0,2,1.3810454868665896
5859,213.75,58.75,58.75,0.0,2,1.362422393619177
5860,216.25,58.75,58.75,0.0,2,1.3852095468238532
5861,218.75,58.75,58.75,0.0,2,1.3823184021304418
5862,221.25,58.75,58.75,0.0,2,1.347796859583441
5863,266.25,58.75,58.75,0.0,2,0.6372397483540732
5864,268.75,58.75,58.75,0.0,2,0.5549608242739497
5865,271.25,58.75,58.75,0.0,2,0.5369575501343755
5866,273.75,58.75,58.75,0.0,2,0.4917113032987156
5867,276.25,58.75,58.75,0.0,2,0.5393190577300028
5868,278.75,58.75,58.75,0.0,2,0.6354232207139003
5869,281.25,58.75,58.75,0.0,1,0.6017971336572238
5870,291.25,58.75,58.75,0.0,1,0.6481831640414376
5871,293.75,58.75,58.75,0.0,1,0.6713623584815165
5872,298.75,58.75,58.75,0.0,1,0.8946807783465008
5873,301.25,58.75,58.75,0.0,1,1.467762549424026
5874,303.75,58.75,58.75,0.0,1,1.7699224310069313
5875,306.25,58.75,58.75,0.0,1,1.7327957225002693
5876,308.75,58.75,58.75,0.0,1,1.6292776326534055
5877,311.25,58.75,58.75,0.0,1,1.6083382446887122
5878,313.75,58.75,58.75,0.0,1,1.692005665969317
5879,316.25,58.75,58.75,0.0,1,1.7885644585588873
5880,318.75,58.75,58.75,0.0,1,2.010468107928612
5881,321.25,58.75,58.75,0.0,1,1.8660301780478734
5882,323.75,58.75,58.75,0.0,1,0.38242415315823625
5883,326.25,58.75,58.75,0.0,1,0.7866822167325735
5884,328.75,58.75,58.75,0.0,1,1.7686914343286004
5885,331.25,58.75,58.75,0.0,1,1.767686534664289
5886,333.75,58.75,58.75,0.0,1,1.8617290877593409
5887,336.25,58.75,58.75,0.0,1,1.6633429309471184
5888,338.75,58.75,58.75,0.0,1,1.313491322753956
5889,341.25,58.75,58.75,0.0,1,1.263651310353147
5890,343.75,58.75,58.75,0.0,1,1.2989877942710577
5891,346.25,58.75,58.75,0.0,1,1.2742100791179265
5892,348.75,58.75,58.75,0.0,1,1.1673228590042433
5893,351.25,58.75,58.75,0.0,1,1.1842735136688245
5894,353.75,58.75,58.75,0.0,1,1.203108421222385
5895,356.25,58.75,58.75,0.0,1,1.1727128985339266
5896,358.75,58.75,58.75,0.0,1,1.2714633814334282
5897,1.25,61.25,61.25,0.0,1,1.243314438070859
5898,3.75,61.25,61.25,0.0,1,1.5625135792301175
5899,18.75,61.25,61.25,0.0,1,2.2147560599992535
5900,21.25,61.25,61.25,0.0,1,2.2027843505912603
5901,156.25,61.25,61.25,0.0,2,0.799655019159649
5902,158.75,61.25,61.25,0.0,2,0.5228957205025233
5903,173.75,61.25,61.25,0.0,2,2.044011163985917
5904,176.25,61.25,61.25,0.0,2,1.9467442638124575
5905,178.75,61.25,61.25,0.0,2,1.8575973044994871
5906,181.25,61.25,61.25,0.0,2,1.8528497201916512
5907,183.75,61.25,61.25,0.0,2,1.7930309953376296
5908,186.25,61.25,61.25,0.0,2,1.5498009710172702
5909,188.75,61.25,61.25,0.0,2,1.4759216721747401
5910,191.25,61.25,61.25,0.0,2,1.5833171672110455
5911,193.75,61.25,61.25,0.0,2,1.4748334333883475
5912,266.25,61.25,61.25,0.0,2,0.5097655764394866
5913,268.75,61.25,61.25,0.0,2,0.48794208012706214
5914,271.25,61.25,61.25,0.0,2,0.48344296562489636
5915,273.75,61.25,61.25,0.0,2,0.5063318113560694
5916,276.25,61.25,61.25,0.0,2,0.5016588235991033
5917,278.75,61.25,61.25,0.0,2,0.4436823131460166
5918,281.25,61.25,61.25,0.0,1,0.46841955717734984
5919,288.75,61.25,61.25,0.0,1,0.5994179014060812
5920,291.25,61.25,61.25,0.0,1,0.6205830521250599
5921,293.75,61.25,61.25,0.0,1,0.6409693760637994
5922,296.25,61.25,61.25,0.0,1,0.7311114838288719
5923,298.75,61.25,61.25,0.0,1,1.2955598121123202
5924,301.25,61.25,61.25,0.0,1,1.5997716725723863
5925,303.75,61.25,61.25,0.0,1,1.69523615862021
5926,306.25,61.25,61.25,0.0,1,1.6399932812895495
5927,308.75,61.25,61.25,0.0,1,1.418100210377722
5928,311.25,61.25,61.25,0.0,0,1.3432271596844867
5929,313.75,61.25,61.25,0.0,0,1.092848779582784
5930,318.75,61.25,61.25,0.0,1,1.500295185026068
5931,321.25,61.25,61.25,0.0,1,1.4383662719951082
5932,323.75,61.25,61.25,0.0,1,1.4161649070194053
5933,326.25,61.25,61.25,0.0,1,1.3182959329135178
5934,328.75,61.25,61.25,0.0,1,1.4350655225666795
5935,331.25,61.25,61.25,0.0,1,1.530157781675575
5936,333.75,61.25,61.25,0.0,1,1.3455860128952244
5937,336.25,61.25,61.25,0.0,1,1.0482272576679963
5938,338.75,61.25,61.25,0.0,1,1.009840525820625
5939,341.25,61.25,61.25,0.0,1,1.1035921484608906
5940,343.75,61.25,61.25,0.0,1,1.165658817975655
5941,346.25,61.25,61.25,0.0,1,1.1064146681748095
5942,348.75,61.25,61.25,0.0,1,1.0872159025061952
5943,351.25,61.25,61.25,0.0,1,0.9832497575515732
5944,353.75,61.25,61.25,0.0,1,0.9335530150722038
5945,356.25,61.25,61.25,0.0,1,1.0958175004294652
5946,358.75,61.25,61.25,0.0,1,1.145567217715721
5947,1.25,63.75,63.75,0.0,1,0.8807064862089322
5948,3.75,63.75,63.75,0.0,1,1.1991050529488385
5949,6.25,63.75,63.75,0.0,1,1.3736269487586208
5950,8.75,63.75,63.75,0.0,1,1.403718173719164
5951,18.75,63.75,63.75,0.0,0,2.303992620946746
5952,21.25,63.75,63.75,0.0,1,2.1248008180595614
5953,178.75,63.75,63.75,0.0,2,1.1938722894155158
5954,181.25,63.75,63.75,0.0,2,1.2594737826584377
5955,183.75,63.75,63.75,0.0,2,1.3555154526712152
5956,186.25,63.75,63.75,0.0,2,1.2332575917062882
5957,188.75,63.75,63.75,0.0,2,1.226274170360117
5958,191.25,63.75,63.75,0.0,2,1.3221055246714963
5959,193.75,63.75,63.75,0.0,2,1.1959985311201629
5960,196.25,63.75,63.75,0.0,0,0.9441192181098036
5961,198.75,63.75,63.75,0.0,0,0.8793339477026356
5962,268.75,63.75,63.75,0.0,0,0.3965305623634863
5963,271.25,63.75,63.75,0.0,2,0.44452392355641646
5964,273.75,63.75,63.75,0.0,2,0.4428403963580582
5965,276.25,63.75,63.75,0.0,2,0.474161551612763
5966,278.75,63.75,63.75,0.0,2,0.4092927324716151
5967,281.25,63.75,63.75,0.0,1,0.3903394569705042
5968,283.75,63.75,63.75,0.0,1,0.3807558887062173
5969,286.25,63.75,63.75,0.0,1,0.3880727170371631
5970,288.75,63.75,63.75,0.0,0,0.37635490157460755
5971,296.25,63.75,63.75,0.0,1,0.6962889475935031
5972,298.75,63.75,63.75,0.0,1,1.033774021016337
5973,301.25,63.75,63.75,0.0,1,1.3899930882805753
5974,303.75,63.75,63.75,0.0,1,1.4618145502638362
5975,306.25,63.75,63.75,0.0,1,1.3521310920234348
5976,308.75,63.75,63.75,0.0,1,1.1780115458890859
5977,318.75,63.75,63.75,0.0,0,0.6882481525851367
5978,321.25,63.75,63.75,0.0,1,1.0607734312335668
5979,323.75,63.75,63.75,0.0,1,1.2378698491323352
5980,326.25,63.75,63.75,0.0,1,1.115593256728394
5981,328.75,63.75,63.75,0.0,1,1.1454429178426837
5982,331.25,63.75,63.75,0.0,1,1.2210567050361365
5983,333.75,63.75,63.75,0.0,1,1.224447879785979
5984,336.25,63.75,63.75,0.0,1,0.9340078070745869
5985,338.75,63.75,63.75,0.0,0,1.0075851268119889
5986,341.25,63.75,63.75,0.0,0,0.9332774913755694
5987,343.75,63.75,63.75,0.0,1,0.8374243517474054
5988,346.25,63.75,63.75,0.0,1,0.6223080583440515
5989,348.75,63.75,63.75,0.0,1,0.6484497177091232
5990,351.25,63.75,63.75,0.0,1,0.8283530053289552
5991,353.75,63.75,63.75,0.0,1,0.9817775382032594
5992,356.25,63.75,63.75,0.0,1,1.0265862261308842
5993,358.75,63.75,63.75,0.0,1,0.9223252833611452
5994,1.25,66.25,66.25,0.0,5,0.23561141317484544
5995,3.75,66.25,66.25,0.0,5,0.6257214380824538
5996,6.25,66.25,66.25,0.0,5,0.9283847218160183
5997,8.75,66.25,66.25,0.0,5,1.1864467587206993
5998,11.25,66.25,66.25,0.0,5,1.3088013282521616
5999,43.75,66.25,66.25,0.0,5,1.1582781651305032
6000,181.25,66.25,66.25,0.0,0,1.0206308299815747
6001,188.75,66.25,66.25,0.0,5,1.1378151614327168
6002,191.25,66.25,66.25,0.0,5,1.1597031468622838
6003,193.75,66.25,66.25,0.0,5,1.1701274580189536
6004,196.25,66.25,66.25,0.0,5,1.0667925351924046
6005,278.75,66.25,66.25,0.0,5,0.5781543962896865
6006,281.25,66.25,66.25,0.0,5,0.5486655684763045
6007,283.75,66.25,66.25,0.0,5,0.5912551540547211
6008,286.25,66.25,66.25,0.0,0,0.6600634517727706
6009,293.75,66.25,66.25,0.0,0,0.4131607672512624
6010,298.75,66.25,66.25,0.0,5,0.6714487697899995
6011,301.25,66.25,66.25,0.0,5,0.8701052435740635
6012,303.75,66.25,66.25,0.0,5,0.9660947270161405
6013,306.25,66.25,66.25,0.0,5,0.8134092269158002
6014,323.75,66.25,66.25,0.0,0,0.43380036680393846
6015,326.25,66.25,66.25,0.0,5,0.5897603560287726
6016,328.75,66.25,66.25,0.0,5,0.9219259906950157
6017,331.25,66.25,66.25,0.0,5,1.056915649647103
6018,333.75,66.25,66.25,0.0,5,0.853829461214276
6019,336.25,66.25,66.25,0.0,5,0.783344186061786
6020,338.75,66.25,66.25,0.0,5,0.990217473011856
6021,341.25,66.25,66.25,0.0,5,1.1802239359218398
6022,343.75,66.25,66.25,0.0,5,0.9586797546851442
6023,346.25,66.25,66.25,0.0,5,0.3970932825573409
6024,348.75,66.25,66.25,0.0,5,0.3522486893452985
6025,351.25,66.25,66.25,0.0,5,0.7417604235753039
6026,353.75,66.25,66.25,0.0,5,0.748985094115378
6027,356.25,66.25,66.25,0.0,5,0.540560004156339
6028,358.75,66.25,66.25,0.0,5,0.253215446617803
6029,1.25,68.75,68.75,0.0,5,-0.04154297782628386
6030,3.75,68.75,68.75,0.0,5,0.3451668098345101
6031,6.25,68.75,68.75,0.0,5,0.6738951266521623
6032,8.75,68.75,68.75,0.0,5,0.9044220544560915
6033,11.25,68.75,68.75,0.0,5,1.061434673630093
6034,13.75,68.75,68.75,0.0,5,1.1630694515729687
6035,16.25,68.75,68.75,0.0,5,1.1619132385932367
6036,36.25,68.75,68.75,0.0,5,1.719991253949793
6037,38.75,68.75,68.75,0.0,5,1.6850006805119533
6038,41.25,68.75,68.75,0.0,5,1.5606642415019976
6039,43.75,68.75,68.75,0.0,5,1.3443755424201225
6040,46.25,68.75,68.75,0.0,5,1.3146451526262886
6041,48.75,68.75,68.75,0.0,5,1.241362427656849
6042,51.25,68.75,68.75,0.0,5,1.3750044224630988
6043,53.75,68.75,68.75,0.0,5,1.4830936381830329
6044,56.25,68.75,68.75,0.0,5,1.4293722817952093
6045,58.75,68.75,68.75,0.0,5,1.36179567745901
6046,61.25,68.75,68.75,0.0,0,1.2892891031454843
6047,66.25,68.75,68.75,0.0,0,1.1419181166422228
6048,68.75,68.75,68.75,0.0,0,1.1191386853968153
6049,181.25,68.75,68.75,0.0,5,1.1440188063758165
6050,183.75,68.75,68.75,0.0,5,0.982454320949101
6051,186.25,68.75,68.75,0.0,5,0.9959466800962169
6052,188.75,68.75,68.75,0.0,5,1.0349494718595915
6053,191.25,68.75,68.75,0.0,5,1.0762310571351361
6054,193.75,68.75,68.75,0.0,5,1.0542219313234567
6055,196.25,68.75,68.75,0.0,5,0.9199992753800671
6056,223.75,68.75,68.75,0.0,5,0.9381916839906146
6057,278.75,68.75,68.75,0.0,5,0.6591302748199557
6058,281.25,68.75,68.75,0.0,5,0.6873259686714498
6059,283.75,68.75,68.75,0.0,5,0.6897170402804236
6060,291.25,68.75,68.75,0.0,0,0.4173104845223759
6061,293.75,68.75,68.75,0.0,5,0.42237381458613077
6062,296.25,68.75,68.75,0.0,5,0.442797504106078
6063,298.75,68.75,68.75,0.0,5,0.48851994437406615
6064,301.25,68.75,68.75,0.0,5,0.5482873239398057
6065,303.75,68.75,68.75,0.0,5,0.6130690144621054
6066,306.25,68.75,68.75,0.0,5,0.5453523868163401
6067,333.75,68.75,68.75,0.0,5,0.4560793517096051
6068,336.25,68.75,68.75,0.0,5,0.5681686185915107
6069,338.75,68.75,68.75,0.0,5,1.0126997812235379
6070,341.25,68.75,68.75,0.0,5,1.2991606916084677
6071,343.75,68.75,68.75,0.0,5,1.5549916282296592
6072,346.25,68.75,68.75,0.0,5,1.4030192634540506
6073,348.75,68.75,68.75,0.0,5,0.953615800431806
6074,351.25,68.75,68.75,0.0,5,0.4248487659525767
6075,353.75,68.75,68.75,0.0,5,0.20445629177483302
6076,356.25,68.75,68.75,0.0,5,-0.018645066478167598
6077,358.75,68.75,68.75,0.0,5,-0.226694955566778
6078,1.25,71.25,71.25,0.0,5,0.41436518166865166
6079,3.75,71.25,71.25,0.0,5,0.4816388425646594
6080,6.25,71.25,71.25,0.0,5,0.5688962204877355
6081,8.75,71.25,71.25,0.0,5,0.6706477048620059
6082,11.25,71.25,71.25,0.0,5,0.776272787248684
6083,13.75,71.25,71.25,0.0,5,0.8969703990519508
6084,16.25,71.25,71.25,0.0,5,1.0281152778156706
6085,18.75,71.25,71.25,0.0,5,1.0803628700964232
6086,21.25,71.25,71.25,0.0,5,1.1306236341180929
6087,23.75,71.25,71.25,0.0,5,1.2254954944019567
6088,26.25,71.25,71.25,0.0,5,1.2456870760366574
6089,28.75,71.25,71.25,0.0,5,1.2870692072242902
6090,31.25,71.25,71.25,0.0,5,1.3838314370681772
6091,33.75,71.25,71.25,0.0,5,1.447989163167471
6092,36.25,71.25,71.25,0.0,5,1.4409663125758962
6093,38.75,71.25,71.25,0.0,5,1.482704333916698
6094,41.25,71.25,71.25,0.0,5,1.5843025595096893
6095,43.75,71.25,71.25,0.0,5,1.6253839701006756
6096,46.25,71.25,71.25,0.0,5,1.5968882612963529
6097,48.75,71.25,71.25,0.0,5,1.5046094244164323
6098,51.25,71.25,71.25,0.0,5,1.3529139758755013
6099,53.75,71.25,71.25,0.0,0,1.2210015014831574
6100,56.25,71.25,71.25,0.0,5,1.4096155539846016
6101,58.75,71.25,71.25,0.0,5,1.536159751107771
6102,61.25,71.25,71.25,0.0,5,1.4099851919098274
6103,63.75,71.25,71.25,0.0,5,1.0763835950490124
6104,66.25,71.25,71.25,0.0,5,0.8266029209183008
6105,128.75,71.25,71.25,0.0,0,0.8601858994080861
6106,131.25,71.25,71.25,0.0,5,0.7715837935207926
6107,136.25,71.25,71.25,0.0,5,0.5449425256899995
6108,138.75,71.25,71.25,0.0,5,0.5624850376082415
6109,151.25,71.25,71.25,0.0,5,0.9888192944117196
6110,153.75,71.25,71.25,0.0,5,0.943073221952918
6111,156.25,71.25,71.25,0.0,5,0.8521743112370309
6112,158.75,71.25,71.25,0.0,5,0.7952664506654965
6113,161.25,71.25,71.25,0.0,5,0.6856230532000878
6114,163.75,71.25,71.25,0.0,5,0.6349538167185136
6115,166.25,71.25,71.25,0.0,5,0.6167722237178647
6116,168.75,71.25,71.25,0.0,5,0.6092396258591214
6117,171.25,71.25,71.25,0.0,5,0.6533726472306652
6118,173.75,71.25,71.25,0.0,5,0.7135117774608457
6119,176.25,71.25,71.25,0.0,5,0.7560118026386221
6120,178.75,71.25,71.25,0.0,5,0.7466199235843017
6121,181.25,71.25,71.25,0.0,0,0.7056690648325521
6122,183.75,71.25,71.25,0.0,5,0.7296249187981358
6123,186.25,71.25,71.25,0.0,5,0.7741914459080741
6124,188.75,71.25,71.25,0.0,5,0.8328188150495817
6125,191.25,71.25,71.25,0.0,5,0.8624601479914851
6126,193.75,71.25,71.25,0.0,5,0.8651727707165141
6127,196.25,71.25,71.25,0.0,5,0.8576121764579627
6128,198.75,71.25,71.25,0.0,5,0.8287743495223555
6129,201.25,71.25,71.25,0.0,5,0.8269859364370149
6130,203.75,71.25,71.25,0.0,5,0.8574211034412607
6131,206.25,71.25,71.25,0.0,5,0.9518647921031074
6132,208.75,71.25,71.25,0.0,5,0.9654300440890059
6133,211.25,71.25,71.25,0.0,5,1.006622335795748
6134,213.75,71.25,71.25,0.0,5,1.0714919734661288
6135,216.25,71.25,71.25,0.0,5,1.0300117403402347
6136,218.75,71.25,71.25,0.0,5,0.8906102560368037
6137,221.25,71.25,71.25,0.0,5,0.7232544807284582
6138,223.75,71.25,71.25,0.0,5,0.6404064019622274
6139,226.25,71.25,71.25,0.0,5,0.5975719951072287
6140,228.75,71.25,71.25,0.0,5,0.6204274576321541
6141,231.25,71.25,71.25,0.0,5,0.6241699524738112
6142,233.75,71.25,71.25,0.0,5,0.6175131841900966
6143,236.25,71.25,71.25,0.0,5,0.5796985314493606
6144,238.75,71.25,71.25,0.0,5,0.54633540023114
6145,241.25,71.25,71.25,0.0,5,0.573280736754013
6146,256.25,71.25,71.25,0.0,5,0.27731895057001443
6147,258.75,71.25,71.25,0.0,5,0.2956286515343979
6148,288.75,71.25,71.25,0.0,5,0.30565392554809173
6149,291.25,71.25,71.25,0.0,5,0.34050451170120233
6150,293.75,71.25,71.25,0.0,5,0.42203289156625173
6151,296.25,71.25,71.25,0.0,5,0.5590643593200147
6152,298.75,71.25,71.25,0.0,5,0.6668049806172829
6153,301.25,71.25,71.25,0.0,5,0.6775121963728569
6154,303.75,71.25,71.25,0.0,5,0.6088201046346544
6155,306.25,71.25,71.25,0.0,0,0.5265255351900039
6156,338.75,71.25,71.25,0.0,5,0.3160345848865755
6157,341.25,71.25,71.25,0.0,5,0.3496686061227556
6158,343.75,71.25,71.25,0.0,5,0.12179440563383716
6159,346.25,71.25,71.25,0.0,5,-0.369038716749518
6160,348.75,71.25,71.25,0.0,5,-0.4429143415309444
6161,351.25,71.25,71.25,0.0,5,-0.195611340564705
6162,353.75,71.25,71.25,0.0,5,0.018371930602090365
6163,356.25,71.25,71.25,0.0,5,0.24993232109916186
6164,358.75,71.25,71.25,0.0,5,0.33574653409612193
6165,1.25,73.75,73.75,0.0,5,0.1723942211061099
6166,3.75,73.75,73.75,0.0,5,0.3558551152805169
6167,6.25,73.75,73.75,0.0,5,0.44913791729136804
6168,8.75,73.75,73.75,0.0,5,0.529186307667242
6169,11.25,73.75,73.75,0.0,5,0.5897540256076969
6170,13.75,73.75,73.75,0.0,5,0.6582854786556341
6171,16.25,73.75,73.75,0.0,5,0.7037719695262776
6172,18.75,73.75,73.75,0.0,5,0.7487071181621803
6173,21.25,73.75,73.75,0.0,5,0.85575894926321
6174,23.75,73.75,73.75,0.0,5,0.928161692012324
6175,26.25,73.75,73.75,0.0,5,1.0309150780094136
6176,28.75,73.75,73.75,0.0,5,1.1347238218345113
6177,31.25,73.75,73.75,0.0,5,1.2016243500852999
6178,33.75,73.75,73.75,0.0,5,1.2622874600522171
6179,36.25,73.75,73.75,0.0,5,1.3010633192444607
6180,38.75,73.75,73.75,0.0,5,1.354198096252626
6181,41.25,73.75,73.75,0.0,5,1.425307271413319
6182,43.75,73.75,73.75,0.0,5,1.5119105456890676
6183,46.25,73.75,73.75,0.0,5,1.6001233791760647
6184,48.75,73.75,73.75,0.0,5,1.5683015859915987
6185,51.25,73.75,73.75,0.0,5,1.4143212882679683
6186,53.75,73.75,73.75,0.0,5,1.2347959500046406
6187,58.75,73.75,73.75,0.0,5,1.2483869198279551
6188,61.25,73.75,73.75,0.0,5,1.2385642268222228
6189,63.75,73.75,73.75,0.0,5,1.064768305232226
6190,66.25,73.75,73.75,0.0,5,0.7509929568611569
6191,68.75,73.75,73.75,0.0,5,0.5928564383737809
6192,71.25,73.75,73.75,0.0,5,0.584606332927896
6193,73.75,73.75,73.75,0.0,5,0.5735343679228551
6194,76.25,73.75,73.75,0.0,5,0.5797247220456223
6195,78.75,73.75,73.75,0.0,5,0.5752856515802872
6196,81.25,73.75,73.75,0.0,5,0.5801897456146556
6197,83.75,73.75,73.75,0.0,5,0.5759104790578216
6198,86.25,73.75,73.75,0.0,0,0.5577393340562434
6199,113.75,73.75,73.75,0.0,5,0.6685008467786613
6200,116.25,73.75,73.75,0.0,5,0.6654178138182395
6201,118.75,73.75,73.75,0.0,5,0.6182493512601078
6202,121.25,73.75,73.75,0.0,5,0.6222079402824692
6203,123.75,73.75,73.75,0.0,5,0.6792797232893781
6204,126.25,73.75,73.75,0.0,5,0.7090539725957492
6205,128.75,73.75,73.75,0.0,5,0.6335956677487224
6206,131.25,73.75,73.75,0.0,5,0.5822945591747584
6207,133.75,73.75,73.75,0.0,5,0.6006035032158761
6208,136.25,73.75,73.75,0.0,5,0.624337595420678
6209,138.75,73.75,73.75,0.0,5,0.6265460637777474
6210,141.25,73.75,73.75,0.0,5,0.5707150777819437
6211,143.75,73.75,73.75,0.0,5,0.5469545206720865
6212,146.25,73.75,73.75,0.0,5,0.5939841721285405
6213,148.75,73.75,73.75,0.0,5,0.615012083095615
6214,151.25,73.75,73.75,0.0,5,0.5703071401278961
6215,153.75,73.75,73.75,0.0,5,0.5078874174386773
6216,156.25,73.75,73.75,0.0,5,0.4663518985071227
6217,158.75,73.75,73.75,0.0,5,0.4382569360999082
6218,161.25,73.75,73.75,0.0,5,0.4122977010158969
6219,163.75,73.75,73.75,0.0,5,0.38718727052181723
6220,166.25,73.75,73.75,0.0,5,0.3889810127411054
6221,168.75,73.75,73.75,0.0,5,0.42845816621296695
6222,171.25,73.75,73.75,0.0,5,0.4509121018843968
6223,173.75,73.75,73.75,0.0,5,0.44525456807770003
6224,176.25,73.75,73.75,0.0,5,0.4279202919508538
6225,178.75,73.75,73.75,0.0,5,0.41829098352311866
6226,181.25,73.75,73.75,0.0,5,0.42541324109205914
6227,183.75,73.75,73.75,0.0,5,0.4127051385220819
6228,186.25,73.75,73.75,0.0,5,0.4222098899009248
6229,188.75,73.75,73.75,0.0,5,0.4638153404858268
6230,191.25,73.75,73.75,0.0,5,0.5512816626990927
6231,193.75,73.75,73.75,0.0,5,0.639895968264882
6232,196.25,73.75,73.75,0.0,5,0.7225846846022849
6233,198.75,73.75,73.75,0.0,5,0.7951813733739655
6234,201.25,73.75,73.75,0.0,5,0.7839761184561346
6235,203.75,73.75,73.75,0.0,5,0.6454161151782131
6236,206.25,73.75,73.75,0.0,5,0.47772168212768057
6237,208.75,73.75,73.75,0.0,5,0.31666030920375743
6238,211.25,73.75,73.75,0.0,5,0.2021935758670588
6239,213.75,73.75,73.75,0.0,5,0.13411054733841085
6240,216.25,73.75,73.75,0.0,5,0.09803415948139065
6241,218.75,73.75,73.75,0.0,5,0.08229628979811882
6242,221.25,73.75,73.75,0.0,5,0.075667945370571
6243,223.75,73.75,73.75,0.0,5,0.07241565317809917
6244,226.25,73.75,73.75,0.0,5,0.07900804420739309
6245,228.75,73.75,73.75,0.0,5,0.10627656966746397
6246,231.25,73.75,73.75,0.0,5,0.17459774748633985
6247,233.75,73.75,73.75,0.0,5,0.24382057825526154
6248,236.25,73.75,73.75,0.0,5,0.2583757839226185
6249,243.75,73.75,73.75,0.0,5,0.29233288204793384
6250,246.25,73.75,73.75,0.0,5,0.3020600194505535
6251,248.75,73.75,73.75,0.0,5,0.34350203995663975
6252,251.25,73.75,73.75,0.0,5,0.38266277917756114
6253,253.75,73.75,73.75,0.0,5,0.3748242057178072
6254,256.25,73.75,73.75,0.0,5,0.3935446271929346
6255,258.75,73.75,73.75,0.0,5,0.3294693212330664
6256,261.25,73.75,73.75,0.0,5,0.3037448729221522
6257,263.75,73.75,73.75,0.0,5,0.2885655388071654
6258,266.25,73.75,73.75,0.0,5,0.25323809386880775
6259,268.75,73.75,73.75,0.0,5,0.25227570756796164
6260,271.25,73.75,73.75,0.0,5,0.22909076685938687
6261,273.75,73.75,73.75,0.0,5,0.24456736699783327
6262,276.25,73.75,73.75,0.0,5,0.3286610939977309
6263,278.75,73.75,73.75,0.0,5,0.40087665202615924
6264,281.25,73.75,73.75,0.0,5,0.3906660570918414
6265,283.75,73.75,73.75,0.0,5,0.39143141413887167
6266,286.25,73.75,73.75,0.0,5,0.4125117317404104
6267,288.75,73.75,73.75,0.0,5,0.42311028683201196
6268,291.25,73.75,73.75,0.0,5,0.42793289632522363
6269,293.75,73.75,73.75,0.0,5,0.4445552903292745
6270,296.25,73.75,73.75,0.0,5,0.4772797580441119
6271,298.75,73.75,73.75,0.0,5,0.5630256591767301
6272,301.25,73.75,73.75,0.0,5,0.5826673083176331
6273,303.75,73.75,73.75,0.0,5,0.49318654005378504
6274,338.75,73.75,73.75,0.0,0,0.4839003207751946
6275,341.25,73.75,73.75,0.0,5,0.294404155684059
6276,343.75,73.75,73.75,0.0,5,0.16989482251222185
6277,346.25,73.75,73.75,0.0,5,-0.0784720075335111
6278,348.75,73.75,73.75,0.0,5,-0.4043828384800868
6279,351.25,73.75,73.75,0.0,5,-0.5516195908929494
6280,353.75,73.75,73.75,0.0,5,-0.4756790930832255
6281,356.25,73.75,73.75,0.0,5,-0.3230336148638452
6282,358.75,73.75,73.75,0.0,5,-0.0844895735876579
6283,1.25,76.25,76.25,0.0,5,-0.07283158079567688
6284,3.75,76.25,76.25,0.0,5,0.022599447052526884
6285,6.25,76.25,76.25,0.0,5,0.15697832850910673
6286,8.75,76.25,76.25,0.0,5,0.2637337727178041
6287,11.25,76.25,76.25,0.0,5,0.3872753565336874
6288,13.75,76.25,76.25,0.0,5,0.588789561242841
6289,16.25,76.25,76.25,0.0,5,0.7574741048233099
6290,18.75,76.25,76.25,0.0,5,0.9303748937395209
6291,21.25,76.25,76.25,0.0,5,1.0992324389271617
6292,23.75,76.25,76.25,0.0,5,1.154584158418209
6293,26.25,76.25,76.25,0.0,5,1.095169304204079
6294,28.75,76.25,76.25,0.0,5,1.0696739416476118
6295,31.25,76.25,76.25,0.0,5,1.1080095116050777
6296,33.75,76.25,76.25,0.0,5,1.199684400336204
6297,36.25,76.25,76.25,0.0,5,1.2774033286628728
6298,38.75,76.25,76.25,0.0,5,1.3286779559070587
6299,41.25,76.25,76.25,0.0,5,1.4024878146313895
6300,43.75,76.25,76.25,0.0,5,1.4475926304627065
6301,46.25,76.25,76.25,0.0,5,1.4782608257142458
6302,48.75,76.25,76.25,0.0,5,1.5613859972188677
6303,51.25,76.25,76.25,0.0,5,1.5552780872001757
6304,53.75,76.25,76.25,0.0,5,1.4480013310263875
6305,56.25,76.25,76.25,0.0,5,1.3759310689359576
6306,58.75,76.25,76.25,0.0,5,1.345502574078315
6307,61.25,76.25,76.25,0.0,5,1.2338617171511608
6308,63.75,76.25,76.25,0.0,5,1.1905314693649123
6309,66.25,76.25,76.25,0.0,5,0.944971590608701
6310,68.75,76.25,76.25,0.0,5,0.9073694962010165
6311,71.25,76.25,76.25,0.0,5,0.8324483184492562
6312,73.75,76.25,76.25,0.0,5,0.7570905815293023
6313,76.25,76.25,76.25,0.0,5,0.680437501172334
6314,78.75,76.25,76.25,0.0,5,0.6203359793918016
6315,81.25,76.25,76.25,0.0,5,0.5654327432172064
6316,83.75,76.25,76.25,0.0,5,0.5169451767006853
6317,86.25,76.25,76.25,0.0,5,0.4958977586884722
6318,88.75,76.25,76.25,0.0,5,0.4924709757730693
6319,91.25,76.25,76.25,0.0,5,0.4789706321194704
6320,93.75,76.25,76.25,0.0,5,0.46883334887015665
6321,96.25,76.25,76.25,0.0,5,0.44069254401978847
6322,98.75,76.25,76.25,0.0,0,0.4367404438479927
6323,113.75,76.25,76.25,0.0,5,0.48324105087504926
6324,116.25,76.25,76.25,0.0,5,0.508337710996966
6325,118.75,76.25,76.25,0.0,5,0.536201626355918
6326,121.25,76.25,76.25,0.0,5,0.5586907674956363
6327,123.75,76.25,76.25,0.0,5,0.5895501092746788
6328,126.25,76.25,76.25,0.0,5,0.6104151412897312
6329,128.75,76.25,76.25,0.0,5,0.6142526328401723
6330,131.25,76.25,76.25,0.0,5,0.614091553599683
6331,133.75,76.25,76.25,0.0,5,0.6167910211048899
6332,136.25,76.25,76.25,0.0,5,0.6309368468050486
6333,138.75,76.25,76.25,0.0,5,0.6213207758201069
6334,141.25,76.25,76.25,0.0,5,0.591299519227852
6335,143.75,76.25,76.25,0.0,5,0.5067497360734207
6336,146.25,76.25,76.25,0.0,5,0.44143929965399775
6337,148.75,76.25,76.25,0.0,5,0.37324661560046213
6338,151.25,76.25,76.25,0.0,5,0.3331399830267347
6339,153.75,76.25,76.25,0.0,5,0.2944158735118621
6340,156.25,76.25,76.25,0.0,5,0.2622469870571611
6341,158.75,76.25,76.25,0.0,5,0.2461100234765074
6342,161.25,76.25,76.25,0.0,5,0.22087695498754395
6343,163.75,76.25,76.25,0.0,5,0.208421849465285
6344,166.25,76.25,76.25,0.0,5,0.2138473919890856
6345,168.75,76.25,76.25,0.0,5,0.2189341237637362
6346,171.25,76.25,76.25,0.0,5,0.20814255667356438
6347,173.75,76.25,76.25,0.0,5,0.19557338364798615
6348,176.25,76.25,76.25,0.0,5,0.18009028890468812
6349,178.75,76.25,76.25,0.0,5,0.1621297537566779
6350,181.25,76.25,76.25,0.0,5,0.1466738595965215
6351,183.75,76.25,76.25,0.0,5,0.13143294596570704
6352,186.25,76.25,76.25,0.0,5,0.13834015672156963
6353,188.75,76.25,76.25,0.0,5,0.16868529205050295
6354,191.25,76.25,76.25,0.0,5,0.21555746253172625
6355,193.75,76.25,76.25,0.0,5,0.2415832067221123
6356,196.25,76.25,76.25,0.0,5,0.21309054855269133
6357,198.75,76.25,76.25,0.0,5,0.15992328966727998
6358,201.25,76.25,76.25,0.0,5,0.13173579994174434
6359,203.75,76.25,76.25,0.0,5,0.11014751820648547
6360,206.25,76.25,76.25,0.0,5,0.0963481360699716
6361,208.75,76.25,76.25,0.0,5,0.08799805176039499
6362,211.25,76.25,76.25,0.0,5,0.08282710865272247
6363,213.75,76.25,76.25,0.0,5,0.07936175968436052
6364,216.25,76.25,76.25,0.0,5,0.07565766845089493
6365,218.75,76.25,76.25,0.0,5,0.07208041891979125
6366,221.25,76.25,76.25,0.0,5,0.06871425704890555
6367,223.75,76.25,76.25,0.0,5,0.06519135281060245
6368,226.25,76.25,76.25,0.0,5,0.06252455016634016
6369,228.75,76.25,76.25,0.0,5,0.05987702215723954
6370,231.25,76.25,76.25,0.0,5,0.05862933470259195
6371,233.75,76.25,76.25,0.0,5,0.06248333332230789
6372,236.25,76.25,76.25,0.0,5,0.07603362931854339
6373,238.75,76.25,76.25,0.0,5,0.09750104011181629
6374,241.25,76.25,76.25,0.0,5,0.4165933720636106
6375,243.75,76.25,76.25,0.0,5,0.10274411198867825
6376,246.25,76.25,76.25,0.0,5,0.07201585681391666
6377,248.75,76.25,76.25,0.0,5,0.07083823984724352
6378,253.75,76.25,76.25,0.0,5,0.07497869117782631
6379,256.25,76.25,76.25,0.0,5,0.07551951904899315
6380,281.25,76.25,76.25,0.0,5,0.246426523183363
6381,283.75,76.25,76.25,0.0,5,0.34724291145265446
6382,286.25,76.25,76.25,0.0,5,0.37169194267390293
6383,288.75,76.25,76.25,0.0,5,0.3403584411233662
6384,291.25,76.25,76.25,0.0,5,0.3133130437152263
6385,293.75,76.25,76.25,0.0,0,0.30692800289902
6386,296.25,76.25,76.25,0.0,0,0.34736828396597075
6387,298.75,76.25,76.25,0.0,0,0.3409546843723209
6388,341.25,76.25,76.25,0.0,5,0.20084277672369483
6389,343.75,76.25,76.25,0.0,5,0.18953113306395714
6390,346.25,76.25,76.25,0.0,5,0.22908472445828543
6391,348.75,76.25,76.25,0.0,5,0.25951021597717466
6392,351.25,76.25,76.25,0.0,5,0.3439383238531734
6393,353.75,76.25,76.25,0.0,5,0.36271983949006786
6394,356.25,76.25,76.25,0.0,5,0.14120345013615496
6395,358.75,76.25,76.25,0.0,5,-0.10536150935789716
6396,1.25,78.75,78.75,0.0,5,0.5716766517015633
6397,3.75,78.75,78.75,0.0,5,0.28044603052884637
6398,6.25,78.75,78.75,0.0,5,0.21898605141416796
6399,8.75,78.75,78.75,0.0,5,0.35356800296467816
6400,11.25,78.75,78.75,0.0,5,0.43712488048098125
6401,21.25,78.75,78.75,0.0,5,0.8951164470175362
6402,23.75,78.75,78.75,0.0,5,0.8719031535110559
6403,26.25,78.75,78.75,0.0,5,0.8415239516995112
6404,28.75,78.75,78.75,0.0,5,0.9217415264417577
6405,31.25,78.75,78.75,0.0,5,1.023845125631463
6406,33.75,78.75,78.75,0.0,5,1.0600543541458494
6407,36.25,78.75,78.75,0.0,5,1.1101048726925118
6408,38.75,78.75,78.75,0.0,5,1.1927453162530686
6409,41.25,78.75,78.75,0.0,5,1.3044787344146793
6410,43.75,78.75,78.75,0.0,5,1.354504875494128
6411,46.25,78.75,78.75,0.0,5,1.4632987795338848
6412,48.75,78.75,78.75,0.0,5,1.5569051963571336
6413,51.25,78.75,78.75,0.0,5,1.6406074803451287
6414,53.75,78.75,78.75,0.0,5,1.6052655274918404
6415,56.25,78.75,78.75,0.0,5,1.4413698278773643
6416,58.75,78.75,78.75,0.0,5,1.195281633965878
6417,61.25,78.75,78.75,0.0,5,1.0356799875660787
6418,63.75,78.75,78.75,0.0,5,0.9925688540638619
6419,66.25,78.75,78.75,0.0,5,0.9963827274346219
6420,68.75,78.75,78.75,0.0,5,1.0555723189970878
6421,71.25,78.75,78.75,0.0,5,1.0850141616762041
6422,73.75,78.75,78.75,0.0,5,1.0473481780234524
6423,76.25,78.75,78.75,0.0,5,0.8893026238882034
6424,78.75,78.75,78.75,0.0,5,0.7586810656408509
6425,81.25,78.75,78.75,0.0,5,0.6085833295900431
6426,83.75,78.75,78.75,0.0,5,0.5707064123745895
6427,86.25,78.75,78.75,0.0,5,0.550245339832903
6428,88.75,78.75,78.75,0.0,5,0.5414026704749741
6429,91.25,78.75,78.75,0.0,5,0.5489312074053571
6430,93.75,78.75,78.75,0.0,5,0.6251443011748524
6431,96.25,78.75,78.75,0.0,5,0.7103873799302346
6432,98.75,78.75,78.75,0.0,5,0.7115777077964729
6433,106.25,78.75,78.75,0.0,5,0.44752529477480063
6434,108.75,78.75,78.75,0.0,5,0.4686287889080378
6435,111.25,78.75,78.75,0.0,5,0.4780685002614789
6436,113.75,78.75,78.75,0.0,5,0.49123090377508877
6437,116.25,78.75,78.75,0.0,5,0.5021333904068
6438,118.75,78.75,78.75,0.0,5,0.5162805205843877
6439,121.25,78.75,78.75,0.0,5,0.5260306822987587
6440,123.75,78.75,78.75,0.0,5,0.5290963206144929
6441,126.25,78.75,78.75,0.0,5,0.5221351482869327
6442,128.75,78.75,78.75,0.0,5,0.5192584420645252
6443,131.25,78.75,78.75,0.0,5,0.5077692237763839
6444,133.75,78.75,78.75,0.0,5,0.4796879789198359
6445,136.25,78.75,78.75,0.0,5,0.434711500359821
6446,138.75,78.75,78.75,0.0,5,0.3941582391736634
6447,141.25,78.75,78.75,0.0,5,0.35205045711910554
6448,143.75,78.75,78.75,0.0,5,0.3045594424642451
6449,146.25,78.75,78.75,0.0,5,0.271706492698642
6450,148.75,78.75,78.75,0.0,5,0.22118953768248364
6451,151.25,78.75,78.75,0.0,5,0.19014903628011048
6452,153.75,78.75,78.75,0.0,5,0.1580378849621938
6453,156.25,78.75,78.75,0.0,5,0.14647093237665845
6454,158.75,78.75,78.75,0.0,5,0.14348602624956955
6455,161.25,78.75,78.75,0.0,5,0.14433387487409713
6456,163.75,78.75,78.75,0.0,5,0.13969888241710365
6457,166.25,78.75,78.75,0.0,5,0.13353633260691006
6458,168.75,78.75,78.75,0.0,5,0.12319127374628898
6459,171.25,78.75,78.75,0.0,5,0.11512398461679474
6460,173.75,78.75,78.75,0.0,5,0.10996676658788031
6461,176.25,78.75,78.75,0.0,5,0.10523305469748949
6462,178.75,78.75,78.75,0.0,5,0.10149766387889601
6463,181.25,78.75,78.75,0.0,5,0.09812989146884657
6464,183.75,78.75,78.75,0.0,5,0.0946838226943689
6465,186.25,78.75,78.75,0.0,5,0.09180009341720262
6466,188.75,78.75,78.75,0.0,5,0.08929344617014331
6467,191.25,78.75,78.75,0.0,5,0.08776611583238447
6468,193.75,78.75,78.75,0.0,5,0.08696040003004087
6469,196.25,78.75,78.75,0.0,5,0.08586036868290425
6470,198.75,78.75,78.75,0.0,5,0.0844951073330002
6471,201.25,78.75,78.75,0.0,5,0.08269168811608539
6472,203.75,78.75,78.75,0.0,5,0.08091488854200292
6473,206.25,78.75,78.75,0.0,5,0.078404593097398
6474,208.75,78.75,78.75,0.0,5,0.07569854051261649
6475,211.25,78.75,78.75,0.0,5,0.07337907127316505
6476,213.75,78.75,78.75,0.0,5,0.0711331412445902
6477,216.25,78.75,78.75,0.0,5,0.06868932594967676
6478,218.75,78.75,78.75,0.0,5,0.06556923406830584
6479,221.25,78.75,78.75,0.0,5,0.06319961712957267
6480,223.75,78.75,78.75,0.0,5,0.06106820858999801
6481,226.25,78.75,78.75,0.0,5,0.05903474898481515
6482,228.75,78.75,78.75,0.0,5,0.057227513616497305
6483,231.25,78.75,78.75,0.0,5,0.05477113461158121
6484,233.75,78.75,78.75,0.0,5,0.0528657609875821
6485,236.25,78.75,78.75,0.0,5,0.05138375782563777
6486,238.75,78.75,78.75,0.0,5,0.051031271237400144
6487,241.25,78.75,78.75,0.0,5,0.052373345677478214
6488,243.75,78.75,78.75,0.0,5,0.05539272632301369
6489,246.25,78.75,78.75,0.0,5,0.061830401949262474
6490,248.75,78.75,78.75,0.0,5,0.07033690506614594
6491,251.25,78.75,78.75,0.0,5,0.08349573587309443
6492,253.75,78.75,78.75,0.0,5,0.10363547538933265
6493,258.75,78.75,78.75,0.0,5,0.07889644117091167
6494,261.25,78.75,78.75,0.0,5,0.07883504705033256
6495,286.25,78.75,78.75,0.0,5,0.48299576361575025
6496,288.75,78.75,78.75,0.0,5,0.44382848592825114
6497,291.25,78.75,78.75,0.0,0,0.366903757389076
6498,338.75,78.75,78.75,0.0,0,0.1957524341432627
6499,341.25,78.75,78.75,0.0,5,0.1730124374169977
6500,343.75,78.75,78.75,0.0,5,0.1397689029797801
6501,346.25,78.75,78.75,0.0,5,0.13771158216544224
6502,348.75,78.75,78.75,0.0,5,0.1579697504131486
6503,351.25,78.75,78.75,0.0,5,0.19866291354807844
6504,353.75,78.75,78.75,0.0,5,0.29122818909512077
6505,356.25,78.75,78.75,0.0,5,0.42954196538281386
6506,358.75,78.75,78.75,0.0,5,0.6565703100935152
6507,1.25,81.25,81.25,0.0,5,0.16494319812782945
6508,3.75,81.25,81.25,0.0,5,0.1902129671166188
6509,6.25,81.25,81.25,0.0,5,0.21992001567145592
6510,8.75,81.25,81.25,0.0,5,0.22877592130506974
6511,11.25,81.25,81.25,0.0,5,0.23303809813708048
6512,13.75,81.25,81.25,0.0,5,0.25312687983505544
6513,16.25,81.25,81.25,0.0,5,0.2909081863417627
6514,18.75,81.25,81.25,0.0,5,0.32015473171359976
6515,21.25,81.25,81.25,0.0,5,0.3601124454103685
6516,23.75,81.25,81.25,0.0,5,0.4061643882754403
6517,26.25,81.25,81.25,0.0,5,0.43490301285623423
6518,28.75,81.25,81.25,0.0,5,0.44687218693299224
6519,31.25,81.25,81.25,0.0,5,0.4571012560348376
6520,33.75,81.25,81.25,0.0,5,0.4617436787306666
6521,36.25,81.25,81.25,0.0,5,0.48570623735039653
6522,38.75,81.25,81.25,0.0,5,0.5536613151298143
6523,41.25,81.25,81.25,0.0,5,0.6732704914690474
6524,43.75,81.25,81.25,0.0,5,0.7060440343423863
6525,46.25,81.25,81.25,0.0,5,0.6503058946939433
6526,48.75,81.25,81.25,0.0,5,0.5921337444474623
6527,51.25,81.25,81.25,0.0,5,0.5707021518799018
6528,53.75,81.25,81.25,0.0,5,0.5768178962876174
6529,56.25,81.25,81.25,0.0,5,0.545746913554994
6530,58.75,81.25,81.25,0.0,5,0.4479447590154983
6531,61.25,81.25,81.25,0.0,5,0.47394910841102017
6532,63.75,81.25,81.25,0.0,5,0.4850280513309857
6533,66.25,81.25,81.25,0.0,5,0.6043181783238784
6534,68.75,81.25,81.25,0.0,5,0.7210404967646658
6535,71.25,81.25,81.25,0.0,5,0.8112513741207205
6536,73.75,81.25,81.25,0.0,5,0.7873577014484657
6537,76.25,81.25,81.25,0.0,5,0.6972773198046595
6538,78.75,81.25,81.25,0.0,5,0.6518916020656661
6539,81.25,81.25,81.25,0.0,5,0.6390532519015
6540,83.75,81.25,81.25,0.0,5,0.6537161702209658
6541,86.25,81.25,81.25,0.0,5,0.6778396760278126
6542,88.75,81.25,81.25,0.0,5,0.70845404522233
6543,91.25,81.25,81.25,0.0,5,0.7283198650693248
6544,93.75,81.25,81.25,0.0,5,0.719240366612736
6545,96.25,81.25,81.25,0.0,5,0.6949488264833751
6546,98.75,81.25,81.25,0.0,5,0.6655531225439067
6547,101.25,81.25,81.25,0.0,5,0.6049105703563088
6548,103.75,81.25,81.25,0.0,5,0.5497598102382507
6549,106.25,81.25,81.25,0.0,5,0.48141717689471525
6550,108.75,81.25,81.25,0.0,5,0.4293848335215958
6551,111.25,81.25,81.25,0.0,5,0.4080774345832938
6552,113.75,81.25,81.25,0.0,5,0.3843783149405098
6553,116.25,81.25,81.25,0.0,5,0.37773256756622386
6554,118.75,81.25,81.25,0.0,5,0.3805030405536075
6555,121.25,81.25,81.25,0.0,5,0.36943858632207055
6556,123.75,81.25,81.25,0.0,5,0.3634330479474039
6557,126.25,81.25,81.25,0.0,5,0.34555022721772444
6558,128.75,81.25,81.25,0.0,5,0.31122687561254536
6559,131.25,81.25,81.25,0.0,5,0.2850001602377483
6560,133.75,81.25,81.25,0.0,5,0.2631950137402441
6561,136.25,81.25,81.25,0.0,5,0.23972319166533868
6562,138.75,81.25,81.25,0.0,5,0.21424821888265042
6563,141.25,81.25,81.25,0.0,5,0.18899811556560558
6564,143.75,81.25,81.25,0.0,5,0.16294135651461542
6565,146.25,81.25,81.25,0.0,5,0.1456694625633995
6566,148.75,81.25,81.25,0.0,5,0.1329521856770309
6567,151.25,81.25,81.25,0.0,5,0.12383703106518142
6568,153.75,81.25,81.25,0.0,5,0.1149696842615229
6569,156.25,81.25,81.25,0.0,5,0.10702985498931943
6570,158.75,81.25,81.25,0.0,5,0.10198735870279951
6571,161.25,81.25,81.25,0.0,5,0.09764901385431084
6572,163.75,81.25,81.25,0.0,5,0.09220259867929628
6573,166.25,81.25,81.25,0.0,5,0.08931717936999277
6574,168.75,81.25,81.25,0.0,5,0.08602974853298787
6575,171.25,81.25,81.25,0.0,5,0.08462980158092887
6576,173.75,81.25,81.25,0.0,5,0.08360481936260192
6577,176.25,81.25,81.25,0.0,5,0.08350635559583926
6578,178.75,81.25,81.25,0.0,5,0.08385842598774386
6579,181.25,81.25,81.25,0.0,5,0.08387109649220016
6580,183.75,81.25,81.25,0.0,5,0.08349852765553843
6581,186.25,81.25,81.25,0.0,5,0.08328490096596194
6582,188.75,81.25,81.25,0.0,5,0.08202881838016604
6583,191.25,81.25,81.25,0.0,5,0.08092124558518025
6584,193.75,81.25,81.25,0.0,5,0.07957039264181506
6585,196.25,81.25,81.25,0.0,5,0.07826380787091877
6586,198.75,81.25,81.25,0.0,5,0.0771946634663769
6587,201.25,81.25,81.25,0.0,5,0.07632237478620682
6588,203.75,81.25,81.25,0.0,5,0.07522690002573755
6589,206.25,81.25,81.25,0.0,5,0.07417224318467616
6590,208.75,81.25,81.25,0.0,5,0.07263923709886808
6591,211.25,81.25,81.25,0.0,5,0.0713964379212826
6592,213.75,81.25,81.25,0.0,5,0.06901118202280614
6593,216.25,81.25,81.25,0.0,5,0.06738504309574621
6594,218.75,81.25,81.25,0.0,5,0.06506895732253568
6595,221.25,81.25,81.25,0.0,5,0.06288200784450812
6596,223.75,81.25,81.25,0.0,5,0.06142198493705071
6597,226.25,81.25,81.25,0.0,5,0.05974813191406565
6598,228.75,81.25,81.25,0.0,5,0.0580639527053491
6599,231.25,81.25,81.25,0.0,5,0.05703172995703855
6600,233.75,81.25,81.25,0.0,5,0.05577366194327701
6601,236.25,81.25,81.25,0.0,5,0.05479805280170298
6602,238.75,81.25,81.25,0.0,5,0.0543005421821042
6603,241.25,81.25,81.25,0.0,5,0.05447031620696056
6604,243.75,81.25,81.25,0.0,5,0.055929095463523745
6605,246.25,81.25,81.25,0.0,5,0.06123274552781797
6606,248.75,81.25,81.25,0.0,5,0.06899600896282046
6607,251.25,81.25,81.25,0.0,5,0.08125667330706157
6608,253.75,81.25,81.25,0.0,5,0.09980654233666122
6609,256.25,81.25,81.25,0.0,5,0.12155439123961154
6610,258.75,81.25,81.25,0.0,5,0.1487464948195097
6611,261.25,81.25,81.25,0.0,5,0.17548337699813826
6612,263.75,81.25,81.25,0.0,5,0.1947105244351335
6613,266.25,81.25,81.25,0.0,5,0.20562402104468258
6614,268.75,81.25,81.25,0.0,5,0.21084353604827302
6615,271.25,81.25,81.25,0.0,5,0.21084347862037972
6616,291.25,81.25,81.25,0.0,0,0.1277377072756964
6617,293.75,81.25,81.25,0.0,0,0.11117196161987565
6618,296.25,81.25,81.25,0.0,5,0.10086690163233346
6619,298.75,81.25,81.25,0.0,5,0.09603207950936227
6620,346.25,81.25,81.25,0.0,5,0.12050053926344324
6621,348.75,81.25,81.25,0.0,5,0.11605900043474693
6622,351.25,81.25,81.25,0.0,5,0.10948988079991268
6623,353.75,81.25,81.25,0.0,5,0.10953194866218108
6624,356.25,81.25,81.25,0.0,5,0.11648299369318424
6625,358.75,81.25,81.25,0.0,5,0.13873523678396127
6626,1.25,83.75,83.75,0.0,5,0.10486506135260132
6627,3.75,83.75,83.75,0.0,5,0.11317027295671465
6628,6.25,83.75,83.75,0.0,5,0.12268633092932368
6629,8.75,83.75,83.75,0.0,5,0.1320314540146642
6630,11.25,83.75,83.75,0.0,5,0.14445400245019197
6631,13.75,83.75,83.75,0.0,5,0.14925675538955882
6632,16.25,83.75,83.75,0.0,5,0.16103630575816236
6633,18.75,83.75,83.75,0.0,5,0.16823339844631505
6634,21.25,83.75,83.75,0.0,5,0.17835088655110407
6635,23.75,83.75,83.75,0.0,5,0.1799778876183702
6636,26.25,83.75,83.75,0.0,5,0.18926603266298847
6637,28.75,83.75,83.75,0.0,5,0.19359452646767158
6638,31.25,83.75,83.75,0.0,5,0.19470713884395885
6639,33.75,83.75,83.75,0.0,5,0.2015510852673162
6640,36.25,83.75,83.75,0.0,5,0.2089980410277687
6641,38.75,83.75,83.75,0.0,5,0.2212065367838681
6642,41.25,83.75,83.75,0.0,5,0.22912592845035373
6643,43.75,83.75,83.75,0.0,5,0.24728330600046478
6644,46.25,83.75,83.75,0.0,5,0.26348893513186183
6645,48.75,83.75,83.75,0.0,5,0.27034248579551295
6646,51.25,83.75,83.75,0.0,5,0.27251060202741223
6647,53.75,83.75,83.75,0.0,5,0.2720828363031565
6648,56.25,83.75,83.75,0.0,5,0.26955830624564364
6649,58.75,83.75,83.75,0.0,5,0.2645804287373978
6650,61.25,83.75,83.75,0.0,5,0.2568248097941299
6651,63.75,83.75,83.75,0.0,5,0.24796081129585643
6652,66.25,83.75,83.75,0.0,5,0.2301816551641654
6653,68.75,83.75,83.75,0.0,5,0.2204252930687704
6654,71.25,83.75,83.75,0.0,5,0.2154264217256525
6655,73.75,83.75,83.75,0.0,5,0.2091530217374818
6656,76.25,83.75,83.75,0.0,5,0.2160203291671318
6657,78.75,83.75,83.75,0.0,5,0.21346022030726353
6658,81.25,83.75,83.75,0.0,5,0.2226920713117346
6659,83.75,83.75,83.75,0.0,5,0.23983447709678613
6660,86.25,83.75,83.75,0.0,5,0.2394950857270324
6661,88.75,83.75,83.75,0.0,5,0.2500525715116672
6662,91.25,83.75,83.75,0.0,5,0.24604559910076557
6663,93.75,83.75,83.75,0.0,5,0.24894503050863706
6664,96.25,83.75,83.75,0.0,5,0.24586146337071926
6665,98.75,83.75,83.75,0.0,5,0.2443410110362253
6666,101.25,83.75,83.75,0.0,5,0.2287614958946089
6667,103.75,83.75,83.75,0.0,5,0.2212135876447207
6668,106.25,83.75,83.75,0.0,5,0.21522671575991453
6669,108.75,83.75,83.75,0.0,5,0.21082895967263043
6670,111.25,83.75,83.75,0.0,5,0.20718296051537846
6671,113.75,83.75,83.75,0.0,5,0.20482227636761488
6672,116.25,83.75,83.75,0.0,5,0.20015400683141366
6673,118.75,83.75,83.75,0.0,5,0.19723954359552545
6674,121.25,83.75,83.75,0.0,5,0.19691149428325155
6675,123.75,83.75,83.75,0.0,5,0.19116592091855902
6676,126.25,83.75,83.75,0.0,5,0.18643650321963018
6677,128.75,83.75,83.75,0.0,5,0.17793976024738023
6678,131.25,83.75,83.75,0.0,5,0.17221143270709502
6679,133.75,83.75,83.75,0.0,5,0.16211781395471
6680,136.25,83.75,83.75,0.0,5,0.14914627732340074
6681,138.75,83.75,83.75,0.0,5,0.1416193047180078
6682,141.25,83.75,83.75,0.0,5,0.12865191473726867
6683,143.75,83.75,83.75,0.0,5,0.12166931177152177
6684,146.25,83.75,83.75,0.0,5,0.1115333592925795
6685,148.75,83.75,83.75,0.0,5,0.10615823400847384
6686,151.25,83.75,83.75,0.0,5,0.09753520010697868
6687,153.75,83.75,83.75,0.0,5,0.09266248420770687
6688,156.25,83.75,83.75,0.0,5,0.0883260499035709
6689,158.75,83.75,83.75,0.0,5,0.08508108376694616
6690,161.25,83.75,83.75,0.0,5,0.08307146466390546
6691,163.75,83.75,83.75,0.0,5,0.08041531528082013
6692,166.25,83.75,83.75,0.0,5,0.0793731221389275
6693,168.75,83.75,83.75,0.0,5,0.07878093559997343
6694,171.25,83.75,83.75,0.0,5,0.07854427698156263
6695,173.75,83.75,83.75,0.0,5,0.0785588560996641
6696,176.25,83.75,83.75,0.0,5,0.0787143273626883
6697,178.75,83.75,83.75,0.0,5,0.07896753910469619
6698,181.25,83.75,83.75,0.0,5,0.07899867867740765
6699,183.75,83.75,83.75,0.0,5,0.07894014667414048
6700,186.25,83.75,83.75,0.0,5,0.07878158135841437
6701,188.75,83.75,83.75,0.0,5,0.07857576069332
6702,191.25,83.75,83.75,0.0,5,0.07843114791094441
6703,193.75,83.75,83.75,0.0,5,0.07846734642413257
6704,196.25,83.75,83.75,0.0,5,0.07821373516308987
6705,198.75,83.75,83.75,0.0,5,0.0779238185217115
6706,201.25,83.75,83.75,0.0,5,0.07702073621392035
6707,203.75,83.75,83.75,0.0,5,0.07618720031309127
6708,206.25,83.75,83.75,0.0,5,0.07469871690090157
6709,208.75,83.75,83.75,0.0,5,0.07295845487202698
6710,211.25,83.75,83.75,0.0,5,0.07168096004640827
6711,213.75,83.75,83.75,0.0,5,0.07023430897220136
6712,216.25,83.75,83.75,0.0,5,0.0684643345252212
6713,218.75,83.75,83.75,0.0,5,0.06707700622109748
6714,221.25,83.75,83.75,0.0,5,0.06613280305361247
6715,223.75,83.75,83.75,0.0,5,0.06481414789667879
6716,226.25,83.75,83.75,0.0,5,0.06373416212565819
6717,228.75,83.75,83.75,0.0,5,0.06306994337918859
6718,231.25,83.75,83.75,0.0,5,0.06239414970211489
6719,233.75,83.75,83.75,0.0,5,0.0616143140486833
6720,236.25,83.75,83.75,0.0,5,0.06065179860587984
6721,238.75,83.75,83.75,0.0,5,0.05959213115056309
6722,241.25,83.75,83.75,0.0,5,0.057940159895025364
6723,243.75,83.75,83.75,0.0,5,0.057352070877018935
6724,246.25,83.75,83.75,0.0,5,0.056300435866853064
6725,248.75,83.75,83.75,0.0,5,0.05575485631112068
6726,251.25,83.75,83.75,0.0,5,0.05567878560173847
6727,253.75,83.75,83.75,0.0,5,0.05630701295794685
6728,256.25,83.75,83.75,0.0,5,0.05871254197284549
6729,258.75,83.75,83.75,0.0,5,0.060122984434380196
6730,261.25,83.75,83.75,0.0,5,0.06443855854241624
6731,263.75,83.75,83.75,0.0,5,0.07163978131180751
6732,266.25,83.75,83.75,0.0,5,0.07445578249400316
6733,268.75,83.75,83.75,0.0,5,0.08346843403551488
6734,271.25,83.75,83.75,0.0,5,0.08560133804930375
6735,273.75,83.75,83.75,0.0,5,0.09133040579140543
6736,276.25,83.75,83.75,0.0,5,0.0961271569984112
6737,278.75,83.75,83.75,0.0,5,0.0984457784596684
6738,281.25,83.75,83.75,0.0,5,0.09388185044454042
6739,283.75,83.75,83.75,0.0,5,0.09042237856857971
6740,286.25,83.75,83.75,0.0,5,0.08803906522067714
6741,288.75,83.75,83.75,0.0,5,0.08633906519751437
6742,291.25,83.75,83.75,0.0,5,0.0856366650346018
6743,293.75,83.75,83.75,0.0,5,0.08463220548595314
6744,296.25,83.75,83.75,0.0,5,0.08339837802901959
6745,298.75,83.75,83.75,0.0,5,0.08227518908786971
6746,301.25,83.75,83.75,0.0,5,0.08333426802691628
6747,303.75,83.75,83.75,0.0,5,0.08789499887751044
6748,306.25,83.75,83.75,0.0,5,0.09791992485765932
6749,308.75,83.75,83.75,0.0,5,0.10822235710016964
6750,311.25,83.75,83.75,0.0,5,0.11960043140781212
6751,313.75,83.75,83.75,0.0,5,0.13651208550094893
6752,316.25,83.75,83.75,0.0,5,0.1496219256479808
6753,318.75,83.75,83.75,0.0,5,0.16137675826935233
6754,321.25,83.75,83.75,0.0,5,0.1738141630969492
6755,323.75,83.75,83.75,0.0,5,0.17838214039154082
6756,326.25,83.75,83.75,0.0,5,0.17809674899763367
6757,328.75,83.75,83.75,0.0,5,0.1858254287383171
6758,331.25,83.75,83.75,0.0,5,0.18168358850584873
6759,333.75,83.75,83.75,0.0,5,0.16563108752289757
6760,336.25,83.75,83.75,0.0,5,0.1492591990641808
6761,338.75,83.75,83.75,0.0,5,0.13394994202193014
6762,341.25,83.75,83.75,0.0,5,0.12671208877237009
6763,343.75,83.75,83.75,0.0,5,0.1116925051374758
6764,346.25,83.75,83.75,0.0,5,0.1045484289164914
6765,348.75,83.75,83.75,0.0,5,0.09925570473984575
6766,351.25,83.75,83.75,0.0,5,0.09570787322277353
6767,353.75,83.75,83.75,0.0,5,0.09401948717872809
6768,356.25,83.75,83.75,0.0,5,0.0944999212406051
6769,358.75,83.75,83.75,0.0,5,0.09997288420345436
6770,1.25,86.25,86.25,0.0,5,0.0959001442106661
6771,3.75,86.25,86.25,0.0,5,0.09814799874456562
6772,6.25,86.25,86.25,0.0,5,0.10202273143185758
6773,8.75,86.25,86.25,0.0,5,0.10420258978743045
6774,11.25,86.25,86.25,0.0,5,0.1066857795543945
6775,13.75,86.25,86.25,0.0,5,0.1091405551221045
6776,16.25,86.25,86.25,0.0,5,0.11276745559795133
6777,18.75,86.25,86.25,0.0,5,0.11577603103470742
6778,21.25,86.25,86.25,0.0,5,0.11791571849046095
6779,23.75,86.25,86.25,0.0,5,0.1195523386551249
6780,26.25,86.25,86.25,0.0,5,0.12133929297320212
6781,28.75,86.25,86.25,0.0,5,0.12473925426781424
6782,31.25,86.25,86.25,0.0,5,0.12682286856727162
6783,33.75,86.25,86.25,0.0,5,0.12839082744835728
6784,36.25,86.25,86.25,0.0,5,0.12962838291078954
6785,38.75,86.25,86.25,0.0,5,0.13113751503869592
6786,41.25,86.25,86.25,0.0,5,0.13367987690599423
6787,43.75,86.25,86.25,0.0,5,0.13267073252252667
6788,46.25,86.25,86.25,0.0,5,0.13469004361244177
6789,48.75,86.25,86.25,0.0,5,0.13795914579115678
6790,51.25,86.25,86.25,0.0,5,0.13934018783538638
6791,53.75,86.25,86.25,0.0,5,0.13977661355028723
6792,56.25,86.25,86.25,0.0,5,0.13957183191883402
6793,58.75,86.25,86.25,0.0,5,0.1394866867761591
6794,61.25,86.25,86.25,0.0,5,0.1382071488093206
6795,63.75,86.25,86.25,0.0,5,0.13924314858273057
6796,66.25,86.25,86.25,0.0,5,0.1383521671033365
6797,68.75,86.25,86.25,0.0,5,0.1387602287070197
6798,71.25,86.25,86.25,0.0,5,0.1385428583106184
6799,73.75,86.25,86.25,0.0,5,0.13911043687712357
6800,76.25,86.25,86.25,0.0,5,0.13830127910035048
6801,78.75,86.25,86.25,0.0,5,0.13772901234075668
6802,81.25,86.25,86.25,0.0,5,0.13737909033567725
6803,83.75,86.25,86.25,0.0,5,0.1377508625359947
6804,86.25,86.25,86.25,0.0,5,0.13777526081527153
6805,88.75,86.25,86.25,0.0,5,0.13637230101549377
6806,91.25,86.25,86.25,0.0,5,0.13605317800338396
6807,93.75,86.25,86.25,0.0,5,0.13452645400119895
6808,96.25,86.25,86.25,0.0,5,0.1342361544352569
6809,98.75,86.25,86.25,0.0,5,0.1328874439713941
6810,101.25,86.25,86.25,0.0,5,0.1327591921388078
6811,103.75,86.25,86.25,0.0,5,0.13250091743152353
6812,106.25,86.25,86.25,0.0,5,0.13238655993095275
6813,108.75,86.25,86.25,0.0,5,0.1316182613208742
6814,111.25,86.25,86.25,0.0,5,0.13021096281854355
6815,113.75,86.25,86.25,0.0,5,0.12757405549122322
6816,116.25,86.25,86.25,0.0,5,0.12582824798520334
6817,118.75,86.25,86.25,0.0,5,0.12625661736032856
6818,121.25,86.25,86.25,0.0,5,0.12407007715644042
6819,123.75,86.25,86.25,0.0,5,0.12236835257886912
6820,126.25,86.25,86.25,0.0,5,0.12047007829479162
6821,128.75,86.25,86.25,0.0,5,0.11827068408486066
6822,131.25,86.25,86.25,0.0,5,0.11594276297561282
6823,133.75,86.25,86.25,0.0,5,0.11222548295289736
6824,136.25,86.25,86.25,0.0,5,0.10964618263743804
6825,138.75,86.25,86.25,0.0,5,0.10733586519676402
6826,141.25,86.25,86.25,0.0,5,0.1050921121692463
6827,143.75,86.25,86.25,0.0,5,0.10261215478473587
6828,146.25,86.25,86.25,0.0,5,0.09979962718912733
6829,148.75,86.25,86.25,0.0,5,0.09771812713006658
6830,151.25,86.25,86.25,0.0,5,0.0962718756434614
6831,153.75,86.25,86.25,0.0,5,0.09440044294824959
6832,156.25,86.25,86.25,0.0,5,0.09195911677925434
6833,158.75,86.25,86.25,0.0,5,0.09043463467922383
6834,161.25,86.25,86.25,0.0,5,0.08867346004650899
6835,163.75,86.25,86.25,0.0,5,0.08722631911119956
6836,166.25,86.25,86.25,0.0,5,0.08635180817307295
6837,168.75,86.25,86.25,0.0,5,0.08564913712579601
6838,171.25,86.25,86.25,0.0,5,0.08460503798966047
6839,173.75,86.25,86.25,0.0,5,0.0839861383896374
6840,176.25,86.25,86.25,0.0,5,0.08352910766340699
6841,178.75,86.25,86.25,0.0,5,0.08284646688095265
6842,181.25,86.25,86.25,0.0,5,0.08227983758911793
6843,183.75,86.25,86.25,0.0,5,0.08194285485231241
6844,186.25,86.25,86.25,0.0,5,0.08139221023163239
6845,188.75,86.25,86.25,0.0,5,0.08100731814444034
6846,191.25,86.25,86.25,0.0,5,0.08069679182678755
6847,193.75,86.25,86.25,0.0,5,0.08026822375270276
6848,196.25,86.25,86.25,0.0,5,0.07973685742707769
6849,198.75,86.25,86.25,0.0,5,0.07933479778098387
6850,201.25,86.25,86.25,0.0,5,0.07892389559405205
6851,203.75,86.25,86.25,0.0,5,0.07847959134925576
6852,206.25,86.25,86.25,0.0,5,0.07799414911182698
6853,208.75,86.25,86.25,0.0,5,0.07738193307683221
6854,211.25,86.25,86.25,0.0,5,0.07698480765969534
6855,213.75,86.25,86.25,0.0,5,0.07653087142911545
6856,216.25,86.25,86.25,0.0,5,0.07597402879190764
6857,218.75,86.25,86.25,0.0,5,0.07540558787338775
6858,221.25,86.25,86.25,0.0,5,0.07487142665906765
6859,223.75,86.25,86.25,0.0,5,0.07455407123801608
6860,226.25,86.25,86.25,0.0,5,0.0737423882295921
6861,228.75,86.25,86.25,0.0,5,0.07275395006059991
6862,231.25,86.25,86.25,0.0,5,0.071934519788702
6863,233.75,86.25,86.25,0.0,5,0.07119648426678375
6864,236.25,86.25,86.25,0.0,5,0.07081863251510881
6865,238.75,86.25,86.25,0.0,5,0.07055443177384312
6866,241.25,86.25,86.25,0.0,5,0.06976071394011278
6867,243.75,86.25,86.25,0.0,5,0.06914961259049084
6868,246.25,86.25,86.25,0.0,5,0.06846535318122957
6869,248.75,86.25,86.25,0.0,5,0.06745479831755818
6870,251.25,86.25,86.25,0.0,5,0.06705523017344359
6871,253.75,86.25,86.25,0.0,5,0.0659781684395298
6872,256.25,86.25,86.25,0.0,5,0.06544798446064805
6873,258.75,86.25,86.25,0.0,5,0.06535578963834796
6874,261.25,86.25,86.25,0.0,5,0.0643780127715007
6875,263.75,86.25,86.25,0.0,5,0.06390193832331661
6876,266.25,86.25,86.25,0.0,5,0.0631525141465022
6877,268.75,86.25,86.25,0.0,5,0.06293830801681904
6878,271.25,86.25,86.25,0.0,5,0.06270196875610949
6879,273.75,86.25,86.25,0.0,5,0.06268847133031767
6880,276.25,86.25,86.25,0.0,5,0.06226947626901304
6881,278.75,86.25,86.25,0.0,5,0.06255443543507472
6882,281.25,86.25,86.25,0.0,5,0.06253633469010396
6883,283.75,86.25,86.25,0.0,5,0.06253655589124105
6884,286.25,86.25,86.25,0.0,5,0.06276458380863317
6885,288.75,86.25,86.25,0.0,5,0.06321681839978954
6886,291.25,86.25,86.25,0.0,5,0.06362494281216835
6887,293.75,86.25,86.25,0.0,5,0.0642235727680777
6888,296.25,86.25,86.25,0.0,5,0.06499788118477133
6889,298.75,86.25,86.25,0.0,5,0.06578203197020914
6890,301.25,86.25,86.25,0.0,5,0.06599594188280056
6891,303.75,86.25,86.25,0.0,5,0.06728663151477206
6892,306.25,86.25,86.25,0.0,5,0.06874697649056437
6893,308.75,86.25,86.25,0.0,5,0.06958710155154868
6894,311.25,86.25,86.25,0.0,5,0.06984916540273171
6895,313.75,86.25,86.25,0.0,5,0.07063865267452157
6896,316.25,86.25,86.25,0.0,5,0.07232747523258687
6897,318.75,86.25,86.25,0.0,5,0.07388765455817094
6898,321.25,86.25,86.25,0.0,5,0.07466939479472576
6899,323.75,86.25,86.25,0.0,5,0.07454276641627032
6900,326.25,86.25,86.25,0.0,5,0.07518343325611883
6901,328.75,86.25,86.25,0.0,5,0.07630312712729097
6902,331.25,86.25,86.25,0.0,5,0.07598613216388476
6903,333.75,86.25,86.25,0.0,5,0.07702963628395498
6904,336.25,86.25,86.25,0.0,5,0.07758262170665077
6905,338.75,86.25,86.25,0.0,5,0.0783976502013644
6906,341.25,86.25,86.25,0.0,5,0.07924257763911047
6907,343.75,86.25,86.25,0.0,5,0.08049622667298836
6908,346.25,86.25,86.25,0.0,5,0.08160483288671827
6909,348.75,86.25,86.25,0.0,5,0.08279315948698017
6910,351.25,86.25,86.25,0.0,5,0.08525642459072566
6911,353.75,86.25,86.25,0.0,5,0.08719551829938259
6912,356.25,86.25,86.25,0.0,5,0.08907947627562281
6913,358.75,86.25,86.25,0.0,5,0.09236855145841896
6914,1.25,88.75,88.75,0.0,5,0.09326212574020235
6915,3.75,88.75,88.75,0.0,5,0.0934543017472073
6916,6.25,88.75,88.75,0.0,5,0.09361125911372303
6917,8.75,88.75,88.75,0.0,5,0.0942590547301493
6918,11.25,88.75,88.75,0.0,5,0.09454206851476202
6919,13.75,88.75,88.75,0.0,5,0.09487673419817437
6920,16.25,88.75,88.75,0.0,5,0.09521718886398324
6921,18.75,88.75,88.75,0.0,5,0.09555052157281688
6922,21.25,88.75,88.75,0.0,5,0.09581729303710278
6923,23.75,88.75,88.75,0.0,5,0.09602611764736915
6924,26.25,88.75,88.75,0.0,5,0.09684084659615355
6925,28.75,88.75,88.75,0.0,5,0.09700042929116114
6926,31.25,88.75,88.75,0.0,5,0.09808699482399343
6927,33.75,88.75,88.75,0.0,5,0.09827729471316636
6928,36.25,88.75,88.75,0.0,5,0.09846966545163925
6929,38.75,88.75,88.75,0.0,5,0.09957199382011758
6930,41.25,88.75,88.75,0.0,5,0.09973142143122227
6931,43.75,88.75,88.75,0.0,5,0.0998958384849742
6932,46.25,88.75,88.75,0.0,5,0.10041614376500657
6933,48.75,88.75,88.75,0.0,5,0.10063161659073226
6934,51.25,88.75,88.75,0.0,5,0.1008480341692036
6935,53.75,88.75,88.75,0.0,5,0.10175768289164694
6936,56.25,88.75,88.75,0.0,5,0.10167670860464145
6937,58.75,88.75,88.75,0.0,5,0.10187230797618003
6938,61.25,88.75,88.75,0.0,5,0.10311677319378605
6939,63.75,88.75,88.75,0.0,5,0.10325997469847097
6940,66.25,88.75,88.75,0.0,5,0.10339787141780965
6941,68.75,88.75,88.75,0.0,5,0.10352774155011304
6942,71.25,88.75,88.75,0.0,5,0.10367399239600182
6943,73.75,88.75,88.75,0.0,5,0.10375959312528671
6944,76.25,88.75,88.75,0.0,5,0.1038078901475946
6945,78.75,88.75,88.75,0.0,5,0.104654721892181
6946,81.25,88.75,88.75,0.0,5,0.1047162457806164
6947,83.75,88.75,88.75,0.0,5,0.10417446448675355
6948,86.25,88.75,88.75,0.0,5,0.10419722018924915
6949,88.75,88.75,88.75,0.0,5,0.10418843368928143
6950,91.25,88.75,88.75,0.0,5,0.10415600597898603
6951,93.75,88.75,88.75,0.0,5,0.10408056934748611
6952,96.25,88.75,88.75,0.0,5,0.10399036122949726
6953,98.75,88.75,88.75,0.0,5,0.10390116924438966
6954,101.25,88.75,88.75,0.0,5,0.10276479794479049
6955,103.75,88.75,88.75,0.0,5,0.10263295886096932
6956,106.25,88.75,88.75,0.0,5,0.10299158316701096
6957,108.75,88.75,88.75,0.0,5,0.10198981974984
6958,111.25,88.75,88.75,0.0,5,0.1017059140280429
6959,113.75,88.75,88.75,0.0,5,0.10142323727681636
6960,116.25,88.75,88.75,0.0,5,0.10085125759916172
6961,118.75,88.75,88.75,0.0,5,0.10067077952555946
6962,121.25,88.75,88.75,0.0,5,0.10049829183720442
6963,123.75,88.75,88.75,0.0,5,0.09918366430758344
6964,126.25,88.75,88.75,0.0,5,0.09898502519822851
6965,128.75,88.75,88.75,0.0,5,0.09878257632463089
6966,131.25,88.75,88.75,0.0,5,0.09741432471771821
6967,133.75,88.75,88.75,0.0,5,0.09720785738292115
6968,136.25,88.75,88.75,0.0,5,0.09618606155114608
6969,138.75,88.75,88.75,0.0,5,0.09585238925161076
6970,141.25,88.75,88.75,0.0,5,0.09541424609931486
6971,143.75,88.75,88.75,0.0,5,0.09484898712762532
6972,146.25,88.75,88.75,0.0,5,0.09446485096428031
6973,148.75,88.75,88.75,0.0,5,0.09404522946878534
6974,151.25,88.75,88.75,0.0,5,0.09367196139101953
6975,153.75,88.75,88.75,0.0,5,0.09291532576450698
6976,156.25,88.75,88.75,0.0,5,0.09275553468055261
6977,158.75,88.75,88.75,0.0,5,0.09256188644602431
6978,161.25,88.75,88.75,0.0,5,0.09132478794436032
6979,163.75,88.75,88.75,0.0,5,0.0911671816028126
6980,166.25,88.75,88.75,0.0,5,0.09103424692757606
6981,168.75,88.75,88.75,0.0,5,0.09089146910026447
6982,171.25,88.75,88.75,0.0,5,0.08979255289152756
6983,173.75,88.75,88.75,0.0,5,0.08967037526465178
6984,176.25,88.75,88.75,0.0,5,0.08956634499551175
6985,178.75,88.75,88.75,0.0,5,0.08944765443200874
6986,181.25,88.75,88.75,0.0,5,0.08853079582966489
6987,183.75,88.75,88.75,0.0,5,0.08842553845300219
6988,186.25,88.75,88.75,0.0,5,0.08834768690584947
6989,188.75,88.75,88.75,0.0,5,0.0880996963403202
6990,191.25,88.75,88.75,0.0,5,0.08787512984874879
6991,193.75,88.75,88.75,0.0,5,0.08761228075143884
6992,196.25,88.75,88.75,0.0,5,0.08735034375563731
6993,198.75,88.75,88.75,0.0,5,0.08707561676264322
6994,201.25,88.75,88.75,0.0,5,0.08685591247489206
6995,203.75,88.75,88.75,0.0,5,0.0866847677560627
6996,206.25,88.75,88.75,0.0,5,0.08637996167566794
6997,208.75,88.75,88.75,0.0,5,0.08633258067996352
6998,211.25,88.75,88.75,0.0,5,0.08598901464244761
6999,213.75,88.75,88.75,0.0,5,0.08598475407494431
7000,216.25,88.75,88.75,0.0,5,0.08598407300592309
7001,218.75,88.75,88.75,0.0,5,0.0856783110445113
7002,221.25,88.75,88.75,0.0,5,0.08565101642881781
7003,223.75,88.75,88.75,0.0,5,0.0856207816170397
7004,226.25,88.75,88.75,0.0,5,0.08545917215851638
7005,228.75,88.75,88.75,0.0,5,0.08531645585817206
7006,231.25,88.75,88.75,0.0,5,0.0851726528645074
7007,233.75,88.75,88.75,0.0,5,0.08469182211440757
7008,236.25,88.75,88.75,0.0,5,0.08502024582007361
7009,238.75,88.75,88.75,0.0,5,0.08498678098805747
7010,241.25,88.75,88.75,0.0,5,0.0844032809605313
7011,243.75,88.75,88.75,0.0,5,0.08436449819088564
7012,246.25,88.75,88.75,0.0,5,0.0843206788254996
7013,248.75,88.75,88.75,0.0,5,0.08428709435488589
7014,251.25,88.75,88.75,0.0,5,0.08418987188149117
7015,253.75,88.75,88.75,0.0,5,0.08409932799232052
7016,256.25,88.75,88.75,0.0,5,0.08403202150472334
7017,258.75,88.75,88.75,0.0,5,0.08317787841964341
7018,261.25,88.75,88.75,0.0,5,0.08306931775501691
7019,263.75,88.75,88.75,0.0,5,0.08337241743036851
7020,266.25,88.75,88.75,0.0,5,0.08331790278758598
7021,268.75,88.75,88.75,0.0,5,0.08328088109268837
7022,271.25,88.75,88.75,0.0,5,0.0831820182925976
7023,273.75,88.75,88.75,0.0,5,0.08310843321614683
7024,276.25,88.75,88.75,0.0,5,0.0830629324471692
7025,278.75,88.75,88.75,0.0,5,0.08300391824463124
7026,281.25,88.75,88.75,0.0,5,0.0833089793438373
7027,283.75,88.75,88.75,0.0,5,0.08321306026872578
7028,286.25,88.75,88.75,0.0,5,0.08235614601079226
7029,288.75,88.75,88.75,0.0,5,0.08283621776683457
7030,291.25,88.75,88.75,0.0,5,0.08306819537143154
7031,293.75,88.75,88.75,0.0,5,0.08329871741694957
7032,296.25,88.75,88.75,0.0,5,0.08349783309133946
7033,298.75,88.75,88.75,0.0,5,0.08352041580347354
7034,301.25,88.75,88.75,0.0,5,0.0835393073345575
7035,303.75,88.75,88.75,0.0,5,0.0839662711534182
7036,306.25,88.75,88.75,0.0,5,0.08394314649616541
7037,308.75,88.75,88.75,0.0,5,0.08393141092485244
7038,311.25,88.75,88.75,0.0,5,0.0844923451228495
7039,313.75,88.75,88.75,0.0,5,0.08457801377319707
7040,316.25,88.75,88.75,0.0,5,0.0851114987689779
7041,318.75,88.75,88.75,0.0,5,0.0854323408695679
7042,321.25,88.75,88.75,0.0,5,0.08584815162071925
7043,323.75,88.75,88.75,0.0,5,0.08637299370664424
7044,326.25,88.75,88.75,0.0,5,0.08680443172607355
7045,328.75,88.75,88.75,0.0,5,0.08725504908510234
7046,331.25,88.75,88.75,0.0,5,0.08764806362561342
7047,333.75,88.75,88.75,0.0,5,0.08812477202707496
7048,336.25,88.75,88.75,0.0,5,0.08825189602760182
7049,338.75,88.75,88.75,0.0,5,0.0884196793068044
7050,341.25,88.75,88.75,0.0,5,0.08979211118542511
7051,343.75,88.75,88.75,0.0,5,0.08996546260269687
7052,346.25,88.75,88.75,0.0,5,0.09010655244284196
7053,348.75,88.75,88.75,0.0,5,0.0902633203663359
7054,351.25,88.75,88.75,0.0,5,0.09159348801587423
7055,353.75,88.75,88.75,0.0,5,0.09176078927237712
7056,356.25,88.75,88.75,0.0,5,0.09190840124590015
7057,358.75,88.75,88.75,0.0,5,0.09206985468026707
