tree
version=v4
num_class=1
num_tree_per_iteration=1
label_index=0
max_feature_idx=12
objective=regression
feature_names=Column_0 Column_1 Column_2 Column_3 Column_4 Column_5 Column_6 Column_7 Column_8 Column_9 Column_10 Column_11 Column_12
monotone_constraints=0 0 0 0 0 0 0 0 0 0 0 0 0
feature_infos=[-3.102879860399602:3.00261020988889] [-6.3187275229451147:8.8485465073392096] [-7.4576880852692424:12.17130019851386] [-6.1042534475139103:7.9884556019638087] [-1.7200641527732863:1.7200641527732861] [-1.415459635151169:1.415459635151169] [-1.1927069616901234:1.7155044347232755] [-1.0399710426950628:2.5692914663540787] [-1.9356174315214087:1.1046423989029219] [-1.6845883288916133:1.6845883288916133] [-0.67090274451719945:1.4905290046451658] [-1.0691861710882791:2.0013020519424214] [-1.5666989036012806:1.5666989036012806]
tree_sizes=2864 2933 2917 2909 2906 2929 2898 2915 2942 2926 2917 2891 2937 2917 2947 2934 2930 2932 2899 2975 2945 2894 2904 2910 2918 2912 2942 2933 2895 2977 2896 2930 2926 2935 2945 2923 2910 2902 2892 2945 2933 2922 2881 2909 2883 2937 2903 2894 2887 2939 2928 2893 2905 2880 2904 2920 2939 2909 2937 2941 2935 2940 2876 2910 2864 2911 2937 2889 2913 2936 2910 2888 2887 2906 2946 2927 2884 2989 2925 2848 2911 2944 2894 2933 2870 2918 2889 2904 2855 2947 2957 2909 2946 2919 2966 2906 2875 2886 2864 2920 2921 2873 2926 2959 2926 2936 2868 2929 2881 2858 2886 2944 2950 2899 2894 2860 2884 2870 2929 2973 2867 2885 2898 2927 2919 2879 2924 2895 2844 2984 2865 2874 2933 2928 2881 2897 2892 2949 2927 2873 2885 2889 2890 2894 2954 2935 2897 2939 2909 2865 2884 2855 2868 2858 2971 2874 2943 2852 2914 2875 2916 2857 2863 2867 2875 2863 2980 2874 2875 2943 2848 2866 2912 2915 2894 2917 2879 2853 2894 2946 2888 2865 2877 2894 2937 2895 2902 2900 2838 2953 2851 2953 2912 2872 2905 2941 2933 2962 2869 2908

Tree=0
num_leaves=31
num_cat=0
split_feature=2 9 5 2 2 2 9 8 4 10 5 5 5 2 5 4 8 4 8 4 4 5 10 2 5 4 7 9 2 3
split_gain=613.98 295.461 211.926 139.834 136.767 86.6311 73.3064 70.8701 199.731 81.6144 69.8352 61.5521 75.9804 45.1021 36.3547 35.5937 72.5829 94.8658 53.8863 51.8705 49.0247 40.7807 32.7814 31.4956 28.2796 30.0516 32.1653 28.2418 27.4367 36.8415
threshold=-0.7023126649954986 -1.1551462826685344 0.061466547291727118 0.03892990806763056 2.0221389452373439 -1.8779936383290419 0.19252438044475581 -1.7404918888887655 -0.79387576281843952 1.0000000180025095e-35 -0.061466547291726868 0.12281920449442395 0.24472827403648026 0.90653492394164015 0.90745195762283271 0.4811368259505695 -1.7404918888887655 1.5877515256368797 -1.7404918888887655 -1.1547283822813665 1.3471831126615947 -0.12281920449442368 1.0000000180025095e-35 0.37300177230647624 -0.59600457818367603 -1.4434104778517083 -0.67395931651126872 -1.1551462826685344 -0.07997042477834769 1.2126287002620049
decision_type=2 2 2 2 2 2 2 2 2 2 2 2 2 2 2 2 2 2 2 2 2 2 2 2 2 2 2 2 2 2
left_child=5 2 15 14 7 27 -5 8 11 -10 24 -4 -13 -9 -3 18 17 20 19 -2 -17 -20 -21 -8 -7 26 -26 -1 29 -18
right_child=1 3 4 6 -6 10 23 13 9 -11 -12 12 -14 -15 -16 16 28 -19 21 22 -22 -23 -24 -25 25 -27 -28 -29 -30 -31
leaf_value=0.040448836764599122 -0.0040256992445853457 0.062352775557857024 0.092184589889574176 0.06512846879765638 0.10426096814739932 0.056664375112178408 0.068677655896398959 0.073610423893100754 0.091611522652602084 0.03013502766657087 0.062145868132429727 0.20967673794469055 0.10909623596896549 0.08548155569035619 0.066096917674985892 0.097124469748710029 0.063990580472860575 0.020497604954805029 0.061232610807979232 0.061564705991247637 0.15521689981192591 0.072767944048211727 0.012021298868913087 0.073182896052523344 0.10734282417193296 0.047760595344163576 0.053999970252782824 0.051663211408265707 0.07359138952201863 0.019998410884246171
leaf_weight=1318 47 24014 29 12276 615 2200 11739 2814 236 70 3075 57 28 1118 8881 208 401 36 1640 202 44 1438 40 5794 44 2474 79 978 995 54
leaf_count=1318 47 24014 29 12276 615 2200 11739 2814 236 70 3075 57 28 1118 8881 208 401 36 1640 202 44 1438 40 5794 44 2474 79 978 995 54
internal_value=0.0652802 0.0668882 0.0748372 0.0656113 0.0821901 0.0537714 0.0680917 0.0790711 0.0985938 0.0775483 0.0562638 0.155084 0.176544 0.0769858 0.0633636 0.0676831 0.0734942 0.0964213 0.0646835 0.0440405 0.107268 0.0666218 0.0533757 0.0701665 0.0524933 0.0489599 0.073082 0.0452257 0.0689404 0.0587695
internal_weight=82944 72776 10072 62704 4967 10168 29809 4352 420 306 7872 114 85 3932 32895 5105 1738 288 3367 289 252 3078 242 17533 4797 2597 123 2296 1450 455
internal_count=82944 72776 10072 62704 4967 10168 29809 4352 420 306 7872 114 85 3932 32895 5105 1738 288 3367 289 252 3078 242 17533 4797 2597 123 2296 1450 455
is_linear=0
shrinkage=1


Tree=1
num_leaves=31
num_cat=0
split_feature=2 9 5 2 2 2 2 5 8 4 10 9 3 4 8 2 4 5 4 8 5 2 4 5 12 5 0 4 9 4
split_gain=554.117 268.074 161.272 142.988 135.997 78.1846 63.1559 63.0263 56.1157 169.461 81.2904 50.7842 54.3964 39.7694 53.3866 53.2667 69.8323 38.3436 42.8917 42.5496 38.3342 35.8987 32.6589 28.2794 27.4607 25.5224 27.8901 29.9022 25.4882 24.7406
threshold=-0.7023126649954986 -1.2514084728909125 0.061466547291727118 -0.041911277957876462 0.99493369610194649 -1.8779936383290419 3.1370852600680732 -0.061466547291726868 -1.7404918888887655 -1.1306715409838382 1.0000000180025095e-35 0.19252438044475581 1.3843980526302044 -1.5396378430418223 -1.0174668528432229 1.3246772382074914 1.6358652082319367 0.18394424571997578 -0.96227365190113912 1.0152913959672809 -0.1839442457199755 0.37300177230647624 -1.2028420648764235 0.90745195762283271 1.0444659357341872 -0.59600457818367603 -0.79097712452351321 -1.4674673191492369 -1.1551462826685344 1.4915241604467659
decision_type=2 2 2 2 2 2 2 2 2 2 2 2 2 2 2 2 2 2 2 2 2 2 2 2 2 2 2 2 2 2
left_child=5 2 13 23 8 28 17 25 9 -4 -11 12 -5 14 -2 20 -17 22 19 -19 -15 -13 -6 -3 -18 -7 27 -27 -1 -14
right_child=1 3 4 11 6 7 -8 -9 -10 10 -12 21 29 15 -16 16 24 18 -20 -21 -22 -23 -24 -25 -26 26 -28 -29 -30 -31
leaf_value=-0.023589779809956427 -0.053577268968767203 -0.0030953182008509345 0.10179821321212534 -0.00054082823507654518 -0.0014592393838728851 -0.0081850189097135203 0.070864932659141566 -0.0029776005703758671 0.0088592601657379883 0.030452041953702914 -0.033951561422883601 0.0028587179337330217 0.0072866579567027988 -0.0056197199012473645 -0.002981042985834102 0.025529095261071874 -0.0066760314237927238 0.069930690116274896 0.027221205326441691 0.009816796279738884 0.0057330816489789263 0.0075075757410274103 0.026172707718728389 0.00051806843358200179 -0.071697692844000724 0.046429349757730963 -0.018787570644337916 -0.009196130325289131 -0.012936124357011048 0.026454870934037502
leaf_weight=1318 67 21567 67 13885 143 2200 94 3075 2545 169 69 14659 1036 1072 235 505 62 144 322 37 2427 5794 424 7230 22 25 1853 719 978 201
leaf_count=1318 67 21567 67 13885 143 2200 94 3075 2545 169 69 14659 1036 1072 235 505 62 144 322 37 2427 5794 424 7230 22 25 1853 719 978 201
internal_value=1.73041e-12 0.00152757 0.00992622 0.0004311 0.0171697 -0.0109334 0.0315707 -0.00856553 0.0112881 0.0315548 0.0117804 0.00255128 0.000354253 0.00330309 -0.014206 0.00459657 0.0185075 0.0281187 0.0381679 0.0576422 0.00225489 0.00417566 0.0192038 -0.00218811 -0.0237055 -0.0121475 -0.0155043 -0.00732699 -0.0190518 0.0104013
internal_weight=82944 72776 8404 64372 4014 10168 1164 7872 2850 305 238 35575 15122 4390 302 4088 589 1070 503 181 3499 20453 567 28797 84 4797 2597 744 2296 1237
internal_count=82944 72776 8404 64372 4014 10168 1164 7872 2850 305 238 35575 15122 4390 302 4088 589 1070 503 181 3499 20453 567 28797 84 4797 2597 744 2296 1237
is_linear=0
shrinkage=0.05


Tree=2
num_leaves=31
num_cat=0
split_feature=2 9 5 2 2 2 9 8 4 2 5 5 5 2 1 2 5 3 4 8 5 5 6 2 9 0 3 4 9 5
split_gain=500.819 245.929 179.178 114.498 111.005 75.9195 60.4858 59.3298 154.84 67.6728 53.4406 51.002 66.8066 36.2897 33.2021 57.8016 46.4075 46.304 39.077 81.522 28.3504 27.028 26.0486 25.4211 23.0031 22.8309 22.7797 22.7554 22.5232 21.2508
threshold=-0.66809329581999077 -1.1551462826685344 0.061466547291727118 2.1913090616896684 0.03892990806763056 -1.8779936383290419 0.19252438044475581 -1.7404918888887655 -0.79387576281843952 -0.2102650898637716 -0.061466547291726868 0.12281920449442395 0.24472827403648026 0.90653492394164015 2.3825425859923857 1.3246772382074914 -0.1839442457199755 1.7552496320068203 1.2750125887690096 -1.7404918888887655 0.90745195762283271 -0.90745195762283293 -0.066328909107543868 0.37300177230647624 -1.1551462826685344 -0.38127775259496721 1.47663986884169 -1.5396378430418223 -1.540195043558046 0.18394424571997578
decision_type=2 2 2 2 2 2 2 2 2 2 2 2 2 2 2 2 2 2 2 2 2 2 2 2 2 2 2 2 2 2
left_child=5 2 14 7 20 24 26 8 11 -10 21 -4 -13 -9 15 16 -2 25 27 -20 -3 -7 -18 -8 28 -16 -6 -17 -1 -11
right_child=1 4 3 -5 6 10 23 13 9 29 -12 12 -14 -15 17 18 22 -19 19 -21 -22 -23 -24 -25 -26 -27 -28 -29 -30 -31
leaf_value=-0.012272410916842254 -0.0056670199703106796 -0.0025985668272981467 0.022709974520174522 0.037770100085114028 -0.00069525595186543899 -0.0042030476355379822 0.0030846616359489097 0.0079003623500502555 -0.029056363138747782 0.043083651856482399 -0.0028383197695814899 0.13216096748198783 0.037570702193105328 0.018320224658297673 0.033793510534604519 -0.013186268056531184 0.00060342529481852267 -0.046564173075177413 0.095305634770128475 0.015728106219074237 0.00072432201789023086 -0.012875355515469811 0.01090352307907227 0.0071321970266252661 -0.012289318084739534 -0.011492840328831406 0.0084180108479098622 0.014742264549229884 -0.026624426018366905 0.013335074202749073
leaf_weight=387 1650 23523 28 520 11547 1150 11739 2773 74 101 3271 56 28 1196 38 88 1392 82 45 113 8828 4107 1098 5794 978 104 729 426 931 148
leaf_count=387 1650 23523 28 520 11547 1150 11739 2773 74 101 3271 56 28 1196 38 88 1392 82 45 113 8828 4107 1098 5794 978 104 729 426 931 148
internal_value=-2.22192e-11 0.00150516 0.00879928 0.0155814 0.000336416 -0.0100289 0.0025376 0.0129615 0.0304914 0.0129253 -0.00785609 0.0811507 0.100631 0.0110402 0.00216798 0.00304391 0.0008361 -0.0166489 0.0166456 0.0383926 -0.00169181 -0.0109782 0.0051454 0.00442222 -0.0180992 0.000626042 -0.000154072 0.00996073 -0.0224103 0.0254018
internal_weight=82944 72120 9960 4924 62160 10824 29809 4404 435 323 8528 112 84 3969 5036 4812 4140 224 672 158 32351 5257 2490 17533 2296 142 12276 514 1318 249
internal_count=82944 72120 9960 4924 62160 10824 29809 4404 435 323 8528 112 84 3969 5036 4812 4140 224 672 158 32351 5257 2490 17533 2296 142 12276 514 1318 249
is_linear=0
shrinkage=0.05


Tree=3
num_leaves=31
num_cat=0
split_feature=2 2 5 5 2 5 5 5 5 3 5 2 8 0 2 5 6 4 5 4 8 4 3 4 0 8 5 0 4 5
split_gain=452.003 218.277 127.177 67.8887 63.5544 53.7869 51.5382 50.7214 118.693 56.4646 52.7204 55.0939 41.1125 50.1238 39.9261 38.8138 38.0106 36.1778 34.9838 37.7663 37.9748 29.3891 28.2458 27.2084 25.1856 63.5669 66.6305 109.066 41.2205 69.6717
threshold=-0.7023126649954986 0.99493369610194649 -0.1839442457199755 0.36482234569996347 -1.8779936383290419 -0.75810821674430739 -0.061466547291726868 0.42390874111029014 0.061466547291727118 2.7411778454774844 0.30505838731795659 3.1370852600680732 -1.7404918888887655 -0.55302738326259016 -0.053288751869583977 1.0414542967587244 1.0000000180025095e-35 1.202842064876424 0.18394424571997578 -0.96227365190113912 1.0152913959672809 -1.2028420648764235 0.28138697844259664 -1.6118083669344079 -0.3241679404903749 -1.7404918888887655 0.12281920449442395 -0.14168951538582014 1.2268989061739526 0.12281920449442395
decision_type=2 2 2 2 2 2 2 2 2 2 2 2 2 2 2 2 2 2 2 2 2 2 2 2 2 2 2 2 2 2
left_child=4 2 5 24 -1 14 -6 8 9 12 11 18 13 17 -2 -5 -17 -3 21 20 -20 -10 -19 -15 -4 26 -26 -28 -27 -30
right_child=1 7 3 15 6 -7 -8 -9 10 -11 -12 -13 -14 23 -16 16 -18 22 19 -21 -22 -23 -24 -25 25 28 27 -29 29 -31
leaf_value=-0.017194220712150848 -0.0023874928094723188 0.01169306856101832 0.0051873054799077053 -0.00080322414088225601 -0.010979003373274078 -0.0058296875293934684 -0.0026868045538878203 0.0044484445923382273 -0.0026083179476013136 -0.035056568690757649 0.013182113685682166 0.06543317883216003 0.0022820829462005241 0.061775123619514961 0.001704359237695102 0.0011873383816310107 0.0058036480509176015 0.096197680057957771 0.064990069997939923 0.024835395739451399 0.0081996769216415057 0.02360388758425647 0.024534626820823177 0.0049171882449542759 0.010342197253890901 0.011157882717086136 0.12333519811880717 0.017247079777531326 -0.064047176744788881 0.015868873307093356
leaf_weight=2296 14712 37 3748 10560 4797 6535 3075 2452 143 87 1025 94 1401 23 10023 11439 7308 44 144 322 37 424 20 247 99 1645 47 50 50 60
leaf_count=2296 14712 37 3748 10560 4797 6535 3075 2452 143 87 1025 94 1401 23 10023 11439 7308 44 144 322 37 424 20 247 99 1645 47 50 50 60
internal_value=7.5294e-12 0.00137966 0.000522112 0.0025922 -0.00987472 -0.0017953 -0.00773986 0.0101235 0.013561 0.00427041 0.0214511 0.0287326 0.00620124 0.0210011 -0.000729412 0.00162122 0.00298688 0.0510498 0.0255084 0.0351073 0.053381 0.016993 0.073803 0.00976064 0.00758545 0.0121925 0.0391989 0.0686506 0.00917635 -0.0204566
internal_weight=82944 72776 66276 35006 10168 31270 7872 6500 4048 1859 2189 1164 1772 371 24735 29307 18747 101 1070 503 181 567 64 270 5699 1951 196 97 1755 110
internal_count=82944 72776 66276 35006 10168 31270 7872 6500 4048 1859 2189 1164 1772 371 24735 29307 18747 101 1070 503 181 567 64 270 5699 1951 196 97 1755 110
is_linear=0
shrinkage=0.05


Tree=4
num_leaves=31
num_cat=0
split_feature=2 9 5 2 2 2 5 4 7 4 4 7 4 9 6 5 3 5 1 2 6 0 3 5 4 12 5 0 6 4
split_gain=410.606 215.637 113.364 105.195 91.5924 78.7229 45.3131 43.5694 61.0097 69.0043 61.1253 47.9266 49.626 42.0349 41.3371 48.5747 38.6714 38.6111 37.294 35.5958 33.6056 31.4049 29.5721 26.8089 26.3512 130.772 42.8201 49.2316 29.6006 32.6908
threshold=-0.53093816874697797 -1.2514084728909125 0.12281920449442395 0.99493369610194649 0.073988321328110243 -1.8779936383290419 -0.061466547291726868 0.45707998465304106 0.50473852548845832 1.299069430066538 1.5877515256368797 1.0000000180025095e-35 1.1787852235788956 0.2887865706671337 -0.50537016327275397 -0.1839442457199755 1.3843980526302044 -0.59600457818367603 2.3825425859923857 3.1370852600680732 -0.066328909107543868 -0.57344809070054137 1.2126287002620049 -0.1839442457199755 -0.76981892152091091 1.0444659357341872 0.24472827403648026 -0.55626609416445294 1.7077461606570974 -1.3231262713640659
decision_type=2 2 2 2 2 2 2 2 2 2 2 2 2 2 2 2 2 2 2 2 2 2 2 2 2 2 2 2 2 2
left_child=5 2 7 24 -3 -1 17 18 10 -10 11 23 -13 16 15 -12 -6 -7 20 -5 21 -2 -11 -9 25 28 27 -27 29 -4
right_child=1 4 3 19 13 6 -8 8 9 22 14 12 -14 -15 -16 -17 -18 -19 -20 -21 -22 -23 -24 -25 -26 26 -28 -29 -30 -31
leaf_value=-0.016334509996464693 0.0003447133413348693 -0.0012724468565461428 -0.019068780293719487 0.028458347203140829 -0.00023019372287349312 -0.0053509667103951181 -0.0020729976213085225 -0.00055132050021913738 0.0074587569052456566 -0.025092154119742988 0.020325413853700819 0.024633048881369177 0.073486310183131079 0.0043855097675898694 0.010957675293814076 -0.057493134294278353 0.0091603742193261135 -0.012696011901026755 -0.042483011881510421 0.062887714460424821 0.0069731618739638616 -0.01717835210940729 -0.084606471338442402 0.019898048346049749 0.0081414700149246254 0.036220580382415879 0.024159138601805484 0.12196739398418588 0.053178997437159231 0.01518399517288864
leaf_weight=2296 1199 32087 119 786 12581 4060 4221 207 244 82 29 160 77 15465 118 65 1201 3199 48 83 1606 325 28 710 1642 26 35 47 30 168
leaf_count=2296 1199 32087 119 786 12581 4060 4221 207 244 82 29 160 77 15465 118 65 1201 3199 48 83 1606 325 28 710 1642 26 35 47 30 168
internal_value=1.06935e-12 0.00157 0.00938156 0.0171502 0.000572251 -0.00788281 -0.00619247 0.0047248 0.0111349 -0.00736328 0.0159287 0.0204621 0.0405052 0.00259608 -0.00874817 -0.0334853 0.000588125 -0.00858789 0.00125553 0.0317468 0.00192628 -0.00339216 -0.0402413 0.0152819 0.0110136 0.0221103 0.0696275 0.0914274 0.00592144 0.000981625
internal_weight=82944 69168 7834 2936 61334 13776 11480 4898 1720 354 1366 1154 237 29247 212 94 13782 7259 3178 869 3130 1524 110 917 2067 425 108 73 317 287
internal_count=82944 69168 7834 2936 61334 13776 11480 4898 1720 354 1366 1154 237 29247 212 94 13782 7259 3178 869 3130 1524 110 917 2067 425 108 73 317 287
is_linear=0
shrinkage=0.05


Tree=5
num_leaves=31
num_cat=0
split_feature=2 9 5 2 2 2 9 8 4 0 5 5 5 2 11 1 2 0 0 5 4 8 2 12 5 6 1 9 9 4
split_gain=371.109 184.046 135.732 91.4299 84.6804 55.2525 48.3679 46.9557 80.5052 79.0191 50.9956 39.3616 34.424 29.9991 32.1039 28.4021 48.1626 36.9953 55.2956 36.1811 31.2123 62.3001 27.2515 25.0113 22.5925 22.5819 21.1719 20.7603 20.3272 19.8425
threshold=-0.66809329581999077 -1.1551462826685344 0.061466547291727118 2.1913090616896684 -0.041911277957876462 -1.8779936383290419 0.19252438044475581 -1.0174668528432229 -1.0103873344961958 -0.14168951538582014 0.12281920449442395 -0.061466547291726868 0.12281920449442395 -0.2102650898637716 -0.76213734878520889 2.3825425859923857 1.3246772382074914 -0.22982493779196608 -0.16309116136109869 -0.1839442457199755 1.2750125887690096 -1.7404918888887655 0.37300177230647624 -0.6963106238227913 -0.90745195762283293 -0.066328909107543868 -0.16888529839174685 -1.1551462826685344 -1.540195043558046 1.3952967952566522
decision_type=2 2 2 2 2 2 2 2 2 2 2 2 2 2 2 2 2 2 2 2 2 2 2 2 2 2 2 2 2 2
left_child=5 2 15 7 -3 27 -6 8 9 10 -4 24 -11 14 -10 16 19 -17 -19 -2 -18 -22 -8 -9 -7 -21 29 28 -1 -13
right_child=1 4 3 -5 6 11 22 23 13 12 -12 26 -14 -15 -16 17 20 18 -20 25 21 -23 -24 -25 -26 -27 -28 -29 -30 -31
leaf_value=-0.0099823535098391963 -0.0051131733899431615 -0.0017603494949568557 0.030905731730163102 0.033336514999334148 -0.0003366398756187456 -0.0032645531536596218 0.0023461541939903564 0.014730620238016044 -0.034546529310755435 -0.02796768186532933 0.12754585983794789 -0.0065346268118291057 0.041159823753433418 0.018660747645303788 0.018092533852905036 0.021854987385792331 0.0090856905151561734 -0.078999992058827337 -0.01135221860899743 0.00020493351018464231 0.084248811552921937 0.014682737319623079 0.0063965933987242931 0.005699122506168562 -0.011193403278624333 0.0097951562663755268 0.0033244778732996988 -0.0099984156792856764 -0.023616768879878423 0.012419459363996252
leaf_weight=387 1650 27901 20 520 13806 1150 14659 1127 60 23 43 2060 83 595 56 51 514 39 134 1392 45 113 5794 2397 4107 1098 1063 978 931 148
leaf_count=387 1650 27901 20 520 13806 1150 14659 1127 60 23 43 2060 83 595 56 51 514 39 134 1392 45 113 5794 2397 4107 1098 1063 978 931 148
internal_value=2.50368e-11 0.00129567 0.0076057 0.0135086 0.000284604 -0.00863301 0.00195004 0.0111674 0.021499 0.0525183 0.0968665 -0.00677942 0.0261605 0.0141259 -0.00913457 0.00183408 0.00264422 -0.0155696 -0.0266023 0.000628892 0.0150601 0.0344959 0.00349358 0.00858746 -0.00945892 0.00443388 -0.00247305 -0.0155178 -0.0196133 -0.00526415
internal_weight=82944 72120 9960 4924 62160 10824 34259 4404 880 169 63 8528 106 711 116 5036 4812 224 173 4140 672 158 20453 3524 5257 2490 3271 2296 1318 2208
internal_count=82944 72120 9960 4924 62160 10824 34259 4404 880 169 63 8528 106 711 116 5036 4812 224 173 4140 672 158 20453 3524 5257 2490 3271 2296 1318 2208
is_linear=0
shrinkage=0.05


Tree=6
num_leaves=31
num_cat=0
split_feature=2 9 2 2 9 4 4 6 3 9 12 0 9 11 2 3 8 3 9 6 0 0 4 0 4 8 4 4 9 10
split_gain=337.469 163.13 157.35 52.7413 50.8261 74.3554 66.1864 44.8444 39.4222 42.1728 34.216 33.1233 56.9837 42.0153 28.7257 28.2371 28.0572 27.8101 26.2637 126.118 58.74 38.2912 27.374 22.5238 22.305 26.301 21.9905 19.1613 26.1009 26.7272
threshold=-0.096221171135546069 -1.2514084728909125 -0.88325917424359046 1.3979521108251303 -1.4439328533356683 -1.2028420648764235 1.5877515256368797 -0.50537016327275397 0.66181572688883439 -0.28878657066713359 -1.0444659357341868 -0.55302738326259016 -1.0588840924461567 0.46605794042707133 0.7157543158983517 3.7333394414554397 -1.7404918888887655 0.80387989609545107 -1.540195043558046 -0.066328909107543868 -1.0318387362866506 -0.91224084685196039 1.3471831126615947 -0.61482105000260323 1.1787852235788956 -1.7404918888887655 -1.4674673191492369 0.89010312800855373 -1.4439328533356683 1.0000000180025095e-35
decision_type=2 2 2 2 2 2 2 2 2 2 2 2 2 2 2 2 2 2 2 2 2 2 2 2 2 2 2 2 2 2
left_child=2 3 11 15 5 16 24 -8 9 -3 23 13 27 18 -10 26 -5 -4 19 -1 -21 22 -22 -6 -7 -26 -2 28 29 -13
right_child=1 8 17 4 10 6 7 -9 14 -11 -12 12 -14 -15 -16 -17 -18 -19 -20 20 21 -23 -24 -25 25 -27 -28 -29 -30 -31
leaf_value=-0.010149775428635328 -0.0055194469198744864 -0.0019943786530680721 -0.0023577782324217538 -0.063670547813177117 0.02134922942891717 0.020021989385545749 -0.05389611958638546 0.0087631661888650236 0.0028668704610467308 0.0021485095681328913 0.022802356782096304 0.00085660057881022783 -0.0075646765933855874 -0.028983413655466091 0.0090983808706832144 0.033417937146482349 -0.0073918951069816136 0.0022512726099767322 -0.0061555413675643839 0.0015064059164036404 0.065637305930808743 0.032261290065944193 0.13902725130319596 0.061391587513577886 0.070323818509599997 0.029430316028204589 0.0084288625261668346 -0.025898403967791375 -0.020730372460077251 -0.02136585038294796
leaf_weight=311 305 8647 27065 25 50 329 43 85 6053 21211 423 374 2787 180 2663 107 194 3723 2360 44 27 35 24 118 56 132 3843 614 904 212
leaf_count=311 305 8647 27065 25 50 329 43 85 6053 21211 423 374 2787 180 2663 107 194 3723 2360 44 27 35 24 118 56 132 3843 614 904 212
internal_value=6.25693e-12 0.0029799 -0.0034134 0.0108675 0.0190851 0.0113562 0.0199031 -0.0122864 0.00181233 0.000948712 0.0303842 -0.00972182 -0.0122539 -0.00556739 0.00477078 0.00805744 -0.0138164 -0.00180043 -0.00406261 0.00713766 0.0484945 0.072535 0.100174 0.0494742 0.0278727 0.0416114 0.00740325 -0.0184653 -0.0154023 -0.00718292
internal_weight=82944 44284 38660 5710 1455 864 645 128 38574 29858 591 7872 4891 2981 8716 4255 219 30788 2801 441 130 86 51 168 517 188 4148 2104 1490 586
internal_count=82944 44284 38660 5710 1455 864 645 128 38574 29858 591 7872 4891 2981 8716 4255 219 30788 2801 441 130 86 51 168 517 188 4148 2104 1490 586
is_linear=0
shrinkage=0.05


Tree=7
num_leaves=31
num_cat=0
split_feature=2 9 5 2 2 2 5 4 7 4 4 8 7 4 6 5 9 6 2 2 5 1 3 8 4 5 10 3 4 4
split_gain=307.531 162.227 90.643 83.8495 68.9805 58.9946 36.3181 36.2167 52.3186 61.8124 49.0409 41.5449 37.1916 49.0382 34.2445 39.3965 33.3863 32.9166 31.9226 30.6582 30.5582 28.3759 26.9442 26.8478 120.368 53.3307 36.6734 26.3015 26.0828 24.2371
threshold=-0.53093816874697797 -1.2514084728909125 0.12281920449442395 0.90653492394164015 0.073988321328110243 -1.8779936383290419 -0.061466547291726868 0.40896630205798407 0.50473852548845832 1.299069430066538 1.5877515256368797 1.0000000180025095e-35 -0.081021797575299523 1.299069430066538 -0.50537016327275397 -0.1839442457199755 0.2887865706671337 -0.066328909107543868 1.5776952348168747 3.1370852600680732 -0.59600457818367603 2.3825425859923857 1.2126287002620049 -1.7404918888887655 -0.76981892152091091 0.24472827403648026 1.0000000180025095e-35 2.2784055443310356 1.4674673191492373 -0.76981892152091091
decision_type=2 2 2 2 2 2 2 2 2 2 2 2 2 2 2 2 2 2 2 2 2 2 2 2 2 2 2 2 2 2
left_child=5 2 7 23 -3 -1 20 11 10 -10 12 27 -9 -14 15 -12 18 -13 -6 -5 -7 -15 -11 24 25 -4 -26 -2 -20 -19
right_child=1 4 3 19 16 6 -8 8 9 22 14 17 13 21 -16 -17 -18 29 28 -21 -22 -23 -24 -25 26 -27 -28 -29 -30 -31
leaf_value=-0.014138454627998596 -0.0047163597082453259 -0.0011075628211331212 0.11059872085585239 0.02444835651577355 -0.00059995495218404752 -0.0046235997556825816 -0.0016707323529602483 0.012397812149796334 0.0062447434629076259 -0.024137210864616308 0.017694067771964032 -0.0017139303633654885 0.020854140568703841 0.081843822473098363 0.0096839890506521063 -0.052387990699364589 0.0038444042337374474 0.017719081787285342 0.0032927198249716296 0.056240445824272671 -0.011157950717905077 0.015885006031021477 -0.080945677336837565 0.0071016263915483491 0.018429161027429822 0.014757011661172978 -0.032997665106533812 -0.031079341322848841 0.016992005073806531 0.0024876168520343053
leaf_weight=2296 956 32087 47 878 11542 4060 4221 880 255 82 29 984 252 63 118 65 15465 591 1810 83 3199 22 28 1751 104 21 52 105 430 468
leaf_count=2296 956 32087 47 878 11542 4060 4221 880 255 82 29 984 252 63 118 65 15465 591 1810 83 3199 22 28 1751 104 21 52 105 430 468
internal_value=4.98564e-12 0.00135872 0.00813417 0.0150808 0.000493316 -0.00682202 -0.00535873 0.00397014 0.00962556 -0.00726937 0.0139409 0.000701515 0.0178069 0.0319314 -0.0082518 -0.0307669 0.00224965 0.00487013 0.000460144 0.0271942 -0.00750325 0.0647721 -0.0385975 0.0091867 0.0254857 0.0810005 0.00128689 -0.00732533 0.00592249 0.0109879
internal_weight=82944 69168 7834 2936 61334 13776 11480 4898 1794 365 1429 3104 1217 337 212 94 29247 2043 13782 961 7259 85 110 1975 224 68 156 1061 2240 1059
internal_count=82944 69168 7834 2936 61334 13776 11480 4898 1794 365 1429 3104 1217 337 212 94 29247 2043 13782 961 7259 85 110 1975 224 68 156 1061 2240 1059
is_linear=0
shrinkage=0.05


Tree=8
num_leaves=31
num_cat=0
split_feature=2 9 5 2 2 5 5 5 5 5 4 7 4 8 4 7 4 4 1 6 6 2 5 4 6 5 0 4 4 5
split_gain=278.653 148.19 79.1979 71.8312 65.3524 54.5071 43.7503 37.6411 34.4348 41.6016 33.8481 57.635 58.4583 44.3024 38.5029 33.9809 34.9695 29.0766 28.9122 28.6705 27.9731 26.1695 26.0751 35.5028 24.2922 31.6869 22.1278 22.0664 20.5937 20.1111
threshold=-0.39951730542671443 -1.2514084728909125 0.12281920449442395 0.99493369610194649 -1.8779936383290419 0.30505838731795659 -0.12281920449442368 -0.53960840463842685 0.48220716928829882 0.90745195762283271 0.45707998465304106 0.50473852548845832 1.299069430066538 1.0000000180025095e-35 1.5877515256368797 1.0000000180025095e-35 1.1787852235788956 1.0344441757937248 0.070702696420540417 1.1133806251249947 -0.066328909107543868 3.1370852600680732 -0.80943899875565417 -1.6118083669344079 -0.50537016327275397 -0.1839442457199755 0.85581719238651865 -1.3952967952566515 -1.3231262713640659 -0.1839442457199755
decision_type=2 2 2 2 2 2 2 2 2 2 2 2 2 2 2 2 2 2 2 2 2 2 2 2 2 2 2 2 2 2
left_child=4 2 10 -4 -1 22 7 -6 17 -10 13 14 -13 27 15 29 -17 28 -8 -11 -15 -5 -3 26 25 -16 -24 -2 -7 -12
right_child=1 5 3 21 6 8 18 -9 9 19 11 12 -14 20 24 16 -18 -19 -20 -21 -22 -23 23 -25 -26 -27 -28 -29 -30 -31
leaf_value=-0.013431531893682798 -0.023195188921167856 -0.00018256213834547518 0.0094581068356654734 0.023907679019841834 -0.0044627362045259423 0.017821878548647356 -0.0029225161663967124 -0.011400542148946351 -0.0017319058852296608 0.0017418755459460138 -0.0006028314020771247 0.0049489202682525511 -0.041644604450821417 -0.00092751139317148778 0.016809364505902993 0.021571837406081613 0.062581232712640392 0.01706863181292281 0.0053988294299540879 0.0063003467941260124 0.011251088637197234 0.053428424378655054 0.0021010198343643233 -0.004699091840690073 0.0091997895500291211 -0.047388852531041366 0.038038958618656186 -0.0041471588571772638 0.0029081456550774654 0.017608823646123217
leaf_weight=2296 188 21074 1961 786 6484 263 4799 2799 7165 16838 195 220 97 922 29 160 77 606 1334 4338 965 83 95 5510 118 57 78 795 1931 681
leaf_count=2296 188 21074 1961 786 6484 263 4799 2799 7165 16838 195 220 97 922 29 160 77 606 1334 4338 965 83 95 5510 118 57 78 795 1931 681
internal_value=-1.0461e-12 0.00151012 0.00820606 0.0147609 -0.00556168 0.000661943 -0.00438957 -0.00655462 0.002084 0.0015614 0.00408745 0.00983196 -0.0093084 0.000816881 0.014439 0.0180991 0.0348956 0.00737371 -0.00111253 0.0026757 0.00530055 0.0267273 -0.000993111 -0.00399883 -0.00552999 -0.0257406 0.0183043 -0.00779012 0.00469589 0.0135549
internal_weight=82944 65232 7334 2830 17712 57898 15416 9283 31141 28341 4504 1634 317 2870 1317 1113 237 2800 6133 21176 1887 869 26757 5683 204 86 173 983 2194 876
internal_count=82944 65232 7334 2830 17712 57898 15416 9283 31141 28341 4504 1634 317 2870 1317 1113 237 2800 6133 21176 1887 869 26757 5683 204 86 173 983 2194 876
is_linear=0
shrinkage=0.05


Tree=9
num_leaves=31
num_cat=0
split_feature=2 9 2 5 2 4 5 3 9 8 0 9 11 0 0 8 4 2 4 2 9 6 0 0 7 6 5 4 5 4
split_gain=256.985 119.662 118.059 54.7762 60.6849 49.2544 32.4772 32.3665 34.2203 30.967 28.9725 47.202 37.7088 26.3632 36.4043 25.1347 37.5664 24.7472 24.2602 39.5078 23.3715 113.625 53.0065 34.3924 24.6503 22.2577 21.8404 73.9248 109.765 39.9817
threshold=-0.096221171135546069 -1.2514084728909125 -0.88325917424359046 0.12281920449442395 2.0221389452373439 -1.4674673191492369 -0.12281920449442368 0.66181572688883439 -0.28878657066713359 -0.27754979391328816 -0.55302738326259016 -1.0588840924461567 0.46605794042707133 -0.30211222621632566 -0.46857423455844588 -1.0174668528432229 -0.74576208022338231 2.0221389452373439 1.6358652082319367 1.6551730087012897 -1.540195043558046 -0.066328909107543868 -1.0318387362866506 -0.94953129001567838 -0.44226394673424807 -1.0580783826696147 0.24472827403648026 -1.1787852235788951 0.12281920449442395 1.2268989061739526
decision_type=2 2 2 2 2 2 2 2 2 2 2 2 2 2 2 2 2 2 2 2 2 2 2 2 2 2 2 2 2 2
left_child=2 3 10 5 15 9 -4 8 -3 -2 12 -12 20 14 -6 16 -5 -9 19 -7 21 -1 -23 -24 -25 -8 27 28 -27 -29
right_child=1 7 6 4 13 18 25 17 -10 -11 11 -13 -14 -15 -16 -17 -18 -19 -20 -21 -22 22 23 24 -26 26 -28 29 -30 -31
leaf_value=-0.0089752934077287471 -0.03505610623788611 -0.0018332397665932693 -0.0028801697985711594 0.045853656192591033 0.03667303297855095 0.0056696474387276583 -0.0044897520990116084 0.0034317714078844356 0.0018986501908707756 -0.0025631638927672007 -0.016464364856115597 -0.0065433153927702912 -0.02674113352802427 0.0593983992334755 -0.016254672282375395 0.0093032107092535284 0.013336288380518594 0.012638821670740225 -0.013270314299436897 0.02149132652846027 -0.0051063457832781177 0.0020525748672133143 0.12185662249508111 0.076638572159651169 0.013110748463525222 0.016607244503299083 0.00036611320976755516 0.0055582031143635935 0.11250075210670107 -0.02360129047279037
leaf_weight=311 107 8647 18779 126 173 2405 1917 7912 21211 233 2104 2787 180 87 40 1629 301 804 137 472 2360 44 23 37 26 139 8461 1325 38 129
leaf_count=311 107 8647 18779 126 173 2405 1917 7912 21211 233 2104 2787 180 87 40 1629 301 804 137 472 2360 44 23 37 26 139 8461 1325 38 129
internal_value=8.82856e-12 0.00260039 -0.00297868 0.00935583 0.0151989 0.00525139 -0.00158154 0.00160041 0.000817879 -0.0127889 -0.00844302 -0.0108111 -0.00455759 0.0362064 0.0267336 0.0121336 0.0229316 0.00428107 0.00728645 0.00826535 -0.00313201 0.00743357 0.0466886 0.0695257 0.0504207 0.00044919 0.00138735 0.00668516 0.0371946 0.00297115
internal_weight=82944 44284 38660 5710 2356 3354 30788 38574 29858 340 7872 4891 2981 300 213 2056 427 8716 3014 2877 2801 441 130 86 63 12009 10092 1631 177 1454
internal_count=82944 44284 38660 5710 2356 3354 30788 38574 29858 340 7872 4891 2981 300 213 2056 427 8716 3014 2877 2801 441 130 86 63 12009 10092 1631 177 1454
is_linear=0
shrinkage=0.05


Tree=10
num_leaves=31
num_cat=0
split_feature=2 9 2 5 2 9 4 8 8 5 8 4 1 4 5 2 9 0 11 1 4 4 4 6 0 4 4 0 5 4
split_gain=231.929 108.396 106.548 58.3569 58.3677 35.2127 32.9032 48.1397 30.0316 29.3107 28.6084 52.9545 27.8484 26.8826 28.0932 25.5842 23.7141 33.0044 27.0688 23.5142 22.2565 22.243 33.8625 54.1903 32.4606 20.8841 20.517 20.4996 37.0232 92.0848
threshold=-0.096221171135546069 -1.1551462826685344 -0.88325917424359046 0.061466547291727118 2.4244984565464338 0.19252438044475581 0.505193667248098 -1.7404918888887655 -1.7404918888887655 -0.12281920449442368 -1.7404918888887655 1.6118083669344083 -0.19336705136031093 -0.21651157167775612 0.24472827403648026 0.2906364573580596 -1.0588840924461567 -0.55302738326259016 0.46605794042707133 2.2069776570181805 1.6358652082319367 1.5155810017442943 1.3712399539591236 1.0000000180025095e-35 -0.81149832643199871 -1.6118083669344079 1.3471831126615947 -0.39045768048712909 0.24472827403648026 1.2268989061739526
decision_type=2 2 2 2 2 2 2 2 2 2 2 2 2 2 2 2 2 2 2 2 2 2 2 2 2 2 2 2 2 2
left_child=2 3 12 6 8 -3 7 -2 13 -4 11 26 16 14 -5 -7 17 18 21 -15 25 22 -1 -24 -25 -14 -8 -11 29 -29
right_child=1 5 9 4 -6 15 10 -9 -10 27 -12 -13 20 19 -16 -17 -18 -19 -20 -21 -22 -23 23 24 -26 -27 -28 28 -30 -31
leaf_value=-0.0051496962359513943 -0.028406719707961506 -0.00048944774463816217 -0.002736161334044156 0.061335033445786204 0.030162939155188459 0.0013848202960607811 0.02419624283556714 0.0011490078165540996 0.0087298277091699249 -0.001527680426954737 0.0053759674201653077 -0.040881143909479889 0.024447182486695584 0.0056673063670569287 0.010213417548788484 0.0049153156232025139 -0.0065274361233088876 -0.017075118665224293 -0.026411426038554821 0.057074602807943645 0.036466484758499507 -0.034410491192778739 -0.014193144997261698 0.10466708602464719 0.025715311393141749 -0.0041429155692341759 0.060646375580405698 0.01705526026805888 0.00098647485923714583 -0.053721159830456604
leaf_weight=994 150 14900 18779 78 404 14327 182 1690 3278 6337 982 28 67 154 41 7995 3332 1765 152 26 37 57 46 23 30 1369 49 740 4883 49
leaf_count=994 150 14900 18779 78 404 14327 182 1690 3278 6337 982 28 67 154 41 7995 3332 1765 152 26 37 57 46 23 30 1369 49 740 4883 49
internal_value=4.57969e-12 0.00247037 -0.00282975 0.00814961 0.0121482 0.00139287 0.00298304 -0.00126043 0.0101135 -0.00150246 0.00927471 0.0240568 -0.00802086 0.0252829 0.0437217 0.00264933 -0.0094477 -0.0126203 -0.00658127 0.0130928 -0.00182242 -0.00396024 -0.00237226 0.0255143 0.0599774 -0.00280898 0.0319281 0.00042673 0.00261028 0.0126598
internal_weight=82944 44284 38660 7062 3981 37222 3081 1840 3577 30788 1241 259 7872 299 119 22322 6399 3067 1302 180 1473 1150 1093 99 53 1436 231 12009 5672 789
internal_count=82944 44284 38660 7062 3981 37222 3081 1840 3577 30788 1241 259 7872 299 119 22322 6399 3067 1302 180 1473 1150 1093 99 53 1436 231 12009 5672 789
is_linear=0
shrinkage=0.05


Tree=11
num_leaves=31
num_cat=0
split_feature=5 1 9 5 8 0 0 0 0 3 6 5 0 4 5 3 5 4 8 6 4 0 4 3 0 0 12 5 4 5
split_gain=173.823 96.139 83.2003 69.8655 39.3168 50.9781 92.7151 42.0166 36.1492 42.0009 30.2261 31.5561 32.661 38.7532 31.9318 28.4093 27.4056 26.6615 40.5286 23.7589 30.9088 24.6746 23.8393 23.0516 22.9272 21.6255 33.5286 20.9801 20.487 44.6535
threshold=-0.061466547291726868 0.2104564302803604 -0.19252438044475575 0.42390874111029014 -1.7404918888887655 -0.20623145332843523 -0.14168951538582014 -0.55302738326259016 -0.19301330472787928 3.1493595272315917 1.0000000180025095e-35 0.12281920449442395 0.27751881947500395 -1.2268989061739519 0.18394424571997578 2.2784055443310356 0.30505838731795659 1.1306715409838386 0.74090168677562918 -0.066328909107543868 1.154728382281367 -1.3779362757385505 0.89010312800855373 -0.16400015831485951 -0.89706151121772792 -0.16309116136109869 1.0444659357341872 1.082299156171467 1.4674673191492373 -0.1839442457199755
decision_type=2 2 2 2 2 2 2 2 2 2 2 2 2 2 2 2 2 2 2 2 2 2 2 2 2 2 2 2 2 2
left_child=2 -2 15 4 5 7 8 16 -7 -10 24 -12 13 14 -13 19 -3 -15 -19 20 -1 23 -21 -22 -6 26 -17 -5 -24 -30
right_child=1 3 -4 27 10 6 -8 -9 9 -11 11 12 -14 17 -16 25 -18 18 -20 22 21 -23 28 -25 -26 -27 -28 -29 29 -31
leaf_value=-0.0042983326435392577 0.00046260105565703317 0.034222473754049042 -0.0003799569572604058 0.00059878776512266719 0.0092380718013355123 0.034959158122252962 0.015262847829237581 -0.019076019868618628 0.15281471082797418 0.065989504046738146 0.0029607176984938095 0.004270601875203498 0.0070331746640714884 0.0096456714714411064 0.048755558169992171 -0.003313852303350965 0.00058838609815340011 0.013901606882251337 0.054429863847792151 -0.0051863163243961834 0.046666376964159068 0.0018022839847278288 -0.014700381314530784 0.0019819174832836901 -0.00036393395359144343 0.001566238097485996 -0.078801576940244755 0.0051892417336177029 -0.0093764735844363012 0.027456405742365561
leaf_weight=7235 27545 156 22910 4813 1382 26 125 87 26 30 570 51 558 490 193 24 99 161 100 6486 62 1306 1429 54 1130 31 38 5155 576 96
leaf_count=7235 27545 156 22910 4813 1382 26 125 87 26 30 570 51 558 490 193 24 99 161 100 6486 62 1306 1429 54 1130 31 38 5155 576 96
internal_value=7.16188e-12 0.00222228 -0.00235756 0.00542123 0.0101293 0.0227814 0.0423655 0.0109279 0.0836806 0.106301 0.00863064 0.0130227 0.0167158 0.0221459 0.0394575 -0.00497088 0.0211645 0.0165213 0.0294297 -0.00482224 -0.00297381 0.00376521 -0.00668573 0.025865 0.0049187 -0.0325316 -0.0495805 0.00297276 -0.0113146 -0.00411463
internal_weight=82944 42697 40247 15152 5184 549 207 342 82 56 4635 2123 1553 995 244 17337 255 751 261 17244 8657 1422 8587 116 2512 93 62 9968 2101 672
internal_count=82944 42697 40247 15152 5184 549 207 342 82 56 4635 2123 1553 995 244 17337 255 751 261 17244 8657 1422 8587 116 2512 93 62 9968 2101 672
is_linear=0
shrinkage=0.05


Tree=12
num_leaves=31
num_cat=0
split_feature=2 2 5 9 2 5 4 5 5 5 12 0 4 5 5 1 4 1 0 4 8 0 11 8 4 5 6 4 5 4
split_gain=201.96 106.056 58.1805 50.983 40.499 38.8117 40.4796 34.0971 30.7943 29.2036 26.9589 27.9288 26.9501 23.7869 26.3021 21.7497 20.1361 19.8971 19.6174 19.309 25.9791 20.8241 17.887 29.8524 34.7481 33.1088 17.9577 23.8499 17.8848 17.7796
threshold=-0.53093816874697797 0.99493369610194649 -0.1839442457199755 -1.1551462826685344 -1.8779936383290419 0.12281920449442395 -1.5396378430418223 0.48220716928829882 -0.75810821674430739 0.85925218225375766 -1.0444659357341868 -0.29045144009127849 1.1787852235788956 -0.12281920449442368 -0.53960840463842685 -0.036448468072567235 1.6358652082319367 0.9312826056016329 -0.38127775259496721 1.1787852235788956 -1.7404918888887655 -0.55626609416445294 1.0000000180025095e-35 -1.7404918888887655 -1.1306715409838382 0.12281920449442395 -0.50537016327275397 1.5636946843393513 0.18394424571997578 -0.38490946076045524
decision_type=2 2 2 2 2 2 2 2 2 2 2 2 2 2 2 2 2 2 2 2 2 2 2 2 2 2 2 2 2 2
left_child=4 2 8 5 -1 6 17 22 -2 -9 11 12 -7 14 -6 -15 19 -3 -16 -8 21 -21 29 24 25 -24 27 -25 -29 -4
right_child=1 3 7 -5 13 10 16 9 -10 -11 -12 -13 -14 15 18 -17 -18 -19 -20 20 -22 -23 23 26 -26 -27 -28 28 -30 -31
leaf_value=-0.011590416748210534 -0.00036778464896105207 0.009301845311134491 -0.0048938128811506698 0.0033390545865135618 -0.0038919748602113226 0.010268582107477107 0.0074647631152940826 -0.0022033541124018559 -0.0044744128026231829 0.0019260347892078756 0.014558953252370017 0.064811591422543502 0.043586583519003019 -0.0036108709861988443 -0.0055830974891440781 0.0041557196240887334 -0.010029493979478287 -0.027482192405150277 -0.014583168952471338 0.066210372705012552 0.01301043532841715 0.018756116772893558 0.0031322994946756146 0.0030486700627023948 0.013072486917836018 0.077205142372986313 0.0091448924568353594 -0.048927914039231836 0.0043401663048336144 0.0045075697723496273
leaf_weight=2296 23288 53 659 3709 4451 142 790 5302 5678 22247 1084 52 106 3367 1141 1231 118 120 1290 50 233 43 22 1044 203 48 1988 40 26 2123
leaf_count=2296 23288 53 659 3709 4451 142 790 5302 5678 22247 1084 52 106 3367 1141 1231 118 120 1290 50 233 43 22 1044 203 48 1988 40 26 2123
internal_value=1.08771e-11 0.00110108 0.000470531 0.00718035 -0.00552842 0.0122851 0.0064373 0.00188291 -0.00117278 0.0011313 0.0182301 0.0314951 0.0245093 -0.00431602 -0.00617637 -0.00153156 0.00961276 -0.0162131 -0.0103589 0.0116896 0.0219278 0.0442692 0.00524811 0.00769714 0.0235475 0.0539251 0.00630038 0.00120589 -0.0279435 0.00228057
internal_weight=82944 69168 62668 6500 13776 2791 1407 33702 28966 27549 1384 300 248 11480 6882 4598 1234 173 2431 1116 326 93 6153 3371 273 70 3098 1110 66 2782
internal_count=82944 69168 62668 6500 13776 2791 1407 33702 28966 27549 1384 300 248 11480 6882 4598 1234 173 2431 1116 326 93 6153 3371 273 70 3098 1110 66 2782
is_linear=0
shrinkage=0.05


Tree=13
num_leaves=31
num_cat=0
split_feature=2 9 2 5 2 4 8 3 0 9 5 9 0 5 4 8 5 2 4 9 4 6 4 2 2 4 2 0 4 0
split_gain=185.678 89.2996 70.9583 44.7831 45.7947 31.4832 29.0049 28.4717 26.6457 31.4603 25.8228 24.8766 23.8917 25.7385 72.7571 67.0086 95.3741 21.09 20.7459 22.887 19.9365 19.5405 93.1453 20.3046 19.2992 17.9011 35.6871 16.8327 16.7413 16.5801
threshold=-0.19320615238494646 -1.2514084728909125 -1.1166797401746962 0.12281920449442395 0.90653492394164015 -1.4674673191492369 -0.27754979391328816 0.66181572688883439 -0.73804304047437896 -1.1551462826685344 -0.12281920449442368 -0.28878657066713359 -0.39045768048712909 0.24472827403648026 1.154728382281367 -1.7404918888887655 0.12281920449442395 0.7157543158983517 0.76981892152091114 -1.4439328533356683 -1.6358652082319363 1.0000000180025095e-35 1.3231262713640664 -1.8779936383290419 3.1370852600680732 1.6358652082319367 1.6551730087012897 0.83221450773788053 1.3712399539591236 -0.22982493779196608
decision_type=2 2 2 2 2 2 2 2 2 2 2 2 2 2 2 2 2 2 2 2 2 2 2 2 2 2 2 2 2 2
left_child=2 3 8 5 27 6 -2 11 20 18 -4 -3 -12 14 15 16 -14 -9 19 -10 -1 -22 -23 -24 -6 26 -7 -5 -20 -16
right_child=1 7 10 4 24 25 -8 17 9 -11 12 -13 13 -15 29 -17 -18 -19 28 -21 21 22 23 -25 -26 -27 -28 -29 -30 -31
leaf_value=0.040548924915492536 -0.031420209679987515 -0.0017273179325649425 -0.003189822430214693 0.0088691074934642219 0.018979080666829257 0.0039963158267108034 -0.00059091662122108448 0.0020270607020979035 -0.0039032503199695721 -0.0064213590741280524 -0.0021518956307248409 0.0012154108596112655 0.0012399433478713037 0.0010836872455989564 -0.0032581833563745024 0.011450907731530048 0.13801710628546202 0.0072585016826089109 -0.027345999257744558 -0.017802538238339657 -0.0052336979126253041 -0.014035259041810168 0.042026652275201158 0.10455822384073621 0.044203164797635329 -0.012133093028356114 0.018888766533854 -0.0097863197795849191 -0.006086006459924553 -0.058570162091581592
leaf_weight=26 111 9863 15253 1440 878 2723 244 6966 542 2343 5275 26418 25 3617 20 650 26 2663 459 653 1602 108 34 21 83 139 472 132 116 42
leaf_count=26 111 9863 15253 1440 878 2723 244 6966 542 2343 5275 26418 25 3617 20 650 26 2663 459 653 1602 108 34 21 83 139 472 132 116 42
internal_value=1.07315e-11 0.00181872 -0.00307716 0.00743995 0.0125591 0.00392495 -0.0102305 0.0010569 -0.00800558 -0.0102221 -0.00190896 0.000415429 0.000114539 0.00284409 0.0111893 0.0157811 0.0709695 0.00347387 -0.0152533 -0.0114984 -0.00291529 -0.00355556 0.0129376 0.0659023 0.0211576 0.0054322 0.00619639 0.00730262 -0.023057 -0.0407276
internal_weight=82944 52132 30812 6222 2533 3689 355 45910 5904 4113 24908 36281 9655 4380 763 701 51 9629 1770 1195 1791 1765 163 55 961 3334 3195 1572 575 62
internal_count=82944 52132 30812 6222 2533 3689 355 45910 5904 4113 24908 36281 9655 4380 763 701 51 9629 1770 1195 1791 1765 163 55 961 3334 3195 1572 575 62
is_linear=0
shrinkage=0.05


Tree=14
num_leaves=31
num_cat=0
split_feature=2 2 9 5 2 4 0 0 9 1 8 5 6 2 4 4 2 4 2 9 0 11 4 4 6 5 4 7 4 8
split_gain=170.136 81.0933 75.5448 34.2245 39.829 37.2621 22.3524 31.1975 21.9073 21.8008 21.7963 20.8493 21.9565 20.579 20.7153 19.685 18.7355 18.718 26.3114 18.5631 26.0668 23.7611 20.3549 27.8286 45.9837 28.947 17.9901 17.1672 22.3714 39.4012
threshold=-0.036678148836003559 -0.88325917424359046 -1.2514084728909125 0.12281920449442395 2.0221389452373439 -1.4674673191492369 -0.30211222621632566 -0.46857423455844588 0.2887865706671337 -0.19336705136031093 -0.27754979391328816 -0.12281920449442368 -1.0580783826696147 1.4906175899570901 1.4674673191492373 1.6358652082319367 0.48208603951769385 1.6358652082319367 1.6551730087012897 -1.0588840924461567 -0.55302738326259016 0.46605794042707133 1.5155810017442943 1.3712399539591236 1.0000000180025095e-35 -0.061466547291726868 -1.6118083669344079 0.50473852548845832 -0.74576208022338231 0.37100531152820115
decision_type=2 2 2 2 2 2 2 2 2 2 2 2 2 2 2 2 2 2 2 2 2 2 2 2 2 2 2 2 2 2
left_child=1 9 3 5 27 10 7 -6 13 19 -2 -3 -13 -4 -15 26 -10 18 -7 20 21 22 23 -1 -25 -26 -11 28 29 -5
right_child=2 11 8 4 6 17 -8 -9 16 15 -12 12 -14 14 -16 -17 -18 -19 -20 -21 -22 -23 -24 24 25 -27 -28 -29 -30 -31
leaf_value=-0.0040454106866529629 -0.030065322074740428 -0.0021765639663362218 -0.00065203416697478828 0.035318029398599321 0.029951465325268534 0.004946201236140005 0.050827790437073542 -0.019045243295840921 0.0018608922689994799 0.023053923588065406 -0.0026424376661563906 -0.0041550765317955431 0.0012291619569848823 0.0021303590680386386 0.013968745726390203 0.034693609902987609 0.0058880443922038617 -0.011923617750246411 0.017944328026869235 -0.0054785592354011838 -0.014828262824912109 -0.024081419879554519 -0.032175832878994316 -0.012824766394560753 0.024370179072983805 0.099362675371495165 -0.0034814471857028354 0.0023604174123915181 0.0091466270375741027 0.0001057921227912943
leaf_weight=994 106 20676 13660 239 173 2223 87 40 15624 67 229 2269 11440 1986 454 37 3543 134 472 3332 1765 152 57 46 31 22 1369 544 1054 119
leaf_count=994 106 20676 13660 239 173 2223 87 40 15624 67 229 2269 11440 1986 454 37 3543 134 472 3332 1765 152 57 46 31 22 1369 544 1054 119
internal_value=8.06174e-13 -0.00222205 0.00230779 0.00780357 0.0125089 0.00444858 0.0294727 0.0207502 0.00146318 -0.00679983 -0.0113195 -0.00117403 0.000338007 0.000103473 0.00433308 -0.00131556 0.00260531 0.00631579 0.00722268 -0.00806227 -0.0108692 -0.00550232 -0.00304665 -0.00152756 0.0237527 0.0554991 -0.00224338 0.00990706 0.0128145 0.0236134
internal_weight=82944 42257 40687 5420 2256 3164 300 213 35267 7872 335 34385 13709 16100 2440 1473 19167 2829 2695 6399 3067 1302 1150 1093 99 53 1436 1956 1412 358
internal_count=82944 42257 40687 5420 2256 3164 300 213 35267 7872 335 34385 13709 16100 2440 1473 19167 2829 2695 6399 3067 1302 1150 1093 99 53 1436 1956 1412 358
is_linear=0
shrinkage=0.05


Tree=15
num_leaves=31
num_cat=0
split_feature=2 2 2 5 5 5 5 5 5 4 3 1 1 4 5 5 5 4 4 8 3 0 0 1 0 3 2 1 5 4
split_gain=154.323 76.4537 38.2108 37.7242 26.8 25.9834 24.173 24.124 23.7178 22.1967 52.252 20.1115 17.8952 23.2424 17.3879 30.1586 28.6897 24.7174 23.0767 28.829 19.0094 18.7009 17.2336 23.9853 31.5208 20.8146 20.0303 19.0094 16.9648 16.0375
threshold=-0.39951730542671443 0.99493369610194649 -1.8779936383290419 -0.1839442457199755 0.48220716928829882 -0.12281920449442368 -0.59600457818367603 -0.75810821674430739 0.85925218225375766 1.1787852235788956 -1.5904119996865644 0.070702696420540417 -1.7064305586094055 -1.5155810017442939 1.0000000180025095e-35 0.30505838731795659 0.18394424571997578 -1.2268989061739519 -0.96227365190113912 1.0152913959672809 1.8226766453680494 0.12142570656743339 -0.24514711865888661 2.3825425859923857 -0.17705215526021886 1.8226766453680494 3.1370852600680732 0.88408258218813507 -0.24472827403648004 1.3471831126615947
decision_type=2 2 2 2 2 2 2 2 2 2 2 2 2 2 2 2 2 2 2 2 2 2 2 2 2 2 2 2 2 2
left_child=2 3 12 7 -5 6 -4 -2 -6 14 -11 -7 13 -1 20 16 17 -16 19 -18 -3 -17 26 25 -25 -24 -12 -28 -26 -15
right_child=1 9 5 4 8 11 -8 -9 -10 10 22 -13 -14 29 15 21 18 -19 -20 -21 -22 -23 23 24 28 -27 27 -29 -30 -31
leaf_value=0.030266339456041652 -0.00011878401475534826 0.00077549903751731957 -0.003029613295623867 0.0048143286656388137 -0.0020949684918954397 -0.0022268166071373915 -0.0083710779183978241 -0.0039908238766216079 0.001754273439497544 0.080071402848180803 0.010490488120614285 0.0047134367565876099 -0.013782419056246463 -0.0089780495368124904 -0.0083794219274169867 0.00059185920612809205 0.047557500565156646 0.014105120748649884 0.01161351606397317 -0.0018545328052651539 -0.025445776981123838 0.0094623768116784222 0.0036356984357730766 -0.070875575579702851 -0.025902147463833292 0.029306697271665773 0.074028423689305775 0.022755008222698731 0.007149748382984069 0.012383654112974653
leaf_weight=45 21700 1048 6013 5711 4919 4799 3270 4938 21464 27 912 1334 1371 781 177 1808 146 395 161 37 74 885 328 20 60 104 20 188 110 99
leaf_count=45 21700 1048 6013 5711 4919 4799 3270 4938 21464 27 912 1334 1371 781 177 1808 146 395 161 37 74 885 328 20 60 104 20 188 110 99
internal_value=2.53477e-12 0.00112382 -0.00413894 0.000554364 0.00170883 -0.00324269 -0.00491118 -0.000836561 0.0010366 0.00626922 0.0110475 -0.000717229 -0.0101566 -0.00478258 0.00448255 0.00617268 0.0140097 0.00714749 0.0254202 0.0375671 -0.00095389 0.00350698 0.00997765 0.00330424 -0.0115009 0.00981575 0.0136838 0.0276851 -0.00451563 -0.00657486
internal_weight=82944 65232 17712 58732 32094 15416 9283 26638 26383 6500 1769 6133 2296 925 4731 3609 916 572 344 183 1122 2693 1742 622 190 432 1120 208 170 880
internal_count=82944 65232 17712 58732 32094 15416 9283 26638 26383 6500 1769 6133 2296 925 4731 3609 916 572 344 183 1122 2693 1742 622 190 432 1120 208 170 880
is_linear=0
shrinkage=0.05


Tree=16
num_leaves=31
num_cat=0
split_feature=2 2 9 5 2 4 1 4 4 9 8 0 0 4 9 0 11 2 3 4 4 8 3 4 3 4 12 0 8 4
split_gain=142.168 66.5905 62.3894 28.1824 33.5245 31.7775 20.8644 22.5586 20.8774 19.3033 19.1717 18.8581 27.1578 17.7431 17.7385 22.5506 23.3506 17.2479 16.6806 16.4582 23.8711 29.729 16.5661 17.1145 16.3279 16.1533 16.1035 15.625 15.855 20.8698
threshold=-0.036678148836003559 -0.851259769351704 -1.2514084728909125 0.12281920449442395 2.0221389452373439 -1.4674673191492369 0.090255629231647663 1.6599220495294651 -1.6358652082319363 0.2887865706671337 -0.27754979391328816 -0.30211222621632566 -0.46857423455844588 1.202842064876424 -0.19252438044475575 -0.53353520114698727 0.46605794042707133 0.26571259179882323 0.76300614235834274 1.6358652082319367 0.505193667248098 -1.7404918888887655 0.73598547384041824 1.202842064876424 0.80387989609545107 0.67359155633079737 -1.0444659357341868 0.83221450773788053 -1.0174668528432229 -0.74576208022338231
decision_type=2 2 2 2 2 2 2 2 2 2 2 2 2 2 2 2 2 2 2 2 2 2 2 2 2 2 2 2 2 2
left_child=1 6 3 5 27 10 14 8 -8 13 -2 12 -6 -4 15 16 -1 -11 -15 20 -7 22 23 25 -3 -22 -10 28 29 -5
right_child=2 24 9 4 11 19 7 -9 26 17 -12 -13 -14 18 -16 -17 -18 -19 -20 -21 21 -23 -24 -25 -26 -27 -28 -29 -30 -31
leaf_value=-0.003041378986734873 -0.028082935798107118 -0.0014558149291493019 -0.00069342773572929946 0.036199646373279395 0.027510347729431051 0.0025928130408917564 0.033430424746569938 0.050427342714233839 -0.013801825919654221 0.0010879267425665735 -0.0023640605679946529 0.046552242936791277 -0.018204152807593348 0.001489304792855713 -0.00090894975998423097 -0.010582291911529273 -0.022251492992543396 0.0041104610373040749 0.010483489452474676 -0.011319145515262247 0.064359808050184736 0.0081362647381620669 0.0062211416482345246 0.059161828279944276 0.0019501727231245024 0.01544570773136044 0.0011813726445347649 -0.0039334418753838238 0.007924133896237133 0.011601414597047185
leaf_weight=2277 106 30072 13315 125 173 1551 43 22 230 10757 229 87 40 2102 1002 3642 170 8410 683 134 21 920 61 56 3985 86 814 209 1344 278
leaf_count=2277 106 30072 13315 125 173 1551 43 22 230 10757 229 87 40 2102 1002 3642 170 8410 683 134 21 920 61 56 3985 86 814 209 1344 278
internal_value=1.26218e-11 -0.00203122 0.0021096 0.00710398 0.0113738 0.00405952 -0.00607626 0.000301287 -0.000713224 0.00134204 -0.010502 0.0269372 0.0189255 6.56989e-05 -0.00707368 -0.00808814 -0.00437596 0.00241414 0.00369506 0.00578384 0.00663423 0.0121135 0.0284484 0.0367666 -0.00105728 0.0250457 -0.00211952 0.00898676 0.0105324 0.0192311
internal_weight=82944 42257 40687 5420 2256 3164 8200 1109 1087 35267 335 300 213 16100 7091 6089 2447 19167 2785 2829 2695 1144 224 163 34057 107 1044 1956 1747 403
internal_count=82944 42257 40687 5420 2256 3164 8200 1109 1087 35267 335 300 213 16100 7091 6089 2447 19167 2785 2829 2695 1144 224 163 34057 107 1044 1956 1747 403
is_linear=0
shrinkage=0.05


Tree=17
num_leaves=31
num_cat=0
split_feature=2 9 2 5 2 8 4 5 9 1 4 8 1 0 9 1 4 9 0 0 5 6 2 5 10 3 4 6 4 2
split_gain=128.682 58.7673 56.3389 32.605 38.816 24.3434 23.7006 31.4942 23.1217 22.1806 31.2283 55.7321 24.0361 20.9354 25.547 20.9336 18.6647 20.7757 17.6571 27.2643 17.6059 18.3473 17.4511 17.3718 15.8774 37.8412 15.4928 16.0823 77.0993 18.8588
threshold=-0.096221171135546069 -1.1551462826685344 -1.1166797401746962 0.061466547291727118 3.1370852600680732 -1.7404918888887655 -0.21651157167775612 0.24472827403648026 0.096262190222377905 2.3825425859923857 1.2750125887690096 -1.0174668528432229 1.1032161565643108 -0.73804304047437896 -1.1551462826685344 2.2069776570181805 0.76981892152091114 -1.4439328533356683 -0.22982493779196608 -0.16309116136109869 -0.12281920449442368 -1.0580783826696147 0.37300177230647624 -0.65128935879477201 1.0000000180025095e-35 0.62828238175358708 -1.6358652082319363 1.0000000180025095e-35 1.3231262713640664 -1.8779936383290419
decision_type=2 2 2 2 2 2 2 2 2 2 2 2 2 2 2 2 2 2 2 2 2 2 2 2 2 2 2 2 2 2
left_child=2 3 13 9 5 6 7 -5 -3 10 -2 -12 -13 26 16 -8 17 24 -11 -20 23 -22 -10 -4 25 -15 -1 -28 -29 -30
right_child=1 8 20 4 -6 -7 15 -9 22 18 11 12 -14 14 -16 -17 -18 -19 19 -21 21 -23 -24 -25 -26 -27 27 28 29 -31
leaf_value=0.036223644080858396 0.0012960324413635194 -0.0005659773687376763 -0.0015159726258210373 0.056880374163338278 0.029879938815036235 0.0066210214388150463 0.0034045861067575778 0.0049589531076059722 0.0011946687478589521 0.012925074110738934 0.055965464587693352 0.013913115120388104 -0.022595945619131357 -0.0046171009028692827 -0.0051434266948928269 0.050876228400954494 -0.020504124242296119 -0.015546910025086326 -0.059499855637032951 -0.010450453271816269 -0.0041592908390642109 0.00096982225398151286 0.0043065206524670312 -0.0052880413433801119 -0.013064409101879434 0.035749675309285522 -0.004178517647733599 -0.01223320757271722 0.037483850866556166 0.097748073013055894
leaf_weight=26 2484 13916 16106 80 211 3451 166 46 17202 50 73 250 55 257 2343 27 575 653 36 133 2079 10805 6104 3766 210 75 1602 108 34 21
leaf_count=26 2484 13916 16106 80 211 3451 166 46 17202 50 73 250 55 257 2343 27 575 653 36 133 2079 10805 6104 3766 210 75 1602 108 34 21
internal_value=1.06224e-11 0.00184011 -0.0021078 0.00602179 0.00901059 0.00784257 0.0210576 0.0379249 0.00104673 0.00215991 0.00333345 0.0167222 0.00732951 -0.00660368 -0.00856843 0.0100457 -0.0131022 -0.00954061 -0.0131765 -0.0208988 -0.00129745 0.000142174 0.00200968 -0.00223083 -0.00230423 0.0045019 -0.00209168 -0.0026561 0.0123066 0.0604938
internal_weight=82944 44284 38660 7062 3981 3770 319 126 37222 3081 2862 378 305 5904 4113 193 1770 1195 219 169 32756 12884 23306 19872 542 332 1791 1765 163 55
internal_count=82944 44284 38660 7062 3981 3770 319 126 37222 3081 2862 378 305 5904 4113 193 1770 1195 219 169 32756 12884 23306 19872 542 332 1791 1765 163 55
is_linear=0
shrinkage=0.05


Tree=18
num_leaves=31
num_cat=0
split_feature=2 2 2 9 9 9 11 2 8 9 4 12 4 6 1 4 2 4 8 2 0 1 0 4 4 4 9 9 4 9
split_gain=116.981 62.3358 29.4793 27.7393 22.2768 26.4659 23.7866 20.0719 22.6431 17.0222 43.8613 38.2624 34.1756 29.2463 16.6823 21.2259 15.8649 15.6718 43.3836 22.4169 21.72 26.5991 15.6541 15.5647 14.6853 15.0661 14.6053 14.058 13.6351 14.8347
threshold=-0.39951730542671443 0.56095455010479034 -1.8779936383290419 -1.1551462826685344 -1.3476706631132902 -0.28878657066713359 0.46605794042707133 1.5776952348168747 -1.7404918888887655 -1.4439328533356683 -1.2028420648764235 -1.0444659357341868 1.5877515256368797 -0.50537016327275397 -1.7064305586094055 -1.5155810017442939 0.16977928257991784 -1.1547283822813665 -1.7404918888887655 0.0049820884059850147 -0.89706151121772792 0.37291948784740531 -0.94953129001567838 -1.3231262713640659 -1.2750125887690089 1.0585010170912532 -0.48131095111188943 0.38504876088951162 1.3471831126615947 -1.1551462826685344
decision_type=2 2 2 2 2 2 2 2 2 2 2 2 2 2 2 2 2 2 2 2 2 2 2 2 2 2 2 2 2 2
left_child=2 4 14 7 6 -6 17 8 -3 10 -9 24 -12 -14 15 -1 -7 18 19 -2 22 -22 -20 -23 -11 -26 -16 -5 29 -17
right_child=1 3 -4 27 5 16 -8 9 -10 11 12 -13 13 -15 26 28 -18 -19 20 -21 21 23 -24 -25 25 -27 -28 -29 -30 -31
leaf_value=0.029793615697158712 0.090654030224929252 0.020910889573144513 -0.0028163373900991669 0.0012288157450622561 -0.0022724510546832189 -9.40374128228573e-05 0.013168995313139857 -0.014346270172682125 0.0031402730408529988 0.049679039256257378 0.019766059328732349 0.010114972955526809 -0.043361596428507641 0.007881779101370728 -0.013790089499576203 -0.012539271425389962 0.0021332056173601162 0.00064967601038172745 0.0025328830614363635 0.019916639459275066 0.012740954390028493 -0.030336395306826643 0.03933887550750604 0.018477528924122452 0.0034125122258014846 0.035289261516464769 0.0066312750320921239 0.005719536187236066 0.01206777188421293 0.0020418815794816954
leaf_weight=45 24 195 15416 6130 10521 27405 602 195 2220 86 435 694 43 79 1277 518 11289 2349 52 21 120 89 65 20 57 106 94 2435 99 263
leaf_count=45 24 195 15416 6130 10521 27405 602 195 2220 86 435 694 43 79 1277 518 11289 2349 52 21 120 89 65 20 57 106 94 2435 99 263
internal_value=5.29638e-12 0.000978449 -0.00360356 0.00412583 0.000219404 -4.88427e-05 0.00416967 0.00750249 0.00457517 0.0116733 0.00606227 0.0161478 0.0132071 -0.0101794 -0.00888916 -0.00370044 0.000555762 0.00219244 0.0114609 0.0576432 0.00545452 -0.00349989 0.0229807 -0.0213797 0.0329621 0.0241422 -0.0123899 0.00250551 -0.0054132 -0.0076291
internal_weight=82944 65232 17712 12675 52557 49215 3342 4110 2415 1695 752 943 557 122 2296 925 38694 2740 391 45 346 229 117 109 249 163 1371 8565 880 781
internal_count=82944 65232 17712 12675 52557 49215 3342 4110 2415 1695 752 943 557 122 2296 925 38694 2740 391 45 346 229 117 109 249 163 1371 8565 880 781
is_linear=0
shrinkage=0.05


Tree=19
num_leaves=31
num_cat=0
split_feature=2 2 5 9 5 5 9 2 0 12 6 11 3 6 9 1 9 7 9 7 5 9 3 5 5 1 5 11 0 0
split_gain=106.848 64.3688 29.7231 25.0347 29.2036 23.2283 22.619 22.5477 21.7816 19.8429 19.5807 18.7642 17.6516 16.1037 52.1631 15.6656 26.487 18.1723 16.2852 16.9999 15.7466 14.71 13.3861 13.0976 13.1675 13.3846 12.8799 12.8169 15.5568 37.898
threshold=-0.6865089158400054 0.56095455010479034 -0.1839442457199755 -1.1551462826685344 0.12281920449442395 -0.70535813777133527 -0.096262190222377877 2.1913090616896684 -0.55302738326259016 -1.0444659357341868 1.0000000180025095e-35 0.46605794042707133 3.7333394414554397 1.0000000180025095e-35 -1.6364572337804242 -0.3899012081179703 -1.3476706631132902 -0.17427846833443938 -1.2514084728909125 0.50473852548845832 1.0000000180025095e-35 -0.86635971200140094 0.47599134126430692 0.42390874111029014 1.082299156171467 -0.24717204544044369 0.18394424571997578 0.46605794042707133 0.21303905907237405 0.60971135057985326
decision_type=2 2 2 2 2 2 2 2 2 2 2 2 2 2 2 2 2 2 2 2 2 2 2 2 2 2 2 2 2 2
left_child=6 2 5 4 12 -2 8 -6 11 26 -4 13 -3 -1 -15 18 -17 21 19 -10 -21 -18 -5 27 -25 -26 -9 28 -12 -30
right_child=1 3 10 22 7 -7 -8 9 15 -11 23 -13 -14 14 -16 16 17 -19 -20 20 -22 -23 -24 24 25 -27 -28 -29 29 -31
leaf_value=-0.0028070534040311266 -0.00051435491117112419 0.0036566500973653341 0.0001336739788794375 0.00069707603165071073 0.0086137456046859445 -0.0043056697078828364 0.0010186246144729255 0.010139536962094832 -0.016468436997222988 0.012974874803384055 0.010289890345311711 -0.017159047188593273 -0.030296094056505424 0.068548729959310911 0.0021216894134668497 0.011878503413554207 -0.020053726530494323 -0.00023609329918896938 -0.0069860627775732726 0.0027146907436222788 -0.032911901372588342 -0.0024374501702467393 0.0047015952656641671 -0.00023222840724799229 0.0093129556253903172 0.0025482933991217535 0.042222208135662548 0.016499542437237443 -0.015647951579029495 0.008747631774997093
leaf_weight=3006 24441 2074 19435 4965 1551 4840 1478 41 1073 273 665 208 39 33 283 247 307 578 2830 224 36 193 3600 3776 863 4789 132 287 256 421
leaf_count=3006 24441 2074 19435 4965 1551 4840 1478 41 1073 273 665 208 39 33 283 247 307 578 2830 224 36 193 3600 3776 863 4789 132 287 256 421
internal_value=6.41355e-12 0.00068306 -3.2431e-06 0.00391954 0.00712736 -0.00114104 -0.00471478 0.0114628 -0.00565445 0.0213704 0.00108937 -0.00259052 0.00302998 -0.00167834 0.00905869 -0.00762524 -0.00289011 -0.00627401 -0.00913234 -0.013689 -0.00221822 -0.0132538 0.00238024 0.00276919 0.00205388 0.00358119 0.0346188 0.00690916 0.00485816 -0.000477286
internal_weight=82944 72448 59773 12675 4110 29281 10496 1997 9018 446 30492 3530 2113 3322 316 5488 1325 1078 4163 1333 260 500 8565 11057 9428 5652 173 1629 1342 677
internal_count=82944 72448 59773 12675 4110 29281 10496 1997 9018 446 30492 3530 2113 3322 316 5488 1325 1078 4163 1333 260 500 8565 11057 9428 5652 173 1629 1342 677
is_linear=0
shrinkage=0.05


Tree=20
num_leaves=31
num_cat=0
split_feature=2 9 2 2 9 4 4 7 3 0 9 9 12 4 9 3 1 3 7 2 10 3 6 4 0 3 0 1 7 6
split_gain=98.9377 47.6918 35.4728 22.3072 22.4816 38.3092 32.3066 26.7374 17.9953 17.4348 20.7038 17.3108 16.6812 16.4228 18.9103 14.3362 20.0992 20.3438 14.2862 14.1197 14.1014 33.5319 14.9182 14.0733 14.0011 13.8779 13.7169 17.2338 33.2349 13.0447
threshold=-0.19320615238494646 -1.2514084728909125 -1.1166797401746962 1.3246772382074914 -1.4439328533356683 -1.2028420648764235 1.5877515256368797 1.0000000180025095e-35 0.68576599319670584 -0.73804304047437896 -1.1551462826685344 -0.28878657066713359 -1.0444659357341868 0.76981892152091114 -1.4439328533356683 3.7333394414554397 1.1032161565643108 2.2784055443310356 -0.081021797575299523 2.0221389452373439 1.0000000180025095e-35 0.62828238175358708 -0.89145085320788475 -1.6358652082319363 -0.73804304047437896 0.80387989609545107 -1.39904985507936 -0.99829971678402096 1.0000000180025095e-35 1.0000000180025095e-35
decision_type=2 2 2 2 2 2 2 2 2 2 2 2 2 2 2 2 2 2 2 2 2 2 2 2 2 2 2 2 2 2
left_child=2 3 9 15 5 -5 -7 -8 11 23 13 -3 24 14 20 16 17 -2 -18 -10 21 22 -11 -1 -6 -4 -27 28 -28 -25
right_child=1 8 25 4 12 6 7 -9 19 10 -12 -13 -14 -15 -16 -17 18 -19 -20 -21 -22 -23 -24 29 -26 26 27 -29 -30 -31
leaf_value=0.034904665564401798 0.0037371319249359541 -0.0015072529394477563 -0.0018690663790588897 -0.011741987807426028 0.0069794268770651388 0.016953674628128603 0.00029269469749058707 -0.056943051014095553 0.0021448276583050903 -0.024449893948803949 -0.0044404894082104669 0.00093661873802393522 0.012946597534723043 -0.018548405518339323 -0.013994705543043426 0.021631524666562815 0.0018653809290614422 0.020543507520089706 -0.01406172438446758 0.0091120006771526832 -0.011501087749174552 0.034468472466571254 0.0034066044164512673 -0.0035223567373578821 0.039707577694940759 -0.014155819688706823 0.00048968851444837838 0.0032628757512389744 -0.050606731611134659 0.011324465913983582
leaf_weight=26 3808 9936 21761 235 44 557 111 25 8413 64 2343 26765 451 575 653 109 303 189 263 796 210 75 193 1602 127 131 115 2857 44 163
leaf_count=26 3808 9936 21761 235 44 557 111 25 8413 64 2343 26765 451 575 653 109 303 189 263 796 210 75 193 1602 127 131 115 2857 44 163
internal_value=2.69056e-12 0.0013276 -0.00224621 0.00543558 0.0106333 0.00570339 0.0116192 -0.0102286 0.000770859 -0.00573082 -0.00752379 0.000274993 0.0179885 -0.0116052 -0.0082644 0.00371116 0.00328308 0.00453183 -0.00553538 0.00274705 -0.00136054 0.00505367 -0.00353042 -0.00161329 0.0312863 -0.00142025 0.00168327 0.00237124 -0.0136502 -0.00215123
internal_weight=82944 52132 30812 6222 1550 928 693 136 45910 5904 4113 36701 622 1770 1195 4672 4563 3997 566 9209 542 332 257 1791 171 24908 3147 3016 159 1765
internal_count=82944 52132 30812 6222 1550 928 693 136 45910 5904 4113 36701 622 1770 1195 4672 4563 3997 566 9209 542 332 257 1791 171 24908 3147 3016 159 1765
is_linear=0
shrinkage=0.05


Tree=21
num_leaves=31
num_cat=0
split_feature=2 2 9 5 7 4 7 4 6 1 4 4 1 4 4 5 7 9 4 5 5 5 0 12 0 4 4 3 4 6
split_gain=90.2504 41.0627 40.5174 22.0996 29.7514 23.3612 20.6318 28.8244 18.9322 17.319 17.3129 18.8115 17.1954 20.6997 16.1724 20.7492 15.6355 14.632 15.0857 14.3896 14.3507 14.2975 13.4902 32.9951 14.6205 13.4421 19.235 25.1528 15.4428 14.2787
threshold=-0.036678148836003559 -0.851259769351704 -1.2514084728909125 0.061466547291727118 0.50473852548845832 -1.4674673191492369 1.0000000180025095e-35 -0.21651157167775612 -0.89145085320788475 2.2069776570181805 -1.3231262713640659 1.6118083669344083 0.090255629231647663 1.6599220495294651 -1.6118083669344079 0.061466547291727118 -0.17427846833443938 0.2887865706671337 1.202842064876424 0.24472827403648026 0.24472827403648026 0.061466547291727118 -0.30211222621632566 -1.0444659357341868 -0.35491878502369684 1.6358652082319367 1.0344441757937248 -1.5904119996865644 1.3471831126615947 -0.89145085320788475
decision_type=2 2 2 2 2 2 2 2 2 2 2 2 2 2 2 2 2 2 2 2 2 2 2 2 2 2 2 2 2 2
left_child=1 12 3 5 6 8 22 20 -2 -9 19 -12 -1 14 15 -14 -16 18 -4 -6 -8 -18 24 -24 -5 26 -7 28 -28 -27
right_child=2 -3 17 4 10 25 7 9 -10 -11 11 -13 13 -15 16 -17 21 -19 -20 -21 -22 -23 23 -25 -26 29 27 -29 -30 -31
leaf_value=-0.0057003060823721001 -0.032187624516664071 -0.00085357962346442389 -0.00074892353544057304 0.0083714284418517238 -0.031244005439576641 0.0020975705167552753 0.054033729870848007 0.0047726027180694727 -0.0030523515301667985 0.046893449358899025 0.0047385370255793278 -0.035835652686655527 0.065517927972333773 0.049011284451593057 -0.0072025749104902784 0.0023054507766466811 -0.0045910267084465313 0.0019956861839320185 0.0032976011213232768 0.012785568660125136 0.013238712872282185 0.01267927552965966 0.043753972992094027 0.010862703172231975 -0.010550157098924986 -0.036595734099789362 0.024148460896685722 0.0094971052793991016 0.079329083407563838 0.0010848863040491079
leaf_weight=7091 80 34057 13315 1272 72 1576 84 154 184 29 598 30 21 22 545 34 213 19167 2785 25 29 274 90 499 111 41 32 428 21 65
leaf_count=7091 80 34057 13315 1272 72 1576 84 154 184 29 598 30 21 22 545 34 213 19167 2785 25 29 274 90 499 111 41 32 428 21 65
internal_value=-6.55074e-14 -0.00161838 0.00168083 0.00570566 0.0085807 0.00216013 0.0113992 0.0237083 -0.0118812 0.0114475 -0.00023635 0.00280028 -0.00479482 0.000994896 2.30831e-05 0.0264411 -0.00138486 0.00106227 -4.89502e-05 -0.0198962 0.0435642 0.00512573 0.00955159 0.0158885 0.00685278 0.00387392 0.00476869 0.0135206 0.0460125 -0.0134897
internal_weight=82944 42257 40687 5420 2993 2427 2268 296 264 183 725 628 8200 1109 1087 55 1032 35267 16100 97 113 487 1972 589 1383 2163 2057 481 53 106
internal_count=82944 42257 40687 5420 2993 2427 2268 296 264 183 725 628 8200 1109 1087 55 1032 35267 16100 97 113 487 1972 589 1383 2163 2057 481 53 106
is_linear=0
shrinkage=0.05


Tree=22
num_leaves=31
num_cat=0
split_feature=2 2 9 5 4 8 10 4 2 4 8 12 4 9 0 6 4 4 1 11 9 9 4 5 4 5 6 4 9 0
split_gain=82.0063 47.2013 28.5938 21.917 24.7214 22.662 55.7981 20.8416 20.4155 24.5715 26.7929 19.1979 18.3771 18.1291 18.9284 17.7629 21.7829 17.2424 17.1801 17.067 16.6431 15.1375 18.9637 22.8137 29.0849 14.4894 13.9021 48.4969 34.522 25.6443
threshold=0.20593830521702086 -0.7023126649954986 -1.2514084728909125 0.18394424571997578 -1.4674673191492369 -1.7404918888887655 1.0000000180025095e-35 1.5877515256368797 0.7157543158983517 -0.79387576281843952 -1.7404918888887655 -1.0444659357341868 1.1787852235788956 -0.096262190222377877 -0.55302738326259016 1.0000000180025095e-35 -1.2268989061739519 -0.21651157167775612 1.1032161565643108 0.46605794042707133 0.2887865706671337 -0.96262190222377886 1.5155810017442943 0.30505838731795659 -1.6599220495294646 -0.1839442457199755 1.0000000180025095e-35 1.3471831126615947 -1.540195043558046 -0.82279753744332085
decision_type=2 2 2 2 2 2 2 2 2 2 2 2 2 2 2 2 2 2 2 2 2 2 2 2 2 2 2 2 2 2
left_child=1 13 3 4 -2 6 7 12 18 10 -10 -11 17 14 19 -12 -17 -6 -5 26 21 22 23 24 -4 -3 -1 -28 29 -29
right_child=2 25 20 8 5 -7 -8 -9 9 11 15 -13 -14 -15 -16 16 -18 -19 -20 -21 -22 -23 -24 -25 -26 -27 27 28 -30 -31
leaf_value=-0.0022795075369170218 -0.0084820428315406423 -0.001218235512771039 0.047800286744649596 0.0072030659341047083 0.047204576376392401 0.0036403614224507041 -0.050894421977656229 -0.010892732014379852 0.084082457707041799 0.03366628481890075 0.0056344286094165662 0.0063166675489713456 0.046011256500043805 0.001263395313013289 -0.0068377414553287179 0.047862808348721649 0.0042668054439127445 0.011677986931010902 -0.021986396181021342 -0.016051388454755757 0.0029986484488289497 -0.00094844908701907432 0.016613235867827755 0.0048284394484838979 -0.0058046482460589075 0.00055275992911919954 -0.0029895085943469706 0.11340305022895336 0.0064798456763750624 0.037442729994654658
leaf_weight=2938 363 24899 26 436 43 2442 28 41 21 76 77 412 90 1339 5371 101 40 166 57 206 10551 7983 239 2198 946 21541 231 20 38 25
leaf_count=2938 363 24899 26 436 43 2442 28 41 21 76 77 412 90 1339 5371 101 40 166 57 206 10551 7983 239 2198 946 21541 231 20 38 25
internal_value=9.15422e-12 -0.00107235 0.00230497 0.00598709 0.00379719 0.00538344 0.0169503 0.0225375 0.0116826 0.0170089 0.0301439 0.010576 0.0271216 -0.00415793 -0.00498012 0.024948 0.0354951 0.0189873 0.00382822 -0.00209485 0.00156781 0.000242593 0.00303171 0.00200774 -0.00437077 -0.000396767 -0.00121076 0.00878913 0.0415706 0.0712029
internal_weight=82944 56608 26336 4393 3173 2810 368 340 1220 727 239 488 299 10168 8829 218 141 209 493 3458 21943 11392 3409 3170 972 46440 3252 314 83 45
internal_count=82944 56608 26336 4393 3173 2810 368 340 1220 727 239 488 299 10168 8829 218 141 209 493 3458 21943 11392 3409 3170 972 46440 3252 314 83 45
is_linear=0
shrinkage=0.05


Tree=23
num_leaves=31
num_cat=0
split_feature=2 2 2 9 5 6 5 1 4 8 2 5 3 4 8 5 0 1 3 6 8 4 1 4 0 0 4 8 2 5
split_gain=74.7639 36.3016 28.2928 20.3882 19.9526 20.1756 19.2613 23.5644 26.0448 26.6386 21.183 17.284 16.9855 19.4179 46.812 29.7382 31.9046 22.619 21.4427 20.3944 16.9144 16.1416 15.9376 20.3094 14.4387 18.5992 14.1116 33.382 20.1296 14.11
threshold=-0.19320615238494646 1.0391556740420083 -1.8779936383290419 -1.0588840924461567 -0.12281920449442368 -1.0580783826696147 0.061466547291727118 2.3825425859923857 1.2750125887690096 -1.7404918888887655 3.1370852600680732 -0.53960840463842685 0.80387989609545107 -0.76981892152091091 -1.7404918888887655 0.18394424571997578 -0.83925939449077069 -0.99829971678402096 3.1493595272315917 0.30811198432835407 -1.0174668528432229 0.74576208022338275 -1.839129369153518 -1.4915241604467655 -0.22982493779196608 -0.16309116136109869 1.3231262713640664 -1.0174668528432229 -0.96221201328503947 -0.1839442457199755
decision_type=2 2 2 2 2 2 2 2 2 2 2 2 2 2 2 2 2 2 2 2 2 2 2 2 2 2 2 2 2 2
left_child=2 29 22 6 11 -6 7 8 -3 -10 -8 -4 26 14 -14 16 -16 19 -19 21 -18 -15 23 -1 -9 -26 -7 28 -28 -2
right_child=1 3 4 -5 5 12 10 24 9 -11 -12 -13 13 17 15 -17 20 18 -20 -21 -22 -23 -24 -25 25 -27 27 -29 -30 -31
leaf_value=0.027599729177626698 -0.00038335686089840053 0.0017256798428424047 -0.0017729109410533025 0.0016218391762757836 -0.0050506695942115799 -0.00079607021363898439 0.0081716475515382671 0.010705844959459053 0.05105354361502188 0.010528691090504026 0.022073710805529525 -0.0056547429417411962 0.066616704189092726 -0.029737483056930775 0.077641125736029257 -0.00080970140790503301 -0.025783970613371246 0.0046447347782550543 -0.02862601535767317 -0.045463129336183725 0.020197576687787662 0.011448118791411646 -0.010429637230383019 -0.0038420287087788407 -0.052475390013526468 -0.011098903381541647 0.087233084328472613 0.0040408911579796983 0.017143219283648901 0.001398814273988229
leaf_weight=55 18783 829 13709 2822 1612 6725 1776 52 56 147 324 3626 37 39 23 352 22 1540 50 44 220 61 1465 776 34 135 20 415 21 27174
leaf_count=55 18783 829 13709 2822 1612 6725 1776 52 56 147 324 3626 37 39 23 352 22 1540 50 44 220 61 1465 776 34 135 20 415 21 27174
internal_value=-8.84882e-13 0.00115407 -0.00195261 0.00475353 -0.00152269 0.000124134 0.00738927 0.00248323 0.0056563 0.021708 0.0103165 -0.00258488 0.000995885 0.00464889 0.0119905 0.00871467 0.0213659 0.00187992 0.00359848 -0.0170959 0.0160174 -0.00461427 -0.00729218 -0.00176105 -0.012334 -0.0194232 -0.000218902 0.00829307 0.0513334 0.000670426
internal_weight=82944 52132 30812 6175 28516 11181 3353 1253 1032 203 2100 17335 9569 2388 654 617 265 1734 1590 144 242 100 2296 831 221 169 7181 456 41 45957
internal_count=82944 52132 30812 6175 28516 11181 3353 1253 1032 203 2100 17335 9569 2388 654 617 265 1734 1590 144 242 100 2296 831 221 169 7181 456 41 45957
is_linear=0
shrinkage=0.05


Tree=24
num_leaves=31
num_cat=0
split_feature=2 2 9 5 8 4 12 4 1 5 9 8 5 4 6 5 1 9 4 5 4 0 2 1 4 4 0 0 0 11
split_gain=68.2149 39.1645 24.6133 19.4625 31.8253 26.1261 20.2295 17.0369 16.9043 16.0938 15.6387 15.5556 13.002 24.0049 31.1128 25.4202 12.699 12.4604 16.5414 19.4433 26.4586 12.1987 17.0023 27.4342 12.141 17.8938 12.3318 23.4162 11.982 20.1342
threshold=0.20593830521702086 -0.7023126649954986 -1.2514084728909125 0.061466547291727118 -1.7404918888887655 -0.21651157167775612 -0.6963106238227913 -1.4915241604467655 0.47570879759679319 -0.061466547291726868 0.2887865706671337 -1.0174668528432229 -0.42390874111029003 -1.5396378430418223 -1.0580783826696147 -0.1839442457199755 2.2069776570181805 -0.96262190222377886 1.5155810017442943 0.30505838731795659 -1.6358652082319363 -0.91224084685196039 1.5776952348168747 1.1658224153942387 1.6358652082319367 1.0344441757937248 -0.46857423455844588 -0.52048563144016946 -0.44627813394021548 0.46605794042707133
decision_type=2 2 2 2 2 2 2 2 2 2 2 2 2 2 2 2 2 2 2 2 2 2 2 2 2 2 2 2 2 2
left_child=1 9 3 7 5 8 -6 11 -5 12 17 -2 -1 14 -14 -16 -7 18 19 20 -4 -8 23 -23 25 26 27 -9 29 -15
right_child=2 -3 10 4 6 16 21 24 -10 -11 -12 -13 13 28 15 -17 -18 -19 -20 -21 -22 22 -24 -25 -26 -27 -28 -29 -30 -31
leaf_value=-0.0033271548044749109 -0.031258845701813698 -0.00036264348902719456 0.037883019876769848 0.029359142563435643 0.013511755244381255 0.0073289516787290402 0.0093437108765669161 -0.0012428168125684287 0.074305252390248433 -0.0012222248452266736 0.0028052979221117082 -0.002398919399699584 -0.036316062548818688 -0.0025565541811168385 0.013756598862690024 0.077476087361574186 0.043726741188559043 -0.00094690145539828613 0.015348678920150122 0.0043118723541672914 -0.0057984967910810021 0.0025143566556048345 0.014657974650760531 -0.01829871909177638 -0.014138640815665024 0.013305218956083302 0.0068621816074359663 -0.04647129030536841 -0.011721506278254907 -0.023467839252239525
leaf_weight=3560 68 46440 36 52 707 138 532 621 35 3816 10551 149 24 1005 72 20 29 7983 239 2198 936 593 163 216 93 421 546 30 1541 130
leaf_count=3560 68 46440 36 52 707 138 532 621 35 3816 10551 149 24 1005 72 20 29 7983 239 2198 936 593 163 216 93 421 546 30 1541 130
internal_value=5.02229e-12 -0.000978032 0.00210223 0.00551847 0.00846176 0.0252237 0.00653614 0.00175539 0.0474409 -0.00378868 0.0014183 -0.0114426 -0.00533049 -0.00788488 0.0143829 0.0276087 0.0136495 0.0001337 0.00266419 0.00170785 -0.00418066 0.00325704 -7.43415e-05 -0.00304266 0.00342924 0.00443901 0.00132065 -0.00332708 -0.00885015 -0.00495168
internal_weight=82944 56608 26336 4393 2465 254 2211 1928 87 10168 21943 217 6352 2792 116 92 167 11392 3409 3170 972 1504 972 809 1711 1618 1197 651 2676 1135
internal_count=82944 56608 26336 4393 2465 254 2211 1928 87 10168 21943 217 6352 2792 116 92 167 11392 3409 3170 972 1504 972 809 1711 1618 1197 651 2676 1135
is_linear=0
shrinkage=0.05


Tree=25
num_leaves=31
num_cat=0
split_feature=5 1 5 5 8 0 0 0 3 0 3 4 8 0 10 6 5 0 12 6 5 4 7 4 0 4 0 12 4 8
split_gain=60.6631 39.6674 34.7724 26.4665 22.5954 38.2355 68.4323 24.603 38.224 20.9893 17.8946 21.8281 39.5324 22 20.7269 20.7245 16.7766 16.6034 22.0119 15.9402 20.6736 30.4289 27.3295 17.803 20.4305 32.2773 15.8322 15.4711 14.4037 17.4129
threshold=-0.061466547291726868 0.2104564302803604 -0.85925218225375766 0.42390874111029014 -1.7404918888887655 -0.20623145332843523 -0.14168951538582014 -0.19301330472787928 2.2784055443310356 -0.55302738326259016 2.2784055443310356 -1.4674673191492369 -1.7404918888887655 -0.29045144009127849 1.0000000180025095e-35 -0.89145085320788475 0.24472827403648026 -0.16309116136109869 1.0444659357341872 1.0000000180025095e-35 0.18394424571997578 -1.2268989061739519 1.7010387896728181 -0.048113682595056481 0.37566764351656273 1.299069430066538 -0.89706151121772792 1.0444659357341872 1.1066146996863102 0.74090168677562918
decision_type=2 2 2 2 2 2 2 2 2 2 2 2 2 2 2 2 2 2 2 2 2 2 2 2 2 2 2 2 2 2
left_child=2 27 -1 4 5 9 7 -7 -9 16 11 12 -4 -13 -15 -16 -3 18 -12 26 23 22 -22 -21 -25 -26 -6 -2 -23 -30
right_child=1 3 10 -5 19 6 -8 8 -10 -11 17 13 -14 14 15 -17 -18 -19 -20 20 21 28 -24 24 25 -27 -28 -29 29 -31
leaf_value=-0.00018758871827410944 0.00083940448455972381 0.026111990010471847 0.032580011436399429 0.0018606569641880352 0.006023017616905082 0.0281179801376241 0.009533068374730648 0.14239569395780563 0.05618408637949162 -0.015615242232579266 -0.0025054084626996583 -0.0015648673634276169 0.00060281740574229486 -0.0043972737029056028 -0.036919303412561298 -0.0099726223292722748 0.00044634225469604698 0.0048228892888272966 -0.063669608484365439 -0.0067831234999789283 0.036248941587102484 0.0042645246538634794 -0.00013077043104862821 0.015533612385337531 0.002874618063334567 -0.059410906583070758 -0.0019561361837278344 -0.0019550681202717859 0.0099108686066978896 0.036187629714265639
leaf_weight=24065 21070 123 106 9968 1382 26 125 20 36 87 24 7085 1096 6752 77 973 132 31 38 332 205 693 69 328 156 24 1130 6475 229 87
leaf_count=24065 21070 123 106 9968 1382 26 125 20 36 87 24 7085 1096 6752 77 973 132 31 38 332 205 693 69 328 156 24 1130 6475 229 87
internal_value=9.03951e-13 0.00131283 -0.00139275 0.00336765 0.00626536 0.0158568 0.0328176 0.0683123 0.0869739 0.00559113 -0.00318499 -0.00305858 0.00342277 -0.00358189 -0.00541355 -0.0119487 0.0128262 -0.0250545 -0.0399931 0.00512928 0.00831882 0.0123112 0.0270876 0.00222096 0.00810552 -0.00543012 0.00243367 0.000182508 0.00829854 0.0171453
internal_weight=82944 42697 40247 15152 5184 549 207 82 56 342 16182 16089 1202 14887 7802 1050 255 93 62 4635 2123 1283 274 840 508 180 2512 27545 1009 316
internal_count=82944 42697 40247 15152 5184 549 207 82 56 342 16182 16089 1202 14887 7802 1050 255 93 62 4635 2123 1283 274 840 508 180 2512 27545 1009 316
is_linear=0
shrinkage=0.05


Tree=26
num_leaves=31
num_cat=0
split_feature=2 9 5 3 2 3 8 5 2 1 2 8 7 0 0 0 0 7 7 2 1 2 9 5 5 3 9 1 11 9
split_gain=59.4426 33.8619 20.4908 19.8875 18.7089 17.5554 26.1384 23.639 17.1011 15.5127 20.1362 16.6438 14.8812 23.6177 29.1771 22.1385 31.0118 25.897 17.3973 15.9871 14.868 14.8569 14.7243 14.7187 14.5101 39.1283 14.1426 14.0587 13.0627 12.841
threshold=-0.39951730542671443 -1.2514084728909125 0.061466547291727118 0.65038973896008379 3.1370852600680732 0.1411703153707897 -1.7404918888887655 -0.1839442457199755 -1.8779936383290419 -0.55542227788265153 1.4906175899570901 -1.0174668528432229 0.50473852548845832 -0.30211222621632566 -0.17705215526021886 -0.55302738326259016 -0.55626609416445294 1.0000000180025095e-35 1.0000000180025095e-35 1.8899286799374029 -1.4233941785621556 0.49416302316425925 -1.2514084728909125 -0.12281920449442368 0.18394424571997578 1.1539210685650045 -1.540195043558046 0.070702696420540417 0.46605794042707133 -0.28878657066713359
decision_type=2 2 2 2 2 2 2 2 2 2 2 2 2 2 2 2 2 2 2 2 2 2 2 2 2 2 2 2 2 2
left_child=8 2 5 29 12 9 7 -7 20 11 -11 -2 13 15 18 16 -4 19 -15 -17 22 -13 26 -10 25 -14 -1 -25 -8 -3
right_child=1 3 4 -5 -6 6 28 -9 23 10 -12 21 24 14 -16 17 -18 -19 -20 -21 -22 -23 -24 27 -26 -27 -28 -29 -30 -31
leaf_value=0.0014463060560403393 0.026251271713653025 -0.0015753457815906842 0.0056891898720941407 0.002136883220080924 0.028514630579330187 0.00016277319373330103 -0.0028035204791562792 -0.039969252673151018 -0.0032249500185908505 -0.0012433488973933489 0.015510466453590339 0.01250591643558948 -0.0011205798701682528 0.024062648083833335 0.010244599161538984 0.0054580717662900905 0.045309749577997951 -0.041707368381321434 0.062085149237295481 -0.022200348494308339 -0.010586649995902815 -0.0044383293748091884 0.0036742166346517753 -0.0013305593104343423 0.0064362652040990485 -0.049708451832981504 -0.013947985677262518 0.0044720820398057486 0.011865615322949453 0.00032185837398142315
leaf_weight=250 131 12070 1563 11665 94 64 1102 86 9283 1264 209 363 350 113 733 206 51 47 41 70 1157 201 519 4799 423 47 370 1334 176 34163
leaf_count=250 131 12070 1563 11665 94 64 1102 86 9283 1264 209 363 350 113 733 206 51 47 41 70 1157 201 519 4799 423 47 370 1334 176 34163
internal_value=2.37191e-12 0.000697477 0.00389826 0.00029203 0.00649047 0.00120369 -0.00310089 -0.0228463 -0.00256876 0.004039 0.0011338 0.0101963 0.00592234 0.00764411 0.0144012 0.00454987 0.00694114 -0.0073991 0.0341855 -0.00155674 -0.00659452 0.00646728 -0.0025393 -0.00196918 -7.2683e-06 -0.0068728 -0.00774061 -6.84162e-05 -0.000783358 -0.000173443
internal_weight=82944 65232 7334 57898 3738 3596 1428 150 17712 2168 1473 695 3644 2824 887 1937 1614 323 154 276 2296 564 1139 15416 820 397 620 6133 1278 46233
internal_count=82944 65232 7334 57898 3738 3596 1428 150 17712 2168 1473 695 3644 2824 887 1937 1614 323 154 276 2296 564 1139 15416 820 397 620 6133 1278 46233
is_linear=0
shrinkage=0.05


Tree=27
num_leaves=31
num_cat=0
split_feature=2 2 9 4 3 11 0 5 6 4 8 3 3 4 6 6 9 0 9 9 9 5 2 12 11 4 6 4 9 0
split_gain=55.8971 34.9141 14.876 31.0323 48.4398 27.781 26.2606 24.0177 19.5424 19.6488 18.8573 16.1439 15.5422 15.4986 25.1308 17.3742 14.7964 14.8526 14.4213 14.2277 18.5335 17.445 19.4206 14.1803 14.0302 12.6818 12.5279 41.8202 29.1134 20.8655
threshold=0.37300177230647624 -0.7023126649954986 -1.4439328533356683 1.2268989061739526 -0.11127068806914031 1.0000000180025095e-35 0.12142570656743339 0.061466547291727118 -0.89145085320788475 -0.79387576281843952 -1.0174668528432229 2.7411778454774844 3.1493595272315917 0.072170523892585367 -0.89145085320788475 -0.50537016327275397 -0.096262190222377877 -0.55302738326259016 -0.19252438044475575 -1.0588840924461567 -0.28878657066713359 0.12281920449442395 2.0221389452373439 -1.0444659357341868 0.46605794042707133 0.84198944541349674 1.0000000180025095e-35 1.3471831126615947 -1.540195043558046 -0.82279753744332085
decision_type=2 2 2 2 2 2 2 2 2 2 2 2 2 2 2 2 2 2 2 2 2 2 2 2 2 2 2 2 2 2
left_child=1 16 3 5 -5 11 -6 8 9 -7 -10 13 -9 14 -3 -15 17 24 -4 21 -21 -2 -23 -24 26 -26 -1 -28 29 -29
right_child=19 2 18 4 6 7 -8 12 10 -11 -12 -13 -14 15 -16 -17 -18 -19 -20 20 -22 22 23 -25 25 -27 27 28 -30 -31
leaf_value=-0.0017781253350932097 0.0016269755270363171 0.0081242114497291577 -0.0017168958405555262 0.030514318346589183 -0.014624335089551839 -0.017886520821500468 -0.057683011990350988 0.017707809281211271 -0.015869299207060112 0.0088098284948472608 0.012802660888670468 -0.036745704344163341 0.055255170495559773 -0.0029424939466721153 -0.011330747578392078 0.016240989315485878 0.0015195433662389579 -0.005766496991644901 0.00014146478782054307 -0.00088855561869712941 0.003068246583044206 0.00485633096967339 0.024250198254373537 0.0093676642675574254 -0.0036117382003229208 -0.028728372330681002 -0.0022086201601528694 0.10444848578423263 0.0069457225100210823 0.035930310375988483
leaf_weight=2938 2810 261 14501 48 135 148 48 339 63 129 639 30 30 219 456 256 1339 5371 37274 4938 7386 2336 237 493 119 87 231 20 38 25
leaf_count=2938 2810 261 14501 48 135 148 48 339 63 129 639 30 30 219 456 256 1339 5371 37274 4938 7386 2336 237 493 119 87 231 20 38 25
internal_value=2.90004e-12 -0.000688189 -0.000187017 0.00336206 -0.0141921 0.00493989 -0.0259184 0.00988947 0.00579203 -0.00545392 0.0102295 -0.000520037 0.0207604 0.000391682 -0.00424882 0.00739639 -0.0033782 -0.00412099 -0.00037902 0.00244814 0.00148283 0.00447273 0.00708087 0.0141994 -0.00156516 -0.0142192 -0.000763579 0.00872922 0.0391707 0.0663828
internal_weight=82944 64744 54576 2801 231 2570 183 1348 979 277 702 1222 369 1192 717 475 10168 8829 51775 18200 12324 5876 3066 730 3458 206 3252 314 83 45
internal_count=82944 64744 54576 2801 231 2570 183 1348 979 277 702 1222 369 1192 717 475 10168 8829 51775 18200 12324 5876 3066 730 3458 206 3252 314 83 45
is_linear=0
shrinkage=0.05


Tree=28
num_leaves=31
num_cat=0
split_feature=2 9 2 3 1 7 0 2 9 4 8 0 7 4 2 1 4 4 5 7 4 8 4 4 7 4 4 9 4 4
split_gain=51.0679 23.4016 22.5754 13.9628 15.1295 22.3335 18.6288 19.3676 17.3273 34.6322 49.6685 30.4752 25.4203 19.1525 14.2635 13.359 16.585 12.6368 12.5139 19.0912 15.3814 16.2372 13.7128 14.6239 13.0174 21.5098 13.8587 12.2287 12.9979 14.3081
threshold=-0.05878495924979852 -1.2514084728909125 -1.8779936383290419 0.80387989609545107 -0.99829971678402096 1.7010387896728181 -1.39904985507936 -0.40817860180229526 -1.3476706631132902 -0.76981892152091091 -1.7404918888887655 -0.83925939449077069 1.0000000180025095e-35 -0.3367957781653988 -0.40817860180229526 -1.839129369153518 -1.4915241604467655 1.3471831126615947 0.061466547291727118 0.50473852548845832 -1.4674673191492369 -1.0174668528432229 -1.3231262713640659 1.6118083669344083 1.0000000180025095e-35 -0.21651157167775612 0.69764839762832587 -0.48131095111188943 0.89010312800855373 -0.36085261946292729
decision_type=2 2 2 2 2 2 2 2 2 2 2 2 2 2 2 2 2 2 2 2 2 2 2 2 2 2 2 2 2 2
left_child=2 18 15 -4 5 -5 7 -6 9 10 -8 -12 13 -11 -14 16 -1 -18 20 24 21 -2 -21 -24 -20 -26 -27 28 29 -17
right_child=1 -3 3 4 6 -7 8 -9 -10 12 11 -13 14 -15 -16 27 17 -19 19 22 -22 -23 23 -25 25 26 -28 -29 -30 -31
leaf_value=0.025522978891703213 -0.030027784894345034 0.00076537216226899246 -0.001318384085937077 -0.0049622743784899365 -0.033161681858394798 -0.052119749651423519 0.073870306872873034 0.0021198181838660343 0.001285632387025986 -0.017201523262295217 0.056613352620287952 0.0095265173665208952 -0.0032439388350018715 0.012444472763866669 -0.03772516652184018 -0.011049854309751068 -0.0050831542079401021 0.015672286897159476 0.007191905008536322 -0.018146264394649218 0.0029807949281653906 -0.0022048289901178833 0.0037278179088482358 -0.03203647072116534 0.035571854154561183 -0.014926236867904664 0.016148370903318943 0.0083049509791332347 -0.0167120338938112 0.0024479956084862845
leaf_weight=55 72 36463 34080 243 74 28 38 82 3249 68 38 359 61 274 59 587 694 82 2020 97 2219 193 605 30 113 49 134 96 487 295
leaf_count=55 72 36463 34080 243 74 28 38 82 3249 68 38 359 61 274 59 587 694 82 2020 97 2219 193 605 30 113 49 134 96 487 295
internal_value=4.20642e-12 0.00122511 -0.0012564 -0.000970274 0.00162399 -0.00983463 0.00234581 -0.0146163 0.00298404 0.0091358 0.0192607 0.0140336 -0.000397366 0.00654995 -0.0201972 -0.00607335 -0.00100941 -0.00288992 0.00425536 0.00640217 0.00162112 -0.00976427 -0.000636546 0.00203817 0.00862684 0.0184193 0.00782785 -0.0089458 -0.0101555 -0.00653527
internal_weight=82944 41995 40949 38653 4573 271 4302 156 4146 897 435 397 462 342 120 2296 831 776 5532 3048 2484 265 732 635 2316 296 183 1465 1369 882
internal_count=82944 41995 40949 38653 4573 271 4302 156 4146 897 435 397 462 342 120 2296 831 776 5532 3048 2484 265 732 635 2316 296 183 1465 1369 882
is_linear=0
shrinkage=0.05


Tree=29
num_leaves=31
num_cat=0
split_feature=2 2 9 1 9 0 0 5 6 9 5 9 5 0 8 6 8 1 11 5 9 0 0 0 11 11 10 0 6 0
split_gain=47.3239 29.3266 12.9522 14.2087 17.8045 30.8305 42.559 12.8889 13.4463 17.4527 13.4359 11.9792 13.1263 15.7114 33.3354 15.6484 16.0183 14.8035 14.2264 13.0383 12.8549 11.9459 33.1003 24.2197 34.8108 14.4605 18.0844 13.0166 11.9015 11.5659
threshold=0.37300177230647624 -0.7023126649954986 -0.096262190222377877 -0.41553699697385815 -1.3476706631132902 -1.0318387362866506 -0.91224084685196039 -0.1839442457199755 -0.066328909107543868 -1.540195043558046 -0.70535813777133527 -1.1551462826685344 0.18394424571997578 -0.55302738326259016 -1.7404918888887655 1.0000000180025095e-35 0.74090168677562918 2.3825425859923857 1.0000000180025095e-35 1.0000000180025095e-35 -0.28878657066713359 0.11269424647273686 0.50676822687652978 0.3843307069687345 1.0000000180025095e-35 1.0000000180025095e-35 1.0000000180025095e-35 -0.86439164144784375 1.7077461606570974 -0.55302738326259016
decision_type=2 2 2 2 2 2 2 2 2 2 2 2 2 2 2 2 2 2 2 2 2 2 2 2 2 2 2 2 2 2
left_child=1 2 3 29 5 -5 -7 10 -9 21 -3 12 13 14 -2 -14 -17 -15 -18 -16 -13 25 23 -23 -25 26 -10 -27 -24 -1
right_child=11 7 -4 4 -6 6 -8 8 9 -11 -12 20 15 17 19 16 18 -19 -20 -21 -22 22 28 24 -26 27 -28 -29 -30 -31
leaf_value=-0.0022789903765052431 0.025071501734523601 -0.00044813600906849012 0.0014837546352395271 -0.011024687206625696 -0.0031732697361458433 0.065320866999940747 0.0088191073969419304 -0.0004315641321193117 -0.0081445448952181653 0.0013027682868101038 -0.0034410930083813075 -0.00024181427557143061 0.0035358812172021749 0.00084673294011434184 -0.0021835249217130349 0.0093044404576876974 -0.0018628510360472969 -0.013667216954883772 0.033881945270010927 0.0081468951387390666 0.0028765656369967012 -0.00082105372771217478 0.022425736722935526 -0.0026139683706024961 -0.080270521066806932 0.041646310176131213 0.020527496678036973 0.014796641912342104 -0.0056792336942938469 -0.0066759643362751591
leaf_weight=2388 202 23138 1339 184 1770 36 449 14499 111 11617 4475 5981 964 1445 592 628 35 200 136 631 7386 153 175 31 27 72 109 121 48 4002
leaf_count=2388 202 23138 1339 184 1770 36 449 14499 111 11617 4475 5981 964 1445 592 628 35 200 136 631 7386 153 175 31 27 72 109 121 48 4002
internal_value=5.27372e-13 -0.000633219 -0.0030986 -0.00379356 -0.000546904 0.00640178 0.0130131 -0.000173896 0.000603691 0.00180797 -0.000933179 0.00225259 0.00438591 0.00241126 0.00625438 0.00782446 0.0129987 -0.000917881 0.0265658 0.0031464 0.00148126 0.0087371 0.00294457 -0.011251 -0.0387644 0.0148242 0.00606115 0.0248131 0.0163762 -0.00503278
internal_weight=82944 64744 10168 8829 2439 669 485 54576 26963 12464 27613 18200 4833 3070 1425 1763 799 1645 171 1223 13367 847 434 211 58 413 220 193 223 6390
internal_count=82944 64744 10168 8829 2439 669 485 54576 26963 12464 27613 18200 4833 3070 1425 1763 799 1645 171 1223 13367 847 434 211 58 413 220 193 223 6390
is_linear=0
shrinkage=0.05


Tree=30
num_leaves=31
num_cat=0
split_feature=2 2 2 4 3 1 4 3 1 0 6 9 2 4 8 4 8 2 12 4 4 2 4 9 9 4 8 4 2 0
split_gain=42.9146 23.4543 16.549 12.6991 31.1748 12.6859 15.4173 11.1791 13.6789 20.7632 20.3722 15.5777 26.4024 19.2194 22.9151 15.4637 13.5876 13.5397 13.3647 13.5071 16.9209 12.6182 11.6975 10.5946 10.4732 12.2194 43.0039 18.9927 13.9367 10.4364
threshold=-0.19320615238494646 1.0391556740420083 -1.8779936383290419 1.1787852235788956 -1.5904119996865644 -1.4233941785621556 -1.5155810017442939 0.80387989609545107 -0.99829971678402096 -1.39904985507936 0.30811198432835407 -1.4439328533356683 -1.6802979893688514 -0.76981892152091091 -1.7404918888887655 1.0103873344961962 -1.0174668528432229 -0.40817860180229526 0.69631062382279152 1.1306715409838386 0.12028420648764231 -0.66809329581999077 -0.1683978890826997 -1.1551462826685344 -1.4439328533356683 1.1066146996863102 -1.0174668528432229 0.84198944541349674 -1.078091028346303 0.24650038186085435
decision_type=2 2 2 2 2 2 2 2 2 2 2 2 2 2 2 2 2 2 2 2 2 2 2 2 2 2 2 2 2 2
left_child=2 -2 5 -3 -5 6 -1 22 10 17 -9 12 -11 14 -14 -12 -16 -10 19 20 -15 -18 -4 -8 25 27 -27 -24 -29 -6
right_child=1 3 7 4 29 -7 23 8 9 11 15 -13 13 18 16 -17 21 -19 -20 -21 -22 -23 24 -25 -26 26 -28 28 -30 -31
leaf_value=0.026865144171234635 0.00048560407441114732 0.0023575816375836969 -0.0026769500373378485 0.060717670143478446 0.0079213348992327771 -0.0092506310285551067 -0.0064930038439542917 -0.0012831629746659402 -0.031266702053363661 0.060638749390840532 -0.002214294079691172 0.0014331816713924065 0.066302047593688421 -0.01165954152820632 -0.02442380850288001 -0.051881416665301439 0.038214778440196141 0.00084460328759278279 -0.028973096661345177 -0.019037660798224994 0.01919476344902411 0.010716726794353051 0.0065594512634195483 0.0039282706828485938 -0.00087690501252461143 0.061440979072642399 0.002818001545220437 -0.029033369117894687 0.00011369445507981532 -0.0047822957498263258
leaf_weight=45 45957 4453 11699 27 1514 1157 727 190 74 25 25 2563 22 66 22 42 53 59 37 54 136 196 517 367 12397 41 132 74 92 181
leaf_count=45 45957 4453 11699 27 1514 1157 727 190 74 25 25 2563 22 66 22 42 53 59 37 54 136 196 517 367 12397 41 132 74 92 181
internal_value=3.52625e-12 0.000874355 -0.00147936 0.00376761 0.00741387 -0.00556306 -0.00181721 -0.00115055 0.00146892 0.00233245 -0.00964272 0.00314345 0.0103176 0.00817082 0.0172259 -0.0333489 0.0132418 -0.0170218 -0.000884233 0.00317549 0.00911365 0.0165697 -0.0015247 -0.00299702 -0.000507561 0.00484145 0.0167113 0.00183489 -0.0128796 0.00656478
internal_weight=82944 52132 30812 6175 1722 2296 1139 28516 3564 3307 257 3174 611 586 293 67 271 133 293 256 202 249 24952 1094 13253 856 173 683 166 1695
internal_count=82944 52132 30812 6175 1722 2296 1139 28516 3564 3307 257 3174 611 586 293 67 271 133 293 256 202 249 24952 1094 13253 856 173 683 166 1695
is_linear=0
shrinkage=0.05


Tree=31
num_leaves=31
num_cat=0
split_feature=5 5 1 5 12 2 6 4 1 5 2 8 5 4 2 5 4 4 7 4 8 4 7 4 6 8 6 2 6 3
split_gain=41.1722 27.7401 25.3984 15.4512 15.2354 20.1311 14.6261 15.6945 15.5904 14.1817 13.9993 17.0186 25.8711 67.1511 42.8779 13.9649 30.0117 46.8752 25.6507 45.331 24.6139 22.0783 50.3885 33.3491 18.2219 15.9915 15.7686 14.5465 14.2323 13.1503
threshold=-0.12281920449442368 -0.75810821674430739 0.20332015629879227 0.48220716928829882 1.0444659357341872 -3.7511785749039293 -0.066328909107543868 1.2750125887690096 3.1649699101037929 0.85925218225375766 3.1370852600680732 -1.0174668528432229 0.12281920449442395 -1.0585010170912528 0.0049820884059850147 0.12281920449442395 -0.76981892152091091 0.072170523892585367 0.50473852548845832 1.3471831126615947 -1.0174668528432229 1.3231262713640664 -0.081021797575299523 0.79387576281843975 1.0000000180025095e-35 0.74090168677562918 1.7077461606570974 -2.3548406500209835 -0.066328909107543868 -0.98184726499862207
decision_type=2 2 2 2 2 2 2 2 2 2 2 2 2 2 2 2 2 2 2 2 2 2 2 2 2 2 2 2 2 2
left_child=1 -1 4 10 5 -2 7 29 -8 -5 11 12 -4 14 -14 16 20 -18 21 -20 -7 23 28 -19 -25 -22 -26 -17 -23 -3
right_child=2 6 3 9 -6 15 8 -9 -10 -11 -12 -13 13 -15 -16 27 17 18 19 -21 25 22 -24 24 26 -27 -28 -29 -30 -31
leaf_value=-0.00025542248518689668 -0.031885634531128283 0.00099202279646345677 -0.0023862795919383276 -0.0014647385975599995 -0.0019343860727073588 -0.014139860423246218 -0.0044971168532105697 0.0049901483971237989 -0.024698351566036492 0.0027173095291595714 0.01282338402996697 0.0026255031487627512 0.088535813078647718 0.0073530504749478899 0.028160087164276495 -0.02046175628272166 -0.0085615675479732613 0.018547381925634997 0.0084368665634257187 -0.041658859450906291 0.023581705810916943 0.0020417588600947865 0.097351782023906708 0.0073788963920686026 -0.031633192202053871 0.0069042837923555733 0.004611971041068752 0.00051566844707753748 0.034186395688800879 -0.0041269477276904077
leaf_weight=26372 47 1909 316 2980 6653 72 6211 832 97 6340 477 4730 41 606 104 83 735 336 143 66 354 72 23 142 83 242 47 19105 66 3660
leaf_count=26372 47 1909 316 2980 6653 72 6211 832 97 6340 477 4730 41 606 104 83 735 336 143 66 354 72 23 142 83 242 47 19105 66 3660
internal_value=-3.54888e-13 -0.00118017 0.00105151 0.00267146 0.0001579 0.000801867 -0.00309909 -0.00141526 -0.00480776 0.00138013 0.00458972 0.00391222 0.00961622 0.0146665 0.0452318 0.000873095 0.00448478 0.000979315 0.00814961 -0.00738284 0.0134741 0.012371 0.0288348 0.0080114 -0.00500364 0.01681 -0.0185292 0.000424928 0.0174153 -0.00237221
internal_weight=82944 39081 43863 15594 28269 21616 12709 6401 6308 9320 6274 5797 1067 751 145 21569 2381 1713 978 209 668 769 161 608 272 596 130 19188 138 5569
internal_count=82944 39081 43863 15594 28269 21616 12709 6401 6308 9320 6274 5797 1067 751 145 21569 2381 1713 978 209 668 769 161 608 272 596 130 19188 138 5569
is_linear=0
shrinkage=0.05


Tree=32
num_leaves=31
num_cat=0
split_feature=2 2 9 1 9 0 0 7 0 9 9 4 3 11 0 3 6 8 4 3 9 4 6 4 3 2 2 0 1 4
split_gain=37.55 23.0564 12.2353 12.1561 16.1902 27.2541 33.3543 11.4483 12.8544 16.6478 10.7004 22.6209 37.6982 20.6552 19.9814 15.5177 18.7354 20.9599 18.8181 13.0508 11.3266 11.218 19.195 10.5178 21.7593 12.1038 10.7785 18.2481 11.0958 10.5049
threshold=0.37300177230647624 -0.6865089158400054 -0.096262190222377877 -0.39887280891631083 -1.3476706631132902 -1.0318387362866506 -0.91224084685196039 -0.17427846833443938 -0.97483529350196407 -0.96262190222377886 -1.4439328533356683 1.2268989061739526 -0.17229502865687604 1.0000000180025095e-35 0.12142570656743339 3.1493595272315917 -0.50537016327275397 1.0000000180025095e-35 -0.79387576281843952 2.7411778454774844 -0.19252438044475575 -0.38490946076045524 -0.89145085320788475 1.1787852235788956 -1.5904119996865644 1.1936003756697782 2.0221389452373439 0.24650038186085435 3.1649699101037929 0.81793260411596835
decision_type=2 2 2 2 2 2 2 2 2 2 2 2 2 2 2 2 2 2 2 2 2 2 2 2 2 2 2 2 2 2
left_child=1 2 3 -1 5 -5 -7 8 -6 -10 11 13 -13 19 -14 16 -15 18 -18 21 -12 22 -3 -2 25 -25 -26 -28 -29 -8
right_child=23 10 -4 4 7 6 29 -9 9 -11 20 12 14 15 -16 -17 17 -19 -20 -21 -22 -23 -24 24 26 -27 27 28 -30 -31
leaf_value=-0.0045107649388852365 0.0013881521466244744 0.0068603304525216421 0.0015076515866340805 -0.0098973573273832063 0.0037814176066445111 0.058953828043821793 0.015248982322900074 0.0015521229833920598 -0.018132348453957236 -0.0029569508896975434 -0.0015040604433264632 0.030690887534902213 -0.012159518818204691 -0.00025120369576076728 -0.049542785443676018 0.034527353127910332 -0.014433525476072516 0.016764784801983817 0.01823780272022954 -0.033074607097854224 0.0001495111780656742 0.0028711488769419457 -0.021066456774926998 0.014925984204221036 0.002533385502845991 0.062222218624083329 0.011309893284353336 0.010281156096607447 -0.036915859853086826 -0.00055730086678522643
leaf_weight=6602 14391 108 1478 186 229 36 261 798 329 401 14364 42 140 492 48 55 119 599 70 30 37115 923 143 31 2992 24 709 20 33 176
leaf_count=6602 14391 108 1478 186 229 36 261 798 329 401 14364 42 140 492 48 55 119 599 70 30 37115 923 143 31 2992 24 709 20 33 176
internal_value=-3.76611e-13 -0.000564051 -0.00270914 -0.00340025 -0.000365651 0.00631765 0.0126939 -0.00287236 -0.00655405 -0.00979627 -0.000149015 0.00287882 -0.0121364 0.004239 -0.0217042 0.00852178 0.00740435 0.0121842 -0.00233303 -0.000509764 -0.000311879 0.000322387 -0.00905015 0.00200654 0.00434288 0.0355643 0.00388546 0.00919438 -0.0191057 0.00888307
internal_weight=82944 64744 10496 9018 2416 659 473 1757 959 730 54248 2769 230 2539 188 1335 1280 788 189 1204 51479 1174 251 18200 3809 55 3754 762 53 437
internal_count=82944 64744 10496 9018 2416 659 473 1757 959 730 54248 2769 230 2539 188 1335 1280 788 189 1204 51479 1174 251 18200 3809 55 3754 762 53 437
is_linear=0
shrinkage=0.05


Tree=33
num_leaves=31
num_cat=0
split_feature=5 1 2 5 2 0 0 0 0 2 3 11 1 12 12 2 5 11 2 6 0 0 2 0 2 8 0 1 5 7
split_gain=35.8573 23.0405 22.4713 15.2474 17.9076 20.6082 36.0194 25.891 33.9078 59.0127 15.1497 13.3396 12.7079 12.642 11.5681 14.1684 11.5202 19.1316 12.848 11.9556 14.0988 34.3629 14.1774 11.183 10.4905 15.6457 16.6386 11.2414 10.4826 15.0272
threshold=-0.061466547291726868 0.2104564302803604 -0.7023126649954986 0.42390874111029014 3.1370852600680732 -0.30211222621632566 -0.35922177738879607 -0.14168951538582014 -0.19301330472787928 -0.14081604113694562 2.7411778454774844 1.0000000180025095e-35 3.1649699101037929 -1.0444659357341868 1.0444659357341872 -3.7511785749039293 0.12281920449442395 1.0000000180025095e-35 -2.3548406500209835 -0.50537016327275397 -0.86439164144784375 -1.0318387362866506 -0.3402860270844173 0.18906320576173741 1.8899286799374029 -1.0174668528432229 -0.69782953483573207 0.75523082400244845 0.061466547291727118 -0.081021797575299523
decision_type=2 2 2 2 2 2 2 2 2 2 2 2 2 2 2 2 2 2 2 2 2 2 2 2 2 2 2 2 2 2
left_child=2 14 -1 4 5 6 -3 8 13 -10 12 -8 24 -7 15 -2 17 -17 -18 -19 21 -21 -23 -5 27 26 -26 -4 -22 -30
right_child=1 3 10 23 -6 7 11 -9 9 -11 -12 -13 -14 -15 -16 16 18 19 -20 20 28 22 -24 -25 25 -27 -28 -29 29 -31
leaf_value=-0.0037999400296095651 -0.031070104559351292 0.0030339177564847001 -0.00039255885491473031 -2.9833207232013346e-05 0.015596967900048921 0.027262094527123922 0.0048402355509725489 0.0052588691038152032 0.1054897253369463 0.01885336378864089 -0.027526583834193076 -0.02307282620189691 -0.016001454603886515 0.0036117045036490776 -0.0017004976383174055 -0.0011239222792315819 -0.019200671846832496 -0.00028298396884459553 0.00051355409054597181 0.010436412000746242 0.0053323372517193619 0.093306306824088095 0.038585506893437482 0.0033507727459412169 0.056367512012872358 -0.0008694330858855159 0.011663074707211387 -0.0052791088700825895 0.03585150619994288 -0.0036224033217877151
leaf_weight=6352 35 2683 31921 5659 356 83 55 1547 29 61 52 193 132 177 6475 743 83 223 19318 108 402 20 29 4309 23 326 219 1222 73 36
leaf_count=6352 35 2683 31921 5659 356 83 55 1547 29 61 52 193 132 177 6475 743 83 223 19318 108 402 20 29 4309 23 326 219 1222 73 36
internal_value=-5.4531e-12 0.00100933 -0.00107078 0.00257538 0.00477477 0.00397678 0.00134874 0.0080373 0.020318 0.0467695 -0.000559324 -0.0168824 -0.000517889 0.0111616 0.000147882 0.000715906 0.000768795 0.00480074 0.000429214 0.00974129 0.0130877 0.0261926 0.0609205 0.00143155 -0.000457261 0.00628034 0.0159118 -0.000572729 0.00906136 0.0228143
internal_weight=82944 42697 40247 15152 5184 4828 2931 1897 350 90 33895 248 33843 260 27545 21070 21035 1634 19401 891 668 157 49 9968 33711 568 242 33143 511 109
internal_count=82944 42697 40247 15152 5184 4828 2931 1897 350 90 33895 248 33843 260 27545 21070 21035 1634 19401 891 668 157 49 9968 33711 568 242 33143 511 109
is_linear=0
shrinkage=0.05


Tree=34
num_leaves=31
num_cat=0
split_feature=5 1 2 5 8 2 3 5 5 2 5 1 0 0 12 2 9 11 2 6 0 0 2 0 5 1 5 3 11 2
split_gain=32.3612 20.794 20.2803 13.8398 15.4114 22.4743 13.6726 12.123 35.9406 32.0374 11.6509 11.4689 10.7359 38.183 10.4402 12.787 10.397 17.2662 11.5953 10.7899 12.7242 31.0125 13.0182 10.363 10.1118 10.615 10.0824 19.7962 15.8674 12.331
threshold=-0.061466547291726868 0.2104564302803604 -0.7023126649954986 0.48220716928829882 -1.0174668528432229 3.1370852600680732 2.7411778454774844 0.12281920449442395 0.24472827403648026 -0.25917229680457204 0.85925218225375766 3.1649699101037929 -0.30211222621632566 -0.35922177738879607 1.0444659357341872 -3.7511785749039293 -1.540195043558046 -1.0000000180025095e-35 -2.3548406500209835 -0.50537016327275397 -0.86439164144784375 -1.0318387362866506 -0.24049477992859056 -0.27464566184379191 -0.36482234569996336 -1.839129369153518 0.061466547291727118 0.65038973896008379 1.0000000180025095e-35 0.27139269241320629
decision_type=2 2 2 2 2 2 2 2 2 2 2 2 2 2 2 2 2 2 2 2 2 2 2 2 2 2 2 2 2 2
left_child=2 14 24 4 7 12 11 -3 9 -9 -5 -4 13 -6 15 -2 17 -17 -18 -19 21 -21 -23 -14 25 -1 27 28 29 -16
right_child=1 3 6 10 5 -7 -8 8 -10 -11 -12 -13 23 -15 26 16 18 19 -20 20 -22 22 -24 -25 -26 -27 -28 -29 -30 -31
leaf_value=0.0054853519476236248 -0.029516599380544174 0.00064986414956076752 -0.0004343975463791882 -0.0013634080475795761 0.0021800865592929521 0.01906355401487627 -0.026150254242999767 0.069776202257918682 0.0058209802842141755 0.020365209275526774 0.0024552359670506107 -0.015201381805077706 0.022456540765110836 -0.018468232122326241 0.014650445755571126 -0.0010677261417050073 -0.018240638188063974 -0.00026883489521211979 0.00048787638812572821 0.0099145913941255364 0.008608288426297803 0.083125758588314058 0.031571107047299547 0.0046090233307761559 -0.0062221119674353001 -0.0029599769564187619 -0.0011707979408573149 -0.055020017786275438 -0.017819391067182135 -0.019475751622424774
leaf_weight=415 35 315 33711 2956 2717 208 52 38 689 240 6160 132 86 244 100 743 83 223 19318 108 511 25 24 1499 2340 3597 6162 23 154 36
leaf_count=415 35 315 33711 2956 2717 208 52 38 689 240 6160 132 86 244 100 743 83 223 19318 108 511 25 24 1499 2340 3597 6162 23 154 36
internal_value=-3.20357e-13 0.000958867 -0.00101724 0.00244661 0.00430367 0.00299168 -0.000531358 0.00916888 0.011944 0.0271192 0.00121698 -0.000491994 0.00225632 0.00047857 0.000140488 0.000680111 0.000730355 0.0045607 0.000407753 0.00925422 0.0124333 0.024883 0.0578745 0.00557741 -0.00360994 -0.00208639 -0.00161547 -0.0103697 -0.00682851 0.00561704
internal_weight=82944 42697 40247 15152 6036 4754 33895 1282 967 278 9116 33843 4546 2961 27545 21070 21035 1634 19401 891 668 157 49 1585 6352 4012 6475 313 290 136
internal_count=82944 42697 40247 15152 6036 4754 33895 1282 967 278 9116 33843 4546 2961 27545 21070 21035 1634 19401 891 668 157 49 1585 6352 4012 6475 313 290 136
is_linear=0
shrinkage=0.05


Tree=35
num_leaves=31
num_cat=0
split_feature=2 2 2 1 4 4 0 1 0 4 8 5 4 1 8 9 0 7 9 9 5 6 0 4 4 5 6 5 9 1
split_gain=30.281 16.2971 11.2189 11.2816 13.8851 10.5526 10.1997 15.4788 10.0724 11.426 19.6725 19.9954 9.19166 15.8418 33.8145 31.4987 36.3673 10.5209 9.1251 9.43003 8.88672 13.2017 17.0972 32.9976 18.9135 31.2457 14.2505 12.0753 8.83569 11.116
threshold=-0.19320615238494646 1.1361628307712628 -1.8779936383290419 -1.4233941785621556 -1.5155810017442939 1.1787852235788956 0.23124972016936643 2.5836585230174802 0.24650038186085435 -0.28868209557034147 -1.7404918888887655 -0.42390874111029003 -0.12028420648764233 0.16405041216968533 -1.7404918888887655 -1.0588840924461567 -0.19301330472787928 -0.74611299300944822 -1.1551462826685344 -1.540195043558046 -0.12281920449442368 1.0000000180025095e-35 -0.93614198928319892 1.3471831126615947 0.79387576281843975 0.12281920449442395 1.7077461606570974 0.18394424571997578 -0.48131095111188943 -0.12287950678084937
decision_type=2 2 2 2 2 2 2 2 2 2 2 2 2 2 2 2 2 2 2 2 2 2 2 2 2 2 2 2 2 2
left_child=2 -2 3 4 -1 8 -7 -8 -3 10 -10 -12 13 -4 15 16 -15 -16 19 -6 -14 -22 23 -23 27 26 -26 -24 29 -5
right_child=1 5 12 28 18 6 7 -9 9 -11 11 -13 20 14 17 -17 -18 -19 -20 -21 21 22 24 -25 25 -27 -28 -29 -30 -31
leaf_value=0.026147258642724616 0.00043008485365411795 0.00026400131262175914 -0.0025000762679093509 -0.012248654920983627 0.0024291929788654671 0.0080665251775647751 0.006727111827835296 -0.025054626528662249 0.057440680096095258 0.0011804869503323713 -0.020560603413968259 0.012412246681372904 -0.0010568674265307115 0.0017897707121890217 -0.0086020233709950093 0.00355828057121647 0.08377768491627649 0.0030466449111774163 0.0042348631826850799 -0.0095593020835387649 -0.00018999537709865077 0.0022925862802587677 0.020467461371876331 0.083683689367026096 -0.033491764934653619 0.003210512980398492 0.0047520982450805606 0.0057956956384267204 0.007146492769640066 -0.00041037242250524097
leaf_weight=45 46607 2763 12042 806 250 1439 103 61 22 619 51 467 9533 21 242 62 38 974 367 477 3844 33 164 20 102 441 32 968 88 263
leaf_count=45 46607 2763 12042 806 250 1439 103 61 22 619 51 467 9533 21 242 62 38 974 367 477 3844 33 164 20 102 441 32 968 88 263
internal_value=1.96086e-12 0.000734463 -0.00124267 -0.00460502 -0.00107258 0.00330209 0.00672008 -0.00509414 0.00190509 0.00581738 0.0111326 0.00916588 -0.000971943 -0.00192678 0.00323672 0.0284442 0.0545955 0.000728407 -0.00219222 -0.00543671 -0.000127997 0.00145211 0.00503862 0.0330062 0.00417026 -0.00321436 -0.0243589 0.00792129 -0.0080825 -0.00933615
internal_weight=82944 52132 30812 2296 1139 5525 1603 164 3922 1159 540 518 28516 13379 1337 121 59 1216 1094 727 15137 5604 1760 53 1707 575 134 1132 1157 1069
internal_count=82944 52132 30812 2296 1139 5525 1603 164 3922 1159 540 518 28516 13379 1337 121 59 1216 1094 727 15137 5604 1760 53 1707 575 134 1132 1157 1069
is_linear=0
shrinkage=0.05


Tree=36
num_leaves=31
num_cat=0
split_feature=5 5 6 4 4 0 6 8 8 0 11 1 3 5 3 6 4 0 5 4 5 6 3 4 0 7 0 1 5 7
split_gain=27.495 20.8379 17.6334 14.1803 13.1933 26.4928 31.6776 21.9609 21.1474 19.7568 13.19 13.6544 12.4217 14.9423 14.3592 11.9854 10.0827 44.9585 27.4933 19.6947 18.434 25.0013 17.554 22.0094 12.9919 11.6179 10.8965 10.7187 9.94072 10.1914
threshold=-0.12281920449442368 -0.75810821674430739 1.0000000180025095e-35 0.024056841297528397 -1.4674673191492369 0.25565529117923125 -0.89145085320788475 -1.0174668528432229 1.0000000180025095e-35 -0.29045144009127849 0.46605794042707133 3.1649699101037929 1.8226766453680494 -0.24472827403648004 0.26608526585355302 0.30811198432835407 0.79387576281843975 -0.93614198928319892 0.24472827403648026 1.3712399539591236 0.12281920449442395 1.7077461606570974 0.97639698527775332 1.3712399539591236 0.97750524825098195 1.7010387896728181 -0.52048563144016946 0.83483222579266714 -0.53960840463842685 1.7010387896728181
decision_type=2 2 2 2 2 2 2 2 2 2 2 2 2 2 2 2 2 2 2 2 2 2 2 2 2 2 2 2 2 2
left_child=1 -1 -2 -4 5 7 -7 -3 -8 -6 11 12 14 -14 28 -9 18 19 -5 -18 21 22 23 24 -19 -20 -23 -24 -11 -30
right_child=2 4 3 16 9 6 8 15 -10 10 -12 -13 13 -15 -16 -17 17 20 25 -21 -22 26 27 -25 -26 -27 -28 -29 29 -31
leaf_value=-0.00016293946773430712 4.2031126279439187e-05 -0.046756383823230864 0.0006918444054188343 0.014916898762806153 -0.00096318612463710542 0.028423987181737245 0.0117558340953663 -0.0065123716867840249 -0.011022404816655984 -0.0023629766288555537 -0.0023692910056939088 -0.029959475253417623 0.03879093291470781 -0.016301213167607784 -0.014862277509993409 0.024263869875243732 0.017568441771942635 -0.023279504477321893 0.0018420917063099937 0.082316057073573271 0.0024990824234045477 0.031964349400784291 -0.048194270184332574 0.01830223385260393 0.013986075850802341 0.0087230606079525663 7.8237384268258872e-05 -0.013794707998227424 -0.010807556547072014 -0.001996183540281693
leaf_weight=26372 26351 32 8915 637 5645 163 250 329 172 1271 2593 64 32 20 498 35 23 142 2453 24 4204 42 54 59 28 818 74 39 1145 460
leaf_count=26372 26351 32 8915 637 5645 163 250 329 172 1271 2593 64 32 20 498 35 23 142 2453 24 4204 42 54 59 28 818 74 39 1145 460
internal_value=3.42836e-12 -0.00096443 0.000859287 0.00208904 -0.00262758 0.00294258 0.00970293 -0.00704429 0.00247181 -0.0030935 -0.00507042 -0.0070773 -0.00664984 0.0176016 -0.00702361 -0.00355312 0.00353793 0.0019747 0.00541356 0.0506311 0.00148206 -0.00827954 -0.0154495 -0.00800982 -0.0171416 0.00356286 0.0116232 -0.0337686 -0.00566629 -0.00828218
internal_weight=82944 39081 43863 17512 12709 981 585 396 422 11728 6083 3490 3426 52 3374 364 8597 4689 3908 47 4642 438 322 229 170 3271 116 93 2876 1605
internal_count=82944 39081 43863 17512 12709 981 585 396 422 11728 6083 3490 3426 52 3374 364 8597 4689 3908 47 4642 438 322 229 170 3271 116 93 2876 1605
is_linear=0
shrinkage=0.05


Tree=37
num_leaves=31
num_cat=0
split_feature=2 9 9 4 5 12 4 4 0 4 6 4 7 6 4 2 0 7 7 0 7 5 4 3 4 4 7 4 6 7
split_gain=27.1136 17.3004 15.8216 28.1047 49.9036 60.7561 29.7926 22.3063 35.7966 19.9179 49.6089 25.148 19.1821 19.077 32.9722 18.0729 17.6022 23.1156 17.5836 17.2627 16.3439 15.5473 14.4164 13.9573 13.9062 13.3445 12.9114 12.1139 10.9888 10.9769
threshold=0.37300177230647624 -0.19252438044475575 -1.4439328533356683 -0.74576208022338231 0.061466547291727118 1.0444659357341872 -0.38490946076045524 0.84198944541349674 0.11269424647273686 0.96227365190113923 1.0000000180025095e-35 1.3471831126615947 -0.081021797575299523 -0.50537016327275397 0.14434104778517079 -3.0434776404737893 -0.83925939449077069 -0.17427846833443938 0.50473852548845832 0.9698976890882377 -0.081021797575299523 -0.061466547291726868 -1.0585010170912528 -0.43417781574485326 1.1787852235788956 -1.3712399539591229 -0.90839521789717692 1.2268989061739526 0.30811198432835407 0.50473852548845832
decision_type=2 2 2 2 2 2 2 2 2 2 2 2 2 2 2 2 2 2 2 2 2 2 2 2 2 2 2 2 2 2
left_child=1 2 3 4 5 16 12 13 9 21 15 -12 26 23 -15 -11 17 -1 20 24 -18 -9 -6 -8 -10 -7 -5 -17 -13 -4
right_child=-2 -3 29 6 22 25 7 8 19 10 11 28 -14 14 -16 27 18 -19 -20 -21 -22 -23 -24 -25 -26 -27 -28 -29 -30 -31
leaf_value=0.044857812076909746 0.0017050434445952387 0.00018400641040309997 -0.0026568374371127856 0.0044032168289084199 0.014803084574790824 -0.041847237264900881 0.0051914195736719208 -0.03916175377508626 -0.019203364950233188 -0.044374712496995927 -0.0062904556165449326 0.067223849637167807 0.00035226551676223694 -0.001806689714533509 0.016869954076793887 0.0086958222485753311 0.0047399239922517062 -0.000742494792459493 0.016649715660504352 -0.0025196726215128084 -0.016975268188587116 -0.004024298604550388 0.035859522656216447 -0.0087223031773789473 -0.048525119372285333 -0.01399192777621959 -0.022240731347317251 -0.0074751449895331702 0.031970748458988965 0.00016652701535150769
leaf_weight=68 18200 39035 16664 53 185 57 358 50 107 25 32 35 213 411 556 198 395 47 230 83 111 85 145 363 65 175 320 279 60 4339
leaf_count=68 18200 39035 16664 53 185 57 358 50 107 25 32 35 213 411 556 198 395 47 230 83 111 85 145 363 65 175 320 279 60 4339
internal_value=-3.03428e-13 -0.0004793 -0.00148642 0.00113398 0.0070327 0.0018458 -0.00139712 0.000815635 -0.00502606 0.000388052 0.00412818 0.0320456 -0.0116188 0.00434211 0.0089319 -0.00293458 0.00802924 0.0262212 0.00518675 -0.0212472 -2.36854e-05 -0.0170382 0.0240552 -0.00181369 -0.0302843 -0.0208357 -0.0184549 -0.000762668 0.0449587 -0.00207356
internal_weight=82944 64744 25709 4706 1413 1083 3293 2707 1019 764 629 127 586 1688 967 502 851 115 736 255 506 135 330 721 172 232 373 477 95 21003
internal_count=82944 64744 25709 4706 1413 1083 3293 2707 1019 764 629 127 586 1688 967 502 851 115 736 255 506 135 330 721 172 232 373 477 95 21003
is_linear=0
shrinkage=0.05


Tree=38
num_leaves=31
num_cat=0
split_feature=2 9 9 4 5 12 8 4 2 6 4 8 8 2 8 4 7 7 4 4 4 4 4 6 1 4 6 6 6 6
split_gain=24.5502 18.9038 16.6152 22.4853 40.021 56.8485 29.1113 27.7888 18.0546 16.7688 16.5071 16.8024 14.2319 15.8179 13.7389 12.4758 12.3759 11.271 23.4934 23.7945 20.3697 11.0922 32.0804 54.9946 21.6932 19.937 24.1666 19.7248 12.56 12.3108
threshold=0.56095455010479034 -0.19252438044475575 -1.4439328533356683 -0.74576208022338231 0.061466547291727118 1.0444659357341872 -1.0174668528432229 -0.38490946076045524 -3.0434776404737893 -0.89145085320788475 -1.0585010170912528 -1.7404918888887655 1.0152913959672809 -0.79907550270918859 1.0000000180025095e-35 -1.3471831126615943 -0.081021797575299523 1.0000000180025095e-35 1.299069430066538 1.6358652082319367 0.79387576281843975 0.81793260411596835 1.299069430066538 1.0000000180025095e-35 0.83483222579266714 0.12028420648764231 -0.50537016327275397 1.0000000180025095e-35 0.30811198432835407 1.7077461606570974
decision_type=2 2 2 2 2 2 2 2 2 2 2 2 2 2 2 2 2 2 2 2 2 2 2 2 2 2 2 2 2 2
left_child=1 2 3 4 5 6 -1 9 -9 -5 11 -6 13 -8 -13 -7 -11 21 20 -20 -19 25 27 24 -24 -10 -27 -23 -25 -29
right_child=-2 -3 -4 7 10 15 12 8 17 16 -12 14 -14 -15 -16 -17 -18 18 19 -21 -22 22 23 28 -26 26 -28 29 -30 -31
leaf_value=-0.016078914207637112 0.0020254090372295659 0.00029815378152800632 -0.0019559039860428686 0.0028734338662899407 0.040797020646277819 -0.038704073718534071 0.032874065863766837 -0.018999194396073345 -0.00078089758861527372 -0.021917384188830644 0.033589529244352358 -0.025931765511631968 0.00037014371890109037 0.011280392602410368 0.011527005044473827 -0.012949306406354642 -0.0044817253559329721 -0.0033077419020212766 -0.03057130897405157 0.022150121192232922 0.01921146051632619 -0.00062561038095640192 0.0030393953309993927 0.063583176136016856 -0.046058835289799253 -0.00061014309293579453 0.018405584941004836 -0.029805642721076133 0.027758421556698901 -0.002908339303371216
leaf_weight=113 12675 42470 22735 167 40 65 105 108 524 286 151 30 220 441 133 170 158 547 121 26 123 301 167 40 26 253 492 131 63 63
leaf_count=113 12675 42470 22735 167 40 65 105 108 524 286 151 30 220 441 133 170 158 547 121 26 123 301 167 40 26 253 492 131 63 63
internal_value=-1.396e-12 -0.00036534 -0.00137899 0.00121106 0.00642564 0.00177181 0.007612 -0.000917689 0.00107089 -0.0106328 0.0210707 0.0117587 0.0111069 0.015433 0.00463275 -0.020073 -0.0157128 0.0018243 -0.0031451 -0.0212464 0.00082638 0.00379518 -0.00085198 0.0121694 -0.00357487 0.00669188 0.0119479 -0.00863853 0.0416709 -0.021071
internal_weight=82944 70269 27799 5064 1468 1114 879 3596 2985 611 354 203 766 546 163 235 444 2877 817 147 670 2060 791 296 193 1269 745 495 103 194
internal_count=82944 70269 27799 5064 1468 1114 879 3596 2985 611 354 203 766 546 163 235 444 2877 817 147 670 2060 791 296 193 1269 745 495 103 194
is_linear=0
shrinkage=0.05


Tree=39
num_leaves=31
num_cat=0
split_feature=5 3 5 3 4 8 0 7 0 12 10 6 0 5 7 8 6 4 5 8 6 4 8 1 4 7 4 3 5 4
split_gain=23.1669 17.1311 14.9152 12.8152 18.142 32.2327 16.6113 15.3117 13.4305 15.8898 12.9504 14.9402 11.6244 10.0529 24.8695 10.7152 9.59867 9.13007 12.398 9.81822 13.0971 10.4336 9.27738 8.66268 7.64634 9.65876 19.0675 11.1971 12.7649 8.95046
threshold=-0.061466547291726868 0.61764671464753884 -0.75810821674430739 2.2784055443310356 -1.4915241604467655 -1.7404918888887655 -0.29045144009127849 -0.74611299300944822 -0.16309116136109869 1.0444659357341872 1.0000000180025095e-35 -0.89145085320788475 -0.091820962317381863 -0.1839442457199755 -0.17427846833443938 -1.0174668528432229 1.1133806251249947 -1.1306715409838382 -0.48220716928829888 1.0000000180025095e-35 -0.066328909107543868 -1.2750125887690089 -1.7404918888887655 -2.2013573168932967 0.96227365190113923 0.50473852548845832 1.5636946843393513 -0.45525806703695731 -0.30505838731795659 0.76981892152091114
decision_type=2 2 2 2 2 2 2 2 2 2 2 2 2 2 2 2 2 2 2 2 2 2 2 2 2 2 2 2 2 2
left_child=2 16 -1 4 5 -4 -6 12 9 -5 17 -12 -7 15 -15 -9 -2 18 -8 21 -21 -20 -19 -3 29 26 27 28 -26 -24
right_child=1 23 3 8 6 7 10 13 -10 -11 11 -13 -14 14 -16 -17 -18 22 19 20 -22 -23 24 -25 25 -27 -28 -29 -30 -31
leaf_value=-0.00016250972611718542 -0.0002565208594117489 -0.026027975528052562 0.035672184508051964 -0.0022708798816893252 -0.0007228372216597428 -0.020903979880469187 -0.0020473203425927923 0.012435147446145803 0.0061853960637123359 -0.054237820874703559 -0.032284761584292831 -0.0079664662360739869 0.018489458016523651 0.046731317405189793 -0.0068145563891320905 -0.0071192851828164594 0.0023131528253249023 0.0049818655857756643 -0.02654444856276171 -0.020814117369182566 0.0022569884812368443 -0.0075152888105752165 -0.0030495412155632151 0.0023212769774649147 -0.0025727518782735592 0.00034836041841598895 0.0043417333420158822 -0.022187438194281036 -0.022493265604568657 0.0040573430310609842
leaf_weight=26372 24700 27 77 24 6323 21 545 82 31 38 68 887 173 35 57 481 4261 390 178 94 178 121 2349 13709 273 359 191 240 114 546
leaf_count=26372 24700 27 77 24 6323 21 545 82 31 38 68 887 173 35 57 481 4261 390 178 94 178 121 2349 13709 273 359 191 240 114 546
internal_value=1.35251e-12 0.000811296 -0.000860683 -0.00218769 -0.00206287 0.00469646 -0.00254973 0.00188712 -0.0206859 -0.0341216 -0.0043179 -0.00969803 0.0142252 -0.00176722 0.0135562 -0.00427122 0.000121552 -0.00339678 -0.00744161 -0.0125903 -0.00571611 -0.0188437 -0.00238511 0.00226555 -0.00309069 -0.00648874 -0.00948937 -0.0137027 -0.00844081 -0.00170918
internal_weight=82944 42697 40247 13875 13782 926 12856 849 93 62 6533 955 194 655 92 563 28961 5578 1116 571 272 299 4462 13736 4072 1177 818 627 387 2895
internal_count=82944 42697 40247 13875 13782 926 12856 849 93 62 6533 955 194 655 92 563 28961 5578 1116 571 272 299 4462 13736 4072 1177 818 627 387 2895
is_linear=0
shrinkage=0.05


Tree=40
num_leaves=31
num_cat=0
split_feature=2 9 5 0 0 0 11 8 9 9 5 6 3 6 8 9 0 0 0 8 5 3 0 2 1 9 9 0 2 11
split_gain=21.9898 13.972 10.8068 12.6111 20.9168 27.4688 12.0676 10.73 9.16109 9.0359 13.1613 12.6836 8.97294 16.8507 14.3684 15.3557 13.5549 14.3995 11.2668 13.1874 9.97283 8.43979 8.01183 7.94987 9.96462 10.4223 9.93516 7.87744 11.1249 7.77473
threshold=-0.19320615238494646 -1.2514084728909125 0.12281920449442395 0.37566764351656273 -0.30211222621632566 -0.3347641806992408 0.46605794042707133 -1.7404918888887655 -0.19252438044475575 -0.86635971200140094 0.30505838731795659 -0.89145085320788475 0.12665711055232928 -0.50537016327275397 -1.7404918888887655 -1.6364572337804242 -0.82279753744332085 -0.14168951538582014 0.11269424647273686 0.74090168677562918 0.061466547291727118 1.8226766453680494 -0.3241679404903749 -1.8779936383290419 -1.4233941785621556 -1.2514084728909125 -1.540195043558046 -1.2558814016043309 0.75712075633841425 1.0000000180025095e-35
decision_type=2 2 2 2 2 2 2 2 2 2 2 2 2 2 2 2 2 2 2 2 2 2 2 2 2 2 2 2 2 2
left_child=23 2 12 4 5 7 -6 27 9 10 11 21 14 16 15 -2 -14 20 19 -15 -18 -3 -7 24 25 26 -1 -4 -29 -12
right_child=1 8 3 -5 6 22 -8 -9 -10 -11 29 -13 13 18 -16 -17 17 -19 -20 -21 -22 -23 -24 -25 -26 -27 -28 28 -30 -31
leaf_value=0.0027545244515873495 -0.0024193080503712681 0.0015915340267839179 0.0020928185973649047 -0.0036728045508029189 0.019035547520556154 -0.049185671865940098 0.0033682575901392963 0.003707876675686575 0.0007941583929883078 -0.0017504677921152886 -3.468942398985413e-05 -0.005467572301639593 0.0010320021815194162 0.013340981566749635 0.0017987181647526854 0.023907144516984693 -0.026410644537530333 0.0036578391071000111 -0.004131749637498237 -0.00091383597408435766 -0.0050956819242761507 0.024984532785488341 -0.01427915288756291 -0.00083106867368335955 -0.0071575743393686156 0.004658074237391765 -0.010148228095141177 0.010138658244620291 0.042452381713315848 0.0046916041749177871
leaf_weight=250 85 647 56 335 437 25 171 1354 31836 8587 1528 1250 226 326 1782 159 191 82 438 323 77 41 48 28516 1157 519 370 57 50 2021
leaf_count=250 85 647 56 335 437 25 171 1354 31836 8587 1528 1250 226 326 1782 159 191 82 438 323 77 41 48 28516 1157 519 370 57 50 2021
internal_value=-3.79935e-12 0.000625887 0.00284938 0.0053641 0.00674142 0.00372525 0.0146291 0.0051669 0.000324546 -0.000737737 0.000847157 -0.00246665 0.00112268 -0.00159912 0.00335682 0.014736 -0.00851324 -0.0146767 0.00206466 0.00624652 -0.0202866 0.00298559 -0.0262334 -0.00105896 -0.00388937 -0.000569511 -0.00494551 0.0172866 0.0252385 0.00265673
internal_weight=82944 52132 6222 2533 2198 1590 608 1517 45910 14074 5487 1938 3689 1663 2026 244 576 350 1087 649 268 688 73 30812 2296 1139 620 163 107 3549
internal_count=82944 52132 6222 2533 2198 1590 608 1517 45910 14074 5487 1938 3689 1663 2026 244 576 350 1087 649 268 688 73 30812 2296 1139 620 163 107 3549
is_linear=0
shrinkage=0.05


Tree=41
num_leaves=31
num_cat=0
split_feature=2 2 4 3 2 12 0 0 2 4 5 5 5 1 0 12 7 5 3 0 6 11 11 0 5 2 0 8 6 1
split_gain=20.3071 11.8671 8.72438 18.8467 10.0321 9.74877 8.98394 7.57935 17.584 7.44174 13.8798 7.35938 13.212 11.4625 12.3684 10.7172 8.19733 7.27117 7.2534 7.08437 15.1051 17.7939 17.1494 30.2725 17.13 11.5699 9.14446 7.78064 9.67401 9.98248
threshold=0.37300177230647624 -1.1166797401746962 1.1787852235788956 -1.5904119996865644 1.1936003756697782 1.0444659357341872 0.84539662698042128 0.97750524825098195 1.6551730087012897 1.3952967952566522 -0.1839442457199755 -0.1839442457199755 -0.48220716928829888 0.022084684438489963 0.12142570656743339 -0.6963106238227913 1.7010387896728181 0.24472827403648026 2.7411778454774844 -0.87623715263893565 -0.066328909107543868 1.0000000180025095e-35 1.0000000180025095e-35 -1.0318387362866506 0.061466547291727118 -2.6748628771683247 -0.91224084685196039 1.0792073135794762 1.1133806251249947 -0.32029113270395537
decision_type=2 2 2 2 2 2 2 2 2 2 2 2 2 2 2 2 2 2 2 2 2 2 2 2 2 2 2 2 2 2
left_child=1 19 6 4 -4 -5 -2 8 -8 10 -7 12 -3 -14 -15 -16 -13 -12 -11 20 21 -1 -22 -24 26 -23 -25 28 -21 -30
right_child=2 11 3 5 -6 9 7 -9 -10 18 17 16 13 14 15 -17 -18 -19 -20 27 22 25 23 24 -26 -27 -28 -29 29 -31
leaf_value=0.0037697149809840392 0.00023764829271557544 -0.00043175940998198357 0.01387099022526414 0.0018160042960825855 0.056929732923163105 -0.0050138645758852369 0.0061377929733937679 0.0026493803786649915 0.048191339224576954 0.0068832978250510579 0.033875727764641247 0.00011138263445498815 -0.0021500123695824477 -0.0037114577931148768 -0.028393925083357665 -0.0093809836662128668 0.0031271023876329844 0.013997895350413665 -0.010186574141114532 -0.0053085646835835778 -0.0013319285274466881 -0.030360524646258442 0.00072439482867983846 0.069665414428240383 0.0070170413852403205 -0.0068979278497095647 0.032008021331525277 0.0058926178437052959 -0.0021564132467409847 0.010092371340536322
leaf_weight=480 11141 27385 31 2920 24 65 145 3075 30 504 75 26474 1831 381 126 180 2463 119 71 3260 209 61 105 38 28 379 28 211 901 204
leaf_count=480 11141 27385 31 2920 24 65 145 3075 30 504 75 26474 1831 381 126 180 2463 119 71 3260 209 61 105 38 28 379 28 211 901 204
internal_value=-2.22554e-12 -0.000414799 0.00147559 0.00360344 0.0326603 0.00317773 0.00091239 0.0032254 0.013347 0.0079454 0.0149827 -0.000200372 -0.000750449 -0.00421642 -0.00972384 -0.0172098 0.000368068 0.0216826 0.00477554 -0.0025518 0.000663277 -0.00288787 0.00867077 0.0191761 0.0397871 -0.0101507 0.0536896 -0.00348485 -0.00393815 0.000104901
internal_weight=82944 64744 18200 3809 55 3754 14391 3250 175 834 259 58840 29903 2518 687 306 28937 194 575 5904 1328 920 408 199 94 440 66 4576 4365 1105
internal_count=82944 64744 18200 3809 55 3754 14391 3250 175 834 259 58840 29903 2518 687 306 28937 194 575 5904 1328 920 408 199 94 440 66 4576 4365 1105
is_linear=0
shrinkage=0.05


Tree=42
num_leaves=31
num_cat=0
split_feature=2 9 9 4 5 12 8 4 2 8 2 0 8 0 1 4 7 7 4 4 4 0 0 0 6 0 4 0 0 8
split_gain=18.3882 14.2074 14.2611 20.4181 35.826 49.3189 25.3094 24.5679 15.3698 15.2537 14.8074 15.007 12.2123 19.551 11.6999 11.9768 11.1219 10.4496 20.9791 21.5134 18.2816 13.3085 31.3395 16.4407 11.6855 11.2081 10.3753 10.2395 20.3338 11.0959
threshold=0.56095455010479034 -0.19252438044475575 -1.4439328533356683 -0.74576208022338231 0.061466547291727118 1.0444659357341872 -1.0174668528432229 -0.38490946076045524 -3.0434776404737893 -1.0174668528432229 -0.14509286828513562 -0.55626609416445294 1.0152913959672809 -0.91224084685196039 1.6297026093789915 -1.4193536365541799 -0.90839521789717692 1.0000000180025095e-35 1.299069430066538 1.6358652082319367 0.79387576281843975 0.15488616614238568 -0.55302738326259016 -0.34926633111968247 -0.89145085320788475 -0.3347641806992408 -1.3712399539591229 0.67923969482337487 0.25565529117923125 0.74090168677562918
decision_type=2 2 2 2 2 2 2 2 2 2 2 2 2 2 2 2 2 2 2 2 2 2 2 2 2 2 2 2 2 2
left_child=1 2 3 4 5 6 -1 9 -9 -5 11 -6 13 -8 15 -12 -11 27 20 25 21 22 24 -24 -19 -20 -7 28 -10 -29
right_child=-2 -3 -4 7 10 26 12 8 17 16 14 -13 -14 -15 -16 -17 -18 18 19 -21 -22 -23 23 -25 -26 -27 -28 29 -30 -31
leaf_value=-0.014879558109513491 0.0017528905902510325 0.0002590174824033653 -0.0017294274466938917 0.0072850054173888464 0.01491735555060039 -0.036721597555077687 0.043035427784478227 -0.017471949550074192 0.0031926634752686908 0.0050742096547712239 -0.023219705745577815 0.040743513973263493 0.00052311675100513222 0.011341831271301926 0.037237079776823521 0.012016764770537107 -0.016529970165513511 0.017765016399290678 -0.011486469853955968 0.021114868932188707 0.018126353354484783 0.0061578064347226511 -0.053504399491512047 -0.01332579561913351 -0.0069495363380692107 -0.042226378608872933 -0.012493334896730218 -0.0029639730894392949 0.025043511036288952 -0.042262375289979191
leaf_weight=113 12675 42470 22735 106 113 59 54 108 1842 69 38 112 220 492 25 66 436 70 52 26 123 224 49 53 151 69 176 82 113 23
leaf_count=113 12675 42470 22735 106 113 59 54 108 1842 69 38 112 220 492 25 66 436 70 52 26 123 224 49 53 151 69 176 82 113 23
internal_value=1.28995e-12 -0.000316183 -0.00119495 0.00120462 0.00617371 0.00177055 0.00721023 -0.000823925 0.00104586 -0.00995865 0.02003 0.027773 0.0104689 0.0144764 0.00652469 -0.000858099 -0.0135781 0.001741 -0.00304388 -0.0201492 0.000709072 -0.00320743 -0.0097022 -0.0326273 0.000878603 -0.0290158 -0.0185762 0.0036387 0.00445565 -0.0115722
internal_weight=82944 70269 27799 5064 1468 1114 879 3596 2985 611 354 225 766 546 129 104 505 2877 817 147 670 547 323 102 221 121 235 2060 1955 105
internal_count=82944 70269 27799 5064 1468 1114 879 3596 2985 611 354 225 766 546 129 104 505 2877 817 147 670 547 323 102 221 121 235 2060 1955 105
is_linear=0
shrinkage=0.05


Tree=43
num_leaves=31
num_cat=0
split_feature=5 5 7 4 5 2 5 3 12 1 0 5 4 8 2 0 4 0 8 7 7 8 7 8 0 0 11 4 0 7
split_gain=17.743 13.3155 11.6412 14.5396 13.7696 13.932 13.6681 13.1069 14.1199 15.9835 12.9697 12.6491 14.5618 19.3071 15.1229 11.4027 17.5076 21.7853 20.0622 15.5357 14.0297 11.0282 10.9918 10.8302 10.4469 14.013 10.3145 12.0061 15.8137 15.0927
threshold=-0.12281920449442368 -0.70535813777133527 1.7010387896728181 1.1306715409838386 0.59600457818367614 -3.0434776404737893 0.80943899875565395 -1.6930867289562173 1.0000000180025095e-35 1.1658224153942387 -0.53924774284578214 0.30505838731795659 1.3952967952566522 -1.0174668528432229 -1.5810869213772643 -0.29045144009127849 -1.4674673191492369 0.25917124939737912 -1.7404918888887655 -0.081021797575299523 -0.44226394673424807 -1.0174668528432229 -0.67395931651126872 0.19793268244031401 -1.0540799945025088 -0.97483529350196407 0.46605794042707133 1.5636946843393513 -0.17705215526021886 1.7010387896728181
decision_type=2 2 2 2 2 2 2 2 2 2 2 2 2 2 2 2 2 2 2 2 2 2 2 2 2 2 2 2 2 2
left_child=1 -1 3 -2 5 -5 23 -7 9 10 24 12 13 -10 -14 -3 17 19 -19 -17 -20 -22 -15 -6 -9 -26 27 29 -29 -18
right_child=2 15 -4 4 6 7 -8 8 11 -11 -12 -13 14 22 -16 16 26 18 20 -21 21 -23 -24 -25 25 -27 -28 28 -30 -31
leaf_value=-0.0001771028205328223 -1.7841151568921873e-05 -0.00052455197623221459 0.0031399364028819226 -0.027454424722706001 0.0013970605170378564 0.046594367930665619 0.0021323456420880346 0.0072096789237067879 0.034860508859856053 0.0050682289413115341 0.0079675469864595519 0.0081813789606089773 0.027589114411519122 -0.01782675628653831 -0.012008927148833965 -0.004325444562230967 -0.0097433594256654214 0.033136846979677274 0.01804583283064471 -0.042529431357979777 0.0160396609429477 -0.0063718137340756237 0.0062732724736346617 -0.011107919943953899 0.06720763543248176 0.02650119516672227 -0.0021149792355105684 -0.018273987194656262 0.0086487705205889574 -0.0013722905758346156
leaf_weight=27535 32702 5403 4367 31 316 20 3937 53 48 556 169 508 26 63 332 158 2068 74 141 32 72 231 190 383 25 137 2322 70 247 728
leaf_count=27535 32702 5403 4367 31 316 20 3937 53 48 556 169 508 26 63 332 158 2068 74 141 32 72 231 190 383 25 137 2322 70 247 728
internal_value=5.81507e-13 -0.000774742 0.000690279 0.000419425 0.00252414 0.00582338 0.000988391 0.00630839 0.00592599 0.0104866 0.018332 0.00225247 -0.00231792 0.00578784 -0.00913309 -0.0022 -0.00367361 0.00372202 0.00903389 -0.0107598 0.00501673 -0.00104631 0.00027208 -0.00545474 0.0264789 0.0327831 -0.00463702 -0.00651822 0.00270368 -0.00756377
internal_weight=82944 39081 43863 39496 6794 2158 4636 2127 2107 940 384 1167 659 301 358 11546 6143 708 518 190 444 303 253 699 215 162 5435 3113 317 2796
internal_count=82944 39081 43863 39496 6794 2158 4636 2127 2107 940 384 1167 659 301 358 11546 6143 708 518 190 444 303 253 699 215 162 5435 3113 317 2796
is_linear=0
shrinkage=0.05


Tree=44
num_leaves=31
num_cat=0
split_feature=2 9 5 4 7 4 2 1 4 8 4 12 8 4 7 4 6 5 5 8 5 6 4 5 3 5 4 6 9 4
split_gain=16.5042 11.3273 10.0172 12.438 22.513 23.3473 11.6232 19.1612 18.3912 20.2784 11.5895 11.2436 11.1339 16.8429 10.9997 12.8597 9.5497 15.9593 21.0928 9.12819 17.5893 19.8829 29.5136 10.9537 9.11969 8.85187 8.04933 8.02278 8.00836 9.86679
threshold=-0.20479920767540652 -1.2514084728909125 0.18394424571997578 0.4811368259505695 0.50473852548845832 1.3231262713640664 0.7157543158983517 1.1032161565643108 -0.74576208022338231 -1.7404918888887655 1.5877515256368797 -1.0444659357341868 1.0152913959672809 -1.2268989061739519 1.0000000180025095e-35 1.3231262713640664 -0.50537016327275397 0.061466547291727118 -0.1839442457199755 1.0000000180025095e-35 1.0000000180025095e-35 -0.89145085320788475 -0.14434104778517126 0.061466547291727118 0.74920386823313978 -0.061466547291726868 0.024056841297528397 -0.89145085320788475 0.19252438044475581 0.60142103243821199
decision_type=2 2 2 2 2 2 2 2 2 2 2 2 2 2 2 2 2 2 2 2 2 2 2 2 2 2 2 2 2 2
left_child=-1 2 3 19 10 -6 7 -4 9 -8 14 -10 13 -11 -5 -16 17 18 -12 20 27 22 23 -22 -7 -17 -23 -2 29 -3
right_child=1 28 6 4 5 24 8 -9 11 12 16 -13 -14 -15 15 25 -18 -19 -20 -21 21 26 -24 -25 -26 -27 -28 -29 -30 -31
leaf_value=-0.00094922150575392917 -0.022547677221018605 -0.0013818131593020136 0.0044482528545249115 0.0067257377118068312 -0.0001421566090726747 -0.014213315610929082 0.068689402831452237 -0.019889038118463157 0.022820415131344991 0.03380566303356318 0.011573766916990282 0.0016328353523757282 -0.0017807529646935957 -0.0012390084729607528 0.012594867880174066 0.057430619434002905 0.0050861727811031413 0.019212058180710301 -0.048387556489218365 0.001408627554666966 0.0018949802626263012 -0.0067819173394987374 -0.034587175864726309 0.042483769736581432 -0.049561684961254536 0.016983990512865907 0.0087522022727945896 -0.0077364395774020519 0.00079286627261008959 0.0010016600032819846
leaf_weight=29504 128 12234 886 950 261 36 21 89 74 120 22 407 57 48 208 31 143 24 44 1758 22 366 20 68 37 24 108 320 28203 6731
leaf_count=29504 128 12234 886 950 261 36 21 89 74 120 22 407 57 48 208 31 143 24 44 1758 22 366 20 68 37 24 108 320 28203 6731
internal_value=1.5237e-12 0.000524061 0.00252034 0.00130089 0.00456661 -0.00713343 0.00579464 0.0022267 0.0105797 0.0216999 0.00726911 0.00489246 0.0173142 0.0237929 0.00923095 0.0182802 -0.00294428 -0.0157038 -0.0284004 -0.000782616 -0.00451537 0.00120188 0.0203531 0.0325621 -0.0321296 0.0397812 -0.0032425 -0.0119682 0.000258613 -0.000535878
internal_weight=82944 53440 6272 4570 1780 334 1702 975 727 246 1446 481 225 168 1213 263 233 90 66 2790 1032 584 110 90 73 55 474 448 47168 18965
internal_count=82944 53440 6272 4570 1780 334 1702 975 727 246 1446 481 225 168 1213 263 233 90 66 2790 1032 584 110 90 73 55 474 448 47168 18965
is_linear=0
shrinkage=0.05


Tree=45
num_leaves=31
num_cat=0
split_feature=5 6 5 12 4 3 5 4 0 4 2 0 2 5 5 4 7 0 4 7 4 5 5 7 4 4 4 8 3 3
split_gain=15.4659 12.6899 11.7481 11.7436 15.7474 18.0514 13.8948 12.6297 20.4361 11.6526 11.6275 11.4841 10.0529 13.5614 18.1063 23.4839 15.4662 9.40886 9.7215 14.5936 8.3397 17.5984 10.6109 8.0523 12.8854 19.4892 8.07674 9.99487 9.14679 7.6025
threshold=-0.12281920449442368 1.0000000180025095e-35 -0.65128935879477201 1.0444659357341872 0.55330734984315499 0.74920386823313978 -0.36482234569996336 -1.4434104778517083 0.85581719238651865 0.024056841297528397 -3.7511785749039293 -0.44052046834700359 0.8107008060128672 0.18394424571997578 0.36482234569996347 -1.2268989061739519 1.7010387896728181 -0.14168951538582014 -1.4434104778517083 -0.74611299300944822 0.36085261946292707 0.30505838731795659 0.95394520574413566 1.7010387896728181 1.5636946843393513 1.2509557474714812 -1.2028420648764235 0.37100531152820115 0.22643262775069076 -1.5904119996865644
decision_type=2 2 2 2 2 2 2 2 2 2 2 2 2 2 2 2 2 2 2 2 2 2 2 2 2 2 2 2 2 2
left_child=2 -2 -1 17 5 7 -6 8 -5 12 -11 -9 -3 16 15 -15 -14 -4 19 -19 21 -12 -23 24 25 26 27 -20 -29 -8
right_child=1 9 3 4 6 -7 29 11 -10 10 20 -13 13 14 -16 -17 -18 18 23 -21 -22 22 -24 -25 -26 -27 -28 28 -30 -31
leaf_value=-0.00020235559790239452 -4.8834176813760316e-05 -0.00041101252744448819 -0.001256786805705153 -0.0047879367238521341 0.0010067213223161028 -0.016466862520015856 0.03473679694746222 0.002042811439582078 0.036310085599931582 -0.027082396770128983 0.016646623890101627 -0.0090809926063445054 -0.010689593415733332 0.030596386078279466 0.0029078963613634367 0.0023777298645742623 0.032287822825753175 0.014553336542993241 -0.020840384176346673 -0.0033409537342972378 0.0023325489195983422 -0.0017259644672820585 0.0072470794562104861 -0.0015440400836649478 0.010514075955214532 -0.022291611740589502 -0.0050605867044843508 -0.0014481182075729692 -0.031114651535948119 0.011913618886015854
leaf_weight=28712 26351 7157 3953 61 410 186 42 740 60 32 328 338 233 150 1207 145 23 154 198 438 6849 538 850 925 102 208 2052 194 30 278
leaf_count=28712 26351 7157 3953 61 410 186 42 740 60 32 328 338 233 150 1207 145 23 154 198 438 6849 538 850 925 102 208 2052 194 30 278
internal_value=1.01517e-12 0.000644463 -0.000723321 -0.00216588 0.00115825 -0.001974 0.00710094 0.000274267 0.0155912 0.0016877 0.00300111 -0.00144499 0.000421132 0.00380888 0.00562188 0.0167262 -0.00682834 -0.00301766 -0.00463606 0.00131398 0.0031135 0.0062305 0.00376906 -0.00558575 -0.00692863 -0.007592 -0.00635614 -0.0126559 -0.00542131 0.0149092
internal_weight=82944 43863 39081 10369 2115 1385 730 1199 121 17512 8597 1078 8915 1758 1502 295 256 8254 4301 592 8565 1716 1388 3709 2784 2682 2474 422 224 320
internal_count=82944 43863 39081 10369 2115 1385 730 1199 121 17512 8597 1078 8915 1758 1502 295 256 8254 4301 592 8565 1716 1388 3709 2784 2682 2474 422 224 320
is_linear=0
shrinkage=0.05


Tree=46
num_leaves=31
num_cat=0
split_feature=2 2 4 3 12 2 0 9 0 11 0 8 4 7 5 1 4 4 4 3 4 5 2 9 0 0 1 5 5 3
split_gain=14.4039 8.60695 6.59205 15.0789 8.44154 8.07781 7.66656 6.44031 7.31682 14.8779 10.1754 8.23167 12.2047 8.21167 12.4289 10.0421 8.5889 7.93139 7.84034 7.56843 7.37425 10.1992 7.00116 8.11262 18.1354 9.56637 7.88784 6.96941 6.7997 6.61079
threshold=0.37300177230647624 -1.1166797401746962 1.1787852235788956 -1.5904119996865644 1.0444659357341872 1.1936003756697782 0.84539662698042128 -0.096262190222377877 -0.55302738326259016 0.46605794042707133 -1.2190092933019654 -1.0174668528432229 1.3471831126615947 0.50473852548845832 -0.36482234569996336 -1.2247695435108465 -1.5877515256368793 -1.4193536365541799 0.84198944541349674 -1.5904119996865644 1.3952967952566522 -0.24472827403648004 -3.0434776404737893 -1.4439328533356683 -1.0540799945025088 -0.91224084685196039 -1.839129369153518 0.30505838731795659 1.0000000180025095e-35 -0.45525806703695731
decision_type=2 2 2 2 2 2 2 2 2 2 2 2 2 2 2 2 2 2 2 2 2 2 2 2 2 2 2 2 2 2
left_child=1 7 6 5 -5 -4 -2 8 9 11 -11 12 -1 14 15 17 -16 -10 -12 -15 -18 -22 26 24 -24 -26 -13 28 -21 -17
right_child=2 -3 3 4 -6 -7 -8 -9 13 10 18 22 -14 19 16 29 20 -19 -20 27 21 -23 23 -25 25 -27 -28 -29 -30 -31
leaf_value=0.0049610687373460947 0.00012987395372650391 -0.00016673085332364238 0.012222811531636023 0.0014444403255173377 0.0071481002110550156 0.05086054207349662 0.0028898923232916086 0.0041093695277481263 0.023162511071928269 0.0060998301180761041 -0.010153625101846612 0.0001306718814053706 0.037147378991357984 0.014720125836935001 0.012487090117184027 -0.0006262416244775281 -0.0093938120312943314 0.0023714020174362663 -0.036503673005764459 -0.0024258511691354215 -0.012608930387574694 0.034478291253680772 -0.0058249934929905526 -0.0017789534983690778 0.040486457449493606 0.01160570615177333 -0.0288633714378294 0.0097881673614534995 -0.028405325897727852 -0.0095119534275314391
leaf_weight=274 11141 58840 31 2920 834 24 3250 382 53 41 58 49 33 89 49 482 1478 341 55 375 23 23 166 1159 34 183 45 115 27 370
leaf_count=274 11141 58840 31 2920 834 24 3250 382 53 41 58 49 33 89 49 482 1478 341 55 375 23 23 166 1159 34 183 45 115 27 370
internal_value=1.7857e-13 -0.000349344 0.00124274 0.00309237 0.00271158 0.0290829 0.000753184 -0.00216929 -0.00260363 -0.000277608 -0.0152371 0.000908068 0.00842083 -0.00402777 -0.0051629 -0.00143259 -0.00811773 0.00516818 -0.0229789 0.00125263 -0.00878022 0.0109347 -0.000501724 0.000305855 0.00661471 0.0161308 -0.0137495 -0.00106576 -0.00417074 -0.00448506
internal_weight=82944 64744 18200 3809 3754 55 14391 5904 5522 2097 154 1943 307 3425 2819 1246 1573 394 113 606 1524 46 1636 1542 383 217 94 517 402 852
internal_count=82944 64744 18200 3809 3754 55 14391 5904 5522 2097 154 1943 307 3425 2819 1246 1573 394 113 606 1524 46 1636 1542 383 217 94 517 402 852
is_linear=0
shrinkage=0.05


Tree=47
num_leaves=31
num_cat=0
split_feature=5 5 12 4 2 6 4 2 2 5 5 4 0 4 0 5 9 2 4 0 3 4 5 5 1 4 8 9 2 5
split_gain=13.7482 13.189 12.5948 23.336 12.3813 11.2132 10.6352 13.718 9.45623 9.56198 12.673 18.2431 10.6865 8.83986 25.3853 19.2367 16.0102 9.65227 35.3786 10.3215 9.31144 10.6356 8.94041 8.82394 8.72849 8.11464 8.06522 7.89139 9.56299 7.65134
threshold=-0.1839442457199755 -0.48220716928829888 1.0444659357341872 1.4434104778517087 0.90653492394164015 1.0000000180025095e-35 0.024056841297528397 -3.7511785749039293 1.3979521108251303 0.18394424571997578 0.36482234569996347 -1.2268989061739519 0.21303905907237405 0.76981892152091114 -0.93614198928319892 0.24472827403648026 -1.6364572337804242 -0.91849228898827007 1.0825578583887816 -0.54514488236745817 0.89812805883621671 1.3712399539591236 -0.061466547291726868 1.082299156171467 3.1649699101037929 1.2750125887690096 0.74090168677562918 -1.6364572337804242 -0.048297322492083038 1.0000000180025095e-35
decision_type=2 2 2 2 2 2 2 2 2 2 2 2 2 2 2 2 2 2 2 2 2 2 2 2 2 2 2 2 2 2
left_child=1 -1 24 -4 -5 -2 8 -8 -7 12 11 -11 29 15 16 -9 -15 18 22 25 21 -20 -16 -17 -3 -19 -27 28 -21 -10
right_child=5 2 3 4 -6 6 7 13 9 10 -12 -13 -14 14 17 23 -18 19 20 27 -22 -23 -24 -25 -26 26 -28 -29 -30 -31
leaf_value=-0.00030736341984308679 -5.2661522933045563e-05 -0.0038541443711645734 -0.00042771823720653447 0.0017156654554936622 0.038581027860134551 -0.00020580888654685972 -0.028005346434009783 0.012087338199235749 0.0061795171235317897 0.029726080259117556 0.0035086155331779468 0.00030042691880630124 0.016650249082140807 0.067313577558683321 -0.040676178852604196 0.00038789245012704071 0.011866119380574674 -7.9343207787884327e-05 0.003083412346604746 -0.038030412399934405 -0.0080809413577271842 0.031645553457466044 -0.015750366766363957 0.0056663516169951763 -0.02305168994314348 0.012918300878498233 0.042043186074999329 0.0016053385793910137 -0.0032028152750907084 -0.020083091035849068
leaf_weight=32183 27036 4491 1096 36 62 8129 36 719 39 127 629 90 41 23 55 1583 30 69 80 27 67 55 104 1584 60 79 34 4211 73 96
leaf_count=32183 27036 4491 1096 36 62 8129 36 719 39 127 629 90 41 23 55 1583 30 69 80 27 67 55 104 1584 60 79 34 4211 73 96
internal_value=1.09057e-13 -0.000701301 -0.0029081 0.00166249 0.0250386 0.000590877 0.00155855 0.00279656 0.000364095 0.00489712 0.00710304 0.0175219 -0.00570634 0.00292267 0.00151186 0.00470415 0.0359282 0.00113608 -0.00672984 0.00176808 0.0071572 0.0147198 -0.0243725 0.00302796 -0.00410724 0.0134315 0.0216815 0.00127568 -0.0126063 -0.0124961
internal_weight=82944 37928 5745 1194 98 45016 17980 8829 9151 1022 846 217 176 8793 4907 3886 53 4854 361 4493 202 135 159 3167 4551 182 113 4311 100 135
internal_count=82944 37928 5745 1194 98 45016 17980 8829 9151 1022 846 217 176 8793 4907 3886 53 4854 361 4493 202 135 159 3167 4551 182 113 4311 100 135
is_linear=0
shrinkage=0.05


Tree=48
num_leaves=31
num_cat=0
split_feature=2 9 7 5 3 6 5 0 4 7 4 5 1 4 7 4 7 4 7 4 4 9 0 3 4 0 12 0 4 10
split_gain=12.5864 9.21521 8.30201 13.2745 15.0715 18.241 15.2268 12.5442 11.8924 11.7181 21.8048 13.5389 10.6781 10.3787 16.0586 12.5157 12.0097 10.2875 9.84726 8.82922 9.57006 27.1123 8.74615 8.54525 11.8259 8.43736 17.3464 8.42811 10.1026 8.07093
threshold=-0.19320615238494646 -1.2514084728909125 0.50473852548845832 0.061466547291727118 0.35368577911668725 -0.50537016327275397 -0.1839442457199755 0.11269424647273686 1.5636946843393513 1.0000000180025095e-35 -0.21651157167775612 0.24472827403648026 2.2069776570181805 0.505193667248098 1.0000000180025095e-35 0.67359155633079737 -0.17427846833443938 1.202842064876424 -0.74611299300944822 -1.3712399539591229 1.299069430066538 -1.4439328533356683 -1.4257507750069001 -0.50939062111082689 -0.72170523892585436 -0.30211222621632566 -1.0444659357341868 -0.35491878502369684 -0.40896630205798362 1.0000000180025095e-35
decision_type=2 2 2 2 2 2 2 2 2 2 2 2 2 2 2 2 2 2 2 2 2 2 2 2 2 2 2 2 2 2
left_child=-1 2 3 4 13 6 -6 -7 -8 25 11 -11 22 16 -15 -16 18 -17 29 -4 -21 -22 -12 -20 -25 27 -27 -5 -29 -2
right_child=1 -3 19 9 5 7 8 -9 -10 10 12 -13 -14 14 15 17 -18 -19 23 20 21 -23 -24 24 -26 26 -28 28 -30 -31
leaf_value=-0.00080116267903554666 -0.011663063762769585 0.00022879082337919185 -0.013986277738360748 0.0034431470202784956 -0.00010582197170991165 0.005693254276176507 -0.01644551795231932 -0.011067975647848123 -0.045763280785622751 0.040397454552077494 0.020735508636445615 0.0022933240619397934 0.032189464800316717 0.0036353199081780503 0.058774003628641373 0.0062114053136772584 -0.0099662742413752503 0.033816460708018255 0.0030923322567341293 0.0015465744138932309 -0.032252389988005031 0.018684692771696463 -0.006840845766159627 0.037778623498577094 0.0068703635824758323 0.025521934168678297 0.0051812546918609363 -0.020948478564402309 0.011138507403342778 0.0078918026661267508
leaf_weight=30812 155 45910 124 1473 104 359 131 162 47 94 37 31 29 490 20 90 230 54 308 1045 72 41 129 49 84 130 541 77 36 80
leaf_count=30812 155 45910 124 1473 104 359 131 162 47 94 37 31 29 490 20 90 230 54 308 1045 72 41 129 49 84 130 541 77 36 80
internal_value=1.46769e-12 0.000473518 0.00227927 0.00320969 0.000502985 -0.00506274 -0.0153058 0.000481509 -0.0241867 0.00569162 0.0146459 0.0309476 0.0041961 0.0033679 0.00816805 0.0217109 -9.70997e-05 0.0165633 0.00326076 -0.00130595 5.18744e-05 -0.0137708 -0.000694309 0.00766599 0.0182576 0.00442207 0.00912207 0.00243361 -0.0107261 -0.00500609
internal_weight=82944 52132 6222 4940 2363 803 282 521 178 2577 320 125 195 1560 654 164 906 144 676 1282 1158 113 166 441 133 2257 671 1586 113 235
internal_count=82944 52132 6222 4940 2363 803 282 521 178 2577 320 125 195 1560 654 164 906 144 676 1282 1158 113 166 441 133 2257 671 1586 113 235
is_linear=0
shrinkage=0.05


Tree=49
num_leaves=31
num_cat=0
split_feature=5 5 12 4 2 6 4 3 5 2 4 0 0 2 0 6 5 5 5 4 0 3 11 3 5 6 5 11 8 4
split_gain=12.0217 11.997 11.1527 20.8936 11.0294 10.613 9.85135 14.6118 14.0447 13.2889 12.1558 9.97947 14.2695 14.7201 13.1621 19.9344 10.3144 9.31873 9.02538 7.42659 10.3257 9.61471 7.46915 7.35428 8.17493 15.0276 8.10085 18.1418 21.0999 26.8352
threshold=-0.1839442457199755 -0.48220716928829888 1.0444659357341872 1.4434104778517087 0.90653492394164015 1.1133806251249947 1.1787852235788956 -0.86073685177633352 -0.061466547291726868 2.0221389452373439 1.3952967952566522 -1.2558814016043309 -1.5133729453854936 -0.11283609046297809 -0.91224084685196039 -0.066328909107543868 0.061466547291727118 0.85925218225375766 -0.061466547291726868 -1.5155810017442939 -0.38127775259496721 -0.25249476218188777 0.46605794042707133 1.3080928301052954 -0.061466547291726868 -0.89145085320788475 0.24472827403648026 -0.76213734878520889 -1.7404918888887655 -0.21651157167775612
decision_type=2 2 2 2 2 2 2 2 2 2 2 2 2 2 2 2 2 2 2 2 2 2 2 2 2 2 2 2 2 2
left_child=1 -1 19 -4 -5 6 23 8 -8 11 -11 12 -9 -14 15 -13 -17 -16 -12 21 22 -3 -21 -2 25 -25 27 -26 29 -29
right_child=5 2 3 4 -6 -7 7 9 -10 10 18 14 13 -15 17 16 -18 -19 -20 20 -22 -23 -24 24 26 -27 -28 28 -30 -31
leaf_value=-0.00028007418208068137 -0.00044569781090812054 0.012689871518191377 -0.00043733776806867972 0.0016466124448925258 0.036441241626838046 0.0020899244020829984 0.034445302250893102 0.0053058463345587378 0.0075124382905352345 0.022365351460140313 -0.021771227853993574 0.0040097762577146982 -0.024955049192936007 -0.0033841574580032851 -0.0036905917897764235 0.056921055664618816 0.019653416201245132 0.0018677522074153016 0.007032468880721148 -0.00078328773635211657 -0.0064273788616862519 -0.0058416560373381913 -0.01859792723152481 -0.032630582807704492 -0.0070283622582460077 0.0015938619057196055 0.00050777432145929409 0.041635927053168417 0.0053090459243086063 0.0031759694939536131
leaf_weight=32183 27362 149 1096 36 62 8985 57 180 321 132 30 454 134 193 1035 24 82 2778 291 1660 2549 132 61 47 219 101 1636 100 772 83
leaf_count=32183 27362 149 1096 36 62 8985 57 180 321 132 30 454 134 193 1035 24 82 2778 291 1660 2549 132 61 47 219 101 1636 100 772 83
internal_value=7.12851e-13 -0.000655788 -0.00276051 0.00154046 0.0236595 0.000552531 0.000169154 0.00207412 0.0115737 0.0014008 0.0095928 0.00064035 -0.00600013 -0.0122236 0.00141024 0.00856808 0.0280914 0.000358996 0.00434053 -0.00388891 -0.00440705 0.00398467 -0.00141472 -0.000189662 0.00217871 -0.00927471 0.00278195 0.00595108 0.00892752 0.0241923
internal_weight=82944 37928 5745 1194 98 45016 36031 5711 378 5333 453 4880 507 327 4373 560 106 3813 321 4551 4270 281 1721 30320 2958 148 2810 1174 955 183
internal_count=82944 37928 5745 1194 98 45016 36031 5711 378 5333 453 4880 507 327 4373 560 106 3813 321 4551 4270 281 1721 30320 2958 148 2810 1174 955 183
is_linear=0
shrinkage=0.05


Tree=50
num_leaves=31
num_cat=0
split_feature=2 4 1 11 9 12 4 4 3 4 9 1 2 1 6 4 8 9 9 0 0 0 2 4 1 9 6 4 12 4
split_gain=10.8764 8.153 10.3972 9.10209 17.8112 20.6203 21.1521 14.5213 13.3059 13.0799 12.3408 9.37284 8.8708 8.04762 7.02753 8.76065 6.86548 6.49196 11.5307 8.82141 10.9573 8.63752 8.09909 10.7033 10.6101 7.94289 11.6023 12.1715 11.4075 16.3421
threshold=0.14180424013290677 -0.3367957781653988 -0.36701049183927192 -0.76213734878520889 -1.4439328533356683 1.0444659357341872 -0.55330734984315477 -0.96227365190113912 0.43107319578661674 -1.0103873344961958 -1.2514084728909125 -1.839129369153518 -2.1687760795408226 3.1649699101037929 1.1133806251249947 0.40896630205798407 -1.0174668528432229 -1.2514084728909125 0.19252438044475581 0.33743162432725143 0.4853756574772467 0.25228745234436062 1.6551730087012897 -1.0825578583887812 1.0371510767598477 -1.540195043558046 0.30811198432835407 -1.2750125887690089 1.0444659357341872 -0.67359155633079704
decision_type=2 2 2 2 2 2 2 2 2 2 2 2 2 2 2 2 2 2 2 2 2 2 2 2 2 2 2 2 2 2
left_child=1 2 3 8 5 6 7 16 -1 -7 12 -12 -6 14 -3 -16 -5 19 -19 21 -21 25 24 -24 -22 -2 28 -28 -27 -30
right_child=17 13 -4 4 10 9 -8 -9 -10 -11 11 -13 -14 -15 15 -17 -18 18 -20 20 22 -23 23 -25 -26 26 27 -29 29 -31
leaf_value=-0.0039151316492543461 0.00024326993885047184 -0.00029104552196610698 -0.00035605470906519725 -0.0060656316578388218 -0.023764903723186223 -0.019593232134529563 -0.012832838398070985 0.035503855746770167 -0.015735955083253924 0.012747971909663071 0.012004509605584714 -0.0022163403023815558 -0.0068271072220475199 0.016123285606646769 0.0042510064010554812 6.1623352539449242e-05 0.013674716387396743 -0.00069576183281035728 0.001444649248681668 -0.023432079570143132 0.0019177672532536853 0.01770705211166184 0.0332616022410425 0.0012106130661612207 -0.012602944942261444 0.00014519399809222701 0.024780662258276506 0.006948232994985465 0.025719730187293999 0.0047040338080242853
leaf_weight=1815 1528 26181 13791 51 98 108 81 72 274 44 119 4401 366 78 2064 3156 323 11788 13496 58 342 103 37 88 199 1174 131 355 113 510
leaf_count=1815 1528 26181 13791 51 98 108 81 72 274 44 119 4401 366 78 2064 3156 323 11788 13496 58 342 103 37 88 199 1174 131 355 113 510
internal_value=1.80702e-12 -0.000430117 -0.00117959 -0.00264469 -0.0016041 0.005993 0.0106725 0.0149414 -0.00546559 -0.0102313 -0.0026391 -0.00184194 -0.0104045 8.27953e-05 4.29508e-05 0.00171812 0.0109829 0.00076217 0.000446739 0.00248174 -0.00258834 0.00341959 -0.000773118 0.0106977 -0.00342349 0.00303344 0.00490089 0.0117549 0.00304721 0.00851587
internal_weight=82944 53022 21543 7752 5663 679 527 446 2089 152 4984 4520 464 31479 31401 5220 374 29922 25284 4638 724 3914 666 125 541 3811 2283 486 1797 623
internal_count=82944 53022 21543 7752 5663 679 527 446 2089 152 4984 4520 464 31479 31401 5220 374 29922 25284 4638 724 3914 666 125 541 3811 2283 486 1797 623
is_linear=0
shrinkage=0.05


Tree=51
num_leaves=31
num_cat=0
split_feature=2 9 9 4 8 3 6 7 4 2 6 3 2 4 0 7 7 4 4 4 4 6 4 0 0 7 6 1 6 4
split_gain=10.3309 9.27873 10.4859 16.5004 24.0076 36.3231 28.2488 27.2391 21.8866 19.16 12.7549 12.0818 11.3852 10.3443 9.53983 8.45177 8.41471 21.5753 11.5383 9.82701 8.67401 37.9662 16.5168 25.0547 23.03 27.5621 17.4755 13.5544 11.1896 10.395
threshold=0.67242970367892874 -0.19252438044475575 -1.4439328533356683 -0.74576208022338231 0.37100531152820115 3.1493595272315917 -0.066328909107543868 0.50473852548845832 -0.38490946076045524 -1.1600180648205185 -0.50537016327275397 1.7552496320068203 -3.0434776404737893 -0.79387576281843952 -0.91224084685196039 0.50473852548845832 0.50473852548845832 1.299069430066538 1.6358652082319367 0.84198944541349674 1.299069430066538 1.0000000180025095e-35 0.84198944541349674 -0.44627813394021548 -0.52048563144016946 1.0000000180025095e-35 1.0000000180025095e-35 0.5157797671789649 1.7077461606570974 0.26462525427281319
decision_type=2 2 2 2 2 2 2 2 2 2 2 2 2 2 2 2 2 2 2 2 2 2 2 2 2 2 2 2 2 2
left_child=1 2 3 4 5 7 -6 13 10 -8 -5 -9 -10 -1 -11 -4 20 19 -19 -18 22 27 23 24 -14 -26 -24 -22 -28 -27
right_child=-2 -3 15 8 6 -7 9 11 12 14 -12 -13 16 -15 -16 -17 17 18 -20 -21 21 -23 26 -25 25 29 28 -29 -30 -31
leaf_value=-0.0094243126131832271 0.001473773485000847 0.00024759951416051049 -0.0018399046249316039 0.00014183702839023254 0.0027339347297148098 0.061303519705931342 0.05147115812552247 0.013115025999274632 -0.014873636684475328 0.037512913550816332 -0.014528209104451196 -0.021189404644870333 0.0025068214179028219 0.019022451249389529 0.012889768754884732 0.00050013629216632421 -0.0020004820074516361 -0.027941068168414906 0.011695321230217815 0.016463096382689068 0.0051163907201262192 0.035167190888545141 0.0009198574647990552 0.013889246608523385 0.0027437893032373935 -0.070306368227358224 -0.02686107596382499 -0.025384257545785816 -0.00070405404501380862 -0.024005726669830356
leaf_weight=532 10400 43740 18714 235 290 24 55 308 108 51 401 28 946 34 172 4861 398 111 22 88 175 106 334 479 52 27 124 46 61 22
leaf_count=532 10400 43740 18714 235 290 24 55 308 108 51 401 28 946 34 172 4861 398 111 22 88 175 106 334 479 52 27 124 46 61 22
internal_value=1.21483e-12 -0.000211282 -0.000908112 0.00111753 0.0055585 0.000594426 0.0136513 -0.00102089 -0.000658856 0.02504 -0.00910767 0.0102563 0.00107507 -0.0077155 0.0185211 -0.0013574 0.00165096 -0.00354055 -0.0213847 0.00134272 0.00300574 0.010567 0.00179667 0.00441722 8.37939e-05 -0.0226111 -0.00590846 -0.00123216 -0.0182363 -0.0495183
internal_weight=82944 72544 28804 5229 1494 926 568 902 3735 278 636 336 3099 566 223 23575 2991 619 133 486 2372 327 2045 1526 1047 101 519 221 185 49
internal_count=82944 72544 28804 5229 1494 926 568 902 3735 278 636 336 3099 566 223 23575 2991 619 133 486 2372 327 2045 1526 1047 101 519 221 185 49
is_linear=0
shrinkage=0.05


Tree=52
num_leaves=31
num_cat=0
split_feature=5 3 3 5 7 2 5 12 4 1 2 2 0 0 0 4 0 3 5 8 1 4 1 1 6 5 4 6 0 7
split_gain=10.1219 10.2117 9.81403 8.83794 11.3644 8.71093 7.34383 18.2928 15.8024 7.07854 7.4165 6.47696 6.99103 13.1454 12.6404 15.1032 11.4339 8.74586 7.79923 23.6381 15.6099 7.9573 7.18213 6.65753 6.80016 5.93671 13.775 9.90559 9.61454 7.69718
threshold=-0.061466547291726868 0.61764671464753884 2.2784055443310356 -0.1839442457199755 -0.67395931651126872 -2.1687760795408226 0.18394424571997578 -0.6963106238227913 -0.74576208022338231 3.5071526722924133 -0.28658572949553845 2.4244984565464338 -0.22138998051086597 -0.55302738326259016 -0.17705215526021886 -1.2509557474714805 -0.55626609416445294 3.1493595272315917 0.36482234569996347 -1.7404918888887655 0.47570879759679319 1.202842064876424 0.97921558363187611 3.9834252005800086 1.7077461606570974 -0.42390874111029003 -1.5396378430418223 -1.0580783826696147 -0.31495220029877408 0.50473852548845832
decision_type=2 2 2 2 2 2 2 2 2 2 2 2 2 2 2 2 2 2 2 2 2 2 2 2 2 2 2 2 2 2
left_child=2 -2 9 -4 -5 6 8 -8 -3 10 25 12 13 16 15 -14 -7 -18 19 -15 -21 -22 -17 24 -13 -1 27 -27 -29 -28
right_child=1 5 3 4 -6 11 7 -9 -10 -11 -12 23 14 18 -16 22 17 -19 -20 20 21 -23 -24 -25 -26 26 29 28 -30 -31
leaf_value=-0.0007932928420073212 3.7313488435283059e-06 0.029485066119334935 0.0074130911588797289 -0.0014220277398514251 -0.041331131917170506 0.0015601404201539943 -0.028667397288542784 0.010165792497117883 -0.015679681156244542 -0.015115928913265712 1.4939378602914106e-06 0.011624320347552775 0.052406558617949489 -0.033694698227396333 0.0022617696621512156 0.0038418645486235619 0.0066321745248777535 0.048243680163084168 -0.0010206326380583833 0.0055731697197220539 -0.0082128489570206277 -0.030594426269332571 0.03380460683256388 -0.00025167412800345654 -0.0047951842273891692 -0.020423334659565064 -0.0048276030791514386 0.038194985755694078 0.0082378793495812824 0.00094587143643234191
leaf_weight=10222 28961 34 29 30 44 3682 89 46 45 83 25988 463 25 78 7058 100 28 23 1192 228 230 48 25 269 73 21 2980 37 97 716
leaf_count=10222 28961 34 29 30 44 3682 89 46 45 83 25988 463 25 78 7058 100 28 23 1192 228 230 48 25 269 73 21 2980 37 97 716
internal_value=1.1906e-12 0.00053626 -0.000568905 -0.015983 -0.0251518 0.00165904 -0.00834984 -0.0154353 0.00375831 -0.000529356 -0.000499135 0.00181745 0.00154212 0.000201154 0.00256701 0.0169298 0.00188581 0.0253981 -0.00333986 -0.00807362 -0.00412412 -0.0120773 0.00983441 0.00616685 0.00938808 -0.00142362 -0.00309676 0.0115058 0.0165096 -0.00370915
internal_weight=82944 42697 40247 103 74 13736 214 135 79 40144 40061 13522 12717 5509 7208 150 3733 51 1776 584 506 278 125 805 536 14073 3851 155 134 3696
internal_count=82944 42697 40247 103 74 13736 214 135 79 40144 40061 13522 12717 5509 7208 150 3733 51 1776 584 506 278 125 805 536 14073 3851 155 134 3696
is_linear=0
shrinkage=0.05


Tree=53
num_leaves=31
num_cat=0
split_feature=5 5 8 4 4 7 4 3 5 0 4 4 1 2 3 4 5 0 1 0 2 0 6 1 1 1 8 0 5 2
split_gain=9.22846 9.69575 10.1044 23.7689 15.6134 8.948 11.4339 13.2261 9.54568 10.9153 12.8989 9.81522 9.3818 10.1549 8.74956 8.71539 26.2646 16.6648 8.62989 8.28104 18.3565 11.3674 10.1447 8.27415 7.80698 6.22921 6.22496 6.74613 6.17588 5.99371
threshold=-0.1839442457199755 -0.48220716928829888 -1.7404918888887655 1.3952967952566522 -1.5396378430418223 1.7010387896728181 1.154728382281367 -0.86073685177633352 0.36482234569996347 -1.5133729453854936 1.3471831126615947 1.3952967952566522 -0.675944191444242 -3.0434776404737893 -0.07498305521260458 1.1306715409838386 0.18394424571997578 0.52736078130517594 -0.31315582628017707 -1.2558814016043309 -0.11283609046297809 -0.91224084685196039 -0.066328909107543868 -0.51867915133451958 3.1649699101037929 2.0467546756569654 -1.0174668528432229 -0.93614198928319892 0.42390874111029014 -0.96221201328503947
decision_type=2 2 2 2 2 2 2 2 2 2 2 2 2 2 2 2 2 2 2 2 2 2 2 2 2 2 2 2 2 2
left_child=1 -1 3 4 -3 6 29 8 9 11 -11 -8 13 -9 -6 18 17 -17 -7 20 23 22 -21 -14 -4 -5 27 -15 -18 -2
right_child=5 2 24 25 14 15 7 12 -10 10 -12 -13 19 26 -16 16 28 -19 -20 21 -22 -23 -24 -25 -26 -27 -28 -29 -30 -31
leaf_value=-0.00023681029552925418 -0.0024393662769722426 0.034358937598517512 -0.0029811628373808382 0.055189965326677672 0.0045324563532683866 0.0085391571859232598 0.021891715307252268 -0.026570358355529608 0.005010599262364533 0.013846855787682886 0.049228389758834659 -0.021683248489474258 0.0010237500942762822 0.045002481620758775 -0.0083671651943401249 -0.051370875924629605 0.014648983986407986 -0.010905619911462456 0.0024292405927790178 0.0051959020663543739 0.00035863321865550605 0.0007765864801062408 0.022774757669457812 -0.0286498297668379 -0.021123413486250988 0.021236943685050524 0.0073219702664956256 0.012420910629047517 -0.00017986371636091714 6.7200487142472933e-05
leaf_weight=32183 2582 32 5069 22 276 716 28 20 276 57 47 24 31 24 251 38 80 77 2997 480 390 4698 99 97 60 35 385 47 574 31249
leaf_count=32183 2582 32 5069 22 276 716 28 20 276 57 47 24 31 24 251 38 80 77 2997 480 390 4698 99 97 60 35 385 47 574 31249
internal_value=-9.63499e-13 -0.000574574 -0.00246669 0.00358402 0.000447738 0.000484104 0.000249694 0.0021363 0.0105984 0.0204845 0.0298366 0.00178019 0.00155336 0.00830125 -0.00161139 0.00260404 -0.00224077 -0.0242767 0.00360745 0.000999087 -0.00503365 0.00159127 0.00820161 -0.0214633 -0.00319339 0.0343416 0.0098307 0.0234344 0.00163406 -0.000124102
internal_weight=82944 37928 5745 616 559 45016 40534 6703 432 156 104 52 6271 476 527 4482 769 115 3713 5795 518 5277 579 128 5129 57 456 71 654 33831
internal_count=82944 37928 5745 616 559 45016 40534 6703 432 156 104 52 6271 476 527 4482 769 115 3713 5795 518 5277 579 128 5129 57 456 71 654 33831
is_linear=0
shrinkage=0.05


Tree=54
num_leaves=31
num_cat=0
split_feature=2 9 0 10 6 9 0 4 9 3 9 8 1 4 2 0 3 1 9 4 9 2 8 4 2 6 3 4 1 1
split_gain=8.76271 8.62344 7.71429 12.29 28.9885 17.7106 17.2582 12.7942 17.9712 12.781 9.05955 7.94454 15.9522 21.6611 19.2743 14.4092 14.1461 14.7395 13.9101 7.79111 8.51546 11.9879 7.27307 12.2113 18.4735 21.8773 7.69849 13.7184 6.9766 6.93007
threshold=1.1361628307712628 0.096262190222377905 -0.55302738326259016 1.0000000180025095e-35 -0.89145085320788475 -1.540195043558046 -0.24514711865888661 -0.14434104778517126 -1.2514084728909125 1.7552496320068203 -0.96262190222377886 -1.7404918888887655 0.15349595353131673 -1.1547283822813665 -0.12161270765557516 0.039007238027795738 -0.040808779187976423 0.59857854835854962 -1.3476706631132902 -1.4434104778517083 -1.3476706631132902 -0.036678148836003559 0.19793268244031401 1.0585010170912532 -3.0434776404737893 1.0000000180025095e-35 2.7411778454774844 -0.21651157167775612 0.9312826056016329 -2.9962175190977089
decision_type=2 2 2 2 2 2 2 2 2 2 2 2 2 2 2 2 2 2 2 2 2 2 2 2 2 2 2 2 2 2
left_child=1 2 22 11 5 -5 9 10 -9 -7 -6 12 15 14 16 18 -14 -18 -4 -17 21 -21 23 26 -25 -26 29 -28 -27 -1
right_child=-2 -3 3 4 7 6 -8 8 -10 -11 -12 -13 13 -15 -16 19 17 -19 -20 20 -22 -23 -24 24 25 28 27 -29 -30 -31
leaf_value=0.026209108992658842 0.0019237752756545469 0.00038920398668120887 -0.025877937110065408 -0.04970252500621207 -0.010408084878926914 -0.0045337017582289599 -0.028737577308590213 0.010772067611942058 -0.0016904997570234325 -0.034561144639379704 -0.0019483170330526587 -0.001051220964248735 0.015499489201465622 0.0021328009798058443 0.0073955499230892053 0.01719241868069565 0.09502641981467605 0.037438414737582207 -0.0027115272062325727 -0.0010558459545091656 0.00091112574810941517 0.047948395088315013 -0.00044863804070857037 -0.034556237994790233 0.0055518355357217731 0.039009706676635593 0.046942419335246094 0.00056034568300343708 0.01287709057617646 0.00029549365585499176
leaf_weight=26 5525 38798 74 33 603 388 120 348 1714 39 666 16842 24 196 58 110 20 25 521 26 548 24 12171 24 483 74 25 44 39 3356
leaf_count=26 5525 38798 74 33 603 388 120 348 1714 39 666 16842 24 196 58 110 20 25 521 26 548 24 12171 24 483 74 25 44 39 3356
internal_value=5.22482e-12 -0.00013729 -0.000666197 -0.00126821 -0.00381441 -0.0141304 -0.0119844 -0.00201816 0.000412785 -0.00727626 -0.00596821 -0.000728997 0.00260858 0.0125556 0.0286411 0.000142824 0.0464997 0.0630331 -0.00559273 0.00496296 0.00271339 0.0224662 0.000163285 0.00199274 0.00845341 0.0101853 0.000832028 0.0173654 0.0299905 0.000494711
internal_weight=82944 77419 38621 22379 3911 580 547 3331 2062 427 1269 18468 1626 323 127 1303 69 45 595 708 598 50 16242 4071 620 596 3451 69 113 3382
internal_count=82944 77419 38621 22379 3911 580 547 3331 2062 427 1269 18468 1626 323 127 1303 69 45 595 708 598 50 16242 4071 620 596 3451 69 113 3382
is_linear=0
shrinkage=0.05


Tree=55
num_leaves=31
num_cat=0
split_feature=2 4 1 3 4 9 5 9 12 8 10 2 2 9 1 6 1 4 5 9 2 3 9 8 5 2 2 6 7 9
split_gain=8.13372 5.29878 9.91353 10.098 7.14346 20.1 22.5994 15.3617 8.97482 8.42109 9.59951 6.69835 16.398 6.05741 5.64016 5.62156 6.78096 6.2103 6.18183 5.52796 5.4274 5.83646 5.22425 18.2342 42.7033 27.8997 10.1554 10.2841 9.20844 5.40598
threshold=0.37300177230647624 -0.31273893686786985 -0.29838614115525147 -1.3279259271798955 -0.74576208022338231 -1.4439328533356683 0.061466547291727118 -1.0588840924461567 1.0444659357341872 -1.7404918888887655 1.0000000180025095e-35 -2.0149809674479697 -3.7511785749039293 -1.1551462826685344 -1.839129369153518 1.1133806251249947 3.1649699101037929 0.40896630205798407 -0.061466547291726868 -1.4439328533356683 -1.4363326009232116 1.3456115380910785 -1.3476706631132902 -1.7404918888887655 0.12281920449442395 0.0049820884059850147 -0.6865089158400054 -0.50537016327275397 -0.17427846833443938 -1.6364572337804242
decision_type=2 2 2 2 2 2 2 2 2 2 2 2 2 2 2 2 2 2 2 2 2 2 2 2 2 2 2 2 2 2
left_child=1 2 3 19 5 6 8 -6 -5 10 -9 12 14 -14 -7 16 -3 18 -17 -1 -8 -22 23 24 29 -26 27 -25 -29 -4
right_child=-2 15 22 4 7 11 20 9 -10 -11 -12 -13 13 -15 -16 17 -18 -19 -20 -21 21 -23 -24 26 25 -27 -28 28 -30 -31
leaf_value=0.0064191668038661893 0.00093386931515221621 -0.00020556384595501521 -0.017118689056266758 0.0058663310896598575 -0.010982763670899365 0.018314416708657518 0.050408304780721669 -0.0037145465026213994 -0.013576394607114165 -0.00063410994932131199 -0.028198334027171857 -0.002452786933443175 -0.030857645683800394 -0.011750519248800211 -0.010396756731027452 0.0011842663394085609 0.013693713345988233 0.00025243228153741325 0.006145901584158734 -0.00023284339282456914 0.0095173321255691817 0.033566813322697557 -0.00032614623894685252 -0.00094318815544743256 0.087207055886586504 0.014011725934181849 -0.0017594323156527427 0.029607563563508962 -0.0036027934269181323 0.0085211442241695922
leaf_weight=402 18200 30886 34 259 775 50 20 113 77 1178 62 4727 69 104 26 1422 88 4253 1124 1400 49 52 16461 101 30 23 797 82 28 52
leaf_count=402 18200 30886 34 259 775 50 20 113 77 1178 62 4727 69 104 26 1422 88 4253 1124 1400 49 52 16461 101 30 23 797 82 28 52
internal_value=-1.29436e-12 -0.000262517 -0.000797821 -0.00211239 -0.00291401 -0.00195217 0.00808312 -0.00536967 0.00141071 -0.00215449 -0.0123888 -0.00287382 -0.0108668 -0.0193713 0.00849217 0.000119705 -0.000166075 0.00142162 0.00337471 0.00125112 0.0266115 0.0218992 -9.88037e-05 0.00316387 0.0201406 0.055443 0.00082283 0.0105767 0.021154 -0.00161553
internal_weight=82944 64744 26971 9363 7561 5433 457 2128 336 1353 175 4976 249 173 76 37773 30974 6799 2546 1802 121 101 17608 1147 139 53 1008 211 110 86
internal_count=82944 64744 26971 9363 7561 5433 457 2128 336 1353 175 4976 249 173 76 37773 30974 6799 2546 1802 121 101 17608 1147 139 53 1008 211 110 86
is_linear=0
shrinkage=0.05


Tree=56
num_leaves=31
num_cat=0
split_feature=5 5 12 4 2 6 2 5 0 11 9 0 0 0 2 4 4 5 11 4 1 1 1 2 5 4 0 2 1 11
split_gain=7.62511 8.39922 9.4125 16.7643 8.87255 7.92753 9.03589 10.2065 8.30706 36.7282 26.0781 16.8196 14.6176 9.37313 13.3841 18.733 8.30087 9.26225 9.07065 11.525 8.90292 6.91345 6.23716 9.23889 5.69724 5.64771 7.8252 8.59299 9.78033 6.6915
threshold=-0.1839442457199755 -0.48220716928829888 1.0444659357341872 1.4434104778517087 0.90653492394164015 -0.066328909107543868 3.6676140064361964 0.48220716928829882 -0.89706151121772792 1.0000000180025095e-35 -1.540195043558046 -1.0318387362866506 -1.2890518259621933 -0.3241679404903749 -0.79907550270918859 1.4193536365541803 -1.1306715409838382 0.18394424571997578 1.0000000180025095e-35 0.072170523892585367 0.88408258218813507 3.1649699101037929 -1.4233941785621556 -1.5810869213772643 -0.24472827403648004 -1.5155810017442939 -0.38127775259496721 1.254116795852888 0.007623876335741824 0.46605794042707133
decision_type=2 2 2 2 2 2 2 2 2 2 2 2 2 2 2 2 2 2 2 2 2 2 2 2 2 2 2 2 2 2
left_child=1 -1 21 22 -5 -2 8 -8 9 -7 11 -11 -12 14 15 -10 20 18 19 -18 -16 25 24 -24 -4 -3 29 28 -28 -27
right_child=5 2 3 4 -6 6 7 -9 13 10 12 -13 -14 -15 16 -17 17 -19 -20 -21 -22 -23 23 -25 -26 26 27 -29 -30 -31
leaf_value=-0.00020791087584345384 -0.00022306433800414868 0.0037683939974915794 0.010568865213396126 0.0017374076621813909 0.032944995321093067 1.8853857093886116e-05 0.018193279870707534 -0.005696307710697136 -0.012082610637722114 0.010007024048636222 -0.028313232892937131 0.039759299684973326 0.0098140985024804291 0.0012884901702970063 -0.0033912269855035345 0.024960393268879305 -0.010107952512717292 -0.00060174570167737028 0.013712402710863061 0.010198773734577716 -0.021468660102636067 -0.020180085234654449 -0.013860318398624456 0.00023165482200892184 -0.013589894675117517 -0.00036278785812868025 -0.003974914343485173 0.0035458456722268724 -0.010970244631445504 -0.01722455802526264
leaf_weight=32183 22522 281 190 36 62 1363 154 63 440 73 28 136 246 15876 360 37 134 3113 241 146 84 60 138 740 28 1660 1493 245 751 61
leaf_count=32183 22522 281 190 36 62 1363 154 63 440 73 28 136 246 15876 360 37 134 3113 241 146 84 60 138 740 28 1660 1493 245 751 61
internal_value=1.16556e-12 -0.000522281 -0.00228336 0.00166784 0.021481 0.000440045 0.00110398 0.0112576 0.00100507 0.00421721 0.0160648 0.0293674 0.00591787 0.000714848 -0.00128453 -0.00920925 -0.000357577 0.000430933 0.00660124 0.000480555 -0.00681128 -0.00331999 -0.00010377 -0.00198326 0.00746591 -0.00309474 -0.00355283 -0.00534531 -0.00631604 -0.000960445
internal_weight=82944 37928 5745 1194 98 45016 22494 217 22277 1846 483 209 274 20431 4555 477 4078 3634 521 280 444 4551 1096 878 218 4491 4210 2489 2244 1721
internal_count=82944 37928 5745 1194 98 45016 22494 217 22277 1846 483 209 274 20431 4555 477 4078 3634 521 280 444 4551 1096 878 218 4491 4210 2489 2244 1721
is_linear=0
shrinkage=0.05


Tree=57
num_leaves=31
num_cat=0
split_feature=2 9 1 9 4 5 12 8 4 4 0 8 4 6 4 5 4 0 6 6 4 3 4 4 4 4 0 4 8 0
split_gain=6.96367 4.85464 7.95414 5.75482 15.1133 26.894 33.1439 18.2047 15.5203 13.7959 19.5537 13.7709 12.1487 23.0066 15.7216 13.048 11.9977 11.6556 11.4346 9.80366 25.7165 10.7304 9.73174 9.43984 9.33491 8.78152 8.59464 8.09174 8.00948 8.86123
threshold=0.37300177230647624 0.096262190222377905 -0.49947961371657934 -1.4439328533356683 -0.74576208022338231 0.061466547291727118 1.0444659357341872 -1.0174668528432229 -0.40896630205798362 0.84198944541349674 0.11269424647273686 -1.0174668528432229 0.96227365190113923 1.0000000180025095e-35 1.3231262713640664 -0.061466547291726868 1.3952967952566522 0.9698976890882377 -0.50537016327275397 -0.50537016327275397 0.14434104778517079 -0.43417781574485326 -1.2028420648764235 1.1787852235788956 -1.0585010170912528 -0.81793260411596802 -0.55626609416445294 -0.81793260411596802 1.0152913959672809 -0.38127775259496721
decision_type=2 2 2 2 2 2 2 2 2 2 2 2 2 2 2 2 2 2 2 2 2 2 2 2 2 2 2 2 2 2
left_child=1 3 -3 4 5 6 7 -1 11 19 12 -6 15 16 -15 -11 -14 23 -18 21 -21 -10 28 -12 -7 -5 -26 -8 29 -9
right_child=-2 2 -4 25 8 24 27 22 9 10 17 -13 13 14 -16 -17 18 -19 -20 20 -22 -23 -24 -25 26 -27 -28 -29 -30 -31
leaf_value=-0.012770858271064105 0.00086409310530918132 0.0027815910415538033 -5.0077741093544241e-05 -0.0024309074940920337 0.0079933588799621699 0.010306151928883549 -0.018173502044991661 0.035927620717919752 0.0048992311215041943 -0.0338951270673424 -0.01430442044424398 -0.012474395263181946 0.0046753020900104809 -0.012758284406020091 0.030840386595521675 -0.0017056178400183426 -0.02017212286161689 -0.00061986916081373949 0.0037614381611979584 -0.0024741751874919533 0.013694207239083664 -0.0071843843568775798 0.0033292490279041515 -0.038462807459470172 0.013165456246802463 -0.00041118497860122803 0.037770996400974248 0.015096446643583478 0.0020142424975107373 0.01420761429100964
leaf_weight=112 18200 2701 30307 7417 101 185 212 61 372 50 107 441 291 26 101 85 130 83 81 441 556 363 383 65 62 19613 83 20 91 204
leaf_count=112 18200 2701 30307 7417 101 185 212 61 372 50 107 441 291 26 101 85 130 83 81 441 556 363 383 65 62 19613 83 20 91 204
internal_value=-1.08119e-14 -0.000242903 0.000181634 -0.000684455 0.000929185 0.0052548 0.00144704 0.0060141 -0.000926903 0.000596724 -0.00401949 -0.00866029 -1.80063e-05 0.00290298 0.0219147 -0.0136277 -0.00190675 -0.0160083 -0.0109844 0.00331262 0.0065425 -0.0010686 0.00886108 -0.023434 0.0177512 -0.000965394 0.02725 -0.0153054 0.0148125 0.0192073
internal_weight=82944 64744 33008 31736 4706 1413 1083 851 3293 2751 1019 542 764 629 127 135 502 255 211 1732 997 735 739 172 330 27030 145 232 356 265
internal_count=82944 64744 33008 31736 4706 1413 1083 851 3293 2751 1019 542 764 629 127 135 502 255 211 1732 997 735 739 172 330 27030 145 232 356 265
is_linear=0
shrinkage=0.05


Tree=58
num_leaves=31
num_cat=0
split_feature=5 1 5 4 4 0 5 11 4 8 7 5 5 6 4 4 8 2 0 0 5 2 7 0 5 0 2 0 4 4
split_gain=6.62407 8.04676 8.85631 14.7212 8.91079 10.5067 7.80563 13.6313 29.7856 11.5154 11.2828 10.671 8.65166 22.7213 16.0018 13.4409 12.8793 40.6272 13.1914 16.7212 12.5592 12.2141 10.1597 9.02376 8.5731 8.29268 10.0392 9.43681 8.27072 9.65319
threshold=-0.061466547291726868 0.88408258218813507 -0.24472827403648004 1.5155810017442943 1.202842064876424 -0.35922177738879607 0.48220716928829882 1.0000000180025095e-35 -0.38490946076045524 -0.27754979391328816 -0.90839521789717692 0.85925218225375766 0.061466547291727118 -0.89145085320788475 1.4434104778517087 0.93821681060361073 -1.7404918888887655 -0.48199072984669428 -0.55626609416445294 -0.14168951538582014 0.24472827403648026 3.1370852600680732 -0.44226394673424807 -0.37105102329581641 0.24472827403648026 0.60971135057985326 -1.4985912050699806 0.3843307069687345 -0.93821681060361073 -0.50519366724809844
decision_type=2 2 2 2 2 2 2 2 2 2 2 2 2 2 2 2 2 2 2 2 2 2 2 2 2 2 2 2 2 2
left_child=1 -1 3 4 -3 -6 7 8 9 -2 -11 28 13 14 15 -9 17 -14 -19 20 -20 -18 23 -15 -12 27 -27 -24 -8 -30
right_child=6 2 -4 -5 5 -7 11 12 -10 10 24 -13 16 22 -16 -17 21 18 19 -21 -22 -23 25 -25 -26 26 -28 -29 29 -31
leaf_value=-0.00031750192998211338 0.00028392044080624335 -0.0021637693554594621 -0.014335553242395131 0.016834960907574869 -0.00083443791929470464 -0.023460695336187453 -0.0044492259120851611 -0.011017882865623892 0.0021844677963026925 0.003531943317782134 -0.017810034882088602 0.0005751237679171193 0.073914339963346717 0.022240055081589771 -0.03483993775277798 0.012288333327533344 0.0025538779229290934 -0.0019835815344956976 0.036773447910010228 0.0029396896270233869 0.0027224809862673284 0.013437530104578897 -0.00039149551380483684 0.0041736190682962722 -0.0069430326035483866 -0.020326504563646659 0.017170900029341588 -0.027185320455381381 0.0038201049249009566 -0.0015172877277462625
leaf_weight=38671 363 1095 182 91 92 116 1859 299 2817 125 388 24290 25 120 56 78 4117 182 101 136 37 275 538 163 341 21 119 35 1012 5200
leaf_count=38671 363 1095 182 91 92 116 1859 299 2817 125 388 24290 25 120 56 78 4117 182 101 136 37 275 538 163 341 21 119 35 1012 5200
internal_value=1.76961e-12 -0.000460227 -0.00396233 -0.002608 -0.00396588 -0.0134529 0.000433818 0.00163004 -0.000639481 -0.0071761 -0.010347 5.17504e-05 0.00308279 -0.000338291 -0.00990045 -0.00619591 0.00408601 0.0118534 0.00845096 0.0153819 0.0276438 0.00323535 0.00381875 0.0118343 -0.0127268 0.000637265 0.0115463 -0.00202812 -0.00152336 -0.00064777
internal_weight=82944 40247 1576 1394 1303 208 42697 10336 4034 1217 854 32361 6302 1429 433 377 4873 481 456 274 138 4392 996 283 729 713 140 573 8071 6212
internal_count=82944 40247 1576 1394 1303 208 42697 10336 4034 1217 854 32361 6302 1429 433 377 4873 481 456 274 138 4392 996 283 729 713 140 573 8071 6212
is_linear=0
shrinkage=0.05


Tree=59
num_leaves=31
num_cat=0
split_feature=2 9 6 9 5 7 5 5 4 4 11 4 6 4 1 4 4 9 4 7 2 5 8 4 5 6 3 4 8 4
split_gain=6.31336 6.68382 5.87299 5.7789 10.6195 5.85852 5.47238 7.90512 13.3347 10.9505 8.50222 20.7976 12.6925 16.0608 15.9236 12.1457 11.7669 14.9334 11.6868 20.851 12.9027 11.3559 20.5526 16.0397 13.504 46.6384 26.9748 16.1103 14.7678 25.5466
threshold=1.1361628307712628 -0.19252438044475575 1.1133806251249947 -0.96262190222377886 1.1210959212062968 -0.44226394673424807 -0.1839442457199755 0.59600457818367614 -0.93821681060361073 -0.48113682595056956 1.0000000180025095e-35 -0.38490946076045524 -0.91243033262339701 0.84198944541349674 -0.94167131382330294 -1.6118083669344079 1.5636946843393513 -1.540195043558046 1.0585010170912532 0.50473852548845832 -1.078091028346303 0.24472827403648026 0.37100531152820115 -1.0344441757937244 0.12281920449442395 -0.89145085320788475 2.4773401036885629 -1.2990694300665375 -1.0174668528432229 0.38490946076045557
decision_type=2 2 2 2 2 2 2 2 2 2 2 2 2 2 2 2 2 2 2 2 2 2 2 2 2 2 2 2 2 2
left_child=1 6 -3 -2 -5 -6 -1 10 -9 -10 11 -8 15 21 18 -12 -17 -18 20 -20 -15 22 24 -23 28 26 -26 -27 29 -14
right_child=3 2 -4 4 5 -7 7 8 9 -11 12 -13 13 14 -16 16 17 -19 19 -21 -22 23 -24 -25 25 27 -28 -29 -30 -31
leaf_value=-0.0014136527679027579 0.0027867724387814637 -9.6029582596535601e-06 0.0014169807970307478 -0.0022233558643578546 -0.0015414294774872158 0.013607382916691432 -0.0054076369326486844 -0.0055773778086743095 0.0048163173181706561 -0.0013236980660736677 -0.024707030898345445 0.0014240559519264199 -0.015284307070799625 -0.039443807136267425 0.0015744556606483728 -0.00035309815029214509 -0.046834580672364082 0.0063396874242006686 0.0048847410495882343 -0.027624015836045148 -0.00051972433769454556 0.0065238604577927519 0.014154114805076425 -0.0055579607367394418 0.097030492760241033 -0.017328134753011367 0.029054895991080062 0.010430385158501901 0.0056649975609284007 0.013046118445628514
leaf_weight=13978 3661 36645 8983 1583 98 183 1661 1523 884 4067 58 3383 269 60 1429 1265 31 23 167 70 33 622 735 492 20 74 54 178 602 113
leaf_count=13978 3661 36645 8983 1583 98 183 1661 1523 884 4067 58 3383 269 60 1429 1265 31 23 167 70 33 622 735 492 20 74 54 178 602 113
internal_value=2.67492e-13 -0.000116533 0.000271255 0.00163292 -0.000633305 0.00832417 -0.000673107 -9.19942e-05 -0.00148597 -0.0002274 0.000703899 -0.000825635 0.00192947 0.00311748 -0.000711661 -0.00231353 -0.00132883 -0.0241863 -0.0106112 -0.004717 -0.025632 0.00524962 0.00746222 0.0011879 0.0037076 0.0125273 0.0474267 0.00227907 0.000785631 -0.00690384
internal_weight=82944 77419 45628 5525 1864 281 31791 17813 6474 4951 11339 5044 6295 4918 1759 1377 1319 54 330 237 93 3159 2045 1114 1310 326 74 252 984 382
internal_count=82944 77419 45628 5525 1864 281 31791 17813 6474 4951 11339 5044 6295 4918 1759 1377 1319 54 330 237 93 3159 2045 1114 1310 326 74 252 984 382
is_linear=0
shrinkage=0.05


Tree=60
num_leaves=31
num_cat=0
split_feature=2 9 0 10 6 9 0 3 4 9 9 8 4 2 6 5 1 5 8 0 1 0 2 0 4 9 0 0 3 1
split_gain=5.69781 6.0976 6.49405 10.273 25.552 16.1485 14.5917 11.8519 9.34988 14.7342 6.63758 6.26535 10.0078 15.621 16.5093 6.96083 7.36723 6.99283 6.26261 13.3047 11.7753 29.094 20.5628 11.0085 7.40161 6.43066 6.12135 6.06415 5.89721 5.84277
threshold=1.1361628307712628 0.096262190222377905 -0.55302738326259016 1.0000000180025095e-35 -0.89145085320788475 -1.540195043558046 -0.24514711865888661 2.7411778454774844 -0.14434104778517126 -1.2514084728909125 -0.96262190222377886 0.19793268244031401 1.0585010170912532 -3.0434776404737893 1.0000000180025095e-35 0.061466547291727118 -2.9962175190977089 0.30505838731795659 -1.7404918888887655 -0.19301330472787928 0.15349595353131673 -0.14168951538582014 -0.23218420546025875 -0.14168951538582014 -1.4193536365541799 -1.6364572337804242 -0.080264722505050776 -0.97483529350196407 2.7411778454774844 -0.49947961371657934
decision_type=2 2 2 2 2 2 2 2 2 2 2 2 2 2 2 2 2 2 2 2 2 2 2 2 2 2 2 2 2 2
left_child=1 2 11 18 5 -5 7 -7 10 -10 -6 12 15 -14 -15 16 -1 -17 19 25 23 22 -22 -21 -25 -4 -8 -16 -23 -3
right_child=-2 29 3 4 8 6 26 -9 9 -11 -12 -13 13 14 27 17 -18 -19 -20 20 21 28 -24 24 -26 -27 -28 -29 -30 -31
leaf_value=0.024618276663554404 0.0015512756409458168 0.0025657951237856775 -0.025562096416251734 -0.047088085148822179 -0.0089263813775654413 -0.0047550194753813854 -0.034763143434881787 -0.041654702972458761 0.0097088963616453385 -0.0015756277237276945 -0.0016851890584956134 -0.00036235352385626115 -0.031797547033056615 0.0053198748318139585 0.048854759459694225 0.0080811968119851845 -0.0022364810869117632 0.0011204562382589583 -0.00090091723187668668 -0.023463261495405615 0.081823972581575311 0.0096750925069642897 0.020998415802464341 0.01546040498977479 0.0019986252815454462 -0.0024945473073023699 -0.01108693705339517 0.020534745232219119 -0.014569361085693042 0.00016347431972918436
leaf_weight=26 5525 2722 32 33 603 404 78 23 348 1714 666 12171 24 483 24 474 1440 1511 16842 38 24 153 33 121 654 541 42 89 30 36076
leaf_count=26 5525 2722 32 33 603 404 78 23 348 1714 666 12171 24 483 24 474 1440 1511 16842 38 24 153 33 121 654 541 42 89 30 36076
internal_value=6.32363e-13 -0.000110707 -0.000555459 -0.00110781 -0.00343571 -0.013121 -0.0110718 -0.00674259 -0.00174929 0.000328841 -0.00512604 0.000205597 0.00190359 0.00775236 0.00934498 0.000852808 -0.0017602 0.00278262 -0.000614828 0.00234846 0.00568484 0.0154164 0.0466092 0.00281206 0.0041004 -0.00378279 -0.0264765 0.0265496 0.00570059 0.000332017
internal_weight=82944 77419 38621 22379 3911 580 547 427 3331 2062 1269 16242 4071 620 596 3451 1466 1985 18468 1626 1053 240 57 813 775 573 120 113 183 38798
internal_count=82944 77419 38621 22379 3911 580 547 427 3331 2062 1269 16242 4071 620 596 3451 1466 1985 18468 1626 1053 240 57 813 775 573 120 113 183 38798
is_linear=0
shrinkage=0.05


Tree=61
num_leaves=31
num_cat=0
split_feature=2 6 5 5 1 2 3 2 7 11 0 6 5 5 6 0 8 1 2 12 11 0 5 5 0 7 1 2 11 3
split_gain=5.34061 5.58616 7.54846 6.44401 5.74138 6.31841 5.50391 5.64709 5.44414 6.67556 12.9057 14.0975 8.60197 18.8591 16.3114 20.5475 10.6823 9.73826 9.2962 9.26403 14.4236 8.5413 7.38588 10.1152 7.3962 7.24436 6.76196 5.43803 6.02053 5.50852
threshold=-0.2195972376683499 -0.91243033262339701 -0.12281920449442368 -0.30505838731795659 -1.0316263552833924 -0.48199072984669428 -1.2671764681568409 -3.7511785749039293 1.7010387896728181 1.0000000180025095e-35 -0.89706151121772792 1.0000000180025095e-35 0.24472827403648026 0.061466547291727118 -0.89145085320788475 -0.19301330472787928 -1.0174668528432229 -0.49947961371657934 -2.3548406500209835 -1.0444659357341868 0.46605794042707133 -1.1732138849503568 0.48220716928829882 0.061466547291727118 -0.64222862191835584 0.50473852548845832 0.5157797671789649 -1.5810869213772643 0.46605794042707133 -0.024325885941264811
decision_type=2 2 2 2 2 2 2 2 2 2 2 2 2 2 2 2 2 2 2 2 2 2 2 2 2 2 2 2 2 2
left_child=1 -1 3 6 5 -5 -3 -8 9 22 11 21 13 16 15 -15 -12 -16 -14 20 -18 25 23 -4 -25 26 -11 28 29 -9
right_child=-2 2 8 4 -6 -7 7 27 -10 10 12 -13 18 14 17 -17 19 -19 -20 -21 -22 -23 -24 24 -26 -27 -28 -29 -30 -31
leaf_value=-0.0019742296150665785 0.00028540156703298438 0.0019812542537877786 0.00055305959613309011 -0.0082980856197003485 -0.0014336135851601268 0.012650567332380697 0.015133611703101821 -0.004958568197487901 0.0045514539492589436 0.0087583210467918043 -0.0098695795785596705 0.044579124876431064 -0.033036499385806647 0.0037701881583780054 0.025218625432001308 0.070635534688416463 0.0089938758514248405 0.0041238315566073337 -0.00037126357578972898 0.0085223793294790084 -0.029442215625844571 0.013977959981679711 0.0004318275139906251 -0.0026579785849602526 -0.013936248434069771 -0.026950321160256863 -0.01911719523853174 -0.00079596185801566468 0.0052406506016194152 -0.017393963809797332
leaf_weight=5609 55075 1850 559 682 1085 38 54 316 930 112 191 28 22 20 77 27 52 189 2186 320 46 234 3126 265 322 23 27 9257 98 124
leaf_count=5609 55075 1850 559 682 1085 38 54 316 930 112 191 28 22 20 77 27 52 189 2186 320 46 234 3126 265 322 23 27 9257 98 124
internal_value=8.96081e-13 -0.000564013 -0.000208672 -0.000950082 -0.00373077 -0.00719246 -0.000521058 -0.000991083 0.000934772 0.000504985 0.00210602 0.0102924 0.00099707 0.00505338 0.0150281 0.0421822 -7.32162e-05 0.0102302 -0.000696732 0.00440311 -0.00904755 0.00786806 -0.000826962 -0.00426062 -0.0088447 -0.000957344 0.00334365 -0.00107998 -0.00596687 -0.00846309
internal_weight=82944 27869 22260 13504 1805 720 11699 9849 8756 7826 3554 424 3130 922 313 47 609 266 2208 418 98 396 4272 1146 587 162 139 9795 538 440
internal_count=82944 27869 22260 13504 1805 720 11699 9849 8756 7826 3554 424 3130 922 313 47 609 266 2208 418 98 396 4272 1146 587 162 139 9795 538 440
is_linear=0
shrinkage=0.05


Tree=62
num_leaves=31
num_cat=0
split_feature=2 0 1 5 4 5 4 0 7 2 4 8 4 1 5 6 1 3 2 4 9 7 2 8 1 3 6 4 1 8
split_gain=5.06677 4.96172 4.63237 9.31098 10.3088 7.54659 6.47606 19.2566 9.83556 6.31164 9.4439 7.76292 8.37702 9.61415 6.15848 6.1317 5.15847 4.82743 4.66477 4.47817 11.0726 6.79677 4.4306 5.46787 5.25411 4.35275 4.24355 3.94431 8.50992 8.26502
threshold=0.67242970367892874 0.25917124939737912 0.9312826056016329 0.12281920449442395 -1.2028420648764235 0.48220716928829882 -1.3231262713640659 -0.30211222621632566 -0.17427846833443938 1.6551730087012897 0.67359155633079737 0.19793268244031401 -1.0825578583887812 2.0467546756569654 0.24472827403648026 1.7077461606570974 3.9834252005800086 2.131578920635214 1.0391556740420083 -1.6358652082319363 -0.6738353315566451 -0.081021797575299523 3.6676140064361964 0.37100531152820115 2.0467546756569654 1.102197650456999 -0.50537016327275397 -0.31273893686786985 -0.39887280891631083 0.37100531152820115
decision_type=2 2 2 2 2 2 2 2 2 2 2 2 2 2 2 2 2 2 2 2 2 2 2 2 2 2 2 2 2 2
left_child=1 27 19 4 -4 6 7 8 22 -8 11 12 13 -11 -10 -12 18 -9 -6 20 21 -2 23 24 -5 -13 -16 28 29 -1
right_child=2 -3 3 5 16 -7 9 17 14 10 15 25 -14 -15 26 -17 -18 -19 -20 -21 -22 -23 -24 -25 -26 -27 -28 -29 -30 -31
leaf_value=-0.004282794367248096 0.015164270378807757 0.00038551244709991809 -0.011938764834915204 0.032983850482851268 -0.0082851956207480922 -0.0018284033042482298 -0.0012616419189134887 0.035828066434932214 -0.027750537925484504 0.04701594153419137 0.011608822845232186 -0.0057296982652548217 -0.0023132961025321189 0.005754506565669241 -0.016031242755001809 -0.0070983546161168852 -0.017648043121089755 0.01568618825171143 0.0011270169200715411 0.0016807376427552254 0.0016679823459339817 0.049379327729166977 0.02409103313324655 -0.016798640402924756 0.0028281761127380797 -0.030210136508879566 0.0071633510652701462 -7.7369475504360968e-05 -0.00030297812891974903 -0.00051099818385186508
leaf_weight=3256 47 27227 298 20 159 1239 837 59 33 20 413 46 209 48 33 49 46 60 765 5642 161 21 41 23 52 30 49 26610 12829 2622
leaf_count=3256 47 27227 298 20 159 1239 837 59 33 20 413 46 209 48 33 49 46 60 765 5642 161 21 41 23 52 30 49 26610 12829 2622
internal_value=-2.50023e-13 -0.000147965 0.00103211 -0.000169348 -0.003805 0.00124433 0.00312718 0.00910632 0.00125224 0.00178802 0.00492001 -0.00123743 0.00264641 0.0178902 -0.00951126 0.00962473 -0.00130617 0.0256725 -0.000492617 0.00195894 0.00881324 0.0257307 0.0103537 0.00442498 0.0112048 -0.015393 -0.00217106 -0.000468485 -0.00102483 -0.00260031
internal_weight=82944 72544 10400 4529 1268 3261 2022 370 251 1652 815 353 277 68 115 462 970 119 924 5871 229 68 136 95 72 76 82 45317 18707 5878
internal_count=82944 72544 10400 4529 1268 3261 2022 370 251 1652 815 353 277 68 115 462 970 119 924 5871 229 68 136 95 72 76 82 45317 18707 5878
is_linear=0
shrinkage=0.05


Tree=63
num_leaves=31
num_cat=0
split_feature=5 7 4 3 1 2 3 4 9 4 4 2 4 5 2 4 12 1 2 4 5 4 4 8 12 3 3 7 4 5
split_gain=4.89045 6.9761 8.4306 12.8774 7.59174 7.6837 7.06331 6.98053 10.6176 12.8349 11.9477 6.93195 6.66806 6.54737 8.90917 9.16886 9.10307 7.60026 6.91542 6.47126 6.38615 6.36802 8.23574 9.48197 7.80615 6.65657 6.18912 6.06207 5.75512 17.7213
threshold=-0.1839442457199755 1.7010387896728181 1.1306715409838386 -1.8143488958195075 -0.57926091767644572 -3.0434776404737893 -0.86073685177633352 0.91415996930608234 -1.540195043558046 1.2509557474714812 1.5155810017442943 -0.26450838718652298 0.26462525427281319 -0.42390874111029003 1.6551730087012897 1.4434104778517087 -1.0444659357341868 0.022084684438489963 2.0221389452373439 -1.5636946843393509 0.36482234569996347 -1.1547283822813665 -1.5636946843393509 -1.0174668528432229 -1.0444659357341868 -0.929308102882482 -1.8857123515670644 1.0000000180025095e-35 0.89010312800855373 -0.061466547291726868
decision_type=2 2 2 2 2 2 2 2 2 2 2 2 2 2 2 2 2 2 2 2 2 2 2 2 2 2 2 2 2 2
left_child=13 2 28 -4 5 -5 20 11 9 -9 -11 -3 -13 -1 17 16 18 21 -16 -19 -6 22 23 -15 25 -24 -21 -17 -2 -30
right_child=1 7 3 4 6 -7 -8 8 -10 10 -12 12 -14 14 15 27 -18 19 -20 26 -22 -23 24 -25 -26 -27 -28 -29 29 -31
leaf_value=-0.00017321313403316659 1.5739918990100811e-05 0.0075179361862165355 0.025187862677306966 -0.017812152847958108 0.021114319142558288 0.0081394289143865341 0.00062725316904163955 0.0041128515989681631 0.00037968625006743785 -0.050805231863084971 -0.0075138773644963901 0.00050821532821367663 0.0060125869846804425 0.031338412858545779 0.029145347431213376 0.0082360373973323596 -0.004538219632733472 0.010191864694722675 -0.0005007351470192442 0.0012767470759589583 0.0043851099903209059 -0.00071177179231752435 0.027810402352108878 -0.0030889867444057022 -0.014258175554701633 -0.012045592033537104 -0.0091875982506925066 0.034017818685817096 -0.019003494017116037 -0.001400775882339049
leaf_weight=33295 30709 764 58 30 74 579 5992 46 946 34 30 1885 777 25 42 57 219 55 37 170 249 2726 22 100 285 20 837 38 151 2692
leaf_count=33295 30709 764 58 30 74 579 5992 46 946 34 30 1885 777 25 42 57 219 55 37 170 249 2726 22 100 285 20 837 38 151 2692
internal_value=-1.75728e-12 0.00035241 0.000145435 0.00172617 0.00152964 0.00686103 0.0010155 0.00222424 -0.00132994 -0.0160328 -0.0305124 0.00331975 0.00211486 -0.000418269 -0.00217936 0.00502249 0.000710427 -0.00284689 0.0152605 -0.00650887 0.00821781 -0.00162316 -0.00711969 0.00379649 -0.0112925 0.00883136 -0.00742103 0.0185487 -0.000183508 -0.00233571
internal_weight=82944 45016 40534 6982 6924 609 6315 4482 1056 110 64 3426 2662 37928 4633 393 298 4240 79 1062 323 3178 452 125 327 42 1007 95 33552 2843
internal_count=82944 45016 40534 6982 6924 609 6315 4482 1056 110 64 3426 2662 37928 4633 393 298 4240 79 1062 323 3178 452 125 327 42 1007 95 33552 2843
is_linear=0
shrinkage=0.05


Tree=64
num_leaves=31
num_cat=0
split_feature=2 1 5 4 4 7 5 4 0 4 7 5 2 9 12 9 4 0 4 4 0 0 9 0 5 4 0 1 7 4
split_gain=4.49861 4.45785 7.24852 7.321 5.89664 9.4732 15.0242 7.26851 7.13248 11.4072 6.38689 9.33779 5.94223 5.71214 8.28434 7.36717 6.29161 15.3461 8.72184 6.07203 5.44559 15.0624 5.43277 5.21593 6.4909 5.11077 4.80367 4.68574 4.60703 5.4354
threshold=0.37300177230647624 1.0371510767598477 1.0000000180025095e-35 -1.5636946843393509 1.1787852235788956 0.50473852548845832 0.18394424571997578 1.3471831126615947 -0.080264722505050776 -0.9863304931986675 1.7010387896728181 0.12281920449442395 0.93381369417971016 -1.1551462826685344 -1.0444659357341868 -0.28878657066713359 -1.2750125887690089 -0.34345730851884587 -1.1066146996863098 1.2750125887690096 0.85581719238651865 0.86471181184545942 -1.3476706631132902 0.23124972016936643 0.30505838731795659 -1.5877515256368793 -0.75046076471372969 5.5800494844930517 -0.90839521789717692 -1.2990694300665375
decision_type=2 2 2 2 2 2 2 2 2 2 2 2 2 2 2 2 2 2 2 2 2 2 2 2 2 2 2 2 2 2
left_child=-1 13 3 -3 8 7 -7 23 -4 10 11 -10 -13 14 16 20 17 -2 22 -20 28 -22 -18 24 -6 -19 -21 -14 -15 -30
right_child=1 2 4 -5 5 6 -8 -9 9 -11 -12 12 27 15 -16 -17 18 25 19 26 21 -23 -24 -25 -26 -27 -28 -29 29 -31
leaf_value=-0.00019523268537909044 -0.010830695835512973 -0.019256541490941855 -0.002666990260586114 -0.0031939044940909713 0.029242396132010497 -0.039685856719170853 0.0072189765259329424 0.0029969143590352016 -0.019743913728743793 -0.0010617868838540664 -0.0038741753589848112 0.039413008179205164 0.016405909084598533 0.0037667428491706813 0.001727782863814488 0.0015376939618953493 -0.02993807730336602 0.011303391850863894 0.0047506711779680228 0.0076625286433210761 0.04233088443676631 0.0016543117428227561 0.0047242721344809982 -0.0044163160864263773 0.007936734434527656 0.038881128700450067 0.02846634022644139 -0.002539798598977191 -0.009414177663682282 -0.0019682852320804254
leaf_weight=64744 31 77 1790 901 71 31 38 645 20 739 68 24 200 304 2263 7132 26 24 353 55 24 440 20 30 72 56 56 39 273 2398
leaf_count=64744 31 77 1790 901 71 31 38 645 20 739 68 24 200 304 2263 7132 26 24 353 55 24 440 20 30 72 56 56 39 273 2398
internal_value=2.13048e-13 0.000694513 -0.000623199 -0.00445855 0.000372546 0.00393713 -0.0138542 0.00543787 -0.000725296 0.00246336 0.00988524 0.0131914 0.015696 0.00115921 0.00313158 0.000621109 0.0082472 0.0190349 0.00589929 0.00795806 -0.00127976 0.00375827 -0.0148675 0.0145385 0.0185151 0.0306078 0.0181581 0.0133144 -0.00206552 -0.00272932
internal_weight=82944 18200 4745 978 3767 887 69 818 2880 1090 351 283 263 13455 2884 10571 621 111 510 464 3439 464 46 173 143 80 111 239 2975 2671
internal_count=82944 18200 4745 978 3767 887 69 818 2880 1090 351 283 263 13455 2884 10571 621 111 510 464 3439 464 46 173 143 80 111 239 2975 2671
is_linear=0
shrinkage=0.05


Tree=65
num_leaves=31
num_cat=0
split_feature=0 0 8 4 9 3 0 3 8 9 0 4 4 2 3 9 1 2 1 9 0 0 1 3 1 0 4 2 9 7
split_gain=4.30963 5.20904 11.6612 17.3317 11.5778 9.77406 9.40113 12.399 7.48047 7.47383 18.883 11.1456 8.44662 7.83717 7.86555 7.03594 16.4683 40.778 15.9813 9.24299 5.9116 5.86878 7.7779 5.66121 5.43636 5.63452 4.53813 4.49138 5.99695 7.98307
threshold=0.25917124939737912 -0.55302738326259016 -1.0174668528432229 1.154728382281367 -1.4439328533356683 3.1493595272315917 -0.55626609416445294 3.1493595272315917 -1.0174668528432229 -1.540195043558046 -0.34345730851884587 -0.67359155633079704 1.5877515256368797 -1.5810869213772643 -0.61447639869091042 -0.96262190222377886 0.16405041216968533 -0.269101928464065 0.54381182028618502 -0.19252438044475575 -0.46857423455844588 -1.5888028932481835 -0.16888529839174685 1.6846039626222393 2.3825425859923857 -0.34345730851884587 -0.93821681060361073 1.3246772382074914 -1.0588840924461567 1.0000000180025095e-35
decision_type=2 2 2 2 2 2 2 2 2 2 2 2 2 2 2 2 2 2 2 2 2 2 2 2 2 2 2 2 2 2
left_child=1 2 3 6 21 -6 -1 -8 9 10 -3 -12 -13 14 -11 16 20 18 -18 -17 23 -5 -23 -15 25 -19 -22 28 29 -2
right_child=27 8 -4 4 5 -7 7 -9 -10 13 11 12 -14 15 -16 19 17 24 -20 -21 26 22 -24 -25 -26 -27 -28 -29 -30 -31
leaf_value=0.00054500502526629935 -0.0046277872501342297 -0.044669312701532342 -0.00011507643027630214 0.0035817175305315426 0.01059975933761975 -0.013859289131748179 0.0073590184553738759 0.04760354145470521 -0.00025023041678293688 -0.0041739241501577082 -0.013435895824049776 0.0066145858902326498 -0.019509064121253639 -0.0064286753738997506 -0.023395547661930322 -0.0049628498999560481 0.087342242170125262 -0.0056591861816052578 0.025586867256259378 -0.00062284201226224013 -0.020976551795367063 0.043645254109858304 0.017379001616722064 -0.035161820861200496 -0.0023132392922114511 0.010412210741595316 -0.00088810658564988454 0.0039123209638904722 0.00060598718997128317 0.00067696083869208919
leaf_weight=1865 1335 33 24572 28 274 48 114 23 18671 159 222 189 37 40 80 1865 20 66 22 3585 31 51 63 30 216 314 302 923 26253 1513
leaf_count=1865 1335 33 24572 28 274 48 114 23 18671 159 222 189 37 40 80 1865 20 66 22 3585 31 51 63 30 216 314 302 923 26253 1513
internal_value=-3.04499e-12 -0.00027147 0.000213875 0.00349165 0.0121986 0.00695369 0.00147365 0.0141154 -0.000778493 -0.00214629 -0.00816743 -0.00547868 0.00233771 -0.00171595 -0.0106079 -0.00138855 0.00237804 0.00737621 0.0549942 -0.002108 -0.0055347 0.0240921 0.0291297 -0.0187429 0.00402058 0.00762086 -0.0027582 0.000478491 0.000369579 -0.00180964
internal_weight=82944 52920 27038 2466 464 322 2002 137 25882 7211 481 448 226 6730 239 6491 1041 638 42 5450 403 142 114 70 596 380 333 30024 29101 2848
internal_count=82944 52920 27038 2466 464 322 2002 137 25882 7211 481 448 226 6730 239 6491 1041 638 42 5450 403 142 114 70 596 380 333 30024 29101 2848
is_linear=0
shrinkage=0.05


Tree=66
num_leaves=31
num_cat=0
split_feature=5 4 6 2 4 5 0 9 11 2 4 0 9 7 0 7 1 5 5 8 4 4 3 3 1 1 3 4 8 5
split_gain=4.23807 6.31011 6.92318 9.14796 7.11066 13.2562 10.9803 9.88639 7.11796 18.9009 10.5768 8.64881 6.88668 13.0986 11.1579 6.83691 6.41942 9.90773 5.80433 7.70785 16.7475 11.9644 7.33335 6.36271 5.55482 5.19296 6.05415 14.6496 5.86908 10.9303
threshold=-0.1839442457199755 0.048113682595056877 1.0000000180025095e-35 -3.7511785749039293 0.79387576281843975 0.24472827403648026 -0.93614198928319892 -1.6364572337804242 0.46605794042707133 -0.96221201328503947 1.1066146996863102 -0.54514488236745817 -1.540195043558046 1.7010387896728181 0.9698976890882377 1.7010387896728181 2.2069776570181805 1.0000000180025095e-35 -0.48220716928829888 -1.7404918888887655 1.3952967952566522 -1.6118083669344079 -0.07498305521260458 -0.94615504238545645 2.0467546756569654 -0.62194120573029832 3.1493595272315917 0.31273893686787019 -1.0174668528432229 -0.061466547291726868
decision_type=2 2 2 2 2 2 2 2 2 2 2 2 2 2 2 2 2 2 2 2 2 2 2 2 2 2 2 2 2 2
left_child=18 -2 16 -4 5 -5 7 -6 11 10 -10 -8 13 -13 -15 -7 25 -18 -1 20 21 -20 -23 -21 -22 28 -27 -28 29 -3
right_child=1 2 3 4 6 15 8 -9 9 -11 -12 12 -14 14 -16 -17 17 -19 19 23 24 22 -24 -25 -26 26 27 -29 -30 -31
leaf_value=-0.00012803717487785697 -0.00024741629788238567 0.029833245312795045 -0.02312198196951714 0.0098735804019912665 0.0481396574203087 0.0010021344870242714 0.01131461255248185 0.0045681768368619185 -0.025065653117036259 -0.00034381706030939442 0.0088837120025086081 0.0016839156816122196 0.0017234858016442344 -0.043610720610932303 -0.0035385684399443563 0.0063717519030169357 -0.021576090465532619 0.0070730978529131537 0.038772993778111414 -0.0006905546965386331 0.048936818811026489 0.0049779947405728456 -0.0066968919325165552 -0.0042134164589556575 0.01687434807419777 -0.0002941890730072993 -0.046275720760847135 -0.0034831614491122307 0.0010145528733933879 0.0046901593033697314
leaf_weight=32183 23144 50 36 715 23 2384 223 30 127 1161 28 126 2998 38 32 789 32 530 20 2512 22 281 258 2617 35 10676 24 120 1411 319
leaf_count=32183 23144 50 36 715 23 2384 223 30 127 1161 28 126 2998 38 32 789 32 530 20 2512 22 281 258 2617 35 10676 24 120 1411 319
internal_value=1.15653e-12 0.000328064 0.000937012 0.00203054 0.00213493 0.00372325 0.000844629 0.0234766 0.000591197 -0.00253326 -0.0189329 0.00179453 0.00112985 -0.00795035 -0.025292 0.00233735 0.000213365 0.00544183 -0.000389372 -0.00185335 0.00343132 0.000798709 -0.000610355 -0.00248805 0.0292493 -1.98414e-05 -0.000431549 -0.0106153 0.00248278 0.00809708
internal_weight=82944 45016 21872 8710 8674 3888 4786 53 4733 1316 155 3417 3194 196 70 3173 13162 562 37928 5745 616 559 539 5129 57 12600 10820 144 1780 369
internal_count=82944 45016 21872 8710 8674 3888 4786 53 4733 1316 155 3417 3194 196 70 3173 13162 562 37928 5745 616 559 539 5129 57 12600 10820 144 1780 369
is_linear=0
shrinkage=0.05


Tree=67
num_leaves=31
num_cat=0
split_feature=0 0 8 4 9 3 0 3 8 9 0 4 4 2 3 9 5 2 4 0 0 9 3 4 4 4 4 4 0 4
split_gain=3.93612 4.68648 10.0139 14.7665 11.0978 8.41226 8.27046 11.332 6.80982 6.77595 16.5863 9.88346 7.38338 7.0548 7.03445 6.27692 16.9419 31.1455 15.6836 15.327 10.0439 8.37115 8.14166 6.61249 6.27301 5.12825 4.83753 5.49146 4.5934 4.37226
threshold=0.25917124939737912 -0.55302738326259016 -1.0174668528432229 1.0825578583887816 -1.4439328533356683 3.1493595272315917 -0.55626609416445294 3.1493595272315917 -1.0174668528432229 -1.540195043558046 -0.34345730851884587 -0.67359155633079704 1.5877515256368797 -1.5810869213772643 -0.61447639869091042 -0.96262190222377886 0.12281920449442395 -0.48199072984669428 -1.2268989061739519 -0.19301330472787928 -0.17705215526021886 -0.19252438044475575 3.1493595272315917 1.5396378430418227 1.6358652082319367 1.0103873344961962 -1.1306715409838382 -1.5877515256368793 0.21303905907237405 -0.84198944541349652
decision_type=2 2 2 2 2 2 2 2 2 2 2 2 2 2 2 2 2 2 2 2 2 2 2 2 2 2 2 2 2 2
left_child=1 2 3 6 -5 -6 -1 -8 9 10 -3 -12 -13 14 -11 16 18 -18 -15 22 -21 29 -19 25 -25 -20 27 -22 -29 -17
right_child=-2 8 -4 4 5 -7 7 -9 -10 13 11 12 -14 15 -16 21 17 19 23 20 26 -23 -24 24 -26 -27 -28 28 -30 -31
leaf_value=0.00047012232073129863 0.00045728565064608571 -0.041988627505347591 -0.00010391377401958659 0.022622463452846631 0.0093567786091256176 -0.013280620918764422 0.0067331960165164378 0.045235735190141464 -0.00023633290914033562 -0.0039875303181298311 -0.012751730206907048 0.0061005609969561683 -0.018323628554070319 -0.039265908517336356 -0.022165294108272067 -0.0091240460752250365 0.065837037347426464 -0.0020992131133778236 -0.002123954929993488 0.035293102937225158 -0.0046827022358775141 -0.00059117380348255638 -0.03417781530353585 0.02918166191927318 -0.0039976551995745731 -0.017045004194291929 0.0050583924810963053 0.045287124477326871 0.017014486063500027 -0.003390189248725797
leaf_weight=1853 30024 33 24572 146 283 48 113 23 18671 159 222 189 37 32 80 433 22 196 248 39 20 3585 22 29 28 75 259 20 51 1432
leaf_count=1853 30024 33 24572 146 283 48 113 23 18671 159 222 189 37 32 80 433 22 196 248 39 20 3585 22 29 28 75 259 20 51 1432
internal_value=2.92865e-13 -0.00025944 0.000200918 0.00323836 0.0111392 0.00607401 0.00134359 0.0132447 -0.000740359 -0.0020454 -0.00777854 -0.0052586 0.00210191 -0.00163565 -0.0100721 -0.00132502 0.00223261 0.00739497 -0.00564877 0.00527681 0.0112246 -0.00200455 -0.0053365 -0.00281785 0.0128831 -0.00558859 0.00854272 0.0184596 0.0249786 -0.00472143
internal_weight=82944 52920 27038 2466 477 331 1989 136 25882 7211 481 448 226 6730 239 6491 1041 629 412 607 389 5450 218 380 57 323 350 91 71 1865
internal_count=82944 52920 27038 2466 477 331 1989 136 25882 7211 481 448 226 6730 239 6491 1041 629 412 607 389 5450 218 380 57 323 350 91 71 1865
is_linear=0
shrinkage=0.05


Tree=68
num_leaves=31
num_cat=0
split_feature=2 6 4 3 4 5 4 5 4 4 0 4 2 4 5 4 4 5 8 3 2 9 4 12 5 3 5 4 2 2
split_gain=3.79833 4.83679 10.7279 10.1199 6.60906 6.05022 8.27734 5.33435 5.88023 5.73837 11.3032 5.72409 8.20813 8.27383 8.06073 6.28772 5.29804 5.24395 5.09473 5.05568 4.98906 4.63226 4.38314 4.26476 12.2541 5.93984 9.91431 12.5412 8.45266 6.72424
threshold=-0.2195972376683499 -0.91243033262339701 -1.0344441757937244 -0.11127068806914031 -1.2028420648764235 -0.12281920449442368 1.6358652082319367 -0.30505838731795659 -1.5636946843393509 -1.2750125887690089 -0.19301330472787928 0.79387576281843975 -0.5445736433831162 1.1306715409838386 -0.24472827403648004 -0.14434104778517126 -1.3231262713640659 -0.1839442457199755 0.37100531152820115 -1.4251294324391448 -3.7511785749039293 -0.96262190222377886 1.154728382281367 -1.0444659357341868 0.53960840463842696 0.47599134126430692 0.18394424571997578 -0.76981892152091091 -1.3167513550134524 -2.1687760795408226
decision_type=2 2 2 2 2 2 2 2 2 2 2 2 2 2 2 2 2 2 2 2 2 2 2 2 2 2 2 2 2 2
left_child=1 2 3 4 -1 7 23 19 18 10 -10 15 13 14 -13 -11 21 -12 -9 -3 -21 -5 -14 24 25 -7 27 28 -27 -28
right_child=-2 5 -4 16 -6 6 -8 8 9 11 17 12 22 -15 -16 -17 -18 -19 -20 20 -22 -23 -24 -25 -26 26 29 -29 -30 -31
leaf_value=-0.0007851490322595703 0.00024068945025682454 0.0024273450967293797 -0.00047510725613073013 -0.021324569297153071 -0.0091844412310731465 -0.013852474722104186 0.019543400830668162 -0.00085568025030873039 0.010412101754370857 -0.0038862980653547909 -0.032429683693395606 -0.0037032890746083397 0.028604945540428164 -0.0039714538733835658 -0.025565590807042706 0.0039039221125647368 -0.0024634670651390812 -0.007463676711741949 0.028738938368713631 0.013229413722763726 -0.00088420897587464492 -0.0066985634338299314 -0.00044832748689633959 0.0011391140842398183 0.0028272169593719812 0.051184171083427613 -0.030137324509387081 -0.0085660364858958192 0.0088885105611687457 -0.0031202112559274939
leaf_weight=819 55075 1377 4123 172 328 240 59 33 34 725 58 65 21 253 120 403 88 33 26 63 10259 79 34 7750 512 21 37 49 27 61
leaf_count=819 55075 1377 4123 172 328 240 59 33 34 725 58 65 21 253 120 403 88 33 26 63 10259 79 34 7750 512 21 37 49 27 61
internal_value=1.357e-12 -0.000475653 -0.00178788 -0.00543024 -0.00318704 -0.000145003 0.000878694 -0.000808769 -0.00333874 -0.00386334 -0.0141857 -0.00306736 -0.00756167 -0.00984786 -0.0178842 -0.00110309 -0.0130201 -0.0233761 0.012186 -0.000418428 -0.000798067 -0.0167212 0.0106447 0.000752073 -0.00241537 -0.00858595 -0.00210406 0.00922806 0.0273929 -0.0133205
internal_weight=82944 27869 5609 1486 1147 22260 8756 13504 1805 1746 125 1621 493 438 185 1128 339 91 59 11699 10322 251 55 8697 947 435 195 97 48 98
internal_count=82944 27869 5609 1486 1147 22260 8756 13504 1805 1746 125 1621 493 438 185 1128 339 91 59 11699 10322 251 55 8697 947 435 195 97 48 98
is_linear=0
shrinkage=0.05


Tree=69
num_leaves=31
num_cat=0
split_feature=2 9 9 7 9 0 6 4 4 0 6 1 1 1 9 4 3 4 9 0 1 4 11 9 9 4 4 0 2 8
split_gain=3.6743 4.77034 8.45273 5.00885 4.15901 5.17779 6.34246 16.0967 8.39895 13.8451 10.2877 8.32634 8.04867 17.1569 6.74638 5.92647 5.52814 7.48949 7.4698 6.3466 6.29257 5.74396 7.80388 9.17729 8.7134 11.9654 14.1763 10.2818 9.30208 8.47789
threshold=1.1361628307712628 0.38504876088951162 -0.96262190222377886 -0.44226394673424807 0.096262190222377905 -0.87623715263893565 -0.91243033262339701 -0.93821681060361073 -1.1787852235788951 -0.89706151121772792 -0.066328909107543868 -0.64706411443038014 1.6297026093789915 -0.007328255836468337 -1.540195043558046 1.4674673191492373 -1.119698752202533 -1.2990694300665375 -0.38504876088951151 1.5712329679093855 -2.5293426512622665 -0.3367957781653988 -0.76213734878520889 -0.86635971200140094 -1.3476706631132902 -0.74576208022338231 -1.3231262713640659 1.0027703691781986 -0.7023126649954986 -1.7404918888887655
decision_type=2 2 2 2 2 2 2 2 2 2 2 2 2 2 2 2 2 2 2 2 2 2 2 2 2 2 2 2 2 2
left_child=4 2 -2 -3 5 6 7 12 9 10 11 -8 13 -1 -12 -9 17 18 19 20 -7 22 23 -18 25 26 27 -24 -28 -25
right_child=1 3 -4 -5 -6 16 8 15 -10 -11 14 -13 -14 -15 -16 -17 21 -19 -20 -21 -22 -23 24 29 -26 -27 28 -29 -30 -31
leaf_value=-0.011026159243904401 0.0022330964996790689 -0.0016560996584148405 -0.0021320211582521236 0.012597677202416616 0.00027673434640588282 -0.0061580083640765844 -0.007160341524241283 0.0009989157411254303 0.0012098893666826545 -0.016714811392335428 0.033345670599697362 0.015880462528040977 -0.029744518129155042 0.0089505703381660886 0.01224890211771708 -0.0072120917604324673 -0.009956730663844884 -0.00010259569807155793 -0.003595791778451238 -0.011576668845298581 0.01110748218780791 -0.00046044744005176418 -0.0012491861091292545 -0.015849485540947904 -0.0021226037438945656 -0.014930647531861165 0.016759410486627865 -0.025921882438099904 0.0043522537904268797 -0.00071795841000373071
leaf_weight=486 3661 94 1591 179 38798 59 81 3388 4696 45 72 76 40 138 80 235 623 4332 184 39 500 14331 351 103 6851 94 196 48 659 914
leaf_count=486 3661 94 1591 179 38798 59 81 3388 4696 45 72 76 40 138 80 235 623 4332 184 39 500 14331 351 103 6851 94 196 48 659 914
internal_value=-2.40204e-12 0.00124573 0.000910762 0.00768978 -8.89011e-05 -0.000456212 0.000569066 -0.000845307 0.00176974 0.0091965 0.01297 0.00399317 -0.00800198 -0.00660823 0.0222421 0.000466322 -0.000783115 0.000710375 0.00521394 0.00792463 0.00928519 -0.00109911 -0.00202937 -0.0051779 -0.00139958 0.00227506 0.0035648 -0.00421733 0.00719647 -0.00225045
internal_weight=82944 5525 5252 273 77419 38621 9337 4287 5050 354 309 157 664 624 152 3623 29284 5114 782 598 559 24170 9839 1640 8199 1348 1254 399 855 1017
internal_count=82944 5525 5252 273 77419 38621 9337 4287 5050 354 309 157 664 624 152 3623 29284 5114 782 598 559 24170 9839 1640 8199 1348 1254 399 855 1017
is_linear=0
shrinkage=0.05


Tree=70
num_leaves=31
num_cat=0
split_feature=7 5 2 1 2 9 5 3 6 0 0 4 3 0 6 1 2 0 2 4 2 0 0 5 12 0 6 7 4 2
split_gain=3.66484 5.81242 5.80046 5.84665 3.91714 4.70958 6.96888 9.03214 12.2098 11.1202 10.0162 8.87353 7.77031 7.76569 7.59775 7.14689 13.0402 7.69494 6.1864 5.79521 5.53408 5.82242 20.4883 16.0833 15.4914 8.22776 5.79923 5.42216 4.83031 6.03231
threshold=1.7010387896728181 1.1210959212062968 1.3246772382074914 -0.18500042414532253 -0.20479920767540652 -1.2514084728909125 0.061466547291727118 0.20317319278401205 -0.89145085320788475 -0.14168951538582014 -0.83925939449077069 1.1066146996863102 -1.8857123515670644 0.020608301551981172 -0.066328909107543868 -0.20200678735093489 0.87524967103576035 0.25228745234436062 1.3246772382074914 1.5877515256368797 3.6676140064361964 -0.29045144009127849 -0.35491878502369684 0.18394424571997578 -1.0444659357341868 0.020608301551981172 0.30811198432835407 -0.17427846833443938 1.4193536365541803 0.75712075633841425
decision_type=2 2 2 2 2 2 2 2 2 2 2 2 2 2 2 2 2 2 2 2 2 2 2 2 2 2 2 2 2 2
left_child=4 -2 3 -3 -1 6 7 11 9 10 -9 15 -13 14 -10 16 17 -6 -18 -12 21 22 28 -24 26 -26 -23 -17 29 -8
right_child=1 2 -4 -5 5 -7 20 8 13 -11 19 12 -14 -15 -16 27 18 -19 -20 -21 -22 24 23 -25 25 -27 -28 -29 -30 -31
leaf_value=-0.00058910359335759971 0.00031912080961982717 0.011133033861174537 0.016092964997303418 0.0018222148968767855 0.0053720403452868961 -1.8289162641706096e-05 0.0019794651748078116 -0.003072579350684666 -0.0047842246348828374 0.0083527760925116365 -0.018344910927817183 0.034828243715067701 0.0068615325182796493 -0.0090559906660915689 0.0084930638512323575 -0.00017233235341764441 -0.017483979587078743 0.026568728635840595 0.005138958814657397 -0.039560909465301872 0.020581988336311446 0.0048644556922631133 -0.023947502339742091 0.0037431690560910725 0.0097545932592967392 -0.0010489918249462695 0.031888025155911846 -0.0094920448434300669 -0.0041266959524581407 0.0083136823147957825
leaf_weight=27178 6512 191 88 1438 481 41944 1139 90 178 54 128 27 310 179 273 421 92 47 45 43 45 27 132 87 325 385 75 248 201 561
leaf_count=27178 6512 191 88 1438 481 41944 1139 90 178 54 128 27 310 179 273 421 92 47 45 43 45 27 132 87 325 385 75 248 201 561
internal_value=2.95389e-12 0.00100146 0.00358936 0.00291391 -0.0001103 0.000163443 0.00152632 -0.000356457 -0.00426324 -0.0123008 -0.0165739 0.00185294 0.00910219 -0.000244457 0.0032528 2.16114e-05 0.00369234 0.00725887 -0.0100531 -0.0236799 0.00318079 0.00291372 0.00153477 -0.0129471 0.00651394 0.00389631 0.0247347 -0.00362717 0.00320311 0.00406976
internal_weight=82944 8229 1717 1629 74715 47537 5593 2616 945 315 261 1671 337 630 451 1334 665 528 137 171 2977 2932 2120 219 812 710 102 669 1901 1700
internal_count=82944 8229 1717 1629 74715 47537 5593 2616 945 315 261 1671 337 630 451 1334 665 528 137 171 2977 2932 2120 219 812 710 102 669 1901 1700
is_linear=0
shrinkage=0.05


Tree=71
num_leaves=31
num_cat=0
split_feature=7 5 2 2 2 9 0 0 7 9 5 0 0 4 0 4 0 7 2 5 0 3 4 12 0 4 8 8 4 0
split_gain=3.30752 5.24571 5.23491 4.75706 3.54034 4.36459 6.70161 7.78409 10.8766 8.50043 7.49032 11.0566 11.8703 11.4759 10.6671 7.47387 7.16846 6.74496 6.22322 6.02187 5.78075 5.7296 5.66025 5.64735 5.30656 5.10444 8.87054 8.10247 9.45352 6.84545
threshold=1.7010387896728181 1.1210959212062968 1.3246772382074914 0.14180424013290677 -0.2195972376683499 -1.2514084728909125 0.83221450773788053 0.25228745234436062 -0.44226394673424807 -1.3476706631132902 0.12281920449442395 -0.29045144009127849 -0.3347641806992408 -1.1306715409838382 -0.3241679404903749 -1.4674673191492369 0.85581719238651865 -0.081021797575299523 1.3246772382074914 -0.061466547291726868 -2.1688816975275453 2.4773401036885629 1.6599220495294651 -1.0444659357341868 0.27012328986766138 1.3712399539591236 0.74090168677562918 0.19793268244031401 -0.9863304931986675 -0.73804304047437896
decision_type=2 2 2 2 2 2 2 2 2 2 2 2 2 2 2 2 2 2 2 2 2 2 2 2 2 2 2 2 2 2
left_child=4 -2 3 -3 -1 6 7 10 -9 21 15 12 25 -13 -14 17 -8 -6 -11 -19 -17 24 23 -15 -10 27 -27 28 -12 -28
right_child=1 2 -4 -5 5 -7 16 8 9 18 11 13 14 22 -16 20 -18 19 -20 -21 -22 -23 -24 -25 -26 26 29 -29 -30 -31
leaf_value=-0.00058092422216473585 0.00030316476558378276 0.0095527323959523208 0.015288316573820671 0.0016921461271046181 -0.0024388434598790255 -2.6472207890841613e-05 -0.035970649814116767 -0.0040301524822134527 0.046805648873042727 -0.0054541628688119619 0.042607703902758663 0.021226264507168479 -0.042841696053743362 0.020508422918225591 -0.0057365046987353369 0.014539840658350537 -0.0043994951822609891 -0.033298519304953519 0.019516964749329624 -0.0084151011563071438 0.00018292007130701687 0.0055510182506763022 0.027942607893298072 -0.00026078110911500628 0.020920888920293444 -0.013476078222111727 -0.00077664036167940755 0.00091068817893374975 0.0075360582350501902 0.031828865383497697
leaf_weight=25642 6512 223 88 1406 205 43400 20 100 36 56 20 161 25 38 86 72 178 40 45 62 2676 26 24 236 44 117 60 835 489 22
leaf_count=25642 6512 223 88 1406 205 43400 20 100 36 56 20 161 25 38 86 72 178 40 45 62 2676 26 24 236 44 117 60 835 489 22
internal_value=1.80051e-12 0.000951391 0.00340989 0.00276821 -0.000104785 0.000144011 0.00144826 0.00177506 0.00951031 0.0160516 0.00131556 0.0036044 0.00169907 0.0104702 -0.0140935 -0.000267521 -0.0075885 -0.00766658 0.00567159 -0.0181733 0.000559084 0.025942 0.00465905 0.00261962 0.032569 0.00283516 -0.00463852 0.00394175 0.00891412 0.00797118
internal_weight=82944 8229 1717 1629 74715 49073 5673 5475 307 207 5168 2113 1654 459 111 3055 198 307 101 102 2748 106 298 274 80 1543 199 1344 509 82
internal_count=82944 8229 1717 1629 74715 49073 5673 5475 307 207 5168 2113 1654 459 111 3055 198 307 101 102 2748 106 298 274 80 1543 199 1344 509 82
is_linear=0
shrinkage=0.05


Tree=72
num_leaves=31
num_cat=0
split_feature=0 0 0 3 4 6 2 9 1 6 3 1 9 4 4 0 2 3 12 3 0 9 0 0 3 2 1 4 4 3
split_gain=3.19161 3.94104 7.52198 10.7991 5.14702 12.4589 10.228 8.15156 8.04452 5.31691 9.51535 6.65128 5.44496 10.7407 4.97511 4.91442 4.75403 5.91003 5.19249 6.14105 4.67982 8.19994 7.26699 4.6285 4.49552 8.45126 4.22821 4.08894 5.29665 4.0552
threshold=0.25917124939737912 -0.55302738326259016 -0.55626609416445294 3.1493595272315917 1.154728382281367 1.0000000180025095e-35 -1.7726864691750246 -1.6364572337804242 2.5836585230174802 -0.066328909107543868 -1.8857123515670644 0.78864774111986746 -1.6364572337804242 1.3952967952566522 1.3231262713640664 -0.82279753744332085 -1.1166797401746962 3.1493595272315917 1.0444659357341872 -0.53242526760823206 -0.85897098047651277 -0.38504876088951151 -1.2190092933019654 -2.1688816975275453 1.8226766453680494 -1.3776364692530938 -0.42383645322975527 -1.0585010170912528 -1.3712399539591229 1.2709963976494223
decision_type=2 2 2 2 2 2 2 2 2 2 2 2 2 2 2 2 2 2 2 2 2 2 2 2 2 2 2 2 2 2
left_child=1 2 4 -4 -1 6 29 15 9 10 -8 20 13 -12 -9 -7 17 18 -3 27 22 -22 -11 -14 25 -16 -15 28 -20 -6
right_child=-2 16 3 -5 5 7 8 14 -10 11 12 -13 23 26 24 -17 -18 -19 19 -21 21 -23 -24 -25 -26 -27 -28 -29 -30 -31
leaf_value=-0.00022136141040676209 0.00041177347633961715 -0.0014115017418253933 0.0049618705100077523 0.03746331022786243 -0.013140148140662937 0.047574955597519876 0.03165051765077246 -0.0035936441816910008 0.009567329150964865 -0.0048076304270384404 0.0057104131384917052 -0.023861027451930569 0.020923646330653179 -0.011855859256338148 0.0039986262898892167 0.016675409349338751 -0.0004734760422930572 -0.027626829291693869 0.0091587831025883078 -0.01365324461684227 -0.017515467113116755 0.00080731349980065533 0.020843655148443455 0.0015125396322907855 0.0010396201980554245 0.032655334355540792 -0.036802167278425446 0.0057388773988932378 -0.015318101373699182 0.008452126950025559
leaf_weight=22069 30024 1653 293 28 167 22 26 68 286 65 68 40 31 41 50 31 23786 24 31 211 98 162 48 3283 55 53 29 100 77 25
leaf_count=22069 30024 1653 293 28 167 22 26 68 286 65 68 40 31 41 50 31 23786 24 31 211 98 162 48 3283 55 53 29 100 77 25
internal_value=-8.03426e-13 -0.000233618 0.000188542 0.00779689 9.71287e-05 0.00160934 0.000955173 0.0118533 0.00147385 0.000878951 0.00151586 -0.00448468 0.00128889 -0.00844235 0.00771449 0.0295016 -0.000674634 -0.00295743 -0.00267168 -0.00764324 -0.00240679 -0.00609897 0.00608849 0.00169412 0.0125813 0.0187443 -0.0221908 -0.00154656 -0.00829233 -0.0103287
internal_weight=82944 52920 27038 321 26717 4648 4369 279 4177 3891 3478 413 3452 138 226 53 25882 2096 2072 419 373 260 113 3314 158 103 70 208 108 192
internal_count=82944 52920 27038 321 26717 4648 4369 279 4177 3891 3478 413 3452 138 226 53 25882 2096 2072 419 373 260 113 3314 158 103 70 208 108 192
is_linear=0
shrinkage=0.05


Tree=73
num_leaves=31
num_cat=0
split_feature=5 6 2 5 4 2 4 5 0 9 5 3 4 2 0 0 4 0 5 1 5 2 4 12 4 7 4 2 4 3
split_gain=3.02907 5.18429 5.94411 7.24829 6.01325 7.90186 6.6845 11.1047 8.29762 7.87436 7.56745 15.5339 16.9852 14.6057 10.0618 8.50797 8.40578 7.29826 5.52876 4.89508 4.52033 8.62907 5.48685 7.13735 8.26527 6.91671 5.02186 6.26043 4.54906 4.47414
threshold=-0.1839442457199755 1.0000000180025095e-35 3.6676140064361964 0.42390874111029014 0.024056841297528397 -3.7511785749039293 0.79387576281843975 0.24472827403648026 -0.93614198928319892 -1.6364572337804242 0.12281920449442395 1.102197650456999 1.0344441757937248 -1.078091028346303 0.9698976890882377 -0.10747347281829966 1.5155810017442943 1.0760577781069476 1.082299156171467 3.1649699101037929 -0.30505838731795659 1.5776952348168747 -1.2268989061739519 -1.0444659357341868 -1.5636946843393509 0.50473852548845832 0.89010312800855373 -0.39951730542671443 1.4434104778517087 0.072313037418749615
decision_type=2 2 2 2 2 2 2 2 2 2 2 2 2 2 2 2 2 2 2 2 2 2 2 2 2 2 2 2 2 2
left_child=19 -2 4 -4 -3 -6 7 -7 9 -8 11 12 13 -10 16 -14 -13 -17 -9 20 -1 22 23 -22 -25 -26 -24 29 -29 -28
right_child=1 2 3 -5 5 6 8 18 10 -11 -12 14 15 -15 -16 17 -18 -19 -20 -21 21 -23 26 24 25 -27 27 28 -30 -31
leaf_value=-0.00015759377709072362 -0.00016022710283064391 -7.2703779766692702e-05 0.017597330245388371 -0.00088752069103665968 -0.02160987863575833 0.0089342448361029673 0.042274644452592602 6.0247287208729463e-05 -0.031902012360783723 0.0033888565554904444 0.0010709795877660642 -0.041163866571150724 0.017874175161732554 9.7427149214840761e-05 0.0072438809205777948 -0.0084221374027297971 -0.0099281386478937105 0.015901492193806915 0.0041715104716091985 -0.01028763219293934 0.010213429716308245 0.0083620916405278776 -0.00079125087603562367 0.0010079555394584435 -0.02435844039887582 -0.0012901149603516558 -0.00899245483843439 -0.0048328877045154704 0.012555156316269529 -0.027840997904746069
leaf_weight=35504 27036 8996 117 97 36 732 23 1631 65 30 4169 56 107 79 24 98 35 45 1640 123 39 171 1378 76 133 43 251 119 55 36
leaf_count=35504 27036 8996 117 97 36 732 23 1631 65 30 4169 56 107 79 24 98 35 45 1640 123 39 171 1378 76 133 43 251 119 55 36
internal_value=1.09119e-12 0.00027735 0.000935322 0.00921868 0.000835545 0.0017672 0.00186356 0.00336733 0.000591183 0.0202638 0.0003683 -0.00538705 -0.000668019 -0.0143468 -0.0215549 0.00721094 -0.0291501 -0.000767848 0.00212153 -0.000329181 -0.000296781 -0.00244442 -0.00331198 -0.00969147 -0.012772 -0.0187224 -0.0023025 -0.00681987 0.000663333 -0.0113567
internal_weight=82944 45016 17980 214 17766 8770 8734 4003 4731 53 4678 509 394 144 115 250 91 143 3271 37928 37805 2301 2130 291 252 176 1839 461 174 287
internal_count=82944 45016 17980 214 17766 8770 8734 4003 4731 53 4678 509 394 144 115 250 91 143 3271 37928 37805 2301 2130 291 252 176 1839 461 174 287
is_linear=0
shrinkage=0.05


Tree=74
num_leaves=31
num_cat=0
split_feature=3 4 5 4 9 9 6 0 10 6 9 0 8 0 9 4 1 4 0 0 4 2 6 1 6 9 3 9 4 5
split_gain=2.97716 5.81289 9.92614 4.33149 3.81078 5.45981 5.89196 5.12558 9.07237 22.9855 11.3496 16.0102 8.96426 6.40868 8.82015 6.39982 6.08444 5.91963 5.67238 5.2284 4.8458 8.80984 8.42905 6.98198 8.36754 9.34001 6.54145 6.0054 8.28624 5.75593
threshold=-1.5904119996865644 1.4193536365541803 -0.24472827403648004 -1.3952967952566515 0.096262190222377905 1.2514084728909129 1.1133806251249947 -0.55302738326259016 1.0000000180025095e-35 -0.89145085320788475 -1.4439328533356683 -0.24514711865888661 0.37100531152820115 0.21303905907237405 -1.1551462826685344 0.26462525427281319 -1.9909062894360965 0.36085261946292707 -0.080264722505050776 -0.12384664639171462 1.154728382281367 -3.0434776404737893 1.0000000180025095e-35 2.2069776570181805 -0.066328909107543868 -1.540195043558046 1.016334978225222 -1.6364572337804242 1.3952967952566522 1.0000000180025095e-35
decision_type=2 2 2 2 2 2 2 2 2 2 2 2 2 2 2 2 2 2 2 2 2 2 2 2 2 2 2 2 2 2
left_child=1 3 -3 -1 7 6 -6 16 -9 10 15 -12 13 14 17 -10 -2 -11 -13 -14 -18 -22 23 24 27 29 -27 28 -23 -26
right_child=4 2 -4 -5 5 -7 -8 8 9 12 11 18 19 -15 -16 -17 20 -19 -20 -21 21 22 -24 -25 25 26 -28 -29 -30 -31
leaf_value=0.0077227641366689002 0.0081728003987821783 0.0047931468081997197 0.041913332871120909 0.00060520315014201201 0.00029854482943898904 -0.00064105090317182845 0.0021304484002308693 -0.00044424983129833699 -0.047910230087511468 0.010557776578861901 -0.0048692397062640915 -0.032418901381209835 -0.0038487709050010195 -0.0032156563710910423 -0.0004112967318249713 -0.013095197108023884 -0.00027544526721614887 -0.0053368304550115552 -0.010261809726267361 -0.013394477685713875 -0.025061532863182946 0.0043422265579142879 0.01231383106520904 0.0078273350167115795 0.029184124260037032 -0.0075305947046933816 -0.033721571179250114 0.0023758335968483723 -0.021113522364579362 -0.0041107577942311761
leaf_weight=226 240 83 23 3945 21735 11246 5500 19863 33 359 379 88 535 1037 1176 22 12975 70 43 196 30 62 192 380 27 287 26 2075 66 25
leaf_count=226 240 83 23 3945 21735 11246 5500 19863 33 359 379 88 535 1037 1176 22 12975 70 43 196 30 62 192 380 27 287 26 2075 66 25
internal_value=5.58372e-13 0.00128471 0.0128475 0.000990859 -6.98477e-05 0.000285779 0.00066849 -0.000410386 -0.000878908 -0.0030713 -0.0124048 -0.0100776 -0.00150788 -0.000152028 0.0018274 -0.0339842 0.000270193 0.00796425 -0.025146 -0.00640822 0.000152718 0.00190522 0.00216286 0.00150174 0.000565709 -0.00644613 -0.0097062 0.00172745 -0.00878339 0.013177
internal_weight=82944 4277 106 4171 78667 38481 27235 40186 23801 3938 565 510 3373 2642 1605 55 16385 429 131 731 16145 3170 3140 2948 2568 365 313 2203 128 52
internal_count=82944 4277 106 4171 78667 38481 27235 40186 23801 3938 565 510 3373 2642 1605 55 16385 429 131 731 16145 3170 3140 2948 2568 365 313 2203 128 52
is_linear=0
shrinkage=0.05


Tree=75
num_leaves=31
num_cat=0
split_feature=5 4 2 4 1 12 2 5 5 3 2 3 4 5 1 4 4 2 6 5 3 9 5 12 4 1 2 0 3 4
split_gain=2.79456 4.6193 5.59799 8.91659 5.96607 6.34221 11.1105 8.83039 6.7603 6.19213 5.77142 5.6348 5.03628 11.0785 4.90721 10.8663 7.06114 6.61558 5.34628 4.86019 4.74273 5.06693 4.5867 8.1011 14.2657 5.79806 5.61542 5.74816 5.3641 9.0064
threshold=-0.1839442457199755 0.048113682595056877 -3.0434776404737893 0.89010312800855373 -0.51867915133451958 1.0444659357341872 0.57466663527887019 0.36482234569996347 0.42390874111029014 -0.31631851961405949 -0.18552198117895499 0.2578052553134168 1.6118083669344083 0.061466547291727118 0.78864774111986746 1.6358652082319367 0.86604628671102535 2.78459223563048 -0.50537016327275397 0.24472827403648026 -2.9923803752254439 -1.6364572337804242 -0.42390874111029003 1.0444659357341872 1.4434104778517087 3.1649699101037929 1.4906175899570901 0.11269424647273686 -0.66431684763242405 -1.5636946843393509
decision_type=2 2 2 2 2 2 2 2 2 2 2 2 2 2 2 2 2 2 2 2 2 2 2 2 2 2 2 2 2 2
left_child=22 20 3 -3 -4 8 7 9 14 -7 -11 -5 -8 -14 15 16 18 -18 -6 -20 21 -2 -1 25 -25 26 27 -24 29 -29
right_child=1 2 4 11 5 6 12 -9 -10 10 -12 -13 13 -15 -16 -17 17 -19 19 -21 -22 -23 23 24 -26 -27 -28 28 -30 -31
leaf_value=-0.00011107481826672766 0.024506008040625603 0.0071829510370100096 0.0027892921590996346 -0.009435564951808563 0.0011808008629970498 0.0015537067958594939 0.0053775686029304158 -0.0017218842398160556 0.00035773789647077192 -0.025672900702109994 -0.0094227280566865305 -0.035200313589302826 -0.037891356782479721 0.0018233925039912093 0.00067877270499259058 0.032922695965901243 -0.00096029548473627847 0.024737258119365346 0.010258892318660263 0.0015903810290287116 -0.00026994816123352452 0.00029443419083923183 -0.0014285041016847645 0.00049117267218086978 0.022805927551458952 -0.020896356902085245 0.0049249422024814013 0.021548580585254565 -0.0091216939898010017 -0.0040496089724289556
leaf_weight=33295 40 55 3365 63 376 95 686 2310 11329 70 249 32 22 87 1479 33 682 26 703 210 23057 47 2003 876 78 44 230 36 611 755
leaf_count=33295 40 55 3365 63 376 95 686 2310 11329 70 249 32 22 87 1479 33 682 26 703 210 23057 47 2003 876 78 44 230 36 611 755
internal_value=3.94235e-12 0.000266398 0.000787412 -0.00883859 0.000853884 0.000499107 -0.00140929 -0.00292706 0.000951703 -0.00965159 -0.0129886 -0.0181142 0.00379124 -0.00619243 0.00286935 0.00446535 0.0039951 -1.66e-05 0.00619857 0.00826504 -0.000225982 0.0114262 -0.000316182 -0.00179019 0.00231565 -0.00285487 -0.00263648 -0.00314724 -0.00560275 -0.00288458
internal_weight=82944 45016 21872 150 21722 18357 3519 2724 14838 414 319 95 795 109 3509 2030 1997 708 1289 913 23144 87 37928 4633 954 3679 3635 3405 1402 791
internal_count=82944 45016 21872 150 21722 18357 3519 2724 14838 414 319 95 795 109 3509 2030 1997 708 1289 913 23144 87 37928 4633 954 3679 3635 3405 1402 791
is_linear=0
shrinkage=0.05


Tree=76
num_leaves=31
num_cat=0
split_feature=0 0 9 4 9 0 4 7 0 0 0 4 4 4 1 4 4 3 5 2 0 6 4 4 0 4 2 1 5 8
split_gain=2.87722 3.60702 9.41038 6.82049 3.69795 12.6078 12.3979 8.69213 10.4174 12.1892 7.71187 10.6719 6.59404 6.33562 8.11148 4.7499 9.70654 4.4114 4.18205 4.12747 5.9084 4.06328 4.76568 3.67073 3.32187 5.17496 6.87371 4.35488 5.48678 9.59131
threshold=0.25917124939737912 0.36785701311804436 -1.3476706631132902 0.505193667248098 -1.2514084728909125 0.4853756574772467 1.299069430066538 1.7010387896728181 0.64096024593388712 0.59421054651109662 1.0027703691781986 -0.9141599693060819 -0.40896630205798362 -1.3471831126615943 1.0371510767598477 -1.5396378430418223 -1.2750125887690089 1.3080928301052954 -0.12281920449442368 -2.0149809674479697 0.60971135057985326 1.7077461606570974 0.93821681060361073 -1.4434104778517083 0.10915855750540752 1.2509557474714812 -3.0434776404737893 -0.675944191444242 -0.1839442457199755 -1.0174668528432229
decision_type=2 2 2 2 2 2 2 2 2 2 2 2 2 2 2 2 2 2 2 2 2 2 2 2 2 2 2 2 2 2
left_child=24 2 3 -2 5 6 12 8 9 -7 11 17 -3 14 -12 -10 -17 18 -9 20 -6 22 -18 -22 25 -1 -27 28 -28 -30
right_child=1 4 -4 -5 19 7 -8 10 15 -11 13 -13 -14 -15 -16 16 21 -19 -20 -21 23 -23 -24 -25 -26 26 27 -29 29 -31
leaf_value=-0.00029996293956867804 0.0031349983723022237 -0.027032457213499585 0.0016082439587944747 0.031558405510757281 -0.017964313480922062 -0.0040161411703943653 -0.040827531780342798 0.0020322437101805754 0.016286462219431998 0.020068331586391947 -0.0019898403253007148 0.0020103634564342357 -0.00044587892155314605 0.00073187815462600215 -0.035404445421590935 -0.036678161911134211 -0.0054091592290428057 0.0018865522598692525 0.026089457127422389 0.00031083103031463082 0.017400011776189786 -0.0035252429478568959 -0.019669113911134808 0.0045709600988155458 -0.001361330659223798 -0.014997081892708174 -0.00020888038702728706 0.00090712373564562658 0.026527021376568885 0.0054983467165984111
leaf_weight=40352 39 32 2576 46 23 135 37 22 21 86 42 408 86 196 32 28 131 36 101 25177 80 400 106 184 5706 65 293 6085 64 355
leaf_count=40352 39 32 2576 46 23 135 37 22 21 86 42 408 86 196 32 28 131 36 101 25177 80 400 106 184 5706 65 293 6085 64 355
internal_value=-5.00821e-14 0.000390967 0.00214836 0.0185171 0.000220063 -0.00190842 -0.0155742 -0.000693852 -0.00408478 0.0053561 0.00298067 0.00629257 -0.0076558 -0.00397432 -0.0164394 -0.00712623 -0.00786558 0.0172809 0.0217865 0.000378796 0.00634104 -0.00659909 -0.011787 0.00845855 -0.000221814 -8.40985e-05 0.00118529 0.00134005 0.00503994 0.00871036
internal_weight=82944 30024 2661 85 27363 1899 155 1744 907 221 837 567 118 270 74 686 665 159 123 25464 287 637 237 264 52920 47214 6862 6797 712 419
internal_count=82944 30024 2661 85 27363 1899 155 1744 907 221 837 567 118 270 74 686 665 159 123 25464 287 637 237 264 52920 47214 6862 6797 712 419
is_linear=0
shrinkage=0.05


Tree=77
num_leaves=31
num_cat=0
split_feature=3 4 5 4 8 9 9 6 1 5 5 4 11 4 4 3 5 1 0 12 4 3 5 6 6 5 4 12 0 4
split_gain=2.72326 5.19332 8.8789 3.83582 4.11965 3.4055 4.89749 5.42954 5.86714 4.62653 9.68825 11.3727 9.81941 18.2564 9.75936 7.3759 7.37563 7.29772 6.77341 8.16997 6.53539 5.92038 5.80015 7.13548 5.68002 5.32043 5.21664 5.1938 5.15613 4.95946
threshold=-1.5904119996865644 1.4193536365541803 -0.24472827403648004 -1.4193536365541799 -1.7404918888887655 0.096262190222377905 1.2514084728909129 1.0000000180025095e-35 -0.29838614115525147 -0.061466547291726868 0.53960840463842696 -0.93821681060361073 1.0000000180025095e-35 -0.40896630205798362 -0.45707998465304106 2.2784055443310356 0.30505838731795659 -0.64706411443038014 -0.16309116136109869 1.0444659357341872 0.74576208022338275 3.1493595272315917 0.30505838731795659 -0.91243033262339701 -1.0580783826696147 0.85925218225375766 0.89010312800855373 -1.3926212476455826 -1.8176815985916415 0.98633049319866772
decision_type=2 2 2 2 2 2 2 2 2 2 2 2 2 2 2 2 2 2 2 2 2 2 2 2 2 2 2 2 2 2
left_child=1 3 -3 4 -1 9 7 -7 -9 15 12 24 13 16 -13 28 27 20 19 -17 -16 22 23 -15 -12 29 -22 -11 -2 -19
right_child=5 2 -4 -5 -6 6 -8 8 -10 10 11 14 -14 21 17 18 -18 25 -20 -21 26 -23 -24 -25 -26 -27 -28 -29 -30 -31
leaf_value=0.023148727744895348 0.0070354909274317496 0.0045402862978762533 0.03964776306048684 0.00062245416884471494 0.0043260486512784139 5.3836616346920093e-05 -0.00060842301407192838 0.0046776933005573552 0.001072578394084476 0.0035924693555430031 -0.011742430990525464 0.0035714018443383541 0.0023651496270384446 -0.0029962413649650306 -0.00049347318693079346 -0.0017281719561045368 -0.0016873155890910615 -0.0011360617298072995 0.0040577107792600028 -0.03899125456809998 0.031246648463778771 -0.012048792073871066 -0.00072310334856703191 0.0053120308867500507 -0.0031594858808606124 0.00039327016247539358 0.0077570710573043201 -0.011224912053141056 -0.00099794646055793726 -0.0048461416727037633
leaf_weight=36 202 83 23 3984 151 16305 11246 1278 9652 66 210 1518 6618 322 322 24 528 2411 31 38 26 81 1391 1309 2348 2637 260 569 17837 1438
leaf_count=36 202 83 23 3984 151 16305 11246 1278 9652 66 210 1518 6618 322 322 24 528 2411 31 38 26 81 1391 1309 2348 2637 260 569 17837 1438
internal_value=6.28171e-13 0.00122871 0.0121579 0.000950958 0.00794967 -6.68029e-05 0.000269382 0.00063185 0.00149411 -0.000388725 9.77269e-05 -0.00093674 0.00115938 -0.000711183 -6.7232e-05 -0.000980397 -0.00605398 -0.00084584 -0.0150253 -0.0245668 0.00439203 0.00129129 0.00164885 0.00367177 -0.00386411 -0.00133684 0.00989249 -0.00968484 -0.000907988 -0.00252216
internal_weight=82944 4277 106 4171 187 78667 38481 27235 10930 40186 22054 11170 10884 4266 8612 18132 1163 7094 93 62 608 3103 3022 1631 2558 6486 286 635 18039 3849
internal_count=82944 4277 106 4171 187 78667 38481 27235 10930 40186 22054 11170 10884 4266 8612 18132 1163 7094 93 62 608 3103 3022 1631 2558 6486 286 635 18039 3849
is_linear=0
shrinkage=0.05


Tree=78
num_leaves=31
num_cat=0
split_feature=7 5 2 1 3 2 0 3 7 11 0 1 2 2 6 9 12 3 9 1 9 2 6 3 5 0 3 2 0 0
split_gain=2.57806 4.2066 4.70838 4.37467 3.05649 2.65589 5.14673 2.59552 5.33669 3.78257 6.35731 3.41428 3.34419 3.32324 3.3945 4.92064 6.75193 6.65954 3.95312 5.12186 4.80781 4.64756 4.28631 9.53394 4.40681 3.9445 5.62051 3.92515 9.12163 4.51596
threshold=1.7010387896728181 1.1210959212062968 1.3246772382074914 -0.18500042414532253 1.0798215931846447 -0.91849228898827007 1.1069427272382926 -1.5006248065634089 1.0000000180025095e-35 0.46605794042707133 -0.59128930660725565 -0.26959124652742988 0.73848521372177378 -0.20479920767540652 -0.89145085320788475 -1.6364572337804242 -1.0444659357341868 -0.91172457302698817 -1.540195043558046 -1.9909062894360965 -1.2514084728909125 -1.4985912050699806 -1.0580783826696147 0.84793487893274955 1.0000000180025095e-35 -0.73804304047437896 -0.3248508115081003 -1.3167513550134524 -0.83925939449077069 -1.0318387362866506
decision_type=2 2 2 2 2 2 2 2 2 2 2 2 2 2 2 2 2 2 2 2 2 2 2 2 2 2 2 2 2 2
left_child=7 5 3 -3 -4 6 -2 8 9 -1 -11 12 -10 14 18 16 17 -16 22 20 -20 25 23 24 -9 -21 -27 28 29 -18
right_child=1 2 4 -5 -6 -7 -8 13 11 10 -12 -13 -14 -15 15 -17 27 -19 19 21 -22 -23 -24 -25 -26 26 -28 -29 -30 -31
leaf_value=0.00086352422887334558 0.0057272776155758163 0.0095425694881626343 0.025246931139279057 0.0014886524934466332 0.0063697616615350922 -4.4168846673571857e-05 -0.0076761934506323409 -0.018884054266770062 0.0051992673298155573 -0.01335410427327588 -0.00099484701295426839 0.00073484849300004896 0.020062124272808433 8.2388285711788997e-05 -0.033109959818068004 -0.0004018586068406558 0.018050572469032237 -0.0012542353230528534 -0.0051771295798691708 -0.0009574770920704012 0.013143950099854366 -0.0010527423774219422 -0.0025646894597297501 -0.041326742365956307 0.00090322349210242368 -0.001076326166214638 -0.014398017132700218 0.0035553827344470112 0.0047012683935463428 0.049158529080450541
leaf_weight=2646 455 191 37 1438 51 5972 85 48 703 128 556 526 40 45856 21 15512 28 75 52 251 115 6931 270 25 68 129 205 405 105 20
leaf_count=2646 455 191 37 1438 51 5972 85 48 703 128 556 526 40 45856 21 15512 28 75 52 251 115 6931 270 25 68 129 205 405 105 20
internal_value=8.45191e-13 0.000839952 0.00304153 0.00243297 0.0143068 0.000259468 0.00361747 -9.25111e-05 0.00105817 6.73418e-06 -0.00330769 0.00381726 0.00599942 -0.000167986 -0.00064124 -0.000222743 0.00402565 -0.00822268 -0.0014771 -0.00122153 0.00743918 -0.00141396 -0.00625462 -0.0133205 -0.00728462 -0.00569362 -0.00925281 0.00613288 0.0129557 0.0310122
internal_weight=82944 8229 1717 1629 88 6512 540 74715 4599 3330 684 1269 743 70116 24260 16166 654 96 8094 7683 167 7516 411 141 116 585 334 558 153 48
internal_count=82944 8229 1717 1629 88 6512 540 74715 4599 3330 684 1269 743 70116 24260 16166 654 96 8094 7683 167 7516 411 141 116 585 334 558 153 48
is_linear=0
shrinkage=0.05


Tree=79
num_leaves=31
num_cat=0
split_feature=0 0 9 4 9 0 4 9 4 3 4 0 4 0 0 3 2 4 4 1 2 1 4 5 4 3 5 2 0 4
split_gain=2.37746 3.23068 8.47901 6.15697 3.34955 11.354 11.31 7.41785 12.4619 7.21739 8.50964 5.83302 5.72515 5.55163 4.66378 4.26616 4.09093 6.81737 5.57436 4.6503 4.48895 4.90096 4.14133 4.2578 3.94214 3.80616 3.70962 3.66559 5.28099 3.33013
threshold=0.25917124939737912 0.36785701311804436 -1.3476706631132902 0.505193667248098 -1.2514084728909125 0.4853756574772467 1.299069430066538 -1.540195043558046 -0.76981892152091091 0.43107319578661674 -0.8660462867110249 0.67923969482337487 -0.40896630205798362 0.8099630993171999 0.99419208824187344 0.89812805883621671 1.6551730087012897 -1.2750125887690089 -1.0825578583887812 1.0371510767598477 -2.1687760795408226 1.4327641960213893 -1.5396378430418223 -0.24472827403648004 -0.62547787373574071 -0.999543731282033 1.0000000180025095e-35 -2.0149809674479697 0.60971135057985326 1.0344441757937248
decision_type=2 2 2 2 2 2 2 2 2 2 2 2 2 2 2 2 2 2 2 2 2 2 2 2 2 2 2 2 2 2
left_child=-1 2 3 -2 5 6 12 8 9 -7 14 15 -3 -13 -11 -10 17 19 -18 22 25 -22 -9 -24 -15 -19 29 28 -6 -26
right_child=1 4 -4 -5 27 7 -8 16 11 10 -12 13 -14 24 -16 -17 18 20 -20 -21 21 -23 23 -25 26 -27 -28 -29 -30 -31
leaf_value=-0.00020163138837043983 0.0029414512873746647 -0.025292525877011942 0.0015058932416218201 0.029946922689028412 -0.017015196814242264 0.028885475472837197 -0.038920440464406403 0.0013605138816108759 0.0038741569612817518 0.013130907782591706 0.0349324039750449 -0.019378027070958453 -0.0005194423189603313 -0.016451757233212325 -0.0092245616696720167 0.028087859803243825 0.028766618490866994 -0.004597566757232897 -0.00070965073900364564 -0.028493483229659691 0.00033062303947394657 -0.012343617867240135 -0.027618301069167885 0.00088332723593339321 -0.00047968897439028713 -0.024633618146426194 -0.0059934522854746325 0.00028067209611488107 0.0079654039058203296 0.01667785987016172
leaf_weight=52920 39 32 2576 46 23 61 37 55 87 43 23 52 86 37 51 23 23 63 53 39 743 85 38 20 62 38 96 25177 264 52
leaf_count=52920 39 32 2576 46 23 61 37 55 87 43 23 52 86 37 51 23 23 63 53 39 743 85 38 20 62 38 96 25177 264 52
internal_value=-5.48983e-14 0.000355393 0.00201859 0.0175562 0.000193651 -0.00183208 -0.0148006 -0.000679491 0.00389859 0.0149418 0.00767198 -0.00090749 -0.00723757 -0.00452922 0.00100188 0.00893702 -0.00300216 -0.0037905 0.0082108 -0.0136069 -0.00218437 -0.000970477 -0.00846903 -0.0177902 -0.00140315 -0.0121359 0.00124827 0.000344722 0.00596347 0.00734656
internal_weight=82944 30024 2661 85 27363 1899 155 1744 587 178 117 409 118 299 94 110 1157 1081 76 152 929 828 113 58 247 101 210 25464 287 114
internal_count=82944 30024 2661 85 27363 1899 155 1744 587 178 117 409 118 299 94 110 1157 1081 76 152 929 828 113 58 247 101 210 25464 287 114
is_linear=0
shrinkage=0.05


Tree=80
num_leaves=31
num_cat=0
split_feature=5 1 6 2 5 4 2 4 5 0 5 6 4 0 7 5 0 4 9 5 4 7 0 9 4 9 2 2 5 4
split_gain=2.31848 4.20677 3.93133 5.35817 6.37356 4.68394 6.31745 5.19802 8.20685 6.54611 6.391 8.20269 8.41477 9.46909 11.1607 8.25102 7.00685 10.3929 6.07334 6.07287 5.37773 4.77722 3.85394 5.07207 8.43452 4.94275 9.10938 5.65318 9.58428 12.3984
threshold=-0.1839442457199755 3.9834252005800086 1.0000000180025095e-35 3.6676140064361964 0.42390874111029014 0.024056841297528397 -3.7511785749039293 0.79387576281843975 0.24472827403648026 -0.93614198928319892 0.12281920449442395 1.7077461606570974 1.5155810017442943 0.52736078130517594 -0.081021797575299523 -0.061466547291726868 0.3843307069687345 1.3231262713640664 -1.6364572337804242 -0.061466547291726868 1.0585010170912532 1.7010387896728181 0.40459113699165938 -1.540195043558046 -0.76981892152091091 -1.540195043558046 -2.6748628771683247 -0.64829676526688951 0.42390874111029014 -1.2028420648764235
decision_type=2 2 2 2 2 2 2 2 2 2 2 2 2 2 2 2 2 2 2 2 2 2 2 2 2 2 2 2 2 2
left_child=1 -1 -2 5 -5 22 -7 8 -8 18 11 12 13 16 -15 -14 17 19 -9 -11 -13 -10 25 24 -24 26 -4 -27 29 -29
right_child=2 -3 3 4 -6 6 7 9 21 10 -12 20 15 14 -16 -17 -18 -19 -20 -21 -22 -23 23 -25 -26 27 -28 28 -30 -31
leaf_value=-0.00026964398525372964 -0.00013840076363379682 -0.01539929502380445 0.01688779202628542 0.01653694371557516 -0.00079666643221046503 -0.019359279532606403 0.0077411156844831219 0.037311154960290242 0.00078095578788977865 -0.036991744124415242 0.00095506881622221124 -0.010027667340216075 0.023496863975056584 -0.037147360341623428 0.0035750160105240906 -0.0091997483075152396 -0.043034521193088343 0.014241224365389866 0.0031606459897011519 -0.012448417968649449 0.010936389988527704 0.0051933300757425081 0.014194684830432748 0.00055853376879827499 -0.0032245556129502102 -0.005282363909126426 -0.0066700798915072124 0.01536392832312479 -0.00096236539649958801 0.0010713773027379882
leaf_weight=37882 27036 46 44 117 97 36 732 23 2453 44 4169 43 35 20 106 43 30 23 30 59 106 818 178 3844 114 521 609 220 2977 489
leaf_count=37882 27036 46 44 117 97 36 732 23 2453 44 4169 43 35 20 106 43 30 23 30 59 106 818 178 3844 114 521 609 220 2977 489
internal_value=-7.02943e-13 -0.000287994 0.000242648 0.000815619 0.00868012 0.000720887 0.00154314 0.0016293 0.00295536 0.000507282 0.000309315 -0.00497978 -0.00906326 -0.0130836 -0.00288885 0.00547181 -0.0213178 -0.0161472 0.0179807 -0.0229329 0.00488636 0.00188439 -8.07095e-05 0.00104112 0.00739402 -0.00103542 -0.00508272 -0.000407204 0.000281879 0.0055063
internal_weight=82944 37928 45016 17980 214 17766 8770 8734 4003 4731 4678 509 360 282 126 78 156 126 53 103 149 3271 8996 4136 292 4860 653 4207 3686 709
internal_count=82944 37928 45016 17980 214 17766 8770 8734 4003 4731 4678 509 360 282 126 78 156 126 53 103 149 3271 8996 4136 292 4860 653 4207 3686 709
is_linear=0
shrinkage=0.05


Tree=81
num_leaves=31
num_cat=0
split_feature=3 4 5 7 4 9 1 2 5 0 4 9 5 5 11 4 2 8 0 8 2 0 0 4 5 0 5 8 4 12
split_gain=2.26928 4.53186 7.92877 3.46866 5.59482 8.15343 5.57206 5.33656 3.47864 3.26041 3.0928 3.00076 4.35901 10.195 11.5684 9.80613 9.58391 7.37303 7.02353 6.99863 20.1849 9.70979 7.73434 6.7062 8.4302 6.23741 6.18852 6.13114 7.74856 6.02616
threshold=-1.5904119996865644 1.4193536365541803 -0.24472827403648004 1.0000000180025095e-35 0.79387576281843975 -1.3476706631132902 -0.60315391901247073 -0.96221201328503947 0.80943899875565395 -1.3068648733571904 -1.3471831126615943 -0.19252438044475575 0.59600457818367614 0.061466547291727118 1.0000000180025095e-35 -1.4193536365541799 -0.2102650898637716 1.0000000180025095e-35 -1.8176815985916415 -1.7404918888887655 -0.48199072984669428 -1.2558814016043309 -1.39904985507936 0.98633049319866772 0.80943899875565395 -1.2558814016043309 0.30505838731795659 -1.0174668528432229 -0.93821681060361073 1.392621247645583
decision_type=2 2 2 2 2 2 2 2 2 2 2 2 2 2 2 2 2 2 2 2 2 2 2 2 2 2 2 2 2 2
left_child=1 3 -3 4 -1 7 -5 -6 10 -9 -8 12 13 18 16 -14 26 -18 -2 20 -16 22 -22 27 25 -25 -15 28 -17 -26
right_child=11 2 -4 6 5 -7 8 9 -10 -11 -12 -13 15 14 19 23 17 -19 -20 -21 21 -23 -24 24 29 -27 -28 -29 -30 -31
leaf_value=0.0010278105649852906 0.0082839082164726068 0.0041326095359904853 0.037308527537338113 0.0069676796862655037 -0.023447109039407225 -0.0012385532763280896 0.016630837559932842 -0.016031585892455447 0.0087425318000759096 0.0079181708954274652 -0.0016445257113384942 0.00020445136800308138 -0.0074655416204935463 -0.0095799841004536503 0.045111125272096084 -0.013004771190577772 0.0033386103108083219 -0.0016200104046280089 -0.0010058183294871733 0.0019669024959727893 0.012495248154785562 0.0080841144101321018 -0.0217171441983291 -0.019127430068840694 -0.00050310008015487658 -0.0053580656031395821 -0.0017818615780268755 0.00086305366209198011 -0.0013267318095135704 0.017638110628753319
leaf_weight=2258 206 83 23 527 80 465 24 27 106 30 654 45242 637 438 34 182 1307 1758 16534 5346 24 476 53 91 447 855 607 3732 647 51
leaf_count=2258 206 83 23 527 80 465 24 27 106 30 654 45242 637 438 34 182 1307 1758 16534 5346 24 476 53 91 447 855 607 3732 647 51
internal_value=1.22291e-13 0.00112163 0.0113312 0.000862165 -0.000114059 -0.00439702 0.00299184 -0.0151173 0.000319297 -0.00342645 -0.00099761 -6.0981e-05 -0.000420254 -0.000135907 0.00112354 -0.00156684 -0.000915338 0.000494481 -0.0008915 0.00253594 0.00771839 0.00541938 -0.0110535 -0.000941121 -0.00391072 -0.0066826 -0.00505036 -9.53206e-07 -0.00389055 0.00135473
internal_weight=82944 4277 106 4171 2860 602 1311 137 784 57 678 78667 33425 26783 10043 6642 4110 3065 16740 5933 587 553 77 6005 1444 946 1045 4561 829 498
internal_count=82944 4277 106 4171 2860 602 1311 137 784 57 678 78667 33425 26783 10043 6642 4110 3065 16740 5933 587 553 77 6005 1444 946 1045 4561 829 498
is_linear=0
shrinkage=0.05


Tree=82
num_leaves=31
num_cat=0
split_feature=7 5 2 1 2 0 11 0 0 9 11 0 4 4 5 4 5 4 4 9 2 4 2 4 1 12 5 8 5 5
split_gain=2.08242 3.57685 4.26878 3.74605 2.46079 4.62489 2.43633 2.81911 7.34358 6.62537 4.51721 10.879 3.07982 2.88218 2.32978 2.22186 2.07031 2.06422 2.40558 2.04949 3.95062 2.03749 1.99202 3.4923 4.76079 14.7041 7.01106 6.69957 14.9431 5.24299
threshold=1.7010387896728181 1.1210959212062968 1.3246772382074914 -0.18500042414532253 -0.91849228898827007 1.1069427272382926 0.46605794042707133 0.97750524825098195 0.7449152714532209 -1.1551462826685344 1.0000000180025095e-35 0.52736078130517594 -0.9141599693060819 1.299069430066538 -0.85925218225375766 -0.21651157167775612 -0.12281920449442368 -0.21651157167775612 -0.55330734984315477 -1.3476706631132902 0.36640621500354337 1.2268989061739526 -0.2195972376683499 -0.1683978890826997 0.30428174356342014 -0.34815531191139565 0.18394424571997578 -1.7404918888887655 0.12281920449442395 0.48220716928829882
decision_type=2 2 2 2 2 2 2 2 2 2 2 2 2 2 2 2 2 2 2 2 2 2 2 2 2 2 2 2 2 2
left_child=22 4 3 -3 5 -2 7 8 10 12 15 -12 16 -13 -9 19 -10 18 -4 20 -6 -14 23 24 -1 26 -26 28 -27 -28
right_child=1 2 17 -5 6 -7 -8 14 9 -11 11 13 21 -15 -16 -17 -18 -19 -20 -21 -22 -23 -24 -25 25 27 29 -29 -30 -31
leaf_value=-0.001327635476178433 0.005451927703669663 0.0087845432824706325 0.0096504865142588436 0.0013317158903600318 -0.0017346479023169531 -0.007253882628249224 0.0018186443543448682 5.2456486294225321e-05 0.0038719928036222147 0.001501088981361439 -0.036329200277104977 -0.0082758324633149145 0.0018802439929496446 0.0087859023460432114 -0.0031696542417297864 0.00097905735844960873 0.021236529671884281 0.0047273183094435622 0.031602410071839886 -0.0018462509850122159 -0.027989647189236206 0.019238542773845523 0.00010347998442552484 0.00011900092398355554 0.0015189906247542241 0.0023551783474561362 -0.022389991419796629 0.0044952742134984677 0.042666372752342474 -0.003619954167292095
leaf_weight=11368 455 191 26 1438 38 85 1325 952 21 381 30 71 73 38 1366 1104 94 38 24 434 23 22 49073 13364 128 56 87 535 39 65
leaf_count=11368 455 191 26 1438 38 85 1325 952 21 381 30 71 73 38 1366 1104 94 38 24 434 23 22 49073 13364 128 56 87 535 39 65
internal_value=2.1746e-12 0.000754904 0.00278501 0.00220556 0.000219631 0.00345194 -7.26402e-05 -0.000611902 0.000616702 0.00543142 -0.00102052 -0.00966616 0.0125621 -0.0023277 -0.00184634 -0.000268963 0.0180656 0.0135115 0.0201874 -0.00305243 -0.0116341 0.00590006 -8.3144e-05 -0.0004403 -0.00104907 0.00243083 -0.00710284 0.00666802 0.018904 -0.0143633
internal_weight=82944 8229 1717 1629 6512 540 5972 4647 2329 591 1738 139 210 109 2318 1599 115 88 50 495 61 95 74715 25642 12278 910 280 630 95 152
internal_count=82944 8229 1717 1629 6512 540 5972 4647 2329 591 1738 139 210 109 2318 1599 115 88 50 495 61 95 74715 25642 12278 910 280 630 95 152
is_linear=0
shrinkage=0.05


Tree=83
num_leaves=31
num_cat=0
split_feature=3 4 5 4 7 1 4 9 2 5 0 9 0 10 6 0 9 4 4 4 1 9 4 9 8 0 4 5 4 0
split_gain=2.08895 4.00731 7.20359 3.3594 2.67946 5.3197 4.7741 7.35839 4.81648 3.46955 2.94242 2.61196 3.92207 6.67886 19.7372 11.7508 13.4458 6.79897 7.39258 5.79713 5.40205 5.2967 6.83839 4.77886 4.65953 12.8714 7.30455 28.2727 28.3492 17.352
threshold=-1.5904119996865644 1.4193536365541803 -0.24472827403648004 -1.5636946843393509 1.0000000180025095e-35 -0.60315391901247073 0.79387576281843975 -1.3476706631132902 -0.96221201328503947 0.80943899875565395 -1.3068648733571904 -0.19252438044475575 -0.55302738326259016 1.0000000180025095e-35 -0.89145085320788475 -0.22138998051086597 -1.4439328533356683 1.2750125887690096 0.048113682595056877 0.26462525427281319 -1.9909062894360965 -1.2514084728909125 0.36085261946292707 -1.3476706631132902 -1.7404918888887655 -0.19301330472787928 -1.1306715409838382 0.12281920449442395 -1.3712399539591229 0.039007238027795738
decision_type=2 2 2 2 2 2 2 2 2 2 2 2 2 2 2 2 2 2 2 2 2 2 2 2 2 2 2 2 2 2
left_child=1 3 -3 -1 6 -6 -5 8 -8 -7 -10 12 20 24 15 16 19 18 23 -15 -2 22 -20 -16 25 -14 27 29 -29 -27
right_child=11 2 -4 4 5 9 7 -9 10 -11 -12 -13 13 14 17 -17 -18 -19 21 -21 -22 -23 -24 -25 -26 26 -28 28 -30 -31
leaf_value=0.010790727394128062 0.0077655439155124547 0.0038151819259629599 0.035437556171951733 0.00084231469954955819 0.0064541809000125726 -0.0014443862032863877 -0.022280703705982889 -0.0011824588219995701 -0.015235295596842967 0.0082948591569460533 0.0075165967868330574 0.00018913236855058236 -0.0041729454996910593 -0.04457474480749983 -0.0086326366230499701 -0.028599811602464838 -0.0044552955849595536 -0.010252544628100522 0.010873887217791457 -0.011439556738531049 0.00010584848848558256 -0.00012327615192209376 -0.0040741195602043137 -0.0014837640642619779 -0.00072851536527726904 -0.026400901834504345 0.0028260101606908737 0.015532828389834136 0.084600179642438891 0.010386416186536533
leaf_weight=83 234 83 23 2199 515 666 80 465 27 106 30 45242 523 33 334 92 304 198 282 22 14116 948 105 779 14457 39 716 39 24 180
leaf_count=83 234 83 23 2199 515 666 80 465 27 106 30 45242 523 33 334 92 304 198 282 22 14116 948 105 779 14457 39 716 39 24 180
internal_value=8.49761e-13 0.00107614 0.0106766 0.000832156 0.000629964 0.00251841 -0.000237738 -0.00418298 -0.0143672 -0.000107132 -0.00326062 -5.8508e-05 -0.000393699 -0.000863469 -0.00298857 -0.0126568 -0.00857116 -0.00134065 -0.000619839 -0.0313207 0.000230752 0.00188898 0.00681823 -0.00362907 -0.000451563 0.00218085 0.00551055 0.0123266 0.0418442 0.00383525
internal_weight=82944 4277 106 4171 4088 1287 2801 602 137 772 57 78667 33425 19075 3097 451 359 2646 2448 55 14350 1335 387 1113 15978 1521 998 282 63 219
internal_count=82944 4277 106 4171 4088 1287 2801 602 137 772 57 78667 33425 19075 3097 451 359 2646 2448 55 14350 1335 387 1113 15978 1521 998 282 63 219
is_linear=0
shrinkage=0.05


Tree=84
num_leaves=31
num_cat=0
split_feature=3 1 6 3 6 9 5 12 4 4 1 4 4 0 9 0 1 0 0 4 0 4 4 9 6 9 0 12 4 5
split_gain=1.9881 6.10989 5.05559 4.51992 3.68852 13.1317 5.94718 8.85672 4.57775 5.22339 4.36017 3.85389 3.5776 3.50065 8.45761 8.46991 5.97987 3.66642 3.45704 3.16734 3.51931 3.05103 5.75853 9.39506 9.16997 7.21442 6.8203 4.13861 4.10631 3.69906
threshold=0.80387989609545107 -0.99829971678402096 0.30811198432835407 2.2784055443310356 -0.50537016327275397 -1.540195043558046 0.061466547291727118 1.0444659357341872 1.0103873344961962 1.0000000180025095e-35 0.32351610817296256 0.64953471503326898 1.5155810017442943 -0.91224084685196039 -1.540195043558046 -1.4257507750069001 2.3825425859923857 -0.92223737199672151 -0.57344809070054137 0.60142103243821199 0.9698976890882377 0.048113682595056877 0.76981892152091114 -1.3476706631132902 1.1133806251249947 -1.4439328533356683 -0.058527528112206371 -0.6963106238227913 0.36085261946292707 0.12281920449442395
decision_type=2 2 2 2 2 2 2 2 2 2 2 2 2 2 2 2 2 2 2 2 2 2 2 2 2 2 2 2 2 2
left_child=-1 2 3 -2 5 6 7 -3 9 18 -9 -12 -10 14 15 -6 -16 -17 -8 -4 -21 -15 23 24 26 27 -23 29 -26 -24
right_child=1 4 19 -5 13 -7 8 10 12 -11 11 -13 -14 21 16 17 -18 -19 -20 20 -22 22 25 -25 28 -27 -28 -29 -30 -31
leaf_value=-0.00010849855608739039 -0.0036191142390059189 -0.0055045444185379891 -0.0062527566651204751 0.013120174962197148 -0.00084652115280429519 0.00037251950069097862 0.017267984792124481 -0.042307442510800979 0.026242170944100335 -0.01897176669708471 -0.0099963925759463269 -0.036992336027324206 -0.0033061912399716675 4.6040531495917156e-05 -0.002679309193997084 0.015011254732739031 0.0098636871267764187 0.03383505753154168 -0.008191703719397387 -0.028741474552291701 -0.0038632538590935017 0.0099442129842900046 -0.0074242288667044389 0.0023435518390940574 0.011682065176473071 0.0012848433071054499 0.027740678253108043 -0.012532211413871451 -0.0064571479461170761 0.011055448280854358
leaf_weight=69325 327 100 91 46 84 3986 24 31 21 53 39 20 20 3882 346 135 131 32 30 44 21 126 68 1728 52 1803 94 162 78 45
leaf_count=69325 327 100 91 46 84 3986 24 31 21 53 39 20 20 3882 346 135 131 32 30 44 21 126 68 1728 52 1803 94 162 78 45
internal_value=1.29492e-12 0.000552292 -0.00471583 -0.00155475 0.00076519 -0.000429854 -0.00989217 -0.0157457 -0.00237744 -0.00782078 -0.0271249 -0.0191476 0.0118283 0.00135467 0.00467477 0.0121041 0.000765413 0.0186182 0.00312371 -0.0122741 -0.0207039 0.00105397 0.00199544 0.00385662 0.0113269 0.000134265 0.0175482 -0.00740935 0.000798537 -6.50654e-05
internal_weight=82944 13619 529 373 13090 4324 338 190 148 107 90 59 41 8766 728 251 477 167 54 156 65 8038 4156 2078 350 2078 220 275 130 113
internal_count=82944 13619 529 373 13090 4324 338 190 148 107 90 59 41 8766 728 251 477 167 54 156 65 8038 4156 2078 350 2078 220 275 130 113
is_linear=0
shrinkage=0.05


Tree=85
num_leaves=31
num_cat=0
split_feature=9 9 12 0 10 8 0 9 0 3 0 4 8 3 0 2 6 9 3 3 0 9 3 0 9 6 6 4 9 4
split_gain=1.93993 4.40716 4.67832 3.57747 8.15544 15.595 10.5959 11.8571 7.42829 8.75059 5.16822 4.71409 9.87016 8.00137 5.97313 5.58284 7.72217 5.22896 6.74167 8.21369 8.63074 5.55552 5.11343 5.04937 4.6456 4.65148 4.27294 4.23753 7.07636 6.38798
threshold=1.2514084728909129 0.19252438044475581 1.0000000180025095e-35 -0.55302738326259016 1.0000000180025095e-35 -1.7404918888887655 -0.24514711865888661 -1.4439328533356683 -0.55626609416445294 3.1493595272315917 -0.080264722505050776 1.154728382281367 -1.0174668528432229 1.3843980526302044 -1.4257507750069001 -1.3776364692530938 0.30811198432835407 -0.57757314133426729 -2.3996180322665421 -1.6930867289562173 -1.4257507750069001 -1.2514084728909125 -0.63938986415796084 -0.76607099216109786 -1.540195043558046 -0.066328909107543868 1.7077461606570974 1.0000000180025095e-35 -1.2514084728909125 0.36085261946292707
decision_type=2 2 2 2 2 2 2 2 2 2 2 2 2 2 2 2 2 2 2 2 2 2 2 2 2 2 2 2 2 2
left_child=1 3 -3 8 -5 6 7 -6 11 -10 -8 -1 13 17 -15 24 -17 18 -13 -20 -21 22 -22 -16 25 -14 -18 -7 29 -29
right_child=-2 2 -4 4 5 27 10 -9 9 -11 -12 12 15 14 23 16 26 -19 19 20 21 -23 -24 -25 -26 -27 -28 28 -30 -31
leaf_value=-0.00016045378775140316 -0.00060343608982750172 0.0013095698710971866 -4.9151730371719109e-05 -0.00016742739485151668 -0.026660909042471932 -0.0032837162856280129 -0.029079117733900525 -0.0035897897832713474 0.0054938832285143895 0.034993569120498641 -0.0093153088475755458 -0.0074184235509323045 -0.013603700725766627 0.022240836684553265 -0.012497920587707262 0.0012404890453934123 0.030127226071070053 0.00061607313670080028 0.051543215005658574 -0.0071397416036704494 0.04919565312564373 0.01508970022578502 0.016556765250861645 0.0099768191808834675 -0.0085883401644726593 0.01310305439401418 0.0050163777952548123 0.010150648403214292 -0.0011491320948244579 -0.0039497388381278141
leaf_weight=15185 11476 12604 12738 22625 63 1573 88 480 246 28 53 23 23 24 77 2582 36 54 20 29 30 84 20 37 249 56 32 284 2013 112
leaf_count=15185 11476 12604 12738 22625 63 1573 88 480 246 28 53 23 23 24 77 2582 36 54 20 29 30 84 20 37 249 56 32 284 2013 112
internal_value=6.50172e-13 9.6897e-05 0.000626617 -0.000194135 -0.000559948 -0.00246324 -0.00943773 -0.00626655 0.000335909 0.00850845 -0.0216502 0.000215264 0.00190522 0.00930045 -0.000430562 0.000916869 0.00167851 0.0144654 0.0180958 0.0213025 0.0175919 0.0229443 0.0361401 -0.00520349 -0.00523662 0.00532767 0.0183104 -0.00126521 5.28063e-05 0.00616266
internal_weight=82944 71468 25342 46126 27291 4666 684 543 18835 274 141 18561 3376 398 138 2978 2650 260 206 183 163 134 50 114 328 79 68 3982 2409 396
internal_count=82944 71468 25342 46126 27291 4666 684 543 18835 274 141 18561 3376 398 138 2978 2650 260 206 183 163 134 50 114 328 79 68 3982 2409 396
is_linear=0
shrinkage=0.05


Tree=86
num_leaves=31
num_cat=0
split_feature=3 4 5 4 12 5 3 0 0 6 5 4 0 7 4 4 6 5 1 5 6 0 7 1 0 3 3 7 0 4
split_gain=1.93689 3.43285 6.00896 3.02797 3.00091 2.38558 6.07733 5.40799 6.34104 4.23529 4.07074 8.13649 8.66369 13.2896 9.17118 8.23833 9.85722 7.94904 7.18876 6.45893 10.6711 8.6726 8.21494 5.99982 5.89621 4.74728 4.53912 4.40913 4.06914 4.6314
threshold=-1.5904119996865644 1.4193536365541803 -0.24472827403648004 -1.5636946843393509 1.0444659357341872 -0.061466547291726868 2.2784055443310356 -0.16309116136109869 -0.20623145332843523 1.0000000180025095e-35 -0.70535813777133527 -1.4434104778517083 0.85581719238651865 1.7010387896728181 -1.5877515256368793 -1.2268989061739519 1.7077461606570974 -0.36482234569996336 1.0371510767598477 -0.1839442457199755 -0.066328909107543868 -0.091820962317381863 -0.90839521789717692 0.57050791468766338 -1.8176815985916415 -0.75873562289728513 0.22643262775069076 -0.081021797575299523 1.0925701778510748 0.505193667248098
decision_type=2 2 2 2 2 2 2 2 2 2 2 2 2 2 2 2 2 2 2 2 2 2 2 2 2 2 2 2 2 2
left_child=1 3 -3 4 -1 6 10 8 -8 -7 -2 12 18 14 -14 16 26 -16 19 22 -21 -22 -12 25 -17 -24 27 -13 -26 -30
right_child=5 2 -4 -5 -6 9 7 -9 -10 -11 11 15 13 -15 17 24 -18 -19 -20 20 21 -23 23 -25 28 -27 -28 -29 29 -31
leaf_value=0.0043786375992931432 1.2402970678404687e-05 0.0036552560349494357 0.032536752076576587 0.00061845213023509335 0.025620682407980377 -0.000213554641620399 -0.0090923811658285558 0.0038459332875551326 -0.040626341402530672 0.00081556322402076694 0.015367730547768589 0.0010854556911275269 0.028453840239729623 -0.004416829862631858 0.016780045715027624 0.0084177418911750481 -0.02652141300185273 -0.014490668370078008 -0.026240216910839081 -0.0032465497268455443 0.041972604290478763 0.0031697794329375029 0.0047130503962030529 0.014673506692051889 -0.0010375384073995984 -0.0084768532729292117 -0.016285385661280884 -0.0088565706288404201 -0.011017860070542493 -0.0025017972935446322
leaf_weight=60 26767 83 23 4088 23 24605 44 34 25 16840 64 257 101 100 63 156 60 30 25 61 36 24 87 40 7829 316 78 197 216 612
leaf_count=60 26767 83 23 4088 23 24605 44 34 25 16840 64 257 101 100 63 156 60 30 25 61 36 24 87 40 7829 316 78 197 216 612
internal_value=-8.23942e-13 0.00103623 0.009922 0.000810411 0.010265 -5.63382e-05 -0.000346879 -0.0124754 -0.0205177 0.000204598 -0.000313224 -0.00115519 0.00326235 0.0103897 0.018022 -0.0016 -0.00730967 0.00669272 5.33971e-05 0.00110012 0.0114797 0.0264515 -0.00137707 -0.00379619 -0.00121646 -0.00562941 -0.00514294 -0.0032286 -0.00139007 -0.00472338
internal_weight=82944 4277 106 4171 83 78667 37222 103 69 41445 37119 10352 947 294 194 9405 592 93 653 628 121 60 507 443 8813 403 532 454 8657 828
internal_count=82944 4277 106 4171 83 78667 37222 103 69 41445 37119 10352 947 294 194 9405 592 93 653 628 121 60 507 443 8813 403 532 454 8657 828
is_linear=0
shrinkage=0.05


Tree=87
num_leaves=31
num_cat=0
split_feature=7 5 0 4 4 0 3 4 2 0 11 11 0 0 9 11 0 3 3 9 1 4 4 9 4 3 4 2 4 7
split_gain=1.85425 2.89427 3.88406 3.98119 3.43396 2.30504 2.6832 2.30611 2.30428 4.16236 2.33419 2.17383 2.43358 6.69722 5.97577 3.81712 9.19905 4.10827 3.17881 3.3223 4.07084 2.7455 2.60456 2.23615 3.72402 1.93527 4.33026 6.87882 3.95817 2.99464
threshold=1.7010387896728181 1.1210959212062968 1.9339198678568938 0.93821681060361073 -0.76981892152091091 0.18906320576173741 1.0578201793598794 -0.40896630205798362 -0.91849228898827007 0.98897881886992556 0.46605794042707133 0.46605794042707133 0.97750524825098195 0.7449152714532209 -1.1551462826685344 1.0000000180025095e-35 0.52736078130517594 -1.7507947177188159 0.13353506906182935 -1.3476706631132902 1.1032161565643108 -0.9141599693060819 1.299069430066538 -1.540195043558046 -1.1547283822813665 -1.5006248065634089 1.3952967952566522 -0.27432772775104208 -1.5636946843393509 1.0000000180025095e-35
decision_type=2 2 2 2 2 2 2 2 2 2 2 2 2 2 2 2 2 2 2 2 2 2 2 2 2 2 2 2 2 2
left_child=25 8 3 4 -3 -6 7 -7 9 -2 -11 12 13 15 21 17 -17 -10 23 20 -20 -15 -18 24 -14 26 28 -28 -1 -30
right_child=1 2 -4 -5 5 6 -8 -9 11 10 -12 -13 18 14 -16 16 22 -19 19 -21 -22 -23 -24 -25 -26 -27 27 -29 29 -31
leaf_value=0.01106463782233442 0.0061062561367639465 0.00076662283230096752 -0.00044888845810424761 -0.0012871472850994167 -0.0025585783234341668 0.022855048781176182 0.0053144233358430257 0.01041108036982877 -0.022261952475777697 -0.0065345273844897751 0.0096769561025279553 0.0017345205502744374 0.026820447742938999 0.017146409108384473 0.0014454188974732485 -0.033448949817878507 -0.007837150008811182 -1.236018621640431e-07 -0.0042585061179757451 -0.0028117212331868514 -0.023588578183617856 0.005660125060975062 0.0083820525066632973 -0.00048143689753349741 -0.0033265109506568739 -0.0001436287960161858 0.0010298206962438094 0.036517562641000208 -0.00027009635666372069 0.0026316538689067108
leaf_weight=91 388 221 666 236 47 44 261 242 21 125 27 1325 20 115 381 30 71 1578 69 871 45 95 38 1292 21 70116 36 22 3222 1228
leaf_count=91 388 221 666 236 47 44 261 242 21 125 27 1325 20 115 381 30 71 1578 69 871 45 95 38 1292 21 70116 36 22 3222 1228
internal_value=-2.10419e-12 0.000712348 0.0025385 0.00443156 0.00608753 0.0080672 0.0089802 0.0123255 0.000230851 0.00335868 -0.00365486 -5.19738e-05 -0.000561357 0.00058015 0.00517809 -0.000983363 -0.00893085 -0.000292493 -0.00170828 -0.00386227 -0.0118888 0.0119502 -0.00218275 -0.000116627 0.0113793 -7.8457e-05 0.000915147 0.0144907 0.000741753 0.000530656
internal_weight=82944 8229 1717 1051 815 594 547 286 6512 540 152 5972 4647 2329 591 1738 139 1599 2318 985 114 210 109 1333 41 74715 4599 58 4541 4450
internal_count=82944 8229 1717 1051 815 594 547 286 6512 540 152 5972 4647 2329 591 1738 139 1599 2318 985 114 210 109 1333 41 74715 4599 58 4541 4450
is_linear=0
shrinkage=0.05


Tree=88
num_leaves=31
num_cat=0
split_feature=2 1 1 4 3 4 1 8 4 9 0 1 4 1 1 9 0 9 1 3 0 9 4 6 4 7 4 8 4 0
split_gain=1.76542 4.98605 3.56868 5.57098 10.0408 4.99564 4.92544 3.89664 3.85561 4.73573 5.64754 6.37172 5.06518 3.50008 3.19829 3.03567 2.76977 2.64331 2.51573 5.78008 5.80446 5.65445 9.95436 8.94767 8.62828 7.97309 6.92786 6.55464 5.51838 4.82752
threshold=2.4244984565464338 3.9834252005800086 0.57050791468766338 -1.0825578583887812 3.7333394414554397 1.202842064876424 0.83483222579266714 0.74090168677562918 1.3231262713640664 -1.3476706631132902 -0.091820962317381863 2.3825425859923857 1.4915241604467659 2.5836585230174802 0.060045127802424873 -1.3476706631132902 0.85581719238651865 -1.1551462826685344 1.0371510767598477 3.7333394414554397 -0.16309116136109869 -1.4439328533356683 1.5636946843393513 -0.50537016327275397 1.5155810017442943 -0.44226394673424807 -1.4434104778517083 1.0000000180025095e-35 -0.9863304931986675 0.9698976890882377
decision_type=2 2 2 2 2 2 2 2 2 2 2 2 2 2 2 2 2 2 2 2 2 2 2 2 2 2 2 2 2 2
left_child=18 2 14 4 16 7 -7 -5 15 10 11 -10 -11 -14 17 -8 -4 -2 -1 21 -21 22 25 -24 27 -20 -27 28 -23 -28
right_child=1 -3 3 5 -6 6 8 -9 9 12 -12 -13 13 -15 -16 -17 -18 -19 19 20 -22 24 23 -25 -26 26 29 -29 -30 -31
leaf_value=3.9494997644004651e-05 0.0097780554365934982 -0.0030974126921273094 0.015005147541242263 0.00084161048602942592 -0.012116973943022245 0.02575129435600473 0.025138144724463164 -0.01285551659739958 0.00043043108460934535 -0.0030629996567780914 0.017148174566176275 -0.025414887619227534 0.02086253060801873 0.0033828850093414078 -0.010918736788076595 0.0050178226612105567 0.033562067461510497 -0.0047866165772023975 0.0035316255392054173 0.02543968129437417 0.0015004844026829023 0.0073456669579867366 -0.03356660235742176 -0.0062149690416790967 0.0063834620072010882 -0.017785653806058691 -0.0062043345622394396 -0.002858349415113363 -0.00029019865442149798 0.011228574714429368
leaf_weight=76197 59 415 124 349 34 31 38 61 57 71 23 41 71 48 76 37 24 66 284 40 69 309 54 67 398 115 230 2498 1010 48
leaf_count=76197 59 415 124 349 34 31 38 61 57 71 23 41 71 48 76 37 24 66 284 40 69 309 54 67 398 115 230 2498 1010 48
internal_value=2.96161e-12 0.00163182 0.00325382 0.00446577 0.0123854 0.00272287 0.0065762 -0.00119625 0.00503623 0.00258224 -0.00514932 -0.0103824 0.00750603 0.0138119 -0.00283003 0.0152121 0.0180144 0.00208791 -3.26086e-05 -0.00110525 0.0102855 -0.00135293 -0.00521227 -0.0184215 -0.000622261 -0.00285139 -0.00746406 -0.00135275 0.00149864 -0.00319434
internal_weight=82944 1625 1210 1009 182 827 417 410 386 311 121 98 190 119 201 75 148 125 81319 5122 109 5013 798 121 4215 677 393 3817 1319 278
internal_count=82944 1625 1210 1009 182 827 417 410 386 311 121 98 190 119 201 75 148 125 81319 5122 109 5013 798 121 4215 677 393 3817 1319 278
is_linear=0
shrinkage=0.05


Tree=89
num_leaves=31
num_cat=0
split_feature=9 9 12 1 0 11 8 9 0 0 0 3 3 4 8 3 0 12 2 4 0 5 0 0 5 1 5 5 9 3
split_gain=1.76885 3.81287 3.98438 5.91263 3.24647 6.98305 12.4127 7.99002 6.93105 7.76998 6.60244 7.7905 6.42321 4.12246 8.35947 7.15349 6.22556 5.34487 6.50418 6.06596 15.3675 7.2082 7.28664 5.41993 4.52248 4.44602 5.26217 12.1278 4.38728 5.59502
threshold=1.2514084728909129 0.19252438044475581 1.0000000180025095e-35 -0.29838614115525147 -0.55302738326259016 -0.76213734878520889 -1.7404918888887655 -1.540195043558046 -0.24514711865888661 -0.09986454742668556 -0.55626609416445294 3.1493595272315917 2.7411778454774844 1.154728382281367 -1.0174668528432229 1.8226766453680494 -1.4257507750069001 1.0000000180025095e-35 -1.3776364692530938 1.5636946843393513 -0.76607099216109786 1.0000000180025095e-35 -0.67056263840463093 -0.97483529350196407 0.061466547291727118 2.5836585230174802 0.85925218225375766 0.53960840463842696 -0.57757314133426729 -2.3996180322665421
decision_type=2 2 2 2 2 2 2 2 2 2 2 2 2 2 2 2 2 2 2 2 2 2 2 2 2 2 2 2 2 2
left_child=1 4 3 -3 10 6 7 -6 12 -10 13 -12 -9 -1 15 28 -17 19 -19 21 24 -16 23 -23 -21 26 27 -20 29 -15
right_child=-2 2 -4 -5 5 -7 -8 8 9 -11 11 -13 -14 14 17 16 -18 18 25 20 -22 22 -24 -25 -26 -27 -28 -29 -30 -31
leaf_value=-0.00013833686619709758 -0.0005762132115001606 0.0043370771308778745 -3.8402293393833401e-05 0.00083980811312810459 -0.030918252760091344 -0.00015978373952079046 -0.001182240288650804 -0.0031022164214427619 -0.027062807218919016 -0.0052292565940084256 0.0051872306975213247 0.03302159633021802 -0.030121406835868308 -0.0071904148096623632 0.0019011535565171519 0.023123655042478018 -0.0068488141338369155 -0.007951153499288181 0.00087252209464991782 -0.039493433423698522 0.0097385128884343447 0.0060277600874797561 -0.00057381361848049203 0.024703424885014043 -0.011610363628433059 0.0082986484536795406 0.0080981956424149969 -0.010898565018527904 0.00049698340756419517 0.018856535921687609
leaf_weight=15185 11476 1354 12738 11250 37 22547 4017 504 81 82 246 28 23 23 295 21 99 246 1441 26 80 57 67 122 33 174 179 258 56 199
leaf_count=15185 11476 1354 12738 11250 37 22547 4017 504 81 82 246 28 23 23 295 21 99 246 1441 26 80 57 67 122 33 174 179 258 56 199
internal_value=-1.34531e-12 9.25256e-05 0.000585237 0.00121551 -0.000178174 -0.000526653 -0.00227028 -0.00828222 -0.0070684 -0.0160791 0.000326755 0.00803162 -0.00428142 0.000213014 0.00179337 0.00859916 -0.00160363 0.000883794 -0.00026848 0.0047778 -0.00453878 0.00717152 0.0134917 0.0187564 -0.0238978 0.000652542 -5.58831e-05 -0.000914965 0.0130032 0.016158
internal_weight=82944 71468 25342 12604 46126 27291 4744 727 690 163 18835 274 527 18561 3376 398 120 2978 2298 680 139 541 246 179 59 2052 1878 1699 278 222
internal_count=82944 71468 25342 12604 46126 27291 4744 727 690 163 18835 274 527 18561 3376 398 120 2978 2298 680 139 541 246 179 59 2052 1878 1699 278 222
is_linear=0
shrinkage=0.05


Tree=90
num_leaves=31
num_cat=0
split_feature=5 1 5 2 1 2 1 6 7 0 4 2 4 3 1 5 5 4 8 4 6 3 9 7 0 0 8 4 5 5
split_gain=1.68903 3.64487 3.52313 6.75423 4.37983 6.16708 3.54451 4.60809 3.3346 4.00851 3.2504 4.36057 7.36308 5.10595 4.5888 4.24973 4.61886 5.44988 7.25794 5.50082 10.5607 3.85253 4.33251 3.76854 3.60804 6.32312 15.0876 10.1712 9.66411 9.19872
threshold=-0.1839442457199755 3.9834252005800086 -0.30505838731795659 1.5776952348168747 0.063671830020325129 -2.1687760795408226 -1.5111271317232526 -0.89145085320788475 -0.44226394673424807 -0.16309116136109869 0.048113682595056877 -3.0434776404737893 0.89010312800855373 0.2578052553134168 -0.48994157816819039 0.53960840463842696 0.80943899875565395 0.98633049319866772 0.19793268244031401 1.1306715409838386 -0.89145085320788475 -2.9923803752254439 -1.6364572337804242 -0.74611299300944822 -0.09986454742668556 -0.55302738326259016 -1.7404918888887655 0.31273893686787019 -0.061466547291726868 1.0000000180025095e-35
decision_type=2 2 2 2 2 2 2 2 2 2 2 2 2 2 2 2 2 2 2 2 2 2 2 2 2 2 2 2 2 2
left_child=1 2 6 4 5 -4 7 -1 -5 -10 21 12 -12 -14 -13 24 17 -17 19 20 -19 22 -2 -20 25 -16 27 -27 -28 -29
right_child=10 -3 3 8 -6 -7 -8 -9 9 -11 11 14 13 -15 15 16 -18 18 23 -21 -22 -23 -24 -25 -26 26 28 29 -30 -31
leaf_value=0.0078026910926518398 0.022390725587029009 -0.014311752314223786 -0.0084372230431321877 -0.0027787993662059308 -0.007519256363824528 -0.00044294006814074344 -0.00019427783990960025 0.00062401242116874372 0.030764338276956394 0.0075475311869294534 0.0067075095274908977 0.0023276472484177742 -0.0080191960780038717 -0.032545085251695131 0.0019526381840185465 0.00030922973196523284 0.00033493387543460728 -0.039142369344830515 -0.00031697292826591737 0.0016724566836070123 -0.0028093194249377124 -0.00024554878725720387 2.4694757427069101e-06 -0.010494998446653213 0.0035589549857359204 -0.034754387043519984 0.017383822599529392 -0.03330047929286957 -0.0017410243433769212 0.0022397513939206725
leaf_weight=315 40 46 290 56 413 1435 34483 770 23 97 55 3621 63 32 2783 1172 10348 25 113 491 100 23057 47 466 1585 54 72 25 800 67
leaf_count=315 40 46 290 56 413 1435 34483 770 23 97 55 3621 63 32 2783 1172 10348 25 113 491 100 23057 47 466 1585 54 72 25 800 67
internal_value=-3.55033e-13 -0.00024581 -0.00022873 -0.00211918 -0.00289423 -0.00178691 -0.00010574 0.00270814 0.0072959 0.0119974 0.000207106 0.000644155 -0.00785159 -0.0162805 0.000702821 0.000377784 -0.000120841 -0.00211339 -0.00448937 -0.00071155 -0.0100759 -0.000205923 0.0102959 -0.00850861 0.00155491 0.000719238 -0.00265262 -0.0175287 -0.000161909 -0.00741792
internal_weight=82944 37928 37882 2314 2138 1725 35568 1085 176 120 45016 21872 150 95 21722 18101 12715 2367 1195 616 125 23144 87 579 5386 3801 1018 146 872 92
internal_count=82944 37928 37882 2314 2138 1725 35568 1085 176 120 45016 21872 150 95 21722 18101 12715 2367 1195 616 125 23144 87 579 5386 3801 1018 146 872 92
is_linear=0
shrinkage=0.05


Tree=91
num_leaves=31
num_cat=0
split_feature=7 5 2 1 3 2 0 11 11 0 0 11 0 3 3 1 4 4 5 5 1 5 1 3 4 4 7 4 2 3
split_gain=1.64466 2.50624 3.57733 2.89743 2.51729 2.16588 3.76087 2.07563 1.87272 2.18748 5.88703 3.46451 8.40223 3.69619 2.84268 2.57417 4.96686 2.5228 2.925 4.05866 2.34411 2.30148 1.89912 1.78837 4.32302 3.72381 3.49947 1.97857 4.22029 7.04517
threshold=1.7010387896728181 1.1210959212062968 1.3246772382074914 -0.18500042414532253 0.97639698527775332 -0.91849228898827007 0.98897881886992556 0.46605794042707133 0.46605794042707133 0.97750524825098195 0.7449152714532209 1.0000000180025095e-35 0.52736078130517594 -1.7507947177188159 0.13353506906182935 1.0371510767598477 -1.3952967952566515 -0.9141599693060819 -0.12281920449442368 0.36482234569996347 0.78864774111986746 0.18394424571997578 1.5236574047330556 -1.6930867289562173 1.4193536365541803 -1.4193536365541799 1.0000000180025095e-35 0.505193667248098 -3.0434776404737893 0.26608526585355302
decision_type=2 2 2 2 2 2 2 2 2 2 2 2 2 2 2 2 2 2 2 2 2 2 2 2 2 2 2 2 2 2
left_child=23 5 3 -3 -4 6 -2 -8 9 10 11 13 -13 -7 -11 -16 -17 18 -12 -20 21 -14 -18 24 25 26 -1 -25 29 -29
right_child=1 2 4 -5 -6 8 7 -9 -10 14 17 12 20 -15 15 16 22 -19 19 -21 -22 -23 -24 27 -26 -27 -28 28 -30 -31
leaf_value=0.0042167273198324478 0.0058669697147219202 0.0076257671317005171 0.025999147809731466 0.0010712525657479923 0.0070109961317939458 -0.02108814242695059 -0.006126943817656866 0.0091603368624216981 0.0016067771155082124 -0.00010640245356083006 0.0027190899586697157 -0.031911497103671235 -0.0048240617603167064 2.7695774045971377e-05 -0.0027561677848999249 -0.025486579780025706 0.010007879231125116 0.0024257080925881649 0.019135459173133876 -0.0042974540234907814 -0.011291119996236549 0.013761647150761658 -0.0082755525957564913 -0.00032504058428995688 0.021762623645365242 0.00054891618075066833 0.02232631651374201 -0.0036039558275175903 0.00027111847573687897 -0.034383206962692467
leaf_weight=103 388 191 24 1438 64 21 125 27 1325 1333 95 30 36 1578 878 38 20 379 94 23 42 31 49 45600 25 3230 36 120 25579 22
leaf_count=103 388 191 24 1438 64 21 125 27 1325 1333 95 30 36 1578 878 38 20 379 94 23 42 31 49 45600 25 3230 36 120 25579 22
internal_value=-4.34603e-13 0.000670881 0.00237022 0.00183977 0.0121896 0.000222822 0.00325527 -0.00341144 -5.13781e-05 -0.000524168 0.000558083 -0.00090781 -0.00847933 -0.000249623 -0.00161155 -0.00364848 -0.0109704 0.00486895 0.00923682 0.014529 -0.00203011 0.0037753 -0.00297601 -7.38899e-05 0.00104748 0.000893758 0.00890698 -0.000127253 0.000223399 -0.00837257
internal_weight=82944 8229 1717 1629 88 6512 540 152 5972 4647 2329 1738 139 1599 2318 985 107 591 212 117 109 67 69 74715 3394 3369 139 71321 25721 142
internal_count=82944 8229 1717 1629 88 6512 540 152 5972 4647 2329 1738 139 1599 2318 985 107 591 212 117 109 67 69 74715 3394 3369 139 71321 25721 142
is_linear=0
shrinkage=0.05


Tree=92
num_leaves=31
num_cat=0
split_feature=9 9 12 1 2 4 4 0 10 8 0 9 4 4 0 3 4 8 0 5 4 5 5 8 0 4 1 3 0 0
split_gain=1.5779 3.40627 3.64986 3.22999 3.1393 4.95002 5.11337 2.86008 6.45329 12.0081 8.6968 9.15725 6.67757 6.68885 5.79504 7.09609 4.14449 3.97567 6.0249 5.92111 6.40864 5.43778 4.90738 3.94826 10.8441 6.67713 14.4161 9.31638 22.7469 8.39987
threshold=1.2514084728909129 0.19252438044475581 0.69631062382279152 -0.33348422088253987 0.99493369610194649 -0.36085261946292729 -0.52925050854562683 -0.55302738326259016 1.0000000180025095e-35 -1.7404918888887655 -0.24514711865888661 -1.3476706631132902 -0.52925050854562683 0.28868209557034169 -0.55626609416445294 3.1493595272315917 0.16839788908269929 0.37100531152820115 -0.16309116136109869 -0.24472827403648004 -0.55330734984315477 0.42390874111029014 -0.24472827403648004 -1.7404918888887655 -0.19301330472787928 -1.0585010170912528 -0.007328255836468337 2.131578920635214 -0.058527528112206371 0.85581719238651865
decision_type=2 2 2 2 2 2 2 2 2 2 2 2 2 2 2 2 2 2 2 2 2 2 2 2 2 2 2 2 2 2
left_child=1 7 3 -3 -5 6 -6 14 23 10 11 12 -10 16 -1 -16 -14 19 22 -11 -21 -22 -19 24 -9 26 -26 28 -28 -30
right_child=-2 2 -4 4 5 -7 -8 8 9 17 -12 -13 13 -15 15 -17 -18 18 -20 20 21 -23 -24 -25 25 -27 27 -29 29 -31
leaf_value=0.000198899615506318 -0.00054422380354898672 0.0029478953369380233 -0.00035705174400799789 0.00059784415081523328 0.0073315070752330404 0.0004138824960677172 0.029496315193753089 -0.0028802942654007763 0.0060741056821175983 -0.0039767819848743786 -0.019372702936281894 -0.0023318705788159815 -0.020459523284807803 -0.0035213160134541493 0.0048091957900115688 0.031374096082124325 -0.047733748306830727 0.0044925506218013262 -0.010596249432506854 -0.0036736712373994212 0.0067626513422503563 0.00066252554630188293 -0.0046235605457926833 -0.00036696546529725572 0.0027425959471194159 0.0021460998111368468 0.065590146159933457 0.0021246670103735395 0.0020830767759007916 0.033893275716238555
leaf_weight=18561 11476 1813 7678 15387 162 271 31 794 21 800 141 442 26 24 246 28 30 224 253 550 526 1196 433 20355 287 1028 31 45 49 36
leaf_count=18561 11476 1813 7678 15387 162 271 31 794 21 800 141 442 26 24 246 28 30 224 253 550 526 1196 433 20355 287 1028 31 45 49 36
internal_value=-1.4259e-13 8.73889e-05 0.000553089 0.000948699 0.000720035 0.00477209 0.0108917 -0.00016847 -0.000495554 -0.00218862 -0.0083087 -0.00543573 -0.019019 -0.0256059 0.000305459 0.00752386 -0.0350707 -0.00113735 -0.00404013 -0.000277477 0.0010251 0.00252586 -0.00151548 -0.000146391 0.0018315 0.00436616 0.0094604 0.0214356 0.0289269 0.0155556
internal_weight=82944 71468 25342 17664 15851 464 193 46126 27291 4666 684 543 101 80 18835 274 56 3982 910 3072 2272 1722 657 22625 2270 1476 448 161 116 85
internal_count=82944 71468 25342 17664 15851 464 193 46126 27291 4666 684 543 101 80 18835 274 56 3982 910 3072 2272 1722 657 22625 2270 1476 448 161 116 85
is_linear=0
shrinkage=0.05


Tree=93
num_leaves=31
num_cat=0
split_feature=0 0 9 5 4 5 6 5 1 5 4 6 0 3 5 0 9 4 4 2 0 9 5 0 0 4 5 2 0 6
split_gain=1.49842 2.87199 3.83674 7.40836 6.90241 4.14264 3.80669 5.96519 6.56183 3.88825 3.37474 3.06104 2.91585 3.32687 2.83867 2.70101 7.21175 5.19783 2.69945 5.2938 4.23022 3.75279 8.4398 17.9053 15.3448 10.6635 10.4179 8.35608 7.2261 6.93247
threshold=0.25917124939737912 0.12702658324564448 -0.096262190222377877 -0.1839442457199755 0.024056841297528397 -0.65128935879477201 1.7077461606570974 0.12281920449442395 0.40367699111069716 0.42390874111029014 -1.3471831126615943 1.1133806251249947 0.18906320576173741 3.7333394414554397 0.18394424571997578 0.36785701311804436 -1.3476706631132902 0.505193667248098 1.2509557474714812 -3.0434776404737893 0.12142570656743339 -1.2514084728909125 0.061466547291727118 -0.29045144009127849 -0.55302738326259016 -0.89010312800855329 0.12281920449442395 -0.48199072984669428 -0.55626609416445294 -0.066328909107543868
decision_type=2 2 2 2 2 2 2 2 2 2 2 2 2 2 2 2 2 2 2 2 2 2 2 2 2 2 2 2 2 2
left_child=1 18 3 5 6 -3 7 8 -5 10 -9 -7 -6 -14 -12 16 17 -2 21 -20 -21 22 -1 24 28 26 -25 -28 -24 -26
right_child=15 2 -4 4 12 11 -8 9 -10 -11 14 -13 13 -15 -16 -17 -18 -19 19 20 -22 -23 23 25 29 -27 27 -29 -30 -31
leaf_value=-0.00060614230559049198 0.0027041912472878515 -0.0039278491810703425 -7.462111893330914e-05 -0.0035817513402271492 -0.0035562312187950897 -0.014691899014536309 -0.011174113213242045 0.026311140569547815 -0.022946612177223998 -0.0014224955753781936 -0.0094879843605061367 -0.0033229833053355392 0.0063741615822904612 -0.013572172511538323 0.010810627135616101 0.00013425322706506716 0.001330065232630049 0.027517195332430952 -0.013339344576144449 0.0010953266144752374 -0.014457476702426159 -0.00042329348699350513 0.0024705505560775639 -0.0014039566665887833 -0.015936974244926218 0.005038973433869099 0.046315014231950051 0.019233648463386703 0.021179606000681955 -0.0030555650364570779
leaf_weight=4348 39 456 2635 178 115 213 142 24 58 272 24 82 420 22 61 27363 2576 46 65 6884 44 33769 1969 50 146 335 35 153 53 367
leaf_count=4348 39 456 2635 178 115 213 142 24 58 272 24 82 420 22 61 27363 2576 46 65 6884 44 33769 1969 50 146 335 35 153 53 367
internal_value=-3.05721e-13 -0.000160073 -0.00133962 -0.00295223 -0.000690958 -0.00691472 -0.00379301 -0.00209428 -0.00834091 0.00177503 0.00975417 -0.0115317 0.00353607 0.00538136 0.00507925 0.000282143 0.00180289 0.0161324 -4.50493e-05 0.000863298 0.00099655 -0.000199132 0.000816117 0.00280582 0.00100152 0.0107882 0.0188806 0.0242754 0.00296095 -0.00672162
internal_weight=82944 52920 4702 2067 1316 751 759 617 236 381 109 295 557 442 85 30024 2661 85 48218 6993 6928 41225 7456 3108 2535 573 238 188 2022 513
internal_count=82944 52920 4702 2067 1316 751 759 617 236 381 109 295 557 442 85 30024 2661 85 48218 6993 6928 41225 7456 3108 2535 573 238 188 2022 513
is_linear=0
shrinkage=0.05


Tree=94
num_leaves=31
num_cat=0
split_feature=3 4 8 4 1 0 1 1 5 8 12 9 5 4 5 11 4 5 4 5 3 4 8 0 4 5 6 5 6 0
split_gain=1.57638 2.71126 8.64061 2.44735 3.21123 3.35496 2.64858 2.3173 2.06576 2.05795 2.01811 1.82817 3.30238 8.87423 7.05768 5.96747 10.3543 8.60198 5.53498 6.92086 5.45034 5.58196 9.42614 6.30391 9.77087 6.293 6.44819 5.37861 5.37209 5.2725
threshold=-1.5904119996865644 1.3712399539591236 -1.0174668528432229 -1.2750125887690089 -2.5293426512622665 -0.82279753744332085 -1.4233941785621556 -1.7064305586094055 0.80943899875565395 -1.7404918888887655 1.0444659357341872 -0.19252438044475575 0.59600457818367614 -1.4193536365541799 -0.061466547291726868 1.0000000180025095e-35 -0.38490946076045524 0.30505838731795659 0.98633049319866772 0.80943899875565395 0.09568460324187919 -1.4193536365541799 1.0000000180025095e-35 0.9836196365236064 -1.2028420648764235 -0.48220716928829888 -0.50537016327275397 -0.36482234569996336 -1.0580783826696147 -1.2558814016043309
decision_type=2 2 2 2 2 2 2 2 2 2 2 2 2 2 2 2 2 2 2 2 2 2 2 2 2 2 2 2 2 2
left_child=1 3 -3 4 10 -6 -7 -4 -5 -8 -1 12 14 -14 20 16 17 -16 -15 29 21 22 27 -23 -25 26 -24 -2 -21 -20
right_child=11 2 7 8 5 6 9 -9 -10 -11 -12 -13 13 18 15 -17 -18 -19 19 28 -22 23 25 24 -26 -27 -28 -29 -30 -31
leaf_value=-0.00022220648344724423 0.012026801897791746 0.035626167188520019 0.013665252504223544 -0.00014559814911684754 -0.0079503887578060758 0.014350087046309804 0.013273186420081873 -0.00094945149781944401 0.0038387529998456602 0.0021148734306652016 -0.018120116769291816 0.00015635435507057072 -0.0069406631062563151 0.00012013619017733657 -0.0082414049552924831 0.0017371254646478579 0.00092695576997563331 -0.00036544669805203692 -0.017385181459690351 0.016713333880419241 -0.002404084075591866 -5.8572505718704314e-05 0.0055149552630848397 -0.014089895309977389 -0.0020433078719297253 0.0060142392962130699 -0.008105401521553833 -0.0017121760842421061 -0.00041509590605070699 -0.0047255750837884251
leaf_weight=63 328 23 36 3291 38 104 54 110 361 176 21 45242 637 4561 673 7140 3463 715 91 51 3952 8205 122 192 1365 235 302 91 447 855
leaf_count=63 328 23 36 3291 38 104 54 110 361 176 21 45242 637 4561 673 7140 3463 715 91 51 3952 8205 122 192 1365 235 302 91 447 855
internal_value=8.46328e-13 0.000934833 0.00714149 0.000679496 0.00413321 0.00612705 0.00772868 0.00265417 0.000248255 0.00473465 -0.00469668 -5.08254e-05 -0.000331251 -0.00132925 -8.37552e-05 0.000817727 -0.0005355 -0.00418427 -0.000733996 -0.00343185 -0.000814534 -0.000235022 0.00317933 -0.000612063 -0.00352882 -0.000548802 -0.00418634 0.00904292 0.00133902 -0.00594336
internal_weight=82944 4277 169 4108 456 372 334 146 3652 230 84 78667 33425 6642 26783 11991 4851 1388 6005 1444 14792 10840 1078 9762 1557 659 424 419 498 946
internal_count=82944 4277 169 4108 456 372 334 146 3652 230 84 78667 33425 6642 26783 11991 4851 1388 6005 1444 14792 10840 1078 9762 1557 659 424 419 498 946
is_linear=0
shrinkage=0.05


Tree=95
num_leaves=31
num_cat=0
split_feature=9 9 12 2 2 5 0 0 9 11 3 4 6 9 9 5 7 2 5 4 9 0 8 5 5 0 0 4 0 0
split_gain=1.48298 2.542 3.38344 2.7545 2.75596 3.17429 2.50523 4.61407 8.37345 13.889 7.59911 7.16496 7.39945 5.4862 4.05337 7.37721 13.555 9.57726 5.3232 5.20223 4.47058 4.3185 3.83794 8.13774 8.79757 10.4321 4.7037 6.54079 3.78988 4.65823
threshold=1.3476706631132906 0.19252438044475581 0.69631062382279152 -0.64829676526688951 1.254116795852888 1.3068553720381473 -0.87623715263893565 -0.92223737199672151 -1.540195043558046 1.0000000180025095e-35 1.9121305399912412 -0.9141599693060819 -0.066328909107543868 -1.4439328533356683 -0.86635971200140094 0.061466547291727118 -0.67395931651126872 1.3979521108251303 -0.24472827403648004 -1.1787852235788951 -0.28878657066713359 -1.3216952615942394 -1.7404918888887655 0.18394424571997578 0.061466547291727118 -1.1452097753420207 -1.4257507750069001 0.79387576281843975 -1.4699380875502279 -1.0738223040411066
decision_type=2 2 2 2 2 2 2 2 2 2 2 2 2 2 2 2 2 2 2 2 2 2 2 2 2 2 2 2 2 2
left_child=1 6 3 -3 -5 -6 7 11 9 -9 13 12 14 -10 15 18 -17 19 -1 28 -16 -19 23 24 26 -26 -13 -28 -18 -30
right_child=-2 2 -4 4 5 -7 -8 8 10 -11 -12 22 -14 -15 20 16 17 21 -20 -21 -22 -23 -24 -25 25 -27 27 -29 29 -31
leaf_value=2.2943017908498103e-05 -0.00059948516086231367 0.0049189550239268224 -0.00038555354930955749 0.00067372093349983336 0.0095981099862947547 -0.011616172073408962 -0.00035801367934698287 -0.0014817413028177561 0.018794928985221736 0.035617575802517912 -0.021582930651493373 -0.0014180892685565485 0.0078165612641324916 0.0020304240543205731 -0.012379446387546934 -0.033909733337350194 -0.0016896855329041898 0.0091049881167709831 -0.011963556288142094 -0.0014728750857209568 -0.0026132409262827764 -0.0081140046876702291 0.00039474408101791486 -0.00083721720870759257 0.012987352765330504 0.053761966069716782 0.0066769152482222018 0.032589119419987711 0.028373220324516297 0.0090082533912346618
leaf_weight=156 9175 401 8372 18701 149 20 35195 49 53 52 32 153 140 616 259 24 23 50 228 51 214 134 7808 463 62 21 187 28 75 53
leaf_count=156 9175 401 8372 18701 149 20 35195 49 53 52 32 153 140 616 259 24 23 50 228 51 214 134 7808 463 62 21 187 28 75 53
internal_value=-1.22595e-12 7.45608e-05 0.000453702 0.000818305 0.000731163 0.00708754 -0.000152656 0.000508542 0.00415926 0.0176189 0.00222 0.000219483 -0.00309148 0.00335855 -0.00429679 -0.00211401 0.00255022 0.00481716 -0.00709404 0.0123339 -0.00796091 -0.00343493 0.000753595 0.00381914 0.0085994 0.0233038 0.00528291 0.0100515 0.0169971 0.0203549
internal_weight=82944 73769 27643 19271 18870 169 46126 10931 802 101 701 10129 1407 669 1267 794 410 386 384 202 473 184 8722 914 451 83 368 215 151 128
internal_count=82944 73769 27643 19271 18870 169 46126 10931 802 101 701 10129 1407 669 1267 794 410 386 384 202 473 184 8722 914 451 83 368 215 151 128
is_linear=0
shrinkage=0.05


Tree=96
num_leaves=31
num_cat=0
split_feature=3 4 5 4 1 0 1 12 5 8 8 8 1 4 9 4 0 4 9 2 0 0 4 5 0 0 2 6 4 5
split_gain=1.42565 2.44507 4.27649 2.17443 2.94302 2.907 3.52782 2.10394 3.29518 1.97698 1.8573 1.82831 4.53631 3.44356 2.50422 2.99891 2.33404 2.28798 5.43866 6.19867 3.19399 3.09016 2.70601 3.48266 4.15575 2.20754 1.80279 1.9437 1.67942 1.65421
threshold=-1.5904119996865644 1.4193536365541803 -0.24472827403648004 -1.2750125887690089 -2.2013573168932967 -0.82279753744332085 -1.4233941785621556 1.0444659357341872 -0.12281920449442368 0.74090168677562918 -1.7404918888887655 -1.7404918888887655 -2.9962175190977089 0.79387576281843975 -0.38504876088951151 -0.64953471503326854 -0.63076005793756285 0.79387576281843975 -1.3476706631132902 -1.1166797401746962 -1.3068648733571904 -0.16309116136109869 -0.62547787373574071 0.061466547291727118 0.24650038186085435 0.21303905907237405 0.52979991514032376 0.30811198432835407 -0.19245473038022767 -0.061466547291726868
decision_type=2 2 2 2 2 2 2 2 2 2 2 2 2 2 2 2 2 2 2 2 2 2 2 2 2 2 2 2 2 2
left_child=1 3 -3 4 7 -6 -7 8 -1 -10 -8 12 -5 14 15 -14 -16 21 19 -19 -21 26 25 24 28 -23 27 -13 -24 -2
right_child=29 2 -4 11 5 6 10 -9 9 -11 -12 17 13 -15 16 -17 -18 18 -20 20 -22 22 23 -25 -26 -27 -28 -29 -30 -31
leaf_value=-0.013770011163734157 -0.000290273031641786 0.0031014847245168348 0.027466325254341506 0.021489431105631715 -0.010045908614993097 0.016649619105522075 0.012627427749059819 -0.016737748614766384 0.014187084541127487 -0.0027844027257287966 0.0020270304456558239 0.0013666203297824134 -0.012366188845883769 0.0097353301329365163 0.011834363879240825 -0.00041607045867559657 0.0012805323343647302 -0.021220667923243078 -0.00038703987780583393 -0.014841095688913404 0.0057310717974798069 0.0081377480364352144 -0.016986124133109116 -0.0235753838662748 0.0016111575296057054 -0.001937882275069569 -0.0032358630637070577 0.0063476574913026752 -0.0032351396892301961 0.00016895177177910837
leaf_weight=29 37222 83 23 30 25 81 54 22 37 32 176 1257 65 113 66 273 254 76 542 29 54 71 64 27 122 232 174 232 34 41445
leaf_count=29 37222 83 23 30 25 81 54 22 37 32 176 1257 65 113 66 273 254 76 542 29 54 71 64 27 122 232 174 232 34 41445
internal_value=-2.01639e-12 0.00088902 0.0083882 0.000698439 0.00395695 0.00635747 0.00767607 -0.0027645 0.000372356 0.00631625 0.00451582 0.00029847 0.00241412 0.00167189 0.000287133 -0.00271417 0.00345726 -0.000283079 -0.00277241 -0.0109037 -0.00145679 0.000505454 -0.00274344 -0.00662786 -0.00454793 0.000423074 0.00157995 0.00214271 -0.0122154 -4.83346e-05
internal_weight=82944 4277 106 4171 456 336 311 120 98 69 230 3715 801 771 658 338 320 2914 701 159 83 2213 550 247 220 303 1663 1489 98 78667
internal_count=82944 4277 106 4171 456 336 311 120 98 69 230 3715 801 771 658 338 320 2914 701 159 83 2213 550 247 220 303 1663 1489 98 78667
is_linear=0
shrinkage=0.05


Tree=97
num_leaves=31
num_cat=0
split_feature=7 4 0 1 2 5 0 4 0 3 2 2 9 5 1 3 3 5 4 5 4 0 11 9 4 3 2 4 4 4
split_gain=1.43696 2.27474 2.81971 3.70291 1.99278 2.4318 3.03535 3.65769 2.66024 2.29171 2.39387 1.77483 1.65755 2.09688 1.60143 3.50334 1.62015 1.75331 1.57763 1.54973 4.92035 2.45645 10.2408 5.84434 8.19467 3.20187 2.79237 2.11973 1.67521 1.68481
threshold=1.7010387896728181 -1.5155810017442939 0.86471181184545942 1.0371510767598477 -0.91849228898827007 1.1210959212062968 1.9339198678568938 0.93821681060361073 1.0760577781069476 1.0578201793598794 1.0391556740420083 0.2170139530709804 -0.096262190222377877 -0.53960840463842685 -0.85343142516632697 -1.0172027955611136 0.32197107247270645 -0.061466547291726868 -0.48113682595056956 0.85925218225375766 -0.24056841297528506 0.4853756574772467 1.0000000180025095e-35 -1.540195043558046 -0.89010312800855329 -1.7507947177188159 0.58567185142985489 0.45707998465304106 -1.3471831126615943 -1.1306715409838382
decision_type=2 2 2 2 2 2 2 2 2 2 2 2 2 2 2 2 2 2 2 2 2 2 2 2 2 2 2 2 2 2
left_child=-1 2 -2 12 14 19 7 8 -7 10 -10 -5 13 -4 15 18 17 -17 -3 21 28 22 25 24 -23 -6 -26 -22 -21 -30
right_child=1 4 3 11 5 6 -8 -9 9 -11 -12 -13 -14 -15 -16 16 -18 -19 -20 20 27 23 -24 -25 26 -27 -28 -29 29 -31
leaf_value=-6.9066845357297827e-05 0.013134382478030469 -0.0028979582235915589 -0.014169022675615942 -0.0087729670209228065 -0.020613753395155074 0.0036786951469288953 -0.00048336620712329968 -0.0014289829088769601 0.010568448215444733 0.001662178419815797 0.027502589463256302 -0.027760143438354135 0.00052585758520708073 -0.0021330826722101132 0.0067386798582593334 -0.0044637083395338614 -0.014415986587603888 0.011317591826346788 0.01153562212876307 0.0024741278968356327 0.0072325260255099617 0.020776803984137421 -0.030328017945090931 0.0005640185465449843 0.0067362736833597274 -0.00044656244891665099 -0.0075584849696261466 -0.0011202072732203305 -0.018584490443269413 -0.0073100000466398045
leaf_weight=74715 27 25 52 32 20 527 595 236 160 62 24 20 264 119 249 88 30 22 78 33 108 88 30 3503 93 1235 54 256 42 157
leaf_count=74715 27 25 52 32 20 527 595 236 160 62 24 20 264 119 249 88 30 22 78 33 108 88 30 3503 93 1235 54 256 42 157
internal_value=1.71931e-13 0.000627091 -0.0025936 -0.00346558 0.000841664 0.000631936 0.00234906 0.00401933 0.00568272 0.00997589 0.0127772 -0.0160757 -0.00195816 -0.00579313 0.00392065 0.00103305 -0.00411642 -0.00130745 0.00803233 0.000141765 -0.00226885 0.000427794 -0.00145807 0.00107609 0.00870925 -0.000767952 0.00148514 0.00135808 -0.00795936 -0.00968954
internal_weight=82944 8229 514 487 7715 7223 1604 1009 773 246 184 52 435 171 492 243 140 110 103 5619 596 5023 1285 3738 235 1255 147 364 232 199
internal_count=82944 8229 514 487 7715 7223 1604 1009 773 246 184 52 435 171 492 243 140 110 103 5619 596 5023 1285 3738 235 1255 147 364 232 199
is_linear=0
shrinkage=0.05


Tree=98
num_leaves=31
num_cat=0
split_feature=2 1 1 4 3 4 3 1 5 1 1 12 1 5 3 4 2 3 4 2 3 4 7 12 5 2 7 1 0 2
split_gain=1.39095 4.01704 3.14418 4.76711 8.8989 4.33124 4.3005 3.45924 3.38821 3.2415 2.7981 2.71698 2.57985 4.80732 8.289 7.6836 6.36982 5.56577 5.51305 5.04714 4.77373 4.49316 14.0129 12.2702 6.60484 5.90575 10.0965 5.55531 4.89575 4.82069
threshold=2.4244984565464338 3.9834252005800086 0.57050791468766338 -1.0825578583887812 2.7411778454774844 1.202842064876424 2.7411778454774844 2.3825425859923857 0.12281920449442395 0.83483222579266714 0.060045127802424873 -0.6963106238227913 0.88408258218813507 0.18394424571997578 3.7333394414554397 1.3471831126615947 0.96813542048376144 1.6263138465276621 1.1787852235788956 1.1361628307712628 0.056159483349509147 -1.0344441757937244 -0.90839521789717692 -0.6963106238227913 0.42390874111029014 0.045391143130294638 -0.67395931651126872 0.97921558363187611 0.9836196365236064 0.33460649854178298
decision_type=2 2 2 2 2 2 2 2 2 2 2 2 2 2 2 2 2 2 2 2 2 2 2 2 2 2 2 2 2 2
left_child=12 2 10 4 -4 11 9 -8 -6 -7 -2 -5 -1 14 15 17 -16 -14 21 20 -17 22 24 28 -15 -25 -27 -28 -24 -29
right_child=1 -3 3 5 8 6 7 -9 -10 -11 -12 -13 13 18 16 19 -18 -19 -20 -21 -22 -23 23 25 -26 26 27 29 -30 -31
leaf_value=5.0806693662518851e-05 0.0017937504963949323 -0.0027964282844624841 0.019806953668493131 -0.0071595837092844651 -0.016802567878255136 0.023898211524130838 0.0040853362724495431 -0.017137802171782825 0.0061209355876781051 0.0069307644242798186 -0.010371969329456701 0.0015694805861560888 -0.00098921666898971194 -0.032481591083035853 0.027516090681549546 -0.0077260468709871664 -0.0028486501470568679 -0.0087529621035465459 0.004108465393847985 -0.0040534053295333359 -0.024395799994719834 -0.0020222986373981009 0.022688496989462903 0.0068319631530124299 -0.0047055217332612935 -0.022676622676239773 0.026062089838087561 -0.017534688639287383 0.0032369863302649363 0.0013708413504699927
leaf_weight=75282 125 415 115 131 27 31 48 32 40 306 76 279 1558 38 39 83 31 271 688 162 89 2242 109 269 49 55 20 39 46 249
leaf_count=75282 125 415 115 131 27 31 48 32 40 306 76 279 1558 38 39 83 31 271 688 162 89 2242 109 269 49 55 20 39 46 249
internal_value=1.03952e-13 0.00144845 0.00290433 0.00404192 0.011368 0.00242965 0.00601761 -0.00440392 -0.00311689 0.00849157 -0.00280622 -0.00121956 -2.89443e-05 -0.00102345 -0.00286501 -0.00341303 0.0140688 -0.00213956 5.75761e-05 -0.0103866 -0.0163517 -0.000836844 0.00220411 0.0043091 -0.0168376 0.00121727 -0.00294349 0.000580287 0.0169158 -0.00118928
internal_weight=82944 1625 1210 1009 182 827 417 80 67 337 201 410 81319 6037 2233 2163 70 1829 3804 334 172 3116 874 787 87 632 363 308 155 288
internal_count=82944 1625 1210 1009 182 827 417 80 67 337 201 410 81319 6037 2233 2163 70 1829 3804 334 172 3116 874 787 87 632 363 308 155 288
is_linear=0
shrinkage=0.05


Tree=99
num_leaves=31
num_cat=0
split_feature=9 9 6 1 4 5 5 7 1 4 8 1 12 2 8 2 5 1 2 5 6 4 5 5 3 6 5 5 8 4
split_gain=1.35922 2.63896 3.44141 3.02605 2.39041 7.39757 9.88562 12.6954 10.4715 13.5452 11.872 18.2676 9.55976 10.0941 9.10262 8.29955 6.35258 8.09352 5.99129 10.3357 7.86053 5.39236 5.30424 5.90932 4.89057 4.27958 5.54498 4.16745 4.05596 12.0841
threshold=1.2514084728909129 0.2887865706671337 0.30811198432835407 -0.29276957015261312 -0.8660462867110249 0.53960840463842696 0.12281920449442395 -0.90839521789717692 0.97921558363187611 -1.0344441757937244 -1.7404918888887655 0.11805067087581249 -0.6963106238227913 0.045391143130294638 0.37100531152820115 1.0391556740420083 0.18394424571997578 3.9834252005800086 0.63111358157761832 0.30505838731795659 -0.89145085320788475 -1.2990694300665375 0.24472827403648026 0.42390874111029014 -1.3279259271798955 -1.0580783826696147 -0.80943899875565417 0.36482234569996347 1.0000000180025095e-35 -1.6118083669344079
decision_type=2 2 2 2 2 2 2 2 2 2 2 2 2 2 2 2 2 2 2 2 2 2 2 2 2 2 2 2 2 2
left_child=1 4 -3 -4 5 6 24 15 10 12 11 -9 16 -14 18 22 -10 -18 -15 20 -20 -13 -8 -24 -1 26 -26 -16 29 -27
right_child=-2 2 3 -5 -6 -7 7 8 9 -11 -12 21 13 14 27 -17 17 -19 19 -21 -22 -23 23 -25 25 28 -28 -29 -30 -31
leaf_value=0.0016539005419681939 -0.00050510618691149741 0.00012294592544655181 0.0048111380714242133 0.0011302835320017484 7.501643017502989e-05 -0.0026734296006893747 0.00012250367279459791 -0.0033798885270953181 -0.0065165438052070777 -0.010296428918636875 0.0074361101884075145 0.032745763449929653 0.010423552734583482 -0.0094619260104373114 -0.020171713871274925 0.010451734150055706 0.022313074838845121 0.0020837186937962939 0.039982069740372321 -0.00029604764359639712 0.0075471035749750575 0.069462102130055423 -0.030640442897048259 -0.0058755506325560885 0.0025240319406744996 0.0057936220111427942 -0.0093088121166621032 -0.0015266362031030915 0.00012774305951357103 -0.0046092762904035309
leaf_weight=1485 11476 16160 613 6265 36264 3504 41 25 38 194 501 20 221 100 86 41 149 74 31 262 47 20 63 39 137 336 357 46 2699 1650
leaf_count=1485 11476 16160 613 6265 36264 3504 41 25 38 194 501 20 221 100 86 41 149 74 31 262 47 20 63 39 137 336 357 46 2699 1650
internal_value=-1.13803e-13 8.11076e-05 0.000521628 0.00145834 -0.000128446 -0.000734922 4.92542e-05 0.00313409 0.00440346 0.00184513 0.0100444 0.0301486 0.00407991 0.00134806 -0.00215838 -0.00938017 0.0123801 0.0156002 0.00129637 0.00446057 0.0204379 0.0511039 -0.0150662 -0.0211715 -0.000875642 -0.00160095 -0.00602723 -0.0136742 -0.00113423 -0.00284927
internal_weight=82944 71468 23038 6878 48430 12166 8662 1998 1814 1248 566 65 1054 793 572 184 261 223 440 340 78 40 143 102 6664 5179 494 132 4685 1986
internal_count=82944 71468 23038 6878 48430 12166 8662 1998 1814 1248 566 65 1054 793 572 184 261 223 440 340 78 40 143 102 6664 5179 494 132 4685 1986
is_linear=0
shrinkage=0.05


Tree=100
num_leaves=31
num_cat=0
split_feature=0 0 9 8 5 3 9 11 1 10 2 9 1 11 8 1 9 0 8 9 1 0 3 0 9 9 9 1 11 0
split_gain=1.27041 2.39332 9.41559 8.70794 6.60916 8.06319 6.13313 10.6972 4.42154 3.52002 3.38067 3.20107 3.14685 2.85059 6.77993 6.16481 6.81584 8.18904 5.46995 4.62564 4.20282 6.38865 7.74639 5.4919 6.89776 5.09622 4.0358 7.21299 5.92462 4.58782
threshold=-1.6884035592855893 -1.4257507750069001 -1.540195043558046 0.37100531152820115 0.061466547291727118 -1.9547487264544179 -1.2514084728909125 1.0000000180025095e-35 -1.5111271317232526 1.0000000180025095e-35 0.40070867483198108 -0.6738353315566451 0.13326835911099535 -0.76213734878520889 -1.7404918888887655 -2.9962175190977089 0.57757314133426751 -0.52048563144016946 -1.7404918888887655 -1.4439328533356683 0.08235589231356201 -1.2558814016043309 0.77473436199090195 -1.1294912419340377 -1.4439328533356683 -1.6364572337804242 -0.48131095111188943 2.3825425859923857 0.46605794042707133 -0.19301330472787928
decision_type=2 2 2 2 2 2 2 2 2 2 2 2 2 2 2 2 2 2 2 2 2 2 2 2 2 2 2 2 2 2
left_child=-1 2 3 4 5 -2 10 8 -8 -5 -4 -9 -12 14 15 -3 17 -17 20 -19 23 22 -22 24 -15 -25 27 28 29 -23
right_child=1 13 6 9 -6 -7 7 11 -10 -11 12 -13 -14 18 -16 16 -18 19 -20 -21 21 26 -24 25 -26 -27 -28 -29 -30 -31
leaf_value=0.0011404705432279817 0.0028179006384951729 0.019642053712159397 0.0028711778387301382 -0.004876007723736947 0.001343155904423173 -0.026979927086116125 0.015107508084954733 -0.0066826390957164519 -0.00054513086333358757 0.011431533088034485 0.029763432338950225 -0.020740622691810134 0.008704242432791302 0.025675323743211187 -0.00015483788491002406 -0.0017406452913523215 -0.00067175638323228111 -0.023848852845416827 4.5731681829986344e-05 -0.0086306869287959987 0.016658384327311069 0.0080690258931777892 -0.019427559951898352 -0.015393992122627943 0.0038776959053964592 0.00052967352076800439 0.0013560789251699675 0.00011906432674922904 0.0024838870701713398 0.01812842017021573
leaf_weight=2372 28 30 232 156 41 120 47 82 1126 42 24 80 68 46 21696 594 1311 55 48948 542 20 252 58 51 172 3399 629 305 212 206
leaf_count=2372 28 30 232 156 41 120 47 82 1126 42 24 80 68 46 21696 594 1311 55 48948 542 20 252 58 51 172 3399 629 305 212 206
internal_value=9.36506e-13 -3.35749e-05 -0.00172181 -0.00874458 -0.0164213 -0.0213425 -8.35844e-05 -0.00158127 8.20422e-05 -0.00141683 0.00608742 -0.0136249 0.0141979 1.04121e-05 -0.000440574 -0.00288897 -0.00315913 -0.00589711 0.000211644 -0.0100327 0.0017296 0.0037991 -0.0101748 0.000780615 0.0084772 0.00029428 0.00447863 0.00649307 0.00939468 0.0125936
internal_weight=82944 80572 2046 387 189 148 1659 1335 1173 198 324 162 92 78526 24228 2532 2502 1191 54298 597 5350 1682 78 3668 218 3450 1604 975 670 458
internal_count=82944 80572 2046 387 189 148 1659 1335 1173 198 324 162 92 78526 24228 2532 2502 1191 54298 597 5350 1682 78 3668 218 3450 1604 975 670 458
is_linear=0
shrinkage=0.05


Tree=101
num_leaves=31
num_cat=0
split_feature=7 4 9 9 9 2 5 2 1 3 5 3 9 3 10 9 4 4 1 4 4 5 5 4 1 4 9 4 3 4
split_gain=1.23524 2.09645 2.10899 2.65018 2.48486 1.83105 2.11438 2.54301 2.15944 1.94052 1.5258 1.46179 1.45908 1.40747 2.37631 2.17996 4.76562 1.83522 1.54163 1.53759 1.72371 1.34635 4.66425 1.49128 1.32745 2.78534 2.6219 2.52853 1.59919 2.99165
threshold=1.7010387896728181 -1.5396378430418223 -1.3476706631132902 -1.1551462826685344 -0.096262190222377877 -0.91849228898827007 1.1210959212062968 1.3246772382074914 -0.18500042414532253 0.97639698527775332 -0.53960840463842685 1.9121305399912412 -1.540195043558046 -0.3248508115081003 1.0000000180025095e-35 -1.540195043558046 -0.50519366724809844 -0.8660462867110249 -1.3492591293390104 -0.55330734984315477 -0.69764839762832598 1.3494002584220433 1.3937669968154378 0.12028420648764231 0.23728951091351302 -1.3712399539591229 -1.540195043558046 -0.89010312800855329 1.2404972064677837 1.4434104778517087
decision_type=2 2 2 2 2 2 2 2 2 2 2 2 2 2 2 2 2 2 2 2 2 2 2 2 2 2 2 2 2 2
left_child=-1 2 12 -4 10 11 13 8 21 -9 -5 -3 -2 14 15 16 -7 -17 -15 20 -19 23 -23 -8 26 -26 27 -20 -27 -30
right_child=1 5 3 4 -6 6 7 9 -10 -11 -12 -13 -14 18 -16 17 -18 19 24 -21 -22 22 -24 -25 25 28 -28 -29 29 -31
leaf_value=-6.4035902563846624e-05 -0.0031665843850730555 0.0030595463615974679 0.013597967981843762 -0.015773951423100448 0.00036972207489879497 0.02128669017587196 -0.0054592706742837577 0.022557381307706237 0.00098185309185855026 0.0058858857187260583 -0.0043263348612696106 0.015023088021014161 -0.020304118364152534 -0.01147214433238391 -0.0019545695059651753 -0.0013577153416213688 -0.0048208478099570195 0.0045973505038538918 0.018187552815652454 0.0024436578369347178 0.019159055474835138 0.02607667868724093 -0.00091941360078635632 0.0068953799891305415 -0.016252880972751883 -0.002222273962560486 -6.9857672215474194e-05 0.0031215210174535958 -0.00028893728174516183 0.014523068438505843
leaf_weight=74715 23 470 27 44 242 44 33 24 1338 64 86 27 27 31 392 297 29 63 36 686 30 32 32 94 32 913 2767 123 181 42
leaf_count=74715 23 470 27 44 242 44 33 24 1338 64 86 27 27 31 392 297 29 63 36 686 30 32 32 94 32 913 2767 123 181 42
internal_value=2.07057e-12 0.000581412 -0.00274063 -0.00152757 -0.00262539 0.000773134 0.000572755 0.00216749 0.0016918 0.0104327 -0.00820091 0.00370948 -0.0124209 0.000117639 0.00140696 0.00255381 0.0109152 0.00198654 -0.000364022 0.00326156 0.00929467 0.00666514 0.0125786 0.00368512 -0.000279911 -0.00170493 0.000288928 0.0065327 -0.00129513 0.00250077
internal_weight=82944 8229 449 399 372 7780 7283 1617 1529 88 130 497 50 5666 1541 1149 73 1076 4125 779 93 191 64 127 4094 1168 2926 159 1136 223
internal_count=82944 8229 449 399 372 7780 7283 1617 1529 88 130 497 50 5666 1541 1149 73 1076 4125 779 93 191 64 127 4094 1168 2926 159 1136 223
is_linear=0
shrinkage=0.05


Tree=102
num_leaves=31
num_cat=0
split_feature=4 5 1 2 4 3 1 5 5 5 4 8 3 1 7 4 4 8 2 0 3 7 0 0 3 2 4 5 1 6
split_gain=1.22585 2.51954 2.97032 2.91482 6.83936 4.22576 3.75792 3.51346 3.31806 3.68056 4.4716 6.28818 5.00016 3.85244 3.27258 3.25703 3.21473 7.57796 5.21144 9.68791 4.39941 5.54249 4.24958 4.23625 5.0066 3.56736 5.23952 4.37048 7.60464 6.1804
threshold=0.024056841297528397 -0.1839442457199755 3.1649699101037929 -3.0434776404737893 0.89010312800855373 0.2578052553134168 -0.48994157816819039 1.0000000180025095e-35 0.53960840463842696 0.80943899875565395 0.98633049319866772 0.19793268244031401 -0.024325885941264811 3.1649699101037929 -0.74611299300944822 0.64953471503326898 1.0825578583887816 1.0000000180025095e-35 -1.4363326009232116 -1.2190092933019654 0.20317319278401205 0.50473852548845832 -0.16309116136109869 0.089524900430581297 1.1834378182031049 0.90653492394164015 0.84198944541349674 0.12281920449442395 -0.99829971678402096 1.1133806251249947
decision_type=2 2 2 2 2 2 2 2 2 2 2 2 2 2 2 2 2 2 2 2 2 2 2 2 2 2 2 2 2 2
left_child=-1 2 -2 4 -3 7 16 -6 -8 10 15 12 -12 -14 -13 -10 18 20 19 -5 22 -22 -18 -19 -25 27 -27 28 29 -20
right_child=1 3 -4 6 5 -7 8 -9 9 -11 11 14 13 -15 -16 -17 17 23 25 -21 21 -23 -24 24 -26 26 -28 -29 -30 -31
leaf_value=-0.00018955816073950462 -0.00018114857863214243 0.0068099338484958541 -0.0079767814122104451 0.0095534765240570009 -0.018386942884800108 -0.029440720814454837 0.0013375178922492366 0.0052553958057736357 -0.001615195152969758 0.00027473895326830881 0.0034823758765312493 -0.00017364642518959876 -0.008621124209501365 0.005985372854915464 -0.0096583098580595109 0.0038488548705541783 0.025210964805390465 0.0039404572975417452 -0.0070913884533259962 -0.016033550838773235 0.0098708890909350623 -0.018784133512526752 0.0061299021376503837 0.00029634723172742216 -0.021155129733961078 -0.0014385106918118917 -0.028240814910310771 0.0012464542400840205 0.012277846951570089 0.011398452448159242
leaf_weight=42050 18589 61 123 56 33 32 5467 30 803 10373 342 113 217 57 466 413 83 412 131 109 108 20 45 85 40 88 23 2248 258 69
leaf_count=42050 18589 61 123 56 33 32 5467 30 803 10373 342 113 217 57 466 413 83 412 131 109 108 20 45 85 40 88 23 2248 258 69
internal_value=-1.27682e-12 0.000194917 -0.000232392 0.00055538 -0.00625516 -0.0146443 0.000603616 -0.00712869 0.000306592 -0.000134277 -0.00189401 -0.00406614 -0.000549749 -0.00558255 -0.00780724 0.000240605 0.00203964 0.00486908 0.0012872 -0.00734947 0.0119482 0.00539354 0.0185028 0.00149433 -0.00656813 0.00179308 -0.00699214 0.00215345 0.00660525 -0.000712393
internal_weight=82944 40894 18712 22182 156 95 22026 63 18251 12784 2411 1195 616 274 579 1216 3775 793 2982 165 256 128 128 537 125 2817 111 2706 458 200
internal_count=82944 40894 18712 22182 156 95 22026 63 18251 12784 2411 1195 616 274 579 1216 3775 793 2982 165 256 128 128 537 125 2817 111 2706 458 200
is_linear=0
shrinkage=0.05


Tree=103
num_leaves=31
num_cat=0
split_feature=9 9 2 12 0 0 3 10 6 0 9 4 4 4 0 0 8 5 4 9 2 4 6 2 8 9 0 10 9 9
split_gain=1.20016 2.43889 2.91024 3.05358 2.51122 4.64281 5.66965 4.42005 9.06364 8.04437 7.84671 5.86503 6.14423 3.62967 3.48565 3.4087 5.75911 4.1574 3.87663 3.75564 3.46721 3.36506 6.61849 7.03131 4.00629 4.06718 6.75075 3.93269 5.05187 4.36862
threshold=1.2514084728909129 0.096262190222377905 -1.2069947265804768 0.69631062382279152 -0.55302738326259016 -0.55626609416445294 3.1493595272315917 1.0000000180025095e-35 -0.89145085320788475 -0.24514711865888661 -1.3476706631132902 -0.52925050854562683 0.28868209557034169 0.16839788908269929 -0.080264722505050776 -0.37105102329581641 0.37100531152820115 -0.1839442457199755 -0.52925050854562683 -1.3476706631132902 -0.851259769351704 1.154728382281367 1.0000000180025095e-35 -1.7726864691750246 -1.0174668528432229 -1.3476706631132902 -1.2048968289389637 1.0000000180025095e-35 -1.4439328533356683 -1.4439328533356683
decision_type=2 2 2 2 2 2 2 2 2 2 2 2 2 2 2 2 2 2 2 2 2 2 2 2 2 2 2 2 2 2
left_child=1 4 -3 -4 5 21 -7 -6 9 10 11 -9 13 -13 -11 19 17 -17 -19 -10 -20 -1 23 -23 25 -25 -27 29 -29 -26
right_child=-2 2 3 -5 7 6 -8 8 15 14 -12 12 -14 -15 -16 16 -18 18 20 -21 -22 22 -24 24 27 26 -28 28 -30 -31
leaf_value=-0.00012996198308352493 -0.00047463340468731005 0.0080559986131731424 0.00075584287608063095 -0.00039166164242794544 -0.00017997799050375779 0.0043264060777875148 0.028071670568481623 0.0065138393347816811 0.012665536890126533 -0.024229139592286879 -0.0013657484944157589 -0.018573926341755746 -0.0020098090351287584 -0.044098004025096699 -0.0068602475142756185 -0.0036519605136540209 -0.0064494534998695207 -0.0033116414145730219 0.012108927070366919 0.00093527609967387784 0.0013759387024440311 -0.0082551572933880386 0.0095813251240370583 0.016149343681499478 -0.0042238204195139345 -0.016989446288960822 0.0076269811577943771 0.027868408663198355 0.0041863804570341813 0.0013227586204535831
leaf_weight=14632 11476 125 19207 8304 21343 246 28 21 80 88 390 26 24 30 43 809 517 458 80 464 1266 192 243 89 446 34 154 24 365 1740
leaf_count=14632 11476 125 19207 8304 21343 246 28 21 80 88 390 26 24 30 43 809 517 458 80 464 1266 192 243 89 446 34 154 24 365 1740
internal_value=-1.3204e-13 7.62144e-05 0.000444063 0.000409477 -0.000155713 0.000293565 0.00675293 -0.000474513 -0.0019378 -0.00751946 -0.00458238 -0.017003 -0.0231762 -0.0322475 -0.0185279 -0.000992834 -0.00162776 -0.000673752 0.000661819 0.00266031 0.00201386 0.000194794 0.00164044 0.00100652 0.00163003 0.0073437 0.00317507 0.0010154 0.00564748 0.000191114
internal_weight=82944 71468 27636 27511 43832 18193 274 25639 4296 622 491 101 80 56 131 3674 3130 2613 1804 544 1346 17919 3287 3044 2852 277 188 2575 389 2186
internal_count=82944 71468 27636 27511 43832 18193 274 25639 4296 622 491 101 80 56 131 3674 3130 2613 1804 544 1346 17919 3287 3044 2852 277 188 2575 389 2186
is_linear=0
shrinkage=0.05


Tree=104
num_leaves=31
num_cat=0
split_feature=3 7 4 9 4 1 5 5 0 9 4 1 0 0 1 9 5 1 12 9 0 0 5 4 4 1 4 12 0 4
split_gain=1.17049 2.11814 4.47975 5.56223 5.23168 3.33168 3.17404 5.04845 2.59413 2.23472 3.30263 2.53222 4.86979 2.12517 2.23832 3.60005 2.05733 2.04174 1.98646 3.29457 4.74904 1.78724 1.77395 1.55686 1.49896 3.21995 3.36595 3.85514 5.02415 4.28543
threshold=-1.5006248065634089 1.0000000180025095e-35 0.79387576281843975 -1.2514084728909125 1.4193536365541803 -0.22773090994535253 -0.061466547291726868 -0.1839442457199755 -2.1688816975275453 -0.86635971200140094 0.79387576281843975 -1.1199917324695543 -1.1732138849503568 -1.39904985507936 0.11409632128747377 -1.4439328533356683 0.75810821674430728 -1.5111271317232526 -1.0444659357341868 -1.3476706631132902 -0.34345730851884587 -0.76607099216109786 -0.30505838731795659 -1.3952967952566515 0.024056841297528397 -0.29838614115525147 -0.21651157167775612 1.0444659357341872 0.84539662698042128 -0.74576208022338231
decision_type=2 2 2 2 2 2 2 2 2 2 2 2 2 2 2 2 2 2 2 2 2 2 2 2 2 2 2 2 2 2
left_child=1 2 8 4 6 9 7 -4 -1 10 17 -12 -13 -7 15 -15 -5 -3 19 20 21 -10 -20 -24 25 26 27 29 -29 -2
right_child=24 5 3 16 -6 13 -8 -9 18 -11 11 12 -14 14 -16 -17 -18 -19 22 -21 -22 -23 23 -25 -26 -27 -28 28 -30 -31
leaf_value=0.014328029912818844 0.00010897982305741544 0.0080654376423394177 -0.010123853185196728 -0.00090069299255129552 0.013214522444953523 -0.0086192244775530353 -0.0024637518184596821 -0.029990664433820976 0.0083662437409848765 0.0017505986288877187 0.0068713037690031342 0.037268319554053818 0.0077037366572767496 -0.01821108347576228 0.004230286227519693 -0.00050151989823115143 0.01332796511274797 0.00049220024910879298 0.001676777569904685 0.0011175118043308398 0.028882682527630377 -0.0059403632526044492 -0.01301981339763318 -0.0010687076269669212 0.00017146497456669202 7.1582742921799946e-06 0.0013864383856545396 -0.0039375898655053879 0.0037826742479042646 -0.0025638204860181121
leaf_weight=36 4592 169 134 430 24 74 73 42 114 520 64 26 30 32 224 278 27 188 860 491 26 27 28 1018 39088 28553 1273 2041 235 2227
leaf_count=36 4592 169 134 430 24 74 73 42 114 520 64 26 30 32 224 278 27 188 860 491 26 27 28 1018 39088 28553 1273 2041 235 2227
internal_value=7.4771e-13 0.000746775 2.76265e-05 -0.00343336 -0.00908025 0.00223884 -0.0112291 -0.0148648 0.000999365 0.00401781 0.0064894 0.0136654 0.0214302 -0.000678315 0.00042211 -0.0023296 -6.00502e-05 0.00407729 0.000812223 0.00318087 0.00924738 0.00562668 -5.4934e-06 -0.00138862 -4.72424e-05 -0.000266888 -0.0010216 -0.00135865 -0.00314046 -0.000763923
internal_weight=82944 4935 3330 730 273 1605 249 176 2600 997 477 120 56 608 534 310 457 357 2564 658 167 141 1906 1046 78009 38921 10368 9095 2276 6819
internal_count=82944 4935 3330 730 273 1605 249 176 2600 997 477 120 56 608 534 310 457 357 2564 658 167 141 1906 1046 78009 38921 10368 9095 2276 6819
is_linear=0
shrinkage=0.05


Tree=105
num_leaves=31
num_cat=0
split_feature=0 0 9 12 5 3 9 11 4 1 4 1 2 1 11 12 2 9 1 0 9 2 9 5 0 9 7 1 0 11
split_gain=1.12521 2.17621 8.71985 8.00162 5.96403 7.22204 5.37989 9.37856 4.17227 4.07316 3.69832 3.06489 2.89721 2.66689 2.42135 4.64514 5.65896 10.0254 4.58829 4.00074 7.24739 3.07072 14.4595 3.03794 2.8235 6.4159 19.117 7.12853 6.52697 20.8558
threshold=-1.6884035592855893 -1.4257507750069001 -1.540195043558046 0.69631062382279152 0.061466547291727118 -1.8857123515670644 -1.2514084728909125 1.0000000180025095e-35 0.048113682595056877 -1.5111271317232526 1.3952967952566522 -0.44735167776607115 0.40070867483198108 0.13326835911099535 -0.76213734878520889 1.0444659357341872 0.27139269241320629 -1.540195043558046 -2.9962175190977089 -0.52048563144016946 0.57757314133426751 0.1242976081561082 -0.86635971200140094 0.99864169796777091 -0.89706151121772792 -1.540195043558046 0.50473852548845832 -0.3899012081179703 -1.0318387362866506 1.0000000180025095e-35
decision_type=2 2 2 2 2 2 2 2 2 2 2 2 2 2 2 2 2 2 2 2 2 2 2 2 2 2 2 2 2 2
left_child=-1 2 3 8 5 -5 12 9 -2 -8 -7 -9 -4 -14 15 23 18 -18 -17 21 -21 -20 -23 -3 25 26 28 -27 -16 -30
right_child=1 14 6 4 -6 10 7 11 -10 -11 -12 -13 13 -15 24 16 17 -19 19 20 -22 22 -24 -25 -26 27 -28 -29 29 -31
leaf_value=0.0010733193116126529 -0.010150042216345254 -0.00050902668825562262 0.0027373448067449097 0.00093835263002303335 0.0010660303109211893 -0.02083752541090636 0.0145111956584089 -0.022206400411336549 0.0045866237373201777 -0.0005121398287779601 -0.041012391784498774 -0.007745732843023637 0.027552368146522593 0.0081655524089857111 0.0049154437203628876 0.018288346089733145 -0.028924962760040376 -0.0045683956344635089 -0.00079612874319934419 -0.0087250047554374814 -0.00038168852940290263 0.043888156742534858 0.00089377870863245341 0.00081201254696424579 7.2922731918322598e-05 -0.0023443461557555566 -0.014630077799804332 0.001829767855407825 -0.0024102448673937659 0.027756594332030923
leaf_weight=2372 81 13414 232 31 41 85 47 56 118 1126 31 106 24 68 491 30 46 518 2516 454 610 22 176 6442 48647 1473 105 3347 99 136
leaf_count=2372 81 13414 232 31 41 85 47 56 118 1126 31 106 24 68 491 30 46 518 2516 454 610 22 176 6442 48647 1473 105 3347 99 136
internal_value=-5.3804e-13 -3.1598e-05 -0.00164144 -0.00839977 -0.0157967 -0.0204999 -6.49011e-05 -0.0014676 -0.00141172 8.98182e-05 -0.0262291 -0.0127445 0.00571475 0.013223 1.03465e-05 -0.000405301 -0.00188072 -0.00655492 -0.00118843 -0.00134309 -0.00394171 -0.000324324 0.00567093 -8.04341e-05 0.00019581 0.00125369 0.0053112 0.000554152 0.00819527 0.015048
internal_weight=82944 80572 2046 387 188 147 1659 1335 199 1173 116 162 324 92 78526 24228 4372 564 3808 3778 1064 2714 198 19856 54298 5651 831 4820 726 235
internal_count=82944 80572 2046 387 188 147 1659 1335 199 1173 116 162 324 92 78526 24228 4372 564 3808 3778 1064 2714 198 19856 54298 5651 831 4820 726 235
is_linear=0
shrinkage=0.05


Tree=106
num_leaves=31
num_cat=0
split_feature=1 5 5 4 6 4 4 4 0 4 4 4 7 0 0 0 5 0 5 5 7 4 2 12 5 8 5 5 2 8
split_gain=1.14014 4.92574 4.87257 8.9694 6.69277 8.16938 6.55348 6.42167 6.43317 3.78003 3.60806 6.14966 9.77911 4.22119 4.15246 15.9785 7.85145 6.62496 5.7611 7.10959 7.97855 5.69829 4.85727 4.72387 4.0774 3.93978 3.18598 3.10454 2.89688 5.62951
threshold=0.88408258218813507 1.0000000180025095e-35 -0.24472827403648004 1.5155810017442943 -0.50537016327275397 1.4915241604467659 1.202842064876424 1.202842064876424 -0.35922177738879607 1.3712399539591236 0.69764839762832587 -1.0344441757937244 -0.90839521789717692 -0.82279753744332085 -0.31495220029877408 -0.35491878502369684 0.36482234569996347 1.0027703691781986 0.42390874111029014 0.12281920449442395 1.0000000180025095e-35 -1.4193536365541799 -0.010311412915610758 -1.0444659357341868 0.24472827403648026 0.74090168677562918 -0.12281920449442368 0.48220716928829882 2.4244984565464338 -0.27754979391328816
decision_type=2 2 2 2 2 2 2 2 2 2 2 2 2 2 2 2 2 2 2 2 2 2 2 2 2 2 2 2 2 2
left_child=-1 2 3 7 5 6 -4 -2 -9 -10 11 12 13 -3 15 22 -17 18 19 20 -16 24 27 -24 -19 -21 -7 -14 29 -6
right_child=1 10 4 -5 28 26 -8 8 9 -11 -12 -13 14 -15 17 16 -18 21 -20 25 -22 -23 23 -25 -26 -27 -28 -29 -30 -31
leaf_value=5.7907351671903078e-05 -0.0011995879935311178 -0.031367520599936444 -0.015664020728013695 0.013506985879711875 -0.019952359410341493 -0.019733667068860747 0.014453887347675241 -0.00090932675482927939 -0.036285780090838674 -0.014004138526607954 0.0017951153210495835 -0.0026785049008719642 0.013962401046107213 -0.0077110699981197033 -0.013985235502432084 -0.027678078804435076 -0.0019497677930093442 -0.035691612816992256 0.00038794873217638175 0.012555512804205396 0.014416428549642056 0.0029457649190884993 0.022565056707548062 -0.00062902283685292021 -0.0045338100753724575 0.027953479070143374 -0.045822757899761202 0.00073032191968664078 0.010927200877506819 0.0016810213740130787
leaf_weight=75570 1095 24 73 91 44 22 24 92 24 92 2046 2007 135 88 51 69 52 21 180 224 48 74 23 482 21 51 25 66 35 95
leaf_count=75570 1095 24 73 91 44 22 24 92 24 92 2046 2007 135 88 51 69 52 21 180 224 48 74 23 482 21 51 25 66 35 95
internal_value=-7.0519e-13 -0.000593444 -0.00294355 -0.00166952 -0.00852844 -0.016502 -0.00821217 -0.00272943 -0.0107832 -0.0186141 0.000117149 -0.000832276 0.00147063 -0.0127803 0.00253684 0.000166575 -0.0166213 0.00546252 0.00773761 0.0112749 -0.000214732 -0.00540299 0.00304381 0.000427341 -0.0201127 0.0154111 -0.0336108 0.00961754 -0.00192963 -0.00516696
internal_weight=82944 7374 1712 1394 318 144 97 1303 208 116 5662 3616 1609 112 1497 827 121 670 554 374 99 116 706 505 42 275 47 201 174 139
internal_count=82944 7374 1712 1394 318 144 97 1303 208 116 5662 3616 1609 112 1497 827 121 670 554 374 99 116 706 505 42 275 47 201 174 139
is_linear=0
shrinkage=0.05


Tree=107
num_leaves=31
num_cat=0
split_feature=7 3 0 0 9 9 1 0 1 4 5 5 4 4 1 11 6 9 9 0 9 3 9 4 4 2 2 4 9 0
split_gain=1.08341 3.41697 2.70887 5.02187 6.50043 4.34015 4.31228 4.09865 5.50471 6.17834 3.17665 8.50061 3.41922 3.29835 2.63639 2.42473 7.56171 6.55761 3.81734 4.75789 2.98993 2.51806 2.32428 3.74249 3.67023 2.12665 1.92722 2.45903 1.87828 5.7386
threshold=1.0000000180025095e-35 -1.189175759445614 -1.6884035592855893 -1.2558814016043309 -1.540195043558046 -1.540195043558046 1.4327641960213893 -0.87623715263893565 -0.54255399317767117 0.79387576281843975 0.061466547291727118 0.18394424571997578 0.67359155633079737 0.60142103243821199 -1.5111271317232526 -0.76213734878520889 -0.89145085320788475 0.48131095111188954 -1.540195043558046 -0.45591242954396621 -1.1551462826685344 2.7411778454774844 -0.38504876088951151 1.0103873344961962 -0.40896630205798362 -0.0052364969770653637 2.4244984565464338 0.93821681060361073 -0.096262190222377877 0.10915855750540752
decision_type=2 2 2 2 2 2 2 2 2 2 2 2 2 2 2 2 2 2 2 2 2 2 2 2 2 2 2 2 2 2
left_child=28 14 5 4 -4 -3 26 8 9 -5 12 -12 -10 -13 -2 16 17 18 25 21 -21 -20 23 24 -22 -9 27 -6 29 -1
right_child=1 2 3 7 6 -7 -8 15 10 -11 11 13 -14 -15 -16 -17 -18 -19 19 20 22 -23 -24 -25 -26 -27 -28 -29 -30 -31
leaf_value=-9.8546023109048927e-06 0.0060452472845234145 0.021330990415946063 -0.015820030350993688 -0.00035650296915610809 -0.00063762993223455812 0.00254089015741123 -0.020042651351034311 -0.0087418523896485561 0.0033548642111543036 -0.030121641246263278 0.035602063400222476 0.0015752233128464442 -0.015761619820087044 0.011283517819382041 0.0013610681106141886 0.00039141635609982715 0.00035213586974779316 -0.00080711651170519609 -0.0021199205799231949 0.0052847417532811292 -0.020895029488718138 -0.016562165823415853 -0.0088537875915867623 -0.035991204335637718 0.0022656788494294653 -0.030818013090174647 0.013041478643814722 -0.018633740786463023 0.00015116797974828666 -0.0016967264384506048
leaf_weight=20818 345 36 106 84 373 210 31 20 175 22 27 173 27 177 2323 13848 4748 1204 531 27 50 32 188 23 26 24 24 20 30599 6653
leaf_count=20818 345 36 106 84 373 210 31 20 175 22 27 173 27 177 2323 13848 4748 1204 531 27 50 32 188 23 26 24 24 20 30599 6653
internal_value=-7.36128e-13 0.000276107 7.29764e-05 1.45269e-05 -0.00468549 0.00529066 -0.00205098 0.000136166 0.00394141 -0.00653417 0.00585922 0.00857016 0.000799691 0.00648485 0.00196678 1.03713e-05 -0.000757374 -0.00323641 -0.00641216 -0.00569114 -0.0106225 -0.00294079 -0.012119 -0.0183196 -0.0129716 -0.0207834 -0.000713466 -0.00155346 -0.000118269 -0.000418386
internal_weight=82944 24874 22206 21960 554 246 448 21406 685 106 579 377 202 350 2668 20721 6873 2125 921 877 314 563 287 99 76 44 417 393 58070 27471
internal_count=82944 24874 22206 21960 554 246 448 21406 685 106 579 377 202 350 2668 20721 6873 2125 921 877 314 563 287 99 76 44 417 393 58070 27471
is_linear=0
shrinkage=0.05


Tree=108
num_leaves=31
num_cat=0
split_feature=9 9 6 1 4 5 5 7 0 1 4 8 1 12 2 7 2 5 1 4 0 5 5 0 4 5 2 7 4 8
split_gain=1.10576 1.96337 2.85998 2.54806 2.14534 6.26434 8.34551 10.6582 10.1409 9.52345 11.57 9.90499 16.3422 8.39066 8.23994 8.13174 7.3413 5.32839 6.80458 4.84908 4.65857 4.58659 5.30665 4.57334 4.01595 3.99733 12.2818 5.22599 5.58962 4.82115
threshold=1.2514084728909129 0.2887865706671337 0.30811198432835407 -0.29276957015261312 -0.8660462867110249 0.53960840463842696 0.12281920449442395 -0.90839521789717692 -1.3155722745220439 0.97921558363187611 -1.0344441757937244 -1.7404918888887655 0.11805067087581249 -0.6963106238227913 0.045391143130294638 -0.67395931651126872 1.0391556740420083 0.18394424571997578 3.9834252005800086 -1.2990694300665375 1.0027703691781986 0.24472827403648026 0.42390874111029014 -1.6884035592855893 -1.3952967952566515 0.18394424571997578 -0.041911277957876462 -0.67395931651126872 -1.2028420648764235 0.37100531152820115
decision_type=2 2 2 2 2 2 2 2 2 2 2 2 2 2 2 2 2 2 2 2 2 2 2 2 2 2 2 2 2 2
left_child=1 4 -3 -4 5 6 8 16 23 11 13 12 -9 17 -15 -16 21 -11 -19 -14 -17 -8 -23 -1 -22 26 29 -27 -29 -13
right_child=-2 2 3 -5 -6 -7 7 9 -10 10 -12 25 19 14 15 20 -18 18 -20 -21 24 22 -24 -25 -26 27 -28 28 -30 -31
leaf_value=0.0045540012133600148 -0.00045558393155212609 8.9681011373249548e-05 0.0043836700890856478 0.0010060169737326815 8.5155710594261893e-05 -0.0024660021498675634 0.00018370932041917269 -0.0039325327873229983 -0.00041262282895573611 -0.0058677517073719128 -0.0096243262990609174 0.018111455942002627 0.030191168086603284 0.0093029009813955909 -0.018860841632704253 0.0015800240532594326 0.01005947473948742 0.020542978236667387 0.0019942514809175721 0.06500884614884854 -0.028079742809327752 -0.028590568642885911 -0.0051224705285559868 -0.013255052785437413 0.0013182000744910469 -0.0069154391951205861 -0.00168716994553688 0.014513482738688006 0.0013402514318380889 0.048863488733768466
leaf_weight=43 11476 16160 613 6265 36264 3504 41 25 6398 38 194 26 20 221 64 461 41 149 74 20 26 63 39 223 21 77 50 153 170 25
leaf_count=43 11476 16160 613 6265 36264 3504 41 25 6398 38 194 26 20 221 64 461 41 149 74 20 26 63 39 223 21 77 50 153 170 25
internal_value=6.42824e-13 7.31556e-05 0.000453127 0.00130705 -0.000107595 -0.000682142 3.94753e-05 0.00287385 -0.000810326 0.00403691 0.00159714 0.00941648 0.0277798 0.00366257 0.00110321 -0.00206485 -0.00859245 0.0114387 0.0143878 0.0476 5.11811e-05 -0.0139402 -0.0196175 -0.0103761 -0.0149445 0.00703402 0.015922 0.00478979 0.0075802 0.033186
internal_weight=82944 71468 23038 6878 48430 12166 8662 1998 6664 1814 1248 566 65 1054 793 572 184 261 223 40 508 143 102 266 47 501 101 400 323 51
internal_count=82944 71468 23038 6878 48430 12166 8662 1998 6664 1814 1248 566 65 1054 793 572 184 261 223 40 508 143 102 266 47 501 101 400 323 51
is_linear=0
shrinkage=0.05


Tree=109
num_leaves=31
num_cat=0
split_feature=1 5 5 4 6 4 4 4 0 4 4 4 7 3 0 0 0 5 0 5 5 7 3 2 6 12 0 3 5 5
split_gain=1.0355 4.32593 4.39545 8.08898 6.04455 7.41445 5.87384 5.79597 5.76008 3.41285 3.25356 5.24119 8.59146 3.73528 3.36449 3.3181 14.333 7.10523 5.281 5.34876 5.84722 6.92999 4.91772 3.83474 3.82616 3.38687 3.0772 3.66765 5.17561 2.87402
threshold=0.88408258218813507 1.0000000180025095e-35 -0.24472827403648004 1.5155810017442943 -0.50537016327275397 1.4915241604467659 1.202842064876424 1.202842064876424 -0.35922177738879607 1.3712399539591236 0.69764839762832587 -1.0585010170912528 -0.90839521789717692 2.4773401036885629 -0.82279753744332085 -0.31495220029877408 -0.35491878502369684 0.36482234569996347 1.0027703691781986 0.42390874111029014 0.12281920449442395 1.0000000180025095e-35 1.1834378182031049 -0.010311412915610758 0.30811198432835407 -1.0444659357341868 -0.16309116136109869 2.131578920635214 0.24472827403648026 -0.12281920449442368
decision_type=2 2 2 2 2 2 2 2 2 2 2 2 2 2 2 2 2 2 2 2 2 2 2 2 2 2 2 2 2 2
left_child=-1 2 3 7 5 6 -4 -2 -9 -10 11 12 14 -13 -3 16 23 -18 19 20 21 -17 -20 -14 -25 -22 -27 -28 -29 -7
right_child=1 10 4 -5 -6 29 -8 8 9 -11 -12 13 15 -15 -16 18 17 -19 22 -21 25 -23 -24 24 -26 26 27 28 -30 -31
leaf_value=5.5186136967239521e-05 -0.0011110298227726843 -0.028662474934632583 -0.014807291827419748 0.012854538326264249 -0.0018012325390143022 -0.018768836236135525 0.013706154323881493 -0.00087271736727258112 -0.034417184721678498 -0.013245355550822317 0.0016937718335784339 -0.0020940618047126697 0.0088125621229271176 -0.01455730616806015 -0.0074900251894452893 -0.012911107328720393 -0.026195276577187621 -0.0012965358196810003 0.0010774057460199485 -0.00022882874401104693 0.02612990323454142 0.013686567025433761 -0.023349187874959577 -0.00056963390367290511 0.016574229020625355 0.028976489653628645 0.015305215754121058 0.013183648490147399 -0.012652174128743355 -0.043547756910324101
leaf_weight=75570 1095 24 73 91 174 22 24 92 24 92 2046 1980 201 62 86 50 69 49 87 168 50 48 27 464 35 23 115 42 36 25
leaf_count=75570 1095 24 73 91 174 22 24 92 24 92 2046 1980 201 62 86 50 69 49 87 168 50 48 27 464 35 23 115 42 36 25
internal_value=1.79431e-13 -0.000565557 -0.00276793 -0.00155788 -0.00807235 -0.01565 -0.00775242 -0.00256443 -0.0102157 -0.0176257 0.000100368 -0.00080121 0.00136698 -0.00247248 -0.0121095 0.00237955 0.000264191 -0.015856 0.00505813 0.00715084 0.0105568 0.000116325 -0.00470784 0.00298159 0.000632841 0.0144033 0.0116889 0.00962868 0.00125942 -0.0319491
internal_weight=82944 7374 1712 1394 318 144 97 1303 208 116 5662 3616 1574 2042 110 1464 818 118 646 532 364 98 114 700 499 266 216 193 78 47
internal_count=82944 7374 1712 1394 318 144 97 1303 208 116 5662 3616 1574 2042 110 1464 818 118 646 532 364 98 114 700 499 266 216 193 78 47
is_linear=0
shrinkage=0.05


Tree=110
num_leaves=31
num_cat=0
split_feature=3 4 0 0 0 5 4 8 4 7 9 5 5 1 12 9 0 4 9 4 3 0 11 7 8 4 9 11 4 4
split_gain=1.02532 2.92595 3.19391 3.29067 3.39059 2.54563 2.10639 3.26485 2.06216 3.8279 5.39986 3.57155 4.54007 2.83062 2.52357 2.87364 2.81555 2.03473 1.78081 3.96939 3.90307 2.24448 2.45287 2.89534 1.74769 2.29692 2.05343 1.92872 1.70973 1.77913
threshold=-1.4251294324391448 -1.2990694300665375 0.25917124939737912 -0.22982493779196608 -0.3347641806992408 0.80943899875565395 1.3712399539591236 -1.0174668528432229 0.86604628671102535 1.0000000180025095e-35 -1.2514084728909125 -0.061466547291726868 -0.1839442457199755 -2.9962175190977089 -0.6963106238227913 -1.540195043558046 -2.1688816975275453 -0.43302314335551256 -1.540195043558046 -1.1306715409838382 -2.9923803752254439 -0.047246104512997253 0.46605794042707133 1.0000000180025095e-35 1.0000000180025095e-35 -0.36085261946292729 -1.6364572337804242 1.0000000180025095e-35 -0.89010312800855329 -0.57736419114068327
decision_type=2 2 2 2 2 2 2 2 2 2 2 2 2 2 2 2 2 2 2 2 2 2 2 2 2 2 2 2 2 2
left_child=1 2 3 4 -1 6 8 -8 13 10 11 12 -10 -3 15 17 -16 -15 19 -18 -21 22 -20 -24 26 -26 27 -22 -7 -30
right_child=-2 5 -4 -5 -6 28 7 -9 9 -11 -12 -13 -14 14 16 -17 18 -19 21 20 24 -23 23 -25 25 -27 -28 -29 29 -31
leaf_value=0.0016608723961015618 -4.7271260400369035e-05 0.010806034225970507 0.0081891058725320747 -0.0077415295920389539 0.022564955563707786 0.00021530213572158675 0.019368764307000675 0.0021909620862929531 -0.010168185462944408 0.0037483120384289728 -0.0012456479332116541 -0.0011226699715762428 -0.030557567693500057 0.0024544172783327457 0.012017357917059036 0.0014075876785442116 0.010335598388710657 0.018908197785051362 -4.5975520235163372e-05 0.0065458507201148451 -0.0028483408835581355 -0.0035005562662473 0.0020820009380955488 0.023142419765703384 -0.023431448766496034 -0.0062201182377369458 -0.00043815385115643347 -0.01937548345999747 0.013218968247900299 0.0039861129812592154
leaf_weight=164 77351 62 257 85 22 202 32 204 113 192 472 66 36 34 42 867 39 42 1550 46 31 486 47 25 42 36 75 41 69 214
leaf_count=164 77351 62 257 85 22 202 32 204 113 192 472 66 36 34 42 867 39 42 1550 46 31 486 47 25 42 36 75 41 69 214
internal_value=-2.08965e-13 0.00065376 0.0041958 0.00040879 0.0041334 0.000284521 -8.0247e-05 0.00452016 -0.000330177 -0.00249311 -0.00423744 -0.0108055 -0.0150945 0.000218515 2.5619e-05 0.00222479 -0.000817395 0.0115473 -0.00104033 -0.00457872 -0.00672506 -0.00051998 0.00037309 0.00939465 -0.00943822 -0.0154878 -0.00622826 -0.0122596 0.00372913 0.00623723
internal_weight=82944 5593 528 271 186 5065 4580 236 4344 879 687 215 149 3465 3403 943 2460 76 2418 310 271 2108 1622 72 225 78 147 72 485 283
internal_count=82944 5593 528 271 186 5065 4580 236 4344 879 687 215 149 3465 3403 943 2460 76 2418 310 271 2108 1622 72 225 78 147 72 485 283
is_linear=0
shrinkage=0.05


Tree=111
num_leaves=31
num_cat=0
split_feature=9 9 0 5 4 4 8 2 8 4 0 4 4 4 3 0 4 3 7 5 0 8 7 0 0 0 0 0 7 4
split_gain=1.01532 1.66694 3.15484 3.44758 5.60573 7.54187 4.68769 6.74114 4.66962 4.65321 4.59897 3.93214 7.4817 3.74288 3.721 4.0619 3.37175 11.6443 6.26067 7.06176 5.34132 5.35072 5.31233 4.99744 4.69767 5.99449 13.5869 4.68779 4.66645 4.6169
threshold=1.3476706631132906 -0.28878657066713359 1.5712329679093855 0.59600457818367614 0.98633049319866772 -1.4434104778517083 -1.0174668528432229 -1.7726864691750246 -1.7404918888887655 -0.93821681060361073 -1.3779362757385505 -0.50519366724809844 -0.89010312800855329 0.505193667248098 -0.74554202975703132 0.10915855750540752 -1.3471831126615943 -0.67645545759231684 -0.90839521789717692 0.18394424571997578 0.25917124939737912 -1.0174668528432229 1.0000000180025095e-35 -0.89706151121772792 -1.4699380875502279 -0.44052046834700359 -0.94953129001567838 -0.047246104512997253 -0.67395931651126872 -1.5877515256368793
decision_type=2 2 2 2 2 2 2 2 2 2 2 2 2 2 2 2 2 2 2 2 2 2 2 2 2 2 2 2 2 2
left_child=1 2 3 16 5 8 9 -8 -5 -7 -6 12 -9 -13 15 -12 17 20 23 24 21 -1 27 -19 -20 26 -26 28 -21 -29
right_child=-2 -3 -4 4 10 6 7 11 -10 -11 14 13 -14 -15 -16 -17 -18 18 19 22 -22 -23 -24 -25 25 -27 -28 29 -30 -31
leaf_value=-0.016677966336054461 -0.0004960351339803196 0.00028501528831960035 -0.0034571162828013371 0.0092259690297809855 -0.017851534149396407 -0.010385223531576058 0.029375750039305006 -3.722033328034405e-05 -0.0078541685852394124 -0.0011414190696377089 -0.0015863737706240501 -0.0019341834840325717 0.0078844609834603039 0.0027358878453728548 -0.0048783405451560697 0.014272958810734392 -8.3851546275033056e-05 -0.032716227285563948 -0.020150741091107621 -0.0023960823577271382 0.0097651898656193267 0.0038478225644978103 -0.0014381706323653572 -0.0062511748184139529 -0.0043737243447455089 -0.0027598648899770459 0.024289107735135727 0.001134481921326369 0.0090613139645741997 0.030682187164441134
leaf_weight=35 9175 39180 724 44 59 173 21 738 442 639 160 1336 500 632 956 54 25072 20 34 127 518 342 257 165 101 1015 70 20 296 39
leaf_count=35 9175 39180 724 44 59 173 21 738 442 639 160 1336 500 632 956 54 25072 20 34 127 518 342 257 165 101 1015 70 20 296 39
internal_value=5.5061e-14 6.16942e-05 -0.000191268 -0.000121448 -0.00123652 -0.000423192 0.000284886 0.00113934 -0.00630782 -0.00311085 -0.00423109 0.00095439 0.00316217 -0.000434445 -0.00354425 0.00241551 0.000106796 0.00167965 -0.000320025 0.000510278 0.00646994 0.00194225 0.00436743 -0.00911226 -0.00182614 -0.00130082 0.0073596 0.00746295 0.00562139 0.020666
internal_weight=82944 73769 34589 33865 5754 4525 4039 3227 486 812 1229 3206 1238 1968 1170 214 28111 3039 2144 1959 895 377 739 185 1220 1186 171 482 423 59
internal_count=82944 73769 34589 33865 5754 4525 4039 3227 486 812 1229 3206 1238 1968 1170 214 28111 3039 2144 1959 895 377 739 185 1220 1186 171 482 423 59
is_linear=0
shrinkage=0.05


Tree=112
num_leaves=31
num_cat=0
split_feature=4 5 4 9 6 3 0 4 2 3 4 0 3 0 3 2 1 2 1 0 3 5 4 1 9 6 0 9 0 6
split_gain=1.00421 2.30609 2.0742 7.64572 14.5031 10.9843 6.96979 10.111 5.88556 5.95604 5.29848 4.81121 6.3453 4.96133 4.63813 4.37544 3.78379 3.43191 3.25621 3.39357 3.22267 3.37624 3.95703 3.90715 3.21359 6.87406 4.49055 6.98636 5.21001 5.13957
threshold=0.024056841297528397 -1.3068553720381466 0.89010312800855373 -1.3476706631132902 -0.50537016327275397 0.28909942487537615 0.23124972016936643 0.505193667248098 -3.0434776404737893 0.079960483417503267 0.81793260411596835 0.67923969482337487 1.2404972064677837 -0.058527528112206371 -1.5006248065634089 -1.7726864691750246 -0.87430613900041276 -0.34739661291848339 -0.11370891435982798 -0.52048563144016946 0.41325522496238637 -0.75810821674430739 0.74576208022338275 -0.46357384289226006 -0.28878657066713359 -0.50537016327275397 -0.91224084685196039 -1.6364572337804242 -1.0318387362866506 1.1133806251249947
decision_type=2 2 2 2 2 2 2 2 2 2 2 2 2 2 2 2 2 2 2 2 2 2 2 2 2 2 2 2 2 2
left_child=-1 -2 3 4 5 6 16 -8 9 -4 11 12 17 -14 -12 -5 -3 -6 -18 -20 21 -17 -23 -24 25 -10 27 28 -27 -28
right_child=1 2 8 15 10 -7 7 -9 24 -11 14 -13 13 -15 -16 20 18 -19 19 -21 -22 22 23 -25 -26 26 29 -29 -30 -31
leaf_value=-0.00017156851663701093 -0.00081796084931240248 -0.0063165784654756864 -0.0044909715141565418 0.0071153019966631887 0.010719565557251384 -0.0083886599257414103 0.00041179701399344663 0.047058435321031586 0.0010487535079046872 -0.026390415672967966 -0.023704079852398974 -0.00026979113046101408 0.010109906047000551 0.02507824767127876 0.0012944916166209928 0.0010027761218308726 0.0094372551789903714 0.0043168971450935059 0.0018459328004350288 -0.019174787685984657 0.0011707809953226747 -0.0014152251827595991 0.012254652215553255 0.0010797667224880217 0.00067586130592944349 0.0062574344374782724 -0.0038982667809295069 -0.00012699328060636564 0.031501169439645545 -0.00030781272091056651
leaf_weight=42050 5103 128 193 232 339 356 26 21 3363 37 23 173 139 92 96 3218 148 547 224 21 5505 6000 87 775 9240 60 2541 536 31 1640
leaf_count=42050 5103 128 193 232 339 356 26 21 3363 37 23 173 139 92 96 3218 148 547 224 21 5505 6000 87 775 9240 60 2541 536 31 1640
internal_value=7.29781e-13 0.000176418 0.000318195 0.000693454 0.00336551 -0.00150262 0.00281328 0.0212539 -6.78919e-05 -0.00801393 0.00655795 0.00748921 0.00869091 0.0160713 -0.00353717 0.000299327 0.00114973 0.00676668 0.00358151 4.41568e-05 0.000197864 -0.000333477 -0.000960125 0.00220763 3.70755e-05 -0.000685282 -0.00189817 0.00204771 0.0148569 -0.00248991
internal_weight=82944 40894 35791 18150 2333 924 568 47 17641 230 1409 1290 1117 231 119 15817 521 886 393 245 15585 10080 6862 862 17411 8171 4808 627 91 4181
internal_count=82944 40894 35791 18150 2333 924 568 47 17641 230 1409 1290 1117 231 119 15817 521 886 393 245 15585 10080 6862 862 17411 8171 4808 627 91 4181
is_linear=0
shrinkage=0.05


Tree=113
num_leaves=31
num_cat=0
split_feature=3 4 5 4 2 4 6 9 9 5 8 4 0 0 1 5 4 5 8 0 5 8 0 4 1 3 7 0 0 0
split_gain=0.98152 2.28469 4.56052 2.0979 1.53629 1.18843 2.85349 5.33499 5.20087 5.99737 12.8069 11.1714 14.3268 12.2991 8.80945 13.6764 8.69122 7.93967 9.9993 7.35803 11.0957 9.65079 8.92721 8.75014 7.01202 6.88799 10.7251 6.81841 5.55889 5.53139
threshold=-1.8143488958195075 1.4193536365541803 -0.65128935879477201 -1.5636946843393509 -0.28658572949553845 -0.8660462867110249 -0.91243033262339701 -0.19252438044475575 -0.96262190222377886 0.12281920449442395 1.0000000180025095e-35 -1.6118083669344079 0.85581719238651865 -0.22982493779196608 0.67356870962452831 0.24472827403648026 -1.0585010170912528 -0.1839442457199755 0.74090168677562918 -0.30211222621632566 0.24472827403648026 0.74090168677562918 0.97750524825098195 -1.2990694300665375 -0.34118453261801401 2.7411778454774844 0.50473852548845832 -0.3241679404903749 -0.37105102329581641 -0.16309116136109869
decision_type=2 2 2 2 2 2 2 2 2 2 2 2 2 2 2 2 2 2 2 2 2 2 2 2 2 2 2 2 2 2
left_child=1 3 -3 4 -1 6 7 -2 9 10 11 12 -8 -13 15 25 19 -12 28 20 23 -22 -21 -16 -15 26 29 -20 -19 -11
right_child=5 2 -4 -5 -6 -7 8 -9 -10 14 17 13 -14 24 16 -17 -18 18 27 22 21 -23 -24 -25 -26 -27 -28 -29 -30 -31
leaf_value=0.0030492954902001657 -0.0036680703387379169 -0.0024462099785159809 0.021741950938380078 0.00048630275282238292 0.020705677602778784 7.7825945835603531e-05 -0.001500651213961343 8.0534489880442172e-05 -0.00053435432935338507 0.026905751667128733 -0.00081126714243189848 0.0035800983109859595 0.031318636375679332 -0.0051435960538142311 -0.020712579488556121 0.0007154385789161573 -0.0086872294194108701 0.025130413240345009 -0.0036664902509920662 0.012744655304431446 -0.0015104893673423183 0.016687369756049144 -0.0033870714606219453 0.011130454017048968 -0.016136628298297314 0.0028026450022652343 0.0052630077557344196 0.015680109079306323 0.0098116701648545621 0.05284129456233453
leaf_weight=28 1714 40 38 2833 22 60083 120 2127 12741 52 466 214 46 301 94 149 160 89 189 329 233 106 116 28 280 37 38 60 177 34
leaf_count=28 1714 40 38 2833 22 60083 120 2127 12741 52 466 214 46 301 94 149 160 89 189 329 233 106 116 28 280 37 38 60 177 34
internal_value=-5.24144e-13 0.000893937 0.00933777 0.000665488 0.0108181 -3.30939e-05 -0.000367988 -0.00159224 -7.5172e-05 0.00168807 -0.000101285 -0.0042037 0.00759385 -0.00666709 0.00421346 0.0116322 0.00205602 0.00391749 0.00819633 0.00395329 -0.00047378 0.0041797 0.00853953 -0.0134043 -0.0104414 0.0217354 0.0273847 0.000995341 0.0149371 0.0371593
internal_weight=82944 2961 78 2883 50 79983 19900 3841 16059 3318 1942 961 166 795 1376 310 1066 981 515 906 461 339 445 122 581 161 124 249 266 86
internal_count=82944 2961 78 2883 50 79983 19900 3841 16059 3318 1942 961 166 795 1376 310 1066 981 515 906 461 339 445 122 581 161 124 249 266 86
is_linear=0
shrinkage=0.05


Tree=114
num_leaves=31
num_cat=0
split_feature=7 4 9 0 2 3 2 9 2 4 4 1 3 10 0 0 9 3 4 9 1 3 4 1 9 4 3 4 1 4
split_gain=0.941471 1.77617 1.75393 1.87993 1.60127 1.35178 1.29265 1.11862 2.2017 3.03828 2.80532 1.68195 1.36118 1.92519 1.97189 2.45799 3.03509 2.86093 1.8014 6.29023 2.37737 3.51099 2.2847 1.97732 1.47745 7.17489 2.18972 5.01563 1.92503 1.76745
threshold=1.7010387896728181 -1.5396378430418223 -0.096262190222377877 0.9698976890882377 -0.91849228898827007 1.9121305399912412 2.4244984565464338 0.2887865706671337 0.96813542048376144 -0.36085261946292729 -0.52925050854562683 -0.31315582628017707 -0.3248508115081003 1.0000000180025095e-35 1.5712329679093855 0.39847570416540162 -1.540195043558046 -1.2136867630284602 0.024056841297528397 -1.4439328533356683 -0.96580435817842514 0.6389657603626987 -0.74576208022338231 -0.42383645322975527 -1.4439328533356683 1.299069430066538 1.1834378182031049 1.4674673191492373 -0.62194120573029832 0.96227365190113923
decision_type=2 2 2 2 2 2 2 2 2 2 2 2 2 2 2 2 2 2 2 2 2 2 2 2 2 2 2 2 2 2
left_child=-1 2 3 -2 5 -3 7 12 11 10 -10 -9 13 14 15 17 -17 -6 19 22 21 -20 -14 -21 25 28 -26 29 -22 -28
right_child=1 4 -4 -5 6 -7 -8 8 9 -11 -12 -13 18 -15 -16 16 -18 -19 20 23 24 -23 -24 -25 26 -27 27 -29 -30 -31
leaf_value=-5.5904983416985912e-05 0.0082517625054433236 0.0028049934087400114 0.00034003444160596942 -0.0075301554907734203 -0.022115056924521925 0.014309548431386552 0.0096944448026509856 0.004611426293073843 0.0047142015539066058 0.0020892423244529509 0.025650581339141356 0.00043338374690430503 0.011752956696935664 -0.0031283133876757138 -0.0026134921919235598 0.01641602520727449 0.0030619386185149759 0.00095143329533861902 0.00020951854123268276 0.0012279070902218206 0.014187629112543967 -0.022341219468840531 -0.00057256318205112569 -0.0046700602807222304 0.00044827088573847938 -0.021835901253152549 0.0068571674584780098 0.02241783819014305 -0.00084179863738196008 -0.0027898372344531898
leaf_weight=74715 21 470 242 186 20 27 38 264 32 144 32 2751 98 211 184 45 781 41 45 171 26 28 61 841 1081 41 106 38 118 86
leaf_count=74715 21 470 242 186 20 27 38 264 32 144 32 2751 98 211 184 45 781 41 45 171 26 28 61 841 1081 41 106 38 118 86
internal_value=1.37436e-12 0.000507588 -0.00255019 -0.00592909 0.000684058 0.00342999 0.000496673 0.000448431 0.00114247 0.0061179 0.0151824 0.000799222 -0.000107732 0.00123701 0.00209703 0.00307419 0.00378946 -0.00661135 -0.000736914 -0.00222091 0.000370644 -0.00844008 0.0070243 -0.00367347 0.000800579 -0.0033823 0.00139084 0.00582092 0.00187185 0.00253611
internal_weight=82944 8229 449 207 7780 497 7283 7245 3223 208 64 3015 4022 1282 1071 887 826 61 2740 1171 1569 73 159 1012 1496 185 1311 230 144 192
internal_count=82944 8229 449 207 7780 497 7283 7245 3223 208 64 3015 4022 1282 1071 887 826 61 2740 1171 1569 73 159 1012 1496 185 1311 230 144 192
is_linear=0
shrinkage=0.05


Tree=115
num_leaves=31
num_cat=0
split_feature=0 5 4 5 0 0 9 4 9 0 4 4 7 0 0 4 4 0 4 0 4 4 0 4 5 4 1 2 0 2
split_gain=0.921774 3.76401 5.13926 1.99614 0.99371 2.35932 6.05357 4.44084 2.34394 5.67032 5.65759 4.86925 4.63853 7.68026 8.2965 3.46838 7.03738 3.34331 4.31497 3.05171 3.64395 4.19877 3.39784 6.06719 12.1878 2.93513 4.36114 2.64628 4.20274 2.60676
threshold=-2.1688816975275453 0.12281920449442395 1.3952967952566522 0.36482234569996347 0.25917124939737912 0.36785701311804436 -1.3476706631132902 0.505193667248098 -1.2514084728909125 0.4853756574772467 1.154728382281367 -0.40896630205798362 1.7010387896728181 0.64096024593388712 0.59421054651109662 -1.5396378430418223 -1.2750125887690089 1.0027703691781986 -0.89010312800855329 0.85581719238651865 0.69764839762832587 0.55330734984315499 1.0925701778510748 -0.9141599693060819 -0.061466547291726868 -1.3471831126615943 1.0371510767598477 -2.0149809674479697 0.60971135057985326 -0.18057151410551953
decision_type=2 2 2 2 2 2 2 2 2 2 2 2 2 2 2 2 2 2 2 2 2 2 2 2 2 2 2 2 2 2
left_child=1 2 -1 -3 -2 6 7 -6 9 10 11 -7 13 14 -11 -15 -17 18 -14 20 21 -18 23 -21 -25 26 -19 28 -10 -22
right_child=4 3 -4 -5 5 8 -8 -9 27 12 -12 -13 17 15 -16 16 19 25 -20 22 29 -23 -24 24 -26 -27 -28 -29 -30 -31
leaf_value=0.015342505172324853 -0.00014173959380771488 -0.0075483163895344804 -0.011111298025302266 0.002306480357798805 0.0023567308504612019 -0.021591679441917224 0.0012069112263089394 0.025291833040587932 -0.015518034573482432 -0.0029025458015880926 -0.02670741133937022 0.0014053365772181256 0.0107874650700805 0.014118479915140642 0.016967434848409665 -0.031053127045743169 -0.011700770193419885 -0.00058373299294284416 0.0012351385217338256 -0.011357781216382791 -0.012800111775074834 0.0082310980103082135 -0.0056561700729760786 -0.0016744459668795271 0.041378530621528631 0.000508681090999447 -0.025084876583423468 0.00015253702251443935 0.0067668884318691476 -0.032590826628729704
leaf_weight=91 52580 79 23 147 39 32 2576 46 23 135 41 82 168 21 86 28 64 42 399 39 99 45 297 48 25 196 32 25177 264 20
leaf_count=91 52580 79 23 147 39 32 2576 46 23 135 41 82 168 21 86 28 64 42 399 39 99 45 297 48 25 196 32 25177 264 20
internal_value=1.0411e-12 0.00259807 0.0100053 -0.00113834 -1.06937e-05 0.000218802 0.00164011 0.0147687 8.05827e-05 -0.001614 -0.0107787 -0.00504997 -0.000799475 -0.00327659 0.00482966 -0.00588808 -0.00651987 0.00188481 0.00406546 -0.00544148 -0.0100767 -0.00347202 -0.00285757 0.00456372 0.0130697 -0.00269456 -0.0111788 0.000206958 0.00498099 -0.0161263
internal_weight=82944 340 114 226 82604 30024 2661 85 27363 1899 155 114 1744 907 221 686 665 837 567 637 228 109 409 112 73 270 74 25464 287 119
internal_count=82944 340 114 226 82604 30024 2661 85 27363 1899 155 114 1744 907 221 686 665 837 567 637 228 109 409 112 73 270 74 25464 287 119
is_linear=0
shrinkage=0.05


Tree=116
num_leaves=31
num_cat=0
split_feature=5 5 12 4 5 4 3 4 1 1 4 4 4 12 5 7 6 5 6 1 4 4 1 0 0 6 5 4 5 11
split_gain=0.889551 2.82203 6.1539 10.8024 3.61984 4.82744 3.47191 4.38374 3.63489 2.85878 2.9771 3.74556 2.78214 16.0683 7.88209 4.9686 4.09219 3.7829 2.52621 2.33987 2.22864 3.0679 2.22799 3.9826 2.88965 2.17323 7.59927 5.76266 3.77852 12.0436
threshold=-0.1839442457199755 -0.42390874111029003 1.0444659357341872 1.4434104778517087 -0.36482234569996336 1.6118083669344083 0.1411703153707897 -1.5155810017442939 3.1649699101037929 -0.66170607662212011 -1.5636946843393509 -1.0825578583887812 -1.2268989061739519 -1.0444659357341868 -0.36482234569996336 0.50473852548845832 1.0000000180025095e-35 -0.30505838731795659 1.7077461606570974 -0.83046383672559221 -1.3471831126615943 -1.5877515256368793 0.11805067087581249 0.59421054651109662 0.33743162432725143 -1.0580783826696147 -0.12281920449442368 -0.93821681060361073 1.0000000180025095e-35 1.0000000180025095e-35
decision_type=2 2 2 2 2 2 2 2 2 2 2 2 2 2 2 2 2 2 2 2 2 2 2 2 2 2 2 2 2 2
left_child=1 -1 6 9 -5 -6 7 19 12 10 -4 -12 13 14 -9 16 17 -15 22 -3 21 -11 23 -8 -24 26 27 -2 29 -28
right_child=25 2 3 4 5 -7 18 8 -10 20 11 -13 -14 15 -16 -17 -18 -19 -20 -21 -22 -23 24 -25 -26 -27 28 -29 -30 -31
leaf_value=-1.7504377655600901e-05 -0.0075778424956037529 -0.0038750063061756507 0.022144939395643416 0.0034178167520819802 0.03959827555227094 0.0095671870583749347 0.0020386629099793311 -0.010407022313613977 -0.019165860789437449 0.0018194360239431264 -0.0054768937510671096 0.0058452971854609723 -0.0014999200494888619 0.0047563896812498575 0.026964157475375162 -0.0025071871949772003 -0.027749070869241322 -0.021201833822124174 0.0060801686165300574 0.0094909181490947965 -0.00084133321375371795 -0.024695865266645949 -0.015583496465858885 -0.014101576631921426 -0.004268359267734923 0.00026683591962505112 0.0066165713218884169 0.018653776445313838 -0.00086052920060768342 -0.016360742776205056
leaf_weight=33295 28 44 21 23 32 23 116 21 31 20 100 271 2781 25 43 61 72 32 37 128 440 24 133 57 98 40463 94 83 4203 145
leaf_count=33295 28 44 21 23 32 23 116 21 31 20 100 271 2781 25 43 61 72 32 37 128 440 24 133 57 98 40463 94 83 4203 145
internal_value=1.1809e-12 -0.000178388 -0.00133458 0.00224395 0.0200744 0.0270398 -0.00226253 -0.00169567 -0.00213142 0.000656314 0.00383018 0.00279349 -0.00195743 -0.00696657 0.0147017 -0.0142654 -0.0198254 -0.00981665 -0.00642459 0.00607173 -0.00191425 -0.0126435 -0.00756982 -0.00327922 -0.0107831 0.0001503 -0.000885366 0.0120368 -0.00120827 -0.00732364
internal_weight=82944 37928 4633 954 78 55 3679 3238 3066 876 392 371 3035 254 64 190 129 57 441 172 484 44 404 173 231 45016 4553 111 4442 239
internal_count=82944 37928 4633 954 78 55 3679 3238 3066 876 392 371 3035 254 64 190 129 57 441 172 484 44 404 173 231 45016 4553 111 4442 239
is_linear=0
shrinkage=0.05


Tree=117
num_leaves=31
num_cat=0
split_feature=3 4 5 4 2 2 4 5 1 5 4 0 2 0 0 5 2 1 5 0 0 5 9 5 9 5 4 4 5 0
split_gain=0.920347 2.0131 4.28772 1.88401 1.38413 1.16336 2.65508 4.5629 4.11246 2.56345 2.03495 3.33023 4.14276 1.69371 1.97035 2.43273 2.33446 2.44762 2.33229 2.30611 1.69008 1.52938 1.50371 1.50072 1.2676 1.18147 2.19927 2.43362 1.6938 1.20495
threshold=-1.8143488958195075 1.4193536365541803 -0.30505838731795659 -1.5636946843393509 -0.28658572949553845 0.64897022735425491 1.154728382281367 -0.12281920449442368 -0.48994157816819039 1.0000000180025095e-35 0.84198944541349674 -0.67056263840463093 -0.96221201328503947 -0.22982493779196608 -0.55626609416445294 -0.59600457818367603 -2.1687760795408226 -1.4233941785621556 -0.36482234569996336 -0.57344809070054137 0.60971135057985326 -0.12281920449442368 -1.4439328533356683 -0.24472827403648004 -1.0588840924461567 -0.1839442457199755 -1.1306715409838382 -0.60142103243821221 -0.061466547291726868 0.17397892490983966
decision_type=2 2 2 2 2 2 2 2 2 2 2 2 2 2 2 2 2 2 2 2 2 2 2 2 2 2 2 2 2 2
left_child=1 3 -3 4 -1 10 7 8 -7 -9 13 12 -12 14 19 -16 18 -18 -17 -5 24 23 -22 -13 25 26 -15 29 -27 -28
right_child=-2 2 -4 5 -6 6 -8 9 -10 -11 11 21 -14 20 15 16 17 -19 -20 -21 22 -23 -24 -25 -26 28 27 -29 -30 -31
leaf_value=0.00289830747117646 -3.2045989476664594e-05 0.00097643573902098958 0.026376103501146039 0.0015524428527245013 0.019657520645044068 0.020394407736201742 0.013797796396133695 -0.018305681197557086 -0.0019061877837682714 -0.0048731011963393696 -0.021687024102588607 -6.4025544428893607e-05 -0.0016263444250193236 -0.024037150219082832 -0.00021587665543012081 0.0091979439539665534 0.017260306093285417 0.0064538459937022886 -0.009085256850497948 -0.012279223310460727 0.014396329288897308 0.010063923796572324 0.00087875180991175473 -0.014205186627805233 0.00092372831807119185 0.0049955865304747767 0.0093409971989415318 -0.013043400983918797 -0.012553331442177296 -0.0068512476817704747
leaf_weight=28 79983 54 24 1080 22 29 23 51 72 117 44 303 62 20 148 33 77 164 37 31 23 35 195 20 103 44 27 55 20 20
leaf_count=28 79983 54 24 1080 22 29 23 51 72 117 44 303 62 20 148 33 77 164 37 31 23 35 195 20 103 44 27 55 20 20
internal_value=5.18879e-13 0.000865631 0.00879172 0.00065119 0.0102724 0.000481385 -0.00250754 -0.00390167 0.00449695 -0.00895085 0.000824858 -0.00216881 -0.00995342 0.00149364 0.00230502 0.00506079 0.00757187 0.00990653 -0.000466034 0.0011665 -0.00101892 0.000136128 0.00230492 -0.000939639 -0.00352618 -0.00599037 -0.00887662 -0.00590397 -0.00048845 0.00245068
internal_weight=82944 2961 78 2883 50 2833 292 269 101 168 2541 464 106 2077 1570 459 311 241 70 1111 507 358 218 323 289 186 122 102 64 47
internal_count=82944 2961 78 2883 50 2833 292 269 101 168 2541 464 106 2077 1570 459 311 241 70 1111 507 358 218 323 289 186 122 102 64 47
is_linear=0
shrinkage=0.05


Tree=118
num_leaves=31
num_cat=0
split_feature=0 2 0 9 8 5 3 9 11 1 1 1 2 8 2 6 3 3 11 8 8 1 9 0 10 9 0 9 1 0
split_gain=0.900966 1.93769 1.6886 7.21505 6.2912 5.36373 6.06158 4.71075 7.67203 3.59636 2.83973 2.70516 2.45513 2.72557 2.04659 2.91181 2.03413 2.00882 1.99317 4.60298 4.20938 4.07116 4.83659 5.16486 4.06287 3.84478 5.85928 3.47617 6.49466 6.12215
threshold=-1.6884035592855893 2.0221389452373439 -1.4257507750069001 -1.540195043558046 0.37100531152820115 0.061466547291727118 -1.8857123515670644 -1.2514084728909125 1.0000000180025095e-35 -1.5111271317232526 -0.57926091767644572 -0.44735167776607115 0.22826312159435944 0.37100531152820115 -0.96221201328503947 -0.89145085320788475 0.10323383251121666 1.5230233868243854 -0.76213734878520889 -1.7404918888887655 -1.7404918888887655 -2.9962175190977089 0.57757314133426751 -0.52048563144016946 1.0000000180025095e-35 -1.3476706631132902 -0.50135828158474549 -1.540195043558046 0.3894579660120166 -0.91224084685196039
decision_type=2 2 2 2 2 2 2 2 2 2 2 2 2 2 2 2 2 2 2 2 2 2 2 2 2 2 2 2 2 2
left_child=1 -1 3 4 5 6 -2 12 9 -9 -6 -10 17 -14 -8 -16 -7 -5 19 21 -20 -4 23 -23 -25 -26 -27 28 -22 -30
right_child=2 -3 18 7 10 16 14 8 11 -11 -12 -13 13 -15 15 -17 -18 -19 20 -21 27 22 -24 24 25 26 -28 -29 29 -31
leaf_value=0.00070220234595553025 0.0011058944547849318 0.0088691338673234001 0.01592384507569174 0.0041285407866916042 0.009675698393127985 -0.0089841656298154885 -0.015970706441724786 0.013634828761457763 -0.020413583872349202 -0.00048185714204656031 -0.0046128846461762178 -0.006828041907338391 0.015822195775052977 -0.0029840564588084818 -0.037515104152927442 -0.016224156864560569 0.01329643111443147 -0.010456202294746484 0.0015085530272981912 -0.00013300146820941354 0.0032800975779100311 -0.0016108633401691571 -0.00051004201512969073 0.0062503478357878832 -0.020414260260008303 0.0017286816536841436 -0.010980532555557912 -7.3411687444765574e-05 0.0058406346483538167 -0.0042517392545892282
leaf_weight=2297 31 75 30 188 45 21 49 47 56 1126 153 106 84 25 42 26 20 27 5350 21696 2002 594 1311 45 69 121 362 46096 195 655
leaf_count=2297 31 75 30 188 45 21 49 47 56 1126 153 106 84 25 42 26 20 27 5350 21696 2002 594 1311 45 69 121 362 46096 195 655
internal_value=5.8517e-13 0.000960432 -2.82746e-05 -0.00144634 -0.00759392 -0.014119 -0.0185523 -1.22701e-05 -0.00132484 8.37731e-05 -0.00136548 -0.0115243 0.00539602 0.0115088 -0.0237609 -0.0293744 0.00188442 0.00229697 8.67306e-06 -0.000368437 0.000176941 -0.00238582 -0.00260536 -0.0049118 -0.00819615 -0.00937385 -0.00779665 3.13967e-05 0.00172538 -0.00193643
internal_weight=82944 2372 80572 2046 387 189 148 1659 1335 1173 198 162 324 109 117 68 41 215 78526 24228 54298 2532 2502 1191 597 552 483 48948 2852 850
internal_count=82944 2372 80572 2046 387 189 148 1659 1335 1173 198 162 324 109 117 68 41 215 78526 24228 54298 2532 2502 1191 597 552 483 48948 2852 850
is_linear=0
shrinkage=0.05


Tree=119
num_leaves=31
num_cat=0
split_feature=9 9 2 12 1 2 4 2 2 4 4 3 0 0 3 10 6 0 9 4 4 0 0 8 5 9 4 2 4 3
split_gain=0.886363 1.6189 2.65662 2.45011 2.46512 2.32252 2.28074 2.27534 2.22903 3.72192 3.52646 2.16119 2.04351 3.70315 5.15002 3.10262 6.09445 6.0672 5.51295 4.39751 5.67482 3.44588 2.93583 4.9838 3.50421 3.14831 3.10903 3.02654 2.9316 2.86364
threshold=1.2514084728909129 0.096262190222377905 -1.2069947265804768 0.69631062382279152 -0.33348422088253987 -0.010311412915610758 0.21651157167775623 -0.24049477992859056 0.99493369610194649 -0.36085261946292729 -0.52925050854562683 -1.119698752202533 -0.55302738326259016 -0.55626609416445294 3.1493595272315917 1.0000000180025095e-35 -0.89145085320788475 -0.22138998051086597 -1.3476706631132902 -0.52925050854562683 0.28868209557034169 -0.080264722505050776 -0.37105102329581641 0.37100531152820115 -0.1839442457199755 -1.3476706631132902 -0.52925050854562683 -0.851259769351704 0.16839788908269929 -0.86073685177633352
decision_type=2 2 2 2 2 2 2 2 2 2 2 2 2 2 2 2 2 2 2 2 2 2 2 2 2 2 2 2 2 2
left_child=1 12 -3 4 5 6 -4 11 -6 10 -10 -5 13 -1 -15 -14 17 18 19 -17 28 -19 25 24 -24 -18 -26 -28 -21 -25
right_child=-2 2 3 7 8 -7 -8 -9 9 -11 -12 -13 15 14 -16 16 22 21 -20 20 -22 -23 23 29 26 -27 27 -29 -30 -31
leaf_value=0.00019361334410996275 -0.00040789076043227585 0.0076378917410504085 0.00098058779882614715 0.0036272957078585522 0.00033801105841077094 -0.0029188456513052482 0.0043393372235644044 9.0225923992963628e-05 0.0060069949516416629 -6.4243767930227994e-05 0.023990840127225965 -0.0023060239956897437 -0.00016427700566968339 0.0037379662602821865 0.026368928018824331 0.0060930045410281138 0.011688751872788998 -0.022889385281751554 -0.0012066561210191077 -0.01604497774432485 0.00072614958432192607 -0.005135389504044555 -0.0032981671617072664 0.00061841873028906915 -0.0028961324296036626 0.00094875452813037808 0.011304827557760293 0.0012770616347477564 -0.03898370090251168 -0.0080492164407445672
leaf_weight=17919 11476 125 978 167 16486 201 1046 6242 184 280 32 1895 21343 246 28 21 80 75 403 26 24 43 809 126 458 464 80 1266 30 391
leaf_count=17919 11476 125 978 167 16486 201 1046 6242 184 280 32 1895 21343 246 28 21 80 75 403 26 24 43 809 126 458 464 80 1266 30 391
internal_value=-1.96054e-12 6.54972e-05 0.000365194 0.000332149 0.000642408 0.00220731 0.00271638 -0.000385473 0.000437372 0.00373993 0.00867127 -0.00182549 -0.000123461 0.000281824 0.00605062 -0.000411045 -0.00163701 -0.006214 -0.00382457 -0.0142703 -0.0196157 -0.0164197 -0.000862139 -0.00145138 -0.000563911 0.00252817 0.00066226 0.00187307 -0.0283336 -0.00593679
internal_weight=82944 71468 27636 27511 19207 2225 2024 8304 16982 496 216 2062 43832 18193 274 25639 4296 622 504 101 80 118 3674 3130 2613 544 1804 1346 56 517
internal_count=82944 71468 27636 27511 19207 2225 2024 8304 16982 496 216 2062 43832 18193 274 25639 4296 622 504 101 80 118 3674 3130 2613 544 1804 1346 56 517
is_linear=0
shrinkage=0.05


Tree=120
num_leaves=31
num_cat=0
split_feature=1 5 5 4 6 4 4 4 0 4 4 7 3 0 0 5 0 1 3 5 7 2 4 6 4 0 0 0 5 7
split_gain=0.87183 3.60794 3.99397 7.06319 5.37765 6.93744 5.05387 4.97813 4.78913 3.06163 4.40795 6.46751 3.13056 3.1215 12.0581 6.02897 4.35432 4.28388 4.26552 3.93915 5.72846 3.67839 3.61792 3.33895 3.0336 2.86494 2.72608 8.24799 3.24184 4.21536
threshold=0.88408258218813507 1.0000000180025095e-35 -0.24472827403648004 1.5155810017442943 -0.50537016327275397 1.4915241604467659 1.202842064876424 1.202842064876424 -0.35922177738879607 0.69764839762832587 -1.0344441757937244 -0.90839521789717692 2.4773401036885629 -0.31495220029877408 -0.35491878502369684 0.36482234569996347 1.0027703691781986 4.6063944505209724 1.1834378182031049 0.12281920449442395 1.0000000180025095e-35 0.033414824918776578 -1.6118083669344079 0.30811198432835407 1.3712399539591236 -0.82279753744332085 -1.3216952615942394 -1.4699380875502279 0.12281920449442395 -0.17427846833443938
decision_type=2 2 2 2 2 2 2 2 2 2 2 2 2 2 2 2 2 2 2 2 2 2 2 2 2 2 2 2 2 2
left_child=-1 2 3 6 5 7 -2 -4 -8 10 11 25 -12 14 21 -16 17 19 -18 20 -15 -13 -21 26 -10 -3 27 -23 -28 -30
right_child=1 9 4 -5 -6 -7 8 -9 24 -11 12 13 -14 16 15 -17 18 -19 -20 22 -22 23 -24 -25 -26 -27 28 -29 29 -31
leaf_value=5.0637283934766808e-05 -0.00096019095727632113 -0.025737874826882036 -0.013589462631522385 0.012090808146883949 -0.0016715630724351725 -0.030500122785885282 -0.00094281792281316994 0.012660102576289016 -0.032049729570280759 0.0016349079752358581 -0.0019988107341928764 0.0081569206636522892 -0.013502002145988165 -0.011706384471800252 -0.024296224815433549 -0.0017508235428697215 0.0012948262879903291 -0.0019490744353000387 -0.020847659747533758 0.0022600383820371279 0.01235943708306877 -0.002989365052952267 0.014296042376537072 0.015079415230305003 -0.012088908694947706 -0.0062488795014690951 0.010754641461878635 0.028858224221440999 -0.01386566020744133 -0.001100687576662062
leaf_weight=75570 1095 24 73 91 174 47 92 24 24 2046 1946 203 61 51 69 52 87 120 29 83 48 68 252 35 92 88 39 29 88 244
leaf_count=75570 1095 24 73 91 174 47 92 24 24 2046 1946 203 61 51 69 52 87 120 29 83 48 68 252 35 92 88 39 29 88 244
internal_value=7.27068e-13 -0.000518939 -0.00253026 -0.0013768 -0.00758662 -0.014734 -0.00231736 -0.00709472 -0.00946208 8.92166e-05 -0.000785364 0.00116434 -0.00234843 0.00203142 -2.3641e-05 -0.0146073 0.00456805 0.0064125 -0.0042408 0.00872445 -3.81074e-05 0.00247582 0.011314 0.000183054 -0.0162187 -0.0104251 -0.00093099 0.00653208 -0.00288225 -0.00448417
internal_weight=82944 7374 1712 1394 318 144 1303 97 208 5662 3616 1609 2007 1497 827 121 670 554 116 434 99 706 335 503 116 112 468 97 371 332
internal_count=82944 7374 1712 1394 318 144 1303 97 208 5662 3616 1609 2007 1497 827 121 670 554 116 434 99 706 335 503 116 112 468 97 371 332
is_linear=0
shrinkage=0.05


Tree=121
num_leaves=31
num_cat=0
split_feature=2 1 1 1 3 4 4 5 5 6 1 0 5 9 1 5 3 4 2 8 2 3 4 8 0 2 12 3 4 3
split_gain=0.839598 2.92436 2.86428 3.30385 2.69542 5.49325 3.01486 2.94743 2.61553 2.58563 2.32617 2.22542 1.95944 1.91459 1.87107 3.01949 6.66064 6.48284 5.13376 4.32742 4.06601 4.84081 3.98278 4.36811 4.16043 3.54936 5.32034 3.34315 3.19622 4.60177
threshold=2.4244984565464338 3.9834252005800086 0.57050791468766338 0.78864774111986746 3.7333394414554397 -1.0825578583887812 0.60142103243821199 0.12281920449442395 0.48220716928829882 1.1133806251249947 0.060045127802424873 0.5563870436493944 0.24472827403648026 -1.1551462826685344 0.88408258218813507 0.18394424571997578 3.7333394414554397 1.2509557474714812 0.96813542048376144 -0.27754979391328816 1.1361628307712628 0.30550110478203146 1.1787852235788956 1.0000000180025095e-35 -0.09986454742668556 2.0221389452373439 -1.0444659357341868 1.7552496320068203 -0.96227365190113912 -0.54309525856319818
decision_type=2 2 2 2 2 2 2 2 2 2 2 2 2 2 2 2 2 2 2 2 2 2 2 2 2 2 2 2 2 2
left_child=14 2 10 -4 5 -5 -7 -6 9 -8 13 -11 -9 -2 -1 16 17 19 -18 27 21 -19 23 24 -17 -21 -27 -16 -26 -30
right_child=1 -3 3 4 7 6 8 12 -10 11 -12 -13 -14 -15 15 22 18 20 -20 25 -22 -23 -24 -25 28 26 -28 -29 29 -31
leaf_value=4.5430140819160068e-05 0.0076560601201381973 -0.0024964877412407605 0.014732378671999228 0.0130438567193778 -0.022436666772479102 -0.0028280062672194836 0.0061824725318627895 0.0092697844661485691 -0.0094157971332178413 -0.018225147273568883 -0.0099812017418260349 0.003147226665169001 -0.011264912651053498 -0.0047394566232634881 -0.0039650503291610495 -0.0011655160243349138 0.024922993612021972 -0.0069725951602738192 -0.0023368726777393493 0.00053095902479700138 -0.0034215259130795637 -0.022651007826001768 0.0034303958951864468 -0.0021411954952945704 0.010906096322578378 -0.018017846191651189 0.005227527564275079 -0.015876277502846075 0.015997342241681974 3.1491845871450527e-05
leaf_weight=75282 59 415 61 128 21 237 431 26 34 21 76 29 21 66 324 568 39 117 31 1268 193 85 688 2031 160 64 40 72 53 304
leaf_count=75282 59 415 61 128 21 237 431 26 34 21 76 29 21 66 324 568 39 117 31 1268 193 85 688 2031 160 64 40 72 53 304
internal_value=-4.51159e-13 0.00112534 0.00236753 0.0034533 0.00272754 0.00346867 0.00183885 -0.00686351 0.0039865 0.00493386 -0.00308292 -0.00582917 9.4707e-05 0.00111123 -2.24876e-05 -0.000869429 -0.00232892 -0.00282017 0.0128508 -0.00152633 -0.00861135 -0.0135699 -1.26868e-05 -0.000772905 0.00178838 -0.000197365 -0.00907732 -0.00613073 0.00503367 0.00240177
internal_weight=82944 1625 1210 1009 948 880 752 68 515 481 201 50 47 125 81319 6037 2233 2163 70 1768 395 202 3804 3116 1085 1372 104 396 517 357
internal_count=82944 1625 1210 1009 948 880 752 68 515 481 201 50 47 125 81319 6037 2233 2163 70 1768 395 202 3804 3116 1085 1372 104 396 517 357
is_linear=0
shrinkage=0.05


Tree=122
num_leaves=31
num_cat=0
split_feature=9 0 2 0 1 0 9 7 9 6 1 1 0 1 3 0 9 1 5 2 2 11 2 5 5 3 2 9 9 0
split_gain=0.820522 1.36381 4.06214 6.60475 3.45711 2.36083 4.63701 2.91325 3.04728 2.2856 2.26499 2.87804 2.22885 2.14806 2.97623 2.06268 2.02321 1.97025 2.23162 2.0264 1.92459 1.84687 1.82237 2.76711 1.87095 2.06772 1.81902 2.11659 5.4388 4.43194
threshold=1.3476706631132906 0.84539662698042128 1.6551730087012897 0.98656598555614383 1.0371510767598477 0.64096024593388712 -1.540195043558046 1.7010387896728181 -1.1551462826685344 1.7077461606570974 0.71784740959440807 -0.48018722520792417 1.0979004466383884 3.1649699101037929 1.2404972064677837 1.1069427272382926 -1.0588840924461567 -1.839129369153518 1.0000000180025095e-35 -2.1687760795408226 -1.7726864691750246 0.46605794042707133 0.27823974632259751 0.18394424571997578 0.18394424571997578 1.7552496320068203 0.42904119642776489 -1.540195043558046 -0.96262190222377886 1.0925701778510748
decision_type=2 2 2 2 2 2 2 2 2 2 2 2 2 2 2 2 2 2 2 2 2 2 2 2 2 2 2 2 2 2
left_child=1 5 4 -4 17 -1 10 8 9 -8 11 -7 16 14 -9 22 -5 18 21 -20 -10 -3 23 -6 25 -24 27 29 -29 -19
right_child=-2 2 3 12 15 6 7 13 20 -11 -12 -13 -14 -15 -16 -17 -18 26 19 -21 -22 -23 24 -25 -26 -27 -28 28 -30 -31
leaf_value=1.9666878367070116e-05 -0.0004459195548635901 0.0085148541867105625 0.026720340426682549 0.014271074757400332 0.0067744949331591062 -0.022516383400017565 -0.011262439015132365 0.0019655394220968619 0.011510958458329071 0.0006267754981915157 -0.028157032579183578 0.00083065526277729951 0.00052074299468956805 -0.011773330974392593 0.015156171545006184 -6.6071983188564009e-05 0.00035643963279520594 0.0083265426358474157 -0.016904950762788456 0.0036417509362633737 -0.0014622504055372247 -0.0028921941966684756 -0.0098672928830266619 -0.0068441090908891063 -0.0034300269142381458 -0.027508535627275704 0.0017034240993246013 -0.0040512163525380056 0.00038555923615947023 -0.011650108915019894
leaf_weight=56938 9175 203 34 72 61 22 139 336 29 57 20 33 211 24 49 301 41 175 21 28 2012 43 98 96 95 20 2351 745 9482 33
leaf_count=56938 9175 203 34 72 61 22 139 336 29 57 20 33 211 24 49 301 41 175 21 28 2012 43 98 96 95 20 2351 745 9482 33
internal_value=8.64551e-13 5.54611e-05 0.000497525 0.00575559 0.000360644 -4.90918e-05 -0.00148789 -0.00114039 -0.00184979 -0.00780486 -0.0137479 -0.00850816 0.00355558 0.00273964 0.00364435 -0.00313964 0.0092224 0.000540194 0.00458005 -0.00516398 -0.00127792 0.00652094 -0.00564002 -0.0015528 -0.00865267 -0.0128573 0.000446986 0.000163911 6.23562e-05 0.00515717
internal_weight=82944 73769 14110 358 13752 59659 2721 2646 2237 196 75 55 324 409 385 671 113 13081 295 49 2041 246 370 157 213 118 12786 10435 10227 208
internal_count=82944 73769 14110 358 13752 59659 2721 2646 2237 196 75 55 324 409 385 671 113 13081 295 49 2041 246 370 157 213 118 12786 10435 10227 208
is_linear=0
shrinkage=0.05


Tree=123
num_leaves=31
num_cat=0
split_feature=4 5 4 9 6 3 0 4 2 3 4 6 0 4 9 1 5 6 3 0 0 1 3 4 2 1 0 9 6 1
split_gain=0.849539 1.98026 1.81496 6.87611 12.2373 9.41106 6.11031 8.92767 5.18127 5.38979 4.74802 4.685 4.76867 3.88433 5.46104 5.17605 4.35392 3.89641 3.74013 5.75673 4.3644 3.35679 3.08286 2.88862 3.11545 3.55613 2.95875 2.71527 5.82193 3.8398
threshold=0.024056841297528397 -1.3068553720381466 0.89010312800855373 -1.3476706631132902 -0.50537016327275397 0.28909942487537615 0.23124972016936643 0.505193667248098 -3.0434776404737893 0.079960483417503267 0.84198944541349674 1.1133806251249947 -1.1452097753420207 0.69764839762832587 -0.28878657066713359 -0.64706411443038014 0.65128935879477212 1.1133806251249947 1.2404972064677837 0.67923969482337487 -0.058527528112206371 -0.87430613900041276 1.7552496320068203 0.76981892152091114 0.27139269241320629 0.060045127802424873 -0.81895857896696789 -0.28878657066713359 -0.50537016327275397 -0.73735785435288237
decision_type=2 2 2 2 2 2 2 2 2 2 2 2 2 2 2 2 2 2 2 2 2 2 2 2 2 2 2 2 2 2
left_child=-1 -2 3 4 5 6 21 -8 9 -4 18 12 -12 14 -5 16 -15 -16 -6 20 -20 -3 -17 24 25 -23 -26 28 -10 -29
right_child=1 2 8 13 10 -7 7 -9 27 -11 11 -13 -14 15 17 22 -18 -19 19 -21 -22 23 -24 -25 26 -27 -28 29 -30 -31
leaf_value=-0.00015780326988535246 -0.00075919443729147108 -0.0058881809426111435 -0.0041716610359563621 -0.0014348065559926556 0.0054922858528092516 -0.0076668999702234758 0.00038353094759468852 0.044215576936091697 0.00096280759839163256 -0.025004111819371982 0.0034792860892290871 0.0109628447883383 -0.027586567029356957 0.0070159770319555212 0.00013791971877375156 0.00099488181058262856 0.030018627053747578 0.0030068215024159827 0.0093498339108165456 -0.007410152358087627 0.023368882439820521 0.0092117105005348043 0.008680899723035776 0.012890330988413363 -0.00097700540517347266 -0.0036046389430103931 -0.021397118813668691 0.0058896197733789542 -0.0017492291179423442 0.00042106822310460741
leaf_weight=42050 5103 128 193 4935 1066 356 26 21 3363 37 21 27 30 144 5892 3205 24 1481 140 33 92 149 136 67 68 85 24 333 4808 8907
leaf_count=42050 5103 128 193 4935 1066 356 26 21 3363 37 21 27 30 144 5892 3205 24 1481 140 33 92 149 136 67 68 85 24 333 4808 8907
internal_value=-1.62311e-12 0.000162264 0.000293644 0.00064467 0.00317868 -0.00129304 0.00270184 0.0199681 -6.75107e-05 -0.00752297 0.00611116 -0.00587866 -0.0147947 0.000270905 -0.000147469 0.00173837 0.0103021 0.00071419 0.00681379 0.0121297 0.0149091 0.00114424 0.00130775 0.0034347 0.00149136 0.0045562 -0.00630399 3.09762e-05 -0.000633016 0.000618149
internal_weight=82944 40894 35791 18150 2333 924 568 47 17641 230 1409 78 51 15817 12308 3509 168 7373 1331 265 232 521 3341 393 326 234 92 17411 8171 9240
internal_count=82944 40894 35791 18150 2333 924 568 47 17641 230 1409 78 51 15817 12308 3509 168 7373 1331 265 232 521 3341 393 326 234 92 17411 8171 9240
is_linear=0
shrinkage=0.05


Tree=124
num_leaves=31
num_cat=0
split_feature=0 0 9 8 5 4 1 9 11 4 3 9 5 4 4 1 4 3 4 4 1 11 8 1 9 0 8 1 10 1
split_gain=0.824615 1.58208 6.51425 5.68959 4.80972 5.55357 4.08625 3.61076 6.32228 3.53224 3.37023 2.65247 2.16651 4.32385 2.42736 2.07952 2.35194 1.80108 1.77266 1.76769 1.73546 1.62967 3.78283 3.63214 4.04708 4.16326 3.62441 3.61978 3.68224 3.29124
threshold=-1.6884035592855893 -1.4257507750069001 -1.540195043558046 0.37100531152820115 0.061466547291727118 1.4193536365541803 -1.4233941785621556 -1.2514084728909125 1.0000000180025095e-35 0.048113682595056877 -2.0374095392783826 -0.6738353315566451 0.12281920449442395 -1.1787852235788951 -0.74576208022338231 -0.25278284834809739 0.16839788908269929 0.10323383251121666 -0.96227365190113912 -1.1547283822813665 0.31372122578182043 -0.76213734878520889 -1.7404918888887655 -2.9962175190977089 0.57757314133426751 -0.52048563144016946 -1.7404918888887655 2.2069776570181805 1.0000000180025095e-35 0.074625668080127619
decision_type=2 2 2 2 2 2 2 2 2 2 2 2 2 2 2 2 2 2 2 2 2 2 2 2 2 2 2 2 2 2
left_child=-1 2 3 4 5 10 -4 12 19 -5 -2 18 14 -14 -8 16 -16 -6 -10 -9 -11 22 23 -3 25 -25 29 28 -27 -23
right_child=1 21 6 9 17 -7 7 8 11 20 -12 -13 13 -15 15 -17 -18 -19 -20 -21 -22 26 -24 24 -26 27 -28 -29 -30 -31
leaf_value=0.00091883555611516174 0.0026693027259574995 0.015133147382487853 0.011060466617700397 -0.0093441549904161574 -0.0085189372766762972 -0.037264473633519535 -0.016238664756529034 0.01301874532364309 -0.014330373325695596 0.0084621407934523454 -0.017421516127196019 -0.017448482189793141 0.022871461520210291 0.0036268205071823545 0.0023074087817803956 -0.006393884698904697 0.02219132306519896 0.012446469843416708 0.00093216740172535461 -0.00069823298985866662 -0.0045414983319412719 0.00053954227697940952 -0.00011884757879094565 -0.0015146660009275684 -0.00045180468677713764 0.0064258350140880801 2.5812649385882191e-05 0.012022790709591431 -0.0093024408867040283 0.0031911852072909128
leaf_weight=2372 27 30 79 81 21 29 20 24 30 79 92 80 39 116 58 42 20 20 52 1099 38 3621 21696 594 1311 40 48948 23 534 1729
leaf_count=2372 27 30 79 81 21 29 20 24 30 79 92 80 39 116 58 42 20 20 52 1099 38 3621 21696 594 1311 40 48948 23 534 1729
internal_value=1.05431e-12 -2.70501e-05 -0.00139966 -0.00724106 -0.0134463 -0.0176444 -3.70166e-05 -0.000591891 -0.00173714 -0.0013179 -0.0128631 -0.0109711 0.00439674 0.00846902 -0.000111859 0.00257594 0.00740585 0.00170809 -0.00465169 -0.000405083 0.00423874 8.71333e-06 -0.000332281 -0.00216113 -0.00236849 -0.0044783 0.000160866 -0.00742704 -0.00820639 0.00139649
internal_weight=82944 80572 2046 387 189 148 1659 1580 1285 198 119 162 295 155 140 120 78 41 82 1123 117 78526 24228 2532 2502 1191 54298 597 574 5350
internal_count=82944 80572 2046 387 189 148 1659 1580 1285 198 119 162 295 155 140 120 78 41 82 1123 117 78526 24228 2532 2502 1191 54298 597 574 5350
is_linear=0
shrinkage=0.05


Tree=125
num_leaves=31
num_cat=0
split_feature=4 9 5 8 8 0 0 3 4 0 7 8 2 2 0 6 3 2 5 2 3 4 4 7 4 12 2 3 5 8
split_gain=0.800741 3.32183 8.39497 24.9863 23.9053 13.8001 13.1545 10.6581 9.35343 9.13713 7.59761 6.91874 6.55965 5.95263 5.05072 5.92648 4.683 4.54042 4.34083 3.92595 4.50132 3.76622 3.71322 3.53917 4.06995 8.8707 8.71935 2.97248 3.73561 3.25327
threshold=-0.81793260411596802 -1.3476706631132902 0.12281920449442395 -1.0174668528432229 -1.7404918888887655 -0.94953129001567838 -0.89706151121772792 2.2784055443310356 -1.1306715409838382 -1.0318387362866506 -0.74611299300944822 -1.0174668528432229 -0.72507816755287513 -1.2581786958620653 -0.3347641806992408 0.30811198432835407 2.7411778454774844 -1.0474377533070807 -0.12281920449442368 0.03892990806763056 2.7411778454774844 -1.6358652082319363 -0.9141599693060819 -0.74611299300944822 -1.2990694300665375 -0.6963106238227913 1.762917730913067 -1.7507947177188159 -0.70535813777133527 1.0792073135794762
decision_type=2 2 2 2 2 2 2 2 2 2 2 2 2 2 2 2 2 2 2 2 2 2 2 2 2 2 2 2 2 2
left_child=1 2 3 -1 7 -5 -7 -4 9 -6 12 -11 -8 -12 15 18 17 -10 -15 20 27 -16 -19 -13 25 -25 -26 -3 -29 -30
right_child=-2 19 4 5 8 6 10 -9 16 11 13 23 -14 14 21 -17 -18 22 -20 -21 -22 -23 -24 24 26 -27 -28 28 29 -31
leaf_value=-0.011795054467043427 9.3175802610399422e-05 0.0023293581391708074 0.065330135971307754 -0.0069568807804972826 0.020197029256017969 0.0223879355531806 0.0061325704286090375 0.021750514744285576 0.036369977920427725 0.016284195937748467 0.024418427596207371 0.0018599326392225186 -0.007333765757787835 -0.0053422277750005617 -0.0078201085811963802 -0.011513042945363042 -0.002638067298273488 0.018744924274579727 0.0086244294907748889 0.00029255692960924578 -0.021520578683595415 0.011718609127289567 -0.00011067031696140289 0.0078156585543183617 0.015398073582198574 -0.022094708867622437 -0.025142384852681846 -0.00023248550921807981 -0.002607528633264555 0.0013760637741808484
leaf_weight=371 61001 603 20 295 42 101 147 47 24 35 44 76 235 78 27 72 41 79 194 8955 27 285 39 32 36 110 21 4548 4785 574
leaf_count=371 61001 603 20 295 42 101 147 47 24 35 44 76 235 78 27 72 41 79 194 8955 27 285 39 32 36 110 21 4548 4785 574
internal_value=2.46349e-12 -0.000259026 0.00147585 -0.000193852 0.0066042 0.00271822 0.00513086 0.0347594 0.00307823 -0.00168863 0.00351999 -0.00465379 -0.00215169 0.00661511 0.00542099 0.00124275 0.0122473 0.0165452 0.00461929 -0.000477176 -0.00113134 0.0100278 0.012513 -0.00731862 -0.010824 -0.0153543 0.000462115 -0.00107896 -0.00128641 -0.00218085
internal_weight=82944 21943 2451 1849 602 1478 1183 67 535 352 1082 310 382 700 656 344 183 142 272 19492 10537 312 118 275 199 142 57 10510 9907 5359
internal_count=82944 21943 2451 1849 602 1478 1183 67 535 352 1082 310 382 700 656 344 183 142 272 19492 10537 312 118 275 199 142 57 10510 9907 5359
is_linear=0
shrinkage=0.05


Tree=126
num_leaves=31
num_cat=0
split_feature=0 5 4 5 7 10 6 0 5 5 4 0 4 5 0 3 1 5 3 0 0 5 4 0 0 5 0 5 2 5
split_gain=0.778622 3.29168 4.47881 1.83728 0.811729 2.54714 4.33173 3.76016 3.99876 3.28125 4.62967 4.32637 3.50121 2.81642 2.90507 2.81606 2.69804 2.67984 2.26987 2.25558 3.33895 2.1688 3.22062 2.89074 5.22468 8.37283 6.0222 4.22995 2.63155 5.26393
threshold=-2.1688816975275453 0.12281920449442395 1.3952967952566522 0.36482234569996347 1.0000000180025095e-35 1.0000000180025095e-35 -0.89145085320788475 -0.52048563144016946 -0.85925218225375766 0.30505838731795659 0.33679577816539868 -0.51373663881816856 0.86604628671102535 0.75810821674430728 -0.22138998051086597 -1.1665793135064972 -2.9962175190977089 -0.12281920449442368 0.61764671464753884 -1.39904985507936 -1.101341205258261 0.12281920449442395 -1.2990694300665375 -1.5239108790402416 -1.1732138849503568 -0.1839442457199755 -1.1294912419340377 0.061466547291727118 0.18892791901808062 0.24472827403648026
decision_type=2 2 2 2 2 2 2 2 2 2 2 2 2 2 2 2 2 2 2 2 2 2 2 2 2 2 2 2 2 2
left_child=1 2 -1 -3 -2 15 7 16 -9 10 17 12 18 14 -13 19 -7 -10 -11 -6 -21 23 28 27 25 -25 -26 -17 -23 -30
right_child=4 3 -4 -5 5 6 -8 8 9 11 -12 13 -14 -15 -16 21 -18 -19 -20 20 -22 22 -24 24 26 -27 -28 -29 29 -31
leaf_value=0.014297196880023885 -0.00011266184979025531 -0.0072559177474696424 -0.010398389415248581 0.0021986058643812373 -0.0029424656328526431 0.01437183074032267 0.000246228124175542 -0.00043812292700222031 -0.011006615947109822 0.0042203352631380161 0.0065530014470116145 -0.0040282936988487129 -0.0093974205368960451 -0.005140718011923757 -0.028824070965250331 0.0019116207364713773 -0.00081490097605086136 -0.024747322780842133 0.026455102098936385 0.0094587320421789106 0.002181433182630223 0.00044501972583908632 0.0014699492540424608 0.00022265630920395948 0.013170762116240117 -0.016943897390815098 -0.00021155843580297957 0.028652267530560493 -0.019885138305835427 -0.0024552102261745984
leaf_weight=91 57747 79 23 147 182 30 5303 386 100 24 27 21 22 390 27 50 1163 55 22 175 1587 844 5888 172 85 121 7670 21 48 444
leaf_count=91 57747 79 23 147 182 30 5303 386 100 24 27 21 22 390 27 50 1163 55 22 175 1587 844 5888 172 85 121 7670 21 48 444
internal_value=-1.00513e-12 0.00238782 0.00931475 -0.00110629 -9.82833e-06 0.000229071 -0.000535792 -0.0023651 -0.00451128 -0.00679651 -0.012554 -0.00472563 0.00700819 -0.00654732 -0.0179759 0.000564006 -0.000433005 -0.0158824 0.0148544 0.00235683 0.00290421 0.00033685 0.000967062 -0.000223891 -0.000312507 -0.0068666 -6.48792e-05 0.00982083 -0.00124925 -0.00415569
internal_weight=82944 340 114 226 82604 24857 7570 2267 1074 688 182 506 68 438 48 17287 1193 155 46 1944 1762 15343 7224 8119 8048 293 7755 71 1336 492
internal_count=82944 340 114 226 82604 24857 7570 2267 1074 688 182 506 68 438 48 17287 1193 155 46 1944 1762 15343 7224 8119 8048 293 7755 71 1336 492
is_linear=0
shrinkage=0.05


Tree=127
num_leaves=31
num_cat=0
split_feature=4 5 5 8 4 1 1 1 3 2 4 5 4 8 7 2 0 4 1 5 1 11 1 2 5 2 9 2 8 4
split_gain=0.746606 1.83455 2.22018 6.56007 8.01808 4.28857 3.39225 2.92601 2.56736 2.76021 2.36793 3.76563 6.36402 5.29718 3.79901 3.4267 2.22807 4.33209 2.15423 2.14018 3.64476 8.10895 4.07349 4.26566 4.23425 4.39221 3.96767 3.58519 3.78819 9.44667
threshold=0.024056841297528397 -0.1839442457199755 -0.48220716928829888 -1.7404918888887655 1.3952967952566522 -0.23478860163977375 2.0467546756569654 0.007623876335741824 1.1834378182031049 1.254116795852888 0.89010312800855373 -0.24472827403648004 1.0585010170912532 0.19793268244031401 -0.90839521789717692 0.073988321328110243 -0.35922177738879607 1.299069430066538 3.1649699101037929 0.53960840463842696 -0.9162882758214691 1.0000000180025095e-35 -0.48994157816819039 0.87524967103576035 0.18394424571997578 0.46221913152187838 -1.540195043558046 -3.7511785749039293 -1.0174668528432229 1.3471831126615947
decision_type=2 2 2 2 2 2 2 2 2 2 2 2 2 2 2 2 2 2 2 2 2 2 2 2 2 2 2 2 2 2
left_child=-1 2 -2 4 5 -4 -6 10 9 16 15 14 13 -13 -12 -5 -9 -18 -11 20 21 -3 23 24 25 -22 -25 -23 29 -29
right_child=1 19 3 7 6 -7 -8 8 -10 18 11 12 -14 -15 -16 -17 17 -19 -20 -21 22 27 -24 26 -26 -27 -28 28 -30 -31
leaf_value=-0.00014793467768850922 1.7395835523460906e-05 0.0074220928456897378 0.0076192825068929762 0.0033294162790214947 0.037731560827656226 -0.005628062333639678 0.012675877093736616 -0.0012245113376432252 0.0076269693241068498 0.0019585691411177527 0.010137988462905187 -0.0050251005071913829 -0.0032357048922111407 -0.035897276502554164 -0.0022104986433123487 -0.0044239164265130072 -0.0058139863374026858 -0.016728678376757209 -0.011439918607680335 0.00013232472351132091 0.0080872561883059309 -0.01981712406299807 0.0012006769222076108 -0.021195735082030296 -0.0019827355825564946 0.025433478883195033 0.0022429149343560525 -0.0046915113979923559 -0.0055908957337587198 0.02974282303558929
leaf_weight=42050 15882 177 133 502 22 113 35 141 41 180 69 24 148 33 640 199 396 118 36 15358 332 37 5481 25 92 41 65 69 477 28
leaf_count=42050 15882 177 133 502 22 113 35 141 41 180 69 24 148 33 640 199 396 118 36 15358 332 37 5481 25 92 41 65 69 477 28
internal_value=-1.81532e-13 0.000152117 -0.000212507 -0.00150272 0.00544932 0.00153412 0.0223465 -0.00233631 -0.0046004 -0.00517597 -0.00105776 -0.00273446 -0.00870291 -0.0228985 -0.00100874 0.0011284 -0.00679233 -0.00831969 -0.000274512 0.000459701 0.00119649 -0.00200164 0.00161401 0.0056959 0.00762437 0.00999395 -0.00426782 -0.0047316 -0.00375919 0.0052483
internal_weight=82944 40894 18712 2830 303 246 57 2527 912 871 1615 914 205 57 709 701 655 514 216 22182 6824 788 6036 555 465 373 90 611 574 97
internal_count=82944 40894 18712 2830 303 246 57 2527 912 871 1615 914 205 57 709 701 655 514 216 22182 6824 788 6036 555 465 373 90 611 574 97
is_linear=0
shrinkage=0.05


Tree=128
num_leaves=31
num_cat=0
split_feature=1 3 2 9 0 0 10 8 1 8 0 1 4 0 4 2 1 9 7 3 1 4 4 8 9 2 2 0 4 1
split_gain=0.732485 2.09906 5.53864 7.20837 5.08419 4.90685 4.77135 3.40322 3.27242 4.2485 2.69493 2.53953 2.0569 2.01264 1.98765 1.96028 3.58771 4.45719 6.18165 4.67835 3.74754 5.20788 4.47389 5.22565 4.44652 5.83247 5.46842 4.26071 3.74833 2.98029
threshold=0.88408258218813507 2.0112990276500669 -2.1687760795408226 -1.4439328533356683 -1.3216952615942394 -1.5133729453854936 1.0000000180025095e-35 -1.7404918888887655 -0.7912183577350177 -0.27754979391328816 -1.6884035592855893 -0.51867915133451958 1.202842064876424 -0.55626609416445294 0.096227365190113837 0.99493369610194649 -0.39887280891631083 -1.540195043558046 -0.44226394673424807 -1.6436293791096819 -0.036448468072567235 1.4434104778517087 -1.0825578583887812 -1.7404918888887655 -1.0588840924461567 1.6551730087012897 3.6676140064361964 0.24650038186085435 -1.3471831126615943 -0.11803203236340996
decision_type=2 2 2 2 2 2 2 2 2 2 2 2 2 2 2 2 2 2 2 2 2 2 2 2 2 2 2 2 2 2
left_child=1 15 3 -3 5 10 8 -8 9 -6 -4 -10 -13 -5 -9 -1 17 18 -17 -19 21 -18 23 -22 26 -26 27 -25 -29 -23
right_child=-2 2 4 13 6 -7 7 14 11 -11 -12 12 -14 -15 -16 16 20 19 -20 -21 22 29 -24 24 25 -27 -28 28 -30 -31
leaf_value=-3.1833148012445377e-05 -0.00047566365600252387 0.012707836367189885 -0.0079380627008034822 -0.0095107371959349402 0.033189825935719106 -0.015763344223825981 -0.013813749988648025 -0.0027445221182255588 -0.0043203987732117087 0.0068161704697067274 0.011597995410627891 0.0083287163394418426 0.00024511890543490344 -0.029031855213425814 0.0068669349322781756 -0.032523373654112224 0.0041584393464585744 0.019994302855159803 -0.0031803120132535695 -0.0022542752379542653 0.028175604080781343 0.03660766024142504 -3.2125422393193252e-05 0.0076225277958149769 0.0037653805092684456 -0.01760784948550281 -0.012842148119075733 0.036023467758786863 0.008837669062250782 0.012762170783121533
leaf_weight=72134 7374 23 31 23 26 65 44 124 57 37 41 417 97 31 95 28 222 26 50 259 25 20 1287 97 158 40 22 32 21 38
leaf_count=72134 7374 23 31 23 26 65 44 124 57 37 41 417 97 31 95 28 222 26 50 259 25 20 1287 97 158 40 22 32 21 38
internal_value=9.03517e-13 4.64145e-05 0.00220371 -0.0107332 0.00316709 -0.00580423 0.0045373 -0.00112459 0.006886 0.0177005 0.00318664 0.0056928 0.00680321 -0.0207173 0.00142483 1.42256e-05 0.00144321 -0.00312307 -0.0137137 -0.00022458 0.00228805 0.00764389 0.00139647 0.00605115 0.00455626 -0.000552444 0.0104372 0.0138515 0.0252517 0.0209848
internal_weight=82944 75570 1111 77 1034 137 897 263 634 63 72 571 514 54 219 74459 2325 363 78 285 1962 280 1682 395 370 198 172 150 53 58
internal_count=82944 75570 1111 77 1034 137 897 263 634 63 72 571 514 54 219 74459 2325 363 78 285 1962 280 1682 395 370 198 172 150 53 58
is_linear=0
shrinkage=0.05


Tree=129
num_leaves=31
num_cat=0
split_feature=9 9 6 1 9 2 0 0 9 11 3 9 9 2 3 6 0 9 0 10 5 0 11 8 6 5 5 0 5 1
split_gain=0.72485 1.38873 2.17184 1.93022 1.41725 2.15693 1.38047 3.74942 5.48052 9.87524 5.53538 4.37324 2.52484 4.36084 2.05892 2.47568 5.14169 8.26315 4.47822 3.88173 2.99167 2.77677 3.5739 2.77213 2.01831 1.76003 3.51031 3.14179 5.2843 5.31353
threshold=1.2514084728909129 0.2887865706671337 0.30811198432835407 -0.29276957015261312 0.86635971200140116 1.0391556740420083 -0.87623715263893565 -0.92223737199672151 -1.540195043558046 1.0000000180025095e-35 1.9121305399912412 -1.4439328533356683 -1.3476706631132902 -0.18057151410551953 -1.119698752202533 -0.50537016327275397 -0.64222862191835584 -1.4439328533356683 0.25917124939737912 1.0000000180025095e-35 0.48220716928829882 -0.46857423455844588 0.46605794042707133 1.0000000180025095e-35 0.30811198432835407 -0.12281920449442368 -0.53960840463842685 -0.29045144009127849 0.48220716928829882 -0.99829971678402096
decision_type=2 2 2 2 2 2 2 2 2 2 2 2 2 2 2 2 2 2 2 2 2 2 2 2 2 2 2 2 2 2
left_child=1 6 -3 -4 5 -5 7 -1 9 -9 11 -10 13 -13 15 18 17 24 -8 -19 21 22 -18 -22 -17 26 -16 -27 -29 -30
right_child=-2 2 3 4 -6 -7 14 8 10 -11 -12 12 -14 -15 25 16 20 19 -20 -21 23 -23 -24 -25 -26 27 -28 28 29 -31
leaf_value=0.00013332943951368642 -0.00036886046932304992 6.207689701767831e-05 0.0038006913059165657 0.0011457235813345931 -3.4878057579670721e-05 0.005726578840550384 0.0010208443133782759 -0.0015750947626953832 0.016847709062913396 0.029707652176372137 -0.018226963421329855 0.0058154603599437646 0.0027178961536288718 -0.026807413399219517 -0.00031014461849643348 -0.014354191641681469 0.0026967834005490383 0.00069194995962521618 0.0075455361908670004 -0.012248182520270349 0.00098165494183866456 -0.00053523749963703404 0.020642849289241337 0.0092878945779210128 -0.032137878294344301 -0.00077115247148059945 -0.0020455870430228546 0.0020633552987447657 0.0056798218976971378 -0.00077856332952157877
leaf_weight=10382 11476 16160 613 3397 2590 278 1520 49 53 52 32 21 613 20 10182 39 264 255 318 75 234 2609 31 176 27 8175 4082 3622 339 5260
leaf_count=10382 11476 16160 613 3397 2590 278 1520 49 53 52 32 21 613 20 10182 39 264 255 318 75 234 2609 31 176 27 8175 4082 3622 339 5260
internal_value=1.17403e-13 5.92299e-05 0.000378794 0.00112293 0.000860922 0.00149225 -9.27859e-05 0.000393295 0.00360635 0.0145309 0.00211328 0.00303391 0.00191444 -0.0100981 -0.000239389 0.000649114 -9.43077e-05 -0.00547905 0.00214971 -0.00224899 0.000549131 -1.53428e-05 0.00458264 0.00454726 -0.0216293 -0.000395087 -0.000806785 -5.75122e-05 0.000575175 -0.000387531
internal_weight=82944 71468 23038 6878 6265 3675 48430 11222 840 101 739 707 654 41 37208 5548 3710 396 1838 330 3314 2904 295 410 66 31660 14264 17396 9221 5599
internal_count=82944 71468 23038 6878 6265 3675 48430 11222 840 101 739 707 654 41 37208 5548 3710 396 1838 330 3314 2904 295 410 66 31660 14264 17396 9221 5599
is_linear=0
shrinkage=0.05


Tree=130
num_leaves=31
num_cat=0
split_feature=0 5 1 5 1 2 9 5 11 2 0 3 0 3 0 1 0 0 5 12 8 3 11 8 6 2 5 0 9 8
split_gain=0.706179 2.96865 3.9005 1.63945 0.784489 4.19836 3.32579 6.76511 3.89077 3.36975 3.06173 3.01236 5.80192 3.44123 5.62494 3.70656 3.44219 2.60628 3.32209 3.56916 3.16635 4.56222 3.03096 4.06756 2.5586 2.45707 2.28537 2.04173 3.68223 2.49953
threshold=-2.1688816975275453 0.12281920449442395 -0.75431448852739302 0.36482234569996347 -1.4233941785621556 -2.6748628771683247 -1.2514084728909125 0.12281920449442395 0.46605794042707133 -0.63279308852613736 -1.5133729453854936 2.4773401036885629 -0.38127775259496721 0.29686129841669207 0.70787364914832496 -0.18500042414532253 0.85581719238651865 -1.1732138849503568 -0.1839442457199755 -1.0444659357341868 -1.7404918888887655 -2.9923803752254439 1.0000000180025095e-35 0.37100531152820115 0.30811198432835407 -1.00441052914929 -0.24472827403648004 -0.37105102329581641 -1.6364572337804242 0.74090168677562918
decision_type=2 2 2 2 2 2 2 2 2 2 2 2 2 2 2 2 2 2 2 2 2 2 2 2 2 2 2 2 2 2
left_child=1 2 -1 -3 6 11 7 8 10 24 -2 12 -6 15 -15 16 -14 -12 19 -19 21 -20 23 -22 -10 -8 -21 29 -29 -24
right_child=4 3 -4 -5 5 -7 25 -9 9 -11 17 -13 13 14 -16 -17 -18 18 20 26 22 -23 27 -25 -26 -27 -28 28 -30 -31
leaf_value=-0.0077495010949119375 0.013633245206933389 -0.0068533393707645093 0.014004589849547749 0.0020776929694535148 -0.011759862300696904 -1.5870226634526208e-05 0.0039566928046988322 -0.014598468763134132 -0.003668250929795008 0.0097674621092476727 -0.0074445220049592148 -0.021715604374185207 -0.0136271032775737 0.031982260984791948 -0.004655374987050891 0.015331534552387893 0.0068343169206092434 0.010630004756385461 0.0097963405817818767 -0.00078999462368996526 0.0048345651539715914 -0.016735168633072877 0.018116812126759391 -0.009522540126675489 -0.0153542461359757 -4.3842675972741491e-05 -0.010616917690372487 -0.0042410739850771585 0.010266199150735665 0.0058766422464491819
leaf_weight=27 47 79 87 147 138 79327 950 86 113 29 92 27 61 22 20 24 31 40 26 123 148 43 77 74 80 644 114 79 98 91
leaf_count=27 47 79 87 147 138 79327 950 86 113 29 92 27 61 22 20 24 31 40 26 123 148 43 77 74 80 644 114 79 98 91
internal_value=-1.91918e-12 0.00227403 0.00885231 -0.00104422 -9.35996e-06 -3.90339e-05 0.000790752 -0.00102555 -0.000109321 -0.0061243 0.00116 -0.0057279 -0.00426957 0.00227259 0.0145358 -0.00216752 -0.00673249 0.000576675 0.00138494 -0.00318519 0.0033754 -0.00673779 0.0046061 4.88634e-05 -0.00851219 0.00234042 -0.00551687 0.00753858 0.0037912 0.0114867
internal_weight=82944 340 114 226 82604 79650 2954 1360 1274 222 1052 323 296 158 42 116 92 1005 913 277 636 69 567 222 193 1594 237 345 177 168
internal_count=82944 340 114 226 82604 79650 2954 1360 1274 222 1052 323 296 158 42 116 92 1005 913 277 636 69 567 222 193 1594 237 345 177 168
is_linear=0
shrinkage=0.05


Tree=131
num_leaves=31
num_cat=0
split_feature=4 9 5 8 8 0 1 0 3 0 7 2 0 1 7 1 0 4 0 4 4 5 8 1 2 2 0 8 2 5
split_gain=0.722556 2.81536 7.75602 22.0542 21.2863 11.959 11.2873 10.497 9.61532 6.81218 6.79389 5.78853 5.37226 6.24046 5.50016 4.21493 4.14208 6.92849 3.88854 8.96078 4.10153 3.85942 5.94376 3.80202 7.28823 3.73109 3.60202 3.4496 3.42448 2.92484
threshold=-0.81793260411596802 -1.3476706631132902 0.12281920449442395 -1.0174668528432229 -1.7404918888887655 -0.94953129001567838 0.54381182028618502 -0.89706151121772792 2.2784055443310356 -1.3216952615942394 -0.74611299300944822 -0.72507816755287513 -0.3347641806992408 0.88408258218813507 0.50473852548845832 -0.89577639379447804 -0.30211222621632566 -1.1787852235788951 1.0027703691781986 -1.3471831126615943 -1.3471831126615943 0.18394424571997578 0.37100531152820115 -1.839129369153518 -2.6748628771683247 -0.53093816874697797 0.12142570656743339 0.74090168677562918 0.03892990806763056 -0.70535813777133527
decision_type=2 2 2 2 2 2 2 2 2 2 2 2 2 2 2 2 2 2 2 2 2 2 2 2 2 2 2 2 2 2
left_child=1 2 3 -1 8 -5 21 -7 -4 -8 11 -9 13 25 15 -14 17 -11 19 -18 -20 22 -6 -3 27 -12 -21 -25 29 -26
right_child=-2 23 4 5 6 7 9 10 -10 16 12 -13 14 -15 -16 -17 18 -19 20 26 -22 -23 -24 24 28 -27 -28 -29 -30 -31
leaf_value=-0.011153086210233743 8.8510073564846602e-05 0.0089967651863775734 0.061885347515344628 -0.0065245543353227992 0.0076853116432767975 0.020143751925466084 0.020603478724757832 0.0057078428574375249 0.020492491918675443 -0.013924629043708751 0.013988226376285282 -0.0069422374847543213 0.037228645191148477 -0.014773223933298142 0.0063959818307745241 0.014381580109475182 0.019931962899863723 0.01564264797160159 -0.024508677449077369 -0.023792965921827339 0.0054651636452901931 0.0061351208384298993 0.033974753744726964 -0.0092498824827525316 -0.00012833862651651971 0.0014542529610800071 0.0023259930030414553 -0.032245607680774162 0.00028501693163047841 -0.001817473864781265
leaf_weight=371 61001 106 20 295 43 101 30 147 47 143 79 235 27 48 227 80 59 23 25 22 21 93 43 73 4693 239 33 21 8953 5646
leaf_count=371 61001 106 20 295 43 101 30 147 47 143 79 235 27 48 227 80 59 23 25 22 21 93 43 73 4693 239 33 21 8953 5646
internal_value=-2.30646e-13 -0.000246056 0.00135109 -0.000253804 0.00628043 0.00248208 0.0029532 0.00472803 0.0328486 -0.00219659 0.00328904 -0.00207427 0.00621587 0.00203148 0.0108012 0.0201467 -0.00429476 -0.00982796 0.00144594 0.00639735 -0.010825 0.0131952 0.02083 -0.000446888 -0.000498524 0.00456804 -0.00812159 -0.0143872 -0.000430852 -0.00105075
internal_weight=82944 21943 2451 1849 602 1478 535 1183 67 356 1082 382 700 366 334 107 326 166 160 114 46 179 86 19492 19386 318 55 94 19292 10339
internal_count=82944 21943 2451 1849 602 1478 535 1183 67 356 1082 382 700 366 334 107 326 166 160 114 46 179 86 19492 19386 318 55 94 19292 10339
is_linear=0
shrinkage=0.05


Tree=132
num_leaves=31
num_cat=0
split_feature=4 5 4 9 6 5 0 0 4 8 0 12 2 1 7 11 4 4 9 9 4 1 6 9 6 9 5 4 4 5
split_gain=0.668609 1.72553 1.65392 6.65592 11.292 5.17054 6.62912 5.37085 4.41326 7.18885 4.67681 4.40235 4.10284 3.68142 4.05189 3.6624 5.42836 3.54937 4.98426 4.63269 3.51666 3.41859 3.34866 3.12039 2.95759 2.92741 2.87792 2.8485 3.72526 2.70144
threshold=0.048113682595056877 -1.3068553720381466 0.89010312800855373 -1.3476706631132902 -0.50537016327275397 -0.061466547291726868 0.23124972016936643 -0.52692059281726766 0.79387576281843975 -0.27754979391328816 0.67923969482337487 -1.0444659357341868 -3.0434776404737893 -2.5293426512622665 1.0000000180025095e-35 0.46605794042707133 0.36085261946292707 0.69764839762832587 -0.28878657066713359 -0.38504876088951151 0.62547787373574038 -0.53057068608317837 1.1133806251249947 -1.6364572337804242 -0.89145085320788475 -1.540195043558046 1.0000000180025095e-35 0.31273893686787019 0.16839788908269929 0.65128935879477212
decision_type=2 2 2 2 2 2 2 2 2 2 2 2 2 2 2 2 2 2 2 2 2 2 2 2 2 2 2 2 2 2
left_child=-1 -2 3 4 5 6 24 -7 10 -10 15 -11 13 -4 26 16 -6 18 -5 21 25 29 -20 -22 -3 -17 -15 28 -9 -19
right_child=1 2 12 17 8 7 -8 27 9 11 -12 -13 -14 14 -16 20 -18 19 22 -21 23 -23 -24 -25 -26 -27 -28 -29 -30 -31
leaf_value=-0.00013806257844754721 -0.0007206165386178492 0.0041498664017646141 0.0020382934699389095 -0.0014279185495298169 0.0077916407566151038 -0.00055649659275193377 0.023617500758956415 -0.007135621934070341 -0.02708041014460226 -0.014964621460863524 -0.00067580887253450999 0.0073487139032000597 1.4700416352739962e-05 -0.010890336406174761 -0.027397409503558474 0.021680343951146794 -0.0051872340849513426 0.0071554848411217835 0.00011816001687786788 0.00025725329505248113 -0.0024094051611609759 0.002887367644554154 0.0028221077422855502 0.010843367043512258 -0.0070498510566540072 0.010006615082966165 0.0087817547518921936 -0.0076436064556821602 -0.036577221785079349 0.02173848029655906
leaf_weight=42626 5028 224 79 4754 501 361 37 21 24 28 170 105 17411 97 31 116 96 171 5682 2227 60 1072 1434 171 80 100 23 154 22 39
leaf_count=42626 5028 224 79 4754 501 361 37 21 24 28 170 105 17411 97 31 116 96 171 5682 2227 60 1072 1434 171 80 100 23 154 22 39
internal_value=5.63081e-13 0.000145966 0.000269434 0.000611652 0.003139 -0.00121594 0.00363469 -0.00418021 0.00599465 -0.00189379 0.00701481 0.00265117 -7.29396e-05 -0.00670729 -0.0112828 0.00826712 0.00570459 0.000238605 -0.000174392 0.00163567 0.0116896 0.00403015 0.000663053 0.00740109 0.00120257 0.0162758 -0.00711985 -0.0108206 -0.0221988 0.00986376
internal_weight=82944 40318 35290 17649 2270 899 341 558 1371 157 1214 133 17641 230 151 1044 597 15379 11870 3509 447 1282 7116 231 304 216 120 197 43 210
internal_count=82944 40318 35290 17649 2270 899 341 558 1371 157 1214 133 17641 230 151 1044 597 15379 11870 3509 447 1282 7116 231 304 216 120 197 43 210
is_linear=0
shrinkage=0.05


Tree=133
num_leaves=31
num_cat=0
split_feature=0 2 0 9 8 5 3 1 9 11 9 10 2 6 5 8 3 1 3 11 8 8 1 9 0 10 1 0 3 0
split_gain=0.675193 1.70333 1.41586 5.65338 4.65495 4.06807 4.73931 3.73359 2.92172 5.5796 2.42133 2.3118 1.96048 2.66725 1.66296 2.85326 1.42441 1.55018 1.36422 1.27091 2.9662 2.89232 2.78264 3.32962 3.39517 3.93356 2.69321 5.02666 6.39689 3.83494
threshold=-1.6884035592855893 2.0221389452373439 -1.4257507750069001 -1.540195043558046 0.37100531152820115 0.061466547291727118 -1.8857123515670644 -1.4233941785621556 -1.2514084728909125 1.0000000180025095e-35 -0.6738353315566451 1.0000000180025095e-35 -0.96221201328503947 -0.89145085320788475 0.12281920449442395 0.37100531152820115 -0.11127068806914031 -0.25278284834809739 0.10323383251121666 -0.76213734878520889 -1.7404918888887655 -1.7404918888887655 -2.9962175190977089 0.57757314133426751 -0.45591242954396621 1.0000000180025095e-35 0.08235589231356201 -1.2558814016043309 0.77473436199090195 -1.1294912419340377
decision_type=2 2 2 2 2 2 2 2 2 2 2 2 2 2 2 2 2 2 2 2 2 2 2 2 2 2 2 2 2 2
left_child=1 -1 3 4 5 6 -2 -5 14 -10 -11 -6 -8 -14 16 -16 17 -9 -7 20 22 26 -4 24 -24 -26 29 28 -28 -21
right_child=2 -3 19 7 11 18 12 8 9 10 -12 -13 13 -15 15 -17 -18 -19 -20 21 -22 -23 23 -25 25 -27 27 -29 -30 -31
leaf_value=0.00058932151091066552 0.0011439500917350093 0.0082464407027388609 0.013226098592082661 0.010554233057235804 -0.0042104659987671766 -0.0073411027324341606 -0.013219440749333223 0.0076339215560107159 -0.00036277510635685282 -0.0042510298278790378 -0.016477536752354357 0.0090052616250302121 -0.034129442460834984 -0.013752237521111967 0.013313169083087129 -0.00040638137125466583 -0.0077504472554816564 -0.0057760420924751095 0.010905421597417446 0.0069194056117856968 -0.00010277828630844705 2.3075873667062176e-05 -0.0022842237747465505 -0.00035422185778007543 0.007510023997423964 -0.0099393870661133067 0.014893092853526468 0.0035069283718034104 -0.01789927030752959 8.145258120071114e-05
leaf_weight=2297 31 75 30 79 156 21 49 66 1123 82 80 42 42 26 89 66 42 32 20 218 21696 48948 841 1311 36 314 20 1604 58 3450
leaf_count=2297 31 75 30 79 156 21 49 66 1123 82 80 42 42 26 89 66 42 32 20 218 21696 48948 841 1311 36 314 20 1604 58 3450
internal_value=-1.31616e-12 0.000831431 -2.44769e-05 -0.00132298 -0.00676473 -0.0123775 -0.0162384 -5.35635e-05 -0.000583953 -0.00161415 -0.0102888 -0.00140713 -0.020844 -0.0263382 0.00390352 0.0074713 -4.65236e-05 0.00325516 0.00155964 9.35561e-06 -0.000291775 0.000143721 -0.00191123 -0.00209274 -0.00400641 -0.00814459 0.00124753 0.00290417 -0.00949097 0.000487852
internal_weight=82944 2372 80572 2046 387 189 148 1659 1580 1285 162 198 117 68 295 155 140 98 41 78526 24228 54298 2532 2502 1191 350 5350 1682 78 3668
internal_count=82944 2372 80572 2046 387 189 148 1659 1580 1285 162 198 117 68 295 155 140 98 41 78526 24228 54298 2532 2502 1191 350 5350 1682 78 3668
is_linear=0
shrinkage=0.05


Tree=134
num_leaves=31
num_cat=0
split_feature=1 5 5 4 6 4 4 4 0 4 5 4 2 8 4 2 7 6 4 7 0 0 0 5 2 0 4 0 0 1
split_gain=0.702392 2.81598 3.47627 5.97118 4.63797 6.63929 4.07541 4.05756 3.74509 3.18262 2.48003 2.46531 4.81346 4.4465 4.0796 4.83102 5.94984 4.71989 2.69588 5.7539 2.52248 2.48079 9.72087 4.73296 3.41957 3.40949 4.13488 3.27954 4.85921 3.08841
threshold=0.88408258218813507 1.0000000180025095e-35 -0.24472827403648004 1.5155810017442943 -0.50537016327275397 1.4915241604467659 1.202842064876424 1.202842064876424 -0.19301330472787928 1.3952967952566522 -0.48220716928829888 1.1787852235788956 -0.38599101037014011 0.37100531152820115 1.3471831126615947 0.38156378205916458 0.50473852548845832 -0.89145085320788475 -1.0344441757937244 -0.90839521789717692 -0.82279753744332085 -0.31495220029877408 -0.35491878502369684 0.36482234569996347 -0.010311412915610758 -0.17705215526021886 -1.4193536365541799 -0.080264722505050776 1.0027703691781986 3.9834252005800086
decision_type=2 2 2 2 2 2 2 2 2 2 2 2 2 2 2 2 2 2 2 2 2 2 2 2 2 2 2 2 2 2
left_child=-1 2 3 7 5 6 -4 -2 -9 -10 -5 18 13 -13 17 -16 -17 -14 19 20 -3 22 24 -24 -21 29 27 -27 -29 -23
right_child=1 11 4 10 -6 -7 -8 8 9 -11 -12 12 14 -15 15 16 -18 -19 -20 21 -22 25 23 -25 -26 26 -28 28 -30 -31
leaf_value=4.5451082690469851e-05 -0.00081533680227093431 -0.024154360821315401 -0.012000763694411271 0.00077535278030804223 -0.0014667708704371176 -0.029021261299544195 0.011749827318514388 -0.0026878478211195523 -0.028251238561728422 -0.008722812818639257 0.01774180961406923 0.00077705870223182603 0.016532882761915224 -0.020381015751891857 0.0091336635363049711 0.0006923792111878616 -0.019622296751721911 0.002688929992647649 -0.0014230605561562329 0.0078911927712858841 -0.0058672053103774411 0.018257651181839821 -0.021547540481053836 -0.0015717987271133237 0.00018012469270183603 -0.011687088401321001 0.0065912764507661788 0.0055157126128906392 -0.013725527157242011 -0.00083696233108639714
leaf_weight=75570 1095 24 73 35 174 47 24 120 34 54 56 57 107 44 164 700 38 145 2798 201 88 72 69 52 505 65 311 150 42 30
leaf_count=75570 1095 24 73 35 174 47 24 120 34 54 56 57 107 44 164 700 38 145 2798 201 88 72 69 52 505 65 311 150 42 30
internal_value=-2.05423e-12 -0.00046579 -0.0022427 -0.00116659 -0.00695999 -0.0135976 -0.00612433 -0.0020314 -0.00843325 -0.0162679 0.0112162 7.14888e-05 0.0020266 -0.00844032 0.00294268 0.00137133 -0.000353634 0.00856712 -0.000485276 0.0011455 -0.00978588 0.00196335 0.000131292 -0.0129629 0.00237549 0.00422471 0.00271322 -0.00197967 0.00130669 0.0126416
internal_weight=82944 7374 1712 1394 318 144 97 1303 208 88 91 5662 1255 101 1154 902 738 252 4407 1609 112 1497 827 121 706 670 568 257 192 102
internal_count=82944 7374 1712 1394 318 144 97 1303 208 88 91 5662 1255 101 1154 902 738 252 4407 1609 112 1497 827 121 706 670 568 257 192 102
is_linear=0
shrinkage=0.05


Tree=135
num_leaves=31
num_cat=0
split_feature=5 0 2 4 4 1 0 9 7 9 1 1 0 1 1 3 4 4 1 4 3 0 9 4 2 5 4 5 0 4
split_gain=0.653966 1.09909 3.50479 8.04991 2.71618 2.64677 1.875 4.22112 2.29399 2.71462 2.06329 2.44185 2.01255 2.9343 1.97707 2.83763 1.8672 2.07458 1.84669 2.37353 2.18571 1.81273 1.73421 1.70189 1.66629 1.57633 3.73121 4.30944 5.38026 2.63969
threshold=1.4032428797398568 0.84539662698042128 1.6551730087012897 -1.3231262713640659 1.1066146996863102 1.0371510767598477 0.64096024593388712 -1.540195043558046 1.7010387896728181 -1.1551462826685344 0.71784740959440807 -0.48018722520792417 0.8099630993171999 -0.12800908370947126 2.5836585230174802 1.2404972064677837 -1.4915241604467655 0.76981892152091114 -1.839129369153518 -1.5396378430418223 0.60641961991870708 0.73700804687920973 -1.4439328533356683 0.57736419114068349 -1.7726864691750246 0.90745195762283271 1.3471831126615947 0.99864169796777091 -0.24514711865888661 -1.4434104778517083
decision_type=2 2 2 2 2 2 2 2 2 2 2 2 2 2 2 2 2 2 2 2 2 2 2 2 2 2 2 2 2 2
left_child=1 6 5 -4 -5 18 25 10 9 12 11 -8 13 -9 15 -10 -7 22 19 -3 -21 23 -18 -15 -11 29 -27 28 -28 -1
right_child=-2 2 3 4 -6 16 7 8 14 24 -12 -13 -14 21 -16 -17 17 -19 -20 20 -22 -23 -24 -25 -26 26 27 -29 -30 -31
leaf_value=-0.001413377059679866 -0.00067423280640866411 0.016577204215739456 0.029651012596103456 0.0018283839134274943 0.020845245830714704 -0.011431653052568436 -0.020897638763893736 -0.012315898248597875 0.0018335171517222745 0.010840424236937844 -0.026748142670840025 0.00060751829296350483 -0.017701005299632262 -0.004123584174085408 -0.010333302938046733 0.015077201191983795 0.012476336075579403 -0.0057661947675279063 0.00035555710986170046 0.0047485353116000772 -0.0075907220197624949 -0.0072774820632831617 -0.00066207497635332405 0.014469314404414036 -0.0012206515770134942 0.00018115524535359693 -0.00013761819288273281 0.00167863838050706 0.015372394873639166 -2.8620567998638036e-05
leaf_weight=3734 3447 35 31 307 20 57 22 71 335 29 20 33 37 20 28 46 27 227 13893 217 43 36 360 32 2284 12116 94 1273 138 43932
leaf_count=3734 3447 35 31 307 20 57 22 71 335 29 20 33 37 20 28 46 27 227 13893 217 43 36 360 32 2284 12116 94 1273 138 43932
internal_value=1.80116e-12 2.92348e-05 0.000411341 0.0053 0.00299149 0.000293558 -6.12211e-05 -0.0012832 -0.000982165 -0.00154819 -0.0129955 -0.00799454 -0.007198 -0.00475391 0.00249009 0.00343249 -0.00277499 -0.00197136 0.00043868 0.00435333 0.00270781 0.00134724 0.000254558 0.0073182 -0.00106943 -1.54471e-06 0.000472817 0.00282084 0.00908817 -0.000137098
internal_weight=82944 79497 15217 358 327 14859 64280 2993 2918 2509 75 55 196 159 409 381 671 614 14188 295 260 88 387 52 2313 61287 13621 1505 232 47666
internal_count=82944 79497 15217 358 327 14859 64280 2993 2918 2509 75 55 196 159 409 381 671 614 14188 295 260 88 387 52 2313 61287 13621 1505 232 47666
is_linear=0
shrinkage=0.05


Tree=136
num_leaves=31
num_cat=0
split_feature=0 6 4 0 7 5 2 0 1 9 0 1 2 5 1 2 4 9 2 9 4 9 1 5 1 2 5 5 11 5
split_gain=0.635353 2.71983 2.48899 5.45236 8.52033 3.39731 3.65461 2.90549 2.76845 2.62384 2.60138 2.40147 3.19894 2.09653 2.03475 2.30417 4.63242 4.98942 2.25669 4.38837 2.05969 2.65502 1.87573 1.7512 1.67382 3.40424 1.66354 2.80772 1.64702 2.44157
threshold=-0.86439164144784375 -0.91243033262339701 -1.1306715409838382 -0.89706151121772792 -0.17427846833443938 -0.1839442457199755 1.3979521108251303 -1.0738223040411066 0.9312826056016329 -1.540195043558046 -0.99206241793141436 2.5836585230174802 0.058365597113451642 -0.061466547291726868 2.3825425859923857 -0.036678148836003559 -1.5396378430418223 -0.28878657066713359 2.0221389452373439 -1.0588840924461567 -1.1787852235788951 -1.2514084728909125 -2.2013573168932967 0.99864169796777091 1.4327641960213893 3.6676140064361964 0.18394424571997578 0.42390874111029014 1.0000000180025095e-35 0.061466547291727118
decision_type=2 2 2 2 2 2 2 2 2 2 2 2 2 2 2 2 2 2 2 2 2 2 2 2 2 2 2 2 2 2
left_child=1 14 3 4 9 -6 7 23 -5 13 26 22 -13 -3 15 16 17 -1 19 -16 21 -17 -4 -7 25 -24 -8 -28 29 -18
right_child=-2 2 11 8 5 6 10 -9 -10 -11 -12 12 -14 -15 18 20 28 -19 -20 -21 -22 -23 24 -25 -26 -27 27 -29 -30 -31
leaf_value=-0.020826833900064231 -6.5444182135811958e-05 0.034428019395896368 0.0078413540372978246 -0.0019330325253706958 -0.01687976387143135 0.026444608514959164 -0.0004384779748884407 0.0022154255131101039 -0.026289543586317451 0.0089728633720766431 0.0089640694497912024 0.017005449551723752 0.0021803993091911197 0.016072049999299148 -0.024773881327586646 0.01539027272066211 0.0011600727492899286 -0.00097575832351411466 0.001344150465188755 -0.0041287692765203804 0.00046243658095611708 0.0026164500834355165 0.00054022065105193914 0.0091674796247389178 -0.0034737249231222445 0.019405814151590071 -0.022445874971648058 0.00091959482058882706 -0.0025988473998216819 -0.0015021267077409783
leaf_weight=60 67784 21 87 28 25 22 37 141 20 110 27 51 127 60 33 51 1720 67 90 117 2541 201 6536 44 261 24 36 20 878 1725
leaf_count=60 67784 21 87 28 25 22 37 141 20 110 27 51 127 60 33 51 1720 67 90 117 2541 201 6536 44 261 24 36 20 878 1725
internal_value=-4.45783e-13 0.000292617 0.000953817 0.00407122 0.00549909 0.000885449 0.00224365 0.00626824 -0.0120816 0.0140017 -0.00469878 0.000693814 0.00642803 0.020831 -0.000385726 -0.000235642 -0.000942161 -0.0103542 -0.00491513 -0.00867069 0.000890033 0.00520163 0.000546059 0.0149265 0.00045301 0.000609241 -0.00866541 -0.0141011 -0.000665656 -0.000172959
internal_weight=82944 15160 7677 591 543 352 327 207 48 191 120 7086 178 81 7483 7243 4450 127 240 150 2793 252 6908 66 6821 6560 93 56 4323 3445
internal_count=82944 15160 7677 591 543 352 327 207 48 191 120 7086 178 81 7483 7243 4450 127 240 150 2793 252 6908 66 6821 6560 93 56 4323 3445
is_linear=0
shrinkage=0.05


Tree=137
num_leaves=31
num_cat=0
split_feature=0 5 4 5 9 1 0 4 5 4 4 8 4 4 4 4 8 8 3 0 4 4 3 4 7 5 5 12 0 9
split_gain=0.625659 2.61766 3.67625 1.50938 0.699168 2.51387 2.33187 2.76546 2.38978 4.89674 5.97004 4.08102 4.19733 4.40572 4.15527 5.82126 3.98052 3.79584 4.47567 3.56768 3.36007 3.33745 8.98637 5.03505 4.23546 5.13913 4.22153 3.97919 3.60165 3.50854
threshold=-2.1688816975275453 0.12281920449442395 1.3952967952566522 0.36482234569996347 -0.28878657066713359 -1.3492591293390104 1.5712329679093855 0.60142103243821199 0.59600457818367614 0.98633049319866772 -1.4434104778517083 -1.0174668528432229 0.74576208022338275 0.89010312800855373 -0.50519366724809844 -0.89010312800855329 -1.7404918888887655 0.19793268244031401 -0.024325885941264811 -0.91224084685196039 0.62547787373574038 -1.3471831126615943 -0.60263698939989541 -1.5636946843393509 -0.90839521789717692 0.18394424571997578 -0.53960840463842685 -1.0444659357341868 -0.89706151121772792 -1.0588840924461567
decision_type=2 2 2 2 2 2 2 2 2 2 2 2 2 2 2 2 2 2 2 2 2 2 2 2 2 2 2 2 2 2
left_child=1 2 -1 -3 6 -6 8 -8 21 10 16 12 -12 -14 15 19 -10 18 -11 -13 -16 22 23 26 28 -26 -2 -27 -24 -25
right_child=4 3 -4 -5 5 -7 7 -9 9 17 11 14 13 -15 20 -17 -18 -19 -20 -21 -22 -23 24 29 25 27 -28 -29 -30 -31
leaf_value=0.012831648067983155 0.0076764798351602317 -0.0065493721068435934 -0.0095421938549565249 0.002020054793525424 0.0042360855406340546 8.2119225729412299e-05 -0.0060368571742498052 0.00014410135903011249 0.0088274948621719068 0.0019343653174458239 -0.0040001391564047084 -0.0065726771340372846 0.017913827020674945 -0.0057144855368225014 -0.0014985071343097708 0.0075891161148319954 -0.0069421084449290439 -0.006662484375083955 -0.0070240708973266456 0.0022750561293589295 0.0033961421391754346 -0.00012193744897451582 -0.027512219324707987 -0.0006301523109916114 -0.0015746631063350679 0.013935951720923184 0.021706355813593189 0.0024330792852663816 -0.0050225005514041611 0.0066161902945278189
leaf_weight=91 210 79 23 147 367 47974 367 357 44 411 731 140 47 34 1435 500 442 607 211 612 464 24822 20 308 1166 85 72 651 162 365
leaf_count=91 210 79 23 147 367 47974 367 357 44 411 731 140 47 34 1435 500 442 607 211 612 464 24822 20 308 1166 85 72 651 162 365
internal_value=-2.36657e-12 0.00214046 0.00831763 -0.000975453 -8.8102e-06 0.000113656 -0.000181595 -0.00298906 -0.000120991 -0.00105591 -0.000284171 0.000357236 -0.0028035 0.00799577 0.00117175 0.00340792 -0.00551441 -0.00384962 -0.00110459 0.000627872 -0.000302553 6.95436e-05 0.00163353 0.00564999 -0.000207033 0.000490238 0.0112586 0.00376154 -0.0074939 0.00329988
internal_weight=82944 340 114 226 82604 48341 34263 724 33539 5678 4449 3963 812 81 3151 1252 486 1229 622 752 1899 27861 3039 955 2084 1902 282 736 182 673
internal_count=82944 340 114 226 82604 48341 34263 724 33539 5678 4449 3963 812 81 3151 1252 486 1229 622 752 1899 27861 3039 955 2084 1902 282 736 182 673
is_linear=0
shrinkage=0.05


Tree=138
num_leaves=31
num_cat=0
split_feature=4 5 4 2 4 5 5 5 12 5 2 4 8 12 4 4 12 5 3 1 0 5 8 3 1 1 3 5 3 1
split_gain=0.655338 1.58325 1.45826 3.75979 8.77348 5.76837 9.79672 4.27661 5.12263 3.58446 2.98797 3.53039 3.70416 2.87825 2.78389 2.72543 4.17776 4.31665 3.07517 3.01305 4.05532 3.73483 3.48806 2.64781 2.56678 4.71303 4.59277 3.71281 3.9469 2.41713
threshold=0.024056841297528397 -1.3068553720381466 0.89010312800855373 -1.7726864691750246 1.0103873344961962 -0.24472827403648004 1.0000000180025095e-35 0.75810821674430728 1.0000000180025095e-35 0.24472827403648026 -0.61867029379102811 0.33679577816539868 -0.27754979391328816 0.34815531191139576 1.1787852235788956 0.52925050854562661 1.0000000180025095e-35 0.99864169796777091 1.9121305399912412 -0.62194120573029832 -0.59128930660725565 -0.36482234569996336 1.0000000180025095e-35 -1.4594196107964088 1.0000000180025095e-35 -1.0739599975769842 0.32197107247270645 -0.12281920449442368 -0.26132129981768332 -0.77284216158826713
decision_type=2 2 2 2 2 2 2 2 2 2 2 2 2 2 2 2 2 2 2 2 2 2 2 2 2 2 2 2 2 2
left_child=-1 -2 10 4 5 -4 -7 8 24 -8 11 -3 -13 -14 -10 16 17 -12 19 20 29 -22 -23 -16 25 27 -26 -6 -29 -17
right_child=1 2 3 -5 7 6 9 -9 14 -11 15 12 13 -15 23 18 -18 -19 -20 -21 21 22 -24 -25 26 -27 -28 28 -30 -31
leaf_value=-0.00013859797764699969 -0.00068141118583694689 0.0068038067222473079 -0.002511100688473141 0.00010600600588361539 0.00025782313826092491 -0.037226427070872516 0.010816240306012333 0.016691364102404228 0.003832690995384721 -0.017338977410243109 -0.00011004595283679103 -0.0021266179868750391 0.0017007321653340663 0.0087836587268611769 -0.021974010224868029 -0.0038391831614501258 -0.001224106510495855 0.0030847163370580559 0.0069899771209280736 0.00073003290023766646 0.00049312616320094092 0.029492359606023782 0.0094534960822487361 -0.0071399917787887532 0.027227879278827461 -0.0094440742898242256 -0.0044901784546839607 0.029821903025731445 0.0049004892496629917 0.011408186273433136
leaf_weight=42050 5103 385 67 16736 232 49 20 33 47 26 3549 478 567 192 36 101 4744 1506 218 6243 44 39 49 183 25 95 21 24 47 35
leaf_count=42050 5103 385 67 16736 232 49 20 33 47 26 3549 478 567 192 36 101 4744 1506 218 6243 44 39 49 183 25 95 21 24 47 35
internal_value=-2.13382e-13 0.000142516 0.00025999 -6.37357e-05 -0.00320274 -0.0137458 -0.0216693 -0.000903972 -0.00172178 -0.00509758 0.000574636 0.00262252 0.00132114 0.00349246 -0.00720882 0.000373665 -0.000158397 0.000841747 0.00114847 0.000952887 0.00614422 0.0123873 0.0183344 -0.00957846 0.0015655 0.000273057 0.0127479 0.00331968 0.0133246 8.47722e-05
internal_weight=82944 40894 35791 17641 905 162 95 743 710 46 18150 1622 1237 759 266 16528 9799 5055 6729 6511 268 132 88 219 444 398 46 303 71 136
internal_count=82944 40894 35791 17641 905 162 95 743 710 46 18150 1622 1237 759 266 16528 9799 5055 6729 6511 268 132 88 219 444 398 46 303 71 136
is_linear=0
shrinkage=0.05


Tree=139
num_leaves=31
num_cat=0
split_feature=3 4 5 4 2 2 4 5 1 5 4 0 4 6 0 0 0 5 2 5 1 5 0 0 4 6 0 0 0 0
split_gain=0.628155 1.80311 3.83165 1.49563 1.15779 1.15395 2.12184 3.6759 3.06713 2.12127 1.37466 2.771 3.29315 1.80168 1.41854 1.57558 1.88666 1.87682 2.4226 1.70857 1.70537 1.26453 1.25132 1.24887 0.971277 0.909552 0.945655 1.50621 1.20411 0.888538
threshold=-1.8143488958195075 1.4193536365541803 -0.30505838731795659 -1.5636946843393509 -0.28658572949553845 0.64897022735425491 1.154728382281367 -0.12281920449442368 -0.48994157816819039 1.0000000180025095e-35 0.84198944541349674 -0.67056263840463093 0.96227365190113923 -0.066328909107543868 -0.22982493779196608 -0.55626609416445294 -0.57344809070054137 -0.59600457818367603 -2.1687760795408226 -0.36482234569996336 -1.4233941785621556 -0.061466547291726868 0.3843307069687345 0.60971135057985326 -1.3471831126615943 -0.89145085320788475 -1.39904985507936 -1.1259077257829029 -0.89706151121772792 1.1782739574347889
decision_type=2 2 2 2 2 2 2 2 2 2 2 2 2 2 2 2 2 2 2 2 2 2 2 2 2 2 2 2 2 2
left_child=1 3 -3 4 -1 10 7 8 -7 -9 14 12 -12 -14 15 16 25 -17 19 -19 -20 -13 -11 -16 -25 26 -5 -28 -29 -26
right_child=-2 2 -4 5 -6 6 -8 9 -10 22 11 21 13 -15 23 17 -18 18 20 -21 -22 -23 -24 24 29 -27 27 28 -30 -31
leaf_value=0.0023402866109141283 -2.6474723419526998e-05 0.00082849018379218056 0.024839336688940727 0.00018288908065859806 0.017668061263181947 0.017405128649211135 0.011960391469461762 -0.016903978073969483 -0.0018537725580649242 -0.0021269420825658328 -0.02393339482239551 -0.00056995605938286098 0.0045460423221811656 -0.010615282752659431 -0.0032020520450302425 -0.00017523821109018567 -0.011184510528560608 0.0067482952390106009 0.015181706728437891 -0.008900385534994908 0.0061614065688511965 0.009996307370883804 -0.015138213811239795 0.007849758533919551 0.0027686596943593553 -0.00023660058983077765 0.0083754985698233485 -0.0060319012067871309 0.003508832753639007 -0.004780103789169282
leaf_weight=28 79983 54 24 230 22 29 23 51 72 94 27 327 36 43 289 148 31 33 77 37 164 31 23 51 105 500 138 41 171 62
leaf_count=28 79983 54 24 230 22 29 23 51 72 94 27 327 36 43 289 148 31 33 77 37 164 31 23 51 105 500 138 41 171 62
internal_value=-1.27604e-12 0.000715139 0.00821644 0.00051219 0.00908451 0.000360896 -0.00261592 -0.00386222 0.00367601 -0.00839413 0.000702978 -0.00175752 -0.0088585 -0.00370632 0.00125265 0.00199521 0.000977107 0.00445949 0.00666509 -0.00152315 0.00904341 0.000345 -0.00468471 -0.00104677 0.00181046 0.00132619 0.00267342 0.00431006 0.00166369 -3.38753e-05
internal_weight=82944 2961 78 2883 50 2833 292 269 101 168 2541 464 106 79 2077 1570 1111 459 311 70 241 358 117 507 218 1080 580 350 212 167
internal_count=82944 2961 78 2883 50 2833 292 269 101 168 2541 464 106 79 2077 1570 1111 459 311 70 241 358 117 507 218 1080 580 350 212 167
is_linear=0
shrinkage=0.05


Tree=140
num_leaves=31
num_cat=0
split_feature=0 6 4 0 7 5 1 3 9 1 6 0 6 0 3 5 0 4 5 1 1 4 1 3 1 0 5 0 5 4
split_gain=0.626882 2.41872 2.2085 4.92344 7.73903 3.03865 2.52233 2.46443 2.40339 2.15158 2.49445 2.13612 2.28375 1.96372 1.90551 4.95638 3.02484 2.69032 2.09976 1.65487 1.50987 1.35561 3.6043 1.81668 2.33811 1.76841 1.66664 4.15003 2.64064 2.60632
threshold=-0.86439164144784375 -0.91243033262339701 -1.1306715409838382 -0.89706151121772792 -0.17427846833443938 -0.1839442457199755 0.9312826056016329 2.4773401036885629 -1.540195043558046 2.5836585230174802 -0.066328909107543868 -1.0738223040411066 -0.50537016327275397 -0.92223737199672151 1.47663986884169 0.061466547291727118 -1.0540799945025088 -0.93821681060361073 -0.12281920449442368 -2.2013573168932967 1.4327641960213893 -0.89010312800855329 -0.40689809734871069 1.1539210685650045 1.4327641960213893 -1.7650837722563459 0.99864169796777091 -0.97483529350196407 0.75810821674430728 0.96227365190113923
decision_type=2 2 2 2 2 2 2 2 2 2 2 2 2 2 2 2 2 2 2 2 2 2 2 2 2 2 2 2 2 2
left_child=1 14 3 4 8 -6 -5 11 13 19 -11 12 -7 -3 21 18 17 -17 -16 -4 -21 22 25 24 -24 -1 28 -28 -23 -30
right_child=-2 2 9 6 5 7 -8 -9 -10 10 -12 -13 -14 -15 15 16 -18 -19 -20 20 -22 26 23 -25 -26 -27 27 -29 29 -31
leaf_value=0.0044417323640141733 -6.500642792071188e-05 0.011768001620060741 0.0073817745897512155 -0.0018117348330893687 -0.015990785704925656 -0.00011268721989773472 -0.025060375742614271 -0.009369239441073705 0.0084979973166165023 0.0016077998796873523 0.01390118058412694 0.0011389485672338023 0.017729713760707724 0.027349018841050565 -0.0096291441665962343 0.01501482434105128 -0.017805068835616111 -0.0016977537078864135 -0.031075509069930941 0.0005903975141212267 -0.0032874587977704708 0.00012825926533441674 0.00058498772905962596 0.013069087338562197 -0.0072106670015790594 -0.0067780716890720174 -0.00073169031189391793 -0.012192384546167803 0.0019861545491944373 0.010530588912360113
leaf_weight=39 67784 39 87 28 25 29 20 41 110 113 65 210 47 42 25 28 25 172 21 6560 261 4309 818 26 109 353 969 86 387 116
leaf_count=39 67784 39 87 28 25 29 20 41 110 113 65 210 47 42 25 28 25 172 21 6560 261 4309 818 26 109 353 969 86 387 116
internal_value=1.27305e-12 0.000290659 0.000914186 0.00385068 0.00520753 0.00081051 -0.0114987 0.00209501 0.0133109 0.000669271 0.00609696 0.00373849 0.0109214 0.019847 -0.000349033 -0.00446509 -0.00140767 0.000642007 -0.0194199 0.000529414 0.000442015 -0.000194367 -0.00162608 3.39491e-05 -0.000331653 -0.00566182 0.000133851 -0.00166593 0.000528441 0.00395664
internal_weight=82944 15160 7677 591 543 352 48 327 191 7086 178 286 76 81 7483 271 225 200 46 6908 6821 7212 1345 953 927 392 5867 1055 4812 503
internal_count=82944 15160 7677 591 543 352 48 327 191 7086 178 286 76 81 7483 271 225 200 46 6908 6821 7212 1345 953 927 392 5867 1055 4812 503
is_linear=0
shrinkage=0.05


Tree=141
num_leaves=31
num_cat=0
split_feature=5 0 2 4 4 1 0 0 9 7 9 1 1 6 2 3 2 1 4 1 5 11 9 8 4 2 5 4 9 2
split_gain=0.597397 0.972036 3.16026 7.22055 2.45351 2.32813 1.77566 1.69254 3.78736 2.04598 2.40112 1.86451 2.17433 1.84321 1.82369 1.98391 1.78238 2.88136 1.74382 1.63109 2.50554 3.00467 1.48116 2.60546 2.09485 2.72566 1.73709 1.66454 1.63525 1.46741
threshold=1.4032428797398568 0.84539662698042128 1.6551730087012897 -1.3231262713640659 1.1066146996863102 1.0371510767598477 1.1069427272382926 0.64096024593388712 -1.540195043558046 1.7010387896728181 -1.1551462826685344 0.71784740959440807 -0.48018722520792417 1.7077461606570974 1.254116795852888 1.2404972064677837 0.64897022735425491 0.47570879759679319 0.55330734984315499 -2.2013573168932967 1.0000000180025095e-35 0.46605794042707133 -1.0588840924461567 0.74090168677562918 -1.4434104778517083 0.32712660667203974 0.18394424571997578 1.3231262713640664 -1.3476706631132902 0.44981195587424377
decision_type=2 2 2 2 2 2 2 2 2 2 2 2 2 2 2 2 2 2 2 2 2 2 2 2 2 2 2 2 2 2
left_child=1 7 5 -4 -5 19 22 -1 11 10 13 12 -9 16 15 -11 17 -10 -15 20 21 -3 23 24 -7 28 27 -27 -26 -21
right_child=-2 2 3 4 -6 6 -8 8 9 14 -12 -13 -14 18 -16 -17 -18 -19 -20 29 -22 -23 -24 -25 25 26 -28 -29 -30 -31
leaf_value=-4.2700720771313212e-07 -0.00064441220031579848 0.011421453335587386 0.028091967662405827 0.0017376494513337685 0.019811626505106691 -0.018133809770746478 0.00024924188302334805 -0.019734177255833693 -0.011027182326580835 0.0018169207073992976 -0.0010172651593628648 -0.025385730005800723 0.00055880159083189387 -0.010240072062747047 -0.0099697234042521038 0.012326696409414022 -0.023307364743335973 0.0097976502531673757 0.0077243191629116029 0.00013000694795030365 -0.0078331851089994114 -0.0080141338437291175 -0.0013961996717526664 -0.024017875793982638 0.015783813983822861 -0.0044845141572877768 -0.0013884916366940295 -0.021953519386394574 -0.0033214405412547335 0.0015286794489321794
leaf_weight=61287 3447 116 31 307 20 29 301 22 98 329 2313 20 33 22 28 52 21 20 35 11788 30 24 165 22 24 25 54 30 21 2230
leaf_count=61287 3447 116 31 307 20 29 301 22 98 329 2313 20 33 22 28 52 21 20 35 11788 30 24 165 22 24 25 54 30 21 2230
internal_value=-6.98941e-13 2.79418e-05 0.000387285 0.00502945 0.00284309 0.00027544 -0.00260247 -5.71254e-05 -0.00121813 -0.000932977 -0.00146753 -0.0123123 -0.00755839 -0.0067811 0.00234622 0.00325133 -0.00988608 -0.00749755 0.000790694 0.000411547 0.00527973 0.00808964 -0.00492238 -0.00776053 -0.0058061 -0.00348465 -0.00775869 -0.0140131 0.00686803 0.000352509
internal_weight=82944 79497 15217 358 327 14859 671 64280 2993 2918 2509 75 55 196 409 381 139 118 57 14188 170 140 370 205 183 154 109 55 45 14018
internal_count=82944 79497 15217 358 327 14859 671 64280 2993 2918 2509 75 55 196 409 381 139 118 57 14188 170 140 370 205 183 154 109 55 45 14018
is_linear=0
shrinkage=0.05


Tree=142
num_leaves=31
num_cat=0
split_feature=4 9 5 8 8 1 0 7 3 0 0 0 1 7 1 5 8 0 4 9 4 1 3 0 1 1 7 6 9 3
split_gain=0.618648 2.6634 6.83894 19.874 18.9567 10.0991 9.48939 8.75896 8.66798 5.24186 4.7397 4.20815 5.40551 4.96314 3.66682 3.4916 5.38171 3.28776 6.00405 3.25362 4.68917 6.50898 6.46651 5.59941 4.70906 4.61926 4.49342 4.38047 5.50255 5.1876
threshold=-0.81793260411596802 -1.3476706631132902 0.12281920449442395 -1.0174668528432229 -1.7404918888887655 0.54381182028618502 -0.94953129001567838 -0.74611299300944822 2.2784055443310356 -1.3216952615942394 -0.91224084685196039 -0.3347641806992408 0.88408258218813507 0.50473852548845832 -0.89577639379447804 0.18394424571997578 0.37100531152820115 -0.30211222621632566 -1.1787852235788951 0.2887865706671337 -1.3231262713640659 0.57050791468766338 -0.75873562289728513 -0.7125928053781474 -1.9909062894360965 0.78864774111986746 1.7010387896728181 -0.89145085320788475 -0.96262190222377886 1.47663986884169
decision_type=2 2 2 2 2 2 2 2 2 2 2 2 2 2 2 2 2 2 2 2 2 2 2 2 2 2 2 2 2 2
left_child=1 2 3 -1 8 15 -5 -8 -4 -7 -9 12 -12 14 -13 16 -6 18 -11 20 21 22 23 -3 -24 -23 -25 29 -29 -27
right_child=-2 19 4 6 5 9 7 10 -10 17 11 13 -14 -15 -16 -17 -18 -19 -20 -21 -22 25 24 26 -26 27 -28 28 -30 -31
leaf_value=-0.010527785336476378 8.1899072393570288e-05 -0.0067871708378709934 0.058596012815833091 -0.0056070679166725194 0.0072566728562463156 0.017943685849507649 -0.0018134891617125424 0.018854716646680494 0.0192951156851895 -0.012640346821651542 0.0047716055164587568 0.035017078963142857 -0.013159327333172164 0.0060222984794455498 0.013707266772107688 0.0057873402555380518 0.032272281298457189 0.0012174275759025477 0.014883833394750304 0.00026716926782865659 -0.0019766382749233716 0.012653728240790467 0.015645084468026958 0.0047022105132184964 -0.0025739024463198954 0.00079264113530812708 -0.0061772277428250207 0.0080060351404280077 -0.0014315526682137686 -0.016599651309253092
leaf_weight=371 61001 150 20 295 43 30 382 81 47 143 338 27 48 227 80 93 43 160 23 9102 5778 126 36 907 2396 173 106 415 246 57
leaf_count=371 61001 150 20 295 43 30 382 81 47 143 338 27 48 227 80 93 43 160 23 9102 5778 126 36 907 2396 173 106 415 246 57
internal_value=7.78685e-13 -0.000227677 0.00132577 -0.000181263 0.00595451 0.00281463 0.00241587 0.00441652 0.0310267 -0.00205658 0.00738763 0.00609758 0.00254185 0.0102069 0.0190845 0.0125026 0.0197645 -0.0038971 -0.00882676 -0.000423014 -0.00102764 0.000161287 -0.000837776 0.00222876 -0.00230421 0.00369288 0.00356379 0.00242569 0.00449371 -0.00351762
internal_weight=82944 21943 2451 1849 602 535 1478 1183 67 356 801 720 386 334 107 179 86 326 166 19492 10390 4612 3595 1163 2432 1017 1013 891 661 230
internal_count=82944 21943 2451 1849 602 535 1478 1183 67 356 801 720 386 334 107 179 86 326 166 19492 10390 4612 3595 1163 2432 1017 1013 891 661 230
is_linear=0
shrinkage=0.05


Tree=143
num_leaves=31
num_cat=0
split_feature=0 6 2 4 2 5 5 4 3 4 3 1 0 4 0 3 0 2 1 11 4 3 11 3 0 3 0 5 11 0
split_gain=0.581738 2.13972 2.11097 3.06641 2.77695 2.09837 5.48869 2.62523 4.11541 2.39701 2.13625 2.09821 4.03133 6.75947 2.25997 2.11678 3.90795 2.01701 2.27641 4.62466 3.69068 1.95969 1.94934 3.9391 3.51516 3.39861 3.34263 3.01598 3.79914 2.91266
threshold=-0.86439164144784375 -0.91243033262339701 -1.3167513550134524 -1.4434104778517083 -1.3776364692530938 -0.061466547291726868 0.061466547291727118 0.36085261946292707 0.38828668664611671 0.98633049319866772 -1.119698752202533 -0.96580435817842514 -1.5239108790402416 1.0825578583887816 -1.3216952615942394 2.2784055443310356 -1.4699380875502279 2.78459223563048 0.5157797671789649 -0.76213734878520889 1.2750125887690096 -2.6504146077464608 1.0000000180025095e-35 1.9121305399912412 -0.91224084685196039 1.8226766453680494 -1.2890518259621933 -0.061466547291726868 0.46605794042707133 -0.89706151121772792
decision_type=2 2 2 2 2 2 2 2 2 2 2 2 2 2 2 2 2 2 2 2 2 2 2 2 2 2 2 2 2 2
left_child=1 -1 3 -3 5 7 10 21 -9 -8 -7 12 13 -4 15 17 -17 18 -13 -20 -21 -5 25 26 -25 -16 -24 28 -28 -29
right_child=-2 2 11 4 -6 6 9 8 -10 -11 -12 14 -14 -15 22 16 -18 -19 19 20 -22 -23 23 24 -26 -27 27 29 -30 -31
leaf_value=-0.00032166921851108294 -6.2622048337196507e-05 0.015745386276588155 -0.0019641903041734956 -0.01252625438355608 0.015892943638263626 0.0061949723004363485 0.0038427280577980763 -0.011898495121341612 0.010685343882785393 -0.011493937652783408 0.026679625252727421 0.00040163665281059207 -0.0041051924455345829 0.028974427340122372 0.00062607501438563453 -0.0013703501880324136 -0.022984161481245199 0.012782375284781058 0.0011201920859353518 -0.0073122333045777619 -0.028728304982185367 0.0038671703880786439 0.023756478913128376 -0.00051415958189006362 -0.019594791864178011 0.012951446287211425 0.0020023273702721237 0.0067192522676445161 -0.014790158205402968 -0.0050605725913651679
leaf_weight=7483 67784 48 55 20 37 20 143 90 26 31 35 1773 473 26 2978 75 29 30 168 103 25 206 22 175 28 57 247 661 39 57
leaf_count=7483 67784 48 55 20 37 20 143 90 26 31 35 1773 473 26 2978 75 29 30 168 103 25 206 22 175 28 57 247 661 39 57
internal_value=-7.69171e-13 0.000279998 0.000866461 0.00357891 0.0026184 0.00175823 0.00546238 -0.000722028 -0.0068366 0.00111033 0.0192307 0.000613026 -0.00234016 0.00796672 0.000866013 -0.000434371 -0.00739728 -8.9377e-05 -0.000276014 -0.00433505 -0.0114951 0.00241642 0.00153786 0.00321785 -0.00314597 0.000857556 0.00447697 0.00405451 -0.000287557 0.00578409
internal_weight=82944 15160 7677 656 608 571 229 342 116 174 55 7021 554 81 6467 2203 104 2099 2069 296 128 226 4264 1229 203 3035 1026 1004 286 718
internal_count=82944 15160 7677 656 608 571 229 342 116 174 55 7021 554 81 6467 2203 104 2099 2069 296 128 226 4264 1229 203 3035 1026 1004 286 718
is_linear=0
shrinkage=0.05


Tree=144
num_leaves=31
num_cat=0
split_feature=0 5 4 5 3 1 4 5 4 2 3 6 4 2 2 3 3 0 0 1 0 0 2 5 8 0 4 5 0 5
split_gain=0.579629 2.36181 3.30667 1.37694 0.682223 0.601285 0.595827 1.44014 1.40717 3.32455 4.069 2.61035 4.20382 3.39985 2.74228 2.60663 3.34028 3.51985 2.37692 2.01133 1.83077 2.72522 2.09461 2.07653 5.24602 3.62899 1.9131 1.82185 3.29199 8.86282
threshold=-2.1688816975275453 0.12281920449442395 1.3471831126615947 0.36482234569996347 -0.79957566952759762 -0.33348422088253987 0.048113682595056877 -1.2818148012906687 0.89010312800855373 -3.0434776404737893 0.079960483417503267 1.0000000180025095e-35 0.74576208022338275 -0.18057151410551953 -1.078091028346303 3.7333394414554397 2.131578920635214 -0.09986454742668556 -1.1169853663914993 -0.75431448852739302 0.18906320576173741 1.0760577781069476 0.46221913152187838 -0.85925218225375766 0.74090168677562918 0.27751881947500395 0.19245473038022776 -1.0414542967587235 0.089524900430581297 0.18394424571997578
decision_type=2 2 2 2 2 2 2 2 2 2 2 2 2 2 2 2 2 2 2 2 2 2 2 2 2 2 2 2 2 2
left_child=1 2 -1 4 -3 -6 -2 -8 11 10 -10 12 15 -13 19 16 -9 18 -18 -14 26 23 -23 -22 -25 -26 -15 -11 -29 -30
right_child=6 3 -4 -5 5 -7 7 8 9 27 -12 13 14 20 -16 -17 17 -19 -20 -21 21 22 -24 24 25 -27 -28 28 29 -31
leaf_value=0.013830678126859395 -0.0001388906508947309 -0.0002850316061327855 -0.0043567589786205748 0.0019615676607635684 -0.0039700019568123896 -0.015068330221737808 -0.00061593859029240904 -0.00043811133371557685 -0.0031234503130458217 0.0014410197342335273 -0.021262941607651679 0.0029866834169522058 0.0040806626031516099 0.0027552169650682358 0.0016564208515287655 -0.011898748695432228 0.014577648244798184 0.023540858159259218 -0.0051722594262220162 0.015668158436987979 0.00028761866689327895 -0.0013735978853356963 0.0022716581522052794 0.0028806407101777437 0.028200968930667099 0.0087880432516796864 -0.0014817761357144984 0.00044716563441193338 -0.0035228772628189547 0.00037717183678892075
leaf_weight=77 42511 30 37 147 23 26 5574 8349 188 1971 37 2123 97 327 1636 49 25 29 39 61 466 1058 628 771 33 89 1438 8828 2298 3979
leaf_count=77 42511 30 37 147 23 26 5574 8349 188 1971 37 2123 97 327 1636 49 25 29 39 61 466 1058 628 771 33 89 1438 8828 2298 3979
internal_value=1.02917e-12 0.00206022 0.00792774 -0.000899501 -0.00622326 -0.00985891 -8.47992e-06 0.000129796 0.000250214 -6.8257e-05 -0.00610639 0.000570221 6.47607e-05 0.00132006 0.00226393 -0.000399885 -0.000333142 0.00909041 0.00254255 0.00855432 0.000584463 0.00132713 -1.58157e-05 0.00299321 0.00440509 0.0140391 -0.000696792 1.13038e-05 -0.000175255 -0.00105063
internal_weight=82944 340 114 226 79 49 82604 40093 34519 17301 225 17218 10285 6933 1794 8491 8442 93 64 158 4810 3045 1686 1359 893 122 1765 17076 15105 6277
internal_count=82944 340 114 226 79 49 82604 40093 34519 17301 225 17218 10285 6933 1794 8491 8442 93 64 158 4810 3045 1686 1359 893 122 1765 17076 15105 6277
is_linear=0
shrinkage=0.05


Tree=145
num_leaves=31
num_cat=0
split_feature=9 2 0 4 2 5 4 4 3 0 2 7 12 4 0 4 6 0 4 3 4 5 7 1 1 7 6 0 6 0
split_gain=0.639173 2.40503 2.12935 2.47684 2.49442 1.99393 4.75829 5.25535 3.55968 3.65394 2.93309 3.3569 2.80978 3.45867 3.80305 2.72212 3.66014 2.67811 2.63271 7.56219 4.367 3.84524 3.47483 4.53453 7.12703 4.74974 4.28385 4.22573 9.46184 6.70917
threshold=-0.28878657066713359 -1.8779936383290419 1.5712329679093855 0.60142103243821199 0.58567185142985489 0.59600457818367614 0.98633049319866772 -1.4434104778517083 -0.74554202975703132 0.10915855750540752 -1.7726864691750246 1.0000000180025095e-35 -1.0444659357341868 0.67359155633079737 0.44343594626068611 -0.45707998465304106 0.30811198432835407 -1.3779362757385505 -1.3471831126615943 -0.60263698939989541 -1.5636946843393509 -0.53960840463842685 -0.90839521789717692 0.45546046040914751 0.9312826056016329 -0.081021797575299523 -0.89145085320788475 -0.22982493779196608 -0.066328909107543868 -0.14168951538582014
decision_type=2 2 2 2 2 2 2 2 2 2 2 2 2 2 2 2 2 2 2 2 2 2 2 2 2 2 2 2 2 2
left_child=2 -2 5 4 -4 18 7 -7 9 -8 11 -9 15 14 -14 16 -12 -10 19 20 21 -1 -21 27 26 -26 -25 28 -24 -29
right_child=1 -3 3 -5 -6 6 8 10 17 -11 12 -13 13 -15 -16 -17 -18 -19 -20 22 -22 -23 23 24 25 -27 -28 29 -30 -31
leaf_value=0.0069456884347129655 0.0090640757498719419 0.00010349295451438656 -0.0081330710466284931 0.00011798913709695237 0.0013439424729014757 -0.0051176758522905345 -0.0016489386440662205 0.02765312421889532 -0.015287712904608855 0.013392892203086782 0.0011064285280079512 -0.00096931890584528446 -0.0015947157186582761 0.0039810182580175754 0.0049378044745354288 0.00049347070925546087 0.0117515298269508 -0.0043112610304332629 -0.00010163405943768715 -0.0068319683665522268 0.0029524836863121604 0.020335676915096381 -0.0036883095323362947 0.029887081234267466 0.0039067190330525836 -0.0032829279891022733 0.0083058988796584615 -0.032228407060558149 0.01612529386177488 -0.0039986769155406178
leaf_weight=210 75 48280 274 357 93 486 160 21 59 54 161 20 2564 393 244 474 162 956 25072 182 673 72 196 27 513 416 155 22 87 486
leaf_count=210 75 48280 274 357 93 486 160 21 59 54 161 20 2564 393 244 474 162 956 25072 182 673 72 196 27 513 416 155 22 87 486
internal_value=5.11342e-13 0.000117391 -0.000164111 -0.00284717 -0.00573154 -0.00010675 -0.000954764 -0.000205428 -0.00371371 0.00214666 0.000385648 0.013691 0.0002492 -0.000412211 -0.00102708 0.00290563 0.00644546 -0.0049493 6.68287e-05 0.00145666 0.00514114 0.0103644 -0.000231763 0.000399802 0.00245978 0.000687243 0.0115075 -0.00249354 0.0024028 -0.00522122
internal_weight=82944 48355 34589 724 367 33865 5754 4525 1229 214 4039 41 3998 3201 2808 797 323 1015 28111 3039 955 282 2084 1902 1111 929 182 791 283 508
internal_count=82944 48355 34589 724 367 33865 5754 4525 1229 214 4039 41 3998 3201 2808 797 323 1015 28111 3039 955 282 2084 1902 1111 929 182 791 283 508
is_linear=0
shrinkage=0.05


Tree=146
num_leaves=31
num_cat=0
split_feature=7 10 7 0 9 0 4 4 0 3 0 0 9 3 4 3 2 9 4 1 0 0 0 0 9 1 1 1 2 9
split_gain=0.588108 1.97226 3.45758 2.80054 4.62129 2.32837 5.37341 3.70506 3.27308 2.15781 1.9998 2.64929 2.03615 2.54617 4.62934 2.43991 3.79284 1.99766 5.53003 1.95517 1.9524 1.7457 5.31181 4.77213 4.97969 3.13815 3.13153 2.98751 2.84749 2.60525
threshold=1.0000000180025095e-35 1.0000000180025095e-35 0.50473852548845832 -0.52048563144016946 0.57757314133426751 -0.22138998051086597 0.67359155633079737 0.89010312800855373 -0.091820962317381863 -1.1665793135064972 -1.39904985507936 -1.101341205258261 -1.540195043558046 -1.6930867289562173 0.91415996930608234 -2.1297982977837422 -0.13182025122491522 -1.4439328533356683 0.26462525427281319 -2.9962175190977089 -1.8176815985916415 -1.1732138849503568 -0.81149832643199871 -1.39904985507936 -1.540195043558046 0.59857854835854962 -0.54255399317767117 -0.9162882758214691 3.6676140064361964 -1.3476706631132902
decision_type=2 2 2 2 2 2 2 2 2 2 2 2 2 2 2 2 2 2 2 2 2 2 2 2 2 2 2 2 2 2
left_child=-1 9 3 19 5 6 17 -8 -7 10 12 -12 13 14 -2 -14 -17 18 -5 -3 -4 23 26 25 -25 27 -23 -11 -26 -28
right_child=1 2 20 4 -6 8 7 -9 -10 21 11 -13 15 -15 -16 16 -18 -19 -20 -21 -22 22 -24 24 28 -27 29 -29 -30 -31
leaf_value=-8.7137041467193668e-05 -0.011359714131521167 0.01216126572030286 0.011377034740498624 -0.03251342169630031 -0.00058127470976429303 -0.020935083221411334 0.017477176660815111 -0.0035784641311814389 -0.0066407282340610139 0.017165429478821655 0.008421652284118215 0.0019393330401010053 -0.010128155708886109 -0.02286184993307953 0.016379741184590828 -0.0056884802946889843 0.019580568230682702 -0.0063030809315903526 0.0012571737043220888 -0.00076495624713451057 0.0001484800263180529 -0.0020379737877495546 0.00017052638253844721 -0.019658917064468068 -0.0019528953406193793 0.014680643016948703 0.011980409130576797 -0.0012931788121874669 -0.017935040319759038 0.0041583735863498471
leaf_weight=58070 53 30 39 27 522 64 39 45 107 24 175 1587 26 22 21 27 33 248 22 1176 5268 168 13752 57 276 44 129 253 31 609
leaf_count=58070 53 30 39 27 522 64 39 45 107 24 175 1587 26 22 21 27 33 248 22 1176 5268 168 13752 57 276 44 129 253 31 609
internal_value=-5.70296e-13 0.000203427 -0.000468627 -0.00209709 -0.00395402 -0.00714347 -0.00496795 0.00619737 -0.0119907 0.000498381 0.00206775 0.00258315 -0.00292205 -0.00792761 -0.00348771 0.00266556 0.0082095 -0.00812582 -0.0173511 -0.000443408 0.000230996 0.000299539 0.000414833 -0.00216759 -0.00608666 0.00227646 0.00412312 0.000306123 -0.00356673 0.00552564
internal_weight=82944 24874 7587 2280 1074 552 381 84 171 17287 1944 1762 182 96 74 86 60 297 49 1206 5307 15343 14658 685 364 321 906 277 307 738
internal_count=82944 24874 7587 2280 1074 552 381 84 171 17287 1944 1762 182 96 74 86 60 297 49 1206 5307 15343 14658 685 364 321 906 277 307 738
is_linear=0
shrinkage=0.05


Tree=147
num_leaves=31
num_cat=0
split_feature=9 1 0 4 9 5 4 4 8 4 4 4 8 8 3 6 0 4 6 4 4 4 3 4 5 9 8 5 7 1
split_gain=0.593618 2.21374 1.9308 2.24639 1.8482 1.78572 4.25518 4.74087 3.58918 3.90878 5.17215 3.7196 3.46949 3.336 3.81177 2.96816 2.92259 2.80402 2.87392 2.48616 3.49298 2.38225 6.78639 4.20132 4.68867 3.5943 6.93711 3.94019 3.513 4.0797
threshold=-0.28878657066713359 -1.3492591293390104 1.5712329679093855 0.60142103243821199 -1.540195043558046 0.59600457818367614 0.98633049319866772 -1.4434104778517083 -1.0174668528432229 -0.50519366724809844 -0.89010312800855329 -0.93821681060361073 -1.7404918888887655 0.19793268244031401 -0.024325885941264811 -0.066328909107543868 -0.91224084685196039 0.505193667248098 -0.50537016327275397 0.74576208022338275 0.89010312800855373 -1.3471831126615943 -0.5907057670083895 -1.5877515256368793 -0.53960840463842685 -1.0588840924461567 -1.0174668528432229 -0.1839442457199755 -0.90839521789717692 0.45546046040914751
decision_type=2 2 2 2 2 2 2 2 2 2 2 2 2 2 2 2 2 2 2 2 2 2 2 2 2 2 2 2 2 2
left_child=2 -2 5 -4 -5 21 7 12 11 10 16 -9 -7 14 -8 -12 -10 18 -11 -13 -21 22 23 24 -1 26 -25 -28 -24 -30
right_child=1 -3 3 4 -6 6 13 8 9 17 15 19 -14 -15 -16 -17 -18 -19 -20 20 -22 -23 28 25 -26 -27 27 -29 29 -31
leaf_value=0.006725090437468554 0.0039816579627626825 8.3544911733194745e-05 -0.0054599777609807736 -0.014656813675537707 0.0009872062897400512 0.0085266115683638923 0.0018628432075057898 -0.0091111794275445645 -0.0058553067498308209 0.0014303509397726169 0.0032862684836041803 -0.0020348169101417238 -0.0061959549152475098 -0.0061520581904124039 -0.0064045044671893359 0.010954597612410646 0.0021526756868077584 0.0024599263773418464 -0.0033655901711042652 0.016170309695348325 -0.0048685476046932095 -9.951678968146963e-05 -0.0069082896713734956 -0.016942642614802546 0.023496224380690947 0.0060789910544063143 -0.0061910096168769219 0.0066818269524416317 -0.0023662986267392089 0.0023513312831019684
leaf_weight=172 367 47988 367 20 337 44 411 173 140 498 247 558 442 607 211 258 612 634 838 47 34 25072 180 56 55 418 89 179 781 1109
leaf_count=172 367 47988 367 20 337 44 411 173 140 498 247 558 442 607 211 258 612 634 838 47 34 25072 180 56 55 418 89 179 781 1109
internal_value=-2.28098e-12 0.00011313 -0.000158155 -0.00271307 0.000110791 -0.000103534 -0.000906051 -0.000197436 0.000363963 0.00111163 0.00329013 -0.00260737 -0.00486305 -0.00351507 -0.000941675 0.00720395 0.000661828 -0.000278404 -0.00157788 -0.000846563 0.00733918 6.07326e-05 0.0013828 0.00483621 0.0107886 0.0030152 -0.000937472 0.00240689 -0.00023379 0.000401877
internal_weight=82944 48355 34589 724 357 33865 5754 4525 4039 3227 1257 812 486 1229 622 505 752 1970 1336 639 81 28111 3039 969 227 742 324 268 2070 1890
internal_count=82944 48355 34589 724 357 33865 5754 4525 4039 3227 1257 812 486 1229 622 505 752 1970 1336 639 81 28111 3039 969 227 742 324 268 2070 1890
is_linear=0
shrinkage=0.05


Tree=148
num_leaves=31
num_cat=0
split_feature=4 5 8 3 6 9 4 5 0 0 9 2 5 2 1 4 1 4 1 9 2 5 3 3 1 9 4 0 2 6
split_gain=0.603747 1.34435 1.25211 5.39189 4.42853 6.19469 5.71745 3.04291 3.95733 7.14226 5.60567 3.30211 5.32695 3.38714 3.10954 2.85518 2.65114 6.90683 3.42911 2.6215 2.54768 2.499 2.46589 2.18957 3.13906 2.17987 7.45182 7.67454 3.37865 3.0416
threshold=0.024056841297528397 -1.3068553720381466 0.19793268244031401 2.131578920635214 0.30811198432835407 -1.6364572337804242 1.1066146996863102 -1.0414542967587235 0.089524900430581297 0.13387308593332839 -0.38504876088951151 -1.7726864691750246 0.75810821674430728 -0.26450838718652298 -1.9909062894360965 1.4434104778517087 0.5157797671789649 1.1306715409838386 1.7496794452803621 -1.540195043558046 -0.36321071409537503 1.0000000180025095e-35 2.4773401036885629 -1.189175759445614 1.0000000180025095e-35 -1.0588840924461567 0.67359155633079737 0.33743162432725143 -1.7726864691750246 0.30811198432835407
decision_type=2 2 2 2 2 2 2 2 2 2 2 2 2 2 2 2 2 2 2 2 2 2 2 2 2 2 2 2 2 2
left_child=-1 -2 -3 7 5 22 -6 20 11 10 21 12 14 16 -9 -8 -13 -18 -19 -16 -4 -10 -5 -21 -25 26 27 -11 -27 -28
right_child=1 2 3 4 6 -7 15 8 9 25 -12 13 -14 -15 19 -17 17 18 -20 23 -22 -23 -24 24 -26 28 29 -29 -30 -31
leaf_value=-0.00013303066472496777 -0.00062243302737220296 0.00054134656782357478 0.0057899147294198563 0.025014357064520161 0.0029767852775486455 -0.0043884835958194271 0.042708589062094689 0.0028903586954993946 -0.019184036736260169 0.019465966872378906 -0.0020066457037602151 0.0019957167553613735 0.015435599552636799 -0.00029641745206560028 0.001820522472484126 0.017362666316330433 0.0078578050272410799 -0.021450023143136474 0.0022420212271667662 -0.016027502751438244 0.00089013345787297021 -0.004471099864397394 0.0057762605138123035 -0.0089251379383809715 0.0096289041667030409 0.012584775589168706 -0.0056520935515101799 -0.0036949507990555672 -0.00091568916964782424 -0.016870762827359918
leaf_weight=42050 5103 17861 307 31 42 117 20 91 120 53 144 2886 33 7805 63 25 58 56 21 88 1953 38 36 185 26 47 163 110 3316 96
leaf_count=42050 5103 17861 307 31 42 117 20 91 120 53 144 2886 33 7805 63 25 58 56 21 88 1953 38 36 185 26 47 163 110 3316 96
internal_value=5.03186e-13 0.000136791 0.00024504 -5.01269e-05 0.00694908 0.00255401 0.0162444 -0.000157539 -0.000408982 -0.00174248 -0.0091422 7.28081e-05 -0.00395911 0.000253809 -0.00537197 0.0286275 0.00167536 -0.00517308 -0.0149886 -0.00744897 0.00155572 -0.0156455 0.0146775 -0.00940207 -0.00663886 -0.00115207 -0.00453941 0.0038359 -0.000727012 -0.00981036
internal_weight=82944 40894 35791 17930 271 184 87 17659 15399 4087 302 11312 486 10826 453 45 3021 135 77 362 2260 158 67 299 211 3785 422 163 3363 259
internal_count=82944 40894 35791 17930 271 184 87 17659 15399 4087 302 11312 486 10826 453 45 3021 135 77 362 2260 158 67 299 211 3785 422 163 3363 259
is_linear=0
shrinkage=0.05


Tree=149
num_leaves=31
num_cat=0
split_feature=4 9 5 8 8 0 3 7 2 2 5 2 6 6 8 12 4 12 4 4 12 4 9 4 2 7 2 0 9 8
split_gain=0.55805 2.33854 6.09408 17.3169 16.8707 8.3412 7.52841 7.52704 6.93629 6.90953 6.05913 5.10135 4.31389 3.96359 3.7839 3.45247 3.25285 4.23442 7.12649 6.01478 4.16305 4.26226 2.98671 4.08353 7.59773 4.30061 4.17537 4.8415 5.93773 8.67769
threshold=-0.81793260411596802 -1.3476706631132902 0.12281920449442395 -1.0174668528432229 -1.7404918888887655 -0.94953129001567838 2.2784055443310356 -0.74611299300944822 -1.1600180648205185 -0.48199072984669428 0.18394424571997578 -0.72507816755287513 -0.89145085320788475 -0.50537016327275397 -1.0174668528432229 -0.6963106238227913 -1.2028420648764235 -0.6963106238227913 -1.3471831126615943 -1.3231262713640659 -0.6963106238227913 -0.96227365190113912 0.2887865706671337 -1.3231262713640659 -2.3548406500209835 -0.17427846833443938 0.8107008060128672 0.85581719238651865 -0.96262190222377886 0.74090168677562918
decision_type=2 2 2 2 2 2 2 2 2 2 2 2 2 2 2 2 2 2 2 2 2 2 2 2 2 2 2 2 2 2
left_child=1 2 3 -1 6 -5 -4 11 -9 10 13 -7 -11 -6 -14 -12 17 18 -16 -19 -18 -22 23 26 25 -25 -3 28 29 -28
right_child=-2 22 4 5 9 7 -8 8 -10 12 15 -13 14 -15 16 -17 20 19 -20 -21 21 -23 -24 24 -26 -27 27 -29 -30 -31
leaf_value=-0.009841189643423353 7.7784597844579004e-05 -0.00053574413996055335 0.054954579770565039 -0.0052808254256734022 0.011948586053040345 0.0056471078674828479 0.018328095435789053 0.020743122336348337 0.0053104530967458333 0.01233145641238397 -0.0089187627836294914 -0.0062283881303874106 0.009676985505323572 0.037470030925911051 0.010969024167378556 0.01263058557424967 -0.01350639496679203 -0.01915193529821755 -0.023448234672347704 0.0073080835156832591 0.022912519914098085 -0.0037998131285088936 0.00026199253809780341 -0.032257877255324273 -0.001691384307439595 -0.0027017975132912399 0.00048720052566295638 0.012877998566185322 -0.0040439711472826335 0.016515905417997155
leaf_weight=371 61001 3855 20 295 32 147 47 81 720 55 34 235 52 29 53 41 26 105 21 27 32 28 9102 32 5726 20 256 117 258 126
leaf_count=371 61001 3855 20 295 32 147 47 81 720 55 34 235 52 29 53 41 26 105 21 27 32 28 9102 32 5726 20 256 117 258 126
internal_value=-1.3906e-12 -0.000216239 0.00123939 -0.000183208 0.0056088 0.00224109 0.0292614 0.0041168 0.00687106 0.0026467 0.0123794 -0.0016585 -0.000670718 0.0240817 -0.00274955 0.00286155 -0.0049625 -0.00837228 0.00120196 -0.0137397 0.00320511 0.0104468 -0.000399276 -0.00097857 -0.00186417 -0.0208902 0.000130923 0.0035259 0.00181622 0.00577416
internal_weight=82944 21943 2451 1849 602 1478 67 1183 801 535 136 382 399 61 344 75 292 206 74 132 86 60 19492 10390 5778 52 4612 757 640 382
internal_count=82944 21943 2451 1849 602 1478 67 1183 801 535 136 382 399 61 344 75 292 206 74 132 86 60 19492 10390 5778 52 4612 757 640 382
is_linear=0
shrinkage=0.05


Tree=150
num_leaves=31
num_cat=0
split_feature=5 0 9 4 4 0 1 1 4 4 1 2 1 9 2 0 2 4 4 5 5 7 4 4 3 5 9 5 11 2
split_gain=0.556207 0.850001 1.19834 3.9427 4.8272 3.59744 3.74889 2.36565 2.13549 2.15669 2.1021 1.4738 3.47357 1.39687 1.52813 1.16165 0.936288 0.86363 1.84884 2.93799 1.61595 1.55413 1.25132 1.05461 1.02799 1.65663 0.898214 1.15316 0.828256 1.56921
threshold=1.4032428797398568 1.2854297296146033 -0.38504876088951151 0.52925050854562661 -1.4193536365541799 1.3123412586307455 -0.56752641185792407 1.7496794452803621 1.0344441757937248 0.96227365190113923 -0.75431448852739302 0.13589175256213074 1.0371510767598477 -0.96262190222377886 -1.3776364692530938 1.795940306805569 -0.32582751981639591 0.67359155633079737 -0.36085261946292729 1.3494002584220433 1.3816171070223859 -0.081021797575299523 0.505193667248098 -0.048113682595056481 0.58595519239225591 -0.99864169796777025 0.67383533155664532 -0.99864169796777025 1.6942532296393515 -0.38599101037014011
decision_type=2 2 2 2 2 2 2 2 2 2 2 2 2 2 2 2 2 2 2 2 2 2 2 2 2 2 2 2 2 2
left_child=1 28 3 4 5 6 -3 13 9 -5 15 -10 -13 14 -6 -4 -7 18 -12 24 21 -21 23 -23 25 -20 27 -19 -1 -30
right_child=-2 2 10 8 7 16 -8 -9 11 -11 17 12 -14 -15 -16 -17 -18 26 19 20 -22 22 -24 -25 -26 -27 -28 -29 29 -31
leaf_value=7.8508938254195333e-06 -0.00062179983098683124 0.003761330175967444 0.0044503975285117509 0.0010588214165465901 -0.02588263118550891 -0.0091933033208509811 0.030062650237232449 0.0027511462004498602 0.00023783023805460995 -0.011343508519584666 0.00037564516590693795 0.02405130494893952 0.00033221425938195201 -0.0066352897976675266 -0.010919298863058889 0.015350163797847927 0.00058019830258158238 0.002277487314361198 0.0011724236381483292 0.0040905820360587148 0.0034045173673513474 0.01056919296018102 0.0049107293208362534 0.024260251892682834 -0.00017928400851592832 0.0074516271002051469 -0.0011902413922946404 -0.0012549924687607259 -0.0052562988703660574 -0.00055565415822800474
leaf_weight=69783 3447 42 132 666 21 38 20 47 36 37 2509 33 29 183 91 30 69 607 340 44 113 22 20 39 458 152 1013 373 192 2358
leaf_count=69783 3447 42 132 666 21 38 20 47 36 37 2509 33 29 183 91 30 69 607 340 44 113 22 20 39 458 152 1013 373 192 2358
internal_value=5.17477e-13 2.69613e-05 0.000546472 -0.000819264 -0.00425094 0.00266223 0.0122456 -0.00766709 0.00136998 0.000406067 0.000852666 0.00828458 0.0129569 -0.00932695 -0.0137249 0.00646887 -0.00289076 0.000692767 0.00114505 0.00276998 0.00773774 0.011655 0.015764 0.0193225 0.00152543 0.00311234 -0.000146208 0.000932982 -2.4492e-05 -0.000909585
internal_weight=82944 79497 7164 1312 511 169 62 342 801 703 5852 98 62 295 112 162 107 5690 3697 1188 238 125 81 61 950 492 1993 980 72333 2550
internal_count=82944 79497 7164 1312 511 169 62 342 801 703 5852 98 62 295 112 162 107 5690 3697 1188 238 125 81 61 950 492 1993 980 72333 2550
is_linear=0
shrinkage=0.05


Tree=151
num_leaves=31
num_cat=0
split_feature=0 6 2 9 0 2 4 2 2 4 3 5 0 4 5 0 0 3 4 4 3 0 0 5 2 3 8 4 5 4
split_gain=0.546681 1.82295 1.86529 5.13288 3.79583 3.23913 3.80991 2.50238 1.99444 1.88527 1.70198 4.22806 2.44337 2.16037 1.86648 1.44467 2.26785 1.3219 3.16922 2.57201 5.67061 4.89492 5.4894 3.15922 3.14118 2.53661 2.48952 1.97956 2.91396 1.93941
threshold=-0.86439164144784375 -0.91243033262339701 -1.3167513550134524 -1.6364572337804242 -1.0318387362866506 -1.3776364692530938 0.36085261946292707 -1.7726864691750246 -1.4985912050699806 -1.3712399539591229 1.47663986884169 0.061466547291727118 -1.0540799945025088 -0.93821681060361073 -0.12281920449442368 -1.3547605537023368 -0.99206241793141436 2.2784055443310356 1.3952967952566522 1.299069430066538 -0.53242526760823206 -1.2558814016043309 -1.4257507750069001 -0.061466547291726868 0.41061213151952697 -0.46616053355697645 0.74090168677562918 0.69764839762832587 0.18394424571997578 -1.1306715409838382
decision_type=2 2 2 2 2 2 2 2 2 2 2 2 2 2 2 2 2 2 2 2 2 2 2 2 2 2 2 2 2 2
left_child=1 10 3 4 -3 6 9 15 -9 -5 -1 14 13 -13 -12 -8 -17 19 27 25 23 22 -22 24 -21 -4 -23 28 -19 -27
right_child=-2 2 17 5 -6 -7 7 8 -10 -11 11 12 -14 -15 -16 16 -18 18 -20 20 21 26 -24 -25 -26 29 -28 -29 -30 -31
leaf_value=-0.00013774489963826186 -6.0705850943076706e-05 0.0087125929275606862 -0.000911036263533714 0.013367358057505704 0.034719988461583855 0.017602022331688675 -0.0017374346354592813 0.011432684538885952 -0.0075485073141753683 0.0023949331952206475 -0.0087554633002728238 0.013371751573868097 -0.016087394166737795 -0.0016046063611204161 -0.028975436392994155 -0.022280090474165404 -0.0039945168265451995 0.0049749980288508692 -0.010398645994111735 0.012787622728917217 0.0036372770233740574 0.0089244097727724427 -0.016239977700837804 0.0044707863294105562 0.038034678153185682 0.0047439809018313623 0.0003549375495265028 0.0099223465441078268 -0.008916950007900595 0.00084291501684361468
leaf_weight=7212 67784 47 2264 44 20 31 34 31 25 355 25 28 25 172 21 39 30 76 92 28 71 187 68 36 22 350 155 46 75 3551
leaf_count=7212 67784 47 2264 44 20 31 34 31 25 355 25 28 25 172 21 39 30 76 92 28 71 187 68 36 22 350 155 46 75 3551
internal_value=-3.289e-13 0.00027143 0.000812745 0.00336248 0.016476 0.00187079 0.000996835 -0.005548 0.00295894 0.00360492 -0.000283918 -0.00417394 -0.00135008 0.000492084 -0.0179863 -0.0101731 -0.0143298 0.000574513 -0.00273674 0.000716662 0.00393928 0.00182496 -0.00608685 0.0157647 0.0238963 0.000420275 0.00504058 0.000841404 -0.00192498 0.00119292
internal_weight=82944 15160 7677 656 67 589 558 159 56 399 7483 271 225 200 46 103 69 7021 289 6732 567 481 139 86 50 6165 342 197 151 3901
internal_count=82944 15160 7677 656 67 589 558 159 56 399 7483 271 225 200 46 103 69 7021 289 6732 567 481 139 86 50 6165 342 197 151 3901
is_linear=0
shrinkage=0.05


Tree=152
num_leaves=31
num_cat=0
split_feature=1 0 0 0 9 0 0 3 4 4 2 2 3 4 1 4 9 0 6 0 6 2 2 0 9 4 4 4 4 9
split_gain=0.54983 1.70069 6.57085 7.14682 6.75262 4.40165 5.63715 5.74355 3.8862 3.54892 3.8621 2.94059 2.5541 2.31817 2.65136 3.58934 6.20422 6.16509 3.36162 2.64263 2.61964 3.3838 2.49998 2.35531 2.22152 2.1426 3.48517 3.62375 2.87519 2.38209
threshold=0.88408258218813507 -0.10341572577855503 -0.35922177738879607 -0.33014924461481099 -1.2514084728909125 0.12702658324564448 0.12142570656743339 1.0578201793598794 1.202842064876424 1.0344441757937248 0.16977928257991784 -1.4363326009232116 -0.74554202975703132 1.1787852235788956 1.7496794452803621 1.3952967952566522 -1.3476706631132902 -0.77674926944880063 1.7077461606570974 -0.46857423455844588 -0.89145085320788475 1.3979521108251303 0.01622925961364478 -0.51373663881816856 -0.6738353315566451 1.5396378430418227 1.2750125887690096 1.3952967952566522 1.6118083669344083 -1.2514084728909125
decision_type=2 2 2 2 2 2 2 2 2 2 2 2 2 2 2 2 2 2 2 2 2 2 2 2 2 2 2 2 2 2
left_child=-1 2 13 4 8 6 9 -8 -4 10 -3 -7 -12 19 15 20 17 -17 -16 22 -15 -22 -2 -24 -11 26 29 -28 -27 -13
right_child=1 5 3 -5 -6 11 7 -9 -10 24 12 25 -14 14 18 16 -18 -19 -20 -21 21 -23 23 -25 -26 28 27 -29 -30 -31
leaf_value=4.0213177862969174e-05 0.001708725338040201 -0.014923046184451999 -0.015482623825307219 -0.0022900422732299928 -0.0055802827014039599 0.009155509498222577 0.0052144834244002899 0.038424845298995147 -0.037479233783819982 0.011724870792049707 0.014849773524329066 -0.0040170734641999314 0.00080518824046449584 0.0098761250659742447 0.0051055456864732241 -0.025913760523227133 0.0013905067776122 0.0040318738445639614 -0.012082089513229827 0.0041583122193191808 0.003028690502782103 -0.020254842358990572 -0.0019358248539129233 -0.012948478665202857 -0.0047934427740983672 0.016258707682718525 -0.025250193155531227 -0.004512642163408364 0.00077971990739267012 0.00013869895348552437
leaf_weight=75570 517 37 57 762 141 75 30 23 31 134 35 455 431 92 550 55 121 25 30 242 71 20 1676 50 24 40 29 77 120 1424
leaf_count=75570 517 37 57 762 141 75 30 23 31 134 35 455 431 92 550 55 121 25 30 242 71 20 1676 50 24 40 29 77 120 1424
internal_value=-1.81302e-12 -0.000412111 -0.00102937 -0.00461776 -0.0123633 0.000521987 0.00393686 0.0196265 -0.0232314 0.00267884 0.000625498 -0.000576312 0.00186004 1.67545e-06 0.00208291 -0.00113975 -0.00575228 -0.0165557 0.00421653 -0.000805692 0.00392647 -0.00208857 -0.00134126 -0.00225485 0.00921576 -0.000916585 -0.00136523 -0.0101861 0.00464947 -0.000867622
internal_weight=82944 7374 4440 991 229 2934 714 53 88 661 503 2220 466 3449 964 384 201 80 580 2485 183 91 2243 1726 158 2145 1985 106 160 1879
internal_count=82944 7374 4440 991 229 2934 714 53 88 661 503 2220 466 3449 964 384 201 80 580 2485 183 91 2243 1726 158 2145 1985 106 160 1879
is_linear=0
shrinkage=0.05


Tree=153
num_leaves=31
num_cat=0
split_feature=3 4 5 9 6 4 9 2 4 8 9 9 2 5 4 4 4 8 1 2 2 4 2 5 5 1 5 4 5 4
split_gain=0.548846 1.57677 3.40219 1.1793 2.2014 3.1258 1.76124 1.39635 1.3202 1.28655 3.19516 1.46874 1.30648 1.91949 1.33919 1.14765 1.0944 1.22596 1.02318 1.95918 1.33242 1.36456 1.12156 0.988559 1.31183 0.983771 0.943083 0.905311 0.901527 0.878471
threshold=-1.8143488958195075 1.4193536365541803 -0.30505838731795659 -1.2514084728909125 -0.066328909107543868 0.79387576281843975 -1.3476706631132902 -1.2069947265804768 0.40896630205798407 0.74090168677562918 -1.540195043558046 -1.3476706631132902 0.24004836906637639 -0.1839442457199755 -1.2268989061739519 0.91415996930608234 -1.3952967952566515 -1.7404918888887655 -0.22773090994535253 0.90653492394164015 -0.0052364969770653637 0.93821681060361073 -2.6748628771683247 0.80943899875565395 0.95394520574413566 0.49411218005936808 -0.1839442457199755 -1.2750125887690089 1.0000000180025095e-35 -0.64953471503326854
decision_type=2 2 2 2 2 2 2 2 2 2 2 2 2 2 2 2 2 2 2 2 2 2 2 2 2 2 2 2 2 2
left_child=1 3 -3 4 18 8 15 29 9 10 27 12 13 14 -12 -7 17 -9 19 22 25 -22 -1 -18 -25 28 -11 -6 -20 -5
right_child=-2 2 -4 7 5 6 -8 16 -10 26 11 -13 -14 -15 -16 -17 23 -19 20 -21 21 -23 -24 24 -26 -27 -28 -29 -30 -31
leaf_value=-0.0050131176749025202 -2.4747029937729594e-05 0.00072156968655892552 0.023346841971700394 0.0067921967251532824 0.013463494349871914 -0.024404420175900065 -0.0039838764409992908 0.014975860177610928 0.0064017519372392383 0.01150128933285097 -0.022140213203701107 -0.0012394080021116151 -0.019674364606971327 0.0007922859517766126 -0.0075438875429840249 -0.010574172739870847 -0.00054297110335865004 0.0021571772765706888 -0.0043706646195745893 -0.0082159195781538377 -0.0010149352065606141 0.01338416827576501 0.0044849270037233893 0.010467777931989986 0.0011194158110768959 0.003086806128267199 -0.0020058054632196825 0.00037103822940717573 -0.016530822341640793 0.0020143920819538203
leaf_weight=34 79983 54 24 158 31 24 63 26 53 28 22 117 23 51 55 40 1000 66 35 38 76 21 362 48 172 20 24 23 27 246
leaf_count=34 79983 54 24 158 31 24 63 26 53 28 22 117 23 51 55 40 1000 66 35 38 76 21 362 48 172 20 24 23 27 246
internal_value=-5.91475e-13 0.000668471 0.00768319 0.000478686 -0.000747577 -0.00303191 -0.00991856 0.00131263 -0.000983656 -0.00203025 -0.00320873 -0.00544445 -0.00870266 -0.00673119 -0.0117143 -0.0157605 0.000521164 0.00577985 0.00131689 0.00262878 -0.00186389 0.0021024 0.00366944 0.000124608 0.00315906 -0.00655572 0.00526725 0.00788708 -0.00966622 0.00388294
internal_weight=82944 2961 78 2883 1167 554 127 1716 427 374 322 268 151 128 77 64 1312 92 613 434 179 97 396 1220 220 82 52 54 62 404
internal_count=82944 2961 78 2883 1167 554 127 1716 427 374 322 268 151 128 77 64 1312 92 613 434 179 97 396 1220 220 82 52 54 62 404
is_linear=0
shrinkage=0.05


Tree=154
num_leaves=31
num_cat=0
split_feature=0 9 4 3 9 9 2 0 3 2 1 12 3 0 4 4 6 2 4 9 3 9 6 0 0 0 0 4 1 4
split_gain=0.52676 1.43588 3.74153 1.50023 1.15095 0.59021 2.03404 1.66309 2.09235 1.57776 1.8737 2.03165 1.79037 1.44366 1.43953 7.78661 3.98378 5.66925 3.36638 7.99312 4.76386 8.47555 4.70049 3.99592 4.74323 3.75868 3.21352 3.7721 3.15107 3.03839
threshold=-2.1688816975275453 -1.540195043558046 1.3471831126615947 -0.55501124900749199 -1.3476706631132902 -0.28878657066713359 -1.8779936383290419 1.5712329679093855 1.2404972064677837 0.21096540199043137 -0.48994157816819039 0.34815531191139576 -1.29680531701945 0.51688165533280728 0.89010312800855373 0.69764839762832587 -0.50537016327275397 -3.0434776404737893 1.3952967952566522 -0.6738353315566451 -0.26132129981768332 -1.4439328533356683 1.1133806251249947 0.70787364914832496 0.30673063642939341 0.12142570656743339 0.058082874027958385 1.3231262713640664 -0.18500042414532253 1.5396378430418227
decision_type=2 2 2 2 2 2 2 2 2 2 2 2 2 2 2 2 2 2 2 2 2 2 2 2 2 2 2 2 2 2
left_child=1 2 -1 -3 -5 7 -7 14 -9 10 11 -8 -13 -14 15 -2 17 -16 22 20 21 -20 23 24 26 -22 27 -18 -26 -27
right_child=5 3 -4 4 -6 6 9 8 -10 -11 -12 12 13 -15 16 -17 18 -19 19 -21 25 -23 -24 -25 28 29 -28 -29 -30 -31
leaf_value=0.015140973327548378 -0.0001678331583274495 0.0039081447977423528 -0.0069854562700693984 -0.012138421402402944 -0.0010573174107169812 0.0083322004651029905 0.0016620381382758992 -0.0032132025559357814 0.008159106826886189 0.00055490400224374192 -0.00023072154252319851 0.003523491359097122 -0.00028795585807998695 -0.0039596930658168409 -0.019381398409605028 0.0032899412864985504 -0.0045982026934398507 0.00084777224730153667 0.023094708017100965 -0.0051834762085970834 0.0023428119134107322 0.0029086201168845379 0.00026831420816348891 -0.011975611039560062 -0.00091256154546384477 -0.0091389893109794541 -0.0092279560977527719 0.0025371090175992455 0.011317578612390577 0.00027380219353243516
leaf_weight=56 23564 128 29 31 96 75 2909 681 43 13311 30160 247 1302 337 35 1749 1070 3317 68 546 815 221 912 148 158 153 285 224 79 195
leaf_count=56 23564 128 29 31 96 75 2909 681 43 13311 30160 247 1302 337 35 1749 1070 3317 68 546 815 221 912 148 158 153 285 224 79 195
internal_value=1.37045e-12 0.00196402 0.00759196 8.80353e-05 -0.00376215 -8.08393e-06 0.000104436 -0.000166835 -0.00253778 9.16505e-05 -8.47583e-05 0.000833334 -0.000444874 -0.00104291 -0.000115654 7.10815e-05 -0.000690277 0.000636549 -0.00160278 -2.62338e-05 0.00191306 0.00765829 -0.00269802 -0.00407547 -0.00343162 0.000485398 -0.00442162 -0.00336303 0.00316415 -0.00386458
internal_weight=82944 340 85 255 127 82604 48341 34263 724 48266 34955 4795 1886 1639 33539 25313 8226 3352 4874 1998 1452 289 2876 1964 1816 1163 1579 1294 237 348
internal_count=82944 340 85 255 127 82604 48341 34263 724 48266 34955 4795 1886 1639 33539 25313 8226 3352 4874 1998 1452 289 2876 1964 1816 1163 1579 1294 237 348
is_linear=0
shrinkage=0.05


Tree=155
num_leaves=31
num_cat=0
split_feature=1 5 5 4 0 4 4 0 4 5 4 0 2 6 0 0 0 4 5 6 0 0 0 3 6 3 2 4 3 0
split_gain=0.517757 2.17476 2.93808 5.16811 4.18628 8.31918 3.12197 2.64225 2.42803 2.20265 2.166 3.88859 1.97617 3.08484 1.95954 4.43495 8.9577 13.5092 4.09995 8.19009 4.38457 3.10247 7.85765 3.19919 3.02816 4.09288 2.94009 2.80432 2.85831 4.34528
threshold=0.88408258218813507 1.0000000180025095e-35 -0.24472827403648004 1.5155810017442943 -0.16309116136109869 1.5636946843393513 1.202842064876424 -0.35491878502369684 1.3712399539591236 -0.48220716928829888 0.048113682595056877 -0.59128930660725565 1.8899286799374029 0.30811198432835407 -0.09986454742668556 -0.35922177738879607 -0.33014924461481099 1.202842064876424 0.18394424571997578 0.30811198432835407 -0.22138998051086597 0.12702658324564448 0.12142570656743339 -0.30704438421144808 -0.89145085320788475 2.7411778454774844 -0.2195972376683499 1.1787852235788956 1.3456115380910785 -0.79658003601355298
decision_type=2 2 2 2 2 2 2 2 2 2 2 2 2 2 2 2 2 2 2 2 2 2 2 2 2 2 2 2 2 2
left_child=-1 2 3 6 5 10 -2 -8 -9 -5 -4 -12 13 -6 15 27 17 -17 19 20 -18 22 26 -24 25 -20 -16 -3 -29 -30
right_child=1 14 4 9 12 -7 7 8 -10 -11 11 -13 -14 -15 21 16 18 -19 24 -21 -22 -23 23 -25 -26 -27 -28 28 29 -31
leaf_value=3.9022713893346639e-05 -0.00071001866175579153 -0.00064986311156581874 -0.012886339468454864 0.00070823245548776214 -0.015058694966137411 -0.031914784112258961 -0.0017023338938529774 -0.027741958404129203 -0.009059194720024805 0.016697745786755799 -0.0067099120167446987 0.017473716373470696 0.0063652896036260898 0.0090549597039907472 -0.010685554534919855 -0.0087165185998158562 0.0029700651893327977 -0.051324376109100525 -0.0013689052113997086 -0.010144294260024299 0.028247846946829844 7.2441644306797483e-05 0.0095374060528618954 0.035776125467740574 -0.0016105330474249489 -0.029507459626377869 0.0037600868226741963 0.0054551962519915342 -0.0048552864699991111 0.0065299240561823057
leaf_weight=75570 1095 2129 63 35 36 38 103 22 83 56 68 22 70 21 38 163 29 21 28 41 42 1362 21 26 449 24 482 451 221 135
leaf_count=75570 1095 2129 63 35 36 38 103 22 83 56 68 22 70 21 38 163 29 21 28 41 42 1362 21 26 449 24 482 451 221 135
internal_value=5.16263e-14 -0.000399911 -0.00196146 -0.000972156 -0.00629825 -0.0109762 -0.00177671 -0.0073922 -0.0129737 0.0105479 -0.00577576 -0.000798358 0.000737098 -0.00617472 7.22502e-05 -0.0005964 -0.00390416 -0.0135794 -0.00100002 0.00764844 0.0179231 0.00136622 0.00447403 0.0240524 -0.00293341 -0.0143559 0.00270444 0.000301518 0.00281142 -0.000537861
internal_weight=82944 7374 1712 1394 318 191 1303 208 105 91 153 90 127 57 5662 3733 797 184 613 112 71 1929 567 47 501 52 520 2936 807 356
internal_count=82944 7374 1712 1394 318 191 1303 208 105 91 153 90 127 57 5662 3733 797 184 613 112 71 1929 567 47 501 52 520 2936 807 356
is_linear=0
shrinkage=0.05


Tree=156
num_leaves=31
num_cat=0
split_feature=9 9 12 2 4 4 1 2 6 4 9 5 7 1 4 5 7 8 5 4 4 1 4 5 2 5 4 2 6 5
split_gain=0.523158 1.65001 2.50924 2.36383 1.57503 2.12406 3.17172 1.44168 1.39411 1.3617 3.33472 4.07243 6.59359 6.69844 8.20337 6.53906 4.99609 7.41793 6.74287 9.53438 5.62641 7.37237 4.9749 4.87138 4.80993 4.63666 4.35255 3.47766 5.40374 5.30746
threshold=0.96262190222377908 0.2887865706671337 -0.34815531191139565 -0.35537071591295755 -0.57736419114068327 -0.26462525427281347 -0.3899012081179703 1.254116795852888 1.7077461606570974 -0.8660462867110249 -0.96262190222377886 0.12281920449442395 -0.90839521789717692 0.54381182028618502 -1.0585010170912528 0.24472827403648026 0.50473852548845832 0.37100531152820115 -0.30505838731795659 -1.5877515256368793 -1.2268989061739519 -1.6062162477739952 -1.2028420648764235 -0.12281920449442368 1.0391556740420083 0.24472827403648026 -1.1787852235788951 2.0221389452373439 -0.066328909107543868 -0.36482234569996336
decision_type=2 2 2 2 2 2 2 2 2 2 2 2 2 2 2 2 2 2 2 2 2 2 2 2 2 2 2 2 2 2
left_child=1 9 3 -3 -4 6 -6 -5 -9 10 11 16 24 15 -15 26 17 18 19 -1 21 -21 -17 -18 25 -13 -14 28 -19 -30
right_child=-2 2 4 7 5 -7 -8 8 -10 -11 -12 12 13 14 -16 22 23 27 -20 20 -22 -23 -24 -25 -26 -27 -28 -29 29 -31
leaf_value=0.019864597846151747 -0.00023513752421620913 0.0051414414038679036 0.00090575078244207693 0.00091527244921065323 -0.020279314408078789 -8.9675951945327901e-05 -0.0022135925599295007 0.0097165345816852544 -0.00067600809410214423 7.4820575502556355e-05 -0.0011840915267314045 0.0016818772246152526 0.032801125640315669 0.0035112958375283589 -0.0078676727421860895 0.014783606435068781 -0.00024283780694427505 -0.0011947007370951123 -0.0069631107476287105 0.011096010215987918 0.0041897701143456039 -0.016411472447262165 -0.0041867360424172754 0.0090576413617581841 0.0087798769370743285 -0.018953778509073607 0.012761794570833446 -0.0063082099646622194 -0.0052872224356092165 0.008578053414646401
leaf_weight=58 18406 372 3202 5896 25 5610 862 91 50 36264 7547 41 35 1067 186 54 349 549 816 32 153 102 96 236 36 81 120 137 84 387
leaf_count=58 18406 372 3202 5896 25 5610 862 91 50 36264 7547 41 35 1067 186 54 349 549 816 32 153 102 96 236 36 81 120 137 84 387
internal_value=-9.14212e-14 6.70604e-05 0.000505432 0.00127313 -1.85253e-06 -0.000449158 -0.00272277 0.00103476 0.00603124 -7.87437e-05 -0.000536483 0.000521647 0.00245267 0.00343967 0.00182216 0.0100847 -0.000619806 -0.00166184 -0.00448546 0.00137474 -0.00236189 -0.00984252 0.00264259 0.00350915 -0.0072799 -0.0120188 0.0172868 0.00117153 0.00217617 0.00610527
internal_weight=82944 64538 16108 6409 9699 6497 887 6037 141 48430 12166 4619 1716 1558 1253 305 2903 2318 1161 345 287 134 150 585 158 122 155 1157 1020 471
internal_count=82944 64538 16108 6409 9699 6497 887 6037 141 48430 12166 4619 1716 1558 1253 305 2903 2318 1161 345 287 134 150 585 158 122 155 1157 1020 471
is_linear=0
shrinkage=0.05


Tree=157
num_leaves=31
num_cat=0
split_feature=3 4 8 2 5 5 2 1 4 12 8 4 9 4 0 11 2 1 8 4 4 1 9 1 1 9 0 1 2 5
split_gain=0.509581 1.40087 5.98463 1.29415 1.82702 2.07049 1.57266 1.52719 0.986466 2.02574 2.02393 1.62454 1.68344 4.21941 1.51267 2.79665 1.45282 1.31096 1.22628 1.68229 1.22087 1.20284 1.13711 1.08702 1.28886 2.19794 1.38399 0.911597 0.883706 2.0911
threshold=-1.8857123515670644 1.3471831126615947 -1.0174668528432229 0.75712075633841425 -0.12281920449442368 1.0000000180025095e-35 1.3246772382074914 -0.48994157816819039 -0.60142103243821221 1.0444659357341872 0.37100531152820115 -0.31273893686786985 -1.3476706631132902 0.79387576281843975 -0.87623715263893565 1.0000000180025095e-35 -2.6748628771683247 -2.9962175190977089 -0.27754979391328816 -0.50519366724809844 0.60142103243821199 0.43767636531823212 -1.540195043558046 -0.10049991961698827 -1.9909062894360965 -1.4439328533356683 -1.3216952615942394 -1.5111271317232526 -2.6748628771683247 -0.1839442457199755
decision_type=2 2 2 2 2 2 2 2 2 2 2 2 2 2 2 2 2 2 2 2 2 2 2 2 2 2 2 2 2 2
left_child=1 3 -3 8 7 6 -6 -5 14 10 11 16 13 20 -1 -16 -10 -11 19 -18 -13 23 -12 24 -19 26 -26 -4 29 -17
right_child=-2 2 27 4 5 -7 -8 -9 9 17 22 12 -14 -15 15 28 18 21 -20 -21 -22 -23 -24 -25 25 -27 -28 -29 -30 -31
leaf_value=-0.00087968486435357921 -2.2435551178403521e-05 0.03091283468529582 0.0078774957299602277 0.012470994030053799 -0.022536895045175635 -0.0020817069606004581 -0.0045704100014907975 -0.0018361171404125565 0.0030526590997892941 0.012773119488024507 0.009743227454071697 -0.0028498780974818365 0.001529054032011361 -0.017916283442173154 0.010911760227127861 -0.015996360270814462 0.0036651297553401928 -0.0091416485607624057 -0.019445689238848225 -0.012438461939719592 0.011188417699720178 0.013811198910698295 8.7454163866666865e-05 -0.0034350470842279416 0.0036920586848751672 0.0012800258334979076 0.018104641276618674 -0.0020345326018685549 0.0026388424284163386 0.0039044120659430825
leaf_weight=303 80312 20 34 26 29 82 21 66 22 29 33 59 157 48 104 22 23 22 31 55 21 20 401 96 31 260 36 73 475 33
leaf_count=303 80312 20 34 26 29 82 21 66 22 29 33 59 157 48 104 22 23 22 31 55 21 20 401 96 31 260 36 73 475 33
internal_value=1.08448e-12 0.000684591 0.00580764 0.00042486 -0.00320173 -0.00697158 -0.014991 0.0022072 0.000780999 -8.71983e-05 -0.00156704 -0.00405909 -0.00194072 -0.00619662 0.00202631 0.00341514 -0.00866775 0.00245909 -0.0110333 -0.00768997 0.000835175 0.00181585 0.000821649 0.00127673 0.00257281 0.00336094 0.0114361 0.00111508 0.00194411 -0.0040559
internal_weight=82944 2632 127 2505 224 132 50 92 2281 1344 850 416 285 128 937 634 131 494 109 78 80 465 434 445 349 327 67 107 530 55
internal_count=82944 2632 127 2505 224 132 50 92 2281 1344 850 416 285 128 937 634 131 494 109 78 80 465 434 445 349 327 67 107 530 55
is_linear=0
shrinkage=0.05


Tree=158
num_leaves=31
num_cat=0
split_feature=0 0 9 3 4 4 4 9 7 3 9 5 4 5 4 1 7 3 0 9 11 3 5 11 8 0 4 4 3 9
split_gain=0.496365 1.25308 2.89747 2.17356 1.22975 1.04994 1.85953 4.02061 1.75243 1.01811 0.95883 0.865432 0.803389 0.793786 2.97935 0.750306 0.807689 0.792148 1.98428 1.56038 1.2905 0.744984 0.695595 0.695425 2.73862 2.65612 3.67006 3.51081 3.68048 2.38096
threshold=-1.6884035592855893 -1.5888028932481835 -1.6364572337804242 1.4322960289550177 1.5636946843393513 1.3952967952566522 1.0344441757937248 -1.4439328533356683 -0.17427846833443938 -0.53242526760823206 -1.1551462826685344 -0.80943899875565417 0.048113682595056877 0.65128935879477212 0.79387576281843975 -1.4233941785621556 0.50473852548845832 -0.82925939462378317 -2.1688816975275453 -1.540195043558046 -0.76213734878520889 1.2709963976494223 -0.1839442457199755 -0.76213734878520889 -1.7404918888887655 -1.4699380875502279 1.5636946843393513 -0.9141599693060819 -1.6930867289562173 0.57757314133426751
decision_type=2 2 2 2 2 2 2 2 2 2 2 2 2 2 2 2 2 2 2 2 2 2 2 2 2 2 2 2 2 2
left_child=4 2 -2 12 5 6 13 8 -8 -7 -9 -12 22 15 -15 -1 17 18 20 -20 -17 -11 -4 24 29 26 27 -25 -29 -3
right_child=1 23 3 -5 -6 9 7 10 -10 21 11 -13 -14 14 -16 16 -18 -19 19 -21 -22 -23 -24 25 -26 -27 -28 28 -30 -31
leaf_value=0.0048650258686809278 -0.01668215960264206 -0.0033192467621914533 -0.0022678493223606778 0.013288545187400736 0.012479259092784065 -0.014657200632500462 0.0083695227280259129 -0.0085711704256633929 0.025260983381875643 0.001949141797506147 0.00023185671870123772 0.011860431019449606 -2.9628535017504226e-05 0.0010858651358084572 0.016596357489823167 0.0024790244036600653 0.0048479714285771273 -0.0016352756532655229 -0.0062397541210168243 0.00091489472574543128 0.0135458120009537 -0.0089591339579783384 -0.0093954513078463864 -0.010018375511610864 -4.9880693497096036e-05 0.00012388896625241172 -0.019449275952544722 0.019946664774959738 -0.0012173964537402257 -0.00027794065820940155
leaf_weight=70 35 1264 78 23 22 20 34 24 28 45 80 20 140 501 33 68 69 861 99 331 43 24 61 113 22608 54573 34 22 310 1311
leaf_count=70 35 1264 78 23 22 20 34 24 28 45 80 20 140 501 33 68 69 861 99 331 43 24 61 113 22608 54573 34 22 310 1311
internal_value=-1.81777e-12 -2.09867e-05 -0.00306351 -0.00148519 0.000712874 0.000602721 0.000812404 0.00560172 0.0159979 -0.00472418 0.000403622 0.00255757 -0.00270309 0.000383097 0.00204438 -0.000192584 -0.000433259 -0.000693177 0.00080617 -0.000732338 0.00676616 -0.00184504 -0.00539579 -8.20759e-06 -0.000225851 9.13513e-05 -0.0036157 -0.00240594 0.000185041 -0.00177084
internal_weight=82944 80572 337 302 2372 2350 2261 186 62 89 124 100 279 2075 534 1541 1471 1402 541 430 111 69 139 80235 25183 55052 479 445 332 2575
internal_count=82944 80572 337 302 2372 2350 2261 186 62 89 124 100 279 2075 534 1541 1471 1402 541 430 111 69 139 80235 25183 55052 479 445 332 2575
is_linear=0
shrinkage=0.05


Tree=159
num_leaves=31
num_cat=0
split_feature=5 0 9 4 4 0 1 1 4 4 1 2 1 9 2 0 2 4 4 5 4 5 2 3 4 2 5 5 4 0
split_gain=0.492333 0.741278 0.965234 3.4332 4.26209 3.07271 3.30089 2.16178 1.93221 1.95543 1.865 1.2969 3.13344 1.21425 1.26513 1.0469 0.842718 0.797514 1.42924 2.38957 1.1883 1.07681 1.60849 1.51176 0.802315 1.78637 0.774861 0.955285 1.3425 0.685915
threshold=1.4032428797398568 1.2854297296146033 -0.38504876088951151 0.52925050854562661 -1.4193536365541799 1.3123412586307455 -0.56752641185792407 1.7496794452803621 1.0344441757937248 0.96227365190113923 -0.75431448852739302 0.13589175256213074 1.0371510767598477 -0.96262190222377886 -1.3776364692530938 1.795940306805569 -0.32582751981639591 0.72170523892585436 -0.36085261946292729 -1.0414542967587235 -0.28868209557034147 1.3494002584220433 -0.063775555019105451 0.99650593536503185 0.55330734984315499 0.54414598999313413 -0.99864169796777025 -1.2543280627515025 1.2509557474714812 1.7606676471464506
decision_type=2 2 2 2 2 2 2 2 2 2 2 2 2 2 2 2 2 2 2 2 2 2 2 2 2 2 2 2 2 2
left_child=1 -1 3 4 5 6 -3 13 9 -5 15 -10 -13 14 -6 -4 -7 18 -12 -20 -21 23 -23 -22 25 -24 27 28 -19 -16
right_child=-2 2 10 8 7 16 -8 -9 11 -11 17 12 -14 -15 29 -17 -18 26 19 20 21 22 24 -25 -26 -27 -28 -29 -30 -31
leaf_value=-2.2684134496209087e-05 -0.00058500799934683328 0.0034741323729533522 0.0041591336768430085 0.0010323501206148213 -0.023876776324496383 -0.0085329465929565845 0.028153956336900595 0.0028317457461293711 0.00035657122563053338 -0.010777119948604219 0.00034265961127214134 0.022825127350568603 0.00029724582965517867 -0.0062046224952744108 -0.0065861160542930149 0.014506548312880722 0.00073933514501297161 -0.0040267742814149897 0.00024181593852412209 0.016481429142877462 0.0042665597679565825 0.015262289940040898 0.0045719685674656275 -0.0029252513082500438 0.0007482689378349866 0.019474824673185745 -0.0012492463449293937 0.0021103358527897738 0.0019700110804590537 -0.015388413815832648
leaf_weight=72333 3447 42 132 666 21 38 20 47 36 37 2509 33 29 183 53 30 69 195 663 20 279 44 124 99 79 24 918 557 179 38
leaf_count=72333 3447 42 132 666 21 38 20 47 36 37 2509 33 29 183 53 30 69 195 663 20 279 44 124 99 79 24 918 557 179 38
internal_value=1.04222e-12 2.5366e-05 0.000510516 -0.000715212 -0.00391749 0.00257843 0.0114354 -0.00712746 0.00132769 0.000410799 0.00078532 0.00790496 0.0122879 -0.00871418 -0.0128146 0.00607532 -0.00255362 0.000634708 0.00104541 0.00236914 0.00447739 0.00410746 0.00651282 0.00238299 0.00481689 0.00698865 -0.000218464 0.000797925 -0.00115666 -0.0102618
internal_weight=82944 79497 7164 1312 511 169 62 342 801 703 5852 98 62 295 112 162 107 5690 3841 1332 669 649 271 378 227 148 1849 931 374 91
internal_count=82944 79497 7164 1312 511 169 62 342 801 703 5852 98 62 295 112 162 107 5690 3841 1332 669 649 271 378 227 148 1849 931 374 91
is_linear=0
shrinkage=0.05


Tree=160
num_leaves=31
num_cat=0
split_feature=9 9 12 4 4 1 0 4 9 5 0 7 0 4 0 3 1 4 7 8 5 4 4 1 5 8 0 3 0 0
split_gain=0.479645 1.4702 2.24703 1.41499 1.94096 2.86651 1.6541 1.22151 3.02209 3.65012 6.93335 7.09687 8.78979 8.47476 7.04092 6.08427 5.73689 5.02436 4.46166 6.60942 6.00228 8.38061 4.9614 6.52298 4.37413 4.31134 7.08512 4.71433 4.05198 3.99853
threshold=0.96262190222377908 0.2887865706671337 -0.34815531191139565 -0.57736419114068327 -0.26462525427281347 -0.3899012081179703 -0.93614198928319892 -0.8660462867110249 -0.96262190222377886 0.12281920449442395 -0.29045144009127849 0.50473852548845832 -0.14168951538582014 -1.3952967952566515 -1.3547605537023368 2.7411778454774844 0.26091755974443864 -1.0103873344961958 0.50473852548845832 0.37100531152820115 -0.30505838731795659 -1.5877515256368793 -1.2268989061739519 -1.6062162477739952 -0.12281920449442368 1.0792073135794762 -0.51373663881816856 -0.42522558264590921 -0.64222862191835584 -1.0318387362866506
decision_type=2 2 2 2 2 2 2 2 2 2 2 2 2 2 2 2 2 2 2 2 2 2 2 2 2 2 2 2 2 2
left_child=1 7 -3 -4 5 -5 -7 8 9 18 14 12 13 -12 -11 16 -14 -18 19 20 21 -1 23 -23 -20 27 28 -16 29 -27
right_child=-2 2 3 4 -6 6 -8 -9 -10 10 11 -13 15 -15 25 -17 17 -19 24 -21 -22 22 -24 -25 -26 26 -28 -29 -30 -31
leaf_value=0.018633745175561513 -0.00022514673666813387 0.0012044837608222302 0.00085821658925451885 -0.019289888475090267 -8.2374898454397883e-05 0.0020745569287100806 -0.0032603120557148759 7.2025537035374411e-05 -0.0011234609897510805 0.012456639392577037 0.011530517276538456 -0.0010834621837304953 0.03273829171845976 0.045354078812224252 -0.014917023353374158 -0.0039731586077250544 0.011122480995228372 -0.0077361920560222305 -0.00023376075961202767 0.0011094905528897044 -0.0065679498947871506 0.010466242113034242 0.0039477513140441052 -0.015408168097286868 0.0085792676842637288 0.02138648991999419 -0.019769514546108743 -0.001931932279354039 0.020290357765148988 -0.0025605505717168045
leaf_weight=58 18406 6409 3202 25 5610 185 677 36264 7547 98 46 226 26 31 78 100 222 42 349 1157 816 32 153 102 236 23 24 673 55 72
leaf_count=58 18406 6409 3202 25 5610 185 677 36264 7547 98 46 226 26 31 78 100 222 42 349 1157 816 32 153 102 236 23 24 673 55 72
internal_value=-4.86147e-13 6.4211e-05 0.000478007 -2.04136e-06 -0.000426013 -0.00259942 -0.00211536 -7.34191e-05 -0.000506955 0.000500355 0.00232851 0.00619 0.00970992 0.0251478 -0.000287328 0.00666192 0.0103292 0.00812224 -0.000580294 -0.00156502 -0.00423032 0.00129869 -0.00220456 -0.0092292 0.00332158 -0.0016375 0.0054542 -0.00328058 0.00949 0.00323715
internal_weight=82944 64538 16108 9699 6497 887 862 48430 12166 4619 1716 693 467 77 1023 390 290 264 2903 2318 1161 345 287 134 585 925 174 751 150 95
internal_count=82944 64538 16108 9699 6497 887 862 48430 12166 4619 1716 693 467 77 1023 390 290 264 2903 2318 1161 345 287 134 585 925 174 751 150 95
is_linear=0
shrinkage=0.05


Tree=161
num_leaves=31
num_cat=0
split_feature=1 3 2 9 0 10 0 1 3 1 8 0 0 0 4 7 11 2 9 8 1 4 2 0 0 0 0 9 6 0
split_gain=0.494546 1.48551 4.29147 5.50625 3.76085 3.47332 3.37932 2.98629 3.87717 2.30974 2.19729 2.00603 1.91977 1.70236 1.7168 1.62028 1.56997 1.67394 1.64119 1.45547 3.27063 2.02705 4.00186 3.53824 2.31676 1.77558 1.6874 2.03538 3.12859 2.91413
threshold=0.88408258218813507 2.0112990276500669 -2.1687760795408226 -1.4439328533356683 -1.3216952615942394 1.0000000180025095e-35 -1.5133729453854936 -0.7912183577350177 2.7411778454774844 -0.56752641185792407 -1.7404918888887655 -1.6884035592855893 -0.55626609416445294 -0.080264722505050776 0.072170523892585367 1.0000000180025095e-35 1.0000000180025095e-35 -0.55911454620906609 -1.3476706631132902 0.37100531152820115 2.3825425859923857 1.3471831126615947 1.3979521108251303 -0.73804304047437896 -0.79658003601355298 -0.35491878502369684 -0.99206241793141436 -1.1551462826685344 0.30811198432835407 -0.51373663881816856
decision_type=2 2 2 2 2 2 2 2 2 2 2 2 2 2 2 2 2 2 2 2 2 2 2 2 2 2 2 2 2 2
left_child=1 -1 3 -3 6 7 11 8 -6 15 -7 -4 -5 14 -12 -9 18 -18 -11 -2 21 -21 24 -24 -23 -26 -22 28 29 -28
right_child=19 2 4 12 5 10 -8 9 -10 16 13 -13 -14 -15 -16 -17 17 -19 -20 20 26 22 23 -25 25 -27 27 -29 -30 -31
leaf_value=1.1059029886625943e-05 0.00013900466159371872 0.010952748621449522 -0.0071517329663038261 -0.0073157040969185211 0.0071282026460167116 -0.011147339380642569 -0.013279790274906332 0.0020104576417777158 0.033147436329586936 0.021977569401944771 -0.00074271010508870385 0.0097034173682559195 -0.026381162292654477 -0.0030567434187858079 0.01216833408510026 -0.016622904422692954 0.012670720017586762 0.0030737066795710338 0.0076221769756418386 -0.0018788407242486165 0.0055575072076564751 -0.022395314305941477 -0.0064895424011791525 0.011830789824384021 0.0015630549085991726 -0.016243337409105153 0.011672792730054685 -0.00090568174206598947 0.022732351735855142 -0.012346853074901132
leaf_weight=74459 4700 23 31 23 41 44 65 28 22 26 51 41 31 116 52 20 52 360 85 1610 180 47 86 38 28 28 28 582 24 23
leaf_count=74459 4700 23 31 23 41 44 65 28 22 26 51 41 31 116 52 20 52 360 85 1610 180 47 86 38 28 28 28 582 24 23
internal_value=2.46291e-12 3.8138e-05 0.00185297 -0.0095346 0.00270098 0.00387944 -0.00501496 0.00588336 0.0162143 0.00474352 -0.000951293 0.00244634 -0.0182607 0.00109723 0.00577549 -0.00575344 0.00570691 0.00428498 0.0109847 -0.000390845 -0.00132214 -0.0025025 -0.00692581 -0.000875247 -0.01421 -0.00734014 0.00126844 9.33489e-05 0.00784583 0.000840403
internal_weight=82944 75570 1111 77 1034 897 137 634 63 571 263 72 54 219 103 48 523 412 111 7374 2674 1837 227 124 103 56 837 657 75 51
internal_count=82944 75570 1111 77 1034 897 137 634 63 571 263 72 54 219 103 48 523 412 111 7374 2674 1837 227 124 103 56 837 657 75 51
is_linear=0
shrinkage=0.05


Tree=162
num_leaves=31
num_cat=0
split_feature=3 4 2 12 9 7 4 0 0 4 1 9 1 2 4 9 2 2 4 6 9 1 0 11 4 4 8 6 9 4
split_gain=0.482077 1.23364 3.94521 1.05191 1.64052 1.45301 3.42506 3.40478 5.07289 1.95341 2.48381 3.25309 1.92669 3.33104 2.50396 1.66455 1.62698 2.80068 1.39998 1.24283 1.23946 1.84094 1.59352 1.34024 1.2279 1.05013 1.37496 1.0027 1.53065 1.12217
threshold=-1.5904119996865644 1.3471831126615947 0.49416302316425925 -1.0444659357341868 -1.3476706631132902 1.0000000180025095e-35 0.79387576281843975 -1.39904985507936 -1.1452097753420207 -0.38490946076045524 -1.9909062894360965 -1.4439328533356683 -1.0739599975769842 -2.1687760795408226 -0.096227365190113864 -1.6364572337804242 0.36640621500354337 0.028022960304722937 -1.3952967952566515 -0.066328909107543868 -1.3476706631132902 -2.2013573168932967 -0.3241679404903749 1.0000000180025095e-35 0.98633049319866772 -1.4915241604467655 -1.7404918888887655 1.0000000180025095e-35 -0.6738353315566451 1.4434104778517087
decision_type=2 2 2 2 2 2 2 2 2 2 2 2 2 2 2 2 2 2 2 2 2 2 2 2 2 2 2 2 2 2
left_child=1 3 27 20 5 6 9 -7 -9 10 11 -5 13 -10 16 -8 17 -14 25 -11 21 -1 23 -23 -17 26 -6 -3 29 -29
right_child=-2 2 -4 4 18 7 15 8 12 19 -12 -13 14 -15 -16 24 -18 -19 -20 -21 -22 22 -24 -25 -26 -27 -28 28 -30 -31
leaf_value=-0.0067773520005866882 -2.8106644208179448e-05 -0.0079131823822693997 0.023865902962406045 0.0042335398521972821 0.012879109237756994 -0.0075093853758603701 -0.0026016539468400879 0.016693500176241452 -0.010480767818948916 0.0071730306295499412 -0.010320027524398433 -0.014786618056803428 -0.012160320512181067 0.0079697590411624657 0.005041584719826157 -0.021319913360374896 -0.020924616799774497 0.0098765882207468778 0.00038365716429669537 -0.00094634993413211148 0.00092338941670271383 0.010501246615996704 0.019128701420357594 -8.0161156610732812e-05 -0.006852666824124754 0.014384550782519261 -0.00048560149161450903 0.0041450666396745618 -0.00081033323366351724 0.01855597971853885
leaf_weight=25 78667 23 23 100 27 105 32 55 31 73 108 29 46 116 48 44 22 21 2220 133 588 63 26 57 22 28 67 35 88 22
leaf_count=25 78667 23 23 100 27 105 32 55 31 73 108 29 46 116 48 44 22 21 2220 133 588 63 26 57 22 28 67 35 88 22
internal_value=-1.28984e-12 0.000516966 0.00444457 0.000333371 -4.98111e-05 -0.00176184 -0.00350156 0.000357958 0.00279475 -0.00163037 -0.00472583 -4.23096e-05 0.000103086 0.00407883 -0.00416286 -0.0119601 -0.00912706 -0.00525323 0.000670234 0.00193091 0.00201301 0.00575978 0.00790655 0.00547508 -0.0164975 0.00588498 0.0033532 0.00178569 0.00332413 0.00970717
internal_weight=82944 4277 191 4086 3327 985 541 444 339 443 237 129 284 147 137 98 89 67 2342 206 759 171 146 120 66 122 94 168 145 57
internal_count=82944 4277 191 4086 3327 985 541 444 339 443 237 129 284 147 137 98 89 67 2342 206 759 171 146 120 66 122 94 168 145 57
is_linear=0
shrinkage=0.05


Tree=163
num_leaves=31
num_cat=0
split_feature=0 6 0 9 7 6 11 0 10 8 4 6 0 9 2 4 4 3 3 0 11 2 4 4 9 8 4 9 2 3
split_gain=0.47371 1.5328 1.60929 3.58702 9.2723 5.94565 5.32561 7.90355 3.37664 5.22413 3.00989 1.89032 1.82795 4.02356 1.75073 1.79934 1.69026 6.05607 1.87218 1.52985 1.50826 3.41475 4.46022 4.15024 3.49131 2.64766 1.60888 1.48734 1.39451 1.39317
threshold=-0.86439164144784375 -0.91243033262339701 -1.3216952615942394 -1.540195043558046 0.50473852548845832 -0.50537016327275397 1.0000000180025095e-35 -1.0318387362866506 1.0000000180025095e-35 0.74090168677562918 0.89010312800855373 1.7077461606570974 -1.0540799945025088 -1.0588840924461567 -0.51723173326628047 1.3712399539591236 1.2750125887690096 1.3843980526302044 -0.91172457302698817 -1.2048968289389637 1.0000000180025095e-35 0.2170139530709804 -1.3471831126615943 0.89010312800855373 -1.4439328533356683 1.0792073135794762 -1.5396378430418223 -1.4439328533356683 -0.77703647889256267 -0.74554202975703132
decision_type=2 2 2 2 2 2 2 2 2 2 2 2 2 2 2 2 2 2 2 2 2 2 2 2 2 2 2 2 2 2
left_child=1 -1 11 4 5 -4 8 -8 9 29 -6 -3 16 20 15 -9 -5 18 -18 -20 -14 26 27 24 -24 -25 -22 -23 -15 -7
right_child=-2 2 3 12 10 6 7 14 -10 -11 -12 -13 13 28 -16 -17 17 -19 19 -21 21 22 23 25 -26 -27 -28 -29 -30 -31
leaf_value=-0.00025657112898067351 -5.6509273683571063e-05 -0.00039766182777047944 0.027618370883900564 0.0013447856833898606 -0.0025705708339810373 0.00032093028116616466 0.0012859058684536323 0.018280435252624253 0.011922881909919417 0.0065499406947443885 -0.026647178980487365 0.014665500535851434 -0.0070569902812537017 0.0051706189821339793 0.014420018373742042 0.037363199126862347 0.024295926094055176 -0.0060911482491064822 0.0015076649422884328 0.012948159585458002 0.013975487183779479 -0.0079196812132269982 0.024612355837598444 -0.020363273973943611 0.00067925844414276073 0.00034484399386264133 0.0010617096988676951 -0.021554852575063704 0.00058285829383303202 -0.014249310178061326
leaf_weight=7483 67784 2540 33 2054 25 21 122 30 46 75 27 21 209 187 85 21 24 72 44 87 28 36 20 33 64 29 174 45 1450 75
leaf_count=7483 67784 2540 33 2054 25 21 122 30 46 75 27 21 209 187 85 21 24 72 44 87 28 36 20 33 64 29 174 45 1450 75
internal_value=8.90905e-13 0.000252667 0.000749036 0.00126123 0.00503755 0.007096 0.00567024 0.0105257 -0.000102583 -0.0033375 -0.0150719 -0.000274145 0.000797059 -0.000205782 0.0188143 0.026138 0.00179726 0.00589148 0.0114576 0.00910555 -0.00357399 -0.00187714 -0.00608522 -0.000864849 0.00637761 -0.0106772 0.00285174 -0.0154948 0.00110693 -0.0110621
internal_weight=82944 15160 7677 5116 560 508 475 258 217 171 52 2561 4556 2275 136 51 2281 227 155 131 638 429 227 146 84 62 202 81 1637 96
internal_count=82944 15160 7677 5116 560 508 475 258 217 171 52 2561 4556 2275 136 51 2281 227 155 131 638 429 227 146 84 62 202 81 1637 96
is_linear=0
shrinkage=0.05


Tree=164
num_leaves=31
num_cat=0
split_feature=0 2 4 0 9 3 4 3 4 9 9 7 2 3 1 5 5 4 2 9 4 7 4 2 3 5 2 3 4 6
split_gain=0.467236 1.25419 1.44647 1.13607 2.64399 1.87161 1.11372 1.45544 1.27995 3.38562 1.52296 1.31061 1.16927 0.790869 1.17318 0.740212 0.737887 1.36161 0.893043 1.14292 2.90975 0.796032 0.717058 0.674036 0.662631 0.641375 0.640964 0.638684 1.30671 0.745556
threshold=-1.6884035592855893 2.0221389452373439 -0.19245473038022767 -1.5888028932481835 -1.6364572337804242 1.4322960289550177 1.3952967952566522 -0.5907057670083895 1.0344441757937248 -1.4439328533356683 -1.1551462826685344 -0.17427846833443938 -1.6802979893688514 0.37983871585581225 1.1658224153942387 -0.85925218225375766 0.65128935879477212 0.79387576281843975 -0.26450838718652298 -1.3476706631132902 -0.072170523892585409 0.50473852548845832 0.048113682595056877 1.5776952348168747 -0.31631851961405949 -0.59600457818367603 -2.3548406500209835 -0.61447639869091042 0.84198944541349674 -1.0580783826696147
decision_type=2 2 2 2 2 2 2 2 2 2 2 2 2 2 2 2 2 2 2 2 2 2 2 2 2 2 2 2 2 2
left_child=1 6 -3 4 -2 22 8 -8 12 11 -11 -10 26 -9 -15 -12 18 -18 19 20 24 23 25 27 -14 -6 -1 28 29 -20
right_child=3 2 -4 -5 5 -7 7 13 9 10 15 -13 16 14 -16 -17 17 -19 21 -21 -22 -23 -24 -25 -26 -27 -28 -29 -30 -31
leaf_value=0.003516331717504987 -0.015926677880010436 -0.00057073000010431692 0.013377651420035741 -8.1937095307363169e-06 0.0016786896232848189 0.01229955084297968 -0.016554461115793812 0.0068593625957146286 0.0079763183079194274 -0.012338180334440299 0.00031087673815369574 0.022888993139181718 -0.022872072625905279 -0.014075743271969261 0.0023210035598215956 0.011078928938659374 0.0010493788857892144 0.011847612203282846 0.0035716183847709216 -0.00088051551480007074 0.0023040408059023321 0.0053720897772376814 -1.4065453017662679e-05 -0.0093005471816286454 -0.011041929954984065 -0.0067895430430186801 0.013429547225611963 -0.0011501193275800516 -0.0087521666381508122 -0.00074789004911097795
leaf_weight=63 35 34 41 80235 28 23 21 20 34 21 79 26 20 20 24 20 501 31 281 198 40 68 140 20 29 111 22 574 30 155
leaf_count=63 35 34 41 80235 28 23 21 20 34 21 79 26 20 20 24 20 501 31 281 198 40 68 140 20 29 111 22 574 30 155
internal_value=3.07903e-12 0.000691641 0.00705439 -2.03616e-05 -0.00291736 -0.00140965 0.000483889 -0.00513256 0.000699711 0.0047408 -0.000108033 0.0144385 0.00034174 -0.00138474 -0.00513206 0.00248624 9.11332e-05 0.0016786 -0.000505709 -0.00299595 -0.0077022 0.00012789 -0.0025398 -0.000208531 -0.0158706 -0.00508371 0.00608211 -3.36843e-05 0.0013415 0.00203601
internal_weight=82944 2372 75 80572 337 302 2297 85 2212 180 120 60 2032 64 44 99 1947 532 1415 287 89 1128 279 1060 49 139 85 1040 466 436
internal_count=82944 2372 75 80572 337 302 2297 85 2212 180 120 60 2032 64 44 99 1947 532 1415 287 89 1128 279 1060 49 139 85 1040 466 436
is_linear=0
shrinkage=0.05


Tree=165
num_leaves=31
num_cat=0
split_feature=1 5 5 6 4 4 4 4 0 3 3 1 4 0 4 4 4 7 6 0 4 0 6 5 0 5 0 8 8 3
split_gain=0.44932 1.78367 2.08123 4.36475 7.415 3.73186 2.83709 2.60683 2.59557 2.8649 2.62509 3.00651 2.58037 2.46625 2.48575 1.69863 2.201 3.58476 2.17955 6.35972 6.03325 3.62695 3.07411 8.34599 5.59949 3.04457 2.667 2.29571 2.22219 2.80416
threshold=0.83483222579266714 1.0000000180025095e-35 -0.1839442457199755 -0.89145085320788475 1.4915241604467659 1.5155810017442943 1.202842064876424 0.024056841297528397 -0.59128930660725565 0.47599134126430692 0.2578052553134168 2.2069776570181805 1.6358652082319367 -0.19301330472787928 1.3952967952566522 1.1787852235788956 -1.0585010170912528 -0.90839521789717692 -0.89145085320788475 -1.2558814016043309 1.3712399539591236 -0.99206241793141436 1.0000000180025095e-35 0.36482234569996347 -0.35922177738879607 0.48220716928829882 -1.0738223040411066 1.0792073135794762 0.74090168677562918 2.131578920635214
decision_type=2 2 2 2 2 2 2 2 2 2 2 2 2 2 2 2 2 2 2 2 2 2 2 2 2 2 2 2 2 2
left_child=-1 2 5 4 7 6 -2 -4 9 -5 -10 -12 -7 -8 -15 16 17 -3 20 -20 26 27 23 24 -23 28 -17 -21 -24 -30
right_child=1 15 3 8 -6 12 13 -9 10 -11 11 -13 -14 14 -16 18 -18 -19 19 21 -22 22 25 -25 -26 -27 -28 -29 29 -31
leaf_value=3.7214255929587181e-05 -0.00072785359011240738 -0.0074933592530906992 -0.012558715129714638 -0.019957126900854133 -0.031277767652155536 0.019337807246483863 -0.0023117630387423558 0.0060651051236645269 0.018145518414288141 0.0017173276282846928 0.0055705154826864601 -0.012929739707760747 0.0027663428238347957 -0.023440928803756835 -0.0065409108970991593 0.0070183754551209638 -0.0011952294114991829 0.0017406813209890244 -0.022348699495196342 0.015552256074734034 0.00071568217927472358 -0.0075226418673992159 0.0019971468932421916 0.0037563270397565681 -0.034369959598106729 -0.0037810008078813552 0.021945100630992993 0.00095557712686612567 0.0039008309823673291 0.021577354709340916
leaf_weight=75249 1189 113 42 31 38 34 120 34 24 30 70 32 76 36 55 63 2984 1504 30 65 281 52 286 103 31 175 57 46 57 37
leaf_count=75249 1189 113 42 31 38 34 120 34 24 30 70 32 76 36 55 63 2984 1504 30 65 281 52 286 103 31 175 57 46 57 37
internal_value=-1.18473e-12 -0.000363916 -0.00173606 -0.0055325 -0.0132439 -0.000979288 -0.00167604 -0.00422701 -0.000831413 -0.00929756 0.00326728 -0.000233486 0.00788843 -0.00701912 -0.0132266 5.84078e-05 -0.000390204 0.00109538 0.00166719 0.000277626 0.00472353 0.00107433 -0.000188294 -0.00575131 -0.01755 0.00167607 0.0141086 0.00950318 0.00418919 0.0108586
internal_weight=82944 7695 1811 301 114 1510 1400 76 187 61 126 102 110 211 91 5884 4601 1617 1283 882 401 852 741 186 83 555 120 111 380 94
internal_count=82944 7695 1811 301 114 1510 1400 76 187 61 126 102 110 211 91 5884 4601 1617 1283 882 401 852 741 186 83 555 120 111 380 94
is_linear=0
shrinkage=0.05


Tree=166
num_leaves=31
num_cat=0
split_feature=9 1 2 4 9 2 9 3 4 7 0 3 5 4 4 8 2 8 6 4 4 4 3 0 6 2 7 4 6 4
split_gain=0.436752 1.96401 1.39367 1.55654 3.03397 2.74161 1.57034 1.54118 1.7708 1.51965 1.39004 1.85647 1.44728 3.93527 4.03146 3.22128 4.64637 3.09053 2.9605 4.66486 3.85334 3.82291 2.91521 3.13459 2.3219 2.50143 3.3228 3.82262 2.05223 2.03647
threshold=-0.28878657066713359 -1.3492591293390104 0.21096540199043137 -0.69764839762832598 0.19252438044475581 -1.2581786958620653 0.48131095111188954 -0.3446147860260857 -0.74576208022338231 -0.90839521789717692 1.5712329679093855 1.2404972064677837 0.59600457818367614 0.98633049319866772 -1.4434104778517083 1.0000000180025095e-35 -1.6802979893688514 -1.7404918888887655 -0.066328909107543868 -0.45707998465304106 0.40896630205798407 -0.93821681060361073 -0.74554202975703132 0.10915855750540752 1.1133806251249947 0.471650225223196 -0.17427846833443938 1.1787852235788956 -0.89145085320788475 -1.3471831126615943
decision_type=2 2 2 2 2 2 2 2 2 2 2 2 2 2 2 2 2 2 2 2 2 2 2 2 2 2 2 2 2 2
left_child=10 -2 3 4 7 -5 9 -3 -9 -7 12 -12 29 14 17 -16 -17 -14 -18 21 -21 -20 23 -15 25 -24 -27 -28 -29 -1
right_child=1 2 -4 5 -6 6 -8 8 -10 -11 11 -13 13 22 15 16 18 -19 19 20 -22 -23 24 -25 -26 26 27 28 -30 -31
leaf_value=0.0012809317563073962 0.0037408395272892792 -0.00094136754898417607 0.00050442063667355296 0.007499307596648578 -9.5178052982117204e-05 -0.0012830048882728395 -0.00023464508294311365 -0.0028592962480921066 -0.01054874232155271 0.00080473445794963523 -0.0029396849885716071 0.0077724411747916505 0.0082045291444625378 -0.001532938767086307 -0.0013461385767656717 0.024954546988010407 -0.00042538820098783013 -0.0056907403072954249 0.0026713283560921217 -0.0024515689072309469 0.0050718274097380353 0.011492497118336454 -0.0038630190725333791 0.012398954565287569 2.9334967824078238e-05 -0.017376493681122058 -0.021893083144511497 0.0090210495023604707 -0.0055383944552020352 -8.9593555947475062e-05
leaf_weight=3039 367 1414 13296 125 7176 973 15390 1168 80 8366 681 43 44 160 1611 21 1200 442 261 434 280 232 550 54 226 93 28 34 84 25072
leaf_count=3039 367 1414 13296 125 7176 973 15390 1168 80 8366 681 43 44 160 1611 21 1200 442 261 434 280 232 550 54 226 93 28 34 84 25072
internal_value=6.22113e-14 9.70383e-05 6.91714e-05 -9.76415e-05 -0.00062997 0.000113071 7.57352e-05 -0.00207162 -0.00335221 0.00058722 -0.000135658 -0.00230347 -8.93127e-05 -0.00081179 -0.000130332 0.000387363 0.00153756 -0.00443273 0.00133325 0.0030817 0.000498783 0.00682247 -0.00332082 0.00198259 -0.00443898 -0.00571887 -0.00998966 -0.00528435 -0.0013433 5.857e-05
internal_weight=82944 48355 47988 34692 9838 24854 24729 2662 1248 9339 34589 724 33865 5754 4525 4039 2428 486 2407 1207 714 493 1229 214 1015 789 239 146 118 28111
internal_count=82944 48355 47988 34692 9838 24854 24729 2662 1248 9339 34589 724 33865 5754 4525 4039 2428 486 2407 1207 714 493 1229 214 1015 789 239 146 118 28111
is_linear=0
shrinkage=0.05


Tree=167
num_leaves=31
num_cat=0
split_feature=4 5 5 1 11 1 2 5 2 9 9 2 1 4 8 3 7 4 8 0 2 0 2 4 4 5 0 3 8 0
split_gain=0.444212 1.11196 1.64575 3.06182 6.02256 3.41118 3.31235 3.37923 3.56088 3.0073 2.82117 2.77551 2.76005 2.67501 2.44424 5.48182 4.54792 3.63953 3.03985 2.83826 2.76691 2.35712 2.28018 2.78488 2.49489 2.34053 2.26444 4.4422 4.76034 3.72075
threshold=0.024056841297528397 -0.1839442457199755 0.53960840463842696 -0.9162882758214691 1.0000000180025095e-35 -0.48994157816819039 0.87524967103576035 0.18394424571997578 0.46221913152187838 -1.540195043558046 -1.540195043558046 1.762917730913067 3.1649699101037929 1.0103873344961962 -1.0174668528432229 -1.29680531701945 -0.67395931651126872 1.3952967952566522 1.0792073135794762 -1.2190092933019654 -0.60345312080697988 -0.047246104512997253 -0.96221201328503947 1.1306715409838386 0.76981892152091114 -0.12281920449442368 -0.09986454742668556 1.6263138465276621 0.74090168677562918 -0.16309116136109869
decision_type=2 2 2 2 2 2 2 2 2 2 2 2 2 2 2 2 2 2 2 2 2 2 2 2 2 2 2 2 2 2
left_child=-1 -2 3 4 10 6 7 8 21 -8 -3 -4 13 -13 15 20 17 -16 22 -20 -6 -5 23 24 -18 -24 27 -7 29 -29
right_child=1 2 11 5 14 26 9 -9 -10 -11 -12 12 -14 -15 16 -17 18 -19 19 -21 -22 -23 25 -25 -26 -27 -28 28 -30 -31
leaf_value=-0.00011410886974086911 -0.0001665387963813988 0.012835076349853938 0.00013912152198905948 0.010006129412581234 -0.015453498175759851 0.0012519251397592685 -0.018396618515253066 -0.0017621890304840432 0.022838963486435937 0.0020091386207451043 0.00019382568857362196 -0.0018498903447834892 5.98882403077058e-06 -0.020512929919641466 -0.0028751574021903029 0.015866491070224181 -0.011470458768308163 0.015666148213729744 0.011343811063802448 -0.0094264683630746349 0.006231823967148861 0.00084892656287584127 0.0055000033350316464 -0.010270821349963976 -0.03360793803419386 -0.011580164454137095 0.0025894599682198885 -0.004193366864690979 0.0039352577746573462 -0.025111157650297339
leaf_weight=42050 18712 84 15196 231 38 3028 25 92 41 65 93 32 82 48 181 45 20 31 29 38 24 101 27 65 35 78 1601 631 199 22
leaf_count=42050 18712 84 15196 231 38 3028 25 92 41 65 93 32 82 48 181 45 20 31 29 38 24 101 27 65 35 78 1601 631 199 22
internal_value=-3.35569e-12 0.000117335 0.000356801 0.0010029 -0.00192835 0.00138557 0.00512092 0.00682029 0.00893714 -0.00365913 0.00619306 6.97203e-05 -0.00644028 -0.0130477 -0.00428103 0.00258246 -0.00573816 -0.000163929 -0.0097852 -0.000436347 -0.00705918 0.00722035 -0.0125691 -0.0172774 -0.0255579 -0.00718812 0.00100734 0.000354507 -0.00283491 -0.0048981
internal_weight=82944 40894 22182 6824 788 6036 555 465 373 90 177 15358 162 80 611 107 504 212 292 67 62 332 225 120 55 105 5481 3880 852 653
internal_count=82944 40894 22182 6824 788 6036 555 465 373 90 177 15358 162 80 611 107 504 212 292 67 62 332 225 120 55 105 5481 3880 852 653
is_linear=0
shrinkage=0.05


Tree=168
num_leaves=31
num_cat=0
split_feature=3 4 5 2 5 0 4 5 4 6 4 4 9 4 9 0 0 3 5 9 0 0 3 9 0 2 12 5 5 5
split_gain=0.442419 1.22745 2.83457 0.989939 1.58732 1.86244 1.62225 1.12109 1.08444 1.7277 2.00684 1.51319 3.24704 1.37553 1.15477 1.12517 1.47601 1.59593 1.58658 1.10102 0.98865 0.900896 1.06949 0.852004 0.841934 0.826664 0.773896 0.703669 0.765529 0.700623
threshold=-1.8857123515670644 1.3952967952566522 -0.30505838731795659 0.64897022735425491 -0.12281920449442368 -0.87623715263893565 0.93821681060361073 1.0000000180025095e-35 -0.50519366724809844 -0.89145085320788475 -0.26462525427281347 0.79387576281843975 -1.3476706631132902 0.96227365190113923 -1.4439328533356683 -0.87623715263893565 -0.22982493779196608 -2.2454769934283045 1.0000000180025095e-35 -1.2514084728909125 -1.39904985507936 -1.0130480086138469 -2.6504146077464608 -1.6364572337804242 -0.67056263840463093 -1.3776364692530938 -0.34815531191139565 -0.12281920449442368 -0.24472827403648004 -0.061466547291726868
decision_type=2 2 2 2 2 2 2 2 2 2 2 2 2 2 2 2 2 2 2 2 2 2 2 2 2 2 2 2 2 2
left_child=1 3 -3 8 5 -5 7 -6 15 14 25 -12 13 -13 20 21 17 18 27 -16 -10 -1 -23 -19 -14 -11 -9 28 -17 -22
right_child=-2 2 -4 4 6 -7 -8 26 9 10 11 12 24 -15 19 16 -18 23 -20 -21 29 22 -24 -25 -26 -27 -28 -29 -30 -31
leaf_value=0.0010140051312233461 -2.0904854645822335e-05 0.00078652258191756167 0.019572035649824623 0.015712979132132161 -0.013797655941258806 -0.0010624013208517006 0.006457756221061573 -0.012248962453526 0.00052374365379012405 -0.0031071167733424101 0.0031169895542955198 -0.019474647299605699 -0.0091125198290683326 -0.0049119422798075026 -0.010241912197038208 0.0059579265426844361 0.0007131499245067002 -0.0075924391352126131 0.01824051119037904 0.0010617183405991135 0.0047355873369664516 -0.014133420371976886 -0.0014523096471869697 0.0028660886574492562 0.00067191828140410876 -0.010620253899012312 -0.001619011128439443 -0.00019808104461325069 0.014974822916475864 0.013271184007383205
leaf_weight=261 80312 71 28 21 48 78 24 23 62 69 188 34 24 31 23 125 349 23 32 340 53 23 60 127 262 78 67 35 29 44
leaf_count=261 80312 71 28 21 48 78 24 23 62 69 188 34 24 31 23 125 349 23 32 340 53 23 60 127 262 78 67 35 29 44
internal_value=-1.30735e-12 0.000637884 0.0060996 0.000424418 -0.00249194 0.00249601 -0.00554013 -0.00762672 0.000759439 -0.000265755 -0.00191522 -0.000502917 -0.00244178 -0.0125294 0.00190194 0.00192338 0.00304726 0.00524297 0.00794468 0.00034551 0.00545529 -0.00042893 -0.00496635 0.00126245 -0.000149153 -0.00709368 -0.00433555 0.00620147 0.00765591 0.0086074
internal_weight=82944 2632 99 2533 261 99 162 138 2272 1208 686 539 351 65 522 1064 720 371 221 363 159 344 83 150 286 147 90 189 154 97
internal_count=82944 2632 99 2533 261 99 162 138 2272 1208 686 539 351 65 522 1064 720 371 221 363 159 344 83 150 286 147 90 189 154 97
is_linear=0
shrinkage=0.05


Tree=169
num_leaves=31
num_cat=0
split_feature=9 1 2 0 3 4 4 6 5 4 9 3 4 5 3 5 2 6 0 9 9 0 8 2 5 1 1 5 3 9
split_gain=0.427082 1.76879 1.25297 1.25259 1.65811 1.3239 7.05442 4.12705 3.64611 5.40871 9.54462 6.75459 6.74703 7.64592 6.07084 4.8449 4.25108 7.80766 3.93596 6.96424 4.58319 3.8408 3.61975 7.38345 8.7046 6.51107 7.7949 5.12603 4.95837 6.38969
threshold=-0.28878657066713359 -1.3492591293390104 0.41061213151952697 1.5712329679093855 1.5230233868243854 0.89010312800855373 0.69764839762832587 -0.066328909107543868 -0.24472827403648004 1.4674673191492373 -1.4439328533356683 3.1493595272315917 1.1066146996863102 -0.061466547291726868 3.7333394414554397 0.59600457818367614 -0.20479920767540652 -0.89145085320788475 -1.0130480086138469 -1.4439328533356683 -1.6364572337804242 -0.3347641806992408 0.37100531152820115 1.1936003756697782 0.42390874111029014 2.5836585230174802 0.31372122578182043 0.30505838731795659 0.62828238175358708 -1.6364572337804242
decision_type=2 2 2 2 2 2 2 2 2 2 2 2 2 2 2 2 2 2 2 2 2 2 2 2 2 2 2 2 2 2
left_child=3 -2 -3 5 -5 6 -1 8 -7 12 11 21 13 -10 -12 16 -14 18 19 20 -18 -11 27 25 -25 26 -24 28 29 -9
right_child=1 2 -4 4 -6 7 -8 22 9 10 14 -13 15 -15 -16 -17 17 -19 -20 -21 -22 -23 23 24 -26 -27 -28 -29 -30 -31
leaf_value=-0.00013729296976714041 0.0035539287361428199 -3.1020478476490983e-05 0.00071880440215307264 -0.0027148934799113207 0.008757392865796151 0.0023666647317996622 0.0031509056832795244 0.012416165029195798 -0.015188058370893652 -0.012689729586613277 0.0006604421439946811 0.0083993744929986344 0.011846902179184438 -0.00081003946553241343 -0.027402787823230031 -0.0023594812469145961 -0.00074328937312113312 -0.0043248837873729748 0.013544324495421809 -0.0037499801769804264 0.017738712228102877 -0.032198655887924393 -0.0036643967205999615 0.011424887643811625 -0.011322212208399615 0.011432834980926494 -0.013033578830597997 0.0026701066320774874 -0.006673398625963692 -0.0015414859894430713
leaf_weight=23824 367 41554 6434 691 33 1568 1751 89 110 194 529 35 181 580 20 298 51 228 153 154 98 29 1118 153 58 59 277 821 445 1042
leaf_count=23824 367 41554 6434 691 33 1568 1751 89 110 194 529 35 181 580 20 298 51 228 153 154 98 29 1118 153 58 59 277 821 445 1042
internal_value=2.99574e-12 9.59581e-05 6.95124e-05 -0.000134148 -0.00219199 -9.01537e-05 8.78345e-05 -0.000639255 0.000454236 -0.00067309 -0.00408956 -0.0120217 0.000814815 -0.00310219 -0.000361898 0.00313875 0.00503293 0.00322982 0.00700717 0.00370623 0.0114127 -0.0152268 -0.00177743 -0.00356831 0.00517213 -0.0048367 -0.0055248 -0.000533456 -0.00220232 -0.000443139
internal_weight=82944 48355 47988 34589 724 33865 25575 8290 4228 2660 807 258 1853 690 549 1163 865 684 456 303 149 223 4062 1665 211 1454 1395 2397 1576 1131
internal_count=82944 48355 47988 34589 724 33865 25575 8290 4228 2660 807 258 1853 690 549 1163 865 684 456 303 149 223 4062 1665 211 1454 1395 2397 1576 1131
is_linear=0
shrinkage=0.05


Tree=170
num_leaves=31
num_cat=0
split_feature=3 4 12 9 4 2 0 4 9 2 1 2 6 0 1 1 0 4 4 6 1 9 4 2 0 4 2 1 9 4
split_gain=0.421652 1.06887 1.15105 1.53898 1.00607 2.89322 1.90116 1.23285 1.64508 4.12756 1.8073 1.55619 1.43041 2.33035 1.32676 1.91468 1.19748 1.18835 1.13284 1.04673 1.05054 1.03332 1.00001 0.986013 1.01555 3.0406 0.965499 2.14261 2.50473 2.8729
threshold=-1.4251294324391448 -1.5877515256368793 1.0444659357341872 -0.57757314133426729 1.3712399539591236 0.16977928257991784 -0.37105102329581641 0.86604628671102535 -1.3476706631132902 -1.1166797401746962 -0.85343142516632697 -1.2581786958620653 -0.066328909107543868 -1.39904985507936 -2.2013573168932967 -1.4233941785621556 -2.1688816975275453 1.0103873344961962 -0.50519366724809844 -0.50537016327275397 -0.62194120573029832 -1.6364572337804242 1.1306715409838386 -0.43909142579936106 -0.3241679404903749 -1.2268989061739519 0.64897022735425491 0.11409632128747377 -1.4439328533356683 -0.48113682595056956
decision_type=2 2 2 2 2 2 2 2 2 2 2 2 2 2 2 2 2 2 2 2 2 2 2 2 2 2 2 2 2 2
left_child=1 2 3 -1 7 19 -7 11 9 10 17 -3 13 21 18 23 -17 -9 -13 -6 -21 -11 -15 -16 25 -25 -18 28 29 -28
right_child=-2 4 -4 -5 5 6 -8 8 -10 12 -12 14 -14 22 15 16 26 -19 -20 20 -22 -23 -24 24 -26 -27 27 -29 -30 -31
leaf_value=0.011969184341918057 -3.0314048606348569e-05 0.0022698456483608797 0.015294891161223255 -0.0045677710393005437 -0.009379884122278203 0.02596743889153004 0.0051593779442001787 -0.024350115616579314 -0.00024939144159094107 -0.00071967706829309465 -0.0015280472405720504 -0.0025721433303820401 -0.01210864886366339 0.0025375474360771477 0.001375202134881607 0.0082724498895307384 0.00011443972617039872 -0.0094583931983271176 -0.01610708091439764 0.0075417151565973966 -0.00065718104709568646 -0.015967525178566574 0.013923125670601924 -0.010391607011357945 0.015102456516194109 0.014093567771988093 -0.028952740888174351 0.00017716550735698999 -0.0025206320427565115 -0.00496314405105435
leaf_weight=24 77351 1002 24 34 22 21 23 37 680 25 20 52 22 54 85 42 2672 21 22 60 112 20 30 21 38 32 24 258 90 26
leaf_count=24 77351 1002 24 34 22 21 23 37 680 25 20 52 22 54 85 42 2672 21 22 60 112 20 30 21 38 32 24 258 90 26
internal_value=-1.55316e-12 0.000419242 0.00608578 0.00227511 0.000334928 0.0035148 0.0150905 0.000191402 -0.00148376 -0.00514914 -0.014489 0.000540331 -0.000324579 0.00168511 2.48718e-05 0.000173883 -0.000113056 -0.0189583 -0.00659604 0.000889388 0.0022029 -0.0074965 0.00660383 0.00524748 0.00886444 0.00439189 -0.000227776 -0.00252527 -0.00750546 -0.0164782
internal_weight=82944 5593 82 58 5511 238 44 5273 909 229 78 4364 151 129 3362 3288 3112 58 74 194 172 45 84 176 91 53 3070 398 140 50
internal_count=82944 5593 82 58 5511 238 44 5273 909 229 78 4364 151 129 3362 3288 3112 58 74 194 172 45 84 176 91 53 3070 398 140 50
is_linear=0
shrinkage=0.05


Tree=171
num_leaves=31
num_cat=0
split_feature=4 1 2 9 1 3 4 9 5 12 5 4 4 5 0 0 8 0 3 1 5 6 6 1 2 0 4 0 3 4
split_gain=0.417178 1.34758 2.12186 5.21456 2.82981 4.05631 3.204 1.73395 5.01931 7.59058 9.08459 6.10137 5.2519 11.5644 14.5205 7.69269 4.98648 4.91215 7.30193 4.31842 6.26105 3.63344 4.57053 3.12161 3.06061 2.83937 3.23468 4.09423 3.39334 2.9674
threshold=-0.8660462867110249 -1.5111271317232526 -2.1687760795408226 -1.4439328533356683 1.3413555975249547 0.023172746041122221 -1.2268989061739519 -1.1551462826685344 0.12281920449442395 1.0444659357341872 0.30505838731795659 -0.9863304931986675 -1.3712399539591229 0.18394424571997578 -0.55626609416445294 -0.16309116136109869 -1.0174668528432229 -0.29045144009127849 -0.46616053355697645 0.54381182028618502 0.24472827403648026 -0.89145085320788475 1.7077461606570974 -0.13271710126521122 -0.5445736433831162 0.97750524825098195 -1.3471831126615943 0.12142570656743339 2.4773401036885629 -1.2990694300665375
decision_type=2 2 2 2 2 2 2 2 2 2 2 2 2 2 2 2 2 2 2 2 2 2 2 2 2 2 2 2 2 2
left_child=1 -1 3 -3 5 6 -5 8 16 17 11 12 15 -14 -15 -11 23 19 -19 20 -10 -18 24 -4 -23 26 -20 -28 -29 -27
right_child=-2 2 7 4 -6 -7 -8 -9 9 10 -12 -13 13 14 -16 -17 21 18 25 -21 -22 22 -24 -25 -26 29 27 28 -30 -31
leaf_value=0.0020540745847969499 6.4869797258987146e-05 0.011212238170371232 -0.0016894940894140661 0.0049032116871482387 0.0044577707613020073 -0.019083319944731985 -0.015926462213392372 -0.00040395881998702798 0.015525782280757329 0.022350796410151256 -0.0063261264397508725 -0.0061037448626011619 0.00044237490995631862 0.015539348994692169 0.066492842792950826 -0.010958705212956724 -0.0040669652932181291 0.033466843083839529 0.013504577975254506 -0.0050262723732002624 -0.0075720885368064043 0.010049800007836894 -0.0052302137771827496 -0.011537324725711522 0.0020686874638019014 -0.012982541897905653 -0.010810450966131282 0.014309443191364957 -0.0029498903727044868 0.0037806172177376786
leaf_weight=646 62146 41 171 48 35 81 30 16986 71 52 55 25 24 27 29 26 336 22 104 338 50 140 192 152 846 44 44 68 49 66
leaf_count=646 62146 41 171 48 35 81 30 16986 71 52 55 25 24 27 29 26 336 22 104 338 50 140 192 152 846 44 44 68 49 66
internal_value=2.45729e-12 -0.000193836 -0.000265896 -0.00498921 -0.00841323 -0.0112465 -0.0031082 -0.000210165 0.000912924 0.00359413 0.0114927 0.0168481 0.0204797 0.0294809 0.041926 0.0112476 -0.000683831 0.00139804 0.00547071 -0.00212452 0.00598121 0.000519406 0.00182757 -0.00632377 0.00320191 0.00382827 0.00663137 0.00219154 0.00708118 -0.00292465
internal_weight=82944 20798 20152 235 194 159 78 19917 2931 1094 238 183 158 80 56 78 1837 856 397 459 121 1514 1178 323 986 375 265 161 117 110
internal_count=82944 20798 20152 235 194 159 78 19917 2931 1094 238 183 158 80 56 78 1837 856 397 459 121 1514 1178 323 986 375 265 161 117 110
is_linear=0
shrinkage=0.05


Tree=172
num_leaves=31
num_cat=0
split_feature=9 2 12 2 5 5 11 5 9 11 0 0 4 2 0 4 5 3 0 4 0 4 6 0 9 4 0 10 5 0
split_gain=0.416801 1.70115 1.26706 4.02571 4.6859 7.17471 5.13125 5.78308 3.18347 5.91521 17.5248 3.05473 2.95404 2.71887 3.32977 2.58614 3.90806 2.28611 3.14677 8.95178 5.02334 4.97482 6.24278 3.97842 6.74691 3.63564 10.4902 3.34772 3.06966 2.86823
threshold=-0.28878657066713359 -1.7726864691750246 -1.0444659357341868 -1.2581786958620653 0.24472827403648026 0.42390874111029014 0.46605794042707133 -0.30505838731795659 -1.4439328533356683 1.0000000180025095e-35 -0.34345730851884587 -0.39599186293974337 0.74576208022338275 -2.1687760795408226 0.12142570656743339 0.86604628671102535 0.061466547291727118 -0.73209719310549859 -0.39045768048712909 1.2509557474714812 -0.047246104512997253 1.1787852235788956 0.30811198432835407 -0.30211222621632566 -1.2514084728909125 1.5636946843393513 -0.76607099216109786 1.0000000180025095e-35 -0.061466547291726868 -0.34345730851884587
decision_type=2 2 2 2 2 2 2 2 2 2 2 2 2 2 2 2 2 2 2 2 2 2 2 2 2 2 2 2 2 2
left_child=2 -2 3 4 6 11 8 12 9 -1 -11 -6 -8 14 -10 -9 -17 29 21 23 -21 -19 25 28 27 -23 -27 -25 -20 -5
right_child=1 -3 -4 17 5 -7 7 15 13 10 -12 -13 -14 -15 -16 16 -18 18 19 20 -22 22 -24 24 -26 26 -28 -29 -30 -31
leaf_value=-0.0067013119440196296 0.0069246450976396985 8.1918613301474382e-05 -0.00028401482660143565 0.00072539464305995617 -0.012629389453930065 0.0014761436706433049 -0.010963689111503623 -0.0050760650503359839 -0.0028909598911892411 0.0038352744364445767 0.049000783036980369 -0.031308468702164569 0.0070117171608907146 0.0034620667195499493 -0.024953760439530015 -0.022827864831003051 0.0020473473425954582 0.00037419515305281512 0.004739110269035925 -0.0012277578361595215 -0.015576551264067266 0.0065646228899176309 0.019371527064693708 0.0084258137826396136 -0.00099024050754056999 -0.019866868017041791 0.0079406497802390445 -0.0062189768068492413 -0.0092377197181217775 0.0050692760638211543
leaf_weight=53 91 48264 27658 878 65 77 31 73 118 105 27 33 87 162 20 75 20 2030 51 101 154 325 73 345 1001 56 86 44 171 670
leaf_count=53 91 48264 27658 878 65 77 31 73 118 105 27 33 87 162 20 75 20 2030 51 101 154 325 73 345 1001 56 86 44 171 670
internal_value=-7.55813e-13 9.4796e-05 -0.000132524 0.000471998 -0.00255896 -0.0099453 -0.000882424 -0.00619423 0.0022499 0.00740841 0.0130737 -0.0189193 0.00228936 -0.000931179 -0.00608847 -0.012153 -0.017591 0.000951077 0.000373875 -0.00118838 -0.0098933 0.00150879 0.00577403 0.000188638 0.00118132 0.00364851 -0.0030257 0.00676933 -0.00602683 0.0026055
internal_weight=82944 48355 34589 6931 946 175 771 286 485 185 132 98 118 300 138 168 95 5985 4437 1867 255 2570 540 1612 1390 467 142 389 222 1548
internal_count=82944 48355 34589 6931 946 175 771 286 485 185 132 98 118 300 138 168 95 5985 4437 1867 255 2570 540 1612 1390 467 142 389 222 1548
is_linear=0
shrinkage=0.05


Tree=173
num_leaves=31
num_cat=0
split_feature=5 0 9 4 1 1 11 4 0 6 0 0 9 9 4 5 4 4 1 4 4 5 9 4 4 7 4 5 5 4
split_gain=0.418541 0.698607 0.783776 2.53571 1.55145 0.85651 0.738179 1.05015 1.39678 0.954908 0.852354 2.15094 3.65185 2.68099 2.57913 2.26682 2.19072 2.09521 1.97563 1.88153 1.82928 2.14152 1.25117 4.27288 1.9287 1.21839 1.09283 1.04231 1.02427 0.930751
threshold=1.4032428797398568 1.2854297296146033 -1.2514084728909125 1.0344441757937248 1.4327641960213893 1.4327641960213893 1.6942532296393515 0.16839788908269929 0.948888889230595 -0.89145085320788475 1.0925701778510748 1.0611072557826955 -1.6364572337804242 -1.0588840924461567 0.55330734984315499 -0.85925218225375766 -0.40896630205798362 -0.84198944541349652 0.30428174356342014 0.57736419114068349 1.3231262713640664 -0.80943899875565417 -1.2514084728909125 -0.62547787373574071 -0.76981892152091091 -0.44226394673424807 0.84198944541349674 -0.53960840463842685 -1.0414542967587235 1.3712399539591236
decision_type=2 2 2 2 2 2 2 2 2 2 2 2 2 2 2 2 2 2 2 2 2 2 2 2 2 2 2 2 2 2
left_child=1 6 3 4 -3 -5 10 8 9 -8 11 29 -13 14 17 28 -17 -14 -16 -18 22 -22 23 24 -12 -24 27 -21 -15 -1
right_child=-2 2 -4 5 -6 -7 7 -9 -10 -11 20 12 13 15 18 16 19 -19 -20 26 21 -23 25 -25 -26 -27 -28 -29 -30 -31
leaf_value=-5.2485383033931541e-05 -0.00053938817188991996 -0.0085836845386074861 0.00058613751784761215 0.010178643654713907 0.0041288654832169411 -0.0018764436042503171 -0.0019583167718220437 3.2016226899461093e-05 -0.00049738241018381995 -0.0064780751357278558 -0.0058922345526745456 0.019639179824040301 -0.0069096897086551286 0.0020987436393296245 -0.00083499887958168981 0.019786695545089657 0.00010241961754931539 0.014716251773158244 -0.017634807074708599 0.016910292050924224 -0.00045136721744439592 -0.0083899274043786522 0.0013589626452966614 0.0041651762919902892 -0.020361617514611904 -0.0012775688528576081 0.0037569908996894288 0.0046878471289976287 -0.0052403236151887826 0.00055638668911416457
leaf_weight=59843 3447 120 6950 41 30 23 248 1440 641 221 61 31 21 177 30 29 102 24 42 53 174 166 887 81 37 866 56 26 65 7012
leaf_count=59843 3447 120 6950 41 30 23 248 1440 641 221 61 31 21 177 30 29 102 24 42 53 174 166 887 81 37 866 56 26 65 7012
internal_value=-1.9802e-12 2.33879e-05 0.000494367 -0.00248603 -0.00604117 0.00584635 -2.32587e-05 -0.000858838 -0.00201454 -0.0040881 7.27485e-06 3.93318e-05 0.00288846 0.00205762 -0.00476603 0.00362921 0.00681497 0.00462415 -0.0106349 0.00522771 -0.000945276 -0.00432725 -0.000350104 -0.00433199 -0.0113552 5.6489e-05 0.00910016 0.0128877 0.000127507 1.13754e-05
internal_weight=82944 79497 7164 214 150 64 72333 2550 1110 469 69783 67511 656 625 117 508 266 45 72 237 2272 340 1932 179 98 1753 135 79 242 66855
internal_count=82944 79497 7164 214 150 64 72333 2550 1110 469 69783 67511 656 625 117 508 266 45 72 237 2272 340 1932 179 98 1753 135 79 242 66855
is_linear=0
shrinkage=0.05


Tree=174
num_leaves=31
num_cat=0
split_feature=0 2 4 1 7 9 5 0 3 0 1 0 9 3 5 4 3 0 9 9 4 8 3 4 11 8 0 4 2 9
split_gain=0.411152 1.12063 1.29357 1.03642 1.0931 1.05787 4.46414 4.04116 1.30371 2.9699 1.03729 1.01674 2.42443 1.70337 0.949901 3.08774 0.781705 0.954747 2.21115 1.09944 3.23241 0.727218 0.863377 0.645606 0.593105 2.43661 2.25559 3.09255 3.45553 2.69097
threshold=-1.6884035592855893 2.0221389452373439 -0.19245473038022767 -0.12800908370947126 -0.67395931651126872 -1.4439328533356683 -0.12281920449442368 -1.8943252621033138 -2.2454769934283045 -2.1688816975275453 -0.66170607662212011 -1.5888028932481835 -1.6364572337804242 1.4322960289550177 0.65128935879477212 0.79387576281843975 1.9121305399912412 -2.1688816975275453 -1.540195043558046 -1.3476706631132902 -0.14434104778517126 -1.0174668528432229 0.35368577911668725 -0.55330734984315477 -0.76213734878520889 -1.7404918888887655 -1.4699380875502279 1.5636946843393513 1.6551730087012897 -0.57757314133426729
decision_type=2 2 2 2 2 2 2 2 2 2 2 2 2 2 2 2 2 2 2 2 2 2 2 2 2 2 2 2 2 2
left_child=1 3 -3 4 -1 6 -6 8 -8 -10 -9 12 -2 23 -7 -16 17 18 -5 20 -19 -22 -23 -14 25 -13 27 28 29 -26
right_child=11 2 -4 16 5 14 7 10 9 -11 -12 24 13 -15 15 -17 -18 19 -20 -21 21 22 -24 -25 26 -27 -28 -29 -30 -31
leaf_value=-0.010105942336376758 -0.015217191356932745 -0.0005476368012536755 0.012642973842221404 0.012123823928413914 0.02017697705409657 0.00012084378722906408 0.0056383833941072228 0.019795075744390489 0.00093512873564447678 -0.020503808585926892 0.0045179496903438128 -0.0016658948722522802 -0.0076705397019395608 0.011762540281304848 0.0015934400291533824 0.017926473550930192 -0.007995240781456232 -0.022438666817139498 -0.0016191550130800654 -0.00013402884083972259 0.0047616524840123024 -0.001181596041110271 -0.010757788501723554 -0.0012977525909787582 -0.0056214437255111271 -4.2600775953074139e-05 0.00011433837311023859 -0.017866324121474892 0.011250538916088813 0.004879620483145118
leaf_weight=20 35 34 41 48 39 725 20 25 35 30 20 2575 48 23 235 33 35 22 75 782 32 89 32 231 327 22608 54573 34 43 75
leaf_count=20 35 34 41 48 39 725 20 25 35 30 20 2575 48 23 235 33 35 22 75 782 32 89 32 231 327 22608 54573 34 43 75
internal_value=-5.74164e-13 0.000648804 0.00666323 0.000452425 0.00148396 0.00168345 0.00534036 0.000889375 -0.00552491 -0.00895977 0.0130052 -1.91005e-05 -0.00275973 -0.00131599 0.00106107 0.0036046 -0.0006411 -0.000402771 0.00374396 -0.000935736 -0.00451822 -0.00194143 -0.00371414 -0.00239415 -7.58936e-06 -0.000208585 8.43542e-05 -0.00333178 -0.00222128 -0.00366229
internal_weight=82944 2372 75 2297 1182 1162 169 130 85 65 45 80572 337 302 993 268 1115 1080 123 957 175 153 121 279 80235 25183 55052 479 445 402
internal_count=82944 2372 75 2297 1182 1162 169 130 85 65 45 80572 337 302 993 268 1115 1080 123 957 175 153 121 279 80235 25183 55052 479 445 402
is_linear=0
shrinkage=0.05


Tree=175
num_leaves=31
num_cat=0
split_feature=7 10 7 0 9 0 4 4 0 3 1 11 9 5 4 2 0 0 0 0 1 3 9 4 5 9 7 1 2 1
split_gain=0.41209 1.45721 2.57917 2.34691 3.86415 2.08104 4.62607 3.08247 2.78943 1.9885 2.37684 2.88393 4.08365 3.22763 2.22559 2.37711 1.98199 3.9859 3.43517 6.10633 2.76936 2.41476 2.40407 3.57833 2.49841 1.90756 2.72961 2.8866 2.75862 2.21371
threshold=1.0000000180025095e-35 1.0000000180025095e-35 0.50473852548845832 -0.52048563144016946 0.57757314133426751 -0.22138998051086597 0.67359155633079737 0.89010312800855373 -0.091820962317381863 -0.024325885941264811 -0.99829971678402096 1.0000000180025095e-35 -1.3476706631132902 1.0000000180025095e-35 0.52925050854562661 3.1370852600680732 0.020608301551981172 -0.24514711865888661 0.11269424647273686 0.26245302327200365 -0.75431448852739302 -1.9547487264544179 -0.48131095111188943 1.5636946843393513 -1.0414542967587235 -1.6364572337804242 0.50473852548845832 -0.16888529839174685 1.254116795852888 -0.36701049183927192
decision_type=2 2 2 2 2 2 2 2 2 2 2 2 2 2 2 2 2 2 2 2 2 2 2 2 2 2 2 2 2 2
left_child=-1 9 3 -3 5 6 -5 -8 -7 14 11 -11 13 -13 15 -2 17 20 -18 -20 21 -16 25 24 -24 -22 27 -27 29 -28
right_child=1 2 -4 4 -6 8 7 -9 -10 10 -12 12 -14 -15 16 -17 18 -19 19 -21 22 -23 23 -25 -26 26 28 -29 -30 -31
leaf_value=-7.2940805567955905e-05 0.00056960557208416676 -0.0003000269946438753 0.00019686123797708579 -0.0073035730172484881 -0.00042965297114250781 -0.019269959215944255 0.016274832427883759 -0.0029304415847743966 -0.006073913369088425 0.012424892245832346 5.8007075123051824e-05 -0.0059752048749942338 -0.00029955033918718934 -0.022511596705764535 0.0048392012816023192 -0.010167610730814677 -0.0073574423611139075 0.011770472874352867 0.022261952133784589 0.0014061962655922109 -0.0027662945074236789 -0.011454358254093416 -0.0057978445616531744 -0.013522182152856414 0.008233212309682535 0.031278477674350144 -0.0077159884936091579 0.010452574409069401 -0.011307964451611044 0.0096325380598240636
leaf_weight=58070 5921 1206 5307 297 522 64 39 45 107 23 8736 72 143 50 37 52 107 148 36 1399 46 59 49 41 90 20 22 99 25 112
leaf_count=58070 5921 1206 5307 297 522 64 39 45 107 23 8736 72 143 50 37 52 107 148 36 1399 46 59 49 41 90 20 22 99 25 112
internal_value=1.43915e-12 0.000170285 -0.00040739 -0.00181386 -0.00351376 -0.00643025 -0.00437352 0.00598629 -0.0110128 0.000423818 -8.93293e-05 -0.00455853 -0.00603257 -0.0127524 0.000984225 0.000476129 0.00230949 0.00442149 0.00128499 0.00192941 0.00260874 -0.00517455 0.00409128 -0.000541749 0.00328701 0.00666518 0.00822578 0.0139527 0.00393958 0.00678427
internal_weight=82944 24874 7587 2280 1074 552 381 84 171 17287 9024 288 265 122 8263 5973 2290 748 1542 1435 600 96 504 180 139 324 278 119 159 134
internal_count=82944 24874 7587 2280 1074 552 381 84 171 17287 9024 288 265 122 8263 5973 2290 748 1542 1435 600 96 504 180 139 324 278 119 159 134
is_linear=0
shrinkage=0.05


Tree=176
num_leaves=31
num_cat=0
split_feature=0 0 9 6 3 9 9 2 1 4 0 9 2 9 1 9 7 4 3 3 7 11 12 4 1 3 2 2 4 5
split_gain=0.398065 1.49814 3.50968 5.66182 3.22668 2.69512 1.71089 2.57829 1.29827 2.30432 3.2894 6.03704 2.28183 4.23048 4.41586 3.07319 6.6571 2.95709 2.64012 2.29344 4.55271 1.93871 4.48469 2.14247 1.88772 2.49676 1.61655 1.50585 2.72864 1.4606
threshold=-0.86439164144784375 -0.92223737199672151 -1.540195043558046 0.30811198432835407 2.2784055443310356 -1.4439328533356683 -1.3476706631132902 -0.053288751869583977 -0.42383645322975527 -0.9141599693060819 -0.94953129001567838 -1.1551462826685344 0.78049246190932775 -1.540195043558046 -1.0739599975769842 -1.540195043558046 0.50473852548845832 1.5155810017442943 -1.5433620647688464 -1.3279259271798955 -0.081021797575299523 0.46605794042707133 1.0444659357341872 0.84198944541349674 -1.6062162477739952 1.1293902944478125 0.93381369417971016 -1.3167513550134524 0.98633049319866772 -0.42390874111029003
decision_type=2 2 2 2 2 2 2 2 2 2 2 2 2 2 2 2 2 2 2 2 2 2 2 2 2 2 2 2 2 2
left_child=1 8 3 -3 5 -4 7 -7 9 -1 12 -12 15 14 -14 16 17 19 -15 -11 24 27 23 -23 -21 -26 -20 28 -17 -13
right_child=-2 2 4 -5 -6 6 -8 -9 -10 10 11 29 13 18 -16 21 -18 -19 26 20 -22 22 -24 -25 25 -27 -28 -29 -30 -31
leaf_value=-0.0035784496216568506 -5.1801312190352407e-05 0.020563491461798551 0.012234863836678085 -0.0035434007739773158 -0.018830582797527314 0.0043586678590382573 0.0013138512757783799 -0.018234540468880109 0.00037586285981406318 0.0022583736134693029 -0.0220243033048367 0.0044880295249943936 0.001610852267947935 0.016293531581759453 -0.027391162663698201 0.004600138144049761 -0.012917004160893461 -0.0055741799535185457 -0.013892980812982257 -0.0032103780946084143 0.029491919996992993 -0.0072357689082208606 0.012853503606415221 -0.025994862616062167 0.0077292189992008258 0.023931852972199179 -0.00077025469633397361 -0.00040426639000764957 -0.0072917426113105789 -0.0072827084242623854
leaf_weight=591 67784 60 55 41 20 23 1147 28 9952 100 48 60 21 20 35 348 48 42 28 29 30 45 21 23 132 29 145 1936 56 47
leaf_count=591 67784 60 55 41 20 23 1147 28 9952 100 48 60 21 20 35 348 48 42 28 29 30 45 21 23 132 29 145 1936 56 47
internal_value=-6.57889e-14 0.000231616 0.00180604 0.0107775 0.00109425 0.00141228 0.000915417 -0.00804545 7.46986e-05 -0.00070704 -0.000183759 -0.00729143 0.000173006 -0.0044164 -0.0165154 0.000575529 0.00457962 0.00689961 -0.000905802 0.0085368 0.0113906 -0.000100336 -0.00734346 -0.0135808 0.00853252 0.0106477 -0.00289416 0.00017515 0.00295176 -0.000682295
internal_weight=82944 15160 1374 101 1273 1253 1198 51 13786 3834 3243 155 3088 249 56 2839 410 362 193 320 220 2429 89 68 190 161 173 2340 404 107
internal_count=82944 15160 1374 101 1273 1253 1198 51 13786 3834 3243 155 3088 249 56 2839 410 362 193 320 220 2429 89 68 190 161 173 2340 404 107
is_linear=0
shrinkage=0.05


Tree=177
num_leaves=31
num_cat=0
split_feature=1 3 2 5 0 10 0 1 8 1 3 2 8 0 0 0 4 12 2 5 5 5 6 4 4 4 0 3 4 4
split_gain=0.388772 1.5855 3.83514 4.12832 3.4867 3.3312 2.95039 2.57594 3.63603 2.50051 2.3129 3.06597 1.76346 1.66153 1.5942 1.5421 1.60806 1.51443 2.50413 1.52891 1.47741 1.74539 3.79254 6.09412 3.3363 2.44065 2.37665 2.63409 2.35998 2.33936
threshold=0.83483222579266714 2.0112990276500669 -2.1687760795408226 0.18394424571997578 -1.3216952615942394 1.0000000180025095e-35 -1.5133729453854936 -0.7912183577350177 -0.27754979391328816 -0.06568607088178495 3.7333394414554397 1.4906175899570901 -1.7404918888887655 -0.55626609416445294 -1.6884035592855893 -0.080264722505050776 0.072170523892585367 1.0000000180025095e-35 -0.31072052725436189 0.24472827403648026 1.0000000180025095e-35 -0.1839442457199755 -0.89145085320788475 1.4915241604467659 1.5155810017442943 1.202842064876424 -0.59128930660725565 0.47599134126430692 1.6358652082319367 1.3712399539591236
decision_type=2 2 2 2 2 2 2 2 2 2 2 2 2 2 2 2 2 2 2 2 2 2 2 2 2 2 2 2 2 2
left_child=1 -1 3 -3 6 7 14 8 -6 -9 11 17 -7 -5 -4 16 -14 18 -11 -19 21 24 23 -23 25 -2 27 -24 -26 -27
right_child=20 2 4 13 5 12 -8 9 -10 10 -12 -13 15 -15 -16 -17 -18 19 -20 -21 -22 22 26 -25 28 29 -28 -29 -30 -31
leaf_value=6.9600611633931558e-06 -0.00067362604380414995 0.009368146665986966 -0.0067404729580240593 -0.0061449722103450611 0.029827367281541228 -0.00998522331316384 -0.012388822151204716 0.00025853459086009906 0.0054286659793138532 0.017628720713286847 -0.0035534641911210713 -0.0046966972735685278 -0.00050967515376396479 -0.023881815674324191 0.0087368384310294225 -0.002886577329355414 0.012444010164851891 0.021134134012867106 0.004675354029926331 0.0071018472655365863 4.585112812365473e-05 -0.0040777281242251199 -0.019004273766110982 -0.028601056519638453 0.018439832327010876 -0.016620531326366796 0.0032401834812296176 0.0017787666894340266 0.0025918339550691219 -0.0037676748715155953
leaf_weight=74172 1189 22 28 23 26 44 65 194 37 51 43 37 50 31 41 115 46 55 139 30 5884 76 31 38 34 45 126 30 76 166
leaf_count=74172 1189 22 28 23 26 44 65 194 37 51 43 37 50 31 41 115 46 55 139 30 5884 76 31 38 34 45 126 30 76 166
internal_value=-1.46658e-12 3.46162e-05 0.00193927 -0.0088891 0.0027614 0.00392152 -0.00474475 0.0059221 0.015498 0.00482323 0.00731773 0.00881601 -0.000879865 -0.0163272 0.00245619 0.00101888 0.0056973 0.0106341 0.00815231 0.0161816 -0.00033851 -0.00158731 -0.00506397 -0.0122522 -0.000894282 -0.00155307 -0.000681852 -0.00878311 0.00749031 -0.00650881
internal_weight=82944 75249 1077 76 1001 867 134 612 63 549 355 312 255 54 69 211 96 275 190 85 7695 1811 301 114 1510 1400 187 61 110 211
internal_count=82944 75249 1077 76 1001 867 134 612 63 549 355 312 255 54 69 211 96 275 190 85 7695 1811 301 114 1510 1400 187 61 110 211
is_linear=0
shrinkage=0.05


Tree=178
num_leaves=31
num_cat=0
split_feature=5 0 0 9 4 2 9 3 1 2 3 2 1 1 0 9 2 9 4 4 5 4 2 0 8 5 4 1 3 2
split_gain=0.385095 0.60893 0.773832 1.75701 1.72984 1.99822 1.64202 1.13458 1.12274 1.05418 0.964705 4.36867 2.96869 1.65166 1.5917 0.953075 0.955815 0.987746 0.788665 1.00992 1.89634 1.26678 1.11852 0.758115 0.867066 0.741268 0.750728 0.652498 0.684118 0.57533
threshold=1.4032428797398568 1.2854297296146033 1.5712329679093855 -0.38504876088951151 0.60142103243821199 0.84052967939212275 -1.540195043558046 1.5230233868243854 -0.7912183577350177 -0.29829739758865653 -1.1665793135064972 -1.4363326009232116 0.57050791468766338 -0.57926091767644572 1.5159400120265569 -0.96262190222377886 0.14807723074016729 -1.2514084728909125 0.72170523892585436 0.24056841297528472 -1.0414542967587235 0.505193667248098 0.56095455010479034 1.3322997623738833 -0.27754979391328816 -0.48220716928829888 -1.2750125887690089 -0.46357384289226006 -0.28854404472021139 0.61628957120196859
decision_type=2 2 2 2 2 2 2 2 2 2 2 2 2 2 2 2 2 2 2 2 2 2 2 2 2 2 2 2 2 2
left_child=1 -1 10 4 5 -4 -6 15 9 -5 12 -12 25 14 -13 16 17 -8 19 -10 -21 22 -22 24 -15 26 -3 28 -25 -29
right_child=-2 2 3 8 6 -7 7 -9 18 -11 11 13 -14 23 -16 -17 -18 -19 -20 20 21 -23 -24 27 -26 -27 -28 29 -30 -31
leaf_value=-2.1115953443613371e-05 -0.00051738800486299643 0.013178367883136328 -0.0066871952731374753 0.0028930150193541048 -0.01366421470651403 0.0033870857426275811 -0.0072274788248318225 0.01091047781907643 0.00029663770189094628 0.015507636441510509 -0.022418591566383841 0.0020963696244455476 0.021537285659502706 0.0080588382180230549 0.0099245988021101905 0.0029809993395321396 -0.0079150422525973135 0.0044496580807026473 -0.00091105786346022991 -0.0008929915299627166 0.0070271950822550422 0.0021471393195424487 0.019559416064016878 0.0025665841889209473 0.0016250176246437667 -0.0020618275514314491 0.0015149707185431712 0.00076552578494599088 -0.0072477739686811612 -0.0015455772347035147
leaf_weight=72333 3447 22 274 67 20 60 27 27 1950 22 20 210 23 61 94 147 55 55 936 195 117 137 21 26 370 59 37 1758 56 318
leaf_count=72333 3447 22 274 67 20 60 27 27 1950 22 20 210 23 61 94 147 55 55 936 195 117 137 21 26 370 59 37 1758 56 318
internal_value=1.75814e-12 2.2434e-05 0.000462146 1.41968e-05 -0.0023388 -0.00487744 0.000222862 0.00111592 0.000468403 0.00601124 0.00106499 0.000869475 0.00510417 0.00103047 0.00451694 0.000184749 -0.00281561 0.000604747 0.000321409 0.000798098 0.00287863 0.00555305 0.00893427 0.00062109 0.0025356 0.0019011 0.00586403 0.000238719 -0.0041359 0.000411513
internal_weight=82944 79497 7164 4110 665 334 331 311 3445 89 3054 2913 141 2893 304 284 137 82 3356 2420 470 275 138 2589 431 118 59 2158 82 2076
internal_count=82944 79497 7164 4110 665 334 331 311 3445 89 3054 2913 141 2893 304 284 137 82 3356 2420 470 275 138 2589 431 118 59 2158 82 2076
is_linear=0
shrinkage=0.05


Tree=179
num_leaves=31
num_cat=0
split_feature=9 9 12 4 4 1 0 1 4 5 1 8 5 6 0 1 1 3 1 8 5 5 4 5 7 12 1 5 5 1
split_gain=0.386982 1.2091 1.9501 1.32047 1.76608 2.5662 1.45972 1.13255 1.09328 2.6048 2.32895 2.49444 2.16179 3.26481 5.01779 10.7871 4.96691 3.22927 2.5928 4.56643 3.77606 8.45244 3.54813 5.34891 2.83959 2.75336 3.6544 2.45286 7.8657 8.87588
threshold=0.96262190222377908 0.2887865706671337 -0.34815531191139565 -0.57736419114068327 -0.26462525427281347 -0.3899012081179703 -0.93614198928319892 -0.11370891435982798 -0.8660462867110249 0.70535813777133538 -0.63355513195214297 0.37100531152820115 -0.1839442457199755 -0.89145085320788475 -0.16309116136109869 1.0371510767598477 0.30428174356342014 -0.29785158063346234 0.40367699111069716 1.0000000180025095e-35 0.18394424571997578 0.061466547291727118 -1.0344441757937244 0.24472827403648026 -0.44226394673424807 -1.0444659357341868 3.9834252005800086 0.30505838731795659 0.12281920449442395 1.0371510767598477
decision_type=2 2 2 2 2 2 2 2 2 2 2 2 2 2 2 2 2 2 2 2 2 2 2 2 2 2 2 2 2 2
left_child=1 8 7 -4 5 -5 -7 -3 9 12 11 -11 -1 14 27 16 -16 -15 19 -19 21 -21 23 -20 -24 26 -25 28 -14 -30
right_child=-2 2 3 4 -6 6 -8 -9 -10 10 -12 -13 13 17 15 -17 -18 18 22 20 -22 -23 24 25 -26 -27 -28 -29 29 -31
leaf_value=-0.00077715528863298944 -0.00020223248513243056 0.0025478718768581193 0.00081675698939727133 -0.018289024971425535 -9.6048996506534895e-05 0.0018970162781093874 -0.0031145993530769496 0.00080252776196843934 7.0462333347489292e-05 -0.0017437793900253835 -0.0027675401297241574 0.0043419183299781309 -0.004060900244671344 0.004265060567386356 0.011378623388840685 -0.0057991091247822629 0.045767532643817721 -0.0026863794196455276 -0.0036127341529639556 0.0048215571835592934 0.00032101244238372803 0.024849791472749502 0.0024429335041592521 0.017898922448512166 -0.010464765987720113 0.0019727636548801408 -0.0034969690336107183 -0.004720745650288731 0.0023112588143869126 0.026769370901982916
leaf_weight=5209 18406 1128 3202 25 5610 185 677 5281 36264 442 1931 272 440 843 21 50 21 250 490 261 214 66 60 64 147 592 29 541 176 47
leaf_count=5209 18406 1128 3202 25 5610 185 677 5281 36264 442 1931 272 440 843 21 50 21 250 490 261 214 66 60 64 147 592 29 541 176 47
internal_value=1.0342e-12 5.7676e-05 0.000432934 -1.42737e-05 -0.000423841 -0.00249703 -0.00203902 0.00110971 -6.71364e-05 -0.000477286 -0.00186536 0.000574582 -9.16705e-05 0.000736412 -0.00136239 0.00989254 0.0285731 0.00163829 0.000619248 0.00290217 0.00548468 0.00886395 -0.000687402 0.000375962 -0.0067234 0.00322919 0.0112271 -0.00222241 -0.000183792 0.00746611
internal_weight=82944 64538 16108 9699 6497 887 862 6409 48430 12166 2645 714 9521 4312 1296 92 42 3016 2173 791 541 327 1382 1175 207 685 93 1204 663 223
internal_count=82944 64538 16108 9699 6497 887 862 6409 48430 12166 2645 714 9521 4312 1296 92 42 3016 2173 791 541 327 1382 1175 207 685 93 1204 663 223
is_linear=0
shrinkage=0.05


Tree=180
num_leaves=31
num_cat=0
split_feature=3 5 0 6 11 0 3 7 9 4 4 5 5 0 5 0 4 9 12 4 0 9 4 10 4 4 3 9 0 9
split_gain=0.387458 1.97858 1.59923 3.02848 2.09911 4.71142 2.43244 2.40433 4.43038 2.38103 1.78832 2.78583 2.43119 3.17894 2.22802 1.99532 3.1157 1.78193 1.92081 1.61364 1.52625 2.12632 2.901 2.57657 2.46433 2.06591 1.52133 2.70491 1.46634 1.88836
threshold=-1.119698752202533 0.80943899875565395 -0.6366571974592391 1.7077461606570974 0.46605794042707133 -1.0318387362866506 -1.4251294324391448 1.0000000180025095e-35 -1.540195043558046 0.79387576281843975 -1.3952967952566515 -0.80943899875565417 -0.42390874111029003 1.5712329679093855 -0.53960840463842685 -0.55302738326259016 0.72170523892585436 -0.96262190222377886 1.0000000180025095e-35 0.89010312800855373 -1.0130480086138469 -1.540195043558046 1.3231262713640664 1.0000000180025095e-35 1.3952967952566522 -0.36085261946292729 -2.3996180322665421 -1.6364572337804242 -0.89706151121772792 -1.540195043558046
decision_type=2 2 2 2 2 2 2 2 2 2 2 2 2 2 2 2 2 2 2 2 2 2 2 2 2 2 2 2 2 2
left_child=1 2 3 4 17 7 9 19 -9 -7 11 -4 13 14 -13 16 26 18 28 -6 21 23 -23 24 25 -20 -12 -28 29 -1
right_child=-2 -3 10 -5 5 6 -8 8 -10 -11 15 12 -14 -15 -16 -17 -18 -19 20 -21 -22 22 -24 -25 -26 -27 27 -29 -30 -31
leaf_value=0.0086028892363599948 -3.8197858546275401e-05 0.0026282401485386757 -0.0028734973172086162 -0.018095460146665573 -0.001148297066268112 0.0032134324292807529 -0.027590989336371427 -0.0045926425797052873 0.020299788097018434 -0.016902981922765705 0.009801011849479865 0.0075315426397603016 -0.0016043810490710836 -0.0063688084797782684 0.020835830540292796 4.0442171398574482e-05 0.016342347336720433 -0.0015706740850398042 -0.0054026794270612306 -0.01305873247388846 -0.002865613653830726 0.0016491835067369638 0.016052414788990409 -0.0166764487985832 -0.016987810698761183 0.0048036751153586396 -0.015042687494021196 0.0024708569241719772 0.0061908126054558603 -0.0032483654797187678
leaf_weight=47 73732 834 137 25 105 24 25 39 33 38 49 250 97 37 36 4132 46 1388 84 39 362 634 37 30 22 121 26 145 252 118
leaf_count=47 73732 834 137 25 105 24 25 39 33 38 49 250 97 37 36 4132 46 1388 84 39 362 634 37 30 22 121 26 145 252 118
internal_value=1.73014e-13 0.000305732 7.45348e-05 -0.000756603 -0.000629036 -0.00460082 -0.0144249 -0.000643897 0.00681639 -0.00911598 0.000648699 0.00331784 0.00533739 0.00742207 0.00920621 0.000310657 0.00450813 -0.0002402 0.000841639 -0.00437404 -0.000111966 0.000962194 0.0024434 -0.00290508 -0.00108508 0.000621559 0.0020337 -0.000192021 0.00379164 0.000127446
internal_weight=82944 9212 8378 3423 3398 303 87 216 72 62 4955 557 420 323 286 4398 266 3095 1707 144 1290 928 671 257 227 205 220 171 417 165
internal_count=82944 9212 8378 3423 3398 303 87 216 72 62 4955 557 420 323 286 4398 266 3095 1707 144 1290 928 671 257 227 205 220 171 417 165
is_linear=0
shrinkage=0.05


Tree=181
num_leaves=31
num_cat=0
split_feature=0 0 9 6 3 9 9 6 5 4 4 5 1 4 0 9 7 11 9 4 4 1 8 0 6 11 3 5 7 4
split_gain=0.384276 1.88465 2.77182 5.05129 3.02264 2.85258 1.63805 1.47933 4.63781 1.32676 1.31793 1.27054 1.14373 2.05687 2.91578 5.49581 2.03055 7.7522 2.16106 5.19823 10.7876 1.83248 3.04126 2.37857 1.93125 2.56462 2.04409 1.61712 1.60998 1.54432
threshold=-0.87623715263893565 -0.92223737199672151 -1.540195043558046 0.30811198432835407 1.0798215931846447 -1.4439328533356683 -1.3476706631132902 -1.0580783826696147 1.082299156171467 -1.0344441757937244 -0.38490946076045524 1.0000000180025095e-35 -0.42383645322975527 -0.9141599693060819 -0.94953129001567838 -1.1551462826685344 0.50473852548845832 1.0000000180025095e-35 -1.4439328533356683 -0.45707998465304106 -0.69764839762832598 -0.7912183577350177 0.74090168677562918 -1.9759541783648966 1.0000000180025095e-35 -0.76213734878520889 -2.0374095392783826 -0.12281920449442368 -0.67395931651126872 -0.60142103243821221
decision_type=2 2 2 2 2 2 2 2 2 2 2 2 2 2 2 2 2 2 2 2 2 2 2 2 2 2 2 2 2 2
left_child=1 12 3 11 5 -4 -6 8 10 -9 -7 -3 13 -1 16 -16 18 -18 19 20 -15 23 27 -21 25 -25 -27 -23 -29 -22
right_child=-2 2 4 -5 6 7 -8 9 -10 -11 -12 -13 -14 14 15 -17 17 -19 -20 21 29 22 -24 24 -26 26 -28 28 -30 -31
leaf_value=-0.0033686106143265464 -5.0153146821369887e-05 0.026937735363327227 0.014276721296792336 -0.0033549925296250793 -0.015445314308530406 0.0084747137846020257 -0.00076428289451685395 -0.0031351816524485391 -0.019067503013374176 0.0036197684204240365 -0.0020319240619359976 0.012377763067882869 0.00036066054155665391 0.016076688825463255 -0.02091018292764299 -0.0005472978765240688 0.00069385386774835453 -0.020164880053750403 -0.00015253030480573068 -0.0070291768643073738 -0.03221901580691338 0.025392967107084892 0.00078490409307634319 0.015180164008119772 0.019562774537397284 0.010532955837182023 -0.00033955874058676162 0.022059733169153335 0.0040815274372245323 -0.01489029281397557
leaf_weight=591 68145 29 47 41 38 46 38 84 34 540 85 31 9952 30 48 107 192 58 2247 48 20 30 53 43 21 55 202 20 33 36
leaf_count=591 68145 29 47 41 38 46 38 84 34 540 85 31 9952 30 48 107 192 58 2247 48 20 30 53 43 21 55 202 20 33 36
internal_value=7.55753e-14 0.00023094 0.00231248 0.0101718 0.00144209 0.00230999 -0.0081048 0.00159715 -0.00261316 0.00271045 0.00165743 0.0194151 7.79883e-05 -0.00065575 -0.000161362 -0.00685322 0.000174531 -0.00414537 0.000555072 0.0032454 -0.00811779 0.00518052 0.0101417 0.003352 0.00490432 0.00387823 0.00198724 0.0161166 0.0108658 -0.0210791
internal_weight=82944 14799 1013 101 912 836 76 789 165 624 131 60 13786 3834 3243 155 3088 250 2838 591 86 505 136 369 321 300 257 83 53 56
internal_count=82944 14799 1013 101 912 836 76 789 165 624 131 60 13786 3834 3243 155 3088 250 2838 591 86 505 136 369 321 300 257 83 53 56
is_linear=0
shrinkage=0.05


Tree=182
num_leaves=31
num_cat=0
split_feature=7 3 5 5 4 3 5 0 0 5 0 0 1 1 4 4 2 4 2 1 2 9 5 0 0 0 4 3 5 2
split_gain=0.390059 1.25237 2.45442 3.10155 6.75255 5.15813 5.3454 3.47479 6.25698 2.82497 2.798 2.1914 2.93097 2.06323 1.84246 3.19159 1.8318 1.57866 2.02566 1.78524 1.44248 1.42117 1.67244 3.74529 3.49005 5.32828 3.26424 2.86053 2.73579 5.72141
threshold=1.0000000180025095e-35 0.09568460324187919 0.12281920449442395 -0.30505838731795659 1.299069430066538 2.2784055443310356 0.061466547291727118 -0.31495220029877408 0.46675942936871256 -0.12281920449442368 -1.6884035592855893 0.19777590268435766 -1.0739599975769842 0.71784740959440807 0.91415996930608234 0.16839788908269929 0.21096540199043137 0.76981892152091114 3.1370852600680732 2.8466279868024822 -3.0434776404737893 1.0000000180025095e-35 -0.061466547291726868 -1.1259077257829029 -1.1732138849503568 -0.82279753744332085 0.89010312800855373 -1.9547487264544179 -0.24472827403648004 -0.10163495616828268
decision_type=2 2 2 2 2 2 2 2 2 2 2 2 2 2 2 2 2 2 2 2 2 2 2 2 2 2 2 2 2 2
left_child=-1 17 3 -3 10 6 7 13 -9 -10 -5 12 -12 -6 15 -14 -17 18 20 21 -2 22 24 27 -19 -26 -25 -24 -27 -30
right_child=1 2 -4 4 5 -7 -8 8 9 -11 11 -13 14 -15 -16 16 -18 19 -20 -21 -22 -23 23 26 25 28 -28 -29 29 -31
leaf_value=-7.0964276749986067e-05 0.0055965603495548881 -0.00044436254783363643 0.00039060289133538667 0.016980467205867173 -0.0094522236225505676 0.0049579482160609324 -0.035600250586867332 -0.032385438929001496 -0.017250270963731138 0.008388085015827702 -0.021019270851348457 0.00059395470686304656 -0.0014564275344781264 0.011280347853899003 0.009470071747899057 -0.0065580923839107814 -0.021736953125468323 0.015776276404670039 -0.0076583653883893548 0.012622541130986065 0.00021241037128002469 6.2798373964732612e-05 0.0030077995813411217 0.016223396048493065 -0.017457019659360092 0.0026577666495978792 0.00066907260650997359 -0.019022857620403535 0.023366810551844541 -0.00067439032528473412
leaf_weight=58070 126 3961 7168 20 30 37 28 39 22 21 26 390 213 20 25 46 35 56 81 36 9787 1140 23 36 31 802 535 41 50 49
leaf_count=58070 126 3961 7168 20 30 37 28 39 22 21 26 390 213 20 25 46 35 56 81 36 9787 1140 23 36 31 802 535 41 50 49
internal_value=1.13242e-12 0.000165671 -0.000199418 -0.00106025 -0.00362279 -0.0118666 -0.0157572 -0.0115481 -0.0178828 -0.00472921 -0.00147176 -0.00197387 -0.00487662 -0.0011592 -0.00356092 -0.004669 -0.0131169 0.000510441 0.0002165 0.00155997 0.000280846 0.00141584 0.00236621 0.000364155 0.00365296 0.00292452 0.00164973 -0.0111056 0.00362578 0.0114676
internal_weight=82944 24874 12081 4913 952 197 160 132 82 43 755 735 345 50 319 294 81 12793 9994 2799 9913 2763 1623 635 988 932 571 64 901 99
internal_count=82944 24874 12081 4913 952 197 160 132 82 43 755 735 345 50 319 294 81 12793 9994 2799 9913 2763 1623 635 988 932 571 64 901 99
is_linear=0
shrinkage=0.05


Tree=183
num_leaves=31
num_cat=0
split_feature=9 2 4 12 1 2 5 5 4 0 4 0 2 4 0 5 0 4 9 4 5 1 4 4 4 5 4 0 1 2
split_gain=0.381088 1.59082 2.49742 1.13279 5.11862 5.27045 3.94056 7.48005 14.3533 7.93408 6.33772 4.17687 3.86151 4.53985 5.55959 4.25874 3.63133 3.61896 6.73336 5.0114 4.06883 3.19085 3.06068 3.04573 2.94256 2.90577 2.28025 2.25223 2.61317 2.23639
threshold=-0.28878657066713359 -1.2581786958620653 -0.52925050854562683 -1.0444659357341868 0.11409632128747377 0.058365597113451642 0.12281920449442395 0.30505838731795659 1.0825578583887816 -0.80057558082990787 1.4674673191492373 -0.29045144009127849 -0.51723173326628047 -0.45707998465304106 -0.39045768048712909 0.42390874111029014 -0.78482266889624108 0.86604628671102535 -1.2514084728909125 1.3231262713640664 1.0000000180025095e-35 -0.72061943268240747 -1.0103873344961958 1.2509557474714812 1.6118083669344083 0.42390874111029014 -1.6358652082319363 -0.76607099216109786 1.0371510767598477 -0.17603944278332392
decision_type=2 2 2 2 2 2 2 2 2 2 2 2 2 2 2 2 2 2 2 2 2 2 2 2 2 2 2 2 2 2
left_child=3 2 -2 4 5 17 -6 8 11 -10 -11 27 15 16 23 -9 22 -1 19 20 -19 -21 -14 -15 -25 -18 -27 -8 -29 -20
right_child=1 -3 -4 -5 6 -7 7 12 9 10 -12 -13 13 14 -16 -17 25 18 29 21 -22 -23 -24 24 -26 26 -28 28 -30 -31
leaf_value=0.0014661661606334532 0.0003827826146870431 6.3098752291365512e-05 0.0083203985190096631 -0.00026995874615665425 -0.0037798517566527165 0.0045787135997051179 0.0017724488813438315 -0.025739467375473501 -0.0066436294122072664 0.036010330388202304 0.011029831274564184 0.012127749587578529 -0.016866205337767802 -0.0016064744500237918 -0.0078787676919178234 -0.0026104251999640839 0.016071128984207685 -0.017927103813961839 0.0018627134180921993 -0.005761498771607876 0.0014256096938077142 0.019273955300450327 0.0035909978755204598 0.013228250322495833 -0.0044680530424503718 -0.010220925353467464 0.0060894909593892715 -0.012610147196306466 0.0047717729519153465 -0.006617453277251252
leaf_weight=2429 292 47913 150 27658 989 1057 113 34 23 62 43 55 33 412 336 48 66 135 474 35 34 20 41 76 34 25 150 85 29 93
leaf_count=2429 292 47913 150 27658 989 1057 113 34 23 62 43 55 33 412 336 48 66 135 474 35 34 20 41 76 34 25 150 85 29 93
internal_value=-6.11002e-13 9.06438e-05 0.00307654 -0.000126719 0.000444876 0.00151523 -0.00128004 0.000204835 0.00606817 0.0199541 0.0257802 -0.000234639 -0.00171068 -0.000977373 -0.00286212 -0.0122005 0.00415632 0.000509615 -0.00242776 -0.00976724 -0.0140337 0.0033423 -0.00553181 0.000366984 0.00775848 0.0071311 0.00375943 -0.00322993 -0.00818843 0.000471787
internal_weight=82944 48355 442 34589 6931 4277 2654 1665 410 128 105 282 1255 1173 858 82 315 3220 791 224 169 55 74 522 110 241 175 227 114 567
internal_count=82944 48355 442 34589 6931 4277 2654 1665 410 128 105 282 1255 1173 858 82 315 3220 791 224 169 55 74 522 110 241 175 227 114 567
is_linear=0
shrinkage=0.05


Tree=184
num_leaves=31
num_cat=0
split_feature=7 10 7 0 9 0 4 4 0 4 4 3 1 9 4 11 0 1 2 2 4 0 0 0 0 1 9 4 5 3
split_gain=0.36583 1.29426 2.302 2.04019 3.39599 1.94606 3.8245 2.88813 2.10887 1.80781 2.29636 1.68676 1.90945 2.30289 1.81552 1.99063 2.59311 2.30669 2.17961 3.55713 1.8904 1.73849 3.6215 3.17895 11.5955 2.37148 2.06099 3.22379 2.23047 1.6626
threshold=1.0000000180025095e-35 1.0000000180025095e-35 0.50473852548845832 -0.52048563144016946 0.57757314133426751 -0.24514711865888661 0.67359155633079737 0.89010312800855373 -0.080264722505050776 0.14434104778517079 -0.93821681060361073 -0.024325885941264811 -0.99829971678402096 -1.3476706631132902 0.52925050854562661 1.0000000180025095e-35 0.4853756574772467 -0.14064326210833661 3.1370852600680732 1.6551730087012897 -0.21651157167775612 0.020608301551981172 -0.24514711865888661 0.13882445002650171 0.26245302327200365 -0.75431448852739302 -0.48131095111188943 1.5636946843393513 -1.0414542967587235 -1.9547487264544179
decision_type=2 2 2 2 2 2 2 2 2 2 2 2 2 2 2 2 2 2 2 2 2 2 2 2 2 2 2 2 2 2
left_child=-1 11 3 -3 5 6 9 -8 -7 10 -5 14 13 -13 15 16 17 -2 19 -17 -18 22 25 -23 -25 29 -27 28 -28 -16
right_child=1 2 -4 4 -6 8 7 -9 -10 -11 -12 12 -14 -15 21 18 20 -19 -20 -21 -22 23 -24 24 -26 26 27 -29 -30 -31
leaf_value=-6.8724924994756844e-05 0.0026366297241006299 -0.00030127517410744666 0.00018688447298971115 -0.013923375508575529 -0.00040641023700299444 -0.015821149361131989 0.015459973361486426 -0.0034357558080782406 -0.005105298453054275 -0.0096319974805330194 0.0030231171946212133 -0.0088721130338650367 5.8825210184802932e-05 9.164561108571127e-05 0.0034691797015634742 -0.00024951500979194196 0.0095783739826627873 -0.00084963662414445972 -0.011847117524594069 0.017330077040041313 0.0013105609019124537 -0.0065922454619168529 0.011095500781438377 0.038696592212432906 0.0012648442842537817 0.0061176763965682147 -0.005504957714940098 -0.012875833897851408 0.0077523728668327553 -0.010050703799036349
leaf_weight=58070 1006 1206 5307 27 522 88 39 42 96 183 77 134 8736 154 37 3716 165 898 40 29 119 122 148 21 1399 324 49 41 90 59
leaf_count=58070 1006 1206 5307 27 522 88 39 42 96 183 77 134 8736 154 37 3716 165 898 40 29 119 122 148 21 1399 324 49 41 90 59
internal_value=1.01387e-12 0.000160443 -0.000383976 -0.00171273 -0.00329766 -0.00603177 -0.00393253 0.00566219 -0.0102303 -0.00664044 -0.00137645 0.00039938 -7.32328e-05 -0.00407899 0.000915519 0.000456614 0.00165716 0.000992372 -0.000237387 -0.000113385 0.00611404 0.00211248 0.0040905 0.00115298 0.00181841 0.00236259 0.0037345 -0.000555214 0.00307893 -0.00483992
internal_weight=82944 24874 7587 2280 1074 552 368 81 184 287 104 17287 9024 288 8263 5973 2188 1904 3785 3745 284 2290 748 1542 1420 600 504 180 139 96
internal_count=82944 24874 7587 2280 1074 552 368 81 184 287 104 17287 9024 288 8263 5973 2188 1904 3785 3745 284 2290 748 1542 1420 600 504 180 139 96
is_linear=0
shrinkage=0.05


Tree=185
num_leaves=31
num_cat=0
split_feature=0 0 9 6 3 9 9 2 6 1 1 0 9 4 1 0 9 4 1 0 2 9 1 9 7 4 3 11 0 9
split_gain=0.362597 1.66814 2.53836 4.53802 2.73766 2.01365 1.88052 2.90954 1.44211 2.2544 1.03696 1.85941 5.08067 2.05198 1.96944 2.71404 1.8029 1.7615 1.52104 1.45049 1.41486 3.59907 3.78929 2.31305 4.26209 2.30525 1.92005 1.81599 2.88565 2.88817
threshold=-0.87623715263893565 -0.92223737199672151 -1.540195043558046 0.30811198432835407 2.2784055443310356 -1.4439328533356683 -1.3476706631132902 -0.010311412915610758 -1.0580783826696147 -0.38137222891945188 -0.42383645322975527 -1.0130480086138469 -1.2514084728909125 -1.0103873344961958 -1.9909062894360965 -1.0540799945025088 -1.6364572337804242 -0.38490946076045524 -0.99829971678402096 -1.3779362757385505 0.78049246190932775 -1.540195043558046 -1.0739599975769842 -1.540195043558046 0.50473852548845832 1.5155810017442943 -1.5433620647688464 1.0000000180025095e-35 -1.2890518259621933 -1.4439328533356683
decision_type=2 2 2 2 2 2 2 2 2 2 2 2 2 2 2 2 2 2 2 2 2 2 2 2 2 2 2 2 2 2
left_child=1 10 3 -3 5 -4 7 -7 9 -8 11 13 16 18 15 17 -13 -15 -1 -20 23 22 -22 24 25 -16 -23 -25 29 -29
right_child=-2 2 4 -5 -6 6 8 -9 -10 -11 -12 12 -14 14 20 -17 -18 -19 19 -21 21 26 -24 27 -26 -27 -28 28 -30 -31
leaf_value=-4.0380913666701199e-05 -4.8717900082179994e-05 0.0184648113604635 0.011027396812357686 -0.0031174216555749498 -0.016945145581848921 0.0033497058273060246 -0.016268957813270393 -0.02129188609188018 0.0028262953344235899 4.9152813538229025e-05 0.00034958864210074612 -0.00064409553908325483 -0.00046380144106106561 0.0088409068781817174 0.0074285217389756415 0.021082701053470376 -0.014699198982774098 -0.0039499979082714114 -0.013851921821575767 -0.0041188545137792873 0.0020267970438691833 0.014355969212483617 -0.024838965875761853 0.00037517300681727712 -0.01051478523347113 -0.0050916034667309196 -0.0020759392794570887 0.013855963420461526 -0.0087602425257309255 -0.0022348396722615387
leaf_weight=185 68145 60 55 41 20 25 25 23 626 138 9952 29 386 57 295 25 107 51 48 189 21 20 35 1774 45 42 160 33 152 180
leaf_count=185 68145 60 55 41 20 25 25 23 626 138 9952 29 386 57 295 25 107 51 48 189 21 20 35 1774 45 42 160 33 152 180
internal_value=1.36167e-12 0.000224331 0.00218265 0.00970371 0.00134973 0.00175993 0.00115095 -0.00845772 0.00173551 -0.00245362 8.04333e-05 -0.000618219 -0.0033918 -0.000181078 0.000294496 0.00623721 -0.0117022 0.00280076 -0.00343798 -0.00609011 7.81464e-06 -0.0036942 -0.0147643 0.000354374 0.00393822 0.00586815 -0.000250172 -0.000285659 -0.00349748 0.000258102
internal_weight=82944 14799 1013 101 912 892 837 48 789 163 13786 3834 522 3312 2890 133 136 108 422 237 2757 236 56 2521 382 337 180 2139 365 213
internal_count=82944 14799 1013 101 912 892 837 48 789 163 13786 3834 522 3312 2890 133 136 108 422 237 2757 236 56 2521 382 337 180 2139 365 213
is_linear=0
shrinkage=0.05


Tree=186
num_leaves=31
num_cat=0
split_feature=0 5 1 5 3 1 9 1 12 1 2 5 4 5 4 0 0 5 5 4 9 4 5 3 0 2 0 2 5 4
split_gain=0.364359 1.69186 1.9964 1.05671 0.507621 0.48428 0.413427 1.45975 1.10709 4.63248 4.77606 3.61404 4.245 14.2906 7.18005 3.64996 3.64884 4.28224 3.33537 3.25732 6.07039 4.52039 3.66848 3.49475 3.19159 3.16631 3.31218 2.93154 2.94501 6.95928
threshold=-2.1688816975275453 0.12281920449442395 -0.75431448852739302 0.36482234569996347 -0.79957566952759762 -0.38137222891945188 -0.28878657066713359 -1.2247695435108465 -1.0444659357341868 0.11409632128747377 0.058365597113451642 1.0000000180025095e-35 1.1066146996863102 0.42390874111029014 1.4674673191492373 -0.77674926944880063 -0.97483529350196407 0.30505838731795659 0.12281920449442395 0.86604628671102535 -1.2514084728909125 1.3231262713640664 1.0000000180025095e-35 2.7411778454774844 -0.29045144009127849 -1.2581786958620653 -0.73804304047437896 -1.6802979893688514 -0.24472827403648004 0.67359155633079737
decision_type=2 2 2 2 2 2 2 2 2 2 2 2 2 2 2 2 2 2 2 2 2 2 2 2 2 2 2 2 2 2
left_child=1 2 -1 4 -3 -6 8 -8 9 10 19 27 25 14 16 -16 -14 18 -18 23 21 22 -21 -2 -15 26 -13 -11 -29 -30
right_child=6 3 -4 -5 5 -7 7 -9 -10 11 -12 12 13 24 15 -17 17 -19 -20 20 -22 -23 -24 -25 -26 -27 -28 28 29 -31
leaf_value=-0.0052778172548170448 0.0015911384292916478 -0.00041308048802117509 0.010285595585270946 0.001634816868855047 -0.0029317512021710475 -0.012976239229153311 0.0028339429706114392 5.9962378422580536e-05 -0.0002826996003978821 0.012604817689396442 0.0043612918090409703 -0.0016049364337231966 0.0034963004831825534 -0.00095217263816218623 -0.01195541276511821 0.0079196398737598466 0.013450495452464871 0.0086354151899876025 0.035613543543450796 -0.017018140342810916 0.00045272015382447881 0.0031815771642141042 0.0013578205588547624 -0.016838982145642289 -0.014801844872999938 -0.00058893459171696942 -0.016865591021451111 -0.0030952069130158982 -0.0036995909343702053 -0.02648553723440867
leaf_weight=27 2403 30 87 147 21 28 479 47862 27333 25 1056 80 31 95 33 77 24 37 58 135 567 55 34 26 74 1354 64 547 106 49
leaf_count=27 2403 30 87 147 21 28 479 47862 27333 25 1056 80 31 95 33 77 24 37 58 135 567 55 34 26 74 1354 64 547 106 49
internal_value=3.38882e-13 0.00163344 0.00659952 -0.000871574 -0.00553537 -0.00867146 -6.72328e-06 8.74491e-05 -0.000139589 0.00042486 0.00144331 -0.00121603 -8.27329e-05 0.00430253 0.0116599 0.00195712 0.0187753 0.0227555 0.0291268 0.000486363 -0.00230038 -0.00926918 -0.0133212 0.00139386 -0.00701653 -0.00133859 -0.00838745 -0.00421995 -0.00481913 -0.0109029
internal_weight=82944 340 114 226 79 49 82604 48341 34263 6930 4276 2654 1927 429 260 110 150 119 82 3220 791 224 169 2429 169 1498 144 727 702 155
internal_count=82944 340 114 226 79 49 82604 48341 34263 6930 4276 2654 1927 429 260 110 150 119 82 3220 791 224 169 2429 169 1498 144 727 702 155
is_linear=0
shrinkage=0.05


Tree=187
num_leaves=31
num_cat=0
split_feature=7 10 6 1 9 0 0 3 1 0 0 9 9 0 6 5 1 0 3 3 3 5 1 3 2 3 2 2 0 3
split_gain=0.35491 1.17224 2.07575 1.85874 1.78507 3.72329 1.89745 1.52271 1.87357 2.04972 3.76312 6.73546 4.30086 3.44074 3.25045 6.28529 4.68645 3.66974 7.47618 5.32295 3.13906 3.01892 2.91215 3.12612 1.98703 1.97392 1.59665 1.59445 1.52162 1.4011
threshold=1.0000000180025095e-35 1.0000000180025095e-35 -0.89145085320788475 -2.9962175190977089 0.57757314133426751 -0.24514711865888661 -0.080264722505050776 -0.024325885941264811 0.45546046040914751 -1.2558814016043309 -0.37105102329581641 -1.2514084728909125 -1.3476706631132902 -1.39904985507936 -0.89145085320788475 1.0000000180025095e-35 1.7496794452803621 -0.16309116136109869 3.1493595272315917 2.7411778454774844 2.7411778454774844 0.18394424571997578 3.1649699101037929 1.6846039626222393 0.25957334174813496 0.69825033580858087 -0.49443575643363014 0.46221913152187838 -1.8176815985916415 0.35368577911668725
decision_type=2 2 2 2 2 2 2 2 2 2 2 2 2 2 2 2 2 2 2 2 2 2 2 2 2 2 2 2 2 2
left_child=-1 7 3 -3 5 -5 -7 -2 -9 13 11 21 14 -10 15 -12 26 19 -19 -17 22 24 23 29 -11 -13 -16 -28 -4 -14
right_child=1 2 28 4 -6 6 -8 8 9 10 12 25 20 -15 16 17 -18 18 -20 -21 -22 -23 -24 -25 -26 -27 27 -29 -30 -31
leaf_value=-6.7691436257628465e-05 0.00087582435531877384 0.010741681406119218 0.010021858044470158 -0.0019230974686937571 -0.00039702181829182488 -0.015013521030645774 -0.0048489894878002817 -0.00045533584631913323 0.0051719972909223741 -0.00032473063239684476 -0.012565381481129276 0.0089822728609390279 -0.0018132015124986097 -0.013891202463336022 0.0079442308750003587 -0.0046268216287717228 -0.024164285145800664 0.019952016021125021 -0.016724220759263546 0.026965145096182825 -0.014492595923366026 0.027659034207690416 -0.0043189185594247068 0.010974675786759085 0.018418381768729418 -9.9177408396806799e-05 -0.012525169855395618 -0.0025608321793732188 0.00010914508900692633 0.0033325737449698724
leaf_weight=58070 8263 30 39 926 1140 88 96 6965 41 26 56 81 163 56 22 20 37 24 33 40 28 41 139 120 31 229 65 105 5268 702
leaf_count=58070 8263 30 39 926 1140 88 96 6965 41 26 56 81 163 56 22 20 37 24 33 40 28 41 139 120 31 229 65 105 5268 702
internal_value=2.10805e-12 0.00015803 -0.000360091 -0.00162186 -0.0017867 -0.00321395 -0.00971029 0.000385425 -6.36179e-05 0.00126145 0.00161222 0.00588578 0.000490207 -0.00583356 -0.00396262 0.00121016 -0.00787043 0.00780358 -0.00128159 0.0164345 0.00204406 0.0173117 0.002456 0.00341206 0.00986889 0.00227372 -0.00473047 -0.00637073 0.000181991 0.00236291
internal_weight=82944 24874 7587 2280 2250 1110 184 17287 9024 2059 1962 408 1554 97 402 173 229 117 57 60 1152 98 1124 985 57 310 192 170 5307 865
internal_count=82944 24874 7587 2280 2250 1110 184 17287 9024 2059 1962 408 1554 97 402 173 229 117 57 60 1152 98 1124 985 57 310 192 170 5307 865
is_linear=0
shrinkage=0.05


Tree=188
num_leaves=31
num_cat=0
split_feature=4 9 7 4 5 4 3 5 4 5 12 12 4 7 7 0 3 4 0 7 4 0 4 4 0 4 4 2 4 7
split_gain=0.352912 1.23885 6.51549 4.70755 3.73274 5.09558 6.75472 4.81501 4.0023 3.6211 5.90953 6.48466 5.4482 7.30936 5.81307 4.49028 3.6379 4.8937 2.96108 5.13166 4.63021 2.93022 2.82018 4.89185 2.96673 2.72817 4.78502 2.65268 2.39342 2.3048
threshold=0.024056841297528397 -1.540195043558046 1.0000000180025095e-35 0.62547787373574038 -0.061466547291726868 1.299069430066538 1.8226766453680494 0.061466547291727118 1.5155810017442943 1.0000000180025095e-35 -1.0444659357341868 1.392621247645583 1.3231262713640664 -0.44226394673424807 -0.44226394673424807 -1.3547605537023368 1.3456115380910785 1.5396378430418227 -0.39045768048712909 -0.74611299300944822 0.33679577816539868 -0.73804304047437896 1.0585010170912532 1.4193536365541803 0.19777590268435766 1.0585010170912532 0.86604628671102535 0.36640621500354337 1.0103873344961962 0.50473852548845832
decision_type=2 2 2 2 2 2 2 2 2 2 2 2 2 2 2 2 2 2 2 2 2 2 2 2 2 2 2 2 2 2
left_child=-1 2 3 18 22 28 7 8 -7 10 12 25 13 -5 -14 -13 17 21 -2 20 -20 27 24 -24 -4 26 -12 -11 -6 -30
right_child=1 -3 4 9 5 6 -8 -9 -10 16 11 15 14 -15 -16 -17 -18 -19 19 -21 -22 -23 23 -25 -26 -27 -28 -29 29 -31
leaf_value=-0.00010170851308444597 0.0030834312579730693 3.7773638749405879e-05 -0.0096426713854141019 -0.0040343322048120543 -0.0043163528846116121 -0.021909869597716767 0.013032380891963841 -0.035248246308295955 0.00093067061868222327 0.0069306735342133767 0.0070750473944497282 -0.02198334397663447 -0.013201530210288435 -0.031633642056283162 0.019357285983950045 0.0036300810785698037 -0.0032814166725449664 -0.011427957170443344 0.014956272134511936 0.015505350513649839 -0.0063171343398554366 0.0022017369273271471 0.024739214241066398 -0.0018899535068443844 0.0072039155365557096 0.0086500528974283956 -0.013743821440426553 0.01812105513758637 0.017024706337334855 -0.00059768528677523142
leaf_weight=42050 301 38618 56 49 281 44 20 31 34 123 69 44 29 47 26 28 131 35 41 175 68 128 34 35 49 176 46 93 28 55
leaf_count=42050 301 38618 56 49 281 44 20 31 34 123 69 44 29 47 26 28 131 35 41 175 68 128 34 35 49 176 46 93 28 55
internal_value=-6.35185e-13 0.000104584 0.00123818 0.00296061 -0.00291683 -0.00513898 -0.0136778 -0.0185788 -0.0119537 0.000916443 -0.00204528 0.00141253 -0.0103577 -0.0175465 0.00218991 -0.0120226 0.00390139 0.0063841 0.00653879 0.010201 0.00168479 0.00819638 0.00337924 0.0112317 -0.00178093 0.00473667 -0.0012525 0.0117488 -0.00211285 0.00534722
internal_weight=82944 40894 2276 1609 667 493 129 109 78 1024 514 363 151 96 55 72 510 379 585 284 109 344 174 69 105 291 115 216 364 83
internal_count=82944 40894 2276 1609 667 493 129 109 78 1024 514 363 151 96 55 72 510 379 585 284 109 344 174 69 105 291 115 216 364 83
is_linear=0
shrinkage=0.05


Tree=189
num_leaves=31
num_cat=0
split_feature=9 2 4 2 1 12 3 0 7 0 4 12 5 5 3 0 7 3 4 4 0 6 3 4 0 5 0 3 6 4
split_gain=0.344831 1.41102 2.253 1.07774 1.34333 1.49448 1.27515 1.6316 1.06537 1.04863 5.03816 5.09068 4.00367 5.44877 4.31213 3.19967 3.1439 3.998 5.58232 5.44757 6.25758 2.93721 2.78541 2.69164 3.69136 3.05511 2.48664 2.92995 2.6222 7.88323
threshold=-0.28878657066713359 -1.2581786958620653 -0.52925050854562683 0.14180424013290677 -0.48994157816819039 0.34815531191139576 -1.29680531701945 0.51688165533280728 0.50473852548845832 0.020608301551981172 1.2750125887690096 -1.0444659357341868 0.18394424571997578 0.36482234569996347 0.6389657603626987 0.98656598555614383 -0.67395931651126872 -0.21729164976396045 0.79387576281843975 -1.5636946843393509 0.25917124939737912 1.7077461606570974 -0.46616053355697645 1.3952967952566522 0.25565529117923125 -0.65128935879477201 0.11269424647273686 0.93612312991424151 -0.89145085320788475 -1.5636946843393509
decision_type=2 2 2 2 2 2 2 2 2 2 2 2 2 2 2 2 2 2 2 2 2 2 2 2 2 2 2 2 2 2
left_child=9 2 -2 4 5 -3 -7 8 -8 -1 16 22 14 -14 15 23 17 19 21 20 -11 -19 -12 24 -13 -25 27 -18 29 -28
right_child=1 3 -4 -5 -6 6 7 -9 -10 10 11 12 13 -15 -16 -17 26 18 -20 -21 -22 -23 -24 25 -26 -27 28 -29 -30 -31
leaf_value=6.8197640489243671e-05 0.00033977538034677101 0.0014086428388244176 0.0078789698500962308 0.00038921401253426955 -0.00024364767587527612 0.0033162193977378006 -0.00092048879338739941 -0.0042558714714892552 0.002672993890445825 -0.008250685406323427 0.0045926575232962414 -0.022963043795122456 0.017199703088504669 -0.00082217886904515183 -0.010971494704164322 -0.0074049986503771786 -0.003855245394584865 -0.010087201078890429 0.0023180133781137793 -0.0010295501068990655 0.015004528141746829 -0.003813846985912488 -0.015032869920155812 -0.0049962823723035399 0.00018434547303916246 0.0080391076801216398 0.020325213324395009 0.0054401184387523876 0.0003151463805628792 0.0018294084746088648
leaf_weight=23530 292 2771 150 16386 27039 197 956 301 263 39 21 24 53 201 183 170 590 291 263 1314 112 520 130 64 61 151 64 99 6132 577
leaf_count=23530 292 2771 150 16386 27039 197 956 301 263 39 21 24 53 201 183 170 590 291 263 1314 112 520 130 64 61 151 64 99 6132 577
internal_value=-3.13002e-13 8.62241e-05 0.00289833 6.02824e-05 -0.000110678 0.000690427 -0.000468673 -0.000959215 -0.000145193 -0.00012054 -0.000522114 -0.00380327 -0.00238813 0.00293829 -0.00445997 -0.00192463 -0.000175002 -0.00169478 -0.00401205 4.02838e-06 0.00899821 -0.00606483 -0.0123035 0.00118092 -0.00635139 0.00415881 0.000342112 -0.00251963 0.000633229 0.0036761
internal_weight=82944 48355 442 47913 31527 4488 1717 1520 1219 34589 11059 1058 907 254 653 470 10001 2539 1074 1465 151 811 151 300 85 215 7462 689 6773 641
internal_count=82944 48355 442 47913 31527 4488 1717 1520 1219 34589 11059 1058 907 254 653 470 10001 2539 1074 1465 151 811 151 300 85 215 7462 689 6773 641
is_linear=0
shrinkage=0.05


Tree=190
num_leaves=31
num_cat=0
split_feature=4 9 12 4 0 6 4 4 0 0 10 2 2 3 2 3 4 5 0 4 3 4 0 6 4 8 3 2 2 1
split_gain=0.346161 1.13437 5.91579 6.02007 6.32894 5.02515 5.01159 7.84319 4.17599 3.51372 3.36567 2.62785 2.52618 2.36731 2.24217 2.17708 4.42705 3.75351 3.70872 2.73792 2.89414 2.27342 1.85146 3.33489 2.10349 1.79491 1.7434 1.73384 1.68982 1.8029
threshold=0.024056841297528397 -1.540195043558046 0.69631062382279152 0.62547787373574038 -0.86439164144784375 1.7077461606570974 1.4193536365541803 1.0103873344961962 -1.0318387362866506 1.6455071200824538 1.0000000180025095e-35 0.93381369417971016 0.27139269241320629 -0.49809008883714584 2.4244984565464338 0.74920386823313978 1.0344441757937248 0.061466547291727118 -0.22138998051086597 1.154728382281367 -0.0082440736364840991 0.69764839762832587 0.9698976890882377 0.30811198432835407 1.3952967952566522 -1.0174668528432229 -1.4251294324391448 -2.0149809674479697 1.1936003756697782 0.048789112613332332
decision_type=2 2 2 2 2 2 2 2 2 2 2 2 2 2 2 2 2 2 2 2 2 2 2 2 2 2 2 2 2 2
left_child=-1 2 3 14 8 10 7 12 27 11 15 -7 -4 -14 -2 16 17 18 26 -18 -21 -17 23 -23 -25 -9 -6 -5 29 -8
right_child=1 -3 6 4 5 9 28 25 -10 -11 -12 -13 13 -15 -16 21 19 -19 -20 20 -22 22 -24 24 -26 -27 -28 -29 -30 -31
leaf_value=-0.00010073104818763767 0.0075849233319792977 3.9648043919600145e-05 -0.0012340348001887678 -0.010214072785207204 -0.01230366353660689 0.016983111019556723 -0.014307248079270689 0.015756466070672982 0.018261297317853167 -0.012998603711603211 0.0072958537478760785 0.0019914320604712296 -0.003700815428815344 -0.015804028548542168 -0.0066759382549207661 0.0058086372246699677 0.017527057054602276 0.0059005286118813923 -0.0043782404765035166 0.009160106134724481 -0.0070419604931163437 -0.0072007754566040874 0.0016192625479205796 -0.031027903427567446 -0.01303649100009352 0.0046903277728951691 -0.029266438441294614 0.0047418109534945584 -0.022137643991699141 0.00044429614482557076
leaf_weight=42050 556 38618 221 21 28 60 53 54 59 20 56 57 85 77 29 21 28 35 66 49 63 87 23 33 32 114 33 251 31 34
leaf_count=42050 556 38618 221 21 28 60 53 54 59 20 56 57 85 77 29 21 28 35 66 49 63 87 23 33 32 114 33 251 31 34
internal_value=-9.14488e-13 0.000103579 0.00118832 0.00283305 0.000517707 -0.00220553 -0.00276248 -0.000759809 0.00620277 0.0063688 -0.00432589 0.00967947 -0.00471071 -0.00945358 0.00687797 -0.00563276 -0.00296947 -0.00859716 -0.0125926 0.00354257 4.64437e-05 -0.00973639 -0.0116018 -0.0136023 -0.0221706 0.0082473 -0.0214802 0.00358713 -0.0121139 -0.00854228
internal_weight=82944 40894 2276 1607 1022 691 669 551 331 137 554 117 383 162 585 498 302 162 127 140 112 196 175 152 65 168 61 272 118 87
internal_count=82944 40894 2276 1607 1022 691 669 551 331 137 554 117 383 162 585 498 302 162 127 140 112 196 175 152 65 168 61 272 118 87
is_linear=0
shrinkage=0.05


Tree=191
num_leaves=31
num_cat=0
split_feature=5 0 11 2 5 4 0 5 2 0 0 8 0 0 4 4 10 3 6 4 0 0 1 8 5 12 2 4 4 1
split_gain=0.340197 0.531083 0.882117 1.38322 0.78277 2.66398 2.98554 3.83435 2.12417 2.4576 1.51165 1.42827 1.38604 3.94272 2.60619 2.185 2.17855 1.71638 1.66666 1.30952 1.24912 1.19284 1.82898 1.68115 2.52941 1.19062 1.08027 1.07248 1.28876 1.09614
threshold=1.3937669968154378 1.2854297296146033 1.6942532296393515 -0.38599101037014011 0.90745195762283271 1.299069430066538 -0.34070674933773432 0.99864169796777091 0.99493369610194649 1.0760577781069476 -0.019213988993059563 1.0792073135794762 0.50676822687652978 0.25565529117923125 -1.4434104778517083 0.57736419114068349 1.0000000180025095e-35 -0.46616053355697645 -0.50537016327275397 1.3952967952566522 0.4853756574772467 -0.7125928053781474 -0.46357384289226006 0.19793268244031401 1.1577679250095743 -0.6963106238227913 -0.19107096909121232 -0.55330734984315477 -0.26462525427281347 0.26091755974443864
decision_type=2 2 2 2 2 2 2 2 2 2 2 2 2 2 2 2 2 2 2 2 2 2 2 2 2 2 2 2 2 2
left_child=1 2 4 -4 -1 8 -7 19 12 11 -9 -10 13 14 18 20 27 -18 -6 -8 -15 23 -23 24 -16 -21 -24 29 -29 -14
right_child=-2 -3 3 -5 5 6 7 10 9 -11 -12 -13 16 15 21 -17 17 -19 -20 25 -22 22 26 -25 -26 -27 -28 28 -30 -31
leaf_value=-7.0259249933914337e-05 -0.00041813499572165554 0.00044907896196342775 -0.0054847820733637002 -0.00065781348291428965 0.00028411360047420298 -0.00010524724977306617 0.0029772711429381519 0.0069410157433967713 0.0013561010451719365 0.013756194568346614 0.0014015929238035808 0.014219916946983532 -0.0029254104302114067 0.0042171722453948467 0.0062027275038213196 -0.00022775341277425371 0.015323951823811514 0.00042085453507598679 0.0059109049123159015 0.019707829322989867 0.011313816109572404 0.0012019886396450793 -0.0027344351863175138 -0.00014323015939347804 0.00013431731907379192 0.0097814888410291401 -0.0008163737670670439 -0.0079970431290016155 -0.001432188627991127 0.0020975041796754993
leaf_weight=55326 4595 6733 161 1899 246 756 41 156 349 52 585 23 462 543 285 292 20 568 283 46 70 950 926 3062 432 88 3542 186 125 142
leaf_count=55326 4595 6733 161 1899 246 756 41 156 349 52 585 23 462 543 285 292 20 568 283 46 70 950 926 3062 432 88 3542 186 125 142
internal_value=1.77775e-13 2.45227e-05 -1.53921e-05 -0.00103507 1.48071e-05 0.000345543 0.00222043 0.00413988 9.59165e-05 0.00357467 0.00256779 0.00215144 -2.5642e-05 0.00017529 -0.000118433 0.00333192 -0.00144687 0.000927763 0.00329429 0.0107966 0.00502756 -0.000314729 -0.00079029 0.00036709 0.00254645 0.013189 -0.0012139 -0.00297286 -0.00535844 -0.00174453
internal_weight=82944 78349 71616 2060 69556 14230 1672 916 12558 424 741 372 12134 10631 9726 905 1503 588 529 175 613 9197 5418 3779 717 134 4468 915 311 604
internal_count=82944 78349 71616 2060 69556 14230 1672 916 12558 424 741 372 12134 10631 9726 905 1503 588 529 175 613 9197 5418 3779 717 134 4468 915 311 604
is_linear=0
shrinkage=0.05


Tree=192
num_leaves=31
num_cat=0
split_feature=0 5 4 5 3 3 4 9 9 2 4 12 1 2 5 5 4 0 4 0 2 4 0 5 0 3 4 9 1 5
split_gain=0.333116 1.52733 1.73606 0.980484 0.556677 0.517376 0.378413 0.362804 0.357478 1.21712 1.95865 1.09206 4.14657 4.14316 3.21245 6.2147 11.567 6.65604 5.13501 3.76839 3.32127 4.03853 4.71818 3.81641 3.30816 2.85496 3.08479 5.31502 4.10719 3.21336
threshold=-2.1688816975275453 0.12281920449442395 1.3471831126615947 0.24472827403648026 -0.96383258407291594 -0.60263698939989541 1.2750125887690096 -1.6364572337804242 -0.28878657066713359 -1.2581786958620653 -0.52925050854562683 -1.0444659357341868 0.11409632128747377 0.058365597113451642 0.12281920449442395 0.30505838731795659 1.0825578583887816 -0.80057558082990787 1.4674673191492373 -0.29045144009127849 -0.51723173326628047 -0.45707998465304106 -0.39045768048712909 0.42390874111029014 -0.75046076471372969 2.7411778454774844 0.86604628671102535 -1.2514084728909125 -0.77284216158826713 1.0000000180025095e-35
decision_type=2 2 2 2 2 2 2 2 2 2 2 2 2 2 2 2 2 2 2 2 2 2 2 2 2 2 2 2 2 2
left_child=1 2 6 5 -5 -3 7 -1 11 10 -10 12 13 25 -14 16 19 -18 -19 -16 23 24 -23 -17 -22 26 -2 28 29 -28
right_child=8 3 -4 4 -6 -7 -8 -9 9 -11 -12 -13 14 -15 15 20 17 18 -20 -21 21 22 -24 -25 -26 -27 27 -29 -30 -31
leaf_value=0.013512604192576626 0.001528733929044135 -0.0021812006048858167 -0.0026208386529941816 0.0059235387592620793 -0.00066194100300516077 -0.01257226022122347 0.01647483946668217 0.0053185664064117847 0.00030731515896511392 5.7039584405452044e-05 0.0073367927118670202 -0.00027211365612889963 -0.0033788924781865542 0.0041119627914171855 -0.0029398097702566669 -0.024072114454911038 -0.0063327362598932305 0.032573478001981009 0.010087846511390148 0.011647608352994377 -0.0048613459262716926 0.00035004934963225604 -0.0072461444890082249 -0.0021771298665650344 0.0069595076633820517 -0.015998588409274817 -0.014980296126016784 0.00050500355158091534 0.0032761504103175619 0.0063641546852886673
leaf_weight=22 2403 25 37 42 136 23 20 35 292 47899 150 27333 989 1056 227 34 23 62 43 55 79 522 336 48 236 26 149 567 55 20
leaf_count=22 2403 25 37 42 136 23 20 35 292 47899 150 27333 989 1056 227 34 23 62 43 55 79 522 336 48 236 26 149 567 55 20
internal_value=-1.22136e-12 0.00156184 0.00628029 -0.000818263 0.000891936 -0.00716025 0.0105575 0.00848118 -6.42857e-06 8.11401e-05 0.00269288 -0.000129978 0.00043063 0.00139419 -0.00112182 0.000218875 0.00556332 0.0180288 0.0233651 -9.4746e-05 -0.00152712 -0.000847043 -0.00262468 -0.0112555 0.00399491 0.000502897 0.000637224 -0.00207112 -0.00859193 -0.0124543
internal_weight=82944 340 114 226 178 48 77 57 82604 48341 442 34263 6930 4276 2654 1665 410 128 105 282 1255 1173 858 82 315 3220 3194 791 224 169
internal_count=82944 340 114 226 178 48 77 57 82604 48341 442 34263 6930 4276 2654 1665 410 128 105 282 1255 1173 858 82 315 3220 3194 791 224 169
is_linear=0
shrinkage=0.05


Tree=193
num_leaves=31
num_cat=0
split_feature=4 9 8 2 4 3 2 12 6 4 5 0 5 0 2 9 8 4 8 4 12 5 4 0 9 2 4 5 5 6
split_gain=0.323568 1.65259 8.52439 10.0759 6.99281 5.06489 7.9325 4.3348 4.27349 4.13762 4.46618 4.07918 3.849 4.49465 3.12744 4.55185 5.02598 3.56725 11.0838 4.45678 7.59588 3.08926 2.98271 2.87309 2.80971 2.61827 2.596 3.69783 4.57801 2.44277
threshold=-0.81793260411596802 -1.4439328533356683 -1.0174668528432229 -0.7023126649954986 -0.96227365190113912 3.1493595272315917 0.87524967103576035 -0.6963106238227913 -0.066328909107543868 -1.5396378430418223 0.061466547291727118 -1.0540799945025088 -0.061466547291726868 1.0760577781069476 0.67242970367892874 -1.2514084728909125 1.0152913959672809 -1.2990694300665375 -1.7404918888887655 -1.5636946843393509 -0.6963106238227913 0.18394424571997578 -1.3231262713640659 -0.99206241793141436 0.2887865706671337 -0.1170433390918897 -1.6118083669344079 -0.36482234569996336 -0.59600457818367603 -0.50537016327275397
decision_type=2 2 2 2 2 2 2 2 2 2 2 2 2 2 2 2 2 2 2 2 2 2 2 2 2 2 2 2 2 2
left_child=1 2 5 4 11 25 -7 12 -9 -10 -11 -4 13 -5 24 16 17 19 -19 -16 -21 -22 -12 -18 -3 -1 27 28 -17 -28
right_child=-2 14 3 7 -6 6 -8 8 9 10 22 -13 -14 -15 15 26 23 18 -20 20 21 -23 -24 -25 -26 -27 29 -29 -30 -31
leaf_value=-0.0052010636783567411 5.9229746294277039e-05 -0.0011273210607006165 -0.0010915137111202134 0.0075733200082376481 0.029442037945817703 0.032265753990837504 -0.0044638605037590068 -0.00089292363007488062 -0.0062788556572049865 0.0050195322845638657 0.0042372247634025724 0.011008923978621125 -0.0072041063489199711 -0.016769890726098548 0.0055948207245699573 0.0044204893059010602 -0.020307891087039658 0.035173236117476511 -0.0050049027030228633 0.033975727766161215 -0.0069108958720513012 0.019613755210524515 0.024319841386750342 0.001771077776055147 0.00012732952487139429 -0.015294598731177642 -0.0034252462797403019 0.0018139916758134419 0.030689340691875528 0.00090966980599980866
leaf_weight=203 61001 9171 97 108 41 21 49 359 50 192 26 247 261 23 91 43 23 21 94 52 23 21 64 41 8691 94 475 306 27 1029
leaf_count=203 61001 9171 97 108 41 21 49 359 50 192 26 247 261 23 91 43 23 21 94 52 23 21 64 41 8691 94 475 306 27 1029
internal_value=-2.33346e-13 -0.000164657 0.00127173 0.00297566 0.00992325 -0.00554402 0.00655502 0.00050584 0.0028884 0.00697724 0.00932762 0.00759688 -0.00369403 0.00329932 -0.000295738 0.00146275 0.00656425 0.00926153 0.00233197 0.013523 0.0210383 0.0057486 0.0185182 -0.00616355 -0.000516854 -0.00839565 0.000469592 0.00418557 0.0145528 -0.000459403
internal_weight=82944 21943 1835 1468 385 367 70 1083 691 332 282 344 392 131 20108 2246 366 302 115 187 96 44 90 64 17862 297 1880 376 70 1504
internal_count=82944 21943 1835 1468 385 367 70 1083 691 332 282 344 392 131 20108 2246 366 302 115 187 96 44 90 64 17862 297 1880 376 70 1504
is_linear=0
shrinkage=0.05


Tree=194
num_leaves=31
num_cat=0
split_feature=0 0 3 6 5 2 4 5 8 4 1 0 5 5 4 1 0 4 1 0 5 2 0 3 4 5 3 5 11 5
split_gain=0.325617 1.44935 1.41574 1.59391 4.17109 1.45677 1.79729 3.07916 1.33016 1.06765 0.936882 1.75781 2.28086 2.16201 1.8002 1.77245 2.37337 1.57977 1.35225 1.30522 1.91262 1.2219 3.02779 2.01622 1.90719 1.39921 2.75364 1.82748 1.7441 2.90093
threshold=-0.87623715263893565 -0.92223737199672151 2.2784055443310356 -1.0580783826696147 1.082299156171467 0.022745498490100491 -1.2509557474714805 0.18394424571997578 -1.0174668528432229 -0.38490946076045524 -0.42383645322975527 -1.0130480086138469 -0.42390874111029003 0.36482234569996347 -1.0103873344961958 -1.9909062894360965 -1.0540799945025088 -0.38490946076045524 -0.99829971678402096 -1.3779362757385505 -0.1839442457199755 0.78049246190932775 -1.4699380875502279 -1.8857123515670644 -0.48113682595056956 0.12281920449442395 1.5230233868243854 0.36482234569996347 1.0000000180025095e-35 1.0000000180025095e-35
decision_type=2 2 2 2 2 2 2 2 2 2 2 2 2 2 2 2 2 2 2 2 2 2 2 2 2 2 2 2 2 2
left_child=1 10 3 4 9 6 7 -5 -7 -3 11 14 -13 -14 18 16 17 -16 -1 20 -20 25 23 -23 -24 26 28 -27 -17 -30
right_child=-2 2 -4 5 -6 8 -8 -9 -10 -11 -12 12 13 -15 15 21 -18 -19 19 -21 -22 22 24 -25 -26 27 -28 -29 29 -31
leaf_value=-7.5988642768336572e-06 -4.6166843745794096e-05 0.0080680563155075789 -0.008850222488801027 0.022414509848588046 -0.017708484132719391 0.0074397109086838378 0.0038402802764660664 -0.00016652828064532235 -0.00087022090222191545 -0.0012957693749720217 0.00033429212255361225 0.0013517310916954144 -0.0092000945856433886 -0.0012521650538415529 0.0084290610740712854 0.0024633521235529507 0.019805067304521799 -0.0036840703817456501 -0.023480375111103059 -0.0038418602337413985 -0.0035014777574688197 0.015608367361128332 -0.020614602189743893 -0.0014358446006449864 -0.00515624384927335 -0.0055661362288467421 0.015307227272008148 -8.267471946400816e-05 -0.0031625866363312869 0.0077878761226505347
leaf_weight=185 68145 46 29 36 34 59 431 26 262 90 9952 176 191 155 57 820 25 51 23 189 25 20 32 131 53 178 35 1038 378 72
leaf_count=185 68145 46 29 36 34 59 431 26 262 90 9952 176 191 155 57 820 25 51 23 189 25 20 32 131 53 178 35 1038 378 72
internal_value=1.67707e-12 0.000212585 0.00203797 0.00235886 -0.00204457 0.0032785 0.0049853 0.012945 0.00065715 0.00187141 7.84546e-05 -0.000585629 -0.00328237 -0.00563961 -0.000160598 0.000284845 0.00592252 0.00270897 -0.00321114 -0.0057118 -0.0130747 1.28785e-05 -0.00342744 0.000821667 -0.0109759 0.000334939 0.00147201 -0.000885352 0.00109072 -0.00141051
internal_weight=82944 14799 1013 984 170 814 493 62 321 136 13786 3834 522 346 3312 2890 133 108 422 237 48 2757 236 151 85 2521 1305 1216 1270 450
internal_count=82944 14799 1013 984 170 814 493 62 321 136 13786 3834 522 346 3312 2890 133 108 422 237 48 2757 236 151 85 2521 1305 1216 1270 450
is_linear=0
shrinkage=0.05


Tree=195
num_leaves=31
num_cat=0
split_feature=7 10 6 0 9 9 4 0 4 9 3 0 3 1 3 4 9 5 5 6 4 4 2 2 1 2 0 9 0 0
split_gain=0.3291 1.0671 1.75709 1.72622 2.75327 1.64118 4.88981 2.61432 2.16236 1.46498 2.45836 1.34936 1.34165 1.64717 5.09839 3.52731 2.38583 3.6026 2.21498 1.67365 1.57506 1.5426 2.29871 2.03415 1.57015 1.48623 1.44777 1.43315 2.57156 3.42847
threshold=1.0000000180025095e-35 1.0000000180025095e-35 -0.89145085320788475 -0.52048563144016946 0.57757314133426751 -1.4439328533356683 0.26462525427281319 -0.45591242954396621 -0.93821681060361073 -1.2514084728909125 0.80387989609545107 -1.8176815985916415 0.023172746041122221 -0.21561120664287267 3.1493595272315917 1.3952967952566522 -1.2514084728909125 1.0000000180025095e-35 -0.12281920449442368 -0.89145085320788475 -1.5636946843393509 0.60142103243821199 3.1370852600680732 3.6676140064361964 -0.20200678735093489 -1.4363326009232116 1.5712329679093855 -1.6364572337804242 0.020608301551981172 0.10915855750540752
decision_type=2 2 2 2 2 2 2 2 2 2 2 2 2 2 2 2 2 2 2 2 2 2 2 2 2 2 2 2 2 2
left_child=-1 12 3 -3 5 6 -5 8 -7 -10 -11 -4 21 14 15 19 17 18 -17 20 -14 22 24 27 26 -26 -2 -23 -29 -30
right_child=1 2 11 4 -6 7 -8 -9 9 10 -12 -13 13 -15 -16 16 -18 -19 -20 -21 -22 23 -24 -25 25 -27 -28 28 29 -31
leaf_value=-6.5183569703398513e-05 0.0016311093182261724 -0.00020473401731509633 0.0094227447705820967 -0.028415428916061365 -0.00035761622457235626 -0.01302583516333942 0.0033402025530284104 -0.0073684393642559215 -0.0073257656113128178 0.0015987800512999005 0.020281555688485414 8.7979755958831658e-05 0.0076645458586212696 0.00032428478963389992 0.022671150782447181 -0.016772445266985375 -0.0024892644884354086 -0.024255593752401862 0.0035697362560313198 0.00024707878733916839 -0.0033716606591573136 -0.004580448589780752 -0.00924626515384336 0.01706554204204374 -0.0092649935507991676 -0.00011618640205148404 -0.0028361075773946798 0.0045691020627425145 -0.0083305762583193808 0.0014932034187145719
leaf_weight=58070 2786 1206 39 27 522 27 22 314 32 109 21 5268 34 6531 22 23 102 43 32 1224 658 85 61 22 45 3282 194 684 95 1364
leaf_count=58070 2786 1206 39 27 522 27 22 314 32 109 21 5268 34 6531 22 23 102 43 32 1224 658 85 61 22 45 3282 194 684 95 1364
internal_value=-1.16571e-12 0.000152175 -0.000342162 -0.00150305 -0.00296093 -0.00542276 -0.0141578 -0.00457183 7.43791e-05 0.00225775 0.00461677 0.000156579 0.000369133 -7.00536e-05 -0.00127465 -0.00152361 -0.00784215 -0.0134135 -0.00493699 -0.000864057 -0.00282942 0.000810918 0.000413284 0.00193631 0.00050671 -0.00023993 0.00134029 0.00178692 0.00203947 0.000853547
internal_weight=82944 24874 7587 2280 1074 552 49 503 189 162 130 5307 17287 8669 2138 2116 200 98 55 1916 692 8618 6368 2250 6307 3327 2980 2228 2143 1459
internal_count=82944 24874 7587 2280 1074 552 49 503 189 162 130 5307 17287 8669 2138 2116 200 98 55 1916 692 8618 6368 2250 6307 3327 2980 2228 2143 1459
is_linear=0
shrinkage=0.05


Tree=196
num_leaves=31
num_cat=0
split_feature=5 5 1 0 0 0 2 5 7 4 5 2 4 0 3 5 4 8 1 4 8 4 4 4 0 8 1 6 7 2
split_gain=0.319043 0.482629 1.27982 1.75079 1.74347 2.03871 1.26827 2.30273 1.54667 1.54365 1.38827 1.16122 1.06585 0.979526 0.959371 0.938052 3.71936 3.23391 2.95358 2.58524 3.5079 3.63468 2.96509 4.30575 2.28994 1.98555 1.92337 1.88543 2.35239 1.80194
threshold=1.3937669968154378 0.90745195762283271 -0.7912183577350177 1.5159400120265569 0.51688165533280728 -0.34070674933773432 0.99493369610194649 1.3068553720381473 -0.17427846833443938 -0.048113682595056481 1.1210959212062968 -0.29829739758865653 1.4434104778517087 0.52098292428880821 -1.0172027955611136 0.59600457818367614 -1.4434104778517083 -1.7404918888887655 0.27799127938730162 1.299069430066538 -1.0174668528432229 1.0000000180025095e-35 -0.48113682595056956 -0.9141599693060819 -0.94953129001567838 0.37100531152820115 0.22996317229822258 1.7077461606570974 -0.67395931651126872 -0.6865089158400054
decision_type=2 2 2 2 2 2 2 2 2 2 2 2 2 2 2 2 2 2 2 2 2 2 2 2 2 2 2 2 2 2
left_child=1 15 3 4 5 -3 14 8 -8 10 -10 -5 -7 -6 -4 -1 17 -17 19 20 21 -18 23 24 -22 26 -24 28 -19 -20
right_child=-2 2 6 11 13 12 7 -9 9 -11 -12 -13 -14 -15 -16 16 18 27 29 -21 22 -23 25 -25 -26 -27 -28 -29 -30 -31
leaf_value=2.6420492500898982e-05 -0.00040492619224700727 0.00029833111558274226 0.0022239263558058555 0.0049589031882230003 -0.012028077177026055 0.0047919843655180039 0.00085369351200858591 -0.0060627988549474057 0.00065394654786879469 0.0016896387578030541 0.01196083148348738 0.018248061135411262 0.013143999111018779 -0.001006699161411219 7.2674242225593823e-06 0.0073711177250721828 -0.0049491661293199285 0.0016328149962834594 0.0063305662861759112 -0.0028846907411934808 -0.0057120240936193896 0.0012631584172761016 0.0013114359829585549 0.0062466108977528752 0.0018401152350298574 -0.0011619659490062413 0.010471357824280859 -0.014258526772859374 -0.0065546255296552169 -0.0028486491100318608
leaf_weight=52900 4595 311 503 48 22 204 270 71 35 110 121 25 47 241 16503 53 500 116 56 570 118 445 947 633 672 1170 61 56 360 1181
leaf_count=52900 4595 311 503 48 22 204 270 71 35 110 121 25 47 241 16503 53 500 116 56 570 118 445 947 633 672 1170 61 56 360 1181
internal_value=2.03045e-12 2.37481e-05 0.000246865 0.0020881 0.00143137 0.00300376 0.00015299 0.00239876 0.0035196 0.0062256 0.00942403 0.00950998 0.00635591 -0.00192864 7.28313e-05 -4.52738e-05 -0.000591919 -0.00440695 -0.000240621 0.000289499 0.000687494 -0.00202379 0.00139901 0.00317403 0.000712074 0.000239294 0.00186576 -0.00558033 -0.00455937 -0.0024331
internal_weight=82944 78349 18511 898 825 562 17613 607 536 266 156 73 251 263 17006 59838 6938 585 6353 5116 4546 945 3601 1423 790 2178 1008 532 476 1237
internal_count=82944 78349 18511 898 825 562 17613 607 536 266 156 73 251 263 17006 59838 6938 585 6353 5116 4546 945 3601 1423 790 2178 1008 532 476 1237
is_linear=0
shrinkage=0.05


Tree=197
num_leaves=31
num_cat=0
split_feature=9 9 12 2 4 4 1 0 6 4 4 7 8 4 0 3 6 9 9 3 1 10 6 1 9 3 9 0 8 4
split_gain=0.307225 0.955552 1.66597 2.04382 1.12451 1.4896 2.07294 1.24231 1.08489 1.04114 2.64514 3.01559 2.32769 3.69704 5.83997 3.52729 3.60903 4.08698 3.97472 3.39382 3.24097 2.97316 2.75156 2.714 2.50881 2.48021 5.27523 4.5464 2.92953 3.03316
threshold=0.96262190222377908 0.2887865706671337 -0.34815531191139565 -0.35537071591295755 -0.57736419114068327 -0.26462525427281347 -0.3899012081179703 -0.93614198928319892 -0.50537016327275397 0.52925050854562661 0.89010312800855373 -0.90839521789717692 0.37100531152820115 1.2750125887690096 0.089524900430581297 2.7411778454774844 0.30811198432835407 -1.6364572337804242 -1.1551462826685344 -0.52008981241213659 0.71784740959440807 1.0000000180025095e-35 0.30811198432835407 0.21631828627347757 -0.28878657066713359 1.3843980526302044 -1.2514084728909125 1.0200260613336138 -1.7404918888887655 1.2268989061739526
decision_type=2 2 2 2 2 2 2 2 2 2 2 2 2 2 2 2 2 2 2 2 2 2 2 2 2 2 2 2 2 2
left_child=1 9 3 -3 -4 6 -6 8 -8 -1 11 -11 25 15 21 16 17 -14 20 -16 -18 22 -15 -20 -21 -12 27 28 -27 -30
right_child=-2 2 4 -5 5 -7 7 -9 -10 10 12 -13 13 14 19 -17 18 -19 23 24 -22 -23 -24 -25 -26 26 -28 -29 29 -31
leaf_value=-0.00022855276431270441 -0.00018019128343777104 0.0046074826712062915 0.00073853418528123784 0.0007888791409173644 -0.016503669363446532 -0.00010526994440660214 -0.0012548502364054161 -0.0028909338253216292 0.00664011745447559 -0.0024254437115647353 0.00079518859198942889 0.0016261490820179587 0.010052986998602541 -0.00033668625594313241 0.011954822861367748 0.016518084953228634 -0.017221259274499193 -0.0021355710245816325 -0.0018970882888362046 -0.013809952020385595 0.0041837003503349566 0.0072373305297815695 0.004310837825608399 -0.013038884627872683 -0.0028745054438173694 -0.00070794907951494685 0.0018915582231895411 0.0076362006239971874 -0.019894274399947315 -0.0073673486754395005
leaf_weight=31626 18406 372 3202 6037 25 5610 115 677 70 511 6098 4536 72 1717 21 24 112 1536 318 122 21 179 391 66 92 128 475 59 59 267
leaf_count=31626 18406 372 3202 6037 25 5610 115 677 70 511 6098 4536 72 1717 21 24 112 1536 318 122 21 179 391 66 92 128 475 59 59 267
internal_value=1.02041e-12 5.13899e-05 0.00038499 0.00101052 -2.83567e-05 -0.000406313 -0.00231032 -0.00189868 0.00173243 -5.95667e-05 0.000258474 0.00121593 -0.00015254 -0.00101906 0.000279426 -0.00254293 -0.00275821 -0.00158981 -0.00639219 -0.00722646 -0.0138415 0.00105069 0.000525355 -0.00381208 -0.00910873 0.00041866 -0.0019053 -0.00542091 -0.00711776 -0.00963449
internal_weight=82944 64538 16108 6409 9699 6497 887 862 185 48430 16804 5047 11757 4671 2522 2149 2125 1608 517 235 133 2287 2108 384 214 7086 988 513 454 326
internal_count=82944 64538 16108 6409 9699 6497 887 862 185 48430 16804 5047 11757 4671 2522 2149 2125 1608 517 235 133 2287 2108 384 214 7086 988 513 454 326
is_linear=0
shrinkage=0.05


Tree=198
num_leaves=31
num_cat=0
split_feature=0 0 9 11 1 9 4 6 5 1 4 1 9 4 1 0 9 9 4 1 0 4 2 8 1 0 5 2 9 1
split_gain=0.297937 1.31948 2.1403 3.86839 1.37945 2.43591 1.44421 1.18151 3.5507 1.31571 1.0614 0.905142 0.890654 0.840957 0.837505 1.57406 4.19505 1.58756 1.55602 1.61457 2.13708 1.41672 1.33568 1.24583 1.17811 1.19084 1.74512 1.13584 3.01299 3.15986
threshold=-0.87623715263893565 -0.92223737199672151 -1.540195043558046 1.0000000180025095e-35 1.1658224153942387 -1.0588840924461567 -1.4674673191492369 -1.0580783826696147 1.082299156171467 -1.0739599975769842 -0.38490946076045524 0.14319281865201042 -0.96262190222377886 -0.55330734984315477 -0.42383645322975527 -1.0130480086138469 -1.2514084728909125 -1.6364572337804242 -1.0103873344961958 -1.9909062894360965 -1.0540799945025088 -0.38490946076045524 -1.8779936383290419 1.0152913959672809 -0.99829971678402096 -1.3779362757385505 -0.1839442457199755 0.78049246190932775 -1.540195043558046 -1.0739599975769842
decision_type=2 2 2 2 2 2 2 2 2 2 2 2 2 2 2 2 2 2 2 2 2 2 2 2 2 2 2 2 2 2
left_child=1 14 3 -3 6 -6 -4 8 10 12 13 -5 -9 -8 15 18 17 -17 24 20 21 -20 -19 -24 -1 26 -26 -21 29 -29
right_child=-2 2 4 11 5 -7 7 9 -10 -11 -12 -13 -14 -15 -16 16 -18 22 19 27 -22 -23 23 -25 25 -27 -28 28 -30 -31
leaf_value=3.7290775720533486e-06 -4.4160976220315079e-05 -0.0012291777912261232 0.015185200287960471 0.025757406894927438 -0.014718916412029001 0.00097331685565798512 0.0014809056366793813 -0.011561872681172994 -0.016574921990361282 0.0032962191186431617 -0.0017517938476617823 0.012475291967135052 0.0015255133487069262 0.015053292838413092 0.00031725715176679123 -0.0002791274363046576 -0.00044381887812729582 -0.0027922665973639359 0.0080120459754477475 0.00031477017816434631 0.018817942617315567 -0.0034589556130288426 -0.020929982406259689 -0.0082218405014524865 -0.022292990431837415 -0.003534392457549022 -0.0032089772857725623 0.0018918108771599476 -0.0001615380462802326 -0.022641385495662691
leaf_weight=185 68145 49 20 23 36 79 25 26 34 560 85 29 26 21 9952 29 386 23 57 2521 25 51 54 30 23 189 25 21 180 35
leaf_count=185 68145 49 20 23 36 79 25 26 34 560 85 29 26 21 9952 29 386 23 57 2521 25 51 54 30 23 189 25 21 180 35
internal_value=1.20066e-13 0.000203348 0.00194503 0.00885123 0.0011802 -0.00393903 0.00191886 0.00157739 -0.00217762 0.00258977 0.00155908 0.0183501 -0.00501818 0.007677 7.53686e-05 -0.000552507 -0.00310442 -0.0106558 -0.000150304 0.000263829 0.00564457 0.00259518 -0.0134682 -0.0163914 -0.00298643 -0.00532052 -0.0123534 4.25764e-06 -0.0033127 -0.0134414
internal_weight=82944 14799 1013 101 912 115 797 777 165 612 131 52 52 46 13786 3834 522 136 3312 2890 133 108 107 84 422 237 48 2757 236 56
internal_count=82944 14799 1013 101 912 115 797 777 165 612 131 52 52 46 13786 3834 522 136 3312 2890 133 108 107 84 422 237 48 2757 236 56
is_linear=0
shrinkage=0.05


Tree=199
num_leaves=31
num_cat=0
split_feature=3 5 0 6 11 0 4 0 7 4 6 4 5 5 0 5 4 4 3 0 9 0 4 5 6 9 12 0 9 0
split_gain=0.305555 1.55893 1.40154 2.7237 1.59128 3.59865 1.90518 2.39049 2.67094 1.8468 1.76423 1.48216 2.41996 2.23318 2.74649 2.01924 1.8079 3.00021 2.71878 2.625 2.76815 2.50873 2.39148 1.98501 1.66581 1.45179 1.54883 1.26386 1.54278 1.21177
threshold=-1.119698752202533 0.80943899875565395 -0.6366571974592391 1.7077461606570974 0.46605794042707133 -1.0318387362866506 0.89010312800855373 -1.3779362757385505 1.0000000180025095e-35 0.79387576281843975 -0.89145085320788475 -1.3952967952566515 -0.80943899875565417 -0.42390874111029003 1.5712329679093855 -0.53960840463842685 -0.21651157167775612 -0.50519366724809844 -2.6504146077464608 -0.38127775259496721 -1.540195043558046 0.4853756574772467 -0.76981892152091091 0.48220716928829882 1.1133806251249947 -0.96262190222377886 1.0000000180025095e-35 -0.89706151121772792 -1.540195043558046 -1.0130480086138469
decision_type=2 2 2 2 2 2 2 2 2 2 2 2 2 2 2 2 2 2 2 2 2 2 2 2 2 2 2 2 2 2
left_child=1 2 3 4 25 6 7 -6 -9 -7 -8 12 -4 14 15 -14 17 18 22 20 -18 24 -13 -21 -19 26 27 28 -1 -28
right_child=-2 -3 11 -5 5 9 10 8 -10 -11 -12 16 13 -15 -16 -17 19 21 -20 23 -22 -23 -24 -25 -26 -27 29 -29 -30 -31
leaf_value=0.0076321927664623149 -3.3921181611290957e-05 0.0023330526611666093 -0.0027367325228053472 -0.017155044764280321 -0.0059046717044913162 -0.002843694609680003 -0.0012305997835937888 0.00081530654830719123 0.017701524801345337 -0.018054950213991106 -0.019623819188299505 0.0017545381443335867 0.0069780654199159478 -0.0017370800404886224 -0.0059045846901229909 0.019643672017082281 0.017344301737661803 -0.0050006683873320109 -0.0006174178877455743 0.00028443252069909662 0.0035869682372058433 0.0052104138491794148 0.014136887528495548 0.01182866886343905 -0.014339955594914501 -0.0014531843852798587 0.0008250434208485817 0.0056006064303454929 -0.0030798966339809063 -0.0025856794992275924
leaf_weight=47 73732 834 137 25 59 31 32 67 36 56 22 115 250 97 37 36 41 188 1654 1854 338 47 59 38 64 1388 928 252 118 362
leaf_count=47 73732 834 137 25 59 31 32 67 36 56 22 115 250 97 37 36 41 188 1654 1854 338 47 59 38 64 1388 928 252 118 362
internal_value=-1.69248e-13 0.000271502 6.6282e-05 -0.000711792 -0.000590815 -0.00404894 -0.000590733 0.0021204 0.00671729 -0.0126348 -0.00872413 0.000603789 0.00303373 0.00491601 0.00691399 0.00857234 0.00029604 -0.000751459 8.00824e-06 0.00127712 0.00507523 -0.00539463 0.00595315 0.000516294 -0.00737255 -0.000252264 0.000724231 0.00337323 -2.85742e-05 -0.000132074
internal_weight=82944 9212 8378 3423 3398 303 216 162 103 87 54 4955 557 420 323 286 4398 2127 1828 2271 379 299 174 1892 252 3095 1707 417 165 1290
internal_count=82944 9212 8378 3423 3398 303 216 162 103 87 54 4955 557 420 323 286 4398 2127 1828 2271 379 299 174 1892 252 3095 1707 417 165 1290
is_linear=0
shrinkage=0.05


end of trees

feature_importances:
Column_4=1206
Column_0=915
Column_5=766
Column_2=603
Column_9=555
Column_1=484
Column_3=429
Column_6=279
Column_8=276
Column_7=212
Column_12=120
Column_11=110
Column_10=45

parameters:
[boosting: gbdt]
[objective: regression]
[metric: rmse]
[tree_learner: serial]
[device_type: cpu]
[data_sample_strategy: bagging]
[data: ]
[valid: ]
[num_iterations: 200]
[learning_rate: 0.05]
[num_leaves: 31]
[num_threads: 0]
[seed: 0]
[deterministic: 0]
[force_col_wise: 0]
[force_row_wise: 0]
[histogram_pool_size: -1]
[max_depth: -1]
[min_data_in_leaf: 20]
[min_sum_hessian_in_leaf: 0.001]
[bagging_fraction: 1]
[pos_bagging_fraction: 1]
[neg_bagging_fraction: 1]
[bagging_freq: 0]
[bagging_seed: 3]
[bagging_by_query: 0]
[feature_fraction: 0.9]
[feature_fraction_bynode: 1]
[feature_fraction_seed: 2]
[extra_trees: 0]
[extra_seed: 6]
[early_stopping_round: 0]
[early_stopping_min_delta: 0]
[first_metric_only: 0]
[max_delta_step: 0]
[lambda_l1: 0]
[lambda_l2: 0]
[linear_lambda: 0]
[min_gain_to_split: 0]
[drop_rate: 0.1]
[max_drop: 50]
[skip_drop: 0.5]
[xgboost_dart_mode: 0]
[uniform_drop: 0]
[drop_seed: 4]
[top_rate: 0.2]
[other_rate: 0.1]
[min_data_per_group: 100]
[max_cat_threshold: 32]
[cat_l2: 10]
[cat_smooth: 10]
[max_cat_to_onehot: 4]
[top_k: 20]
[monotone_constraints: 0,0,0,0,0,0,0,0,0,0,0,0,0]
[monotone_constraints_method: basic]
[monotone_penalty: 0]
[feature_contri: ]
[forcedsplits_filename: ]
[refit_decay_rate: 0.9]
[cegb_tradeoff: 1]
[cegb_penalty_split: 0]
[cegb_penalty_feature_lazy: ]
[cegb_penalty_feature_coupled: ]
[path_smooth: 0]
[interaction_constraints: ]
[verbosity: -1]
[saved_feature_importance_type: 0]
[use_quantized_grad: 0]
[num_grad_quant_bins: 4]
[quant_train_renew_leaf: 0]
[stochastic_rounding: 1]
[linear_tree: 0]
[max_bin: 255]
[max_bin_by_feature: ]
[min_data_in_bin: 3]
[bin_construct_sample_cnt: 200000]
[data_random_seed: 1]
[is_enable_sparse: 1]
[enable_bundle: 1]
[use_missing: 1]
[zero_as_missing: 0]
[feature_pre_filter: 1]
[pre_partition: 0]
[two_round: 0]
[header: 0]
[label_column: ]
[weight_column: ]
[group_column: ]
[ignore_column: ]
[categorical_feature: ]
[forcedbins_filename: ]
[precise_float_parser: 0]
[parser_config_file: ]
[objective_seed: 5]
[num_class: 1]
[is_unbalance: 0]
[scale_pos_weight: 1]
[sigmoid: 1]
[boost_from_average: 1]
[reg_sqrt: 0]
[alpha: 0.9]
[fair_c: 1]
[poisson_max_delta_step: 0.7]
[tweedie_variance_power: 1.5]
[lambdarank_truncation_level: 30]
[lambdarank_norm: 1]
[label_gain: ]
[lambdarank_position_bias_regularization: 0]
[eval_at: ]
[multi_error_top_k: 1]
[auc_mu_weights: ]
[num_machines: 1]
[local_listen_port: 12400]
[time_out: 120]
[machine_list_filename: ]
[machines: ]
[gpu_platform_id: -1]
[gpu_device_id: -1]
[gpu_use_dp: 0]
[num_gpu: 1]

end of parameters

pandas_categorical:null
