tree
version=v4
num_class=1
num_tree_per_iteration=1
label_index=0
max_feature_idx=12
objective=regression
feature_names=Column_0 Column_1 Column_2 Column_3 Column_4 Column_5 Column_6 Column_7 Column_8 Column_9 Column_10 Column_11 Column_12
monotone_constraints=0 0 0 0 0 0 0 0 0 0 0 0 0
feature_infos=[-2.4823683388990396:2.5440475208152473] [-4.257452940316254:8.7249904803626528] [-3.6400646747779244:11.017343093947256] [-2.8136995500190163:6.8004089054413024] [-1.5699088012884586:1.7086153016630505] [-1.4553549023291066:1.5008546061687347] [-1.190537054806317:1.7213990255497027] [-1.0429883169335341:2.5792285251021578] [-1.8978064874608338:1.1067783269404354] [-1.5990402061368947:1.8992639065533419] none [-1.8479094420216704:1.8116911785857446] [-1.5695864313386645:1.5617129517357939]
tree_sizes=2794 2844 2861 2883 2868 2880 2873 2868 2871 2883 2860 2873 2862 2882 2882 2916 2888 2876 2880 2886 2905 2899 2895 2848 2852 2909 2878 2946 2895 2927 2912 2887 2897 2898 2864 2928 2845 2900 2919 2912 2887 2879 2848 2886 2907 2915 2939 2898 2893 2943 2869 2967 2887 2910 2934 2892 2927 2927 2938 2927 2920 2967 2847 2936 2855 2867 2893 2889 2890 2892 2966 2923 2947 2956 2902 2989 2943 2906 2895 2914 2953 2947 2853 2849 2906 2931 2856 3001 2865 2972 2837 2934 2888 2836 2897 2953 2893 2937 2974 2921 2903 2900 2875 2915 2858 2962 2963 2962 2980 2938 2968 2890 2840 2912 2925 2898 2932 2821 2900 2931 2854 2929 2922 2929 2809 2949 2892 2863 2917 2816 2896 2907 2805 2975 2897 2900 2905 2943 2876 2966 2951 2855 2889 2941 2898 2836 2893 2891 2908 2889 2866 2892 2907 2846 2899 2866 2916 2871 2871 2866 2896 2885 2922 2922 2899 2883 2903 2872 2901 2897 2863 2863 2879 2904 2908 2933 2929 2894 2809 2887 2910 2965 2881 2863 2864 2954 2813 2907 2896 2897 2868 2899 2959 2917 2926 2921 2897 2930 2876 2886

Tree=0
num_leaves=31
num_cat=0
split_feature=1 1 1 3 3 3 3 3 5 4 5 3 0 9 1 1 6 0 5 8 3 4 1 1 3 8 6 1 0 1
split_gain=9107.17 2808.77 1784.45 763.537 694.093 391.599 270.994 231.859 190.846 193.731 164.25 158.705 123.335 116.703 106.806 84.0154 81.5099 81.0074 75.015 68.1412 63.2158 58.7144 54.6206 53.9226 50.9455 43.5737 38.8233 34.8579 34.3354 31.9114
threshold=0.39346043066730113 2.4107711890197381 -0.4173159011222497 2.8180227285006008 1.2593885293927383 0.11220184395505013 -0.49447259509091973 0.22176384916709704 1.4312047935437753 0.092279992165977986 1.4495693291702281 3.1923315992737717 1.6630209632296875 0.44996648843881543 0.83216619500803923 1.4825352457153527 1.7136308150948316 1.4752347667327759 -0.31317640375456596 -1.7049705869141294 0.54324650311998157 0.25276718601675113 3.6057252039299117 3.6057252039299117 -0.38694813342098133 -0.25919494664649734 1.7136308150948316 -0.75702937411222326 0.23804502183376877 -0.18741263661334856
decision_type=2 2 2 2 2 2 2 2 2 2 2 2 2 2 2 2 2 2 2 2 2 2 2 2 2 2 2 2 2 2
left_child=2 4 6 10 7 24 13 -2 9 11 23 -5 17 26 -9 -6 -12 -13 -7 -15 27 -17 -11 -3 29 -22 -1 -8 -20 -4
right_child=1 3 5 8 15 18 20 14 -10 22 16 12 -14 19 -16 21 -18 -19 28 -21 25 -23 -24 -25 -26 -27 -28 -29 -30 -31
leaf_value=0.62115040703322244 0.64582739995842997 0.70325616617992892 0.62745018852923728 0.72224354189991546 0.67858576650186264 0.64125826722318957 0.62100211966710228 0.65827177758810995 0.8870164468928956 0.72744646572152183 0.74741202146259766 0.81521689469067082 0.80017119756961164 0.60114425988281117 0.66954047980365838 0.68507482872618908 0.87985466158551084 0.9258232862714082 0.64805273738263136 0.61337084381454621 0.66813311601166814 0.70430669124319456 0.77923520862205309 0.73320984895400276 0.63747779242376912 0.63517059533671749 0.65770021432801129 0.6284514051284662 0.65658232344294243 0.63450889296218027
leaf_weight=3996 2228 623 2973 34 2466 2075 2745 4160 51 114 26 25 85 1309 4252 936 21 49 2187 8804 129 689 92 198 6705 450 74 3670 2562 3470
leaf_count=3996 2228 623 2973 34 2466 2075 2745 4160 51 114 26 25 85 1309 4252 936 21 49 2187 8804 129 689 92 198 6705 450 74 3670 2562 3470
internal_value=0.641209 0.673156 0.628749 0.743086 0.666899 0.639471 0.618637 0.660169 0.79594 0.784299 0.715684 0.820293 0.84126 0.614666 0.663968 0.684402 0.806589 0.888456 0.649189 0.611788 0.626692 0.693229 0.750575 0.71048 0.634427 0.642515 0.621815 0.625264 0.652654 0.631252
internal_weight=57198 16049 41149 1318 14731 19972 21177 10640 450 399 868 193 159 14183 8412 4091 47 74 6824 10113 6994 1625 206 821 13148 579 4070 6415 4749 6443
internal_count=57198 16049 41149 1318 14731 19972 21177 10640 450 399 868 193 159 14183 8412 4091 47 74 6824 10113 6994 1625 206 821 13148 579 4070 6415 4749 6443
is_linear=0
shrinkage=1


Tree=1
num_leaves=31
num_cat=0
split_feature=2 2 2 2 3 2 2 2 5 5 3 11 0 3 5 2 2 2 9 2 5 5 0 0 0 1 0 6 0 0
split_gain=9541.66 2396.92 2323.61 586.149 570.354 450.42 241.825 223.517 175.336 155.379 115.607 132.479 132.352 104.644 90.6295 79.1095 72.8063 53.9133 50.2498 49.6561 41.1799 37.263 33.0248 33.8671 31.9973 29.5503 94.8864 34.746 33.5591 29.4176
threshold=0.47607894286980706 -0.56814445375274925 2.4358698305335271 1.187566542397384 2.593219488673522 -0.010662585274049808 5.2373451118821626 -0.95128656058993766 -0.37618863167946776 -0.31317640375456596 3.1923315992737717 -0.7500292558394458 1.6437776611856465 1.5767137871784713 1.4312047935437753 -1.2816315525578992 0.77979098197706331 0.23587665520374837 0.25006339628508761 -0.25224536328840114 1.3599459555339253 -0.37618863167946776 0.70034578611526144 1.6215432339668556 -0.027071581256266311 2.0111533611481645 0.018766739333797907 1.7136308150948316 1.9936084506522318 0.44823345040270363
decision_type=2 2 2 2 2 2 2 2 2 2 2 2 2 2 2 2 2 2 2 2 2 2 2 2 2 2 2 2 2 2
left_child=1 7 3 8 25 19 10 15 -2 29 -6 12 -12 21 22 -1 -10 -11 -9 -3 -13 -5 -8 -24 -22 -4 27 -27 -28 -7
right_child=2 5 4 13 6 9 14 18 16 17 11 20 -14 -15 -16 -17 -18 -19 -20 -21 24 -23 23 -25 -26 26 28 -29 -30 -31
leaf_value=-0.041594498259956966 0.0033456103844085464 -0.010408984506358047 0.053599257169793593 0.0075018329318198894 0.086088966988627946 -0.0066340687093423764 0.1271178308783508 -0.016349509232564664 0.020053515441021814 0.0056394609555462331 0.27343049030150141 0.079065345022185096 0.14336685015345521 0.055307340538996913 0.23723317962139845 -0.02954425913488137 0.02994444555800237 0.014437412737503628 -0.023682812548456233 -0.0045204965758682226 0.10589821790495227 0.040240211725012159 0.22913885070727422 0.15924840953487618 0.18279732887943587 0.099743589620257533 0.058826220061217266 0.16855239695869387 0.09868811730182532 0.0016298407739848923
leaf_weight=1816 1047 7921 172 90 155 1827 41 3620 3578 3363 31 58 53 1610 64 5448 3876 3611 6586 6533 31 2537 26 52 24 43 264 32 66 2623
leaf_count=1816 1047 7921 172 90 155 1827 41 3620 3578 3363 31 58 53 1610 64 5448 3876 3611 6586 6533 31 2537 26 52 24 43 264 32 66 2623
internal_value=-1.54911e-11 -0.0115434 0.0361286 0.0300776 0.105443 -0.001883 0.142631 -0.0258531 0.0225055 0.00553691 0.118393 0.14381 0.191367 0.0452701 0.189253 -0.0325568 0.0251967 0.0101949 -0.0210817 -0.00774747 0.108458 0.0391186 0.163448 0.182545 0.139454 0.0709623 0.0783363 0.129102 0.0667986 -0.001763
internal_weight=57198 43348 13850 12738 1112 25878 535 17470 8501 11424 352 197 84 4237 183 7264 7454 6974 10206 14454 113 2627 119 78 55 577 405 75 330 4450
internal_count=57198 43348 13850 12738 1112 25878 535 17470 8501 11424 352 197 84 4237 183 7264 7454 6974 10206 14454 113 2627 119 78 55 577 405 75 330 4450
is_linear=0
shrinkage=0.05


Tree=2
num_leaves=31
num_cat=0
split_feature=2 2 2 2 3 2 2 5 5 5 7 1 0 0 2 2 2 3 0 2 3 9 2 4 3 5 3 3 3 0
split_gain=8611.35 2163.22 2097.06 533.052 514.875 406.504 201.845 186.594 145.835 140.34 120.903 108.432 106.151 121.34 92.2257 87.6684 69.2531 63.3695 52.8107 50.9011 46.6742 45.1816 44.921 36.9358 34.3239 33.2567 28.5191 26.9697 26.4727 25.5913
threshold=0.47607894286980706 -0.56814445375274925 2.4358698305335271 1.3421180409045637 2.8180227285006008 -0.010662585274049808 -0.95902852055360255 -0.31317640375456596 1.4312047935437753 -0.24956724947920125 1.707859523614377 2.8228242796172474 1.6437776611856465 1.4752347667327759 5.2373451118821626 0.81867748947583829 -1.2816315525578992 1.6725078410514487 -1.3768667146945477 0.23587665520374837 2.4195774946774047 0.25006339628508761 -0.26335371143789288 0.27569392799543307 1.3470610015778208 1.1065214618131212 -1.812374569575226 1.6725078410514487 1.5767137871784713 1.9936084506522318
decision_type=2 2 2 2 2 2 2 2 2 2 2 2 2 2 2 2 2 2 2 2 2 2 2 2 2 2 2 2 2 2
left_child=1 6 3 7 14 22 16 -2 10 -7 -6 -12 13 -13 29 28 26 18 -5 -11 -16 -8 27 -19 -17 -14 -1 -3 -9 -4
right_child=2 5 4 17 8 9 21 15 -10 19 11 12 25 -15 20 24 -18 23 -20 -21 -22 -23 -24 -25 -26 -27 -28 -29 -30 -31
leaf_value=-0.0525699844956398 0.0049179616497320331 -0.010169682538815887 0.062951753113424089 0.091196457803249364 0.087194264140150968 -0.0012959085348819767 -0.015678914637490795 0.018846885377381918 0.22178419057060694 0.0054661642330152416 0.080913496327896919 0.15375279576563447 0.086181989498436459 0.26130514326302906 0.096604035895849982 0.027779299762444361 -0.028179066490243466 0.047435565886409653 0.03918833596417412 0.014209123628221659 0.18829453276551289 -0.022569875546940274 -0.004385944281638317 0.06494741374753836 0.038390222445758994 0.14664587697529413 -0.036507475257308228 0.03446068304645665 0.036300064992558743 0.092652444967201777
leaf_weight=340 1304 7661 531 50 109 4761 3669 3654 51 3250 48 61 30 46 35 3204 5221 729 2053 3413 23 6764 6759 513 1000 94 1476 34 231 84
leaf_count=340 1304 7661 531 50 109 4761 3669 3654 51 3250 48 61 30 46 35 3204 5221 729 2053 3413 23 6764 6759 513 1000 94 1476 34 231 84
internal_value=-7.95423e-12 -0.0109662 0.0343222 0.0285737 0.100171 -0.00178885 -0.0245604 0.0224699 0.142296 0.00526006 0.131848 0.149294 0.163503 0.19999 0.0726926 0.0252994 -0.0311044 0.0457136 0.0404249 0.00994459 0.132964 -0.0201465 -0.0073601 0.0546687 0.0303033 0.132018 -0.0395148 -0.00997249 0.0198846 0.0670084
internal_weight=57198 43348 13850 12738 1112 25878 17470 9393 439 11424 388 279 231 107 673 8089 7037 3345 2103 6663 58 10433 14454 1242 4204 124 1816 7695 3885 615
internal_count=57198 43348 13850 12738 1112 25878 17470 9393 439 11424 388 279 231 107 673 8089 7037 3345 2103 6663 58 10433 14454 1242 4204 124 1816 7695 3885 615
is_linear=0
shrinkage=0.05


Tree=3
num_leaves=31
num_cat=0
split_feature=2 2 2 2 3 2 2 2 5 5 3 4 2 5 2 3 4 0 2 2 4 3 4 9 5 0 4 5 2 1
split_gain=7771.75 1952.3 1892.59 481.079 467.315 366.87 194.939 183.649 169.653 127.286 94.5565 175.621 82.2087 80.3211 78.1755 57.191 52.9477 47.6617 44.6354 40.5723 39.4852 35.6353 33.3345 31.4382 27.6783 26.5494 29.2673 25.8907 29.097 25.6591
threshold=0.47607894286980706 -0.56814445375274925 2.4358698305335271 1.3421180409045637 2.593219488673522 -0.010662585274049808 5.2373451118821626 -0.89804345237630312 -0.37618863167946776 -0.31317640375456596 3.1923315992737717 -0.20576765355688617 0.77979098197706331 1.4495693291702281 -1.2816315525578992 1.6725078410514487 -0.38918158938634145 -1.3768667146945477 0.21646240458113933 -0.25224536328840114 0.43618112184620622 1.3470610015778208 0.27569392799543307 0.25006339628508761 1.1904917396839851 0.44823345040270363 -1.3521047524909802 0.69515041704156832 -1.9575771726513211 2.0111533611481645
decision_type=2 2 2 2 2 2 2 2 2 2 2 2 2 2 2 2 2 2 2 2 2 2 2 2 2 2 2 2 2 2
left_child=1 7 3 8 29 19 10 14 -2 25 -6 16 -10 -8 27 17 -12 -5 -11 -3 24 -14 -17 -9 -13 26 -7 28 -1 -4
right_child=2 5 4 15 6 9 13 23 12 18 11 20 21 -15 -16 22 -18 -19 -20 -21 -22 -23 -24 -25 -26 -27 -28 -29 -30 -31
leaf_value=-0.056494372498531058 0.0029054355675908233 -0.0093978807242813822 0.04777170664584806 0.086636633336544033 0.077846783543786699 -0.022205821117160903 0.15543381242167872 -0.014234861621114401 0.018080548409863156 0.0046810917581569453 0.15524779629448188 0.081097795743056963 0.025778078004795858 0.24263993725180627 -0.025940515983803272 0.04506378873061026 0.25848415780950479 0.037228919163939882 0.012743651346639368 -0.0040751745231185727 0.060133191123604782 0.036159753983013132 0.06170004325960609 -0.02048778418459675 0.13571516840833506 0.0016131441752609119 -0.003729573476472384 -0.0052414085766940843 -0.036322096921803201 0.070822553132419239
leaf_weight=202 1101 7921 172 50 155 248 151 3339 3578 3054 23 34 3645 32 7264 729 27 2053 3920 6533 40 1069 513 5051 73 2623 1579 60 1554 405
leaf_count=202 1101 7921 172 50 155 248 151 3339 3578 3054 23 34 3645 32 7264 729 27 2053 3920 6533 40 1069 513 5051 73 2623 1579 60 1554 405
internal_value=6.4408e-13 -0.0104179 0.0326061 0.027145 0.0951625 -0.00169941 0.128824 -0.0233324 0.0213464 0.00499706 0.107062 0.130049 0.023795 0.170683 -0.0282602 0.0434279 0.210995 0.0384036 0.00921296 -0.00699209 0.102516 0.0281323 0.0519353 -0.0179993 0.11836 -0.00161006 -0.00623757 -0.037539 -0.0386426 0.0639512
internal_weight=57198 43348 13850 12738 1112 25878 535 17470 9393 11424 352 197 8292 183 9080 3345 50 2103 6974 14454 147 4714 1242 8390 107 4450 1827 1816 1756 577
internal_count=57198 43348 13850 12738 1112 25878 535 17470 9393 11424 352 197 8292 183 9080 3345 50 2103 6974 14454 147 4714 1242 8390 107 4450 1827 1816 1756 577
is_linear=0
shrinkage=0.05


Tree=4
num_leaves=31
num_cat=0
split_feature=2 2 2 2 3 2 2 2 5 5 2 3 4 3 5 4 2 0 5 4 4 5 3 3 3 5 2 8 6 0
split_gain=7014 1762.01 1708.07 435.567 421.752 282.336 218.312 175.932 129.612 114.643 87.6502 85.3372 159.419 79.4321 72.4898 57.3396 54.8301 44.6697 57.6676 37.1115 36.5866 32.4902 29.4803 28.2433 25.9852 25.3425 24.9708 24.3326 24.2962 50.5795
threshold=0.47607894286980706 -0.50433632636090964 2.4358698305335271 1.187566542397384 2.593219488673522 0.0097679696060734272 -0.80955409585661819 5.2373451118821626 -0.37618863167946776 -0.24956724947920125 -1.2816315525578992 3.1923315992737717 -0.25162113751425025 1.8573264343973352 1.4495693291702281 -0.38918158938634145 0.69239275780205234 0.87749911906728173 1.2655051286133518 0.43618112184620622 0.27569392799543307 -0.37618863167946776 0.50228783319909509 1.2593885293927383 1.5767137871784713 1.1904917396839851 0.21646240458113933 -1.7049705869141294 1.1185040474979022 0.060068782369897232
decision_type=2 2 2 2 2 2 2 2 2 2 2 2 2 2 2 2 2 2 2 2 2 2 2 2 2 2 2 2 2 2
left_child=1 6 3 8 28 22 10 11 -2 -7 27 -6 15 21 -9 -13 -10 26 -19 25 -15 -5 -3 -18 -8 -14 -11 -1 -4 -30
right_child=2 5 4 13 7 9 24 14 16 17 -12 12 19 20 -16 -17 23 18 -20 -21 -22 -23 -24 -25 -26 -27 -28 -29 29 -31
leaf_value=-0.041650871558464267 0.0027871601728808293 -0.006626859792373492 0.046612977265115901 0.0053636944625112745 0.07395444348454476 -0.0011338857765085372 -0.014780861785698705 0.14766212145224314 0.015645007179859931 0.0037493085293597004 -0.023699581226373612 0.14748540517428649 0.078958031462712422 0.043044682039770459 0.23050794787704945 0.25796364992856979 0.022632888580498986 0.016874441519856488 0.090929789316874968 0.057126531824469563 0.06210149201460044 0.035837405469783909 0.0013743099768050086 0.031738215874569264 0.038446804654339084 0.1301055040311169 0.010555344342501436 -0.030068719541778963 0.1032206336680202 0.058646532634166561
leaf_weight=877 1047 12036 199 90 155 4522 7458 151 2560 2484 9766 23 36 612 32 24 3796 997 27 40 428 3107 1273 1098 23 74 2946 939 81 297
leaf_count=877 1047 12036 199 90 155 4522 7458 151 2560 2484 9766 23 36 612 32 24 3796 997 27 40 428 3107 1273 1098 23 74 2946 939 81 297
internal_value=8.8983e-12 -0.00989698 0.0309758 0.0257878 0.0904044 -0.00096564 -0.0212749 0.122383 0.0192604 0.00497092 -0.0255752 0.101709 0.123546 0.0388842 0.162149 0.2039 0.0215742 0.00924826 0.0188271 0.0983691 0.0508873 0.0349795 -0.00586155 0.0246757 -0.0146172 0.113366 0.00744186 -0.0356621 0.0607537 0.0681981
internal_weight=57198 43348 13850 12738 1112 24285 19063 535 8501 10976 11582 352 197 4237 183 47 7454 6454 1024 150 1040 3197 13309 4894 7481 110 5430 1816 577 378
internal_count=57198 43348 13850 12738 1112 24285 19063 535 8501 10976 11582 352 197 4237 183 47 7454 6454 1024 150 1040 3197 13309 4894 7481 110 5430 1816 577 378
is_linear=0
shrinkage=0.05


Tree=5
num_leaves=31
num_cat=0
split_feature=2 2 2 2 3 2 2 5 5 5 7 1 0 11 2 2 2 3 0 5 0 5 2 2 4 5 4 3 0 4
split_gain=6330.13 1594.01 1541.53 395.502 380.835 305.168 147.229 139.063 114.056 104.855 96.3191 83.2201 86.3704 99.7951 68.2327 65.5693 53.042 46.7898 42.9657 40.7759 36.9214 54.7339 36.7451 33.0619 28.7877 28.6936 27.2062 25.3805 24.9914 25.9913
threshold=0.47607894286980706 -0.57946177903377483 2.4358698305335271 1.3421180409045637 2.8180227285006008 -0.010662585274049808 -0.95902852055360255 -0.31317640375456596 1.4312047935437753 -0.37618863167946776 1.707859523614377 2.8228242796172474 1.6630209632296875 -0.7500292558394458 5.2373451118821626 0.81867748947583829 -1.483489645618328 1.6725078410514487 -1.3768667146945477 1.4312047935437753 0.87749911906728173 1.2655051286133518 -0.26335371143789288 -0.80018234548693024 -0.57259552521579626 1.1065214618131212 0.27569392799543307 1.3470610015778208 0.44823345040270363 -1.3291780105122986
decision_type=2 2 2 2 2 2 2 2 2 2 2 2 2 2 2 2 2 2 2 2 2 2 2 2 2 2 2 2 2 2
left_child=1 6 3 7 14 22 16 -2 10 28 -6 -12 13 -13 -4 -9 24 18 -5 -16 -11 -22 -3 -8 -1 -14 -19 -17 29 -7
right_child=2 5 4 17 8 9 23 15 -10 20 11 12 25 -15 19 27 -18 26 -20 -21 21 -23 -24 -25 -26 -27 -28 -29 -30 -31
leaf_value=-0.045390823008837525 0.0040883243954022248 -0.0086891133897620265 0.057362465390337375 0.080512932777404789 0.073017206135282828 -0.02105170219130386 -0.020400371428431679 0.017000607028061932 0.19240908470808293 0.0065136253844076623 0.068539292768885693 0.22913317758104076 0.066311106085777283 0.13258322445872181 0.056306076869368553 0.023840523969651455 -0.025092333065941958 0.040749320561968214 0.033602321409453406 0.14450821751042417 0.014409027437586805 0.086383298729304919 -0.0036702937476702836 -0.014696905712897626 -0.027256753026386318 0.12479133009910584 0.055778750469526878 0.032964941320917568 0.001360842383183621 -0.0038749114242411248
leaf_weight=540 1304 7921 615 50 109 261 4771 3885 51 6040 48 46 27 64 20 3204 6129 729 2053 38 1218 27 6759 5436 368 94 513 1000 2468 1410
leaf_count=540 1304 7921 615 50 109 261 4771 3885 51 6040 48 46 27 64 20 3204 6129 729 2053 38 1218 27 6759 5436 368 94 513 1000 2468 1410
internal_value=4.94637e-12 -0.00940213 0.029427 0.0244984 0.0858842 -0.00160928 -0.021199 0.0192408 0.122114 0.00451902 0.112874 0.128445 0.140893 0.172959 0.0622516 0.0216834 -0.0267632 0.0392622 0.0347176 0.114094 0.0081297 0.0159699 -0.00637834 -0.0173628 -0.0380413 0.111742 0.0469571 0.0260109 -0.00183609 -0.00655782
internal_weight=57198 43348 13850 12738 1112 26104 17244 9393 439 11424 388 279 231 110 673 8089 7037 3345 2103 58 7285 1245 14680 10207 908 121 1242 4204 4139 1671
internal_count=57198 43348 13850 12738 1112 26104 17244 9393 439 11424 388 279 231 110 673 8089 7037 3345 2103 58 7285 1245 14680 10207 908 121 1242 4204 4139 1671
is_linear=0
shrinkage=0.05


Tree=6
num_leaves=31
num_cat=0
split_feature=2 2 2 2 3 5 2 2 2 3 3 4 5 2 4 2 5 3 4 2 0 4 9 0 4 4 1 5 8 3
split_gain=5719.12 1634.39 1056.71 579.387 347.697 191.617 142.324 137.067 122.974 104.518 69.288 135.255 63.4264 53.7479 48.1184 47.8704 46.5004 39.3333 35.5098 34.0935 35.8521 31.2278 28.8517 27.2705 35.6253 25.9809 25.1031 27.3094 31.4352 22.4802
threshold=0.26150717713283583 2.4358698305335271 -0.59802044817242195 0.98691921709933494 2.593219488673522 -0.24956724947920125 5.2373451118821626 -0.10457611174928209 -0.95902852055360255 1.5767137871784713 3.1923315992737717 -0.25162113751425025 1.4495693291702281 0.69239275780205234 -0.38918158938634145 -1.483489645618328 -0.37618863167946776 0.3252125093176112 0.25276718601675113 1.3805442181215346 -1.3768667146945477 0.43618112184620622 0.25006339628508761 0.44823345040270363 -1.2833245265549345 -0.57259552521579626 2.4107711890197381 1.3599459555339253 -0.99042967103748658 1.2855968839227649
decision_type=2 2 2 2 2 2 2 2 2 2 2 2 2 2 2 2 2 2 2 2 2 2 2 2 2 2 2 2 2 2
left_child=2 3 8 5 -3 23 10 -4 15 16 -6 14 -8 -7 -12 25 -5 -9 26 -18 -21 -13 -10 24 -2 -1 27 -11 -29 -15
right_child=1 4 7 9 6 13 12 17 22 18 11 21 -14 29 -16 -17 19 -19 -20 20 -22 -23 -24 -25 -26 -27 -28 28 -30 -31
leaf_value=-0.043121281502147522 -0.023086450525635387 0.054668008018950033 -0.0071518244246930847 0.0053125039853836667 0.067021925602588933 0.013265540164596716 0.13284125003396283 -0.0012849066484963731 -0.01290864370660978 0.036315635373376266 0.13404191005570085 0.10227419254285369 0.21033507697284223 0.019379879792231842 0.23524765546123186 -0.023837716396781446 0.024592618538138059 0.0057498740583638817 0.050481447312367068 0.076991701126098641 0.032707948999998966 0.050684822257608175 -0.01867635480515446 0.0044970181549569069 9.5496476157295378e-05 -0.025893915348253516 0.054310106078845378 0.045375980157405141 -0.0070118044968694448 0.029992138152140708
leaf_weight=540 227 577 12440 227 155 5413 151 6562 3253 805 23 110 32 2445 24 6129 2292 2850 704 47 1659 40 6502 2095 614 368 161 44 82 627
leaf_count=540 227 577 12440 227 155 5413 151 6562 3253 805 23 110 32 2445 24 6129 2292 2850 704 47 1659 40 6502 2095 614 368 161 44 82 627
internal_value=9.61899e-12 0.0228174 -0.0109552 0.0190704 0.08159 0.0124538 0.110625 -0.00370735 -0.0203872 0.0316213 0.0920309 0.111708 0.146392 0.0162634 0.185721 -0.025425 0.0273262 0.00084526 0.0417252 0.0285761 0.033928 0.088517 -0.016753 0.00144389 -0.0061617 -0.0361393 0.0360802 0.0329277 0.0112823 0.0215459
internal_weight=57198 18554 38644 17442 1112 11421 535 21852 16792 6021 352 197 183 8485 47 7037 4225 9412 1796 3998 1706 150 9755 2936 841 908 1092 931 126 3072
internal_count=57198 18554 38644 17442 1112 11421 535 21852 16792 6021 352 197 183 8485 47 7037 4225 9412 1796 3998 1706 150 9755 2936 841 908 1092 931 126 3072
is_linear=0
shrinkage=0.05


Tree=7
num_leaves=31
num_cat=0
split_feature=2 1 2 2 3 5 2 2 5 4 4 5 5 2 5 4 6 5 8 2 4 5 1 1 5 3 4 6 5 5
split_gain=5163.34 1521.1 884.814 545.275 354.072 137.751 129.158 125.458 100.04 104.231 101.171 103.4 97.9203 93.6518 51.204 45.3876 43.0125 38.4874 33.5774 32.6826 32.3262 30.3705 29.0075 28.2392 27.1164 26.1605 25.4442 24.3122 24.9423 31.6429
threshold=0.21646240458113933 2.4107711890197381 -0.67196451314199912 0.81867748947583829 2.8180227285006008 -0.24956724947920125 1.3805442181215346 -0.18252973334937572 1.4312047935437753 0.092279992165977986 -0.45796181532238694 1.1904917396839851 1.4495693291702281 -1.2400049951841161 -0.37618863167946776 -0.228694395535568 1.7136308150948316 -0.24956724947920125 -0.99042967103748658 -0.87266484658873311 -0.11406068564215872 1.2994638957836848 3.6057252039299117 3.6057252039299117 -1.1326614881673891 1.3470610015778208 -1.3750314944696622 1.0000000180025095e-35 1.386347522532285 1.3309652674966419
decision_type=2 2 2 2 2 2 2 2 2 2 2 2 2 2 2 2 2 2 2 2 2 2 2 2 2 2 2 2 2 2
left_child=2 3 13 5 12 26 14 24 9 10 -6 -12 22 -1 -5 21 -14 -9 20 -15 -8 -13 -3 -11 -4 -16 -2 -20 29 -29
right_child=1 4 7 6 8 -7 18 17 -10 23 11 15 16 19 25 -17 -18 -19 27 -21 -22 -23 -24 -25 -26 -27 -28 28 -30 -31
leaf_value=-0.030248809223216235 -0.01198514779897651 0.044797381392236338 -0.012739711815453324 0.0046061673385994848 0.040677995465952778 0.013271271402495699 0.031120676693150447 -0.0035243859299632532 0.17473303114666661 0.058997624635434988 0.07840165128202542 0.24469622286657491 0.078684853423725484 -0.020718293359079567 0.021402158768512876 0.14243021777843776 0.17872646167164757 0.0025861262412213586 0.023279997569214075 -0.015552270173791211 0.054573123962275844 0.16236080057209445 0.06687741977903916 0.096235399004881803 -0.0068657905534635442 0.030341787737587791 0.0023203571640026096 0.036088803363862325 0.016637702127573668 0.080579828798044026
leaf_weight=2043 351 617 2459 388 29 7458 238 5313 51 114 46 24 22 7950 3428 73 21 5004 545 4979 384 21 196 92 9776 1075 2716 1582 162 41
leaf_count=2043 351 617 2459 388 29 7458 238 5313 51 114 46 24 22 7950 3428 73 21 5004 545 4979 384 21 196 92 9776 1075 2716 1582 162 41
internal_value=-7.77668e-12 0.0207469 -0.0108777 0.0170397 0.0728858 0.00960308 0.0270194 -0.00462181 0.108792 0.100364 0.126766 0.141989 0.0540097 -0.0203008 0.0220346 0.166777 0.127542 -0.000560636 0.0352784 -0.0187288 0.0455994 0.206273 0.0501205 0.0756281 -0.00804634 0.0235363 0.000683177 0.0325232 0.0353454 0.0372127
internal_weight=57198 19674 37524 18368 1306 10525 7843 22552 450 399 193 164 856 14972 4891 118 43 10317 2952 12929 622 45 813 206 12235 4503 3067 2330 1785 1623
internal_count=57198 19674 37524 18368 1306 10525 7843 22552 450 399 193 164 856 14972 4891 118 43 10317 2952 12929 622 45 813 206 12235 4503 3067 2330 1785 1623
is_linear=0
shrinkage=0.05


Tree=8
num_leaves=31
num_cat=0
split_feature=2 2 2 2 3 2 2 5 4 4 5 5 5 3 2 4 2 0 7 0 5 4 0 3 5 6 0 5 0 4
split_gain=4673.81 1178.4 1139.96 288.283 284.18 186.348 145.075 117.333 98.6092 114.704 92.067 88.065 78.666 57.2127 56.6323 49.1681 38.3759 38.0498 30.3471 30.1314 49.0894 27.4676 26.3074 24.1909 24.1146 24.0968 37.0732 22.5629 22.2917 21.5538
threshold=0.47607894286980706 -0.50433632636090964 2.4358698305335271 1.187566542397384 2.593219488673522 0.0097679696060734272 -0.84623431554387041 1.1495863065883827 -0.45796181532238694 -0.228694395535568 1.4495693291702281 -0.43848646996953172 -0.37618863167946776 1.8573264343973352 -1.2400049951841161 0.50496134778225188 0.69239275780205234 1.5444408700911725 1.707859523614377 0.87749911906728173 1.2655051286133518 0.27569392799543307 1.6630209632296875 0.50228783319909509 0.26649206790019442 1.0000000180025095e-35 -1.2252023190870001 0.91441636237843227 1.0327649499723037 0.20691370205938739
decision_type=2 2 2 2 2 2 2 2 2 2 2 2 2 2 2 2 2 2 2 2 2 2 2 2 2 2 2 2 2 2
left_child=1 6 3 11 -4 23 14 -6 -9 17 15 -2 28 24 -1 18 -13 -10 -11 -14 -21 -15 -20 -3 -5 -26 -27 -18 -7 -29
right_child=2 5 4 13 7 12 -8 8 9 10 -12 16 19 21 -16 -17 27 -19 22 20 -22 -23 -24 -25 25 26 -28 29 -30 -31
leaf_value=-0.028736368752548737 0.00047885639864276132 -0.0054457639466956274 0.049496517702836251 0.016771928683441246 0.060369810397210337 -0.0049610429050141267 -0.012463580205437294 0.049704530152331033 0.13787826273058143 0.085631801255724657 0.19115687422454358 0.012555889132317768 0.00570479534565611 0.03509350373362894 -0.019478713862321494 0.051741717848926783 0.017913430845174983 0.22397301756974422 0.14403516232895738 0.012834686974503807 0.081012313309367062 0.051605494575418326 0.10040068682884017 0.0018021521960566421 0.023937121412745913 0.087745829214972842 0.032582586970226785 0.021083653312654618 0.0026538671001689967 0.034317250104249346
leaf_weight=2043 851 12036 577 392 138 2206 8389 52 21 77 32 2640 5847 612 8631 42 3608 33 78 1193 27 428 62 1273 1032 31 1742 946 1703 456
leaf_count=2043 851 12036 577 392 138 2206 8389 52 21 77 32 2640 5847 612 8631 42 3608 33 78 1193 27 428 62 1273 1032 31 1742 946 1703 456
internal_value=-4.70508e-12 -0.00807896 0.0252857 0.0210474 0.0738355 -0.000774987 -0.0173837 0.100085 0.113891 0.123565 0.111146 0.015737 0.00404797 0.0317019 -0.0212506 0.10126 0.0174344 0.190492 0.110844 0.00719613 0.0143435 0.0418888 0.124711 -0.0047525 0.0283881 0.0300114 0.0335471 0.0200051 -0.00164352 0.0253879
internal_weight=57198 43348 13850 12738 1112 24285 19063 535 397 345 291 8501 10976 4237 10674 259 7650 54 217 7067 1220 1040 140 13309 3197 2805 1773 5010 3909 1402
internal_count=57198 43348 13850 12738 1112 24285 19063 535 397 345 291 8501 10976 4237 10674 259 7650 54 217 7067 1220 1040 140 13309 3197 2805 1773 5010 3909 1402
is_linear=0
shrinkage=0.05


Tree=9
num_leaves=31
num_cat=0
split_feature=2 2 2 2 3 2 2 2 5 5 2 3 4 5 2 3 4 6 3 4 5 5 2 3 4 11 8 5 6 5
split_gain=4218.11 1063.51 1028.81 260.674 256.472 168.281 131.824 105.983 92.4728 71.4175 56.0192 51.3831 104.74 49.6902 41.7451 34.491 31.273 30.5388 23.4959 23.1586 22.5437 22.2184 22.6843 21.2533 21.1637 21.8276 40.2755 24.6257 19.7351 28.1842
threshold=0.47607894286980706 -0.50433632636090964 2.4358698305335271 1.2940948529682559 2.593219488673522 -0.010662585274049808 -0.80018234548693024 5.2373451118821626 -0.37618863167946776 -0.24956724947920125 -1.2816315525578992 3.1923315992737717 -0.20576765355688617 1.4312047935437753 0.77979098197706331 1.6725078410514487 -0.38918158938634145 -0.50231995162864196 1.5767137871784713 0.43618112184620622 -0.24956724947920125 0.69515041704156832 -1.9575771726513211 1.2593885293927383 0.32154741195279685 1.4457311165250033 -0.99042967103748658 1.1495863065883827 1.1185040474979022 1.4651726809124612
decision_type=2 2 2 2 2 2 2 2 2 2 2 2 2 2 2 2 2 2 2 2 2 2 2 2 2 2 2 2 2 2
left_child=1 6 3 8 28 20 10 11 -2 -7 21 -6 16 -9 -10 -5 -13 -11 -8 -14 -3 22 -1 -16 25 27 -27 -17 -4 -30
right_child=2 5 4 15 7 9 18 13 14 17 -12 12 19 -15 23 24 -18 -19 -20 -21 -22 -23 -24 -25 -26 26 -28 -29 29 -31
leaf_value=-0.044636593728745816 0.0018912433119112394 -0.0063175983471722126 0.034277236328844038 0.027802714556774352 0.057498546787988269 -0.00099685728511234701 -0.011367016892093509 0.10683815790762921 0.013350816417019701 0.0031693195213830898 -0.018305494448771071 0.11564895878343479 0.086851332569930051 0.16147269746288659 0.018521407472118803 0.031680759234785923 0.19498928608717744 0.0099960609542549331 0.040383386772803287 0.042258744807913903 -0.0020169076206958208 0.0020675808889791371 -0.026825360844675961 0.026304827149828916 0.046133471468384681 0.045872192478404857 -0.012459662529716352 0.055983274998859724 0.049795450924303292 0.10109427657363744
leaf_weight=202 1094 7901 199 2296 155 4761 7233 119 3578 2903 9992 23 107 64 3304 526 27 3760 22 40 4960 60 1554 1194 496 53 67 130 349 29
leaf_count=202 1094 7901 199 2296 155 4761 7233 119 3578 2903 9992 23 107 64 3304 526 27 3760 22 40 4960 60 1554 1194 496 53 67 130 349 29
internal_value=3.90677e-12 -0.00767501 0.0240214 0.019995 0.0701438 -0.000736237 -0.0165145 0.095081 0.0155334 0.00367994 -0.0197737 0.0790351 0.0959801 0.125945 0.0173814 0.0314618 0.158493 0.00702172 -0.0112101 0.0747173 -0.00465899 -0.027852 -0.0288743 0.0205875 0.0380665 0.0329102 0.0133036 0.0364968 0.0470217 0.0537311
internal_weight=57198 43348 13850 12738 1112 24285 19063 535 9170 11424 11808 352 197 183 8076 3568 50 6663 7255 147 12861 1816 1756 4498 1272 776 120 656 577 378
internal_count=57198 43348 13850 12738 1112 24285 19063 535 9170 11424 11808 352 197 183 8076 3568 50 6663 7255 147 12861 1816 1756 4498 1272 776 120 656 577 378
is_linear=0
shrinkage=0.05


Tree=10
num_leaves=31
num_cat=0
split_feature=2 1 2 2 3 2 5 3 4 7 0 5 2 4 5 3 3 6 0 9 5 1 8 5 5 2 1 4 5 6
split_gain=3816.07 1099.17 706.471 355.111 257.27 113.987 110.839 91.1098 77.288 86.5221 125.544 75.5656 69.1812 42.6221 42.4571 37.0413 35.2339 34.1481 32.9658 29.6131 29.2762 26.9195 24.3562 24.1131 23.2905 22.8667 26.9545 22.3803 22.8054 42.062
threshold=0.26150717713283583 2.4107711890197381 -0.67196451314199912 0.87261910260975706 2.8180227285006008 -0.18252973334937572 -0.24956724947920125 1.4048846845692959 0.52788808976093382 1.707859523614377 1.6630209632296875 1.4495693291702281 -1.1659453398677471 0.25276718601675113 -0.43848646996953172 4.0338895687215937 0.21109231303450274 1.7136308150948316 1.9936084506522318 0.25006339628508761 0.91441636237843227 4.5507345581604772 -1.7049705869141294 1.1065214618131212 -1.1326614881673891 5.2373451118821626 4.5507345581604772 -0.13698742762084057 1.1904917396839851 1.7136308150948316
decision_type=2 2 2 2 2 2 2 2 2 2 2 2 2 2 2 2 2 2 2 2 2 2 2 2 2 2 2 2 2 2
left_child=2 3 12 6 11 24 -2 14 9 -6 15 18 22 27 -5 25 -7 -13 21 -14 -15 -3 -1 -12 -4 -11 -27 28 -9 -30
right_child=1 4 5 7 8 16 -8 13 -10 10 23 17 19 20 -16 -17 -18 -19 -20 -21 -22 -23 -24 -25 -26 26 -28 -29 29 -31
leaf_value=-0.030910597828802972 0.00056537423125371485 0.036918215951189486 -0.011276564280515673 0.0010647684908520339 0.063588505074660351 -0.0019823537645263993 0.012408385526108165 0.026332581456986495 0.042114508249575189 0.19538196057081225 0.044646390585694466 0.067837904273024344 -0.011606212229494046 0.026458789069167252 0.020856583335537936 0.10966616396496937 0.0038697789004618526 0.15697662120773681 0.066979018855094913 -0.017301767680572563 0.045416772812030611 0.084597995468685711 -0.020888024999334273 0.094115812616818811 -0.0058327714464150339 0.17588279755676495 0.10825345811362451 0.014668831478681508 0.033568411852009809 0.090522958375513551
leaf_weight=1036 2698 657 2459 289 107 7531 7379 1037 63 40 32 22 3007 292 4343 41 3906 21 125 9468 673 31 1461 107 9776 34 26 326 171 40
leaf_count=1036 2698 657 2459 289 107 7531 7379 1037 63 40 32 22 3007 292 4343 41 3906 21 125 9468 673 31 1461 107 9776 34 26 326 171 40
internal_value=9.2516e-12 0.0186384 -0.00894881 0.0152897 0.0628649 -0.00357232 0.00923756 0.0237944 0.0934721 0.101833 0.116447 0.0467747 -0.0174495 0.0314067 0.0196217 0.149689 1.62849e-05 0.111371 0.0433582 -0.0159289 0.0396803 0.0390666 -0.0250464 0.0827272 -0.00692687 0.166099 0.146577 0.0263342 0.0293814 0.0443655
internal_weight=57198 18554 38644 17248 1306 23672 10077 7171 450 387 280 856 14972 2539 4632 141 11437 43 813 12475 965 688 2497 139 12235 100 60 1574 1248 211
internal_count=57198 18554 38644 17248 1306 23672 10077 7171 450 387 280 856 14972 2539 4632 141 11437 43 813 12475 965 688 2497 139 12235 100 60 1574 1248 211
is_linear=0
shrinkage=0.05


Tree=11
num_leaves=31
num_cat=0
split_feature=2 1 2 2 3 5 3 2 5 4 4 0 5 2 4 5 5 3 6 0 3 4 1 0 4 8 8 3 2 0
split_gain=3446.87 1023.58 589.186 358.334 232.186 95.0287 88.8005 85.7182 71.3382 73.2033 80.2701 85.9994 68.1979 62.436 45.614 38.4675 32.7281 31.9504 30.8186 29.7516 28.4992 25.9642 24.2949 24.0106 29.5766 21.9815 21.5661 21.1121 20.9211 20.8976
threshold=0.21646240458113933 2.4107711890197381 -0.67196451314199912 0.81867748947583829 2.8180227285006008 -0.24956724947920125 1.3166402403684843 -0.25224536328840114 1.4312047935437753 0.092279992165977986 -0.45796181532238694 1.6630209632296875 1.4495693291702281 -1.1659453398677471 0.22984044403806927 -0.43848646996953172 0.91441636237843227 0.50228783319909509 1.7136308150948316 1.9936084506522318 3.1923315992737717 -0.11406068564215872 4.5507345581604772 0.44823345040270363 -1.3062512685336163 -1.7049705869141294 1.0816417019878375 1.5767137871784713 -0.89804345237630312 1.5444408700911725
decision_type=2 2 2 2 2 2 2 2 2 2 2 2 2 2 2 2 2 2 2 2 2 2 2 2 2 2 2 2 2 2
left_child=2 3 13 5 12 23 15 -4 9 10 -6 29 19 25 21 -5 -16 -9 -14 22 -13 -8 -3 24 -2 -1 -18 -7 -15 -12
right_child=1 4 7 6 8 27 14 17 -10 -11 11 20 18 28 16 -17 26 -19 -20 -21 -22 -23 -24 -25 -26 -27 -28 -29 -30 -31
leaf_value=-0.029365067895048776 -0.021269147893234877 0.035072304843322487 -0.007109147917800868 0.0010667735054581003 0.027125539213162044 0.010332686801935395 0.026764533267115816 -0.0020894834325091683 0.14448199640302098 0.060951336238474485 0.13607366772736318 0.033851124842961627 0.064446007078301837 -0.017069597364366595 0.024191660405568582 0.01902683129753736 0.04614457986781445 0.0047327564090120329 0.14912778905459814 0.063630067765712742 0.10026336619364365 0.01139647207863336 0.080368097078415662 0.0035545856495797744 -0.0010834833832708472 -0.019843623896238317 0.023763911979626722 0.022810298422355324 -0.012968127379810256 0.19074433260950552
leaf_weight=1036 238 657 10419 319 29 7102 1490 10064 51 206 44 21 22 6583 359 4559 650 2069 21 125 70 337 31 2065 764 1461 129 356 5892 29
leaf_count=1036 238 657 10419 319 29 7102 1490 10064 51 206 44 21 22 6583 359 4559 650 2069 21 125 70 337 31 2065 764 1461 129 356 5892 29
internal_value=-1.81723e-11 0.0169512 -0.00888759 0.0139101 0.0597217 0.00788158 0.0220002 -0.00378267 0.0887985 0.0816811 0.103807 0.117367 0.0444359 -0.016577 0.0288243 0.0178523 0.0366822 -0.00092611 0.105802 0.0411903 0.0849375 0.0239298 0.0371132 0.000472899 -0.00587808 -0.0237941 0.0424384 0.0109283 -0.0151325 0.157792
internal_weight=57198 19674 37524 18368 1306 10525 7843 22552 450 399 193 164 856 14972 2965 4878 1138 12133 43 813 91 1827 688 3067 1002 2497 779 7458 12475 73
internal_count=57198 19674 37524 18368 1306 10525 7843 22552 450 399 193 164 856 14972 2965 4878 1138 12133 43 813 91 1827 688 3067 1002 2497 779 7458 12475 73
is_linear=0
shrinkage=0.05


Tree=12
num_leaves=31
num_cat=0
split_feature=3 1 1 1 3 3 9 4 7 0 5 1 3 3 8 4 3 6 3 1 0 4 0 8 5 5 6 4 3 3
split_gain=2882.35 889.375 572.839 212.287 197.312 96.773 86.8376 66.5667 74.0117 103.938 63.6479 58.491 49.9152 38.5696 29.8763 30.8444 29.0054 26.5683 25.3438 25.2919 24.9451 24.1443 24.1107 23.6549 33.1169 27.7708 83.697 25.4625 33.2542 21.3332
threshold=0.45942812721057019 2.4107711890197381 -0.4173159011222497 1.0503995053983461 2.8180227285006008 0.11220184395505013 0.44996648843881543 0.52788808976093382 1.707859523614377 1.6630209632296875 1.4495693291702281 0.1419912124772614 1.5767137871784713 -1.7152345853068274 -0.25919494664649734 -1.2833245265549345 4.0338895687215937 1.7136308150948316 -0.37720595901579007 0.83216619500803923 1.9936084506522318 -0.43503507334370556 1.6437776611856465 1.0000000180025095e-35 1.3599459555339253 1.2994638957836848 0.046773696581961052 0.36740089591016062 2.0160152888604972 1.4724410070425007
decision_type=2 2 2 2 2 2 2 2 2 2 2 2 2 2 2 2 2 2 2 2 2 2 2 2 2 2 2 2 2 2
left_child=2 3 6 11 10 18 14 8 -6 16 20 -2 -5 -8 15 -1 -10 -12 -4 -7 22 -17 -3 25 -25 -14 -27 28 -28 -13
right_child=1 4 5 12 7 19 13 -9 9 -11 17 29 23 -15 -16 21 -18 -19 -20 -21 -22 -23 -24 24 -26 26 27 -29 -30 -31
leaf_value=0.00044089562882384929 0.0034250418346448148 0.041345975999702168 -0.0054702704255586371 0.018950088573972568 0.056746247198397874 0.0030962611179102847 -0.026425325023796527 0.036696039166833672 0.15040194104239346 0.074952766914322663 0.066056963285574546 0.011324778778836427 0.031160950933390448 -0.014874905416780167 -0.005733538372273389 -0.018653615478860054 0.10046438236789007 0.14167140197186243 -0.0013319342972778229 0.012775022672308145 0.060448564839363096 -0.010239567329398055 0.018832839256032342 0.028542390066016068 0.0054272341223335586 0.019083069562195586 0.1525595953831306 0.04861350247890435 0.07179483159258962 0.020020230377552004
leaf_weight=452 2515 511 6949 3461 107 4778 770 63 100 139 26 6448 614 11779 3842 1368 41 21 7912 786 125 2263 155 840 190 78 26 22 25 792
leaf_count=452 2515 511 6949 3461 107 4778 770 63 100 139 26 6448 614 11779 3842 1368 41 21 7912 786 125 2263 155 840 190 78 26 22 25 792
internal_value=4.3082e-12 0.0177799 -0.00708561 0.0143586 0.0576529 -0.00116113 -0.0129959 0.0843586 0.0921176 0.105635 0.0433121 0.00999407 0.0224591 -0.0155836 -0.00889833 -0.0118763 0.135881 0.0998421 -0.00326702 0.00446353 0.0399532 -0.0134096 0.0361064 0.0292251 0.0242784 0.0358853 0.0550953 0.0935742 0.112969 0.012276
internal_weight=57198 16299 40899 15011 1288 20425 20474 450 387 280 838 9755 5256 12549 7925 4083 141 47 14861 5564 791 3631 666 1795 1030 765 151 73 51 7240
internal_count=57198 16299 40899 15011 1288 20425 20474 450 387 280 838 9755 5256 12549 7925 4083 141 47 14861 5564 791 3631 666 1795 1030 765 151 73 51 7240
is_linear=0
shrinkage=0.05


Tree=13
num_leaves=31
num_cat=0
split_feature=2 2 2 2 2 2 2 7 5 0 11 5 0 2 5 4 2 6 0 0 0 0 0 5 4 5 6 5 5 4
split_gain=2855.55 725.135 693.092 182.709 161.876 110.002 95.0567 70.6701 65.2667 56.2189 87.0292 50.011 37.1108 33.9305 33.7768 30.3926 27.4492 24.5825 54.908 33.0515 23.2022 22.1741 22.1736 40.2628 21.535 21.6724 21.2553 19.5884 19.1274 23.3562
threshold=0.47607894286980706 -0.49442494890717487 2.4358698305335271 1.3421180409045637 5.2373451118821626 0.052957302200638719 -0.89804345237630312 1.707859523614377 -0.24956724947920125 1.6887697751547579 -0.7500292558394458 -0.37618863167946776 0.35385035637129642 -1.5792432251236959 1.4312047935437753 -0.228694395535568 0.69239275780205234 1.0000000180025095e-35 -1.0490083530297245 -0.28813778028575032 0.51888492231579664 -0.066473749301493038 0.87749911906728173 1.2655051286133518 -0.022353717727431312 0.91441636237843227 1.7136308150948316 -1.2825390773626912 0.9652358749025497 0.20691370205938739
decision_type=2 2 2 2 2 2 2 2 2 2 2 2 2 2 2 2 2 2 2 2 2 2 2 2 2 2 2 2 2 2
left_child=1 6 3 8 7 -3 13 -4 -2 10 -9 -7 -12 -1 26 -11 -10 -5 -19 -20 27 -16 -13 -24 -21 -26 -6 -8 -18 -30
right_child=2 5 4 17 14 11 20 9 16 15 12 22 -14 -15 21 -17 28 18 19 24 -22 -23 23 -25 25 -27 -28 -29 29 -31
leaf_value=-0.027993064691215513 0.0035035075291449239 -0.0033408309198879431 0.03620823857521268 0.019530094653049789 0.090247442522349786 -0.0013936792989811342 -0.016897009227390229 0.1513869767387708 0.010273338206322133 0.016562880432702824 0.10217457503238891 0.0047383409621345671 0.046922565029046043 -0.016388723859952607 0.099000728914800745 0.059393349892908724 0.014731568190365441 0.080464553533523692 -0.0011878281247161169 0.025115215265086963 -0.0032968451461369516 0.15004900693893433 0.010925263652708593 0.072703652313255054 0.025714625973916175 0.041124677906365786 0.041266835800239016 -0.010129915060871991 0.017185736215926228 0.029974066772354698
leaf_weight=681 1548 14203 520 919 106 3382 1237 39 2393 59 47 5310 86 8399 52 139 3785 51 93 1331 1080 36 1137 27 380 571 28 7892 1149 518
leaf_count=681 1548 14203 520 919 106 3382 1237 39 2393 59 47 5310 86 8399 52 139 3785 51 93 1331 1080 36 1137 27 380 571 28 7892 1149 518
internal_value=-1.141e-12 -0.00631488 0.0197644 0.0164596 0.0576208 -0.000524445 -0.0135372 0.048093 0.0128861 0.064796 0.0857072 0.00353411 0.0664477 -0.017259 0.0958176 0.0466307 0.0147375 0.0264943 0.0291325 0.0280302 -0.010227 0.119884 0.00610837 0.0123583 0.0292209 0.0349671 0.0800127 -0.0110469 0.016697 0.0211596
internal_weight=57198 43348 13850 12738 1112 24059 19289 890 9393 370 172 9856 133 9080 222 198 7845 3345 2426 2375 10209 88 6474 1164 2282 951 134 9129 5452 1667
internal_count=57198 43348 13850 12738 1112 24059 19289 890 9393 370 172 9856 133 9080 222 198 7845 3345 2426 2375 10209 88 6474 1164 2282 951 134 9129 5452 1667
is_linear=0
shrinkage=0.05


Tree=14
num_leaves=31
num_cat=0
split_feature=2 2 2 2 3 5 5 2 2 1 4 5 4 2 3 2 1 5 5 0 6 0 4 4 5 0 4 4 1 7
split_gain=2578.96 730.594 490.011 261.128 160.189 105.463 68.6792 66.3729 60.7937 52.8649 42.7154 40.5927 61.9163 35.3738 34.8288 26.2146 19.8269 23.8082 19.6826 20.0898 18.5712 18.2029 27.9598 18.0624 17.147 21.3483 21.6911 34.148 21.5149 27.3572
threshold=0.27123509023956749 2.4358698305335271 -0.59802044817242195 1.159381937518811 2.593219488673522 -0.24956724947920125 1.4495693291702281 -0.10457611174928209 -0.95902852055360255 3.1166240661100928 -0.45796181532238694 0.9652358749025497 -0.228694395535568 0.69239275780205234 1.8573264343973352 -1.5792432251236959 4.5507345581604772 1.4312047935437753 -0.37618863167946776 1.0327649499723037 -1.0557360505944642 0.44823345040270363 -1.2833245265549345 -0.57259552521579626 0.33010122217555887 0.76701006881243816 -0.068207201684795479 -0.41210833136502373 0.16097555358175905 1.0000000180025095e-35
decision_type=2 2 2 2 2 2 2 2 2 2 2 2 2 2 2 2 2 2 2 2 2 2 2 2 2 2 2 2 2 2
left_child=2 3 8 5 -3 21 9 -4 15 -6 -11 -12 -13 -7 24 23 17 -14 19 -9 -15 22 -2 -1 -5 26 27 -26 29 -28
right_child=1 4 7 14 6 13 -8 18 -10 10 11 12 16 20 -16 -17 -18 -19 -20 -21 -22 -23 -24 -25 25 -27 28 -29 -30 -31
leaf_value=-0.032639285822765977 -0.020451749011620203 0.036466207729000437 -0.0048076245480139085 0.012555070801530947 0.046833628141152939 0.0090546932343498737 0.14547342224977911 -0.0044573438405902562 -0.011172817236318529 0.01841971668135375 0.030005527621713182 0.14322606264756119 0.062688355530320691 -0.0093932337191960733 0.031192725259379994 -0.016271277055451248 0.10160914769396186 0.11784451837125032 0.0027281392324125663 0.0026618905161596867 0.015536937015949014 0.0035104836898988637 0.00038628143851625893 -0.015625895995587547 0.019201120351195946 0.028911583080791455 0.092469741060183602 -0.0031339120807062689 0.022991175722035916 0.022923105883021509
leaf_weight=439 220 577 12440 526 166 5265 32 2678 9755 25 29 49 131 76 1072 6356 80 23 5385 1573 4372 2225 600 242 796 870 26 218 921 31
leaf_count=439 220 577 12440 526 166 5265 32 2678 9755 25 29 49 131 76 1072 6356 80 23 5385 1573 4372 2225 600 242 796 870 26 218 921 31
internal_value=-7.09945e-12 0.0154603 -0.007291 0.0129235 0.0547397 0.00928279 0.0744478 -0.0023947 -0.013728 0.0699293 0.0813058 0.0863448 0.092118 0.0118281 0.0233377 -0.0172702 0.0814159 0.070926 0.000720363 -0.00182301 0.015111 0.00116362 -0.00520441 -0.0265934 0.0208523 0.0223772 0.0195234 0.0143993 0.0248361 0.0546461
internal_weight=57198 18330 38868 17218 1112 12758 535 22076 16792 503 337 312 283 9713 4460 7037 234 154 9636 4251 4448 3045 820 681 3388 2862 1992 1014 978 57
internal_count=57198 18330 38868 17218 1112 12758 535 22076 16792 503 337 312 283 9713 4460 7037 234 154 9636 4251 4448 3045 820 681 3388 2862 1992 1014 978 57
is_linear=0
shrinkage=0.05


Tree=15
num_leaves=31
num_cat=0
split_feature=2 2 2 2 3 5 5 2 4 4 5 2 3 0 4 3 5 5 9 0 0 4 4 3 6 5 2 1 0 9
split_gain=2329.91 683.141 403.383 263.586 144.57 84.7982 62.6217 59.4862 58.2782 56.091 51.2181 46.0492 43.8572 43.4591 30.8407 25.5918 23.4467 22.4411 22.348 21.6383 20.7832 24.0593 20.3443 19.558 19.345 19.302 20.2806 18.4387 17.8739 17.4596
threshold=0.21646240458113933 2.4358698305335271 -0.67196451314199912 0.98691921709933494 2.593219488673522 -0.24956724947920125 1.1495863065883827 -0.25224536328840114 -0.48088855730106883 -0.228694395535568 1.4495693291702281 -1.1375814084860376 1.5767137871784713 1.5444408700911725 0.50496134778225188 0.73782060728168142 -0.24956724947920125 -0.43848646996953172 0.25006339628508761 1.1767010273330964 0.44823345040270363 -1.3062512685336163 0.22984044403806927 1.6725078410514487 -0.50231995162864196 0.69515041704156832 -1.9575771726513211 4.5507345581604772 -0.041531869640052961 0.35001494236195146
decision_type=2 2 2 2 2 2 2 2 2 2 2 2 2 2 2 2 2 2 2 2 2 2 2 2 2 2 2 2 2 2
left_child=2 3 11 5 -3 20 -6 23 -8 13 14 25 17 -10 27 24 19 -5 -13 -9 21 -2 -14 29 -7 26 -1 -11 -18 -4
right_child=1 4 7 12 6 15 8 16 9 10 -12 18 22 -15 -16 -17 28 -19 -20 -21 -22 -23 -24 -25 -26 -27 -28 -29 -30 -31
leaf_value=-0.03553361933906609 -0.01914569094342751 0.034642897322166639 -0.0044666703338164223 -0.0006029380572550564 0.041711200791262636 0.0033576548083544887 0.027232229891750549 -0.004367060205584603 0.080610756278038029 0.068469230920590207 0.13819975138176233 -0.0085734238569905186 0.022432074067968072 0.1664239150368505 0.031930836851132065 0.012904941069228341 -0.00076641919570296009 0.018207584160361858 -0.013565897212049269 0.002538160655477655 0.0033244139249093106 -0.00098154001195053663 0.033283212965070662 0.030433483829570784 0.0098826295844595975 0.0037613209716022711 -0.019046917346094875 0.099423074680897935 0.0048907896179423939 -0.0087552678544204881
leaf_weight=202 238 577 6710 165 138 1746 45 4937 25 145 32 2954 1073 36 42 4179 3306 4060 9294 1473 2348 779 723 37 3251 86 2436 72 2417 3672
leaf_count=202 238 577 6710 165 138 1746 45 4937 25 145 32 2954 1073 36 42 4179 3306 4060 9294 1473 2348 779 723 37 3251 86 2436 72 2417 3672
internal_value=3.33915e-12 0.0139366 -0.00730703 0.0116562 0.0520028 0.00752771 0.0707254 -0.00308305 0.080811 0.0876606 0.0785223 -0.0136695 0.0202552 0.131255 0.071149 0.0100175 -0.000703388 0.017473 -0.0123618 -0.00278026 0.000738315 -0.00523234 0.0268003 -0.00585418 0.00760274 -0.0195494 -0.0203094 0.0787396 0.0016228 -0.0059835
internal_weight=57198 19674 37524 18562 1112 12541 535 22552 397 352 291 14972 6021 61 259 9176 12133 4225 12248 6410 3365 1017 1796 10419 4997 2724 2638 217 5723 10382
internal_count=57198 19674 37524 18562 1112 12541 535 22552 397 352 291 14972 6021 61 259 9176 12133 4225 12248 6410 3365 1017 1796 10419 4997 2724 2638 217 5723 10382
is_linear=0
shrinkage=0.05


Tree=16
num_leaves=31
num_cat=0
split_feature=2 2 2 3 2 3 2 5 4 4 5 5 2 4 2 0 2 3 6 0 0 3 4 5 3 6 6 3 1 0
split_gain=2109.37 566.715 487.635 130.475 121.776 95.8883 72.7169 56.5161 53.2583 64.1003 46.2244 45.2594 30.8358 27.8337 25.8731 25.865 24.6259 20.9182 20.7333 47.35 29.8167 18.3239 17.7014 19.2406 17.5321 17.0716 16.8689 16.7431 16.6409 16.2736
threshold=0.52911129063508744 -0.49442494890717487 2.4358698305335271 2.593219488673522 1.3421180409045637 0.2327597114287652 -0.80018234548693024 1.1495863065883827 -0.45796181532238694 -0.228694395535568 1.4495693291702281 -0.43848646996953172 -1.2816315525578992 0.50496134778225188 -0.11333249489785667 1.5444408700911725 0.14100028477617005 1.1374496828789169 1.0000000180025095e-35 -1.0490083530297245 -0.28813778028575032 1.5767137871784713 -0.022353717727431312 0.91441636237843227 0.97502354649038614 -1.0557360505944642 -1.0557360505944642 1.1869518292971126 4.5507345581604772 -0.5520496632204438
decision_type=2 2 2 2 2 2 2 2 2 2 2 2 2 2 2 2 2 2 2 2 2 2 2 2 2 2 2 2 2 2
left_child=1 6 4 -4 11 14 12 -5 -9 15 13 -2 26 28 -3 -10 29 25 27 -20 -21 -8 -22 -24 -25 -13 -1 -6 -11 -7
right_child=2 5 3 7 18 16 21 8 9 10 -12 17 -14 -15 -16 -17 -18 -19 19 20 22 -23 23 24 -26 -27 -28 -29 -30 -31
leaf_value=-0.00061607159940259802 -0.00082104368057062712 -0.0043272078892216881 0.032910752223758798 0.039625640533884746 0.0084201086042326335 -0.0064383684036559618 -0.0079094945067806916 0.029599309148705712 0.090532708416382474 0.065045768939729395 0.13128976310836152 -0.0046669447092340093 -0.012986311432356304 0.030334295824702297 -0.0004157612849891292 0.16151606648257286 0.0066347755165287502 0.016757155964936085 0.072944892790424182 -0.0034985444448407624 0.021661432721836817 0.037789609266275712 0.021875525940742688 0.022105368420195122 0.041766939049990605 0.011516795735173694 -0.021262845399641427 0.022124493362987677 0.094451920222491034 0.0026387462214746702
leaf_weight=105 676 8397 577 138 380 600 7459 52 21 145 32 168 9992 42 8515 33 4654 2231 51 93 1331 22 380 156 415 5422 1711 539 72 2789
leaf_count=105 676 8397 577 138 380 600 7459 52 21 145 32 168 9992 42 8515 33 4654 2231 51 93 1331 22 380 156 415 5422 1711 539 72 2789
internal_value=-1.22587e-12 -0.00519554 0.0177452 0.0494026 0.0147725 -0.00022044 -0.011632 0.0671892 0.0767705 0.0838803 0.0745962 0.0115912 -0.0140756 0.0675916 -0.00235784 0.133911 0.00427386 0.012664 0.0228536 0.0252764 0.0242528 -0.0077751 0.0253838 0.0305935 0.0363953 0.0110304 -0.0200691 0.0164578 0.0748026 0.0010317
internal_weight=57198 44244 12954 1112 11842 24955 19289 535 397 345 291 8497 11808 259 16912 54 8043 7821 3345 2426 2375 7481 2282 951 571 5590 1816 919 217 3389
internal_count=57198 44244 12954 1112 11842 24955 19289 535 397 345 291 8497 11808 259 16912 54 8043 7821 3345 2426 2375 7481 2282 951 571 5590 1816 919 217 3389
is_linear=0
shrinkage=0.05


Tree=17
num_leaves=31
num_cat=0
split_feature=2 2 2 3 2 3 2 5 4 4 2 3 2 2 4 5 8 0 5 0 5 2 4 4 5 2 3 4 5 4
split_gain=1904.14 518.773 435.19 117.753 106.271 90.2308 70.3511 51.2745 47.9664 56.4342 44.5244 42.2653 28.2984 28.2239 26.8902 21.8192 19.7674 33.7567 21.0618 18.4355 18.1693 17.9887 17.85 20.7353 17.6544 16.7394 16.4563 16.1916 15.6217 19.1417
threshold=0.54543277897317599 -0.47416021729168484 2.4358698305335271 2.593219488673522 1.3421180409045637 0.33810934901157669 -0.80018234548693024 1.1065214618131212 -0.45796181532238694 -0.228694395535568 5.2373451118821626 0.39769058342379765 -1.483489645618328 -0.11333249489785667 0.43618112184620622 1.4312047935437753 -0.99042967103748658 -0.43325522307546688 0.69515041704156832 1.5444408700911725 0.69515041704156832 0.18614411759178293 -0.091133943663477338 0.069353250187296225 -0.43848646996953172 2.9313461519999118 1.5767137871784713 -1.3521047524909802 0.86189575033690324 0.20691370205938739
decision_type=2 2 2 2 2 2 2 2 2 2 2 2 2 2 2 2 2 2 2 2 2 2 2 2 2 2 2 2 2 2
left_child=1 6 4 -4 11 13 12 25 -9 19 14 -2 20 -3 -11 -12 18 -18 -6 -10 -1 -7 -20 -24 27 -5 -8 -15 -13 -30
right_child=2 5 3 7 16 21 26 8 9 10 15 28 -14 24 -16 -17 17 -19 22 -21 -22 -23 23 -25 -26 -27 -28 -29 29 -31
leaf_value=-0.023410165224409304 0.0047422717469987469 -0.0040842596140172657 0.031265214989895963 0.017499303678789782 -0.0095679894664927444 0.0019863138182426164 -0.0074037904220796719 0.028359997050008842 0.0860060718087923 0.064140781005928391 0.072770068322013062 0.01127434170432226 -0.012665348609318609 -0.011356410853269543 0.017170153407468684 0.11172555214434397 0.0033489419176167554 0.021642619101091776 0.019174003928339137 0.14438042977922841 0.010264167207337561 0.007112881594504409 0.082472002392877719 0.033829985625156933 0.0019690067040657572 0.054401052296161656 0.035900128488852219 -0.0013516694661982992 0.013108558294175957 0.022737865230987232
leaf_weight=866 1963 8230 577 63 34 3123 7911 54 21 111 82 4034 10900 448 42 64 283 2315 228 38 42 3785 23 462 4985 60 22 4156 1485 791
leaf_count=866 1963 8230 577 63 34 3123 7911 54 21 111 82 4034 10900 448 42 64 283 2315 228 38 42 3785 23 462 4985 60 22 4156 1485 791
internal_value=1.37442e-12 -0.00488112 0.0170506 0.0469325 0.0141905 -5.57145e-05 -0.0109253 0.0638297 0.0722873 0.0789132 0.0700948 0.0111497 -0.0133718 -0.00193631 0.0512469 0.0898464 0.0217109 0.0196499 0.0288791 0.123603 -0.0218525 0.00479524 0.0307125 0.0361367 -9.27846e-05 0.0355002 -0.0072837 -0.0023252 0.013143 0.0164551
internal_weight=57198 44468 12730 1112 11618 24727 19741 535 412 358 299 8273 11808 17819 153 146 3345 2598 747 59 908 6908 713 485 9589 123 7933 4604 6310 2276
internal_count=57198 44468 12730 1112 11618 24727 19741 535 412 358 299 8273 11808 17819 153 146 3345 2598 747 59 908 6908 713 485 9589 123 7933 4604 6310 2276
is_linear=0
shrinkage=0.05


Tree=18
num_leaves=31
num_cat=0
split_feature=2 1 2 2 3 5 5 2 4 7 0 4 0 5 2 5 3 0 3 0 3 0 9 0 5 3 2 1 0 0
split_gain=1721.08 512.025 297.249 182.425 111.175 51.0698 47.9971 44.1067 42.0628 47.1028 70.127 41.9904 42.1977 40.6546 35.4397 25.9959 30.5331 22.7081 22.6564 21.2576 20.4682 20.063 19.0859 18.9587 18.9146 18.2959 17.949 20.1991 17.9285 17.3765
threshold=0.21646240458113933 2.4107711890197381 -0.67196451314199912 0.81867748947583829 2.8180227285006008 -0.24956724947920125 0.91441636237843227 -0.29830024287169882 0.52788808976093382 1.707859523614377 1.6630209632296875 0.29862066997411491 0.76701006881243816 1.4495693291702281 -1.1375814084860376 1.1904917396839851 2.0160152888604972 1.9936084506522318 1.2855968839227649 0.55836136915153645 0.59083550807874652 1.6437776611856465 0.25006339628508761 -0.076729895149008923 -0.24956724947920125 4.0338895687215937 5.2373451118821626 4.5507345581604772 1.1767010273330964 -0.041531869640052961
decision_type=2 2 2 2 2 2 2 2 2 2 2 2 2 2 2 2 2 2 2 2 2 2 2 2 2 2 2 2 2 2
left_child=2 3 14 5 13 -2 20 -4 9 -6 25 12 19 17 -1 -14 -17 21 -13 -8 -5 -3 -16 -15 28 26 -11 -28 -9 -26
right_child=1 4 7 6 8 -7 11 24 -10 10 -12 18 15 23 22 16 -18 -19 -20 -21 -22 -23 -24 -25 29 -27 27 -29 -30 -31
leaf_value=-0.01690015022308879 9.4640674450758373e-05 0.030187694416892508 -0.0052964116919255507 0.0066627939860222259 0.040298376991152414 0.0077593377906773871 0.014895956858054719 -0.0038500293839629205 0.024460856989026072 0.14162071567028761 0.054097526256839258 0.018607727147766515 0.022669523928425118 0.11146834113381127 -0.007093680682122335 0.086386244954207006 0.032428764364740348 0.048749540030956273 0.033324574148763685 -0.0013165510305933237 0.014265166375551376 0.0097499625947356471 -0.011707413110359437 0.045050035177596981 -0.00097410339798719597 0.07601572246540611 0.12375010913785767 0.065205717430664945 0.0022806421832745473 0.004447625444093088
leaf_weight=2724 3067 533 9289 1223 107 7458 1621 5630 63 40 139 412 314 22 2954 39 80 125 716 231 3207 155 9294 21 3625 41 34 26 1513 2495
leaf_count=2724 3067 533 9289 1223 107 7458 1621 5630 63 40 139 412 314 22 2954 39 80 125 716 231 3207 155 9294 21 3625 41 34 26 1513 2495
internal_value=-1.8031e-12 0.0119781 -0.00628017 0.00982725 0.0422283 0.00552583 0.0155996 -0.00265421 0.0623485 0.0685163 0.0792996 0.0200558 0.0161592 0.0316511 -0.0117419 0.0302115 0.0501123 0.0291451 0.0279493 0.0128738 0.0121664 0.0255833 -0.0105947 0.0790315 -0.000803691 0.104144 0.115677 0.0983809 -0.00255146 0.00123623
internal_weight=57198 19674 37524 18368 1306 10525 7843 22552 450 387 280 3413 2285 856 14972 433 119 813 1128 1852 4430 688 12248 43 13263 141 100 60 7143 6120
internal_count=57198 19674 37524 18368 1306 10525 7843 22552 450 387 280 3413 2285 856 14972 433 119 813 1128 1852 4430 688 12248 43 13263 141 100 60 7143 6120
is_linear=0
shrinkage=0.05


Tree=19
num_leaves=31
num_cat=0
split_feature=2 2 2 3 2 3 2 5 4 4 5 2 0 2 4 0 2 6 0 0 5 6 2 0 0 1 6 0 9 4
split_gain=1555.43 423.435 357.042 96.0371 88.0228 75.6751 54.6923 42.9653 41.3355 39.3514 37.5936 35.8711 32.9745 24.0813 23.6085 22.9555 18.2692 17.9971 39.7786 25.1685 17.9864 16.7457 16.6592 15.5424 14.9941 57.8256 24.7635 17.6657 14.8928 14.8785
threshold=0.54543277897317599 -0.50433632636090964 2.4358698305335271 2.593219488673522 1.3421180409045637 0.33810934901157669 -0.94545405545899197 1.1495863065883827 -0.48088855730106883 -0.228694395535568 -0.43848646996953172 5.2373451118821626 1.5444408700911725 -0.11333249489785667 0.43618112184620622 0.53165644211467633 -1.5792432251236959 1.0000000180025095e-35 -1.0490083530297245 -0.28813778028575032 1.4312047935437753 -1.0557360505944642 0.10233983053015307 0.22961286561260316 0.018766739333797907 2.0111533611481645 1.7136308150948316 1.9936084506522318 -0.24969433409923195 -0.57259552521579626
decision_type=2 2 2 2 2 2 2 2 2 2 2 2 2 2 2 2 2 2 2 2 2 2 2 2 2 2 2 2 2 2
left_child=1 6 4 24 10 13 16 -5 -9 12 -2 14 -10 -3 -11 28 29 -6 -19 -20 -13 -12 23 -7 25 -4 -27 -26 -8 -1
right_child=2 5 3 7 17 22 15 8 9 11 21 20 -14 -15 -16 -17 -18 18 19 -21 -22 -23 -24 -25 27 26 -28 -29 -30 -31
leaf_value=-0.026668365580159194 -0.0015875593068917127 -0.0037352344921419271 0.0118330910306754 0.033703502486932317 0.013705397829146619 -0.003301143718692836 -0.0052983337585826747 0.020967157234748207 0.064259282015264027 0.059042217935479827 -0.0054567722821090101 0.066195395847260044 0.13900785747553326 -0.00012112271106390225 0.013902020882815122 -0.00086912741052434209 -0.012591967865509389 0.065612929128110412 -0.0045133511311129257 0.022022376336152283 0.10156430433853531 0.011361122296222879 0.0060703411864566643 0.0046918100724724354 0.019070971945820067 0.048346262026664824 0.10643571297550808 0.047228802170491579 -0.0096696931892407464 -0.011227101620458922
leaf_weight=439 640 8875 79 138 919 1146 2583 45 25 105 151 82 36 9589 40 1058 6810 51 93 2282 64 7482 4499 1296 357 43 32 66 7931 242
leaf_count=439 640 8875 79 138 919 1146 2583 45 25 105 151 82 36 9589 40 1058 6810 51 93 2282 64 7482 4499 1296 357 43 32 66 7931 242
internal_value=5.36435e-12 -0.0044116 0.0154104 0.0424767 0.0128198 -0.000185149 -0.0100441 0.0577365 0.0660905 0.0718591 0.0100524 0.064205 0.108373 -0.0018583 0.0465897 -0.00788934 -0.0133728 0.0196642 0.0219215 0.0209833 0.0816996 0.0110284 0.00426566 0.000940817 0.0283277 0.041686 0.0731311 0.0234644 -0.00859577 -0.0211812
internal_weight=57198 44468 12730 1112 11618 25405 19063 535 397 352 8273 291 61 18464 145 11572 7491 3345 2426 2375 146 7633 6941 2442 577 154 75 423 10514 681
internal_count=57198 44468 12730 1112 11618 25405 19063 535 397 352 8273 291 61 18464 145 11572 7491 3345 2426 2375 146 7633 6941 2442 577 154 75 423 10514 681
is_linear=0
shrinkage=0.05


Tree=20
num_leaves=31
num_cat=0
split_feature=2 1 2 2 2 5 3 4 2 3 2 5 1 5 5 6 1 4 11 8 5 9 3 4 5 5 9 5 2 12
split_gain=1407.45 403.003 266.207 134.248 90.1965 53.77 47.3983 63.9614 43.7109 31.583 29.8014 25.1536 22.4857 24.3379 20.2635 21.5602 18.9907 16.357 21.1293 19.7846 15.8465 15.6079 15.3608 15.1663 15.6296 14.934 14.8573 13.7361 14.1727 13.6361
threshold=0.27123509023956749 2.4107711890197381 -0.67196451314199912 0.98691921709933494 5.2373451118821626 -0.24956724947920125 3.1923315992737717 -0.25162113751425025 -0.25224536328840114 1.8573264343973352 -1.2400049951841161 1.4312047935437753 3.6057252039299117 0.9652358749025497 -0.31317640375456596 1.1185040474979022 1.0930228031736584 0.27569392799543307 1.4457311165250033 -0.99042967103748658 -0.37618863167946776 0.25006339628508761 1.6725078410514487 0.43618112184620622 1.1904917396839851 1.3309652674966419 0.35001494236195146 0.69515041704156832 -1.9575771726513211 -0.35185889347637506
decision_type=2 2 2 2 2 2 2 2 2 2 2 2 2 2 2 2 2 2 2 2 2 2 2 2 2 2 2 2 2 2
left_child=2 3 10 5 6 -2 12 -8 22 20 27 -6 -3 -14 15 -10 -7 18 25 -20 -5 29 26 24 -9 -11 -4 28 -1 -12
right_child=1 4 8 9 11 16 7 23 14 17 21 -13 13 -15 -16 -17 -18 -19 19 -21 -22 -23 -24 -25 -26 -27 -28 -29 -30 -31
leaf_value=-0.02949010211153712 0.00024628961856505813 0.022937209136811468 -0.0032583154802933107 0.00088001208050106762 0.05489756145250442 0.0071178698922953094 0.10882599675761802 0.023830991836362767 -0.0042427636826508058 0.021179785019836618 0.00079891077217685361 0.090611523031615293 0.027618995416291182 0.063150243587607957 0.0016690753032951818 0.0018062829336757506 0.013497083751710945 0.031089379317471896 0.027737649056044495 -0.01340415087654309 0.01441707949115778 -0.010696917626389251 0.027616190988369083 0.018345913754945452 0.062855014393601236 0.065227970788255332 -0.0072144164693445575 0.0073441220222351458 -0.015515136905383829 -0.0081119554996828252
leaf_weight=202 2860 680 6710 227 134 6926 42 38 4382 508 516 78 119 81 6876 2219 1403 412 44 87 4537 9857 37 55 79 20 3672 60 1781 2556
leaf_count=202 2860 680 6710 227 134 6926 42 38 4382 508 516 78 119 81 6876 2219 1403 412 44 87 4537 9857 37 55 79 20 3672 60 1781 2556
internal_value=-4.493e-13 0.0114212 -0.00538618 0.00936773 0.0381883 0.00616133 0.032404 0.0535086 -0.00211081 0.0155162 -0.0106138 0.0680376 0.0272717 0.0420092 -0.000230547 -0.00220931 0.00819243 0.0232745 0.0183887 0.000414469 0.0137721 -0.00972708 -0.00454293 0.0400009 0.0501805 0.0228483 -0.00465755 -0.0162256 -0.0169387 -0.00661521
internal_weight=57198 18330 38868 17024 1306 11189 1094 214 23896 5835 14972 212 880 200 13477 6601 8329 1071 659 131 4764 12929 10419 172 117 528 10382 2043 1983 3072
internal_count=57198 18330 38868 17024 1306 11189 1094 214 23896 5835 14972 212 880 200 13477 6601 8329 1071 659 131 4764 12929 10419 172 117 528 10382 2043 1983 3072
is_linear=0
shrinkage=0.05


Tree=21
num_leaves=31
num_cat=0
split_feature=2 2 1 3 2 3 2 4 5 4 7 5 2 3 3 3 3 7 4 11 8 5 5 4 2 9 3 1 8 9
split_gain=1270.91 322.549 307.605 81.8064 76.8402 62.7703 37.1265 34.3518 40.1195 47.7493 38.3136 30.8111 30.1512 28.0271 27.9031 22.8399 15.5008 15.1697 14.9664 16.3247 17.7027 14.7572 13.7556 12.8741 12.7052 12.3412 13.3033 11.6965 11.6144 11.3894
threshold=0.47607894286980706 -0.56814445375274925 2.4107711890197381 2.8180227285006008 1.187566542397384 0.50228783319909509 -0.95902852055360255 -0.48088855730106883 1.1904917396839851 0.50496134778225188 1.707859523614377 1.4495693291702281 -0.02814377052026365 0.39769058342379765 4.0338895687215937 1.8573264343973352 -1.9160917397235644 1.707859523614377 0.27569392799543307 1.4457311165250033 -0.99042967103748658 -0.43848646996953172 1.2994638957836848 -1.3521047524909802 0.69239275780205234 0.15011185020822368 0.38509038466313056 -0.52096235323625029 0.38174988366425283 1.0000000180025095e-35
decision_type=2 2 2 2 2 2 2 2 2 2 2 2 2 2 2 2 2 2 2 2 2 2 2 2 2 2 2 2 2 2
left_child=1 6 4 11 13 12 16 -5 -9 10 -10 28 27 -2 -12 -6 -1 -13 19 22 -21 23 -17 -14 -15 26 -8 -3 -4 -26
right_child=2 5 3 7 15 -7 25 8 9 -11 14 17 21 24 -16 18 -18 -19 -20 20 -22 -23 -24 -25 29 -27 -28 -29 -30 -31
leaf_value=-0.022572655727807034 0.003341131381130763 -0.0057116377657772076 0.027025655506987115 -0.0089010235587401055 0.014351955393568228 0.004558172910990128 -0.005552729605740857 0.030556030518438838 0.042760277465379366 0.022236258080580606 0.10526407931168424 0.097468133270740512 -0.010414380404145324 0.0065677371557981874 0.067412048294255053 0.020113981370354334 -0.011734302267522374 0.038056545711255503 0.030925642562800372 0.02635076642036438 -0.013904844479434865 0.0023151634099365516 0.055671540108220334 -0.00086791092643710016 0.0098219197405930297 -0.0087585810706874521 0.015883415673444101 -0.0023860849385003552 0.0071807751456196087 0.015726444099146766
leaf_weight=347 2284 3735 731 21 3094 4700 3302 110 71 53 94 22 397 2024 101 438 6690 21 378 44 72 4796 29 3198 3068 7057 74 9052 82 1113
leaf_count=347 2284 3735 731 21 3094 4700 3302 110 71 53 94 22 397 2024 101 438 6690 21 378 44 72 4796 29 3198 3068 7057 74 9052 82 1113
internal_value=-4.89944e-12 -0.00421286 0.0131855 0.0362789 0.0107812 -0.0006691 -0.00946218 0.0535382 0.0565947 0.0655735 0.0742083 0.0272057 -0.00182918 0.0080765 0.0856587 0.0164433 -0.0122687 0.0684532 0.0231765 0.0181521 0.00136453 0.000499754 0.0223221 -0.00192214 0.00981955 -0.00756916 -0.00508286 -0.00335746 0.0250241 0.0113937
internal_weight=57198 43348 13850 1306 12544 25878 17470 450 429 319 266 856 21178 8489 195 4055 7037 43 961 583 116 8391 467 3595 6205 10433 3376 12787 813 4181
internal_count=57198 43348 13850 1306 12544 25878 17470 450 429 319 266 856 21178 8489 195 4055 7037 43 961 583 116 8391 467 3595 6205 10433 3376 12787 813 4181
is_linear=0
shrinkage=0.05


Tree=22
num_leaves=31
num_cat=0
split_feature=3 1 1 1 5 3 9 4 4 3 7 0 4 5 0 0 4 3 5 5 3 9 0 5 4 6 0 8 0 5
split_gain=1102.94 330.045 211.311 81.6684 67.6612 39.6006 37.5625 35.5904 41.793 35.3626 30.3621 33.8813 24.2239 23.4777 27.2422 28.0971 25.735 22.1023 20.6946 40.1634 20.1926 23.4412 19.6354 59.8695 18.9571 16.6575 14.8977 14.7463 14.4793 17.1552
threshold=0.45942812721057019 2.4107711890197381 -0.4173159011222497 1.0503995053983461 0.9652358749025497 2.8180227285006008 0.35001494236195146 0.52788808976093382 -0.48088855730106883 0.11220184395505013 1.707859523614377 1.6630209632296875 0.22984044403806927 1.4495693291702281 1.9414015623555161 1.6437776611856465 0.069353250187296225 -1.7152345853068274 0.91441636237843227 1.1065214618131212 1.3470610015778208 0.15011185020822368 0.76701006881243816 1.2994638957836848 -0.87064317093866095 1.1185040474979022 -1.1752500972272226 1.0184757865176055 1.0327649499723037 -0.49995351371076774
decision_type=2 2 2 2 2 2 2 2 2 2 2 2 2 2 2 2 2 2 2 2 2 2 2 2 2 2 2 2 2 2
left_child=2 3 6 20 -3 13 25 8 -7 28 -10 -12 22 14 15 -6 -17 -8 -14 27 21 -2 24 -24 -5 26 -1 -20 29 -4
right_child=1 4 9 12 5 7 17 -9 10 -11 11 -13 18 -15 -16 16 -18 -19 19 -21 -22 -23 23 -25 -26 -27 -28 -29 -30 -31
leaf_value=-0.031151448092090767 0.0069171945418273761 0.017573531239291864 -0.0050134483323917498 0.015217883984013837 0.032817565918704793 -0.0084559726861438578 -0.017612783887900895 0.018369210162976136 0.038999486217190599 0.0026153006304880781 0.089842986424256421 0.052768073337418703 0.012296296504262911 0.066658630208211375 0.068848778195679181 -0.022909075766801835 0.029844751118054225 -0.0090344688143027905 0.037349547186991343 0.014242324520799907 0.011847029822738112 0.00099806647198708845 0.013796250040144115 0.078993997805648378 0.0038449351577714884 0.0094243907486201688 -0.0052587572726472739 0.015579493507539156 0.0016313045860102543 -0.0012357640271761167
leaf_weight=56 6083 380 4946 542 310 21 799 60 88 5564 137 112 813 47 40 50 43 12469 410 621 1365 2307 1607 36 1131 193 6957 96 2256 7659
leaf_count=56 6083 380 4946 542 310 21 799 60 88 5564 137 112 813 47 40 50 43 12469 410 621 1365 2307 1607 36 1131 193 6957 96 2256 7659
internal_value=-1.87325e-12 0.0109984 -0.00438308 0.00891429 0.0352882 0.0427018 -0.00797275 0.0540073 0.0599801 -0.000784797 0.0642447 0.0731667 0.0139386 0.0330576 0.0294927 0.0255864 0.00148248 -0.00955106 0.0183765 0.0227626 0.00620718 0.00528961 0.0113423 0.0152248 0.00752942 -0.00506671 -0.00546551 0.0332193 -0.0020578 -0.00271807
internal_weight=57198 16299 40899 15011 1288 908 20474 418 358 20425 337 249 5256 490 443 403 93 13268 1940 1127 9755 8390 3316 1643 1673 7206 7013 506 14861 12605
internal_count=57198 16299 40899 15011 1288 908 20474 418 358 20425 337 249 5256 490 443 403 93 13268 1940 1127 9755 8390 3316 1643 1673 7206 7013 506 14861 12605
is_linear=0
shrinkage=0.05


Tree=23
num_leaves=31
num_cat=0
split_feature=2 2 2 2 3 5 4 5 5 2 5 4 4 0 1 2 4 8 3 0 1 5 4 4 5 0 0 2 8 4
split_gain=1055.08 309.421 184.755 110.691 79.1646 34.7953 33.0399 32.7344 31.8653 31.0505 24.2675 25.2049 46.2429 23.2638 27.402 21.7679 20.109 37.3134 21.8627 19.8286 19.6297 19.4 39.0804 17.0558 15.2566 15.1168 15.0425 14.595 13.921 23.2146
threshold=0.21646240458113933 2.2738474056960793 -0.71395793582931122 0.77979098197706331 2.593219488673522 0.86189575033690324 0.18398696008070553 1.4495693291702281 -0.37618863167946776 -0.29830024287169882 1.1065214618131212 -0.45796181532238694 -0.228694395535568 0.76701006881243816 1.308506341232794 -1.2400049951841161 -0.43503507334370556 -0.99042967103748658 0.38509038466313056 2.1320600998353485 4.5507345581604772 1.1904917396839851 -0.41210833136502373 -1.3750314944696622 -0.43848646996953172 0.50924696031437755 1.5444408700911725 2.9313461519999118 0.74730582097220966 0.71130202559038891
decision_type=2 2 2 2 2 2 2 2 2 2 2 2 2 2 2 2 2 2 2 2 2 2 2 2 2 2 2 2 2 2
left_child=2 3 15 8 19 24 13 10 23 -4 27 -12 26 16 21 -1 -7 18 -18 -3 -14 -15 -23 -2 -5 -22 -13 -6 29 -8
right_child=1 4 9 5 7 6 28 -9 -10 -11 11 12 20 14 -16 -17 17 -19 -20 -21 25 22 -24 -25 -26 -27 -28 -29 -30 -31
leaf_value=-0.014271264985713794 -0.012349864421849925 0.020491233706066536 -0.004277580311225041 -0.0011084235503288767 0.01029929549031419 0.013530195406898163 0.037176869243773419 0.095893046073615554 0.0057290909296598136 -0.00063021226875430245 0.018820193829898409 0.061335754039741702 0.038613066934228231 0.02307678142678924 0.014759270108378457 -0.0086811493582504198 0.052392896529085735 -0.006158044404247975 0.01143657179820546 0.061313158730345388 0.10304729457605968 0.032746523588493066 0.11949683878570797 0.00067127060940593193 0.0098010807661251548 0.054370833362717634 0.11406541213785347 0.043585192922037101 0.015191505956699953 0.01985466581458022
leaf_weight=2043 286 736 10419 348 73 1081 277 32 7710 13263 56 21 208 64 393 11799 37 456 273 31 22 37 20 2084 4051 58 38 60 581 641
leaf_count=2043 286 736 10419 348 73 1081 277 32 7710 13263 56 21 208 64 393 11799 37 456 273 31 22 37 20 2084 4051 58 38 60 581 641
internal_value=1.59807e-12 0.00937845 -0.00491716 0.00768664 0.032619 0.0119781 0.0154427 0.0467677 0.00417045 -0.00223489 0.0438349 0.0499467 0.05497 0.0117567 0.0211651 -0.00950622 0.00913849 0.0029408 0.0163249 0.0221411 0.0467086 0.0419708 0.0631852 -0.000900056 0.00893804 0.0677569 0.0952972 0.0253155 0.0212482 0.0250815
internal_weight=57198 19674 37524 18339 1335 8259 3860 568 10080 23682 536 403 347 2361 514 13842 1847 766 310 767 288 121 57 2370 4399 80 59 133 1499 918
internal_count=57198 19674 37524 18339 1335 8259 3860 568 10080 23682 536 403 347 2361 514 13842 1847 766 310 767 288 121 57 2370 4399 80 59 133 1499 918
is_linear=0
shrinkage=0.05


Tree=24
num_leaves=31
num_cat=0
split_feature=2 2 2 2 3 5 2 5 2 5 4 4 1 0 1 4 5 5 0 0 0 2 0 4 5 2 0 3 4 3
split_gain=952.881 248.858 210.897 73.3136 71.446 36.5952 34.3528 29.5428 27.5955 21.9014 22.7474 41.775 18.0969 17.8953 17.5622 15.463 19.187 14.994 13.9118 13.8657 13.2269 13.172 13.0761 13.0372 23.4915 13.0328 26.7563 35.3757 22.6018 26.7894
threshold=0.36578350312843411 2.2738474056960793 -0.58810282644697953 1.187566542397384 2.593219488673522 -0.43848646996953172 -0.080482877493573982 1.4495693291702281 -0.95902852055360255 1.1065214618131212 -0.45796181532238694 -0.20576765355688617 1.0930228031736584 2.1320600998353485 4.5507345581604772 0.16106021810202364 0.91441636237843227 -0.37618863167946776 1.0327649499723037 0.50924696031437755 1.064645369283699 2.9313461519999118 1.5444408700911725 -0.71015597708788747 -0.73523310476190373 2.9313461519999118 0.018766739333797907 0.8897524757707046 -0.068207201684795479 1.8573264343973352
decision_type=2 2 2 2 2 2 2 2 2 2 2 2 2 2 2 2 2 2 2 2 2 2 2 2 2 2 2 2 2 2
left_child=2 3 8 5 13 23 -4 9 -1 21 -11 22 -7 25 -13 -5 -17 18 -8 -16 -19 -6 -12 24 -2 -3 27 -27 -29 -30
right_child=1 4 6 15 7 12 17 -9 -10 10 11 14 -14 -15 19 16 -18 20 -20 -21 -22 -23 -24 -25 -26 26 -28 28 29 -31
leaf_value=-0.01069634572644506 0.003763912632962726 0.013598831306388243 -0.0027875876259741352 0.011742474116269727 0.0097843307638158135 0.0061996752016016546 -0.0034713012303984798 0.091098392067942777 -0.0066078590853882319 0.017879184069378034 0.059045285700509945 0.03631354731358407 0.011374436716356117 0.058247501006530179 0.09789492841809988 0.01115305035132607 0.0225450327863157 0.0017544298223126425 0.0021750196895801927 0.050803749049427339 0.0090854425255379578 0.041405933394562458 0.10551474622973218 0.0031921132801462312 -0.015333040470216911 -0.011666192747652531 0.017126615255535261 0.016103291288018226 0.11356566658775723 0.047949857303340525
leaf_weight=7037 302 414 12889 2459 73 7101 2730 32 9981 56 24 206 2217 31 22 605 950 5968 1817 54 686 60 41 776 345 20 219 20 28 35
leaf_count=7037 302 414 12889 2459 73 7101 2730 32 9981 56 24 206 2217 31 22 605 950 5968 1817 54 686 60 41 776 345 20 219 20 28 35
internal_value=-3.03817e-12 0.0103154 -0.00403751 0.00844494 0.030988 0.00629037 -0.00102743 0.0444293 -0.00829846 0.0416431 0.0474494 0.0522215 0.00743089 0.0210341 0.0438925 0.0142103 0.0181128 0.000997983 -0.00121501 0.0644354 0.00251023 0.0240497 0.0883568 -0.00117788 -0.00641916 0.0194667 0.027011 0.0480274 0.0624114 0.0771124
internal_weight=57198 16090 41108 14755 1335 10741 24090 568 17018 536 403 347 9318 767 282 4014 1555 11201 4547 76 6654 133 65 1423 647 736 322 103 83 63
internal_count=57198 16090 41108 14755 1335 10741 24090 568 17018 536 403 347 9318 767 282 4014 1555 11201 4547 76 6654 133 65 1423 647 736 322 103 83 63
is_linear=0
shrinkage=0.05


Tree=25
num_leaves=31
num_cat=0
split_feature=2 2 2 2 3 5 2 5 1 4 2 5 6 0 5 4 0 0 6 0 5 4 5 5 1 5 0 5 5 3
split_gain=861.041 245.462 160.611 84.6473 64.4801 37.3419 29.0347 26.6624 19.989 21.9924 19.2951 17.6773 19.5984 44.2337 17.626 22.1685 16.1505 16.0963 14.6632 14.3563 14.7114 21.163 43.1302 14.5231 13.824 13.1018 12.7658 20.3023 16.2495 12.4509
threshold=0.25277444238343988 2.2738474056960793 -0.71395793582931122 0.98691921709933494 2.593219488673522 -0.24956724947920125 -0.29830024287169882 1.4495693291702281 3.1166240661100928 -0.45796181532238694 -1.3537541724162285 0.39311345010046078 0.046773696581961052 -1.2252023190870001 0.9652358749025497 -0.228694395535568 2.1320600998353485 -0.88899551609493488 -1.0557360505944642 0.81365309454649604 0.9652358749025497 1.2615438330787541 1.0613819277844458 1.2994638957836848 0.48839224841713419 -1.2122321088555645 1.1767010273330964 0.26649206790019442 -0.31317640375456596 1.6725078410514487
decision_type=2 2 2 2 2 2 2 2 2 2 2 2 2 2 2 2 2 2 2 2 2 2 2 2 2 2 2 2 2 2
left_child=2 3 10 5 16 -2 25 8 -6 -10 18 -5 -13 -14 -11 -16 -3 -15 -1 20 -7 -22 -23 -21 -19 -4 28 -28 -8 -27
right_child=1 4 6 11 7 19 26 -9 9 14 -12 12 13 17 15 -17 -18 24 -20 23 21 22 -24 -25 -26 29 27 -29 -30 -31
leaf_value=0.0054922234129414641 -4.5971799901341525e-05 0.018493338308452741 -0.0080818154275878306 0.0067340075212028744 0.02642405465879339 0.0033836681825965007 -0.0030098470855400745 0.086543472879566263 0.0014777928218245506 0.016650021519245849 -0.0079798867700126199 0.0099263506658635661 0.059276851784374751 -0.010792173771187664 0.084863362020375782 0.047945443119621879 0.055335126264441405 0.049819426691780494 -0.015610924298233209 0.0091487421763771642 0.0060567707958227345 0.047112355022552878 0.009414797394787398 0.039904586763646555 0.015665557413536532 -0.0032385142721463723 0.0028234974848975278 0.053456335999071604 0.00066068810860293837 0.0266425931151025
leaf_weight=88 3023 736 1566 1203 188 4090 5490 32 25 35 12480 2064 59 57 49 239 31 30 1274 2428 1659 101 305 39 2385 8818 1960 20 6689 35
leaf_count=88 3023 736 1566 1203 188 4090 5490 32 25 35 12480 2064 59 57 49 239 31 30 1274 2428 1659 101 305 39 2385 8818 1960 20 6689 35
internal_value=-5.52163e-13 0.00877497 -0.00428882 0.00719348 0.0294386 0.00473574 -0.00186274 0.0422079 0.039561 0.0466579 -0.00859659 0.0121297 0.0135424 0.0164912 0.0501548 0.0542266 0.0199824 0.01547 -0.0142474 0.00641228 0.00512059 0.0085608 0.0187928 0.00963495 0.0160898 -0.0038661 -0.000388554 0.00333494 -0.000993901 -0.00312038
internal_weight=57198 18778 38420 17443 1335 11645 24578 568 536 348 13842 5798 4595 2531 323 288 767 2472 1362 8622 6155 2065 406 2467 2415 10419 14159 1980 12179 8853
internal_count=57198 18778 38420 17443 1335 11645 24578 568 536 348 13842 5798 4595 2531 323 288 767 2472 1362 8622 6155 2065 406 2467 2415 10419 14159 1980 12179 8853
is_linear=0
shrinkage=0.05


Tree=26
num_leaves=31
num_cat=0
split_feature=2 2 2 2 5 3 2 1 3 5 1 5 5 0 6 5 0 2 0 5 3 2 5 3 8 0 1 5 11 1
split_gain=778.764 242.319 157.245 47.3885 44.9519 42.7655 42.4858 30.3274 24.6124 21.5802 21.6416 18.9412 18.642 16.8982 16.4922 16.4043 15.9576 28.3254 24.7619 18.3918 23.4894 15.3892 15.0469 13.2754 12.6979 30.3131 28.1695 26.7279 25.7586 16.9605
threshold=0.69239275780205234 -0.34671966749318023 2.6531584754121167 -0.80018234548693024 0.86189575033690324 0.21109231303450274 5.2373451118821626 3.1166240661100928 3.1923315992737717 0.9652358749025497 4.5507345581604772 1.2291569272765577 1.4312047935437753 2.0625236293314537 1.0000000180025095e-35 -0.43848646996953172 1.7151309929072172 2.1621874656600508 1.1132669512946023 1.2655051286133518 2.3101830369618326 -1.5792432251236959 -1.2122321088555645 1.6725078410514487 -0.99042967103748658 -0.44379649577730129 1.7537497920233844 1.4101165497556909 -0.7500292558394458 1.3758557643562199
decision_type=2 2 2 2 2 2 2 2 2 2 2 2 2 2 2 2 2 2 2 2 2 2 2 2 2 2 2 2 2 2
left_child=1 3 4 21 14 -3 9 13 -9 -4 11 -11 -8 16 -2 -16 18 -18 24 -20 -21 -1 -5 -24 26 29 -6 -28 -27 -26
right_child=2 5 6 22 7 -7 12 8 -10 10 -12 -13 -14 -15 15 -17 17 -19 19 20 -22 -23 23 -25 25 28 27 -29 -30 -31
leaf_value=-0.015940797536410995 -4.7839162353459141e-05 -0.00099086922668629031 0.01248200356114156 -0.0080960291976714584 0.011848804724233008 0.003359911515836186 0.039494239987888889 0.025052364361351477 0.077815729692097643 0.039849570839020312 0.063038256429135797 0.018334712639332004 0.069115155089688907 0.05923086740076542 -0.0018390162502169996 0.0091604494413101509 0.0094712227472752743 -0.044086649116467348 0.020151429031462102 0.093505656532943252 0.02791728807158422 -0.0081978890542795096 -0.0033816202979495961 0.032396031242723652 0.0067159436030639012 0.0056417161289359424 0.024261709515472824 0.070262821722361785 0.017829572487275788 -0.010342744725376425
leaf_weight=681 679 13784 205 1964 819 9569 134 77 31 189 50 223 88 20 368 4296 98 33 526 20 43 11127 9333 26 424 680 257 36 1196 222
leaf_count=681 679 13784 205 1964 819 9569 134 77 31 189 50 223 88 20 368 4296 98 33 526 20 43 11127 9333 26 424 680 257 36 1196 222
internal_value=-5.16402e-12 -0.00280096 0.0121523 -0.00642828 0.0103302 0.000791883 0.0322894 0.0140228 0.0401974 0.0259834 0.0319743 0.0282044 0.0512359 0.0133766 0.00723265 0.00829257 0.0131659 -0.00402045 0.0136991 0.0232092 0.048739 -0.00864444 -0.00411719 -0.00328223 0.0121576 0.0101951 0.0166087 0.0299137 0.0134118 0.00085367
internal_weight=57198 46484 10714 23131 9825 23353 889 4482 108 667 462 412 222 4374 5343 4664 4354 131 4223 589 63 11808 11323 9359 3634 2522 1112 293 1876 646
internal_count=57198 46484 10714 23131 9825 23353 889 4482 108 667 462 412 222 4374 5343 4664 4354 131 4223 589 63 11808 11323 9359 3634 2522 1112 293 1876 646
is_linear=0
shrinkage=0.05


Tree=27
num_leaves=31
num_cat=0
split_feature=2 2 2 2 3 1 0 3 3 11 5 5 8 0 0 2 2 5 5 5 6 9 7 5 9 2 9 7 1 6
split_gain=707.789 213.39 120.674 90.6384 42.8926 33.3424 21.3556 27.028 21.2678 42.5756 21.0863 16.8244 16.4722 19.8576 17.8035 16.4559 16.2677 15.7518 15.2995 14.9723 13.6875 13.1236 14.9314 12.8938 12.5099 11.9412 11.4013 11.8722 10.5662 10.5407
threshold=0.20580396075932353 1.3805442181215346 -0.71395793582931122 5.2373451118821626 0.37358903400538473 3.6057252039299117 0.43202768883440962 1.4048846845692959 3.1923315992737717 -0.7500292558394458 -0.31317640375456596 1.4312047935437753 -0.99042967103748658 -0.39171805034687884 -0.35234543108220923 0.69239275780205234 -1.1375814084860376 -0.43848646996953172 1.1904917396839851 1.4651726809124612 -1.0557360505944642 1.0000000180025095e-35 -0.9109402413522435 0.69515041704156832 -1.4491128870215986 -1.9575771726513211 0.25006339628508761 -0.74807555454224595 4.5507345581604772 -0.50231995162864196
decision_type=2 2 2 2 2 2 2 2 2 2 2 2 2 2 2 2 2 2 2 2 2 2 2 2 2 2 2 2 2 2
left_child=2 4 16 5 17 8 10 24 12 -10 -4 -5 -3 -14 -15 -6 23 -2 -7 20 -12 22 -17 25 -8 -1 27 -18 -20 -19
right_child=1 3 6 11 15 18 7 -9 9 -11 19 -13 13 14 -16 21 26 29 28 -21 -22 -23 -24 -25 -26 -27 -28 -29 -30 -31
leaf_value=-0.023530767377613501 -0.0021849286144740481 0.020145220953040277 -0.0044360185246001774 0.037519528337974978 0.0047489100613137963 0.022851893932586818 0.0073885120963974637 0.023786273206708081 0.075155582376534039 0.018699762577539528 -0.0041959573125439032 0.06565939712507482 0.00055738405996224791 0.052420373338049858 0.01300677961185717 -0.019436961869136071 0.0047885689644102981 5.1092045581143526e-05 0.03383045127107339 -0.0069411686773860467 0.00095033086386359382 0.012605547985449356 0.007546142830802096 0.0078245845049359775 -0.0005356181350269141 -0.01087999594623258 -0.0077641344726840063 -0.0052967448278850018 0.064850843055768215 0.0055587782768648647
leaf_weight=202 1970 774 9066 134 4782 165 549 124 42 163 1666 88 339 29 2387 52 339 1442 66 928 5756 1584 3649 86 5369 2436 8683 2096 47 2185
leaf_count=202 1970 774 9066 134 4782 165 549 124 42 163 1666 88 339 29 2387 52 339 1442 66 928 5756 1584 3649 86 5369 2436 8683 2096 47 2185
internal_value=-9.82606e-13 0.0076152 -0.00406239 0.0175745 0.00492319 0.0158536 -0.00187777 0.000683558 0.0146099 0.0302663 -0.00276635 0.0486741 0.0137004 0.0118898 0.0134799 0.00687411 -0.00776467 0.0014142 0.0325589 -0.000953505 -0.000204845 0.00879704 0.00716702 -0.0112276 0.000199486 -0.0118487 -0.00691623 -0.00389267 0.0467327 0.00336907
internal_weight=57198 19898 37300 4234 15664 4012 23458 6042 3734 205 17416 222 3529 2755 2416 10067 13842 5597 278 8350 7422 5285 3701 2724 5918 2638 11118 2435 113 3627
internal_count=57198 19898 37300 4234 15664 4012 23458 6042 3734 205 17416 222 3529 2755 2416 10067 13842 5597 278 8350 7422 5285 3701 2724 5918 2638 11118 2435 113 3627
is_linear=0
shrinkage=0.05


Tree=28
num_leaves=31
num_cat=0
split_feature=3 1 1 1 5 9 5 1 4 3 3 0 5 6 3 4 4 0 5 4 5 5 0 0 0 4 5 0 5 5
split_gain=624.716 179.008 122.53 41.4481 40.5939 30.8836 24.7028 26.8988 18.8957 17.7409 17.6038 16.6724 52.0531 16.4983 15.5913 36.0616 17.3574 23.44 20.2859 23.7056 14.9902 31.7416 13.6099 13.5537 14.7974 12.748 12.5631 15.5905 14.3695 12.5016
threshold=0.50228783319909509 2.4107711890197381 -0.29553683731976127 1.0503995053983461 0.9652358749025497 0.35001494236195146 1.4495693291702281 4.5507345581604772 0.22984044403806927 -1.0046619738155516 0.11220184395505013 0.76701006881243816 1.2994638957836848 1.1185040474979022 3.1923315992737717 -0.20576765355688617 -0.228694395535568 1.7151309929072172 1.1495863065883827 1.0000000180025095e-35 0.91441636237843227 1.1065214618131212 -1.1752500972272226 0.47334650493396263 0.70034578611526144 -1.397958236448344 -0.79085023738312954 0.81365309454649604 0.57739941913764026 -0.056344946134780353
decision_type=2 2 2 2 2 2 2 2 2 2 2 2 2 2 2 2 2 2 2 2 2 2 2 2 2 2 2 2 2 2
left_child=2 3 5 26 -3 13 7 14 11 -7 -4 25 -13 22 16 -16 17 -6 -18 -20 -10 -22 -1 -9 -25 -5 -2 -28 -29 -24
right_child=1 4 10 8 6 9 -8 23 20 -11 -12 12 -14 -15 15 -17 18 -19 19 -21 21 -23 29 24 -26 -27 27 28 -30 -31
leaf_value=-0.028289342156910736 -0.00098994594177102195 0.012680259944972738 -0.0011695988063720514 0.014899149128263268 0.018392016272991897 -0.0090715567759933145 0.061626258009875368 0.076436239033937467 0.0092247842702948089 -0.0055075449673952503 0.0021779292634749783 0.010449938674625467 0.072100226330970019 0.008298197241788716 0.077267297039824462 0.026511290649681253 0.039074564332295732 -0.036067557087617705 -0.022754188261323555 0.022524127766649152 0.027457036201537839 0.010534351347211493 -0.0043746005652700341 0.0068865039460361006 0.050532245030091419 0.002733299371723035 0.0040290911543430664 0.0073782699313406841 0.019184195100859711 0.00068779866154021095
leaf_weight=56 823 379 12051 255 62 6090 66 35 805 8184 5826 1574 35 295 44 171 158 29 34 193 505 614 7617 25 87 1384 5742 2317 290 1452
leaf_count=56 823 379 12051 255 62 6090 66 35 805 8184 5826 1574 35 295 44 171 158 29 34 193 505 614 7617 25 87 1384 5742 2317 290 1452
internal_value=-7.61402e-13 0.00852273 -0.00320379 0.00692226 0.026416 -0.00556168 0.0321747 0.0298551 0.0105015 -0.00702813 -7.86608e-05 0.00817546 0.011791 -0.00333958 0.0257233 0.0368986 0.0206757 0.00103677 0.0253177 0.0157424 0.0144282 0.0181715 -0.00371582 0.0492771 0.0407899 0.00462609 0.00490397 0.00548496 0.00869155 -0.00356408
internal_weight=57198 15627 41571 14344 1283 23694 904 838 5172 14274 17877 3248 1609 9420 691 215 476 91 385 227 1924 1119 9125 147 112 1639 9172 8349 2607 9069
internal_count=57198 15627 41571 14344 1283 23694 904 838 5172 14274 17877 3248 1609 9420 691 215 476 91 385 227 1924 1119 9125 147 112 1639 9172 8349 2607 9069
is_linear=0
shrinkage=0.05


Tree=29
num_leaves=31
num_cat=0
split_feature=2 2 2 2 5 1 6 0 5 5 0 5 2 4 5 4 5 6 6 6 6 0 0 0 0 5 4 4 2 5
split_gain=584.721 176.429 100.701 75.6202 36.5306 27.2462 20.6203 18.3343 23.2092 17.1953 16.9331 14.8102 14.6093 14.4583 14.2592 18.9954 32.483 14.9401 13.9465 13.7333 12.8745 27.7353 24.0571 23.5112 36.3054 12.4179 16.6973 12.3618 11.8635 39.939
threshold=0.20580396075932353 1.3805442181215346 -0.71395793582931122 5.2373451118821626 -0.24956724947920125 3.6057252039299117 0.31220406105026438 0.99954702019062769 -0.24956724947920125 1.4651726809124612 -0.046811405019422853 1.4312047935437753 -1.3537541724162285 -0.71015597708788747 0.9652358749025497 1.2615438330787541 1.0613819277844458 -1.0557360505944642 1.0000000180025095e-35 -0.90990146219895396 0.046773696581961052 -1.202187720976764 -0.40266444959466524 -0.13280897003702882 -0.36218820601171692 1.1904917396839851 0.069353250187296225 -0.57259552521579626 1.1043958128592319 1.2291569272765577
decision_type=2 2 2 2 2 2 2 2 2 2 2 2 2 2 2 2 2 2 2 2 2 2 2 2 2 2 2 2 2 2
left_child=2 4 12 5 13 20 14 8 -4 10 -10 -5 27 -2 19 17 18 -16 -17 -6 -3 -22 -23 24 -24 -7 -27 -1 -8 -30
right_child=1 3 7 11 6 25 28 -9 9 -11 -12 -13 -14 -15 15 16 -18 -19 -20 -21 21 22 23 -25 -26 26 -28 -29 29 -31
leaf_value=-0.016124685014776517 -0.0040374028985388577 0.0089159457028563892 -0.0036667969267424765 0.033918260704105245 -0.0042140957508772364 0.020761355353857983 0.0074810139586887611 0.0023032660804154234 -0.0011704681873635268 -0.0062279826917828835 0.0036322367175551512 0.060320009959501812 -0.0065377850218252516 0.0024652218914345964 -0.013111006097501815 0.030042623556954296 0.0082867387932197452 0.0061216918227301889 0.074383842519351415 0.0036947989485596289 0.051760660725481369 -0.0073307023804712428 0.014749241340905429 0.014887577751135434 0.10171829178929329 0.06547202447672254 0.026350500356795183 -0.006501658656592104 0.010319685187191551 0.048363652298800075
leaf_weight=777 1325 1163 11673 134 628 165 3529 2553 5356 1084 2792 88 12480 2409 106 114 370 2130 21 4357 51 120 30 2350 20 46 67 585 597 78
leaf_count=777 1325 1163 11673 134 628 165 3529 2553 5356 1084 2792 88 12480 2409 106 114 370 2130 21 4357 51 120 30 2350 20 46 67 585 597 78
internal_value=3.44231e-12 0.00692156 -0.00369236 0.0159773 0.00447377 0.0144055 0.00582464 -0.0016967 -0.00218519 -0.000311845 0.00047523 0.0443838 -0.0070744 0.000157783 0.00429126 0.00718805 0.0159466 0.00520994 0.0369401 0.00269845 0.0132812 0.0152558 0.0145171 0.0156094 0.0495369 0.0295065 0.0422761 -0.0119914 0.00864265 0.0147159
internal_weight=57198 19898 37300 4234 15664 4012 11930 23458 20905 9232 8148 222 13842 3734 7726 2741 505 2236 135 4985 3734 2571 2520 2400 50 278 113 1362 4204 675
internal_count=57198 19898 37300 4234 15664 4012 11930 23458 20905 9232 8148 222 13842 3734 7726 2741 505 2236 135 4985 3734 2571 2520 2400 50 278 113 1362 4204 675
is_linear=0
shrinkage=0.05


Tree=30
num_leaves=31
num_cat=0
split_feature=2 2 2 2 5 3 3 2 2 5 6 4 4 6 7 1 2 5 4 1 5 11 4 7 1 2 5 4 5 6
split_gain=528.244 139.035 117.132 49.0468 35.654 21.4488 20.4402 20.0903 19.8267 18.4585 18.6237 15.8774 49.0589 14.0065 13.7008 14.3192 13.916 13.3662 13.0802 12.7652 16.2187 14.1584 16.2448 25.7942 19.9807 17.077 14.465 14.4636 11.8734 12.7255
threshold=0.36578350312843411 1.9418250891524351 -0.53792299483014017 5.2373451118821626 -0.24956724947920125 1.5767137871784713 3.1923315992737717 -0.95128656058993766 0.4057191339022847 -0.24956724947920125 1.1185040474979022 -0.25162113751425025 -0.43503507334370556 -0.90990146219895396 -0.17418860646293408 2.8228242796172474 0.81867748947583829 1.4312047935437753 -0.71015597708788747 3.6057252039299117 1.386347522532285 -0.7500292558394458 -0.20576765355688617 1.707859523614377 2.5770947965769744 2.6531584754121167 0.9652358749025497 0.069353250187296225 1.4312047935437753 -0.50231995162864196
decision_type=2 2 2 2 2 2 2 2 2 2 2 2 2 2 2 2 2 2 2 2 2 2 2 2 2 2 2 2 2 2
left_child=2 4 7 6 18 13 19 -1 -7 10 -4 12 -8 -6 16 -16 -15 -5 -2 20 21 22 24 27 -3 -26 -23 -24 29 -11
right_child=1 3 9 17 5 8 11 -9 -10 28 -12 -13 -14 14 15 -17 -18 -19 -20 -21 -22 26 23 -25 25 -27 -28 -29 -30 -31
leaf_value=-0.0080433432277755845 -0.0038424883199100947 0.0085300671495288412 -0.0030503570688283684 0.032222347442232728 -0.00019348383535119183 0.060432193164403236 -0.0057698032945733176 -0.0046485955956557263 0.011558269339284074 8.8615360947748311e-05 0.0014272909004357593 0.023470176675635029 0.088515264153279163 0.0055193758552951905 0.0047662653810113878 0.036858428583613462 0.011442168752808244 0.057304008623892025 0.0036029229148000271 0.027418291302878529 0.0018341905380621915 0.013692805039948333 -0.020759024301078174 0.05238820263184607 -0.061865421556867667 -0.004520265516397115 0.028847361554215134 0.017992606401046524 -0.0035486637974882947 0.0039178663626123237
leaf_weight=7264 1040 223 9337 134 797 21 22 10895 1749 5716 3091 180 37 1743 5037 35 2301 88 1363 186 246 329 30 48 20 37 302 122 1308 3497
leaf_count=7264 1040 223 9337 134 797 21 22 10895 1749 5716 3091 180 37 1743 5037 35 2301 88 1363 186 246 329 30 48 20 37 302 122 1308 3497
internal_value=-7.34618e-12 0.00768036 -0.00300616 0.0200029 0.00592725 0.00706811 0.017242 -0.00600657 0.0121381 -0.000632 -0.00193671 0.0308484 0.0533581 0.00616284 0.00671856 0.00498772 0.00888939 0.0421646 0.000380606 0.0151345 0.0134507 0.0160229 0.00955127 0.0204348 0.00177731 -0.0246414 0.0209459 0.0103443 0.000909196 0.00154209
internal_weight=57198 16090 41108 2004 14086 11683 1782 18159 1770 22949 12428 239 59 9913 9116 5072 4044 222 2403 1543 1357 1111 480 200 280 57 631 152 10521 9213
internal_count=57198 16090 41108 2004 14086 11683 1782 18159 1770 22949 12428 239 59 9913 9116 5072 4044 222 2403 1543 1357 1111 480 200 280 57 631 152 10521 9213
is_linear=0
shrinkage=0.05


Tree=31
num_leaves=31
num_cat=0
split_feature=2 2 2 2 5 0 6 6 0 3 3 5 0 4 5 0 2 5 4 1 8 0 0 4 1 4 3 5 4 3
split_gain=477.712 146.004 83.168 52.7616 36.7614 20.1562 63.0131 24.9283 19.2528 23.2207 18.9572 16.6346 15.6197 15.7564 20.9268 21.4339 22.5267 21.8982 18.9015 17.5819 16.6299 14.6605 18.7464 14.2755 13.739 25.4639 12.4308 12.063 11.7459 11.6131
threshold=0.20580396075932353 1.6683274454597727 -0.79184418998341621 5.2373451118821626 -0.24956724947920125 -1.3768667146945477 0.046773696581961052 0.31220406105026438 0.43202768883440962 1.4724410070425007 3.1923315992737717 -1.1326614881673891 -0.36218820601171692 -0.20576765355688617 0.9652358749025497 -0.17175435159875027 2.2738474056960793 1.1495863065883827 -0.96235013885338849 3.6057252039299117 -0.25919494664649734 0.70034578611526144 1.5005076390185235 1.0000000180025095e-35 2.8228242796172474 -0.25162113751425025 2.202591650424965 1.4312047935437753 -0.71015597708788747 -2.0611201764563751
decision_type=2 2 2 2 2 2 2 2 2 2 2 2 2 2 2 2 2 2 2 2 2 2 2 2 2 2 2 2 2 2
left_child=2 4 29 10 28 6 -6 -7 11 -10 12 -4 -3 18 -15 16 -16 -17 -14 20 -19 -20 26 -8 -12 -26 -23 -5 -2 -1
right_child=1 3 8 27 5 7 23 -9 9 -11 24 -13 13 14 15 17 -18 19 21 -21 -22 22 -24 -25 25 -27 -28 -29 -30 -31
leaf_value=-0.018829651484836122 -0.0036190667003273844 0.0035899302292921667 -0.0058889039886003977 0.030611230360846637 0.0074041335043450512 0.0036219489691539757 0.022331016082519098 0.0081693627700933566 0.00031063537508006864 0.024965384139765786 0.012715313672088085 -0.0018552096980604185 0.017718568559934745 0.01200035291499196 0.0234229869581759 0.033061589764201253 0.098467477560043343 0.023575652081106027 -0.0084486030436613981 0.041237945540083781 -0.0044767728412541778 0.0317157468837947 -0.00071196076927023842 0.068769985405822937 0.072741248634820052 0.025687895827681231 -0.004241562072908686 0.054438808181492437 0.0022069200772544041 -0.0065586043474225933
leaf_weight=196 1341 354 3044 134 379 7883 23 4879 6185 97 100 15940 437 552 20 268 20 89 170 45 130 107 185 59 37 129 31 88 2438 11838
leaf_count=196 1341 354 3044 134 379 7883 23 4879 6185 97 100 15940 437 552 20 268 20 89 170 45 130 107 185 59 37 129 31 88 2438 11838
internal_value=-6.2209e-12 0.00625622 -0.00333743 0.0166339 0.00448857 0.00573148 0.0160026 0.00536046 -0.00170802 0.000691328 0.0146893 -0.00250199 0.0132901 0.0149618 0.0189453 0.0256473 0.0609452 0.0229934 0.0101475 0.0127726 0.00692353 0.00343635 0.00969159 0.0557444 0.027356 0.0361757 0.0236384 0.0400564 0.000139535 -0.00675847
internal_weight=57198 19898 37300 2896 17002 13223 461 12762 25266 6282 2674 18984 2408 2054 1124 572 40 532 930 264 219 493 323 82 266 166 138 222 3779 12034
internal_count=57198 19898 37300 2896 17002 13223 461 12762 25266 6282 2674 18984 2408 2054 1124 572 40 532 930 264 219 493 323 82 266 166 138 222 3779 12034
is_linear=0
shrinkage=0.05


Tree=32
num_leaves=31
num_cat=0
split_feature=2 2 2 5 5 5 5 0 4 0 5 4 4 4 8 3 4 5 5 0 0 0 5 5 0 4 6 6 3 0
split_gain=435.764 137.001 86.1841 29.9541 27.6699 26.4228 24.5703 22.1799 25.1827 21.7176 43.091 32.3266 36.4312 23.1358 26.3114 19.8966 20.9184 18.4956 18.0279 17.2464 16.3626 21.4911 16.3418 15.7168 56.7031 15.1349 14.2595 13.4132 12.6178 12.2763
threshold=0.69239275780205234 -0.34671966749318023 2.6531584754121167 0.91441636237843227 0.9652358749025497 -1.2122321088555645 -0.24956724947920125 2.0272351338969243 0.20691370205938739 1.1132669512946023 1.1904917396839851 -0.43503507334370556 1.0000000180025095e-35 -0.43503507334370556 -0.99042967103748658 0.76756459146914346 -0.41210833136502373 1.1904917396839851 1.4779829372212656 0.87749911906728173 -0.45180638707072185 0.47334650493396263 1.386347522532285 1.2655051286133518 1.064645369283699 -0.25162113751425025 1.0000000180025095e-35 0.31220406105026438 1.5369806572815394 -0.46560339495487107
decision_type=2 2 2 2 2 2 2 2 2 2 2 2 2 2 2 2 2 2 2 2 2 2 2 2 2 2 2 2 2 2
left_child=1 5 3 26 -4 -1 27 8 9 13 -11 -12 -13 22 17 -6 -17 -15 -7 -8 -18 28 -5 -21 -25 -23 -2 -3 -22 -16
right_child=2 6 4 7 15 18 19 -9 -10 10 11 12 -14 14 29 16 20 -19 -20 23 21 25 -24 24 -26 -27 -28 -29 -30 -31
leaf_value=-0.0075050966782489667 -0.00029823689655135606 -0.002662932082012607 0.0078855769099985679 0.011589565393764975 -0.020308400278445334 -0.0027955257945877061 0.0013787218613261975 0.051896933985478955 0.015948706822631355 0.0067606127855287931 0.019166375947081381 0.090817172118566103 0.012306856078265066 -0.0042963142999304605 -0.019091899713032708 0.010282157608769821 0.005682507353713331 0.019789884539854544 -0.0065858188914979313 0.0058630101636910001 0.086501609757542619 0.062160799703721348 -0.015439267923771325 -0.0027107966087031657 0.098323259192208454 0.02408578316288576 0.0065182719883534164 0.00089735736060448257 0.044839440369463746 -0.0025989080906411322
leaf_weight=6572 909 6188 205 1072 20 12354 10848 33 1462 320 90 45 22 130 157 109 46 206 4205 1634 20 29 59 41 21 261 4919 4621 199 401
leaf_count=6572 909 6188 205 1072 20 12354 10848 33 1462 320 90 45 22 130 157 109 46 206 4205 1634 20 29 59 41 21 261 4919 4621 199 401
internal_value=6.27611e-13 -0.00209522 0.00909036 0.00774142 0.0239985 -0.00482265 0.000606288 0.0110751 0.0107353 0.00768889 0.017287 0.038742 0.0650377 0.005428 -0.000583216 0.0288277 0.0303077 0.0104708 -0.00375803 0.00211178 0.0342406 0.0368215 0.0101796 0.00680059 0.0315104 0.0278933 0.00545509 -0.00114086 0.0486442 -0.00723941
internal_weight=57198 46484 10714 9825 889 23131 23353 3997 3964 2502 477 157 67 2025 894 684 664 336 16559 12544 555 509 1131 1696 62 290 5828 10809 219 558
internal_count=57198 46484 10714 9825 889 23131 23353 3997 3964 2502 477 157 67 2025 894 684 664 336 16559 12544 555 509 1131 1696 62 290 5828 10809 219 558
is_linear=0
shrinkage=0.05


Tree=33
num_leaves=31
num_cat=0
split_feature=2 2 1 5 7 5 2 4 5 4 4 4 6 1 5 6 6 5 4 8 6 6 7 2 6 4 6 3 5 5
split_gain=393.277 123.643 78.3374 29.9673 25.6237 30.2743 25.0617 24.9416 22.1747 22.1003 16.8869 20.2287 13.2591 17.4839 13.083 12.8453 12.5169 12.1785 23.1168 21.0587 15.0095 13.6599 20.4696 12.4764 12.1054 12.0612 32.7307 22.3607 41.2337 38.7063
threshold=0.69239275780205234 -0.34671966749318023 2.8228242796172474 0.91441636237843227 1.707859523614377 1.2291569272765577 -0.92978667928212599 1.0000000180025095e-35 -0.24956724947920125 0.20691370205938739 0.52788808976093382 -0.45796181532238694 -0.50231995162864196 0.91436204376172203 -1.2825390773626912 -1.0557360505944642 1.0000000180025095e-35 1.1065214618131212 0.71130202559038891 1.0000000180025095e-35 0.046773696581961052 1.0000000180025095e-35 1.707859523614377 0.93430021529322205 0.31220406105026438 -0.41210833136502373 1.1185040474979022 0.87136745916807712 1.1904917396839851 1.386347522532285
decision_type=2 2 2 2 2 2 2 2 2 2 2 2 2 2 2 2 2 2 2 2 2 2 2 2 2 2 2 2 2 2
left_child=1 6 3 16 7 -6 -1 -4 24 15 11 -7 13 -10 -8 -5 -2 21 19 20 -19 -11 23 -23 -3 -17 -27 -28 -29 -30
right_child=2 8 4 9 5 10 14 -9 12 17 -12 -13 -14 -15 -16 25 -18 18 -20 -21 -22 22 -24 -25 -26 26 27 28 29 -31
leaf_value=-0.0068568966465431327 -0.00033881788453404301 -0.0025297854840982455 -0.023893152572578048 -0.026489165300261922 0.01844920771430204 0.0045866393148899084 -0.0072579569034409491 0.017557457422534051 -0.0005053081880984126 0.013270421858401455 0.0010721485426818784 0.052304580221865238 0.0035595099269658537 0.00931502303568932 -0.0028341036873775895 0.011048492962390414 0.0060622613494693226 0.019944199295814643 0.004342136417856678 0.010552165930143052 0.049384576847983731 0.071894391942769295 0.00087828262088199467 0.030803775316352519 0.00085248951262248982 -0.00028555798223296513 -0.019357230052076006 0.0086062297788693717 0.089148317699852805 0.010569855362176896
leaf_weight=7945 905 6188 41 27 262 25 1912 316 5493 308 22 199 6557 494 13274 1491 4892 93 486 228 81 20 57 242 4621 830 27 95 42 25
leaf_count=7945 905 6188 41 27 262 25 1912 316 5493 308 22 199 6557 494 13274 1491 4892 93 486 228 81 20 57 242 4621 830 27 95 42 25
internal_value=3.08976e-12 -0.00199046 0.00863584 0.0073688 0.0230625 0.0302767 -0.00458152 0.012797 0.000575974 0.0106677 0.0428734 0.0469789 0.00200619 0.000304988 -0.00339109 0.00781415 0.00506296 0.0154461 0.0116792 0.0205494 0.0336492 0.0207811 0.0280328 0.0339405 -0.00108382 0.00818315 0.00399059 0.0227694 0.0297905 0.059828
internal_weight=57198 46484 10714 9849 865 508 23131 357 23353 4052 246 224 12544 5987 15186 2537 5797 1515 888 402 174 627 319 262 10809 2510 1019 189 162 67
internal_count=57198 46484 10714 9849 865 508 23131 357 23353 4052 246 224 12544 5987 15186 2537 5797 1515 888 402 174 627 319 262 10809 2510 1019 189 162 67
is_linear=0
shrinkage=0.05


Tree=34
num_leaves=31
num_cat=0
split_feature=2 2 2 5 1 4 4 12 3 4 0 1 4 8 0 5 3 0 6 5 4 2 0 6 4 4 0 0 3 5
split_gain=354.933 111.698 71.3189 29.4488 24.8353 26.778 23.6473 23.6107 23.1243 20.7606 17.9307 20.1514 18.9408 25.6153 18.8706 17.7306 17.5479 19.2823 29.809 17.5034 23.5595 17.2831 17.3878 17.1198 14.2828 23.944 13.3507 14.8833 14.0943 13.2967
threshold=0.69239275780205234 -0.47416021729168484 2.9313461519999118 0.91441636237843227 3.1166240661100928 0.069353250187296225 -0.41210833136502373 -0.35185889347637506 0.50228783319909509 0.22984044403806927 1.1132669512946023 1.308506341232794 -0.43503507334370556 -0.99042967103748658 -0.51916570666827677 1.386347522532285 0.87136745916807712 1.6437776611856465 1.7136308150948316 1.1904917396839851 -0.41210833136502373 -1.1375814084860376 0.51888492231579664 0.046773696581961052 0.069353250187296225 -0.04528045970611317 2.0936190745863663 1.7151309929072172 2.593219488673522 1.1065214618131212
decision_type=2 2 2 2 2 2 2 2 2 2 2 2 2 2 2 2 2 2 2 2 2 2 2 2 2 2 2 2 2 2
left_child=1 21 3 -2 9 -6 -4 16 -3 10 12 19 15 14 23 -5 -8 24 -19 -12 -21 -1 -23 -14 25 -18 27 -13 -29 -11
right_child=2 8 6 4 5 -7 7 -9 -10 29 11 26 13 -15 -16 -17 17 18 -20 20 -22 22 -24 -25 -26 -27 -28 28 -30 -31
leaf_value=-0.0084413972383368726 0.0048682789995259388 -0.00060834820120226772 0.0044488152439706025 0.010476889433647746 0.06552467480874978 0.018200800876002177 -0.013844481834785255 -0.0031174389645457269 0.0028407731652215344 0.01984243266058993 0.0061128172264606866 0.014371234000255889 0.011418251331851313 -0.0071936132892826497 -0.0017436977509747852 -0.017669655755162241 0.041263981086630673 0.028438465761416776 -0.034602647579529071 0.027466653076310955 0.096517247316383184 -0.0046280608812870501 0.0012114027484280985 0.045898310970873213 0.034335372676344025 0.098294429303720024 0.049864538439682554 0.0022434095348659402 -0.043339275512632662 0.010233672221435881
leaf_weight=2724 5866 20360 125 1083 39 128 20 53 6383 623 27 305 117 563 165 59 63 127 22 30 21 15629 1388 52 230 26 21 74 22 853
leaf_count=2724 5866 20360 125 1083 39 128 20 53 6383 623 27 305 117 563 165 59 63 127 22 30 21 15629 1388 52 230 26 21 74 22 853
internal_value=-6.04512e-12 -0.00189093 0.00820405 0.0071538 0.0103596 0.0292525 0.0240493 0.0285781 0.000214886 0.00957382 0.00683251 0.0153177 0.00475179 -0.000685693 0.0102842 0.00902273 0.0320204 0.0339804 0.0191304 0.0386655 0.0558993 -0.00474368 -0.00415176 0.0220275 0.0409167 0.0579246 0.0110022 0.00896702 -0.00820262 0.0142894
internal_weight=57198 46484 10714 10048 4182 167 666 541 26743 4015 2539 500 2039 897 334 1142 488 468 149 78 51 19741 17017 169 319 89 422 401 96 1476
internal_count=57198 46484 10714 10048 4182 167 666 541 26743 4015 2539 500 2039 897 334 1142 488 468 149 78 51 19741 17017 169 319 89 422 401 96 1476
is_linear=0
shrinkage=0.05


Tree=35
num_leaves=31
num_cat=0
split_feature=3 1 1 5 5 3 6 7 8 0 7 5 5 1 1 0 0 4 4 3 0 0 5 0 0 0 0 5 4 8
split_gain=319.562 89.687 64.603 25.2023 20.6562 20.3568 18.1157 17.4655 16.5682 22.9419 18.8966 15.8281 15.1899 15.9869 14.3879 16.0561 13.6758 12.8302 12.2434 11.4369 12.9331 10.7252 11.6397 11.3928 10.7244 10.4379 10.0297 14.3928 9.96613 32.3659
threshold=0.52784509782456357 2.4107711890197381 -0.23111539808441448 0.9652358749025497 -1.1326614881673891 1.3166402403684843 1.1185040474979022 -0.44313593596502393 -0.99042967103748658 -0.46560339495487107 -0.9109402413522435 1.4779829372212656 1.4495693291702281 4.5507345581604772 1.7537497920233844 -1.4280469313221158 0.046763703059737642 0.18398696008070553 0.22984044403806927 2.4195774946774047 0.57387826919827467 0.99954702019062769 -0.056344946134780353 -1.1752500972272226 -0.15642271830724117 -1.9518562126726928 0.70034578611526144 -0.18547950913925723 -1.2833245265549345 -1.7049705869141294
decision_type=2 2 2 2 2 2 2 2 2 2 2 2 2 2 2 2 2 2 2 2 2 2 2 2 2 2 2 2 2 2
left_child=2 5 4 -3 6 26 7 -1 14 10 -10 21 13 -5 -7 -16 -11 -12 -14 -18 -21 22 23 -6 -17 -24 -2 -28 29 -25
right_child=1 3 -4 12 11 8 -8 -9 9 16 17 -13 18 -15 15 24 19 -19 -20 20 -22 -23 25 28 -26 -27 27 -29 -30 -31
leaf_value=-0.0035893682538052866 0.0024748469243348519 0.0080582460055522182 0.00017751300295058739 0.018406739201787346 -0.025668583151751329 0.010323147391949145 -0.00029766615984747887 -0.0085111030211409613 0.016914042701163062 0.016944583165542374 -0.024076386414500967 -0.0055672681666909711 0.075004693502948305 0.036569738805731188 0.055543317552655937 -0.0083097833472614482 0.0053487388360075067 -0.0028588964861793152 0.030237262908901486 0.035737561207906769 0.010276516783952638 0.0063388780956321117 -0.0084345910680767543 0.022497060594482806 0.024283498401150294 0.0010030841288524422 0.00067176104402268111 0.0075625207071710583 -0.0035676610901549839 -0.0030694668318094294
leaf_weight=2874 5799 379 16619 689 56 669 1301 4835 77 361 114 3875 24 147 36 30 2262 190 42 64 226 382 321 159 159 3355 1028 2883 7683 559
leaf_count=2874 5799 379 16619 689 56 669 1301 4835 77 361 114 3875 24 147 36 30 2262 190 42 64 226 382 321 159 159 3355 1028 2883 7683 559
internal_value=-1.21485e-13 0.00621811 -0.00224624 0.0188776 -0.00383208 0.00505127 -0.00575519 -0.00667623 0.00796503 0.00632666 -0.00521133 -0.00277489 0.0234236 0.0216005 0.0140017 0.0249393 0.00783575 -0.0108155 0.0465163 0.00654724 0.0158955 -0.00191029 -0.00217001 -0.00319103 0.01911 0.000178956 0.00379454 0.0057513 -0.0030412 0.0025922
internal_weight=57198 15179 42019 1281 25400 13898 9010 7709 4188 3294 381 16390 902 836 894 225 2913 304 66 2552 290 12515 12133 8457 189 3676 9710 3911 8401 718
internal_count=57198 15179 42019 1281 25400 13898 9010 7709 4188 3294 381 16390 902 836 894 225 2913 304 66 2552 290 12515 12133 8457 189 3676 9710 3911 8401 718
is_linear=0
shrinkage=0.05


Tree=36
num_leaves=31
num_cat=0
split_feature=3 1 1 1 5 3 3 4 4 4 4 9 7 4 0 0 6 1 4 1 8 5 5 0 0 0 0 4 5 6
split_gain=288.427 81.5677 56.9058 25.3521 22.9422 19.3326 16.4388 19.2011 15.0813 14.6002 21.6758 13.2549 12.3035 13.7077 11.2275 11.0786 10.7416 10.5265 10.3762 10.3148 9.77348 9.85645 22.1416 15.46 12.031 32.4375 9.74367 11.4331 14.8133 10.1717
threshold=0.50228783319909509 2.8228242796172474 -0.23111539808441448 1.1402282250590876 1.4312047935437753 -1.7152345853068274 3.1923315992737717 -0.228694395535568 0.18398696008070553 -0.20576765355688617 -0.43503507334370556 0.35001494236195146 1.707859523614377 1.0000000180025095e-35 -1.1752500972272226 1.878683969784319 1.1185040474979022 4.5507345581604772 -0.022353717727431312 -0.72261133623686191 1.0184757865176055 0.91441636237843227 1.1065214618131212 1.3806707560361342 -1.4280469313221158 -1.4824056373715422 -0.88899551609493488 0.75715550954775257 1.4779829372212656 1.7136308150948316
decision_type=2 2 2 2 2 2 2 2 2 2 2 2 2 2 2 2 2 2 2 2 2 2 2 2 2 2 2 2 2 2
left_child=2 3 5 -2 6 -1 7 15 -5 10 -8 14 13 -9 -7 -3 -16 -11 -14 -18 21 -10 23 -23 25 -24 -26 28 29 -28
right_child=1 4 -4 8 -6 11 9 12 20 17 -12 -13 18 -15 16 -17 19 -19 -20 -21 -22 22 24 -25 26 -27 27 -29 -30 -31
leaf_value=-0.010884235243791191 0.0034721888968364035 -0.022810573611004317 0.00013325303118710721 0.0056209858733705376 0.045297790934916503 -0.02438515377663342 0.0094042985628430675 -0.025362069982414442 0.0079465400796457 0.012460631652055939 0.06568936623632908 -0.0044080604636869891 0.045280585759158797 0.014433140504909467 -0.0022340005486801077 0.011346143356329481 0.030255325930193068 0.036304222503972153 0.018219408079608253 0.0035542192156697741 0.0015705817839077423 0.026865421698167014 0.006110531775061232 -0.00066579476215651839 -0.011030432789375981 0.076822955258514569 0.020020242286211049 0.0022326710796151616 -0.01020484512555413 0.055102863714650833
leaf_weight=893 9915 53 16242 2929 86 56 26 24 679 133 50 13900 58 220 10132 43 41 71 91 307 227 422 55 58 73 23 88 244 32 27
leaf_count=893 9915 53 16242 2929 86 56 26 24 679 133 50 13900 58 220 10132 43 41 71 91 307 227 422 55 58 73 23 88 244 32 27
internal_value=-2.57325e-12 0.00579102 -0.00217691 0.00492195 0.0208061 -0.00365828 0.0180671 0.0125353 0.00788146 0.027728 0.0464339 -0.00339421 0.0174322 0.0105189 -0.00205665 -0.00751121 -0.00193734 0.0207591 0.0287533 0.00670004 0.0113155 0.012616 0.0157183 0.0235387 0.00879255 0.0269616 0.00573826 0.00886899 0.0198844 0.028257
internal_weight=57198 15627 41571 14772 855 25329 769 489 4857 280 76 24436 393 244 10536 96 10480 204 149 348 1928 1701 1022 480 542 78 464 391 147 115
internal_count=57198 15627 41571 14772 855 25329 769 489 4857 280 76 24436 393 244 10536 96 10480 204 149 348 1928 1701 1022 480 542 78 464 391 147 115
is_linear=0
shrinkage=0.05


Tree=37
num_leaves=31
num_cat=0
split_feature=2 2 2 2 5 0 6 6 0 9 0 1 0 4 5 0 6 4 5 4 2 4 4 5 5 5 6 7 2 4
split_gain=273.098 83.1646 48.489 29.9731 25.0889 18.4377 46.5669 16.5112 13.9533 13.1087 12.974 12.193 13.6194 12.0071 16.7489 16.7815 18.2869 36.4443 26.667 18.0608 11.5673 11.3478 11.003 19.4313 10.2299 10.097 10.2146 9.97425 9.82405 15.7986
threshold=0.20580396075932353 1.6683274454597727 -0.79184418998341621 5.2373451118821626 -0.43848646996953172 -1.3768667146945477 0.046773696581961052 0.31220406105026438 -0.58445645460119244 1.0000000180025095e-35 0.43202768883440962 4.5507345581604772 1.8345081719818419 0.16106021810202364 1.4101165497556909 1.6630209632296875 1.1185040474979022 -0.43503507334370556 1.1495863065883827 -0.41210833136502373 2.4358698305335271 -0.022353717727431312 -0.71015597708788747 -0.73523310476190373 1.3309652674966419 -1.1326614881673891 0.31220406105026438 0.50726550913191959 -1.735530779072912 -0.57259552521579626
decision_type=2 2 2 2 2 2 2 2 2 2 2 2 2 2 2 2 2 2 2 2 2 2 2 2 2 2 2 2 2 2
left_child=2 4 28 8 22 6 27 -7 -3 -10 25 12 13 14 15 16 19 24 -19 -11 -17 -8 23 -2 -18 26 -4 -6 29 -1
right_child=1 3 10 -5 5 7 21 -9 9 11 -12 -13 -14 -15 -16 20 17 18 -20 -21 -22 -23 -24 -25 -26 -27 -28 -29 -30 -31
leaf_value=-0.019066143236792704 0.0019711158395876679 0.00018412724834475244 -0.0038609538454135251 0.030216422485321894 0.010495435800371334 0.0024611242463991332 0.015441601136699318 0.0059538556181020679 0.0082444542835863246 0.017651821494773897 0.00069035582557318276 0.038918476889806763 0.036091618721506423 0.019587977535702215 -0.020201914684019155 -0.041963567030616107 0.014499481416184658 0.0075192572145412369 0.0634045093030845 -0.0060448251300744271 0.00083237169186274216 0.058754890820296904 0.0012454348038989122 -0.012807954530147173 -0.021051478401447336 -0.0014271270017758035 -0.016405282234827189 -0.010407217851440822 -0.0048527149144463331 0.00060393339578783325
leaf_weight=299 428 264 2872 222 309 8420 20 5657 1093 172 6282 54 70 473 45 20 129 30 74 151 75 62 1573 463 24 15940 172 70 11580 155
leaf_count=299 428 264 2872 222 309 8420 20 5657 1093 172 6282 54 70 473 45 20 129 30 74 151 75 62 1573 463 24 15940 172 70 11580 155
internal_value=2.23562e-12 0.0047303 -0.00252342 0.0125625 0.00339622 0.00418695 0.0140265 0.00386472 0.0110969 0.0122923 -0.00127927 0.0156517 0.0146569 0.0133992 0.00933351 0.0113025 0.0144932 0.0244463 0.0472838 0.00657382 -0.0081773 0.0481907 -0.00126923 -0.00570869 0.00892286 -0.00193104 -0.00456977 0.00663479 -0.00513558 -0.0123506
internal_weight=57198 19898 37300 2896 17002 14538 461 14077 2674 2410 25266 1317 1263 1193 720 675 580 257 104 323 95 82 2464 891 153 18984 3044 379 12034 454
internal_count=57198 19898 37300 2896 17002 14538 461 14077 2674 2410 25266 1317 1263 1193 720 675 580 257 104 323 95 82 2464 891 153 18984 3044 379 12034 454
is_linear=0
shrinkage=0.05


Tree=38
num_leaves=31
num_cat=0
split_feature=2 2 2 2 5 0 5 5 6 0 4 0 5 4 5 4 2 7 4 1 4 4 8 7 4 1 7 0 5 9
split_gain=246.956 68.9527 49.3317 27.0507 21.457 14.8221 15.2644 13.5614 17.0399 12.9238 12.7322 21.9492 36.6939 52.6587 19.2523 20.3845 22.5161 15.0647 17.9761 13.1427 15.7404 23.06 26.7971 17.0446 14.5392 21.4267 13.9404 12.5928 12.4291 11.8306
threshold=0.2887373728673252 1.6683274454597727 -0.74428108837589979 5.2373451118821626 0.9652358749025497 0.99954702019062769 -0.24956724947920125 -0.43848646996953172 1.0000000180025095e-35 -0.046811405019422853 0.18398696008070553 1.1449233396486802 1.1904917396839851 -0.38918158938634145 1.1065214618131212 0.71130202559038891 1.187566542397384 -0.17418860646293408 1.2615438330787541 1.0000000180025095e-35 -0.43503507334370556 -0.71015597708788747 0.38174988366425283 -0.17418860646293408 -0.068207201684795479 -0.68013976606688609 -0.9109402413522435 -0.58445645460119244 1.2655051286133518 1.0000000180025095e-35
decision_type=2 2 2 2 2 2 2 2 2 2 2 2 2 2 2 2 2 2 2 2 2 2 2 2 2 2 2 2 2 2
left_child=2 4 -1 27 7 6 -4 -2 -9 -8 11 19 -13 -14 17 16 -16 18 -12 24 21 22 -21 26 -6 -26 -22 -3 -23 -29
right_child=1 3 5 -5 10 -7 9 8 -10 -11 14 12 13 -15 15 -17 -18 -19 -20 20 23 28 -24 -25 25 -27 -28 29 -30 -31
leaf_value=-0.0047120672403732035 -0.0014118513792881811 0.00017492093726160062 -0.0025742509281974479 0.028705601524855309 0.005560032536324336 0.0022957954928920434 -0.0012885195827859498 -0.00032654750685039965 0.0044993293734786957 0.0023725174310983595 0.0031772897402579723 0.0061900593250546129 0.01831036011775046 0.11204042787785116 0.0084701050077546462 0.0013518136046250127 0.036232845755565228 0.012139234055868956 0.043607482844615519 -0.0071005616530037674 0.0036520937017535103 0.02869501378975526 0.010073679042717202 0.0012046951014516309 0.015223176385017509 0.070174906915053722 -0.022425362918266033 0.0078322315677529248 0.006716343699054432 0.014869085883222017
leaf_weight=13164 1922 264 12527 222 201 3085 6808 2502 6802 3732 37 149 43 23 251 586 103 206 107 444 73 140 465 549 68 24 172 1093 119 1317
leaf_count=13164 1922 264 12527 222 201 3085 6808 2502 6802 3732 37 149 43 23 251 586 103 206 107 444 73 140 465 549 68 24 172 1093 119 1317
internal_value=-1.56205e-12 0.00487153 -0.00221571 0.0119344 0.00350666 -0.000959128 -0.00139444 0.00241171 0.00320157 7.77929e-06 0.00677577 0.00467308 0.0199376 0.0509739 0.0108018 0.00707462 0.016548 0.0208121 0.0332192 0.0032177 0.0017426 0.00543507 0.00168494 -0.00368915 0.0130954 0.0295584 -0.0146553 0.010542 0.0185967 0.0116777
internal_weight=57198 17882 39316 2896 14986 26152 23067 11226 9304 10540 3760 2470 215 66 1290 940 354 350 144 2255 1962 1168 909 794 293 92 245 2674 259 2410
internal_count=57198 17882 39316 2896 14986 26152 23067 11226 9304 10540 3760 2470 215 66 1290 940 354 350 144 2255 1962 1168 909 794 293 92 245 2674 259 2410
is_linear=0
shrinkage=0.05


Tree=39
num_leaves=31
num_cat=0
split_feature=2 2 2 5 2 4 0 5 4 0 0 5 5 7 4 6 4 4 1 6 0 5 0 0 6 6 5 0 1 8
split_gain=222.974 63.8992 43.5547 24.7198 20.416 15.2302 19.8182 41.4958 43.1899 13.9736 13.286 12.1579 14.0912 13.6653 12.016 11.919 12.774 19.1669 21.1549 11.5551 15.9131 14.438 14.3428 11.4403 15.4345 10.9331 15.1679 10.5938 15.5951 10.5534
threshold=0.27123509023956749 1.9418250891524351 -0.79184418998341621 0.86189575033690324 5.2373451118821626 0.18398696008070553 1.1132669512946023 1.2291569272765577 -0.38918158938634145 0.99954702019062769 0.41371162956338431 -0.24956724947920125 1.4651726809124612 -0.17418860646293408 1.5137379948442546 1.1185040474979022 -0.43503507334370556 -0.091133943663477338 0.12197937742154978 1.0000000180025095e-35 -1.4280469313221158 1.1065214618131212 0.046763703059737642 0.71827743986866166 1.0000000180025095e-35 -0.50231995162864196 1.4101165497556909 1.9414015623555161 4.5507345581604772 -0.99042967103748658
decision_type=2 2 2 2 2 2 2 2 2 2 2 2 2 2 2 2 2 2 2 2 2 2 2 2 2 2 2 2 2 2
left_child=2 3 -1 10 27 6 15 -8 -9 11 -2 -4 13 -13 19 16 -5 23 25 -7 -21 22 -22 24 -18 -19 -27 28 -3 -20
right_child=1 4 9 5 -6 14 7 8 -10 -11 -12 12 -14 -15 -16 -17 17 18 29 20 21 -23 -24 -25 -26 26 -28 -29 -30 -31
leaf_value=-0.0046432005130477337 -0.00031710406688574842 0.0091008361413778324 -0.002444919918534726 0.0067889892970294553 0.027270321470165105 0.0082918006642168016 0.007462499914753869 0.015044474229362096 0.093672892415235132 0.0021990935107539088 0.0033761732920969583 -0.0013260930020744836 -0.0048414164553255553 0.0025120345457024188 0.0034608358084113606 -0.010341687026811998 -0.0024644051089843253 0.0067168340233005235 0.011649843206413248 0.053206207289670904 0.065193424306132577 0.010273397421883542 0.022183567025210207 0.023886921511342127 -0.019989370447583497 0.059236006116544886 0.014546480114595632 0.023023698199948855 0.038955317120999103 -0.0034969576115818773
leaf_weight=12034 3595 1566 13153 1518 222 715 351 40 31 2990 7547 4792 1405 4494 499 160 416 53 172 30 22 381 163 30 180 37 39 171 45 347
leaf_count=12034 3595 1566 13153 1518 222 715 351 40 31 2990 7547 4792 1405 4494 499 160 416 53 172 30 22 381 163 30 180 37 39 171 45 347
internal_value=-4.46127e-12 0.00454592 -0.00214384 0.00351163 0.012972 0.00636397 0.00437898 0.0145142 0.0493752 -0.00102297 0.00218453 -0.00142702 -0.000174703 0.000531385 0.0100642 0.00293012 0.00369068 -1.02486e-06 0.0060268 0.0125775 0.017719 0.0158381 0.0272983 -0.00624069 -0.00775718 0.0241476 0.0363032 0.0111908 0.00993476 0.00152279
internal_weight=57198 18330 38868 16326 2004 5184 3374 422 71 26834 11142 23844 10691 9286 1810 2952 2792 1274 648 1311 596 566 185 626 596 129 76 1782 1611 519
internal_count=57198 18330 38868 16326 2004 5184 3374 422 71 26834 11142 23844 10691 9286 1810 2952 2792 1274 648 1311 596 566 185 626 596 129 76 1782 1611 519
is_linear=0
shrinkage=0.05


Tree=40
num_leaves=31
num_cat=0
split_feature=2 2 2 4 5 12 0 5 3 0 5 4 3 11 4 8 5 5 4 0 0 3 5 0 5 0 5 8 4 4
split_gain=202.351 64.585 40.0643 17.945 17.8396 17.526 17.0931 16.0044 13.146 14.9992 16.2816 13.0702 17.2107 22.591 13.2657 22.721 13.2952 12.8893 12.7485 12.7094 43.1775 11.4191 11.2935 10.6937 13.3358 47.1735 10.4423 14.4888 13.9812 10.4884
threshold=0.69239275780205234 -0.34671966749318023 2.9313461519999118 -0.41210833136502373 0.86189575033690324 -0.35185889347637506 2.0625236293314537 -1.2122321088555645 0.87136745916807712 0.47334650493396263 1.386347522532285 0.18398696008070553 3.1923315992737717 -0.7500292558394458 -0.43503507334370556 1.0000000180025095e-35 1.386347522532285 -0.24956724947920125 0.34447415393147868 1.1132669512946023 1.3053875777776807 0.30143366214216277 1.4779829372212656 0.87749911906728173 1.2655051286133518 1.064645369283699 1.0142561076130823 1.0184757865176055 -0.20576765355688617 -0.25162113751425025
decision_type=2 2 2 2 2 2 2 2 2 2 2 2 2 2 2 2 2 2 2 2 2 2 2 2 2 2 2 2 2 2
left_child=1 7 4 -4 -2 8 11 -1 -5 10 -10 12 14 -14 16 19 -6 -3 -12 21 -21 -16 -9 -19 -25 -26 29 28 -28 -17
right_child=2 17 3 5 6 -7 -8 22 9 -11 18 -13 13 -15 15 26 -18 23 -20 20 -22 -23 -24 24 25 -27 27 -29 -30 -31
leaf_value=-0.0053880821483124047 0.0034401980644448598 -0.00083834094443230919 0.00099615899622440356 -0.014716025879606603 0.0083569026234958151 -0.00529186380807451 0.035121889706767564 -0.0017100507477065437 0.074533827662467952 0.018671898060263353 0.019224819701583108 0.010635202004952958 0.054348248299211269 0.0086056426891226723 0.028410603273182344 -0.011389607534204659 -0.015465572604634723 0.00094025987449618145 0.045685573016457703 0.063851971160620455 0.0040507263096988327 0.00014949119409108885 -0.0047100053009026064 0.0043459809926714487 -0.003242450402822436 0.088911376059764916 -0.035089783446035451 -0.00049703203086905623 -0.009532779418055505 0.017064441235115132
leaf_weight=6572 5368 10809 125 20 1469 53 56 12354 25 260 98 1817 40 83 39 57 61 10848 85 40 123 428 4205 1634 41 21 90 170 132 75
leaf_count=6572 5368 10809 125 20 1469 53 56 12354 25 260 98 1817 40 83 39 57 61 10848 85 40 123 428 4205 1634 41 21 90 170 132 75
internal_value=-2.46826e-12 -0.00142776 0.00619453 0.0180707 0.00540735 0.0220158 0.0076637 -0.00330042 0.0249816 0.0266781 0.0366858 0.00733116 0.00519242 0.0234813 0.00435429 0.000306791 0.00740712 0.00042709 0.0315153 0.00670526 0.0187259 0.00250963 -0.00247186 0.0015175 0.00520963 0.0279709 -0.00738603 -0.0114819 -0.0198937 0.00477747
internal_weight=57198 46484 10714 666 10048 541 4680 23131 488 468 208 4624 2807 123 2684 1154 1530 23353 183 630 163 467 16559 12544 1696 62 524 392 222 132
internal_count=57198 46484 10714 666 10048 541 4680 23131 488 468 208 4624 2807 123 2684 1154 1530 23353 183 630 163 467 16559 12544 1696 62 524 392 222 132
is_linear=0
shrinkage=0.05


Tree=41
num_leaves=31
num_cat=0
split_feature=2 2 2 2 5 4 5 9 0 2 4 1 0 6 2 5 5 0 0 5 6 0 0 0 1 2 4 4 5 5
split_gain=182.981 56.429 32.7698 23.1803 15.3128 10.361 17.8363 10.0576 9.81977 8.85462 14.2867 8.71063 8.47387 8.37745 9.00373 30.6075 8.29851 9.13988 9.16099 8.53806 8.1955 15.1356 15.7875 11.9294 12.5228 12.5234 10.4755 23.5799 10.0868 9.76204
threshold=0.20580396075932353 1.3805442181215346 -0.79184418998341621 5.2373451118821626 -0.43848646996953172 -0.71015597708788747 -0.73523310476190373 -1.4491128870215986 -0.046811405019422853 -1.735530779072912 -0.57259552521579626 1.1402282250590876 0.99954702019062769 0.31220406105026438 1.1043958128592319 1.4495693291702281 1.4312047935437753 0.70034578611526144 1.6437776611856465 1.4101165497556909 0.046773696581961052 -1.202187720976764 -0.40266444959466524 0.1422746919524476 1.7537497920233844 2.9313461519999118 -0.04528045970611317 0.092279992165977986 1.0613819277844458 1.386347522532285
decision_type=2 2 2 2 2 2 2 2 2 2 2 2 2 2 2 2 2 2 2 2 2 2 2 2 2 2 2 2 2 2
left_child=2 4 9 20 5 6 -2 8 -4 10 -1 -8 -9 -6 -15 -16 17 19 -19 -5 -3 -22 -23 24 -24 28 -27 -28 -26 -25
right_child=1 3 7 16 13 -7 11 12 -10 -11 -12 -13 -14 14 15 -17 -18 18 -20 -21 21 22 23 29 25 26 27 -29 -30 -31
leaf_value=-0.017448859961917952 0.0018975607922218523 0.0045861659374232993 -0.001840036902311049 -0.023877427568235857 0.0021805323947440883 0.0013030936192916596 -0.014399038494018549 -0.0016560887812738035 0.0053694105442565494 -0.0039444030648768122 0.0012563269272927316 0.010599299416399414 0.0014664190977439165 0.0038686311686102525 0.0080796551432344207 0.069283524084658862 0.036649860479784288 0.046404103014399026 0.013610804433885374 0.02069464367149132 0.036560738259269032 -0.0086676589345734117 0.0040813153986348199 0.0091910763049866482 0.03094285162615365 0.012029368430376053 0.095445620942683454 0.028777632907602109 0.0013255654817871882 -0.013136150805279613
leaf_weight=299 425 1163 802 22 8245 1554 420 20890 1149 11580 155 38 2425 4212 749 21 88 34 57 21 51 120 89 2346 58 21 21 36 57 50
leaf_count=299 425 1163 802 22 8245 1554 420 20890 1149 11580 155 38 2425 4212 749 21 88 34 57 21 51 120 89 2346 58 21 21 36 57 50
internal_value=2.50743e-12 0.00387197 -0.00206554 0.00899342 0.00248764 -0.00115443 -0.00547946 -0.00104274 0.00240581 -0.00421295 -0.0110627 -0.0123249 -0.00133132 0.00315867 0.00477746 0.00974885 0.0247208 0.0168869 0.0258632 -0.00210967 0.00812315 0.009567 0.00907498 0.00987002 0.0195973 0.0267524 0.0422176 0.0533395 0.016263 0.00872515
internal_weight=57198 19898 37300 4234 15664 2437 883 25266 1951 12034 454 458 23315 13227 4982 770 222 134 91 43 4012 2849 2798 2678 282 193 78 57 115 2396
internal_count=57198 19898 37300 4234 15664 2437 883 25266 1951 12034 454 458 23315 13227 4982 770 222 134 91 43 4012 2849 2798 2678 282 193 78 57 115 2396
is_linear=0
shrinkage=0.05


Tree=42
num_leaves=31
num_cat=0
split_feature=3 1 2 2 5 5 7 4 4 5 5 4 4 0 5 2 4 4 4 0 8 7 1 4 12 3 5 7 4 4
split_gain=166.158 44.0476 43.7603 21.3308 16.8853 12.992 11.1346 19.1647 12.0296 13.126 20.4025 21.7223 12.8727 12.6477 11.0611 16.0133 14.4774 16.4436 16.2775 15.172 13.3567 12.0224 18.8867 12.2541 11.9626 11.8157 11.2556 14.3282 15.2363 12.6499
threshold=0.574537168345718 2.8228242796172474 -0.32543346892723873 0.69239275780205234 1.4312047935437753 -1.2122321088555645 1.707859523614377 1.0000000180025095e-35 -0.48088855730106883 1.2291569272765577 1.386347522532285 1.0000000180025095e-35 0.32154741195279685 1.8345081719818419 0.9652358749025497 2.9313461519999118 0.22984044403806927 -0.36625484740765951 -0.71015597708788747 1.0894866621508073 1.0184757865176055 -0.74807555454224595 1.3415415231567218 0.092279992165977986 0.34398541387350456 1.4372772728448771 1.0613819277844458 -0.17418860646293408 1.3761775429721637 0.71130202559038891
decision_type=2 2 2 2 2 2 2 2 2 2 2 2 2 2 2 2 2 2 2 2 2 2 2 2 2 2 2 2 2 2
left_child=2 3 5 -2 6 -1 7 -3 -8 -10 11 13 -12 -11 20 16 17 18 -16 24 -5 22 23 -19 -20 -17 27 28 -18 -28
right_child=1 4 -4 14 -6 -7 8 -9 9 10 12 -13 -14 -15 15 25 26 21 19 -21 -22 -23 -24 -25 -26 -27 29 -29 -30 -31
leaf_value=-0.0049398279617091099 0.0017312004295353635 -0.025832177173891448 0.00015240450644025136 0.0048754030140224832 0.036654533449625382 -0.0023048210264244315 -0.0075391488513205113 0.010838340701379554 0.013326416464321532 0.071068636614031025 -0.0119937628614051 0.012746917231915853 0.038291108016856014 0.026326454634016214 0.0041387290302188377 0.059163861358094788 0.013992362223724101 0.060627374375382292 0.00031045286641379847 0.038613426795145921 -0.0058319236464763492 -0.0044500354349192991 -0.0010682955555813877 0.0092746588268450333 0.020933143806178126 0.018458069959592264 0.015729878768303774 0.011938776521438217 0.052446209756951578 0.0031516277901761178
leaf_weight=6550 6088 41 19774 4193 86 16367 41 272 241 56 35 39 20 22 733 21 47 26 122 67 313 589 95 21 166 118 359 188 57 451
leaf_count=6550 6088 41 19774 4193 86 16367 41 272 241 56 35 39 20 22 733 21 47 26 122 67 313 589 95 21 166 118 359 188 57 451
internal_value=-2.73143e-12 0.00462296 -0.00157095 0.00393433 0.0156459 -0.00305794 0.0132903 0.00603485 0.0182924 0.0208568 0.0314081 0.043215 0.00629164 0.058449 0.00570707 0.00802698 0.00723795 0.00449812 0.00839482 0.0171828 0.00413164 -0.00130161 0.0117577 0.0376825 0.0121971 0.0246079 0.0117604 0.0201766 0.035068 0.00872643
internal_weight=57198 14507 42691 13654 853 22917 767 313 454 413 172 117 55 78 7566 3060 2921 1819 1088 355 4506 731 142 47 288 139 1102 292 104 810
internal_count=57198 14507 42691 13654 853 22917 767 313 454 413 172 117 55 78 7566 3060 2921 1819 1088 355 4506 731 142 47 288 139 1102 292 104 810
is_linear=0
shrinkage=0.05


Tree=43
num_leaves=31
num_cat=0
split_feature=2 2 2 3 5 4 0 1 1 4 7 7 8 4 5 3 5 4 8 5 5 1 2 8 0 4 3 0 3 5
split_gain=151.446 39.4571 34.2555 17.6591 14.0894 12.5848 20.0725 29.9643 37.9126 11.6927 23.9877 15.5271 14.8246 21.1818 17.6696 13.5207 11.4741 22.7425 16.9221 16.4337 11.5763 10.382 9.80739 11.1476 9.58581 11.9911 12.6928 9.5353 9.20286 9.02855
threshold=0.36578350312843411 1.9418250891524351 -0.58810282644697953 2.593219488673522 0.9652358749025497 0.20691370205938739 1.1132669512946023 1.308506341232794 1.076618602823656 -0.43503507334370556 -0.17418860646293408 -0.9109402413522435 0.38174988366425283 -0.71015597708788747 1.2655051286133518 0.22176384916709704 1.0613819277844458 0.71130202559038891 1.0816417019878375 1.4779829372212656 1.4495693291702281 -0.68013976606688609 -1.483489645618328 -1.7049705869141294 1.6630209632296875 0.50496134778225188 2.0160152888604972 0.99954702019062769 -0.11789516722603734 -0.24956724947920125
decision_type=2 2 2 2 2 2 2 2 2 2 2 2 2 2 2 2 2 2 2 2 2 2 2 2 2 2 2 2 2 2
left_child=2 4 22 -3 28 6 9 8 -8 12 11 -11 13 -6 -15 21 24 18 19 -18 -20 -12 23 -1 25 -7 -27 29 -2 -4
right_child=1 3 27 -5 5 16 7 -9 -10 10 15 -13 -14 14 -16 -17 17 -19 20 -21 -22 -23 -24 -25 -26 26 -28 -29 -30 -31
leaf_value=-0.012998136442357505 -0.0027096271985263304 0.007435943383356472 -0.0018469919018942117 0.017474258449596141 -0.0058823659777383049 0.00043059522461778719 0.013295791629934684 0.0064078656051495325 0.081730594496954898 0.0037777059637691558 -0.0074172287913305424 -0.022134425286565937 0.010728500212987352 0.031290792649140559 0.00042133851930321685 0.00043230747068295235 0.025458971744551997 0.0017208842798160035 -0.017037154190277435 -0.014665128184216364 0.027606796920299534 0.033807052322663365 -0.0030419174878708304 -0.0017326666907030561 -0.0097317725523478459 0.022549558502394353 0.061285024943451089 0.0020300696842521174 0.0026525573784257554 0.00024531223736510644
leaf_weight=536 876 1357 10346 647 458 53 50 246 34 82 21 196 623 83 105 665 288 677 53 28 20 56 16110 372 27 178 24 3466 9243 10278
leaf_count=536 876 1357 10346 647 458 53 50 246 34 82 21 196 623 83 105 665 288 677 53 28 20 56 16110 372 27 178 24 3466 9243 10278
internal_value=5.16771e-13 0.00411239 -0.00160962 0.0106769 0.00317847 0.00570403 0.00368363 0.015212 0.0409956 0.0020216 -0.00196437 -0.0144913 0.00522546 -8.16521e-05 0.0140499 0.002729 0.00962944 0.00725682 0.0168913 0.0219037 -0.00480593 0.0225641 -0.00332688 -0.00838277 0.0185983 0.021598 0.0271518 -0.00039649 0.00218835 -0.000804289
internal_weight=57198 16090 41108 2004 14086 3967 2619 330 84 2289 1020 278 1269 646 188 742 1348 1066 389 316 73 77 17018 908 282 255 202 24090 10119 20624
internal_count=57198 16090 41108 2004 14086 3967 2619 330 84 2289 1020 278 1269 646 188 742 1348 1066 389 316 73 77 17018 908 282 255 202 24090 10119 20624
is_linear=0
shrinkage=0.05


Tree=44
num_leaves=31
num_cat=0
split_feature=3 1 3 0 0 0 3 5 4 4 4 6 0 5 5 5 0 5 4 5 6 1 5 1 0 1 3 6 5 4
split_gain=137.068 36.4792 29.6522 18.7172 16.2325 15.3869 13.4482 12.2509 14.3873 12.8734 24.073 10.9322 25.9035 12.6917 33.241 19.8318 13.9622 11.1644 14.8252 12.4758 18.9316 10.7095 10.6521 10.136 9.37948 8.64599 8.23606 8.13755 7.49974 8.98129
threshold=0.574537168345718 1.7537497920233844 -0.34142407898159827 -1.4280469313221158 -0.92988716136921734 -1.5143630514267346 -1.7152345853068274 1.3309652674966419 0.71130202559038891 -0.091133943663477338 0.069353250187296225 -1.0557360505944642 -0.30746073811321545 1.1065214618131212 1.2291569272765577 0.9652358749025497 -0.81508687466811336 -0.37618863167946776 -0.75600946104525135 -0.79085023738312954 1.0000000180025095e-35 -0.27930851708746446 1.4779829372212656 1.1913515579870892 -0.14685217268586051 2.1410131259481298 0.2327597114287652 -0.90990146219895396 1.386347522532285 0.34447415393147868
decision_type=2 2 2 2 2 2 2 2 2 2 2 2 2 2 2 2 2 2 2 2 2 2 2 2 2 2 2 2 2 2
left_child=2 22 6 5 -5 -3 -1 24 9 -9 -11 12 13 15 26 -4 -17 18 19 20 -13 27 -2 -21 -6 -19 -15 -20 -12 -30
right_child=1 3 11 4 7 -7 -8 8 -10 10 28 17 -14 14 -16 16 -18 25 21 23 -22 -23 -24 -25 -26 -27 -28 -29 29 -31
leaf_value=-0.0085914420021859037 0.0032032637542263238 0.0039922876888886091 -0.0062422394336651586 -0.014191742619652659 -0.0079672305716265903 0.059262188381570227 -0.0023846098348523671 0.0042375258072034306 -0.013239738808146545 0.057013149060308937 -0.0011726206455093164 -0.012091905789432835 0.0066250723117263991 -0.078881114579382405 -0.0080832026207908868 0.031236665140068721 -0.004350039900793713 0.0016564599308337147 0.0048309964734065212 -0.010780620246529125 0.0050087689748976689 0.0023604338337584389 -0.011469366950541736 0.012872585112927482 0.0088257596744867536 -0.015163072032926531 -0.035571668612892217 -0.003070274834619263 0.011066955684141799 0.032172400327306658
leaf_weight=908 11866 20 1327 73 87 34 22445 95 35 50 39 240 504 21 193 63 49 9903 376 803 497 2770 125 48 1879 77 23 2444 91 113
leaf_count=908 11866 20 1327 73 87 34 22445 95 35 50 39 240 504 21 193 63 49 9903 376 803 497 2770 125 48 1879 77 23 2444 91 113
internal_value=1.03483e-12 0.00419881 -0.00142681 0.00967245 0.00903377 0.0387919 -0.00262594 0.00974346 0.0174626 0.0202321 0.0254181 2.12768e-05 -0.00331393 -0.00630275 -0.0170241 -0.00453697 0.0156675 0.00044503 -0.00105887 -0.0053222 -0.000559972 0.000152255 0.00305031 -0.00944648 0.00808263 0.00152669 -0.0562421 -0.00201677 0.018917 0.0227577
internal_weight=57198 14507 42691 2516 2462 54 23353 2389 423 388 293 19338 2180 1676 237 1439 112 17158 7178 1588 737 5590 11991 851 1966 9980 44 2820 243 204
internal_count=57198 14507 42691 2516 2462 54 23353 2389 423 388 293 19338 2180 1676 237 1439 112 17158 7178 1588 737 5590 11991 851 1966 9980 44 2820 243 204
is_linear=0
shrinkage=0.05


Tree=45
num_leaves=31
num_cat=0
split_feature=2 2 2 2 0 4 5 9 6 4 5 4 6 5 4 9 8 8 0 5 5 7 5 5 2 4 0 6 4 2
split_gain=126.068 35.3483 27.4378 11.4842 11.2135 10.1276 9.36405 9.66004 13.7031 13.1283 10.4051 10.1542 18.3309 34.3892 15.2215 12.586 11.1101 11.02 13.6197 10.6936 8.78212 15.3061 11.1307 8.58433 8.84642 13.8394 8.57709 14.2695 8.53922 9.32319
threshold=0.54543277897317599 -0.50433632636090964 1.9418250891524351 5.2373451118821626 0.51888492231579664 -1.5125919463417536 1.4779829372212656 -0.14974278802236804 -0.90990146219895396 0.16106021810202364 -0.49995351371076774 -0.43503507334370556 1.1185040474979022 1.1904917396839851 -0.71015597708788747 0.74982112666940715 0.38174988366425283 -0.99042967103748658 -0.58445645460119244 0.9652358749025497 1.4312047935437753 -0.44313593596502393 1.1065214618131212 -1.2825390773626912 -1.3537541724162285 -0.52674204125843294 1.41398531757382 1.0000000180025095e-35 0.71130202559038891 0.8549973470426232
decision_type=2 2 2 2 2 2 2 2 2 2 2 2 2 2 2 2 2 2 2 2 2 2 2 2 2 2 2 2 2 2
left_child=1 4 6 -4 23 -6 7 8 -2 11 -10 14 17 -14 16 19 -9 18 -13 -16 22 -22 26 -1 25 -25 27 -11 29 -23
right_child=2 -3 3 -5 5 -7 -8 9 10 20 -12 12 13 -15 15 -17 -18 -19 -20 -21 21 28 -24 24 -26 -27 -28 -29 -30 -31
leaf_value=-0.0051779609934831505 -0.0097164801085327466 -3.4808436401658702e-05 0.0084216114094554494 0.020481366266261555 0.031252890333001104 0.00086754586319527465 -0.019634936622936618 -0.0018272853494829874 -0.0062324835235899141 0.0094091507983328389 0.0031968636872946547 0.01615512816630223 0.00079034374314439703 0.059385020072971077 -0.004527856729691848 0.0013105829165320655 0.0080326326110246246 -0.0072534770464254819 -0.0048786401430584983 0.026727380775895815 0.054407981907327978 0.051031592427752917 0.0034586118601363475 -0.01267144581060608 -0.0023032218189542484 0.0029780512055321878 -0.0034709821556839098 0.027205036026037611 -0.0085175115834264202 0.013328401749226993
leaf_weight=4251 228 25405 1782 222 28 1331 44 564 307 355 6222 138 88 35 32 107 579 573 174 189 27 20 683 487 12767 199 71 165 34 91
leaf_count=4251 228 25405 1782 222 28 1331 44 564 307 355 6222 138 88 35 32 107 579 573 174 189 27 20 683 487 12767 199 71 165 34 91
internal_value=2.25137e-13 -0.00125595 0.00438725 0.00975757 -0.00288335 0.00149359 0.00338388 0.00347869 0.00233272 0.00545153 0.00275349 0.00324301 -0.00062271 0.0174636 0.00589199 0.0153866 0.00316737 -0.0031364 0.00442476 0.0222017 0.00923776 0.0198427 0.00780602 -0.00321934 -0.00260043 -0.00813172 0.0128302 0.0150559 0.0134064 0.0201218
internal_weight=57198 44468 12730 2004 19063 1359 10726 10682 6757 3925 6529 2479 1008 123 1471 328 1143 885 312 221 1446 172 1274 17704 13453 686 591 520 145 111
internal_count=57198 44468 12730 2004 19063 1359 10726 10682 6757 3925 6529 2479 1008 123 1471 328 1143 885 312 221 1446 172 1274 17704 13453 686 591 520 145 111
is_linear=0
shrinkage=0.05


Tree=46
num_leaves=31
num_cat=0
split_feature=3 1 9 1 5 5 6 7 4 4 5 5 4 0 4 1 3 4 9 0 4 0 3 5 5 4 8 0 4 4
split_gain=113.836 35.6695 17.2433 15.7932 14.3566 12.8984 11.3635 10.31 19.7843 10.5753 10.7175 18.9943 19.0951 11.6649 11.3541 10.1701 9.44891 11.4968 9.00642 8.68172 8.54877 8.8445 8.3641 17.1637 17.372 16.5257 16.5484 13.6588 8.06307 7.93196
threshold=0.21109231303450274 2.8228242796172474 0.35001494236195146 0.84897375568649669 1.4312047935437753 0.9652358749025497 0.31220406105026438 1.707859523614377 1.0000000180025095e-35 -0.48088855730106883 1.2291569272765577 1.386347522532285 1.0000000180025095e-35 1.8345081719818419 0.32154741195279685 -0.78522843539893261 -1.410088842511209 -0.43503507334370556 -1.4491128870215986 2.4700175506702986 -0.45796181532238694 -1.1752500972272226 -0.99227125925208215 -0.24956724947920125 -0.84497093191591066 -1.2374710425975708 -1.7049705869141294 -0.016899023803696612 -0.77893620302393318 0.11520673414465986
decision_type=2 2 2 2 2 2 2 2 2 2 2 2 2 2 2 2 2 2 2 2 2 2 2 2 2 2 2 2 2 2
left_child=2 3 5 18 7 6 20 8 -3 -9 -11 12 13 -12 -13 -8 -4 -18 28 -5 22 -22 25 24 -24 26 -1 -25 -2 -17
right_child=1 4 16 19 -6 -7 15 9 -10 10 11 14 -14 -15 -16 29 17 -19 -20 -21 21 -23 23 27 -26 -27 -28 -29 -30 -31
leaf_value=0.021902388361736372 0.011805640866695874 -0.027652598354359004 -0.0059446248842943659 0.0044017262390221822 0.032247676445796632 0.013516885255354237 0.026637849874976208 -0.0086210095425840565 0.0087397708361607682 0.011198670225540617 0.065332104209976802 -0.01386974916926452 0.010363307762413454 0.022363367947665129 0.033355967625975612 -0.00054677948054239391 -0.00064704114390651789 -0.0035750557277077662 0.00087260182580822234 -0.013040184178554329 -0.020840495072726936 -0.00036233785293248626 -0.00091815181007171899 -0.0027458167802226745 -0.0091575355429816679 -0.0037496766058174903 0.0012431766405711642 0.0059037964631296035 0.0030198018635216833 0.0045213460315597287
leaf_weight=156 339 43 2211 7831 86 158 41 41 284 241 56 35 39 22 20 1844 5510 8562 10757 72 53 10230 983 1770 1832 646 256 615 1137 1328
leaf_count=156 339 43 2211 7831 86 158 41 41 284 241 56 35 39 22 20 1844 5510 8562 10757 72 53 10230 983 1770 1832 646 256 615 1137 1328
internal_value=-4.66508e-12 0.00292822 -0.00169917 0.00250066 0.0128584 -0.000712286 -0.000826096 0.0107233 0.00395423 0.0155988 0.0180032 0.0275374 0.0389296 0.0532127 0.00330324 0.00189488 -0.002906 -0.00242857 0.00137515 0.00424282 -0.00135463 -0.000467885 -0.00281171 -0.00363623 -0.00628034 0.00124077 0.0090656 -0.000515413 0.00503769 0.00157506
internal_weight=57198 21003 36195 20136 867 19912 19754 781 327 454 413 172 117 78 55 3213 16283 14072 12233 7903 16541 10283 6258 5200 2815 1058 412 2385 1476 3172
internal_count=57198 21003 36195 20136 867 19912 19754 781 327 454 413 172 117 78 55 3213 16283 14072 12233 7903 16541 10283 6258 5200 2815 1058 412 2385 1476 3172
is_linear=0
shrinkage=0.05


Tree=47
num_leaves=31
num_cat=0
split_feature=3 1 9 5 5 0 4 0 5 3 4 5 3 0 8 0 5 5 4 7 4 4 5 5 0 0 4 4 1 3
split_gain=103.571 28.1535 23.9956 13.9945 12.6345 11.7357 11.0357 12.6574 10.6706 9.91727 11.0304 9.55236 15.6089 20.3693 13.0421 11.0327 10.0505 10.577 8.72315 10.8218 14.3733 10.5304 10.7251 14.3065 18.6061 11.4023 9.49842 9.11105 11.9628 11.0746
threshold=0.574537168345718 2.8228242796172474 0.25006339628508761 0.9652358749025497 1.4312047935437753 -0.8695463369334262 -0.45796181532238694 0.41371162956338431 1.4779829372212656 -1.410088842511209 -0.45796181532238694 0.26649206790019442 -0.87162206663839559 -0.30746073811321545 -1.7049705869141294 -0.43325522307546688 -0.24956724947920125 -0.84497093191591066 -0.48088855730106883 1.707859523614377 1.0000000180025095e-35 0.52788808976093382 1.1904917396839851 1.386347522532285 1.8345081719818419 1.5797132453445968 0.18398696008070553 -0.228694395535568 3.1166240661100928 3.1923315992737717
decision_type=2 2 2 2 2 2 2 2 2 2 2 2 2 2 2 2 2 2 2 2 2 2 2 2 2 2 2 2 2 2
left_child=2 8 3 6 18 -5 7 11 -2 -4 -11 12 13 -1 15 -14 17 -16 -3 20 -20 22 27 24 25 -24 -25 28 -21 -29
right_child=1 4 9 5 -6 -7 -8 -9 -10 10 -12 -13 14 -15 16 -17 -18 -19 19 21 -22 -23 23 26 -26 -27 -28 29 -30 -31
leaf_value=0.0068748327167336689 0.003243123347738837 -0.0097673916299827399 -0.0056799579452880113 0.032914001509081574 0.030635292582303731 0.0061552614866989758 0.00052904905542896152 0.001160847094548123 -0.010487246901546671 -0.00049076125534536533 -0.0031542498298054141 0.00027345173414358579 0.0064209783494006845 -0.0065171935537307385 -0.001557939559667103 -0.019063183862376622 -0.00048907075292237286 -0.0090731354878992032 -0.027024038726631262 -0.036185279637575153 0.0084022375998114626 -0.0087336834649451908 0.040466167896374833 -0.012936986523584047 0.016515711910712223 0.083282678586471343 0.031852876590564849 0.025285616873796764 0.010797888319939376 -0.012805863356460695
leaf_weight=639 13511 50 2263 50 86 227 14610 2706 143 6236 10320 1698 50 511 687 282 942 1470 32 20 272 36 48 29 60 23 20 112 42 23
leaf_count=639 13511 50 2263 50 86 227 14610 2706 143 6236 10320 1698 50 511 687 282 942 1470 32 20 272 36 48 29 60 23 20 112 42 23
internal_value=-1.97978e-13 0.00364987 -0.00124028 -0.000187778 0.0124624 0.0109854 -0.000318948 -0.00169783 0.00309932 -0.00257538 -0.00215102 -0.0029298 -0.00411713 0.000924115 -0.00580685 -0.0152252 -0.00479784 -0.00667956 0.0104248 0.0118329 0.00467316 0.017103 0.0195702 0.0283928 0.0370139 0.0543363 0.00534459 0.0115089 -0.00435797 0.018796
internal_weight=57198 14507 42691 23872 853 277 23595 8985 13654 18819 16556 6279 4581 1150 3431 332 3099 2157 767 717 304 413 377 180 131 71 49 197 62 135
internal_count=57198 14507 42691 23872 853 277 23595 8985 13654 18819 16556 6279 4581 1150 3431 332 3099 2157 767 717 304 413 377 180 131 71 49 197 62 135
is_linear=0
shrinkage=0.05


Tree=48
num_leaves=31
num_cat=0
split_feature=2 5 9 2 1 4 4 5 0 0 5 8 6 3 6 9 2 4 4 4 1 6 5 6 2 3 3 4 0 3
split_gain=97.2221 30.3583 22.143 19.4942 13.5393 22.3173 11.4976 19.3247 14.9446 10.7459 10.3585 10.1563 10.0566 12.9587 10.1196 15.6864 10.7271 9.90411 9.60945 20.4421 12.6798 9.52444 11.4619 9.19473 8.93948 8.87959 9.98101 17.2737 9.64174 9.19674
threshold=0.2887373728673252 0.91441636237843227 0.25006339628508761 2.6531584754121167 3.1166240661100928 0.069353250187296225 0.43618112184620622 1.1065214618131212 -1.8958058946997134 1.6887697751547579 1.4779829372212656 1.0184757865176055 1.1185040474979022 1.5048606475528781 0.31220406105026438 1.0496757648999988 -0.49442494890717487 -0.61844900917316037 -0.18284091157820473 -0.71015597708788747 -0.084359733480100021 -1.0000000180025095e-35 0.39311345010046078 -1.0557360505944642 -1.1375814084860376 0.76756459146914346 1.7826364642023698 -0.04528045970611317 -0.076729895149008923 2.1013061194939193
decision_type=2 2 2 2 2 2 2 2 2 2 2 2 2 2 2 2 2 2 2 2 2 2 2 2 2 2 2 2 2 2
left_child=2 21 17 4 6 -6 10 9 -9 11 23 -8 14 -14 -4 16 -16 24 19 -15 -21 -2 -23 -3 -1 -5 27 -27 -29 -28
right_child=1 3 12 25 5 -7 7 8 -10 -11 -12 -13 13 18 15 -17 -18 -19 -20 20 -22 22 -24 -25 -26 26 29 28 -30 -31
leaf_value=-0.0089123636176697465 -0.0010431934702980628 -0.011727865214454895 -0.0026563158521503254 -0.019475208772346379 0.056012079229249681 0.0054589554494758304 0.02054033872365435 0.037916224305668184 0.0026118309830306173 -0.010259271800321969 -0.022592967299696728 0.0028003079406734533 -0.00063406847926231072 -0.007295748375589029 -0.0079783417444649028 -0.0015800168192673073 -0.020226337003097648 0.00055154775406393716 -0.0048046203236481238 0.020995825031423013 0.076003638925877484 0.0010183382487362249 0.0047448032170796066 0.0037141910677643492 -0.0013341551310780413 0.0082105091591883044 -0.0049813315172130912 0.077908195862546561 0.030902188539039345 0.014204499968448012
leaf_weight=415 2701 99 14030 20 34 61 436 31 907 38 39 99 3171 25 815 872 229 13437 32 20 22 5810 3200 3668 6248 45 70 20 24 580
leaf_count=415 2701 99 14030 20 34 61 436 31 907 38 39 99 3171 25 815 872 229 13437 32 20 22 5810 3200 3668 6248 45 70 20 24 580
internal_value=-1.18636e-12 0.0030566 -0.00139023 0.00589465 0.00484223 0.0235517 0.00450795 0.00819808 0.00377861 0.0154328 0.00304295 0.0172576 -0.00260381 -7.79132e-05 -0.00312179 -0.00653025 -0.0106649 -0.000230014 0.0177359 0.0285015 0.0498094 0.00156112 0.00234183 0.00330836 -0.00180616 0.0133988 0.0142885 0.029992 0.0522686 0.0121383
internal_weight=57198 17882 39316 6171 5412 95 5317 1511 938 573 3806 535 19216 3270 15946 1916 1044 20100 99 67 42 11711 9010 3767 6663 759 739 89 44 650
internal_count=57198 17882 39316 6171 5412 95 5317 1511 938 573 3806 535 19216 3270 15946 1916 1044 20100 99 67 42 11711 9010 3767 6663 759 739 89 44 650
is_linear=0
shrinkage=0.05


Tree=49
num_leaves=31
num_cat=0
split_feature=2 2 9 0 6 0 9 7 4 3 3 0 11 0 4 6 3 0 5 4 3 0 3 4 3 2 4 3 4 8
split_gain=88.0889 27.6427 16.6192 13.2062 27.9146 11.4175 11.2126 11.1512 10.8094 10.6347 9.52426 11.7039 11.0318 9.43801 8.84022 10.218 10.9581 9.78519 7.97131 7.92796 8.21669 7.46518 7.37906 8.93555 10.1376 8.75571 7.72364 6.90503 14.6392 15.1229
threshold=0.20580396075932353 1.6683274454597727 0.35001494236195146 -1.4280469313221158 0.046773696581961052 -0.58445645460119244 1.0000000180025095e-35 0.50726550913191959 0.023499766229932856 -0.087719774303818512 0.30143366214216277 0.018766739333797907 1.4457311165250033 -1.1752500972272226 -0.61844900917316037 1.7136308150948316 -0.5452421715846808 -0.8536411221757757 1.4779829372212656 -0.20576765355688617 3.1923315992737717 2.1320600998353485 -1.2895490854336087 -0.43503507334370556 1.6241332329595262 -1.735530779072912 0.43618112184620622 -0.99227125925208215 -1.2374710425975708 -1.7049705869141294
decision_type=2 2 2 2 2 2 2 2 2 2 2 2 2 2 2 2 2 2 2 2 2 2 2 2 2 2 2 2 2 2
left_child=2 3 13 4 7 -3 -7 -2 -6 -5 -8 -12 21 -1 15 17 -17 -15 -11 -14 -21 -13 25 24 -24 -4 -25 28 29 -19
right_child=1 5 22 9 8 6 10 -9 -10 18 11 12 19 14 -16 16 -18 27 -20 20 -22 -23 23 26 -26 -27 -28 -29 -30 -31
leaf_value=-0.020929354119912855 0.0084623773385807104 -0.0027107872865709589 -0.013670263415029485 -0.0018128398044270474 0.0096857747861317234 0.0043238455228316233 -0.016487251955174632 -0.016219908057026704 0.052695354856647704 0.0022120727502740211 0.019140008482921484 0.0098828851832320277 -0.022644240543419542 0.015030077416564765 0.00038097266258846552 0.022010016760655813 -0.00064863153073851877 0.020991458376119664 -0.018197225561986368 -0.0097951103586616916 0.023973968739230786 0.03480308752867483 -0.00058723587198864684 -0.0046433033416188683 0.026413661379899298 -0.0039662877142942572 -0.0017454109687495842 -0.0031941329642257393 -0.0035947108089291074 0.0011625461516132419
leaf_weight=56 335 264 253 1920 21 1093 31 53 48 14577 377 983 43 81 13016 91 129 154 48 43 31 31 5137 4038 35 2862 5340 5239 613 256
leaf_count=56 335 264 253 1920 21 1093 31 53 48 14577 377 983 43 81 13016 91 129 154 48 43 31 31 5137 4038 35 2862 5340 5239 613 256
internal_value=-2.88522e-13 0.00268652 -0.00143315 0.00191738 0.010302 0.00720203 0.00819632 0.00509083 0.0396055 0.00168578 0.0109466 0.0115105 0.00896735 -0.000432083 -0.000373457 -0.00186967 0.00872381 -0.00223709 0.00214509 -0.00557008 0.0043514 0.0106447 -0.00254585 -0.00207301 -0.000404515 -0.00475444 -0.00299319 -0.00246045 0.00129691 0.00861048
internal_weight=57198 19898 37300 17002 457 2896 2632 388 69 16545 1539 1508 1131 19635 19579 6563 220 6343 14625 117 74 1014 17665 14550 5172 3115 9378 6262 1023 410
internal_count=57198 19898 37300 17002 457 2896 2632 388 69 16545 1539 1508 1131 19635 19579 6563 220 6343 14625 117 74 1014 17665 14550 5172 3115 9378 6262 1023 410
is_linear=0
shrinkage=0.05


Tree=50
num_leaves=31
num_cat=0
split_feature=2 2 9 2 1 4 0 4 6 4 4 8 4 8 1 4 8 1 0 0 1 9 12 6 3 4 3 4 1 9
split_gain=79.5305 26.2722 17.1407 15.0144 11.8436 17.7297 10.2207 10.3381 9.14991 8.95878 12.6441 16.7958 15.2455 12.8641 12.614 11.5994 18.3622 11.4313 19.1288 11.0579 10.6791 9.82225 8.90949 8.60862 8.24988 7.90426 11.6626 7.69779 7.69627 7.57871
threshold=0.69239275780205234 -0.34671966749318023 1.0000000180025095e-35 2.6531584754121167 3.1166240661100928 0.069353250187296225 0.53165644211467633 -1.5125919463417536 -0.90990146219895396 0.22984044403806927 -0.41210833136502373 1.0000000180025095e-35 -0.71015597708788747 0.38174988366425283 1.8186907630078453 -0.20576765355688617 1.0184757865176055 1.308506341232794 1.1132669512946023 1.2079298665622893 1.8186907630078453 0.54991803451567944 -1.0477032008262543 0.31220406105026438 0.76756459146914346 -0.41210833136502373 1.3166402403684843 -0.25162113751425025 2.1410131259481298 0.35001494236195146
decision_type=2 2 2 2 2 2 2 2 2 2 2 2 2 2 2 2 2 2 2 2 2 2 2 2 2 2 2 2 2 2
left_child=1 6 8 4 9 -6 -1 -8 -2 10 12 17 13 -4 -14 16 28 18 -12 -17 -19 -18 -9 -7 -5 -26 -27 -28 29 -13
right_child=2 -3 3 24 5 23 7 22 -10 -11 11 15 14 -15 -16 19 21 20 -20 -21 -22 -23 -24 -25 25 26 27 -29 -30 -31
leaf_value=-0.0024100678128398112 -0.0070284677051491683 0.00028792243494721331 -0.0033328566092533408 -0.018513140338473021 0.057011416775208934 0.0262690214857716 0.029106212311396096 -0.0051242138182870751 0.0026361683520579643 0.0079731793522241096 0.0078976542659266718 -0.012993452886238377 0.012098635036759457 0.0082654862028332249 0.045621673834900706 -0.0064613096569142913 0.031050768973571913 -0.011728781209539567 0.053335257047028455 0.024510012893006208 0.0069029331441339244 -0.017909375736489892 0.0027983044030500917 -0.013352625495575083 0.0017699767827962039 0.049869804942980413 0.039968974297416623 0.013473411749777925 -0.058047699993071349 -0.047066814556717879
leaf_weight=21162 255 23353 454 20 27 29 33 468 6182 1264 163 47 296 505 31 290 21 136 27 32 177 20 1468 26 109 25 29 501 23 25
leaf_count=21162 255 23353 454 20 27 29 33 468 6182 1264 163 47 296 505 31 290 21 136 27 32 177 20 1468 26 109 25 29 501 23 25
internal_value=-7.08795e-14 -0.000895098 0.00388349 0.00633696 0.00504439 0.0238286 -0.00208947 0.00135616 0.00225331 0.00460568 0.00271137 -0.00162744 0.00595367 0.00277472 0.0152767 -0.00855467 -0.0207984 0.00468007 0.0143546 -0.00338341 -0.00119264 0.00716777 0.00088315 0.00753879 0.0131267 0.0140797 0.0164973 0.0149232 -0.032868 -0.0248245
internal_weight=57198 46484 10714 4277 3593 82 23131 1969 6437 3511 2247 961 1286 959 327 458 136 503 190 322 313 41 1936 55 684 664 555 530 95 72
internal_count=57198 46484 10714 4277 3593 82 23131 1969 6437 3511 2247 961 1286 959 327 458 136 503 190 322 313 41 1936 55 684 664 555 530 95 72
is_linear=0
shrinkage=0.05


Tree=51
num_leaves=31
num_cat=0
split_feature=2 2 9 5 2 4 12 0 5 0 6 1 4 5 3 2 4 2 3 4 5 0 5 1 8 1 4 8 4 3
split_gain=72.7445 23.4341 14.2819 9.12176 8.81638 8.37287 9.97724 9.20867 7.86201 16.1608 7.53172 9.76711 7.48792 14.7733 7.00432 8.12104 6.96055 8.40025 6.79962 6.66132 6.59498 7.41878 7.21404 6.50559 6.2309 13.7865 6.01132 15.6047 7.33323 10.3072
threshold=0.18614411759178293 1.3805442181215346 0.25006339628508761 -0.43848646996953172 5.2373451118821626 1.3991042849508457 -0.69978104715131473 -0.46560339495487107 -0.18547950913925723 -0.046811405019422853 0.31220406105026438 -0.7678457824520506 -0.66430249313052359 -0.73523310476190373 -1.5103905497264167 -1.735530779072912 -0.45796181532238694 -0.56814445375274925 1.6241332329595262 -0.98527688083207032 1.4312047935437753 0.70034578611526144 1.4101165497556909 1.1654871448255828 1.0184757865176055 0.25852679174570675 -1.3750314944696622 -1.7049705869141294 -0.48088855730106883 -0.87162206663839559
decision_type=2 2 2 2 2 2 2 2 2 2 2 2 2 2 2 2 2 2 2 2 2 2 2 2 2 2 2 2 2 2
left_child=2 3 5 12 -3 8 7 -7 10 19 26 -12 13 -2 15 -4 17 -16 -19 -10 21 22 -6 -15 -18 -26 27 -1 29 -28
right_child=1 4 14 -5 20 6 -8 -9 9 -11 11 -13 -14 23 16 -17 24 18 -20 -21 -22 -23 -24 -25 25 -27 28 -29 -30 -31
leaf_value=0.02031422768054264 0.0014546956360826026 0.005173267977166246 -0.01449135006612132 0.0020534481620363676 -0.028698065013370733 0.029013059119461105 0.0010391986034173491 0.0069488203520832988 -0.0040463605003334836 0.0044266552028706411 0.028274051416100877 0.00085006868880353715 0.00093971916781144583 -0.012341798004219492 -0.001994848833898714 -0.0040514912651581384 -0.0033551556292081165 0.0015633133349172161 0.025537724172075588 0.00050883077571343375 0.026043704521461306 0.016512779241611996 0.012272565009161122 0.0089292817104321253 -0.0010445418159327079 0.023448868451829433 0.00043167262511736989 -0.001052387922983324 -0.0013651179016723959 -0.0063816657523862634
leaf_weight=105 506 4012 214 13498 22 56 1387 304 1293 2018 33 2011 1610 459 3977 1438 8692 2089 30 2116 88 91 21 39 2188 59 766 459 5601 2016
leaf_count=105 506 4012 214 13498 22 56 1387 304 1293 2018 33 2011 1610 459 3977 1438 8692 2089 30 2116 88 91 21 39 2188 59 766 459 5601 2016
internal_value=-2.19989e-13 0.00239978 -0.00132492 0.0015299 0.00570997 -0.000326565 0.00296425 0.010381 -0.000676732 0.000880363 -0.00144558 0.00129282 -0.00117353 -0.00456232 -0.00229538 -0.00540387 -0.00199393 -0.00064003 0.00190273 -0.00121891 0.0154093 0.00842559 -0.00868915 -0.010676 -0.00274842 -0.000401413 -0.00207118 0.00292544 -0.00240735 -0.00450567
internal_weight=57198 20346 36852 16112 4234 18165 1747 360 16418 5427 10991 2044 2614 1004 18687 1652 17035 6096 2119 3409 222 134 43 498 10939 2247 8947 564 8383 2782
internal_count=57198 20346 36852 16112 4234 18165 1747 360 16418 5427 10991 2044 2614 1004 18687 1652 17035 6096 2119 3409 222 134 43 498 10939 2247 8947 564 8383 2782
is_linear=0
shrinkage=0.05


Tree=52
num_leaves=31
num_cat=0
split_feature=2 5 2 2 0 5 1 4 4 5 4 8 6 4 4 1 1 6 8 7 4 5 0 2 0 0 3 4 2 0
split_gain=65.863 19.1875 15.4548 13.6776 12.3111 20.6308 27.845 58.2174 17.5836 12.7118 12.9354 10.654 10.3525 9.82228 15.3497 16.8088 15.6129 10.5067 9.66112 16.3327 11.358 9.47156 9.02434 8.9475 8.6419 11.5372 10.2992 8.51697 8.24628 8.18114
threshold=0.36578350312843411 0.91441636237843227 -0.79184418998341621 2.9313461519999118 1.1132669512946023 1.1904917396839851 1.3415415231567218 -0.36625484740765951 0.20691370205938739 1.1065214618131212 0.71130202559038891 0.74730582097220966 1.0000000180025095e-35 -0.41210833136502373 -0.068207201684795479 0.12197937742154978 -0.68013976606688609 1.0000000180025095e-35 0.38174988366425283 1.0000000180025095e-35 -0.71015597708788747 1.0142561076130823 2.0936190745863663 0.93430021529322205 1.7151309929072172 1.768166426889292 1.2371415468037494 -0.41210833136502373 1.7679341100244936 0.99954702019062769
decision_type=2 2 2 2 2 2 2 2 2 2 2 2 2 2 2 2 2 2 2 2 2 2 2 2 2 2 2 2 2 2
left_child=2 -2 -1 4 8 22 7 -7 13 12 11 -11 -10 18 17 16 -16 -15 19 -3 -21 -19 24 -14 26 -26 -6 -5 -28 -4
right_child=1 3 29 27 5 6 -8 -9 9 10 -12 -13 23 14 15 -17 -18 21 -20 20 -22 -23 -24 -25 25 -27 28 -29 -30 -31
leaf_value=-0.0025683934141518764 0.0014027069481723645 -0.0085491196882552627 -0.00075161737011974962 -0.00085985665647589642 0.035042499095715322 0.015760679401048437 0.012382234337027828 0.11813493456159319 0.0082845718486749646 0.01728893340509385 -0.00089883803313206979 0.0023945571686135145 0.054150659348815681 -0.0033119291926379359 0.0041097129179917752 -0.00051576821706028749 0.047210095783597548 0.001378368728910573 0.0071821420283388242 -0.00070471813707782122 0.01588280664028114 -0.023075815913244993 0.028632582077342608 0.01890832153071768 -0.027299486758187413 0.0031735380696950527 -0.0014423486530332169 0.015134883424634879 0.013494144713449469 0.0018036637149207912
leaf_weight=12034 10216 356 25503 101 29 41 214 21 365 250 593 231 20 357 47 549 38 52 798 258 172 166 36 181 50 82 246 473 148 3571
leaf_count=12034 10216 356 25503 101 29 41 214 21 365 250 593 231 20 357 47 549 38 52 798 258 172 166 36 181 50 82 246 473 148 3571
internal_value=-3.29229e-12 0.00271197 -0.00106149 0.00498904 0.00419503 0.00964406 0.0209305 0.0504358 0.00312932 0.00723881 0.00404317 0.0101359 0.0133026 0.000716292 -0.00267766 0.00268767 0.0233781 -0.00859351 0.00330675 -0.000627813 0.00593029 -0.0172427 0.00437323 0.022415 0.00279965 -0.00836927 0.00628498 0.0123205 0.00416831 -0.000437766
internal_weight=57198 16090 41108 5874 5300 867 276 62 4433 1640 1074 481 566 2793 1209 634 85 575 1584 786 430 218 591 201 555 132 423 574 394 29074
internal_count=57198 16090 41108 5874 5300 867 276 62 4433 1640 1074 481 566 2793 1209 634 85 575 1584 786 430 218 591 201 555 132 423 574 394 29074
is_linear=0
shrinkage=0.05


Tree=53
num_leaves=31
num_cat=0
split_feature=2 2 9 0 6 0 4 7 5 6 9 0 11 4 4 4 2 5 0 4 1 0 4 4 7 5 4 4 0 5
split_gain=59.6838 19.1782 12.3144 11.3735 23.7574 10.2042 9.95181 9.74448 9.7408 8.47124 8.2649 7.8784 9.34974 8.53674 12.0301 9.01151 7.53858 7.52197 9.01087 8.79384 8.33977 6.87655 8.31958 6.68276 9.18227 9.65794 6.63963 7.08071 6.61268 6.36332
threshold=0.18614411759178293 1.6683274454597727 0.25006339628508761 -1.4280469313221158 0.046773696581961052 -0.58445645460119244 0.023499766229932856 0.50726550913191959 -0.49995351371076774 0.31220406105026438 1.0000000180025095e-35 0.018766739333797907 1.4457311165250033 -0.068207201684795479 1.0000000180025095e-35 -0.38918158938634145 -1.1375814084860376 1.4312047935437753 -0.1896118271736506 0.22984044403806927 3.6057252039299117 0.41371162956338431 -1.3521047524909802 1.3991042849508457 -0.74807555454224595 -0.89749154395743946 -0.20576765355688617 0.52788808976093382 -0.35234543108220923 -0.18547950913925723
decision_type=2 2 2 2 2 2 2 2 2 2 2 2 2 2 2 2 2 2 2 2 2 2 2 2 2 2 2 2 2 2
left_child=2 3 16 4 7 -3 -6 -2 21 -10 -7 13 -13 15 -15 -12 28 20 -19 -20 -16 22 -5 29 25 -25 -14 -28 -1 -18
right_child=1 5 -4 8 6 10 -8 -9 9 -11 11 12 26 14 17 -17 23 18 19 -21 -22 -23 -24 24 -26 -27 27 -29 -30 -31
leaf_value=0.0015815683378408525 0.0077046180981447665 -0.0034294238161871335 -0.0021012416740906407 -0.014285664057056195 0.007653947174549103 0.0035571435531486281 0.048922121146460995 -0.015183219848862523 0.00082498755562364844 0.0032704920792423426 0.013840386442279851 0.0086753600128029445 -0.021864858603234904 0.056132406634943822 0.016823051148876132 -0.017714189575718985 -0.0011266387181716165 0.010131035130470992 0.06776846050284803 0.026206916357789725 -0.0087113875346230569 0.00012066660217772626 -0.0023065423927886952 0.035383038552744051 0.0011569273483205452 0.0074966261460530483 0.023854996292636946 -0.0085429023922188214 -0.010071663281220089 0.00099550518712907075
leaf_weight=185 335 264 18687 206 21 1093 48 54 8815 5919 64 1031 43 21 134 35 10572 40 20 35 42 1563 489 35 1437 275 26 48 356 5305
leaf_count=185 335 264 18687 206 21 1093 48 54 8815 5919 64 1031 43 21 134 35 10572 40 20 35 42 1563 489 35 1437 275 26 48 356 5305
internal_value=-1.24436e-12 0.0021737 -0.0012001 0.00154833 0.00932347 0.00594189 0.0363622 0.00452739 0.00133876 0.00180741 0.00688186 0.00924309 0.00715529 0.015373 0.0196748 0.00268473 -0.000273059 0.0168497 0.0281879 0.0413202 0.0107296 -0.00171928 -0.00585719 -9.45975e-05 0.00284057 0.0106451 -0.00623947 0.00284014 -0.00608673 -0.000417564
internal_weight=57198 20346 36852 17450 458 2896 69 389 16992 14734 2632 1539 1148 391 292 99 18165 271 95 55 176 2258 695 17624 1747 310 117 74 541 15877
internal_count=57198 20346 36852 17450 458 2896 69 389 16992 14734 2632 1539 1148 391 292 99 18165 271 95 55 176 2258 695 17624 1747 310 117 74 541 15877
is_linear=0
shrinkage=0.05


Tree=54
num_leaves=31
num_cat=0
split_feature=3 2 2 1 0 5 9 0 11 5 0 7 0 1 4 4 3 5 5 6 5 3 5 5 0 5 4 4 4 12
split_gain=55.0488 19.6463 11.0308 9.98768 9.33062 8.6095 8.5246 9.04566 8.6865 7.39153 7.38364 6.59665 6.39392 6.25749 6.082 5.99227 6.73097 5.89925 8.24345 10.4035 8.75729 24.4579 18.6751 8.65564 7.70684 17.4538 23.8349 6.96798 6.61088 5.7955
threshold=0.21109231303450274 1.6683274454597727 -0.94545405545899197 3.1166240661100928 -0.58445645460119244 1.4779829372212656 1.0000000180025095e-35 0.018766739333797907 1.4457311165250033 -0.24956724947920125 0.95952884409895844 1.707859523614377 -0.8536411221757757 -0.79315474346610004 -0.45796181532238694 -0.20576765355688617 3.1923315992737717 -0.37618863167946776 1.4779829372212656 -1.0557360505944642 1.1495863065883827 0.019279446282800355 1.2291569272765577 0.9652358749025497 -1.3768667146945477 1.4101165497556909 -0.068207201684795479 -1.214544300618889 -0.29747462147161352 -0.69978104715131473
decision_type=2 2 2 2 2 2 2 2 2 2 2 2 2 2 2 2 2 2 2 2 2 2 2 2 2 2 2 2 2 2
left_child=2 3 11 5 -3 9 -6 -8 -9 12 17 -1 -2 -12 -14 -10 -17 -4 19 20 23 28 -23 -19 25 26 -21 -25 -22 -11
right_child=1 4 10 -5 6 -7 7 8 15 29 13 -13 14 -15 -16 16 -18 18 -20 24 21 22 -24 27 -26 -27 -28 -29 -30 -31
leaf_value=-0.0030335930242995661 -0.010833996092088103 -0.0033130889452210733 -0.001711595681897803 0.027381243697694832 0.0034081029501281594 -0.0071838838832169313 0.015896830926643131 0.008458684443373915 -0.020771615625207508 0.0034498178856747184 0.018593121885392323 0.015960592151943433 -0.0040757809454369329 0.0012644212860589681 0.0010959670190723314 -0.010105684347624003 0.020458272982749246 -0.0020399907530061537 -0.0028481931051420445 0.010308972919648071 0.0010735881549284272 -0.079904818348586565 -0.016645029845780559 -0.0081272695886178154 0.00082497847767574258 0.0028647726359517806 0.061607522277101395 0.021833476275745511 -0.014183815345332952 0.0013124866370483653
leaf_weight=7280 147 251 14029 37 1089 289 379 1017 43 4661 53 46 751 3056 2339 43 31 1639 2339 84 191 20 28 27 6593 597 31 69 113 9926
leaf_count=7280 147 251 14029 37 1089 289 379 1017 43 4661 53 46 751 3056 2339 43 31 1639 2339 84 191 20 28 27 6593 597 31 69 113 9926
internal_value=-2.5543e-12 0.00203628 -0.0011816 0.00142999 0.00589334 0.00137698 0.00678143 0.00920943 0.0069744 0.00151578 -0.000741889 -0.00291433 -0.000645673 0.00155983 -0.000160985 -0.0059275 0.00269814 -0.00101969 -0.000192237 0.000469207 -0.00264415 -0.00983487 -0.0430033 -0.00118529 0.00135868 0.00630064 0.0241373 0.013407 -0.00459775 0.00199543
internal_weight=57198 21003 36195 18150 2853 18113 2602 1513 1134 17824 28869 7326 3237 3109 3090 117 74 25760 11731 9392 2087 352 48 1735 7305 712 115 96 304 14587
internal_count=57198 21003 36195 18150 2853 18113 2602 1513 1134 17824 28869 7326 3237 3109 3090 117 74 25760 11731 9392 2087 352 48 1735 7305 712 115 96 304 14587
is_linear=0
shrinkage=0.05


Tree=55
num_leaves=31
num_cat=0
split_feature=3 2 2 3 0 8 4 5 0 0 12 12 4 1 5 4 0 1 2 8 1 7 0 0 6 1 1 2 4 2
split_gain=49.7457 14.6992 13.1018 9.86021 8.87282 12.3168 16.9121 10.9175 10.2652 20.7844 9.36252 7.51152 9.89147 7.05359 16.4132 16.938 6.63544 6.45412 6.4424 6.57644 7.16665 10.6647 6.92017 6.294 20.2035 6.17531 7.64212 8.93735 6.15064 5.84524
threshold=0.574537168345718 2.9313461519999118 -0.53792299483014017 1.3166402403684843 -0.44379649577730129 -0.99042967103748658 0.39032763788884245 0.9652358749025497 -1.4280469313221158 -1.4824056373715422 -1.0477032008262543 -0.35185889347637506 -0.41210833136502373 3.1166240661100928 1.0142561076130823 0.069353250187296225 2.4700175506702986 1.3758557643562199 0.87261910260975706 1.0816417019878375 0.48839224841713419 -0.74807555454224595 0.30827873209710005 1.6437776611856465 1.7136308150948316 2.1410131259481298 0.83216619500803923 1.3805442181215346 0.55081483173961565 3.621925625133366
decision_type=2 2 2 2 2 2 2 2 2 2 2 2 2 2 2 2 2 2 2 2 2 2 2 2 2 2 2 2 2 2
left_child=2 4 -1 -3 5 8 17 -8 9 -2 -9 12 -5 16 -15 -16 18 -7 -6 20 21 -20 -21 28 29 26 27 -4 -14 -25
right_child=1 3 25 11 13 6 7 10 -10 -11 -12 -13 23 14 15 -17 -18 -19 19 22 -22 -23 -24 24 -26 -27 -28 -29 -30 -31
leaf_value=-0.0018961680203461136 0.0066573140333114518 0.041334384609945124 -0.00036174122007792019 -0.0024635807141962958 0.0015771632035852087 -0.0068178233537406086 -0.015047350358487905 0.014173284562833214 -1.0709179986885492e-05 0.049398585527457975 -0.0014041494050250443 -0.0091480430174636206 0.019974294190677547 -0.0046050307130146972 0.049816887426422908 0.011090709019238906 -0.0074679493567645101 -0.01916791645353302 0.040907189400205692 0.0020402922809923184 0.0041248598940505019 0.0087813347161770049 -0.011291549863517845 0.032492716106232902 -0.040181801308478628 -0.01484424285197132 0.0033796542922691964 0.015169284252921793 -0.005448615450698596 0.0068778841676855043
leaf_weight=17784 206 24 23241 119 6276 568 69 197 507 33 189 54 280 95 40 96 164 130 31 363 4606 155 133 29 21 71 1502 93 26 96
leaf_count=17784 206 24 23241 119 6276 568 69 197 507 33 189 54 280 95 40 96 164 130 31 363 4606 155 133 29 21 71 1502 93 26 96
internal_value=1.27762e-12 0.00252951 -0.000859564 0.00988405 0.00218508 -0.000989856 -0.00422885 0.0032714 0.00401626 0.0125588 0.00654599 0.00867636 0.010362 0.00268924 0.0113416 0.0224808 0.00251882 -0.00911798 0.00266045 0.00394614 0.00451343 0.0141356 -0.00153458 0.0137387 0.0051969 -0.000119412 -7.73169e-05 -0.000299841 0.0178142 0.0128205
internal_weight=57198 14507 42691 649 13858 1899 1153 455 746 239 386 625 571 11959 231 136 11728 698 11564 5288 4792 186 496 452 146 24907 24836 23334 306 125
internal_count=57198 14507 42691 649 13858 1899 1153 455 746 239 386 625 571 11959 231 136 11728 698 11564 5288 4792 186 496 452 146 24907 24836 23334 306 125
is_linear=0
shrinkage=0.05


Tree=56
num_leaves=31
num_cat=0
split_feature=3 2 2 1 0 5 9 0 11 8 0 0 9 5 4 0 4 4 2 3 4 6 0 0 5 6 4 3 0 6
split_gain=45.2968 16.2633 9.6403 8.47219 7.88084 7.47005 7.0687 7.64116 7.99203 6.9353 7.16716 6.61661 6.5073 6.62173 7.70381 14.2332 30.1592 20.9834 18.7073 30.3163 13.4977 12.6465 8.00132 7.02141 7.00849 8.17681 11.7889 9.77143 9.85989 8.55497
threshold=0.21109231303450274 1.6683274454597727 -1.0160126146231347 3.1166240661100928 -0.58445645460119244 1.4779829372212656 1.0000000180025095e-35 0.018766739333797907 1.4457311165250033 -1.7049705869141294 -0.3182857931483965 0.95952884409895844 -1.5490644330984626 0.5168783321317606 -0.022353717727431312 0.72882117718410278 -1.0540571067681157 -0.13698742762084057 0.39364866936367976 1.4724410070425007 -0.43503507334370556 0.31220406105026438 1.2711646930971334 1.1767010273330964 0.9652358749025497 1.0000000180025095e-35 -0.13698742762084057 1.374370791781051 -0.46560339495487107 -1.0557360505944642
decision_type=2 2 2 2 2 2 2 2 2 2 2 2 2 2 2 2 2 2 2 2 2 2 2 2 2 2 2 2 2 2
left_child=2 3 9 5 -3 12 -6 -8 -9 10 -1 -4 -2 -14 15 20 -17 18 19 -18 -15 24 23 -20 -22 27 -27 28 29 -26
right_child=1 4 11 -5 6 -7 7 8 -10 -11 -12 -13 13 14 -16 16 17 -19 22 -21 21 -23 -24 -25 25 26 -28 -29 -30 -31
leaf_value=-0.0041372800873031284 0.0054090848681867297 -0.0031045801939928127 -0.00098465817347313345 0.02519693551836787 0.0031008252016268886 -0.0067275822142487118 0.014529922977013091 0.0077530906900069602 -0.0060460366475849582 -0.0019701194825360998 -0.012703364541757424 0.0014385535111648409 0.00010279602850043115 0.0016872847956406986 0.0038632311503495179 -0.0034073369369621376 0.018244591765105726 -0.0079928772926161247 0.01826663011479901 0.093638875782489778 0.00089372944010714095 -0.029754104634172263 0.008359322678173027 0.048932042522799403 -0.030327566691129557 -0.020968991363373459 0.0020811981100439568 0.013435731140466837 0.000906161840244675 -0.0079401709780960294
leaf_weight=1052 947 251 27933 37 1089 289 379 1017 117 3759 318 3133 7971 2641 3621 491 40 99 168 20 577 47 280 21 53 176 81 78 294 219
leaf_count=1052 947 251 27933 37 1089 289 379 1017 117 3759 318 3133 7971 2641 3621 491 40 99 168 20 577 47 280 21 53 176 81 78 294 219
internal_value=2.16742e-12 0.00184713 -0.00107184 0.0012955 0.00535643 0.00124668 0.00617262 0.00838357 0.00632937 -0.00308009 -0.00612561 -0.000740278 0.00137597 0.00114967 0.00208663 0.000869399 0.005876 0.0131341 0.017088 0.043376 -0.000475388 -0.00422071 0.0137249 0.0216739 -0.00340876 -0.00616407 -0.0137041 -0.00315506 -0.00544143 -0.0123024
internal_weight=57198 21003 36195 18150 2853 18113 2602 1513 1134 5129 1370 31066 17824 16877 8906 5285 1119 628 529 60 4166 1525 469 189 1478 901 257 644 566 272
internal_count=57198 21003 36195 18150 2853 18113 2602 1513 1134 5129 1370 31066 17824 16877 8906 5285 1119 628 529 60 4166 1525 469 189 1478 901 257 644 566 272
is_linear=0
shrinkage=0.05


Tree=57
num_leaves=31
num_cat=0
split_feature=3 2 3 1 0 2 5 0 9 0 11 5 0 0 1 12 2 5 3 0 12 0 0 11 5 0 0 0 0 2
split_gain=40.8804 14.6776 8.90256 7.64615 7.11246 6.75616 6.74172 6.65521 6.3795 6.89615 7.21281 5.9861 5.60847 5.58533 5.39781 5.34683 5.19956 5.17612 5.91946 6.26402 6.2044 24.8354 14.9397 6.77296 25.3259 25.4689 26.1528 14.3167 9.78219 6.59912
threshold=0.21109231303450274 1.6683274454597727 -1.7152345853068274 3.1166240661100928 -0.58445645460119244 -1.735530779072912 1.4779829372212656 0.95952884409895844 1.0000000180025095e-35 0.018766739333797907 1.4457311165250033 -0.24956724947920125 2.1320600998353485 -0.8536411221757757 -0.79315474346610004 1.0398297212233845 -0.49442494890717487 0.073269764555773567 1.2855968839227649 2.4700175506702986 1.0000000180025095e-35 -1.4280469313221158 -0.78664977391242574 -0.7500292558394458 1.2291569272765577 1.1449233396486802 1.2079298665622893 0.65306038578925285 0.32213540752312358 0.24377534908475373
decision_type=2 2 2 2 2 2 2 2 2 2 2 2 2 2 2 2 2 2 2 2 2 2 2 2 2 2 2 2 2 2
left_child=2 3 5 6 15 -1 11 16 -6 -10 12 13 -11 -2 -9 -3 -4 -13 -19 20 21 -20 -22 24 28 -26 -27 -25 -23 -30
right_child=1 4 7 -5 8 -7 -8 14 9 10 -12 17 -14 -15 -16 -17 -18 18 19 -21 22 23 -24 27 25 26 -28 -29 29 -31
leaf_value=-0.014580398659551672 -0.010160304668840959 -0.008358372165066949 -0.0017055512285104133 0.0239370885229594 0.0029457839111734652 -0.0037620501468184527 -0.0063912031174698618 0.015786894023167117 0.013803426904965064 0.0067070597107956086 -0.0057437350074004412 0.0040471116053565183 0.028306052993021663 -0.00018496267386469321 0.0010031119800551663 0.0068962825984455996 -0.00043098896790371723 0.00075541233924157885 0.033583980868260067 -0.018005758228109164 -0.010719866621207374 -0.016866689845240521 0.003605114728127834 0.0087298059226151754 0.0030325936211738737 0.10330828847363592 0.022449192279018464 -0.0029059318858597367 0.028748407540842891 0.0052295530997991044
leaf_weight=180 147 162 17059 37 1089 728 289 63 379 986 117 2082 31 3090 3094 89 15071 9595 75 34 229 48 887 447 32 20 20 647 32 439
leaf_count=180 147 162 17059 37 1089 728 289 63 379 986 117 2082 31 3090 3094 89 15071 9595 75 34 229 48 887 447 32 20 20 647 32 439
internal_value=-2.02541e-12 0.00175477 -0.00101825 0.00123073 0.00508861 -0.00590666 0.00118434 -0.00089246 0.00586399 0.0079644 0.0060129 0.00130717 0.00736544 -0.000637967 0.00129813 -0.00294935 -0.0011077 0.00173882 0.0013545 0.00332986 0.00358209 0.00543136 0.00066567 0.00417828 0.00849123 0.0362805 0.0628787 0.00184834 0.00463607 0.00682744
internal_weight=57198 21003 36195 18150 2853 908 18113 35287 2602 1513 1134 17824 1017 3237 3157 251 32130 14587 12505 2910 2876 1760 1116 1685 591 72 40 1094 519 471
internal_count=57198 21003 36195 18150 2853 908 18113 35287 2602 1513 1134 17824 1017 3237 3157 251 32130 14587 12505 2910 2876 1760 1116 1685 591 72 40 1094 519 471
is_linear=0
shrinkage=0.05


Tree=58
num_leaves=31
num_cat=0
split_feature=3 2 2 1 0 5 8 0 2 9 0 11 5 5 4 0 4 3 3 0 0 11 2 1 4 4 5 4 7 5
split_gain=36.8945 13.2465 8.12531 6.90065 6.419 6.0844 5.9376 6.64837 5.863 5.7575 6.22378 6.50956 5.4717 6.4018 7.72631 5.39077 5.35612 5.83993 5.34231 6.15189 7.75976 12.4412 9.14214 5.92462 5.70184 9.5891 10.7947 5.65825 9.72079 14.4872
threshold=0.21109231303450274 1.6683274454597727 -1.0160126146231347 3.1166240661100928 -0.58445645460119244 1.4779829372212656 -1.7049705869141294 -0.3182857931483965 -1.9575771726513211 1.0000000180025095e-35 0.018766739333797907 1.4457311165250033 -0.18547950913925723 0.073269764555773567 -0.068207201684795479 0.95952884409895844 -0.20576765355688617 3.1923315992737717 1.2855968839227649 -0.71855271453569924 -0.44379649577730129 -0.7500292558394458 -0.13930444464262279 1.5526340078511252 -0.068207201684795479 0.046426508208614714 1.4101165497556909 -0.71015597708788747 -0.74807555454224595 1.2291569272765577
decision_type=2 2 2 2 2 2 2 2 2 2 2 2 2 2 2 2 2 2 2 2 2 2 2 2 2 2 2 2 2 2
left_child=2 3 6 5 -3 12 7 8 -1 -6 -11 -12 -2 14 -14 -4 -13 -18 19 24 21 22 -21 -23 -15 26 -26 -20 29 -29
right_child=1 4 15 -5 9 -7 -8 -9 -10 10 11 16 13 18 -16 -17 17 -19 27 20 -22 23 -24 -25 25 -27 -28 28 -30 -31
leaf_value=-0.01283191063052771 -0.00050379745718704522 -0.0028018836141540764 -0.00088352300561194688 0.022740234016768029 0.0027984947061647329 -0.0060716429900919385 -0.0017840121915910431 -0.011964221467551741 -0.0021858989002220908 0.013113255671312725 0.0069971643296404323 -0.01949061892363568 0.0083968299304369564 -0.00045545543489424747 0.0016474331459793716 0.0013037296487496315 -0.0092278878280329848 0.019241279303546875 -0.00056486779250546093 -0.041650248197122264 0.00080328260381878295 0.0012858414826918008 -0.01033522212285445 -0.017620934768476423 0.057522023003548389 0.0060426408643706022 0.0061953178119091767 0.003553366371191434 0.0028672947376230866 0.022917241056267992
leaf_weight=151 3586 251 27933 37 1089 289 3759 318 901 379 1017 43 740 320 993 3133 43 31 754 26 7934 523 225 45 20 481 21 235 1757 164
leaf_count=151 3586 251 27933 37 1089 289 3759 318 901 379 1017 43 740 320 993 3133 43 31 754 26 7934 523 225 45 20 481 21 235 1757 164
internal_value=9.98842e-13 0.00166703 -0.000967335 0.00116919 0.00483418 0.00112513 -0.00281104 -0.005629 -0.00371399 0.00557079 0.00756618 0.00571226 0.00124181 0.00168147 0.00452946 -0.000662939 -0.00545655 0.00269838 0.00128678 0.000717642 0.00032497 -0.00430864 -0.013579 -0.000212055 0.00479965 0.00802117 0.0312327 0.00316337 0.00446721 0.0115125
internal_weight=57198 21003 36195 18150 2853 18113 5129 1370 1052 2602 1513 1134 17824 14238 1733 31066 117 74 12505 9595 8753 819 251 568 842 522 41 2910 2156 399
internal_count=57198 21003 36195 18150 2853 18113 5129 1370 1052 2602 1513 1134 17824 14238 1733 31066 117 74 12505 9595 8753 819 251 568 842 522 41 2910 2156 399
is_linear=0
shrinkage=0.05


Tree=59
num_leaves=31
num_cat=0
split_feature=2 5 0 2 2 5 0 0 6 7 2 6 9 5 0 0 3 3 0 3 1 8 6 0 0 12 3 2 3 6
split_gain=33.517 13.1471 11.1289 16.9577 9.64736 9.86217 13.6086 10.6554 23.6967 8.42934 8.77322 8.41215 7.63266 7.29022 6.99422 6.83344 6.65204 10.588 6.60559 7.12683 6.53424 11.7639 6.43902 6.38565 13.0788 12.0498 7.03243 6.61698 7.26438 6.34235
threshold=0.0097679696060734272 0.91441636237843227 1.1132669512946023 0.39364866936367976 2.9313461519999118 1.1065214618131212 -0.8695463369334262 -1.309756144925265 1.0000000180025095e-35 0.50726550913191959 0.91278515126358772 0.046773696581961052 0.25006339628508761 0.69515041704156832 -0.45180638707072185 0.41371162956338431 0.87136745916807712 1.8573264343973352 -1.4280469313221158 -1.2192874682360275 0.37366801459233207 0.21070812337056413 -0.50231995162864196 0.1422746919524476 -0.44379649577730129 -1.0477032008262543 0.82640195478867728 1.6022514968201913 2.1013061194939193 -1.0557360505944642
decision_type=2 2 2 2 2 2 2 2 2 2 2 2 2 2 2 2 2 2 2 2 2 2 2 2 2 2 2 2 2 2
left_child=12 15 4 -4 5 6 -3 8 9 -7 -11 14 13 -1 29 18 -6 -18 -2 -20 -14 -22 -15 24 -8 27 -27 28 -25 -9
right_child=1 2 3 -5 16 7 23 11 -10 10 -12 -13 20 22 -16 -17 17 -19 19 -21 21 -23 -24 25 -26 26 -28 -29 -30 -31
leaf_value=-0.00042791513659490299 0.019435381657648378 0.034126784413670883 0.041479899190987157 0.0066074741587016988 -0.017289083667565135 0.0046624450611200225 -0.00045459103224994529 -0.013022462702026609 0.024374024462220926 -0.0041462070200124577 -0.040049521149194335 -0.0039363449081065488 -0.0015812420983372811 0.0037057799829865318 0.0040594059967651178 0.0014416776970357737 0.032355280168862507 0.0081584214950603719 -0.01680055154446403 -0.00053358498406171637 0.00070531314030638072 -0.013154005701862165 0.021599934393491008 0.012582280527567491 0.010623236668249561 0.0068122496945940171 -0.0079222383377367395 0.0031759819727070131 0.047065747915101902 -0.00036001321345207601
leaf_weight=14336 41 39 36 1102 20 485 424 113 140 114 20 1280 16936 426 1048 10585 55 254 68 6857 282 335 57 56 717 107 333 119 21 792
leaf_count=14336 41 39 36 1102 20 485 424 113 140 114 20 1280 16936 426 1048 10585 55 254 68 6857 282 335 57 56 717 107 333 119 21 792
internal_value=3.28088e-12 0.00138211 0.00316929 0.00771064 0.00232717 0.00185535 0.00491013 0.000465696 0.00579709 0.00159552 -0.00950491 -0.000785937 -0.00105994 -0.000224356 0.00127885 0.000641318 0.0106565 0.0124653 -0.000574846 -0.000693318 -0.00176537 -0.0068196 0.00581751 0.00426891 0.00650667 0.000254301 -0.00433908 0.010566 0.0219869 -0.00194107
internal_weight=57198 24826 7275 1138 6137 5808 1816 3992 759 619 134 3233 32372 14819 1953 17551 329 309 6966 6925 17553 617 483 1777 1141 636 440 196 77 905
internal_count=57198 24826 7275 1138 6137 5808 1816 3992 759 619 134 3233 32372 14819 1953 17551 329 309 6966 6925 17553 617 483 1777 1141 636 440 196 77 905
is_linear=0
shrinkage=0.05


Tree=60
num_leaves=31
num_cat=0
split_feature=3 2 3 1 0 2 5 2 0 1 9 5 4 0 4 4 2 1 4 0 4 3 4 6 1 8 0 6 4 6
split_gain=30.5499 10.9604 7.4247 6.27023 5.70392 5.58925 5.30651 5.20301 5.43326 8.07273 4.96804 5.2131 6.71079 8.91562 21.0492 24.504 15.4424 26.1254 7.91518 6.84151 7.05143 7.93386 6.8117 11.8369 9.67889 9.19811 7.14559 14.2373 9.88751 9.83963
threshold=0.21109231303450274 1.6683274454597727 -1.7152345853068274 3.1166240661100928 -0.58445645460119244 -1.735530779072912 1.4779829372212656 -0.53792299483014017 0.79024895926192718 -0.83420870963305116 -1.5490644330984626 0.5168783321317606 0.18398696008070553 0.72882117718410278 -1.0540571067681157 -0.13698742762084057 0.39364866936367976 1.1402282250590876 1.5137379948442546 1.2711646930971334 -0.29747462147161352 1.0678643815935354 -0.43503507334370556 0.31220406105026438 -0.40998177999338453 1.0184757865176055 -1.5143630514267346 -0.88889511337147242 1.0000000180025095e-35 0.046773696581961052
decision_type=2 2 2 2 2 2 2 2 2 2 2 2 2 2 2 2 2 2 2 2 2 2 2 2 2 2 2 2 2 2
left_child=2 3 5 6 -3 -1 10 8 -4 -10 -2 -12 13 22 -15 16 17 -16 -14 20 -18 -22 -13 24 25 -24 27 -26 -28 -30
right_child=1 4 7 -5 -6 -7 -8 -9 9 -11 11 12 18 14 15 -17 19 -19 -20 -21 21 -23 23 -25 26 -27 28 -29 29 -31
leaf_value=-0.013233706426852022 0.0046550313522018896 -0.0028003260484466188 -0.0015812356550445582 0.021626193255085399 0.0050922196301764226 -0.0033938721304966149 -0.0056989021931217413 -0.00020025172742764525 0.018689603451639416 0.0010306391136351237 4.45112637428355e-06 0.0014676802626316435 0.0052970900889922424 -0.0032981046150348868 0.015198110092359669 -0.0062483021942830556 0.014026815106592575 0.084370909631252294 -0.00033230941240733558 0.0075073487164835188 0.011528494032099844 0.052184203788638119 0.012626318246461085 -0.023544041339846444 0.0023370229389245915 -0.0060911032930196542 -0.0043313552333889673 -0.040442672135258047 0.0015833695451904586 0.025556448010656124
leaf_weight=180 947 251 15868 37 2602 728 289 18907 76 436 7971 2641 2162 491 39 171 139 21 878 280 20 30 203 64 41 97 1298 37 242 52
leaf_count=180 947 251 15868 37 2602 728 289 18907 76 436 7971 2641 2162 491 39 171 139 21 878 280 20 30 203 64 41 97 1298 37 242 52
internal_value=-8.11772e-13 0.00151694 -0.000880239 0.00106409 0.00439785 -0.0053445 0.00102208 -0.000765365 -0.00141766 0.00365189 0.00113106 0.000933322 0.00176467 0.000776619 0.0046386 0.0102056 0.0155244 0.0394086 0.00367123 0.0124688 0.0198192 0.0359219 -0.000207255 -0.00238204 -0.00169454 0.00657435 -0.00317997 -0.0179559 -0.00245602 0.00582351
internal_weight=57198 21003 36195 18150 2853 908 18113 35287 16380 512 17824 16877 8906 5866 1191 700 529 60 3040 469 189 50 4675 2034 1970 300 1670 78 1592 294
internal_count=57198 21003 36195 18150 2853 908 18113 35287 16380 512 17824 16877 8906 5866 1191 700 529 60 3040 469 189 50 4675 2034 1970 300 1670 78 1592 294
is_linear=0
shrinkage=0.05


Tree=61
num_leaves=31
num_cat=0
split_feature=3 2 9 5 3 1 4 4 5 5 3 8 6 2 1 6 3 8 4 4 7 5 12 8 4 4 4 5 4 7
split_gain=27.727 9.21138 8.77873 9.71102 8.3233 7.36695 7.21289 6.5576 9.437 22.2865 20.3036 15.5006 13.8417 7.40274 7.34643 7.41751 6.2105 6.87232 7.0338 5.83961 5.77346 6.33508 9.70404 9.29917 9.90865 14.2753 18.8921 66.3933 23.8403 13.9738
threshold=0.62209703778924041 2.9313461519999118 0.25006339628508761 0.9652358749025497 1.3166402403684843 2.1410131259481298 -1.2833245265549345 0.11520673414465986 -0.24956724947920125 -0.84497093191591066 -1.0046619738155516 -1.7049705869141294 1.0000000180025095e-35 -1.1375814084860376 -0.33343684836954152 1.7136308150948316 2.202591650424965 1.0000000180025095e-35 0.16106021810202364 -0.20576765355688617 -0.67566290470831769 1.2994638957836848 -0.69978104715131473 -1.7049705869141294 -1.2833245265549345 -0.45796181532238694 -0.20576765355688617 1.1065214618131212 -0.32040136345029535 -0.080597219688208724
decision_type=2 2 2 2 2 2 2 2 2 2 2 2 2 2 2 2 2 2 2 2 2 2 2 2 2 2 2 2 2 2
left_child=2 -2 3 7 -3 20 -5 8 9 14 11 -11 -10 -12 15 -1 -6 18 -18 -13 -4 22 -22 -24 -25 29 27 -27 -29 -26
right_child=1 4 5 6 16 -7 -8 -9 12 10 13 19 -14 -15 -16 -17 17 -19 -20 -21 21 -23 23 24 25 26 -28 28 -30 -31
leaf_value=0.0030213313988383941 0.0016627271226338112 0.036659787374082951 -9.0064030409100453e-06 -0.0076634837331419643 -0.002137555909154655 -0.016862778876932313 0.012287031173186717 0.00080513684560443155 -0.00077777934858817279 0.016372099169895678 -0.016399468229497439 0.0020702697810012724 0.0048598521787510951 -0.0048294145386102751 -0.0014523799945714614 0.018462582619395106 -0.014321992894634606 0.013994502119122346 0.0079990188690135262 -0.01300520616816357 -0.00697479385146107 -0.00053481896005642493 -0.005939325432283666 -0.0066317953315139571 0.0092547648595972861 -0.0054413594353734307 -0.00076094996595412313 -0.036708386898040776 -0.10994812918826938 -0.00037996923013925441
leaf_weight=1509 13186 24 5542 55 152 77 257 10824 4158 191 143 326 1475 4161 1132 82 50 303 120 80 1182 5061 1281 742 634 432 3048 25 20 926
leaf_count=1509 13186 24 5542 55 152 77 257 10824 4158 191 143 326 1475 4161 1132 82 50 303 120 80 1182 5061 1281 742 634 432 3048 25 20 926
internal_value=2.15548e-12 0.00194895 -0.000621815 5.55993e-06 0.00776432 -0.00142854 0.00877011 -0.000107996 -0.000853546 -0.00200023 -0.00401525 0.00462573 0.000698433 -0.00521383 0.00162652 0.00381717 0.00665473 0.00948016 0.00143402 -0.000900267 -0.00136564 -0.00192877 -0.00277977 -0.00208218 -0.00123423 -0.000446617 -0.002209 -0.0114619 -0.0692594 0.00353569
internal_weight=57198 13835 43363 24393 649 18970 312 24081 13257 7624 4901 597 5633 4304 2723 1591 625 473 170 406 18893 13351 8290 7108 5827 5085 3525 477 45 1560
internal_count=57198 13835 43363 24393 649 18970 312 24081 13257 7624 4901 597 5633 4304 2723 1591 625 473 170 406 18893 13351 8290 7108 5827 5085 3525 477 45 1560
is_linear=0
shrinkage=0.05


Tree=62
num_leaves=31
num_cat=0
split_feature=2 5 4 0 4 5 0 5 4 1 8 5 0 6 6 3 4 4 4 4 6 0 5 4 6 2 0 6 2 4
split_gain=25.7639 11.1885 11.8637 25.3046 26.7109 21.7965 50.1165 15.9179 19.3221 15.6409 16.6457 14.0152 13.4716 13.124 15.3296 12.9798 12.6238 24.9237 11.1262 12.5157 10.7871 10.7473 8.41583 8.05049 8.03969 13.7687 7.56027 14.224 7.75669 7.51158
threshold=0.0097679696060734272 0.9652358749025497 -0.04528045970611317 1.1132669512946023 -0.41210833136502373 1.1904917396839851 1.2079298665622893 1.1065214618131212 0.73422876756907074 0.48839224841713419 0.38174988366425283 1.4312047935437753 -1.9518562126726928 1.0000000180025095e-35 -1.0557360505944642 1.374370791781051 -0.48088855730106883 -0.18284091157820473 0.48203460580356999 1.490811252865573 1.7136308150948316 -0.44379649577730129 1.4779829372212656 -0.13698742762084057 1.0000000180025095e-35 1.1043958128592319 0.23804502183376877 -0.50231995162864196 0.3845528460995784 -0.228694395535568
decision_type=2 2 2 2 2 2 2 2 2 2 2 2 2 2 2 2 2 2 2 2 2 2 2 2 2 2 2 2 2 2
left_child=-1 -2 3 4 11 15 -7 18 9 24 12 20 -11 14 29 23 -8 -18 -4 -20 -3 -15 -14 -5 -9 -26 27 -16 -29 -6
right_child=1 2 7 5 13 6 16 8 -10 10 -12 -13 22 21 26 -17 17 -19 19 -21 -22 -23 -24 -25 25 -27 -28 28 -30 -31
leaf_value=-0.00092929642654516326 0.00057162878561526677 0.0041468805061015308 0.0039824707945175222 0.048382342047989371 -0.047231826598622968 0.082082985813419038 0.0011750490164955741 0.012090152276737237 -0.0024871867333969492 -0.011738369738062223 -0.0038300561409171981 -0.020364207046275791 0.011639097781414956 0.0079158890390450647 -0.0029314266577741598 -0.0020226187157572025 0.042193759583578627 -0.0064041307514033675 0.024477639621212841 0.0078441257481628793 -0.01032701453307925 -0.019433163487059386 -0.014982509052741431 0.0069109353832900525 0.016071410589994721 0.060634439094708517 -0.017274850075473153 0.04194558384241881 0.0093190108126561567 -0.0076728435078014931
leaf_weight=32372 18205 1742 294 22 28 30 110 207 923 75 420 66 701 41 377 287 74 41 235 218 139 290 31 25 52 26 63 27 56 21
leaf_count=32372 18205 1742 294 22 28 30 110 207 923 75 420 66 701 41 377 287 74 41 235 218 139 290 31 25 52 26 63 27 56 21
internal_value=1.7922e-12 0.00121176 0.00297186 0.000935977 -0.00101382 0.0103705 0.0213785 0.00517217 0.00321345 0.0066934 0.0042425 0.00228268 0.00844383 -0.00812154 -0.00353617 0.00196615 0.0132846 0.0248676 0.011557 0.016473 0.00307731 -0.0160455 0.0105117 0.0263231 0.0172452 0.0309258 -0.00103072 0.00119402 0.0199325 -0.030278
internal_weight=57198 24826 6621 3439 2850 589 255 3182 2435 1512 1227 1947 807 903 572 334 225 115 747 453 1881 331 732 47 285 78 523 460 83 49
internal_count=57198 24826 6621 3439 2850 589 255 3182 2435 1512 1227 1947 807 903 572 334 225 115 747 453 1881 331 732 47 285 78 523 460 83 49
is_linear=0
shrinkage=0.05


Tree=63
num_leaves=31
num_cat=0
split_feature=3 9 5 0 3 5 1 4 0 3 0 5 5 0 5 5 7 3 4 5 5 0 7 0 0 0 0 0 0 1
split_gain=23.1643 7.69727 8.42563 9.15794 7.04382 9.32742 6.69329 5.94418 6.72249 8.12085 12.6689 11.921 11.9959 10.9204 6.6373 6.50076 9.91904 9.66725 7.3085 9.74878 10.3787 6.26019 5.92092 5.90171 5.55332 5.52611 5.50439 9.54027 5.72941 5.70153
threshold=0.62209703778924041 0.25006339628508761 0.9652358749025497 -0.8695463369334262 2.593219488673522 1.4495693291702281 2.1410131259481298 -0.45796181532238694 0.41371162956338431 -0.96594584616495693 -0.3182857931483965 -0.24956724947920125 -0.84497093191591066 -0.016899023803696612 -0.84497093191591066 -0.24956724947920125 -0.17418860646293408 -0.12653211735774952 -1.214544300618889 -0.49995351371076774 -0.79085023738312954 1.3806707560361342 1.707859523614377 -1.1752500972272226 0.95952884409895844 2.4700175506702986 0.47334650493396263 0.0080319006199791165 0.70034578611526144 3.1166240661100928
decision_type=2 2 2 2 2 2 2 2 2 2 2 2 2 2 2 2 2 2 2 2 2 2 2 2 2 2 2 2 2 2
left_child=1 2 7 -4 25 22 -3 8 9 10 14 12 -11 -13 -1 17 -17 21 -19 20 -20 24 -6 -9 -10 -2 27 -24 -28 -30
right_child=4 6 3 -5 5 -7 -8 23 15 11 -12 13 -14 -15 -16 16 -18 18 19 -21 -22 -23 26 -25 -26 -27 28 -29 29 -31
leaf_value=0.0011615710497300295 0.0016022551544591921 -0.0012637968330797243 0.02756182171733064 0.0043963654585882049 -0.00014361076795057939 0.030317408008972726 -0.016035398097320266 -0.019414862872076197 0.0030404679804981937 -0.00022722686708782845 -0.003987858092611745 -0.0024341049757087307 -0.0076771007916404252 0.0045994475955817016 0.012087569071597297 0.011625731932702353 0.00088836882315629319 0.00095119738139823936 -0.0028182879072244701 -0.0010965129808777807 -0.022126225473348526 -0.0011264141516877664 0.0029464262471135174 0.00057904575934172408 0.015057392071555768 -0.0076346611024857292 -0.014410790912206135 0.039863849943171124 0.0022747641132097297 0.014008253511157377
leaf_weight=254 12779 18893 51 261 338 38 77 37 271 793 470 2066 1696 753 307 308 713 376 116 262 174 463 35 14873 149 164 31 35 217 198
leaf_count=254 12779 18893 51 261 338 38 77 37 271 793 470 2066 1696 753 307 308 713 376 116 262 174 463 35 14873 149 164 31 35 217 198
internal_value=-3.06831e-13 -0.000568354 1.9108e-05 0.00818303 0.00178139 0.00607893 -0.00132376 -8.6666e-05 -0.0010883 -0.00199312 0.00206754 -0.00278184 -0.00530356 -0.000555331 0.00714068 0.000937006 0.00412746 -0.000861696 -0.00442513 -0.00808727 -0.0144031 0.00288334 0.0050004 0.00052943 0.00730361 0.00148521 0.00836993 0.0214051 0.00632404 0.00787291
internal_weight=57198 43363 24393 312 13835 892 18970 24081 9171 6339 1031 5308 2489 2819 561 2832 1021 1811 928 552 290 883 854 14910 420 12943 516 70 446 415
internal_count=57198 43363 24393 312 13835 892 18970 24081 9171 6339 1031 5308 2489 2819 561 2832 1021 1811 928 552 290 883 854 14910 420 12943 516 70 446 415
is_linear=0
shrinkage=0.05


Tree=64
num_leaves=31
num_cat=0
split_feature=2 9 9 6 4 7 4 4 5 4 8 4 3 1 4 5 4 8 3 3 5 2 1 6 1 2 11 8 1 1
split_gain=21.5733 7.66985 6.74144 9.87424 7.23368 8.29956 12.6243 12.2394 11.6836 14.4847 10.9583 10.5354 14.9801 14.866 7.48393 6.94823 12.2386 9.40967 8.46648 7.58986 7.57327 8.38909 6.60128 8.1541 21.0604 6.42247 8.26751 7.80723 6.88614 6.82809
threshold=0.54543277897317599 0.25006339628508761 -0.14974278802236804 -0.90990146219895396 0.16106021810202364 1.707859523614377 -0.43503507334370556 -0.48088855730106883 1.2291569272765577 -0.36625484740765951 0.21070812337056413 -0.228694395535568 3.1923315992737717 3.1166240661100928 -0.091133943663477338 1.1065214618131212 0.71130202559038891 0.21070812337056413 1.9298277118313358 1.3166402403684843 1.4651726809124612 1.2141058937275375 1.308506341232794 1.7136308150948316 0.93881227628889519 3.621925625133366 -0.7500292558394458 0.21070812337056413 1.9063929877884644 0.5568249743940531
decision_type=2 2 2 2 2 2 2 2 2 2 2 2 2 2 2 2 2 2 2 2 2 2 2 2 2 2 2 2 2 2
left_child=1 -1 3 -2 5 6 25 -7 11 -10 22 13 14 -9 -13 -6 17 19 -19 -17 21 -21 23 -8 -25 26 28 29 -4 -28
right_child=2 -3 4 -5 15 7 10 8 9 -11 -12 12 -14 -15 -16 16 -18 18 -20 20 -22 -23 -24 24 -26 -27 27 -29 -30 -31
leaf_value=7.8244630164228353e-05 -0.0094258476811215561 -0.0012408689318949249 0.0094499067391099582 0.0011470231404711382 0.0089227171401355231 -0.00061249139696988952 0.0027908490153370335 -0.037212561108171942 0.059207520649457973 0.017004569975026407 -0.0089378877850788772 0.047234771767846101 -0.018484938287964235 0.013927652466076393 0.013673733046237866 0.03167469741569625 -0.0019896561938900189 0.0070367494637091459 -0.011395844728780949 0.041165277610222505 -0.0081782901783008129 0.010484668863278446 -0.0033053616319034156 -0.011827283051042331 0.055494548272914612 -0.023184109092901715 0.0057525504817485451 0.0055479711145346444 0.03983688801235985 -0.0069847685236375792
leaf_weight=24316 228 20152 275 7022 846 276 261 30 24 133 499 26 26 27 46 45 621 171 98 24 50 311 439 21 26 22 157 687 20 319
leaf_count=24316 228 20152 275 7022 846 276 261 30 24 133 499 26 26 27 46 45 621 171 98 24 50 311 439 21 26 22 157 687 20 319
internal_value=3.40585e-12 -0.000519551 0.00181488 0.000814525 0.00313834 0.00166971 0.000507599 0.00705731 0.0138421 0.023456 -0.00320077 0.00410424 0.0140458 -0.0129882 0.025793 0.00538536 0.00311823 0.00765613 0.000321529 0.0122445 0.00997347 0.0126827 0.000631651 0.00624317 0.0254146 0.00362965 0.00403424 0.00213798 0.01151 -0.00278359
internal_weight=57198 44468 12730 7250 5480 3314 2726 588 312 157 1246 155 98 57 72 2166 1320 699 269 430 385 335 747 308 47 1480 1458 1163 295 476
internal_count=57198 44468 12730 7250 5480 3314 2726 588 312 157 1246 155 98 57 72 2166 1320 699 269 430 385 335 747 308 47 1480 1458 1163 295 476
is_linear=0
shrinkage=0.05


Tree=65
num_leaves=31
num_cat=0
split_feature=2 5 4 0 4 5 0 5 4 1 8 5 6 6 3 4 4 0 0 5 4 4 6 6 0 0 3 2 4 11
split_gain=19.8319 9.13925 11.0268 22.4099 24.7276 18.6661 44.3857 13.0844 16.6373 16.0869 12.7516 12.3272 12.3201 13.5102 10.9034 10.4471 23.4736 9.88612 9.64116 10.0252 9.52535 11.0703 9.43665 9.37641 7.15579 12.0689 7.11986 7.07485 6.94423 6.8732
threshold=-0.010662585274049808 0.9652358749025497 -0.04528045970611317 1.1132669512946023 -0.41210833136502373 1.1904917396839851 1.2079298665622893 1.1065214618131212 0.73422876756907074 0.24684232577030565 0.21070812337056413 1.4312047935437753 1.0000000180025095e-35 -1.0557360505944642 1.374370791781051 -0.45796181532238694 -0.18284091157820473 -0.44379649577730129 -1.6769597163557377 1.4779829372212656 0.48203460580356999 1.490811252865573 -0.88889511337147242 1.7136308150948316 -1.4280469313221158 -0.45180638707072185 1.1592813222604847 1.8590892847108265 -0.13698742762084057 -0.7500292558394458
decision_type=2 2 2 2 2 2 2 2 2 2 2 2 2 2 2 2 2 2 2 2 2 2 2 2 2 2 2 2 2 2
left_child=-1 -2 3 4 11 14 -7 20 9 27 18 23 13 -6 28 -8 -17 -14 22 24 -4 -22 -11 29 -20 -26 -15 -9 -5 -3
right_child=1 2 7 5 12 6 15 8 -10 10 -12 -13 17 26 -16 16 -18 -19 19 -21 21 -23 -24 -25 25 -27 -28 -29 -30 -31
leaf_value=-0.00082839981690066046 0.00047589660391714856 0.0094992140298560176 0.0035168289942635214 0.044535233749246061 -0.028608870468243758 0.07679641049355268 0.0016686141401883532 0.022049583435175619 -0.002249743210526236 0.0061493110464653005 -0.0021466451567629884 -0.018862921734997894 0.0076165842221731827 -0.0053849106953258938 -0.0019320999339425924 0.040763443756316395 -0.0065184954221227352 -0.01855967419515946 0.027520104726919761 -0.014974893344058089 0.022576841068285385 0.0069677674229635294 -0.022168672311454432 -0.0096942546404730663 -0.019821933354251087 0.011763560122736568 0.0066669055369083206 -0.0078930837959474472 0.0060184903256595137 0.0020764036595940501
leaf_weight=31924 18584 406 294 22 49 30 117 191 939 76 499 68 41 352 287 70 42 300 65 37 236 219 48 139 32 551 188 22 25 1345
leaf_count=31924 18584 406 294 22 49 30 117 191 939 76 499 68 41 352 287 70 42 300 65 37 236 219 48 139 32 551 188 22 25 1345
internal_value=5.04713e-12 0.00104637 0.00263106 0.000682047 -0.00113584 0.00953543 0.0196092 0.00474527 0.00298355 0.00621437 0.00413932 0.00205274 -0.007849 -0.0034702 0.00172373 0.0121174 0.0230327 -0.0154124 0.00801657 0.0103389 0.0105314 0.0150639 -0.00481249 0.00280526 0.0117843 0.0100299 -0.00118909 0.0189569 0.0240476 0.00379751
internal_weight=57198 25274 6690 3481 2888 593 259 3209 2460 1521 1308 1958 930 589 334 229 112 341 809 685 749 455 124 1890 648 583 540 213 47 1751
internal_count=57198 25274 6690 3481 2888 593 259 3209 2460 1521 1308 1958 930 589 334 229 112 341 809 685 749 455 124 1890 648 583 540 213 47 1751
is_linear=0
shrinkage=0.05


Tree=66
num_leaves=31
num_cat=0
split_feature=3 1 12 0 11 5 4 4 4 1 0 0 1 0 0 4 5 4 5 8 5 0 3 4 4 5 0 0 5 7
split_gain=18.1375 9.4078 6.34339 23.245 8.99179 21.5462 21.9521 26.5913 24.7747 10.5472 6.31689 6.68757 7.08755 14.6604 15.0781 5.67121 5.63196 9.35318 7.67 9.18495 8.97071 5.91539 5.40584 9.52741 9.74511 8.97293 6.8668 5.14651 7.45882 7.54992
threshold=-0.31565782826317895 1.1402282250590876 1.3877518748983242 -0.36218820601171692 -0.7500292558394458 1.0613819277844458 -0.43503507334370556 -0.20576765355688617 -0.29747462147161352 0.81614636192080015 2.4700175506702986 -0.44379649577730129 1.5158418008972561 -1.4024432921654559 -1.4824056373715422 0.13813347612334176 -0.24956724947920125 -0.77893620302393318 -1.0444571093634523 0.74730582097220966 -1.1735669212629918 -0.83601990744262233 3.1923315992737717 -0.48088855730106883 -0.25162113751425025 1.2291569272765577 1.5797132453445968 -0.5520496632204438 -0.89749154395743946 -0.74807555454224595
decision_type=2 2 2 2 2 2 2 2 2 2 2 2 2 2 2 2 2 2 2 2 2 2 2 2 2 2 2 2 2 2
left_child=-1 2 16 4 5 -4 -7 8 -8 -6 11 12 -3 14 -14 22 17 18 19 -2 -21 -19 -13 -24 26 -26 -25 28 29 -23
right_child=1 10 3 -5 9 6 7 -9 -10 -11 -12 15 13 -15 -16 -17 -18 21 -20 20 -22 27 23 24 25 -27 -28 -29 -30 -31
leaf_value=-0.0010460094017210448 0.010907912634796686 0.0029311982113953182 -0.0035938941910306152 0.0061648473590935476 -0.0042735573721183586 0.0082986215156359757 -0.036298482503522848 0.0018253814016299494 -0.10439389348030091 0.021482451573559425 -0.013272811170105661 0.0014615775765946602 -0.0061977987019980162 -0.01203785544522947 0.034445980162574698 0.0052612921080115102 0.0011441610739349457 -0.0067318085584366794 -0.0052809065124764095 -0.032033316791057587 0.00084966902373707865 0.018874576124614358 -0.0093384589478373529 0.012629618048667907 -0.018260985181701404 0.015237603631995425 0.04760316961910576 0.00020406813101105082 0.00086551601235131624 0.00057299212964538203
leaf_weight=24031 173 410 207 609 1302 26 34 22 22 41 63 3169 55 292 39 2152 15779 282 1410 28 80 148 50 25 27 77 32 6097 425 91
leaf_count=24031 173 410 207 609 1302 26 34 22 22 41 63 3169 55 292 39 2152 15779 282 1410 28 80 148 50 25 27 77 32 6097 425 91
internal_value=-1.18738e-12 0.000757881 0.000346474 -0.0021864 -0.00526132 -0.0129223 -0.0314893 -0.044752 -0.0630503 -0.00348726 0.00248153 0.00263838 -0.00164667 -0.00650917 0.010665 0.00325495 0.000580305 -0.000438369 -0.00377763 0.00376551 -0.00767555 0.000363376 0.00197755 0.00972686 0.0156478 0.00654085 0.0322639 0.000659315 0.00483949 0.0119062
internal_weight=57198 33167 26776 2263 1654 311 104 78 56 1343 6391 6328 796 386 94 5532 24513 8734 1691 281 108 7043 3380 211 161 104 57 6761 664 239
internal_count=57198 33167 26776 2263 1654 311 104 78 56 1343 6391 6328 796 386 94 5532 24513 8734 1691 281 108 7043 3380 211 161 104 57 6761 664 239
is_linear=0
shrinkage=0.05


Tree=67
num_leaves=31
num_cat=0
split_feature=3 1 6 0 11 5 4 4 4 1 0 0 1 0 6 4 0 0 0 5 0 4 1 4 6 5 5 3 3 4
split_gain=16.3691 8.49054 5.72491 20.9786 8.11509 19.4454 19.8117 23.9986 22.3592 9.51882 5.701 6.03554 6.39651 13.2328 14.1929 5.11827 5.30144 12.1877 10.4315 56.9271 8.10951 7.95572 11.9597 10.5893 10.1293 13.6693 8.69922 7.01807 5.85974 6.27642
threshold=-0.31565782826317895 1.1402282250590876 -1.0557360505944642 -0.36218820601171692 -0.7500292558394458 1.0613819277844458 -0.43503507334370556 -0.20576765355688617 -0.29747462147161352 0.81614636192080015 2.4700175506702986 -0.44379649577730129 1.5158418008972561 -1.3768667146945477 0.046773696581961052 0.13813347612334176 1.1449233396486802 0.95952884409895844 1.2711646930971334 1.2291569272765577 0.76701006881243816 -0.068207201684795479 4.5507345581604772 -1.0999105907254794 1.0000000180025095e-35 1.0613819277844458 1.0142561076130823 1.1869518292971126 1.6241332329595262 -0.50381529927975111
decision_type=2 2 2 2 2 2 2 2 2 2 2 2 2 2 2 2 2 2 2 2 2 2 2 2 2 2 2 2 2 2
left_child=-1 2 3 4 5 -2 -7 8 -8 -6 11 12 -3 14 -14 16 17 20 19 -18 21 23 -23 -13 25 -25 -26 -27 29 -28
right_child=1 10 -4 -5 9 6 7 -9 -10 -11 -12 15 13 -15 -16 -17 18 -19 -20 -21 -22 22 -24 24 26 27 28 -29 -30 -31
leaf_value=-0.00099370892889610483 -0.0034141994410156217 0.0027846383014637072 0.00055128935514584725 0.0058566049782095286 -0.0040598794975160212 0.0078836905476726751 -0.034483558191534355 0.0017341122158210387 -0.099174197018146518 0.020408329015605509 -0.012609170637063918 0.0038870669885018106 -0.0063415312765365732 -0.011510181689463307 0.032654147400753578 0.0049982275155812089 -0.0010667970347508411 -0.014802439443150336 0.0028931467827877123 0.094737495891749859 0.012296370924243143 0.0040644244623298824 0.042997359484434131 -0.0088628559745936378 0.00035012238120818337 0.0087989351116483667 -0.0011962923749039571 0.041407894254440358 -0.0062004334586306239 -0.026351065413010397
leaf_weight=24031 207 410 24513 609 1302 26 34 22 22 41 63 404 56 290 40 2152 69 131 1666 20 146 325 21 132 106 77 30 21 89 143
leaf_count=24031 207 410 24513 609 1302 26 34 22 22 41 63 404 56 290 40 2152 69 131 1666 20 146 325 21 132 106 77 30 21 89 143
internal_value=5.6265e-13 0.000719987 0.00032915 -0.00207708 -0.00499825 -0.0122762 -0.0299149 -0.0425144 -0.0598977 -0.0033129 0.00235746 0.00250646 -0.00156434 -0.00618371 0.00990667 0.00309221 0.00187867 -0.000179213 0.00378412 0.0204623 0.00110301 -0.000109327 0.00642741 -0.00236652 -0.00659135 0.00163994 -0.0117359 0.0157866 -0.0166257 -0.021989
internal_weight=57198 33167 26776 2263 1654 311 104 78 56 1343 6391 6328 796 386 96 5532 3380 1625 1755 89 1494 1348 346 1002 598 230 368 98 262 173
internal_count=57198 33167 26776 2263 1654 311 104 78 56 1343 6391 6328 796 386 96 5532 3380 1625 1755 89 1494 1348 346 1002 598 230 368 98 262 173
is_linear=0
shrinkage=0.05


Tree=68
num_leaves=31
num_cat=0
split_feature=2 5 4 5 0 4 5 0 5 4 1 12 7 4 4 4 7 4 11 8 6 6 7 4 5 4 1 6 6 2
split_gain=14.9125 7.7145 8.91676 18.7814 15.7131 20.6099 15.7133 38.5037 11.2403 14.8989 15.0995 11.0461 10.6094 8.80547 20.349 8.43976 11.0707 8.7421 8.31536 12.829 9.89251 8.45037 7.58121 12.8338 9.2121 7.60191 7.54113 6.97065 6.51764 12.0044
threshold=-0.010662585274049808 0.9652358749025497 -0.04528045970611317 1.4312047935437753 1.1132669512946023 -0.41210833136502373 1.1904917396839851 1.2079298665622893 1.1065214618131212 0.73422876756907074 0.48839224841713419 1.0000000180025095e-35 -0.17418860646293408 -0.45796181532238694 -0.18284091157820473 0.48203460580356999 -0.17418860646293408 1.2844705750574359 -0.7500292558394458 1.0000000180025095e-35 1.0000000180025095e-35 0.046773696581961052 -0.080597219688208724 0.36740089591016062 1.4651726809124612 0.29862066997411491 -0.88515074628701917 -0.88889511337147242 1.0000000180025095e-35 1.1043958128592319
decision_type=2 2 2 2 2 2 2 2 2 2 2 2 2 2 2 2 2 2 2 2 2 2 2 2 2 2 2 2 2 2
left_child=-1 -2 3 4 5 18 -6 -8 15 10 28 22 26 -9 -15 -4 -17 -18 20 21 -3 -20 23 -12 -24 -26 -7 -13 -10 -30
right_child=1 2 8 -5 6 12 7 13 9 -11 11 27 -14 14 -16 16 17 -19 19 -21 -22 -23 24 -25 25 -27 -28 -29 29 -31
leaf_value=-0.00071834603122899077 0.00038323514190107992 0.013850802601705693 0.003024630556166169 -0.020744585684500636 0.0014659100488033203 0.0057015799345787278 0.071139249790770312 0.0013053681970072481 0.011402969689987287 -0.0023207053166917793 -0.0036992447351030613 0.0049554427925275297 -0.0023642192109159833 0.037427704966893155 -0.0065950136820209174 0.022506600095973515 0.035523031171760526 0.0037844114508077567 0.0010405187898431905 0.0050650935262018127 -0.0035168992597231922 -0.010285949173935173 0.015720578926246641 0.014646091448103235 0.016140705517803632 -0.022821407169554261 -0.016502877100440995 -0.0078421616691676764 0.014426639509978346 0.056036704434798315
leaf_weight=31924 18584 292 294 100 334 44 30 117 213 939 286 172 562 70 42 205 24 226 350 823 114 311 298 143 21 31 292 279 52 26
leaf_count=31924 18584 292 294 100 334 44 30 117 213 939 286 172 562 70 42 205 24 226 350 823 114 311 298 143 21 31 292 279 52 26
internal_value=2.24246e-12 0.000907355 0.00236329 0.000610652 0.00124228 -0.000329746 0.00863317 0.0178759 0.00426449 0.00263164 0.005689 0.00326586 -0.00656644 0.0108982 0.0209192 0.0096274 0.0138938 0.00683132 0.00263351 0.000898803 0.00897416 -0.00428858 0.00687116 0.00241587 0.0123321 -0.00708671 -0.0135952 -0.00296148 0.0159312 0.0282967
internal_weight=57198 25274 6690 3481 3381 2788 593 259 3209 2460 1521 1230 898 229 112 749 455 250 1890 1484 406 661 779 429 350 52 336 451 291 78
internal_count=57198 25274 6690 3481 3381 2788 593 259 3209 2460 1521 1230 898 229 112 749 455 250 1890 1484 406 661 779 429 350 52 336 451 291 78
is_linear=0
shrinkage=0.05


Tree=69
num_leaves=31
num_cat=0
split_feature=5 5 6 6 0 11 2 0 0 2 1 2 4 4 4 0 5 4 0 3 0 0 12 11 4 0 5 4 4 3
split_gain=13.9335 15.2822 8.81376 8.74945 6.55657 10.4773 15.1416 19.576 9.89721 12.2226 6.69152 6.57025 6.17197 10.6228 9.30594 6.91943 9.37337 12.2539 14.0746 12.5314 6.33777 14.4104 6.24275 5.81382 5.72672 5.66475 5.30151 20.19 69.7324 32.6422
threshold=-0.24956724947920125 1.4779829372212656 1.1185040474979022 -1.0557360505944642 -0.3182857931483965 -0.7500292558394458 -0.39209608984125965 -0.60566897136432962 -0.72824330367094159 0.15000088794640967 0.83216619500803923 -1.1144134908277041 0.71130202559038891 0.18398696008070553 1.1698368651640265 -0.47331132081955035 1.4101165497556909 0.34447415393147868 -0.13280897003702882 2.593219488673522 0.76701006881243816 0.99954702019062769 -1.0477032008262543 1.4457311165250033 0.50496134778225188 2.1320600998353485 1.1904917396839851 -0.18284091157820473 -0.29747462147161352 2.0160152888604972
decision_type=2 2 2 2 2 2 2 2 2 2 2 2 2 2 2 2 2 2 2 2 2 2 2 2 2 2 2 2 2 2
left_child=2 3 -1 4 5 6 -2 8 -8 -10 -7 -6 13 20 -14 -15 23 -18 -19 -20 -5 22 -22 -17 -21 -16 -23 28 -28 -30
right_child=1 -3 -4 12 11 10 7 -9 9 -11 -12 -13 14 15 25 16 17 18 19 24 21 26 -24 -25 -26 -27 27 -29 29 -31
leaf_value=-0.0013095867897363934 0.004877788003068418 -0.0020039952201835968 0.00098426874108935086 0.00085137634897789437 0.025082962916177867 -0.0017973623736648086 -0.018775637744970264 -0.0073454821903214916 -0.081658262368291615 -0.029216929584741591 0.012189624462173218 0.0022143298325441648 -0.0027497049740652702 0.0014609717448168266 0.0015112097648972631 0.006232017565284912 -0.0036302909886257516 0.052557433670940436 -0.010958980434927448 0.046612819230470524 0.011830928127612134 0.00086547268151645389 0.00160685535275843 -0.016790135444274972 0.012742780901802085 -0.015237503075132185 0.0043866013412730458 -0.0067901121624969855 0.12110063957050443 0.031846757765327187
leaf_weight=20915 116 4427 5236 10731 34 1714 42 180 20 25 90 412 1918 843 4994 1330 45 37 29 26 589 2714 200 28 24 51 221 166 20 21
leaf_count=20915 116 4427 5236 10731 34 1714 42 180 20 25 90 412 1918 843 4994 1330 45 37 29 26 589 2714 200 28 24 51 221 166 20 21
internal_value=-1.6789e-12 0.000716217 -0.000850307 0.0011686 -0.00156742 -0.00269417 -0.010205 -0.0167579 -0.0362318 -0.0525242 -0.00109956 0.00395768 0.00146892 0.00198186 0.000214841 0.00509368 0.00710972 0.0185168 0.0271084 0.0151892 0.00148055 0.00319811 0.00923927 0.00575733 0.0303552 0.0013419 0.00168108 0.00685298 0.0154971 0.0753852
internal_weight=57198 31047 26151 26620 2633 2187 383 267 87 45 1804 446 23987 17024 6963 2362 1519 161 116 79 14662 3931 789 1358 50 5045 3142 428 262 41
internal_count=57198 31047 26151 26620 2633 2187 383 267 87 45 1804 446 23987 17024 6963 2362 1519 161 116 79 14662 3931 789 1358 50 5045 3142 428 262 41
is_linear=0
shrinkage=0.05


Tree=70
num_leaves=31
num_cat=0
split_feature=5 5 8 4 6 0 4 5 4 12 6 5 2 3 2 4 4 4 0 5 4 0 3 0 0 12 7 4 5 4
split_gain=12.575 13.7922 8.79349 10.1987 13.1897 13.896 8.37209 9.69955 7.95784 27.6081 7.89638 7.22197 5.92833 5.82983 6.70615 5.5702 9.58705 8.39861 6.24479 8.45947 11.0592 12.7023 11.3096 5.71983 13.0054 5.63408 5.45999 5.60756 5.57225 5.93307
threshold=-0.24956724947920125 1.4779829372212656 -0.25919494664649734 -1.2833245265549345 -0.88889511337147242 -0.70412592298491539 0.16106021810202364 -0.84497093191591066 -1.2833245265549345 1.0000000180025095e-35 -1.0557360505944642 -0.61993599915366004 -1.4076681570074618 -0.63433567274564162 0.32332590455841231 0.71130202559038891 0.18398696008070553 1.1698368651640265 -0.47331132081955035 1.4101165497556909 0.34447415393147868 -0.13280897003702882 2.593219488673522 0.76701006881243816 0.99954702019062769 -1.0477032008262543 -0.17418860646293408 1.5825182207803004 -0.94831105648155722 -0.71015597708788747
decision_type=2 2 2 2 2 2 2 2 2 2 2 2 2 2 2 2 2 2 2 2 2 2 2 2 2 2 2 2 2 2
left_child=2 10 3 4 5 -1 11 -8 9 -4 12 -5 -2 14 -11 16 23 -17 -18 -20 -21 -22 -23 -12 25 -25 -10 28 29 -28
right_child=1 -3 8 6 -6 -7 7 -9 26 13 15 -13 -14 -15 -16 17 18 -19 19 20 21 22 -24 24 -26 -27 27 -29 -30 -31
leaf_value=0.00089535709325777927 0.015739902626837093 -0.0019037954551487835 0.0018523330489549985 -0.003384878073075314 -0.0014586036351854799 0.022790072012272941 -0.0030464437448851616 0.0025056877614732221 -0.00041825674473389119 -0.0026487392347069993 0.00080880751812503759 -0.0089537122207010277 -0.0018157590357950313 -0.013251805475325146 -0.031275266002524983 -0.0026122197298571203 0.0013879232024121106 0.0012748018767373556 0.0054694673277767992 -0.0034487761619190378 0.049929562180831631 -0.010411031021744592 0.028837441025301815 0.011239381759950864 0.0015970304145863212 0.0015265125446676394 0.0082291028862534737 -0.0055536098266956713 4.2741009555493715e-05 0.0023034021244714652
leaf_weight=148 49 4427 1151 2891 576 142 2195 1226 11603 292 10731 729 2584 530 22 1918 843 5045 1358 45 37 29 50 589 3142 200 544 258 1954 1890
leaf_count=148 49 4427 1151 2891 576 142 2195 1226 11603 292 10731 729 2584 530 22 1918 843 5045 1358 45 37 29 50 589 3142 200 544 258 1954 1890
internal_value=-1.94005e-12 0.000680406 -0.000807792 -0.0022005 0.0029198 0.0116162 -0.00283027 -0.0010567 -0.000204187 -0.00318442 0.00111017 -0.00450634 -0.00148905 -0.0100533 -0.00465442 0.00139548 0.00188276 0.000204099 0.004839 0.00675424 0.017591 0.025753 0.0144298 0.00140653 0.0030382 0.00877731 0.000161715 0.00161015 0.00203135 0.0036278
internal_weight=57198 31047 26151 7907 866 290 7041 3421 18244 1995 26620 3620 2633 844 314 23987 17024 6963 2362 1519 161 116 79 14662 3931 789 16249 4646 4388 2434
internal_count=57198 31047 26151 7907 866 290 7041 3421 18244 1995 26620 3620 2633 844 314 23987 17024 6963 2362 1519 161 116 79 14662 3931 789 16249 4646 4388 2434
is_linear=0
shrinkage=0.05


Tree=71
num_leaves=31
num_cat=0
split_feature=5 5 8 4 6 0 4 5 4 7 6 6 0 0 11 2 0 0 2 1 2 4 0 6 1 5 6 6 2 8
split_gain=11.3667 12.7366 7.5141 8.41915 10.8588 10.4831 7.47589 8.81904 7.04265 19.4158 8.6959 6.90123 5.81505 5.59784 9.7898 13.4248 17.6674 8.93223 11.0309 5.93106 5.55484 5.4182 4.99436 13.6431 11.213 20.6079 12.7588 10.1061 6.2681 5.70815
threshold=-0.18547950913925723 1.4779829372212656 -0.25919494664649734 -1.2833245265549345 -0.88889511337147242 -0.70412592298491539 0.16106021810202364 -0.84497093191591066 -1.2833245265549345 -0.74807555454224595 0.31220406105026438 -1.0557360505944642 -0.32875394897658755 -0.3182857931483965 -0.7500292558394458 -0.39209608984125965 -0.60566897136432962 -0.72824330367094159 0.15000088794640967 0.83216619500803923 -1.1144134908277041 -1.4667384623843895 -1.3768667146945477 0.046773696581961052 -0.30828453315089582 1.386347522532285 -0.88889511337147242 -0.88889511337147242 -0.34671966749318023 -0.99042967103748658
decision_type=2 2 2 2 2 2 2 2 2 2 2 2 2 2 2 2 2 2 2 2 2 2 2 2 2 2 2 2 2 2
left_child=2 11 3 4 5 -1 -5 -8 9 21 -11 13 -7 14 15 -2 17 -17 -19 -16 -15 -4 23 24 25 26 -13 -26 -29 -27
right_child=1 -3 8 6 -6 12 7 -9 -10 10 -12 22 -14 20 19 16 -18 18 -20 -21 -22 -23 -24 -25 27 29 -28 28 -30 -31
leaf_value=0.00085058920415797949 0.0045430761866335724 -0.001808605682751545 0.010473668780896868 -0.0041344385032015046 -0.0013343426911719128 0.025787701090383863 -0.0028941215527293501 0.002224134565390742 0.0001433018891721252 -0.0092297049584146151 -0.0013716251490767087 0.011865488383109156 0.0042236523877363652 0.023274173751911698 -0.0015106672999902159 -0.017746067890991635 -0.0068874201060195143 -0.077484560869634164 -0.027665295541286467 0.011670931186785714 0.0021906647727183708 0.00077177001592565009 0.0011732707780861707 0.021718139486337645 0.0042984687226925436 0.012028150228909558 0.063466882824897763 -0.02752805668860674 -0.0056707365988595835 0.0020098779363376296
leaf_weight=148 116 4427 238 3732 598 108 2195 1365 16825 873 590 23 44 34 1647 42 180 20 25 90 385 364 21652 103 326 199 25 37 289 498
leaf_count=148 116 4427 238 3732 598 108 2195 1365 16825 873 590 23 44 34 1647 42 180 20 25 90 385 364 21652 103 326 199 25 37 289 498
internal_value=9.89884e-13 0.000668358 -0.000743338 -0.00200824 0.00255998 0.0103227 -0.00257081 -0.000931644 -0.000194922 -0.00295067 -0.00606069 0.00109518 0.0195455 -0.00137942 -0.00242315 -0.009659 -0.0158292 -0.0343294 -0.0498072 -0.000827683 0.0039015 0.0046074 0.00136656 0.00415666 0.00286186 0.00705248 0.0387412 -0.0019265 -0.00815148 0.00487019
internal_weight=57198 30118 27080 8190 898 300 7292 3560 18890 2065 1463 25691 152 2539 2120 383 267 87 45 1737 419 602 23152 1500 1397 745 48 652 326 697
internal_count=57198 30118 27080 8190 898 300 7292 3560 18890 2065 1463 25691 152 2539 2120 383 267 87 45 1737 419 602 23152 1500 1397 745 48 652 326 697
is_linear=0
shrinkage=0.05


Tree=72
num_leaves=31
num_cat=0
split_feature=0 5 1 3 8 0 4 4 8 12 2 5 2 0 6 5 4 5 9 8 3 2 4 4 9 4 3 11 4 6
split_gain=10.7289 8.18203 7.04421 5.68782 5.68006 7.30045 6.16512 10.2256 8.51881 8.46261 7.43533 7.39744 6.15068 4.92169 4.75255 4.71372 4.60144 4.53869 7.21049 12.3413 8.82775 7.81136 14.963 11.9185 11.1667 9.40668 16.6813 8.99026 12.8684 8.12544
threshold=0.43202768883440962 -1.1326614881673891 4.5507345581604772 -0.12653211735774952 -1.7049705869141294 -0.80152611022553211 -1.2833245265549345 -0.45796181532238694 1.0816417019878375 1.0000000180025095e-35 0.035063170721198904 -1.3430211371129324 0.32332590455841231 -1.6769597163557377 0.31220406105026438 -1.3931917313346975 -1.3521047524909802 1.4779829372212656 1.0000000180025095e-35 1.0184757865176055 -1.4397021174243292 0.25277444238343988 -0.068207201684795479 -0.43503507334370556 0.15011185020822368 0.71130202559038891 1.4724410070425007 -0.7500292558394458 -1.2833245265549345 1.7136308150948316
decision_type=2 2 2 2 2 2 2 2 2 2 2 2 2 2 2 2 2 2 2 2 2 2 2 2 2 2 2 2 2 2
left_child=1 3 17 4 5 -1 8 9 12 -8 -9 -11 -6 -13 16 -10 -5 18 20 21 -3 -20 23 27 -24 26 29 -23 -29 -26
right_child=-2 2 -4 14 6 -7 7 10 15 11 -12 13 -14 -15 -16 -17 -18 -19 19 -21 -22 22 24 -25 25 -27 -28 28 -30 -31
leaf_value=-0.002130468153814194 0.0010291853183783469 0.012987545106710361 0.023726988305908539 -0.025360280432953287 -0.0024066197118899676 -0.011248623796914044 -0.00098682591513892253 -0.0014920794457560615 -0.0046400927763897929 0.00068226041589877187 -0.019535333372839199 0.033491921708697366 -0.029250017485835333 0.0088183491599825997 -0.018068485957950256 -0.028857578682126822 -0.0038506670862888249 -0.0016440507788008465 -0.0010199942121557185 0.0041488978079492807 -0.00062234025704791408 0.011392400860737933 0.01546041988211741 -0.0080671735651985672 0.014663409189216629 -0.0016330176240913115 0.0022805062601259037 0.004879407195239392 -0.0082341707695260235 0.042465193215757611
leaf_weight=719 17552 120 31 26 711 316 768 3666 32 377 58 21 22 538 76 54 569 4228 5059 2577 16751 192 245 461 212 489 533 439 326 30
leaf_count=719 17552 120 31 26 711 316 768 3666 32 377 58 21 22 538 76 54 569 4228 5059 2577 16751 192 245 461 212 489 533 439 326 30
internal_value=-3.78592e-12 -0.000455639 -9.58195e-05 -0.00188953 -0.00148364 -0.00491437 -0.000915236 -0.0003051 -0.00495897 0.00290313 -0.0017731 0.00609489 -0.00321229 0.00974526 -0.00629449 -0.0198464 -0.00479058 -0.000119144 0.000115867 0.0011403 -0.000525536 0.00016946 0.0022253 -0.00146256 0.00569077 0.00379712 0.00722337 0.00171898 -0.000708863 0.0181099
internal_weight=57198 39646 31693 7953 7282 1035 6247 5428 819 1704 3724 936 733 559 671 86 595 31662 27434 10563 16871 7986 2927 1418 1509 1264 775 957 765 242
internal_count=57198 39646 31693 7953 7282 1035 6247 5428 819 1704 3724 936 733 559 671 86 595 31662 27434 10563 16871 7986 2927 1418 1509 1264 775 957 765 242
is_linear=0
shrinkage=0.05


Tree=73
num_leaves=31
num_cat=0
split_feature=5 5 8 6 0 1 2 0 11 2 0 2 1 2 2 0 5 3 2 0 0 0 0 2 0 11 0 6 1 5
split_gain=9.82321 10.6341 6.43976 5.95403 5.42187 7.52621 5.40157 5.05014 8.80204 12.1295 15.808 8.40056 5.24454 5.02888 4.8015 4.94715 5.12321 9.38322 4.87373 6.37873 4.3257 4.4252 6.1471 6.63764 5.95251 9.10421 5.58934 12.1061 10.5511 10.039
threshold=-0.18547950913925723 1.4779829372212656 -0.25919494664649734 -1.0557360505944642 -1.1019880528623449 -0.77664833077501227 -0.59802044817242195 -0.3182857931483965 -0.7500292558394458 -0.39209608984125965 -0.60566897136432962 -0.018152040493884542 0.83216619500803923 -1.1144134908277041 -1.735530779072912 -0.25341432346830101 -0.84497093191591066 -1.3095842672170963 -0.85680206231867773 -0.70412592298491539 2.4700175506702986 0.81365309454649604 1.6437776611856465 5.2373451118821626 1.9093270678098944 -0.7500292558394458 -1.3768667146945477 0.046773696581961052 0.6654816330501474 1.386347522532285
decision_type=2 2 2 2 2 2 2 2 2 2 2 2 2 2 2 2 2 2 2 2 2 2 2 2 2 2 2 2 2 2
left_child=2 3 4 7 5 -1 -7 8 9 -2 11 -11 -10 -9 -6 16 18 -18 -16 -20 21 26 23 -23 -24 -26 27 28 29 -5
right_child=1 -3 -4 20 14 6 -8 13 12 10 -12 -13 -14 -15 15 -17 17 -19 19 -21 -22 22 24 -25 25 -27 -28 -29 -30 -31
leaf_value=-0.0042095349864324713 0.0043598946090586937 -0.0016419811499580866 -0.00018332774124862298 0.023023954491530149 -0.0092710307918185183 -0.03858982123368021 -0.0072460965900703472 0.022161464984802641 -0.0014079438921058625 -0.05237914061343129 -0.0065464625330918765 -0.020358514568458001 0.01098731649017686 0.0021009126821700664 0.0015574826047992346 -0.0024695100872138094 0.015548486733019978 0.0013089606076030146 -0.0080599093498705809 -0.00069714416925247252 -0.0071999225861703363 0.0036814953871756235 -0.0028454497870450393 0.028127890426133364 0.0079665703689863893 -0.00089441631989180248 0.00066246435197170979 0.020396320695211228 -0.0066060828211120977 0.0034816183516322343
leaf_weight=1009 116 4427 18890 70 187 28 27 34 1647 33 180 54 90 385 966 3515 131 990 437 900 150 3332 833 28 483 725 16101 103 253 1074
leaf_count=1009 116 4427 18890 70 187 28 27 34 1647 33 180 54 90 385 966 3515 131 990 437 900 150 3332 833 28 483 725 16101 103 253 1074
internal_value=-1.99596e-13 0.000621323 -0.000691027 0.00101133 -0.00186202 -0.00519133 -0.0232029 -0.00128719 -0.00227854 -0.00913965 -0.0150046 -0.0325043 -0.000765702 0.00372874 -0.00136491 -0.00115185 0.00020083 0.00297299 -0.00114854 -0.00310367 0.0012634 0.00131859 0.00257054 0.00388522 0.000406243 0.00264851 0.000934422 0.00385361 0.00263393 0.00467739
internal_weight=57198 30118 27080 25691 8190 1064 55 2539 2120 383 267 87 1737 419 7126 6939 3424 1121 2303 1337 23152 23002 5401 3360 2041 1208 17601 1500 1397 1144
internal_count=57198 30118 27080 25691 8190 1064 55 2539 2120 383 267 87 1737 419 7126 6939 3424 1121 2303 1337 23152 23002 5401 3360 2041 1208 17601 1500 1397 1144
is_linear=0
shrinkage=0.05


Tree=74
num_leaves=31
num_cat=0
split_feature=0 5 1 7 3 3 1 0 3 5 12 0 0 11 2 0 5 1 8 5 2 1 7 5 0 0 2 0 1 12
split_gain=9.03432 6.91329 6.35983 4.74792 8.03874 5.57084 4.49117 3.9488 3.5076 4.30531 4.56349 8.30357 7.83068 8.46631 7.19793 7.03947 7.50026 5.92228 5.30801 4.89815 4.58358 4.5699 3.84784 3.80644 3.71845 3.57235 3.57127 3.55321 4.87624 4.41749
threshold=0.43202768883440962 -1.2122321088555645 4.5507345581604772 -0.44313593596502393 -0.22528061897250806 0.43448615234425375 -0.80476509184914691 2.4700175506702986 1.3166402403684843 1.4779829372212656 1.0000000180025095e-35 -1.4280469313221158 -0.92988716136921734 -0.7500292558394458 1.6022514968201913 -0.78664977391242574 0.9652358749025497 3.6057252039299117 -0.99042967103748658 1.4101165497556909 1.1043958128592319 0.60082764297008773 1.707859523614377 1.4312047935437753 0.28061925841524488 -0.35234543108220923 1.046586375203175 0.30827873209710005 -0.27930851708746446 -0.69978104715131473
decision_type=2 2 2 2 2 2 2 2 2 2 2 2 2 2 2 2 2 2 2 2 2 2 2 2 2 2 2 2 2 2
left_child=1 3 8 5 -5 -1 -6 -2 27 10 11 14 -13 24 19 18 25 20 -12 -10 22 -20 -15 26 -14 -17 -23 -3 -29 -30
right_child=7 2 -4 4 6 -7 -8 -9 9 -11 15 12 13 17 -16 16 -18 -19 21 -21 -22 23 -24 -25 -26 -27 -28 28 29 -31
leaf_value=0.00018126071841394526 0.0010172511719562934 -0.00012496711058191466 0.022507516040857281 -0.0025670604220767519 -0.0088714109255321819 -0.011912253510555009 -0.027567202706334438 -0.0067777981019079142 0.0070207072760571131 -0.0188534223549068 0.0031117523560533302 -0.010397653126388252 -0.015188067028487941 0.0042681180439777325 0.00035140040505211802 0.0050376825871550155 0.005169634652697961 -0.0091692485425692912 0.0010215830269972085 0.035246819444000724 0.011022986122089021 -0.0047341283803689297 -0.018255513533949854 -0.02589866171336987 0.0064158826135098934 -0.0076766645000209402 -0.027902069405120401 -0.0061279598571553941 0.0051672100298012121 -0.001800252065790628
leaf_weight=2498 17388 28427 31 3619 119 99 44 164 22 25 100 97 69 108 40 74 660 52 59 51 421 80 23 55 28 218 21 573 261 1772
leaf_count=2498 17388 28427 31 3619 119 99 44 164 22 25 100 97 69 108 40 74 660 52 59 51 421 80 23 55 28 218 21 573 261 1772
internal_value=5.47407e-13 -0.00041811 -0.000128988 -0.00192591 -0.00305628 -0.000279755 -0.0139181 0.000944417 -0.000150101 0.00177776 0.00201457 0.00471367 0.00291736 0.00475981 0.0173991 7.38619e-05 0.00221768 0.00696185 -0.00640524 0.0267403 0.00848144 -0.0108318 0.000313587 -0.0153147 -0.00895188 -0.00445454 -0.00955123 -0.000286958 -0.002054 -0.000905757
internal_weight=57198 39646 33267 6379 3782 2597 163 17552 33236 2203 2178 911 798 701 113 1267 952 604 315 73 552 215 131 156 97 292 101 31033 2606 2033
internal_count=57198 39646 33267 6379 3782 2597 163 17552 33236 2203 2178 911 798 701 113 1267 952 604 315 73 552 215 131 156 97 292 101 31033 2606 2033
is_linear=0
shrinkage=0.05


Tree=75
num_leaves=31
num_cat=0
split_feature=5 5 8 4 6 0 4 5 5 4 12 6 12 4 4 5 4 1 4 5 2 0 5 6 4 0 0 4 4 4
split_gain=8.47638 9.15059 5.82977 8.11355 10.4175 10.5401 6.88981 7.23468 6.79587 6.09037 21.4384 5.46579 5.0699 12.6708 8.87091 5.87389 10.4635 9.48678 12.1304 10.6103 9.0787 9.02835 7.73067 6.0303 6.00806 5.81149 5.53599 4.80449 8.48142 7.3732
threshold=-0.24956724947920125 1.4779829372212656 -0.25919494664649734 -1.2833245265549345 -0.88889511337147242 -0.70412592298491539 0.16106021810202364 -0.84497093191591066 -0.61993599915366004 -1.2833245265549345 1.0000000180025095e-35 -1.0557360505944642 -0.69978104715131473 1.5595914788016185 1.5595914788016185 -1.1735669212629918 -0.13698742762084057 -0.71410960361967124 -0.61844900917316037 -0.79085023738312954 -0.49442494890717487 0.49050953768559774 -0.43848646996953172 1.7136308150948316 -0.93942339687470655 0.79024895926192718 -0.59646414449833429 0.71130202559038891 0.18398696008070553 1.1698368651640265
decision_type=2 2 2 2 2 2 2 2 2 2 2 2 2 2 2 2 2 2 2 2 2 2 2 2 2 2 2 2 2 2
left_child=2 11 3 4 5 -1 8 -8 -5 10 -4 -2 13 15 -14 16 -11 23 19 21 -18 -19 24 26 25 -21 -17 28 -13 -29
right_child=1 -3 9 6 -6 -7 7 -9 -10 12 -12 27 14 -15 -16 17 20 18 -20 22 -22 -23 -24 -25 -26 -27 -28 29 -30 -31
leaf_value=0.0011614788138005581 -0.0012538169070286809 -0.001546288231365771 0.0016594812549899811 -0.002791500699358134 -0.0011214016393833188 0.020229958383117239 -0.0024684072334011345 0.0023266501752411371 -0.0081935547348104681 3.9539322953568133e-05 -0.0088317979878988883 0.0011506702893149298 0.0013147023888021179 0.0072804893319943463 -0.0050206610285459972 0.011983171252990669 -0.0044309639847261231 -0.015433194938638848 0.00038451031744822121 0.0030871135229157951 -0.015058346391138353 0.0041736000429955311 -0.0030012004107883216 0.023780958337146184 -0.021477964462311424 -0.015904866722020513 0.00069628877293911786 -0.0025992146376658328 0.0043791528657001373 0.0010427968199495433
leaf_weight=148 2633 4427 1151 2891 576 142 2195 1226 729 1066 844 14662 8703 446 590 159 885 73 2822 67 260 300 211 43 180 101 343 1918 2362 5045
leaf_count=148 2633 4427 1151 2891 576 142 2195 1226 729 1066 844 14662 8703 446 590 159 885 73 2822 67 260 300 211 43 180 101 343 1918 2362 5045
internal_value=-3.41381e-13 0.000558624 -0.000663209 -0.00179719 0.00276978 0.0104985 -0.0023589 -0.00074998 -0.00387937 -0.000171739 -0.00277893 0.000908678 0.000148364 -0.000872468 0.000912479 -0.00143103 -0.00352529 -0.000353935 -0.00124888 -0.00619462 -0.00684417 0.000336345 -0.0105525 0.00581052 -0.015131 -0.00833068 0.00427122 0.00114605 0.00159861 3.9583e-05
internal_weight=57198 31047 26151 7907 866 290 7041 3421 3620 18244 1995 26620 16249 6956 9293 6510 2211 4299 3754 932 1145 373 559 545 348 168 502 23987 17024 6963
internal_count=57198 31047 26151 7907 866 290 7041 3421 3620 18244 1995 26620 16249 6956 9293 6510 2211 4299 3754 932 1145 373 559 545 348 168 502 23987 17024 6963
is_linear=0
shrinkage=0.05


Tree=76
num_leaves=31
num_cat=0
split_feature=0 1 5 4 1 4 2 2 5 1 12 6 4 8 5 0 9 0 4 6 5 0 11 1 4 4 4 0 0 12
split_gain=7.71235 5.84949 5.54853 4.23783 11.8129 7.65415 9.97088 8.30632 6.37854 5.17083 5.26545 5.91309 3.84294 3.70674 4.54054 3.59585 3.18387 5.91691 3.38522 3.47839 3.34914 6.85986 4.84123 5.87337 6.0034 3.85546 10.906 12.9252 24.3161 22.7507
threshold=0.43202768883440962 4.5507345581604772 -1.2122321088555645 -1.2833245265549345 -0.32584575134271448 -0.45796181532238694 -0.92431074308950467 -0.089266186466559386 -1.3694227041112916 -0.77664833077501227 0.6919075675484444 -0.88889511337147242 0.27569392799543307 -1.7049705869141294 -1.3694227041112916 2.4700175506702986 -1.5490644330984626 2.0936190745863663 0.069353250187296225 1.0000000180025095e-35 0.45541128839052486 2.1320600998353485 -0.7500292558394458 -0.38984319112693105 -1.5125919463417536 -0.71015597708788747 -0.18284091157820473 1.6887697751547579 0.76701006881243816 -0.69978104715131473
decision_type=2 2 2 2 2 2 2 2 2 2 2 2 2 2 2 2 2 2 2 2 2 2 2 2 2 2 2 2 2 2
left_child=1 2 3 4 -1 6 13 9 -8 -7 -11 -12 -13 14 -5 16 17 18 19 -2 22 25 -18 24 -24 -22 27 28 29 -27
right_child=15 -3 -4 5 -6 7 8 -9 -10 10 11 12 -14 -15 -16 -17 20 -19 -20 -21 21 -23 23 -25 -26 26 -28 -29 -30 -31
leaf_value=-0.0034420266644341634 -0.0021929536658161753 0.021324605578857084 -0.00014406057804308353 0.0013766647933516653 -0.02668390788011632 -0.0013020027301409284 -0.0014850232947836218 -0.021123961523427801 0.0078105351282650864 -0.0041176434964100509 -0.0049031811285643809 -0.042998923243873798 -0.016536131038275712 -0.00037630163246329322 -0.013141092133382019 -0.0064964416954331333 -0.0011007913245491263 -0.0090438003668834154 0.0015746087095170336 0.00976604914527608 -0.0007600080408718099 0.014654054418878713 0.025266802793185258 0.00045165519006154389 0.0036470082103823333 -0.019116906569212336 0.00041762138287553029 -0.0049989690317919387 0.016621967630094981 0.0065729513204096108
leaf_weight=745 72 31 33236 85 59 3039 259 59 642 627 62 23 34 598 147 164 3950 82 388 391 1258 103 33 6461 1190 110 2253 209 490 398
leaf_count=745 72 31 33236 85 59 3039 259 59 642 627 62 23 34 598 147 164 3950 82 388 391 1258 103 33 6461 1190 110 2253 209 490 398
internal_value=2.58806e-13 -0.000386311 -0.0004033 -0.00175399 -0.00514759 -0.00126459 0.00149624 -0.00250782 0.00513845 -0.00221764 -0.00594767 -0.0155899 -0.0272141 -0.00245753 -0.00782209 0.000872588 0.000942091 0.00378348 0.00501948 0.00790633 0.000780984 0.0018891 0.000321795 0.00105308 0.00423037 0.00161042 0.00247227 0.0063075 0.00867529 0.00101019
internal_weight=57198 39646 39615 6379 804 5575 1731 3844 901 3785 746 119 57 830 232 17552 17388 933 851 463 16455 4821 11634 7684 1223 4718 3460 1207 998 508
internal_count=57198 39646 39615 6379 804 5575 1731 3844 901 3785 746 119 57 830 232 17552 17388 933 851 463 16455 4821 11634 7684 1223 4718 3460 1207 998 508
is_linear=0
shrinkage=0.05


Tree=77
num_leaves=31
num_cat=0
split_feature=5 5 6 6 0 11 2 4 4 3 2 2 3 4 2 0 6 5 2 4 6 3 4 3 0 0 2 3 5 8
split_gain=7.22361 8.27707 4.74361 4.61218 4.5493 7.94737 10.9469 15.455 16.8624 22.2066 4.60128 4.21934 4.19315 4.45854 4.59215 3.93622 10.1959 8.18557 16.1867 17.8262 14.7817 9.6418 13.496 7.0885 6.96908 3.90757 4.58666 3.98435 7.13294 4.23909
threshold=-0.18547950913925723 1.4779829372212656 1.1185040474979022 -1.0557360505944642 -0.3182857931483965 -0.7500292558394458 -0.39209608984125965 -0.20576765355688617 -0.29747462147161352 -0.078141257580798471 -1.1993258588451181 -1.9575771726513211 0.078936671547967852 1.2615438330787541 0.4057191339022847 -1.3768667146945477 0.046773696581961052 1.4101165497556909 0.8549973470426232 -0.068207201684795479 -0.88889511337147242 -0.16125211901352218 0.18398696008070553 1.4048846845692959 -1.5531776930915278 -1.1511588724903166 0.52911129063508744 2.593219488673522 1.4495693291702281 1.0000000180025095e-35
decision_type=2 2 2 2 2 2 2 2 2 2 2 2 2 2 2 2 2 2 2 2 2 2 2 2 2 2 2 2 2 2
left_child=2 3 11 4 5 6 -2 8 -8 -10 -6 -1 -7 -14 -15 16 17 18 19 -5 -19 -22 24 -21 -23 26 -17 -27 29 -29
right_child=1 -3 -4 15 10 12 7 -9 9 -11 -12 -13 13 14 -16 25 -18 20 -20 23 21 22 -24 -25 -26 27 -28 28 -30 -31
leaf_value=-0.0082261339181319022 0.0042180420260780824 -0.0014639786775473105 0.00073155157192404674 0.0067134621563587297 0.023985577947818318 -0.0017356016330079141 -0.014185388615338267 -2.6639578391041144e-05 -0.012487312736484455 -0.084526069689056155 0.002266902412898405 -0.00085664344043185649 0.0007783481032785141 0.028359956728028404 0.0048415442563447299 -0.0019376633457152349 0.018757261862996425 0.0055123752951533132 -0.0053935444411380516 0.053707924766874894 0.00066994132609052249 -0.044871044898330159 -0.0032220695729943388 0.017399686845019462 -0.017004479591228201 0.00088612029817161902 -0.018101623788010331 -0.0032296881654271178 0.026577495135633011 0.0055869212395836341
leaf_weight=196 116 4427 5412 89 26 1453 112 112 20 23 393 21472 198 35 51 359 103 668 95 41 257 37 133 20 57 20457 50 179 35 572
leaf_count=196 116 4427 5412 89 26 1453 112 112 20 23 393 21472 198 35 51 359 103 668 95 41 257 37 133 20 57 20457 50 179 35 572
internal_value=-1.09844e-12 0.000532805 -0.000592578 0.000876885 -0.00114611 -0.00208703 -0.00860653 -0.0141783 -0.0244039 -0.0510197 0.0036146 -0.000923305 -0.00064951 0.00490715 0.014413 0.00109874 0.0035757 0.00245637 0.0107556 0.0209834 0.000691339 -0.00596249 -0.0134715 0.0418036 -0.0279732 0.000927142 -0.0039137 0.00102034 0.00451376 0.00348549
internal_weight=57198 30118 27080 25691 2539 2120 383 267 155 43 419 21668 1737 284 86 23152 1500 1397 245 150 1152 484 227 61 94 21652 409 21243 786 751
internal_count=57198 30118 27080 25691 2539 2120 383 267 155 43 419 21668 1737 284 86 23152 1500 1397 245 150 1152 484 227 61 94 21652 409 21243 786 751
is_linear=0
shrinkage=0.05


Tree=78
num_leaves=31
num_cat=0
split_feature=1 3 2 9 7 4 6 6 4 2 4 4 5 1 5 8 8 4 3 8 2 5 5 2 7 3 3 5 2 2
split_gain=6.61539 4.14445 3.81021 3.78844 4.02445 3.76875 5.26386 3.70477 8.60096 4.59329 3.68899 3.41245 5.15464 7.17526 10.2724 5.71139 8.12296 4.14674 3.76994 3.28219 5.2838 4.96675 4.1697 3.9172 3.67505 5.61737 3.3267 3.96048 3.934 3.04607
threshold=1.1402282250590876 -1.7152345853068274 -1.735530779072912 -1.4491128870215986 1.0000000180025095e-35 -1.008203622810752 -0.88889511337147242 1.0000000180025095e-35 -1.0540571067681157 0.4243537195319283 0.069353250187296225 0.13813347612334176 1.386347522532285 4.5507345581604772 1.2994638957836848 -0.99042967103748658 1.0000000180025095e-35 -0.15991416959952287 2.593219488673522 1.0000000180025095e-35 0.96957774083692883 1.2291569272765577 1.4651726809124612 0.50772547473212104 -0.67566290470831769 0.79836532886923239 2.4195774946774047 1.4312047935437753 2.9313461519999118 1.187566542397384
decision_type=2 2 2 2 2 2 2 2 2 2 2 2 2 2 2 2 2 2 2 2 2 2 2 2 2 2 2 2 2 2
left_child=1 2 -1 4 7 6 -6 -3 9 -9 -7 12 13 -2 -15 -14 -17 -16 -18 22 21 24 23 -13 25 -21 28 -28 -22 -5
right_child=11 3 -4 29 5 10 -8 8 -10 -11 -12 19 15 14 17 16 18 -19 -20 20 26 -23 -24 -25 -26 -27 27 -29 -30 -31
leaf_value=-0.010052890543722444 0.00055667639059432401 0.00039326796448376893 -0.0019285995338098043 -0.00032124963255001542 -0.016664385435459041 0.0048740450283543419 -0.0010133860245930494 0.020436030706373332 0.0023818714458710612 0.0068947032350298587 -0.0020315011221114024 -0.0093936229485105018 0.018027872173115612 0.0026732750736280452 0.015337444972246886 -0.024997984885506461 0.00095158362279558538 0.046164298957834644 -0.019472802287366774 0.0058975745178759106 -0.0016044901654098352 -0.00029775363007446628 0.020443967778701336 0.0045972904748274842 0.0065171481125320223 0.035192782350996925 0.0016860377638613297 0.019777231595612 -0.018133713334406675 0.0020979126710449574
leaf_weight=180 3395 1104 728 44961 85 301 146 107 1117 151 541 52 21 90 20 59 117 24 28 30 683 131 40 1320 95 36 223 35 38 1340
leaf_count=180 3395 1104 728 44961 85 301 146 107 1117 151 541 52 21 90 20 59 117 24 28 30 683 131 40 1320 95 36 223 35 38 1340
internal_value=-2.44472e-12 -0.000191485 -0.00353914 -0.000130512 0.00144316 -0.00111499 -0.00677241 0.00255041 0.0042824 0.0125107 0.000437109 0.00151001 0.000536762 0.00100459 0.0123529 -0.00680088 -0.00935679 0.0321521 -0.00299244 0.00287177 0.00102851 0.00693148 0.00453096 0.00406702 0.0128136 0.0218768 -0.000732133 0.00414027 -0.00247566 -0.000251237
internal_weight=57198 50761 908 49853 3552 1073 231 2479 1375 258 842 6437 3754 3529 134 225 204 44 145 2683 1271 292 1412 1372 161 66 979 258 721 46301
internal_count=57198 50761 908 49853 3552 1073 231 2479 1375 258 842 6437 3754 3529 134 225 204 44 145 2683 1271 292 1412 1372 161 66 979 258 721 46301
is_linear=0
shrinkage=0.05


Tree=79
num_leaves=31
num_cat=0
split_feature=0 1 3 9 0 2 3 9 0 8 7 0 0 4 1 7 9 7 0 4 4 0 1 0 9 6 3 4 4 9
split_gain=6.14243 4.9757 3.8491 3.33192 3.31849 2.88644 2.71467 3.83508 3.89804 5.81694 7.84742 5.80353 8.11627 4.90728 4.8478 4.51 4.08491 5.19473 5.07982 9.48113 4.37543 13.0987 5.50574 2.77552 4.21507 4.5825 8.59241 6.41781 3.67278 6.07876
threshold=0.43202768883440962 4.5507345581604772 -1.7152345853068274 0.84977267274627111 2.4700175506702986 -1.1144134908277041 1.3166402403684843 1.5494334952843185 -0.92988716136921734 -0.99042967103748658 -0.74807555454224595 -1.4280469313221158 -1.5143630514267346 0.16106021810202364 0.61630201887245284 -0.17418860646293408 1.3495304031305906 -0.44313593596502393 0.046763703059737642 1.3761775429721637 0.22984044403806927 -0.076729895149008923 2.4107711890197381 0.32213540752312358 -1.0493067027141429 1.0000000180025095e-35 0.87136745916807712 1.2156903491213902 -0.11406068564215872 -0.24969433409923195
decision_type=2 2 2 2 2 2 2 2 2 2 2 2 2 2 2 2 2 2 2 2 2 2 2 2 2 2 2 2 2 2
left_child=1 2 3 -1 5 -2 23 8 9 11 -11 12 -8 15 -15 -12 17 18 19 -10 -18 -22 -23 -4 -25 26 -26 28 -27 -30
right_child=4 -3 6 -5 -6 -7 7 -9 16 10 13 -13 -14 14 -16 -17 20 -19 -20 -21 21 22 -24 24 25 27 -28 -29 29 -31
leaf_value=-0.0075676921638660136 -0.0074593579379814831 0.019679032638669016 -0.00026952692134210501 -0.0012120902323827551 -0.0063003968211776786 0.00089546870068821542 0.0024772106030723079 -0.018056585602462292 -0.0026798376508307561 0.0085756021765740331 -0.0099899137990092333 -0.011804172072487955 0.029369228734419897 0.011082331891284904 -0.0091661225084126701 -0.032737786685922053 0.030588817507028583 0.0037529648226966835 -0.0082805949001910871 0.027977892212220468 0.034446538445938917 0.0055423556594178082 -0.026950553423640406 0.0010019243065015103 -0.0055864140185605884 -0.0019526342886470307 -0.030162140885845592 -0.0088691122423793477 0.010580051406962401 -0.0041585558418455165
leaf_weight=334 104 31 33965 539 164 17284 100 25 119 74 53 39 39 37 147 37 25 1196 204 32 28 32 22 813 404 759 39 262 174 117
leaf_count=334 104 31 33965 539 164 17284 100 25 119 74 53 39 39 37 147 37 25 1196 204 32 28 32 22 813 404 759 39 262 174 117
internal_value=-1.87065e-12 -0.000344757 -0.000360426 -0.00364367 0.000778729 0.000845497 -0.000286443 0.00141565 0.00163854 -0.00211176 -0.00587225 0.00524022 0.0100225 -0.00977422 -0.00509442 -0.0193418 0.00282833 0.00217646 -0.00313479 0.00381716 0.0122773 0.00669447 -0.0076955 -0.000389361 -0.00197432 -0.00335306 -0.00774997 -0.00186843 -0.000121592 0.00465422
internal_weight=57198 39646 39615 873 17552 17388 38742 2209 2184 526 348 178 139 274 184 90 1658 1551 355 151 107 82 54 36533 2568 1755 443 1312 1050 291
internal_count=57198 39646 39615 873 17552 17388 38742 2209 2184 526 348 178 139 274 184 90 1658 1551 355 151 107 82 54 36533 2568 1755 443 1312 1050 291
is_linear=0
shrinkage=0.05


Tree=80
num_leaves=31
num_cat=0
split_feature=5 5 8 4 6 0 4 4 12 4 8 12 4 4 5 4 1 4 3 2 7 1 5 6 0 4 7 2 4 1
split_gain=5.94534 6.87647 4.51978 7.529 9.7702 8.95081 6.32832 5.35798 18.6524 6.746 6.54056 4.61267 11.3864 7.87865 4.98911 9.11826 8.72871 11.0006 10.0276 8.07567 5.18377 5.40508 8.32097 5.00621 4.91136 4.57078 4.54428 4.32732 4.14016 4.0924
threshold=-0.24956724947920125 1.4779829372212656 -0.25919494664649734 -1.2833245265549345 -0.88889511337147242 -0.70412592298491539 1.490811252865573 -1.2833245265549345 -0.69978104715131473 -1.4438117204057079 0.38174988366425283 -0.69978104715131473 1.5595914788016185 1.5595914788016185 -1.1735669212629918 -0.13698742762084057 -0.72261133623686191 -0.61844900917316037 -0.65249980246330985 -0.49442494890717487 -0.44313593596502393 -0.23111539808441448 -0.43848646996953172 1.7136308150948316 -0.59646414449833429 -0.57259552521579626 -0.44313593596502393 -0.95128656058993766 -0.82478968698129729 -1.0969979867580053
decision_type=2 2 2 2 2 2 2 2 2 2 2 2 2 2 2 2 2 2 2 2 2 2 2 2 2 2 2 2 2 2
left_child=2 29 3 4 5 -1 -5 8 9 -4 -10 12 14 -13 15 27 23 18 -18 -17 -20 -22 -23 24 -16 -19 -21 -9 -24 -2
right_child=1 -3 7 6 -6 -7 -8 11 10 -11 -12 13 -14 -15 16 19 17 25 20 26 21 22 28 -25 -26 -27 -28 -29 -30 -31
leaf_value=0.0017258717302497274 0.0055644333425072844 -0.0013568573929657612 0.0076523213109347642 -0.0025558416465459948 -0.00092288298060844284 0.019298034379730974 0.0027808600098117161 -0.0032856307040377273 -0.0029277081923321526 -0.0012386084518958126 -0.010502644036412474 0.0012854533736167818 0.0069325483544953343 -0.0046850830337212233 0.011707040174760071 -0.0040779514168882425 0.0062999931392031944 0.017596494900307767 -0.01156584706812442 -0.010402132836499751 0.0037271053637315415 -0.017383591796716918 -0.0034021374397436343 0.022234233539728893 0.00088053252903788799 0.00013808201837779853 -0.025913874228905526 0.0030945174859572325 0.022976349059137563 0.000691115030774083
leaf_weight=148 438 4427 409 6433 576 142 608 505 564 446 576 8703 446 590 152 885 143 38 455 198 149 115 51 42 337 2796 62 561 21 26182
leaf_count=148 438 4427 409 6433 576 142 608 505 564 446 576 8703 446 590 152 885 143 38 455 198 149 115 51 42 337 2796 62 561 21 26182
internal_value=9.38722e-13 0.000467845 -0.000555435 -0.00155391 0.00284546 0.0103302 -0.00209501 -0.000122692 -0.00256811 0.00301448 -0.00675504 0.000177548 -0.000796165 0.000906392 -0.00132566 -0.00325576 -0.000332996 -0.00117877 -0.00588473 -0.00635395 -0.00808754 -0.00337732 -0.00903807 0.00566864 0.00424583 0.000372175 -0.0141011 7.2027e-05 0.00429159 0.0007713
internal_weight=57198 31047 26151 7907 866 290 7041 18244 1995 855 1140 16249 6956 9293 6510 2211 4299 3768 934 1145 791 336 187 531 489 2834 260 1066 72 26620
internal_count=57198 31047 26151 7907 866 290 7041 18244 1995 855 1140 16249 6956 9293 6510 2211 4299 3768 934 1145 791 336 187 531 489 2834 260 1066 72 26620
is_linear=0
shrinkage=0.05


Tree=81
num_leaves=31
num_cat=0
split_feature=5 5 0 2 0 5 3 6 1 4 4 6 0 0 5 4 4 1 5 2 2 2 4 4 7 2 5 7 4 4
split_gain=5.38248 6.34982 3.94744 4.7443 5.59345 4.61555 5.18656 4.55709 6.61693 7.7758 7.31864 3.94527 4.15297 6.51066 12.2051 14.8937 26.5459 5.3482 5.1516 4.23217 3.89781 3.86742 3.7913 4.89025 4.0499 4.73823 5.82014 4.46336 3.70824 8.01119
threshold=-0.18547950913925723 1.4779829372212656 -1.1276121262597307 -1.3537541724162285 -0.80152611022553211 -1.1735669212629918 -0.020360462190462923 -0.88889511337147242 -1.109996388456951 -0.43503507334370556 -0.18284091157820473 -1.0557360505944642 -0.37381750547000286 -0.76410449065143304 1.0613819277844458 -0.18284091157820473 -0.32040136345029535 -0.3398219134466795 1.4101165497556909 -1.1144134908277041 0.72303529494781482 0.62280085960382114 1.4220310269295273 1.1927636071427083 1.707859523614377 -0.30795299748302496 -0.79085023738312954 -0.67566290470831769 0.71130202559038891 0.41325437986752434
decision_type=2 2 2 2 2 2 2 2 2 2 2 2 2 2 2 2 2 2 2 2 2 2 2 2 2 2 2 2 2 2
left_child=2 11 5 4 -4 7 -7 -1 -9 -10 -11 12 13 18 17 16 -16 -15 -2 -14 -19 -3 23 -5 25 -25 27 -27 29 -13
right_child=1 21 3 22 -6 6 -8 8 9 10 -12 28 19 14 15 -17 -18 20 -20 -21 -22 -23 -24 24 -26 26 -28 -29 -30 -31
leaf_value=-0.00070707876708053753 0.0037837054001234501 -0.0011732484502494458 0.0045799266053169656 -0.00021908474993545093 -0.0061362849111474263 -0.0052007899002764254 -0.02715894103197283 -0.0017987098613521085 -0.00039516222356157242 -0.034350215212294935 -0.0091222249236407472 0.0010216113996449709 0.019958586043075606 0.0040072019113670766 -0.010547430651414015 0.0089606565240371444 -0.07533904988318682 -0.0042619661233355794 -0.0040871481065358388 0.0017014274653462875 -0.022930410709874383 -0.020154596974693795 0.0016899886186413509 -0.0009340437272173217 0.0044487240390023138 -0.0043926621823126462 -0.00051224393756267171 -0.015158802371273643 -2.9710362436601983e-05 0.0048690917052267094
leaf_weight=1733 590 4400 150 20247 647 92 38 325 69 57 58 15009 34 211 43 28 25 780 321 478 29 27 2393 521 145 159 202 244 6656 1487
leaf_count=1733 590 4400 150 20247 647 92 38 325 69 57 58 15009 34 211 43 28 25 780 321 478 29 27 2393 521 145 159 202 244 6656 1487
internal_value=3.9713e-12 0.00045992 -0.000511516 -0.000324473 -0.00411943 -0.00245986 -0.0116193 -0.00192875 -0.00608821 -0.0136648 -0.0216265 0.000761291 -0.00110974 -0.00212605 -0.0046863 -0.0217304 -0.0343679 -0.00308215 0.00101033 0.00291382 -0.00493117 -0.00128901 -0.00019798 -0.000407939 -0.00341639 -0.00442921 -0.0074391 -0.0109111 0.00096648 0.00136844
internal_weight=57198 30118 27080 24708 797 2372 130 2242 509 184 115 25691 2539 2027 1116 96 68 1020 911 512 809 4427 23911 21518 1271 1126 605 403 23152 16496
internal_count=57198 30118 27080 24708 797 2372 130 2242 509 184 115 25691 2539 2027 1116 96 68 1020 911 512 809 4427 23911 21518 1271 1126 605 403 23152 16496
is_linear=0
shrinkage=0.05


Tree=82
num_leaves=31
num_cat=0
split_feature=0 5 11 0 0 3 5 2 2 2 2 0 3 3 8 3 2 1 2 2 2 3 6 3 2 0 5 7 3 3
split_gain=5.09817 4.88192 6.8099 7.68913 16.942 10.3811 11.4726 17.674 7.59079 7.00258 9.2168 6.85137 5.78731 4.14544 4.11881 3.80872 6.02496 3.60412 3.83787 3.51355 11.8326 10.2426 7.35207 3.50531 4.06365 3.81189 3.20933 3.61812 6.23148 4.2987
threshold=0.81365309454649604 0.39311345010046078 -0.7500292558394458 1.6437776611856465 1.9093270678098944 0.90626936441350303 1.1495863065883827 0.65341366699212944 1.187566542397384 3.621925625133366 5.2373451118821626 0.93924602935240131 1.6725078410514487 1.5048606475528781 0.38174988366425283 3.1923315992737717 3.621925625133366 -0.79315474346610004 -0.8849323242322279 1.0071235036147033 2.6531584754121167 2.3101830369618326 1.7136308150948316 1.2371415468037494 2.9313461519999118 1.1449233396486802 -1.1735669212629918 -0.44313593596502393 0.54324650311998157 -0.23464596128614398
decision_type=2 2 2 2 2 2 2 2 2 2 2 2 2 2 2 2 2 2 2 2 2 2 2 2 2 2 2 2 2 2
left_child=26 13 3 5 15 14 11 -8 -9 12 -11 -7 -10 17 -3 19 -17 -2 -19 -5 22 -22 -21 -4 25 -25 27 -1 29 -29
right_child=1 2 23 4 -6 6 7 8 9 10 -12 -13 -14 -15 -16 16 -18 18 -20 20 21 -23 -24 24 -26 -27 -28 28 -30 -31
leaf_value=0.00013525486942099198 0.0092900582969090654 0.015592099062126616 0.0032660163348824109 -0.0039361235103569925 0.0087071887297540396 0.017625325148835323 0.060960365362465387 -0.010189803072717041 0.015166425134835616 -0.016641782340593637 0.025583943302210956 0.0034452129874961556 0.042138748464234134 -0.0080100752228206163 -0.0075532009242038822 0.02359207012569127 -0.012219752774884303 -0.010424999275142555 0.00044930374175135746 -0.059644584208726883 -0.022185504440726204 0.012334772673923345 -0.01775818887717006 -0.0077082545813742425 0.012543253372889014 -0.0003192192585674135 -4.2194208231098281e-05 -0.0018471717141187016 0.015699213195820245 -0.008359855522516748
leaf_weight=3243 114 23 690 116 340 114 25 24 37 24 28 337 43 147 117 23 24 82 7723 20 44 42 22 229 50 734 38104 4361 49 269
leaf_count=3243 114 23 690 116 340 114 25 24 37 24 28 337 43 147 117 23 24 82 7723 20 44 42 22 229 50 734 38104 4361 49 269
internal_value=-2.16821e-12 0.000958127 0.00264246 0.00522186 0.00112761 0.00856832 0.0112972 0.0219311 0.0156764 0.0203793 0.00609515 0.00702954 0.029664 0.000309535 -0.00375076 -0.00772825 0.00530518 0.000463971 0.000335057 -0.0102388 -0.0159506 -0.00532676 -0.0377041 0.00051745 -0.00135472 -0.00207632 -0.000232568 -0.00114825 -0.00203784 -0.00222555
internal_weight=57198 11172 3106 1403 631 772 632 181 156 132 52 451 80 8066 140 291 47 7919 7805 244 128 86 42 1703 1013 963 46026 7922 4679 4630
internal_count=57198 11172 3106 1403 631 772 632 181 156 132 52 451 80 8066 140 291 47 7919 7805 244 128 86 42 1703 1013 963 46026 7922 4679 4630
is_linear=0
shrinkage=0.05


Tree=83
num_leaves=31
num_cat=0
split_feature=1 0 1 0 6 4 1 4 5 0 0 4 5 1 4 5 11 5 1 0 8 5 5 0 0 0 2 0 0 4
split_gain=4.73993 4.17539 6.86842 9.62705 10.3971 4.36665 4.44693 9.98127 5.31844 5.12979 5.12748 4.4923 4.66276 7.98605 4.25734 3.82075 19.2365 5.68019 4.48079 3.66183 3.58212 4.60621 4.27462 3.47845 3.36285 4.09797 12.0733 9.80215 6.48213 4.63153
threshold=1.1402282250590876 -0.44379649577730129 1.5158418008972561 -1.4280469313221158 0.046773696581961052 0.13813347612334176 2.0111533611481645 0.55081483173961565 1.2291569272765577 0.59010491522874431 0.55836136915153645 0.41325437986752434 1.4101165497556909 3.6057252039299117 1.490811252865573 1.386347522532285 1.4457311165250033 1.4312047935437753 2.8228242796172474 0.60024155443359561 1.0000000180025095e-35 1.0613819277844458 1.0142561076130823 0.99954702019062769 2.4700175506702986 1.1449233396486802 0.39364866936367976 0.93924602935240131 0.76701006881243816 -1.397958236448344
decision_type=2 2 2 2 2 2 2 2 2 2 2 2 2 2 2 2 2 2 2 2 2 2 2 2 2 2 2 2 2 2
left_child=-1 2 -2 4 -4 15 9 11 20 10 14 19 13 -13 -7 16 24 -17 -19 -8 21 -9 -22 -11 25 27 -27 28 29 -3
right_child=1 5 3 -5 -6 6 7 8 -10 23 -12 12 -14 -15 -16 17 -18 18 -20 -21 22 -23 -24 -25 -26 26 -28 -29 -30 -31
leaf_value=-0.00016208484561076739 0.0023203681810675344 0.0058285781527619533 -0.0060098961569666348 -0.011194383768027262 0.029286637253073212 0.010360982945424304 -0.00093189884698242562 0.0077309030392073213 -0.016112929121650098 -0.0072379302993355382 0.031468500367001349 0.022059832966147826 0.027857483475371588 -0.019009717600420119 0.0021558100981475619 -0.017167752652033554 0.036870880777368678 -0.0049360929049610622 0.02127440473996103 0.00843046505001885 -0.012871501370120728 -0.0098372518596257646 0.0021509669222948028 0.0036210271212778707 -0.010824978092430338 0.030338421880610679 0.0018453790805099527 -0.013806831841761975 0.010537236006177196 -0.0024474891040670299
leaf_weight=50761 423 205 54 298 34 449 214 139 79 91 23 29 43 20 244 73 37 63 22 204 114 51 81 389 63 38 1719 138 136 964
leaf_count=50761 423 205 54 298 34 449 214 139 79 91 23 29 43 20 244 73 37 63 22 204 114 51 81 389 63 38 1719 138 136 964
internal_value=-2.8205e-12 0.00127817 -0.00208059 -0.00690341 0.0076274 0.00176098 0.0035191 0.00101094 -0.00429558 0.00556171 0.00824284 0.00583883 0.0158414 0.00529675 0.007472 0.000657702 0.00102137 -0.00693787 0.0018478 0.00363729 -0.00187072 0.00301524 -0.0066314 0.00156235 0.000614862 0.000840083 0.00246162 -0.0011343 0.00020578 -0.000996168
internal_weight=57198 6437 809 386 88 5628 2170 974 464 1196 716 510 92 49 693 3458 3300 158 85 418 385 190 195 480 3263 3200 1757 1443 1305 1169
internal_count=57198 6437 809 386 88 5628 2170 974 464 1196 716 510 92 49 693 3458 3300 158 85 418 385 190 195 480 3263 3200 1757 1443 1305 1169
is_linear=0
shrinkage=0.05


Tree=84
num_leaves=31
num_cat=0
split_feature=0 5 3 7 3 2 4 2 2 2 4 4 5 4 4 4 0 4 3 5 2 4 4 4 0 0 5 11 5 11
split_gain=4.4951 3.55182 3.85451 4.13612 6.16283 3.6681 3.52853 5.38487 4.6175 3.15822 9.77805 12.1136 5.23648 4.77605 6.20505 4.90531 5.18832 3.01901 7.46732 5.95053 6.17658 4.51211 2.84016 2.80845 2.69452 2.68563 4.47639 9.43929 5.97922 5.13032
threshold=0.43202768883440962 -1.2122321088555645 0.43448615234425375 -0.44313593596502393 -0.2620547193732144 -0.50433632636090964 -1.2833245265549345 -0.040087550042948401 0.34504559023684506 3.621925625133366 -0.068207201684795479 0.046426508208614714 1.4101165497556909 0.34447415393147868 0.50496134778225188 0.25276718601675113 -0.076729895149008923 0.98642292933457132 -1.5103905497264167 -1.3140404490756492 -1.1375814084860376 1.5595914788016185 -1.1457640746828435 1.3991042849508457 2.4700175506702986 0.30827873209710005 -0.37618863167946776 1.0000000180025095e-35 -0.84497093191591066 -0.7500292558394458
decision_type=2 2 2 2 2 2 2 2 2 2 2 2 2 2 2 2 2 2 2 2 2 2 2 2 2 2 2 2 2 2
left_child=1 2 3 6 17 -6 8 22 -1 25 -11 -12 -13 15 -15 16 -14 -5 -19 -20 21 -21 -8 -22 -2 -3 27 29 -29 -27
right_child=24 9 -4 4 5 -7 7 -9 -10 10 11 12 13 14 -16 -17 -18 18 19 20 23 -23 -24 -25 -26 26 -28 28 -30 -31
leaf_value=-0.0029857808452544276 0.00072633598139716649 9.3468469657287541e-06 -0.010876389867847875 -0.0025657881546760301 -0.0072262259754324988 -0.023961136439307171 0.0072036434269743856 0.010379792678426824 -0.027268406252066297 -0.022136616617165233 0.038054901681607592 -0.01575005302136695 -0.0084059690684080129 0.029721015687214164 -0.0042493710480630406 -0.018280634313821792 0.027177687929499719 -0.0065773673934847723 -0.001208476716850011 0.031891297168013727 0.010168524087345768 0.0072158242113800957 -0.00010321259739660156 -0.0018525900423861622 -0.0057127910102547225 -0.0019969415809623307 -0.00013801321530886626 -0.004761026140263044 0.014617651254714779 -0.010046703143547553
leaf_weight=289 17388 30290 105 2847 128 44 143 145 21 27 32 27 20 41 20 25 21 228 257 44 107 32 1900 89 164 348 1793 68 96 459
leaf_count=289 17388 30290 105 2847 128 44 143 145 21 27 32 27 20 41 20 25 21 228 257 44 107 32 1900 89 164 348 1793 68 96 459
internal_value=-6.94853e-13 -0.000294926 -0.00137568 -0.00121668 -0.00226086 -0.0115072 0.000361713 0.00106905 -0.00463073 -8.769e-05 0.00598116 0.0100628 0.00424623 0.0084974 0.0185832 -0.0008243 0.00981981 -0.00181957 0.000986865 0.00424706 0.00940175 0.0215016 0.000408232 0.00470996 0.000666171 -0.000126798 -0.00161877 -0.00435307 0.00658259 -0.00657543
internal_weight=57198 39646 6379 6274 3776 172 2498 2188 310 33267 213 186 154 127 61 66 41 3604 757 529 272 76 2043 196 17552 33054 2764 971 164 807
internal_count=57198 39646 6379 6274 3776 172 2498 2188 310 33267 213 186 154 127 61 66 41 3604 757 529 272 76 2043 196 17552 33054 2764 971 164 807
is_linear=0
shrinkage=0.05


Tree=85
num_leaves=31
num_cat=0
split_feature=5 5 1 6 2 5 0 5 4 4 0 1 4 4 4 4 2 2 4 1 4 4 4 12 0 12 0 0 2 0
split_gain=4.21372 5.47912 3.75788 4.65347 4.02136 3.57383 7.28059 5.55857 5.53181 20.9951 26.8758 5.30002 5.28315 5.32941 4.15217 3.44274 3.39543 3.27272 3.38128 3.58436 3.34658 3.99473 3.14091 3.13686 4.59757 6.18607 6.24649 5.11982 3.01422 5.50712
threshold=-0.18547950913925723 1.4779829372212656 -1.0969979867580053 -1.0557360505944642 0.47607894286980706 0.39311345010046078 -0.76410449065143304 1.1065214618131212 -0.20576765355688617 -0.32040136345029535 -0.56248585589395461 0.70137224620189864 1.2156903491213902 1.3761775429721637 -0.29747462147161352 1.2844705750574359 0.62280085960382114 -1.483489645618328 -0.57259552521579626 -0.88515074628701917 1.4220310269295273 1.1927636071427083 1.3073973170361175 1.0398297212233845 -0.5280422754559323 -1.0477032008262543 -0.2699986224458748 -0.72824330367094159 0.23587665520374837 -0.38186583422727055
decision_type=2 2 2 2 2 2 2 2 2 2 2 2 2 2 2 2 2 2 2 2 2 2 2 2 2 2 2 2 2 2
left_child=17 2 4 5 -2 -4 7 12 9 11 -11 -8 -7 -14 -9 -10 -3 18 -1 22 21 -19 -20 24 27 -26 -27 -23 -22 -30
right_child=1 16 3 -5 -6 6 8 14 15 10 -12 -13 13 -15 -16 -17 -18 20 19 -21 28 23 -24 -25 25 26 -28 -29 29 -31
leaf_value=-0.0061529304488932499 0.0076637526868310359 -0.0011092003165916822 0.0012156840600389053 0.00082607794680851748 -0.0044605784975540108 0.00070712160019096573 -0.0040128667633184305 0.0028611715242980009 0.0019103041291420935 -0.076848340079654021 -0.0035328320916742091 -0.021469556678998837 0.038199428519742062 0.0099379785429767296 -0.0062520075857784079 -0.0082874175804720177 -0.018894613544560141 -0.00038050181487523342 0.006214186273371944 -0.010006139262413579 0.0022107203775860412 -0.00074654355665092903 -0.0064772415734254398 -0.0079832305409595176 -0.012017792144806923 -0.017209074573976729 -6.9634389506727522e-05 0.015516383918723696 0.013316144632139745 -0.0038620629946156076
leaf_weight=497 350 4400 802 22883 85 117 386 235 253 25 25 49 22 69 267 123 27 22329 195 66 2058 152 65 271 175 58 637 71 52 454
leaf_count=497 350 4400 802 22883 85 117 386 235 253 25 25 49 22 69 267 123 27 22329 195 66 2058 152 65 271 175 58 637 71 52 454
internal_value=7.51251e-14 0.000406934 0.000686881 0.000607519 0.00529463 -0.00150006 -0.00288645 0.000861874 -0.00597741 -0.00950619 -0.0401906 -0.00597925 0.00773481 0.0167704 -0.00198588 -0.00142565 -0.00121767 -0.000452586 -0.00355731 0.000399817 -0.000355271 -0.000540965 0.00304133 -0.00316779 -0.00197384 -0.00361563 -0.00149998 0.00443134 0.00136066 -0.00209671
internal_weight=57198 30118 25691 25256 435 2373 1571 710 861 485 50 435 208 91 502 376 4427 27080 823 326 26257 23693 260 1364 1093 870 695 223 2564 506
internal_count=57198 30118 25691 25256 435 2373 1571 710 861 485 50 435 208 91 502 376 4427 27080 823 326 26257 23693 260 1364 1093 870 695 223 2564 506
is_linear=0
shrinkage=0.05


Tree=86
num_leaves=31
num_cat=0
split_feature=0 5 0 0 4 4 5 0 3 4 0 0 2 3 5 8 4 1 2 3 0 4 4 1 0 2 4 0 0 4
split_gain=4.02247 3.94843 5.19585 8.31158 6.82682 21.6454 25.6018 15.1347 11.7379 7.72349 6.69758 6.53085 8.29885 7.91275 6.27095 5.57596 5.48321 4.26605 11.6115 4.16167 3.82561 3.38389 3.34665 3.40434 3.33293 3.33053 3.32704 9.37757 3.3178 3.84117
threshold=0.81365309454649604 0.39311345010046078 2.1320600998353485 1.6437776611856465 -0.13698742762084057 -0.43503507334370556 1.1495863065883827 1.2079298665622893 1.1869518292971126 -0.228694395535568 0.97414177273782254 1.768166426889292 3.621925625133366 3.1923315992737717 0.9652358749025497 1.0000000180025095e-35 0.13813347612334176 3.6057252039299117 2.1621874656600508 2.3101830369618326 2.0936190745863663 -0.29747462147161352 1.3991042849508457 -0.79315474346610004 1.3806707560361342 -0.8849323242322279 -0.48088855730106883 1.8345081719818419 1.0327649499723037 1.2615438330787541
decision_type=2 2 2 2 2 2 2 2 2 2 2 2 2 2 2 2 2 2 2 2 2 2 2 2 2 2 2 2 2 2
left_child=-1 20 3 4 5 8 10 -8 14 -9 21 12 13 17 -3 -10 -6 18 -5 -13 22 -7 23 -2 -12 -25 -21 -28 29 -18
right_child=1 2 -4 11 16 6 7 9 15 -11 24 19 -14 -15 -16 -17 28 -19 -20 26 -22 -23 -24 25 -26 -27 27 -29 -30 -31
leaf_value=-0.00020658080039925235 0.0088160951594258418 0.0089867268157383575 0.012436810927465559 -0.0045203128362327717 -0.0075805758533878083 0.0090631010321279362 0.069802786561625974 0.036892874694811846 -0.0055519457935588436 0.0034691171436570588 -0.0071728185179491645 -0.0012197731488975707 -0.031242999174829686 0.025560466716997327 0.037038613323370967 0.0046128330858522569 0.00040972294944633802 0.013608002516886462 -0.03518186664829652 -0.011379344120532984 -0.0030485152257623072 0.032811400716503465 0.0037023947719228029 -0.0099129367051873276 0.0085436065364089143 0.00022919555425347004 0.038672732181536662 0.0049308826690860862 0.0041675855016276879 -0.020251372612772451
leaf_weight=46026 114 211 123 217 169 30 27 56 354 25 66 537 33 20 22 218 82 23 36 21 785 30 788 82 69 6297 24 145 537 31
leaf_count=46026 114 211 123 217 169 30 27 56 354 25 66 537 33 20 22 218 82 23 36 21 785 30 788 82 69 6297 24 145 537 31
internal_value=-1.88866e-12 0.000851064 0.00236583 0.00195057 0.00390435 0.006463 0.0178539 0.0373834 0.00217548 0.0265769 0.00703763 -0.00161472 -0.00745982 -0.00480832 0.0116354 -0.00167796 0.000442834 -0.00700895 -0.00888322 0.00103045 0.000267769 0.0209373 0.000625313 0.000251874 0.000860021 9.88217e-05 0.0073903 0.00972262 0.00252892 -0.00525837
internal_weight=57198 11172 3106 2983 1927 1108 303 108 805 81 195 1056 329 296 233 572 819 276 253 727 8066 60 7281 6493 135 6379 190 169 650 113
internal_count=57198 11172 3106 2983 1927 1108 303 108 805 81 195 1056 329 296 233 572 819 276 253 727 8066 60 7281 6493 135 6379 190 169 650 113
is_linear=0
shrinkage=0.05


Tree=87
num_leaves=31
num_cat=0
split_feature=5 5 6 1 1 2 1 1 3 8 4 6 5 4 5 5 4 12 4 8 12 4 4 2 5 4 1 4 5 6
split_gain=3.73153 4.65064 3.44338 5.14805 7.21432 4.22672 4.07213 3.89851 4.86322 3.44017 6.85255 8.69903 11.9681 5.30482 6.82312 5.69942 4.59765 17.9103 6.17556 5.84206 4.23948 10.0164 7.31834 4.30002 4.27903 7.92703 7.41892 10.8513 11.0097 7.54792
threshold=-0.31317640375456596 1.4779829372212656 -0.90990146219895396 1.5158418008972561 0.89114889334442104 -0.92978667928212599 -1.109996388456951 -0.30159051555267796 1.4372772728448771 -0.25919494664649734 -1.2374710425975708 -0.88889511337147242 -1.0444571093634523 0.25276718601675113 -0.6782255986205753 -0.84497093191591066 -1.2833245265549345 -0.69978104715131473 -1.4438117204057079 0.38174988366425283 -0.69978104715131473 1.5595914788016185 1.5595914788016185 1.2141058937275375 -1.1735669212629918 -0.13698742762084057 -0.72261133623686191 -0.61844900917316037 -0.79085023738312954 0.31220406105026438
decision_type=2 2 2 2 2 2 2 2 2 2 2 2 2 2 2 2 2 2 2 2 2 2 2 2 2 2 2 2 2 2
left_child=9 2 3 4 6 -4 -2 8 -7 10 11 12 -1 14 -12 -15 17 18 -11 -19 21 23 -22 24 25 -18 -26 28 29 -28
right_child=1 -3 5 -5 -6 7 -8 -9 -10 16 13 -13 -14 15 -16 -17 20 19 -20 -21 22 -23 -24 -25 26 -27 27 -29 -30 -31
leaf_value=0.00023408745525867783 0.0048839557881240597 -0.0011461266597633181 -0.0049474066320836325 -0.010312760744478469 0.0056996313695320266 0.0026159487968419348 -0.0012044866106735658 0.0007271024886379337 0.022550948186507148 0.0077227663889505999 -0.0021062285915829466 -0.00080163597466244546 0.019430600437729428 -0.0019177890275049719 -0.0074959954473817801 0.0026326935016386874 0.00017585844685069957 -0.0028716607491999944 -0.00095322405250977357 -0.010179851199807062 0.0012980899379989195 0.0066621581193847257 -0.004552174009646341 -0.021535156681560554 0.0053352404120039758 -0.0058156798443217876 -0.013990324506000296 0.00054648759075154568 -0.01104420075713209 0.0039253992635727526
leaf_weight=173 292 4427 307 131 461 2334 4617 19411 31 393 2829 636 153 2057 741 1034 1066 540 429 554 8378 428 571 26 528 1145 73 2660 471 302
leaf_count=173 292 4427 307 131 461 2334 4617 19411 31 393 2829 636 153 2057 741 1034 1066 540 429 554 8378 428 571 26 528 1145 73 2660 471 302
internal_value=3.3421e-12 0.00035823 0.000599666 -0.000519622 -0.000280721 0.000878487 -0.00084233 0.000960621 0.00287725 -0.000455286 -0.00134228 0.00260243 0.00924349 -0.00191199 -0.00322494 -0.000395564 -7.03194e-05 -0.00238216 0.00319479 -0.00657252 0.000212751 -0.000738465 0.000924808 -0.00124356 -0.00115908 -0.00292695 -0.000190128 -0.00102224 -0.00595466 0.000437805
internal_weight=57198 32011 27584 5501 5370 22083 4909 21776 2365 25187 7623 962 326 6661 3570 3091 17564 1916 822 1094 15648 6699 8949 6271 6245 2211 4034 3506 846 375
internal_count=57198 32011 27584 5501 5370 22083 4909 21776 2365 25187 7623 962 326 6661 3570 3091 17564 1916 822 1094 15648 6699 8949 6271 6245 2211 4034 3506 846 375
is_linear=0
shrinkage=0.05


Tree=88
num_leaves=31
num_cat=0
split_feature=0 5 11 0 0 3 5 2 2 1 7 0 0 8 3 2 2 2 3 6 3 2 0 9 8 1 5 0 3 3
split_gain=3.4532 3.48968 5.36464 6.47919 14.3399 8.26523 9.09247 15.2029 6.83478 5.76028 9.0575 5.61153 3.53127 3.5028 3.16442 5.07863 3.08382 10.352 8.71471 6.52678 2.82272 3.47261 2.97142 2.81485 4.25417 5.14269 2.79833 2.65773 7.57475 5.68338
threshold=0.81365309454649604 0.39311345010046078 -0.7500292558394458 1.6437776611856465 1.9093270678098944 0.90626936441350303 1.1495863065883827 0.65341366699212944 1.187566542397384 2.5770947965769744 -0.080597219688208724 0.93924602935240131 2.0936190745863663 0.38174988366425283 3.1923315992737717 3.621925625133366 1.0071235036147033 2.6531584754121167 2.3101830369618326 1.7136308150948316 1.2371415468037494 2.9313461519999118 1.1449233396486802 -1.5490644330984626 -0.99042967103748658 -0.83420870963305116 1.2655051286133518 0.60024155443359561 1.5369806572815394 1.4048846845692959
decision_type=2 2 2 2 2 2 2 2 2 2 2 2 2 2 2 2 2 2 2 2 2 2 2 2 2 2 2 2 2 2
left_child=27 12 3 5 14 13 11 -8 -9 -10 -11 -7 23 -3 16 -16 -5 19 -19 -18 -4 22 -22 -2 -25 -26 -12 29 -29 -1
right_child=1 2 20 4 -6 6 7 8 9 10 26 -13 -14 -15 15 -17 17 18 -20 -21 21 -23 -24 24 25 -27 -28 28 -30 -31
leaf_value=-0.00023120227948932894 0.0043738069088278897 0.014419582162214362 0.0027929886986132026 -0.0037874822296575517 0.00771688574760714 0.015798810610073832 0.05567375366389752 -0.010869704194677372 0.036601418876671232 -0.0054546034684227335 0.039082855350253264 0.0029657126621529407 -0.0029459736998399474 -0.0069248719715998847 0.021265646176028025 -0.011613659809033077 -0.05606272924691439 -0.020656869070477448 0.011184720417285073 -0.016597209794616159 -0.0069930139559348558 0.011494063172489405 -0.00046922946925311823 -0.0082973400869273718 0.013990642863458823 0.00036669571967522328 0.016448350468029581 -0.00076852370096966091 -0.0091176043948602969 0.0023319986485765237
leaf_weight=41016 459 23 690 116 340 114 25 24 32 42 22 337 785 117 23 24 20 44 42 22 229 50 734 140 70 6612 36 2421 306 2283
leaf_count=41016 459 23 690 116 340 114 25 24 32 42 22 337 785 117 23 24 20 44 42 22 229 50 734 140 70 6612 36 2421 306 2283
internal_value=1.25792e-12 0.000788545 0.0022126 0.00450198 0.000743642 0.00757388 0.0100089 0.0194756 0.0136746 0.0181372 0.0122287 0.00620956 0.000240181 -0.00341828 -0.00740379 0.00447621 -0.00969215 -0.0150433 -0.00510633 -0.0353903 0.000326512 -0.00135352 -0.00202058 0.000583695 0.000328688 0.000509419 0.0250339 -0.000191405 -0.00170538 -9.60539e-05
internal_weight=57198 11172 3106 1403 631 772 632 181 156 132 100 451 8066 140 291 47 244 128 86 42 1703 1013 963 7281 6822 6682 58 46026 2727 43299
internal_count=57198 11172 3106 1403 631 772 632 181 156 132 100 451 8066 140 291 47 244 128 86 42 1703 1013 963 7281 6822 6682 58 46026 2727 43299
is_linear=0
shrinkage=0.05


Tree=89
num_leaves=31
num_cat=0
split_feature=0 1 5 3 7 1 4 0 8 3 0 3 9 0 0 4 4 6 1 5 4 3 0 8 8 9 4 4 5 5
split_gain=3.26829 3.88902 2.69511 3.71858 3.58464 5.03456 5.35175 3.20101 7.7676 2.79109 4.51102 2.7072 2.52135 3.49116 3.32946 2.91468 2.9485 2.88832 2.39818 2.29158 2.21475 4.44675 6.456 10.0918 7.11673 6.90566 5.55513 5.25922 12.9295 8.4995
threshold=0.43202768883440962 4.5507345581604772 -1.2825390773626912 0.39769058342379765 0.50726550913191959 -0.79315474346610004 -0.43503507334370556 -0.6271509910208567 1.0816417019878375 -1.7152345853068274 -0.80152611022553211 -0.068406859369753895 -1.5490644330984626 2.0936190745863663 2.4700175506702986 0.069353250187296225 1.3532508009934816 1.0000000180025095e-35 -0.17994101877247165 -1.3140404490756492 -0.091133943663477338 -0.63433567274564162 -0.35234543108220923 -1.7049705869141294 1.0816417019878375 1.0000000180025095e-35 -1.1686908166615251 -0.34332810542897768 0.9652358749025497 -0.24956724947920125
decision_type=2 2 2 2 2 2 2 2 2 2 2 2 2 2 2 2 2 2 2 2 2 2 2 2 2 2 2 2 2 2
left_child=1 2 3 4 7 -6 -7 18 11 10 -4 -9 13 15 -14 17 -17 -2 -1 -10 21 22 23 25 -24 26 -11 29 -29 -23
right_child=12 -3 9 -5 5 6 -8 8 19 20 -12 -13 14 -15 -16 16 -18 -19 -20 -21 -22 27 24 -25 -26 -27 -28 28 -30 -31
leaf_value=-6.693840912823364e-05 -0.0023457292882287425 0.017451221892429935 0.00028443535406440928 -0.010468908647519792 -0.0031626964463268314 -0.00094155232072807855 -0.02944276484078728 -0.0011462323504300564 -0.011373892767005601 0.021919709728743006 -0.0098289189165977116 -0.015293765767876591 0.00048404182616870896 -0.0048334765840015127 -0.0077729465295106361 -0.0022382262922114732 0.0068816540444193407 0.0085518036461140496 0.0076627323067581382 -0.02802077364818803 0.00031733340205177007 -0.0030409633932788455 -0.0021707851456408979 0.00081821875913709672 0.0086743324689539953 0.0031705230426837998 0.0070961216134198301 0.00047192810605925918 -0.0086169676085746608 0.0003407602330774187
leaf_weight=2856 72 31 259 110 476 28 40 998 72 123 192 35 16455 123 123 251 137 391 104 29 18170 2597 2102 2718 163 310 130 842 731 6530
leaf_count=2856 72 31 259 110 476 28 40 998 72 123 192 35 16455 123 123 251 137 391 104 29 18170 2597 2102 2718 163 310 130 842 731 6530
internal_value=3.07306e-12 -0.00025148 -0.000265333 -0.00138292 -0.00116742 -0.00498073 -0.017707 -0.000660722 -0.00291953 -0.000113146 -0.00402103 -0.00162558 0.000568036 0.00304039 0.000422779 0.00417844 0.000981938 0.00685715 0.000204645 -0.0161537 -6.19358e-05 -0.000486122 0.000662879 0.00208028 -0.00139032 0.00817315 0.0143028 -0.00108167 -0.00375184 -0.000621477
internal_weight=57198 39646 39615 4748 4638 544 68 4094 1134 34867 451 1033 17552 974 16578 851 388 463 2960 101 34416 16246 5546 3281 2265 563 253 10700 1573 9127
internal_count=57198 39646 39615 4748 4638 544 68 4094 1134 34867 451 1033 17552 974 16578 851 388 463 2960 101 34416 16246 5546 3281 2265 563 253 10700 1573 9127
is_linear=0
shrinkage=0.05


Tree=90
num_leaves=31
num_cat=0
split_feature=1 0 1 0 6 4 5 11 2 4 6 5 4 4 7 4 11 0 8 1 4 5 4 0 0 5 3 4 0 6
split_gain=3.08545 3.53769 5.89067 8.49248 9.31497 3.92446 6.04424 11.2766 7.5161 4.03245 6.93142 6.39552 11.554 35.1483 10.5178 9.41529 6.72662 6.19232 4.42612 3.96363 7.67375 4.79283 4.71202 4.48035 4.83613 3.99901 7.07241 3.36962 7.98655 8.45632
threshold=1.1402282250590876 -0.44379649577730129 1.5158418008972561 -1.4280469313221158 0.046773696581961052 1.0000000180025095e-35 1.386347522532285 1.4457311165250033 0.13071806528954702 -0.068207201684795479 1.7136308150948316 1.2291569272765577 -0.29747462147161352 -0.18284091157820473 0.50726550913191959 -0.48088855730106883 -0.7500292558394458 1.5005076390185235 0.74730582097220966 2.0111533611481645 0.55081483173961565 1.2291569272765577 0.41325437986752434 0.59010491522874431 0.54568875044379339 1.4101165497556909 2.593219488673522 -0.36625484740765951 1.768166426889292 1.0000000180025095e-35
decision_type=2 2 2 2 2 2 2 2 2 2 2 2 2 2 2 2 2 2 2 2 2 2 2 2 2 2 2 2 2 2
left_child=-1 2 -2 4 -4 6 7 9 -8 11 -11 27 14 -14 16 17 -13 -16 -18 23 22 -22 -21 24 -7 26 -24 -3 29 -29
right_child=1 5 3 -5 -6 19 8 -9 -10 10 -12 12 13 -15 15 -17 18 -19 -20 20 21 -23 25 -25 -26 -27 -28 28 -30 -31
leaf_value=-0.00013077228802641823 0.0020152874427380252 0.00086984262741878155 -0.0057871359527645709 -0.010556979942676181 0.027622042381314233 0.0062797208906214515 0.0072052784322295341 0.031717297550419285 -0.020841162137582272 -0.0026639088395099594 -0.030398619878623225 -0.016526930954144033 0.071677016760580817 0.0004768739893244436 0.015373465928479119 0.03708461596397683 -0.0084242249288680876 -0.016901415711997644 0.016762572598668771 0.002488447437294455 -0.001907867880888864 -0.015427998822076317 0.02769624749198556 0.0013239387883151891 0.024330010666297034 0.025715719076783158 -0.010952696904283146 0.0060761457813061671 0.004796471439808477 -0.013476929738642771
leaf_weight=50761 423 1975 54 298 34 765 36 29 71 136 27 77 26 52 42 32 33 23 37 642 385 79 20 558 39 43 29 73 171 228
leaf_count=50761 423 1975 54 298 34 765 36 29 71 136 27 77 26 52 42 32 33 23 37 642 385 79 20 558 39 43 29 73 171 228
internal_value=2.0576e-12 0.00103125 -0.00206041 -0.00652678 0.00712096 0.00147566 0.00026958 0.000691457 -0.011405 0.000384585 -0.007258 0.000834474 0.0074587 0.0242103 0.0021037 0.0148831 -0.00632897 0.00395312 0.0048888 0.00292107 0.000823301 -0.00420979 0.00400498 0.00476624 0.00715529 0.0145877 0.00482238 -3.7207e-05 -0.00383259 -0.00873482
internal_weight=57198 6437 809 386 88 5628 3068 2961 107 2932 163 2769 322 78 244 97 147 65 70 2560 1198 464 734 1362 804 92 49 2447 472 301
internal_count=57198 6437 809 386 88 5628 3068 2961 107 2932 163 2769 322 78 244 97 147 65 70 2560 1198 464 734 1362 804 92 49 2447 472 301
is_linear=0
shrinkage=0.05


Tree=91
num_leaves=31
num_cat=0
split_feature=5 5 0 0 5 8 1 4 6 6 1 0 1 11 4 4 6 2 1 1 8 0 2 5 4 4 5 7 0 11
split_gain=2.93561 4.08152 3.12013 7.07772 8.08293 11.6487 11.3668 17.2117 6.00795 5.96443 5.71819 4.39461 9.41439 7.87532 9.61617 8.13861 14.6612 13.7809 5.15793 4.02468 5.9297 3.72628 3.54063 3.44281 3.36948 10.0126 8.51972 15.0141 4.00545 4.14783
threshold=-0.31317640375456596 1.4779829372212656 -1.9518562126726928 -1.3768667146945477 1.4101165497556909 -0.99042967103748658 -0.52883306738530333 -0.068207201684795479 -0.88889511337147242 -0.50231995162864196 1.8186907630078453 -0.46560339495487107 1.5158418008972561 -0.7500292558394458 -0.32040136345029535 -0.20576765355688617 -1.0557360505944642 -0.37284014373611934 1.0267438033308121 0.5568249743940531 -0.99042967103748658 -2.0029426460512427 0.79878336554552032 0.80777505580412223 0.71130202559038891 0.16106021810202364 1.4495693291702281 0.50726550913191959 2.1320600998353485 1.0000000180025095e-35
decision_type=2 2 2 2 2 2 2 2 2 2 2 2 2 2 2 2 2 2 2 2 2 2 2 2 2 2 2 2 2 2
left_child=-1 2 8 4 6 10 7 -4 -2 -7 -6 12 13 14 19 16 17 -16 22 -5 -21 -10 23 -15 25 -13 -27 -28 29 -26
right_child=1 -3 3 11 5 9 -8 -9 21 -11 -12 24 -14 18 15 -17 -18 -19 -20 20 -22 -23 -24 -25 28 26 27 -29 -30 -31
leaf_value=-0.0004038221886941724 -0.00087412489976519214 -0.0010915681741946821 0.0039038199630072887 0.0077743551213763779 0.0081633516749073012 0.001159291397547558 0.0056707488894203887 0.053510513865492416 -0.002671078771450802 -0.0099558995457265202 0.031468010310019404 0.00068539502133956748 -0.010392654251814654 -0.0017770220343264918 -0.0083678583335131413 -0.0041727844299250718 -0.0080602917606335915 -0.060673810551216935 0.0061040320641490677 0.0066396000936427826 -0.017716241960285924 -0.02303099707192318 -0.0066436256879956763 0.0015873715048544297 0.00069405375701363909 0.0039770768624112288 0.040736312263233716 -0.0030308249374178965 -0.014192819420029135 -0.0021832073787951918
leaf_weight=25187 501 4427 34 121 285 558 180 36 38 154 29 13348 251 1303 20 152 86 34 356 49 51 55 202 1826 4413 1623 43 36 51 1749
leaf_count=25187 501 4427 34 121 285 558 180 36 38 154 29 13348 251 1303 20 152 86 34 356 49 51 55 202 1826 4413 1623 43 36 51 1749
internal_value=-1.6381e-14 0.000317737 0.000543918 0.000622808 0.00425756 0.00229318 0.0123194 0.0294158 -0.00304064 -0.00124484 0.0103157 0.000442441 -0.000986219 -0.000424072 -0.00622847 -0.012184 -0.0208818 -0.0413012 0.000383538 0.00164031 -0.00578188 -0.0147119 -0.000227839 0.000186347 0.000741504 0.00114591 0.00475755 0.0207918 -0.000238114 -0.000122618
internal_weight=57198 32011 27584 26990 1276 1026 250 70 594 712 314 25714 4451 4200 513 292 140 54 3687 221 100 93 3331 3129 21263 15050 1702 79 6213 6162
internal_count=57198 32011 27584 26990 1276 1026 250 70 594 712 314 25714 4451 4200 513 292 140 54 3687 221 100 93 3331 3129 21263 15050 1702 79 6213 6162
is_linear=0
shrinkage=0.05


Tree=92
num_leaves=31
num_cat=0
split_feature=0 1 3 9 0 0 4 4 6 1 1 8 1 4 4 7 0 5 4 6 1 0 4 4 12 3 0 0 8 0
split_gain=2.82162 3.52755 2.4668 2.29214 3.07709 3.02727 2.61572 2.64358 2.60674 2.25133 2.67312 6.88362 4.74079 5.30938 14.4422 11.1221 7.45102 5.76501 4.4535 3.95672 2.73821 5.93673 3.45035 4.76993 2.74764 2.73497 2.73198 4.35322 2.53009 2.46307
threshold=0.43202768883440962 4.5507345581604772 -1.9160917397235644 -1.5490644330984626 2.4700175506702986 2.0936190745863663 0.069353250187296225 1.3532508009934816 1.0000000180025095e-35 3.6057252039299117 1.7537497920233844 0.21070812337056413 2.1410131259481298 -0.068207201684795479 0.71130202559038891 1.0000000180025095e-35 0.12236034965722868 1.386347522532285 -0.68722923510920564 1.1185040474979022 1.5526340078511252 -0.1247660445492213 -0.022353717727431312 -1.2833245265549345 -1.0477032008262543 0.12233636015121273 -0.40266444959466524 0.079472219010005132 -1.7049705869141294 0.30827873209710005
decision_type=2 2 2 2 2 2 2 2 2 2 2 2 2 2 2 2 2 2 2 2 2 2 2 2 2 2 2 2 2 2
left_child=1 2 -1 5 -5 6 8 -8 -2 10 20 12 13 18 15 -15 -16 -17 -12 -14 29 25 23 -23 -24 -22 -21 -28 -27 -4
right_child=3 -3 9 4 -6 -7 7 -9 -10 -11 11 -13 19 14 16 17 -18 -19 -20 26 21 22 24 -25 -26 28 27 -29 -30 -31
leaf_value=-0.0039913684642343813 -0.0022603431882796741 0.016626278335048306 -8.9290695886552911e-05 0.00044819300808960342 -0.0074896922293384146 -0.0044470157072977806 -0.002132414702365019 0.0065030362667986633 0.0080923877244009779 -0.010602087221251659 0.013962056742360195 -0.0049760697627121821 -0.0022879051466396546 0.053209688002243641 -0.010605726056490784 0.030151221144478768 0.017866082348919007 -0.0022665668899814291 -0.011138734321088292 -0.0050162849497239759 0.0058631186575993253 0.0088941832502874053 -0.010156953221429951 -0.012347026921421143 0.008580517922776915 -0.0011193125962446898 0.018804700677800511 -0.0075639669926022184 -0.01546529771471075 -0.0016211094709407095
leaf_weight=435 72 31 34990 16455 123 123 251 137 391 52 30 218 227 32 54 32 40 24 43 27 23 39 23 82 131 39 72 20 145 2837
leaf_count=435 72 31 34990 16455 123 123 251 137 391 52 30 218 227 32 54 32 40 24 43 27 23 39 23 82 131 39 72 20 145 2837
internal_value=1.84183e-12 -0.000233664 -0.000246858 0.000527795 0.000389298 0.00288509 0.00394484 0.000916701 0.00648246 -0.000205284 -0.000191467 0.002635 0.00539575 0.0105686 0.0151378 0.0296949 0.00150994 0.0162579 -0.000823341 0.00158342 -0.000251893 -0.00399671 0.000817654 -0.00550069 0.00578206 -0.0103926 0.00896823 0.0130724 -0.0124246 -0.000204176
internal_weight=57198 39646 39615 17552 16578 974 851 388 463 39180 39128 819 601 255 182 88 94 56 73 346 38309 482 275 121 154 207 119 92 184 37827
internal_count=57198 39646 39615 17552 16578 974 851 388 463 39180 39128 819 601 255 182 88 94 56 73 346 38309 482 275 121 154 207 119 92 184 37827
is_linear=0
shrinkage=0.05


Tree=93
num_leaves=31
num_cat=0
split_feature=0 0 1 5 4 4 0 4 3 0 4 0 0 5 0 0 5 4 0 4 4 3 0 2 8 1 0 2 1 4
split_gain=2.63242 3.16334 3.82416 3.05809 5.58067 9.19257 15.6653 21.2632 41.6018 5.16065 7.65183 4.93544 7.03788 4.26823 4.0284 7.6569 6.80271 8.5431 5.02259 6.97589 4.6457 4.3182 3.51836 3.40558 3.34811 3.78118 3.07353 2.84905 2.83902 2.77545
threshold=0.81365309454649604 0.85193346645677892 0.95892606154816384 0.5168783321317606 -1.0769838487467975 -0.13698742762084057 1.2711646930971334 -0.29747462147161352 1.5767137871784713 2.1320600998353485 1.0000000180025095e-35 1.768166426889292 1.6437776611856465 1.2655051286133518 1.3806707560361342 1.6630209632296875 0.9652358749025497 -0.34332810542897768 1.768166426889292 -0.25162113751425025 -0.36625484740765951 2.202591650424965 0.97414177273782254 1.4151837033957022 -0.99042967103748658 -0.83420870963305116 1.2079298665622893 -0.37284014373611934 1.5928914074645542 -0.04528045970611317
decision_type=2 2 2 2 2 2 2 2 2 2 2 2 2 2 2 2 2 2 2 2 2 2 2 2 2 2 2 2 2 2
left_child=-1 2 27 24 26 6 7 13 22 10 11 12 -7 -6 21 16 28 -18 20 23 -17 -8 -9 -20 -3 -26 -5 -2 -16 -11
right_child=1 3 -4 4 5 9 14 8 -10 29 -12 -13 -14 -15 15 18 17 -19 19 -21 -22 -23 -24 -25 25 -27 -28 -29 -30 -31
leaf_value=-0.00016711711168169996 0.0096814558728546066 -0.0093905942973941184 0.014727065812330693 -0.0093040431366960812 0.01324442515015295 -0.0073814984501430966 0.00035960864928632005 0.029997587911784654 0.10348812118172646 0.031184047646820548 0.0018136429936885827 0.0023886230957162169 -0.03228358015614121 -0.009232513834204939 0.0095771265734779891 0.0028024837812956646 0.036955312092322855 0.0072766121172783338 0.0076497954745473485 0.024153938389250212 -0.02180556118996306 -0.027469498331192884 0.00033970300457440315 -0.0050448557232112556 0.012762343206332398 5.7926971777425152e-05 -0.00041012004283292111 -0.00014973347435766495 -0.0053854441249986057 0.0051582488120489184
leaf_weight=46026 103 93 80 123 97 112 46 20 20 20 913 70 38 27 102 34 48 49 89 35 44 20 20 130 59 7992 462 259 46 21
leaf_count=46026 103 93 80 123 97 112 46 20 20 20 913 70 38 27 102 34 48 49 89 35 44 20 20 130 59 7992 462 259 46 21
internal_value=-2.39654e-12 0.000688483 0.00483388 0.000517722 0.00201568 0.00327158 0.00730939 0.0201736 0.0446085 0.000427223 -0.000203393 -0.00857409 -0.01369 0.00835025 0.00362819 0.00496668 0.0116716 0.021963 1.87595e-05 0.00342673 -0.011079 -0.00807345 0.0151686 0.000114158 4.20684e-05 0.000151029 -0.00228012 0.00264754 0.0049266 0.0178538
internal_weight=57198 11172 442 10730 2586 2001 827 184 60 1174 1133 220 150 124 643 577 245 97 332 254 78 66 40 219 8144 8051 585 362 148 41
internal_count=57198 11172 442 10730 2586 2001 827 184 60 1174 1133 220 150 124 643 577 245 97 332 254 78 66 40 219 8144 8051 585 362 148 41
is_linear=0
shrinkage=0.05


Tree=94
num_leaves=31
num_cat=0
split_feature=5 5 1 2 0 6 0 8 5 1 5 2 4 2 2 0 1 0 6 5 4 4 1 3 0 1 0 4 5 2
split_gain=2.5555 3.72243 3.18492 3.54481 3.52829 4.78848 4.36891 7.51865 7.93682 8.31764 15.188 7.34857 9.29252 5.76626 4.10474 3.6159 7.87002 4.27968 4.74902 14.5918 15.9953 14.6283 3.74965 3.43116 3.35325 3.2156 3.19412 3.18117 5.18507 3.66916
threshold=-0.18547950913925723 1.4779829372212656 -1.0969979867580053 0.47607894286980706 -1.9518562126726928 -0.88889511337147242 -1.3768667146945477 -0.99042967103748658 1.4312047935437753 -0.3398219134466795 1.386347522532285 -0.57946177903377483 0.25276718601675113 1.187566542397384 -0.12104109388011033 -0.46560339495487107 1.5158418008972561 -0.72824330367094159 -1.0557360505944642 1.0613819277844458 -0.20576765355688617 -0.34332810542897768 -0.32584575134271448 -0.029019276868305716 -2.0029426460512427 0.83216619500803923 -1.4824056373715422 -1.1457640746828435 0.86189575033690324 0.47607894286980706
decision_type=2 2 2 2 2 2 2 2 2 2 2 2 2 2 2 2 2 2 2 2 2 2 2 2 2 2 2 2 2 2
left_child=-1 2 3 -2 5 -4 7 26 9 10 -9 -10 23 -14 -12 16 17 25 19 22 21 -21 -19 -13 -7 -8 -6 28 -20 -30
right_child=1 -3 4 -5 6 24 15 8 11 -11 14 12 13 -15 -16 -17 -18 18 27 20 -22 -23 -24 -25 -26 -27 -28 -29 29 -31
leaf_value=-0.00035245726605632847 0.0070139303591235415 -0.0010221732930302677 -0.0013301372940269353 -0.0043693628464825454 0.0072158058996259367 -0.0025247045081893084 0.00055867359558434864 0.055972924252802682 0.0032869960518878121 0.0017320838863343461 0.016946110676508398 -0.013291351614858615 -0.0055534528268265989 0.020396025307476522 -0.0083791025370980304 0.00069582887709931224 -0.0095088734031762503 0.0059060497541242223 0.019908336798350017 -0.01789261608020119 0.0034459365273101466 -0.07561174372122402 -0.0046562073800945651 -0.032679705832822196 -0.021838670339731671 0.0068396218688576487 0.019150451773210713 -0.0015709816088614083 -0.0029510497409060148 0.009510841791305449
leaf_weight=27080 350 4427 393 85 299 38 1675 22 247 211 48 55 149 25 24 19399 251 101 45 23 27 21 500 39 55 232 69 1051 165 92
leaf_count=27080 350 4427 393 85 299 38 1675 22 247 211 48 55 149 25 24 19399 251 101 45 23 27 21 500 39 55 232 69 1051 165 92
internal_value=-2.44044e-12 0.000316905 0.000547651 0.00478961 0.000474589 -0.00374446 0.000557369 0.0035159 0.000851195 0.00724324 0.019614 -0.00293439 -0.00866827 -0.00182508 0.00850437 0.000408326 -0.000924991 -0.000377037 -0.00197782 -0.00541359 -0.0268498 -0.0454404 -0.00288119 -0.0213355 -0.0139469 0.0013228 0.00945355 -0.000271362 0.00425149 0.00151002
internal_weight=57198 30118 25691 435 25256 486 24770 1188 820 305 94 515 268 174 72 23582 4183 3932 2025 672 71 44 601 94 93 1907 368 1353 302 257
internal_count=57198 30118 25691 435 25256 486 24770 1188 820 305 94 515 268 174 72 23582 4183 3932 2025 672 71 44 601 94 93 1907 368 1353 302 257
is_linear=0
shrinkage=0.05


Tree=95
num_leaves=31
num_cat=0
split_feature=5 5 8 2 8 2 0 1 0 1 6 0 3 5 0 3 2 5 0 0 1 1 2 2 3 0 2 11 3 5
split_gain=2.41664 4.53435 4.40508 8.96431 4.36701 7.12954 4.26042 5.98307 3.8742 3.89896 3.06459 10.343 5.1481 3.60115 9.01501 6.09569 4.97837 3.07932 3.98728 2.98985 5.22374 4.233 2.90545 2.87305 2.50692 3.1791 4.35703 4.2047 4.09098 5.78436
threshold=0.5168783321317606 1.4779829372212656 -1.7049705869141294 0.016669285071755375 -0.25919494664649734 1.046586375203175 -1.9518562126726928 0.6654816330501474 2.1320600998353485 -1.0969979867580053 -1.0557360505944642 -0.8536411221757757 -0.17907257356197429 1.0613819277844458 -0.60566897136432962 0.058886353907459811 0.035063170721198904 0.86189575033690324 -0.59646414449833429 -1.1019880528623449 -0.77664833077501227 -0.75702937411222326 0.47607894286980706 0.62280085960382114 -1.9160917397235644 -0.35234543108220923 -1.1659453398677471 -0.7500292558394458 -0.64406909700682391 -0.84497093191591066
decision_type=2 2 2 2 2 2 2 2 2 2 2 2 2 2 2 2 2 2 2 2 2 2 2 2 2 2 2 2 2 2
left_child=4 2 3 -2 5 19 7 -4 9 22 11 12 -11 17 15 -15 -17 -13 -19 20 -1 -22 -8 -3 -21 27 -27 -26 29 -29
right_child=1 23 6 -5 -6 -7 8 -9 -10 10 -12 13 -14 14 -16 16 -18 18 -20 24 21 -23 -24 -25 25 26 -28 28 -30 -31
leaf_value=-0.0026689161127493757 0.010940616537927427 -0.00087128491249136063 -0.0024746070761276179 0.0015593740723961426 0.00011800700402573136 -0.017447923835028301 0.0086785891392667375 -0.023642473594130329 0.010879223041677027 0.0023647397414086821 0.00075438468145186659 -0.0054169228778718943 0.017733869431928419 -0.0080103324072664239 0.001690963035392532 -0.049772803332995288 -0.019737830073446844 0.0080796079822138996 -0.0053224208779843497 -0.0071158725868056844 -0.036142397192972048 -0.0075910806090927086 -0.0065926678776223636 -0.017231463651276296 0.011267247544966157 -0.0061235711985459544 -0.00089697822752546504 0.00061613616076914689 -0.0015925190581478361 0.0079946636546450161
leaf_weight=1009 308 4400 459 1470 25891 66 231 36 93 224 11875 428 72 57 86 22 37 119 104 150 21 34 36 27 91 426 6232 1415 1452 327
leaf_count=1009 308 4400 459 1470 25891 66 231 36 93 224 11875 428 72 57 86 22 37 119 104 150 21 34 36 27 91 426 6232 1415 1452 327
internal_value=2.45629e-12 0.000441804 0.000841291 0.00318447 -0.000239079 -0.00106286 0.000541113 -0.00401409 0.000709584 0.000638425 0.000515808 -0.00194989 0.00610318 -0.00474439 -0.0105766 -0.0196715 -0.0309373 -0.00293472 0.00182933 -0.000965936 -0.00348686 -0.0184925 0.00661954 -0.000971065 -0.00070018 -0.000603393 -0.00123139 0.000669428 0.000367486 0.0020012
internal_weight=57198 20084 15657 1778 37114 11223 13879 495 13384 13291 13024 1149 296 853 202 116 59 651 223 11157 1064 55 267 4427 10093 9943 6658 3285 3194 1742
internal_count=57198 20084 15657 1778 37114 11223 13879 495 13384 13291 13024 1149 296 853 202 116 59 651 223 11157 1064 55 267 4427 10093 9943 6658 3285 3194 1742
is_linear=0
shrinkage=0.05


Tree=96
num_leaves=31
num_cat=0
split_feature=0 0 1 0 3 1 0 0 5 5 5 0 1 2 4 4 4 4 4 0 1 4 1 1 4 8 1 1 3 2
split_gain=2.19976 2.89422 3.40999 2.66992 6.83722 4.39249 8.56714 3.86677 7.69351 8.70654 8.65511 11.9134 4.70609 3.73767 3.60775 3.31959 2.87713 2.88727 2.84434 2.78762 2.78015 4.60523 3.8165 3.3765 2.88958 2.70264 2.57223 2.79372 6.50079 2.56874
threshold=0.81365309454649604 0.85193346645677892 0.95892606154816384 0.60024155443359561 1.5048606475528781 4.5507345581604772 0.0080319006199791165 0.43202768883440962 1.1904917396839851 1.2994638957836848 0.9652358749025497 0.55836136915153645 2.5770947965769744 1.4151837033957022 -0.13698742762084057 -1.214544300618889 1.1469101231853445 1.3991042849508457 0.13813347612334176 0.49050953768559774 2.0111533611481645 -0.20576765355688617 1.4441017921016528 0.86905360594489955 -0.18284091157820473 0.38174988366425283 1.2236823169831388 -0.077504424488969617 1.5767137871784713 -0.37284014373611934
decision_type=2 2 2 2 2 2 2 2 2 2 2 2 2 2 2 2 2 2 2 2 2 2 2 2 2 2 2 2 2 2
left_child=3 2 29 5 13 7 -7 -1 10 14 12 19 16 15 -10 -5 18 -18 -9 -12 22 -22 23 -6 -25 -19 27 28 -11 -2
right_child=1 -3 -4 4 20 6 -8 8 9 26 11 -13 -14 -15 -16 -17 17 25 -20 -21 21 -23 -24 24 -26 -27 -28 -29 -30 -31
leaf_value=-0.00021796549382898297 0.0092088870124357926 0.00046603011794179975 0.013936614934646058 0.0059464286025582916 0.00034795645125476377 -0.0077693256859978042 0.032615774911667769 0.0018682723922614853 -0.028240200030129583 -0.0017999284489847282 0.015469798459248112 0.043645006857280226 -0.01857916632933276 0.0080448482687706536 -0.0096019229892750878 -0.0017010465106599686 -0.0068724271119777556 0.0062727596971478006 0.0060904353276587117 -5.2986226853777154e-05 -0.036384141580625015 -0.0079034828231669962 0.0018995704865383525 -0.020006653041867863 -0.0026301914340530696 -0.0025233914326062055 0.0083892927745182529 -0.0076876267678365881 0.028512124128174041 -0.00012614230174755789
leaf_weight=39615 103 10730 80 152 49 24 29 1942 42 153 55 28 28 115 68 2136 163 150 502 61 22 40 93 87 33 209 64 146 20 259
leaf_count=39615 103 10730 80 152 49 24 29 1942 42 153 55 28 28 115 68 2136 163 150 502 61 22 40 93 87 33 209 64 146 20 259
internal_value=5.05922e-13 0.000629366 0.00459451 -0.000152767 -0.00167021 -5.71976e-05 0.0143282 -7.48276e-05 0.00148684 -0.00431977 0.00239909 0.0143727 0.00182321 -0.000750903 -0.0167184 -0.001193 0.00201581 -0.00135379 0.00273551 0.00730695 -0.00848844 -0.0180095 -0.00623536 -0.010712 -0.0152281 0.00115188 -0.000758813 -0.00259417 0.00170436 0.00252996
internal_weight=57198 11172 442 46026 2727 43299 53 43246 3631 493 3138 144 2994 2403 110 2288 2966 522 2444 116 324 62 262 169 120 359 383 319 173 362
internal_count=57198 11172 442 46026 2727 43299 53 43246 3631 493 3138 144 2994 2403 110 2288 2966 522 2444 116 324 62 262 169 120 359 383 319 173 362
is_linear=0
shrinkage=0.05


Tree=97
num_leaves=31
num_cat=0
split_feature=5 5 1 6 1 0 8 5 2 4 0 8 6 5 8 2 4 1 0 4 0 4 4 0 4 3 0 0 4 12
split_gain=2.26523 4.06406 7.35325 5.83027 5.02185 4.85894 4.57266 4.84438 4.32076 7.66615 4.16788 4.85894 4.6873 6.87554 3.85034 6.43869 3.83013 3.80849 3.67842 3.63363 3.93048 6.7988 12.7545 11.6625 12.5194 42.76 7.41582 6.15366 5.28846 7.32895
threshold=0.5168783321317606 1.4312047935437753 -0.0081605016552903191 -0.90990146219895396 2.8228242796172474 -0.44379649577730129 -1.7049705869141294 1.4779829372212656 -0.20653034366644046 -0.68722923510920564 -0.72824330367094159 1.0816417019878375 -1.0557360505944642 1.0613819277844458 -0.25919494664649734 1.046586375203175 1.4220310269295273 1.5526340078511252 -0.30746073811321545 0.18398696008070553 0.76701006881243816 -1.0769838487467975 -0.11406068564215872 1.2711646930971334 -0.29747462147161352 1.5767137871784713 1.768166426889292 0.93924602935240131 -0.45796181532238694 -1.0477032008262543
decision_type=2 2 2 2 2 2 2 2 2 2 2 2 2 2 2 2 2 2 2 2 2 2 2 2 2 2 2 2 2 2
left_child=14 2 3 -2 6 10 7 8 9 -3 11 -4 13 -12 15 16 -1 -14 -7 20 28 -22 23 24 -23 27 -24 -26 -20 -30
right_child=1 4 5 -5 -6 18 -8 -9 -10 -11 12 -13 17 -15 -16 -17 -18 -19 19 -21 21 22 26 -25 25 -27 -28 -29 29 -31
leaf_value=-0.0012238735997684867 0.00061746410198632961 0.004059566578437244 0.0015180266067911614 0.0067202134150817581 0.011487543102635375 0.0043901800348034288 -0.0010974553632041569 -0.00017871383774570836 0.0032302939510305546 0.030373568370938304 -0.0056951001881734784 -0.013226885015689534 -0.00082543145041615766 -0.026804118388858829 0.00010382933752730054 -0.016575971125028888 0.0018467447525746035 -0.011563344251947827 0.00071691411923294256 0.0023054093834300603 -0.0024225534423244406 0.0087324998600002476 -0.010067596207285397 0.0033828826735874313 0.030935839235620655 0.093524795225156221 0.004715040501690939 -0.0019984059488853895 -0.01151725781500126 -0.0017369082019070344
leaf_weight=10027 680 62 1054 922 86 753 6389 449 175 50 239 59 892 46 25891 66 1130 91 2088 2541 627 195 213 670 23 21 141 37 223 1358
leaf_count=10027 680 62 1054 922 86 753 6389 449 175 50 239 59 892 46 25891 66 1130 91 2088 2541 627 195 213 670 23 21 141 37 223 1358
internal_value=-6.09242e-13 0.00042774 0.000960072 0.00412978 -0.000522574 0.000509546 -0.000667539 0.00306444 0.00813823 0.0158069 -0.00149645 0.000736401 -0.00345636 -0.00910217 -0.000231469 -0.00100499 -0.000912876 -0.00181948 0.00104681 0.000737415 2.54291e-05 0.00185389 0.00391646 0.00694606 0.0155958 0.0321186 -0.0041796 0.0106264 -0.000934901 -0.00311643
internal_weight=57198 20084 12873 1602 7211 11271 7125 736 287 112 2381 1113 1268 285 37114 11223 11157 983 8890 8137 5596 1927 1300 946 276 81 354 60 3669 1581
internal_count=57198 20084 12873 1602 7211 11271 7125 736 287 112 2381 1113 1268 285 37114 11223 11157 983 8890 8137 5596 1927 1300 946 276 81 354 60 3669 1581
is_linear=0
shrinkage=0.05


Tree=98
num_leaves=31
num_cat=0
split_feature=5 5 1 4 4 2 0 8 5 0 0 3 7 0 2 2 4 5 2 7 5 4 8 3 4 2 1 8 4 4
split_gain=2.07962 2.58548 2.64069 2.55191 3.50316 4.03741 5.17599 3.6347 3.41491 2.87049 3.4205 12.2904 5.20038 3.11752 4.43047 2.75392 2.70456 5.22211 3.52453 4.46899 3.30877 19.3201 12.1487 11.087 5.52321 5.90054 7.81219 5.21461 5.6771 5.02071
threshold=-0.31317640375456596 1.4779829372212656 -0.20441656695412408 1.4220310269295273 1.1927636071427083 -0.34671966749318023 1.0894866621508073 -1.7049705869141294 -0.49995351371076774 -0.70412592298491539 -0.17175435159875027 0.39769058342379765 -0.9109402413522435 0.54568875044379339 0.23587665520374837 0.035063170721198904 0.91764270339852583 -0.84497093191591066 -0.74428108837589979 0.50726550913191959 -0.73523310476190373 0.13813347612334176 1.0184757865176055 -1.1785584707595622 0.069353250187296225 -0.32543346892723873 -0.56994407034936267 1.0000000180025095e-35 -1.4208849784270259 -1.0769838487467975
decision_type=2 2 2 2 2 2 2 2 2 2 2 2 2 2 2 2 2 2 2 2 2 2 2 2 2 2 2 2 2 2
left_child=3 -2 -3 4 16 7 8 -6 15 -5 11 -11 -12 14 -14 -7 20 18 19 -18 24 23 -23 29 25 -1 -27 28 -25 -22
right_child=1 2 -4 9 5 6 -8 -9 -10 10 12 -13 13 -15 -16 -17 17 -19 -20 -21 21 22 -24 27 -26 26 -28 -29 -30 -31
leaf_value=-0.00032192797437029019 0.00044744844012557198 -0.00042838529184232102 -0.0043560035275004337 -0.002268756527703327 -0.0096873042777673724 -0.0074175273434518192 0.0020073474891063189 0.00149971892853325 0.0014099895711733054 0.0037312427842208641 -0.017616988342917084 0.040971954685190451 0.00069369167585444074 0.0039464962954093973 -0.0099750638937433096 -0.016257093185170865 0.00041446629831122251 0.0047821055742398163 -0.0030101510751895451 0.012561928004595555 0.011104521201162822 0.0056797304581202059 -0.0058846158999030628 0.0029916010962827417 -0.0016033591923433985 0.0090818990763818636 0.0013777956010861121 -0.0027706243771775559 -0.0079595205492779732 -0.0068496626229025432
leaf_weight=6896 27584 3947 480 478 85 265 155 498 73 603 38 23 604 561 116 132 477 725 672 90 176 1118 285 132 4534 373 2793 2091 1144 50
leaf_count=6896 27584 3947 480 478 85 265 155 498 73 603 38 23 604 561 116 132 477 725 672 90 176 1118 285 132 4534 373 2793 2091 1144 50
internal_value=6.62921e-13 0.00026743 -0.00085424 -0.000339886 -0.000504083 -0.00312423 -0.00591602 -0.000131322 -0.00852905 0.00120274 0.00205589 0.00509951 0.000611388 0.00115212 -0.00102516 -0.0103566 -0.00035725 0.00141165 -0.000560571 0.00234263 -0.000534573 -0.0016452 0.00333059 -0.00358816 -0.00015442 0.000498481 0.00228545 -0.00430774 -0.00682665 0.00713236
internal_weight=57198 32011 4427 25187 22764 1208 625 583 470 2423 1945 626 1319 1281 720 397 21556 1964 1239 567 19592 4996 1403 3593 14596 10062 3166 3367 1276 226
internal_count=57198 32011 4427 25187 22764 1208 625 583 470 2423 1945 626 1319 1281 720 397 21556 1964 1239 567 19592 4996 1403 3593 14596 10062 3166 3367 1276 226
is_linear=0
shrinkage=0.05


Tree=99
num_leaves=31
num_cat=0
split_feature=5 5 1 6 1 8 5 0 2 4 0 4 3 8 0 4 12 5 4 5 4 4 4 0 6 4 4 8 12 1
split_gain=1.97324 3.66057 7.74829 4.59119 4.50053 4.10299 4.31747 4.03869 3.89949 6.9187 3.85035 4.06242 3.89194 5.36341 3.7116 8.1584 9.55032 14.6571 15.1697 12.6747 8.51084 7.9224 11.7926 8.64177 10.0342 25.9138 6.91574 6.75985 6.18556 5.84451
threshold=0.57739941913764026 1.4312047935437753 1.0000000180025095e-35 -0.90990146219895396 2.8228242796172474 -1.7049705869141294 1.4779829372212656 -0.44379649577730129 -0.20653034366644046 -0.68722923510920564 -0.30746073811321545 0.18398696008070553 1.5767137871784713 1.0816417019878375 0.70034578611526144 -1.2833245265549345 0.34398541387350456 1.0142561076130823 -0.11406068564215872 1.0142561076130823 -0.43503507334370556 -1.0540571067681157 -0.11406068564215872 1.2711646930971334 1.7136308150948316 -0.29747462147161352 -0.20576765355688617 1.0816417019878375 -0.69978104715131473 1.308506341232794
decision_type=2 2 2 2 2 2 2 2 2 2 2 2 2 2 2 2 2 2 2 2 2 2 2 2 2 2 2 2 2 2
left_child=-1 2 3 -2 5 6 8 -4 9 -3 -9 14 -13 -14 15 27 17 -17 20 -18 -19 -16 23 24 -23 -26 29 -12 -24 -21
right_child=1 4 7 -5 -6 -7 -8 10 -10 -11 11 12 13 -15 21 16 19 18 -20 26 -22 22 28 -25 25 -27 -28 -29 -30 -31
leaf_value=-0.00020924773334545641 0.0011135848178715898 0.0038342159759673861 -0.0013658498420507587 0.0067188002661491934 0.010890793657677552 -0.0010233345524605915 -0.00014267300020440605 0.0045649419529049272 0.0030464068478904664 0.028832516856491564 0.0066966901031804069 0.0041005106563981493 0.00056357075428912563 -0.022902714014053346 -0.0028981783041006765 0.00050569144396656572 -0.0037243351468877425 -0.0082700769094554791 0.0026341766507963866 0.010657410643179903 -0.0201747749780051 0.0092399928084723505 -0.0088339602895402877 0.0034985629409594026 0.0038515620269916127 0.068651248155920594 0.0014337953249965612 -0.0050860787317755507 0.004026592934434736 0.038888221820816402
leaf_weight=37938 639 62 2336 853 86 6389 449 690 175 50 499 1375 936 25 645 644 641 343 192 220 267 244 223 593 36 27 279 161 161 20
leaf_count=37938 639 62 2336 853 86 6389 449 690 175 50 499 1375 936 25 645 644 641 343 192 220 267 244 223 593 36 27 279 161 161 20
internal_value=-2.30331e-12 0.000412172 0.000945432 0.00431818 -0.000478861 -0.000616095 0.00291903 0.000468769 0.00770895 0.0149942 0.000990076 0.000662542 0.00239432 -4.68945e-05 -0.000116175 -0.00114328 -0.0024009 -0.00511195 -0.00962287 0.000978556 -0.0134808 0.00162282 0.00389389 0.00702383 0.0138332 0.0316229 0.00678694 0.00382241 -0.00344191 0.01301
internal_weight=57198 19260 12049 1492 7211 7125 736 10557 287 112 8221 7531 2336 961 5195 3266 2606 1446 802 1160 610 1929 1284 900 307 63 519 660 384 240
internal_count=57198 19260 12049 1492 7211 7125 736 10557 287 112 8221 7531 2336 961 5195 3266 2606 1446 802 1160 610 1929 1284 900 307 63 519 660 384 240
is_linear=0
shrinkage=0.05


Tree=100
num_leaves=31
num_cat=0
split_feature=3 2 9 0 4 4 0 0 0 1 0 0 0 0 2 4 4 6 8 3 1 1 4 8 2 0 2 3 1 2
split_gain=1.93268 2.21299 1.84923 4.0033 4.22476 3.80115 3.03786 2.53269 2.23612 2.15835 2.70518 2.18631 3.1919 3.93344 9.71569 5.57804 7.13192 6.81057 6.08402 5.83326 5.53028 5.36901 6.03778 4.42327 3.58483 3.55237 6.82182 6.19501 3.36813 9.93669
threshold=-1.9160917397235644 -1.735530779072912 -1.5490644330984626 -0.012431969559674379 0.069353250187296225 -0.93942339687470655 0.035253852697791459 2.4700175506702986 2.1320600998353485 1.1402282250590876 -1.9518562126726928 2.1320600998353485 1.6437776611856465 1.1449233396486802 0.39364866936367976 -0.068207201684795479 -0.36625484740765951 1.7136308150948316 1.0184757865176055 1.1374496828789169 4.5507345581604772 3.6057252039299117 0.25276718601675113 0.74730582097220966 5.2373451118821626 1.768166426889292 3.621925625133366 3.1923315992737717 3.6057252039299117 2.1621874656600508
decision_type=2 2 2 2 2 2 2 2 2 2 2 2 2 2 2 2 2 2 2 2 2 2 2 2 2 2 2 2 2 2
left_child=1 -1 3 5 -5 -2 -6 9 -8 -4 -11 12 13 15 -15 16 17 -12 -18 -20 21 23 -23 -17 -16 26 27 28 29 -14
right_child=2 -3 7 4 6 -7 8 -9 -10 10 11 -13 25 14 24 20 18 -19 19 -21 -22 22 -24 -25 -26 -27 -28 -29 -30 -31
leaf_value=-0.0082940940651725845 -0.0088792272173454194 -0.00083373865478214018 -0.00012353099372431009 0.0055177408695301217 0.010806906462149246 0.00062438933597223423 -0.00040936844748285482 -0.0071932329207552775 -0.013642264297232032 -0.015234100623414494 0.00098392029508293931 0.0067343706890087458 -0.0032070146221865321 0.037403836123467912 0.0027135264807872914 0.0036033585714142454 -0.011821883526569096 -0.013200341247062645 -0.010204368395595036 0.024305872865021227 0.021992679499089719 -0.035243694856762889 -0.0025452181401002844 -0.0011357916277951634 0.020805329553383805 0.00023067409973651489 -0.027692960518779175 0.023153934623114766 0.012579908813147442 -0.031678727817618185
leaf_weight=147 151 307 48469 744 58 347 523 123 34 26 1056 158 206 21 1238 1548 257 92 24 25 34 20 48 722 28 680 33 20 23 36
leaf_count=147 151 307 48469 744 58 347 523 123 34 26 1056 158 206 21 1238 1548 257 92 24 25 34 20 48 722 28 680 33 20 23 36
internal_value=1.7828e-12 -0.00324932 2.59973e-05 0.00157779 0.00298312 -0.00225723 -8.31481e-05 -2.65049e-05 -0.00121712 -1.04084e-05 0.000860591 0.000927342 0.000777201 0.00128205 0.00367317 0.000477724 -0.00196072 -0.000152798 -0.00874341 0.0074029 0.00197246 0.00168131 -0.0121624 0.00209602 0.00311366 -0.00180929 -0.00617148 -0.00367952 -0.00570468 -0.00744248
internal_weight=57198 454 56744 1857 1359 498 615 54887 557 54764 6295 6269 6111 5113 1287 3826 1454 1148 306 49 2372 2338 68 2270 1266 998 318 285 265 242
internal_count=57198 454 56744 1857 1359 498 615 54887 557 54764 6295 6269 6111 5113 1287 3826 1454 1148 306 49 2372 2338 68 2270 1266 998 318 285 265 242
is_linear=0
shrinkage=0.05


Tree=101
num_leaves=31
num_cat=0
split_feature=3 2 9 0 4 4 0 0 0 1 0 0 0 0 2 4 4 6 8 3 1 1 4 8 2 0 2 3 0 0
split_gain=1.74425 1.99722 1.66893 3.61297 3.81285 3.44382 2.74167 2.28575 2.0181 1.94791 2.44142 1.97314 2.88069 3.54993 8.76841 5.03418 6.43656 6.14654 5.49083 5.26451 4.99108 4.84553 5.48803 3.992 3.23531 3.20601 6.1567 5.591 3.1782 3.7969
threshold=-1.9160917397235644 -1.735530779072912 -1.5490644330984626 -0.012431969559674379 0.069353250187296225 -1.008203622810752 0.035253852697791459 2.4700175506702986 2.1320600998353485 1.1402282250590876 -1.9518562126726928 2.1320600998353485 1.6437776611856465 1.1449233396486802 0.39364866936367976 -0.068207201684795479 -0.36625484740765951 1.7136308150948316 1.0184757865176055 1.1374496828789169 4.5507345581604772 3.6057252039299117 0.27569392799543307 0.74730582097220966 5.2373451118821626 1.768166426889292 3.621925625133366 3.1923315992737717 0.76701006881243816 -0.6271509910208567
decision_type=2 2 2 2 2 2 2 2 2 2 2 2 2 2 2 2 2 2 2 2 2 2 2 2 2 2 2 2 2 2
left_child=1 -1 3 5 -5 -2 -6 9 -8 -4 -11 12 13 15 -15 16 17 28 -18 -20 21 23 -23 -17 -16 26 27 -14 29 -12
right_child=2 -3 7 4 6 -7 8 -9 -10 10 11 -13 25 14 24 20 18 -19 19 -21 -22 22 -24 -25 -26 -27 -28 -29 -30 -31
leaf_value=-0.0078793892865766119 -0.0087278622077705433 -0.00079205168450193592 -0.00011735444273169754 0.0052418538301661939 0.010266561152670405 0.00048163265960743612 -0.00038890003818901968 -0.0068335712742064215 -0.012960150987183786 -0.014472395729703401 0.011279779105611586 0.0063976521595105647 -0.0054194500911343875 0.035533644638157322 0.0025778501552425883 0.003423190608933529 -0.011230789441755767 -0.01254032423565387 -0.0096941495915719624 0.023090579077601436 0.020893045906525326 -0.03142284080791085 -0.0013992627817222254 -0.0010790020528124804 0.019765063083364762 0.00021914044370104795 -0.026308312069511775 0.021996237304992977 0.0082555879878166774 -0.00099438533317354016
leaf_weight=147 142 307 48469 744 58 356 523 123 34 26 68 158 265 21 1238 1548 257 92 24 25 34 23 45 722 28 680 33 20 130 858
leaf_count=147 142 307 48469 744 58 356 523 123 34 26 68 158 265 21 1238 1548 257 92 24 25 34 23 45 722 28 680 33 20 130 858
internal_value=1.15169e-12 -0.00308685 2.46974e-05 0.0014989 0.00283397 -0.00214437 -7.89907e-05 -2.51796e-05 -0.00115627 -9.88798e-06 0.000817561 0.000880975 0.000738341 0.00121795 0.00348952 0.000453837 -0.00186269 -0.000145158 -0.00830624 0.00703275 0.00187383 0.00159725 -0.0115543 0.00199122 0.00295798 -0.00171883 -0.00586291 -0.00349554 0.000934724 -9.30428e-05
internal_weight=57198 454 56744 1857 1359 498 615 54887 557 54764 6295 6269 6111 5113 1287 3826 1454 1148 306 49 2372 2338 68 2270 1266 998 318 285 1056 926
internal_count=57198 454 56744 1857 1359 498 615 54887 557 54764 6295 6269 6111 5113 1287 3826 1454 1148 306 49 2372 2338 68 2270 1266 998 318 285 1056 926
is_linear=0
shrinkage=0.05


Tree=102
num_leaves=31
num_cat=0
split_feature=5 5 0 0 4 4 5 2 3 0 11 4 4 3 3 5 5 0 8 5 2 2 2 4 0 4 5 4 4 3
split_gain=1.69369 3.20814 4.61456 6.88533 4.40313 19.7051 4.56471 6.72994 4.08285 3.74461 4.65512 7.60539 7.1018 12.1935 13.2455 4.56754 4.34581 4.27911 3.65395 3.94761 3.55613 3.55472 3.46127 6.24413 3.41072 3.32401 5.14993 4.24273 3.45473 5.90922
threshold=0.57739941913764026 1.4312047935437753 -1.3768667146945477 -1.9518562126726928 0.11520673414465986 -0.068207201684795479 1.4101165497556909 0.8549973470426232 2.8180227285006008 -0.44379649577730129 -0.7500292558394458 -0.32040136345029535 -0.20576765355688617 0.63708671691225505 0.058886353907459811 0.9652358749025497 1.2655051286133518 -0.30746073811321545 -1.7049705869141294 1.4779829372212656 0.77979098197706331 -1.4076681570074618 -0.20653034366644046 -0.68722923510920564 -0.98378288756298438 -1.1228373327041614 0.91441636237843227 1.3761775429721637 -0.34332810542897768 0.92218737908077564
decision_type=2 2 2 2 2 2 2 2 2 2 2 2 2 2 2 2 2 2 2 2 2 2 2 2 2 2 2 2 2 2
left_child=-1 2 3 -2 5 -5 7 -7 18 10 11 15 13 14 -13 -4 -15 25 19 22 -12 -19 23 -3 -22 -11 -27 28 -28 -30
right_child=1 8 9 4 -6 6 -8 -9 -10 17 20 12 -14 16 -16 -17 -18 21 -20 -21 24 -23 -24 -25 -26 26 27 -29 29 -31
leaf_value=-0.00019385967143913455 -0.0035347347609477782 0.0036545494049336881 -0.015835434294333966 0.0040680247263555408 0.0012201783169681828 0.052211080339590189 0.013550051200824479 0.017943387851119041 0.012022374577981491 0.010671321046867507 0.001345388423938976 -0.012541348973496092 -0.0030125799707587291 -0.01587460119798462 -0.062067816406488424 0.0042009526031833253 0.0068648180458694696 0.019245706383998581 -0.00094684423085881217 -0.00011686359726132763 -0.020301671891814164 0.00072770419716705007 0.0029089333564029187 0.027402935259044171 -0.0024114519670454682 -0.0017179578452449435 0.011789406738026311 0.024949185387043646 -0.0086415586322658219 0.010463134696503772
leaf_weight=37938 177 62 33 244 162 38 24 23 65 177 1486 27 151 55 27 206 34 26 6417 449 28 7960 168 50 549 306 123 31 83 79
leaf_count=37938 177 62 33 244 162 38 24 23 65 177 1486 27 151 55 27 206 34 26 6417 449 28 7960 168 50 549 306 123 31 83 79
internal_value=1.13491e-12 0.000381861 0.00088108 0.00491997 0.00796779 0.0112903 0.0320226 0.0392905 -0.000452293 0.00064402 -0.00102439 -0.00518991 -0.010575 -0.0185605 -0.0373046 0.00143442 -0.00718763 0.00113704 -0.000565763 0.00278869 5.18242e-05 0.000787993 0.00744796 0.0142565 -0.00327961 0.00462577 0.00290541 0.00738247 0.0054717 0.000674928
internal_weight=57198 19260 12049 668 491 329 85 61 7211 11381 2596 533 294 143 54 239 89 8785 7146 729 2063 7986 280 112 577 799 622 316 285 162
internal_count=57198 19260 12049 668 491 329 85 61 7211 11381 2596 533 294 143 54 239 89 8785 7146 729 2063 7986 280 112 577 799 622 316 285 162
is_linear=0
shrinkage=0.05


Tree=103
num_leaves=31
num_cat=0
split_feature=0 2 0 5 5 5 0 0 3 4 2 2 3 4 4 6 3 0 4 0 5 4 0 2 6 3 9 0 3 6
split_gain=1.63385 2.21531 2.1416 5.57072 8.18985 7.48718 10.8977 3.68944 6.41123 4.51999 3.27204 2.84514 2.78099 8.65947 2.7479 2.60756 3.08649 2.54442 2.47048 12.0946 5.53855 34.7762 4.40315 5.73375 5.40956 5.22256 4.92145 4.00125 3.90493 9.07652
threshold=0.43202768883440962 -1.4076681570074618 0.60024155443359561 1.1904917396839851 1.2994638957836848 0.9652358749025497 0.55836136915153645 0.76701006881243816 1.5048606475528781 -1.1916175586402071 2.4358698305335271 1.5131529385554729 1.5767137871784713 -0.45796181532238694 -0.13698742762084057 0.31220406105026438 1.6241332329595262 0.49050953768559774 -0.13698742762084057 1.2711646930971334 1.2655051286133518 -0.34332810542897768 1.0327649499723037 -0.55898008496156815 1.7136308150948316 -0.65249980246330985 0.64986958059254329 1.9936084506522318 -0.010646327740282542 1.7136308150948316
decision_type=2 2 2 2 2 2 2 2 2 2 2 2 2 2 2 2 2 2 2 2 2 2 2 2 2 2 2 2 2 2
left_child=-1 -2 3 5 14 10 17 8 9 -4 -3 -11 -6 -14 -5 -10 -17 -7 19 20 28 -22 23 -20 -25 -24 -27 -28 29 -9
right_child=1 2 7 4 12 6 -8 18 15 11 -12 -13 13 -15 -16 16 -18 -19 22 -21 21 -23 25 24 -26 26 27 -29 -30 -31
leaf_value=-0.00017780731818168886 -0.015105775415735401 0.0019406131671497685 0.0087142616254277522 -0.025473573090442059 -0.0024058411638710466 0.014468754949894819 0.041424523663174895 0.0030131985107468072 0.0037447179831655675 -0.0016709442933552157 -0.013021132624330554 0.0091412230830876136 0.028650886886316587 -0.0028908969550256562 -0.0092073181404403459 -0.026784352436516203 -0.00859727820982574 -0.00036145199823086379 0.0042498871511946036 -0.00041565141175445384 -0.0032172399388520783 0.074161110594868671 -0.0068636302752645957 -0.0021012828207508743 -0.0099043577682113946 0.0013224761407412214 -0.0092288227627674736 0.0063809827596952142 0.0024380378593572669 0.016715943513895961
leaf_weight=39646 23 2953 120 42 305 55 28 372 37 1778 37 63 32 68 68 26 227 61 245 3713 53 20 227 832 303 4145 195 52 1293 179
leaf_count=39646 23 2953 120 42 305 55 28 372 37 1778 37 63 32 68 68 26 227 61 245 3713 53 20 227 832 303 4145 195 52 1293 179
internal_value=-3.18369e-12 0.000401627 0.000421974 0.00149985 -0.00331946 0.00229179 0.0134279 0.000138605 -0.00171424 -0.000688083 0.00175547 -0.00130095 -3.34177e-05 0.00720247 -0.0154181 -0.00865318 -0.0104663 0.00667011 0.000497256 0.00124953 0.00447478 0.0179823 -0.000208744 -0.002687 -0.00418439 0.000531676 0.000913901 -0.00594255 0.00394005 0.00746473
internal_weight=57198 17552 17529 3649 515 3134 144 13880 2251 1961 2990 1841 405 100 110 290 253 116 11629 5630 1917 73 5999 1380 1135 4619 4392 247 1844 551
internal_count=57198 17552 17529 3649 515 3134 144 13880 2251 1961 2990 1841 405 100 110 290 253 116 11629 5630 1917 73 5999 1380 1135 4619 4392 247 1844 551
is_linear=0
shrinkage=0.05


Tree=104
num_leaves=31
num_cat=0
split_feature=5 5 0 4 5 4 2 4 4 4 0 0 0 3 6 1 2 2 7 0 12 7 0 2 4 0 0 7 5 4
split_gain=1.59662 2.9676 8.29643 4.45409 3.88551 10.6354 8.43461 9.76353 19.849 12.3823 7.60158 6.85788 7.7647 6.26307 4.84925 10.0701 5.09534 4.6768 4.60098 4.28967 3.9719 7.06524 7.02772 5.75147 6.66393 4.68636 3.8756 3.70863 3.65419 3.56526
threshold=0.57739941913764026 1.1065214618131212 -0.8695463369334262 1.490811252865573 0.9652358749025497 0.48203460580356999 2.9313461519999118 -0.36625484740765951 -0.77893620302393318 -0.15991416959952287 0.1422746919524476 1.1767010273330964 -0.5280422754559323 1.1131740591214825 1.0000000180025095e-35 0.4413572108778086 2.4358698305335271 0.39364866936367976 -0.17418860646293408 0.28962790991997789 0.34398541387350456 1.0000000180025095e-35 -0.43325522307546688 1.5530569946096466 1.3991042849508457 1.0000000180025095e-35 0.23804502183376877 0.50726550913191959 1.0142561076130823 0.046426508208614714
decision_type=2 2 2 2 2 2 2 2 2 2 2 2 2 2 2 2 2 2 2 2 2 2 2 2 2 2 2 2 2 2
left_child=-1 2 3 -2 14 6 7 8 -6 10 -9 12 -7 -10 17 -16 -17 -4 -12 -20 23 -22 -23 24 -14 -26 -18 -11 -15 -19
right_child=1 -3 4 -5 5 11 -8 9 13 27 18 -13 20 28 15 16 26 29 19 -21 21 22 -24 -25 25 -27 -28 -29 -30 -31
leaf_value=-0.00018822231275512379 0.02969994528266864 -9.8532587648185549e-05 0.0011476412676380326 0.00067787985317409045 -0.0018147850364902839 -0.0031561214676140946 0.017076367963837633 -0.0030645576344492539 0.023191218738659071 -0.0015276530256482718 -0.012772244940490715 -0.0046367046090641196 0.013397714289749275 -0.0046580833072463667 0.013280692618831786 0.0018355861495204448 -0.022193198566955907 -0.0053739026178717684 -0.016597508201030672 -0.042961993523769913 -0.0035128132424627743 0.0028575007383140824 0.035548963029203677 0.012885649887546195 0.028151263451824587 0.060494152323475908 -0.003350595509369956 0.011607978640995498 0.014443158486767882 -0.00033564047348490559
leaf_weight=37938 39 12254 1165 20 492 66 76 90 130 335 66 70 32 42 180 2057 31 787 27 36 60 31 35 106 24 21 228 64 62 634
leaf_count=37938 39 12254 1165 20 492 66 76 90 130 335 66 70 32 42 180 2057 31 787 27 36 60 31 35 106 24 21 228 64 62 634
internal_value=3.27917e-13 0.000370757 0.00119158 0.019862 0.00103301 0.00298498 0.000871288 -4.5071e-05 0.00388681 -0.00466407 -0.0142171 0.00972981 0.0124116 0.0158748 0.000316676 0.00188878 0.0010034 -0.00120072 -0.0219979 -0.0316629 0.0157367 0.00890498 0.0201939 0.0204405 0.0308407 0.0432446 -0.00560589 0.000579315 0.0067292 -0.00312601
internal_weight=57198 19260 7006 59 6947 1865 1420 1344 726 618 219 445 375 234 5082 2496 2316 2586 129 63 309 126 66 183 77 45 259 399 104 1421
internal_count=57198 19260 7006 59 6947 1865 1420 1344 726 618 219 445 375 234 5082 2496 2316 2586 129 63 309 126 66 183 77 45 259 399 104 1421
is_linear=0
shrinkage=0.05


Tree=105
num_leaves=31
num_cat=0
split_feature=9 4 6 4 5 8 2 4 4 3 5 6 6 2 5 1 8 5 4 6 4 2 4 6 3 3 1 1 5 3
split_gain=1.56449 2.01746 3.28781 3.12336 1.92595 3.55422 6.17468 3.72347 3.62153 3.39298 5.68433 4.38146 3.19437 3.80303 2.93704 5.06136 4.82817 3.05206 4.88975 3.79741 3.55527 4.13318 5.94412 3.78493 2.90574 2.89049 2.72595 3.49002 4.47967 3.53754
threshold=-1.5490644330984626 0.66544854163302503 1.0000000180025095e-35 -0.96235013885338849 0.45541128839052486 -0.25919494664649734 1.0071235036147033 1.467884510886891 -1.2833245265549345 -0.95414618895673897 -1.2825390773626912 -0.88889511337147242 -1.0557360505944642 -1.1375814084860376 1.4779829372212656 0.29298397875841897 -0.99042967103748658 0.9652358749025497 -1.2833245265549345 0.046773696581961052 -0.68722923510920564 -0.40466473137913234 1.467884510886891 0.046773696581961052 1.374370791781051 1.3470610015778208 -1.1257253457200138 -0.61474611885298447 -0.56047460071664723 -1.6501666602312004
decision_type=2 2 2 2 2 2 2 2 2 2 2 2 2 2 2 2 2 2 2 2 2 2 2 2 2 2 2 2 2 2
left_child=1 2 3 -1 5 6 7 8 9 10 -2 -12 13 -6 15 16 17 18 -14 -20 -19 22 23 -22 -7 -18 -10 28 -28 -29
right_child=4 -3 -4 -5 12 24 -8 -9 26 -11 11 -13 14 -15 -16 -17 25 20 19 -21 21 -23 -24 -25 -26 -27 27 29 -30 -31
leaf_value=-0.0047273782301320774 -0.0031822259970050006 -0.0007058960877366295 0.0053160024866985324 0.0028870108520036605 0.0096023924154783231 0.00011378524748244367 -0.016412621883209796 0.0021173166759374433 0.00021275155498173414 -0.001053137499638728 0.013441797940881193 0.002158719061897988 0.023037620467206865 -0.0019397110342608489 -0.00067045379250148382 0.00029450123797803443 0.00087538755729671565 -0.00034661510273753385 0.0029585038437733055 0.014411568350624293 0.035107284784317017 0.0035814963260503464 -0.0025440768791096554 0.012706617683447389 -0.0052110027730856885 0.0089709521251042264 -0.0026344507910709253 -0.021518673233333091 -0.0086525928759163592 -0.00093930259613628274
leaf_weight=217 166 694 591 355 74 23763 65 901 1642 635 181 164 51 2006 3981 10817 2675 379 238 104 33 371 35 44 259 115 2544 21 352 3725
leaf_count=217 166 694 591 355 74 23763 65 901 1642 635 181 164 51 2006 3981 10817 2675 379 238 104 33 371 35 44 259 115 2544 21 352 3725
internal_value=-5.24863e-13 0.00142752 0.00270061 -1.66473e-06 -4.79014e-05 -0.000277881 -0.00105024 -0.000953587 -0.001247 0.00138744 0.00442025 0.00807825 0.000330411 -0.00152908 0.000535672 0.00085875 0.00236764 0.00494327 0.00859503 0.00644131 0.00327837 0.00612282 0.014541 0.0223069 5.63745e-05 0.00120908 -0.00161145 -0.00206241 -0.00336594 -0.00105467
internal_weight=57198 1857 1163 572 55341 34418 10396 10331 9430 1146 511 345 20923 2080 18843 14862 4045 1255 393 342 862 483 112 77 24022 2790 8284 6642 2896 3746
internal_count=57198 1857 1163 572 55341 34418 10396 10331 9430 1146 511 345 20923 2080 18843 14862 4045 1255 393 342 862 483 112 77 24022 2790 8284 6642 2896 3746
is_linear=0
shrinkage=0.05


Tree=106
num_leaves=31
num_cat=0
split_feature=3 2 5 7 7 1 2 1 1 3 2 1 2 9 4 6 4 9 9 2 4 7 4 12 5 6 4 2 3 4
split_gain=1.54038 1.84109 1.57516 1.92142 3.13312 3.42983 1.86689 3.17802 1.83475 1.76729 1.46668 1.45684 1.38764 1.23927 1.82076 2.96724 2.82514 1.63889 6.80667 7.78852 8.07588 10.1239 6.69905 5.78215 7.75275 9.80038 14.555 6.05507 5.49708 5.30294
threshold=-1.9160917397235644 -1.735530779072912 -1.3430211371129324 1.707859523614377 0.50726550913191959 -0.79315474346610004 -0.87774471941419241 -1.1386950650396892 -1.0224820610882628 -0.039318026550064562 -0.49442494890717487 -0.96765938269666141 -0.55898008496156815 -1.5490644330984626 0.66544854163302503 1.0000000180025095e-35 -0.93942339687470655 1.0000000180025095e-35 0.25006339628508761 2.9313461519999118 1.3532508009934816 -0.67566290470831769 1.5595914788016185 -1.0477032008262543 1.386347522532285 0.31220406105026438 -1.3750314944696622 -0.51402490034216219 -1.4397021174243292 0.57374157371829748
decision_type=2 2 2 2 2 2 2 2 2 2 2 2 2 2 2 2 2 2 2 2 2 2 2 2 2 2 2 2 2 2
left_child=1 -1 3 4 9 6 7 -6 -9 11 -11 -2 -3 14 15 16 -4 28 19 20 29 22 -22 24 25 -20 -27 -28 -15 -19
right_child=2 12 13 -5 5 -7 -8 8 -10 10 -12 -13 -14 17 -16 -17 -18 18 23 -21 21 -23 -24 -25 -26 26 27 -29 -30 -31
leaf_value=-0.00750225658471487 0.00049226417715626878 0.00054682048970048703 -0.0043653841214383853 0.0025708882918521352 -0.0026299151281917884 -0.022958483947773597 0.00973786459792228 -0.023196257749306306 -0.0056613982941668764 -0.0035454061595035372 -0.016230713197540853 -0.0019841731063457916 -0.0097782969374108977 0.010400060203873115 -0.00067060131000774295 0.0050502023688208646 0.0028279735428373056 0.0017263622112336967 -0.00045321483575293383 0.017121988415145822 0.023301941789801189 0.0027233035315628162 0.0058448007643455641 0.00033086368580207825 0.00077558132518686616 0.010620311017583107 -0.0056816885039901177 -0.013527566216065484 -0.00028153800334005421 -0.0026208745481334436
leaf_weight=147 1330 270 225 326 193 28 21 35 26 86 31 1073 37 121 694 591 347 3571 1148 83 122 531 100 15978 1676 106 610 412 26407 873
leaf_count=147 1330 270 225 326 193 28 21 35 26 86 31 1073 37 121 694 591 347 3571 1148 83 122 531 100 15978 1676 106 610 412 26407 873
internal_value=2.12614e-13 -0.00290085 2.32093e-05 -0.00106359 -0.0014833 -0.00628707 -0.00458961 -0.00577417 -0.0157224 -0.0009057 -0.00690647 -0.000613527 -0.000697575 8.70645e-05 0.00135615 0.00256558 -1.58148e-06 4.15141e-05 0.000330187 0.00192639 0.0016837 0.00647197 0.0154384 -9.26899e-05 -0.00180512 -0.0037055 -0.00701546 -0.00884461 -0.000232817 0.000872371
internal_weight=57198 454 56744 3149 2823 303 275 254 61 2520 117 2403 307 53595 1857 1163 572 51738 25210 5280 5197 753 222 19930 3952 2276 1128 1022 26528 4444
internal_count=57198 454 56744 3149 2823 303 275 254 61 2520 117 2403 307 53595 1857 1163 572 51738 25210 5280 5197 753 222 19930 3952 2276 1128 1022 26528 4444
is_linear=0
shrinkage=0.05


Tree=107
num_leaves=31
num_cat=0
split_feature=0 6 0 5 2 8 2 0 1 1 8 1 5 0 1 0 2 11 1 5 5 3 3 2 3 0 11 2 9 2
split_gain=1.52755 3.32806 4.37698 2.00825 2.78289 2.76951 5.24201 2.39221 4.53622 3.62563 2.38197 3.19614 3.24107 2.37847 2.7496 2.16436 3.79647 3.77345 3.17811 3.06175 2.97476 9.2923 3.26711 4.63069 2.47285 5.24221 3.36739 4.71088 2.07286 3.14747
threshold=-1.9518562126726928 -0.88889511337147242 -2.0029426460512427 0.57739941913764026 -1.040604034251922 -0.25919494664649734 1.046586375203175 -1.1019880528623449 -0.77664833077501227 -0.75702937411222326 -1.7049705869141294 0.25852679174570675 1.4779829372212656 2.0625236293314537 3.6057252039299117 -0.35234543108220923 -1.1659453398677471 -0.7500292558394458 -1.2183151016675142 -1.1326614881673891 -0.84497093191591066 -1.1032136304718017 -0.36849005200541379 1.0000000180025095e-35 -1.5103905497264167 -0.60566897136432962 1.0000000180025095e-35 -0.85680206231867773 -1.0493067027141429 0.043068893822362689
decision_type=2 2 2 2 2 2 2 2 2 2 2 2 2 2 2 2 2 2 2 2 2 2 2 2 2 2 2 2 2 2
left_child=1 -1 -3 5 -5 6 7 8 -2 -10 11 12 -6 -12 -15 17 -17 18 19 -9 22 -22 24 -24 25 -19 -26 -28 29 -23
right_child=3 2 -4 4 10 -7 -8 15 9 -11 13 -13 -14 14 -16 16 -18 20 -20 -21 21 28 23 -25 26 -27 27 -29 -30 -31
leaf_value=-0.00072711322249366947 -0.0022259230435698048 -0.0026337469766503606 -0.019783238175917758 0.0082659167909010303 0.0063895560874007787 0.00011693501575223267 -0.014654279051019865 0.0077315797832293006 -0.033306144871970728 -0.006882405373856754 0.00016891464739806977 0.00018510386543450633 -0.00023590644684398708 0.012767382689613711 -0.00038528593319754763 -0.0055003455934622128 -0.00070477092214281194 -0.00055804660873717729 0.0017412200836803425 0.033075718649409037 0.01440470451725296 -0.00083260239657225181 -0.0087359578819676924 0.0082882458722451698 0.0038863401918152666 -0.015271754492121406 0.0017206654363764171 -0.005494028065472268 0.0022765898008099256 -0.016326894067848721
leaf_weight=1254 1009 115 55 114 598 26460 68 26 21 34 15707 991 267 81 78 441 6432 259 55 22 138 366 238 48 542 79 590 367 707 36
leaf_count=1254 1009 115 55 114 598 26460 68 26 21 34 15707 991 267 81 78 441 6432 259 55 22 138 366 238 48 542 79 590 367 707 36
internal_value=-3.33986e-12 -0.00161711 -0.00818211 4.12873e-05 0.000478861 -0.000164432 -0.000813061 -0.000730571 -0.00298815 -0.0169715 0.00042877 0.0021236 0.00434447 0.000230509 0.00631513 -0.000498399 -0.00101247 0.000518948 0.00994616 0.0193476 0.000230817 0.00216912 -0.000907699 -0.00587875 -0.000133763 -0.00399705 0.000737345 -0.0010461 0.000646572 -0.00222015
internal_weight=57198 1424 170 55774 17836 37938 11478 11410 1064 55 17722 1856 865 15866 159 10346 6873 3473 103 48 3370 1247 2123 286 1837 338 1499 957 1109 402
internal_count=57198 1424 170 55774 17836 37938 11478 11410 1064 55 17722 1856 865 15866 159 10346 6873 3473 103 48 3370 1247 2123 286 1837 338 1499 957 1109 402
is_linear=0
shrinkage=0.05


Tree=108
num_leaves=31
num_cat=0
split_feature=0 6 0 4 5 2 8 2 4 12 9 3 0 2 0 5 2 4 5 12 5 6 6 0 5 7 0 3 3 5
split_gain=1.37862 3.00358 3.95022 2.87725 1.81244 2.51156 2.49949 4.73092 2.64022 11.7322 7.84431 4.74339 3.20651 12.3824 3.4439 3.37408 3.27063 2.98604 15.2355 23.1772 19.6438 6.99063 5.68759 6.98728 5.24152 7.1777 4.65393 3.40965 3.20966 4.31348
threshold=-1.9518562126726928 -0.88889511337147242 -2.0029426460512427 0.16106021810202364 0.57739941913764026 -1.040604034251922 -0.25919494664649734 1.046586375203175 -1.2833245265549345 -0.69978104715131473 -0.84940361056041536 -0.63433567274564162 0.54568875044379339 -0.35590660563448356 -0.21022777338112061 -0.89749154395743946 -0.16741195907501591 -0.71015597708788747 -0.84497093191591066 -1.0477032008262543 -0.37618863167946776 1.7136308150948316 1.0000000180025095e-35 1.5190057388334017 -1.3694227041112916 1.707859523614377 0.38028984488544709 -0.73760859703787152 0.38509038466313056 -1.0895966433921274
decision_type=2 2 2 2 2 2 2 2 2 2 2 2 2 2 2 2 2 2 2 2 2 2 2 2 2 2 2 2 2 2
left_child=1 -1 -3 -4 6 -6 7 -2 9 12 -11 -12 14 -14 15 -8 -15 18 19 -10 21 27 -22 26 -21 -26 -24 -20 29 -19
right_child=4 2 3 -5 5 -7 8 -9 17 10 11 -13 13 16 -16 -17 -18 28 20 24 22 -23 23 -25 25 -27 -28 -29 -30 -31
leaf_value=-0.00069075756764679129 -0.00069404275821325148 -0.0025020596267329338 -0.027781749959103763 -0.0042426054144189471 0.0078526210773066357 0.0004073310496834212 -0.00065260912579635745 -0.013921565092716585 -0.0035640234425600168 0.00021241741099262319 -0.0024284248857033156 -0.0094629729204227051 0.042558154250894278 0.017546766830417209 -0.0042138173750898766 0.0098128787139657794 0.0025939965238915663 -0.00081890161162644917 0.0031422693942600279 0.0015968413056601375 -0.0010026899671311492 -0.015883046102244409 -0.0026844746088751526 -0.00016783402753787528 0.011042994414769032 0.0016512605935925487 0.0093115274999914076 -0.0057411423171053909 -0.0011566351084528123 0.001040055886547941
leaf_weight=1254 11410 115 34 21 114 17722 206 68 628 657 386 632 21 39 290 123 587 4880 124 278 888 160 94 501 1022 254 578 838 4619 8655
leaf_count=1254 11410 115 34 21 114 17722 206 68 628 657 386 632 21 39 290 123 587 4880 124 278 888 160 94 501 1022 254 578 838 4619 8655
internal_value=-4.4519e-12 -0.00153625 -0.00777301 -0.0187941 3.92229e-05 0.000454918 -0.00015621 -0.000772408 0.000111088 -0.00130131 -0.00404681 -0.00679565 0.00233117 0.00479246 -0.000241455 0.00326002 0.00352556 0.000287706 0.00132406 0.0045422 -0.000882022 -0.00620564 0.00201613 0.00430148 0.00781807 0.00917348 0.00763352 -0.00459609 -1.85664e-05 0.000369815
internal_weight=57198 1424 170 55 55774 17836 37938 11478 26460 2941 1675 1018 1266 647 619 329 626 23519 5365 2182 3183 1122 2061 1173 1554 1276 672 962 18154 13535
internal_count=57198 1424 170 55 55774 17836 37938 11478 26460 2941 1675 1018 1266 647 619 329 626 23519 5365 2182 3183 1122 2061 1173 1554 1276 672 962 18154 13535
is_linear=0
shrinkage=0.05


Tree=109
num_leaves=31
num_cat=0
split_feature=9 0 2 0 1 2 3 8 8 5 0 1 8 0 5 11 2 2 5 1 3 0 5 2 0 0 2 1 1 1
split_gain=1.31018 4.39598 4.65305 3.03273 2.08024 1.77959 2.37543 2.23253 1.70391 1.54738 3.24155 2.79034 2.7551 3.18784 6.69075 6.27224 7.53039 9.37869 6.88955 14.2517 9.89566 4.82177 4.79089 5.58067 4.4014 3.87622 5.20538 3.5359 3.2485 6.0299
threshold=-1.4491128870215986 -0.046811405019422853 -0.20653034366644046 2.0936190745863663 0.29298397875841897 -0.6524015819752208 -0.15292512424340945 -0.99042967103748658 -0.25919494664649734 0.45541128839052486 2.0936190745863663 3.6057252039299117 -1.7049705869141294 -0.43325522307546688 0.9652358749025497 -0.7500292558394458 -0.39209608984125965 -0.018152040493884542 1.4101165497556909 -0.60631482420664196 0.078936671547967852 -0.14005610564293822 0.9652358749025497 -0.13174175838218469 -0.6271509910208567 -0.75011681292423138 0.73986305201606539 1.5526340078511252 0.60082764297008773 1.7537497920233844
decision_type=2 2 2 2 2 2 2 2 2 2 2 2 2 2 2 2 2 2 2 2 2 2 2 2 2 2 2 2 2 2
left_child=1 5 4 8 -3 -1 -7 -8 -4 -2 12 -12 -11 14 25 16 -16 24 19 20 -17 22 23 -15 -18 -14 -27 -21 -20 -30
right_child=9 2 3 -5 -6 6 7 -9 -10 10 11 -13 13 21 15 18 17 -19 28 27 -22 -23 -24 -25 -26 26 -28 -29 29 -31
leaf_value=-0.0057874578492313894 -0.00027853029198310743 0.0055880894798405918 -0.0012949645405157994 -0.0047488490611798523 0.018112980760633945 0.0010920992307970601 -0.015784063312010124 -0.0027672207200287995 0.0023413383401284377 0.0018470503800362258 0.012241622011665957 -0.0035043464328807132 0.0029200852178231196 0.00890356621668233 0.0075511426374746064 0.0058708605628832325 -0.043195461020965518 -0.0060726932904042437 -0.00035164325814885083 0.0026653589732094471 0.037976898271396449 0.00010915996536462263 0.0059759719314475337 -0.0010294821101432181 -0.014567309692502023 -0.0050832187255980665 -0.018549555687076717 -0.0078289581674161821 -0.0079624664200097315 0.0052731871245461602
leaf_weight=227 32569 419 402 206 36 543 39 212 1622 2316 101 39 120 171 65 48 29 173 5087 1037 48 8925 757 817 25 530 83 87 351 114
leaf_count=227 32569 419 402 206 36 543 39 212 1622 2316 101 39 120 171 65 48 29 173 5087 1037 48 8925 757 817 25 530 83 87 351 114
internal_value=3.44292e-14 0.000909152 0.00197106 0.00103086 0.00657907 -0.00188342 -0.000767279 -0.00478976 0.00161911 -6.29873e-05 0.00027253 0.00785525 0.00022145 1.75791e-05 -0.000750911 -0.000279097 -0.00745412 -0.0117508 3.02804e-05 0.00343242 0.0219239 0.000579146 0.00298294 0.000689699 -0.0299417 -0.00529783 -0.00690656 0.00185308 -0.000717308 -0.0047176
internal_weight=57198 3706 2685 2230 455 1021 794 251 2024 53492 20923 140 20783 18467 7797 7064 292 227 6772 1220 96 10670 1745 988 54 733 613 1124 5552 465
internal_count=57198 3706 2685 2230 455 1021 794 251 2024 53492 20923 140 20783 18467 7797 7064 292 227 6772 1220 96 10670 1745 988 54 733 613 1124 5552 465
is_linear=0
shrinkage=0.05


Tree=110
num_leaves=31
num_cat=0
split_feature=0 6 0 4 5 8 2 4 12 9 3 0 2 0 1 2 2 4 5 12 5 6 6 0 5 7 1 0 3 3
split_gain=1.28039 2.71236 3.62288 2.76062 1.52591 2.2153 4.26657 2.37285 10.5555 7.05538 4.29098 2.87883 11.1863 3.08046 3.6222 2.95999 2.73202 2.69391 13.8389 20.9174 17.6121 6.30904 5.11926 6.2871 4.73048 6.47788 4.48151 4.17797 3.07721 2.97826
threshold=-1.9518562126726928 -0.88889511337147242 -2.0029426460512427 0.16106021810202364 0.57739941913764026 -0.25919494664649734 1.046586375203175 -1.2833245265549345 -0.69978104715131473 -0.84940361056041536 -0.63433567274564162 0.54568875044379339 -0.35590660563448356 -0.21022777338112061 -1.1662408489519231 -0.16741195907501591 0.34504559023684506 -0.71015597708788747 -0.84497093191591066 -1.0477032008262543 -0.37618863167946776 1.7136308150948316 1.0000000180025095e-35 1.5190057388334017 -1.3694227041112916 1.707859523614377 -0.77664833077501227 0.38028984488544709 -0.73760859703787152 0.38509038466313056
decision_type=2 2 2 2 2 2 2 2 2 2 2 2 2 2 2 2 2 2 2 2 2 2 2 2 2 2 2 2 2 2
left_child=1 -1 -3 -4 5 6 -2 8 11 -10 16 13 -13 14 -7 -14 -11 18 19 -9 21 28 -22 27 -21 26 -26 -24 -20 -19
right_child=4 2 3 -5 -6 7 -8 17 9 10 -12 12 15 -15 -16 -17 -18 29 20 24 22 -23 23 -25 25 -27 -28 -29 -30 -31
leaf_value=-0.0006770509836416562 -0.00064721167917026058 -0.0023593744909917208 -0.026765403967788995 -0.0037082649235214505 0.00041922348253461576 -0.0033593519044265094 -0.013208814924719798 -0.0033718957636804468 0.00020634430396000966 -0.001155774791186559 -0.0089769099134184831 0.040444174160559974 0.016683355370202126 -0.0039778998478090964 0.0073579664902721602 0.0024584052486101137 -0.017938702610822824 0.00036077317510075247 0.0029990824468357812 0.0015309257668475688 -0.00096046275825305673 -0.015074967162654503 -0.0025437482394912144 -0.00016774665850108702 0.019139719013931616 0.001582624088522729 0.0092352109952425002 0.0088223014850731408 -0.0054401586848649534 -0.001109622569973701
leaf_weight=1254 11410 115 34 21 17836 131 68 628 657 360 632 21 39 290 198 587 26 13535 124 278 888 160 94 501 131 254 891 578 838 4619
leaf_count=1254 11410 115 34 21 17836 131 68 628 657 360 632 21 39 290 198 587 26 13535 124 278 888 160 94 501 131 254 891 578 838 4619
internal_value=-1.02727e-12 -0.00148051 -0.00740721 -0.0179618 3.77998e-05 -0.000141521 -0.000721631 0.000110123 -0.00122885 -0.00383303 -0.00643997 0.00221665 0.00454878 -0.000220983 0.00309058 0.00334462 -0.00228623 0.000277559 0.00126192 0.00432901 -0.000840627 -0.00588143 0.00190356 0.00407173 0.00744109 0.00872873 0.0105048 0.00723241 -0.00435236 -1.33459e-05
internal_weight=57198 1424 170 55 55774 37938 11478 26460 2941 1675 1018 1266 647 619 329 626 386 23519 5365 2182 3183 1122 2061 1173 1554 1276 1022 672 962 18154
internal_count=57198 1424 170 55 55774 37938 11478 26460 2941 1675 1018 1266 647 619 329 626 386 23519 5365 2182 3183 1122 2061 1173 1554 1276 1022 672 962 18154
is_linear=0
shrinkage=0.05


Tree=111
num_leaves=31
num_cat=0
split_feature=0 1 1 0 5 5 5 0 1 0 3 4 1 1 1 11 1 3 4 4 4 4 8 1 6 1 5 3 4 0
split_gain=1.23731 2.5675 2.11175 1.87611 4.92635 7.08615 6.02288 9.44929 3.58391 3.34143 5.79156 3.33153 3.02551 2.90638 2.40026 4.53871 2.3943 5.17578 2.37917 2.31938 2.61348 2.43908 2.4139 2.31251 2.30523 3.56297 5.73761 3.43716 3.32064 2.15927
threshold=0.43202768883440962 4.5507345581604772 3.6057252039299117 0.60024155443359561 1.1904917396839851 1.2994638957836848 0.9652358749025497 0.55836136915153645 2.5770947965769744 0.76701006881243816 1.5048606475528781 -1.214544300618889 2.8228242796172474 1.2236823169831388 -0.79315474346610004 -0.7500292558394458 -0.077504424488969617 1.5767137871784713 -0.068207201684795479 1.1469101231853445 0.13813347612334176 1.3991042849508457 0.38174988366425283 1.9063929877884644 0.31220406105026438 0.86905360594489955 1.1495863065883827 2.202591650424965 -1.3291780105122986 0.59010491522874431
decision_type=2 2 2 2 2 2 2 2 2 2 2 2 2 2 2 2 2 2 2 2 2 2 2 2 2 2 2 2 2 2
left_child=1 2 -1 4 6 18 8 23 19 10 11 -5 -13 16 15 -11 17 -7 -6 20 29 -21 -23 -8 -12 -26 28 -28 -27 -2
right_child=3 -3 -4 9 5 13 7 -9 -10 14 24 12 -14 -15 -16 -17 -18 -19 -20 21 -22 22 -24 -25 25 26 27 -29 -30 -31
leaf_value=-0.00015275372202771606 0.001209680764628287 0.014229099404427313 -0.010235403609784463 0.0073347327168133136 -0.022194511340841508 -0.0014646518429585473 0.0096856241606259608 0.038159789214842026 -0.016183178392904146 -0.014556724568828942 0.0033864124398245918 -0.0014392331874299139 0.018113592313602569 0.0080396669267048665 0.00035141296827935167 0.011412169634285471 -0.0070325293016264365 0.025582415112294254 -0.0074658316760805657 -0.0063083086381352117 0.0056514442244852076 0.005906548534519971 -0.0024064503300505573 -0.0070200513341222657 0.003517085014382468 -0.019517410211582584 -0.04137410400435329 -0.015682959718008836 -0.0033662234765032065 0.0086490981187558394
leaf_weight=39563 1839 31 52 121 52 153 89 28 28 20 37 1834 20 86 11508 106 146 20 58 163 502 150 209 27 41 44 23 30 115 103
leaf_count=39563 1839 31 52 121 52 153 89 28 28 20 37 1834 20 86 11508 106 146 20 58 163 502 150 209 27 41 44 23 30 115 103
internal_value=2.53468e-12 -0.000154733 -0.000165989 0.000349506 0.00135784 -0.00317459 0.00210169 0.01209 0.00162129 8.44924e-05 -0.00167252 -0.000703686 -0.00122831 -0.000117979 0.000426561 0.00729012 -0.00231722 0.00166218 -0.0144285 0.00178937 0.00243555 -0.00123605 0.00106695 0.00579723 -0.00827061 -0.00997539 -0.0125848 -0.0268319 -0.00783573 0.00160425
internal_weight=57198 39646 39615 17552 3653 515 3138 144 2994 13899 2265 1975 1854 405 11634 126 319 173 110 2966 2444 522 359 116 290 253 212 53 159 1942
internal_count=57198 39646 39615 17552 3653 515 3138 144 2994 13899 2265 1975 1854 405 11634 126 319 173 110 2966 2444 522 359 116 290 253 212 53 159 1942
is_linear=0
shrinkage=0.05


Tree=112
num_leaves=31
num_cat=0
split_feature=3 2 2 3 9 4 4 8 12 2 9 4 1 4 0 0 1 4 1 9 0 0 0 2 4 9 4 4 1 4
split_gain=1.21156 1.59144 1.23312 1.15707 4.41022 10.6225 5.76591 3.79496 3.37792 3.06572 3.1357 9.54495 5.02732 4.85938 7.05765 4.80901 4.71732 3.73855 9.87831 2.8738 4.45846 3.01745 4.10694 2.60247 2.56213 2.87094 2.81029 10.212 2.19798 2.01174
threshold=-1.9160917397235644 -1.735530779072912 -0.55898008496156815 2.1013061194939193 1.3495304031305906 0.22984044403806927 0.36740089591016062 1.0000000180025095e-35 1.0000000180025095e-35 0.93430021529322205 1.0496757648999988 0.27569392799543307 3.6057252039299117 0.50496134778225188 -0.041531869640052961 0.6184085169620398 1.5928914074645542 0.069353250187296225 2.0111533611481645 0.64986958059254329 -0.066473749301493038 1.1449233396486802 0.16790013397773354 3.621925625133366 1.2844705750574359 0.44996648843881543 -0.48088855730106883 -0.34332810542897768 2.4107711890197381 -0.18284091157820473
decision_type=2 2 2 2 2 2 2 2 2 2 2 2 2 2 2 2 2 2 2 2 2 2 2 2 2 2 2 2 2 2
left_child=1 -1 -3 -2 7 -6 -7 19 9 -9 15 12 -12 14 -13 16 -11 -18 -19 21 -21 22 -5 -22 25 29 28 -28 -27 -17
right_child=3 2 -4 4 5 6 -8 8 -10 10 11 13 -14 -15 -16 24 17 18 -20 20 23 -23 -24 -25 -26 26 27 -29 -30 -31
leaf_value=-0.0068507350901249476 -2.0094922934906418e-05 0.00064885324190577711 -0.0090844223728856529 0.0093893714445268586 0.040549139756088454 -0.02068329954519868 0.014737312229893482 0.017450863103432631 -0.0066319305302014438 0.0020398665720350903 -0.0062737767331545128 -5.1901634782552724e-05 -0.032855980554274446 -0.0068164126316332847 0.038326481154755405 -0.0013680413923432856 0.036838906229688571 0.036962645696032616 -0.011534558602475695 -0.0013649102970426296 -0.0076760731709998899 0.0065114649654262604 -0.0080116407873556585 -0.023737353363160997 -0.0043937058422876445 0.0064885427205059812 0.041860586897470062 0.0060221848864175538 -0.010849470335990192 0.0064289890499747374
leaf_weight=147 54960 270 37 46 24 20 27 37 93 53 46 25 29 32 23 257 26 21 21 184 61 135 129 43 115 68 25 97 25 122
leaf_count=147 54960 270 37 46 24 20 27 37 93 53 46 25 29 32 23 257 26 21 21 184 61 135 129 43 115 68 25 97 25 122
internal_value=6.74711e-13 -0.00257267 -0.000524213 2.05835e-05 0.00127377 0.0134848 -0.000335289 0.000767652 0.00249114 0.00332132 0.00279057 -0.00373762 -0.0165522 0.00827608 0.0183377 0.00400969 0.0132224 0.0219383 0.012714 -0.00244587 -0.00604198 0.000895023 -0.00343766 -0.0143168 0.00243741 0.00375993 0.00837512 0.0133661 0.00182779 0.00114182
internal_weight=57198 454 307 56744 1784 71 47 1713 1115 1022 985 155 75 80 48 830 121 68 42 598 288 310 175 104 709 594 215 122 93 379
internal_count=57198 454 307 56744 1784 71 47 1713 1115 1022 985 155 75 80 48 830 121 68 42 598 288 310 175 104 709 594 215 122 93 379
is_linear=0
shrinkage=0.05


Tree=113
num_leaves=31
num_cat=0
split_feature=9 0 2 4 4 0 4 0 7 4 0 0 6 4 4 0 3 5 0 1 0 1 4 1 4 3 9 4 1 1
split_gain=1.18723 2.44489 2.94666 2.55478 2.12313 1.87524 2.19373 1.80598 1.51149 1.46741 1.24918 1.95913 2.84193 2.85946 2.02749 1.86645 4.98446 2.94035 3.06559 2.76734 7.44741 2.76308 3.51317 2.57227 2.75015 2.48086 2.15813 2.08996 3.73494 5.12804
threshold=-1.5490644330984626 -0.012431969559674379 -0.20653034366644046 -1.008203622810752 0.66544854163302503 2.1320600998353485 1.3532508009934816 2.4700175506702986 -0.17418860646293408 -0.091133943663477338 0.81365309454649604 0.85193346645677892 0.31220406105026438 -1.2833245265549345 0.68837528361170697 0.60024155443359561 1.5369806572815394 0.75215792318289665 0.70034578611526144 4.5507345581604772 0.0080319006199791165 2.0111533611481645 0.092279992165977986 2.8228242796172474 -0.96235013885338849 -0.39558823761521555 -0.44959742625295968 -0.75600946104525135 0.83216619500803923 0.028735252584951479
decision_type=2 2 2 2 2 2 2 2 2 2 2 2 2 2 2 2 2 2 2 2 2 2 2 2 2 2 2 2 2 2
left_child=1 3 9 -1 8 6 -6 10 -4 -3 15 12 -12 -14 -15 19 23 -18 21 -2 -21 -19 -23 24 25 -17 -27 28 29 -26
right_child=7 2 4 -5 5 -7 -8 -9 -10 -11 11 -13 13 14 -16 16 17 18 -20 20 -22 22 -24 -25 27 26 -28 -29 -30 -31
leaf_value=-0.0074238504391347234 -7.7279314975755252e-05 0.010367559280397523 0.0052095287559139319 0.00050832547331313262 -0.0034262038429825393 -0.013908909993438884 0.0045857356652092233 -0.0060936136093611521 0.00049027219029742716 0.0029442329342142214 -0.0037073480016796994 0.00032589947950419535 -0.0079893195608747199 0.010885698287722356 0.0019440719877614537 -0.0040756877292768062 -0.020651980028865306 -0.0056363492628213755 0.0019721699420760358 -0.0092477764002978809 0.028405773534503732 -0.035650252923369409 -0.0082126360220302428 0.017208917629905045 0.0011128887445444153 0.00097978798682258153 0.010227886564798542 -0.0011027901956839137 0.010702967423607004 -0.02199923976524068
leaf_weight=142 42088 148 347 356 253 29 129 123 332 121 95 10060 32 183 97 84 37 132 89 24 29 20 28 20 42 120 133 1827 22 56
leaf_count=142 42088 148 347 356 253 29 129 123 332 121 95 10060 32 183 97 84 37 132 89 24 29 20 28 20 42 120 133 1827 22 56
internal_value=1.00355e-12 0.00124355 0.0023418 -0.00175346 0.00118518 -0.00165116 -0.000720601 -4.17281e-05 0.00290203 0.00702844 -2.82474e-05 0.00046349 0.00386438 0.00616987 0.00778806 -0.000143262 -0.00144077 -0.00743646 -0.00561871 -6.2901e-05 0.0113551 -0.00937198 -0.019645 -0.000644464 -0.000800798 0.00336951 0.00584144 -0.00152262 -0.00791459 -0.012094
internal_weight=57198 1857 1359 498 1090 411 382 55341 679 269 55218 10467 407 312 280 44751 2610 306 269 42141 53 180 48 2304 2284 337 253 1947 120 98
internal_count=57198 1857 1359 498 1090 411 382 55341 679 269 55218 10467 407 312 280 44751 2610 306 269 42141 53 180 48 2304 2284 337 253 1947 120 98
is_linear=0
shrinkage=0.05


Tree=114
num_leaves=31
num_cat=0
split_feature=0 7 0 4 5 2 0 5 3 7 1 4 4 2 0 1 1 4 12 2 0 2 1 2 7 1 2 7 4 2
split_gain=1.14087 2.43624 3.25618 2.50143 1.44608 2.20523 2.1413 4.73904 4.66395 2.85931 4.83049 6.37049 5.70548 2.5671 3.95056 2.22696 2.19502 5.15964 7.17994 3.83507 3.75866 2.93064 3.53738 2.49563 4.8039 2.58196 5.86838 5.32896 3.06635 2.78896
threshold=-1.9518562126726928 0.50726550913191959 -2.0029426460512427 0.16106021810202364 0.57739941913764026 -1.040604034251922 -1.1276121262597307 -1.1735669212629918 -0.020360462190462923 0.50726550913191959 -1.109996388456951 -0.43503507334370556 -0.18284091157820473 -1.3537541724162285 -0.80152611022553211 -1.0109901880792516 -0.77664833077501227 -1.1457640746828435 1.0398297212233845 -0.84623431554387041 0.91769187452946521 -0.31687965436410065 -1.3385536245925018 -0.97714768088547088 1.0000000180025095e-35 -1.1834232753518268 -1.0093716446251595 1.0000000180025095e-35 0.50496134778225188 -1.3123677628184744
decision_type=2 2 2 2 2 2 2 2 2 2 2 2 2 2 2 2 2 2 2 2 2 2 2 2 2 2 2 2 2 2
left_child=1 -1 -3 -4 6 -6 7 9 -9 -2 -11 -12 -13 14 15 -8 17 18 21 -20 23 22 -15 25 -25 26 -19 -28 -27 -30
right_child=4 2 3 -5 5 -7 13 8 -10 10 11 12 -14 16 -16 -17 -18 20 19 -21 -22 -23 -24 24 -26 28 27 -29 29 -31
leaf_value=-0.00063605461702153623 -8.7581832260385988e-05 -0.0022288993727314571 -0.025400784845902205 -0.0034527104259246873 0.0073388845890325393 0.00036240213368553536 0.0095454607841400137 -0.004788064451270696 -0.02561057713372927 -0.00068503933942142448 0.0011872619873020745 -0.029264259743585919 -0.0069894783875246629 -0.004573795477699605 -0.0042872464124209331 -0.0029262295284582761 -0.00014572566134876195 0.0030638814622986118 0.0041762310478121178 0.019120860436662765 0.01221188324575241 -0.0085058754141308299 0.0049692471893042264 0.00076990807816767386 -0.0033068534430056372 -0.0020754669188027038 0.0049022004656169727 0.038582089046637222 0.021402511790039994 0.0027414964184944712
leaf_weight=1254 1733 115 34 21 114 17722 91 92 38 325 69 57 58 120 713 59 29296 292 70 111 65 59 509 2074 1109 500 23 24 21 430
leaf_count=1254 1733 115 34 21 114 17722 91 92 38 325 69 57 58 120 713 59 29296 292 70 111 65 59 509 2074 1109 500 23 24 21 430
internal_value=-3.57564e-12 -0.00139752 -0.00701445 -0.0170206 3.5681e-05 0.000406993 -0.000138886 -0.00159345 -0.0108746 -0.00105528 -0.00435004 -0.0108235 -0.01803 -4.18771e-05 -0.00273559 0.00463993 2.51107e-05 0.00095073 0.00448032 0.0133412 0.000274834 0.00214919 0.00314863 0.000101369 -0.00065049 0.00195654 0.00570317 0.0221004 0.000620991 0.00361041
internal_weight=57198 1424 170 55 55774 17836 37938 2372 130 2242 509 184 115 35566 863 150 34703 5407 869 181 4538 688 629 4473 3183 1290 339 47 951 451
internal_count=57198 1424 170 55 55774 17836 37938 2372 130 2242 509 184 115 35566 863 150 34703 5407 869 181 4538 688 629 4473 3183 1290 339 47 951 451
is_linear=0
shrinkage=0.05


Tree=115
num_leaves=31
num_cat=0
split_feature=9 0 4 0 4 1 7 8 1 4 4 0 0 3 0 1 0 1 8 4 5 5 4 8 8 4 5 11 5 1
split_gain=1.12654 3.6521 4.73739 4.10923 4.01628 2.3229 3.23348 1.94187 1.66914 1.59834 1.58396 1.58922 1.46101 1.8982 1.37054 1.23024 1.86176 5.5679 3.41745 8.60859 4.13822 3.6116 3.25251 4.49425 3.72276 2.31117 3.98438 10.0874 3.3798 3.26884
threshold=-1.4491128870215986 -0.046811405019422853 -0.77893620302393318 0.018766739333797907 -0.84771642895997912 0.54166828443334791 -0.17418860646293408 -0.99042967103748658 -0.77664833077501227 1.5595914788016185 1.2844705750574359 -0.15642271830724117 2.0936190745863663 0.51464802931429421 2.4700175506702986 1.1402282250590876 -0.4135184651389277 1.3758557643562199 -0.99042967103748658 0.41325437986752434 1.4312047935437753 1.4101165497556909 0.32154741195279685 0.38174988366425283 1.0184757865176055 1.0000000180025095e-35 1.386347522532285 1.4457311165250033 1.4495693291702281 2.0111533611481645
decision_type=2 2 2 2 2 2 2 2 2 2 2 2 2 2 2 2 2 2 2 2 2 2 2 2 2 2 2 2 2 2
left_child=1 4 5 -4 7 6 -3 8 -1 10 -6 -12 -5 -14 15 -2 17 -17 19 21 -21 -19 23 -20 -24 26 27 -18 -28 -27
right_child=14 2 3 12 9 -7 -8 -9 -10 -11 11 -13 13 -15 -16 16 25 18 22 20 -22 -23 24 -25 -26 29 28 -29 -30 -31
leaf_value=0.0011700716521590947 -0.00013540857932437022 0.01219166671138654 0.0096837833467074419 0.00032441538401527595 0.00030596136185547066 0.0016623936157805247 0.0038057978043228935 -0.0036025001667969099 -0.014866279321722686 -0.006956848197164205 0.00076624811695797399 0.015420932423424079 -0.012116869485804014 -0.00048824015471024161 -0.0063289211419325364 0.0042415403903255031 5.0228598594754196e-05 0.0040163543535711955 -0.020441176959525655 -0.0044156231785423515 -0.02939427573932335 0.023052316084683229 0.0028616650010840437 -0.0058040156695194764 -0.015916108122259819 0.0038234341756773109 -0.015996054584916302 0.02969498744812505 0.0034590847691464604 0.00017419809494403785
leaf_weight=20 47174 197 114 1650 555 298 276 220 86 66 37 37 56 94 87 288 2739 69 79 97 20 39 118 156 34 1293 69 29 33 1168
leaf_count=20 47174 197 114 1650 555 298 276 220 86 66 37 37 56 94 87 288 2739 69 79 97 20 39 118 156 34 1293 69 29 33 1168
internal_value=-3.47072e-12 0.000843034 0.00181093 0.000477951 -0.00170232 0.00512004 0.00729843 -0.00628113 -0.0118406 0.000445442 0.00122215 0.00809359 -0.000105085 -0.0048296 -5.84065e-05 -4.81915e-05 0.000612116 -0.00149135 -0.00418919 0.000710968 -0.00868548 0.0108905 -0.00703812 -0.0107246 -0.00133863 0.000967233 3.18913e-06 0.000360813 -0.00970174 0.00209149
internal_weight=57198 3706 2685 1914 1021 771 473 326 106 695 629 74 1800 150 53492 53405 6231 900 612 225 117 108 387 235 152 5331 2870 2768 102 2461
internal_count=57198 3706 2685 1914 1021 771 473 326 106 695 629 74 1800 150 53492 53405 6231 900 612 225 117 108 387 235 152 5331 2870 2768 102 2461
is_linear=0
shrinkage=0.05


Tree=116
num_leaves=31
num_cat=0
split_feature=3 2 5 7 7 1 2 1 1 3 1 2 0 5 1 1 2 4 1 9 5 5 8 4 4 2 2 0 0 2
split_gain=1.07135 1.41241 1.17478 1.666 2.33231 2.54455 1.6854 2.66325 2.62465 1.58429 1.32684 1.31738 1.11248 1.11205 2.38371 2.09021 3.69473 2.61719 4.2509 3.34156 2.6741 2.46272 3.02928 4.23959 4.26831 3.0128 2.79393 2.47724 3.24089 5.67633
threshold=-1.9160917397235644 -1.735530779072912 -1.3430211371129324 1.707859523614377 0.50726550913191959 -0.79315474346610004 -0.87774471941419241 -1.109996388456951 -1.0224820610882628 -0.039318026550064562 -0.96765938269666141 -0.49442494890717487 0.75165369814742389 1.4779829372212656 -0.20441656695412408 -0.93689027427078309 -1.3537541724162285 -1.1457640746828435 -1.3091822148347554 -0.74945206448355139 1.0000000180025095e-35 -0.99733128919208947 -1.7049705869141294 -0.43503507334370556 -0.27454787949293208 0.47607894286980706 -1.4076681570074618 0.086945391326719121 -0.36218820601171692 -0.93831103799772875
decision_type=2 2 2 2 2 2 2 2 2 2 2 2 2 2 2 2 2 2 2 2 2 2 2 2 2 2 2 2 2 2
left_child=1 -1 3 4 9 6 7 -6 -9 10 -2 -11 -5 15 -15 17 -17 18 -4 20 -19 22 23 -21 -25 27 -24 28 -23 -30
right_child=2 -3 13 12 5 -7 -8 8 -10 11 -12 -13 -14 14 -16 16 -18 19 -20 21 -22 25 26 24 -26 -27 -28 -29 29 -31
leaf_value=-0.0064494832442567734 0.00052024992533970501 -0.0004894332349541558 -0.0028773654626371961 0.0075448889934952249 -0.0026149896436325482 -0.01981424564562206 0.0096206815026345718 -0.027893861739531806 -0.0047063976669540772 -0.0033078946278903968 -0.0018431089314368367 -0.015330204632013076 0.00078563310470840687 -0.00027974033964589567 -0.0040137961205133866 -0.005411306133152851 8.3704058466118377e-05 -0.0091240939987210987 0.0069101246501518058 -0.013098603507857529 0.0032008504528748174 0.0037222038595794375 0.0088492035272273433 0.012325642288263996 -0.0029964378020010882 -0.0051505228869102304 0.00068267143376135901 -0.0016412453206420758 0.021199493342715824 0.0014147975426445256
leaf_weight=147 1330 307 150 81 205 28 21 23 26 86 1073 31 245 3900 480 308 44967 146 426 89 63 539 112 52 361 95 1614 147 79 67
leaf_count=147 1330 307 150 81 205 28 21 23 26 86 1073 31 245 3900 480 308 44967 146 426 89 63 539 112 52 361 95 1614 147 79 67
internal_value=3.08702e-12 -0.00241923 1.93559e-05 -0.000919208 -0.00131003 -0.00545466 -0.0039926 -0.0051181 -0.0155903 -0.000811682 -0.000535049 -0.00649329 0.00246508 7.45016e-05 -0.000688952 0.000142447 4.63222e-05 0.00124703 0.0043613 0.000713787 -0.00540892 0.00111938 0.000218306 -0.00320031 -0.00106727 0.00328507 0.0012126 0.00424826 0.00551214 0.0121202
internal_weight=57198 454 56744 3149 2823 303 275 254 49 2520 2403 117 326 53595 4380 49215 45275 3940 576 3364 209 3155 2228 502 413 927 1726 832 685 146
internal_count=57198 454 56744 3149 2823 303 275 254 49 2520 2403 117 326 53595 4380 49215 45275 3940 576 3364 209 3155 2228 502 413 927 1726 832 685 146
is_linear=0
shrinkage=0.05


Tree=117
num_leaves=31
num_cat=0
split_feature=3 5 4 0 8 12 2 4 0 4 0 0 3 1 2 4 5 0 0 0 2 2 4 5 4 4 4 3 1 1
split_gain=1.03941 4.10592 9.71442 5.70202 3.41862 3.04277 2.78111 3.3175 3.02025 5.99321 5.97497 3.83529 4.2803 3.15401 3.88917 3.97729 2.54045 4.13539 2.73817 3.70749 2.47837 2.35269 2.1709 2.55483 2.36267 10.5387 2.13264 6.87678 4.98885 6.80971
threshold=2.1013061194939193 1.4495693291702281 0.22984044403806927 -0.076729895149008923 1.0000000180025095e-35 1.0000000180025095e-35 1.0279604420624799 0.11520673414465986 -0.0089064350996717351 0.22984044403806927 0.59010491522874431 0.70034578611526144 2.593219488673522 1.5928914074645542 1.8590892847108265 0.50496134778225188 1.2655051286133518 -0.066473749301493038 1.1449233396486802 0.16790013397773354 2.6531584754121167 3.621925625133366 1.2844705750574359 1.1904917396839851 -0.48088855730106883 -0.36625484740765951 -0.228694395535568 3.1923315992737717 2.5770947965769744 3.1166240661100928
decision_type=2 2 2 2 2 2 2 2 2 2 2 2 2 2 2 2 2 2 2 2 2 2 2 2 2 2 2 2 2 2
left_child=-1 4 -3 -4 16 6 7 -6 9 -8 13 12 -12 -10 -15 -16 18 -18 19 -2 -11 -19 23 26 -25 -26 28 -28 -13 -30
right_child=1 2 3 -5 5 -7 8 -9 10 20 11 22 -14 14 15 -17 17 21 -20 -21 -22 -23 -24 24 25 -27 27 -29 29 -31
leaf_value=-3.8243792315761278e-05 0.0088506751683662122 0.038851838300858317 0.018318926272067156 -0.016583202309906484 0.028554107976631951 -0.0063232963807725653 -0.022323946787842684 0.0013955667360939763 0.0031711462691115834 -0.0045458412158393092 -0.0019138432731676215 0.0040484219778505132 -0.029060459830798208 0.037395253537688404 0.021256906986236574 -0.0020182915252697623 -0.001227133826171706 -0.0073869403882990368 0.0061409219493227148 -0.0076824637411465474 0.017700786493896021 -0.022658012725066307 -0.0036818531242368575 0.0022573241804227863 0.046048485077917582 0.0063219685152133866 0.011469572516004767 -0.018070605428268514 -0.031178076256965771 -0.00010782041457585163
leaf_weight=55414 46 24 22 25 23 93 35 22 60 31 53 127 20 20 50 29 184 61 135 129 21 43 110 92 20 101 110 24 29 45
leaf_count=55414 46 24 22 25 23 93 35 22 60 31 53 127 20 20 50 29 184 61 135 129 21 43 110 92 20 101 110 24 29 45
internal_value=8.18459e-13 0.00118792 0.0129701 -0.000246036 0.000699569 0.00233537 0.00312329 0.0152766 0.00256351 -0.00632808 0.00343269 0.00152203 -0.00935127 0.0122169 0.0176992 0.0127128 -0.00235046 -0.00573156 0.000790702 -0.00333661 0.00443837 -0.0137009 0.00272834 0.00401506 0.00829654 0.0128883 0.00129281 0.00617879 -0.00196451 -0.012284
internal_weight=57198 1784 71 47 1713 1115 1022 45 977 87 890 731 73 159 99 79 598 288 310 175 52 104 658 548 213 121 335 134 201 74
internal_count=57198 1784 71 47 1713 1115 1022 45 977 87 890 731 73 159 99 79 598 288 310 175 52 104 658 548 213 121 335 134 201 74
is_linear=0
shrinkage=0.05


Tree=118
num_leaves=31
num_cat=0
split_feature=0 6 0 4 5 8 4 4 4 5 0 5 0 2 4 4 0 5 2 2 0 4 11 6 2 0 2 2 0 0
split_gain=1.02495 2.14258 2.86612 2.2203 1.26769 1.86873 3.76308 5.27793 3.56391 6.42364 5.15772 3.27225 3.25408 3.57884 2.3808 5.23107 10.5761 5.27393 12.5097 6.3731 3.7804 8.88443 7.28894 11.3806 6.91625 6.43794 9.9498 6.53174 6.35503 8.10731
threshold=-1.9518562126726928 -0.88889511337147242 -2.0029426460512427 0.16106021810202364 0.57739941913764026 -1.7049705869141294 -0.38918158938634145 -0.57259552521579626 -1.2833245265549345 1.0142561076130823 -0.016899023803696612 0.91441636237843227 -1.6253228648146949 1.1310019480780908 -0.022353717727431312 0.069353250187296225 -1.6253228648146949 1.3309652674966419 0.47607894286980706 2.9313461519999118 0.70034578611526144 -1.0540571067681157 -0.7500292558394458 0.31220406105026438 0.87261910260975706 -0.65041253724159154 -0.42151375705447874 -0.018152040493884542 1.6437776611856465 1.768166426889292
decision_type=2 2 2 2 2 2 2 2 2 2 2 2 2 2 2 2 2 2 2 2 2 2 2 2 2 2 2 2 2 2
left_child=1 -1 -3 -4 -2 6 7 8 9 -6 -10 -9 -13 -14 20 16 -16 19 -19 -18 22 -22 23 24 25 26 -7 -28 -23 -30
right_child=4 2 3 -5 5 14 -8 11 10 -11 -12 12 13 -15 15 -17 17 18 -20 -21 21 28 -24 -25 -26 -27 27 -29 29 -31
leaf_value=-0.00061052052503837153 -0.00012962543057591004 -0.0021023714436096664 -0.023875117624822237 -0.003197120431633223 0.01939408935699612 0.012144045356725312 -0.00015724990633073568 0.00073250522317331549 -0.0021461453168089258 0.002099861039342522 0.017409589057284836 0.0046239601247685244 0.031969029357035959 0.01029073796799463 0.041495323791168631 0.00052766545373699803 0.0018084046558447262 0.0031734728176767628 0.030962038320420243 -0.027592902136966586 -0.0028846786682742835 0.007360197136219682 0.00020546342499318181 -0.019456875779964394 -0.0075223504002905443 3.9528728521061604e-05 -0.04043113915715367 -0.010442842454042124 -0.012869074224028738 0.0036048079737890275
leaf_weight=1254 37938 115 34 21 75 29 1019 42 380 189 37 36 45 33 20 6360 235 162 54 20 645 703 5191 103 506 1481 30 46 100 295
leaf_count=1254 37938 115 34 21 75 29 1019 42 380 189 37 36 45 33 20 6360 235 162 54 20 645 703 5191 103 506 1481 30 46 100 295
internal_value=1.19984e-12 -0.00132462 -0.00659215 -0.0159799 3.38197e-05 0.000381475 0.00188321 0.00436736 0.00246703 0.00701299 -0.000410984 0.012663 0.0170584 0.0227974 0.000207056 0.00091155 0.00588407 0.00437191 0.0101206 -0.00049758 -0.000321643 0.00177287 -0.000815921 -0.00323141 -0.00243255 -0.000808692 -0.0127726 -0.0222803 0.00450886 -0.000565795
internal_weight=57198 1424 170 55 55774 17836 1856 837 681 264 417 156 114 78 15980 6851 491 471 216 255 9129 1743 7386 2195 2092 1586 105 76 1098 395
internal_count=57198 1424 170 55 55774 17836 1856 837 681 264 417 156 114 78 15980 6851 491 471 216 255 9129 1743 7386 2195 2092 1586 105 76 1098 395
is_linear=0
shrinkage=0.05


Tree=119
num_leaves=31
num_cat=0
split_feature=9 0 4 0 4 2 8 8 2 8 3 4 4 0 2 0 7 4 4 4 3 0 2 4 9 3 0 4 9 3
split_gain=1.02858 3.2909 4.27848 3.68258 3.63165 2.9861 2.37037 2.25744 2.22622 2.19504 2.10529 1.35871 1.52334 1.43949 1.30422 1.23503 1.23497 2.38272 2.35986 2.32992 1.65287 1.54685 1.44082 1.13333 4.36043 6.71856 6.14807 5.67849 8.96514 5.24099
threshold=-1.4491128870215986 -0.046811405019422853 -0.75600946104525135 0.018766739333797907 -1.008203622810752 -0.13174175838218469 -0.99042967103748658 0.38174988366425283 -0.6161824404863302 0.74730582097220966 0.63708671691225505 1.5595914788016185 1.2844705750574359 -0.15642271830724117 0.69239275780205234 2.4700175506702986 0.50726550913191959 1.3303240590147996 1.2844705750574359 0.91764270339852583 1.0907270677046579 1.2711646930971334 0.25277444238343988 0.16106021810202364 -0.24969433409923195 -1.410088842511209 -0.65873892843185644 0.069353250187296225 0.54991803451567944 2.1013061194939193
decision_type=2 2 2 2 2 2 2 2 2 2 2 2 2 2 2 2 2 2 2 2 2 2 2 2 2 2 2 2 2 2
left_child=1 4 5 -4 6 10 -1 -7 -5 14 -3 12 -6 -14 -9 23 17 19 -18 21 22 -10 -19 24 25 -2 -27 -26 -29 -30
right_child=15 2 3 8 11 7 -8 9 16 -11 -12 -13 13 -15 -16 -17 18 20 -20 -21 -22 -23 -24 -25 27 26 -28 28 29 -31
leaf_value=-0.01340379426146255 0.011608663511329463 0.0089918769914703236 0.0092235611615511266 0.0072012997945718367 7.50065787900562e-05 0.00044606780835451513 -0.0034290515436390455 0.018213039841883036 -0.00073577319010892047 0.003544589816401128 0.026591273322701454 -0.0066047974558772916 0.00070686979947699789 0.014654094081472708 0.0071334100055411983 -0.0060082668555303661 -0.0003016813444728581 0.01254890061198519 -0.0091058864553863385 -0.0050520483200055498 -0.0030545870587229732 0.004660360391703546 0.0036365459058045717 0.00022515623489444367 0.00043977428974421759 -0.011153469875920564 -0.00096683161777225135 0.0022690111882652025 -0.0096749067675693662 0.0013839968389062129
leaf_weight=85 105 113 112 98 597 324 199 49 634 231 20 66 37 37 58 87 229 65 114 260 60 168 150 22373 17914 150 11826 420 479 138
leaf_count=85 105 113 112 98 597 324 199 49 634 231 20 66 37 37 58 87 229 65 114 260 60 168 150 22373 17914 150 11826 420 479 138
internal_value=1.47913e-12 0.000805544 0.00172433 0.000429854 -0.00161066 0.00480177 -0.00641445 0.00342825 -0.000124081 0.00628691 0.0116384 0.000240459 0.000913762 0.00768048 0.0122073 -5.58092e-05 -0.000551395 0.000135238 -0.00322786 -0.000938863 0.00428322 0.000394589 0.00633098 -4.61123e-05 -0.000241688 -0.000984013 -0.00109442 0.000231535 -0.00336577 -0.00720144
internal_weight=57198 3706 2685 1890 1021 795 284 662 1778 338 133 737 671 74 107 53492 1680 1337 343 1062 275 802 215 53405 31032 12081 11976 18951 1037 617
internal_count=57198 3706 2685 1890 1021 795 284 662 1778 338 133 737 671 74 107 53492 1680 1337 343 1062 275 802 215 53405 31032 12081 11976 18951 1037 617
is_linear=0
shrinkage=0.05


Tree=120
num_leaves=31
num_cat=0
split_feature=9 5 4 4 4 4 4 7 0 3 7 0 8 4 5 0 7 2 3 3 3 0 0 0 6 2 0 2 8 4
split_gain=1.04935 5.83325 11.6261 8.35733 7.09628 16.2549 13.7059 10.9572 6.987 5.63683 4.76288 4.60394 4.28058 4.25235 4.05904 3.90425 3.83778 3.77228 3.54556 5.62332 4.71019 3.44092 3.37394 3.35271 4.25724 3.25883 2.89544 2.74808 2.67802 5.33213
threshold=0.25006339628508761 0.9652358749025497 0.48203460580356999 1.490811252865573 -0.36625484740765951 -0.77893620302393318 -0.18284091157820473 1.707859523614377 0.1422746919524476 1.1131740591214825 1.0000000180025095e-35 -0.6831214313391879 0.21070812337056413 1.0000000180025095e-35 1.0142561076130823 -1.1752500972272226 -0.17418860646293408 0.14100028477617005 2.1013061194939193 1.6241332329595262 1.374370791781051 0.28962790991997789 -0.44379649577730129 -0.6271509910208567 -0.90990146219895396 2.4358698305335271 1.7151309929072172 3.621925625133366 1.0816417019878375 -1.3062512685336163
decision_type=2 2 2 2 2 2 2 2 2 2 2 2 2 2 2 2 2 2 2 2 2 2 2 2 2 2 2 2 2 2
left_child=1 15 4 11 5 23 8 -8 22 12 -5 -4 -7 -9 -11 -1 -10 -14 19 20 -13 -18 -6 -3 -25 -17 28 -27 -2 -30
right_child=26 2 3 10 6 9 7 13 16 14 -12 18 17 -15 -16 25 21 -19 -20 -21 -22 -23 -24 24 -26 27 -28 -29 29 -31
leaf_value=-0.016215296207952336 -0.00050073513812876589 0.0064724338007087273 0.037684564739042387 0.0074266704089691049 -0.013088386893278079 0.030994302924308516 -0.0011529379434417366 0.040973802576107637 -0.012893407792261427 -0.0057210392665204618 -0.008089690491504653 0.010769613301746694 0.027738172861819083 0.010974323439532547 0.013797058249973427 8.3266442752690724e-05 -0.016503464525643118 0.0033919994060586135 0.02919461559795309 -0.0021680784029220897 0.03083581112370622 -0.041084115718092236 0.0073223736835643649 -0.021280530132353308 -0.0017341659565266662 -0.0079434205717321335 0.0043313038083190678 0.0045694742935963656 -0.0056023690631030127 0.0021497687401930794
leaf_weight=37 20908 116 22 163 41 63 409 21 57 43 71 102 26 27 70 31441 24 41 32 56 41 35 40 30 390 217 339 55 249 2032
leaf_count=37 20908 116 22 163 41 63 409 21 57 43 71 102 26 27 70 31441 24 41 32 56 41 35 40 30 390 217 339 55 249 2032
internal_value=6.97636e-13 0.000179023 0.00285526 0.00952941 0.000587077 0.00381098 -0.00325302 0.00149935 -0.0142776 0.0145378 0.00271871 0.0158286 0.0216377 0.0240991 0.00636982 1.71847e-05 -0.0221461 0.0128398 0.0137471 0.0112631 0.0165229 -0.0310852 -0.003009 -0.00105212 -0.00313033 3.61233e-05 -0.000256193 -0.00541324 -0.000323258 0.00130352
internal_weight=57198 33670 1920 487 1433 779 654 457 197 243 234 253 130 48 113 31750 116 67 231 199 143 59 81 536 420 31713 23528 272 23189 2281
internal_count=57198 33670 1920 487 1433 779 654 457 197 243 234 253 130 48 113 31750 116 67 231 199 143 59 81 536 420 31713 23528 272 23189 2281
is_linear=0
shrinkage=0.05


Tree=121
num_leaves=31
num_cat=0
split_feature=3 4 4 9 5 7 7 1 3 1 0 5 1 1 4 1 9 5 0 4 0 5 8 4 4 0 0 6 3 3
split_gain=0.947185 1.10048 2.85233 1.6612 1.01794 1.50855 2.09748 2.30034 1.34032 1.19994 1.01844 0.998005 2.17351 1.92162 2.34186 3.84091 3.03165 2.42472 2.2817 2.28537 2.72672 2.15572 2.73149 3.84793 3.83618 2.51388 2.26508 2.23399 2.46608 2.10014
threshold=-1.9160917397235644 -0.96235013885338849 -1.2374710425975708 0.94972421882313496 -1.3430211371129324 1.707859523614377 0.50726550913191959 -0.79315474346610004 -0.039318026550064562 -0.96765938269666141 0.75165369814742389 1.4779829372212656 -0.53540675782828329 -0.93689027427078309 -1.1457640746828435 -1.3091822148347554 -0.74945206448355139 1.0000000180025095e-35 -0.29812137516901033 -1.2374710425975708 -0.96379483790635634 -0.99733128919208947 -1.7049705869141294 -0.43503507334370556 -0.27454787949293208 0.086945391326719121 -0.47331132081955035 1.0000000180025095e-35 -1.1785584707595622 -0.70947733265842927
decision_type=2 2 2 2 2 2 2 2 2 2 2 2 2 2 2 2 2 2 2 2 2 2 2 2 2 2 2 2 2 2
left_child=1 2 -1 -4 5 6 8 -8 9 -2 -7 13 -13 14 15 -6 17 -16 19 20 -17 22 23 -18 26 -23 -25 -27 -29 -20
right_child=4 -3 3 -5 11 10 7 -9 -10 -11 -12 12 -14 -15 16 18 21 -19 29 -21 -22 25 -24 24 -26 27 -28 28 -30 -31
leaf_value=0.00028969739209177024 0.00050323842370183656 -0.00012910933343331736 -0.016361175868354862 -0.0012677069592217987 -0.0027418301690874313 0.0072253085543505019 -0.0037676803454418078 -0.018810941821720918 -0.0059806324140582656 -0.0017442653031099504 0.00075803192085598364 -0.00011474767879421756 -0.0029555039981888076 4.173283749265674e-05 -0.0086809881248396566 -0.0035836300087304647 -0.012444371283002031 0.003055194922998208 -0.0066120589597159305 0.016995191617861023 0.0093454044996255699 0.0043127426705133719 0.0011760256318843559 0.00044308519475938133 -0.0028111508529770424 -0.0087140023720438612 0.021375944212611235 -0.011549667311324315 0.0077803053317245831 0.0067769565779599366
leaf_weight=109 1330 258 61 26 150 81 275 28 117 1073 245 3549 831 45275 146 52 89 63 54 67 189 762 1726 24 361 77 28 22 66 64
leaf_count=109 1330 258 61 26 150 81 275 28 117 1073 245 3549 831 45275 146 52 89 63 54 67 189 762 1726 24 361 77 28 22 66 64
internal_value=-2.64575e-12 -0.00227473 -0.00509906 -0.0118505 1.81997e-05 -0.00085547 -0.00122736 -0.00515782 -0.000754771 -0.000500329 0.00236493 6.95326e-05 -0.000653713 0.000133899 0.001193 0.00413891 0.000688585 -0.00514329 0.0065617 0.00882666 0.00655574 0.00107491 0.00023187 -0.00301437 -0.00098224 0.00310112 0.0117146 -0.00249437 0.00294781 0.00064978
internal_weight=57198 454 196 87 56744 3149 2823 303 2520 2403 326 53595 4380 49215 3940 576 3364 209 426 308 241 3155 2228 502 413 927 52 165 88 118
internal_count=57198 454 196 87 56744 3149 2823 303 2520 2403 326 53595 4380 49215 3940 576 3364 209 426 308 241 3155 2228 502 413 927 52 165 88 118
is_linear=0
shrinkage=0.05


Tree=122
num_leaves=31
num_cat=0
split_feature=9 0 2 4 4 0 4 0 7 4 1 4 0 0 6 4 1 0 3 5 1 4 1 4 3 12 1 3 5 1
split_gain=0.925959 1.82502 2.41502 1.91715 1.65384 1.42419 1.80081 1.38456 1.25311 1.20098 1.14697 1.04301 0.979731 1.75842 2.53817 2.55355 1.82863 1.65245 4.36185 2.65776 2.5799 3.21983 2.34883 2.50729 2.31459 5.95724 5.45202 3.87851 4.03461 4.99936
threshold=-1.5490644330984626 -0.012431969559674379 -0.20653034366644046 -1.008203622810752 0.6425217996543432 2.1320600998353485 1.3532508009934816 2.4700175506702986 -0.17418860646293408 -0.091133943663477338 1.1402282250590876 1.5595914788016185 0.81365309454649604 0.85193346645677892 0.31220406105026438 -1.2833245265549345 0.95892606154816384 0.60024155443359561 1.5369806572815394 0.75215792318289665 2.0111533611481645 -0.20576765355688617 2.8228242796172474 -0.96235013885338849 1.3470610015778208 1.0000000180025095e-35 -0.29553683731976127 1.5767137871784713 0.9652358749025497 1.4441017921016528
decision_type=2 2 2 2 2 2 2 2 2 2 2 2 2 2 2 2 2 2 2 2 2 2 2 2 2 2 2 2 2 2
left_child=1 3 9 -1 8 6 -6 12 10 -3 -4 -5 17 14 -14 -16 -17 24 22 -20 -21 -22 23 -19 -2 26 -26 28 -27 -30
right_child=7 2 4 11 5 -7 -8 -9 -10 -11 -12 -13 13 -15 15 16 -18 18 19 20 21 -23 -24 -25 25 27 -28 -29 29 -31
leaf_value=-0.0064031908062326037 -0.00014513832434698127 0.0093107580798803945 0.0056386798975584622 0.0012434791011594615 -0.0030375864759119436 -0.012147082125061546 0.0041747245224654792 -0.0053358133190890729 0.00033195843062438688 0.002595061358508908 -0.0039146924890311697 -0.0089790618254078757 -0.0035232258291522929 0.0002800847160557859 -0.0075691715828725137 0.0050297395597786922 0.014406345760368783 0.0032296732791199179 -0.019520914974949649 -0.0025765903402106445 -0.029565019981766291 -0.0056424579153267242 0.016457490217871965 -0.0014414600908231759 0.025322723179927162 -0.0054046062067469912 0.0033842956862083409 -0.0033299311385113503 0.0017624163704165027 0.015010932450596657
leaf_weight=142 39601 148 307 329 263 29 129 123 327 121 35 27 95 10060 32 211 69 337 37 208 22 39 20 1947 29 134 1207 739 341 90
leaf_count=142 39601 148 307 329 263 29 129 123 327 121 35 27 95 10060 32 211 69 337 37 208 22 39 20 1947 29 134 1207 739 341 90
internal_value=-2.57689e-13 0.00109823 0.00204709 -0.00149113 0.001 -0.00145513 -0.000664147 -3.68517e-05 0.00254501 0.00628994 0.004661 0.000468174 -2.50481e-05 0.000410437 0.00363242 0.00581122 0.0073404 -0.000126906 -0.00134776 -0.00695651 -0.00522832 -0.0142703 -0.000602853 -0.000752243 -5.12918e-05 0.00141186 0.00389903 -0.000945605 0.00217301 0.00452893
internal_weight=57198 1857 1359 498 1090 421 392 55341 669 269 342 356 55218 10467 407 312 280 44751 2610 306 269 61 2304 2284 42141 2540 1236 1304 565 431
internal_count=57198 1857 1359 498 1090 421 392 55341 669 269 342 356 55218 10467 407 312 280 44751 2610 306 269 61 2304 2284 42141 2540 1236 1304 565 431
is_linear=0
shrinkage=0.05


Tree=123
num_leaves=31
num_cat=0
split_feature=9 9 4 7 4 2 4 7 1 1 8 4 4 3 5 4 3 0 6 3 1 0 3 6 3 7 0 2 5 1
split_gain=0.892181 5.4125 6.09157 9.10572 5.94528 5.93348 4.28562 9.35989 6.91641 6.60424 5.07636 3.88634 16.0795 5.89505 5.23292 4.41742 3.86914 4.84511 3.90018 3.79156 3.47381 3.46031 5.65883 3.157 4.24946 4.24201 6.03653 3.37364 4.70594 8.92098
threshold=0.25006339628508761 1.0000000180025095e-35 1.3532508009934816 -0.67566290470831769 1.5595914788016185 2.9313461519999118 0.57374157371829748 -0.9109402413522435 -0.35753347498118776 0.16097555358175905 -0.25919494664649734 -1.0540571067681157 -0.36625484740765951 2.593219488673522 1.0142561076130823 -0.43503507334370556 0.090189930100993895 -0.25341432346830101 1.0000000180025095e-35 -1.472370864276223 -0.47734659333794033 1.1767010273330964 0.43448615234425375 1.0000000180025095e-35 0.78287579783539041 -0.67566290470831769 -0.35234543108220923 2.4358698305335271 0.69515041704156832 0.7949305142398605
decision_type=2 2 2 2 2 2 2 2 2 2 2 2 2 2 2 2 2 2 2 2 2 2 2 2 2 2 2 2 2 2
left_child=1 19 5 4 21 6 8 -8 10 16 -3 -10 14 -14 -13 -16 17 -9 -19 -1 -5 22 -4 24 -21 -26 -27 28 -25 -30
right_child=-2 2 3 20 -6 -7 7 9 11 -11 -12 12 13 -15 15 -17 -18 18 -20 23 -22 -23 -24 27 25 26 -28 -29 29 -31
leaf_value=0.0095619273492444021 -0.00023623000135070279 0.0010081698239393045 0.013888995619625069 -0.010297306039370596 0.0052627898234059107 0.014352324989302384 0.012826946794779765 -0.0082793908627582999 -0.002968231718701211 0.011324779919186047 0.0073704738711075236 0.0057528984099697103 -0.0012099279440955313 -0.02077143363421783 0.023722676660331038 0.0043429319887573637 -0.01301766882962381 0.016251579195603782 -0.0013465005406830181 -0.00046471997301233015 0.0035472261011573985 0.0026919066114351152 0.037447439730167391 0.00017162983983549628 -0.021309582191918579 0.0050518293487759863 -0.005925086649774214 -0.0052687940225733315 0.011015942704157327 0.0012432310654680006
leaf_weight=101 23528 581 52 50 100 81 90 293 804 63 681 297 1037 40 93 43 140 36 251 13381 483 20 50 12395 35 161 564 259 290 1199
leaf_count=101 23528 581 52 50 100 81 90 293 804 63 681 297 1037 40 93 43 140 36 251 13381 483 20 50 12395 35 161 564 259 290 1199
internal_value=-1.03603e-12 0.000165073 0.00163423 0.00579227 0.0143005 0.000941229 0.000697062 -0.00244372 0.00146381 -0.00419896 0.00444139 -0.000160089 0.00133511 -0.00193645 0.00947244 0.0175953 -0.00555729 -0.00375651 0.000860924 -0.00010847 0.00224849 0.0217085 0.0254373 -0.000143002 -0.000671286 -0.00430821 -0.00348745 0.000385208 0.000490681 0.00314658
internal_weight=57198 33670 5285 755 222 4530 4449 873 3576 783 1262 2314 1510 1077 433 136 720 580 287 28385 533 122 102 28284 14141 760 725 14143 13884 1489
internal_count=57198 33670 5285 755 222 4530 4449 873 3576 783 1262 2314 1510 1077 433 136 720 580 287 28385 533 122 102 28284 14141 760 725 14143 13884 1489
is_linear=0
shrinkage=0.05


Tree=124
num_leaves=31
num_cat=0
split_feature=3 5 4 4 5 7 0 4 4 4 4 4 0 4 5 4 6 2 6 0 0 2 0 5 3 1 3 5 0 0
split_gain=0.903771 3.64518 8.78057 5.24714 3.05391 4.0482 3.88211 3.52288 4.67445 7.79272 5.12382 3.46793 3.00088 2.79688 3.27956 2.70536 2.71225 2.69158 2.42235 3.06593 2.24978 5.77272 1.97312 2.15952 3.47641 1.99027 4.62049 2.32924 1.89326 4.66913
threshold=2.1013061194939193 1.4495693291702281 0.22984044403806927 0.36740089591016062 1.2655051286133518 -0.080597219688208724 -0.066473749301493038 0.023499766229932856 -0.48088855730106883 -0.34332810542897768 -0.11406068564215872 -1.4208849784270259 1.5190057388334017 0.22984044403806927 1.4101165497556909 0.48203460580356999 0.046773696581961052 1.4151837033957022 0.31220406105026438 0.15592539692522175 0.6184085169620398 1.5530569946096466 1.1449233396486802 1.2291569272765577 4.0338895687215937 4.5507345581604772 2.8180227285006008 0.86189575033690324 1.8345081719818419 1.7151309929072172
decision_type=2 2 2 2 2 2 2 2 2 2 2 2 2 2 2 2 2 2 2 2 2 2 2 2 2 2 2 2 2 2
left_child=-1 4 -3 -4 18 6 -6 8 11 -10 -11 -7 13 14 -9 16 -15 -13 19 -2 21 -20 -22 25 -25 28 27 -27 29 -24
right_child=1 2 3 -5 5 7 -8 12 9 10 -12 17 -14 15 -16 -17 -18 -19 20 -21 22 -23 23 24 -26 26 -28 -29 -30 -31
leaf_value=-3.5661246336062222e-05 0.0073132731239585322 0.036815452333151671 -0.019766762517392636 0.014022853322913526 -0.0020770139305539255 0.015571871130445981 -0.014139310510094781 0.00033670782259750097 0.041673156033669202 -0.0061924750890050622 0.022797440651683484 0.0064528344292193651 -0.019146418262971567 -0.00040256173957164428 -0.020700251436210237 -0.0033084516650599589 0.017964930265655064 -0.016424282089186212 0.034620413961820307 -0.007303019857018693 -0.003714949388127282 0.004549307688846713 0.004753948351956111 0.024431392915486808 0.0018688823415064497 -0.0078697605840196572 -0.023560936483757004 0.011737008065436826 0.0098825720545736347 -0.010297397052824137
leaf_weight=55414 51 24 20 27 186 21 104 44 21 35 27 20 24 37 32 82 44 36 20 121 106 79 305 31 38 28 23 33 103 62
leaf_count=55414 51 24 20 27 186 21 104 44 21 35 27 20 24 37 32 82 44 36 20 121 106 79 305 31 38 28 23 33 103 62
internal_value=2.98346e-12 0.0011077 0.0122092 -0.000355707 0.000647566 -0.00185263 -0.0064028 0.00126687 0.00711701 0.0153486 0.00643217 -0.00175595 -0.00229216 -0.000599681 -0.00852096 0.00309368 0.00957484 -0.00825388 0.00243021 -0.00296912 0.00355181 0.0106243 0.00259135 0.00366433 0.0120057 0.00262543 -0.00446349 0.00273718 0.00389238 0.00221121
internal_weight=57198 1784 71 47 1713 713 290 423 160 83 62 77 263 239 76 163 81 56 1000 172 828 99 729 623 69 554 84 61 470 367
internal_count=57198 1784 71 47 1713 713 290 423 160 83 62 77 263 239 76 163 81 56 1000 172 828 99 729 623 69 554 84 61 470 367
is_linear=0
shrinkage=0.05


Tree=125
num_leaves=31
num_cat=0
split_feature=9 0 4 0 4 2 8 8 2 8 2 4 4 0 2 4 5 7 5 5 8 2 8 1 9 5 4 9 4 6
split_gain=0.882669 2.78534 3.73879 3.31336 3.1364 2.55788 1.99391 1.94075 1.92272 1.59629 2.33111 1.22833 1.2773 1.30393 1.18392 1.11121 5.68523 8.59986 13.2521 6.085 11.5062 6.65759 5.80175 4.69079 4.57468 9.78236 5.50946 6.1932 4.82006 16.2561
threshold=-1.4491128870215986 -0.046811405019422853 -0.75600946104525135 0.018766739333797907 -0.84771642895997912 -0.13174175838218469 0.38174988366425283 0.74730582097220966 -0.6161824404863302 -0.99042967103748658 -1.483489645618328 1.5595914788016185 1.2844705750574359 -0.15642271830724117 0.69239275780205234 0.13813347612334176 -0.84497093191591066 -0.9109402413522435 -1.0444571093634523 -0.37618863167946776 1.0184757865176055 -0.15833931813624327 0.74730582097220966 -0.093189049910824731 -0.34964588017609582 -0.37618863167946776 0.069353250187296225 0.54991803451567944 -1.1457640746828435 -0.88889511337147242
decision_type=2 2 2 2 2 2 2 2 2 2 2 2 2 2 2 2 2 2 2 2 2 2 2 2 2 2 2 2 2 2
left_child=1 4 5 -4 9 -3 -7 14 -5 10 -1 12 -6 -14 -8 24 17 18 -17 20 22 -22 -18 -20 25 28 -26 -28 29 -2
right_child=15 2 3 8 11 6 7 -9 -10 -11 -12 -13 13 -15 -16 16 19 -19 23 -21 21 -23 -24 -25 26 -27 27 -29 -30 -31
leaf_value=0.0031421951066780219 0.0091641922877759591 0.010795770796835143 0.0087226482654971602 0.0066637327483551091 0.00027947836530631877 0.00039435936072280769 0.017172657500724404 0.0033051169295472728 -0.00054113676193050459 -0.0030943222842920066 -0.014574884634646701 -0.0060678376777408031 0.00063558865568248213 0.013909885126191216 0.0066163804488465318 -0.00018533211764990506 0.0032855954045630641 -0.0014793777726032564 0.011403968084871055 0.00024801109082042417 0.00048720604372777597 -0.010099966258238294 0.010438345680135463 0.031842666469288593 0.00038214811307048967 -1.795026252532489e-05 0.0013023391725355208 -0.0076074408537373309 -0.0043374610819432715 -0.0043748704011333933
leaf_weight=24 316 133 112 98 555 324 49 231 1680 220 82 66 37 37 58 514 2268 6724 188 12031 419 230 324 33 18880 7426 337 463 2596 743
leaf_count=24 316 133 112 98 555 324 49 231 1680 220 82 66 37 37 58 514 2268 6724 188 12031 419 230 324 33 18880 7426 337 463 2596 743
internal_value=-1.43579e-12 0.000746226 0.0015915 0.000381414 -0.00147665 0.0044683 0.00319708 0.00588371 -0.000144018 -0.00552294 -0.0105635 0.000421318 0.00110221 0.00727274 0.0114506 -5.16995e-05 0.000213404 -0.000918064 0.004217 0.000766024 0.00268895 -0.0032648 0.00417969 0.0144559 -0.000247599 -0.00106019 0.000209939 -0.0038542 -0.00317775 -0.000334886
internal_weight=57198 3706 2685 1890 1021 795 662 338 1778 326 106 695 629 74 107 53492 22731 7459 735 15272 3241 649 2592 221 30761 11081 19680 800 3655 1059
internal_count=57198 3706 2685 1890 1021 795 662 338 1778 326 106 695 629 74 107 53492 22731 7459 735 15272 3241 649 2592 221 30761 11081 19680 800 3655 1059
is_linear=0
shrinkage=0.05


Tree=126
num_leaves=31
num_cat=0
split_feature=3 2 2 5 7 7 2 2 2 4 3 3 0 4 5 2 0 6 4 5 6 2 5 8 4 2 2 5 2 4
split_gain=0.84441 1.21821 1.07193 0.852643 1.34345 1.89497 2.16674 3.38695 1.21923 1.25805 2.03352 1.20077 0.935364 0.92569 0.861855 2.25532 1.49561 5.06032 4.37834 3.37805 8.29549 8.89008 6.1803 5.77879 4.05302 8.08384 8.04939 3.97775 4.69384 4.57733
threshold=-1.9160917397235644 -1.735530779072912 -0.55898008496156815 -1.3430211371129324 1.707859523614377 0.50726550913191959 -0.74428108837589979 -0.8849323242322279 -1.3537541724162285 -0.15991416959952287 -1.2726678254265216 0.42096706327770367 0.75165369814742389 -0.71015597708788747 1.4779829372212656 0.62280085960382114 -1.4280469313221158 0.046773696581961052 1.0000000180025095e-35 1.4101165497556909 -0.88889511337147242 0.39364866936367976 1.386347522532285 -0.99042967103748658 0.41325437986752434 0.67282285807805386 -0.55898008496156815 1.4312047935437753 -0.38252569567493283 0.16106021810202364
decision_type=2 2 2 2 2 2 2 2 2 2 2 2 2 2 2 2 2 2 2 2 2 2 2 2 2 2 2 2 2 2
left_child=1 -1 -3 4 5 11 7 8 -7 10 -10 -2 -6 -14 16 -16 17 19 -19 20 -5 22 -22 -21 26 -26 -25 -28 -29 -30
right_child=3 2 -4 14 12 6 -8 -9 9 -11 -12 -13 13 -15 15 -17 -18 18 -20 23 21 -23 -24 24 25 -27 27 28 29 -31
leaf_value=-0.0058907127950251813 -0.00054911536563856552 0.00073816315859504466 -0.0083366983142253524 0.0014564877995343331 0.0069145772013997232 -0.00027598583959930005 0.0089315769119331472 -0.023343124455557421 -0.0067220790070240156 -0.002570167294716541 -0.025058637135883882 -0.0095049951544129551 0.0045130287862344427 -0.0017714478376964927 -0.00051858351620316428 -0.015014153325723279 6.6165561757028374e-05 -0.0062514655899245895 0.01945669485243913 0.0055659532694641266 0.048183592416346073 -0.0025270975673837323 0.015822844952344896 0.00097756795951371689 0.00026012997430945305 0.03287397720036097 -0.0027704152558726495 -0.02768062315299176 -0.017378097497000311 -0.0010328968724188134
leaf_weight=147 2482 270 37 479 81 105 26 26 54 71 21 38 97 148 4353 27 47141 22 67 315 25 35 36 346 380 20 128 48 95 78
leaf_count=147 2482 270 37 479 81 105 26 26 54 71 21 38 97 148 4353 27 47141 22 67 315 25 35 36 346 380 20 128 48 95 78
internal_value=1.07974e-12 -0.00214777 -0.00035555 1.7184e-05 -0.00078241 -0.00113336 -0.00486926 -0.00616464 -0.0043852 -0.00734045 -0.0118563 -0.000684164 0.00225666 0.000716692 6.41645e-05 -0.00060794 0.00012398 0.00143807 0.0131019 0.000915111 0.00414508 0.01756 0.0290854 -0.000402075 -0.0021189 0.00189082 -0.00442666 -0.00978444 -0.0138469 -0.0100086
internal_weight=57198 454 307 56744 3149 2823 303 277 251 146 75 2520 326 245 53595 4380 49215 2074 89 1985 575 96 61 1410 1095 400 695 349 221 173
internal_count=57198 454 307 56744 3149 2823 303 277 251 146 75 2520 326 245 53595 4380 49215 2074 89 1985 575 96 61 1410 1095 400 695 349 221 173
is_linear=0
shrinkage=0.05


Tree=127
num_leaves=31
num_cat=0
split_feature=0 9 3 6 4 8 1 0 9 4 4 0 2 1 2 3 1 0 9 3 1 1 0 7 2 3 2 3 4 9
split_gain=0.815558 1.96939 3.14144 2.62696 1.98782 1.65451 1.41827 1.11275 3.24798 5.89557 1.61502 1.63687 1.35971 3.63572 1.10102 1.76635 2.14435 0.979971 4.9783 3.7655 3.00234 3.15248 4.43081 4.44786 4.16375 2.79597 9.70654 5.01146 2.54841 2.10892
threshold=-1.9518562126726928 1.3495304031305906 1.5048606475528781 -0.88889511337147242 0.16106021810202364 -0.99042967103748658 0.028735252584951479 -1.7856100734832345 1.0496757648999988 0.092279992165977986 -0.022353717727431312 -1.8231731432930263 2.1621874656600508 0.64826487420689693 0.46129356979051211 0.027985798291208914 -0.43339808750619052 -1.1511588724903166 0.44996648843881543 -0.15292512424340945 0.30336621734766162 0.95892606154816384 -1.3768667146945477 -0.080597219688208724 0.41576937135637254 0.078936671547967852 0.14100028477617005 0.21109231303450274 0.18398696008070553 1.1496273109768629
decision_type=2 2 2 2 2 2 2 2 2 2 2 2 2 2 2 2 2 2 2 2 2 2 2 2 2 2 2 2 2 2
left_child=1 3 6 -1 -5 -4 -3 8 9 10 11 -2 13 14 15 -10 -17 18 19 -9 25 28 23 -23 -24 -20 -27 -28 -22 -25
right_child=7 2 5 4 -6 -7 -8 17 12 -11 -12 -13 -14 -15 -16 16 -18 -19 20 -21 21 22 24 29 -26 26 27 -29 -30 -31
leaf_value=-0.0025554184433352403 0.0036639931297901534 -0.00049464833908178098 0.003052446462097578 -0.022169726941844121 -0.0026042225282816665 0.023146690192100194 -0.013319418655539102 -0.0021562116807520701 -0.00019965519672522164 -0.0047415056370664387 0.030374522295314822 0.021393273970267426 -0.010206648950354846 0.017789812428095648 -0.0092332677690890336 0.020106766393291765 0.0025436440630564618 6.7385740997878636e-05 -0.00044279290819469264 -0.022066308839365525 -0.02415499600714871 -0.0063627524359617382 0.00017467404681223412 -0.00029909692497717016 -0.028143297731876373 -0.0019093093627258113 0.032966978577050297 0.0094368814576430149 -0.0073342794542322343 0.016713218646431674
leaf_weight=234 23 1072 20 34 21 21 22 48 647 45 20 30 28 31 29 24 63 49901 4189 47 28 64 27 27 25 202 33 72 115 56
leaf_count=234 23 1072 20 34 21 21 22 48 647 45 20 30 28 31 29 24 63 49901 4189 47 28 64 27 27 25 202 33 72 115 56
internal_value=1.92102e-12 -0.00118159 -0.000243313 -0.00486653 -0.0146993 0.0133446 -0.00075255 3.0168e-05 0.00173592 0.00949316 0.018268 0.0136994 0.000622346 0.00100422 0.000322242 0.000699775 0.00738864 9.26928e-07 -0.000671354 -0.0120065 -0.000448775 -0.00496491 -0.000895567 0.00354183 -0.0134397 -0.000105243 0.0045006 0.0168321 -0.0106278 0.0111791
internal_weight=57198 1424 1135 289 55 41 1094 55774 940 118 73 53 822 794 763 734 87 54834 4933 95 4838 342 199 147 52 4496 307 105 143 83
internal_count=57198 1424 1135 289 55 41 1094 55774 940 118 73 53 822 794 763 734 87 54834 4933 95 4838 342 199 147 52 4496 307 105 143 83
is_linear=0
shrinkage=0.05


Tree=128
num_leaves=31
num_cat=0
split_feature=9 0 4 4 0 0 8 8 2 2 2 6 0 7 4 4 4 0 2 4 4 0 11 0 2 4 6 4 5 7
split_gain=0.781672 2.5179 3.20847 3.02722 2.72948 1.80091 1.74804 3.46016 2.45224 1.7915 1.73525 1.5474 1.07999 1.03881 2.10019 2.08586 1.66421 1.33889 1.16786 1.02574 1.25571 1.1768 1.05156 1.02066 0.981037 0.973607 0.960012 0.9478 5.06686 7.74908
threshold=-1.4491128870215986 -0.076729895149008923 -1.008203622810752 -0.75600946104525135 0.018766739333797907 2.0625236293314537 1.0000000180025095e-35 0.74730582097220966 0.16020547239739577 0.69239275780205234 -0.6161824404863302 -0.90990146219895396 1.0000000180025095e-35 0.50726550913191959 1.3761775429721637 1.2844705750574359 0.91764270339852583 1.2711646930971334 0.23587665520374837 1.5595914788016185 1.2844705750574359 -0.15642271830724117 -0.7500292558394458 2.4700175506702986 -1.2400049951841161 1.0552031552706171 0.046773696581961052 0.13813347612334176 -0.84497093191591066 -0.9109402413522435
decision_type=2 2 2 2 2 2 2 2 2 2 2 2 2 2 2 2 2 2 2 2 2 2 2 2 2 2 2 2 2 2
left_child=1 2 11 5 -5 6 8 9 12 -8 -6 -1 -3 14 16 25 17 -12 26 20 22 -22 -4 27 -13 -15 -16 -2 29 -29
right_child=23 3 19 4 10 -7 7 -9 -10 -11 13 24 -14 15 18 -17 -18 -19 -20 -21 21 -23 -24 -25 -26 -27 -28 28 -30 -31
leaf_value=-0.0035375231467262517 -0.00022116322526589017 -0.00078733641996884477 0.0058239658130332835 0.0073085168265441258 0.0063238685300849307 -0.0035292650078589173 0.018029208965599536 0.0033975248874343078 -0.0023193379325116936 0.0071969968553039264 -0.00071138866287841587 -0.0031128278245096622 0.0081855029299531586 -0.0014658571729241885 0.0048203977159928628 -0.0085017341949360191 -0.0040851280922601868 0.0043089154041083362 0.0021096215532617701 -0.0057711234127495892 0.00059713166178757882 0.013207713383677844 -0.00079607717350851633 -0.0054598912630824314 -0.015203832047841244 0.0083372928362725109 0.016707240713053736 0.0040111291970708019 0.00072655379049250848 -0.001396137310402797
leaf_weight=155 30674 44 68 132 98 73 80 262 166 73 634 23 141 200 41 114 289 168 176 66 37 37 509 87 62 29 29 735 15272 6724
leaf_count=155 30674 44 68 132 98 73 80 262 166 73 634 23 141 200 41 114 289 168 176 66 37 37 509 87 62 29 29 735 15272 6724
internal_value=1.26716e-12 0.000702237 -0.00150662 0.0014712 0.000371513 0.00397466 0.00468978 0.00688643 0.0020926 0.0128609 -0.000143495 -0.00651062 0.00605142 -0.000520758 0.000108987 -0.00297547 -0.000832012 0.000340246 0.00428228 0.000168356 0.000770516 0.00690242 -1.58988e-05 -4.86519e-05 -0.0119321 -0.00022441 0.00974495 -3.98367e-05 0.000204852 -0.000863312
internal_weight=57198 3706 957 2749 1910 839 766 415 351 153 1778 240 185 1680 1337 343 1091 802 246 717 651 74 577 53492 85 229 70 53405 22731 7459
internal_count=57198 3706 957 2749 1910 839 766 415 351 153 1778 240 185 1680 1337 343 1091 802 246 717 651 74 577 53492 85 229 70 53405 22731 7459
is_linear=0
shrinkage=0.05


Tree=129
num_leaves=31
num_cat=0
split_feature=3 5 4 0 8 0 0 2 1 5 0 0 1 2 1 1 0 3 2 1 0 4 4 0 0 0 5 0 4 4
split_gain=0.797419 3.25291 7.97564 5.26228 2.73058 2.25555 4.0918 7.485 3.00158 2.05269 3.4273 2.37976 2.67262 2.09703 2.02471 1.98688 3.33128 4.27026 2.17477 1.851 3.32155 1.60967 2.59971 1.42916 4.97841 2.39477 5.24287 2.03027 1.73697 3.5244
threshold=2.1013061194939193 1.4495693291702281 0.22984044403806927 -0.076729895149008923 1.0000000180025095e-35 0.0080319006199791165 0.47334650493396263 2.6531584754121167 3.6057252039299117 1.2655051286133518 -0.066473749301493038 1.3473168283238259 3.1166240661100928 3.621925625133366 0.83216619500803923 1.8186907630078453 0.70034578611526144 2.8180227285006008 1.5530569946096466 1.5928914074645542 0.68602600876500641 -0.20576765355688617 -0.75600946104525135 1.7151309929072172 1.768166426889292 1.5797132453445968 1.1904917396839851 1.5005076390185235 -0.27454787949293208 -0.13698742762084057
decision_type=2 2 2 2 2 2 2 2 2 2 2 2 2 2 2 2 2 2 2 2 2 2 2 2 2 2 2 2 2 2
left_child=-1 4 -3 -4 9 8 7 -7 14 11 -11 12 -2 -12 -6 19 17 -17 -18 21 -21 22 -8 25 -25 27 -27 -20 -26 -30
right_child=1 2 3 -5 5 6 15 -9 -10 10 13 -13 -14 -15 -16 16 18 -19 23 20 -22 -23 -24 24 28 26 -28 -29 29 -31
leaf_value=-3.3497355870075658e-05 0.00060062271279185059 0.034978935835533777 0.017387247796763074 -0.016142051467671992 -0.014251234479572461 0.0021350960449680041 0.00035054721475507206 0.035299070624427664 -0.01999897140118739 -0.0010586074545837778 -0.006453314101796781 0.0098349843399021131 -0.014663087068633599 -0.020870795622901169 0.0018712045944765153 -0.0018847559796456523 -0.012193224334623665 -0.028456564314269819 0.0072071649348111576 0.026929282189275212 0.0039733018900733443 -0.0060646179734691478 0.013968293910453978 -0.019165426051865025 -0.0041690411833662762 0.005345249894787284 0.032731065526604652 -0.0042835229422780686 0.020813410112944741 0.0017730426059642925
leaf_weight=55414 219 24 22 25 23 46 91 27 23 184 61 58 33 43 127 54 26 21 74 26 40 37 57 30 68 85 22 80 30 128
leaf_count=55414 219 24 22 25 23 46 91 27 23 184 61 58 33 43 127 54 26 21 74 26 40 37 57 30 68 85 22 80 30 128
internal_value=-2.29132e-13 0.00104048 0.0115276 -0.000447486 0.000605814 0.00206776 0.00303149 0.0144012 -0.00317984 -0.00212006 -0.00515931 0.000703495 -0.0013982 -0.0124144 -0.000600903 0.00207639 0.000552724 -0.00932486 0.00191703 0.00582787 0.0130166 0.00326325 0.00559522 0.00262664 -2.77571e-05 0.00523018 0.010976 0.00123798 0.00251264 0.0053883
internal_weight=57198 1784 71 47 1713 1115 942 73 173 598 288 310 252 104 150 869 618 75 543 251 66 185 148 517 256 261 107 154 226 158
internal_count=57198 1784 71 47 1713 1115 942 73 173 598 288 310 252 104 150 869 618 75 543 251 66 185 148 517 256 261 107 154 226 158
is_linear=0
shrinkage=0.05


Tree=130
num_leaves=31
num_cat=0
split_feature=0 5 3 6 4 8 1 1 4 2 4 1 4 4 5 1 3 1 8 3 2 5 7 7 2 1 3 1 3 0
split_gain=0.763043 1.73877 2.65248 2.37209 1.79211 1.63186 1.28205 1.06648 2.1631 0.894781 2.24042 2.97956 2.87895 2.20791 2.42118 1.68171 0.907358 0.83187 0.804419 0.786142 1.2186 0.749534 1.21699 2.016 2.26809 4.51849 3.89889 1.37416 1.15905 1.07595
threshold=-1.9518562126726928 1.4495693291702281 1.5048606475528781 -0.88889511337147242 0.16106021810202364 -0.99042967103748658 0.028735252584951479 -2.044111721489243 -0.068207201684795479 -1.483489645618328 -0.57259552521579626 -0.88515074628701917 1.3073973170361175 -0.71015597708788747 -1.2485803101923583 -0.63133635685017475 -0.82990473126892506 -0.20441656695412408 1.0184757865176055 0.1917146394128795 -0.58810282644697953 -1.3430211371129324 1.707859523614377 0.50726550913191959 -0.74428108837589979 -1.1257253457200138 -1.1488200648843092 -0.990901312152766 -0.068406859369753895 -1.7856100734832345
decision_type=2 2 2 2 2 2 2 2 2 2 2 2 2 2 2 2 2 2 2 2 2 2 2 2 2 2 2 2 2 2
left_child=1 3 6 19 -5 -4 17 8 -2 10 13 12 -12 15 -15 18 -16 -3 -9 -1 -21 22 23 27 25 -25 -27 -11 -29 -23
right_child=7 2 5 4 -6 -7 -8 9 -10 21 11 -13 -14 14 16 -17 -18 -19 -20 20 -22 29 -24 24 -26 26 -28 28 -30 -31
leaf_value=-0.0052582090217698401 0.001368762101313234 -0.00068562657164286417 0.0020029890816658734 -0.021042136174133599 -0.002464730948919342 0.021959215336080112 -0.012677330565003848 -0.0036291699901277287 0.01900282854383642 0.00049400585129581525 0.0067353393623751038 -0.0077836496093796614 -0.0052995977282989772 0.0028779967843244477 -0.022089116921027503 0.0090959308443651094 -0.010315241232617862 0.0091383919670161885 0.0043957445284296924 0.011121177665931598 -0.0019645227236367801 0.0018845454494431002 0.0021701279280056779 -0.0020255607976448829 0.0085198707502478592 -0.0095871630542892581 -0.03492444462396882 -0.0015823534785576626 -0.010572376443746475 6.1035759334466684e-05
leaf_weight=119 83 1050 20 34 21 21 22 383 22 1288 211 68 65 24 30 31 36 22 34 22 93 822 326 144 26 49 22 1156 37 50917
leaf_count=119 83 1050 20 34 21 21 22 383 22 1288 211 68 65 24 30 31 36 22 34 22 93 822 326 144 26 49 22 1156 37 50917
internal_value=-4.34909e-13 -0.00114292 -0.000261287 -0.00460538 -0.0139489 0.0122245 -0.000729218 2.91805e-05 0.00506352 1.9685e-05 -0.0015602 0.00159126 0.00390102 -0.00357527 -0.0107217 -0.0021396 -0.015667 -0.000484014 -0.00297486 -0.00240924 0.000538829 4.51192e-05 -0.000716834 -0.00106259 -0.00542852 -0.0071153 -0.0174382 -0.000638492 -0.00186117 9.00067e-05
internal_weight=57198 1424 1135 289 55 41 1094 55774 105 55669 882 344 276 538 90 448 66 1072 417 234 115 54787 3048 2722 241 215 71 2481 1193 51739
internal_count=57198 1424 1135 289 55 41 1094 55774 105 55669 882 344 276 538 90 448 66 1072 417 234 115 54787 3048 2722 241 215 71 2481 1193 51739
is_linear=0
shrinkage=0.05


Tree=131
num_leaves=31
num_cat=0
split_feature=0 2 1 1 4 0 4 6 9 0 3 4 8 4 5 11 3 5 1 4 5 5 4 0 0 1 3 11 4 2
split_gain=0.733418 1.75026 1.73939 1.81945 1.7637 1.72736 3.09106 4.0308 4.34414 2.8659 2.79645 2.61312 2.54107 7.73804 6.09233 4.82708 5.62974 5.67392 5.63532 4.37561 6.99479 3.51671 3.23304 3.22404 3.12451 5.62609 4.44686 11.135 2.83558 2.79908
threshold=0.43202768883440962 -1.4076681570074618 4.5507345581604772 3.6057252039299117 0.43618112184620622 0.30827873209710005 1.2156903491213902 1.0000000180025095e-35 -1.0493067027141429 0.35385035637129642 0.82640195478867728 -1.0540571067681157 1.0816417019878375 -1.2833245265549345 -1.1326614881673891 -0.7500292558394458 1.1592813222604847 1.2655051286133518 0.75363646932169959 -0.61844900917316037 -0.89749154395743946 -1.3931917313346975 0.25276718601675113 0.13473263118872361 -0.046811405019422853 -0.35753347498118776 -0.37720595901579007 1.0000000180025095e-35 1.5825182207803004 1.3421180409045637
decision_type=2 2 2 2 2 2 2 2 2 2 2 2 2 2 2 2 2 2 2 2 2 2 2 2 2 2 2 2 2 2
left_child=2 -2 3 5 -5 12 7 8 -7 10 11 -10 -1 14 21 16 18 29 -15 20 23 -14 -21 -17 26 -26 27 -24 -28 -18
right_child=1 -3 -4 4 -6 6 -8 -9 9 -11 -12 -13 13 15 -16 19 17 -19 -20 22 -22 -23 24 -25 25 -27 28 -29 -30 -31
leaf_value=-0.00016032411824681915 -0.013514829454842307 0.0002871723789575918 0.011719937658598347 -0.020227977315450767 -0.0015894436665500205 0.0013275897586265692 -0.0047176421198793636 0.0009115677360970562 -0.019089938655044093 -0.0034527462277335833 -0.020487359530504859 -0.0026167406182650483 -0.00084449569294520188 0.0086448548015559453 -0.0014629013611505426 0.0080482784712434755 0.042750771266097831 0.0023549419029482775 -0.015467032409017726 -0.0039385366222025675 0.00089559250656233891 -0.020355205925136625 0.026987775404538429 0.020985657322591458 -0.012538226411212237 0.00045776026379892111 0.0064583975897995376 -0.0020746708743066109 -0.0083913020649240087 0.018602446165944763
leaf_weight=32971 23 17529 31 22 30 301 535 1626 33 322 57 89 32 111 312 262 24 28 31 360 481 83 35 59 100 498 590 565 34 24
leaf_count=32971 23 17529 31 22 30 301 535 1626 33 322 57 89 32 111 312 262 24 28 31 360 481 83 35 59 100 498 590 565 34 24
internal_value=-3.91405e-13 0.000269086 -0.000119129 -0.000128394 -0.00947498 -0.000116109 -0.00127727 -0.000519196 -0.00341997 -0.0062723 -0.0113443 -0.00707261 -2.21059e-05 0.00123366 -0.00508883 0.0020768 0.00925925 0.0202423 0.00338099 0.00155207 0.0047102 -0.0149261 0.000391293 0.0104262 0.0012468 -0.00171548 0.00269406 -0.000379362 0.00564928 0.0306766
internal_weight=57198 17552 39646 39615 52 39563 2963 2428 802 501 179 122 36600 3629 427 3202 218 76 142 2984 802 115 2182 321 1822 598 1224 600 624 48
internal_count=57198 17552 39646 39615 52 39563 2963 2428 802 501 179 122 36600 3629 427 3202 218 76 142 2984 802 115 2182 321 1822 598 1224 600 624 48
is_linear=0
shrinkage=0.05


Tree=132
num_leaves=31
num_cat=0
split_feature=3 5 4 4 8 12 2 0 4 0 0 0 3 0 4 4 0 4 5 4 4 4 1 3 4 5 2 2 3 0
split_gain=0.727581 2.92487 7.19136 4.85566 2.42596 2.26495 2.54667 2.24507 4.82064 4.23728 3.82274 2.79763 3.43785 2.5817 2.81309 2.54731 1.96674 1.92949 1.92514 3.06016 10.762 2.73203 2.26746 3.60928 2.90709 3.96522 5.87636 8.45111 3.41227 2.62908
threshold=2.1013061194939193 1.4495693291702281 0.22984044403806927 0.36740089591016062 1.0000000180025095e-35 1.0000000180025095e-35 0.93430021529322205 -0.0089064350996717351 0.27569392799543307 0.59010491522874431 -0.96379483790635634 0.70034578611526144 2.593219488673522 0.55836136915153645 0.50496134778225188 -0.11406068564215872 -0.98378288756298438 1.2844705750574359 1.2291569272765577 -0.48088855730106883 -0.34332810542897768 -1.4438117204057079 4.5507345581604772 2.8180227285006008 -0.18284091157820473 1.1495863065883827 2.1621874656600508 2.6531584754121167 3.1923315992737717 1.5797132453445968
decision_type=2 2 2 2 2 2 2 2 2 2 2 2 2 2 2 2 2 2 2 2 2 2 2 2 2 2 2 2 2 2
left_child=-1 4 -3 -4 -2 6 -6 8 10 13 -8 12 -11 14 15 -9 -10 18 22 21 -21 -20 24 -24 25 26 -13 -28 -26 -27
right_child=1 2 3 -5 5 -7 7 9 16 11 -12 17 -14 -15 -16 -17 -18 -19 19 20 -22 -23 23 -25 28 29 27 -29 -30 -31
leaf_value=-3.1996898645935026e-05 -0.0019876233299526021 0.033206633230050402 -0.019105843119323257 0.013398870237870142 0.015517493125957413 -0.0055107387864301288 -0.001744386575245742 0.0061697780332983813 -0.0038638202716474949 -0.0013177449944432396 -0.031250388482990471 0.0035600845120216437 -0.025646603852510455 0.026206237897911874 -0.0008629277933973104 0.024136339747073021 0.01730009899696424 -0.0037213677066293633 0.014208734970863746 0.045352795968453097 0.0051863148173225335 -0.006680235542280942 0.00072124518367256655 -0.022629326492871929 0.01820369368876543 0.0035581492220758109 -0.034991371320110973 0.0035197657233636292 -0.005373475248260158 0.02712250533455517
leaf_weight=55414 598 24 20 27 37 93 21 47 23 53 23 115 20 22 56 34 21 110 23 21 81 49 59 23 57 29 29 28 21 20
leaf_count=55414 598 24 20 27 37 93 21 47 23 53 23 115 20 22 56 34 21 110 23 21 81 49 59 23 57 29 29 28 21 20
internal_value=-9.9066e-13 0.000993877 0.0109382 -0.000432923 0.000581707 0.0019597 0.00263949 0.00215575 -0.00546542 0.00290342 -0.017168 0.00130832 -0.00798319 0.0103071 0.00775395 0.0137113 0.00623714 0.00232829 0.00352733 0.00788488 0.0134559 -7.36996e-06 0.00153726 -0.00582831 0.00355725 0.00062828 -0.00294643 -0.0160736 0.011856 0.0131763
internal_weight=57198 1784 71 47 1713 1115 1022 985 88 897 44 738 73 159 137 81 44 665 555 174 102 72 381 82 299 221 172 57 78 49
internal_count=57198 1784 71 47 1713 1115 1022 985 88 897 44 738 73 159 137 81 44 665 555 174 102 72 381 82 299 221 172 57 78 49
is_linear=0
shrinkage=0.05


Tree=133
num_leaves=31
num_cat=0
split_feature=9 0 4 0 4 2 3 8 2 7 2 8 2 3 4 5 7 5 5 8 2 8 1 4 7 2 4 0 9 5
split_gain=0.69562 2.25579 3.03725 2.75842 2.55952 2.18943 1.78876 1.65683 1.56991 1.53228 2.26114 1.29981 1.97874 1.22061 0.943202 4.54834 6.97822 12.0835 5.46425 10.4106 6.04539 5.18839 4.73786 4.48262 5.79739 5.05469 6.18716 4.26266 4.18904 8.23163
threshold=-1.4491128870215986 -0.046811405019422853 -0.77893620302393318 0.018766739333797907 -0.84771642895997912 -0.13174175838218469 0.63708671691225505 0.38174988366425283 -0.6161824404863302 -0.17418860646293408 0.69239275780205234 -0.99042967103748658 -1.483489645618328 -0.15292512424340945 0.13813347612334176 -0.84497093191591066 -0.9109402413522435 -1.0895966433921274 -0.37618863167946776 1.0184757865176055 -0.15833931813624327 0.74730582097220966 -0.093189049910824731 1.3991042849508457 -0.17418860646293408 -0.26335371143789288 0.55081483173961565 0.99954702019062769 -0.24969433409923195 -0.31317640375456596
decision_type=2 2 2 2 2 2 2 2 2 2 2 2 2 2 2 2 2 2 2 2 2 2 2 2 2 2 2 2 2 2
left_child=1 4 5 -4 11 6 -3 -7 -5 10 -9 12 -1 -6 28 16 17 -16 19 21 -21 -17 -19 24 25 -18 -27 -25 29 -2
right_child=14 2 3 8 13 7 -8 9 -10 -11 -12 -13 -14 -15 15 18 23 22 -20 20 -22 -23 -24 27 -26 26 -28 -29 -30 -31
leaf_value=0.0030856832696978627 -0.0025947184273403482 0.0074883751578586691 0.0078982917735406204 0.005998908009290733 0.0016618502312449341 0.00027061577142777326 0.023744122199714186 0.014292710059019456 -0.0004780966358940874 0.00061014086651474441 0.0037756112735469905 -0.0028017545042199679 -0.013237489076194967 -0.0030395575587796263 -0.0011593556525620677 0.0030873244378236456 -0.0019960136041212019 0.0096239737381971988 0.00020175223128300387 0.00042694870372631932 -0.0096617168593017971 0.0098514182803531494 0.029556791465181639 5.8723182666392009e-05 -0.00051146970842273732 -0.0017327581742132587 -0.010121614807672005 0.0079573155419787565 0.00024247187310410287 8.5795824395066102e-05
leaf_weight=24 4675 110 114 99 505 313 20 83 1701 112 133 220 82 190 459 2268 1427 242 12031 419 230 324 34 1285 2900 367 548 197 18692 7394
leaf_count=24 4675 110 114 99 505 313 20 83 1701 112 133 220 82 190 459 2268 1427 242 12031 419 230 324 34 1285 2900 367 548 197 18692 7394
internal_value=2.29349e-14 0.000662456 0.00142315 0.000355828 -0.00133799 0.00407275 0.00998926 0.00287284 -0.000121861 0.00535606 0.0078169 -0.00499326 -0.00954168 0.000376573 -4.58959e-05 0.000198345 -0.000813688 0.00381196 0.000692633 0.00251484 -0.00314839 0.00393284 0.0120795 -0.00131932 -0.00200575 -0.00385605 -0.0067569 0.00110867 -0.000226379 -0.000952518
internal_weight=57198 3706 2685 1914 1021 771 130 641 1800 328 216 326 106 695 53492 22731 7459 735 15272 3241 649 2592 276 6724 5242 2342 915 1482 30761 12069
internal_count=57198 3706 2685 1914 1021 771 130 641 1800 328 216 326 106 695 53492 22731 7459 735 15272 3241 649 2592 276 6724 5242 2342 915 1482 30761 12069
is_linear=0
shrinkage=0.05


Tree=134
num_leaves=31
num_cat=0
split_feature=0 5 1 6 4 1 4 1 4 2 4 1 4 4 5 1 3 0 1 3 2 0 0 3 2 3 6 2 3 3
split_gain=0.693157 1.54207 2.31392 2.13224 1.62942 1.25632 1.24321 0.96198 1.95181 0.789538 2.04087 2.65175 2.60147 1.98697 2.1783 1.50375 0.83306 0.779356 0.751459 0.72142 1.08991 0.692814 5.72819 7.14063 2.74006 6.06512 3.932 3.79688 2.89415 3.52095
threshold=-1.9518562126726928 1.4495693291702281 0.1419912124772614 -0.88889511337147242 0.16106021810202364 0.028735252584951479 0.27569392799543307 -2.044111721489243 -0.068207201684795479 -1.483489645618328 -0.57259552521579626 -0.88515074628701917 1.3073973170361175 -0.71015597708788747 -1.2485803101923583 -0.63133635685017475 -0.82990473126892506 -1.5531776930915278 -0.20441656695412408 0.1917146394128795 -0.58810282644697953 -1.309756144925265 -1.1511588724903166 -0.17907257356197429 0.076919213403333256 1.1592813222604847 1.0000000180025095e-35 -0.25224536328840114 -0.029019276868305716 2.593219488673522
decision_type=2 2 2 2 2 2 2 2 2 2 2 2 2 2 2 2 2 2 2 2 2 2 2 2 2 2 2 2 2 2
left_child=1 3 5 19 -5 18 -4 8 -2 10 13 12 -12 15 -15 17 -16 -9 -3 -1 -21 24 23 -23 25 -11 -26 -27 -28 -30
right_child=7 2 6 4 -6 -7 -8 9 -10 21 11 -13 -14 14 16 -17 -18 -19 -20 20 -22 22 -24 -25 26 27 28 -29 29 -31
leaf_value=-0.0049970874814766648 0.0012994766690230409 -0.00065614324652512072 0.0029058718876469707 -0.019972225766190711 -0.0022581534016700017 -0.013112576678395271 0.02032431654253742 -0.010189980461798384 0.018050179545852273 0.00037852560071826636 0.0064158333871151942 -0.0073016102220743277 -0.0050244291040759826 0.0027315893617924306 -0.021012229236463707 0.0085978812387874064 -0.0097306902934279713 -0.0021827288338329255 0.0086808157216926862 0.010564184385690499 -0.0018112871605466042 -0.001582960704963601 8.0069857130284007e-05 -0.011283897642907076 0.0015535175006767517 -0.033461794647432506 -0.0059848390519618988 -0.0051144510421350054 0.018129588217160913 -0.0044310206192589947
leaf_weight=119 83 1052 21 34 21 20 20 33 22 3496 211 68 65 24 30 31 36 384 22 22 93 1129 49288 228 458 21 21 27 98 21
leaf_count=119 83 1052 21 34 21 20 20 33 22 3496 211 68 65 24 30 31 36 384 22 22 93 1129 49288 228 458 21 21 27 98 21
internal_value=-1.02795e-12 -0.00108932 -0.000259054 -0.00435006 -0.0132087 -0.000696103 0.0114027 2.78121e-05 0.00480915 1.87938e-05 -0.00146528 0.00154257 0.00372157 -0.00338851 -0.0101679 -0.00202657 -0.0148587 -0.0028164 -0.000464883 -0.00226791 0.000556194 4.26854e-05 -8.16286e-06 -0.00321289 0.000664417 0.000136156 0.00379511 -0.0175164 0.0111283 0.0141483
internal_weight=57198 1424 1135 289 55 1094 41 55774 105 55669 882 344 276 538 90 448 66 417 1074 234 115 54787 50645 1357 4142 3544 598 48 140 119
internal_count=57198 1424 1135 289 55 1094 41 55774 105 55669 882 344 276 538 90 448 66 417 1074 234 115 54787 50645 1357 4142 3544 598 48 140 119
is_linear=0
shrinkage=0.05


Tree=135
num_leaves=31
num_cat=0
split_feature=6 0 1 0 3 3 3 5 5 0 4 4 2 1 11 4 5 3 1 1 1 0 1 3 5 8 3 3 4 3
split_gain=0.646343 2.75294 4.81844 3.66689 4.51919 9.55263 3.46862 2.87789 2.52855 6.04993 4.07515 7.82089 5.25558 4.28256 4.02445 10.7671 7.72976 7.08366 3.40974 4.31635 3.16961 3.00082 2.51819 3.65135 2.46781 3.10622 2.43922 2.38991 2.32668 8.19899
threshold=-0.50231995162864196 -1.5143630514267346 0.37366801459233207 -1.4024432921654559 0.078936671547967852 0.26643309619586708 1.7225842956808226 1.4312047935437753 0.9652358749025497 -0.46560339495487107 -0.34332810542897768 -0.57259552521579626 1.2940948529682559 0.10435670392734091 -0.7500292558394458 -0.32040136345029535 1.2655051286133518 0.42096706327770367 1.5158418008972561 1.0267438033308121 0.062680305574242381 0.30827873209710005 0.5568249743940531 0.95639121306454877 1.2655051286133518 1.0184757865176055 1.2593885293927383 0.82640195478867728 1.4220310269295273 0.39769058342379765
decision_type=2 2 2 2 2 2 2 2 2 2 2 2 2 2 2 2 2 2 2 2 2 2 2 2 2 2 2 2 2 2
left_child=8 2 -2 4 -3 -6 26 -7 20 14 11 -11 13 -13 15 22 17 -17 19 -16 21 28 -10 -24 25 -12 -4 -18 -1 -30
right_child=1 3 6 -5 5 7 -8 -9 9 10 24 12 -14 -15 18 16 27 -19 -20 -21 -22 -23 23 -25 -26 -27 -28 -29 29 -31
leaf_value=-0.00030067692998212732 -0.0011877511964248494 0.00039604864415262612 -0.01364353576468097 0.00012952529074571008 0.036046531051397324 0.00045681107291128747 -0.0011824313378720373 0.017825792238793589 0.0089252653173860861 0.0017899116102456189 0.0062944452417656718 0.0076609474432935273 -0.0062419004621915523 0.027672961452866303 0.00023774212239388711 -0.047392723531950093 -0.0075675042396566514 -0.015333981275519668 -0.0081495933566938898 0.0068413053429773737 -0.0019646743380413493 -0.0055890254005458457 -0.01193518329722186 0.0076708226603396396 -0.0023194580722318259 -0.0038338554471314037 -0.036364389388334188 0.0084134925019872537 0.0013904973219770202 0.031512690576441259
leaf_weight=12666 269 205 27 33475 32 86 27 33 108 174 358 39 20 85 3949 21 75 96 113 264 3067 253 48 47 218 96 21 34 1269 23
leaf_count=12666 269 205 27 33475 32 86 27 33 108 174 358 39 20 85 3949 21 75 96 113 264 3067 253 48 47 218 96 21 34 1269 23
internal_value=-1.22253e-12 0.000137955 -0.00431238 0.000183207 0.00523094 0.0117949 -0.0155194 0.00527342 -0.000204779 0.000703935 0.0042599 0.00892322 0.0175426 0.0213789 -3.6425e-05 -0.00465558 -0.0121629 -0.0210881 0.000421647 0.000651542 -0.000506929 -0.00019232 0.00370231 -0.00223537 0.00205315 0.00415278 -0.0235839 -0.00258261 -9.45007e-05 0.00192673
internal_weight=57198 34175 344 33831 356 151 75 119 23023 5745 990 318 144 124 4755 429 226 117 4326 4213 17278 14211 203 95 672 454 48 109 13958 1292
internal_count=57198 34175 344 33831 356 151 75 119 23023 5745 990 318 144 124 4755 429 226 117 4326 4213 17278 14211 203 95 672 454 48 109 13958 1292
is_linear=0
shrinkage=0.05


Tree=136
num_leaves=31
num_cat=0
split_feature=9 9 2 3 12 0 11 8 3 0 1 7 7 2 0 0 0 3 1 6 2 0 1 3 11 0 0 3 6 12
split_gain=0.652841 4.75747 4.97991 3.44715 3.30718 6.74864 4.92548 8.67686 4.75659 6.76976 5.58826 5.7722 4.05511 3.78251 3.67944 3.37279 8.51707 5.96719 4.1029 3.45521 3.18289 3.09381 3.03045 2.94341 4.81303 2.76953 2.70497 2.67914 3.39399 2.63454
threshold=0.25006339628508761 1.0000000180025095e-35 2.9313461519999118 -1.4397021174243292 -1.0477032008262543 -0.6271509910208567 1.0000000180025095e-35 1.0816417019878375 1.4724410070425007 0.13473263118872361 1.4441017921016528 -0.67566290470831769 1.0000000180025095e-35 -0.43621754556502956 -0.8695463369334262 -0.43325522307546688 -0.046811405019422853 -0.11789516722603734 -1.0850798569189719 1.7136308150948316 0.17128349190756878 1.9414015623555161 -0.64423473061749748 0.85638352568276155 -0.7500292558394458 0.66968111267997832 1.3806707560361342 -0.057934109616154021 0.046773696581961052 -1.0477032008262543
decision_type=2 2 2 2 2 2 2 2 2 2 2 2 2 2 2 2 2 2 2 2 2 2 2 2 2 2 2 2 2 2
left_child=1 3 4 -1 5 13 8 27 10 -10 14 -12 -13 -3 22 -16 17 18 -17 -18 -21 -11 -6 24 -7 -25 -4 28 -8 -2
right_child=29 2 26 -5 6 23 7 -9 9 21 11 12 -14 -15 15 16 19 -19 -20 20 -22 -23 -24 25 -26 -27 -28 -29 -30 -31
leaf_value=0.0083060660591918588 -0.0012687063704319339 0.028575306548736992 0.00687836835793448 -0.00015130292901751973 -0.0069770509074442086 0.0057399855889771808 -0.0060150211652230659 0.011414786022983157 0.0046346105783233579 -0.0073498684855508147 0.026691115568594444 -0.0063287097944079761 0.015642882409017712 0.0094282792581777495 -0.0017253733903866279 0.019365739083981939 2.2878540620464664e-07 0.01517000926359654 -0.0018094564774306491 0.012747316810683432 0.0013271386871525652 0.011929937418211592 0.014476849306725287 0.01199679713388304 -0.0030867496324477189 -2.835141763520929e-05 0.025666857430090506 -0.010855499894787499 0.0037904741320297212 6.037457225877446e-05
leaf_weight=121 4646 32 53 28264 20 257 319 89 217 384 46 42 42 133 630 28 1404 201 125 110 137 22 93 124 387 78 30 160 122 18882
leaf_count=121 4646 32 53 28264 20 257 319 89 217 384 46 42 42 133 630 28 1404 201 125 110 137 22 93 124 387 78 30 160 122 18882
internal_value=4.31466e-12 0.000141206 0.0015186 -0.000115251 0.00132473 0.00389156 0.000705532 -0.00315553 0.0014665 -0.00249467 0.00232397 0.0124537 0.00465709 0.0131416 0.00184476 0.00146588 0.00246862 0.0095063 0.00206574 0.000959627 0.00641305 -0.00630515 0.0106797 0.00208747 0.000435721 0.00735342 0.0136694 -0.0053132 -0.00330239 -0.000202075
internal_weight=57198 33670 5285 28385 5202 1011 4191 690 3501 623 2878 130 84 165 2748 2635 2005 354 153 1651 247 406 113 846 644 202 83 601 441 23528
internal_count=57198 33670 5285 28385 5202 1011 4191 690 3501 623 2878 130 84 165 2748 2635 2005 354 153 1651 247 406 113 846 644 202 83 601 441 23528
is_linear=0
shrinkage=0.05


Tree=137
num_leaves=31
num_cat=0
split_feature=3 2 2 5 2 1 4 2 7 6 1 5 1 7 5 2 0 0 0 4 0 4 12 5 5 4 4 2 3 0
split_gain=0.633874 0.981627 0.961706 0.635938 2.08552 1.27918 2.01983 2.43664 6.88915 1.5834 1.106 1.06073 2.61779 5.35829 5.23738 4.1605 5.04976 3.77132 4.89549 4.14795 3.67019 8.60312 9.17233 11.7023 9.26583 6.98028 8.85067 6.70072 6.6562 6.06681
threshold=-1.9160917397235644 -1.735530779072912 -0.55898008496156815 1.4779829372212656 0.60545553821043763 -0.53540675782828329 0.98642292933457132 -0.10457611174928209 1.0000000180025095e-35 1.7136308150948316 0.40725282994978834 0.57739941913764026 0.29298397875841897 -0.44313593596502393 1.4101165497556909 -0.13174175838218469 -0.8536411221757757 -0.4135184651389277 -0.3182857931483965 1.0000000180025095e-35 0.70034578611526144 -1.2833245265549345 0.34398541387350456 1.0142561076130823 1.0142561076130823 -0.04528045970611317 -1.0540571067681157 1.3421180409045637 1.7225842956808226 1.2711646930971334
decision_type=2 2 2 2 2 2 2 2 2 2 2 2 2 2 2 2 2 2 2 2 2 2 2 2 2 2 2 2 2 2
left_child=1 -1 -3 11 5 -5 7 -7 10 -8 -9 -2 13 -13 15 16 -15 -14 -19 20 21 -20 23 -23 27 26 -22 -24 -25 -28
right_child=3 2 -4 4 -6 6 9 8 -10 -11 -12 12 17 14 -16 -17 -18 18 19 -21 25 22 24 28 -26 -27 29 -29 -30 -31
leaf_value=-0.0052207535946089149 -7.7802195770927096e-05 0.00078390898758597257 -0.0078117211324137611 -5.4992472748618821e-05 -0.012074603188114289 -0.0023168632532907739 -0.0054298206281740797 0.011400077175348997 -0.01390497857032137 -0.019927122541095899 0.025914408630203636 -0.00037637281763710405 -0.0017268615871168552 0.036042039114094919 0.0013599899111613443 0.0044041682860082127 0.0099826664293046902 0.0060321327422893862 0.0032622100132069041 0.0016928903867970942 -0.0028294920694541419 -0.00087754921869014611 -0.0013940033354600404 -0.012972742001106624 0.0066081614958517863 -0.013836563934261602 0.0099541857928662925 -0.017035761401057243 0.00020918717912944229 0.0018525028764600872
leaf_weight=147 37587 270 37 3549 39 582 104 35 27 23 21 2131 2453 21 1516 627 162 383 637 2957 645 563 475 549 365 75 353 80 116 669
leaf_count=147 37587 270 37 3549 39 582 104 35 27 23 21 2131 2453 21 1516 627 162 383 637 2957 645 563 475 549 365 75 353 80 116 669
internal_value=-3.86358e-12 -0.00186086 -0.000252046 1.48884e-05 -0.000563869 -0.000460455 -0.00227736 -0.0011739 0.00684061 -0.00805532 0.016843 6.32987e-05 0.000422205 0.00143486 0.00309425 0.00634011 0.0129731 -1.51411e-05 0.000518588 0.000236428 -0.000714921 -0.00184087 -0.00335422 -0.00618227 0.000420616 0.00108518 0.00175653 -0.00364867 -0.0106733 0.00465083
internal_weight=57198 454 307 56744 4380 4341 792 665 83 127 56 52364 14777 4457 2326 810 183 10320 7867 7484 4527 2785 2148 1228 920 1742 1667 555 665 1022
internal_count=57198 454 307 56744 4380 4341 792 665 83 127 56 52364 14777 4457 2326 810 183 10320 7867 7484 4527 2785 2148 1228 920 1742 1667 555 665 1022
is_linear=0
shrinkage=0.05


Tree=138
num_leaves=31
num_cat=0
split_feature=0 6 2 4 4 1 4 5 1 2 4 1 4 1 2 2 4 1 4 11 1 0 0 0 0 0 3 5 2 4
split_gain=0.625727 1.51203 1.99407 2.19781 3.71251 1.00655 2.49553 3.94326 1.10409 0.8686 2.77603 0.860502 1.78222 0.687651 0.759848 0.668012 1.78731 2.38341 2.37784 1.82803 1.44504 0.788673 1.10813 0.942795 0.67443 0.658644 0.642758 2.07028 0.983931 0.638087
threshold=-1.9518562126726928 -0.88889511337147242 -0.6524015819752208 0.16106021810202364 0.023499766229932856 0.12197937742154978 0.16106021810202364 1.4495693291702281 0.028735252584951479 -0.25224536328840114 0.20691370205938739 -2.044111721489243 -0.068207201684795479 -0.7496365468173587 -0.76248287765994516 -1.483489645618328 -0.57259552521579626 -0.88515074628701917 1.3073973170361175 -0.7500292558394458 -0.63133635685017475 -0.65041253724159154 -1.4824056373715422 -0.5520496632204438 0.12236034965722868 -0.44379649577730129 0.1917146394128795 1.4779829372212656 -1.0567133922211183 -0.022353717727431312
decision_type=2 2 2 2 2 2 2 2 2 2 2 2 2 2 2 2 2 2 2 2 2 2 2 2 2 2 2 2 2 2
left_child=1 5 -3 4 -4 8 -7 -8 9 13 29 12 25 26 -15 16 19 18 -18 -13 21 22 -21 -23 -19 -2 28 -28 -1 -11
right_child=11 2 3 -5 -6 6 7 -9 -10 10 -12 15 -14 14 -16 -17 17 24 -20 20 -22 23 -24 -25 -26 -27 27 -29 -30 -31
leaf_value=-0.010908076383740358 -0.0032059032342485376 0.00093441780440513527 -0.0026592441146140516 -0.002520486209731625 -0.029995752650925342 -0.0066960821025854643 0.00088647337203534939 0.028149518583502089 -0.012470880863256754 -0.0089648897971280599 0.017699792479666378 -0.012459091542028016 0.017201251485808332 -0.0011185821537068915 -0.006967317290998633 3.9871498555973088e-05 0.0061092742564961078 -0.010245617825359583 -0.0048282140031313675 -0.0086488384088235244 0.0082133190105518998 -0.012944193732212573 0.00019528660351468202 -0.0037607380541955018 0.00053228611969167278 0.0057028660179462244 0.016593181973566181 -0.0015907992191888317 -0.00040866920913481777 0.0033749127527698875
leaf_weight=23 42 71 23 49 27 31 36 21 20 22 26 48 22 145 90 54787 211 47 65 42 31 34 226 157 21 41 23 49 748 20
leaf_count=23 42 71 23 49 27 31 36 21 20 22 26 48 22 145 90 54787 211 47 65 42 31 34 226 157 21 41 23 49 748 20
internal_value=1.809e-12 -0.00103498 -0.00546005 -0.010046 -0.017421 -0.000435093 0.0047213 0.0109308 -0.000824255 -0.000620998 0.00485978 2.64248e-05 0.00454854 -0.000966725 -0.00335852 1.78954e-05 -0.00134719 0.00146761 0.00353342 -0.00314699 -0.00223478 -0.00294042 -0.00119073 -0.00539549 -0.00691715 0.00119481 -0.000299972 0.00421797 -0.000721881 -0.00308879
internal_weight=57198 1424 170 99 50 1254 88 57 1166 1146 68 55774 105 1078 235 55669 882 344 276 538 490 459 268 191 68 83 843 72 771 42
internal_count=57198 1424 170 99 50 1254 88 57 1166 1146 68 55774 105 1078 235 55669 882 344 276 538 490 459 268 191 68 83 843 72 771 42
is_linear=0
shrinkage=0.05


Tree=139
num_leaves=31
num_cat=0
split_feature=9 0 4 0 4 0 0 8 4 3 0 4 4 0 0 3 4 5 7 5 5 8 8 4 0 1 4 12 6 5
split_gain=0.662088 1.19922 1.6244 1.2877 1.26613 1.15483 1.10911 1.46704 0.921298 0.901837 1.0609 1.64406 0.826945 0.747975 1.36502 0.728631 0.696231 3.88302 6.00563 10.1315 4.89525 9.17164 4.82202 4.63823 4.06124 4.00182 3.94952 6.41644 4.95701 5.77413
threshold=-1.5490644330984626 -0.012431969559674379 1.0000000180025095e-35 0.035253852697791459 -0.91649665489602461 2.4700175506702986 2.0936190745863663 1.0184757865176055 -1.1686908166615251 0.22176384916709704 2.1320600998353485 1.3532508009934816 1.5595914788016185 0.53165644211467633 0.59010491522874431 1.1374496828789169 0.16106021810202364 -0.84497093191591066 -0.9109402413522435 -1.0444571093634523 -0.37618863167946776 1.0184757865176055 0.74730582097220966 0.71130202559038891 -0.45180638707072185 2.0111533611481645 1.3991042849508457 -0.69978104715131473 -0.50231995162864196 -1.1326614881673891
decision_type=2 2 2 2 2 2 2 2 2 2 2 2 2 2 2 2 2 2 2 2 2 2 2 2 2 2 2 2 2 2
left_child=1 4 6 -4 -1 16 7 13 -8 -5 11 -11 -6 -3 -15 -13 -2 18 19 -18 21 22 -19 24 -22 -25 27 -20 29 -29
right_child=5 2 3 9 12 -7 8 -9 -10 10 -12 15 -14 14 -16 -17 17 20 26 -21 23 -23 -24 25 -26 -27 -28 28 -30 -31
leaf_value=-0.004938350923456911 -0.00017164178785518359 0.0078954009394142845 0.0070214703269624 -0.0048263493497675627 0.0012319793711092885 -0.0048705909328300477 -0.0095589038117655702 -0.00041678477403327401 0.0018981470177792251 -0.0011351460178790332 -0.008367079291116063 0.0074116190480148919 -0.0078834243552086663 -0.0078683811300636636 0.0048011090639516509 -0.0018068967772975426 -0.00031237696269455759 0.0029046351131054061 -0.005223271634005211 0.012601929410491652 4.9565651044894621e-05 -0.0029951820544158892 0.0094965913544713051 -0.00016467631434338194 0.0034416144685291404 -0.0049695293974078248 0.0010380109519862767 -0.00035188871547277262 0.00056615198271609164 -0.0061827789448171619
leaf_weight=154 31995 182 58 112 317 123 28 142 47 321 34 104 27 23 281 27 506 2222 1128 217 1782 634 317 8724 1748 456 1482 939 2293 775
leaf_count=154 31995 182 58 112 317 123 28 142 47 321 34 104 27 23 281 27 506 2222 1128 217 1782 634 317 8724 1748 456 1482 939 2293 775
internal_value=-1.96313e-12 0.000928656 0.00169782 -9.16864e-05 -0.00117032 -3.11616e-05 0.00336768 0.00405401 -0.00237915 -0.000781591 0.000150534 0.00079124 0.000516526 0.00536029 0.00384256 0.00551162 -2.03816e-05 0.000188014 -0.000763059 0.0035637 0.000627533 0.00238436 0.00372766 0.000188948 0.00172925 -0.000403349 -0.00123582 -0.00189206 -0.000954303 -0.00298838
internal_weight=57198 1857 1359 656 498 55341 703 628 75 598 486 452 344 486 304 131 55218 23223 7340 723 15883 3173 2539 12710 3530 9180 6617 5135 4007 1714
internal_count=57198 1857 1359 656 498 55341 703 628 75 598 486 452 344 486 304 131 55218 23223 7340 723 15883 3173 2539 12710 3530 9180 6617 5135 4007 1714
is_linear=0
shrinkage=0.05


Tree=140
num_leaves=31
num_cat=0
split_feature=9 0 4 4 0 0 8 8 6 3 3 5 4 4 8 0 4 7 3 0 1 11 0 3 4 4 9 9 5 3
split_gain=0.609535 1.91348 2.46018 2.41709 2.14542 1.45236 1.45295 2.89917 1.23227 1.11368 1.05301 0.986168 0.952399 0.939079 1.551 1.38745 1.62445 1.67374 1.15435 0.843703 0.820524 0.749399 0.85198 0.832833 0.724866 3.69942 4.9762 4.21457 8.20115 8.88698
threshold=-1.4491128870215986 -0.076729895149008923 -1.008203622810752 -0.75600946104525135 0.035253852697791459 2.0625236293314537 1.0000000180025095e-35 0.74730582097220966 -0.90990146219895396 -0.15292512424340945 -0.1441253030944695 0.073269764555773567 -1.008203622810752 0.069353250187296225 1.0184757865176055 2.1320600998353485 1.3991042849508457 0.50726550913191959 1.0907270677046579 2.4700175506702986 0.42934680970256728 -0.7500292558394458 -0.15642271830724117 -0.28911669430619374 0.13813347612334176 0.069353250187296225 0.54991803451567944 -0.34964588017609582 -0.31317640375456596 -0.93995279231850082
decision_type=2 2 2 2 2 2 2 2 2 2 2 2 2 2 2 2 2 2 2 2 2 2 2 2 2 2 2 2 2 2
left_child=1 2 8 5 -5 6 10 -8 -1 21 -3 13 -12 14 -6 16 20 18 -18 24 -15 -4 -23 -24 25 27 -27 28 29 -2
right_child=19 3 9 4 11 -7 7 -9 -10 -11 12 -13 -14 15 -16 -17 17 -19 -20 -21 -22 22 23 -25 -26 26 -28 -29 -30 -31
leaf_value=-0.0030341056375313672 0.0029743678081846454 0.0062334625151238797 0.0067434451567740849 0.0060068053208708174 0.0038281656206268252 -0.0032113041021073342 0.011641082039416398 0.0029787534785093491 -0.01052534856778734 -0.0033599435177591509 0.0021100204769108942 -0.0021625516332905732 -0.0045761830829034898 -0.00345030008552628 -0.0030613295807658384 -0.0090337259412950118 0.0080910095384972413 -0.0059168126531624916 -0.0014260283008860869 -0.004962810674473515 0.00037062064120768824 -0.00014836963523023056 0.011728564395161812 2.9805037875434963e-05 0.00017903769058022308 -0.00011350162938874903 -0.0069859286104592315 0.00036064286962079572 0.00017332995855965253 -0.0036900809458170892
leaf_weight=155 588 97 56 152 368 73 153 262 85 171 178 464 76 262 105 45 132 37 42 87 303 429 32 29 22731 611 463 18880 6781 3351
leaf_count=155 588 97 56 152 368 73 153 262 85 171 178 464 76 262 105 45 132 37 42 87 303 429 32 29 22731 611 463 18880 6781 3351
internal_value=-7.00327e-13 0.000620113 -0.00130547 0.00129046 0.00030782 0.00352745 0.00416966 0.00617233 -0.00568725 0.000161242 0.00180182 -0.000184925 0.000109424 0.000524208 0.00229879 -0.000498173 -3.19918e-06 0.00374027 0.00579379 -4.29623e-05 -0.0014012 0.00126403 0.000637812 0.00616686 -3.49475e-05 -0.000193522 -0.0030762 -8.89272e-05 -0.000880707 -0.00269524
internal_weight=57198 3706 957 2749 1910 839 766 415 240 717 351 1758 254 1294 473 821 776 211 174 53492 565 546 490 61 53405 30674 1074 29600 10720 3939
internal_count=57198 3706 957 2749 1910 839 766 415 240 717 351 1758 254 1294 473 821 776 211 174 53492 565 546 490 61 53405 30674 1074 29600 10720 3939
is_linear=0
shrinkage=0.05


Tree=141
num_leaves=31
num_cat=0
split_feature=9 1 8 1 2 4 0 0 4 4 8 4 4 2 2 2 5 5 2 1 5 4 4 4 7 2 4 4 4 4
split_gain=0.586778 2.62954 2.64018 2.52315 6.23797 10.6719 5.88136 5.10048 4.69799 4.14162 3.68817 3.61466 3.72537 4.19747 2.91218 2.035 1.99307 1.92816 4.55596 3.56163 6.482 6.12164 3.2622 3.58728 5.85818 2.55275 2.20072 2.1065 4.69763 3.47258
threshold=1.249578857053727 2.8228242796172474 -1.7049705869141294 0.52887757080824238 0.72303529494781482 0.43618112184620622 -1.5143630514267346 -1.309756144925265 0.29862066997411491 0.20691370205938739 -0.99042967103748658 0.34447415393147868 0.75715550954775257 2.2738474056960793 0.62280085960382114 0.95139225860477628 1.4779829372212656 1.3599459555339253 5.2373451118821626 -0.28776643054781897 1.386347522532285 -0.04528045970611317 -0.89356991291734278 -0.068207201684795479 -0.67566290470831769 -0.18946446364868533 -1.2833245265549345 -0.43503507334370556 -0.27454787949293208 -0.11406068564215872
decision_type=2 2 2 2 2 2 2 2 2 2 2 2 2 2 2 2 2 2 2 2 2 2 2 2 2 2 2 2 2 2
left_child=17 2 16 4 -4 -6 9 8 -8 -5 -9 14 13 -13 -12 -11 -2 -1 19 20 21 -19 -22 25 -25 -24 -21 -28 -29 -30
right_child=1 -3 3 6 5 -7 7 10 -10 15 11 12 -14 -15 -16 -17 -18 18 -20 26 22 -23 23 24 -26 -27 27 28 29 -31
leaf_value=8.132730223506724e-06 0.0048612204443172994 0.0082971630168558897 -0.00068366344441299159 -0.030084691749465084 0.00035477101574746934 0.04050052516162396 0.031660906438316615 -0.017956560936111671 -0.00072209536641215286 -0.013480523564651901 -0.00093931770556642175 0.0035759350468103392 -0.0065842836176743733 0.027245929142968223 -0.012983427662522407 0.0053378129028715197 -6.9691147532092128e-05 0.0092938900226727135 -0.013196741680291538 0.007210220846197552 0.0098123723492957657 0.039806169167160989 0.0017622960291595923 0.028930345854799575 -0.00084474499508703374 -0.011506460780957205 -0.0040805204345573049 0.022196706303825173 -0.01094656007985274 0.0016437019450793186
leaf_weight=47702 377 86 6359 31 49 25 21 39 24 51 104 126 75 22 97 20 449 48 49 118 125 25 72 24 53 73 240 26 60 628
leaf_count=47702 377 86 6359 31 49 25 21 39 24 51 104 126 75 22 97 20 449 48 49 118 125 25 72 24 53 73 240 26 60 628
internal_value=3.29148e-12 -0.000398445 -0.000493479 -0.000807124 -0.000515703 0.0139175 -0.00388042 -0.00168048 0.01439 -0.014837 -0.0032424 -0.00188897 0.00249398 0.00709445 -0.00675165 -0.00817958 0.00218086 6.43672e-05 0.00180512 0.0022978 0.00620066 0.0197433 0.00335163 -0.000286169 0.0084358 -0.00491784 0.0007687 -2.80496e-05 0.00133413 0.000545714
internal_weight=57198 7955 7869 7043 6433 74 610 508 45 102 463 424 223 148 201 71 826 49243 1541 1492 420 73 347 222 77 145 1072 954 714 688
internal_count=57198 7955 7869 7043 6433 74 610 508 45 102 463 424 223 148 201 71 826 49243 1541 1492 420 73 347 222 77 145 1072 954 714 688
is_linear=0
shrinkage=0.05


Tree=142
num_leaves=31
num_cat=0
split_feature=6 0 1 0 3 3 3 1 4 2 3 5 0 4 4 2 1 1 0 1 5 0 0 6 4 4 4 5 3 6
split_gain=0.60631 2.26436 3.93397 3.10797 3.78691 8.40591 3.05513 2.57642 2.40171 3.08828 2.18682 2.08062 4.71065 3.63142 6.93989 4.68126 3.6509 2.86642 2.66206 2.47863 2.60373 4.03296 2.67933 8.03591 9.10129 14.286 2.57377 2.5811 2.33714 2.35304
threshold=-0.50231995162864196 -1.5143630514267346 0.37366801459233207 -1.4024432921654559 0.078936671547967852 0.26643309619586708 1.7225842956808226 1.8186907630078453 0.25276718601675113 0.35639803499597861 1.2593885293927383 0.9652358749025497 -0.46560339495487107 -0.34332810542897768 -0.57259552521579626 1.2940948529682559 0.10435670392734091 0.062680305574242381 0.30827873209710005 1.5526340078511252 1.0613819277844458 -0.8695463369334262 -0.72824330367094159 -1.0557360505944642 -0.20576765355688617 -0.34332810542897768 -0.29747462147161352 1.3309652674966419 0.95639121306454877 -0.90990146219895396
decision_type=2 2 2 2 2 2 2 2 2 2 2 2 2 2 2 2 2 2 2 2 2 2 2 2 2 2 2 2 2 2
left_child=11 2 -2 4 -3 -6 10 8 9 -7 -4 17 19 14 -14 16 -16 18 -1 20 21 -13 -22 24 25 -24 27 -25 29 -28
right_child=1 3 6 -5 5 7 -8 -9 -10 -11 -12 12 13 -15 15 -17 -18 -19 -20 -21 22 -23 23 26 -26 -27 28 -29 -30 -31
leaf_value=-8.1102706520730955e-05 -0.0010792089598549816 0.0003959294587228924 -0.012185420316678507 0.00012523327136607312 0.033579961920622736 0.02064351635497241 -0.00057356368094958646 0.015052158344624332 -0.012287962393436049 -0.0043566536748160922 -0.033698644085476799 0.021978129362387043 0.0014463362882807637 0.0016806075854934274 0.0072399519927178815 -0.0061620841501280671 0.025717275425627392 -0.0018586926556512847 -0.005256205793905437 -0.0077764524753196262 0.0003606132334376997 0.0027150034196198581 -0.0081866554225441725 0.00047717377360908462 0.0050948474021559513 -0.062337024208335645 0.0072917080454223239 0.015704663278114411 -0.0098837672684834732 -0.0063713391082010412
leaf_weight=13958 269 205 27 33475 32 21 27 40 28 30 21 31 174 672 39 20 85 3067 253 101 3777 220 29 272 27 21 58 31 119 69
leaf_count=13958 269 205 27 33475 32 21 27 40 28 30 21 31 174 672 39 20 85 3067 253 101 3777 220 29 272 27 21 58 31 119 69
internal_value=-2.70288e-12 0.000133614 -0.00390253 0.000174655 0.0048218 0.0108304 -0.0140289 0.00471292 -0.000522136 0.00593753 -0.0215975 -0.000198335 0.000625968 0.00376375 0.00816587 0.0162853 0.0199059 -0.000472419 -0.000173236 -2.73245e-05 0.000140845 0.00509411 -0.000141524 -0.00317119 -0.0182978 -0.0309298 -0.00104961 0.0020351 -0.00484907 -0.000131522
internal_weight=57198 34175 344 33831 356 151 75 119 79 51 48 23023 5745 990 318 144 124 17278 14211 4755 4654 251 4403 626 77 50 549 303 246 127
internal_count=57198 34175 344 33831 356 151 75 119 79 51 48 23023 5745 990 318 144 124 17278 14211 4755 4654 251 4403 626 77 50 549 303 246 127
is_linear=0
shrinkage=0.05


Tree=143
num_leaves=31
num_cat=0
split_feature=9 0 2 7 11 2 6 3 1 3 0 3 7 5 0 2 6 0 1 1 2 2 0 0 2 3 1 0 3 1
split_gain=0.564959 1.68575 2.43249 1.46785 1.25426 1.22685 1.14139 1.09451 0.95416 0.880904 0.844445 0.896801 0.841963 0.77477 0.763438 0.710849 0.655845 4.49998 3.87797 2.29042 3.00579 2.58872 2.23028 5.29994 19.0909 6.50507 2.50817 4.42216 4.58485 4.42939
threshold=-1.4491128870215986 -0.076729895149008923 -0.096890669153472692 -0.080597219688208724 -0.7500292558394458 0.0097679696060734272 1.0000000180025095e-35 -1.0316338806971286 1.076618602823656 -0.087719774303818512 0.06651436662008324 -0.039318026550064562 -0.67566290470831769 0.073269764555773567 2.4700175506702986 1.1043958128592319 1.1185040474979022 1.064645369283699 -0.43339808750619052 2.1410131259481298 0.8549973470426232 2.2738474056960793 -0.38186583422727055 -0.14685217268586051 -0.10457611174928209 1.7225842956808226 -0.38984319112693105 1.0327649499723037 2.8180227285006008 3.6057252039299117
decision_type=2 2 2 2 2 2 2 2 2 2 2 2 2 2 2 2 2 2 2 2 2 2 2 2 2 2 2 2 2 2
left_child=1 4 6 8 -1 7 10 -6 13 -7 11 -3 -12 -4 16 -5 17 19 -19 -2 -21 -22 -18 24 -24 -26 -25 28 -28 -30
right_child=14 2 3 15 5 9 -8 -9 -10 -11 12 -13 -14 -15 -16 -17 22 18 -20 20 21 -23 23 26 25 -27 27 -29 29 -31
leaf_value=0.0053345778458820216 -1.9485563157105148e-05 0.0069704696040490599 0.0026089568638777063 -0.0010783164456766969 -0.009240467115663566 -0.0043578251125618922 0.0070910437067029809 -0.000650907192648543 -0.0024721333415624845 -0.015616960515794549 -0.003936460453190539 -0.0014923603759962134 0.0024142388196196408 -0.0001760013769017159 -0.0047213385052893358 -0.0086996513393387438 -0.0058388073367050628 -0.020308793258542818 -0.0033897929654431594 -0.020011436237165562 -0.00043426091585674191 -0.0092277394785461094 -0.0019739043317319491 0.0019210224364483173 0.045274608536950645 0.0098816051031462848 -0.003488741826736043 0.0004195215467657657 0.015849344089390743 -0.0019758406184756986
leaf_weight=68 41764 144 878 697 39 71 196 756 145 23 71 40 197 349 87 32 145 36 572 26 350 110 127 1848 37 20 1344 6885 63 78
leaf_count=68 41764 144 878 697 39 71 196 756 145 23 71 40 197 349 87 32 145 36 572 26 350 110 127 1848 37 20 1344 6885 63 78
internal_value=1.0648e-12 0.000597008 0.0012262 0.000400193 -0.00121035 -0.00171098 0.00390434 -0.00107228 0.00136354 -0.00711272 0.0025225 0.00513072 0.000731777 0.00181682 -4.13615e-05 -0.00141286 -3.37376e-05 -0.000120659 -0.00439158 -5.91985e-05 -0.00347189 -0.00253705 0.000319471 0.000405315 0.0088158 0.032856 0.000253864 -0.000114226 -0.00258887 0.0059886
internal_weight=57198 3706 2749 2101 957 889 648 795 1372 94 452 184 268 1227 53492 729 53405 42858 608 42250 486 460 10547 10402 184 57 10218 8370 1485 141
internal_count=57198 3706 2749 2101 957 889 648 795 1372 94 452 184 268 1227 53492 729 53405 42858 608 42250 486 460 10547 10402 184 57 10218 8370 1485 141
is_linear=0
shrinkage=0.05


Tree=144
num_leaves=31
num_cat=0
split_feature=0 7 2 4 4 1 4 5 1 3 2 5 0 9 4 5 2 1 2 3 1 2 0 0 3 7 4 4 4 2
split_gain=0.561238 1.29393 1.76145 1.94756 3.23446 0.898455 2.04444 3.43267 1.01522 0.755637 1.40334 0.791628 0.737448 2.86636 4.98309 3.6073 1.06593 3.20712 1.00163 1.46961 1.85361 0.982168 0.728026 3.6669 6.64939 2.42825 3.96509 7.73429 2.79942 2.37339
threshold=-1.9518562126726928 0.50726550913191959 -0.6524015819752208 0.16106021810202364 0.023499766229932856 0.12197937742154978 0.16106021810202364 1.4495693291702281 -1.0000000180025095e-35 0.1917146394128795 -1.0238114774627205 1.4651726809124612 -1.7856100734832345 1.0496757648999988 0.092279992165977986 -1.3140404490756492 2.1621874656600508 0.64826487420689693 0.46129356979051211 0.027985798291208914 -0.43339808750619052 1.0000000180025095e-35 -1.1511588724903166 -1.309756144925265 -0.17907257356197429 0.50726550913191959 -0.48088855730106883 -0.18284091157820473 -0.71015597708788747 0.076919213403333256
decision_type=2 2 2 2 2 2 2 2 2 2 2 2 2 2 2 2 2 2 2 2 2 2 2 2 2 2 2 2 2 2
left_child=1 5 -3 4 -4 8 -7 -8 9 11 -11 -1 13 14 15 -2 17 18 19 21 -21 -15 23 29 25 -25 28 -28 -27 -14
right_child=12 2 3 -5 -6 6 7 -9 -10 10 -12 -13 22 16 -16 -17 -18 -19 -20 20 -22 -23 -24 24 -26 26 27 -29 -30 -31
leaf_value=-0.0040133297463997896 0.0061011563736859615 0.00093623767417705525 -0.0025477078135894694 -0.0022997414864295604 -0.028063550778164494 -0.0058876972562903846 0.00069525127158461453 0.026132054715639071 -0.011960986929479996 0.01418688796481795 0.00072852908771982381 -0.00043865390148941269 -0.00020684663537419873 6.3600568641343676e-05 -0.0043858704428809386 0.028349439646117393 -0.0092204944962369553 0.016470811126994028 -0.0090488962467824077 0.018350956414360554 0.0020218165702230876 -0.0086670268354389606 5.8503740713604966e-05 7.8458620745707115e-05 -0.010545120829728579 -0.0023677153237029111 -0.024089779470869828 -0.0018079015768807057 0.015649291573532131 0.0036968665725275909
leaf_weight=194 38 71 23 49 27 31 36 21 20 22 162 768 3066 613 45 35 28 31 29 24 63 34 49901 894 228 107 63 102 27 446
leaf_count=194 38 71 23 49 27 31 36 21 20 22 162 768 3066 613 45 35 28 31 29 24 63 34 49901 894 228 107 63 102 27 446
internal_value=1.82388e-13 -0.000980199 -0.00507369 -0.00938384 -0.0163263 -0.000425259 0.0044464 0.0100667 -0.000792932 -0.000598027 0.00233768 -0.00115953 2.5026e-05 0.00141364 0.00870093 0.0167681 0.000367529 0.000705646 6.51214e-05 0.000425212 0.00652641 -0.000395196 1.22157e-06 -0.000578231 -0.00272134 -0.0012261 -0.00512668 -0.0103155 0.00126258 0.000288898
internal_weight=57198 1424 170 99 50 1254 88 57 1166 1146 184 962 55774 940 118 73 822 794 763 734 87 647 54834 4933 1421 1193 299 165 134 3512
internal_count=57198 1424 170 99 50 1254 88 57 1166 1146 184 962 55774 940 118 73 822 794 763 734 87 647 54834 4933 1421 1193 299 165 134 3512
is_linear=0
shrinkage=0.05


Tree=145
num_leaves=31
num_cat=0
split_feature=3 5 4 7 5 7 5 4 1 2 6 4 4 2 4 5 5 4 4 4 1 1 3 4 4 3 1 8 3 11
split_gain=0.539414 2.33738 6.97616 4.72386 2.21191 3.18851 3.03528 2.93797 3.75259 2.03272 1.84589 2.61637 2.64285 1.65147 1.93856 12.2485 4.32974 1.68397 3.09168 5.55657 2.04081 1.28928 4.34367 4.44866 3.31172 2.20164 1.94056 3.3855 4.12208 4.3158
threshold=2.1013061194939193 1.4495693291702281 0.22984044403806927 1.707859523614377 1.2655051286133518 -0.080597219688208724 1.386347522532285 0.50496134778225188 2.2856574753752823 3.621925625133366 0.31220406105026438 0.069353250187296225 0.50496134778225188 3.621925625133366 0.27569392799543307 1.386347522532285 1.3309652674966419 -1.4208849784270259 -0.71015597708788747 -0.38918158938634145 2.5770947965769744 2.1410131259481298 0.39769058342379765 1.3073973170361175 0.16106021810202364 1.3166402403684843 1.7537497920233844 -0.99042967103748658 1.5369806572815394 1.4457311165250033
decision_type=2 2 2 2 2 2 2 2 2 2 2 2 2 2 2 2 2 2 2 2 2 2 2 2 2 2 2 2 2 2
left_child=21 4 -3 -4 10 6 9 13 -9 -6 11 -2 -13 17 15 16 -15 -7 -19 -20 -21 26 -23 24 -24 -26 -1 -28 29 -29
right_child=1 2 3 -5 5 7 -8 8 -10 -11 -12 12 -14 14 -16 -17 -18 18 19 20 -22 22 23 -25 25 -27 27 28 -30 -31
leaf_value=-3.3549004796738094e-05 0.0072027803336823133 0.031678179818360762 0.015443506819958036 -0.016324222119525077 -0.007262412521182403 0.013938839910995393 -0.0011317902984439661 0.0024639437513218985 -0.018875182226704632 -0.020951864645123865 0.0029835103339950287 -0.010578671843793831 0.0066660639039112322 0.0041048391250013893 0.018125672666638188 -0.023670712406081814 0.029824255974963312 -0.018172940773808439 0.022158260143327495 0.0010363532779872633 -0.012503290957025265 -0.017712479906289706 -0.0018839732939753427 -0.0077690339236161339 0.013240755128049076 0.0022628697161142883 0.0087990929774518691 0.0017110921899546631 -0.0056392065542084837 0.018569899385058604
leaf_weight=53958 48 24 22 25 89 21 162 45 38 39 828 95 29 36 33 28 30 23 27 104 38 42 322 187 73 122 168 324 175 43
leaf_count=53958 48 24 22 25 89 21 162 45 38 39 828 95 29 36 33 28 30 23 27 104 38 42 322 187 73 122 168 324 175 43
internal_value=4.46073e-13 0.000855762 0.00974546 -0.00145422 0.000487304 -0.00164049 -0.00567872 0.00112803 -0.00730578 -0.0114334 0.00200442 -0.00270886 -0.00654563 0.00318687 0.00769976 0.0040396 0.0157955 0.000496088 -0.000974213 0.00136644 -0.00258693 -2.75504e-05 -0.00209213 -0.00116023 0.00123019 0.00637254 6.22829e-07 0.00259759 0.000675348 0.00368637
internal_weight=57198 1784 71 47 1713 713 290 423 83 128 1000 172 124 340 127 94 66 213 192 169 142 55414 746 704 517 195 54668 710 542 367
internal_count=57198 1784 71 47 1713 713 290 423 83 128 1000 172 124 340 127 94 66 213 192 169 142 55414 746 704 517 195 54668 710 542 367
is_linear=0
shrinkage=0.05


Tree=146
num_leaves=31
num_cat=0
split_feature=0 2 1 4 7 7 3 4 5 5 4 4 2 4 0 4 1 2 9 8 9 8 9 7 3 3 4 3 5 8
split_gain=0.53902 1.5041 1.54346 1.77094 2.08196 1.73835 1.44421 5.97776 6.07793 3.46216 3.57214 3.67328 3.15269 2.26929 1.58435 3.27468 2.11233 2.96465 3.47675 2.76231 2.6142 2.73158 2.09813 4.04136 5.51276 2.3425 2.56745 1.96883 1.86782 1.78564
threshold=0.43202768883440962 -1.4076681570074618 -0.75702937411222326 -0.71015597708788747 0.50726550913191959 1.707859523614377 2.8180227285006008 0.092279992165977986 1.386347522532285 1.4495693291702281 0.27569392799543307 0.48203460580356999 2.9313461519999118 0.39032763788884245 0.32213540752312358 1.2156903491213902 -0.26079660320005144 -0.13930444464262279 -0.24969433409923195 1.0000000180025095e-35 1.0000000180025095e-35 -0.25919494664649734 -0.94935515663727921 -0.17418860646293408 0.8897524757707046 1.1131740591214825 -1.0999105907254794 0.027985798291208914 1.3599459555339253 1.0816417019878375
decision_type=2 2 2 2 2 2 2 2 2 2 2 2 2 2 2 2 2 2 2 2 2 2 2 2 2 2 2 2 2 2
left_child=6 -2 3 4 -3 -5 14 -8 -9 10 12 13 -10 -12 29 16 20 18 -18 -19 -16 -22 -21 25 -25 26 27 -24 -26 -1
right_child=1 2 -4 5 -6 -7 7 8 9 -11 11 -13 -14 -15 15 -17 17 19 -20 22 21 -23 23 24 28 -27 -28 -29 -30 -31
leaf_value=-0.0001539412982687165 -0.012547233579275403 0.014602427630395185 0.00016940317427820037 1.2469409715093577e-05 -0.0018662005795964172 0.0087774128072719646 0.029386204918236694 -0.017481878484998433 0.0037142745618309291 0.024023431465453049 0.0065893236303790695 -0.0061844408653838482 -0.021269196579637734 0.029322910571025443 -0.0063231549937045207 -0.0050450661864111478 0.0089788229860014914 0.0038850216855184716 -0.0034663206868572162 0.00079551879480805774 0.010790223894211665 -0.0018458545570292529 -0.016541902280666612 -0.0048525297298883316 -0.032332713708833415 0.0078354564212212291 0.0015372334762171862 -0.0021066458874117295 -0.012450395506762323 0.0010036671561984912
leaf_weight=33025 23 61 17057 314 28 69 21 35 28 22 21 23 23 23 300 478 188 285 80 482 51 265 44 210 27 74 164 51 21 3705
leaf_count=33025 23 61 17057 314 28 69 21 35 28 22 21 23 23 23 300 478 188 285 80 482 51 265 44 210 27 74 164 51 21 3705
internal_value=-1.59104e-12 0.000230685 0.000247451 0.00306791 0.00942129 0.00159153 -0.000102128 0.00417923 0.00115439 0.00581346 0.00241838 0.0100084 -0.00755278 0.0184728 -0.000123399 -0.00128779 -0.000486725 0.000457908 0.00526385 -0.000490541 -0.00298019 0.000193513 -0.00165274 -0.00364945 -0.00834679 -1.00678e-05 -0.00225165 -0.00879245 -0.0236342 -3.71719e-05
internal_weight=57198 17552 17529 472 89 383 39646 196 175 140 118 67 51 44 39450 2720 2242 1626 268 1358 616 316 1073 591 258 333 259 95 48 36730
internal_count=57198 17552 17529 472 89 383 39646 196 175 140 118 67 51 44 39450 2720 2242 1626 268 1358 616 316 1073 591 258 333 259 95 48 36730
is_linear=0
shrinkage=0.05


Tree=147
num_leaves=31
num_cat=0
split_feature=9 9 4 7 4 2 3 1 4 7 1 4 4 1 6 5 4 1 0 6 4 3 0 4 7 1 4 7 4 0
split_gain=0.528959 4.16205 4.89591 7.60924 5.11318 4.23449 3.69321 6.6372 4.30576 7.31849 6.49407 5.1951 3.51358 7.28836 5.03096 4.60178 3.42082 3.14946 3.42012 3.75268 3.13675 3.08483 2.91643 3.19952 5.20253 2.82127 2.80457 4.28342 2.79485 2.70883
threshold=0.25006339628508761 1.0000000180025095e-35 1.3532508009934816 -0.67566290470831769 1.5595914788016185 2.9313461519999118 1.4724410070425007 1.6916598025775904 0.48203460580356999 -0.9109402413522435 0.70137224620189864 -0.98527688083207032 -0.34332810542897768 0.019338856327528641 -0.90990146219895396 1.0142561076130823 -0.091133943663477338 -0.38984319112693105 -0.6271509910208567 -0.90990146219895396 -0.11406068564215872 -1.472370864276223 -0.70412592298491539 1.1469101231853445 -0.44313593596502393 -0.47734659333794033 -0.15991416959952287 0.50726550913191959 -0.45796181532238694 1.3806707560361342
decision_type=2 2 2 2 2 2 2 2 2 2 2 2 2 2 2 2 2 2 2 2 2 2 2 2 2 2 2 2 2 2
left_child=1 21 5 4 -4 6 7 8 11 -10 22 17 15 14 20 28 -9 -3 -19 -20 -14 -1 -11 24 -24 -5 27 -15 -13 -7
right_child=-2 2 3 25 -6 29 -8 16 9 10 -12 12 13 26 -16 -17 -18 18 19 -21 -22 -23 23 -25 -26 -27 -28 -29 -30 -31
leaf_value=0.0086099333351127589 -0.00018189446993448322 0.0032546905174099063 0.019790911299107813 -0.0094026161180809156 0.0045394275470171126 0.0051107988957607865 -0.0031739658146183315 0.03197472419124097 0.010830497239819832 -0.0099805527413136686 0.017883498648948528 0.0028617271107438959 0.0015593590957497985 -0.016600128885474987 0.0020506252914226581 0.016170168531122422 0.0082066289478594946 0.003665569045309288 -0.017350131692364813 -0.0036077819783068583 0.015462333594666606 -0.00014391570252752565 -0.008437935340161613 -0.0086951507858569078 0.0028989696705684766 0.0030740146224524857 -0.0015627728204772985 0.0087728579395583688 0.01098232822528878 0.024045449929932752
leaf_weight=101 23528 268 122 50 100 51 569 24 99 183 34 537 58 80 626 96 41 141 56 440 135 28284 148 170 320 483 271 21 132 30
leaf_count=101 23528 268 122 50 100 51 569 24 99 183 34 537 58 80 626 96 41 141 56 440 135 28284 148 170 320 483 271 21 132 30
internal_value=2.39531e-12 0.000127105 0.00141543 0.00514312 0.0129209 0.000794143 0.000587875 0.00113955 0.000869614 -0.00203931 -0.0035295 0.00183959 0.00328886 0.00159048 0.00422656 0.00593301 0.0169825 -0.00129274 -0.00320594 -0.00515934 0.0112842 -0.000112768 -0.00441627 -0.00282025 -0.000686205 0.0019036 -0.00421315 -0.0113246 0.004464 0.0121236
internal_weight=57198 33670 5285 755 222 4530 4449 3880 3815 954 855 2861 1956 1191 819 765 65 905 637 496 193 28385 821 638 468 533 372 101 669 81
internal_count=57198 33670 5285 755 222 4530 4449 3880 3815 954 855 2861 1956 1191 819 765 65 905 637 496 193 28385 821 638 468 533 372 101 669 81
is_linear=0
shrinkage=0.05


Tree=148
num_leaves=31
num_cat=0
split_feature=9 0 2 4 4 0 6 6 2 4 0 4 7 0 4 0 6 0 2 8 2 4 4 0 4 2 0 4 5 7
split_gain=0.510996 1.50022 2.51535 1.95622 1.69 1.68429 2.43356 1.72809 1.58993 1.51011 1.25375 1.25535 1.51318 1.314 1.14883 1.06559 1.24776 1.05252 1.18032 1.00348 1.72531 0.873308 0.958093 0.957516 0.93839 0.861495 0.85363 0.739756 3.62488 5.03971
threshold=-1.4491128870215986 -0.046811405019422853 -0.20653034366644046 -0.84771642895997912 0.66544854163302503 0.51888492231579664 0.31220406105026438 1.0000000180025095e-35 0.17690078029370981 -0.13698742762084057 2.1320600998353485 1.3532508009934816 0.50726550913191959 1.5653471850646683 0.48203460580356999 0.046763703059737642 -0.90990146219895396 2.0625236293314537 0.72303529494781482 -0.99042967103748658 -1.2400049951841161 1.5595914788016185 1.2844705750574359 -0.15642271830724117 0.71130202559038891 0.23587665520374837 1.064645369283699 0.13813347612334176 -0.84497093191591066 -0.9109402413522435
decision_type=2 2 2 2 2 2 2 2 2 2 2 2 2 2 2 2 2 2 2 2 2 2 2 2 2 2 2 2 2 2
left_child=1 3 9 19 5 7 8 14 -7 -3 11 13 25 -6 -4 -11 -17 18 26 20 -1 22 24 -24 -5 -13 -8 -2 29 -29
right_child=27 2 4 21 10 6 17 -9 -10 15 -12 12 -14 -15 -16 16 -18 -19 -20 -21 -22 -23 23 -25 -26 -27 -28 28 -30 -31
leaf_value=-6.1691548908129334e-05 -0.00019917416322506887 0.0076329485850547942 5.0279608127251427e-05 0.0024168397044827018 -0.0038363804112103682 -0.0012157930243586472 0.01118220153629132 0.006925062656584215 -0.0099587183409871969 0.010065335692728267 -0.009819926803068417 0.0087941260393967647 -0.0086760744793961449 0.0018382173125532323 0.011746030430430952 -0.0074175859510432936 0.0024141912452436006 -0.0017480547060500303 -7.5405495803485201e-06 -0.002333609335685403 -0.013221652678806673 -0.0050362710209535151 0.00066604166786419236 0.012041190296814249 -0.0016970159212400865 0.0016203374172227899 0.0037798499199756565 0.0032044878134222183 0.00061823119603354954 -0.0011562047825281775
leaf_weight=40 30761 214 241 269 376 156 46 241 78 34 41 54 30 140 23 40 167 159 205 220 66 66 37 37 286 186 254 735 15272 6724
leaf_count=40 30761 214 241 269 376 156 46 241 78 34 41 54 30 140 23 40 167 159 205 220 66 66 37 37 286 186 254 735 15272 6724
internal_value=-1.38665e-12 0.00056778 0.00118813 -0.0010636 0.000496855 0.00155363 0.000254491 0.00386379 -0.0041301 0.00457613 -0.00129596 -0.00085133 0.00191105 -0.00229676 0.00106923 0.00186178 0.000514331 0.00179966 0.00291667 -0.00425917 -0.00825563 0.000435334 0.00100946 0.00635362 0.000296907 0.00323444 0.00491488 -3.93366e-05 0.000176966 -0.000726508
internal_weight=57198 3706 2685 1021 2230 1403 898 505 234 455 827 786 270 516 264 241 207 664 505 326 106 695 629 74 555 240 300 53492 22731 7459
internal_count=57198 3706 2685 1021 2230 1403 898 505 234 455 827 786 270 516 264 241 207 664 505 326 106 695 629 74 555 240 300 53492 22731 7459
is_linear=0
shrinkage=0.05


Tree=149
num_leaves=31
num_cat=0
split_feature=0 5 3 6 8 1 1 7 0 9 0 3 2 1 2 3 1 2 3 0 5 3 0 0 3 2 9 7 3 2
split_gain=0.523508 1.17646 1.67515 1.65794 1.53762 1.02449 0.699286 0.762274 0.683601 2.62814 3.02401 2.95464 0.969699 2.89416 0.907113 1.32118 1.6788 0.925789 2.46161 1.94509 1.18415 0.672426 0.623707 3.28965 5.88983 2.21295 2.6469 2.14885 3.54527 3.18108
threshold=-1.9518562126726928 1.4495693291702281 1.5048606475528781 -0.88889511337147242 -0.99042967103748658 0.028735252584951479 -0.32584575134271448 -0.67566290470831769 -1.7856100734832345 1.0496757648999988 -1.8581196697814495 -0.69974850016733769 2.1621874656600508 0.64826487420689693 0.46129356979051211 0.027985798291208914 -0.43339808750619052 -0.70647161328322305 -0.28033243364112653 -1.8958058946997134 1.4779829372212656 0.40993742704794944 -1.1511588724903166 -1.309756144925265 -0.17907257356197429 0.52911129063508744 0.44996648843881543 0.50726550913191959 -1.1785584707595622 -0.71395793582931122
decision_type=2 2 2 2 2 2 2 2 2 2 2 2 2 2 2 2 2 2 2 2 2 2 2 2 2 2 2 2 2 2
left_child=1 3 5 -1 -4 6 -3 -8 9 10 -2 -12 13 14 15 17 -17 18 -11 -19 -21 -18 23 -10 27 26 -26 -25 -29 -30
right_child=8 2 4 -5 -6 -7 7 -9 22 12 11 -13 -14 -15 -16 16 21 19 -20 20 -22 -23 -24 24 25 -27 -28 28 29 -31
leaf_value=-0.0019587289150426179 0.02377708174288273 -0.00063835111776372249 -0.00022104978561401369 -0.011606209366159005 0.019150379424293838 -0.011274074302160774 0.012086943798172087 -0.0010888928458804177 0.00028623231397767235 -0.00013793182047095457 0.015928990310331917 -0.002576386746240117 -0.0087855727353598929 0.015658152486843571 -0.0085999105607384232 0.017454194844079517 -0.003503619607848426 -0.014245622594441688 0.017746128090657294 0.0050659755730327778 -0.0068037944274501093 0.0068393417612903507 5.4270853241730444e-05 6.9505246908093234e-05 -0.018046815092770421 -0.022346034453761196 -0.0046394563742659239 -0.0012258242345874002 -0.018495201700887479 0.0030157570470296575
leaf_weight=234 25 1028 20 55 21 22 23 21 3512 507 34 59 28 31 29 24 30 35 20 47 38 33 49901 894 49 31 148 208 68 23
leaf_count=234 25 1028 20 55 21 22 23 21 3512 507 34 59 28 31 29 24 30 35 20 47 38 33 49901 894 49 31 148 208 68 23
internal_value=-1.00198e-12 -0.000946677 -0.000221484 -0.00379475 0.0097009 -0.000593347 -0.000374153 0.00579848 2.41702e-05 0.00136112 0.00833903 0.00418902 0.000359429 0.000681923 7.34521e-05 0.000416133 0.00620104 -0.000361745 0.00054078 -0.00432533 -0.00024051 0.00191412 1.25127e-06 -0.000535082 -0.00256496 -0.00992834 -0.00797428 -0.00115771 -0.00482703 -0.0130584
internal_weight=57198 1424 1135 289 41 1094 1072 44 55774 940 118 93 822 794 763 734 87 647 527 120 85 63 54834 4933 1421 228 197 1193 299 91
internal_count=57198 1424 1135 289 41 1094 1072 44 55774 940 118 93 822 794 763 734 87 647 527 120 85 63 54834 4933 1421 228 197 1193 299 91
is_linear=0
shrinkage=0.05


Tree=150
num_leaves=31
num_cat=0
split_feature=3 4 4 9 9 9 3 8 2 4 7 4 2 4 4 7 0 2 3 0 4 1 7 2 3 3 2 2 1 8
split_gain=0.512056 0.925287 2.54283 1.17233 0.729019 0.563041 2.26507 2.25115 2.34579 11.0461 7.55246 5.57394 5.21005 5.51673 9.66389 6.06528 5.1318 5.00943 4.42175 4.31519 4.68693 7.49121 7.46674 3.9755 3.66148 3.12433 3.33012 2.69626 2.32997 2.28913
threshold=-1.9160917397235644 -0.98527688083207032 -1.2374710425975708 0.94972421882313496 0.64986958059254329 1.249578857053727 2.8180227285006008 -1.7049705869141294 -0.43621754556502956 0.13813347612334176 -0.080597219688208724 0.25276718601675113 2.9313461519999118 0.39032763788884245 0.75715550954775257 -0.44313593596502393 -0.21970742502192073 1.2141058937275375 1.6241332329595262 -1.5143630514267346 -0.04528045970611317 -0.21408089195202676 -0.080597219688208724 0.10233983053015307 0.027985798291208914 1.6725078410514487 0.052957302200638719 0.35639803499597861 0.77590047264333717 0.74730582097220966
decision_type=2 2 2 2 2 2 2 2 2 2 2 2 2 2 2 2 2 2 2 2 2 2 2 2 2 2 2 2 2 2
left_child=1 2 4 -4 -1 -2 7 -7 18 19 12 23 13 15 16 -11 -15 25 -9 24 21 -21 -22 -12 -10 26 -13 -23 -17 -16
right_child=5 -3 3 -5 -6 6 -8 8 9 10 11 17 -14 14 29 28 -18 -19 -20 20 22 27 -24 -25 -26 -27 -28 -29 -30 -31
leaf_value=0.0089938220878442131 7.6597166567950553e-05 0.00023377052563207471 -0.014842757396399975 -0.0012872911100699144 -0.0013743343958842824 0.0021066439012389273 0.0089160735846962793 -0.0003903938223892916 -0.01106342045677593 -0.023288417512025591 -0.0034821935836225749 -0.0027334206314888728 0.020319194929007526 0.010106218162846441 -0.0081109137857804103 0.010952419576686667 0.032759686431963933 -0.025963983962763892 0.019891909944514435 -0.00062067662376414886 -0.015036003957502545 -0.013339050000326503 0.02074125697969326 0.028043581480160357 -0.03034733740263619 0.0070344552717193269 -0.014359380173762995 -0.029662568861236555 -0.0065391768895400066 0.0020691419519822704
leaf_weight=21 48871 265 58 22 88 772 65 5666 64 39 20 149 44 150 83 33 30 33 27 109 25 72 35 20 40 43 105 39 45 165
leaf_count=21 48871 265 58 22 88 772 65 5666 64 39 20 149 44 150 83 33 30 33 27 109 25 72 35 20 40 43 105 39 45 165
internal_value=2.88303e-12 -0.00167252 -0.00434535 -0.011115 0.0006232 1.33815e-05 -0.000379024 -0.000456404 -0.000737625 -0.00261731 0.000252109 -0.00534626 0.00376891 0.00243274 0.00506291 -0.00718873 0.0138818 -0.00748286 -0.000294202 -0.00978337 -0.00655308 -0.00993139 0.00583406 0.0122807 -0.0184803 -0.0054294 -0.00753943 -0.0190743 0.000861114 -0.00133789
internal_weight=57198 454 189 80 109 56744 7873 7808 7036 1343 959 370 589 545 428 117 180 330 5693 384 280 220 60 40 104 297 254 111 78 248
internal_count=57198 454 189 80 109 56744 7873 7808 7036 1343 959 370 589 545 428 117 180 330 5693 384 280 220 60 40 104 297 254 111 78 248
is_linear=0
shrinkage=0.05


Tree=151
num_leaves=31
num_cat=0
split_feature=6 0 1 0 5 1 3 3 5 0 4 4 2 1 1 0 1 5 0 0 6 4 4 4 3 0 5 3 3 4
split_gain=0.502208 1.94213 3.34457 2.64887 3.41295 3.25611 2.64259 1.86244 1.85261 4.14864 3.13941 6.05983 4.17233 3.19916 2.62472 2.28394 2.24641 2.23163 3.54291 2.44893 7.25046 8.20857 12.6783 2.38882 2.46499 2.3183 2.12386 2.79238 3.41338 6.59144
threshold=-0.50231995162864196 -1.5143630514267346 0.37366801459233207 -1.4024432921654559 1.386347522532285 1.8186907630078453 1.7225842956808226 1.2593885293927383 0.9652358749025497 -0.46560339495487107 -0.34332810542897768 -0.57259552521579626 1.2940948529682559 0.10435670392734091 0.062680305574242381 0.30827873209710005 1.5526340078511252 1.0613819277844458 -0.8695463369334262 -0.72824330367094159 -1.0557360505944642 -0.20576765355688617 -0.34332810542897768 -0.29747462147161352 1.1131740591214825 -0.6831214313391879 1.2655051286133518 0.92218737908077564 1.5369806572815394 0.48203460580356999
decision_type=2 2 2 2 2 2 2 2 2 2 2 2 2 2 2 2 2 2 2 2 2 2 2 2 2 2 2 2 2 2
left_child=8 2 -2 4 -3 -6 7 -4 14 16 11 -11 13 -13 15 -1 17 18 -10 -19 21 22 -21 24 25 -22 27 -12 29 -29
right_child=1 3 6 -5 5 -7 -8 -9 9 10 26 12 -14 -15 -16 -17 -18 19 -20 20 23 -23 -24 -25 -26 -27 -28 28 -30 -31
leaf_value=-6.7506458770820568e-05 -0.0010130961550186305 0.018407314346553998 -0.011306413828774736 0.0001139867589424486 0.00097619796010016467 0.017352521260652475 -0.00043939638632798088 -0.031160085027416545 0.020555021675423751 0.0013559957837917438 -0.0002325440658395119 0.0067838540348487027 -0.0059698867483530191 0.024080304716275459 -0.0017656770621967582 -0.0048610031201109377 -0.0073929688647749034 0.00036298020714329373 0.0025001471423787402 -0.0079531310465395574 0.0093083643506528171 0.0048338915191211357 -0.058965692168012979 -0.0046587337793950823 0.010603044716498027 -0.0028959804991486229 -0.002451377629394293 0.006120845787744556 0.0005491941135308783 0.03224453219974583
leaf_weight=13958 269 39 27 33475 283 34 27 21 31 174 235 39 20 85 3067 253 101 3777 220 29 49 27 21 246 65 189 218 90 96 33
leaf_count=13958 269 39 27 33475 283 34 27 21 31 174 235 39 20 85 3067 253 101 3777 220 29 49 27 21 246 65 189 218 90 96 33
internal_value=-4.83554e-12 0.000121604 -0.00361634 0.000159612 0.00444982 0.00273265 -0.0129533 -0.0199924 -0.000180507 0.000597319 0.00354198 0.00763504 0.0152222 0.0186403 -0.000439138 -0.000152846 -1.57649e-05 0.000144333 0.00473003 -0.000117082 -0.00301356 -0.0173819 -0.0293784 -0.000998326 0.00197349 -0.000383321 0.00160509 0.00355291 0.00761492 0.0131296
internal_weight=57198 34175 344 33831 356 317 75 48 23023 5745 990 318 144 124 17278 14211 4755 4654 251 4403 626 77 50 549 303 238 672 454 219 123
internal_count=57198 34175 344 33831 356 317 75 48 23023 5745 990 318 144 124 17278 14211 4755 4654 251 4403 626 77 50 549 303 238 672 454 219 123
is_linear=0
shrinkage=0.05


Tree=152
num_leaves=31
num_cat=0
split_feature=0 5 7 3 8 4 1 1 1 4 3 2 0 3 2 2 3 2 4 1 4 4 5 1 3 4 0 5 7 7
split_gain=0.482342 1.05085 1.47086 1.41955 1.33898 1.23252 0.814118 1.19314 0.677429 1.37447 0.626687 0.908979 0.602664 0.557674 0.899259 0.630719 0.643229 0.523356 1.61299 2.11974 2.34996 1.69556 1.87896 1.18544 0.751664 0.704533 0.623836 0.577231 1.01729 1.50684
threshold=-1.9518562126726928 1.4495693291702281 0.50726550913191959 1.5048606475528781 -0.99042967103748658 0.16106021810202364 -0.015671131174441178 -0.30828453315089582 -2.044111721489243 -0.068207201684795479 0.87136745916807712 -0.8849323242322279 -0.44379649577730129 0.1917146394128795 -0.58810282644697953 1.7679341100244936 1.3166402403684843 -1.483489645618328 -0.57259552521579626 -0.92891948326137952 1.3073973170361175 -0.71015597708788747 -1.2485803101923583 -0.63133635685017475 -0.82990473126892506 0.6425217996543432 -1.5531776930915278 -1.3430211371129324 1.707859523614377 0.50726550913191959
decision_type=2 2 2 2 2 2 2 2 2 2 2 2 2 2 2 2 2 2 2 2 2 2 2 2 2 2 2 2 2 2
left_child=1 2 13 6 -5 -4 7 10 9 12 11 -3 -2 -1 -15 16 -16 18 21 20 -20 23 -23 26 -24 -21 -10 28 29 -19
right_child=8 3 5 4 -6 -7 -8 -9 17 -11 -12 -13 -14 14 15 -17 -18 27 19 25 -22 22 24 -25 -26 -27 -28 -29 -30 -31
leaf_value=-0.0042706465580698277 -0.0031192072640849455 -0.00020058564223455685 -0.016840421003015603 -0.00034813567996025088 0.017728746456227133 -0.0014340705460026153 -0.0082996538875511651 0.010696430217164259 -0.0089425703806971964 0.015146979757330634 0.0072401947937905794 -0.0046938490678462416 0.005402569492665551 0.0097025133256631157 -0.0004118721706397606 0.0035271223513346573 -0.011304331174039324 -0.00058304554427371358 0.0063675493976181252 -0.0082611407167621758 -0.0045893726825642477 0.0028154607745818796 -0.019366760196559578 0.0077888518864769607 -0.008650533875657453 0.0025527812377549707 -0.0017786516632895657 7.4475939169368598e-05 0.0020059126777830596 -0.0047242364664603111
leaf_weight=119 42 883 34 20 21 21 33 24 33 22 25 129 41 22 33 37 23 2481 198 61 65 24 30 31 36 20 384 51739 326 241
leaf_count=119 42 883 34 20 21 21 33 24 33 22 25 129 41 22 33 37 23 2481 198 61 65 24 30 31 36 20 384 51739 326 241
internal_value=-7.88778e-13 -0.000908695 -0.00360045 -0.000223306 0.00891076 -0.010958 -0.000565624 -0.000325075 2.32004e-05 0.00403554 -0.000580153 -0.000773344 0.00109035 -0.00187111 0.000611891 -0.00153858 -0.00488556 1.56326e-05 -0.00119264 0.00148137 0.00365956 -0.00290242 -0.00916501 -0.00164431 -0.0135215 -0.00559104 -0.00234558 3.50843e-05 -0.000633579 -0.000949698
internal_weight=57198 1424 289 1135 41 55 1094 1061 55774 105 1037 1012 83 234 115 93 56 55669 882 344 263 538 90 448 66 81 417 54787 3048 2722
internal_count=57198 1424 289 1135 41 55 1094 1061 55774 105 1037 1012 83 234 115 93 56 55669 882 344 263 538 90 448 66 81 417 54787 3048 2722
is_linear=0
shrinkage=0.05


Tree=153
num_leaves=31
num_cat=0
split_feature=9 3 5 8 2 4 7 4 2 4 4 7 0 2 3 0 4 7 1 2 3 3 2 1 7 2 5 5 2 0
split_gain=0.46298 2.03591 2.16108 2.01461 2.09939 9.94701 6.86296 5.02682 4.57748 4.80772 8.72459 5.2222 4.63061 4.51978 3.99591 3.75035 4.22952 7.99809 6.25753 3.52879 3.15105 2.72917 3.04122 2.11392 2.07132 1.91381 1.87946 1.71606 1.68091 1.92572
threshold=1.249578857053727 2.8180227285006008 1.4495693291702281 -1.7049705869141294 -0.43621754556502956 0.13813347612334176 -0.080597219688208724 0.25276718601675113 2.9313461519999118 0.39032763788884245 0.75715550954775257 -0.44313593596502393 -0.21970742502192073 1.2141058937275375 1.6241332329595262 -1.5143630514267346 -0.022353717727431312 -0.080597219688208724 -0.21408089195202676 0.10233983053015307 0.027985798291208914 1.6725078410514487 0.052957302200638719 0.77590047264333717 -0.44313593596502393 0.20580396075932353 1.4651726809124612 1.4779829372212656 0.41576937135637254 -1.8958058946997134
decision_type=2 2 2 2 2 2 2 2 2 2 2 2 2 2 2 2 2 2 2 2 2 2 2 2 2 2 2 2 2 2
left_child=-1 3 -3 27 14 15 8 19 9 11 12 -7 -11 21 -5 20 18 -18 -17 -8 -6 22 -9 -13 26 -20 -12 28 -2 -30
right_child=1 2 -4 4 5 6 7 13 -10 10 24 23 -14 -15 -16 16 17 -19 25 -21 -22 -23 -24 -25 -26 -27 -28 -29 29 -31
leaf_value=5.7175299211160786e-05 0.0061557970100619393 0.0017121557722843831 0.020778783997925727 -0.00037215289583665534 -0.010505186883165152 -0.021575638575431627 -0.0032028947118669751 -0.0025492660284885003 0.019110710302960465 0.0095934353460324934 -0.0014496372516465481 0.010444775605433141 0.031112278808529178 -0.024675207868726415 0.018908501864859352 -0.00065049871892044586 -0.016034754928525376 0.022880088573982639 -0.011967087335938561 0.026498934533447028 -0.028394517973065376 0.0064790192753249824 -0.01365950060365278 -0.0062161073016209732 0.0024434824160947904 -0.024967785462892304 -0.01561564988040022 -0.00015657262005929433 0.004241426725385954 -0.012041554326036326
leaf_weight=49243 294 42 23 5701 64 39 20 149 44 150 61 33 30 33 27 109 23 31 69 20 40 43 105 45 149 48 38 449 46 30
leaf_count=49243 294 42 23 5701 64 39 20 149 44 150 61 33 30 33 27 109 23 31 69 20 40 43 105 45 149 48 38 449 46 30
internal_value=3.68233e-12 -0.000353926 0.00845881 -0.000426528 -0.00069844 -0.0024777 0.000245217 -0.00509149 0.00359765 0.00234522 0.00480056 -0.00663673 0.0131799 -0.00712052 -0.00028127 -0.00927791 -0.00626644 0.00630525 -0.0092703 0.011648 -0.0173857 -0.00517 -0.00714208 0.000832728 -0.00128122 -0.0173007 -0.0068871 0.00192108 0.00444233 -0.00218607
internal_weight=57198 7955 65 7890 7071 1343 959 370 589 545 428 117 180 330 5728 384 280 54 226 40 104 297 254 78 248 117 99 819 370 76
internal_count=57198 7955 65 7890 7071 1343 959 370 589 545 428 117 180 330 5728 384 280 54 226 40 104 297 254 78 248 117 99 819 370 76
is_linear=0
shrinkage=0.05


Tree=154
num_leaves=31
num_cat=0
split_feature=9 0 2 4 4 7 0 0 2 0 4 3 3 4 0 8 0 4 2 6 3 4 7 3 0 4 4 0 2 2
split_gain=0.451804 1.33256 2.05495 1.97548 1.58565 1.54436 1.52631 1.27956 1.17783 1.16834 1.08605 1.04479 0.975757 1.67064 0.909906 1.20305 0.775063 0.734672 0.73055 1.58063 0.720814 0.718996 1.2766 0.921291 0.821175 1.86955 0.829932 0.693253 0.633256 0.630912
threshold=-1.4491128870215986 -0.076729895149008923 -0.096890669153472692 -0.84771642895997912 0.6425217996543432 -0.17418860646293408 0.70034578611526144 0.046763703059737642 0.56205374482753911 2.1320600998353485 1.5595914788016185 -0.15292512424340945 0.40993742704794944 -1.0769838487467975 1.0894866621508073 1.0184757865176055 0.35385035637129642 -1.0540571067681157 -1.3123677628184744 -0.90990146219895396 0.69493408764608755 -0.77893620302393318 1.0000000180025095e-35 0.019279446282800355 1.9414015623555161 -1.0540571067681157 -0.98527688083207032 2.4700175506702986 0.21646240458113933 0.60545553821043763
decision_type=2 2 2 2 2 2 2 2 2 2 2 2 2 2 2 2 2 2 2 2 2 2 2 2 2 2 2 2 2 2
left_child=1 3 12 18 5 6 16 -7 17 10 14 -5 -3 -14 15 -6 -4 -8 -1 -20 -15 23 -23 -9 25 28 -26 -2 -25 -18
right_child=27 2 4 11 9 7 8 21 -10 -11 -12 -13 13 20 -16 -17 29 -19 19 -21 -22 22 -24 24 26 -27 -28 -29 -30 -31
leaf_value=0.0014121306249276237 -2.9723094276300179e-05 0.0028060668657417412 -0.00072331921770595596 0.0015366286711117811 -0.0045589247309368204 0.0057659224909577082 0.010818631434813143 -0.005155654870884911 -0.00072254096324838029 -0.0099415090376217125 0.0037167047776301421 -0.0029951231183675941 0.021196166910231115 0.0094706511923245019 0.00079347149620371973 0.0014789501794439275 0.013728748565149863 0.0030475495967261759 -0.0029706440063797259 -0.011798785193759488 -0.0011888924371932859 -0.0073323944352921989 -0.00015389624172983544 0.010926362546160818 0.0017073409693119557 -0.0072858873556783544 0.012938845093394147 -0.0044966602727992263 0.0018265796574191786 0.0064970420957035802
leaf_weight=43 53405 564 26 505 330 76 36 58 244 38 107 170 20 35 237 110 43 196 166 73 29 105 151 24 38 58 29 87 94 101
leaf_count=43 53405 564 26 505 330 76 36 58 244 38 107 170 20 35 237 110 43 196 166 73 29 105 151 24 38 58 29 87 94 101
internal_value=-9.85359e-13 0.000533883 0.00109329 -0.00107303 0.000334089 0.00143528 0.00315514 -0.000319909 0.00170271 -0.00137932 -0.000964312 0.000395299 0.00355485 0.00858236 -0.00170415 -0.00304946 0.00722195 0.00425341 -0.00458765 -0.00566711 0.00464055 -0.00115029 -0.0030982 0.000506403 0.00185784 6.44871e-05 0.00656874 -3.69882e-05 0.00367738 0.00865651
internal_weight=57198 3706 2749 957 2101 1279 646 633 476 822 784 675 648 84 677 440 170 232 282 239 64 557 256 301 243 176 67 53492 118 144
internal_count=57198 3706 2749 957 2101 1279 646 633 476 822 784 675 648 84 677 440 170 232 282 239 64 557 256 301 243 176 67 53492 118 144
is_linear=0
shrinkage=0.05


Tree=155
num_leaves=31
num_cat=0
split_feature=1 3 4 2 8 5 2 4 0 11 3 0 1 0 2 1 6 0 0 5 4 3 4 5 1 1 5 4 2 0
split_gain=0.437706 2.41302 2.92936 3.3703 3.1953 2.27115 4.39557 5.34805 2.28995 2.72494 5.61903 2.50983 2.26722 4.34208 3.57369 3.41497 3.17357 2.14883 1.88622 3.46641 4.54119 2.64189 3.47513 3.74608 2.71266 3.91396 3.71175 4.00614 2.31057 2.09886
threshold=0.48839224841713419 1.2855968839227649 -1.3521047524909802 1.3421180409045637 -1.7049705869141294 -0.56047460071664723 0.076919213403333256 -1.3291780105122986 -0.44379649577730129 -0.7500292558394458 1.5369806572815394 -0.65041253724159154 1.5158418008972561 -1.4280469313221158 1.2141058937275375 0.83216619500803923 -0.88889511337147242 1.41398531757382 -0.3182857931483965 1.4101165497556909 0.22984044403806927 0.92218737908077564 -0.34332810542897768 0.91441636237843227 0.89114889334442104 2.4107711890197381 0.91441636237843227 -0.04528045970611317 1.0279604420624799 -0.227181227882883
decision_type=2 2 2 2 2 2 2 2 2 2 2 2 2 2 2 2 2 2 2 2 2 2 2 2 2 2 2 2 2 2
left_child=1 -1 -3 -4 -5 6 -2 -8 9 10 11 -7 15 14 -14 -11 -17 -9 19 21 -21 22 23 -10 -23 26 -26 -28 -25 -20
right_child=5 2 3 4 -6 8 7 17 18 12 -12 -13 13 -15 -16 16 -18 -19 29 20 -22 24 -24 28 25 -27 27 -29 -30 -31
leaf_value=3.5010279507571627e-05 0.0052666121700895019 0.018192086681242912 0.0012598749277166817 0.0040162311987606463 0.030384271033108236 -0.021371920048994453 0.0071030962584150399 -0.01885463221528641 0.0020118689132920865 -0.0030196445778720503 0.014903165561218673 -0.0070599318983009729 0.020303319022059441 -0.0075583230204264848 -0.0015452631901888576 0.0043494178823562856 -0.0021110054417374539 -0.0072837090102086015 -0.0041338550916021777 -0.01986821227840015 0.0077184530512358135 -0.00046892320550436721 -0.0048311403476927655 0.027873040204522789 0.00057446823921054608 -0.0048220893944657985 0.010739139605451514 0.036217417707666753 0.0057594773182201957 9.0495404408683062e-05
leaf_weight=42337 80 31 524 27 20 38 43 76 140 598 26 158 27 283 61 513 302 85 302 35 26 43 117 27 20 21 27 36 21 11154
leaf_count=42337 80 31 524 27 20 38 43 76 140 598 26 158 27 283 61 513 302 85 302 35 26 43 117 27 20 21 27 36 21 11154
internal_value=2.08979e-12 7.97057e-05 0.00322301 0.00241033 0.0152367 -0.000240023 -0.00466657 -0.00856193 -0.000150066 -0.00171347 -0.00693748 -0.00983471 -0.00106339 -0.00454199 0.00515828 -0.000150049 0.00195549 -0.0127458 0.000111959 0.00307812 -0.00810996 0.00458802 0.00193423 0.00614459 0.0100942 0.0144616 0.0193406 0.0252982 0.0181984 -2.08658e-05
internal_weight=57198 42939 602 571 47 14259 284 204 13975 2006 222 196 1784 371 88 1413 815 161 11969 513 61 452 305 188 147 104 83 63 48 11456
internal_count=57198 42939 602 571 47 14259 284 204 13975 2006 222 196 1784 371 88 1413 815 161 11969 513 61 452 305 188 147 104 83 63 48 11456
is_linear=0
shrinkage=0.05


Tree=156
num_leaves=31
num_cat=0
split_feature=0 5 5 0 4 2 1 1 2 2 1 4 1 1 4 3 5 4 2 1 4 7 3 1 5 5 1 0 0 12
split_gain=0.435974 0.930269 1.31878 3.97797 2.71548 2.07742 1.10014 0.948717 0.939394 0.81236 0.787195 0.739062 0.653593 0.623481 1.26487 0.550265 0.532359 1.91825 2.18473 2.1925 2.1232 4.26715 4.06077 5.45849 6.99945 5.69166 5.35335 4.78549 6.11169 4.48722
threshold=-1.9518562126726928 1.4495693291702281 1.4101165497556909 -2.0029426460512427 0.13813347612334176 -0.37284014373611934 0.1419912124772614 0.5015000983547887 1.187566542397384 -0.57946177903377483 0.028735252584951479 0.27569392799543307 -0.20441656695412408 -2.044111721489243 -0.068207201684795479 -0.057934109616154021 0.5168783321317606 1.5137379948442546 1.9418250891524351 2.0111533611481645 0.41325437986752434 1.0000000180025095e-35 -0.30704097871923247 2.1410131259481298 0.86189575033690324 1.2655051286133518 -0.31705626842013029 -0.8695463369334262 -0.071792865959544941 -0.69978104715131473
decision_type=2 2 2 2 2 2 2 2 2 2 2 2 2 2 2 2 2 2 2 2 2 2 2 2 2 2 2 2 2 2
left_child=1 2 5 8 -5 -1 10 -7 9 -4 12 -8 -3 14 15 -2 -15 20 19 -19 21 -18 -22 24 -24 27 -27 -26 -29 -28
right_child=13 6 3 4 -6 7 11 -9 -10 -11 -12 -13 -14 16 -16 -17 17 18 -20 -21 22 -23 23 -25 25 26 29 28 -30 -31
leaf_value=0.012227320364646374 0.0047871139635228448 -0.00051574790983144022 -0.0023682882505723954 -0.032631242871284487 -0.0065760976076126108 -0.011678078997394314 0.0012707701218979701 0.0032118877512402836 0.004291912458490494 -0.012538116751238705 -0.010348955267108977 0.014700821000151338 0.0081920128400352881 -9.4552133676340571e-05 0.014530539919029584 -0.0033842977614289057 -0.00053868740050125481 -0.0016931839034593093 0.00370887539425009 -0.012349767417181284 -0.00069976259689754228 0.0014567145009117123 -0.00028423064069468129 -0.0029495743538468571 0.030663109019398688 0.011063848098378886 0.0068257296110108157 0.0032178401565861668 0.01355557104418414 -0.0014939712455604359
leaf_weight=31 45 1052 108 20 20 23 21 20 43 24 20 20 22 37109 22 38 8832 1392 185 50 1534 3846 820 391 25 167 238 290 282 508
leaf_count=31 45 1052 108 20 20 23 21 20 43 24 20 20 22 37109 22 38 8832 1392 185 50 1534 3846 820 391 25 167 238 290 282 508
internal_value=1.7112e-12 -0.000863915 -0.00339652 -0.00537807 -0.0196037 0.00236066 -0.000219048 -0.00475251 -0.0021265 -0.00421735 -0.000520404 0.00782201 -0.000337377 2.20571e-05 0.00387132 0.00104599 1.47969e-05 0.00023343 -0.00140643 -0.00206269 0.000390995 6.6638e-05 0.00135743 0.00251721 0.00343459 0.00545409 0.0029718 0.00925029 0.00831441 0.0011603
internal_weight=57198 1424 289 215 40 74 1135 43 175 132 1094 41 1074 55774 105 83 55669 18560 1627 1442 16933 12678 4255 2721 2330 1510 913 597 572 746
internal_count=57198 1424 289 215 40 74 1135 43 175 132 1094 41 1074 55774 105 83 55669 18560 1627 1442 16933 12678 4255 2721 2330 1510 913 597 572 746
is_linear=0
shrinkage=0.05


Tree=157
num_leaves=31
num_cat=0
split_feature=6 5 0 11 4 5 4 3 4 4 2 6 3 3 2 4 9 5 5 2 11 4 4 0 4 3 7 8 4 4
split_gain=0.453953 1.63011 3.4607 2.90311 8.73081 5.70702 7.93327 8.98853 2.7423 5.26489 3.69733 2.33501 2.27397 4.95152 2.13431 3.77792 4.018 4.3674 2.02157 1.98092 1.82599 3.0387 3.67056 1.80545 1.74254 2.79449 5.31051 2.15369 1.74599 1.71284
threshold=-0.50231995162864196 0.9652358749025497 -0.46560339495487107 -0.7500292558394458 -0.29747462147161352 1.2291569272765577 -0.20576765355688617 1.0292311236773288 -0.34332810542897768 -0.57259552521579626 1.2940948529682559 -0.90990146219895396 1.0678643815935354 0.0098719194403305097 0.65341366699212944 -1.397958236448344 -0.24969433409923195 0.57739941913764026 1.2655051286133518 -1.1993258588451181 -0.7500292558394458 0.71130202559038891 0.48203460580356999 -0.016899023803696612 0.16106021810202364 0.69493408764608755 -0.67566290470831769 -0.99042967103748658 -0.45796181532238694 1.5137379948442546
decision_type=2 2 2 2 2 2 2 2 2 2 2 2 2 2 2 2 2 2 2 2 2 2 2 2 2 2 2 2 2 2
left_child=1 14 3 4 12 6 7 -6 9 23 11 -11 13 -3 -1 -16 17 -17 -14 -10 21 22 -21 -4 27 -26 -27 28 -18 -5
right_child=-2 2 8 29 5 -7 -8 -9 19 10 -12 -13 18 -15 15 16 24 -19 -20 20 -22 -23 -24 -25 25 26 -28 -29 -30 -31
leaf_value=-0.00029201411416021589 0.00011561436931749872 0.010504978798787323 -0.00081708158249966807 0.00071849647998737938 -0.059821233488619334 -0.004117704804166746 -0.0029921946426232655 -0.017091904039261863 0.014968802284700081 0.0082715898948825077 -0.0058044200064614419 0.022540987476329263 0.0042821946913343773 -0.0084543713775260022 0.0085152824903189234 -0.023847438233267321 0.013837352574158175 -0.0058940560506716101 0.021335710581624881 0.00012302013577808129 0.0098771188712047514 -0.011562973327304729 0.016863594474270941 0.013953104576648912 0.011597562347343493 -0.023706193471496759 0.0030515591916825497 -0.0072874370467616249 -0.0055466432473622266 -0.002599931220787834
leaf_weight=16481 34175 57 150 3894 20 115 36 32 26 45 20 79 57 87 66 38 26 312 25 508 52 51 35 24 62 22 118 132 21 432
leaf_count=16481 34175 57 150 3894 20 115 36 32 26 45 20 79 57 87 66 38 26 312 25 508 52 51 35 24 62 22 118 132 21 432
internal_value=1.35465e-12 -0.000171616 0.000558008 -1.94202e-06 -0.00392515 -0.0114513 -0.0210351 -0.0335263 0.00324747 0.0070729 0.0141449 0.0173626 0.00283509 -0.000949629 -0.000414219 -0.00294127 -0.00397565 -0.00784328 0.00948144 0.00143721 0.000892598 0.000106075 0.00120206 0.00122019 -0.000422712 0.00276038 -0.00115323 -0.0040148 0.00517642 0.000387114
internal_weight=57198 23023 5745 4755 429 203 88 52 990 318 144 124 226 144 17278 797 731 350 82 672 646 594 543 174 381 202 140 179 47 4326
internal_count=57198 23023 5745 4755 429 203 88 52 990 318 144 124 226 144 17278 797 731 350 82 672 646 594 543 174 381 202 140 179 47 4326
is_linear=0
shrinkage=0.05


Tree=158
num_leaves=31
num_cat=0
split_feature=1 3 4 5 7 4 0 0 0 11 3 0 1 0 1 0 5 5 0 6 1 4 4 5 5 0 5 6 4 4
split_gain=0.445729 2.12002 2.64911 1.98754 2.85633 4.68432 3.45065 2.2561 2.02434 2.28745 4.7064 2.6532 1.9475 3.91352 3.09788 2.94126 2.21893 2.19741 5.42426 2.09964 1.74746 1.81759 3.17355 7.05821 4.30512 1.67492 4.07131 4.796 11.3851 4.25711
threshold=0.48839224841713419 1.2855968839227649 -1.3521047524909802 -0.56047460071664723 -0.74807555454224595 -1.3291780105122986 1.41398531757382 1.7151309929072172 -0.44379649577730129 -0.7500292558394458 1.3470610015778208 -0.65041253724159154 1.5158418008972561 -1.4280469313221158 1.0267438033308121 -1.8231731432930263 1.4101165497556909 1.0613819277844458 -0.80152611022553211 -0.50231995162864196 0.47811156476736544 -0.18284091157820473 -0.71015597708788747 1.386347522532285 1.3309652674966419 -0.034422802423110486 0.9652358749025497 0.046773696581961052 -0.04528045970611317 0.069353250187296225
decision_type=2 2 2 2 2 2 2 2 2 2 2 2 2 2 2 2 2 2 2 2 2 2 2 2 2 2 2 2 2 2
left_child=1 -1 -3 4 5 -2 -7 -6 9 10 11 -5 14 15 17 -14 -17 18 -11 -16 21 22 24 -24 -4 26 -10 -28 -29 -30
right_child=3 2 20 8 7 6 -8 -9 25 12 -12 -13 13 -15 19 16 -18 -19 -20 -21 -22 -23 23 -25 -26 -27 27 28 29 -31
leaf_value=3.8538855448997489e-05 0.007492012000875548 0.017261786607935304 0.010724011728005415 -0.022958100770571921 0.0058766289941212611 -0.021637435102692018 -0.0037418374612689545 -0.0070112618964917042 -0.001329185268402328 0.02316189123429703 0.0076334780458598697 -0.0072192487372478966 -0.0084283745689650216 -0.0071200110286049716 0.0045204910255857798 0.000567054783028585 0.01989468119643403 -0.003572224864048742 -0.00063330277339017187 -0.0028087846785183504 0.014917802769475833 -0.0011081872894346976 0.0045865343100537524 0.03529244347342423 -0.015115720974281431 -0.0001556459672878402 0.0060874744436340269 -0.013965562889392586 0.019597534438417781 0.0020402235220205616
leaf_weight=42337 32 31 27 33 84 65 46 57 728 27 47 142 28 283 413 27 33 633 212 128 26 285 172 21 40 10229 660 116 42 194
leaf_count=42337 32 31 27 33 84 65 46 57 728 27 47 142 28 283 413 27 33 633 212 128 26 285 172 21 40 10229 660 116 42 194
internal_value=-3.21146e-12 8.04329e-05 0.00302673 -0.000242213 -0.00438316 -0.00936233 -0.0142212 0.000666631 -0.00015806 -0.001628 -0.00641431 -0.0101871 -0.00103239 -0.0042564 -0.000185895 0.00495273 0.0111972 -0.00202994 0.00205486 0.00278639 0.0022539 0.00164975 0.00467286 0.00792759 -0.00470269 8.83013e-05 0.0015224 0.00357374 -0.0011395 0.00516483
internal_weight=57198 42939 602 14259 284 143 111 141 13975 2006 222 175 1784 371 1413 88 60 872 239 541 571 545 260 193 67 11969 1740 1012 352 236
internal_count=57198 42939 602 14259 284 143 111 141 13975 2006 222 175 1784 371 1413 88 60 872 239 541 571 545 260 193 67 11969 1740 1012 352 236
is_linear=0
shrinkage=0.05


Tree=159
num_leaves=31
num_cat=0
split_feature=9 4 1 4 7 5 1 2 11 2 1 5 1 8 0 5 4 4 4 5 0 0 0 0 1 8 6 8 1 1
split_gain=0.439139 1.93496 7.18035 2.93586 3.68747 5.77198 3.65004 2.16485 1.61647 4.09407 3.02359 5.36754 5.60001 2.88836 2.43946 2.09884 1.87136 2.80015 8.09377 10.7002 4.79778 2.67204 2.75774 1.98181 1.86817 1.57007 1.54345 1.5343 2.2246 2.70635
threshold=1.249578857053727 -0.71015597708788747 -0.34836112014251558 -0.48088855730106883 1.0000000180025095e-35 1.4779829372212656 -0.31705626842013029 -0.40466473137913234 1.4457311165250033 5.2373451118821626 -0.28776643054781897 1.386347522532285 -0.71410960361967124 1.0816417019878375 -1.6769597163557377 1.4101165497556909 -1.2833245265549345 -0.11406068564215872 0.046426508208614714 1.386347522532285 -0.40266444959466524 0.33407401665285102 -0.48692848521065329 -0.8536411221757757 1.63712839294973 -0.99042967103748658 0.31220406105026438 0.74730582097220966 -0.79315474346610004 0.77590047264333717
decision_type=2 2 2 2 2 2 2 2 2 2 2 2 2 2 2 2 2 2 2 2 2 2 2 2 2 2 2 2 2 2
left_child=8 2 -2 4 -3 6 -6 -4 -1 10 11 12 -10 14 -13 -11 23 21 19 -19 -21 22 -18 -12 -24 -16 -9 -5 -29 -30
right_child=1 3 7 27 5 -7 -8 26 9 15 16 13 -14 -15 25 -17 17 18 -20 20 -22 -23 24 -25 -26 -27 -28 28 29 -31
leaf_value=7.1495929104732627e-06 -0.00069989472714641269 0.00095008431073222643 -0.0048528495305420263 -0.00075301398436906182 0.011437542546086778 0.0015971556555547089 0.035099200323501077 -0.010172585679811164 0.0064041555927294063 -0.02140784320571194 -0.0018993998726364225 0.00015184977969121455 0.03483180994167924 -0.010798610457674261 -0.0011556822124735586 -0.00049711993585030239 -0.0031482360559877843 0.044124764002859591 -0.00028413200515764534 0.020083933902372206 -0.013328154181892222 0.0090515767449908194 -0.0089750366737799993 0.012126427473541458 -0.028131292439065876 0.012058539823383879 -0.022105308320928128 -0.00093180849433272732 0.0040583109279231358 -0.0043070565790653097
leaf_weight=47869 2218 329 92 3541 39 83 28 64 41 28 40 140 30 33 28 21 180 25 495 21 22 33 35 68 20 114 47 695 707 112
leaf_count=47869 2218 329 92 3541 39 83 28 64 41 28 40 140 30 33 28 21 180 25 495 21 22 33 35 68 20 114 47 695 707 112
internal_value=-1.43262e-13 -0.000344693 -0.00152368 0.000171086 0.00391228 0.0104094 0.021326 -0.0105244 5.56837e-05 0.00174657 0.00227143 0.00599675 0.0184158 0.00319752 0.00483537 -0.0124461 0.000740048 -6.46397e-05 0.00193786 0.0181127 0.00298938 -0.00427139 -0.00614227 0.00693168 -0.0159409 0.00945292 -0.0152252 -0.000183421 0.00114876 0.00291433
internal_weight=57198 7955 2421 5534 479 150 67 203 49243 1374 1325 386 71 315 282 49 939 831 563 68 43 268 235 108 55 142 111 5055 1514 819
internal_count=57198 7955 2421 5534 479 150 67 203 49243 1374 1325 386 71 315 282 49 939 831 563 68 43 268 235 108 55 142 111 5055 1514 819
is_linear=0
shrinkage=0.05


Tree=160
num_leaves=31
num_cat=0
split_feature=1 2 7 9 7 9 0 0 6 0 2 2 0 3 3 1 2 7 3 5 2 2 2 3 0 2 5 2 8 5
split_gain=0.452107 2.40424 1.7768 1.42392 4.5156 2.43212 2.05426 2.53813 2.34544 1.94333 5.38064 3.3404 2.32156 1.84985 1.82094 1.32464 1.30818 1.25161 1.25037 2.25356 1.0221 2.28 2.19405 2.7355 2.49727 1.83578 1.80167 0.977957 4.43914 0.962673
threshold=-0.92891948326137952 -1.3537541724162285 1.707859523614377 0.35001494236195146 0.50726550913191959 -0.74945206448355139 -0.78664977391242574 0.079472219010005132 1.0000000180025095e-35 -0.46560339495487107 -0.93831103799772875 -1.0028809991589975 -0.6831214313391879 -1.1785584707595622 -0.020360462190462923 -1.0497998569499571 -0.70647161328322305 -0.17418860646293408 -1.1785584707595622 -0.12103222127716169 -0.57946177903377483 -0.010662585274049808 0.32332590455841231 0.027985798291208914 -1.4824056373715422 -0.24155013499326661 1.4101165497556909 -1.1993258588451181 1.0816417019878375 -1.2122321088555645
decision_type=2 2 2 2 2 2 2 2 2 2 2 2 2 2 2 2 2 2 2 2 2 2 2 2 2 2 2 2 2 2
left_child=2 17 3 4 5 18 -7 9 -9 12 11 -11 -8 -10 -14 -12 -6 -2 -1 -20 -5 25 23 26 -25 -22 -23 28 -3 -29
right_child=1 27 -4 20 16 6 7 8 13 10 15 -13 14 -15 -16 -17 -18 -19 19 -21 21 22 -24 24 -26 -27 -28 29 -30 -31
leaf_value=0.0043272096860868439 -0.0014702954155972931 0.00058529929110354519 0.010720906529444975 0.00016132324723225271 -0.00032540557274589012 -0.00084240307181802964 0.011023692231193358 -0.011021518346387893 -0.009209288832628065 0.012430796119022286 0.00032694875052748399 0.031387102469031154 -0.00049017911424101745 0.0052648922390966446 0.014037528146097126 0.0083490031719040333 -0.008611049496879181 -0.0078081481038331227 -0.0085411268984898932 0.0029697645640879558 -0.0022856652473374514 0.0085080151488496503 -0.0042045927883009428 0.028854002164942879 0.0063729102831954756 -0.010494964179488716 -0.01196683356981902 -0.00082253036307566884 0.019280998425609951 1.6374157732039299e-05
leaf_weight=62 167 269 41 6390 79 194 76 40 27 117 122 29 213 121 24 89 120 146 106 71 290 22 64 21 30 89 21 3705 36 44417
leaf_count=62 167 269 41 6390 79 194 76 40 27 117 122 29 213 121 24 89 120 146 106 71 290 22 64 21 30 89 21 3705 36 44417
internal_value=1.02732e-12 -5.85587e-05 0.00033745 0.000286871 0.00168908 0.00276976 0.00380417 0.00485479 -0.00027904 0.00629533 0.00881675 0.0161961 0.00341947 0.00262433 0.000980981 0.00371066 -0.00532177 -0.00442661 -0.00178334 -0.00392376 -1.4745e-05 -0.00210986 0.00293608 0.00779781 0.0156298 -0.00421344 -0.00149133 -3.03265e-05 0.002792 -4.82146e-05
internal_weight=57198 48740 8458 8417 1490 1291 1052 858 188 670 357 146 313 148 237 211 199 313 239 177 6927 537 158 94 51 379 43 48427 305 48122
internal_count=57198 48740 8458 8417 1490 1291 1052 858 188 670 357 146 313 148 237 211 199 313 239 177 6927 537 158 94 51 379 43 48427 305 48122
is_linear=0
shrinkage=0.05


Tree=161
num_leaves=31
num_cat=0
split_feature=0 0 1 5 9 4 4 0 3 5 2 2 5 4 0 5 5 5 0 1 1 4 4 2 4 0 0 2 6 4
split_gain=0.436958 1.76199 1.90856 2.00431 1.95531 1.95631 1.87208 1.41804 4.18029 3.40047 2.65672 2.13635 1.65224 2.32546 1.60252 3.99596 5.66279 3.29135 7.40714 2.27181 2.16744 2.02047 2.29267 2.09736 1.86617 1.84706 1.81581 2.8418 1.75091 1.73576
threshold=0.81365309454649604 0.85193346645677892 0.95892606154816384 0.5168783321317606 -0.24969433409923195 -1.0769838487467975 -0.36625484740765951 0.60024155443359561 0.90626936441350303 0.45541128839052486 -0.43621754556502956 1.1043958128592319 1.2994638957836848 -0.36625484740765951 0.43202768883440962 1.1904917396839851 1.2994638957836848 0.9652358749025497 0.55836136915153645 1.9063929877884644 2.5770947965769744 1.1469101231853445 0.13813347612334176 0.13071806528954702 -0.20576765355688617 0.4985340507349208 0.59010491522874431 -0.28369834554687262 1.0000000180025095e-35 -1.0769838487467975
decision_type=2 2 2 2 2 2 2 2 2 2 2 2 2 2 2 2 2 2 2 2 2 2 2 2 2 2 2 2 2 2
left_child=7 2 4 -4 5 -2 -7 14 9 11 -10 -9 -11 -14 -1 17 24 20 25 -18 21 22 26 -23 -17 -19 -16 29 -26 -28
right_child=1 -3 3 -5 -6 6 -8 8 10 12 -12 -13 13 -15 15 16 19 18 -20 -21 -22 23 -24 -25 28 -27 27 -29 -30 -31
leaf_value=-9.0770957546123068e-05 -0.015842578404117375 0.0001530582690436279 0.017704752096256545 0.0018316140555701143 0.0067982846050654196 0.011662417210754939 -0.0014513688042995286 -0.00059384320927547145 0.013390289815142752 0.0068422029448296636 -0.005106274623553419 -0.010789272319174039 -0.0082846173563060187 0.010057643799033638 0.00091184154277855218 -0.02247589217602379 -0.0017352769638594335 0.0094768903508293829 0.032138804288115351 0.0097478509139345623 -0.012527549492993527 0.0037603645953519539 0.0050643386822973062 -0.0033307474609707713 -0.019697449701682978 -0.0031586194360120733 0.027576292087213097 0.00027311377856868171 -0.0032678217603825037 0.0080772265102714309
leaf_weight=39646 20 10730 43 37 128 32 182 1682 20 235 662 53 48 27 1839 36 356 61 28 49 28 144 502 378 24 55 21 57 50 25
leaf_count=39646 20 10730 43 37 128 32 182 1682 20 235 662 53 48 27 1839 36 356 61 28 49 28 144 502 378 24 55 21 57 50 25
internal_value=9.13592e-13 0.000280502 0.00337432 0.0103634 0.00182977 -0.000888048 0.000509571 -6.80869e-05 -0.00117397 -4.34539e-05 -0.00456385 -0.000905289 0.00478004 -0.0016814 1.56228e-06 0.00100365 -0.0030784 0.00167359 0.00905731 -0.00034596 0.00131846 0.00144917 0.00205228 -0.00137458 -0.0131387 0.00348592 0.00127368 0.00773398 -0.00859635 0.016979
internal_weight=57198 11172 442 80 362 234 214 46026 2727 2045 682 1735 310 75 43299 3653 515 3138 144 405 2994 2966 2444 522 110 116 1942 103 74 46
internal_count=57198 11172 442 80 362 234 214 46026 2727 2045 682 1735 310 75 43299 3653 515 3138 144 405 2994 2966 2444 522 110 116 1942 103 74 46
is_linear=0
shrinkage=0.05


Tree=162
num_leaves=31
num_cat=0
split_feature=3 4 4 9 9 5 7 7 2 2 3 2 4 4 0 2 4 3 2 2 3 2 9 9 4 4 12 8 12 0
split_gain=0.416968 0.810313 2.2632 1.06727 0.655787 0.501034 0.869615 1.21457 1.64945 2.22844 1.07515 0.908632 0.873616 1.40605 0.826535 0.82152 0.987208 1.45916 0.712923 0.685883 0.664546 0.642677 0.594606 3.05132 7.17313 5.46521 5.63993 4.35258 3.97236 12.9213
threshold=-1.9160917397235644 -0.98527688083207032 -1.2374710425975708 0.94972421882313496 0.64986958059254329 -1.3430211371129324 1.707859523614377 0.50726550913191959 -0.74428108837589979 -0.8849323242322279 -0.039318026550064562 -0.49442494890717487 0.43618112184620622 -0.20576765355688617 0.48237527457014401 -1.3537541724162285 -0.15991416959952287 -1.2726678254265216 -0.68649174333611673 -0.57946177903377483 0.039118978829466668 -1.2816315525578992 1.0000000180025095e-35 0.15011185020822368 1.3991042849508457 1.490811252865573 0.34398541387350456 0.38174988366425283 -1.0477032008262543 0.4985340507349208
decision_type=2 2 2 2 2 2 2 2 2 2 2 2 2 2 2 2 2 2 2 2 2 2 2 2 2 2 2 2 2 2
left_child=1 2 4 -4 -1 6 7 10 9 15 14 -12 13 20 21 -9 17 -17 -14 -16 -8 -2 -7 24 -24 26 27 -26 29 -25
right_child=5 -3 3 -5 -6 22 12 8 -10 -11 11 -13 18 -15 19 16 -18 -19 -20 -21 -22 -23 23 28 25 -27 -28 -29 -30 -31
leaf_value=0.0086159466677123604 0.0021722279290055197 0.00027466886352861899 -0.013953916773456952 -0.0010200696661327542 -0.0012176766687347978 -0.00010886214810651616 0.0030019473576888556 -0.00018793595200848013 0.0081671036117208686 -0.018938517441543248 -0.0025585832856703811 -0.012543097090336583 0.0050692681518103204 0.010475382777282371 -0.002163983983716563 -0.0056380156474713462 -0.0017611186392482332 -0.0211706729927322 -0.0060097140263335536 -0.012738892670882785 -0.0036106056117169633 -0.00043447057670416343 0.00073941593877301906 -0.00037403353424905544 0.01344293099146609 0.0039462022007172633 0.0034048982430249456 0.037096553567696262 0.00033800634245633257 -0.0089854092003482343
leaf_weight=21 267 265 58 22 88 28385 149 105 26 26 86 31 20 53 46 54 71 21 53 23 51 2067 3150 3801 41 310 52 37 17327 492
leaf_count=21 267 265 58 22 88 28385 149 105 26 26 86 31 20 53 46 54 71 21 53 23 51 2067 3150 3801 41 310 52 37 17327 492
internal_value=1.35955e-13 -0.00150926 -0.00401053 -0.0103971 0.000676875 1.20753e-05 -0.000600867 -0.000883225 -0.00387415 -0.00500437 -0.000523602 -0.00520405 0.00184422 0.00323456 -0.000295715 -0.00356099 -0.00598682 -0.00998716 -0.00297438 -0.00568895 0.00131575 -0.000136275 4.8089e-05 0.000224807 0.00157473 0.0075548 0.0161599 0.0246632 6.5278e-07 -0.00136094
internal_weight=57198 454 189 80 109 56744 3149 2823 303 277 2520 117 326 253 2403 251 146 75 73 69 200 2334 53595 25210 3590 440 130 78 21620 4293
internal_count=57198 454 189 80 109 56744 3149 2823 303 277 2520 117 326 253 2403 251 146 75 73 69 200 2334 53595 25210 3590 440 130 78 21620 4293
is_linear=0
shrinkage=0.05


Tree=163
num_leaves=31
num_cat=0
split_feature=9 0 0 4 2 0 4 7 0 2 4 4 0 3 2 4 4 7 2 2 2 3 8 2 4 0 4 0 2 9
split_gain=0.415502 1.19777 1.57378 2.04744 2.4612 2.16257 1.59717 1.29979 1.19724 1.32313 1.03585 0.883387 1.38321 1.28343 1.01114 0.958295 0.84515 0.828437 2.25477 1.04454 0.936979 0.823476 0.801758 1.42913 0.69828 0.668857 0.71855 0.636207 0.629929 0.539153
threshold=-1.4491128870215986 2.0936190745863663 -0.046811405019422853 -1.0540571067681157 0.44553519159904026 0.035253852697791459 -0.84771642895997912 -0.17418860646293408 1.9414015623555161 -0.66287183466056432 1.2844705750574359 1.3303240590147996 0.21568690259153481 1.0907270677046579 0.25277444238343988 0.94056944537720766 -0.75600946104525135 -0.17418860646293408 -0.072027030309520804 -0.50433632636090964 0.60545553821043763 -0.15292512424340945 -0.99042967103748658 -1.2400049951841161 -1.214544300618889 1.5653471850646683 1.0093496713132535 2.4700175506702986 1.187566542397384 -0.64950051840668743
decision_type=2 2 2 2 2 2 2 2 2 2 2 2 2 2 2 2 2 2 2 2 2 2 2 2 2 2 2 2 2 2
left_child=1 2 6 4 7 -5 22 -4 9 -7 24 15 -13 14 -14 17 -10 19 -19 -11 -20 -8 23 -1 -3 26 -17 29 -26 -2
right_child=27 10 3 5 -6 8 21 -9 16 11 -12 12 13 -15 -16 25 -18 18 20 -21 -22 -23 -24 -25 28 -27 -28 -29 -30 -31
leaf_value=7.5800792546942841e-05 -0.00029184136449317483 -0.007995178415600596 0.014052513473960635 0.0062567793098137238 0.001093804266250206 0.0053746448884928778 0.0014880605548405403 0.005536303793658214 0.011449710428714753 -0.006770766900125437 -0.008995940374110693 -0.0054868880619804543 0.010348038593163857 -0.0031312570136894161 0.0028819638335844506 -0.011128069056001933 0.0024990484260444782 0.0027071116228634153 -0.0035029793717375004 0.0015020613862407944 -0.012321620535872439 -0.0023735218116627565 -0.0020883187515110791 -0.011901457792864126 0.0022487081870860835 0.0015306434682570398 -0.0035503353778204468 -0.0043077159991445043 -0.0074638290959410372 6.7333710309403866e-05
leaf_weight=40 14251 29 73 165 226 105 505 116 35 41 56 53 65 60 150 38 107 170 264 550 34 190 220 66 101 50 177 87 20 39154
leaf_count=40 14251 29 73 165 226 105 505 116 35 41 56 53 65 60 150 38 107 170 264 550 34 190 220 66 101 50 177 87 20 39154
internal_value=2.43398e-13 0.000511986 0.00073006 0.00141049 0.00461505 0.000766161 -0.00092203 0.00882563 0.000289093 -6.78144e-05 -0.00319315 -0.000413733 0.00190926 0.0033347 0.00513915 -0.000989218 0.0047052 -0.000316318 -0.00188785 0.000928143 -0.00450913 0.000432376 -0.00380949 -0.00738174 -0.00102678 -0.00367828 -0.00488966 -3.54711e-05 0.00064333 -2.85113e-05
internal_weight=57198 3706 3500 2479 415 2064 1021 189 1899 1757 206 1652 328 275 215 1324 142 1059 468 591 298 695 326 106 150 265 215 53492 121 53405
internal_count=57198 3706 3500 2479 415 2064 1021 189 1899 1757 206 1652 328 275 215 1324 142 1059 468 591 298 695 326 106 150 265 215 53492 121 53405
is_linear=0
shrinkage=0.05


Tree=164
num_leaves=31
num_cat=0
split_feature=0 0 6 4 4 9 4 2 3 0 3 5 2 2 5 4 4 0 12 2 5 4 5 4 0 5 5 5 0 11
split_gain=0.409367 1.59717 1.55676 2.12788 1.64553 1.28128 1.5325 1.27215 1.24576 1.21689 3.74536 3.08872 2.41049 1.92738 1.44624 2.08161 1.52482 1.43374 4.59816 1.74937 1.89791 3.10049 1.87253 1.55408 1.43099 3.55431 4.98599 2.91759 6.42684 1.82158
threshold=0.81365309454649604 0.85193346645677892 0.31220406105026438 -1.2833245265549345 0.71130202559038891 -0.84940361056041536 -0.228694395535568 -1.0967371937583366 -0.11789516722603734 0.60024155443359561 0.90626936441350303 0.45541128839052486 -0.43621754556502956 1.1043958128592319 1.2994638957836848 -0.36625484740765951 0.39032763788884245 0.6184085169620398 -0.69978104715131473 2.6531584754121167 0.75215792318289665 -1.3291780105122986 1.4312047935437753 -0.66430249313052359 0.43202768883440962 1.1904917396839851 1.2994638957836848 0.9652358749025497 0.55836136915153645 1.0000000180025095e-35
decision_type=2 2 2 2 2 2 2 2 2 2 2 2 2 2 2 2 2 2 2 2 2 2 2 2 2 2 2 2 2 2
left_child=9 2 -2 -4 5 -5 -7 -3 -6 24 11 13 -12 -11 16 -16 -13 18 -14 20 21 -19 -22 -23 -1 27 -27 29 -29 -26
right_child=1 7 3 4 8 6 -8 -9 -10 10 12 14 17 -15 15 -17 -18 19 -20 -21 22 23 -24 -25 25 26 -28 28 -30 -31
leaf_value=-8.8633684850017316e-05 -0.0013799390819034529 -0.0081469465639320733 -0.0070818728738231591 0.0146704090266502 0.0081919459665904908 0.0012374902512152298 0.012906229249589765 0.00018588832546795315 -0.0034955254886626153 -0.00054581885817240282 0.01280285580083728 0.0083027382774459087 -0.027867420576512814 -0.010229773393322556 -0.0077158394555832885 0.0096380883517364676 -0.0025229010348900771 -0.022721930427683723 -0.0023496639135284535 -0.017184160141429553 0.00013566450566290114 0.0040110332292941876 -0.015310280202400118 -0.0068217541341572393 0.00057192859821149692 -0.012344331646600041 -0.00034034448398426637 0.0033396015407373041 0.030029193684458735 0.0035094871289710846
leaf_weight=39646 130 46 32 69 38 68 48 10684 57 1682 20 196 27 53 48 27 39 27 51 24 299 41 21 172 2310 110 405 116 28 684
leaf_count=39646 130 46 32 69 38 68 48 10684 57 1682 20 196 27 53 48 27 39 27 51 24 299 41 21 172 2310 110 405 116 28 684
internal_value=5.99063e-15 0.000271502 0.00321707 0.00513249 0.00652841 0.00927517 0.00606593 0.000150165 0.00117946 -6.59022e-05 -0.00109035 -2.0261e-05 -0.00429905 -0.00084164 0.00457681 -0.00146843 0.00650614 -0.00481572 -0.0111827 -0.00396533 -0.00339881 -0.00675992 -0.000877976 -0.00473657 -1.38182e-06 0.000945562 -0.0029043 0.00157739 0.00852924 0.00124303
internal_weight=57198 11172 442 312 280 185 116 10730 95 46026 2727 2045 682 1735 310 75 235 662 78 584 560 240 320 213 43299 3653 515 3138 144 2994
internal_count=57198 11172 442 312 280 185 116 10730 95 46026 2727 2045 682 1735 310 75 235 662 78 584 560 240 320 213 43299 3653 515 3138 144 2994
is_linear=0
shrinkage=0.05


Tree=165
num_leaves=31
num_cat=0
split_feature=1 2 7 9 7 9 0 0 6 0 2 2 0 3 3 1 2 3 5 2 2 2 3 0 5 2 2 3 5 3
split_gain=0.430327 1.76665 1.6108 1.33139 4.14309 2.02956 1.90804 2.41813 2.04043 1.99401 4.98427 2.81459 1.69791 1.62368 1.52182 1.38466 1.17827 1.13265 1.9478 1.12719 2.29507 1.98292 2.46777 2.25092 1.62639 1.44488 0.934014 1.24716 0.931771 1.27531
threshold=-0.93689027427078309 -1.3537541724162285 1.707859523614377 0.35001494236195146 0.50726550913191959 -0.74945206448355139 -0.81508687466811336 0.079472219010005132 1.0000000180025095e-35 -0.46560339495487107 -0.93831103799772875 -1.0028809991589975 -0.6831214313391879 -0.020360462190462923 -1.1785584707595622 -1.0497998569499571 -0.70647161328322305 -1.1785584707595622 -0.12103222127716169 -0.57946177903377483 -0.010662585274049808 0.32332590455841231 0.027985798291208914 -1.4824056373715422 1.4101165497556909 -0.24155013499326661 -1.1375814084860376 -0.95414618895673897 -0.94831105648155722 -0.66221383073629536
decision_type=2 2 2 2 2 2 2 2 2 2 2 2 2 2 2 2 2 2 2 2 2 2 2 2 2 2 2 2 2 2
left_child=2 -2 3 4 5 17 -7 9 -9 12 11 26 -8 28 -10 -12 -6 -1 -19 -5 25 22 24 -24 -22 -21 -11 -28 -14 -30
right_child=1 -3 -4 19 16 6 7 8 14 10 15 -13 13 -15 -16 -17 -18 18 -20 20 21 -23 23 -25 -26 -27 27 -29 29 -31
leaf_value=0.0043939696155454542 -0.0036967041036163337 -3.1448771718503866e-05 0.011038174271650082 0.00018109939563141654 -0.00028009561526899537 -0.0011458876440670867 0.0090927273016736931 -0.010472074332847116 -0.0088289228416979313 0.0066578145996159452 0.00031301492408154622 0.029811242852231551 -0.0034513673930601017 0.013314509329696498 0.0047929291051236524 0.0086547334836463308 -0.0083083353144650027 -0.0079264730481810649 0.0029770444609954106 -0.0026299317095902306 0.0080939730925654822 -0.0039939780806889759 0.027410177785592779 0.0060667026124428961 -0.011359444826043077 -0.0099594391505704854 0.0095115919065262601 0.023168706237629524 0.0086470962009009191 -0.0028344285049293517
leaf_weight=60 331 48637 35 6229 75 171 89 40 25 44 122 29 115 24 114 84 117 103 68 275 22 64 21 30 21 89 35 32 51 46
leaf_count=60 331 48637 35 6229 75 171 89 40 25 44 122 29 115 24 114 84 117 103 68 275 22 64 21 30 21 89 35 32 51 46
internal_value=-1.1079e-12 -5.62241e-05 0.00033453 0.000288816 0.00166681 0.00271563 0.00367318 0.00464266 -0.000520738 0.00602008 0.00866173 0.0159412 0.00320773 0.000988386 0.00234296 0.00371449 -0.0051723 -0.00151666 -0.00359057 -5.93007e-06 -0.00223774 0.00279443 0.00741632 0.0148552 -0.00140653 -0.00442204 0.0123176 0.0160344 -0.000407024 0.00320225
internal_weight=57198 48968 8230 8195 1444 1252 1021 850 179 671 346 140 325 236 139 206 192 231 171 6751 522 158 94 51 43 364 111 67 212 97
internal_count=57198 48968 8230 8195 1444 1252 1021 850 179 671 346 140 325 236 139 206 192 231 171 6751 522 158 94 51 43 364 111 67 212 97
is_linear=0
shrinkage=0.05


Tree=166
num_leaves=31
num_cat=0
split_feature=0 6 2 5 4 2 4 3 1 4 0 2 3 3 2 5 4 4 5 1 0 3 2 12 1 1 4 6 6 7
split_gain=0.402072 0.811157 1.23822 1.46998 2.3583 0.574911 4.27617 0.798109 1.59373 0.887261 0.826033 0.64704 0.695699 0.588747 1.0318 0.524277 1.74279 2.09193 4.05996 5.82688 7.04818 2.95874 7.96811 4.97555 4.17923 3.8726 6.46037 3.57891 2.85017 2.8032
threshold=-1.9518562126726928 -0.88889511337147242 -0.6524015819752208 1.4312047935437753 0.13813347612334176 -0.25224536328840114 0.43618112184620622 1.5767137871784713 -0.10140375400988798 -0.022353717727431312 -2.1790889757038063 -0.89070618829176407 0.99269473000008912 0.1917146394128795 -1.0238114774627205 0.5168783321317606 1.5137379948442546 -0.022353717727431312 1.4779829372212656 -0.31705626842013029 -1.8581196697814495 1.5767137871784713 2.9313461519999118 1.0000000180025095e-35 2.0111533611481645 1.5928914074645542 1.3532508009934816 -0.50231995162864196 0.31220406105026438 1.0000000180025095e-35
decision_type=2 2 2 2 2 2 2 2 2 2 2 2 2 2 2 2 2 2 2 2 2 2 2 2 2 2 2 2 2 2
left_child=1 5 -3 -4 -5 11 7 8 9 -7 -9 13 -13 -1 -15 -2 17 29 19 20 -19 22 -21 24 25 -23 28 -25 -27 -17
right_child=15 2 3 4 -6 6 -8 10 -10 -11 -12 12 -14 14 -16 16 -18 18 -20 21 -22 23 -24 27 -26 26 -28 -29 -30 -31
leaf_value=-0.00050387907501699689 -8.751578217446668e-05 0.0009681168034968695 0.00037537386330465479 -0.025496358051896095 -0.0052038010860020979 -0.0075620146328583358 0.0209704220509873 -0.0021763935511888463 -0.016944266292266547 0.006837604239421047 0.0084329914861882571 -0.0043262112257719271 0.0036338843812700364 0.013176854061153296 -0.00141039905698832 -0.00057953707794416727 -0.0013260901486070234 0.035808746055478145 -0.0010213839580010201 0.0020283957160548722 0.0060585355230588257 0.0023377814451376574 0.030963523208871874 -0.00063367148338965419 -0.00061940894517996826 0.021725173568702304 0.033407974243164065 -0.00972242604431218 -0.00074072928837267684 0.0011660595651435835
leaf_weight=816 37114 71 36 22 41 20 26 43 20 23 32 193 32 22 27 7405 1627 21 1648 2755 383 194 24 226 734 20 31 208 48 3336
leaf_count=816 37114 71 36 22 41 20 26 43 20 23 32 193 32 22 27 7405 1627 21 1648 2755 383 194 24 226 734 20 31 208 48 3336
internal_value=7.03839e-13 -0.000829645 -0.00407074 -0.00768447 -0.0122901 -0.000390262 0.00236976 -0.00113471 -0.0052835 0.000140107 0.00235028 -0.000805532 -0.00319411 -0.000184226 0.00513898 2.11822e-05 0.000237378 0.000386721 0.0011107 0.0018673 0.00760496 0.0013206 0.00227829 -0.000501023 0.00139579 0.00644411 0.0144909 -0.00498957 0.00586689 -3.73799e-05
internal_weight=57198 1424 170 99 63 1254 164 138 63 43 75 1090 225 865 49 55774 18660 17033 6292 4644 404 4240 2779 1461 1027 293 99 434 68 10741
internal_count=57198 1424 170 99 63 1254 164 138 63 43 75 1090 225 865 49 55774 18660 17033 6292 4644 404 4240 2779 1461 1027 293 99 434 68 10741
is_linear=0
shrinkage=0.05


Tree=167
num_leaves=31
num_cat=0
split_feature=1 3 2 7 0 0 1 9 2 5 2 1 0 2 0 7 11 8 5 2 7 0 3 2 7 3 0 2 1 3
split_gain=0.420474 1.89152 2.43011 2.73661 2.0358 3.53753 2.71715 2.07505 1.81132 1.79965 3.60703 2.94626 1.81817 2.32909 2.19347 2.07979 2.6278 2.01885 4.35725 2.60224 1.76799 2.2117 1.75906 1.74456 2.51216 1.8219 1.74006 2.25847 4.43406 2.63643
threshold=0.48839224841713419 1.2855968839227649 1.3421180409045637 1.0000000180025095e-35 0.42398323656940784 0.63639948041121164 -0.29553683731976127 0.44996648843881543 0.59225161472158072 -0.56047460071664723 0.076919213403333256 1.1654871448255828 -0.44379649577730129 -0.13930444464262279 -0.6271509910208567 -0.17418860646293408 -0.7500292558394458 -0.99042967103748658 0.9652358749025497 0.025497398812196384 -0.74807555454224595 1.4432099063444663 0.63708671691225505 -0.43621754556502956 -0.080597219688208724 0.65220461561693199 -0.94767540448987975 0.44553519159904026 1.0267438033308121 0.30143366214216277
decision_type=2 2 2 2 2 2 2 2 2 2 2 2 2 2 2 2 2 2 2 2 2 2 2 2 2 2 2 2 2 2
left_child=1 -1 4 -4 7 6 -6 -3 -7 10 -2 20 13 23 15 16 -15 -16 22 -20 21 -12 -19 -11 25 -25 -18 -28 29 -29
right_child=9 2 3 -5 5 8 -8 -9 -10 12 11 -13 -14 14 17 -17 26 18 19 -21 -22 -23 -24 24 -26 -27 27 28 -30 -31
leaf_value=3.8548979363417496e-05 0.0048225952067878098 0.0072942265637472962 0.027779557232279331 0.0035635051184466911 0.0265857040308989 -0.0013139039806211023 0.0075020185375416831 -0.0036545370708723221 0.010338088475345147 -0.0009735975192696159 -0.020930002616951243 0.0042766563008005574 7.8304348046485635e-05 -0.013931664854559737 0.00088097538715737754 -0.001948603402040498 -0.0010153303668919273 -0.0089609165751450767 0.010018914096106432 -0.0038540795777568266 -0.0042413995792003334 -0.0056352507227506394 -0.021871662503335536 -0.026455650955502841 -0.0016484045344193213 -0.0097176187048741702 0.010870877159906233 -0.012279092661337927 0.0076551147628315663 0.0024824113385025683
leaf_weight=42337 80 55 20 28 26 162 66 203 42 74 60 41 11969 24 200 546 189 74 38 306 64 39 41 29 44 37 111 60 172 61
leaf_count=42337 80 55 20 28 26 162 66 203 42 74 60 41 11969 24 200 546 189 74 38 306 64 39 41 29 44 37 111 60 172 61
internal_value=-1.91323e-12 7.8121e-05 0.00286111 0.0136535 0.00192603 0.00475577 0.0128952 -0.0013205 0.00108504 -0.000235251 -0.00417561 -0.00770432 -0.000155175 -0.00154825 -0.00100683 0.000299083 0.00228812 -0.0033115 -0.00513829 -0.0023216 -0.0107179 -0.0149048 -0.0135639 -0.00690947 -0.0109027 -0.0170722 0.00294457 0.0047971 0.00249611 -0.00483734
internal_weight=57198 42939 602 48 554 296 92 258 204 14259 284 204 13975 2006 1822 1163 617 659 459 344 163 99 115 184 110 66 593 404 293 121
internal_count=57198 42939 602 48 554 296 92 258 204 14259 284 204 13975 2006 1822 1163 617 659 459 344 163 99 115 184 110 66 593 404 293 121
is_linear=0
shrinkage=0.05


Tree=168
num_leaves=31
num_cat=0
split_feature=1 2 4 5 9 4 9 2 2 11 3 5 2 8 2 0 4 6 0 4 3 2 4 9 4 0 3 2 4 4
split_gain=0.398191 1.92623 1.63014 1.09296 1.05692 2.49882 2.5453 2.78106 4.88593 4.73312 2.64753 1.67897 1.54886 1.42417 1.40551 1.50471 1.36729 1.39209 1.34518 1.12064 0.979661 0.943958 2.71719 0.897908 0.890017 1.78603 0.883017 0.861171 3.23451 2.15223
threshold=-0.92891948326137952 -1.3537541724162285 -1.397958236448344 -0.12103222127716169 0.35001494236195146 -1.1916175586402071 -0.74945206448355139 -0.97714768088547088 -1.0093716446251595 -0.7500292558394458 -0.15292512424340945 1.0000000180025095e-35 0.24377534908475373 0.21070812337056413 -0.45892226214451787 -0.49693428890860275 1.0552031552706171 -0.88889511337147242 0.79024895926192718 0.6425217996543432 -0.95414618895673897 -1.3123677628184744 0.046426508208614714 -0.54954897232982358 -0.52674204125843294 -0.44379649577730129 -0.80878427366815775 -0.57946177903377483 0.069353250187296225 0.023499766229932856
decision_type=2 2 2 2 2 2 2 2 2 2 2 2 2 2 2 2 2 2 2 2 2 2 2 2 2 2 2 2 2 2
left_child=4 2 -2 26 5 14 11 8 24 -10 16 20 13 -12 15 -1 19 -18 27 23 -7 22 -3 -9 -8 -26 -4 -6 29 -29
right_child=1 21 3 -5 18 6 7 10 9 -11 12 -13 -14 -15 -16 -17 17 -19 -20 -21 -22 -23 -24 -25 25 -27 -28 28 -30 -31
leaf_value=0.0025837742596243819 0.0094905039428600253 0.0005294112078781712 -0.0032373782969267679 0.0023299795128299263 0.0001696557904008584 -0.0016368633558397319 0.00027718557140146309 -0.0083079529039206956 0.031628752127289772 0.0037396295927464964 0.00098054752346466898 0.0027864682751421177 -0.0037349565862454118 0.0092434240597867763 -0.0059218493558000776 0.011785338349574152 -0.0034490645718383232 -0.015930550856865011 0.0096983702025479745 0.010179320799017495 -0.009590178974662503 -3.9369078002762529e-05 0.021330933247227221 -0.00049410077223802865 0.0018381724562856671 0.01606569121067878 -0.0092044142371554283 -0.00014912480017645411 -0.0067762927806286734 0.013500804966315628
leaf_weight=75 21 73 124 44 6395 61 157 42 32 29 88 65 52 128 20 109 74 32 36 22 106 48334 20 295 71 32 124 296 209 32
leaf_count=75 21 73 124 44 6395 61 157 42 32 29 88 65 52 128 20 109 74 32 36 22 106 48334 20 295 71 32 124 296 209 32
internal_value=3.08245e-13 -5.49561e-05 -0.00396474 -0.00493241 0.00031669 0.00152539 0.000709863 0.00175348 0.00563458 0.01837 5.38494e-05 -0.00403141 0.00401205 0.00587707 0.00666641 0.0080347 -0.00222743 -0.00721706 5.82276e-05 -0.000754175 -0.00668508 -2.96859e-05 0.00500286 -0.00146793 0.00264666 0.00625837 -0.0062209 8.16336e-06 -0.00191501 0.00118258
internal_weight=57198 48740 313 292 8458 1490 1286 1054 321 61 733 232 268 216 204 184 465 106 6968 359 167 48427 93 337 260 103 248 6932 537 328
internal_count=57198 48740 313 292 8458 1490 1286 1054 321 61 733 232 268 216 204 184 465 106 6968 359 167 48427 93 337 260 103 248 6932 537 328
is_linear=0
shrinkage=0.05


Tree=169
num_leaves=31
num_cat=0
split_feature=6 0 0 5 6 4 4 0 5 3 2 4 2 3 5 5 4 4 4 0 2 0 6 4 6 4 4 6 2 4
split_gain=0.400283 1.43915 2.1279 2.89777 1.97325 2.91407 3.41018 1.36592 1.80262 1.51655 1.2467 2.93968 4.21492 2.08001 1.09001 3.33821 3.65937 3.75733 4.34114 5.21822 8.64061 2.73289 3.18755 2.64643 2.62109 2.5419 5.41297 7.72885 9.45655 4.49681
threshold=-0.50231995162864196 -1.5143630514267346 -1.4024432921654559 1.386347522532285 0.046773696581961052 1.0000000180025095e-35 0.16106021810202364 0.30227715048109216 0.5168783321317606 2.202591650424965 -0.59802044817242195 0.18398696008070553 -0.032936269796758198 1.2593885293927383 0.9652358749025497 1.1065214618131212 -1.2374710425975708 -0.34332810542897768 0.32154741195279685 -0.076729895149008923 0.70506129640051507 -0.40266444959466524 -0.90990146219895396 1.5825182207803004 -0.88889511337147242 -0.38918158938634145 -0.18284091157820473 -1.0557360505944642 -0.36369958355113674 -0.57259552521579626
decision_type=2 2 2 2 2 2 2 2 2 2 2 2 2 2 2 2 2 2 2 2 2 2 2 2 2 2 2 2 2 2
left_child=7 10 3 -3 -5 -6 -7 14 -9 -10 -2 13 -13 -12 -1 16 -16 21 24 20 23 22 -18 -20 -19 29 27 28 -27 -17
right_child=1 2 -4 4 5 6 -8 8 9 -11 11 12 -14 -15 15 25 17 18 19 -21 -22 -23 -24 -25 -26 26 -28 -29 -30 -31
leaf_value=-0.00031112102916169338 -0.00028584008002718924 0.016847508303964368 0.00010038989139295556 -6.0413790478170936e-05 -0.0070706169692460784 0.027632634548677339 0.0046349337091669439 -0.0051782862785919766 0.0056626259803727094 -0.0083849436640739457 -0.0079514327697159555 -0.0085843595637318994 0.013450662479461993 -0.026505963018406992 -0.0037384816195363255 0.00036645621193601358 0.013177171674832492 -0.0063330272592569074 0.016581170213801132 0.031425858577713371 -0.0063312615473987534 0.018783299372413419 -0.0034019638171267452 -0.00066841067496820224 0.0072427460735544876 0.0027521874760098471 -0.00020064716083368516 -0.0027201377771044564 -0.034828279981825576 0.0069653738127203801
leaf_weight=16960 183 39 33475 228 22 27 40 284 83 25 44 60 34 23 142 1623 71 146 108 20 100 71 49 28 47 26 2661 225 47 307
leaf_count=16960 183 39 33475 228 22 27 40 284 83 25 44 60 34 23 142 1623 71 146 108 20 100 71 49 28 47 26 2661 225 47 307
internal_value=1.05431e-12 0.000108565 0.000141283 0.00398653 0.00240426 0.00871826 0.0139027 -0.000161152 -0.0030874 0.00241087 -0.00310915 -0.00631826 -0.000614245 -0.0143209 -0.000110466 0.000489625 0.00352284 0.00513395 0.00263525 0.00690407 0.00482595 0.0110078 0.00640736 0.0130298 -0.00302701 4.45956e-06 -0.000916298 -0.00730672 -0.0214435 0.00141613
internal_weight=57198 34175 33831 356 317 89 67 23023 392 108 344 161 94 67 22631 5671 782 640 449 256 236 191 120 136 193 4889 2959 298 73 1930
internal_count=57198 34175 33831 356 317 89 67 23023 392 108 344 161 94 67 22631 5671 782 640 449 256 236 191 120 136 193 4889 2959 298 73 1930
is_linear=0
shrinkage=0.05


Tree=170
num_leaves=31
num_cat=0
split_feature=9 3 5 8 2 4 7 4 4 0 4 5 2 0 2 3 3 2 6 4 0 2 7 3 4 5 3 5 7 11
split_gain=0.403451 1.84659 1.93277 1.57682 1.82252 8.15421 5.85524 4.40614 4.13673 10.3577 4.67743 3.9377 3.89186 3.24438 2.97283 2.87644 2.37209 2.75707 2.19809 3.09404 5.61984 5.11047 1.96066 1.95258 1.59375 1.5686 1.49416 1.44198 1.41327 1.34173
threshold=1.249578857053727 2.8180227285006008 1.4495693291702281 -1.7049705869141294 -0.43621754556502956 0.13813347612334176 -0.080597219688208724 0.25276718601675113 0.75715550954775257 -0.21970742502192073 0.32154741195279685 1.4651726809124612 1.2141058937275375 -1.5531776930915278 0.10233983053015307 1.6241332329595262 1.6725078410514487 0.016669285071755375 1.7136308150948316 -0.022353717727431312 -1.5143630514267346 0.35639803499597861 -0.44313593596502393 -0.020360462190462923 -1.2833245265549345 1.4651726809124612 0.039118978829466668 1.4779829372212656 -0.17418860646293408 1.4457311165250033
decision_type=2 2 2 2 2 2 2 2 2 2 2 2 2 2 2 2 2 2 2 2 2 2 2 2 2 2 2 2 2 2
left_child=29 3 -3 27 15 13 8 14 9 10 28 -11 16 23 -8 26 17 -9 19 21 -21 24 25 -6 -15 -10 -5 -2 -7 -1
right_child=1 2 -4 4 5 6 7 12 22 11 -12 -13 -14 18 -16 -17 -18 -19 -20 20 -22 -23 -24 -25 -26 -27 -28 -29 -30 -31
leaf_value=9.1554261663706725e-06 0.003988550840939924 0.0016822965815663339 0.019713625785611248 -6.5344337955181651e-05 -0.011331493414227706 -0.0092229725510281114 -0.00272075766697526 -0.0018377942023910104 -0.0021617840724502458 0.013397372966366157 0.0079921427247997539 0.043044496356742457 -0.02295121645667788 0.0035986717010382564 0.024541065935045483 0.016029931018473925 0.0060086963070166664 -0.012282597288584053 -0.020313258368808491 -0.01389171799103049 0.015824314724460883 -0.02493470908218139 0.0020577620511957376 -0.028917086414164968 -0.0071814393257833833 -0.01498640929961479 -0.0028182395971115839 -0.00022712833950265453 0.0037480283163798356 0.0015938821888073018
leaf_weight=47869 370 42 23 5156 38 70 20 136 64 21 193 24 33 45 20 27 43 118 26 26 41 37 149 27 144 38 545 449 30 1374
leaf_count=47869 370 42 23 5156 38 70 20 136 64 21 193 24 33 45 20 27 43 118 26 26 41 37 149 27 144 38 545 449 30 1374
internal_value=-1.4413e-12 -0.00033039 0.00806261 -0.000399534 -0.000640095 -0.00229789 0.000167468 -0.00476188 0.003264 0.00687494 0.00344477 0.0292092 -0.00666152 -0.00845485 0.0109102 -0.000251405 -0.00485156 -0.0066901 -0.00638026 -0.00514389 0.00429272 -0.00794147 -0.00159853 -0.0186363 -0.00461475 -0.00693959 -0.000328514 0.00167739 -0.00533167 5.33732e-05
internal_weight=57198 7955 65 7890 7071 1343 959 370 589 338 293 45 330 384 40 5728 297 254 319 293 67 226 251 65 189 102 5701 819 100 49243
internal_count=57198 7955 65 7890 7071 1343 959 370 589 338 293 45 330 384 40 5728 297 254 319 293 67 226 251 65 189 102 5701 819 100 49243
is_linear=0
shrinkage=0.05


Tree=171
num_leaves=31
num_cat=0
split_feature=1 0 0 11 11 4 1 2 5 4 4 1 9 4 5 4 6 2 2 0 0 5 0 5 8 0 1 1 2 5
split_gain=0.419101 2.29481 3.51521 2.44227 2.82184 2.39061 1.94469 3.67815 3.1357 1.93196 2.03201 3.10605 1.8067 2.84123 1.99691 3.2057 3.57643 3.29347 3.17057 3.16612 2.22478 1.97293 1.82224 1.76755 1.74554 2.13525 1.54247 1.90308 1.77843 3.01066
threshold=0.29298397875841897 -0.4135184651389277 -0.35234543108220923 -1.4819493799609287 -0.7500292558394458 -1.0999105907254794 1.9063929877884644 3.621925625133366 1.3599459555339253 -0.29747462147161352 -0.228694395535568 0.81614636192080015 -0.34964588017609582 -1.397958236448344 1.4312047935437753 0.16106021810202364 0.046773696581961052 2.1621874656600508 0.63728537065392177 -1.309756144925265 -0.43325522307546688 1.4779829372212656 -1.0211547350641845 1.4495693291702281 1.0816417019878375 -0.65041253724159154 0.632069458792616 0.37366801459233207 0.44553519159904026 1.1065214618131212
decision_type=2 2 2 2 2 2 2 2 2 2 2 2 2 2 2 2 2 2 2 2 2 2 2 2 2 2 2 2 2 2
left_child=-1 3 5 -2 9 -3 8 -8 -7 -5 11 -11 13 -6 20 16 -16 21 22 -20 24 -18 -17 -21 25 26 27 -14 29 -28
right_child=1 2 -4 4 12 6 7 -9 -10 10 -12 -13 14 -15 15 18 17 -19 19 23 -22 -23 -24 -25 -26 -27 28 -29 -30 -31
leaf_value=9.202797691136008e-05 0.013108086786451168 0.01415409486119946 -8.0474778517760582e-05 -0.0028957270048613824 0.0078177822579164058 0.0032031067015894504 -0.0027977127605117859 0.026520659126665281 -0.016651359883094716 -0.03180420259013772 -0.0054473365892814749 -0.0076715592411346735 0.0068018050532555208 -0.0085029056914208926 -0.023332391447069029 -0.0077927527391941772 0.012782718302817861 -0.021218832972503845 0.010225337086077989 -0.0099288136921013188 0.012487343932217402 -0.0065975462969649458 0.0034819697303949703 0.0027615643948700058 -0.0096800876214452412 -0.0022473813292048983 0.017208882568283353 -0.0036358969735820722 0.0015067589272421823 0.0027270062279993036
leaf_weight=39114 28 60 15168 169 32 207 20 23 22 24 69 30 55 160 38 176 24 21 89 46 36 29 45 68 46 549 54 212 477 107
leaf_count=39114 28 60 15168 169 32 207 20 23 22 24 69 30 55 160 38 176 24 21 89 46 36 29 45 68 46 549 54 212 477 107
internal_value=4.74379e-13 -0.000199048 3.09251e-05 -0.00157853 -0.00173942 0.00512042 0.0031277 0.0128842 0.00129569 -0.00636538 -0.0111326 -0.0183972 -0.00114278 -0.00578279 -0.000712818 -0.00334047 -0.010864 -0.00446134 -0.00135311 0.00315821 0.000204121 0.00217842 -0.00549699 -0.00235911 -9.0676e-05 0.000212703 0.00170506 -0.00148581 0.00304043 0.00758428
internal_weight=57198 18084 15500 2584 2556 332 272 43 229 292 123 54 2264 192 2072 536 112 74 424 203 1536 53 221 114 1500 1454 905 267 638 161
internal_count=57198 18084 15500 2584 2556 332 272 43 229 292 123 54 2264 192 2072 536 112 74 424 203 1536 53 221 114 1500 1454 905 267 638 161
is_linear=0
shrinkage=0.05


Tree=172
num_leaves=31
num_cat=0
split_feature=1 3 2 7 9 5 5 2 1 7 0 0 2 1 0 2 0 1 1 1 2 0 0 0 3 3 6 5 0 5
split_gain=0.38816 1.70867 2.09152 2.4837 1.83421 3.32065 1.62184 3.264 2.45067 1.95464 1.99502 1.5207 1.80144 1.87938 3.23636 2.93104 2.1671 1.98028 1.86384 1.66527 1.59488 1.95238 2.80634 3.22239 1.66525 2.35701 1.56202 1.56063 1.39616 2.71726
threshold=0.48839224841713419 1.2855968839227649 1.3421180409045637 1.0000000180025095e-35 1.0000000180025095e-35 0.20240432756025048 -0.56047460071664723 0.060324798947414611 1.1654871448255828 -0.74807555454224595 1.4432099063444663 -0.44379649577730129 -0.096890669153472692 1.5158418008972561 -1.4280469313221158 1.2141058937275375 -1.1752500972272226 1.0267438033308121 2.2856574753752823 1.2529841054394582 0.44553519159904026 -0.6271509910208567 -0.94767540448987975 -0.88899551609493488 1.4372772728448771 1.9298277118313358 -0.88889511337147242 1.2655051286133518 -0.3182857931483965 1.4101165497556909
decision_type=2 2 2 2 2 2 2 2 2 2 2 2 2 2 2 2 2 2 2 2 2 2 2 2 2 2 2 2 2 2
left_child=1 -1 4 -4 5 -3 7 -2 9 10 -9 12 -8 17 15 -15 -16 20 -18 -19 21 22 -14 -24 -22 -26 -21 -25 29 -13
right_child=6 2 3 -5 -6 -7 11 8 -10 -11 -12 28 13 14 16 -17 18 19 -20 26 24 -23 23 27 25 -27 -28 -29 -30 -31
leaf_value=3.744842236622889e-05 0.0056800129159645584 0.00031615089148767672 0.02618995873257518 0.0031200111535976509 -3.7295276928423526e-05 0.014634808694835808 -0.0058894818965827336 -0.019879215296047428 0.0040638401689825623 -0.0035350010196629963 -0.0053529732191982945 0.0039522538379164916 -0.0067030956643231391 0.018445733687482202 -0.021335656495521899 -0.001603098272357411 -0.0074994214309325406 0.0047688851243935081 0.0027668273325876466 0.0016088937575610856 -0.0049891703074873596 -0.003112604249909055 0.022310078907757998 0.00062697614458474252 0.0095913678583390317 -0.0048788888713655375 -0.0069518122977266714 0.014001320970469508 -5.0761063951669648e-05 -0.0072901847894440881
leaf_weight=42337 67 98 20 28 387 69 203 60 41 77 39 452 44 26 23 61 210 298 56 205 388 160 30 88 53 60 72 29 11456 61
leaf_count=42337 67 98 20 28 387 69 203 60 41 77 39 452 44 26 23 61 210 298 56 205 388 160 30 88 53 60 72 29 11456 61
internal_value=-8.84276e-14 7.50591e-05 0.00272012 0.0127325 0.00185262 0.00623224 -0.00022603 -0.00396667 -0.00694515 -0.00950974 -0.0141568 -0.000150013 -0.00142404 -0.000921277 -0.00406611 0.00438851 -0.00661127 -9.26466e-05 -0.00533811 0.00217464 -0.0016228 0.000961714 0.00437476 0.00769058 -0.00343351 0.00190805 -0.000616272 0.00394198 6.3514e-05 0.00261543
internal_weight=57198 42939 602 48 554 167 14259 284 217 176 99 13975 2006 1803 376 87 289 1427 266 575 852 351 191 147 501 113 277 117 11969 513
internal_count=57198 42939 602 48 554 167 14259 284 217 176 99 13975 2006 1803 376 87 289 1427 266 575 852 351 191 147 501 113 277 117 11969 513
is_linear=0
shrinkage=0.05


Tree=173
num_leaves=31
num_cat=0
split_feature=6 5 0 5 2 4 4 1 1 4 0 3 6 3 0 11 4 5 4 3 6 5 4 8 4 1 1 2 5 1
split_gain=0.385003 1.24466 2.46972 2.3887 3.09313 2.63651 4.53003 2.47403 2.23 2.15068 3.68577 2.98589 2.27315 2.16912 2.05358 1.96793 7.25991 4.82296 5.35037 9.04064 3.99188 1.94731 3.63114 4.18845 1.89841 1.87157 2.33673 2.23145 3.05521 2.62551
threshold=-0.50231995162864196 0.9652358749025497 -0.46560339495487107 1.2994638957836848 0.43478786801188235 -0.41210833136502373 -0.71015597708788747 -0.34836112014251558 -0.042365153643459989 1.4220310269295273 -0.638462861730001 0.3252125093176112 -1.0557360505944642 -0.12653211735774952 0.60024155443359561 -0.7500292558394458 -0.29747462147161352 1.2655051286133518 -0.228694395535568 1.0907270677046579 -1.0557360505944642 0.63686081757465307 -1.2833245265549345 -0.99042967103748658 -0.13698742762084057 1.5526340078511252 1.0267438033308121 0.63728537065392177 1.4312047935437753 -0.3398219134466795
decision_type=2 2 2 2 2 2 2 2 2 2 2 2 2 2 2 2 2 2 2 2 2 2 2 2 2 2 2 2 2 2
left_child=1 8 15 5 7 6 -4 -5 9 21 -11 12 -12 -14 -10 16 -3 18 19 -18 -20 -1 23 -23 -9 26 27 28 29 -17
right_child=-2 2 3 4 -6 -7 -8 24 14 10 11 -13 13 -15 -16 25 17 -19 20 -21 -22 22 -24 -25 -26 -27 -28 -29 -30 -31
leaf_value=-0.0003536611188014497 0.00010647268646038367 0.0029409256410904525 -0.0024108795472895916 -0.0046455117213524515 -0.0067759856735154674 0.0027165122022581975 0.01600058507019033 0.012893435210654778 -0.0013246565552675128 -0.0015385769149087642 -0.00097618153733109413 0.023279267409816385 0.0078942667614508577 0.0010447752529742301 -0.017386654354631902 0.008191689717582001 -0.055613715075887742 -0.0021874990133742681 0.008675164599781451 -0.010899379146912207 -0.018139660624521121 0.031146388873457911 0.0013157298119410171 0.0012873384595403206 -0.00065490370843468643 -0.0065401410808805949 0.0048981690414698935 -0.0037261490210637148 -0.00032409240542718374 0.0016434739582807713
leaf_weight=11830 34175 226 49 61 130 534 105 70 3980 452 190 20 323 180 20 193 20 99 23 26 35 24 236 23 41 97 280 336 2680 740
leaf_count=11830 34175 226 49 61 130 534 105 70 3980 452 190 20 323 180 20 193 20 99 23 26 35 24 236 23 41 97 280 336 2680 740
internal_value=-3.12422e-13 -0.000158046 0.000479505 0.0027515 -0.000955513 0.0043787 0.0101424 0.00344368 -0.000370035 -5.82614e-05 0.00199363 0.00423285 0.00368316 0.00544316 -0.00140497 6.47236e-06 -0.00322361 -0.0100866 -0.0176059 -0.0303404 -0.0075062 -0.000255608 0.00384323 0.0165345 0.00788909 0.000326793 0.000484299 0.000171338 0.000533794 0.00299804
internal_weight=57198 23023 5745 990 302 688 154 172 17278 13278 1165 713 693 503 4000 4755 429 203 104 46 58 12113 283 47 111 4326 4229 3949 3613 933
internal_count=57198 23023 5745 990 302 688 154 172 17278 13278 1165 713 693 503 4000 4755 429 203 104 46 58 12113 283 47 111 4326 4229 3949 3613 933
is_linear=0
shrinkage=0.05


Tree=174
num_leaves=31
num_cat=0
split_feature=9 0 0 4 4 0 2 7 7 4 2 3 0 4 6 4 0 8 6 8 2 2 4 2 0 1 0 3 2 3
split_gain=0.389258 1.09223 1.37591 1.61515 1.61086 1.35689 1.14153 1.71449 1.47632 0.936681 0.877718 0.86063 0.780138 0.978967 1.63853 1.12462 0.82376 0.771145 0.71729 0.715372 0.641301 0.621577 0.613606 0.611968 0.725973 0.589337 0.572619 0.554971 0.54707 0.529458
threshold=-1.4491128870215986 2.0936190745863663 -0.076729895149008923 -0.77893620302393318 -0.84771642895997912 0.018766739333797907 0.77979098197706331 -0.17418860646293408 -0.74807555454224595 1.3073973170361175 -0.6161824404863302 -0.15292512424340945 1.0894866621508073 1.3303240590147996 0.046773696581961052 0.91764270339852583 0.53165644211467633 1.0000000180025095e-35 -0.90990146219895396 1.0816417019878375 0.19727693808866723 0.2887373728673252 -1.214544300618889 -0.27314621182295806 -0.13280897003702882 0.1419912124772614 2.4700175506702986 0.51464802931429421 1.187566542397384 -0.34142407898159827
decision_type=2 2 2 2 2 2 2 2 2 2 2 2 2 2 2 2 2 2 2 2 2 2 2 2 2 2 2 2 2 2
left_child=1 2 4 6 23 -5 7 8 25 22 -7 -6 13 15 19 16 18 -8 29 -15 -16 -10 -3 24 -1 -4 -2 -9 -24 -12
right_child=26 9 3 5 11 10 17 27 21 -11 12 -13 -14 14 20 -17 -18 -19 -20 -21 -22 -23 28 -25 -26 -27 -28 -29 -30 -31
leaf_value=-0.0014421878243734976 -2.7729805977096422e-05 -0.0076057871057981109 0.010885353181511164 0.0053288073000956832 0.0014495583421159951 0.004661575761021614 -0.0035525682790424023 0.0030198664757654114 0.019655375690622767 -0.0087710714749640456 -0.00041454549374051212 -0.0026634532069403898 0.0015407222166137274 -0.0036543171913460053 0.014413305418565871 -0.0049364821125681586 -0.0028560401787298181 0.0025908949655786273 0.0020746535668733752 0.0034381785811109576 0.0047049677720448629 0.010225879925522298 0.0019294770294856372 -0.010079618296711832 -0.0074416113725509232 0.0010878816650912279 -0.0040874562928742125 -0.0037903451701188744 -0.0071001695276936526 -0.0086207652014905004
leaf_weight=174 53405 29 20 134 505 99 85 320 22 53 61 170 457 108 22 208 259 128 279 53 75 85 104 37 71 66 87 33 20 29
leaf_count=174 53405 29 20 134 505 99 85 320 22 53 61 170 457 108 22 208 259 128 279 53 75 85 104 37 71 66 87 33 20 29
internal_value=-8.1329e-13 0.000495553 0.000703798 0.00131195 -0.000912227 0.000490036 0.00324383 0.00445495 0.00824417 -0.00304258 9.70695e-05 0.000413689 -0.000194282 -0.000919051 0.00177334 -0.00174996 -0.000694547 0.000139278 0.000822599 -0.00131952 0.00690686 0.0121647 -0.00105821 -0.00408596 -0.0031808 0.00336636 -3.43326e-05 0.00238322 0.000473082 -0.00305877
internal_weight=57198 3706 3500 2543 957 1784 759 546 193 206 1650 675 1551 1094 258 836 628 213 369 161 97 107 153 282 245 86 53492 353 124 90
internal_count=57198 3706 3500 2543 957 1784 759 546 193 206 1650 675 1551 1094 258 836 628 213 369 161 97 107 153 282 245 86 53492 353 124 90
is_linear=0
shrinkage=0.05


Tree=175
num_leaves=31
num_cat=0
split_feature=1 9 9 7 4 3 5 3 0 8 2 0 0 0 9 12 3 0 2 4 1 3 0 4 4 4 5 4 0 4
split_gain=0.381889 2.0359 3.08829 3.88133 5.30209 4.52316 2.63281 2.91795 1.85649 1.54553 2.8569 1.98206 2.24196 2.05511 1.80701 4.49083 4.20151 3.55873 3.11988 4.29519 2.19031 2.03028 2.70788 1.91043 1.68848 1.95849 1.67077 1.61099 1.58969 1.49872
threshold=-0.77664833077501227 -0.74945206448355139 0.050160304131359752 0.50726550913191959 -1.1457640746828435 -0.64406909700682391 -0.056344946134780353 -1.1785584707595622 0.65306038578925285 -1.7049705869141294 -0.85680206231867773 -0.30746073811321545 -0.47331132081955035 -0.80152611022553211 0.84977267274627111 -0.35185889347637506 -0.29760850495127505 -0.42168672253551637 -1.3123677628184744 1.0552031552706171 -1.0109901880792516 -0.69114958530195569 -0.58445645460119244 1.5366647368229367 1.0781298972492992 -0.98527688083207032 1.4101165497556909 -1.4667384623843895 -1.0211547350641845 -0.13698742762084057
decision_type=2 2 2 2 2 2 2 2 2 2 2 2 2 2 2 2 2 2 2 2 2 2 2 2 2 2 2 2 2 2
left_child=1 6 3 4 5 -3 7 -1 9 10 11 12 13 28 15 21 18 -18 19 20 -17 23 -23 24 25 27 -12 -11 -4 -13
right_child=-2 2 8 -5 -6 -7 -8 -9 -10 14 26 29 -14 -15 -16 16 17 -19 -20 -21 -22 22 -24 -25 -26 -27 -28 -29 -30 -31
leaf_value=0.0037458451431073049 -6.6120544202670554e-05 0.017178860445585153 -0.00010442754076297877 -0.0029863213324508634 0.0025898108078659197 -0.0058949653059244163 0.0026858990568375501 -0.0072113683221630065 0.00612453759780952 0.0031068906973814592 -0.0067965974805677502 -0.013196889384300449 0.0099975736882437823 -0.0051979834542006751 -0.00021460680915772273 0.012715776752133574 -0.0057027463876767777 0.0029182272967746225 0.003178526988329398 0.028556119051894976 -0.0015468584358731801 0.0064495476446192693 -0.0031406969552097599 0.0084699740685108636 -0.011498880550703583 -0.00010077271757195192 0.0035418760890348088 -0.011407150199947671 0.005929475555251796 -0.0012361177773511207
leaf_weight=76 45326 116 912 248 942 26 157 303 126 24 297 50 56 178 5495 63 244 235 1347 28 47 131 168 27 85 173 45 94 124 55
leaf_count=76 45326 116 912 248 942 26 157 303 126 24 297 50 56 178 5495 63 244 235 1347 28 47 131 168 27 85 173 45 94 124 55
internal_value=4.23477e-13 0.000252441 0.000394818 0.00265651 0.00394749 0.0129541 -0.00275872 -0.00501414 9.36807e-05 1.67533e-05 -0.00134677 -0.000329593 0.000216252 -0.000234946 0.000303625 0.00137177 0.00259865 -0.00147325 0.00391208 0.0110722 0.00662174 -0.00206069 0.00106105 -0.00437681 -0.00529932 -0.00348846 -0.00543627 -0.00845514 0.000617777 -0.00693172
internal_weight=57198 11872 11336 1332 1084 142 536 379 10004 9878 1717 1375 1270 1214 8161 2666 1964 479 1485 138 110 702 299 403 376 291 342 118 1036 105
internal_count=57198 11872 11336 1332 1084 142 536 379 10004 9878 1717 1375 1270 1214 8161 2666 1964 479 1485 138 110 702 299 403 376 291 342 118 1036 105
is_linear=0
shrinkage=0.05


Tree=176
num_leaves=31
num_cat=0
split_feature=4 5 5 8 2 7 5 12 4 1 1 4 12 5 5 4 2 3 1 8 1 6 1 5 7 1 7 6 2 3
split_gain=0.357047 3.07873 4.56722 7.83987 4.95572 4.55545 8.10483 4.11458 4.03698 3.44337 3.25346 3.15954 5.65986 4.20103 3.1519 3.04337 2.94011 3.52153 5.08677 4.09334 4.02054 3.77245 3.56062 3.63001 3.35392 4.90937 3.02781 2.86702 3.1982 2.86336
threshold=0.16106021810202364 -0.84497093191591066 -0.37618863167946776 1.0184757865176055 -0.10457611174928209 -0.9109402413522435 -1.0444571093634523 -0.69978104715131473 0.71130202559038891 -0.093189049910824731 2.0111533611481645 1.3991042849508457 -0.69978104715131473 -1.0444571093634523 1.2291569272765577 1.1698368651640265 -0.19884541119359653 1.9298277118313358 1.7537497920233844 1.0000000180025095e-35 2.1410131259481298 1.1185040474979022 0.60082764297008773 1.4495693291702281 0.50726550913191959 0.1419912124772614 -0.44313593596502393 -0.88889511337147242 -0.28369834554687262 0.93882135707926118
decision_type=2 2 2 2 2 2 2 2 2 2 2 2 2 2 2 2 2 2 2 2 2 2 2 2 2 2 2 2 2 2
left_child=-1 5 3 7 -5 6 -2 -3 16 -8 -10 12 15 27 -12 -7 -4 18 22 20 -20 -19 23 -18 25 29 -27 28 -14 -25
right_child=1 2 8 4 -6 11 9 -9 10 -11 14 -13 13 -15 -16 -17 17 21 19 -21 -22 -23 -24 24 -26 26 -28 -29 -30 -31
leaf_value=-0.00010643781158000998 -0.0004054702978450396 0.0069562015778753599 -0.00058844776447221066 0.00030003765786352951 -0.0091627390650911352 -0.0036396873631012031 0.0084778189802107041 0.0023084434065256711 -0.00020807355401095129 0.026017659857417597 -0.0027328768353678851 0.00091499394102198062 -0.0011266408260681708 -0.0032878815235449586 -0.014132923978710701 -0.01048028070682324 0.003003916509681332 -0.0043795996152185537 0.028696904487465376 0.0031334978623670483 0.010039494683622339 0.0033651656473964635 -0.00040673960263110445 0.011866318430368077 -0.004887777952284649 0.039003360771533588 0.01601841326704935 0.0012466870546519885 -0.010860153770894006 -0.0076424954965030063
leaf_weight=33140 506 635 1138 430 204 931 184 1904 9381 33 384 1482 698 1209 72 197 890 338 44 105 84 294 631 68 29 23 38 2004 96 26
leaf_count=33140 506 635 1138 430 204 931 184 1904 9381 33 384 1482 698 1209 72 197 890 338 44 105 84 294 631 68 29 23 38 2004 96 26
internal_value=-1.49903e-13 0.000146619 0.000521403 0.00222889 -0.00274477 -0.000707012 0.00306132 0.00347084 0.000121413 0.0111452 -0.000408553 -0.00111875 -0.00170571 -0.000824971 -0.00453288 -0.00483437 0.00152736 0.00246425 0.00352119 0.0104506 0.016453 -0.000776813 0.00257423 0.00432563 0.0107187 0.0136386 0.0246849 0.000239239 -0.00230349 0.00647026
internal_weight=57198 24058 16718 3173 634 7340 723 2539 13545 217 9837 6617 5135 4007 456 1128 3708 2570 1938 233 128 632 1705 1074 184 155 61 2798 794 94
internal_count=57198 24058 16718 3173 634 7340 723 2539 13545 217 9837 6617 5135 4007 456 1128 3708 2570 1938 233 128 632 1705 1074 184 155 61 2798 794 94
is_linear=0
shrinkage=0.05


Tree=177
num_leaves=31
num_cat=0
split_feature=1 2 4 7 0 9 4 1 4 2 4 9 2 8 0 1 4 7 2 3 7 3 4 5 7 0 0 2 12 2
split_gain=0.375005 1.37886 1.35194 1.22402 1.30378 1.12442 1.64514 4.52345 1.81382 3.68109 3.18868 6.55532 3.12148 2.03383 2.42275 1.98861 1.71533 1.60651 1.51904 1.48718 1.25987 1.20009 1.33872 1.71721 1.5338 1.11839 2.26856 1.07241 1.07138 1.52832
threshold=-0.93689027427078309 -1.3537541724162285 -1.397958236448344 1.707859523614377 0.59010491522874431 0.84977267274627111 -1.1457640746828435 -1.3385536245925018 -0.50381529927975111 -0.8849323242322279 -0.29747462147161352 0.54991803451567944 -1.1375814084860376 -1.7049705869141294 -0.59646414449833429 -1.0850798569189719 -0.64137575115184176 1.0000000180025095e-35 -0.29004752453459043 -0.97757361559608003 -0.67566290470831769 -1.5515887659285705 0.48203460580356999 1.0613819277844458 0.50726550913191959 -0.78664977391242574 -0.14005610564293822 -1.2816315525578992 1.3877518748983242 -0.45892226214451787
decision_type=2 2 2 2 2 2 2 2 2 2 2 2 2 2 2 2 2 2 2 2 2 2 2 2 2 2 2 2 2 2
left_child=3 2 -2 4 5 6 7 -1 13 10 11 12 -10 16 -15 19 -8 25 -16 20 -11 -12 23 -23 -24 -17 -27 -26 29 -9
right_child=1 -3 -4 -5 -6 -7 8 28 9 15 21 -13 -14 14 18 17 -18 -19 -20 -21 -22 22 24 -25 27 26 -28 -29 -30 -31
leaf_value=-0.0046668033305309114 0.009008718354743905 -3.0597894599411563e-05 -0.0041003853093359559 0.0096427734568715097 -0.0080313245146634415 -0.00015542975745661835 -0.0029960760632326035 0.0063192875823978867 0.0096747259966408223 -0.014828992916112086 -0.0032796127445374927 -0.0019824001230482088 0.031249798771827236 0.0099788720756731012 -1.3067337793370212e-05 0.00042880357362862144 -0.013574384497108192 -0.0024780295069739993 -0.014112540549831465 -0.0013219258038433251 -0.0037919417352947809 -0.0008153931689400594 0.0039268126361743537 0.013019859323278069 0.01920385069904789 0.0092555064949596116 -0.0021602340361794397 0.0057043945400177369 0.015713164424178777 -0.0054281568372001252
leaf_weight=128 21 48637 310 35 47 4920 297 359 30 41 75 51 38 61 426 175 44 169 20 397 70 218 280 25 31 146 62 28 27 30
leaf_count=128 21 48637 310 35 47 4920 297 359 30 41 75 51 38 61 426 175 44 169 20 397 70 218 280 25 31 146 62 28 27 30
internal_value=-8.61738e-14 -5.24858e-05 -0.00326869 0.000312288 0.000272438 0.000320336 0.00104548 0.00355273 0.000537307 0.00142067 0.00403731 0.0115683 0.0217314 -0.00137525 0.000632926 -0.000494911 -0.00436102 0.00158265 -0.000645331 -0.00275242 -0.00786869 0.00267324 0.00344036 0.000607987 0.00547065 0.00337444 0.00585274 0.0127973 0.00608181 0.00541332
internal_weight=57198 48968 331 8230 8195 8148 3228 544 2684 1836 776 119 68 848 507 1060 341 552 446 508 111 657 582 243 339 383 208 59 416 389
internal_count=57198 48968 331 8230 8195 8148 3228 544 2684 1836 776 119 68 848 507 1060 341 552 446 508 111 657 582 243 339 383 208 59 416 389
is_linear=0
shrinkage=0.05


Tree=178
num_leaves=31
num_cat=0
split_feature=3 12 1 5 4 5 6 4 5 4 5 4 5 4 4 4 5 3 2 2 6 1 2 2 3 5 1 0 3 7
split_gain=0.371584 1.59412 2.44364 1.68448 2.43741 1.98472 3.46609 2.63438 4.20599 5.58089 4.37347 5.62216 3.24499 3.02973 2.25934 5.84891 1.91936 1.73107 1.69027 1.46508 1.38257 1.4513 1.37383 1.26731 3.55321 4.69795 5.7861 9.66062 3.01672 2.34254
threshold=2.1013061194939193 -0.35185889347637506 2.5770947965769744 1.4495693291702281 0.27569392799543307 1.2655051286133518 1.7136308150948316 0.092279992165977986 1.386347522532285 -0.48088855730106883 1.3309652674966419 -0.20576765355688617 1.386347522532285 -1.4208849784270259 0.36740089591016062 0.48203460580356999 1.386347522532285 2.593219488673522 3.621925625133366 2.1621874656600508 0.046773696581961052 1.8186907630078453 5.2373451118821626 2.4358698305335271 1.9298277118313358 0.91441636237843227 1.7537497920233844 -0.13280897003702882 1.4724410070425007 -0.44313593596502393
decision_type=2 2 2 2 2 2 2 2 2 2 2 2 2 2 2 2 2 2 2 2 2 2 2 2 2 2 2 2 2 2
left_child=23 3 20 5 -5 -2 7 8 9 13 11 -11 -9 -7 19 -16 18 -10 -8 -14 21 -3 -18 -1 25 29 28 -28 -27 -25
right_child=1 2 -4 4 -6 6 16 12 17 10 -12 -13 14 -15 15 -17 22 -19 -20 -21 -22 -23 -24 24 -26 26 27 -29 -30 -31
leaf_value=-5.313891780147163e-06 0.0026475901504261351 -0.00089417749853616462 -0.011144531617266319 0.022480974589353026 0.0015277889956321036 0.013010060689633802 -0.0064938115689998441 -0.014632034389598465 0.0019645413244143129 0.02690962515771389 0.031472726176596348 -0.0097189503108066604 0.0021730725567235989 -0.011012673397781329 0.023884208680440985 -0.0038395406803689324 0.0089268403011374172 -0.018838509386405352 -0.019821372270010986 -0.013531931359885317 0.0044695501390955242 -0.012262843698827608 -0.0072453939966086681 -0.023499865617070879 -0.015014575361625628 -0.01573496827900055 0.041675637981721331 0.003307753294551124 0.002704957288075635 -0.0035481602464231751
leaf_weight=55117 828 188 63 23 35 21 61 44 20 20 36 22 27 35 30 52 24 20 39 33 101 33 29 28 53 42 21 75 47 31
leaf_count=55117 828 188 63 23 35 21 61 44 20 20 36 22 27 35 30 52 24 20 39 33 101 33 29 28 53 42 21 75 47 31
internal_value=-1.07247e-12 0.000710265 -0.00213886 0.00149433 0.00983681 0.00113351 -0.00131027 0.00136906 0.00579128 0.0100385 0.0186845 0.00772323 -0.00276785 -0.00200415 0.000908376 0.00630329 -0.00761456 -0.00843698 -0.0116916 -0.00646468 -0.000376878 -0.00259176 7.78819e-05 -2.28663e-05 -0.00328023 -0.000731373 0.00318667 0.0117007 -0.00599703 -0.0130168
internal_weight=57198 1784 385 1399 58 1341 513 360 174 134 78 42 186 56 142 82 153 40 100 60 322 221 53 55414 297 244 185 96 89 59
internal_count=57198 1784 385 1399 58 1341 513 360 174 134 78 42 186 56 142 82 153 40 100 60 322 221 53 55414 297 244 185 96 89 59
is_linear=0
shrinkage=0.05


Tree=179
num_leaves=31
num_cat=0
split_feature=2 5 5 6 1 11 3 3 8 8 4 4 1 5 2 1 2 2 4 2 8 2 4 4 5 5 1 5 4 4
split_gain=0.364143 2.72046 2.53322 2.46556 2.4623 2.33586 2.01047 1.82421 6.4135 4.26975 4.51249 10.8122 17.6437 4.66798 3.08944 3.02595 2.13797 2.09578 1.68498 2.41066 1.60939 2.24689 1.65488 1.57995 1.53548 1.95789 1.84663 1.52883 1.82311 4.26351
threshold=0.60545553821043763 -0.49995351371076774 -0.6782255986205753 -1.0557360505944642 0.52887757080824238 -0.7500292558394458 -0.37720595901579007 1.3470610015778208 1.0816417019878375 0.21070812337056413 -0.71015597708788747 -0.18284091157820473 0.86905360594489955 0.75215792318289665 0.20580396075932353 2.1410131259481298 0.50772547473212104 -0.064181986418232126 -1.5125919463417536 1.7679341100244936 1.0816417019878375 0.87261910260975706 -1.3062512685336163 1.3073973170361175 1.4495693291702281 1.2655051286133518 0.83216619500803923 1.0613819277844458 -0.13698742762084057 -0.77893620302393318
decision_type=2 2 2 2 2 2 2 2 2 2 2 2 2 2 2 2 2 2 2 2 2 2 2 2 2 2 2 2 2 2
left_child=7 2 -2 5 -4 -3 -5 15 9 10 17 12 13 -12 -15 -1 23 -9 19 -8 -20 22 -22 -13 25 27 -27 -23 29 -29
right_child=1 3 4 6 -6 -7 18 8 -10 -11 11 16 -14 14 -16 -17 -18 -19 20 -21 21 24 -24 -25 -26 26 -28 28 -30 -31
leaf_value=3.3964053401470863e-05 -0.00031767567921359776 -0.014516772569173523 -0.015267131765317056 -0.012353224229688447 -0.0036516971516431553 -0.0012363385509322339 0.0012232592564982269 0.007422463384767374 0.024373251857468858 -0.0061610983260460715 0.00034344243720529211 -6.4981586959523459e-05 0.052180485640253342 0.028959342508631594 0.0065315127672095387 -0.014467948212081361 0.0095262530101463197 -0.0074169534503522776 7.7821581596329337e-05 0.010684956474107735 -0.0065022270173011798 -0.0051088870924006855 0.002349927505980706 -0.010907296435907484 0.0065157750734325618 -0.017169522715486447 -0.0049428532040061285 -0.0029254064867820814 -0.0051307669647324547 0.020357250072993341
leaf_weight=44539 186 57 79 33 108 79 339 30 32 146 76 210 28 34 28 36 50 115 9883 84 63 289 326 40 33 53 74 51 65 32
leaf_count=44539 186 57 79 33 108 79 339 30 32 146 76 210 28 34 28 36 50 115 9883 84 63 289 326 40 33 53 74 51 65 32
internal_value=-1.80981e-12 -0.000247005 -0.00444926 -0.000110242 -0.00855875 -0.0068024 -2.98769e-05 6.44356e-05 0.00244763 0.00152078 0.00335639 0.00575328 0.0159919 0.00864929 0.0188306 2.22519e-05 8.79155e-05 -0.00434673 6.13716e-06 0.00310218 -0.000114355 -0.0020406 0.000916288 -0.00179975 -0.00396728 -0.00458065 -0.0100453 -0.00299252 0.00114011 0.00605104
internal_weight=57198 11834 373 11461 187 136 11325 45364 789 757 611 466 166 138 62 44575 300 145 11292 423 10869 986 389 250 597 564 127 437 148 83
internal_count=57198 11834 373 11461 187 136 11325 45364 789 757 611 466 166 138 62 44575 300 145 11292 423 10869 986 389 250 597 564 127 437 148 83
is_linear=0
shrinkage=0.05


Tree=180
num_leaves=31
num_cat=0
split_feature=9 0 0 4 2 0 4 7 0 2 4 4 4 1 4 4 4 0 3 2 4 8 7 2 2 8 2 2 4 0
split_gain=0.353314 0.981106 1.25201 1.67257 2.08505 1.75771 1.31504 1.16534 1.03781 1.13347 0.848694 0.756948 0.800242 0.839408 0.813466 0.752202 0.74473 1.15008 1.0539 0.882604 0.762196 0.765264 1.372 1.1477 0.859771 0.723281 1.26586 0.717928 0.570113 0.543118
threshold=-1.4491128870215986 2.0936190745863663 -0.046811405019422853 -1.0540571067681157 0.44553519159904026 0.035253852697791459 -0.82478968698129729 0.50726550913191959 1.9414015623555161 -0.66287183466056432 1.2844705750574359 1.5595914788016185 1.2844705750574359 -0.14828384956501042 0.68837528361170697 -0.75600946104525135 1.3303240590147996 0.21568690259153481 1.0907270677046579 0.25277444238343988 0.94056944537720766 -1.7049705869141294 -0.17418860646293408 0.60545553821043763 -0.50433632636090964 -0.99042967103748658 -1.483489645618328 -0.072027030309520804 -1.214544300618889 1.5653471850646683
decision_type=2 2 2 2 2 2 2 2 2 2 2 2 2 2 2 2 2 2 2 2 2 2 2 2 2 2 2 2 2 2
left_child=1 2 6 4 7 -5 25 -4 9 -7 28 12 14 -14 -8 -10 20 -18 19 -19 21 -11 24 27 -23 26 -1 -24 -3 -22
right_child=-2 10 3 5 -6 8 11 -9 15 16 -12 -13 13 -15 -16 -17 17 18 -20 -21 29 22 23 -25 -26 -27 -28 -29 -30 -31
leaf_value=0.0031131728421896696 -3.270909149596679e-05 -0.0072167722660855492 0.010178956840416954 0.0056440728201326267 0.00093174319684946399 0.0049689565693482847 0.0024512446106491406 0.00081375341709814201 0.010738327242434025 0.0048142719103078198 -0.0081336753640373766 -0.0046501693041522451 0.0021725066452345349 0.0135483020140479 -0.0014175347275708168 0.0022941851016856454 -0.0049997573542707374 0.009545861210924789 -0.0028151813168854766 0.0025704498206420494 -0.0044067216064353869 -0.0061232090810002908 0.0010566589745091429 -0.011717564220923711 0.0013823283947418863 -0.0017686311713240293 -0.0097209528125738395 -0.0036606345285771962 0.00058879183349392012 0.0013787120822817088
leaf_weight=25 53492 29 146 165 226 105 247 43 35 68 56 66 50 24 302 107 53 65 60 150 215 41 120 34 550 224 83 246 121 50
leaf_count=25 53492 29 146 165 226 105 247 43 35 68 56 66 50 24 302 107 53 65 60 150 215 41 120 34 550 224 83 246 121 50
internal_value=1.13185e-12 0.000472119 0.000669487 0.00127638 0.00417275 0.00069402 -0.000804062 0.00804825 0.000263921 -6.83741e-05 -0.00288121 0.000441561 0.000980974 0.00586195 0.000323064 0.00437549 -0.000388543 0.00174436 0.00304414 0.0046793 -0.000916937 -0.000316822 -0.000668905 -0.00293029 0.00086164 -0.00338911 -0.00675009 -0.00211398 -0.000920284 -0.00331513
internal_weight=57198 3706 3500 2479 415 2064 1021 189 1899 1757 206 689 623 74 549 142 1652 328 275 215 1324 1059 991 400 591 332 108 366 150 265
internal_count=57198 3706 3500 2479 415 2064 1021 189 1899 1757 206 689 623 74 549 142 1652 328 275 215 1324 1059 991 400 591 332 108 366 150 265
is_linear=0
shrinkage=0.05


Tree=181
num_leaves=31
num_cat=0
split_feature=4 5 5 8 2 7 5 8 4 0 1 1 4 5 0 8 2 4 2 4 7 3 2 5 7 0 4 0 1 3
split_gain=0.349798 2.84074 4.12753 6.86589 5.23444 4.1151 7.21914 3.48997 3.20806 3.21497 3.13312 3.10229 2.86508 4.35315 3.58384 3.28921 4.16593 4.81274 3.90467 3.17299 3.07884 3.02327 2.86752 2.76603 2.76149 2.43341 2.38218 2.27559 2.24192 2.93797
threshold=0.16106021810202364 -0.84497093191591066 -0.56047460071664723 1.0184757865176055 -0.10457611174928209 -0.9109402413522435 -1.0444571093634523 0.74730582097220966 0.71130202559038891 -0.45180638707072185 -0.093189049910824731 2.0111533611481645 1.3991042849508457 -0.99733128919208947 0.99954702019062769 1.0816417019878375 -0.86497224270791218 0.75715550954775257 -0.98928550008948202 0.32154741195279685 1.707859523614377 -0.43155915123900573 0.095748943727017047 1.2291569272765577 -0.080597219688208724 0.39072242642517468 0.80300899350511623 -0.046811405019422853 1.1402282250590876 0.574537168345718
decision_type=2 2 2 2 2 2 2 2 2 2 2 2 2 2 2 2 2 2 2 2 2 2 2 2 2 2 2 2 2 2
left_child=-1 5 3 7 -5 6 -2 -3 9 -4 -8 28 13 15 -14 16 24 -18 26 -15 25 -16 -23 -13 -7 -21 -17 -20 29 -10
right_child=1 2 8 4 -6 12 10 -9 11 -11 -12 23 14 19 21 18 17 -19 27 20 -22 22 -24 -25 -26 -27 -28 -29 -30 -31
leaf_value=-0.00010535176232302547 -0.00036516828466967859 0.0032109451274274061 -4.832532086809593e-05 6.9490229925148582e-05 -0.013156319237314166 -0.001687238715734208 0.0079917468663947867 0.010313198091267245 0.00018973692198624923 0.0027741581035815961 0.024722772353032437 -0.0025887838061256236 -9.2249203613526204e-05 0.0022457568222998357 -0.0015763121463047963 -0.0070111122357637348 -0.00022716165145229367 -0.0046929190301351256 0.0083304841552735379 -0.0051036678806644824 0.0025449326560125526 0.019232207226256529 0.0044263345627662013 -0.013268234090517379 0.0032944588111999394 -0.011837375477295031 0.011774946870282292 -0.0028949780999259519 0.002070211016504557 -0.0019073853518511567
leaf_weight=33140 506 1418 1947 297 100 488 184 197 6904 2094 33 384 1285 158 66 108 1175 1240 252 718 109 63 68 72 647 165 20 55 1102 2203
leaf_count=33140 506 1418 1947 297 100 488 184 197 6904 2094 33 384 1285 158 66 108 1175 1240 252 718 109 63 68 72 647 165 20 55 1102 2203
internal_value=-5.71331e-13 0.000145123 0.00050513 0.00262914 -0.00326195 -0.000674851 0.00290672 0.00407729 0.000214534 0.00141425 0.0105361 -0.000240043 -0.00106619 -0.00162512 0.000870474 -0.00084307 -0.00134591 -0.00252014 0.00326059 -0.00433511 -0.00538327 0.00715017 0.0115467 -0.00427501 0.00115255 -0.00636195 -0.00407579 0.00631941 -5.98152e-05 -0.000317561
internal_weight=57198 24058 16718 2012 397 7340 723 1615 14706 4041 217 10665 6617 5135 1482 3985 3550 2415 435 1150 992 197 131 456 1135 883 128 307 10209 9107
internal_count=57198 24058 16718 2012 397 7340 723 1615 14706 4041 217 10665 6617 5135 1482 3985 3550 2415 435 1150 992 197 131 456 1135 883 128 307 10209 9107
is_linear=0
shrinkage=0.05


Tree=182
num_leaves=31
num_cat=0
split_feature=1 0 0 4 3 4 5 11 11 3 3 3 4 0 0 9 4 5 4 3 0 8 0 3 1 0 0 4 1 1
split_gain=0.364843 1.80735 2.95067 2.21736 3.23037 3.47775 2.95227 2.18657 2.31213 2.93696 1.81852 1.57734 1.83422 4.41389 2.96732 1.56736 2.53038 1.76919 2.81253 3.69369 1.9331 1.51515 1.85902 1.50171 3.51523 1.65046 1.46918 1.4029 1.29259 1.64059
threshold=0.29298397875841897 -0.4135184651389277 -0.35234543108220923 -1.0999105907254794 0.92218737908077564 0.092279992165977986 1.3599459555339253 -1.4819493799609287 -0.7500292558394458 0.574537168345718 0.068709063238479459 1.4724410070425007 -0.18284091157820473 0.65306038578925285 0.46815589326305412 -0.34964588017609582 -1.397958236448344 1.4312047935437753 0.16106021810202364 1.4372772728448771 -0.43325522307546688 1.0816417019878375 -0.65041253724159154 1.6241332329595262 0.6654816330501474 -1.3768667146945477 -0.59646414449833429 -0.38918158938634145 0.632069458792616 0.37366801459233207
decision_type=2 2 2 2 2 2 2 2 2 2 2 2 2 2 2 2 2 2 2 2 2 2 2 2 2 2 2 2 2 2
left_child=11 7 3 -3 6 -6 -5 -2 9 10 -9 -1 13 14 -13 16 -10 20 19 -19 21 22 28 25 -25 -20 -12 -11 29 -17
right_child=1 2 -4 4 5 -7 -8 8 15 27 26 12 -14 -15 -16 17 -18 18 23 -21 -22 -23 -24 24 -26 -27 -28 -29 -30 -31
leaf_value=6.5387874352078806e-05 0.012486593917544399 0.013381492097396403 -8.3688932721935375e-05 0.0016065880549247945 0.028822125228387969 0.0049035840760916476 -0.017460708149060932 -0.001241185112448875 0.0074911768664605921 0.0058815641860876771 -0.025107446721484586 0.0076244092517299585 -0.0014899517237566984 -0.0039255540208327343 0.030131596326828006 0.0064156571591526953 -0.0079108791652879509 -0.0013806171749381284 -0.0093663699095841591 -0.019552426046640096 0.011691200050214928 -0.0089675447734012068 -0.0020461571727986324 0.016669368956770219 -0.0014462615242799778 -0.00089890696554700486 -0.010682935547083617 -0.0044348726225246007 0.0028642018167339845 -0.0032755208729899747
leaf_weight=38952 28 60 15168 173 21 55 23 25 32 42 31 32 65 38 27 55 160 58 82 54 36 46 549 35 114 193 41 153 638 212
leaf_count=38952 28 60 15168 173 21 55 23 25 32 42 31 32 65 38 27 55 160 58 82 54 36 46 549 35 114 193 41 153 638 212
internal_value=-2.73608e-13 -0.000185717 1.83743e-05 0.00468131 0.00276215 0.0115127 -0.000630901 -0.00140995 -0.00156218 -0.00574956 -0.0128594 8.58645e-05 0.00500936 0.00936457 0.0179243 -0.00102211 -0.00534387 -0.000621639 -0.00309493 -0.010142 0.000241437 -3.33572e-05 0.000249292 -0.00123344 0.00280909 -0.00342375 -0.0168935 -0.00221287 0.00164178 -0.00127921
internal_weight=57198 18084 15500 332 272 76 196 2584 2556 292 97 39114 162 97 59 2264 192 2072 536 112 1536 1500 1454 424 149 275 72 195 905 267
internal_count=57198 18084 15500 332 272 76 196 2584 2556 292 97 39114 162 97 59 2264 192 2072 536 112 1536 1500 1454 424 149 275 72 195 905 267
is_linear=0
shrinkage=0.05


Tree=183
num_leaves=31
num_cat=0
split_feature=0 0 4 5 4 3 6 4 0 5 1 2 3 4 2 5 7 0 1 0 5 5 4 1 4 1 1 5 4 2
split_gain=0.354631 1.53909 7.96955 6.40628 27.9375 4.38958 5.84369 6.37134 5.36274 9.84365 2.78868 3.28887 2.44025 2.33614 4.28627 3.42444 6.06937 4.17575 5.55021 1.96419 1.87942 2.35185 2.77494 1.70772 1.6492 1.64134 1.49518 1.71314 1.47834 1.63119
threshold=0.81365309454649604 1.2711646930971334 -0.13698742762084057 1.2655051286133518 -0.34332810542897768 -0.010646327740282542 1.7136308150948316 -1.3750314944696622 1.0327649499723037 -0.31317640375456596 0.21188599882195988 -0.68649174333611673 -0.37720595901579007 1.3303240590147996 0.19727693808866723 -0.79085023738312954 -0.44313593596502393 1.1767010273330964 -0.65261787639462321 0.85193346645677892 -1.1735669212629918 1.0613819277844458 1.5137379948442546 0.7949305142398605 0.25276718601675113 -0.49381280071833805 0.52887757080824238 0.26649206790019442 -1.0311303647894337 0.22691428347094908
decision_type=2 2 2 2 2 2 2 2 2 2 2 2 2 2 2 2 2 2 2 2 2 2 2 2 2 2 2 2 2 2
left_child=-1 2 3 5 -5 6 10 -8 9 28 11 -2 -9 15 -15 17 23 18 -4 -20 -16 -22 -23 -17 -19 -18 27 -11 -7 -30
right_child=1 -3 13 4 -6 8 7 12 -10 26 -12 -13 -14 14 20 16 25 24 19 -21 21 22 -24 -25 -26 -27 -28 -29 29 -31
leaf_value=-6.1338286570583169e-05 -0.011869259728118779 -0.00018404002506802863 0.0056527594126040449 -0.0017841630487296521 0.068341202288866046 -0.01198296021644233 0.04001588541127387 0.013134781157013274 -0.0038911981157886254 0.0084970806754888998 0.018538300307969061 0.0035638930729917431 -0.0051691910529154395 0.010001772927353159 -0.015500640161335469 0.0073625399025235129 -0.013928869498126648 0.0078946774726779811 0.0031036255881190301 -0.010181851426608176 0.0023528890174310756 0.0039536802173261677 -0.015487214103341102 0.0013421047657973804 -0.0022969883403623072 -0.0026415925987233 0.0052293825666774804 0.022375665070635646 -0.0058351365156947095 0.0087386084545869377
leaf_weight=46026 40 7190 74 49 20 72 21 137 348 126 26 252 21 128 20 226 34 73 30 383 282 31 45 246 87 611 453 27 96 24
leaf_count=46026 40 7190 74 49 20 72 21 137 348 126 26 252 21 128 20 226 34 73 30 383 282 31 45 246 87 611 453 27 96 24
internal_value=-2.13808e-13 0.000252699 0.00104129 0.003617 0.018542 0.0029902 0.00691463 0.014141 0.00128825 0.00354695 0.00284694 0.00144976 0.010702 -0.000901276 0.00209361 -0.00176035 -8.37089e-05 -0.00465497 -0.00695736 -0.0092168 -0.000584282 0.000249034 -0.00755738 0.00422477 0.00235296 -0.00323658 0.00667275 0.0109462 -0.00631885 -0.00292039
internal_weight=57198 11172 3982 1712 69 1643 497 179 1146 798 318 292 158 2270 506 1764 1117 647 487 413 378 358 76 472 160 645 606 153 192 120
internal_count=57198 11172 3982 1712 69 1643 497 179 1146 798 318 292 158 2270 506 1764 1117 647 487 413 378 358 76 472 160 645 606 153 192 120
is_linear=0
shrinkage=0.05


Tree=184
num_leaves=31
num_cat=0
split_feature=1 0 0 4 3 4 5 11 11 3 3 1 1 0 7 2 4 3 4 0 0 4 0 4 2 2 4 0 0 4
split_gain=0.348868 1.6081 2.67455 2.00117 2.91541 3.13867 2.66442 1.97338 2.08669 2.65061 1.64121 1.54836 3.30475 2.82106 2.5238 2.43344 1.51641 1.42693 1.6579 3.97567 2.678 1.40932 1.32594 1.29387 1.19471 1.27671 1.44324 1.19113 2.12343 2.76738
threshold=0.29298397875841897 -0.4135184651389277 -0.35234543108220923 -1.0999105907254794 0.92218737908077564 0.092279992165977986 1.3599459555339253 -1.4819493799609287 -0.7500292558394458 0.574537168345718 0.068709063238479459 1.5158418008972561 0.93881227628889519 -1.4280469313221158 -0.67566290470831769 1.2141058937275375 -1.3291780105122986 1.4724410070425007 -0.18284091157820473 0.65306038578925285 0.46815589326305412 -1.1228373327041614 -0.59646414449833429 -0.32040136345029535 0.46129356979051211 1.187566542397384 0.52788808976093382 -1.8958058946997134 -0.81508687466811336 0.25276718601675113
decision_type=2 2 2 2 2 2 2 2 2 2 2 2 2 2 2 2 2 2 2 2 2 2 2 2 2 2 2 2 2 2
left_child=17 7 3 -3 6 -6 -5 -2 9 10 -9 12 14 15 27 -13 -15 -1 19 20 -19 -18 -12 -11 -16 -26 -27 -10 29 -29
right_child=1 2 -4 4 5 -7 -8 8 11 23 22 13 -14 16 24 -17 21 18 -20 -21 -22 -23 -24 -25 25 26 -28 28 -30 -31
leaf_value=6.4487764738720382e-05 0.011865331115093017 0.012715484362773472 -8.6263416904461742e-05 0.0015293255841243082 0.027384086946646374 0.0046614717311141167 -0.01658460567097949 -0.0011760591948404909 0.0042163038812577727 0.0024860881193172792 -0.023849007165840558 0.016762057508997345 0.0024103536588244009 -0.019147386662662032 0.00081589927121865401 -0.0012670717156801343 0.0064411524981260295 0.0072462557174731053 -0.0014121984672517732 -0.0037057109409943225 0.028628083649608827 -0.0059331333160041102 -0.010145721790840759 -0.0057168793749200917 -0.0047684107354286961 0.0051976242113548022 -0.0099190395418554539 -0.0270821795143463 -0.0042045592817254477 -0.0069963620371244692
leaf_weight=38952 28 60 15168 173 21 55 23 25 25 86 31 27 685 20 533 61 25 32 65 38 27 289 41 109 257 75 20 27 173 47
leaf_count=38952 28 60 15168 173 21 55 23 25 25 86 31 27 685 20 533 61 25 32 65 38 27 289 41 109 257 75 20 27 173 47
internal_value=1.78345e-12 -0.000181606 1.09071e-05 0.00445031 0.00262711 0.0109401 -0.000596289 -0.00133638 -0.001481 -0.00545901 -0.0122134 -0.000967939 -0.000342075 -0.00369979 -0.00197165 0.00426459 -0.00579819 8.39637e-05 0.00476684 0.00890744 0.0170312 -0.00494792 -0.0160457 -0.00209916 -0.000677024 -0.00293762 0.00201517 -0.00618393 -0.00723659 -0.014325
internal_weight=57198 18084 15500 332 272 76 196 2584 2556 292 97 2264 1842 422 1157 88 334 39114 162 97 59 314 72 195 885 352 95 272 247 74
internal_count=57198 18084 15500 332 272 76 196 2584 2556 292 97 2264 1842 422 1157 88 334 39114 162 97 59 314 72 195 885 352 95 272 247 74
is_linear=0
shrinkage=0.05


Tree=185
num_leaves=31
num_cat=0
split_feature=4 5 7 5 5 8 4 4 2 7 3 4 1 2 3 1 8 1 1 6 5 0 8 12 1 4 5 4 12 5
split_gain=0.348333 2.54427 3.6848 6.51528 3.6719 7.20072 4.12854 3.73043 3.51497 3.41347 3.45649 3.26341 2.8306 2.6312 3.34894 4.34099 3.52749 3.59561 3.22727 3.19488 3.05057 3.07676 2.58912 2.53817 2.50202 2.61261 2.50453 2.48562 4.5023 3.51453
threshold=0.16106021810202364 -0.84497093191591066 -0.9109402413522435 -1.0444571093634523 -0.31317640375456596 1.0184757865176055 1.2615438330787541 0.71130202559038891 -0.15833931813624327 -0.080597219688208724 -0.76676162854640173 0.71130202559038891 -0.084359733480100021 -0.19884541119359653 1.9298277118313358 1.7537497920233844 1.0000000180025095e-35 2.1410131259481298 0.60082764297008773 1.1185040474979022 1.4495693291702281 -0.1896118271736506 1.0000000180025095e-35 -1.0477032008262543 2.0111533611481645 1.1927636071427083 1.2291569272765577 1.3991042849508457 -0.69978104715131473 -1.1326614881673891
decision_type=2 2 2 2 2 2 2 2 2 2 2 2 2 2 2 2 2 2 2 2 2 2 2 2 2 2 2 2 2 2
left_child=-1 2 3 -2 5 6 9 13 -7 11 -11 -3 -5 -6 15 18 17 -17 20 -16 22 -22 -15 -20 25 -9 -26 28 -4 -30
right_child=1 4 27 12 7 8 -8 24 -10 10 -12 -13 -14 14 19 16 -18 -19 23 -21 21 -23 -24 -25 26 -27 -28 -29 29 -31
leaf_value=-0.00010513083833367284 -0.00035033671575860243 0.0031723238852415939 -0.0043125462946029969 0.0078989370287662983 -0.00054401782759805188 0.00027740984614679282 -6.2437134187366932e-05 -0.0014154133608862392 -0.0068235170832516116 -0.0059453571107010716 0.0032005198167191062 0.0088329602627464469 0.025483679012037241 -0.0013191687533699518 -0.0040861539908625556 0.026976359625008297 0.0030328982065908525 0.0093324288236631449 0.0058310902375692079 0.0030411249329177601 0.0076927561585986882 0.027620442296293651 0.0047786618214359644 -0.0020519109720317685 -0.0024313475784121393 0.00037376446853749321 -0.012593452734613998 0.00080235748904370404 0.00059937141849022773 -0.0023779139685461991
leaf_weight=33140 506 469 1128 191 1122 439 786 3106 289 116 944 557 26 248 338 44 105 84 130 294 162 22 584 476 384 5947 72 1482 2209 1798
leaf_count=33140 506 469 1128 191 1122 439 786 3106 289 116 944 557 26 248 338 44 105 84 130 294 162 22 584 476 384 5947 72 1482 2209 1798
internal_value=1.64782e-12 0.000144818 -0.00063119 0.00275796 0.000485523 0.00190003 0.00302588 9.73358e-05 -0.0025415 0.00418955 0.00219965 0.0062454 0.0100059 0.00146598 0.00237278 0.00344374 0.00982549 0.0153975 0.002527 -0.000770616 0.00424947 0.0100754 0.00296104 -0.000360838 -0.000422112 -0.000240086 -0.00403589 -0.0010015 -0.00152211 -0.00073658
internal_weight=57198 24058 7340 723 16718 3600 2872 13118 728 2086 1060 1026 217 3609 2487 1855 233 128 1622 632 1016 184 832 606 9509 9053 456 6617 5135 4007
internal_count=57198 24058 7340 723 16718 3600 2872 13118 728 2086 1060 1026 217 3609 2487 1855 233 128 1622 632 1016 184 832 606 9509 9053 456 6617 5135 4007
is_linear=0
shrinkage=0.05


Tree=186
num_leaves=31
num_cat=0
split_feature=3 8 4 0 2 4 0 4 12 0 5 5 3 4 2 5 5 4 4 4 0 0 0 5 1 4 4 4 2 5
split_gain=0.354179 1.43237 1.59642 2.70664 7.78703 2.4447 2.27132 2.0475 1.73727 1.72867 2.6626 3.34024 3.7017 3.34954 1.46115 1.47378 2.268 1.67989 1.42003 2.52868 2.85409 2.62232 2.32406 2.2317 1.76087 1.63914 1.6003 1.45273 2.03772 1.23667
threshold=2.1013061194939193 1.0000000180025095e-35 0.16106021810202364 0.54568875044379339 3.621925625133366 0.34447415393147868 1.1767010273330964 0.25276718601675113 -0.69978104715131473 0.63639948041121164 1.0613819277844458 1.4101165497556909 2.593219488673522 0.50496134778225188 1.5530569946096466 1.2655051286133518 1.0142561076130823 1.5595914788016185 -1.4896652043630716 1.0000000180025095e-35 1.0894866621508073 1.0894866621508073 -0.066473749301493038 1.2994638957836848 2.8228242796172474 1.5595914788016185 0.50496134778225188 0.29862066997411491 5.2373451118821626 1.1904917396839851
decision_type=2 2 2 2 2 2 2 2 2 2 2 2 2 2 2 2 2 2 2 2 2 2 2 2 2 2 2 2 2 2
left_child=-1 18 3 4 8 6 7 -4 -3 10 -7 -12 -13 -14 -11 16 -16 -18 -2 20 -20 22 27 -22 25 26 -24 -21 -29 -5
right_child=1 2 5 29 -6 9 -8 -9 -10 14 11 12 13 -15 15 -17 17 -19 19 21 23 -23 24 -25 -26 -27 -28 28 -30 -31
leaf_value=-2.2324338935849237e-05 0.011575497642514252 0.010072903306191337 -0.0055593462092912421 -7.6262038993410425e-05 0.038510338794440033 0.017449892548445083 0.0034451269434372846 -0.022030527799807745 -0.0031024724350903524 -0.012750900426396617 -0.0089173049159833925 -0.0029049711627033882 0.033058349813800306 0.0050802829229961276 -0.0099665565989338432 -0.011592739896679466 0.014312775160233755 -0.00089268759372370223 0.0028601804527932325 -0.0031103032546895321 -0.0075664552968946544 0.0057315370085669441 -0.0050683580814523902 -0.025603809338752871 -0.016318413661792874 -0.014093851896801166 0.011027250576602378 0.0009954563173022212 0.016808595936055538 0.0045814302694037841
leaf_weight=55414 21 58 54 353 20 35 38 29 44 27 46 41 20 23 26 22 39 34 37 118 47 138 47 27 40 28 23 83 27 239
leaf_count=55414 21 58 54 353 20 35 38 29 44 27 46 41 20 23 26 22 39 34 37 118 47 138 47 27 40 28 23 83 27 239
internal_value=1.49843e-13 0.000693431 0.00174796 0.00320164 0.009983 -0.000643579 -0.00667913 -0.0113143 0.00438941 0.00168965 0.00520885 0.00191318 0.00784416 0.0180933 -0.00223377 0.000113026 0.00271431 0.00723078 -0.00121002 -0.0016466 -0.00847837 -0.000141982 -0.00235659 -0.0141477 -0.0074779 -0.00386953 0.000220199 0.000743154 0.00487686 0.00180412
internal_weight=57198 1784 1148 714 122 434 121 83 102 313 165 130 84 43 148 121 99 73 636 615 111 504 366 74 138 98 70 228 110 592
internal_count=57198 1784 1148 714 122 434 121 83 102 313 165 130 84 43 148 121 99 73 636 615 111 504 366 74 138 98 70 228 110 592
is_linear=0
shrinkage=0.05


Tree=187
num_leaves=31
num_cat=0
split_feature=2 5 5 1 6 0 3 1 0 3 0 7 3 4 0 6 1 4 5 4 2 7 3 5 4 1 5 2 0 5
split_gain=0.361427 2.51046 2.24029 2.18837 1.99757 3.19852 1.78272 1.61441 4.9039 23.5868 3.25748 2.67694 2.60089 2.30196 2.18121 1.71854 2.31275 3.2656 1.96685 1.50367 2.11049 1.3425 3.28088 4.35334 2.91783 2.58549 3.82079 2.41043 2.11989 2.60664
threshold=0.60545553821043763 -0.49995351371076774 -0.6782255986205753 0.52887757080824238 -1.0557360505944642 -0.77375507822379019 -0.37720595901579007 1.1402282250590876 1.0894866621508073 1.4048846845692959 0.93924602935240131 -0.74807555454224595 1.3166402403684843 1.0000000180025095e-35 -0.44379649577730129 -0.50231995162864196 1.2529841054394582 -0.11406068564215872 1.2994638957836848 -1.5125919463417536 1.7679341100244936 -0.17418860646293408 1.374370791781051 0.69515041704156832 -0.54966878323711432 0.6654816330501474 1.4312047935437753 0.69239275780205234 1.5190057388334017 -0.31317640375456596
decision_type=2 2 2 2 2 2 2 2 2 2 2 2 2 2 2 2 2 2 2 2 2 2 2 2 2 2 2 2 2 2
left_child=7 2 -2 -4 5 -3 -6 -1 10 -10 11 14 15 -14 -9 -13 17 -17 -18 20 -8 22 24 -24 28 26 -25 -27 29 -21
right_child=1 4 3 -5 6 -7 19 8 9 -11 -12 12 13 -15 -16 16 18 -19 -20 21 -22 -23 23 25 -26 27 -28 -29 -30 -31
leaf_value=2.7952203690836163e-05 -0.00039752167123820512 0.0033106230565829683 -0.014471704124022112 -0.0035214116950993673 -0.011646731226055911 -0.012360853000214642 0.0011582265577621065 0.0026381360124721523 -0.0011054599925762775 0.059733583044172048 -0.010394074705204573 0.0033646620091842905 0.022649988718330863 0.0037839080829203866 0.021550340307682443 -0.02546486883925704 0.0062638763524961493 -0.0014366491889250615 -0.0047972369998869665 -0.0018452893367515563 0.010011271366411598 -0.00066828809426343273 -0.0093232343564326071 0.0010988934323864265 5.9392059141085058e-05 -0.013275047060914147 0.027364159693242986 -0.00067281629690828736 -0.0013667548672659608 0.0045817012332705171
leaf_weight=44704 186 54 79 108 33 82 339 31 66 21 58 140 22 61 30 26 63 31 111 183 84 5530 157 45 2105 39 20 1401 245 1144
leaf_count=44704 186 54 79 108 33 82 339 31 66 21 58 140 22 61 30 26 63 31 111 183 84 5530 157 45 2105 39 20 1401 245 1144
internal_value=-1.18315e-12 -0.000246082 -0.00428289 -0.00814747 -0.000114704 -0.00613836 -4.23667e-05 6.41949e-05 0.00251903 0.0135798 0.000839642 0.0021048 0.000783434 0.00878456 0.0119392 -0.00100657 -0.00365581 -0.0123969 -0.000792351 -8.45385e-06 0.00291628 -0.000122279 0.000443264 -0.00140034 0.00127657 -0.000573827 0.00918051 -0.00101413 0.00290644 0.00369539
internal_weight=57198 11834 373 187 11461 136 11325 45364 660 87 573 515 454 83 61 371 231 57 174 11292 423 10869 5339 1662 3677 1505 65 1440 1572 1327
internal_count=57198 11834 373 187 11461 136 11325 45364 660 87 573 515 454 83 61 371 231 57 174 11292 423 10869 5339 1662 3677 1505 65 1440 1572 1327
is_linear=0
shrinkage=0.05


Tree=188
num_leaves=31
num_cat=0
split_feature=0 5 5 0 4 2 2 1 2 1 1 1 5 0 0 0 4 4 4 5 5 5 0 0 0 4 11 7 4 4
split_gain=0.350785 0.704626 1.08475 3.18635 2.33279 1.64016 0.866455 0.80036 0.623004 0.553711 0.563311 0.511659 0.487963 1.32837 1.64968 2.73377 5.261 9.79812 10.2999 17.3602 12.3549 4.2358 7.45836 3.60825 4.19248 3.46489 2.67864 3.87512 3.83233 4.31672
threshold=-1.9518562126726928 1.4495693291702281 1.4101165497556909 -2.0029426460512427 0.13813347612334176 -0.37284014373611934 1.187566542397384 0.5015000983547887 -0.57946177903377483 0.1419912124772614 0.028735252584951479 -0.20441656695412408 0.5168783321317606 2.1320600998353485 1.6437776611856465 0.83263705521721842 -1.0999105907254794 -0.18284091157820473 -0.29747462147161352 1.2655051286133518 1.2994638957836848 0.9652358749025497 1.4432099063444663 1.3053875777776807 1.5190057388334017 0.16106021810202364 -0.7500292558394458 1.0000000180025095e-35 0.71130202559038891 0.48203460580356999
decision_type=2 2 2 2 2 2 2 2 2 2 2 2 2 2 2 2 2 2 2 2 2 2 2 2 2 2 2 2 2 2
left_child=1 2 5 6 -5 -1 8 -7 -4 10 11 -3 -2 14 15 26 -17 18 20 23 21 -18 -23 -20 -25 -19 27 -14 29 -29
right_child=12 9 3 4 -6 7 -8 -9 -10 -11 -12 -13 13 -15 -16 16 17 25 19 -21 -22 22 -24 24 -26 -27 -28 28 -30 -31
leaf_value=0.011009322905973081 -8.5080800333946609e-05 -0.00043047923751844854 -0.0022548800304287363 -0.029582686610519889 -0.0054331928305327891 -0.010439108474099118 0.004298075788849315 0.0032371686678379775 -0.011160924239084125 0.0054909776845129162 -0.0087417271221056584 0.0072739986872131183 -0.0021421445020375642 0.0061891401652872605 -0.0018920786819740445 -0.0026451497865042153 0.0046084980263277828 -0.0049756198440338781 0.022659901953302326 0.058671284237733261 -0.020007634199213326 0.0074807894242306557 0.034670737351437934 -0.014946388676762581 0.016354796804649675 0.0025381977483360497 0.00047122062773179006 0.0013085724078950771 -0.010314004945308519 0.017443370088653334
leaf_weight=31 37114 1052 108 20 20 23 43 20 24 41 20 22 2603 93 898 408 209 218 40 26 42 75 38 20 23 518 12185 1153 68 43
leaf_count=31 37114 1052 108 20 20 23 43 20 24 41 20 22 2603 93 898 408 209 218 40 26 42 75 38 20 23 518 12185 1153 68 43
internal_value=-1.53625e-12 -0.000774928 -0.00297909 -0.00477623 -0.0175079 0.00224234 -0.00186613 -0.00407805 -0.00387416 -0.000213692 -0.000427487 -0.000272659 1.97852e-05 0.000228359 0.000198503 0.000304753 0.00226429 0.00392108 0.00953591 0.0230191 0.00549836 0.00882523 0.0166243 0.0118509 0.00179611 0.000312638 0.000107358 -0.00103918 0.0012322 0.00188867
internal_weight=57198 1424 289 215 40 74 175 43 132 1135 1094 1074 55774 18660 18567 17669 1617 1209 473 109 364 322 113 83 43 736 16052 3867 1264 1196
internal_count=57198 1424 289 215 40 74 175 43 132 1135 1094 1074 55774 18660 18567 17669 1617 1209 473 109 364 322 113 83 43 736 16052 3867 1264 1196
is_linear=0
shrinkage=0.05


Tree=189
num_leaves=31
num_cat=0
split_feature=3 1 1 2 5 0 2 5 5 1 8 2 0 2 4 3 4 2 2 7 0 5 8 8 4 5 5 4 4 4
split_gain=0.363617 3.58313 1.30366 1.91606 1.87488 1.87845 1.3864 3.37777 2.75501 1.82744 1.89248 1.66174 2.17026 2.37009 1.79107 2.02243 1.33936 1.33741 1.30892 1.28886 1.25807 2.20043 1.29872 1.20691 4.58357 10.7196 3.02469 7.50863 4.04203 4.04552
threshold=0.38509038466313056 2.0111533611481645 1.0930228031736584 1.0694240129737176 1.386347522532285 -0.5280422754559323 0.62280085960382114 -0.49995351371076774 -0.6782255986205753 0.64826487420689693 0.74730582097220966 1.1310019480780908 0.95952884409895844 1.046586375203175 -0.87064317093866095 -0.18845493084082865 -0.68722923510920564 1.1043958128592319 0.57703616770962596 -0.44313593596502393 -0.67278519522355096 0.33010122217555887 -0.99042967103748658 1.0816417019878375 -1.3062512685336163 -0.49995351371076774 -0.89749154395743946 -0.38918158938634145 1.5595914788016185 1.3303240590147996
decision_type=2 2 2 2 2 2 2 2 2 2 2 2 2 2 2 2 2 2 2 2 2 2 2 2 2 2 2 2 2 2
left_child=1 2 6 -4 5 -5 18 8 9 10 -8 12 17 -14 -13 -16 -10 20 23 -17 -9 -22 -23 -1 25 -25 27 -26 29 -29
right_child=-2 -3 3 4 -6 -7 7 11 16 -11 -12 14 13 -15 15 19 -18 -19 -20 -21 21 22 -24 24 26 -27 -28 28 -30 -31
leaf_value=2.7415189549216886e-06 -0.00018876281411306514 -0.014873052951297722 0.0044794888418990333 0.009173031614738562 -0.015139926147505478 -0.0032569508002647622 -0.0040601710671120707 -0.006784835983406786 -0.014939951263566285 -0.015987795171095061 0.0088118537042160029 -0.0023510296097811081 0.0015361849181366564 0.019256509920316085 -0.0061139990482479336 0.0060332877942225124 -0.0024817436950148215 -0.012675205098405 0.0038245603478602565 0.018270437996715117 -0.0040393744562653251 0.0077288354627671656 -9.0005226975566234e-05 -0.011510488376858974 0.0089442753855982684 0.004491520312413658 0.00034537457516886541 0.00093056867263823981 -0.0089630425897763762 0.013854848861934221
leaf_weight=33702 17643 40 383 42 23 110 85 114 94 20 43 64 186 21 20 48 28 31 237 39 273 80 158 222 421 198 1980 733 94 66
leaf_count=33702 17643 40 383 42 23 110 85 114 94 20 43 64 186 21 20 48 28 31 237 39 273 80 158 222 421 198 1980 733 94 66
internal_value=3.31817e-13 8.41952e-05 9.93361e-05 0.00249898 -0.00183552 0.00017765 6.49649e-05 -0.00153785 -0.0065178 -0.00193217 0.000264025 -0.000237476 -0.00112972 0.0033339 0.00426549 0.00822304 -0.0120807 -0.00253821 0.000120474 0.0115189 -0.00203542 -0.000975858 0.00253818 9.70112e-05 0.000952443 -0.00396668 0.00157965 0.00343953 0.000844346 0.00199816
internal_weight=57198 39555 39515 558 175 152 38957 1304 270 148 128 1034 863 207 171 107 122 656 37653 87 625 511 238 37416 3714 420 3294 1314 893 799
internal_count=57198 39555 39515 558 175 152 38957 1304 270 148 128 1034 863 207 171 107 122 656 37653 87 625 511 238 37416 3714 420 3294 1314 893 799
is_linear=0
shrinkage=0.05


Tree=190
num_leaves=31
num_cat=0
split_feature=9 4 1 4 3 8 3 3 3 5 3 3 3 2 2 4 0 11 2 3 1 5 1 8 0 4 4 0 4 4
split_gain=0.345907 1.72016 6.10684 2.32882 3.23854 2.57625 1.82434 1.60396 1.45131 1.54448 1.47839 1.70066 1.59757 1.30149 2.16549 1.26583 1.53722 1.18633 3.7292 2.97692 2.26538 4.63044 5.14094 2.50621 2.19284 1.65017 2.63468 2.15908 2.14816 6.48449
threshold=1.249578857053727 -0.71015597708788747 -0.34836112014251558 -0.52674204125843294 0.99269473000008912 -1.7049705869141294 1.5369806572815394 0.058886353907459811 2.8180227285006008 1.4495693291702281 1.9298277118313358 2.1013061194939193 1.7225842956808226 0.69239275780205234 1.2560040516425619 0.20691370205938739 -0.076729895149008923 1.4457311165250033 5.2373451118821626 4.0338895687215937 -0.28776643054781897 1.386347522532285 -0.71410960361967124 1.0816417019878375 -1.6769597163557377 -1.2833245265549345 -0.71015597708788747 0.59010491522874431 -0.11406068564215872 0.046426508208614714
decision_type=2 2 2 2 2 2 2 2 2 2 2 2 2 2 2 2 2 2 2 2 2 2 2 2 2 2 2 2 2 2
left_child=17 2 7 4 5 -3 -4 -2 10 -10 12 -12 -5 -14 -15 -13 -17 -1 20 -20 21 22 -19 24 -23 -22 -27 28 -28 -30
right_child=1 3 6 8 -6 -7 -8 -9 9 -11 11 15 13 14 -16 16 -18 18 19 -21 25 23 -24 -25 -26 26 27 -29 29 -31
leaf_value=7.8422222466169725e-06 -0.00035363271381643396 0.015183546440675856 -0.0081512377051575508 -0.00014654206936807017 0.023553060521371665 0.0014110933310301586 -0.024056113436818124 -0.0066009642412946396 0.001623552997729608 0.017742222029229867 -0.012140345341241402 0.010086575024761261 -0.00177448639459908 0.02234158356115222 0.00056212618947029116 0.00059500115923583508 -0.0137711629168027 0.0052495371232308997 -0.024122628685086966 0.00053074280343328914 0.0064875622288565393 -0.00029128268993060507 0.032487079202352713 -0.010413856012746692 0.0085271279624348478 -0.0078723529285828885 -0.0047349421968120066 0.015376952428370713 0.016351891592528454 -0.00013524501526712671
leaf_weight=47869 2110 38 183 4860 20 319 20 108 42 23 54 20 25 25 21 60 27 41 25 24 108 140 30 33 142 96 157 25 68 485
leaf_count=47869 2110 38 183 4860 20 319 20 108 42 23 54 20 25 25 21 60 27 41 25 24 108 140 30 33 142 96 157 25 68 485
internal_value=7.28109e-14 -0.000305923 -0.00141754 0.000180386 0.00397394 0.00287707 -0.00971822 -0.000657831 -9.69402e-05 0.00732708 -0.000191709 -0.00490664 -3.77636e-05 0.0074082 0.0123988 -0.00125598 -0.00386346 4.94205e-05 0.00149797 -0.0120475 0.0019989 0.00522347 0.0167584 0.00262354 0.00414919 0.000673358 -8.22782e-05 0.000935201 0.000426689 0.00189211
internal_weight=57198 7955 2421 5534 377 357 203 2218 5157 65 5092 161 4931 71 46 107 87 49243 1374 49 1325 386 71 315 282 939 831 735 710 553
internal_count=57198 7955 2421 5534 377 357 203 2218 5157 65 5092 161 4931 71 46 107 87 49243 1374 49 1325 386 71 315 282 939 831 735 710 553
is_linear=0
shrinkage=0.05


Tree=191
num_leaves=31
num_cat=0
split_feature=0 0 4 8 3 4 1 2 9 7 2 1 3 6 1 5 4 3 8 4 5 11 3 5 1 4 5 5 0 5
split_gain=0.348946 1.11394 2.9775 1.76192 7.28254 3.95581 2.00595 1.83115 1.74923 1.39656 1.45778 1.76948 1.35953 1.66593 1.35668 2.8627 2.90226 1.62277 1.34171 6.81113 4.81294 3.8015 4.03223 5.7777 4.88376 3.57272 6.04631 3.23273 2.84953 2.81248
threshold=0.43202768883440962 0.32213540752312358 1.2386170911000722 1.0184757865176055 0.81361762173099172 -0.43503507334370556 -0.18741263661334856 -0.032936269796758198 -0.24969433409923195 -0.17418860646293408 -0.68649174333611673 -0.46843655709783383 0.42096706327770367 0.31220406105026438 0.083637597197720015 -0.43848646996953172 0.89471596141984389 0.13519163842017046 1.0816417019878375 -1.2833245265549345 -1.1326614881673891 -0.7500292558394458 1.1592813222604847 1.2655051286133518 0.75363646932169959 -0.61844900917316037 -0.89749154395743946 -1.3931917313346975 0.13473263118872361 -0.6782255986205753
decision_type=2 2 2 2 2 2 2 2 2 2 2 2 2 2 2 2 2 2 2 2 2 2 2 2 2 2 2 2 2 2
left_child=1 18 3 6 -5 -6 -3 8 12 10 -4 -12 13 -8 -9 -16 17 -17 -1 20 27 22 24 -24 -21 26 28 -20 -23 -28
right_child=-2 2 9 4 5 -7 7 14 -10 -11 11 -13 -14 -15 15 16 -18 -19 19 21 -22 25 23 -25 -26 -27 29 -29 -30 -31
leaf_value=-0.00011076387806048945 0.00018560732608589045 -0.0018025806658544961 0.00017848735306567204 -0.00056274001181754439 -0.0071062249088183387 -0.030120805227621034 0.0010350212578059119 0.0062353467560843437 -0.0032553945787442036 -0.0022148388249282106 -0.023534738095033737 -0.0079775593498662267 0.018352072698802787 0.012569950782726037 -0.010867557882923972 0.015511063547594295 -0.010655598407378421 0.0013894939136030811 -0.00018326744320802392 0.0079218531010655669 -0.001847033424991984 0.0071675580724956519 0.027929967094678432 -4.1379987572630252e-05 -0.014524658147485986 0.00018327991558086005 -0.0071754870029721168 -0.018889633618177377 0.019330319254540731 0.0024113535103453283
leaf_weight=33198 17552 597 45 537 43 33 68 103 39 247 21 141 29 58 55 21 50 651 32 111 339 262 48 30 31 2210 94 83 59 411
leaf_count=33198 17552 597 45 537 43 33 68 103 39 247 21 141 29 58 55 21 50 651 32 111 339 262 48 30 31 2210 94 83 59 411
internal_value=-7.74458e-13 -8.21717e-05 -0.00105524 -0.000320123 -0.00261296 -0.0170994 0.000520997 0.00181259 0.00620973 -0.00475352 -0.00778277 -0.00999423 0.00859128 0.00634475 0.000843225 0.000128439 0.000966084 0.00183079 -9.98486e-06 0.000891811 -0.00484548 0.00169179 0.00803845 0.0171718 0.00302156 0.00123189 0.00403748 -0.0136844 0.00940308 0.000626872
internal_weight=57198 39646 2738 2284 613 76 1671 1074 194 454 207 162 155 126 880 777 722 672 36908 3710 454 3256 220 78 142 3036 826 115 321 505
internal_count=57198 39646 2738 2284 613 76 1671 1074 194 454 207 162 155 126 880 777 722 672 36908 3710 454 3256 220 78 142 3036 826 115 321 505
is_linear=0
shrinkage=0.05


Tree=192
num_leaves=31
num_cat=0
split_feature=4 4 9 3 3 2 7 6 2 9 0 3 4 3 3 2 6 4 9 4 4 1 6 0 0 1 6 9 4 3
split_gain=0.342881 1.9906 4.64628 3.34147 3.05106 2.92948 3.09569 2.79795 2.28265 2.05738 5.58025 3.94806 3.29938 2.9537 3.8685 4.84387 3.60158 7.89188 9.38614 11.4699 2.96336 4.24196 3.5083 9.55009 3.94358 3.40923 3.12688 7.54944 7.73373 5.3314
threshold=0.16106021810202364 0.069353250187296225 0.54991803451567944 2.1013061194939193 2.4195774946774047 -0.67822365289544484 -0.080597219688208724 0.046773696581961052 0.086499370549254787 -0.24969433409923195 -0.65873892843185644 -1.410088842511209 1.0000000180025095e-35 0.11220184395505013 1.5767137871784713 -0.23226009388300137 1.7136308150948316 -0.71015597708788747 0.94972421882313496 -1.4896652043630716 -0.43503507334370556 1.0000000180025095e-35 0.046773696581961052 0.22961286561260316 0.35385035637129642 0.5153442357537944 1.0000000180025095e-35 0.15011185020822368 -0.091133943663477338 1.1374496828789169
decision_type=2 2 2 2 2 2 2 2 2 2 2 2 2 2 2 2 2 2 2 2 2 2 2 2 2 2 2 2 2 2
left_child=1 9 -3 5 -5 -4 -7 -8 -9 10 -1 -12 13 16 20 -16 -11 18 19 -18 22 -22 -15 25 -25 -24 29 -28 -29 -23
right_child=-2 2 3 4 -6 6 7 8 -10 12 11 -13 -14 14 15 -17 17 -19 -20 -21 21 26 23 24 -26 -27 27 28 -30 -31
leaf_value=-0.010071032658840219 0.00014368047506161435 0.00035939033540491165 -0.0011116675259420716 0.016708234642390851 -0.002032727660477027 -0.013407239316466247 -0.01230517243219645 -0.0067801056813229545 0.010841134432121181 0.00037004562508753598 0.0092839026943381357 -0.00044941091338615981 0.0034728019545273133 0.0010618191859750967 0.02604409042745829 0.0012397118264546308 0.044735446228430821 -0.0021513061190647424 0.00015435078635546096 0.010102770880871276 0.00063905908165066516 -0.0056493556598860139 -0.0056785033189601479 0.010229869155708941 -0.00092997569420396383 -0.016330562514393399 0.0017100121737856076 -0.01613566319083681 -0.00041488619869457441 0.0044287475812794163
leaf_weight=150 24058 943 140 27 111 212 53 34 40 10827 105 13411 800 1504 20 1239 26 369 262 297 502 410 186 93 532 126 152 265 111 193
leaf_count=150 24058 943 140 27 111 212 53 34 40 10827 105 13411 800 1504 20 1239 26 369 262 297 502 410 186 93 532 126 152 265 111 193
internal_value=1.63048e-12 -0.000104305 -0.00184784 -0.00522128 0.00163398 -0.00719629 -0.00970911 -0.00353585 0.00274489 -1.81773e-05 -0.000480235 -0.000373797 0.000334311 0.000187602 -0.000788697 0.00163374 0.000629551 0.00357469 0.00718647 0.0128905 -0.00153731 -0.00318601 -0.000434349 -0.00283588 0.000730609 -0.0099803 -0.00488379 -0.00769334 -0.0114947 -0.00242369
internal_weight=57198 33140 1560 617 138 479 339 127 74 31580 13666 13516 17914 17114 5333 1259 11781 954 585 323 4074 1633 2441 937 625 312 1131 528 376 603
internal_count=57198 33140 1560 617 138 479 339 127 74 31580 13666 13516 17914 17114 5333 1259 11781 954 585 323 4074 1633 2441 937 625 312 1131 528 376 603
is_linear=0
shrinkage=0.05


Tree=193
num_leaves=31
num_cat=0
split_feature=5 1 4 8 3 4 2 2 2 8 5 4 4 3 12 2 5 2 4 7 5 1 4 1 4 4 6 0 4 4
split_gain=0.337448 1.57502 1.37141 1.24952 1.17388 1.11621 1.82075 2.20799 0.810314 0.770887 0.764118 1.94003 3.68291 4.3266 3.37562 3.16257 5.4528 4.41461 4.19627 6.26078 5.19974 2.78196 3.13016 5.41419 2.51828 3.29973 2.49389 3.92848 3.30927 7.42517
threshold=1.4779829372212656 -0.53540675782828329 0.98642292933457132 1.0000000180025095e-35 1.2855968839227649 -0.57259552521579626 -0.10457611174928209 0.35639803499597861 -0.43621754556502956 -1.7049705869141294 0.5168783321317606 1.490811252865573 -0.022353717727431312 1.4724410070425007 1.0000000180025095e-35 -0.52103851032982251 1.4312047935437753 0.2887373728673252 -0.68722923510920564 -0.080597219688208724 1.4495693291702281 2.0111533611481645 1.3532508009934816 1.5928914074645542 -0.68722923510920564 -1.2833245265549345 -1.0557360505944642 -0.88899551609493488 -0.18284091157820473 -0.29747462147161352
decision_type=2 2 2 2 2 2 2 2 2 2 2 2 2 2 2 2 2 2 2 2 2 2 2 2 2 2 2 2 2 2
left_child=10 8 4 -4 5 -3 9 -8 -2 -7 -1 12 15 -14 21 18 26 24 20 -20 -12 22 -15 -24 25 -18 27 -17 29 -29
right_child=1 2 3 -5 -6 6 7 -9 -10 -11 11 -13 13 14 -16 16 17 -19 19 -21 -22 -23 23 -25 -26 -27 -28 28 -30 -31
leaf_value=-8.840160098577106e-05 -4.1412328275048288e-05 -0.0092126303026452677 -0.013858309942815041 -0.0034894775678744406 -0.011742118877117281 0.0067684236752729001 0.012600931022405767 -0.0042578022651028847 0.0074978728426180578 -0.0020505186531002465 0.004932335699989859 -0.0013096497367778726 0.0027399986414210513 0.0030099403328896534 -0.0033024523149318267 0.0069702138254069722 0.0036069638673216103 -0.018842761515314499 0.0033268942915723287 0.018741156979145981 -0.0030505190089286892 -0.00040141464327153229 -0.0032704482209824381 0.029610776204255319 0.00443219455711257 -0.01171935834996876 7.7260106854918145e-05 -0.0040038457084709232 0.0055725012138002341 -0.02334963142904535
leaf_weight=37114 3560 40 45 82 27 26 52 31 36 528 346 1621 3128 290 628 80 50 63 335 82 497 754 21 31 65 118 7044 382 65 57
leaf_count=37114 3560 40 45 82 27 26 52 31 36 528 346 1621 3128 290 628 80 50 63 335 82 497 754 21 31 65 118 7044 382 65 57
internal_value=-1.01199e-12 -0.000419301 -0.00238116 -0.00716347 -0.00151844 -0.0011107 -0.000601944 0.0063043 3.40644e-05 -0.00163663 3.51755e-05 0.000328108 0.00051725 0.00163154 -0.000379623 -7.14417e-05 -0.000441429 -0.00709979 0.00225537 0.006358 0.000225955 0.00129514 0.00503549 0.0163318 -0.00392465 -0.00715795 -0.000183056 -0.00332289 -0.00495672 -0.00651571
internal_weight=57198 4427 831 127 704 677 637 83 3596 554 52771 15657 14036 4852 1724 9184 7924 296 1260 417 843 1096 342 52 233 168 7628 584 504 439
internal_count=57198 4427 831 127 704 677 637 83 3596 554 52771 15657 14036 4852 1724 9184 7924 296 1260 417 843 1096 342 52 233 168 7628 584 504 439
is_linear=0
shrinkage=0.05


Tree=194
num_leaves=31
num_cat=0
split_feature=9 0 0 4 0 5 4 0 0 4 4 4 1 4 3 3 3 4 3 8 1 6 6 4 0 4 8 4 6 7
split_gain=0.331726 0.875781 1.10543 1.41971 1.46067 1.21785 1.17096 0.93523 0.838674 0.7768 0.694221 0.708336 0.757566 0.721084 0.677125 0.669367 0.967013 1.05293 1.02889 0.650729 0.73098 0.567489 0.554256 0.514757 0.494099 0.491181 0.56427 0.489213 0.469929 0.447201
threshold=-1.4491128870215986 2.0936190745863663 -0.046811405019422853 -1.0769838487467975 0.035253852697791459 1.0000000180025095e-35 -0.82478968698129729 1.9414015623555161 1.5985144478365731 1.2844705750574359 1.5595914788016185 1.2844705750574359 -0.14828384956501042 0.68837528361170697 0.3252125093176112 -0.42268210105194015 0.22176384916709704 1.3761775429721637 1.0907270677046579 -0.99042967103748658 -0.74062265276999062 1.0000000180025095e-35 1.0000000180025095e-35 -1.2374710425975708 2.4700175506702986 0.91764270339852583 -0.99042967103748658 0.7800822515264344 -0.90990146219895396 -0.67566290470831769
decision_type=2 2 2 2 2 2 2 2 2 2 2 2 2 2 2 2 2 2 2 2 2 2 2 2 2 2 2 2 2 2
left_child=1 2 6 5 21 8 19 15 22 23 11 13 -13 28 -9 -6 25 -18 -19 20 -1 -5 -4 -3 -2 27 -27 -17 -8 -15
right_child=24 9 3 4 7 -7 10 14 -10 -11 -12 12 -14 29 -16 16 17 18 -20 -21 -22 -23 -24 -25 -26 26 -28 -29 -30 -31
leaf_value=0.00093723441610703826 -2.5560641971892196e-05 -0.0072313325425896512 0.0040186380574014037 0.0072493161319708878 0.0027130670908663886 0.0011768853722997075 0.0039299868255844982 0.010876883535335462 0.00042169404512692598 -0.0077358291126854196 -0.0044414551401242728 0.002038497071247548 0.01284550273170074 -0.0044845699923893407 0.002418665946294953 -0.0022864941168367734 -0.00042547974191211956 0.0051543261883399902 -0.0025084698791535379 -0.0016429361044174584 -0.0086842287967134873 0.0010000034704312889 0.010385961641548891 0.00050649993476502959 -0.0037966835312378041 -0.012739627689800479 -0.0036977779790322535 0.005126066390424967 -0.00064797863718880303 -0.00014160687145482056
leaf_weight=26 53405 26 50 111 200 199 161 30 42 56 66 50 24 81 112 203 1006 179 58 224 82 54 108 124 87 22 80 25 86 221
leaf_count=26 53405 26 50 111 200 199 161 30 42 56 66 50 24 81 112 203 1006 179 58 224 82 54 108 124 87 22 80 25 86 221
internal_value=4.58055e-13 0.000457468 0.000643941 0.0012142 0.000690137 0.00394618 -0.000740665 0.000301206 0.00670163 -0.00271075 0.000434742 0.000951322 0.00554347 0.000332343 0.00420561 -1.14985e-05 -0.000357915 0.000280853 0.00327904 -0.00317999 -0.00636795 0.00520409 0.00837099 -0.000834724 -3.1694e-05 -0.00276394 -0.00564798 -0.00147371 0.00233604 -0.00130644
internal_weight=57198 3706 3500 2479 2080 399 1021 1915 200 206 689 623 74 549 142 1773 1573 1243 237 332 108 165 158 150 53492 330 102 228 247 302
internal_count=57198 3706 3500 2479 2080 399 1021 1915 200 206 689 623 74 549 142 1773 1573 1243 237 332 108 165 158 150 53492 330 102 228 247 302
is_linear=0
shrinkage=0.05


Tree=195
num_leaves=31
num_cat=0
split_feature=0 5 5 0 4 3 3 3 1 3 3 8 1 3 5 4 4 5 1 0 3 4 8 4 5 5 0 4 12 8
split_gain=0.324872 0.636408 0.935797 2.79145 2.14019 1.11514 0.875374 0.836909 0.653293 0.582236 0.525195 0.580427 0.493707 0.86664 0.477296 1.21773 1.6878 3.24573 4.95695 5.93597 2.3339 3.2553 4.40259 3.86646 2.66571 5.81803 3.57396 3.6079 2.63231 2.49517
threshold=-1.9518562126726928 1.4495693291702281 1.4101165497556909 -2.0029426460512427 0.13813347612334176 0.79836532886923239 0.90626936441350303 0.019279446282800355 0.5015000983547887 1.3470610015778208 1.5048606475528781 -0.99042967103748658 -0.015671131174441178 0.72387548690827463 0.5168783321317606 1.5137379948442546 -0.022353717727431312 1.4779829372212656 -0.31705626842013029 -1.8581196697814495 1.4724410070425007 0.71130202559038891 0.21070812337056413 0.89471596141984389 0.86189575033690324 1.2291569272765577 -0.2699986224458748 1.2844705750574359 1.0000000180025095e-35 0.21070812337056413
decision_type=2 2 2 2 2 2 2 2 2 2 2 2 2 2 2 2 2 2 2 2 2 2 2 2 2 2 2 2 2 2
left_child=1 2 5 6 -5 -1 7 -4 -7 -8 12 -12 13 -3 -2 16 -16 18 19 -18 21 22 -20 -23 26 29 27 -25 -22 -26
right_child=14 10 3 4 -6 8 9 -9 -10 -11 11 -13 -14 -15 15 -17 17 -19 20 -21 28 23 -24 24 25 -27 -28 -29 -30 -31
leaf_value=0.0090410364500712603 -8.4673121761182009e-05 -0.00050868476654714382 -0.0024357299655573547 -0.027991913482546805 -0.004860832244157791 -0.0092940846881405872 0.0094606024001471015 -0.013731996454298496 0.0031918823719024659 -0.00058032040556316221 -0.00075256820535287263 0.011149189168853421 -0.0064433747225187037 0.0071811562012858059 -3.0782401333201811e-05 -0.001081575665278301 0.032852009772544814 -0.00090587823301023669 0.0083212081478872615 0.0055498232784343335 0.0010598347214090039 -0.0071875823209863292 0.0016818707810913342 0.0023989629090818416 0.0024545756970409832 -0.0011813975780879671 0.0017842007015763232 -0.010526161892276661 -0.0032495966724991293 0.010931507041326163
leaf_weight=32 37114 1023 91 20 20 22 22 20 20 42 20 21 33 38 10741 1627 21 1648 407 383 1117 143 646 85 136 337 462 148 519 240
leaf_count=32 37114 1023 91 20 20 22 22 20 20 42 20 21 33 38 10741 1627 21 1648 407 383 1117 143 646 85 136 337 462 148 519 240
internal_value=2.87943e-14 -0.000745756 -0.0028405 -0.0045097 -0.0164264 0.0020092 -0.00178589 -0.00447109 -0.00334839 0.00287125 -0.000212379 0.00534345 -0.000420596 -0.000233271 1.90403e-05 0.000225322 0.000350158 0.00100046 0.00167695 0.006969 0.00117271 0.00210253 0.00424807 0.000645886 0.00144147 0.00358942 -0.0007621 -0.00581099 -0.000307277 0.00786538
internal_weight=57198 1424 289 215 40 74 175 111 42 64 1135 41 1094 1061 55774 18660 17033 6292 4644 404 4240 2604 1053 1551 1408 713 695 233 1636 376
internal_count=57198 1424 289 215 40 74 175 111 42 64 1135 41 1094 1061 55774 18660 17033 6292 4644 404 4240 2604 1053 1551 1408 713 695 233 1636 376
is_linear=0
shrinkage=0.05


Tree=196
num_leaves=31
num_cat=0
split_feature=2 5 5 1 12 0 3 8 0 2 1 0 0 2 3 4 4 2 4 5 3 4 3 8 8 4 4 1 0 1
split_gain=0.346965 1.98809 1.82398 1.72859 1.72273 2.71295 1.57083 1.45521 2.18417 2.69175 2.03041 1.70272 2.25681 4.91523 4.43576 2.27531 8.6585 4.4164 2.62009 1.85359 1.91121 2.27029 1.42883 5.49408 3.38735 3.61346 8.18897 13.6511 5.15722 2.45578
threshold=0.60545553821043763 -0.49995351371076774 -0.6782255986205753 0.52887757080824238 1.3877518748983242 -0.76410449065143304 -0.37720595901579007 1.0184757865176055 0.30827873209710005 1.159381937518811 0.86905360594489955 1.6437776611856465 1.768166426889292 3.621925625133366 3.1923315992737717 1.0000000180025095e-35 -0.36625484740765951 1.3805442181215346 0.43618112184620622 1.0142561076130823 3.1923315992737717 -0.04528045970611317 1.3470610015778208 1.0816417019878375 0.21070812337056413 -0.71015597708788747 -0.18284091157820473 0.86905360594489955 0.81365309454649604 2.1410131259481298
decision_type=2 2 2 2 2 2 2 2 2 2 2 2 2 2 2 2 2 2 2 2 2 2 2 2 2 2 2 2 2 2
left_child=22 2 -2 -4 6 -6 -3 11 -9 -10 -11 -8 13 14 15 16 -13 -18 -17 -14 21 -21 29 24 25 -24 27 28 -27 -1
right_child=1 4 3 -5 5 -7 7 8 9 10 -12 12 19 -15 -16 18 17 -19 -20 20 -22 -23 23 -25 -26 26 -28 -29 -30 -31
leaf_value=3.6115193164372649e-05 -0.00032764016588028241 -0.010949916245810914 -0.012941278630419623 -0.0032090809171441597 0.0021123332933324283 -0.012086890668297809 0.00051712170819745429 -0.00044741549135864176 -0.0027704800084232856 -0.025223709039390085 -0.0073047660147706264 0.00011863479986451231 -0.00081846577726933482 -0.022844661123147519 0.020179372113198042 0.011974445528217725 -0.013311583731556312 -0.041202251139012255 -0.0029634036166728719 0.023971359940575591 0.00066622837107291723 0.0037604834715073763 -0.0039439935430960636 0.022465340028702485 -0.0055279845863816721 0.019601255948051673 0.00016363335527663976 0.045836262245263375 -0.00020402440066044663 -0.013028256163751292
leaf_weight=44539 186 33 79 108 61 75 7927 1182 272 25 43 111 1249 33 20 35 40 22 182 24 94 33 145 32 146 54 300 28 84 36
leaf_count=44539 186 33 79 108 61 75 7927 1182 272 25 43 111 1249 33 20 35 40 22 182 24 94 33 145 32 146 54 300 28 84 36
internal_value=2.17242e-12 -0.000241109 -0.00383347 -0.00732054 -0.000124195 -0.00571812 -5.70182e-05 -2.51845e-05 -0.00146328 -0.00499491 -0.0138926 0.000198846 -0.0011701 -0.00428051 -0.00278632 -0.00396405 -0.0082413 -0.0232083 -0.000554073 -0.000185878 0.00504658 0.0122703 6.28974e-05 0.00217207 0.00131423 0.00294919 0.00509407 0.0140045 0.00754587 2.5564e-05
internal_weight=57198 11834 373 187 11461 136 11325 11292 1522 340 68 9770 1843 443 410 390 173 62 217 1400 151 57 45364 789 757 611 466 166 138 44575
internal_count=57198 11834 373 187 11461 136 11325 11292 1522 340 68 9770 1843 443 410 390 173 62 217 1400 151 57 45364 789 757 611 466 166 138 44575
is_linear=0
shrinkage=0.05


Tree=197
num_leaves=31
num_cat=0
split_feature=3 1 4 4 0 5 2 5 8 4 8 8 0 5 0 1 5 3 2 2 4 5 7 0 6 11 2 1 8 3
split_gain=0.351595 3.19641 1.17953 2.02133 2.56644 2.78721 4.28384 4.37575 5.2007 7.07542 5.40117 4.41241 3.35597 2.68269 2.49871 2.5003 2.4738 2.15468 2.06241 1.8601 1.80165 5.47052 10.3295 3.36196 5.28485 12.243 5.5095 4.2683 3.15962 4.66233
threshold=0.38509038466313056 2.0111533611481645 0.71130202559038891 0.91764270339852583 -0.78664977391242574 1.2655051286133518 -0.69575800094286688 0.9652358749025497 0.21070812337056413 1.5595914788016185 0.74730582097220966 0.21070812337056413 -0.42168672253551637 1.0142561076130823 -0.071792865959544941 1.63712839294973 -0.12103222127716169 0.59083550807874652 2.4358698305335271 0.076919213403333256 0.41325437986752434 1.4495693291702281 -0.74807555454224595 0.20246100450631968 1.0000000180025095e-35 -0.7500292558394458 1.1043958128592319 0.84897375568649669 1.0816417019878375 0.81361762173099172
decision_type=2 2 2 2 2 2 2 2 2 2 2 2 2 2 2 2 2 2 2 2 2 2 2 2 2 2 2 2 2 2
left_child=1 -1 20 -4 -5 6 -6 11 -9 10 -10 19 17 -12 -15 -16 -14 -13 -18 -8 23 -22 -23 24 -2 -26 -27 -28 -25 -30
right_child=2 -3 3 4 5 -7 7 8 9 -11 13 12 16 14 15 -17 18 -19 -20 -21 21 22 -24 28 25 26 27 -29 29 -31
leaf_value=9.7092038866744429e-05 -2.34472517351148e-05 -0.014044250173610634 -0.0041545819418422579 0.0067940887603667914 0.022695640923921019 -0.0054459757860217057 0.0088474544718684187 -0.00078206268204994336 0.027031024876767052 -0.0012368057022143638 0.02322583331439931 0.00020216051489114762 -0.0082674964314550566 0.013211775359651838 -0.0072622262803633932 0.011757061604617371 -0.0015527421604557574 -0.019009522490065406 -0.012143956985285816 7.3675325386540955e-05 0.00056498666661490777 0.031288040923171272 0.0031230896807783078 0.00081489462803223411 -0.016139448448452616 -0.0050555258205848301 0.014298586355003176 0.00019506397022044265 0.0002347143525445746 -0.0076608932371392798
leaf_weight=39515 2605 40 426 116 20 293 63 467 52 147 26 20 183 61 48 27 1084 54 48 1469 1232 43 134 6855 177 653 61 445 551 283
leaf_count=39515 2605 40 426 116 20 293 63 467 52 147 26 20 183 61 48 27 1084 54 48 1469 1232 43 134 6855 177 653 61 445 551 283
internal_value=3.67382e-12 8.27916e-05 -0.000185616 -0.000873623 -0.000539087 -0.000748504 -0.000383325 -0.000506445 0.00270196 0.00720899 0.0130105 -0.00141591 -0.00345681 0.00851015 0.00569685 -0.000415283 -0.00287379 -0.0138172 -0.00200184 0.000434477 5.73155e-05 0.00174588 0.00996542 -0.000147258 -0.00133469 -0.00389141 -0.00202092 0.00189529 0.00046136 -0.00244449
internal_weight=57198 39555 17643 4604 4178 4062 3769 3749 828 361 214 2921 1389 162 136 75 1315 74 1132 1532 13039 1409 177 11630 3941 1336 1159 506 7689 834
internal_count=57198 39555 17643 4604 4178 4062 3769 3749 828 361 214 2921 1389 162 136 75 1315 74 1132 1532 13039 1409 177 11630 3941 1336 1159 506 7689 834
is_linear=0
shrinkage=0.05


Tree=198
num_leaves=31
num_cat=0
split_feature=6 2 4 0 4 1 1 5 4 4 8 0 4 1 0 5 4 4 2 5 2 3 4 4 2 4 0 3 3 3
split_gain=0.337126 1.30889 4.22225 3.43419 2.01666 1.54865 2.61773 2.02133 1.41103 3.19634 3.34631 1.48606 1.37537 1.64325 1.37189 1.26078 2.16266 1.25765 1.18809 1.17418 1.10113 1.09453 1.20648 1.6681 1.17045 1.0769 2.21392 1.88334 2.36574 1.82441
threshold=-0.50231995162864196 1.2560040516425619 0.57374157371829748 -0.2699986224458748 0.48203460580356999 1.8186907630078453 0.93881227628889519 0.9652358749025497 -0.64137575115184176 0.11520673414465986 -0.99042967103748658 0.48237527457014401 0.069353250187296225 1.4441017921016528 0.30227715048109216 1.2655051286133518 -0.43503507334370556 -1.2833245265549345 2.1621874656600508 0.13795703969815493 1.0279604420624799 1.9298277118313358 -0.29747462147161352 -1.2833245265549345 0.72303529494781482 1.0000000180025095e-35 -0.59646414449833429 0.68117419941196011 1.5369806572815394 1.2593885293927383
decision_type=2 2 2 2 2 2 2 2 2 2 2 2 2 2 2 2 2 2 2 2 2 2 2 2 2 2 2 2 2 2
left_child=1 5 4 -4 8 6 14 12 17 10 -10 18 -8 -14 -1 16 -12 -3 -11 -16 -7 22 23 24 -9 -24 -27 -28 29 -29
right_child=-2 2 3 -5 -6 20 7 21 9 11 15 -13 13 -15 19 -17 -18 -19 -20 -21 -22 -23 25 -25 -26 26 27 28 -30 -31
leaf_value=-0.00011434263439118757 9.9632779480436385e-05 -0.00074235201804059576 -0.0062567389483481721 -0.026330818264530254 0.010578930077071374 -0.014810646399855616 -0.0049177117210153186 -0.0093044014926999801 -0.0018262452434256529 0.0046734008225757864 -0.022249519094824793 -0.010304614349647806 0.0045235419989962406 -0.0092551086223326053 -0.0048996807183139032 -0.024783110310090707 -0.0027532503026481154 0.00805351073949543 -0.0023397880356720428 0.0037141676367993684 -0.0017564192347760714 0.012498503332761557 -0.0017574433310200339 0.011339880976997013 0.0069236889050807802 -0.0016301246787324916 -0.0012038089203997516 0.010651979482175689 -0.0008861863945743868 0.026932463951578195
leaf_weight=20966 34175 101 118 26 39 30 120 20 111 160 25 27 129 26 250 24 33 68 97 47 35 38 115 98 25 111 48 79 35 22
leaf_count=20966 34175 101 118 26 39 30 120 20 111 160 25 27 129 26 250 24 33 68 97 47 35 38 115 98 25 111 48 79 35 22
internal_value=-1.21024e-12 -0.000147893 -0.00209855 -0.00988123 -0.000462487 -7.50316e-05 -5.23953e-05 0.00264227 -0.00112907 -0.00252001 -0.00748499 0.000854085 -0.000898987 0.00221228 -0.000162144 -0.015145 -0.0111568 0.00279681 0.0020264 -0.00353655 -0.00778145 0.00429006 0.00372601 0.00768051 -0.000288796 0.00234676 0.0039467 0.00731098 0.0103162 0.0141982
internal_weight=57198 23023 829 144 685 22194 22129 866 646 477 193 284 275 155 21263 82 58 169 257 297 65 591 553 143 45 410 295 184 136 101
internal_count=57198 23023 829 144 685 22194 22129 866 646 477 193 284 275 155 21263 82 58 169 257 297 65 591 553 143 45 410 295 184 136 101
is_linear=0
shrinkage=0.05


Tree=199
num_leaves=31
num_cat=0
split_feature=3 1 1 5 4 1 4 4 12 4 0 4 4 4 0 5 9 0 9 8 0 8 7 0 5 6 0 4 4 1
split_gain=0.332566 2.86885 1.17628 1.57602 1.53592 1.46307 1.43969 1.71135 1.46183 1.53873 1.28387 1.16611 1.04716 1.82269 2.35297 2.47591 3.81439 4.13551 4.6597 2.53596 2.4417 2.39255 2.9692 3.57372 2.38866 4.04566 3.58223 2.81519 4.85622 2.74705
threshold=0.38509038466313056 2.0111533611481645 0.95892606154816384 1.386347522532285 1.3761775429721637 0.98286267578694131 0.13813347612334176 -1.4208849784270259 1.0398297212233845 -1.2833245265549345 -0.21970742502192073 1.5595914788016185 0.71130202559038891 0.91764270339852583 -0.78664977391242574 1.2655051286133518 -0.14974278802236804 1.6887697751547579 0.15011185020822368 0.21070812337056413 -0.42168672253551637 1.0000000180025095e-35 -0.44313593596502393 -0.071792865959544941 0.9652358749025497 1.0000000180025095e-35 1.2079298665622893 1.3991042849508457 1.5595914788016185 1.3758557643562199
decision_type=2 2 2 2 2 2 2 2 2 2 2 2 2 2 2 2 2 2 2 2 2 2 2 2 2 2 2 2 2 2
left_child=1 2 -1 4 5 -4 7 -7 9 -9 -5 -6 -2 -14 -15 16 19 18 24 -16 -21 -20 23 -23 -18 29 27 -27 -29 -26
right_child=12 -3 3 10 11 6 -8 8 -10 -11 -12 -13 13 14 15 -17 17 -19 21 20 -22 22 -24 -25 25 26 -28 28 -30 -31
leaf_value=5.6537569991830716e-05 4.837204077636448e-05 -0.013303131312131884 0.014951906413450067 -0.0099557434193506527 -0.0064697221031083775 0.0094081017837849158 0.008817329905419188 -0.0048498350247712946 -0.0084419005263883344 0.0037319138623284815 0.0019228990529922562 0.0045603501182552931 -0.0039443567373484874 0.0065104723333457397 7.2224616585668297e-05 -0.0051390043208725221 0.0026873161559883276 -0.013246634157951034 -0.004095581872194695 -0.013212967753809477 -0.0025333953915908491 0.0047469424766342291 -0.0012214359358539715 0.027397191065496637 0.0080922894046067239 0.0060224104672670364 -0.00044520762609317902 0.04111784930030505 0.014645310936541093 -0.0083174081199935516
leaf_weight=38781 13039 40 29 46 68 67 99 67 39 237 45 37 426 116 1420 293 226 42 240 56 1209 102 204 21 94 24 25 30 41 35
leaf_count=38781 13039 40 29 46 68 67 99 67 39 237 45 37 426 116 1420 293 226 42 240 56 1209 102 204 21 94 24 25 30 41 35
internal_value=2.8227e-12 8.05201e-05 9.4068e-05 0.00207699 0.00294859 0.00402817 0.00340579 0.00209911 0.000671401 0.00184054 -0.00408169 -0.00258293 -0.000180523 -0.000828778 -0.000511105 -0.000711623 -0.000367441 0.00213594 0.00275597 -0.00137812 -0.00300617 -0.00030438 0.00247815 0.00861406 0.00640905 0.00978702 0.016395 0.0208266 0.0258309 0.00364005
internal_weight=57198 39555 39515 734 643 538 509 410 343 304 91 105 17643 4604 4178 4062 3769 1084 1042 2685 1265 567 327 123 475 249 120 95 71 129
internal_count=57198 39555 39515 734 643 538 509 410 343 304 91 105 17643 4604 4178 4062 3769 1084 1042 2685 1265 567 327 123 475 249 120 95 71 129
is_linear=0
shrinkage=0.05


end of trees

feature_importances:
Column_4=1154
Column_0=998
Column_5=840
Column_2=827
Column_3=598
Column_1=556
Column_6=283
Column_8=235
Column_7=199
Column_9=163
Column_11=80
Column_12=67

parameters:
[boosting: gbdt]
[objective: regression]
[metric: rmse]
[tree_learner: serial]
[device_type: cpu]
[data_sample_strategy: bagging]
[data: ]
[valid: ]
[num_iterations: 200]
[learning_rate: 0.05]
[num_leaves: 31]
[num_threads: 0]
[seed: 0]
[deterministic: 0]
[force_col_wise: 0]
[force_row_wise: 0]
[histogram_pool_size: -1]
[max_depth: -1]
[min_data_in_leaf: 20]
[min_sum_hessian_in_leaf: 0.001]
[bagging_fraction: 1]
[pos_bagging_fraction: 1]
[neg_bagging_fraction: 1]
[bagging_freq: 0]
[bagging_seed: 3]
[bagging_by_query: 0]
[feature_fraction: 0.9]
[feature_fraction_bynode: 1]
[feature_fraction_seed: 2]
[extra_trees: 0]
[extra_seed: 6]
[early_stopping_round: 0]
[early_stopping_min_delta: 0]
[first_metric_only: 0]
[max_delta_step: 0]
[lambda_l1: 0]
[lambda_l2: 0]
[linear_lambda: 0]
[min_gain_to_split: 0]
[drop_rate: 0.1]
[max_drop: 50]
[skip_drop: 0.5]
[xgboost_dart_mode: 0]
[uniform_drop: 0]
[drop_seed: 4]
[top_rate: 0.2]
[other_rate: 0.1]
[min_data_per_group: 100]
[max_cat_threshold: 32]
[cat_l2: 10]
[cat_smooth: 10]
[max_cat_to_onehot: 4]
[top_k: 20]
[monotone_constraints: 0,0,0,0,0,0,0,0,0,0,0,0,0]
[monotone_constraints_method: basic]
[monotone_penalty: 0]
[feature_contri: ]
[forcedsplits_filename: ]
[refit_decay_rate: 0.9]
[cegb_tradeoff: 1]
[cegb_penalty_split: 0]
[cegb_penalty_feature_lazy: ]
[cegb_penalty_feature_coupled: ]
[path_smooth: 0]
[interaction_constraints: ]
[verbosity: -1]
[saved_feature_importance_type: 0]
[use_quantized_grad: 0]
[num_grad_quant_bins: 4]
[quant_train_renew_leaf: 0]
[stochastic_rounding: 1]
[linear_tree: 0]
[max_bin: 255]
[max_bin_by_feature: ]
[min_data_in_bin: 3]
[bin_construct_sample_cnt: 200000]
[data_random_seed: 1]
[is_enable_sparse: 1]
[enable_bundle: 1]
[use_missing: 1]
[zero_as_missing: 0]
[feature_pre_filter: 1]
[pre_partition: 0]
[two_round: 0]
[header: 0]
[label_column: ]
[weight_column: ]
[group_column: ]
[ignore_column: ]
[categorical_feature: ]
[forcedbins_filename: ]
[precise_float_parser: 0]
[parser_config_file: ]
[objective_seed: 5]
[num_class: 1]
[is_unbalance: 0]
[scale_pos_weight: 1]
[sigmoid: 1]
[boost_from_average: 1]
[reg_sqrt: 0]
[alpha: 0.9]
[fair_c: 1]
[poisson_max_delta_step: 0.7]
[tweedie_variance_power: 1.5]
[lambdarank_truncation_level: 30]
[lambdarank_norm: 1]
[label_gain: ]
[lambdarank_position_bias_regularization: 0]
[eval_at: ]
[multi_error_top_k: 1]
[auc_mu_weights: ]
[num_machines: 1]
[local_listen_port: 12400]
[time_out: 120]
[machine_list_filename: ]
[machines: ]
[gpu_platform_id: -1]
[gpu_device_id: -1]
[gpu_use_dp: 0]
[num_gpu: 1]

end of parameters

pandas_categorical:null
