tree
version=v4
num_class=1
num_tree_per_iteration=1
label_index=0
max_feature_idx=12
objective=regression
feature_names=Column_0 Column_1 Column_2 Column_3 Column_4 Column_5 Column_6 Column_7 Column_8 Column_9 Column_10 Column_11 Column_12
monotone_constraints=0 0 0 0 0 0 0 0 0 0 0 0 0
feature_infos=[-2.4823683388990396:2.5440475208152473] [-4.2606658488857816:8.7232960760261573] [-3.458520091712336:11.088555839153292] [-2.8136995500190163:6.8004089054413024] [-1.5699088012884586:1.7086153016630505] [-1.4553549023291066:1.5008546061687347] [-1.190537054806317:1.7213990255497027] [-1.0429883169335341:2.5792285251021578] [-1.8978064874608338:1.1067783269404354] [-1.5990402061368947:1.8992639065533419] none [-1.8479094420216704:1.8116911785857446] [-1.5695864313386645:1.5617129517357939]
tree_sizes=2788 2859 2888 2849 2876 2873 2860 2869 2851 2892 2871 2882 2859 2870 2876 2898 2878 2894 2873 2887 2858 2858 2885 2904 2889 2909 2880 2891 2884 2890 2897 2894 2897 2927 2913 2898 2934 2912 2897 2907 2873 2942 2894 2897 2928 2877 2946 2955 2914 2894 2880 2894 2906 2925 2901 2886 2886 2901 2916 2909 2864 2895 2920 2963 2891 2912 2861 2882 2848 2927 2907 2954 2901 2932 2890 2929 2976 2907 2929 2941 2950 2844 2932 2948 2941 2877 2931 2883 2865 2905 2953 2916 2938 2872 2917 2912 2912 2880 2919 2876 2879 2919 2921 2897 2896 2949 2870 2952 2877 2932 2932 2974 2857 2950 2929 2920 2904 2914 2914 2858 2888 2883 2913 2916 2887 2882 2931 2856 2913 2819 2984 2806 2897 2939 2847 2948 2860 2950 2915 2938 2878 2884 2924 2917 2894 2924 2937 2839 2921 2908 2866 2870 2935 2896 2907 2941 2888 2885 2898 2876 2929 2902 2851 2943 2899 2879 2933 2880 2873 2857 2914 2857 2922 2883 2858 2916 2952 2892 2878 2872 2901 2947 2895 2935 2916 2953 2912 2956 2901 2893 2894 2872 2895 2925 2884 2915 2907 2885 2871 2886

Tree=0
num_leaves=31
num_cat=0
split_feature=1 1 1 3 3 3 3 3 5 4 5 3 0 9 1 1 6 0 5 4 8 3 1 3 0 8 6 1 1 0
split_gain=9115.88 2799.58 1783.89 770.219 687.361 388.333 270.435 231.232 190.846 193.731 165.111 158.705 123.335 117.27 103.222 82.3993 81.5099 81.0074 74.6269 70.8966 67.9033 63.3724 54.6206 50.8436 49.1115 43.5737 38.8155 38.7642 35.727 33.9342
threshold=0.39212955187785875 2.4152294704462594 -0.41808679582134439 2.8180227285006008 1.2593885293927383 0.11220184395505013 -0.49447259509091973 0.25508985753172742 1.4312047935437753 0.092279992165977986 1.4495693291702281 3.1923315992737717 1.6630209632296875 0.44996648843881543 0.83056234791135608 1.2547072608373124 1.7136308150948316 1.4752347667327759 -0.31317640375456596 0.25276718601675113 -1.7049705869141294 0.54324650311998157 3.5767933308216593 -0.38694813342098133 1.9936084506522318 -0.25919494664649734 1.7136308150948316 4.5432521720492414 -0.73118407486279324 0.23804502183376877
decision_type=2 2 2 2 2 2 2 2 2 2 2 2 2 2 2 2 2 2 2 2 2 2 2 2 2 2 2 2 2 2
left_child=2 4 6 10 7 23 13 -2 9 11 24 -5 17 26 -9 -6 -12 -13 -7 -17 -15 28 -11 -4 27 -23 -1 -3 -8 -20
right_child=1 3 5 8 15 18 21 14 -10 22 16 12 -14 20 -16 19 -18 -19 29 -21 -22 25 -24 -25 -26 -27 -28 -29 -30 -31
leaf_value=0.62115435242020567 0.64652044213539428 0.70249632690574582 0.63127091325223306 0.72224354189991546 0.6763438173491445 0.64126478004516019 0.62120448818039642 0.65846842715311082 0.8870164468928956 0.72744646572152183 0.74741202146259766 0.81521689469067082 0.80017119756961164 0.60114425988281117 0.66965592089352954 0.68362345071571429 0.87985466158551084 0.9258232862714082 0.64803088422113786 0.70172193780840575 0.61334984206471377 0.66813311601166814 0.77923520862205309 0.63748919218844446 0.73912245074955452 0.63517059533671749 0.65770021432801129 0.75800796160637074 0.6286936642315577 0.65653344186035478
leaf_weight=3999 2396 669 6450 34 1815 2082 2954 4049 51 114 26 25 85 1309 4201 1400 21 49 2171 882 8800 129 92 6704 125 450 74 33 3455 2554
leaf_count=3999 2396 669 6450 34 1815 2082 2954 4049 51 114 26 25 85 1309 4201 1400 21 49 2171 882 8800 129 92 6704 125 450 74 33 3455 2554
internal_value=0.641209 0.673146 0.628733 0.742792 0.666892 0.639457 0.618622 0.660194 0.79594 0.784299 0.715428 0.820293 0.84126 0.614655 0.664165 0.684295 0.806589 0.888456 0.649152 0.690619 0.611769 0.626673 0.750575 0.63444 0.710247 0.642515 0.621818 0.705106 0.625242 0.652627
internal_weight=57198 16067 41131 1324 14743 19961 21170 10646 450 399 874 193 159 14182 8250 4097 47 74 6807 2282 10109 6988 206 13154 827 579 4073 702 6409 4725
internal_count=57198 16067 41131 1324 14743 19961 21170 10646 450 399 874 193 159 14182 8250 4097 47 74 6807 2282 10109 6988 206 13154 827 579 4073 702 6409 4725
is_linear=0
shrinkage=1


Tree=1
num_leaves=31
num_cat=0
split_feature=2 2 2 2 3 2 3 5 2 2 5 2 3 11 0 5 2 5 2 0 8 8 2 9 0 0 5 0 0 5
split_gain=9534.18 2871.26 1591.28 1053.02 564.252 315.561 255.953 228.545 228.109 158.592 121.883 92.5368 84.689 125.5 143.932 69.9194 61.9019 49.7123 34.5864 49.173 33.5473 33.126 32.3828 31.9669 30.7657 30.5043 30.1047 29.9032 29.5569 61.7906
threshold=0.20843090722836591 2.4215941071938034 -0.5697166753376709 0.78745773111758854 2.593219488673522 5.1381541538316595 1.5767137871784713 -0.24956724947920125 -0.86562960514144638 -0.17192784638767408 -0.37618863167946776 -1.2434798852983919 3.1923315992737717 -0.7500292558394458 1.6437776611856465 1.4495693291702281 1.3659699941318044 -0.24956724947920125 3.6090885753489395 0.060068782369897232 -1.7049705869141294 0.38174988366425283 0.54409918236884047 0.15011185020822368 2.0272351338969243 0.44823345040270363 1.3599459555339253 -0.36218820601171692 0.87749911906728173 1.2655051286133518
decision_type=2 2 2 2 2 2 2 2 2 2 2 2 2 2 2 2 2 2 2 2 2 2 2 2 2 2 2 2 2 2
left_child=2 3 8 7 18 12 10 25 11 -4 -5 20 -6 14 -14 -7 -12 -11 24 27 -1 -8 28 -10 -3 -2 -15 -20 -9 -30
right_child=1 4 9 6 5 15 21 22 23 17 16 -13 13 26 -16 -17 -18 -19 19 -21 -22 -23 -24 -25 -26 -27 -28 -29 29 -31
leaf_value=-0.047122357167371828 -0.0055687873147843292 0.06066224932987338 -0.0096550146348804537 0.0061277184710491319 0.085975899998468497 0.18314982629739321 0.056229480534966569 0.012947430726620246 -0.015070209723809859 -0.0041805239371199227 0.030162743476663256 -0.028371837677260772 0.27115250170230865 0.079301408128660239 0.13500283409248701 0.26491055414080622 0.041446647595532765 0.0029051390545699616 0.084665817421461856 0.068601626205062008 -0.034255812538268114 0.042583051880606668 0.02189621569017626 -0.021862702847269246 0.10777138110838438 0.0049173366165587715 0.12768106556990569 0.1520370626822114 0.020783676202167742 0.098977030097292029
leaf_weight=955 1044 394 10125 437 141 143 1408 3586 2901 5125 4103 8126 30 61 55 32 1727 4788 28 95 1079 650 2734 4299 38 2066 68 40 894 26
leaf_count=955 1044 394 10125 437 141 143 1408 3586 2901 5125 4103 8126 30 61 55 32 1727 4788 28 95 1079 650 2734 4299 38 2066 68 40 894 26
internal_value=2.84648e-11 0.0280552 -0.0148535 0.0233819 0.105631 0.14315 0.0366203 0.0127336 -0.0259343 -0.00525364 0.0315963 -0.0307592 0.116062 0.135885 0.183056 0.1981 0.0335053 -0.000758134 0.072211 0.0918361 -0.0402969 0.0519194 0.0176033 -0.0191259 0.0648061 0.00139724 0.104804 0.124296 0.0149986 0.0229935
internal_weight=57198 19800 37398 18675 1125 530 8325 10350 17360 20038 6267 10160 355 214 85 175 5830 9913 595 163 2034 2058 7240 7200 432 3110 129 68 4506 920
internal_count=57198 19800 37398 18675 1125 530 8325 10350 17360 20038 6267 10160 355 214 85 175 5830 9913 595 163 2034 2058 7240 7200 432 3110 129 68 4506 920
is_linear=0
shrinkage=0.05


Tree=2
num_leaves=31
num_cat=0
split_feature=2 2 2 2 3 2 5 2 3 2 2 2 3 4 5 0 5 4 1 4 4 0 4 5 2 0 2 6 9 3
split_gain=8604.6 2591.31 1436.13 956.258 509.237 284.794 284.689 205.868 156.838 143.87 83.8062 81.0679 76.4319 180.097 68.4645 63.4559 53.559 44.559 45.7264 42.5857 38.856 31.9963 36.337 31.3191 31.2142 44.3787 30.8009 30.7299 28.8502 28.2849
threshold=0.20843090722836591 2.4215941071938034 -0.5697166753376709 0.9797632844673233 2.593219488673522 5.1381541538316595 -0.24956724947920125 -0.86562960514144638 1.5767137871784713 -0.22491587391728121 -1.2737009764792824 0.6183313564187537 3.1923315992737717 -0.20576765355688617 -0.37618863167946776 0.47334650493396263 -0.24956724947920125 0.25276718601675113 3.0972743299717664 -0.38918158938634145 0.45910786382488805 0.44823345040270363 -1.3062512685336163 0.69515041704156832 3.6090885753489395 0.060068782369897232 -1.9672679338424122 1.1185040474979022 0.15011185020822368 0.2327597114287652
decision_type=2 2 2 2 2 2 2 2 2 2 2 2 2 2 2 2 2 2 2 2 2 2 2 2 2 2 2 2 2 2
left_child=2 3 7 6 24 12 21 10 14 -4 23 -8 -6 19 -5 -7 27 18 -10 -14 -15 22 -2 26 -3 -26 -1 -11 -9 -18
right_child=1 4 9 8 5 15 11 28 17 16 -12 -13 13 20 -16 -17 29 -19 -20 -21 -22 -23 -24 -25 25 -27 -28 -29 -30 -31
leaf_value=-0.058692749751971501 -0.022097395411997914 0.061565802830241247 -0.0097908418418106921 0.0067515689257766206 0.081677105682010351 0.22025962253896203 0.014949652085176554 -0.014316699210323955 0.042880552787061155 -0.0069948810819161229 -0.027108402012428607 0.024471171375042376 0.16824758269570092 0.12008358284952195 0.034745541248862276 0.15992360890552562 -0.00073875748168103538 0.060799789481488148 0.099381255136953825 0.2655521097390548 0.066218080630768908 0.0052887614705208145 -0.00011195112425380803 -0.0071259305944565594 0.11808116392177695 0.065171545326317623 -0.037921100875421117 0.00078643380095278458 -0.020769567555994094 0.0066048237065438262
leaf_weight=202 244 432 8775 231 141 82 5329 2901 1113 4034 8352 3851 22 123 4008 93 3112 686 37 23 46 2358 818 74 68 95 1532 1851 4299 2266
leaf_count=202 244 432 8775 231 141 82 5329 2901 1113 4034 8352 3851 22 123 4008 93 3112 686 37 23 46 2358 818 74 68 95 1532 1851 4299 2266
internal_value=1.84265e-11 0.0266524 -0.0141109 0.0222128 0.10035 0.135993 0.0143566 -0.0246376 0.0385073 -0.00499096 -0.0292212 0.0189439 0.110259 0.129091 0.03322 0.188195 -0.00125137 0.0507145 0.0446984 0.217981 0.105422 0.00204315 -0.00516322 -0.0389814 0.0686004 0.0872443 -0.0403409 -0.00454744 -0.0181696 0.00235543
internal_weight=57198 19800 37398 18675 1125 530 12600 17360 6075 20038 10160 9180 355 214 4239 175 11263 1836 1150 45 169 3420 1062 1808 595 163 1734 5885 7200 5378
internal_count=57198 19800 37398 18675 1125 530 12600 17360 6075 20038 10160 9180 355 214 4239 175 11263 1836 1150 45 169 3420 1062 1808 595 163 1734 5885 7200 5378
is_linear=0
shrinkage=0.05


Tree=3
num_leaves=31
num_cat=0
split_feature=2 2 2 2 3 2 5 2 2 3 2 3 4 5 5 2 3 9 4 1 4 4 4 4 2 0 0 0 0 2
split_gain=7768.55 2298.39 1366.19 816.084 459.587 257.027 240.205 187.396 149.369 141.546 71.9321 68.9798 162.537 61.7892 59.9546 58.2547 52.3321 46.9978 40.2145 41.2681 38.4336 35.9635 35.0675 33.7263 28.1708 40.0517 27.766 26.9877 26.2329 26.0068
threshold=0.23785536925810616 2.4215941071938034 -0.5697166753376709 0.9797632844673233 2.593219488673522 5.1381541538316595 -0.31317640375456596 -0.96122086448131194 -0.17192784638767408 1.5767137871784713 0.6183313564187537 3.1923315992737717 -0.20576765355688617 -0.37618863167946776 1.4495693291702281 -1.5098030454564346 0.21109231303450274 0.25006339628508761 0.25276718601675113 3.0972743299717664 -0.38918158938634145 -0.27454787949293208 0.45910786382488805 -0.57259552521579626 3.6090885753489395 0.060068782369897232 2.0272351338969243 -0.36218820601171692 -0.076729895149008923 1.3659699941318044
decision_type=2 2 2 2 2 2 2 2 2 2 2 2 2 2 2 2 2 2 2 2 2 2 2 2 2 2 2 2 2 2
left_child=2 3 7 6 24 11 -2 15 -4 13 -8 -6 20 -5 21 23 -10 -9 19 -11 -13 -7 -14 -1 26 27 -3 -26 -29 -15
right_child=1 4 8 9 5 14 10 17 16 18 -12 12 22 29 -16 -17 -18 -19 -20 -21 -22 -23 -24 -25 25 -27 -28 28 -30 -31
leaf_value=-0.049100304295530944 0.0011962319459730975 0.0545508459907115 -0.0087309314330573096 0.0064139905368790304 0.077593249674384482 0.1129680621403235 0.014093763399251908 -0.014576781809268864 -0.0026906353913900682 0.040736524447248977 0.023040143101551488 0.15983520041812549 0.11407940333512256 0.029503708453874979 0.24065203964710236 -0.027966140828797066 0.004798806490622645 -0.021623379883344847 0.057759799547737835 0.094412192380106133 0.25227450624756192 0.17703855407649075 0.062907178505607272 -0.02918636823567965 0.074528466783730055 0.0619129677974668 0.099304519672142835 0.17902255266904832 0.098039749078452587 0.037637037932982599
leaf_weight=562 2780 394 10125 231 141 27 5173 3660 7119 1113 3972 22 123 2281 32 6102 3469 6694 686 37 23 116 46 342 28 95 38 20 20 1727
leaf_count=562 2780 394 10125 231 141 27 5173 3660 7119 1113 3972 22 123 2281 32 6102 3469 6694 686 37 23 116 46 342 28 95 38 20 20 1727
internal_value=-1.28336e-11 0.025999 -0.01306 0.0216657 0.0953322 0.129193 0.0140669 -0.0234057 -0.00438895 0.0365819 0.0179795 0.104746 0.122636 0.031559 0.178786 -0.029721 -0.000236832 -0.0191325 0.0481788 0.0424635 0.207082 0.164941 0.100151 -0.0415665 0.0651704 0.0828821 0.0584875 0.112177 0.138531 0.0330083
internal_weight=57198 19125 38073 18000 1125 530 11925 17360 20713 6075 9145 355 214 4239 175 7006 10588 10354 1836 1150 45 143 169 904 595 163 432 68 40 4008
internal_count=57198 19125 38073 18000 1125 530 11925 17360 20713 6075 9145 355 214 4239 175 7006 10588 10354 1836 1150 45 143 169 904 595 163 432 68 40 4008
is_linear=0
shrinkage=0.05


Tree=4
num_leaves=31
num_cat=0
split_feature=2 2 2 2 3 2 3 5 2 2 5 3 4 5 2 2 5 4 9 4 1 4 4 4 4 0 5 0 6 5
split_gain=7013.2 2110.13 1169.47 783.9 414.777 231.967 190.047 169.388 153.898 133.897 89.4176 62.2542 147.72 54.109 52.5748 47.7068 46.8865 43.8785 38.2373 33.3798 40.7069 32.942 32.457 30.4379 30.4019 28.5485 40.9967 69.8868 27.0976 25.6938
threshold=0.20843090722836591 2.4215941071938034 -0.59673217154252389 0.78745773111758854 2.593219488673522 5.1381541538316595 1.5767137871784713 -0.24956724947920125 -0.96122086448131194 -0.22491587391728121 -0.37618863167946776 3.1923315992737717 -0.25162113751425025 1.4495693291702281 -1.5098030454564346 1.3124609408881884 -0.24956724947920125 -0.38918158938634145 0.25006339628508761 0.25276718601675113 3.0972743299717664 0.45910786382488805 -0.27454787949293208 -0.57259552521579626 -1.3750314944696622 0.81365309454649604 1.2655051286133518 1.064645369283699 1.1185040474979022 -1.1326614881673891
decision_type=2 2 2 2 2 2 2 2 2 2 2 2 2 2 2 2 2 2 2 2 2 2 2 2 2 2 2 2 2 2
left_child=2 3 8 7 -3 11 10 24 14 29 -5 -6 17 22 23 -12 28 -13 -10 20 -8 -14 -7 -1 -2 -9 -27 -28 -11 -4
right_child=1 4 9 6 5 13 19 25 18 16 15 12 21 -15 -16 -17 -18 -19 -20 -21 -22 -23 -24 -25 -26 26 27 -29 -30 -31
leaf_value=-0.046645288533958683 -0.013119512742225415 0.061911868119941038 -0.014322094532774068 0.0053341524536096446 0.073713586696073516 0.10731966070554876 0.03813317141135561 0.013300573160694129 -0.014120808562501594 -0.0065035141208523318 0.025641360802015761 0.15184343846684153 0.10919799879784622 0.22861944064497949 -0.026567833763633621 0.035293855122772042 0.0022533226734589209 0.25417141467332843 -0.02075785133088592 0.052879468271016618 0.089376298934221277 0.059761818401191547 0.16818662632642123 -0.027727049834037756 0.0028263065655095214 0.019241840486905568 0.018467527505209937 0.13219348632476546 0.00080346335934504377 -0.0078673527097674091
leaf_weight=562 335 595 1940 437 141 27 1246 5509 3285 4034 3932 22 126 32 6102 1898 5378 20 6394 772 40 46 116 342 2775 1674 35 22 1851 7510
leaf_count=562 335 595 1940 437 141 27 1246 5509 3285 4034 3932 22 126 32 6102 1898 5378 20 6394 772 40 46 116 342 2775 1674 35 22 1851 7510
internal_value=3.00632e-11 0.0240619 -0.0127393 0.0200556 0.0905656 0.122733 0.0314778 0.0108682 -0.0225908 -0.00480366 0.0271487 0.0995087 0.116505 0.169846 -0.028235 0.0287838 -0.00112133 0.200571 -0.0185053 0.0446608 0.039727 0.0959767 0.156694 -0.0394882 0.00110867 0.0150605 0.0206617 0.0623618 -0.00420526 -0.00919245
internal_weight=57198 19800 37398 18675 1125 530 8325 10350 16685 20713 6267 355 214 175 7006 5830 11263 42 9679 2058 1286 172 143 904 3110 7240 1731 57 5885 9450
internal_count=57198 19800 37398 18675 1125 530 8325 10350 16685 20713 6267 355 214 175 7006 5830 11263 42 9679 2058 1286 172 143 904 3110 7240 1731 57 5885 9450
is_linear=0
shrinkage=0.05


Tree=5
num_leaves=31
num_cat=0
split_feature=2 2 2 3 2 2 2 2 5 5 2 7 4 3 3 2 0 3 5 4 0 5 4 5 5 2 2 0 0 0
split_gain=6336.89 1708.79 1496.54 374.336 308.338 266.859 253.299 209.35 126.505 119.451 64.1928 58.3581 58.4515 146.416 54.1591 49.5102 49.1208 34.1049 33.3175 36.5407 32.4324 55.3904 27.7794 27.213 26.5471 26.4464 25.4242 36.1467 25.0588 24.3564
threshold=0.54409918236884047 -0.44541620993183795 2.4215941071938034 2.593219488673522 1.3124609408881884 0.045181290866512763 -0.86562960514144638 5.1381541538316595 -0.37618863167946776 -0.31317640375456596 -1.2434798852983919 1.707859523614377 -0.25162113751425025 3.1923315992737717 1.6725078410514487 0.78745773111758854 0.47334650493396263 0.50228783319909509 0.91441636237843227 0.20691370205938739 0.87749911906728173 1.2655051286133518 0.57374157371829748 0.69515041704156832 -1.1326614881673891 -1.9672679338424122 3.6090885753489395 0.060068782369897232 2.0272351338969243 -0.36218820601171692
decision_type=2 2 2 2 2 2 2 2 2 2 2 2 2 2 2 2 2 2 2 2 2 2 2 2 2 2 2 2 2 2
left_child=1 6 4 26 8 17 10 11 -2 -7 23 -5 13 -13 -6 -10 -9 -3 -17 -20 -11 -22 -14 25 -8 -1 28 29 -4 -28
right_child=2 5 3 7 14 9 24 16 15 20 -12 12 22 -15 -16 18 -18 -19 19 -21 21 -23 -24 -25 -26 -27 27 -29 -30 -31
leaf_value=-0.051355308615187611 0.0023912077899241684 -0.0056419458477091613 0.048727710032362849 0.069558380335463701 0.033590283617431736 -0.00099227939007006066 -0.018148356839674498 0.1895649650474874 0.017514427015248704 0.0082166831824009561 -0.023150671375551629 0.065241410263947072 0.105569007202726 0.21769029729896122 0.046735080791211546 0.022776546286636799 0.13647977528713082 0.0027294842019710049 0.026436602823950883 0.042788836347924505 0.015568506740558683 0.089318391069984793 0.05417544644545106 -0.0037278564414009452 -0.01247019537087434 -0.032251426681228074 0.067706450048301905 0.055721726182260012 0.091243702800650361 0.12850900233024731
leaf_weight=202 865 11469 394 141 2138 4041 2835 82 2922 5741 8126 28 116 36 1237 2990 93 1361 1039 509 1225 26 34 76 7515 1756 28 95 38 40
leaf_count=202 865 11469 394 141 2138 4041 2835 82 2922 5741 8126 28 116 36 1237 2990 93 1361 1039 509 1225 26 34 76 7515 1756 28 95 38 40
internal_value=2.49947e-11 -0.00894719 0.0309562 0.0860373 0.02566 0.00014932 -0.0195308 0.116597 0.0204918 0.00585116 -0.0251391 0.0945333 0.110989 0.150994 0.0384081 0.0225906 0.161354 -0.00475391 0.0258592 0.0318134 0.0098063 0.0171013 0.0939198 -0.0330829 -0.0140255 -0.0342223 0.0588163 0.0756424 0.0524675 0.103473
internal_weight=57198 44373 12825 1125 11700 23863 20510 530 8325 11033 10160 355 214 64 3375 7460 175 12830 4538 1548 6992 1251 150 2034 10350 1958 595 163 432 68
internal_count=57198 44373 12825 1125 11700 23863 20510 530 8325 11033 10160 355 214 64 3375 7460 175 12830 4538 1548 6992 1251 150 2034 10350 1958 595 163 432 68
is_linear=0
shrinkage=0.05


Tree=6
num_leaves=31
num_cat=0
split_feature=2 2 2 2 3 2 5 2 2 3 2 7 4 3 5 5 5 2 4 1 4 1 8 0 4 2 0 0 0 0
split_gain=5727.63 1677.61 1026.08 594.486 337.839 188.938 179.472 139.94 115.439 105.001 57.934 52.6682 52.7525 132.141 46.3972 45.6551 45.6505 45.3149 32.3354 33.3613 28.1448 25.3899 24.5927 22.9788 31.9896 22.9453 32.6224 22.6156 22.4977 21.9816
threshold=0.24721678892327062 2.4215941071938034 -0.5697166753376709 0.9797632844673233 2.593219488673522 5.1381541538316595 -0.24956724947920125 -0.86562960514144638 -0.13544684175106086 1.5767137871784713 -1.2434798852983919 1.707859523614377 -0.25162113751425025 3.1923315992737717 1.4495693291702281 -0.37618863167946776 -0.31317640375456596 0.63333256723758613 0.25276718601675113 3.0972743299717664 -0.27454787949293208 3.0972743299717664 -1.7049705869141294 0.44823345040270363 -1.3062512685336163 3.6090885753489395 0.060068782369897232 2.0272351338969243 1.1767010273330964 -0.36218820601171692
decision_type=2 2 2 2 2 2 2 2 2 2 2 2 2 2 2 2 2 2 2 2 2 2 2 2 2 2 2 2 2 2
left_child=2 3 7 6 25 11 23 10 -4 15 22 -6 13 -13 20 -5 28 -8 19 -11 -7 -14 -1 24 -2 27 29 -3 -10 -27
right_child=1 4 8 9 5 14 17 -9 16 18 -12 12 21 -15 -16 -17 -18 -19 -20 -21 -22 -23 -24 -25 -26 26 -28 -29 -30 -31
leaf_value=-0.037272701736695633 -0.020963815182077943 0.04629132553443388 -0.007181273985370943 0.0055246907496498297 0.066080461219217332 0.095129691285115711 0.012772169322328004 -0.014770332937100471 -0.0053720646663643233 0.034775694105556608 -0.021993137780402051 0.061979339910405024 0.056773944736220119 0.20680577812923329 0.20771022215485574 0.028384711544656029 0.0035166488747485156 0.020108181648938656 0.050044640402429064 0.083036208313864643 0.15180922715507192 0.10226441236195444 -0.026256380702387908 0.0046145351662648477 0.00064815706392722344 0.064321128588302856 0.0529356400590194 0.086681519291902848 0.0023662295688504941 0.12208355134353042
leaf_weight=955 230 394 11031 231 141 27 4942 7200 3469 1113 8126 28 43 36 32 4008 5150 3667 686 37 116 107 1079 2191 670 28 95 38 1288 40
leaf_count=955 230 394 11031 231 141 27 4942 7200 3469 1113 8126 28 43 36 32 4008 5150 3667 686 37 116 107 1079 2191 670 28 95 38 1288 40
internal_value=1.97589e-12 0.0225229 -0.011115 0.0187753 0.0817354 0.110767 0.0121863 -0.020103 -0.0036629 0.0314651 -0.0238821 0.0898066 0.105439 0.143444 0.153286 0.027139 0.000254643 0.0158969 0.0414533 0.0363284 0.141107 0.0892238 -0.0314287 0.00185152 -0.0048749 0.0558755 0.0718602 0.0498442 -0.00327685 0.098299
internal_weight=57198 18900 38298 17775 1125 530 11700 17360 20938 6075 10160 355 214 64 175 4239 9907 8609 1836 1150 143 150 2034 3091 900 595 163 432 4757 68
internal_count=57198 18900 38298 17775 1125 530 11700 17360 20938 6075 10160 355 214 64 175 4239 9907 8609 1836 1150 143 150 2034 3091 900 595 163 432 4757 68
is_linear=0
shrinkage=0.05


Tree=7
num_leaves=31
num_cat=0
split_feature=2 2 2 2 3 5 2 2 3 2 2 3 4 5 5 2 3 4 4 4 1 4 9 4 5 2 6 6 5 5
split_gain=5170.99 1549.44 864.073 577.568 304.899 173.632 170.517 125.093 95.6976 92.3129 48.051 48.0104 105.97 43.8256 41.8735 40.0712 38.5224 33.8562 29.5978 25.6402 25.4681 25.4007 24.7849 24.7437 23.2035 22.7512 21.7455 21.1861 24.0469 20.8824
threshold=0.20843090722836591 2.4215941071938034 -0.65050729349713021 0.9797632844673233 2.593219488673522 -0.24956724947920125 5.1381541538316595 -0.24345255592174966 1.7225842956808226 -0.96122086448131194 0.54409918236884047 3.1923315992737717 -0.20576765355688617 -0.31317640375456596 1.4495693291702281 -1.5098030454564346 0.45942812721057019 0.27569392799543307 -0.38918158938634145 -0.57259552521579626 3.0972743299717664 -0.27454787949293208 0.050160304131359752 0.45910786382488805 -1.2122321088555645 1.3659699941318044 -1.0557360505944642 0.046773696581961052 1.4651726809124612 1.1904917396839851
decision_type=2 2 2 2 2 2 2 2 2 2 2 2 2 2 2 2 2 2 2 2 2 2 2 2 2 2 2 2 2 2
left_child=2 3 9 5 27 -2 11 24 13 15 -7 -6 18 -5 21 19 -9 20 -13 -1 -10 -8 -11 29 -4 -15 -12 -3 -29 -14
right_child=1 4 7 8 6 10 14 16 17 22 26 12 23 25 -16 -17 -18 -19 -20 -21 -22 -23 -24 -25 -26 -27 -28 28 -30 -31
leaf_value=-0.04067810903174067 0.0015064301596289121 0.031436572153317299 -0.014578896905611014 0.0074670655429379482 0.062663544381635114 0.011021031879604098 0.09037320384824718 -0.0024108202533632698 0.033592196118469468 -0.011887713349131834 -0.002934388550377246 0.12696543058211154 0.060453692144330808 0.024289371941922863 0.19732470959424975 -0.022829431458946309 0.0050395047883846529 0.051101037412586474 0.20808590028596963 -0.023314741822858261 0.07770199670511134 0.14421876603737474 -0.018111082185794294 0.05080110408041788 -0.0076692028817144514 0.031545893511538615 0.018805956774729366 0.054327002710973231 0.09912788887013449 0.10651941523531433
leaf_weight=562 3420 95 1406 287 141 4506 27 9595 872 2160 118 22 34 2339 32 6102 2118 536 23 342 34 116 6169 46 8944 2007 4556 468 32 89
leaf_count=562 3420 95 1406 287 141 4506 27 9595 872 2160 118 22 34 2339 32 6102 2118 536 23 342 34 116 6169 46 8944 2007 4556 468 32 89
internal_value=-1.96588e-13 0.0206613 -0.0109389 0.0172283 0.0776486 0.0111227 0.105229 -0.0046027 0.0298918 -0.0200551 0.0147053 0.0853163 0.100242 0.0263908 0.145622 -0.0242849 -0.00106362 0.0411404 0.168427 -0.0341092 0.0352475 0.134052 -0.0164971 0.0820858 -0.00860785 0.0276405 0.0182571 0.0530817 0.0571943 0.0937858
internal_weight=57198 19800 37398 18675 1125 12600 530 22063 6075 15335 9180 355 214 4633 175 7006 11713 1442 45 904 906 143 8329 169 10350 4346 4674 595 500 123
internal_count=57198 19800 37398 18675 1125 12600 530 22063 6075 15335 9180 355 214 4633 175 7006 11713 1442 45 904 906 143 8329 169 10350 4346 4674 595 500 123
is_linear=0
shrinkage=0.05


Tree=8
num_leaves=31
num_cat=0
split_feature=2 2 2 3 2 2 2 2 5 5 2 7 4 3 0 2 5 0 6 2 0 1 0 5 2 5 1 0 0 0
split_gain=4668.55 1266.55 1098.72 276.399 242.66 231.409 137.733 111.542 93.5636 92.5448 48.233 47.5017 76.9984 40.3808 39.1079 38.3119 47.0278 37.2901 133.18 34.9402 31.6463 29.1153 28.5901 50.6133 25.5977 23.6308 23.3168 22.2987 34.7939 22.1064
threshold=0.54409918236884047 -0.52495155836920593 2.4215941071938034 2.8180227285006008 0.027653295738949001 1.3124609408881884 -0.86562960514144638 5.1381541538316595 -0.37618863167946776 -0.37618863167946776 -1.2737009764792824 1.707859523614377 -0.25162113751425025 1.6725078410514487 0.47334650493396263 3.6090885753489395 1.4495693291702281 -1.4024432921654559 0.046773696581961052 0.84646226079468212 -0.076729895149008923 3.0972743299717664 0.87749911906728173 1.2655051286133518 -0.26933438599219911 0.69515041704156832 3.0972743299717664 1.4752347667327759 1.768166426889292 0.44823345040270363
decision_type=2 2 2 2 2 2 2 2 2 2 2 2 2 2 2 2 2 2 2 2 2 2 2 2 2 2 2 2 2 2
left_child=1 6 5 15 24 8 10 11 -2 29 25 -5 21 -7 -9 -4 -17 18 -10 -19 -18 -13 -11 -24 -3 -1 -14 -16 -29 -6
right_child=2 4 3 7 9 13 -8 14 17 22 -12 12 26 -15 27 16 20 19 -20 -21 -22 -23 23 -25 -26 -27 -28 28 -30 -31
leaf_value=-0.03016854434877966 0.0019887455494524615 -0.007180399474633524 0.046205624228698894 0.059892921129602796 -0.0061904829247272529 0.028916366856255645 -0.012908439975333891 0.16894167764112356 0.020860051175754055 0.0066665458329333589 -0.019980380139835083 0.11093733630010061 0.048374102486146466 0.040266627048480302 0.0712090794625692 0.058124709944394941 0.14529346018548936 0.015056658536520356 0.1152148390593736 0.022024126824968751 0.064621806964278217 0.18881983608007433 0.013304477435066887 0.083734004483379143 -0.0029459313969856329 -0.001317083480712058 0.095161504598432478 0.18674461305141452 0.10848586158636882 0.0015565266454306385
leaf_weight=1734 865 6525 482 107 1470 2138 8325 64 200 6173 8352 21 37 1237 20 151 31 3434 46 3780 20 28 1351 26 7878 74 95 20 49 2465
leaf_count=1734 865 6525 482 107 1470 2138 8325 64 200 6173 8352 21 37 1237 20 151 31 3434 46 3780 20 28 1351 26 7878 74 95 20 49 2465
internal_value=2.58907e-12 -0.00767962 0.0265706 0.0737662 -0.000541537 0.0220326 -0.0176764 0.104632 0.0175553 0.00487948 -0.0215833 0.0863034 0.101916 0.0330764 0.139132 0.0538662 0.0721454 0.0193603 0.0385036 0.0187075 0.113658 0.155442 0.00811974 0.0146343 -0.00486428 -0.0289877 0.0820469 0.117695 0.13117 -0.00133753
internal_weight=57198 44373 12825 1125 25888 11700 18485 441 8325 11485 10160 288 181 3375 153 684 202 7460 246 7214 51 49 7550 1377 14403 1808 132 89 69 3935
internal_count=57198 44373 12825 1125 25888 11700 18485 441 8325 11485 10160 288 181 3375 153 684 202 7460 246 7214 51 49 7550 1377 14403 1808 132 89 69 3935
is_linear=0
shrinkage=0.05


Tree=9
num_leaves=31
num_cat=0
split_feature=2 2 2 2 3 2 5 2 2 3 2 7 5 1 4 5 2 5 4 3 5 4 6 4 2 6 1 2 3 3
split_gain=4221.7 1231.94 756.954 437.068 250.626 139.304 134.172 106.892 83.6044 80.0636 43.7992 40.6159 40.7498 70.6086 92.6547 38.9888 36.2052 36.1283 28.5837 27.6761 24.6506 22.1846 21.6513 21.1311 21.0149 20.2356 33.1551 20.0228 19.4747 19.3732
threshold=0.24721678892327062 2.4215941071938034 -0.55781333731897265 0.9797632844673233 2.593219488673522 5.1381541538316595 -0.31317640375456596 -0.86562960514144638 -0.024872320707465572 1.8573264343973352 -1.2434798852983919 1.707859523614377 1.1904917396839851 2.8232239291283161 -0.20576765355688617 0.33010122217555887 0.63333256723758613 1.4495693291702281 0.27569392799543307 0.62209703778924041 -0.37618863167946776 -0.68722923510920564 -1.0557360505944642 -0.27454787949293208 -1.9672679338424122 1.0000000180025095e-35 0.25704084222469131 1.3124609408881884 1.3166402403684843 0.76756459146914346
decision_type=2 2 2 2 2 2 2 2 2 2 2 2 2 2 2 2 2 2 2 2 2 2 2 2 2 2 2 2 2 2
left_child=2 3 7 6 29 11 21 10 19 15 22 -6 -13 -14 -15 -5 -8 23 -11 -4 -10 -2 -1 -7 -24 28 -27 -28 -17 -3
right_child=1 4 8 9 5 17 16 -9 20 18 -12 12 13 14 -16 25 -18 -19 -20 -21 -22 -23 24 -25 -26 26 27 -29 -30 -31
leaf_value=-0.0070759445444889754 -0.0051343532772872916 0.0047240845430642367 -0.0058594074248668878 0.015770667919059633 0.056249766618984336 0.081006729165932892 0.010716966919370739 -0.012611518377111089 -0.0020170810915948185 0.032659254656990912 -0.018861637224863292 0.063934226327520965 0.057983786422345376 0.22111864089965821 0.10335411400702157 0.017799930597318898 0.017148788477919032 0.17961779441684486 0.048763012019738677 0.0032341202388286409 0.0040915192713578165 0.0042122187218260202 -0.043646201406508149 0.1301187937918665 -0.026590451554088346 0.07449890490621329 0.023087266143655728 0.032439236798147732 0.030283327227296084 0.049694001929867171
leaf_weight=127 1007 25 13059 1072 141 27 5195 7425 2870 729 8126 85 45 23 61 965 3780 32 443 894 3890 1718 202 116 1705 40 972 1392 462 570
leaf_count=127 1007 25 13059 1072 141 27 5195 7425 2870 729 8126 85 45 23 61 965 3780 32 443 894 3890 1718 202 116 1705 40 972 1392 462 570
internal_value=-5.1766e-12 0.0193366 -0.00954258 0.0161251 0.0700779 0.0950829 0.0104755 -0.0171716 -0.00306569 0.0270059 -0.0205041 0.0770851 0.0908131 0.108524 0.135599 0.0241995 0.0134259 0.131593 0.0387463 -0.00527676 0.00149808 0.000758275 -0.0270658 0.120846 -0.0283971 0.0265581 0.0293578 0.028594 0.0218415 0.0478045
internal_weight=57198 18900 38298 17775 1125 530 11700 17585 20713 6075 10160 355 214 129 84 4903 8975 175 1172 13953 6760 2725 2034 143 1907 3831 2404 2364 1427 595
internal_count=57198 18900 38298 17775 1125 530 11700 17585 20713 6075 10160 355 214 129 84 4903 8975 175 1172 13953 6760 2725 2034 143 1907 3831 2404 2364 1427 595
is_linear=0
shrinkage=0.05


Tree=10
num_leaves=31
num_cat=0
split_feature=2 1 2 2 3 3 2 5 2 5 2 4 3 4 5 5 3 0 0 9 4 0 5 4 4 5 5 0 3 8
split_gain=3811.27 1147.29 639.824 405.648 268.83 113.344 101.901 92.8338 92.6444 71.3807 64.9639 62.2673 138.527 49.8194 43.2555 35.2074 34.0391 33.2208 32.4372 29.7862 27.7207 25.4172 24.8522 24.2722 24.0594 23.8505 22.1112 21.0071 20.8072 20.7832
threshold=0.20843090722836591 2.4152294704462594 -0.67630269650559849 0.76870921502944534 2.8180227285006008 1.3166402403684843 -0.26933438599219911 -0.24956724947920125 5.1381541538316595 1.4495693291702281 -1.1503283976574983 -0.25162113751425025 3.1923315992737717 0.22984044403806927 -0.43848646996953172 0.91441636237843227 0.2327597114287652 0.47334650493396263 -0.076729895149008923 0.25006339628508761 0.45910786382488805 1.9936084506522318 1.2655051286133518 -0.11406068564215872 -1.3750314944696622 1.1904917396839851 -1.1326614881673891 1.6437776611856465 -1.9160917397235644 1.0816417019878375
decision_type=2 2 2 2 2 2 2 2 2 2 2 2 2 2 2 2 2 2 2 2 2 2 2 2 2 2 2 2 2 2
left_child=2 3 10 7 9 14 26 24 11 21 28 12 -6 23 -5 -15 -8 -10 -11 -12 25 27 -14 -7 -2 -13 -4 -3 -1 -17
right_child=1 4 6 5 8 13 16 -9 17 18 19 20 22 15 -16 29 -18 -19 -20 -21 -22 -23 -24 -25 -26 -27 -28 -29 -30 -31
leaf_value=-0.037327841357131242 -0.012222670508714218 0.044039863085394898 -0.012175595110113516 0.00099286452776430989 0.014153216928243638 0.028068293045438515 -0.002675445628028638 0.010961022249452236 0.15325390249490739 0.15075569532134317 -0.011544694875879872 0.053842050041447376 0.21249484504972185 0.02560252622893169 0.019450904518263312 0.047952228406002238 0.0032263330411864133 0.10602195852310554 0.067510505914688115 -0.017365014047273277 0.038935012406488854 0.063877822792530056 0.13557151002543313 0.013485989647159921 0.0020833508310470184 0.09231672292980965 -0.0065807595443344302 0.023161676609588247 -0.023024491896875676 0.026171322323325027
leaf_weight=284 329 541 2259 339 20 1526 9040 7039 64 22 2904 67 21 363 4982 668 3348 89 25 9044 67 125 21 351 2754 101 8091 155 2428 131
leaf_count=284 329 541 2259 339 20 1526 9040 7039 64 22 2904 67 21 363 4982 668 3348 89 25 9044 67 125 21 351 2754 101 8091 155 2428 131
internal_value=1.90036e-12 0.0177381 -0.00939124 0.014524 0.0628084 0.0226748 -0.00413994 0.00779203 0.0941705 0.0465492 -0.0175361 0.0778872 0.122459 0.0303784 0.0182749 0.0385148 -0.00108042 0.125779 0.106476 -0.0159504 0.0661279 0.0431186 0.174033 0.0253414 0.000556695 0.0769727 -0.00780189 0.0393903 -0.0245223 0.0443811
internal_weight=57198 19800 37398 18482 1318 8360 22738 10122 450 868 14660 297 62 3039 5321 1162 12388 153 47 11948 235 821 42 1877 3083 168 10350 696 2712 799
internal_count=57198 19800 37398 18482 1318 8360 22738 10122 450 868 14660 297 62 3039 5321 1162 12388 153 47 11948 235 821 42 1877 3083 168 10350 696 2712 799
is_linear=0
shrinkage=0.05


Tree=11
num_leaves=31
num_cat=0
split_feature=2 2 2 3 2 2 2 2 5 5 3 2 7 5 3 0 5 0 5 3 1 3 4 4 0 5 1 3 0 6
split_gain=3446.21 897.614 839.626 203.835 190.909 135.86 131.874 113.008 63.4286 61.0199 53.5233 36.9247 34.1208 34.5664 62.8103 52.7239 30.7185 26.5132 44.2016 26.2554 25.6555 23.5189 21.4642 21.0515 19.9183 20.9893 19.8048 19.6508 24.2941 53.1959
threshold=0.49890190973551896 -0.44541620993183795 2.4215941071938034 2.593219488673522 1.1130214684400512 -0.86562960514144638 0.045181290866512763 5.1381541538316595 -0.31317640375456596 -0.37618863167946776 1.8573264343973352 -1.5098030454564346 1.707859523614377 1.1904917396839851 4.0338895687215937 1.4752347667327759 1.4495693291702281 0.87749911906728173 1.2655051286133518 0.52784509782456357 3.0972743299717664 0.50228783319909509 0.27569392799543307 -0.57259552521579626 0.53165644211467633 -1.2122321088555645 2.2904216509925721 1.1592813222604847 -1.2764627040706582 -0.50231995162864196
decision_type=2 2 2 2 2 2 2 2 2 2 2 2 2 2 2 2 2 2 2 2 2 2 2 2 2 2 2 2 2 2
left_child=1 5 4 -4 9 11 21 12 -8 -2 19 23 -5 -14 15 -15 -9 -10 -19 -6 -16 -3 -12 -1 25 -7 -21 28 29 -11
right_child=2 6 3 7 10 24 8 16 17 27 22 -13 13 14 20 -17 -18 18 -20 26 -22 -23 -24 -25 -26 -27 -28 -29 -30 -31
leaf_value=-0.034145792198012788 0.0015167659170780626 -0.0042074280797539587 0.043350290744912721 0.050680268172782365 0.013897299966247847 -0.016210244586993626 -0.00097566128563237806 0.10896168454205031 0.0056576389358554092 0.012790985324475639 0.030367241780213411 -0.017606501386726984 0.057603952424491157 0.083362605103424622 0.032779805388002257 0.18816790304013664 0.16315502254292369 0.012559998560945657 0.078514369770597961 0.023944319244526394 0.092143940467100893 0.0027444217613951508 0.044759186788106788 -0.01841268106431793 -0.0042234763442846593 -0.010050885967436928 0.038042469835801083 0.019932471938048354 0.013108059453966992 0.09115459636086598
leaf_weight=562 941 11469 595 141 616 1696 3847 143 5378 67 671 9256 85 21 28 28 32 1107 26 2742 52 1361 422 342 1156 7498 274 1608 5002 32
leaf_count=562 941 11469 595 141 616 1696 3847 143 5378 67 671 9256 85 21 28 28 32 1107 26 2742 52 1361 422 342 1156 7498 274 1608 5002 32
internal_value=8.00096e-13 -0.0068216 0.0220808 0.0634372 0.0183211 -0.0144412 -8.19876e-05 0.0859875 0.00411457 0.0134404 0.0262232 -0.0185485 0.0697772 0.0823597 0.0986716 0.143251 0.118871 0.00712211 0.0140735 0.0233039 0.0713665 -0.00346998 0.0359239 -0.0281937 -0.0104093 -0.0111871 0.0252251 0.0151128 0.0135935 0.0381206
internal_weight=57198 43698 13500 1125 12375 20510 23188 530 10358 7650 4725 10160 355 214 129 49 175 6511 1133 3632 80 12830 1093 904 10350 9194 3016 6709 5101 99
internal_count=57198 43698 13500 1125 12375 20510 23188 530 10358 7650 4725 10160 355 214 129 49 175 6511 1133 3632 80 12830 1093 904 10350 9194 3016 6709 5101 99
is_linear=0
shrinkage=0.05


Tree=12
num_leaves=31
num_cat=0
split_feature=3 1 1 3 1 3 9 4 5 4 7 0 3 5 1 3 4 8 4 5 0 0 1 3 0 5 0 4 6 5
split_gain=2847.59 894.061 574.843 211.136 211.135 96.3238 85.1988 66.6272 80.0159 82.5573 75.2415 72.3502 66.3371 59.6707 44.563 37.4594 34.5335 29.0179 30.434 28.3744 26.8964 26.211 25.7696 25.2737 23.8668 41.5818 31.8482 23.6581 23.0047 21.8664
threshold=0.45942812721057019 2.4152294704462594 -0.41808679582134439 2.8180227285006008 0.84774059752092157 0.11220184395505013 0.44996648843881543 0.52788808976093382 1.1495863065883827 -0.48088855730106883 1.707859523614377 1.8345081719818419 1.5767137871784713 1.4495693291702281 0.1415131560833848 -1.7152345853068274 -0.228694395535568 -0.25919494664649734 -1.2833245265549345 1.2994638957836848 -0.076729895149008923 -1.4824056373715422 0.81287188115710862 -0.37720595901579007 -1.309756144925265 1.4101165497556909 -0.81508687466811336 -0.43503507334370556 -0.88889511337147242 1.4779829372212656
decision_type=2 2 2 2 2 2 2 2 2 2 2 2 2 2 2 2 2 2 2 2 2 2 2 2 2 2 2 2 2 2
left_child=2 4 6 13 14 23 17 8 -5 -10 -11 16 29 -3 -2 -8 19 18 -1 -12 -15 28 -7 -4 25 -23 -26 -20 -14 -6
right_child=1 3 5 7 12 22 15 -9 9 10 11 -13 21 20 -16 -17 -18 -19 27 -21 -22 24 -24 -25 26 -27 -28 -29 -30 -31
leaf_value=0.0003972836123007778 0.0032393266131883814 0.039576708632917644 -0.0054112191957331251 0.046958450637267612 0.017917774306692721 0.0030692648703226702 -0.026212426123947131 0.037503045337230326 0.0059237944986671211 0.067404691104751988 0.21246218830347063 0.083052952061681187 0.027786572375454201 0.13786865987560967 0.011251486293792117 -0.014829459334679128 0.12792857025502896 -0.0057809788814975303 -0.018545624270241107 0.13751155397166379 0.062065969815943395 0.015139801348559559 0.012595942905552625 -0.0012787204416194902 -0.0086273902802969562 0.11475368738174439 0.030364561462337143 -0.010219126545135723 -0.010739185393775826 -0.012966424200467059
leaf_weight=452 2511 799 6952 76 4830 4736 770 63 20 74 28 68 78 22 5619 11779 98 3835 1370 23 25 20 835 7909 54 22 1734 2261 77 58
leaf_count=452 2511 799 6952 76 4830 4736 770 63 20 74 28 68 78 22 5619 11779 98 3835 1370 23 25 20 835 7909 54 22 1734 2261 77 58
internal_value=-2.11684e-11 0.0176724 -0.00704276 0.0575161 0.0142305 -0.00110995 -0.0129654 0.0851873 0.0929498 0.104189 0.110942 0.125789 0.0206816 0.0427973 0.00877688 -0.0155279 0.145293 -0.0089042 -0.0118377 0.178661 0.0975481 0.02839 0.00449716 -0.00321191 0.0300621 0.0673185 0.029187 -0.0133608 0.00864797 0.0175513
internal_weight=57198 16299 40899 1296 15003 20432 20467 450 387 311 291 217 6873 846 8130 12549 149 7918 4083 51 47 1985 5571 14861 1830 42 1788 3631 155 4888
internal_count=57198 16299 40899 1296 15003 20432 20467 450 387 311 291 217 6873 846 8130 12549 149 7918 4083 51 47 1985 5571 14861 1830 42 1788 3631 155 4888
is_linear=0
shrinkage=0.05


Tree=13
num_leaves=31
num_cat=0
split_feature=2 2 2 2 2 5 2 7 2 5 5 4 0 0 11 0 4 5 5 4 4 1 1 2 1 9 5 4 4 8
split_gain=2850.76 828.07 518.174 298.643 159.304 91.8792 75.2657 63.698 59.4976 49.8701 49.177 46.6979 40.9665 31.2959 60.8365 26.3368 42.466 37.1403 28.7328 31.5273 95.359 26.119 24.9993 24.2874 23.0983 22.4879 21.5847 48.6681 20.215 42.2652
threshold=0.24721678892327062 2.4215941071938034 -0.5697166753376709 0.9797632844673233 5.1381541538316595 -0.24956724947920125 -0.96122086448131194 1.707859523614377 -0.17192784638767408 0.9652358749025497 0.39311345010046078 0.48203460580356999 1.6215432339668556 1.6630209632296875 -0.7500292558394458 0.79024895926192718 0.18398696008070553 0.91441636237843227 1.1495863065883827 -0.13698742762084057 -0.38918158938634145 4.5432521720492414 0.20116967003177622 -1.5098030454564346 1.0491910971205096 0.15011185020822368 1.386347522532285 0.11520673414465986 -0.43503507334370556 -0.99042967103748658
decision_type=2 2 2 2 2 2 2 2 2 2 2 2 2 2 2 2 2 2 2 2 2 2 2 2 2 2 2 2 2 2
left_child=2 3 6 5 7 -2 23 -3 -4 -9 -5 13 26 14 -11 16 28 -18 -17 20 -20 -14 -10 -1 -7 -8 -6 -28 -12 -30
right_child=1 4 8 10 12 24 25 9 22 11 15 -13 21 -15 -16 18 17 -19 19 -21 -22 -23 -24 -25 -26 -27 27 -29 29 -31
leaf_value=-0.025879649897517117 0.0011921792980628891 0.036968837162111294 -0.0053002230278154129 0.01329976758318098 0.14603917654603721 0.010045323098058927 -0.0081727608335928608 0.035963193627036608 -0.0014904828033614308 0.16897157526441986 0.020779825371426471 0.031507035480656968 0.021089504100382329 0.067869272938749101 0.082114204133136415 0.026928412179079944 0.016855310890822314 0.034352392652287421 0.040633857190468407 0.025908545884597414 0.14588864309092361 0.085434195123936824 0.0038263872252015129 -0.017098008913343087 0.016848267480819308 -0.013142489631748612 0.037670763209462166 0.11582663270587823 0.025434252826549097 -0.00074391512409845021
leaf_weight=904 3091 530 10125 1225 32 7095 3379 111 7714 28 1248 48 24 111 72 1341 451 926 106 111 27 46 3099 6102 1514 6975 25 98 259 381
leaf_count=904 3091 530 10125 1225 32 7095 3379 111 7714 28 1248 48 24 111 72 1341 451 926 106 111 27 46 3099 6102 1514 6975 25 98 259 381
internal_value=-9.35911e-12 0.0158897 -0.00784156 0.0132568 0.0574905 0.00858674 -0.0142288 0.0480829 -0.00254582 0.0640032 0.022251 0.0760203 0.0951207 0.0861465 0.106434 0.0245118 0.0219447 0.0286217 0.0298 0.0455821 0.0620014 0.0633732 3.33293e-05 -0.0182311 0.0112417 -0.0115206 0.109458 0.0999413 0.0170748 0.00985006
internal_weight=57198 18900 38298 17775 1125 11700 17360 900 20938 370 6075 259 225 211 100 4850 3265 1377 1585 244 133 70 10813 7006 8609 10354 155 123 1888 640
internal_count=57198 18900 38298 17775 1125 11700 17360 900 20938 370 6075 259 225 211 100 4850 3265 1377 1585 244 133 70 10813 7006 8609 10354 155 123 1888 640
is_linear=0
shrinkage=0.05


Tree=14
num_leaves=31
num_cat=0
split_feature=2 2 2 3 2 2 3 2 5 0 6 2 2 0 4 5 4 4 3 11 8 2 1 0 0 0 5 5 0 2
split_gain=2580.96 705.819 599.426 151.231 132.781 117.782 99.2671 86.3826 57.8385 34.068 110.867 31.8359 29.5933 25.8574 25.8567 34.6858 27.611 61.3326 21.3011 23.2111 32.422 20.7485 20.2617 20.1288 19.6624 25.8987 18.6376 17.716 17.3835 16.3105
threshold=0.54409918236884047 -0.41020666726664506 2.4215941071938034 2.593219488673522 1.3659699941318044 -0.86562960514144638 0.16868523533630911 5.1381541538316595 -0.43848646996953172 -1.3768667146945477 0.046773696581961052 0.1494419549747911 -1.2434798852983919 0.47334650493396263 0.45910786382488805 1.0142561076130823 -0.43503507334370556 -0.27454787949293208 1.8573264343973352 1.4457311165250033 -0.99042967103748658 0.84646226079468212 -0.41808679582134439 0.53165644211467633 1.4752347667327759 1.6215432339668556 0.69515041704156832 -1.1326614881673891 -0.066473749301493038 -1.9672679338424122
decision_type=2 2 2 2 2 2 2 2 2 2 2 2 2 2 2 2 2 2 2 2 2 2 2 2 2 2 2 2 2 2
left_child=1 5 4 -4 8 12 22 14 -2 10 -10 -8 26 28 15 -5 -17 -18 -6 -20 -21 -11 -3 27 -15 -26 29 -7 -9 -1
right_child=2 6 3 7 18 23 11 13 9 21 -12 -13 -14 24 -16 16 17 -19 19 20 -22 -23 -24 -25 25 -27 -28 -29 -30 -31
leaf_value=-0.035887127160325209 -0.00087541730377092288 -0.0057098908402478865 0.037314095435147528 0.031132078393628554 0.022518473011508389 -0.012987418681250768 0.0010773554210615197 0.095205458005269375 0.01565187559460272 0.010958321008528116 0.096698306226786587 0.0071612280004915603 -0.014745452257082813 0.042172771461662796 0.032144901197170839 0.037219989573932258 0.14272201391203063 0.069484098198322158 0.03533524222480787 0.03778340936784285 -0.0053164525871144848 0.016192302038722312 -0.0011546683423513679 -0.0029124164382015451 0.14551271378993988 0.078561474746451365 0.0028042577635987026 -0.0082231942892755823 0.14215062059918229 -0.02088434580859494
leaf_weight=202 675 3157 595 56 2220 2636 3721 33 207 3528 53 5094 8126 21 68 40 35 156 755 83 92 4087 10766 1327 20 52 76 7512 49 1756
leaf_count=202 675 3157 595 56 2220 2636 3721 33 207 3528 53 5094 8126 21 68 40 35 156 755 83 92 4087 10766 1327 20 52 76 7512 49 1756
internal_value=-6.14587e-12 -0.00571005 0.0197561 0.054616 0.0164042 -0.0121748 0.000441149 0.0740398 0.0131711 0.0143751 0.0321729 0.0045931 -0.0160955 0.10279 0.0598672 0.0664355 0.0749939 0.0829047 0.0251797 0.0315323 0.0151252 0.0137674 -0.00218755 -0.00870346 0.0847428 0.097159 -0.0214892 -0.00946073 0.123258 -0.0224321
internal_weight=57198 44373 12825 1125 11700 21635 22738 530 8550 7875 260 8815 10160 175 355 287 231 191 3150 930 175 7615 13923 11475 93 72 2034 10148 82 1958
internal_count=57198 44373 12825 1125 11700 21635 22738 530 8550 7875 260 8815 10160 175 355 287 231 191 3150 930 175 7615 13923 11475 93 72 2034 10148 82 1958
is_linear=0
shrinkage=0.05


Tree=15
num_leaves=31
num_cat=0
split_feature=2 2 2 3 2 2 2 2 5 5 0 6 2 5 4 5 4 4 3 0 5 3 4 9 5 5 0 0 5 1
split_gain=2329.32 638.627 540.982 136.486 119.835 109.214 82.39 77.9603 52.1992 50.4298 30.7463 100.057 26.708 24.3425 23.4083 33.664 37.012 70.0519 20.3192 19.7918 39.1488 19.2673 19.0995 17.3396 16.8204 16.3347 23.2519 15.9994 16.2122 23.5061
threshold=0.54409918236884047 -0.48127259464491445 2.4215941071938034 2.593219488673522 1.3659699941318044 0.027653295738949001 -0.86562960514144638 5.1381541538316595 -0.43848646996953172 -0.37618863167946776 -1.3768667146945477 0.046773696581961052 -1.2434798852983919 1.4495693291702281 0.43618112184620622 1.1904917396839851 -0.43503507334370556 1.0000000180025095e-35 1.1592813222604847 0.87749911906728173 1.2655051286133518 1.6725078410514487 -1.3750314944696622 0.15011185020822368 0.69515041704156832 -0.24956724947920125 -0.086155142069025567 1.9936084506522318 0.9652358749025497 1.8220646652369268
decision_type=2 2 2 2 2 2 2 2 2 2 2 2 2 2 2 2 2 2 2 2 2 2 2 2 2 2 2 2 2 2
left_child=1 6 4 27 8 25 12 14 -2 22 11 -10 24 -9 15 -5 -17 -18 -12 -11 -21 -6 -7 -8 -1 -3 -27 28 -4 -30
right_child=2 5 3 7 21 9 23 13 10 19 18 -13 -14 -15 -16 16 17 -19 -20 20 -22 -23 -24 -25 -26 26 -28 -29 29 -31
leaf_value=-0.021310523618354543 -0.00083164648424092406 -0.004589238989066771 0.021047084121184834 0.044574141323449112 0.020859301800266648 -0.012202102789995339 -0.0063111358776974996 0.088828980702568186 0.014869281693849858 0.0046665238456282373 0.011509365151925657 0.091863390989601612 -0.014008179597516893 0.13707135599106551 0.032273720391707394 0.025135731152617014 0.1532445958843737 0.068450297843865179 0.017328807468595608 0.010126318311446761 0.072067827545106419 0.028915630533495579 -1.2104778338305126e-05 -0.010644300890034528 0.0026640447475457271 -0.0032491331739558289 0.0039394004906887327 0.057203771345115999 0.020321480084825819 0.04882510058906709
leaf_weight=1958 675 8045 197 127 1953 353 4012 143 207 6173 5561 53 8126 32 76 26 33 93 2054 1351 26 1197 3582 5438 76 3596 1637 74 109 215
leaf_count=1958 675 8045 197 127 1953 353 4012 143 207 6173 5561 53 8126 32 76 26 33 93 2054 1351 26 1197 3582 5438 76 3596 1637 74 109 215
internal_value=5.99965e-12 -0.00542454 0.0187683 0.0518852 0.015584 -8.6635e-05 -0.0121651 0.0703378 0.0125125 0.00348369 0.0136563 0.0305642 -0.0152907 0.0976504 0.0568738 0.0635749 0.0794505 0.0906583 0.013079 0.00587561 0.0112959 0.0239207 -0.00110564 -0.00880465 -0.0204147 -0.00317484 -0.0010004 0.0354484 0.0323584 0.0392359
internal_weight=57198 44373 12825 1125 11700 24763 19610 530 8550 11485 7875 260 10160 175 355 279 152 126 7615 7550 1377 3150 3935 9450 2034 13278 5233 595 521 324
internal_count=57198 44373 12825 1125 11700 24763 19610 530 8550 11485 7875 260 10160 175 355 279 152 126 7615 7550 1377 3150 3935 9450 2034 13278 5233 595 521 324
is_linear=0
shrinkage=0.05


Tree=16
num_leaves=31
num_cat=0
split_feature=2 1 2 2 3 2 3 2 5 5 2 4 4 3 5 5 5 0 5 0 0 0 0 4 4 9 12 0 0 0
split_gain=2105.83 618.804 384.189 209.072 145.306 65.6389 64.588 52.167 49.6582 46.8251 39.0247 38.295 36.3509 91.491 31.0729 26.5072 25.4722 24.1907 22.867 21.6437 20.5599 19.996 20.7145 19.8923 19.1054 18.3675 19.0354 17.8172 16.3592 18.6172
threshold=0.24721678892327062 2.4152294704462594 -0.67630269650559849 0.76870921502944534 2.8180227285006008 -0.24345255592174966 1.2855968839227649 5.1381541538316595 -0.24956724947920125 1.4495693291702281 -1.1503283976574983 0.22984044403806927 -0.25162113751425025 3.1923315992737717 0.91441636237843227 -0.31317640375456596 -0.43848646996953172 0.44823345040270363 1.2655051286133518 1.0327649499723037 -0.076729895149008923 1.9936084506522318 1.6437776611856465 -0.11406068564215872 -1.3750314944696622 0.25006339628508761 -0.69978104715131473 0.15592539692522175 0.70034578611526144 1.768166426889292
decision_type=2 2 2 2 2 2 2 2 2 2 2 2 2 2 2 2 2 2 2 2 2 2 2 2 2 2 2 2 2 2
left_child=2 3 10 8 9 -4 16 12 24 21 -1 23 13 -6 -13 19 -5 -9 -15 -7 -11 22 -3 -8 -2 26 -12 -17 -19 -30
right_child=1 4 5 6 7 15 11 17 -10 20 25 14 -14 18 -16 27 -18 28 -20 -21 -22 -23 -24 -25 -26 -27 -28 -29 29 -31
leaf_value=-0.018513372917026209 -0.011201908199538731 0.033278679808913969 -0.0056139438190785729 0.00020548938263824886 0.0035764306708006193 -0.0045051849245497638 0.020617795523179591 0.11892152810148125 0.0083825632532832546 0.11853657134554603 0.00069840834593015884 0.01797390080543641 0.048554341706070814 0.17040170033772786 0.035148622306539194 0.00016388489631881842 0.014400897022195184 0.037762693434488029 0.096614701620170051 0.0020727734835483684 0.052261755436658869 0.050381245875358582 0.012546405208206947 0.0075966756802550344 0.0018648941435394093 -0.012980480252773345 -0.01020911133970142 0.0058738627414291851 0.12285535897199924 0.070510669874635584
leaf_weight=2712 316 541 11025 338 20 4465 1603 58 6468 22 479 390 235 21 811 4437 4859 20 21 1737 25 125 155 359 2438 9044 2425 1974 26 49
leaf_count=2712 316 541 11025 338 20 4465 1603 58 6468 22 479 390 235 21 811 4437 4859 20 21 1737 25 125 155 359 2438 9044 2425 1974 26 49
internal_value=1.8144e-12 0.0136568 -0.0067396 0.0111797 0.0467007 -0.00279579 0.0169063 0.069758 0.00598842 0.0347471 -0.0130987 0.0225396 0.0575392 0.0915947 0.0295715 -0.000332441 0.0134777 0.0934769 0.133508 -0.00266289 0.083284 0.0319685 0.0286616 0.0182352 0.000365581 -0.0118696 -0.00840997 0.00192203 0.0779423 0.0886568
internal_weight=57198 18900 38298 17582 1318 23638 8360 450 9222 868 14660 3163 297 62 1201 12613 5197 153 42 6202 47 821 696 1962 2754 11948 2904 6411 95 75
internal_count=57198 18900 38298 17582 1318 23638 8360 450 9222 868 14660 3163 297 62 1201 12613 5197 153 42 6202 47 821 696 1962 2754 11948 2904 6411 95 75
is_linear=0
shrinkage=0.05


Tree=17
num_leaves=31
num_cat=0
split_feature=2 2 2 2 3 2 2 2 5 3 5 4 5 5 4 4 5 2 4 4 9 4 3 0 6 0 0 3 5 0
split_gain=1902.71 486.03 460.411 131.541 111.365 74.5373 62.8201 59.4879 53.3358 31.726 28.0681 20.6144 28.5221 20.5299 20.4748 45.5601 18.9911 18.2148 18.7884 17.4352 16.7883 15.552 15.3437 17.4391 42.3614 14.6736 14.673 14.3206 17.1124 16.476
threshold=0.42591121492687362 2.4215941071938034 -0.52495155836920593 1.1130214684400512 2.593219488673522 0.027653295738949001 5.1381541538316595 -0.96122086448131194 -0.24956724947920125 1.8573264343973352 -0.37618863167946776 0.45910786382488805 1.0142561076130823 1.4495693291702281 -0.43503507334370556 -0.27454787949293208 -0.43848646996953172 -1.5899400149756182 -0.57259552521579626 0.50496134778225188 0.25006339628508761 -0.71015597708788747 1.2855968839227649 -1.2764627040706582 -0.50231995162864196 0.87749911906728173 0.44823345040270363 0.76756459146914346 0.9652358749025497 -0.49693428890860275
decision_type=2 2 2 2 2 2 2 2 2 2 2 2 2 2 2 2 2 2 2 2 2 2 2 2 2 2 2 2 2 2
left_child=2 3 7 8 27 -4 11 17 21 16 26 12 -6 -8 -14 -16 -5 18 -1 -11 -9 -2 23 24 -10 -12 -7 -3 -29 -30
right_child=1 4 5 9 6 10 13 20 22 19 25 -13 14 -15 15 -17 -18 -19 -20 -21 -22 -23 -24 -25 -26 -27 -28 28 29 -31
leaf_value=-0.02886471759443256 -0.0039769805737581362 -0.0048914115726947788 -0.0030764110418871446 -0.006471006305627071 0.025428471373308122 -0.0052153554169254435 0.080079408860081566 -0.0066135085451237254 0.0099865583049951329 0.023150213690734327 0.0035514920177047988 0.026824055932571783 0.032674436196684836 0.12438308401324322 0.12357025020888875 0.060447964105659571 0.017867696419216424 -0.014119947664522995 -0.011425993650341642 0.037301520960560691 -0.010573675388550328 0.0054063870256575997 0.016188053762844594 0.0097633102378864491 0.078303611907176676 0.010136523974956766 0.0015982944736005825 0.023576760748849412 0.011045403392054141 0.045269614615464825
leaf_weight=440 732 25 14403 82 56 1299 143 4249 78 793 5131 68 40 32 35 156 3550 6328 238 300 7230 1113 1276 5769 32 1013 2017 239 40 291
leaf_count=440 732 25 14403 82 56 1299 143 4249 78 793 5131 68 40 32 35 156 3550 6328 238 300 7230 1113 1276 5769 32 1013 2017 239 40 291
internal_value=-1.59072e-12 0.0153999 -0.00540023 0.0128102 0.0469949 -0.000811697 0.0636631 -0.0113237 0.00926348 0.0195658 0.00263637 0.051577 0.0574419 0.0881807 0.0652027 0.0720149 0.0173182 -0.0149545 -0.0227432 0.0270344 -0.0091078 0.00168356 0.0112181 0.0101393 0.0298606 0.00463721 -0.00107086 0.0321476 0.0337721 0.0411338
internal_weight=57198 14850 42348 13725 1125 23863 530 18485 9000 4725 9460 355 287 175 231 191 3632 7006 678 1093 11479 1845 7155 5879 110 6144 3316 595 570 331
internal_count=57198 14850 42348 13725 1125 23863 530 18485 9000 4725 9460 355 287 175 231 191 3632 7006 678 1093 11479 1845 7155 5879 110 6144 3316 595 570 331
is_linear=0
shrinkage=0.05


Tree=18
num_leaves=31
num_cat=0
split_feature=2 1 2 2 3 5 2 5 4 2 4 4 5 0 2 2 4 8 3 5 5 3 0 3 2 5 4 0 5 0
split_gain=1718.61 520.566 295.757 187.543 117.752 54.8991 48.6601 44.8354 44.143 58.2075 49.5475 40.5891 39.3525 39.2246 31.5429 31.3601 30.7963 33.8211 35.0136 30.5662 30.4549 38.833 23.1477 22.1526 20.3743 19.4997 19.4866 19.0329 19.5345 18.0138
threshold=0.20843090722836591 2.4152294704462594 -0.68398315185772407 0.76870921502944534 2.8180227285006008 0.91441636237843227 -0.27989635871011487 -0.37618863167946776 -0.48088855730106883 5.1381541538316595 -0.25162113751425025 0.22984044403806927 1.4495693291702281 1.1132669512946023 -1.1503283976574983 3.6090885753489395 -0.43503507334370556 -0.99042967103748658 0.38509038466313056 1.386347522532285 1.1904917396839851 2.0160152888604972 1.6630209632296875 1.2593885293927383 1.5909244711467545 -0.24956724947920125 -1.3521047524909802 1.8345081719818419 1.386347522532285 1.0327649499723037
decision_type=2 2 2 2 2 2 2 2 2 2 2 2 2 2 2 2 2 2 2 2 2 2 2 2 2 2 2 2 2 2
left_child=2 3 14 7 12 24 -4 26 -6 10 22 13 -3 15 -1 16 19 18 -18 -7 -15 -22 -10 -13 -5 29 -2 28 -11 -8
right_child=1 4 6 5 8 11 25 -9 9 27 -12 23 -14 20 -16 -17 17 -19 -20 -21 21 -23 -24 -25 -26 -27 -28 -29 -30 -31
leaf_value=-0.016773916774286524 -0.012408861480295085 0.028962617990756934 -0.0053217986139627157 0.010553463680676788 -0.0077535054513386313 0.019769146014889841 -0.0040464988749511288 0.0070428658408319333 0.12505907805696612 0.13345439268483059 0.043748812187621569 0.0181948089250628 0.076005656399982094 0.021748053706112394 -0.010790282692491375 0.073728478877317344 0.081240515818908107 -0.0031462503295475864 0.013770500093028604 -0.016396327874803496 0.099255541176535192 0.033595630340278147 0.05885628648304745 0.032098872092759058 0.019837697182032741 0.0014097964991374109 0.00097276019176037269 0.061021814181336335 0.088019503834589896 0.0018793285598216803
leaf_weight=2712 312 821 10350 4188 21 1013 5016 7685 31 36 235 440 47 277 11723 21 21 493 228 62 32 76 23 821 688 5874 2125 35 69 1723
leaf_count=2712 312 821 10350 4188 21 1013 5016 7685 31 36 235 440 47 277 11723 21 21 493 228 62 32 76 23 821 688 5874 2125 35 69 1723
internal_value=-7.33551e-12 0.0119113 -0.00630633 0.00974631 0.0422706 0.0152884 -0.00278094 0.00516894 0.063027 0.0664918 0.053673 0.0200818 0.0315099 0.0160172 -0.0119145 0.0129774 0.0122753 0.00444019 0.0194607 0.0176833 0.030529 0.0530504 0.0968616 0.0272473 0.0118635 -0.000695949 -0.000740439 0.0929533 0.103597 -0.00253141
internal_weight=57198 19800 37398 18482 1318 8360 22963 10122 450 429 289 3484 868 2223 14435 1838 1817 742 249 1075 385 108 54 1261 4876 12613 2437 140 105 6739
internal_count=57198 19800 37398 18482 1318 8360 22963 10122 450 429 289 3484 868 2223 14435 1838 1817 742 249 1075 385 108 54 1261 4876 12613 2437 140 105 6739
is_linear=0
shrinkage=0.05


Tree=19
num_leaves=31
num_cat=0
split_feature=2 2 2 3 2 2 3 2 5 0 6 2 0 4 5 4 4 2 0 0 0 6 0 4 9 0 6 3 5 5
split_gain=1554.65 428.997 364.229 91.4489 82.0596 72.1302 66.526 51.1099 36.9338 24.3578 82.7076 20.2712 18.9827 18.0126 26.0102 18.2887 35.7069 17.6911 17.2234 19.2926 17.0761 16.1535 15.571 15.5073 15.3724 15.3493 16.947 16.2407 15.0616 15.0299
threshold=0.54409918236884047 -0.41020666726664506 2.4215941071938034 2.593219488673522 1.3659699941318044 -0.85503953990599868 0.3252125093176112 5.1381541538316595 -0.43848646996953172 -1.3768667146945477 0.046773696581961052 -1.5098030454564346 0.47334650493396263 0.43618112184620622 1.0142561076130823 -0.43503507334370556 -0.27454787949293208 -0.0098881629164862764 1.4752347667327759 1.6437776611856465 0.53165644211467633 -1.0557360505944642 -0.066473749301493038 -0.57259552521579626 -0.24969433409923195 -0.30746073811321545 0.31220406105026438 1.8573264343973352 -0.43848646996953172 -0.24956724947920125
decision_type=2 2 2 2 2 2 2 2 2 2 2 2 2 2 2 2 2 2 2 2 2 2 2 2 2 2 2 2 2 2
left_child=1 5 4 -4 8 11 17 13 -2 10 -10 23 22 14 -5 -16 -17 -3 -14 -20 24 -11 -9 -1 -7 26 -6 -27 -19 -8
right_child=2 6 3 7 25 20 29 12 9 21 -12 -13 18 -15 15 16 -18 28 19 -21 -22 -23 -24 -25 -26 27 -28 -29 -30 -31
leaf_value=-0.02473913608833541 -0.0010461187659594644 -0.0028997204242234079 0.029052128353226587 0.021424894500523806 0.016009591492251972 -0.0045452154067420333 0.0002080128209517274 0.070712997860303425 0.011920289028855491 -0.0063869615875687584 0.081921604936525116 -0.011794431500009993 0.02442015852180443 0.025129913706577529 0.029409801778383555 0.11216995056186403 0.05608425382028024 -0.0020089129139649847 0.11490186696702785 0.058714877519756563 -0.0013180005493000427 0.0109385031056667 0.1151433839899849 -0.011235782835184602 -0.0087552128977281037 0.018676580865070493 -0.0074362655274292574 0.027359605595212624 0.0026243186388523309 0.0057684305929243821
leaf_weight=562 675 8847 595 54 428 3194 1580 33 207 137 53 9481 21 76 40 35 150 3294 22 50 1304 7478 49 342 6752 1872 94 756 3752 5265
leaf_count=562 675 8847 595 54 428 3194 1580 33 207 137 53 9481 21 76 40 35 150 3294 22 50 1304 7478 49 342 6752 1872 94 756 3752 5265
internal_value=-3.02478e-12 -0.00443165 0.015333 0.0425065 0.0127202 -0.0094717 0.000363915 0.0576109 0.0101785 0.0111406 0.0261898 -0.0124766 0.0797255 0.0467093 0.0525875 0.0600666 0.0666951 -0.00141098 0.0642625 0.0758831 -0.00669789 0.0106268 0.0972629 -0.0196306 -0.00740324 0.0196189 0.0117875 0.0211744 0.000458286 0.00448494
internal_weight=57198 44373 12825 1125 11700 21635 22738 530 8550 7875 260 10385 175 355 279 225 185 15893 93 72 11250 7615 82 904 9946 3150 522 2628 7046 6845
internal_count=57198 44373 12825 1125 11700 21635 22738 530 8550 7875 260 10385 175 355 279 225 185 15893 93 72 11250 7615 82 904 9946 3150 522 2628 7046 6845
is_linear=0
shrinkage=0.05


Tree=20
num_leaves=31
num_cat=0
split_feature=2 1 2 3 3 5 2 5 2 4 7 4 2 2 5 5 5 5 1 11 5 6 4 8 3 3 6 1 6 3
split_gain=1405.57 358.797 340.325 97.2363 90.5037 69.8957 54.9401 50.0002 45.5923 39.7823 29.519 26.1307 25.1836 22.8086 22.9142 21.3163 21.5989 20.3079 19.0385 18.9074 29.0557 39.8955 111.159 23.6896 17.6764 15.5556 15.2491 19.9267 19.9009 14.912
threshold=0.42591121492687362 2.4152294704462594 -0.52495155836920593 3.1923315992737717 1.2855968839227649 1.4495693291702281 0.027653295738949001 -0.43848646996953172 -0.96949433903099236 0.52788808976093382 1.707859523614377 0.25276718601675113 0.94152042192963503 2.6677511286377769 1.1904917396839851 0.91441636237843227 1.1065214618131212 -0.37618863167946776 3.5767933308216593 0.71381099240352019 1.2291569272765577 1.7136308150948316 -0.38918158938634145 -0.99042967103748658 2.593219488673522 4.0338895687215937 1.0000000180025095e-35 1.9057463713989586 1.7136308150948316 -1.9160917397235644
decision_type=2 2 2 2 2 2 2 2 2 2 2 2 2 2 2 2 2 2 2 2 2 2 2 2 2 2 2 2 2 2
left_child=2 4 8 5 7 18 -4 -2 29 10 -5 19 -9 -12 -15 -13 -17 -8 -3 20 -6 -22 -23 -21 -7 -16 -14 -28 -29 -1
right_child=1 3 6 9 11 24 17 12 -10 -11 13 15 26 14 25 16 -18 -19 -20 23 21 22 -24 -25 -26 -27 27 28 -30 -31
leaf_value=-0.023124054822584859 -0.0012077130701006766 0.022514487603593397 -0.0026407698587249864 0.036051078777956339 0.013484219997239703 0.05773238305264386 -0.00088952332913800952 0.0074962184028014665 -0.0078443209765999156 0.020417543179264256 0.11404028968775975 0.013954955985734678 0.0080144516179728297 0.028648118751830071 0.096199794660788041 0.035565680097672157 0.020213207180185013 0.0039657635991365257 0.039066293968393395 0.029447393555290486 0.019598997641741389 0.021087118770525444 0.15349328291966866 -0.0069293114737125254 0.11266569600061134 0.064982525417405484 0.014526784412823691 0.015358171929769657 0.06986461937653296 -0.012453953655164628
leaf_weight=345 1213 683 14403 57 1813 32 3316 5292 11705 51 34 444 1032 29 64 425 497 6144 233 58 212 51 23 196 27 106 2211 34 33 6435
leaf_count=345 1213 683 14403 57 1813 32 3316 5292 11705 51 34 444 1032 29 64 425 497 6144 233 58 212 51 23 196 27 106 2211 34 33 6435
internal_value=-8.60008e-12 0.0132361 -0.00464144 0.03816 0.0108126 0.0301223 -0.000696434 0.00829571 -0.0097342 0.0611417 0.0683035 0.0174549 0.00963582 0.0761936 0.0697273 0.0229556 0.02729 0.00226385 0.0267247 0.0142616 0.0158207 0.0306321 0.0622404 0.00137718 0.0828714 0.0767349 0.0130566 0.0153408 0.0422046 -0.0129969
internal_weight=57198 14850 42348 1316 13534 975 23863 9815 18485 341 290 3719 8602 233 199 1366 922 9460 916 2353 2099 286 74 254 59 170 3310 2278 67 6780
internal_count=57198 14850 42348 1316 13534 975 23863 9815 18485 341 290 3719 8602 233 199 1366 922 9460 916 2353 2099 286 74 254 59 170 3310 2278 67 6780
is_linear=0
shrinkage=0.05


Tree=21
num_leaves=31
num_cat=0
split_feature=2 1 2 2 3 5 5 2 4 4 5 7 2 2 2 5 5 8 6 4 11 5 4 7 4 4 5 6 6 4
split_gain=1270.1 385.493 220.106 140.063 86.8023 67.6795 41.939 36.0233 35.9035 35.0503 34.4443 26.6409 24.4342 21.9023 20.5848 20.6801 20.3789 26.6447 21.7972 29.5254 24.1162 31.936 17.327 21.5114 25.9896 23.4067 17.3172 20.8708 18.195 18.1611
threshold=0.20843090722836591 2.4152294704462594 -0.68398315185772407 0.78745773111758854 3.1923315992737717 1.4495693291702281 0.91441636237843227 -0.24345255592174966 0.52788808976093382 0.22984044403806927 -0.24956724947920125 1.707859523614377 -1.1503283976574983 3.6090885753489395 2.6677511286377769 1.1904917396839851 1.4101165497556909 -0.99042967103748658 1.1185040474979022 -0.43503507334370556 -0.7500292558394458 1.1904917396839851 -0.228694395535568 1.707859523614377 0.71130202559038891 1.0000000180025095e-35 1.1065214618131212 1.0000000180025095e-35 1.1185040474979022 0.71130202559038891
decision_type=2 2 2 2 2 2 2 2 2 2 2 2 2 2 2 2 2 2 2 2 2 2 2 2 2 2 2 2 2 2
left_child=2 3 12 10 5 22 -5 -4 11 13 -2 -6 -1 16 -13 -16 18 -18 19 -8 21 -20 -3 25 -25 -24 27 -11 -29 -28
right_child=1 4 7 6 8 -7 9 -9 -10 26 -12 14 -14 -15 15 -17 17 -19 20 -21 -22 -23 23 24 -26 -27 29 28 -30 -31
leaf_value=-0.014536330794357219 0.00011655034729976947 0.011718865427364772 -0.0044007913122455639 0.010209541822227632 0.034248524196772726 0.079780266928623944 0.017529499436880681 -0.00043923776101587459 0.019396666088369766 0.021733194016765253 0.006408369415907088 0.10833827399593943 -0.0092699418845145001 0.063306255257603791 0.027215713416707928 0.072898163065752572 0.026962607357577953 -0.01612598163591436 0.027562961223583413 0.0037094930309099837 0.015094940628159553 0.08037702636303086 -0.017336346186471709 0.053461221201345326 0.014289629885184944 0.026171139938516854 0.028040142647069624 0.048573410026251512 0.012977368670346386 0.012285675181277114
leaf_weight=2712 3110 185 11250 4691 57 61 971 11713 51 270 7237 34 11723 22 29 170 51 121 116 642 233 38 33 150 59 489 329 195 44 412
leaf_count=2712 3110 185 11250 4691 57 61 971 11713 51 270 7237 34 11723 22 29 170 51 121 116 642 233 38 33 150 59 489 329 195 44 412
internal_value=-5.46045e-12 0.0102398 -0.00542135 0.00837672 0.0363652 0.0287845 0.0132856 -0.00238008 0.0580846 0.0174755 0.00451724 0.0648883 -0.0102594 0.0136682 0.0723839 0.0662409 0.0131654 -0.00334971 0.0145857 0.0120289 0.0252423 0.040595 0.0253885 0.028848 0.0424032 0.0234207 0.0241581 0.0312589 0.0420202 0.0192806
internal_weight=57198 19800 37398 18482 1318 977 8135 22963 341 3444 10347 290 14435 2194 233 199 2172 172 2000 1613 387 154 916 731 209 522 1250 509 239 741
internal_count=57198 19800 37398 18482 1318 977 8135 22963 341 3444 10347 290 14435 2194 233 199 2172 172 2000 1613 387 154 916 731 209 522 1250 509 239 741
is_linear=0
shrinkage=0.05


Tree=22
num_leaves=31
num_cat=0
split_feature=3 1 1 3 1 5 9 3 4 4 3 3 9 5 4 0 5 5 5 4 7 4 4 0 8 4 6 0 5 8
split_gain=1115.63 318.302 219.006 74.2298 71.8513 59.5893 40.1224 38.1135 33.2379 48.8314 22.6207 21.5619 21.1327 20.8154 20.3636 18.5382 63.6627 17.8683 36.5164 17.2141 17.1525 23.4556 23.4178 16.1883 15.9304 23.256 19.2351 17.8906 15.6771 15.4972
threshold=0.50228783319909509 2.4152294704462594 -0.41808679582134439 3.1923315992737717 1.0491910971205096 1.4495693291702281 0.35001494236195146 0.11220184395505013 -0.20576765355688617 -0.43503507334370556 -1.5103905497264167 1.4724410070425007 0.15011185020822368 1.2994638957836848 0.32154741195279685 0.76701006881243816 1.2994638957836848 0.91441636237843227 1.1065214618131212 -0.228694395535568 1.707859523614377 0.71130202559038891 1.0000000180025095e-35 0.91769187452946521 -0.25919494664649734 -1.2833245265549345 -0.88889511337147242 -1.1752500972272226 0.91441636237843227 1.0184757865176055
decision_type=2 2 2 2 2 2 2 2 2 2 2 2 2 2 2 2 2 2 2 2 2 2 2 2 2 2 2 2 2 2
left_child=2 4 6 5 11 19 24 -4 9 -5 -8 12 -2 -10 15 -6 23 -16 29 -3 22 28 -21 -17 25 26 -1 -26 -22 -19
right_child=1 3 7 8 14 -7 10 -9 13 -11 -12 -13 -14 -15 17 16 -18 18 -20 20 21 -23 -24 -25 27 -27 -28 -29 -30 -31
leaf_value=0.016918964542382394 0.0073812216802372523 0.011132922322627761 -0.0020671075520666583 0.028245370886805989 0.0081345362550694252 0.075791252306738846 -0.015310560259857497 0.0026069958865508184 0.031877811968516905 0.11059908781338622 -0.0088422043608723036 0.013861539226614783 0.0017796066109076571 0.060185958726032732 0.012619546122436352 0.02862282790681895 0.081292226548410132 0.036875526322011597 0.013416667900393165 -0.016844490356743336 0.028267051910926756 0.013575148609293215 0.026154278425566464 0.012289221935682932 -0.030549698772041931 -0.0086032744198119623 -0.0049014052730324996 -0.0020580315311157513 0.062389943424160738 0.014466692130967355
leaf_weight=169 5888 185 14861 27 1766 61 1527 6173 126 54 11769 917 2358 134 786 170 36 393 517 34 51 59 461 1409 56 3347 251 3418 99 96
leaf_count=169 5888 185 14861 27 1766 61 1527 6173 126 54 11769 917 2358 134 786 170 36 393 517 34 51 59 461 1409 56 3347 251 3418 99 96
internal_value=3.06193e-12 0.0113893 -0.00428137 0.0351688 0.00924789 0.0279857 -0.00795415 -0.000695365 0.0551803 0.0831478 -0.00958507 0.00658823 0.0057794 0.0464674 0.013959 0.0116751 0.0155467 0.018268 0.0226812 0.0247055 0.0282721 0.0402831 0.0232008 0.0140477 -0.00495943 -0.0072116 0.0038787 -0.00251731 0.0507882 0.0324762
internal_weight=57198 15627 41571 1291 14336 950 20537 21034 341 81 13296 9163 8246 260 5173 3381 1615 1792 1006 889 704 209 495 1579 7241 3767 420 3474 150 489
internal_count=57198 15627 41571 1291 14336 950 20537 21034 341 81 13296 9163 8246 260 5173 3381 1615 1792 1006 889 704 209 495 1579 7241 3767 420 3474 150 489
is_linear=0
shrinkage=0.05


Tree=23
num_leaves=31
num_cat=0
split_feature=2 2 2 2 3 2 2 5 2 3 0 5 0 0 0 8 4 0 5 4 4 4 5 3 0 8 3 4 0 8
split_gain=1052.32 264.57 256.608 75.982 63.3446 45.2058 37.5485 32.0072 31.8253 20.8486 16.8183 15.5768 15.1163 15.254 14.1009 13.9368 13.8873 23.2546 33.5708 24.7604 59.8887 24.6214 21.6152 13.8438 15.0051 13.3687 13.2044 13.1628 13.0316 12.9129
threshold=0.42591121492687362 2.4215941071938034 -0.55781333731897265 1.1130214684400512 2.593219488673522 -0.0098881629164862764 5.1381541538316595 -0.24956724947920125 -0.96949433903099236 0.62209703778924041 0.47334650493396263 -0.37618863167946776 1.4752347667327759 1.6437776611856465 1.0327649499723037 -0.25919494664649734 0.18398696008070553 0.76701006881243816 1.1495863065883827 -0.41210833136502373 -0.13698742762084057 -0.41210833136502373 0.9652358749025497 0.62209703778924041 -0.5280422754559323 -0.99042967103748658 1.4724410070425007 -0.71015597708788747 0.87749911906728173 -1.7049705869141294
decision_type=2 2 2 2 2 2 2 2 2 2 2 2 2 2 2 2 2 2 2 2 2 2 2 2 2 2 2 2 2 2
left_child=2 3 8 7 -3 23 15 27 29 -5 -8 14 -12 -14 -7 -6 17 21 -19 -20 -21 -11 -18 -4 -25 -23 -26 -2 -13 -1
right_child=1 4 5 9 6 11 10 -9 -10 16 12 28 13 -15 -16 -17 22 18 19 20 -22 25 -24 24 26 -27 -28 -29 -30 -31
leaf_value=-0.015286764903420895 -0.0042330983361160415 0.023565815194860149 -0.0029598504462283108 0.0070241072495531385 0.00035113022326107099 -0.0033882295225336149 0.082796783290417286 0.0083605476966763272 -0.0069498042822059326 0.013977259052985587 0.014408941926168546 0.002281130375747491 0.097316380928863189 0.047355378404259685 0.0028020611145631803 0.040598001657409954 0.013804119061295842 0.015585085049847403 0.026641568279776137 0.11790226660668851 0.0046181597816757859 0.0091571373703570533 0.025494920935974205 -0.0079518515139404052 0.0047939130393219315 -0.008956167541065577 0.029477852850489445 0.0043994441703255312 0.0083564371218297837 -0.010119676260014074
leaf_weight=1575 732 595 13453 749 23 2183 82 7155 10805 802 21 5539 22 50 1590 332 777 1035 95 28 20 181 805 226 663 233 59 1113 1050 5205
leaf_count=1575 732 595 13453 749 23 2183 82 7155 10805 802 21 5539 22 50 1590 332 777 1035 95 28 20 181 805 226 663 233 59 1113 1050 5205
internal_value=-3.66941e-14 0.0114527 -0.00401607 0.00954197 0.0347635 -0.000736188 0.0473345 0.00684641 -0.00863476 0.0146764 0.0662894 0.0017823 0.0517346 0.0626212 -0.000779546 0.0379905 0.0161179 0.0137158 0.0187225 0.0414306 0.0707006 0.00886547 0.019753 -0.00254833 0.0032916 -0.00103707 0.00681102 0.0009745 0.00324927 -0.01132
internal_weight=57198 14850 42348 13725 1125 24763 530 9000 17585 4725 175 10362 93 72 3773 355 3976 2394 1178 143 48 1216 1582 14401 948 414 722 1845 6589 6780
internal_count=57198 14850 42348 13725 1125 24763 530 9000 17585 4725 175 10362 93 72 3773 355 3976 2394 1178 143 48 1216 1582 14401 948 414 722 1845 6589 6780
is_linear=0
shrinkage=0.05


Tree=24
num_leaves=31
num_cat=0
split_feature=2 2 2 5 5 7 2 2 4 4 0 0 4 0 0 0 12 3 0 0 0 5 1 2 4 0 5 0 4 0
split_gain=952.212 282.135 207.902 57.4241 48.2225 47.9605 46.4113 46.3103 36.864 32.7836 29.9825 28.5141 25.4084 28.8245 23.7074 23.188 52.556 24.3347 22.7792 19.9492 17.5779 17.3772 16.5163 16.326 13.1403 12.9611 12.4664 12.4637 12.6652 12.1131
threshold=0.60167715233822439 -0.41020666726664506 2.4215941071938034 0.9652358749025497 -0.24956724947920125 1.707859523614377 -0.78645249303697462 1.3659699941318044 0.52788808976093382 -0.48088855730106883 1.6630209632296875 0.15592539692522175 -0.022353717727431312 -0.45180638707072185 1.0327649499723037 -1.3768667146945477 1.0000000180025095e-35 0.25508985753172742 1.5444408700911725 -1.4824056373715422 -0.10638304347437284 1.1904917396839851 0.91233178964227457 -1.5098030454564346 -0.57259552521579626 0.53165644211467633 -1.2485803101923583 -0.36218820601171692 0.29862066997411491 -0.30746073811321545
decision_type=2 2 2 2 2 2 2 2 2 2 2 2 2 2 2 2 2 2 2 2 2 2 2 2 2 2 2 2 2 2
left_child=1 6 7 -4 14 12 23 15 9 -7 18 22 21 -14 -3 16 19 -17 -11 -2 27 -5 -6 24 -1 26 -8 28 -15 -9
right_child=2 4 3 5 11 8 25 29 -10 10 -12 -13 13 20 -16 17 -18 -19 -20 -21 -22 -23 -24 -25 -26 -27 -28 -29 -30 -31
leaf_value=-0.020682568983496973 0.027238656903306641 -0.003274463554510984 0.01390137667239634 0.029641789634926963 0.00011261749825073166 0.013092497852001643 -0.010422524521465809 0.0085846992991342828 0.01369235351512378 0.068452561571931761 0.046274695558806984 0.0057331070167400064 0.0021915264781564472 0.033198610675044177 0.0017401506956571527 0.00079686189308408319 0.0079175161772759694 0.0090095667671447315 0.11576085672263177 0.080115088837390602 0.033151208814431697 -0.0054658772027748942 0.0095583324393021859 -0.0089913896428216039 -0.008252445102379281 0.00030073508692752242 -0.0047724432242851091 0.089913482136196571 0.081731218248605741 0.016923526075084207
leaf_weight=562 30 8260 291 65 6912 37 1123 522 55 142 148 4672 50 41 3298 1051 164 6361 31 44 141 77 496 11056 342 1080 7472 27 20 2628
leaf_count=562 30 8260 291 65 6912 37 1123 522 55 142 148 4672 50 41 3298 1051 164 6361 31 44 141 77 496 11056 342 1080 7472 27 20 2628
internal_value=-3.03917e-12 -0.00331098 0.01257 0.0330253 0.000465199 0.0396981 -0.00743675 0.0104393 0.0518039 0.057659 0.062796 0.00267421 0.0278223 0.0365854 -0.00184358 0.00833831 0.0237004 0.00784503 0.0769298 0.0586787 0.044095 0.0106045 0.000745052 -0.00951963 -0.01598 -0.00486195 -0.00551067 0.0616299 0.0491109 0.0155417
internal_weight=57198 45273 11925 1125 23638 834 21635 10800 413 358 321 12080 421 279 11558 7650 238 7412 173 74 229 142 7408 11960 904 9675 8595 88 61 3150
internal_count=57198 45273 11925 1125 23638 834 21635 10800 413 358 321 12080 421 279 11558 7650 238 7412 173 74 229 142 7408 11960 904 9675 8595 88 61 3150
is_linear=0
shrinkage=0.05


Tree=25
num_leaves=31
num_cat=0
split_feature=2 1 2 2 3 5 5 2 4 4 3 2 2 6 4 6 9 12 4 5 4 11 8 5 4 5 6 0 6 5
split_gain=861.525 251.899 159.456 89.398 58.3942 48.9825 29.7127 28.4005 28.0579 40.5127 21.4113 20.5219 18.4844 14.1139 13.9312 16.6536 13.0024 14.899 12.7212 12.6816 12.4691 14.8974 19.2529 12.9722 12.3897 12.3141 14.673 11.6549 12.3348 11.6319
threshold=0.24721678892327062 2.4152294704462594 -0.68398315185772407 0.9797632844673233 3.1923315992737717 1.4495693291702281 -0.24956724947920125 -0.22491587391728121 -0.20576765355688617 -0.43503507334370556 1.8573264343973352 5.1381541538316595 -1.2737009764792824 -1.0557360505944642 -0.228694395535568 1.1185040474979022 0.25006339628508761 -0.69978104715131473 -0.66430249313052359 0.33010122217555887 0.32154741195279685 1.4457311165250033 -0.99042967103748658 1.3309652674966419 0.22984044403806927 -0.31317640375456596 1.1185040474979022 0.59010491522874431 0.046773696581961052 -1.1326614881673891
decision_type=2 2 2 2 2 2 2 2 2 2 2 2 2 2 2 2 2 2 2 2 2 2 2 2 2 2 2 2 2 2
left_child=2 3 12 6 5 14 18 29 9 -6 19 -10 13 -1 -3 -16 17 -14 -2 -5 21 23 -23 -12 -7 26 -9 28 -22 -4
right_child=1 4 7 10 8 24 -8 25 11 -11 20 -13 16 -15 15 -17 -18 -19 -20 -21 27 22 -24 -25 -26 -27 -28 -29 -30 -31
leaf_value=0.0032352878246456386 -0.0037520607962360248 0.008454076662735158 -0.0065791621507156565 0.0059483416318770075 0.02332027085401394 0.094962809948871532 0.0061341866906432889 -0.0034972344356366432 0.030262087476181074 0.098332069389935994 0.016618661597851008 0.06069784204708413 0.0030410731322299839 -0.014375717907837838 0.014179547740546014 0.029725297404081554 -0.0086709271961280792 -0.0064703566039856948 0.0028853542808589486 0.01211731085984242 0.019371245848104502 0.025071874618822456 -0.013012544359827237 0.05421221331538012 0.048835464534223882 0.0014438345569270025 0.0017750245648886734 0.011276204854276821 0.040135408581509817 -0.0027369478400728862
leaf_weight=122 1149 185 2507 1072 27 24 8595 3957 180 54 523 80 494 1686 278 453 9661 2472 1942 3738 130 51 95 24 37 6226 1980 104 159 9193
leaf_count=122 1149 185 2507 1072 27 24 8595 3957 180 54 523 80 494 1686 278 453 9661 2472 1942 3738 130 51 95 24 37 6226 1980 104 159 9193
internal_value=-3.07945e-12 0.00873515 -0.00431078 0.00715472 0.029818 0.0236003 0.00462225 -0.00180151 0.0476322 0.0733281 0.0121741 0.0396269 -0.00845895 -0.0131874 0.0207112 0.0238132 -0.00778192 -0.00488619 0.000418065 0.0107424 0.0185153 0.0144807 0.000290917 0.0182681 0.0669839 -0.000109734 -0.00173893 0.0256298 0.0307951 -0.00356023
internal_weight=57198 18900 38298 17582 1318 977 11686 23863 341 81 5896 260 14435 1808 916 731 12627 2966 3091 4810 1086 693 146 547 61 12163 5937 393 289 11700
internal_count=57198 18900 38298 17582 1318 977 11686 23863 341 81 5896 260 14435 1808 916 731 12627 2966 3091 4810 1086 693 146 547 61 12163 5937 393 289 11700
is_linear=0
shrinkage=0.05


Tree=26
num_leaves=31
num_cat=0
split_feature=2 2 2 5 7 3 2 2 0 6 3 1 0 0 0 1 3 5 1 2 0 6 3 5 0 1 3 9 0 6
split_gain=779.606 230.071 170.129 49.1584 39.3147 39.2947 38.2074 37.7122 20.6722 61.3644 21.4353 20.1048 22.7721 16.0064 25.5908 25.7412 19.5635 18.2359 17.5471 14.793 14.2939 13.1955 12.828 12.4355 48.8215 11.4425 11.3692 11.222 10.6025 13.8563
threshold=0.60167715233822439 -0.41020666726664506 2.4215941071938034 0.9652358749025497 1.707859523614377 0.50228783319909509 -0.86562960514144638 1.3659699941318044 -1.3768667146945477 0.046773696581961052 0.37358903400538473 2.8232239291283161 -0.027071581256266311 -0.49693428890860275 -0.10638304347437284 2.0145094811775759 2.4195774946774047 1.1904917396839851 3.5767933308216593 -0.0098881629164862764 0.53165644211467633 -1.0557360505944642 -2.0611201764563751 1.386347522532285 1.6630209632296875 -1.0362900771512908 4.0338895687215937 -0.24969433409923195 -0.30746073811321545 0.31220406105026438
decision_type=2 2 2 2 2 2 2 2 2 2 2 2 2 2 2 2 2 2 2 2 2 2 2 2 2 2 2 2 2 2
left_child=1 6 7 -4 13 19 22 8 9 -2 21 -6 -13 -5 15 -15 -17 -16 -19 -3 27 -10 -1 24 -14 -21 -25 -8 29 -9
right_child=2 5 3 4 11 -7 20 28 10 -11 -12 12 23 14 17 16 -18 18 -20 25 -22 -23 -24 26 -26 -27 -28 -29 -30 -31
leaf_value=-0.021756004850127891 0.00996412594128189 -0.002100888854251512 0.012183747724973985 0.0009093176324627009 0.023592984426766633 0.0040982806962827313 -0.0029370483979419292 0.011359725169286405 -0.018621385452648003 0.075365909341384069 0.0084616659190208769 0.09166420831373244 0.089044230517701828 0.00029666980817204432 0.032376104756097861 0.097272425820982014 0.045748754859709279 -0.013924470919862457 0.02566346983171322 0.023288746360257004 0.00013557671074739238 0.0028813835802896678 -0.0087080528522995269 0.017133778768878144 0.038330525226315096 0.00061478393370034354 0.055012757364602295 -0.0065130493163871733 0.015343590899893506 -0.0098406502427136958
leaf_weight=192 194 9322 291 58 75 5541 3208 428 75 44 5872 33 69 21 145 27 58 57 55 56 1327 1465 9968 52 152 8719 32 6940 2628 94
leaf_count=192 194 9322 291 58 75 5541 3208 428 75 44 5872 33 69 21 145 27 58 57 55 56 1327 1465 9968 52 152 8719 32 6940 2628 94
internal_value=-3.26011e-13 -0.0029959 0.0113739 0.0298779 0.0360517 0.000414103 -0.0067216 0.00944635 0.00755041 0.0220552 0.00708466 0.0470122 0.0522088 0.0252995 0.0291965 0.0498681 0.0621151 0.0206705 0.00551604 -0.000713931 -0.00474446 0.00183417 -0.00895463 0.0479399 0.0541642 0.000759484 0.0315639 -0.0053826 0.0140508 0.00754203
internal_weight=57198 45273 11925 1125 834 23638 21635 10800 7650 238 7412 413 338 421 363 106 85 257 112 18097 11475 1540 10160 305 221 8775 84 10148 3150 522
internal_count=57198 45273 11925 1125 834 23638 21635 10800 7650 238 7412 413 338 421 363 106 85 257 112 18097 11475 1540 10160 305 221 8775 84 10148 3150 522
is_linear=0
shrinkage=0.05


Tree=27
num_leaves=31
num_cat=0
split_feature=2 1 2 2 3 5 5 0 0 2 2 7 0 3 1 5 5 5 6 3 5 2 0 12 0 0 8 0 1 8
split_gain=705.23 194.35 149.811 59.8716 46.9667 24.6724 24.5174 25.2715 23.0971 22.8191 21.9686 22.3428 28.0636 22.8972 23.3388 24.4649 18.6508 16.8248 14.2689 13.883 15.0982 13.7954 13.3444 12.9968 12.6091 22.4611 12.0694 11.5807 17.6666 23.1597
threshold=0.33192087711677282 2.4152294704462594 -0.55781333731897265 0.9797632844673233 2.8180227285006008 -0.43848646996953172 -0.24956724947920125 -0.046811405019422853 0.99954702019062769 -0.9830209546905101 2.2525279717964426 1.707859523614377 1.6887697751547579 4.0338895687215937 3.5767933308216593 1.386347522532285 0.91441636237843227 1.4495693291702281 1.0000000180025095e-35 1.374370791781051 0.9652358749025497 3.6090885753489395 -0.076729895149008923 -0.35185889347637506 1.9414015623555161 1.6437776611856465 0.38174988366425283 -0.44379649577730129 1.4489251339189255 -0.99042967103748658
decision_type=2 2 2 2 2 2 2 2 2 2 2 2 2 2 2 2 2 2 2 2 2 2 2 2 2 2 2 2 2 2
left_child=2 3 9 5 17 23 8 -8 -4 -1 -6 -12 13 14 -13 -16 18 24 -5 20 -9 27 -19 -2 25 26 -3 28 -18 -30
right_child=1 4 6 16 10 -7 7 19 -10 -11 11 12 -14 -15 15 -17 21 22 -20 -21 -22 -23 -24 -25 -26 -27 -28 -29 29 -31
leaf_value=-0.0094594546897148538 0.0014522673875043109 0.023544771204713742 -0.0035115439719515026 0.00022799351531937442 0.0056934104345384099 0.0056992296773649325 -0.0011278119606073836 0.0045423431888341947 0.0018033350080203802 -0.0057067390893275061 0.024169540470810952 0.10293268231635398 0.031294718998200868 0.037972050547719967 0.075062491182637012 0.010639697820879521 0.013288334105197395 0.077716231405396352 0.0097265861813549143 0.015320357463491405 -0.0040057985363861834 0.043822000785975868 0.024322961598634722 -0.0091418406893372522 0.032221997644602589 -0.0021041183701683104 0.0028223627190812526 0.015429049724571882 0.01801220838139515 -0.015073660768774783
leaf_weight=6328 1158 458 9842 467 42 8117 6196 3255 2580 11257 108 47 115 62 56 20 520 22 2578 251 614 38 25 386 140 140 83 2062 82 149
leaf_count=6328 1158 458 9842 467 42 8117 6196 3255 2580 11257 108 47 115 62 56 20 520 22 2578 251 614 38 25 386 140 140 83 2062 82 149
internal_value=-1.05113e-12 0.00858222 -0.00359162 0.00702039 0.0270173 0.00459721 -0.000911459 0.000890195 -0.00240766 -0.00705716 0.0401261 0.0436706 0.050691 0.0627481 0.0752368 0.0581091 0.0109909 0.0202213 0.00826982 0.00392504 0.00318578 0.0138972 0.0493156 -0.00119626 0.0185557 0.0157462 0.0203655 0.0134929 0.00817704 -0.00332889
internal_weight=57198 16875 40323 15557 1318 9661 22738 10316 12422 17585 450 408 300 185 123 76 5896 868 3045 4120 3869 2851 47 1544 821 681 541 2813 751 231
internal_count=57198 16875 40323 15557 1318 9661 22738 10316 12422 17585 450 408 300 185 123 76 5896 868 3045 4120 3869 2851 47 1544 821 681 541 2813 751 231
is_linear=0
shrinkage=0.05


Tree=28
num_leaves=31
num_cat=0
split_feature=3 1 1 5 3 9 3 4 4 3 7 0 5 1 9 0 6 3 5 0 0 8 7 4 0 0 5 3 5 11
split_gain=626.221 175.493 121.065 43.742 43.5322 35.2094 23.07 33.9852 34.6323 19.5537 19.5258 27.9917 17.1129 15.5013 15.5882 15.4941 15.2516 13.78 13.5776 13.1112 12.7149 35.0527 20.4152 13.5028 15.5396 12.3575 84.9375 56.376 38.8793 12.7771
threshold=0.50228783319909509 2.4152294704462594 -0.23257145267109611 0.9652358749025497 1.3166402403684843 0.35001494236195146 2.8180227285006008 -0.48088855730106883 0.50496134778225188 -0.84001240906446462 1.707859523614377 1.6630209632296875 0.39311345010046078 0.95583162663342336 -1.4491128870215986 1.5797132453445968 1.1185040474979022 0.11220184395505013 1.4779829372212656 -1.1752500972272226 -0.92988716136921734 -0.99042967103748658 -0.74807555454224595 -0.71015597708788747 0.63639948041121164 1.0894866621508073 1.1904917396839851 2.0160152888604972 1.2655051286133518 -0.7500292558394458
decision_type=2 2 2 2 2 2 2 2 2 2 2 2 2 2 2 2 2 2 2 2 2 2 2 2 2 2 2 2 2 2
left_child=2 4 5 -3 13 16 -5 -8 10 -7 -9 15 -6 14 -2 -12 19 -4 20 -1 21 -14 -23 24 -22 29 -27 28 -28 -25
right_child=1 3 17 6 12 9 7 8 -10 -11 11 -13 18 -15 -16 -17 -18 -19 -20 -21 23 22 -24 25 -26 26 27 -29 -30 -31
leaf_value=-0.027647240353482112 0.0097676449997112138 0.011966048520846108 -0.0008994151632018472 0.024807015590571302 0.00086182839433764742 -0.0086190093728312541 -0.021206509747675489 0.030066692857619592 0.011286728557046335 -0.0049618638585656981 0.065998448444796465 0.039462134501497659 0.025179039267276184 0.0081844131567041321 0.002975902700360411 0.11280004211834499 0.0071090981420289653 0.0021609765830561184 -0.024504709348082545 -0.0033872935196787401 0.015714122001604543 0.019346717208139349 -0.010332498903175266 0.0090233488363668356 0.0032905266925091626 0.013884273547661169 0.058404800064604856 0.017726465045577951 0.14260733658089661 0.017726652123685929
leaf_weight=56 979 381 10642 492 363 8012 21 85 67 6721 112 112 149 3010 6165 21 349 5621 25 10170 452 74 267 814 568 504 29 36 26 875
leaf_count=56 979 381 10642 492 363 8012 21 85 67 6721 112 112 149 3010 6165 21 349 5621 25 10170 452 74 267 814 568 504 29 36 26 875
internal_value=-9.23057e-12 0.00853298 -0.00320764 0.0261898 0.00694293 -0.00537064 0.032145 0.0407821 0.0440611 -0.00695067 0.0507153 0.0578791 0.0112362 0.00517471 0.00390663 0.0733882 -0.00316936 0.000158352 0.0122223 -0.00352015 0.0124643 0.00494807 -0.00389185 0.013579 0.00879588 0.0157151 0.0219115 0.0663701 0.0982096 0.0135322
internal_weight=57198 15627 41571 1291 14336 25308 910 418 397 14733 330 245 4182 10154 7144 133 10575 16263 3819 10226 3794 490 341 3304 1020 2284 595 91 55 1689
internal_count=57198 15627 41571 1291 14336 25308 910 418 397 14733 330 245 4182 10154 7144 133 10575 16263 3819 10226 3794 490 341 3304 1020 2284 595 91 55 1689
is_linear=0
shrinkage=0.05


Tree=29
num_leaves=31
num_cat=0
split_feature=2 1 2 2 2 5 4 2 0 4 2 5 8 5 1 0 1 5 4 5 6 4 6 8 2 5 5 0 8 5
split_gain=584.439 173.666 103.958 62.6197 40.319 23.6439 24.6292 20.371 20.1648 20.3898 26.0992 24.6368 20.008 18.8026 19.6165 18.633 18.4752 17.3848 21.0449 17.3825 17.1234 15.3431 13.8176 13.4992 13.4426 13.4463 13.1222 12.383 11.6272 14.2804
threshold=0.20843090722836591 2.2904216509925721 -0.74745576006326042 0.76870921502944534 5.1381541538316595 0.91441636237843227 0.20691370205938739 -0.27989635871011487 1.1132669512946023 -0.43503507334370556 3.6090885753489395 1.386347522532285 0.38174988366425283 0.9652358749025497 4.5432521720492414 0.47334650493396263 0.17050709530551725 1.1904917396839851 -0.41210833136502373 -0.37618863167946776 0.046773696581961052 -1.397958236448344 1.0000000180025095e-35 -1.7049705869141294 -1.5899400149756182 1.0613819277844458 0.39311345010046078 -0.066473749301493038 1.0184757865176055 1.1065214618131212
decision_type=2 2 2 2 2 2 2 2 2 2 2 2 2 2 2 2 2 2 2 2 2 2 2 2 2 2 2 2 2 2
left_child=2 3 24 19 12 22 8 -4 9 11 16 -7 13 -3 -15 27 20 -10 -19 21 -11 -2 -5 -18 25 -1 -24 -6 29 -8
right_child=1 4 7 5 15 6 28 -9 17 10 -12 -13 -14 14 -16 -17 23 18 -20 -21 -22 -23 26 -25 -26 -27 -28 -29 -30 -31
leaf_value=-0.015430153326784888 -0.012552488094472092 0.012736201160215226 -0.0032507290221475311 0.00019580537749965107 0.041063749577317926 0.012901229023392018 0.028294484931033644 -0.00036830899125047799 0.012664358812902239 0.0061291246479377153 0.054955701148580942 -0.019567560950188988 0.002811283784543967 0.024508521895467955 0.058501805485122738 0.029503096793170858 0.013863371581354906 0.022570326810738256 0.072414720853169759 0.0041338256079187707 0.059063181552019985 0.00061689996316556571 0.0050049479721012962 -0.0075216646006335324 -0.0069376242130818628 0.025213645256700969 0.010652340094756293 0.076260225381702185 0.0099782801560843286 0.015301028929570007
leaf_weight=657 246 366 11925 713 49 1013 372 12613 245 50 21 62 152 746 45 115 86 72 30 7685 22 2191 2128 520 12182 21 1991 51 339 490
leaf_count=657 246 366 11925 713 49 1013 372 12613 245 50 21 62 152 746 45 115 86 72 30 7685 22 2191 2128 520 12182 21 1991 51 339 490
internal_value=-3.71978e-12 0.0069461 -0.00367754 0.00559388 0.023162 0.00885474 0.0121019 -0.00176911 0.0088623 0.00670612 5.85126e-05 0.0110286 0.0198661 0.0221066 0.0264424 0.0432291 -0.00164184 0.0198855 0.0372304 0.00296702 0.0223034 -0.000712468 0.0066223 -0.00448682 -0.00731899 -0.0141713 0.00773473 0.059014 0.0178232 0.0209084
internal_weight=57198 19800 37398 18276 1524 8154 3322 24538 2121 1774 699 1075 1309 1157 791 215 678 347 102 10122 72 2437 4832 606 12860 678 4119 100 1201 862
internal_count=57198 19800 37398 18276 1524 8154 3322 24538 2121 1774 699 1075 1309 1157 791 215 678 347 102 10122 72 2437 4832 606 12860 678 4119 100 1201 862
is_linear=0
shrinkage=0.05


Tree=30
num_leaves=31
num_cat=0
split_feature=2 2 2 5 5 4 7 4 2 5 4 5 4 1 6 6 5 5 8 6 4 5 4 5 8 1 7 4 6 11
split_gain=527.78 129.898 129.616 40.0129 35.7293 28.4504 27.1308 26.1262 22.4729 22.2899 21.4119 21.0356 19.4153 18.4639 18.4486 17.3711 16.8866 16.5066 22.4146 15.7624 14.6536 14.1202 23.2269 18.6331 15.9013 25.0524 15.7711 15.144 14.1051 41.1434
threshold=0.42591121492687362 2.4215941071938034 -0.48127259464491445 0.86189575033690324 0.9652358749025497 0.18398696008070553 1.707859523614377 0.52788808976093382 -0.93394482978612048 -0.43848646996953172 -0.48088855730106883 -0.24956724947920125 0.13813347612334176 3.0972743299717664 1.0000000180025095e-35 -1.0557360505944642 1.2291569272765577 1.4312047935437753 -0.99042967103748658 1.1185040474979022 -0.34332810542897768 1.1065214618131212 0.71130202559038891 0.9652358749025497 -0.99042967103748658 0.56968036991039239 -0.17418860646293408 1.2615438330787541 1.7136308150948316 -0.7500292558394458
decision_type=2 2 2 2 2 2 2 2 2 2 2 2 2 2 2 2 2 2 2 2 2 2 2 2 2 2 2 2 2 2
left_child=2 3 8 9 -3 13 12 10 -1 -2 -8 19 -6 15 -11 -5 -12 28 -19 -4 -18 23 24 -7 -23 -26 27 -25 -17 -30
right_child=1 4 11 5 6 21 7 -9 -10 14 16 -13 -14 -15 -16 17 20 18 -20 -21 -22 22 -24 26 25 -27 -28 -29 29 -31
leaf_value=-0.0079315045053509944 -0.0015393933317447912 0.0093596669541443044 -0.0028300587214927235 -0.016203881624520203 0.0090494306450447475 0.011740845840415201 0.0077252730727195747 0.0067287719740786334 -0.0044641570112049509 0.00017771105282335397 0.03132835097700571 0.0013126938035547433 0.030607754912524279 0.040321056216600398 0.0068622514695003568 0.0070728793365611876 0.090300244920783576 0.019176234914040247 -0.029309517992034892 0.0012934253020552107 0.050934943313171201 0.033387277600036673 0.0053327250834861815 0.01441016759173098 0.041280628950693288 0.0064796767204911582 0.019827312424213619 0.048820136092268887 0.034968015156447929 -0.0020261188082205243
leaf_weight=7684 1242 291 8701 79 192 371 37 55 11926 1247 104 10878 229 42 5992 2773 27 37 67 3159 190 149 659 44 65 253 284 117 168 136
leaf_count=7684 1242 291 8701 79 192 371 37 55 11926 1247 104 10878 229 42 5992 2773 27 37 67 3159 190 149 659 44 65 253 284 117 168 136
internal_value=-3.89922e-12 0.00811072 -0.00284415 0.00677188 0.0244446 0.0102051 0.029708 0.0388131 -0.00582281 0.00464901 0.0437423 -0.000275263 0.0207759 0.00738078 0.00571076 0.00695639 0.0478938 0.00753158 -0.0120598 -0.00173174 0.0558329 0.0150074 0.0113779 0.0200157 0.0199086 0.0135931 0.0269145 0.0394162 0.00819375 0.018418
internal_weight=57198 14850 42348 13725 1125 5244 834 413 19610 8481 358 22738 421 3302 7239 3260 321 3181 104 11860 217 1942 1126 816 467 318 445 161 3077 304
internal_count=57198 14850 42348 13725 1125 5244 834 413 19610 8481 358 22738 421 3302 7239 3260 321 3181 104 11860 217 1942 1126 816 467 318 445 161 3077 304
is_linear=0
shrinkage=0.05


Tree=31
num_leaves=31
num_cat=0
split_feature=2 1 2 3 3 4 2 4 2 0 5 5 2 5 0 0 8 5 4 0 0 6 4 3 1 6 2 5 3 9
split_gain=478.946 141.609 85.2271 53.0151 34.5868 25.6921 26.2408 23.1895 22.3197 18.9096 18.8857 16.9216 16.355 13.7543 13.8239 15.4414 14.2308 12.3887 21.9907 12.1492 11.9962 35.5637 14.266 11.9295 11.7512 11.3899 11.379 11.2816 10.6901 11.4825
threshold=0.20843090722836591 2.2904216509925721 -0.74745576006326042 0.75298526901701557 2.8180227285006008 -0.48088855730106883 5.1381541538316595 -0.25162113751425025 3.6090885753489395 0.43202768883440962 -0.43848646996953172 -1.1326614881673891 1.1130214684400512 1.4495693291702281 1.9936084506522318 1.6437776611856465 0.38174988366425283 -0.79085023738312954 -0.66430249313052359 -0.076729895149008923 -1.3768667146945477 -0.50231995162864196 -0.068207201684795479 -1.7152345853068274 1.1661312024038086 0.31220406105026438 -1.7235830033131732 0.86189575033690324 1.4724410070425007 -1.4491128870215986
decision_type=2 2 2 2 2 2 2 2 2 2 2 2 2 2 2 2 2 2 2 2 2 2 2 2 2 2 2 2 2 2
left_child=2 3 23 10 13 -6 7 -7 12 11 17 25 -5 14 15 16 -3 -2 24 -15 21 -12 -23 26 -19 -4 -1 -16 29 -11
right_child=1 4 9 8 5 6 -8 -9 -10 28 20 -13 -14 19 27 -17 -18 18 -20 -21 -22 22 -24 -25 -26 -27 -28 -29 -30 -31
leaf_value=-0.023199055321553412 0.0023437873881862348 0.019428545762492151 -0.0051281037525667539 0.0060043352399996325 -0.021923572641043439 0.056405517107082741 0.052641835566277488 0.020385704995097023 0.050953150015945241 0.0072377302178632738 0.0020603026551480005 -0.0017484563196360024 0.010459152685753741 0.069405217096209532 0.011324250581674279 -0.00095381797987154158 0.0020961339656026135 -0.014474004747768936 0.0015411822462953648 0.0184591062143445 0.0033855770072355076 0.018181123600705808 0.068872922001672651 -0.0062408662370534483 0.012459188222948631 -0.018362303538452512 -0.0091618783999965481 0.041673818942678131 0.018317771161538224 -0.00015258640570091635
leaf_weight=192 1057 549 2699 5255 21 54 140 259 30 582 137 15575 3389 22 50 174 151 509 591 25 7206 23 35 12086 44 173 582 79 86 5423
leaf_count=192 1057 549 2699 5255 21 54 140 259 30 582 137 15575 3389 22 50 174 151 509 591 25 7206 23 35 12086 44 173 582 79 86 5423
internal_value=-1.01126e-12 0.00628803 -0.00332913 0.00506698 0.020931 0.0321419 0.0346482 0.0266 0.00790033 -0.00160117 0.00250746 -0.00239874 0.00775091 0.0158702 0.0146314 0.0123762 0.0156897 -0.00155877 -0.00516453 0.0423062 0.00371672 0.0159537 0.048771 -0.00662625 -0.012331 -0.00592529 -0.012644 0.0299104 0.000814351 0.000563677
internal_weight=57198 19800 37398 18276 1524 474 453 313 8674 24538 9602 18447 8644 1050 1003 874 700 2201 1144 47 7401 195 58 12860 553 2872 774 129 6091 6005
internal_count=57198 19800 37398 18276 1524 474 453 313 8674 24538 9602 18447 8644 1050 1003 874 700 2201 1144 47 7401 195 58 12860 553 2872 774 129 6091 6005
is_linear=0
shrinkage=0.05


Tree=32
num_leaves=31
num_cat=0
split_feature=2 2 2 5 5 7 4 2 5 4 0 5 0 5 4 8 0 6 4 0 4 0 0 0 4 4 0 5 8 6
split_gain=433.411 129.703 91.6337 30.6499 24.6449 22.8139 22.9264 22.3073 22.111 26.5914 21.6191 22.5859 19.1822 26.4412 18.7145 19.6737 20.6158 18.765 17.8844 17.7766 16.5753 18.9056 15.0671 14.5594 14.444 58.7848 13.9575 12.42 17.0354 12.0582
threshold=0.60167715233822439 -0.41020666726664506 2.4215941071938034 0.9652358749025497 -0.24956724947920125 1.707859523614377 0.52788808976093382 -0.96122086448131194 0.86189575033690324 0.18398696008070553 1.1132669512946023 1.1495863065883827 0.87749911906728173 1.2994638957836848 -0.43503507334370556 -0.99042967103748658 -0.73889390452068671 0.046773696581961052 -0.45796181532238694 1.6630209632296875 0.13813347612334176 -0.45180638707072185 0.53165644211467633 1.5797132453445968 -0.41210833136502373 -0.13698742762084057 1.0327649499723037 1.1065214618131212 1.0184757865176055 1.0000000180025095e-35
decision_type=2 2 2 2 2 2 2 2 2 2 2 2 2 2 2 2 2 2 2 2 2 2 2 2 2 2 2 2 2 2
left_child=1 7 8 -4 26 20 18 -1 -2 10 14 -12 -6 -14 -10 16 17 -16 -7 23 -5 -22 -9 -20 -13 -26 -3 -17 -29 -11
right_child=2 4 3 5 12 6 -8 22 9 29 11 24 13 -15 15 27 -18 -19 19 -21 21 -23 -24 -25 25 -27 -28 28 -30 -31
leaf_value=-0.0073511613028275878 0.0050956898482291957 -0.0024218571145356868 0.0080890599753438829 0.0079099359127212665 0.001175386325294104 0.010048280216076157 0.0052294836565852168 -0.0044547862968310811 0.0084906899012945417 0.010309472975234246 0.0087574357040914527 0.019015852756031869 0.0064917527269320128 0.061732959402830939 0.011883909374353338 0.0030049297455340051 0.00152841716318689 0.057405143479506177 0.049692052128414321 0.031159501493675634 -0.00082543442562303464 0.035031988613862197 0.00089547884971705725 0.095107781905680908 0.096805267064183048 0.0031259862740304978 0.0014258370094820218 -0.019866373647417994 0.00098753424737985963 0.01856631022244366
leaf_weight=7006 6142 8260 291 192 10649 44 55 13167 1389 873 335 96 1409 22 61 260 244 36 150 144 46 183 1462 20 33 34 3298 231 170 896
leaf_count=7006 6142 8260 291 192 10649 44 55 13167 1389 873 335 96 1409 22 61 260 244 36 150 144 46 183 1462 20 33 34 3298 231 170 896
internal_value=-1.74594e-12 -0.00223377 0.00848047 0.0220606 0.000326574 0.0269356 0.0352849 -0.00503116 0.00706588 0.00966375 0.00670757 0.016185 0.00190577 0.00734102 0.0047336 -0.000474583 0.00927988 0.0287784 0.0399024 0.0440858 0.0187449 0.0278292 -0.00392009 0.0550351 0.0314502 0.0492665 -0.00132394 -0.00550676 -0.0110256 0.0144916
internal_weight=57198 45273 11925 1125 23638 834 413 21635 10800 4658 2889 498 12080 1431 2391 1002 341 97 358 314 421 229 14629 170 163 67 11558 661 401 1769
internal_count=57198 45273 11925 1125 23638 834 413 21635 10800 4658 2889 498 12080 1431 2391 1002 341 97 358 314 421 229 14629 170 163 67 11558 661 401 1769
is_linear=0
shrinkage=0.05


Tree=33
num_leaves=31
num_cat=0
split_feature=2 1 2 3 3 4 2 4 5 5 5 6 6 4 5 6 2 5 6 5 5 7 5 4 2 5 7 6 5 5
split_gain=392.337 112.41 74.1749 40.8406 27.5997 22.2364 22.7207 19.8029 17.0272 16.3701 19.9791 18.8484 18.5621 14.9806 18.6488 14.0974 12.0596 11.821 20.9936 11.7848 11.7051 10.8962 10.8076 15.6957 10.8033 10.5705 10.2879 9.60156 9.51347 9.54011
threshold=0.24721678892327062 2.2904216509925721 -0.74745576006326042 0.99269473000008912 2.8180227285006008 -0.48088855730106883 5.1381541538316595 -0.25162113751425025 -0.37618863167946776 -0.24956724947920125 1.4651726809124612 -1.0557360505944642 1.1185040474979022 -0.71015597708788747 -0.73523310476190373 1.0000000180025095e-35 3.6090885753489395 -1.1735669212629918 0.31220406105026438 0.9652358749025497 1.4495693291702281 1.707859523614377 1.1065214618131212 1.2615438330787541 -1.5098030454564346 1.0613819277844458 1.0000000180025095e-35 -1.0557360505944642 1.4779829372212656 0.69515041704156832
decision_type=2 2 2 2 2 2 2 2 2 2 2 2 2 2 2 2 2 2 2 2 2 2 2 2 2 2 2 2 2 2
left_child=2 3 24 8 20 -6 7 -7 13 12 11 -11 17 14 -2 19 28 18 -4 -10 -3 -22 23 26 25 -1 -21 -24 29 -5
right_child=1 4 9 16 5 6 -8 -9 15 10 -12 -13 -14 -15 -16 -17 -18 -19 -20 22 21 -23 27 -25 -26 -27 -28 -29 -30 -31
leaf_value=-0.012128055671110112 0.0029384825167012162 0.01325150605511061 -0.0053511846779660472 0.0050162869789781919 -0.021368404903582165 0.051315743007904126 0.048004767200909557 0.01802991085809846 -0.00038057237371761689 -0.003772672727721112 -0.0057081405552520982 0.0020414152059626558 0.0011979993877137642 0.0025110726762403359 -0.011068252460028965 0.0056747932399967759 0.042751706108450888 -0.0024866390318823628 -0.02714978562354849 0.00059898269544833181 0.064445227243281389 0.016197701744735241 -0.015361777788945544 0.040564068433140282 -0.0056053558121628337 0.02295970449393446 0.02026092848852919 0.0042904761948393596 -0.023464488913305104 0.0093911215525384617
leaf_weight=882 397 1003 2309 1780 21 54 140 259 2439 1709 1274 7562 2874 1472 592 5248 25 9594 116 156 22 25 67 46 11956 22 116 859 24 4155
leaf_count=882 397 1003 2309 1780 21 54 140 259 2439 1709 1274 7562 2874 1472 592 5248 25 9594 116 156 22 25 67 46 11956 22 116 859 24 4155
internal_value=1.34386e-12 0.00589476 -0.00290905 0.00475278 0.0189152 0.0289298 0.0312615 0.0237725 0.00299592 -0.0013445 0.000162875 0.000969656 -0.00241181 -0.000686521 -0.00544573 0.00401064 0.00809738 -0.00327499 -0.00639392 0.00163935 0.0143943 0.0387816 0.00559963 0.0135524 -0.00600385 -0.0112742 0.00898422 0.00286855 0.007952 0.00807904
internal_weight=57198 18900 38298 17376 1524 474 453 313 11392 25438 10545 9271 14893 2461 989 8931 5984 12019 2425 3683 1050 47 1244 318 12860 904 272 926 5959 5935
internal_count=57198 18900 38298 17376 1524 474 453 313 11392 25438 10545 9271 14893 2461 989 8931 5984 12019 2425 3683 1050 47 1244 318 12860 904 272 926 5959 5935
is_linear=0
shrinkage=0.05


Tree=34
num_leaves=31
num_cat=0
split_feature=2 2 3 2 5 5 5 0 4 0 1 0 4 8 5 7 5 7 0 4 3 6 0 0 0 8 4 8 4 4
split_gain=356.967 114.945 69.0303 32.7794 23.1781 19.8469 18.8517 16.8887 16.3312 23.1989 26.6136 16.2514 15.2464 29.1211 22.9283 14.8125 13.9199 13.2281 12.9918 14.4591 15.2335 12.9365 14.9651 16.9393 12.3892 12.3246 11.8548 23.1251 23.1104 18.1536
threshold=0.70769480656353323 -0.41020666726664506 2.1013061194939193 5.1381541538316595 -0.24956724947920125 -1.2122321088555645 0.9652358749025497 0.47334650493396263 0.16106021810202364 1.1132669512946023 1.279273722414479 0.42398323656940784 0.71130202559038891 1.0000000180025095e-35 1.0613819277844458 1.0000000180025095e-35 1.4779829372212656 -0.44313593596502393 2.1320600998353485 -0.27454787949293208 1.3166402403684843 0.046773696581961052 -1.4280469313221158 -0.42168672253551637 1.0327649499723037 1.0184757865176055 -0.43503507334370556 0.21070812337056413 -0.068207201684795479 0.069353250187296225
decision_type=2 2 2 2 2 2 2 2 2 2 2 2 2 2 2 2 2 2 2 2 2 2 2 2 2 2 2 2 2 2
left_child=1 5 6 21 24 17 25 -5 9 26 -11 -6 13 -10 15 -14 -7 -1 19 20 -12 -4 -23 -24 -3 -2 -8 28 -28 -30
right_child=2 4 3 7 11 16 8 -9 12 10 18 -13 14 -15 -16 -17 -18 -19 -20 -21 -22 22 23 -25 -26 -27 27 -29 29 -31
leaf_value=-0.003918508424265733 0.0056843058452549604 -0.0022161578771497299 0.0033336578032613739 0.050006223719936072 0.00077740317252074581 -0.0026564350740061263 0.0082358206727927447 0.022162020554034309 0.037987892210028719 0.060701075786103814 0.063139204792678358 0.0046907577760538048 0.036056222827133971 0.010788526998012853 0.0048145833569665057 0.0056658779732791376 -0.0060400594728446926 -0.0086647728852948872 0.049910824130410737 -0.0026361262298730884 0.013957517674645863 0.057704389975829565 -0.01128169792937115 0.017361818953908589 0.0013538496044739031 -0.0020308767095312675 -0.0027352316025491367 -0.012439769888387166 0.039888030763715505 0.0044837336518269563
leaf_weight=2328 5446 8379 207 106 9506 11155 913 112 172 36 20 3680 117 230 513 61 4178 3974 23 104 74 22 54 1169 3423 572 228 251 75 70
leaf_count=2328 5446 8379 207 106 9506 11155 913 112 172 36 20 3680 117 230 513 61 4178 3974 23 104 74 22 54 1169 3423 572 228 251 75 70
internal_value=-4.81214e-12 -0.0018812 0.0082938 0.0176222 0.000428887 -0.00454929 0.0065444 0.0357009 0.00986587 0.00693056 0.0208353 0.00186956 0.0146838 0.0224261 0.0101796 0.0256416 -0.00357842 -0.00691147 0.0143413 0.0102095 0.0244217 0.0149079 0.0168323 0.0160971 -0.00118073 0.00495099 0.00460556 -0.000706012 0.0071899 0.0227963
internal_weight=57198 46623 10575 1670 24988 21635 8905 218 2887 1794 257 13186 1093 402 691 178 15333 6302 221 198 94 1452 1245 1223 11802 6018 1537 624 373 145
internal_count=57198 46623 10575 1670 24988 21635 8905 218 2887 1794 257 13186 1093 402 691 178 15333 6302 221 198 94 1452 1245 1223 11802 6018 1537 624 373 145
is_linear=0
shrinkage=0.05


Tree=35
num_leaves=31
num_cat=0
split_feature=3 1 1 3 5 3 5 4 4 6 7 4 5 8 0 8 5 4 0 5 0 0 7 4 3 0 0 5 0 1
split_gain=324.363 85.3067 60.4161 23.0017 22.7572 21.5329 20.7854 18.9636 26.7748 16.6906 16.7613 14.4125 13.318 12.7491 23.0098 15.4117 13.1437 14.4709 11.1306 73.8229 44.4673 11.8015 21.4151 21.0945 11.8001 13.3194 10.7867 11.4284 11.1678 10.4923
threshold=0.50228783319909509 2.2904216509925721 -0.23257145267109611 3.1923315992737717 -1.1735669212629918 1.3470610015778208 1.4495693291702281 -0.228694395535568 -0.43503507334370556 1.1185040474979022 -0.44313593596502393 0.22984044403806927 1.4779829372212656 -0.99042967103748658 -0.46560339495487107 1.0184757865176055 0.39311345010046078 -0.71015597708788747 1.0894866621508073 1.1904917396839851 1.2079298665622893 0.035253852697791459 -0.44313593596502393 -0.43503507334370556 2.3101830369618326 0.59010491522874431 0.99954702019062769 -0.056344946134780353 -1.1752500972272226 1.7597828743647317
decision_type=2 2 2 2 2 2 2 2 2 2 2 2 2 2 2 2 2 2 2 2 2 2 2 2 2 2 2 2 2 2
left_child=2 5 4 6 9 -2 -3 8 -5 10 -1 -8 26 29 15 -15 -16 -18 21 -20 -21 -19 -23 -24 -25 -26 27 28 -6 -7
right_child=1 3 -4 7 12 13 11 -9 -10 -11 -12 -13 -14 14 16 -17 17 18 19 20 -22 22 23 24 25 -27 -28 -29 -30 -31
leaf_value=-0.0037495646214836167 0.0037564531013644649 0.01236472188736808 6.9281723846366936e-05 0.01111516769009608 -0.022472174680481356 0.010604638913263201 0.072184045069540542 0.022638369426879634 0.073354020577001702 -0.00061673300537593511 -0.0088547697007833812 0.023612543746518593 -0.0053867320458981533 -0.014823677962509073 -0.0014410939074960263 0.0064386594536603968 0.0043442553930288881 0.019429134018353767 0.0099459410310392873 0.10519569809822477 0.031659976040268351 -0.0061574305965753397 0.033912333796967516 0.0032562323754875746 0.040682810224706725 -0.0025468042319906608 0.0055801532093890773 5.1375622949084246e-05 -0.0030992105058331287 0.024087084663464108
leaf_weight=2549 10331 1072 16263 27 75 632 24 280 48 1216 4354 42 3873 194 310 152 855 223 426 34 52 235 91 335 49 28 447 3641 9153 187
leaf_count=2549 10331 1072 16263 27 75 632 24 280 48 1216 4354 42 3873 194 310 152 855 223 426 34 52 235 91 335 49 28 447 3641 9153 187
internal_value=-5.61248e-12 0.00614119 -0.00230854 0.0175077 -0.00383654 0.00494053 0.0140414 0.0286193 0.050948 -0.00601814 -0.00696962 0.0412749 -0.00280609 0.00815713 0.00664046 -0.005483 0.00823057 0.00951847 0.0125218 0.0184765 0.0607322 0.00934933 0.00630354 0.0121253 0.00731307 0.024963 -0.0020555 -0.00232073 -0.00325666 0.013683
internal_weight=57198 15627 41571 1493 25308 14134 1138 355 75 8119 6903 66 17189 3803 2984 346 2638 2328 1473 512 86 961 738 503 412 77 13316 12869 9228 819
internal_count=57198 15627 41571 1493 25308 14134 1138 355 75 8119 6903 66 17189 3803 2984 346 2638 2328 1473 512 86 961 738 503 412 77 13316 12869 9228 819
is_linear=0
shrinkage=0.05


Tree=36
num_leaves=31
num_cat=0
split_feature=3 1 1 5 5 1 1 7 4 6 7 5 4 5 4 4 5 8 4 4 6 1 4 5 5 4 3 1 4 5
split_gain=292.951 76.4553 55.9204 21.0148 20.8251 18.6153 16.5829 21.2617 23.3346 14.8924 15.0679 14.758 13.9048 12.3058 11.4416 26.6151 11.1867 15.6949 10.196 10.0927 11.9067 17.7442 32.9673 15.0697 16.9812 12.0393 11.1935 11.2951 10.0605 10.0041
threshold=0.52784509782456357 2.2904216509925721 -0.23257145267109611 -1.1735669212629918 0.9652358749025497 1.1389860958439442 3.0972743299717664 -0.080597219688208724 1.0000000180025095e-35 1.1185040474979022 -0.44313593596502393 1.4495693291702281 0.22984044403806927 1.4779829372212656 -0.48088855730106883 -0.25162113751425025 1.386347522532285 -0.99042967103748658 -0.43503507334370556 -0.11406068564215872 -1.0557360505944642 0.55688579010114847 -0.43503507334370556 -0.43848646996953172 -0.94831105648155722 -1.1228373327041614 -0.63433567274564162 0.95583162663342336 -1.5125919463417536 -1.3430211371129324
decision_type=2 2 2 2 2 2 2 2 2 2 2 2 2 2 2 2 2 2 2 2 2 2 2 2 2 2 2 2 2 2
left_child=2 5 3 9 -3 18 11 8 -8 10 -1 -6 16 -5 -9 -16 -7 -18 -2 20 21 -4 -23 24 25 -22 -26 -28 29 -11
right_child=1 4 19 13 6 12 7 14 -10 28 -12 -13 -14 -15 15 -17 17 -19 -20 -21 23 22 -24 -25 26 -27 27 -29 -30 -31
leaf_value=-0.0035745621528002654 0.0058487244977672524 0.0073367122208747903 -0.0037389086484083964 -0.0019208706379419118 0.012682110664509211 0.0061916940017475502 -0.024538873597547146 0.0010425767240424951 0.023500893648795703 0.0010728299404339245 -0.0084120312466151592 0.040781057788533914 0.011409621258419517 -0.0051208315689777184 0.071087088342756038 0.030551833623092495 0.032290892946046028 -0.014295235012116162 0.002386020412647666 0.001300351336454718 -0.0062436696577073229 -0.010069845569657392 -0.070757701787455329 0.0013257145923130031 0.0012123851139653431 0.0050766723698613334 -0.009878989224416523 0.008371927836592628 -0.0015136289234880195 0.048954012147150935
leaf_weight=2554 3213 424 761 13373 558 2539 35 24 91 24 4354 51 1503 3875 48 259 21 130 6283 8546 343 98 29 4419 369 745 1239 91 1179 20
leaf_count=2554 3213 424 761 13373 558 2539 35 24 91 24 4354 51 1503 3875 48 259 21 130 6283 8546 343 98 29 4419 369 745 1239 91 1179 20
internal_value=-4.79736e-12 0.00595359 -0.00215068 -0.00362765 0.0167094 0.00478285 0.0204374 0.0276364 0.0101565 -0.00572318 -0.00662354 0.0150352 0.00755762 -0.00263979 0.0342904 0.0368896 0.00540537 -0.00781637 0.00355764 0.000101965 -0.00116334 -0.00662627 -0.0239277 -0.000490144 -0.00336933 0.00150785 -0.00649256 -0.00863024 -0.000637564 0.022837
internal_weight=57198 15179 42019 25379 1490 13689 1066 457 126 8131 6908 609 4193 17248 331 307 2690 151 9496 16640 8094 888 127 7206 2787 1088 1699 1330 1223 44
internal_count=57198 15179 42019 25379 1490 13689 1066 457 126 8131 6908 609 4193 17248 331 307 2690 151 9496 16640 8094 888 127 7206 2787 1088 1699 1330 1223 44
is_linear=0
shrinkage=0.05


Tree=37
num_leaves=31
num_cat=0
split_feature=2 2 2 2 5 0 6 6 0 0 5 0 5 7 0 11 6 0 0 1 1 5 4 5 1 2 4 4 0 2
split_gain=272.076 70.5025 56.5607 28.3897 21.8793 16.6134 55.6881 18.0675 16.1607 15.2142 13.7407 13.3242 13.0096 12.513 10.7829 11.4499 30.9763 71.0725 14.0268 10.7493 9.97906 9.93474 13.9621 26.0099 15.1386 36.3511 16.2185 12.001 18.9691 9.83143
threshold=0.32219942104149724 1.7072088707226738 -0.68398315185772407 5.1381541538316595 -0.24956724947920125 -1.3768667146945477 0.046773696581961052 0.31220406105026438 0.99954702019062769 -0.58445645460119244 -0.31317640375456596 0.47334650493396263 1.4779829372212656 -0.17418860646293408 1.6630209632296875 -0.7500292558394458 1.7136308150948316 1.2711646930971334 1.0327649499723037 1.6951738662692393 2.8232239291283161 0.9652358749025497 -0.068207201684795479 1.386347522532285 3.0972743299717664 2.9697660757573816 -0.38918158938634145 -0.20576765355688617 1.6887697751547579 -1.5899400149756182
decision_type=2 2 2 2 2 2 2 2 2 2 2 2 2 2 2 2 2 2 2 2 2 2 2 2 2 2 2 2 2 2
left_child=2 4 29 9 -2 6 -6 20 10 -3 -4 -5 13 -12 15 16 18 -18 -9 -19 -7 -11 23 24 26 -26 -23 28 -28 -1
right_child=1 3 8 11 5 7 -8 14 -10 21 12 -13 -14 -15 -16 -17 17 19 -20 -21 -22 22 -24 -25 25 -27 27 -29 -30 -31
leaf_value=-0.010633662712416347 -4.4224935462768055e-05 -0.00051996573829926943 -0.0025375521097749897 0.042140449570724742 0.006405783737172448 0.0026619989174758388 0.056481802057641653 0.017851255015599747 0.0025047051347923607 0.0088023446957299044 -0.0013331090025639452 0.017799546625465155 -0.0063369720507970287 0.0021399263731502732 0.0032383741248362924 0.0070853352486294346 0.10298950384060541 0.010347526453580093 -0.000515676098076921 0.046896633978933094 0.030227145552635195 0.015930801819680106 0.020609156715411397 -0.025774751064625193 0.087921746278351004 0.0094977797831719141 -0.0019536950043402613 0.024048420767588865 -0.054841484040731484 -0.0044661492987988338
leaf_weight=678 2837 251 11359 110 324 6483 67 189 3160 1010 5200 115 770 5174 1415 2663 30 103 231 25 33 324 638 47 22 45 88 29 21 13757
leaf_count=678 2837 251 11359 110 324 6483 67 189 3160 1010 5200 115 770 5174 1415 2663 30 103 231 25 33 324 638 47 22 45 88 29 21 13757
internal_value=-1.02155e-12 0.00528066 -0.00225196 0.012695 0.00389047 0.00485585 0.0149866 0.00450129 -0.000843582 0.0111492 -0.00131377 0.0296995 -6.63726e-05 0.000399057 0.00687998 0.00846989 0.0148489 0.0337209 0.00774944 0.017486 0.0028016 0.0124661 0.0155142 0.00987093 0.0130379 0.0352489 0.00981686 -0.00453762 -0.0121431 -0.00475583
internal_weight=57198 17100 40098 2700 14400 11563 391 11172 25663 2475 22503 225 11144 10374 4656 3241 578 158 420 128 6516 2224 1214 576 529 67 462 138 109 14435
internal_count=57198 17100 40098 2700 14400 11563 391 11172 25663 2475 22503 225 11144 10374 4656 3241 578 158 420 128 6516 2224 1214 576 529 67 462 138 109 14435
is_linear=0
shrinkage=0.05


Tree=38
num_leaves=31
num_cat=0
split_feature=2 2 2 5 1 4 5 5 7 4 7 4 0 4 4 5 0 8 1 0 0 5 0 8 0 6 1 0 0 5
split_gain=246.86 80.4081 47.7807 23.6306 33.1687 17.2708 18.1738 16.7642 15.2453 16.7908 15.1991 14.5858 14.2119 14.1833 14.0559 17.8908 14.4213 19.0287 15.7399 22.6444 15.3115 13.824 13.4559 12.0356 11.6443 11.4817 11.4419 10.7226 14.0338 26.1718
threshold=0.73675869211200207 -0.41020666726664506 3.6090885753489395 0.9652358749025497 3.0972743299717664 0.20691370205938739 1.1065214618131212 -0.24956724947920125 -0.080597219688208724 -0.25162113751425025 -0.17418860646293408 0.71130202559038891 0.53165644211467633 -0.48088855730106883 -0.38918158938634145 1.386347522532285 2.0936190745863663 1.0000000180025095e-35 1.309932963920198 1.1132669512946023 1.7151309929072172 -1.2825390773626912 0.42398323656940784 0.38174988366425283 1.5797132453445968 1.0000000180025095e-35 1.8220646652369268 -0.45180638707072185 0.060068782369897232 1.386347522532285
decision_type=2 2 2 2 2 2 2 2 2 2 2 2 2 2 2 2 2 2 2 2 2 2 2 2 2 2 2 2 2 2
left_child=1 12 3 25 5 14 10 -3 24 -10 -7 23 21 -4 15 -5 17 18 19 -16 -19 -1 -9 -8 -6 -2 -20 -15 29 -29
right_child=2 7 13 4 8 6 11 22 9 -11 -12 -13 -14 27 16 -17 -18 20 26 -21 -22 -23 -24 -25 -26 -27 -28 28 -30 -31
leaf_value=-0.0066127356545501994 -0.00033663894034691502 -0.00099265962481653327 -0.012126025588562092 0.010274427425327822 -0.02158848788766634 0.032842557947210936 0.025226448765975896 0.00057570115078881359 0.071247085688575615 0.029275184233211779 0.013805183873518726 0.0031559400868266304 0.00066531199397084359 -0.0087351364263502703 0.011634154452652742 -0.01570076782123319 0.041617045196748914 -0.006036058348246328 -0.010350568709717461 0.065828905546146885 -0.048987439342520457 -0.0034362786338326245 0.004043363491620878 0.0074031099771183235 0.026038972432301806 0.0054131151535486898 0.0089142996302369795 0.091886173561215409 0.019254794785148525 0.030897503688114964
leaf_weight=4391 1054 11845 27 1251 21 171 186 9654 31 103 271 502 1671 22 119 70 21 365 139 23 22 15573 3939 193 33 4927 173 20 235 146
leaf_count=4391 1054 11845 27 1251 21 171 186 9654 31 103 271 502 1671 22 119 70 21 365 139 23 22 15573 3939 193 33 4927 173 20 235 146
internal_value=-6.08522e-12 -0.00152341 0.00708261 0.00634184 0.00948612 0.00838899 0.0128968 0.000382364 0.0299464 0.0389851 0.0211703 0.00874597 -0.00376418 0.023009 0.00565703 0.008898 0.00069031 -0.000331642 0.00661228 0.0204122 -0.00847774 -0.00413493 0.00158057 0.0161502 0.00751718 0.00439987 0.000331554 0.0252517 0.0271163 0.0382455
internal_weight=57198 47073 10125 9675 3694 3506 1323 25438 188 134 442 881 21635 450 2183 1321 862 841 454 142 387 19964 13593 379 54 5981 312 423 401 166
internal_count=57198 47073 10125 9675 3694 3506 1323 25438 188 134 442 881 21635 450 2183 1321 862 841 454 142 387 19964 13593 379 54 5981 312 423 401 166
is_linear=0
shrinkage=0.05


Tree=39
num_leaves=31
num_cat=0
split_feature=2 2 2 2 0 6 5 4 4 5 1 6 9 4 1 5 4 2 0 5 0 6 0 0 5 4 0 0 0 11
split_gain=223.794 66.7478 40.3381 29.1048 16.3764 38.8817 15.4618 12.8004 12.4755 18.9597 12.4453 12.1463 12.1234 13.3464 11.5644 19.7593 14.2521 12.0905 10.2527 11.7541 16.0021 9.72054 13.6612 30.8344 10.8031 21.9191 16.8257 9.44549 9.36789 9.08293
threshold=0.20843090722836591 1.3659699941318044 -0.78645249303697462 3.6090885753489395 -1.4280469313221158 0.046773696581961052 -0.43848646996953172 -0.48088855730106883 -0.66430249313052359 -0.73523310476190373 -0.28977752899323922 0.31220406105026438 0.35001494236195146 -0.43503507334370556 3.0972743299717664 0.9652358749025497 0.069353250187296225 2.6677511286377769 1.0327649499723037 -0.18547950913925723 -0.046811405019422853 1.1185040474979022 1.6437776611856465 1.7151309929072172 1.386347522532285 0.11520673414465986 0.50924696031437755 -0.96379483790635634 -1.9518562126726928 1.4457311165250033
decision_type=2 2 2 2 2 2 2 2 2 2 2 2 2 2 2 2 2 2 2 2 2 2 2 2 2 2 2 2 2 2
left_child=2 4 -1 14 5 10 8 -5 9 27 -2 -8 18 -14 29 -16 17 -17 19 -4 -21 -9 24 -24 26 -26 -23 -6 -12 -3
right_child=1 3 12 7 6 -7 11 21 -10 -11 28 -13 13 -15 15 16 -18 -19 -20 20 -22 22 23 -25 25 -27 -28 -29 -30 -31
leaf_value=-0.0046705413251085558 0.020418867189025063 0.0084798986771329483 -0.0018962927870958953 -0.011519724353975445 -0.027263590320944789 0.051694486576386478 0.0019625955559233704 -0.0050384752952528228 0.0016256077811389862 -0.01252209270822599 -0.026807192318873213 0.0051340421945907759 -0.00018604778156778654 -0.0043370695291381767 0.0033110888514151469 0.076735585555434235 0.019733080720761794 0.027522119937034756 0.0031291513259629543 -0.001040345233069019 0.0043943093861842468 0.08620813102239655 -0.030832386132509961 0.026310362123809002 -0.0080571870466596193 0.034543527485982939 0.034206840569774313 0.0038395018350832776 0.0038529782404039324 0.00033099201818913575
leaf_weight=11960 113 3123 9589 27 26 55 7715 27 1517 486 28 4960 3152 5021 138 24 130 26 1840 3699 2137 21 31 99 38 147 60 399 226 384
leaf_count=11960 113 3123 9589 27 26 55 7715 27 1517 486 28 4960 3152 5021 138 24 130 26 1840 3699 2137 21 31 99 38 147 60 399 226 384
internal_value=-1.66809e-12 0.00429828 -0.00227568 0.00983056 0.0027749 0.0124898 0.00250346 0.0218586 -0.0011518 -0.00577676 0.00661445 0.00320365 -0.00114971 -0.00273619 0.0084155 0.0175455 0.0284585 0.0511446 -0.000398697 -0.000819523 0.000949692 0.0239891 0.0259683 0.012684 0.0324606 0.0257931 0.0476887 0.00193672 0.000473117 0.00758763
internal_weight=57198 19800 37398 4275 15525 422 15103 450 2428 911 367 12675 25438 8173 3825 318 180 50 17265 15425 5836 423 396 130 266 185 81 425 254 3507
internal_count=57198 19800 37398 4275 15525 422 15103 450 2428 911 367 12675 25438 8173 3825 318 180 50 17265 15425 5836 423 396 130 266 185 81 425 254 3507
is_linear=0
shrinkage=0.05


Tree=40
num_leaves=31
num_cat=0
split_feature=2 2 3 5 5 3 11 4 4 5 4 0 1 5 4 8 5 7 4 3 5 4 8 4 4 1 11 8 8 0
split_gain=202.905 65.6523 39.411 20.2535 15.6595 13.972 14.5411 18.8064 16.3661 13.3225 13.3579 15.9801 17.2766 12.669 12.0914 21.9829 17.2222 12.974 11.4937 11.7978 11.4743 10.9961 17.5505 18.904 15.4596 19.3973 11.157 19.4754 10.0719 9.75443
threshold=0.73675869211200207 -0.27989635871011487 2.1013061194939193 1.4495693291702281 -1.2122321088555645 3.1923315992737717 -0.7500292558394458 -0.20576765355688617 -0.41210833136502373 0.9652358749025497 0.16106021810202364 1.1132669512946023 1.279273722414479 -0.43848646996953172 0.71130202559038891 1.0000000180025095e-35 1.0613819277844458 1.0000000180025095e-35 0.48203460580356999 1.5369806572815394 1.4779829372212656 -0.43503507334370556 0.21070812337056413 -0.068207201684795479 0.069353250187296225 1.7597828743647317 -0.7500292558394458 0.38174988366425283 -1.7049705869141294 0.47334650493396263
decision_type=2 2 2 2 2 2 2 2 2 2 2 2 2 2 2 2 2 2 2 2 2 2 2 2 2 2 2 2 2 2
left_child=1 4 9 5 28 -4 7 8 -7 -2 11 21 -13 -3 15 18 17 -16 -12 -20 -6 26 23 -23 25 -25 -11 -28 -1 -8
right_child=2 13 3 -5 20 6 29 -9 -10 10 14 12 -14 -15 16 -17 -18 -19 19 -21 -22 22 -24 24 -26 -27 27 -29 -30 -31
leaf_value=-0.010321712012729495 0.0036465199528296975 -0.0010045293410378233 0.0094040630300609353 0.039604027684725512 -0.0016932568145656434 0.021526970341801645 0.024510210799907738 0.016057301695797256 0.069203676777995299 0.018419763588311738 0.024609394577460562 0.04880335239900483 0.011439116746035077 0.0014803088328563399 0.031274578339842145 0.0088780220968110047 0.0034131388289948051 0.0026772837270982565 0.07626011320031606 0.02651018227704547 -0.0046629684586708504 -0.0042350108760663054 -0.012376280275084804 0.016790569507516919 0.0018513504658853087 0.070731251992285249 -0.006741996908782643 0.010392573492830168 -0.0044829997426861215 0.0052584739418417015
leaf_weight=846 5664 8004 1146 71 13871 30 109 88 45 166 123 36 220 14284 117 223 496 60 26 22 4249 220 244 50 68 25 264 446 5819 166
leaf_count=846 5664 8004 1146 71 13871 30 109 88 45 166 123 36 220 14284 117 223 496 60 26 22 4249 220 244 50 68 25 264 446 5819 166
internal_value=-1.9561e-12 -0.00138114 0.00642117 0.0134782 -0.00315186 0.0123072 0.0199031 0.0317363 0.050133 0.00504226 0.00785959 0.00515733 0.0166935 0.000587961 0.0122637 0.0192202 0.0081912 0.0215806 0.0327073 0.0534581 -0.00238963 0.00316593 -0.00200628 0.00496419 0.0191168 0.0347708 0.00674986 0.00402141 -0.00522412 0.0128892
internal_weight=57198 47073 10125 1655 24785 1584 438 163 75 8470 2806 1739 256 22288 1067 394 673 177 171 48 18120 1483 607 363 143 75 876 710 6665 275
internal_count=57198 47073 10125 1655 24785 1584 438 163 75 8470 2806 1739 256 22288 1067 394 673 177 171 48 18120 1483 607 363 143 75 876 710 6665 275
is_linear=0
shrinkage=0.05


Tree=41
num_leaves=31
num_cat=0
split_feature=2 2 2 5 2 0 6 0 5 5 5 7 4 1 2 5 11 0 5 1 0 2 5 5 0 1 5 1 4 5
split_gain=183.985 48.7622 38.8576 18.3746 17.4958 13.5912 12.4449 43.6472 15.5459 11.6681 10.7001 11.8762 10.133 10.0395 14.9254 14.2182 16.2717 18.4576 15.4537 11.545 9.95314 10.1747 14.3578 9.93448 9.87951 13.9418 11.7814 9.08391 8.75095 8.55786
threshold=0.32219942104149724 1.9275026134528697 -0.74745576006326042 0.45541128839052486 5.1381541538316595 0.99954702019062769 1.0000000180025095e-35 -1.2764627040706582 0.9652358749025497 -0.24956724947920125 1.4779829372212656 -0.17418860646293408 -0.45796181532238694 -1.0733855154930698 0.14062825127466352 1.1495863065883827 -0.7500292558394458 -0.67278519522355096 1.2655051286133518 0.88802989636155094 -0.92988716136921734 1.1130214684400512 1.4495693291702281 1.4101165497556909 -0.47331132081955035 1.5194418328293251 1.2655051286133518 0.37230797192821102 -0.04528045970611317 1.4779829372212656
decision_type=2 2 2 2 2 2 2 2 2 2 2 2 2 2 2 2 2 2 2 2 2 2 2 2 2 2 2 2 2 2
left_child=2 3 -1 -2 23 9 8 -8 -5 -4 11 13 -6 14 -11 19 17 18 -17 -15 -9 29 -23 -3 25 -10 -26 -18 -19 -22
right_child=1 4 5 6 12 -7 7 20 24 10 -12 -13 -14 15 -16 16 27 28 -20 -21 21 22 -24 -25 26 -27 -28 -29 -30 -31
leaf_value=-0.0041170960653642069 0.0014681050895382197 0.011496815307520988 -0.0022173056107213165 -0.0010242322690269721 -0.0066728798915510592 0.0022712316593335676 0.043587923373679248 -0.014668405676115583 0.0039751682768263182 0.003807491696305568 -0.0050545144148437995 0.0021869691851750797 0.028353169805192771 -0.00059237761225184237 0.041013091288914443 -0.072775228725125402 -0.00034394494985058881 -0.015781963112773516 -0.018535239782569737 0.016465878919766776 0.0045948028966695583 0.0085129881714069242 0.040395836903351467 0.00086187119959504346 0.012458411582670045 -0.016138629305691637 0.0008365673394395267 -0.012228826415311131 0.0060280227983215209 -0.019636796575945779
leaf_weight=12860 6917 1544 12863 1533 23 3214 79 57 1032 171 960 5059 202 3600 32 24 720 197 29 102 2394 1846 36 256 741 94 309 207 60 37
leaf_count=12860 6917 1544 12863 1533 23 3214 79 57 1032 171 960 5059 202 3600 32 24 720 197 29 102 2394 1846 36 256 741 94 309 207 60 37
internal_value=-5.3515e-12 0.00434245 -0.00185186 0.00336386 0.0116274 -0.000782361 0.00497124 0.00675432 0.0028324 -0.00119088 -7.9291e-06 0.000466997 0.0247727 -0.00122521 0.00967241 -0.00167312 -0.00631407 -0.0162306 -0.0430967 -0.000122377 0.00608845 0.00636277 0.00912286 0.00998429 0.00554941 0.00229604 0.00903827 -0.00299785 -0.0106901 0.004226
internal_weight=57198 17100 40098 15075 2025 27238 8158 4449 3709 24024 11161 10201 225 5142 203 4939 1237 310 53 3702 4370 4313 1882 1800 2176 1126 1050 927 257 2431
internal_count=57198 17100 40098 15075 2025 27238 8158 4449 3709 24024 11161 10201 225 5142 203 4939 1237 310 53 3702 4370 4313 1882 1800 2176 1126 1050 927 257 2431
is_linear=0
shrinkage=0.05


Tree=42
num_leaves=31
num_cat=0
split_feature=3 2 2 2 5 3 4 2 0 12 4 3 11 1 4 5 2 0 8 3 1 3 0 5 7 0 0 5 1 7
split_gain=169.004 42.3693 41.8011 19.6852 14.1054 10.9644 10.3804 10.3365 12.9094 16.7091 22.2835 10.1063 25.5632 9.94868 9.7803 9.63947 8.48282 8.41849 8.79366 8.34112 8.30741 7.48543 7.33917 15.032 7.29628 12.4264 14.0127 14.4549 14.8438 16.7818
threshold=0.574537168345718 2.6677511286377769 -0.52495155836920593 1.0869807819940751 0.9652358749025497 -1.7152345853068274 -0.45796181532238694 -0.0098881629164862764 -1.4024432921654559 0.6919075675484444 -0.068207201684795479 3.1923315992737717 -0.7500292558394458 4.5432521720492414 -0.80186294500261523 1.4779829372212656 -1.7235830033131732 2.4700175506702986 1.0184757865176055 1.1869518292971126 0.83056234791135608 -1.2192874682360275 2.0272351338969243 1.386347522532285 1.0000000180025095e-35 -1.4280469313221158 -0.88899551609493488 1.2291569272765577 1.279273722414479 -0.44313593596502393
decision_type=2 2 2 2 2 2 2 2 2 2 2 2 2 2 2 2 2 2 2 2 2 2 2 2 2 2 2 2 2 2
left_child=2 3 5 15 -3 16 14 -4 9 10 -9 17 -13 -8 -6 -2 -1 18 24 -20 21 -10 23 -15 25 -5 -27 -28 -29 -30
right_child=1 4 7 11 6 -7 13 8 20 -11 -12 12 -14 22 -16 -17 -18 -19 19 -21 -22 -23 -24 -25 -26 26 27 28 29 -31
leaf_value=-0.018224296316232843 0.0028532923569752223 0.0033503487326934471 -0.0012478552828369342 0.046404953808947047 0.019399288407403906 -0.0031354948917728651 0.017904528316838909 0.0026773665745391468 -0.012771196351608106 0.0012514027571206556 0.044300742180305809 0.056890839508601604 0.0079878715969275982 0.060695072723195909 -0.010976200310935109 -0.010367859816511296 -0.0062478720937409436 -0.01132099728600414 -0.0078998744610272818 0.0053997846375360885 0.0040116675472089067 0.00016918181450651737 0.012148279144332329 0.020029805947772483 0.0043578246031692599 -0.01219023566264719 0.0082197576750794379 0.039027949778828772 -0.014394726657603935 0.027549582067672818
leaf_weight=192 9041 194 12502 22 53 17291 465 61 113 188 68 35 113 47 53 140 643 67 191 308 1499 10134 29 44 1302 78 2147 80 41 57
leaf_count=192 9041 194 12502 22 53 17291 465 61 113 188 68 35 113 47 53 140 643 67 191 308 1499 10134 29 44 1302 78 2147 80 41 57
internal_value=-3.9211e-12 0.00466238 -0.00158434 0.00397363 0.0152636 -0.00340573 0.0186083 -0.000240375 0.000803769 0.0107604 0.0246184 0.00670653 0.0195528 0.0212169 0.00421154 0.00265168 -0.00900173 0.00626366 0.00654245 0.000309134 0.000535062 2.64803e-05 0.0340523 0.0410327 0.00737702 0.00899805 0.00865558 0.00935492 0.0230471 0.0100015
internal_weight=57198 14507 42691 13622 885 18126 691 24565 12063 317 129 4441 148 585 106 9181 835 4293 4226 499 11746 10247 120 91 3727 2425 2403 2325 178 98
internal_count=57198 14507 42691 13622 885 18126 691 24565 12063 317 129 4441 148 585 106 9181 835 4293 4226 499 11746 10247 120 91 3727 2425 2403 2325 178 98
is_linear=0
shrinkage=0.05


Tree=43
num_leaves=31
num_cat=0
split_feature=3 2 2 2 0 8 1 5 5 3 1 2 3 11 2 0 7 4 4 2 5 0 8 4 1 5 8 0 3 0
split_gain=152.526 38.2383 37.7255 17.7966 13.3919 14.3805 13.4786 12.8945 16.1308 12.6033 11.04 10.0468 9.59328 22.9444 9.3287 11.6507 15.2967 21.7962 8.94083 8.61196 8.12964 7.7887 8.01602 7.63195 7.59862 8.09004 15.1882 7.28862 7.26416 7.19396
threshold=0.574537168345718 2.6677511286377769 -0.52495155836920593 1.0166605730263127 0.018766739333797907 -0.99042967103748658 3.5767933308216593 1.1904917396839851 0.9652358749025497 1.7826364642023698 2.0145094811775759 -1.3123201998555716 3.1923315992737717 -0.7500292558394458 -0.0098881629164862764 -1.4024432921654559 1.0000000180025095e-35 -0.068207201684795479 -0.57259552521579626 3.6090885753489395 1.4779829372212656 2.4700175506702986 1.0184757865176055 -0.48088855730106883 -0.46056030334319548 -1.1326614881673891 0.74730582097220966 1.5190057388334017 1.1869518292971126 0.76701006881243816
decision_type=2 2 2 2 2 2 2 2 2 2 2 2 2 2 2 2 2 2 2 2 2 2 2 2 2 2 2 2 2 2
left_child=2 3 11 20 5 -3 7 8 -6 10 -7 18 21 -14 -4 16 17 -16 -1 -11 -2 22 -5 -8 25 26 -17 -9 -24 -13
right_child=1 4 14 12 6 9 23 27 -10 19 -12 29 13 -15 15 24 -18 -19 -20 -21 -22 -23 28 -25 -26 -27 -28 -29 -30 -31
leaf_value=-0.010369087691144552 0.0026092643704837644 -0.0054922237410210076 -0.001185462519110871 0.0067697279996357246 -0.0057077769763571656 0.026128010276616334 -0.0097535673043002268 -0.0035537876512693324 0.021441898374753292 -0.0019622447033380641 0.075769540066054714 -0.0030816651789835193 0.054046297512416332 0.0079929417820976071 0.0063181935164417771 0.0014154274695409605 -0.0025305197767361448 0.042085704872357278 -0.0027613230209511011 0.027920337525274525 -0.0096239041959262882 -0.010896463488377091 -0.0068899033655644235 0.02016509946702125 0.00078855737119395454 -0.0017767209399203129 -0.032266312578450078 -0.034616771501560624 0.004968727048200402 0.0023290053730392079
leaf_weight=887 8560 35 12502 4160 95 21 23 69 129 29 24 15916 35 119 114 65 135 68 684 143 138 69 213 291 11202 410 69 26 328 639
leaf_count=887 8560 35 12502 4160 95 21 23 69 129 29 24 15916 35 119 114 65 135 68 684 143 138 69 213 291 11202 410 69 26 328 639
internal_value=-3.79751e-12 0.00442926 -0.00150512 0.00377495 0.0145004 0.0242485 0.0106196 0.00338094 0.00992753 0.0290454 0.0526035 -0.00323544 0.00617693 0.0184596 -0.000228357 0.000763581 0.0102223 0.0196819 -0.00705673 0.022882 0.00241518 0.00578038 0.00602516 0.0179736 0.000508308 -0.00526255 -0.0159282 -0.0120552 0.000299802 -0.00287282
internal_weight=57198 14507 42691 13622 885 252 633 319 224 217 45 18126 4924 154 24565 12063 317 182 1571 172 8698 4770 4701 314 11746 544 134 95 541 16555
internal_count=57198 14507 42691 13622 885 252 633 319 224 217 45 18126 4924 154 24565 12063 317 182 1571 172 8698 4770 4701 314 11746 544 134 95 541 16555
is_linear=0
shrinkage=0.05


Tree=44
num_leaves=31
num_cat=0
split_feature=3 1 9 5 6 5 5 1 1 3 3 0 4 0 4 0 5 0 3 5 5 4 8 0 5 0 0 0 4 3
split_gain=138.039 35.3451 26.1321 12.363 12.7611 12.1608 11.5683 11.7981 11.4955 11.3032 11.2166 10.6636 10.6589 10.6198 10.8506 9.80533 8.85034 8.63087 9.52613 16.4161 18.9092 16.4 15.859 13.1731 8.36466 10.7441 8.50662 17.6499 14.677 17.3224
threshold=0.45942812721057019 2.2904216509925721 0.35001494236195146 0.9652358749025497 0.31220406105026438 1.4779829372212656 0.91441636237843227 4.5432521720492414 -0.78438542360813313 1.3166402403684843 -1.2895490854336087 0.44823345040270363 -0.43503507334370556 -1.1752500972272226 -0.45796181532238694 -0.8536411221757757 0.69515041704156832 0.41371162956338431 -0.99227125925208215 -0.24956724947920125 -0.84497093191591066 -1.2374710425975708 -1.7049705869141294 -0.016899023803696612 1.4495693291702281 0.32213540752312358 1.9936084506522318 1.6887697751547579 -0.228694395535568 2.1013061194939193
decision_type=2 2 2 2 2 2 2 2 2 2 2 2 2 2 2 2 2 2 2 2 2 2 2 2 2 2 2 2 2 2
left_child=2 5 3 4 13 9 -3 24 -6 -2 -4 -9 -12 -1 17 -5 -11 18 21 20 -20 22 -15 -21 26 -26 27 -8 -29 -30
right_child=1 6 10 15 8 -7 7 11 -10 16 12 -13 -14 14 -16 -17 -18 -19 19 23 -22 -23 -24 -25 25 -27 -28 28 29 -31
leaf_value=-0.02290207591140643 0.0024542326995159501 0.0026432507181950748 -0.0057337441874309829 0.025027530306085413 0.028191596308223363 -0.0099157201105051426 0.011711964587424944 0.04940577790745207 0.0015905213661786977 0.00013654150135282959 -0.00067370726462402577 0.019033480477942663 -0.0035101199246662437 0.021460976477604934 -0.00017101844661972598 0.0042841535995046705 0.0065943677756868492 0.0024496713603045631 -0.0012441150279879013 -0.0032706109539657894 -0.009984207825009932 -0.0038914494176889736 0.00123662044871935 0.0050169231287861575 0.042182227596640587 0.00032819508696379867 0.026364351468160747 -0.031030532434258774 -0.021092468516952876 0.025918751738445708
leaf_weight=56 10629 313 3145 77 41 176 752 37 4308 630 5348 132 8701 156 11880 219 3361 746 966 2007 1722 641 256 630 46 23 75 46 36 43
leaf_count=56 10629 313 3145 77 41 176 752 37 4308 630 5348 132 8701 156 11880 219 3361 746 966 2007 1722 641 256 630 46 23 75 46 36 43
internal_value=-5.2671e-12 0.00389096 -0.00155062 -0.000474229 -0.000602629 0.00314886 0.0111964 0.0134461 0.0018413 0.00330614 -0.00303461 0.025683 -0.00243039 -0.00116027 -0.0010962 0.00968023 0.00557497 -0.00263904 -0.00323424 -0.00409354 -0.00684324 0.00111118 0.00889439 -0.00129065 0.0114206 0.0282309 0.0102022 0.00882003 -0.00857782 0.00449592
internal_weight=57198 16299 40899 23705 23409 14796 1503 1190 4349 14620 17194 169 14049 19060 19004 296 3991 7124 6378 5325 2688 1053 412 2637 1021 69 952 877 125 79
internal_count=57198 16299 40899 23705 23409 14796 1503 1190 4349 14620 17194 169 14049 19060 19004 296 3991 7124 6378 5325 2688 1053 412 2637 1021 69 952 877 125 79
is_linear=0
shrinkage=0.05


Tree=45
num_leaves=31
num_cat=0
split_feature=2 2 2 5 1 4 9 5 8 4 7 4 0 7 0 0 0 4 5 5 5 4 0 7 8 5 8 6 1 4
split_gain=126.29 39.9332 23.323 13.9213 14.8579 15.0705 12.6396 11.8329 13.5665 10.3901 15.9086 14.0661 20.1066 19.8325 14.0105 23.6623 13.7037 10.7524 9.91262 10.7438 9.65989 11.3718 10.3827 10.5125 9.99927 10.4587 9.37317 9.17518 10.8867 8.88182
threshold=0.73675869211200207 -0.17192784638767408 3.6090885753489395 0.91441636237843227 3.0972743299717664 0.20691370205938739 0.25006339628508761 1.4101165497556909 -0.99042967103748658 -0.43503507334370556 -0.74807555454224595 -0.20576765355688617 1.7151309929072172 1.0000000180025095e-35 1.3053875777776807 1.1132669512946023 1.7423364772658148 -0.71015597708788747 1.2994638957836848 0.9652358749025497 1.1065214618131212 0.71130202559038891 -0.44379649577730129 1.707859523614377 1.0184757865176055 0.9652358749025497 1.0000000180025095e-35 0.31220406105026438 -0.74942603223463222 0.48203460580356999
decision_type=2 2 2 2 2 2 2 2 2 2 2 2 2 2 2 2 2 2 2 2 2 2 2 2 2 2 2 2 2 2
left_child=1 6 3 -2 5 7 27 9 -9 17 14 12 13 -12 15 -11 -13 26 19 -19 22 -22 -7 24 25 -24 -5 -1 -29 -27
right_child=2 -3 -4 4 -6 20 -8 8 -10 10 11 16 -14 -15 -16 -17 -18 18 -20 -21 21 -23 23 -25 -26 29 -28 28 -30 -31
leaf_value=-0.0014459765666601288 0.0028832759120713111 0.00063543954535530216 0.016192993500383134 -0.002724188478634561 0.01929833661664701 -0.00060807182405566438 -0.0032161025907588327 0.012387943647801877 -0.018809020446370478 0.0073558872340825105 -0.017764002218364421 0.001041427952493387 -0.053636255919933318 0.00810003374981892 0.00010062719490949292 0.058961519417870381 0.039948598512758809 0.00018395167938433589 -0.00080097432863632495 0.026383325261865848 0.013010694635999735 0.0015370817842419757 0.011253589342325745 -0.0028434257338739049 0.0061648962959456686 0.010320810146647721 0.0078625369903882469 0.031652575205354132 0.0027838320359479633 0.033369827337405636
leaf_weight=10456 5464 19588 450 289 222 97 16168 50 115 58 178 397 25 127 98 36 24 50 70 180 379 502 124 59 110 52 756 34 827 213
leaf_count=10456 5464 19588 450 289 222 97 16168 50 115 58 178 397 25 127 98 36 24 50 70 180 379 502 124 59 110 52 756 34 827 213
internal_value=1.31927e-12 -0.00108962 0.00506584 0.0045483 0.00670876 0.00600812 -0.00231903 0.0035762 -0.00935539 0.00450876 0.000484768 -0.00279891 -0.0105279 -0.00699439 0.0133287 0.0271197 0.00325941 0.00733005 0.0156738 0.0206878 0.0098919 0.00647295 0.0144905 0.0171152 0.019475 0.0232388 0.00493472 -0.00103744 0.00392383 0.028847
internal_weight=57198 47073 10125 9675 4211 3989 27485 2453 165 2288 943 751 330 305 192 94 421 1345 300 230 1536 881 655 558 499 389 1045 11317 861 265
internal_count=57198 47073 10125 9675 4211 3989 27485 2453 165 2288 943 751 330 305 192 94 421 1345 300 230 1536 881 655 558 499 389 1045 11317 861 265
is_linear=0
shrinkage=0.05


Tree=46
num_leaves=31
num_cat=0
split_feature=3 1 9 5 0 4 0 0 3 5 1 5 0 4 5 0 5 11 1 0 4 4 4 5 6 5 0 6 0 3
split_gain=115.017 28.1068 22.0675 11.2261 10.8935 10.6839 12.0927 10.8383 10.0746 9.94538 10.0784 9.7631 9.64055 9.00729 8.86286 10.2445 13.0237 37.8419 48.1267 11.0829 16.693 10.1451 25.7277 18.2267 15.8932 14.9316 11.2214 10.3918 11.3024 8.75658
threshold=0.50228783319909509 2.2904216509925721 0.35001494236195146 0.9652358749025497 -0.8536411221757757 -0.45796181532238694 0.41371162956338431 -1.1752500972272226 -1.410088842511209 0.91441636237843227 4.5432521720492414 1.4779829372212656 0.44823345040270363 -0.43503507334370556 -0.18547950913925723 0.79024895926192718 1.2655051286133518 -0.7500292558394458 1.0737168195407076 0.97414177273782254 -0.11406068564215872 -0.04528045970611317 -0.41210833136502373 0.86189575033690324 0.31220406105026438 1.1065214618131212 0.63639948041121164 1.0000000180025095e-35 0.018766739333797907 -0.99227125925208215
decision_type=2 2 2 2 2 2 2 2 2 2 2 2 2 2 2 2 2 2 2 2 2 2 2 2 2 2 2 2 2 2
left_child=2 11 3 5 -5 6 29 -7 -4 -3 -11 14 -12 -10 -2 21 19 18 -18 20 -17 22 -16 -23 -24 27 -26 -25 -29 -1
right_child=1 9 8 4 -6 7 -8 -9 13 10 12 -13 -14 -15 15 16 17 -19 -20 -21 -22 23 24 25 26 -27 -28 28 -30 -31
leaf_value=0.001124039909740245 -0.00042466971135778184 0.0022256304291705829 -0.0058888187897268938 0.024643620490067766 0.0036055267337360419 -0.02165464409959636 0.00097136412580748526 0.00038370361008454522 -0.00073910565945937133 0.010388805368478041 0.046134315489011035 -0.0093131808006728534 0.017255689255111836 -0.003243972217822402 0.0033944722243003551 0.017181297848983906 0.0028309862781316043 0.0022194778412880224 0.10888282715788354 0.0038902286679620189 0.0010915373498750288 -0.0001580212680267678 -0.0035078755989284283 0.0085367429355412243 -0.044683543465486392 0.0041843068410210753 -0.0083268230157872575 0.049862199918977147 0.016852021610758706 -0.003861197146526048
leaf_weight=1053 1575 311 2211 81 256 56 2641 14751 5851 1013 37 160 132 9283 3100 414 20 87 23 3260 264 1404 1229 582 41 1657 44 29 245 5388
leaf_count=1053 1575 311 2211 81 256 56 2641 14751 5851 1013 37 160 132 9283 3100 414 20 87 23 3260 264 1404 1229 582 41 1657 44 29 245 5388
internal_value=-1.491e-12 0.00365695 -0.00137469 -0.000399927 0.00866216 -0.000527766 -0.00187791 0.000300355 -0.00273615 0.0101813 0.0122746 0.00296776 0.0235782 -0.00227556 0.00310838 0.00355717 0.00561391 0.0211848 0.0595564 0.00509989 0.0109163 0.00255287 0.000909216 0.00440507 -0.00495402 0.00695445 -0.0258636 0.0123167 0.0203458 -0.00304619
internal_weight=57198 15627 41571 24226 337 23889 9082 14807 17345 1493 1182 14134 169 15134 13974 12399 4068 130 43 3938 678 8331 4414 3917 1314 2513 85 856 274 6441
internal_count=57198 15627 41571 24226 337 23889 9082 14807 17345 1493 1182 14134 169 15134 13974 12399 4068 130 43 3938 678 8331 4414 3917 1314 2513 85 856 274 6441
is_linear=0
shrinkage=0.05


Tree=47
num_leaves=31
num_cat=0
split_feature=3 3 5 9 12 4 5 5 6 5 0 5 0 0 4 4 4 6 5 1 5 4 0 0 3 4 3 4 6 8
split_gain=104.292 27.4135 16.0496 15.9599 11.8115 10.6907 10.6473 10.2135 10.4986 10.1449 9.90967 17.635 51.46 12.345 12.2296 10.8849 21.9203 21.4926 19.5312 13.7824 13.7349 9.97422 9.06431 8.99659 8.93455 8.28463 7.97077 10.0516 38.4917 12.6789
threshold=0.3252125093176112 2.1013061194939193 1.4495693291702281 0.35001494236195146 1.0000000180025095e-35 -0.61844900917316037 1.4779829372212656 0.9652358749025497 0.31220406105026438 -0.18547950913925723 0.81365309454649604 1.2655051286133518 1.1132669512946023 0.97414177273782254 -0.11406068564215872 -0.04528045970611317 -0.43503507334370556 0.31220406105026438 0.91441636237843227 3.0972743299717664 1.1065214618131212 0.48203460580356999 -1.1752500972272226 -0.8536411221757757 -1.2895490854336087 -0.43503507334370556 1.9298277118313358 0.71130202559038891 1.7136308150948316 -0.99042967103748658
decision_type=2 2 2 2 2 2 2 2 2 2 2 2 2 2 2 2 2 2 2 2 2 2 2 2 2 2 2 2 2 2
left_child=3 6 4 5 -3 23 9 8 22 -2 15 13 -13 14 -12 16 -11 -18 -17 20 21 -20 -7 -1 -5 -26 27 28 29 -22
right_child=1 2 -4 24 -6 7 -8 -9 -10 10 11 12 -14 -15 -16 18 17 -19 19 -21 26 -23 -24 -25 25 -27 -28 -29 -30 -31
leaf_value=0.014521364013543698 -0.00027328422890090002 0.0095508072146447392 0.032246303215334324 -0.005055121768414883 -0.0030316509972744569 -0.020571912013526372 -0.0081099148723296818 0.014085761736758729 0.003234865167558533 0.0028762769555136063 0.016424094651411546 -0.0010508271247999801 0.073673782280335817 0.0034473278995165455 0.0026682390925570339 0.00064824862465849185 -0.0028218747489604868 -0.029711000676093721 0.0036881563844710207 0.043409335469970334 0.017697757008871197 0.017048124741661626 -0.00040622729745195879 -0.0022275625695504812 -0.00052754972823477607 -0.0030706611497492552 -0.0096107201571915841 0.00094309009721416516 0.060313763436196113 0.0030939845798866068
leaf_weight=81 2619 1500 71 3145 213 56 236 132 2246 3566 398 64 36 3596 272 2208 1573 78 202 26 198 453 11340 7881 5189 8365 96 727 35 596
leaf_count=81 2619 1500 71 3145 213 56 236 132 2246 3566 398 64 36 3596 272 2208 1573 78 202 26 198 453 11340 7881 5189 8365 96 727 35 596
internal_value=-8.01463e-12 0.00305574 0.00895177 -0.00149174 0.00798626 -0.000598685 0.00243624 0.000244387 0.000110458 0.00258489 0.00311488 0.00509486 0.02585 0.00460833 0.0108396 0.00222899 0.000670987 -0.00409223 0.00401892 0.007209 0.00680102 0.012928 -0.000505322 -0.00205717 -0.00265416 -0.00209706 0.00437176 0.00523443 0.00899777 0.00673573
internal_weight=57198 18763 1784 38435 1713 21736 16979 13774 13642 16743 14124 4366 100 4266 670 9758 5217 1651 4541 2333 2307 655 11396 7962 16699 13554 1652 1556 829 794
internal_count=57198 18763 1784 38435 1713 21736 16979 13774 13642 16743 14124 4366 100 4266 670 9758 5217 1651 4541 2333 2307 655 11396 7962 16699 13554 1652 1556 829 794
is_linear=0
shrinkage=0.05


Tree=48
num_leaves=31
num_cat=0
split_feature=2 2 0 6 2 1 2 5 4 5 3 0 0 0 6 5 1 6 0 4 0 0 4 4 3 1 12 1 5 0
split_gain=95.8447 31.8991 14.8272 33.3989 14.6364 14.4151 13.0286 10.46 9.04077 22.0461 11.2866 8.45676 8.44287 8.39686 8.10488 8.04296 8.13926 7.95375 11.6781 7.93716 6.66103 10.6812 12.3486 12.9915 12.984 6.61748 6.57792 6.6469 6.5138 12.8093
threshold=0.045181290866512763 1.3659699941318044 -1.4024432921654559 0.046773696581961052 -0.78645249303697462 -0.48602017104070494 5.1381541538316595 -0.43848646996953172 -0.61844900917316037 -0.73523310476190373 -0.59582296625266451 0.47334650493396263 -0.066473749301493038 -0.44379649577730129 0.31220406105026438 0.9652358749025497 4.5432521720492414 0.046773696581961052 0.17358081685568558 -0.068207201684795479 2.0936190745863663 1.6887697751547579 -0.228694395535568 -0.38918158938634145 2.202591650424965 1.224798292459931 1.0000000180025095e-35 1.4489251339189255 -1.2122321088555645 0.32213540752312358
decision_type=2 2 2 2 2 2 2 2 2 2 2 2 2 2 2 2 2 2 2 2 2 2 2 2 2 2 2 2 2 2
left_child=4 2 3 5 -1 19 13 8 9 -4 -10 12 -8 -3 26 17 20 -15 -19 -2 21 -17 23 -23 -24 -11 27 -9 29 -12
right_child=1 6 7 -5 -6 -7 11 14 10 25 28 -13 -14 15 -16 16 -18 18 -20 -21 -22 22 24 -25 -26 -27 -28 -29 -30 -31
leaf_value=-0.0031320933657758149 0.0080052491513982662 -0.00040528394816625096 0.0015391185000643904 0.043284203777662844 -0.00094785307312438168 0.00032008012196728912 0.015075838029132052 -0.00034384682180844484 -0.0074089661686915307 -0.012668419778709403 -0.030343870818614962 0.0085629134090698285 0.042853799411186985 -0.0023732178055109227 0.0035032022428697104 0.0091523070957109653 0.031174130174331367 0.027630777330279854 0.0048919318094537952 0.033755740096080046 0.029073605083517341 -0.0033134664258649272 -0.018794971665677927 -0.053553039885380051 0.018340173678691774 0.010364200296162656 0.0018819042461791333 -0.010001925691055173 0.0028292040157319094 -0.00014710298989599721
leaf_weight=11960 63 497 729 65 21380 374 59 2469 369 567 44 115 51 372 5337 1573 40 59 1314 57 38 31 36 22 68 33 6963 192 2147 174
leaf_count=11960 63 497 729 65 21380 374 59 2469 369 567 44 115 51 372 5337 1573 40 59 1314 57 38 31 36 22 68 33 6963 192 2147 174
internal_value=3.70526e-12 0.00241952 0.0015653 0.0095914 -0.0017314 0.00515813 0.00633256 0.00132946 -0.000920328 -0.0043032 0.000724092 0.0180433 0.0279547 0.00568196 0.00194044 0.00653345 0.00887056 0.00411196 0.00586906 0.0202367 0.00836595 0.0079111 -0.00452466 -0.0241676 0.0054857 -0.0114016 0.00107381 -0.00104071 0.00199305 -0.00624186
internal_weight=57198 23858 19583 559 33340 494 4275 19024 4063 1329 2734 225 110 4050 14961 3553 1808 1745 1373 120 1768 1730 157 53 104 600 9624 2661 2365 218
internal_count=57198 23858 19583 559 33340 494 4275 19024 4063 1329 2734 225 110 4050 14961 3553 1808 1745 1373 120 1768 1730 157 53 104 600 9624 2661 2365 218
is_linear=0
shrinkage=0.05


Tree=49
num_leaves=31
num_cat=0
split_feature=2 2 2 0 6 7 3 0 3 3 5 5 4 4 4 4 5 1 0 9 0 0 5 5 4 7 5 0 4 7
split_gain=86.5022 22.1711 20.2962 10.8614 35.2508 11.8492 10.3735 9.5277 9.78102 9.48942 8.91614 8.89913 11.6265 17.8805 8.3915 14.843 19.0252 7.91607 7.70996 7.56879 7.21567 9.48533 8.06429 10.1282 11.8356 7.09217 8.11823 29.8913 22.3057 7.42049
threshold=0.34301020081132177 1.9275026134528697 -0.78645249303697462 -1.4024432921654559 0.046773696581961052 0.50726550913191959 0.34909252146571529 0.43202768883440962 1.5048606475528781 2.593219488673522 1.4495693291702281 -1.2485803101923583 -0.43503507334370556 -1.2833245265549345 -0.71015597708788747 -0.18284091157820473 1.1904917396839851 -0.76707600263752618 -0.92988716136921734 -1.5490644330984626 1.9936084506522318 1.6437776611856465 1.386347522532285 1.2994638957836848 -0.04528045970611317 -0.17418860646293408 1.2291569272765577 1.1132669512946023 -0.29747462147161352 -0.67566290470831769
decision_type=2 2 2 2 2 2 2 2 2 2 2 2 2 2 2 2 2 2 2 2 2 2 2 2 2 2 2 2 2 2
left_child=2 3 -1 4 5 -2 -5 11 19 20 -11 12 13 17 -10 16 -16 -4 -8 -9 21 22 23 -3 -25 26 -20 29 -29 -28
right_child=1 9 7 6 -6 -7 18 8 14 10 -12 -13 -14 -15 15 -17 -18 -19 25 -21 -22 -23 -24 24 -26 -27 27 28 -30 -31
leaf_value=-0.0029754887086710217 0.0078179499346490034 0.0068279182578789054 0.0017990817929702729 -0.00022251347249914078 0.042623085672301914 -0.016603881146727225 -0.010851624626366624 0.0069964709938356703 -0.0051211920618597006 0.011478045933015246 0.037409074325114491 -0.00076774100210305347 -0.0085731739831124316 0.0040418176470011467 0.013823006521644338 -0.0012923866670046533 0.075956942547451375 -0.02099170201052461 0.0037481078873663255 0.00036564529688655088 0.018343735087261188 -0.0090423075255388636 -0.0019735675381051133 0.010429226352660467 0.059764135703444479 0.0017133939871816909 0.0017008467541995403 0.015901708702460448 0.080349101088009786 0.018580803620564038
leaf_weight=11960 314 840 55 3557 70 59 101 459 36 627 35 19471 868 593 28 35 22 124 4925 6897 102 117 253 31 20 5191 268 29 25 86
leaf_count=11960 314 840 55 3557 70 59 101 459 36 627 35 19471 868 593 28 35 22 124 4925 6897 102 117 253 31 20 5191 268 29 25 86
internal_value=-2.22251e-12 0.00303439 -0.00124599 0.00235546 0.0100651 0.00395498 0.00211464 -0.000522446 0.00101133 0.00793772 0.012849 -0.00106567 -0.00460289 -0.000138891 0.0151116 0.0236807 0.0411619 -0.0139889 0.00289706 0.000779396 0.00555234 0.00451767 0.00590448 0.00814146 0.0297762 0.00302901 0.0043096 0.0110874 0.0457385 0.00580163
internal_weight=57198 16650 40548 14625 443 373 14182 28588 7477 2025 662 21111 1640 772 121 85 50 179 10625 7356 1363 1261 1144 891 51 10524 5333 408 54 354
internal_count=57198 16650 40548 14625 443 373 14182 28588 7477 2025 662 21111 1640 772 121 85 50 179 10625 7356 1363 1261 1144 891 51 10524 5333 408 54 354
is_linear=0
shrinkage=0.05


Tree=50
num_leaves=31
num_cat=0
split_feature=2 1 1 9 4 0 0 1 6 0 0 6 9 0 2 0 0 9 4 9 0 4 0 2 2 4 8 3 4 2
split_gain=78.7128 26.5521 12.9288 12.8667 11.3599 11.3964 12.0819 11.9197 11.0978 10.5955 10.4999 16.6652 9.71881 9.27748 24.8479 13.5518 10.784 13.3293 24.351 10.6038 9.52508 10.5635 9.51671 9.56665 8.88526 8.84992 8.91446 15.6296 8.62232 8.41149
threshold=0.045181290866512763 1.1389860958439442 4.5432521720492414 0.35001494236195146 0.13813347612334176 -0.46560339495487107 -1.309756144925265 1.5194418328293251 0.046773696581961052 0.44823345040270363 -1.309756144925265 1.0000000180025095e-35 -0.14974278802236804 1.1449233396486802 0.44896836689514236 0.97414177273782254 1.6437776611856465 0.44996648843881543 -0.43503507334370556 0.74982112666940715 0.76701006881243816 -1.1228373327041614 1.878683969784319 1.8365623065159464 1.9275026134528697 -0.04528045970611317 1.0184757865176055 1.2371415468037494 1.490811252865573 3.6090885753489395
decision_type=2 2 2 2 2 2 2 2 2 2 2 2 2 2 2 2 2 2 2 2 2 2 2 2 2 2 2 2 2 2
left_child=3 10 4 -1 13 6 8 -8 -6 -4 11 -2 -7 15 -15 20 17 -16 -19 -20 21 -3 23 -18 -24 26 -23 -28 -14 -27
right_child=1 2 9 -5 5 12 7 -9 -10 -11 -12 -13 28 14 16 -17 22 18 19 -21 -22 25 24 -25 -26 29 27 -29 -30 -31
leaf_value=-0.00058278803354787736 0.0051425434583789453 0.0058495877125103917 0.041356888524181137 -0.0025472952392449084 0.0023334697786291754 0.0044037037754727322 0.0053981213162320957 -0.013333674790023045 0.036252347421587304 0.011978826202313131 0.00097310650941378422 0.034777341623647283 0.013888194304394592 0.045835973191502934 0.0057537337050088816 -0.018350946195819912 -2.7333771979077113e-05 0.0065766980728878439 0.073004500644926279 0.026397776526763391 0.01335980596558242 -0.0093375048779843605 0.001470451449224813 -0.017937966366298498 0.017315519220606836 0.0012484064977731422 -0.0035911607648418083 0.040992241889238362 0.0048482643347138891 0.031912856060080229
leaf_weight=16602 541 507 37 16738 66 840 157 185 38 180 17033 52 925 37 648 94 223 82 26 23 146 521 436 112 111 328 92 25 369 24
leaf_count=16602 541 507 37 16738 66 840 157 185 38 180 17033 52 925 37 648 94 223 82 26 23 146 521 436 112 111 328 92 25 369 24
internal_value=-1.4874e-12 0.00219264 0.00499785 -0.00156905 0.00456529 0.00707251 -0.000196472 -0.00473458 0.0147269 0.016988 0.00120081 0.00774121 0.00859171 0.00268214 0.0053103 0.000112981 0.00440757 0.00869445 0.0232409 0.0511279 0.00116935 -1.95684e-05 0.000621306 -0.00601537 0.00468581 -0.00302529 -0.00653671 0.00593521 0.0113103 0.00333916
internal_weight=57198 23858 6232 33340 6015 2580 446 342 104 217 17626 593 2134 3435 1698 1737 1661 779 131 49 1643 1497 882 335 547 990 638 117 1294 352
internal_count=57198 23858 6232 33340 6015 2580 446 342 104 217 17626 593 2134 3435 1698 1737 1661 779 131 49 1643 1497 882 335 547 990 638 117 1294 352
is_linear=0
shrinkage=0.05


Tree=51
num_leaves=31
num_cat=0
split_feature=3 2 2 3 5 4 4 0 0 11 4 4 5 0 0 1 8 0 2 4 5 1 0 5 6 6 5 3 4 5
split_gain=72.1415 22.4193 15.4533 11.2678 9.23484 13.5523 13.5194 17.2755 8.88623 8.62679 16.8975 12.9727 8.61756 7.63404 9.09821 7.45375 7.39489 7.53228 6.93586 9.11441 6.62079 6.29807 6.08449 6.05903 8.4736 7.34523 10.6512 20.0504 33.0578 15.209
threshold=0.3252125093176112 1.0166605730263127 -0.74745576006326042 3.1923315992737717 1.4495693291702281 0.11520673414465986 0.75715550954775257 -0.45180638707072185 -0.076729895149008923 -0.7500292558394458 -0.20576765355688617 -0.41210833136502373 1.386347522532285 0.47334650493396263 -0.0089064350996717351 1.5975434230365171 1.0184757865176055 2.4700175506702986 -1.5899400149756182 -0.57259552521579626 1.4779829372212656 1.6951738662692393 1.5797132453445968 -0.43848646996953172 1.1185040474979022 -1.0557360505944642 1.1065214618131212 0.019279446282800355 -0.18284091157820473 0.9652358749025497
decision_type=2 2 2 2 2 2 2 2 2 2 2 2 2 2 2 2 2 2 2 2 2 2 2 2 2 2 2 2 2 2
left_child=2 20 18 4 12 -6 7 15 -9 10 11 -5 16 14 -11 -7 17 -3 19 -1 -2 23 -13 24 -4 26 29 -28 -29 -25
right_child=1 3 21 9 5 6 -8 8 -10 13 -12 22 -14 -15 -16 -17 -18 -19 -20 -21 -22 -23 -24 25 -26 -27 27 28 -30 -31
leaf_value=-0.011847389383090724 0.0014739629314413855 0.0053784750680178671 -0.0018493257749247268 0.013801047752300899 -0.022577447112163772 0.016401274968637154 -0.021435953229665756 0.057633135935879855 0.023208702027143258 0.0068069228688506667 0.0069693445844181542 0.037449591031128708 -0.003508975933786497 0.00025993056162405993 0.036404388981172812 -0.014122787766158582 -0.0010541327633301219 -0.011264057238788708 -0.0024062126800462719 0.00047028420389356226 -0.0070702911794056625 -0.016335242889435327 0.074229694190232662 -0.0018649427644816695 0.0011273791395738119 0.00089782522802127622 -0.0041640898532455516 -0.064159176833927634 0.0059544542322641815 0.021310828884786651
leaf_weight=440 12254 4632 11061 30 23 100 20 38 37 74 88 22 359 160 40 25 538 69 11812 228 231 63 23 1632 3050 9762 244 40 29 74
leaf_count=440 12254 4632 11061 30 23 100 20 38 37 74 88 22 359 160 40 25 538 69 11812 228 231 63 23 1632 3050 9762 244 40 29 74
internal_value=1.87245e-12 0.00254147 -0.00124068 0.00497879 0.0043994 0.0139417 0.0177596 0.0216792 0.0406504 0.0127231 0.0218313 0.0392694 0.00398518 0.00730466 0.017192 0.0102965 0.00449871 0.0051342 -0.00268652 -0.00764315 0.00131588 -0.000545473 0.0562483 -0.000507053 -0.00120593 0.000330045 -0.00241521 -0.0108937 -0.0346911 -0.000859663
internal_weight=57198 18763 38435 6278 5841 243 220 200 75 437 163 75 5598 274 114 125 5239 4701 12480 668 12485 25955 45 25892 14111 11781 2019 313 69 1706
internal_count=57198 18763 38435 6278 5841 243 220 200 75 437 163 75 5598 274 114 125 5239 4701 12480 668 12485 25955 45 25892 14111 11781 2019 313 69 1706
is_linear=0
shrinkage=0.05


Tree=52
num_leaves=31
num_cat=0
split_feature=3 2 2 6 0 0 11 3 5 0 3 4 4 5 6 4 4 3 2 5 0 6 5 4 4 0 1 1 0 3
split_gain=65.4328 17.1028 16.1882 9.2544 8.50219 18.1439 12.2689 11.3631 9.85902 8.73965 7.97013 24.0682 7.68581 7.57565 9.56536 10.7156 14.6933 72.1226 9.29023 9.07149 9.08632 17.3118 10.0784 12.8536 8.56136 8.43803 7.2165 6.78374 6.74166 6.421
threshold=0.574537168345718 -0.78645249303697462 1.3659699941318044 0.046773696581961052 -0.92988716136921734 0.025420949342907277 1.4457311165250033 4.0338895687215937 1.3309652674966419 1.6437776611856465 1.7826364642023698 -0.04528045970611317 -0.27454787949293208 -0.37618863167946776 -1.0557360505944642 -0.18284091157820473 -0.32040136345029535 -0.097287347592525761 0.58794377172442791 1.4651726809124612 -1.3768667146945477 1.0000000180025095e-35 1.386347522532285 -0.13698742762084057 -0.022353717727431312 0.99954702019062769 0.59849697637983956 4.5432521720492414 0.63639948041121164 2.1013061194939193
decision_type=2 2 2 2 2 2 2 2 2 2 2 2 2 2 2 2 2 2 2 2 2 2 2 2 2 2 2 2 2 2
left_child=1 -1 -2 -4 -5 10 8 28 9 27 11 -6 -10 25 15 16 18 -18 -15 20 21 22 23 -16 -23 -3 -17 -7 -8 -12
right_child=2 13 3 4 5 6 7 -9 12 -11 29 -13 -14 14 19 26 17 -19 -20 -21 -22 24 -24 -25 -26 -27 -28 -29 -30 -31
leaf_value=-0.0026064829638340024 0.0018753050064459669 -0.0016742614236288562 0.0014875060842141376 -0.0072278720529584013 -0.0044093893631361424 0.0081614179787053796 -0.0065142598609146604 0.025865231566131117 0.0018334082886576654 0.0018599071904706458 -0.010734846694394947 0.065943342248999309 0.039795095784356818 -0.0028225586899621679 0.0035035871094665849 -0.00064013048328446143 -0.0021128088406049245 -0.096424597489049829 -0.023172761568760813 -0.0029035032977422922 0.0010991531070170151 0.015058674128362683 0.0022400318594785638 0.056819811332970864 0.04956794820609503 0.0012000771840085917 0.012178849453301801 0.036751562419037029 -0.033205560055960502 0.019283584743417501
leaf_weight=11785 10534 13057 1010 101 20 1729 73 20 20 690 20 31 40 859 26 958 92 26 60 1343 10588 41 506 20 32 3174 124 21 35 163
leaf_count=11785 10534 13057 1010 101 20 1729 73 20 20 690 20 31 40 859 26 958 92 26 60 1343 10588 41 506 20 32 3174 124 21 35 163
internal_value=1.76964e-12 -0.000985821 0.00290106 0.00562074 0.00702964 0.00753279 0.00634484 -0.00875337 0.00711787 0.0066255 0.0208743 0.038354 0.0271412 -0.000367833 0.000455436 -0.00265193 -0.00628386 -0.0228934 -0.00415119 0.000979847 0.00144496 0.00730324 0.00427708 0.0266846 0.030186 -0.00111218 0.000828958 0.0085045 -0.0151642 0.0160029
internal_weight=57198 42691 14507 3973 2963 2862 2628 128 2500 2440 234 51 60 30906 14675 2119 1037 118 919 12556 11213 625 552 46 73 16231 1082 1750 108 183
internal_count=57198 42691 14507 3973 2963 2862 2628 128 2500 2440 234 51 60 30906 14675 2119 1037 118 919 12556 11213 625 552 46 73 16231 1082 1750 108 183
is_linear=0
shrinkage=0.05


Tree=53
num_leaves=31
num_cat=0
split_feature=2 0 5 5 1 4 5 1 8 0 0 6 6 4 2 5 4 5 0 0 0 6 4 4 2 8 5 4 5 5
split_gain=59.7207 20.9008 15.0136 12.3587 11.0072 12.0849 11.0186 9.58236 9.42408 8.97254 14.7534 10.982 8.91679 8.50169 18.8784 16.7395 10.7642 12.6476 14.1899 10.0528 8.33748 7.98751 12.1195 13.9389 10.5216 10.415 7.89512 7.83221 9.95827 8.16032
threshold=0.70769480656353323 0.43202768883440962 -1.1326614881673891 0.91441636237843227 4.5432521720492414 0.16106021810202364 1.4101165497556909 1.8220646652369268 -1.7049705869141294 -0.46560339495487107 -1.309756144925265 0.046773696581961052 -0.88889511337147242 0.71130202559038891 0.9797632844673233 1.1065214618131212 0.34447415393147868 1.4495693291702281 -0.076729895149008923 1.3806707560361342 -0.80152611022553211 0.31220406105026438 -1.2833245265549345 -0.45796181532238694 -0.076232170196899735 1.0816417019878375 -1.3694227041112916 -0.13698742762084057 1.4779829372212656 0.80777505580412223
decision_type=2 2 2 2 2 2 2 2 2 2 2 2 2 2 2 2 2 2 2 2 2 2 2 2 2 2 2 2 2 2
left_child=1 2 8 -2 5 6 -5 12 20 10 11 -7 -8 14 -11 19 -16 -18 -19 -15 -1 22 25 26 -23 -10 -24 -4 29 -29
right_child=3 -3 27 4 -6 9 7 -9 21 13 -12 -13 -14 15 16 -17 17 18 -20 -21 -22 24 23 -25 -26 -27 -28 28 -30 -31
leaf_value=-0.0047364660348583037 0.0018541328487245063 0.0010844066963917826 -0.0017233442435187788 0.0034942522064939185 0.017899795177164012 0.0078413269436864875 0.0021687941160053016 0.0084705148960518492 -0.0053280306373220919 -0.009179371133047556 -0.004992534855956068 0.041515053476073913 -0.026990068601444362 0.017163877736756712 0.011820014278855234 0.00020531609893452269 0.020707546016670377 0.076959653695424401 0.019934657586745744 -0.0046081465849232292 -0.014374431272252859 -0.0050007508289302473 -0.0030221995589861939 -0.0027673190340486691 -0.022251395654586174 -0.021760508737972251 0.0050155673780771489 -9.151583745249073e-05 -0.0029327120303272703 0.0031335573078618015
leaf_weight=735 5843 11465 12680 2490 167 179 39 51 597 70 297 28 80 366 251 451 157 24 20 62 323 996 415 3517 97 115 1158 9616 2445 2464
leaf_count=735 5843 11465 12680 2490 167 179 39 51 597 70 297 28 80 366 251 451 157 24 20 62 323 996 415 3517 97 115 1158 9616 2445 2464
internal_value=-1.371e-12 -0.000769453 -0.001374 0.00339236 0.00529174 0.0048305 0.00265341 -0.00966251 -0.00328499 0.00787044 0.00214928 0.0123962 -0.0174338 0.00992859 0.0149829 0.00692704 0.0187249 0.0273473 0.0510392 0.01401 -0.00767887 -0.00261077 -0.00187214 -0.00101746 -0.00653169 -0.00798215 0.00289499 -0.000815343 -2.2679e-05 0.000566314
internal_weight=57198 46623 35158 10575 4732 4565 2660 170 7953 1905 504 207 119 1401 522 879 452 201 44 428 1058 6895 5802 5090 1093 712 1573 27205 14525 12080
internal_count=57198 46623 35158 10575 4732 4565 2660 170 7953 1905 504 207 119 1401 522 879 452 201 44 428 1058 6895 5802 5090 1093 712 1573 27205 14525 12080
is_linear=0
shrinkage=0.05


Tree=54
num_leaves=31
num_cat=0
split_feature=3 2 2 0 3 11 4 4 1 5 9 0 0 1 4 0 5 0 4 4 6 0 0 2 4 0 9 2 5 0
split_gain=54.1979 17.5269 11.3048 7.83447 7.45581 7.80019 15.7928 10.8965 7.40395 7.38783 6.82276 6.28257 8.89131 6.12952 5.96027 7.33128 62.7892 7.98086 7.36196 7.10533 8.00762 6.83501 5.65789 5.429 5.3791 7.21355 6.87173 6.28171 5.34637 13.5798
threshold=0.21109231303450274 1.3659699941318044 -1.1503283976574983 0.95952884409895844 3.1923315992737717 -0.7500292558394458 -0.20576765355688617 -0.41210833136502373 -0.83355009413019043 1.4779829372212656 -1.5490644330984626 0.47334650493396263 -0.0089064350996717351 1.092075921962637 1.0000000180025095e-35 1.1449233396486802 1.2291569272765577 0.97414177273782254 -0.228694395535568 -0.45796181532238694 1.0000000180025095e-35 0.28061925841524488 1.5797132453445968 0.94152042192963503 -0.57259552521579626 -1.7103670263019064 0.64986958059254329 -1.9672679338424122 1.4495693291702281 0.060068782369897232
decision_type=2 2 2 2 2 2 2 2 2 2 2 2 2 2 2 2 2 2 2 2 2 2 2 2 2 2 2 2 2 2
left_child=2 9 24 -4 28 6 7 -6 -5 10 -2 12 -7 -12 15 17 18 19 -17 -15 -21 -22 -9 -16 25 -1 -26 -27 -3 -30
right_child=1 4 3 8 5 11 -8 22 -10 -11 13 -13 -14 14 23 16 -18 -19 -20 20 21 -23 -24 -25 26 27 -28 -29 29 -31
leaf_value=0.023248541951179508 0.0056189620536733738 0.0037875148556722675 -0.0011694994445425762 0.024320153838821822 0.01296263830415134 0.0052877305379149982 0.0055229241947844544 0.034137766808271408 0.0011943338556441544 -0.0066244014293103644 0.00071899297186396388 -0.00082583047399584881 0.036177127930226136 0.0045737076819023061 0.0092658004715198087 0.0038349728565013641 0.089880958252719467 -0.016494756726141292 -0.012614230439998209 0.0014342127889884931 -0.025168857457659517 -0.0043425559456963308 0.069605071680701305 0.0027662244343802625 0.0041723209831594351 -0.016225927762606722 -0.0041359876142622971 -0.0057100334874983557 0.018092569525080742 -0.020920035411388829
leaf_weight=20 922 3574 30390 35 29 74 88 22 3111 289 12710 149 34 352 602 731 21 87 75 190 72 87 23 689 332 162 994 1151 157 26
leaf_count=20 922 3574 30390 35 29 74 88 22 3111 289 12710 149 34 352 602 731 21 87 75 190 72 87 23 689 332 162 994 1151 157 26
internal_value=2.89939e-12 0.00202048 -0.00117243 -0.000923614 0.00491986 0.0112462 0.0198388 0.036863 0.00145161 0.00130093 0.00143943 0.00582983 0.0150122 0.00119266 0.00326434 0.00123978 0.00452817 -0.00221137 0.00230434 -0.00043868 -0.00549415 -0.0137733 0.0522655 0.00579701 -0.00431058 -0.00655355 -0.00205578 -0.0070075 0.00421432 0.0125498
internal_weight=57198 21003 36195 33536 4176 419 162 74 3146 16827 16538 257 108 15616 2906 1615 827 788 806 701 349 159 45 1291 2659 1333 1326 1313 3757 183
internal_count=57198 21003 36195 33536 4176 419 162 74 3146 16827 16538 257 108 15616 2906 1615 827 788 806 701 349 159 45 1291 2659 1333 1326 1313 3757 183
is_linear=0
shrinkage=0.05


Tree=55
num_leaves=31
num_cat=0
split_feature=2 5 0 1 4 5 4 4 5 0 1 1 0 0 2 1 8 4 4 3 6 3 4 3 6 5 7 5 1 8
split_gain=49.4775 15.7338 11.9483 11.3 13.1297 18.8519 17.5401 13.2676 11.1714 9.38936 19.0097 28.6164 11.6533 13.8329 15.7024 14.215 13.7197 18.8494 12.1837 11.2035 10.0185 11.6072 9.42714 8.70117 8.6009 9.44255 8.5205 8.15142 8.07827 10.0682
threshold=0.32219942104149724 0.9652358749025497 0.43202768883440962 4.5432521720492414 0.18398696008070553 1.1065214618131212 0.73422876756907074 1.3991042849508457 -1.2122321088555645 1.1132669512946023 1.309932963920198 1.0019648931861427 -0.027071581256266311 -0.39171805034687884 3.6090885753489395 0.37230797192821102 0.74730582097220966 -0.43503507334370556 -0.091133943663477338 0.22176384916709704 0.31220406105026438 1.6725078410514487 -0.022353717727431312 1.5048606475528781 1.0000000180025095e-35 0.5168783321317606 -0.17418860646293408 1.1065214618131212 0.56968036991039239 1.0816417019878375
decision_type=2 2 2 2 2 2 2 2 2 2 2 2 2 2 2 2 2 2 2 2 2 2 2 2 2 2 2 2 2 2
left_child=2 24 8 4 9 26 28 -8 -1 12 11 -11 13 15 27 18 22 -18 -3 -20 -19 -22 -14 -4 -2 -26 -6 -15 -7 -30
right_child=1 3 23 -5 5 6 7 -9 -10 10 -12 -13 16 14 -16 -17 17 20 19 -21 21 -23 -24 -25 25 -27 -28 -29 29 -31
leaf_value=-0.0032836115364309228 -0.001247342798163205 0.0038736405713809437 0.00055112514861805999 0.017965975498768272 0.023055007447321672 0.020268928395031839 -0.011630529765250926 0.0031936402596118882 -0.00093250385255220873 0.0048899106112205324 0.0040405611848402011 0.0610968141983717 -0.010741524133373087 0.02074100952946915 0.048549085593997288 -0.00349167186374638 0.012409050848774724 -0.00048473649641726465 0.047921127726190858 0.0079149060230702169 -0.051976996401081915 -0.0083134747420748074 0.0036341261247624262 0.01389860091749729 0.00089624399802483629 0.0044260035905996833 0.010238857100167713 0.0049093407743533435 0.0093449154244496981 -0.013569195816328504
leaf_weight=6288 2713 213 7973 151 212 149 213 518 25713 54 557 39 521 106 26 688 269 176 35 35 23 45 146 124 6255 2718 334 349 502 53
leaf_count=6288 2713 213 7973 151 212 149 213 518 25713 54 557 39 521 106 26 688 269 176 35 35 23 45 146 124 6255 2718 334 349 502 53
internal_value=1.12329e-13 0.00225189 -0.000960329 0.00448013 0.00409321 0.00730767 0.00429899 -0.00112585 -0.00139448 0.00215298 0.0075345 0.0284605 0.000823956 0.00382318 0.0107571 0.000388338 -0.00286662 0.00328098 0.00982101 0.027918 -0.00678234 -0.023082 -0.00759483 0.000755533 0.00121957 0.00196544 0.0152151 0.0085976 0.00993189 0.00715672
internal_weight=57198 17100 40098 5414 5263 1981 1435 731 32001 3282 650 93 2632 1452 481 971 1180 513 283 70 244 68 667 8097 11686 8973 546 455 704 555
internal_count=57198 17100 40098 5414 5263 1981 1435 731 32001 3282 650 93 2632 1452 481 971 1180 513 283 70 244 68 667 8097 11686 8973 546 455 704 555
is_linear=0
shrinkage=0.05


Tree=56
num_leaves=31
num_cat=0
split_feature=2 3 9 0 5 4 1 0 0 3 1 2 4 0 5 5 4 7 4 3 0 2 1 0 0 3 1 11 0 9
split_gain=45.1678 15.176 8.99015 8.64232 9.23513 15.8674 8.38709 8.88016 7.85461 7.81127 7.60672 6.77389 7.94125 6.36939 6.01812 7.18826 9.9931 9.47508 15.8267 11.5123 6.05356 5.98001 5.84667 5.72511 7.72903 5.6872 5.13385 4.63712 7.49851 4.57473
threshold=0.045181290866512763 1.1131740591214825 0.35001494236195146 -1.4280469313221158 1.4101165497556909 -0.068207201684795479 4.5432521720492414 0.44823345040270363 -1.1752500972272226 1.3470610015778208 -0.35848620981591067 -1.2737009764792824 -0.43503507334370556 2.4700175506702986 1.4779829372212656 1.4495693291702281 0.71130202559038891 -0.44313593596502393 0.41325437986752434 2.593219488673522 -1.2252023190870001 -1.9672679338424122 2.1514073801717424 -1.9518562126726928 -2.0029426460512427 -1.2546740810859998 0.71749415824440443 -0.7500292558394458 1.8345081719818419 0.35001494236195146
decision_type=2 2 2 2 2 2 2 2 2 2 2 2 2 2 2 2 2 2 2 2 2 2 2 2 2 2 2 2 2 2
left_child=2 3 8 4 5 -2 13 -8 -1 11 29 12 -10 14 15 23 17 18 -17 20 -19 25 -23 24 -3 -4 -13 28 -9 -5
right_child=1 6 21 10 -6 -7 7 27 9 -11 -12 26 -14 -15 -16 16 -18 19 -20 -21 -22 22 -24 -25 -26 -27 -28 -29 -30 -31
leaf_value=-0.019058272467477114 0.0086894627220251344 0.0015032278196351818 -0.013875576680575735 -0.001420292429371582 0.00140789588559014 0.04654109368000079 0.035655393411178848 0.03388663950855985 -0.0096607977508614638 0.024378550914116205 0.00096810359581113795 -0.00026084912681001915 0.008451153843963442 -0.0064989987383160044 -0.020403802724411856 0.013888947611364225 -0.01617156281998312 0.013336822605086843 0.069363397508859642 0.040398015057668095 -0.0091234406303953054 -0.00186496775558153 -0.023958121665442984 0.0035648673522793366 -0.028838062271825039 0.01371388247768794 0.010163057863931447 -0.0062535470817238099 0.0066237058577554245 -0.0091818301589228213
leaf_weight=56 110 61 169 634 184 37 37 33 354 32 15910 15968 73 160 26 36 27 66 20 25 55 16518 30 5987 32 21 119 40 107 271
leaf_count=56 110 61 169 634 184 37 37 33 354 32 15910 15968 73 160 26 36 27 66 20 25 55 16518 30 5987 32 21 119 40 107 271
internal_value=-2.37337e-13 0.00166096 -0.00118858 0.000871964 0.00887285 0.0182167 0.00367648 0.0133461 -0.000364171 -0.000300901 0.000714468 -0.000348724 -0.00656438 0.00335341 0.00360225 0.00370118 0.0123975 0.0162161 0.0337013 0.00950953 0.00312761 -0.00200629 -0.00190502 0.00337364 -0.00893679 -0.0108262 -0.000183741 0.0087603 0.01305 -0.00374447
internal_weight=57198 23858 33340 17146 331 147 6712 217 16602 16546 16815 16514 427 6495 6335 6309 229 202 56 146 121 16738 16548 6080 93 190 16087 180 140 905
internal_count=57198 23858 33340 17146 331 147 6712 217 16602 16546 16815 16514 427 6495 6335 6309 229 202 56 146 121 16738 16548 6080 93 190 16087 180 140 905
is_linear=0
shrinkage=0.05


Tree=57
num_leaves=31
num_cat=0
split_feature=3 2 3 3 9 0 1 11 2 5 5 5 3 7 2 8 0 1 9 7 1 7 5 2 7 1 2 5 1 0
split_gain=41.0936 12.9692 9.4296 7.21289 6.94528 6.57779 6.57486 6.27829 10.7629 9.0126 6.18434 8.99922 7.85991 10.3221 6.55115 5.81618 5.97013 5.71536 5.82675 7.72015 6.87384 6.84608 9.19971 6.37345 5.8531 8.3095 7.23891 6.46149 6.40206 5.41981
threshold=0.21109231303450274 1.0166605730263127 -1.7152345853068274 3.1923315992737717 -1.4491128870215986 0.95952884409895844 -0.83355009413019043 -0.7500292558394458 2.6677511286377769 1.1904917396839851 1.4495693291702281 1.386347522532285 2.593219488673522 -0.44313593596502393 2.4215941071938034 1.0184757865176055 2.4700175506702986 1.092075921962637 0.15011185020822368 -0.17418860646293408 0.58411317324562906 -0.080597219688208724 1.3599459555339253 -1.2434798852983919 -0.74807555454224595 0.26930539497993894 -0.16448273647627729 1.2655051286133518 0.81287188115710862 0.47334650493396263
decision_type=2 2 2 2 2 2 2 2 2 2 2 2 2 2 2 2 2 2 2 2 2 2 2 2 2 2 2 2 2 2
left_child=2 4 -1 10 -2 -4 -7 8 -5 -10 11 15 13 14 -12 16 -3 18 -6 23 -21 22 -22 -20 28 -26 27 -27 -25 -9
right_child=1 3 5 7 17 6 -8 29 9 -11 12 -13 -14 -15 -16 -17 -18 -19 19 20 21 -23 -24 24 25 26 -28 -29 -30 -31
leaf_value=-0.0060519295757098454 0.0040193827050439097 0.0041442100646430996 -0.0011054280994317433 0.042170020395091601 0.00089955135177623678 0.022532091134538256 0.0010413067391153031 0.013538002488553103 -0.01994974789209664 0.016590633459337471 0.046466843890292306 -0.0047516935215688831 0.033674011024678215 -0.00041356922698988844 0.013088092516290444 -0.0013560606451025626 -0.010669810520366942 0.0031301081511809791 0.022017844021320343 0.0024638412502306205 0.020654326079446558 -0.0066470281078087508 -0.014041197152230248 -0.0033516951008666905 -0.0032848039607651612 -0.047354105751340587 -0.0080583127841321114 -0.018120998627992789 0.010002116071484468 -0.0007287391726276838
leaf_weight=908 1620 4744 32130 35 7585 36 3121 114 20 108 21 365 33 140 49 583 69 1837 23 1373 56 453 29 806 393 24 173 89 101 160
leaf_count=908 1620 4744 32130 35 7585 36 3121 114 20 108 21 365 33 140 49 583 69 1837 23 1373 56 453 29 806 393 24 173 89 101 160
internal_value=-2.23331e-12 0.00175934 -0.0010209 0.00362753 0.000933016 -0.000891442 0.00128637 0.00982947 0.0175997 0.0108812 0.00317612 0.00284655 0.0109896 0.00742486 0.0231017 0.00336051 0.00393183 0.000546684 0.000119331 -0.00156191 0.000586707 -0.00420382 0.00881703 -0.00411381 -0.00449277 -0.00800336 -0.0144873 -0.0243298 -0.00186467 0.00520706
internal_weight=57198 21003 36195 6441 14562 35287 3157 437 163 128 6004 5761 243 210 70 5396 4813 12942 11105 3520 1911 538 85 1609 1586 679 286 113 907 274
internal_count=57198 21003 36195 6441 14562 35287 3157 437 163 128 6004 5761 243 210 70 5396 4813 12942 11105 3520 1911 538 85 1609 1586 679 286 113 907 274
is_linear=0
shrinkage=0.05


Tree=58
num_leaves=31
num_cat=0
split_feature=3 2 1 0 5 6 4 4 3 1 5 0 6 5 4 4 4 1 0 8 4 0 0 5 0 5 4 5 5 8
split_gain=37.179 11.0599 9.0236 8.18664 6.4662 7.90226 9.57792 13.9768 63.3804 8.97146 6.88462 7.52757 14.2519 8.34567 10.803 7.38128 6.65009 6.52798 6.19713 9.84717 16.5314 11.1767 13.5301 9.84561 7.57431 16.7601 10.1772 11.6878 13.5888 14.4132
threshold=0.62209703778924041 -0.78645249303697462 4.5432521720492414 0.44823345040270363 -0.37618863167946776 -1.0557360505944642 -0.18284091157820473 -0.32040136345029535 -0.097287347592525761 0.77450002165916709 1.4651726809124612 -1.3768667146945477 1.0000000180025095e-35 1.386347522532285 -0.13698742762084057 -0.022353717727431312 1.4220310269295273 0.59849697637983956 -0.45180638707072185 -0.99042967103748658 0.39032763788884245 -1.2489350094155733 -1.5143630514267346 0.9652358749025497 0.035253852697791459 0.9652358749025497 0.34447415393147868 1.4495693291702281 1.1065214618131212 1.0184757865176055
decision_type=2 2 2 2 2 2 2 2 2 2 2 2 2 2 2 2 2 2 2 2 2 2 2 2 2 2 2 2 2 2
left_child=1 -1 18 -4 16 6 7 9 -9 -6 11 12 13 14 -7 -14 -3 -8 19 21 -21 22 -2 -22 25 -20 -27 28 29 -28
right_child=2 4 3 -5 5 10 17 8 -10 -11 -12 -13 15 -15 -16 -17 -18 -19 24 20 23 -23 -24 -25 -26 26 27 -29 -30 -31
leaf_value=-0.0020261694423593202 0.0057782305991250643 -0.001272437595886806 0.033792989771511107 0.0079694674246841013 -0.0024853559256279864 0.0031036847485945776 -0.0004575796126325635 -0.0017405213407271178 -0.087654787687850858 -0.024470142094532448 -0.0023955521972203447 0.0010566736788218886 0.013397814571948314 0.0021237248658873393 0.051982253380119803 0.045440604864234048 0.0019970804072282707 0.011479130189400166 -0.0023078159543570942 -0.0088475296101660494 -0.01628917189982702 -0.00039983019827430572 0.033272698453317089 0.0067375130292444052 0.0019794662886908456 0.0054004031879712998 0.035409522605291809 0.040582479154691098 0.0045985077684852615 0.0033686166195283558
leaf_weight=11798 176 14577 37 180 876 26 963 92 28 49 1363 11114 41 513 20 32 1741 130 494 634 53 508 60 374 10034 860 97 40 233 55
leaf_count=11798 176 14577 37 180 876 26 963 92 28 49 1363 11114 41 513 20 32 1741 130 494 634 53 508 60 374 10034 860 97 40 233 55
internal_value=2.5108e-12 -0.000720043 0.00225683 0.0123726 -0.000231854 0.000508488 -0.00231012 -0.0057327 -0.0217872 -0.00364996 0.000968186 0.00135851 0.00666649 0.00395315 0.0243552 0.027444 -0.000923606 0.000962157 0.00209564 -0.000633027 -0.00372557 0.00377717 0.0127683 0.0038794 0.00251257 0.00551941 0.00852848 0.0148582 0.0121856 0.0238158
internal_weight=57198 43363 13835 217 31565 15247 2138 1045 120 925 13109 11746 632 559 46 73 16318 1093 13618 1805 1061 744 236 427 11813 1779 1285 425 385 152
internal_count=57198 43363 13835 217 31565 15247 2138 1045 120 925 13109 11746 632 559 46 73 16318 1093 13618 1805 1061 744 236 427 11813 1779 1285 425 385 152
is_linear=0
shrinkage=0.05


Tree=59
num_leaves=31
num_cat=0
split_feature=2 0 5 9 6 3 7 3 0 5 1 0 2 3 2 0 0 3 5 3 11 2 9 0 8 0 1 8 11 7
split_gain=33.7628 13.5819 10.0533 8.34519 8.97885 7.00775 7.29072 10.7192 6.68544 6.37208 6.01622 6.07573 7.42788 7.22297 10.5289 6.50395 5.93069 5.75391 8.63191 9.39883 6.48941 7.92045 5.52695 7.83593 16.0552 6.72527 6.43066 5.69405 7.81922 5.45791
threshold=0.70769480656353323 0.43202768883440962 -1.2122321088555645 -0.14974278802236804 -0.90990146219895396 0.43448615234425375 -0.44313593596502393 -0.23464596128614398 2.1320600998353485 1.4779829372212656 4.5432521720492414 1.6437776611856465 5.1381541538316595 2.3101830369618326 2.1238254829769763 1.1767010273330964 -0.066473749301493038 1.4724410070425007 1.2994638957836848 1.8573264343973352 -0.7500292558394458 0.21846591282390135 0.15011185020822368 0.55836136915153645 -0.25919494664649734 0.70034578611526144 1.279273722414479 1.0184757865176055 -0.7500292558394458 -0.67566290470831769
decision_type=2 2 2 2 2 2 2 2 2 2 2 2 2 2 2 2 2 2 2 2 2 2 2 2 2 2 2 2 2 2
left_child=1 2 5 4 -2 6 -1 -8 9 10 11 12 15 14 -13 22 -14 -3 20 -20 21 -19 27 29 -25 -26 -27 28 -5 -24
right_child=3 17 -4 8 -6 -7 7 -9 -10 -11 -12 13 16 -15 -16 -17 -18 18 19 -21 -22 -23 23 24 25 26 -28 -29 -30 -31
leaf_value=-0.00055177762200251041 -0.010301369894295932 0.00071391390888892381 -0.00066781839056949031 0.0022929490395472386 0.0016033794359564962 -0.015672077641911097 -0.0034678292673196369 -0.01657590479311459 0.027231645758353896 -0.022317320696057994 0.013415089036486708 -0.0016033780432892321 0.0071494508692521164 0.0043541368713744706 -0.028502461278178501 0.0090238655308367624 0.031403759333559059 0.038075167021673656 0.042194677731304461 0.0065367690376227812 -0.0036582090686224432 0.0057066481553879125 0.0071280082280869893 0.018793435836760481 -0.01640411265543662 0.014605123477143257 -0.0080064475157250389 -0.00018360682872985051 0.012353521830982192 0.0014956649046430192
leaf_weight=2498 163 11104 28779 325 5597 105 3613 163 31 23 166 116 59 180 53 542 44 23 33 42 157 106 594 61 161 43 117 265 476 1559
leaf_count=2498 163 11104 28779 325 5597 105 3613 163 31 23 166 116 59 180 53 542 44 23 33 42 157 106 594 61 161 43 117 265 476 1559
internal_value=-2.03429e-12 -0.000578548 -0.00106588 0.0025507 0.00126649 -0.00286174 -0.00264735 -0.00403367 0.00408694 0.00393697 0.0040638 0.00372597 0.00424723 -0.0026157 -0.0100392 0.00391749 0.0175105 0.00091588 0.00712815 0.0222262 0.00316886 0.0114778 0.00314891 0.00187865 -0.00472093 -0.0091894 -0.00192959 0.00616963 0.00827152 0.0030496
internal_weight=57198 46623 35158 10575 5760 6379 6274 3776 4815 4784 4761 4595 4246 349 169 4143 103 11465 361 75 286 129 3601 2535 382 321 160 1066 801 2153
internal_count=57198 46623 35158 10575 5760 6379 6274 3776 4815 4784 4761 4595 4246 349 169 4143 103 11465 361 75 286 129 3601 2535 382 321 160 1066 801 2153
is_linear=0
shrinkage=0.05


Tree=60
num_leaves=31
num_cat=0
split_feature=2 5 4 0 5 0 4 6 4 4 3 0 5 4 1 8 0 0 7 5 4 4 3 4 6 0 7 2 4 4
split_gain=31.0381 11.5316 13.5566 22.4327 22.3386 46.0888 21.4093 13.3111 11.9058 29.0923 11.26 10.8955 10.5762 15.8302 15.9768 13.8588 12.0252 10.4872 9.71183 9.41427 9.38338 8.75242 8.58355 7.91112 7.8667 7.42014 19.5479 10.7849 7.98749 7.41294
threshold=0.045181290866512763 0.91441636237843227 -0.04528045970611317 1.1132669512946023 1.1904917396839851 1.2079298665622893 -0.41210833136502373 1.1185040474979022 -0.45796181532238694 -0.18284091157820473 1.374370791781051 1.5797132453445968 1.1065214618131212 0.73422876756907074 0.25704084222469131 0.21070812337056413 -0.8695463369334262 -1.9518562126726928 -0.17418860646293408 1.4779829372212656 1.3991042849508457 -0.13698742762084057 0.13519163842017046 -0.64137575115184176 1.0000000180025095e-35 0.23804502183376877 -0.080597219688208724 0.37589015797510855 -0.18284091157820473 0.32154741195279685
decision_type=2 2 2 2 2 2 2 2 2 2 2 2 2 2 2 2 2 2 2 2 2 2 2 2 2 2 2 2 2 2
left_child=-1 -2 3 6 10 -6 7 -3 23 11 21 -10 16 14 22 17 -4 -16 -8 -19 -15 -5 -14 -7 -24 26 27 -20 -27 -18
right_child=1 2 12 4 5 8 18 -9 9 -11 -12 -13 13 20 15 -17 29 19 25 -21 -22 -23 24 -25 -26 28 -28 -29 -30 -31
leaf_value=-0.00098528364072205136 0.00065741295251444309 0.0033565055914505089 0.038329408520034386 0.048043907603079625 0.079034094837843447 0.0092640739839440333 -0.013703883713599757 -0.0096164452529942188 0.031603501470736053 -0.0081200521040175645 -0.00096216515266460585 0.074649641698315033 0.038941606826718073 -0.0088354428047407191 -0.0084830430490546865 -0.0020798696226621864 0.0017832830929036551 0.011988601222940124 0.04315336769556298 -0.013594352996810095 0.0019304420249816893 0.0048023081403225669 0.0092891842247638159 -0.021208403944703087 0.039360494829284463 -0.032005552830564422 -0.0050399977076069817 0.006184767464056929 -0.0032400043448433283 0.011237842481290785
leaf_weight=33340 16703 1878 35 22 30 89 347 221 49 42 364 21 45 307 80 483 291 670 34 38 594 25 133 28 26 43 437 47 55 721
leaf_count=33340 16703 1878 35 22 30 89 347 221 49 42 364 21 45 307 80 483 291 670 34 38 594 25 133 28 26 43 437 47 55 721
internal_value=-2.61766e-12 0.00137687 0.00305641 0.000972045 0.00925919 0.0207601 -0.000841275 0.00199061 0.0131259 0.0247783 0.00201167 0.0445173 0.00532893 0.00348399 0.00667374 0.00458895 0.00951571 0.00867657 -0.00701378 0.0106155 -0.00173785 0.0250431 0.0196628 0.00197152 0.0142065 -0.00324516 -0.000858263 0.0217025 -0.0158616 0.00851919
internal_weight=57198 23858 7155 3732 670 259 3062 2099 229 112 411 70 3423 2376 1475 1271 1047 788 963 708 901 47 204 117 159 616 518 81 98 1012
internal_count=57198 23858 7155 3732 670 259 3062 2099 229 112 411 70 3423 2376 1475 1271 1047 788 963 708 901 47 204 117 159 616 518 81 98 1012
is_linear=0
shrinkage=0.05


Tree=61
num_leaves=31
num_cat=0
split_feature=3 2 3 9 5 5 4 6 4 3 5 4 2 1 4 4 1 4 4 4 5 7 5 5 6 1 3 2 7 5
split_gain=28.8081 9.07746 8.01107 6.16737 5.27067 5.81393 7.77379 9.26367 10.9241 13.5137 15.6109 20.6375 13.2157 25.9937 8.74188 8.46688 6.6474 6.39164 6.26225 11.0526 13.5783 14.247 10.0629 11.1763 8.90525 8.69964 8.5509 7.51345 7.48302 6.05816
threshold=0.21109231303450274 1.7072088707226738 -1.7152345853068274 -1.5490644330984626 1.4779829372212656 0.5168783321317606 -1.0540571067681157 0.046773696581961052 1.5137379948442546 1.4048846845692959 1.1065214618131212 -0.022353717727431312 0.44896836689514236 1.1108460066643233 -0.20576765355688617 1.4220310269295273 2.0145094811775759 0.71130202559038891 0.45910786382488805 -0.43503507334370556 0.9652358749025497 -0.67566290470831769 0.9652358749025497 1.0613819277844458 1.0000000180025095e-35 -1.0851083735445086 0.574537168345718 0.75257080101831342 -0.74807555454224595 1.1904917396839851
decision_type=2 2 2 2 2 2 2 2 2 2 2 2 2 2 2 2 2 2 2 2 2 2 2 2 2 2 2 2 2 2
left_child=2 3 -1 -2 5 -5 -7 18 9 10 -9 -12 13 14 -11 29 -17 -13 19 20 -8 -22 28 24 27 -21 -23 -24 -20 -14
right_child=1 -3 -4 4 -6 6 7 8 -10 12 11 17 15 -15 -16 16 -18 -19 22 25 21 26 23 -25 -26 -27 -28 -29 -30 -31
leaf_value=-0.0054919741888805433 0.0050061519943585091 0.004199184167990251 -0.00073545461807876999 -1.0205272340797064e-05 -0.005833264994615275 -0.0007670065150219721 -0.0017493623820337236 0.0082757267436605435 -0.0035742171061321631 0.030181753663001239 -0.010853312532408918 0.013681832840098296 0.0039095849839196886 0.078721485850401229 0.00085560998929092111 0.049467390906118625 0.0096388816973194489 -0.00011437679640948773 -0.011589966900413856 0.0094635001359213346 -0.0021598295576404783 0.0056046703651426713 0.02527369184240226 0.004392553702458126 0.045984963878989225 -0.0029666650025602925 0.025480918360851201 0.0039601804900237106 0.0017919187808413352 0.014169101465362205
leaf_weight=908 947 2666 35287 7976 289 2180 360 760 322 54 340 164 431 20 48 22 20 172 125 152 120 81 78 644 25 1904 163 88 636 216
leaf_count=908 947 2666 35287 7976 289 2180 360 760 322 54 340 164 431 20 48 22 20 172 125 152 120 81 78 644 25 1904 163 88 636 216
internal_value=-3.49358e-13 0.00147306 -0.000854778 0.00107671 0.000862729 0.000975888 0.00183781 0.00265545 0.00503877 0.00627303 0.00335903 -0.00216861 0.0114327 0.0266009 0.0163812 0.0087469 0.0305014 0.00661949 0.00125629 -0.000176856 0.00513594 0.0119456 0.00375262 0.00754284 0.0181648 -0.0020477 0.0188827 0.013975 -0.000406157 0.00733471
internal_weight=57198 21003 36195 18337 17390 17101 9125 6945 2569 2247 1436 676 811 122 102 689 42 336 4376 2780 724 364 1596 835 191 2056 244 166 761 647
internal_count=57198 21003 36195 18337 17390 17101 9125 6945 2569 2247 1436 676 811 122 102 689 42 336 4376 2780 724 364 1596 835 191 2056 244 166 761 647
is_linear=0
shrinkage=0.05


Tree=62
num_leaves=31
num_cat=0
split_feature=3 2 2 7 8 0 0 0 0 4 4 4 4 4 5 1 5 5 0 4 0 5 7 5 4 7 0 0 1 6
split_gain=25.9993 8.19938 7.41883 7.09792 5.55145 14.7819 5.42978 7.68574 7.6417 9.00519 8.78584 7.36871 15.9052 6.65739 6.94218 5.91903 5.1458 5.29806 7.11604 7.32296 5.54871 9.38624 5.31985 4.80825 8.40041 5.35793 4.88622 4.75586 6.20924 5.91355
threshold=0.21109231303450274 1.9275026134528697 -0.98934393434644885 1.707859523614377 1.0184757865176055 -0.20232307365319904 -0.92988716136921734 0.018766739333797907 0.76701006881243816 -0.84771642895997912 -0.20576765355688617 -0.068207201684795479 0.023499766229932856 0.34447415393147868 1.4312047935437753 1.4085556869820162 1.4779829372212656 -0.24956724947920125 -0.8536411221757757 -0.45796181532238694 -0.10123418217640474 -0.89749154395743946 -0.67566290470831769 0.073269764555773567 -0.068207201684795479 -0.17418860646293408 0.99954702019062769 0.95952884409895844 -0.72231804241077835 1.7136308150948316
decision_type=2 2 2 2 2 2 2 2 2 2 2 2 2 2 2 2 2 2 2 2 2 2 2 2 2 2 2 2 2 2
left_child=2 16 3 4 -1 -6 -3 11 9 -9 -11 15 -13 -14 -15 -8 17 18 -2 -20 21 22 -21 24 25 26 -19 -4 29 -29
right_child=1 6 27 -5 5 -7 7 8 -10 10 -12 12 13 14 -16 -17 -18 23 19 20 -22 -23 -24 -25 -26 -27 -28 28 -30 -31
leaf_value=-0.0032613944285367364 -0.011406050482764841 -0.0047661143484072311 -0.00070654515567626706 0.021068271598778665 -0.00098743412382027037 0.020969798592626154 0.02179346243324487 0.013001062360126527 0.0061253253702017747 -0.016564070153513709 -0.00013033996133513196 0.056333036145026043 0.0050764612994163034 0.013417940134839976 0.040438378169060207 -0.0072009200208509976 -0.0055416017359688199 0.015457881635237314 -0.0044424194559870662 0.032318958891339081 0.00042637787523863518 -0.001981759942983362 0.010414582031677501 0.001218926934322755 0.0010708097195314631 0.0025224022362895734 0.0060154936090279637 0.0011796319057577336 0.00097641345423939629 0.027409285975789482
leaf_weight=4887 147 148 27053 32 1002 83 23 88 963 112 297 22 149 85 33 75 289 263 751 43 2109 110 78 13399 1197 336 286 42 3052 44
leaf_count=4887 147 148 27053 32 1002 83 23 88 963 112 297 22 149 85 33 75 289 263 751 43 2109 110 78 13399 1197 336 286 42 3052 44
internal_value=-2.492e-13 0.00139941 -0.000812039 -0.00241725 -0.00254309 0.000692244 0.00444882 0.00518722 0.00352664 -0.00150864 -0.00463053 0.0114519 0.0154696 0.0121026 0.0209745 -0.000396116 0.00107935 0.00118157 -0.000657707 -0.000146544 0.00123218 0.008589 0.0181988 0.00156628 0.0038017 0.00749535 0.0105389 -0.000492816 0.00134977 0.0145995
internal_weight=57198 21003 36195 6004 5972 1085 1995 1847 1460 497 409 387 289 267 118 98 19008 18719 3238 3091 2340 231 121 15481 2082 885 549 30191 3138 86
internal_count=57198 21003 36195 6004 5972 1085 1995 1847 1460 497 409 387 289 267 118 98 19008 18719 3238 3091 2340 231 121 15481 2082 885 549 30191 3138 86
is_linear=0
shrinkage=0.05


Tree=63
num_leaves=31
num_cat=0
split_feature=3 9 5 0 4 5 5 3 0 0 1 6 4 1 0 4 4 12 8 3 4 8 0 1 4 4 12 5 0 1
split_gain=23.4794 7.79122 10.1759 10.372 7.72738 9.72147 23.8685 23.7127 18.1518 16.5747 7.85383 9.23518 7.70578 6.68125 6.83366 6.48518 8.04747 9.81763 9.18399 7.47251 7.77269 6.47446 8.16509 6.43403 6.13893 8.84019 5.64287 11.0558 8.78084 6.10692
threshold=0.62209703778924041 0.25006339628508761 0.9652358749025497 -0.8695463369334262 0.11520673414465986 -0.84497093191591066 -0.24956724947920125 -1.0046619738155516 -0.35234543108220923 -0.016899023803696612 -0.34873273733330851 1.7136308150948316 -1.1457640746828435 4.5432521720492414 0.44823345040270363 -0.64137575115184176 -1.1686908166615251 -0.35185889347637506 0.38174988366425283 -0.19753229667287298 -0.38918158938634145 0.38174988366425283 0.44224510455597482 2.1514073801717424 -1.2833245265549345 -0.43503507334370556 -0.35185889347637506 -0.84497093191591066 -0.70412592298491539 -0.7136782346969105
decision_type=2 2 2 2 2 2 2 2 2 2 2 2 2 2 2 2 2 2 2 2 2 2 2 2 2 2 2 2 2 2
left_child=1 2 4 -4 5 10 7 8 12 -8 11 -1 -7 -2 -15 16 17 -9 -18 -17 -21 -19 -23 -3 -5 -26 29 28 -28 -6
right_child=13 23 3 24 26 6 9 15 -10 -11 -12 -13 -14 14 -16 19 18 21 -20 20 -22 22 -24 -25 25 -27 27 -29 -30 -31
leaf_value=0.0032088406439042456 0.0016547645019355768 -0.0012734183054194683 0.029614065887004722 -0.0098796360804276045 0.011984993885029903 0.02287267871127513 -0.002218049200544284 0.0020070579575529189 -0.0014446480950773646 0.0032123723398832316 -0.0012732965667064128 0.020458780391505216 0.0025190789641729044 0.030068323942455084 0.0064749840837773969 -0.0048845226477012681 -0.012136871250319993 -0.0028474105989363422 -0.0046727501166820449 0.024611001579385058 0.00081818140182368659 -0.019488562747856472 -0.0021012614558398655 -0.01575611682348679 0.020229212102291991 -0.00056590867149809915 -0.0098297693480850386 0.0011549277720504911 -0.0013941454097012381 0.0020972289269452697
leaf_weight=1443 13618 18893 51 55 164 152 2684 462 378 2949 1198 82 67 37 180 1131 990 332 706 38 355 183 107 77 94 112 410 5738 1246 3266
leaf_count=1443 13618 18893 51 55 164 152 2684 462 378 2949 1198 82 67 37 180 1131 990 332 706 38 355 183 107 77 94 112 410 5738 1246 3266
internal_value=2.6785e-12 -0.000572207 1.88294e-05 0.00899071 -9.74128e-05 -0.000906732 -0.00159513 -0.00414674 0.00519154 0.000624896 0.00175636 0.00413638 0.0166458 0.00179347 0.0104978 -0.00544203 -0.00687906 -0.00351413 -0.00902975 -0.00282068 0.00311876 -0.00761508 -0.0130732 -0.0013322 0.00496086 0.00892313 0.000893824 0.000116265 -0.00348268 0.00257
internal_weight=57198 43363 24393 312 24081 13257 10534 4901 597 5633 2723 1525 219 13835 217 4304 2780 1084 1696 1524 393 622 290 18970 261 206 10824 7394 1656 3430
internal_count=57198 43363 24393 312 24081 13257 10534 4901 597 5633 2723 1525 219 13835 217 4304 2780 1084 1696 1524 393 622 290 18970 261 206 10824 7394 1656 3430
is_linear=0
shrinkage=0.05


Tree=64
num_leaves=31
num_cat=0
split_feature=2 5 4 5 4 1 8 5 4 4 1 3 4 11 5 4 2 4 5 8 7 7 4 6 3 4 4 4 7 4
split_gain=21.5741 8.84655 11.2337 14.2538 13.7879 15.1894 12.3302 11.569 11.1302 15.2633 9.92949 9.87145 21.8891 21.0736 16.1033 30.0552 32.916 18.097 14.5063 13.7487 11.8929 12.6557 11.6032 10.6828 8.95817 8.31458 7.31568 10.4228 7.2497 7.17845
threshold=0.045181290866512763 0.9652358749025497 -0.04528045970611317 1.1065214618131212 0.73422876756907074 0.51386793794863117 0.21070812337056413 1.4312047935437753 0.48203460580356999 1.490811252865573 1.8220646652369268 1.5767137871784713 -0.43503507334370556 -0.7500292558394458 1.1495863065883827 -0.45796181532238694 0.75257080101831342 -0.18284091157820473 1.2291569272765577 1.0000000180025095e-35 -0.17418860646293408 -0.67566290470831769 -0.18284091157820473 0.046773696581961052 0.13519163842017046 1.3991042849508457 -0.36625484740765951 -0.18284091157820473 -0.17418860646293408 0.41325437986752434
decision_type=2 2 2 2 2 2 2 2 2 2 2 2 2 2 2 2 2 2 2 2 2 2 2 2 2 2 2 2 2 2
left_child=-1 -2 7 8 5 24 10 11 -4 28 -7 12 13 18 26 -16 -17 -18 -3 23 21 -14 -23 -15 -5 -6 -13 -28 -10 -8
right_child=1 2 3 4 25 6 29 -9 9 -11 -12 14 20 19 15 16 17 -19 -20 -21 -22 22 -24 -25 -26 -27 27 -29 -30 -31
leaf_value=-0.00082144901681055797 0.00055812014831109708 0.025604284330715543 0.0032938421263017043 0.036770380782874548 -0.0085609950435689888 -0.00052633315948986883 -0.0063150960010468484 -0.016859846502788121 0.034544101545183226 0.0063385620522796561 0.011570661511982846 0.0027225994574212563 -0.0089901958092581478 -0.00012136946378993881 -1.4845409198694917e-05 0.082091287231963628 0.029295973594955827 -0.0029847286084986992 0.0041995522347151124 0.004948789543237974 -0.0022381953472146716 -0.044840479245478355 -0.0024328532406007468 -0.014347848201332164 0.012554841564735398 0.001573218910575465 -0.020374208357802522 0.012525358223215197 0.016832835307935827 0.0091096273705867752
leaf_weight=33340 17348 153 291 46 307 257 352 91 104 219 499 354 250 332 242 23 135 64 164 653 511 54 23 219 225 594 89 33 130 96
leaf_count=33340 17348 153 291 46 307 257 352 91 104 219 499 354 250 332 242 23 135 64 164 653 511 54 23 219 225 594 89 33 130 96
internal_value=-6.77324e-13 0.00114792 0.00271964 0.00488466 0.00299354 0.00597043 0.00356321 0.000727046 0.0109241 0.0158256 0.00745832 0.00121217 -0.000514345 0.00306066 0.00554497 0.0121734 0.0254596 0.0189142 0.0145305 4.07692e-05 -0.00700311 -0.0144492 -0.0321733 -0.00577581 0.0166652 -0.00187984 -0.000916318 -0.0114751 0.0247045 -0.0030098
internal_weight=57198 23858 6510 3120 2376 1475 1204 3390 744 453 756 3299 2359 1521 940 464 222 199 317 1204 838 327 77 551 271 901 476 122 234 448
internal_count=57198 23858 6510 3120 2376 1475 1204 3390 744 453 756 3299 2359 1521 940 464 222 199 317 1204 838 327 77 551 271 901 476 122 234 448
is_linear=0
shrinkage=0.05


Tree=65
num_leaves=31
num_cat=0
split_feature=2 0 5 3 4 1 4 2 8 5 0 5 9 6 4 5 8 12 1 0 4 0 0 0 6 4 3 4 0 0
split_gain=19.549 9.82036 7.71144 6.24598 5.58818 12.3978 8.68209 10.7805 10.5187 7.77332 9.08622 5.70467 5.28203 7.67102 6.20402 8.11657 11.043 11.1885 10.2814 7.90334 6.49727 7.86806 6.13171 9.1856 11.9165 20.2332 17.2608 13.856 12.6594 14.3615
threshold=0.70769480656353323 0.43202768883440962 -1.2122321088555645 0.43448615234425375 -1.2833245265549345 -0.32728399774439093 -0.45796181532238694 -0.084729287668551159 -1.7049705869141294 -1.3430211371129324 -0.6271509910208567 -1.3140404490756492 -0.14974278802236804 -0.90990146219895396 0.16106021810202364 1.386347522532285 -0.99042967103748658 0.34398541387350456 4.5432521720492414 1.8345081719818419 -0.068207201684795479 -0.076729895149008923 2.0936190745863663 1.6437776611856465 1.1185040474979022 -1.0540571067681157 1.2855968839227649 -0.43503507334370556 1.5444408700911725 1.2711646930971334
decision_type=2 2 2 2 2 2 2 2 2 2 2 2 2 2 2 2 2 2 2 2 2 2 2 2 2 2 2 2 2 2
left_child=1 2 3 4 5 -1 8 -8 11 -10 -11 -6 13 -2 15 18 -17 20 22 -20 -18 -22 23 24 27 -26 -27 -14 29 -28
right_child=12 -3 -4 -5 6 -7 7 -9 9 10 -12 -13 14 -15 -16 16 17 -19 19 -21 21 -23 -24 -25 25 26 28 -29 -30 -31
leaf_value=-0.0043700210402321995 -0.0097730445495572381 0.00083051340925542031 -0.00050599195905125141 -0.014521515930315391 -0.0024473326439766532 -0.028180386795330858 -0.0026038216254077639 -0.020827066622315402 -0.00085799619341321923 0.011967678416698914 0.0010500879972823896 -0.018571084394548718 0.0044275495816878205 0.0012305959407883575 0.0053134560057399123 0.0092950427870077661 -0.017730955363632266 -0.04217398105258191 0.032885044797634086 0.0051204159538346256 -0.0083643921968218887 0.021827752984339192 0.024026505661106881 -0.0077210989013172179 -0.000624067867723339 0.05658345070892367 0.030176386777556647 -0.0047432050360987016 0.045692325751136603 -0.00084507567203049639
leaf_weight=745 163 11465 28779 105 143 59 3656 83 736 370 393 89 1033 5597 1977 84 88 27 48 55 71 31 31 236 226 29 57 685 29 108
leaf_count=745 163 11465 28779 105 143 59 3656 83 736 370 393 89 1033 5597 1977 84 88 27 48 55 71 31 31 236 226 29 57 685 29 108
internal_value=-2.40104e-12 -0.000440232 -0.000854622 -0.00242747 -0.00222507 -0.0061173 -0.00165297 -0.00300835 0.00127467 0.00280803 0.00634433 -0.00863274 0.00194089 0.000919208 0.0031631 0.00166512 -0.00609784 -0.0120564 0.00258615 0.0180593 -0.0077765 0.000811652 0.00193137 0.00164633 0.0026665 0.00991925 0.0206044 0.000770991 0.0152261 0.00987143
internal_weight=57198 46623 35158 6379 6274 804 5470 3739 1731 1499 763 232 10575 5760 4815 2838 301 217 2537 103 190 102 2434 2403 2167 449 223 1718 194 165
internal_count=57198 46623 35158 6379 6274 804 5470 3739 1731 1499 763 232 10575 5760 4815 2838 301 217 2537 103 190 102 2434 2403 2167 449 223 1718 194 165
is_linear=0
shrinkage=0.05


Tree=66
num_leaves=31
num_cat=0
split_feature=3 3 1 9 0 1 0 0 4 5 11 3 2 5 1 3 4 8 0 0 9 3 8 0 4 0 0 5 3 7
split_gain=18.0246 6.42457 6.29971 6.03881 5.12326 8.04823 12.8917 17.7101 7.12446 7.43959 17.4282 5.07464 6.8593 5.96535 33.9517 21.1086 6.42608 6.26139 16.1691 6.25004 11.3345 5.66629 5.05631 7.69664 4.71137 4.57552 6.04512 10.6143 11.1043 10.3617
threshold=0.21109231303450274 -1.7152345853068274 1.1389860958439442 -1.5490644330984626 -0.44379649577730129 1.5194418328293251 -1.3768667146945477 -1.4824056373715422 1.0000000180025095e-35 1.386347522532285 1.4457311165250033 2.3101830369618326 3.6090885753489395 1.2655051286133518 1.4810310602559806 1.3470610015778208 -0.36625484740765951 1.0184757865176055 0.2481594496056321 2.0936190745863663 -1.0493067027141429 0.99269473000008912 1.0000000180025095e-35 0.6184085169620398 0.069353250187296225 0.035253852697791459 -0.071792865959544941 1.4312047935437753 1.7826364642023698 -0.17418860646293408
decision_type=2 2 2 2 2 2 2 2 2 2 2 2 2 2 2 2 2 2 2 2 2 2 2 2 2 2 2 2 2 2
left_child=1 -1 3 24 5 -4 7 -7 9 10 11 12 13 16 15 21 -6 19 -19 22 -21 -15 -18 -24 -2 26 -10 28 29 -28
right_child=2 -3 4 -5 8 6 -8 -9 25 -11 -12 -13 -14 14 -16 -17 17 18 -20 20 -22 -23 23 -25 -26 -27 27 -29 -30 -31
leaf_value=-0.0048288436324901542 0.0083646537671030422 -0.00056927043473660357 0.0038272817251893384 0.00035779375768055103 0.0016179176771026077 -0.0079685767700315505 -0.01209770274958894 0.035171756542359406 0.0047259027276781093 -0.014067059316623368 0.043347507804632188 0.0063511324065773497 -0.022494727485172918 0.032215978378163916 -0.015267066185206494 0.078836023940530145 -0.005800618423034711 0.044849891534873419 -0.015226579604980847 -0.012760746758431196 0.020096150945590918 -0.0026294692046940332 -0.039152928780425679 -0.010234815672677207 0.0010012618445187434 0.0038218375633275502 0.037797306502318904 0.04183584435959347 -0.0078706413703529456 0.0091683738701285253
leaf_weight=908 431 35287 375 13998 1722 61 276 39 353 76 25 439 32 28 63 20 218 21 24 52 53 20 33 76 438 1894 46 32 57 101
leaf_count=908 431 35287 375 13998 1722 61 276 39 353 76 25 439 32 28 63 20 218 21 24 52 53 20 33 76 438 1894 46 32 57 101
internal_value=1.5566e-12 -0.000676128 0.00116519 0.000608873 0.00251309 -0.00135569 -0.00652487 0.00885615 0.00305264 0.00137038 0.00178554 0.00141458 0.000497077 0.000812844 0.0111783 0.0356791 0.00019535 -0.00494021 0.0128091 -0.0067891 0.00382416 0.017697 -0.010197 -0.0189898 0.0046533 0.00501877 0.00886765 0.0150627 0.010863 0.0181271
internal_weight=57198 36195 21003 14867 6136 751 376 100 5385 2902 2826 2801 2362 2330 131 68 2199 477 45 432 105 48 327 109 869 2483 589 236 204 147
internal_count=57198 36195 21003 14867 6136 751 376 100 5385 2902 2826 2801 2362 2330 131 68 2199 477 45 432 105 48 327 109 869 2483 589 236 204 147
is_linear=0
shrinkage=0.05


Tree=67
num_leaves=31
num_cat=0
split_feature=3 3 0 8 4 0 0 5 12 1 0 5 8 5 11 0 3 6 11 5 6 6 0 1 4 0 8 0 5 0
split_gain=16.3554 6.2659 4.94706 7.33363 12.2363 8.87859 9.96002 7.95487 9.26121 6.63831 6.31507 13.882 9.18918 13.1835 9.75232 6.886 13.7486 8.99704 10.2722 5.51047 5.50275 5.4987 5.28963 5.13223 4.99802 4.88318 4.87596 8.30383 10.8466 5.77224
threshold=0.62209703778924041 -1.7152345853068274 -0.45180638707072185 -0.99042967103748658 0.39032763788884245 -1.2489350094155733 -1.5143630514267346 0.9652358749025497 -1.0477032008262543 1.4085556869820162 0.035253852697791459 0.9652358749025497 -0.99042967103748658 1.1065214618131212 -1.4819493799609287 0.15592539692522175 1.8573264343973352 1.0000000180025095e-35 -0.7500292558394458 1.4312047935437753 0.046773696581961052 1.0000000180025095e-35 -1.8958058946997134 0.25704084222469131 -1.2833245265549345 -0.57515532520407853 1.0816417019878375 0.23804502183376877 1.1065214618131212 0.41371162956338431
decision_type=2 2 2 2 2 2 2 2 2 2 2 2 2 2 2 2 2 2 2 2 2 2 2 2 2 2 2 2 2 2
left_child=1 -1 3 5 9 6 -2 -6 22 21 11 -4 13 14 -13 16 17 -12 -19 -7 -18 -5 -9 -15 -20 -24 -17 28 -28 -29
right_child=2 -3 10 4 7 19 -8 8 -10 -11 15 12 -14 23 -16 26 20 18 24 -21 -22 -23 25 -25 -26 -27 27 29 -30 -31
leaf_value=-0.0045874014364457785 0.0048781752497068908 -0.00038967507132964328 -0.0025617191027269017 -0.0030630603413217884 -0.0151988505227667 0.00039676470458895594 0.028467971370943514 0.031779755151455903 -0.0024962544169086515 -0.0188310817060671 0.002047433862710332 0.039633971885327371 0.0098074823748383801 0.0067402896530398028 0.0049971222652564363 0.0020481547387402412 -0.0014865369379269678 -0.025148915521179638 0.015010246962237246 -0.022422240805462935 0.027074149380981301 -0.016065838814962027 0.0050576148584941484 -0.0092691444467228132 -0.0078833246422697918 0.026929681492038074 -0.00048101896939512634 -0.011434719013535263 0.03103534847688981 -0.0008890944493200201
leaf_weight=908 176 42455 494 417 53 480 60 32 184 116 235 31 961 67 59 8837 26 90 26 28 48 101 126 198 287 32 91 216 39 325
leaf_count=908 176 42455 494 417 53 480 60 32 184 116 235 31 961 67 59 8837 26 90 26 28 48 101 126 198 287 32 91 216 39 325
internal_value=-4.21295e-12 -0.000477573 0.00149686 -0.000944032 -0.00361286 0.00286191 0.0108756 0.00293 0.00549907 -0.00801948 0.00186309 0.00458525 0.00726807 0.000393781 0.0169276 0.00138099 -0.00336179 -0.00572806 -0.0102622 -0.000860976 0.0170393 -0.00559835 0.0132419 -0.00522148 -0.00598162 0.0094874 0.00173615 -0.00237295 0.00897389 -0.00509955
internal_weight=57198 43363 13835 1805 1061 744 236 427 374 634 12030 1810 1316 355 90 10220 712 638 403 508 74 518 190 265 313 158 9508 671 130 541
internal_count=57198 43363 13835 1805 1061 744 236 427 374 634 12030 1810 1316 355 90 10220 712 638 403 508 74 518 190 265 313 158 9508 671 130 541
is_linear=0
shrinkage=0.05


Tree=68
num_leaves=31
num_cat=0
split_feature=2 5 0 11 0 4 0 4 5 1 5 4 4 1 6 6 5 0 0 1 5 4 4 5 5 4 7 4 4 5
split_gain=15.4919 6.8921 7.93618 10.7131 12.9365 17.6992 15.9678 15.582 38.5702 20.6039 13.012 10.2158 15.6873 10.1237 9.24834 9.52333 9.07385 13.1889 8.34248 8.24324 7.56744 7.01791 7.41049 6.56593 16.326 17.8845 10.8551 7.88452 10.445 6.4989
threshold=0.045181290866512763 0.39311345010046078 0.79024895926192718 -0.7500292558394458 1.6437776611856465 -0.18284091157820473 1.9093270678098944 -0.29747462147161352 1.1904917396839851 2.5768581610772556 1.2994638957836848 -0.068207201684795479 -0.41210833136502373 -0.30926273914449637 0.31220406105026438 -1.0557360505944642 0.9652358749025497 1.4432099063444663 0.97414177273782254 4.5432521720492414 1.4312047935437753 0.023499766229932856 -0.43503507334370556 0.9652358749025497 1.0613819277844458 0.48203460580356999 -0.17418860646293408 1.5137379948442546 1.3761775429721637 1.1904917396839851
decision_type=2 2 2 2 2 2 2 2 2 2 2 2 2 2 2 2 2 2 2 2 2 2 2 2 2 2 2 2 2 2
left_child=-1 -2 11 4 5 7 21 10 18 -10 16 12 20 -13 15 -14 -4 -18 -9 23 -3 22 -6 -15 25 -25 27 28 -27 -24
right_child=1 2 3 -5 6 -7 -8 8 9 -11 -12 13 14 19 -16 -17 17 -19 -20 -21 -22 -23 29 24 -26 26 -28 -29 -30 -31
leaf_value=-0.00069609022936172721 6.2270380537636638e-05 0.001559926589558237 0.0092235696828922922 0.0013645483703691992 0.0030031025952193886 0.0023178164360547425 0.0093968671081272673 0.039920121076561156 0.10920065961778165 0.038289930068311245 -0.020791650351128302 0.018859732398626271 -0.027544035377384098 -5.0693723138935394e-05 -0.019662951022407719 -0.0030656807350876083 0.015117063603688483 0.054231826774775983 0.0030548128449529605 0.025041885664686559 -0.015036942034161517 0.010696834181340374 -0.012074503092063142 0.00049415414631478268 0.0021340689681736001 0.023644163769980273 0.012968272857800861 0.01752454295696225 0.066182033285017941 -0.04123888897116889
leaf_weight=33340 11108 3645 194 1739 75 294 340 21 20 21 27 96 41 1823 99 1287 66 32 57 40 70 49 145 167 2140 27 142 40 31 22
leaf_count=33340 11108 3645 194 1739 75 294 340 21 20 21 27 96 41 1823 99 1287 66 32 57 40 70 49 145 167 2140 27 142 40 31 22
internal_value=-3.22614e-13 0.000972741 0.00176596 0.00396594 0.00728495 0.0118076 0.00203844 0.0181774 0.0336181 0.0728805 0.0124174 0.00105863 -0.000464435 0.00279666 -0.00492044 -0.00382141 0.0154881 0.0278892 0.0129801 0.00244699 0.0012472 -0.00655904 -0.010053 0.00224017 0.00387984 0.0130591 0.0218021 0.0346022 0.0463799 -0.0159165
internal_weight=57198 23858 12750 3102 1363 732 631 438 119 41 319 9648 5142 4506 1427 1328 292 98 78 4410 3715 291 242 4370 2547 407 240 98 58 167
internal_count=57198 23858 12750 3102 1363 732 631 438 119 41 319 9648 5142 4506 1427 1328 292 98 78 4410 3715 291 242 4370 2547 407 240 98 58 167
is_linear=0
shrinkage=0.05


Tree=69
num_leaves=31
num_cat=0
split_feature=5 5 6 6 0 11 2 4 4 1 2 4 4 4 0 5 3 2 0 0 12 2 1 0 6 0 5 6 6 5
split_gain=14.1112 13.1297 9.46555 8.56573 7.55223 12.0198 14.411 13.6217 29.5748 6.92627 6.68152 6.12798 10.9261 9.7525 7.91347 7.86428 11.4951 6.3633 5.62011 12.8109 6.77619 5.57309 5.57165 6.90296 18.3738 6.62893 11.1798 13.6441 6.30618 6.29056
threshold=-0.24956724947920125 1.4779829372212656 -1.0557360505944642 1.1185040474979022 -0.37381750547000286 -0.7500292558394458 -0.5697166753376709 -0.20576765355688617 -0.29747462147161352 0.56968036991039239 -1.0019471380345295 0.71130202559038891 0.18398696008070553 1.1698368651640265 -0.47331132081955035 1.0142561076130823 1.5767137871784713 1.1674330096945378 0.76701006881243816 0.99954702019062769 -1.0477032008262543 -1.9672679338424122 0.34923603505222295 -1.5143630514267346 -0.88889511337147242 -1.3768667146945477 1.386347522532285 -0.88889511337147242 1.0000000180025095e-35 1.4495693291702281
decision_type=2 2 2 2 2 2 2 2 2 2 2 2 2 2 2 2 2 2 2 2 2 2 2 2 2 2 2 2 2 2
left_child=3 2 4 21 5 6 -2 8 9 -8 -4 12 18 -13 -14 -16 -17 -18 22 20 -20 -1 25 24 -24 26 27 -12 -28 -25
right_child=1 -3 10 -5 -6 -7 7 -9 -10 -11 11 13 14 -15 15 16 17 -19 19 -21 -22 -23 23 29 -26 -27 28 -29 -30 -31
leaf_value=-0.0098102506758022054 0.0077075563605585318 -0.001800597933818949 -0.0070286330378249943 0.00095286509314617101 0.0035723819195644054 -0.0014140510598277119 -0.0027028567811828996 -0.0029415149575371374 -0.064248384335317099 -0.026757708577471867 0.0026851305957226197 -0.0027481957136294378 0.0013185359341383654 0.0014424932687757241 0.0051682746944518411 0.027726258679284056 -0.01101913081255515 0.011086410402090073 0.011563406463190271 0.0017179951847994962 0.00090687063978839441 -0.0012301283113519258 0.00698654430310185 -0.00012637158137762555 -0.038081412715283008 0.001433162295903417 0.0026636914738422256 0.04656148778173972 0.018645639062992166 0.014650389753690322
leaf_weight=191 74 4427 230 5236 539 1760 63 101 39 57 34 1918 843 5027 1108 103 37 271 587 3126 200 20724 49 5381 42 4329 522 37 70 73
leaf_count=191 74 4427 230 5236 539 1760 63 101 39 57 34 1918 843 5027 1108 103 37 271 587 3126 200 20724 49 5381 42 4329 522 37 70 73
internal_value=-7.58138e-13 0.00072077 0.00114008 -0.000855712 -0.0017057 -0.00306429 -0.0117602 -0.017301 -0.0264224 -0.0141289 0.00145246 0.00153457 0.0020507 0.000285151 0.00520342 0.00735942 0.0132665 0.00843087 0.00153535 0.00315347 0.00885527 -0.00130848 0.000934447 -0.000156466 -0.0138141 0.00214621 0.00680198 0.0255503 0.00455345 7.14105e-05
internal_weight=57198 31047 26620 26151 2633 2094 334 260 159 120 23987 23757 16812 6945 2362 1519 411 308 14450 3913 787 20915 10537 5545 91 4992 663 71 592 5454
internal_count=57198 31047 26620 26151 2633 2094 334 260 159 120 23987 23757 16812 6945 2362 1519 411 308 14450 3913 787 20915 10537 5545 91 4992 663 71 592 5454
is_linear=0
shrinkage=0.05


Tree=70
num_leaves=31
num_cat=0
split_feature=5 5 6 6 0 11 3 4 4 2 3 4 0 1 2 4 4 4 0 5 1 4 0 0 8 0 5 4 4 3
split_gain=12.7707 12.1475 8.3135 7.35741 6.51164 10.0993 12.4831 19.9336 36.1326 5.59021 5.15874 5.68692 5.8195 4.99181 4.54361 4.39796 10.6629 8.41802 6.90834 6.97854 8.64816 7.01187 5.71467 11.1993 6.03858 5.86845 10.8967 22.4019 47.7888 28.1719
threshold=-0.18547950913925723 1.4779829372212656 -1.0557360505944642 1.1185040474979022 -0.3182857931483965 -0.7500292558394458 0.019279446282800355 -0.20576765355688617 -0.29747462147161352 -1.9672679338424122 0.090189930100993895 1.2615438330787541 -0.78664977391242574 0.51386793794863117 -0.85503953990599868 0.71130202559038891 0.18398696008070553 1.1698368651640265 -0.47331132081955035 1.4312047935437753 0.59849697637983956 0.34447415393147868 0.76701006881243816 0.99954702019062769 0.74730582097220966 1.1132669512946023 1.1904917396839851 -0.18284091157820473 -0.29747462147161352 2.0160152888604972
decision_type=2 2 2 2 2 2 2 2 2 2 2 2 2 2 2 2 2 2 2 2 2 2 2 2 2 2 2 2 2 2
left_child=3 2 4 9 5 6 -2 8 13 -1 -7 -12 -13 -8 -6 16 22 -17 -18 -20 -21 -22 -4 24 -24 -25 -27 28 -28 -30
right_child=1 -3 15 -5 14 10 7 -9 -10 -11 11 12 -14 -15 -16 17 18 -19 19 20 21 -23 23 25 -26 26 27 -29 29 -31
leaf_value=-0.0096056663778097354 -0.0015211280762957927 -0.0017105680373020763 0.00075107324413993407 0.00086116160828377485 0.020591616601144017 -0.0022853968267219841 -0.00015660025179386138 -0.0011651975543951088 -0.091127570803192531 -0.001123063215240142 0.0004406583170729738 0.0240954413017655 -0.0054182538519734931 -0.027260921656523114 0.00246056243102769 -0.0026025073110059749 0.0013481142426363271 0.0014134129052799892 0.0060739329144442883 0.04703281755686145 -0.008262352194588889 0.021167363165252247 0.0003101303457921912 -0.0061437095867265135 0.011062664048643667 0.0011256447009836154 0.0091458331686498102 -0.0053399014407392205 0.1116204781830311 0.028703106735788644
leaf_weight=196 202 4427 10455 5412 38 1459 25 81 22 21472 194 61 23 53 381 1782 813 4874 1341 22 29 67 170 222 563 2463 174 136 20 21
leaf_count=196 202 4427 10455 5412 38 1459 25 81 22 21472 194 61 23 53 381 1782 813 4874 1341 22 29 67 170 222 563 2463 174 136 20 21
internal_value=7.36163e-13 0.000708431 0.00112527 -0.000787907 -0.00159076 -0.00271646 -0.0100658 -0.0196018 -0.0345355 -0.00119979 -0.00109597 0.00514637 0.0160143 -0.0185736 0.00410491 0.00142312 0.00186087 0.000338237 0.00504159 0.00709971 0.018757 0.0122771 0.00135281 0.00302199 0.0085689 0.00168277 0.00230021 0.0105422 0.0205886 0.0691506
internal_weight=57198 30118 25691 27080 2539 2120 383 181 100 21668 1737 278 84 78 419 23152 16496 6656 2272 1459 118 96 14224 3769 733 3036 2814 351 215 41
internal_count=57198 30118 25691 27080 2539 2120 383 181 100 21668 1737 278 84 78 419 23152 16496 6656 2272 1459 118 96 14224 3769 733 3036 2814 351 215 41
is_linear=0
shrinkage=0.05


Tree=71
num_leaves=31
num_cat=0
split_feature=5 5 6 8 4 6 0 4 5 5 4 7 6 0 11 2 0 3 2 2 7 4 2 0 6 1 5 6 6 3
split_gain=11.5312 10.7042 7.73111 7.15868 10.5573 13.9896 15.7641 9.90717 8.75223 7.41483 7.08878 25.192 9.67634 6.2386 9.75312 12.4368 11.2336 13.5609 11.1252 5.93462 5.6327 5.35237 5.21958 5.07544 21.5135 11.4525 11.5256 10.7277 8.12897 5.04209
threshold=-0.24956724947920125 1.4779829372212656 -1.0557360505944642 -0.25919494664649734 -1.2833245265549345 -0.88889511337147242 -0.70412592298491539 0.18398696008070553 -0.84497093191591066 -0.61993599915366004 -1.2833245265549345 -0.74807555454224595 0.31220406105026438 -0.37381750547000286 -0.7500292558394458 -0.5697166753376709 -0.61810120909110167 0.058886353907459811 0.070198012199112564 -1.0019471380345295 -0.17418860646293408 -1.4667384623843895 -0.58861415469348921 -1.3768667146945477 0.046773696581961052 -0.30926273914449637 1.386347522532285 -0.88889511337147242 -0.88889511337147242 0.090189930100993895
decision_type=2 2 2 2 2 2 2 2 2 2 2 2 2 2 2 2 2 2 2 2 2 2 2 2 2 2 2 2 2 2
left_child=3 2 13 4 5 6 -1 9 -9 -6 11 21 22 14 15 -2 17 -17 -19 -4 -12 -5 -13 24 25 26 27 -21 -27 -16
right_child=1 -3 19 10 7 -7 -8 8 -10 -11 20 12 -14 -15 29 16 -18 18 -20 23 -22 -23 -24 -25 -26 28 -28 -29 -30 -31
leaf_value=0.00071687297824757628 0.007475492883335196 -0.0016250396368208575 -0.0066805384421288333 0.011608977243102669 -0.0033350919606401006 -0.0013298194773748643 0.024036888484383973 -0.0026114861271326131 0.0027101052802083266 -0.0089269748494774231 -0.00047265498982369445 -0.0054909967032128609 -0.0016046744282593511 0.0032554240320485858 -0.002449074930895254 -0.010293530564755203 -0.0074736531149543267 -0.071707152388989934 -0.024920456790951669 0.0061256606293761222 0.001587581101400444 0.001819574838934899 -0.013441329141858674 0.001205312625257177 0.026293217179645757 0.0034350980030182763 0.0053393966478693803 0.053441796250641355 -0.0077308063794472373 0.0048890478565894058
leaf_weight=148 74 4427 230 231 2933 576 142 2163 1202 743 11603 360 567 539 1482 50 159 24 27 23 4646 353 484 22333 103 326 621 25 326 278
leaf_count=148 74 4427 230 231 2933 576 142 2163 1202 743 11603 360 567 539 1482 50 159 24 27 23 4646 353 484 22333 103 326 621 25 326 278
internal_value=-3.80519e-12 0.000651556 0.00103016 -0.00077354 -0.00203014 0.0031794 0.0121356 -0.00267088 -0.000710579 -0.00446533 -0.000228927 -0.00304172 -0.00665642 -0.00154171 -0.0027765 -0.0106097 -0.015757 -0.028797 -0.0469377 0.00131247 0.000116419 0.00569175 -0.0100502 0.00138985 0.00428406 0.00256798 0.00716398 0.0307695 -0.00214785 -0.00128999
internal_weight=57198 31047 26620 26151 7907 866 290 7041 3365 3676 18244 1995 1411 2633 2094 334 260 101 51 23987 16249 584 844 23757 1424 1321 669 48 652 1760
internal_count=57198 31047 26620 26151 7907 866 290 7041 3365 3676 18244 1995 1411 2633 2094 334 260 101 51 23987 16249 584 844 23757 1424 1321 669 48 652 1760
is_linear=0
shrinkage=0.05


Tree=72
num_leaves=31
num_cat=0
split_feature=1 0 5 3 2 3 0 2 4 1 8 0 9 0 0 1 0 6 4 5 11 4 6 5 0 0 12 4 4 4
split_gain=10.452 6.29919 6.46524 7.07899 5.22267 4.74505 6.18603 4.73261 7.46644 5.46321 5.6591 6.75703 4.55655 5.0279 4.52732 9.29251 11.3803 14.095 5.55724 8.05271 10.4969 4.17307 7.32616 6.3867 12.1265 36.8872 10.9148 10.9202 9.90135 7.75169
threshold=1.1389860958439442 0.43202768883440962 -1.2825390773626912 -0.078141257580798471 0.22725859679759042 -1.7152345853068274 -0.80152611022553211 -0.34837271405139741 -1.1457640746828435 -0.79334267529136804 -0.25919494664649734 -1.202187720976764 -1.5490644330984626 2.0936190745863663 -0.44379649577730129 1.5194418328293251 -1.4024432921654559 0.046773696581961052 1.0000000180025095e-35 1.386347522532285 1.4457311165250033 -0.068207201684795479 1.7136308150948316 1.2291569272765577 1.1449233396486802 1.2711646930971334 -0.69978104715131473 -0.48088855730106883 -0.34332810542897768 -1.3291780105122986
decision_type=2 2 2 2 2 2 2 2 2 2 2 2 2 2 2 2 2 2 2 2 2 2 2 2 2 2 2 2 2 2
left_child=1 2 3 7 -5 6 -4 9 -9 -1 11 -11 13 -3 15 -2 17 -17 19 20 21 23 -23 -16 -25 -26 -27 29 -29 -28
right_child=14 12 5 4 -6 -7 -8 8 -10 10 -12 -13 -14 -15 18 16 -18 -19 -20 -21 -22 22 -24 24 25 26 27 28 -30 -31
leaf_value=-0.0012511151826158752 0.0035782225966004416 0.0055668103453170919 -0.0003781145100992418 -0.0075966168370283794 -0.029933776166932338 -0.00025501707663648786 -0.01222117080753833 -0.020299353733144957 0.0062574334575263672 -0.040046825168887155 -0.0044660335030646007 -0.0077523428091966634 0.00043140306899438412 -0.0055909480800217922 0.00071498397528854912 -0.0078621593321743909 -0.012061519220453169 0.030455337825696916 0.0041129351861494412 -0.013216181121977796 0.031358261900986062 -0.0019234578297233813 -0.030436975446840125 -0.001741684408514363 0.081325798910111199 -0.018545752709153398 0.017634107537257176 0.059431119486689568 0.016160210974227925 -0.019294522750984741
leaf_weight=3140 421 779 259 268 29 31754 192 29 303 25 908 46 12903 116 2448 60 294 40 2573 97 29 136 27 157 20 29 30 20 39 27
leaf_count=3140 421 779 259 268 29 31754 192 29 303 25 908 46 12903 116 2448 60 294 40 2573 97 29 136 27 157 20 29 30 20 39 27
internal_value=2.48614e-13 -0.0002409 -0.000581287 -0.00230373 -0.00977769 -0.000327347 -0.00541995 -0.00180501 0.00393771 -0.00226789 -0.00552905 -0.0191236 0.000670705 0.00412067 0.00189637 -0.00158671 -0.00710559 0.00746484 0.0024004 0.000959954 0.0014242 0.00112822 -0.00664656 0.00158573 0.00820555 0.0176705 0.00889045 0.0157495 0.0308283 0.000141598
internal_weight=57198 50751 36953 4748 297 32205 451 4451 332 4119 979 71 13798 895 6447 815 394 100 5632 3059 2962 2933 163 2770 322 165 145 116 59 57
internal_count=57198 50751 36953 4748 297 32205 451 4451 332 4119 979 71 13798 895 6447 815 394 100 5632 3059 2962 2933 163 2770 322 165 145 116 59 57
is_linear=0
shrinkage=0.05


Tree=73
num_leaves=31
num_cat=0
split_feature=5 5 6 8 0 0 5 3 1 0 0 11 3 0 2 2 1 2 3 11 1 5 3 2 0 6 1 5 6 6
split_gain=9.76695 9.61178 6.55991 6.01726 5.3706 7.13913 7.28825 11.4859 6.42981 6.31731 5.34337 8.29948 10.2982 16.2962 5.06159 4.88957 4.4739 4.10713 4.09522 4.12781 6.9565 5.4025 4.61524 5.6828 4.09408 18.7676 8.94654 11.0822 9.68172 7.37601
threshold=-0.18547950913925723 1.4779829372212656 -1.0557360505944642 -0.25919494664649734 -1.1019880528623449 -0.28813778028575032 -0.84497093191591066 -1.1032136304718017 -0.77694695667155833 -0.35234543108220923 -0.3182857931483965 -0.7500292558394458 0.019279446282800355 -0.61810120909110167 -0.58861415469348921 -0.024872320707465572 0.81287188115710862 -0.85503953990599868 -1.9160917397235644 -0.7500292558394458 -1.1820538603903386 -1.0895966433921274 -0.35006378606788385 0.053449155891823953 -1.3768667146945477 0.046773696581961052 -0.30926273914449637 1.386347522532285 -0.88889511337147242 -0.88889511337147242
decision_type=2 2 2 2 2 2 2 2 2 2 2 2 2 2 2 2 2 2 2 2 2 2 2 2 2 2 2 2 2 2
left_child=3 2 10 4 8 6 18 9 -1 -8 11 12 -2 15 -10 -14 -13 -12 -6 20 21 -20 -21 -24 25 26 27 28 -4 -28
right_child=1 -3 24 -5 5 -7 7 -9 14 -11 17 16 13 -15 -16 -17 -18 -19 19 22 -22 -23 23 -25 -26 -27 29 -29 -30 -31
leaf_value=-0.0042270366260364796 -0.0013434392471836955 -0.0015322224993791556 0.0058321284778092217 -0.00019828329357305199 -0.0095176648819714493 -0.0028231835610191651 0.020720445979061291 0.0011500506529934667 -0.036677331594650503 0.0026454933149119217 0.01941201566277366 -0.0016001932936332867 -0.054297584911378531 -0.0062641636430175581 -0.006336053094343732 -0.026579429281920919 0.0092938375468365857 0.0021738220748566141 0.0067730519395862599 -0.00023839619995258442 -0.0023354614670191855 0.036431252477424486 -0.0097726632438252647 0.0098714552955095503 0.0010799073372905743 0.024378242699465563 0.0033033985629937744 0.0044053203654121423 0.050782458603382111 -0.0073328153148830583
leaf_weight=1009 202 4427 23 18890 138 3761 136 782 28 75 38 1637 26 114 27 41 100 381 34 1796 77 28 256 43 21652 103 326 697 25 326
leaf_count=1009 202 4427 23 18890 138 3761 136 782 28 75 38 1637 26 114 27 41 100 381 34 1796 77 28 256 43 21652 103 326 697 25 326
internal_value=3.8377e-13 0.000619541 0.000990327 -0.000689045 -0.00182097 -0.00132622 0.000346905 0.00394334 -0.00513451 0.0142957 -0.00142231 -0.00244204 -0.00910439 -0.0177658 -0.0217825 -0.0373357 -0.000973018 0.00373719 -0.00115868 -0.000642328 0.00770164 0.0201671 -0.00119594 -0.00694759 0.00125491 0.00378105 0.00226243 0.00600565 0.0292438 -0.00201471
internal_weight=57198 30118 25691 27080 8190 7126 3365 993 1064 211 2539 2120 383 181 55 67 1737 419 2372 2234 139 62 2095 299 23152 1500 1397 745 48 652
internal_count=57198 30118 25691 27080 8190 7126 3365 993 1064 211 2539 2120 383 181 55 67 1737 419 2372 2234 139 62 2095 299 23152 1500 1397 745 48 652
is_linear=0
shrinkage=0.05


Tree=74
num_leaves=31
num_cat=0
split_feature=1 0 5 3 7 2 2 0 1 0 6 0 3 0 9 0 0 7 2 3 3 5 3 0 3 3 3 3 3 2
split_gain=8.84477 5.48661 5.43567 6.41186 5.14583 5.29705 4.73671 4.20847 8.54386 9.82492 11.851 4.26467 3.99942 5.49666 3.99767 4.53768 3.69109 6.75081 12.7402 11.4364 6.26797 5.07241 4.74581 4.9101 4.56517 4.3453 9.49498 3.66475 4.5492 3.59967
threshold=1.1389860958439442 0.43202768883440962 -1.2825390773626912 -0.078141257580798471 0.50726550913191959 -1.4173852910024787 0.22725859679759042 -0.44379649577730129 1.5194418328293251 -1.4024432921654559 0.046773696581961052 2.4700175506702986 -1.7152345853068274 -0.80152611022553211 -1.5490644330984626 2.0936190745863663 0.035253852697791459 -0.67566290470831769 1.0166605730263127 2.8180227285006008 4.0338895687215937 1.3599459555339253 4.0338895687215937 0.63639948041121164 1.0907270677046579 0.87136745916807712 1.3470610015778208 -1.1785584707595622 -1.0906245753639705 -0.34837271405139741
decision_type=2 2 2 2 2 2 2 2 2 2 2 2 2 2 2 2 2 2 2 2 2 2 2 2 2 2 2 2 2 2
left_child=1 2 3 4 29 -6 -5 8 -2 10 -10 16 13 -4 15 -3 17 18 24 -19 -21 -18 23 -23 -9 -20 -27 -7 -29 -1
right_child=7 14 12 6 5 27 -8 11 9 -11 -12 -13 -14 -15 -16 -17 21 19 25 20 -22 22 -24 -25 -26 26 -28 28 -30 -31
leaf_value=-0.0014740876774411394 0.0033387981608133501 0.0052344744705513039 -0.0002292194200486833 -0.0071545816161830526 0.002691212604753673 -0.0055887524773257057 -0.028427173222961101 0.022264047375433527 -0.0074214967922307563 -0.011510425738978033 0.02771365821528889 -0.010705542777265821 -0.00024003122462296122 -0.011392896952505302 0.00040502708115142474 -0.0053653960166386624 0.0021253076578963666 0.00051619231965742071 -0.0061272569847667978 0.038092051356833322 0.0045099215582013134 -0.0041762786910446246 0.016204750612378121 -0.024474393153881155 0.050611223764717585 0.039613654367301777 0.0044469624978554405 -0.027347699313451393 -0.0086942796856006189 0.0040514120963098177
leaf_weight=3605 421 779 259 268 125 260 29 49 60 294 40 63 31754 192 12903 116 4477 600 57 33 24 109 20 41 20 23 116 52 88 321
leaf_count=3605 421 779 259 268 125 260 29 49 60 294 40 63 31754 192 12903 116 4477 600 57 33 24 109 20 41 20 23 116 52 88 321
internal_value=-8.27585e-13 -0.000221605 -0.00053928 -0.00211863 -0.001644 -0.00629305 -0.0092317 0.00174448 -0.00161371 -0.00690561 0.00663257 0.00223044 -0.000306436 -0.00498183 0.000629173 0.00386064 0.00237678 0.00526666 0.0120033 0.00254945 0.0239522 0.00180341 -0.00667394 -0.00972443 0.0304806 0.00549851 0.0102659 -0.00910063 -0.0156227 -0.00102231
internal_weight=57198 50751 36953 4748 4451 525 297 6447 815 394 100 5632 32205 451 13798 895 5569 922 265 657 57 4647 170 150 69 196 139 400 140 3926
internal_count=57198 50751 36953 4748 4451 525 297 6447 815 394 100 5632 32205 451 13798 895 5569 922 265 657 57 4647 170 150 69 196 139 400 140 3926
is_linear=0
shrinkage=0.05


Tree=75
num_leaves=31
num_cat=0
split_feature=5 5 6 6 0 11 2 4 4 1 1 4 2 1 4 4 4 0 5 8 1 0 0 0 8 0 5 4 4 1
split_gain=8.24007 8.42538 5.7368 5.28742 4.8426 8.06356 11.0504 10.4924 23.0087 5.36745 4.2565 6.42194 4.24755 4.12895 3.96038 9.4841 7.27781 5.72251 6.23307 12.1545 6.91431 5.28865 4.79039 10.1961 5.51018 5.25079 8.96181 19.2406 42.0247 16.0013
threshold=-0.18547950913925723 1.4779829372212656 -1.0557360505944642 1.1185040474979022 -0.37381750547000286 -0.7500292558394458 -0.5697166753376709 -0.20576765355688617 -0.29747462147161352 0.56968036991039239 -0.3910926404215464 -1.5125919463417536 -1.5899400149756182 0.88802989636155094 0.71130202559038891 0.18398696008070553 1.1698368651640265 -0.47331132081955035 1.0142561076130823 1.0816417019878375 0.59849697637983956 2.1320600998353485 0.76701006881243816 0.99954702019062769 0.74730582097220966 1.1132669512946023 1.1904917396839851 -0.18284091157820473 -0.29747462147161352 2.5768581610772556
decision_type=2 2 2 2 2 2 2 2 2 2 2 2 2 2 2 2 2 2 2 2 2 2 2 2 2 2 2 2 2 2
left_child=3 2 4 12 5 6 -2 8 9 -8 11 -5 -1 -7 15 22 -16 -17 -19 20 -20 -18 -4 24 -24 -25 -27 28 -28 -30
right_child=1 -3 14 10 -6 13 7 -9 -10 -11 -12 -13 -14 -15 16 17 21 18 19 -21 -22 -23 23 25 -26 26 27 -29 29 -31
leaf_value=-0.0051161754144213901 0.0075098046737194467 -0.001445535966047946 0.00054895185923273791 0.023238686670829806 0.0030048096127387684 -0.0015757205656962354 -0.0014931471153561558 -0.0017868502283385854 -0.055758671545519091 -0.022668813907524996 -2.4553377794451708e-05 0.002638572461065131 -0.00086352460042199387 0.010275203592518902 -0.0026002057237848476 0.0012172201950523798 0.0013032116383133133 0.0044053498667372386 0.035346397265846673 -0.0228571915300563 0.011737639186527878 -0.014882854196955175 3.1618686283335968e-05 -0.0060528632944083626 0.010302935217463347 0.00086914581007749108 0.0079889362760225385 -0.0053100464951164805 0.096266085207462326 0.033775516402065046
leaf_weight=604 74 4427 10455 39 512 1616 63 101 39 57 4109 1264 21064 77 1782 813 4823 1048 34 24 353 51 170 222 563 2463 174 136 20 21
leaf_count=604 74 4427 10455 39 512 1616 63 101 39 57 4109 1264 21064 77 1782 813 4823 1048 34 24 353 51 170 222 563 2463 174 136 20 21
internal_value=1.23013e-12 0.000569058 0.000916207 -0.000632898 -0.00133999 -0.00243744 -0.0095375 -0.0143894 -0.0223948 -0.0115516 0.000765073 0.00325515 -0.000982068 -0.00103672 0.00116364 0.00157903 0.000134134 0.00457878 0.00645195 0.0116705 0.0138118 0.00113385 0.00109988 0.00262813 0.00792077 0.00135029 0.00193434 0.00940888 0.0187195 0.0642587
internal_weight=57198 30118 25691 27080 2539 2027 334 260 159 120 5412 1303 21668 1693 23152 16496 6656 2272 1459 411 387 4874 14224 3769 733 3036 2814 351 215 41
internal_count=57198 30118 25691 27080 2539 2027 334 260 159 120 5412 1303 21668 1693 23152 16496 6656 2272 1459 411 387 4874 14224 3769 733 3036 2814 351 215 41
is_linear=0
shrinkage=0.05


Tree=76
num_leaves=31
num_cat=0
split_feature=5 5 6 2 8 4 6 0 4 5 5 4 12 12 4 4 5 1 4 5 4 0 2 5 6 0 3 4 0 2
split_gain=7.45893 7.4344 5.38929 5.20686 5.1353 9.2096 12.3269 13.1375 8.4384 7.8903 7.62572 6.39417 25.2178 5.32621 13.7924 8.27647 6.52489 10.9097 14.7247 13.1015 10.7636 9.8895 9.45844 7.52306 7.34362 6.08611 5.72648 5.48225 6.20334 5.47146
threshold=-0.24956724947920125 1.4779829372212656 -1.0557360505944642 -1.0019471380345295 -0.25919494664649734 -1.2833245265549345 -0.88889511337147242 -0.70412592298491539 0.16106021810202364 -0.61993599915366004 -0.84497093191591066 -1.2833245265549345 1.0000000180025095e-35 -0.69978104715131473 1.5595914788016185 1.5595914788016185 -1.1735669212629918 -0.72231804241077835 -0.61844900917316037 -0.79085023738312954 -0.13698742762084057 0.49050953768559774 -0.44541620993183795 -0.43848646996953172 1.7136308150948316 -0.59646414449833429 -0.44079665142878927 -0.93942339687470655 0.79024895926192718 -0.7100566864432597
decision_type=2 2 2 2 2 2 2 2 2 2 2 2 2 2 2 2 2 2 2 2 2 2 2 2 2 2 2 2 2 2
left_child=4 2 -2 -4 5 6 7 -1 9 -7 -10 12 -6 14 16 -15 20 24 19 21 -13 -19 -22 27 25 -18 -20 28 -21 -28
right_child=1 -3 3 -5 11 8 -8 -9 10 -11 -12 13 -14 15 -16 -17 17 18 26 23 22 -23 -24 -25 -26 -27 29 -29 -30 -31
leaf_value=0.0011622872221680057 -0.0013077563931104645 -0.0013732591744805942 -0.0064116398989268499 0.001147738845099273 0.0019814830963227718 -0.0027953704194574008 -0.0010535394971384448 0.022451007890213336 -0.0022685593177076773 -0.008616179093272669 0.0026543798310823472 -5.3626193830308349e-05 -0.009397057313193409 0.0013388296473121127 0.0076269555581523337 -0.00478058799768806 0.012965366276406903 -0.015905080079982006 -0.0032535277614157612 0.0022109858160004464 -0.0043031305429786192 0.0044770880263250113 -0.014593898733092879 -0.0041155788828994002 0.026463304956754048 0.00089659206713842577 0.01339795271751984 -0.022144264737920215 -0.017410841288441555 0.0012970766279821221
leaf_weight=148 2633 4427 230 23757 1151 2891 576 142 2195 729 1226 1066 844 8703 446 590 152 74 740 67 841 304 304 211 42 334 98 180 101 1996
leaf_count=148 2633 4427 230 23757 1151 2891 576 142 2195 729 1226 1066 844 8703 446 590 152 74 740 67 841 304 304 211 42 334 98 180 101 1996
internal_value=-4.31371e-13 0.000524025 0.00083955 0.00107526 -0.000622134 -0.00168643 0.00317924 0.0115864 -0.00228488 -0.00396757 -0.000504302 -0.000160864 -0.0028323 0.000167125 -0.000879193 0.000950316 -0.00146195 -0.000326738 -0.00126924 -0.00670294 -0.00366922 0.000486928 -0.00703535 -0.0115648 0.00640465 0.00467119 0.000527295 -0.0160814 -0.00958547 0.0018634
internal_weight=57198 31047 26620 23987 26151 7907 866 290 7041 3620 3421 18244 1995 16249 6956 9293 6510 4299 3771 937 2211 378 1145 559 528 486 2834 348 168 2094
internal_count=57198 31047 26620 23987 26151 7907 866 290 7041 3620 3421 18244 1995 16249 6956 9293 6510 4299 3771 937 2211 378 1145 559 528 486 2834 348 168 2094
is_linear=0
shrinkage=0.05


Tree=77
num_leaves=31
num_cat=0
split_feature=0 5 4 4 0 4 3 0 4 0 0 0 0 4 0 5 4 5 0 3 5 8 0 4 3 9 7 2 11 5
split_gain=6.811 5.14505 9.91201 11.2252 19.9824 24.2505 29.8875 6.05002 9.55905 6.33001 7.91814 5.3711 10.4008 9.01936 8.75784 10.0215 11.0159 8.41996 5.32671 5.11275 4.64774 6.22962 5.47473 5.28863 6.67899 8.32802 9.05496 11.357 7.68344 7.42091
threshold=0.81365309454649604 0.57739941913764026 -1.0540571067681157 -0.13698742762084057 1.2711646930971334 -0.29747462147161352 1.5767137871784713 2.1320600998353485 1.0000000180025095e-35 1.768166426889292 1.6437776611856465 1.6887697751547579 1.768166426889292 -0.228694395535568 1.4432099063444663 0.9652358749025497 -0.25162113751425025 1.2655051286133518 1.2079298665622893 1.9298277118313358 -1.0895966433921274 -1.7049705869141294 -0.80152611022553211 -0.091133943663477338 -0.30704097871923247 1.0000000180025095e-35 -0.9109402413522435 -0.16448273647627729 -0.7500292558394458 0.9652358749025497
decision_type=2 2 2 2 2 2 2 2 2 2 2 2 2 2 2 2 2 2 2 2 2 2 2 2 2 2 2 2 2 2
left_child=20 -2 18 4 5 -4 -7 8 9 10 -5 14 -13 -14 19 -16 17 -17 -3 -6 21 22 -1 -22 -25 -26 29 28 -28 -27
right_child=1 2 3 7 11 6 -8 -9 -10 -11 -12 12 13 -15 15 16 -18 -19 -20 -21 23 -23 -24 24 25 26 27 -29 -30 -31
leaf_value=-0.0021697292127587698 0.00054068727647598152 -0.011745007780735338 0.011313253838779664 -0.0076877585205308227 0.0029589590377079068 0.025307704646920049 0.099291325509548195 0.021268143308790108 0.0033499775285408687 0.003971730634636645 -0.034673068496502112 -0.027883692999039929 -0.00069301381327309896 0.030706388403016788 0.0059321911176666619 0.053259463302600077 -0.0015090441898159359 0.015618801776630185 -7.0166136034437857e-05 -0.02398994266986847 -0.00062355071183270439 -0.00077202284275935452 -0.0093548589988265828 -0.00071376800592021098 0.00017684652551982666 0.017975575453156877 0.0072433752977773512 0.0038677715504027116 -0.0030314854297242935 0.0052864781412426129
leaf_weight=764 8735 126 137 111 88 43 20 38 853 70 36 31 190 26 125 39 23 24 435 22 17843 8516 406 6461 7070 157 213 2915 1248 433
leaf_count=764 8735 126 137 111 88 43 20 38 853 70 36 31 190 26 125 39 23 24 435 22 17843 8516 406 6461 7070 157 213 2915 1248 433
internal_value=-7.18819e-13 0.00110744 0.00313888 0.00488264 0.00952821 0.0231199 0.0487946 0.00166261 0.000966337 -0.00840346 -0.0142964 0.00474242 -0.000800409 0.00308654 0.00900746 0.0149706 0.0281077 0.0389202 -0.00269232 -0.00243082 -0.000268812 -0.00124203 -0.00466303 -9.41266e-06 0.000583011 0.00127913 0.00284843 0.00206447 -0.00153351 0.00866307
internal_weight=57198 11172 2437 1876 768 200 63 1108 1070 217 147 568 247 216 321 211 86 63 561 110 46026 9686 1170 36340 18497 12036 4966 4376 1461 590
internal_count=57198 11172 2437 1876 768 200 63 1108 1070 217 147 568 247 216 321 211 86 63 561 110 46026 9686 1170 36340 18497 12036 4966 4376 1461 590
is_linear=0
shrinkage=0.05


Tree=78
num_leaves=31
num_cat=0
split_feature=5 5 6 2 6 5 1 4 2 4 4 4 8 5 6 1 1 7 5 5 6 3 8 4 2 2 5 6 5 4
split_gain=6.3104 6.48091 4.49205 4.34413 4.25101 3.91701 3.86726 5.75325 3.8081 3.7203 8.33694 6.45935 5.37893 6.79671 13.3792 4.34648 7.50483 4.12104 4.96773 14.904 10.7829 6.33212 6.25848 6.16095 4.22409 4.06725 3.96668 10.9259 7.79565 5.86572
threshold=-0.18547950913925723 1.4779829372212656 -1.0557360505944642 -1.2434798852983919 1.1185040474979022 0.39311345010046078 -0.3910926404215464 -1.5125919463417536 0.52911036797756295 0.71130202559038891 0.41325437986752434 1.1698368651640265 -0.25919494664649734 1.4495693291702281 1.7136308150948316 2.1514073801717424 1.5975434230365171 0.50726550913191959 0.9652358749025497 1.0613819277844458 1.0000000180025095e-35 1.5767137871784713 0.38174988366425283 1.5137379948442546 -0.10127248719868935 -0.22491587391728121 0.073269764555773567 -0.88889511337147242 0.33010122217555887 -1.008203622810752
decision_type=2 2 2 2 2 2 2 2 2 2 2 2 2 2 2 2 2 2 2 2 2 2 2 2 2 2 2 2 2 2
left_child=4 2 3 -2 -1 -5 7 -6 -3 10 26 -11 15 -14 25 16 -12 18 24 20 -20 -21 -22 -24 -13 -15 27 29 -28 -4
right_child=1 8 9 5 6 -7 -8 -9 -10 11 12 17 13 14 -16 -17 -18 -19 19 21 22 -23 23 -25 -26 -27 28 -29 -30 -31
leaf_value=-0.00086693998136664957 0.0099868666253487837 -0.0011519101431567635 -0.011249147438041004 0.0012986805854057145 0.021987669202140892 -0.0029638701532764137 -5.301827894585702e-05 0.0024895386180876907 -0.019649823196232319 -0.0025524126739929192 0.00017561017314839209 0.0069166607931879995 0.0055251886921999002 -0.0051055699086081686 0.055425081029534341 -0.017687105094980022 0.024567352262709074 -0.0017824831898687853 0.0040986184434624413 0.0030588236004956007 0.016136031364282918 -0.010524080167871286 0.054310063471396768 0.019474447340789167 -0.00020570114783446968 0.016751381738904458 -0.0022531780175454722 0.0053703829552078164 0.0012580796301345073 0.00099881907618577662
leaf_weight=21668 84 4399 164 799 39 1656 4109 1264 28 1782 435 229 859 29 20 30 34 1066 97 984 63 94 30 22 2289 80 1836 1396 11371 242
leaf_count=21668 84 4399 164 799 39 1656 4109 1264 28 1782 435 229 859 29 20 30 34 1066 97 984 63 94 30 22 2289 80 1836 1396 11371 242
internal_value=-1.7504e-12 0.000497988 0.000802455 -0.00119402 -0.000553856 -0.00157659 0.000699639 0.00307314 -0.00126891 0.0010214 0.00142401 2.35928e-05 0.00499513 0.00713228 0.0178337 0.000763662 0.00194388 0.000965415 0.00173465 0.00425775 0.0163768 0.00187441 0.0267331 0.0395719 0.000442043 0.0109362 0.0010702 0.00327076 0.000769954 -0.00394864
internal_weight=57198 30118 25691 2539 27080 2455 5412 1303 4427 23152 16496 6656 1487 988 129 499 469 4874 3808 1290 212 1078 115 52 2518 109 15009 1802 13207 406
internal_count=57198 30118 25691 2539 27080 2455 5412 1303 4427 23152 16496 6656 1487 988 129 499 469 4874 3808 1290 212 1078 115 52 2518 109 15009 1802 13207 406
is_linear=0
shrinkage=0.05


Tree=79
num_leaves=31
num_cat=0
split_feature=0 1 1 2 2 0 0 1 3 0 1 4 9 8 3 1 1 0 2 3 3 4 3 9 4 3 2 9 9 7
split_gain=5.85368 4.3103 3.90947 4.36788 3.68573 3.58289 3.24114 6.94583 6.24648 6.16176 3.98436 3.91505 3.70048 7.75109 4.95571 11.306 5.30979 5.57136 3.75385 3.34887 3.33511 4.38854 3.11492 3.31055 2.95066 4.6205 5.77993 5.59611 4.92846 11.315
threshold=0.81365309454649604 3.5767933308216593 -0.76707600263752618 -0.90372535399652321 -0.74745576006326042 2.4700175506702986 0.60024155443359561 4.5432521720492414 1.5369806572815394 0.44823345040270363 2.8232239291283161 -0.96235013885338849 0.44996648843881543 0.74730582097220966 1.2593885293927383 2.0145094811775759 1.5975434230365171 0.53165644211467633 0.6183313564187537 -0.39558823761521555 0.72387548690827463 -0.20576765355688617 -1.7152345853068274 0.84977267274627111 0.32154741195279685 -0.30704097871923247 0.54409918236884047 -0.24969433409923195 1.0000000180025095e-35 -0.67566290470831769
decision_type=2 2 2 2 2 2 2 2 2 2 2 2 2 2 2 2 2 2 2 2 2 2 2 2 2 2 2 2 2 2
left_child=6 2 4 -4 -2 -5 7 9 10 22 11 19 14 -14 -11 16 18 -18 -16 -8 -15 -22 23 -1 -24 26 27 -26 -27 -30
right_child=1 -3 3 5 -6 -7 8 -9 -10 12 -12 -13 13 20 15 -17 17 -19 -20 -21 21 -23 24 -25 25 28 -28 -29 29 -31
leaf_value=-0.0071989246061698103 0.014393711711769714 0.0069695190005419896 -0.010270635977008426 0.00096684733093125002 -0.0049509218237786135 -0.0064810393078582043 -0.0049089601640367794 0.017000005665724561 -0.0086521500592984368 0.0022077910086469445 0.021154181431047622 -0.0020713181417560084 0.0012961082895825123 -0.0045477681707012949 0.025709656625986101 -0.010303780394938908 0.016541048648153863 0.048210813034148446 0.0055068481480702765 0.006613202667919359 -0.039159420132637027 -0.011010251295649344 -0.00063958391947122105 -0.00087266897304158529 0.0015698315348623459 0.0001057066708646423 -0.022888815871857364 -0.0013460645614889622 0.007044545265133895 0.00062132318008982848
leaf_weight=334 97 297 89 10492 33 164 84 59 306 1979 20 2064 776 83 29 56 41 21 111 253 20 45 22662 543 2288 5148 29 5859 991 2225
leaf_count=334 97 297 89 10492 33 164 84 59 306 1979 20 2064 776 83 29 56 41 21 111 253 20 45 22662 543 2288 5148 29 5859 991 2225
internal_value=-7.03794e-12 0.00102667 0.000864367 0.000760092 0.00948315 0.000852221 -0.000249206 -0.000143908 -0.00192112 -0.0001673 -0.00107035 -0.00125548 0.00195803 -0.000703825 0.00305751 0.00957534 0.0150864 0.0272679 0.00969172 0.00374121 -0.01119 -0.0196715 -0.000334923 -0.00328198 -0.000268993 0.000238765 -0.000606482 -0.000527166 0.00106501 0.00260062
internal_weight=57198 11172 10875 10745 130 10656 46026 43299 2727 43240 2421 2401 3161 924 2237 258 202 62 140 337 148 65 40079 877 39202 16540 8176 8147 8364 3216
internal_count=57198 11172 10875 10745 130 10656 46026 43299 2727 43240 2421 2401 3161 924 2237 258 202 62 140 337 148 65 40079 877 39202 16540 8176 8147 8364 3216
is_linear=0
shrinkage=0.05


Tree=80
num_leaves=31
num_cat=0
split_feature=5 0 11 4 1 0 6 4 3 3 3 1 5 0 3 4 11 5 8 5 3 4 4 3 0 4 5 2 8 6
split_gain=5.61348 5.95377 7.82821 12.707 7.93232 9.92971 10.8609 7.84198 17.6976 18.5792 5.264 6.8182 5.13701 4.22591 5.23606 4.76741 5.18684 13.6521 13.2353 12.5625 16.4002 9.13611 8.91952 7.89543 8.79747 7.52535 7.82638 7.41707 6.70352 6.65003
threshold=-0.24956724947920125 -0.46560339495487107 -0.7500292558394458 -0.32040136345029535 1.5194418328293251 -1.4024432921654559 0.046773696581961052 -0.20576765355688617 0.63708671691225505 -0.078141257580798471 1.0678643815935354 0.56968036991039239 1.2655051286133518 -1.1276121262597307 0.019279446282800355 1.4220310269295273 1.0000000180025095e-35 -0.84497093191591066 1.0184757865176055 -0.79085023738312954 -1.410088842511209 0.32154741195279685 0.13813347612334176 -0.93995279231850082 -0.3182857931483965 -0.66430249313052359 -0.43848646996953172 0.14062825127466352 0.74730582097220966 1.7136308150948316
decision_type=2 2 2 2 2 2 2 2 2 2 2 2 2 2 2 2 2 2 2 2 2 2 2 2 2 2 2 2 2 2
left_child=13 2 3 10 -4 6 -6 8 9 -5 11 -2 -10 14 -1 16 19 -18 28 21 -21 29 23 24 -22 26 -25 -23 -19 -15
right_child=1 -3 4 7 5 -7 -8 -9 12 -11 -12 -13 -14 15 -16 -17 17 18 -20 20 22 27 -24 25 -26 -27 -28 -29 -30 -31
leaf_value=-0.0019505338148946068 0.0055115127941689941 0.00092491154289329233 6.4301422474257719e-05 -0.010903916616908923 -0.0076050430784622832 -0.012710525866138998 0.026030381466844124 -0.00563679255055598 -0.017793302336720891 -0.070634581844011946 0.013533525779752788 -0.015865857023998644 0.0071071646374869435 0.00016751297204259819 -0.011724945213980591 0.001813160942791543 -0.00096233757078634382 0.0041743520344075984 -0.0036853789445360483 0.017341451803561846 0.012481794446829135 -0.0024642139301594393 0.00292166389960294 -0.0088642864784020375 -0.0023338076436269345 -0.0022716104296693937 -0.0029759134854112704 -0.013820870026951482 0.012840320767250425 0.0052921969453862076
leaf_weight=2226 96 21245 8919 23 60 258 40 156 53 30 72 61 34 6444 146 2322 5602 1787 519 96 137 876 485 1539 373 1579 891 172 255 702
leaf_count=2226 96 21245 8919 23 60 258 40 156 53 30 72 61 34 6444 146 2322 5602 1787 519 96 137 876 485 1539 373 1579 891 172 255 702
internal_value=-4.81826e-13 0.0004546 -0.000564759 -0.00650451 -0.000228619 -0.00752627 0.00584913 -0.0133465 -0.0219373 -0.0447137 0.00233931 -0.00279434 -0.00806209 -0.000539711 -0.00255216 -0.000338965 -0.00057186 0.000420204 0.00344441 -0.00118102 -0.00312927 3.15761e-05 -0.00352199 -0.00421355 0.00164607 -0.00495898 -0.00670522 -0.00432809 0.00525654 0.000670945
internal_weight=57198 31047 9802 525 9277 358 100 296 140 53 229 157 87 26151 2372 23779 21457 8163 2561 13294 5100 8194 5004 4519 510 4009 2430 1048 2042 7146
internal_count=57198 31047 9802 525 9277 358 100 296 140 53 229 157 87 26151 2372 23779 21457 8163 2561 13294 5100 8194 5004 4519 510 4009 2430 1048 2042 7146
is_linear=0
shrinkage=0.05


Tree=81
num_leaves=31
num_cat=0
split_feature=0 5 4 4 0 0 4 5 3 5 3 0 4 0 4 0 0 4 2 4 0 8 0 5 2 1 4 0 1 2
split_gain=5.0865 4.2895 5.24968 9.67215 15.9289 7.2521 6.13708 20.7206 24.31 12.9585 10.7456 9.07415 4.88377 4.56911 7.19377 5.03977 6.02151 4.17789 7.32913 4.01065 4.72329 4.01412 3.93073 3.72411 3.68741 3.66051 3.78631 3.63224 3.9932 3.58875
threshold=0.81365309454649604 0.39311345010046078 -1.0769838487467975 -0.13698742762084057 1.6630209632296875 1.878683969784319 -0.29747462147161352 1.2291569272765577 2.0160152888604972 1.2994638957836848 2.8180227285006008 0.95952884409895844 -0.43503507334370556 2.1320600998353485 1.0000000180025095e-35 1.768166426889292 1.6437776611856465 -0.50381529927975111 1.9275026134528697 0.73422876756907074 1.0327649499723037 0.38174988366425283 2.0936190745863663 1.0613819277844458 1.8365623065159464 -0.76707600263752618 1.3991042849508457 1.2079298665622893 1.309932963920198 2.6677511286377769
decision_type=2 2 2 2 2 2 2 2 2 2 2 2 2 2 2 2 2 2 2 2 2 2 2 2 2 2 2 2 2 2
left_child=-1 22 24 4 6 12 9 11 -9 10 -4 -8 17 14 15 16 -5 18 -6 21 -21 -16 25 -23 27 -2 -27 28 -3 -14
right_child=1 2 3 13 5 -7 7 8 -10 -11 -12 -13 29 -15 19 -17 -18 -19 -20 20 -22 23 -24 -25 -26 26 -28 -29 -30 -31
leaf_value=-0.00023230210365029629 0.0090591382443978886 -0.0019566223977095878 0.010195776421823156 -0.0069153805883475951 0.0044011849737726153 0.0056809172974353868 0.036774360187924827 0.090762954857200387 0.016123492852784693 -0.017114730273550822 0.047805067524313932 0.0037494728995135611 -0.02170946095538423 0.016359361559759988 0.0088524417552344557 0.0034227092560779834 -0.029182615921628186 0.017640715117494651 -0.03141218358650804 -0.013946968174322734 0.00096688833844939335 0.0072660498449856302 -0.0030124768216509942 -0.012337433860637249 0.0062461829016027155 0.00015610122900340818 0.0038303078949953892 -0.000720743934524998 -0.018806106552704059 -0.00011779111292627124
leaf_weight=46026 129 74 377 117 50 239 26 20 24 42 20 104 67 46 302 70 41 26 20 58 627 47 785 50 133 6364 788 432 67 27
leaf_count=46026 129 74 377 117 50 239 26 20 24 42 20 104 67 46 302 70 41 26 20 58 627 47 785 50 133 6364 788 432 67 27
internal_value=-1.53299e-12 0.00095703 0.00253586 0.00365075 0.00727437 -0.000115387 0.012446 0.0203925 0.0500505 0.00929633 0.0120905 0.0103545 -0.00740653 0.000870338 0.000327277 -0.0077456 -0.0126936 0.000525773 -0.00583121 0.00202526 -0.000295891 0.0060102 0.000349063 -0.00283884 -0.00125413 0.000711487 0.000560922 -0.00299504 -0.00996311 -0.0155076
internal_weight=57198 11172 3106 2400 1042 429 613 174 44 439 397 130 190 1358 1312 228 158 96 70 1084 685 399 8066 97 706 7281 7152 573 141 94
internal_count=57198 11172 3106 2400 1042 429 613 174 44 439 397 130 190 1358 1312 228 158 96 70 1084 685 399 8066 97 706 7281 7152 573 141 94
is_linear=0
shrinkage=0.05


Tree=82
num_leaves=31
num_cat=0
split_feature=5 5 1 6 0 5 0 3 2 0 3 0 2 3 6 1 2 5 0 0 1 2 2 3 1 0 0 0 0 3
split_gain=4.99875 5.39844 4.09336 4.7931 4.04311 10.4044 12.5017 7.5113 10.4394 7.39276 4.93926 3.83341 4.89966 4.72554 4.67761 5.28022 5.81185 4.21863 4.0923 4.33372 3.61319 3.43519 3.36242 3.17118 3.05275 2.88186 3.32919 4.63043 3.62758 6.425
threshold=-0.18547950913925723 1.4779829372212656 -1.0851083735445086 -1.0557360505944642 -0.8536411221757757 1.0613819277844458 -0.60566897136432962 0.058886353907459811 1.0000000180025095e-35 -0.96379483790635634 -0.17907257356197429 -1.1276121262597307 -1.5098030454564346 0.019279446282800355 -0.88889511337147242 -1.107806257875376 -0.75740424443396392 -1.1735669212629918 -1.309756144925265 -1.202187720976764 -0.39883502079613026 0.88138151009387689 0.52911036797756295 -1.1488200648843092 0.64686653445285491 2.4700175506702986 0.81365309454649604 0.97414177273782254 0.60024155443359561 1.5369806572815394
decision_type=2 2 2 2 2 2 2 2 2 2 2 2 2 2 2 2 2 2 2 2 2 2 2 2 2 2 2 2 2 2
left_child=11 2 21 4 9 20 7 -7 -9 -4 -11 13 -13 14 -1 -16 18 -15 -17 23 -6 -2 -3 -20 -12 26 28 -28 -5 -30
right_child=1 22 3 25 5 6 -8 8 -10 10 24 12 -14 17 15 16 -18 -19 19 -21 -22 -23 -24 -25 -26 -27 27 -29 29 -31
leaf_value=-0.00060935593162289819 0.0068712342671664265 -0.001059441215462904 -0.0018824762775433816 0.00078795790175505652 0.0038304089855769803 -0.011213472605021181 0.00099857830642830847 -0.066033520922064784 -0.021602377069827455 0.0036860968338234151 0.010329503032682074 -0.0051978937838572329 -0.00020722669568481886 -0.006444240200497527 -0.0022418203864113038 -0.0061411590490024542 -8.6024572472956221e-05 -0.02655291710706318 -0.020942717333408922 -0.011376513534924016 -0.0025196253144574173 -0.0086712024532831639 -0.018441236730931062 -0.046515934721187313 0.030064805736765267 -0.0060482301130735626 0.0056834520931237495 0.0014088018268227972 -0.00011657855187892977 -0.0082541730418526256
leaf_weight=1727 402 4399 448 15852 274 57 86 20 39 140 43 502 24206 112 319 40 59 34 22 32 1228 39 28 27 36 150 733 4668 1170 306
leaf_count=1727 402 4399 448 15852 274 57 86 20 39 140 43 502 24206 112 319 40 59 34 22 32 1228 39 28 27 36 150 733 4668 1170 306
internal_value=3.32534e-12 0.000443222 0.000721101 0.000637693 -0.00150224 -0.00279403 -0.0134478 -0.024158 -0.0366638 0.00179791 0.00932674 -0.000492946 -0.000308624 -0.00241294 -0.00184139 -0.00610537 -0.0129524 -0.0111271 -0.0192262 -0.0256879 -0.00136123 0.00549673 -0.00116938 -0.0350341 0.0193228 0.000859459 0.000905046 0.00198894 0.000567205 -0.00180364
internal_weight=57198 30118 25691 25250 2371 1704 202 116 59 667 219 27080 24708 2372 2226 499 180 146 121 81 1502 441 4427 49 79 22879 22729 5401 17328 1476
internal_count=57198 30118 25691 25250 2371 1704 202 116 59 667 219 27080 24708 2372 2226 499 180 146 121 81 1502 441 4427 49 79 22879 22729 5401 17328 1476
is_linear=0
shrinkage=0.05


Tree=83
num_leaves=31
num_cat=0
split_feature=5 5 1 6 0 5 4 4 0 3 8 4 6 5 4 1 0 5 4 7 6 5 2 4 0 1 4 0 7 5
split_gain=4.51137 4.87209 3.69426 4.32578 3.64891 9.38997 19.1152 24.9763 6.67196 4.45768 3.62158 7.63809 9.8532 12.3132 7.30428 6.04123 6.55716 5.82823 5.45012 19.4977 6.62453 5.19005 4.90677 4.64914 4.79458 23.4744 4.42681 5.37812 4.40297 4.39849
threshold=-0.18547950913925723 1.4779829372212656 -1.0851083735445086 -1.0557360505944642 -0.8536411221757757 1.0613819277844458 -0.18284091157820473 -0.29747462147161352 -0.96379483790635634 -0.17907257356197429 -0.25919494664649734 -1.2374710425975708 -0.88889511337147242 -1.0444571093634523 0.16106021810202364 -1.1383606123307592 -1.202187720976764 -0.84497093191591066 -1.2833245265549345 -0.74807555454224595 0.31220406105026438 -0.37618863167946776 0.44896836689514236 -1.4438117204057079 0.54568875044379339 -0.070032992407996777 -0.43503507334370556 -1.2764627040706582 -0.17418860646293408 -0.6782255986205753
decision_type=2 2 2 2 2 2 2 2 2 2 2 2 2 2 2 2 2 2 2 2 2 2 2 2 2 2 2 2 2 2
left_child=10 2 -2 4 8 -6 7 -7 -4 -10 11 12 13 -1 15 -13 26 -16 19 23 22 -15 -21 24 -12 -26 -17 -28 -20 -18
right_child=1 -3 3 -5 5 6 -8 -9 9 -11 18 14 -14 21 17 16 29 -19 28 20 -22 -23 -24 -25 25 -27 27 -29 -30 -31
leaf_value=3.7929551632848777e-05 0.0052218964394016194 -0.0011109091233518827 -0.0017883525086192873 0.00081648584325343305 -0.0012931687237448886 -0.01292191464557416 0.0054545314838400204 -0.066994250584061124 0.0035017919761386497 0.018356665259350941 0.0044104024010499249 -0.00064575570607566508 -0.0008214881723161918 0.023175921566518293 -0.0019150237589748366 -0.0048245647238527841 -0.0027126697526679774 0.0022458033361650222 -0.00030142796103123804 -0.0070921855291720196 -0.0015357039944205624 0.0018897871855491151 -0.01918542019111362 0.00088199414031932288 0.062763494447521537 0.006226200477609023 -0.0051114048565859384 -0.034832829642626975 0.0014892668615588932 -0.0072820676562250809
leaf_weight=173 441 4427 448 22879 1502 90 84 28 140 79 172 1216 681 140 2195 47 1438 1365 12020 779 590 36 94 316 23 91 23 45 4805 831
leaf_count=173 441 4427 448 22879 1502 90 84 28 140 79 172 1216 681 140 2195 47 1438 1365 12020 779 590 36 94 316 23 91 23 45 4805 831
internal_value=1.6151e-12 0.000421061 0.000685046 0.000605808 -0.00142713 -0.00265433 -0.0127754 -0.0257526 0.00170801 0.0088604 -0.000468298 -0.00134645 0.00267941 0.00951067 -0.00192559 -0.00351368 -0.00497651 -0.00031965 -8.75649e-05 -0.0025118 -0.00562837 0.0188219 -0.00839432 0.0050622 0.00968089 0.0176328 -0.0166243 -0.02478 0.000209971 -0.00438617
internal_weight=57198 30118 25691 25250 2371 1704 202 118 667 219 27080 8190 1030 349 7160 3600 2384 3560 18890 2065 1463 176 873 602 286 114 115 68 16825 2269
internal_count=57198 30118 25691 25250 2371 1704 202 118 667 219 27080 8190 1030 349 7160 3600 2384 3560 18890 2065 1463 176 873 602 286 114 115 68 16825 2269
is_linear=0
shrinkage=0.05


Tree=84
num_leaves=31
num_cat=0
split_feature=5 0 11 4 4 3 3 5 3 2 4 4 4 11 0 5 0 8 5 8 0 0 0 4 4 0 7 0 4 5
split_gain=4.0852 4.55798 6.14318 11.0113 6.46391 13.8869 14.9303 4.56255 4.47521 5.89028 4.90801 3.86025 10.5934 5.21336 4.5893 3.75588 11.7094 5.65366 5.37453 4.43942 6.1108 4.32986 5.00451 6.03452 9.53979 12.349 6.29198 5.64944 7.82027 5.97958
threshold=-0.24956724947920125 -0.46560339495487107 -0.7500292558394458 -0.32040136345029535 -0.20576765355688617 0.63708671691225505 -0.078141257580798471 1.2655051286133518 1.0678643815935354 -0.41020666726664506 -0.61844900917316037 0.71130202559038891 0.16106021810202364 1.0000000180025095e-35 2.1320600998353485 0.073269764555773567 -0.034422802423110486 -0.99042967103748658 0.33010122217555887 1.0184757865176055 1.9936084506522318 -0.30746073811321545 0.70034578611526144 -1.1916175586402071 -0.11406068564215872 1.6630209632296875 -0.17418860646293408 1.768166426889292 -0.25162113751425025 0.86189575033690324
decision_type=2 2 2 2 2 2 2 2 2 2 2 2 2 2 2 2 2 2 2 2 2 2 2 2 2 2 2 2 2 2
left_child=-1 2 3 8 5 6 -5 -7 9 -2 -11 12 15 14 -13 16 17 -3 -17 20 -18 -20 -23 -24 25 -25 -26 -27 -29 -30
right_child=1 11 -4 4 -6 7 -8 -9 -10 10 -12 13 -14 -15 -16 18 19 -19 21 -21 -22 22 23 24 26 27 -28 28 29 -31
leaf_value=-0.00046041732528187058 0.010922175922261721 -0.012216830488302679 -0.00020631845581488246 -0.0098020527192958368 -0.0051354364796749839 -0.016814569295999015 -0.063346813470125204 0.0066523503690191057 0.01278824240434915 0.0057965998159280781 -0.017305493996992931 0.00089988094997964598 0.0049017376040476094 -0.0024180614405964404 -0.014189237085919754 -0.0020099448802323215 0.0068269161570169894 -0.0007155583328403997 0.0041633964539389383 -0.00041606103594295257 -0.0025390030789555085 -0.00034543937415459702 -0.0017889172661581056 0.0088811401592309783 -0.0088003473920269335 -0.01054232009557529 0.0042184197974711422 -0.00082594154883412036 0.0065815201621381159 0.036961360120214524
leaf_weight=26151 55 154 9277 23 156 53 30 34 72 35 67 4225 1739 1917 51 1964 1304 349 902 389 201 5472 662 980 221 111 160 373 46 25
leaf_count=26151 55 154 9277 23 156 53 30 34 72 35 67 4225 1739 1917 51 1964 1304 349 902 389 201 5472 662 980 221 111 160 373 46 25
internal_value=-3.52759e-13 0.000387811 -0.000504091 -0.00576588 -0.012135 -0.0199346 -0.0401104 -0.00764359 0.00246675 -0.00226667 -0.0093783 0.000799316 0.00123163 -0.000251425 0.000719913 0.00075223 0.00254443 -0.00423682 0.000358688 0.00434536 0.00557605 0.000878348 0.00051026 0.00232655 0.00374849 0.00550621 -0.00333315 -0.000453135 0.00206916 0.0172786
internal_weight=57198 31047 9802 525 296 140 53 87 229 157 102 21245 15052 6193 4276 13313 2397 503 10916 1894 1505 8952 8050 2578 1916 1535 381 555 444 71
internal_count=57198 31047 9802 525 296 140 53 87 229 157 102 21245 15052 6193 4276 13313 2397 503 10916 1894 1505 8952 8050 2578 1916 1535 381 555 444 71
is_linear=0
shrinkage=0.05


Tree=85
num_leaves=31
num_cat=0
split_feature=1 0 9 0 4 4 0 0 0 0 6 4 5 11 4 5 1 4 1 6 4 3 5 2 8 0 0 2 3 0
split_gain=3.79143 3.76117 2.94292 4.45472 4.65646 4.13728 3.00563 2.8702 2.72251 10.119 7.7249 2.9213 4.33731 10.9009 28.0025 6.04718 5.55254 4.25805 5.98699 5.76987 6.95367 7.97847 4.23377 4.16443 4.42909 3.46496 9.23499 6.31808 14.4106 4.47845
threshold=1.1389860958439442 -1.9518562126726928 -1.5490644330984626 -0.012431969559674379 0.069353250187296225 -0.93942339687470655 0.035253852697791459 2.4700175506702986 -1.4280469313221158 -0.92988716136921734 0.046773696581961052 0.13813347612334176 1.386347522532285 1.4457311165250033 -0.13698742762084057 1.4312047935437753 2.8232239291283161 1.3073973170361175 2.0145094811775759 -0.88889511337147242 1.490811252865573 2.0160152888604972 0.91441636237843227 0.68990076237583897 1.0184757865176055 1.1449233396486802 0.97414177273782254 0.44896836689514236 1.0098923969301572 0.76701006881243816
decision_type=2 2 2 2 2 2 2 2 2 2 2 2 2 2 2 2 2 2 2 2 2 2 2 2 2 2 2 2 2 2
left_child=2 -2 3 5 -5 -1 -6 8 10 -10 -3 12 13 25 -15 -14 -17 -13 19 23 21 22 -21 -19 -25 26 29 28 -27 -11
right_child=1 7 -4 4 6 -7 -8 -9 9 11 -12 17 15 14 -16 16 -18 18 -20 20 -22 -23 -24 24 -26 27 -28 -29 -30 -31
leaf_value=-0.0090678297088092937 -0.017836587311914908 0.0010451174091102313 -0.00021763787491405583 0.0061636616669550476 0.010905484932249991 0.00084707947521368496 -0.0010912017931273103 -0.0094007572781900691 -0.011940439523166585 -0.00091203527608687499 0.025885704018955315 0.0049754476139516135 -0.017804410576820372 -0.0064499359608938302 0.06992970246821642 -0.0064183718938794409 0.023381510376930238 0.0087095350242878608 -0.0043319040183961372 0.00019580716698724051 0.0013487843916301912 0.036782884481363 0.014003447608847636 -0.0049519900376393568 -0.028024546744731756 -0.0059348926191096722 -0.014304173262101611 0.0016518817237131365 0.052096953615546227 0.0081360054247484551
leaf_weight=151 26 115 48973 699 58 347 523 63 144 1364 43 1174 75 30 20 54 22 41 393 92 462 28 140 104 26 23 122 1714 20 152
leaf_count=151 26 115 48973 699 58 347 523 63 144 1364 43 1174 75 30 20 54 22 41 393 92 462 28 140 104 26 23 122 1714 20 152
internal_value=1.25154e-13 0.00114215 -0.00014509 0.00185316 0.00341423 -0.00215925 0.000106402 0.001219 0.00132423 0.00115906 0.00780553 0.00147054 0.000562257 0.000925807 0.0241019 -0.00773198 0.00220791 0.00279827 0.000810703 0.00307391 0.00502986 0.0115708 0.008528 -0.00518453 -0.0095665 0.00058448 -0.00106987 0.00212679 0.0210567 -4.84386e-06
internal_weight=57198 6447 50751 1778 1280 498 581 6421 6358 6200 158 6056 3596 3445 50 151 76 2460 1286 893 722 260 232 171 130 3395 1638 1757 43 1516
internal_count=57198 6447 50751 1778 1280 498 581 6421 6358 6200 158 6056 3596 3445 50 151 76 2460 1286 893 722 260 232 171 130 3395 1638 1757 43 1516
is_linear=0
shrinkage=0.05


Tree=86
num_leaves=31
num_cat=0
split_feature=5 5 2 1 0 6 0 6 6 0 1 1 5 1 0 3 0 4 2 3 4 6 4 2 4 4 8 3 6 5
split_gain=3.54227 4.12346 3.5767 3.40608 3.77661 6.32662 4.58005 14.0343 9.84367 4.70944 10.3213 4.53543 13.8996 4.38662 4.84998 4.31084 3.88485 3.85105 3.83329 3.68225 3.63509 3.59951 4.31265 3.55848 3.54069 3.52268 10.752 4.08708 3.85491 13.3967
threshold=-0.18547950913925723 1.4779829372212656 -1.9672679338424122 -1.0851083735445086 -1.9518562126726928 -0.88889511337147242 -1.3768667146945477 0.046773696581961052 1.0000000180025095e-35 -0.46560339495487107 1.5194418328293251 -0.34095109382382865 1.386347522532285 0.93660670550327574 -0.76410449065143304 1.4724410070425007 -2.0029426460512427 -0.68722923510920564 -0.75740424443396392 0.55799964336229413 -1.008203622810752 -0.50231995162864196 1.467884510886891 0.7202128734828811 0.16106021810202364 -1.2833245265549345 -0.99042967103748658 -0.32450058585707947 -1.0557360505944642 1.0613819277844458
decision_type=2 2 2 2 2 2 2 2 2 2 2 2 2 2 2 2 2 2 2 2 2 2 2 2 2 2 2 2 2 2
left_child=2 3 -1 -2 5 -5 7 8 11 10 13 12 -6 14 23 25 -7 20 -11 -15 -14 22 -19 -8 -18 26 -16 -27 29 -29
right_child=1 -3 -4 4 6 16 9 -9 -10 18 -12 -13 17 19 15 -17 24 21 -20 -21 -22 -23 -24 -25 -26 27 -28 28 -30 -31
leaf_value=-0.0071448242980796774 0.0049722680713221922 -0.0010362600174479129 -0.00036589805431055922 -0.0010499767765832909 0.043660093234939273 -0.0032579200660907909 0.0016180899295209932 0.02129285651964398 -0.015496580046912034 -0.0031814955199730732 -0.010838079728000235 -0.00022178068922009024 0.0037232016312857327 0.0091309251827769913 0.024200876075257033 0.020228793297428639 -0.034016696244533011 0.015566626338886076 0.00092497411619588566 0.00063501531822318864 -0.010300876097753646 -0.005574319958686829 -0.0019303662011710306 -0.0075198496805261019 -0.0079043334261292512 -0.00034872042226119428 -0.0019804466158899739 -0.0057642833669669935 -0.0036317436205805659 -0.031295246522753471
leaf_weight=196 441 4427 26884 393 24 38 1448 103 75 586 253 483 201 200 45 20 34 162 18811 352 60 35 45 115 21 465 305 300 614 62
leaf_count=196 441 4427 26884 393 24 38 1448 103 75 586 253 483 201 200 45 20 34 162 18811 352 60 35 45 115 21 465 305 300 614 62
internal_value=1.33791e-12 0.000373105 -0.000414963 0.000615963 0.000539879 -0.0038251 0.000625543 0.0036547 0.00198029 0.000472903 -0.00104957 0.00327808 0.00648573 -0.000418781 -0.0010948 -0.00285591 -0.0155523 0.004712 0.000800914 0.00371324 0.000499276 0.00925548 0.0117629 0.000945753 -0.0240465 -0.0031137 0.00138572 -0.00420655 -0.00604455 -0.010137
internal_weight=57198 30118 27080 25691 25250 486 24764 1188 1085 23576 4179 1010 527 3926 3374 1811 93 503 19397 552 261 242 207 1563 55 1791 350 1441 976 362
internal_count=57198 30118 27080 25691 25250 486 24764 1188 1085 23576 4179 1010 527 3926 3374 1811 93 503 19397 552 261 242 207 1563 55 1791 350 1441 976 362
is_linear=0
shrinkage=0.05


Tree=87
num_leaves=31
num_cat=0
split_feature=1 9 7 4 6 4 6 4 2 3 4 4 8 3 1 4 5 5 2 5 8 8 2 4 4 2 5 12 2 11
split_gain=3.26003 2.59364 3.76382 3.67768 4.75497 3.92707 2.93131 6.99572 5.06923 2.76466 2.4821 2.24667 3.37432 4.90859 3.3617 4.24049 4.06213 4.31741 3.58993 2.96439 6.68786 7.48626 2.60115 2.71197 2.45829 3.93423 3.57486 3.04762 7.0868 5.52332
threshold=1.1389860958439442 -1.4491128870215986 1.0000000180025095e-35 -1.008203622810752 -0.88889511337147242 0.069353250187296225 1.0000000180025095e-35 -1.0540571067681157 0.47331775245418733 -0.20689524034029005 1.2844705750574359 0.13813347612334176 1.0184757865176055 0.68117419941196011 4.5432521720492414 -0.04528045970611317 1.386347522532285 1.2291569272765577 2.9697660757573816 1.386347522532285 -0.99042967103748658 1.0000000180025095e-35 0.89946683251028248 1.3991042849508457 -1.4438117204057079 0.68990076237583897 1.2291569272765577 -0.35185889347637506 0.1116281897323048 1.4457311165250033
decision_type=2 2 2 2 2 2 2 2 2 2 2 2 2 2 2 2 2 2 2 2 2 2 2 2 2 2 2 2 2 2
left_child=1 2 6 4 -4 -5 -1 8 -8 10 -7 14 -13 -14 19 16 17 18 -16 24 -21 -22 23 -15 25 -2 -27 29 -29 -26
right_child=11 -3 3 5 -6 9 7 -9 -10 -11 -12 12 13 22 15 -17 -18 -19 -20 20 21 -23 -24 -25 27 26 -28 28 -30 -31
leaf_value=0.0003204307979360791 -0.013787553353856008 -0.00023259431140189204 -0.016295811824555344 0.0048056005785687278 -0.0014205787186542757 -0.00050416536947263271 0.019202662217763386 0.0020658215879388246 0.0050621449119692087 -0.0049383952987888981 0.013278309317926566 0.0027652864656958977 0.0098554508550431977 -0.0060462629282250048 0.00922349313668047 0.021600712331919333 -0.015310677856206895 0.016481796837526194 -0.017593244068363371 0.019972675987741068 -0.02404424389765077 -0.0012265869765542448 -0.0097114664516724323 0.015049723996315151 0.00047040602259760189 0.0032589289264099023 0.017503130012191833 0.010227792678020334 -0.0044010429693883907 0.023659346392378211
leaf_weight=1104 30 47199 85 301 146 147 112 1117 146 352 42 2416 59 39 26 39 25 57 24 21 59 92 162 25 2080 370 50 93 754 26
leaf_count=1104 30 47199 85 301 146 147 112 1117 146 352 42 2416 59 39 26 39 25 57 24 21 59 92 162 25 2080 370 50 93 754 26
internal_value=1.69161e-13 -0.000134539 0.00116843 -0.0013055 -0.00689415 0.000227728 0.00223923 0.00377985 0.0112007 -0.00231929 0.00255861 0.00105909 0.00215831 -0.00298718 0.00026652 0.00711518 0.00283537 0.0070751 -0.00364854 -6.10659e-05 -0.00646529 -0.0101421 -0.00633991 0.00219436 0.000262627 0.00370519 0.00495467 -0.000261976 -0.00279481 0.000756689
internal_weight=57198 50751 3552 1073 231 842 2479 1375 258 541 189 6447 2701 285 3746 171 132 107 50 3575 172 151 226 64 3403 450 420 2953 847 2106
internal_count=57198 50751 3552 1073 231 842 2479 1375 258 541 189 6447 2701 285 3746 171 132 107 50 3575 172 151 226 64 3403 450 420 2953 847 2106
is_linear=0
shrinkage=0.05


Tree=88
num_leaves=31
num_cat=0
split_feature=0 1 2 2 5 11 1 3 5 1 0 0 0 0 2 0 7 3 3 0 2 5 1 0 5 5 0 5 1 1
split_gain=3.20544 3.2284 3.61687 3.24951 3.09864 7.24268 7.12165 6.94597 6.26759 19.0635 5.19245 4.55928 3.39027 8.17094 6.13088 20.2908 5.37772 3.35448 3.30758 3.04205 5.71655 6.17775 5.5987 4.64825 6.0835 8.41366 9.50846 7.97419 4.68542 3.57452
threshold=0.81365309454649604 -0.76707600263752618 -0.90372535399652321 -0.74745576006326042 0.57739941913764026 -0.7500292558394458 1.309932963920198 0.65220461561693199 1.1904917396839851 1.0737168195407076 1.0894866621508073 0.93924602935240131 1.6437776611856465 1.768166426889292 3.6090885753489395 1.7151309929072172 1.707859523614377 2.4195774946774047 2.8180227285006008 0.60024155443359561 1.8365623065159464 1.1495863065883827 4.5432521720492414 0.43202768883440962 1.1904917396839851 0.9652358749025497 0.55836136915153645 1.2994638957836848 2.5768581610772556 2.8232239291283161
decision_type=2 2 2 2 2 2 2 2 2 2 2 2 2 2 2 2 2 2 2 2 2 2 2 2 2 2 2 2 2 2
left_child=19 3 -3 -2 -4 6 8 -8 11 -10 -7 -6 16 14 15 18 17 -9 -14 22 29 -22 23 -1 25 28 -27 -26 -25 -21
right_child=1 2 4 -5 5 10 7 12 9 -11 -12 -13 13 -15 -16 -17 -18 -19 -20 20 21 -23 -24 24 27 26 -28 -29 -30 -31
leaf_value=-0.00026035993020138856 0.013203957293512057 -0.0093713523619912906 0.00030145224240961204 -0.0049598818602548406 0.019236557123561704 -0.0098475013029321237 -0.026305152624845507 0.0060958639633058725 0.0034445149206751308 0.055901570309852738 0.00075428484718081848 0.0035263821981292801 0.0042529204705109205 0.0044927894852852162 -0.02974864583342306 -0.035029309028477382 0.022470880150604916 -0.013692596230817878 0.028952998311623287 -0.0014337243322086008 -0.0032384111860030611 -0.024695171407339248 0.01530947166463455 0.002051208974548083 -0.015420292948309164 0.0079130204117471552 0.040376738941163892 -0.00014670577089304676 -0.017808389614025751 0.019786482537165286
leaf_weight=39609 97 89 8535 33 63 129 20 311 43 29 1103 173 33 355 31 33 49 23 23 2566 86 55 59 2964 110 116 28 383 30 20
leaf_count=39609 97 89 8535 33 63 129 20 311 43 29 1103 173 33 355 31 33 49 23 23 2566 86 55 59 2964 110 116 28 383 30 20
internal_value=-7.75602e-13 0.000759731 0.000667506 0.00859314 0.000749078 0.0023291 0.00511814 0.00282333 0.0116598 0.0245731 -0.000355805 0.0077202 0.00350232 0.000680064 -0.0105992 -0.00392923 0.0070025 0.00473319 0.0143976 -0.000184411 -0.00180416 -0.0116081 -8.23984e-05 -0.0001034 0.0016088 0.00242001 0.0142254 -0.00355461 0.00185222 -0.00126961
internal_weight=57198 11172 11042 130 10953 2418 1186 878 308 72 1232 236 858 475 120 89 383 334 56 46026 2727 141 43299 43240 3631 3138 144 493 2994 2586
internal_count=57198 11172 11042 130 10953 2418 1186 878 308 72 1232 236 858 475 120 89 383 334 56 46026 2727 141 43299 43240 3631 3138 144 493 2994 2586
is_linear=0
shrinkage=0.05


Tree=89
num_leaves=31
num_cat=0
split_feature=5 4 6 5 4 4 7 1 7 0 6 4 0 1 0 1 4 3 8 3 6 5 12 4 3 7 0 6 0 4
split_gain=3.0927 4.25108 8.06739 9.67126 19.7242 8.40887 4.46335 6.96651 4.79358 4.96199 4.02008 8.7868 3.58518 4.10505 3.42806 3.27795 8.13051 4.10082 3.16365 3.11956 2.81006 3.29952 2.73088 5.8527 2.84993 3.05957 2.57213 4.00628 5.96376 3.1283
threshold=-1.1735669212629918 -0.64137575115184176 1.7136308150948316 -1.3430211371129324 -1.4667384623843895 -0.98527688083207032 1.707859523614377 -0.77694695667155833 0.50726550913191959 -1.1752500972272226 0.31220406105026438 1.5825182207803004 0.75165369814742389 -0.81326130991250556 1.8345081719818419 -0.51398692589352268 -1.2833245265549345 -1.2726678254265216 1.0816417019878375 -0.19753229667287298 1.0000000180025095e-35 -1.3931917313346975 0.34398541387350456 -1.5125919463417536 -0.93995279231850082 0.50726550913191959 -1.9518562126726928 -0.88889511337147242 -2.0029426460512427 0.16106021810202364
decision_type=2 2 2 2 2 2 2 2 2 2 2 2 2 2 2 2 2 2 2 2 2 2 2 2 2 2 2 2 2 2
left_child=1 2 5 -4 -5 15 7 19 10 -10 -9 -12 -8 -14 -15 17 20 -1 -7 -3 21 -17 -19 -24 -25 -26 27 -2 -29 -30
right_child=26 6 3 4 -6 18 12 8 9 -11 11 -13 13 14 -16 16 -18 22 -20 -21 -22 -23 23 24 25 -27 -28 28 29 -31
leaf_value=-0.0050581953883273292 -0.00095780063559960981 -0.00035984938851891726 -0.0014616806430930774 0.061940418467635205 0.0099997297936228122 0.0026761024986662694 0.012128225865448455 -0.0015562215701202481 -0.035171705045892551 -0.0090930176518955515 -0.0076722626836024021 0.018680288636294957 0.015172744673074466 -0.0026172894225755441 0.0081590843259777036 -0.001891175863177826 0.00019716626376889293 -0.00058250935576934447 0.011826500309499038 -0.0050828973685056004 -0.0054632528041111076 -0.022640390247106554 -0.011406436869874597 0.0025935202411155366 0.020563967166825722 -0.00034874537782541112 0.00022285444134192102 -0.0026607486115561032 -0.032050502933013966 -0.0075058822431379848
leaf_weight=430 1254 3303 133 21 141 806 83 797 24 76 763 33 46 373 92 24 231 776 107 391 64 95 40 76 73 23 46753 115 34 21
leaf_count=430 1254 3303 133 21 141 806 83 797 24 76 763 33 46 373 92 24 231 776 107 391 64 95 40 76 73 23 46753 115 34 21
internal_value=2.07183e-12 -0.000849651 0.000672796 0.00852985 0.0167328 -0.000171587 -0.00162348 -0.00207703 -0.00473301 -0.0153519 -0.00406641 -0.00657976 0.00248986 0.000924331 -0.00048519 -0.00212521 -0.00603944 -0.000982407 0.00374849 -0.000859771 -0.0139119 -0.0184557 0.000791469 0.00582075 0.00982707 0.0155536 0.000159095 -0.00193428 -0.00913722 -0.0226789
internal_weight=57198 9021 3040 295 162 2745 5981 5387 1693 100 1593 796 594 511 465 1832 414 1418 913 3694 183 119 988 212 172 96 48177 1424 170 55
internal_count=57198 9021 3040 295 162 2745 5981 5387 1693 100 1593 796 594 511 465 1832 414 1418 913 3694 183 119 988 212 172 96 48177 1424 170 55
is_linear=0
shrinkage=0.05


Tree=90
num_leaves=31
num_cat=0
split_feature=5 5 4 8 4 6 5 5 4 7 6 7 4 5 4 2 0 0 4 3 5 0 5 2 2 1 3 5 4 0
split_gain=2.884 3.48852 3.36611 3.9396 8.49118 9.12882 10.7779 4.60868 4.37506 16.686 5.6819 5.06034 5.79812 5.2937 5.90131 5.07737 4.92135 4.82083 6.08767 6.8992 5.90461 5.68588 8.24193 5.48151 4.48163 4.33335 4.22807 4.65128 3.97085 3.94828
threshold=-0.18547950913925723 1.4779829372212656 1.4220310269295273 -0.25919494664649734 -1.2374710425975708 -0.88889511337147242 -1.0444571093634523 -0.37618863167946776 -1.2833245265549345 -0.74807555454224595 0.31220406105026438 -0.17418860646293408 1.1469101231853445 -0.94831105648155722 -0.71015597708788747 0.12941608497473236 0.49050953768559774 1.3053875777776807 -0.71015597708788747 -0.65249980246330985 -0.49995351371076774 1.1767010273330964 -0.84497093191591066 0.053449155891823953 0.44896836689514236 -0.32728399774439093 -0.63433567274564162 -0.49995351371076774 -1.4438117204057079 -0.94767540448987975
decision_type=2 2 2 2 2 2 2 2 2 2 2 2 2 2 2 2 2 2 2 2 2 2 2 2 2 2 2 2 2 2
left_child=2 -2 3 4 5 6 -1 -8 9 28 24 12 17 14 16 -14 -13 21 19 -19 -21 23 -23 -10 26 -17 -11 -28 -5 -25
right_child=1 -3 -4 8 -6 -7 7 -9 11 10 -12 13 15 -15 -16 25 -18 18 -20 20 -22 22 -24 29 -26 -27 27 -29 -30 -31
leaf_value=0.00040593360997521121 0.00056003643631787948 -0.00095966476405269594 0.0013295784717951152 0.008979018681667993 -0.0021994248543427642 -0.00067663957810731304 0.022082828333867446 0.0020242839986975825 -0.00053883475554994224 -0.0018669620750507415 -0.0013889093748693378 0.012145150390790298 -0.0018259644489439274 -0.00029104420987731861 0.0018337080513778016 -0.019680607949484546 0.0025965430335990309 0.0088313003308078467 -0.0011951468436088881 -0.02419989297550908 -0.0064916070232776783 0.01268416584588565 -0.0037421885220101109 0.01401368081383407 -0.018053856697131661 -0.0057830124038656524 -0.011643797494189565 0.0015714492748520568 0.00084727751647871528 0.0022294909074544729
leaf_weight=173 25691 4427 2618 286 6380 681 140 36 7200 302 590 296 576 1967 1760 83 248 38 691 86 104 210 120 75 94 173 397 80 316 1360
leaf_count=173 25691 4427 2618 286 6380 681 140 36 7200 302 590 296 576 1967 1760 83 248 38 691 86 104 210 120 75 94 173 397 80 316 1360
internal_value=-1.5661e-12 0.000336658 -0.000374426 -0.000556794 -0.00151936 0.00269311 0.00926847 0.0179799 -0.00013851 -0.00229611 -0.00517923 0.000158778 -0.000421253 0.00161408 0.00324055 -0.00442994 0.00779211 -8.38162e-05 -0.00353273 -0.0106172 -0.0145069 0.000269731 0.00671095 2.35696e-05 -0.00774084 -0.0102889 -0.0064964 -0.0094274 0.00471053 0.00284539
internal_weight=57198 30118 27080 24462 7410 1030 349 176 17052 2065 1463 14987 10716 4271 2304 832 544 9884 919 228 190 8965 330 8635 873 256 779 477 602 1435
internal_count=57198 30118 27080 24462 7410 1030 349 176 17052 2065 1463 14987 10716 4271 2304 832 544 9884 919 228 190 8965 330 8635 873 256 779 477 602 1435
is_linear=0
shrinkage=0.05


Tree=91
num_leaves=31
num_cat=0
split_feature=5 4 2 4 0 2 7 7 6 4 6 11 8 2 7 7 1 2 6 5 0 2 1 0 0 1 0 2 0 0
split_gain=2.72209 3.71815 8.401 6.30196 6.24609 4.42531 12.4528 4.80293 4.55611 3.42335 6.19742 4.61681 5.74022 3.33308 3.30102 3.16052 2.93172 2.76672 2.72899 7.77564 2.65582 2.62148 4.33062 2.59006 2.59549 2.42013 8.73329 4.34157 3.41734 3.13145
threshold=-1.1735669212629918 -0.66430249313052359 -0.36962218145785103 -1.2603977845762526 0.59010491522874431 -0.36962218145785103 0.50726550913191959 -0.44313593596502393 0.31220406105026438 0.98642292933457132 -0.88889511337147242 1.0000000180025095e-35 1.0816417019878375 -1.9672679338424122 -0.44313593596502393 -0.17418860646293408 -0.47826892109508728 -1.4173852910024787 1.7136308150948316 -1.3430211371129324 -0.96379483790635634 -0.52495155836920593 -0.23948317942087258 0.79024895926192718 1.8345081719818419 -0.80307164333574199 -1.202187720976764 -0.70090914752594236 -0.40266444959466524 0.83263705521721842
decision_type=2 2 2 2 2 2 2 2 2 2 2 2 2 2 2 2 2 2 2 2 2 2 2 2 2 2 2 2 2 2
left_child=1 2 13 4 20 9 7 -7 -9 14 -11 12 -12 -1 -3 -5 18 -13 -15 -20 -4 22 -18 -8 -25 27 -27 -16 -28 -30
right_child=-2 5 3 15 -6 6 23 8 -10 10 11 17 -14 16 25 -17 21 -19 19 -21 -22 -23 -24 24 -26 26 28 -29 29 -31
leaf_value=-0.0087327157820254794 0.0001492582212707085 0.00018994125885698227 -0.02758880186487328 0.010864240868729058 0.0072386978178170247 -0.0060911740417470394 0.011106705231427708 -0.0098832753651853025 -0.02631963974867876 -0.0034114279949296043 0.0058186986282575612 0.016197068047864985 0.026133219475812486 -0.00011080235685202447 -0.00099442027285638591 0.0035374217492062602 -0.0045712515873111183 0.00070976847710668266 0.00052292149080987687 0.034659736045763237 -0.0075289832798510108 0.0039397114491293911 -0.02343112859978444 -0.0020570615762225269 0.0076084753762227196 -0.037170864074003128 -0.010484775709933091 -0.011298664809552836 -0.00051574359297027676 -0.010953158174438038
leaf_weight=128 48177 1318 22 328 73 451 68 120 65 519 229 30 41 1706 1293 267 197 744 69 22 66 64 36 266 94 21 173 111 413 87
leaf_count=128 48177 1318 22 328 73 451 68 120 65 519 229 30 41 1706 1293 267 197 744 69 22 66 64 36 266 94 21 173 111 413 87
internal_value=-5.98444e-13 -0.000797119 0.000648887 0.00520175 -0.00357417 -0.00150971 -0.00443667 -0.00887404 -0.0156582 -0.00088423 0.00105399 0.00327387 0.0089035 -0.000900151 -0.00177107 0.00757641 -0.00042137 0.00131005 0.000339214 0.00877578 -0.0125439 -0.00502329 -0.00748522 0.00215718 0.000466718 -0.00300301 -0.00541842 -0.00180907 -0.00442763 -0.00233185
internal_weight=57198 9021 2978 756 161 6043 1064 636 185 4979 1563 1044 270 2222 3416 595 2094 774 1797 91 88 297 233 428 360 2098 694 1404 673 500
internal_count=57198 9021 2978 756 161 6043 1064 636 185 4979 1563 1044 270 2222 3416 595 2094 774 1797 91 88 297 233 428 360 2098 694 1404 673 500
is_linear=0
shrinkage=0.05


Tree=92
num_leaves=31
num_cat=0
split_feature=0 0 3 1 0 5 5 0 5 1 4 1 4 3 0 5 0 1 5 3 4 4 7 1 4 4 3 4 6 3
split_gain=2.62153 2.79935 5.05063 5.01421 3.85256 5.40399 7.61752 8.58138 7.23119 4.22013 3.41834 3.38188 3.18748 2.95864 2.76305 2.75517 4.31557 2.68089 2.67146 4.90514 3.58682 4.02295 3.27077 3.4419 3.75319 3.07574 4.11133 7.52336 6.72088 8.325
threshold=0.81365309454649604 0.60024155443359561 1.5369806572815394 4.5432521720492414 0.43202768883440962 1.1904917396839851 0.9652358749025497 0.55836136915153645 1.2994638957836848 2.5768581610772556 -0.96235013885338849 2.8232239291283161 -0.068207201684795479 -0.39558823761521555 2.4700175506702986 0.75215792318289665 0.70034578611526144 2.0145094811775759 -1.2825390773626912 -0.078141257580798471 0.20691370205938739 0.069353250187296225 0.50726550913191959 -0.77694695667155833 -0.50381529927975111 -0.091133943663477338 -0.30704097871923247 0.069353250187296225 1.0000000180025095e-35 0.92218737908077564
decision_type=2 2 2 2 2 2 2 2 2 2 2 2 2 2 2 2 2 2 2 2 2 2 2 2 2 2 2 2 2 2
left_child=1 3 10 4 18 6 9 17 12 -6 13 -12 -7 -3 -2 -4 -17 -8 19 22 21 -21 -1 -24 -25 -20 -27 28 -28 -30
right_child=14 2 15 -5 5 8 7 -9 -10 -11 11 -13 -14 -15 -16 16 -18 -19 25 20 -22 -23 23 24 -26 26 27 -29 29 -31
leaf_value=-0.00043356213406528792 0.00078303492799046978 -0.004414019589127011 -0.020565693951337727 0.014497390292758533 0.0018831467675706941 -0.023684850438999441 0.011353091469588792 0.038311294413038662 -0.00015125881576793289 -0.016964577635129294 -0.0019093521171588545 0.018750551005359741 -0.0066368138638389267 0.0064160414554179637 -0.0057550960571772034 -0.010466709657210029 0.0029929420994490052 -0.0074115014014144737 -0.00057219068538541106 0.0035427002635385306 -0.00034951890066881248 -0.015247937083530417 -0.003208946645271753 0.00075952078969705674 -0.025705609425298266 -0.00050192666975519345 0.0034158987265269416 0.0006155658131460725 0.010464468300072922 0.045013833660632378
leaf_weight=3926 11008 84 37 59 2964 52 92 28 383 30 2064 20 58 253 164 180 89 24 16619 35 109 153 467 21 37 7784 699 9603 136 20
leaf_count=3926 11008 84 37 59 2964 52 92 28 383 30 2064 20 58 253 164 180 89 24 16619 35 109 153 467 21 37 7784 699 9603 136 20
internal_value=-2.31597e-12 -0.000166771 -0.00172056 -6.89123e-05 -8.87877e-05 0.00147 0.00223456 0.0134675 -0.00339651 0.00169429 -0.00095556 -0.00171108 -0.0146959 0.00371656 0.000687058 -0.00777309 -0.00601352 0.00747076 -0.000231683 -0.00134434 -0.00756578 -0.0117497 -0.000929207 -0.00463569 -0.0161234 -8.01411e-05 0.000368131 0.00101572 0.00551013 0.0148939
internal_weight=57198 46026 2727 43299 43240 3631 3138 144 493 2994 2421 2084 110 337 11172 306 269 116 39609 4748 297 188 4451 525 58 34861 18242 10458 855 156
internal_count=57198 46026 2727 43299 43240 3631 3138 144 493 2994 2421 2084 110 337 11172 306 269 116 39609 4748 297 188 4451 525 58 34861 18242 10458 855 156
is_linear=0
shrinkage=0.05


Tree=93
num_leaves=31
num_cat=0
split_feature=1 0 0 0 12 2 0 4 5 11 0 2 7 5 0 0 5 3 8 6 4 11 5 8 4 7 12 5 2 4
split_gain=2.39588 2.92468 2.46359 8.52592 6.35701 3.35209 2.92372 2.65723 5.52872 5.6264 3.77189 5.28894 4.52591 3.51892 2.95189 4.39714 8.96753 9.73513 7.25621 7.48932 6.30655 4.39332 3.48658 3.30968 2.85768 5.47493 3.53784 5.47685 11.3114 17.0584
threshold=1.1389860958439442 -1.9518562126726928 -1.4280469313221158 -0.92988716136921734 1.0000000180025095e-35 0.89946683251028248 -0.77375507822379019 1.0000000180025095e-35 1.386347522532285 1.4457311165250033 -0.46560339495487107 0.75257080101831342 -0.44313593596502393 1.4101165497556909 0.035253852697791459 -0.071792865959544941 1.4312047935437753 1.7826364642023698 1.0816417019878375 0.046773696581961052 0.48203460580356999 -1.4819493799609287 1.0142561076130823 1.0000000180025095e-35 -0.068207201684795479 -0.44313593596502393 -0.35185889347637506 1.2291569272765577 0.20843090722836591 -0.45796181532238694
decision_type=2 2 2 2 2 2 2 2 2 2 2 2 2 2 2 2 2 2 2 2 2 2 2 2 2 2 2 2 2 2
left_child=-1 -2 4 -4 5 -3 -5 8 9 24 11 -9 -13 -10 15 21 17 18 19 20 -17 -12 -22 -16 26 -26 27 -8 -29 -30
right_child=1 2 3 6 -6 -7 7 10 13 -11 14 12 -14 -15 23 16 -18 -19 -20 -21 22 -23 -24 -25 25 -27 -28 28 29 -31
leaf_value=-0.00011533709981137832 -0.015827817806544211 0.032775225186789478 -0.011205497678343414 0.011263064369060365 -0.0010253854367980049 0.0094693649146291945 0.00059005469488475066 0.0072592546638629548 -0.026329290918235122 0.020910366433390389 -0.016061101197265087 -0.023107403474436565 -0.0038344970127306595 -0.0055271845338318278 0.0036602863426326497 0.0060195479724232271 0.033555291048125234 -0.01074660756755947 -0.0031770690364970101 -0.0042546935703443442 0.02084622874501206 0.0038520659995128249 0.046481989582793586 -0.00044823837463652135 -0.025583522802335213 -0.0019370267636849917 -0.0026489385150476577 -0.019389026149292478 0.0013302804415838585 0.029822014414618705
leaf_weight=50751 26 27 144 70 95 36 2016 67 29 33 30 44 99 68 1015 23 37 57 45 23 21 361 36 948 30 133 681 32 135 86
leaf_count=50751 26 27 144 70 95 36 2016 67 29 33 30 44 99 68 1015 23 37 57 45 23 21 361 36 948 30 133 681 32 135 86
internal_value=-8.3879e-13 0.000907938 0.000975704 0.000820147 0.00714188 0.0194576 0.00110315 0.000985577 1.0783e-05 0.000373289 0.00211218 -0.00433319 -0.00976462 -0.0117464 0.00263357 0.00560268 0.0108997 0.00681068 0.0135726 0.0208904 0.0281197 0.0023242 0.0370372 0.00167614 0.000155581 -0.00628914 0.00051168 0.00146028 0.00839459 0.0124176
internal_weight=57198 6447 6421 6263 158 63 6119 6049 3243 3146 2806 210 143 97 2596 633 242 205 148 103 80 391 57 1963 3113 163 2950 2269 253 221
internal_count=57198 6447 6421 6263 158 63 6119 6049 3243 3146 2806 210 143 97 2596 633 242 205 148 103 80 391 57 1963 3113 163 2950 2269 253 221
is_linear=0
shrinkage=0.05


Tree=94
num_leaves=31
num_cat=0
split_feature=5 5 1 2 2 0 6 0 6 6 1 5 0 1 1 0 3 8 2 3 3 1 1 2 4 4 4 4 2 0
split_gain=2.31789 2.99035 3.08537 3.1081 2.99071 2.96937 5.07697 4.13341 11.7799 8.94018 4.12632 12.4949 3.79795 9.08434 3.92734 4.35698 3.88898 3.53944 4.43796 3.36365 3.29018 3.26099 3.2334 5.37396 3.21593 6.26369 3.21205 4.50372 3.21166 3.27592
threshold=-0.18547950913925723 1.4779829372212656 -1.0851083735445086 0.47331775245418733 0.52911036797756295 -1.9518562126726928 -0.88889511337147242 -1.3768667146945477 0.046773696581961052 1.0000000180025095e-35 -0.34095109382382865 1.386347522532285 -0.46560339495487107 1.5194418328293251 0.93660670550327574 -0.76410449065143304 1.4724410070425007 -0.99042967103748658 -0.18823678178586492 1.1869518292971126 0.55799964336229413 0.54080210147212771 0.35986255639467357 -0.41020666726664506 -0.022353717727431312 0.16106021810202364 0.16106021810202364 0.023499766229932856 0.7202128734828811 -1.0490083530297245
decision_type=2 2 2 2 2 2 2 2 2 2 2 2 2 2 2 2 2 2 2 2 2 2 2 2 2 2 2 2 2 2
left_child=-1 2 3 -2 -3 6 19 8 9 10 11 -7 13 14 15 28 22 -13 -19 -4 -16 -21 -17 -24 -10 -26 27 -8 29 -9
right_child=1 4 5 -5 -6 7 26 12 24 -11 -12 17 -14 -15 20 16 -18 18 -20 21 -22 -23 23 -25 25 -27 -28 -29 -30 -31
leaf_value=-0.00033567147963864527 0.0065396390363164194 -0.00079470585895170343 -0.0037231658163128021 -0.0046931566834147722 -0.017187601955707319 0.041398111684247854 -0.0084295018258954187 -0.0013803102562284203 0.003072062923330004 -0.014799721190085014 -0.00024567855757699249 0.010997536588225793 0.00066172934601556744 -0.010183290441533398 0.0086226002110634005 -0.0016325087571881472 0.019208984021097424 0.0038988210196858365 -0.01290083006852203 0.015447846565061724 0.00059172378330252045 -0.0022629503439198814 -0.028494395021922317 -0.0051527371185356328 0.038995231213783357 0.010978739593355429 -0.0030054445491912657 -0.037388493306934834 -0.0071563507146809417 0.003471715207969741
leaf_weight=27080 367 4399 289 74 28 24 29 581 23 75 483 147 19397 253 200 1287 20 311 45 53 352 51 26 478 38 42 39 25 115 867
leaf_count=27080 367 4399 289 74 28 24 29 581 23 75 483 147 19397 253 200 1287 20 311 45 53 352 51 26 478 38 42 39 25 115 867
internal_value=-2.69618e-12 0.000301812 0.000508627 0.00465477 -0.000898388 0.000436214 -0.00343426 0.000512173 0.00338984 0.0018558 0.0030926 0.00615216 0.000367166 -0.00100006 -0.000408273 -0.00104792 -0.00271713 0.00447045 0.00177527 -0.000948269 0.00350146 0.00676274 -0.00296198 -0.00635687 0.0195494 0.0242866 -0.0139396 -0.0218364 0.00088614 0.00152487
internal_weight=57198 30118 25691 441 4427 25250 486 24764 1188 1085 1010 527 23576 4179 3926 3374 1811 503 356 393 552 104 1791 504 103 80 93 54 1563 1448
internal_count=57198 30118 25691 441 4427 25250 486 24764 1188 1085 1010 527 23576 4179 3926 3374 1811 503 356 393 552 104 1791 504 103 80 93 54 1563 1448
is_linear=0
shrinkage=0.05


Tree=95
num_leaves=31
num_cat=0
split_feature=5 8 0 11 2 5 5 1 1 0 5 0 5 2 8 2 1 0 11 0 0 3 2 3 11 6 0 3 2 0
split_gain=2.22604 4.7423 5.61507 8.61083 6.21543 5.71907 4.83973 11.7273 5.94701 4.7753 9.39377 4.63163 5.86888 7.28787 4.40838 8.21812 3.73012 3.57826 6.47224 6.0456 8.80634 6.83357 6.43943 10.1237 5.68987 9.84461 7.301 6.06458 5.57858 14.2511
threshold=0.5168783321317606 -1.7049705869141294 -0.44379649577730129 -0.7500292558394458 -0.5697166753376709 0.80777505580412223 1.4101165497556909 0.16039788162064678 1.5194418328293251 -0.65041253724159154 1.2291569272765577 -0.14005610564293822 0.9652358749025497 -0.32073333267496512 -0.25919494664649734 1.0869807819940751 2.2904216509925721 0.76701006881243816 -0.7500292558394458 1.6437776611856465 1.768166426889292 0.63708671691225505 0.44896836689514236 1.5048606475528781 -0.7500292558394458 0.31220406105026438 0.6184085169620398 0.51464802931429421 3.6090885753489395 1.7151309929072172
decision_type=2 2 2 2 2 2 2 2 2 2 2 2 2 2 2 2 2 2 2 2 2 2 2 2 2 2 2 2 2 2
left_child=14 -2 3 4 -3 -5 7 -7 -9 10 -6 12 13 -4 15 -1 -10 24 19 21 28 -19 23 -23 25 -13 27 -27 29 -21
right_child=1 2 11 5 9 6 -8 8 16 -11 -12 17 -14 -15 -16 -17 -18 18 -20 20 -22 22 -24 -25 -26 26 -28 -29 -30 -31
leaf_value=-0.00095071680892184834 0.0025996458796682378 0.0056674126417501211 0.014347707760659443 -0.0070110346738254869 -0.041551006013244608 0.010848701952158991 -0.00084892629813162167 0.0013468786636081397 -0.015155564498854801 -0.0071395487026165941 -0.0085546417248640524 -0.0014711602829213253 0.0064174401175896498 -0.00085464848100119054 0.00012931660015324942 -0.018259675094209935 0.0033522944551230855 -0.0077345892064519892 -0.00038532607368368715 0.004782258491602024 0.0045784769782219832 0.009382177620298332 0.0072628172886214665 0.049593851901590824 0.00090062591663562456 -0.0078698526237117646 -0.005078795790747815 -0.041019894368946555 -0.028374516759668629 -0.033206857526392651
leaf_weight=11154 2227 67 87 321 34 320 5535 947 96 224 59 1914 800 840 25891 69 38 68 1441 98 388 45 617 24 3697 22 74 37 31 33
leaf_count=11154 2227 67 87 321 34 320 5535 947 96 224 59 1914 800 840 25891 69 38 68 1441 98 388 45 617 24 3697 22 74 37 31 33
internal_value=1.51535e-12 0.000424023 0.000152694 -0.000872506 -0.00816927 -0.000486402 -0.00018444 0.00244078 -4.81526e-05 -0.0110937 -0.0206178 0.000919487 0.00327985 0.00057211 -0.000229457 -0.00105713 -0.00990707 0.000439296 0.00192425 0.00447648 0.000490317 0.00738416 0.00888281 0.0233688 -0.00027035 -0.0023852 -0.0155391 -0.0286589 -0.00930108 -0.00478752
internal_weight=57198 20084 17857 7641 384 7257 6936 1401 1081 317 93 10216 1727 927 37114 11223 134 8489 2745 1304 550 754 686 69 5744 2047 133 59 162 131
internal_count=57198 20084 17857 7641 384 7257 6936 1401 1081 317 93 10216 1727 927 37114 11223 134 8489 2745 1304 550 754 686 69 5744 2047 133 59 162 131
is_linear=0
shrinkage=0.05


Tree=96
num_leaves=31
num_cat=0
split_feature=2 4 1 11 5 8 0 6 0 5 12 0 0 6 0 4 0 5 2 3 1 6 4 2 4 5 0 0 11 4
split_gain=2.11762 4.83903 4.11372 4.04501 3.28892 3.19192 2.82077 3.69516 2.65609 2.24539 2.63338 2.08691 2.10706 3.23542 5.08507 2.61357 1.98658 3.05629 5.25865 4.91006 2.37289 3.69584 7.95933 2.19488 4.62248 3.28665 3.06238 2.58146 5.55814 5.05704
threshold=-1.3123201998555716 -0.57259552521579626 -0.80307164333574199 -0.7500292558394458 -1.2825390773626912 1.0816417019878375 -0.45180638707072185 -0.88889511337147242 -0.10638304347437284 -1.3430211371129324 0.6919075675484444 2.4700175506702986 -1.9518562126726928 -0.88889511337147242 -2.0029426460512427 0.16106021810202364 -1.7856100734832345 1.4779829372212656 1.1986533503478529 1.6725078410514487 -0.46871415381639336 -0.90990146219895396 -0.68722923510920564 1.7072088707226738 -1.4896652043630716 1.2655051286133518 -0.92988716136921734 0.018766739333797907 1.4457311165250033 -0.068207201684795479
decision_type=2 2 2 2 2 2 2 2 2 2 2 2 2 2 2 2 2 2 2 2 2 2 2 2 2 2 2 2 2 2
left_child=1 3 4 -1 -3 -5 7 -6 -8 10 -2 12 13 -11 -15 -16 17 18 19 20 21 -14 -23 -18 25 -25 -26 29 -29 -28
right_child=9 2 -4 5 6 -7 8 -9 -10 11 -12 -13 16 14 15 -17 23 -19 -20 -21 -22 22 -24 24 26 -27 27 28 -30 -31
leaf_value=-0.016160444335863843 -0.00044192889049957801 -0.00011312852051241729 -0.0071429815978797931 -0.0039014586692440985 -0.00052698577871609833 0.012714240085333587 0.020331114046876472 0.022729217708110813 0.0038052085833624005 -0.00087631832757549284 -0.0039430067564206828 -0.0055057954984410419 0.0050952331973963443 -0.0022464778457019154 -0.029297147001660265 -0.0068625066251981823 7.9358870107623167e-05 -0.0001643490484335365 -0.0060492417936523759 0.032657247316092257 0.0015259290475231142 0.0013949018182052722 0.035958072646624512 0.0071233219352725436 -0.008451167455972115 0.028085449265073177 -0.0030365625705860641 0.0012963225644675672 -0.0097517761997267857 0.0078191994124352879
leaf_weight=66 2177 337 119 791 117 30 62 20 40 1254 713 164 111 115 34 21 47747 461 75 20 117 31 36 100 81 23 153 1702 122 359
leaf_count=66 2177 337 119 791 117 30 62 20 40 1254 713 164 111 115 34 21 47747 461 75 20 117 31 36 100 81 23 153 1702 122 359
internal_value=-9.21926e-13 -0.00180385 0.00132018 -0.00425165 0.00306865 -0.00329431 0.00755508 0.00286808 0.0138504 5.13106e-05 -0.00130569 0.00012569 0.000143261 -0.00175384 -0.00822683 -0.0207312 0.000196088 0.00259169 0.00584946 0.00868248 0.00705708 0.0106927 0.0199662 0.000155548 0.00158775 0.0110431 0.00110657 0.00143798 0.00055736 0.00457519
internal_weight=57198 1582 695 887 576 821 239 137 102 55616 2890 52726 52562 1424 170 55 51138 851 390 315 295 178 67 50287 2540 123 2417 2336 1824 512
internal_count=57198 1582 695 887 576 821 239 137 102 55616 2890 52726 52562 1424 170 55 51138 851 390 315 295 178 67 50287 2540 123 2417 2336 1824 512
is_linear=0
shrinkage=0.05


Tree=97
num_leaves=31
num_cat=0
split_feature=0 1 6 4 2 0 2 5 4 1 0 5 5 0 5 1 4 3 0 4 1 1 2 0 4 4 4 3 6 0
split_gain=1.96254 2.70576 2.94386 3.40953 2.70633 2.47269 4.77138 5.06099 4.72972 4.54335 3.53144 4.70443 6.46091 7.85428 5.97461 2.84434 2.79271 8.80018 2.67993 2.63091 2.5957 2.56502 2.79713 5.79288 19.1625 3.60955 2.49563 2.42082 2.39845 2.45305
threshold=0.81365309454649604 -0.76707600263752618 1.7136308150948316 0.57374157371829748 -0.90372535399652321 0.60024155443359561 1.8365623065159464 1.1495863065883827 -0.20576765355688617 4.5432521720492414 0.44823345040270363 1.1904917396839851 0.9652358749025497 0.55836136915153645 1.2994638957836848 2.8232239291283161 0.98642292933457132 1.5767137871784713 0.0080319006199791165 -0.20576765355688617 2.5768581610772556 3.5767933308216593 3.6090885753489395 -0.36218820601171692 0.20691370205938739 0.13813347612334176 -1.1228373327041614 2.593219488673522 1.7136308150948316 -0.38186583422727055
decision_type=2 2 2 2 2 2 2 2 2 2 2 2 2 2 2 2 2 2 2 2 2 2 2 2 2 2 2 2 2 2
left_child=5 2 3 -2 -3 9 15 -8 -9 10 21 12 20 26 19 -7 17 -16 -11 -13 -12 22 28 25 -25 -24 -14 -26 -1 -30
right_child=1 4 -4 -5 -6 6 7 8 -10 18 11 14 13 -15 16 -17 -18 -19 -20 -21 -22 -23 23 24 27 -27 -28 -29 29 -31
leaf_value=-0.00014431401287662331 -0.0089240296675645939 -0.0081737295201236623 0.017764593938246687 0.011416302721740471 0.00058059476267657633 -0.0012626526867802054 -0.0029859625891414145 -0.034837426641024648 -0.0051118729757549976 0.00094449920967842145 0.0018906357746882073 -0.025476879208828462 0.015322839364409447 0.03640196788058217 -0.0010812307653068102 0.017666512480936945 -0.0068533149656402302 0.025665559143655831 0.022637439370155336 -0.0082711731117930936 -0.016192922443151476 -0.011190486258282416 -0.020234596245323443 0.055774564736268739 -0.012013180476302903 0.0040145832040396181 0.00051363561528198641 0.011232484016744863 -0.010211330478349212 -0.0017956046774462303
leaf_weight=38808 38 89 47 45 10953 2566 86 32 23 24 2542 33 50 28 211 20 107 36 35 68 20 53 21 22 24 57 66 21 95 978
leaf_count=38808 38 89 47 45 10953 2566 86 32 23 24 2542 33 50 28 211 20 107 36 35 68 20 53 21 22 24 57 66 21 95 978
internal_value=1.83891e-12 0.000594464 0.00776582 0.00210386 0.000510034 -0.000144296 -0.00160462 -0.0105614 -0.0224067 -5.23234e-05 -7.12425e-05 0.00153773 0.00232869 0.012634 -0.00316629 -0.00111626 -0.000105888 0.00281709 0.0138132 -0.0138928 0.00174947 -0.000198141 -0.000183586 0.00674835 0.0175314 -0.00251404 0.00689691 -0.0011652 -0.000208789 -0.00254071
internal_weight=57198 11172 130 83 11042 46026 2727 141 55 43299 43240 3161 2706 144 455 2586 354 247 59 101 2562 40079 40026 145 67 78 116 45 39881 1073
internal_count=57198 11172 130 83 11042 46026 2727 141 55 43299 43240 3161 2706 144 455 2586 354 247 59 101 2562 40079 40026 145 67 78 116 45 39881 1073
is_linear=0
shrinkage=0.05


Tree=98
num_leaves=31
num_cat=0
split_feature=5 8 0 11 2 5 5 1 4 12 1 1 4 4 12 0 5 2 8 2 1 4 4 5 1 2 4 4 0 0
split_gain=1.95766 4.18927 4.80579 7.80764 5.61407 5.25804 4.89943 9.96405 13.0665 5.1474 5.10209 5.05422 4.45067 10.0777 14.2275 4.11098 5.15175 6.52686 3.81184 7.43708 3.75822 3.57575 4.51292 3.67767 4.61089 4.35926 3.56737 3.5623 5.94976 4.80783
threshold=0.5168783321317606 -1.7049705869141294 -0.44379649577730129 -0.7500292558394458 -0.5697166753376709 0.86189575033690324 1.4101165497556909 0.16039788162064678 -0.091133943663477338 1.3877518748983242 -0.69884413683131141 1.5194418328293251 -0.20576765355688617 -0.29747462147161352 1.3877518748983242 -0.14005610564293822 0.9652358749025497 -0.32073333267496512 -0.25919494664649734 1.0869807819940751 0.93660670550327574 -0.38918158938634145 -0.57259552521579626 0.86189575033690324 -0.80307164333574199 1.2344618619365086 1.4220310269295273 -1.2833245265549345 -0.67278519522355096 -0.016899023803696612
decision_type=2 2 2 2 2 2 2 2 2 2 2 2 2 2 2 2 2 2 2 2 2 2 2 2 2 2 2 2 2 2
left_child=18 21 3 4 -3 -5 7 8 -7 10 -10 20 13 -6 -15 16 17 -4 19 26 -9 22 27 -24 -25 -26 -1 28 -2 -29
right_child=1 2 15 5 12 6 -8 11 9 -11 -12 -13 -14 14 -16 -17 -18 -19 -20 -21 -22 -23 23 24 25 -27 -28 29 -30 -31
leaf_value=-0.001183961609719162 0.0020811517783454032 0.0053963396166548582 0.01357537552151674 -0.0061557009588915426 -0.0069788896415292276 0.0040704051295237928 -0.00077830572528275873 -0.00098842590923921693 0.023523216226415053 0.0087302977089873616 0.053511739003917452 -0.0090475052984092079 -0.0026274989907202934 -0.0087603037245571613 -0.054211987205075501 0.00039961339667873874 0.0060154050247422227 -0.00081138019478246511 0.00011843602226768191 -0.017349497944899445 0.0056802997210145222 0.00076310218919680328 -0.00057684471915907612 0.0010942945835481891 0.032475976213114342 0.010009194617649835 0.0017783414665225696 -0.00085360703985945573 0.017243496015062105 0.017909307964146137
leaf_weight=10023 174 67 87 381 134 227 5535 558 37 27 23 129 114 36 33 8489 800 840 25891 69 340 1308 41 34 50 38 1131 442 103 37
leaf_count=10023 174 67 87 381 134 227 5535 558 37 27 23 129 114 36 33 8489 800 840 25891 69 340 1308 41 34 50 38 1131 442 103 37
internal_value=-1.41986e-12 0.000397641 0.000142624 -0.000805824 -0.00775395 -0.000438168 -0.000121359 0.0025902 0.0103848 0.0268603 0.0350188 0.000207042 -0.0105334 -0.0149731 -0.0304981 0.000852011 0.00307575 0.000538833 -0.000215181 -0.000984822 0.00153648 0.00244248 0.0048327 0.0123785 0.0167324 0.0227744 -0.000883588 0.00320575 0.00771914 0.00059572
internal_weight=57198 20084 17857 7641 384 7257 6876 1341 314 87 60 1027 317 203 69 10216 1727 927 37114 11223 898 2227 919 163 122 88 11154 756 277 479
internal_count=57198 20084 17857 7641 384 7257 6876 1341 314 87 60 1027 317 203 69 10216 1727 927 37114 11223 898 2227 919 163 122 88 11154 756 277 479
is_linear=0
shrinkage=0.05


Tree=99
num_leaves=31
num_cat=0
split_feature=2 4 1 11 11 8 0 6 8 4 3 5 12 0 0 5 6 1 4 6 2 4 3 4 5 0 5 2 3 4
split_gain=1.83481 4.29438 3.70114 3.64265 3.07961 2.86113 2.22519 3.15026 2.42872 2.90281 2.18627 1.98804 2.3512 1.90695 1.85106 2.93493 5.04181 4.34721 2.3963 1.81441 2.83293 2.66539 4.87293 1.79504 1.77477 1.74696 2.6936 4.6992 4.43745 2.07903
threshold=-1.3123201998555716 -0.57259552521579626 -0.76707600263752618 -0.7500292558394458 0.71381099240352019 1.0816417019878375 -0.45180638707072185 -0.88889511337147242 0.21070812337056413 -0.13698742762084057 -0.087719774303818512 -1.3430211371129324 0.6919075675484444 2.4700175506702986 -1.9518562126726928 1.4495693291702281 -0.88889511337147242 0.1415131560833848 0.16106021810202364 -0.88889511337147242 -0.75740424443396392 -0.20576765355688617 -1.1637287880618501 -1.3750314944696622 -1.3694227041112916 -1.7856100734832345 1.4779829372212656 1.1986533503478529 1.6725078410514487 0.36740089591016062
decision_type=2 2 2 2 2 2 2 2 2 2 2 2 2 2 2 2 2 2 2 2 2 2 2 2 2 2 2 2 2 2
left_child=1 3 4 -1 6 23 7 -3 9 -8 -10 12 -2 14 15 16 -13 -17 -18 -14 21 22 -21 -5 -25 26 27 28 -16 -29
right_child=11 2 -4 5 -6 -7 8 -9 10 -11 -12 13 19 -15 25 17 18 -19 -20 20 -22 -23 -24 24 -26 -27 -28 29 -30 -31
leaf_value=-0.015286008341442512 -0.00041293506780008696 -0.00052519072626551846 -0.0076887412671199822 0.0015991808607725912 -0.00031465012325392365 0.012079822060962518 0.01968234393193766 0.020097555093128574 0.033777119368314748 -0.0010552103444933893 0.010398353517521173 -0.0029402725596888077 -0.0021899435602813311 -0.0052654571975325809 0.0066217932881742041 -0.001097199510133405 -0.027966202776331234 0.015486159725341855 -0.006484317016743478 -0.0098564677409798147 0.0068227159676358248 -0.0039331105337938139 -0.038184663876891137 0.0016271724724805259 -0.005795503387639251 0.00014604204665878692 -0.00015680126096870713 -0.017187366545057068 0.030958748292177918 0.0003049232512332347
leaf_weight=66 2177 117 99 135 345 30 27 22 20 45 20 234 521 164 295 1094 34 41 21 63 28 81 20 94 562 50287 461 26 20 49
leaf_count=66 2177 117 99 135 345 30 27 22 20 45 20 234 521 164 295 1094 34 41 21 63 28 81 20 94 562 50287 461 26 20 49
internal_value=2.31186e-12 -0.00167908 0.0012639 -0.00398502 0.00275099 -0.00307653 0.00696473 0.00273884 0.0122094 0.00672137 0.0220877 4.77615e-05 -0.00122911 0.000117749 0.000134545 -0.00164357 -0.00614203 -0.000498153 -0.019764 -0.00372112 -0.00787602 -0.0103856 -0.0166825 -0.00365136 -0.00473189 0.000184059 0.00243054 0.00548891 0.008167 -0.00575907
internal_weight=57198 1582 695 887 596 821 251 139 112 72 40 55616 2890 52726 52562 1424 289 1135 55 713 192 164 83 791 656 51138 851 390 315 75
internal_count=57198 1582 695 887 596 821 251 139 112 72 40 55616 2890 52726 52562 1424 289 1135 55 713 192 164 83 791 656 51138 851 390 315 75
is_linear=0
shrinkage=0.05


Tree=100
num_leaves=31
num_cat=0
split_feature=9 0 4 4 0 0 8 0 1 0 0 0 12 4 0 0 1 4 5 5 4 5 1 0 1 5 7 4 0 4
split_gain=1.81984 3.34505 3.94349 3.41631 2.7162 2.56348 2.37531 2.58089 2.25087 2.07528 2.15601 6.9018 5.11978 2.8403 2.6594 2.14834 5.94607 2.86205 3.24785 8.42212 24.7001 5.41947 3.86644 2.86479 4.11985 4.4703 6.77465 6.40932 4.49983 3.79588
threshold=-1.5490644330984626 -0.012431969559674379 0.069353250187296225 -1.008203622810752 0.035253852697791459 2.4700175506702986 1.0816417019878375 2.0936190745863663 1.1389860958439442 -1.9518562126726928 -1.4280469313221158 -0.92988716136921734 1.0000000180025095e-35 0.16106021810202364 -0.77375507822379019 -0.45180638707072185 1.5549020555960671 0.13813347612334176 1.386347522532285 1.3599459555339253 -0.18284091157820473 1.4312047935437753 2.8232239291283161 0.28962790991997789 2.1514073801717424 1.386347522532285 -0.17418860646293408 0.34447415393147868 -0.094906923654009892 1.490811252865573
decision_type=2 2 2 2 2 2 2 2 2 2 2 2 2 2 2 2 2 2 2 2 2 2 2 2 2 2 2 2 2 2
left_child=1 3 6 -1 -4 8 7 -3 -2 -10 12 -12 13 -11 -13 16 -16 18 19 -17 -21 -20 -23 24 29 26 -26 -27 -29 -19
right_child=5 2 4 -5 -6 -7 -8 -9 9 10 11 14 -14 -15 15 17 -18 23 21 20 -22 22 -24 -25 25 27 -28 28 -30 -31
leaf_value=-0.0085231045184627884 -0.00015021538543573534 0.0075446652169599907 0.010159176803226103 0.0006495251273644898 -0.0012104707568256047 -0.0072618924136220566 -0.0020669752171064222 -0.0020476423767104282 -0.013243383690356637 0.032745148064125151 -0.010053773893230301 0.010712130839404251 -0.00065082722282233207 0.010224145136418797 0.0014717056328340226 0.0002786710726639838 -0.011828746518776675 0.0098433523837314508 -0.016685416715296164 -0.018731982129393147 0.056503885860244435 -0.0049181001269831687 0.020086996426636524 0.0011300221338053828 -0.032501088756890527 -0.0054982571678852702 -0.0017732143735255655 0.034447388440370562 0.0066733242807510713 0.0010550116941555065
leaf_weight=142 48913 568 58 356 557 123 96 80 26 21 144 70 95 42 270 3160 122 407 73 20 24 52 22 1323 21 54 123 25 35 176
leaf_count=142 48913 568 58 356 557 123 96 80 26 21 144 70 95 42 270 3160 122 407 73 20 24 52 22 1323 21 54 123 25 35 176
internal_value=1.338e-12 0.00153962 0.00282423 -0.00196596 -0.000138211 -5.16629e-05 0.00527302 0.00636043 -3.56019e-05 0.000853548 0.00091192 0.000763064 0.00667869 0.0177311 0.00102367 0.000908855 -0.00266772 0.00116307 0.000247744 0.000581165 0.0223058 -0.00701947 0.00251585 0.00258048 0.00486224 -0.000398384 -0.00625436 0.00699864 0.0182459 0.00719027
internal_weight=57198 1857 1359 498 615 55341 744 648 55218 6305 6279 6121 158 63 5977 5907 392 5515 3351 3204 44 147 74 2164 841 258 144 114 60 583
internal_count=57198 1857 1359 498 615 55341 744 648 55218 6305 6279 6121 158 63 5977 5907 392 5515 3351 3204 44 147 74 2164 841 258 144 114 60 583
is_linear=0
shrinkage=0.05


Tree=101
num_leaves=31
num_cat=0
split_feature=0 1 6 4 2 0 2 5 4 1 0 5 5 0 5 1 0 4 6 9 5 4 3 8 4 5 4 3 5 2
split_gain=1.68706 2.45362 2.65213 3.07247 2.39522 2.21003 4.27353 4.4522 4.07014 3.92128 3.1614 4.27798 5.9318 7.09008 5.49545 3.62314 2.74242 3.54019 5.4593 5.66131 3.83084 4.0996 3.32478 3.16396 10.1765 7.0085 4.85092 12.4545 10.3811 9.59041
threshold=0.81365309454649604 -0.76707600263752618 1.7136308150948316 0.57374157371829748 -0.90372535399652321 0.60024155443359561 1.8365623065159464 1.1495863065883827 -0.20576765355688617 4.5432521720492414 0.43202768883440962 1.1904917396839851 0.9652358749025497 0.55836136915153645 1.2994638957836848 2.5768581610772556 0.30827873209710005 1.2156903491213902 1.0000000180025095e-35 -1.0493067027141429 -0.73523310476190373 0.13813347612334176 0.87136745916807712 1.0816417019878375 -1.2833245265549345 0.33010122217555887 -0.20576765355688617 1.1869518292971126 -0.89749154395743946 0.41896453102492348
decision_type=2 2 2 2 2 2 2 2 2 2 2 2 2 2 2 2 2 2 2 2 2 2 2 2 2 2 2 2 2 2
left_child=5 2 3 -2 -3 9 -7 -8 -9 10 16 12 15 -14 -13 -12 23 18 19 -18 -21 22 -22 -1 25 -25 27 28 -26 -29
right_child=1 4 -4 -5 -6 6 7 8 -10 -11 11 14 13 -15 -16 -17 17 -19 -20 20 21 -23 -24 24 26 -27 -28 29 -30 -31
leaf_value=-0.00022949505386123939 -0.0084624843543248361 -0.0076986461660688678 0.016870651249971957 0.010846282850899218 0.00053714646748399375 -0.0010521871367935377 -0.0028857854059572488 -0.032632486408692783 -0.0050574003597316543 0.012834531749153244 0.0017261333520107659 -0.012832612778822132 0.0064895103749786996 0.034522455945677523 -0.00015319792707128496 -0.015737663234273596 0.0011962230212723859 -0.0053381948814635975 0.00081493114625913509 0.0016180406423642281 -0.0096942989664413302 0.0018255570952808769 -0.02342769378648462 -0.012717091207958954 0.0087160694361161067 0.0001163837979485866 0.00086050498101045722 0.049362135747366628 -0.0014705040101143626 0.013303263598467195
leaf_weight=33012 38 89 47 45 10953 2586 86 32 23 59 2964 110 116 28 383 30 301 535 1631 94 289 66 52 201 458 226 2077 23 551 93
leaf_count=33012 38 89 47 45 10953 2586 86 32 23 59 2964 110 116 28 383 30 301 535 1631 94 289 66 52 201 458 226 2077 23 551 93
internal_value=-2.5038e-12 0.000551165 0.00738022 0.00200612 0.000470765 -0.000133786 -0.00151437 -0.00999104 -0.0211011 -4.68353e-05 -6.44116e-05 0.00134764 0.0020279 0.0119404 -0.00298228 0.00155115 -0.000193856 -0.00165567 -0.000845908 -0.0042235 -0.00747966 -0.00958085 -0.0117885 -7.54458e-05 0.0013259 -0.00592467 0.00229279 0.00493711 0.00315333 0.0204529
internal_weight=57198 11172 130 83 11042 46026 2727 141 55 43299 43240 3631 3138 144 493 2994 39609 2968 2433 802 501 407 341 36641 3629 427 3202 1125 1009 116
internal_count=57198 11172 130 83 11042 46026 2727 141 55 43299 43240 3631 3138 144 493 2994 39609 2968 2433 802 501 407 341 36641 3629 427 3202 1125 1009 116
is_linear=0
shrinkage=0.05


Tree=102
num_leaves=31
num_cat=0
split_feature=5 4 2 4 0 2 7 7 6 8 2 4 6 5 2 12 7 7 4 3 5 0 0 5 2 3 7 0 4 3
split_gain=1.71763 3.47412 6.80456 4.65696 5.8251 4.55905 11.4047 4.44548 3.65592 3.23079 2.87454 2.86285 5.74889 4.46299 6.71506 3.59669 2.72137 2.57506 2.32825 2.26292 2.27187 2.2528 2.3105 2.22438 2.11112 2.48067 2.01389 1.99322 2.55496 1.98606
threshold=-1.1735669212629918 -0.64137575115184176 -0.29575540003425288 -1.2603977845762526 -0.96379483790635634 -0.36962218145785103 0.50726550913191959 -0.44313593596502393 0.31220406105026438 0.38174988366425283 -1.9672679338424122 1.0093496713132535 -0.88889511337147242 -1.3140404490756492 -1.2036107711271551 -1.0477032008262543 -0.44313593596502393 -0.17418860646293408 0.71130202559038891 -1.1785584707595622 -1.2485803101923583 0.79024895926192718 1.8345081719818419 -1.3140404490756492 -0.88027644670484284 0.44675558238898866 -0.080597219688208724 -0.8536411221757757 1.5137379948442546 -0.1441253030944695
decision_type=2 2 2 2 2 2 2 2 2 2 2 2 2 2 2 2 2 2 2 2 2 2 2 2 2 2 2 2 2 2
left_child=1 2 10 4 -4 11 7 -7 -9 -6 -1 16 27 -14 -15 -16 18 -5 23 -18 24 -8 -23 -3 26 -26 -21 -13 -29 -12
right_child=-2 5 3 17 9 6 21 8 -10 -11 29 12 13 14 15 -17 19 -19 -20 20 -22 22 -24 -25 25 -27 -28 28 -30 -31
leaf_value=-0.0077595915793118855 0.00011856381327722499 -0.00075039328079800195 -0.027220279900800615 0.010117416520915868 0.0062444867280340008 -0.0059922814367866627 0.010310663761543659 -0.0099136819882135446 -0.024820655893820986 -0.012072421072728256 -0.00025972520590836613 -0.0016187463532060067 -3.7634718500348288e-05 0.023997900339774791 -0.006498267146713671 0.0064574005424385857 -0.00063859903310672385 0.0031091306245306862 -0.004140516100447772 -0.0072721905222889382 -0.00092459669935688943 -0.0020194511201065716 0.0071909727338883705 0.0038147629515940169 -0.010787888448925831 0.0075709624588489541 -0.0013436100979542492 -0.014348517659042652 0.0025266677683248419 0.014838029397651553
leaf_weight=130 48177 604 21 320 89 436 68 112 65 33 2203 400 506 50 62 394 854 222 244 247 409 262 92 478 230 20 341 75 32 22
leaf_count=130 48177 604 21 320 89 436 68 112 65 33 2203 400 506 50 62 394 854 222 244 247 409 262 92 478 230 20 341 75 32 22
internal_value=-1.67875e-13 -0.000633195 0.000743111 0.00512926 -0.0028969 -0.00133274 -0.00435045 -0.00870524 -0.015388 0.00128991 -0.00053269 -0.000701253 0.00110559 0.00328278 0.0066032 0.00469588 -0.00150213 0.00724686 0.000271443 -0.00262148 -0.00397944 0.00197535 0.000374218 0.00126638 -0.0054704 -0.00931918 -0.00383402 -0.00324021 -0.00930173 -0.000110444
internal_weight=57198 9021 3040 685 143 5981 1035 613 177 122 2355 4946 1519 1012 506 456 3427 542 1326 2101 1247 422 354 1082 838 250 588 507 107 2225
internal_count=57198 9021 3040 685 143 5981 1035 613 177 122 2355 4946 1519 1012 506 456 3427 542 1326 2101 1247 422 354 1082 838 250 588 507 107 2225
is_linear=0
shrinkage=0.05


Tree=103
num_leaves=31
num_cat=0
split_feature=5 8 0 11 2 5 5 0 3 4 4 3 3 2 2 4 4 3 3 0 5 2 3 4 4 4 4 5 0 2
split_gain=1.64484 3.78422 4.04911 7.06167 5.07841 4.7324 4.40991 8.35224 5.36426 5.42544 13.6689 8.10234 4.48459 4.40312 4.17577 3.81159 9.50832 13.261 3.649 3.63177 4.52456 5.82892 3.43384 4.20544 5.84075 3.22205 4.08974 3.31746 3.60588 3.89026
threshold=0.5168783321317606 -1.7049705869141294 -0.44379649577730129 -0.7500292558394458 -0.59673217154252389 0.86189575033690324 1.4101165497556909 -0.65041253724159154 1.6725078410514487 -0.091133943663477338 1.490811252865573 -0.17907257356197429 0.63708671691225505 -0.10943733408382968 0.86653135677251913 -0.20576765355688617 -0.29747462147161352 0.63708671691225505 0.70972987705877644 -0.14005610564293822 0.9652358749025497 -0.32073333267496512 0.31277627237821143 -0.43503507334370556 -1.2833245265549345 -0.38918158938634145 -0.57259552521579626 0.86189575033690324 -1.6253228648146949 1.2344618619365086
decision_type=2 2 2 2 2 2 2 2 2 2 2 2 2 2 2 2 2 2 2 2 2 2 2 2 2 2 2 2 2 2
left_child=-1 25 3 4 -3 -5 7 8 9 -7 11 -11 13 -13 18 16 -6 -18 -9 20 21 -4 -23 24 -24 26 -2 -28 -29 -30
right_child=1 2 19 5 15 6 -8 14 -10 10 -12 12 -14 -15 -16 -17 17 -19 -20 -21 -22 22 23 -25 -26 -27 27 28 29 -31
leaf_value=-0.00019724138927952064 0.0030281002417988025 0.0064158971936098836 0.012805721081857539 -0.005823045414951912 -0.0063773888055808281 0.0034102136527468436 -0.00072152615892876382 -0.0059013450689449467 -0.0050291013680950946 -0.00094987418587234884 -0.00047332628309959546 0.012153839387676934 0.010706040434623984 0.037446007396601422 -0.012631358084271219 -0.0024276101150367737 -0.051871123677825162 -0.0079903540608938783 0.0055395354376287292 0.00034805033066331517 0.0056182871760593125 0.0020946203185822194 0.011774742020213086 -0.00029707986388468976 -0.015806811842726191 0.00071380434917052199 -0.00054433937383270483 0.0026094159024069087 0.030918935152779645 0.0095050063388618204
leaf_weight=37114 756 57 87 381 143 548 5535 153 118 33 128 22 33 79 99 115 33 36 128 8489 800 463 23 238 116 1308 41 36 48 38
leaf_count=37114 756 57 87 381 143 548 5535 153 118 33 128 22 33 79 99 115 33 36 128 8489 800 463 23 238 116 1308 41 36 48 38
internal_value=1.77017e-12 0.00036449 0.000122114 -0.00074847 -0.00735634 -0.000398819 -9.82617e-05 0.00247427 0.00495562 0.00635324 0.0118203 0.0212429 0.0267083 0.0319368 -0.00380092 -0.00975701 -0.0137329 -0.0289768 -0.000689841 0.000773263 0.00286338 0.000485902 -0.00079008 -0.00433283 -0.011243 0.00230796 0.00457689 0.0117602 0.0158954 0.021457
internal_weight=57198 20084 17857 7641 384 7257 6876 1341 961 843 295 167 134 101 380 327 212 69 281 10216 1727 927 840 377 139 2227 919 163 122 86
internal_count=57198 20084 17857 7641 384 7257 6876 1341 961 843 295 167 134 101 380 327 212 69 281 10216 1727 927 840 377 139 2227 919 163 122 86
is_linear=0
shrinkage=0.05


Tree=104
num_leaves=31
num_cat=0
split_feature=9 0 4 4 7 4 0 1 0 0 0 2 0 4 4 0 4 4 6 2 5 0 4 1 1 0 6 0 5 12
split_gain=1.61838 2.97169 3.55325 3.08322 2.66678 3.10509 2.32929 1.90752 1.99665 2.48218 3.74602 7.57384 4.5387 5.10728 6.48769 3.14897 4.89753 8.01812 6.56559 7.4071 7.24579 6.91492 4.3238 20.5367 4.12377 3.97497 5.5323 4.48368 3.87875 6.2195
threshold=-1.5490644330984626 -0.012431969559674379 0.069353250187296225 -1.008203622810752 1.0000000180025095e-35 1.3532508009934816 2.4700175506702986 1.1389860958439442 2.1320600998353485 1.6437776611856465 1.1449233396486802 0.46127212990316746 0.93924602935240131 0.16106021810202364 1.5595914788016185 0.76701006881243816 -0.068207201684795479 -1.0999105907254794 1.0000000180025095e-35 0.21846591282390135 1.1065214618131212 0.27062158236138167 0.069353250187296225 1.9057463713989586 1.5975434230365171 0.54568875044379339 0.31220406105026438 -0.6271509910208567 1.1495863065883827 -1.0477032008262543
decision_type=2 2 2 2 2 2 2 2 2 2 2 2 2 2 2 2 2 2 2 2 2 2 2 2 2 2 2 2 2 2
left_child=1 3 -3 -1 5 -4 7 -2 9 10 12 -12 15 -14 -15 16 17 24 19 20 -19 -20 23 -18 25 26 27 -9 -23 -30
right_child=6 2 4 -5 -6 -7 -8 8 -10 -11 11 -13 13 14 -16 -17 22 18 21 -21 -22 28 -24 -25 -26 -27 -28 -29 29 -31
leaf_value=-0.0080815406453887545 -0.00013891967270574638 0.0049871678264269709 -0.001140844874503162 0.00063245751614763484 -0.0063577460416558169 0.0075042338177138991 -0.006921721251427794 0.010686509378419648 0.0063349658384796856 -0.0016397196741279856 0.031241974793374538 0.0028890946724701265 -0.012524658956743302 0.0084883111546962316 -0.016109551310134858 0.0075217844108401823 0.00087334088849891356 -0.0050099662467837335 -0.018201266878659462 -0.003998689952508328 0.030233985818922521 0.0011245911813852953 0.0011852432768196628 0.04249297793249826 0.010705254401545973 -0.01128111993912171 0.014194682203493646 -0.0046586084193209329 -0.02969764792783694 -0.0029745620668109041
leaf_weight=142 48913 744 328 356 135 152 123 62 158 998 24 1267 141 91 38 165 149 25 154 252 35 131 2016 37 120 64 76 205 33 64
leaf_count=142 48913 744 328 356 135 152 123 62 158 998 24 1267 141 91 38 165 149 25 154 252 35 131 2016 37 120 64 76 205 33 64
internal_value=8.5275e-13 0.0014519 0.0026627 -0.00185226 -0.000149348 0.00159676 -4.87194e-05 -3.34095e-05 0.000785118 0.000642467 0.00108481 0.00341618 0.000304664 -0.00594705 0.00124243 0.000775111 0.000449899 -0.00208994 -0.00562075 -0.000239518 0.015549 -0.0100159 0.00185823 0.00915252 0.00255974 0.000158116 0.00229255 -0.00109532 -0.00448716 -0.0120659
internal_weight=57198 1857 1359 498 615 480 55341 55218 6305 6147 5149 1291 3858 270 129 3588 3423 1221 694 312 60 382 2202 186 527 407 343 267 228 97
internal_count=57198 1857 1359 498 615 480 55341 55218 6305 6147 5149 1291 3858 270 129 3588 3423 1221 694 312 60 382 2202 186 527 407 343 267 228 97
is_linear=0
shrinkage=0.05


Tree=105
num_leaves=31
num_cat=0
split_feature=9 9 4 7 3 4 4 8 1 1 8 2 1 2 12 3 4 11 8 11 5 5 4 5 8 3 4 9 8 6
split_gain=1.57814 7.27907 8.96462 9.18558 7.88011 5.72178 5.26806 10.3998 6.89177 6.81618 6.17175 5.06533 5.0124 9.71216 6.40903 4.8535 12.2096 6.08418 5.4946 4.43353 8.28623 6.87158 8.82229 9.11654 8.91751 7.14605 8.2636 6.77582 8.33076 6.48229
threshold=0.25006339628508761 1.0000000180025095e-35 1.3303240590147996 -0.67566290470831769 -1.4397021174243292 1.5595914788016185 0.57374157371829748 1.0184757865176055 -0.35848620981591067 0.16039788162064678 -0.25919494664649734 2.6677511286377769 0.39212955187785875 0.68990076237583897 -0.69978104715131473 2.593219488673522 -0.36625484740765951 -1.4819493799609287 -0.99042967103748658 1.0000000180025095e-35 -0.84497093191591066 -0.24956724947920125 0.11520673414465986 -0.79085023738312954 -1.7049705869141294 -0.93995279231850082 -0.25162113751425025 -0.84940361056041536 1.0184757865176055 1.0000000180025095e-35
decision_type=2 2 2 2 2 2 2 2 2 2 2 2 2 2 2 2 2 2 2 2 2 2 2 2 2 2 2 2 2 2
left_child=1 4 6 5 -1 -4 8 9 10 -8 -3 15 -5 -14 -15 17 -17 18 -10 21 -21 22 23 24 -6 26 -25 -22 -29 -23
right_child=-2 2 3 12 19 -7 7 -9 11 -11 -12 -13 13 14 -16 16 -18 -19 -20 20 27 29 -24 25 -26 -27 -28 28 -30 -31
leaf_value=0.012634885917135808 -0.00031418240464991317 0.0010838969879929561 0.021754712709362675 -0.0017497535428555033 0.012019965174390124 0.0059995754112605942 -0.0066412143436914879 0.0086327259254000855 0.028216564365559155 0.014908143045762793 0.008108668476587335 0.010094478360936047 0.02331404350573818 0.021969796709405881 -0.0010010962113474026 0.013863507919013501 -0.037286745504076992 -0.00037537945590782951 0.00018830131979056581 -0.004646221887999606 0.00043502735718753448 -0.00086387278937656478 0.0010925209878435715 0.004829892439685398 -0.00059562300239665946 -0.0044967024295603465 -0.011372614432169491 0.0059821099210652711 -0.0025422586066683192 0.001282091958925101
leaf_weight=121 23528 581 136 261 155 100 621 166 36 39 677 125 75 36 194 20 28 2156 34 574 3604 7120 2199 417 1455 3933 97 1391 361 6958
leaf_count=121 23528 581 136 261 155 100 621 166 36 39 677 125 75 36 194 20 28 2156 34 574 3604 7120 2199 417 1455 3933 97 1391 361 6958
internal_value=-1.49868e-12 0.000219545 0.0019233 0.00679198 -9.76777e-05 0.0150788 0.00105231 -0.00255417 0.0018669 -0.00536784 0.00486432 0.000295094 0.00333669 0.00768936 0.00259435 -0.00024357 -0.0159741 9.56336e-05 0.0146028 -0.000152187 0.00106311 -0.000474867 -0.00162012 -0.00260494 0.000618921 -0.00377212 0.00177222 0.00167498 0.00422566 0.000196762
internal_weight=57198 33670 5285 802 28385 236 4483 826 3657 660 1258 2399 566 305 230 2274 48 2226 70 28264 5930 22334 8256 6057 1610 4447 514 5356 1752 14078
internal_count=57198 33670 5285 802 28385 236 4483 826 3657 660 1258 2399 566 305 230 2274 48 2226 70 28264 5930 22334 8256 6057 1610 4447 514 5356 1752 14078
is_linear=0
shrinkage=0.05


Tree=106
num_leaves=31
num_cat=0
split_feature=2 4 1 4 11 4 1 4 5 5 3 2 5 4 5 9 9 4 7 3 4 4 8 1 1 8 2 1 4 4
split_gain=1.50934 4.33048 2.82927 2.38498 2.3112 1.67882 1.34795 2.34139 4.22246 8.21629 3.536 3.15704 3.09961 7.53944 2.55369 1.4724 6.19489 8.19678 8.28999 7.19783 5.16391 4.65297 9.39143 6.42124 6.15604 5.49184 4.63363 6.37774 21.0979 4.7006
threshold=-1.5899400149756182 -0.57259552521579626 -0.8521019949866494 1.3303240590147996 -0.7500292558394458 -1.3750314944696622 4.5432521720492414 -0.48088855730106883 1.2291569272765577 1.386347522532285 2.8180227285006008 5.1381541538316595 1.3309652674966419 -0.15991416959952287 0.86189575033690324 0.25006339628508761 1.0000000180025095e-35 1.3303240590147996 -0.67566290470831769 -1.4397021174243292 1.5595914788016185 0.57374157371829748 1.0184757865176055 -0.35848620981591067 0.16039788162064678 -0.25919494664649734 2.6677511286377769 2.5768581610772556 -0.11406068564215872 -1.0540571067681157
decision_type=2 2 2 2 2 2 2 2 2 2 2 2 2 2 2 2 2 2 2 2 2 2 2 2 2 2 2 2 2 2
left_child=1 4 3 -3 -1 -6 15 -8 10 12 14 -11 13 -10 -9 16 19 21 20 -2 -19 23 24 25 -23 -18 27 29 -29 -25
right_child=6 2 -4 -5 5 -7 7 8 9 11 -12 -13 -14 -15 -16 -17 17 18 -20 -21 -22 22 -24 26 -26 -27 -28 28 -30 -31
leaf_value=-0.016294900414555571 0.012813400391099053 0.0070233263069078671 -0.01247863657772541 -0.008884555404936826 0.0032569763612431976 -0.0055300554833352129 -0.012338991928845645 -0.0073999512397708248 0.037450468782335523 0.010895559333619617 -0.019530166086295379 -0.014953152635307224 0.038412692511211273 -0.0054445429039852965 0.012937392233729814 -0.0002963730104313614 0.0010210011338963789 0.020666977077523963 0.0031698572774567432 -0.00011939888858803726 0.0056995966685935854 -0.0063175115335944877 0.0082010896555260275 -0.0029979747082051057 0.014162736083679378 0.0076904747746461182 0.0095897544786799696 -0.057448359467089177 0.010306732522116767 0.0017997538175615925
leaf_weight=43 108 185 26 27 65 332 20 29 20 21 23 27 23 21 33 22853 568 136 566 28075 100 620 166 794 39 676 125 20 27 1430
leaf_count=43 108 185 26 27 65 332 20 29 20 21 23 27 23 21 33 22853 568 136 566 28075 100 620 166 794 39 676 125 20 27 1430
internal_value=2.5879e-12 -0.00234509 0.00308818 0.00499732 -0.00528399 -0.00409137 2.81311e-05 0.00396129 0.00561614 0.0119932 -0.00278657 -0.00364434 0.0237213 0.0154799 0.00342476 1.29721e-05 0.000224316 0.0017983 0.00645238 -6.98391e-05 0.0143249 0.00096234 -0.00242804 0.00173076 -0.00510548 0.00464525 0.000217567 -0.000298296 -0.0185252 8.68957e-05
internal_weight=57198 678 238 212 440 397 56520 217 197 112 85 48 64 41 62 56303 33450 5267 802 28183 236 4465 825 3640 659 1244 2396 2271 47 2224
internal_count=57198 678 238 212 440 397 56520 217 197 112 85 48 64 41 62 56303 33450 5267 802 28183 236 4465 825 3640 659 1244 2396 2271 47 2224
is_linear=0
shrinkage=0.05


Tree=107
num_leaves=31
num_cat=0
split_feature=9 0 2 7 0 5 8 0 11 2 5 0 5 0 5 2 8 2 5 0 1 3 0 0 1 3 0 3 3 1
split_gain=1.44844 2.61635 3.28723 2.2761 2.13991 1.67661 3.48254 3.40118 6.41298 4.52433 4.26999 3.59698 8.46724 3.44341 3.94704 5.25109 3.38413 7.56968 3.28894 6.70885 5.0738 8.19795 8.15057 7.44282 4.27639 4.21029 3.67251 3.09571 3.08141 9.01646
threshold=-1.5490644330984626 -0.012431969559674379 -0.24345255592174966 -0.17418860646293408 2.4700175506702986 0.5168783321317606 -1.7049705869141294 -0.44379649577730129 -0.7500292558394458 -0.5697166753376709 0.80777505580412223 -0.65041253724159154 1.2291569272765577 -0.14005610564293822 0.9652358749025497 -0.32073333267496512 -0.25919494664649734 1.0166605730263127 1.4312047935437753 -0.6271509910208567 0.68320534192064908 1.5048606475528781 -1.5143630514267346 -1.3418761623413336 1.3794456466955116 0.63708671691225505 -1.9518562126726928 0.31277627237821143 0.078936671547967852 -0.5892903889598583
decision_type=2 2 2 2 2 2 2 2 2 2 2 2 2 2 2 2 2 2 2 2 2 2 2 2 2 2 2 2 2 2
left_child=1 -1 -3 -4 5 16 -7 8 9 -8 -10 12 -11 14 15 -9 17 -2 19 25 21 -20 -22 -24 -21 26 -12 -17 -28 -30
right_child=4 2 3 -5 -6 6 7 13 10 11 18 -13 -14 -15 -16 27 -18 -19 20 24 22 -23 23 -25 -26 -27 28 -29 29 -31
leaf_value=-0.0017267620003074255 -0.00087166253563464844 0.0075774892703018744 0.0036283549915073019 -0.00092107532829673521 -0.00663376984231901 0.0021973805038565182 0.0048107339868516622 0.012205124401953073 -0.0060019766654803115 -0.037629559174563516 -0.0049915450468096282 -0.0060577493665602694 -0.0063026916917898876 0.00028321676085957037 0.0053055377993996445 0.0020397875000669656 8.3828642930626961e-05 -0.016812577503112457 -0.0005620680432047953 -0.0016803843836588697 -0.021352449676021935 0.02216941378428601 0.019617730463770303 -0.0060974299349149828 -0.015194901198588517 -0.00089295731524691451 0.003500326916260647 -0.0040630040018772495 0.032728680344046773 0.0067672872833904928
leaf_weight=498 10571 259 541 559 123 2227 67 87 321 34 86 224 59 8489 800 463 24488 75 4713 313 75 40 33 191 72 444 584 377 37 348
leaf_count=498 10571 259 541 559 123 2227 67 87 321 34 86 224 59 8489 800 463 24488 75 4713 313 75 40 33 191 72 444 584 377 37 348
internal_value=3.1682e-13 0.00137356 0.00250966 0.00131642 -4.60906e-05 -3.14163e-05 0.000332989 0.000100475 -0.000697421 -0.00699448 -0.000364216 -0.00948959 -0.0177555 0.000697256 0.00273245 0.000511882 -0.000239725 -0.000983965 -0.000103299 0.00167963 -0.000768192 -0.000370766 -0.00708581 -0.00230904 -0.00420777 0.00319174 0.0049108 -0.000699203 0.00578965 0.00926228
internal_weight=57198 1857 1359 1100 55341 55218 20084 17857 7641 384 7257 317 93 10216 1727 927 35134 10646 6936 1884 5052 4753 299 224 385 1499 1055 840 969 385
internal_count=57198 1857 1359 1100 55341 55218 20084 17857 7641 384 7257 317 93 10216 1727 927 35134 10646 6936 1884 5052 4753 299 224 385 1499 1055 840 969 385
is_linear=0
shrinkage=0.05


Tree=108
num_leaves=31
num_cat=0
split_feature=3 5 9 0 4 4 0 0 8 0 0 4 2 4 5 5 4 3 2 4 4 4 5 6 12 7 5 3 0 0
split_gain=1.35805 1.40354 1.26426 2.36125 3.13055 2.77225 2.30884 1.94501 1.89273 2.26724 1.68721 1.90441 1.40816 4.06228 3.01317 2.64821 7.00367 4.82124 4.38624 7.74507 4.9643 7.7877 22.9637 3.55922 3.29988 2.96671 4.93594 5.61157 2.94466 8.06639
threshold=-1.9160917397235644 -1.3694227041112916 -1.5490644330984626 -0.012431969559674379 1.0000000180025095e-35 -0.91649665489602461 0.035253852697791459 2.4700175506702986 1.0816417019878375 2.0936190745863663 2.1320600998353485 1.3532508009934816 1.7072088707226738 -1.4896652043630716 1.2655051286133518 1.386347522532285 0.11520673414465986 1.3470610015778208 2.9697660757573816 0.50496134778225188 0.34447415393147868 0.25276718601675113 1.4495693291702281 1.7136308150948316 0.34398541387350456 -0.17418860646293408 1.2655051286133518 2.1013061194939193 1.6887697751547579 1.5797132453445968
decision_type=2 2 2 2 2 2 2 2 2 2 2 2 2 2 2 2 2 2 2 2 2 2 2 2 2 2 2 2 2 2
left_child=1 -1 3 5 8 -2 -6 12 9 -5 11 -8 -4 14 -14 17 -17 -15 24 20 21 22 -20 -21 -18 26 27 -19 29 -27
right_child=2 -3 7 4 6 -7 10 -9 -10 -11 -12 -13 13 15 -16 16 18 25 19 23 -22 -23 -24 -25 -26 28 -28 -29 -30 -31
leaf_value=0.005457163076758623 -0.0072160109233522386 -0.0036684954363782087 -6.4855854360795572e-05 0.0068483900306607372 0.0094246310976751416 0.00085562380766130569 -0.0021704434766479722 -0.0063020813793021567 -0.0019836078646577613 -0.0024332814142107966 -0.011078765760892286 0.0042862400129160963 0.0062348371598636735 0.0062663526245646251 0.026305896715949413 -0.012770646438187372 -0.0099881827351055111 -0.0049466438693638922 -0.018888947587798945 -0.02278289228539776 0.022225448175041535 -0.018457189596329745 0.055137877668021251 0.0039833148688320878 0.0033076562824862783 0.0018565754059618044 -0.015463060272427706 0.0051624585250944002 -0.0015937589281008345 0.018783348644106294
leaf_weight=47 154 407 52099 536 58 344 399 123 92 75 39 160 100 419 23 126 112 345 22 27 67 26 20 23 80 537 65 228 364 81
leaf_count=47 154 407 52099 536 58 344 399 123 92 75 39 160 100 419 23 126 112 345 22 27 67 26 20 23 80 537 65 228 364 81
internal_value=1.5542e-12 -0.00272377 2.17925e-05 0.00130488 0.00238418 -0.00164042 -0.000100079 -2.16185e-05 0.00470235 0.00570907 -0.00102388 -0.000322377 -7.51258e-06 0.00111351 0.00998796 0.000684102 -0.00256515 0.00148566 0.000845711 0.00633998 0.0125661 0.00304873 0.0163619 -0.0104704 -0.00444825 0.000249169 -0.00240541 -0.000924174 0.00197383 0.00407513
internal_weight=57198 454 56744 1857 1359 498 656 54887 703 611 598 559 54764 2665 123 2542 503 2039 377 185 135 68 42 50 192 1620 638 573 982 618
internal_count=57198 454 56744 1857 1359 498 656 54887 703 611 598 559 54764 2665 123 2542 503 2039 377 185 135 68 42 50 192 1620 638 573 982 618
is_linear=0
shrinkage=0.05


Tree=109
num_leaves=31
num_cat=0
split_feature=0 1 2 0 1 2 9 1 5 0 3 1 5 2 5 0 0 5 5 5 0 1 2 3 0 0 5 11 5 2
split_gain=1.33631 2.22386 2.27908 2.06006 3.64652 2.94702 2.15867 2.03092 2.40884 1.99125 3.99163 3.31066 2.94003 3.24543 2.66591 3.14457 2.57913 3.75357 4.84138 4.61985 6.3957 3.34845 2.53602 2.53166 2.50094 2.47799 2.8555 5.39221 8.19636 5.62103
threshold=0.81365309454649604 -0.76707600263752618 -0.74745576006326042 0.85193346645677892 0.95583162663342336 -0.80617916060238481 -0.24969433409923195 3.5767933308216593 0.80777505580412223 0.60024155443359561 1.5369806572815394 4.5432521720492414 0.45541128839052486 1.1130214684400512 0.75215792318289665 0.70034578611526144 0.43202768883440962 1.1904917396839851 1.2994638957836848 0.9652358749025497 0.55836136915153645 2.5768581610772556 2.6677511286377769 1.6725078410514487 0.0080319006199791165 0.30827873209710005 -0.37618863167946776 1.0000000180025095e-35 -0.84497093191591066 0.14062825127466352
decision_type=2 2 2 2 2 2 2 2 2 2 2 2 2 2 2 2 2 2 2 2 2 2 2 2 2 2 2 2 2 2
left_child=9 2 -2 4 6 -5 -3 -7 -9 11 12 16 13 -11 -12 22 25 19 -19 21 -21 -18 23 -16 -13 -1 27 29 -29 -27
right_child=1 3 -4 5 -6 7 -8 8 -10 10 14 24 -14 -15 15 -17 17 18 -20 20 -22 -23 -24 -25 -26 26 -28 28 -30 -31
leaf_value=-5.7044897364974732e-05 0.010853421514056931 -0.0012004339351627204 -0.0043583180825931562 -0.0073243691642548795 0.013440666294191035 0.00024938903455611159 0.0071354956456418277 -0.011098148949120356 0.0057484712037351032 -0.0013532456691657342 -0.019393907210512745 -0.00063203477766364817 0.0024049185622080772 -0.013906680170077622 -0.022132461392523155 0.0026086307646774718 0.0016074044877161812 -0.012078716197707267 -0.00017774152615370215 0.0054307292544700471 0.032055589114315809 -0.015181329684952897 -0.025667028333991766 -0.0042054125299017852 0.020323943913515125 -0.0032849062276052612 -0.00030897762936436509 -0.0035844805233649318 0.014404762352933177 -0.01289592616319752
leaf_weight=36641 97 231 33 126 80 10191 117 23 274 1802 37 24 566 53 23 89 2964 110 383 116 28 30 20 137 35 692 1799 186 96 195
leaf_count=36641 97 231 33 126 80 10191 117 23 274 1802 37 24 566 53 23 89 2964 110 383 116 28 30 20 137 35 692 1799 186 96 195
internal_value=1.33589e-12 0.000490534 0.00699198 0.00041399 0.00381497 0.000276849 0.00160216 0.000368168 0.00444385 -0.000119068 -0.00142954 -3.6534e-05 -0.00074945 -0.00171192 -0.00681025 -0.00507941 -5.2684e-05 0.00122272 -0.00283313 0.00185992 0.0106078 0.00143918 -0.00888071 -0.00678243 0.0117995 -0.000169602 -0.00155915 -0.00348308 0.00253952 -0.00539781
internal_weight=57198 11172 130 11042 428 10614 348 10488 297 46026 2727 43299 2421 1855 306 269 43240 3631 493 3138 144 2994 180 160 59 39609 2968 1169 282 887
internal_count=57198 11172 130 11042 428 10614 348 10488 297 46026 2727 43299 2421 1855 306 269 43240 3631 493 3138 144 2994 180 160 59 39609 2968 1169 282 887
is_linear=0
shrinkage=0.05


Tree=110
num_leaves=31
num_cat=0
split_feature=0 6 0 4 5 8 2 4 4 1 6 2 6 9 0 8 1 4 4 5 4 4 5 2 2 0 5 2 5 1
split_gain=1.27929 2.63925 3.90545 2.23155 1.8781 2.72971 6.04598 3.18203 3.4438 4.89429 7.533 8.38738 3.85946 5.30447 2.86027 2.72219 3.61929 4.14039 6.736 3.39585 3.48698 3.54165 3.35349 3.30145 3.15146 2.83493 2.77775 2.52808 2.65047 2.41039
threshold=-1.9518562126726928 -0.88889511337147242 -2.0029426460512427 0.16106021810202364 0.5168783321317606 -0.25919494664649734 1.2705592974474185 1.4220310269295273 -1.2833245265549345 -0.46056030334319548 -0.88889511337147242 -0.84560957395269531 -0.88889511337147242 -1.0493067027141429 -0.88899551609493488 -1.7049705869141294 0.25704084222469131 0.59666831569697931 0.48203460580356999 1.4779829372212656 -1.3062512685336163 -1.0311303647894337 1.0142561076130823 1.1674330096945378 -0.12745318346118134 2.0936190745863663 1.2994638957836848 0.75257080101831342 0.33010122217555887 -0.46871415381639336
decision_type=2 2 2 2 2 2 2 2 2 2 2 2 2 2 2 2 2 2 2 2 2 2 2 2 2 2 2 2 2 2
left_child=1 -1 -3 -4 5 6 7 8 9 10 11 -2 13 -11 -9 16 19 18 26 20 22 -22 -6 -19 -23 -17 -18 29 -29 -10
right_child=4 2 3 -5 15 -7 -8 14 27 12 -12 -13 -14 -15 -16 25 17 23 -20 -21 21 24 -24 -25 -26 -27 -28 28 -30 -31
leaf_value=-0.00068731630637401534 0.0027589986487177483 -0.0020851552495024287 -0.026199799434364065 -0.0054695003887727149 0.026160426265918291 0.00011437099175840838 -0.023619639947368154 -0.0057926568310847915 -0.0019141593798289052 -0.016390006420324031 6.5863297344947238e-05 0.01993622768223138 0.00016330537848582881 0.0062486603584450988 0.0025921198465404067 0.00018530244036019154 -0.00052154245912707094 -0.0021124366780969541 0.021837456417610732 -0.00026343622672895216 -0.0020431176402526288 0.013404661623929115 0.0083500928638031626 -0.015162401003838186 0.0039296756172676793 0.0078664488333743069 0.0075792525771360558 -0.012280504560809601 -0.00011576192442920399 -0.00018847918934997791
leaf_weight=1254 163 115 34 21 39 25891 29 113 5395 92 489 126 340 36 1018 16593 569 222 41 267 143 133 82 62 258 121 130 107 77 3238
leaf_count=1254 163 115 34 21 39 25891 29 113 5395 92 489 126 340 36 1018 16593 569 222 41 267 143 133 82 62 258 121 130 107 77 3238
internal_value=-1.38209e-12 -0.00147987 -0.00732615 -0.0182846 3.77836e-05 -0.000167948 -0.000819245 -0.000760177 -0.00104279 0.00141772 0.00384819 0.010248 -0.00262266 -0.0100229 0.00175438 0.000446975 0.00221685 0.000170753 0.00214038 0.0044893 0.00642668 0.00469009 0.0140906 -0.00496137 0.00715262 0.00024091 0.000985043 -0.00139051 -0.00718982 -0.0012669
internal_weight=57198 1424 170 55 55774 37114 11223 11194 10063 1246 778 289 468 128 1131 18660 1946 1024 740 922 655 534 121 284 391 16714 699 8817 184 8633
internal_count=57198 1424 170 55 55774 37114 11223 11194 10063 1246 778 289 468 128 1131 18660 1946 1024 740 922 655 534 121 284 391 16714 699 8817 184 8633
is_linear=0
shrinkage=0.05


Tree=111
num_leaves=31
num_cat=0
split_feature=9 9 4 3 12 0 11 5 9 8 5 5 4 8 3 4 4 0 2 1 3 2 0 5 12 8 5 3 4 4
split_gain=1.23997 5.68455 7.20213 6.33953 4.94281 4.04158 4.02862 7.39656 6.01778 7.4337 5.87691 8.35802 8.29972 7.35303 7.05772 7.77622 7.64098 6.08028 6.23216 5.5913 5.23381 5.79333 5.17552 4.79208 4.64751 4.34738 4.22619 5.12957 4.15276 4.10806
threshold=0.25006339628508761 1.0000000180025095e-35 1.3532508009934816 -1.4397021174243292 -0.69978104715131473 -1.1752500972272226 1.0000000180025095e-35 -0.84497093191591066 -0.84940361056041536 1.0184757865176055 -0.31317640375456596 -0.79085023738312954 0.11520673414465986 -1.7049705869141294 -0.92865617345181539 -0.66430249313052359 -1.0311303647894337 -0.086155142069025567 -0.1519961067869898 1.224798292459931 -0.19753229667287298 -0.53009030437702231 -0.3182857931483965 0.63686081757465307 -1.3956253545011943 0.74730582097220966 -0.49995351371076774 0.027985798291208914 -1.3750314944696622 -0.25162113751425025
decision_type=2 2 2 2 2 2 2 2 2 2 2 2 2 2 2 2 2 2 2 2 2 2 2 2 2 2 2 2 2 2
left_child=1 3 5 -1 -4 -3 10 24 -9 25 11 13 14 29 16 19 22 -12 23 26 -17 -22 -13 -19 -8 -10 27 -16 -29 -5
right_child=-2 2 4 6 -6 -7 7 8 9 -11 17 12 -14 -15 15 20 -18 18 -20 -21 21 -23 -24 -25 -26 -27 -28 28 -30 -31
leaf_value=0.01133459441648596 -0.00027849277659311482 -0.015510793792939671 0.012570976850217842 0.015698966551378059 0.0036437799104299322 0.0010822307353541489 0.0084431245701298823 0.00043340770428945897 0.0045941256900282074 -0.0023874410339344131 -0.00144948753582977 0.013648777385067224 0.00093560700087514173 -6.1677920964115448e-05 -0.0074068202674458048 -0.0037218743416992449 -0.0068638008212510209 0.0037510024726798577 0.00037510691547298854 0.0099928232720121746 0.029303527814336122 0.0017100842685135423 0.001100286050736306 0.021606103903972187 -0.0059500115086834147 0.012961839335274707 -0.0041815639662029997 0.0010970750149210981 -0.019447567381998123 0.0026958268540873517
leaf_weight=121 23528 37 218 120 537 4493 63 3604 1213 361 4285 133 1202 2137 1030 935 177 1031 9425 50 20 389 215 39 511 178 832 29 162 123
leaf_count=121 23528 37 218 120 537 4493 63 3604 1213 361 4285 133 1202 2137 1030 935 177 1031 9425 50 20 389 215 39 511 178 832 29 162 123
internal_value=4.91463e-13 0.000194606 0.00170024 -8.57273e-05 0.00622143 0.000946703 -0.000134618 0.00102386 0.00160194 0.00400572 -0.000442211 -0.00157673 -0.00270472 0.000875486 -0.00380635 -0.00462889 0.0015942 0.000137635 0.000785641 -0.00652741 -0.00165823 0.0030594 0.00589612 0.0044018 -0.00437028 0.0056649 -0.00692975 -0.00880239 -0.0163282 0.00911713
internal_weight=57198 33670 5285 28385 755 4530 28264 5930 5356 1752 22334 7554 5174 2380 3972 3447 525 14780 10495 2103 1344 409 348 1070 574 1391 2053 1221 191 243
internal_count=57198 33670 5285 28385 755 4530 28264 5930 5356 1752 22334 7554 5174 2380 3972 3447 525 14780 10495 2103 1344 409 348 1070 574 1391 2053 1221 191 243
is_linear=0
shrinkage=0.05


Tree=112
num_leaves=31
num_cat=0
split_feature=2 4 1 0 11 4 4 0 6 0 4 3 4 1 0 2 2 2 0 6 4 1 1 3 2 4 9 3 9 9
split_gain=1.19663 3.83328 2.5727 2.46288 2.12242 1.48037 1.2922 1.17326 2.38192 3.52467 2.01397 1.77472 3.65523 1.22949 1.21429 3.60034 1.55409 5.95964 8.02706 2.63611 1.69253 1.45646 7.65299 1.28198 1.13897 4.29749 2.40348 1.89237 5.2729 3.58407
threshold=-1.5899400149756182 -0.57259552521579626 -0.8521019949866494 -0.45180638707072185 -0.7500292558394458 -1.397958236448344 1.3303240590147996 -1.9518562126726928 -0.88889511337147242 -2.0029426460512427 0.16106021810202364 0.574537168345718 0.41325437986752434 -1.4599948467414963 -1.7856100734832345 -1.1503283976574983 1.1986533503478529 0.15923843727844164 -1.8958058946997134 -0.90990146219895396 0.36740089591016062 -0.69884413683131141 -0.6712566139668753 0.24349767676495915 1.751773161207699 -1.4896652043630716 0.64986958059254329 1.3470610015778208 1.0496757648999988 1.249578857053727
decision_type=2 2 2 2 2 2 2 2 2 2 2 2 2 2 2 2 2 2 2 2 2 2 2 2 2 2 2 2 2 2
left_child=1 4 3 6 -1 -6 -3 8 11 -10 -11 -2 13 -13 15 -9 17 21 -19 -20 -18 -17 -23 -24 -16 26 -26 28 -27 -30
right_child=7 2 -4 -5 5 -7 -8 14 9 10 -12 12 -14 -15 24 16 20 18 19 -21 -22 22 23 -25 25 27 -28 -29 29 -31
leaf_value=-0.01540477158255377 -0.0014970781401706849 0.0038731073364247359 -0.011820449474124382 0.014673521911858448 0.003824068118618535 -0.0049475482850635287 -0.0081019659837086987 0.022830668785609305 -0.0019669728100542793 -0.024875884957830698 -0.0051821008014182254 0.011237013108061198 0.021462640672922136 -0.00046121006593404505 -1.8101123677146105e-05 -0.00060483216517635417 -0.015822149354677933 0.042514347340911633 0.017439063810385191 -0.0041494093732082201 -3.9351961518428764e-05 0.028098662917759143 -0.0018605516193848518 0.0092702699443179878 0.0069191544104124543 0.0061967543006680829 0.024990119444935219 -7.3105084669365607e-05 -0.021914472489928206 0.00094765051035210495
leaf_weight=43 1038 136 26 49 56 341 27 20 115 34 21 26 25 165 51805 572 26 20 26 31 49 29 135 32 92 346 23 1820 30 40
leaf_count=43 1038 136 26 49 56 341 27 20 115 34 21 26 25 165 51805 572 26 20 26 31 49 29 135 32 92 346 23 1820 30 40
internal_value=-6.71106e-13 -0.00208807 0.00302378 0.0048443 -0.00485312 -0.00371024 0.00188951 2.5048e-05 -0.00139196 -0.00694592 -0.0173564 -0.000639026 0.00348439 0.00113122 6.16715e-05 0.00184335 0.00138711 0.00199934 0.0152607 0.00569796 -0.00551072 0.000669754 0.00438947 0.0002723 3.07464e-05 0.00110712 0.0105333 0.000622316 0.00366478 -0.0088504
internal_weight=57198 678 238 212 440 397 163 56520 1424 170 55 1254 216 191 55096 940 920 845 77 57 75 768 196 167 54156 2351 115 2236 416 70
internal_count=57198 678 238 212 440 397 163 56520 1424 170 55 1254 216 191 55096 940 920 845 77 57 75 768 196 167 54156 2351 115 2236 416 70
is_linear=0
shrinkage=0.05


Tree=113
num_leaves=31
num_cat=0
split_feature=9 0 4 4 7 4 0 8 0 0 4 5 8 4 0 4 4 3 0 8 2 4 4 1 5 6 1 0 0 2
split_gain=1.11668 1.9846 2.87668 2.44348 2.15544 3.28436 1.76442 1.65888 2.04349 1.64228 1.31682 1.26366 2.86619 2.98329 5.14987 3.56245 5.18744 4.75915 2.93739 2.81936 6.08027 2.81325 3.42845 4.16503 6.77043 7.71095 2.69628 2.68337 4.88889 3.88994
threshold=-1.5490644330984626 -0.012431969559674379 0.61959505767566136 -1.008203622810752 1.0000000180025095e-35 1.3532508009934816 2.4700175506702986 1.0184757865176055 2.0936190745863663 0.1422746919524476 1.5595914788016185 0.5168783321317606 -1.7049705869141294 -1.2833245265549345 -0.67278519522355096 -1.0311303647894337 -0.38918158938634145 0.574537168345718 -0.016899023803696612 -0.25919494664649734 1.0166605730263127 1.490811252865573 -1.2833245265549345 -0.41037232618933367 -1.2485803101923583 -0.88889511337147242 -0.0088064173495432524 -0.43325522307546688 -0.6271509910208567 0.84646226079468212
decision_type=2 2 2 2 2 2 2 2 2 2 2 2 2 2 2 2 2 2 2 2 2 2 2 2 2 2 2 2 2 2
left_child=1 3 7 -1 5 -4 11 8 -3 -9 -5 19 13 14 -13 -15 17 18 -17 20 21 22 23 24 -2 -26 -16 28 -14 -30
right_child=6 2 4 10 -6 -7 -8 9 -10 -11 -12 12 27 15 26 16 -18 -19 -20 -21 -22 -23 -24 -25 25 -27 -28 -29 29 -31
leaf_value=-0.0070396519772926497 -0.0027263320047508982 0.0060463358969558064 -0.0028486085633079657 0.0015889607666245743 -0.007061799218527837 0.0066152162621619937 -0.0060223224569051492 0.00960455991779313 -0.0021889659218073195 -0.0027863160713558445 -0.0098973113181138484 0.0015907878730909088 -0.00011122392284034372 -0.0048281885620043508 0.024527514939929579 0.0021130935928228788 0.00047104552151989608 0.015111784151105999 0.021075180058621551 8.733453495843786e-05 -0.015073478526125353 0.0019612533020488833 -0.0013771734055409929 -0.0026797134024861952 0.014905325632145475 0.0022058906049762738 0.0082859340556232005 0.00061273638205955946 -0.0023009224966717783 -0.0099802641580999368
leaf_weight=142 273 607 231 329 109 152 123 33 86 141 27 174 6613 212 47 285 1308 123 22 24488 75 856 8540 395 193 314 56 10144 898 202
leaf_count=142 273 607 231 329 109 152 123 33 86 141 27 174 6613 212 47 285 1308 123 22 24488 75 856 8540 395 193 314 56 10144 898 202
internal_value=1.98349e-12 0.00120604 0.00219551 -0.00149416 -0.000858235 0.00090727 -4.04693e-05 0.00392844 0.00502435 -0.000436322 0.000717811 -2.71445e-05 0.000289216 0.0019806 0.00683611 0.00129086 0.00203726 0.00680148 0.00347194 -0.000207989 -0.000887294 -0.000786645 -0.00102877 0.00150349 0.00362191 0.00704019 0.0156971 7.82792e-05 -0.000624629 -0.00371113
internal_weight=57198 1857 1359 498 492 383 55341 867 693 174 356 55218 20084 2227 277 1950 1738 430 307 35134 10646 10571 9715 1175 780 507 103 17857 7713 1100
internal_count=57198 1857 1359 498 492 383 55341 867 693 174 356 55218 20084 2227 277 1950 1738 430 307 35134 10646 10571 9715 1175 780 507 103 17857 7713 1100
is_linear=0
shrinkage=0.05


Tree=114
num_leaves=31
num_cat=0
split_feature=3 4 0 5 7 7 3 2 2 1 3 1 5 1 1 2 4 1 9 5 8 4 4 0 2 0 2 8 0 0
split_gain=1.09544 1.43208 3.27296 1.09848 1.77695 2.67371 2.61886 2.70474 1.92958 4.26965 2.88045 1.37237 1.22519 2.67449 1.93942 3.64672 3.35985 5.38885 3.38412 2.5188 3.72187 3.54066 3.62033 3.2206 3.10762 3.31974 2.9558 2.80675 2.55825 3.81447
threshold=-1.9160917397235644 -0.98527688083207032 -0.60566897136432962 -1.3430211371129324 1.707859523614377 0.50726550913191959 -0.16125211901352218 -0.50091229291848982 -0.75740424443396392 -1.107806257875376 -1.1928960655044185 -0.96657123206066975 1.4779829372212656 -0.41808679582134439 -0.97780907191729671 -1.3571228214233415 -1.1457640746828435 -1.3056865052139814 -0.74945206448355139 -0.99733128919208947 -1.7049705869141294 -0.43503507334370556 -0.27454787949293208 0.086945391326719121 -0.49145256169869356 -0.21022777338112061 0.88138151009387689 -0.99042967103748658 -0.36218820601171692 -0.26138283332944628
decision_type=2 2 2 2 2 2 2 2 2 2 2 2 2 2 2 2 2 2 2 2 2 2 2 2 2 2 2 2 2 2
left_child=1 2 -1 4 5 6 11 -8 9 -7 -11 -2 14 -14 16 -16 17 -5 -18 20 21 -20 -23 26 -22 -26 27 28 -21 -30
right_child=3 -3 -4 12 -6 8 7 -9 -10 10 -12 -13 13 -15 15 -17 18 -19 19 23 24 22 -24 -25 25 -27 -28 -29 29 -31
leaf_value=-0.002093288906326052 0.00074362101329771457 -7.4727967565984654e-05 -0.017541698502997558 -0.0024839301814351513 0.0026071673995193682 -0.0033269569088017811 -0.0016362659112454149 -0.015147749571910792 0.0067752975721045265 -0.0084404676340711429 -0.028681015656911769 -0.0016766393955481322 -0.00021128509976170307 -0.00368017827811682 -0.0048789891025717959 9.8398621127944355e-05 -0.0060951817627730122 0.0086886266432754516 -0.013094040445764274 0.0069746137760742094 0.002178224461750746 0.010454654661589303 -0.0038085921707392261 -0.0031159101266359148 -0.0081269285109426305 0.0063811147712909107 -0.0085985616633766585 0.0033683413707219531 0.036382771673656646 0.0099513302390009939
leaf_weight=144 1300 265 45 159 326 204 92 62 28 39 32 1066 3727 653 371 45395 175 336 85 149 1316 52 308 153 154 53 38 411 21 39
leaf_count=144 1300 265 45 159 326 204 92 62 28 39 32 1066 3727 653 371 45395 175 336 85 149 1316 52 308 153 154 53 38 411 21 39
internal_value=9.26739e-13 -0.00244628 -0.00577148 1.95723e-05 -0.000888 -0.00129162 -0.00075805 -0.00707595 -0.00572925 -0.00700244 -0.017563 -0.000346826 7.28972e-05 -0.000728451 0.000144215 5.80497e-05 0.00128757 0.00509987 0.00064875 0.00107343 0.000107113 -0.0039155 -0.00174835 0.00341833 0.00128247 -0.00441231 0.00493769 0.00576733 0.010485 0.0192023
internal_weight=57198 454 189 56744 3149 2823 2520 154 303 275 71 2366 53595 4380 49215 45766 3449 495 2954 2779 1968 445 360 811 1523 207 658 620 209 60
internal_count=57198 454 189 56744 3149 2823 2520 154 303 275 71 2366 53595 4380 49215 45766 3449 495 2954 2779 1968 445 360 811 1523 207 658 620 209 60
is_linear=0
shrinkage=0.05


Tree=115
num_leaves=31
num_cat=0
split_feature=1 0 11 5 4 4 3 9 9 4 7 3 4 1 4 1 3 4 8 1 1 0 7 11 5 9 8 5 4 5
split_gain=1.08812 3.72251 1.87233 3.21733 1.98399 2.22636 1.28509 1.16307 4.92557 6.60073 7.28261 5.49943 4.74254 4.41145 7.02908 7.07125 7.01473 3.90938 8.3315 6.22177 5.35449 5.05876 4.91454 3.73546 6.67656 5.44656 6.71577 5.31783 7.22926 7.13867
threshold=4.5432521720492414 0.44823345040270363 -0.7500292558394458 1.2994638957836848 -0.29747462147161352 -0.18284091157820473 3.1923315992737717 0.25006339628508761 1.0000000180025095e-35 1.3303240590147996 -0.67566290470831769 -1.4397021174243292 1.5595914788016185 0.46379665959355798 1.490811252865573 1.1661312024038086 2.1013061194939193 0.57374157371829748 1.0184757865176055 -0.35848620981591067 0.22335500608897255 -0.046811405019422853 1.0000000180025095e-35 1.0000000180025095e-35 -0.84497093191591066 -0.94935515663727921 1.0184757865176055 -0.24956724947920125 0.11520673414465986 -0.79085023738312954
decision_type=2 2 2 2 2 2 2 2 2 2 2 2 2 2 2 2 2 2 2 2 2 2 2 2 2 2 2 2 2 2
left_child=7 -2 3 4 -3 -6 -7 8 11 17 12 -1 -11 -12 15 -15 -17 19 20 22 -19 -20 -10 27 -25 -26 -27 28 29 -13
right_child=1 2 -4 -5 5 6 -8 -9 9 10 13 23 -14 14 -16 16 -18 18 21 -21 -22 -23 -24 24 25 26 -28 -29 -30 -31
leaf_value=0.010550210748083336 0.017978095046773151 -0.013172717958999179 -0.0089754417166113855 0.01879699771395988 0.015335871277448648 0.0035476104938425125 -0.011157555435784162 -0.00028426665706200586 0.0066107279120814185 0.019210749020567165 -0.0019936451169336039 0.00052560426646625546 0.0048670187317766253 0.033162243296511663 -0.00024867234433428468 0.0011196684701224933 0.033676054494987638 -0.005861845592339523 0.011056902671136477 3.6098939309220546e-05 0.01423495345815484 -0.015200533008291609 3.2611535314251393e-06 -0.0041418073008721345 0.00022810370647975884 0.0049135178668352 -0.0019795796307045398 0.00016401518449832978 0.0010198455300234669 -0.0033600214816095052
leaf_weight=121 37 24 40 27 26 39 24 23380 833 136 267 1610 100 39 161 78 21 625 145 2396 35 21 425 574 3209 1701 446 14012 2199 4447
leaf_count=121 37 24 40 27 26 39 24 23380 833 136 267 1610 100 39 161 78 21 625 145 2396 35 21 425 574 3209 1701 446 14012 2199 4447
internal_value=-1.03416e-12 0.00353389 0.000564801 0.00329058 -0.000414488 0.00302593 -0.00205436 -1.34581e-05 0.000174974 0.0015767 0.00575422 -8.64722e-05 0.0131329 0.0026776 0.0068489 0.0151294 0.00802557 0.000828845 -0.00227771 0.00153109 -0.00479611 0.00773518 0.00437848 -0.000132115 0.000983067 0.0015323 0.0034816 -0.00042909 -0.0014357 -0.00232719
internal_weight=57198 217 180 140 113 89 63 56981 33601 5282 802 28319 236 566 299 138 99 4480 826 3654 660 166 1258 28198 5930 5356 2147 22268 8256 6057
internal_count=57198 217 180 140 113 89 63 56981 33601 5282 802 28319 236 566 299 138 99 4480 826 3654 660 166 1258 28198 5930 5356 2147 22268 8256 6057
is_linear=0
shrinkage=0.05


Tree=116
num_leaves=31
num_cat=0
split_feature=0 0 1 2 9 4 4 1 2 6 0 3 5 2 2 1 5 0 4 1 5 3 12 1 7 4 5 2 4 6
split_gain=1.04049 2.09469 3.01727 2.45437 1.88848 2.03136 2.16215 1.77426 2.54945 2.42198 1.74961 3.83853 3.5921 3.14565 2.795 2.762 2.46123 2.45481 2.30465 2.23387 4.1016 2.2706 7.01062 7.56357 4.80747 7.2747 7.18927 6.80888 5.93995 4.01488
threshold=0.81365309454649604 0.85193346645677892 0.95583162663342336 -0.36962218145785103 -0.24969433409923195 -1.0311303647894337 -0.36625484740765951 -0.76707600263752618 -0.80617916060238481 1.7136308150948316 0.60024155443359561 0.90626936441350303 0.45541128839052486 -0.0098881629164862764 1.1130214684400512 4.5432521720492414 1.2994638957836848 0.0080319006199791165 -0.36625484740765951 3.5767933308216593 1.386347522532285 1.374370791781051 1.0000000180025095e-35 -0.29676609724605546 -0.17418860646293408 -0.15991416959952287 1.0613819277844458 0.78745773111758854 0.16106021810202364 -0.88889511337147242
decision_type=2 2 2 2 2 2 2 2 2 2 2 2 2 2 2 2 2 2 2 2 2 2 2 2 2 2 2 2 2 2
left_child=10 2 3 -2 5 -5 -7 9 -9 -3 15 12 14 -13 -12 19 -14 -17 -18 21 -21 -1 23 -23 -24 26 -26 -28 29 -27
right_child=1 7 -4 4 -6 6 -8 8 -10 -11 11 13 16 -15 -16 17 18 -19 -20 20 -22 22 24 -25 25 28 27 -29 -30 -31
leaf_value=-0.0001141048420632789 0.0085744556277106056 0.00048129310396135497 0.012593830147379775 -0.018461859486997131 0.0058632364950309962 0.010805996681627787 -0.0042318911798835922 -0.0068432497292561165 0.000311613165996596 0.015197993874391344 -0.00078316904567259701 0.0065562915060958212 0.0072242853068251248 -0.0056170895047706346 -0.012552900122514424 -0.0015331880965580545 -0.0097523986381323393 0.019228632242551873 0.0085075998797374611 -0.028144697565585377 -0.00093134085026880102 0.030553551125167694 -0.006683965402975273 0.0037536072815397129 -0.0022019256867389096 -0.0038401197435053874 0.034084094502031807 0.0088740538620898871 0.00057813907440379441 -0.020451853802848249
leaf_weight=40896 99 69 80 20 78 29 136 126 10488 47 1683 58 235 624 52 24 48 35 27 20 45 27 294 1056 94 88 37 97 524 62
leaf_count=40896 99 69 80 20 78 29 136 126 10488 47 1683 58 235 624 52 24 48 35 27 20 45 27 294 1056 94 88 37 97 524 62
internal_value=-2.74404e-12 0.000432848 0.00380613 0.0018641 -0.000661856 -0.00341298 -0.00158887 0.000293892 0.000226677 0.00644409 -0.000105066 -0.00133345 -0.000250136 -0.00458182 -0.00113592 -2.77015e-05 0.00470741 0.0107831 -0.0031788 -4.24527e-05 -0.00930468 -2.85084e-05 0.0015075 0.00442175 -0.00113142 0.000678396 0.00839874 0.015835 -0.00193324 -0.0107063
internal_weight=57198 11172 442 362 263 185 165 10730 10614 116 46026 2727 2045 682 1735 43299 310 59 75 43240 65 43175 2279 1083 1196 902 228 134 674 150
internal_count=57198 11172 442 362 263 185 165 10730 10614 116 46026 2727 2045 682 1735 43299 310 59 75 43240 65 43175 2279 1083 1196 902 228 134 674 150
is_linear=0
shrinkage=0.05


Tree=117
num_leaves=31
num_cat=0
split_feature=9 0 4 0 4 2 8 2 8 8 3 4 7 4 4 0 3 4 4 2 5 8 4 0 4 4 3 2 5 0
split_gain=1.01853 3.45248 4.82786 4.05854 3.87707 2.87299 2.55543 2.1154 2.06884 2.47212 2.02854 1.74393 1.53205 2.5497 2.49785 2.13586 1.57166 1.44663 1.36941 1.33746 1.33162 2.60542 2.70643 4.63347 3.19821 4.6893 4.25189 2.86424 2.62053 2.60596
threshold=-1.4491128870215986 -0.046811405019422853 -0.75600946104525135 0.018766739333797907 -1.008203622810752 -0.16448273647627729 -0.99042967103748658 -0.59673217154252389 0.38174988366425283 0.74730582097220966 0.63708671691225505 1.5595914788016185 0.50726550913191959 1.2844705750574359 1.3761775429721637 1.2711646930971334 1.1592813222604847 1.2844705750574359 0.91764270339852583 0.21846591282390135 0.5168783321317606 -1.7049705869141294 -1.2833245265549345 -0.67278519522355096 -1.0311303647894337 -0.38918158938634145 0.574537168345718 1.0869807819940751 0.91441636237843227 2.0936190745863663
decision_type=2 2 2 2 2 2 2 2 2 2 2 2 2 2 2 2 2 2 2 2 2 2 2 2 2 2 2 2 2 2
left_child=1 4 5 -4 6 10 -1 -5 -7 -10 -3 17 14 -14 15 18 19 -6 -9 -16 -2 22 23 -22 -24 26 27 -26 -28 -23
right_child=20 2 3 7 11 8 -8 12 9 -11 -12 -13 13 -15 16 -17 -18 -19 -20 -21 21 29 24 -25 25 -27 28 -29 -30 -31
leaf_value=-0.013893701766672381 -0.00024896243534992341 0.0089533379701413306 0.0095992798663376427 0.006850818883802276 0.00018487287735438967 0.00077553339403813905 -0.0035369144279062841 -0.00082711536170097105 0.012663579541127954 0.003476675716266418 0.025548360191962938 -0.0075157213642149034 -0.00062836382722782449 -0.0098489835564684759 0.012328593286149429 0.0034299554752594942 -0.0042561482593400134 0.0075963848149341005 -0.0053247739529656453 0.003684730451531447 0.0015281465403995231 1.5209006887284205e-05 -0.0045759279320987363 0.014908567126286533 0.0049302450666748009 0.00043995952879814592 0.0020065767777850854 -0.011098834200041189 0.018641511345241262 0.0073779164172693597
leaf_weight=85 33408 113 112 100 597 321 199 633 107 232 22 66 231 111 66 226 41 74 231 139 174 17736 212 103 276 1308 32 31 91 121
leaf_count=85 33408 113 112 100 597 321 199 633 107 232 22 66 231 111 66 226 41 74 231 139 174 17736 212 103 276 1308 32 31 91 121
internal_value=5.96198e-13 0.000801603 0.00174268 0.000367597 -0.00167321 0.00501173 -0.00663666 -0.000213927 0.00365233 0.00637638 0.0116577 0.000239436 -0.000634948 -0.00362102 0.00012945 -0.00089763 0.00468034 0.00100224 -0.00202961 0.00646763 -5.55362e-05 0.000266212 0.00187882 0.00650354 0.00122187 0.00192908 0.00645877 0.00331167 0.0143137 6.50991e-05
internal_weight=57198 3706 2685 1890 1021 795 284 1778 660 339 135 737 1678 342 1336 1090 246 671 864 205 53492 20084 2227 277 1950 1738 430 307 123 17857
internal_count=57198 3706 2685 1890 1021 795 284 1778 660 339 135 737 1678 342 1336 1090 246 671 864 205 53492 20084 2227 277 1950 1738 430 307 123 17857
is_linear=0
shrinkage=0.05


Tree=118
num_leaves=31
num_cat=0
split_feature=3 2 2 0 0 0 4 4 5 9 0 2 5 4 9 3 5 3 4 4 4 3 2 0 5 5 5 0 4 3
split_gain=0.977976 1.36011 1.62496 0.963487 1.0739 1.80728 2.00285 3.54843 2.45696 2.1373 1.7186 3.43853 3.40511 3.46512 2.14285 3.67141 2.51552 4.13489 3.50752 3.59565 3.3849 2.52922 2.21096 1.93908 3.24797 4.24408 3.76867 5.5568 2.86722 8.65854
threshold=-1.9160917397235644 -0.49145256169869356 -1.7235830033131732 2.4700175506702986 0.81365309454649604 0.85193346645677892 -1.2833245265549345 -0.13698742762084057 -1.0444571093634523 0.15011185020822368 0.60024155443359561 1.8365623065159464 1.1495863065883827 -0.20576765355688617 -0.44959742625295968 -0.43155915123900573 -0.43848646996953172 -0.057934109616154021 -1.3062512685336163 -0.66430249313052359 -0.96235013885338849 0.87136745916807712 1.2705592974474185 0.43202768883440962 1.1904917396839851 1.2994638957836848 0.9652358749025497 0.55836136915153645 0.48203460580356999 1.5767137871784713
decision_type=2 2 2 2 2 2 2 2 2 2 2 2 2 2 2 2 2 2 2 2 2 2 2 2 2 2 2 2 2 2
left_child=1 2 -1 4 10 6 -6 9 -9 -8 23 14 -13 -14 16 -16 17 -12 -18 -20 -19 22 -21 -2 26 -26 -25 -28 29 -27
right_child=3 -3 -4 -5 5 -7 7 8 -10 -11 11 12 13 -15 15 -17 18 20 19 21 -22 -23 -24 24 25 28 27 -29 -30 -31
leaf_value=-0.0056977102036191492 -0.00010294323267660167 -0.013895390811376274 0.00067775953246061423 -0.0038083668591819492 -0.0084424122585915039 0.00034176667201549948 0.012110203002162229 0.010252493633500611 -0.0025331080986914964 -0.0015777601833854406 -0.0014528667125413115 -0.0026873931134401194 -0.029257225661422127 -0.0038140403106808663 -0.0034508899790545496 0.0021780434204045824 -0.021615059638307208 -0.0041170544506582826 0.0083889565460624239 0.00015254918904603906 -0.024475777720110684 -0.0067225515325189571 -0.014200266290988244 0.0013254761148363018 -0.011288141205017879 -0.0011064878210592538 0.0047808918387655186 0.029598245270816344 -0.0052100104121130981 0.023921425225645571
leaf_weight=158 39211 24 272 164 32 10566 154 48 173 35 117 86 32 23 416 954 21 35 93 643 49 211 28 2994 110 195 116 28 168 42
leaf_count=158 39211 24 272 164 32 10566 154 48 173 35 117 86 32 23 416 954 21 35 93 643 49 211 28 2994 110 195 116 28 168 42
internal_value=-1.11398e-12 -0.0023114 -0.00166485 1.84932e-05 2.95855e-05 0.000472801 0.00360517 0.00454547 0.000243855 0.0095754 -7.74739e-05 -0.00129908 -0.00890121 -0.0186173 -0.000881508 0.00046882 -0.002427 -0.00752933 -0.00139731 -0.00096185 -0.015993 -0.00194782 -0.000446376 -2.97215e-07 0.0011015 -0.00257872 0.00170548 0.00960649 -0.000213203 0.00332884
internal_weight=57198 454 430 56744 56580 11008 442 410 221 189 45572 2708 141 55 2567 1370 1197 201 996 975 84 882 671 42864 3653 515 3138 144 405 237
internal_count=57198 454 430 56744 56580 11008 442 410 221 189 45572 2708 141 55 2567 1370 1197 201 996 975 84 882 671 42864 3653 515 3138 144 405 237
is_linear=0
shrinkage=0.05


Tree=119
num_leaves=31
num_cat=0
split_feature=0 9 1 6 4 1 2 3 1 4 0 2 2 3 2 1 4 6 3 9 0 2 2 4 11 1 11 8 1 0
split_gain=0.944008 2.24021 3.44544 3.33094 1.74765 1.45675 1.48121 1.17109 3.7864 1.16055 1.1123 3.22668 1.42571 5.39341 1.80618 4.12732 1.52063 1.41566 3.79309 1.31692 2.77362 1.90491 1.06903 3.57843 3.04931 2.64158 3.08658 2.31328 1.5408 1.47702
threshold=-1.9518562126726928 1.3495304031305906 0.1415131560833848 -0.88889511337147242 0.16106021810202364 0.027511088301999054 -0.22491587391728121 0.1917146394128795 -1.4599948467414963 0.27569392799543307 -1.7856100734832345 -1.1503283976574983 1.1986533503478529 1.6725078410514487 0.11974980696475647 -0.17310703347976611 0.39032763788884245 -0.90990146219895396 0.2781311023448329 1.5494334952843185 -1.8581196697814495 -0.22491587391728121 -1.2737009764792824 -0.57259552521579626 -0.7500292558394458 -0.72231804241077835 0.71381099240352019 1.0816417019878375 -1.5605073759884955 -0.45180638707072185
decision_type=2 2 2 2 2 2 2 2 2 2 2 2 2 2 2 2 2 2 2 2 2 2 2 2 2 2 2 2 2 2
left_child=1 3 5 7 -5 6 -3 -1 -9 -4 11 -2 13 14 17 -16 -14 -13 19 20 -19 -22 23 24 28 26 29 -26 -12 -25
right_child=10 2 9 4 -6 -7 -8 8 -10 -11 22 12 16 -15 15 -17 -18 18 -20 -21 21 -23 -24 25 27 -27 -28 -29 -30 -31
leaf_value=-0.0060761870077748574 0.021606270326301455 -0.00089059124385322823 0.0057502063346051039 -0.02327815076774534 -0.0049326613988904732 -0.014174141703406348 0.009714749664999545 0.020772606469690799 -0.0031636070385636567 0.02257962167263031 -0.0036611417308449745 -0.0019439719024652549 -0.014524874905224092 0.027548122182488446 0.02567014240970214 -0.0012508223857730628 0.00019433426650914743 -0.0039964632681486287 0.021762463516400508 -4.0141789565753462e-06 0.023961856531409118 0.0037148793449714073 4.3824018420974089e-05 0.0029355146085482935 -0.0029482692496296827 -0.0070206616676998616 -0.00038448147901588338 0.011173901095365486 -0.019013662744228815 0.010132508642715095
leaf_weight=119 20 1040 21 34 21 20 34 20 95 20 26 316 28 20 24 35 47 33 24 346 26 21 53040 155 868 87 452 30 44 132
leaf_count=119 20 1040 21 34 21 20 34 20 95 20 26 316 28 20 24 35 47 33 24 346 26 21 53040 155 868 87 452 30 44 132
internal_value=1.55554e-12 -0.00127124 -0.000270528 -0.00520138 -0.0162735 -0.000803836 -0.000554854 -0.00259896 0.000999213 0.0139597 3.24569e-05 0.00173785 0.00130593 0.00189233 0.00127037 0.00970008 -0.00530084 0.000621087 0.00242233 0.00133274 0.00711422 0.0149153 3.22185e-06 -0.00119719 -0.00325999 0.00122023 0.00219041 -0.00247648 -0.0133113 0.00624563
internal_weight=57198 1424 1135 289 55 1094 1074 234 115 41 55774 940 920 845 825 59 75 766 450 426 80 47 54834 1794 968 826 739 898 70 287
internal_count=57198 1424 1135 289 55 1094 1074 234 115 41 55774 940 920 845 825 59 75 766 450 426 80 47 54834 1794 968 826 739 898 70 287
is_linear=0
shrinkage=0.05


Tree=120
num_leaves=31
num_cat=0
split_feature=3 5 5 8 4 4 5 0 1 2 1 0 4 5 5 4 9 9 4 7 3 4 6 3 0 0 3 3 2 5
split_gain=0.910087 5.41688 3.78218 2.43803 3.06396 6.60182 8.66105 5.72084 5.23457 6.69252 4.65628 3.75193 3.51164 6.10949 2.82627 1.79273 1.30515 4.39038 5.93932 6.38454 5.03372 4.7569 3.49663 3.71094 3.47341 3.46505 4.82113 3.34802 4.69649 4.93345
threshold=2.8180227285006008 1.4495693291702281 1.0142561076130823 1.0000000180025095e-35 0.50496134778225188 0.22984044403806927 1.386347522532285 1.6887697751547579 3.0972743299717664 3.6090885753489395 2.8232239291283161 1.5190057388334017 -0.48088855730106883 1.2994638957836848 1.4101165497556909 0.092279992165977986 0.25006339628508761 1.0000000180025095e-35 1.3532508009934816 -0.67566290470831769 -1.472370864276223 1.5595914788016185 1.0000000180025095e-35 0.81361762173099172 -1.1752500972272226 1.1767010273330964 0.52784509782456357 -0.46676478353289413 -0.092297826336890834 -0.12103222127716169
decision_type=2 2 2 2 2 2 2 2 2 2 2 2 2 2 2 2 2 2 2 2 2 2 2 2 2 2 2 2 2 2
left_child=16 2 -2 15 5 6 7 8 -5 -10 -6 -11 -9 -14 -7 -4 17 20 24 21 -1 25 23 -22 -19 26 -20 -24 29 -29
right_child=1 -3 3 4 10 14 -8 12 9 11 -12 -13 13 -15 -16 -17 -18 18 19 -21 22 -23 27 -25 -26 -27 -28 28 -30 -31
leaf_value=0.011074191836252956 -0.011197070344371306 0.025677609168317007 -0.016622850366614081 0.0046853789571492423 0.0022015507898426484 0.011218908708542585 -0.022314593661576509 -0.020699317700096542 0.044184171972059025 0.026923768044937225 -0.023436216489695336 -0.0020155522584294279 -0.0053315642195335342 0.024927623942494394 0.037189087085425857 -0.0011064281283054223 -0.00031209165091319082 -0.014437707837016598 0.014003681495281249 0.0026378191394105534 -0.00047990849484150189 0.0046566452862862205 -0.0016587367424766145 -0.0042344270003828524 0.00094578690647890485 0.00033757525845430793 0.036091071243087455 0.0021775213130020496 0.00039110315043776149 0.010344166439450644
leaf_weight=101 58 23 22 93 77 20 29 21 24 21 23 24 69 22 22 121 22970 37 60 529 13449 100 1662 692 4426 20 42 1133 11087 221
leaf_count=101 58 23 22 93 77 20 29 21 24 21 23 24 69 22 22 121 22970 37 60 529 13449 100 1662 692 4426 20 42 1133 11087 221
internal_value=-1.59918e-12 0.00183334 0.000984398 0.00218597 0.00401108 0.00624477 0.00366966 0.00641982 0.0124271 0.0228615 -0.00369514 0.0114895 -0.00226925 0.00198384 0.0248223 -0.00349357 -2.16969e-05 0.000177068 0.0015105 0.00562433 -6.82126e-05 0.0127408 -0.000108058 -0.000663639 0.000818252 0.0193672 0.0230985 0.00044902 0.000730597 0.00351048
internal_weight=57198 669 646 588 445 345 303 274 162 69 100 45 112 91 42 143 56529 33559 5214 751 28345 222 28244 14141 4463 122 102 14103 12441 1354
internal_count=57198 669 646 588 445 345 303 274 162 69 100 45 112 91 42 143 56529 33559 5214 751 28345 222 28244 14141 4463 122 102 14103 12441 1354
is_linear=0
shrinkage=0.05


Tree=121
num_leaves=31
num_cat=0
split_feature=0 0 1 4 0 0 3 9 5 4 4 0 4 6 4 5 3 3 4 1 3 5 0 4 0 1 4 3 5 1
split_gain=0.871527 0.959685 2.4551 2.00087 8.4984 4.98319 5.18905 4.45587 3.79357 6.64402 8.57014 10.2979 3.99803 3.52412 3.46964 32.8269 13.0031 6.01111 3.61068 3.42239 5.33563 8.2355 5.61578 5.01123 3.93922 3.21343 3.35732 3.17723 3.39994 3.14183
threshold=2.4700175506702986 0.76701006881243816 -0.83355009413019043 -0.13698742762084057 1.3053875777776807 1.0327649499723037 -0.63433567274564162 0.64986958059254329 1.1495863065883827 -0.48088855730106883 -0.25162113751425025 1.5797132453445968 -0.66430249313052359 1.7136308150948316 -0.29747462147161352 0.69515041704156832 1.5767137871784713 1.374370791781051 -0.59552226719447854 0.93660670550327574 -0.039318026550064562 -0.31317640375456596 0.97414177273782254 -1.3521047524909802 1.064645369283699 -0.47826892109508728 0.75715550954775257 1.7826364642023698 1.1065214618131212 -0.4426897332137455
decision_type=2 2 2 2 2 2 2 2 2 2 2 2 2 2 2 2 2 2 2 2 2 2 2 2 2 2 2 2 2 2
left_child=1 -1 -3 4 14 13 29 -8 -6 12 11 -11 -10 -5 17 -16 -17 19 -19 20 22 -22 -4 -24 -23 -15 -27 28 -20 -7
right_child=-2 2 3 5 8 6 7 -9 9 10 -12 -13 -14 25 15 16 -18 18 27 -21 21 24 23 -25 -26 26 -28 -29 -30 -31
leaf_value=-9.2439551271077317e-05 -0.0036396948933188249 0.0085543414152672772 0.0014645347557739137 -0.0013932782134877765 -0.00083057405435712529 -0.022024621095925827 0.0012955246828571263 -0.0056349189540539774 0.0037370730205005861 0.0061180804371833803 -0.0074130135952778483 0.050652345628650099 -0.019342853879788891 0.0021395457744900442 0.00077099414508178491 0.021402057063053637 0.068374434887216645 -0.0067602336972334386 0.0023702424718067051 0.010233641071853476 -0.0063673087044136311 0.0066119376196419818 0.035442857812582093 0.01038293470038323 -0.0068925564021189954 -0.0034144965913440067 -0.01422918444386486 -0.01138617919066085 0.026092322227423605 -0.0045019525897255696
leaf_weight=45564 164 92 209 951 3330 29 4054 246 86 25 23 27 24 74 263 34 26 230 44 199 273 378 22 214 63 127 165 22 23 217
leaf_count=45564 164 92 209 951 3330 29 4054 246 86 25 23 27 24 74 263 34 26 230 44 199 273 378 22 214 63 127 165 22 23 217
internal_value=-8.10581e-13 1.04659e-05 0.000419252 0.000353474 0.00103712 -0.000289597 0.000494991 0.000899039 -0.00044341 0.00652554 0.0180009 0.0292416 -0.00129855 -0.00299783 0.00363916 0.00838445 0.0417568 0.00272519 -0.00345121 0.00417605 0.00313597 0.000457712 0.00743321 0.012719 0.00468272 -0.00716702 -0.00952554 0.0051002 0.0105136 -0.00656763
internal_weight=57198 57034 11470 11378 5515 5863 4546 4300 3515 185 75 52 110 1317 2000 323 60 1677 319 1358 1159 714 445 236 441 366 292 89 67 246
internal_count=57198 57034 11470 11378 5515 5863 4546 4300 3515 185 75 52 110 1317 2000 323 60 1677 319 1358 1159 714 445 236 441 366 292 89 67 246
is_linear=0
shrinkage=0.05


Tree=122
num_leaves=31
num_cat=0
split_feature=9 0 4 0 4 2 2 8 8 3 4 8 2 7 4 4 0 3 4 4 0 5 8 4 4 0 1 4 5 0
split_gain=0.839887 2.92288 4.21316 3.65861 3.4978 2.5008 1.81906 1.78462 2.29539 1.75506 1.66873 1.6561 2.47293 1.31951 2.36155 2.24405 1.91334 1.38494 1.20742 1.40797 1.20219 1.18668 2.3339 2.41411 3.20344 2.55066 3.95626 2.54384 4.85377 3.47743
threshold=-1.4491128870215986 -0.046811405019422853 -0.75600946104525135 0.018766739333797907 -0.84771642895997912 -0.16448273647627729 -0.59673217154252389 0.38174988366425283 0.74730582097220966 0.63708671691225505 1.5595914788016185 -0.99042967103748658 -1.4173852910024787 0.50726550913191959 1.2844705750574359 1.3991042849508457 1.2711646930971334 1.1592813222604847 1.2844705750574359 0.68837528361170697 0.10042579704417771 0.57739941913764026 -1.7049705869141294 -0.36625484740765951 -0.57259552521579626 -0.34071309671953215 -0.80307164333574199 -1.2833245265549345 0.9652358749025497 -0.016899023803696612
decision_type=2 2 2 2 2 2 2 2 2 2 2 2 2 2 2 2 2 2 2 2 2 2 2 2 2 2 2 2 2 2
left_child=1 4 5 -4 11 9 -5 -7 -9 -3 18 12 -1 15 -15 16 20 -17 19 -6 -8 -2 23 24 27 26 -26 28 -23 -29
right_child=21 2 3 6 10 7 13 8 -10 -11 -12 -13 -14 14 -16 17 -18 -19 -20 -21 -22 22 -24 -25 25 -27 -28 29 -30 -31
leaf_value=0.0027902775332331658 -0.00022707724765885226 0.0083327527648348991 0.0090742953003167971 0.0063083623509955951 0.0032003264439387962 0.00070748486606160479 0.0036259351197672502 0.011967694419262077 0.0031152610147508878 0.023768647387623788 -0.007108361919844439 -0.003348544508771738 -0.015199095953577831 -0.00052438807810830095 -0.0093982888859180692 0.0063703740341157682 0.0032143242420398254 -0.0038706096872975593 0.0072481389868354774 -0.0018561589104390938 -0.0025350302313211304 0.017749412486206411 6.9088831105142294e-05 0.00039496109980774241 -0.00035308950780225652 0.00061785176826211125 0.019553595801933145 -0.0012201393675388232 0.0022459299987011554 0.014769245610522057
leaf_weight=25 34232 113 112 100 253 321 88 107 232 22 66 220 81 231 111 189 229 40 74 302 790 68 17123 1242 35 52 87 420 196 37
leaf_count=25 34232 113 112 100 253 321 88 107 232 22 66 220 81 231 111 189 229 40 74 302 790 68 17123 1242 35 52 87 420 196 37
internal_value=2.22216e-13 0.000727917 0.00159381 0.000309248 -0.00154918 0.00464767 -0.000242881 0.00337937 0.00590939 0.0108482 0.000455155 -0.00582224 -0.0109563 -0.000633301 -0.00340451 7.60965e-05 -0.000855927 0.00458156 0.00124878 0.00044887 -0.00191753 -5.04311e-05 0.000263533 0.00182154 0.00380123 0.00989042 0.0138427 0.00233171 0.00623925 7.4406e-05
internal_weight=57198 3706 2685 1890 1021 795 1778 660 339 135 695 326 106 1678 342 1336 1107 229 629 555 878 53492 19260 2137 895 174 122 721 264 457
internal_count=57198 3706 2685 1890 1021 795 1778 660 339 135 695 326 106 1678 342 1336 1107 229 629 555 878 53492 19260 2137 895 174 122 721 264 457
is_linear=0
shrinkage=0.05


Tree=123
num_leaves=31
num_cat=0
split_feature=0 5 3 6 8 4 1 2 5 1 3 5 0 4 4 4 2 1 0 0 7 2 4 4 0 0 2 4 4 4
split_gain=0.828051 2.00983 3.16838 3.00213 2.37939 1.57296 1.35715 1.59427 1.1771 1.9928 5.38247 4.60457 5.00972 9.62494 5.75136 5.28636 4.84802 4.4311 4.14253 4.10667 3.72296 3.68675 5.18828 9.90747 6.31917 4.30832 3.38167 4.99849 3.37544 3.1089
threshold=-1.9518562126726928 1.4495693291702281 1.5048606475528781 -0.88889511337147242 -0.99042967103748658 0.16106021810202364 0.027511088301999054 -0.22491587391728121 0.57739941913764026 0.29134498452718266 1.3470610015778208 1.4312047935437753 -1.2764627040706582 -0.068207201684795479 1.4220310269295273 -1.2833245265549345 -0.38572591203095657 -0.69884413683131141 0.20246100450631968 -0.44379649577730129 1.0000000180025095e-35 -0.28911653168522861 -0.34332810542897768 -0.13698742762084057 -1.3768667146945477 -0.6271509910208567 -0.052608519803848904 -0.04528045970611317 1.467884510886891 1.0000000180025095e-35
decision_type=2 2 2 2 2 2 2 2 2 2 2 2 2 2 2 2 2 2 2 2 2 2 2 2 2 2 2 2 2 2
left_child=1 3 6 -1 -4 -5 7 -3 -2 10 11 12 13 -10 17 -14 28 -15 20 21 -18 22 -11 -24 -25 -23 27 -12 -17 -21
right_child=8 2 4 5 -6 -7 -8 -9 9 19 26 -13 15 14 -16 16 18 -19 -20 29 -22 25 23 24 -26 -27 -28 -29 -30 -31
leaf_value=-0.0024425464308159986 -0.00012709858518965267 -0.00084551779839192392 0.001060757875093259 -0.022069980397217855 0.02515815308627983 -0.0046654737532316219 -0.01304724315096709 0.010317567179939062 0.002885391574459651 0.010908763672958947 0.029074341269387377 -3.8905226300315009e-05 0.0075112130038572505 0.017976810291218451 0.001254294372163713 0.0073882182091634316 -0.0043641890881504913 0.043302521968801182 0.0063708202997440821 -0.00035109696242879054 0.0022442219025998063 0.00056473710600519556 -0.04302080387160892 -0.024752885336056352 -0.0025747878517820913 -0.0042090191929118623 0.0040351059037523861 0.0014998428799487928 -0.0087976555236511777 0.0016347594161489438
leaf_weight=234 37938 1039 20 34 21 21 22 33 227 33 42 5042 323 39 25 306 682 31 160 4931 310 1250 21 40 163 760 105 27 36 3283
leaf_count=234 37938 1039 20 34 21 21 22 33 227 33 42 5042 323 39 25 306 682 31 160 4931 310 1250 21 40 163 760 105 27 36 3283
internal_value=-1.02382e-12 -0.00119061 -0.000242746 -0.00491318 0.0134033 -0.0154246 -0.000754161 -0.000501878 3.03981e-05 0.000365401 0.000996305 0.000785757 0.00272963 0.00847769 0.0218403 0.00171099 0.000456989 0.0291925 -0.00109491 -7.73333e-05 -0.00229906 -0.00196126 -0.00760021 -0.010327 -0.00694486 -0.00124027 0.00968566 0.0182843 0.00568444 0.000442617
internal_weight=57198 1424 1135 289 41 55 1094 1072 55774 17836 7355 7181 2139 322 95 1817 1494 70 1152 10481 992 2267 257 224 203 2010 174 69 342 8214
internal_count=57198 1424 1135 289 41 55 1094 1072 55774 17836 7355 7181 2139 322 95 1817 1494 70 1152 10481 992 2267 257 224 203 2010 174 69 342 8214
is_linear=0
shrinkage=0.05


Tree=124
num_leaves=31
num_cat=0
split_feature=9 9 4 7 3 4 1 3 1 4 4 8 1 0 4 4 5 1 6 4 1 2 1 7 1 0 6 8 2 1
split_gain=0.792237 4.12241 5.23342 5.80796 4.59197 4.31618 3.4581 4.00049 9.21424 4.56771 4.34529 10.356 8.04175 5.49508 4.95051 5.12509 8.74708 8.44269 4.45578 4.41768 3.76763 3.74662 6.19298 3.71766 3.66118 3.68795 3.98859 3.71568 3.52654 3.44442
threshold=0.25006339628508761 1.0000000180025095e-35 1.3532508009934816 -0.67566290470831769 -1.4397021174243292 1.5595914788016185 3.5767933308216593 1.4724410070425007 1.6951738662692393 -0.091133943663477338 0.48203460580356999 1.0184757865176055 0.69872521355198958 -0.046811405019422853 -0.98527688083207032 -0.34332810542897768 1.0142561076130823 0.0092634390373893902 -0.90990146219895396 -0.15991416959952287 -0.61481479075298473 2.6677511286377769 2.5768581610772556 0.50726550913191959 -0.41037232618933367 -0.6271509910208567 -0.90990146219895396 -0.99042967103748658 1.751773161207699 -0.72231804241077835
decision_type=2 2 2 2 2 2 2 2 2 2 2 2 2 2 2 2 2 2 2 2 2 2 2 2 2 2 2 2 2 2
left_child=1 4 6 5 -1 -4 7 8 10 -10 14 12 -12 -13 24 16 -16 18 20 23 29 22 28 -19 -3 -26 -27 -28 -9 -17
right_child=-2 2 3 -5 -6 -7 -8 21 9 -11 11 13 -14 -15 15 17 -18 19 -20 -21 -22 -23 -24 -25 25 26 27 -29 -30 -31
leaf_value=0.009636441479082998 -0.00022260560780146792 0.0038286444469232046 0.018398805244751352 0.0024615364456741493 -0.00012478470666534025 0.0043862786913523456 0.02013374999995627 -0.0059343366366683978 0.036008246536724846 0.0093419668187076851 -0.0056455847475428934 0.011444156744438416 0.02035646607438403 -0.014587141022734021 0.0045268348517407617 0.010580512118601317 0.020666091560269707 -0.018640831759613421 0.0021249732364248485 -0.0015848900080507541 0.0025226990146344362 0.0059074535140429037 -0.024711147369816902 0.0049668189237958623 0.0039802565283335234 -0.017750528507999012 -0.01312494418101318 -0.0013894649432121596 0.0034155947382522515 0.029264629652371279
leaf_weight=121 23528 265 122 533 28264 100 23 348 26 42 729 171 31 23 669 74 96 81 625 273 79 99 36 21 141 56 83 360 142 37
leaf_count=121 23528 265 122 533 28264 100 23 348 26 42 729 171 31 23 669 74 96 81 625 273 79 99 36 21 141 56 83 360 142 37
internal_value=1.85824e-12 0.000155553 0.00143772 0.00529176 -8.31744e-05 0.0120869 0.000795384 0.000696697 0.00129441 0.0195379 0.000969149 -0.00195297 -0.00458497 0.00835797 0.00194387 0.00335922 0.00655215 0.00130661 0.00416338 -0.00490208 0.0108686 -0.00301584 -0.00469532 -0.0137804 -0.00111359 -0.00315999 -0.00517757 -0.00358821 -0.00322476 0.0168086
internal_weight=57198 33670 5285 755 28385 222 4530 4507 3882 68 3814 954 760 194 2860 1955 765 1190 815 375 190 625 526 102 905 640 499 443 490 111
internal_count=57198 33670 5285 755 28385 222 4530 4507 3882 68 3814 954 760 194 2860 1955 765 1190 815 375 190 625 526 102 905 640 499 443 490 111
is_linear=0
shrinkage=0.05


Tree=125
num_leaves=31
num_cat=0
split_feature=1 0 11 5 4 4 5 4 4 1 2 5 7 1 5 0 0 6 2 0 6 4 0 4 9 5 5 4 5 7
split_gain=0.78723 3.23669 1.75386 2.74922 1.81519 1.93425 1.07702 0.871088 3.83935 3.65424 3.53689 10.5672 13.0195 5.1248 3.24517 3.13233 3.3953 4.56441 7.10813 4.19233 3.03159 3.00304 2.73714 2.6023 3.94048 2.46485 9.89007 5.32858 6.59402 5.89743
threshold=4.5432521720492414 0.44823345040270363 -0.7500292558394458 1.2994638957836848 -0.29747462147161352 -0.18284091157820473 1.1495863065883827 0.34447415393147868 0.71130202559038891 2.0145094811775759 -0.039329623482472868 1.4495693291702281 -0.44313593596502393 1.4810310602559806 1.2291569272765577 2.1320600998353485 1.0894866621508073 1.7136308150948316 -0.33779554383639482 0.99954702019062769 0.046773696581961052 0.45910786382488805 1.2079298665622893 1.3532508009934816 -0.14974278802236804 0.86189575033690324 1.0613819277844458 1.5137379948442546 0.9652358749025497 -0.17418860646293408
decision_type=2 2 2 2 2 2 2 2 2 2 2 2 2 2 2 2 2 2 2 2 2 2 2 2 2 2 2 2 2 2
left_child=7 -2 3 4 -3 -6 -7 -1 10 15 -9 -12 21 -14 20 16 17 25 19 -19 -11 -13 23 24 -18 -10 27 28 -27 -30
right_child=1 2 -4 -5 5 6 -8 8 9 14 11 12 13 -15 -16 -17 22 18 -20 -21 -22 -23 -24 -25 -26 26 -28 -29 29 -31
leaf_value=-0.00016628751300634014 0.016474541770042601 -0.012752941403111132 -0.0089962136093527083 0.01720944223580537 0.014215284052233285 0.0031343973217866361 -0.010327751752144348 0.00033549181071833604 -0.00041990858570493933 -0.015231058391374211 0.0018077305065648621 0.019723748594988141 0.011399419535693478 -0.0096082169170442384 -0.014296742646385814 -0.012263706364095786 0.0089978987975142047 -0.0018059886632169854 -0.010274362973774568 0.014042381244771024 -0.001138086551261166 0.044277443324751926 0.0013344977967830879 0.015164418348347322 -0.0091860708628976068 0.0053353938317825386 1.933360870651266e-06 0.0011579739488241235 0.03090361523943452 0.0097641295440661826
leaf_weight=35015 37 24 40 27 26 39 24 3106 10236 43 1934 20 123 38 72 52 97 372 284 47 339 33 1727 71 43 173 2830 194 65 67
leaf_count=35015 37 24 40 27 26 39 24 3106 10236 43 1934 20 123 38 72 52 97 372 284 47 339 33 1727 71 43 173 2830 194 65 67
internal_value=2.67942e-12 0.00300584 0.00023727 0.00287541 -0.000549538 0.00274127 -0.00199404 -1.14471e-05 0.000235377 -0.000135265 0.00141432 0.0029743 0.013517 0.0064411 -0.00455972 -1.17131e-05 2.75997e-05 -0.000239127 -0.0041675 -2.82479e-05 -0.00272447 0.0350119 0.0019913 0.00736715 0.00341282 -3.55408e-05 0.00114631 0.00763648 0.0117572 0.0201737
internal_weight=57198 217 180 140 113 89 63 56981 21966 16712 5254 2148 214 161 454 16258 16206 14268 703 419 382 53 1938 211 140 13565 3329 499 305 132
internal_count=57198 217 180 140 113 89 63 56981 21966 16712 5254 2148 214 161 454 16258 16206 14268 703 419 382 53 1938 211 140 13565 3329 499 305 132
is_linear=0
shrinkage=0.05


Tree=126
num_leaves=31
num_cat=0
split_feature=9 0 4 0 4 2 2 8 8 3 3 8 2 7 4 4 4 0 3 2 2 0 4 5 7 5 5 8 2 8
split_gain=0.794064 2.62325 3.82058 3.27365 3.1589 2.25697 1.64605 1.61062 2.07159 1.58394 1.51342 1.49463 2.23182 1.14279 2.01692 2.21872 2.00305 1.54671 1.31731 1.20206 1.07412 1.07252 0.94834 3.37079 10.0047 14.2685 4.93784 8.11823 6.97605 5.74585
threshold=-1.4491128870215986 -0.046811405019422853 -0.75600946104525135 0.018766739333797907 -0.84771642895997912 -0.16448273647627729 -0.59673217154252389 0.38174988366425283 0.74730582097220966 0.63708671691225505 -0.15292512424340945 -0.99042967103748658 -1.4173852910024787 0.50726550913191959 1.3303240590147996 0.91764270339852583 1.2844705750574359 1.2711646930971334 1.0907270677046579 0.20843090722836591 0.7202128734828811 2.4700175506702986 0.34447415393147868 -0.84497093191591066 -0.9109402413522435 -1.0444571093634523 -0.56047460071664723 1.0184757865176055 -0.11856944240543249 0.74730582097220966
decision_type=2 2 2 2 2 2 2 2 2 2 2 2 2 2 2 2 2 2 2 2 2 2 2 2 2 2 2 2 2 2
left_child=1 4 5 -4 11 9 -5 -7 20 -3 -6 12 -1 14 15 17 -15 -8 19 -16 -9 22 -2 24 25 -24 27 29 -29 -25
right_child=21 2 3 6 10 7 13 8 -10 -11 -12 -13 -14 16 18 -17 -18 -19 -20 -21 -22 -23 23 26 -26 -27 -28 28 -30 -31
leaf_value=0.0026716722212731837 -0.00020504386032196874 0.007937023709260289 0.0085959340201433015 0.0060144868480274463 0.0018864789326593979 0.00069301916430327131 -0.00074693098704790037 0.017159076367059482 0.0029804065082410895 0.022601123526692392 -0.0033485592485062391 -0.0031602087411209305 -0.014418232583521326 -0.00051527884268706236 0.011153760146808581 -0.004930912733543665 -0.0086879020347574581 0.0046498503863750514 -0.0026634336898374994 0.003145258584416995 0.0070399319603237642 -0.0055960443775415767 0.00031336842391799626 0.00355176899018375 -0.0013671825541521371 0.0166268358763773 0.00029654776515057883 0.00049469394594991068 -0.015153207859354249 0.013011462891937484
leaf_weight=25 33097 113 112 100 505 321 633 46 232 22 190 220 81 231 69 260 111 168 60 146 61 87 444 1307 5811 192 11999 276 96 183
leaf_count=25 33097 113 112 100 505 321 633 46 232 22 190 220 81 231 69 260 111 168 60 146 61 87 444 1307 5811 192 11999 276 96 183
internal_value=-3.9469e-12 0.000707781 0.00152809 0.00030484 -0.00144945 0.0044362 -0.000217433 0.00323131 0.00563483 0.0103267 0.000455317 -0.00551022 -0.0103876 -0.000588823 7.13633e-05 -0.000917691 -0.0031678 0.000384978 0.00388731 0.00571543 0.0113902 -4.90361e-05 -3.99997e-05 0.000228981 -0.000715559 0.00523819 0.000668304 0.00306396 -0.00354347 0.0047136
internal_weight=57198 3706 2685 1890 1021 795 1778 660 339 135 695 326 106 1678 1336 1061 342 801 275 215 107 53492 53405 20308 6447 636 13861 1862 372 1490
internal_count=57198 3706 2685 1890 1021 795 1778 660 339 135 695 326 106 1678 1336 1061 342 801 275 215 107 53492 53405 20308 6447 636 13861 1862 372 1490
is_linear=0
shrinkage=0.05


Tree=127
num_leaves=31
num_cat=0
split_feature=2 4 4 0 0 6 0 3 4 4 0 0 3 2 3 6 9 0 1 9 7 3 4 9 2 0 3 4 2 3
split_gain=0.770814 2.50263 1.06487 0.987465 0.773911 1.80129 2.44474 1.41505 2.83388 1.41252 1.01158 4.49499 7.03534 4.2774 8.03265 7.08018 4.879 3.65979 3.22853 5.62205 3.14823 3.1024 5.54786 2.96269 1.79698 3.7994 1.63884 2.03388 1.816 1.65511
threshold=-1.9672679338424122 -0.57259552521579626 -0.71015597708788747 -0.49693428890860275 -1.9518562126726928 -0.88889511337147242 -2.0029426460512427 0.574537168345718 0.41325437986752434 0.16106021810202364 -1.3418761623413336 -1.1511588724903166 -0.17907257356197429 0.078021813504588602 1.0098923969301572 1.0000000180025095e-35 1.3495304031305906 -1.2489350094155733 -0.48602017104070494 1.0496757648999988 0.50726550913191959 -1.1637287880618501 -0.43503507334370556 1.4494819492074547 1.1986533503478529 -1.8581196697814495 2.593219488673522 -0.04528045970611317 0.54409918236884047 1.8573264343973352
decision_type=2 2 2 2 2 2 2 2 2 2 2 2 2 2 2 2 2 2 2 2 2 2 2 2 2 2 2 2 2 2
left_child=1 2 -1 -3 5 7 -7 -2 -9 -8 13 12 20 14 -6 18 -16 -14 19 -15 -12 -22 -23 24 25 -20 27 -17 -29 -30
right_child=4 3 -4 -5 10 6 9 8 -10 -11 11 -13 17 15 16 26 -18 -19 23 -21 21 22 -24 -25 -26 -27 -28 28 29 -31
leaf_value=-0.0046569261922837892 -0.001250835643413 0.00064601155230775481 -0.016725507513841702 0.013474786708441875 0.00044504913146434677 -0.0018226100820617791 -0.020936784555669875 0.0011253197512257824 0.019027286916505546 -0.0044437632186427002 7.4753665198040701e-05 6.4892558585263142e-05 -0.0025852034371247161 0.027812643397238948 -0.006996821318611954 0.0063726144680834335 -0.037826260605028701 -0.015105076031717804 0.016599348522052453 -0.0016284228905158885 -0.0026697428720357849 0.0034609417398941927 -0.023833531160870246 0.012310717378378563 -0.0080460533577327922 -0.0014951432186323171 0.0036481018932092756 0.011909341028976171 0.03835577092637929 0.018880229019559921
leaf_weight=141 1038 40 21 24 3532 115 34 191 25 21 1068 49768 94 31 33 23 21 154 33 34 228 29 52 46 75 240 21 22 24 20
leaf_count=141 1038 40 21 24 3532 115 34 191 25 21 1068 49768 94 31 33 23 21 154 33 34 228 29 52 46 75 240 21 22 24 20
internal_value=-2.82411e-12 -0.00291428 -0.00622137 0.0054568 1.15605e-05 -0.00113941 -0.00596923 -0.000484648 0.00319731 -0.0146394 4.10662e-05 -1.9603e-05 -0.0026074 0.000791481 0.000152445 0.00481887 -0.018986 -0.0103596 0.00208847 0.0124127 -0.00121121 -0.00565591 -0.0140614 0.000385236 -0.00119112 0.000692103 0.0162121 0.0191766 0.0236386 0.0295033
internal_weight=57198 226 162 64 56972 1424 170 1254 216 55 55548 51393 1625 4155 3586 569 54 248 459 65 1377 309 81 394 348 273 110 89 66 44
internal_count=57198 226 162 64 56972 1424 170 1254 216 55 55548 51393 1625 4155 3586 569 54 248 459 65 1377 309 81 394 348 273 110 89 66 44
is_linear=0
shrinkage=0.05


Tree=128
num_leaves=31
num_cat=0
split_feature=2 4 1 0 4 0 7 4 9 0 5 4 2 0 0 5 2 2 2 7 1 5 1 7 5 4 2 4 6 1
split_gain=0.714008 2.7557 2.05393 1.85787 1.72338 1.71621 1.17115 1.09868 0.912011 0.867893 1.49839 1.37163 0.914309 0.793713 0.790657 0.743601 2.6786 1.7212 3.23812 2.85016 1.91638 1.26014 3.03721 6.89555 4.28084 4.03075 4.98532 7.10133 5.87287 6.24176
threshold=-1.5899400149756182 -0.57259552521579626 -0.8521019949866494 -0.45180638707072185 -1.3750314944696622 0.10042579704417771 1.0000000180025095e-35 1.3303240590147996 0.54991803451567944 -0.638462861730001 -1.0444571093634523 -0.71015597708788747 -1.7235830033131732 -0.88899551609493488 -1.4580190833282054 1.4779829372212656 0.30365765512944148 0.027653295738949001 -0.024872320707465572 1.0000000180025095e-35 -0.52881800556145986 0.57739941913764026 0.29134498452718266 -0.44313593596502393 1.4101165497556909 -0.71015597708788747 -0.35841832082033681 1.4449577689082089 -0.88889511337147242 -0.6802448068629473
decision_type=2 2 2 2 2 2 2 2 2 2 2 2 2 2 2 2 2 2 2 2 2 2 2 2 2 2 2 2 2 2
left_child=1 4 3 7 13 6 -6 -3 -5 12 -11 -12 14 -1 -8 21 17 18 20 -19 -17 -2 23 -23 -25 -26 27 28 -27 -30
right_child=15 2 -4 8 5 -7 9 -9 -10 10 11 -13 -14 -15 -16 16 -18 19 -20 -21 -22 22 -24 24 25 26 -28 -29 29 -31
leaf_value=-0.0025972222997646395 -8.2651113761703554e-05 0.0036106152766211272 -0.010542170732067181 0.018792399051432901 0.0068826141301542524 -0.016943791081550821 -0.011938048057534078 -0.0074314122226227216 0.005008270354231909 -0.014916632364370994 -0.00086340564535930758 -0.012730889884488925 0.0049958964499334495 0.0085177471369711887 -0.0022956710174912589 -3.5336942118619645e-05 -0.012350008616128132 0.013605508014846307 -0.016708081645230133 -0.0069381574990693478 -0.0029582671843536995 -0.00049304246630331406 -7.8237715488870384e-06 0.0063859816024903343 -0.0012307974659464048 0.033219689488290779 0.00072867073977737873 -0.0018706624066908263 -0.0058257013179209768 0.014178190371725605
leaf_weight=29 37300 136 26 28 22 29 27 27 21 49 80 35 33 36 100 3607 48 52 31 25 664 2140 10335 806 618 31 503 120 49 191
leaf_count=29 37300 136 26 28 22 29 27 27 21 49 80 35 33 36 100 3607 48 52 31 25 664 2140 10335 806 618 31 503 120 49 191
internal_value=-2.5396e-12 -0.00161294 0.00272126 0.00434791 -0.00395734 -0.00526014 -0.00428087 0.00178157 0.0128849 -0.00503888 -0.00759493 -0.00447525 -0.00241894 0.00355876 -0.00434563 1.93484e-05 -0.000602771 -0.000474005 -0.000606625 0.00693549 -0.000489756 7.22178e-05 0.000462714 0.00155356 0.00344301 0.0018742 0.00402061 0.00825551 0.0127394 0.0100941
internal_weight=57198 678 238 212 440 375 346 163 49 324 164 115 160 65 127 56520 4427 4379 4302 77 4271 52093 14793 4458 2318 1512 894 391 271 240
internal_count=57198 678 238 212 440 375 346 163 49 324 164 115 160 65 127 56520 4427 4379 4302 77 4271 52093 14793 4458 2318 1512 894 391 271 240
is_linear=0
shrinkage=0.05


Tree=129
num_leaves=31
num_cat=0
split_feature=3 5 5 8 4 4 5 0 1 2 1 0 4 5 5 0 5 5 1 4 3 5 0 9 9 4 7 3 4 0
split_gain=0.761205 4.92586 3.4466 2.055 2.58747 5.89638 7.67639 4.92717 4.34494 5.45045 4.20162 3.46512 2.97542 5.1527 2.60438 1.57149 4.30255 1.19117 1.11476 1.10218 1.08361 1.01606 1.00282 0.91388 3.65809 4.43062 4.93187 4.18665 3.7254 3.16496
threshold=2.8180227285006008 1.4495693291702281 1.0142561076130823 1.0000000180025095e-35 0.50496134778225188 0.22984044403806927 1.386347522532285 1.6887697751547579 3.0972743299717664 3.6090885753489395 2.8232239291283161 1.5190057388334017 -0.48088855730106883 1.2994638957836848 1.4101165497556909 -0.36218820601171692 1.2994638957836848 1.2291569272765577 2.1514073801717424 -0.13698742762084057 3.1923315992737717 1.2291569272765577 1.4752347667327759 0.25006339628508761 1.0000000180025095e-35 1.3532508009934816 -0.67566290470831769 -1.472370864276223 1.5595914788016185 1.8345081719818419
decision_type=2 2 2 2 2 2 2 2 2 2 2 2 2 2 2 2 2 2 2 2 2 2 2 2 2 2 2 2 2 2
left_child=23 2 -2 15 5 6 7 8 22 -10 18 -11 -9 17 -7 -4 -17 19 -6 -14 -18 -20 -5 24 27 -26 28 -1 -27 -25
right_child=1 -3 3 4 10 14 -8 12 9 11 -12 -13 13 -15 -16 16 20 -19 21 -21 -22 -23 -24 29 25 26 -28 -29 -30 -31
leaf_value=0.010084310573488844 -0.010761363746534134 0.024414594601029935 0.0013206315794732513 0.010396219471003861 0.01236585675738752 0.010240913978777827 -0.02115384628996253 -0.019130617530927773 0.04022197043523193 0.025549405050419628 -0.022144448144472733 -0.0022618223136911791 -0.018336249036448343 0.022819765695286071 0.035170799417590555 0.0097354387165978565 -0.010619157189059826 0.0032243974963892942 0.0035538830335025452 -0.0021367714163802918 -0.026881137598538773 -0.010433969211298973 -9.0871683364038863e-05 -0.00031396897396662558 0.00076574142110565535 0.017035550935256875 0.0022919060346262886 -0.00011374982076816051 0.0040172897102602294 0.0064745109482208067
leaf_weight=101 58 23 82 40 20 20 29 21 24 21 23 24 21 22 22 20 21 27 37 21 20 20 53 22797 4463 122 529 28244 100 173
leaf_count=101 58 23 82 40 20 20 29 21 24 21 23 24 21 22 22 20 21 27 37 21 20 20 53 22797 4463 122 529 28244 100 173
internal_value=-1.49004e-12 0.00167669 0.000867137 0.00201417 0.00368978 0.00574245 0.00330881 0.00589792 0.0114729 0.0209794 -0.00339191 0.0107168 -0.00216592 0.00174901 0.0232994 -0.00320017 -0.00927732 -0.0049692 0.0022095 -0.0102365 -0.0185518 -0.00135414 0.00441971 -1.9843e-05 0.000146481 0.00136363 0.00491676 -7.74117e-05 0.0111715 -0.000262841
internal_weight=57198 669 646 588 445 345 303 274 162 69 100 45 112 91 42 143 61 69 77 42 41 57 93 56529 33559 5214 751 28345 222 22970
internal_count=57198 669 646 588 445 345 303 274 162 69 100 45 112 91 42 143 61 69 77 42 41 57 93 56529 33559 5214 751 28345 222 22970
is_linear=0
shrinkage=0.05


Tree=130
num_leaves=31
num_cat=0
split_feature=9 0 4 4 0 7 1 2 6 3 9 2 3 3 1 0 4 4 0 0 1 8 9 8 4 12 3 4 2 0
split_gain=0.732502 2.37062 3.19276 3.07368 2.78793 1.63126 2.85532 1.52247 1.49572 1.4446 1.05783 2.84092 2.43781 2.28055 2.59029 4.02003 2.05378 2.26107 1.85838 2.28318 2.45661 1.73166 1.67978 3.82056 13.2887 6.37256 5.48929 5.40357 12.4379 7.09688
threshold=-1.4491128870215986 -0.076729895149008923 -1.008203622810752 -0.75600946104525135 0.035253852697791459 -0.17418860646293408 0.62917392038763909 -0.58861415469348921 -0.90990146219895396 -0.15292512424340945 -0.64950051840668743 -0.99532315933914084 -1.1785584707595622 -1.3596398216338503 -0.89657038124661204 -0.21022777338112061 -0.228694395535568 -0.71015597708788747 -0.77375507822379019 -0.54124010243364806 -0.27978864535196191 -0.99042967103748658 0.25006339628508761 -0.99042967103748658 -1.2833245265549345 -0.69978104715131473 -0.84985813520911813 -0.228694395535568 2.1238254829769763 -0.83601990744262233
decision_type=2 2 2 2 2 2 2 2 2 2 2 2 2 2 2 2 2 2 2 2 2 2 2 2 2 2 2 2 2 2
left_child=1 2 8 5 -5 6 -3 -6 -1 -4 11 12 -2 -13 15 -15 17 -14 -16 20 -20 -22 23 24 -12 26 -25 28 29 -27
right_child=10 3 9 4 7 -7 -8 -9 -10 -11 22 13 16 14 18 -17 -18 -19 19 -21 21 -23 -24 25 -26 27 -28 -29 -30 -31
leaf_value=-0.0035321874937958896 0.003872348772241704 0.010028934005560325 0.0014633726323014483 0.006814365211214049 0.0055649295376771889 0.0019376706231312266 0.0012511480606231347 -0.00061659069900068262 -0.011785450676962843 -0.0038029771285575452 0.010966624263465233 0.013699362844485662 -0.0064717131341100109 0.0047644612344878694 0.0037201223123854328 -0.011773502761093173 0.0082457885751500738 -0.020379670117707815 0.00022033169917395914 -0.00018509600888995612 -0.00089439572924239767 -0.0076036761058068635 -0.00017943969611166502 0.010324017930238476 0.0008696321474316363 0.013356132877647484 0.0012212087605559764 0.00041064614745294999 -0.020481791907769841 -0.0020959002900102354
leaf_weight=155 62 222 546 152 106 458 159 1652 85 171 368 29 208 54 287 115 20 34 340 12749 142 298 23528 172 2846 76 4463 4272 91 3338
leaf_count=155 62 222 546 152 106 458 159 1652 85 171 368 29 208 54 287 115 20 34 340 12749 142 298 23528 172 2846 76 4463 4272 91 3338
internal_value=-5.66346e-13 0.000679791 -0.00146349 0.00142592 0.000317832 0.00394852 0.00636576 -0.000243871 -0.00645522 0.000207381 -4.70969e-05 -0.000414529 -0.00504328 -0.000307513 -0.000336559 -0.00648918 -0.00715309 -0.00842572 -0.000261299 -0.000345759 -0.00297178 -0.00543841 8.74549e-05 0.000489317 0.00202573 9.14739e-05 0.001559 -0.000783157 -0.0022382 -0.00175192
internal_weight=57198 3706 957 2749 1910 839 381 1758 240 717 53492 14338 324 14014 13985 169 262 242 13816 13529 780 440 39154 15626 3214 12412 4635 7777 3505 3414
internal_count=57198 3706 957 2749 1910 839 381 1758 240 717 53492 14338 324 14014 13985 169 262 242 13816 13529 780 440 39154 15626 3214 12412 4635 7777 3505 3414
is_linear=0
shrinkage=0.05


Tree=131
num_leaves=31
num_cat=0
split_feature=3 5 5 4 1 4 5 7 7 0 1 2 4 5 4 4 4 5 5 4 1 5 2 0 1 5 2 1 4 4
split_gain=0.702814 4.44177 3.10135 1.8817 3.47058 2.63228 7.01728 4.54555 3.01068 3.3003 3.29523 9.82985 2.70291 4.62022 2.03198 3.81062 1.49257 1.12902 1.05153 0.957865 0.819247 0.861374 0.815308 3.65796 1.29965 2.5409 2.45409 1.18105 7.3588 7.40681
threshold=2.8180227285006008 1.4495693291702281 1.0142561076130823 0.48203460580356999 2.8232239291283161 0.22984044403806927 1.4101165497556909 1.707859523614377 -0.44313593596502393 1.6887697751547579 3.0972743299717664 2.9697660757573816 -0.48088855730106883 1.2994638957836848 -0.38918158938634145 -0.71015597708788747 -1.2833245265549345 1.386347522532285 1.2291569272765577 -0.13698742762084057 2.2904216509925721 1.2291569272765577 5.1381541538316595 -0.094906923654009892 3.5767933308216593 0.86189575033690324 2.4215941071938034 2.8232239291283161 -0.228694395535568 -0.068207201684795479
decision_type=2 2 2 2 2 2 2 2 2 2 2 2 2 2 2 2 2 2 2 2 2 2 2 2 2 2 2 2 2 2
left_child=22 2 -2 5 20 6 8 17 -4 10 14 -12 -11 18 15 16 -10 -7 19 -14 -5 -22 24 -24 27 -26 -27 -1 -29 -30
right_child=1 -3 3 4 -6 7 -8 -9 9 12 11 -13 13 -15 -16 -17 -18 -19 -20 -21 21 -23 23 -25 25 26 -28 28 29 -31
leaf_value=-9.8111782370233306e-06 -0.010188364498477815 0.023202835444522941 -0.01143646203432112 0.0086244910101716723 -0.016390999650733696 -0.007040681446563792 -0.022592876716849529 0.02418994203908369 0.011317245367293557 -0.018165115240429127 0.045023209457709032 0.0059514167462475604 -0.01712605105269523 0.021687749835175716 -0.0069131993113414336 0.025488863166802652 -0.0043826261863592307 0.0074959569309345072 0.003072149751500951 -0.0020242955890439804 0.0032468844131058592 -0.0099032988573890188 0.0079985025525093085 -0.014861205457280103 -0.0057766614785498896 0.02355200197725069 0.0048573070016437181 -0.024369937748027346 0.027529436053538865 -0.0029710733188866557
leaf_weight=56016 58 23 31 30 37 22 28 38 24 21 22 60 21 22 34 22 41 34 27 21 33 20 30 42 46 21 107 36 22 209
leaf_count=56016 58 23 31 30 37 22 28 38 24 21 22 60 21 22 34 22 41 34 27 21 33 20 30 42 46 21 107 36 22 209
internal_value=-2.83272e-12 0.0016111 0.000842353 0.00193042 -0.00365543 0.00336268 0.00148276 0.0108424 0.00343107 0.00489423 0.0086957 0.0164341 -0.00199595 0.0017354 0.00345151 0.00750208 0.00141425 0.00178513 -0.00462622 -0.00957517 0.00202188 -0.00171545 -1.90668e-05 -0.00533633 -1.22856e-05 0.00430228 0.00792441 -2.56242e-05 -0.00334316 -6.62629e-05
internal_weight=57198 669 646 588 120 468 374 94 346 315 203 82 112 91 121 87 65 56 69 42 83 53 56529 72 56457 174 128 56283 267 231
internal_count=57198 669 646 588 120 468 374 94 346 315 203 82 112 91 121 87 65 56 69 42 83 53 56529 72 56457 174 128 56283 267 231
is_linear=0
shrinkage=0.05


Tree=132
num_leaves=31
num_cat=0
split_feature=0 0 1 2 4 0 0 3 9 3 4 1 5 3 0 2 5 0 2 4 3 5 4 4 0 4 1 4 12 6
split_gain=0.686999 0.824452 2.20874 2.68651 1.93715 7.52693 4.08558 4.62038 3.96652 3.10635 3.0716 30.1465 7.01767 5.49755 6.33385 5.85524 5.59444 9.28913 4.07977 4.80036 3.66406 3.04651 4.95231 8.05791 7.31601 3.6015 2.78863 2.21071 3.30067 2.03439
threshold=2.4700175506702986 0.76701006881243816 -0.83355009413019043 -0.76737821627910929 -0.13698742762084057 1.3053875777776807 1.0327649499723037 -0.63433567274564162 0.64986958059254329 2.1013061194939193 -0.29747462147161352 1.0491910971205096 0.69515041704156832 -0.010646327740282542 0.97414177273782254 -0.41020666726664506 -0.37618863167946776 1.0327649499723037 1.1130214684400512 -0.43503507334370556 0.28967719603270808 1.1495863065883827 -0.45796181532238694 -0.25162113751425025 1.5797132453445968 -0.59552226719447854 -0.4426897332137455 0.75715550954775257 -0.69978104715131473 1.7136308150948316
decision_type=2 2 2 2 2 2 2 2 2 2 2 2 2 2 2 2 2 2 2 2 2 2 2 2 2 2 2 2 2 2
left_child=1 -1 3 -3 5 10 9 26 -9 29 13 12 -12 14 -4 -16 20 -18 -19 -20 -15 -7 25 24 -24 -23 -8 28 -10 -6
right_child=-2 2 4 -5 6 21 7 8 27 -11 11 -13 -14 16 15 -17 17 18 19 -21 -22 22 23 -25 -26 -27 -28 -29 -30 -31
leaf_value=-8.6087760466203942e-05 -0.0032314896489147142 0.01275108249097223 0.0010646854532035531 -0.0076061683662590534 -0.0012584810492942539 -0.00074183054985183991 -0.020823203590859114 0.0011588108885790323 -0.0090342018594189236 -0.022314136251807212 0.00058339352711487766 0.059539299658857861 0.024420848542026113 0.0003561089317435804 0.033431359639701751 0.0098512738243119024 0.0054268953075976003 -0.010321422388878124 -0.0032144207683611767 0.024475376829504968 -0.012058642497477861 0.0039222920471201506 0.0077125940556553281 -0.0077068547839703773 0.047630614073326194 -0.018174813663505991 -0.0043148237684916503 -0.012821465616875236 0.0047049288966638202 -0.0057277291185047277
leaf_weight=45564 164 71 221 21 949 3330 29 4054 90 20 262 26 35 115 30 215 715 166 72 20 123 93 22 23 24 23 217 71 85 348
leaf_count=45564 164 71 221 21 949 3330 29 4054 90 20 262 26 35 115 30 215 715 166 72 20 123 93 22 23 24 23 217 71 85 348
internal_value=1.91854e-12 9.29208e-06 0.000388184 0.00810432 0.000325793 0.000998469 -0.000306956 0.000403464 0.000784729 -0.00275917 0.00344727 0.00791208 0.00339252 0.00258732 0.00720227 0.0127386 0.000811464 0.00249223 -0.00564065 0.0028051 -0.00605992 -0.000394876 0.00585031 0.0164573 0.0285394 -0.000459031 -0.00626093 -0.00538001 -0.00236091 -0.00245763
internal_weight=57198 57034 11470 92 11378 5515 5863 4546 4300 1317 2000 323 297 1677 466 245 1211 973 258 92 238 3515 185 69 46 116 246 246 175 1297
internal_count=57198 57034 11470 92 11378 5515 5863 4546 4300 1317 2000 323 297 1677 466 245 1211 973 258 92 238 3515 185 69 46 116 246 246 175 1297
is_linear=0
shrinkage=0.05


Tree=133
num_leaves=31
num_cat=0
split_feature=9 4 6 4 0 0 4 0 8 0 8 4 2 4 3 1 2 4 5 7 5 5 8 2 8 4 4 4 5 2
split_gain=0.6622 1.39211 1.6469 1.61258 1.48552 1.44951 1.69875 1.30831 1.27487 1.19546 0.866003 0.848393 0.823909 1.96423 0.820984 0.813139 0.885935 0.809772 2.96056 8.87071 12.6601 4.39943 7.32232 6.28768 5.17847 4.14611 4.1031 3.98883 6.18657 4.14662
threshold=-1.5490644330984626 0.66544854163302503 1.0000000180025095e-35 -0.93942339687470655 0.13473263118872361 2.1320600998353485 1.2844705750574359 2.0936190745863663 -0.99042967103748658 2.4700175506702986 0.74730582097220966 -1.1686908166615251 0.73675869211200207 -1.0769838487467975 -0.35006378606788385 0.18017253033548922 -0.017158781769341432 0.34447415393147868 -0.84497093191591066 -0.9109402413522435 -1.0444571093634523 -0.56047460071664723 1.0184757865176055 -0.11856944240543249 0.74730582097220966 1.4220310269295273 0.73422876756907074 1.3991042849508457 -1.0444571093634523 0.14062825127466352
decision_type=2 2 2 2 2 2 2 2 2 2 2 2 2 2 2 2 2 2 2 2 2 2 2 2 2 2 2 2 2 2
left_child=1 2 3 -1 -5 6 -3 12 -8 17 -10 -9 13 -4 -6 16 -15 -2 19 20 -19 22 24 -24 -20 -22 -23 28 29 -21
right_child=9 5 7 4 14 -7 8 11 10 -11 -12 -13 -14 15 -16 -17 -18 18 21 27 25 26 23 -25 -26 -27 -28 -29 -30 -31
leaf_value=-0.0032231796441030587 -0.00017108589573397795 -0.0025347198382123042 0.013256849472721419 0.0048858553850060658 0.0030306273214389676 -0.01178584854230927 0.0089777688152294175 -0.0090108898202223443 -0.0020069075322263403 -0.0049549779195974513 0.0042871146774474496 0.0015871305630847426 0.0014814662463964745 0.0029560038028284908 -0.0048532254132442184 0.006093913677463386 -0.0085832291504456884 0.00029662608098127803 0.0033494715144601335 -0.00033296671189333689 0.011597857501303942 0.0018959511954364011 0.00044433495675785589 -0.014411477278251065 0.012329972848611696 0.028942938802970782 -0.00021060919569132149 0.00095471122389102422 -0.0049216839228171981 -0.0080590274161029922
leaf_weight=225 34064 383 75 208 54 29 61 28 122 123 99 58 136 80 85 193 21 444 1307 2835 147 3023 276 96 183 45 9822 1482 1309 185
leaf_count=225 34064 383 75 208 54 29 61 28 122 123 99 58 136 80 85 193 21 444 1307 2835 147 3023 276 96 183 45 9822 1482 1309 185
internal_value=8.00193e-13 0.000928735 0.00198626 7.37276e-05 0.00221149 -0.000843461 -0.000366274 0.00383731 0.00257881 -3.11642e-05 0.000812587 -0.00186339 0.00480812 0.0060342 -0.00179043 0.00419169 0.000556757 -2.01963e-05 0.000222779 -0.000670616 0.00493556 0.000614411 0.00288576 -0.00338942 0.00445245 0.0156631 0.000285158 -0.0012842 -0.00205067 -0.000806252
internal_weight=57198 1857 1163 572 347 694 665 591 282 55341 221 86 505 369 139 294 101 55218 21154 6447 636 14707 1862 372 1490 192 12845 5811 4329 3020
internal_count=57198 1857 1163 572 347 694 665 591 282 55341 221 86 505 369 139 294 101 55218 21154 6447 636 14707 1862 372 1490 192 12845 5811 4329 3020
is_linear=0
shrinkage=0.05


Tree=134
num_leaves=31
num_cat=0
split_feature=0 5 3 6 8 1 2 4 3 1 0 2 2 3 2 1 4 6 3 5 0 2 2 4 1 2 3 5 4 5
split_gain=0.653698 1.68734 2.65572 2.40061 2.13196 1.38749 1.32012 1.27214 1.01763 3.41766 0.938434 2.95701 1.19748 4.58333 1.44191 3.65312 1.26823 1.16694 2.88366 1.08784 2.3096 1.52587 1.062 0.924773 0.733706 1.29243 0.697145 2.97782 3.00759 2.7978
threshold=-1.9518562126726928 1.4495693291702281 1.5048606475528781 -0.88889511337147242 -0.99042967103748658 0.027511088301999054 -0.22491587391728121 0.16106021810202364 0.1917146394128795 -1.4599948467414963 -1.7856100734832345 -1.1503283976574983 1.1986533503478529 1.6725078410514487 0.15923843727844164 -0.17310703347976611 0.36740089591016062 -0.90990146219895396 0.2781311023448329 1.4779829372212656 -1.8581196697814495 -0.22491587391728121 1.6494453685099495 0.092279992165977986 -0.48602017104070494 -0.7192458967603016 2.1013061194939193 1.4495693291702281 0.27569392799543307 1.2655051286133518
decision_type=2 2 2 2 2 2 2 2 2 2 2 2 2 2 2 2 2 2 2 2 2 2 2 2 2 2 2 2 2 2
left_child=1 3 5 8 -4 6 24 -5 -1 -10 11 -2 13 14 17 -16 -14 -13 19 20 -19 -22 -18 -11 25 -3 -12 29 -29 -28
right_child=10 2 4 7 -6 -7 -8 -9 9 23 26 12 16 -15 15 -17 22 18 -20 -21 21 -23 -24 -25 -26 -27 27 28 -30 -31
leaf_value=-0.0055008282665820682 0.020613489064853639 -0.00061306826277442638 0.00062077807728201152 -0.019844537442002229 0.023430880636996814 -0.013087314194787973 0.0094428213228556247 -0.0041925253790049332 0.019880645321682096 -0.012120661163880003 -3.1226646238592026e-05 -0.0017501445403777958 -0.013800795100486049 0.025368118895530645 0.023659692394236723 -0.0019778849581736282 -0.0076514828639725856 -0.0036441043636648721 0.01871256867982447 2.5105372435190229e-05 0.02170996958963 0.0035890089170563786 0.0070734680900350223 -0.00023224689931659079 -0.0054115984984503471 0.011928655949997761 0.0022180652305207331 0.0261866070330143 0.0029113076893346654 -0.0021235422966252005
leaf_weight=119 20 941 20 34 21 22 33 21 20 21 53186 317 26 20 24 33 24 33 25 346 26 21 25 74 77 21 1000 23 35 590
leaf_count=119 20 941 20 34 21 22 33 21 20 21 53186 317 26 20 24 33 24 33 25 346 26 21 25 74 77 21 1000 23 35 590
internal_value=1.04427e-13 -0.00105786 -0.000189368 -0.00446873 0.012304 -0.000657584 -0.000402496 -0.0138683 -0.00225943 0.00109472 2.70089e-05 0.00159346 0.00117998 0.0017174 0.00114405 0.00881688 -0.00487493 0.00057458 0.00220859 0.00124005 0.00649466 0.0136134 -0.000138753 -0.00286021 -0.000715196 -0.000339288 1.5579e-07 0.00101296 0.0121412 0.000607028
internal_weight=57198 1424 1135 289 41 1094 1072 55 234 115 55774 940 920 845 825 57 75 768 451 426 80 47 49 95 1039 962 54834 1648 58 1590
internal_count=57198 1424 1135 289 41 1094 1072 55 234 115 55774 940 920 845 825 57 75 768 451 426 80 47 49 95 1039 962 54834 1648 58 1590
is_linear=0
shrinkage=0.05


Tree=135
num_leaves=31
num_cat=0
split_feature=9 0 4 0 4 2 4 3 2 8 8 8 2 4 4 0 9 11 5 3 4 4 6 8 3 2 12 2 3 0
split_gain=0.613295 2.09565 3.01199 2.63347 2.52257 1.96311 1.46615 1.32121 1.31765 1.29242 1.75382 1.21277 1.89843 1.07051 1.1024 1.01158 0.988025 5.26429 6.071 6.07423 8.48507 5.33895 5.7348 5.70665 4.85368 3.58777 4.6014 3.42151 3.35142 2.89881
threshold=-1.4491128870215986 -0.046811405019422853 -0.75600946104525135 0.018766739333797907 -0.84771642895997912 -0.16448273647627729 1.5595914788016185 0.63708671691225505 -0.58861415469348921 0.38174988366425283 0.74730582097220966 -0.99042967103748658 -1.4173852910024787 1.2844705750574359 0.68837528361170697 -0.15642271830724117 -0.54954897232982358 1.0000000180025095e-35 -0.43848646996953172 -1.1785584707595622 -0.64137575115184176 -0.57259552521579626 1.0000000180025095e-35 0.38174988366425283 0.18107119523668661 -0.41836189969136378 -1.3956253545011943 -0.99532315933914084 -0.87162206663839559 -0.54124010243364806
decision_type=2 2 2 2 2 2 2 2 2 2 2 2 2 2 2 2 2 2 2 2 2 2 2 2 2 2 2 2 2 2
left_child=1 4 5 -4 11 7 13 -3 -5 -7 -11 12 -1 14 -6 -15 17 18 19 -2 24 22 -22 -24 28 -19 -27 -20 -21 -29
right_child=16 2 3 8 6 9 -8 -9 -10 10 -12 -13 -14 15 -16 -17 -18 25 27 20 21 -23 23 -25 -26 26 -28 29 -30 -31
leaf_value=0.0027160641625523568 0.0073486288667156067 0.0072484573456499963 0.0077054485918779392 0.0052065879076868653 0.0028213797254383367 0.00053982934771276822 -0.0066935421955404868 0.02064128386026079 -0.00054205746941423055 0.010262228689748342 0.0025242732122494312 -0.0028180454541738569 -0.013045799307795355 0.00094299657691924554 -0.001652883886381219 0.012634856812655927 9.7246275154552826e-05 0.005653271621578311 -0.0070855311169877519 0.00080389957390530431 -0.0024142990068701858 -0.0016379070143934004 0.0085439881208973622 0.043024220243096351 -0.018331679215700163 -0.0059306398478899307 0.001264201121892029 -0.0050702343607155536 -0.0068760252317641869 -1.0568801139450441e-05
leaf_weight=25 134 113 112 106 253 321 66 22 1672 107 232 220 81 37 302 37 37498 418 182 167 44 1162 30 20 82 240 3000 292 951 9272
leaf_count=25 134 113 112 106 253 321 66 22 1672 107 232 220 81 37 302 37 37498 418 182 167 44 1162 30 20 82 240 3000 292 951 9272
internal_value=2.66043e-12 0.000622022 0.00135521 0.000269094 -0.00130611 0.00393731 0.000396036 0.00943099 -0.000199337 0.0028136 0.00496664 -0.0049349 -0.00932838 0.00113993 0.000386735 0.00678893 -4.30946e-05 -0.000372124 -0.000866089 -0.00301776 -0.00358335 -0.000710727 0.0107508 0.0223361 -0.00659004 0.00129369 0.00073125 -0.000294282 -0.00572885 -0.000165046
internal_weight=57198 3706 2685 1890 1021 795 695 135 1778 660 339 326 106 629 555 74 53492 15994 12336 2590 2456 1256 94 50 1200 3658 3240 9746 1118 9564
internal_count=57198 3706 2685 1890 1021 795 695 135 1778 660 339 326 106 629 555 74 53492 15994 12336 2590 2456 1256 94 50 1200 3658 3240 9746 1118 9564
is_linear=0
shrinkage=0.05


Tree=136
num_leaves=31
num_cat=0
split_feature=0 1 2 0 2 3 1 1 1 5 0 2 3 0 11 2 1 1 0 5 0 3 0 8 2 2 1 3 6 7
split_gain=0.628007 2.00949 2.49172 1.79996 3.74336 2.66142 2.3965 2.02643 2.3233 3.50015 2.18156 1.86397 1.71569 4.262 4.30901 3.50935 4.35201 2.95142 2.64028 2.05212 2.01325 1.75919 4.18372 2.4474 1.67196 1.66923 2.6053 1.61427 1.41112 1.41091
threshold=0.76701006881243816 -0.83355009413019043 -0.79612106467368327 0.60024155443359561 1.8365623065159464 1.6725078410514487 2.8232239291283161 4.5432521720492414 3.5767933308216593 1.386347522532285 0.0080319006199791165 2.6677511286377769 2.0160152888604972 -0.58445645460119244 -0.7500292558394458 1.9275026134528697 1.5975434230365171 1.6951738662692393 -1.2252023190870001 1.0142561076130823 -1.4580190833282054 2.4195774946774047 -0.40266444959466524 1.0000000180025095e-35 2.2525279717964426 3.6090885753489395 2.4152294704462594 2.593219488673522 -0.88889511337147242 -0.080597219688208724
decision_type=2 2 2 2 2 2 2 2 2 2 2 2 2 2 2 2 2 2 2 2 2 2 2 2 2 2 2 2 2 2
left_child=3 2 -2 7 6 -6 28 8 12 -10 -9 24 25 18 17 16 29 -15 20 27 -14 23 -23 -21 -7 26 -1 -17 -5 -16
right_child=1 -3 -4 4 5 11 -8 10 9 -11 -12 -13 13 14 15 19 -18 -19 -20 21 -22 22 -24 -25 -26 -27 -28 -29 -30 -31
leaf_value=-4.3372249068553722e-05 0.013271000958786952 0.00026920672862058403 -0.0044400560509028101 -0.011404164101589811 -0.025837749302048574 -0.0081031378499383851 0.016243751151487233 -0.0023624117796619735 -0.026874249782413248 -0.0017351962191363179 0.017209780775176896 -0.017652977018237669 -0.0017745302339997326 0.004664739842733575 0.00061591396196967086 0.0012248309033263164 0.026011592318165178 -0.013159061758778991 -0.011626457687347167 0.010131023022467676 0.012313494359239422 -0.0071588814629379802 0.015253590224157241 -0.012935026435930606 0.0081573565453290937 0.010286290609301666 -0.0080439623595927583 -0.015177777744829654 -0.0009836592773168108 0.012373833156262453
leaf_weight=42250 63 11542 29 33 22 43 20 24 20 45 35 27 202 45 42 60 47 48 62 23 29 27 91 23 25 39 102 20 2095 65
leaf_count=42250 63 11542 29 33 22 43 20 24 20 45 35 27 202 45 42 60 47 48 62 23 29 27 91 23 25 39 102 20 2095 65
internal_value=4.20103e-14 0.000327875 0.00768817 -8.37173e-05 -0.00145774 -0.0101672 -0.000983347 -1.1841e-05 -2.44762e-05 -0.00947029 0.00924821 -0.00653823 -1.02555e-05 0.00230742 0.00515523 0.00741945 0.0133293 -0.00453464 -0.00246486 0.00368946 -5.90377e-06 0.00689204 0.0101253 -0.001402 -0.00212501 -5.31197e-05 -6.26408e-05 -0.00287582 -0.00114526 0.00775858
internal_weight=57198 11634 92 45564 2265 117 2148 43299 43240 65 59 95 43175 784 491 398 154 93 293 244 231 164 118 46 68 42391 42352 80 2128 107
internal_count=57198 11634 92 45564 2265 117 2148 43299 43240 65 59 95 43175 784 491 398 154 93 293 244 231 164 118 46 68 42391 42352 80 2128 107
is_linear=0
shrinkage=0.05


Tree=137
num_leaves=31
num_cat=0
split_feature=2 4 4 0 1 4 2 0 8 2 2 1 11 1 2 3 0 7 12 2 0 0 7 0 8 0 4 0 1 8
split_gain=0.606787 2.0101 0.838481 0.837897 0.623735 3.11944 5.90027 3.89016 2.12325 5.34948 2.37305 2.17386 2.21033 2.26286 2.06727 2.28343 1.90643 1.94534 1.89776 1.90174 2.2197 2.64498 2.90843 2.84143 1.59112 2.89837 2.17517 1.87775 2.27539 1.87604
threshold=-1.9672679338424122 -0.57259552521579626 -0.71015597708788747 -0.49693428890860275 -0.77694695667155833 -1.1457640746828435 -0.17192784638767408 0.91769187452946521 -1.7049705869141294 -0.77643758536388308 -0.31132118770290196 -1.3056865052139814 0.71381099240352019 -0.99885454911895788 -0.78645249303697462 -1.5515887659285705 -0.47331132081955035 1.0000000180025095e-35 0.34398541387350456 -0.84560957395269531 0.079472219010005132 -0.6271509910208567 1.0000000180025095e-35 -0.5280422754559323 1.0184757865176055 0.1422746919524476 -0.13698742762084057 -0.46560339495487107 -0.76707600263752618 -1.7049705869141294
decision_type=2 2 2 2 2 2 2 2 2 2 2 2 2 2 2 2 2 2 2 2 2 2 2 2 2 2 2 2 2 2
left_child=1 2 -1 -3 5 6 8 18 9 -2 11 -10 13 -13 24 16 17 -16 -7 -20 21 -21 -23 -24 27 -26 -27 28 -6 -29
right_child=4 3 -4 -5 14 7 -8 -9 10 -11 -12 12 -14 -15 15 -17 -18 -19 19 20 -22 22 23 -25 25 26 -28 29 -30 -31
leaf_value=-0.0041613090394738922 0.0026365352115700828 0.00048508466337807474 -0.014870460034303723 0.012302420259220527 -0.012451993548311294 0.00067059218774742624 0.020945217491911226 0.012072098410377902 -0.0029854739460855248 0.020352780994246991 -0.0095866879046547643 0.010051792287155085 0.00085248319745702926 0.0021717107489734586 -0.0059386847172931273 5.1378542159000415e-05 -0.00052658874634653333 -0.02176925614476204 -8.3108846525177855e-06 -0.0030818127876614879 -0.0097649172177918311 0.0052590033431988564 0.0062812288925435736 -0.0032305768570137661 -0.00037928094191426811 0.018181315320002479 -0.00086847673403059637 -0.0069309896012447166 0.0004941291816135913 -0.0019169096454323021
leaf_weight=141 259 40 21 24 35 4330 41 66 240 51 51 155 896 221 69 41472 100 27 3357 1173 87 240 97 412 224 43 23 206 1121 1976
leaf_count=141 259 40 21 24 35 4330 41 66 240 51 51 155 896 221 69 41472 100 27 3357 1173 87 240 97 412 224 43 23 206 1121 1976
internal_value=3.24624e-13 -0.00258568 -0.00554953 0.00491659 1.0257e-05 0.00033611 0.0021818 -2.57682e-05 0.00177107 0.00555114 0.00102135 0.00137916 0.00220267 0.00542015 -7.37386e-05 2.59329e-05 -0.00535815 -0.010391 -0.000108118 -0.000736484 -0.00195325 -0.00159965 0.000721552 -0.00141791 -0.00121848 0.00233401 0.0115428 -0.00152711 0.000102162 -0.00239028
internal_weight=57198 226 162 64 56972 11676 1914 9762 1873 310 1563 1512 1272 376 45296 41668 196 96 9696 5366 2009 1922 749 509 3628 290 66 3338 1156 2182
internal_count=57198 226 162 64 56972 11676 1914 9762 1873 310 1563 1512 1272 376 45296 41668 196 96 9696 5366 2009 1922 749 509 3628 290 66 3338 1156 2182
is_linear=0
shrinkage=0.05


Tree=138
num_leaves=31
num_cat=0
split_feature=0 6 0 1 5 2 3 4 5 1 3 5 0 4 4 4 2 1 0 0 0 2 4 2 3 0 2 4 4 0
split_gain=0.580441 1.47871 1.92865 1.33156 2.73957 1.97373 1.76667 1.1411 0.864523 1.89623 4.55989 3.81366 4.35665 8.09753 4.81826 4.64482 4.0474 3.75245 3.66331 3.53077 3.45211 3.0645 4.4924 3.04572 3.23387 4.46606 2.98221 4.46864 8.79488 5.28423
threshold=-1.9518562126726928 -0.88889511337147242 -2.0029426460512427 0.11290302876723111 1.4495693291702281 0.99872608336494417 0.87136745916807712 0.16106021810202364 0.57739941913764026 0.29134498452718266 1.3470610015778208 1.4312047935437753 -1.2764627040706582 -0.068207201684795479 1.4220310269295273 -1.3062512685336163 -0.38572591203095657 -0.69884413683131141 -0.44379649577730129 0.20246100450631968 0.11095403781065989 -0.052608519803848904 -0.04528045970611317 0.12941608497473236 -0.71909955657085944 -0.56248585589395461 -0.28911653168522861 -0.34332810542897768 -0.13698742762084057 -1.3768667146945477
decision_type=2 2 2 2 2 2 2 2 2 2 2 2 2 2 2 2 2 2 2 2 2 2 2 2 2 2 2 2 2 2
left_child=1 3 -3 5 -5 6 -1 -4 -2 10 11 12 13 -10 17 -14 -17 -15 26 20 23 22 -12 24 -18 -26 27 -11 -29 -30
right_child=8 2 7 4 -6 -7 -8 -9 9 18 21 -13 15 14 -16 16 19 -19 -20 -21 -22 -23 -24 -25 25 -27 -28 28 29 -31
leaf_value=-0.00096521421571143108 -0.00010952459435425868 -0.0016898354603377495 -0.018733777130460916 -0.00049944731309854739 0.018441342298007972 -0.012545164489586438 0.0077162862250265939 -0.0039098475039714862 0.0027341605552332685 0.010207177291334975 0.02734053585944431 -1.6319417218196166e-05 0.0073188007892560011 0.016528391035703513 0.0012779109980911017 0.0051379344304156209 0.010525631587693676 0.039834168583395023 0.00037175709834530928 0.0059067375472058418 -0.017056232459868328 0.0035467923942598561 0.0011992270312341001 0.0016805265880397843 -0.010763048874600422 -0.0012084851995149944 -0.0012501974299927827 -0.040304305015264885 -0.022598879653960468 -0.0023180828623307948
leaf_weight=1069 37938 115 34 60 28 35 62 21 227 33 42 5042 293 39 25 353 36 31 8214 161 37 105 27 425 202 310 2010 21 40 163
leaf_count=1069 37938 115 34 60 28 35 62 21 227 33 42 5042 293 39 25 353 36 31 8214 161 37 105 27 425 202 310 2010 21 40 163
internal_value=3.20411e-13 -0.000996826 -0.00537286 -0.000403584 0.00552717 -0.000851188 -0.000489305 -0.0130737 2.54506e-05 0.000312549 0.000927976 0.000734183 0.00250325 0.00786357 0.0201202 0.00155332 0.000444866 0.0268495 -0.000119325 -0.000969868 -0.00206604 0.00892583 0.0171113 -0.00149601 -0.00395957 -0.00497806 -0.00189866 -0.00697026 -0.00950086 -0.0063143
internal_weight=57198 1424 170 1254 88 1166 1131 55 55774 17836 7355 7181 2139 322 95 1817 1524 70 10481 1171 1010 174 69 973 548 512 2267 257 224 203
internal_count=57198 1424 170 1254 88 1166 1131 55 55774 17836 7355 7181 2139 322 95 1817 1524 70 10481 1171 1010 174 69 973 548 512 2267 257 224 203
is_linear=0
shrinkage=0.05


Tree=139
num_leaves=31
num_cat=0
split_feature=9 0 4 4 0 0 8 8 4 6 0 3 4 11 4 6 4 8 3 4 0 9 11 5 3 4 0 4 6 8
split_gain=0.576791 1.86264 2.44919 2.41776 2.23383 1.40445 1.36047 3.21858 1.22459 1.15068 1.06429 1.46367 1.05138 0.99461 0.952906 1.35546 1.29359 1.00567 0.950569 0.937742 0.920635 0.86548 4.74878 5.4428 5.3993 9.48142 5.60064 4.64067 5.90512 4.37783
threshold=-1.4491128870215986 -0.076729895149008923 -1.008203622810752 -0.75600946104525135 0.035253852697791459 2.0625236293314537 1.0000000180025095e-35 0.74730582097220966 1.5595914788016185 -0.90990146219895396 2.0936190745863663 0.51464802931429421 1.2844705750574359 -0.7500292558394458 1.3991042849508457 0.046773696581961052 0.91764270339852583 1.0184757865176055 -0.1441253030944695 0.73422876756907074 -0.15642271830724117 -0.54954897232982358 1.0000000180025095e-35 -0.43848646996953172 -0.84001240906446462 -0.64137575115184176 -0.24590826388816189 -0.57259552521579626 1.0000000180025095e-35 0.38174988366425283
decision_type=2 2 2 2 2 2 2 2 2 2 2 2 2 2 2 2 2 2 2 2 2 2 2 2 2 2 2 2 2 2
left_child=1 2 9 5 -5 6 18 -8 12 -1 14 -12 13 -4 16 -16 17 -6 -3 -19 -14 22 23 24 26 -26 -2 28 -27 -30
right_child=21 3 8 4 10 -7 7 -9 -10 -11 11 -13 20 -15 15 -17 -18 19 -20 -21 -22 -23 -24 -25 25 27 -28 -29 29 -31
leaf_value=-0.0031047884943602127 0.0075939518330302826 0.0060527442253588406 0.0057847181797328895 0.006097049082975565 0.0013591539592424883 -0.0031247600776299657 0.011833459981930217 0.0027064190747039499 -0.0063228675100783062 -0.010343761036501212 -0.010648009956639726 -0.00043674431427907041 0.00085869868285167416 -0.00065357914073360733 -0.00070073646212839629 0.0063073696022545051 -0.0029792500825126635 -0.0038374115874483306 0.00023422392694083389 0.0068910067243015648 0.012012625012446095 8.9557195150243604e-05 0.0012324081778872398 -0.00027748236754278804 -0.0074805308845546899 -0.0022250320423733106 -0.0028687463709353486 -0.0016829971036752705 0.0082043601854127797 0.040890734940767288
leaf_weight=155 227 97 68 152 775 73 153 262 66 85 56 94 37 509 137 139 356 178 254 23 37 37498 3658 9746 1006 44 293 979 21 20
leaf_count=155 227 97 68 152 775 73 153 262 66 85 56 94 37 509 137 139 356 178 254 23 37 37498 3658 9746 1006 44 293 979 21 20
internal_value=-1.98123e-12 0.000603226 -0.0012966 0.00126461 0.000281831 0.00350191 0.00413343 0.00607133 0.000166832 -0.00566859 -0.000220964 -0.00424895 0.000824774 0.00010518 0.000154782 0.00282871 -0.000399275 0.000541781 0.00184219 -0.00260978 0.00643566 -4.17924e-05 -0.000349742 -0.000818898 -0.00285621 -0.00400042 0.00169862 -0.000710009 0.0104965 0.0241489
internal_weight=57198 3706 957 2749 1910 839 766 415 717 240 1758 150 651 577 1608 276 1332 976 351 201 74 53492 15994 12336 2590 2070 520 1064 85 41
internal_count=57198 3706 957 2749 1910 839 766 415 717 240 1758 150 651 577 1608 276 1332 976 351 201 74 53492 15994 12336 2590 2070 520 1064 85 41
is_linear=0
shrinkage=0.05


Tree=140
num_leaves=31
num_cat=0
split_feature=0 4 0 3 5 4 3 5 0 6 4 3 4 0 3 4 0 5 3 0 7 5 5 6 5 5 4 4 0 4
split_gain=0.572661 2.01816 7.48534 2.96119 9.25832 29.6216 3.38778 6.41955 7.22238 6.11681 4.98661 4.38748 3.31707 3.26517 5.03372 2.91773 3.21047 3.9103 3.05095 3.01732 4.03783 3.5701 3.49392 5.49323 2.76574 2.7092 4.53645 6.62675 7.82001 2.89414
threshold=0.76701006881243816 -0.13698742762084057 1.3053875777776807 2.0160152888604972 1.2655051286133518 -0.36625484740765951 -0.010646327740282542 -0.31317640375456596 1.0327649499723037 1.7136308150948316 -1.3750314944696622 -0.33264520312214713 -1.4667384623843895 1.2391849161795654 1.6725078410514487 0.13813347612334176 1.7151309929072172 0.073269764555773567 -0.61567009674920059 1.0327649499723037 -0.080597219688208724 1.1904917396839851 -1.0895966433921274 1.1185040474979022 -1.2825390773626912 1.1495863065883827 -0.48088855730106883 -0.25162113751425025 1.5797132453445968 -0.66430249313052359
decision_type=2 2 2 2 2 2 2 2 2 2 2 2 2 2 2 2 2 2 2 2 2 2 2 2 2 2 2 2 2 2
left_child=-1 2 3 4 6 -6 9 -8 -9 -2 -11 -12 -5 -10 -15 16 17 18 -3 20 21 -17 23 -21 -25 -4 29 28 -28 -27
right_child=1 15 25 12 5 -7 7 8 13 10 11 -13 -14 14 -16 19 -18 -19 -20 22 -22 -23 -24 24 -26 26 27 -29 -30 -31
leaf_value=-7.9943292049908376e-05 0.0025621768446538063 -0.0064752761243973452 -0.00069204760873293049 0.011794644990558959 -0.0041563815046923571 0.072529783444479121 -0.0043477616195073468 0.0064033603137812747 -0.006851416677317923 0.036335044868645215 0.013337386258431443 -0.010895282179782433 -0.010979466328619798 -0.0023700991035352842 0.026994122555479408 -0.0029504599141891488 0.00038895060885882539 -0.009303963828901406 0.00083266111396961072 -0.022494117729365826 0.0050689066149771402 -0.022518746857531372 0.0016136166461320667 -0.015637154801515864 -0.00030178770667584542 0.0033394083043636193 0.0047363269925117498 -0.0073451212809785551 0.043544532551809595 -0.016297404891035209
leaf_weight=45564 373 233 3420 21 34 20 318 721 186 21 169 21 67 54 20 809 672 263 369 34 164 24 3042 32 362 86 25 23 27 24
leaf_count=45564 373 233 3420 21 34 20 318 721 186 21 169 21 67 54 20 809 672 263 369 34 164 24 3042 32 362 86 25 23 27 24
internal_value=-3.16768e-13 0.000313094 0.000993158 0.00342571 0.00383324 0.0242459 0.00324786 0.00182584 0.00382707 0.00641087 0.0132145 0.010659 -0.00554474 -0.00331718 0.00556618 -0.000324607 -0.00220368 -0.00421784 -0.00199583 0.000321942 -0.00210238 -0.00351425 0.0010185 -0.0032113 -0.0015473 -0.000373253 0.00552013 0.0150023 0.0248867 -0.000944987
internal_weight=57198 11634 5630 2025 1937 54 1883 1299 981 584 211 190 88 260 74 6004 1537 865 602 4467 997 833 3470 428 394 3605 185 75 52 110
internal_count=57198 11634 5630 2025 1937 54 1883 1299 981 584 211 190 88 260 74 6004 1537 865 602 4467 997 833 3470 428 394 3605 185 75 52 110
is_linear=0
shrinkage=0.05


Tree=141
num_leaves=31
num_cat=0
split_feature=1 0 2 0 5 0 12 2 0 4 0 0 5 2 4 0 5 6 4 4 2 2 5 4 4 0 0 4 4 0
split_gain=0.562387 2.74113 4.45933 2.8721 2.79121 4.55026 3.62358 5.75231 4.79702 3.90313 3.78468 3.07289 2.6047 4.79761 5.94955 2.66201 6.78043 4.27719 14.4568 6.22788 5.18528 3.95448 2.39662 2.39556 5.2392 2.67876 2.30262 2.25543 5.39477 3.01404
threshold=0.48717922383083972 -0.44379649577730129 -0.13544684175106086 -0.6271509910208567 1.0613819277844458 -0.8695463369334262 1.0000000180025095e-35 1.6494453685099495 -1.4280469313221158 0.16106021810202364 -0.910428055581601 -1.4824056373715422 -0.56047460071664723 0.21846591282390135 -1.3291780105122986 -0.034422802423110486 0.91441636237843227 0.046773696581961052 -0.04528045970611317 0.069353250187296225 0.41896453102492348 0.027653295738949001 1.386347522532285 -0.34332810542897768 -0.022353717727431312 -1.5143630514267346 1.41398531757382 0.75715550954775257 0.29862066997411491 0.32213540752312358
decision_type=2 2 2 2 2 2 2 2 2 2 2 2 2 2 2 2 2 2 2 2 2 2 2 2 2 2 2 2 2 2
left_child=-1 2 23 4 5 -4 7 8 9 -6 -10 -11 13 -3 -15 16 -14 21 -19 20 -20 -18 -17 -2 -25 -26 -16 28 29 -24
right_child=1 12 3 -5 6 -7 -8 -9 10 11 -12 -13 15 14 26 22 17 18 19 -21 -22 -23 27 24 25 -27 -28 -29 -30 -31
leaf_value=9.0393862567099412e-05 0.0047473543072835758 0.0048176889838133429 0.0259362443893527 -0.0038433907589257043 0.03455340076723825 0.0028376681991019019 -0.0036544431599868331 -0.0062580276684457209 -0.011178322471678256 -0.00052605403645429756 0.0058510123968938642 0.024411775688973389 -0.00226810330925933 0.0072585235696372603 -0.020037818734941537 -5.299076652102129e-05 0.022290099200767442 -0.014784024140881858 0.0057693117810413246 0.0030068044011930389 0.040945942708375781 0.0055354407221835655 -0.019332317324006001 -0.035558126436080785 -0.018444923887198622 -0.0035706994237471854 -0.0076888075821395776 -0.012294043278315157 0.0062114906404167414 -0.0032700745906913652
leaf_weight=42928 26 90 24 667 23 191 527 128 40 30 177 21 621 43 75 9922 37 116 20 199 22 731 46 20 44 97 76 72 105 80
leaf_count=42928 26 90 24 667 23 191 527 128 40 30 177 21 621 43 75 9922 37 116 20 199 22 731 46 20 44 97 76 72 105 80
internal_value=-6.29258e-14 -0.000271929 -0.00198093 -0.00122861 0.000273588 0.00541611 -0.000895168 0.00257533 0.00646079 0.017454 0.00271196 0.00974246 9.06929e-06 -0.00472351 -0.00914984 0.000121345 0.00192569 0.00424066 -0.000281221 0.00669938 0.0241952 0.00634263 -0.000186761 -0.00933511 -0.0116093 -0.0082123 -0.0138224 -0.00456719 -0.00215881 -0.00913407
internal_weight=57198 14270 2015 1828 1161 215 946 419 291 74 217 51 12255 284 194 11971 1746 1125 357 241 42 768 10225 187 161 141 151 303 231 126
internal_count=57198 14270 2015 1828 1161 215 946 419 291 74 217 51 12255 284 194 11971 1746 1125 357 241 42 768 10225 187 161 141 151 303 231 126
is_linear=0
shrinkage=0.05


Tree=142
num_leaves=31
num_cat=0
split_feature=2 4 0 0 0 1 4 9 7 2 0 9 5 5 6 2 2 3 9 0 12 2 9 0 2 9 4 4 3 8
split_gain=0.559413 1.77854 0.779001 0.737959 0.575756 0.565876 2.81314 5.48743 5.30117 4.78005 3.27287 2.63319 4.70677 2.08454 2.1226 1.83802 1.73232 1.6398 2.26718 2.09638 1.47565 2.31354 2.20582 4.06827 2.15291 2.06314 3.1177 2.1748 3.33966 5.08573
threshold=-1.9672679338424122 -0.57259552521579626 -0.638462861730001 -0.49693428890860275 -1.4024432921654559 -0.77694695667155833 -1.1457640746828435 0.54991803451567944 0.50726550913191959 -0.73913258749994948 0.91769187452946521 -0.74945206448355139 1.0000000180025095e-35 -0.89749154395743946 -0.90990146219895396 -1.2737009764792824 -0.32073333267496512 -1.2192874682360275 -0.44959742625295968 -0.36218820601171692 0.34398541387350456 -0.84560957395269531 0.35001494236195146 -0.57515532520407853 -0.38572591203095657 0.84977267274627111 -0.54966878323711432 -0.27454787949293208 -0.74719543506897568 -0.99042967103748658
decision_type=2 2 2 2 2 2 2 2 2 2 2 2 2 2 2 2 2 2 2 2 2 2 2 2 2 2 2 2 2 2
left_child=1 2 4 -3 -1 6 7 8 9 13 11 12 -8 14 -2 -7 -10 18 19 -17 22 25 23 24 -13 26 -22 28 -28 -30
right_child=5 3 -4 -5 -6 15 10 -9 16 -11 -12 20 -14 -15 -16 17 -18 -19 -20 -21 21 -23 -24 -25 -26 -27 27 -29 29 -31
leaf_value=-0.010647936806675386 -0.0039930517622882404 0.00041539103025570509 -0.011428069213154512 0.01150562026014086 -0.0017216730989644876 -0.0040107140287613972 -0.007865235594430307 0.00035990533229009669 0.0022626690995159815 0.017935453321000463 0.011073149636274938 0.017193279405929955 0.0033985894009494061 0.010675014311189964 0.0074444661607387767 0.018467239677906037 -0.008870399443225728 9.1095706440900885e-06 -0.0022454548006496564 0.00090238995990663212 -0.0043391603119442802 -0.0019164534314041635 0.00032092904706661679 0.0015710449757210282 0.0022855360908175097 -0.00061347524430766713 0.0019762426543776398 0.0021173247514997776 0.029756754002947774 0.0018822879359746973
leaf_weight=22 76 40 39 24 101 294 271 1358 99 114 66 74 141 126 87 25 54 43630 1294 53 163 1839 3675 443 36 2105 82 801 36 30
leaf_count=22 76 40 39 24 101 294 271 1358 99 114 66 74 141 126 87 25 54 43630 1294 53 163 1839 3675 443 36 2105 82 801 36 30
internal_value=-8.70012e-13 -0.00248269 -0.00527061 0.00457423 -0.00331824 9.84848e-06 0.000320221 0.00207296 0.006257 0.00926524 -2.34323e-05 -9.8966e-05 -0.00401038 0.00584515 0.00211164 -7.01565e-05 -0.00166665 -4.44127e-05 -0.00174644 0.00653215 7.46126e-05 -0.000501833 0.000763947 0.00370806 0.0123144 0.000306836 0.00204897 0.0031462 0.00871462 0.0170865
internal_weight=57198 226 162 64 123 56972 11676 1914 556 403 9762 9696 412 289 163 45296 153 45002 1372 78 9284 5056 4228 553 110 3217 1112 949 148 66
internal_count=57198 226 162 64 123 56972 11676 1914 556 403 9762 9696 412 289 163 45296 153 45002 1372 78 9284 5056 4228 553 110 3217 1112 949 148 66
is_linear=0
shrinkage=0.05


Tree=143
num_leaves=31
num_cat=0
split_feature=0 0 0 2 5 1 1 5 3 0 11 2 1 1 0 7 5 0 0 1 6 1 5 8 11 0 8 0 5 0
split_gain=0.542876 0.649414 1.60385 3.22541 2.50291 1.69037 2.09689 3.17014 1.83335 3.87379 4.09972 2.65422 4.19989 2.62596 2.25717 2.11587 2.06919 1.72498 1.66004 1.60514 2.47817 4.72734 6.96586 6.91952 6.55796 5.067 4.81199 4.15591 5.90019 10.5581
threshold=2.4700175506702986 0.76701006881243816 0.63639948041121164 2.6677511286377769 1.4101165497556909 4.5432521720492414 3.5767933308216593 1.386347522532285 2.0160152888604972 -0.58445645460119244 -0.7500292558394458 1.9275026134528697 1.5975434230365171 1.6951738662692393 -1.2252023190870001 -0.080597219688208724 1.0142561076130823 0.44823345040270363 -1.4580190833282054 0.38212444647892435 0.046773696581961052 1.8220646652369268 0.9652358749025497 1.0000000180025095e-35 -0.7500292558394458 -0.034422802423110486 0.74730582097220966 -0.44379649577730129 0.9652358749025497 0.035253852697791459
decision_type=2 2 2 2 2 2 2 2 2 2 2 2 2 2 2 2 2 2 2 2 2 2 2 2 2 2 2 2 2 2
left_child=1 2 5 4 -4 6 8 -8 19 14 13 12 15 -11 18 -12 -13 -7 -10 -1 27 22 -22 25 -24 -23 -26 -21 -29 -30
right_child=-2 -3 3 -5 -6 17 7 -9 9 10 11 16 -14 -15 -16 -17 -18 -19 -20 20 21 23 24 -25 26 -27 -28 28 29 -31
leaf_value=8.929509132192362e-05 -0.0028725980996990451 0.00034453392834291833 -0.00098555941754493634 -0.02056979634375735 -0.012333923891186715 0.015115748094143094 -0.02556528005748987 -0.0016406920428077383 -0.0015526194010835573 0.0044008520099062783 -0.00053320652021704104 -0.0027518036073888655 0.024691381856323559 -0.012248005936853587 -0.010691071119189504 0.012865057577094857 0.0070468563942774898 -0.0015057161415892618 0.01124003765590746 -0.0023246413812619991 0.00021534325188011399 0.026319539645000507 -0.013666392536262686 -0.0069338089814927027 -0.0064932260926755907 0.0055084904655814176 0.0019631202475495465 -0.00063743270196981773 0.0067523859064316464 -0.0020627441812115107
leaf_weight=34680 164 11470 1719 22 50 37 20 45 202 45 52 80 47 50 62 68 165 27 29 1640 871 38 214 90 523 127 248 2991 861 561
leaf_count=34680 164 11470 1719 22 50 37 20 45 202 45 52 80 47 50 62 68 165 27 29 1640 871 38 214 90 523 127 248 2991 861 561
internal_value=1.16052e-12 8.26009e-06 -7.63914e-05 -0.00154294 -0.00130632 -1.63866e-05 -2.82761e-05 -0.0090021 -1.49111e-05 0.00235663 0.00500161 0.00716063 0.0120215 -0.0043617 -0.00222019 0.00705914 0.00384729 0.00810357 5.33852e-05 -5.91934e-05 -0.000689961 -0.00216507 -0.00304211 0.00421835 -0.00592255 0.0103013 -0.00377316 -0.000175511 0.000623169 0.00327469
internal_weight=57198 57034 45564 1791 1769 43773 43709 65 43644 800 507 412 167 95 293 120 245 64 231 42844 8164 2111 1856 255 985 165 771 6053 4413 1422
internal_count=57198 57034 45564 1791 1769 43773 43709 65 43644 800 507 412 167 95 293 120 245 64 231 42844 8164 2111 1856 255 985 165 771 6053 4413 1422
is_linear=0
shrinkage=0.05


Tree=144
num_leaves=31
num_cat=0
split_feature=5 0 8 1 4 4 5 2 2 4 5 0 3 4 5 2 1 4 5 1 4 8 2 0 4 4 0 5 5 0
split_gain=0.544442 2.13365 2.08615 2.03663 3.49617 6.00206 3.23085 2.91975 2.78935 2.7266 2.34374 2.18931 2.40126 3.71287 4.12288 2.12209 4.03668 2.09977 2.21052 1.83744 1.79954 1.79092 4.61894 2.50487 2.25869 2.15695 2.98369 8.83029 3.36273 2.11168
threshold=0.5168783321317606 2.0936190745863663 -1.7049705869141294 0.25704084222469131 0.59666831569697931 0.48203460580356999 1.4779829372212656 1.1674330096945378 -0.41836189969136378 -0.68722923510920564 1.2994638957836848 -0.60566897136432962 -0.13567504767322464 -0.43503507334370556 0.86189575033690324 1.0406477933639302 0.51386793794863117 -1.3062512685336163 0.9652358749025497 3.5767933308216593 -0.59552226719447854 -0.25919494664649734 1.0869807819940751 0.85193346645677892 1.467884510886891 -1.2833245265549345 -0.38186583422727055 -1.2485803101923583 -0.89749154395743946 -0.88899551609493488
decision_type=2 2 2 2 2 2 2 2 2 2 2 2 2 2 2 2 2 2 2 2 2 2 2 2 2 2 2 2 2 2
left_child=21 2 3 6 5 10 8 -6 9 -2 11 -5 -13 14 -14 16 -12 18 -10 -3 -16 22 23 24 25 26 27 -1 -29 -26
right_child=1 19 -4 4 7 -7 -8 -9 17 -11 15 12 13 -15 20 -17 -18 -19 -20 -21 -22 -23 -24 -25 29 -27 -28 28 -30 -31
leaf_value=-0.0020992338709588314 0.0069279617703622539 0.010839054083711851 -1.1540139273302109e-05 -0.007028180909656569 -0.0020346309708615951 0.020382992337775852 -0.00024728965162201566 -0.014307038412399352 0.025322230979800228 0.021636140283027835 0.00015456331394878882 -0.014672375625620286 0.00027304585951025645 -0.0019002087623053027 0.0090093566148818759 0.0019947639905582067 0.026770486701922169 0.0022108773233987882 0.0062425363815337837 -0.002638427569602047 0.02494389688705697 0.0001151973979575001 -0.013537684811846071 -0.0086455636133905504 -0.0049328901341561086 -0.00098902044926275543 -0.0007665954953627761 0.0073250322718403293 0.020326930253018797 0.0026038076384389628
leaf_weight=262 111 85 17736 114 222 41 449 62 20 44 28 24 84 276 37 121 29 468 63 36 34 25891 69 95 104 8835 747 166 71 874
leaf_count=262 111 85 17736 114 222 41 449 62 20 44 28 24 84 276 37 121 29 468 63 36 34 25891 69 95 104 8835 747 166 71 874
internal_value=-4.28778e-13 0.0002097 0.000169578 0.00161202 4.25222e-05 0.00175674 0.00306872 -0.00471382 0.00517763 0.0111032 0.000734412 -0.000832043 0.000720395 0.00157753 0.00777016 0.00574179 0.013696 0.00351074 0.0108401 0.00682922 0.01664 -0.000113478 -0.000641023 -0.000561242 -0.000491796 -0.000714361 0.00123316 0.00422679 0.0112201 0.00180236
internal_weight=57198 20084 19963 2227 1072 788 1155 284 706 155 747 569 455 431 155 178 57 551 83 121 71 37114 11223 11154 11059 10081 1246 499 237 978
internal_count=57198 20084 19963 2227 1072 788 1155 284 706 155 747 569 455 431 155 178 57 551 83 121 71 37114 11223 11154 11059 10081 1246 499 237 978
is_linear=0
shrinkage=0.05


Tree=145
num_leaves=31
num_cat=0
split_feature=9 4 6 4 3 4 7 4 2 4 8 5 8 4 5 4 4 3 2 5 2 8 2 4 4 1 5 6 1 1
split_gain=0.52415 1.16387 1.24196 1.26309 1.02552 0.816166 2.35776 1.12774 0.803022 0.945289 0.697238 0.64944 1.77812 1.87233 3.4992 2.61963 3.47257 3.32347 2.47844 2.02394 2.29421 1.70389 4.83291 2.19877 2.29262 2.89786 4.57391 5.08721 2.25595 2.21217
threshold=-1.5490644330984626 0.66544854163302503 1.0000000180025095e-35 -0.93942339687470655 0.1917146394128795 1.3303240590147996 0.50726550913191959 1.5137379948442546 -0.19428631434817592 -1.0769838487467975 0.38174988366425283 0.5168783321317606 -1.7049705869141294 -1.2833245265549345 0.9652358749025497 -1.0311303647894337 -0.38918158938634145 0.574537168345718 1.0869807819940751 0.91441636237843227 1.1130214684400512 -0.25919494664649734 0.9797632844673233 1.490811252865573 -1.2833245265549345 -0.41037232618933367 -1.2485803101923583 -0.88889511337147242 -1.1820538603903386 -0.60648224881992074
decision_type=2 2 2 2 2 2 2 2 2 2 2 2 2 2 2 2 2 2 2 2 2 2 2 2 2 2 2 2 2 2
left_child=1 2 3 -1 -5 -3 7 -7 9 -4 -10 21 13 14 -13 -15 17 18 -17 -19 -21 22 23 24 25 26 -2 -28 -26 -30
right_child=11 5 8 4 -6 6 -8 -9 10 -11 -12 12 -14 15 -16 16 -18 19 -20 20 -22 -23 -24 -25 28 -27 27 -29 29 -31
leaf_value=-0.0027854585329316456 -0.0021860055072485899 -0.0021832599349973971 0.017097409983927555 0.0033169902723929239 -0.0036914704889568386 0.0071110126930540689 -0.0083803279563332642 1.5264017913342181e-05 0.001192254211366391 0.0042498884699875266 0.0048643985566419381 0.014119808990788577 3.3072592915004472e-05 -0.0042622257140465082 0.0017653543516398342 0.0042462913029642857 0.00034360363424752212 0.0016517659125383944 -0.0106642450851899 0.024476225614886396 0.0085895919597687876 7.1608499285980449e-05 -0.012777221738360822 0.0018376225432293041 0.0007599583020867389 -0.0022245032300390126 0.012229805896505038 0.0019147830510241209 -0.0024154597284469126 -0.00064884177177828672
leaf_weight=225 273 419 22 283 64 111 51 113 302 41 226 81 17857 212 196 276 1308 32 31 44 47 24611 82 856 1380 395 193 314 3236 3917
leaf_count=225 273 419 22 283 64 111 51 113 302 41 226 81 17857 212 196 276 1308 32 31 44 47 24611 82 856 1380 395 193 314 3236 3917
internal_value=1.41487e-12 0.000826276 0.00179323 0.000132388 0.00202436 -0.000794143 0.00132237 0.00353146 0.00340068 0.00873632 0.00276404 -2.77262e-05 0.000199215 0.00153142 0.00537803 0.000984999 0.00162505 0.00552304 0.00274067 0.0124677 0.016271 -0.000157002 -0.000685496 -0.000591637 -0.000805837 0.0012648 0.00303181 0.00584141 -0.00109096 -0.00144806
internal_weight=57198 1857 1163 572 347 694 275 224 591 63 528 55341 20084 2227 277 1950 1738 430 307 123 91 35257 10646 10564 9708 1175 780 507 8533 7153
internal_count=57198 1857 1163 572 347 694 275 224 591 63 528 55341 20084 2227 277 1950 1738 430 307 123 91 35257 10646 10564 9708 1175 780 507 8533 7153
is_linear=0
shrinkage=0.05


Tree=146
num_leaves=31
num_cat=0
split_feature=5 2 2 2 7 1 0 5 1 7 5 4 2 4 6 0 6 5 2 2 0 0 4 0 5 3 0 4 12 5
split_gain=0.510979 2.32082 1.53427 2.9358 2.61719 1.56902 1.21052 1.10363 2.75421 5.25802 3.41523 3.57007 4.29932 6.31992 4.54532 5.34561 3.53201 3.28499 3.52946 3.3397 2.59118 2.35691 2.51983 4.98424 3.95067 3.50914 3.3952 8.37396 11.4043 12.331
threshold=1.4779829372212656 0.30365765512944148 0.027653295738949001 -0.024872320707465572 1.0000000180025095e-35 -0.52881800556145986 -0.910428055581601 0.57739941913764026 0.29134498452718266 -0.44313593596502393 1.4101165497556909 -0.71015597708788747 -0.35841832082033681 1.467884510886891 -0.88889511337147242 -1.6488785467042522 0.046773696581961052 1.4312047935437753 -0.26137860795566037 -0.0098881629164862764 0.30227715048109216 -0.44379649577730129 1.0000000180025095e-35 -0.30746073811321545 1.386347522532285 1.5767137871784713 0.70034578611526144 -1.2833245265549345 0.34398541387350456 1.0142561076130823
decision_type=2 2 2 2 2 2 2 2 2 2 2 2 2 2 2 2 2 2 2 2 2 2 2 2 2 2 2 2 2 2
left_child=7 2 3 5 6 -2 -4 -1 9 -9 16 17 13 14 -13 -16 20 18 -12 -19 -11 -10 23 24 -23 -24 27 -25 29 -29
right_child=1 -3 4 -5 -6 -7 -8 8 21 10 11 12 -14 -15 15 -17 -18 19 -20 -21 -22 22 25 26 -26 -27 -28 28 -30 -31
leaf_value=-9.9690567906376428e-05 1.1348428767151521e-06 -0.011450563599282759 0.0059282091047082631 -0.015852734557683431 -0.0066951032532379037 -0.0026436559366640766 0.021231091963515306 -0.00032105644532172823 -0.0014601325161387995 0.0049198659854912258 0.02387929971922528 0.028998042422939432 0.00066128696309522702 -0.0027051945821878233 -0.014888891112059356 0.011464222438137411 0.012566138447104084 -0.0019573902676287844 0.0020796823705656127 -0.017226497145990529 -0.0083711719403091155 0.0064034884775084179 0.0029074767508869902 0.003194578680275019 -0.015912065442119327 -0.00045158518043526564 0.00091545908436617299 -0.0010717149186927021 0.0008413905647919051 -0.011129995528417662
leaf_weight=37938 3607 48 28 31 25 664 24 2180 2279 614 22 33 503 107 21 230 153 438 119 39 39 357 1803 624 21 1367 1742 561 914 667
leaf_count=37938 3607 48 28 31 25 664 24 2180 2279 614 22 33 503 107 21 230 153 438 119 39 39 357 1803 624 21 1367 1742 561 914 667
internal_value=1.17548e-12 -0.00051597 -0.000396111 -0.000521322 0.00659946 -0.000410043 0.0129911 4.32851e-05 0.00040897 0.00144173 0.00309957 0.00169833 0.00371836 0.00765111 0.011553 0.00925938 0.00572821 -0.00122386 0.00548104 -0.00320581 0.00412607 -4.05078e-05 0.000361097 -0.000351181 0.00516374 0.00145895 -0.000813612 -0.00190256 -0.00338745 -0.00653497
internal_weight=57198 4427 4379 4302 77 4271 52 52771 14833 4498 2318 1512 894 391 284 251 806 618 141 477 653 10335 8056 4886 378 3170 4508 2766 2142 1228
internal_count=57198 4427 4379 4302 77 4271 52 52771 14833 4498 2318 1512 894 391 284 251 806 618 141 477 653 10335 8056 4886 378 3170 4508 2766 2142 1228
is_linear=0
shrinkage=0.05


Tree=147
num_leaves=31
num_cat=0
split_feature=1 0 11 0 4 1 3 0 0 4 2 3 6 2 0 3 4 4 4 3 0 0 4 0 4 5 4 0 4 5
split_gain=0.535408 2.63764 1.37472 2.42551 1.67841 0.734378 4.66704 3.21198 7.43055 10.9469 3.53735 2.36405 2.69483 2.30822 8.53761 5.43741 8.05457 3.19949 3.54676 2.5028 2.44625 4.74438 7.66907 8.52981 2.28899 3.75456 1.71041 1.67335 1.64132 1.56601
threshold=4.5432521720492414 0.44823345040270363 -0.7500292558394458 1.8345081719818419 -0.29747462147161352 2.1514073801717424 0.39769058342379765 1.878683969784319 1.7151309929072172 -0.228694395535568 2.6677511286377769 4.0338895687215937 0.046773696581961052 2.9697660757573816 1.6437776611856465 3.1923315992737717 -0.25162113751425025 -0.36625484740765951 0.069353250187296225 2.8180227285006008 -0.40266444959466524 -0.094906923654009892 0.22984044403806927 -0.041531869640052961 -0.022353717727431312 0.86189575033690324 1.5366647368229367 0.0080319006199791165 0.52788808976093382 0.91441636237843227
decision_type=2 2 2 2 2 2 2 2 2 2 2 2 2 2 2 2 2 2 2 2 2 2 2 2 2 2 2 2 2 2
left_child=5 -2 3 -3 -5 -1 -7 8 11 -10 -11 12 28 15 17 29 -17 -15 -19 -16 -20 -22 -23 -24 25 -9 27 -13 -8 -14
right_child=1 2 -4 4 -6 6 7 24 9 10 -12 26 13 14 19 16 -18 18 20 -21 21 22 23 -25 -26 -27 -28 -29 -30 -31
leaf_value=2.0585727190849908e-05 0.014637481433817665 0.014165913590201827 -0.0081951210770057521 -0.014400460159959039 0.001662889239645895 -0.017522640828974544 -0.0031071201812495324 0.0016659741766662116 -0.034332580441359159 -0.012386177141343069 0.011723972071797172 -0.0034138631607804983 -0.0032098318582367419 -0.013184873200953007 -0.035543421409758073 0.038154815187534469 0.0011855502236251007 0.022343102170700811 -0.009353056838627645 -0.011132258779945829 0.02232460154798524 0.023153411226209116 -0.032063658604398373 0.0022303712363778193 -0.00072581310204470598 0.02321039827850958 0.0042586447675421373 -0.019813005317534719 -0.015423702945311866 0.0027601760042032801
leaf_weight=55430 37 33 40 20 87 42 150 42 41 32 29 28 140 34 21 26 34 22 43 21 29 27 25 66 62 39 20 35 33 510
leaf_count=55430 37 33 40 20 87 42 150 42 41 32 29 28 140 34 21 26 34 22 43 21 29 27 25 66 62 39 20 35 33 510
internal_value=-1.43224e-12 0.00247889 -2.03752e-05 0.00231527 -0.00133961 -9.44033e-06 -0.00108252 -0.000624941 -0.00137131 -0.0143529 -0.000923975 -0.000323745 0.000249498 0.00127225 -0.00250326 0.00280373 0.0172056 0.00105386 0.00333743 -0.0233378 0.00113677 0.00420523 -0.000247838 -0.00719107 0.00650473 0.0120392 -0.00848037 -0.0125245 -0.00532814 0.00147433
internal_weight=57198 217 180 140 107 56981 1551 1509 1366 102 61 1264 1181 998 288 710 60 246 212 42 190 147 118 91 143 81 83 63 183 650
internal_count=57198 217 180 140 107 56981 1551 1509 1366 102 61 1264 1181 998 288 710 60 246 212 42 190 147 118 91 143 81 83 63 183 650
is_linear=0
shrinkage=0.05


Tree=148
num_leaves=31
num_cat=0
split_feature=2 4 4 0 4 4 1 4 2 9 7 0 9 5 1 2 5 8 0 4 5 0 1 8 9 0 5 2 2 0
split_gain=0.49715 1.61691 0.720801 0.660734 0.5951 0.973501 0.554225 2.3198 4.71436 3.12122 4.85051 2.94051 2.32299 4.18455 1.69804 1.64079 1.55405 1.39302 2.61208 1.9588 1.60832 1.59489 2.03267 1.59501 1.99359 1.58382 1.35509 1.3262 1.30158 1.27679
threshold=-1.9672679338424122 -0.57259552521579626 -1.3062512685336163 -0.49693428890860275 -0.98527688083207032 -0.71015597708788747 -0.77694695667155833 -1.1457640746828435 -0.17192784638767408 0.44996648843881543 0.50726550913191959 0.91769187452946521 -0.74945206448355139 1.0000000180025095e-35 -1.1492057206659232 -0.78645249303697462 -0.56047460071664723 1.0184757865176055 0.1422746919524476 -0.13698742762084057 -1.2485803101923583 -0.46560339495487107 -0.76707600263752618 -1.7049705869141294 -1.2492097948678709 -0.012431969559674379 -0.94831105648155722 0.89946683251028248 -0.80617916060238481 -0.16325661422737417
decision_type=2 2 2 2 2 2 2 2 2 2 2 2 2 2 2 2 2 2 2 2 2 2 2 2 2 2 2 2 2 2
left_child=1 2 -1 -3 -4 -6 7 8 9 10 14 12 13 -9 -2 17 -16 21 20 26 -19 22 -8 29 25 -25 -20 -14 -11 -23
right_child=6 3 4 -5 5 -7 15 11 -10 28 -12 -13 27 -15 16 -17 -18 18 19 -21 -22 23 -24 24 -26 -27 -28 -29 -30 -31
leaf_value=0.00082598053995752707 0.003244128098224025 0.00045294060488231485 -0.011641696346707123 0.010946863074786962 -0.00099224063411258679 -0.013556244206570445 -0.011742654148755329 -0.0073757421075387065 0.01868019464948192 -0.00026174672032205611 -0.0026174605728426417 0.010522443578211648 0.00013705223166006114 0.0032448497438821479 0.013630832579794423 1.8904418736519123e-05 0.0040001743030938603 -0.0094283448514761413 0.026361019873902915 -0.00080142822268459459 0.0016338371228535519 -0.0027897805011052376 0.00049350178727581976 -0.0014063731084864302 -0.0021641825686275632 0.0095089717768132697 0.0086041078426536514 -0.0085641437898051325 0.0039544311907202768 -0.010699884258010375
leaf_weight=40 102 40 43 24 58 21 35 271 41 1200 140 66 9240 141 158 41668 57 40 21 23 184 113 1121 65 1843 68 22 44 216 93
leaf_count=40 102 40 43 24 58 21 35 271 41 1200 140 66 9240 141 158 41668 57 40 21 23 184 113 1121 65 1843 68 22 44 216 93
internal_value=-8.01969e-13 -0.00234045 -0.00499867 0.00438816 -0.00690839 -0.00433204 9.28425e-06 0.000316445 0.00190809 0.00154095 0.00513378 4.37608e-06 -6.72197e-05 -0.00374102 0.00855704 -6.98928e-05 0.0110776 -0.00108974 0.00223425 0.0109763 -0.000341553 -0.00137852 0.00012303 -0.00217403 -0.00173755 0.0041744 0.0172761 9.58143e-05 0.000381399 -0.00636085
internal_weight=57198 226 162 64 122 79 56972 11676 1914 1873 457 9762 9696 412 317 45296 215 3628 290 66 224 3338 1156 2182 1976 133 43 9284 1416 206
internal_count=57198 226 162 64 122 79 56972 11676 1914 1873 457 9762 9696 412 317 45296 215 3628 290 66 224 3338 1156 2182 1976 133 43 9284 1416 206
is_linear=0
shrinkage=0.05


Tree=149
num_leaves=31
num_cat=0
split_feature=0 9 0 1 0 8 11 3 1 2 1 9 8 3 3 5 1 0 5 3 3 7 6 5 7 0 0 3 0 2
split_gain=0.497276 0.633794 0.552569 2.90344 2.13831 2.49874 7.57611 7.82521 6.45418 5.86198 3.57397 2.23115 4.62077 6.55921 2.34853 2.20223 2.14763 2.1234 5.98202 10.0286 4.89901 4.32878 3.51358 3.40986 4.84894 3.23653 3.78368 3.05789 2.67832 2.60316
threshold=2.4700175506702986 -1.5490644330984626 0.43202768883440962 4.5432521720492414 0.30827873209710005 1.0816417019878375 -0.7500292558394458 1.1592813222604847 0.75038311452002326 0.54409918236884047 0.9803602468188376 -1.0493067027141429 1.0184757865176055 0.87136745916807712 -1.0906245753639705 0.91441636237843227 3.5767933308216593 0.046763703059737642 1.0142561076130823 1.0484602521211632 1.7826364642023698 -0.74807555454224595 1.0000000180025095e-35 0.57739941913764026 -0.080597219688208724 0.17358081685568558 0.23804502183376877 1.2593885293927383 0.13473263118872361 1.5909244711467545
decision_type=2 2 2 2 2 2 2 2 2 2 2 2 2 2 2 2 2 2 2 2 2 2 2 2 2 2 2 2 2 2
left_child=2 -2 3 4 5 16 7 8 -7 -9 -11 -6 -13 14 -14 -15 17 -1 23 28 21 -21 -23 -19 27 -26 -27 -25 -20 -24
right_child=1 -3 -4 -5 11 6 -8 9 -10 10 -12 12 13 15 -16 -17 -18 18 19 20 -22 22 29 24 25 26 -28 -29 -30 -31
leaf_value=3.4344973332681396e-05 0.0026344155057946724 -0.0045438805329083365 0.00024290734509447312 0.013904661931273704 0.0007211880513300588 0.0090996128124230229 0.00065849909001007611 0.037839798515455596 -0.016034914117137141 -0.0049169419379904867 0.02497438693419099 -0.0010541808152940153 0.0071876081172376873 -0.013762728488430954 -0.0058769597034207385 -0.034766353356341526 -0.011439810685502988 -0.00099570445678902027 -0.0046466915222505732 -0.0045095347245282767 0.003943708264047191 -0.0044955690831852127 -0.025001510558837665 0.0019383551936320972 0.013470430252600342 -0.0053806055647874019 0.0079510077928945586 -0.0083667437293899992 0.0027030810763539774 -0.0095605502952821556
leaf_weight=28421 41 123 17388 37 875 113 3407 36 33 20 20 1642 38 26 363 24 42 3048 225 79 42 37 124 212 123 80 159 109 276 35
leaf_count=28421 41 123 17388 37 875 113 3407 36 33 20 20 1642 38 26 363 24 42 3048 225 79 42 37 124 212 123 80 159 109 276 35
internal_value=1.63492e-12 -0.00274931 7.90557e-06 -9.51618e-05 -0.00010824 -3.68175e-06 0.00124166 0.0101914 0.00341852 0.0232024 0.0100287 -0.00139904 -0.00228543 -0.00676814 -0.00463892 -0.0238445 -0.000140582 -0.000126188 -0.00112916 -0.00500149 -0.0119614 -0.0143905 -0.0183732 -0.000280173 0.002913 0.00688018 0.00348854 -0.00156088 -0.000597715 -0.0216026
internal_weight=57198 164 57034 39646 39609 36641 3629 222 146 76 40 2968 2093 451 401 50 33012 32970 4549 818 317 275 196 3731 683 362 239 321 501 159
internal_count=57198 164 57034 39646 39609 36641 3629 222 146 76 40 2968 2093 451 401 50 33012 32970 4549 818 317 275 196 3731 683 362 239 321 501 159
is_linear=0
shrinkage=0.05


Tree=150
num_leaves=31
num_cat=0
split_feature=1 3 2 4 4 8 5 0 5 2 4 0 2 0 5 0 3 1 4 4 0 5 0 0 5 5 8 8 0 4
split_gain=0.488348 2.64577 2.67816 3.15689 4.11828 2.91515 2.38684 4.10267 2.10281 4.33943 5.37168 2.29596 3.88994 2.51219 2.615 4.09673 2.54012 3.29643 2.13902 4.77573 2.43114 2.08966 2.07444 1.97373 5.85503 5.11799 7.76291 5.32414 4.133 4.02774
threshold=0.48717922383083972 1.3166402403684843 -0.1519961067869898 -0.04528045970611317 -0.68722923510920564 0.74730582097220966 1.4312047935437753 0.06651436662008324 -0.56047460071664723 0.21846591282390135 -1.3291780105122986 -0.44379649577730129 -0.13544684175106086 -0.6271509910208567 1.0613819277844458 -0.80152611022553211 1.8573264343973352 1.5549020555960671 -0.34332810542897768 -0.022353717727431312 -1.5143630514267346 1.4495693291702281 1.41398531757382 -0.034422802423110486 0.9652358749025497 1.1065214618131212 -0.99042967103748658 -1.7049705869141294 -0.37381750547000286 0.27569392799543307
decision_type=2 2 2 2 2 2 2 2 2 2 2 2 2 2 2 2 2 2 2 2 2 2 2 2 2 2 2 2 2 2
left_child=1 -1 3 4 -3 6 -4 -8 9 -2 -11 12 18 14 15 -14 17 -15 -10 -20 -21 -7 -12 24 -13 27 -27 -26 29 -28
right_child=8 2 5 -5 -6 21 7 -9 11 10 22 23 13 16 -16 -17 -18 -19 19 20 -22 -23 -24 -25 25 26 28 -29 -30 -31
leaf_value=3.9928901330792826e-05 0.00456138793598964 0.0070354938816028431 0.0019964640701575667 0.003155247814438847 0.03680561866079058 0.004324541825002858 0.00012770731224339796 -0.026733407874902089 0.0047100542059454785 0.0068687191216794917 -0.019061703922847908 -0.0017783404971736174 0.018230565110570751 -0.0028740193426575475 -0.00075206228607548574 0.0016565054913001238 0.0087450642158000847 -0.013799038198938641 -0.033611010487657043 -0.017250942828303036 -0.003080854579907141 0.023480084172721641 -0.0073405249883714873 -0.00016937620868002633 0.028719121188457528 -0.0073193908476414868 -0.0094959824508951442 0.0074622064584776038 0.0065570623757311656 0.015076472404013788
leaf_weight=42388 90 26 307 62 21 35 44 21 26 43 75 727 48 548 946 167 40 79 20 44 97 24 76 10225 35 168 81 186 528 21
leaf_count=42388 90 26 307 62 21 35 44 21 26 43 75 727 48 548 946 167 40 79 20 44 97 24 76 10225 35 168 81 186 528 21
internal_value=-1.161e-13 8.42337e-05 0.003562 0.0105639 0.020337 0.00179121 0.000153581 -0.0085505 -0.000253398 -0.00451277 -0.00872244 -0.000166907 -0.00172837 -0.00102573 0.000379201 0.00535676 -0.00347119 -0.00425054 -0.00859702 -0.010746 -0.00750273 0.0121166 -0.0131623 9.59249e-05 0.00164959 0.00409523 0.00223045 0.0108287 0.00477708 -0.00443695
internal_weight=57198 42928 540 109 47 431 372 65 14270 284 194 13986 2015 1828 1161 215 667 627 187 161 141 59 151 11971 1746 1019 798 221 630 102
internal_count=57198 42928 540 109 47 431 372 65 14270 284 194 13986 2015 1828 1161 215 667 627 187 161 141 59 151 11971 1746 1019 798 221 630 102
is_linear=0
shrinkage=0.05


Tree=151
num_leaves=31
num_cat=0
split_feature=0 5 3 6 8 1 2 4 3 1 2 2 0 2 2 1 2 2 1 6 3 5 0 2 0 2 3 8 0 2
split_gain=0.492791 1.25515 2.15678 1.85295 1.79769 1.24675 1.19549 1.04581 0.920501 2.96716 0.785752 1.11368 0.723387 2.72394 1.03005 2.66115 1.06697 1.87037 2.52001 0.963669 2.332 0.793209 1.79901 1.07642 0.692656 1.14885 1.36423 0.88769 0.756057 3.9457
threshold=-1.9518562126726928 1.4495693291702281 1.5048606475528781 -0.88889511337147242 -0.99042967103748658 0.027511088301999054 -0.22491587391728121 0.16106021810202364 0.1917146394128795 -1.4599948467414963 1.751773161207699 -0.53917905250856812 -1.7856100734832345 -1.1503283976574983 1.8365623065159464 0.64686653445285491 1.1674330096945378 0.15923843727844164 -0.17310703347976611 -0.90990146219895396 0.2781311023448329 1.4779829372212656 -1.8581196697814495 -0.22491587391728121 -1.7103670263019064 -0.21501683374922734 0.3252125093176112 -0.99042967103748658 -1.3418761623413336 0.52911036797756295
decision_type=2 2 2 2 2 2 2 2 2 2 2 2 2 2 2 2 2 2 2 2 2 2 2 2 2 2 2 2 2 2
left_child=1 3 5 8 -4 6 -3 -5 -1 -10 11 -11 13 -2 15 16 17 19 -19 -15 21 22 -21 -24 25 27 -27 -14 29 -26
right_child=12 2 4 7 -6 -7 -8 -9 9 10 -12 -13 24 14 -16 -17 -18 18 -20 20 -22 -23 23 -25 28 26 -28 -29 -30 -31
leaf_value=-0.0050021000678001463 0.019653829482849688 -0.00064714685261494905 0.00036106506886426362 -0.017536921773160644 0.021306771581016837 -0.012373848631978036 0.0090194945604625074 -0.0033454201915966613 0.018774845786392689 0.0028166818218199876 0.0032790268873607088 -0.011462418967857957 0.0060560217944950591 -0.0016995581234150682 -0.0076719041243477754 0.014451181364082103 -0.0094231599718332306 0.022128146886825562 0.00083469008527710256 -0.0034342723533468834 0.016739500412717462 -1.0525870015033834e-05 0.018597018795732695 0.0033770900840560595 0.00029234167720294395 -0.013805496087297798 0.0010836529778316618 -0.0017011946544284876 -2.7092798056064102e-05 0.007529376127660789
leaf_weight=119 20 1039 20 34 21 22 33 21 20 22 37 36 41 317 33 37 25 24 33 33 25 346 26 21 2608 40 25 367 51550 203
leaf_count=119 20 1039 20 34 21 22 33 21 20 22 37 36 41 317 33 37 25 24 33 33 25 346 26 21 2608 40 25 367 51550 203
internal_value=-4.10617e-12 -0.000918484 -0.00016943 -0.00386027 0.0110894 -0.000591377 -0.000349573 -0.0121183 -0.00191927 0.00127079 -0.00241427 -0.00604621 2.34504e-05 0.00139876 0.00100191 0.00132461 0.00075322 0.0010616 0.00980036 0.000413016 0.00189791 0.00102692 0.00551388 0.0117966 -1.26078e-07 -0.00190522 -0.0080789 -0.00092167 1.64503e-05 0.000814973
internal_weight=57198 1424 1135 289 41 1094 1072 55 234 115 95 58 55774 940 920 887 850 825 57 768 451 426 80 47 54834 473 65 408 54361 2811
internal_count=57198 1424 1135 289 41 1094 1072 55 234 115 95 58 55774 940 920 887 850 825 57 768 451 426 80 47 54834 473 65 408 54361 2811
is_linear=0
shrinkage=0.05


Tree=152
num_leaves=31
num_cat=0
split_feature=9 0 2 4 7 3 1 4 2 2 2 1 0 1 0 4 4 8 0 4 0 9 11 5 3 4 0 4 3 3
split_gain=0.488485 1.56828 2.18286 2.07203 1.65361 1.31461 1.15272 1.05627 2.0738 0.963499 0.834403 1.11743 0.819032 0.787066 0.903131 0.990731 0.794724 0.743785 0.761601 1.05413 0.906139 0.721214 4.22744 4.6773 4.50108 8.36179 4.4228 4.17835 3.72954 3.46441
threshold=-1.4491128870215986 -0.076729895149008923 -0.24345255592174966 -0.84771642895997912 -0.080597219688208724 -0.15292512424340945 0.29134498452718266 -1.0540571067681157 0.47331775245418733 -0.18823678178586492 0.31409425989365047 0.73360173778287463 0.060068782369897232 0.17050709530551725 2.0936190745863663 1.3073973170361175 -1.008203622810752 -0.99042967103748658 0.035253852697791459 -0.068207201684795479 -0.046811405019422853 -0.54954897232982358 1.0000000180025095e-35 -0.43848646996953172 -0.84001240906446462 -0.64137575115184176 0.28962790991997789 -0.57259552521579626 -0.19753229667287298 0.18107119523668661
decision_type=2 2 2 2 2 2 2 2 2 2 2 2 2 2 2 2 2 2 2 2 2 2 2 2 2 2 2 2 2 2
left_child=1 3 6 9 7 -5 17 8 -4 -1 11 -6 -9 16 -15 -16 -12 -3 20 -20 -19 22 23 24 26 29 -2 28 -27 -26
right_child=21 2 4 5 10 -7 -8 12 -10 -11 13 -13 -14 14 15 -17 -18 18 19 -21 -22 -23 -24 -25 25 27 -28 -29 -30 -31
leaf_value=-0.0037419738209631759 0.0048630603368313612 0.006482461763435924 0.010109945063272285 0.0015959088380067541 -0.0003724129673585744 -0.0034874371406005918 0.012764628366818903 0.0055597824231860627 0.0010548732701323128 -0.012956548776082856 0.00010617253747546958 0.010739348642528058 0.00052306600289807835 8.8380235749389537e-07 -0.0030519322921218495 -0.014317036822438241 -0.011673527486208413 -0.00060198747130386812 0.0038686302322145948 -0.0032321327016688883 0.011084940652687883 8.1443160540469373e-05 0.0011732036624561399 -0.00026032927662562535 -0.0060896450676382026 0.0042185557196633174 -0.0048296332082665887 -0.0015287739056827495 0.028909373558126391 -0.016813249863320733
leaf_weight=250 340 144 99 505 395 170 37 87 175 32 21 24 1117 211 89 25 45 27 112 98 43 37498 3658 9746 924 65 180 979 20 82
leaf_count=250 340 144 99 505 395 170 37 87 175 32 21 24 1117 211 89 25 45 27 112 98 43 37498 3658 9746 924 65 180 979 20 82
internal_value=1.56646e-12 0.000555133 0.00116201 -0.00118812 0.000529569 0.000315659 0.00430087 0.00152466 0.0043266 -0.0047876 -0.00128617 0.00026406 0.000887015 -0.00294742 -0.0019365 -0.00552235 -0.00792544 0.00356229 0.00206049 0.000554941 0.00657713 -3.84604e-05 -0.000319575 -0.000762229 -0.00265084 -0.00369555 0.0015079 -0.000605523 0.0100282 -0.00696374
internal_weight=57198 3706 2749 957 2288 675 461 1478 274 282 810 419 1204 391 325 114 66 424 280 210 70 53492 15994 12336 2590 2070 520 1064 85 1006
internal_count=57198 3706 2749 957 2288 675 461 1478 274 282 810 419 1204 391 325 114 66 424 280 210 70 53492 15994 12336 2590 2070 520 1064 85 1006
is_linear=0
shrinkage=0.05


Tree=153
num_leaves=31
num_cat=0
split_feature=5 2 2 2 7 1 0 5 1 7 5 4 2 4 6 1 6 5 2 1 2 0 5 4 0 5 5 4 5 3
split_gain=0.472227 2.05429 1.35585 2.66686 2.38432 1.4133 1.08794 0.986372 2.39238 4.50056 3.11351 3.12398 3.86727 5.68467 3.79247 5.00425 2.96791 2.93318 3.18096 3.11942 2.33464 2.46344 2.19684 2.17727 3.51643 8.70708 3.5609 10.3386 2.37993 3.17274
threshold=1.4779829372212656 0.30365765512944148 0.027653295738949001 -0.024872320707465572 1.0000000180025095e-35 -0.52881800556145986 -0.910428055581601 0.57739941913764026 0.29134498452718266 -0.44313593596502393 1.4101165497556909 -0.71015597708788747 -0.35841832082033681 1.4449577689082089 -0.88889511337147242 -0.6802448068629473 0.046773696581961052 1.4312047935437753 -0.26137860795566037 -0.34873273733330851 1.0406477933639302 -1.7103670263019064 1.4651726809124612 0.18398696008070553 -1.5143630514267346 1.4312047935437753 1.4495693291702281 0.092279992165977986 1.4101165497556909 2.4195774946774047
decision_type=2 2 2 2 2 2 2 2 2 2 2 2 2 2 2 2 2 2 2 2 2 2 2 2 2 2 2 2 2 2
left_child=7 2 3 5 6 -2 -4 -1 9 -9 16 17 13 14 -13 22 20 18 -12 -19 21 -11 -16 24 25 -10 28 -28 -26 -30
right_child=1 -3 4 -5 -6 -7 -8 8 23 10 11 12 -14 -15 15 -17 -18 19 -20 -21 -22 -23 -24 -25 26 -27 27 -29 29 -31
leaf_value=-9.355541670873289e-05 -4.6575079769229178e-06 -0.010783596441039361 0.0055979083225663221 -0.015113266899941431 -0.0064963143309578301 -0.00251477588437235 0.020105324922284732 -0.00028102172710691152 0.003315908982206071 0.021995105077512563 0.022614246958189393 0.027634857306557317 0.00053594414882533617 -0.0018947374805187189 -0.017951636258512736 0.012708191267526781 0.011661631890513259 -0.00059881589196349486 0.0019188376974745875 -0.0097017580174025182 -0.007064435332496133 0.0041512234058691143 0.0035887382635525589 0.0009331224048061363 -0.00042998758474625245 -0.025926195048605619 -0.0024207791761943591 0.035955419518555014 -0.00368612615405867 -0.024697443834421309
leaf_weight=37938 3607 48 28 31 25 664 24 2180 57 20 22 31 503 120 20 191 153 348 119 129 45 588 29 3735 6297 46 54 26 98 22
leaf_count=37938 3607 48 28 31 25 664 24 2180 57 20 22 31 503 120 20 191 153 348 119 129 45 588 29 3735 6297 46 54 26 98 22
internal_value=-8.32271e-13 -0.000496018 -0.000383252 -0.000500958 0.006193 -0.000394898 0.0122936 4.16114e-05 0.000387324 0.00134986 0.00288365 0.00154573 0.00343534 0.00716526 0.0111771 0.00905127 0.00539349 -0.0011878 0.00514791 -0.00306062 0.00392484 0.00473819 -0.00520325 -3.159e-05 -0.00057753 -0.00974367 -0.000432214 0.0100515 -0.000562914 -0.0075382
internal_weight=57198 4427 4379 4302 77 4271 52 52771 14833 4498 2318 1512 894 391 271 240 806 618 141 477 653 608 49 10335 6600 103 6497 80 6417 120
internal_count=57198 4427 4379 4302 77 4271 52 52771 14833 4498 2318 1512 894 391 271 240 806 618 141 477 653 608 49 10335 6600 103 6497 80 6417 120
is_linear=0
shrinkage=0.05


Tree=154
num_leaves=31
num_cat=0
split_feature=0 0 4 6 9 0 3 4 8 4 5 11 3 2 3 4 5 4 0 0 9 4 2 5 0 2 3 4 5 0
split_gain=0.477679 1.80538 3.25323 3.65456 4.06193 3.33983 2.3027 2.44765 2.10732 8.89921 5.86518 5.84372 6.84446 5.29244 4.18507 4.11145 6.29516 3.72906 2.84881 2.74264 5.11548 3.68167 3.34942 3.17045 4.8847 3.76811 2.72156 2.63153 2.40268 2.78846
threshold=0.43202768883440962 0.30827873209710005 1.2156903491213902 1.0000000180025095e-35 -1.0493067027141429 0.35385035637129642 0.85638352568276155 -1.0540571067681157 1.0816417019878375 -1.2833245265549345 0.33010122217555887 -0.7500292558394458 1.1592813222604847 0.54409918236884047 0.90626936441350303 -0.61844900917316037 -0.89749154395743946 0.25276718601675113 0.11095403781065989 -0.046811405019422853 0.050160304131359752 1.5595914788016185 -1.4173852910024787 -0.99733128919208947 -0.2800552741703824 -1.1238739611292639 -0.46676478353289413 0.046426508208614714 -1.3931917313346975 1.0000000180025095e-35
decision_type=2 2 2 2 2 2 2 2 2 2 2 2 2 2 2 2 2 2 2 2 2 2 2 2 2 2 2 2 2 2
left_child=1 8 3 4 -3 6 7 -6 -1 10 28 12 14 -14 -11 16 18 27 -13 21 -21 22 -19 24 -24 -26 -25 -17 -10 -30
right_child=-2 2 -4 -5 5 -7 -8 -9 9 11 -12 15 13 -15 -16 17 -18 19 -20 20 -22 -23 23 26 25 -27 -28 -29 29 -31
leaf_value=-0.00012566541447731058 0.00021716214580221741 0.0013191632969297958 -0.0048118630039440929 0.00084825728975535225 -0.019063973778060506 -0.0029859487459017254 -0.020249088177070867 -0.0035051972612244169 0.00071246280567720537 0.0081920767211517611 -0.00011027562136445567 0.0074441884160041816 0.035968817594564627 0.0095433023152872928 -0.012131272324106912 -0.0018001694629145198 0.000912991084285243 -0.010657946058781818 0.01879312313574983 0.0005360656620647206 -0.011956909218118811 -0.0055109949738369329 0.0026983861000261125 -0.0021306244710214699 0.0346468266658485 0.011465942030149501 0.0044176102449961984 -0.011601033291536505 -0.021774732425126814 -0.0087624637986775684
leaf_weight=33043 17552 301 535 1637 35 322 53 91 32 109 226 250 36 40 33 268 481 40 71 500 98 125 204 246 20 142 447 92 71 98
leaf_count=33043 17552 301 535 1637 35 322 53 91 32 109 226 250 36 40 33 268 481 40 71 500 98 125 204 246 20 142 447 92 71 98
internal_value=-1.67982e-12 -9.61416e-05 -0.00128096 -0.000506447 -0.0032716 -0.00602972 -0.0115051 -0.00782708 -5.61602e-08 0.00114365 -0.00563665 0.00204783 0.00995052 0.0220607 0.00346904 0.00147049 0.0045318 0.000345294 0.00995439 0.00126409 -0.00151128 0.00262003 0.00354485 0.00408131 0.00784582 0.0143278 0.00209313 -0.00430483 -0.0118504 -0.0142292
internal_weight=57198 39646 2974 2439 802 501 179 126 36672 3629 427 3202 218 76 142 2984 802 2182 321 1822 598 1224 1099 1059 366 162 693 360 201 169
internal_count=57198 39646 2974 2439 802 501 179 126 36672 3629 427 3202 218 76 142 2984 802 2182 321 1822 598 1224 1099 1059 366 162 693 360 201 169
is_linear=0
shrinkage=0.05


Tree=155
num_leaves=31
num_cat=0
split_feature=2 4 1 4 2 0 1 5 5 7 3 4 12 2 2 2 3 0 12 2 0 0 7 0 3 0 0 8 0 0
split_gain=0.449166 1.50969 0.515206 2.01559 4.26341 2.63761 1.54239 2.8855 2.46191 3.09699 1.86872 2.41576 3.32695 1.64319 1.46869 1.42961 1.97007 1.64421 1.42664 1.53949 1.84252 2.37533 2.3811 2.52456 1.54075 3.82313 1.63511 1.70204 1.60081 1.48432
threshold=-1.9672679338424122 -0.25162113751425025 -0.77694695667155833 -1.1457640746828435 -0.17192784638767408 0.91769187452946521 -1.3056865052139814 -0.56047460071664723 -0.89749154395743946 0.50726550913191959 -0.78894549108558965 -1.2374710425975708 1.0000000180025095e-35 -0.9830209546905101 -0.28911653168522861 -0.78645249303697462 -1.5515887659285705 0.44224510455597482 0.34398541387350456 -0.84560957395269531 0.079472219010005132 -0.6271509910208567 1.0000000180025095e-35 -0.5280422754559323 -0.50376503453747445 -0.80152611022553211 -1.2252023190870001 -0.99042967103748658 -2.0606237213901646 -0.78664977391242574
decision_type=2 2 2 2 2 2 2 2 2 2 2 2 2 2 2 2 2 2 2 2 2 2 2 2 2 2 2 2 2 2
left_child=1 -1 3 4 6 18 -2 8 10 -10 13 -12 -13 -8 -9 -4 17 -17 -5 -20 21 24 -23 -24 25 26 -21 -28 -26 -30
right_child=2 -3 15 5 -6 -7 7 14 9 -11 11 12 -14 -15 -16 16 -18 -19 19 20 -22 22 23 -25 28 -27 27 -29 29 -31
leaf_value=-0.0038540226056162892 -0.0016745914828611493 0.0080247157313410311 -0.0010194694537844556 0.00062144761446895165 0.017738379424483312 0.0099757214697698757 -0.0015849902772288261 0.00025445099366738501 0.016151807052878345 -0.0011157988827969684 0.0030781798951750611 0.0016174054727536823 0.022422546885259773 0.0041989022827654144 -0.0098572875582919415 -0.0074134360311409846 3.900700905838226e-05 0.0036527309886201526 5.6622992264929911e-05 -0.0030077166241403689 -0.0088104012910672734 0.0049341095415851065 0.0061499081657642556 -0.0028158542632332438 0.0053009650256070828 -0.0092426501633022136 -0.0032078719076158095 0.0047574341086375161 -0.0064630144166375001 0.0039716155689864139
leaf_weight=195 328 31 3628 4330 41 66 256 653 82 38 163 33 46 236 38 153 41472 43 3357 201 87 240 97 412 36 121 91 255 432 37
leaf_count=195 328 31 3628 4330 41 66 256 653 82 38 163 33 46 236 38 153 41472 43 3357 201 87 240 97 412 36 121 91 255 432 37
internal_value=-2.64025e-12 -0.00222464 8.82483e-06 0.000304975 0.0017886 1.40872e-05 0.00143946 0.00210056 0.00404425 0.0106837 0.00295877 0.00655601 0.0137318 0.0011894 -0.000301621 -6.75142e-05 1.53718e-05 -0.00498565 -5.37209e-05 -0.000598536 -0.00169329 -0.00137114 0.000828565 -0.00110725 -0.00277572 -0.00120012 0.000578937 0.00266251 -0.00485988 -0.00563981
internal_weight=57198 226 56972 11676 1914 9762 1873 1545 854 120 734 242 79 492 691 45296 41668 196 9696 5366 2009 1922 749 509 1173 668 547 346 505 469
internal_count=57198 226 56972 11676 1914 9762 1873 1545 854 120 734 242 79 492 691 45296 41668 196 9696 5366 2009 1922 749 509 1173 668 547 346 505 469
is_linear=0
shrinkage=0.05


Tree=156
num_leaves=31
num_cat=0
split_feature=0 9 0 4 0 3 9 0 2 8 9 1 4 3 5 4 4 3 5 0 6 4 3 2 1 5 4 0 4 2
split_gain=0.445214 0.571615 0.507635 1.78139 6.45953 2.63477 3.61076 2.98691 3.74527 4.52884 3.18991 2.86264 2.70663 2.6106 8.36707 26.7163 3.03512 2.91967 5.52039 6.51417 5.26379 4.5941 3.68628 3.11886 2.61749 2.19163 3.64467 5.98206 2.64747 2.15266
threshold=2.4700175506702986 -1.5490644330984626 0.76701006881243816 -0.13698742762084057 1.3053875777776807 -0.66221383073629536 0.74982112666940715 1.0327649499723037 -0.53917905250856812 1.0000000180025095e-35 0.64986958059254329 -0.46056030334319548 0.75715550954775257 2.0160152888604972 1.2655051286133518 -0.36625484740765951 -1.4667384623843895 -0.010646327740282542 -0.31317640375456596 1.0327649499723037 1.7136308150948316 -1.3750314944696622 -0.33264520312214713 1.3124609408881884 1.6408483742994202 1.1495863065883827 -0.48088855730106883 1.5797132453445968 -0.66430249313052359 0.80869260067418336
decision_type=2 2 2 2 2 2 2 2 2 2 2 2 2 2 2 2 2 2 2 2 2 2 2 2 2 2 2 2 2 2
left_child=2 -2 -1 4 13 6 11 8 -7 12 -9 -5 -10 14 17 -16 -15 20 -19 29 -4 -22 -23 -21 -18 -6 28 -28 -27 -20
right_child=1 -3 3 5 25 7 -8 10 9 -11 -12 -13 -14 16 15 -17 24 18 19 23 21 22 -24 -25 -26 26 27 -29 -30 -31
leaf_value=-6.736241071793809e-05 0.0025114100208156742 -0.0043056830198776614 0.0023911201496996815 -0.014396208188393052 -0.00064042042367253569 0.0045881250821163556 0.0053938325178651651 0.00094236489291094723 -0.003857796140822121 -0.0007460317235532429 -0.0048870646966930782 -0.0037565482153834439 -0.012340748987855078 0.011362270923425621 -0.003986675069352393 0.068841734472662217 -0.0027978172966478662 -0.0040200471330021142 0.010076937812534327 -0.005202035365560416 0.034464770329317877 0.012275002521501314 -0.0099370183888822794 0.011938731521368026 -0.023231895193457603 0.0032536148122067803 -0.00048393113538622859 0.027760524997437325 -0.015527757348415131 0.0041732517624802337
leaf_weight=45564 41 123 373 81 3331 170 84 4079 206 599 249 288 173 21 34 20 42 318 224 230 21 169 21 30 25 86 38 37 24 497
leaf_count=45564 41 123 373 81 3331 170 84 4079 206 599 249 288 173 21 34 20 42 318 224 230 21 169 21 30 25 86 38 37 24 497
internal_value=2.62513e-12 -0.00260141 7.4803e-06 0.000304789 0.00094935 -0.000297591 -0.00396224 5.5661e-06 -0.0022618 -0.00345248 0.000606984 -0.00609208 -0.00772996 0.00319886 0.00358151 0.0229868 -0.00522384 0.00302502 0.0017049 0.00356069 0.00596138 0.0122728 0.00981999 -0.00322425 -0.0104225 -0.00034623 0.00495078 0.01345 -0.000844139 0.00600741
internal_weight=57198 164 57034 11470 5541 5929 453 5476 1148 978 4328 369 379 2025 1937 54 88 1883 1299 981 584 211 190 260 67 3516 185 75 110 721
internal_count=57198 164 57034 11470 5541 5929 453 5476 1148 978 4328 369 379 2025 1937 54 88 1883 1299 981 584 211 190 260 67 3516 185 75 110 721
is_linear=0
shrinkage=0.05


Tree=157
num_leaves=31
num_cat=0
split_feature=9 9 4 7 4 0 3 0 6 4 4 4 5 2 3 7 0 7 0 0 3 3 4 3 4 5 3 6 2 4
split_gain=0.444341 2.94842 3.4625 4.38522 3.47008 3.07477 4.33188 2.70506 2.62553 6.42655 4.64516 7.77498 9.10937 4.40609 5.89527 4.29862 4.10904 3.89811 4.39252 4.88504 3.63384 5.41519 3.72404 3.41779 5.19426 4.91956 3.72923 3.22769 3.10977 2.91265
threshold=0.25006339628508761 1.0000000180025095e-35 1.3532508009934816 -0.67566290470831769 1.5595914788016185 1.1767010273330964 0.52784509782456357 -1.1752500972272226 -0.90990146219895396 -1.2374710425975708 -0.36625484740765951 -0.96235013885338849 1.0142561076130823 2.9697660757573816 2.593219488673522 0.50726550913191959 1.6630209632296875 -0.44313593596502393 -0.40266444959466524 -0.027071581256266311 -0.087719774303818512 0.45942812721057019 -0.34332810542897768 -0.87162206663839559 -0.15991416959952287 0.9652358749025497 1.5369806572815394 1.7136308150948316 1.5352613517886637 0.98642292933457132
decision_type=2 2 2 2 2 2 2 2 2 2 2 2 2 2 2 2 2 2 2 2 2 2 2 2 2 2 2 2 2 2
left_child=1 -1 7 4 5 6 -4 -3 9 -9 11 -10 27 14 17 -15 -16 -12 -19 29 -11 -22 -23 -21 25 -25 -27 -13 -26 -20
right_child=-2 2 3 -5 -6 -7 -8 8 10 20 13 12 -14 15 16 -17 -18 18 19 23 21 22 -24 24 28 26 -28 -29 -30 -31
leaf_value=-8.5397641669055275e-05 -0.00016671199587308514 -0.012785728365132535 0.010793606744458279 0.0018764323300620948 0.0033354675127193335 -0.0020262057939544323 0.031730302773593441 -0.0064543449897056741 -0.00068312259758009455 0.0010018788463712072 -0.0051995830394930319 0.0021406165025084569 0.018686751071439408 -0.00094955934743796077 -0.0042526464676484466 0.031439768364652995 -0.035919695764425254 -0.0059493881484635651 0.0098236075574878109 0.01143921916454769 0.012939884175682207 0.014535792262815848 -0.0027310853381907812 0.0037948786151698896 -0.00081444706737233334 -0.032722416674268659 -0.0097297144474254721 0.014287195103843848 0.0096431018619597721 -0.0037023623996623317
leaf_weight=28385 23528 37 60 533 100 20 42 142 937 302 486 464 123 21 20 20 21 259 212 57 247 41 131 36 710 29 45 62 79 49
leaf_count=28385 23528 37 60 533 100 20 42 142 937 302 486 464 123 21 20 20 21 259 212 57 247 41 131 36 710 29 45 62 79 49
internal_value=-2.16228e-12 0.000116495 0.00120083 0.0043357 0.0102401 0.0158997 0.0194146 0.000678358 0.000789235 0.00326813 0.0001999 0.00223041 0.00643686 -0.00137564 -0.00170777 0.0148501 -0.0204724 -0.00131564 -3.67825e-05 0.00122153 0.00518296 0.00819653 0.00138486 -0.00043367 -0.00118646 -0.0113652 -0.0187404 0.00357234 0.000232633 0.00728425
internal_weight=57198 33670 5285 755 222 122 102 4530 4493 863 3630 1586 649 2044 2003 41 41 1962 1476 1217 721 419 172 956 899 110 74 526 789 261
internal_count=57198 33670 5285 755 222 122 102 4530 4493 863 3630 1586 649 2044 2003 41 41 1962 1476 1217 721 419 172 956 899 110 74 526 789 261
is_linear=0
shrinkage=0.05


Tree=158
num_leaves=31
num_cat=0
split_feature=1 3 0 1 1 0 6 4 7 5 7 4 6 0 0 3 0 4 5 3 7 0 3 0 5 4 1 0 5 5
split_gain=0.491696 2.34551 1.88284 2.5403 3.6076 4.41123 4.26454 2.66427 4.91856 3.51724 3.27548 2.18444 2.52771 2.17718 3.03083 1.96969 2.03794 2.57652 1.96755 2.75062 2.35858 3.05993 1.91703 2.12059 1.88007 1.85537 1.84749 1.78817 5.19803 4.34902
threshold=0.48717922383083972 1.3166402403684843 -0.44379649577730129 0.93660670550327574 1.5194418328293251 -1.3768667146945477 1.0000000180025095e-35 0.36740089591016062 -0.17418860646293408 1.0613819277844458 -0.17418860646293408 -0.50381529927975111 0.31220406105026438 -0.75011681292423138 -0.94767540448987975 0.87136745916807712 -0.92988716136921734 1.3532508009934816 -0.56047460071664723 -0.12653211735774952 -0.74807555454224595 1.6630209632296875 0.55799964336229413 -0.48692848521065329 1.2994638957836848 0.55081483173961565 0.69872521355198958 -0.034422802423110486 0.9652358749025497 1.1065214618131212
decision_type=2 2 2 2 2 2 2 2 2 2 2 2 2 2 2 2 2 2 2 2 2 2 2 2 2 2 2 2 2 2
left_child=1 -1 3 7 22 6 -6 8 9 26 13 -11 -13 14 25 -7 -17 -18 19 -4 21 -21 23 24 -5 -9 -2 28 -20 -30
right_child=2 -3 18 4 5 15 -8 10 -10 11 -12 12 -14 -15 -16 16 17 -19 27 20 -22 -23 -24 -25 -26 -27 -28 -29 29 -31
leaf_value=4.2806794350115873e-05 0.00074322405900504142 0.0033590063675903907 0.00032266782557902241 0.0096595676329036539 -0.0052872579526521413 -0.012704667762301645 0.015160049669736742 0.0098130927700549372 -0.0011448813007176057 -0.0071664286988242622 -0.0053046848254343316 -0.025704058196682197 -0.0097290274233091632 -0.002511012016029488 0.016551817379270993 -0.0097321631424677636 0.0059356530443322522 -0.011341677853957781 -0.0016748505278040195 -0.021609554912343069 -0.00080467105290153999 -0.00073163118929817127 0.00030097257886506433 -0.0092135573959066762 -0.003773739789762805 -0.011465995468287951 -0.012819992356909147 -0.00017631758641429042 0.010066408365614591 0.0021403876927090148
leaf_weight=42388 74 540 156 163 51 103 51 20 276 53 154 65 40 62 60 87 71 31 727 54 48 26 543 21 31 21 38 10225 221 798
leaf_count=42388 74 540 156 163 51 103 51 20 276 53 154 65 40 62 60 87 71 31 727 54 48 26 543 21 31 21 38 10225 221 798
internal_value=-4.62498e-13 8.45219e-05 -0.000254265 -0.00167066 -0.00013408 -0.00401504 0.0049364 -0.0037218 -0.00583863 -0.0106367 -7.57704e-05 -0.0154414 -0.0196183 0.00486443 0.00939193 -0.00714192 -0.00411036 0.0006847 -2.13778e-05 -0.0041346 -0.0095669 -0.0148242 0.0018832 0.00587925 0.00751301 -0.00108595 -0.00385858 7.62043e-05 0.00155503 0.00385938
internal_weight=57198 42928 14270 2015 1152 394 102 863 546 270 317 158 105 163 101 292 189 102 12255 284 128 80 758 215 194 41 112 11971 1746 1019
internal_count=57198 42928 14270 2015 1152 394 102 863 546 270 317 158 105 163 101 292 189 102 12255 284 128 80 758 215 194 41 112 11971 1746 1019
is_linear=0
shrinkage=0.05


Tree=159
num_leaves=31
num_cat=0
split_feature=1 0 2 0 5 0 12 2 4 7 4 5 4 4 4 4 0 0 4 4 4 7 2 5 4 0 4 0 5 1
split_gain=0.443755 1.69926 3.12485 2.16738 2.21827 3.54018 2.85185 3.81075 3.2695 1.86463 3.64085 5.6714 2.87094 2.13062 1.84935 4.05433 2.0181 1.81244 2.22431 3.8884 3.4011 2.47472 3.87866 2.35015 2.18942 2.179 4.8469 3.3153 8.33879 3.94111
threshold=0.48717922383083972 -0.44379649577730129 -0.13544684175106086 -0.6271509910208567 1.0613819277844458 -0.8695463369334262 0.34398541387350456 1.6494453685099495 0.66544854163302503 1.0000000180025095e-35 0.13813347612334176 0.9652358749025497 1.4449577689082089 1.3303240590147996 -0.34332810542897768 -0.022353717727431312 -1.5143630514267346 -0.34071309671953215 -0.34332810542897768 -0.04528045970611317 0.092279992165977986 0.50726550913191959 1.3659699941318044 1.3599459555339253 -0.57259552521579626 -0.227181227882883 -1.1228373327041614 -0.17175435159875027 1.2994638957836848 1.2547072608373124
decision_type=2 2 2 2 2 2 2 2 2 2 2 2 2 2 2 2 2 2 2 2 2 2 2 2 2 2 2 2 2 2
left_child=-1 2 14 4 5 -4 7 8 -6 10 -5 13 -13 -12 -2 -16 -17 18 24 23 -21 -22 -23 -20 -3 26 -19 28 29 -27
right_child=1 17 3 9 6 -7 -8 -9 -10 -11 11 12 -14 -15 15 16 -18 25 19 20 21 22 -24 -25 -26 27 -28 -29 -30 -31
leaf_value=8.0295843669329632e-05 0.0046299461794730564 0.0037190084642941042 0.023031894181622194 -0.013280684849869592 0.0074502899020664265 0.0026577251701535298 -0.0033708229666958643 -0.0050174557206508034 -0.0052219801249780828 -0.0010689273542229785 -0.0015226746848581926 0.0005113418937209203 0.019618435862607191 -0.020901801578096443 -0.03080893874692265 -0.015634833092123948 -0.002724459107494769 -0.01546444301812412 -0.0035301105446359591 0.022585815980675675 -0.0027427792466548076 0.023926514974580364 -0.0039477659855037929 -0.023413296679601722 0.015319571704598627 0.0059751896877350491 -0.0010649472992365018 -0.00012076511725588865 0.034263144247233868 -0.017060645339502533
leaf_weight=42928 26 142 24 113 265 191 485 133 63 400 23 66 28 37 20 44 97 73 42 21 117 26 24 23 57 119 293 11272 24 22
leaf_count=42928 26 142 24 113 265 191 485 133 63 400 23 66 28 37 20 44 97 73 42 21 117 26 24 23 57 119 293 11272 24 22
internal_value=-8.71365e-15 -0.000241552 -0.00158712 -0.000957357 0.000347599 0.00493205 -0.000694322 0.00212152 0.00501629 -0.0032288 -0.00646457 -0.00146314 0.00620282 -0.0134731 -0.00774334 -0.00974152 -0.00675323 -2.03089e-05 0.00308691 -2.3836e-05 0.00362096 0.00123615 0.0105469 -0.0105657 0.00704178 -0.000139301 -0.00393698 -1.777e-05 0.00701836 0.00238095
internal_weight=57198 14270 2015 1828 1161 215 946 461 328 667 267 154 94 60 187 161 141 12255 452 253 188 167 50 65 199 11803 366 11437 165 141
internal_count=57198 14270 2015 1828 1161 215 946 461 328 667 267 154 94 60 187 161 141 12255 452 253 188 167 50 65 199 11803 366 11437 165 141
is_linear=0
shrinkage=0.05


Tree=160
num_leaves=31
num_cat=0
split_feature=5 2 12 6 2 1 3 3 2 2 7 3 2 0 0 1 9 5 3 0 2 0 2 2 2 7 2 5 5 12
split_gain=0.434087 1.34554 1.60906 1.82203 2.26238 2.86071 2.69801 1.18456 1.92742 1.25303 1.02943 2.08044 2.23189 1.037 0.973809 0.883433 2.20753 2.94074 3.33368 2.44302 2.90675 2.09673 2.06639 2.05001 5.12773 1.95594 1.82034 1.52941 1.41675 1.38337
threshold=-1.3430211371129324 -1.4173852910024787 0.6919075675484444 -0.88889511337147242 -0.75740424443396392 -1.125494828882486 -1.1488200648843092 -1.6501666602312004 -0.059998403393784976 -1.4173852910024787 1.707859523614377 -0.13567504767322464 -0.4616080117075167 0.44823345040270363 -1.4024432921654559 -0.77694695667155833 -0.74945206448355139 -0.056344946134780353 -1.1785584707595622 -0.76410449065143304 -1.2036107711271551 -1.6488785467042522 -1.1503283976574983 0.14062825127466352 0.40764991071126194 0.50726550913191959 -0.10127248719868935 -1.3140404490756492 1.4101165497556909 -1.0477032008262543
decision_type=2 2 2 2 2 2 2 2 2 2 2 2 2 2 2 2 2 2 2 2 2 2 2 2 2 2 2 2 2 2
left_child=1 -1 10 -4 5 -5 -7 8 9 14 11 13 -13 -3 -2 16 17 18 -9 20 21 -18 -17 26 -25 -23 -22 -27 -28 -21
right_child=7 2 3 4 -6 6 -8 15 -10 -11 -12 12 -14 -15 -16 22 19 -19 -20 29 23 25 -24 24 -26 27 28 -29 -30 -31
leaf_value=0.0030896322847728053 -0.013122771397746844 0.00010916738591978758 -0.0012269468282742754 -0.0040700474918754911 0.0068504860693272872 -0.0098644999273043762 -0.031009575893933123 0.0047606763866087295 -0.014289064978559814 -0.00014648301224234428 0.0024395751163558618 -0.00015414348953137443 -0.014270668406970799 -0.0051322912923060359 -0.0032893957103143482 -0.0036303574540174337 0.018237253326922657 0.0030836429915916601 -0.007261399062864592 -0.00010205060094590155 -0.00042686659971159644 0.00064518231745434775 2.4112704205294705e-06 0.02421295626474352 -0.0029930901692010637 0.0023052008516970092 -0.015875972254092204 0.014418676341659177 0.0008950280025601387 0.0021559494462024022
leaf_weight=234 29 1675 557 136 28 48 22 71 30 573 326 56 56 100 191 395 25 160 307 879 4299 230 43569 29 43 48 34 57 20 2971
leaf_count=234 29 1675 557 136 28 48 22 71 30 573 326 56 56 100 191 395 25 160 307 879 4299 230 43569 29 43 48 34 57 20 2971
internal_value=2.10753e-12 -0.000562297 -0.000846768 -0.00278234 -0.0064847 -0.00829725 -0.0165101 3.3742e-05 -0.00184865 -0.00137802 -0.000154931 -0.00060316 -0.00721241 -0.000186126 -0.00458561 6.2897e-05 0.000509222 -0.00259825 -0.00500328 0.000702832 -5.1551e-05 0.00426899 -3.02278e-05 -0.000403053 0.0079649 0.00322659 -0.000541462 0.00888109 -0.00966449 0.00164042
internal_weight=57198 3238 3004 791 234 206 70 53960 823 793 2213 1887 112 1775 220 53137 9173 538 378 8635 4785 360 43964 4425 72 335 4353 105 54 3850
internal_count=57198 3238 3004 791 234 206 70 53960 823 793 2213 1887 112 1775 220 53137 9173 538 378 8635 4785 360 43964 4425 72 335 4353 105 54 3850
is_linear=0
shrinkage=0.05


Tree=161
num_leaves=31
num_cat=0
split_feature=9 0 0 4 0 4 2 8 8 4 3 4 4 2 4 6 2 0 4 0 8 6 4 4 0 2 4 4 0 4
split_gain=0.430132 1.37332 1.85299 2.11193 1.74706 1.66514 1.4195 1.68276 1.69891 1.62541 1.2792 1.21354 1.16599 0.879975 0.829776 1.30175 1.23976 1.02765 1.08038 1.06976 0.963808 0.855144 0.804621 0.881552 0.830198 0.786843 0.778989 0.681261 0.644854 0.643664
threshold=-1.4491128870215986 2.0936190745863663 -0.046811405019422853 -0.75600946104525135 0.018766739333797907 -0.84771642895997912 0.027653295738949001 1.0000000180025095e-35 0.74730582097220966 -1.2603977845762526 0.2781311023448329 1.2844705750574359 1.5595914788016185 -0.68398315185772407 1.3991042849508457 0.046773696581961052 0.19929324241580956 1.0894866621508073 0.89471596141984389 0.53165644211467633 1.0816417019878375 -0.90990146219895396 1.2844705750574359 0.71130202559038891 -0.15642271830724117 -0.18068678752093964 -1.1916175586402071 -1.0540571067681157 2.4700175506702986 -1.214544300618889
decision_type=2 2 2 2 2 2 2 2 2 2 2 2 2 2 2 2 2 2 2 2 2 2 2 2 2 2 2 2 2 2
left_child=1 2 5 6 -5 25 10 26 9 -9 -4 29 22 -6 17 -16 -17 18 19 21 -20 -15 23 -7 -24 -1 -8 -10 -2 -3
right_child=28 11 3 4 13 12 7 8 27 -11 -12 -13 -14 14 15 16 -18 -19 20 -21 -22 -23 24 -25 -26 -27 -28 -29 -30 -31
leaf_value=-0.0031621138120043082 -2.9083261168886315e-05 -0.0077919584217256525 0.0057419981186017941 0.0065821017550271275 0.0062289057136104822 0.0024098238832019549 0.001710439464577761 0.0008556566690569935 0.0038139756408628262 0.01181963765908272 0.01714879743754864 -0.0097272641058745134 -0.005977651522411951 -0.0031220963290252259 -0.001092238040011445 0.014614964769251886 0.0032712913683132722 0.0015072060406152196 -0.0060976671173203134 -0.0029451909220173352 0.00087214337745264404 0.0024875284822791703 0.00060958856735630212 -0.0015774970502251519 0.01120151237685334 -0.011306005109553085 -0.0047704991073591052 -0.0018047873347585529 -0.004337268905786412 0.00050184385267024753
leaf_weight=293 53405 29 136 112 57 269 98 49 142 109 30 56 66 88 135 31 108 394 191 259 67 298 37 286 37 33 88 87 87 121
leaf_count=293 53405 29 136 112 57 269 98 49 142 109 30 56 66 88 135 31 108 394 191 259 67 298 37 286 37 33 88 87 87 121
internal_value=-3.36115e-13 0.000520921 0.00075443 0.00149275 0.000541671 -0.00103823 0.00373211 0.00255263 0.0044311 0.00841942 0.00780347 -0.00344646 0.000344697 0.000126113 -9.53124e-05 0.00240479 0.00580118 -0.000623475 -0.00155314 -0.000459326 -0.00428768 0.00120865 0.00100809 0.000355096 0.00590555 -0.0039865 -0.00135581 0.00167934 -3.60901e-05 -0.00110162
internal_weight=57198 3706 3500 2479 1740 1021 739 573 387 158 166 206 695 1628 1571 274 139 1297 903 645 258 386 629 555 74 326 186 229 53492 150
internal_count=57198 3706 3500 2479 1740 1021 739 573 387 158 166 206 695 1628 1571 274 139 1297 903 645 258 386 629 555 74 326 186 229 53492 150
is_linear=0
shrinkage=0.05


Tree=162
num_leaves=31
num_cat=0
split_feature=3 5 5 4 4 4 5 7 0 7 2 4 5 3 5 4 0 0 5 2 0 2 4 9 0 0 12 4 0 4
split_gain=0.429309 3.51139 2.74243 1.52449 2.58137 2.53462 5.67952 3.89756 2.92424 6.15652 2.68694 4.11348 5.11947 3.90303 2.44333 3.29247 9.85246 1.27459 0.863287 0.818526 2.61564 0.766697 0.756582 0.572735 2.75247 2.5266 7.97311 10.3861 6.05449 4.4608
threshold=2.8180227285006008 1.4495693291702281 1.0142561076130823 0.48203460580356999 1.4220310269295273 0.22984044403806927 1.4101165497556909 1.707859523614377 0.63639948041121164 1.707859523614377 2.9697660757573816 -0.45796181532238694 1.2291569272765577 4.0338895687215937 1.2655051286133518 -0.75600946104525135 1.7151309929072172 0.47334650493396263 1.386347522532285 5.1381541538316595 -0.094906923654009892 2.2525279717964426 0.092279992165977986 0.25006339628508761 1.8345081719818419 -0.034422802423110486 -1.0477032008262543 -1.397958236448344 0.12236034965722868 0.71130202559038891
decision_type=2 2 2 2 2 2 2 2 2 2 2 2 2 2 2 2 2 2 2 2 2 2 2 2 2 2 2 2 2 2
left_child=19 2 -2 5 17 6 8 18 9 22 14 -12 -13 -14 15 -10 -17 -5 -7 23 -21 -16 -4 -1 25 -25 27 -27 -28 -30
right_child=1 -3 3 4 -6 7 -8 -9 10 -11 11 12 13 -15 21 16 -18 -19 -20 20 -22 -23 -24 24 -26 26 28 -29 29 -31
leaf_value=0.00012344001187490262 -0.0097971354944406674 0.020456870126983395 0.0096682276239153011 -0.0047623845579271972 0.0035464981352792135 -0.005876800942827355 -0.020616244850680233 0.022587262295296812 -0.0011952229515265894 0.032387279467366172 -0.024277938444815253 -0.017064718733308837 -0.0057160798149804275 0.019027415764353732 -0.0083544995989008192 0.043634361943060702 -0.0022442212067544458 -0.019905999997475499 0.0068345223484999121 0.0059333898499608038 -0.013396954190518177 0.0023805757363637289 -0.0025875409489826244 8.4424384457521445e-05 0.0060820140155177635 0.012557658575212537 -0.0036233380663569293 -0.006387162387113357 0.0014034721677150472 -0.0024561162976184823
leaf_weight=33559 58 23 20 33 63 22 28 38 34 24 23 32 30 34 29 22 25 24 34 30 42 39 34 16240 173 78 1094 998 3351 964
leaf_count=33559 58 23 20 33 63 22 28 38 34 24 23 32 30 34 29 22 25 24 34 30 42 39 34 16240 173 78 1094 998 3351 964
internal_value=-1.20467e-12 0.00125918 0.000575669 0.00159884 -0.00342894 0.00288801 0.00104329 0.0102277 0.00279608 0.0113164 0.000316272 -0.00528583 -0.000735638 0.0074289 0.00479044 0.0106569 0.0192309 -0.0111386 0.00184079 -1.49019e-05 -0.00534264 -0.00219762 0.00195163 -8.1074e-06 -0.000200902 -0.000248732 -0.00108304 -0.00501384 -0.000301089 0.000541214
internal_weight=57198 669 646 588 120 468 374 94 346 78 268 119 96 64 149 81 47 57 56 56529 72 68 54 56457 22898 22725 6485 1076 5409 4315
internal_count=57198 669 646 588 120 468 374 94 346 78 268 119 96 64 149 81 47 57 56 56529 72 68 54 56457 22898 22725 6485 1076 5409 4315
is_linear=0
shrinkage=0.05


Tree=163
num_leaves=31
num_cat=0
split_feature=4 4 5 7 5 7 5 4 5 8 2 8 4 12 4 6 3 2 0 2 5 7 0 5 5 2 4 12 0 5
split_gain=0.405029 3.19267 7.0002 3.64098 2.90007 7.02442 10.4867 4.49786 4.43328 8.17085 5.82874 5.15227 4.16061 3.60241 8.83123 3.50202 4.02863 3.47772 4.19823 3.44316 4.31383 8.60073 11.4759 6.53757 3.21013 2.92655 3.98762 4.26859 2.70998 2.7012
threshold=0.16106021810202364 0.069353250187296225 -1.2122321088555645 0.50726550913191959 -0.84497093191591066 -0.9109402413522435 -1.0444571093634523 1.4220310269295273 -0.37618863167946776 1.0184757865176055 -0.11856944240543249 0.74730582097220966 0.71130202559038891 -0.69978104715131473 1.5366647368229367 -0.50231995162864196 -0.36849005200541379 0.053449155891823953 -0.21022777338112061 -0.26933438599219911 1.4495693291702281 0.50726550913191959 -0.21970742502192073 1.4651726809124612 1.4312047935437753 2.9697660757573816 0.43618112184620622 0.34398541387350456 -0.20232307365319904 1.2655051286133518
decision_type=2 2 2 2 2 2 2 2 2 2 2 2 2 2 2 2 2 2 2 2 2 2 2 2 2 2 2 2 2 2
left_child=1 -1 3 -3 5 6 -2 -8 9 11 -11 -6 19 14 -7 16 -15 18 -18 24 28 22 25 -23 -10 26 27 -22 -21 -4
right_child=4 2 29 -5 8 13 7 -9 12 10 -12 -13 -14 15 -16 -17 17 -19 -20 20 21 23 -24 -25 -26 -27 -28 -29 -30 -31
leaf_value=-4.2888719063527165e-06 6.361223809737294e-05 -0.014691345015685862 0.00034637230619764293 0.0024113621383618851 0.0026193285349503498 -0.0049759431815735201 0.0095203400314054568 0.027275811355147096 0.0042661093616484791 0.00047456958941502692 -0.0097363623777010425 0.0094332774323249713 -0.0004121926121269241 -0.00053094163692760565 0.0062015804093392135 0.00055693418893315724 -0.0077458893265271479 0.0087756647165258255 0.0019653500980432686 -0.00062664777011593861 -0.0098196302120321256 0.0072234216241691355 0.038493496807558203 -0.021917232573277465 -0.0024186949541749447 0.02444577582064085 0.012831779340722112 0.0099317431860767753 0.00295774784802387 -0.0045682140062349294
leaf_weight=31580 506 154 975 39 2222 1243 172 45 232 426 208 317 9837 1449 206 2963 575 43 138 808 59 39 35 38 795 24 109 51 1518 392
leaf_count=31580 506 154 975 39 2222 1243 172 45 232 426 208 317 9837 1449 206 2963 575 43 138 808 59 39 35 38 795 24 109 51 1518 392
internal_value=1.78351e-12 -0.000113364 -0.00232144 -0.0112354 0.00015616 -0.000672333 0.00400705 0.0132024 0.000519908 0.00220217 -0.00287539 0.00347007 0.000125827 -0.00118362 -0.00338687 -0.000565877 -0.00207467 -0.00503348 -0.00586629 0.00155314 0.00249615 0.00763001 0.0117259 -0.00715768 -0.000908593 0.00787047 0.00605399 -0.000662175 0.00171261 -0.00106293
internal_weight=57198 33140 1560 193 24058 7340 723 217 16718 3173 634 2539 13545 6617 1449 5168 2205 756 713 3708 2681 355 278 77 1027 243 219 110 2326 1367
internal_count=57198 33140 1560 193 24058 7340 723 217 16718 3173 634 2539 13545 6617 1449 5168 2205 756 713 3708 2681 355 278 77 1027 243 219 110 2326 1367
is_linear=0
shrinkage=0.05


Tree=164
num_leaves=31
num_cat=0
split_feature=5 0 0 0 0 4 4 0 5 3 4 2 2 0 3 3 4 3 6 0 11 4 5 5 6 4 5 6 3 0
split_gain=0.409004 1.78227 1.69289 3.0902 2.94645 2.98506 6.16302 10.3241 3.70565 4.01577 3.51564 3.19665 2.76099 6.7319 7.77781 4.75464 2.68589 2.95815 2.23844 3.26719 2.57559 4.90848 6.13941 14.9789 6.83422 5.66038 7.90154 13.9965 14.8103 9.20696
threshold=0.5168783321317606 2.0936190745863663 1.6437776611856465 1.768166426889292 1.1132669512946023 -1.0999105907254794 -0.18284091157820473 1.2079298665622893 1.2994638957836848 3.1923315992737717 0.023499766229932856 1.7072088707226738 3.6090885753489395 1.7151309929072172 2.202591650424965 2.1013061194939193 -0.61844900917316037 1.3470610015778208 1.7136308150948316 0.83263705521721842 -0.7500292558394458 -0.43503507334370556 0.9652358749025497 1.2291569272765577 1.0000000180025095e-35 -0.13698742762084057 0.9652358749025497 1.0000000180025095e-35 1.1869518292971126 0.11095403781065989
decision_type=2 2 2 2 2 2 2 2 2 2 2 2 2 2 2 2 2 2 2 2 2 2 2 2 2 2 2 2 2 2
left_child=-1 2 4 12 18 -6 7 -7 9 11 -8 16 13 15 -15 -4 -9 -18 19 20 21 22 -2 -24 -25 26 -23 28 -28 -30
right_child=1 -3 3 -5 5 6 10 8 -10 -11 -12 -13 -14 14 -16 -17 17 -19 -20 -21 -22 25 23 24 -26 -27 27 -29 29 -31
leaf_value=-9.8355677054524576e-05 -0.0022084745597257742 0.0062317009499558247 -0.0059549129607598984 0.00013895799752676509 -0.0014643031742925701 0.036970549383981817 -0.0074668980751738173 0.0037953608394875322 -0.0081475804106810618 0.025655983442500713 0.0028222326270373765 -0.0013177043633602029 -0.01836332569597289 -0.0069311601877735376 -0.042526970087506236 0.010469930571830505 0.032715567455373032 0.011233060936822352 -0.0021783254216479319 0.0058160248578975442 0.00047786196606961417 0.00018174652516501086 0.017095633204500641 0.0041589642014270619 -0.010606247827581683 0.00021907486372123308 -0.0080639908103155907 -0.015792237412969812 0.002967095740768855 0.029708674225176493
leaf_weight=37114 479 121 103 572 321 31 103 72 37 31 428 84 40 57 21 77 22 59 1031 257 12750 593 186 261 112 1379 375 311 128 43
leaf_count=37114 479 121 103 572 321 31 103 72 37 31 428 84 40 57 21 77 22 59 1031 257 12750 593 186 261 112 1379 375 311 128 43
internal_value=8.91524e-13 0.000181755 0.000145085 -0.00201191 0.000243372 0.00265473 0.00417977 0.00947927 0.00668507 0.00873286 0.000826413 0.00651929 -0.00614043 -0.0042454 -0.0165146 0.00107127 0.010822 0.0170678 8.33779e-05 0.000221568 0.000135043 -0.000995274 0.00194559 0.00550515 -0.000274558 -0.00207432 -0.00425541 -0.0073257 -0.00250318 0.00969159
internal_weight=57198 20084 19963 870 19093 1188 867 336 305 268 531 237 298 258 78 180 153 81 17905 16874 16617 3867 1038 559 373 2829 1450 857 546 171
internal_count=57198 20084 19963 870 19093 1188 867 336 305 268 531 237 298 258 78 180 153 81 17905 16874 16617 3867 1038 559 373 2829 1450 857 546 171
is_linear=0
shrinkage=0.05


Tree=165
num_leaves=31
num_cat=0
split_feature=1 0 2 11 11 3 0 1 5 5 3 1 0 6 1 0 0 0 5 3 11 1 2 8 5 0 5 6 5 2
split_gain=0.443016 2.20496 3.11786 2.22828 2.58659 3.23054 2.09064 2.16108 2.93356 4.80016 2.00732 1.98271 4.20306 3.6562 2.9156 2.7445 1.9625 2.49011 7.4847 4.74732 2.01487 1.92951 1.91827 2.14671 2.2243 2.1378 1.91807 1.86279 2.88406 1.84571
threshold=0.38212444647892435 -0.44379649577730129 -0.28911653168522861 -1.4819493799609287 -0.7500292558394458 1.2371415468037494 -0.3182857931483965 2.1514073801717424 1.386347522532285 1.2291569272765577 1.2855968839227649 1.5194418328293251 -1.3768667146945477 1.0000000180025095e-35 0.93660670550327574 -1.1276121262597307 -0.227181227882883 -0.17175435159875027 1.2994638957836848 1.1374496828789169 -1.4819493799609287 2.2904216509925721 -0.1519961067869898 0.74730582097220966 1.4312047935437753 -1.8958058946997134 1.386347522532285 0.046773696581961052 0.9652358749025497 -0.60528209208893247
decision_type=2 2 2 2 2 2 2 2 2 2 2 2 2 2 2 2 2 2 2 2 2 2 2 2 2 2 2 2 2 2
left_child=10 2 -2 -4 5 -5 7 8 9 -3 -1 14 13 -13 -6 -14 20 18 19 -18 -8 -17 29 24 -24 -26 -9 28 -22 -12
right_child=1 6 3 4 11 -7 16 26 -10 -11 22 12 15 -15 -16 21 17 -19 -20 -21 27 -23 23 -25 25 -27 -28 -29 -30 -31
leaf_value=5.0544187637390511e-05 -0.0077240666900224133 0.0035570244775982537 0.015098531779256606 -0.010886939605463483 -0.0018307468391435039 0.0028377400061506178 -0.016508500996444905 -0.016817122787081949 -0.010658024114673027 0.022284270972139329 0.00023116103016386312 -0.0047438974477414624 -0.024116297329733659 0.01418891187583772 0.0027201734379273344 -0.0079612831538929171 0.0061973795167486702 -9.6628155703189231e-05 0.03175371348236998 -0.014482658771531924 -0.0039621639086534202 0.002872724300519062 0.0020170561763911388 0.012737928566179777 -0.0010675447692240899 -0.022171438846271485 0.00068598758222328292 -0.016068099485710263 0.0074011892632448242 0.013672496723262845
leaf_weight=40449 195 455 21 139 799 62 28 24 32 37 39 51 22 51 629 196 134 12890 24 35 276 52 257 38 30 20 45 24 70 74
leaf_count=40449 195 455 21 139 799 62 28 24 32 37 39 51 22 51 629 196 134 12890 24 35 276 52 257 38 30 20 45 24 70 74
internal_value=2.22289e-12 -0.000220503 -0.00168612 -0.00110383 -0.00127387 -0.00665346 1.03686e-05 0.00291596 0.00401127 0.00496537 8.78141e-05 -0.00067315 -0.00392444 0.00472251 0.000173825 -0.00719107 -0.000117442 -1.22214e-05 0.0056251 0.00191453 -0.00357625 -0.00568964 0.00337937 0.00152745 0.000139832 -0.0095091 -0.00540205 -0.00259759 -0.00166322 0.00903345
internal_weight=57198 16291 2217 2022 2001 201 14074 593 524 492 40907 1800 372 102 1428 270 13481 13083 193 169 398 248 458 345 307 50 69 370 346 113
internal_count=57198 16291 2217 2022 2001 201 14074 593 524 492 40907 1800 372 102 1428 270 13481 13083 193 169 398 248 458 345 307 50 69 370 346 113
is_linear=0
shrinkage=0.05


Tree=166
num_leaves=31
num_cat=0
split_feature=1 4 9 7 2 0 9 5 5 6 0 2 4 3 9 0 12 9 0 2 2 9 4 0 4 0 3 0 5 0
split_gain=0.412133 1.68982 3.90732 3.82929 3.39292 2.09351 1.88263 3.33926 1.69711 1.60903 1.40713 1.3471 1.55279 1.20243 1.55721 1.85309 1.17448 1.74277 3.35864 1.92998 1.70175 1.95566 2.04599 1.59342 5.26854 4.03546 3.29229 2.29253 1.83471 1.52603
threshold=-0.77694695667155833 -1.1457640746828435 0.54991803451567944 0.50726550913191959 -0.73913258749994948 0.91769187452946521 -0.74945206448355139 1.0000000180025095e-35 -0.89749154395743946 -0.90990146219895396 -0.51916570666827677 -1.3571228214233415 -0.71015597708788747 -1.2192874682360275 -0.44959742625295968 -0.36218820601171692 0.34398541387350456 0.35001494236195146 -0.57515532520407853 -0.38572591203095657 -0.84560957395269531 -0.34964588017609582 -0.43503507334370556 -0.47331132081955035 1.1469101231853445 -0.32875394897658755 -0.71909955657085944 -0.38186583422727055 -0.89749154395743946 -0.60566897136432962
decision_type=2 2 2 2 2 2 2 2 2 2 2 2 2 2 2 2 2 2 2 2 2 2 2 2 2 2 2 2 2 2
left_child=1 2 3 4 8 6 7 -3 9 -1 -5 12 -2 14 15 -13 17 18 19 -8 21 22 -18 29 25 27 -27 -25 -28 -23
right_child=11 5 -4 10 -6 -7 16 -9 -10 -11 -12 13 -14 -15 -16 -17 20 -19 -20 -21 -22 23 -24 24 -26 26 28 -29 -30 -31
leaf_value=-0.0038578141143692565 0.00068709845305420464 -0.006548703135416398 0.00020279383048766285 0.0095331482472829528 0.015012127640537137 0.0088718872206906482 0.015757659809959652 0.002909292205254294 0.0091840049854779084 0.0061003651673338204 -0.0036519196693507536 0.01656429421901703 -0.0081868830923025222 -4.2189813195981605e-06 -0.0018947059566231756 0.00019246054081512349 -0.006248742958100943 0.00030779039047403641 0.0013767746059322327 0.0016428359827033194 -0.0016435824285778748 -0.000174327762744652 0.0094480772887003961 0.006658245672487878 0.027888795500621202 -0.0068524080279992149 0.00019467848888761203 0.025938712823249045 0.010674040519111491 -0.0057624155802614048
leaf_weight=76 90 276 1413 24 114 66 74 141 126 87 129 25 109 43690 1333 56 26 3675 443 36 1839 2684 103 58 20 134 143 21 59 128
leaf_count=76 90 276 1413 24 114 66 74 141 126 87 129 25 109 43690 1333 56 26 3675 443 36 1839 2684 103 58 20 134 143 21 59 128
internal_value=1.02654e-12 0.000261927 0.00159997 0.00515072 0.00770746 -3.4993e-06 -6.29086e-05 -0.00335068 0.00482603 0.00145729 -0.00158367 -6.87729e-05 -0.00417352 -5.06626e-05 -0.00148568 0.0052455 8.22782e-05 0.000701573 0.00331848 0.0111383 -0.000419808 0.000246816 0.00628438 6.95009e-06 0.00282311 0.00161512 -0.000775641 0.0117834 0.00325548 -0.000428693
internal_weight=57198 11895 1969 556 403 9926 9860 417 289 163 153 45303 199 45104 1414 81 9443 4228 553 110 5215 3376 129 3247 435 415 336 79 202 2812
internal_count=57198 11895 1969 556 403 9926 9860 417 289 163 153 45303 199 45104 1414 81 9443 4228 553 110 5215 3376 129 3247 435 415 336 79 202 2812
is_linear=0
shrinkage=0.05


Tree=167
num_leaves=31
num_cat=0
split_feature=1 3 2 5 0 5 2 1 7 0 0 2 0 3 1 5 0 12 2 0 7 3 3 1 8 2 3 1 0 2
split_gain=0.399798 1.95665 2.78541 2.25299 2.99147 1.60722 3.62435 3.19183 1.82658 1.79228 1.4968 2.51106 1.8576 2.04337 2.37863 1.98056 3.19245 2.56922 3.93629 3.74139 3.19482 2.14491 2.01558 1.67415 1.49132 3.32414 1.44552 3.2618 2.51699 2.95493
threshold=0.48717922383083972 1.4724410070425007 1.7072088707226738 1.4495693291702281 -2.0029426460512427 -0.56047460071664723 0.21846591282390135 1.1661312024038086 -0.74807555454224595 1.4432099063444663 -0.44379649577730129 -0.13544684175106086 -0.6271509910208567 1.6725078410514487 1.5549020555960671 1.0613819277844458 -0.80152611022553211 1.0000000180025095e-35 1.6494453685099495 -1.4280469313221158 -0.080597219688208724 0.26643309619586708 1.4724410070425007 0.93660670550327574 0.21070812337056413 -0.49145256169869356 0.33810934901157669 1.6951738662692393 -0.3182857931483965 0.14062825127466352
decision_type=2 2 2 2 2 2 2 2 2 2 2 2 2 2 2 2 2 2 2 2 2 2 2 2 2 2 2 2 2 2
left_child=1 2 -1 -3 -5 6 -2 8 9 -8 11 24 15 14 -14 16 23 18 19 -17 21 -21 -20 -13 -7 -26 27 -12 29 -28
right_child=5 3 -4 4 -6 10 7 -9 -10 -11 26 12 13 -15 -16 17 -18 -19 22 20 -22 -23 -24 -25 25 -27 28 -29 -30 -31
leaf_value=5.7082478935022209e-05 0.00433983165369783 0.0018262163755951061 -0.018606773411156612 0.0016379922977648677 0.023257809113420083 -0.0019348346813391132 -0.020516206049283999 0.0045889200784674875 -0.004128393117771966 -0.0061900099246379216 0.0020048261674940255 0.026642710502658574 -0.0026854988960897603 0.0054693974221411805 -0.012257424874917128 0.015218686824192522 0.0014236272885715089 -0.0029497066927681994 0.007724265452707187 -0.01014088157733733 -0.013562747836112977 0.0064678153838728094 -0.0081022748257964846 0.0078193765271593035 -0.0010777247217582896 -0.019039125734605224 0.017803919832887382 -0.010995138473808766 -0.00028720948075181262 0.0024923611374106261
leaf_weight=42617 90 227 20 32 32 83 61 41 58 34 1380 21 528 65 74 74 167 527 25 22 28 167 103 27 47 57 35 50 10190 316
leaf_count=42617 90 227 20 32 32 83 61 41 58 34 1380 21 528 65 74 74 167 527 25 22 28 167 103 27 47 57 35 50 10190 316
internal_value=-1.2368e-12 7.62152e-05 4.83277e-05 0.00416226 0.0124479 -0.000229276 -0.00395305 -0.00780026 -0.0111202 -0.0153889 -0.000153661 -0.00141442 -0.000849884 -0.00295275 -0.00386211 0.000358221 0.00469007 -0.000626291 0.002296 0.00551014 0.0021994 0.00453453 -0.00501115 0.0160546 -0.00693302 -0.010922 5.8555e-05 0.00155028 -0.000143814 0.00401915
internal_weight=57198 42928 42637 291 64 14270 284 194 153 95 13986 2015 1828 667 602 1161 215 946 419 291 217 189 128 48 187 104 11971 1430 10541 351
internal_count=57198 42928 42637 291 64 14270 284 194 153 95 13986 2015 1828 667 602 1161 215 946 419 291 217 189 128 48 187 104 11971 1430 10541 351
is_linear=0
shrinkage=0.05


Tree=168
num_leaves=31
num_cat=0
split_feature=5 4 4 3 1 5 5 1 4 12 0 0 0 4 12 0 1 2 2 3 1 0 8 4 2 0 2 2 2 8
split_gain=0.413283 1.36516 2.04406 4.16883 5.92122 3.70856 5.40512 5.17486 5.21646 5.98493 4.41369 4.34331 5.74888 3.69299 3.44899 3.8195 3.09803 2.86161 2.79887 2.70265 2.48346 2.4374 2.46402 2.41379 3.56602 2.32437 2.23163 2.15362 2.1324 4.19339
threshold=0.57739941913764026 1.5137379948442546 0.41325437986752434 -0.30704097871923247 2.1514073801717424 0.86189575033690324 1.2655051286133518 0.30178142807717084 0.75715550954775257 -0.69978104715131473 -0.2699986224458748 -0.8695463369334262 -0.1247660445492213 1.2844705750574359 -0.69978104715131473 -0.094906923654009892 1.5549020555960671 0.27394037066650051 1.1986533503478529 1.9298277118313358 3.0972743299717664 -2.0029426460512427 1.0184757865176055 0.50496134778225188 2.6677511286377769 -0.21970742502192073 0.27394037066650051 1.3984690016156909 1.5909244711467545 1.0000000180025095e-35
decision_type=2 2 2 2 2 2 2 2 2 2 2 2 2 2 2 2 2 2 2 2 2 2 2 2 2 2 2 2 2 2
left_child=-1 2 -2 -4 5 10 11 21 9 19 13 -7 16 -5 15 -6 -13 -10 26 25 -17 -8 -23 -16 -25 -9 -11 -12 -14 -30
right_child=1 -3 3 4 14 6 7 8 17 18 27 12 28 -15 23 20 -18 -19 -20 -21 -22 22 -24 24 -26 -27 -28 -29 29 -31
leaf_value=-9.5762257719724924e-05 7.2695312552218777e-06 -0.001178446540371587 -0.00059562619703474023 0.0047595325298150819 0.016265191423480173 0.02898004464618862 -0.0049365177790218215 0.011104381013661624 0.0056188619795961882 -0.00078999148681759836 0.0049041251758467647 0.0046587109161800771 0.015332544611799368 -0.011262475533580759 0.0031030484020363458 0.0016794708230647082 -0.0099031537220898008 -0.011739184420008411 0.0078593905306781463 -0.0033577304333448411 -0.014281140359479092 0.0045629632109176537 0.012215061625994911 -0.0060340895183663085 -0.022993957024158504 0.029776717819273477 -0.012924680212268331 -0.0033866663531228469 0.015262864828259955 -0.0044220008150053529
leaf_weight=37938 13198 1668 1801 51 37 25 47 50 29 100 327 215 201 122 43 114 44 131 53 20 31 332 154 127 41 25 61 103 62 48
leaf_count=37938 13198 1668 1801 51 37 25 47 50 29 100 327 215 201 122 43 114 44 131 53 20 31 332 154 127 41 25 61 103 62 48
internal_value=-1.37122e-12 0.000188631 0.000318251 0.00125233 0.00253585 0.0035457 0.00480715 0.00256561 -0.00126495 0.00252953 0.00020487 0.00858196 0.00768731 -0.00653922 -0.00311729 0.00192613 0.00218488 -0.00859304 -0.00210681 0.0129735 -0.0017328 0.00593622 0.0069877 -0.00746754 -0.0101731 0.0173285 -0.00538761 0.00291819 0.0122697 0.00667311
internal_weight=57198 19260 17592 4394 2593 2200 1597 1002 469 309 603 595 570 173 393 182 259 160 214 95 145 533 486 211 168 75 161 430 311 110
internal_count=57198 19260 17592 4394 2593 2200 1597 1002 469 309 603 595 570 173 393 182 259 160 214 95 145 533 486 211 168 75 161 430 311 110
is_linear=0
shrinkage=0.05


Tree=169
num_leaves=31
num_cat=0
split_feature=3 5 5 4 4 4 5 7 0 4 2 4 5 3 5 4 0 2 2 0 2 5 3 12 7 2 0 3 4 2
split_gain=0.403062 3.09455 2.52435 1.28883 2.53331 1.99567 5.05457 3.84973 2.75812 5.52151 2.34674 3.67629 4.53699 3.56476 2.1413 2.90965 8.36275 1.30716 0.760591 2.00282 0.682415 0.616887 0.500449 1.43121 2.78204 4.37065 5.7035 3.41307 3.4251 6.88748
threshold=2.8180227285006008 1.4495693291702281 1.0142561076130823 0.50496134778225188 1.4220310269295273 0.22984044403806927 1.4101165497556909 1.707859523614377 0.63639948041121164 0.092279992165977986 2.9697660757573816 -0.45796181532238694 1.2291569272765577 4.0338895687215937 1.2655051286133518 -0.75600946104525135 1.7151309929072172 2.1238254829769763 5.1381541538316595 -0.094906923654009892 2.2525279717964426 1.386347522532285 0.90626936441350303 -0.69978104715131473 -0.67566290470831769 0.68990076237583897 0.018766739333797907 1.2855968839227649 -0.13698742762084057 1.1986533503478529
decision_type=2 2 2 2 2 2 2 2 2 2 2 2 2 2 2 2 2 2 2 2 2 2 2 2 2 2 2 2 2 2
left_child=18 2 -2 5 17 6 8 21 9 -4 14 -12 -13 -14 15 -10 -17 -5 22 -20 -16 -7 -1 -24 25 -25 -27 -26 29 -29
right_child=1 -3 3 4 -6 7 -8 -9 10 -11 11 12 13 -15 20 16 -18 -19 19 -21 -22 -23 23 24 27 26 -28 28 -30 -31
leaf_value=5.6285882688968962e-05 -0.0093734221496811973 0.019242281337147175 0.024949683724726376 -0.003875551867083861 0.0034301237811589433 -0.0057941682954234163 -0.019415532410078283 0.020747196113849741 -0.0012057280133697479 -0.0016914922059740782 -0.022927109536755346 -0.016043135251675267 -0.0055474185105413203 0.018099540428203695 -0.0079063542813448042 0.040479201586409053 -0.0017888393998146059 -0.020057378036047645 0.0047169150516856466 -0.012198096887385917 0.002221499278377264 0.0047265440715770976 0.00043175407454597585 -0.0076741050250873537 -0.0020707825423133793 0.011549234545385713 -0.0029392775448062831 0.0068881364321187527 -0.00088709720147196486 -0.00062366093189385229
leaf_weight=47609 58 23 37 26 63 22 28 41 34 41 23 32 30 34 29 22 25 24 30 42 39 38 3506 360 1803 83 374 544 1483 695
leaf_count=47609 58 23 37 26 63 22 28 41 34 41 23 32 30 34 29 22 25 24 30 42 39 38 3506 360 1803 83 374 544 1483 695
internal_value=-2.38586e-12 0.00122008 0.000578423 0.00156007 -0.00323932 0.00270182 0.00101762 0.00893834 0.00267117 0.010946 0.000262832 -0.00497262 -0.000671026 0.00701503 0.00444417 0.00993613 0.0179962 -0.0116428 -1.44392e-05 -0.00515018 -0.00209773 0.00086895 -7.88956e-06 -0.000353202 -0.000868376 -0.00355371 -0.000307885 -0.000383532 0.000734069 0.0026745
internal_weight=57198 669 646 588 113 475 374 101 346 78 268 119 96 64 149 81 47 50 56529 72 68 60 56457 8848 5342 817 457 4525 2722 1239
internal_count=57198 669 646 588 113 475 374 101 346 78 268 119 96 64 149 81 47 50 56529 72 68 60 56457 8848 5342 817 457 4525 2722 1239
is_linear=0
shrinkage=0.05


Tree=170
num_leaves=31
num_cat=0
split_feature=0 2 4 0 0 4 6 9 0 4 5 4 5 2 9 4 8 4 5 11 3 2 4 5 3 4 0 0 9 4
split_gain=0.397217 0.473662 0.842129 0.427734 1.60391 2.78984 3.18247 3.58303 2.96788 1.98399 3.88825 2.07977 1.84712 1.82365 1.95887 1.75624 1.68394 7.85047 5.94298 4.97041 5.40729 4.77945 3.33958 5.80999 3.23491 3.11679 2.61829 2.47995 4.72217 3.24665
threshold=2.4700175506702986 1.2705592974474185 -0.20576765355688617 0.43202768883440962 0.30827873209710005 1.2156903491213902 1.0000000180025095e-35 -1.0493067027141429 0.35385035637129642 -0.18284091157820473 0.91441636237843227 -1.008203622810752 -0.73523310476190373 -0.39789905741627718 0.25006339628508761 0.20691370205938739 1.0816417019878375 -1.3062512685336163 0.33010122217555887 -0.7500292558394458 1.1592813222604847 0.6183313564187537 -0.61844900917316037 -0.89749154395743946 0.90626936441350303 0.25276718601675113 0.13473263118872361 -0.046811405019422853 0.050160304131359752 1.5595914788016185
decision_type=2 2 2 2 2 2 2 2 2 2 2 2 2 2 2 2 2 2 2 2 2 2 2 2 2 2 2 2 2 2
left_child=3 -2 -3 4 16 6 7 -6 9 10 11 -9 -10 -7 -15 -14 -1 18 -18 20 24 -22 23 26 -19 -24 -21 29 -29 -27
right_child=1 2 -4 -5 5 13 -8 8 12 -11 -12 -13 15 14 -16 -17 17 19 -20 22 21 -23 25 -25 -26 27 -28 28 -30 -31
leaf_value=-0.00010533377143186805 -0.00033496238262015676 -0.001771835670972775 -0.014034794146815936 0.00021382488537458421 0.0012481338006919607 0.0010779267654188202 0.00078104316876859061 -0.015543189689573224 0.0047454143573458377 -0.004687353619987047 -0.034533811573471344 0.0019579075153160377 -0.0061344614268461547 -0.0044227915853295692 -0.013387884355049479 0.0071312878023101281 -0.012161303447257426 0.0075234007671338698 0.00014311447867713692 0.0070397288294000914 0.032434506888354302 0.0073571328989744779 -0.0039662578022034729 0.00059781737812421103 -0.010344573855400087 0.0032828452679842719 0.018571647744004924 0.00045295893476577482 -0.011550140015532059 -0.0052211852053878835
leaf_weight=33043 101 42 21 17388 301 116 1637 58 65 76 21 24 229 345 74 28 185 109 209 274 38 38 360 501 33 1099 60 500 98 125
leaf_count=33043 101 42 21 17388 301 116 1637 58 65 76 21 24 229 345 74 28 185 109 209 274 38 38 360 501 33 1099 60 500 98 125
internal_value=1.16138e-12 -0.00245719 -0.00585949 7.06559e-06 -8.36152e-05 -0.00120037 -0.000483137 -0.00306352 -0.00565395 -0.0108154 -0.0153371 -0.0104209 -0.00278467 -0.00447014 -0.00600613 -0.00468917 6.95056e-06 0.00102933 -0.00563434 0.00184092 0.00913194 0.0198958 0.00131409 0.00400322 0.00337098 0.000285019 0.00911133 0.00112501 -0.0015141 0.00241438
internal_weight=57198 164 63 57034 39646 2974 2439 802 501 179 103 82 322 535 419 257 36672 3629 394 3235 218 76 3017 835 142 2182 334 1822 598 1224
internal_count=57198 164 63 57034 39646 2974 2439 802 501 179 103 82 322 535 419 257 36672 3629 394 3235 218 76 3017 835 142 2182 334 1822 598 1224
is_linear=0
shrinkage=0.05


Tree=171
num_leaves=31
num_cat=0
split_feature=5 8 4 5 4 4 4 2 5 0 1 0 0 1 0 4 5 0 2 5 2 5 4 4 5 2 2 1 0 1
split_gain=0.40222 1.39277 1.55137 3.56679 2.3303 2.78619 1.5149 2.15602 2.41673 1.70263 3.02621 1.39555 1.35752 1.46277 1.34495 1.33837 1.28768 1.67148 1.2628 1.2447 3.28496 1.23921 1.22282 3.3226 6.19269 14.2244 6.41185 6.05819 6.8301 7.50684
threshold=0.57739941913764026 -1.7049705869141294 -1.2833245265549345 0.91441636237843227 -1.0311303647894337 -0.38918158938634145 -0.57259552521579626 0.35474964385404345 1.4101165497556909 -0.34071309671953215 -0.80307164333574199 -0.76410449065143304 2.0936190745863663 3.5767933308216593 -0.47331132081955035 -1.4667384623843895 1.2994638957836848 -0.77375507822379019 1.1986533503478529 1.4779829372212656 -0.53009030437702231 0.9652358749025497 -0.022353717727431312 0.069353250187296225 1.3309652674966419 -0.39789905741627718 0.9797632844673233 1.9057463713989586 -0.94767540448987975 -0.69884413683131141
decision_type=2 2 2 2 2 2 2 2 2 2 2 2 2 2 2 2 2 2 2 2 2 2 2 2 2 2 2 2 2 2
left_child=-1 2 3 15 14 6 7 8 21 10 -8 19 22 -14 -4 -2 17 -5 -12 20 -7 -6 -3 24 26 -26 -24 28 29 -27
right_child=1 12 4 16 5 11 9 -9 -10 -11 18 -13 13 -15 -16 -17 -18 -19 -20 -21 -22 -23 23 -25 25 27 -28 -29 -30 -31
leaf_value=-9.4471801521660021e-05 0.0065483786961218968 -0.00038052580041437377 -0.0016017847008722491 -0.010262972989585251 0.0085787198762409395 0.021173686123694538 -0.00032880268073781876 -0.0037923903264762727 0.0013934163717148861 0.00088371731563592734 0.023613716236182622 -0.0011541928914282338 0.0096656006033698175 -0.0026500838653494914 -0.01060189719087091 0.021791603354116285 0.0053557341911711553 0.0034498667707666755 0.010754240930878692 -9.0864298420591504e-05 0.0027975310689985888 0.023352690667591311 0.0036622132164969424 0.00017775984404158347 0.00023208571604252365 0.013305244120281369 -0.013840094146603647 0.042949977972441253 -0.0023053795466143074 0.049359166604699571
leaf_weight=37938 24 9416 146 40 40 27 33 85 106 46 42 699 73 36 58 36 114 50 35 289 245 22 168 7040 190 42 76 27 33 22
leaf_count=37938 24 9416 146 40 40 27 33 85 106 46 42 699 73 36 58 36 114 50 35 289 245 22 168 7040 190 42 76 27 33 22
internal_value=8.84781e-13 0.000186089 0.00138965 0.00497798 0.000883879 0.00150046 0.00508614 0.00269667 0.00597982 0.00896138 0.0123393 0.000336543 3.58803e-05 0.00559804 -0.00416064 0.0156943 0.00182612 -0.00264473 0.0177685 0.00219398 0.00462163 0.0138211 2.46451e-07 0.000472127 0.00418601 0.00882927 -0.00178933 0.0220024 0.0161716 0.0256988
internal_weight=57198 19260 2137 264 1873 1669 409 253 168 156 110 1260 17123 109 204 60 204 90 77 561 272 62 17014 7598 558 314 244 124 97 64
internal_count=57198 19260 2137 264 1873 1669 409 253 168 156 110 1260 17123 109 204 60 204 90 77 561 272 62 17014 7598 558 314 244 124 97 64
is_linear=0
shrinkage=0.05


Tree=172
num_leaves=31
num_cat=0
split_feature=1 9 9 7 5 3 3 0 1 8 9 9 12 2 3 0 2 2 3 0 0 0 3 1 0 0 1 5 2 2
split_gain=0.391788 1.52204 2.53405 3.45155 2.36693 2.84775 2.25465 2.34747 2.24755 1.80294 3.19921 2.19829 3.98548 4.66785 3.27472 2.5719 2.25982 2.57648 2.1624 2.70473 1.95659 3.35084 1.84478 2.85707 1.68696 1.66502 1.5882 1.39353 1.30351 1.28559
threshold=-0.77694695667155833 -0.74945206448355139 0.050160304131359752 0.50726550913191959 -0.056344946134780353 -1.1785584707595622 -0.71909955657085944 -0.086155142069025567 -0.96657123206066975 -1.7049705869141294 1.0496757648999988 0.84977267274627111 -1.0477032008262543 -1.2036107711271551 -0.29760850495127505 -0.42168672253551637 0.14062825127466352 -0.51791263705686486 -0.69114958530195569 -0.58445645460119244 -0.30746073811321545 -0.47331132081955035 -0.43155915123900573 -0.8521019949866494 -0.70412592298491539 0.54568875044379339 -0.92810535747939704 -1.1735669212629918 -1.2036107711271551 -0.48127259464491445
decision_type=2 2 2 2 2 2 2 2 2 2 2 2 2 2 2 2 2 2 2 2 2 2 2 2 2 2 2 2 2 2
left_child=1 4 3 6 5 -1 7 -3 -9 10 20 12 18 22 -15 27 17 25 -11 -20 21 26 23 24 -14 -13 -4 -16 -5 -19
right_child=-2 2 9 28 -6 -7 -8 8 -10 11 -12 16 13 14 15 -17 -18 29 19 -21 -22 -23 -24 -25 -26 -27 -28 -29 -30 -31
leaf_value=0.004200984812709258 -6.7053860678847036e-05 0.0097043067906262687 -0.0021692333108065537 0.0084471782588440448 0.0027767516753465318 -0.0066094843288489191 0.0019562722857905429 -0.0064184143196110172 0.0065676506573933814 -0.0040412683391995953 0.0012972920178478545 -9.383294765438524e-05 0.014844673462242722 0.0030295713489598996 -0.0018457892484286154 0.0018901712137018257 0.011534350189357633 -0.015244730220486722 0.0069070286018852126 -0.0029111823479533935 -0.0084386201300878528 0.010619573461614589 0.001855081200067486 0.029131284356117251 0.0044736222877098178 0.0080207441591426242 -0.0089114221146875863 -0.0096685219282649504 -0.004049574734280921 -0.0037818415134769079
leaf_weight=76 45303 243 742 23 160 307 698 54 87 409 680 5161 76 1364 118 228 41 27 131 151 148 48 63 21 81 64 99 110 225 260
leaf_count=76 45303 243 742 23 160 307 698 54 87 409 680 5161 76 1364 118 228 41 27 131 151 148 48 63 21 81 64 99 110 225 260
internal_value=-1.06685e-13 0.00025538 0.000379078 0.00242973 -0.00233068 -0.00446433 0.00364918 0.0067264 0.00159426 0.00010694 -0.00136798 0.000411869 0.0015674 0.00266916 0.00180327 -0.00186487 -0.0001608 -0.000247792 -0.00171874 0.00164976 -0.0031157 -0.00222954 0.00920824 0.0118108 0.009494 5.56092e-06 -0.0029629 -0.00561991 -0.0028906 -0.00486023
internal_weight=57198 11895 11352 1330 543 383 1082 384 141 10022 1717 8305 2752 2061 1820 456 5553 5512 691 282 1037 889 241 178 157 5225 841 228 248 287
internal_count=57198 11895 11352 1330 543 383 1082 384 141 10022 1717 8305 2752 2061 1820 456 5553 5512 691 282 1037 889 241 178 157 5225 841 228 248 287
is_linear=0
shrinkage=0.05


Tree=173
num_leaves=31
num_cat=0
split_feature=5 8 4 5 4 4 3 0 0 5 2 4 4 2 4 0 1 5 0 8 1 0 2 3 1 2 4 0 0 4
split_gain=0.372366 1.22857 1.40191 3.22655 2.10132 2.51848 2.47911 2.09085 1.71928 1.3326 1.59008 1.32861 1.88756 3.69452 2.40347 2.62575 1.88283 1.30993 3.34267 2.70144 2.64801 2.61192 2.51522 2.28207 2.45776 5.61415 6.83837 2.90066 4.39444 3.12708
threshold=0.57739941913764026 -1.7049705869141294 -1.2833245265549345 0.91441636237843227 -1.0311303647894337 -0.38918158938634145 0.574537168345718 -0.016899023803696612 -0.34071309671953215 0.91441636237843227 1.1130214684400512 -0.022353717727431312 0.71130202559038891 1.1674330096945378 0.43618112184620622 -0.046811405019422853 1.5549020555960671 1.4312047935437753 -1.3768667146945477 0.21070812337056413 3.5767933308216593 -1.0773767449337168 -0.1519961067869898 2.8180227285006008 0.52768302763987862 1.0869807819940751 0.43618112184620622 -1.5143630514267346 -1.3418761623413336 0.20691370205938739
decision_type=2 2 2 2 2 2 2 2 2 2 2 2 2 2 2 2 2 2 2 2 2 2 2 2 2 2 2 2 2 2
left_child=-1 2 3 -2 -4 6 7 8 -6 -8 -11 -7 14 16 -13 -16 -14 18 19 -3 23 22 -20 24 25 -19 -27 29 -29 -26
right_child=1 17 4 -5 5 11 9 -9 -10 10 -12 12 13 -15 15 -17 -18 20 21 -21 -22 -23 -24 -25 27 26 -28 28 -30 -31
leaf_value=-9.0898271350010464e-05 0.014912950386812252 0.0094276204184793391 -0.0039616282218833251 0.0017227827270022212 0.0033374600390797607 -0.002596852374864587 0.0016900823296358187 0.017113757607611742 -0.0060666626588499646 0.020672585713592442 0.0074467108644386566 0.001292220483495857 0.0017646376571264747 -0.011866912547724718 0.0053397761714803257 0.022120369898696101 -0.0097213562351102251 -0.00051794594844638698 0.0051482169888913635 0.0018163885705824439 0.013604585239381501 0.0002686107215104154 -0.01051718780495671 0.010752802854403854 -0.024632709991982988 0.0024230274598954654 0.036978223733603953 0.01549865649307542 -0.0033678231790009085 -0.0055987440243947103
leaf_weight=37938 60 170 204 204 202 300 30 22 64 44 47 311 419 66 94 31 39 5723 34 371 33 9969 104 44 31 41 22 33 477 71
leaf_count=37938 60 170 204 204 202 300 30 22 64 44 47 311 419 66 94 31 39 5723 34 371 33 9969 104 44 31 41 22 33 477 71
internal_value=1.01571e-12 0.00017905 0.00130944 0.00472055 0.000828645 0.00141415 0.00482321 0.00230001 0.00107481 0.0108289 0.0138416 0.000307563 0.00121519 -0.000807187 0.00364576 0.00950136 0.000786573 3.79736e-05 0.000379001 0.00420809 -0.00052284 0.000174041 -0.0066576 -0.000595209 -0.000673251 -0.000354535 0.0144899 -0.00368647 -0.00214705 -0.0113836
internal_weight=57198 19260 2137 264 1873 1669 409 288 266 121 91 1260 960 524 436 125 458 17123 10648 541 6475 10107 138 6442 6398 5786 63 612 510 102
internal_count=57198 19260 2137 264 1873 1669 409 288 266 121 91 1260 960 524 436 125 458 17123 10648 541 6475 10107 138 6442 6398 5786 63 612 510 102
is_linear=0
shrinkage=0.05


Tree=174
num_leaves=31
num_cat=0
split_feature=1 3 2 2 4 2 3 1 4 1 2 4 3 7 9 4 4 2 4 7 7 1 3 4 4 4 4 3 1 9
split_gain=0.386868 1.58425 2.5399 2.13672 3.8839 1.98826 2.01967 1.88369 1.66761 1.23401 2.02355 1.96958 3.48306 2.47971 7.40311 9.0719 2.68334 2.52072 2.4713 3.73366 3.45197 2.86115 2.58454 3.77354 3.59317 2.51666 2.10547 2.0364 1.91983 1.88892
threshold=0.48717922383083972 1.4724410070425007 1.7072088707226738 -0.16448273647627729 0.092279992165977986 0.51310554050252599 1.7826364642023698 0.092024144701024116 -0.68722923510920564 1.1389860958439442 0.95895970768234806 -1.0999105907254794 0.60744545237918357 -0.74807555454224595 1.0000000180025095e-35 -0.15991416959952287 1.5137379948442546 0.82669988264460847 1.1698368651640265 -0.17418860646293408 -0.67566290470831769 1.224798292459931 0.82640195478867728 -0.41210833136502373 0.069353250187296225 -0.091133943663477338 0.25276718601675113 1.4372772728448771 1.8220646652369268 0.15011185020822368
decision_type=2 2 2 2 2 2 2 2 2 2 2 2 2 2 2 2 2 2 2 2 2 2 2 2 2 2 2 2 2 2
left_child=1 2 -1 4 -3 8 7 -7 -5 29 11 12 -11 14 27 -16 17 -17 19 21 -20 -15 25 -24 -25 -23 28 -13 -21 -2
right_child=9 3 -4 5 -6 6 -8 -9 -10 10 -12 13 -14 18 15 16 -18 -19 20 26 -22 22 23 24 -26 -27 -28 -29 -30 -31
leaf_value=5.823902268201805e-05 -0.00020315355475365341 0.02773710309217374 -0.017764121098443868 -0.013465015887881496 0.0013021174524593254 0.0027351064021112741 -0.00096079984121024613 0.020424715479534561 0.00041945221325333579 0.0050124180479479983 -0.00022737701120473789 0.0023579230028722455 -0.0059938533206361907 -0.020539696514606479 0.037639751148355362 0.020787986017070537 -0.0053313953462098395 0.0025698350407337249 0.02152772863440576 0.0025410235953497134 0.0035197084113841558 -0.017836062544956805 0.018919909957796337 -0.019423749173680942 0.0042708097750922512 -0.00036081715462435237 -0.0048698166259721429 -0.011431090507539921 0.013995433082745876 -0.0020057254469210083
leaf_weight=42617 5894 24 20 28 33 27 50 34 95 116 4823 164 189 28 34 43 28 34 31 428 188 45 25 24 48 38 89 32 40 1929
leaf_count=42617 5894 24 20 28 33 27 50 34 95 116 4823 164 189 28 34 43 28 34 31 428 188 45 25 24 48 38 89 32 40 1929
internal_value=8.513e-13 7.49727e-05 4.9879e-05 0.00375167 0.0124326 0.00163708 0.00648872 0.0125949 -0.00274124 -0.000225538 0.000286646 0.0018132 -0.00180786 0.00265053 0.00636607 0.0151923 0.00792361 0.0127436 0.00138558 4.48928e-05 0.00606879 -0.00567124 -0.00335837 0.00218378 -0.00362738 -0.00983535 0.00217946 0.000106655 0.00352003 -0.000647633
internal_weight=57198 42928 42637 291 57 234 111 61 123 14270 6447 1624 305 1319 335 139 105 77 984 765 219 208 180 97 72 83 557 196 468 7823
internal_count=57198 42928 42637 291 57 234 111 61 123 14270 6447 1624 305 1319 335 139 105 77 984 765 219 208 180 97 72 83 557 196 468 7823
is_linear=0
shrinkage=0.05


Tree=175
num_leaves=31
num_cat=0
split_feature=6 0 5 1 4 5 5 4 4 4 4 6 2 0 1 2 2 4 4 6 0 4 2 1 4 0 2 2 3 2
split_gain=0.391785 2.04412 2.35052 1.46704 1.19332 1.17824 4.16959 4.08149 5.95881 5.07185 3.7729 3.72999 3.70163 7.69395 3.01885 2.73863 2.72404 2.59062 4.81024 7.75504 10.186 3.75158 2.69701 2.6486 2.50082 2.39967 2.02348 1.99961 3.61421 1.77108
threshold=-0.50231995162864196 0.30827873209710005 1.1065214618131212 2.4152294704462594 0.16106021810202364 0.9652358749025497 1.1065214618131212 -1.2374710425975708 -0.34332810542897768 0.13813347612334176 -0.71015597708788747 -0.90990146219895396 0.68990076237583897 -0.046811405019422853 -0.043313848528141526 -0.17192784638767408 0.12941608497473236 -0.38918158938634145 -0.18284091157820473 -1.0557360505944642 -0.72824330367094159 -0.68722923510920564 -0.28911653168522861 -0.83355009413019043 -1.397958236448344 -0.88899551609493488 -1.2434798852983919 -0.234497971255194 0.62209703778924041 -0.4394730531892081
decision_type=2 2 2 2 2 2 2 2 2 2 2 2 2 2 2 2 2 2 2 2 2 2 2 2 2 2 2 2 2 2
left_child=1 3 -3 5 -5 14 7 -7 10 -10 11 -9 16 -14 15 -1 -11 21 19 20 22 -8 -19 -23 25 -17 -20 -25 -29 -16
right_child=-2 2 -4 4 -6 6 17 8 9 12 -12 -13 13 -15 29 24 -18 18 26 -21 -22 23 -24 27 -26 -27 -28 28 -30 -31
leaf_value=-0.00027265418760697867 0.00010740634084592984 -0.0053755305350616416 0.0065942989870351049 -0.016348226718604565 -0.0013189516961574555 -0.0037343154862214826 0.00014558173573509382 0.015825169247825847 -0.0041292381471526541 0.0040087748058054047 0.018998940702242492 -0.0057743734677276788 -0.0052628789952938902 0.022996284288444347 0.0017419722112599703 -0.02122008551727049 0.018542834995896557 0.0025441351161269404 0.011356665960487886 -0.0023608161404004529 -0.047802997737502059 0.0010454999248045191 -0.021039778866212479 0.014025303344647447 0.0019430451768410681 -0.0022938270355773709 -0.00041887964384902427 -0.0031426539062522352 0.011528787082157184 -0.0018546144456129299
leaf_weight=10571 34175 322 47 25 28 142 1444 39 176 54 111 41 108 31 379 20 80 27 37 225 24 213 22 102 2342 103 2605 74 97 3534
leaf_count=10571 34175 322 47 25 28 142 1444 39 176 54 111 41 108 31 379 20 80 27 37 225 24 213 22 102 2342 103 2605 74 97 3534
internal_value=2.44691e-12 -0.000159432 -0.00385092 -9.93036e-05 -0.00840823 -7.98189e-05 0.000545346 0.00393439 0.00563588 0.0024892 0.0130331 0.0047554 0.00675602 0.00103952 -0.000288293 7.73027e-05 0.0126858 1.15082e-06 -0.000933205 -0.00695516 -0.0211158 0.00142447 -0.00804456 0.0052243 0.00157807 -0.00537127 -0.000253969 0.00848468 0.00517974 -0.00150626
internal_weight=57198 23023 369 22654 53 22601 5652 782 640 449 191 80 273 139 16949 13036 134 4870 2940 298 73 1930 49 486 2465 123 2642 273 171 3913
internal_count=57198 23023 369 22654 53 22601 5652 782 640 449 191 80 273 139 16949 13036 134 4870 2940 298 73 1930 49 486 2465 123 2642 273 171 3913
is_linear=0
shrinkage=0.05


Tree=176
num_leaves=31
num_cat=0
split_feature=9 5 4 6 8 4 12 3 4 7 7 2 4 2 12 8 4 3 2 2 4 9 11 5 2 2 7 5 7 4
split_gain=0.38151 1.13728 1.16902 1.73775 1.60248 1.31342 1.1949 1.13184 1.10579 2.95919 0.94746 0.8487 0.729723 1.95825 0.725785 0.722259 1.19632 1.21838 0.710016 0.693526 0.629689 0.589487 3.30654 4.04616 7.19677 3.15245 3.96096 2.56126 3.68822 2.99204
threshold=-1.4491128870215986 0.073269764555773567 0.66544854163302503 1.0000000180025095e-35 0.38174988366425283 -0.96235013885338849 1.0398297212233845 0.1917146394128795 1.3303240590147996 0.50726550913191959 -0.44313593596502393 0.31409425989365047 -0.71015597708788747 0.75257080101831342 -1.0477032008262543 -0.99042967103748658 -0.71015597708788747 -0.18845493084082865 -0.73913258749994948 0.17823190586713547 -1.0769838487467975 -0.54954897232982358 1.0000000180025095e-35 -0.49995351371076774 0.3973120311132336 -0.41836189969136378 -0.9109402413522435 -0.24956724947920125 -0.17418860646293408 0.71130202559038891
decision_type=2 2 2 2 2 2 2 2 2 2 2 2 2 2 2 2 2 2 2 2 2 2 2 2 2 2 2 2 2 2
left_child=1 2 3 5 11 6 -1 -7 14 10 -10 20 13 -6 -4 16 -3 -18 -8 -12 -5 22 23 24 -2 -24 -27 28 -28 -29
right_child=21 15 8 4 12 7 18 -9 9 -11 19 -13 -14 -15 -16 -17 17 -19 -20 -21 -22 -23 25 -25 -26 26 27 29 -30 -31
leaf_value=0.00017614689045445292 -0.0014015476022649987 -0.0099074530697959885 -0.0049750268025001371 0.0076948130408709403 0.013979595081800203 0.0027569044976620003 -0.0039704191552100742 -0.0034163846715426684 0.0010825552774724656 -0.0070920333530838514 0.01003159022758094 -0.00083509989201307425 0.0036462532942962188 0.0034482164557761586 -0.00077793434912975157 -0.00031891678922584883 0.0059706117140083783 -0.0044103072584570887 -0.012720868395020566 0.0034878926156951904 0.0021410609255932893 7.4412787114722676e-05 0.0051186192753300309 -0.00028677182070005095 -0.0095107163899538529 -0.0056760571847310837 0.0054587604350418845 0.0023356036844903827 0.00021315638534231699 -0.0020278737162572444
leaf_weight=199 1625 56 130 64 81 448 102 89 160 77 75 210 168 97 496 752 41 91 30 88 252 37498 418 10382 329 240 618 645 732 1005
leaf_count=199 1625 56 130 64 81 448 102 89 160 77 75 210 168 97 496 752 41 91 30 88 252 37498 418 10382 329 240 618 645 732 1005
internal_value=1.90883e-13 0.000490596 0.00100121 0.00179053 0.00336702 0.000206774 -0.00227056 0.00173377 -0.00033741 0.00171607 0.00381583 0.0016286 0.00600981 0.00824059 -0.00164954 -0.0010119 -0.00378383 -0.00118593 -0.00595916 0.0064988 0.00326587 -3.39892e-05 -0.000288138 -0.000679621 -0.00276691 0.00103207 0.000504859 0.000999332 0.00261448 -0.000322151
internal_weight=57198 3706 2766 1740 872 868 331 537 1026 400 323 526 346 178 626 940 188 132 132 163 316 53492 15994 12336 1954 3658 3240 3000 1350 1650
internal_count=57198 3706 2766 1740 872 868 331 537 1026 400 323 526 346 178 626 940 188 132 132 163 316 53492 15994 12336 1954 3658 3240 3000 1350 1650
is_linear=0
shrinkage=0.05


Tree=177
num_leaves=31
num_cat=0
split_feature=3 12 3 7 4 2 7 4 4 4 0 0 0 0 4 12 0 4 4 4 5 2 3 2 2 4 5 0 8 0
split_gain=0.37383 1.28806 2.41424 4.00888 3.74066 5.13497 3.68829 3.20008 3.13513 2.96349 3.11591 2.94883 2.70544 2.65489 2.78606 2.22294 2.1724 3.17783 2.09825 2.68544 4.19619 4.89349 8.99223 9.80775 5.59517 3.9591 5.53899 6.19365 3.71188 3.64831
threshold=0.8897524757707046 -0.35185889347637506 1.2855968839227649 -0.67566290470831769 -0.228694395535568 1.0406477933639302 -0.080597219688208724 -0.32040136345029535 -0.59552226719447854 0.20691370205938739 0.39886033517657976 -1.5143630514267346 0.23804502183376877 0.046763703059737642 1.3761775429721637 1.0398297212233845 0.32213540752312358 -1.1228373327041614 0.71130202559038891 -0.71015597708788747 0.57739941913764026 0.94152042192963503 1.5767137871784713 0.44896836689514236 0.30365765512944148 0.41325437986752434 1.4312047935437753 -0.13280897003702882 0.74730582097220966 1.2079298665622893
decision_type=2 2 2 2 2 2 2 2 2 2 2 2 2 2 2 2 2 2 2 2 2 2 2 2 2 2 2 2 2 2
left_child=-1 18 15 11 5 6 8 -7 -5 -6 -11 -4 -8 14 -13 -3 17 -15 19 28 -21 22 24 -24 -22 -23 -27 -28 29 -2
right_child=1 2 3 4 9 7 12 -9 -10 10 -12 13 -14 16 -16 -17 -18 -19 -20 20 21 25 23 -25 -26 26 27 -29 -30 -31
leaf_value=5.8166165733331307e-05 -0.0082850318270193749 -0.0031517103201546843 -0.021897640569216531 0.012126386196662982 -0.004168272125844941 0.0018447039527710336 0.0012275361065643238 -0.018774885972961786 0.033962163746356966 0.0022917544628933244 -0.0078721556373195552 -0.002374535992307818 0.015241079104061313 0.0032137532636674275 0.014953778969014392 0.0010919359440204226 0.0006103815443470683 -0.013483176032088756 -0.0016051393220950932 -0.00079564461416113056 -0.004194160986363011 0.00064974740239251601 0.041907039345741005 0.0097133241772447559 0.0094122454214512433 0.00080075624456073637 0.02939202317588473 0.0030545268616661795 0.0024516780395379204 -0.0010863593218411554
leaf_weight=47386 245 1493 23 48 364 318 102 20 25 737 84 73 52 37 34 389 76 124 1267 1246 136 1355 35 73 170 114 49 41 457 625
leaf_count=47386 245 1493 23 48 364 318 102 20 25 737 84 73 52 37 34 389 76 124 1267 1246 136 1355 35 73 170 114 49 41 457 625
internal_value=-4.63025e-13 -0.000280907 -0.000971598 0.000186736 0.00118314 0.00453094 0.0103474 0.00062461 0.0196044 -0.000413071 0.00125184 -0.00456451 0.00595938 -0.00340561 0.00313166 -0.00227457 -0.00635703 -0.00964599 0.000194247 0.000695748 0.00147601 0.00291061 0.00774274 0.0201465 0.00336495 0.00162741 0.00812123 0.0173938 -0.00119698 -0.00311357
internal_weight=57198 9812 3999 2117 1750 565 227 338 73 1185 821 367 154 344 107 1882 237 161 5813 4546 3219 1973 414 108 306 1559 204 90 1327 870
internal_count=57198 9812 3999 2117 1750 565 227 338 73 1185 821 367 154 344 107 1882 237 161 5813 4546 3219 1973 414 108 306 1559 204 90 1327 870
is_linear=0
shrinkage=0.05


Tree=178
num_leaves=31
num_cat=0
split_feature=0 6 2 4 5 1 2 4 5 3 1 0 0 3 0 7 3 4 4 2 3 6 5 1 1 1 5 0 6 4
split_gain=0.375611 1.05868 1.59897 1.71277 2.65813 1.26731 1.58112 1.57075 2.87955 1.45282 0.830654 0.610806 3.0723 5.26922 3.0987 2.40809 2.78608 4.86574 3.2774 2.24168 4.61477 4.04007 3.21187 2.50813 5.14015 2.90955 1.87313 1.51212 2.67908 1.732
threshold=-1.9518562126726928 -0.88889511337147242 -0.76737821627910929 0.16106021810202364 1.4312047935437753 0.11290302876723111 0.88138151009387689 0.16106021810202364 1.4495693291702281 0.87136745916807712 -0.39883502079613026 -1.3418761623413336 -1.1511588724903166 -0.17907257356197429 -1.2489350094155733 1.0000000180025095e-35 -1.2192874682360275 -0.43503507334370556 -0.18284091157820473 0.078021813504588602 1.0098923969301572 1.0000000180025095e-35 1.4495693291702281 -0.48602017104070494 -0.66019721636105388 -0.89657038124661204 1.4651726809124612 -1.5143630514267346 -0.88889511337147242 0.66544854163302503
decision_type=2 2 2 2 2 2 2 2 2 2 2 2 2 2 2 2 2 2 2 2 2 2 2 2 2 2 2 2 2 2
left_child=1 5 -3 4 -4 6 9 -7 -9 -1 -11 19 13 15 -15 -13 -17 -18 -19 20 -2 23 -22 24 25 -21 27 29 -29 -25
right_child=11 2 3 -5 -6 7 -8 8 -10 10 -12 12 -14 14 -16 16 17 18 -20 21 22 -23 -24 26 -26 -27 -28 28 -30 -31
leaf_value=-0.00082819951579625548 0.00036160545967800744 0.0011527285829288304 -0.0033853990530284743 -0.0020509502304033663 -0.026681346212513748 -0.0035721431625725312 -0.010907240156587717 0.0018290489304086403 0.025126514286689817 0.013250092628957898 0.0014773982776058537 0.00023511147184320042 4.327746246642598e-05 -0.0017143894669951554 -0.01323461665366716 -0.00161299485008072 0.0036163832772419685 -0.026086540383343793 -0.0024776088206895763 0.013446006067097189 -0.0046366609244917834 0.012124173707879065 -0.02965044293197848 0.0026346398668996456 0.028932624294733006 -0.01320109037416322 0.0094364598231471107 -0.021773123579180761 -0.0013957975674808647 -0.0068814688969371582
leaf_weight=1069 3601 72 24 49 25 31 37 36 21 29 31 1051 49901 94 154 244 36 49 21 20 33 110 21 209 24 21 46 23 54 62
leaf_count=1069 3601 72 24 49 25 31 37 36 21 29 31 1051 49901 94 154 244 36 49 21 20 33 110 21 209 24 21 46 23 54 62
internal_value=7.65385e-13 -0.000801881 -0.00450461 -0.00866102 -0.0152711 -0.000299916 -0.000736588 0.00548598 0.0104123 -0.000403271 0.00716753 2.04733e-05 -2.68913e-05 -0.00215029 -0.00886808 -0.000961134 -0.00455329 -0.0113215 -0.0190039 0.000598514 0.000144042 0.00351784 -0.0143642 0.00145532 0.0105551 -0.000202507 -4.59114e-05 -0.00129933 -0.00748253 0.000457523
internal_weight=57198 1424 170 98 49 1254 1166 88 57 1129 60 55774 51550 1649 248 1401 350 106 70 4224 3655 569 54 459 65 41 394 348 77 271
internal_count=57198 1424 170 98 49 1254 1166 88 57 1129 60 55774 51550 1649 248 1401 350 106 70 4224 3655 569 54 459 65 41 394 348 77 271
is_linear=0
shrinkage=0.05


Tree=179
num_leaves=31
num_cat=0
split_feature=4 9 2 7 6 9 4 9 3 7 9 3 3 3 3 1 8 8 3 7 2 7 4 5 3 1 4 1 2 7
split_gain=0.372337 1.76589 3.55279 5.95246 3.54405 3.26771 3.61314 5.37818 3.00809 2.75387 3.3355 2.5961 2.37721 2.33465 2.29847 2.85476 3.91383 2.26063 3.09978 2.47656 2.04492 2.15923 1.96362 1.78265 3.63643 2.16677 1.9309 1.73297 1.97149 1.88221
threshold=1.3991042849508457 0.84977267274627111 0.078021813504588602 -0.74807555454224595 -0.90990146219895396 -0.14974278802236804 1.490811252865573 0.64986958059254329 2.1013061194939193 -0.9109402413522435 -0.64950051840668743 0.99269473000008912 -0.19753229667287298 -1.5103905497264167 0.090189930100993895 2.1514073801717424 -1.7049705869141294 0.74730582097220966 1.2593885293927383 -0.080597219688208724 -1.1503283976574983 1.0000000180025095e-35 1.5825182207803004 -0.056344946134780353 0.39769058342379765 -0.70670939617242767 1.5366647368229367 1.2547072608373124 1.7072088707226738 -0.67566290470831769
decision_type=2 2 2 2 2 2 2 2 2 2 2 2 2 2 2 2 2 2 2 2 2 2 2 2 2 2 2 2 2 2
left_child=-1 2 3 23 -5 9 7 8 14 10 -4 -3 13 -6 -7 16 -16 18 19 -18 22 -22 -15 24 25 -2 -25 29 -29 -8
right_child=1 11 5 4 12 6 27 -9 -10 -11 -12 -13 -14 20 15 -17 17 -19 -20 -21 21 -23 -24 26 -26 -27 -28 28 -30 -31
leaf_value=-4.6443820073388465e-05 -0.0024508878676774534 -0.00083512422466504451 -0.0032136275862588571 -0.0025709748168990607 -0.010970684295656005 -0.0092495673907078101 0.0058181076721647764 -0.011864660805763885 0.021359496630029756 -0.0010349761446849025 -0.020107516617558541 -0.012337077416333497 0.00014107713720378751 0.025737276114523411 -0.0060139382071793084 -0.0050400824738400327 0.020773221026448643 0.0063929788921664038 0.030968608628168248 0.00027371068359710848 0.00050567877624416722 0.0063918442560331528 0.0063324904127512131 0.013329650124069304 0.029910464478995313 0.010763361160813173 -0.0011771499773596678 -0.0068678642923047156 0.00080921071517291415 -0.00041921607182392813
leaf_weight=50504 37 1289 96 475 24 21 193 36 40 1862 42 51 608 22 30 35 34 63 33 26 254 403 32 32 22 192 81 154 183 324
leaf_count=50504 37 1289 96 475 24 21 193 36 40 1862 42 51 608 22 30 35 34 63 33 26 254 403 32 32 22 192 81 154 183 324
internal_value=6.14851e-13 0.000350403 0.00075668 0.00230962 0.00114108 -0.000311579 0.00178483 0.00633433 0.00865761 -0.00154007 -0.00835525 -0.00127289 0.00245398 0.00436724 0.00655812 0.00806021 0.0105253 0.0137059 0.0186599 0.0118901 0.00488497 0.00411622 0.0142381 0.00814591 0.0104937 0.00862831 0.00293097 9.07532e-05 -0.00269901 0.00190922
internal_weight=57198 6694 5354 2182 1818 3172 1172 318 282 2000 138 1340 1343 735 242 221 186 156 93 60 711 657 54 364 251 229 113 854 337 517
internal_count=57198 6694 5354 2182 1818 3172 1172 318 282 2000 138 1340 1343 735 242 221 186 156 93 60 711 657 54 364 251 229 113 854 337 517
is_linear=0
shrinkage=0.05


Tree=180
num_leaves=31
num_cat=0
split_feature=1 4 9 7 2 0 9 5 5 6 2 4 5 0 7 3 8 2 2 3 1 8 9 2 2 3 0 2 1 5
split_gain=0.369439 1.4721 3.46331 3.21787 2.899 1.78462 1.49887 2.7107 1.45069 1.44094 1.20771 1.41252 1.24725 1.19777 1.12938 1.52341 3.00017 1.69312 1.09205 1.08374 1.51023 2.50365 1.69881 1.54363 1.06543 1.0474 1.02582 1.03065 0.986237 1.37613
threshold=-0.77694695667155833 -1.1457640746828435 0.54991803451567944 0.50726550913191959 -0.73913258749994948 0.91769187452946521 -0.74945206448355139 0.073269764555773567 -0.89749154395743946 -0.90990146219895396 -1.3571228214233415 -1.3750314944696622 -0.12103222127716169 -0.51916570666827677 -0.44313593596502393 -0.82023935861459629 0.38174988366425283 -0.80617916060238481 0.89946683251028248 -1.2192874682360275 -0.55290001416714196 -0.99042967103748658 -0.44959742625295968 -0.024872320707465572 -0.51791263705686486 -0.80878427366815775 -0.30746073811321545 -0.54891660509076456 -0.10969324223854617 -0.73523310476190373
decision_type=2 2 2 2 2 2 2 2 2 2 2 2 2 2 2 2 2 2 2 2 2 2 2 2 2 2 2 2 2 2
left_child=1 2 3 4 8 6 7 24 9 -1 11 -2 25 -5 15 -4 -17 -18 -8 20 22 -22 -12 26 -3 -13 -24 -28 -23 -30
right_child=10 5 14 13 -6 -7 18 -9 -10 -11 19 12 -14 -15 -16 16 17 -19 -20 -21 21 28 23 -25 -26 -27 27 -29 29 -31
leaf_value=-0.0036243075644291061 0.008312529786711648 -0.0036500948313308379 0.00053410473282385681 0.0089229174256615813 0.013935622637106 0.0081947363489730789 0.00011173569954377763 0.0028702587454402543 0.0085492643237023644 0.0057993567973206725 0.010895354776746698 -0.0028101638845626766 0.0033747181463916081 -0.0032417881719916048 -0.00092031624491163743 0.020625836119676631 -0.0036805925753844136 0.0098758377458060369 -0.0077837400307709526 -3.873563881995219e-06 -0.010918260476252216 -0.0024592095956288609 -0.0011987578505892578 -0.013283761927265337 -0.01021841259143612 -0.011333823049715601 0.0018070938745619392 0.012701172836124897 0.012539156636706107 -0.0037406578436493874
leaf_weight=76 21 192 411 24 114 66 9399 134 126 87 36 67 33 129 879 30 51 42 44 43690 87 614 413 22 91 78 165 25 27 25
leaf_count=76 21 192 411 24 114 66 9399 134 126 87 36 67 33 129 879 30 51 42 44 43690 87 614 413 22 91 78 165 25 27 25
internal_value=1.80375e-12 0.000247989 0.00149687 0.00483979 0.00718354 2.51138e-07 -5.46004e-05 -0.0029882 0.00452008 0.0014055 -6.51133e-05 -0.00395171 -0.00539862 -0.0013336 0.000181464 0.00199507 0.00687683 0.00244167 7.49464e-05 -4.79655e-05 -0.00141033 -0.0029413 0.000333741 -0.000274608 -0.00576217 -0.0073953 0.000200021 0.00324053 -0.00189927 0.00471232
internal_weight=57198 11895 1969 556 403 9926 9860 417 289 163 45303 199 178 153 1413 534 123 93 9443 45104 1414 753 661 625 283 145 603 190 666 52
internal_count=57198 11895 1969 556 403 9926 9860 417 289 163 45303 199 178 153 1413 534 123 93 9443 45104 1414 753 661 625 283 145 603 190 666 52
is_linear=0
shrinkage=0.05


Tree=181
num_leaves=31
num_cat=0
split_feature=5 0 4 2 0 0 7 0 2 6 1 4 7 5 8 2 0 5 3 0 8 2 0 0 0 6 8 1 8 4
split_gain=0.367133 2.29164 1.84162 2.86017 3.98726 3.10615 3.99323 4.41352 2.81946 2.62659 3.41658 2.4954 2.82808 2.30392 2.95938 2.36619 2.2641 4.67764 3.42991 3.31226 2.22916 4.41834 2.43092 2.08534 3.37107 3.11348 2.35087 2.11635 2.04684 2.03979
threshold=0.39311345010046078 2.1320600998353485 1.4220310269295273 0.29273615624647914 -0.38186583422727055 -0.67278519522355096 -0.74807555454224595 -0.42168672253551637 -1.1759367762622512 0.046773696581961052 0.50043343579741673 1.1698368651640265 1.707859523614377 -1.0444571093634523 1.0816417019878375 -0.58861415469348921 -0.034422802423110486 -0.89749154395743946 0.048889350752068447 -0.227181227882883 -0.25919494664649734 0.75257080101831342 0.85193346645677892 -0.50602041693412869 -0.72824330367094159 -0.88889511337147242 -0.99042967103748658 -0.89657038124661204 0.74730582097220966 -1.2833245265549345
decision_type=2 2 2 2 2 2 2 2 2 2 2 2 2 2 2 2 2 2 2 2 2 2 2 2 2 2 2 2 2 2
left_child=2 -2 11 5 -5 -4 7 -7 -8 10 -6 20 16 14 -10 -16 19 28 -19 23 21 22 -1 24 25 -13 -26 -28 -18 -22
right_child=1 -3 3 4 9 6 8 -9 13 -11 -12 12 -14 -15 15 -17 17 18 -20 -21 29 -23 -24 -25 26 -27 27 -29 -30 -31
leaf_value=-0.00051524216443357197 0.00012272652309582369 0.0069668533951063013 -0.0016527969597074346 0.013199637572027065 -0.0045252956307353645 0.024464092317170331 0.014216682430758904 0.0056983314738914053 0.00028236843374666859 -0.00029971852977229117 -0.024268350345664658 -0.0072807338022917722 0.0033247081413477035 0.0025348900442089192 -0.002708084995820358 -0.019459255955911973 -0.0063004519582792393 0.0040576300450166775 -0.0040295664863371026 0.0033444828568252889 -0.0010856273495938554 -0.0085324819629632107 -0.0090621229155831758 -0.0067257959050577429 -0.0040096163757587389 0.0030178632490181676 0.01345772296496618 0.0007754919672591094 -0.015159624983955709 0.00038366070411337678
leaf_weight=8679 21695 123 524 44 252 35 44 299 412 570 24 229 240 1268 49 37 172 176 514 329 2722 179 84 223 59 108 76 58 105 17869
leaf_count=8679 21695 123 524 44 252 35 44 299 412 570 24 229 240 1268 49 37 172 176 514 329 2722 179 84 223 59 108 76 58 105 17869
internal_value=1.51442e-12 0.000161311 -9.94764e-05 0.000979351 -0.00147514 0.00179813 0.00264154 0.0076648 0.0017146 -0.00223836 -0.00624208 -0.000220099 -0.0018105 0.00140311 -0.00147862 -0.00991498 -0.00241199 -0.00417011 -0.00196675 -0.000840738 -9.68328e-05 -0.000756019 -0.00059717 -0.00266934 -0.000962567 -0.00398029 0.00430673 0.0079684 -0.00965862 0.00018943
internal_weight=57198 21818 35380 3558 890 2668 2144 334 1810 846 276 31822 2289 1766 498 86 2049 967 690 1082 29533 8942 8763 753 530 337 193 134 277 20591
internal_count=57198 21818 35380 3558 890 2668 2144 334 1810 846 276 31822 2289 1766 498 86 2049 967 690 1082 29533 8942 8763 753 530 337 193 134 277 20591
is_linear=0
shrinkage=0.05


Tree=182
num_leaves=31
num_cat=0
split_feature=3 1 5 12 5 12 5 7 5 0 0 4 5 4 5 1 3 4 7 1 1 4 0 0 3 11 4 6 0 0
split_gain=0.35908 1.47116 3.54256 2.00611 1.27989 1.18709 2.40679 2.64511 4.26892 3.23409 3.8682 7.01277 4.55824 2.82256 2.51751 2.38445 3.03848 3.49865 3.80918 3.2863 2.56508 2.44709 2.87827 5.2276 3.19469 2.71983 2.24647 5.33918 7.13709 2.93648
threshold=0.90626936441350303 2.1514073801717424 1.3309652674966419 -1.0477032008262543 1.4779829372212656 -0.35185889347637506 0.69515041704156832 -0.67566290470831769 1.4495693291702281 0.046763703059737642 0.30227715048109216 -0.52674204125843294 1.1495863065883827 1.3532508009934816 1.0142561076130823 0.25704084222469131 1.374370791781051 -0.228694395535568 -0.080597219688208724 2.8232239291283161 0.81287188115710862 0.20691370205938739 -0.046811405019422853 0.079472219010005132 2.3101830369618326 -1.4819493799609287 -0.15991416959952287 0.046773696581961052 0.28962790991997789 0.086945391326719121
decision_type=2 2 2 2 2 2 2 2 2 2 2 2 2 2 2 2 2 2 2 2 2 2 2 2 2 2 2 2 2 2
left_child=1 -1 3 -3 5 -2 -7 8 9 13 11 -11 -13 -8 -15 -9 26 20 -19 21 -18 -20 25 -24 -25 -23 27 28 29 -17
right_child=4 2 -4 -5 -6 6 7 15 -10 10 -12 12 -14 14 -16 16 17 18 19 -21 -22 22 23 24 -26 -27 -28 -29 -30 -31
leaf_value=7.2261792797542016e-05 0.00022506637210017969 -0.0098634107931944975 -0.017202869389161823 0.0042444615807572875 -0.0080276002702171449 -0.004593837699673288 -0.00074769630548577031 0.0042936091941332046 -0.026085052154958252 0.00077455228202836179 0.00075479099629759041 -0.011334162470441134 -0.032736067479896928 -0.00047717751003801824 0.022581782978798811 -0.0011807539054390157 0.011806080117180876 -0.0063470831774973778 -0.0026070013244660867 -0.009570975428505336 0.002723387706461208 -0.013872764143161477 0.029097895100022909 0.0084645223970782318 -0.0093895515737434238 0.0024505769933728773 0.00019107057086533406 -0.011229942806116281 -0.023156005478299716 0.010521902031814535
leaf_weight=47451 5665 37 42 79 53 398 142 313 20 113 179 126 31 20 29 330 109 207 190 64 271 28 27 152 30 288 515 191 34 64
leaf_count=47451 5665 37 42 79 53 398 142 313 20 113 179 126 31 20 29 330 109 207 190 64 271 28 27 152 30 288 515 191 34 64
internal_value=-1.06218e-12 5.62234e-05 -0.00476047 -0.000255463 -0.000279147 -0.000236082 -0.000910948 -0.000488895 -0.00333763 -0.00262677 -0.00494497 -0.0087237 -0.01556 0.0028228 0.01317 0.00017949 -0.000335598 0.00125262 -0.000318282 0.00128372 0.00532869 0.00225533 0.00401503 0.00856729 0.00552154 0.0010042 -0.00224874 -0.00427863 -0.00117652 0.000720185
internal_weight=57198 47609 158 116 9589 9536 3871 3473 660 640 449 270 157 191 49 2813 2500 1366 986 779 380 715 525 209 182 316 1134 619 428 394
internal_count=57198 47609 158 116 9589 9536 3871 3473 660 640 449 270 157 191 49 2813 2500 1366 986 779 380 715 525 209 182 316 1134 619 428 394
is_linear=0
shrinkage=0.05


Tree=183
num_leaves=31
num_cat=0
split_feature=6 0 5 1 5 5 4 4 4 0 2 4 6 1 4 2 4 4 5 2 4 1 4 0 2 3 1 0 4 4
split_gain=0.382305 1.73763 2.08978 1.26204 1.04419 3.61291 3.6136 5.47681 4.46425 4.13405 6.68612 3.3981 3.36978 2.71439 2.44584 2.35399 2.31549 4.41092 3.92266 8.07295 3.36007 2.36703 2.15297 2.05077 1.84401 3.68544 1.73776 1.83879 1.71376 2.77583
threshold=-0.50231995162864196 0.30827873209710005 1.1065214618131212 2.4152294704462594 0.9652358749025497 1.1065214618131212 -1.2374710425975708 -0.34332810542897768 0.32154741195279685 -0.076729895149008923 0.68990076237583897 -0.71015597708788747 -0.90990146219895396 -0.043313848528141526 1.5595914788016185 -0.17192784638767408 -0.38918158938634145 -0.11406068564215872 1.2291569272765577 0.14062825127466352 -0.68722923510920564 -0.83355009413019043 -1.397958236448344 -0.88899551609493488 -0.21501683374922734 0.62209703778924041 1.0233638822980564 -0.034422802423110486 -1.3521047524909802 -0.43503507334370556
decision_type=2 2 2 2 2 2 2 2 2 2 2 2 2 2 2 2 2 2 2 2 2 2 2 2 2 2 2 2 2 2
left_child=1 3 -3 4 13 6 -6 11 -9 10 14 12 -8 15 -10 28 20 18 19 -18 26 -22 23 -17 -23 -26 27 -7 -1 -30
right_child=-2 2 -4 -5 5 16 7 8 9 -11 -12 -13 -14 -15 -16 22 17 -19 -20 -21 21 24 -24 -25 25 -27 -28 -29 29 -31
leaf_value=0.0017137012785487949 0.00010609898313709383 -0.0049985736473199555 0.0062878616884885791 -0.0078085941486587792 -0.0035565175090237645 -0.0005104243000723694 0.0150178845709142 -0.003498479102292144 0.016078616694256198 0.028398677903460342 -0.0045973362528525718 0.01801374841246519 -0.0055122347134051895 -0.0014351556430049366 -0.00019915916568910084 -0.019641531868837776 -0.033434823791363415 -8.1585541293648534e-05 -0.0025799001029346716 -0.0049511732497025118 0.00098924775513740569 0.013101161975754184 0.0017964661681003566 -0.0021451798754233363 -0.0041169214522043425 0.011032508783197652 0.0073919871335443206 0.014400011850964456 -0.0016665304348912364 0.00013903397926193125
leaf_weight=998 34175 322 47 53 142 1345 39 193 100 20 106 111 41 3913 30 20 35 2508 311 86 213 108 2342 103 69 96 78 21 3195 6378
leaf_count=998 34175 322 47 53 142 1345 39 193 100 20 106 111 41 3913 30 20 35 2508 311 86 213 108 2342 103 69 96 78 21 3195 6378
internal_value=2.86226e-12 -0.000157492 -0.00356101 -0.000102054 -8.39815e-05 0.000504545 0.00365925 0.00526025 0.00224351 0.00657243 0.00472275 0.0123519 0.0044962 -0.000280238 0.0123222 6.6432e-05 -2.02097e-06 -0.000885369 -0.00555178 -0.0131902 0.0013436 0.00493969 0.00145783 -0.00499012 0.0080219 0.00469729 0.000133279 -0.000281201 -0.00025802 -0.000463575
internal_weight=57198 23023 369 22654 22601 5652 782 640 449 256 236 191 80 16949 130 13036 4870 2940 432 121 1930 486 2465 123 273 165 1444 1366 10571 9573
internal_count=57198 23023 369 22654 22601 5652 782 640 449 256 236 191 80 16949 130 13036 4870 2940 432 121 1930 486 2465 123 273 165 1444 1366 10571 9573
is_linear=0
shrinkage=0.05


Tree=184
num_leaves=31
num_cat=0
split_feature=9 0 0 4 0 4 2 4 4 4 2 4 6 2 0 1 3 2 1 2 4 2 7 0 0 4 4 0 0 4
split_gain=0.361416 1.25185 1.57267 1.78081 1.3786 1.35734 1.25318 1.08743 1.07561 1.0214 0.768552 0.744166 1.09319 0.995887 0.893872 0.87253 0.668869 0.657621 0.645007 0.962166 0.656989 0.630826 1.05502 1.41143 0.77954 1.24767 1.07909 0.608611 0.594076 0.585024
threshold=-1.4491128870215986 2.0936190745863663 -0.046811405019422853 -0.75600946104525135 0.018766739333797907 -0.82478968698129729 0.027653295738949001 -1.2833245265549345 1.5595914788016185 1.2844705750574359 -0.68398315185772407 1.3991042849508457 0.046773696581961052 0.19929324241580956 1.2711646930971334 -0.3910926404215464 -0.15292512424340945 -0.18068678752093964 0.17050709530551725 0.20843090722836591 0.89471596141984389 1.0166605730263127 -0.17418860646293408 0.99954702019062769 0.59010491522874431 -1.1686908166615251 -1.214544300618889 0.72882117718410278 -0.15642271830724117 -1.214544300618889
decision_type=2 2 2 2 2 2 2 2 2 2 2 2 2 2 2 2 2 2 2 2 2 2 2 2 2 2 2 2 2 2
left_child=1 2 5 6 -5 17 7 -4 16 29 -6 14 -13 -14 15 -12 28 -1 19 -17 27 22 23 -8 25 -24 -26 -20 -7 -3
right_child=-2 9 3 4 10 8 21 -9 -10 -11 11 12 13 -15 -16 18 -18 -19 20 -21 -22 -23 24 -25 26 -27 -28 -29 -30 -31
leaf_value=-0.0028380676969476234 -3.3081986260493471e-05 -0.0075374376799525883 0.018196337083354591 0.0058730565640351942 0.0058414900413992117 0.0012834664660018669 0.0092450799782425284 0.0057645684546290274 -0.0057551791039066194 -0.0090725312824361023 0.0023572820158680413 -0.00090584285910288737 0.013310750177310361 0.0031438256883659591 0.001668888394444191 -0.0020651651531940654 -0.0018294955627243326 -0.010275695911100642 0.0020767269095533546 -0.0084187734845128457 -0.0034034904942881051 -0.00073377707518655091 0.0034736021509807974 0.00092366691541606464 -0.0023479751882735981 -0.0048752997043245644 0.012037019891431557 -0.0021432658070939243 0.0069557605060533842 0.00036954586164427398
leaf_weight=299 53492 29 20 112 57 411 123 146 66 56 137 135 31 108 332 218 160 33 208 82 175 130 90 87 22 89 32 145 52 121
leaf_count=299 53492 29 20 112 57 411 123 146 66 56 137 135 31 108 332 218 160 33 208 82 175 130 90 87 22 89 32 145 52 121
internal_value=1.81382e-12 0.000477502 0.000700444 0.00138063 0.000507283 -0.000951065 0.00343697 0.00726237 0.000314431 -0.00331035 0.000138139 -6.87934e-05 0.00229882 0.00541127 -0.000568968 -0.00133888 0.00095744 -0.00357735 -0.00195045 -0.00380182 -0.000898533 0.00232873 0.00322744 0.00579764 0.000910952 -0.000677528 0.00617647 0.000343302 0.00192053 -0.00115914
internal_weight=57198 3706 3500 2479 1740 1021 739 166 689 206 1628 1571 274 139 1297 965 623 332 828 300 528 573 443 210 233 179 54 353 463 150
internal_count=57198 3706 3500 2479 1740 1021 739 166 689 206 1628 1571 274 139 1297 965 623 332 828 300 528 573 443 210 233 179 54 353 463 150
is_linear=0
shrinkage=0.05


Tree=185
num_leaves=31
num_cat=0
split_feature=1 4 9 7 2 0 5 12 9 5 5 4 4 2 7 3 4 1 4 5 2 2 4 3 1 0 5 5 7 1
split_gain=0.363584 1.32871 3.13924 2.90934 2.57697 1.60542 1.33384 1.33886 1.32878 2.35562 1.10055 2.71952 3.10834 3.43228 2.90833 6.79738 5.34606 2.44007 4.06366 8.51466 4.30973 3.38083 3.3056 3.2604 3.34001 3.05761 4.5523 2.87639 2.62949 2.59294
threshold=-0.77694695667155833 -1.1457640746828435 0.54991803451567944 0.50726550913191959 -0.73913258749994948 0.91769187452946521 -0.89749154395743946 0.34398541387350456 -0.74945206448355139 -0.056344946134780353 -0.49995351371076774 1.4220310269295273 1.1469101231853445 0.12941608497473236 -0.74807555454224595 0.39769058342379765 1.5595914788016185 -0.017822478141954281 -0.61844900917316037 -0.99733128919208947 -0.39789905741627718 -0.45289363283605272 -0.32040136345029535 -0.61567009674920059 1.1911865931851437 0.27062158236138167 -0.73523310476190373 -0.84497093191591066 -0.9109402413522435 0.21065191517827317
decision_type=2 2 2 2 2 2 2 2 2 2 2 2 2 2 2 2 2 2 2 2 2 2 2 2 2 2 2 2 2 2
left_child=1 2 3 4 6 8 7 -1 9 -3 11 12 17 -14 15 16 -13 21 19 -19 22 -2 -20 -21 25 29 -27 -22 -29 -25
right_child=10 5 -4 -5 -6 -7 -8 -9 -10 -11 -12 14 13 -15 -16 -17 -18 18 20 23 27 -23 -24 24 -26 26 -28 28 -30 -31
leaf_value=-0.0017555120008903753 -0.0011244395024039395 -0.0055183703911296997 0.00018016502600433582 -0.0012547894305278686 0.013209772058926001 0.0077828559403618179 0.0081960826083862532 0.0079667554398138943 8.0602796462399436e-05 0.0023983941348996161 0.00010711692030895321 -0.0038644208320953674 -0.0018076065284224675 -0.0098409373225716284 0.00046949058226019376 0.033318898562962815 0.009729393937214767 0.0035781284199130937 0.030378663409501318 0.0017651371995371949 -0.003482016424052237 0.00070530525602956987 0.003559397923311702 -0.0078212665666796966 0.0073803980724834323 -0.0042597778291258983 -0.013807664583089636 -0.010529227277618789 0.0023829608363965193 0.0032185612282214257
leaf_weight=111 4673 274 1413 153 114 66 126 52 9443 143 30497 127 501 181 1261 21 168 282 20 108 471 5491 27 128 36 199 335 42 644 91
leaf_count=111 4673 274 1413 153 114 66 126 52 9443 143 30497 127 501 181 1261 21 168 282 20 108 471 5491 27 128 36 199 335 42 644 91
internal_value=6.03793e-13 0.000246016 0.00143251 0.00461519 0.00684375 1.06526e-05 0.00433258 0.00134607 -4.13723e-05 -0.00280351 -6.45952e-05 -0.000418283 -0.000652248 -0.00393962 0.00154438 0.00583371 0.00387714 -0.00047356 -0.00191359 -0.00400011 0.000129607 -0.000135938 0.0149719 -0.00638257 -0.00749785 -0.00820916 -0.0102496 -0.000473319 0.00159242 -0.00323394
internal_weight=57198 11895 1969 556 403 9926 289 163 9860 417 45303 14806 13229 682 1577 316 295 12547 2383 1179 1204 10164 47 897 789 753 534 1157 686 219
internal_count=57198 11895 1969 556 403 9926 289 163 9860 417 45303 14806 13229 682 1577 316 295 12547 2383 1179 1204 10164 47 897 789 753 534 1157 686 219
is_linear=0
shrinkage=0.05


Tree=186
num_leaves=31
num_cat=0
split_feature=0 9 4 2 0 1 1 3 0 4 1 2 9 8 9 11 3 3 9 5 9 7 3 4 5 4 3 3 5 4
split_gain=0.364544 0.424002 0.464479 0.628858 0.388725 2.04715 2.01498 1.27022 1.20126 2.96688 1.95706 2.70837 2.89807 2.49671 2.07383 2.52429 1.72888 2.35532 1.81088 1.6484 1.6044 3.59045 2.14538 2.06993 5.17062 1.81123 1.50201 1.45839 1.44909 1.48038
threshold=2.4700175506702986 -1.5490644330984626 -0.20576765355688617 0.84646226079468212 0.43202768883440962 4.5432521720492414 3.5767933308216593 3.1923315992737717 0.32213540752312358 1.2386170911000722 -0.262621144333885 -0.11856944240543249 -0.24969433409923195 1.0000000180025095e-35 1.0000000180025095e-35 -0.7500292558394458 0.90626936441350303 1.3166402403684843 -1.4491128870215986 -0.24956724947920125 -0.94935515663727921 -0.17418860646293408 1.1131740591214825 -0.18284091157820473 0.91441636237843227 -0.61844900917316037 0.0098719194403305097 -0.75630327326996216 1.4651726809124612 0.22984044403806927
decision_type=2 2 2 2 2 2 2 2 2 2 2 2 2 2 2 2 2 2 2 2 2 2 2 2 2 2 2 2 2 2
left_child=4 -2 -3 -4 5 6 7 8 -1 10 14 12 -12 16 19 27 18 -18 -13 -10 -15 22 25 24 -23 26 -22 -16 29 -25
right_child=1 2 3 -5 -6 -7 -8 -9 9 -11 11 13 -14 20 15 -17 17 -19 -20 -21 21 23 -24 28 -26 -27 -28 -29 -30 -31
leaf_value=-1.4355129197241436e-05 0.0020494824392144661 -0.00023149995134959822 -0.0029822446183180033 -0.012834295958280565 0.00020387451128287961 0.011675816019241876 -0.010437280224992875 0.0071911265980452305 -0.0076614139886732107 -0.0047922754941731359 0.0083364971907517755 -0.0030739873071610959 -0.0023250294249938888 0.00055050643824664988 0.012726970383897425 -0.0028859006128219371 -0.0078270745059078346 0.0065106984193402315 0.0093543944402320438 0.001326810837042733 -0.015073449597568126 -0.0070548479016870266 0.0075296295137377463 -0.0035428311969597074 -0.030488915201918834 0.0016751689514383041 -0.0028661175287635174 0.0004594019193083365 -0.013458035252988339 0.01246788190169768
leaf_weight=36777 41 52 46 25 17388 37 47 60 237 454 198 37 94 496 50 222 61 54 141 65 37 125 74 42 29 141 79 47 20 22
leaf_count=36777 41 52 46 25 17388 37 47 60 237 454 198 37 94 496 50 222 61 54 141 65 37 125 74 42 29 141 79 47 20 22
internal_value=4.17122e-13 -0.00235396 -0.00382178 -0.00645128 6.76877e-06 -7.96782e-05 -9.06593e-05 -7.83675e-05 -8.94092e-05 -0.00110235 -0.000364689 0.000535777 0.00490436 -0.000403565 -0.00275723 5.41394e-05 0.00368382 -0.00109456 0.00677097 -0.00572686 -0.00152807 -0.00333998 2.79471e-05 -0.00802395 -0.0114678 -0.00213207 -0.00675984 0.00678289 -0.00171031 0.00196085
internal_weight=57198 164 123 71 57034 39646 39609 39562 39502 2725 2271 1650 292 1358 621 319 293 115 178 302 1065 569 331 238 154 257 116 97 84 64
internal_count=57198 164 123 71 57034 39646 39609 39562 39502 2725 2271 1650 292 1358 621 319 293 115 178 302 1065 569 331 238 154 257 116 97 84 64
is_linear=0
shrinkage=0.05


Tree=187
num_leaves=31
num_cat=0
split_feature=6 0 5 1 3 1 9 4 12 1 4 0 1 5 12 4 2 1 9 3 2 0 5 5 4 6 4 3 0 4
split_gain=0.356598 1.48452 1.70249 1.1392 1.08197 2.87146 2.07206 2.03958 9.40908 6.5446 5.27849 4.72905 13.0866 3.43484 2.92949 3.50751 3.26698 8.33554 4.66897 4.47939 2.62615 2.593 2.55455 2.51205 5.53215 4.48781 2.43954 3.1916 3.25784 3.05382
threshold=-0.50231995162864196 0.30227715048109216 1.1065214618131212 2.4152294704462594 0.2781311023448329 1.6951738662692393 -0.84940361056041536 -1.2833245265549345 -0.69978104715131473 -0.262621144333885 -1.4208849784270259 0.54568875044379339 -0.070032992407996777 1.3309652674966419 -0.69978104715131473 1.5595914788016185 -0.039329623482472868 -0.47826892109508728 0.15011185020822368 0.0098719194403305097 0.6183313564187537 0.55836136915153645 -1.2122321088555645 -0.94831105648155722 -0.71015597708788747 0.046773696581961052 -0.75600946104525135 0.068709063238479459 -1.3768667146945477 1.0000000180025095e-35
decision_type=2 2 2 2 2 2 2 2 2 2 2 2 2 2 2 2 2 2 2 2 2 2 2 2 2 2 2 2 2 2
left_child=1 3 -3 -1 5 6 -2 8 10 -10 11 -8 -13 22 15 16 18 -18 19 21 -19 -9 -11 24 25 -16 -25 -28 29 -29
right_child=4 2 -4 -5 -6 -7 7 14 9 13 -12 12 -14 -15 23 -17 17 20 -20 -21 -22 -23 -24 26 -26 -27 27 28 -30 -31
leaf_value=-8.2075817047375628e-05 0.0016526417774351126 -0.00441895756568925 0.0057247443772366945 -0.007421148641782874 -0.00020410517195561096 -0.013746790459198464 0.0035472008825514416 0.014032087331129747 -0.0007822620749901902 -0.020383281167596579 -0.0010895230362472379 0.047776627082091114 0.0074537950943961862 0.011309608607552946 0.0080450443358279135 0.0042978691876117085 -0.016920159610657438 -0.0011799536606242513 -0.0012707152544664765 -0.0050098172865898141 -0.0095155529229946079 0.0040994112012413099 -0.0077726419289398984 -0.0019727545457749779 0.00074338028458324453 0.0016195824070686237 0.00026488545241163671 0.030135983011374875 0.0032489336835060086 0.0058302387395607579
leaf_weight=22578 2757 345 47 53 15623 36 177 77 764 44 263 26 89 22 542 326 103 944 2274 124 105 448 460 1118 3525 545 3490 24 241 28
leaf_count=22578 2757 345 47 53 15623 36 177 77 764 44 263 26 89 22 542 326 103 944 2274 124 105 448 460 1118 3525 545 3490 24 241 28
internal_value=-9.98191e-13 -0.000152105 -0.00320275 -9.92633e-05 0.00010247 0.000360643 0.000388071 0.000166838 -0.00139524 -0.0037373 0.00404845 0.00867615 0.0165703 -0.00802941 0.00037397 -0.000692683 -0.00109193 -0.00334704 -0.000203153 0.00353743 -0.00201431 0.0055562 -0.00887357 0.000867436 0.00170501 0.00482345 7.9252e-05 0.000685687 0.00569796 0.0170483
internal_weight=57198 23023 392 22631 34175 18552 18516 15759 1845 1290 555 292 115 526 13914 4401 4075 1152 2923 649 1049 525 504 9513 4612 1087 4901 3783 293 52
internal_count=57198 23023 392 22631 34175 18552 18516 15759 1845 1290 555 292 115 526 13914 4401 4075 1152 2923 649 1049 525 504 9513 4612 1087 4901 3783 293 52
is_linear=0
shrinkage=0.05


Tree=188
num_leaves=31
num_cat=0
split_feature=5 0 0 0 0 6 5 1 4 0 1 2 1 0 0 4 0 0 0 2 0 4 4 8 0 11 6 0 2 7
split_gain=0.363499 2.05064 1.80772 3.40391 3.34472 2.2312 2.19387 5.4436 12.3089 3.81081 2.68805 2.03382 2.77633 2.27955 8.12866 5.38942 2.13828 13.4512 2.024 2.50775 2.0205 3.43214 3.76508 3.45397 2.49433 2.29487 4.63871 6.12428 3.24115 2.72123
threshold=0.39311345010046078 2.1320600998353485 1.6437776611856465 1.7934926204317574 1.1132669512946023 1.7136308150948316 1.1904917396839851 1.3423765455101944 -0.29747462147161352 1.5797132453445968 0.8674632970317272 3.6090885753489395 -0.093989967316442324 -0.094906923654009892 -0.36218820601171692 0.16106021810202364 -0.13280897003702882 -0.21970742502192073 1.2079298665622893 1.6494453685099495 0.79024895926192718 -1.3291780105122986 -0.13698742762084057 -0.99042967103748658 1.0327649499723037 -0.7500292558394458 0.31220406105026438 0.71827743986866166 -0.19428631434817592 -0.17418860646293408
decision_type=2 2 2 2 2 2 2 2 2 2 2 2 2 2 2 2 2 2 2 2 2 2 2 2 2 2 2 2 2 2
left_child=-1 2 4 -4 5 20 18 8 10 -9 -8 12 -7 14 15 -13 17 -14 19 -6 25 -22 24 -24 -23 26 28 -28 -2 -30
right_child=1 -3 3 -5 6 11 7 9 -10 -11 -12 13 16 -15 -16 -17 -18 -19 -20 -21 21 22 23 -25 -26 -27 27 -29 29 -31
leaf_value=-9.8982845649270995e-05 0.0031745207506916023 0.0065982622279013269 -0.005521812644860292 0.0003274133229203423 -0.0083804389312495103 -0.00033413843588516964 -0.010672369164725144 -0.0002781763964097962 0.045094707251215976 0.017074594238625937 0.013822755500829467 -0.022545601436868311 -0.0070736970876807172 -0.0093706115108469264 0.033580747287234536 0.0096697396806416092 -0.0079685932278450358 0.037382749652024365 0.0024345387377444887 0.006475790690165014 -0.011126262153423317 0.010337391137268004 0.014777021510181605 -0.0049157133198519214 -0.0034991755358580699 0.00041874612825215066 -0.015065074185799577 0.010692402150016279 -0.0030404511687629125 -0.00012301838640013305
leaf_weight=35380 496 123 401 655 98 502 21 189 27 38 24 20 114 23 23 37 318 20 888 40 37 228 27 127 38 13647 113 29 1229 2286
leaf_count=35380 496 123 401 655 98 502 21 189 27 38 24 20 114 23 23 37 318 20 888 40 37 228 27 127 38 13647 113 29 1229 2286
internal_value=-2.263e-12 0.00016051 0.000124011 -0.00189374 0.00022725 6.05341e-05 0.00265741 0.00642623 0.0184053 0.00262669 0.0023917 -0.00217294 -0.0028936 0.00450196 0.00849032 -0.00163389 -0.00573619 -0.000438407 0.00155908 -0.00407429 0.000189842 0.00347258 0.00475867 -0.00146309 0.00836074 0.000105561 -0.000923584 -0.00980474 -0.000609168 -0.00114308
internal_weight=57198 21818 21695 1056 20639 19314 1325 299 72 227 45 1057 954 103 80 57 452 134 1026 138 18257 457 420 154 266 17800 4153 142 4011 3515
internal_count=57198 21818 21695 1056 20639 19314 1325 299 72 227 45 1057 954 103 80 57 452 134 1026 138 18257 457 420 154 266 17800 4153 142 4011 3515
is_linear=0
shrinkage=0.05


Tree=189
num_leaves=31
num_cat=0
split_feature=5 3 2 12 1 0 2 1 4 4 2 7 0 7 2 4 0 1 5 1 4 4 5 2 1 4 2 0 7 4
split_gain=0.357849 1.73506 1.7958 1.59966 3.50595 2.15521 1.47973 1.28034 3.05593 1.7311 2.84729 2.83539 2.02708 1.56231 1.41931 1.11335 1.10989 1.33394 0.862581 2.11886 2.02459 3.23208 3.73853 3.39076 2.99777 2.47289 3.21018 4.43319 4.68556 3.49186
threshold=1.4651726809124612 1.0907270677046579 0.80869260067418336 0.34398541387350456 1.1911865931851437 -0.094906923654009892 1.492182649288802 -0.52881800556145986 1.0093496713132535 -0.68722923510920564 -0.19428631434817592 0.50726550913191959 -0.44379649577730129 -0.74807555454224595 -0.53917905250856812 0.84886247746248011 -1.2489350094155733 0.68320534192064908 0.57739941913764026 0.053118449392316018 -1.3291780105122986 -0.71015597708788747 1.4312047935437753 -0.4394730531892081 -0.46056030334319548 1.490811252865573 -0.10127248719868935 -1.9518562126726928 -0.080597219688208724 -0.068207201684795479
decision_type=2 2 2 2 2 2 2 2 2 2 2 2 2 2 2 2 2 2 2 2 2 2 2 2 2 2 2 2 2 2
left_child=18 2 7 4 -3 -6 -4 -2 9 14 15 12 16 -10 -9 -11 -12 -18 -1 20 -20 22 24 -24 -22 26 27 -23 -29 -28
right_child=1 3 6 -5 5 -7 -8 8 13 10 11 -13 -14 -15 -16 -17 17 -19 19 -21 21 25 23 -25 -26 -27 29 28 -30 -31
leaf_value=-8.3360364091334977e-05 7.0089057692313355e-05 -0.028527104904933365 0.019828069852665067 0.0020616459513181132 0.0036546434807990281 -0.01556682373210788 0.0015814203899353744 -0.0032615226699472888 -0.016274266929711956 -0.0019598678000741832 0.011286059074336663 -0.0090021076218153428 0.022550267774773682 -0.0052020133922290358 -0.01771913671012347 0.0054118418969405224 0.0072636650076934282 -0.008676360773720913 0.0047677971033894175 6.4031414435469338e-05 0.01100703632303824 -0.0019379410527108122 -0.0025167101893997469 -0.013592006557530935 -0.00050753386807655639 -0.0029581873792950521 -0.0026168660639518974 0.0042416884923456048 0.013568393232041035 0.0052825476590187131
leaf_weight=37938 4070 20 20 38 35 25 25 58 39 600 55 26 23 174 24 56 35 21 427 11070 72 192 269 93 263 205 404 526 181 214
leaf_count=37938 4070 20 20 38 35 25 25 58 39 600 55 26 23 174 24 56 35 21 427 11070 72 192 269 93 263 205 404 526 181 214
internal_value=-1.60455e-12 -0.000389572 -0.000254193 -0.00638523 -0.0103975 -0.0043543 0.00969104 -0.000340573 -0.00184498 -0.000567846 0.000128066 0.0061085 0.0090404 -0.00722933 -0.00749302 -0.00133058 0.00624106 0.00128616 4.01487e-05 0.000376861 0.00159366 0.00103337 -0.00183935 -0.00536202 0.00196724 0.00219614 0.00289267 0.00479969 0.00662943 0.00011853
internal_weight=57198 5344 5226 118 80 60 45 5181 1111 898 816 160 134 213 82 656 111 56 51854 13916 2846 2419 697 362 335 1722 1517 899 707 618
internal_count=57198 5344 5226 118 80 60 45 5181 1111 898 816 160 134 213 82 656 111 56 51854 13916 2846 2419 697 362 335 1722 1517 899 707 618
is_linear=0
shrinkage=0.05


Tree=190
num_leaves=31
num_cat=0
split_feature=3 1 5 12 2 2 1 1 4 2 8 5 1 3 12 4 1 2 4 2 5 2 0 12 5 11 6 0 0 6
split_gain=0.352946 1.19755 3.10691 1.73235 1.18575 1.82692 2.20018 1.4463 2.43941 1.77412 2.43624 1.75318 1.26665 1.26326 1.61521 1.96929 2.30725 1.37615 1.20947 1.14591 1.09651 1.07234 1.04576 1.04116 2.08985 1.96472 3.06011 16.4712 3.48003 7.1324
threshold=0.90626936441350303 2.1514073801717424 1.3309652674966419 -1.0477032008262543 2.6677511286377769 1.8365623065159464 0.88802989636155094 1.1661312024038086 -1.4438117204057079 0.27394037066650051 1.0000000180025095e-35 1.2994638957836848 1.3794456466955116 0.73782060728168142 1.0398297212233845 -1.2833245265549345 1.5194418328293251 1.5352613517886637 1.0000000180025095e-35 1.5909244711467545 1.4779829372212656 1.3984690016156909 -0.45180638707072185 -0.35185889347637506 0.69515041704156832 -0.7500292558394458 1.0000000180025095e-35 0.28061925841524488 0.23804502183376877 -0.50231995162864196
decision_type=2 2 2 2 2 2 2 2 2 2 2 2 2 2 2 2 2 2 2 2 2 2 2 2 2 2 2 2 2 2
left_child=1 4 3 -3 5 7 -7 -1 -9 10 18 13 -12 14 15 16 -11 21 -10 -5 23 -17 -16 -2 -25 26 28 -28 29 -26
right_child=20 2 -4 19 -6 6 -8 8 9 11 12 -13 -14 -15 22 17 -18 -19 -20 -21 -22 -23 -24 24 25 -27 27 -29 -30 -31
leaf_value=1.3746360783235534e-05 0.00019498306657357692 -0.0089994791110134306 -0.015942283445924878 0.01086239552391427 -0.010037092273605282 0.020384773239493371 0.003063570730896159 0.010721846065413482 0.009014373305878353 0.00098162035761653632 0.0087415835898259266 -0.0099794793300903781 -0.002626133484401457 -0.0019952251484261197 -0.0011986014451115178 0.0039915766215786377 -0.017142652810551228 -0.0052712800673758373 0.024012129686307164 -0.0012602769229984418 -0.0074486460967235412 0.015268353135748345 -0.014202950857791372 -0.0043007520486684934 -0.00014716953289451416 0.00054556472460899933 -0.016743186674250232 0.00095339940545828875 -0.0051112883558528405 0.015209585323323569
leaf_weight=46003 5665 37 42 35 29 22 110 71 41 59 38 39 69 285 52 505 25 39 20 44 53 22 22 398 537 1999 191 422 236 88
leaf_count=46003 5665 37 42 35 29 22 110 71 41 59 38 39 69 285 52 505 25 39 20 44 53 22 22 398 537 1999 191 422 236 88
internal_value=-1.93541e-12 5.57411e-05 -0.00429003 -7.11127e-05 7.02115e-05 7.63924e-05 0.00595044 5.99962e-05 0.00171317 0.00118717 0.0059572 0.000422508 0.001411 0.000824567 0.00193457 0.00273141 -0.00441251 0.00379164 0.0139317 0.00411053 -0.000276752 0.00446233 -0.00506476 -0.000236892 -0.000868918 -0.000475635 -0.00186056 -0.00456055 6.17299e-05 0.00201506
internal_weight=57198 47609 158 116 47451 47422 132 47290 1287 1216 168 1048 107 1009 724 650 84 566 61 79 9589 527 74 9536 3871 3473 1474 613 861 625
internal_count=57198 47609 158 116 47451 47422 132 47290 1287 1216 168 1048 107 1009 724 650 84 566 61 79 9589 527 74 9536 3871 3473 1474 613 861 625
is_linear=0
shrinkage=0.05


Tree=191
num_leaves=31
num_cat=0
split_feature=0 6 2 4 4 1 4 5 2 3 1 0 0 3 0 7 3 4 4 2 3 6 5 2 5 2 2 5 2 0
split_gain=0.345066 0.964063 1.44207 1.50914 2.22215 1.12073 1.39932 2.60248 1.36644 1.2761 0.731427 0.517137 2.71121 4.76412 2.76177 2.13523 2.50451 4.42585 2.94625 1.88059 3.80828 3.45231 2.54618 2.25827 1.45036 1.27029 1.2786 1.24127 1.26731 2.64546
threshold=-1.9518562126726928 -0.88889511337147242 -0.76737821627910929 0.18398696008070553 0.023499766229932856 0.11290302876723111 0.16106021810202364 1.4495693291702281 0.88138151009387689 0.87136745916807712 -0.39883502079613026 -1.3418761623413336 -1.1511588724903166 -0.17907257356197429 -1.2489350094155733 1.0000000180025095e-35 -1.2192874682360275 -0.43503507334370556 -0.18284091157820473 0.078021813504588602 1.0098923969301572 1.0000000180025095e-35 1.4495693291702281 0.21846591282390135 1.4101165497556909 0.99872608336494417 0.6183313564187537 1.4651726809124612 1.1986533503478529 -1.8581196697814495
decision_type=2 2 2 2 2 2 2 2 2 2 2 2 2 2 2 2 2 2 2 2 2 2 2 2 2 2 2 2 2 2
left_child=1 5 -3 4 -4 8 -7 -8 9 -1 -11 19 13 15 -15 -13 -17 -18 -19 20 -2 23 -22 24 -21 26 -23 28 29 -25
right_child=11 2 3 -5 -6 6 7 -9 -10 10 -12 12 -14 14 -16 16 17 18 -20 21 22 25 -24 27 -26 -27 -28 -29 -30 -31
leaf_value=-0.00078860112329310098 0.00033287595493787471 0.0010706299920760407 -0.0018133442467925223 -0.0015155054044185415 -0.022591298644340809 -0.0033981363319100875 0.0016413063599935011 0.023789599511240211 -0.010155245493090638 0.012412789945715461 0.0013656145648940677 0.00023848469425421636 4.1957776697085199e-05 -0.001652783604878734 -0.012528694510556659 -0.0014827165937157454 0.003559081907345293 -0.024729758010683014 -0.0023453299044853167 0.016819082471608585 -0.0043834244474331204 0.010785226617008448 -0.026654675977659373 0.015205069872484142 0.0022083728023889393 0.0049602925460389326 0.025895543077162339 0.0087028260239296502 -0.0062842147843644629 -0.0010355760935150708
leaf_weight=1069 3601 72 22 45 31 31 36 21 37 29 31 1051 49901 94 154 244 36 49 21 35 33 42 21 28 33 47 21 36 87 240
leaf_count=1069 3601 72 22 45 31 31 36 21 37 29 31 1051 49901 94 154 244 36 49 21 35 33 42 21 28 33 47 21 36 87 240
internal_value=2.5824e-13 -0.000768584 -0.00430198 -0.0082492 -0.0139665 -0.000289575 0.00515144 0.0098012 -0.000700218 -0.000390354 0.00670508 1.96232e-05 -2.39586e-05 -0.00201868 -0.00840637 -0.00088795 -0.00427047 -0.0106876 -0.0180144 0.000551498 0.000135235 0.00322538 -0.0130445 0.00131879 0.00972859 0.0111811 0.015822 -0.000143788 -0.00104091 0.000661208
internal_weight=57198 1424 170 98 53 1254 88 57 1166 1129 60 55774 51550 1649 248 1401 350 106 70 4224 3655 569 54 459 68 110 63 391 355 268
internal_count=57198 1424 170 98 53 1254 88 57 1166 1129 60 55774 51550 1649 248 1401 350 106 70 4224 3655 569 54 459 68 110 63 391 355 268
is_linear=0
shrinkage=0.05


Tree=192
num_leaves=31
num_cat=0
split_feature=0 2 4 6 0 9 0 0 6 4 4 9 1 4 3 1 4 9 2 3 3 0 0 4 4 9 4 4 0 0
split_gain=0.326933 0.387651 0.679899 0.353477 1.29451 1.60534 1.00907 3.11781 2.913 2.49886 5.35635 1.96729 1.74531 2.49409 1.20068 1.00423 1.00971 0.893613 0.87158 0.995997 0.796972 2.02641 2.70689 3.15682 10.0538 3.22249 2.81836 6.19273 6.08427 4.99479
threshold=2.4700175506702986 1.2705592974474185 -0.20576765355688617 -0.50231995162864196 0.30827873209710005 0.25006339628508761 -1.5143630514267346 -1.4024432921654559 0.046773696581961052 1.0000000180025095e-35 0.16106021810202364 1.0496757648999988 0.38212444647892435 0.18398696008070553 1.6241332329595262 2.4152294704462594 0.16106021810202364 0.84977267274627111 0.37589015797510855 0.10109564865944355 0.81361762173099172 -0.92988716136921734 -0.034422802423110486 -0.04528045970611317 0.092279992165977986 0.74982112666940715 0.34447415393147868 0.25276718601675113 -0.094906923654009892 -0.14005610564293822
decision_type=2 2 2 2 2 2 2 2 2 2 2 2 2 2 2 2 2 2 2 2 2 2 2 2 2 2 2 2 2 2
left_child=3 -2 -3 4 15 -6 12 8 11 -10 -11 -8 -5 -14 -15 -1 -17 -7 19 -13 -9 -22 23 25 -25 -23 27 28 -26 -28
right_child=1 2 -4 6 5 17 7 20 9 10 -12 18 13 14 -16 16 -18 -19 -20 -21 21 22 -24 24 26 -27 29 -29 -30 -31
leaf_value=-8.0909767139804095e-05 -0.00030932535170931906 -0.001634274325208805 -0.012652918687533765 -0.00070492438264957164 -0.0043730587995560203 0.01095274317495782 0.015219870671629908 0.00023224620449617471 -0.0011868671203653018 0.031274270731955767 0.0045782122982754598 0.00034411446541052139 -0.022621846191274622 -0.0092376218718146132 0.0064758631616132342 -0.014275157946161927 -0.00045040638319083625 -0.0027854230720549822 -0.006814499331771264 0.010864526215496322 -0.005164408325565255 0.0027497132115991444 -0.00043872616275288773 0.039833751613540309 -0.0056804586494238023 -0.0099653490780763423 0.016885249554181383 -0.023894658208323215 0.026403959641571752 0.0010051923423074185
leaf_weight=22601 101 42 21 269 320 29 25 24591 27 34 42 167 24 31 20 25 28 20 35 26 211 157 7958 21 45 73 82 26 22 125
leaf_count=22601 101 42 21 269 320 29 25 24591 27 34 42 167 24 31 20 25 28 20 35 26 211 157 7958 21 45 73 82 26 22 125
internal_value=6.29254e-13 -0.00222922 -0.00530716 6.41008e-06 -0.000144881 -0.00308254 0.000108823 0.000136353 0.00479073 0.0118793 0.0165212 0.00190488 -0.00258546 -0.00933031 -0.00307547 -9.70306e-05 -0.00697152 0.00534533 0.000444901 0.00176137 8.66105e-05 -0.000324092 -0.000204066 0.0031851 0.00638864 -0.00128594 0.00404748 -0.00318274 0.00485472 0.00729584
internal_weight=57198 164 63 57034 23023 369 34011 33667 356 103 76 253 344 75 51 22654 53 49 228 193 33311 8720 8509 551 321 230 300 93 67 207
internal_count=57198 164 63 57034 23023 369 34011 33667 356 103 76 253 344 75 51 22654 53 49 228 193 33311 8720 8509 551 321 230 300 93 67 207
is_linear=0
shrinkage=0.05


Tree=193
num_leaves=31
num_cat=0
split_feature=1 4 9 7 2 0 5 6 9 5 2 2 4 7 3 8 2 5 2 4 3 1 8 9 2 0 2 2 12 1
split_gain=0.324932 1.17114 2.88151 2.62201 2.33334 1.43053 1.21153 1.20156 1.12224 2.06879 1.09672 1.01788 1.32221 1.00568 1.33729 2.65359 1.49145 0.972889 0.931556 0.918721 0.91166 1.3685 2.24365 1.51912 1.07387 0.927381 0.913568 0.907155 1.04518 0.890218
threshold=-0.77694695667155833 -1.1457640746828435 0.54991803451567944 0.50726550913191959 -0.73913258749994948 0.91769187452946521 -0.89749154395743946 -0.90990146219895396 -0.74945206448355139 0.073269764555773567 -0.31132118770290196 -1.3571228214233415 -0.71015597708788747 -0.44313593596502393 -0.82023935861459629 0.38174988366425283 -0.80617916060238481 -0.49995351371076774 0.89946683251028248 -0.54966878323711432 -1.2192874682360275 -0.55290001416714196 -0.99042967103748658 -0.44959742625295968 -0.024872320707465572 -0.30746073811321545 -0.54891660509076456 -0.51791263705686486 0.6919075675484444 -0.76707600263752618
decision_type=2 2 2 2 2 2 2 2 2 2 2 2 2 2 2 2 2 2 2 2 2 2 2 2 2 2 2 2 2 2
left_child=1 2 3 4 6 8 7 -1 9 27 -5 12 -2 14 -4 -16 -17 -8 -10 -7 21 23 -23 -13 25 -25 -27 28 -3 -22
right_child=11 5 13 10 -6 19 17 -9 18 -11 -12 20 -14 -15 15 16 -18 -19 -20 -21 29 22 -24 24 -26 26 -28 -29 -30 -31
leaf_value=-0.003317493110386606 0.00085608957697533902 0.0038167226252817481 0.00048924525114854946 0.001728863552454221 0.012569014416505143 0.012570859413795375 0.011993074232260838 0.0052878928374788118 0.00010856901791429975 0.0025420916173780868 -0.0073440819161430916 0.010352806115729942 -0.0073325681790641145 -0.00089303452060470487 0.019362384423147888 -0.0034853188709045449 0.0092381599683514139 0.0031959793799129937 -0.0071836934033357967 0.00068490916285021556 -0.0034566007256608016 -0.010303627795221327 -0.0017657753961465496 -0.0011440066732295686 -0.011060500403188846 0.0017273420673639826 0.011983988344669343 -0.009111223008821381 -0.0050321675986270331 9.8750558751875685e-06
leaf_weight=76 90 43 411 104 114 37 66 87 9399 134 49 36 109 879 30 51 42 60 44 29 186 87 666 413 22 165 25 91 149 43504
leaf_count=76 90 43 411 104 114 37 66 87 9399 134 49 36 109 879 30 51 42 60 44 29 186 87 666 413 22 165 25 91 149 43504
internal_value=-2.06863e-12 0.000232572 0.0013465 0.00439573 0.00651138 1.16046e-05 0.00412186 0.00127557 -3.75048e-05 -0.00257591 -0.00117685 -6.10653e-05 -0.00362916 0.000146656 0.00185806 0.00643189 0.00226077 0.00780398 7.45905e-05 0.00734824 -4.53228e-05 -0.00129485 -0.00275222 0.000365365 -0.000209911 0.000185964 0.0030769 -0.00499928 -0.00305038 -4.88266e-06
internal_weight=57198 11895 1969 556 403 9926 289 163 9860 417 153 45303 199 1413 534 123 93 126 9443 66 45104 1414 753 661 625 603 190 283 192 43690
internal_count=57198 11895 1969 556 403 9926 289 163 9860 417 153 45303 199 1413 534 123 93 126 9443 66 45104 1414 753 661 625 603 190 283 192 43690
is_linear=0
shrinkage=0.05


Tree=194
num_leaves=31
num_cat=0
split_feature=5 0 0 0 0 3 4 4 3 6 4 4 5 1 4 0 3 1 4 1 1 4 0 1 4 4 4 0 8 0
split_gain=0.324642 1.85658 1.64243 3.04305 3.02239 2.42863 2.30633 4.84257 2.59641 2.08965 2.06427 2.55872 2.00737 4.89318 11.1044 3.42601 2.53448 3.64308 2.6992 2.42621 2.14408 2.08256 1.8619 3.22862 2.70795 3.56092 1.96047 5.68396 3.0153 2.96045
threshold=0.39311345010046078 2.1320600998353485 1.6437776611856465 1.7934926204317574 1.1132669512946023 2.8180227285006008 -0.36625484740765951 -0.228694395535568 2.4195774946774047 1.7136308150948316 -0.25162113751425025 0.25276718601675113 1.1904917396839851 1.3423765455101944 -0.29747462147161352 1.5797132453445968 1.1131740591214825 1.9057463713989586 -0.82478968698129729 0.8674632970317272 0.79364910500497654 0.092279992165977986 0.79024895926192718 0.42793652644582364 -1.3521047524909802 -0.13698742762084057 -1.3521047524909802 0.68602600876500641 1.0184757865176055 -0.76410449065143304
decision_type=2 2 2 2 2 2 2 2 2 2 2 2 2 2 2 2 2 2 2 2 2 2 2 2 2 2 2 2 2 2
left_child=-1 2 4 5 9 6 -4 -8 -9 22 -7 -12 16 14 19 -15 17 18 -6 -14 -18 -22 26 -24 -25 -26 27 28 29 -2
right_child=1 -3 3 -5 12 10 7 8 -10 -11 11 -13 13 15 -16 -17 20 -19 -20 -21 21 -23 23 24 25 -27 -28 -29 -30 -31
leaf_value=-9.3542830973045724e-05 -9.6823984979682403e-05 0.0062772595056718814 -0.0016039916894829941 0.00029378201925810713 0.010711337375417797 0.013694013454785041 -0.029217596698937743 -0.0099028559380393427 0.0062286609659592315 -0.0021045763332299219 -0.016291088881414562 0.0078487384558209913 -0.010133522819905054 -0.00022610694676774391 0.042837721088694207 0.016227258962432021 0.010922643309459091 0.021402155730174857 -0.00026748712103964376 0.013138011897293231 -0.0027854894753234164 0.0028561497656806037 0.020104818270300275 -0.011482215614876513 0.0069578781191889641 -0.0029215549065118238 -7.8718966664748262e-05 -0.019956431388854983 -0.001616032950830861 0.0047652474389144111
leaf_weight=35380 473 123 122 655 85 28 29 148 30 1057 21 23 21 189 27 38 42 32 164 24 444 259 27 33 255 142 15929 30 442 926
leaf_count=35380 473 123 122 655 85 28 29 148 30 1057 21 23 21 189 27 38 42 32 164 24 444 259 27 33 255 142 15929 30 442 926
internal_value=2.94673e-12 0.000151689 0.00011696 -0.00180634 0.000215366 -0.00523671 -0.00705702 -0.0102709 -0.00718406 5.68865e-05 0.00308112 -0.00367254 0.00252546 0.00613053 0.0174879 0.0025282 0.00147486 0.00552123 0.0034803 0.00227796 -5.13604e-05 -0.000706991 0.000182026 0.00333329 0.0022802 0.00342418 0.00010112 0.0016322 0.001984 0.00312139
internal_weight=57198 21818 21695 1056 20639 401 329 207 178 19314 72 44 1325 299 72 227 1026 281 249 45 745 703 18257 457 430 397 17800 1871 1841 1399
internal_count=57198 21818 21695 1056 20639 401 329 207 178 19314 72 44 1325 299 72 227 1026 281 249 45 745 703 18257 457 430 397 17800 1871 1841 1399
is_linear=0
shrinkage=0.05


Tree=195
num_leaves=31
num_cat=0
split_feature=1 3 4 4 4 7 5 5 3 7 0 0 11 3 0 3 1 4 1 8 0 0 4 4 3 3 6 11 0 5
split_gain=0.345645 1.29033 2.28303 1.35984 4.2382 4.73166 2.92651 1.23122 2.00795 1.82905 2.33575 1.23975 1.58219 3.93516 1.63728 1.36916 2.40152 2.19341 2.19759 2.18879 1.98105 2.60034 3.96132 2.56991 3.03458 3.01044 6.65049 2.19969 2.08203 2.97966
threshold=0.48717922383083972 1.2855968839227649 -1.3521047524909802 -0.71015597708788747 -0.48088855730106883 -0.080597219688208724 1.3309652674966419 -0.56047460071664723 -0.12653211735774952 -0.74807555454224595 1.6630209632296875 -0.44379649577730129 -0.7500292558394458 1.5369806572815394 -0.65041253724159154 0.33810934901157669 1.6951738662692393 -0.82478968698129729 1.1911865931851437 1.0000000180025095e-35 -0.3182857931483965 -0.227181227882883 -1.0769838487467975 -0.34332810542897768 0.92218737908077564 1.5369806572815394 -0.88889511337147242 -1.4819493799609287 -0.034422802423110486 0.9652358749025497
decision_type=2 2 2 2 2 2 2 2 2 2 2 2 2 2 2 2 2 2 2 2 2 2 2 2 2 2 2 2 2 2
left_child=1 -1 -3 6 5 -5 -4 8 -2 10 -10 12 13 14 -9 16 17 18 19 -13 23 22 -22 -17 -25 26 -26 -24 29 -23
right_child=7 2 3 4 -6 -7 -8 11 9 -11 -12 15 -14 -15 -16 20 -18 -19 -20 -21 21 28 27 24 25 -27 -28 -29 -30 -31
leaf_value=3.8311394632136268e-05 0.00033589236248726364 0.015591087213326846 0.0076862793933186267 0.0024037217275084308 0.0011206322845524423 0.035333035262301568 -0.013618192304274999 -0.017003163701615691 -0.018671736399280943 -0.00039757567816801995 -0.00043090238020970274 -0.0079758469060036818 -0.00080016277490975495 0.013016763103167669 -0.0054507160551974894 0.01000312955432058 -0.0092667169687338184 0.0034070533803721792 0.0077080587383860089 7.3065077639584844e-05 -0.017510156895754473 -0.0032974548389760844 -0.017606667233631017 -0.0060966585086283222 0.00057828580158659159 -0.00063490369051076665 0.034998025980008687 -2.4921493604779243e-05 -0.00036639166979875247 0.0040231702411496779
leaf_weight=42331 156 31 27 24 455 20 40 38 54 48 26 114 1792 26 159 107 50 873 67 326 53 181 20 98 36 87 23 161 9176 599
leaf_count=42331 156 31 27 24 455 20 40 38 54 48 26 114 1792 26 159 107 50 873 67 326 53 181 20 98 36 87 23 161 9176 599
internal_value=-7.62503e-13 7.08657e-05 0.00237917 0.00165555 0.00255358 0.0173716 -0.00503281 -0.000213183 -0.0034724 -0.00811376 -0.0127435 -0.000147001 -0.00129441 -0.00526614 -0.00767911 4.61347e-05 0.00149793 0.00188795 -0.000727786 -0.00201233 -0.000150816 -0.000278033 -0.00548797 0.00354245 0.000709278 0.00527765 0.0139962 -0.00196766 -0.000155582 0.00232441
internal_weight=57198 42928 597 566 499 44 67 14270 284 128 80 13986 2015 223 197 11971 1430 1380 507 440 10541 10190 234 351 244 146 59 181 9956 780
internal_count=57198 42928 597 566 499 44 67 14270 284 128 80 13986 2015 223 197 11971 1430 1380 507 440 10541 10190 234 351 244 146 59 181 9956 780
is_linear=0
shrinkage=0.05


Tree=196
num_leaves=31
num_cat=0
split_feature=9 0 0 4 4 0 4 3 2 7 7 2 7 3 1 2 4 0 0 3 3 2 4 4 1 0 8 2 2 8
split_gain=0.319972 1.14048 1.4219 1.39034 1.37359 1.15925 0.931828 0.911353 0.86028 1.13031 1.29767 0.990255 0.831556 0.806885 0.726908 0.715675 0.819282 1.07029 1.02919 1.03325 0.778783 0.6518 0.898905 0.596527 0.837752 0.634532 0.627334 0.564587 0.553444 0.547899
threshold=-1.4491128870215986 2.0936190745863663 -0.076729895149008923 -1.008203622810752 -0.75600946104525135 0.035253852697791459 1.3073973170361175 -0.15292512424340945 1.0166605730263127 -0.17418860646293408 -0.74807555454224595 0.60167715233822439 1.0000000180025095e-35 0.51464802931429421 0.77450002165916709 -0.5697166753376709 1.3532508009934816 1.0894866621508073 0.44224510455597482 0.93882135707926118 -0.5452421715846808 0.23785536925810616 -1.214544300618889 0.91764270339852583 0.08232868682927634 0.72882117718410278 1.0816417019878375 0.21846591282390135 -0.81651283258504048 1.0184757865176055
decision_type=2 2 2 2 2 2 2 2 2 2 2 2 2 2 2 2 2 2 2 2 2 2 2 2 2 2 2 2 2 2
left_child=1 2 3 12 8 29 -3 -5 9 10 -4 -12 -1 14 21 -7 17 20 -18 27 -17 -11 -23 24 -22 -26 -25 -20 -14 -6
right_child=-2 6 4 7 5 15 -8 -9 -10 13 11 -13 28 -15 -16 16 18 -19 19 -21 23 22 -24 26 25 -27 -28 -29 -30 -31
leaf_value=-0.0020952774649542275 -3.1127493993011002e-05 -0.0011869158020001089 0.0023914112327778035 0.0011194778386551007 0.0018684494687836433 0.0039293329162000306 -0.0088797777363995353 -0.0030634311073608096 -0.00069191315027777682 0.0036955480918812698 0.013478099212453172 0.0052982990041601698 -0.0052693871607665315 -0.0045149426042501422 0.0089893886886004883 0.003396713955391368 -0.0050315933203227215 0.0013999708216677696 0.0098221336948897762 -0.00061105089322047526 -0.0039659134684524571 0.0018950211279081634 -0.0080280473865004202 -0.0061284666076809715 0.0018597818723447273 -0.0026630934028470357 -4.4114119781736738e-06 0.0036092044680616727 -0.013711953504631917 0.0078853151623264599
leaf_weight=155 53492 153 120 546 81 114 53 171 130 194 74 74 55 42 42 66 43 384 57 102 195 74 33 157 207 124 57 102 30 71
leaf_count=155 53492 153 120 546 81 114 53 171 130 194 74 74 55 42 42 66 43 384 57 102 195 74 33 157 207 124 57 102 30 71
internal_value=9.78485e-13 0.000449291 0.000662085 -0.000980726 0.00128032 0.000505233 -0.00316615 0.00012188 0.00302253 0.00376201 0.00625531 0.0093882 -0.00427476 0.00202641 0.0028274 0.000110702 -0.00018068 -0.00077248 0.0021359 0.00331676 -0.00180749 0.00196758 -0.00116536 -0.00227165 -0.00136616 0.000165412 -0.00449729 0.00583648 -0.00824912 0.00467896
internal_weight=57198 3706 3500 957 2543 1760 206 717 783 653 268 148 240 385 343 1608 1494 1190 304 261 806 301 107 740 526 331 214 159 85 152
internal_count=57198 3706 3500 957 2543 1760 206 717 783 653 268 148 240 385 343 1608 1494 1190 304 261 806 301 107 740 526 331 214 159 85 152
is_linear=0
shrinkage=0.05


Tree=197
num_leaves=31
num_cat=0
split_feature=1 3 4 2 4 4 7 5 2 0 9 5 1 5 2 4 4 0 1 1 8 4 5 4 7 1 7 5 2 0
split_gain=0.312822 1.16933 2.05943 1.44505 1.2285 3.82299 4.27033 2.70753 1.56684 1.43049 1.41806 2.11378 1.11922 1.10985 2.83509 3.82317 1.32705 1.11503 1.47613 2.32196 1.81205 3.73188 2.37368 1.71241 3.52327 2.75971 2.20644 1.70567 1.56409 2.21686
threshold=0.48717922383083972 1.2855968839227649 -1.3521047524909802 1.492182649288802 -0.71015597708788747 -0.48088855730106883 -0.080597219688208724 1.4312047935437753 1.3984690016156909 -2.0029426460512427 1.0000000180025095e-35 0.80777505580412223 0.38212444647892435 -0.56047460071664723 0.21846591282390135 -1.3291780105122986 -0.71015597708788747 -0.44379649577730129 0.93660670550327574 1.3794456466955116 -0.99042967103748658 0.41325437986752434 1.4312047935437753 0.36740089591016062 -0.17418860646293408 0.69872521355198958 -0.17418860646293408 1.0613819277844458 -0.04538598347633422 -0.77375507822379019
decision_type=2 2 2 2 2 2 2 2 2 2 2 2 2 2 2 2 2 2 2 2 2 2 2 2 2 2 2 2 2 2
left_child=1 3 -3 -1 7 6 -6 -4 10 -10 11 -7 -12 14 -2 -16 -17 18 23 -20 21 -21 -23 24 25 27 28 -15 -25 -30
right_child=13 2 4 -5 5 8 -8 -9 9 -11 12 -13 -14 17 15 16 -18 -19 19 20 -22 22 -24 26 -26 -27 -28 -29 29 -31
leaf_value=4.4709402043692197e-05 0.0040373379077451926 0.014813089237037686 0.0032245194187342399 -0.010267383818213335 0.0022850921717084325 0.00064421930026424979 0.033567940443754198 -0.017401509800066169 0.0012794362758064555 0.019963870225474242 -0.00077778939410783239 0.014383734084156066 -0.010270115422705811 0.0011026889343771179 0.0064534527715295557 -0.015985329269564579 -0.0064794851329431627 4.3189690042873071e-05 0.0021226437233504646 0.007859275148985035 -0.0046793655404017533 -0.0018186096863906929 -0.020770544609986247 -0.0057238630251958966 -0.00051618844892431482 -0.014936066635373908 -0.0041602613117701567 -0.0090940524343117758 0.012315253503773519 -0.00080437061965073415
leaf_weight=42297 90 31 41 34 24 115 20 26 21 20 226 37 36 74 43 63 88 11971 593 107 337 95 20 32 276 104 154 92 74 57
leaf_count=42297 90 31 41 34 24 115 20 26 21 20 226 37 36 74 43 63 88 11971 593 107 337 95 20 32 276 104 154 92 74 57
internal_value=2.27629e-12 6.74171e-05 0.00226482 3.64268e-05 0.00157755 0.00243111 0.0165046 -0.00477961 0.00107016 0.0103938 0.000146809 0.00398871 -0.00208208 -0.000202809 -0.00329722 -0.00669986 -0.0104455 -0.000139973 -0.00122813 -5.68184e-05 -0.00236884 0.00113857 -0.0051146 -0.0027917 -0.00448878 -0.00854965 0.000131343 -0.00454852 0.00418599 0.00660671
internal_weight=57198 42928 597 42331 566 499 44 67 455 41 414 152 262 14270 284 194 151 13986 2015 1152 559 222 115 863 546 270 317 166 163 131
internal_count=57198 42928 597 42331 566 499 44 67 455 41 414 152 262 14270 284 194 151 13986 2015 1152 559 222 115 863 546 270 317 166 163 131
is_linear=0
shrinkage=0.05


Tree=198
num_leaves=31
num_cat=0
split_feature=3 5 1 5 4 4 0 2 2 1 1 4 2 8 5 1 4 3 12 4 1 0 2 0 8 0 2 1 12 3
split_gain=0.321898 1.02568 1.0106 2.7274 1.53148 2.07866 1.37951 0.991485 1.59771 1.93783 1.26697 2.1119 1.59091 2.18684 1.53501 1.11323 1.11085 1.03586 1.2846 1.89488 1.96131 1.41166 1.55302 1.1144 1.02458 1.00698 0.981878 1.00661 1.06568 2.09183
threshold=0.90626936441350303 1.4779829372212656 2.1514073801717424 1.3309652674966419 1.3303240590147996 0.13813347612334176 0.66968111267997832 2.6677511286377769 1.8365623065159464 0.88802989636155094 1.1661312024038086 -1.4438117204057079 0.27394037066650051 1.0000000180025095e-35 1.2291569272765577 1.3794456466955116 1.0000000180025095e-35 0.73782060728168142 1.0398297212233845 -1.2833245265549345 1.5194418328293251 0.16790013397773354 1.492182649288802 -0.51916570666827677 0.74730582097220966 1.4432099063444663 -0.88719024881507724 -1.4974732838670872 -0.35185889347637506 1.2855968839227649
decision_type=2 2 2 2 2 2 2 2 2 2 2 2 2 2 2 2 2 2 2 2 2 2 2 2 2 2 2 2 2 2
left_child=2 26 7 4 5 6 -4 8 10 -10 -1 25 13 16 17 -15 -13 18 19 20 -14 -21 -23 -20 -19 -12 -2 -28 -29 -30
right_child=1 -3 3 -5 -6 -7 -8 -9 9 -11 11 12 14 15 -16 -17 -18 24 23 21 -22 22 -24 -25 -26 -27 27 28 29 -31
leaf_value=1.3556921943411237e-05 0.0082559657563893683 -0.0072006917602540745 0.0053771471269428734 -0.014856361260137334 -0.010947005672380328 0.012154444901121629 -0.010650145322293171 -0.0091757997228153823 0.019111852618781004 0.0028561115709387444 0.01694744164434572 0.0084744741441681991 0.00088983315688727263 0.0081968450600183318 -0.0055340096995062813 -0.0024602388647600899 0.022847766143968329 -1.7389679831171107e-05 0.0010572904983583169 0.0083474994390957315 -0.016000430351945396 0.0032728954828794721 -0.0085591532755643126 -0.011885081612553191 -0.0075573649603603897 0.0048927457493846312 0.010949304034002126 0.00015670928125477996 -0.0022131100245173009 0.00013500773836914594
leaf_weight=46003 34 53 25 42 25 37 29 29 22 110 30 41 55 38 99 69 20 215 39 132 25 367 30 29 57 41 20 5651 1727 2104
leaf_count=46003 34 53 25 42 25 37 29 29 22 110 30 41 55 38 99 69 20 215 39 132 25 367 30 29 57 41 20 5651 1727 2104
internal_value=-2.24785e-12 -0.0002643 5.3233e-05 -0.00393895 1.39119e-05 0.00302515 -0.0032301 6.65259e-05 7.21779e-05 0.0055654 5.68447e-05 0.00160414 0.00111472 0.00563174 0.00039062 0.00132452 0.013187 0.00100868 0.00205575 0.00278354 -0.00438837 0.00386814 0.00237879 -0.00446225 -0.00159746 0.00998628 -0.000225748 -0.000256097 -0.000279732 -0.000923515
internal_weight=57198 9589 47609 158 116 91 54 47451 47422 132 47290 1287 1216 168 1048 107 61 949 677 609 80 529 397 68 272 71 9536 9502 9482 3831
internal_count=57198 9589 47609 158 116 91 54 47451 47422 132 47290 1287 1216 168 1048 107 61 949 677 609 80 529 397 68 272 71 9536 9502 9482 3831
is_linear=0
shrinkage=0.05


Tree=199
num_leaves=31
num_cat=0
split_feature=5 4 4 5 3 12 1 6 4 5 12 3 0 3 4 4 1 4 0 0 6 1 0 0 4 1 5 1 4 7
split_gain=0.328658 1.16577 1.6706 3.48546 4.75084 3.45188 3.11194 2.78497 2.68445 6.28266 4.95438 3.64773 5.34063 3.63515 2.54119 2.42665 6.69631 2.41447 5.05058 5.42808 10.8745 10.3015 5.13251 7.62269 6.97795 7.7053 5.33165 4.79513 4.29052 3.96313
threshold=0.5168783321317606 1.5137379948442546 -0.022353717727431312 1.4779829372212656 1.5767137871784713 1.0000000180025095e-35 2.0145094811775759 -0.50231995162864196 0.069353250187296225 1.3309652674966419 1.0000000180025095e-35 0.68117419941196011 -0.94767540448987975 0.54324650311998157 0.023499766229932856 1.3532508009934816 1.5975434230365171 -0.38918158938634145 0.70034578611526144 1.3053875777776807 1.7136308150948316 1.1389860958439442 1.768166426889292 1.6887697751547579 -0.18284091157820473 3.0972743299717664 1.0142561076130823 0.77450002165916709 -0.25162113751425025 -0.17418860646293408
decision_type=2 2 2 2 2 2 2 2 2 2 2 2 2 2 2 2 2 2 2 2 2 2 2 2 2 2 2 2 2 2
left_child=-1 2 17 4 8 6 15 -7 9 -4 11 12 14 -12 -11 -6 -17 -2 27 20 -20 -22 23 24 25 26 -21 -19 -24 -29
right_child=1 -3 3 -5 5 7 -8 -9 -10 10 13 -13 -14 -15 -16 16 -18 18 19 22 21 -23 28 -25 -26 -27 -28 29 -30 -31
leaf_value=-8.8167421768633444e-05 0.00033804593249046986 -0.0010727756301814508 3.9927040895399377e-05 -0.00081391816285712585 0.003108577786877534 -0.0010823114575032378 -0.00073618825781349433 -0.0084440195718623445 0.0021320284999051353 0.011494198282404493 -0.0014811450917221291 0.039701097583165396 -0.0051285186105153781 0.017848004990987279 0.032876929488371724 -0.0037176075977859674 0.030341947198875494 -0.0010063499490796685 0.0030531906005780117 0.0063272526208311324 0.0075594919375502143 0.052986468840390447 -0.0071981181949377056 -0.02274958534941178 -0.013440815020800549 0.025839012067040635 -0.022341100090061843 -0.012059735828895392 0.01096887944970662 -0.0034931572926862001
leaf_weight=37114 8240 1743 195 2137 244 336 734 208 3035 24 71 20 22 37 33 27 31 1680 183 55 26 24 45 51 69 36 23 194 117 444
leaf_count=37114 8240 1743 195 2137 244 336 734 208 3035 24 71 20 22 37 33 27 31 1680 183 55 26 24 45 51 69 36 23 194 117 444
internal_value=-2.59327e-12 0.000162928 0.000280361 0.00087709 0.00159738 -0.000671935 0.00102158 -0.00389708 0.00264059 0.00648009 0.0125469 0.0206262 0.0157971 0.00514088 0.0238737 0.00529377 0.0144866 -0.000101243 -0.00132952 0.00264406 0.00869938 0.0293644 -0.000918797 -0.00565507 -0.000891028 0.00670489 -0.00212624 -0.00240777 0.00592249 -0.00609804
internal_weight=57198 20084 18341 7154 5017 1580 1036 544 3437 402 207 99 79 108 57 302 58 11187 2947 629 233 50 396 234 183 114 78 2318 162 638
internal_count=57198 20084 18341 7154 5017 1580 1036 544 3437 402 207 99 79 108 57 302 58 11187 2947 629 233 50 396 234 183 114 78 2318 162 638
is_linear=0
shrinkage=0.05


end of trees

feature_importances:
Column_4=1105
Column_0=1089
Column_5=876
Column_2=807
Column_3=563
Column_1=528
Column_6=271
Column_8=231
Column_7=201
Column_9=169
Column_11=90
Column_12=70

parameters:
[boosting: gbdt]
[objective: regression]
[metric: rmse]
[tree_learner: serial]
[device_type: cpu]
[data_sample_strategy: bagging]
[data: ]
[valid: ]
[num_iterations: 200]
[learning_rate: 0.05]
[num_leaves: 31]
[num_threads: 0]
[seed: 0]
[deterministic: 0]
[force_col_wise: 0]
[force_row_wise: 0]
[histogram_pool_size: -1]
[max_depth: -1]
[min_data_in_leaf: 20]
[min_sum_hessian_in_leaf: 0.001]
[bagging_fraction: 1]
[pos_bagging_fraction: 1]
[neg_bagging_fraction: 1]
[bagging_freq: 0]
[bagging_seed: 3]
[bagging_by_query: 0]
[feature_fraction: 0.9]
[feature_fraction_bynode: 1]
[feature_fraction_seed: 2]
[extra_trees: 0]
[extra_seed: 6]
[early_stopping_round: 0]
[early_stopping_min_delta: 0]
[first_metric_only: 0]
[max_delta_step: 0]
[lambda_l1: 0]
[lambda_l2: 0]
[linear_lambda: 0]
[min_gain_to_split: 0]
[drop_rate: 0.1]
[max_drop: 50]
[skip_drop: 0.5]
[xgboost_dart_mode: 0]
[uniform_drop: 0]
[drop_seed: 4]
[top_rate: 0.2]
[other_rate: 0.1]
[min_data_per_group: 100]
[max_cat_threshold: 32]
[cat_l2: 10]
[cat_smooth: 10]
[max_cat_to_onehot: 4]
[top_k: 20]
[monotone_constraints: 0,0,0,0,0,0,0,0,0,0,0,0,0]
[monotone_constraints_method: basic]
[monotone_penalty: 0]
[feature_contri: ]
[forcedsplits_filename: ]
[refit_decay_rate: 0.9]
[cegb_tradeoff: 1]
[cegb_penalty_split: 0]
[cegb_penalty_feature_lazy: ]
[cegb_penalty_feature_coupled: ]
[path_smooth: 0]
[interaction_constraints: ]
[verbosity: -1]
[saved_feature_importance_type: 0]
[use_quantized_grad: 0]
[num_grad_quant_bins: 4]
[quant_train_renew_leaf: 0]
[stochastic_rounding: 1]
[linear_tree: 0]
[max_bin: 255]
[max_bin_by_feature: ]
[min_data_in_bin: 3]
[bin_construct_sample_cnt: 200000]
[data_random_seed: 1]
[is_enable_sparse: 1]
[enable_bundle: 1]
[use_missing: 1]
[zero_as_missing: 0]
[feature_pre_filter: 1]
[pre_partition: 0]
[two_round: 0]
[header: 0]
[label_column: ]
[weight_column: ]
[group_column: ]
[ignore_column: ]
[categorical_feature: ]
[forcedbins_filename: ]
[precise_float_parser: 0]
[parser_config_file: ]
[objective_seed: 5]
[num_class: 1]
[is_unbalance: 0]
[scale_pos_weight: 1]
[sigmoid: 1]
[boost_from_average: 1]
[reg_sqrt: 0]
[alpha: 0.9]
[fair_c: 1]
[poisson_max_delta_step: 0.7]
[tweedie_variance_power: 1.5]
[lambdarank_truncation_level: 30]
[lambdarank_norm: 1]
[label_gain: ]
[lambdarank_position_bias_regularization: 0]
[eval_at: ]
[multi_error_top_k: 1]
[auc_mu_weights: ]
[num_machines: 1]
[local_listen_port: 12400]
[time_out: 120]
[machine_list_filename: ]
[machines: ]
[gpu_platform_id: -1]
[gpu_device_id: -1]
[gpu_use_dp: 0]
[num_gpu: 1]

end of parameters

pandas_categorical:null
